"id","region_id","experiment_id","start_datetime","stop_datetime","status","Sex","Genotype","Temperature","Treatment","Environment","Light","monitor","Batch","Sleep_Fraction_All","Sleep_Time_All","Sleep_Fraction_L","Sleep_Time_L","Sleep_Fraction_D","Sleep_Time_D","Day1_latency","Day1_first_bout_length","Day1_latency_to_longest_bout","Day1_Sleep_Fraction_All","Day1_Sleep_Time_All","Day1_Sleep_Fraction_L","Day1_Sleep_Time_L","Day1_Sleep_Fraction_D","Day1_Sleep_Time_D","Day2_latency","Day2_first_bout_length","Day2_latency_to_longest_bout","Day2_Sleep_Fraction_All","Day2_Sleep_Time_All","Day2_Sleep_Fraction_L","Day2_Sleep_Time_L","Day2_Sleep_Fraction_D","Day2_Sleep_Time_D","Day3_latency","Day3_first_bout_length","Day3_latency_to_longest_bout","Day3_Sleep_Fraction_All","Day3_Sleep_Time_All","Day3_Sleep_Fraction_L","Day3_Sleep_Time_L","Day3_Sleep_Fraction_D","Day3_Sleep_Time_D","Day4_latency","Day4_first_bout_length","Day4_latency_to_longest_bout","Day4_Sleep_Fraction_All","Day4_Sleep_Time_All","Day4_Sleep_Fraction_L","Day4_Sleep_Time_L","Day4_Sleep_Fraction_D","Day4_Sleep_Time_D","Day5_latency","Day5_first_bout_length","Day5_latency_to_longest_bout","Day5_Sleep_Fraction_All","Day5_Sleep_Time_All","Day5_Sleep_Fraction_L","Day5_Sleep_Time_L","Day5_Sleep_Fraction_D","Day5_Sleep_Time_D","Day6_latency","Day6_first_bout_length","Day6_latency_to_longest_bout","Day6_Sleep_Fraction_All","Day6_Sleep_Time_All","Day6_Sleep_Fraction_L","Day6_Sleep_Time_L","Day6_Sleep_Fraction_D","Day6_Sleep_Time_D","n_Bouts_L","mean_Bout_Length_L","n_Bouts_D","mean_Bout_Length_D"
"2026-02-14 10:00:00|Monitor39.txt|01",1,"2026-02-14 10:00:00|Monitor39.txt",2026-02-14T10:00:00Z,2026-02-20T10:30:00Z,"OK","M","CS","21.5C","Winter","NA","08:12","M39","Batch25_DGRP",0.648651776414767,934.058558037264,0.577924331829226,277.403679278028,0.684027777777778,656.666666666667,360,780,51480,0.58501040943789,842.414989590562,0.474012474012474,227.525987525988,0.640625,615,120,780,44100,0.675225537820958,972.324774462179,0.642411642411642,308.357588357588,0.691666666666667,664,420,300,42480,0.704371963913949,1014.29562803609,0.727650727650728,349.272349272349,0.692708333333333,665,1260,600,57060,0.630811936155448,908.369188063845,0.559251559251559,268.440748440748,0.666666666666667,640,3240,300,46980,0.616932685634976,888.383067314365,0.449064449064449,215.550935550936,0.701041666666667,673,240,360,41820,0.678001387925052,976.321998612075,0.611226611226611,293.388773388773,0.711458333333333,683,28.8333333333333,20.2832369942197,19.8333333333333,41.8235294117647
"2026-02-14 10:00:00|Monitor39.txt|02",2,"2026-02-14 10:00:00|Monitor39.txt",2026-02-14T10:00:00Z,2026-02-20T10:30:00Z,"OK","M","CS","21.5C","Winter","NA","08:12","M39","Batch25_DGRP",0.617289665547969,888.897118389075,0.68552585907671,329.052412356821,0.583159722222222,559.833333333333,0,360,48840,0.686328938237335,988.313671061763,0.808731808731809,388.191268191268,0.625,600,960,480,42240,0.67175572519084,967.328244274809,0.752598752598753,361.247401247401,0.63125,606,600,1980,19740,0.595419847328244,857.404580152672,0.700623700623701,336.299376299376,0.542708333333333,521,360,300,39480,0.555863983344899,800.444136016655,0.553014553014553,265.446985446986,0.557291666666667,535,420,360,40440,0.58501040943789,842.414989590562,0.663201663201663,318.336798336798,0.545833333333333,524,960,540,66000,0.60999306037474,878.390006939625,0.636174636174636,305.363825363825,0.596875,573,29,17.4942528735632,46.3333333333333,19.3381294964029
"2026-02-14 10:00:00|Monitor39.txt|03",3,"2026-02-14 10:00:00|Monitor39.txt",2026-02-14T10:00:00Z,2026-02-20T10:30:00Z,"OK","M","CS","21.5C","Winter","NA","08:12","M39","Batch25_DGRP",0.488369401689619,703.251938433052,0.423116973273169,203.096147171121,0.521006944444444,500.166666666667,0,600,55320,0.530187369882026,763.469812630118,0.609147609147609,292.390852390852,0.490625,471,1080,360,68760,0.553088133240805,796.446911866759,0.523908523908524,251.476091476092,0.567708333333333,545,420,300,54360,0.505204718945177,727.494795281055,0.41995841995842,201.580041580042,0.547916666666667,526,4800,360,38580,0.401110340041638,577.598889659958,0.324324324324324,155.675675675676,0.439583333333333,422,60,480,38940,0.484385843164469,697.515614156836,0.43035343035343,206.569646569647,0.511458333333333,491,1800,420,49320,0.455239417071478,655.544760582929,0.228690228690229,109.77130977131,0.56875,546,24.3333333333333,24.3287671232877,33.6666666666667,24.4950495049505
"2026-02-14 10:00:00|Monitor39.txt|04",4,"2026-02-14 10:00:00|Monitor39.txt",2026-02-14T10:00:00Z,2026-02-20T10:30:00Z,"OK","M","CS","21.5C","Winter","NA","08:12","M39","Batch25_DGRP",0.598773290128457,862.233537784979,0.508851093370358,244.248524817772,0.64375,618,960,1380,44340,0.632893823733518,911.367106176267,0.652806652806653,313.347193347193,0.622916666666667,598,1440,480,56460,0.671061762664816,966.328938237335,0.683991683991684,328.316008316008,0.664583333333333,638,1140,300,42120,0.562803608605135,810.437196391395,0.467775467775468,224.532224532225,0.610416666666667,586,2880,480,57300,0.529493407356003,762.470506592644,0.307692307692308,147.692307692308,0.640625,615,1080,360,40500,0.577376821651631,831.422623178349,0.436590436590437,209.56340956341,0.647916666666667,622,1320,1440,41400,0.618320610687023,890.381679389313,0.503118503118503,241.496881496882,0.676041666666667,649,28.3333333333333,22.8352941176471,17.6666666666667,43.877358490566
"2026-02-14 10:00:00|Monitor39.txt|05",5,"2026-02-14 10:00:00|Monitor39.txt",2026-02-14T10:00:00Z,2026-02-20T10:30:00Z,"OK","M","CS","21.5C","Winter","NA","08:12","M39","Batch25_DGRP",0.352274042356209,507.274620992941,0.298160360985769,143.116973273169,0.379340277777778,364.166666666667,360,480,69120,0.31089521165857,447.689104788341,0.282744282744283,135.717255717256,0.325,312,3240,660,70980,0.508674531575295,732.491325468425,0.397089397089397,190.602910602911,0.564583333333333,542,1380,420,68580,0.311589174184594,448.688410825815,0.295218295218295,141.704781704782,0.319791666666667,307,2520,300,52560,0.32824427480916,472.671755725191,0.158004158004158,75.8419958419959,0.413541666666667,397,3120,300,23700,0.282442748091603,406.717557251908,0.351351351351351,168.648648648649,0.247916666666667,238,780,360,52260,0.371963913948647,535.628036086051,0.305613305613306,146.694386694387,0.405208333333333,389,21.8333333333333,28.0229007633588,36.3333333333333,22.2889908256881
"2026-02-14 10:00:00|Monitor39.txt|06",6,"2026-02-14 10:00:00|Monitor39.txt",2026-02-14T10:00:00Z,2026-02-20T10:30:00Z,"OK","M","CS","21.5C","Winter","NA","08:12","M39","Batch25_DGRP",0.646221502140956,930.558963082976,0.548767788962166,263.40853870184,0.694965277777778,667.166666666667,300,360,41520,0.523247744621791,753.476752255378,0.424116424116424,203.575883575884,0.572916666666667,550,1140,540,51780,0.630811936155448,908.369188063845,0.525987525987526,252.474012474012,0.683333333333333,656,3780,2880,48060,0.728660652324775,1049.27133934768,0.785862785862786,377.214137214137,0.7,672,540,1080,51720,0.634975711311589,914.365024288688,0.442827442827443,212.557172557173,0.73125,702,1140,1020,40080,0.691880638445524,996.308119361555,0.575883575883576,276.424116424116,0.75,720,1200,720,58560,0.667591950034698,961.332408049965,0.538461538461538,258.461538461539,0.732291666666667,703,25.8333333333333,20.9290322580645,23,38.1739130434783
"2026-02-14 10:00:00|Monitor39.txt|07",7,"2026-02-14 10:00:00|Monitor39.txt",2026-02-14T10:00:00Z,2026-02-20T10:30:00Z,"OK","M","CS","21.5C","Winter","NA","08:12","M39","Batch25_DGRP",0.661150329822937,952.05647494503,0.629642485248178,302.228392919125,0.676909722222222,649.833333333333,0,300,43200,0.630117973629424,907.369882026371,0.525987525987526,252.474012474012,0.682291666666667,655,1500,1680,62580,0.682859125607217,983.317140874393,0.717255717255717,344.282744282744,0.665625,639,360,840,41760,0.684247050659264,985.315752949341,0.681912681912682,327.318087318087,0.685416666666667,658,420,1020,50040,0.663428174878557,955.336571825121,0.607068607068607,291.392931392931,0.691666666666667,664,600,600,67920,0.63705759888966,917.36294240111,0.62993762993763,302.370062370062,0.640625,615,540,420,42120,0.667591950034698,961.332408049965,0.611226611226611,293.388773388773,0.695833333333333,668,25.5,22.8104575163399,26.3333333333333,31.253164556962
"2026-02-14 10:00:00|Monitor39.txt|08",8,"2026-02-14 10:00:00|Monitor39.txt",2026-02-14T10:00:00Z,2026-02-20T10:30:00Z,"OK","M","CS","21.5C","Winter","NA","08:12","M39","Batch25_DGRP",0.735910195579215,1059.71068163407,0.737244012495661,353.877125997917,0.735243055555556,705.833333333333,1440,2040,40980,0.721027064538515,1038.27897293546,0.758835758835759,364.241164241164,0.702083333333333,674,540,1020,51720,0.750173490631506,1080.24982650937,0.837837837837838,402.162162162162,0.70625,678,1380,1980,38580,0.731436502428869,1053.26856349757,0.717255717255717,344.282744282744,0.738541666666667,709,360,1800,41940,0.74323386537127,1070.25676613463,0.74012474012474,355.259875259875,0.744791666666667,715,480,480,44280,0.755725190839695,1088.24427480916,0.754677754677755,362.245322245322,0.75625,726,1380,1020,46740,0.712699514226232,1026.28730048577,0.611226611226611,293.388773388773,0.763541666666667,733,24.1666666666667,22.7241379310345,19.5,43.9401709401709
"2026-02-14 10:00:00|Monitor39.txt|09",9,"2026-02-14 10:00:00|Monitor39.txt",2026-02-14T10:00:00Z,2026-02-20T10:30:00Z,"OK","M","CS","21.5C","Winter","NA","08:12","M39","Batch25_DGRP",0.612429117000347,881.8979284805,0.608122179798681,291.898646303367,0.614583333333333,590,0,1140,64920,0.628730048577377,905.371269951423,0.615384615384615,295.384615384615,0.635416666666667,610,120,900,42780,0.653018736988203,940.346981263012,0.538461538461538,258.461538461539,0.710416666666667,682,840,1020,63900,0.64677307425399,931.353226925746,0.648648648648649,311.351351351351,0.645833333333333,620,240,660,44040,0.620402498265094,893.379597501735,0.650727650727651,312.349272349272,0.605208333333333,581,1260,600,53220,0.580152671755725,835.419847328244,0.615384615384615,295.384615384615,0.5625,540,600,360,73920,0.545454545454545,785.454545454545,0.58004158004158,278.419958419958,0.528125,507,31.6666666666667,15.5473684210526,30.6666666666667,29.7445652173913
"2026-02-14 10:00:00|Monitor39.txt|10",10,"2026-02-14 10:00:00|Monitor39.txt",2026-02-14T10:00:00Z,2026-02-20T10:30:00Z,"OK","M","CS","21.5C","Winter","NA","08:12","M39","Batch25_DGRP",0.614859391274158,885.397523434788,0.545643873654981,261.909059354391,0.649479166666667,623.5,0,300,67860,0.60999306037474,878.390006939625,0.56964656964657,273.430353430353,0.630208333333333,605,0,1380,66600,0.666897987508675,960.333102012491,0.69022869022869,331.309771309771,0.655208333333333,629,960,720,52500,0.636363636363636,916.363636363636,0.538461538461538,258.461538461539,0.685416666666667,658,120,480,60240,0.544066620402498,783.455933379598,0.413721413721414,198.586278586279,0.609375,585,1020,720,60420,0.650242886884108,936.349757113116,0.553014553014553,265.446985446986,0.698958333333333,671,1320,420,68940,0.581540596807772,837.418459403192,0.509355509355509,244.490644490645,0.617708333333333,593,35,14.7333333333333,32.3333333333333,27.6288659793815
"2026-02-14 10:00:00|Monitor39.txt|12",12,"2026-02-14 10:00:00|Monitor39.txt",2026-02-14T10:00:00Z,2026-02-20T10:30:00Z,"OK","M","CS","21.5C","Winter","NA","08:12","M39","Batch25_DGRP",0.440921189677121,634.926513135054,0.530024297119056,254.411662617147,0.396354166666667,380.5,0,1320,4440,0.346981263011797,499.653018736988,0.457380457380458,219.54261954262,0.291666666666667,280,480,960,79260,0.365718251214434,526.634281748786,0.303534303534304,145.696465696466,0.396875,381,180,420,62100,0.428868841082582,617.571131158918,0.53014553014553,254.469854469854,0.378125,363,1380,420,70740,0.453851492019431,653.546148507981,0.58004158004158,278.419958419958,0.390625,375,1140,2040,57900,0.541984732824428,780.458015267176,0.661122661122661,317.338877338877,0.482291666666667,463,1260,600,72780,0.508674531575295,732.491325468425,0.648648648648649,311.351351351351,0.438541666666667,421,30.1666666666667,21.0994475138122,36.3333333333333,21.5504587155963
"2026-02-14 10:00:00|Monitor39.txt|13",13,"2026-02-14 10:00:00|Monitor39.txt",2026-02-14T10:00:00Z,2026-02-20T10:30:00Z,"OK","M","CS","21.5C","Winter","NA","08:12","M39","Batch25_DGRP",0.808702696447171,1164.53188288393,0.833044081916001,399.861159319681,0.796527777777778,764.666666666667,0,3600,47460,0.871616932685635,1255.12838306731,0.948024948024948,455.051975051975,0.833333333333333,800,3000,480,44340,0.84177654406662,1212.15822345593,0.871101871101871,418.128898128898,0.827083333333333,794,1680,900,43440,0.793199167244969,1142.20680083276,0.821205821205821,394.178794178794,0.779166666666667,748,540,720,44280,0.782095766828591,1126.21790423317,0.812889812889813,390.18711018711,0.766666666666667,736,1320,540,43140,0.789035392088827,1136.21096460791,0.754677754677755,362.245322245322,0.80625,774,240,360,47760,0.774462179042332,1115.22553782096,0.79002079002079,379.209979209979,0.766666666666667,736,19.5,23.0769230769231,35.1666666666667,27.0995260663507
"2026-02-14 10:00:00|Monitor39.txt|14",14,"2026-02-14 10:00:00|Monitor39.txt",2026-02-14T10:00:00Z,2026-02-20T10:30:00Z,"OK","M","CS","21.5C","Winter","NA","08:12","M39","Batch25_DGRP",0.740655016780465,1066.54322416387,0.738285317598056,354.376952447067,0.741840277777778,712.166666666667,0,1500,58500,0.719639139486468,1036.28036086051,0.694386694386694,333.305613305613,0.732291666666667,703,1920,360,68940,0.728660652324775,1049.27133934768,0.79002079002079,379.209979209979,0.697916666666667,670,1020,1500,58680,0.693268563497571,998.306731436502,0.62993762993763,302.370062370062,0.725,696,840,780,43800,0.799444829979181,1151.20055517002,0.808731808731809,388.191268191268,0.794791666666667,763,360,480,49980,0.730048577376822,1051.26995142262,0.727650727650728,349.272349272349,0.73125,702,180,480,37320,0.771686328938237,1111.22831367106,0.775467775467775,372.224532224532,0.769791666666667,739,28.1666666666667,17.6508875739645,27.8333333333333,32.4251497005988
"2026-02-14 10:00:00|Monitor39.txt|17",17,"2026-02-14 10:00:00|Monitor39.txt",2026-02-14T10:00:00Z,2026-02-20T10:30:00Z,"OK","M","CS","21.5C","Winter","NA","08:12","M39","Batch25_DGRP",0.675153338733943,972.220807776878,0.538007636237418,258.24366539396,0.74375,714,0,300,49920,0.636363636363636,916.363636363636,0.557172557172557,267.442827442828,0.676041666666667,649,540,360,48240,0.677307425399028,975.322692574601,0.538461538461538,258.461538461539,0.746875,717,120,1320,39120,0.649548924358085,935.350451075642,0.517671517671518,248.482328482328,0.715625,687,480,300,37020,0.607217210270645,874.392782789729,0.446985446985447,214.553014553015,0.6875,660,660,420,44100,0.709923664122137,1022.29007633588,0.505197505197505,242.494802494803,0.8125,780,780,360,38520,0.769604441360167,1108.23039555864,0.661122661122661,317.338877338877,0.823958333333333,791,36.5,13.4794520547945,21.1666666666667,43.1259842519685
"2026-02-14 10:00:00|Monitor39.txt|18",18,"2026-02-14 10:00:00|Monitor39.txt",2026-02-14T10:00:00Z,2026-02-20T10:30:00Z,"OK","M","CS","21.5C","Winter","NA","08:12","M39","Batch25_DGRP",0.480268487443583,691.58662191876,0.379035057271781,181.936827490455,0.530902777777778,509.666666666667,3420,300,56280,0.568355308813324,818.431644691187,0.482328482328482,231.517671517672,0.611458333333333,587,5760,420,40200,0.55794587092297,803.442054129077,0.432432432432432,207.567567567568,0.620833333333333,596,4740,300,39000,0.473282442748092,681.526717557252,0.446985446985447,214.553014553015,0.486458333333333,467,3240,300,69420,0.423317140874393,609.576682859126,0.32016632016632,153.679833679834,0.475,456,3180,480,61080,0.439972241498959,633.560027758501,0.282744282744283,135.717255717256,0.51875,498,3060,420,63960,0.41707147814018,600.58292852186,0.305613305613306,146.694386694387,0.472916666666667,454,25.3333333333333,17.7039473684211,43.1666666666667,22.2702702702703
"2026-02-14 10:00:00|Monitor39.txt|19",19,"2026-02-14 10:00:00|Monitor39.txt",2026-02-14T10:00:00Z,2026-02-20T10:30:00Z,"OK","M","CS","21.5C","Winter","NA","08:12","M39","Batch25_DGRP",0.705705358176137,1016.21571577364,0.692814994793475,332.551197500868,0.712152777777778,683.666666666667,0,360,52800,0.626648160999306,902.373351839001,0.58004158004158,278.419958419958,0.65,624,180,2760,41940,0.656488549618321,945.343511450382,0.650727650727651,312.349272349272,0.659375,633,3600,3060,41400,0.785565579458709,1131.21443442054,0.775467775467775,372.224532224532,0.790625,759,4140,480,41280,0.732824427480916,1055.26717557252,0.744282744282744,357.255717255717,0.727083333333333,698,1200,300,40980,0.704371963913949,1014.29562803609,0.64033264033264,307.359667359667,0.736458333333333,707,1140,1980,56280,0.728660652324775,1049.27133934768,0.767151767151767,368.232848232848,0.709375,681,24.8333333333333,18.9597315436242,28.5,32.6666666666667
"2026-02-14 10:00:00|Monitor39.txt|20",20,"2026-02-14 10:00:00|Monitor39.txt",2026-02-14T10:00:00Z,2026-02-20T10:30:00Z,"OK","M","CS","21.5C","Winter","NA","08:12","M39","Batch25_DGRP",0.568336998032635,818.405277166995,0.408191600138841,195.931968066644,0.6484375,622.5,600,840,40620,0.505898681471201,728.494101318529,0.355509355509356,170.644490644491,0.58125,558,6900,300,43860,0.625260235947259,900.374739764053,0.486486486486487,233.513513513514,0.694791666666667,667,240,360,45480,0.531575294934074,765.468424705066,0.432432432432432,207.567567567568,0.58125,558,180,840,38880,0.507286606523248,730.492713393477,0.24948024948025,119.75051975052,0.636458333333333,611,360,420,42780,0.581540596807772,837.418459403192,0.363825363825364,174.636174636175,0.690625,663,2040,420,38640,0.656488549618321,945.343511450382,0.557172557172557,267.442827442828,0.70625,678,30.6666666666667,17.7173913043478,22.1666666666667,39.2481203007519
"2026-02-14 10:00:00|Monitor39.txt|21",21,"2026-02-14 10:00:00|Monitor39.txt",2026-02-14T10:00:00Z,2026-02-20T10:30:00Z,"OK","M","CS","21.5C","Winter","NA","08:12","M39","Batch25_DGRP",0.666936697141535,960.38884388381,0.662270045123221,317.889621659146,0.669270833333333,642.5,660,900,63660,0.617626648160999,889.382373351839,0.648648648648649,311.351351351351,0.602083333333333,578,1560,960,40440,0.776544066620403,1118.22345593338,0.796257796257796,382.203742203742,0.766666666666667,736,1440,1860,42480,0.64677307425399,931.353226925746,0.617463617463617,296.382536382536,0.661458333333333,635,360,600,45240,0.614850798056905,885.385149201943,0.53014553014553,254.469854469854,0.657291666666667,631,540,1140,48720,0.67175572519084,967.328244274809,0.721413721413721,346.278586278586,0.646875,621,1260,360,43560,0.675225537820958,972.324774462179,0.663201663201663,318.336798336798,0.68125,654,30.6666666666667,17.9184782608696,24.1666666666667,35.3103448275862
"2026-02-14 10:00:00|Monitor39.txt|22",22,"2026-02-14 10:00:00|Monitor39.txt",2026-02-14T10:00:00Z,2026-02-20T10:30:00Z,"OK","M","CS","21.5C","Winter","NA","08:12","M39","Batch25_DGRP",0.488600856382363,703.585233190603,0.324887191947241,155.945852134675,0.570486111111111,547.666666666667,360,300,42660,0.481609993060375,693.51839000694,0.212058212058212,101.787941787942,0.616666666666667,592,2700,480,50100,0.546148507980569,786.453851492019,0.415800415800416,199.5841995842,0.611458333333333,587,4620,360,47460,0.519083969465649,747.480916030534,0.245322245322245,117.754677754678,0.65625,630,480,300,59940,0.494795281054823,712.505204718945,0.367983367983368,176.632016632017,0.558333333333333,536,360,360,45660,0.383067314365024,551.616932685635,0.367983367983368,176.632016632017,0.390625,375,1560,480,44760,0.506592643997224,729.493407356003,0.340956340956341,163.659043659044,0.589583333333333,566,29.3333333333333,22.1761363636364,29.8333333333333,25.4301675977654
"2026-02-14 10:00:00|Monitor39.txt|23",23,"2026-02-14 10:00:00|Monitor39.txt",2026-02-14T10:00:00Z,2026-02-20T10:30:00Z,"OK","M","CS","21.5C","Winter","NA","08:12","M39","Batch25_DGRP",0.617752574933457,889.563707904178,0.531412703922249,255.07809788268,0.6609375,634.5,180,480,48300,0.610687022900763,879.389312977099,0.503118503118503,241.496881496882,0.664583333333333,638,1440,480,51660,0.630811936155448,908.369188063845,0.665280665280665,319.334719334719,0.613541666666667,589,60,480,43920,0.60999306037474,878.390006939625,0.53014553014553,254.469854469854,0.65,624,0,960,42540,0.586398334489938,844.41360166551,0.399168399168399,191.600831600832,0.680208333333333,653,360,360,54780,0.620402498265094,893.379597501735,0.538461538461538,258.461538461539,0.661458333333333,635,2400,540,51120,0.647467036780014,932.35253296322,0.550935550935551,264.449064449064,0.695833333333333,668,33,18.2979797979798,26,31.025641025641
"2026-02-14 10:00:00|Monitor39.txt|24",24,"2026-02-14 10:00:00|Monitor39.txt",2026-02-14T10:00:00Z,2026-02-20T10:30:00Z,"OK","M","CS","21.5C","Winter","NA","08:12","M39","Batch25_DGRP",0.563360722138642,811.239439879644,0.478306143700104,229.58694897605,0.605902777777778,581.666666666667,4740,6660,43500,0.643997224149896,927.35600277585,0.67983367983368,326.320166320166,0.626041666666667,601,1080,300,41280,0.608605135322693,876.391394864677,0.528066528066528,253.471933471934,0.648958333333333,623,60,960,49380,0.634281748785566,913.365718251214,0.677754677754678,325.322245322245,0.6125,588,4320,300,38100,0.519083969465649,747.480916030534,0.424116424116424,203.575883575884,0.566666666666667,544,6720,1920,49140,0.474670367800139,683.5253296322,0.264033264033264,126.735966735967,0.580208333333333,557,3540,900,42000,0.498265093684941,717.501734906315,0.293139293139293,140.706860706861,0.601041666666667,577,20.5,25.4959349593496,17.5,51.2476190476191
"2026-02-14 10:00:00|Monitor39.txt|25",25,"2026-02-14 10:00:00|Monitor39.txt",2026-02-14T10:00:00Z,2026-02-20T10:30:00Z,"OK","M","CS","21.5C","Winter","NA","08:12","M39","Batch25_DGRP",0.691239439879644,995.384793426687,0.653939604304061,313.891010065949,0.709895833333333,681.5,0,1980,57000,0.713393476752255,1027.28660652325,0.683991683991684,328.316008316008,0.728125,699,600,420,37860,0.732824427480916,1055.26717557252,0.821205821205821,394.178794178794,0.688541666666667,661,1440,960,51960,0.675225537820958,972.324774462179,0.511434511434512,245.488565488566,0.757291666666667,727,300,900,53160,0.648160999306037,933.351839000694,0.588357588357588,282.411642411642,0.678125,651,1140,480,65400,0.686328938237335,988.313671061763,0.575883575883576,276.424116424116,0.741666666666667,712,60,1800,22620,0.690492713393477,994.309507286606,0.74012474012474,355.259875259875,0.665625,639,28.6666666666667,17.3720930232558,44.8333333333333,20.0260223048327
"2026-02-14 10:00:00|Monitor39.txt|26",26,"2026-02-14 10:00:00|Monitor39.txt",2026-02-14T10:00:00Z,2026-02-20T10:30:00Z,"OK","M","CS","21.5C","Winter","NA","08:12","M39","Batch25_DGRP",0.621687304710103,895.229718782549,0.682054842068726,327.386324192989,0.591493055555556,567.833333333333,0,360,42840,0.582234559333796,838.417765440666,0.555093555093555,266.444906444906,0.595833333333333,572,0,780,42420,0.68147120055517,981.318528799445,0.738045738045738,354.261954261954,0.653125,627,480,900,66840,0.604441360166551,870.395558639834,0.656964656964657,315.343035343035,0.578125,555,480,2040,41220,0.643303261623872,926.356696738376,0.702702702702703,337.297297297297,0.613541666666667,589,1860,840,42120,0.684247050659264,985.315752949341,0.721413721413721,346.278586278586,0.665625,639,840,4320,67560,0.535045107564192,770.464954892436,0.719334719334719,345.280665280665,0.442708333333333,425,27.8333333333333,23.0179640718563,29.3333333333333,25.875
"2026-02-14 10:00:00|Monitor39.txt|27",27,"2026-02-14 10:00:00|Monitor39.txt",2026-02-14T10:00:00Z,2026-02-20T10:30:00Z,"OK","M","CS","21.5C","Winter","NA","08:12","M39","Batch25_DGRP",0.538247887975929,775.076958685337,0.457827143353002,219.757028809441,0.578472222222222,555.333333333333,1560,720,41280,0.594725884802221,856.405274115198,0.654885654885655,314.345114345114,0.564583333333333,542,480,600,43200,0.522553782095767,752.477446217904,0.536382536382536,257.463617463618,0.515625,495,840,720,49620,0.553782095766829,797.446217904233,0.51975051975052,249.48024948025,0.570833333333333,548,1860,540,52980,0.558639833448994,804.441360166551,0.357588357588358,171.642411642412,0.659375,633,300,420,53760,0.522553782095767,752.477446217904,0.444906444906445,213.555093555094,0.561458333333333,539,1380,360,57360,0.477446217904233,687.522553782096,0.234927234927235,112.765072765073,0.598958333333333,575,37,14.3063063063063,32.3333333333333,27.2835051546392
"2026-02-14 10:00:00|Monitor39.txt|28",28,"2026-02-14 10:00:00|Monitor39.txt",2026-02-14T10:00:00Z,2026-02-20T10:30:00Z,"OK","M","CS","21.5C","Winter","NA","08:12","M39","Batch25_DGRP",0.498553408170351,717.916907765305,0.581395348837209,279.069767441861,0.457118055555556,438.833333333333,0,840,56520,0.51353226925746,739.486467730743,0.706860706860707,339.293139293139,0.416666666666667,400,1200,480,44520,0.616238723108952,887.383761276891,0.841995841995842,404.158004158004,0.503125,483,660,300,44760,0.523941707147814,754.476058292852,0.532224532224532,255.467775467776,0.519791666666667,499,1260,1680,48360,0.48646773074254,700.513532269257,0.467775467775468,224.532224532225,0.495833333333333,476,60,780,53460,0.444136016655101,639.555863983345,0.478170478170478,229.52182952183,0.427083333333333,410,300,1080,52320,0.40735600277585,586.592643997224,0.461538461538462,221.538461538462,0.380208333333333,365,27.8333333333333,23.7305389221557,24.6666666666667,30.4527027027027
"2026-02-14 10:00:00|Monitor39.txt|29",29,"2026-02-14 10:00:00|Monitor39.txt",2026-02-14T10:00:00Z,2026-02-20T10:30:00Z,"OK","M","CS","21.5C","Winter","NA","08:12","M39","Batch25_DGRP",0.56625390579794,815.405624349034,0.518917042693509,249.080180492884,0.589930555555556,566.333333333333,0,900,70740,0.419847328244275,604.580152671756,0.46985446985447,225.530145530146,0.394791666666667,379,780,300,43560,0.524635669673838,755.475364330326,0.438669438669439,210.561330561331,0.567708333333333,545,180,2160,40740,0.645385149201943,929.354614850798,0.665280665280665,319.334719334719,0.635416666666667,610,180,660,41820,0.608605135322693,876.391394864677,0.509355509355509,244.490644490645,0.658333333333333,632,0,360,41220,0.638445523941707,919.361554476058,0.638253638253638,306.361746361746,0.638541666666667,613,840,540,42420,0.560721721027065,807.439278278973,0.392931392931393,188.607068607069,0.644791666666667,619,32.6666666666667,18.5459183673469,27.5,29.2060606060606
"2026-02-14 10:00:00|Monitor39.txt|30",30,"2026-02-14 10:00:00|Monitor39.txt",2026-02-14T10:00:00Z,2026-02-20T10:30:00Z,"OK","M","CS","21.5C","Winter","NA","08:12","M39","Batch25_DGRP",0.714037727114917,1028.21432704548,0.699409927108643,335.716765012149,0.721354166666667,692.5,120,600,38880,0.674531575294934,971.325468424705,0.681912681912682,327.318087318087,0.670833333333333,644,540,600,37080,0.738376127689105,1063.26162387231,0.731808731808732,351.268191268191,0.741666666666667,712,240,300,38100,0.68147120055517,981.318528799445,0.550935550935551,264.449064449064,0.746875,717,2400,960,41400,0.68147120055517,981.318528799445,0.748440748440749,359.251559251559,0.647916666666667,622,660,300,40080,0.745315752949341,1073.25468424705,0.767151767151767,368.232848232848,0.734375,705,780,480,38160,0.762664816099931,1098.2373351839,0.715176715176715,343.284823284823,0.786458333333333,755,26.6666666666667,20.65625,18.6666666666667,46.3482142857143
"2026-02-14 10:00:00|Monitor39.txt|31",31,"2026-02-14 10:00:00|Monitor39.txt",2026-02-14T10:00:00Z,2026-02-20T10:30:00Z,"OK","M","CS","21.5C","Winter","NA","08:12","M39","Batch25_DGRP",0.783011225552598,1127.53616479574,0.824713641096841,395.862547726484,0.762152777777778,731.666666666667,0,420,41640,0.743927827897294,1071.2560721721,0.804573804573805,386.195426195426,0.713541666666667,685,1980,720,42360,0.771686328938237,1111.22831367106,0.877338877338877,421.122661122661,0.71875,690,180,600,41400,0.804302567661346,1158.19569743234,0.896049896049896,430.10395010395,0.758333333333333,728,3960,16920,40800,0.825815405968078,1189.17418459403,0.883575883575884,424.116424116424,0.796875,765,1140,1080,39300,0.799444829979181,1151.20055517002,0.831600831600832,399.168399168399,0.783333333333333,752,60,660,41700,0.752255378209577,1083.24774462179,0.652806652806653,313.347193347193,0.802083333333333,770,11.3333333333333,50.4558823529412,14.6666666666667,57.9204545454545
"2026-02-14 10:00:00|Monitor39.txt|32",32,"2026-02-14 10:00:00|Monitor39.txt",2026-02-14T10:00:00Z,2026-02-20T10:30:00Z,"OK","M","CS","21.5C","Winter","NA","08:12","M39","Batch25_DGRP",0.716468001388728,1031.71392199977,0.70218674071503,337.049635543214,0.723611111111111,694.666666666667,0,3480,43680,0.741845940319223,1068.25815405968,0.808731808731809,388.191268191268,0.708333333333333,680,1560,360,61380,0.761276891047884,1096.23872310895,0.769230769230769,369.230769230769,0.757291666666667,727,600,3420,42120,0.698126301179736,1005.30187369882,0.673596673596674,323.326403326403,0.710416666666667,682,180,1080,52260,0.698126301179736,1005.30187369882,0.654885654885655,314.345114345114,0.719791666666667,691,1440,360,44760,0.690492713393477,994.309507286606,0.600831600831601,288.399168399168,0.735416666666667,706,120,360,47220,0.709229701596114,1021.2907702984,0.706860706860707,339.293139293139,0.710416666666667,682,23,22.9202898550725,17.5,50.5333333333334
"2026-02-14 10:00:00|Monitor40.txt|02",2,"2026-02-14 10:00:00|Monitor40.txt",2026-02-14T10:00:00Z,2026-02-20T10:30:00Z,"OK","M","DGRP382","21.5C","Winter","NA","08:12","M40","Batch25_DGRP",0.913551672260155,1315.51440805462,0.86463033668865,415.022561610552,0.938020833333333,900.5,420,13740,28080,0.898681471200555,1294.1013185288,0.877338877338877,421.122661122661,0.909375,873,9720,16020,37380,0.935461485079806,1347.06453851492,0.991683991683992,476.008316008316,0.907291666666667,871,1560,300,83880,0.868147120055517,1250.13185287994,0.817047817047817,392.182952182952,0.89375,858,19980,780,57240,0.936155447605829,1348.06384455239,0.841995841995842,404.158004158004,0.983333333333333,944,6120,3960,46980,0.90353920888272,1301.09646079112,0.817047817047817,392.182952182952,0.946875,909,360,1380,54480,0.9382373351839,1351.06176266482,0.83991683991684,403.160083160083,0.9875,948,13.8333333333333,35.3253012048193,18.3333333333333,50.5
"2026-02-14 10:00:00|Monitor40.txt|04",4,"2026-02-14 10:00:00|Monitor40.txt",2026-02-14T10:00:00Z,2026-02-20T10:30:00Z,"OK","M","DGRP382","21.5C","Winter","NA","08:12","M40","Batch25_DGRP",0.88056937854415,1268.01990510358,0.805970149253731,386.865671641791,0.917881944444444,881.166666666667,0,19440,0,0.907009021512838,1306.09299097849,0.966735966735967,464.033264033264,0.877083333333333,842,1980,720,60300,0.895211658570437,1289.10478834143,0.846153846153846,406.153846153846,0.919791666666667,883,780,2820,73740,0.886884108258154,1277.11311589174,0.827442827442827,397.172557172557,0.916666666666667,880,2160,780,37920,0.916030534351145,1319.08396946565,0.883575883575884,424.116424116424,0.932291666666667,895,480,360,50760,0.833448993754337,1200.16655100625,0.627858627858628,301.372141372141,0.936458333333333,899,0,780,33300,0.844552394170715,1216.15544760583,0.683991683991684,328.316008316008,0.925,888,28.8333333333333,16.6705202312139,29.1666666666667,30.9714285714286
"2026-02-14 10:00:00|Monitor40.txt|06",6,"2026-02-14 10:00:00|Monitor40.txt",2026-02-14T10:00:00Z,2026-02-20T10:30:00Z,"OK","M","DGRP382","21.5C","Winter","NA","08:12","M40","Batch25_DGRP",0.85383636153223,1229.52436060641,0.678583825060743,325.720236029157,0.941493055555556,903.833333333333,900,660,5760,0.929909784871617,1339.07009021513,0.860706860706861,413.139293139293,0.964583333333333,926,600,2100,70320,0.869535045107564,1252.13046495489,0.727650727650728,349.272349272349,0.940625,903,4080,480,35040,0.834836918806385,1202.16516308119,0.602910602910603,289.397089397089,0.951041666666667,913,960,360,42060,0.800832755031228,1153.19916724497,0.528066528066528,253.471933471934,0.9375,900,540,420,39840,0.829979181124219,1195.17002081888,0.642411642411642,308.357588357588,0.923958333333333,887,2340,300,41700,0.85704371963914,1234.14295628036,0.708939708939709,340.29106029106,0.93125,894,26,17.8205128205128,18.5,50.6936936936937
"2026-02-14 10:00:00|Monitor40.txt|09",9,"2026-02-14 10:00:00|Monitor40.txt",2026-02-14T10:00:00Z,2026-02-20T10:30:00Z,"OK","M","DGRP382","21.5C","Winter","NA","08:12","M40","Batch25_DGRP",0.943177872931374,1358.17613702118,0.919472405414787,441.346754599098,0.955034722222222,916.833333333333,0,3300,11580,0.931991672449688,1342.06800832755,0.9002079002079,432.099792099792,0.947916666666667,910,6780,45420,6780,0.94795281054823,1365.05204718945,0.912681912681913,438.087318087318,0.965625,927,900,3420,23880,0.960444136016655,1383.03955586398,0.979209979209979,470.02079002079,0.951041666666667,913,1020,660,5520,0.937543372657876,1350.06245662734,0.929313929313929,446.070686070686,0.941666666666667,904,480,540,25860,0.941707147814018,1356.05829285219,0.896049896049896,430.10395010395,0.964583333333333,926,480,960,26220,0.937543372657876,1350.06245662734,0.893970893970894,429.106029106029,0.959375,921,6.16666666666667,180.675675675676,4,79.9166666666667
"2026-02-14 10:00:00|Monitor40.txt|11",11,"2026-02-14 10:00:00|Monitor40.txt",2026-02-14T10:00:00Z,2026-02-20T10:30:00Z,"OK","M","DGRP382","21.5C","Winter","NA","08:12","M40","Batch25_DGRP",0.886124291170004,1276.01897928481,0.74175633460604,356.043040610899,0.958333333333333,920,0,17160,54840,0.962526023594726,1386.03747397641,0.972972972972973,467.027027027027,0.957291666666667,919,4920,540,47340,0.815405968077724,1174.18459403192,0.505197505197505,242.494802494803,0.970833333333333,932,1740,960,37680,0.802914642609299,1156.19708535739,0.577962577962578,277.422037422037,0.915625,879,2280,900,26100,0.923664122137404,1330.07633587786,0.812889812889813,390.18711018711,0.979166666666667,940,4020,1320,40080,0.864677307425399,1245.13532269257,0.686070686070686,329.313929313929,0.954166666666667,916,600,960,49680,0.946564885496183,1363.0534351145,0.893970893970894,429.106029106029,0.972916666666667,934,17.5,30.5619047619048,17.6666666666667,49.0094339622641
"2026-02-14 10:00:00|Monitor40.txt|13",13,"2026-02-14 10:00:00|Monitor40.txt",2026-02-14T10:00:00Z,2026-02-20T10:30:00Z,"OK","M","DGRP382","21.5C","Winter","NA","08:12","M40","Batch25_DGRP",0.87107973614165,1254.35482004398,0.765359250260326,367.372440124957,0.923958333333333,887,0,720,40440,0.790423317140875,1138.20957668286,0.694386694386694,333.305613305613,0.838541666666667,805,360,2280,26580,0.871616932685635,1255.12838306731,0.727650727650728,349.272349272349,0.94375,906,840,360,52500,0.856349757113116,1233.14365024289,0.69022869022869,331.309771309771,0.939583333333333,902,300,360,36480,0.891741845940319,1284.10825815406,0.744282744282744,357.255717255717,0.965625,927,1200,6960,28140,0.9382373351839,1351.06176266482,0.893970893970894,429.106029106029,0.960416666666667,922,120,600,29580,0.878556557945871,1265.12144344205,0.844074844074844,405.155925155925,0.895833333333333,860,23.1666666666667,24.021582733813,23.1666666666667,36.5827338129496
"2026-02-14 10:00:00|Monitor40.txt|16",16,"2026-02-14 10:00:00|Monitor40.txt",2026-02-14T10:00:00Z,2026-02-20T10:30:00Z,"OK","M","DGRP382","21.5C","Winter","NA","08:12","M40","Batch25_DGRP",0.799213054044671,1150.86679782433,0.513016313779938,246.24783061437,0.942361111111111,904.666666666667,0,10740,40200,0.950034698126301,1368.04996530187,0.898128898128898,431.101871101871,0.976041666666667,937,1260,1740,27900,0.891047883414296,1283.10895211659,0.717255717255717,344.282744282744,0.978125,939,600,540,27240,0.813324080499653,1171.1866759195,0.521829521829522,250.47817047817,0.959375,921,720,360,33420,0.713393476752255,1027.28660652325,0.35966735966736,172.640332640333,0.890625,855,120,540,29280,0.709923664122137,1022.29007633588,0.293139293139293,140.706860706861,0.91875,882,960,300,27840,0.716863289382373,1032.28313671062,0.288981288981289,138.711018711019,0.93125,894,26.8333333333333,26.9130434782609,22.1666666666667,30.6466165413534
"2026-02-14 10:00:00|Monitor40.txt|25",25,"2026-02-14 10:00:00|Monitor40.txt",2026-02-14T10:00:00Z,2026-02-20T10:30:00Z,"OK","M","DGRP382","21.5C","Winter","NA","08:12","M40","Batch25_DGRP",0.80627242217336,1161.03228792964,0.64387365498091,309.059354390837,0.8875,852,0,15780,0,0.887578070784178,1278.11242192922,0.829521829521829,398.170478170478,0.916666666666667,880,60,13140,33720,0.907702984038862,1307.09229701596,0.846153846153846,406.153846153846,0.938541666666667,901,5160,8100,25800,0.865371269951423,1246.13462873005,0.804573804573805,386.195426195426,0.895833333333333,860,12720,720,37320,0.811936155447606,1169.18806384455,0.534303534303534,256.465696465697,0.951041666666667,913,2580,1020,40260,0.709229701596114,1021.2907702984,0.37006237006237,177.629937629938,0.879166666666667,844,1680,480,42300,0.65440666204025,942.34559333796,0.476091476091476,228.523908523909,0.74375,714,11,53.9242424242424,19.6666666666667,41.6864406779661
"2026-02-14 10:00:00|Monitor40.txt|26",26,"2026-02-14 10:00:00|Monitor40.txt",2026-02-14T10:00:00Z,2026-02-20T10:30:00Z,"OK","M","DGRP382","21.5C","Winter","NA","08:12","M40","Batch25_DGRP",0.863094549241986,1242.85615090846,0.782020131898646,375.36966331135,0.903645833333333,867.5,0,1200,48840,0.89382373351839,1287.10617626648,0.827442827442827,397.172557172557,0.927083333333333,890,13620,1860,26400,0.818875780707842,1179.18112421929,0.748440748440749,359.251559251559,0.854166666666667,820,480,480,36540,0.795975017349063,1146.20402498265,0.577962577962578,277.422037422037,0.905208333333333,869,1500,2520,30780,0.846634281748786,1219.15336571825,0.636174636174636,305.363825363825,0.952083333333333,914,240,3360,10380,0.946564885496183,1363.0534351145,0.983367983367983,472.016632016632,0.928125,891,1140,1440,24840,0.877168632893824,1263.12283136711,0.920997920997921,442.079002079002,0.855208333333333,821,11.5,60.7101449275362,18.6666666666667,38.625
"2026-02-14 10:00:00|Monitor40.txt|28",28,"2026-02-14 10:00:00|Monitor40.txt",2026-02-14T10:00:00Z,2026-02-20T10:30:00Z,"OK","M","DGRP382","21.5C","Winter","NA","08:12","M40","Batch25_DGRP",0.783937044323574,1128.86934382595,0.604651162790698,290.232558139535,0.873611111111111,838.666666666667,0,13140,84780,0.897293546148508,1292.10270645385,0.860706860706861,413.139293139293,0.915625,879,27900,11040,46140,0.898681471200555,1294.1013185288,0.844074844074844,405.155925155925,0.926041666666667,889,6060,6600,33840,0.792505204718945,1141.20749479528,0.494802494802495,237.505197505198,0.941666666666667,904,4200,4860,33960,0.767522553782096,1105.23247744622,0.67983367983368,326.320166320166,0.811458333333333,779,540,3480,30360,0.683553088133241,984.316446911867,0.471933471933472,226.528066528067,0.789583333333333,758,960,6120,29100,0.664816099930604,957.335183900069,0.280665280665281,134.719334719335,0.857291666666667,823,6,73.1111111111111,20.1666666666667,48.495867768595
"2026-02-14 10:00:00|Monitor40.txt|30",30,"2026-02-14 10:00:00|Monitor40.txt",2026-02-14T10:00:00Z,2026-02-20T10:30:00Z,"OK","M","DGRP382","21.5C","Winter","NA","08:12","M40","Batch25_DGRP",0.786830227982872,1133.03552829534,0.586254772648386,281.402290871225,0.887152777777778,851.666666666667,0,9960,25980,0.952116585704372,1371.0478834143,0.98960498960499,475.010395010395,0.933333333333333,896,540,420,39420,0.811936155447606,1169.18806384455,0.837837837837838,402.162162162162,0.798958333333333,767,1260,300,26280,0.791117279666898,1139.20888272033,0.507276507276507,243.492723492724,0.933333333333333,896,1440,480,29760,0.786953504510756,1133.21304649549,0.532224532224532,255.467775467776,0.914583333333333,878,180,300,28380,0.687022900763359,989.312977099237,0.268191268191268,128.731808731809,0.896875,861,900,2520,30120,0.6911866759195,995.30881332408,0.382536382536383,183.617463617464,0.845833333333333,812,17.6666666666667,38.6698113207547,29.5,24.1186440677966
"2026-02-14 10:00:00|Monitor40.txt|32",32,"2026-02-14 10:00:00|Monitor40.txt",2026-02-14T10:00:00Z,2026-02-20T10:30:00Z,"OK","M","DGRP382","21.5C","Winter","NA","08:12","M40","Batch25_DGRP",0.781969679435251,1126.03633838676,0.429711905588337,206.261714682402,0.958159722222222,919.833333333333,0,5820,40800,0.802914642609299,1156.19708535739,0.681912681912682,327.318087318087,0.863541666666667,829,1800,2400,35100,0.809854267869535,1166.19014573213,0.444906444906445,213.555093555094,0.992708333333333,953,1740,1200,26880,0.830673143650243,1196.16932685635,0.503118503118503,241.496881496882,0.994791666666667,955,2100,540,52260,0.737682165163081,1062.26231783484,0.35966735966736,172.640332640333,0.927083333333333,890,960,540,27960,0.734906315058987,1058.26509368494,0.239085239085239,114.760914760915,0.983333333333333,944,900,1080,32640,0.775850104094379,1117.22414989591,0.353430353430353,169.64656964657,0.9875,948,17.6666666666667,37.8584905660377,11.5,65.5507246376812
"2026-02-14 10:00:00|Monitor41.txt|02",2,"2026-02-14 10:00:00|Monitor41.txt",2026-02-14T10:00:00Z,2026-02-20T10:30:00Z,"OK","M","DGRP391","21.5C","Winter","NA","08:12","M41","Batch25_DGRP",0.686494618678394,988.552250896887,0.562651856994099,270.072891357168,0.7484375,718.5,3600,780,39960,0.480222068008328,691.519777931992,0.367983367983368,176.632016632017,0.536458333333333,515,5400,780,28140,0.661346287300486,952.338653712699,0.428274428274428,205.571725571726,0.778125,747,1080,360,38820,0.762664816099931,1098.2373351839,0.69022869022869,331.309771309771,0.798958333333333,767,2700,300,27660,0.716863289382373,1032.28313671062,0.586278586278586,281.413721413721,0.782291666666667,751,3960,3960,25680,0.718251214434421,1034.28174878557,0.586278586278586,281.413721413721,0.784375,753,120,1680,25740,0.777238029146426,1119.22276197085,0.711018711018711,341.288981288981,0.810416666666667,778,26.1666666666667,28.031847133758,15.8333333333333,43.4315789473684
"2026-02-14 10:00:00|Monitor41.txt|03",3,"2026-02-14 10:00:00|Monitor41.txt",2026-02-14T10:00:00Z,2026-02-20T10:30:00Z,"OK","M","DGRP391","21.5C","Winter","NA","08:12","M41","Batch25_DGRP",0.763916213401227,1100.03934729777,0.75633460603957,363.040610898993,0.767708333333333,737,0,1380,53940,0.69882026370576,1006.30117973629,0.656964656964657,315.343035343035,0.719791666666667,691,240,4200,69960,0.768216516308119,1106.23178348369,0.796257796257796,382.203742203742,0.754166666666667,724,0,420,65940,0.796668979875087,1147.20333102013,0.717255717255717,344.282744282744,0.836458333333333,803,2340,600,37440,0.776544066620403,1118.22345593338,0.69022869022869,331.309771309771,0.819791666666667,787,780,1680,36360,0.784177654406662,1129.21582234559,0.746361746361746,358.253638253638,0.803125,771,360,300,15600,0.759195003469813,1093.24080499653,0.931392931392931,447.068607068607,0.672916666666667,646,31.1666666666667,14.9625668449198,39.1666666666667,23.8170212765957
"2026-02-14 10:00:00|Monitor41.txt|04",4,"2026-02-14 10:00:00|Monitor41.txt",2026-02-14T10:00:00Z,2026-02-20T10:30:00Z,"OK","M","DGRP391","21.5C","Winter","NA","08:12","M41","Batch25_DGRP",0.688346256220345,991.218608957297,0.491843110031239,236.084692814995,0.786631944444444,755.166666666667,480,540,31680,0.807772380291464,1163.19222761971,0.66943866943867,321.330561330561,0.877083333333333,842,2940,360,58260,0.609299097848716,877.390700902151,0.311850311850312,149.68814968815,0.758333333333333,728,2580,360,33480,0.626648160999306,902.373351839001,0.438669438669439,210.561330561331,0.720833333333333,692,1080,420,70560,0.626648160999306,902.373351839001,0.449064449064449,215.550935550936,0.715625,687,240,360,61980,0.762664816099931,1098.2373351839,0.534303534303534,256.465696465697,0.877083333333333,842,1920,360,40140,0.695350451075642,1001.30464954892,0.544698544698545,261.455301455301,0.770833333333333,740,36.1666666666667,12.6774193548387,38.8333333333333,23.8798283261803
"2026-02-14 10:00:00|Monitor41.txt|05",5,"2026-02-14 10:00:00|Monitor41.txt",2026-02-14T10:00:00Z,2026-02-20T10:30:00Z,"OK","M","DGRP391","21.5C","Winter","NA","08:12","M41","Batch25_DGRP",0.429464182386298,618.428422636269,0.434224227698716,208.427629295384,0.427083333333333,410,0,300,59220,0.408049965301874,587.591950034698,0.536382536382536,257.463617463618,0.34375,330,660,300,70680,0.406662040249827,585.59333795975,0.382536382536383,183.617463617464,0.41875,402,180,900,73620,0.435808466342818,627.564191533657,0.492723492723493,236.507276507277,0.407291666666667,391,4560,480,9780,0.455239417071478,655.544760582929,0.449064449064449,215.550935550936,0.458333333333333,440,1080,300,39480,0.419847328244275,604.580152671756,0.301455301455301,144.698544698545,0.479166666666667,460,4320,660,40020,0.449687716863289,647.550312283137,0.438669438669439,210.561330561331,0.455208333333333,437,28.3333333333333,22.8823529411765,27.3333333333333,28.140243902439
"2026-02-14 10:00:00|Monitor41.txt|06",6,"2026-02-14 10:00:00|Monitor41.txt",2026-02-14T10:00:00Z,2026-02-20T10:30:00Z,"OK","M","DGRP391","21.5C","Winter","NA","08:12","M41","Batch25_DGRP",0.78370558963083,1128.5360490684,0.75216938562999,361.041305102395,0.799479166666667,767.5,0,1200,35280,0.827203331020125,1191.17279666898,0.613305613305613,294.386694386694,0.934375,897,2460,1320,36240,0.840388619014573,1210.15961138099,0.833679833679834,400.16632016632,0.84375,810,480,420,70680,0.7529493407356,1084.24705065926,0.769230769230769,369.230769230769,0.744791666666667,715,0,540,32700,0.864677307425399,1245.13532269257,0.796257796257796,382.203742203742,0.898958333333333,863,180,360,36900,0.742539902845246,1069.25746009715,0.767151767151767,368.232848232848,0.730208333333333,701,0,300,53460,0.674531575294934,971.325468424705,0.733887733887734,352.266112266112,0.644791666666667,619,28.5,17.0994152046784,44,20.5265151515152
"2026-02-14 10:00:00|Monitor41.txt|07",7,"2026-02-14 10:00:00|Monitor41.txt",2026-02-14T10:00:00Z,2026-02-20T10:30:00Z,"OK","M","DGRP391","21.5C","Winter","NA","08:12","M41","Batch25_DGRP",0.53651197778035,772.577248003703,0.375564040263797,180.270739326623,0.617013888888889,592.333333333333,300,840,36060,0.604441360166551,870.395558639834,0.58004158004158,278.419958419958,0.616666666666667,592,9960,420,37500,0.544066620402498,783.455933379598,0.374220374220374,179.62577962578,0.629166666666667,604,3060,420,76560,0.519777931991673,748.480222068008,0.388773388773389,186.611226611227,0.585416666666667,562,4740,360,39420,0.462873004857738,666.537126995142,0.349272349272349,167.650727650728,0.519791666666667,499,8280,300,39840,0.578764746703678,833.421235253296,0.241164241164241,115.758835758836,0.747916666666667,718,6840,720,41460,0.507286606523248,730.492713393477,0.316008316008316,151.683991683992,0.603125,579,27.1666666666667,14.7177914110429,68.6666666666667,14.497572815534
"2026-02-14 10:00:00|Monitor41.txt|08",8,"2026-02-14 10:00:00|Monitor41.txt",2026-02-14T10:00:00Z,2026-02-20T10:30:00Z,"OK","M","DGRP391","21.5C","Winter","NA","08:12","M41","Batch25_DGRP",0.874204374493693,1258.85429927092,0.80006942034016,384.033321763277,0.911284722222222,874.833333333333,0,540,51360,0.85704371963914,1234.14295628036,0.758835758835759,364.241164241164,0.90625,870,900,1020,50520,0.810548230395559,1167.1894517696,0.754677754677755,362.245322245322,0.838541666666667,805,360,360,45480,0.832755031228314,1199.16724496877,0.798336798336798,383.201663201663,0.85,816,420,600,26940,0.923664122137404,1330.07633587786,0.856548856548857,411.143451143451,0.957291666666667,919,1200,420,26460,0.924358084663428,1331.07564191534,0.835758835758836,401.164241164241,0.96875,930,240,300,27000,0.896599583622484,1291.10340041638,0.796257796257796,382.203742203742,0.946875,909,22.8333333333333,39.2335766423358,15.5,33.2258064516129
"2026-02-14 10:00:00|Monitor41.txt|09",9,"2026-02-14 10:00:00|Monitor41.txt",2026-02-14T10:00:00Z,2026-02-20T10:30:00Z,"OK","M","DGRP391","21.5C","Winter","NA","08:12","M41","Batch25_DGRP",0.516838328897118,744.247193611851,0.466157584172163,223.755640402638,0.5421875,520.5,0,720,71580,0.512838306731437,738.487161693269,0.498960498960499,239.50103950104,0.519791666666667,499,1020,480,51420,0.595419847328244,857.404580152672,0.600831600831601,288.399168399168,0.592708333333333,569,660,720,13800,0.638445523941707,919.361554476058,0.717255717255717,344.282744282744,0.598958333333333,575,5100,360,39840,0.424011103400416,610.5759888966,0.251559251559252,120.748440748441,0.510416666666667,490,3000,660,36960,0.444829979181124,640.555170020819,0.276507276507277,132.723492723493,0.529166666666667,508,5160,720,40320,0.484385843164469,697.515614156836,0.449064449064449,215.550935550936,0.502083333333333,482,28,18.1488095238095,40.8333333333333,22.1551020408163
"2026-02-14 10:00:00|Monitor41.txt|10",10,"2026-02-14 10:00:00|Monitor41.txt",2026-02-14T10:00:00Z,2026-02-20T10:30:00Z,"OK","M","DGRP391","21.5C","Winter","NA","08:12","M41","Batch25_DGRP",0.662307603286657,953.722948732786,0.66886497743839,321.055189170427,0.659027777777778,632.666666666667,0,4620,55140,0.573213046495489,825.426786953505,0.594594594594595,285.405405405405,0.5625,540,3000,4680,55680,0.67175572519084,967.328244274809,0.711018711018711,341.288981288981,0.652083333333333,626,120,2220,64860,0.674531575294934,971.325468424705,0.66943866943867,321.330561330561,0.677083333333333,650,2040,3240,63360,0.541984732824428,780.458015267176,0.596673596673597,286.403326403326,0.514583333333333,494,720,660,33780,0.887578070784178,1278.11242192922,0.885654885654886,425.114345114345,0.888541666666667,853,2640,780,43200,0.624566273421235,899.375433726579,0.555093555093555,266.444906444906,0.659375,633,15.6666666666667,39.2765957446809,25.1666666666667,31.9735099337748
"2026-02-14 10:00:00|Monitor41.txt|11",11,"2026-02-14 10:00:00|Monitor41.txt",2026-02-14T10:00:00Z,2026-02-20T10:30:00Z,"OK","M","DGRP391","21.5C","Winter","NA","08:12","M41","Batch25_DGRP",0.692280985996991,996.884619835667,0.564734467198889,271.072544255467,0.756076388888889,725.833333333333,0,360,37080,0.740458015267176,1066.25954198473,0.677754677754678,325.322245322245,0.771875,741,420,1680,36660,0.783483691880639,1128.21651630812,0.794178794178794,381.205821205821,0.778125,747,240,480,44460,0.665510062456627,958.334489937543,0.604989604989605,290.39501039501,0.695833333333333,668,2460,360,71160,0.640527411519778,922.35947258848,0.465696465696466,223.534303534304,0.728125,699,2400,780,47640,0.617626648160999,889.382373351839,0.363825363825364,174.636174636175,0.744791666666667,715,720,480,57420,0.705065926439972,1015.29493407356,0.48024948024948,230.519750519751,0.817708333333333,785,32.1666666666667,14.020725388601,47.5,19.5894736842105
"2026-02-14 10:00:00|Monitor41.txt|12",12,"2026-02-14 10:00:00|Monitor41.txt",2026-02-14T10:00:00Z,2026-02-20T10:30:00Z,"OK","M","DGRP391","21.5C","Winter","NA","08:12","M41","Batch25_DGRP",0.370443235736605,533.438259460711,0.427976397084346,205.428670600486,0.341666666666667,328,1260,1320,13620,0.491325468424705,707.508674531575,0.513513513513514,246.486486486487,0.480208333333333,461,1320,480,38280,0.231089521165857,332.768910478834,0.1995841995842,95.8004158004158,0.246875,237,120,600,40200,0.229007633587786,329.770992366412,0.0644490644490645,30.9355509355509,0.311458333333333,299,240,300,83820,0.403192227619709,580.59680777238,0.617463617463617,296.382536382536,0.295833333333333,284,1140,1320,84180,0.429562803608605,618.570437196392,0.598752598752599,287.401247401247,0.344791666666667,331,0,420,39300,0.439972241498959,633.560027758501,0.577962577962578,277.422037422037,0.370833333333333,356,28,17.8214285714286,61.3333333333333,14.7744565217391
"2026-02-14 10:00:00|Monitor41.txt|14",14,"2026-02-14 10:00:00|Monitor41.txt",2026-02-14T10:00:00Z,2026-02-20T10:30:00Z,"OK","M","DGRP391","21.5C","Winter","NA","08:12","M41","Batch25_DGRP",0.695289897002662,1001.21745168383,0.709475876431795,340.548420687261,0.688194444444445,660.666666666667,0,2640,35220,0.672449687716863,968.327550312283,0.711018711018711,341.288981288981,0.653125,627,2460,2640,70860,0.700902151283831,1009.29909784872,0.752598752598753,361.247401247401,0.675,648,660,1020,53700,0.711311589174185,1024.28868841083,0.665280665280665,319.334719334719,0.734375,705,3300,3600,56220,0.676613462873005,974.323386537127,0.758835758835759,364.241164241164,0.635416666666667,610,180,360,54480,0.723802914642609,1042.27619708536,0.744282744282744,357.255717255717,0.713541666666667,685,120,360,55320,0.685634975711312,987.314365024289,0.621621621621622,298.378378378378,0.717708333333333,689,17.3333333333333,30.3269230769231,26.8333333333333,33.2049689440994
"2026-02-14 10:00:00|Monitor41.txt|15",15,"2026-02-14 10:00:00|Monitor41.txt",2026-02-14T10:00:00Z,2026-02-20T10:30:00Z,"OK","M","DGRP391","21.5C","Winter","NA","08:12","M41","Batch25_DGRP",0.279018632102766,401.786830227983,0.321763276640056,154.446372787227,0.257638888888889,247.333333333333,900,300,72780,0.435114503816794,626.564885496183,0.515592515592516,247.484407484408,0.394791666666667,379,4020,600,18660,0.39000693962526,561.609993060375,0.53014553014553,254.469854469854,0.319791666666667,307,15660,300,79740,0.181818181818182,261.818181818182,0.103950103950104,49.8960498960499,0.220833333333333,212,12660,840,69600,0.192921582234559,277.807078417765,0.0748440748440749,35.9251559251559,0.252083333333333,242,6840,300,46020,0.207494795281055,298.792505204719,0.297297297297297,142.702702702703,0.1625,156,180,360,17460,0.26648160999306,383.733518390007,0.407484407484407,195.592515592516,0.195833333333333,188,20.6666666666667,23.0564516129032,44.6666666666667,21.1044776119403
"2026-02-14 10:00:00|Monitor41.txt|16",16,"2026-02-14 10:00:00|Monitor41.txt",2026-02-14T10:00:00Z,2026-02-20T10:30:00Z,"OK","M","DGRP391","21.5C","Winter","NA","08:12","M41","Batch25_DGRP",0.307719014003009,443.115380164333,0.204442901770219,98.132592849705,0.359375,345,1020,480,39840,0.33587786259542,483.664122137405,0.357588357588358,171.642411642412,0.325,312,5400,420,37020,0.30117973629424,433.698820263706,0.245322245322245,117.754677754678,0.329166666666667,316,13260,300,55500,0.3088133240805,444.69118667592,0.0748440748440749,35.9251559251559,0.426041666666667,409,3540,360,43920,0.334489937543373,481.665510062457,0.247401247401247,118.752598752599,0.378125,363,1680,300,37320,0.221374045801527,318.778625954199,0.122661122661123,58.8773388773389,0.270833333333333,260,8820,960,41760,0.343511450381679,494.656488549618,0.176715176715177,84.8232848232848,0.427083333333333,410,21.6666666666667,21.8692307692308,48.3333333333333,19.5344827586207
"2026-02-14 10:00:00|Monitor41.txt|17",17,"2026-02-14 10:00:00|Monitor41.txt",2026-02-14T10:00:00Z,2026-02-20T10:30:00Z,"OK","M","DGRP391","21.5C","Winter","NA","08:12","M41","Batch25_DGRP",0.655826871889828,944.390695521352,0.491843110031239,236.084692814995,0.737847222222222,708.333333333333,0,2040,71580,0.820957668285913,1182.17904233171,0.644490644490645,309.355509355509,0.909375,873,540,900,58320,0.827897293546149,1192.17210270645,0.792099792099792,380.2079002079,0.845833333333333,812,540,300,61440,0.610687022900763,879.389312977099,0.476091476091476,228.523908523909,0.678125,651,4500,900,72000,0.619014573213047,891.380985426787,0.438669438669439,210.561330561331,0.709375,681,1440,360,33480,0.505898681471201,728.494101318529,0.266112266112266,127.733887733888,0.626041666666667,601,4380,300,43200,0.548924358084664,790.451075641915,0.330561330561331,158.669438669439,0.658333333333333,632,28.8333333333333,15.5664739884393,52.1666666666667,17.7859424920128
"2026-02-14 10:00:00|Monitor41.txt|18",18,"2026-02-14 10:00:00|Monitor41.txt",2026-02-14T10:00:00Z,2026-02-20T10:30:00Z,"OK","M","DGRP391","21.5C","Winter","NA","08:12","M41","Batch25_DGRP",0.72491609767388,1043.87918065039,0.676501214855953,324.720583130857,0.749131944444445,719.166666666667,360,540,39000,0.83969465648855,1209.16030534351,0.825363825363825,396.174636174636,0.846875,813,2280,1860,34440,0.749479528105482,1079.25052047189,0.758835758835759,364.241164241164,0.744791666666667,715,660,1980,62580,0.794587092297016,1144.2054129077,0.694386694386694,333.305613305613,0.844791666666667,811,1380,420,58440,0.684247050659264,985.315752949341,0.559251559251559,268.440748440748,0.746875,717,180,360,33540,0.720333102012491,1037.27966689799,0.638253638253638,306.361746361746,0.761458333333333,731,900,300,73740,0.560721721027065,807.439278278973,0.582120582120582,279.417879417879,0.55,528,33.8333333333333,13.7783251231527,54.6666666666667,16.7286585365854
"2026-02-14 10:00:00|Monitor41.txt|19",19,"2026-02-14 10:00:00|Monitor41.txt",2026-02-14T10:00:00Z,2026-02-20T10:30:00Z,"OK","M","DGRP391","21.5C","Winter","NA","08:12","M41","Batch25_DGRP",0.474713574817729,683.58754773753,0.490454703228046,235.418257549462,0.466840277777778,448.166666666667,0,1140,74880,0.622484385843165,896.377515614157,0.663201663201663,318.336798336798,0.602083333333333,578,1620,1320,75300,0.496877168632894,715.503122831367,0.58004158004158,278.419958419958,0.455208333333333,437,8340,540,41280,0.38792505204719,558.612074947953,0.378378378378378,181.621621621622,0.392708333333333,377,10680,300,40800,0.435808466342818,627.564191533657,0.318087318087318,152.681912681913,0.494791666666667,475,1680,840,36240,0.51353226925746,739.486467730743,0.488565488565489,234.511434511435,0.526041666666667,505,5100,840,72900,0.39000693962526,561.609993060375,0.509355509355509,244.490644490645,0.330208333333333,317,29,15.0229885057471,35.8333333333333,27.306976744186
"2026-02-14 10:00:00|Monitor41.txt|21",21,"2026-02-14 10:00:00|Monitor41.txt",2026-02-14T10:00:00Z,2026-02-20T10:30:00Z,"OK","M","DGRP391","21.5C","Winter","NA","08:12","M41","Batch25_DGRP",0.428191181576206,616.595301469737,0.375216938562999,180.10413051024,0.4546875,436.5,240,1020,38640,0.403192227619709,580.59680777238,0.577962577962578,277.422037422037,0.315625,303,2520,360,40140,0.367800138792505,529.632199861208,0.324324324324324,155.675675675676,0.389583333333333,374,60,600,85680,0.437196391394865,629.562803608605,0.37006237006237,177.629937629938,0.470833333333333,452,2640,600,41880,0.440666204024983,634.559333795975,0.35966735966736,172.640332640333,0.48125,462,2520,660,34500,0.483691880638446,696.516308119362,0.349272349272349,167.650727650728,0.551041666666667,529,8160,540,44640,0.436502428868841,628.563497571131,0.27027027027027,129.72972972973,0.519791666666667,499,27.3333333333333,17.7378048780488,51.1666666666667,18.0912052117264
"2026-02-14 10:00:00|Monitor41.txt|22",22,"2026-02-14 10:00:00|Monitor41.txt",2026-02-14T10:00:00Z,2026-02-20T10:30:00Z,"OK","M","DGRP391","21.5C","Winter","NA","08:12","M41","Batch25_DGRP",0.564286540909617,812.572618909849,0.527247483512669,253.078792086081,0.5828125,559.5,0,780,40560,0.623872310895212,898.376127689105,0.61954261954262,297.380457380457,0.626041666666667,601,960,300,69660,0.517002081887578,744.482997918113,0.555093555093555,266.444906444906,0.497916666666667,478,720,780,61560,0.495489243580847,713.504510756419,0.328482328482329,157.671517671518,0.579166666666667,556,3660,1080,39780,0.598889659958362,862.401110340042,0.434511434511435,208.565488565489,0.68125,654,0,300,38040,0.682859125607217,983.317140874393,0.623700623700624,299.376299376299,0.7125,684,0,480,59100,0.467036780013879,672.532963219986,0.600831600831601,288.399168399168,0.4,384,29.8333333333333,16.6145251396648,38,24.0570175438597
"2026-02-14 10:00:00|Monitor41.txt|23",23,"2026-02-14 10:00:00|Monitor41.txt",2026-02-14T10:00:00Z,2026-02-20T10:30:00Z,"OK","M","DGRP391","21.5C","Winter","NA","08:12","M41","Batch25_DGRP",0.396481888670293,570.933919685222,0.490454703228046,235.418257549462,0.349479166666667,335.5,480,1380,13620,0.454545454545455,654.545454545455,0.623700623700624,299.376299376299,0.369791666666667,355,2580,300,41040,0.323386537126995,465.676613462873,0.205821205821206,98.7941787941788,0.382291666666667,367,480,300,39000,0.351145038167939,505.648854961832,0.432432432432432,207.567567567568,0.310416666666667,298,600,780,19260,0.437196391394865,629.562803608605,0.646569646569647,310.35343035343,0.332291666666667,319,780,540,19380,0.38792505204719,558.612074947953,0.453222453222453,217.546777546778,0.355208333333333,341,2280,420,20280,0.424011103400416,610.5759888966,0.577962577962578,277.422037422037,0.346875,333,33.6666666666667,14.6138613861386,63.3333333333333,14.4578947368421
"2026-02-14 10:00:00|Monitor41.txt|32",32,"2026-02-14 10:00:00|Monitor41.txt",2026-02-14T10:00:00Z,2026-02-20T10:30:00Z,"OK","M","DGRP391","21.5C","Winter","NA","08:12","M41","Batch25_DGRP",0.780002314546928,1123.20333294758,0.755293300937175,362.540784449844,0.792361111111111,760.666666666667,600,2160,69720,0.823733518390007,1186.17626648161,0.785862785862786,377.214137214137,0.842708333333333,809,420,420,42120,0.724496877168633,1043.27550312283,0.756756756756757,363.243243243243,0.708333333333333,680,60,600,33780,0.752255378209577,1083.24774462179,0.72972972972973,350.27027027027,0.763541666666667,733,360,600,35520,0.748785565579459,1078.25121443442,0.733887733887734,352.266112266112,0.75625,726,600,360,35460,0.800832755031228,1153.19916724497,0.738045738045738,354.261954261954,0.832291666666667,799,120,480,39180,0.828591256072172,1193.17140874393,0.783783783783784,376.216216216216,0.851041666666667,817,30.5,15.1803278688525,50.3333333333333,18.0993377483444
"2026-02-14 10:00:00|Monitor42.txt|01",1,"2026-02-14 10:00:00|Monitor42.txt",2026-02-14T10:00:00Z,2026-02-20T10:30:00Z,"OK","M","DGRP508","21.5C","Winter","NA","08:12","M42","Batch25_DGRP",0.395787524592061,569.934035412568,0.311350225616106,149.448108295731,0.438020833333333,420.5,120,1140,58140,0.569049271339348,819.430950728661,0.623700623700624,299.376299376299,0.541666666666667,520,180,1020,35100,0.471894517696044,679.528105482304,0.45945945945946,220.540540540541,0.478125,459,3900,1500,62640,0.45940319222762,661.540596807773,0.347193347193347,166.652806652807,0.515625,495,1140,1320,50400,0.352532963219986,507.64746703678,0.251559251559252,120.748440748441,0.403125,387,12900,360,65940,0.267869535045108,385.732130464955,0.0956340956340956,45.9043659043659,0.354166666666667,340,9960,300,45240,0.253990284524636,365.746009715475,0.0914760914760915,43.9085239085239,0.335416666666667,322,11.8333333333333,41.0140845070423,19.1666666666667,49.5739130434783
"2026-02-14 10:00:00|Monitor42.txt|02",2,"2026-02-14 10:00:00|Monitor42.txt",2026-02-14T10:00:00Z,2026-02-20T10:30:00Z,"OK","M","DGRP508","21.5C","Winter","NA","08:12","M42","Batch25_DGRP",0.399375072329591,575.100104154612,0.233599444637279,112.127733425894,0.482291666666667,463,360,1680,46200,0.566273421235253,815.433726578765,0.571725571725572,274.428274428274,0.563541666666667,541,7200,1260,58860,0.422623178348369,608.577376821652,0.25987525987526,124.740124740125,0.504166666666667,484,4860,300,72360,0.286606523247745,412.713393476752,0.11018711018711,52.8898128898129,0.375,360,4200,420,63480,0.421235253296322,606.578764746704,0.230769230769231,110.769230769231,0.516666666666667,496,1560,300,66840,0.344205412907703,495.655794587092,0.0769230769230769,36.9230769230769,0.478125,459,1920,300,68400,0.353920888272033,509.646079111728,0.14968814968815,71.8503118503119,0.45625,438,12.5,37.3066666666667,19.1666666666667,50.5739130434783
"2026-02-14 10:00:00|Monitor42.txt|03",3,"2026-02-14 10:00:00|Monitor42.txt",2026-02-14T10:00:00Z,2026-02-20T10:30:00Z,"OK","M","DGRP508","21.5C","Winter","NA","08:12","M42","Batch25_DGRP",0.365004050457123,525.605832658257,0.377646650468587,181.270392224922,0.358680555555556,344.333333333333,0,4020,35700,0.542678695350451,781.45732130465,0.746361746361746,358.253638253638,0.440625,423,960,2040,38700,0.4323386537127,622.567661346287,0.563409563409563,270.43659043659,0.366666666666667,352,2400,540,38520,0.381679389312977,549.618320610687,0.41995841995842,201.580041580042,0.3625,348,8340,2640,71400,0.284524635669674,409.71547536433,0.353430353430353,169.64656964657,0.25,240,300,600,39360,0.290076335877863,417.709923664122,0.180873180873181,86.8191268191268,0.344791666666667,331,30240,7680,30240,0.258848022206801,372.741151977793,0.00207900207900208,0.997920997920998,0.3875,372,12,42.0277777777778,13.3333333333333,69.6
"2026-02-14 10:00:00|Monitor42.txt|04",4,"2026-02-14 10:00:00|Monitor42.txt",2026-02-14T10:00:00Z,2026-02-20T10:30:00Z,"OK","M","DGRP508","21.5C","Winter","NA","08:12","M42","Batch25_DGRP",0.366392778613586,527.605601203564,0.370704616452621,177.938215897258,0.364236111111111,349.666666666667,0,1800,52920,0.566273421235253,815.433726578765,0.706860706860707,339.293139293139,0.495833333333333,476,120,360,67860,0.365024288688411,525.634975711312,0.465696465696466,223.534303534304,0.314583333333333,302,4740,840,50460,0.366412213740458,527.63358778626,0.440748440748441,211.559251559252,0.329166666666667,316,6600,2400,68100,0.199167244968772,286.800832755031,0.343035343035343,164.656964656965,0.127083333333333,122,2100,840,41520,0.3705759888966,533.629424011104,0.176715176715177,84.8232848232848,0.467708333333333,449,15420,420,57360,0.329632199861208,474.670367800139,0.0873180873180873,41.9126819126819,0.451041666666667,433,16,33.25,16.8333333333333,53.6336633663366
"2026-02-14 10:00:00|Monitor42.txt|05",5,"2026-02-14 10:00:00|Monitor42.txt",2026-02-14T10:00:00Z,2026-02-20T10:30:00Z,"OK","M","DGRP508","21.5C","Winter","NA","08:12","M42","Batch25_DGRP",0.340585580372642,490.443235736605,0.305449496702534,146.615758417216,0.358159722222222,343.833333333333,60,480,48720,0.564191533657183,812.435808466343,0.686070686070686,329.313929313929,0.503125,483,3420,3120,36180,0.508674531575295,732.491325468425,0.494802494802495,237.505197505198,0.515625,495,5160,1740,40800,0.298403886190146,429.70159611381,0.274428274428274,131.725571725572,0.310416666666667,298,3240,360,43860,0.286606523247745,412.713393476752,0.257796257796258,123.742203742204,0.301041666666667,289,8040,1440,39600,0.365718251214434,526.634281748786,0.116424116424116,55.8835758835759,0.490625,471,63240,1620,63240,0.0187369882026371,26.9812630117974,0,0,0.028125,27,7.83333333333333,54.4468085106383,16.1666666666667,62.2783505154639
"2026-02-14 10:00:00|Monitor42.txt|06",6,"2026-02-14 10:00:00|Monitor42.txt",2026-02-14T10:00:00Z,2026-02-20T10:30:00Z,"OK","M","DGRP508","21.5C","Winter","NA","08:12","M42","Batch25_DGRP",0.390926976044439,562.934845503993,0.202707393266227,97.299548767789,0.485069444444445,465.666666666667,1320,300,39780,0.58501040943789,842.414989590562,0.498960498960499,239.50103950104,0.628125,603,1140,300,62700,0.467730742539903,673.53226925746,0.367983367983368,176.632016632017,0.517708333333333,497,600,840,51960,0.404580152671756,582.595419847328,0.180873180873181,86.8191268191268,0.516666666666667,496,360,1680,44040,0.252602359472589,363.747397640527,0.0873180873180873,41.9126819126819,0.335416666666667,322,16320,780,40740,0.316446911866759,455.683553088133,0.0602910602910603,28.9397089397089,0.444791666666667,427,11100,300,33300,0.319222761970854,459.680777238029,0.0228690228690229,10.977130977131,0.467708333333333,449,8.5,64.1764705882353,20.3333333333333,43.5081967213115
"2026-02-14 10:00:00|Monitor42.txt|07",7,"2026-02-14 10:00:00|Monitor42.txt",2026-02-14T10:00:00Z,2026-02-20T10:30:00Z,"OK","M","DGRP508","21.5C","Winter","NA","08:12","M42","Batch25_DGRP",0.390232611966208,561.934961231339,0.251648733078792,120.79139187782,0.459548611111111,441.166666666667,0,960,45780,0.546148507980569,786.453851492019,0.594594594594595,285.405405405405,0.521875,501,3120,3480,70260,0.433032616238723,623.566967383761,0.25987525987526,124.740124740125,0.519791666666667,499,9060,2160,35700,0.329632199861208,474.670367800139,0.228690228690229,109.77130977131,0.380208333333333,365,19080,780,58260,0.207494795281055,298.792505204719,0.0436590436590437,20.956340956341,0.289583333333333,278,1740,420,68640,0.313671061762665,451.686328938237,0.222453222453222,106.777546777547,0.359375,345,300,480,69240,0.510756419153366,735.489243580847,0.16008316008316,76.8399168399168,0.686458333333333,659,14.3333333333333,28.3837209302326,21.1666666666667,48.4803149606299
"2026-02-14 10:00:00|Monitor44.txt|01",1,"2026-02-14 10:00:00|Monitor44.txt",2026-02-14T10:00:00Z,2026-02-20T10:30:00Z,"OK","M","DGRP513","21.5C","Winter","NA","08:12","M44","Batch25_DGRP",0.573891910658489,826.404351348224,0.727872266574106,349.378687955571,0.496875,477,60,420,51720,0.498959056210965,718.501040943789,0.532224532224532,255.467775467776,0.482291666666667,463,2460,660,4860,0.541290770298404,779.458709229702,0.731808731808732,351.268191268191,0.445833333333333,428,1320,960,83340,0.578764746703678,833.421235253296,0.704781704781705,338.295218295218,0.515625,495,3420,600,4140,0.613462873004858,883.386537126995,0.833679833679834,400.16632016632,0.503125,483,360,720,83940,0.582234559333796,838.417765440666,0.752598752598753,361.247401247401,0.496875,477,7920,600,56220,0.6294240111034,906.370575988897,0.812889812889813,390.18711018711,0.5375,516,22.1666666666667,28.1954887218045,54.8333333333333,13.7659574468085
"2026-02-14 10:00:00|Monitor44.txt|02",2,"2026-02-14 10:00:00|Monitor44.txt",2026-02-14T10:00:00Z,2026-02-20T10:30:00Z,"OK","M","DGRP513","21.5C","Winter","NA","08:12","M44","Batch25_DGRP",0.501099409790534,721.583150098368,0.669212079139188,321.22179798681,0.417013888888889,400.333333333333,240,360,14040,0.259541984732824,373.740458015267,0.557172557172557,267.442827442828,0.110416666666667,106,120,300,10320,0.400416377515614,576.599583622484,0.62993762993763,302.370062370062,0.285416666666667,274,1380,300,44400,0.49618320610687,714.503816793893,0.613305613305613,294.386694386694,0.4375,420,1080,360,37380,0.571825121443442,823.428174878557,0.72972972972973,350.27027027027,0.492708333333333,473,420,360,37200,0.539902845246357,777.460097154754,0.62993762993763,302.370062370062,0.494791666666667,475,120,900,31920,0.738376127689105,1063.26162387231,0.852390852390852,409.147609147609,0.68125,654,30,19.2888888888889,52.6666666666667,15.5474683544304
"2026-02-14 10:00:00|Monitor44.txt|03",3,"2026-02-14 10:00:00|Monitor44.txt",2026-02-14T10:00:00Z,2026-02-20T10:30:00Z,"OK","M","DGRP513","21.5C","Winter","NA","08:12","M44","Batch25_DGRP",0.352042587663465,506.941326235389,0.363762582436654,174.606039569594,0.346180555555556,332.333333333333,2580,300,46800,0.460097154753643,662.539902845246,0.53014553014553,254.469854469854,0.425,408,5880,1620,56820,0.440666204024983,634.559333795975,0.474012474012474,227.525987525988,0.423958333333333,407,4140,300,52140,0.411519777931992,592.588480222068,0.216216216216216,103.783783783784,0.509375,489,11640,540,51060,0.181124219292158,260.818875780708,0.0686070686070686,32.9313929313929,0.2375,228,120,300,54540,0.199167244968772,286.800832755031,0.25987525987526,124.740124740125,0.16875,162,960,1680,17220,0.418459403192228,602.581540596808,0.62993762993763,302.370062370062,0.3125,300,18.3333333333333,26.3272727272727,33,28.3383838383838
"2026-02-14 10:00:00|Monitor44.txt|06",6,"2026-02-14 10:00:00|Monitor44.txt",2026-02-14T10:00:00Z,2026-02-20T10:30:00Z,"OK","M","DGRP513","21.5C","Winter","NA","08:12","M44","Batch25_DGRP",0.245804883694017,353.959032519384,0.271086428323499,130.121485595279,0.233159722222222,223.833333333333,2580,660,63480,0.175572519083969,252.824427480916,0.151767151767152,72.8482328482329,0.1875,180,1560,960,19680,0.169326856349757,243.83067314365,0.234927234927235,112.765072765073,0.136458333333333,131,7620,360,17280,0.122137404580153,175.87786259542,0.114345114345114,54.8856548856549,0.126041666666667,121,4500,420,7920,0.378903539208883,545.621096460791,0.367983367983368,176.632016632017,0.384375,369,6840,2880,6840,0.269257460097155,387.730742539903,0.228690228690229,109.77130977131,0.289583333333333,278,3480,360,10680,0.359472588480222,517.64052741152,0.528066528066528,253.471933471934,0.275,264,19.1666666666667,29.4782608695652,43,19.8682170542636
"2026-02-14 10:00:00|Monitor44.txt|08",8,"2026-02-14 10:00:00|Monitor44.txt",2026-02-14T10:00:00Z,2026-02-20T10:30:00Z,"OK","M","DGRP513","21.5C","Winter","NA","08:12","M44","Batch25_DGRP",0.356555954171971,513.440574007638,0.590419993057966,283.401596667824,0.239583333333333,230,8040,420,21300,0.083969465648855,120.916030534351,0.158004158004158,75.8419958419959,0.046875,45,960,420,10020,0.226925746009715,326.77307425399,0.503118503118503,241.496881496882,0.0885416666666667,85,960,420,11100,0.272033310201249,391.727966689799,0.498960498960499,239.50103950104,0.158333333333333,152,660,360,7140,0.355308813324081,511.644691186676,0.72972972972973,350.27027027027,0.167708333333333,161,60,420,3720,0.524635669673838,755.475364330326,0.814968814968815,391.185031185031,0.379166666666667,364,780,1500,4440,0.675919500346981,973.324080499653,0.833679833679834,400.16632016632,0.596875,573,22.3333333333333,30.1417910447761,35,21.3142857142857
"2026-02-14 10:00:00|Monitor44.txt|09",9,"2026-02-14 10:00:00|Monitor44.txt",2026-02-14T10:00:00Z,2026-02-20T10:30:00Z,"OK","M","DGRP513","21.5C","Winter","NA","08:12","M44","Batch25_DGRP",0.369517416965629,532.105080430506,0.447414092329052,214.758764317945,0.330555555555556,317.333333333333,3240,420,67680,0.306037473976405,440.693962526024,0.376299376299376,180.623700623701,0.270833333333333,260,8940,300,55080,0.28383067314365,408.716169326856,0.147609147609148,70.8523908523909,0.352083333333333,338,7560,300,46560,0.433726578764747,624.566273421235,0.501039501039501,240.498960498961,0.4,384,3540,660,9540,0.456627342123525,657.543372657877,0.521829521829522,250.47817047817,0.423958333333333,407,900,300,12960,0.33587786259542,483.664122137405,0.501039501039501,240.498960498961,0.253125,243,840,300,14280,0.400416377515614,576.599583622484,0.634095634095634,304.365904365904,0.283333333333333,272,11.6666666666667,58.4714285714286,24.5,30.3061224489796
"2026-02-14 10:00:00|Monitor44.txt|10",10,"2026-02-14 10:00:00|Monitor44.txt",2026-02-14T10:00:00Z,2026-02-20T10:30:00Z,"OK","M","DGRP513","21.5C","Winter","NA","08:12","M44","Batch25_DGRP",0.472514755236662,680.421247540794,0.694550503297466,333.384241582784,0.361458333333333,347,4860,360,10500,0.37265787647467,536.627342123525,0.509355509355509,244.490644490645,0.304166666666667,292,780,660,18060,0.430256766134629,619.569743233865,0.681912681912682,327.318087318087,0.304166666666667,292,300,720,6600,0.449687716863289,647.550312283137,0.719334719334719,345.280665280665,0.314583333333333,302,1560,2220,13200,0.458709229701596,660.541290770298,0.683991683991684,328.316008316008,0.345833333333333,332,2040,1800,7320,0.55794587092297,803.442054129077,0.796257796257796,382.203742203742,0.438541666666667,421,1560,1080,3120,0.56557945870923,814.434420541291,0.773388773388773,371.226611226611,0.461458333333333,443,22.3333333333333,25.1268656716418,57.5,14.6086956521739
"2026-02-14 10:00:00|Monitor44.txt|12",12,"2026-02-14 10:00:00|Monitor44.txt",2026-02-14T10:00:00Z,2026-02-20T10:30:00Z,"OK","M","DGRP513","21.5C","Winter","NA","08:12","M44","Batch25_DGRP",0.514176599930564,740.414303900012,0.698368622006248,335.216938562999,0.422048611111111,405.166666666667,420,480,23280,0.420541290770298,605.57945870923,0.659043659043659,316.340956340956,0.301041666666667,289,0,300,8040,0.437890353920888,630.562109646079,0.654885654885655,314.345114345114,0.329166666666667,316,420,420,17280,0.537820957668286,774.462179042332,0.713097713097713,342.286902286902,0.45,432,1260,540,17520,0.596113809854268,858.403886190146,0.775467775467775,372.224532224532,0.50625,486,480,840,1740,0.551006245662734,793.448993754337,0.719334719334719,345.280665280665,0.466666666666667,448,420,300,40740,0.542678695350451,781.45732130465,0.66943866943867,321.330561330561,0.479166666666667,460,31.8333333333333,16.0471204188482,72.8333333333333,12.0114416475973
"2026-02-14 10:00:00|Monitor44.txt|14",14,"2026-02-14 10:00:00|Monitor44.txt",2026-02-14T10:00:00Z,2026-02-20T10:30:00Z,"OK","M","DGRP513","21.5C","Winter","NA","08:12","M44","Batch25_DGRP",0.488137946996875,702.918643675501,0.597362027073933,286.733772995488,0.433506944444444,416.166666666667,840,480,18720,0.290770298403886,418.709229701596,0.392931392931393,188.607068607069,0.239583333333333,230,300,480,9240,0.405274115197779,583.594725884802,0.590436590436591,283.409563409563,0.3125,300,60,300,52320,0.465648854961832,670.534351145038,0.563409563409563,270.43659043659,0.416666666666667,400,1920,720,61380,0.545454545454545,785.454545454545,0.692307692307692,332.307692307692,0.471875,453,1080,3360,9180,0.582234559333796,838.417765440666,0.646569646569647,310.35343035343,0.55,528,1320,480,6120,0.639833448993754,921.360166551006,0.698544698544699,335.301455301455,0.610416666666667,586,33.3333333333333,18.63,58,13.2040229885057
"2026-02-14 10:00:00|Monitor44.txt|15",15,"2026-02-14 10:00:00|Monitor44.txt",2026-02-14T10:00:00Z,2026-02-20T10:30:00Z,"OK","M","DGRP513","21.5C","Winter","NA","08:12","M44","Batch25_DGRP",0.224395324615207,323.129267445897,0.350572717806317,168.274904547032,0.161284722222222,154.833333333333,840,480,9780,0.102706453851492,147.897293546149,0.214137214137214,102.785862785863,0.046875,45,540,300,6180,0.124913254684247,179.875086745316,0.24948024948025,119.75051975052,0.0625,60,3960,300,12480,0.13324080499653,191.866759195003,0.189189189189189,90.8108108108108,0.105208333333333,101,960,4440,11940,0.257460097154754,370.742539902845,0.43035343035343,206.569646569647,0.170833333333333,164,2700,300,4200,0.37265787647467,536.627342123525,0.523908523908524,251.476091476092,0.296875,285,1140,600,7920,0.354614850798057,510.645385149202,0.492723492723493,236.507276507277,0.285416666666667,274,21.1666666666667,33.1023622047244,35,20.7380952380953
"2026-02-14 10:00:00|Monitor44.txt|16",16,"2026-02-14 10:00:00|Monitor44.txt",2026-02-14T10:00:00Z,2026-02-20T10:30:00Z,"OK","M","DGRP513","21.5C","Winter","NA","08:12","M44","Batch25_DGRP",0.39925934498322,574.933456775836,0.603262755987504,289.566122874002,0.297222222222222,285.333333333333,900,300,9060,0.274809160305344,395.725190839695,0.600831600831601,288.399168399168,0.111458333333333,107,420,480,20340,0.3705759888966,533.629424011104,0.600831600831601,288.399168399168,0.255208333333333,245,660,300,55620,0.403192227619709,580.59680777238,0.56964656964657,273.430353430353,0.319791666666667,307,840,600,19740,0.45940319222762,661.540596807773,0.571725571725572,274.428274428274,0.403125,387,420,1020,8400,0.410131852879944,590.58986814712,0.636174636174636,305.363825363825,0.296875,285,240,360,10020,0.477446217904233,687.522553782096,0.638253638253638,306.361746361746,0.396875,381,34,21.2352941176471,41,16.2520325203252
"2026-02-14 10:00:00|Monitor44.txt|17",17,"2026-02-14 10:00:00|Monitor44.txt",2026-02-14T10:00:00Z,2026-02-20T10:30:00Z,"OK","M","DGRP513","21.5C","Winter","NA","08:12","M44","Batch25_DGRP",0.262469621571577,377.956255063071,0.495314127039223,237.750780978827,0.146006944444444,140.166666666667,300,540,12900,0.194309507286607,279.805690492713,0.45945945945946,220.540540540541,0.0614583333333333,59,1080,1020,14220,0.299097848716169,430.700902151284,0.582120582120582,279.417879417879,0.157291666666667,151,2400,300,41880,0.299791811242193,431.700208188758,0.542619542619543,260.45738045738,0.178125,171,240,360,2700,0.358778625954198,516.641221374046,0.600831600831601,288.399168399168,0.2375,228,1440,420,19680,0.198473282442748,285.801526717557,0.43035343035343,206.569646569647,0.0822916666666667,79,1740,900,6480,0.224149895905621,322.775850104094,0.353430353430353,169.64656964657,0.159375,153,31.3333333333333,17.1117021276596,29.1666666666667,30.3428571428571
"2026-02-14 10:00:00|Monitor44.txt|19",19,"2026-02-14 10:00:00|Monitor44.txt",2026-02-14T10:00:00Z,2026-02-20T10:30:00Z,"OK","M","DGRP513","21.5C","Winter","NA","08:12","M44","Batch25_DGRP",0.475292211549589,684.420784631409,0.608469281499479,292.06525511975,0.408680555555556,392.333333333333,0,360,82500,0.253296321998612,364.746703678001,0.440748440748441,211.559251559252,0.159375,153,720,420,1260,0.294240111034004,423.705759888966,0.484407484407485,232.515592515593,0.198958333333333,191,1860,3360,85260,0.547536433032616,788.452463566967,0.61954261954262,297.380457380457,0.511458333333333,491,3180,2040,86340,0.59264399722415,853.407356002776,0.738045738045738,354.261954261954,0.519791666666667,499,5040,300,5820,0.578764746703678,833.421235253296,0.785862785862786,377.214137214137,0.475,456,540,2160,54240,0.586398334489938,844.41360166551,0.584199584199584,280.4158004158,0.5875,564,28.3333333333333,17.1352941176471,62.8333333333333,14.4854111405836
"2026-02-14 10:00:00|Monitor44.txt|21",21,"2026-02-14 10:00:00|Monitor44.txt",2026-02-14T10:00:00Z,2026-02-20T10:30:00Z,"OK","M","DGRP513","21.5C","Winter","NA","08:12","M44","Batch25_DGRP",0.595995833815531,858.234000694364,0.73550850399167,353.044081916001,0.526215277777778,505.166666666667,1080,300,54000,0.481609993060375,693.51839000694,0.621621621621622,298.378378378378,0.411458333333333,395,1140,480,71400,0.436502428868841,628.563497571131,0.540540540540541,259.459459459459,0.384375,369,0,300,82680,0.523247744621791,753.476752255378,0.61954261954262,297.380457380457,0.475,456,9780,7020,83340,0.624566273421235,899.375433726579,0.875259875259875,420.12474012474,0.498958333333333,479,18180,960,82140,0.686328938237335,988.313671061763,0.854469854469854,410.14553014553,0.602083333333333,578,19920,4680,36180,0.825121443442054,1188.17487855656,0.904365904365904,434.095634095634,0.785416666666667,754,17.1666666666667,24.5825242718447,42.6666666666667,22.97265625
"2026-02-14 10:00:00|Monitor44.txt|22",22,"2026-02-14 10:00:00|Monitor44.txt",2026-02-14T10:00:00Z,2026-02-20T10:30:00Z,"OK","M","DGRP513","21.5C","Winter","NA","08:12","M44","Batch25_DGRP",0.427496817497975,615.595417197084,0.624088858035404,299.562651856994,0.329166666666667,316,360,300,18480,0.287994448299792,414.7120055517,0.515592515592516,247.484407484408,0.173958333333333,167,480,1200,24000,0.317834836918806,457.682165163081,0.534303534303534,256.465696465697,0.209375,201,120,360,2160,0.398334489937543,573.601665510063,0.634095634095634,304.365904365904,0.280208333333333,269,540,300,960,0.479528105482304,690.520471894518,0.623700623700624,299.376299376299,0.407291666666667,391,420,1380,10920,0.498265093684941,717.501734906315,0.700623700623701,336.299376299376,0.396875,381,2040,960,59400,0.581540596807772,837.418459403192,0.72972972972973,350.27027027027,0.507291666666667,487,32,16.59375,59,14.6779661016949
"2026-02-14 10:00:00|Monitor44.txt|24",24,"2026-02-14 10:00:00|Monitor44.txt",2026-02-14T10:00:00Z,2026-02-20T10:30:00Z,"OK","M","DGRP513","21.5C","Winter","NA","08:12","M44","Batch25_DGRP",0.240597153107279,346.459900474482,0.300937174592156,144.449843804235,0.210416666666667,202,21120,360,23400,0.0284524635669674,40.971547536433,0.0311850311850312,14.968814968815,0.0270833333333333,26,8820,300,60420,0.15822345593338,227.841776544067,0.230769230769231,110.769230769231,0.121875,117,6120,1860,6120,0.201249132546842,289.798750867453,0.307692307692308,147.692307692308,0.147916666666667,142,60,420,5160,0.292852185981957,421.707147814018,0.349272349272349,167.650727650728,0.264583333333333,254,600,1140,8040,0.329632199861208,474.670367800139,0.417879417879418,200.582120582121,0.285416666666667,274,6180,3180,6180,0.4323386537127,622.567661346287,0.465696465696466,223.534303534304,0.415625,399,16.1666666666667,41.4639175257732,35.8333333333333,20.8558139534884
"2026-02-14 10:00:00|Monitor48.txt|01",1,"2026-02-14 10:00:00|Monitor48.txt",2026-02-14T10:00:00Z,2026-02-20T10:30:00Z,"OK","M","DGRP589","21.5C","Winter","NA","08:12","M48","Batch25_DGRP",0.797129961809976,1147.86714500637,0.755640402637973,362.707393266227,0.817881944444445,785.166666666667,0,480,49320,0.837612768910479,1206.16238723109,0.8004158004158,384.199584199584,0.85625,822,3480,1500,34320,0.8147120055517,1173.18528799445,0.817047817047817,392.182952182952,0.813541666666667,781,1440,2580,37620,0.76058292852186,1095.23941707148,0.808731808731809,388.191268191268,0.736458333333333,707,420,7500,33420,0.83969465648855,1209.16030534351,0.810810810810811,389.189189189189,0.854166666666667,820,2220,1320,34440,0.753643303261624,1085.24635669674,0.648648648648649,311.351351351351,0.80625,774,180,1260,32040,0.777238029146426,1119.22276197085,0.650727650727651,312.349272349272,0.840625,807,17.6666666666667,30.2169811320755,20.6666666666667,42.6612903225807
"2026-02-14 10:00:00|Monitor48.txt|02",2,"2026-02-14 10:00:00|Monitor48.txt",2026-02-14T10:00:00Z,2026-02-20T10:30:00Z,"OK","M","DGRP589","21.5C","Winter","NA","08:12","M48","Batch25_DGRP",0.764031940747599,1100.20599467654,0.767441860465116,368.372093023256,0.762326388888889,731.833333333333,0,2580,50700,0.759888965995836,1094.240111034,0.804573804573805,386.195426195426,0.7375,708,420,300,38100,0.7529493407356,1084.24705065926,0.769230769230769,369.230769230769,0.744791666666667,715,420,4320,56280,0.718251214434421,1034.28174878557,0.775467775467775,372.224532224532,0.689583333333333,662,900,840,45060,0.782789729354615,1127.21721027065,0.758835758835759,364.241164241164,0.794791666666667,763,60,420,35280,0.780707841776544,1124.21929215822,0.733887733887734,352.266112266112,0.804166666666667,772,1800,3840,53760,0.789035392088827,1136.21096460791,0.760914760914761,365.239085239085,0.803125,771,15.1666666666667,39.8681318681319,15.5,52.9677419354839
"2026-02-14 10:00:00|Monitor48.txt|05",5,"2026-02-14 10:00:00|Monitor48.txt",2026-02-14T10:00:00Z,2026-02-20T10:30:00Z,"OK","M","DGRP589","21.5C","Winter","NA","08:12","M48","Batch25_DGRP",0.657447054739035,946.72375882421,0.616105518917043,295.730649080181,0.678125,651,0,1920,46620,0.710617626648161,1023.28938237335,0.794178794178794,381.205821205821,0.66875,642,1020,540,51660,0.702290076335878,1011.29770992366,0.627858627858628,301.372141372141,0.739583333333333,710,180,480,33000,0.739070090215128,1064.26092990978,0.67983367983368,326.320166320166,0.76875,738,600,660,34620,0.648854961832061,934.351145038168,0.634095634095634,304.365904365904,0.65625,630,1080,420,36720,0.573213046495489,825.426786953505,0.457380457380458,219.54261954262,0.63125,606,0,360,37200,0.570437196391395,821.429562803609,0.503118503118503,241.496881496882,0.604166666666667,580,23.6666666666667,23.4929577464789,24.6666666666667,35.027027027027
"2026-02-14 10:00:00|Monitor48.txt|06",6,"2026-02-14 10:00:00|Monitor48.txt",2026-02-14T10:00:00Z,2026-02-20T10:30:00Z,"OK","M","DGRP589","21.5C","Winter","NA","08:12","M48","Batch25_DGRP",0.790996412452263,1139.03483393126,0.794862894828185,381.534189517529,0.7890625,757.5,0,5280,35580,0.813324080499653,1171.1866759195,0.821205821205821,394.178794178794,0.809375,777,180,5040,52680,0.805690492713394,1160.19430950729,0.841995841995842,404.158004158004,0.7875,756,840,2940,35640,0.782789729354615,1127.21721027065,0.812889812889813,390.18711018711,0.767708333333333,737,1080,1020,7440,0.775156141568355,1116.22484385843,0.792099792099792,380.2079002079,0.766666666666667,736,720,720,35760,0.753643303261624,1085.24635669674,0.752598752598753,361.247401247401,0.754166666666667,724,840,300,34140,0.815405968077724,1174.18459403192,0.748440748440749,359.251559251559,0.848958333333333,815,13.3333333333333,42.7125,15,57.1444444444445
"2026-02-14 10:00:00|Monitor48.txt|07",7,"2026-02-14 10:00:00|Monitor48.txt",2026-02-14T10:00:00Z,2026-02-20T10:30:00Z,"OK","M","DGRP589","21.5C","Winter","NA","08:12","M48","Batch25_DGRP",0.411873625737762,593.098021062377,0.547379382158973,262.742103436307,0.344097222222222,330.333333333333,1380,8940,55080,0.529493407356003,762.470506592644,0.733887733887734,352.266112266112,0.427083333333333,410,3180,2400,63300,0.455933379597502,656.544066620403,0.550935550935551,264.449064449064,0.408333333333333,392,1500,3120,53280,0.317140874392783,456.682859125607,0.557172557172557,267.442827442828,0.196875,189,1800,420,57060,0.324080499653019,466.675919500347,0.434511434511435,208.565488565489,0.26875,258,2400,780,41100,0.41707147814018,600.58292852186,0.457380457380458,219.54261954262,0.396875,381,2700,420,14160,0.426786953504511,614.573213046495,0.546777546777547,262.453222453222,0.366666666666667,352,14.3333333333333,42.2441860465116,15,55.1111111111111
"2026-02-14 10:00:00|Monitor48.txt|08",8,"2026-02-14 10:00:00|Monitor48.txt",2026-02-14T10:00:00Z,2026-02-20T10:30:00Z,"OK","M","DGRP589","21.5C","Winter","NA","08:12","M48","Batch25_DGRP",0.76171739382016,1096.87304710103,0.751128080527595,360.541478653245,0.767013888888889,736.333333333333,540,11880,83520,0.776544066620403,1118.22345593338,0.808731808731809,388.191268191268,0.760416666666667,730,16140,1020,45480,0.778625954198473,1121.2213740458,0.844074844074844,405.155925155925,0.745833333333333,716,2880,600,37980,0.762664816099931,1098.2373351839,0.760914760914761,365.239085239085,0.763541666666667,733,5220,360,48120,0.734212352532963,1057.26578764747,0.711018711018711,341.288981288981,0.745833333333333,716,2280,1140,81660,0.761276891047884,1096.23872310895,0.702702702702703,337.297297297297,0.790625,759,6840,360,48960,0.757807078417765,1091.24219292158,0.681912681912682,327.318087318087,0.795833333333333,764,15.1666666666667,29.2197802197802,21,46.5396825396825
"2026-02-14 10:00:00|Monitor48.txt|09",9,"2026-02-14 10:00:00|Monitor48.txt",2026-02-14T10:00:00Z,2026-02-20T10:30:00Z,"OK","M","DGRP589","21.5C","Winter","NA","08:12","M48","Batch25_DGRP",0.728966554796899,1049.71183890753,0.709128774730996,340.381811870878,0.738888888888889,709.333333333333,0,3600,51300,0.768216516308119,1106.23178348369,0.823284823284823,395.176715176715,0.740625,711,4140,2640,59880,0.791117279666898,1139.20888272033,0.806652806652807,387.193347193347,0.783333333333333,752,7560,1860,34980,0.68147120055517,981.318528799445,0.725571725571726,348.274428274428,0.659375,633,3120,1500,65400,0.738376127689105,1063.26162387231,0.642411642411642,308.357588357588,0.786458333333333,755,480,1740,35280,0.721721027064539,1039.27827897294,0.656964656964657,315.343035343035,0.754166666666667,724,120,1740,49500,0.673143650242887,969.326856349757,0.600831600831601,288.399168399168,0.709375,681,20.3333333333333,26.1639344262295,25.3333333333333,34.7434210526316
"2026-02-14 10:00:00|Monitor48.txt|10",10,"2026-02-14 10:00:00|Monitor48.txt",2026-02-14T10:00:00Z,2026-02-20T10:30:00Z,"OK","M","DGRP589","21.5C","Winter","NA","08:12","M48","Batch25_DGRP",0.740539289434093,1066.37657678509,0.711558486636585,341.548073585561,0.755034722222222,724.833333333333,1440,3240,51000,0.796668979875087,1147.20333102013,0.744282744282744,357.255717255717,0.822916666666667,790,2580,14040,33660,0.784871616932686,1130.21512838307,0.798336798336798,383.201663201663,0.778125,747,1320,360,55080,0.736988202637058,1061.26301179736,0.754677754677755,362.245322245322,0.728125,699,180,420,33900,0.696738376127689,1003.30326162387,0.646569646569647,310.35343035343,0.721875,693,2460,420,35040,0.694656488549618,1000.30534351145,0.667359667359667,320.33264033264,0.708333333333333,680,360,780,49260,0.734212352532963,1057.26578764747,0.661122661122661,317.338877338877,0.770833333333333,740,17.8333333333333,30.411214953271,20.6666666666667,42.4758064516129
"2026-02-14 10:00:00|Monitor48.txt|15",15,"2026-02-14 10:00:00|Monitor48.txt",2026-02-14T10:00:00Z,2026-02-20T10:30:00Z,"OK","M","DGRP589","21.5C","Winter","NA","08:12","M48","Batch25_DGRP",0.681286888091656,981.053118851985,0.724401249566123,347.712599791739,0.659722222222222,633.333333333333,60,4020,57060,0.754337265787648,1086.24566273421,0.808731808731809,388.191268191268,0.727083333333333,698,7560,1320,36300,0.727272727272727,1047.27272727273,0.802494802494803,385.197505197505,0.689583333333333,662,540,300,38460,0.612074947952811,881.387925052047,0.746361746361746,358.253638253638,0.544791666666667,523,1260,420,39000,0.678001387925052,976.321998612075,0.667359667359667,320.33264033264,0.683333333333333,656,1500,540,38280,0.630117973629424,907.369882026371,0.617463617463617,296.382536382536,0.636458333333333,611,180,2700,37980,0.686328938237335,988.313671061763,0.704781704781705,338.295218295218,0.677083333333333,650,20.3333333333333,29.4016393442623,27.5,29.9212121212121
"2026-02-14 10:00:00|Monitor48.txt|18",18,"2026-02-14 10:00:00|Monitor48.txt",2026-02-14T10:00:00Z,2026-02-20T10:30:00Z,"OK","M","DGRP589","21.5C","Winter","NA","08:12","M48","Batch25_DGRP",0.761023029741928,1095.87316282838,0.708434571329399,340.048594238112,0.787326388888889,755.833333333333,0,1320,65400,0.780707841776544,1124.21929215822,0.806652806652807,387.193347193347,0.767708333333333,737,6360,3000,33600,0.773074253990285,1113.22692574601,0.738045738045738,354.261954261954,0.790625,759,780,420,66900,0.700902151283831,1009.29909784872,0.675675675675676,324.324324324324,0.713541666666667,685,600,1560,2280,0.803608605135323,1157.19639139486,0.744282744282744,357.255717255717,0.833333333333333,800,240,840,31800,0.775156141568355,1116.22484385843,0.673596673596674,323.326403326403,0.826041666666667,793,1920,300,38760,0.732824427480916,1055.26717557252,0.613305613305613,294.386694386694,0.792708333333333,761,18.3333333333333,28.2272727272727,22,40.6666666666667
"2026-02-14 10:00:00|Monitor48.txt|19",19,"2026-02-14 10:00:00|Monitor48.txt",2026-02-14T10:00:00Z,2026-02-20T10:30:00Z,"OK","M","DGRP589","21.5C","Winter","NA","08:12","M48","Batch25_DGRP",0.665663696331443,958.555722717278,0.721277334258938,346.21312044429,0.637847222222222,612.333333333333,0,5460,56040,0.732130464954892,1054.26786953505,0.827442827442827,397.172557172557,0.684375,657,0,540,57240,0.728660652324775,1049.27133934768,0.775467775467775,372.224532224532,0.705208333333333,677,6360,300,63180,0.551006245662734,793.448993754337,0.632016632016632,303.367983367983,0.510416666666667,490,2220,1620,68520,0.611380985426787,880.388619014573,0.646569646569647,310.35343035343,0.59375,570,1140,5220,61740,0.649548924358085,935.350451075642,0.721413721413721,346.278586278586,0.613541666666667,589,6600,11040,6600,0.722414989590562,1040.27758501041,0.727650727650728,349.272349272349,0.719791666666667,691,13.3333333333333,42.1625,29.5,28.9491525423729
"2026-02-14 10:00:00|Monitor48.txt|20",20,"2026-02-14 10:00:00|Monitor48.txt",2026-02-14T10:00:00Z,2026-02-20T10:30:00Z,"OK","M","DGRP589","21.5C","Winter","NA","08:12","M48","Batch25_DGRP",0.715889364656868,1030.88068510589,0.724401249566123,347.712599791739,0.711631944444445,683.166666666667,0,2400,38460,0.741151977793199,1067.25884802221,0.83991683991684,403.160083160083,0.691666666666667,664,2940,6840,34860,0.718945176960444,1035.28105482304,0.792099792099792,380.2079002079,0.682291666666667,655,960,420,34500,0.709229701596114,1021.2907702984,0.702702702702703,337.297297297297,0.7125,684,900,600,61440,0.675919500346981,973.324080499653,0.688149688149688,330.31185031185,0.669791666666667,643,240,840,61260,0.761276891047884,1096.23872310895,0.700623700623701,336.299376299376,0.791666666666667,760,2460,720,36060,0.689798750867453,993.310201249133,0.625779625779626,300.37422037422,0.721875,693,15.6666666666667,34.9893617021277,23.3333333333333,37.3142857142857
"2026-02-14 10:00:00|Monitor48.txt|21",21,"2026-02-14 10:00:00|Monitor48.txt",2026-02-14T10:00:00Z,2026-02-20T10:30:00Z,"OK","M","DGRP589","21.5C","Winter","NA","08:12","M48","Batch25_DGRP",0.674458974655711,971.220923504224,0.645262061784103,309.725789656369,0.6890625,661.5,1500,480,68040,0.505898681471201,728.494101318529,0.51975051975052,249.48024948025,0.498958333333333,479,1500,2280,50100,0.632893823733518,911.367106176267,0.665280665280665,319.334719334719,0.616666666666667,592,240,1320,63960,0.58292852185982,839.41707147814,0.617463617463617,296.382536382536,0.565625,543,1200,3180,35580,0.736988202637058,1061.26301179736,0.694386694386694,333.305613305613,0.758333333333333,728,0,300,51480,0.803608605135323,1157.19639139486,0.708939708939709,340.29106029106,0.851041666666667,817,120,840,58740,0.785565579458709,1131.21443442054,0.66943866943867,321.330561330561,0.84375,810,20.8333333333333,25.728,25.6666666666667,34.3181818181818
"2026-02-14 10:00:00|Monitor48.txt|23",23,"2026-02-14 10:00:00|Monitor48.txt",2026-02-14T10:00:00Z,2026-02-20T10:30:00Z,"OK","M","DGRP589","21.5C","Winter","NA","08:12","M48","Batch25_DGRP",0.541603981020715,779.90973266983,0.635890315862548,305.227351614023,0.494444444444445,474.666666666667,0,1800,48360,0.581540596807772,837.418459403192,0.702702702702703,337.297297297297,0.520833333333333,500,1800,7740,37980,0.578764746703678,833.421235253296,0.74012474012474,355.259875259875,0.497916666666667,478,660,1020,42600,0.472588480222068,680.527411519778,0.673596673596674,323.326403326403,0.371875,357,1380,2460,51900,0.551700208188758,794.448299791811,0.638253638253638,306.361746361746,0.508333333333333,488,2520,4380,57300,0.551006245662734,793.448993754337,0.571725571725572,274.428274428274,0.540625,519,3120,360,5400,0.515614156835531,742.484385843165,0.492723492723493,236.507276507277,0.527083333333333,506,11.3333333333333,52,19.1666666666667,43.6956521739131
"2026-02-14 10:00:00|Monitor48.txt|24",24,"2026-02-14 10:00:00|Monitor48.txt",2026-02-14T10:00:00Z,2026-02-20T10:30:00Z,"OK","M","DGRP589","21.5C","Winter","NA","08:12","M48","Batch25_DGRP",0.741002198819581,1067.0431663002,0.788962165914613,378.701839639014,0.717013888888889,688.333333333333,0,2520,3000,0.764746703678001,1101.23525329632,0.879417879417879,422.120582120582,0.707291666666667,679,4740,2460,35820,0.72588480222068,1045.27411519778,0.827442827442827,397.172557172557,0.675,648,3480,420,37860,0.701596113809854,1010.29840388619,0.804573804573805,386.195426195426,0.65,624,6240,6420,38940,0.738376127689105,1063.26162387231,0.79002079002079,379.209979209979,0.7125,684,1860,1800,37440,0.773074253990285,1113.22692574601,0.775467775467775,372.224532224532,0.771875,741,1680,1200,37800,0.74323386537127,1070.25676613463,0.659043659043659,316.340956340956,0.785416666666667,754,15,37.2777777777778,24.8333333333333,34.5503355704698
"2026-02-14 10:00:00|Monitor48.txt|25",25,"2026-02-14 10:00:00|Monitor48.txt",2026-02-14T10:00:00Z,2026-02-20T10:30:00Z,"OK","M","DGRP589","21.5C","Winter","NA","08:12","M48","Batch25_DGRP",0.682212706862632,982.38629788219,0.71676501214856,344.047205831309,0.664930555555556,638.333333333333,0,4680,57660,0.702290076335878,1011.29770992366,0.802494802494803,385.197505197505,0.652083333333333,626,8280,12600,8280,0.704371963913949,1014.29562803609,0.792099792099792,380.2079002079,0.660416666666667,634,2940,780,38280,0.667591950034698,961.332408049965,0.781704781704782,375.218295218295,0.610416666666667,586,60,360,3420,0.667591950034698,961.332408049965,0.694386694386694,333.305613305613,0.654166666666667,628,900,420,38040,0.647467036780014,932.35253296322,0.598752598752599,287.401247401247,0.671875,645,120,360,38280,0.702984038861901,1012.29701596114,0.627858627858628,301.372141372141,0.740625,711,17.3333333333333,34.3557692307692,27.3333333333333,30.0548780487805
"2026-02-14 10:00:00|Monitor48.txt|26",26,"2026-02-14 10:00:00|Monitor48.txt",2026-02-14T10:00:00Z,2026-02-20T10:30:00Z,"OK","M","DGRP589","21.5C","Winter","NA","08:12","M48","Batch25_DGRP",0.714500636500405,1028.88091656058,0.827837556404026,397.362027073933,0.6578125,631.5,0,3120,82440,0.775156141568355,1116.22484385843,0.841995841995842,404.158004158004,0.741666666666667,712,18600,7140,43440,0.777238029146426,1119.22276197085,0.856548856548857,411.143451143451,0.7375,708,5760,8340,15000,0.662040249826509,953.337959750174,0.829521829521829,398.170478170478,0.578125,555,1140,7980,38940,0.643997224149896,927.35600277585,0.802494802494803,385.197505197505,0.564583333333333,542,660,2940,82140,0.709923664122137,1022.29007633588,0.814968814968815,391.185031185031,0.657291666666667,631,11760,10260,36000,0.719639139486468,1036.28036086051,0.823284823284823,395.176715176715,0.667708333333333,641,7.5,65.0444444444444,28.8333333333333,32.4913294797688
"2026-02-14 10:00:00|Monitor48.txt|27",27,"2026-02-14 10:00:00|Monitor48.txt",2026-02-14T10:00:00Z,2026-02-20T10:30:00Z,"OK","M","DGRP589","21.5C","Winter","NA","08:12","M48","Batch25_DGRP",0.715426455271381,1030.21409559079,0.734467198889275,352.544255466852,0.705902777777778,677.666666666667,0,2040,37140,0.755031228313671,1087.24496877169,0.806652806652807,387.193347193347,0.729166666666667,700,360,300,35760,0.692574600971548,997.307425399029,0.698544698544699,335.301455301455,0.689583333333333,662,1740,480,42000,0.679389312977099,978.320610687023,0.754677754677755,362.245322245322,0.641666666666667,616,60,360,38700,0.747397640527412,1076.25260235947,0.727650727650728,349.272349272349,0.757291666666667,727,2760,1620,37320,0.728660652324775,1049.27133934768,0.735966735966736,353.264033264033,0.725,696,300,3600,57480,0.689798750867453,993.310201249133,0.683991683991684,328.316008316008,0.692708333333333,665,16.5,36.8585858585859,26.3333333333333,30.6835443037975
"2026-02-14 10:00:00|Monitor48.txt|28",28,"2026-02-14 10:00:00|Monitor48.txt",2026-02-14T10:00:00Z,2026-02-20T10:30:00Z,"OK","M","DGRP589","21.5C","Winter","NA","08:12","M48","Batch25_DGRP",0.745978474713575,1074.20900358755,0.661575841721624,317.55640402638,0.788194444444445,756.666666666667,960,4200,5220,0.734906315058987,1058.26509368494,0.812889812889813,390.18711018711,0.695833333333333,668,8520,300,31140,0.791117279666898,1139.20888272033,0.775467775467775,372.224532224532,0.798958333333333,767,720,540,35760,0.65440666204025,942.34559333796,0.471933471933472,226.528066528067,0.745833333333333,716,180,600,48360,0.723108952116586,1041.27689104788,0.594594594594595,285.405405405405,0.7875,756,1200,1920,31020,0.762664816099931,1098.2373351839,0.598752598752599,287.401247401247,0.844791666666667,811,1500,2520,32760,0.809160305343512,1165.19083969466,0.715176715176715,343.284823284823,0.85625,822,21.1666666666667,22.1181102362205,26,36.0897435897436
"2026-02-14 10:00:00|Monitor48.txt|30",30,"2026-02-14 10:00:00|Monitor48.txt",2026-02-14T10:00:00Z,2026-02-20T10:30:00Z,"OK","M","DGRP589","21.5C","Winter","NA","08:12","M48","Batch25_DGRP",0.792153685915982,1140.70130771901,0.75216938562999,361.041305102395,0.812152777777778,779.666666666667,1140,5220,33300,0.803608605135323,1157.19639139486,0.785862785862786,377.214137214137,0.8125,780,780,4140,31800,0.7529493407356,1084.24705065926,0.752598752598753,361.247401247401,0.753125,723,7920,1080,30720,0.764746703678001,1101.23525329632,0.746361746361746,358.253638253638,0.773958333333333,743,3300,300,30840,0.810548230395559,1167.1894517696,0.715176715176715,343.284823284823,0.858333333333333,824,2160,1020,30840,0.799444829979181,1151.20055517002,0.746361746361746,358.253638253638,0.826041666666667,793,2820,5700,31260,0.821651630811936,1183.17834836919,0.767151767151767,368.232848232848,0.848958333333333,815,11.1666666666667,42.2686567164179,15.5,61.989247311828
"2026-02-14 10:00:00|Monitor48.txt|31",31,"2026-02-14 10:00:00|Monitor48.txt",2026-02-14T10:00:00Z,2026-02-20T10:30:00Z,"OK","M","DGRP589","21.5C","Winter","NA","08:12","M48","Batch25_DGRP",0.565443814373337,814.239092697605,0.644220756681708,309.22596320722,0.526041666666667,505,120,4140,61020,0.721721027064539,1039.27827897294,0.831600831600832,399.168399168399,0.666666666666667,640,2760,13380,2760,0.7529493407356,1084.24705065926,0.835758835758836,401.164241164241,0.711458333333333,683,1020,3000,5700,0.687022900763359,989.312977099237,0.798336798336798,383.201663201663,0.63125,606,360,1740,63300,0.433032616238723,623.566967383761,0.509355509355509,244.490644490645,0.394791666666667,379,120,2400,64560,0.454545454545455,654.545454545455,0.652806652806653,313.347193347193,0.355208333333333,341,720,300,60300,0.343511450381679,494.656488549618,0.237006237006237,113.762993762994,0.396875,381,15.3333333333333,38.4239130434783,35.8333333333333,23.1906976744186
"2026-02-14 10:00:00|Monitor49.txt|03",3,"2026-02-14 10:00:00|Monitor49.txt",2026-02-14T10:00:00Z,2026-02-20T10:30:00Z,"OK","M","DGRP765","21.5C","Winter","NA","08:12","M49","Batch25_DGRP",0.0918875130193265,132.31801874783,0.180839986115932,86.8031933356474,0.0473958333333333,45.5,25980,540,67800,0.022206800832755,31.9777931991673,0.0187110187110187,8.98128898128898,0.0239583333333333,23,4800,300,74760,0.080499653018737,115.919500346981,0.126819126819127,60.8731808731809,0.0572916666666667,55,9720,660,22980,0.0971547536433033,139.902845246357,0.203742203742204,97.7962577962578,0.04375,42,5580,480,15720,0.158917418459403,228.841082581541,0.318087318087318,152.681912681913,0.0791666666666667,76,7440,360,13200,0.120055517002082,172.879944482998,0.278586278586279,133.721413721414,0.040625,39,10020,420,13680,0.0721721027064539,103.927827897294,0.137214137214137,65.8627858627859,0.0395833333333333,38,16.6666666666667,52.59,7.66666666666667,72.6956521739131
"2026-02-14 10:00:00|Monitor49.txt|04",4,"2026-02-14 10:00:00|Monitor49.txt",2026-02-14T10:00:00Z,2026-02-20T10:30:00Z,"OK","M","DGRP765","21.5C","Winter","NA","08:12","M49","Batch25_DGRP",0.272190718666821,391.954634880222,0.509198195071156,244.415133634155,0.153645833333333,147.5,240,780,20460,0.272727272727273,392.727272727273,0.744282744282744,357.255717255717,0.0364583333333333,35,3180,840,19140,0.197779319916724,284.802220680083,0.561330561330561,269.43866943867,0.015625,15,840,960,71160,0.306037473976405,440.693962526024,0.53014553014553,254.469854469854,0.19375,186,1260,600,72420,0.276891047883414,398.723108952117,0.35966735966736,172.640332640333,0.235416666666667,226,1680,2820,1680,0.245662734212353,353.754337265788,0.395010395010395,189.60498960499,0.170833333333333,164,5640,1020,62340,0.334489937543373,481.665510062457,0.463617463617464,222.536382536383,0.269791666666667,259,21,45.0238095238095,16.1666666666667,29.7422680412371
"2026-02-14 10:00:00|Monitor49.txt|05",5,"2026-02-14 10:00:00|Monitor49.txt",2026-02-14T10:00:00Z,2026-02-20T10:30:00Z,"OK","M","DGRP765","21.5C","Winter","NA","08:12","M49","Batch25_DGRP",0.266057169309108,383.122323805115,0.321069073238459,154.11315515446,0.238541666666667,229,3960,360,42600,0.672449687716863,968.327550312283,0.424116424116424,203.575883575884,0.796875,765,60,360,2940,0.157529493407356,226.842470506593,0.367983367983368,176.632016632017,0.0520833333333333,50,1800,780,77040,0.287300485773768,413.712699514226,0.326403326403326,156.673596673597,0.267708333333333,257,720,300,15660,0.207494795281055,298.792505204719,0.336798336798337,161.663201663202,0.142708333333333,137,6180,420,10260,0.1235253296322,177.876474670368,0.280665280665281,134.719334719335,0.0447916666666667,43,3360,300,64380,0.147814018043026,212.852185981957,0.189189189189189,90.8108108108108,0.127083333333333,122,27.8333333333333,25.1556886227545,29.8333333333333,24.1284916201117
"2026-02-14 10:00:00|Monitor49.txt|06",6,"2026-02-14 10:00:00|Monitor49.txt",2026-02-14T10:00:00Z,2026-02-20T10:30:00Z,"OK","M","DGRP765","21.5C","Winter","NA","08:12","M49","Batch25_DGRP",0.143964818886703,207.309339196852,0.215897257896564,103.630683790351,0.107986111111111,103.666666666667,420,1380,13740,0.223455933379598,321.77654406662,0.607068607068607,291.392931392931,0.03125,30,1680,720,70740,0.110340041637752,158.889659958362,0.14968814968815,71.8503118503119,0.090625,87,5760,300,68520,0.114503816793893,164.885496183206,0.14968814968815,71.8503118503119,0.096875,93,2700,300,67260,0.134628730048577,193.865371269951,0.124740124740125,59.8752598752599,0.139583333333333,134,8160,540,63060,0.122137404580153,175.87786259542,0.128898128898129,61.8711018711019,0.11875,114,0,540,62880,0.16030534351145,230.839694656489,0.139293139293139,66.8607068607069,0.170833333333333,164,18.3333333333333,59.0727272727273,15,23.0111111111111
"2026-02-14 10:00:00|Monitor49.txt|07",7,"2026-02-14 10:00:00|Monitor49.txt",2026-02-14T10:00:00Z,2026-02-20T10:30:00Z,"OK","M","DGRP765","21.5C","Winter","NA","08:12","M49","Batch25_DGRP",0.268718898275663,386.955213516954,0.461298160360986,221.423116973273,0.172395833333333,165.5,1080,300,76200,0.235947258848022,339.764052741152,0.507276507276507,243.492723492724,0.1,96,4920,300,75420,0.317834836918806,457.682165163081,0.515592515592516,247.484407484408,0.21875,210,2640,480,16980,0.258848022206801,372.741151977793,0.517671517671518,248.482328482328,0.129166666666667,124,420,360,9660,0.307425399028452,442.692574600972,0.401247401247401,192.598752598753,0.260416666666667,250,4860,300,68040,0.222761970853574,320.777238029146,0.318087318087318,152.681912681913,0.175,168,3420,780,64260,0.269257460097155,387.730742539903,0.505197505197505,242.494802494803,0.151041666666667,145,23.3333333333333,36.2785714285714,15.3333333333333,37.7173913043478
"2026-02-14 10:00:00|Monitor49.txt|08",8,"2026-02-14 10:00:00|Monitor49.txt",2026-02-14T10:00:00Z,2026-02-20T10:30:00Z,"OK","M","DGRP765","21.5C","Winter","NA","08:12","M49","Batch25_DGRP",0.213632681402615,307.631061219766,0.2499132245748,119.958347795904,0.195486111111111,187.666666666667,2640,660,67560,0.260929909784872,375.739070090215,0.324324324324324,155.675675675676,0.229166666666667,220,5280,420,70200,0.20471894517696,294.795281054823,0.266112266112266,127.733887733888,0.173958333333333,167,4680,480,74520,0.227619708535739,327.772380291464,0.390852390852391,187.609147609148,0.145833333333333,140,6540,480,73380,0.214434420541291,308.785565579459,0.214137214137214,102.785862785863,0.214583333333333,206,1200,300,70500,0.139486467730743,200.860513532269,0.139293139293139,66.8607068607069,0.139583333333333,134,360,300,62580,0.234559333795975,337.765440666204,0.164241164241164,78.8357588357588,0.269791666666667,259,18.5,47.7297297297297,14.6666666666667,37.1590909090909
"2026-02-14 10:00:00|Monitor49.txt|09",9,"2026-02-14 10:00:00|Monitor49.txt",2026-02-14T10:00:00Z,2026-02-20T10:30:00Z,"OK","M","DGRP765","21.5C","Winter","NA","08:12","M49","Batch25_DGRP",0.294178914477491,423.617636847587,0.70426935091982,338.049288441513,0.0890625,85.5,0,600,6480,0.339347675225538,488.660652324774,0.852390852390852,409.147609147609,0.0822916666666667,79,240,420,5760,0.299097848716169,430.700902151284,0.704781704781705,338.295218295218,0.0958333333333333,92,1560,1740,6060,0.253990284524636,365.746009715475,0.715176715176715,343.284823284823,0.0229166666666667,22,300,420,72120,0.284524635669674,409.71547536433,0.634095634095634,304.365904365904,0.109375,105,660,540,67140,0.290770298403886,418.709229701596,0.611226611226611,293.388773388773,0.130208333333333,125,480,1080,2040,0.298403886190146,429.70159611381,0.706860706860707,339.293139293139,0.09375,90,26.1666666666667,38.4585987261146,7.33333333333333,55.9090909090909
"2026-02-14 10:00:00|Monitor49.txt|10",10,"2026-02-14 10:00:00|Monitor49.txt",2026-02-14T10:00:00Z,2026-02-20T10:30:00Z,"OK","M","DGRP765","21.5C","Winter","NA","08:12","M49","Batch25_DGRP",0.196042124754079,282.300659645874,0.161749392572024,77.6397084345713,0.213194444444444,204.666666666667,7020,480,22140,0.0888272033310201,127.911172796669,0.164241164241164,78.8357588357588,0.0510416666666667,49,6900,360,64380,0.0818875780707842,117.918112421929,0.108108108108108,51.8918918918919,0.06875,66,1380,300,46740,0.206106870229008,296.793893129771,0.24948024948025,119.75051975052,0.184375,177,1740,300,48780,0.30117973629424,433.698820263706,0.307692307692308,147.692307692308,0.297916666666667,286,240,600,49440,0.214434420541291,308.785565579459,0.11018711018711,52.8898128898129,0.266666666666667,256,11400,600,59580,0.28383067314365,408.716169326856,0.0311850311850312,14.968814968815,0.410416666666667,394,18.6666666666667,42.5714285714286,23.5,27.0283687943262
"2026-02-14 10:00:00|Monitor49.txt|11",11,"2026-02-14 10:00:00|Monitor49.txt",2026-02-14T10:00:00Z,2026-02-20T10:30:00Z,"OK","M","DGRP765","21.5C","Winter","NA","08:12","M49","Batch25_DGRP",0.103923157042009,149.649346140493,0.303366886497744,145.616105518917,0.00416666666666667,4,3780,960,14640,0.148507980569049,213.851492019431,0.444906444906445,213.555093555094,0,0,4200,300,19980,0.083969465648855,120.916030534351,0.251559251559252,120.748440748441,0,0,1320,300,10080,0.0652324774462179,93.9347675225538,0.158004158004158,75.8419958419959,0.01875,18,5940,900,20700,0.080499653018737,115.919500346981,0.241164241164241,115.758835758836,0,0,5640,1020,19620,0.111727966689799,160.88827203331,0.322245322245322,154.677754677755,0.00625,6,1080,300,7380,0.13324080499653,191.866759195003,0.399168399168399,191.600831600832,0,0,19,68.5964912280702,1.16666666666667,111.285714285714
"2026-02-14 10:00:00|Monitor49.txt|13",13,"2026-02-14 10:00:00|Monitor49.txt",2026-02-14T10:00:00Z,2026-02-20T10:30:00Z,"OK","M","DGRP765","21.5C","Winter","NA","08:12","M49","Batch25_DGRP",0.732322647841685,1054.54461289203,0.78757375911142,378.035404373482,0.7046875,676.5,240,1320,73440,0.793199167244969,1142.20680083276,0.879417879417879,422.120582120582,0.75,720,660,300,40680,0.915336571825121,1318.08466342817,0.904365904365904,434.095634095634,0.920833333333333,884,3360,1260,9840,0.786259541984733,1132.21374045802,0.927234927234927,445.072765072765,0.715625,687,1800,480,74940,0.623872310895212,898.376127689105,0.565488565488566,271.434511434512,0.653125,627,1620,360,19380,0.673837612768911,970.326162387231,0.738045738045738,354.261954261954,0.641666666666667,616,840,480,4260,0.60235947258848,867.397640527412,0.713097713097713,342.286902286902,0.546875,525,29,16.2586206896552,68.1666666666667,13.1760391198044
"2026-02-14 10:00:00|Monitor49.txt|14",14,"2026-02-14 10:00:00|Monitor49.txt",2026-02-14T10:00:00Z,2026-02-20T10:30:00Z,"OK","M","DGRP765","21.5C","Winter","NA","08:12","M49","Batch25_DGRP",0.134822358523319,194.144196273579,0.146476917736897,70.3089205137105,0.128993055555556,123.833333333333,17820,300,71100,0.141568355308813,203.858431644691,0.0291060291060291,13.970893970894,0.197916666666667,190,4860,480,75660,0.115197779319917,165.88480222068,0.166320166320166,79.8336798336798,0.0895833333333333,86,10500,1920,74700,0.0777238029146426,111.922276197085,0.122661122661123,58.8773388773389,0.0552083333333333,53,6840,1800,63900,0.174184594031922,250.825815405968,0.284823284823285,136.715176715177,0.11875,114,1500,300,64560,0.0763358778625954,109.923664122137,0.116424116424116,55.8835758835759,0.05625,54,960,420,60000,0.223455933379598,321.77654406662,0.158004158004158,75.8419958419959,0.25625,246,10.8333333333333,93.8,9.16666666666667,45.6181818181818
"2026-02-14 10:00:00|Monitor49.txt|15",15,"2026-02-14 10:00:00|Monitor49.txt",2026-02-14T10:00:00Z,2026-02-20T10:30:00Z,"OK","M","DGRP765","21.5C","Winter","NA","08:12","M49","Batch25_DGRP",0.263511167688925,379.456081472052,0.435612634501909,209.094064560916,0.177430555555556,170.333333333333,0,840,21060,0.21235253296322,305.787647467037,0.455301455301455,218.544698544699,0.090625,87,660,420,1320,0.307425399028452,442.692574600972,0.411642411642412,197.588357588358,0.255208333333333,245,0,360,6420,0.374045801526718,538.625954198473,0.544698544698545,261.455301455301,0.288541666666667,277,840,420,2880,0.204024982650937,293.795975017349,0.330561330561331,158.669438669439,0.140625,135,840,300,6240,0.191533657182512,275.808466342818,0.415800415800416,199.5841995842,0.0791666666666667,76,60,420,14100,0.292158223455933,420.707841776544,0.455301455301455,218.544698544699,0.210416666666667,202,32.5,22.1948717948718,36.3333333333333,18.848623853211
"2026-02-14 10:00:00|Monitor49.txt|16",16,"2026-02-14 10:00:00|Monitor49.txt",2026-02-14T10:00:00Z,2026-02-20T10:30:00Z,"OK","M","DGRP765","21.5C","Winter","NA","08:12","M49","Batch25_DGRP",0.0788103228792964,113.486864946187,0.1249566122874,59.9791738979521,0.0557291666666667,53.5,11820,360,16140,0.0138792505204719,19.9861207494795,0.0415800415800416,19.95841995842,0,0,3540,1140,84360,0.0680083275503123,97.9319916724497,0.135135135135135,64.8648648648649,0.034375,33,16440,600,17100,0.0353920888272033,50.9646079111728,0.0831600831600832,39.9168399168399,0.0114583333333333,11,8580,300,85320,0.0367800138792505,52.9632199861208,0.0727650727650728,34.9272349272349,0.01875,18,8280,540,69840,0.122137404580153,175.87786259542,0.218295218295218,104.781704781705,0.0739583333333333,71,4920,780,66120,0.197085357390701,283.802914642609,0.1995841995842,95.8004158004158,0.195833333333333,188,10.5,113.698412698413,4,60.5
"2026-02-14 10:00:00|Monitor49.txt|17",17,"2026-02-14 10:00:00|Monitor49.txt",2026-02-14T10:00:00Z,2026-02-20T10:30:00Z,"OK","M","DGRP765","21.5C","Winter","NA","08:12","M49","Batch25_DGRP",0.263974077074413,380.122670987154,0.300937174592156,144.449843804235,0.245486111111111,235.666666666667,0,300,73380,0.366412213740458,527.63358778626,0.623700623700624,299.376299376299,0.2375,228,3660,1020,66180,0.245662734212353,353.754337265788,0.330561330561331,158.669438669439,0.203125,195,3060,600,66240,0.196391394864677,282.803608605135,0.276507276507277,132.723492723493,0.15625,150,5520,300,62100,0.201943095072866,290.798056904927,0.174636174636175,83.8253638253639,0.215625,207,3000,720,61020,0.278278972935462,400.721721027065,0.212058212058212,101.787941787942,0.311458333333333,299,240,1140,60720,0.294240111034004,423.705759888966,0.185031185031185,88.8149688149688,0.348958333333333,335,23.1666666666667,36.3381294964029,16,36.1666666666667
"2026-02-14 10:00:00|Monitor49.txt|18",18,"2026-02-14 10:00:00|Monitor49.txt",2026-02-14T10:00:00Z,2026-02-20T10:30:00Z,"OK","M","DGRP765","21.5C","Winter","NA","08:12","M49","Batch25_DGRP",0.22636268950353,325.962272885083,0.455050329746616,218.424158278376,0.111979166666667,107.5,2520,480,10020,0.0922970159611381,132.907702984039,0.264033264033264,126.735966735967,0.00625,6,3720,480,17400,0.217210270645385,312.782789729355,0.444906444906445,213.555093555094,0.103125,99,360,720,65400,0.271339347675226,390.728660652325,0.550935550935551,264.449064449064,0.13125,126,1140,780,9240,0.276891047883414,398.723108952117,0.46985446985447,225.530145530146,0.180208333333333,173,360,420,15480,0.203331020124913,292.796668979875,0.465696465696466,223.534303534304,0.071875,69,1380,3840,1380,0.297015961138099,427.702984038862,0.532224532224532,255.467775467776,0.179166666666667,172,19,55.1666666666667,10,37.9833333333333
"2026-02-14 10:00:00|Monitor49.txt|19",19,"2026-02-14 10:00:00|Monitor49.txt",2026-02-14T10:00:00Z,2026-02-20T10:30:00Z,"OK","M","DGRP765","21.5C","Winter","NA","08:12","M49","Batch25_DGRP",0.288971183890753,416.118504802685,0.426587990281152,204.762235334953,0.220138888888889,211.333333333333,7980,360,72540,0.165857043719639,238.83414295628,0.214137214137214,102.785862785863,0.141666666666667,136,1500,540,14580,0.27411519777932,394.725884802221,0.446985446985447,214.553014553015,0.1875,180,2880,840,72240,0.237335183900069,341.7626648161,0.357588357588358,171.642411642412,0.177083333333333,170,1020,360,72600,0.393476752255378,566.606523247745,0.613305613305613,294.386694386694,0.283333333333333,272,900,300,66420,0.279666897987509,402.720333102013,0.367983367983368,176.632016632017,0.235416666666667,226,1260,360,65580,0.382373351839001,550.617626648161,0.555093555093555,266.444906444906,0.295833333333333,284,20.6666666666667,46.0645161290323,17.1666666666667,27.3203883495146
"2026-02-14 10:00:00|Monitor49.txt|20",20,"2026-02-14 10:00:00|Monitor49.txt",2026-02-14T10:00:00Z,2026-02-20T10:30:00Z,"OK","M","DGRP765","21.5C","Winter","NA","08:12","M49","Batch25_DGRP",0.155421826177526,223.807429695637,0.370704616452621,177.938215897258,0.0477430555555556,45.8333333333333,240,780,11040,0.244968771686329,352.755031228314,0.586278586278586,281.413721413721,0.0739583333333333,71,1320,480,14940,0.154753643303262,222.845246356697,0.376299376299376,180.623700623701,0.04375,42,1920,420,9360,0.155447605829285,223.844552394171,0.392931392931393,188.607068607069,0.0364583333333333,35,2940,360,24660,0.132546842470507,190.86745315753,0.268191268191268,128.731808731809,0.0645833333333333,62,4800,900,83460,0.108952116585704,156.891047883414,0.245322245322245,117.754677754678,0.040625,39,1020,540,14940,0.136710617626648,196.863289382373,0.355509355509356,170.644490644491,0.0270833333333333,26,25.5,44.921568627451,8.33333333333333,33.96
"2026-02-14 10:00:00|Monitor49.txt|21",21,"2026-02-14 10:00:00|Monitor49.txt",2026-02-14T10:00:00Z,2026-02-20T10:30:00Z,"OK","M","DGRP765","21.5C","Winter","NA","08:12","M49","Batch25_DGRP",0.42124754079389,606.596458743201,0.555709822978133,266.740715029504,0.353993055555556,339.833333333333,1440,1560,20940,0.470506592643997,677.529493407356,0.625779625779626,300.37422037422,0.392708333333333,377,2220,360,66660,0.408049965301874,587.591950034698,0.565488565488566,271.434511434512,0.329166666666667,316,1260,2100,16740,0.425399028452464,612.574600971548,0.602910602910603,289.397089397089,0.336458333333333,323,1440,660,57720,0.412907702984039,594.587092297016,0.507276507276507,243.492723492724,0.365625,351,3060,300,13020,0.38792505204719,558.612074947953,0.503118503118503,241.496881496882,0.330208333333333,317,2340,840,6960,0.421929215822346,607.578070784178,0.525987525987526,252.474012474012,0.369791666666667,355,24.6666666666667,25.472972972973,31.1666666666667,25.4064171122995
"2026-02-14 10:00:00|Monitor49.txt|22",22,"2026-02-14 10:00:00|Monitor49.txt",2026-02-14T10:00:00Z,2026-02-20T10:30:00Z,"OK","M","DGRP765","21.5C","Winter","NA","08:12","M49","Batch25_DGRP",0.0363383867607916,52.3272769355399,0.0284623394654634,13.6619229434224,0.0402777777777778,38.6666666666667,12840,540,12840,0.0152671755725191,21.9847328244275,0.0311850311850312,14.968814968815,0.00729166666666667,7,11700,420,71700,0.0312283136710618,44.9687716863289,0.0395010395010395,18.960498960499,0.0270833333333333,26,17760,420,84120,0.0416377515614157,59.9583622484386,0.0353430353430353,16.964656964657,0.0447916666666667,43,10500,300,69780,0.0360860513532269,51.9639139486468,0.0311850311850312,14.968814968815,0.0385416666666667,37,21600,300,68760,0.0471894517696044,67.9528105482304,0.0103950103950104,4.98960498960499,0.065625,63,1020,360,48120,0.0464954892435809,66.9535045107564,0.0228690228690229,10.977130977131,0.0583333333333333,56,4.5,201.407407407407,9.16666666666667,58.1272727272727
"2026-02-14 10:00:00|Monitor49.txt|23",23,"2026-02-14 10:00:00|Monitor49.txt",2026-02-14T10:00:00Z,2026-02-20T10:30:00Z,"OK","M","DGRP765","21.5C","Winter","NA","08:12","M49","Batch25_DGRP",0.535007522277514,770.41083207962,0.673377299548768,323.221103783409,0.465798611111111,447.166666666667,1020,300,6540,0.521859819569743,751.47814018043,0.677754677754678,325.322245322245,0.44375,426,480,300,85020,0.594031922276197,855.405968077724,0.721413721413721,346.278586278586,0.530208333333333,509,4140,540,63540,0.528799444829979,761.47120055517,0.663201663201663,318.336798336798,0.461458333333333,443,780,480,68520,0.473976405274115,682.526023594726,0.675675675675676,324.324324324324,0.372916666666667,358,660,660,65220,0.515614156835531,742.484385843165,0.711018711018711,341.288981288981,0.417708333333333,401,840,480,64380,0.575988896599584,829.4240111034,0.590436590436591,283.409563409563,0.56875,546,29.1666666666667,18.6685714285714,32.8333333333333,26.4467005076142
"2026-02-14 10:00:00|Monitor49.txt|24",24,"2026-02-14 10:00:00|Monitor49.txt",2026-02-14T10:00:00Z,2026-02-20T10:30:00Z,"OK","M","DGRP765","21.5C","Winter","NA","08:12","M49","Batch25_DGRP",0.0417775720402731,60.1597037379933,0.102395001735509,49.1496008330441,0.0114583333333333,11,7920,300,18600,0.0159611380985427,22.9840388619015,0.0478170478170478,22.952182952183,0,0,960,300,21600,0.0610687022900763,87.9389312977099,0.170478170478171,81.8295218295218,0.00625,6,6000,420,25200,0.0430256766134629,61.9569743233865,0.116424116424116,55.8835758835759,0.00625,6,4620,480,4620,0.0180430256766135,25.9819569743234,0.0540540540540541,25.9459459459459,0,0,14400,540,74880,0.0471894517696044,67.9528105482304,0.0540540540540541,25.9459459459459,0.04375,42,2880,300,25140,0.0652324774462179,93.9347675225538,0.170478170478171,81.8295218295218,0.0125,12,14,81.6785714285714,3.16666666666667,92.8421052631579
"2026-02-14 10:00:00|Monitor49.txt|25",25,"2026-02-14 10:00:00|Monitor49.txt",2026-02-14T10:00:00Z,2026-02-20T10:30:00Z,"OK","M","DGRP765","21.5C","Winter","NA","08:12","M49","Batch25_DGRP",0.200555491262585,288.799907418123,0.11662617146824,55.9805623047553,0.242534722222222,232.833333333333,13680,540,48720,0.160999306037474,231.839000693963,0.0810810810810811,38.9189189189189,0.201041666666667,193,180,300,79740,0.213046495489244,306.786953504511,0.143451143451143,68.8565488565489,0.247916666666667,238,6240,660,74340,0.249826509368494,359.750173490632,0.191268191268191,91.8087318087318,0.279166666666667,268,11160,780,73320,0.262317834836919,377.737682165163,0.106029106029106,50.8939708939709,0.340625,327,1020,300,70140,0.126301179736294,181.873698820264,0.126819126819127,60.8731808731809,0.126041666666667,121,6120,600,44700,0.190145732130465,273.80985426787,0.0498960498960499,23.950103950104,0.260416666666667,250,13,47.9871794871795,29.1666666666667,27.5314285714286
"2026-02-14 10:00:00|Monitor49.txt|27",27,"2026-02-14 10:00:00|Monitor49.txt",2026-02-14T10:00:00Z,2026-02-20T10:30:00Z,"OK","M","DGRP765","21.5C","Winter","NA","08:12","M49","Batch25_DGRP",0.0583265825714616,83.9902789029048,0.116279069767442,55.8139534883721,0.0293402777777778,28.1666666666667,5040,300,18660,0.0485773768216516,69.9514226231784,0.135135135135135,64.8648648648649,0.00520833333333333,5,12900,420,23940,0.0346981263011797,49.9653018736988,0.0810810810810811,38.9189189189189,0.0114583333333333,11,4260,300,23040,0.0631505898681471,90.9368494101319,0.126819126819127,60.8731808731809,0.03125,30,1740,360,65820,0.0700902151283831,100.929909784872,0.0852390852390852,40.9147609147609,0.0625,60,6840,360,71880,0.104788341429563,150.89521165857,0.182952182952183,87.8170478170478,0.065625,63,180,300,16980,0.0284524635669674,40.971547536433,0.0852390852390852,40.9147609147609,0,0,13,91.6025641025641,6.5,37.8205128205128
"2026-02-14 10:00:00|Monitor49.txt|28",28,"2026-02-14 10:00:00|Monitor49.txt",2026-02-14T10:00:00Z,2026-02-20T10:30:00Z,"OK","M","DGRP765","21.5C","Winter","NA","08:12","M49","Batch25_DGRP",0.238745515565328,343.793542414072,0.380423464074974,182.603262755987,0.167881944444444,161.166666666667,2460,660,19980,0.136710617626648,196.863289382373,0.380457380457381,182.619542619543,0.0145833333333333,14,1500,420,18300,0.165163081193616,237.834836918806,0.405405405405405,194.594594594595,0.0447916666666667,43,420,360,66000,0.278278972935462,400.721721027065,0.355509355509356,170.644490644491,0.239583333333333,230,960,360,65400,0.224843858431645,323.775156141568,0.303534303534304,145.696465696466,0.185416666666667,178,420,360,67740,0.346981263011797,499.653018736988,0.43035343035343,206.569646569647,0.305208333333333,293,4080,4740,4080,0.280360860513532,403.719639139486,0.405405405405405,194.594594594595,0.217708333333333,209,26.5,39.1446540880503,13.5,29
"2026-02-14 10:00:00|Monitor49.txt|30",30,"2026-02-14 10:00:00|Monitor49.txt",2026-02-14T10:00:00Z,2026-02-20T10:30:00Z,"OK","M","DGRP765","21.5C","Winter","NA","08:12","M49","Batch25_DGRP",0.109478069667863,157.648420321722,0.172162443595974,82.6379729260674,0.078125,75,3120,1740,3120,0.058292852185982,83.941707147814,0.174636174636175,83.8253638253639,0,0,1020,540,12540,0.073560027758501,105.926439972242,0.158004158004158,75.8419958419959,0.03125,30,180,420,62760,0.0777238029146426,111.922276197085,0.11018711018711,52.8898128898129,0.0614583333333333,59,840,540,59520,0.183900069396253,264.816099930604,0.1995841995842,95.8004158004158,0.176041666666667,169,3840,3060,3840,0.142262317834837,204.857737682165,0.232848232848233,111.767151767152,0.096875,93,4680,360,67140,0.120749479528105,173.879250520472,0.155925155925156,74.8440748440749,0.103125,99,14,74.5119047619048,10.1666666666667,38.8032786885246
"2026-02-14 10:00:00|Monitor49.txt|31",31,"2026-02-14 10:00:00|Monitor49.txt",2026-02-14T10:00:00Z,2026-02-20T10:30:00Z,"OK","M","DGRP765","21.5C","Winter","NA","08:12","M49","Batch25_DGRP",0.224742506654322,323.629209582224,0.439777854911489,211.093370357515,0.1171875,112.5,3300,540,74460,0.175572519083969,252.824427480916,0.388773388773389,186.611226611227,0.06875,66,3600,300,21180,0.199167244968772,286.800832755031,0.496881496881497,238.503118503119,0.05,48,660,2040,8340,0.269257460097155,387.730742539903,0.505197505197505,242.494802494803,0.151041666666667,145,660,600,67500,0.238029146426093,342.761970853574,0.347193347193347,166.652806652807,0.183333333333333,176,420,480,62940,0.304649548924358,438.695350451076,0.486486486486487,233.513513513514,0.213541666666667,205,540,300,64200,0.163081193615545,234.836918806385,0.415800415800416,199.5841995842,0.0364583333333333,35,31.8333333333333,29.3979057591623,14.5,33.8045977011494
"2026-02-14 10:00:00|Monitor49.txt|32",32,"2026-02-14 10:00:00|Monitor49.txt",2026-02-14T10:00:00Z,2026-02-20T10:30:00Z,"OK","M","DGRP765","21.5C","Winter","NA","08:12","M49","Batch25_DGRP",0.150677004976276,216.974887165837,0.248871919472405,119.458521346755,0.1015625,97.5,3000,960,4740,0.174184594031922,250.825815405968,0.415800415800416,199.5841995842,0.053125,51,1980,360,14280,0.103400416377516,148.896599583622,0.230769230769231,110.769230769231,0.0395833333333333,38,3060,480,14520,0.104788341429563,150.89521165857,0.207900207900208,99.7920997920998,0.053125,51,3360,360,65760,0.145038167938931,208.854961832061,0.172557172557173,82.8274428274428,0.13125,126,1020,300,76680,0.17765440666204,255.822345593338,0.25987525987526,124.740124740125,0.136458333333333,131,6600,300,75180,0.198473282442748,285.801526717557,0.203742203742204,97.7962577962578,0.195833333333333,188,21.3333333333333,44.9296875,14.1666666666667,33.235294117647
"2026-02-14 10:00:00|Monitor53.txt|02",2,"2026-02-14 10:00:00|Monitor53.txt",2026-02-14T10:00:00Z,2026-02-20T10:30:00Z,"OK","M","DGRP802","21.5C","Winter","NA","08:12","M53","Batch25_DGRP",0.568105543339891,818.071982409443,0.721277334258938,346.21312044429,0.491493055555556,471.833333333333,2100,3480,79260,0.488549618320611,703.511450381679,0.656964656964657,315.343035343035,0.404166666666667,388,16800,480,57840,0.587786259541985,846.412213740458,0.85031185031185,408.149688149688,0.45625,438,960,2220,46140,0.6294240111034,906.370575988897,0.752598752598753,361.247401247401,0.567708333333333,545,60,1200,46500,0.527411519777932,759.472588480222,0.592515592515593,284.407484407484,0.494791666666667,475,1260,3180,48180,0.599583622484386,863.400416377516,0.752598752598753,361.247401247401,0.522916666666667,502,420,840,45600,0.575988896599584,829.4240111034,0.721413721413721,346.278586278586,0.503125,483,15.8333333333333,46.3052631578947,12.8333333333333,53.8701298701299
"2026-02-14 10:00:00|Monitor53.txt|03",3,"2026-02-14 10:00:00|Monitor53.txt",2026-02-14T10:00:00Z,2026-02-20T10:30:00Z,"OK","M","DGRP802","21.5C","Winter","NA","08:12","M53","Batch25_DGRP",0.52702233537785,758.912162944104,0.712599791738979,342.04790003471,0.434201388888889,416.833333333333,900,5640,61860,0.52116585704372,750.478834142956,0.812889812889813,390.18711018711,0.375,360,3660,480,67140,0.477446217904233,687.522553782096,0.731808731808732,351.268191268191,0.35,336,2880,3840,61320,0.54823039555864,789.451769604441,0.717255717255717,344.282744282744,0.463541666666667,445,300,300,66780,0.550312283136711,792.449687716863,0.686070686070686,329.313929313929,0.482291666666667,463,3000,1380,58260,0.552394170714781,795.447605829285,0.642411642411642,308.357588357588,0.507291666666667,487,300,360,7740,0.512838306731437,738.487161693269,0.683991683991684,328.316008316008,0.427083333333333,410,20.1666666666667,38.504132231405,9.33333333333333,69.5892857142857
"2026-02-14 10:00:00|Monitor53.txt|04",4,"2026-02-14 10:00:00|Monitor53.txt",2026-02-14T10:00:00Z,2026-02-20T10:30:00Z,"OK","M","DGRP802","21.5C","Winter","NA","08:12","M53","Batch25_DGRP",0.7355630135401,1059.21073949774,0.868448455397432,416.855258590767,0.669097222222222,642.333333333333,0,2760,83940,0.727272727272727,1047.27272727273,0.833679833679834,400.16632016632,0.673958333333333,647,41160,540,41760,0.755725190839695,1088.24427480916,0.902286902286902,433.097713097713,0.682291666666667,655,3120,15600,42300,0.738376127689105,1063.26162387231,0.879417879417879,422.120582120582,0.667708333333333,641,13320,1380,84360,0.696738376127689,1003.30326162387,0.833679833679834,400.16632016632,0.628125,603,14520,540,42900,0.721721027064539,1039.27827897294,0.88981288981289,427.110187110187,0.6375,612,14700,1080,71880,0.774462179042332,1115.22553782096,0.873180873180873,419.126819126819,0.725,696,7.83333333333333,57.9787234042553,13.5,71.9012345679012
"2026-02-14 10:00:00|Monitor53.txt|05",5,"2026-02-14 10:00:00|Monitor53.txt",2026-02-14T10:00:00Z,2026-02-20T10:30:00Z,"OK","M","DGRP802","21.5C","Winter","NA","08:12","M53","Batch25_DGRP",0.600277745631293,864.399953709062,0.702533842415828,337.216244359597,0.549131944444445,527.166666666667,180,480,38520,0.767522553782096,1105.23247744622,0.877338877338877,421.122661122661,0.7125,684,540,1800,38880,0.676613462873005,974.323386537127,0.777546777546778,373.222453222453,0.626041666666667,601,2520,2700,67980,0.623178348369188,897.376821651631,0.646569646569647,310.35343035343,0.611458333333333,587,2940,360,65640,0.623178348369188,897.376821651631,0.708939708939709,340.29106029106,0.580208333333333,557,1140,1140,78240,0.475364330326162,684.524635669674,0.555093555093555,266.444906444906,0.435416666666667,418,1020,360,62760,0.437196391394865,629.562803608605,0.652806652806653,313.347193347193,0.329166666666667,316,20.3333333333333,25.8524590163935,28.3333333333333,31.4823529411765
"2026-02-14 10:00:00|Monitor53.txt|06",6,"2026-02-14 10:00:00|Monitor53.txt",2026-02-14T10:00:00Z,2026-02-20T10:30:00Z,"OK","M","DGRP802","21.5C","Winter","NA","08:12","M53","Batch25_DGRP",0.560004629093855,806.406665895151,0.668170774036793,320.721971537661,0.505902777777778,485.666666666667,4200,480,45900,0.580846634281749,836.419153365718,0.455301455301455,218.544698544699,0.64375,618,780,600,46620,0.566273421235253,815.433726578765,0.711018711018711,341.288981288981,0.49375,474,720,2280,80760,0.50381679389313,725.496183206107,0.77962577962578,374.220374220374,0.365625,351,5340,540,47700,0.593337959750174,854.40666204025,0.848232848232848,407.151767151767,0.465625,447,240,480,58740,0.534351145038168,769.465648854962,0.544698544698545,261.455301455301,0.529166666666667,508,1980,1200,68760,0.582234559333796,838.417765440666,0.671517671517672,322.328482328482,0.5375,516,24.6666666666667,28.0202702702703,11,66.5454545454546
"2026-02-14 10:00:00|Monitor53.txt|07",7,"2026-02-14 10:00:00|Monitor53.txt",2026-02-14T10:00:00Z,2026-02-20T10:30:00Z,"OK","M","DGRP802","21.5C","Winter","NA","08:12","M53","Batch25_DGRP",0.552135169540562,795.07464413841,0.716070808746963,343.713988198542,0.470138888888889,451.333333333333,0,22020,84900,0.487855655794587,702.512144344206,0.794178794178794,381.205821205821,0.334375,321,53520,24480,81840,0.634281748785566,913.365718251214,0.893970893970894,429.106029106029,0.504166666666667,484,49560,2100,66300,0.606523247744622,873.393476752255,0.767151767151767,368.232848232848,0.526041666666667,505,3000,480,67560,0.443442054129077,638.556557945871,0.507276507276507,243.492723492724,0.411458333333333,395,120,480,64140,0.478140180430257,688.52185981957,0.646569646569647,310.35343035343,0.39375,378,1500,1200,68280,0.662734212352533,954.337265787647,0.686070686070686,329.313929313929,0.651041666666667,625,12,53.2222222222223,14.3333333333333,54.9767441860465
"2026-02-14 10:00:00|Monitor53.txt|08",8,"2026-02-14 10:00:00|Monitor53.txt",2026-02-14T10:00:00Z,2026-02-20T10:30:00Z,"OK","M","DGRP802","21.5C","Winter","NA","08:12","M53","Batch25_DGRP",0.721212822589978,1038.54646452957,0.748351266921208,359.20860812218,0.707638888888889,679.333333333333,0,2220,40500,0.69882026370576,1006.30117973629,0.760914760914761,365.239085239085,0.667708333333333,641,4380,960,67140,0.744621790423317,1072.25537820958,0.752598752598753,361.247401247401,0.740625,711,1200,360,59460,0.725190839694657,1044.27480916031,0.723492723492724,347.276507276507,0.726041666666667,697,1080,1380,70080,0.6911866759195,995.30881332408,0.704781704781705,338.295218295218,0.684375,657,480,540,39060,0.715475364330326,1030.28452463567,0.796257796257796,382.203742203742,0.675,648,720,420,36420,0.7529493407356,1084.24705065926,0.754677754677755,362.245322245322,0.752083333333333,722,18.1666666666667,32.2935779816514,14.5,57.632183908046
"2026-02-14 10:00:00|Monitor53.txt|09",9,"2026-02-14 10:00:00|Monitor53.txt",2026-02-14T10:00:00Z,2026-02-20T10:30:00Z,"OK","M","DGRP802","21.5C","Winter","NA","08:12","M53","Batch25_DGRP",0.622150214095591,895.896308297651,0.675112808052759,324.054147865325,0.595659722222222,571.833333333333,0,3240,56220,0.639833448993754,921.360166551006,0.752598752598753,361.247401247401,0.583333333333333,560,480,2760,42720,0.653712699514226,941.346287300486,0.754677754677755,362.245322245322,0.603125,579,240,6060,60420,0.625954198473283,901.374045801527,0.792099792099792,380.2079002079,0.542708333333333,521,1260,480,68820,0.55794587092297,803.442054129077,0.523908523908524,251.476091476092,0.575,552,2160,420,40680,0.628036086051353,904.371963913949,0.58004158004158,278.419958419958,0.652083333333333,626,2280,1260,56820,0.62734212352533,903.372657876475,0.646569646569647,310.35343035343,0.617708333333333,593,23.6666666666667,27.5281690140845,21.3333333333333,35.8515625
"2026-02-14 10:00:00|Monitor53.txt|11",11,"2026-02-14 10:00:00|Monitor53.txt",2026-02-14T10:00:00Z,2026-02-20T10:30:00Z,"OK","M","DGRP802","21.5C","Winter","NA","08:12","M53","Batch25_DGRP",0.521004513366509,750.246499247772,0.681013536966331,326.886497743839,0.440972222222222,423.333333333333,1980,2280,83160,0.430256766134629,619.569743233865,0.636174636174636,305.363825363825,0.327083333333333,314,11160,9300,60960,0.549618320610687,791.450381679389,0.792099792099792,380.2079002079,0.428125,411,3780,420,62880,0.60999306037474,878.390006939625,0.723492723492724,347.276507276507,0.553125,531,0,1500,53280,0.536433032616239,772.463566967384,0.725571725571726,348.274428274428,0.441666666666667,424,3240,360,67320,0.573907009021513,826.426092990979,0.654885654885655,314.345114345114,0.533333333333333,512,1080,300,40440,0.427480916030534,615.57251908397,0.557172557172557,267.442827442828,0.3625,348,16.3333333333333,36.0714285714286,16.1666666666667,51.680412371134
"2026-02-14 10:00:00|Monitor53.txt|13",13,"2026-02-14 10:00:00|Monitor53.txt",2026-02-14T10:00:00Z,2026-02-20T10:30:00Z,"OK","M","DGRP802","21.5C","Winter","NA","08:12","M53","Batch25_DGRP",0.600624927670409,864.899895845388,0.655675112808053,314.724054147865,0.573090277777778,550.166666666667,3840,540,53100,0.546842470506593,787.453157529494,0.440748440748441,211.559251559252,0.6,576,2100,1200,44340,0.623178348369188,897.376821651631,0.77962577962578,374.220374220374,0.544791666666667,523,900,1980,51180,0.630117973629424,907.369882026371,0.650727650727651,312.349272349272,0.619791666666667,595,2880,5280,57540,0.581540596807772,837.418459403192,0.738045738045738,354.261954261954,0.503125,483,4320,840,59340,0.607217210270645,874.392782789729,0.673596673596674,323.326403326403,0.573958333333333,551,4140,1740,43020,0.613462873004858,883.386537126995,0.646569646569647,310.35343035343,0.596875,573,14,48.0833333333333,9.33333333333333,80.8571428571428
"2026-02-14 10:00:00|Monitor53.txt|14",14,"2026-02-14 10:00:00|Monitor53.txt",2026-02-14T10:00:00Z,2026-02-20T10:30:00Z,"OK","M","DGRP802","21.5C","Winter","NA","08:12","M53","Batch25_DGRP",0.538132160629557,774.910311306562,0.607427976397084,291.565428670601,0.503472222222222,483.333333333333,0,7980,85320,0.562803608605135,810.437196391395,0.814968814968815,391.185031185031,0.436458333333333,419,21480,480,54900,0.600277585010409,864.39972241499,0.806652806652807,387.193347193347,0.496875,477,5040,1020,59280,0.515614156835531,742.484385843165,0.675675675675676,324.324324324324,0.435416666666667,418,1620,480,46740,0.507980569049271,731.492019430951,0.528066528066528,253.471933471934,0.497916666666667,478,4320,480,46860,0.618320610687023,890.381679389313,0.613305613305613,294.386694386694,0.620833333333333,596,3900,300,46140,0.42470506592644,611.575294934074,0.207900207900208,99.7920997920998,0.533333333333333,512,18.5,38.7927927927928,9.5,74.0701754385965
"2026-02-14 10:00:00|Monitor53.txt|16",16,"2026-02-14 10:00:00|Monitor53.txt",2026-02-14T10:00:00Z,2026-02-20T10:30:00Z,"OK","M","DGRP802","21.5C","Winter","NA","08:12","M53","Batch25_DGRP",0.580719824094434,836.236546695984,0.850746268656716,408.358208955224,0.445659722222222,427.833333333333,0,1260,1500,0.564191533657183,812.435808466343,0.885654885654886,425.114345114345,0.403125,387,480,11880,52620,0.581540596807772,837.418459403192,0.846153846153846,406.153846153846,0.448958333333333,431,1860,1020,81360,0.550312283136711,792.449687716863,0.771309771309771,370.22869022869,0.439583333333333,422,13140,12600,83400,0.546842470506593,787.453157529494,0.881496881496882,423.118503118503,0.379166666666667,364,15000,2160,82320,0.60999306037474,878.390006939625,0.862785862785863,414.137214137214,0.483333333333333,464,9840,3420,47280,0.632893823733518,911.367106176267,0.858627858627859,412.141372141372,0.519791666666667,499,8.5,75.6862745098039,16.3333333333333,48.2142857142857
"2026-02-14 10:00:00|Monitor53.txt|17",17,"2026-02-14 10:00:00|Monitor53.txt",2026-02-14T10:00:00Z,2026-02-20T10:30:00Z,"OK","M","DGRP802","21.5C","Winter","NA","08:12","M53","Batch25_DGRP",0.655942599236199,944.557342900127,0.709128774730996,340.381811870878,0.629340277777778,604.166666666667,0,480,40680,0.746009715475364,1074.25399028452,0.856548856548857,411.143451143451,0.690625,663,14400,300,64920,0.652324774462179,939.347675225538,0.823284823284823,395.176715176715,0.566666666666667,544,300,660,61920,0.63705759888966,917.36294240111,0.698544698544699,335.301455301455,0.60625,582,420,720,42540,0.583622484385843,840.416377515614,0.586278586278586,281.413721413721,0.582291666666667,559,1680,4680,41400,0.687716863289382,990.312283136711,0.750519750519751,360.24948024948,0.65625,630,600,600,40860,0.6294240111034,906.370575988897,0.540540540540541,259.459459459459,0.673958333333333,647,18.1666666666667,32.7339449541284,13.1666666666667,63.1518987341772
"2026-02-14 10:00:00|Monitor53.txt|18",18,"2026-02-14 10:00:00|Monitor53.txt",2026-02-14T10:00:00Z,2026-02-20T10:30:00Z,"OK","M","DGRP802","21.5C","Winter","NA","08:12","M53","Batch25_DGRP",0.504918412220808,727.082513597963,0.660881638320028,317.223186393613,0.426909722222222,409.833333333333,0,300,85500,0.456627342123525,657.543372657877,0.821205821205821,394.178794178794,0.273958333333333,263,23220,600,73620,0.54059680777238,778.459403192228,0.835758835758836,401.164241164241,0.392708333333333,377,420,900,46380,0.559333795975017,805.440666204025,0.586278586278586,281.413721413721,0.545833333333333,524,360,840,69540,0.470506592643997,677.529493407356,0.586278586278586,281.413721413721,0.4125,396,600,480,73860,0.515614156835531,742.484385843165,0.58004158004158,278.419958419958,0.483333333333333,464,2880,4560,2880,0.487855655794587,702.512144344206,0.557172557172557,267.442827442828,0.453125,435,19.8333333333333,30.2016806722689,18,45.7407407407408
"2026-02-14 10:00:00|Monitor53.txt|20",20,"2026-02-14 10:00:00|Monitor53.txt",2026-02-14T10:00:00Z,2026-02-20T10:30:00Z,"OK","M","DGRP802","21.5C","Winter","NA","08:12","M53","Batch25_DGRP",0.700497627589399,1008.71658372874,0.723359944463728,347.212773342589,0.6890625,661.5,1200,1920,39960,0.699514226231784,1007.30048577377,0.808731808731809,388.191268191268,0.644791666666667,619,10200,1320,68640,0.718945176960444,1035.28105482304,0.85031185031185,408.149688149688,0.653125,627,2640,780,68580,0.718945176960444,1035.28105482304,0.694386694386694,333.305613305613,0.73125,702,3240,2340,71280,0.610687022900763,879.389312977099,0.656964656964657,315.343035343035,0.5875,564,2100,1620,39540,0.757807078417765,1091.24219292158,0.721413721413721,346.278586278586,0.776041666666667,745,720,420,41280,0.696044413601666,1002.3039555864,0.604989604989605,290.39501039501,0.741666666666667,712,18.5,31.7927927927928,16.3333333333333,50.7142857142857
"2026-02-14 10:00:00|Monitor53.txt|21",21,"2026-02-14 10:00:00|Monitor53.txt",2026-02-14T10:00:00Z,2026-02-20T10:30:00Z,"OK","M","DGRP802","21.5C","Winter","NA","08:12","M53","Batch25_DGRP",0.633028584654554,911.561161902558,0.75841721624436,364.040263797293,0.5703125,547.5,180,300,45000,0.594031922276197,855.405968077724,0.744282744282744,357.255717255717,0.51875,498,300,300,3780,0.625260235947259,900.374739764053,0.829521829521829,398.170478170478,0.522916666666667,502,0,420,70680,0.614850798056905,885.385149201943,0.762993762993763,366.237006237006,0.540625,519,180,360,47220,0.596807772380292,859.40319222762,0.750519750519751,360.24948024948,0.519791666666667,499,660,300,50460,0.682165163081194,982.317834836919,0.754677754677755,362.245322245322,0.645833333333333,620,480,300,45420,0.684941013185288,986.315058986815,0.706860706860707,339.293139293139,0.673958333333333,647,18.5,30.6666666666667,27.3333333333333,30.9939024390244
"2026-02-14 10:00:00|Monitor53.txt|26",26,"2026-02-14 10:00:00|Monitor53.txt",2026-02-14T10:00:00Z,2026-02-20T10:30:00Z,"OK","M","DGRP802","21.5C","Winter","NA","08:12","M53","Batch25_DGRP",0.517069783589862,744.580488369402,0.720236029156543,345.713293995141,0.415451388888889,398.833333333333,0,23640,0,0.553782095766829,797.446217904233,0.860706860706861,413.139293139293,0.4,384,2040,2400,62640,0.495489243580847,713.504510756419,0.686070686070686,329.313929313929,0.4,384,540,300,52320,0.503122831367106,724.496877168633,0.719334719334719,345.280665280665,0.394791666666667,379,4860,300,9240,0.516308119361555,743.483691880639,0.777546777546778,373.222453222453,0.385416666666667,370,2100,300,50280,0.46911866759195,675.530881332408,0.509355509355509,244.490644490645,0.448958333333333,431,600,4860,10680,0.56557945870923,814.434420541291,0.769230769230769,369.230769230769,0.463541666666667,445,15,52.4777777777778,13.6666666666667,46.5975609756097
"2026-02-14 10:00:00|Monitor53.txt|27",27,"2026-02-14 10:00:00|Monitor53.txt",2026-02-14T10:00:00Z,2026-02-20T10:30:00Z,"OK","M","DGRP802","21.5C","Winter","NA","08:12","M53","Batch25_DGRP",0.444971646800139,640.7591713922,0.698368622006248,335.216938562999,0.318229166666667,305.5,0,2400,50880,0.439972241498959,633.560027758501,0.717255717255717,344.282744282744,0.301041666666667,289,180,2820,67320,0.493407356002776,710.506592643997,0.904365904365904,434.095634095634,0.2875,276,1560,840,66120,0.396252602359473,570.603747397641,0.563409563409563,270.43659043659,0.3125,300,3660,840,54600,0.447605829285219,644.552394170715,0.727650727650728,349.272349272349,0.307291666666667,295,1140,360,67200,0.406662040249827,585.59333795975,0.588357588357588,282.411642411642,0.315625,303,1560,2040,65040,0.485773768216516,699.514226231784,0.686070686070686,329.313929313929,0.385416666666667,370,11.8333333333333,64.5915492957747,7.83333333333333,85.0212765957447
"2026-02-14 10:00:00|Monitor53.txt|28",28,"2026-02-14 10:00:00|Monitor53.txt",2026-02-14T10:00:00Z,2026-02-20T10:30:00Z,"OK","M","DGRP802","21.5C","Winter","NA","08:12","M53","Batch25_DGRP",0.552019442194191,794.907996759634,0.667823672335994,320.555362721277,0.494097222222222,474.333333333333,360,1260,45600,0.727272727272727,1047.27272727273,0.794178794178794,381.205821205821,0.69375,666,2280,300,70980,0.489243580846634,704.510756419153,0.567567567567568,272.432432432432,0.45,432,900,1440,57000,0.480222068008328,691.519777931992,0.625779625779626,300.37422037422,0.407291666666667,391,660,720,68880,0.572519083969466,824.427480916031,0.69022869022869,331.309771309771,0.513541666666667,493,1740,1020,65700,0.517696044413602,745.482303955586,0.654885654885655,314.345114345114,0.448958333333333,431,780,780,67380,0.524635669673838,755.475364330326,0.671517671517672,322.328482328482,0.451041666666667,433,19.8333333333333,30.2941176470588,16.1666666666667,51.1649484536083
"2026-02-14 10:00:00|Monitor53.txt|29",29,"2026-02-14 10:00:00|Monitor53.txt",2026-02-14T10:00:00Z,2026-02-20T10:30:00Z,"OK","M","DGRP802","21.5C","Winter","NA","08:12","M53","Batch25_DGRP",0.685337345214674,986.885777109131,0.781673030197848,375.203054494967,0.637152777777778,611.666666666667,0,2340,42480,0.719639139486468,1036.28036086051,0.848232848232848,407.151767151767,0.655208333333333,629,4260,7200,49020,0.659264399722415,949.340735600278,0.760914760914761,365.239085239085,0.608333333333333,584,660,1860,2580,0.653712699514226,941.346287300486,0.74012474012474,355.259875259875,0.610416666666667,586,8520,8940,8520,0.667591950034698,961.332408049965,0.773388773388773,371.226611226611,0.614583333333333,590,4620,720,86100,0.713393476752255,1027.28660652325,0.765072765072765,367.234927234927,0.6875,660,13800,4920,42300,0.699514226231784,1007.30048577377,0.804573804573805,386.195426195426,0.646875,621,12.8333333333333,41.4805194805195,30.1666666666667,29.3756906077348
"2026-02-14 10:00:00|Monitor53.txt|30",30,"2026-02-14 10:00:00|Monitor53.txt",2026-02-14T10:00:00Z,2026-02-20T10:30:00Z,"OK","M","DGRP802","21.5C","Winter","NA","08:12","M53","Batch25_DGRP",0.664737877560468,957.222543687073,0.767094758764318,368.205484206873,0.613541666666667,589,0,1260,46560,0.650936849410132,937.34906315059,0.754677754677755,362.245322245322,0.598958333333333,575,9960,360,76860,0.638445523941707,919.361554476058,0.817047817047817,392.182952182952,0.548958333333333,527,1860,660,43380,0.687716863289382,990.312283136711,0.767151767151767,368.232848232848,0.647916666666667,622,5580,12120,5580,0.675919500346981,973.324080499653,0.783783783783784,376.216216216216,0.621875,597,300,480,69720,0.659958362248439,950.340041637752,0.74012474012474,355.259875259875,0.619791666666667,595,1500,1440,62640,0.675919500346981,973.324080499653,0.74012474012474,355.259875259875,0.64375,618,18.3333333333333,30.5636363636364,22.6666666666667,38.0588235294118
"2026-02-14 10:00:00|Monitor53.txt|31",31,"2026-02-14 10:00:00|Monitor53.txt",2026-02-14T10:00:00Z,2026-02-20T10:30:00Z,"OK","M","DGRP802","21.5C","Winter","NA","08:12","M53","Batch25_DGRP",0.645179956023608,929.059136673996,0.758764317945158,364.206872613676,0.588368055555556,564.833333333333,960,14520,960,0.552394170714781,795.447605829285,0.767151767151767,368.232848232848,0.444791666666667,427,1920,7860,47220,0.58292852185982,839.41707147814,0.744282744282744,357.255717255717,0.502083333333333,482,8760,420,44280,0.633587786259542,912.36641221374,0.711018711018711,341.288981288981,0.594791666666667,571,540,420,71400,0.659264399722415,949.340735600278,0.77962577962578,374.220374220374,0.598958333333333,575,900,840,64860,0.718251214434421,1034.28174878557,0.802494802494803,385.197505197505,0.676041666666667,649,600,480,40440,0.724496877168633,1043.27550312283,0.746361746361746,358.253638253638,0.713541666666667,685,12.8333333333333,49.0649350649351,17.3333333333333,45.9230769230769
"2026-02-14 10:00:00|Monitor53.txt|32",32,"2026-02-14 10:00:00|Monitor53.txt",2026-02-14T10:00:00Z,2026-02-20T10:30:00Z,"OK","M","DGRP802","21.5C","Winter","NA","08:12","M53","Batch25_DGRP",0.529568336998033,762.578405277167,0.80423464074974,386.032627559875,0.3921875,376.5,900,1200,6120,0.498265093684941,717.501734906315,0.787941787941788,378.212058212058,0.353125,339,1500,24240,1500,0.495489243580847,713.504510756419,0.83991683991684,403.160083160083,0.322916666666667,310,960,19620,960,0.468424705065926,674.531575294934,0.829521829521829,398.170478170478,0.2875,276,2400,420,63480,0.509368494101319,733.490631505899,0.8004158004158,384.199584199584,0.363541666666667,349,1260,600,3660,0.57529493407356,828.424705065926,0.798336798336798,383.201663201663,0.463541666666667,445,480,960,48960,0.630811936155448,908.369188063845,0.767151767151767,368.232848232848,0.5625,540,13,57.7179487179487,15.3333333333333,44.1195652173913
"2026-02-14 10:00:00|Monitor55.txt|01",1,"2026-02-14 10:00:00|Monitor55.txt",2026-02-14T10:00:00Z,2026-02-20T10:30:00Z,"OK","M","DGRP810","21.5C","Winter","NA","08:12","M55","Batch25_DGRP",0.526559425992362,758.245573429001,0.475182228392919,228.087469628601,0.552256944444444,530.166666666667,300,360,47880,0.622484385843165,896.377515614157,0.638253638253638,306.361746361746,0.614583333333333,590,180,660,43980,0.524635669673838,755.475364330326,0.426195426195426,204.573804573805,0.573958333333333,551,3060,480,41220,0.53088133240805,764.469118667592,0.51975051975052,249.48024948025,0.536458333333333,515,600,300,54840,0.495489243580847,713.504510756419,0.442827442827443,212.557172557173,0.521875,501,60,600,4200,0.49618320610687,714.503816793893,0.395010395010395,189.60498960499,0.546875,525,4140,420,4620,0.489243580846634,704.510756419153,0.428274428274428,205.571725571726,0.519791666666667,499,26,20.5448717948718,39.1666666666667,22.6340425531915
"2026-02-14 10:00:00|Monitor55.txt|02",2,"2026-02-14 10:00:00|Monitor55.txt",2026-02-14T10:00:00Z,2026-02-20T10:30:00Z,"OK","M","DGRP810","21.5C","Winter","NA","08:12","M55","Batch25_DGRP",0.483740307834741,696.586043282028,0.471711211384936,226.421381464769,0.489756944444445,470.166666666667,2460,300,59280,0.522553782095767,752.477446217904,0.461538461538462,221.538461538462,0.553125,531,2460,900,50700,0.552394170714781,795.447605829285,0.567567567567568,272.432432432432,0.544791666666667,523,5220,1320,46200,0.475364330326162,684.524635669674,0.434511434511435,208.565488565489,0.495833333333333,476,4080,840,45060,0.484385843164469,697.515614156836,0.492723492723493,236.507276507277,0.480208333333333,461,3300,2400,48480,0.438584316446912,631.561415683553,0.457380457380458,219.54261954262,0.429166666666667,412,1260,300,57060,0.427480916030534,615.57251908397,0.411642411642412,197.588357588358,0.435416666666667,418,22,25.3484848484849,40.3333333333333,21.4049586776859
"2026-02-14 10:00:00|Monitor55.txt|03",3,"2026-02-14 10:00:00|Monitor55.txt",2026-02-14T10:00:00Z,2026-02-20T10:30:00Z,"OK","M","DGRP810","21.5C","Winter","NA","08:12","M55","Batch25_DGRP",0.522046059483856,751.746325656753,0.380423464074974,182.603262755987,0.592881944444445,569.166666666667,2880,420,38640,0.595419847328244,857.404580152672,0.536382536382536,257.463617463618,0.625,600,420,420,40140,0.596807772380292,859.40319222762,0.446985446985447,214.553014553015,0.671875,645,240,720,40080,0.532269257460097,766.46773074254,0.428274428274428,205.571725571726,0.584375,561,4260,1500,47400,0.512144344205413,737.487855655795,0.332640332640333,159.66735966736,0.602083333333333,578,3300,900,77040,0.446911866759195,643.553088133241,0.241164241164241,115.758835758836,0.55,528,1620,840,52980,0.447605829285219,644.552394170715,0.295218295218295,141.704781704782,0.523958333333333,503,23.1666666666667,20.4964028776978,50.6666666666667,18.5822368421053
"2026-02-14 10:00:00|Monitor55.txt|04",4,"2026-02-14 10:00:00|Monitor55.txt",2026-02-14T10:00:00Z,2026-02-20T10:30:00Z,"OK","M","DGRP810","21.5C","Winter","NA","08:12","M55","Batch25_DGRP",0.413378081240597,595.26443698646,0.383200277681361,183.936133287053,0.428472222222222,411.333333333333,780,420,52860,0.382373351839001,550.617626648161,0.30977130977131,148.690228690229,0.41875,402,960,540,50100,0.446217904233171,642.553782095767,0.453222453222453,217.546777546778,0.442708333333333,425,840,480,44340,0.395558639833449,569.604441360167,0.388773388773389,186.611226611227,0.398958333333333,383,60,480,51480,0.435114503816794,626.564885496183,0.422037422037422,202.577962577963,0.441666666666667,424,360,1260,55020,0.40735600277585,586.592643997224,0.372141372141372,178.627858627859,0.425,408,60,360,53940,0.412213740458015,593.587786259542,0.349272349272349,167.650727650728,0.44375,426,26.8333333333333,22.3105590062112,40.3333333333333,20.400826446281
"2026-02-14 10:00:00|Monitor55.txt|05",5,"2026-02-14 10:00:00|Monitor55.txt",2026-02-14T10:00:00Z,2026-02-20T10:30:00Z,"OK","M","DGRP810","21.5C","Winter","NA","08:12","M55","Batch25_DGRP",0.473672028700382,682.08772132855,0.328358208955224,157.611940298508,0.546354166666667,524.5,180,540,42660,0.543372657876475,782.456627342124,0.465696465696466,223.534303534304,0.582291666666667,559,240,600,43920,0.520471894517696,749.479528105482,0.453222453222453,217.546777546778,0.554166666666667,532,1380,300,49740,0.421235253296322,606.578764746704,0.216216216216216,103.783783783784,0.523958333333333,503,840,660,43440,0.493407356002776,710.506592643997,0.353430353430353,169.64656964657,0.563541666666667,541,360,480,50280,0.462873004857738,666.537126995142,0.278586278586279,133.721413721414,0.555208333333333,533,1200,300,67080,0.399028452463567,574.600971547536,0.1995841995842,95.8004158004158,0.498958333333333,479,26,18.6282051282051,49,19.0612244897959
"2026-02-14 10:00:00|Monitor55.txt|06",6,"2026-02-14 10:00:00|Monitor55.txt",2026-02-14T10:00:00Z,2026-02-20T10:30:00Z,"OK","M","DGRP810","21.5C","Winter","NA","08:12","M55","Batch25_DGRP",0.51811132970721,746.080314778382,0.473793821589726,227.421034363068,0.540277777777778,518.666666666667,0,480,42060,0.659264399722415,949.340735600278,0.638253638253638,306.361746361746,0.669791666666667,643,1980,1320,77640,0.546842470506593,787.453157529494,0.550935550935551,264.449064449064,0.544791666666667,523,1500,600,45480,0.497571131158917,716.502428868841,0.474012474012474,227.525987525988,0.509375,489,1020,780,44220,0.475364330326162,684.524635669674,0.407484407484407,195.592515592516,0.509375,489,1140,420,44700,0.464260929909785,668.53573907009,0.407484407484407,195.592515592516,0.492708333333333,473,60,360,43440,0.463566967383761,667.536433032616,0.35966735966736,172.640332640333,0.515625,495,22.6666666666667,21.9558823529412,40.5,22.6172839506173
"2026-02-14 10:00:00|Monitor55.txt|07",7,"2026-02-14 10:00:00|Monitor55.txt",2026-02-14T10:00:00Z,2026-02-20T10:30:00Z,"OK","M","DGRP810","21.5C","Winter","NA","08:12","M55","Batch25_DGRP",0.43015854646453,619.428306908923,0.425893786879556,204.429017702187,0.432291666666667,415,0,540,52140,0.54059680777238,778.459403192228,0.565488565488566,271.434511434512,0.528125,507,720,1860,57480,0.516308119361555,743.483691880639,0.563409563409563,270.43659043659,0.492708333333333,473,2340,600,46680,0.443442054129077,638.556557945871,0.424116424116424,203.575883575884,0.453125,435,420,480,39060,0.346981263011797,499.653018736988,0.288981288981289,138.711018711019,0.376041666666667,361,1200,960,41940,0.39000693962526,561.609993060375,0.365904365904366,175.634095634096,0.402083333333333,386,480,540,41760,0.343511450381679,494.656488549618,0.347193347193347,166.652806652807,0.341666666666667,328,30.3333333333333,17.2857142857143,47.6666666666667,18.6678321678322
"2026-02-14 10:00:00|Monitor55.txt|08",8,"2026-02-14 10:00:00|Monitor55.txt",2026-02-14T10:00:00Z,2026-02-20T10:30:00Z,"OK","M","DGRP810","21.5C","Winter","NA","08:12","M55","Batch25_DGRP",0.46047911121398,663.089920148131,0.377646650468587,181.270392224922,0.501909722222222,481.833333333333,600,720,72900,0.506592643997224,729.493407356003,0.588357588357588,282.411642411642,0.465625,447,3960,840,46320,0.519777931991673,748.480222068008,0.40956340956341,196.590436590437,0.575,552,600,420,50820,0.448993754337266,646.551006245663,0.299376299376299,143.700623700624,0.523958333333333,503,4620,420,52020,0.401804302567661,578.598195697432,0.226611226611227,108.773388773389,0.489583333333333,470,1320,1080,48780,0.433032616238723,623.566967383761,0.332640332640333,159.66735966736,0.483333333333333,464,2100,540,22320,0.45176960444136,650.548230395559,0.407484407484407,195.592515592516,0.473958333333333,455,23.1666666666667,22.9280575539568,39.6666666666667,22.3739495798319
"2026-02-14 10:00:00|Monitor55.txt|09",9,"2026-02-14 10:00:00|Monitor55.txt",2026-02-14T10:00:00Z,2026-02-20T10:30:00Z,"OK","M","DGRP810","21.5C","Winter","NA","08:12","M55","Batch25_DGRP",0.578868186552482,833.570188635575,0.514057618882332,246.74765706352,0.611284722222222,586.833333333333,1500,600,66660,0.546148507980569,786.453851492019,0.56964656964657,273.430353430353,0.534375,513,900,360,39900,0.671061762664816,966.328938237335,0.590436590436591,283.409563409563,0.711458333333333,683,1380,600,39180,0.548924358084664,790.451075641915,0.538461538461538,258.461538461539,0.554166666666667,532,480,660,45300,0.550312283136711,792.449687716863,0.422037422037422,202.577962577963,0.614583333333333,590,1080,900,58020,0.57529493407356,828.424705065926,0.451143451143451,216.548856548857,0.6375,612,1560,300,2160,0.580152671755725,835.419847328244,0.509355509355509,244.490644490645,0.615625,591,27.6666666666667,17.1686746987952,45.6666666666667,20.4489051094891
"2026-02-14 10:00:00|Monitor55.txt|10",10,"2026-02-14 10:00:00|Monitor55.txt",2026-02-14T10:00:00Z,2026-02-20T10:30:00Z,"OK","M","DGRP810","21.5C","Winter","NA","08:12","M55","Batch25_DGRP",0.533618794121051,768.411063534313,0.519611246095106,249.413398125651,0.540625,519,4140,1080,7860,0.593337959750174,854.40666204025,0.571725571725572,274.428274428274,0.604166666666667,580,240,480,59640,0.587786259541985,846.412213740458,0.532224532224532,255.467775467776,0.615625,591,1020,540,65100,0.525329632199861,756.4746703678,0.503118503118503,241.496881496882,0.536458333333333,515,1680,300,2760,0.517002081887578,744.482997918113,0.538461538461538,258.461538461539,0.50625,486,2880,2220,19380,0.483691880638446,696.516308119362,0.457380457380458,219.54261954262,0.496875,477,1980,360,2400,0.4941013185288,711.505898681471,0.513513513513514,246.486486486487,0.484375,465,20.5,26.7154471544715,38,23.0657894736842
"2026-02-14 10:00:00|Monitor55.txt|11",11,"2026-02-14 10:00:00|Monitor55.txt",2026-02-14T10:00:00Z,2026-02-20T10:30:00Z,"OK","M","DGRP810","21.5C","Winter","NA","08:12","M55","Batch25_DGRP",0.50445550283532,726.415924082861,0.439777854911489,211.093370357515,0.536805555555556,515.333333333333,0,480,43380,0.595419847328244,857.404580152672,0.607068607068607,291.392931392931,0.589583333333333,566,180,420,46080,0.56557945870923,814.434420541291,0.482328482328482,231.517671517672,0.607291666666667,583,1980,780,45660,0.522553782095767,752.477446217904,0.407484407484407,195.592515592516,0.580208333333333,557,900,960,79140,0.480222068008328,691.519777931992,0.407484407484407,195.592515592516,0.516666666666667,496,480,840,51000,0.425399028452464,612.574600971548,0.345114345114345,165.654885654886,0.465625,447,0,600,55980,0.437196391394865,629.562803608605,0.388773388773389,186.611226611227,0.461458333333333,443,31.3333333333333,17.5478723404255,56.1666666666667,15.5578635014837
"2026-02-14 10:00:00|Monitor55.txt|12",12,"2026-02-14 10:00:00|Monitor55.txt",2026-02-14T10:00:00Z,2026-02-20T10:30:00Z,"OK","M","DGRP810","21.5C","Winter","NA","08:12","M55","Batch25_DGRP",0.518458511746326,746.580256914709,0.459215550156196,220.423464074974,0.548090277777778,526.166666666667,1080,360,53100,0.593337959750174,854.40666204025,0.363825363825364,174.636174636175,0.708333333333333,680,1200,720,41220,0.560721721027065,807.439278278973,0.532224532224532,255.467775467776,0.575,552,2100,900,51240,0.490631505898682,706.509368494101,0.478170478170478,229.52182952183,0.496875,477,120,360,45120,0.456627342123525,657.543372657877,0.386694386694387,185.613305613306,0.491666666666667,472,600,480,78120,0.488549618320611,703.511450381679,0.444906444906445,213.555093555094,0.510416666666667,490,2880,420,42240,0.520471894517696,749.479528105482,0.548856548856549,263.451143451143,0.50625,486,37.3333333333333,12.6116071428571,60.3333333333333,15.4640883977901
"2026-02-14 10:00:00|Monitor55.txt|14",14,"2026-02-14 10:00:00|Monitor55.txt",2026-02-14T10:00:00Z,2026-02-20T10:30:00Z,"OK","M","DGRP810","21.5C","Winter","NA","08:12","M55","Batch25_DGRP",0.52760097210971,759.745399837982,0.521346754599098,250.246442207567,0.530729166666667,509.5,2040,420,57060,0.398334489937543,573.601665510063,0.343035343035343,164.656964656965,0.426041666666667,409,540,300,53100,0.402498265093685,579.597501734906,0.324324324324324,155.675675675676,0.441666666666667,424,540,720,54360,0.581540596807772,837.418459403192,0.609147609147609,292.390852390852,0.567708333333333,545,300,360,43020,0.599583622484386,863.400416377516,0.675675675675676,324.324324324324,0.561458333333333,539,1740,480,49680,0.605829285218598,872.394170714781,0.604989604989605,290.39501039501,0.60625,582,900,600,51360,0.577376821651631,831.422623178349,0.56964656964657,273.430353430353,0.58125,558,29.1666666666667,16.3428571428571,43.5,21.72030651341
"2026-02-14 10:00:00|Monitor55.txt|15",15,"2026-02-14 10:00:00|Monitor55.txt",2026-02-14T10:00:00Z,2026-02-20T10:30:00Z,"OK","M","DGRP810","21.5C","Winter","NA","08:12","M55","Batch25_DGRP",0.528063881495197,760.411989353084,0.442901770218674,212.592849704964,0.570659722222222,547.833333333333,2160,660,40620,0.645385149201943,929.354614850798,0.694386694386694,333.305613305613,0.620833333333333,596,300,300,47640,0.542678695350451,781.45732130465,0.513513513513514,246.486486486487,0.557291666666667,535,2100,480,46860,0.53088133240805,764.469118667592,0.461538461538462,221.538461538462,0.565625,543,1260,600,52800,0.584316446911867,841.415683553088,0.474012474012474,227.525987525988,0.639583333333333,614,540,360,47700,0.455933379597502,656.544066620403,0.218295218295218,104.781704781705,0.575,552,1020,540,77340,0.408049965301874,587.591950034698,0.293139293139293,140.706860706861,0.465625,447,23.5,23.9078014184397,39.8333333333333,21.255230125523
"2026-02-14 10:00:00|Monitor55.txt|16",16,"2026-02-14 10:00:00|Monitor55.txt",2026-02-14T10:00:00Z,2026-02-20T10:30:00Z,"OK","M","DGRP810","21.5C","Winter","NA","08:12","M55","Batch25_DGRP",0.473093391968522,681.254484434672,0.453661922943422,217.757723012843,0.4828125,463.5,720,540,45120,0.54059680777238,778.459403192228,0.548856548856549,263.451143451143,0.536458333333333,515,2820,1080,45540,0.501734906315059,722.498265093685,0.390852390852391,187.609147609148,0.557291666666667,535,240,300,46200,0.427480916030534,615.57251908397,0.43035343035343,206.569646569647,0.426041666666667,409,2640,660,58980,0.412907702984039,594.587092297016,0.382536382536383,183.617463617464,0.428125,411,60,600,44160,0.465648854961832,670.534351145038,0.407484407484407,195.592515592516,0.494791666666667,475,540,780,58380,0.489243580846634,704.510756419153,0.559251559251559,268.440748440748,0.454166666666667,436,32.6666666666667,14.5765306122449,53.5,17.5607476635514
"2026-02-14 10:00:00|Monitor55.txt|17",17,"2026-02-14 10:00:00|Monitor55.txt",2026-02-14T10:00:00Z,2026-02-20T10:30:00Z,"OK","M","DGRP810","21.5C","Winter","NA","08:12","M55","Batch25_DGRP",0.467075569957181,672.588820738341,0.451579312738632,216.758070114544,0.474826388888889,455.833333333333,300,480,65880,0.587092297015961,845.412907702984,0.638253638253638,306.361746361746,0.561458333333333,539,1620,960,67260,0.515614156835531,742.484385843165,0.534303534303534,256.465696465697,0.50625,486,1440,900,10260,0.46911866759195,675.530881332408,0.532224532224532,255.467775467776,0.4375,420,2460,780,42600,0.419153365718251,603.580846634282,0.32016632016632,153.679833679834,0.46875,450,3240,360,46320,0.399028452463567,574.600971547536,0.372141372141372,178.627858627859,0.4125,396,180,1740,43500,0.411519777931992,592.588480222068,0.30977130977131,148.690228690229,0.4625,444,26.1666666666667,18.8980891719745,43.6666666666667,21.0419847328244
"2026-02-14 10:00:00|Monitor55.txt|18",18,"2026-02-14 10:00:00|Monitor55.txt",2026-02-14T10:00:00Z,2026-02-20T10:30:00Z,"OK","M","DGRP810","21.5C","Winter","NA","08:12","M55","Batch25_DGRP",0.449947922694133,647.925008679551,0.354043734814301,169.940992710864,0.497916666666667,478,1800,1140,43380,0.589174184594032,848.410825815406,0.590436590436591,283.409563409563,0.588541666666667,565,1200,780,44700,0.489937543372658,705.510062456627,0.517671517671518,248.482328482328,0.476041666666667,457,1140,1260,47040,0.442748091603053,637.557251908397,0.307692307692308,147.692307692308,0.510416666666667,490,1320,3900,1320,0.410131852879944,590.58986814712,0.351351351351351,168.648648648649,0.439583333333333,422,3900,900,66600,0.426786953504511,614.573213046495,0.232848232848233,111.767151767152,0.523958333333333,503,2640,300,80700,0.339347675225538,488.660652324774,0.120582120582121,57.8794178794179,0.448958333333333,431,20.3333333333333,27.9672131147541,38,22.4473684210526
"2026-02-14 10:00:00|Monitor55.txt|19",19,"2026-02-14 10:00:00|Monitor55.txt",2026-02-14T10:00:00Z,2026-02-20T10:30:00Z,"OK","M","DGRP810","21.5C","Winter","NA","08:12","M55","Batch25_DGRP",0.402383983335262,579.432936002777,0.360638667129469,173.106560222145,0.423263888888889,406.333333333333,0,600,6240,0.477446217904233,687.522553782096,0.609147609147609,292.390852390852,0.411458333333333,395,480,660,78360,0.371269951422623,534.628730048577,0.41995841995842,201.580041580042,0.346875,333,300,300,43200,0.398334489937543,573.601665510063,0.363825363825364,174.636174636175,0.415625,399,1440,720,39060,0.385149201943095,554.614850798057,0.27027027027027,129.72972972973,0.442708333333333,425,420,360,45780,0.429562803608605,618.570437196392,0.355509355509356,170.644490644491,0.466666666666667,448,1080,420,42300,0.351839000693963,506.648160999306,0.143451143451143,68.8565488565489,0.45625,438,27.5,18.7454545454545,46.3333333333333,19.5
"2026-02-14 10:00:00|Monitor55.txt|20",20,"2026-02-14 10:00:00|Monitor55.txt",2026-02-14T10:00:00Z,2026-02-20T10:30:00Z,"OK","M","DGRP810","21.5C","Winter","NA","08:12","M55","Batch25_DGRP",0.313852563360722,451.94769123944,0.345713293995141,165.942381117667,0.297916666666667,286,360,780,10500,0.490631505898682,706.509368494101,0.683991683991684,328.316008316008,0.39375,378,480,900,64500,0.323386537126995,465.676613462873,0.432432432432432,207.567567567568,0.26875,258,0,420,46320,0.21998612074948,316.780013879251,0.212058212058212,101.787941787942,0.223958333333333,215,1560,960,50640,0.265787647467037,382.734212352533,0.272349272349272,130.727650727651,0.2625,252,1320,540,48120,0.304649548924358,438.695350451076,0.27027027027027,129.72972972973,0.321875,309,1380,300,47820,0.280360860513532,403.719639139486,0.207900207900208,99.7920997920998,0.316666666666667,304,23,26.3405797101449,29.3333333333333,27.9602272727273
"2026-02-14 10:00:00|Monitor55.txt|22",22,"2026-02-14 10:00:00|Monitor55.txt",2026-02-14T10:00:00Z,2026-02-20T10:30:00Z,"OK","M","DGRP810","21.5C","Winter","NA","08:12","M55","Batch25_DGRP",0.533965976160167,768.91100567064,0.461645262061784,221.589725789656,0.570138888888889,547.333333333333,180,1200,39780,0.625954198473283,901.374045801527,0.681912681912682,327.318087318087,0.597916666666667,574,2220,360,37800,0.566967383761277,816.433032616239,0.596673596673597,286.403326403326,0.552083333333333,530,240,1140,43260,0.544760582928522,784.455239417071,0.496881496881497,238.503118503119,0.56875,546,120,540,43140,0.495489243580847,713.504510756419,0.336798336798337,161.663201663202,0.575,552,60,1200,51060,0.512838306731437,738.487161693269,0.357588357588358,171.642411642412,0.590625,567,1560,540,45840,0.458015267175573,659.541984732825,0.301455301455301,144.698544698545,0.536458333333333,515,28,19.0178571428571,45.6666666666667,19.3248175182482
"2026-02-14 10:00:00|Monitor55.txt|23",23,"2026-02-14 10:00:00|Monitor55.txt",2026-02-14T10:00:00Z,2026-02-20T10:30:00Z,"OK","M","DGRP810","21.5C","Winter","NA","08:12","M55","Batch25_DGRP",0.504686957528064,726.749218840412,0.480041652204096,230.419993057966,0.517013888888889,496.333333333333,0,660,58320,0.499653018736988,719.500346981263,0.53014553014553,254.469854469854,0.484375,465,540,540,41160,0.478140180430257,688.52185981957,0.392931392931393,188.607068607069,0.520833333333333,500,900,2100,76860,0.539902845246357,777.460097154754,0.559251559251559,268.440748440748,0.530208333333333,509,1320,360,62340,0.516308119361555,743.483691880639,0.474012474012474,227.525987525988,0.5375,516,2220,3300,42240,0.481609993060375,693.51839000694,0.46985446985447,225.530145530146,0.4875,468,2700,780,55320,0.512838306731437,738.487161693269,0.455301455301455,218.544698544699,0.541666666666667,520,28.3333333333333,17.7058823529412,44,20.7424242424242
"2026-02-14 10:00:00|Monitor55.txt|24",24,"2026-02-14 10:00:00|Monitor55.txt",2026-02-14T10:00:00Z,2026-02-20T10:30:00Z,"OK","M","DGRP810","21.5C","Winter","NA","08:12","M55","Batch25_DGRP",0.414419627357945,596.76426339544,0.395695938910101,189.934050676848,0.423784722222222,406.833333333333,900,480,47460,0.591256072172103,851.408743927828,0.652806652806653,313.347193347193,0.560416666666667,538,2040,360,16500,0.471894517696044,679.528105482304,0.51975051975052,249.48024948025,0.447916666666667,430,1500,480,46260,0.398334489937543,573.601665510063,0.388773388773389,186.611226611227,0.403125,387,2940,1140,46800,0.333795975017349,480.666204024983,0.239085239085239,114.760914760915,0.38125,366,420,1260,55320,0.309507286606523,445.690492713393,0.255717255717256,122.744282744283,0.336458333333333,323,1620,360,54120,0.38029146426093,547.619708535739,0.313929313929314,150.686070686071,0.413541666666667,397,22.5,25.1555555555556,39.3333333333333,21.614406779661
"2026-02-14 10:00:00|Monitor55.txt|25",25,"2026-02-14 10:00:00|Monitor55.txt",2026-02-14T10:00:00Z,2026-02-20T10:30:00Z,"OK","M","DGRP810","21.5C","Winter","NA","08:12","M55","Batch25_DGRP",0.448559194537669,645.925240134244,0.452620617841027,217.257896563693,0.446527777777778,428.666666666667,6360,1620,65580,0.450381679389313,648.549618320611,0.486486486486487,233.513513513514,0.432291666666667,415,7440,7320,55140,0.448993754337266,646.551006245663,0.471933471933472,226.528066528067,0.4375,420,3540,1500,48000,0.480916030534351,692.519083969466,0.488565488565489,234.511434511435,0.477083333333333,458,3720,1080,42900,0.472588480222068,680.527411519778,0.432432432432432,207.567567567568,0.492708333333333,473,2520,360,45180,0.404580152671756,582.595419847328,0.367983367983368,176.632016632017,0.422916666666667,406,0,360,49260,0.433726578764747,624.566273421235,0.467775467775468,224.532224532225,0.416666666666667,400,15.8333333333333,28.7368421052632,22.6666666666667,42.9338235294118
"2026-02-14 10:00:00|Monitor55.txt|26",26,"2026-02-14 10:00:00|Monitor55.txt",2026-02-14T10:00:00Z,2026-02-20T10:30:00Z,"OK","M","DGRP810","21.5C","Winter","NA","08:12","M55","Batch25_DGRP",0.586853373452147,845.068857771091,0.613328705310656,294.397778549115,0.573611111111111,550.666666666667,0,4260,12660,0.652324774462179,939.347675225538,0.785862785862786,377.214137214137,0.585416666666667,562,2100,1140,44220,0.591950034698126,852.408049965302,0.617463617463617,296.382536382536,0.579166666666667,556,720,1560,48900,0.564191533657183,812.435808466343,0.584199584199584,280.4158004158,0.554166666666667,532,2160,2220,45240,0.639833448993754,921.360166551006,0.613305613305613,294.386694386694,0.653125,627,2760,480,47400,0.535045107564192,770.464954892436,0.515592515592516,247.484407484408,0.544791666666667,523,480,1860,44640,0.536433032616239,772.463566967384,0.559251559251559,268.440748440748,0.525,504,23,23.9420289855072,35,24.8047619047619
"2026-02-14 10:00:00|Monitor55.txt|27",27,"2026-02-14 10:00:00|Monitor55.txt",2026-02-14T10:00:00Z,2026-02-20T10:30:00Z,"OK","M","DGRP810","21.5C","Winter","NA","08:12","M55","Batch25_DGRP",0.497974771438491,717.083670871427,0.502950364456786,241.416174939257,0.495486111111111,475.666666666667,1260,360,43740,0.551700208188758,794.448299791811,0.577962577962578,277.422037422037,0.538541666666667,517,2700,6000,2700,0.518390006939625,746.48160999306,0.51975051975052,249.48024948025,0.517708333333333,497,120,300,66660,0.480222068008328,691.519777931992,0.411642411642412,197.588357588358,0.514583333333333,494,0,1260,50640,0.503122831367106,724.496877168633,0.540540540540541,259.459459459459,0.484375,465,480,420,54120,0.467036780013879,672.532963219986,0.451143451143451,216.548856548857,0.475,456,1140,1020,21360,0.467730742539903,673.53226925746,0.517671517671518,248.482328482328,0.442708333333333,425,28.5,17.8421052631579,45,20.237037037037
"2026-02-14 10:00:00|Monitor55.txt|28",28,"2026-02-14 10:00:00|Monitor55.txt",2026-02-14T10:00:00Z,2026-02-20T10:30:00Z,"OK","M","DGRP810","21.5C","Winter","NA","08:12","M55","Batch25_DGRP",0.426223816687883,613.762296030552,0.417216244359597,200.263797292607,0.430729166666667,413.5,1680,300,3720,0.510756419153366,735.489243580847,0.638253638253638,306.361746361746,0.446875,429,1080,300,44820,0.471894517696044,679.528105482304,0.432432432432432,207.567567567568,0.491666666666667,472,2220,2040,51240,0.478140180430257,688.52185981957,0.538461538461538,258.461538461539,0.447916666666667,430,1020,3240,51900,0.421235253296322,606.578764746704,0.417879417879418,200.582120582121,0.422916666666667,406,360,720,50880,0.349757113115892,503.650242886884,0.201663201663202,96.7983367983368,0.423958333333333,407,480,600,49680,0.324774462179042,467.675225537821,0.272349272349272,130.727650727651,0.351041666666667,337,24.8333333333333,26.0268456375839,36.5,21.2009132420091
"2026-02-14 10:00:00|Monitor55.txt|29",29,"2026-02-14 10:00:00|Monitor55.txt",2026-02-14T10:00:00Z,2026-02-20T10:30:00Z,"OK","M","DGRP810","21.5C","Winter","NA","08:12","M55","Batch25_DGRP",0.521583150098368,751.07973614165,0.581395348837209,279.069767441861,0.491666666666667,472,2760,300,8760,0.552394170714781,795.447605829285,0.588357588357588,282.411642411642,0.534375,513,1380,1200,7980,0.543372657876475,782.456627342124,0.688149688149688,330.31185031185,0.470833333333333,452,120,1620,49140,0.552394170714781,795.447605829285,0.677754677754678,325.322245322245,0.489583333333333,470,840,600,53940,0.456627342123525,657.543372657877,0.451143451143451,216.548856548857,0.459375,441,1980,900,56220,0.518390006939625,746.48160999306,0.540540540540541,259.459459459459,0.507291666666667,487,240,600,61440,0.506592643997224,729.493407356003,0.542619542619543,260.45738045738,0.488541666666667,469,28.3333333333333,17.7352941176471,45.5,19.970695970696
"2026-02-14 10:00:00|Monitor55.txt|30",30,"2026-02-14 10:00:00|Monitor55.txt",2026-02-14T10:00:00Z,2026-02-20T10:30:00Z,"OK","M","DGRP810","21.5C","Winter","NA","08:12","M55","Batch25_DGRP",0.49496586043282,712.750839023261,0.518222839291913,248.746962860118,0.483333333333333,464,1320,1200,75420,0.547536433032616,788.452463566967,0.648648648648649,311.351351351351,0.496875,477,1440,900,46620,0.561415683553088,808.438584316447,0.638253638253638,306.361746361746,0.522916666666667,502,780,1620,45360,0.547536433032616,788.452463566967,0.590436590436591,283.409563409563,0.526041666666667,505,0,300,48180,0.482303955586398,694.517696044414,0.505197505197505,242.494802494803,0.470833333333333,452,1380,1380,49800,0.431644691186676,621.568355308813,0.363825363825364,174.636174636175,0.465625,447,600,660,50340,0.400416377515614,576.599583622484,0.365904365904366,175.634095634096,0.417708333333333,401,23.6666666666667,24.5633802816901,33,25.1313131313131
"2026-02-14 10:00:00|Monitor55.txt|31",31,"2026-02-14 10:00:00|Monitor55.txt",2026-02-14T10:00:00Z,2026-02-20T10:30:00Z,"OK","M","DGRP810","21.5C","Winter","NA","08:12","M55","Batch25_DGRP",0.530841337808124,764.411526443699,0.461298160360986,221.423116973273,0.565625,543,1140,480,39060,0.594725884802221,856.405274115198,0.621621621621622,298.378378378378,0.58125,558,1920,300,54000,0.561415683553088,808.438584316447,0.548856548856549,263.451143451143,0.567708333333333,545,2580,300,12300,0.501040943789035,721.498959056211,0.457380457380458,219.54261954262,0.522916666666667,502,2820,840,52080,0.529493407356003,762.470506592644,0.363825363825364,174.636174636175,0.6125,588,2760,2520,48000,0.476058292852186,685.523941707148,0.343035343035343,164.656964656965,0.542708333333333,521,1920,1860,48000,0.520471894517696,749.479528105482,0.428274428274428,205.571725571726,0.566666666666667,544,20,23.9166666666667,44.8333333333333,21.0966542750929
"2026-02-14 10:00:00|Monitor55.txt|32",32,"2026-02-14 10:00:00|Monitor55.txt",2026-02-14T10:00:00Z,2026-02-20T10:30:00Z,"OK","M","DGRP810","21.5C","Winter","NA","08:12","M55","Batch25_DGRP",0.479226941326235,690.086795509779,0.453314821242624,217.59111419646,0.4921875,472.5,1440,360,40080,0.480916030534351,692.519083969466,0.488565488565489,234.511434511435,0.477083333333333,458,900,300,52440,0.467730742539903,673.53226925746,0.451143451143451,216.548856548857,0.476041666666667,457,300,420,58920,0.443442054129077,638.556557945871,0.43035343035343,206.569646569647,0.45,432,1800,660,54060,0.501734906315059,722.498265093685,0.496881496881497,238.503118503119,0.504166666666667,484,180,360,53100,0.507286606523248,730.492713393477,0.444906444906445,213.555093555094,0.538541666666667,517,1800,1860,49380,0.473976405274115,682.526023594726,0.407484407484407,195.592515592516,0.507291666666667,487,31.8333333333333,15.6753926701571,50.5,18.1023102310231
"2026-02-14 10:00:00|Monitor58.txt|06",6,"2026-02-14 10:00:00|Monitor58.txt",2026-02-14T10:00:00Z,2026-02-20T10:30:00Z,"OK","M","DGRP821","21.5C","Winter","NA","08:12","M58","Batch25_DGRP",0.741002198819581,1067.0431663002,0.64803887539049,311.058660187435,0.7875,756,6540,420,34800,0.630117973629424,907.369882026371,0.498960498960499,239.50103950104,0.695833333333333,668,4200,300,33120,0.700902151283831,1009.29909784872,0.58004158004158,278.419958419958,0.761458333333333,731,600,300,32760,0.758501040943789,1092.24149895906,0.659043659043659,316.340956340956,0.808333333333333,776,360,19620,32880,0.775156141568355,1116.22484385843,0.787941787941788,378.212058212058,0.76875,738,0,300,48120,0.806384455239417,1161.19361554476,0.700623700623701,336.299376299376,0.859375,825,240,5280,31860,0.774462179042332,1115.22553782096,0.661122661122661,317.338877338877,0.83125,798,8.83333333333333,59.7547169811321,12.8333333333333,69.8311688311688
"2026-02-14 10:00:00|Monitor58.txt|07",7,"2026-02-14 10:00:00|Monitor58.txt",2026-02-14T10:00:00Z,2026-02-20T10:30:00Z,"OK","M","DGRP821","21.5C","Winter","NA","08:12","M58","Batch25_DGRP",0.732554102534429,1054.87790764958,0.603262755987504,289.566122874002,0.797222222222222,765.333333333333,3540,10860,14460,0.767522553782096,1105.23247744622,0.773388773388773,371.226611226611,0.764583333333333,734,2040,480,59520,0.756419153365718,1089.24358084663,0.683991683991684,328.316008316008,0.792708333333333,761,360,480,34860,0.668979875086745,963.331020124913,0.515592515592516,247.484407484408,0.745833333333333,716,2940,11280,55920,0.736294240111034,1060.26370575989,0.586278586278586,281.413721413721,0.811458333333333,779,1680,540,50340,0.682165163081194,982.317834836919,0.467775467775468,224.532224532225,0.789583333333333,758,2520,5580,32400,0.783483691880639,1128.21651630812,0.592515592515593,284.407484407484,0.879166666666667,844,15.3333333333333,35.8586956521739,19,45.7631578947369
"2026-02-14 10:00:00|Monitor58.txt|08",8,"2026-02-14 10:00:00|Monitor58.txt",2026-02-14T10:00:00Z,2026-02-20T10:30:00Z,"OK","M","DGRP821","21.5C","Winter","NA","08:12","M58","Batch25_DGRP",0.825714616363847,1189.02904756394,0.762929538354738,366.206178410274,0.857118055555556,822.833333333333,0,21900,36780,0.8147120055517,1173.18528799445,0.773388773388773,371.226611226611,0.835416666666667,802,13860,3540,76980,0.868147120055517,1250.13185287994,0.881496881496882,423.118503118503,0.861458333333333,827,15060,1980,59880,0.844552394170715,1216.15544760583,0.823284823284823,395.176715176715,0.855208333333333,821,16140,1080,53700,0.796668979875087,1147.20333102013,0.656964656964657,315.343035343035,0.866666666666667,832,0,10860,39780,0.820263705759889,1181.17973629424,0.742203742203742,356.257796257796,0.859375,825,1980,9840,55200,0.810548230395559,1167.1894517696,0.702702702702703,337.297297297297,0.864583333333333,830,8.83333333333333,49.7735849056604,12.8333333333333,76.6233766233766
"2026-02-14 10:00:00|Monitor58.txt|09",9,"2026-02-14 10:00:00|Monitor58.txt",2026-02-14T10:00:00Z,2026-02-20T10:30:00Z,"OK","M","DGRP821","21.5C","Winter","NA","08:12","M58","Batch25_DGRP",0.790649230413147,1138.53489179493,0.785144047205831,376.869142658799,0.793402777777778,761.666666666667,0,1500,83520,0.834142956280361,1201.16585704372,0.891891891891892,428.108108108108,0.805208333333333,773,35700,33300,35700,0.800832755031228,1153.19916724497,0.860706860706861,413.139293139293,0.770833333333333,740,780,1440,33780,0.796668979875087,1147.20333102013,0.79002079002079,379.209979209979,0.8,768,4680,3480,84000,0.769604441360167,1108.23039555864,0.792099792099792,380.2079002079,0.758333333333333,728,33720,29640,33720,0.782789729354615,1127.21721027065,0.748440748440749,359.251559251559,0.8,768,14220,960,52080,0.76058292852186,1095.23941707148,0.62993762993763,302.370062370062,0.826041666666667,793,6.16666666666667,61.945945945946,12.5,83.4666666666666
"2026-02-14 10:00:00|Monitor58.txt|10",10,"2026-02-14 10:00:00|Monitor58.txt",2026-02-14T10:00:00Z,2026-02-20T10:30:00Z,"OK","M","DGRP821","21.5C","Winter","NA","08:12","M58","Batch25_DGRP",0.81992824904525,1180.69667862516,0.746962860118015,358.542172856647,0.856423611111111,822.166666666667,600,2580,51000,0.77029840388619,1109.22970159611,0.746361746361746,358.253638253638,0.782291666666667,751,2340,18180,39660,0.854267869535045,1230.14573213047,0.854469854469854,410.14553014553,0.854166666666667,820,15600,5340,74520,0.827897293546149,1192.17210270645,0.827442827442827,397.172557172557,0.828125,795,21720,1920,34020,0.85704371963914,1234.14295628036,0.866943866943867,416.133056133056,0.852083333333333,818,360,300,32940,0.776544066620403,1118.22345593338,0.517671517671518,248.482328482328,0.90625,870,60,780,32460,0.833448993754337,1200.16655100625,0.66943866943867,321.330561330561,0.915625,879,13.3333333333333,34.0875,14,68.8690476190476
"2026-02-14 10:00:00|Monitor58.txt|12",12,"2026-02-14 10:00:00|Monitor58.txt",2026-02-14T10:00:00Z,2026-02-20T10:30:00Z,"OK","M","DGRP821","21.5C","Winter","NA","08:12","M58","Batch25_DGRP",0.709755815299155,1022.04837403078,0.778202013189865,373.536966331135,0.675520833333333,648.5,0,1680,41340,0.755031228313671,1087.24496877169,0.854469854469854,410.14553014553,0.705208333333333,677,180,540,60180,0.719639139486468,1036.28036086051,0.862785862785863,414.137214137214,0.647916666666667,622,7920,10980,63120,0.744621790423317,1072.25537820958,0.769230769230769,369.230769230769,0.732291666666667,703,10320,480,61980,0.659958362248439,950.340041637752,0.769230769230769,369.230769230769,0.605208333333333,581,3540,360,55620,0.675225537820958,972.324774462179,0.675675675675676,324.324324324324,0.675,648,13140,1080,60600,0.705065926439972,1015.29493407356,0.74012474012474,355.259875259875,0.6875,660,8,64.75,21.8333333333333,41.442748091603
"2026-02-14 10:00:00|Monitor58.txt|13",13,"2026-02-14 10:00:00|Monitor58.txt",2026-02-14T10:00:00Z,2026-02-20T10:30:00Z,"OK","M","DGRP821","21.5C","Winter","NA","08:12","M58","Batch25_DGRP",0.705705358176137,1016.21571577364,0.7292606733773,350.045123221104,0.693923611111111,666.166666666667,0,1020,15000,0.703678001387925,1013.29632199861,0.858627858627859,412.141372141372,0.626041666666667,601,2340,900,83940,0.690492713393477,994.309507286606,0.663201663201663,318.336798336798,0.704166666666667,676,7980,840,42000,0.769604441360167,1108.23039555864,0.819126819126819,393.180873180873,0.744791666666667,715,4500,1920,63480,0.713393476752255,1027.28660652325,0.675675675675676,324.324324324324,0.732291666666667,703,12000,1920,39120,0.696044413601666,1002.3039555864,0.775467775467775,372.224532224532,0.65625,630,3900,600,72480,0.662040249826509,953.337959750174,0.586278586278586,281.413721413721,0.7,672,13.5,39.3950617283951,23.1666666666667,38.4388489208633
"2026-02-14 10:00:00|Monitor58.txt|15",15,"2026-02-14 10:00:00|Monitor58.txt",2026-02-14T10:00:00Z,2026-02-20T10:30:00Z,"OK","M","DGRP821","21.5C","Winter","NA","08:12","M58","Batch25_DGRP",0.733017011919917,1055.54449716468,0.570635196112461,273.904894133981,0.814236111111111,781.666666666667,5580,2040,56520,0.76058292852186,1095.23941707148,0.67983367983368,326.320166320166,0.801041666666667,769,3300,960,36420,0.729354614850798,1050.27064538515,0.692307692307692,332.307692307692,0.747916666666667,718,5220,4980,35220,0.728660652324775,1049.27133934768,0.486486486486487,233.513513513514,0.85,816,1860,1320,35580,0.771686328938237,1111.22831367106,0.677754677754678,325.322245322245,0.81875,786,1140,900,57660,0.683553088133241,984.316446911867,0.415800415800416,199.5841995842,0.817708333333333,785,2460,360,33120,0.724496877168633,1043.27550312283,0.474012474012474,227.525987525988,0.85,816,17.8333333333333,30.1028037383178,15.1666666666667,58.3956043956044
"2026-02-14 10:00:00|Monitor58.txt|16",16,"2026-02-14 10:00:00|Monitor58.txt",2026-02-14T10:00:00Z,2026-02-20T10:30:00Z,"OK","M","DGRP821","21.5C","Winter","NA","08:12","M58","Batch25_DGRP",0.859854183543571,1238.19002430274,0.725789656369316,348.379035057272,0.926909722222222,889.833333333333,0,360,28620,0.912560721721027,1314.08743927828,0.794178794178794,381.205821205821,0.971875,933,120,780,51660,0.910478834142956,1311.08952116586,0.827442827442827,397.172557172557,0.952083333333333,914,840,1500,62820,0.861901457321305,1241.13809854268,0.756756756756757,363.243243243243,0.914583333333333,878,3660,360,27660,0.852879944482998,1228.14712005552,0.717255717255717,344.282744282744,0.920833333333333,884,420,420,30420,0.877862595419847,1264.12213740458,0.750519750519751,360.24948024948,0.941666666666667,904,1620,720,68640,0.743927827897294,1071.2560721721,0.511434511434512,245.488565488566,0.860416666666667,826,26.6666666666667,21.69375,18.6666666666667,44.3303571428571
"2026-02-14 10:00:00|Monitor58.txt|17",17,"2026-02-14 10:00:00|Monitor58.txt",2026-02-14T10:00:00Z,2026-02-20T10:30:00Z,"OK","M","DGRP821","21.5C","Winter","NA","08:12","M58","Batch25_DGRP",0.726767735215832,1046.5455387108,0.639361332870531,306.893439777855,0.770486111111111,739.666666666667,3900,2100,29340,0.731436502428869,1053.26856349757,0.632016632016632,303.367983367983,0.78125,750,3480,300,84900,0.634975711311589,914.365024288688,0.567567567567568,272.432432432432,0.66875,642,17700,2520,37560,0.750173490631506,1080.24982650937,0.750519750519751,360.24948024948,0.75,720,14880,6060,41040,0.809160305343512,1165.19083969466,0.8004158004158,384.199584199584,0.813541666666667,781,60,1500,38580,0.710617626648161,1023.28938237335,0.586278586278586,281.413721413721,0.772916666666667,742,1620,360,36240,0.723108952116586,1041.27689104788,0.496881496881497,238.503118503119,0.836458333333333,803,14.1666666666667,34.2588235294118,15.3333333333333,61.2391304347826
"2026-02-14 10:00:00|Monitor58.txt|19",19,"2026-02-14 10:00:00|Monitor58.txt",2026-02-14T10:00:00Z,2026-02-20T10:30:00Z,"OK","M","DGRP821","21.5C","Winter","NA","08:12","M58","Batch25_DGRP",0.595070015044555,856.900821664159,0.458868448455397,220.256855258591,0.663194444444445,636.666666666667,0,1140,67380,0.739070090215128,1064.26092990978,0.777546777546778,373.222453222453,0.719791666666667,691,720,2220,33780,0.515614156835531,742.484385843165,0.357588357588358,171.642411642412,0.594791666666667,571,1620,300,69000,0.471200555170021,678.52879944483,0.272349272349272,130.727650727651,0.570833333333333,548,960,3360,35640,0.591256072172103,851.408743927828,0.451143451143451,216.548856548857,0.661458333333333,635,1860,6600,62460,0.623178348369188,897.376821651631,0.484407484407485,232.515592515593,0.692708333333333,665,540,360,58740,0.630117973629424,907.369882026371,0.411642411642412,197.588357588358,0.739583333333333,710,14.8333333333333,34.3033707865169,21.1666666666667,43.2283464566929
"2026-02-14 10:00:00|Monitor58.txt|25",25,"2026-02-14 10:00:00|Monitor58.txt",2026-02-14T10:00:00Z,2026-02-20T10:30:00Z,"OK","M","DGRP821","21.5C","Winter","NA","08:12","M58","Batch25_DGRP",0.734058558037264,1057.04432357366,0.639361332870531,306.893439777855,0.781423611111111,750.166666666667,6840,2760,62880,0.630117973629424,907.369882026371,0.345114345114345,165.654885654886,0.772916666666667,742,4320,1860,57300,0.652324774462179,939.347675225538,0.607068607068607,291.392931392931,0.675,648,1200,2640,38520,0.794587092297016,1144.2054129077,0.731808731808732,351.268191268191,0.826041666666667,793,1020,20760,1020,0.746009715475364,1074.25399028452,0.752598752598753,361.247401247401,0.742708333333333,713,4080,300,35760,0.77029840388619,1109.22970159611,0.617463617463617,296.382536382536,0.846875,813,720,780,2040,0.810548230395559,1167.1894517696,0.781704781704782,375.218295218295,0.825,792,9.5,61.6491228070175,11.1666666666667,75.2835820895523
"2026-02-14 10:00:00|Monitor58.txt|29",29,"2026-02-14 10:00:00|Monitor58.txt",2026-02-14T10:00:00Z,2026-02-20T10:30:00Z,"OK","M","DGRP821","21.5C","Winter","NA","08:12","M58","Batch25_DGRP",0.710450179377387,1023.04825830344,0.649774383894481,311.891704269351,0.740798611111111,711.166666666667,0,660,56640,0.648160999306037,933.351839000694,0.623700623700624,299.376299376299,0.660416666666667,634,600,300,38880,0.759888965995836,1094.240111034,0.758835758835759,364.241164241164,0.760416666666667,730,3360,3900,37020,0.715475364330326,1030.28452463567,0.600831600831601,288.399168399168,0.772916666666667,742,480,1320,38520,0.678695350451076,977.321304649549,0.663201663201663,318.336798336798,0.686458333333333,659,540,540,37080,0.769604441360167,1108.23039555864,0.623700623700624,299.376299376299,0.842708333333333,809,2100,420,39840,0.6911866759195,995.30881332408,0.62993762993763,302.370062370062,0.721875,693,24.1666666666667,23.1793103448276,25.3333333333333,33.5065789473684
"2026-02-14 10:00:00|Monitor58.txt|32",32,"2026-02-14 10:00:00|Monitor58.txt",2026-02-14T10:00:00Z,2026-02-20T10:30:00Z,"OK","M","DGRP821","21.5C","Winter","NA","08:12","M58","Batch25_DGRP",0.743779655132508,1071.04270339081,0.775772301284276,372.370704616453,0.727777777777778,698.666666666667,0,8640,58080,0.682859125607217,983.317140874393,0.621621621621622,298.378378378378,0.713541666666667,685,10140,13440,40740,0.791811242192922,1140.20818875781,0.814968814968815,391.185031185031,0.780208333333333,749,19620,660,86040,0.707147814018043,1018.29285218598,0.74012474012474,355.259875259875,0.690625,663,22920,660,42000,0.74323386537127,1070.25676613463,0.817047817047817,392.182952182952,0.70625,678,5640,300,84300,0.748785565579459,1078.25121443442,0.79002079002079,379.209979209979,0.728125,699,24660,600,43020,0.789729354614851,1137.21027064539,0.873180873180873,419.126819126819,0.747916666666667,718,6.33333333333333,63.8421052631579,13.6666666666667,74.890243902439
"2026-02-14 10:00:00|Monitor59.txt|01",1,"2026-02-14 10:00:00|Monitor59.txt",2026-02-14T10:00:00Z,2026-02-20T10:30:00Z,"OK","M","DGRP911","21.5C","Winter","NA","08:12","M59","Batch25_DGRP",0.780580951278787,1124.03656984145,0.710864283234988,341.214855952794,0.815451388888889,782.833333333333,0,300,73260,0.819569743233865,1180.18043025677,0.810810810810811,389.189189189189,0.823958333333333,791,1140,720,26280,0.820263705759889,1181.17973629424,0.785862785862786,377.214137214137,0.8375,804,600,1500,40020,0.793893129770992,1143.20610687023,0.771309771309771,370.22869022869,0.805208333333333,773,180,300,44640,0.762664816099931,1098.2373351839,0.671517671517672,322.328482328482,0.808333333333333,776,720,300,49260,0.730742539902845,1052.2692574601,0.621621621621622,298.378378378378,0.785416666666667,754,2520,480,27240,0.755031228313671,1087.24496877169,0.600831600831601,288.399168399168,0.832291666666667,799,40.5,11.4115226337449,56.6666666666667,15.7382352941176
"2026-02-14 10:00:00|Monitor59.txt|02",2,"2026-02-14 10:00:00|Monitor59.txt",2026-02-14T10:00:00Z,2026-02-20T10:30:00Z,"OK","M","DGRP911","21.5C","Winter","NA","08:12","M59","Batch25_DGRP",0.300891100567064,433.283184816572,0.283582089552239,136.119402985075,0.309548611111111,297.166666666667,1020,840,20460,0.568355308813324,818.431644691187,0.592515592515593,284.407484407484,0.55625,534,540,660,19620,0.430950728660652,620.569049271339,0.492723492723493,236.507276507277,0.4,384,2220,1020,14280,0.242886884108258,349.757113115892,0.332640332640333,159.66735966736,0.197916666666667,190,4260,720,50160,0.151977793199167,218.848022206801,0.170478170478171,81.8295218295218,0.142708333333333,137,9240,480,50640,0.215128383067314,309.784871616933,0.0893970893970894,42.9106029106029,0.278125,267,6900,600,60000,0.19500346981263,280.804996530187,0.0207900207900208,9.97920997920998,0.282291666666667,271,15.3333333333333,39.7826086956522,45.6666666666667,17.6824817518248
"2026-02-14 10:00:00|Monitor59.txt|03",3,"2026-02-14 10:00:00|Monitor59.txt",2026-02-14T10:00:00Z,2026-02-20T10:30:00Z,"OK","M","DGRP911","21.5C","Winter","NA","08:12","M59","Batch25_DGRP",0.68209697951626,982.219650503414,0.612287400208261,293.897952099965,0.717013888888889,688.333333333333,0,960,48480,0.718945176960444,1035.28105482304,0.642411642411642,308.357588357588,0.757291666666667,727,60,360,41220,0.743927827897294,1071.2560721721,0.652806652806653,313.347193347193,0.789583333333333,758,1080,2280,46200,0.660652324774462,951.339347675226,0.561330561330561,269.43866943867,0.710416666666667,682,1140,840,37200,0.665510062456627,958.334489937543,0.632016632016632,303.367983367983,0.682291666666667,655,3240,2940,50820,0.673143650242887,969.326856349757,0.632016632016632,303.367983367983,0.69375,666,1440,1680,74520,0.6294240111034,906.370575988897,0.550935550935551,264.449064449064,0.66875,642,26.1666666666667,18.2229299363057,45.5,20.3772893772894
"2026-02-14 10:00:00|Monitor59.txt|04",4,"2026-02-14 10:00:00|Monitor59.txt",2026-02-14T10:00:00Z,2026-02-20T10:30:00Z,"OK","M","DGRP911","21.5C","Winter","NA","08:12","M59","Batch25_DGRP",0.632102765883578,910.227982872353,0.652551197500868,313.224574800417,0.621875,597,0,360,51120,0.824427480916031,1187.17557251908,0.831600831600832,399.168399168399,0.820833333333333,788,1020,780,43920,0.759195003469813,1093.24080499653,0.77962577962578,374.220374220374,0.748958333333333,719,600,780,40140,0.645385149201943,929.354614850798,0.760914760914761,365.239085239085,0.5875,564,1500,540,49200,0.514920194309507,741.485079805691,0.474012474012474,227.525987525988,0.535416666666667,514,720,900,41940,0.555863983344899,800.444136016655,0.559251559251559,268.440748440748,0.554166666666667,532,420,300,46920,0.4941013185288,711.505898681471,0.513513513513514,246.486486486487,0.484375,465,30.1666666666667,17.3093922651934,66.3333333333333,12.8643216080402
"2026-02-14 10:00:00|Monitor59.txt|05",5,"2026-02-14 10:00:00|Monitor59.txt",2026-02-14T10:00:00Z,2026-02-20T10:30:00Z,"OK","M","DGRP911","21.5C","Winter","NA","08:12","M59","Batch25_DGRP",0.345098946881148,496.942483508853,0.302325581395349,145.116279069767,0.366493055555556,351.833333333333,1080,1440,43680,0.576682859125607,830.423317140875,0.525987525987526,252.474012474012,0.602083333333333,578,660,720,17640,0.409437890353921,589.590562109646,0.428274428274428,205.571725571726,0.4,384,3480,360,14700,0.369188063844552,531.630811936155,0.276507276507277,132.723492723493,0.415625,399,600,600,7440,0.269257460097155,387.730742539903,0.291060291060291,139.70893970894,0.258333333333333,248,1020,300,59700,0.246356696738376,354.753643303262,0.182952182952183,87.8170478170478,0.278125,267,3720,1080,3720,0.198473282442748,285.801526717557,0.106029106029106,50.8939708939709,0.244791666666667,235,20.3333333333333,23.2622950819672,64.3333333333333,14.6450777202073
"2026-02-14 10:00:00|Monitor59.txt|06",6,"2026-02-14 10:00:00|Monitor59.txt",2026-02-14T10:00:00Z,2026-02-20T10:30:00Z,"OK","M","DGRP911","21.5C","Winter","NA","08:12","M59","Batch25_DGRP",0.413262353894225,595.097789607684,0.551197500867754,264.574800416522,0.344270833333333,330.5,0,480,12540,0.741845940319223,1068.25815405968,0.735966735966736,353.264033264033,0.744791666666667,715,60,360,3480,0.600971547536433,865.399028452464,0.681912681912682,327.318087318087,0.560416666666667,538,720,420,20640,0.431644691186676,621.568355308813,0.582120582120582,279.417879417879,0.35625,342,180,540,12600,0.251214434420541,361.74878556558,0.486486486486487,233.513513513514,0.133333333333333,128,1800,720,9600,0.259541984732824,373.740458015267,0.422037422037422,202.577962577963,0.178125,171,540,480,10680,0.193615544760583,278.806384455239,0.395010395010395,189.60498960499,0.0927083333333333,89,29.6666666666667,21.0842696629213,48.1666666666667,16.1937716262976
"2026-02-14 10:00:00|Monitor59.txt|07",7,"2026-02-14 10:00:00|Monitor59.txt",2026-02-14T10:00:00Z,2026-02-20T10:30:00Z,"OK","M","DGRP911","21.5C","Winter","NA","08:12","M59","Batch25_DGRP",0.596458743201018,858.900590209467,0.530371398819854,254.57827143353,0.629513888888889,604.333333333333,0,420,42300,0.625260235947259,900.374739764053,0.561330561330561,269.43866943867,0.657291666666667,631,1320,360,41100,0.572519083969466,824.427480916031,0.553014553014553,265.446985446986,0.582291666666667,559,2280,1440,58860,0.531575294934074,765.468424705066,0.461538461538462,221.538461538462,0.566666666666667,544,840,300,37020,0.579458709229702,834.42054129077,0.505197505197505,242.494802494803,0.616666666666667,592,4020,300,64080,0.55794587092297,803.442054129077,0.463617463617464,222.536382536383,0.605208333333333,581,1680,480,62640,0.710617626648161,1023.28938237335,0.634095634095634,304.365904365904,0.748958333333333,719,27.5,17.1212121212121,55.1666666666667,16.7250755287009
"2026-02-14 10:00:00|Monitor59.txt|08",8,"2026-02-14 10:00:00|Monitor59.txt",2026-02-14T10:00:00Z,2026-02-20T10:30:00Z,"OK","M","DGRP911","21.5C","Winter","NA","08:12","M59","Batch25_DGRP",0.315009836824442,453.614165027196,0.210690732384589,101.131551544603,0.3671875,352.5,3360,420,41640,0.49618320610687,714.503816793893,0.407484407484407,195.592515592516,0.540625,519,5100,900,44520,0.405968077723803,584.594031922276,0.322245322245322,154.677754677755,0.447916666666667,430,4320,300,45360,0.31852879944483,458.681471200555,0.274428274428274,131.725571725572,0.340625,327,4980,600,47160,0.271339347675226,390.728660652325,0.172557172557173,82.8274428274428,0.320833333333333,308,14460,360,49560,0.186675919500347,268.8133240805,0.024948024948025,11.975051975052,0.267708333333333,257,11940,300,64500,0.210270645385149,302.789729354615,0.0602910602910603,28.9397089397089,0.285416666666667,274,20.1666666666667,26.6115702479339,62.1666666666667,13.8847184986595
"2026-02-14 10:00:00|Monitor59.txt|09",9,"2026-02-14 10:00:00|Monitor59.txt",2026-02-14T10:00:00Z,2026-02-20T10:30:00Z,"OK","M","DGRP911","21.5C","Winter","NA","08:12","M59","Batch25_DGRP",0.451336650850596,649.924777224858,0.514404720583131,246.914265879903,0.419791666666667,403,780,720,36960,0.634281748785566,913.365718251214,0.648648648648649,311.351351351351,0.627083333333333,602,420,420,3540,0.511450381679389,736.488549618321,0.563409563409563,270.43659043659,0.485416666666667,466,1320,1140,8820,0.415683553088133,598.584316446912,0.553014553014553,265.446985446986,0.346875,333,60,660,10020,0.346981263011797,499.653018736988,0.397089397089397,190.602910602911,0.321875,309,180,1740,11820,0.416377515614157,599.583622484386,0.496881496881497,238.503118503119,0.376041666666667,361,60,420,5880,0.382373351839001,550.617626648161,0.424116424116424,203.575883575884,0.361458333333333,347,28.5,18.0584795321637,63.8333333333333,13.822454308094
"2026-02-14 10:00:00|Monitor59.txt|10",10,"2026-02-14 10:00:00|Monitor59.txt",2026-02-14T10:00:00Z,2026-02-20T10:30:00Z,"OK","M","DGRP911","21.5C","Winter","NA","08:12","M59","Batch25_DGRP",0.510936234232149,735.748177294295,0.548073585560569,263.075321069073,0.492361111111111,472.666666666667,0,1260,13380,0.662734212352533,954.337265787647,0.665280665280665,319.334719334719,0.661458333333333,635,1920,480,56520,0.62734212352533,903.372657876475,0.66943866943867,321.330561330561,0.60625,582,1020,720,51600,0.537820957668286,774.462179042332,0.590436590436591,283.409563409563,0.511458333333333,491,300,1260,58140,0.455239417071478,655.544760582929,0.482328482328482,231.517671517672,0.441666666666667,424,1080,1500,45840,0.447605829285219,644.552394170715,0.559251559251559,268.440748440748,0.391666666666667,376,360,1020,83340,0.33587786259542,483.664122137405,0.324324324324324,155.675675675676,0.341666666666667,328,28,19.2440476190476,58.1666666666667,14.7191977077364
"2026-02-14 10:00:00|Monitor59.txt|13",13,"2026-02-14 10:00:00|Monitor59.txt",2026-02-14T10:00:00Z,2026-02-20T10:30:00Z,"OK","M","DGRP911","21.5C","Winter","NA","08:12","M59","Batch25_DGRP",0.487096400879528,701.41881726652,0.394654633807706,189.434224227699,0.533333333333333,512,420,420,59760,0.603053435114504,868.396946564886,0.555093555093555,266.444906444906,0.627083333333333,602,1020,300,61980,0.549618320610687,791.450381679389,0.442827442827443,212.557172557173,0.603125,579,3120,300,66240,0.518390006939625,746.48160999306,0.45945945945946,220.540540540541,0.547916666666667,526,360,300,56520,0.497571131158917,716.502428868841,0.411642411642412,197.588357588358,0.540625,519,780,420,53160,0.437890353920888,630.562109646079,0.326403326403326,156.673596673597,0.49375,474,4800,420,45360,0.314365024288688,452.685634975711,0.168399168399168,80.8316008316008,0.3875,372,29.3333333333333,16.2727272727273,52.6666666666667,17.5284810126582
"2026-02-14 10:00:00|Monitor59.txt|15",15,"2026-02-14 10:00:00|Monitor59.txt",2026-02-14T10:00:00Z,2026-02-20T10:30:00Z,"OK","M","DGRP911","21.5C","Winter","NA","08:12","M59","Batch25_DGRP",0.541488253674343,779.743085291054,0.529330093717459,254.07844498438,0.547569444444445,525.666666666667,0,1200,13380,0.709229701596114,1021.2907702984,0.748440748440749,359.251559251559,0.689583333333333,662,1140,1440,50220,0.612768910478834,882.387231089521,0.627858627858628,301.372141372141,0.605208333333333,581,120,480,2880,0.564885496183206,813.435114503817,0.565488565488566,271.434511434512,0.564583333333333,542,1140,300,42120,0.442748091603053,637.557251908397,0.461538461538462,221.538461538462,0.433333333333333,416,480,900,49380,0.497571131158917,716.502428868841,0.411642411642412,197.588357588358,0.540625,519,1260,840,47400,0.420541290770298,605.57945870923,0.357588357588358,171.642411642412,0.452083333333333,434,29.6666666666667,18.9213483146067,58.6666666666667,14.3238636363636
"2026-02-14 10:00:00|Monitor59.txt|16",16,"2026-02-14 10:00:00|Monitor59.txt",2026-02-14T10:00:00Z,2026-02-20T10:30:00Z,"OK","M","DGRP911","21.5C","Winter","NA","08:12","M59","Batch25_DGRP",0.374609420205995,539.437565096632,0.419645956265186,201.430059007289,0.352083333333333,338,1320,3120,14520,0.572519083969466,824.427480916031,0.642411642411642,308.357588357588,0.5375,516,1140,300,53700,0.525329632199861,756.4746703678,0.555093555093555,266.444906444906,0.510416666666667,490,720,1260,4200,0.439278278972935,632.560721721027,0.48024948024948,230.519750519751,0.41875,402,120,1080,9180,0.252602359472589,363.747397640527,0.328482328482329,157.671517671518,0.214583333333333,206,360,360,68220,0.243580846634282,350.756419153366,0.282744282744283,135.717255717256,0.223958333333333,215,2160,780,15060,0.214434420541291,308.785565579459,0.228690228690229,109.77130977131,0.207291666666667,199,22.5,28.8518518518519,49.8333333333333,15.1605351170569
"2026-02-14 10:00:00|Monitor59.txt|17",17,"2026-02-14 10:00:00|Monitor59.txt",2026-02-14T10:00:00Z,2026-02-20T10:30:00Z,"OK","M","DGRP911","21.5C","Winter","NA","08:12","M59","Batch25_DGRP",0.285730818192339,411.452378196968,0.357514751822284,171.607080874696,0.249826388888889,239.833333333333,0,780,10320,0.521859819569743,751.47814018043,0.544698544698545,261.455301455301,0.510416666666667,490,180,360,9360,0.457321304649549,658.542678695351,0.596673596673597,286.403326403326,0.3875,372,960,1020,9060,0.199861207494795,287.800138792505,0.355509355509356,170.644490644491,0.121875,117,420,900,420,0.176266481609993,253.82373351839,0.297297297297297,142.702702702703,0.115625,111,120,300,19380,0.193615544760583,278.806384455239,0.182952182952183,87.8170478170478,0.198958333333333,191,120,360,84300,0.165857043719639,238.83414295628,0.168399168399168,80.8316008316008,0.164583333333333,158,31.6666666666667,15.6105263157895,51.1666666666667,17.9771986970684
"2026-02-14 10:00:00|Monitor59.txt|19",19,"2026-02-14 10:00:00|Monitor59.txt",2026-02-14T10:00:00Z,2026-02-20T10:30:00Z,"OK","M","DGRP911","21.5C","Winter","NA","08:12","M59","Batch25_DGRP",0.454345561856267,654.257609073024,0.509545296771954,244.581742450538,0.426736111111111,409.666666666667,0,1440,62160,0.595419847328244,857.404580152672,0.671517671517672,322.328482328482,0.557291666666667,535,1620,1380,13440,0.528105482303956,760.471894517696,0.638253638253638,306.361746361746,0.472916666666667,454,360,1080,17460,0.448299791811242,645.551700208189,0.559251559251559,268.440748440748,0.392708333333333,377,1020,900,40860,0.3705759888966,533.629424011104,0.388773388773389,186.611226611227,0.361458333333333,347,1020,900,41160,0.411519777931992,592.588480222068,0.386694386694387,185.613305613306,0.423958333333333,407,660,1140,36240,0.373351839000694,537.626648160999,0.415800415800416,199.5841995842,0.352083333333333,338,27.1666666666667,22.2760736196319,47.5,16.6385964912281
"2026-02-14 10:00:00|Monitor59.txt|21",21,"2026-02-14 10:00:00|Monitor59.txt",2026-02-14T10:00:00Z,2026-02-20T10:30:00Z,"OK","M","DGRP911","21.5C","Winter","NA","08:12","M59","Batch25_DGRP",0.420437449369286,605.429927091772,0.514751822283929,247.080874696286,0.373263888888889,358.333333333333,1260,1500,52200,0.570437196391395,821.429562803609,0.573804573804574,275.426195426195,0.56875,546,900,1920,61980,0.507980569049271,731.492019430951,0.594594594594595,285.405405405405,0.464583333333333,446,3960,420,53040,0.401110340041638,577.598889659958,0.546777546777547,262.453222453222,0.328125,315,3120,300,50460,0.387231089521166,557.612768910479,0.488565488565489,234.511434511435,0.336458333333333,323,1380,2760,6000,0.342123525329632,492.65787647467,0.478170478170478,229.52182952183,0.273958333333333,263,300,540,5160,0.313671061762665,451.686328938237,0.405405405405405,194.594594594595,0.267708333333333,257,19.6666666666667,30.6694915254237,28.1666666666667,29.0236686390533
"2026-02-14 10:00:00|Monitor59.txt|23",23,"2026-02-14 10:00:00|Monitor59.txt",2026-02-14T10:00:00Z,2026-02-20T10:30:00Z,"OK","M","DGRP911","21.5C","Winter","NA","08:12","M59","Batch25_DGRP",0.684990163175558,986.385834972804,0.673377299548768,323.221103783409,0.690798611111111,663.166666666667,0,420,46800,0.792505204718945,1141.20749479528,0.77962577962578,374.220374220374,0.798958333333333,767,300,540,37440,0.748091603053435,1077.25190839695,0.717255717255717,344.282744282744,0.763541666666667,733,240,1020,46980,0.704371963913949,1014.29562803609,0.683991683991684,328.316008316008,0.714583333333333,686,720,300,46920,0.68147120055517,981.318528799445,0.706860706860707,339.293139293139,0.66875,642,900,1740,43560,0.573907009021513,826.426092990979,0.557172557172557,267.442827442828,0.582291666666667,559,1080,2160,39840,0.609299097848716,877.390700902151,0.594594594594595,285.405405405405,0.616666666666667,592,20.6666666666667,25.1290322580645,42.6666666666667,20.91796875
"2026-02-14 10:00:00|Monitor59.txt|25",25,"2026-02-14 10:00:00|Monitor59.txt",2026-02-14T10:00:00Z,2026-02-20T10:30:00Z,"OK","M","DGRP911","21.5C","Winter","NA","08:12","M59","Batch25_DGRP",0.565790996412452,814.739034833931,0.581048247136411,278.903158625477,0.558159722222222,535.833333333333,1020,660,44640,0.696044413601666,1002.3039555864,0.67983367983368,326.320166320166,0.704166666666667,676,300,1200,54180,0.661346287300486,952.338653712699,0.721413721413721,346.278586278586,0.63125,606,540,300,55380,0.615544760582929,886.384455239417,0.577962577962578,277.422037422037,0.634375,609,360,360,12420,0.563497571131159,811.436502428869,0.513513513513514,246.486486486487,0.588541666666667,565,300,300,16260,0.427480916030534,615.57251908397,0.594594594594595,285.405405405405,0.34375,330,2940,300,14760,0.430256766134629,619.569743233865,0.397089397089397,190.602910602911,0.446875,429,33.6666666666667,13.4851485148515,72.3333333333333,12.7165898617512
"2026-02-14 10:00:00|Monitor59.txt|26",26,"2026-02-14 10:00:00|Monitor59.txt",2026-02-14T10:00:00Z,2026-02-20T10:30:00Z,"OK","M","DGRP911","21.5C","Winter","NA","08:12","M59","Batch25_DGRP",0.37669251244069,542.437217914593,0.473099618188129,227.087816730302,0.328472222222222,315.333333333333,300,360,16380,0.582234559333796,838.417765440666,0.609147609147609,292.390852390852,0.56875,546,240,360,17580,0.458015267175573,659.541984732825,0.615384615384615,295.384615384615,0.379166666666667,364,2100,360,85680,0.324774462179042,467.675225537821,0.397089397089397,190.602910602911,0.288541666666667,277,3000,420,17520,0.249132546842471,358.750867453158,0.413721413721414,198.586278586279,0.166666666666667,160,180,300,43860,0.350451075641915,504.649548924358,0.403326403326403,193.596673596674,0.323958333333333,311,720,420,4440,0.296321998612075,426.703678001388,0.401247401247401,192.598752598753,0.24375,234,27.8333333333333,19.5329341317365,52.3333333333333,16.5127388535032
"2026-02-14 10:00:00|Monitor59.txt|27",27,"2026-02-14 10:00:00|Monitor59.txt",2026-02-14T10:00:00Z,2026-02-20T10:30:00Z,"OK","M","DGRP911","21.5C","Winter","NA","08:12","M59","Batch25_DGRP",0.233306330285847,335.961115611619,0.387365498090941,185.935439083652,0.15625,150,1860,1980,38760,0.454545454545455,654.545454545455,0.498960498960499,239.50103950104,0.432291666666667,415,840,360,8640,0.296321998612075,426.703678001388,0.492723492723493,236.507276507277,0.197916666666667,190,0,360,2580,0.216516308119362,311.783483691881,0.478170478170478,229.52182952183,0.0854166666666667,82,960,360,21420,0.158917418459403,228.841082581541,0.363825363825364,174.636174636175,0.05625,54,480,480,15900,0.1235253296322,177.876474670368,0.268191268191268,128.731808731809,0.0510416666666667,49,180,300,18360,0.151283830673144,217.848716169327,0.224532224532225,107.775467775468,0.114583333333333,110,33.5,19.6915422885572,34.5,22.024154589372
"2026-02-14 10:00:00|Monitor59.txt|28",28,"2026-02-14 10:00:00|Monitor59.txt",2026-02-14T10:00:00Z,2026-02-20T10:30:00Z,"OK","M","DGRP911","21.5C","Winter","NA","08:12","M59","Batch25_DGRP",0.361185048026849,520.106469158662,0.460256855258591,220.923290524124,0.311631944444444,299.166666666667,120,360,37920,0.568355308813324,818.431644691187,0.521829521829522,250.47817047817,0.591666666666667,568,1380,300,38100,0.395558639833449,569.604441360167,0.498960498960499,239.50103950104,0.34375,330,420,660,42540,0.313671061762665,451.686328938237,0.482328482328482,231.517671517672,0.229166666666667,220,120,420,8520,0.287300485773768,413.712699514226,0.486486486486487,233.513513513514,0.1875,180,960,360,45240,0.316446911866759,455.683553088133,0.376299376299376,180.623700623701,0.286458333333333,275,2280,420,12840,0.285218598195697,410.714781401804,0.392931392931393,188.607068607069,0.23125,222,39.8333333333333,14.5146443514644,55.3333333333333,14.7349397590361
"2026-02-14 10:00:00|Monitor59.txt|29",29,"2026-02-14 10:00:00|Monitor59.txt",2026-02-14T10:00:00Z,2026-02-20T10:30:00Z,"OK","M","DGRP911","21.5C","Winter","NA","08:12","M59","Batch25_DGRP",0.278902904756394,401.620182849207,0.274557445331482,131.787573759111,0.281076388888889,269.833333333333,960,360,39360,0.564191533657183,812.435808466343,0.555093555093555,266.444906444906,0.56875,546,2280,1680,2280,0.335183900069396,482.664816099931,0.392931392931393,188.607068607069,0.30625,294,1380,360,17940,0.193615544760583,278.806384455239,0.16008316008316,76.8399168399168,0.210416666666667,202,0,300,12480,0.207494795281055,298.792505204719,0.268191268191268,128.731808731809,0.177083333333333,170,5160,300,71700,0.206800832755031,297.793199167245,0.0727650727650728,34.9272349272349,0.273958333333333,263,2940,1080,23460,0.165857043719639,238.83414295628,0.197505197505198,94.8024948024948,0.15,144,22.3333333333333,25.2686567164179,44.1666666666667,19.1471698113208
"2026-02-14 10:00:00|Monitor59.txt|30",30,"2026-02-14 10:00:00|Monitor59.txt",2026-02-14T10:00:00Z,2026-02-20T10:30:00Z,"OK","M","DGRP911","21.5C","Winter","NA","08:12","M59","Batch25_DGRP",0.463603749566023,667.589399375072,0.570288094411663,273.738285317598,0.410243055555556,393.833333333333,300,780,42060,0.60235947258848,867.397640527412,0.604989604989605,290.39501039501,0.601041666666667,577,1020,300,41280,0.514920194309507,741.485079805691,0.582120582120582,279.417879417879,0.48125,462,240,300,19080,0.498959056210965,718.501040943789,0.686070686070686,329.313929313929,0.405208333333333,389,300,1200,16140,0.412213740458015,593.587786259542,0.534303534303534,256.465696465697,0.351041666666667,337,900,540,5100,0.424011103400416,610.5759888966,0.550935550935551,264.449064449064,0.360416666666667,346,0,780,5220,0.329632199861208,474.670367800139,0.463617463617464,222.536382536383,0.2625,252,36.1666666666667,15.3824884792627,63.6666666666667,13.1361256544503
"2026-02-14 10:00:00|Monitor59.txt|31",31,"2026-02-14 10:00:00|Monitor59.txt",2026-02-14T10:00:00Z,2026-02-20T10:30:00Z,"OK","M","DGRP911","21.5C","Winter","NA","08:12","M59","Batch25_DGRP",0.355745862747367,512.274042356209,0.362721277334259,174.106213120444,0.352256944444444,338.166666666667,2520,360,48720,0.401110340041638,577.598889659958,0.392931392931393,188.607068607069,0.405208333333333,389,3060,300,18540,0.246356696738376,354.753643303262,0.417879417879418,200.582120582121,0.160416666666667,154,10200,300,66840,0.139486467730743,200.860513532269,0.0935550935550936,44.9064449064449,0.1625,156,1500,420,50700,0.247744621790423,356.75225537821,0.293139293139293,140.706860706861,0.225,216,2340,420,66360,0.599583622484386,863.400416377516,0.37006237006237,177.629937629938,0.714583333333333,686,540,600,75720,0.501040943789035,721.498959056211,0.611226611226611,293.388773388773,0.445833333333333,428,30.1666666666667,18.1104972375691,48.5,17.8865979381443
