path	bytes	sha256
.gitignore	132	2b38cfd9073a449e77d2de5b209ecda22359055dfa2a3c625b5c5b5b8360ba8c
ASSETS.json	2586	eb042b4e6791535fd3041bd60cb67e647067fe50595283bb3e205dad7533c8b3
LICENSE	1090	58b0d2379ca23fd46d407893b8d1e232c8a07d6df75e338a258d2bcfd5b360d8
README.md	4666	83905893e9adb35d81ab2875b01f5d1ef7e3487726713e628580f9211a755953
code/check_environment.R	446	6f9e5cbc11afa4c0284a213c24f371802a602f14cebb6f6ed1bbb3b219b0b63b
code/crop_dam.py	4193	64d725eb5573d8e098bba4cf116f530f358948a3e070f29bfefd866b1baa9f81
code/download_data.py	1618	9a5c5759b1dd6000e600cef55db27b0800b9ed4b1e213175b90a04fc0822cda9
code/export_eligible_gwas.R	1985	773c8dd7c05ffdfe6bf70917a485159d665554e182d08f6a1741ddfbcf09b0ee
code/run_primary_gwas.R	2366	f2d47cd353554b797adf61bb09053625fa63ef470c411826759ff3d1888a4f32
code/verify_files.py	788	c3fa864233dccbacdc6849727f66ce9b34913bfb821b43a861dbab011dc511a2
data/metadata/batch_inventory.tsv	3649	24c03f89fca99db17d1e4bcfcadcc24faca4698e2b9fb74d7a4601a1875c9c26
data/metadata/line_batch_monitor_design.tsv	9279	eefc35c5aabeb7ecd66f1a6494e1c3b7208ba6e0e6dd3ecedf768d8624f4bf48
data/metadata/monitor_genotype_design.tsv	9263	ef2d5d6d06c67cfd13f6f018df6b01d5eb6933c8e500c2d9e654f081d9d5e78e
data/metadata/primary_trait_reporting_labels.tsv	1234	f57d0f5f192f3fec5450a04f06491cf932ae45d7d55d209d79111856ff667083
data/metadata/raw_crop_manifest.tsv	105022	f331e1703e34013151f7885818f7cf174ba250ad549f075feb7f285cbc87d1ae
data/raw_dam/Batch10_DGRP/Monitor50.txt	939477	b8594423f01bea9e2e211cd2640f72a21a9a34bf7cfe093c36d0f18518f91423
data/raw_dam/Batch10_DGRP/Monitor51.txt	942113	59a6791aec23f4a6de4312be1054804fef93e21601bc7d19a47a687ea37c7dd6
data/raw_dam/Batch10_DGRP/Monitor52.txt	940733	657f3df184b5d22a0d927049fb8fcd9c5ceb3f2fad75aa592332ce15dcb5b0ca
data/raw_dam/Batch10_DGRP/Monitor53.txt	938736	1d480c80d0d6a7029affa1a691c6ecf1f7ada14b40042743570efc7c11bc968f
data/raw_dam/Batch10_DGRP/Monitor54.txt	939123	f6633af0a972d5d5feeb3c4a1f87d97e7158178b0333f223f07ac5a76b8a8934
data/raw_dam/Batch10_DGRP/Monitor55.txt	938813	797ea98291a8bf1a6ce73ff8e4bbb872584fb3204dad6a1a28ca5d7bd30eb263
data/raw_dam/Batch10_DGRP/Monitor58.txt	938922	85885354ed6a49bb1132da2ca27e5463398451dc7b848930e8aa0b078990ad89
data/raw_dam/Batch10_DGRP/Monitor59.txt	938971	eb793d3793acf90ef8134b4340bb632b7178f5f500be8fcb99959450678c3b03
data/raw_dam/Batch10_DGRP/Monitor60.txt	940430	e013fd659c040a4a4a9a05024b016af7681ab1485f8591144599adaaa232d112
data/raw_dam/Batch10_DGRP/loadinginfo_Batch10_DGRP.csv	31269	6fd48b6db1a29d42b1e9e6443a8447804b418bd40e30db319d8fceeb5a973e0c
data/raw_dam/Batch10_DGRP/removed_list1_Batch10_DGRP.csv	1344	9618ae2ab47c93d26fe3eb42f9291e4ef3628fe8b4d56daa7aeb8f28c142fed2
data/raw_dam/Batch10_DGRP/removed_list2_Batch10_DGRP.csv	1418	3773cbd9db7716446a7df3d8c93e1cdfff0350f6c95e9fe0df2dfe07aff15a20
data/raw_dam/Batch10_DGRP/summary_Batch10_DGRP.csv	207254	323953c285cb54f4b19fec5ce25e05bfb728d01a1a1802c04aaa87dccedf2593
data/raw_dam/Batch11_DGRP/Monitor27.txt	931124	6499d66fee700765f786b11c8d074bee4eed5cf1decc3d8c24b0bfc03d739dab
data/raw_dam/Batch11_DGRP/Monitor30.txt	930065	162ad5ced1354cb3a2ac2330c8b2fb4f71ecdfba052b34434c09004aec5b3bb2
data/raw_dam/Batch11_DGRP/Monitor31.txt	930481	231cc581151dda28a70dff2f538f1a0c555407b57494899be59d5cec9041a06c
data/raw_dam/Batch11_DGRP/Monitor32.txt	930396	3769ff681339a143dba810de0cf155a8716055b6140983067a1c7513d33829cc
data/raw_dam/Batch11_DGRP/Monitor33.txt	930276	ad20d977fa5b66c0eae8e28e2390b9ba8792c4604e1037957b06bc98aba1a8de
data/raw_dam/Batch11_DGRP/Monitor34.txt	929897	68f9ce84b6f0ff5136b2cde10d7bda76865d86c1186e0b54971c2d10b1d739b9
data/raw_dam/Batch11_DGRP/Monitor37.txt	930757	c05b1be5d69d403ce646057fac358dfa66b75a7159e21494e3298fb20e237171
data/raw_dam/Batch11_DGRP/Monitor38.txt	929411	d386e53cff177644a10fafa375cac626b0a3a9d1788d4ddadf194e2177895f8d
data/raw_dam/Batch11_DGRP/Monitor39.txt	929554	6a6747dbc3ac71a72d3d2c8f0ba87bc4eb5e7433eb93467cf96138a2c7f68e61
data/raw_dam/Batch11_DGRP/Monitor41.txt	929111	1a35688d2a34843fb49914e3049107fa2aabd499e35e2a2262901f4720e44376
data/raw_dam/Batch11_DGRP/Monitor42.txt	929379	716505d8bfb89e9bbbe3e769f493d7350c643a6bbd73f0ce22b20005a629c133
data/raw_dam/Batch11_DGRP/loadinginfo_Batch11_DGRP.csv	38227	52d640408f0ad042a4a543de977d1d4bae2b3c6dae094b31cd02632569c5ab20
data/raw_dam/Batch11_DGRP/removed_list1_Batch11_DGRP.csv	2158	275f639802ad64dd25ad1704c1a801ff708ca6a66a05c350a0ace84ed4a5767f
data/raw_dam/Batch11_DGRP/removed_list2_Batch11_DGRP.csv	2121	6e022b8db05919053a153292937df76a1e9908fcc05f8658837efc2afc8af7be
data/raw_dam/Batch11_DGRP/summary_Batch11_DGRP.csv	228511	2a1f63079b089d17a46c01e8387118890c1be0aa082cb35c5a110bcb356655dc
data/raw_dam/Batch12_DGRP/Monitor48.txt	930900	a268a03b620d8c22df63adba4b215d5379527de58af1e11983cc2897ca532160
data/raw_dam/Batch12_DGRP/Monitor49.txt	929735	f1ae5eabd506483d35a80c7b0918174a8b57da0cee26390d06bce9fd38f01afd
data/raw_dam/Batch12_DGRP/Monitor50.txt	929243	72f0ad32faec01ae14127b796060f79e7a2f13c7d31c9d3fc69f1b90bce64c90
data/raw_dam/Batch12_DGRP/Monitor51.txt	929915	daecae631677ceaa06c2409f25ed3a3d31490f4398ad9861476de9ccacfc5b29
data/raw_dam/Batch12_DGRP/Monitor52.txt	929804	e4a7b20d60dc1528d0505702ed14dc827b94e3e3a5275df346898b1e1e5822b0
data/raw_dam/Batch12_DGRP/Monitor53.txt	929610	00b975f0adf73623ece49bd769abc2ed66f57c6f72be45171db32ba2cf7a6d23
data/raw_dam/Batch12_DGRP/Monitor54.txt	931256	818c8d20b29aea700b57c514969c9259237a19c6da595041746d6e268df6197d
data/raw_dam/Batch12_DGRP/Monitor55.txt	929580	7702915d45c8be1b1484197e3d9dd7b66e4707014fe19c06d0bbcb25a25085cb
data/raw_dam/Batch12_DGRP/Monitor58.txt	929572	599278f9f054536fec351d3795a66d9f604ae91c135bd03d89371ffaec257863
data/raw_dam/Batch12_DGRP/Monitor59.txt	929634	26acf360b5b97a43cdc8578af816280c5884e628effe46554057cb11fe187153
data/raw_dam/Batch12_DGRP/Monitor60.txt	929182	6cf5cf35171484fe159afeb4df841c2430bd441853f9824f0f8d1c30355c305a
data/raw_dam/Batch12_DGRP/loadinginfo_Batch12_DGRP.csv	38227	412c63a3ad1dcdfdbdb267c209d778013b4c19dbe76d46d46399f39828f52464
data/raw_dam/Batch12_DGRP/removed_list1_Batch12_DGRP.csv	530	3a789cdcd1ac1cb56d3396de1fbbaf1afb8c3e218783e65572b219b15518421f
data/raw_dam/Batch12_DGRP/removed_list2_Batch12_DGRP.csv	2861	75b8abc1a77befdd07a5fd63f57e71e6a76c3c2a1dfe67f653ad3db57c5eceb8
data/raw_dam/Batch12_DGRP/summary_Batch12_DGRP.csv	252288	facdb63b8d9ef8a7f6c61218fa88d6ce6e4e40a41569228386e28256e18f375b
data/raw_dam/Batch13_DGRP/Monitor45.txt	925961	b22988978c7199a9585a8a4b07d7f3800e895aa12880c7e3a40bfd45d40b6195
data/raw_dam/Batch13_DGRP/Monitor46.txt	922115	914bad505b3b388c2b779225be5498a07b816f1d62d44eacf4bb5a3b14c78326
data/raw_dam/Batch13_DGRP/Monitor47.txt	921615	b63d9601034f8f20a44a0c9353d7df577d12ae201b0977f85586425b1acc1c4a
data/raw_dam/Batch13_DGRP/Monitor48.txt	922218	a1b43cf10116c2f00054fae742d821de8591b428fcffce2fd5b5a99b116d259c
data/raw_dam/Batch13_DGRP/Monitor49.txt	922394	9252340b5364cf21f6677c462924435828c7663eeaf9f4e18df67f7b0555a391
data/raw_dam/Batch13_DGRP/Monitor50.txt	922237	106f6130504011206e055048086811b6c782065b0f0fb5fced2f2291c458d584
data/raw_dam/Batch13_DGRP/Monitor51.txt	922301	6dc585f4fdfd3883d0ae76db0fa768048ebeb83bba3bb36afa797be250f4d625
data/raw_dam/Batch13_DGRP/Monitor52.txt	922172	3053a968a6d2ec74dcf27f03546f20396de544a6291dd367accdcdca3a0004a0
data/raw_dam/Batch13_DGRP/Monitor53.txt	921750	0b2be567145e28fc17529dffd155fa820ba6b454ee85b7c09facaa83b789eee4
data/raw_dam/Batch13_DGRP/Monitor54.txt	922437	eb0a70736f8a5220c665eed30b8def883a42fb3ffcb60aab6d8d8438058abdb0
data/raw_dam/Batch13_DGRP/loadinginfo_Batch13_DGRP.csv	34652	9c43528a00eca36a30678c85a200c2731002a0fc344f7eeeb2c873e06fcd8800
data/raw_dam/Batch13_DGRP/removed_list1_Batch13_DGRP.csv	1011	c40cc4281ba3565e94c4c71fc4f659bc1c0c9bdd622704bc94e2001755358693
data/raw_dam/Batch13_DGRP/removed_list2_Batch13_DGRP.csv	2713	095b9414ae6058674da217011cfdbc30eda0ed5df9b873f3e0fb6c3d9d4e9252
data/raw_dam/Batch13_DGRP/summary_Batch13_DGRP.csv	213948	2f0c0d3cb138c08f6579c2c4dd4fe7475cc4e44e4c2e3e49c2f297d1cfbd001d
data/raw_dam/Batch14_DGRP/Monitor25.txt	927003	343f2a9532e1099b2c92d999035240aad2d2a2a758abbf3ebf216469328c358e
data/raw_dam/Batch14_DGRP/Monitor26.txt	928157	f6688efddee23089cf78d7ef239c537f94617fdc85018295635f0e0cf373f48d
data/raw_dam/Batch14_DGRP/Monitor27.txt	926792	0a5da2199d9341c75dafaddecd559e1a61823529a1056bc6fb70c9f90923c01e
data/raw_dam/Batch14_DGRP/Monitor28.txt	927510	7b353de78e5200dade73d10e8b2628463b5c83d0660a549805aa6ea3a9e18571
data/raw_dam/Batch14_DGRP/Monitor29.txt	927193	0411cd2796661bdb4e685b520302fe4cdfcdbf396a7e0f55cd11d9e449921592
data/raw_dam/Batch14_DGRP/Monitor30.txt	927098	5fe0877d65d21cc08faf43799d4ff05024415f1379cb34c859e402f4ab1f74d2
data/raw_dam/Batch14_DGRP/Monitor31.txt	926790	25370977a6a6e0710c4811f68d40495dea0901320adbc3779dcc14e0240ad1dc
data/raw_dam/Batch14_DGRP/Monitor32.txt	927789	eea066145c755a92e2cfe083cee8b9bcc4e58a1634e39f204f0e2860e4c269cc
data/raw_dam/Batch14_DGRP/Monitor33.txt	927869	432323110422dacc32fd45fc644d7011f8e8d5b0647749fde40b12455a50ac36
data/raw_dam/Batch14_DGRP/Monitor34.txt	927124	9647e3bfa617ea4cc1ffc8fc73e28230151fa6dd60d17002842b01af71e5d15b
data/raw_dam/Batch14_DGRP/Monitor55.txt	928986	c09b4152533bbd645012e0e24778c56c998134cd6b93d2f48e9f108127b0a036
data/raw_dam/Batch14_DGRP/loadinginfo_Batch14_DGRP.csv	37939	adf172ccc4b2ad0d59967b09dcd8873841298fdbf0ffde455a36562954a23423
data/raw_dam/Batch14_DGRP/removed_list1_Batch14_DGRP.csv	1566	2072985c0902fffdc100fc1a8585a645b390bfa29319208655bb8c548783a731
data/raw_dam/Batch14_DGRP/removed_list2_Batch14_DGRP.csv	3638	5971e758e85567a1fdb2b5972a78b259b370249ddaf222818d8ee1cc25a1b998
data/raw_dam/Batch14_DGRP/summary_Batch14_DGRP.csv	205824	0feee8b0f17904bca4cdda2dca7ba7f96f3554beebbe3047a933482be82ccd98
data/raw_dam/Batch15_DGRP/Monitor44.txt	970895	959a8662b5c4d8d686ad580d2b759b57c7720554875edbb3cda418fb270162ca
data/raw_dam/Batch15_DGRP/Monitor45.txt	969477	56576d725f3d5545b0984288477bf7f6092e1a0278bd04db3b76f7dea93be872
data/raw_dam/Batch15_DGRP/Monitor46.txt	968936	d09858514f3fae559e4a50b930d545a94cddbc839d92f9285df595e68b9b7f59
data/raw_dam/Batch15_DGRP/Monitor47.txt	967629	333bbb49b518d886751971e48a4f1783e3bc6e92edbe8f344781f446c4edd4d9
data/raw_dam/Batch15_DGRP/Monitor48.txt	969045	20418763263be028ef8b0d657ab4f78096099125fedf5438134ce91e231c573e
data/raw_dam/Batch15_DGRP/Monitor49.txt	968770	7deeb4ca4aeccd10bf49177de74698761b923e071b1a157b3df7817fb30faf89
data/raw_dam/Batch15_DGRP/Monitor50.txt	967997	4fc2c80d6869d345c8395dc8c6a2fda6fd3270f503f61bc44ba262883def05ba
data/raw_dam/Batch15_DGRP/Monitor51.txt	968288	4a8ce25c93c92e4cdfe9573a74cffc23e4c62ae70891aeefc6d9925fb8c761b6
data/raw_dam/Batch15_DGRP/Monitor52.txt	968062	068816c0aaa9a3ff4212ea3a8f7969a1262ce7fef91f33ebfc4ebfbb0b3ec517
data/raw_dam/Batch15_DGRP/Monitor53.txt	968938	46c6642d9347d08831a72e17e053d7b21b9d61b6b10852da7f844b1980586ebb
data/raw_dam/Batch15_DGRP/loadinginfo_Batch15_DGRP.csv	34716	855b5402382e71e068113f46ba20c4aee12375a15554b52f287914d973311507
data/raw_dam/Batch15_DGRP/removed_list1_Batch15_DGRP.csv	419	71aba25633a17cd3f494ccb5373a9ab3eb5cc86aaa0e02d1a0ecacf67ffd486b
data/raw_dam/Batch15_DGRP/removed_list2_Batch15_DGRP.csv	1381	3cd333899a2592fff21cd64725b2a84268d6e3116ec5b0ef61f280953f1698e9
data/raw_dam/Batch15_DGRP/summary_Batch15_DGRP.csv	263593	0095feb4ec701c900565aa6488593768fca2c2c27105bc0c39c2fcfa9fec099d
data/raw_dam/Batch16_DGRP/Monitor25.txt	930927	3669442a6763efc63de124461316e07a6d2acbfae5c28450ff1a52201488f2c6
data/raw_dam/Batch16_DGRP/Monitor26.txt	930562	3944c3a1a2608817a6241e0fe94b56a84ffd01980f13362403539dad4fb87ce0
data/raw_dam/Batch16_DGRP/Monitor27.txt	929122	3ee1f877bdcfd8cadbfc20c2106cf80bcca622bfc2b94ce459a88b2a8e883996
data/raw_dam/Batch16_DGRP/Monitor28.txt	929067	4190b620a0f7cb61136123a7c60768526e768982f23a9fdc3923d0c866b342ac
data/raw_dam/Batch16_DGRP/Monitor29.txt	929457	596eadce63c04529246679f4fa19136ba5a8f88d4df84740282b84e7333b3299
data/raw_dam/Batch16_DGRP/Monitor30.txt	929670	43984f0aa143f0fb45315aff8ba1a50779428b2bc22f665eac0c7fbce30b6884
data/raw_dam/Batch16_DGRP/Monitor31.txt	929370	2f8b3b8af97745100b53568b08530678969a20cc67fc661a491218c7afbd5889
data/raw_dam/Batch16_DGRP/Monitor32.txt	929815	4333bb850866b814ca5ef5acff5694f1ef8e555c39df08bcd50fa510994a47e6
data/raw_dam/Batch16_DGRP/Monitor33.txt	929893	5e9cfb458192ba736ba9e0ac153aea3199fbb087b5781add9c2c8370bd6e6b83
data/raw_dam/Batch16_DGRP/Monitor34.txt	930566	84028d08df87e46c5c6bd6d9757594829004b4de879981578dab073ea86ec110
data/raw_dam/Batch16_DGRP/Monitor35.txt	930024	608aaef9a440ee5d06ed91a5e54b5051ff02d1c57f86d944d9c4edb4d9e6cc67
data/raw_dam/Batch16_DGRP/loadinginfo_Batch16_DGRP.csv	38227	0aa17f317cdb90606621568b2e8f81bd143522abfdec42d47de55cdfedbecfdc
data/raw_dam/Batch16_DGRP/removed_list1_Batch16_DGRP.csv	1233	007d00eee8db4a22f513c688ef2a237f4bc2e1756497ce8a260c2b9446164312
data/raw_dam/Batch16_DGRP/removed_list2_Batch16_DGRP.csv	5081	f44f66f78a3fecbfbe825657d6ba8e0dada50fdc2b7922374e4ac91804ae138d
data/raw_dam/Batch16_DGRP/summary_Batch16_DGRP.csv	176513	51e70d8171dcaa1d88d6cd9debb4b8f80c439b8005d9def2be719b3437971e18
data/raw_dam/Batch18_DGRP/Monitor44.txt	924622	b2eb6f2b0c49a4e3b906c8435cea5471d3ac9a798c2811a63c6836fc36e8c61d
data/raw_dam/Batch18_DGRP/Monitor45.txt	924558	e83acb653b196335ef77c76c24a33e1fa6d999d04761401a0ca3b050a84f01d9
data/raw_dam/Batch18_DGRP/Monitor46.txt	924408	6e9acb7dc23fe049c6a6ad43e4646aa9fd263fa7838a9b9ee28bda91559fe6e9
data/raw_dam/Batch18_DGRP/Monitor47.txt	924200	2bc274dd0840eaaf4aee04bfc7016ef4ce2474cc185104e0e5224e9b7863219f
data/raw_dam/Batch18_DGRP/Monitor48.txt	924144	feb0b3c75efb23fbfe61f1c36760dbdef4108b2bd3ce17d05e91c214b81def32
data/raw_dam/Batch18_DGRP/Monitor49.txt	924134	05a06cd70ed6712500dc27690a36864cbd388559711c55deaf851df775ceb701
data/raw_dam/Batch18_DGRP/Monitor50.txt	924278	6940e443f9ed92576ea2bc087f201a2562b283b3a773086e6e0921c5d21d9e22
data/raw_dam/Batch18_DGRP/Monitor51.txt	924462	0df648bb82f28cf357618620195ff20803ac2713e46df32a6fc2f246dc931a5e
data/raw_dam/Batch18_DGRP/Monitor52.txt	924233	bed7fcc4f4395ef76730bddc94263193f0a9ee97486078ec048f327f4fe9812a
data/raw_dam/Batch18_DGRP/Monitor53.txt	924069	baa7e314f0001b81b045d3d9850cd5f46b8f104c392baeeba3a4f323771afbb1
data/raw_dam/Batch18_DGRP/Monitor54.txt	924210	4c61675d263469400f9fb1637558e131c958ca9c3d78362e75963f34b220445d
data/raw_dam/Batch18_DGRP/Monitor55.txt	924022	a0655f600bbc580182cb5ca51f28887d7b5a0070b5d754236726dda3d056e7f2
data/raw_dam/Batch18_DGRP/Monitor58.txt	924043	456185b71b2a2ab448d6358f997ff2d1063e247f0bd9c24d592bd14ad1b502a7
data/raw_dam/Batch18_DGRP/loadinginfo_Batch18_DGRP.csv	45121	15a4db66e5fc19dd260b74bfb3307730db6d55dcaefac38908bb3970ed2dab79
data/raw_dam/Batch18_DGRP/removed_list1_Batch18_DGRP.csv	826	0fba772027172fd837a66b486e34764a6218db789f76e98776c47bb4de7b2d0e
data/raw_dam/Batch18_DGRP/removed_list2_Batch18_DGRP.csv	5599	ca09ce6ee63b66b74b3b2184009fbdfb9f7d63a7fd2ac27ae3ed5df81e62205b
data/raw_dam/Batch18_DGRP/summary_Batch18_DGRP.csv	234951	871cdedd5409e3ddbae96d62a21e41764d1be70a482721375972687a7fa5d8eb
data/raw_dam/Batch19_DGRP/Monitor23.txt	932848	8a8be8a01ac980aee509c8b111ef64272dc7c5493655e56637c82fb6616bb7a6
data/raw_dam/Batch19_DGRP/Monitor24.txt	929890	75c7ba9627c9fcd0cca9dfafb5d982d0e3b71cff1162d8e4144867697c8a8711
data/raw_dam/Batch19_DGRP/Monitor25.txt	930704	9b6945f76c10338b1becc2055392f52aa2c6c39a36e257a6215b128d8456fec4
data/raw_dam/Batch19_DGRP/Monitor26.txt	930398	04f98c0a457a732449fbb3ae728eeed5cd2e6ce33870e354973b64c4e4527b37
data/raw_dam/Batch19_DGRP/Monitor27.txt	929685	24ad0b52f3ef30d1a598ba74d83c8c0b14229fbfb94ef5aa6004219d56da3a99
data/raw_dam/Batch19_DGRP/Monitor28.txt	929386	7333688b7f20b42fdb280ed4d6ccf6576f49e6617b76117da9c96f26b6e21532
data/raw_dam/Batch19_DGRP/Monitor29.txt	930428	f7edaa3c434e484bca8608357d777f2cd888f6be25ae2317d922619604636b75
data/raw_dam/Batch19_DGRP/Monitor30.txt	929772	d3dbcbea9fe4e71e708cf996dc7809b2e7530e55cd24ae0e572ddd3e6ca41a37
data/raw_dam/Batch19_DGRP/Monitor31.txt	929627	6c32e2805c8c8847ea6b5964ed04b2dc99d4e62cf5c09091d760121826124ad4
data/raw_dam/Batch19_DGRP/Monitor32.txt	930912	6c3fa2f1bfdc8757052bdb240eaae7601885620356bc5984df506b0df4d897dc
data/raw_dam/Batch19_DGRP/Monitor33.txt	929442	f6c322027fcea534aee5283a9a82f88efa2d7b01acf13bb6312d1761334e8e97
data/raw_dam/Batch19_DGRP/Monitor34.txt	930510	78825ad68571598d8d28a9112e22b1c53a7fdb9733d4bb4bf84fbbaeb123edd6
data/raw_dam/Batch19_DGRP/Monitor35.txt	933465	28502465e702928a1df755ec7101cb44ada9f64359b2039ab67d6c4d17dadb33
data/raw_dam/Batch19_DGRP/loadinginfo_Batch19_DGRP.csv	45185	95c63bf796b3fdfbf95c0e8cccddead2aeb88fff5771e50199731a8ea9a34510
data/raw_dam/Batch19_DGRP/removed_list1_Batch19_DGRP.csv	530	1089fd2c39f401e6877eb0f916b06c33e441041e32afd0317d4530c0eb543f5f
data/raw_dam/Batch19_DGRP/removed_list2_Batch19_DGRP.csv	3379	b9268617008220cfab85ddde3bfa446dd775fe276275a3014e68e7427ca40074
data/raw_dam/Batch19_DGRP/summary_Batch19_DGRP.csv	298836	16690fc3907c57deafb048bd47f4b44b35bef5fa1f9e50d7745a52a3a4cf7fea
data/raw_dam/Batch1_DGRP/Monitor10.txt	939062	fed840257d93e09ea5097beab5af0c90c558a0ff43b71d2290ec66a6e2d185a4
data/raw_dam/Batch1_DGRP/Monitor5.txt	930147	941b968f2feb96811a400a43304361538681667b775dcdd3dd3ee19e6d8dd5f2
data/raw_dam/Batch1_DGRP/Monitor50.txt	939391	170a1348468d8a9debfcbe410b5bb809c4cd3ae958fee95e5c484e5dfeaebfc1
data/raw_dam/Batch1_DGRP/Monitor51.txt	938857	a8d33ce78459687670602aee1f7e6d0264c74bee26ae66e639e13a5ceb89cb4f
data/raw_dam/Batch1_DGRP/Monitor52.txt	938976	39ba41114035cf8ac9a9e602a0710c65887880560159c3eed2b7f07aa4097711
data/raw_dam/Batch1_DGRP/Monitor53.txt	938988	622c478cbb4965a9b6baa7f47edb0e0dbc4dd844fdd0bbb0c73340f58ba6082b
data/raw_dam/Batch1_DGRP/Monitor54.txt	938944	8785485f66620d3e2b34fbdf58c95bd4f39c6f0a851d749451350cdc13841ece
data/raw_dam/Batch1_DGRP/Monitor6.txt	930309	fff72328c3982f635f0c71185903334804eecf94c2f75e8b8fccf18c54eba52f
data/raw_dam/Batch1_DGRP/Monitor7.txt	930262	3cdabd979afed4740a51374b1a648b1c1b0a6115c5613ba14c9fae3c68584fd9
data/raw_dam/Batch1_DGRP/Monitor8.txt	930134	ef0937a5361323469c5139c3e09f3a2e6c82d083bae149afa4663d325c4f5721
data/raw_dam/Batch1_DGRP/Monitor9.txt	930628	1d11708b43e6684d2a526c003fdedf54912e39b17885aaa01eea514545647513
data/raw_dam/Batch1_DGRP/loadinginfo_Batch1_DGRP.csv	37715	c2900525bdb75a189669159346d7b1efea9e072eb1f13da1a1cc0b6e694a8f2b
data/raw_dam/Batch1_DGRP/removed_list1_Batch1_DGRP.csv	1617	64b836a52d23e35adb91bc4491db837b13735ab35b653212fa73a217a3b3d8ff
data/raw_dam/Batch1_DGRP/removed_list2_Batch1_DGRP.csv	1497	552296b888cf53466a1313e12a343b2d9b77036cf683e7a15b8dc5752eb246b3
data/raw_dam/Batch1_DGRP/summary_Batch1_DGRP.csv	258537	47c9c3df22933500cc0272e743890370828a8930a9dfe9e1399bc6ac53756136
data/raw_dam/Batch20_DGRP/Monitor44.txt	929037	747e866b3bf67d75ed5efd6803c7d1f8764be3dcdec0e468e4ef7d924bbb1307
data/raw_dam/Batch20_DGRP/Monitor45.txt	931925	89a9d0d3a7ab1e04c88ccc4180813878d13eecc66814d84ee59d5e14a49d29ed
data/raw_dam/Batch20_DGRP/Monitor46.txt	931113	bfebf44231195205cbd34aba072514b98ba6d8b143ec48ce63f2b74b9aa22820
data/raw_dam/Batch20_DGRP/Monitor47.txt	931608	180c445c956b6cb58ead85319aaa629a20b61a55296d2b70b9a85f909e114d13
data/raw_dam/Batch20_DGRP/Monitor48.txt	931946	d910de3c5c6382792b03a57ae8363f9e219137cf36f025ffd70f35242abb78eb
data/raw_dam/Batch20_DGRP/Monitor49.txt	929475	e31988ba579a8474de35b77149d2b19b4565164b8b5bb4b171e69eb9455aabc8
data/raw_dam/Batch20_DGRP/Monitor50.txt	930052	0720ab9b638c392517701f9b341f93d2461826626cf0dd71226c5118c357a505
data/raw_dam/Batch20_DGRP/Monitor51.txt	929419	3c76678947216f6910d174fe0d113e11d26cc6e682d232123012b298252683b5
data/raw_dam/Batch20_DGRP/Monitor52.txt	929815	d2c33f9956ae8ee8ee71fc4fe3defcf406bfcbb4c8e31ab1a617b0a074a2a02a
data/raw_dam/Batch20_DGRP/Monitor53.txt	929759	2ddbf89494077cdc4443d38a9fd4998af0e54108e47da6906db7b0f1d24a44a5
data/raw_dam/Batch20_DGRP/Monitor54.txt	929715	915603cee3bdcf0ae187315abfce7b123e2e19a6e1030691045861e913ab3898
data/raw_dam/Batch20_DGRP/Monitor55.txt	930544	bbb30cd652d576e7e43e03512fdfdde38b7723ac470fbc51527793f1902e2710
data/raw_dam/Batch20_DGRP/loadinginfo_Batch20_DGRP.csv	41866	83c27caeff3522c476490a2d5608f19e6ad077b3c4278c14f39222f1ad095aec
data/raw_dam/Batch20_DGRP/removed_list1_Batch20_DGRP.csv	1381	b3f4e08b97e8f3af762beb54e30eff856b99d8d96d620def15a39432b61d6940
data/raw_dam/Batch20_DGRP/removed_list2_Batch20_DGRP.csv	2713	fd8799db7f0f7d3129476e359c762a6feb1737b3d936a139182e9fea2b679fe3
data/raw_dam/Batch20_DGRP/summary_Batch20_DGRP.csv	266024	b1948c6a1ae084739423db6f847ed3e3b4cf577bed7ae5785e1d3ecf012276d5
data/raw_dam/Batch21_DGRP/Monitor44.txt	930554	2f3ea244a403424caec569af54c5a10febd7d444766ea9220a311d74b50b2f25
data/raw_dam/Batch21_DGRP/Monitor45.txt	932347	5d3bc5a2ed0e76d91c511502ac88414eed9b11f34a6b0abdaded2199c3d165f0
data/raw_dam/Batch21_DGRP/Monitor46.txt	930096	b727412828b714f29683c1ffd86f8bda368bd29666c3dae6a7356ad4115448f2
data/raw_dam/Batch21_DGRP/Monitor47.txt	929638	68d5b5d964f97c6b70da4a62f15aa9e83eb9f20c07eee09c8e0a1c81b1dd1b2b
data/raw_dam/Batch21_DGRP/Monitor48.txt	929274	5cda3f1413bc65ba7d66dfb6c36e6bf2a98bb1f329f9de70c72e5f1c80ab7746
data/raw_dam/Batch21_DGRP/Monitor49.txt	929492	392e5d1e73568cbb27f2b859d91eee2978e50ac3b4a4a0cfd3376e8714bdf6fd
data/raw_dam/Batch21_DGRP/Monitor50.txt	929124	a1be001a3aebe357c2237a79a5dd107999e6870841e14204771ae61a4e793eaa
data/raw_dam/Batch21_DGRP/Monitor51.txt	929165	2a427abe157e49391ff0a7644bfdf3ea6d75e34a067137153cf08c193e7f4882
data/raw_dam/Batch21_DGRP/loadinginfo_Batch21_DGRP.csv	27918	ef82f546bb079b45e1bc5663ca2d06f0a35cc2f87f24dfa3aef5fe44d6403911
data/raw_dam/Batch21_DGRP/removed_list1_Batch21_DGRP.csv	1048	d138f73d0604fff7ed877df3d4932b0872f4753f225bcad568560d31024dba95
data/raw_dam/Batch21_DGRP/removed_list2_Batch21_DGRP.csv	3342	488f135c6e2e4ed89f73657f89c8de9c5c49a90a44b1952eaecc53c16ab04eee
data/raw_dam/Batch21_DGRP/summary_Batch21_DGRP.csv	129895	bbf0b2637525af06166a2cc8b6d834b67054749e18aeaaac25ffd991fdb9d61c
data/raw_dam/Batch22_DGRP/Monitor37.txt	931016	eebda18f0208333d7a56d9818ec2b8a4d8d177612aaaa677328cf6b116e0abcd
data/raw_dam/Batch22_DGRP/Monitor38.txt	929350	24da1c805146dae7740a032df0e16e38f3342f76462c8f30baa21a7c4ae82d51
data/raw_dam/Batch22_DGRP/Monitor39.txt	933300	b639583d470885e31d0c52670f896cf76471c8e8b7e69f34c3d95f9e14a83548
data/raw_dam/Batch22_DGRP/Monitor40.txt	930055	0f019ab6c45837e2f23358177897ed9c401a3326019bfccf3090ddb79623c620
data/raw_dam/Batch22_DGRP/Monitor41.txt	930231	217181c0ccc61ef33137c6a8183595f56d74829d6296cead4a4eab9d1117f5b4
data/raw_dam/Batch22_DGRP/Monitor42.txt	929426	7b307a93f8404004154cde1e9cc1bd675023c45444c3cb7917218cf6e2b85756
data/raw_dam/Batch22_DGRP/Monitor52.txt	930100	4d52416012cb4583103cb80658f0724913b2655e9c2419a2f7e93a737865cfc0
data/raw_dam/Batch22_DGRP/Monitor53.txt	931275	7245ad21a56621ef88669870700b88c18e17d5d2f902d182065d820deab8476d
data/raw_dam/Batch22_DGRP/Monitor54.txt	929480	d5c6d43ea3ca68d05c8d61f3fb9258f1f21924e5e799742a2aefb8cfc37951ca
data/raw_dam/Batch22_DGRP/Monitor55.txt	929903	82853e3a9441dc6bd9ad23d5ba1baeba6dfd71e4ac57df8db6f7df3a87f632ce
data/raw_dam/Batch22_DGRP/Monitor58.txt	930701	ad879d06efe5bee443890f3339e2b534bcb1d382acdc3176bc513f713e96a4b3
data/raw_dam/Batch22_DGRP/Monitor59.txt	929968	83871e263db42028969a8e94c3d2e0ecd65a605de8b295ea2acbfb89b5984fb9
data/raw_dam/Batch22_DGRP/Monitor60.txt	930146	f0446363b4d300993badc59b788993aa5a1cce51d7754a32f24e5e39307a669e
data/raw_dam/Batch22_DGRP/loadinginfo_Batch22_DGRP.csv	45185	d34082875840c19dd4263bb3d16e075271b82ffb22278e7194a23de305cb4917
data/raw_dam/Batch22_DGRP/removed_list1_Batch22_DGRP.csv	2343	31d527bf1b6f5a855ed2fa2888e2bbabdc66ba9f6cf63be9925cf2f1c4ce07e1
data/raw_dam/Batch22_DGRP/removed_list2_Batch22_DGRP.csv	3083	90ef93600c283cf77194c0b40ea13c77a26ab82556d8172a3a1443077d9b757b
data/raw_dam/Batch22_DGRP/summary_Batch22_DGRP.csv	260771	2a13bb4751e266a04072765504e85462b5dcd472dd202de65ef110538fc9294f
data/raw_dam/Batch23_DGRP/Monitor45.txt	922263	04e33bea2bc01708a5a431aec91fceb3ccc7aa5dbaf6b0d71826024b6c89031d
data/raw_dam/Batch23_DGRP/Monitor46.txt	921441	074f2072c0cf6d0158f060e957b573533088f16feb72708c906a47569861e2f0
data/raw_dam/Batch23_DGRP/Monitor47.txt	923091	5e58480039a0e23aa416d49952c84c941e780b1fd70ae79d593e8c20f1914d98
data/raw_dam/Batch23_DGRP/Monitor48.txt	921612	edec3333348cc981e57bc8ca58ebb1f35302469d897d4e3307f18ed1c0834976
data/raw_dam/Batch23_DGRP/Monitor49.txt	922921	2a023e17b03066e32426bc184fdb75370cd0d21e612536c9688838cc4c68d20b
data/raw_dam/Batch23_DGRP/Monitor50.txt	922056	4cb2aaf91c332f9d0644425b555d754e953e37f19f5988e32fab6521ad5b75ae
data/raw_dam/Batch23_DGRP/Monitor51.txt	922185	f4cd85acc1582842f7a5b8041ff752de4383b9286f5be3b10b21588b19cf463a
data/raw_dam/Batch23_DGRP/Monitor52.txt	923765	3d53e5f3de1c318bc80c91552c0a3fbb5a7e3299bf13adf1170a3fc36dadf73a
data/raw_dam/Batch23_DGRP/loadinginfo_Batch23_DGRP.csv	27758	74f71dd97b3401fa83bd941f16376078ff4abcfb85e46fda8a511c3012b3e887
data/raw_dam/Batch23_DGRP/removed_list1_Batch23_DGRP.csv	1344	d386db7dee1e01f5e868cdd0ad1a8248aa7f0eda08008cb5d8bd582fa35e1ec8
data/raw_dam/Batch23_DGRP/removed_list2_Batch23_DGRP.csv	1529	78e9539a973b8940efb41744df20e1a863188fb06b7a0b10094491d09b120e6c
data/raw_dam/Batch23_DGRP/summary_Batch23_DGRP.csv	174138	75085e5ea377ed50e49f0d4e2d34fc3660670d67daa110b6ca20eb0c928f87d1
data/raw_dam/Batch24_DGRP/Monitor37.txt	926963	96aeca8e77d360d6d1129ff57691940b3a3d0928965c8ad9b6811e25bb5f2d49
data/raw_dam/Batch24_DGRP/Monitor38.txt	925695	4789dc689e52bdd8b6cc6bdd8d1cf1356e14495631bc870dd76887bd15d6ee2c
data/raw_dam/Batch24_DGRP/Monitor39.txt	926158	3d7e7e9f2b184e9b4659df4b3a8f773e6759d0fe33047a70526c1728b3bf9aed
data/raw_dam/Batch24_DGRP/Monitor40.txt	929687	00ad22edb68efdefa5bd2ac82dbd67b5667aa178b8be5eca72dac86430f7c74c
data/raw_dam/Batch24_DGRP/Monitor41.txt	926721	bda39ea2c300d14c311f19088efe54ba471a28b7197b3484f43088a8f3cfddb3
data/raw_dam/Batch24_DGRP/Monitor42.txt	925679	0e8120c65d4324667484e8c2848722e70a6671b810c9e6b91827384410628ac0
data/raw_dam/Batch24_DGRP/Monitor44.txt	925872	ef96ce553f34a40e1543e17177c0e74ed2f17ba221788ca559066296b1c8676e
data/raw_dam/Batch24_DGRP/Monitor53.txt	926067	1ade514e310d9ca9656cbd95246cea7a4b3f1733cf4eb19c3bad18cfe68f384a
data/raw_dam/Batch24_DGRP/Monitor54.txt	926676	071199e5c5b99889053664484811155513adf22150c63a59b5f22030f740cc8b
data/raw_dam/Batch24_DGRP/Monitor55.txt	925960	bbaa7eb31e4ca1bfdbc25ebfab0f899b67a845fa2c01faf467c29e71d3c64072
data/raw_dam/Batch24_DGRP/Monitor58.txt	926127	f270459adead7c9e8d1d9a18205ec726987465a39d40fa7c5f3deb039090a84f
data/raw_dam/Batch24_DGRP/Monitor59.txt	926319	d227f4288e3558ff2cec9025771a379c7194d0eb9e9dbf9ac73b2cd3dfc0c52e
data/raw_dam/Batch24_DGRP/loadinginfo_Batch24_DGRP.csv	41674	72c563a2952f915b8d18ec0fc64adebf29972382248d860f0343bde93ed88542
data/raw_dam/Batch24_DGRP/removed_list1_Batch24_DGRP.csv	1455	f309ea005f2eb50a3ae454be9bfff9acc0e89cdddf563a6e13d004fd43928335
data/raw_dam/Batch24_DGRP/removed_list2_Batch24_DGRP.csv	3823	94c45bbab0dbc466822d04b05f4f7376f3f3b16648155af328d7c060add9275f
data/raw_dam/Batch24_DGRP/summary_Batch24_DGRP.csv	234122	aa948920bd7ac2999fa6a54ac64c8bfaad3d62ac298244e32aac80edb4d592c7
data/raw_dam/Batch25_DGRP/Monitor39.txt	931073	d9824028acbe47417fd07115d76df227e7710d2f62957d539a6db05f81515d58
data/raw_dam/Batch25_DGRP/Monitor40.txt	929159	6f857083e188a1964a4ec5ae5e41472bc6bc623168280bf5231a34aa63004e50
data/raw_dam/Batch25_DGRP/Monitor41.txt	929334	1cc0bbf4888edb151f65d5fb65ac385d330916435cf445451e9a9c0ce147840a
data/raw_dam/Batch25_DGRP/Monitor42.txt	928935	9b325f242ca3f7f767fbfd71e95157566f5d6bd4d427fe103a2acc2cb07780e0
data/raw_dam/Batch25_DGRP/Monitor44.txt	929336	758e4ff017d58f494bbdbeaa8af9c9496e2babc9152a88f02244f5a043dbf4e6
data/raw_dam/Batch25_DGRP/Monitor48.txt	929326	9f61c5bd6742687d49168599e6c58cf0c0d0e89dce2c7d2753245136f5115a07
data/raw_dam/Batch25_DGRP/Monitor49.txt	929959	940e24e3bcd21a481b621699129e5ce511d71b87d51beab6111716d5240c0622
data/raw_dam/Batch25_DGRP/Monitor53.txt	929388	ccfc13ad94ba44c2d68c16f751dbc1fdff7deaaf7c8a937a58cd9c95fb186b4e
data/raw_dam/Batch25_DGRP/Monitor55.txt	931646	c9ba9eeda67b6a4d7a55d0cc90f31751e437d1e798071c7e7aa6f1af2550cfac
data/raw_dam/Batch25_DGRP/Monitor58.txt	930686	bf6f40df6ef9e8d0b14662c529946204c78c9f034f761a6b962749ec5173a765
data/raw_dam/Batch25_DGRP/Monitor59.txt	929090	2bde82ad74e35e2aff76e9f74269f8ba044d4df5b6dad73af6d4ad75672b2d8a
data/raw_dam/Batch25_DGRP/loadinginfo_Batch25_DGRP.csv	38227	5ecd1e566a11b2a38775d3df921621738e6cab32f836c6b452248a45b0266025
data/raw_dam/Batch25_DGRP/removed_list1_Batch25_DGRP.csv	2232	50b62cb5113fe9896b903cca146d7e14cfbdd70cb2c125abebc021b7898bc39b
data/raw_dam/Batch25_DGRP/removed_list2_Batch25_DGRP.csv	2454	eaf4b4e30c41fdfb0eeee5e1b4767c551eda88fee43892b67c31ad11170c8a1e
data/raw_dam/Batch25_DGRP/summary_Batch25_DGRP.csv	217106	06b307f492c3209dd8a337b48eaa1bebc000657e74fb613506a64c019595c856
data/raw_dam/Batch26_DGRP/Monitor31.txt	922997	4fb69fd64518e0090eaa56dfa81c86db1015b37977090486054aa8b2b8ae860f
data/raw_dam/Batch26_DGRP/Monitor32.txt	922682	a25e2e66406bc17e630a26f7d42167ea524d542a8ab45c099a158112d5c91278
data/raw_dam/Batch26_DGRP/Monitor33.txt	921254	a6aacb9cc6f0dcc5643bf83722508b7f2ae611761144d4b533028579578c4656
data/raw_dam/Batch26_DGRP/Monitor34.txt	922006	62a90f19bd5bb705767cb714ed817a808e6a73e6d9f92ba690d49352ce3d6085
data/raw_dam/Batch26_DGRP/Monitor35.txt	925480	b47a0ab982d29a3723842ac2fab34986512a4470a9d964c752d41b21434d6423
data/raw_dam/Batch26_DGRP/Monitor36.txt	921271	9fbba5bdfce6fb58a4523231c353884ce7424e1db779a7105129829882e21dbb
data/raw_dam/Batch26_DGRP/Monitor37.txt	921041	031180f7190ce588acdca7f40382481a64eddf53df3916b031ed59cdf96b234a
data/raw_dam/Batch26_DGRP/Monitor38.txt	920573	bbd55c55a6e4a333259b8c791fd0e0bbe754ab9eeece129ebfb7804d8d362e17
data/raw_dam/Batch26_DGRP/Monitor40.txt	921512	52535300c9b95dd95cff5ac42574719f70805a9a4c4fa053199509c82ff35175
data/raw_dam/Batch26_DGRP/Monitor41.txt	923202	1a816f26fc29a1a4ab036541ef8db0743285cb5d73b282ea83f0ef565ae68e5b
data/raw_dam/Batch26_DGRP/Monitor42.txt	920542	9bcedd945580d323e59cdb70d1fa7fa39ed4550ed45074eb830b793768c7a970
data/raw_dam/Batch26_DGRP/Monitor44.txt	921128	e80fc5ef887ea0c0de561c5187e29b1f2babcd6425b7ea4bbe3a85534bceba7b
data/raw_dam/Batch26_DGRP/Monitor45.txt	921308	9461eb851ba73c7a10cbea79cf116f5b55dd2603aa56e5194497bb55c1b86056
data/raw_dam/Batch26_DGRP/loadinginfo_Batch26_DGRP.csv	45121	5ffa3e73d39f422bac6badfa38a438a6a8d0fd4a94b6fb8a3e65292211ce998e
data/raw_dam/Batch26_DGRP/removed_list1_Batch26_DGRP.csv	1307	197a911bdb29aee7dd030be34952e47a64c0410b716e13cee7d23285128498d2
data/raw_dam/Batch26_DGRP/removed_list2_Batch26_DGRP.csv	2528	07ebf0a4adf8f6ef4256be44fb9fef27b62f40195710ec0800557f6987ce0896
data/raw_dam/Batch26_DGRP/summary_Batch26_DGRP.csv	302848	a257dc6b7223aa23da5e46ec91a222a107c2d6fe7ae4a84f0cab6c67bfee39b5
data/raw_dam/Batch27_DGRP/Monitor31.txt	921843	e4d1ede431bff373ef4c22bf45ea2f64b82435b8e692ce5e4c9f186dacedaa1f
data/raw_dam/Batch27_DGRP/Monitor32.txt	918653	1d48da05e165b680a1d648d99633dc289e4a56be15a98dd6ab3b2db78a5a8cb9
data/raw_dam/Batch27_DGRP/Monitor33.txt	918267	a5021ff1fed73cfbe7aca3cacf9c6c62af01d89729388af2aa04944919f7ff8d
data/raw_dam/Batch27_DGRP/Monitor34.txt	917451	0fe09352389673b2cc88771b86d934b29c507b899266a4fb34dfcd98d3ef783a
data/raw_dam/Batch27_DGRP/Monitor35.txt	918233	091ea7d5d1b67eccda36383daf863f6f7e7c5e95b3223da0f37771ee747011b4
data/raw_dam/Batch27_DGRP/Monitor36.txt	918705	e4b81660b229c360065c2ac2e36595bc392f76d4640c66d9ccd89c2bbbfe8f88
data/raw_dam/Batch27_DGRP/Monitor37.txt	919304	c810fd11ba7a400b10da0140cd21aed942d1134b0f9c6fd8f7f81d02ca6ee62f
data/raw_dam/Batch27_DGRP/Monitor38.txt	918110	f9bb77487e47b19fcf6075cd4933ef3a2b3ac22f50d82078e55c22fb047569d7
data/raw_dam/Batch27_DGRP/Monitor40.txt	919715	d380e219f303c829c891f4bd96857c30b3a703c1399bc0adf0453ac000f1fcf5
data/raw_dam/Batch27_DGRP/loadinginfo_Batch27_DGRP.csv	31237	94154abc846b1ef5ded7b3abe49dc413814b46741f53f8ebd5c8ab0d162ef88e
data/raw_dam/Batch27_DGRP/removed_list1_Batch27_DGRP.csv	1048	50d77454d8e0f38aa0ba537bfe9281bbfe11dd3bc23dc8f4303cea9ea0112830
data/raw_dam/Batch27_DGRP/removed_list2_Batch27_DGRP.csv	1825	df5a54ba301639d8684bffca06da6afc368382059bac95b39c294640a402e12b
data/raw_dam/Batch27_DGRP/summary_Batch27_DGRP.csv	204726	c36b135be7adb69b31159a99b41054c6d7a4658bffc905f88247c99ae50db527
data/raw_dam/Batch28_DGRP/Monitor31.txt	915259	38f56cd30c2de98dc8682d31e229ffee22d544cae0f630fecbbbb50be548aba6
data/raw_dam/Batch28_DGRP/Monitor32.txt	913074	04fa5368c8b6ed2eb6a51366c6cf78b28cc49298cf7a95cb80d1b9272f3527e0
data/raw_dam/Batch28_DGRP/Monitor35.txt	912812	9094f4b31a6339e1062a0a7628a0ee2c56684483b0f1f4bd6d460f55dbd82f39
data/raw_dam/Batch28_DGRP/Monitor36.txt	913781	d94a0d1a139277e5e954423a25606f2b856397ddeddc89b7df22bfa14cc6ab19
data/raw_dam/Batch28_DGRP/Monitor38.txt	913904	16cc9958d294f41b288c3db25dfa3fdd7d6399f33c9c518b0c44223444a8132a
data/raw_dam/Batch28_DGRP/Monitor40.txt	913189	4f7ae22721c5f6c266756b1bb96ebc5183bd1a2f0442701095e61f860be3eeab
data/raw_dam/Batch28_DGRP/loadinginfo_Batch28_DGRP.csv	20800	db34fa9262f3f1f49109fee7e29d3a5a9dbbc134fe1d07bdaf9e140732455304
data/raw_dam/Batch28_DGRP/removed_list1_Batch28_DGRP.csv	1381	679364a30a82645b8bab29370f1153172b2783c92a02f1c05953b725f79eb17e
data/raw_dam/Batch28_DGRP/removed_list2_Batch28_DGRP.csv	1122	97aef1070732b9672c62c90261c670208a509f485c679a6bcc5e842f9259c679
data/raw_dam/Batch28_DGRP/summary_Batch28_DGRP.csv	122162	d60426936ffad9ff21e9510a9edf47f20644a93848f01090ef72d4ddbdc40f30
data/raw_dam/Batch29_DGRP/Monitor31.txt	922129	971e769ac02822c53b8d5b4757419a7dc33e54100137feb107b1fd1a70fe97b9
data/raw_dam/Batch29_DGRP/Monitor32.txt	920864	5dabb3ce9964cb33426b1418293b86d1160d0117686286490d202c7d690a5879
data/raw_dam/Batch29_DGRP/Monitor33.txt	920861	fc46531ef92bb74f97ad6af27bc17d2318fa69c7ccc78cfeef949ae81f9d6a87
data/raw_dam/Batch29_DGRP/Monitor34.txt	920728	b2faab5d891df89bbfc073b45a0d7db0d358fbb9b6d698552de6a6fc63fa3043
data/raw_dam/Batch29_DGRP/Monitor35.txt	921604	0f48926b7db1e6682bd366b17cede18c3a020db50e2489087372a340dbbb0f88
data/raw_dam/Batch29_DGRP/Monitor36.txt	920899	6ac56c58fdeb37a8a559c64dde21f6d762d5ba7630538455e7c12bdf0ab85fb6
data/raw_dam/Batch29_DGRP/Monitor37.txt	922407	8e34953fd0469bc6321bbb5bc2078c2d7bece2c9645b2c98b568d19a78c5be35
data/raw_dam/Batch29_DGRP/Monitor38.txt	920959	61717c7ddaef4f7e4cf9c4dd13dcc6520d17bbee34d1d75c5c242de4ef6322c8
data/raw_dam/Batch29_DGRP/Monitor40.txt	920711	119fb093e25ac15c4b87b6ae0fa0a40d67177a4d3db6a985f928186510df3d6a
data/raw_dam/Batch29_DGRP/loadinginfo_Batch29_DGRP.csv	31269	7406822317fe8d722910afe5e644e5d75adbefe7c1901f33b6d9b24259a713f8
data/raw_dam/Batch29_DGRP/removed_list1_Batch29_DGRP.csv	641	9e453dded492707119642a6fad847b10bd4a0b548186cd5871f9792cc967dc01
data/raw_dam/Batch29_DGRP/removed_list2_Batch29_DGRP.csv	1381	a2ffb046162dec4039cb14b38c66bba25e64dd8bef9c41b42cfeee7e5d885a43
data/raw_dam/Batch29_DGRP/summary_Batch29_DGRP.csv	227798	0fe08c85db2bc14aa04d4053155181e041c866bd34b2eb3accfadeb6614832a3
data/raw_dam/Batch31_DGRP/Monitor31.txt	912483	27037b02153b08a946f6d011590955efdeb809d7dd38324117d2675a366215a1
data/raw_dam/Batch31_DGRP/Monitor32.txt	911782	8f67389c46cc99fafc55e8a3052cae9169084ad6978c958c50932fa9d3c35060
data/raw_dam/Batch31_DGRP/Monitor33.txt	912075	991200a549bb643d04765cafc4869743f3be2ff6654ffb0a2232c62550b56fec
data/raw_dam/Batch31_DGRP/Monitor34.txt	912335	1a4cda6867129d453cfb4cae6f3203ab0860940f360eefffd0868609a2e48fb1
data/raw_dam/Batch31_DGRP/Monitor35.txt	911838	760a330e9b5fe1bba24ba1aa7c7bba16598f3503d4d28384ef3cc459d3de2bc8
data/raw_dam/Batch31_DGRP/Monitor36.txt	911833	d9f2440cddec53fa4c495c1bd16c46443817213b110f69f38de6a9783ff301a9
data/raw_dam/Batch31_DGRP/Monitor37.txt	912226	42985716e88f69f1ba6aa94985a2aab1604576b2d582d76a1dee99789b29d026
data/raw_dam/Batch31_DGRP/Monitor38.txt	911865	5af5f8992218c1ed14ad78a9e1bef6cf58062b8336954de4f333064b799ba78b
data/raw_dam/Batch31_DGRP/loadinginfo_Batch31_DGRP.csv	27758	9599784852c084c306a91485b954ca0f2aae08b9b648a9ec65ae2112d15cf4b0
data/raw_dam/Batch31_DGRP/removed_list1_Batch31_DGRP.csv	900	9b37dc087a17d0ffef8ab8915bc9376ddf4012c095492776369593ff832a9925
data/raw_dam/Batch31_DGRP/removed_list2_Batch31_DGRP.csv	3268	45263e02034c131089fe1a2ac19ad45bfe7ce2f0c4223ad65e6ca79ee04017b7
data/raw_dam/Batch31_DGRP/summary_Batch31_DGRP.csv	139878	0186d42f9ae295f78107eaec342a44f452943cfb01b347e41a6e0af000e4a2e5
data/raw_dam/Batch3_DGRP/Monitor10.txt	918031	04080540c6c795c21eb7ffa934b156d301ded8c7607101b1abfbee317323e80c
data/raw_dam/Batch3_DGRP/Monitor11.txt	916619	0cb618ba3b21c91fa29f85af4399bddf01343c073a3e6f31ea2b10d396945f5a
data/raw_dam/Batch3_DGRP/Monitor13.txt	916900	496e311af313405dd22dbf4a07a770a8475d8c2d1619e21c15dd6c8865ba228c
data/raw_dam/Batch3_DGRP/Monitor5.txt	908041	3954385aa16cbc6dc3b74ad5d3c19a89794953b0db16bced24fdd0810bb19a22
data/raw_dam/Batch3_DGRP/Monitor50.txt	916442	a63812edf70eaf57753bc629861fe573ea61c6aacecc173e03c27b3d1bdfe8c0
data/raw_dam/Batch3_DGRP/Monitor51.txt	917022	e23a6d289c30d9a4026027df3e6b8d4902acecd6a18719b1c42b69661431cb3f
data/raw_dam/Batch3_DGRP/Monitor6.txt	909369	8d620de4b548c300a6abeb7742c9dce4c014943e0349f5f431b1a0a43d03164e
data/raw_dam/Batch3_DGRP/Monitor7.txt	908394	ffe0e397a7c5d5b5a1e4bfb517af96c5113ee84bb7b7e15baa3e32f056f1c0e8
data/raw_dam/Batch3_DGRP/Monitor8.txt	907410	0a5b04f0b442aa8c4282a3a8c1e00c0821184ec392498946cbf8ae8ba891e87d
data/raw_dam/Batch3_DGRP/Monitor9.txt	907950	7d1301605226e070411c40427b095a18b8f9a79146a8d27f48d0fca005e4c4cd
data/raw_dam/Batch3_DGRP/loadinginfo_Batch3_DGRP.csv	34108	6289e172ad6c8e9e2f0184b3387ff293c0fff218e54169729f42fff6664a0d21
data/raw_dam/Batch3_DGRP/removed_list1_Batch3_DGRP.csv	1362	5448c6b2a15bdcf6c89a831c1ef3e861eef473107bb6bd4a396e98fbc5870f94
data/raw_dam/Batch3_DGRP/removed_list2_Batch3_DGRP.csv	1292	84c170783cfb8946d38e9ed866bfc34bf4ba5cbac3b43934e9c5f289616c09b0
data/raw_dam/Batch3_DGRP/summary_Batch3_DGRP.csv	239389	ea75a00ac06b95e861bed04786714e392a24d02084e3015ab98df04f340ca8ef
data/raw_dam/Batch4a_DGRP/Monitor12.txt	1077869	04649514e6f3560bdaa02ece0b6d311fb3cdf82be05c8a65749049b731105948
data/raw_dam/Batch4a_DGRP/Monitor52.txt	926339	cf9cecfd1cc1154559905a52bb2e9312060783281f487660818d7f3846a09c24
data/raw_dam/Batch4a_DGRP/Monitor53.txt	926335	d73ea55cee8978bd6787004dfb59434422254c5c62c4c04bd2b86172d7ae763f
data/raw_dam/Batch4a_DGRP/loadinginfo_Batch4a_DGRP.csv	10555	c7982d6aea0d273a8dd95a0c471b4856e610519bca9b338eb4da64da28162539
data/raw_dam/Batch4a_DGRP/removed_list1_Batch4a_DGRP.csv	567	d5efebecd6fbe8628938a0f3b59ea1d9219d265655538659f0f3efa2a1fc8b63
data/raw_dam/Batch4a_DGRP/removed_list2_Batch4a_DGRP.csv	49	8a9d5e0027050a2d5dfce74562889e7b3b8c383fb554dbff38d8ad9993f351b7
data/raw_dam/Batch4a_DGRP/summary_Batch4a_DGRP.csv	78261	116031b1313e675b6f8a25a80039ae9f0dfb40c3ec7c7477496e3592c2a9f913
data/raw_dam/Batch4b_DGRP/Monitor10.txt	923106	47abbf942b59719f1f2051eb5aac2351140db41e4e89b865d1b4860a25f64b0d
data/raw_dam/Batch4b_DGRP/Monitor13.txt	922391	c72269e2a7021073932d7bb6ab1da6647e72b9d67a8f5c8e71b1f272f973fce8
data/raw_dam/Batch4b_DGRP/Monitor51.txt	921868	6286f32d812ec6f0cd88b3b1786cda35fd8611ce22fa79b9d1e2618a7bb02a2b
data/raw_dam/Batch4b_DGRP/Monitor52.txt	921499	5eb53c3426b44b9168067edea5360bf247fa02a3e2e4acf34b69541beef39927
data/raw_dam/Batch4b_DGRP/Monitor53.txt	922141	cbda3ced363322a369cade9ed01d790db27ff17f6cf37814e1e91cc30597d21e
data/raw_dam/Batch4b_DGRP/loadinginfo_Batch4b_DGRP.csv	17513	fb8d0e5124a88a80bf1009e94d1a04cf16459c60edb1795bef1cf5ea04171884
data/raw_dam/Batch4b_DGRP/removed_list1_Batch4b_DGRP.csv	1529	ca054cbb5ec55dfa13fce1269a7cd32b40a02336ade444137310bd1fd7b3c675
data/raw_dam/Batch4b_DGRP/removed_list2_Batch4b_DGRP.csv	271	89f0703e533268dbc8c20cae14b6238d96358c2b4892c8b95c58cbd1ee87bf3f
data/raw_dam/Batch4b_DGRP/summary_Batch4b_DGRP.csv	109362	49a7a493603396d477d9c2c77114be5e16dedc5825cf3bec5d904c1f4a08eb43
data/raw_dam/Batch4c_DGRP/Monitor10.txt	930500	ad1d240bb7f6217e103b3727676612c05e1f50232cb2338055ae9b8383def1ee
data/raw_dam/Batch4c_DGRP/Monitor51.txt	929859	7414695e28e72eded3a9928ab2d09c7e5cb0467e2f53216da81b0d0adb9c5211
data/raw_dam/Batch4c_DGRP/Monitor52.txt	930123	925d30ca474720a498a98b3d1018ce1d1ee34f66ee73edd412e45ebf4e0d3e65
data/raw_dam/Batch4c_DGRP/Monitor53.txt	931691	0ea7ff13226fc116cf77e0340cab853b669e9c8869edecce2744e4ccdbcf8721
data/raw_dam/Batch4c_DGRP/Monitor54.txt	930267	c58db1518270f1e15311631116e24a9e6c0f97e7da8d31493eb99bd18b515a58
data/raw_dam/Batch4c_DGRP/Monitor6.txt	921226	b698ad22c86e72bd5bc7c4578207f8047aafe7cd858b0744e6f2b879c5984e9f
data/raw_dam/Batch4c_DGRP/Monitor7.txt	921828	3846e097a5aa8027d8e809ab764e92a2f344ae5d2c786f7a0505b99eedca1bf6
data/raw_dam/Batch4c_DGRP/Monitor8.txt	921628	47c51b54c1e67658dbf11ba85f961442eeff3c0e3bc67db66195f2a0c27257d2
data/raw_dam/Batch4c_DGRP/Monitor9.txt	921309	43c0c5456dbfa076c7c130ec89bd40710533e468aba142ce39fabbb19ffc82c9
data/raw_dam/Batch4c_DGRP/loadinginfo_Batch4c_DGRP.csv	31173	107ffe00b76a2f0f8b7161a376d82b89a347a5c7709ea939f53b64f1a862afce
data/raw_dam/Batch4c_DGRP/removed_list1_Batch4c_DGRP.csv	3204	f704f858c08eed34a58136a67b19ea25c504d7c53b017eb9ff305780b5a2fd92
data/raw_dam/Batch4c_DGRP/removed_list2_Batch4c_DGRP.csv	926	9a374a403d06ba9e2a375d24d2d70bfd7f7e9c6cbc038599cfcae061ac97f759
data/raw_dam/Batch4c_DGRP/summary_Batch4c_DGRP.csv	170925	0dbb6ae2268601fec29a17dedfe48e520ee46deb18dd8e70b2bf4cd947c19404
data/raw_dam/Batch5b_DGRP/Monitor10.txt	914962	6cdf73bdfd3b7ef0b6c30b2c8bba76e4f76eaf8098bc1e5f1cfdbb9ab4c7e189
data/raw_dam/Batch5b_DGRP/Monitor11.txt	914567	31625530c4609d73142326ef766747675373c9c216b2c25737e6fdda4ff5b2af
data/raw_dam/Batch5b_DGRP/Monitor13.txt	914768	2db9192edae4b89337aaada31d35968ca9c9ecc9f986dc41d7f82349e06ee0be
data/raw_dam/Batch5b_DGRP/Monitor5.txt	906720	8f2797480da38ff3b96658b5395e2bd31b5fc16ffc9509a7bcac821a4fd6e1f4
data/raw_dam/Batch5b_DGRP/Monitor50.txt	914632	d19eb1cf8df20a0e53bd0acb7f8ede1d63d7d1e9a857dc091b3ae3936bffe691
data/raw_dam/Batch5b_DGRP/Monitor52.txt	914773	72dba2e463fb082ddcf58743b3c81ac3ffc99f9f4ceab483051c18ec90d41307
data/raw_dam/Batch5b_DGRP/Monitor53.txt	914791	e7455ac54807568cd3701ea067da8607f1662d64afc73dd8f6c4a1fb9bbe0cca
data/raw_dam/Batch5b_DGRP/Monitor54.txt	914546	4ae7c18099124bae2c85c863cc9f87d4945fad1c7cbcc45e73698fecca80cd09
data/raw_dam/Batch5b_DGRP/Monitor6.txt	906187	6d973384d25dd6d607c269165707ce6b0d93992ca15a1ff0ddfe0c28f10e3780
data/raw_dam/Batch5b_DGRP/Monitor9.txt	905717	f597ea945ed60ce97b73ad00d2014a0379b09502912f16513a75100e675e1e6d
data/raw_dam/Batch5b_DGRP/loadinginfo_Batch5b_DGRP.csv	34556	66815beda2769c88480e1864a96033dc2eb83203abd1f9c620b41a7a6ddf5418
data/raw_dam/Batch5b_DGRP/removed_list1_Batch5b_DGRP.csv	2026	0540b8ab8f6cc321d7523f76a4320d7b54d3fe9e2b9a9b8de0c9ca8b3d8c39eb
data/raw_dam/Batch5b_DGRP/removed_list2_Batch5b_DGRP.csv	1776	16aef2e4f26e99a7984d69c09f4a4683eb8bfb0c4000734ca2a7ba5d52388f1d
data/raw_dam/Batch5b_DGRP/summary_Batch5b_DGRP.csv	210051	5a6bae0969d8b592c6801b5d7004450a36cf7e63dce918223427cb67268f7787
data/raw_dam/Batch6_DGRP/Monitor12.txt	909546	fe46b7b9acb55bc27bf986073a172be38d7e8b2713d9d0ee425b2bef3040d1ca
data/raw_dam/Batch6_DGRP/Monitor13.txt	908744	e5a66bd3373d178b44b6d29b2ae256e378130a442acf1044899ee92447f434d6
data/raw_dam/Batch6_DGRP/Monitor50.txt	908597	3848a7fe68881f51018ad589cd68df1ce997878b89edf073a80b5f40cdde1ffa
data/raw_dam/Batch6_DGRP/Monitor51.txt	909264	8fbc61603d40bd02d6a15e8ceee7709ee90e5b7ff9c27c56a03c59ba23d73db0
data/raw_dam/Batch6_DGRP/Monitor52.txt	908554	962a521aa3252eb6ab6831e2bfba539e59fb613e62addffe8ce511c7c380fe5f
data/raw_dam/Batch6_DGRP/Monitor53.txt	908510	38861a863d7ad909f0c784270ffcb357d14639c1b29dea286d88636a913a46bb
data/raw_dam/Batch6_DGRP/Monitor54.txt	909212	79f4e6e64ba4b4ad55f5d1bfc5e634a002c1b2e077ee07354f29884aff6e83a9
data/raw_dam/Batch6_DGRP/Monitor7.txt	901109	782e1422662d23b28957bacb3f3ef8e2ae8b6a3a88f2cbfbcfbbad43cdafaec7
data/raw_dam/Batch6_DGRP/Monitor8.txt	901103	da1fe432de855a5075ebe09c906acf7f81c3e6790ae85714753fc9b4f7b460f7
data/raw_dam/Batch6_DGRP/loadinginfo_Batch6_DGRP.csv	30789	5dda31c506fc54153c6c1d230bf3138355878c8850508719aed57b89b6c9dd4d
data/raw_dam/Batch6_DGRP/removed_list1_Batch6_DGRP.csv	2700	63408c582aafcc3549be3354bcce8f57f05e4e59bb1f8a543b83f18dc5b4af0c
data/raw_dam/Batch6_DGRP/removed_list2_Batch6_DGRP.csv	1008	25e4732ad90044bb3812b7ba2c0b1551079dd9197d83fd695049cd9e444eaada
data/raw_dam/Batch6_DGRP/summary_Batch6_DGRP.csv	181792	22b59d1914161550fcdf079cdc3015c082835ae011f0f834d60eced38118beda
data/raw_dam/Batch7_DGRP/Monitor50.txt	930285	e2830d25e76469db8bfc973bab3d425a9d58215c3f83946be6c40818fc9d8b09
data/raw_dam/Batch7_DGRP/loadinginfo_Batch7_DGRP.csv	3565	5e91c19ed96b59bfe7e8949b4b37e2cbc364576fa4a3b250b35e931fc5faf093
data/raw_dam/Batch7_DGRP/removed_list1_Batch7_DGRP.csv	308	cc21a295630746df0c7c44dcca4794e143106b3f67b8d7cc9b2ecd5a969a06f1
data/raw_dam/Batch7_DGRP/removed_list2_Batch7_DGRP.csv	197	e5edb128732840edd0cd7042413225c9d49743a1be07c4a360ab2a81fd5d5cb4
data/raw_dam/Batch7_DGRP/summary_Batch7_DGRP.csv	19856	fdf555a8308dfd31197840939d6e15d8791105bf5f2b4a7f52db56c65255941d
data/raw_dam/Batch8_DGRP/Monitor10.txt	920159	f5b3d3647aef6371418ed600e2094ca2ec1ae6a264b1ca41dc08fcc89daa9689
data/raw_dam/Batch8_DGRP/Monitor11.txt	920208	61bac9e5c4c3907395ab36f7ef07faa4e510b4555bb633ea41e39da2bb9038af
data/raw_dam/Batch8_DGRP/Monitor12.txt	919305	5a79345f773474c62d0c8f4f682c31545efb8a0c6f7bc95b5cd34573972642d5
data/raw_dam/Batch8_DGRP/Monitor13.txt	919903	600cfb4492a27b9d3941e52af72eb2892757fd4c38c27b9c3eea6cb8f00b912e
data/raw_dam/Batch8_DGRP/Monitor5.txt	911291	636ac8fa9a92d261fc826eac825cc87980aa351fa709833657afe4b030638230
data/raw_dam/Batch8_DGRP/Monitor6.txt	911087	d686ac359b4dbd6e14bc1aa52abe83d760c643a598b9ecf4eb92d84efbf7b66c
data/raw_dam/Batch8_DGRP/Monitor7.txt	911348	faeb5c59f70c4a065b8ec9aa384c9a8c29f8d5ba49cadab143843d14e6f32247
data/raw_dam/Batch8_DGRP/Monitor8.txt	911736	8593bd6159ea7b4ae6c15c9f47950b2839ab2b09e45f3e87722d6ab4dd97489c
data/raw_dam/Batch8_DGRP/Monitor9.txt	911426	fee4f3b550d9aa7f2fe16c4c7439f5b44cd7e6c334c933458cf6f8655fa34944
data/raw_dam/Batch8_DGRP/loadinginfo_Batch8_DGRP.csv	30789	7d1115807d3f549351b354e688407df85d771a75ac998b935b8d5493f8278234
data/raw_dam/Batch8_DGRP/removed_list1_Batch8_DGRP.csv	3806	e788a23ce7b8b65eaa4b8893f5dc273cbd1c19c7217e277d7b19d6d541040f44
data/raw_dam/Batch8_DGRP/removed_list2_Batch8_DGRP.csv	1427	8fe2df26f5447911396bff8139fd173edb0c8cabec16126b28b4fb5c92b19d85
data/raw_dam/Batch8_DGRP/summary_Batch8_DGRP.csv	140695	924ec0d000aea2c4d0de08333dd10382c17732f66616ff84ccad7de88aa9b966
data/raw_dam/Batch9_DGRP/Monitor27.txt	923254	721ab4d20b06f4076d546b563dcd0505536f022df4e2cb7ccd778462a9a41538
data/raw_dam/Batch9_DGRP/Monitor28.txt	920303	ddc0001a15419c233a50f8e1b667e98d11a207801b969aab40010cd16d64227e
data/raw_dam/Batch9_DGRP/Monitor29.txt	921576	7936166c328c207e888dee78a72ec54d56c2fce38bb5fc5c4edfac8026e7ee33
data/raw_dam/Batch9_DGRP/Monitor30.txt	920790	eb0819f58f9c3167025e2e828c4088168a693154ac27853dcb8afb7a5edd665e
data/raw_dam/Batch9_DGRP/Monitor32.txt	920404	387f13451c6c5cdf0b314322ebd229b63a14f4a4931772db21560ec30a4fae66
data/raw_dam/Batch9_DGRP/Monitor40.txt	923249	d0f2d1c8bd745e8ce5ec1bf577292dc74488020de8d8a3a8bd97c603904c4313
data/raw_dam/Batch9_DGRP/Monitor41.txt	920172	28bb34e9e423d57a66ef2d87adc5ca5579d3e55dd3a958cd8a5653a0d4940071
data/raw_dam/Batch9_DGRP/Monitor42.txt	921689	00f0fa4d34a60a4a4a79d21b73e06dab82531b4d1d675cea9c8f97fb46c96748
data/raw_dam/Batch9_DGRP/Monitor44.txt	920413	09e355ed74df7cc28d4c29dd1389d5031cd1b1920fd955c74668cf4c6650fe65
data/raw_dam/Batch9_DGRP/Monitor45.txt	920612	46ba1bf9ccaac913d4a845e065c0b48a522f92664ea7f665bc7147878b7dd5f3
data/raw_dam/Batch9_DGRP/Monitor46.txt	920208	b02167033c9c65d50ea10bfd858f746a3bbbc2d70c68c35ecd36d3d3a3a624bc
data/raw_dam/Batch9_DGRP/loadinginfo_Batch9_DGRP.csv	37875	cd11bac075b809965eb2e81c7996e535b94fded20d9a1d36844fd304f247e165
data/raw_dam/Batch9_DGRP/removed_list1_Batch9_DGRP.csv	900	9ec4ae0ae3e128806ac915f2ad0ac608a58f70d911f4f0bdb0b98a5590aa5679
data/raw_dam/Batch9_DGRP/removed_list2_Batch9_DGRP.csv	2010	89ac4c83f41b56daa18c35c1bc5f8409a0277872996fad10284cdb6cc0b10aaf
data/raw_dam/Batch9_DGRP/summary_Batch9_DGRP.csv	264237	033693d5c26b2c1ee26bb9c9565d9c4883d8e48b897ff3e77a3016beff03f419
docs/DATA.md	3269	e01160c00048064e489f1f479c324716878598e9cbdf95792b79aa9054811e2c
docs/GWAS.md	3301	530311258a391319fb65e3d6041b82a16c43a776e9bbf72c542908f7a8b097f1
docs/REPRODUCTION.md	4370	f4d8d9aee2b8c571e8ba26299a2c4adc127058034bc1ef556693fb890cf00891
docs/analysis_sessionInfo.txt	881	4c694f11d65c976eeca05bcd885a11bd308e7c215e0bfeb27997eb0b5f37a9e5
docs/environment.txt	305	bf00db8a6537c3c80bc837eac99d184c5d2f578100be8c0d8a311a76249ff927
docs/profile_sessionInfo.txt	1240	694deb1574382b35dca9d5a1a6182e7a952292c8b2eee6bbf21a337854ca2a0c
docs/validation.json	1837	93ea129a36ac0194fc207acade37b79f24000a9b6f2a82383038b576279c5e8b
reproducibility/manuscript_readiness/baseline/baseline_change_associations.tsv	989	ea6c88248a9ba455d7ec51dacda7a962a0c59b1c52849b8b973b1ee240da6373
reproducibility/manuscript_readiness/baseline/daily_coverage_audit.tsv	5929	945c252014821165135a013bdf668cc37728445ab1a94aa95918296782651ccd
reproducibility/manuscript_readiness/baseline/frozen_daily_reconciliation.tsv	122	9c7b2415718fa54ac92bbe4a7ffb829186adcf2b686800cd33986056b580f061
reproducibility/manuscript_readiness/baseline/independent_fly_split_design.tsv	46031	0e3e816f354509b3c171ef4b9bfa81e4550d55896c3d45e266de39885866cae2
reproducibility/manuscript_readiness/baseline/independent_fly_split_iterations.tsv	141916	f0d14c0c19047ebc851e5b121b197d3617857a825e0dbd8b161d67f7d4135ab4
reproducibility/manuscript_readiness/baseline/independent_fly_split_paired_difference.tsv	646	ee4421c589c41a0b54c929da8e5e271db1aeeefc627a6aceb18c7962ff167d81
reproducibility/manuscript_readiness/baseline/independent_fly_split_summary.tsv	3059	e9f553f172b4b639344f3ae8486d889acda4cf97347018ec0b24c9aa94a12309
reproducibility/manuscript_readiness/baseline/input_manifest.tsv	352	2e2fe06cb3d0b3545c9d87489c8f9ddf79c5731644fd849dd87c580a5be4f24b
reproducibility/manuscript_readiness/baseline/line_batch_sleep_sensitivities.tsv	342778	2d3f3387a1f3ea62677be861a7f08345d59d867da1b36f4790935c7c07eecb0e
reproducibility/manuscript_readiness/baseline/line_sleep_sensitivities.tsv	513268	9abf1d3f0420f1096207041ca2bf85e58d24769fde177dc184e70717fa242080
reproducibility/manuscript_readiness/baseline/mean_coupling_identity_check.tsv	389	3513c11d4d7158c4047825bac6dca02dbe7dbbe4a27434aefe8afed8adf26f01
reproducibility/manuscript_readiness/baseline/original_endpoint_reconciliation.tsv	250	234aa7ad504e2a4774615101eaae3b82eceec32ba72bf0f3a97dfeb1bcf1428d
reproducibility/manuscript_readiness/baseline/repeatability_pairs.tsv	120770	a045897a1a0a9647e276a683e9bb86bbfe72f665207d4b660ff8d1a9935fe3ce
reproducibility/manuscript_readiness/baseline/time_window_agreement.tsv	4883	b7e7511f1ee2ce5339fc07da010405890d57cb341e7ab5f36f4808cdb0358aa6
reproducibility/manuscript_readiness/baseline/time_window_common_fly_cohort_agreement.tsv	747	84a6b4b597cd70cd1b9de99c430ed5d1e030adf810651a828149fb2084755b96
reproducibility/manuscript_readiness/baseline/time_window_repeatability.tsv	1937	0f5760209b2399daea8c46dbc840a9316ba03fe377d45ef0d00f1c1404803ed6
reproducibility/manuscript_readiness/candidate_qc/all_line_effect_contributions.tsv	12110192	5931d91d82d892e352faf5082b0592db391ef2fd0f0f114595c25858a6bf2735
reproducibility/manuscript_readiness/candidate_qc/candidate_comparisons.tsv	105650	be452b8b7ccef73f22bedb85fb0ef7dfd6c9400240a356cf1827be9e309cd269
reproducibility/manuscript_readiness/candidate_qc/candidate_robustness_summary.tsv	10327	6d83d1eed48f08ea4697285e3683c64611a5bf2bf3ce22f1cec9ceed45fb901a
reproducibility/manuscript_readiness/candidate_qc/commands.tsv	27870	f4d56d0b0706481518ec8b3c85845b992c7ba67be99e488aebf2b7d35ee8ae83
reproducibility/manuscript_readiness/candidate_qc/fixed_null_decomposition_checks.tsv	54194	270c1ea4c9209a3bdbd32d3455f8c42826629e8d9b4a5ee372c467e279d132ed
reproducibility/manuscript_readiness/candidate_qc/fixed_null_reference_check.tsv	4669	82067d51d11db62fd3d6cb64569bb33c275c7eb1203ec9410b898668880aeb7a
reproducibility/manuscript_readiness/candidate_qc/independent_augmented_GLS_check.tsv	59644	08db8820c60694cc96481849bd523e25e24e9059db0cf0e3ab71a5bc84517d1e
reproducibility/manuscript_readiness/candidate_qc/independent_validation.tsv	134	045728367f236138957df8a44a4dc4327eb5c50154061e27c46b55b1072c4b1b
reproducibility/manuscript_readiness/candidate_qc/input_manifest.tsv	2177	ee39c9baebc3bf3f11abff384667b5374f7c53bd472c048e497cb79340aa1d0a
reproducibility/manuscript_readiness/candidate_qc/original_scan_reconciliation.tsv	5836	cebcbaca883d3223b467c3f75e9fac57a8991f3d6561b7dd781a4909a31474b2
reproducibility/manuscript_readiness/candidate_qc/refitted_null_models.tsv	2707	3e6191f5e5ff615d21e6dc7671022fe20ab8ba21c461163a6fb6142775271a6b
reproducibility/manuscript_readiness/candidate_qc/selected_MLMA_results.tsv	85889	7fc92179bf79efefbe5addc46dc0c29f6beb36312950ac8ed0e9cc0fc9e68cb2
reproducibility/manuscript_readiness/candidate_qc/top5_line_effect_contributions.tsv	334072	b6bd3711f1bb540c8bc20b4eab6924ccd3c0e6d8b88e4b4c8e67b3bda7a5b0e4
reproducibility/manuscript_readiness/candidate_qc/trait_scheme_summary.tsv	4455	74c35ed675969329519822e0746be73a27ed472fa864d4de77040a767a14a174
reproducibility/manuscript_readiness/candidate_qc/validation.tsv	191	68924eeed2f35a39246e2fa2644108b838b2519a1829daddea4a8cc10f296a13
reproducibility/manuscript_readiness/pca/PC1_loading_bootstrap_intervals.tsv	23444	5f4e422822e81d6a6f291ccb88b46e0573b55bf6e33039c9a34cff9d010aefe0
reproducibility/manuscript_readiness/pca/axis_mixing.tsv	339	d33171872033705c492383552d7bbbefff7cdfaa922015c4b014ddb09abe4b9c
reproducibility/manuscript_readiness/pca/bootstrap_design_cells.tsv	8870	06be4c288a2389cac0e6170c3fd826eae7d1cf5640b64c9adc15780a9cfd385a
reproducibility/manuscript_readiness/pca/conditional_family_representation.tsv	264	8e8eb522b066c8b1f7e999f9d56d0d42968be2a9fb54d58e8d6310c0549d024a
reproducibility/manuscript_readiness/pca/conditional_original_panel_overlap.tsv	4437	b62e6ef4dd5cb80350145283d40b2a7ce1bb35c89b20ed117620a28127ba3957
reproducibility/manuscript_readiness/pca/conditional_panel_selections.tsv	164441	743128e34052123557514a3a25c3ad1f62fc2f168bb49b72296e04c2fdec1a8a
reproducibility/manuscript_readiness/pca/conditional_repeatability_bootstrap.tsv	1248645	113ff054077c0c53a25a5025597dc7051724b417237cbc2e70cd92e91ed6135b
reproducibility/manuscript_readiness/pca/conditional_selection_summary.tsv	6951	13718527a8ff2362aa2d526f2e310427a61a87f59235c639d1a82006950ff902
reproducibility/manuscript_readiness/pca/frozen_primary_trait_selection_context.tsv	983	d510250a4a78986a61c9394aeb0a7b67ceb2714a3028e603cc18a62ead714c8f
reproducibility/manuscript_readiness/pca/input_manifest.tsv	789	4723aa926c2582e748688e97a4c9e6fd25f7d585d403f9d6a43828fe2ab5cd67
reproducibility/manuscript_readiness/pca/pca_bootstrap_replicates.tsv	346622	87eacd0a5f4a3ba816f6316358850002db087b7480033a00be54b079fb6b85e2
reproducibility/manuscript_readiness/pca/pca_bootstrap_summary.tsv	6910	51778bf61ed0016d8b37dd97cd5a36f1c7579711d58b581ee62080bb933271e9
reproducibility/manuscript_readiness/pca/reconstruction_checks.tsv	264	da1b79c977a9968e0d0b1316a6f1395d0adb833ad72716b56c7860271ee39e8d
reproducibility/manuscript_readiness/pca/validation_checks.tsv	252	268c58a8be97f52e0c6db36ec93ad88e22fbbd2ad5552ea2f60f1116731658c9
reproducibility/manuscript_readiness/provenance/batch_inventory.tsv	3649	24c03f89fca99db17d1e4bcfcadcc24faca4698e2b9fb74d7a4601a1875c9c26
reproducibility/manuscript_readiness/provenance/line_batch_monitor_design.tsv	9279	eefc35c5aabeb7ecd66f1a6494e1c3b7208ba6e0e6dd3ecedf768d8624f4bf48
reproducibility/manuscript_readiness/provenance/primary_trait_reporting_labels.tsv	1234	f57d0f5f192f3fec5450a04f06491cf932ae45d7d55d209d79111856ff667083
reproducibility/manuscript_readiness/provenance/repeatability_nonoverlapping_calendar_sensitivity.tsv	473	10cd3d73ab4889905329a98adb57652e77172d4971936df0b5b5917ca2c08d11
reproducibility/manuscript_readiness/qc/cohort_counts.tsv	195	346b2ea8518918664548e5a7b38090214cc5d394c624639446355da1484587ee
reproducibility/manuscript_readiness/qc/cohort_membership.tsv	864409	35855fd2f2e27f1a424eded776eea0c103f41f42ed0423f6dfc6bf98641a1c4f
reproducibility/manuscript_readiness/qc/concordance.tsv	8463	3cc990741dfebb0fb2717df7d24ee53a8f64e757645fd90c11e5d0e83515b869
reproducibility/manuscript_readiness/qc/line_batch_estimates.tsv	895806	f18a5e6b036c86560521d992004ddb17d2ff5b66f2b860c43ed0065df1392d48
reproducibility/manuscript_readiness/qc/line_estimates.tsv	1068241	4a67f5742602311180166edbc827924efdbe2ec849c0ae164b13b938a928aa87
reproducibility/manuscript_readiness/qc/paired_line_comparisons.tsv	1113737	cc2f90dc3aac4db25401421bd44b2c26d1edf29baf1b9c5b81610260856f35fc
reproducibility/manuscript_readiness/qc/repeatability.tsv	2628	76f83668de42579b984015bffa3bb495b44ad5efc80824bd36fdd863324a0480
reproducibility/manuscript_readiness/qc/sentinel_reconciliation.tsv	6622	61d19161afb674c0140c141858321a9aeeeb40e1b39292f9c6cc9ecedfe7b2a6
reproducibility/manuscript_readiness/qc/simulation_discrepancies.tsv	1434	e8de60d5200c6dae1494a5f339e33c0de2b0954ac8dad9a26c5ceb38c9236066
reproducibility/manuscript_readiness/qc/source_checksums.tsv	7808	814124f2b33159f48d4a270a4f3068cd53c9d2ec866e51dd02eb5f7e0fa1fb47
reproducibility/manuscript_readiness/qc/validation.tsv	137	dc9126e912d7c746183f768e29ea7b293b02493985e5f2e32223c872b19b6978
reproducibility/profile_gwas_call90_maf10/inputs/LDHarmonicR2__RINT.keep	3130	3adc86a430214bd0e5824a886004a584957e330cfbb4da44490b99c346830344
reproducibility/profile_gwas_call90_maf10/inputs/LDHarmonicR2__RINT.pheno	6331	f6bcdd0057d3201939662db0fda3d6d95884044aef392f1bea92c9315e5b9cac
reproducibility/profile_gwas_call90_maf10/inputs/LDHarmonicR2__RINT.qcovar	7002	a494ec7bf78c48bc8c198926e6014d9941810a43db28731f1cc783039e35d424
reproducibility/profile_gwas_call90_maf10/inputs/LDHarmonicR2__exclude_influential.keep	3112	84b51a0bbae76ad2cb7525b3d06a5d10dbdde4e2af5f2a2a78b1f278058818ea
reproducibility/profile_gwas_call90_maf10/inputs/LDHarmonicR2__exclude_influential.pheno	6251	39b843fb61fe7b5fcf8baaa6412d780a1bde6ef2caa96222a0d768dff61c40d7
reproducibility/profile_gwas_call90_maf10/inputs/LDHarmonicR2__exclude_influential.qcovar	6962	1b0ad8e776ba1238c0e6154a59e96498a67808d89905664318694e00cf324c40
reproducibility/profile_gwas_call90_maf10/inputs/LDHarmonicR2__legacy_residual.keep	3130	3adc86a430214bd0e5824a886004a584957e330cfbb4da44490b99c346830344
reproducibility/profile_gwas_call90_maf10/inputs/LDHarmonicR2__legacy_residual.pheno	6284	37e53fc3d6e6a9af2d2a1d6872e8c14a29e73d18cf678675c12411b1084e7b0c
reproducibility/profile_gwas_call90_maf10/inputs/LDHarmonicR2__legacy_residual.qcovar	7002	a494ec7bf78c48bc8c198926e6014d9941810a43db28731f1cc783039e35d424
reproducibility/profile_gwas_call90_maf10/inputs/LDHarmonicR2__primary.keep	3130	3adc86a430214bd0e5824a886004a584957e330cfbb4da44490b99c346830344
reproducibility/profile_gwas_call90_maf10/inputs/LDHarmonicR2__primary.pheno	6287	b0b8a51734f05618294530663c0fa398d310fa4563f4b98ed34a96d960476a92
reproducibility/profile_gwas_call90_maf10/inputs/LDHarmonicR2__primary.qcovar	7002	a494ec7bf78c48bc8c198926e6014d9941810a43db28731f1cc783039e35d424
reproducibility/profile_gwas_call90_maf10/inputs/LDHarmonicR2__raw_batch.keep	3130	3adc86a430214bd0e5824a886004a584957e330cfbb4da44490b99c346830344
reproducibility/profile_gwas_call90_maf10/inputs/LDHarmonicR2__raw_batch.pheno	6281	5d477561813733e7a0ff7892263b514d104828fc9bbd976118008731fa20c1f6
reproducibility/profile_gwas_call90_maf10/inputs/LDHarmonicR2__raw_batch.qcovar	7002	a494ec7bf78c48bc8c198926e6014d9941810a43db28731f1cc783039e35d424
reproducibility/profile_gwas_call90_maf10/inputs/MovingShapePC1__RINT.keep	3130	3adc86a430214bd0e5824a886004a584957e330cfbb4da44490b99c346830344
reproducibility/profile_gwas_call90_maf10/inputs/MovingShapePC1__RINT.pheno	6331	0244f2ae9aa1f67161e97ee98310224c6666f8c06ebd150c75945ac57d39067d
reproducibility/profile_gwas_call90_maf10/inputs/MovingShapePC1__RINT.qcovar	7002	a494ec7bf78c48bc8c198926e6014d9941810a43db28731f1cc783039e35d424
reproducibility/profile_gwas_call90_maf10/inputs/MovingShapePC1__exclude_influential.keep	3096	45ef4a4fd860d7c5168c28c7afa2b39f6ac35a75a7c15bd19aaa852c38830d18
reproducibility/profile_gwas_call90_maf10/inputs/MovingShapePC1__exclude_influential.pheno	6310	8a8895b01bd27cdf3fc7b377094d77e58d7399b1b2ffa1ad611a704825c116ed
reproducibility/profile_gwas_call90_maf10/inputs/MovingShapePC1__exclude_influential.qcovar	6924	5e526006673ec9b41bd79b64e81395c948d70d4bc064eaed91b022d102fbecf2
reproducibility/profile_gwas_call90_maf10/inputs/MovingShapePC1__legacy_residual.keep	3130	3adc86a430214bd0e5824a886004a584957e330cfbb4da44490b99c346830344
reproducibility/profile_gwas_call90_maf10/inputs/MovingShapePC1__legacy_residual.pheno	6404	6bd48d26450e2032cde3e57daef22d5ef2fef6b11e4c749ae5d4ae706efaa574
reproducibility/profile_gwas_call90_maf10/inputs/MovingShapePC1__legacy_residual.qcovar	7002	a494ec7bf78c48bc8c198926e6014d9941810a43db28731f1cc783039e35d424
reproducibility/profile_gwas_call90_maf10/inputs/MovingShapePC1__primary.keep	3130	3adc86a430214bd0e5824a886004a584957e330cfbb4da44490b99c346830344
reproducibility/profile_gwas_call90_maf10/inputs/MovingShapePC1__primary.pheno	6381	327b60e8ebe397de86dd7ba896ad564ca685db90a175e085ebcafc8627eb5e59
reproducibility/profile_gwas_call90_maf10/inputs/MovingShapePC1__primary.qcovar	7002	a494ec7bf78c48bc8c198926e6014d9941810a43db28731f1cc783039e35d424
reproducibility/profile_gwas_call90_maf10/inputs/MovingShapePC1__raw_batch.keep	3130	3adc86a430214bd0e5824a886004a584957e330cfbb4da44490b99c346830344
reproducibility/profile_gwas_call90_maf10/inputs/MovingShapePC1__raw_batch.pheno	6378	7d3321b4779c826a156157ea9eb71f2f64d1c506a427c567e27bd3d90731c41b
reproducibility/profile_gwas_call90_maf10/inputs/MovingShapePC1__raw_batch.qcovar	7002	a494ec7bf78c48bc8c198926e6014d9941810a43db28731f1cc783039e35d424
reproducibility/profile_gwas_call90_maf10/inputs/NightPDoze__RINT.keep	3130	3adc86a430214bd0e5824a886004a584957e330cfbb4da44490b99c346830344
reproducibility/profile_gwas_call90_maf10/inputs/NightPDoze__RINT.pheno	6331	030c219af017e5441443fc5af1d31762317d623ecfc39b469a520dd014f11e9f
reproducibility/profile_gwas_call90_maf10/inputs/NightPDoze__RINT.qcovar	7002	a494ec7bf78c48bc8c198926e6014d9941810a43db28731f1cc783039e35d424
reproducibility/profile_gwas_call90_maf10/inputs/NightPDoze__exclude_influential.keep	3112	84b51a0bbae76ad2cb7525b3d06a5d10dbdde4e2af5f2a2a78b1f278058818ea
reproducibility/profile_gwas_call90_maf10/inputs/NightPDoze__exclude_influential.pheno	6335	77ae1048badfbf57642939466f2291d177d4e226164035f88a62fcdd98a6a5bd
reproducibility/profile_gwas_call90_maf10/inputs/NightPDoze__exclude_influential.qcovar	6962	1b0ad8e776ba1238c0e6154a59e96498a67808d89905664318694e00cf324c40
reproducibility/profile_gwas_call90_maf10/inputs/NightPDoze__legacy_residual.keep	3130	3adc86a430214bd0e5824a886004a584957e330cfbb4da44490b99c346830344
reproducibility/profile_gwas_call90_maf10/inputs/NightPDoze__legacy_residual.pheno	6390	011d3fea1932d5bef8a8f8f5785eaaf31fda0817012a6ea243b0aa0c93eb0471
reproducibility/profile_gwas_call90_maf10/inputs/NightPDoze__legacy_residual.qcovar	7002	a494ec7bf78c48bc8c198926e6014d9941810a43db28731f1cc783039e35d424
reproducibility/profile_gwas_call90_maf10/inputs/NightPDoze__primary.keep	3130	3adc86a430214bd0e5824a886004a584957e330cfbb4da44490b99c346830344
reproducibility/profile_gwas_call90_maf10/inputs/NightPDoze__primary.pheno	6372	dcb6b91e778e859428ed81a38d984a9426f6e7519d08567a7277b8d0e17abf93
reproducibility/profile_gwas_call90_maf10/inputs/NightPDoze__primary.qcovar	7002	a494ec7bf78c48bc8c198926e6014d9941810a43db28731f1cc783039e35d424
reproducibility/profile_gwas_call90_maf10/inputs/NightPDoze__raw_batch.keep	3130	3adc86a430214bd0e5824a886004a584957e330cfbb4da44490b99c346830344
reproducibility/profile_gwas_call90_maf10/inputs/NightPDoze__raw_batch.pheno	6383	4ebd6019d9d22f344cb62a090f2d2e5ce8b42944ecb1aeace638983dbf4ac13e
reproducibility/profile_gwas_call90_maf10/inputs/NightPDoze__raw_batch.qcovar	7002	a494ec7bf78c48bc8c198926e6014d9941810a43db28731f1cc783039e35d424
reproducibility/profile_gwas_call90_maf10/inputs/NightPWake__RINT.keep	3130	3adc86a430214bd0e5824a886004a584957e330cfbb4da44490b99c346830344
reproducibility/profile_gwas_call90_maf10/inputs/NightPWake__RINT.pheno	6331	da2f88bc92a3912591c6fdf64d6854427c732102a899888c23496a174e42d8dc
reproducibility/profile_gwas_call90_maf10/inputs/NightPWake__RINT.qcovar	7002	a494ec7bf78c48bc8c198926e6014d9941810a43db28731f1cc783039e35d424
reproducibility/profile_gwas_call90_maf10/inputs/NightPWake__exclude_influential.keep	3094	0d515ef7af71663adf948be771e8d8f0f2fa414f935d1aa453e86bff2cfe018e
reproducibility/profile_gwas_call90_maf10/inputs/NightPWake__exclude_influential.pheno	6218	0757aa3f95b479011eaea02e397719baa308a0aad72d355e3175bcdb922d6ffa
reproducibility/profile_gwas_call90_maf10/inputs/NightPWake__exclude_influential.qcovar	6922	186337ed963c4a5854b0636f0af73c2488f3c812649e2ad5b7210c5e844b0f74
reproducibility/profile_gwas_call90_maf10/inputs/NightPWake__legacy_residual.keep	3130	3adc86a430214bd0e5824a886004a584957e330cfbb4da44490b99c346830344
reproducibility/profile_gwas_call90_maf10/inputs/NightPWake__legacy_residual.pheno	6295	dfe8d2077dd0fc2869a300accb0e5319c56e37cb52a4d62fc28577bb561b76ad
reproducibility/profile_gwas_call90_maf10/inputs/NightPWake__legacy_residual.qcovar	7002	a494ec7bf78c48bc8c198926e6014d9941810a43db28731f1cc783039e35d424
reproducibility/profile_gwas_call90_maf10/inputs/NightPWake__primary.keep	3130	3adc86a430214bd0e5824a886004a584957e330cfbb4da44490b99c346830344
reproducibility/profile_gwas_call90_maf10/inputs/NightPWake__primary.pheno	6290	5cdd8b23c078bec76294c15f25cb21b0904a0980485eee45033656b566089be9
reproducibility/profile_gwas_call90_maf10/inputs/NightPWake__primary.qcovar	7002	a494ec7bf78c48bc8c198926e6014d9941810a43db28731f1cc783039e35d424
reproducibility/profile_gwas_call90_maf10/inputs/NightPWake__raw_batch.keep	3130	3adc86a430214bd0e5824a886004a584957e330cfbb4da44490b99c346830344
reproducibility/profile_gwas_call90_maf10/inputs/NightPWake__raw_batch.pheno	6291	633a774c17a9b152778e526085e31fef27db7e223d9957ac5e4503128aeb3f7b
reproducibility/profile_gwas_call90_maf10/inputs/NightPWake__raw_batch.qcovar	7002	a494ec7bf78c48bc8c198926e6014d9941810a43db28731f1cc783039e35d424
reproducibility/profile_gwas_call90_maf10/inputs/NightSleepChange__RINT.keep	3130	3adc86a430214bd0e5824a886004a584957e330cfbb4da44490b99c346830344
reproducibility/profile_gwas_call90_maf10/inputs/NightSleepChange__RINT.pheno	6331	1ea7eaaa956d15319d7ac230e493aa33c795a91468f5d54927fff4cc7fcb87c5
reproducibility/profile_gwas_call90_maf10/inputs/NightSleepChange__RINT.qcovar	7002	a494ec7bf78c48bc8c198926e6014d9941810a43db28731f1cc783039e35d424
reproducibility/profile_gwas_call90_maf10/inputs/NightSleepChange__exclude_influential.keep	3112	84b51a0bbae76ad2cb7525b3d06a5d10dbdde4e2af5f2a2a78b1f278058818ea
reproducibility/profile_gwas_call90_maf10/inputs/NightSleepChange__exclude_influential.pheno	6181	ca2202778c45e6940b018982d75ba0fb25f76fe7be5a5eeeab23bea7119ef635
reproducibility/profile_gwas_call90_maf10/inputs/NightSleepChange__exclude_influential.qcovar	6962	1b0ad8e776ba1238c0e6154a59e96498a67808d89905664318694e00cf324c40
reproducibility/profile_gwas_call90_maf10/inputs/NightSleepChange__legacy_residual.keep	3130	3adc86a430214bd0e5824a886004a584957e330cfbb4da44490b99c346830344
reproducibility/profile_gwas_call90_maf10/inputs/NightSleepChange__legacy_residual.pheno	6221	85f127bed03c2fd3b1d1c646751ff3405657587efb07f5552d015906a8591aa1
reproducibility/profile_gwas_call90_maf10/inputs/NightSleepChange__legacy_residual.qcovar	7002	a494ec7bf78c48bc8c198926e6014d9941810a43db28731f1cc783039e35d424
reproducibility/profile_gwas_call90_maf10/inputs/NightSleepChange__primary.keep	3130	3adc86a430214bd0e5824a886004a584957e330cfbb4da44490b99c346830344
reproducibility/profile_gwas_call90_maf10/inputs/NightSleepChange__primary.pheno	6217	cf524903e22fbc0b491392adcfe30f566b23abe434aae876d2f416249af42bee
reproducibility/profile_gwas_call90_maf10/inputs/NightSleepChange__primary.qcovar	7002	a494ec7bf78c48bc8c198926e6014d9941810a43db28731f1cc783039e35d424
reproducibility/profile_gwas_call90_maf10/inputs/NightSleepChange__raw_batch.keep	3130	3adc86a430214bd0e5824a886004a584957e330cfbb4da44490b99c346830344
reproducibility/profile_gwas_call90_maf10/inputs/NightSleepChange__raw_batch.pheno	4074	16d090c36ec02e76ec41c15ae4213b9e29eaeb5be45305234a29cfaba1e4756a
reproducibility/profile_gwas_call90_maf10/inputs/NightSleepChange__raw_batch.qcovar	7002	a494ec7bf78c48bc8c198926e6014d9941810a43db28731f1cc783039e35d424
reproducibility/profile_gwas_call90_maf10/inputs/TotalSleep__RINT.keep	3130	3adc86a430214bd0e5824a886004a584957e330cfbb4da44490b99c346830344
reproducibility/profile_gwas_call90_maf10/inputs/TotalSleep__RINT.pheno	6331	1656c6a8d6b95f931c5b99bd8c32e611a9e33b0872bfdbb3ea01230975e32c8e
reproducibility/profile_gwas_call90_maf10/inputs/TotalSleep__RINT.qcovar	7002	a494ec7bf78c48bc8c198926e6014d9941810a43db28731f1cc783039e35d424
reproducibility/profile_gwas_call90_maf10/inputs/TotalSleep__exclude_influential.keep	3112	84b51a0bbae76ad2cb7525b3d06a5d10dbdde4e2af5f2a2a78b1f278058818ea
reproducibility/profile_gwas_call90_maf10/inputs/TotalSleep__exclude_influential.pheno	6069	5efebbbf0f2b8e176e68a00bd1cc362e49948e549e2b4a150ee63378a5297324
reproducibility/profile_gwas_call90_maf10/inputs/TotalSleep__exclude_influential.qcovar	6962	1b0ad8e776ba1238c0e6154a59e96498a67808d89905664318694e00cf324c40
reproducibility/profile_gwas_call90_maf10/inputs/TotalSleep__legacy_residual.keep	3130	3adc86a430214bd0e5824a886004a584957e330cfbb4da44490b99c346830344
reproducibility/profile_gwas_call90_maf10/inputs/TotalSleep__legacy_residual.pheno	6099	aeaca9b4ff341a9fa123be27b5d25002297d74f3bcac1c4f243908a57d98d29e
reproducibility/profile_gwas_call90_maf10/inputs/TotalSleep__legacy_residual.qcovar	7002	a494ec7bf78c48bc8c198926e6014d9941810a43db28731f1cc783039e35d424
reproducibility/profile_gwas_call90_maf10/inputs/TotalSleep__primary.keep	3130	3adc86a430214bd0e5824a886004a584957e330cfbb4da44490b99c346830344
reproducibility/profile_gwas_call90_maf10/inputs/TotalSleep__primary.pheno	6104	ad5ac883c4f15b0e6bf3d56600a4ff6b045f317a52e4c2fe6994d7e0367bc97d
reproducibility/profile_gwas_call90_maf10/inputs/TotalSleep__primary.qcovar	7002	a494ec7bf78c48bc8c198926e6014d9941810a43db28731f1cc783039e35d424
reproducibility/profile_gwas_call90_maf10/inputs/TotalSleep__raw_batch.keep	3130	3adc86a430214bd0e5824a886004a584957e330cfbb4da44490b99c346830344
reproducibility/profile_gwas_call90_maf10/inputs/TotalSleep__raw_batch.pheno	4475	44a6d606e977912b472ec30301cec68c70f088800f2faf1e703d9b2eee861c40
reproducibility/profile_gwas_call90_maf10/inputs/TotalSleep__raw_batch.qcovar	7002	a494ec7bf78c48bc8c198926e6014d9941810a43db28731f1cc783039e35d424
reproducibility/profile_gwas_call90_maf10/inputs/covariates_named.tsv	6354	b6c3380db432f98bb557168e42c63d293fb6db6dccad86637d3fb22f3c08a8d6
reproducibility/profile_gwas_call90_maf10/inputs/line_phenotypes.tsv	77093	37f6aa0fce0151ed2926e6bab282c9344bab4012f6c5d5f1632ce16c33f4b65d
reproducibility/profile_gwas_call90_maf10/inputs/primary_traits.tsv	440	aa04fe04ddbac247fac334646ef4c70fa5b09910d75e9e9d1268196860ecbe7a
reproducibility/profile_gwas_call90_maf10/inputs/run_plan.tsv	3571	075af8e5196d1d4d8970609bd61a5376d2093aec0484019436ab47605881a3cc
reproducibility/profile_gwas_call90_maf10/inputs/source_checksums.tsv	846	cdfefc368355f2829251d820b924f53d2b10a0076e0f538f470b776af0a0dfaf
reproducibility/profile_gwas_call90_maf10/qa/testing_thresholds.tsv	209	9ccd0b3b1a783ba154d1ff02480ee2d87ffee4043b9036d94ed786abbbcb0acf
reproducibility/profile_gwas_call90_maf10/results/LDHarmonicR2_top10_regions.tsv	2079	7a2c1581db5d2e5b3755f3c16afaeb81854fc400edd06742a43aaed364481839
reproducibility/profile_gwas_call90_maf10/results/MovingShapePC1_top10_regions.tsv	2062	7814728315c37660d69baa95d3265efb451cb44105ab9b14730467f2ddcc40de
reproducibility/profile_gwas_call90_maf10/results/NightPDoze_top10_regions.tsv	2071	8023aeaca6c521ed4d6ba636f60264ae75579557cacfe53f245e8ccd94c045c4
reproducibility/profile_gwas_call90_maf10/results/NightPWake_top10_regions.tsv	2020	d26b729c6c907bdf8a29dc1211cec184ec832b39372bb21aa64c480f9c67dfd3
reproducibility/profile_gwas_call90_maf10/results/NightSleepChange_top10_regions.tsv	2083	dadf41398408e95e0d7250c3c9238b091db44d464ad23f36c4a6b6ef3c1b4365
reproducibility/profile_gwas_call90_maf10/results/TotalSleep_top10_regions.tsv	2032	b8ad17ba635c644089fdacf13b475b453229a26bec5c22db7ed14223044b4380
reproducibility/profile_gwas_call90_maf10/results/all_nominal_hits.tsv	54347	07fdbc98d2ebd5b3cadfa9b62ba146843b31b9a15ea444de119611dd39e534e0
reproducibility/profile_gwas_call90_maf10/results/gwas_summary.tsv	5622	49bda79156de8ff39bdca6029ab858c121a0e228ffff1a8a9cc08dbfeb024475
reproducibility/profile_gwas_call90_maf10/results/lead_annotations_all_effects.tsv	400670	d521d52fb5c4461878965af8c16e95e76a588eae1d9016a37fa29db7770e9431
reproducibility/profile_gwas_call90_maf10/results/lead_annotations_raw.tsv	26314	2b34451eed837e1fa1e93b41fb0cded1a5ee56ded8d4d9e63d48b701f050b6d3
reproducibility/profile_gwas_call90_maf10/results/lead_genotype_phenotypes.tsv	1549496	e0168bcfaaab843475f0f718eb2a6f35c2d57cf88b27aef5aeb033d3dff761fc
reproducibility/profile_gwas_call90_maf10/results/lead_influence_summary.tsv	7232	4d0adbc2db8fcc2d100c6423c2631b323e1b69a77db6fb5cb2d3117c2df9ac73
reproducibility/profile_gwas_call90_maf10/results/lead_integrated_QC.tsv	33445	edd750a208d16aefe6354cdd5153d3f5d2a144310a2fb52f13be52f4d95cfc6f
reproducibility/profile_gwas_call90_maf10/results/lead_leave_one_line_out.tsv	1640938	47e4c47e818cbba196d3975d30d01d75293cc52e3970b9a0f22eeba312ca8c8a
reproducibility/profile_gwas_call90_maf10/results/lead_missingness_diagnostics.tsv	23321	ebf2a5add4b2b5a068b61cdb5b86308d1302caf6b25ec733ec0084fb9dd318fa
reproducibility/profile_gwas_call90_maf10/results/lead_sensitivity.tsv	80351	439d36c5a0173cfca0638136a188e2f2c3bce5a0489cf27e726674bc16684433
reproducibility/profile_gwas_call90_maf10/results/nominal_candidate_change_counts.tsv	658	837d2181864f21dae96425f1d516e07d42fe9f7c918c662c744241b79cccca1d
reproducibility/profile_gwas_call90_maf10/results/nominal_candidate_changes.tsv	8313	7b29eb487186252d1b5f86940fd48c69a00b6e37d8c9492080421fcecafc004c
reproducibility/profile_gwas_call90_maf10/results/primary_leads_annotated.tsv	15979	3758617b8ecc95ed7a53534f8b98492e2a129bd24024dd456222d71706ee4813
reproducibility/profile_gwas_call90_maf10/results/primary_phenotype_correlations.tsv	1539	cc9a3df8d37a3a7867249e867caff31f1e82cef61e85bd05fcc8f28e8b070101
reproducibility/profile_gwas_call90_maf10/results/primary_top10_regions.tsv	11207	aee0d1f7029d6fe890edbbe84c331499e0cbaef3d260ad5f5a4505431e5fa8d0
reproducibility/profile_gwas_call90_maf10/results/screened_region_consistency.tsv	11579	9b3216a2095ad6a88e7fa5adcff2871e9041729933f21823ab98449c640a2505
reproducibility/profile_gwas_call90_maf10/results/shared_primary_nominal_variants.tsv	190	75bfa122a1574518a17123b8619a02e09c172f76f4bc320c1de0539e6b3fedb7
reproducibility/profile_gwas_call90_maf10/results/six_primary_lead_comparison.tsv	952	148141f50dc97afdcd495df57566ba75edfb7222bd71c7f1a71b72167ca0dc3c
reproducibility/profile_gwas_call90_maf10/results/v1_leads_under_v2_QC.tsv	16576	3fde8fee87232b048c442e75a077140fafe62f9bc6eeefc096f8802046c759b8
reproducibility/profile_gwas_call90_maf10/results/v1_v2_primary_comparison.tsv	1084	2ae2bbb224f3caf7c0e7b8c953215bc7d4260106f5f8611f442de8e5b5729810
reproducibility/profile_gwas_call90_maf10/runs/LDHarmonicR2__RINT.log	3566	970c60fa89e751b9ce4d5b71eb3818940d15a84a8a63fbb0b58ab15afa93c88b
reproducibility/profile_gwas_call90_maf10/runs/LDHarmonicR2__RINT.mlma	144760998	ecb345af7efec3c1b5564b51ea546851f54d69950ed0b9e8159f25c0e40dccdc
reproducibility/profile_gwas_call90_maf10/runs/LDHarmonicR2__chromosome_LOCO.loco.mlma	146360227	007df458fdb2ecc02b0fea8a1645a11058d7a1445c9a0ebc1e103725b5913ebd
reproducibility/profile_gwas_call90_maf10/runs/LDHarmonicR2__chromosome_LOCO.log	6344	f46f16b71c30d9fb05564f8ae5cd3fb2b7e2fdc546111ba8a636d1e0f6454338
reproducibility/profile_gwas_call90_maf10/runs/LDHarmonicR2__exclude_influential.counts.frqx	76632651	6452d4eebe028ccd1e8fafe91feee00b5eb650d0384260c45f09dd3390c11653
reproducibility/profile_gwas_call90_maf10/runs/LDHarmonicR2__exclude_influential.counts.log	1183	e95e862af2ca3cf24c140cddb8a3d080dbfcaaba298338a2f45ccf71eac4f231
reproducibility/profile_gwas_call90_maf10/runs/LDHarmonicR2__exclude_influential.log	3800	28cac176b2ac8073f29fc099596dc56e1dbe95e3662b98bcfd98fc39f997d638
reproducibility/profile_gwas_call90_maf10/runs/LDHarmonicR2__exclude_influential.mlma	148162636	d3a0ed185cdc21c2c7d87c1b4e21a8b47dd4a6434e2693cf1c7d22f92cc48982
reproducibility/profile_gwas_call90_maf10/runs/LDHarmonicR2__legacy_residual.log	3284	7e627891fed53abd492110c2871d1bac198100452dc3ebcaf3a0eb2fbf50104f
reproducibility/profile_gwas_call90_maf10/runs/LDHarmonicR2__legacy_residual.mlma	148804443	c385495007056986fd1540a0f1a38adc5d01d6bce7dabfd79609245258a65495
reproducibility/profile_gwas_call90_maf10/runs/LDHarmonicR2__primary.log	3680	11b887e3cc8a187a04fea493cb1a5cb1f2378efc372ee89d6e25e6da594d3a29
reproducibility/profile_gwas_call90_maf10/runs/LDHarmonicR2__primary.mlma	148171257	0f1756d4aafcd7bb4d79ae1427fb2c71ee82d1c9eb05db5cbe775c4a65d594cd
reproducibility/profile_gwas_call90_maf10/runs/LDHarmonicR2__raw_batch.log	3646	01bfb79cf6c0dbe4cfeaadc8dbe29c13df32f3f673fafc5e0ac00a5a0385e439
reproducibility/profile_gwas_call90_maf10/runs/LDHarmonicR2__raw_batch.mlma	148238725	e2ba405578426637a714a38c6ae23766a9a74fe49c67fca82536782d9b717bbe
reproducibility/profile_gwas_call90_maf10/runs/MovingShapePC1__RINT.log	3506	792fc167990599082f82ce394f7a3fda5f54a8e5c1e27e2193270f7e1776b76d
reproducibility/profile_gwas_call90_maf10/runs/MovingShapePC1__RINT.mlma	144801529	0adcc3e22b535b447ccec97a78e897016f874149655180f204450fbdb76dcf9f
reproducibility/profile_gwas_call90_maf10/runs/MovingShapePC1__chromosome_LOCO.loco.mlma	144820926	b768a7911518a10ffe8f5be694d816f1e1dcb59abb69c8641405cfe0fdc26828
reproducibility/profile_gwas_call90_maf10/runs/MovingShapePC1__chromosome_LOCO.log	6073	3d0cb1fae2e4e0bb328ea3eebc45108236a1a48ec00e39ffa73594a99bf55d1e
reproducibility/profile_gwas_call90_maf10/runs/MovingShapePC1__exclude_influential.counts.frqx	76613327	198a92b0e46a06e2e09fb74fcc300fce7a7694fa37e6dd63644584ebe9e74d9e
reproducibility/profile_gwas_call90_maf10/runs/MovingShapePC1__exclude_influential.counts.log	1191	6dbfbfa5b13f9f412c795b8bc8d501ccdab1e7be82af797886949e66d219f5a1
reproducibility/profile_gwas_call90_maf10/runs/MovingShapePC1__exclude_influential.log	3672	6ca2fb3febee09580830b3c6c81f6a7def9352a42993696292305ed27538a1f0
reproducibility/profile_gwas_call90_maf10/runs/MovingShapePC1__exclude_influential.mlma	146732433	12e8113521b3022eaf0838b5be31a9513d373251caf50d7cefd87836ff897329
reproducibility/profile_gwas_call90_maf10/runs/MovingShapePC1__legacy_residual.log	3461	647b053519b7a5b4847161b09b108196e1eaf3eef2ad18ef50556e2773805bcb
reproducibility/profile_gwas_call90_maf10/runs/MovingShapePC1__legacy_residual.mlma	146812981	507f771b5e02fcc72e6a8dd27d67c0a43a7b4a1cce9a641d608c073a44b1be23
reproducibility/profile_gwas_call90_maf10/runs/MovingShapePC1__primary.log	3543	23333c2523d60e7453a9f531f7b02c94caee762e6ed725d3fe0320c4ae39e2ae
reproducibility/profile_gwas_call90_maf10/runs/MovingShapePC1__primary.mlma	146688573	eb7e7132caece5e4740db9e6d0c0718e01cbb67eed53201b15b18cdda3bc0cb0
reproducibility/profile_gwas_call90_maf10/runs/MovingShapePC1__raw_batch.log	3585	fe3769dfd46d3567f2f93a6afd1e0057a6c25b93a96e69a837e6fdb8576b25ae
reproducibility/profile_gwas_call90_maf10/runs/MovingShapePC1__raw_batch.mlma	146827041	4292da1485e2d33dbdd3e9e1dc30d86ae9a4ccd8a98b072a577198074bf88384
reproducibility/profile_gwas_call90_maf10/runs/NightPDoze__RINT.log	3472	efb431543efa407a64a63d79006e1841beb889e16ba5319868d383638e051cfa
reproducibility/profile_gwas_call90_maf10/runs/NightPDoze__RINT.mlma	144823619	c26e8c8fe1b37c51a8e6778f9986cb005c0818998b46b6343d6f7d576ef1c388
reproducibility/profile_gwas_call90_maf10/runs/NightPDoze__chromosome_LOCO.loco.mlma	144724733	db500c9fa3e670e6e3ec0a4d155abd0ab7cc76fac6cf258324f50d59be866b43
reproducibility/profile_gwas_call90_maf10/runs/NightPDoze__chromosome_LOCO.log	6081	4617684faf9ad2b470fa9739df6dafc6fab29cb2d6f8b3830459c0015e86adba
reproducibility/profile_gwas_call90_maf10/runs/NightPDoze__exclude_influential.counts.frqx	76632651	6452d4eebe028ccd1e8fafe91feee00b5eb650d0384260c45f09dd3390c11653
reproducibility/profile_gwas_call90_maf10/runs/NightPDoze__exclude_influential.counts.log	1175	465f87f9ac2ac8eec806a71885c377ac0c8ae1cf7ddb9715e998026ad9a53446
reproducibility/profile_gwas_call90_maf10/runs/NightPDoze__exclude_influential.log	3633	44973f9de546c8cd1ad1e5f4834411dc33047a84ca27053fe0b542830244d339
reproducibility/profile_gwas_call90_maf10/runs/NightPDoze__exclude_influential.mlma	146625461	29d004c49d2786e957b0d75703b44d74073436cbbd41a19c07c40c3ea866d7d4
reproducibility/profile_gwas_call90_maf10/runs/NightPDoze__legacy_residual.log	3210	4e7a09ba373167d1ae9f38423da8cdc97a5c18523b799a5247353a1808490f4c
reproducibility/profile_gwas_call90_maf10/runs/NightPDoze__legacy_residual.mlma	146801305	359c31e4874f13875527f0db23d1dc8b0c80b60fed4bc6d5a53a0bf32d1c04e0
reproducibility/profile_gwas_call90_maf10/runs/NightPDoze__primary.log	3513	ea51e21ca0aa1b6c9db80d201f3c856a26b0b420ec91fbd572b997ef297f0434
reproducibility/profile_gwas_call90_maf10/runs/NightPDoze__primary.mlma	146621647	5de7e39c3b4397f26ed2127de27cf4b0eb23033534dbc8c6a1bf30e4e84f520b
reproducibility/profile_gwas_call90_maf10/runs/NightPDoze__raw_batch.log	3428	a611645431a5e557533cc9265a5b740f2e27659465f3c7f32eab3ece69b302b5
reproducibility/profile_gwas_call90_maf10/runs/NightPDoze__raw_batch.mlma	146670914	b4708c7ab03f88b053f4c813f66e968e032c77414cd253f80b2c815e0831b1c5
reproducibility/profile_gwas_call90_maf10/runs/NightPWake__RINT.log	3388	d7b9e1f77ff5fca168a99cfdb10d36cca7322243048b91a3f486bad825d8bbf0
reproducibility/profile_gwas_call90_maf10/runs/NightPWake__RINT.mlma	144774985	e08c0018759e4caaede45eb0809e565d7f3f6ab0d4bd1020fff29a91a0bd2a53
reproducibility/profile_gwas_call90_maf10/runs/NightPWake__chromosome_LOCO.loco.mlma	144388945	c7ead4bbcec99b0695c62a5bdb38ff0ee25b34faa7c1efd71a3325281d024f13
reproducibility/profile_gwas_call90_maf10/runs/NightPWake__chromosome_LOCO.log	5821	d245d4259beef9bd904f2718843a07a027bbb345f4606ad6330e3bd9a2bce3d6
reproducibility/profile_gwas_call90_maf10/runs/NightPWake__exclude_influential.counts.frqx	76604636	1c0086616b5c74cbedf9ee3b9857a043ce69ad952b7e4a51e5afe3895cc321f0
reproducibility/profile_gwas_call90_maf10/runs/NightPWake__exclude_influential.counts.log	1175	350a320deeb1fa0b91edfae5f5d3c1a2689200980bbce62a27ad3a8da53511f1
reproducibility/profile_gwas_call90_maf10/runs/NightPWake__exclude_influential.log	3564	d7c3f6e3f03c68fa1af6bbd28aad778bd6d03a827c516a7fec7ba85d6c69251c
reproducibility/profile_gwas_call90_maf10/runs/NightPWake__exclude_influential.mlma	146339129	2909b9f9c4ae6338bc57a3962f94ee9df536d1bb5711d40031d533232427136b
reproducibility/profile_gwas_call90_maf10/runs/NightPWake__legacy_residual.log	3252	3e92abb9d9e69db1455c9d5c895732cc3e2138f747691b08144324804876bcaf
reproducibility/profile_gwas_call90_maf10/runs/NightPWake__legacy_residual.mlma	146499207	a47a8fdd9144a391cfec7bb57106ec79a69270ff19196f8b1a478a3df71f8726
reproducibility/profile_gwas_call90_maf10/runs/NightPWake__primary.log	3418	bfe18d5715e53382983c624a636f4e48af29ab49681768932f7b50f29b900a05
reproducibility/profile_gwas_call90_maf10/runs/NightPWake__primary.mlma	146251891	3eb75d110417e1a3242e3f9168e0448f85f16036e9ef3dc61ad27162bbc2df5c
reproducibility/profile_gwas_call90_maf10/runs/NightPWake__raw_batch.log	3438	8d0873809a7be47e96c1f31b30b9252b9f586973114877f05c558d51b29722f1
reproducibility/profile_gwas_call90_maf10/runs/NightPWake__raw_batch.mlma	146180773	48e02e5043852d73813f09a28661b634e3fb31babe3f2f29c54c452fb578e8d2
reproducibility/profile_gwas_call90_maf10/runs/NightSleepChange__RINT.log	3501	3e668095d31b632ad1309c02e66701861c54fc6e2e1dbfb1245cddcef8aa9706
reproducibility/profile_gwas_call90_maf10/runs/NightSleepChange__RINT.mlma	144927335	ffc3d9642bb8e663a29d3d2dd54b768b13453c4c2e2bd1e3d7ce7c8b90daf467
reproducibility/profile_gwas_call90_maf10/runs/NightSleepChange__chromosome_LOCO.loco.mlma	136178037	c3beafa958d1bea14acac507b0809d46e7d5cc8e17e39fe6e47742d682161817
reproducibility/profile_gwas_call90_maf10/runs/NightSleepChange__chromosome_LOCO.log	5986	ad1f4446ca68a47ebb2151ebdcdc9f6bd2e94fb7dda30e16fb2ac1ce81784564
reproducibility/profile_gwas_call90_maf10/runs/NightSleepChange__exclude_influential.counts.frqx	76632651	6452d4eebe028ccd1e8fafe91feee00b5eb650d0384260c45f09dd3390c11653
reproducibility/profile_gwas_call90_maf10/runs/NightSleepChange__exclude_influential.counts.log	1199	d792542c0d7e7a3cfd9155a73a423792a50af566f8860651e971febdf9097c76
reproducibility/profile_gwas_call90_maf10/runs/NightSleepChange__exclude_influential.log	3663	01eb5690728a1051965bb1147063bc4b2db152736c4d3f26e369617ef2988304
reproducibility/profile_gwas_call90_maf10/runs/NightSleepChange__exclude_influential.mlma	138071467	edd99215198c2c5825ca5016d25f37b80813eae49f8d66fd18daf369c1f9266e
reproducibility/profile_gwas_call90_maf10/runs/NightSleepChange__legacy_residual.log	3180	568b5ff51222147d6fa706e8fbd77200bbafed2f51f6bcadd09ef131f6bab344
reproducibility/profile_gwas_call90_maf10/runs/NightSleepChange__legacy_residual.mlma	138052922	c1763a6e37ace1eebca7ee0464cabd94a423b25ed1f04ba759b9e908382fb486
reproducibility/profile_gwas_call90_maf10/runs/NightSleepChange__primary.log	3570	29eaf42441cf050c3033aa21c0c6ccafc905d31bb844053bccaa3efaca86727b
reproducibility/profile_gwas_call90_maf10/runs/NightSleepChange__primary.mlma	138037170	bc8ede9879b7e2cc61ccbe7e10164f6cfddeb9e5105d6f0584d0810275d2f13f
reproducibility/profile_gwas_call90_maf10/runs/NightSleepChange__raw_batch.log	3564	b634ee08c21b2db0c5f274df0669d2c1fd48f2b4919f0c0d4968b3f6ee50901b
reproducibility/profile_gwas_call90_maf10/runs/NightSleepChange__raw_batch.mlma	138054253	901434496fe67c8137595435d134a79874a9306b2c224fae437fb5a4e2b29f63
reproducibility/profile_gwas_call90_maf10/runs/TotalSleep__RINT.log	3362	92c9f154a88ee4798001dc2f445b859fe642f7e4c08e09201b04f1cf327d6f39
reproducibility/profile_gwas_call90_maf10/runs/TotalSleep__RINT.mlma	144838774	4b24f3195ff1f6d4003cf15271f5f5ee8913c07186a6c09b509f2ae9164fa843
reproducibility/profile_gwas_call90_maf10/runs/TotalSleep__chromosome_LOCO.loco.mlma	136030025	b0f2fd36bef9b8a2aa3b2f3a9b30239eae1688383443f633b6a1cc4a03715b84
reproducibility/profile_gwas_call90_maf10/runs/TotalSleep__chromosome_LOCO.log	6152	a6a5058bb4f32de0a5512c20939c64b752efca1ae78036d96c6fa8a640e875c8
reproducibility/profile_gwas_call90_maf10/runs/TotalSleep__exclude_influential.counts.frqx	76632651	6452d4eebe028ccd1e8fafe91feee00b5eb650d0384260c45f09dd3390c11653
reproducibility/profile_gwas_call90_maf10/runs/TotalSleep__exclude_influential.counts.log	1175	5038930aefc1b2fc13bd017f7d33b1f54f1375ec7d814e7bfd76b19a62e4da74
reproducibility/profile_gwas_call90_maf10/runs/TotalSleep__exclude_influential.log	3580	a633fca157cc9d65de9600a768e4b32d4fd5c074a8b8b1e9eb554579f5ee9c18
reproducibility/profile_gwas_call90_maf10/runs/TotalSleep__exclude_influential.mlma	137934189	4edfcf21634a16e0c83a11d491449c13747b4dcd792dfdf7d3fadd633f0771dc
reproducibility/profile_gwas_call90_maf10/runs/TotalSleep__legacy_residual.log	4230	c60c4f2f927154ac1fd14e793946b7b1a7c4e4364c62c9952cffdf1bd7ac1ab7
reproducibility/profile_gwas_call90_maf10/runs/TotalSleep__legacy_residual.mlma	137923804	7612422da9a291eecd31c52a9d9c5574b603691345da5d727f711de3cfa1e0e6
reproducibility/profile_gwas_call90_maf10/runs/TotalSleep__primary.log	3461	adb2702ebfec34568999042f9079c4b223bb063049cfc2ff7e028f31ad89207a
reproducibility/profile_gwas_call90_maf10/runs/TotalSleep__primary.mlma	137912942	659c4a9efe297da02dcdf1e81447be0894018d34ccbb14487c4399121e4fb572
reproducibility/profile_gwas_call90_maf10/runs/TotalSleep__raw_batch.log	3446	a535d5ac12c0534d0ab8e8c2048d1d3cacc68d1ce90698fcb9efe64f965853e6
reproducibility/profile_gwas_call90_maf10/runs/TotalSleep__raw_batch.mlma	137917886	3c194edcc20dfeebe7e786f029e8235d73b7e4d2b6a51906bece41d0d0cbff78
reproducibility/profile_gwas_call90_maf10/shared/cohort_counts.frqx	76649866	d72a4c2f305d96007c2d01ade50c4d8fe404d0a6aa05cdf6a6cd02d7172011f2
reproducibility/profile_gwas_call90_maf10/shared/whole_chromosome.bim	64590790	887faf59260b5496f2c76cde3c178fcae04934cbf40834988809cf2077b5a5ed
reproducibility/profile_phenotype_discovery/candidate_panel.tsv	6152	fd7d4fa5c427d495e0154dcf801ac4d75dd4ccfbace8d082775a13e4853bf5c8
reproducibility/profile_phenotype_discovery/data/individual_daily_features.rds	4243995	0f2e2a0ba80707a44ab351b286b6819ab5888b78ea16a7a8ee14a369665a9cc4
reproducibility/profile_phenotype_discovery/data/individual_phenotypes_long.rds	4405678	40fc593d49d52073311e0a28f0cca6e07569b9da571a1c3097f780d32c500281
reproducibility/profile_phenotype_discovery/data/individual_profiles_30min.rds	6405325	45af7969acda1cd78e601b61739cf61bae563c924bb232c25bca990350894ab7
reproducibility/profile_phenotype_discovery/data/line_batch_phenotypes.tsv	5571602	a6e8d716eb3e5723ef9235876ffd3cabcbe72d9d8953b678769d65286deb8c59
reproducibility/profile_phenotype_discovery/data/line_matrix_batchFE.tsv	328373	610c2534414df74b6469dd90a0e1d74ac9ae86354683795c53b2e156ae2012e7
reproducibility/profile_phenotype_discovery/data/line_matrix_raw.tsv	308638	652b106b9f2dae2360fa91b9bd75bf3e0f127f949a4faac3cf0846b469a3a61a
reproducibility/profile_phenotype_discovery/data/line_phenotypes_batchFE.tsv	1074508	89a82e66b2b9729e33d7f6f7189a77e628cf07fe07f2db0a9154fb4f52ea8e19
reproducibility/profile_phenotype_discovery/data/line_phenotypes_raw.tsv	1088777	d48f5dd6a1f54ca9a2c641aa79044674a65413673ae42cd47f7c71de78523bdc
reproducibility/profile_phenotype_discovery/data/population_profiles_D2_D6.tsv	1521259	5e79e3179e0cf703a411639d291bbfd9a71101285f460ac4020de1d236681967
reproducibility/profile_phenotype_discovery/extraction_manifest.tsv	1400	b43982452f3f33d90213a5eae73d0e4747a5931812486138c78a432718c31483
reproducibility/profile_phenotype_discovery/pca/extreme_line_examples.tsv	5071	78e8e55983df9cf30cc441dec79ea7a3c3742b8b4480b0cf58e5b7979a89aaf3
reproducibility/profile_phenotype_discovery/pca/loadings.tsv	88298	6df428862310dde37107a74f96fefd0584aafdc1001d14d3fa8b555a932778d8
reproducibility/profile_phenotype_discovery/pca/models.rds	496879	47a549528846e06076977adc16475d0a23fde521cac001f39842e350974104e5
reproducibility/profile_phenotype_discovery/pca/scalar_interpretation_correlations.tsv	114396	c1686b1bbb75ff4edd150dafc3c0e3f815c54dd38db1fe312a52b069cd3bdb3a
reproducibility/profile_phenotype_discovery/pca/split_genotype_basis_stability.tsv	830	b31742a7ffa3002997bf1881f851413563a2cb978c02e012d7d164950f01c79a
reproducibility/profile_phenotype_discovery/pca/training_line_profiles.tsv	960386	7b2b4b237cb6758704d11a4f2e47cbaaaa06413639a3afe508e9228e6af2a82c
reproducibility/profile_phenotype_discovery/pca/variance_explained.tsv	14206	f4d0133a5b0c240dcb52ec2ae63446815342892d148b6b2f2e912feaf02db1dd
reproducibility/profile_phenotype_discovery/phenotype_dictionary.tsv	31839	b0e3116e4c170a48d9806cfd6572cf2b78d2ab7dffdcb1cb26c6fb9723137648
reproducibility/profile_phenotype_discovery/qa/batch_effects.tsv	185158	32363fa79b874ab78fc07761b84b9913b691ed45374e2a44542333f1e598c1f7
reproducibility/profile_phenotype_discovery/qa/cohort_membership.tsv	886259	d77174ac296a132a48f1ac8eedde22d3acaaa5571bd2d4e514f12163fcf44e61
reproducibility/profile_phenotype_discovery/qa/cohort_retention_by_line_batch.tsv	10722	73b705d6d7170137092cc4a87e8d4711d7a67ed679ac3be0b78f001cb20218bd
reproducibility/profile_phenotype_discovery/qa/correlation_pairwise_n.tsv	46264	6b3d5ffe599905615aff4022f0a096dbd36974ec34f2096cdd541732ccc1b3a6
reproducibility/profile_phenotype_discovery/qa/figure_manifest.tsv	1109	dfc3a1d28120e68fb49d82b1d9a20d3f9a0b480fd16c96ff2a3b57a25c67d8b0
reproducibility/profile_phenotype_discovery/qa/legacy_nightsleep_reconciliation.tsv	11307	33925b05e24c1cfbb19f3131d06dc4e332f468244f078163e650f2aba462bcba
reproducibility/profile_phenotype_discovery/qa/minimum_n_sensitivity.tsv	18693	4ed54c0a5372efa96924dc524e1cf4c97626d8eb1a2c3257577997feb0d479f5
reproducibility/profile_phenotype_discovery/qa/pca_checks.tsv	328	1d3be2ed9dcfbee48b1d1e5efd216f81b97c8cbf7ce16b87f470563b744ff39b
reproducibility/profile_phenotype_discovery/qa/peak_identifiability.tsv	16740	1a33ac6322ee1e1c68c6edd7288bfb4a592d743afd3fe7988a6d88a83135b5b0
reproducibility/profile_phenotype_discovery/qa/phenotype_availability_by_batch.tsv	178802	23f3f2fabca3da7808477c68199cc3039f9eff49a286fc12ef16f0d72cd028f4
reproducibility/profile_phenotype_discovery/qa/phenotype_quality_rank.tsv	58698	5bf03f4a9e9b043e47db0d0521276d1eb1fc6d011b6ebe8c408f4fa61177216c
reproducibility/profile_phenotype_discovery/qa/phenotype_spearman_matrix.tsv	195418	a158a7fb3e842ffcfe305b8ed3edc7881f005189615466652963bbeaf53d9d92
reproducibility/profile_phenotype_discovery/qa/raw_minute_collisions.tsv	24760	9befcc2e8d2edc8ef34b5fbd65fbf4c41332c7c8bbe4ffc1ae4aaf092e8ecb58
reproducibility/profile_phenotype_discovery/qa/raw_sleep_reconciliation.tsv	2749325	367ec4f901f881651e4aaef02fc0325598200dcddfe64479fadc84a5b8d8aaf9
reproducibility/profile_phenotype_discovery/qa/redundant_phenotype_pairs_absrho_ge_085.tsv	8274	bffbeea8ed7d99f7ba038c27c5af7c940ff55a05946d2103f01c25b2fba3cd39
reproducibility/profile_phenotype_discovery/qa/repeated_line_pairs.tsv	983477	0d337e95d9793238b328d44b27f57e4e45bc2edc695e17341ae109a3fc9e3579
reproducibility/profile_phenotype_discovery/qa/validation_checks.tsv	290	ac09aa98db643e36d755003cb68090c6631cf475484f58a6617f23c484fc60ad
reproducibility/publication_analysis/death_sensitivity/death_sensitivity_fly.csv	1518978	f3beb8b2df05259b9891cdb0b795b3fa47f52f0b30a899129e389cd1ab2c851e
reproducibility/publication_analysis/gwas_shared/common_min8/grm.scaled.grm.gz	157335	5adaed641cbcf50768c4b8bd91e2b2225813ed82cf3358ea33594a22dab4b28c
reproducibility/publication_analysis/gwas_shared/common_min8/grm.scaled.grm.id	3130	aa98e5fb42435945b51fa33d8e9e51b2038d7c7f48838c55526c1395e54dba43
reproducibility/publication_analysis/gwas_shared/common_min8/plink.gwas.bed	97157459	dbca39fe912db8d739e561a0affbcbfda04bf4b3c2d6f7972324f6f932e6a88e
reproducibility/publication_analysis/gwas_shared/common_min8/plink.gwas.bim	66482031	378365dbec0059192cd1dac6d5dcb4c04ae6a188a64cead400ad6164ca68563a
reproducibility/publication_analysis/gwas_shared/common_min8/plink.gwas.fam	4714	3d8c2ec803b6d903995abba53a8676daa6a000a1d8bcfc0c70f24513323a5b92
reproducibility/publication_analysis/minute_rebuild/analysis_config.txt	588	affb5a319898e21b1451be966d3a34899e64f66811fca9d05e906f9e9bdf0a5a
reproducibility/publication_analysis/minute_rebuild/fly_qc_all_batches.csv	1664832	e441bb5ba43a4d2b3928e01217dbf26b14b642481caee35dd5e8a5aed1b3e0a7
reproducibility/publication_analysis/minute_rebuild/line_batch_phenotypes_long.csv	1845988	7d99f1d90bce65c1616c05ceee5b4a17d9de73c19d6f27685e2f3739b3bdf447
reproducibility/publication_analysis/minute_rebuild/window_metrics_all_batches.csv	136424875	1af3c67f6bfd236d4b2813653957bf38b39be3b2c7d80bf5ed9ce3551d38718b
reproducibility/scripts/analyze_profile_phenotypes.R	30989	e4a02a8388d5b1ef7b922c02bf38a3297d41064b3b9c784e3a5ec3a919651387
reproducibility/scripts/check_manuscript_profile_figures.R	3161	5b20edefbaf0cb0c8a882317b0f91e93f5452acedea4e3ed9601ffd88c2ddb60
reproducibility/scripts/extract_profile_phenotypes.R	7584	c7574989ff81cc75576a9427ee3ecf81d1e523a50054d3a449dfd2b08532b2e8
reproducibility/scripts/manuscript_gwas_figures.R	10368	377ecea676bc35cf6ac0c0dda79de0457075cf089217e5fb431fd3797d298e0e
reproducibility/scripts/manuscript_profile_figures.R	19175	47722cea579d26265d56cd5ba3035bd36e6ba2338155f5da34335e7d0adc082e
reproducibility/scripts/manuscript_tables.py	21161	35cf286343f451f9ca5bcad53e4590de0fe1016d30b53205d31bfb75c5d32b79
reproducibility/scripts/profile_phenotype_helpers.R	4263	a906b955f02ccf12de7b96d43661b55de8215a218d70ad95852a940dd4134fa3
reproducibility/scripts/readiness_baseline.R	13873	21646cb7221907fba3db411a6e18818dd2ae8d873ac76fc56559b3e3c9443daf
reproducibility/scripts/readiness_pca.R	19095	6a7f9af9c1ce32f200bf72d5dffd3bae09fa443a0aea48633163c935925529e4
reproducibility/scripts/rebuild_minute_phenotypes.R	21823	975f597eef3bc332217b6ebf32b406b7c61295e8511b0420527c118cd57db2f3
results/source_data/Figure1_cohort.tsv	110	73048d8b81e925ce154f18d966e454c9bf82589b39f2eff5a97f580865bb0a7a
results/source_data/Figure1_daily_line.tsv	84748	b29f3db52ea5031063e0796a179a913031fba0992608d142f8f52e47e4e90593
results/source_data/Figure1_daily_line_batch.tsv	182021	dc4eef273a66b3c52122865398e4b52e6d5781afa20d37caa40635ffa9e66ac1
results/source_data/Figure1_daily_summary.tsv	589	66890023064520cac785c0dafee7de2b10bc689a6eeee4a2aeb382f91fb4423c
results/source_data/Figure2_line_sleep_change.tsv	22474	b0a13bad9634948979a7deb988b99752692186282df57ba57ccd2c29666c62e1
results/source_data/Figure2_repeated_batch_pairs.tsv	12865	928dbb85370925ae67878a8e30953217e71f1a989b30a2d1c2cd03ac32af57eb
results/source_data/Figure3_example_batch_profiles.tsv	115113	c849cd7802f7b4143c38a19b584930bb6bed61fe67fa78ef589c900382dad110
results/source_data/Figure3_example_selection.tsv	182	9b6a0c7485119e2cef3fe2e1d06ebf38b5b33212cb0ccb6a252260fe4eca52cd
results/source_data/Figure3_profile_atlas.tsv	1196610	57f7b7803404448f4c8995c87cbefb8f20ae6c8176bc394ecf061ff6dd064baa
results/source_data/Figure4_PC1_loadings.tsv	5310	f2c3b707ec976e052ffb4fe7a673b500a486e6af8e6dec1dd248236f855de5d3
results/source_data/Figure4_correlations.tsv	1818	039475f5e65e10a9566d694ff42a8a3bb2e1fad6211352fa42ba4961d14c5a22
results/source_data/Figure4_repeatability.tsv	4027	a99fe11c40307653fef89b6712209de3aecc20486f20435c915a63ac2ca69844
results/source_data/Figure4_shape_vs_change.tsv	8120	4f4f4a81b5b6935210b6ac1bb15d3af95acc79bb8f6a68864fba7a241c909c13
results/source_data/Figure5_Manhattan_plotted_variants.tsv	11619074	6706dfa498d70cc27a0724cebc12c51c955be492e0266a04141839131f6cac92
results/source_data/Figure5_QQ_order_statistics.tsv	697605	93e6808f3d57be939c499a23abe6dbe8088ded477b2e33e0fca36dc2b0c38f4b
results/source_data/Figure5_chromosome_offsets.tsv	147	950a72527f6744bac6df38573438d9d3c12cb2e5fc99423f01812b59c622f345
results/source_data/Figure5_independent_scan_checks.tsv	682	0d76a3230c8789333c45e3919b3d5819a2b391e746b8c6728b715010f9be99f5
results/source_data/Figure5_testing_thresholds.tsv	209	9ccd0b3b1a783ba154d1ff02480ee2d87ffee4043b9036d94ed786abbbcb0acf
results/source_data/FigureS1_CS_profiles.tsv	120343	56e337b1b38eeb2b4d08272b40b66ffa90527a3a38a94f237433ed911c00b7a8
results/source_data/FigureS2_time_windows.tsv	1102	777c0b80b6d6b910454082f6e8c73e623506441ddf7bc39bd184560e3e94e121
results/source_data/FigureS3_QC_concordance.tsv	6551	8c41b9e08e272e4cfe58ba1be15faa948ed2afdece7f36a25580923f84235eaf
results/source_data/FigureS4_PCA_stability.tsv	34711	a9996454d212acb5ca4bccda5b721eb542e784aa66a5524758a593464e0903dd
results/source_data/FigureS5_fixed_lead_QC_comparisons.tsv	105650	be452b8b7ccef73f22bedb85fb0ef7dfd6c9400240a356cf1827be9e309cd269
results/source_data/FigureS5_fixed_lead_QC_ranges.tsv	13410	5c95717ead644fabe8f437f72dc6e03f8ce3c8008c85664c4a5c39a9f7190410
results/source_data/FigureS5_nominal_retention.tsv	466	1f50817eb67fcc62d5e2c3d736acdf5ca7f46c31f286cce8c49eb883b2c91c4a
results/source_data/FigureS6_discovery_panel_stability.tsv	1689	4f99629c1ea06b27c5ec0dd498407f477dea9b9d7168209956f678faed252211
results/tables/TABLE_NOTES.md	8767	35b36f0085037bfeb7867cb8acda0a1f8e44c755f349f959b63b2566432f4e8a
results/tables/TABLE_SOURCE_MANIFEST.tsv	11107	839768ec8952a6eadbd09426b67185cb2dd9333c4a7b6b115a014f5d8063ccc8
results/tables/TABLE_VALIDATION.json	1130	0e759ad0d7e0d29ed28d6af6c4eab4725efdc4022b9e333aa0d93bb4d94e37c9
results/tables/TABLE_VISUAL_QA.md	778	8f5416e9c6ebae8a59fb9a4afbb763d441018cdac34ea5cb39fce42a100503b8
results/tables/main/Table1_primary_phenotypes.md	2069	587393fe82e527866ac44f982f4e7e7d2f8fddf56978f060d127fef32a0e5b67
results/tables/main/Table1_primary_phenotypes.tsv	1294	a74da3801a517e03e529b64ef33cf780f12260bbf743ea3c03bc8f6150aff9df
results/tables/main/Table2_GWAS_summary.md	1391	9ac32c1aec7474ab631a0cabddb290a04c1c51c1d31a6fc838a55f2479e81174
results/tables/main/Table2_GWAS_summary.tsv	1031	ef15950c3cee63c7d04f407206f04aadf1cb19db62deb3936ece37a421c46479
results/tables/supplementary/TableS1a_batch_inventory.tsv	3649	24c03f89fca99db17d1e4bcfcadcc24faca4698e2b9fb74d7a4601a1875c9c26
results/tables/supplementary/TableS1b_line_batch_retention.tsv	10722	73b705d6d7170137092cc4a87e8d4711d7a67ed679ac3be0b78f001cb20218bd
results/tables/supplementary/TableS1c_monitor_design.tsv	9279	eefc35c5aabeb7ecd66f1a6494e1c3b7208ba6e0e6dd3ecedf768d8624f4bf48
results/tables/supplementary/TableS2a_phenotype_dictionary.tsv	31839	b0e3116e4c170a48d9806cfd6572cf2b78d2ab7dffdcb1cb26c6fb9723137648
results/tables/supplementary/TableS2b_phenotype_quality.tsv	58698	5bf03f4a9e9b043e47db0d0521276d1eb1fc6d011b6ebe8c408f4fa61177216c
results/tables/supplementary/TableS2c_minimum_n_sensitivity.tsv	18693	4ed54c0a5372efa96924dc524e1cf4c97626d8eb1a2c3257577997feb0d479f5
results/tables/supplementary/TableS3a_six_primary_line_estimates.tsv	77093	37f6aa0fce0151ed2926e6bab282c9344bab4012f6c5d5f1632ce16c33f4b65d
results/tables/supplementary/TableS3b_all_batch_adjusted_line_estimates.tsv	1074508	89a82e66b2b9729e33d7f6f7189a77e628cf07fe07f2db0a9154fb4f52ea8e19
results/tables/supplementary/TableS3c_all_line_batch_estimates.tsv	5571602	a6e8d716eb3e5723ef9235876ffd3cabcbe72d9d8953b678769d65286deb8c59
results/tables/supplementary/TableS4a_all_36_scan_summaries.tsv	5622	49bda79156de8ff39bdca6029ab858c121a0e228ffff1a8a9cc08dbfeb024475
results/tables/supplementary/TableS4b_all_nominal_associations.tsv	54347	07fdbc98d2ebd5b3cadfa9b62ba146843b31b9a15ea444de119611dd39e534e0
results/tables/supplementary/TableS4c_testing_thresholds.tsv	209	9ccd0b3b1a783ba154d1ff02480ee2d87ffee4043b9036d94ed786abbbcb0acf
results/tables/supplementary/TableS5a_60_annotated_candidates.tsv	15979	3758617b8ecc95ed7a53534f8b98492e2a129bd24024dd456222d71706ee4813
results/tables/supplementary/TableS5b_all_annotation_effects.tsv	400670	d521d52fb5c4461878965af8c16e95e76a588eae1d9016a37fa29db7770e9431
results/tables/supplementary/TableS5c_candidate_sensitivities.tsv	80351	439d36c5a0173cfca0638136a188e2f2c3bce5a0489cf27e726674bc16684433
results/tables/supplementary/TableS5d_leave_one_line_out.tsv	1640938	47e4c47e818cbba196d3975d30d01d75293cc52e3970b9a0f22eeba312ca8c8a
results/tables/supplementary/TableS5e_missingness_diagnostics.tsv	23321	ebf2a5add4b2b5a068b61cdb5b86308d1302caf6b25ec733ec0084fb9dd318fa
results/tables/supplementary/TableS6a_common_cohort_window_agreement.tsv	747	84a6b4b597cd70cd1b9de99c430ed5d1e030adf810651a828149fb2084755b96
results/tables/supplementary/TableS6b_window_repeatability.tsv	1937	0f5760209b2399daea8c46dbc840a9316ba03fe377d45ef0d00f1c1404803ed6
results/tables/supplementary/TableS6c_baseline_change_associations.tsv	989	ea6c88248a9ba455d7ec51dacda7a962a0c59b1c52849b8b973b1ee240da6373
results/tables/supplementary/TableS6d_independent_fly_splits.tsv	3059	e9f553f172b4b639344f3ae8486d889acda4cf97347018ec0b24c9aa94a12309
results/tables/supplementary/TableS6e_nonoverlapping_calendar_repeatability.tsv	473	10cd3d73ab4889905329a98adb57652e77172d4971936df0b5b5917ca2c08d11
results/tables/supplementary/TableS7a_cohort_counts.tsv	195	346b2ea8518918664548e5a7b38090214cc5d394c624639446355da1484587ee
results/tables/supplementary/TableS7b_phenotype_concordance.tsv	8463	3cc990741dfebb0fb2717df7d24ee53a8f64e757645fd90c11e5d0e83515b869
results/tables/supplementary/TableS7c_repeatability.tsv	2628	76f83668de42579b984015bffa3bb495b44ad5efc80824bd36fdd863324a0480
results/tables/supplementary/TableS7d_candidate_robustness.tsv	10327	6d83d1eed48f08ea4697285e3683c64611a5bf2bf3ce22f1cec9ceed45fb901a
results/tables/supplementary/TableS7e_candidate_comparisons.tsv	105650	be452b8b7ccef73f22bedb85fb0ef7dfd6c9400240a356cf1827be9e309cd269
results/tables/supplementary/TableS8a_variance_explained.tsv	14206	f4d0133a5b0c240dcb52ec2ae63446815342892d148b6b2f2e912feaf02db1dd
results/tables/supplementary/TableS8b_loadings.tsv	88298	6df428862310dde37107a74f96fefd0584aafdc1001d14d3fa8b555a932778d8
results/tables/supplementary/TableS8c_scalar_correlations.tsv	114396	c1686b1bbb75ff4edd150dafc3c0e3f815c54dd38db1fe312a52b069cd3bdb3a
results/tables/supplementary/TableS8d_bootstrap_stability.tsv	6910	51778bf61ed0016d8b37dd97cd5a36f1c7579711d58b581ee62080bb933271e9
results/tables/supplementary/TableS8e_PC1_loading_intervals.tsv	23444	5f4e422822e81d6a6f291ccb88b46e0573b55bf6e33039c9a34cff9d010aefe0
results/tables/supplementary/TableS8f_conditional_selection.tsv	6951	13718527a8ff2362aa2d526f2e310427a61a87f59235c639d1a82006950ff902
