batch	file	source_relative_path	source_bytes	source_rows	source_blank_lines	source_sha256	source_md5	analysis_start	metadata_stop	crop_start_inclusive	crop_stop_inclusive	crop_first_observed	crop_last_observed	crop_rows	crop_bytes	crop_sha256
Batch10_DGRP	Monitor50.txt	Batch10_DGRP/Monitor50.txt	68956320	643690	0	7f9cf962f1af7469a7e130d2d87f1d71e587a22ac94d10357d0bf026c8ddad68	a21ef6987ead5b9bfe63040c83e29de6	2025-10-11 10:00:00	2025-10-17 11:59:00	2025-10-11 09:50:00	2025-10-17 11:59:00	2025-10-11 09:50:00	2025-10-17 11:59:00	8770	939477	b8594423f01bea9e2e211cd2640f72a21a9a34bf7cfe093c36d0f18518f91423
Batch10_DGRP	Monitor51.txt	Batch10_DGRP/Monitor51.txt	68853865	643690	0	52f3d96ce1377ff85010adfeca447cddd2b4b655bcab8427cadb9bd311fb5071	4d3aef11238da9326bf35a4c345424c3	2025-10-11 10:00:00	2025-10-17 11:59:00	2025-10-11 09:50:00	2025-10-17 11:59:00	2025-10-11 09:50:00	2025-10-17 11:59:00	8770	942113	59a6791aec23f4a6de4312be1054804fef93e21601bc7d19a47a687ea37c7dd6
Batch10_DGRP	Monitor52.txt	Batch10_DGRP/Monitor52.txt	68826952	643690	0	c9a2398f266fa134548bc367aa877f6711b156f5db220918d8a236e90e7685a8	db2442844266567b5bc402d32caed603	2025-10-11 10:00:00	2025-10-17 11:59:00	2025-10-11 09:50:00	2025-10-17 11:59:00	2025-10-11 09:50:00	2025-10-17 11:59:00	8770	940733	657f3df184b5d22a0d927049fb8fcd9c5ceb3f2fad75aa592332ce15dcb5b0ca
Batch10_DGRP	Monitor53.txt	Batch10_DGRP/Monitor53.txt	68822893	643690	0	4b053772f15b7ba7a10595e5191a45eb503cc393ce417e6727e43db23127915f	fe40d14dc764a2768e1a7673a0f5248d	2025-10-11 10:00:00	2025-10-17 11:59:00	2025-10-11 09:50:00	2025-10-17 11:59:00	2025-10-11 09:50:00	2025-10-17 11:59:00	8770	938736	1d480c80d0d6a7029affa1a691c6ecf1f7ada14b40042743570efc7c11bc968f
Batch10_DGRP	Monitor54.txt	Batch10_DGRP/Monitor54.txt	68859738	643690	0	7fe8832c2811aeeeb1e515c2d6aba4cf0a23927ac12f7152904094c3d693f985	32726d217be76b24003f8ff57a7e0a5c	2025-10-11 10:00:00	2025-10-17 11:59:00	2025-10-11 09:50:00	2025-10-17 11:59:00	2025-10-11 09:50:00	2025-10-17 11:59:00	8770	939123	f6633af0a972d5d5feeb3c4a1f87d97e7158178b0333f223f07ac5a76b8a8934
Batch10_DGRP	Monitor55.txt	Batch10_DGRP/Monitor55.txt	68891033	643690	0	588df283b5c278abce662f8e0beccc1a42c7a4a00d2da931a6f18d4ac50504a2	bec68b1c93372e56784103545dca2a3e	2025-10-11 10:00:00	2025-10-17 11:59:00	2025-10-11 09:50:00	2025-10-17 11:59:00	2025-10-11 09:50:00	2025-10-17 11:59:00	8770	938813	797ea98291a8bf1a6ce73ff8e4bbb872584fb3204dad6a1a28ca5d7bd30eb263
Batch10_DGRP	Monitor58.txt	Batch10_DGRP/Monitor58.txt	68831298	643690	0	4d5d1fcc19920361e96cebfed6168ef80cb30d61cb219773213422b75b1a9a4e	fcdb8dd13285668c08d72b42d19dd86d	2025-10-11 10:00:00	2025-10-17 11:59:00	2025-10-11 09:50:00	2025-10-17 11:59:00	2025-10-11 09:50:00	2025-10-17 11:59:00	8770	938922	85885354ed6a49bb1132da2ca27e5463398451dc7b848930e8aa0b078990ad89
Batch10_DGRP	Monitor59.txt	Batch10_DGRP/Monitor59.txt	68942781	643690	0	404c70f54457d42bfbef8077db001bbee5115af606c04cb94642f10e7b9852d6	ef3b8a1fddc52fe225b5c0ce5a2d9c48	2025-10-11 10:00:00	2025-10-17 11:59:00	2025-10-11 09:50:00	2025-10-17 11:59:00	2025-10-11 09:50:00	2025-10-17 11:59:00	8770	938971	eb793d3793acf90ef8134b4340bb632b7178f5f500be8fcb99959450678c3b03
Batch10_DGRP	Monitor60.txt	Batch10_DGRP/Monitor60.txt	68918992	643690	0	1cbde5d45fc02ec1f5787a4f1c0e5c155f422eacc8e0abaa092723147adbfb07	833faef915116b49a84c0861a949c7cf	2025-10-11 10:00:00	2025-10-17 11:59:00	2025-10-11 09:50:00	2025-10-17 11:59:00	2025-10-11 09:50:00	2025-10-17 11:59:00	8770	940430	e013fd659c040a4a4a9a05024b016af7681ab1485f8591144599adaaa232d112
Batch11_DGRP	Monitor27.txt	Batch11_DGRP/Monitor27.txt	73178928	682709	0	9b0e0af9ab7fa583e45b5f4f3d64d8469c230f820a75563770f441728be4d86c	251e378f97632111bb6bc9f5387456ed	2025-10-18 10:00:00	2025-10-24 10:30:00	2025-10-18 09:50:00	2025-10-24 10:30:00	2025-10-18 09:50:00	2025-10-24 10:30:00	8681	931124	6499d66fee700765f786b11c8d074bee4eed5cf1decc3d8c24b0bfc03d739dab
Batch11_DGRP	Monitor30.txt	Batch11_DGRP/Monitor30.txt	73095668	682709	0	8382803fff51aa4def63dc2135ee1fcc1df0c1f95bf82e08530392a6f62ae5e9	473d4a8ae701e420a2bae5f2e927a0f3	2025-10-18 10:00:00	2025-10-24 10:30:00	2025-10-18 09:50:00	2025-10-24 10:30:00	2025-10-18 09:50:00	2025-10-24 10:30:00	8681	930065	162ad5ced1354cb3a2ac2330c8b2fb4f71ecdfba052b34434c09004aec5b3bb2
Batch11_DGRP	Monitor31.txt	Batch11_DGRP/Monitor31.txt	73149979	682709	0	d09e246134f0949c343ef670659b0e32561f7aa23066b6462b4c08ab24f6a23a	c1545127630eeb4b66d259e261f46528	2025-10-18 10:00:00	2025-10-24 10:30:00	2025-10-18 09:50:00	2025-10-24 10:30:00	2025-10-18 09:50:00	2025-10-24 10:30:00	8681	930481	231cc581151dda28a70dff2f538f1a0c555407b57494899be59d5cec9041a06c
Batch11_DGRP	Monitor32.txt	Batch11_DGRP/Monitor32.txt	73272238	682709	0	ebe8e3bbdb30d924b735e110a2076d34a393f84c99fde7c275bfc5286d9ba9c6	f5f38296478fe1e54700af1dce6a27c3	2025-10-18 10:00:00	2025-10-24 10:30:00	2025-10-18 09:50:00	2025-10-24 10:30:00	2025-10-18 09:50:00	2025-10-24 10:30:00	8681	930396	3769ff681339a143dba810de0cf155a8716055b6140983067a1c7513d33829cc
Batch11_DGRP	Monitor33.txt	Batch11_DGRP/Monitor33.txt	73152246	682709	0	fbbd7f2da38ae91ef3c2a774e070144085c61f9b69e01428d3f5477fa0611697	cec68f7dfad48b5696d323ff66c5fe7c	2025-10-18 10:00:00	2025-10-24 10:30:00	2025-10-18 09:50:00	2025-10-24 10:30:00	2025-10-18 09:50:00	2025-10-24 10:30:00	8681	930276	ad20d977fa5b66c0eae8e28e2390b9ba8792c4604e1037957b06bc98aba1a8de
Batch11_DGRP	Monitor34.txt	Batch11_DGRP/Monitor34.txt	73107130	682709	0	73ae9fd44f330ff02add7b41ed10bb4e845971032a37287d9cfceacaf73212d8	c94974d88ef08a29c9af05938ab961c9	2025-10-18 10:00:00	2025-10-24 10:30:00	2025-10-18 09:50:00	2025-10-24 10:30:00	2025-10-18 09:50:00	2025-10-24 10:30:00	8681	929897	68f9ce84b6f0ff5136b2cde10d7bda76865d86c1186e0b54971c2d10b1d739b9
Batch11_DGRP	Monitor37.txt	Batch11_DGRP/Monitor37.txt	73302443	682709	0	ae06b14443cd80b920975b1ac76a4611b65d95f9c1d720bafd995f6dcc8a9524	375a36759ffa37effb15872b35c5ded9	2025-10-18 10:00:00	2025-10-24 10:30:00	2025-10-18 09:50:00	2025-10-24 10:30:00	2025-10-18 09:50:00	2025-10-24 10:30:00	8681	930757	c05b1be5d69d403ce646057fac358dfa66b75a7159e21494e3298fb20e237171
Batch11_DGRP	Monitor38.txt	Batch11_DGRP/Monitor38.txt	73157660	682709	0	75adba24776d014975f82e7d42b1d994073227ccf3288ab871411a90f9bd680c	183b6dd3381d8da1e31674b61afb8606	2025-10-18 10:00:00	2025-10-24 10:30:00	2025-10-18 09:50:00	2025-10-24 10:30:00	2025-10-18 09:50:00	2025-10-24 10:30:00	8681	929411	d386e53cff177644a10fafa375cac626b0a3a9d1788d4ddadf194e2177895f8d
Batch11_DGRP	Monitor39.txt	Batch11_DGRP/Monitor39.txt	73073876	682709	0	0ea8fdab700f3b472dc12960f6facdbc47359e54ec1206f417ee9433245423ff	f686132bee3a196be8e5d26580082960	2025-10-18 10:00:00	2025-10-24 10:30:00	2025-10-18 09:50:00	2025-10-24 10:30:00	2025-10-18 09:50:00	2025-10-24 10:30:00	8681	929554	6a6747dbc3ac71a72d3d2c8f0ba87bc4eb5e7433eb93467cf96138a2c7f68e61
Batch11_DGRP	Monitor41.txt	Batch11_DGRP/Monitor41.txt	73137737	682709	0	64b72134a39ead1f6fe543efda3baef4dc36a7d1ad7c5c9902c49dc13dfa480f	e5d46160298c2779d8db89f0d6faf3fe	2025-10-18 10:00:00	2025-10-24 10:30:00	2025-10-18 09:50:00	2025-10-24 10:30:00	2025-10-18 09:50:00	2025-10-24 10:30:00	8681	929111	1a35688d2a34843fb49914e3049107fa2aabd499e35e2a2262901f4720e44376
Batch11_DGRP	Monitor42.txt	Batch11_DGRP/Monitor42.txt	73103063	682709	0	48d45177b0e98b95d36ce8560a642f85bdf61faafc07829c2fd9a8cfd8e55459	621f86317ca4dbeef8714e405e48e71d	2025-10-18 10:00:00	2025-10-24 10:30:00	2025-10-18 09:50:00	2025-10-24 10:30:00	2025-10-18 09:50:00	2025-10-24 10:30:00	8681	929379	716505d8bfb89e9bbbe3e769f493d7350c643a6bbd73f0ce22b20005a629c133
Batch12_DGRP	Monitor48.txt	Batch12_DGRP/Monitor48.txt	73128184	682724	0	1040a9ff3cfb43eba2e2b80afe99a6644a7cf7dfc80258cd0303bcc9f4e2f986	3ac4e5c3e225694701c476eb82fafd4b	2025-10-25 10:00:00	2025-10-31 10:30:00	2025-10-25 09:50:00	2025-10-31 10:30:00	2025-10-25 09:50:00	2025-10-31 10:30:00	8681	930900	a268a03b620d8c22df63adba4b215d5379527de58af1e11983cc2897ca532160
Batch12_DGRP	Monitor49.txt	Batch12_DGRP/Monitor49.txt	73189047	682724	0	e582cf9af147e6e7164a0e2f038d5b154bda7fef188ffc35c84a263d5af8aeb9	b22e5d03e78c73b112ba827ea748cdad	2025-10-25 10:00:00	2025-10-31 10:30:00	2025-10-25 09:50:00	2025-10-31 10:30:00	2025-10-25 09:50:00	2025-10-31 10:30:00	8681	929735	f1ae5eabd506483d35a80c7b0918174a8b57da0cee26390d06bce9fd38f01afd
Batch12_DGRP	Monitor50.txt	Batch12_DGRP/Monitor50.txt	73131814	682724	0	426b6dccd8ccedd31c0ae1ef44d67d101441fcd7955646b217279331728835ab	08a89f4ad26001f90ca84845c2c1cdd2	2025-10-25 10:00:00	2025-10-31 10:30:00	2025-10-25 09:50:00	2025-10-31 10:30:00	2025-10-25 09:50:00	2025-10-31 10:30:00	8681	929243	72f0ad32faec01ae14127b796060f79e7a2f13c7d31c9d3fc69f1b90bce64c90
Batch12_DGRP	Monitor51.txt	Batch12_DGRP/Monitor51.txt	73039198	682724	0	076b30e5d08cee66556bb52e03e293879ba67526c4818769cedf0b69ee6e9eb8	c27febbab7429c159248998d1f12e091	2025-10-25 10:00:00	2025-10-31 10:30:00	2025-10-25 09:50:00	2025-10-31 10:30:00	2025-10-25 09:50:00	2025-10-31 10:30:00	8681	929915	daecae631677ceaa06c2409f25ed3a3d31490f4398ad9861476de9ccacfc5b29
Batch12_DGRP	Monitor52.txt	Batch12_DGRP/Monitor52.txt	73003780	682724	0	3f3e8f0cdb0192655fb31cd2ceef25f1397646b589fb71d2456c4e135f07c856	f701f8491ac0df63c4050efe078afaf8	2025-10-25 10:00:00	2025-10-31 10:30:00	2025-10-25 09:50:00	2025-10-31 10:30:00	2025-10-25 09:50:00	2025-10-31 10:30:00	8681	929804	e4a7b20d60dc1528d0505702ed14dc827b94e3e3a5275df346898b1e1e5822b0
Batch12_DGRP	Monitor53.txt	Batch12_DGRP/Monitor53.txt	73007309	682724	0	0e7209d92d3b9a02aac4f2c7aa18c031c50cbeba78769732899cd4b81ca7a76a	cfbc736f38d75fdff9d2f9528a98bdd5	2025-10-25 10:00:00	2025-10-31 10:30:00	2025-10-25 09:50:00	2025-10-31 10:30:00	2025-10-25 09:50:00	2025-10-31 10:30:00	8681	929610	00b975f0adf73623ece49bd769abc2ed66f57c6f72be45171db32ba2cf7a6d23
Batch12_DGRP	Monitor54.txt	Batch12_DGRP/Monitor54.txt	73046707	682724	0	6c293081607510f00a9158cd5021da73828deef001e54cd8c40d62d78d6720eb	5796a2be98a893c8bb26bbe77acb6ddd	2025-10-25 10:00:00	2025-10-31 10:30:00	2025-10-25 09:50:00	2025-10-31 10:30:00	2025-10-25 09:50:00	2025-10-31 10:30:00	8681	931256	818c8d20b29aea700b57c514969c9259237a19c6da595041746d6e268df6197d
Batch12_DGRP	Monitor55.txt	Batch12_DGRP/Monitor55.txt	73068263	682724	0	c2cd1798a45d100bd2c1f7f1685bd42f9533e09f0e3a3e62c53811d4fda07902	341fad4e01b657486f66ee04058e5af4	2025-10-25 10:00:00	2025-10-31 10:30:00	2025-10-25 09:50:00	2025-10-31 10:30:00	2025-10-25 09:50:00	2025-10-31 10:30:00	8681	929580	7702915d45c8be1b1484197e3d9dd7b66e4707014fe19c06d0bbcb25a25085cb
Batch12_DGRP	Monitor58.txt	Batch12_DGRP/Monitor58.txt	73025051	682724	0	eddec99ee16aa2f3da5ffb6dd524f4d73b4e2de3f5cfd9384d2704f6e015952b	6e8cdf42457908252c29098047d5968b	2025-10-25 10:00:00	2025-10-31 10:30:00	2025-10-25 09:50:00	2025-10-31 10:30:00	2025-10-25 09:50:00	2025-10-31 10:30:00	8681	929572	599278f9f054536fec351d3795a66d9f604ae91c135bd03d89371ffaec257863
Batch12_DGRP	Monitor59.txt	Batch12_DGRP/Monitor59.txt	73136444	682724	0	77e65dd4b994102bc4a4364fcf72afe01fb97ddbfe7b287f30cfd4e13c46f6f3	c99b9c9f80b12eb25b8ec21300543738	2025-10-25 10:00:00	2025-10-31 10:30:00	2025-10-25 09:50:00	2025-10-31 10:30:00	2025-10-25 09:50:00	2025-10-31 10:30:00	8681	929634	26acf360b5b97a43cdc8578af816280c5884e628effe46554057cb11fe187153
Batch12_DGRP	Monitor60.txt	Batch12_DGRP/Monitor60.txt	73103448	682724	0	b3688c91c6af2b912698b0f70eb83b576b3635c60c999339f93e6d966b9b47bd	a3a736faa8c1163e86d95dc5ddb988ac	2025-10-25 10:00:00	2025-10-31 10:30:00	2025-10-25 09:50:00	2025-10-31 10:30:00	2025-10-25 09:50:00	2025-10-31 10:30:00	8681	929182	6cf5cf35171484fe159afeb4df841c2430bd441853f9824f0f8d1c30355c305a
Batch13_DGRP	Monitor45.txt	Batch13_DGRP/Monitor45.txt	73114205	682724	0	4d5ba1f9d0fb6f57fec06e24eb0dd8f2a7926aea8e4de5f94561d7f0b2108f53	0d1dbe6686545cd55fa082d819d13427	2025-10-31 10:00:00	2025-11-06 10:30:00	2025-10-31 09:50:00	2025-11-06 10:30:00	2025-10-31 09:50:00	2025-11-06 10:30:00	8681	925961	b22988978c7199a9585a8a4b07d7f3800e895aa12880c7e3a40bfd45d40b6195
Batch13_DGRP	Monitor46.txt	Batch13_DGRP/Monitor46.txt	73211010	682724	0	09b9c1e5f279463f890635d92baba8061fd45227fb5b3b52e8c3684294c1661b	f3adaccaf9399432921f657907bcb480	2025-10-31 10:00:00	2025-11-06 10:30:00	2025-10-31 09:50:00	2025-11-06 10:30:00	2025-10-31 09:50:00	2025-11-06 10:30:00	8681	922115	914bad505b3b388c2b779225be5498a07b816f1d62d44eacf4bb5a3b14c78326
Batch13_DGRP	Monitor47.txt	Batch13_DGRP/Monitor47.txt	73342966	682724	0	a1df66ca660ea93c008be275401e52b5525e2ac773c77d84c2a5beece5287192	d6c0b6230ee743f7376755d2df0c5abe	2025-10-31 10:00:00	2025-11-06 10:30:00	2025-10-31 09:50:00	2025-11-06 10:30:00	2025-10-31 09:50:00	2025-11-06 10:30:00	8681	921615	b63d9601034f8f20a44a0c9353d7df577d12ae201b0977f85586425b1acc1c4a
Batch13_DGRP	Monitor48.txt	Batch13_DGRP/Monitor48.txt	73128184	682724	0	1040a9ff3cfb43eba2e2b80afe99a6644a7cf7dfc80258cd0303bcc9f4e2f986	3ac4e5c3e225694701c476eb82fafd4b	2025-10-31 10:00:00	2025-11-06 10:30:00	2025-10-31 09:50:00	2025-11-06 10:30:00	2025-10-31 09:50:00	2025-11-06 10:30:00	8681	922218	a1b43cf10116c2f00054fae742d821de8591b428fcffce2fd5b5a99b116d259c
Batch13_DGRP	Monitor49.txt	Batch13_DGRP/Monitor49.txt	73189047	682724	0	e582cf9af147e6e7164a0e2f038d5b154bda7fef188ffc35c84a263d5af8aeb9	b22e5d03e78c73b112ba827ea748cdad	2025-10-31 10:00:00	2025-11-06 10:30:00	2025-10-31 09:50:00	2025-11-06 10:30:00	2025-10-31 09:50:00	2025-11-06 10:30:00	8681	922394	9252340b5364cf21f6677c462924435828c7663eeaf9f4e18df67f7b0555a391
Batch13_DGRP	Monitor50.txt	Batch13_DGRP/Monitor50.txt	73131814	682724	0	426b6dccd8ccedd31c0ae1ef44d67d101441fcd7955646b217279331728835ab	08a89f4ad26001f90ca84845c2c1cdd2	2025-10-31 10:00:00	2025-11-06 10:30:00	2025-10-31 09:50:00	2025-11-06 10:30:00	2025-10-31 09:50:00	2025-11-06 10:30:00	8681	922237	106f6130504011206e055048086811b6c782065b0f0fb5fced2f2291c458d584
Batch13_DGRP	Monitor51.txt	Batch13_DGRP/Monitor51.txt	73039198	682724	0	076b30e5d08cee66556bb52e03e293879ba67526c4818769cedf0b69ee6e9eb8	c27febbab7429c159248998d1f12e091	2025-10-31 10:00:00	2025-11-06 10:30:00	2025-10-31 09:50:00	2025-11-06 10:30:00	2025-10-31 09:50:00	2025-11-06 10:30:00	8681	922301	6dc585f4fdfd3883d0ae76db0fa768048ebeb83bba3bb36afa797be250f4d625
Batch13_DGRP	Monitor52.txt	Batch13_DGRP/Monitor52.txt	73003780	682724	0	3f3e8f0cdb0192655fb31cd2ceef25f1397646b589fb71d2456c4e135f07c856	f701f8491ac0df63c4050efe078afaf8	2025-10-31 10:00:00	2025-11-06 10:30:00	2025-10-31 09:50:00	2025-11-06 10:30:00	2025-10-31 09:50:00	2025-11-06 10:30:00	8681	922172	3053a968a6d2ec74dcf27f03546f20396de544a6291dd367accdcdca3a0004a0
Batch13_DGRP	Monitor53.txt	Batch13_DGRP/Monitor53.txt	73007309	682724	0	0e7209d92d3b9a02aac4f2c7aa18c031c50cbeba78769732899cd4b81ca7a76a	cfbc736f38d75fdff9d2f9528a98bdd5	2025-10-31 10:00:00	2025-11-06 10:30:00	2025-10-31 09:50:00	2025-11-06 10:30:00	2025-10-31 09:50:00	2025-11-06 10:30:00	8681	921750	0b2be567145e28fc17529dffd155fa820ba6b454ee85b7c09facaa83b789eee4
Batch13_DGRP	Monitor54.txt	Batch13_DGRP/Monitor54.txt	73046707	682724	0	6c293081607510f00a9158cd5021da73828deef001e54cd8c40d62d78d6720eb	5796a2be98a893c8bb26bbe77acb6ddd	2025-10-31 10:00:00	2025-11-06 10:30:00	2025-10-31 09:50:00	2025-11-06 10:30:00	2025-10-31 09:50:00	2025-11-06 10:30:00	8681	922437	eb0a70736f8a5220c665eed30b8def883a42fb3ffcb60aab6d8d8438058abdb0
Batch14_DGRP	Monitor25.txt	Batch14_DGRP/Monitor25.txt	81550773	761691	0	7bc95f2159846c833f10657f596942249bdc852aee05477ea75b6f1cadb006c3	94844771ff9660f4815f5c016419eb5f	2025-11-08 10:00:00	2025-11-14 10:30:00	2025-11-08 09:50:00	2025-11-14 10:30:00	2025-11-08 09:50:00	2025-11-14 10:30:00	8681	927003	343f2a9532e1099b2c92d999035240aad2d2a2a758abbf3ebf216469328c358e
Batch14_DGRP	Monitor26.txt	Batch14_DGRP/Monitor26.txt	81604627	761691	0	67a939271e03b189726c85e686783ded9bbe7112bff654534e1826fa65388ee3	bfee849db21978aa223b02cbd63cb1cf	2025-11-08 10:00:00	2025-11-14 10:30:00	2025-11-08 09:50:00	2025-11-14 10:30:00	2025-11-08 09:50:00	2025-11-14 10:30:00	8681	928157	f6688efddee23089cf78d7ef239c537f94617fdc85018295635f0e0cf373f48d
Batch14_DGRP	Monitor27.txt	Batch14_DGRP/Monitor27.txt	81656848	761691	0	712c20472d8685f17a6b5bc2c4ff67179b60d6ea659526773b74072f064beb46	d100908d667adafe3cfa34a8d4241ac6	2025-11-08 10:00:00	2025-11-14 10:30:00	2025-11-08 09:50:00	2025-11-14 10:30:00	2025-11-08 09:50:00	2025-11-14 10:30:00	8681	926792	0a5da2199d9341c75dafaddecd559e1a61823529a1056bc6fb70c9f90923c01e
Batch14_DGRP	Monitor28.txt	Batch14_DGRP/Monitor28.txt	81552999	761691	0	544e7d648960c3893377f80be60913615b88bc09f9b0aa683bdfb2216d2ea1e4	5599d6cfc2d7a88d410e71ff32922df9	2025-11-08 10:00:00	2025-11-14 10:30:00	2025-11-08 09:50:00	2025-11-14 10:30:00	2025-11-08 09:50:00	2025-11-14 10:30:00	8681	927510	7b353de78e5200dade73d10e8b2628463b5c83d0660a549805aa6ea3a9e18571
Batch14_DGRP	Monitor29.txt	Batch14_DGRP/Monitor29.txt	81563614	761691	0	6b12dd16f4eab82a84510848399bd2b7ef1a04537bb94e0a4f6f7d410e89f12e	7e15061b595eb87a01db2bff2d981a2d	2025-11-08 10:00:00	2025-11-14 10:30:00	2025-11-08 09:50:00	2025-11-14 10:30:00	2025-11-08 09:50:00	2025-11-14 10:30:00	8681	927193	0411cd2796661bdb4e685b520302fe4cdfcdbf396a7e0f55cd11d9e449921592
Batch14_DGRP	Monitor30.txt	Batch14_DGRP/Monitor30.txt	81574374	761691	0	634940bd18904a69788ece76c755106bef1611512c6f498ca7b428e440b36e2b	243906273afe0ed78a13dc7c29b5658c	2025-11-08 10:00:00	2025-11-14 10:30:00	2025-11-08 09:50:00	2025-11-14 10:30:00	2025-11-08 09:50:00	2025-11-14 10:30:00	8681	927098	5fe0877d65d21cc08faf43799d4ff05024415f1379cb34c859e402f4ab1f74d2
Batch14_DGRP	Monitor31.txt	Batch14_DGRP/Monitor31.txt	81628071	761691	0	83552da36742324d0c8dee6e826f26787093ba079caf14b73ff5e6e19b3fa374	47273b67c4466e73c5663ccd543f0b81	2025-11-08 10:00:00	2025-11-14 10:30:00	2025-11-08 09:50:00	2025-11-14 10:30:00	2025-11-08 09:50:00	2025-11-14 10:30:00	8681	926790	25370977a6a6e0710c4811f68d40495dea0901320adbc3779dcc14e0240ad1dc
Batch14_DGRP	Monitor32.txt	Batch14_DGRP/Monitor32.txt	81752521	761691	0	7796717d354e2e1c0da0eb167e7e62a1c0d5fe4bf2f95b487e5e9829240d0b5e	30c220a165b980284081900b21cf59ff	2025-11-08 10:00:00	2025-11-14 10:30:00	2025-11-08 09:50:00	2025-11-14 10:30:00	2025-11-08 09:50:00	2025-11-14 10:30:00	8681	927789	eea066145c755a92e2cfe083cee8b9bcc4e58a1634e39f204f0e2860e4c269cc
Batch14_DGRP	Monitor33.txt	Batch14_DGRP/Monitor33.txt	81631086	761691	0	7f993cd089417bbc127fc31455bf544ffad23c4eb3c77a5dc0729b970ffd921e	11e9a46a3275a8c06a940e027697ba10	2025-11-08 10:00:00	2025-11-14 10:30:00	2025-11-08 09:50:00	2025-11-14 10:30:00	2025-11-08 09:50:00	2025-11-14 10:30:00	8681	927869	432323110422dacc32fd45fc644d7011f8e8d5b0647749fde40b12455a50ac36
Batch14_DGRP	Monitor34.txt	Batch14_DGRP/Monitor34.txt	81589055	761691	0	6b5b80f968bb79c93734a85ee9a9cfb915aa0f860cef8b2bb2218fe6d4c561b1	a989d4bb25dc9ec1f448b625ac9aec48	2025-11-08 10:00:00	2025-11-14 10:30:00	2025-11-08 09:50:00	2025-11-14 10:30:00	2025-11-08 09:50:00	2025-11-14 10:30:00	8681	927124	9647e3bfa617ea4cc1ffc8fc73e28230151fa6dd60d17002842b01af71e5d15b
Batch14_DGRP	Monitor55.txt	Batch14_DGRP/Monitor55.txt	81540400	761690	0	6e8f03f2f30edb3f2121380cfcb0e6fbdf2bddfdb26811d54cec87c51c7026f1	64cda9ec1053fcb64cc0ca67e17c5bce	2025-11-08 10:00:00	2025-11-14 10:30:00	2025-11-08 09:50:00	2025-11-14 10:30:00	2025-11-08 09:50:00	2025-11-14 10:30:00	8681	928986	c09b4152533bbd645012e0e24778c56c998134cd6b93d2f48e9f108127b0a036
Batch15_DGRP	Monitor44.txt	Batch15_DGRP/Monitor44.txt	78730283	734598	0	623cb81e0e9fbe5ef41684c03e61ab0d8b5349b6c49ab3b44055244818c06371	5a5f92735c34a99b8c1ab6dc72b6e7bf	2025-11-15 10:00:00	2025-11-21 16:30:00	2025-11-15 09:50:00	2025-11-21 16:30:00	2025-11-15 09:50:00	2025-11-21 16:30:00	9041	970895	959a8662b5c4d8d686ad580d2b759b57c7720554875edbb3cda418fb270162ca
Batch15_DGRP	Monitor45.txt	Batch15_DGRP/Monitor45.txt	78686722	734598	0	62a7c329d3f96fc3f1798c9c3b3d70c3bfb3a375697c0cca7a9a1c07d4811784	ae7593e7f68dd07229d7c94de09dd4c1	2025-11-15 10:00:00	2025-11-21 16:30:00	2025-11-15 09:50:00	2025-11-21 16:30:00	2025-11-15 09:50:00	2025-11-21 16:30:00	9041	969477	56576d725f3d5545b0984288477bf7f6092e1a0278bd04db3b76f7dea93be872
Batch15_DGRP	Monitor46.txt	Batch15_DGRP/Monitor46.txt	78792935	734598	0	750593c8a83c155fa652774788571d88ec7a4c14e0f9b774341953b017fb7d6f	d2ac4d59484b908776195c94e3099e4d	2025-11-15 10:00:00	2025-11-21 16:30:00	2025-11-15 09:50:00	2025-11-21 16:30:00	2025-11-15 09:50:00	2025-11-21 16:30:00	9041	968936	d09858514f3fae559e4a50b930d545a94cddbc839d92f9285df595e68b9b7f59
Batch15_DGRP	Monitor47.txt	Batch15_DGRP/Monitor47.txt	78913010	734598	0	a11b4abbb4d29cebb34de609451752b8c89a17319cf50f01f991e706670d1eed	2f2f4a5751ff4946dcada5a32c994d6d	2025-11-15 10:00:00	2025-11-21 16:30:00	2025-11-15 09:50:00	2025-11-21 16:30:00	2025-11-15 09:50:00	2025-11-21 16:30:00	9041	967629	333bbb49b518d886751971e48a4f1783e3bc6e92edbe8f344781f446c4edd4d9
Batch15_DGRP	Monitor48.txt	Batch15_DGRP/Monitor48.txt	78719718	734598	0	5a32fe5498227dc8cb490437933074b5c2ebcf5ea5c87180921f51f7ad1e435c	e7bce18d524c16e0fe973b38879b7f5c	2025-11-15 10:00:00	2025-11-21 16:30:00	2025-11-15 09:50:00	2025-11-21 16:30:00	2025-11-15 09:50:00	2025-11-21 16:30:00	9041	969045	20418763263be028ef8b0d657ab4f78096099125fedf5438134ce91e231c573e
Batch15_DGRP	Monitor49.txt	Batch15_DGRP/Monitor49.txt	78760240	734598	0	037fff11b11982c6cd997175a46a71751cc6bb79c98e449ad9618a7ca5ad6278	26870b97fe8191fd5b17d23209868761	2025-11-15 10:00:00	2025-11-21 16:30:00	2025-11-15 09:50:00	2025-11-21 16:30:00	2025-11-15 09:50:00	2025-11-21 16:30:00	9041	968770	7deeb4ca4aeccd10bf49177de74698761b923e071b1a157b3df7817fb30faf89
Batch15_DGRP	Monitor50.txt	Batch15_DGRP/Monitor50.txt	78702364	734598	0	7652ada024a0cc42f2fc1e6c26c32eab93e99db49d9265951a1d34f505aa6e5e	dd98ccc8f127bc03059c0704ea67024e	2025-11-15 10:00:00	2025-11-21 16:30:00	2025-11-15 09:50:00	2025-11-21 16:30:00	2025-11-15 09:50:00	2025-11-21 16:30:00	9041	967997	4fc2c80d6869d345c8395dc8c6a2fda6fd3270f503f61bc44ba262883def05ba
Batch15_DGRP	Monitor51.txt	Batch15_DGRP/Monitor51.txt	78610215	734598	0	a13fc16390374c2a174d80e80de7e88133f31aaa5c52a46f157275bc40d1ed8b	c0f1a84b42ce1ec54e5cd80aa37f8583	2025-11-15 10:00:00	2025-11-21 16:30:00	2025-11-15 09:50:00	2025-11-21 16:30:00	2025-11-15 09:50:00	2025-11-21 16:30:00	9041	968288	4a8ce25c93c92e4cdfe9573a74cffc23e4c62ae70891aeefc6d9925fb8c761b6
Batch15_DGRP	Monitor52.txt	Batch15_DGRP/Monitor52.txt	78574358	734598	0	cdf98fbcfa84a0f08d23d7e1926d158f27d102fcf2c5da3f3fc4ea7a01f8c5c8	94c8ef1ac47ff2f91e5813a48b3c03da	2025-11-15 10:00:00	2025-11-21 16:30:00	2025-11-15 09:50:00	2025-11-21 16:30:00	2025-11-15 09:50:00	2025-11-21 16:30:00	9041	968062	068816c0aaa9a3ff4212ea3a8f7969a1262ce7fef91f33ebfc4ebfbb0b3ec517
Batch15_DGRP	Monitor53.txt	Batch15_DGRP/Monitor53.txt	78578525	734598	0	a6b51db58ef3024a02151de284eb96dfc756bfd8607ce1efceea7dc5b49549f7	ce4dc3cbd554c9c98952de5ce8b9273f	2025-11-15 10:00:00	2025-11-21 16:30:00	2025-11-15 09:50:00	2025-11-21 16:30:00	2025-11-15 09:50:00	2025-11-21 16:30:00	9041	968938	46c6642d9347d08831a72e17e053d7b21b9d61b6b10852da7f844b1980586ebb
Batch16_DGRP	Monitor25.txt	Batch16_DGRP/Monitor25.txt	78634104	734598	0	ec9f2c0e8de7c62765919c140ccedfbed83973413cd1c4bd2a5927541cdf3451	3f071cdfcba23a7f68cf6e4d28f1a29e	2025-11-22 10:00:00	2025-11-28 10:30:00	2025-11-22 09:50:00	2025-11-28 10:30:00	2025-11-22 09:50:00	2025-11-28 10:30:00	8681	930927	3669442a6763efc63de124461316e07a6d2acbfae5c28450ff1a52201488f2c6
Batch16_DGRP	Monitor26.txt	Batch16_DGRP/Monitor26.txt	78687958	734598	0	ef03265cee1536e62557c72b00034bd109574122084d81bdc63be7fb64103712	d6f3d57e3ff54124ae6d781672540126	2025-11-22 10:00:00	2025-11-28 10:30:00	2025-11-22 09:50:00	2025-11-28 10:30:00	2025-11-22 09:50:00	2025-11-28 10:30:00	8681	930562	3944c3a1a2608817a6241e0fe94b56a84ffd01980f13362403539dad4fb87ce0
Batch16_DGRP	Monitor27.txt	Batch16_DGRP/Monitor27.txt	78740179	734598	0	220485de455d75ab067e85143af3c07ac4d81dd6bd80cfe7b3de58194a5dcdcc	ee117ba259866b10c32a2f08a5f43217	2025-11-22 10:00:00	2025-11-28 10:30:00	2025-11-22 09:50:00	2025-11-28 10:30:00	2025-11-22 09:50:00	2025-11-28 10:30:00	8681	929122	3ee1f877bdcfd8cadbfc20c2106cf80bcca622bfc2b94ce459a88b2a8e883996
Batch16_DGRP	Monitor28.txt	Batch16_DGRP/Monitor28.txt	78636330	734598	0	9cd40baed3ff177381fe9a47cb1b9502eaac4111d4bf22960b11f8dbd95630ef	342accc8054ae414204cbbf2a56c94d7	2025-11-22 10:00:00	2025-11-28 10:30:00	2025-11-22 09:50:00	2025-11-28 10:30:00	2025-11-22 09:50:00	2025-11-28 10:30:00	8681	929067	4190b620a0f7cb61136123a7c60768526e768982f23a9fdc3923d0c866b342ac
Batch16_DGRP	Monitor29.txt	Batch16_DGRP/Monitor29.txt	78646945	734598	0	d882af53095860709cf49082cabb2f66c0466c96c8e80ece5816b13fbbf32325	a64f2126d1eb7fed3c181300f2318524	2025-11-22 10:00:00	2025-11-28 10:30:00	2025-11-22 09:50:00	2025-11-28 10:30:00	2025-11-22 09:50:00	2025-11-28 10:30:00	8681	929457	596eadce63c04529246679f4fa19136ba5a8f88d4df84740282b84e7333b3299
Batch16_DGRP	Monitor30.txt	Batch16_DGRP/Monitor30.txt	78657705	734598	0	c9bc99e45551dfc84bbb45de091da9bfd23e655963dfa21ef6c635a6fa89c639	8af04a1f08b0fb987f0c763188bb8354	2025-11-22 10:00:00	2025-11-28 10:30:00	2025-11-22 09:50:00	2025-11-28 10:30:00	2025-11-22 09:50:00	2025-11-28 10:30:00	8681	929670	43984f0aa143f0fb45315aff8ba1a50779428b2bc22f665eac0c7fbce30b6884
Batch16_DGRP	Monitor31.txt	Batch16_DGRP/Monitor31.txt	78711402	734598	0	aeffebb34a28ed8da058d79789df3f294a08cf8da3bb79dfba40e538a280d501	21cdd284cf603dceed7babf088cb72ad	2025-11-22 10:00:00	2025-11-28 10:30:00	2025-11-22 09:50:00	2025-11-28 10:30:00	2025-11-22 09:50:00	2025-11-28 10:30:00	8681	929370	2f8b3b8af97745100b53568b08530678969a20cc67fc661a491218c7afbd5889
Batch16_DGRP	Monitor32.txt	Batch16_DGRP/Monitor32.txt	78835852	734598	0	a8d451299ce41fd04bc016c72a981bc2a75effad01269bfea2cd16a151884e4a	3f00d4e2110fc8e79fa1ab8fcd8442a1	2025-11-22 10:00:00	2025-11-28 10:30:00	2025-11-22 09:50:00	2025-11-28 10:30:00	2025-11-22 09:50:00	2025-11-28 10:30:00	8681	929815	4333bb850866b814ca5ef5acff5694f1ef8e555c39df08bcd50fa510994a47e6
Batch16_DGRP	Monitor33.txt	Batch16_DGRP/Monitor33.txt	78714417	734598	0	d47b461ed3ac62e57f6e89cf0249fe5920d1077e6e9c3ff75450b8de1feab521	963c4e1d8a48b88f3790c407f1805c96	2025-11-22 10:00:00	2025-11-28 10:30:00	2025-11-22 09:50:00	2025-11-28 10:30:00	2025-11-22 09:50:00	2025-11-28 10:30:00	8681	929893	5e9cfb458192ba736ba9e0ac153aea3199fbb087b5781add9c2c8370bd6e6b83
Batch16_DGRP	Monitor34.txt	Batch16_DGRP/Monitor34.txt	78672386	734598	0	2aea6bad6b65bd9ff0a2633fd82b85d55afec3a11115e4538258de0f9e722bf7	ca1d22a24390175afb301c4f3b3523b2	2025-11-22 10:00:00	2025-11-28 10:30:00	2025-11-22 09:50:00	2025-11-28 10:30:00	2025-11-22 09:50:00	2025-11-28 10:30:00	8681	930566	84028d08df87e46c5c6bd6d9757594829004b4de879981578dab073ea86ec110
Batch16_DGRP	Monitor35.txt	Batch16_DGRP/Monitor35.txt	78690511	734598	0	75ef629def72033eddc1c4d374322041e0501d7ef72edc5e51f936dfb13e4eba	c3be726174d2db37f64b8477b053e8a0	2025-11-22 10:00:00	2025-11-28 10:30:00	2025-11-22 09:50:00	2025-11-28 10:30:00	2025-11-22 09:50:00	2025-11-28 10:30:00	8681	930024	608aaef9a440ee5d06ed91a5e54b5051ff02d1c57f86d944d9c4edb4d9e6cc67
Batch18_DGRP	Monitor44.txt	Batch18_DGRP/Monitor44.txt	78730283	734598	0	623cb81e0e9fbe5ef41684c03e61ab0d8b5349b6c49ab3b44055244818c06371	5a5f92735c34a99b8c1ab6dc72b6e7bf	2025-12-06 10:00:00	2025-12-12 10:30:00	2025-12-06 09:50:00	2025-12-12 10:30:00	2025-12-06 09:50:00	2025-12-12 10:30:00	8681	924622	b2eb6f2b0c49a4e3b906c8435cea5471d3ac9a798c2811a63c6836fc36e8c61d
Batch18_DGRP	Monitor45.txt	Batch18_DGRP/Monitor45.txt	78686722	734598	0	62a7c329d3f96fc3f1798c9c3b3d70c3bfb3a375697c0cca7a9a1c07d4811784	ae7593e7f68dd07229d7c94de09dd4c1	2025-12-06 10:00:00	2025-12-12 10:30:00	2025-12-06 09:50:00	2025-12-12 10:30:00	2025-12-06 09:50:00	2025-12-12 10:30:00	8681	924558	e83acb653b196335ef77c76c24a33e1fa6d999d04761401a0ca3b050a84f01d9
Batch18_DGRP	Monitor46.txt	Batch18_DGRP/Monitor46.txt	78792935	734598	0	750593c8a83c155fa652774788571d88ec7a4c14e0f9b774341953b017fb7d6f	d2ac4d59484b908776195c94e3099e4d	2025-12-06 10:00:00	2025-12-12 10:30:00	2025-12-06 09:50:00	2025-12-12 10:30:00	2025-12-06 09:50:00	2025-12-12 10:30:00	8681	924408	6e9acb7dc23fe049c6a6ad43e4646aa9fd263fa7838a9b9ee28bda91559fe6e9
Batch18_DGRP	Monitor47.txt	Batch18_DGRP/Monitor47.txt	78913010	734598	0	a11b4abbb4d29cebb34de609451752b8c89a17319cf50f01f991e706670d1eed	2f2f4a5751ff4946dcada5a32c994d6d	2025-12-06 10:00:00	2025-12-12 10:30:00	2025-12-06 09:50:00	2025-12-12 10:30:00	2025-12-06 09:50:00	2025-12-12 10:30:00	8681	924200	2bc274dd0840eaaf4aee04bfc7016ef4ce2474cc185104e0e5224e9b7863219f
Batch18_DGRP	Monitor48.txt	Batch18_DGRP/Monitor48.txt	78719718	734598	0	5a32fe5498227dc8cb490437933074b5c2ebcf5ea5c87180921f51f7ad1e435c	e7bce18d524c16e0fe973b38879b7f5c	2025-12-06 10:00:00	2025-12-12 10:30:00	2025-12-06 09:50:00	2025-12-12 10:30:00	2025-12-06 09:50:00	2025-12-12 10:30:00	8681	924144	feb0b3c75efb23fbfe61f1c36760dbdef4108b2bd3ce17d05e91c214b81def32
Batch18_DGRP	Monitor49.txt	Batch18_DGRP/Monitor49.txt	78760240	734598	0	037fff11b11982c6cd997175a46a71751cc6bb79c98e449ad9618a7ca5ad6278	26870b97fe8191fd5b17d23209868761	2025-12-06 10:00:00	2025-12-12 10:30:00	2025-12-06 09:50:00	2025-12-12 10:30:00	2025-12-06 09:50:00	2025-12-12 10:30:00	8681	924134	05a06cd70ed6712500dc27690a36864cbd388559711c55deaf851df775ceb701
Batch18_DGRP	Monitor50.txt	Batch18_DGRP/Monitor50.txt	78702364	734598	0	7652ada024a0cc42f2fc1e6c26c32eab93e99db49d9265951a1d34f505aa6e5e	dd98ccc8f127bc03059c0704ea67024e	2025-12-06 10:00:00	2025-12-12 10:30:00	2025-12-06 09:50:00	2025-12-12 10:30:00	2025-12-06 09:50:00	2025-12-12 10:30:00	8681	924278	6940e443f9ed92576ea2bc087f201a2562b283b3a773086e6e0921c5d21d9e22
Batch18_DGRP	Monitor51.txt	Batch18_DGRP/Monitor51.txt	78610215	734598	0	a13fc16390374c2a174d80e80de7e88133f31aaa5c52a46f157275bc40d1ed8b	c0f1a84b42ce1ec54e5cd80aa37f8583	2025-12-06 10:00:00	2025-12-12 10:30:00	2025-12-06 09:50:00	2025-12-12 10:30:00	2025-12-06 09:50:00	2025-12-12 10:30:00	8681	924462	0df648bb82f28cf357618620195ff20803ac2713e46df32a6fc2f246dc931a5e
Batch18_DGRP	Monitor52.txt	Batch18_DGRP/Monitor52.txt	78574358	734598	0	cdf98fbcfa84a0f08d23d7e1926d158f27d102fcf2c5da3f3fc4ea7a01f8c5c8	94c8ef1ac47ff2f91e5813a48b3c03da	2025-12-06 10:00:00	2025-12-12 10:30:00	2025-12-06 09:50:00	2025-12-12 10:30:00	2025-12-06 09:50:00	2025-12-12 10:30:00	8681	924233	bed7fcc4f4395ef76730bddc94263193f0a9ee97486078ec048f327f4fe9812a
Batch18_DGRP	Monitor53.txt	Batch18_DGRP/Monitor53.txt	78578525	734598	0	a6b51db58ef3024a02151de284eb96dfc756bfd8607ce1efceea7dc5b49549f7	ce4dc3cbd554c9c98952de5ce8b9273f	2025-12-06 10:00:00	2025-12-12 10:30:00	2025-12-06 09:50:00	2025-12-12 10:30:00	2025-12-06 09:50:00	2025-12-12 10:30:00	8681	924069	baa7e314f0001b81b045d3d9850cd5f46b8f104c392baeeba3a4f323771afbb1
Batch18_DGRP	Monitor54.txt	Batch18_DGRP/Monitor54.txt	78626659	734598	0	8db324d6d9503d5d703a97c454fd49e2d5b9f641f19db06ed0f7154b884586c8	9669f7a81663e695d6756a3e4f5b7ad0	2025-12-06 10:00:00	2025-12-12 10:30:00	2025-12-06 09:50:00	2025-12-12 10:30:00	2025-12-06 09:50:00	2025-12-12 10:30:00	8681	924210	4c61675d263469400f9fb1637558e131c958ca9c3d78362e75963f34b220445d
Batch18_DGRP	Monitor55.txt	Batch18_DGRP/Monitor55.txt	78647200	734598	0	784fa1c2991d6919e7d9a8b30477c98b7a83f2d18ba361adf11922448b83cd9f	c90e502869bd412d27c74ae6574d8f25	2025-12-06 10:00:00	2025-12-12 10:30:00	2025-12-06 09:50:00	2025-12-12 10:30:00	2025-12-06 09:50:00	2025-12-12 10:30:00	8681	924022	a0655f600bbc580182cb5ca51f28887d7b5a0070b5d754236726dda3d056e7f2
Batch18_DGRP	Monitor58.txt	Batch18_DGRP/Monitor58.txt	78605070	734598	0	09ff02329fc290e4093a3e02fe10ba4eb993d7e7976906520da6803cace5b4e3	57adda331aa1e3d826a3b08c4bbb8861	2025-12-06 10:00:00	2025-12-12 10:30:00	2025-12-06 09:50:00	2025-12-12 10:30:00	2025-12-06 09:50:00	2025-12-12 10:30:00	8681	924043	456185b71b2a2ab448d6358f997ff2d1063e247f0bd9c24d592bd14ad1b502a7
Batch19_DGRP	Monitor23.txt	Batch19_DGRP/Monitor23.txt	78679520	734598	0	8b366fd61e53c8f96c3741e638f5ad4d6bb1921f1a0e3daf3d172e360ba3fe55	3523780901975028a8698cdfc96799f4	2025-12-13 10:00:00	2025-12-19 10:30:00	2025-12-13 09:50:00	2025-12-19 10:30:00	2025-12-13 09:50:00	2025-12-19 10:30:00	8681	932848	8a8be8a01ac980aee509c8b111ef64272dc7c5493655e56637c82fb6616bb7a6
Batch19_DGRP	Monitor24.txt	Batch19_DGRP/Monitor24.txt	78676907	734598	0	5e75e1f8f62f13a668c7e9151bdc3d2707f7e769fb5767d4c3740961135b2585	aefcbf96e4335b60b3b73b61d24f8f2d	2025-12-13 10:00:00	2025-12-19 10:30:00	2025-12-13 09:50:00	2025-12-19 10:30:00	2025-12-13 09:50:00	2025-12-19 10:30:00	8681	929890	75c7ba9627c9fcd0cca9dfafb5d982d0e3b71cff1162d8e4144867697c8a8711
Batch19_DGRP	Monitor25.txt	Batch19_DGRP/Monitor25.txt	78634104	734598	0	ec9f2c0e8de7c62765919c140ccedfbed83973413cd1c4bd2a5927541cdf3451	3f071cdfcba23a7f68cf6e4d28f1a29e	2025-12-13 10:00:00	2025-12-19 10:30:00	2025-12-13 09:50:00	2025-12-19 10:30:00	2025-12-13 09:50:00	2025-12-19 10:30:00	8681	930704	9b6945f76c10338b1becc2055392f52aa2c6c39a36e257a6215b128d8456fec4
Batch19_DGRP	Monitor26.txt	Batch19_DGRP/Monitor26.txt	78687958	734598	0	ef03265cee1536e62557c72b00034bd109574122084d81bdc63be7fb64103712	d6f3d57e3ff54124ae6d781672540126	2025-12-13 10:00:00	2025-12-19 10:30:00	2025-12-13 09:50:00	2025-12-19 10:30:00	2025-12-13 09:50:00	2025-12-19 10:30:00	8681	930398	04f98c0a457a732449fbb3ae728eeed5cd2e6ce33870e354973b64c4e4527b37
Batch19_DGRP	Monitor27.txt	Batch19_DGRP/Monitor27.txt	78740179	734598	0	220485de455d75ab067e85143af3c07ac4d81dd6bd80cfe7b3de58194a5dcdcc	ee117ba259866b10c32a2f08a5f43217	2025-12-13 10:00:00	2025-12-19 10:30:00	2025-12-13 09:50:00	2025-12-19 10:30:00	2025-12-13 09:50:00	2025-12-19 10:30:00	8681	929685	24ad0b52f3ef30d1a598ba74d83c8c0b14229fbfb94ef5aa6004219d56da3a99
Batch19_DGRP	Monitor28.txt	Batch19_DGRP/Monitor28.txt	78636330	734598	0	9cd40baed3ff177381fe9a47cb1b9502eaac4111d4bf22960b11f8dbd95630ef	342accc8054ae414204cbbf2a56c94d7	2025-12-13 10:00:00	2025-12-19 10:30:00	2025-12-13 09:50:00	2025-12-19 10:30:00	2025-12-13 09:50:00	2025-12-19 10:30:00	8681	929386	7333688b7f20b42fdb280ed4d6ccf6576f49e6617b76117da9c96f26b6e21532
Batch19_DGRP	Monitor29.txt	Batch19_DGRP/Monitor29.txt	78646945	734598	0	d882af53095860709cf49082cabb2f66c0466c96c8e80ece5816b13fbbf32325	a64f2126d1eb7fed3c181300f2318524	2025-12-13 10:00:00	2025-12-19 10:30:00	2025-12-13 09:50:00	2025-12-19 10:30:00	2025-12-13 09:50:00	2025-12-19 10:30:00	8681	930428	f7edaa3c434e484bca8608357d777f2cd888f6be25ae2317d922619604636b75
Batch19_DGRP	Monitor30.txt	Batch19_DGRP/Monitor30.txt	78657705	734598	0	c9bc99e45551dfc84bbb45de091da9bfd23e655963dfa21ef6c635a6fa89c639	8af04a1f08b0fb987f0c763188bb8354	2025-12-13 10:00:00	2025-12-19 10:30:00	2025-12-13 09:50:00	2025-12-19 10:30:00	2025-12-13 09:50:00	2025-12-19 10:30:00	8681	929772	d3dbcbea9fe4e71e708cf996dc7809b2e7530e55cd24ae0e572ddd3e6ca41a37
Batch19_DGRP	Monitor31.txt	Batch19_DGRP/Monitor31.txt	78711402	734598	0	aeffebb34a28ed8da058d79789df3f294a08cf8da3bb79dfba40e538a280d501	21cdd284cf603dceed7babf088cb72ad	2025-12-13 10:00:00	2025-12-19 10:30:00	2025-12-13 09:50:00	2025-12-19 10:30:00	2025-12-13 09:50:00	2025-12-19 10:30:00	8681	929627	6c32e2805c8c8847ea6b5964ed04b2dc99d4e62cf5c09091d760121826124ad4
Batch19_DGRP	Monitor32.txt	Batch19_DGRP/Monitor32.txt	78835852	734598	0	a8d451299ce41fd04bc016c72a981bc2a75effad01269bfea2cd16a151884e4a	3f00d4e2110fc8e79fa1ab8fcd8442a1	2025-12-13 10:00:00	2025-12-19 10:30:00	2025-12-13 09:50:00	2025-12-19 10:30:00	2025-12-13 09:50:00	2025-12-19 10:30:00	8681	930912	6c3fa2f1bfdc8757052bdb240eaae7601885620356bc5984df506b0df4d897dc
Batch19_DGRP	Monitor33.txt	Batch19_DGRP/Monitor33.txt	78714417	734598	0	d47b461ed3ac62e57f6e89cf0249fe5920d1077e6e9c3ff75450b8de1feab521	963c4e1d8a48b88f3790c407f1805c96	2025-12-13 10:00:00	2025-12-19 10:30:00	2025-12-13 09:50:00	2025-12-19 10:30:00	2025-12-13 09:50:00	2025-12-19 10:30:00	8681	929442	f6c322027fcea534aee5283a9a82f88efa2d7b01acf13bb6312d1761334e8e97
Batch19_DGRP	Monitor34.txt	Batch19_DGRP/Monitor34.txt	78672386	734598	0	2aea6bad6b65bd9ff0a2633fd82b85d55afec3a11115e4538258de0f9e722bf7	ca1d22a24390175afb301c4f3b3523b2	2025-12-13 10:00:00	2025-12-19 10:30:00	2025-12-13 09:50:00	2025-12-19 10:30:00	2025-12-13 09:50:00	2025-12-19 10:30:00	8681	930510	78825ad68571598d8d28a9112e22b1c53a7fdb9733d4bb4bf84fbbaeb123edd6
Batch19_DGRP	Monitor35.txt	Batch19_DGRP/Monitor35.txt	78690511	734598	0	75ef629def72033eddc1c4d374322041e0501d7ef72edc5e51f936dfb13e4eba	c3be726174d2db37f64b8477b053e8a0	2025-12-13 10:00:00	2025-12-19 10:30:00	2025-12-13 09:50:00	2025-12-19 10:30:00	2025-12-13 09:50:00	2025-12-19 10:30:00	8681	933465	28502465e702928a1df755ec7101cb44ada9f64359b2039ab67d6c4d17dadb33
Batch1_DGRP	Monitor10.txt	Batch1_DGRP/Monitor10.txt	54953615	513091	0	67f147cb7b38d6118b0902eab87bcc095f6d8f2624c681dbad942a65d75bd954	416a78dbf969beb7df49f578a61648d8	2025-07-11 10:00:00	2025-07-17 11:59:00	2025-07-11 09:50:00	2025-07-17 11:59:00	2025-07-11 09:50:00	2025-07-17 11:59:00	8770	939062	fed840257d93e09ea5097beab5af0c90c558a0ff43b71d2290ec66a6e2d185a4
Batch1_DGRP	Monitor5.txt	Batch1_DGRP/Monitor5.txt	54478309	513091	0	661fb161e136f2594dfdbcc450489152b08f4ba9e7613b22f2b74941374625d2	bef182c4a89f5379af91ce9562ef70d8	2025-07-11 10:00:00	2025-07-17 11:59:00	2025-07-11 09:50:00	2025-07-17 11:59:00	2025-07-11 09:50:00	2025-07-17 11:59:00	8770	930147	941b968f2feb96811a400a43304361538681667b775dcdd3dd3ee19e6d8dd5f2
Batch1_DGRP	Monitor50.txt	Batch1_DGRP/Monitor50.txt	55084674	513090	0	75daf3b61140e128777fa9250be669c565b3ced723e98f4c23c15f7583f257a4	76aed0d9f0ddb81c77098c4b7f53638a	2025-07-11 10:00:00	2025-07-17 11:59:00	2025-07-11 09:50:00	2025-07-17 11:59:00	2025-07-11 09:50:00	2025-07-17 11:59:00	8770	939391	170a1348468d8a9debfcbe410b5bb809c4cd3ae958fee95e5c484e5dfeaebfc1
Batch1_DGRP	Monitor51.txt	Batch1_DGRP/Monitor51.txt	54969513	513090	0	198ba3e9b7a3abfd0c10f072cfde994e00ae21306ed44d0506f53a280d457e20	f8c70a309b4aab6673dd03cbfccd0daf	2025-07-11 10:00:00	2025-07-17 11:59:00	2025-07-11 09:50:00	2025-07-17 11:59:00	2025-07-11 09:50:00	2025-07-17 11:59:00	8770	938857	a8d33ce78459687670602aee1f7e6d0264c74bee26ae66e639e13a5ceb89cb4f
Batch1_DGRP	Monitor52.txt	Batch1_DGRP/Monitor52.txt	54954422	513090	0	33a799b07f4aedd47442109b4c1447b0358e8917d9a00314a8d6219f9f4cb176	5b650975638c8e0d299344eb2650564c	2025-07-11 10:00:00	2025-07-17 11:59:00	2025-07-11 09:50:00	2025-07-17 11:59:00	2025-07-11 09:50:00	2025-07-17 11:59:00	8770	938976	39ba41114035cf8ac9a9e602a0710c65887880560159c3eed2b7f07aa4097711
Batch1_DGRP	Monitor53.txt	Batch1_DGRP/Monitor53.txt	54918267	513090	0	bd14886b3c4478d11405fbf5f61cd3dc816c8965a3a795199d06c9b248b96e1c	f0fca0d9168776e87bc3e3590858e4dc	2025-07-11 10:00:00	2025-07-17 11:59:00	2025-07-11 09:50:00	2025-07-17 11:59:00	2025-07-11 09:50:00	2025-07-17 11:59:00	8770	938988	622c478cbb4965a9b6baa7f47edb0e0dbc4dd844fdd0bbb0c73340f58ba6082b
Batch1_DGRP	Monitor54.txt	Batch1_DGRP/Monitor54.txt	54952494	513090	0	a6196e37acc76a84b606954f098cc4b4f69a7ba6b8f8efe9918f5f3c66237517	667bac6fe3224b7912d9e68e840f2e50	2025-07-11 10:00:00	2025-07-17 11:59:00	2025-07-11 09:50:00	2025-07-17 11:59:00	2025-07-11 09:50:00	2025-07-17 11:59:00	8770	938944	8785485f66620d3e2b34fbdf58c95bd4f39c6f0a851d749451350cdc13841ece
Batch1_DGRP	Monitor6.txt	Batch1_DGRP/Monitor6.txt	54447424	513091	0	7f7cdc5786a8efffa8c7aac94282d0d6dfb34f673c18c1c319d967ac9dc466aa	300d9c5db332cbbba32464836978b01a	2025-07-11 10:00:00	2025-07-17 11:59:00	2025-07-11 09:50:00	2025-07-17 11:59:00	2025-07-11 09:50:00	2025-07-17 11:59:00	8770	930309	fff72328c3982f635f0c71185903334804eecf94c2f75e8b8fccf18c54eba52f
Batch1_DGRP	Monitor7.txt	Batch1_DGRP/Monitor7.txt	54483214	513091	0	173cfcdee2ca507243d1324a670f6763abd5fbda1020f2cd4479481700cccc6c	c97edd832e0137d7513697e49094c9ab	2025-07-11 10:00:00	2025-07-17 11:59:00	2025-07-11 09:50:00	2025-07-17 11:59:00	2025-07-11 09:50:00	2025-07-17 11:59:00	8770	930262	3cdabd979afed4740a51374b1a648b1c1b0a6115c5613ba14c9fae3c68584fd9
Batch1_DGRP	Monitor8.txt	Batch1_DGRP/Monitor8.txt	54471641	513091	0	3f5897fea31c7c31ff8647342ade09df86c18af5042af35980115794eb368eb9	d4e3ae6d8ea462d4937c0bc984da74d8	2025-07-11 10:00:00	2025-07-17 11:59:00	2025-07-11 09:50:00	2025-07-17 11:59:00	2025-07-11 09:50:00	2025-07-17 11:59:00	8770	930134	ef0937a5361323469c5139c3e09f3a2e6c82d083bae149afa4663d325c4f5721
Batch1_DGRP	Monitor9.txt	Batch1_DGRP/Monitor9.txt	54494327	513091	0	e8a6d36200e17fa228e108f67ce15b24788be7217beea05c2be3a3d48ed6b40c	e493dc0b14892e72994846cf597d84e7	2025-07-11 10:00:00	2025-07-17 11:59:00	2025-07-11 09:50:00	2025-07-17 11:59:00	2025-07-11 09:50:00	2025-07-17 11:59:00	8770	930628	1d11708b43e6684d2a526c003fdedf54912e39b17885aaa01eea514545647513
Batch20_DGRP	Monitor44.txt	Batch20_DGRP/Monitor44.txt	81486534	760430	0	f7d9f3318d2ac24204382052f253b6b80015738c4df8edd6d9a05ac99f6af9aa	ff5637efd445b2cb3095f3b465956d87	2025-12-20 10:00:00	2025-12-26 10:30:00	2025-12-20 09:50:00	2025-12-26 10:30:00	2025-12-20 09:50:00	2025-12-26 10:30:00	8681	929037	747e866b3bf67d75ed5efd6803c7d1f8764be3dcdec0e468e4ef7d924bbb1307
Batch20_DGRP	Monitor45.txt	Batch20_DGRP/Monitor45.txt	81450391	760430	0	80876f3531e9469262396b40b9ecaca0754cd3f4e75b9a4ac437acee9aee7565	a21b9ee343f1f3e6b41641755a420b59	2025-12-20 10:00:00	2025-12-26 10:30:00	2025-12-20 09:50:00	2025-12-26 10:30:00	2025-12-20 09:50:00	2025-12-26 10:30:00	8681	931925	89a9d0d3a7ab1e04c88ccc4180813878d13eecc66814d84ee59d5e14a49d29ed
Batch20_DGRP	Monitor46.txt	Batch20_DGRP/Monitor46.txt	81554592	760430	0	dc165b2b755be32e0eefbb331224fbd6186135be8a1e4df30830cc588da1eae5	53d344c0dc39a822af0c373bbfa5a549	2025-12-20 10:00:00	2025-12-26 10:30:00	2025-12-20 09:50:00	2025-12-26 10:30:00	2025-12-20 09:50:00	2025-12-26 10:30:00	8681	931113	bfebf44231195205cbd34aba072514b98ba6d8b143ec48ce63f2b74b9aa22820
Batch20_DGRP	Monitor47.txt	Batch20_DGRP/Monitor47.txt	81677040	760430	0	db38be6eefe25d59e7cc87e9ed9b03d389fa8a6cdd5b01a7f042a9800893f6f3	109672ba8f26ae1b414e78b84f7b4fb3	2025-12-20 10:00:00	2025-12-26 10:30:00	2025-12-20 09:50:00	2025-12-26 10:30:00	2025-12-20 09:50:00	2025-12-26 10:30:00	8681	931608	180c445c956b6cb58ead85319aaa629a20b61a55296d2b70b9a85f909e114d13
Batch20_DGRP	Monitor48.txt	Batch20_DGRP/Monitor48.txt	81483608	760430	0	83c687950aa6ded1b5e0074d675eb7c2813d5edad31f8498bbc590437600557b	014cd559ad8865d75628ba3725298fc2	2025-12-20 10:00:00	2025-12-26 10:30:00	2025-12-20 09:50:00	2025-12-26 10:30:00	2025-12-20 09:50:00	2025-12-26 10:30:00	8681	931946	d910de3c5c6382792b03a57ae8363f9e219137cf36f025ffd70f35242abb78eb
Batch20_DGRP	Monitor49.txt	Batch20_DGRP/Monitor49.txt	81518102	760430	0	8441974ea22c74ec3e3c5cc24670c3ee740305f3cd1634cdb38123cfd2e0ade9	c4934ce2a5762de60352a1584972f677	2025-12-20 10:00:00	2025-12-26 10:30:00	2025-12-20 09:50:00	2025-12-26 10:30:00	2025-12-20 09:50:00	2025-12-26 10:30:00	8681	929475	e31988ba579a8474de35b77149d2b19b4565164b8b5bb4b171e69eb9455aabc8
Batch20_DGRP	Monitor50.txt	Batch20_DGRP/Monitor50.txt	81461713	760430	0	ecf80d7bf49a6f30aebdcba9f8ceb47dc7f3ebe07705b4ae82b8b62146e1fcc0	af0d918219e8db9860b85163f23718e1	2025-12-20 10:00:00	2025-12-26 10:30:00	2025-12-20 09:50:00	2025-12-26 10:30:00	2025-12-20 09:50:00	2025-12-26 10:30:00	8681	930052	0720ab9b638c392517701f9b341f93d2461826626cf0dd71226c5118c357a505
Batch20_DGRP	Monitor51.txt	Batch20_DGRP/Monitor51.txt	81367651	760430	0	d73c033ec4a749db70eda56e2a50f06513cf683415d009a67aa1b62536907a6d	e47a8eb54f631bbe75687a59674455de	2025-12-20 10:00:00	2025-12-26 10:30:00	2025-12-20 09:50:00	2025-12-26 10:30:00	2025-12-20 09:50:00	2025-12-26 10:30:00	8681	929419	3c76678947216f6910d174fe0d113e11d26cc6e682d232123012b298252683b5
Batch20_DGRP	Monitor52.txt	Batch20_DGRP/Monitor52.txt	81332905	760430	0	90b7a78196d33ee223091c9ebcbc195ff13709b8a5d8247333ba6ed9f295f7d1	2caa7d68ba78aa5962f8ccbd5e9df269	2025-12-20 10:00:00	2025-12-26 10:30:00	2025-12-20 09:50:00	2025-12-26 10:30:00	2025-12-20 09:50:00	2025-12-26 10:30:00	8681	929815	d2c33f9956ae8ee8ee71fc4fe3defcf406bfcbb4c8e31ab1a617b0a074a2a02a
Batch20_DGRP	Monitor53.txt	Batch20_DGRP/Monitor53.txt	81336222	760430	0	0952731629a1554e31a933e854a9fac8797cdb0d525e88e172a80d8e2dfeec09	e051dc9ade1dcccaa004f33d0390e0bf	2025-12-20 10:00:00	2025-12-26 10:30:00	2025-12-20 09:50:00	2025-12-26 10:30:00	2025-12-20 09:50:00	2025-12-26 10:30:00	8681	929759	2ddbf89494077cdc4443d38a9fd4998af0e54108e47da6906db7b0f1d24a44a5
Batch20_DGRP	Monitor54.txt	Batch20_DGRP/Monitor54.txt	81384095	760430	0	63b67e01bc2ba4dd1d1448979d6731c2a01f2b3b12483fb02c0b9356dbe8ea25	634340610ebc9cb6613dfce51c30015c	2025-12-20 10:00:00	2025-12-26 10:30:00	2025-12-20 09:50:00	2025-12-26 10:30:00	2025-12-20 09:50:00	2025-12-26 10:30:00	8681	929715	915603cee3bdcf0ae187315abfce7b123e2e19a6e1030691045861e913ab3898
Batch20_DGRP	Monitor55.txt	Batch20_DGRP/Monitor55.txt	81406704	760430	0	bf6a5ff193d7db84ee3a85cef5c2b6a6a0e2e59cc47304ea9b03c33eefdd4c04	07575419f84349cef2617f61720c83db	2025-12-20 10:00:00	2025-12-26 10:30:00	2025-12-20 09:50:00	2025-12-26 10:30:00	2025-12-20 09:50:00	2025-12-26 10:30:00	8681	930544	bbb30cd652d576e7e43e03512fdfdde38b7723ac470fbc51527793f1902e2710
Batch21_DGRP	Monitor44.txt	Batch21_DGRP/Monitor44.txt	89815198	838281	0	f0d1193737f145f001ae6d8b63015272ee2e31de8b5e3e35f3586f4dc6e79e0f	a6af03a9bdd4450deac1c61bb9d8cbfb	2026-01-17 10:00:00	2026-01-23 10:30:00	2026-01-17 09:50:00	2026-01-23 10:30:00	2026-01-17 09:50:00	2026-01-23 10:30:00	8680	930554	2f3ea244a403424caec569af54c5a10febd7d444766ea9220a311d74b50b2f25
Batch21_DGRP	Monitor45.txt	Batch21_DGRP/Monitor45.txt	89799065	838281	0	791ced82c511dda161b55e79cdbe19e292a20c4a82b5cda08f0ab919432ae047	6fab84154fd76f470d9d914ebc847dba	2026-01-17 10:00:00	2026-01-23 10:30:00	2026-01-17 09:50:00	2026-01-23 10:30:00	2026-01-17 09:50:00	2026-01-23 10:30:00	8680	932347	5d3bc5a2ed0e76d91c511502ac88414eed9b11f34a6b0abdaded2199c3d165f0
Batch21_DGRP	Monitor46.txt	Batch21_DGRP/Monitor46.txt	89897021	838281	0	2323b6d9b181d9d05b960767794126c5ac246e23443afad78edd99d9889f137c	5d7cde16aa6e5703a5b3970a5cba0ac4	2026-01-17 10:00:00	2026-01-23 10:30:00	2026-01-17 09:50:00	2026-01-23 10:30:00	2026-01-17 09:50:00	2026-01-23 10:30:00	8680	930096	b727412828b714f29683c1ffd86f8bda368bd29666c3dae6a7356ad4115448f2
Batch21_DGRP	Monitor47.txt	Batch21_DGRP/Monitor47.txt	90016234	838281	0	6e9c33537b3746c02465451b4097d5ae4618c07c631effa1a55711c742a9bbc8	5bdd4364ef8e6da23e2aa8f296c9cb62	2026-01-17 10:00:00	2026-01-23 10:30:00	2026-01-17 09:50:00	2026-01-23 10:30:00	2026-01-17 09:50:00	2026-01-23 10:30:00	8680	929638	68d5b5d964f97c6b70da4a62f15aa9e83eb9f20c07eee09c8e0a1c81b1dd1b2b
Batch21_DGRP	Monitor48.txt	Batch21_DGRP/Monitor48.txt	89801029	838281	0	f0ddd78053768f943be7c4d5d004de6cbc88b4f409a8e53572d812b18e2f46d1	43ce654222b218e86ab1cad7b4d56095	2026-01-17 10:00:00	2026-01-23 10:30:00	2026-01-17 09:50:00	2026-01-23 10:30:00	2026-01-17 09:50:00	2026-01-23 10:30:00	8680	929274	5cda3f1413bc65ba7d66dfb6c36e6bf2a98bb1f329f9de70c72e5f1c80ab7746
Batch21_DGRP	Monitor49.txt	Batch21_DGRP/Monitor49.txt	89840264	838281	0	ba29750e58dcd4816a2540259c9160814cd08d11050930571d7c0427438f65fa	03146bcad859648d880b60f6d3a8cb38	2026-01-17 10:00:00	2026-01-23 10:30:00	2026-01-17 09:50:00	2026-01-23 10:30:00	2026-01-17 09:50:00	2026-01-23 10:30:00	8680	929492	392e5d1e73568cbb27f2b859d91eee2978e50ac3b4a4a0cfd3376e8714bdf6fd
Batch21_DGRP	Monitor50.txt	Batch21_DGRP/Monitor50.txt	89796116	838281	0	7d51ec8d25ee10716ec2100cb034c0134eb7ebbb5f255540ed5d882091b61104	e646c03203233c237f4bdc677c230d4f	2026-01-17 10:00:00	2026-01-23 10:30:00	2026-01-17 09:50:00	2026-01-23 10:30:00	2026-01-17 09:50:00	2026-01-23 10:30:00	8680	929124	a1be001a3aebe357c2237a79a5dd107999e6870841e14204771ae61a4e793eaa
Batch21_DGRP	Monitor51.txt	Batch21_DGRP/Monitor51.txt	89708090	838281	0	1d78d342520960428b59271f21a492b19c1ede218e99d81ffd2bf76f41aa490f	595532a212852eb31f03c07fdcdf52ab	2026-01-17 10:00:00	2026-01-23 10:30:00	2026-01-17 09:50:00	2026-01-23 10:30:00	2026-01-17 09:50:00	2026-01-23 10:30:00	8680	929165	2a427abe157e49391ff0a7644bfdf3ea6d75e34a067137153cf08c193e7f4882
Batch22_DGRP	Monitor37.txt	Batch22_DGRP/Monitor37.txt	90062613	838281	0	c4939afed39262c5f5805b563652aaad9d62a08d0525d31228b186bad27f133a	13e56abfc2ee7c807dc64f55979a2c62	2026-01-24 10:00:00	2026-01-30 10:30:00	2026-01-24 09:50:00	2026-01-30 10:30:00	2026-01-24 09:50:00	2026-01-30 10:30:00	8681	931016	eebda18f0208333d7a56d9818ec2b8a4d8d177612aaaa677328cf6b116e0abcd
Batch22_DGRP	Monitor38.txt	Batch22_DGRP/Monitor38.txt	89896187	838281	0	97f7bed01c9fbceb096cc47b8607a331f3a05532bfb9d73240b87349e0a8f15d	01210334db759245bff023b82f8a08b3	2026-01-24 10:00:00	2026-01-30 10:30:00	2026-01-24 09:50:00	2026-01-30 10:30:00	2026-01-24 09:50:00	2026-01-30 10:30:00	8681	929350	24da1c805146dae7740a032df0e16e38f3342f76462c8f30baa21a7c4ae82d51
Batch22_DGRP	Monitor39.txt	Batch22_DGRP/Monitor39.txt	89804267	838281	0	4f0476aae8ae63362f2a5fe4506b7daea63f7a0583f90d0cb353df9d3e8c51ce	5c49a6d15f17037daec71fb329380397	2026-01-24 10:00:00	2026-01-30 10:30:00	2026-01-24 09:50:00	2026-01-30 10:30:00	2026-01-24 09:50:00	2026-01-30 10:30:00	8681	933300	b639583d470885e31d0c52670f896cf76471c8e8b7e69f34c3d95f9e14a83548
Batch22_DGRP	Monitor40.txt	Batch22_DGRP/Monitor40.txt	89787610	838281	0	c8df259a838d6b5ca19e6fc68c03bf1987441cebfdd58c404f1c71467e400fda	0e59ee15159c6da2a5252cc68ef3a845	2026-01-24 10:00:00	2026-01-30 10:30:00	2026-01-24 09:50:00	2026-01-30 10:30:00	2026-01-24 09:50:00	2026-01-30 10:30:00	8681	930055	0f019ab6c45837e2f23358177897ed9c401a3326019bfccf3090ddb79623c620
Batch22_DGRP	Monitor41.txt	Batch22_DGRP/Monitor41.txt	89861304	838281	0	2469283bd7511ea7b6a78aa2faf687bb86c7fa7f08eeb0658ead045843d6f17c	e52bf488dbe4212de23fb5bd825ce1ee	2026-01-24 10:00:00	2026-01-30 10:30:00	2026-01-24 09:50:00	2026-01-30 10:30:00	2026-01-24 09:50:00	2026-01-30 10:30:00	8681	930231	217181c0ccc61ef33137c6a8183595f56d74829d6296cead4a4eab9d1117f5b4
Batch22_DGRP	Monitor42.txt	Batch22_DGRP/Monitor42.txt	89758100	838281	0	a93eebfad1565e4ca7084dd950bc6d1f1c6ce2963d2bb104260a02d6aad6c390	6150458ef26597dd530c8def3250512c	2026-01-24 10:00:00	2026-01-30 10:30:00	2026-01-24 09:50:00	2026-01-30 10:30:00	2026-01-24 09:50:00	2026-01-30 10:30:00	8681	929426	7b307a93f8404004154cde1e9cc1bd675023c45444c3cb7917218cf6e2b85756
Batch22_DGRP	Monitor52.txt	Batch22_DGRP/Monitor52.txt	89686483	838281	0	fb754c35c52708f9bd65867a92ada5e5812fdc51ff0763fe548b2b6752964ade	ce03f0c2f73e85a1f7d2e53514c74c0b	2026-01-24 10:00:00	2026-01-30 10:30:00	2026-01-24 09:50:00	2026-01-30 10:30:00	2026-01-24 09:50:00	2026-01-30 10:30:00	8681	930100	4d52416012cb4583103cb80658f0724913b2655e9c2419a2f7e93a737865cfc0
Batch22_DGRP	Monitor53.txt	Batch22_DGRP/Monitor53.txt	89673626	838281	0	e92a4def87ffad79d9359c79468742bcc32987d1660662ac6b9fd33bad02fcf4	06edc797f87eb166eca2f296658bb39e	2026-01-24 10:00:00	2026-01-30 10:30:00	2026-01-24 09:50:00	2026-01-30 10:30:00	2026-01-24 09:50:00	2026-01-30 10:30:00	8681	931275	7245ad21a56621ef88669870700b88c18e17d5d2f902d182065d820deab8476d
Batch22_DGRP	Monitor54.txt	Batch22_DGRP/Monitor54.txt	89736480	838281	0	546af220175d3e41774049796c0a74b90037339237e7123931b17f1502591c2f	b7f964393c5f82ce3ec8fc1b00476414	2026-01-24 10:00:00	2026-01-30 10:30:00	2026-01-24 09:50:00	2026-01-30 10:30:00	2026-01-24 09:50:00	2026-01-30 10:30:00	8681	929480	d5c6d43ea3ca68d05c8d61f3fb9258f1f21924e5e799742a2aefb8cfc37951ca
Batch22_DGRP	Monitor55.txt	Batch22_DGRP/Monitor55.txt	89749594	838281	0	91b090e933136089c4d419ec3e8664d0bb6372b129431b085f261a52f1c309f5	68853a89099c45e278dd017483a8be1f	2026-01-24 10:00:00	2026-01-30 10:30:00	2026-01-24 09:50:00	2026-01-30 10:30:00	2026-01-24 09:50:00	2026-01-30 10:30:00	8681	929903	82853e3a9441dc6bd9ad23d5ba1baeba6dfd71e4ac57df8db6f7df3a87f632ce
Batch22_DGRP	Monitor58.txt	Batch22_DGRP/Monitor58.txt	89741916	838281	0	5c5dbfdff0a6004c652c1421c6a1c1f8d1fc24655fb8bd4fda4d58d5e360dc4c	8679ab7aa690467a729919d552df8ce4	2026-01-24 10:00:00	2026-01-30 10:30:00	2026-01-24 09:50:00	2026-01-30 10:30:00	2026-01-24 09:50:00	2026-01-30 10:30:00	8681	930701	ad879d06efe5bee443890f3339e2b534bcb1d382acdc3176bc513f713e96a4b3
Batch22_DGRP	Monitor59.txt	Batch22_DGRP/Monitor59.txt	89856975	838281	0	54d4782851545a1bede6604d08d568db57fb9eda43aab58f320c78fc84ddd157	0bf18a0501a34c0fe55403457f6df450	2026-01-24 10:00:00	2026-01-30 10:30:00	2026-01-24 09:50:00	2026-01-30 10:30:00	2026-01-24 09:50:00	2026-01-30 10:30:00	8681	929968	83871e263db42028969a8e94c3d2e0ecd65a605de8b295ea2acbfb89b5984fb9
Batch22_DGRP	Monitor60.txt	Batch22_DGRP/Monitor60.txt	89842893	838281	0	7a714c6081561ed63a217f44a04b23f9adc08041a1ea6d1244cc9a3cb58aa0b1	00c6e9048d5c3d2a20da4fd8cae222d1	2026-01-24 10:00:00	2026-01-30 10:30:00	2026-01-24 09:50:00	2026-01-30 10:30:00	2026-01-24 09:50:00	2026-01-30 10:30:00	8681	930146	f0446363b4d300993badc59b788993aa5a1cce51d7754a32f24e5e39307a669e
Batch23_DGRP	Monitor45.txt	Batch23_DGRP/Monitor45.txt	89799065	838281	0	791ced82c511dda161b55e79cdbe19e292a20c4a82b5cda08f0ab919432ae047	6fab84154fd76f470d9d914ebc847dba	2026-01-31 10:00:00	2026-02-06 10:30:00	2026-01-31 09:50:00	2026-02-06 10:30:00	2026-01-31 09:50:00	2026-02-06 10:30:00	8681	922263	04e33bea2bc01708a5a431aec91fceb3ccc7aa5dbaf6b0d71826024b6c89031d
Batch23_DGRP	Monitor46.txt	Batch23_DGRP/Monitor46.txt	89897021	838281	0	2323b6d9b181d9d05b960767794126c5ac246e23443afad78edd99d9889f137c	5d7cde16aa6e5703a5b3970a5cba0ac4	2026-01-31 10:00:00	2026-02-06 10:30:00	2026-01-31 09:50:00	2026-02-06 10:30:00	2026-01-31 09:50:00	2026-02-06 10:30:00	8681	921441	074f2072c0cf6d0158f060e957b573533088f16feb72708c906a47569861e2f0
Batch23_DGRP	Monitor47.txt	Batch23_DGRP/Monitor47.txt	90016234	838281	0	6e9c33537b3746c02465451b4097d5ae4618c07c631effa1a55711c742a9bbc8	5bdd4364ef8e6da23e2aa8f296c9cb62	2026-01-31 10:00:00	2026-02-06 10:30:00	2026-01-31 09:50:00	2026-02-06 10:30:00	2026-01-31 09:50:00	2026-02-06 10:30:00	8681	923091	5e58480039a0e23aa416d49952c84c941e780b1fd70ae79d593e8c20f1914d98
Batch23_DGRP	Monitor48.txt	Batch23_DGRP/Monitor48.txt	89801029	838281	0	f0ddd78053768f943be7c4d5d004de6cbc88b4f409a8e53572d812b18e2f46d1	43ce654222b218e86ab1cad7b4d56095	2026-01-31 10:00:00	2026-02-06 10:30:00	2026-01-31 09:50:00	2026-02-06 10:30:00	2026-01-31 09:50:00	2026-02-06 10:30:00	8681	921612	edec3333348cc981e57bc8ca58ebb1f35302469d897d4e3307f18ed1c0834976
Batch23_DGRP	Monitor49.txt	Batch23_DGRP/Monitor49.txt	89840264	838281	0	ba29750e58dcd4816a2540259c9160814cd08d11050930571d7c0427438f65fa	03146bcad859648d880b60f6d3a8cb38	2026-01-31 10:00:00	2026-02-06 10:30:00	2026-01-31 09:50:00	2026-02-06 10:30:00	2026-01-31 09:50:00	2026-02-06 10:30:00	8681	922921	2a023e17b03066e32426bc184fdb75370cd0d21e612536c9688838cc4c68d20b
Batch23_DGRP	Monitor50.txt	Batch23_DGRP/Monitor50.txt	89796116	838281	0	7d51ec8d25ee10716ec2100cb034c0134eb7ebbb5f255540ed5d882091b61104	e646c03203233c237f4bdc677c230d4f	2026-01-31 10:00:00	2026-02-06 10:30:00	2026-01-31 09:50:00	2026-02-06 10:30:00	2026-01-31 09:50:00	2026-02-06 10:30:00	8681	922056	4cb2aaf91c332f9d0644425b555d754e953e37f19f5988e32fab6521ad5b75ae
Batch23_DGRP	Monitor51.txt	Batch23_DGRP/Monitor51.txt	89708090	838281	0	1d78d342520960428b59271f21a492b19c1ede218e99d81ffd2bf76f41aa490f	595532a212852eb31f03c07fdcdf52ab	2026-01-31 10:00:00	2026-02-06 10:30:00	2026-01-31 09:50:00	2026-02-06 10:30:00	2026-01-31 09:50:00	2026-02-06 10:30:00	8681	922185	f4cd85acc1582842f7a5b8041ff752de4383b9286f5be3b10b21588b19cf463a
Batch23_DGRP	Monitor52.txt	Batch23_DGRP/Monitor52.txt	89686483	838281	0	fb754c35c52708f9bd65867a92ada5e5812fdc51ff0763fe548b2b6752964ade	ce03f0c2f73e85a1f7d2e53514c74c0b	2026-01-31 10:00:00	2026-02-06 10:30:00	2026-01-31 09:50:00	2026-02-06 10:30:00	2026-01-31 09:50:00	2026-02-06 10:30:00	8681	923765	3d53e5f3de1c318bc80c91552c0a3fbb5a7e3299bf13adf1170a3fc36dadf73a
Batch24_DGRP	Monitor37.txt	Batch24_DGRP/Monitor37.txt	90062613	838281	0	c4939afed39262c5f5805b563652aaad9d62a08d0525d31228b186bad27f133a	13e56abfc2ee7c807dc64f55979a2c62	2026-02-07 10:00:00	2026-02-13 10:30:00	2026-02-07 09:50:00	2026-02-13 10:30:00	2026-02-07 09:50:00	2026-02-13 10:30:00	8681	926963	96aeca8e77d360d6d1129ff57691940b3a3d0928965c8ad9b6811e25bb5f2d49
Batch24_DGRP	Monitor38.txt	Batch24_DGRP/Monitor38.txt	89896187	838281	0	97f7bed01c9fbceb096cc47b8607a331f3a05532bfb9d73240b87349e0a8f15d	01210334db759245bff023b82f8a08b3	2026-02-07 10:00:00	2026-02-13 10:30:00	2026-02-07 09:50:00	2026-02-13 10:30:00	2026-02-07 09:50:00	2026-02-13 10:30:00	8681	925695	4789dc689e52bdd8b6cc6bdd8d1cf1356e14495631bc870dd76887bd15d6ee2c
Batch24_DGRP	Monitor39.txt	Batch24_DGRP/Monitor39.txt	89804267	838281	0	4f0476aae8ae63362f2a5fe4506b7daea63f7a0583f90d0cb353df9d3e8c51ce	5c49a6d15f17037daec71fb329380397	2026-02-07 10:00:00	2026-02-13 10:30:00	2026-02-07 09:50:00	2026-02-13 10:30:00	2026-02-07 09:50:00	2026-02-13 10:30:00	8681	926158	3d7e7e9f2b184e9b4659df4b3a8f773e6759d0fe33047a70526c1728b3bf9aed
Batch24_DGRP	Monitor40.txt	Batch24_DGRP/Monitor40.txt	89787610	838281	0	c8df259a838d6b5ca19e6fc68c03bf1987441cebfdd58c404f1c71467e400fda	0e59ee15159c6da2a5252cc68ef3a845	2026-02-07 10:00:00	2026-02-13 10:30:00	2026-02-07 09:50:00	2026-02-13 10:30:00	2026-02-07 09:50:00	2026-02-13 10:30:00	8681	929687	00ad22edb68efdefa5bd2ac82dbd67b5667aa178b8be5eca72dac86430f7c74c
Batch24_DGRP	Monitor41.txt	Batch24_DGRP/Monitor41.txt	89861304	838281	0	2469283bd7511ea7b6a78aa2faf687bb86c7fa7f08eeb0658ead045843d6f17c	e52bf488dbe4212de23fb5bd825ce1ee	2026-02-07 10:00:00	2026-02-13 10:30:00	2026-02-07 09:50:00	2026-02-13 10:30:00	2026-02-07 09:50:00	2026-02-13 10:30:00	8681	926721	bda39ea2c300d14c311f19088efe54ba471a28b7197b3484f43088a8f3cfddb3
Batch24_DGRP	Monitor42.txt	Batch24_DGRP/Monitor42.txt	89758100	838281	0	a93eebfad1565e4ca7084dd950bc6d1f1c6ce2963d2bb104260a02d6aad6c390	6150458ef26597dd530c8def3250512c	2026-02-07 10:00:00	2026-02-13 10:30:00	2026-02-07 09:50:00	2026-02-13 10:30:00	2026-02-07 09:50:00	2026-02-13 10:30:00	8681	925679	0e8120c65d4324667484e8c2848722e70a6671b810c9e6b91827384410628ac0
Batch24_DGRP	Monitor44.txt	Batch24_DGRP/Monitor44.txt	89815198	838281	0	f0d1193737f145f001ae6d8b63015272ee2e31de8b5e3e35f3586f4dc6e79e0f	a6af03a9bdd4450deac1c61bb9d8cbfb	2026-02-07 10:00:00	2026-02-13 10:30:00	2026-02-07 09:50:00	2026-02-13 10:30:00	2026-02-07 09:50:00	2026-02-13 10:30:00	8681	925872	ef96ce553f34a40e1543e17177c0e74ed2f17ba221788ca559066296b1c8676e
Batch24_DGRP	Monitor53.txt	Batch24_DGRP/Monitor53.txt	89673626	838281	0	e92a4def87ffad79d9359c79468742bcc32987d1660662ac6b9fd33bad02fcf4	06edc797f87eb166eca2f296658bb39e	2026-02-07 10:00:00	2026-02-13 10:30:00	2026-02-07 09:50:00	2026-02-13 10:30:00	2026-02-07 09:50:00	2026-02-13 10:30:00	8681	926067	1ade514e310d9ca9656cbd95246cea7a4b3f1733cf4eb19c3bad18cfe68f384a
Batch24_DGRP	Monitor54.txt	Batch24_DGRP/Monitor54.txt	89736480	838281	0	546af220175d3e41774049796c0a74b90037339237e7123931b17f1502591c2f	b7f964393c5f82ce3ec8fc1b00476414	2026-02-07 10:00:00	2026-02-13 10:30:00	2026-02-07 09:50:00	2026-02-13 10:30:00	2026-02-07 09:50:00	2026-02-13 10:30:00	8681	926676	071199e5c5b99889053664484811155513adf22150c63a59b5f22030f740cc8b
Batch24_DGRP	Monitor55.txt	Batch24_DGRP/Monitor55.txt	89749594	838281	0	91b090e933136089c4d419ec3e8664d0bb6372b129431b085f261a52f1c309f5	68853a89099c45e278dd017483a8be1f	2026-02-07 10:00:00	2026-02-13 10:30:00	2026-02-07 09:50:00	2026-02-13 10:30:00	2026-02-07 09:50:00	2026-02-13 10:30:00	8681	925960	bbaa7eb31e4ca1bfdbc25ebfab0f899b67a845fa2c01faf467c29e71d3c64072
Batch24_DGRP	Monitor58.txt	Batch24_DGRP/Monitor58.txt	89741916	838281	0	5c5dbfdff0a6004c652c1421c6a1c1f8d1fc24655fb8bd4fda4d58d5e360dc4c	8679ab7aa690467a729919d552df8ce4	2026-02-07 10:00:00	2026-02-13 10:30:00	2026-02-07 09:50:00	2026-02-13 10:30:00	2026-02-07 09:50:00	2026-02-13 10:30:00	8681	926127	f270459adead7c9e8d1d9a18205ec726987465a39d40fa7c5f3deb039090a84f
Batch24_DGRP	Monitor59.txt	Batch24_DGRP/Monitor59.txt	89856975	838281	0	54d4782851545a1bede6604d08d568db57fb9eda43aab58f320c78fc84ddd157	0bf18a0501a34c0fe55403457f6df450	2026-02-07 10:00:00	2026-02-13 10:30:00	2026-02-07 09:50:00	2026-02-13 10:30:00	2026-02-07 09:50:00	2026-02-13 10:30:00	8681	926319	d227f4288e3558ff2cec9025771a379c7194d0eb9e9dbf9ac73b2cd3dfc0c52e
Batch25_DGRP	Monitor39.txt	Batch25_DGRP/Monitor39.txt	89804267	838281	0	4f0476aae8ae63362f2a5fe4506b7daea63f7a0583f90d0cb353df9d3e8c51ce	5c49a6d15f17037daec71fb329380397	2026-02-14 10:00:00	2026-02-20 10:30:00	2026-02-14 09:50:00	2026-02-20 10:30:00	2026-02-14 09:50:00	2026-02-20 10:30:00	8681	931073	d9824028acbe47417fd07115d76df227e7710d2f62957d539a6db05f81515d58
Batch25_DGRP	Monitor40.txt	Batch25_DGRP/Monitor40.txt	89787610	838281	0	c8df259a838d6b5ca19e6fc68c03bf1987441cebfdd58c404f1c71467e400fda	0e59ee15159c6da2a5252cc68ef3a845	2026-02-14 10:00:00	2026-02-20 10:30:00	2026-02-14 09:50:00	2026-02-20 10:30:00	2026-02-14 09:50:00	2026-02-20 10:30:00	8681	929159	6f857083e188a1964a4ec5ae5e41472bc6bc623168280bf5231a34aa63004e50
Batch25_DGRP	Monitor41.txt	Batch25_DGRP/Monitor41.txt	89861304	838281	0	2469283bd7511ea7b6a78aa2faf687bb86c7fa7f08eeb0658ead045843d6f17c	e52bf488dbe4212de23fb5bd825ce1ee	2026-02-14 10:00:00	2026-02-20 10:30:00	2026-02-14 09:50:00	2026-02-20 10:30:00	2026-02-14 09:50:00	2026-02-20 10:30:00	8681	929334	1cc0bbf4888edb151f65d5fb65ac385d330916435cf445451e9a9c0ce147840a
Batch25_DGRP	Monitor42.txt	Batch25_DGRP/Monitor42.txt	89758100	838281	0	a93eebfad1565e4ca7084dd950bc6d1f1c6ce2963d2bb104260a02d6aad6c390	6150458ef26597dd530c8def3250512c	2026-02-14 10:00:00	2026-02-20 10:30:00	2026-02-14 09:50:00	2026-02-20 10:30:00	2026-02-14 09:50:00	2026-02-20 10:30:00	8681	928935	9b325f242ca3f7f767fbfd71e95157566f5d6bd4d427fe103a2acc2cb07780e0
Batch25_DGRP	Monitor44.txt	Batch25_DGRP/Monitor44.txt	89815198	838281	0	f0d1193737f145f001ae6d8b63015272ee2e31de8b5e3e35f3586f4dc6e79e0f	a6af03a9bdd4450deac1c61bb9d8cbfb	2026-02-14 10:00:00	2026-02-20 10:30:00	2026-02-14 09:50:00	2026-02-20 10:30:00	2026-02-14 09:50:00	2026-02-20 10:30:00	8681	929336	758e4ff017d58f494bbdbeaa8af9c9496e2babc9152a88f02244f5a043dbf4e6
Batch25_DGRP	Monitor48.txt	Batch25_DGRP/Monitor48.txt	89801029	838281	0	f0ddd78053768f943be7c4d5d004de6cbc88b4f409a8e53572d812b18e2f46d1	43ce654222b218e86ab1cad7b4d56095	2026-02-14 10:00:00	2026-02-20 10:30:00	2026-02-14 09:50:00	2026-02-20 10:30:00	2026-02-14 09:50:00	2026-02-20 10:30:00	8681	929326	9f61c5bd6742687d49168599e6c58cf0c0d0e89dce2c7d2753245136f5115a07
Batch25_DGRP	Monitor49.txt	Batch25_DGRP/Monitor49.txt	89840264	838281	0	ba29750e58dcd4816a2540259c9160814cd08d11050930571d7c0427438f65fa	03146bcad859648d880b60f6d3a8cb38	2026-02-14 10:00:00	2026-02-20 10:30:00	2026-02-14 09:50:00	2026-02-20 10:30:00	2026-02-14 09:50:00	2026-02-20 10:30:00	8681	929959	940e24e3bcd21a481b621699129e5ce511d71b87d51beab6111716d5240c0622
Batch25_DGRP	Monitor53.txt	Batch25_DGRP/Monitor53.txt	89673626	838281	0	e92a4def87ffad79d9359c79468742bcc32987d1660662ac6b9fd33bad02fcf4	06edc797f87eb166eca2f296658bb39e	2026-02-14 10:00:00	2026-02-20 10:30:00	2026-02-14 09:50:00	2026-02-20 10:30:00	2026-02-14 09:50:00	2026-02-20 10:30:00	8681	929388	ccfc13ad94ba44c2d68c16f751dbc1fdff7deaaf7c8a937a58cd9c95fb186b4e
Batch25_DGRP	Monitor55.txt	Batch25_DGRP/Monitor55.txt	89749594	838281	0	91b090e933136089c4d419ec3e8664d0bb6372b129431b085f261a52f1c309f5	68853a89099c45e278dd017483a8be1f	2026-02-14 10:00:00	2026-02-20 10:30:00	2026-02-14 09:50:00	2026-02-20 10:30:00	2026-02-14 09:50:00	2026-02-20 10:30:00	8681	931646	c9ba9eeda67b6a4d7a55d0cc90f31751e437d1e798071c7e7aa6f1af2550cfac
Batch25_DGRP	Monitor58.txt	Batch25_DGRP/Monitor58.txt	89741916	838281	0	5c5dbfdff0a6004c652c1421c6a1c1f8d1fc24655fb8bd4fda4d58d5e360dc4c	8679ab7aa690467a729919d552df8ce4	2026-02-14 10:00:00	2026-02-20 10:30:00	2026-02-14 09:50:00	2026-02-20 10:30:00	2026-02-14 09:50:00	2026-02-20 10:30:00	8681	930686	bf6f40df6ef9e8d0b14662c529946204c78c9f034f761a6b962749ec5173a765
Batch25_DGRP	Monitor59.txt	Batch25_DGRP/Monitor59.txt	89856975	838281	0	54d4782851545a1bede6604d08d568db57fb9eda43aab58f320c78fc84ddd157	0bf18a0501a34c0fe55403457f6df450	2026-02-14 10:00:00	2026-02-20 10:30:00	2026-02-14 09:50:00	2026-02-20 10:30:00	2026-02-14 09:50:00	2026-02-20 10:30:00	8681	929090	2bde82ad74e35e2aff76e9f74269f8ba044d4df5b6dad73af6d4ad75672b2d8a
Batch26_DGRP	Monitor31.txt	Batch26_DGRP/Monitor31.txt	95879726	894884	0	0ec27e46945dca781f2c1ed3ab3d0a3c2daac05b7d4c8fd79c4be65fc056b003	712ca73aed16d5d8fe6d2c5141b85e46	2026-03-21 09:00:00	2026-03-27 09:30:00	2026-03-21 08:50:00	2026-03-27 09:30:00	2026-03-21 08:50:00	2026-03-27 09:30:00	8681	922997	4fb69fd64518e0090eaa56dfa81c86db1015b37977090486054aa8b2b8ae860f
Batch26_DGRP	Monitor32.txt	Batch26_DGRP/Monitor32.txt	96004144	894884	0	38fc0aff4ee1802874d416edf89a15ce7c5f8a4301809bd84093e2ad335c8a25	5caa5d127d446f19dcce61e9771d9954	2026-03-21 09:00:00	2026-03-27 09:30:00	2026-03-21 08:50:00	2026-03-27 09:30:00	2026-03-21 08:50:00	2026-03-27 09:30:00	8681	922682	a25e2e66406bc17e630a26f7d42167ea524d542a8ab45c099a158112d5c91278
Batch26_DGRP	Monitor33.txt	Batch26_DGRP/Monitor33.txt	95880652	894884	0	bc7184fce0586adbda4ef45c2b67d1c1f1a39c00eed8a57851950b9104ca5886	a0787759ef0d9ba12368dc56f226b239	2026-03-21 09:00:00	2026-03-27 09:30:00	2026-03-21 08:50:00	2026-03-27 09:30:00	2026-03-21 08:50:00	2026-03-27 09:30:00	8681	921254	a6aacb9cc6f0dcc5643bf83722508b7f2ae611761144d4b533028579578c4656
Batch26_DGRP	Monitor34.txt	Batch26_DGRP/Monitor34.txt	95837640	894884	0	4ee6a68a9a8d70d1458fcaf9e7d3ba411ce81ae7b07ec4ad9222c6bcd82c67e8	7d4d99c7e7b7c9d67d4106babc5b3161	2026-03-21 09:00:00	2026-03-27 09:30:00	2026-03-21 08:50:00	2026-03-27 09:30:00	2026-03-21 08:50:00	2026-03-27 09:30:00	8681	922006	62a90f19bd5bb705767cb714ed817a808e6a73e6d9f92ba690d49352ce3d6085
Batch26_DGRP	Monitor35.txt	Batch26_DGRP/Monitor35.txt	95964868	894884	0	bc6d241474777ea6b4b09d780867e8bac028f55e254a2429300a879fa2c8dc42	eb9b298dfe3f2cb92c3e85b1bb1a48e3	2026-03-21 09:00:00	2026-03-27 09:30:00	2026-03-21 08:50:00	2026-03-27 09:30:00	2026-03-21 08:50:00	2026-03-27 09:30:00	8681	925480	b47a0ab982d29a3723842ac2fab34986512a4470a9d964c752d41b21434d6423
Batch26_DGRP	Monitor36.txt	Batch26_DGRP/Monitor36.txt	95875904	894884	0	f6a95059c8f0c333d677dedc7820a5c635101db67097f7f6254905abb3c9e06a	5b1adf87998b4a7a8de6c456b9221a7b	2026-03-21 09:00:00	2026-03-27 09:30:00	2026-03-21 08:50:00	2026-03-27 09:30:00	2026-03-21 08:50:00	2026-03-27 09:30:00	8681	921271	9fbba5bdfce6fb58a4523231c353884ce7424e1db779a7105129829882e21dbb
Batch26_DGRP	Monitor37.txt	Batch26_DGRP/Monitor37.txt	96061056	894884	0	a377715e58f872655062f824f8458fc06ea99ef237d4f59d63e2ee9452072f06	34f206b0cbdaff179281d8f9fe60a010	2026-03-21 09:00:00	2026-03-27 09:30:00	2026-03-21 08:50:00	2026-03-27 09:30:00	2026-03-21 08:50:00	2026-03-27 09:30:00	8681	921041	031180f7190ce588acdca7f40382481a64eddf53df3916b031ed59cdf96b234a
Batch26_DGRP	Monitor38.txt	Batch26_DGRP/Monitor38.txt	95891740	894884	0	36dde852e9cc556b71ec122b30112ec0542592c028c2ac4b87e8842dd84d14c7	74807e1b12eb67fd16205b15f96abe85	2026-03-21 09:00:00	2026-03-27 09:30:00	2026-03-21 08:50:00	2026-03-27 09:30:00	2026-03-21 08:50:00	2026-03-27 09:30:00	8681	920573	bbd55c55a6e4a333259b8c791fd0e0bbe754ab9eeece129ebfb7804d8d362e17
Batch26_DGRP	Monitor40.txt	Batch26_DGRP/Monitor40.txt	95777309	894884	0	530cd9f0ffb1ceb777f6e56ed3c74e64973a86b32523a9c9d8825465b24ebddd	a3cf9155b8123a6c893b7a7842eb77c4	2026-03-21 09:00:00	2026-03-27 09:30:00	2026-03-21 08:50:00	2026-03-27 09:30:00	2026-03-21 08:50:00	2026-03-27 09:30:00	8681	921512	52535300c9b95dd95cff5ac42574719f70805a9a4c4fa053199509c82ff35175
Batch26_DGRP	Monitor41.txt	Batch26_DGRP/Monitor41.txt	95868581	894884	0	521d71912f362059b74de290b2023d62766b01b90f0c3e51b3f6f4c18238b501	31a447012d6bb08b5da5b75960e51960	2026-03-21 09:00:00	2026-03-27 09:30:00	2026-03-21 08:50:00	2026-03-27 09:30:00	2026-03-21 08:50:00	2026-03-27 09:30:00	8681	923202	1a816f26fc29a1a4ab036541ef8db0743285cb5d73b282ea83f0ef565ae68e5b
Batch26_DGRP	Monitor42.txt	Batch26_DGRP/Monitor42.txt	95773426	894884	0	a02551776079b046d96c915dad4f655487b16454c7abeddcbcb0c0a00288bfc0	01cb24dfafaaa3302195c7bb8709fecf	2026-03-21 09:00:00	2026-03-27 09:30:00	2026-03-21 08:50:00	2026-03-27 09:30:00	2026-03-21 08:50:00	2026-03-27 09:30:00	8681	920542	9bcedd945580d323e59cdb70d1fa7fa39ed4550ed45074eb830b793768c7a970
Batch26_DGRP	Monitor44.txt	Batch26_DGRP/Monitor44.txt	95827996	894884	0	a6a8e4a6b41a2b80edd7838e2f52e8735f01b8005ee6dab287e53929a1d21beb	58899a5672ff83eb1abe2d0a052ab5bd	2026-03-21 09:00:00	2026-03-27 09:30:00	2026-03-21 08:50:00	2026-03-27 09:30:00	2026-03-21 08:50:00	2026-03-27 09:30:00	8681	921128	e80fc5ef887ea0c0de561c5187e29b1f2babcd6425b7ea4bbe3a85534bceba7b
Batch26_DGRP	Monitor45.txt	Batch26_DGRP/Monitor45.txt	95832683	894884	0	0d26d9c81f1b2cd6d60401566c7f1526e9607447e3b61add145d92b836c8d427	fb9136f16009a2824dbc391d538b12a7	2026-03-21 09:00:00	2026-03-27 09:30:00	2026-03-21 08:50:00	2026-03-27 09:30:00	2026-03-21 08:50:00	2026-03-27 09:30:00	8681	921308	9461eb851ba73c7a10cbea79cf116f5b55dd2603aa56e5194497bb55c1b86056
Batch27_DGRP	Monitor31.txt	Batch27_DGRP/Monitor31.txt	95879726	894884	0	0ec27e46945dca781f2c1ed3ab3d0a3c2daac05b7d4c8fd79c4be65fc056b003	712ca73aed16d5d8fe6d2c5141b85e46	2026-03-28 09:00:00	2026-04-03 09:30:00	2026-03-28 08:50:00	2026-04-03 09:30:00	2026-03-28 08:50:00	2026-04-03 09:30:00	8681	921843	e4d1ede431bff373ef4c22bf45ea2f64b82435b8e692ce5e4c9f186dacedaa1f
Batch27_DGRP	Monitor32.txt	Batch27_DGRP/Monitor32.txt	96004144	894884	0	38fc0aff4ee1802874d416edf89a15ce7c5f8a4301809bd84093e2ad335c8a25	5caa5d127d446f19dcce61e9771d9954	2026-03-28 09:00:00	2026-04-03 09:30:00	2026-03-28 08:50:00	2026-04-03 09:30:00	2026-03-28 08:50:00	2026-04-03 09:30:00	8681	918653	1d48da05e165b680a1d648d99633dc289e4a56be15a98dd6ab3b2db78a5a8cb9
Batch27_DGRP	Monitor33.txt	Batch27_DGRP/Monitor33.txt	95880652	894884	0	bc7184fce0586adbda4ef45c2b67d1c1f1a39c00eed8a57851950b9104ca5886	a0787759ef0d9ba12368dc56f226b239	2026-03-28 09:00:00	2026-04-03 09:30:00	2026-03-28 08:50:00	2026-04-03 09:30:00	2026-03-28 08:50:00	2026-04-03 09:30:00	8681	918267	a5021ff1fed73cfbe7aca3cacf9c6c62af01d89729388af2aa04944919f7ff8d
Batch27_DGRP	Monitor34.txt	Batch27_DGRP/Monitor34.txt	95837640	894884	0	4ee6a68a9a8d70d1458fcaf9e7d3ba411ce81ae7b07ec4ad9222c6bcd82c67e8	7d4d99c7e7b7c9d67d4106babc5b3161	2026-03-28 09:00:00	2026-04-03 09:30:00	2026-03-28 08:50:00	2026-04-03 09:30:00	2026-03-28 08:50:00	2026-04-03 09:30:00	8681	917451	0fe09352389673b2cc88771b86d934b29c507b899266a4fb34dfcd98d3ef783a
Batch27_DGRP	Monitor35.txt	Batch27_DGRP/Monitor35.txt	95964868	894884	0	bc6d241474777ea6b4b09d780867e8bac028f55e254a2429300a879fa2c8dc42	eb9b298dfe3f2cb92c3e85b1bb1a48e3	2026-03-28 09:00:00	2026-04-03 09:30:00	2026-03-28 08:50:00	2026-04-03 09:30:00	2026-03-28 08:50:00	2026-04-03 09:30:00	8681	918233	091ea7d5d1b67eccda36383daf863f6f7e7c5e95b3223da0f37771ee747011b4
Batch27_DGRP	Monitor36.txt	Batch27_DGRP/Monitor36.txt	95875904	894884	0	f6a95059c8f0c333d677dedc7820a5c635101db67097f7f6254905abb3c9e06a	5b1adf87998b4a7a8de6c456b9221a7b	2026-03-28 09:00:00	2026-04-03 09:30:00	2026-03-28 08:50:00	2026-04-03 09:30:00	2026-03-28 08:50:00	2026-04-03 09:30:00	8681	918705	e4b81660b229c360065c2ac2e36595bc392f76d4640c66d9ccd89c2bbbfe8f88
Batch27_DGRP	Monitor37.txt	Batch27_DGRP/Monitor37.txt	96061056	894884	0	a377715e58f872655062f824f8458fc06ea99ef237d4f59d63e2ee9452072f06	34f206b0cbdaff179281d8f9fe60a010	2026-03-28 09:00:00	2026-04-03 09:30:00	2026-03-28 08:50:00	2026-04-03 09:30:00	2026-03-28 08:50:00	2026-04-03 09:30:00	8681	919304	c810fd11ba7a400b10da0140cd21aed942d1134b0f9c6fd8f7f81d02ca6ee62f
Batch27_DGRP	Monitor38.txt	Batch27_DGRP/Monitor38.txt	95891740	894884	0	36dde852e9cc556b71ec122b30112ec0542592c028c2ac4b87e8842dd84d14c7	74807e1b12eb67fd16205b15f96abe85	2026-03-28 09:00:00	2026-04-03 09:30:00	2026-03-28 08:50:00	2026-04-03 09:30:00	2026-03-28 08:50:00	2026-04-03 09:30:00	8681	918110	f9bb77487e47b19fcf6075cd4933ef3a2b3ac22f50d82078e55c22fb047569d7
Batch27_DGRP	Monitor40.txt	Batch27_DGRP/Monitor40.txt	95777309	894884	0	530cd9f0ffb1ceb777f6e56ed3c74e64973a86b32523a9c9d8825465b24ebddd	a3cf9155b8123a6c893b7a7842eb77c4	2026-03-28 09:00:00	2026-04-03 09:30:00	2026-03-28 08:50:00	2026-04-03 09:30:00	2026-03-28 08:50:00	2026-04-03 09:30:00	8681	919715	d380e219f303c829c891f4bd96857c30b3a703c1399bc0adf0453ac000f1fcf5
Batch28_DGRP	Monitor31.txt	Batch28_DGRP/Monitor31.txt	95879726	894884	0	0ec27e46945dca781f2c1ed3ab3d0a3c2daac05b7d4c8fd79c4be65fc056b003	712ca73aed16d5d8fe6d2c5141b85e46	2026-04-04 09:00:00	2026-04-10 09:30:00	2026-04-04 08:50:00	2026-04-10 09:30:00	2026-04-04 08:50:00	2026-04-10 09:30:00	8681	915259	38f56cd30c2de98dc8682d31e229ffee22d544cae0f630fecbbbb50be548aba6
Batch28_DGRP	Monitor32.txt	Batch28_DGRP/Monitor32.txt	96004144	894884	0	38fc0aff4ee1802874d416edf89a15ce7c5f8a4301809bd84093e2ad335c8a25	5caa5d127d446f19dcce61e9771d9954	2026-04-04 09:00:00	2026-04-10 09:30:00	2026-04-04 08:50:00	2026-04-10 09:30:00	2026-04-04 08:50:00	2026-04-10 09:30:00	8681	913074	04fa5368c8b6ed2eb6a51366c6cf78b28cc49298cf7a95cb80d1b9272f3527e0
Batch28_DGRP	Monitor35.txt	Batch28_DGRP/Monitor35.txt	95964868	894884	0	bc6d241474777ea6b4b09d780867e8bac028f55e254a2429300a879fa2c8dc42	eb9b298dfe3f2cb92c3e85b1bb1a48e3	2026-04-04 09:00:00	2026-04-10 09:30:00	2026-04-04 08:50:00	2026-04-10 09:30:00	2026-04-04 08:50:00	2026-04-10 09:30:00	8681	912812	9094f4b31a6339e1062a0a7628a0ee2c56684483b0f1f4bd6d460f55dbd82f39
Batch28_DGRP	Monitor36.txt	Batch28_DGRP/Monitor36.txt	95875904	894884	0	f6a95059c8f0c333d677dedc7820a5c635101db67097f7f6254905abb3c9e06a	5b1adf87998b4a7a8de6c456b9221a7b	2026-04-04 09:00:00	2026-04-10 09:30:00	2026-04-04 08:50:00	2026-04-10 09:30:00	2026-04-04 08:50:00	2026-04-10 09:30:00	8681	913781	d94a0d1a139277e5e954423a25606f2b856397ddeddc89b7df22bfa14cc6ab19
Batch28_DGRP	Monitor38.txt	Batch28_DGRP/Monitor38.txt	95891740	894884	0	36dde852e9cc556b71ec122b30112ec0542592c028c2ac4b87e8842dd84d14c7	74807e1b12eb67fd16205b15f96abe85	2026-04-04 09:00:00	2026-04-10 09:30:00	2026-04-04 08:50:00	2026-04-10 09:30:00	2026-04-04 08:50:00	2026-04-10 09:30:00	8681	913904	16cc9958d294f41b288c3db25dfa3fdd7d6399f33c9c518b0c44223444a8132a
Batch28_DGRP	Monitor40.txt	Batch28_DGRP/Monitor40.txt	95777309	894884	0	530cd9f0ffb1ceb777f6e56ed3c74e64973a86b32523a9c9d8825465b24ebddd	a3cf9155b8123a6c893b7a7842eb77c4	2026-04-04 09:00:00	2026-04-10 09:30:00	2026-04-04 08:50:00	2026-04-10 09:30:00	2026-04-04 08:50:00	2026-04-10 09:30:00	8681	913189	4f7ae22721c5f6c266756b1bb96ebc5183bd1a2f0442701095e61f860be3eeab
Batch29_DGRP	Monitor31.txt	Batch29_DGRP/Monitor31.txt	99967640	933257	0	fb8684640f45abfd65ea3262ee35f1c4364ff84c98810037d3983716bfb82a41	d37ac682227b381289df603b3825d7d1	2026-04-18 09:00:00	2026-04-24 09:30:00	2026-04-18 08:50:00	2026-04-24 09:30:00	2026-04-18 08:50:00	2026-04-24 09:30:00	8681	922129	971e769ac02822c53b8d5b4757419a7dc33e54100137feb107b1fd1a70fe97b9
Batch29_DGRP	Monitor32.txt	Batch29_DGRP/Monitor32.txt	100070280	933257	0	32506bd8ab6da325e4a490820982e6ba94dd6724136bcc95567e7b5d57baf0b5	d4353844b6b878983f1575028f2dd4ea	2026-04-18 09:00:00	2026-04-24 09:30:00	2026-04-18 08:50:00	2026-04-24 09:30:00	2026-04-18 08:50:00	2026-04-24 09:30:00	8681	920864	5dabb3ce9964cb33426b1418293b86d1160d0117686286490d202c7d690a5879
Batch29_DGRP	Monitor33.txt	Batch29_DGRP/Monitor33.txt	99947373	933257	0	0ec6eac5db773ab1ce3d4e4af5428c1febc99095896ca3dd1c596414915c38fd	e600198a2e10b21ce382ab0bffd22b79	2026-04-18 09:00:00	2026-04-24 09:30:00	2026-04-18 08:50:00	2026-04-24 09:30:00	2026-04-18 08:50:00	2026-04-24 09:30:00	8681	920861	fc46531ef92bb74f97ad6af27bc17d2318fa69c7ccc78cfeef949ae81f9d6a87
Batch29_DGRP	Monitor34.txt	Batch29_DGRP/Monitor34.txt	99903906	933257	0	5c72a9ec5cc9d366354b5b46211598f3d2eea6c1d85a85658992cc77321c79c2	2e693bc3fb26c6795371ff147954f9b0	2026-04-18 09:00:00	2026-04-24 09:30:00	2026-04-18 08:50:00	2026-04-24 09:30:00	2026-04-18 08:50:00	2026-04-24 09:30:00	8681	920728	b2faab5d891df89bbfc073b45a0d7db0d358fbb9b6d698552de6a6fc63fa3043
Batch29_DGRP	Monitor35.txt	Batch29_DGRP/Monitor35.txt	100033524	933257	0	1ed0b2f53547fbd1af87d3e7090f3acc7d1da936e881dd5ae5c4c4503b1b4c11	21b1b4598afd0dc4b73c450cf690f0e1	2026-04-18 09:00:00	2026-04-24 09:30:00	2026-04-18 08:50:00	2026-04-24 09:30:00	2026-04-18 08:50:00	2026-04-24 09:30:00	8681	921604	0f48926b7db1e6682bd366b17cede18c3a020db50e2489087372a340dbbb0f88
Batch29_DGRP	Monitor36.txt	Batch29_DGRP/Monitor36.txt	99948013	933257	0	d287fd577a7d4dce273186a9f8308dc32eeb7cba9a31e51eccd13dd72631c231	76f8eb6212f1f1e0a4220855a9c1bf4d	2026-04-18 09:00:00	2026-04-24 09:30:00	2026-04-18 08:50:00	2026-04-24 09:30:00	2026-04-18 08:50:00	2026-04-24 09:30:00	8681	920899	6ac56c58fdeb37a8a559c64dde21f6d762d5ba7630538455e7c12bdf0ab85fb6
Batch29_DGRP	Monitor37.txt	Batch29_DGRP/Monitor37.txt	100130545	933257	0	68d738729c1b663f45edfbe67a2f4e5d484ab498465bb5cfe1cc74d5c4847be0	79d966c01824c40469b0f43fb5b3929c	2026-04-18 09:00:00	2026-04-24 09:30:00	2026-04-18 08:50:00	2026-04-24 09:30:00	2026-04-18 08:50:00	2026-04-24 09:30:00	8681	922407	8e34953fd0469bc6321bbb5bc2078c2d7bece2c9645b2c98b568d19a78c5be35
Batch29_DGRP	Monitor38.txt	Batch29_DGRP/Monitor38.txt	99958196	933257	0	97828342b2430747337c1d581e3af5e0b8ede4670b811f22ac275b95288c3d03	f80cf3321b8ccf341713c01f2655ac9d	2026-04-18 09:00:00	2026-04-24 09:30:00	2026-04-18 08:50:00	2026-04-24 09:30:00	2026-04-18 08:50:00	2026-04-24 09:30:00	8681	920959	61717c7ddaef4f7e4cf9c4dd13dcc6520d17bbee34d1d75c5c242de4ef6322c8
Batch29_DGRP	Monitor40.txt	Batch29_DGRP/Monitor40.txt	99851446	933257	0	d0468667cfe6e2c8a741087c26256cf90e7ad3024794161df4e82238022654c9	2a2dbb62afad928c0940b0974b50459a	2026-04-18 09:00:00	2026-04-24 09:30:00	2026-04-18 08:50:00	2026-04-24 09:30:00	2026-04-18 08:50:00	2026-04-24 09:30:00	8681	920711	119fb093e25ac15c4b87b6ae0fa0a40d67177a4d3db6a985f928186510df3d6a
Batch31_DGRP	Monitor31.txt	Batch31_DGRP/Monitor31.txt	16263723	152990	0	4d56a2848bc908554e8c111c22e1153d911a7213da7a796294dd064284c088f5	f4dabf74b04e8c7f08e7a0844c65e3d1	2026-05-02 09:00:00	2026-05-08 09:30:00	2026-05-02 08:50:00	2026-05-08 09:30:00	2026-05-02 08:50:00	2026-05-08 09:30:00	8681	912483	27037b02153b08a946f6d011590955efdeb809d7dd38324117d2675a366215a1
Batch31_DGRP	Monitor32.txt	Batch31_DGRP/Monitor32.txt	16260443	152990	0	356530826cb07be9328ba404d00105a5c7ba73335c4e183900ba688c554c0eb4	3314fcffa7a0004a02c89eaa8a0f89f0	2026-05-02 09:00:00	2026-05-08 09:30:00	2026-05-02 08:50:00	2026-05-08 09:30:00	2026-05-02 08:50:00	2026-05-08 09:30:00	8681	911782	8f67389c46cc99fafc55e8a3052cae9169084ad6978c958c50932fa9d3c35060
Batch31_DGRP	Monitor33.txt	Batch31_DGRP/Monitor33.txt	16250983	152990	0	0ebfb97d8f25ac564cb9cec3de8966c74ba37cb683ddc0b7e19f657e2dbe2a6a	40d8641dda86b9480c391565555b35b1	2026-05-02 09:00:00	2026-05-08 09:30:00	2026-05-02 08:50:00	2026-05-08 09:30:00	2026-05-02 08:50:00	2026-05-08 09:30:00	8681	912075	991200a549bb643d04765cafc4869743f3be2ff6654ffb0a2232c62550b56fec
Batch31_DGRP	Monitor34.txt	Batch31_DGRP/Monitor34.txt	16280039	152990	0	be3a20e0f1bf76cfa45bbb4f3cfe944784caf8c2d5fd2228cbd7b53105999536	e31a32faea68e343979dce6697297574	2026-05-02 09:00:00	2026-05-08 09:30:00	2026-05-02 08:50:00	2026-05-08 09:30:00	2026-05-02 08:50:00	2026-05-08 09:30:00	8681	912335	1a4cda6867129d453cfb4cae6f3203ab0860940f360eefffd0868609a2e48fb1
Batch31_DGRP	Monitor35.txt	Batch31_DGRP/Monitor35.txt	16247489	152990	0	2435aa45d041653a35d69673d68afb03ed586a91dd5c84480e67ea962d509273	c6e4321d1801c20e0250b1a6ca7e6337	2026-05-02 09:00:00	2026-05-08 09:30:00	2026-05-02 08:50:00	2026-05-08 09:30:00	2026-05-02 08:50:00	2026-05-08 09:30:00	8681	911838	760a330e9b5fe1bba24ba1aa7c7bba16598f3503d4d28384ef3cc459d3de2bc8
Batch31_DGRP	Monitor36.txt	Batch31_DGRP/Monitor36.txt	16248445	152990	0	decb43065568b2416be9acf026f0005dd9f28ce316b17143881206c6914a1e5d	0f55b5cec73735e8d501c66fc15977a1	2026-05-02 09:00:00	2026-05-08 09:30:00	2026-05-02 08:50:00	2026-05-08 09:30:00	2026-05-02 08:50:00	2026-05-08 09:30:00	8681	911833	d9f2440cddec53fa4c495c1bd16c46443817213b110f69f38de6a9783ff301a9
Batch31_DGRP	Monitor37.txt	Batch31_DGRP/Monitor37.txt	16279950	152990	0	346b262e4a85402fba50d06c598514c7f7b5537a32009724283a0d50b70ec195	f6d514c34c31b009bfa4559675b598f7	2026-05-02 09:00:00	2026-05-08 09:30:00	2026-05-02 08:50:00	2026-05-08 09:30:00	2026-05-02 08:50:00	2026-05-08 09:30:00	8681	912226	42985716e88f69f1ba6aa94985a2aab1604576b2d582d76a1dee99789b29d026
Batch31_DGRP	Monitor38.txt	Batch31_DGRP/Monitor38.txt	16250425	152989	0	503263dc5133a9d8a50ecd6620827acf67a514a996f437866cc3325dbffe7154	cb14a98b954558c271cbaf73107235a3	2026-05-02 09:00:00	2026-05-08 09:30:00	2026-05-02 08:50:00	2026-05-08 09:30:00	2026-05-02 08:50:00	2026-05-08 09:30:00	8681	911865	5af5f8992218c1ed14ad78a9e1bef6cf58062b8336954de4f333064b799ba78b
Batch3_DGRP	Monitor10.txt	Batch3_DGRP/Monitor10.txt	59496953	556066	0	42c79d0fcfc19cd7389cc84ef6cb93db7bcb438d47f39198753fb25d8a4e6e3c	e104ad735fc93025eef41134d32b759e	2025-07-25 10:00:00	2025-07-31 10:30:00	2025-07-25 09:50:00	2025-07-31 10:30:00	2025-07-25 09:50:00	2025-07-31 10:30:00	8681	918031	04080540c6c795c21eb7ffa934b156d301ded8c7607101b1abfbee317323e80c
Batch3_DGRP	Monitor11.txt	Batch3_DGRP/Monitor11.txt	59521397	556066	0	2c898257ac2318d968e6d92c664c9ae91c9d76f6d2b4b740daccf26cb1eedb72	305684a0ca5251180d38b5eebcefd70d	2025-07-25 10:00:00	2025-07-31 10:30:00	2025-07-25 09:50:00	2025-07-31 10:30:00	2025-07-25 09:50:00	2025-07-31 10:30:00	8681	916619	0cb618ba3b21c91fa29f85af4399bddf01343c073a3e6f31ea2b10d396945f5a
Batch3_DGRP	Monitor13.txt	Batch3_DGRP/Monitor13.txt	59531394	556066	0	4784356668c7ba9eeff8be3a9eb903a8b98bbe46de088656a5f03ca6efbb404c	3cbe8ebc0191f0e8ed06ec12e8fcdd4a	2025-07-25 10:00:00	2025-07-31 10:30:00	2025-07-25 09:50:00	2025-07-31 10:30:00	2025-07-25 09:50:00	2025-07-31 10:30:00	8681	916900	496e311af313405dd22dbf4a07a770a8475d8c2d1619e21c15dd6c8865ba228c
Batch3_DGRP	Monitor5.txt	Batch3_DGRP/Monitor5.txt	58973891	556066	0	7f87ed3a2a0b560015d64f9ecd95d06f46471312f02c08823662887457fa44e5	dc1ea602f9899e5ddd83cf563ab468e2	2025-07-25 10:00:00	2025-07-31 10:30:00	2025-07-25 09:50:00	2025-07-31 10:30:00	2025-07-25 09:50:00	2025-07-31 10:30:00	8681	908041	3954385aa16cbc6dc3b74ad5d3c19a89794953b0db16bced24fdd0810bb19a22
Batch3_DGRP	Monitor50.txt	Batch3_DGRP/Monitor50.txt	59624253	556065	0	771121071429714c722a76697b8e3d039cfa6cbc884fb5acf15891ae8060b435	d920abad7c9a08012eda595ef66b0f36	2025-07-25 10:00:00	2025-07-31 10:30:00	2025-07-25 09:50:00	2025-07-31 10:30:00	2025-07-25 09:50:00	2025-07-31 10:30:00	8681	916442	a63812edf70eaf57753bc629861fe573ea61c6aacecc173e03c27b3d1bdfe8c0
Batch3_DGRP	Monitor51.txt	Batch3_DGRP/Monitor51.txt	59509356	556065	0	435af864fba8bd1c5476cef39d1730f2ff57a87bb16610125ace0f0a32e6c8d0	e2187423892abd1408523185863bc1f5	2025-07-25 10:00:00	2025-07-31 10:30:00	2025-07-25 09:50:00	2025-07-31 10:30:00	2025-07-25 09:50:00	2025-07-31 10:30:00	8681	917022	e23a6d289c30d9a4026027df3e6b8d4902acecd6a18719b1c42b69661431cb3f
Batch3_DGRP	Monitor6.txt	Batch3_DGRP/Monitor6.txt	58948238	556066	0	05dfe0b4bebb439dfa37c147b2597a2a5636bea0b4e5bab8b0f593899b518a66	04714382afb7f0233f82481c71800221	2025-07-25 10:00:00	2025-07-31 10:30:00	2025-07-25 09:50:00	2025-07-31 10:30:00	2025-07-25 09:50:00	2025-07-31 10:30:00	8681	909369	8d620de4b548c300a6abeb7742c9dce4c014943e0349f5f431b1a0a43d03164e
Batch3_DGRP	Monitor7.txt	Batch3_DGRP/Monitor7.txt	58979661	556066	0	50c642569006b0ab43f8f9c428a20b9d0ce811eb1b869043c476b47a31bcb9fd	7ec5270de81c464f2421343c47373e60	2025-07-25 10:00:00	2025-07-31 10:30:00	2025-07-25 09:50:00	2025-07-31 10:30:00	2025-07-25 09:50:00	2025-07-31 10:30:00	8681	908394	ffe0e397a7c5d5b5a1e4bfb517af96c5113ee84bb7b7e15baa3e32f056f1c0e8
Batch3_DGRP	Monitor8.txt	Batch3_DGRP/Monitor8.txt	58968015	556066	0	2731fb83222de9e2d052511fd1de925fee703f488d3c274a7d312705416e6f14	df09e3d342dca42007eae07a0f004862	2025-07-25 10:00:00	2025-07-31 10:30:00	2025-07-25 09:50:00	2025-07-31 10:30:00	2025-07-25 09:50:00	2025-07-31 10:30:00	8681	907410	0a5b04f0b442aa8c4282a3a8c1e00c0821184ec392498946cbf8ae8ba891e87d
Batch3_DGRP	Monitor9.txt	Batch3_DGRP/Monitor9.txt	58992251	556066	0	2fa77e853ad879e4da9db4e502aeacf8eee26ee5df0902d5e60bdfe57e4cbb55	de5c7e2cbb320813e59212e4527c8af7	2025-07-25 10:00:00	2025-07-31 10:30:00	2025-07-25 09:50:00	2025-07-31 10:30:00	2025-07-25 09:50:00	2025-07-31 10:30:00	8681	907950	7d1301605226e070411c40427b095a18b8f9a79146a8d27f48d0fca005e4c4cd
Batch4a_DGRP	Monitor12.txt	Batch4a_DGRP/Monitor12.txt	59535882	556066	0	6f907e4bc2f06482b8f329fcbe92d36a7b2d3a83d04f5320e7a705e2c294da98	2b3de30bc9c979fc46e191d6e87da406	2025-07-25 10:00:00	2025-08-01 11:59:00	2025-07-25 09:50:00	2025-08-01 11:59:00	2025-07-25 09:50:00	2025-08-01 11:59:00	10210	1077869	04649514e6f3560bdaa02ece0b6d311fb3cdf82be05c8a65749049b731105948
Batch4a_DGRP	Monitor52.txt	Batch4a_DGRP/Monitor52.txt	59493535	556065	0	df574d989fbe9357a99770ca6c35b237b108e88f533777f7eb29056f38c9ccff	b3f6cb3513086b16005a96f09c1c7e05	2025-07-26 10:00:00	2025-08-01 11:59:00	2025-07-26 09:50:00	2025-08-01 11:59:00	2025-07-26 09:50:00	2025-08-01 11:59:00	8770	926339	cf9cecfd1cc1154559905a52bb2e9312060783281f487660818d7f3846a09c24
Batch4a_DGRP	Monitor53.txt	Batch4a_DGRP/Monitor53.txt	59460259	556065	0	2de93977c4a36f8c1113cb09370ee8c79af9495df04e4a0598d31e6616256091	fd9eeb6faf0999ea73fbeec14195d1fc	2025-07-26 10:00:00	2025-08-01 11:59:00	2025-07-26 09:50:00	2025-08-01 11:59:00	2025-07-26 09:50:00	2025-08-01 11:59:00	8770	926335	d73ea55cee8978bd6787004dfb59434422254c5c62c4c04bd2b86172d7ae763f
Batch4b_DGRP	Monitor10.txt	Batch4b_DGRP/Monitor10.txt	59496953	556066	0	42c79d0fcfc19cd7389cc84ef6cb93db7bcb438d47f39198753fb25d8a4e6e3c	e104ad735fc93025eef41134d32b759e	2025-08-02 10:00:00	2025-08-08 11:59:00	2025-08-02 09:50:00	2025-08-08 11:59:00	2025-08-02 09:50:00	2025-08-08 11:59:00	8770	923106	47abbf942b59719f1f2051eb5aac2351140db41e4e89b865d1b4860a25f64b0d
Batch4b_DGRP	Monitor13.txt	Batch4b_DGRP/Monitor13.txt	59531394	556066	0	4784356668c7ba9eeff8be3a9eb903a8b98bbe46de088656a5f03ca6efbb404c	3cbe8ebc0191f0e8ed06ec12e8fcdd4a	2025-08-02 10:00:00	2025-08-08 11:59:00	2025-08-02 09:50:00	2025-08-08 11:59:00	2025-08-02 09:50:00	2025-08-08 11:59:00	8770	922391	c72269e2a7021073932d7bb6ab1da6647e72b9d67a8f5c8e71b1f272f973fce8
Batch4b_DGRP	Monitor51.txt	Batch4b_DGRP/Monitor51.txt	59509356	556065	0	435af864fba8bd1c5476cef39d1730f2ff57a87bb16610125ace0f0a32e6c8d0	e2187423892abd1408523185863bc1f5	2025-08-02 10:00:00	2025-08-08 11:59:00	2025-08-02 09:50:00	2025-08-08 11:59:00	2025-08-02 09:50:00	2025-08-08 11:59:00	8770	921868	6286f32d812ec6f0cd88b3b1786cda35fd8611ce22fa79b9d1e2618a7bb02a2b
Batch4b_DGRP	Monitor52.txt	Batch4b_DGRP/Monitor52.txt	59493535	556065	0	df574d989fbe9357a99770ca6c35b237b108e88f533777f7eb29056f38c9ccff	b3f6cb3513086b16005a96f09c1c7e05	2025-08-02 10:00:00	2025-08-08 11:59:00	2025-08-02 09:50:00	2025-08-08 11:59:00	2025-08-02 09:50:00	2025-08-08 11:59:00	8770	921499	5eb53c3426b44b9168067edea5360bf247fa02a3e2e4acf34b69541beef39927
Batch4b_DGRP	Monitor53.txt	Batch4b_DGRP/Monitor53.txt	59460259	556065	0	2de93977c4a36f8c1113cb09370ee8c79af9495df04e4a0598d31e6616256091	fd9eeb6faf0999ea73fbeec14195d1fc	2025-08-02 10:00:00	2025-08-08 11:59:00	2025-08-02 09:50:00	2025-08-08 11:59:00	2025-08-02 09:50:00	2025-08-08 11:59:00	8770	922141	cbda3ced363322a369cade9ed01d790db27ff17f6cf37814e1e91cc30597d21e
Batch4c_DGRP	Monitor10.txt	Batch4c_DGRP/Monitor10.txt	60835645	568636	0	cc38cb3779366aa739a3b3bca27e0c4ddfe745f982ce4ea74cecf2e97586453e	92894912e4d495a0dd1266831652038e	2025-08-16 10:00:00	2025-08-22 11:59:00	2025-08-16 09:50:00	2025-08-22 11:59:00	2025-08-16 09:50:00	2025-08-22 11:59:00	8770	930500	ad1d240bb7f6217e103b3727676612c05e1f50232cb2338055ae9b8383def1ee
Batch4c_DGRP	Monitor51.txt	Batch4c_DGRP/Monitor51.txt	60847705	568636	0	936194705d39c3b13a4697c9056631628cf527ae5acc2ad2152afb090ddd4c87	5eade558629a3c57b913fd98de14487f	2025-08-16 10:00:00	2025-08-22 11:59:00	2025-08-16 09:50:00	2025-08-22 11:59:00	2025-08-16 09:50:00	2025-08-22 11:59:00	8770	929859	7414695e28e72eded3a9928ab2d09c7e5cb0467e2f53216da81b0d0adb9c5211
Batch4c_DGRP	Monitor52.txt	Batch4c_DGRP/Monitor52.txt	60832079	568636	0	9ac564daf82072056f41c63707a2330683c9eb481b42ea2d9edb08a17327014f	aca91c6403a53d7f52fb58a098104764	2025-08-16 10:00:00	2025-08-22 11:59:00	2025-08-16 09:50:00	2025-08-22 11:59:00	2025-08-16 09:50:00	2025-08-22 11:59:00	8770	930123	925d30ca474720a498a98b3d1018ce1d1ee34f66ee73edd412e45ebf4e0d3e65
Batch4c_DGRP	Monitor53.txt	Batch4c_DGRP/Monitor53.txt	60805755	568636	0	ce0c3c754ddb4711678728264951df32dffcc707bb18410a58d87dadace3f9df	79f9a83d73c3807de0aa725a16c10847	2025-08-16 10:00:00	2025-08-22 11:59:00	2025-08-16 09:50:00	2025-08-22 11:59:00	2025-08-16 09:50:00	2025-08-22 11:59:00	8770	931691	0ea7ff13226fc116cf77e0340cab853b669e9c8869edecce2744e4ccdbcf8721
Batch4c_DGRP	Monitor54.txt	Batch4c_DGRP/Monitor54.txt	60866573	568636	0	eeafc8479f3ac8c2ae500a163465b55eaa6619a1dcf2c5d3930ece4b62f724c8	f24ce04106f0cf6b1d27552d00bbf992	2025-08-16 10:00:00	2025-08-22 11:59:00	2025-08-16 09:50:00	2025-08-22 11:59:00	2025-08-16 09:50:00	2025-08-22 11:59:00	8770	930267	c58db1518270f1e15311631116e24a9e6c0f97e7da8d31493eb99bd18b515a58
Batch4c_DGRP	Monitor6.txt	Batch4c_DGRP/Monitor6.txt	60274007	568636	0	ce1f9d12b00481ba77502eb8dc16470a74f929c67895361401493a7526c94fbf	b52cd13bfb4f619262a3d0d21ac9ff07	2025-08-16 10:00:00	2025-08-22 11:59:00	2025-08-16 09:50:00	2025-08-22 11:59:00	2025-08-16 09:50:00	2025-08-22 11:59:00	8770	921226	b698ad22c86e72bd5bc7c4578207f8047aafe7cd858b0744e6f2b879c5984e9f
Batch4c_DGRP	Monitor7.txt	Batch4c_DGRP/Monitor7.txt	60305835	568636	0	b1bea9ef20890e73708f78ea9c8bd4be53f48b10014d2bbb74454f70fcb66574	bc398044f9de608ba8ae9505a61afd36	2025-08-16 10:00:00	2025-08-22 11:59:00	2025-08-16 09:50:00	2025-08-22 11:59:00	2025-08-16 09:50:00	2025-08-22 11:59:00	8770	921828	3846e097a5aa8027d8e809ab764e92a2f344ae5d2c786f7a0505b99eedca1bf6
Batch4c_DGRP	Monitor8.txt	Batch4c_DGRP/Monitor8.txt	60294064	568636	0	efcac3ad57798dd66f2ad11f14f4a550e737e9001fb8b8d571d32ff8bcebdb90	cf3da6c3e9edfab06e35b46460c07b3d	2025-08-16 10:00:00	2025-08-22 11:59:00	2025-08-16 09:50:00	2025-08-22 11:59:00	2025-08-16 09:50:00	2025-08-22 11:59:00	8770	921628	47c51b54c1e67658dbf11ba85f961442eeff3c0e3bc67db66195f2a0c27257d2
Batch4c_DGRP	Monitor9.txt	Batch4c_DGRP/Monitor9.txt	60318104	568636	0	8dcc21e003523542f0781f0692bdb9bac2869b57fc113f0131201255977bb569	09180fe2614ba533cf361e23b286747c	2025-08-16 10:00:00	2025-08-22 11:59:00	2025-08-16 09:50:00	2025-08-22 11:59:00	2025-08-16 09:50:00	2025-08-22 11:59:00	8770	921309	43c0c5456dbfa076c7c130ec89bd40710533e468aba142ce39fabbb19ffc82c9
Batch5b_DGRP	Monitor10.txt	Batch5b_DGRP/Monitor10.txt	6231109	58703	0	fa37d690c6b373e28fc4bea87f6d5c57d69d7ab13767160b627760cf437554c5	a24f4297feea1f7e52c56c0938308549	2025-09-06 10:00:00	2025-09-12 10:20:00	2025-09-06 09:50:00	2025-09-12 10:20:00	2025-09-06 09:50:00	2025-09-12 10:20:00	8671	914962	6cdf73bdfd3b7ef0b6c30b2c8bba76e4f76eaf8098bc1e5f1cfdbb9ab4c7e189
Batch5b_DGRP	Monitor11.txt	Batch5b_DGRP/Monitor11.txt	6231677	58703	0	31d2b87a1bdb2e20c2296b3e7263b92534edca1fb7c37a3de68185b11e671796	bb244c84f4e72de525cc0933659a3a9d	2025-09-06 10:00:00	2025-09-12 10:20:00	2025-09-06 09:50:00	2025-09-12 10:20:00	2025-09-06 09:50:00	2025-09-12 10:20:00	8671	914567	31625530c4609d73142326ef766747675373c9c216b2c25737e6fdda4ff5b2af
Batch5b_DGRP	Monitor13.txt	Batch5b_DGRP/Monitor13.txt	6230165	58703	0	3edc4bc2b766eed15605cfa48ef0d56e4551d34bb28fa0fac7bff197a3a8e77f	e2d9298b85be7a4fa147c8197c3c0bc9	2025-09-06 10:00:00	2025-09-12 10:20:00	2025-09-06 09:50:00	2025-09-12 10:20:00	2025-09-06 09:50:00	2025-09-12 10:20:00	8671	914768	2db9192edae4b89337aaada31d35968ca9c9ecc9f986dc41d7f82349e06ee0be
Batch5b_DGRP	Monitor5.txt	Batch5b_DGRP/Monitor5.txt	6172807	58702	0	5c79731065eb59566e9624a800296c0d7322e2b6380cda7ec24c069a903bcf1a	8281683904fa260f1529c5322969c155	2025-09-06 10:00:00	2025-09-12 10:20:00	2025-09-06 09:50:00	2025-09-12 10:20:00	2025-09-06 09:50:00	2025-09-12 10:20:00	8671	906720	8f2797480da38ff3b96658b5395e2bd31b5fc16ffc9509a7bcac821a4fd6e1f4
Batch5b_DGRP	Monitor50.txt	Batch5b_DGRP/Monitor50.txt	6230120	58703	0	534106da21de7d5ed1bc65f0c9c019754652bf6c914e0f789936509c036ea77a	435e6fac782a740df613d73c0a7bd4d6	2025-09-06 10:00:00	2025-09-12 10:20:00	2025-09-06 09:50:00	2025-09-12 10:20:00	2025-09-06 09:50:00	2025-09-12 10:20:00	8671	914632	d19eb1cf8df20a0e53bd0acb7f8ede1d63d7d1e9a857dc091b3ae3936bffe691
Batch5b_DGRP	Monitor52.txt	Batch5b_DGRP/Monitor52.txt	6231406	58703	0	7076c5ede8b801f930e475dfc3d30c5cc53e6d63f4139efbcb0d55edfdf8daa2	3cb18d1c942673183741922143abecd9	2025-09-06 10:00:00	2025-09-12 10:20:00	2025-09-06 09:50:00	2025-09-12 10:20:00	2025-09-06 09:50:00	2025-09-12 10:20:00	8671	914773	72dba2e463fb082ddcf58743b3c81ac3ffc99f9f4ceab483051c18ec90d41307
Batch5b_DGRP	Monitor53.txt	Batch5b_DGRP/Monitor53.txt	6231270	58703	0	e78d90e3c1b32dfbefcbacc6b13247b67076587cd269a571e2737843282430bc	5da732b6f0b38dbe1bb22a6d4f9c5f32	2025-09-06 10:00:00	2025-09-12 10:20:00	2025-09-06 09:50:00	2025-09-12 10:20:00	2025-09-06 09:50:00	2025-09-12 10:20:00	8671	914791	e7455ac54807568cd3701ea067da8607f1662d64afc73dd8f6c4a1fb9bbe0cca
Batch5b_DGRP	Monitor54.txt	Batch5b_DGRP/Monitor54.txt	6231910	58703	0	c576ad28b6d48d3c4d1506ea32811fb5afc537b9d44f9d9d9d6b8c05dbfb093f	39e026aa54d7717ae325b23228711643	2025-09-06 10:00:00	2025-09-12 10:20:00	2025-09-06 09:50:00	2025-09-12 10:20:00	2025-09-06 09:50:00	2025-09-12 10:20:00	8671	914546	4ae7c18099124bae2c85c863cc9f87d4945fad1c7cbcc45e73698fecca80cd09
Batch5b_DGRP	Monitor6.txt	Batch5b_DGRP/Monitor6.txt	6171531	58702	0	38882c43fe9f6ef3352994581c0cd7d835f1cfdf7724e56642e045040aff4c83	a905fd94f8ae06cacb7b174de5021955	2025-09-06 10:00:00	2025-09-12 10:20:00	2025-09-06 09:50:00	2025-09-12 10:20:00	2025-09-06 09:50:00	2025-09-12 10:20:00	8671	906187	6d973384d25dd6d607c269165707ce6b0d93992ca15a1ff0ddfe0c28f10e3780
Batch5b_DGRP	Monitor9.txt	Batch5b_DGRP/Monitor9.txt	6170788	58703	0	4e0872e007d45f88a0c93cf78767e9320add6185cfad0444499e44393676404a	9aa0d4d341a34abccc707bdf3929542a	2025-09-06 10:00:00	2025-09-12 10:20:00	2025-09-06 09:50:00	2025-09-12 10:20:00	2025-09-06 09:50:00	2025-09-12 10:20:00	8671	905717	f597ea945ed60ce97b73ad00d2014a0379b09502912f16513a75100e675e1e6d
Batch6_DGRP	Monitor12.txt	Batch6_DGRP/Monitor12.txt	6231127	58703	0	03ee2199545f3788778b7490abdfbfc0cf4377a4f9c1e64202eea7cda16a2276	44930758bf668edb9b3427dc58b8669e	2025-08-30 10:00:00	2025-09-05 10:20:00	2025-08-30 09:50:00	2025-09-05 10:20:00	2025-08-30 09:50:00	2025-09-05 10:20:00	8671	909546	fe46b7b9acb55bc27bf986073a172be38d7e8b2713d9d0ee425b2bef3040d1ca
Batch6_DGRP	Monitor13.txt	Batch6_DGRP/Monitor13.txt	6230165	58703	0	3edc4bc2b766eed15605cfa48ef0d56e4551d34bb28fa0fac7bff197a3a8e77f	e2d9298b85be7a4fa147c8197c3c0bc9	2025-08-30 10:00:00	2025-09-05 10:20:00	2025-08-30 09:50:00	2025-09-05 10:20:00	2025-08-30 09:50:00	2025-09-05 10:20:00	8671	908744	e5a66bd3373d178b44b6d29b2ae256e378130a442acf1044899ee92447f434d6
Batch6_DGRP	Monitor50.txt	Batch6_DGRP/Monitor50.txt	6230120	58703	0	534106da21de7d5ed1bc65f0c9c019754652bf6c914e0f789936509c036ea77a	435e6fac782a740df613d73c0a7bd4d6	2025-08-30 10:00:00	2025-09-05 10:20:00	2025-08-30 09:50:00	2025-09-05 10:20:00	2025-08-30 09:50:00	2025-09-05 10:20:00	8671	908597	3848a7fe68881f51018ad589cd68df1ce997878b89edf073a80b5f40cdde1ffa
Batch6_DGRP	Monitor51.txt	Batch6_DGRP/Monitor51.txt	6231614	58703	0	68cb71f7d9c6291fa036a950a81e7c25c6a35280a102fd7ea90d0eaa8382e0ca	019b9436c639bd3fcbf6d38d64b97ef8	2025-08-30 10:00:00	2025-09-05 10:20:00	2025-08-30 09:50:00	2025-09-05 10:20:00	2025-08-30 09:50:00	2025-09-05 10:20:00	8671	909264	8fbc61603d40bd02d6a15e8ceee7709ee90e5b7ff9c27c56a03c59ba23d73db0
Batch6_DGRP	Monitor52.txt	Batch6_DGRP/Monitor52.txt	6231406	58703	0	7076c5ede8b801f930e475dfc3d30c5cc53e6d63f4139efbcb0d55edfdf8daa2	3cb18d1c942673183741922143abecd9	2025-08-30 10:00:00	2025-09-05 10:20:00	2025-08-30 09:50:00	2025-09-05 10:20:00	2025-08-30 09:50:00	2025-09-05 10:20:00	8671	908554	962a521aa3252eb6ab6831e2bfba539e59fb613e62addffe8ce511c7c380fe5f
Batch6_DGRP	Monitor53.txt	Batch6_DGRP/Monitor53.txt	6231270	58703	0	e78d90e3c1b32dfbefcbacc6b13247b67076587cd269a571e2737843282430bc	5da732b6f0b38dbe1bb22a6d4f9c5f32	2025-08-30 10:00:00	2025-09-05 10:20:00	2025-08-30 09:50:00	2025-09-05 10:20:00	2025-08-30 09:50:00	2025-09-05 10:20:00	8671	908510	38861a863d7ad909f0c784270ffcb357d14639c1b29dea286d88636a913a46bb
Batch6_DGRP	Monitor54.txt	Batch6_DGRP/Monitor54.txt	6231910	58703	0	c576ad28b6d48d3c4d1506ea32811fb5afc537b9d44f9d9d9d6b8c05dbfb093f	39e026aa54d7717ae325b23228711643	2025-08-30 10:00:00	2025-09-05 10:20:00	2025-08-30 09:50:00	2025-09-05 10:20:00	2025-08-30 09:50:00	2025-09-05 10:20:00	8671	909212	79f4e6e64ba4b4ad55f5d1bfc5e634a002c1b2e077ee07354f29884aff6e83a9
Batch6_DGRP	Monitor7.txt	Batch6_DGRP/Monitor7.txt	6172846	58702	0	a73cf6fcde9da4b8370385cf65f431071d71101ec17bf42c1fd3ae25845e580b	bbee89d1906847d8065dcb405417775f	2025-08-30 10:00:00	2025-09-05 10:20:00	2025-08-30 09:50:00	2025-09-05 10:20:00	2025-08-30 09:50:00	2025-09-05 10:20:00	8671	901109	782e1422662d23b28957bacb3f3ef8e2ae8b6a3a88f2cbfbcfbbad43cdafaec7
Batch6_DGRP	Monitor8.txt	Batch6_DGRP/Monitor8.txt	6173284	58703	0	10796bc086d0889f7d502270ee05b70eb04915a62ebdf056f0928bca580eac0a	1bdcd7c16666d1571b47e5169aa98d76	2025-08-30 10:00:00	2025-09-05 10:20:00	2025-08-30 09:50:00	2025-09-05 10:20:00	2025-08-30 09:50:00	2025-09-05 10:20:00	8671	901103	da1fe432de855a5075ebe09c906acf7f81c3e6790ae85714753fc9b4f7b460f7
Batch7_DGRP	Monitor50.txt	Batch7_DGRP/Monitor50.txt	73167454	683054	0	ead68011925b74c4c590a901e43f1762a2d03364a2e09261af078d58a1fe5427	62e255fdd7d203af929557ec95b1d089	2025-09-13 10:00:00	2025-09-19 11:59:00	2025-09-13 09:50:00	2025-09-19 11:59:00	2025-09-13 09:50:00	2025-09-19 11:59:00	8770	930285	e2830d25e76469db8bfc973bab3d425a9d58215c3f83946be6c40818fc9d8b09
Batch8_DGRP	Monitor10.txt	Batch8_DGRP/Monitor10.txt	68827679	643495	0	f0e78b76c4c834a38df95f494f3b45140a16526b6a62c06144022450ba58a1f7	19642744f4f9a7069a80f107dc5b4cec	2025-09-20 10:00:00	2025-09-26 10:20:00	2025-09-20 09:50:00	2025-09-26 10:20:00	2025-09-20 09:50:00	2025-09-26 10:20:00	8671	920159	f5b3d3647aef6371418ed600e2094ca2ec1ae6a264b1ca41dc08fcc89daa9689
Batch8_DGRP	Monitor11.txt	Batch8_DGRP/Monitor11.txt	68852336	643495	0	d9b77496ed17053fe528d45d17d57995a1407c8b52babd161f4fefb8b37ac7e5	00f26fd2ffeb8348adf944bb6339ee83	2025-09-20 10:00:00	2025-09-26 10:20:00	2025-09-20 09:50:00	2025-09-26 10:20:00	2025-09-20 09:50:00	2025-09-26 10:20:00	8671	920208	61bac9e5c4c3907395ab36f7ef07faa4e510b4555bb633ea41e39da2bb9038af
Batch8_DGRP	Monitor12.txt	Batch8_DGRP/Monitor12.txt	68864850	643495	0	a98b653558f419e00dcef252da3d892e73e26dd06c2c95bd37d308eb48af6387	5a0dd52c7bb8ca5438e5eb541650f412	2025-09-20 10:00:00	2025-09-26 10:20:00	2025-09-20 09:50:00	2025-09-26 10:20:00	2025-09-20 09:50:00	2025-09-26 10:20:00	8671	919305	5a79345f773474c62d0c8f4f682c31545efb8a0c6f7bc95b5cd34573972642d5
Batch8_DGRP	Monitor13.txt	Batch8_DGRP/Monitor13.txt	68861837	643495	0	1d5863d8821a5b5f3dc6e60fca88a3dc10dfb6bc70ac2d72b435d22195d302da	3956c0d474613ae4390865027a352e65	2025-09-20 10:00:00	2025-09-26 10:20:00	2025-09-20 09:50:00	2025-09-26 10:20:00	2025-09-20 09:50:00	2025-09-26 10:20:00	8671	919903	600cfb4492a27b9d3941e52af72eb2892757fd4c38c27b9c3eea6cb8f00b912e
Batch8_DGRP	Monitor5.txt	Batch8_DGRP/Monitor5.txt	68216460	643495	0	9cadf71cf23429c2928fa225ca0c98a5da47e79ac7e4c6975d4ef50bad8996d4	7fd1dc2ffb8d37c0c00f092a1b19895b	2025-09-20 10:00:00	2025-09-26 10:20:00	2025-09-20 09:50:00	2025-09-26 10:20:00	2025-09-20 09:50:00	2025-09-26 10:20:00	8671	911291	636ac8fa9a92d261fc826eac825cc87980aa351fa709833657afe4b030638230
Batch8_DGRP	Monitor6.txt	Batch8_DGRP/Monitor6.txt	68190675	643495	0	bf9e094dc1cf46a3386b692431444b2e554bd0fcfd9b413c14e931233b4d67f8	2583215e44c4ac6cde2e554b5b0b4f6e	2025-09-20 10:00:00	2025-09-26 10:20:00	2025-09-20 09:50:00	2025-09-26 10:20:00	2025-09-20 09:50:00	2025-09-26 10:20:00	8671	911087	d686ac359b4dbd6e14bc1aa52abe83d760c643a598b9ecf4eb92d84efbf7b66c
Batch8_DGRP	Monitor7.txt	Batch8_DGRP/Monitor7.txt	68223110	643495	0	f6a27aa03ee8e695500973860b495358ae02ef77404d8f4a3f0a043b5eef33cc	999753e636f30126272a9bef1feccbd6	2025-09-20 10:00:00	2025-09-26 10:20:00	2025-09-20 09:50:00	2025-09-26 10:20:00	2025-09-20 09:50:00	2025-09-26 10:20:00	8671	911348	faeb5c59f70c4a065b8ec9aa384c9a8c29f8d5ba49cadab143843d14e6f32247
Batch8_DGRP	Monitor8.txt	Batch8_DGRP/Monitor8.txt	68212438	643495	0	83b46cfdf1ff4498227df205a2ea083c43599c9d392703d66b4fd8951c16aa35	cd7f0fc3fc9408e4aa96893b8d2f52e6	2025-09-20 10:00:00	2025-09-26 10:20:00	2025-09-20 09:50:00	2025-09-26 10:20:00	2025-09-20 09:50:00	2025-09-26 10:20:00	8671	911736	8593bd6159ea7b4ae6c15c9f47950b2839ab2b09e45f3e87722d6ab4dd97489c
Batch8_DGRP	Monitor9.txt	Batch8_DGRP/Monitor9.txt	68235481	643495	0	59958cd59a70c6ee79618f3ad381d5248d3b056b36e0ff5abd780c9af191955f	de4e6688c8e725b143b7df40c1338365	2025-09-20 10:00:00	2025-09-26 10:20:00	2025-09-20 09:50:00	2025-09-26 10:20:00	2025-09-20 09:50:00	2025-09-26 10:20:00	8671	911426	fee4f3b550d9aa7f2fe16c4c7439f5b44cd7e6c334c933458cf6f8655fa34944
Batch9_DGRP	Monitor27.txt	Batch9_DGRP/Monitor27.txt	68972506	643495	0	e32e46b6272fc50988dd8286488726305509b597b7e40bbfdb20710dd529434b	f8e1d64671d1caa9da1e58d605faaf6c	2025-10-04 10:00:00	2025-10-10 10:20:00	2025-10-04 09:50:00	2025-10-10 10:20:00	2025-10-04 09:50:00	2025-10-10 10:20:00	8671	923254	721ab4d20b06f4076d546b563dcd0505536f022df4e2cb7ccd778462a9a41538
Batch9_DGRP	Monitor28.txt	Batch9_DGRP/Monitor28.txt	68861131	643495	0	59a2079bd1a7a1f147dc2363cd70866deb813ed8f35e01815a8c10526e6dbfec	8a48819b2054a46956f0c9754a62bcfa	2025-10-04 10:00:00	2025-10-10 10:20:00	2025-10-04 09:50:00	2025-10-10 10:20:00	2025-10-04 09:50:00	2025-10-10 10:20:00	8671	920303	ddc0001a15419c233a50f8e1b667e98d11a207801b969aab40010cd16d64227e
Batch9_DGRP	Monitor29.txt	Batch9_DGRP/Monitor29.txt	68870533	643495	0	26559c260e3b8a43fbf1767f07c2a25515ca3162dbb17393573b25643fcdd614	f5d29082a87aa09e49939ac0990a385f	2025-10-04 10:00:00	2025-10-10 10:20:00	2025-10-04 09:50:00	2025-10-10 10:20:00	2025-10-04 09:50:00	2025-10-10 10:20:00	8671	921576	7936166c328c207e888dee78a72ec54d56c2fce38bb5fc5c4edfac8026e7ee33
Batch9_DGRP	Monitor30.txt	Batch9_DGRP/Monitor30.txt	68890447	643495	0	9632876119aa289e41fcac49046da48714e92d5dd68540ad6c07e42ee34a52e5	f0b309e6ca8f82584427ea223b8f6dc1	2025-10-04 10:00:00	2025-10-10 10:20:00	2025-10-04 09:50:00	2025-10-10 10:20:00	2025-10-04 09:50:00	2025-10-10 10:20:00	8671	920790	eb0819f58f9c3167025e2e828c4088168a693154ac27853dcb8afb7a5edd665e
Batch9_DGRP	Monitor32.txt	Batch9_DGRP/Monitor32.txt	69065697	643495	0	fed0e9fd518caaa48618550671834dfef1399e1d68e7d528778bea082196ff0b	83d7f7ec050ff2498f17e92895bf626f	2025-10-04 10:00:00	2025-10-10 10:20:00	2025-10-04 09:50:00	2025-10-10 10:20:00	2025-10-04 09:50:00	2025-10-10 10:20:00	8671	920404	387f13451c6c5cdf0b314322ebd229b63a14f4a4931772db21560ec30a4fae66
Batch9_DGRP	Monitor40.txt	Batch9_DGRP/Monitor40.txt	68839822	643495	0	d0a6046e194ec052ea2ac989140c6bf973c470c3388d113114fd3dac7e73e19b	1e13485af4555f17b24264f42f93f084	2025-10-04 10:00:00	2025-10-10 10:20:00	2025-10-04 09:50:00	2025-10-10 10:20:00	2025-10-04 09:50:00	2025-10-10 10:20:00	8671	923249	d0f2d1c8bd745e8ce5ec1bf577292dc74488020de8d8a3a8bd97c603904c4313
Batch9_DGRP	Monitor41.txt	Batch9_DGRP/Monitor41.txt	68925222	643495	0	887ecda29fe8ce4a3ac54d29bbed37b95c48633dc26f0ced84ebb9d01c728f9d	7b99e2167f0d7830ed0538a1e18b4eae	2025-10-04 10:00:00	2025-10-10 10:20:00	2025-10-04 09:50:00	2025-10-10 10:20:00	2025-10-04 09:50:00	2025-10-10 10:20:00	8671	920172	28bb34e9e423d57a66ef2d87adc5ca5579d3e55dd3a958cd8a5653a0d4940071
Batch9_DGRP	Monitor42.txt	Batch9_DGRP/Monitor42.txt	68890376	643495	0	d4a00910a2b769324c5283d981348c87d576eef126f1646abee5cf5c4da39c81	71a1971c3b88c22013dd68cd44fdaa69	2025-10-04 10:00:00	2025-10-10 10:20:00	2025-10-04 09:50:00	2025-10-10 10:20:00	2025-10-04 09:50:00	2025-10-10 10:20:00	8671	921689	00f0fa4d34a60a4a4a79d21b73e06dab82531b4d1d675cea9c8f97fb46c96748
Batch9_DGRP	Monitor44.txt	Batch9_DGRP/Monitor44.txt	68892673	643495	0	fc5f58021595f3128f009dc1744552813a424a6fbbbf77cb76a9a150b7077c64	790fe1e9780f954cfd6f1c64b99f5bfe	2025-10-04 10:00:00	2025-10-10 10:20:00	2025-10-04 09:50:00	2025-10-10 10:20:00	2025-10-04 09:50:00	2025-10-10 10:20:00	8671	920413	09e355ed74df7cc28d4c29dd1389d5031cd1b1920fd955c74668cf4c6650fe65
Batch9_DGRP	Monitor45.txt	Batch9_DGRP/Monitor45.txt	68895072	643495	0	b1fca5d1d9fe30a14f0fbfb20f5c7774ccb2ce87b18e8b849fa1124cc2537444	a9753993f05c2e6e99bdb8984110e847	2025-10-04 10:00:00	2025-10-10 10:20:00	2025-10-04 09:50:00	2025-10-10 10:20:00	2025-10-04 09:50:00	2025-10-10 10:20:00	8671	920612	46ba1bf9ccaac913d4a845e065c0b48a522f92664ea7f665bc7147878b7dd5f3
Batch9_DGRP	Monitor46.txt	Batch9_DGRP/Monitor46.txt	68996429	643495	0	42ca9f84d7a4e962036d5ac34de81b762d0126ca5dede6cd5f5cffa20036bc9a	4ecf2f45935646477f6aa45419b4dcb6	2025-10-04 10:00:00	2025-10-10 10:20:00	2025-10-04 09:50:00	2025-10-10 10:20:00	2025-10-04 09:50:00	2025-10-10 10:20:00	8671	920208	b02167033c9c65d50ea10bfd858f746a3bbbc2d70c68c35ecd36d3d3a3a624bc
