"id","region_id","experiment_id","start_datetime","stop_datetime","status","Sex","Genotype","Temperature","Treatment","Environment","Light","monitor","Batch","Sleep_Fraction_All","Sleep_Time_All","Sleep_Fraction_L","Sleep_Time_L","Sleep_Fraction_D","Sleep_Time_D","Day1_latency","Day1_first_bout_length","Day1_latency_to_longest_bout","Day1_Sleep_Fraction_All","Day1_Sleep_Time_All","Day1_Sleep_Fraction_L","Day1_Sleep_Time_L","Day1_Sleep_Fraction_D","Day1_Sleep_Time_D","Day2_latency","Day2_first_bout_length","Day2_latency_to_longest_bout","Day2_Sleep_Fraction_All","Day2_Sleep_Time_All","Day2_Sleep_Fraction_L","Day2_Sleep_Time_L","Day2_Sleep_Fraction_D","Day2_Sleep_Time_D","Day3_latency","Day3_first_bout_length","Day3_latency_to_longest_bout","Day3_Sleep_Fraction_All","Day3_Sleep_Time_All","Day3_Sleep_Fraction_L","Day3_Sleep_Time_L","Day3_Sleep_Fraction_D","Day3_Sleep_Time_D","Day4_latency","Day4_first_bout_length","Day4_latency_to_longest_bout","Day4_Sleep_Fraction_All","Day4_Sleep_Time_All","Day4_Sleep_Fraction_L","Day4_Sleep_Time_L","Day4_Sleep_Fraction_D","Day4_Sleep_Time_D","Day5_latency","Day5_first_bout_length","Day5_latency_to_longest_bout","Day5_Sleep_Fraction_All","Day5_Sleep_Time_All","Day5_Sleep_Fraction_L","Day5_Sleep_Time_L","Day5_Sleep_Fraction_D","Day5_Sleep_Time_D","Day6_latency","Day6_first_bout_length","Day6_latency_to_longest_bout","Day6_Sleep_Fraction_All","Day6_Sleep_Time_All","Day6_Sleep_Fraction_L","Day6_Sleep_Time_L","Day6_Sleep_Fraction_D","Day6_Sleep_Time_D","n_Bouts_L","mean_Bout_Length_L","n_Bouts_D","mean_Bout_Length_D"
"2026-03-21 09:00:00|Monitor31.txt|01",1,"2026-03-21 09:00:00|Monitor31.txt",2026-03-21T09:00:00Z,2026-03-27T09:30:00Z,"OK","M","CS","21.5C","Winter","NA","08:12","M31","Batch26_DGRP",0.59298692280986,853.901168846199,0.430059007289136,206.428323498785,0.674479166666667,647.5,0,1200,14940,0.782095766828591,1126.21790423317,0.725571725571726,348.274428274428,0.810416666666667,778,360,360,74220,0.717557251908397,1033.28244274809,0.613305613305613,294.386694386694,0.769791666666667,739,10320,3360,41280,0.562109646079112,809.437890353921,0.384615384615385,184.615384615385,0.651041666666667,625,2940,480,71220,0.524635669673838,755.475364330326,0.328482328482329,157.671517671518,0.622916666666667,598,5100,300,74520,0.487855655794587,702.512144344206,0.239085239085239,114.760914760915,0.6125,588,9000,540,46320,0.482303955586398,694.517696044414,0.286902286902287,137.713097713098,0.580208333333333,557,21.1666666666667,19.6141732283465,39.5,25.253164556962
"2026-03-21 09:00:00|Monitor31.txt|02",2,"2026-03-21 09:00:00|Monitor31.txt",2026-03-21T09:00:00Z,2026-03-27T09:30:00Z,"OK","M","CS","21.5C","Winter","NA","08:12","M31","Batch26_DGRP",0.553523897697026,797.074412683717,0.210690732384589,101.131551544603,0.725,696,60,300,70800,0.67175572519084,967.328244274809,0.330561330561331,158.669438669439,0.842708333333333,809,1140,480,42660,0.632199861207495,910.367800138792,0.286902286902287,137.713097713098,0.805208333333333,773,2340,300,40200,0.596113809854268,858.403886190146,0.25987525987526,124.740124740125,0.764583333333333,734,15060,360,41100,0.517696044413602,745.482303955586,0.0873180873180873,41.9126819126819,0.733333333333333,704,14640,420,72480,0.45176960444136,650.548230395559,0.151767151767152,72.8482328482329,0.602083333333333,578,12000,360,44040,0.449687716863289,647.550312283137,0.145530145530146,69.8544698544699,0.602083333333333,578,15.6666666666667,23.0957446808511,41.8333333333333,24.9760956175299
"2026-03-21 09:00:00|Monitor31.txt|03",3,"2026-03-21 09:00:00|Monitor31.txt",2026-03-21T09:00:00Z,2026-03-27T09:30:00Z,"OK","M","CS","21.5C","Winter","NA","08:12","M31","Batch26_DGRP",0.713806272422173,1027.88103228793,0.438389448108296,210.426935091982,0.8515625,817.5,0,1560,49020,0.802914642609299,1156.19708535739,0.557172557172557,267.442827442828,0.926041666666667,889,3300,900,43260,0.763358778625954,1099.23664122137,0.465696465696466,223.534303534304,0.9125,876,2220,420,64080,0.796668979875087,1147.20333102013,0.659043659043659,316.340956340956,0.865625,831,10440,300,43620,0.678695350451076,977.321304649549,0.276507276507277,132.723492723493,0.880208333333333,845,7860,420,48480,0.59264399722415,853.407356002776,0.35966735966736,172.640332640333,0.709375,681,8520,480,68340,0.646079111727967,930.353920888272,0.307692307692308,147.692307692308,0.815625,783,16.8333333333333,24.7920792079208,20.8333333333333,48.04
"2026-03-21 09:00:00|Monitor31.txt|04",4,"2026-03-21 09:00:00|Monitor31.txt",2026-03-21T09:00:00Z,2026-03-27T09:30:00Z,"OK","M","CS","21.5C","Winter","NA","08:12","M31","Batch26_DGRP",0.762758939937507,1098.37287351001,0.668170774036793,320.721971537661,0.810069444444445,777.666666666667,0,300,41220,0.835530881332408,1203.16446911867,0.852390852390852,409.147609147609,0.827083333333333,794,720,480,40500,0.83969465648855,1209.16030534351,0.871101871101871,418.128898128898,0.823958333333333,791,660,300,66240,0.650936849410132,937.34906315059,0.563409563409563,270.43659043659,0.694791666666667,667,2160,300,39120,0.713393476752255,1027.28660652325,0.609147609147609,292.390852390852,0.765625,735,1740,420,40920,0.717557251908397,1033.28244274809,0.563409563409563,270.43659043659,0.794791666666667,763,420,300,49380,0.816793893129771,1176.18320610687,0.542619542619543,260.45738045738,0.954166666666667,916,34.8333333333333,13.7799043062201,26.6666666666667,34.74375
"2026-03-21 09:00:00|Monitor31.txt|05",5,"2026-03-21 09:00:00|Monitor31.txt",2026-03-21T09:00:00Z,2026-03-27T09:30:00Z,"OK","M","CS","21.5C","Winter","NA","08:12","M31","Batch26_DGRP",0.738340469853026,1063.21027658836,0.560222145088511,268.906629642485,0.827430555555556,794.333333333333,0,660,47340,0.721027064538515,1038.27897293546,0.503118503118503,241.496881496882,0.830208333333333,797,3660,540,67140,0.834836918806385,1202.16516308119,0.769230769230769,369.230769230769,0.867708333333333,833,780,300,58680,0.770992366412214,1110.22900763359,0.623700623700624,299.376299376299,0.844791666666667,811,5400,300,67020,0.696738376127689,1003.30326162387,0.413721413721414,198.586278586279,0.838541666666667,805,2340,360,60600,0.754337265787648,1086.24566273421,0.667359667359667,320.33264033264,0.797916666666667,766,180,1020,42840,0.652324774462179,939.347675225538,0.386694386694387,185.613305613306,0.785416666666667,754,19.5,24.6923076923077,13,71.974358974359
"2026-03-21 09:00:00|Monitor31.txt|06",6,"2026-03-21 09:00:00|Monitor31.txt",2026-03-21T09:00:00Z,2026-03-27T09:30:00Z,"OK","M","CS","21.5C","Winter","NA","08:12","M31","Batch26_DGRP",0.491031130656174,707.084828144891,0.318639361332871,152.946893439778,0.577256944444445,554.166666666667,0,1560,39420,0.7529493407356,1084.24705065926,0.563409563409563,270.43659043659,0.847916666666667,814,2820,660,17160,0.578764746703678,833.421235253296,0.498960498960499,239.50103950104,0.61875,594,1620,960,75540,0.562109646079112,809.437890353921,0.440748440748441,211.559251559252,0.622916666666667,598,1380,360,38100,0.358084663428175,515.641915336572,0.0353430353430353,16.964656964657,0.519791666666667,499,1740,300,74640,0.242886884108258,349.757113115892,0.170478170478171,81.8295218295218,0.279166666666667,268,3600,420,52920,0.449687716863289,647.550312283137,0.1995841995842,95.8004158004158,0.575,552,16,29.03125,34.5,27.743961352657
"2026-03-21 09:00:00|Monitor31.txt|07",7,"2026-03-21 09:00:00|Monitor31.txt",2026-03-21T09:00:00Z,2026-03-27T09:30:00Z,"OK","M","CS","21.5C","Winter","NA","08:12","M31","Batch26_DGRP",0.665085059599583,957.7224858234,0.437695244706699,210.093717459216,0.778819444444444,747.666666666667,7260,300,38880,0.764052741151978,1100.23594725885,0.478170478170478,229.52182952183,0.907291666666667,871,1800,300,63240,0.757113115891742,1090.24288688411,0.715176715176715,343.284823284823,0.778125,747,1140,720,39000,0.763358778625954,1099.23664122137,0.648648648648649,311.351351351351,0.820833333333333,788,11220,1020,45660,0.529493407356003,762.470506592644,0.218295218295218,104.781704781705,0.685416666666667,658,6720,300,37680,0.585704371963914,843.414295628036,0.234927234927235,112.765072765073,0.761458333333333,731,5640,300,60300,0.588480222068008,847.411519777932,0.326403326403326,156.673596673597,0.719791666666667,691,20.5,20.4227642276423,23.6666666666667,42.2957746478873
"2026-03-21 09:00:00|Monitor31.txt|08",8,"2026-03-21 09:00:00|Monitor31.txt",2026-03-21T09:00:00Z,2026-03-27T09:30:00Z,"OK","M","CS","21.5C","Winter","NA","08:12","M31","Batch26_DGRP",0.413493808586969,595.431084365236,0.394307532106907,189.267615411316,0.423090277777778,406.166666666667,4740,420,45120,0.612768910478834,882.387231089521,0.48024948024948,230.519750519751,0.679166666666667,652,5340,660,47820,0.56557945870923,814.434420541291,0.571725571725572,274.428274428274,0.5625,540,5100,780,21540,0.413601665510062,595.58639833449,0.550935550935551,264.449064449064,0.344791666666667,331,2040,300,71280,0.348369188063845,501.651630811936,0.32016632016632,153.679833679834,0.3625,348,4800,1320,79320,0.277585010409438,399.722414989591,0.365904365904366,175.634095634096,0.233333333333333,224,10200,300,50160,0.262317834836919,377.737682165163,0.0748440748440749,35.9251559251559,0.35625,342,18.8333333333333,23.4247787610619,25.8333333333333,37.7870967741936
"2026-03-21 09:00:00|Monitor31.txt|09",9,"2026-03-21 09:00:00|Monitor31.txt",2026-03-21T09:00:00Z,2026-03-27T09:30:00Z,"OK","M","CS","21.5C","Winter","NA","08:12","M31","Batch26_DGRP",0.437449369285962,629.927091771786,0.21867407150295,104.963554321416,0.546875,525,3840,480,68040,0.53088133240805,764.469118667592,0.214137214137214,102.785862785863,0.689583333333333,662,3300,420,53280,0.47883414295628,689.521165857044,0.195426195426195,93.8045738045738,0.620833333333333,596,4500,300,75000,0.3088133240805,444.69118667592,0.239085239085239,114.760914760915,0.34375,330,23940,300,79380,0.327550312283137,471.672449687717,0.0395010395010395,18.960498960499,0.471875,453,13860,300,48000,0.426092990978487,613.573907009022,0.185031185031185,88.8149688149688,0.546875,525,5460,420,65760,0.551700208188758,794.448299791811,0.438669438669439,210.561330561331,0.608333333333333,584,20.3333333333333,18.4672131147541,34,30.6617647058824
"2026-03-21 09:00:00|Monitor31.txt|10",10,"2026-03-21 09:00:00|Monitor31.txt",2026-03-21T09:00:00Z,2026-03-27T09:30:00Z,"OK","M","CS","21.5C","Winter","NA","08:12","M31","Batch26_DGRP",0.433514639509316,624.261080893415,0.307879208608122,147.782020131899,0.496354166666667,476.5,10980,540,40620,0.676613462873005,974.323386537127,0.521829521829522,250.47817047817,0.754166666666667,724,60,300,48660,0.700208188757807,1008.29979181124,0.496881496881497,238.503118503119,0.802083333333333,770,13620,360,73200,0.492019430950729,708.507980569049,0.374220374220374,179.62577962578,0.551041666666667,529,13680,360,44340,0.257460097154754,370.742539902845,0.143451143451143,68.8565488565489,0.314583333333333,302,11460,300,75600,0.236641221374046,340.763358778626,0.166320166320166,79.8336798336798,0.271875,261,3720,300,64560,0.236641221374046,340.763358778626,0.141372141372141,67.8586278586279,0.284375,273,19.1666666666667,20.0695652173913,31,33.4569892473118
"2026-03-21 09:00:00|Monitor31.txt|11",11,"2026-03-21 09:00:00|Monitor31.txt",2026-03-21T09:00:00Z,2026-03-27T09:30:00Z,"OK","M","CS","21.5C","Winter","NA","08:12","M31","Batch26_DGRP",0.394745978474714,568.434209003588,0.275251648733079,132.120791391878,0.454513888888889,436.333333333333,4200,420,19320,0.538514920194309,775.461485079806,0.395010395010395,189.60498960499,0.610416666666667,586,2640,300,43860,0.53088133240805,764.469118667592,0.330561330561331,158.669438669439,0.63125,606,120,300,15720,0.362248438584316,521.637751561416,0.307692307692308,147.692307692308,0.389583333333333,374,2580,300,75300,0.219292158223456,315.780707841777,0.106029106029106,50.8939708939709,0.276041666666667,265,1320,420,76980,0.302567661346287,435.697432338654,0.168399168399168,80.8316008316008,0.369791666666667,355,0,300,74040,0.414295628036086,596.585704371964,0.343035343035343,164.656964656965,0.45,432,17.5,27.0952380952381,34,27.8137254901961
"2026-03-21 09:00:00|Monitor31.txt|12",12,"2026-03-21 09:00:00|Monitor31.txt",2026-03-21T09:00:00Z,2026-03-27T09:30:00Z,"OK","M","CS","21.5C","Winter","NA","08:12","M31","Batch26_DGRP",0.611966207614859,881.231338965398,0.374522735161402,179.770912877473,0.730729166666667,701.5,540,360,14220,0.623178348369188,897.376821651631,0.528066528066528,253.471933471934,0.670833333333333,644,4260,1320,62700,0.675225537820958,972.324774462179,0.455301455301455,218.544698544699,0.785416666666667,754,13440,540,62220,0.653712699514226,941.346287300486,0.411642411642412,197.588357588358,0.775,744,4680,360,49140,0.560721721027065,807.439278278973,0.243243243243243,116.756756756757,0.719791666666667,691,4320,1560,54300,0.591950034698126,852.408049965302,0.336798336798337,161.663201663202,0.719791666666667,691,4440,1680,41100,0.564885496183206,813.435114503817,0.268191268191268,128.731808731809,0.713541666666667,685,17.1666666666667,23.378640776699,22.1666666666667,45.8421052631579
"2026-03-21 09:00:00|Monitor31.txt|13",13,"2026-03-21 09:00:00|Monitor31.txt",2026-03-21T09:00:00Z,2026-03-27T09:30:00Z,"OK","M","CS","21.5C","Winter","NA","08:12","M31","Batch26_DGRP",0.4967017706284,715.250549704895,0.362027073932662,173.772995487678,0.5640625,541.5,5220,300,75840,0.448993754337266,646.551006245663,0.365904365904366,175.634095634096,0.490625,471,3600,300,74100,0.507286606523248,730.492713393477,0.367983367983368,176.632016632017,0.577083333333333,554,2160,540,72720,0.444829979181124,640.555170020819,0.1995841995842,95.8004158004158,0.567708333333333,545,1560,300,70140,0.484385843164469,697.515614156836,0.311850311850312,149.68814968815,0.570833333333333,548,1740,360,38700,0.535739070090215,771.46426092991,0.457380457380458,219.54261954262,0.575,552,300,300,59340,0.557251908396947,802.442748091603,0.465696465696466,223.534303534304,0.603125,579,29.6666666666667,15.7134831460674,44.8333333333333,21.0817843866171
"2026-03-21 09:00:00|Monitor31.txt|14",14,"2026-03-21 09:00:00|Monitor31.txt",2026-03-21T09:00:00Z,2026-03-27T09:30:00Z,"OK","M","CS","21.5C","Winter","NA","08:12","M31","Batch26_DGRP",0.326929753500752,470.778845041083,0.230128427629295,110.461645262062,0.375347222222222,360.333333333333,4380,420,60960,0.606523247744622,873.393476752255,0.382536382536383,183.617463617464,0.71875,690,2340,2040,52080,0.545454545454545,785.454545454545,0.548856548856549,263.451143451143,0.54375,522,1800,540,52620,0.263705759888966,379.736294240111,0.166320166320166,79.8336798336798,0.3125,300,3000,600,60600,0.0964607911172797,138.903539208883,0.0207900207900208,9.97920997920998,0.134375,129,18480,360,56520,0.116585704371964,167.883414295628,0.103950103950104,49.8960498960499,0.122916666666667,118,5460,660,68820,0.331714087439278,477.668285912561,0.155925155925156,74.8440748440749,0.419791666666667,403,20.1666666666667,25.4380165289256,31.5,28.8571428571429
"2026-03-21 09:00:00|Monitor31.txt|15",15,"2026-03-21 09:00:00|Monitor31.txt",2026-03-21T09:00:00Z,2026-03-27T09:30:00Z,"OK","M","CS","21.5C","Winter","NA","08:12","M31","Batch26_DGRP",0.705936812868881,1016.54901053119,0.529677195418258,254.245053800764,0.794097222222222,762.333333333333,6540,300,40740,0.813324080499653,1171.1866759195,0.700623700623701,336.299376299376,0.869791666666667,835,2820,1020,37680,0.834836918806385,1202.16516308119,0.804573804573805,386.195426195426,0.85,816,4080,420,41040,0.692574600971548,997.307425399029,0.525987525987526,252.474012474012,0.776041666666667,745,5820,480,41340,0.666897987508675,960.333102012491,0.417879417879418,200.582120582121,0.791666666666667,760,4200,1020,46080,0.628036086051353,904.371963913949,0.411642411642412,197.588357588358,0.736458333333333,707,4620,600,48360,0.597501734906315,860.402498265094,0.311850311850312,149.68814968815,0.740625,711,21.1666666666667,20.8267716535433,14,70.0714285714286
"2026-03-21 09:00:00|Monitor31.txt|17",17,"2026-03-21 09:00:00|Monitor31.txt",2026-03-21T09:00:00Z,2026-03-27T09:30:00Z,"OK","M","CS","21.5C","Winter","NA","08:12","M31","Batch26_DGRP",0.600624927670409,864.899895845388,0.499132245748004,239.583477959042,0.651388888888889,625.333333333333,4560,300,43200,0.730742539902845,1052.2692574601,0.671517671517672,322.328482328482,0.760416666666667,730,2100,360,41940,0.758501040943789,1092.24149895906,0.802494802494803,385.197505197505,0.736458333333333,707,2400,300,43620,0.60235947258848,867.397640527412,0.457380457380458,219.54261954262,0.675,648,3300,300,61620,0.413601665510062,595.58639833449,0.392931392931393,188.607068607069,0.423958333333333,407,10680,300,45960,0.465648854961832,670.534351145038,0.185031185031185,88.8149688149688,0.60625,582,840,540,58320,0.630811936155448,908.369188063845,0.48024948024948,230.519750519751,0.70625,678,26.6666666666667,16.15625,21.1666666666667,46.8031496062992
"2026-03-21 09:00:00|Monitor31.txt|18",18,"2026-03-21 09:00:00|Monitor31.txt",2026-03-21T09:00:00Z,2026-03-27T09:30:00Z,"OK","M","CS","21.5C","Winter","NA","08:12","M31","Batch26_DGRP",0.621803032056475,895.396366161324,0.602915654286706,289.399514057619,0.63125,606,0,3480,57300,0.709229701596114,1021.2907702984,0.688149688149688,330.31185031185,0.719791666666667,691,6840,1800,50040,0.80499653018737,1159.19500346981,0.904365904365904,434.095634095634,0.755208333333333,725,480,3000,72960,0.815405968077724,1174.18459403192,0.879417879417879,422.120582120582,0.783333333333333,752,180,360,47280,0.628730048577377,905.371269951423,0.611226611226611,293.388773388773,0.6375,612,5220,540,77460,0.270645385149202,389.729354614851,0.301455301455301,144.698544698545,0.255208333333333,245,5040,900,64500,0.501040943789035,721.498959056211,0.230769230769231,110.769230769231,0.636458333333333,611,17.8333333333333,25.3084112149533,19,50.8947368421053
"2026-03-21 09:00:00|Monitor31.txt|19",19,"2026-03-21 09:00:00|Monitor31.txt",2026-03-21T09:00:00Z,2026-03-27T09:30:00Z,"OK","M","CS","21.5C","Winter","NA","08:12","M31","Batch26_DGRP",0.488137946996875,702.918643675501,0.467893092676154,224.588684484554,0.498263888888889,478.333333333333,0,4260,46740,0.664816099930604,957.335183900069,0.661122661122661,317.338877338877,0.666666666666667,640,4560,540,12120,0.800832755031228,1153.19916724497,0.819126819126819,393.180873180873,0.791666666666667,760,4320,600,48840,0.71616932685635,1031.28383067314,0.762993762993763,366.237006237006,0.692708333333333,665,5280,300,46200,0.405968077723803,584.594031922276,0.367983367983368,176.632016632017,0.425,408,19260,300,47760,0.209576682859126,301.790423317141,0.114345114345114,54.8856548856549,0.257291666666667,247,3120,360,48660,0.132546842470507,190.86745315753,0.0852390852390852,40.9147609147609,0.15625,150,11.3333333333333,42.4558823529412,21,45.1746031746032
"2026-03-21 09:00:00|Monitor31.txt|20",20,"2026-03-21 09:00:00|Monitor31.txt",2026-03-21T09:00:00Z,2026-03-27T09:30:00Z,"OK","M","CS","21.5C","Winter","NA","08:12","M31","Batch26_DGRP",0.675153338733943,972.220807776878,0.582089552238806,279.402985074627,0.721701388888889,692.833333333333,4860,360,60360,0.685634975711312,987.314365024289,0.540540540540541,259.459459459459,0.758333333333333,728,2400,540,59460,0.793893129770992,1143.20610687023,0.694386694386694,333.305613305613,0.84375,810,60,2040,53700,0.581540596807772,837.418459403192,0.484407484407485,232.515592515593,0.630208333333333,605,360,780,46320,0.557251908396947,802.442748091603,0.501039501039501,240.498960498961,0.585416666666667,562,840,360,48240,0.706453851492019,1017.29354614851,0.609147609147609,292.390852390852,0.755208333333333,725,0,780,66000,0.725190839694657,1044.27480916031,0.661122661122661,317.338877338877,0.757291666666667,727,30.3333333333333,15.5714285714286,35.6666666666667,26.3317757009346
"2026-03-21 09:00:00|Monitor31.txt|21",21,"2026-03-21 09:00:00|Monitor31.txt",2026-03-21T09:00:00Z,2026-03-27T09:30:00Z,"OK","M","CS","21.5C","Winter","NA","08:12","M31","Batch26_DGRP",0.562319176021294,809.739613470663,0.448455397431447,215.258590767095,0.619270833333333,594.5,0,3240,42840,0.625260235947259,900.374739764053,0.598752598752599,287.401247401247,0.638541666666667,613,120,300,67320,0.667591950034698,961.332408049965,0.53014553014553,254.469854469854,0.736458333333333,707,2340,660,40440,0.668979875086745,963.331020124913,0.642411642411642,308.357588357588,0.682291666666667,655,5640,300,77820,0.428174878556558,616.571825121444,0.318087318087318,152.681912681913,0.483333333333333,464,4500,360,75240,0.426786953504511,614.573213046495,0.286902286902287,137.713097713098,0.496875,477,4260,420,41160,0.555863983344899,800.444136016655,0.311850311850312,149.68814968815,0.678125,651,24.3333333333333,18.0958904109589,37,26.4189189189189
"2026-03-21 09:00:00|Monitor31.txt|22",22,"2026-03-21 09:00:00|Monitor31.txt",2026-03-21T09:00:00Z,2026-03-27T09:30:00Z,"OK","M","CS","21.5C","Winter","NA","08:12","M31","Batch26_DGRP",0.627589399375072,903.728735100104,0.343630683790351,164.942728219368,0.769618055555556,738.833333333333,0,420,59940,0.709229701596114,1021.2907702984,0.534303534303534,256.465696465697,0.796875,765,4380,300,53160,0.740458015267176,1066.25954198473,0.632016632016632,303.367983367983,0.794791666666667,763,4200,420,39900,0.558639833448994,804.441360166551,0.158004158004158,75.8419958419959,0.759375,729,4440,540,57000,0.594031922276197,855.405968077724,0.295218295218295,141.704781704782,0.74375,714,4440,360,42120,0.578070784177655,832.421929215822,0.216216216216216,103.783783783784,0.759375,729,5220,480,68580,0.58292852185982,839.41707147814,0.222453222453222,106.777546777547,0.763541666666667,733,20.6666666666667,20.3629032258065,11.8333333333333,84.8169014084507
"2026-03-21 09:00:00|Monitor31.txt|23",23,"2026-03-21 09:00:00|Monitor31.txt",2026-03-21T09:00:00Z,2026-03-27T09:30:00Z,"OK","M","CS","21.5C","Winter","NA","08:12","M31","Batch26_DGRP",0.652933688230529,940.224511051962,0.629642485248178,302.228392919125,0.664583333333333,638,180,360,71040,0.626648160999306,902.373351839001,0.405405405405405,194.594594594595,0.7375,708,300,660,16500,0.870922970159611,1254.12907702984,0.898128898128898,431.101871101871,0.857291666666667,823,660,360,59520,0.793893129770992,1143.20610687023,0.814968814968815,391.185031185031,0.783333333333333,752,4260,2640,81480,0.726578764746704,1046.27342123525,0.787941787941788,378.212058212058,0.695833333333333,668,3780,540,28080,0.339347675225538,488.660652324774,0.538461538461538,258.461538461539,0.239583333333333,230,10020,540,70980,0.560027758501041,806.439972241499,0.332640332640333,159.66735966736,0.673958333333333,647,29.6666666666667,14.1797752808989,56.3333333333333,16.8698224852071
"2026-03-21 09:00:00|Monitor31.txt|24",24,"2026-03-21 09:00:00|Monitor31.txt",2026-03-21T09:00:00Z,2026-03-27T09:30:00Z,"OK","M","CS","21.5C","Winter","NA","08:12","M31","Batch26_DGRP",0.64112949890059,923.22647841685,0.542172856646998,260.242971190559,0.690625,663,1860,2340,40380,0.833448993754337,1200.16655100625,0.748440748440749,359.251559251559,0.876041666666667,841,2280,2040,53400,0.805690492713394,1160.19430950729,0.708939708939709,340.29106029106,0.854166666666667,820,1260,1380,48300,0.666204024982651,959.333795975017,0.636174636174636,305.363825363825,0.68125,654,900,1320,40860,0.578070784177655,832.421929215822,0.415800415800416,199.5841995842,0.659375,633,7620,480,67980,0.385149201943095,554.614850798057,0.334719334719335,160.665280665281,0.410416666666667,394,1500,1080,68460,0.575988896599584,829.4240111034,0.403326403326403,193.596673596674,0.6625,636,28.5,15.8421052631579,26.3333333333333,36.5506329113924
"2026-03-21 09:00:00|Monitor31.txt|25",25,"2026-03-21 09:00:00|Monitor31.txt",2026-03-21T09:00:00Z,2026-03-27T09:30:00Z,"OK","M","CS","21.5C","Winter","NA","08:12","M31","Batch26_DGRP",0.623076032866566,897.229487327856,0.620617841027421,297.896563693162,0.624305555555556,599.333333333333,0,1680,69240,0.757113115891742,1090.24288688411,0.602910602910603,289.397089397089,0.834375,801,1920,540,43560,0.578070784177655,832.421929215822,0.446985446985447,214.553014553015,0.64375,618,4080,420,10140,0.522553782095767,752.477446217904,0.611226611226611,293.388773388773,0.478125,459,4140,1260,50700,0.699514226231784,1007.30048577377,0.723492723492724,347.276507276507,0.6875,660,4440,1560,43860,0.599583622484386,863.400416377516,0.67983367983368,326.320166320166,0.559375,537,2280,300,43800,0.579458709229702,834.42054129077,0.652806652806653,313.347193347193,0.542708333333333,521,25.3333333333333,17.4868421052632,37.5,25.8533333333333
"2026-03-21 09:00:00|Monitor31.txt|26",26,"2026-03-21 09:00:00|Monitor31.txt",2026-03-21T09:00:00Z,2026-03-27T09:30:00Z,"OK","M","CS","21.5C","Winter","NA","08:12","M31","Batch26_DGRP",0.529221154958917,762.07846314084,0.414786532454009,199.097535577924,0.586458333333333,563,6060,480,42720,0.712005551700208,1025.2879944483,0.586278586278586,281.413721413721,0.775,744,7680,480,48120,0.646079111727967,930.353920888272,0.43035343035343,206.569646569647,0.754166666666667,724,9420,540,74040,0.615544760582929,886.384455239417,0.403326403326403,193.596673596674,0.721875,693,4380,300,41880,0.519083969465649,747.480916030534,0.318087318087318,152.681912681913,0.619791666666667,595,4200,1320,78180,0.518390006939625,746.48160999306,0.677754677754678,325.322245322245,0.438541666666667,421,14160,300,75360,0.162387231089521,233.837612768911,0.0686070686070686,32.9313929313929,0.209375,201,22.3333333333333,19.4626865671642,23.5,41.5815602836879
"2026-03-21 09:00:00|Monitor31.txt|27",27,"2026-03-21 09:00:00|Monitor31.txt",2026-03-21T09:00:00Z,2026-03-27T09:30:00Z,"OK","M","CS","21.5C","Winter","NA","08:12","M31","Batch26_DGRP",0.485244763337577,698.752459206111,0.320721971537661,153.946546338077,0.567534722222222,544.833333333333,0,720,47580,0.663428174878557,955.336571825121,0.511434511434512,245.488565488566,0.739583333333333,710,13920,360,73860,0.517696044413602,745.482303955586,0.1995841995842,95.8004158004158,0.677083333333333,650,780,1380,50160,0.666204024982651,959.333795975017,0.58004158004158,278.419958419958,0.709375,681,15300,300,76200,0.439972241498959,633.560027758501,0.264033264033264,126.735966735967,0.528125,507,6420,420,77940,0.364330326162387,524.635669673838,0.20997920997921,100.790020790021,0.441666666666667,424,4200,540,72420,0.259541984732824,373.740458015267,0.16008316008316,76.8399168399168,0.309375,297,15.1666666666667,29.5934065934066,30.3333333333333,32.1593406593407
"2026-03-21 09:00:00|Monitor31.txt|28",28,"2026-03-21 09:00:00|Monitor31.txt",2026-03-21T09:00:00Z,2026-03-27T09:30:00Z,"OK","M","CS","21.5C","Winter","NA","08:12","M31","Batch26_DGRP",0.73382710334452,1056.71102881611,0.708087469628601,339.881985421729,0.746701388888889,716.833333333333,0,720,42120,0.710617626648161,1023.28938237335,0.56964656964657,273.430353430353,0.78125,750,4560,1320,39840,0.850798056904927,1225.1492019431,0.833679833679834,400.16632016632,0.859375,825,4380,300,37200,0.838306731436503,1207.16169326856,0.812889812889813,390.18711018711,0.851041666666667,817,5640,360,49200,0.730048577376822,1051.26995142262,0.731808731808732,351.268191268191,0.729166666666667,700,660,300,41820,0.649548924358085,935.350451075642,0.69022869022869,331.309771309771,0.629166666666667,604,5940,540,41340,0.621096460791117,894.378903539209,0.602910602910603,289.397089397089,0.630208333333333,605,11.5,38.6376811594203,14.1666666666667,69.2705882352941
"2026-03-21 09:00:00|Monitor31.txt|29",29,"2026-03-21 09:00:00|Monitor31.txt",2026-03-21T09:00:00Z,2026-03-27T09:30:00Z,"OK","M","CS","21.5C","Winter","NA","08:12","M31","Batch26_DGRP",0.576437912278672,830.070593681287,0.424505380076362,203.762582436654,0.652430555555556,626.333333333333,0,2820,46680,0.737682165163081,1062.26231783484,0.623700623700624,299.376299376299,0.794791666666667,763,4320,1380,19200,0.661346287300486,952.338653712699,0.584199584199584,280.4158004158,0.7,672,4320,300,66180,0.564885496183206,813.435114503817,0.490644490644491,235.509355509356,0.602083333333333,578,5160,300,75900,0.566273421235253,815.433726578765,0.457380457380458,219.54261954262,0.620833333333333,596,10620,300,46440,0.383067314365024,551.616932685635,0.151767151767152,72.8482328482329,0.498958333333333,479,5460,300,43680,0.543372657876475,782.456627342124,0.234927234927235,112.765072765073,0.697916666666667,670,21.5,19.7441860465116,31.3333333333333,31.6223404255319
"2026-03-21 09:00:00|Monitor31.txt|30",30,"2026-03-21 09:00:00|Monitor31.txt",2026-03-21T09:00:00Z,2026-03-27T09:30:00Z,"OK","M","CS","21.5C","Winter","NA","08:12","M31","Batch26_DGRP",0.584191644485592,841.235968059253,0.422075668170774,202.596320721972,0.665277777777778,638.666666666667,8220,360,43860,0.699514226231784,1007.30048577377,0.548856548856549,263.451143451143,0.775,744,6480,420,41760,0.721027064538515,1038.27897293546,0.563409563409563,270.43659043659,0.8,768,4320,360,69600,0.469812630117974,676.530187369882,0.272349272349272,130.727650727651,0.56875,546,2880,360,63660,0.606523247744622,873.393476752255,0.37006237006237,177.629937629938,0.725,696,4200,1080,52500,0.556557945870923,801.443442054129,0.573804573804574,275.426195426195,0.547916666666667,526,3600,300,45600,0.449687716863289,647.550312283137,0.1995841995842,95.8004158004158,0.575,552,21.5,20.1007751937984,17.8333333333333,55.177570093458
"2026-03-21 09:00:00|Monitor31.txt|31",31,"2026-03-21 09:00:00|Monitor31.txt",2026-03-21T09:00:00Z,2026-03-27T09:30:00Z,"OK","M","CS","21.5C","Winter","NA","08:12","M31","Batch26_DGRP",0.721097095243606,1038.37981715079,0.578271433530024,277.570288094412,0.792534722222222,760.833333333333,0,480,44700,0.732824427480916,1055.26717557252,0.553014553014553,265.446985446986,0.822916666666667,790,1320,840,8940,0.816099930603748,1175.1839000694,0.773388773388773,371.226611226611,0.8375,804,2460,1800,14640,0.7529493407356,1084.24705065926,0.719334719334719,345.280665280665,0.769791666666667,739,600,780,44340,0.62734212352533,903.372657876475,0.434511434511435,208.565488565489,0.723958333333333,695,1680,600,43260,0.70853573907009,1020.29146426093,0.544698544698545,261.455301455301,0.790625,759,120,1020,43320,0.688410825815406,991.311589174185,0.444906444906445,213.555093555094,0.810416666666667,778,22.3333333333333,21.5970149253731,21.5,43.5271317829457
"2026-03-21 09:00:00|Monitor31.txt|32",32,"2026-03-21 09:00:00|Monitor31.txt",2026-03-21T09:00:00Z,2026-03-27T09:30:00Z,"OK","M","CS","21.5C","Winter","NA","08:12","M31","Batch26_DGRP",0.671912973035528,967.554681171161,0.603956959389101,289.899340506768,0.705902777777778,677.666666666667,0,1260,46380,0.80499653018737,1159.19500346981,0.873180873180873,419.126819126819,0.770833333333333,740,1440,600,52860,0.808466342817488,1164.19153365718,0.852390852390852,409.147609147609,0.786458333333333,755,1380,480,43680,0.679389312977099,978.320610687023,0.615384615384615,295.384615384615,0.711458333333333,683,2040,360,43680,0.597501734906315,860.402498265094,0.496881496881497,238.503118503119,0.647916666666667,622,2220,300,46860,0.571825121443442,823.428174878557,0.478170478170478,229.52182952183,0.61875,594,4860,420,43440,0.568355308813324,818.431644691187,0.305613305613306,146.694386694387,0.7,672,23.8333333333333,21.3426573426574,17.8333333333333,50.7570093457944
"2026-03-21 09:00:00|Monitor32.txt|02",2,"2026-03-21 09:00:00|Monitor32.txt",2026-03-21T09:00:00Z,2026-03-27T09:30:00Z,"OK","M","DGRP26","21.5C","Winter","NA","08:12","M32","Batch26_DGRP",0.800601782201134,1152.86656636963,0.707046164526206,339.382158972579,0.847395833333333,813.5,0,1020,66720,0.78764746703678,1134.21235253296,0.727650727650728,349.272349272349,0.817708333333333,785,1500,360,75000,0.901457321304649,1298.0985426787,0.852390852390852,409.147609147609,0.926041666666667,889,2160,360,43920,0.777238029146426,1119.22276197085,0.646569646569647,310.35343035343,0.842708333333333,809,3300,300,70620,0.683553088133241,984.316446911867,0.509355509355509,244.490644490645,0.770833333333333,740,1500,720,11160,0.850104094378904,1224.14989590562,0.841995841995842,404.158004158004,0.854166666666667,820,2340,360,13560,0.802220680083276,1155.19777931992,0.661122661122661,317.338877338877,0.872916666666667,838,20.6666666666667,21.8225806451613,32,29.71875
"2026-03-21 09:00:00|Monitor32.txt|03",3,"2026-03-21 09:00:00|Monitor32.txt",2026-03-21T09:00:00Z,2026-03-27T09:30:00Z,"OK","M","DGRP26","21.5C","Winter","NA","08:12","M32","Batch26_DGRP",0.745515565328087,1073.54241407245,0.801804928844151,384.866365845193,0.717361111111111,688.666666666667,0,1680,14220,0.811936155447606,1169.18806384455,0.885654885654886,425.114345114345,0.775,744,4200,300,6780,0.728660652324775,1049.27133934768,0.781704781704782,375.218295218295,0.702083333333333,674,3180,360,10800,0.632893823733518,911.367106176267,0.717255717255717,344.282744282744,0.590625,567,600,540,14700,0.759195003469813,1093.24080499653,0.862785862785863,414.137214137214,0.707291666666667,679,3120,540,11460,0.809854267869535,1166.19014573213,0.827442827442827,397.172557172557,0.801041666666667,769,1020,600,66420,0.729354614850798,1050.27064538515,0.731808731808732,351.268191268191,0.728125,699,15.1666666666667,30.1098901098901,44.5,21.0936329588015
"2026-03-21 09:00:00|Monitor32.txt|04",4,"2026-03-21 09:00:00|Monitor32.txt",2026-03-21T09:00:00Z,2026-03-27T09:30:00Z,"OK","M","DGRP26","21.5C","Winter","NA","08:12","M32","Batch26_DGRP",0.810322879296378,1166.86494618678,0.683790350572718,328.219368274905,0.873611111111111,838.666666666667,1380,2280,16080,0.870229007633588,1253.12977099237,0.812889812889813,390.18711018711,0.898958333333333,863,60,720,69840,0.83969465648855,1209.16030534351,0.696465696465697,334.303534303534,0.911458333333333,875,180,300,71040,0.77793199167245,1120.22206800833,0.565488565488566,271.434511434512,0.884375,849,2220,600,21180,0.790423317140875,1138.20957668286,0.700623700623701,336.299376299376,0.835416666666667,802,2700,360,41760,0.813324080499653,1171.1866759195,0.62993762993763,302.370062370062,0.905208333333333,869,300,780,39060,0.768910478834143,1107.23108952117,0.694386694386694,333.305613305613,0.80625,774,22.5,21.7333333333333,31,29.3494623655914
"2026-03-21 09:00:00|Monitor32.txt|05",5,"2026-03-21 09:00:00|Monitor32.txt",2026-03-21T09:00:00Z,2026-03-27T09:30:00Z,"OK","M","DGRP26","21.5C","Winter","NA","08:12","M32","Batch26_DGRP",0.767850943177873,1105.70535817614,0.734467198889275,352.544255466852,0.784548611111111,753.166666666667,4920,300,58740,0.768910478834143,1107.23108952117,0.673596673596674,323.326403326403,0.816666666666667,784,720,480,50700,0.809160305343512,1165.19083969466,0.731808731808732,351.268191268191,0.847916666666667,814,660,480,20040,0.748091603053435,1077.25190839695,0.846153846153846,406.153846153846,0.698958333333333,671,240,600,64860,0.782095766828591,1126.21790423317,0.717255717255717,344.282744282744,0.814583333333333,782,660,360,53460,0.769604441360167,1108.23039555864,0.744282744282744,357.255717255717,0.782291666666667,751,2760,420,39360,0.727272727272727,1047.27272727273,0.688149688149688,330.31185031185,0.746875,717,26,17.5192307692308,44.5,20.9662921348315
"2026-03-21 09:00:00|Monitor32.txt|06",6,"2026-03-21 09:00:00|Monitor32.txt",2026-03-21T09:00:00Z,2026-03-27T09:30:00Z,"OK","M","DGRP26","21.5C","Winter","NA","08:12","M32","Batch26_DGRP",0.72665200786946,1046.37889133202,0.623047552933009,299.062825407845,0.778472222222222,747.333333333333,900,840,71760,0.705759888965996,1016.29424011103,0.607068607068607,291.392931392931,0.755208333333333,725,780,300,13260,0.763358778625954,1099.23664122137,0.652806652806653,313.347193347193,0.81875,786,780,2580,49560,0.772380291464261,1112.22761970854,0.698544698544699,335.301455301455,0.809375,777,3420,840,49800,0.702984038861901,1012.29701596114,0.632016632016632,303.367983367983,0.738541666666667,709,540,840,71940,0.764052741151978,1100.23594725885,0.704781704781705,338.295218295218,0.79375,762,1800,660,45420,0.650242886884108,936.349757113116,0.440748440748441,211.559251559252,0.755208333333333,725,27.3333333333333,17.7804878048781,41.8333333333333,21.7290836653387
"2026-03-21 09:00:00|Monitor32.txt|07",7,"2026-03-21 09:00:00|Monitor32.txt",2026-03-21T09:00:00Z,2026-03-27T09:30:00Z,"OK","M","DGRP26","21.5C","Winter","NA","08:12","M32","Batch26_DGRP",0.658025691470895,947.556995718088,0.608469281499479,292.06525511975,0.6828125,655.5,0,720,8880,0.685634975711312,987.314365024289,0.567567567567568,272.432432432432,0.744791666666667,715,1080,540,7560,0.768216516308119,1106.23178348369,0.754677754677755,362.245322245322,0.775,744,1080,300,74820,0.596807772380292,859.40319222762,0.565488565488566,271.434511434512,0.6125,588,240,300,34740,0.68910478834143,992.310895211659,0.652806652806653,313.347193347193,0.707291666666667,679,4980,360,11640,0.614850798056905,885.385149201943,0.571725571725572,274.428274428274,0.636458333333333,611,4620,1380,10620,0.593337959750174,854.40666204025,0.538461538461538,258.461538461539,0.620833333333333,596,21.5,20.9767441860465,50.3333333333333,18.5993377483444
"2026-03-21 09:00:00|Monitor32.txt|08",8,"2026-03-21 09:00:00|Monitor32.txt",2026-03-21T09:00:00Z,2026-03-27T09:30:00Z,"OK","M","DGRP26","21.5C","Winter","NA","08:12","M32","Batch26_DGRP",0.791575049184122,1139.86807082514,0.75216938562999,361.041305102395,0.811284722222222,778.833333333333,0,3000,69900,0.807772380291464,1163.19222761971,0.719334719334719,345.280665280665,0.852083333333333,818,4440,300,10200,0.808466342817488,1164.19153365718,0.879417879417879,422.120582120582,0.772916666666667,742,300,1020,73800,0.678001387925052,976.321998612075,0.592515592515593,284.407484407484,0.720833333333333,692,1320,360,17280,0.83969465648855,1209.16030534351,0.804573804573805,386.195426195426,0.857291666666667,823,360,1380,14820,0.841082581540597,1211.15891741846,0.814968814968815,391.185031185031,0.854166666666667,820,360,780,71160,0.774462179042332,1115.22553782096,0.702702702702703,337.297297297297,0.810416666666667,778,21.5,21.7441860465116,36.1666666666667,25.7511520737327
"2026-03-21 09:00:00|Monitor32.txt|09",9,"2026-03-21 09:00:00|Monitor32.txt",2026-03-21T09:00:00Z,2026-03-27T09:30:00Z,"OK","M","DGRP26","21.5C","Winter","NA","08:12","M32","Batch26_DGRP",0.771669945608147,1111.20472167573,0.707393266227005,339.548767788962,0.803819444444445,771.666666666667,0,3360,42840,0.823039555863984,1185.17696044414,0.775467775467775,372.224532224532,0.846875,813,3900,300,41160,0.776544066620403,1118.22345593338,0.758835758835759,364.241164241164,0.785416666666667,754,60,2160,63060,0.553088133240805,796.446911866759,0.525987525987526,252.474012474012,0.566666666666667,544,420,660,72420,0.832755031228314,1199.16724496877,0.823284823284823,395.176715176715,0.8375,804,720,360,14820,0.813324080499653,1171.1866759195,0.654885654885655,314.345114345114,0.892708333333333,857,60,1620,36540,0.829979181124219,1195.17002081888,0.702702702702703,337.297297297297,0.89375,858,25.6666666666667,18.3571428571429,34.8333333333333,26.488038277512
"2026-03-21 09:00:00|Monitor32.txt|10",10,"2026-03-21 09:00:00|Monitor32.txt",2026-03-21T09:00:00Z,2026-03-27T09:30:00Z,"OK","M","DGRP26","21.5C","Winter","NA","08:12","M32","Batch26_DGRP",0.806619604212475,1161.53223006596,0.749739673724401,359.875043387713,0.835069444444445,801.666666666667,720,660,77280,0.815405968077724,1174.18459403192,0.702702702702703,337.297297297297,0.871875,837,960,360,49020,0.78764746703678,1134.21235253296,0.771309771309771,370.22869022869,0.795833333333333,764,420,1260,55680,0.695350451075642,1001.30464954892,0.515592515592516,247.484407484408,0.785416666666667,754,0,780,43800,0.806384455239417,1161.19361554476,0.744282744282744,357.255717255717,0.8375,804,480,540,6900,0.877168632893824,1263.12283136711,0.879417879417879,422.120582120582,0.876041666666667,841,3900,660,34140,0.85704371963914,1234.14295628036,0.883575883575884,424.116424116424,0.84375,810,23.6666666666667,20.1619718309859,35.5,25.7511737089202
"2026-03-21 09:00:00|Monitor32.txt|11",11,"2026-03-21 09:00:00|Monitor32.txt",2026-03-21T09:00:00Z,2026-03-27T09:30:00Z,"OK","M","DGRP26","21.5C","Winter","NA","08:12","M32","Batch26_DGRP",0.719708367087143,1036.38004860549,0.709128774730996,340.381811870878,0.725,696,5040,480,46740,0.770992366412214,1110.22900763359,0.711018711018711,341.288981288981,0.801041666666667,769,780,360,19680,0.746703678001388,1075.253296322,0.810810810810811,389.189189189189,0.714583333333333,686,4140,660,12060,0.709229701596114,1021.2907702984,0.725571725571726,348.274428274428,0.701041666666667,673,2640,660,75000,0.719639139486468,1036.28036086051,0.72972972972973,350.27027027027,0.714583333333333,686,2760,300,75180,0.665510062456627,958.334489937543,0.590436590436591,283.409563409563,0.703125,675,3240,300,70380,0.704371963913949,1014.29562803609,0.681912681912682,327.318087318087,0.715625,687,20.8333333333333,21.368,47.5,19.8982456140351
"2026-03-21 09:00:00|Monitor32.txt|12",12,"2026-03-21 09:00:00|Monitor32.txt",2026-03-21T09:00:00Z,2026-03-27T09:30:00Z,"OK","M","DGRP26","21.5C","Winter","NA","08:12","M32","Batch26_DGRP",0.726767735215832,1046.5455387108,0.587643179451579,282.068726136758,0.796354166666667,764.5,180,780,69900,0.661346287300486,952.338653712699,0.444906444906445,213.555093555094,0.769791666666667,739,240,840,56340,0.83206106870229,1198.1679389313,0.72972972972973,350.27027027027,0.883333333333333,848,300,480,76860,0.676613462873005,974.323386537127,0.511434511434512,245.488565488566,0.759375,729,1260,300,69360,0.606523247744622,873.393476752255,0.511434511434512,245.488565488566,0.654166666666667,628,1260,1560,71640,0.855655794587092,1232.14434420541,0.804573804573805,386.195426195426,0.88125,846,360,1140,15840,0.727966689798751,1048.2720333102,0.523908523908524,251.476091476092,0.830208333333333,797,25,18.6866666666667,38.1666666666667,24.1659388646288
"2026-03-21 09:00:00|Monitor32.txt|14",14,"2026-03-21 09:00:00|Monitor32.txt",2026-03-21T09:00:00Z,2026-03-27T09:30:00Z,"OK","M","DGRP26","21.5C","Winter","NA","08:12","M32","Batch26_DGRP",0.735331558847356,1058.87744474019,0.733078792086081,351.877820201319,0.736458333333333,707,0,480,62940,0.650242886884108,936.349757113116,0.602910602910603,289.397089397089,0.673958333333333,647,60,480,72060,0.741845940319223,1068.25815405968,0.721413721413721,346.278586278586,0.752083333333333,722,1440,300,79260,0.739764052741152,1065.26023594726,0.692307692307692,332.307692307692,0.763541666666667,733,1920,540,67200,0.701596113809854,1010.29840388619,0.738045738045738,354.261954261954,0.683333333333333,656,1140,960,65460,0.780013879250521,1123.21998612075,0.829521829521829,398.170478170478,0.755208333333333,725,4080,3180,15000,0.79736294240111,1148.2026370576,0.810810810810811,389.189189189189,0.790625,759,27.3333333333333,16.359756097561,48.1666666666667,19.4567474048443
"2026-03-21 09:00:00|Monitor32.txt|15",15,"2026-03-21 09:00:00|Monitor32.txt",2026-03-21T09:00:00Z,2026-03-27T09:30:00Z,"OK","M","DGRP26","21.5C","Winter","NA","08:12","M32","Batch26_DGRP",0.665779423677815,958.722370096054,0.553627212773343,265.741062131204,0.721875,693,180,660,72780,0.620402498265094,893.379597501735,0.534303534303534,256.465696465697,0.663541666666667,637,1380,780,41520,0.78764746703678,1134.21235253296,0.644490644490645,309.355509355509,0.859375,825,360,300,17880,0.653712699514226,941.346287300486,0.615384615384615,295.384615384615,0.672916666666667,646,720,300,17400,0.717557251908397,1033.28244274809,0.609147609147609,292.390852390852,0.771875,741,2880,780,15240,0.616932685634976,888.383067314365,0.515592515592516,247.484407484408,0.667708333333333,641,180,540,45540,0.596807772380292,859.40319222762,0.399168399168399,191.600831600832,0.695833333333333,668,26.6666666666667,17.2875,42.1666666666667,22.1462450592885
"2026-03-21 09:00:00|Monitor32.txt|16",16,"2026-03-21 09:00:00|Monitor32.txt",2026-03-21T09:00:00Z,2026-03-27T09:30:00Z,"OK","M","DGRP26","21.5C","Winter","NA","08:12","M32","Batch26_DGRP",0.753847934266867,1085.54102534429,0.659493231516835,316.556751128081,0.801041666666667,769,1740,2100,72540,0.821651630811936,1183.17834836919,0.72972972972973,350.27027027027,0.867708333333333,833,3780,360,59580,0.818181818181818,1178.18181818182,0.717255717255717,344.282744282744,0.86875,834,60,2820,15900,0.641221374045801,923.358778625954,0.561330561330561,269.43866943867,0.68125,654,180,720,8640,0.775156141568355,1116.22484385843,0.750519750519751,360.24948024948,0.7875,756,1320,720,45660,0.748785565579459,1078.25121443442,0.673596673596674,323.326403326403,0.786458333333333,755,5160,420,69600,0.715475364330326,1030.28452463567,0.517671517671518,248.482328482328,0.814583333333333,782,19.1666666666667,23.7826086956522,36.8333333333333,25.8099547511312
"2026-03-21 09:00:00|Monitor32.txt|17",17,"2026-03-21 09:00:00|Monitor32.txt",2026-03-21T09:00:00Z,2026-03-27T09:30:00Z,"OK","M","DGRP26","21.5C","Winter","NA","08:12","M32","Batch26_DGRP",0.827913435944914,1192.19534776068,0.838250607427976,402.360291565429,0.822743055555556,789.833333333333,0,1500,61740,0.803608605135323,1157.19639139486,0.856548856548857,411.143451143451,0.777083333333333,746,300,480,45480,0.832755031228314,1199.16724496877,0.794178794178794,381.205821205821,0.852083333333333,818,1440,300,39780,0.745315752949341,1073.25468424705,0.777546777546778,373.222453222453,0.729166666666667,700,4260,300,4620,0.870922970159611,1254.12907702984,0.848232848232848,407.151767151767,0.882291666666667,847,600,360,5880,0.85704371963914,1234.14295628036,0.862785862785863,414.137214137214,0.854166666666667,820,540,540,36840,0.854961832061069,1231.14503816794,0.881496881496882,423.118503118503,0.841666666666667,808,13.6666666666667,33.9024390243903,31.5,29.9206349206349
"2026-03-21 09:00:00|Monitor32.txt|18",18,"2026-03-21 09:00:00|Monitor32.txt",2026-03-21T09:00:00Z,2026-03-27T09:30:00Z,"OK","M","DGRP26","21.5C","Winter","NA","08:12","M32","Batch26_DGRP",0.799444508737415,1151.20009258188,0.822631030892051,394.862894828185,0.787847222222222,756.333333333333,1560,2520,62940,0.79736294240111,1148.2026370576,0.79002079002079,379.209979209979,0.801041666666667,769,1860,2340,60300,0.84177654406662,1212.15822345593,0.77962577962578,374.220374220374,0.872916666666667,838,420,420,39420,0.682165163081194,982.317834836919,0.694386694386694,333.305613305613,0.676041666666667,649,900,420,54720,0.863983344899376,1244.1360166551,0.914760914760915,439.085239085239,0.838541666666667,805,1620,660,60300,0.791811242192922,1140.20818875781,0.854469854469854,410.14553014553,0.760416666666667,730,300,3780,35940,0.818875780707842,1179.18112421929,0.9002079002079,432.099792099792,0.778125,747,22.6666666666667,20.1102941176471,39.6666666666667,23.5672268907563
"2026-03-21 09:00:00|Monitor32.txt|19",19,"2026-03-21 09:00:00|Monitor32.txt",2026-03-21T09:00:00Z,2026-03-27T09:30:00Z,"OK","M","DGRP26","21.5C","Winter","NA","08:12","M32","Batch26_DGRP",0.732322647841685,1054.54461289203,0.69802152030545,335.050329746616,0.749479166666667,719.5,0,1680,57120,0.700208188757807,1008.29979181124,0.609147609147609,292.390852390852,0.745833333333333,716,3300,300,46020,0.686328938237335,988.313671061763,0.717255717255717,344.282744282744,0.670833333333333,644,720,540,64140,0.612768910478834,882.387231089521,0.563409563409563,270.43659043659,0.6375,612,4320,300,13620,0.736294240111034,1060.26370575989,0.623700623700624,299.376299376299,0.792708333333333,761,780,2040,66900,0.850798056904927,1225.1492019431,0.85031185031185,408.149688149688,0.851041666666667,817,480,420,62760,0.807772380291464,1163.19222761971,0.825363825363825,396.174636174636,0.798958333333333,767,22.5,20.4444444444444,43,21.9457364341085
"2026-03-21 09:00:00|Monitor32.txt|20",20,"2026-03-21 09:00:00|Monitor32.txt",2026-03-21T09:00:00Z,2026-03-27T09:30:00Z,"OK","M","DGRP26","21.5C","Winter","NA","08:12","M32","Batch26_DGRP",0.771554218261775,1111.03807429696,0.726483859770913,348.712252690038,0.794097222222222,762.333333333333,0,300,20100,0.742539902845246,1069.25746009715,0.66943866943867,321.330561330561,0.779166666666667,748,240,300,71460,0.758501040943789,1092.24149895906,0.742203742203742,356.257796257796,0.766666666666667,736,5640,360,20040,0.751561415683553,1082.24843858432,0.721413721413721,346.278586278586,0.766666666666667,736,960,660,81060,0.766828591256072,1104.23317140874,0.721413721413721,346.278586278586,0.789583333333333,758,2580,300,10920,0.818875780707842,1179.18112421929,0.798336798336798,383.201663201663,0.829166666666667,796,60,2700,10800,0.789035392088827,1136.21096460791,0.700623700623701,336.299376299376,0.833333333333333,800,23.5,19.2198581560284,36.3333333333333,25.9908256880734
"2026-03-21 09:00:00|Monitor32.txt|21",21,"2026-03-21 09:00:00|Monitor32.txt",2026-03-21T09:00:00Z,2026-03-27T09:30:00Z,"OK","M","DGRP26","21.5C","Winter","NA","08:12","M32","Batch26_DGRP",0.728156463372295,1048.5453072561,0.69385629989587,333.051023950017,0.7453125,715.5,3480,720,13080,0.779319916724497,1122.22068008328,0.659043659043659,316.340956340956,0.839583333333333,806,3600,600,5640,0.736294240111034,1060.26370575989,0.731808731808732,351.268191268191,0.738541666666667,709,3420,1440,69900,0.675225537820958,972.324774462179,0.571725571725572,274.428274428274,0.727083333333333,698,5160,720,7140,0.696044413601666,1002.3039555864,0.69022869022869,331.309771309771,0.698958333333333,671,4500,480,11580,0.738376127689105,1063.26162387231,0.79002079002079,379.209979209979,0.7125,684,120,2400,5760,0.741151977793199,1067.25884802221,0.713097713097713,342.286902286902,0.755208333333333,725,16.1666666666667,26.7938144329897,44.1666666666667,21.8754716981132
"2026-03-21 09:00:00|Monitor32.txt|22",22,"2026-03-21 09:00:00|Monitor32.txt",2026-03-21T09:00:00Z,2026-03-27T09:30:00Z,"OK","M","DGRP26","21.5C","Winter","NA","08:12","M32","Batch26_DGRP",0.799328781391043,1151.0334452031,0.73759111419646,354.043734814301,0.830208333333333,797,420,1500,72000,0.812630117973629,1170.18736988203,0.721413721413721,346.278586278586,0.858333333333333,824,1380,480,50220,0.734906315058987,1058.26509368494,0.654885654885655,314.345114345114,0.775,744,660,360,18120,0.782789729354615,1127.21721027065,0.67983367983368,326.320166320166,0.834375,801,1740,420,34620,0.823733518390007,1186.17626648161,0.796257796257796,382.203742203742,0.8375,804,60,360,63360,0.785565579458709,1131.21443442054,0.74012474012474,355.259875259875,0.808333333333333,776,600,1140,10680,0.854267869535045,1230.14573213047,0.827442827442827,397.172557172557,0.867708333333333,833,23.6666666666667,19.1338028169014,39.6666666666667,23.6680672268908
"2026-03-21 09:00:00|Monitor32.txt|23",23,"2026-03-21 09:00:00|Monitor32.txt",2026-03-21T09:00:00Z,2026-03-27T09:30:00Z,"OK","M","DGRP26","21.5C","Winter","NA","08:12","M32","Batch26_DGRP",0.731281101724338,1053.04478648305,0.670947587643179,322.054842068726,0.761458333333333,731,0,360,64200,0.65440666204025,942.34559333796,0.638253638253638,306.361746361746,0.6625,636,2760,360,11940,0.793199167244969,1142.20680083276,0.731808731808732,351.268191268191,0.823958333333333,791,600,300,4320,0.734212352532963,1057.26578764747,0.735966735966736,353.264033264033,0.733333333333333,704,4320,13860,4320,0.836918806384455,1205.16308119362,0.806652806652807,387.193347193347,0.852083333333333,818,4260,8280,34140,0.673143650242887,969.326856349757,0.588357588357588,282.411642411642,0.715625,687,3000,1020,74100,0.693962526023595,999.306037473976,0.51975051975052,249.48024948025,0.78125,750,15.6666666666667,28.3404255319149,48.3333333333333,19.6689655172414
"2026-03-21 09:00:00|Monitor32.txt|24",24,"2026-03-21 09:00:00|Monitor32.txt",2026-03-21T09:00:00Z,2026-03-27T09:30:00Z,"OK","M","DGRP26","21.5C","Winter","NA","08:12","M32","Batch26_DGRP",0.712070362226594,1025.3813216063,0.621312044429018,298.229781325929,0.757465277777778,727.166666666667,0,300,77160,0.751561415683553,1082.24843858432,0.625779625779626,300.37422037422,0.814583333333333,782,3000,300,48720,0.768910478834143,1107.23108952117,0.750519750519751,360.24948024948,0.778125,747,4860,3120,67440,0.655100624566273,943.344899375434,0.590436590436591,283.409563409563,0.6875,660,1500,300,47160,0.716863289382373,1032.28313671062,0.632016632016632,303.367983367983,0.759375,729,4560,660,72840,0.714781401804303,1029.2852185982,0.536382536382536,257.463617463618,0.804166666666667,772,780,300,41940,0.663428174878557,955.336571825121,0.588357588357588,282.411642411642,0.701041666666667,673,26.5,16.6289308176101,48.1666666666667,19.719723183391
"2026-03-21 09:00:00|Monitor32.txt|25",25,"2026-03-21 09:00:00|Monitor32.txt",2026-03-21T09:00:00Z,2026-03-27T09:30:00Z,"OK","M","DGRP26","21.5C","Winter","NA","08:12","M32","Batch26_DGRP",0.794468232843421,1144.03425529453,0.735161402290871,352.877473099618,0.824131944444445,791.166666666667,240,1200,58800,0.83206106870229,1198.1679389313,0.717255717255717,344.282744282744,0.889583333333333,854,1500,540,60720,0.810548230395559,1167.1894517696,0.738045738045738,354.261954261954,0.846875,813,960,960,66060,0.719639139486468,1036.28036086051,0.681912681912682,327.318087318087,0.738541666666667,709,120,300,52500,0.784871616932686,1130.21512838307,0.775467775467775,372.224532224532,0.789583333333333,758,3120,300,64020,0.819569743233865,1180.18043025677,0.765072765072765,367.234927234927,0.846875,813,1500,360,37860,0.798750867453158,1150.20124913255,0.72972972972973,350.27027027027,0.833333333333333,800,25.6666666666667,18.0649350649351,25.8333333333333,36.658064516129
"2026-03-21 09:00:00|Monitor32.txt|26",26,"2026-03-21 09:00:00|Monitor32.txt",2026-03-21T09:00:00Z,2026-03-27T09:30:00Z,"OK","M","DGRP26","21.5C","Winter","NA","08:12","M32","Batch26_DGRP",0.78370558963083,1128.5360490684,0.676848316556751,324.887191947241,0.837152777777778,803.666666666667,2160,420,49560,0.772380291464261,1112.22761970854,0.573804573804574,275.426195426195,0.871875,837,720,420,40500,0.763358778625954,1099.23664122137,0.542619542619543,260.45738045738,0.873958333333333,839,540,1260,53520,0.773074253990285,1113.22692574601,0.604989604989605,290.39501039501,0.857291666666667,823,1200,420,67140,0.692574600971548,997.307425399029,0.56964656964657,273.430353430353,0.754166666666667,724,1500,4080,41760,0.864677307425399,1245.13532269257,0.962577962577963,462.037422037422,0.815625,783,1440,420,8460,0.836918806384455,1205.16308119362,0.810810810810811,389.189189189189,0.85,816,23.8333333333333,19.8811188811189,36.1666666666667,25.4101382488479
"2026-03-21 09:00:00|Monitor32.txt|27",27,"2026-03-21 09:00:00|Monitor32.txt",2026-03-21T09:00:00Z,2026-03-27T09:30:00Z,"OK","M","DGRP26","21.5C","Winter","NA","08:12","M32","Batch26_DGRP",0.690892257840528,994.88485129036,0.808746962860118,388.198542172857,0.631944444444445,606.666666666667,4380,540,10740,0.702290076335878,1011.29770992366,0.752598752598753,361.247401247401,0.677083333333333,650,1320,420,11820,0.64469118667592,928.355308813324,0.802494802494803,385.197505197505,0.565625,543,4320,6360,4320,0.597501734906315,860.402498265094,0.711018711018711,341.288981288981,0.540625,519,480,2160,4260,0.739764052741152,1065.26023594726,0.906444906444906,435.093555093555,0.65625,630,1260,1080,10800,0.739764052741152,1065.26023594726,0.873180873180873,419.126819126819,0.672916666666667,646,2700,10260,2700,0.719639139486468,1036.28036086051,0.8004158004158,384.199584199584,0.679166666666667,652,13.8333333333333,33.8674698795181,57.8333333333333,16.0345821325648
"2026-03-21 09:00:00|Monitor32.txt|28",28,"2026-03-21 09:00:00|Monitor32.txt",2026-03-21T09:00:00Z,2026-03-27T09:30:00Z,"OK","M","DGRP26","21.5C","Winter","NA","08:12","M32","Batch26_DGRP",0.763684758708483,1099.70605254022,0.69593891010066,334.050676848317,0.797569444444445,765.666666666667,6420,480,70020,0.741151977793199,1067.25884802221,0.604989604989605,290.39501039501,0.809375,777,600,780,66540,0.636363636363636,916.363636363636,0.623700623700624,299.376299376299,0.642708333333333,617,360,300,61920,0.761970853573907,1097.23802914643,0.677754677754678,325.322245322245,0.804166666666667,772,1620,1500,11520,0.805690492713394,1160.19430950729,0.72972972972973,350.27027027027,0.84375,810,720,300,12540,0.811936155447606,1169.18806384455,0.781704781704782,375.218295218295,0.827083333333333,794,1680,1560,51180,0.824427480916031,1187.17557251908,0.756756756756757,363.243243243243,0.858333333333333,824,22.3333333333333,21.1417910447761,44,20.8598484848485
"2026-03-21 09:00:00|Monitor32.txt|29",29,"2026-03-21 09:00:00|Monitor32.txt",2026-03-21T09:00:00Z,2026-03-27T09:30:00Z,"OK","M","DGRP26","21.5C","Winter","NA","08:12","M32","Batch26_DGRP",0.825483161671103,1188.69575280639,0.80423464074974,386.032627559875,0.836111111111111,802.666666666667,2100,300,47040,0.727272727272727,1047.27272727273,0.625779625779626,300.37422037422,0.778125,747,1380,840,16800,0.835530881332408,1203.16446911867,0.821205821205821,394.178794178794,0.842708333333333,809,480,1380,61500,0.870229007633588,1253.12977099237,0.902286902286902,433.097713097713,0.854166666666667,820,660,300,54060,0.799444829979181,1151.20055517002,0.742203742203742,356.257796257796,0.828125,795,300,720,8340,0.824427480916031,1187.17557251908,0.873180873180873,419.126819126819,0.8,768,1680,300,49620,0.894517696044414,1288.10548230396,0.856548856548857,411.143451143451,0.913541666666667,877,17.8333333333333,27.1214953271028,33.3333333333333,27.395
"2026-03-21 09:00:00|Monitor32.txt|30",30,"2026-03-21 09:00:00|Monitor32.txt",2026-03-21T09:00:00Z,2026-03-27T09:30:00Z,"OK","M","DGRP26","21.5C","Winter","NA","08:12","M32","Batch26_DGRP",0.681634070130772,981.553060988312,0.566817077403679,272.072197153766,0.7390625,709.5,2640,420,75960,0.696738376127689,1003.30326162387,0.584199584199584,280.4158004158,0.753125,723,900,1860,40920,0.685634975711312,987.314365024289,0.503118503118503,241.496881496882,0.777083333333333,746,1980,480,58740,0.623872310895212,898.376127689105,0.607068607068607,291.392931392931,0.632291666666667,607,480,540,12780,0.714781401804303,1029.2852185982,0.609147609147609,292.390852390852,0.767708333333333,737,720,360,41700,0.696044413601666,1002.3039555864,0.567567567567568,272.432432432432,0.760416666666667,730,420,1920,79380,0.67175572519084,967.328244274809,0.528066528066528,253.471933471934,0.74375,714,30.5,15.0928961748634,42.1666666666667,22.2845849802372
"2026-03-21 09:00:00|Monitor32.txt|31",31,"2026-03-21 09:00:00|Monitor32.txt",2026-03-21T09:00:00Z,2026-03-27T09:30:00Z,"OK","M","DGRP26","21.5C","Winter","NA","08:12","M32","Batch26_DGRP",0.670524244879065,965.554912625853,0.605692467893093,290.732384588685,0.702951388888889,674.833333333333,0,1020,76560,0.701596113809854,1010.29840388619,0.521829521829522,250.47817047817,0.791666666666667,760,900,300,57600,0.716863289382373,1032.28313671062,0.661122661122661,317.338877338877,0.744791666666667,715,1080,360,48600,0.641221374045801,923.358778625954,0.563409563409563,270.43659043659,0.680208333333333,653,5100,780,76740,0.55794587092297,803.442054129077,0.471933471933472,226.528066528067,0.601041666666667,577,5700,420,73980,0.643997224149896,927.35600277585,0.598752598752599,287.401247401247,0.666666666666667,640,3540,4380,39300,0.759888965995836,1094.240111034,0.812889812889813,390.18711018711,0.733333333333333,704,21.5,20.0852713178295,47.6666666666667,20.1853146853147
"2026-03-21 09:00:00|Monitor32.txt|32",32,"2026-03-21 09:00:00|Monitor32.txt",2026-03-21T09:00:00Z,2026-03-27T09:30:00Z,"OK","M","DGRP26","21.5C","Winter","NA","08:12","M32","Batch26_DGRP",0.778729313736836,1121.37021178104,0.743144741409233,356.709475876432,0.796527777777778,764.666666666667,840,360,67680,0.747397640527412,1076.25260235947,0.704781704781705,338.295218295218,0.76875,738,0,2940,62760,0.749479528105482,1079.25052047189,0.819126819126819,393.180873180873,0.714583333333333,686,1140,360,40620,0.700902151283831,1009.29909784872,0.609147609147609,292.390852390852,0.746875,717,540,300,7620,0.815405968077724,1174.18459403192,0.802494802494803,385.197505197505,0.821875,789,180,300,4080,0.825815405968078,1189.17418459403,0.758835758835759,364.241164241164,0.859375,825,4140,300,70800,0.83206106870229,1198.1679389313,0.760914760914761,365.239085239085,0.867708333333333,833,23.3333333333333,19.4285714285714,35.6666666666667,26.4252336448598
"2026-03-21 09:00:00|Monitor33.txt|01",1,"2026-03-21 09:00:00|Monitor33.txt",2026-03-21T09:00:00Z,2026-03-27T09:30:00Z,"OK","M","DGRP83","21.5C","Winter","NA","08:12","M33","Batch26_DGRP",0.343131581992825,494.109478069668,0.423116973273169,203.096147171121,0.303125,291,22020,3660,36540,0.417765440666204,601.582234559334,0.168399168399168,80.8316008316008,0.542708333333333,521,14340,1620,16440,0.324080499653019,466.675919500347,0.316008316008316,151.683991683992,0.328125,315,11220,1380,17520,0.29146426092991,419.70853573907,0.494802494802495,237.505197505198,0.189583333333333,182,10860,1440,17520,0.261623872310895,376.738376127689,0.407484407484407,195.592515592516,0.188541666666667,181,1680,480,12120,0.32824427480916,472.671755725191,0.525987525987526,252.474012474012,0.229166666666667,220,1800,540,6900,0.43442054129077,625.565579458709,0.621621621621622,298.378378378378,0.340625,327,6.83333333333333,65.0243902439025,36.3333333333333,26.908256880734
"2026-03-21 09:00:00|Monitor33.txt|03",3,"2026-03-21 09:00:00|Monitor33.txt",2026-03-21T09:00:00Z,2026-03-27T09:30:00Z,"OK","M","DGRP83","21.5C","Winter","NA","08:12","M33","Batch26_DGRP",0.788566138178452,1135.53523897697,0.750780978826796,360.374869836862,0.807465277777778,775.166666666667,0,2880,68940,0.764746703678001,1101.23525329632,0.696465696465697,334.303534303534,0.798958333333333,767,1080,3000,39060,0.775850104094379,1117.22414989591,0.711018711018711,341.288981288981,0.808333333333333,776,3000,1200,52200,0.769604441360167,1108.23039555864,0.742203742203742,356.257796257796,0.783333333333333,752,1680,480,48660,0.806384455239417,1161.19361554476,0.765072765072765,367.234927234927,0.827083333333333,794,0,420,33600,0.809854267869535,1166.19014573213,0.767151767151767,368.232848232848,0.83125,798,2160,2100,33300,0.804302567661346,1158.19569743234,0.821205821205821,394.178794178794,0.795833333333333,764,16.1666666666667,29.9690721649485,24.1666666666667,38.4896551724138
"2026-03-21 09:00:00|Monitor33.txt|04",4,"2026-03-21 09:00:00|Monitor33.txt",2026-03-21T09:00:00Z,2026-03-27T09:30:00Z,"OK","M","DGRP83","21.5C","Winter","NA","08:12","M33","Batch26_DGRP",0.646221502140956,930.558963082976,0.691773689691079,332.051371051718,0.6234375,598.5,0,1500,27840,0.816793893129771,1176.18320610687,0.611226611226611,293.388773388773,0.919791666666667,883,3660,540,10140,0.691880638445524,996.308119361555,0.667359667359667,320.33264033264,0.704166666666667,676,2820,1380,13560,0.61970853573907,892.380291464261,0.794178794178794,381.205821205821,0.532291666666667,511,2100,1440,8940,0.694656488549618,1000.30534351145,0.802494802494803,385.197505197505,0.640625,615,1080,420,9480,0.517002081887578,744.482997918113,0.654885654885655,314.345114345114,0.447916666666667,430,3540,660,14220,0.536433032616239,772.463566967384,0.617463617463617,296.382536382536,0.495833333333333,476,7.5,77.5777777777778,37.8333333333333,22.0132158590308
"2026-03-21 09:00:00|Monitor33.txt|05",5,"2026-03-21 09:00:00|Monitor33.txt",2026-03-21T09:00:00Z,2026-03-27T09:30:00Z,"OK","M","DGRP83","21.5C","Winter","NA","08:12","M33","Batch26_DGRP",0.719592639740771,1036.21340122671,0.686220062478306,329.385629989587,0.736284722222222,706.833333333333,0,900,58560,0.662734212352533,954.337265787647,0.557172557172557,267.442827442828,0.715625,687,3960,300,47400,0.722414989590562,1040.27758501041,0.592515592515593,284.407484407484,0.7875,756,3780,480,45420,0.714781401804303,1029.2852185982,0.74012474012474,355.259875259875,0.702083333333333,674,0,480,38220,0.687022900763359,989.312977099237,0.723492723492724,347.276507276507,0.66875,642,1920,300,34560,0.776544066620403,1118.22345593338,0.713097713097713,342.286902286902,0.808333333333333,776,6120,3780,14880,0.754337265787648,1086.24566273421,0.792099792099792,380.2079002079,0.735416666666667,706,16.1666666666667,29.2268041237113,33.3333333333333,28.42
"2026-03-21 09:00:00|Monitor33.txt|06",6,"2026-03-21 09:00:00|Monitor33.txt",2026-03-21T09:00:00Z,2026-03-27T09:30:00Z,"OK","M","DGRP83","21.5C","Winter","NA","08:12","M33","Batch26_DGRP",0.760907302395556,1095.7065154496,0.7292606733773,350.045123221104,0.776736111111111,745.666666666667,0,3780,64320,0.734212352532963,1057.26578764747,0.58004158004158,278.419958419958,0.811458333333333,779,3300,480,33660,0.723108952116586,1041.27689104788,0.577962577962578,277.422037422037,0.795833333333333,764,2400,1620,33660,0.767522553782096,1105.23247744622,0.767151767151767,368.232848232848,0.767708333333333,737,2820,360,7620,0.773074253990285,1113.22692574601,0.798336798336798,383.201663201663,0.760416666666667,730,3180,1200,46740,0.803608605135323,1157.19639139486,0.837837837837838,402.162162162162,0.786458333333333,755,960,2160,7920,0.764746703678001,1101.23525329632,0.817047817047817,392.182952182952,0.738541666666667,709,12.3333333333333,38.945945945946,25.1666666666667,37.5562913907285
"2026-03-21 09:00:00|Monitor33.txt|09",9,"2026-03-21 09:00:00|Monitor33.txt",2026-03-21T09:00:00Z,2026-03-27T09:30:00Z,"OK","M","DGRP83","21.5C","Winter","NA","08:12","M33","Batch26_DGRP",0.696447170466381,1002.88392547159,0.685178757375911,328.885803540437,0.702083333333333,674,0,3120,37440,0.673837612768911,970.326162387231,0.565488565488566,271.434511434512,0.728125,699,3540,780,17220,0.635669673837613,915.364330326162,0.654885654885655,314.345114345114,0.626041666666667,601,3360,300,47700,0.74323386537127,1070.25676613463,0.760914760914761,365.239085239085,0.734375,705,3000,1440,55440,0.720333102012491,1037.27966689799,0.706860706860707,339.293139293139,0.727083333333333,698,1800,300,34980,0.679389312977099,978.320610687023,0.650727650727651,312.349272349272,0.69375,666,3660,780,34620,0.72588480222068,1045.27411519778,0.771309771309771,370.22869022869,0.703125,675,10.3333333333333,45.9516129032258,22.5,42.2444444444444
"2026-03-21 09:00:00|Monitor33.txt|10",10,"2026-03-21 09:00:00|Monitor33.txt",2026-03-21T09:00:00Z,2026-03-27T09:30:00Z,"OK","M","DGRP83","21.5C","Winter","NA","08:12","M33","Batch26_DGRP",0.622728850827451,896.729545191529,0.701839639014231,336.883026726831,0.583159722222222,559.833333333333,0,3060,38640,0.608605135322693,876.391394864677,0.532224532224532,255.467775467776,0.646875,621,7560,300,53940,0.682859125607217,983.317140874393,0.69022869022869,331.309771309771,0.679166666666667,652,6420,5160,34800,0.618320610687023,890.381679389313,0.663201663201663,318.336798336798,0.595833333333333,572,2940,1320,5340,0.639833448993754,921.360166551006,0.781704781704782,375.218295218295,0.56875,546,2340,2100,6180,0.546148507980569,786.453851492019,0.681912681912682,327.318087318087,0.478125,459,5160,15300,5160,0.639139486467731,920.360860513532,0.856548856548857,411.143451143451,0.530208333333333,509,5.83333333333333,83.1714285714286,19.3333333333333,48.7931034482759
"2026-03-21 09:00:00|Monitor33.txt|11",11,"2026-03-21 09:00:00|Monitor33.txt",2026-03-21T09:00:00Z,2026-03-27T09:30:00Z,"OK","M","DGRP83","21.5C","Winter","NA","08:12","M33","Batch26_DGRP",0.738340469853026,1063.21027658836,0.80423464074974,386.032627559875,0.705381944444445,677.166666666667,12180,300,18120,0.71616932685635,1031.28383067314,0.550935550935551,264.449064449064,0.798958333333333,767,2340,480,8700,0.721027064538515,1038.27897293546,0.754677754677755,362.245322245322,0.704166666666667,676,1740,2640,12840,0.753643303261624,1085.24635669674,0.862785862785863,414.137214137214,0.698958333333333,671,120,2340,4080,0.770992366412214,1110.22900763359,0.908523908523908,436.091476091476,0.702083333333333,674,1740,540,34020,0.761276891047884,1096.23872310895,0.871101871101871,418.128898128898,0.70625,678,1320,1320,2760,0.706453851492019,1017.29354614851,0.875259875259875,420.12474012474,0.621875,597,8,62.3333333333333,29.3333333333333,31.3863636363636
"2026-03-21 09:00:00|Monitor33.txt|12",12,"2026-03-21 09:00:00|Monitor33.txt",2026-03-21T09:00:00Z,2026-03-27T09:30:00Z,"OK","M","DGRP83","21.5C","Winter","NA","08:12","M33","Batch26_DGRP",0.819812521698878,1180.53003124638,0.809441166261715,388.531759805623,0.825,792,10680,15180,39120,0.737682165163081,1062.26231783484,0.598752598752599,287.401247401247,0.807291666666667,775,6900,780,8160,0.782095766828591,1126.21790423317,0.74012474012474,355.259875259875,0.803125,771,1920,2280,44820,0.837612768910479,1206.16238723109,0.810810810810811,389.189189189189,0.851041666666667,817,1860,2520,35220,0.842470506592644,1213.15752949341,0.933471933471933,448.066528066528,0.796875,765,23280,3000,34440,0.882026370575989,1270.11797362942,0.918918918918919,441.081081081081,0.863541666666667,829,4260,420,34140,0.836224843858432,1204.16377515614,0.852390852390852,409.147609147609,0.828125,795,6.16666666666667,66.1081081081081,17.5,58.5809523809524
"2026-03-21 09:00:00|Monitor33.txt|13",13,"2026-03-21 09:00:00|Monitor33.txt",2026-03-21T09:00:00Z,2026-03-27T09:30:00Z,"OK","M","DGRP83","21.5C","Winter","NA","08:12","M33","Batch26_DGRP",0.774447401921074,1115.20425876635,0.670600485942381,321.888233252343,0.826388888888889,793.333333333333,12540,3000,65100,0.642609299097849,925.357390700902,0.511434511434512,245.488565488566,0.708333333333333,680,9180,300,33240,0.709923664122137,1022.29007633588,0.521829521829522,250.47817047817,0.804166666666667,772,3420,11820,42360,0.844552394170715,1216.15544760583,0.715176715176715,343.284823284823,0.909375,873,6720,6720,52140,0.771686328938237,1111.22831367106,0.683991683991684,328.316008316008,0.815625,783,2700,22560,33960,0.823733518390007,1186.17626648161,0.792099792099792,380.2079002079,0.839583333333333,806,720,780,42480,0.851492019430951,1226.14850798057,0.792099792099792,380.2079002079,0.88125,846,7.16666666666667,62.1860465116279,18.5,53.018018018018
"2026-03-21 09:00:00|Monitor33.txt|14",14,"2026-03-21 09:00:00|Monitor33.txt",2026-03-21T09:00:00Z,2026-03-27T09:30:00Z,"OK","M","DGRP83","21.5C","Winter","NA","08:12","M33","Batch26_DGRP",0.673070246499248,969.221154958917,0.83755640402638,402.027073932662,0.590798611111111,567.166666666667,3660,300,37200,0.660652324774462,951.339347675226,0.706860706860707,339.293139293139,0.6375,612,1200,3000,8580,0.662040249826509,953.337959750174,0.871101871101871,418.128898128898,0.557291666666667,535,240,720,35820,0.675919500346981,973.324080499653,0.810810810810811,389.189189189189,0.608333333333333,584,1320,1620,36420,0.705759888965996,1016.29424011103,0.925155925155925,444.074844074844,0.595833333333333,572,540,480,4260,0.669673837612769,964.330326162387,0.88981288981289,427.110187110187,0.559375,537,1440,1200,38220,0.663428174878557,955.336571825121,0.817047817047817,392.182952182952,0.586458333333333,563,9,52.9444444444444,27.5,34.3030303030303
"2026-03-21 09:00:00|Monitor33.txt|18",18,"2026-03-21 09:00:00|Monitor33.txt",2026-03-21T09:00:00Z,2026-03-27T09:30:00Z,"OK","M","DGRP83","21.5C","Winter","NA","08:12","M33","Batch26_DGRP",0.634533040157389,913.72757782664,0.78757375911142,378.035404373482,0.557986111111111,535.666666666667,8400,5700,44100,0.688410825815406,991.311589174185,0.667359667359667,320.33264033264,0.698958333333333,671,2100,1320,8760,0.65440666204025,942.34559333796,0.8004158004158,384.199584199584,0.58125,558,540,300,34800,0.657182512144344,946.342817487856,0.821205821205821,394.178794178794,0.575,552,780,3000,34800,0.653712699514226,941.346287300486,0.860706860706861,413.139293139293,0.55,528,120,300,5520,0.495489243580847,713.504510756419,0.733887733887734,352.266112266112,0.376041666666667,361,720,2760,41460,0.657876474670368,947.34212352533,0.83991683991684,403.160083160083,0.566666666666667,544,9,56.7962962962963,29,31.3735632183908
"2026-03-21 09:00:00|Monitor33.txt|19",19,"2026-03-21 09:00:00|Monitor33.txt",2026-03-21T09:00:00Z,2026-03-27T09:30:00Z,"OK","M","DGRP83","21.5C","Winter","NA","08:12","M33","Batch26_DGRP",0.684874435829186,986.219187594028,0.705657757723013,338.715723707046,0.674479166666667,647.5,10740,300,64080,0.743927827897294,1071.2560721721,0.604989604989605,290.39501039501,0.813541666666667,781,1800,360,9540,0.662040249826509,953.337959750174,0.738045738045738,354.261954261954,0.623958333333333,599,3000,1200,33840,0.697432338653713,1004.30256766135,0.638253638253638,306.361746361746,0.727083333333333,698,180,720,4320,0.785565579458709,1131.21443442054,0.827442827442827,397.172557172557,0.764583333333333,734,420,1920,9720,0.622484385843165,896.377515614157,0.72972972972973,350.27027027027,0.56875,546,0,2340,7260,0.596807772380292,859.40319222762,0.692307692307692,332.307692307692,0.548958333333333,527,8.66666666666667,56.3269230769231,31.6666666666667,29.4105263157895
"2026-03-21 09:00:00|Monitor33.txt|20",20,"2026-03-21 09:00:00|Monitor33.txt",2026-03-21T09:00:00Z,2026-03-27T09:30:00Z,"OK","M","DGRP83","21.5C","Winter","NA","08:12","M33","Batch26_DGRP",0.654438143733364,942.390926976044,0.627906976744186,301.395348837209,0.667708333333333,641,17160,2400,24180,0.61970853573907,892.380291464261,0.399168399168399,191.600831600832,0.730208333333333,701,9120,13920,35340,0.67175572519084,967.328244274809,0.548856548856549,263.451143451143,0.733333333333333,704,1080,540,18480,0.692574600971548,997.307425399029,0.652806652806653,313.347193347193,0.7125,684,2220,1980,4920,0.617626648160999,889.382373351839,0.727650727650728,349.272349272349,0.5625,540,300,900,4380,0.64677307425399,931.353226925746,0.67983367983368,326.320166320166,0.630208333333333,605,4260,720,5040,0.678695350451076,977.321304649549,0.760914760914761,365.239085239085,0.6375,612,7.83333333333333,59.531914893617,35.3333333333333,26.7924528301887
"2026-03-21 09:00:00|Monitor33.txt|21",21,"2026-03-21 09:00:00|Monitor33.txt",2026-03-21T09:00:00Z,2026-03-27T09:30:00Z,"OK","M","DGRP83","21.5C","Winter","NA","08:12","M33","Batch26_DGRP",0.545538710797361,785.575743548201,0.642485248177716,308.392919125304,0.497048611111111,477.166666666667,14760,16260,14760,0.601665510062457,866.398334489938,0.488565488565489,234.511434511435,0.658333333333333,632,9780,720,16080,0.6294240111034,906.370575988897,0.62993762993763,302.370062370062,0.629166666666667,604,1680,900,7680,0.612768910478834,882.387231089521,0.717255717255717,344.282744282744,0.560416666666667,538,120,360,5280,0.535045107564192,770.464954892436,0.827442827442827,397.172557172557,0.388541666666667,373,4380,300,5040,0.499653018736988,719.500346981263,0.673596673596674,323.326403326403,0.4125,396,2880,540,8280,0.394170714781402,567.605829285219,0.515592515592516,247.484407484408,0.333333333333333,320,8.33333333333333,61.02,37.8333333333333,24.0308370044053
"2026-03-21 09:00:00|Monitor33.txt|27",27,"2026-03-21 09:00:00|Monitor33.txt",2026-03-21T09:00:00Z,2026-03-27T09:30:00Z,"OK","M","DGRP83","21.5C","Winter","NA","08:12","M33","Batch26_DGRP",0.59356555954172,854.734405740076,0.655328011107255,314.557445331482,0.562673611111111,540.166666666667,240,1080,54480,0.599583622484386,863.400416377516,0.451143451143451,216.548856548857,0.673958333333333,647,10020,7020,34620,0.538514920194309,775.461485079806,0.62993762993763,302.370062370062,0.492708333333333,473,4560,1620,13980,0.653018736988203,940.346981263012,0.781704781704782,375.218295218295,0.588541666666667,565,2520,420,5100,0.64677307425399,931.353226925746,0.825363825363825,396.174636174636,0.557291666666667,535,4680,7140,4680,0.528105482303956,760.471894517696,0.575883575883576,276.424116424116,0.504166666666667,484,720,540,33960,0.594031922276197,855.405968077724,0.663201663201663,318.336798336798,0.559375,537,10.5,41.5555555555556,43.8333333333333,22.0722433460076
"2026-03-21 09:00:00|Monitor33.txt|28",28,"2026-03-21 09:00:00|Monitor33.txt",2026-03-21T09:00:00Z,2026-03-27T09:30:00Z,"OK","M","DGRP83","21.5C","Winter","NA","08:12","M33","Batch26_DGRP",0.570304362920958,821.23828260618,0.562304755293301,269.906282540784,0.574305555555556,551.333333333333,0,1320,39840,0.615544760582929,886.384455239417,0.48024948024948,230.519750519751,0.683333333333333,656,10320,2580,52560,0.541984732824428,780.458015267176,0.553014553014553,265.446985446986,0.536458333333333,515,4320,360,62280,0.533657182512144,768.466342817488,0.496881496881497,238.503118503119,0.552083333333333,530,480,1920,4380,0.590562109646079,850.409437890354,0.656964656964657,315.343035343035,0.557291666666667,535,2460,1920,4440,0.613462873004858,883.386537126995,0.644490644490645,309.355509355509,0.597916666666667,574,7560,6900,7560,0.526717557251908,758.473282442748,0.542619542619543,260.45738045738,0.51875,498,7.83333333333333,69.404255319149,31,28.2311827956989
"2026-03-21 09:00:00|Monitor34.txt|01",1,"2026-03-21 09:00:00|Monitor34.txt",2026-03-21T09:00:00Z,2026-03-27T09:30:00Z,"OK","M","DGRP189","21.5C","Winter","NA","08:12","M34","Batch26_DGRP",0.639393588705011,920.726767735216,0.773689691079486,371.371051718153,0.572222222222222,549.333333333333,0,960,14580,0.653018736988203,940.346981263012,0.771309771309771,370.22869022869,0.59375,570,960,540,8580,0.664816099930604,957.335183900069,0.812889812889813,390.18711018711,0.590625,567,660,480,9300,0.661346287300486,952.338653712699,0.881496881496882,423.118503118503,0.551041666666667,529,480,420,46080,0.555170020818876,799.444829979181,0.715176715176715,343.284823284823,0.475,456,180,2640,38580,0.633587786259542,912.36641221374,0.738045738045738,354.261954261954,0.58125,558,420,360,59520,0.666204024982651,959.333795975017,0.715176715176715,343.284823284823,0.641666666666667,616,23.8333333333333,19.965034965035,44.6666666666667,20.7761194029851
"2026-03-21 09:00:00|Monitor34.txt|02",2,"2026-03-21 09:00:00|Monitor34.txt",2026-03-21T09:00:00Z,2026-03-27T09:30:00Z,"OK","M","DGRP189","21.5C","Winter","NA","08:12","M34","Batch26_DGRP",0.433398912162944,624.09443351464,0.522040958000694,250.579659840333,0.3890625,373.5,0,360,63420,0.568355308813324,818.431644691187,0.58004158004158,278.419958419958,0.5625,540,4260,300,43380,0.423317140874393,609.576682859126,0.609147609147609,292.390852390852,0.330208333333333,317,7260,300,15060,0.446217904233171,642.553782095767,0.534303534303534,256.465696465697,0.402083333333333,386,4560,540,84960,0.349757113115892,503.650242886884,0.446985446985447,214.553014553015,0.301041666666667,289,3480,1260,66300,0.443442054129077,638.556557945871,0.586278586278586,281.413721413721,0.371875,357,5100,300,40260,0.369882026370576,532.63011797363,0.376299376299376,180.623700623701,0.366666666666667,352,26,18.4807692307692,24.3333333333333,38.458904109589
"2026-03-21 09:00:00|Monitor34.txt|03",3,"2026-03-21 09:00:00|Monitor34.txt",2026-03-21T09:00:00Z,2026-03-27T09:30:00Z,"OK","M","DGRP189","21.5C","Winter","NA","08:12","M34","Batch26_DGRP",0.403078347413494,580.432820275431,0.414439430753211,198.930926761541,0.397395833333333,381.5,1500,1560,14160,0.617626648160999,889.382373351839,0.760914760914761,365.239085239085,0.545833333333333,524,4260,1200,41220,0.467036780013879,672.532963219986,0.596673596673597,286.403326403326,0.402083333333333,386,3960,780,57480,0.40735600277585,586.592643997224,0.428274428274428,205.571725571726,0.396875,381,9720,540,37980,0.340041637751561,489.659958362249,0.189189189189189,90.8108108108108,0.415625,399,8100,660,67920,0.315058986814712,453.684941013185,0.266112266112266,127.733887733888,0.339583333333333,326,360,300,58440,0.270645385149202,389.729354614851,0.243243243243243,116.756756756757,0.284375,273,20,27.05,26.3333333333333,33.2848101265823
"2026-03-21 09:00:00|Monitor34.txt|04",4,"2026-03-21 09:00:00|Monitor34.txt",2026-03-21T09:00:00Z,2026-03-27T09:30:00Z,"OK","M","DGRP189","21.5C","Winter","NA","08:12","M34","Batch26_DGRP",0.207846314084018,299.298692280986,0.251648733078792,120.79139187782,0.1859375,178.5,12780,420,65760,0.40735600277585,586.592643997224,0.395010395010395,189.60498960499,0.413541666666667,397,1680,2100,41520,0.390700902151284,562.609299097849,0.559251559251559,268.440748440748,0.30625,294,3060,1080,71160,0.244274809160305,351.75572519084,0.338877338877339,162.661122661123,0.196875,189,9660,480,65760,0.13324080499653,191.866759195003,0.16008316008316,76.8399168399168,0.119791666666667,115,10260,360,61380,0.0652324774462179,93.9347675225538,0.0374220374220374,17.962577962578,0.0791666666666667,76,9420,480,9420,0.00555170020818876,7.99444829979181,0.0166320166320166,7.98336798336798,0,0,16.3333333333333,39.0918367346939,22.8333333333333,34.3138686131387
"2026-03-21 09:00:00|Monitor34.txt|05",5,"2026-03-21 09:00:00|Monitor34.txt",2026-03-21T09:00:00Z,2026-03-27T09:30:00Z,"OK","M","DGRP189","21.5C","Winter","NA","08:12","M34","Batch26_DGRP",0.280754542298345,404.286540909617,0.315862547726484,151.614022908712,0.263194444444444,252.666666666667,17040,900,68880,0.303955586398335,437.696044413602,0.237006237006237,113.762993762994,0.3375,324,2160,2040,22680,0.344899375433727,496.655100624566,0.51975051975052,249.48024948025,0.257291666666667,247,14940,600,64740,0.272033310201249,391.727966689799,0.189189189189189,90.8108108108108,0.313541666666667,301,9120,660,62160,0.181124219292158,260.818875780708,0.174636174636175,83.8253638253639,0.184375,177,10980,1020,18240,0.297709923664122,428.702290076336,0.355509355509356,170.644490644491,0.26875,258,540,1740,16980,0.28383067314365,408.716169326856,0.415800415800416,199.5841995842,0.217708333333333,209,14,33.7380952380952,26.3333333333333,36.3164556962025
"2026-03-21 09:00:00|Monitor34.txt|07",7,"2026-03-21 09:00:00|Monitor34.txt",2026-03-21T09:00:00Z,2026-03-27T09:30:00Z,"OK","M","DGRP189","21.5C","Winter","NA","08:12","M34","Batch26_DGRP",0.321606295567643,463.113065617405,0.412356820548421,197.931273863242,0.276215277777778,265.166666666667,4680,300,67140,0.489243580846634,704.510756419153,0.503118503118503,241.496881496882,0.482291666666667,463,4980,480,75420,0.363636363636364,523.636363636364,0.503118503118503,241.496881496882,0.29375,282,4560,1860,12360,0.225537820957668,324.774462179042,0.577962577962578,277.422037422037,0.0489583333333333,47,2220,540,55200,0.233171408743928,335.766828591256,0.307692307692308,147.692307692308,0.195833333333333,188,4980,360,68700,0.479528105482304,690.520471894518,0.505197505197505,242.494802494803,0.466666666666667,448,4500,480,51000,0.137404580152672,197.862595419847,0.0727650727650728,34.9272349272349,0.169791666666667,163,23.6666666666667,18.3661971830986,19.1666666666667,51.495652173913
"2026-03-21 09:00:00|Monitor34.txt|08",8,"2026-03-21 09:00:00|Monitor34.txt",2026-03-21T09:00:00Z,2026-03-27T09:30:00Z,"OK","M","DGRP189","21.5C","Winter","NA","08:12","M34","Batch26_DGRP",0.515796782779771,742.74736720287,0.639014231169733,306.726830961472,0.454166666666667,436,1620,2580,34860,0.776544066620403,1118.22345593338,0.825363825363825,396.174636174636,0.752083333333333,722,3360,840,11640,0.528799444829979,761.47120055517,0.767151767151767,368.232848232848,0.409375,393,2280,2100,43920,0.544760582928522,784.455239417071,0.596673596673597,286.403326403326,0.51875,498,4740,360,47940,0.441360166551006,635.558639833449,0.625779625779626,300.37422037422,0.348958333333333,335,3360,1320,49680,0.369188063844552,531.630811936155,0.542619542619543,260.45738045738,0.282291666666667,271,7020,300,62700,0.433726578764747,624.566273421235,0.474012474012474,227.525987525988,0.413541666666667,397,20.1666666666667,23.3884297520661,18.6666666666667,50.875
"2026-03-21 09:00:00|Monitor34.txt|09",9,"2026-03-21 09:00:00|Monitor34.txt",2026-03-21T09:00:00Z,2026-03-27T09:30:00Z,"OK","M","DGRP189","21.5C","Winter","NA","08:12","M34","Batch26_DGRP",0.302048374030784,434.949658604328,0.471364109684138,226.254772648386,0.217361111111111,208.666666666667,3540,540,66600,0.492019430950729,708.507980569049,0.671517671517672,322.328482328482,0.402083333333333,386,4380,360,39600,0.44205412907703,636.557945870923,0.592515592515593,284.407484407484,0.366666666666667,352,4740,7680,4740,0.362248438584316,521.637751561416,0.686070686070686,329.313929313929,0.2,192,7500,360,22980,0.142956280360861,205.857043719639,0.303534303534304,145.696465696466,0.0625,60,4440,360,43020,0.249132546842471,358.750867453158,0.401247401247401,192.598752598753,0.172916666666667,166,8760,300,26220,0.122831367106176,176.877168632894,0.168399168399168,80.8316008316008,0.1,96,21.3333333333333,18.65625,20.8333333333333,49.288
"2026-03-21 09:00:00|Monitor34.txt|10",10,"2026-03-21 09:00:00|Monitor34.txt",2026-03-21T09:00:00Z,2026-03-27T09:30:00Z,"OK","M","DGRP189","21.5C","Winter","NA","08:12","M34","Batch26_DGRP",0.71183890753385,1025.04802684874,0.843110031239153,404.692814994794,0.646180555555556,620.333333333333,600,1980,13980,0.707841776544067,1019.29215822346,0.821205821205821,394.178794178794,0.651041666666667,625,3420,600,20700,0.631505898681471,909.368494101319,0.817047817047817,392.182952182952,0.538541666666667,517,240,2160,10920,0.657876474670368,947.34212352533,0.858627858627859,412.141372141372,0.557291666666667,535,2280,1920,11460,0.778625954198473,1121.2213740458,0.841995841995842,404.158004158004,0.746875,717,2160,2820,11280,0.728660652324775,1049.27133934768,0.83991683991684,403.160083160083,0.672916666666667,646,840,960,3720,0.765440666204025,1102.2345593338,0.875259875259875,420.12474012474,0.710416666666667,682,17.6666666666667,26.2264150943396,53.6666666666667,17.2950310559006
"2026-03-21 09:00:00|Monitor34.txt|12",12,"2026-03-21 09:00:00|Monitor34.txt",2026-03-21T09:00:00Z,2026-03-27T09:30:00Z,"OK","M","DGRP189","21.5C","Winter","NA","08:12","M34","Batch26_DGRP",0.829070709408633,1193.86182154843,0.848316556751128,407.191947240541,0.819444444444445,786.666666666667,0,660,1440,0.784177654406662,1129.21582234559,0.93970893970894,451.060291060291,0.70625,678,1800,1200,33960,0.851492019430951,1226.14850798057,0.802494802494803,385.197505197505,0.876041666666667,841,360,840,13800,0.859819569743234,1238.14018043026,0.858627858627859,412.141372141372,0.860416666666667,826,780,600,50700,0.755725190839695,1088.24427480916,0.723492723492724,347.276507276507,0.771875,741,480,1440,37980,0.866065232477446,1247.13393476752,0.887733887733888,426.112266112266,0.855208333333333,821,300,2940,33540,0.85704371963914,1234.14295628036,0.877338877338877,421.122661122661,0.846875,813,20.5,23.9593495934959,31.3333333333333,29.2074468085106
"2026-03-21 09:00:00|Monitor34.txt|14",14,"2026-03-21 09:00:00|Monitor34.txt",2026-03-21T09:00:00Z,2026-03-27T09:30:00Z,"OK","M","DGRP189","21.5C","Winter","NA","08:12","M34","Batch26_DGRP",0.437102187246846,629.427149635459,0.474835126692121,227.920860812218,0.418229166666667,401.5,1140,2040,37740,0.660652324774462,951.339347675226,0.721413721413721,346.278586278586,0.630208333333333,605,1680,1920,1680,0.393476752255378,566.606523247745,0.501039501039501,240.498960498961,0.339583333333333,326,480,480,68580,0.417765440666204,601.582234559334,0.399168399168399,191.600831600832,0.427083333333333,410,60,300,62820,0.430950728660652,620.569049271339,0.411642411642412,197.588357588358,0.440625,423,1920,1140,50460,0.374045801526718,538.625954198473,0.563409563409563,270.43659043659,0.279166666666667,268,10980,360,38400,0.344899375433727,496.655100624566,0.24948024948025,119.75051975052,0.392708333333333,377,28.5,15.8304093567251,37.1666666666667,25.6995515695067
"2026-03-21 09:00:00|Monitor34.txt|15",15,"2026-03-21 09:00:00|Monitor34.txt",2026-03-21T09:00:00Z,2026-03-27T09:30:00Z,"OK","M","DGRP189","21.5C","Winter","NA","08:12","M34","Batch26_DGRP",0.617405392894341,889.063765767851,0.734814300590073,352.710864283235,0.558680555555556,536.333333333333,7020,840,8220,0.632893823733518,911.367106176267,0.733887733887734,352.266112266112,0.582291666666667,559,4380,780,6300,0.667591950034698,961.332408049965,0.802494802494803,385.197505197505,0.6,576,1860,3060,35280,0.639833448993754,921.360166551006,0.717255717255717,344.282744282744,0.601041666666667,577,2520,1680,39480,0.595419847328244,857.404580152672,0.667359667359667,320.33264033264,0.559375,537,540,3660,21000,0.504510756419153,726.495489243581,0.717255717255717,344.282744282744,0.397916666666667,382,1320,17640,1320,0.662040249826509,953.337959750174,0.762993762993763,366.237006237006,0.611458333333333,587,14.6666666666667,30.6477272727273,24.8333333333333,39.0134228187919
"2026-03-21 09:00:00|Monitor34.txt|16",16,"2026-03-21 09:00:00|Monitor34.txt",2026-03-21T09:00:00Z,2026-03-27T09:30:00Z,"OK","M","DGRP189","21.5C","Winter","NA","08:12","M34","Batch26_DGRP",0.442194190487212,636.759634301586,0.544602568552586,261.409232905241,0.390972222222222,375.333333333333,7200,1140,41640,0.610687022900763,879.389312977099,0.607068607068607,291.392931392931,0.6125,588,10020,660,22380,0.358778625954198,516.641221374046,0.461538461538462,221.538461538462,0.307291666666667,295,900,300,63660,0.487855655794587,702.512144344206,0.538461538461538,258.461538461539,0.4625,444,1080,1740,65100,0.385843164469119,555.614156835531,0.501039501039501,240.498960498961,0.328125,315,1320,360,62700,0.426786953504511,614.573213046495,0.609147609147609,292.390852390852,0.335416666666667,322,900,4860,61260,0.383067314365024,551.616932685635,0.548856548856549,263.451143451143,0.3,288,31.1666666666667,13.8663101604278,31.8333333333333,30.7434554973822
"2026-03-21 09:00:00|Monitor34.txt|17",17,"2026-03-21 09:00:00|Monitor34.txt",2026-03-21T09:00:00Z,2026-03-27T09:30:00Z,"OK","M","DGRP189","21.5C","Winter","NA","08:12","M34","Batch26_DGRP",0.680361069320681,979.71993982178,0.562651856994099,270.072891357168,0.739236111111111,709.666666666667,1800,360,36300,0.57529493407356,828.424705065926,0.386694386694387,185.613305613306,0.669791666666667,643,420,900,39780,0.710617626648161,1023.28938237335,0.804573804573805,386.195426195426,0.663541666666667,637,960,300,47520,0.701596113809854,1010.29840388619,0.573804573804574,275.426195426195,0.765625,735,240,300,60000,0.724496877168633,1043.27550312283,0.563409563409563,270.43659043659,0.805208333333333,773,1620,420,61080,0.748091603053435,1077.25190839695,0.586278586278586,281.413721413721,0.829166666666667,796,900,300,35160,0.621096460791117,894.378903539209,0.45945945945946,220.540540540541,0.702083333333333,674,35.6666666666667,13,48,19.2291666666667
"2026-03-21 09:00:00|Monitor34.txt|18",18,"2026-03-21 09:00:00|Monitor34.txt",2026-03-21T09:00:00Z,2026-03-27T09:30:00Z,"OK","M","DGRP189","21.5C","Winter","NA","08:12","M34","Batch26_DGRP",0.465571114454346,670.422404814258,0.676848316556751,324.887191947241,0.359895833333333,345.5,4260,780,9420,0.556557945870923,801.443442054129,0.787941787941788,378.212058212058,0.440625,423,4320,360,9420,0.529493407356003,762.470506592644,0.79002079002079,379.209979209979,0.398958333333333,383,840,480,66900,0.50381679389313,725.496183206107,0.77962577962578,374.220374220374,0.365625,351,8280,300,57840,0.290076335877863,417.709923664122,0.313929313929314,150.686070686071,0.278125,267,60,3600,65700,0.414295628036086,596.585704371964,0.553014553014553,265.446985446986,0.344791666666667,331,60,17580,60,0.498959056210965,718.501040943789,0.833679833679834,400.16632016632,0.33125,318,22.1666666666667,20.796992481203,26,36.8782051282051
"2026-03-21 09:00:00|Monitor34.txt|20",20,"2026-03-21 09:00:00|Monitor34.txt",2026-03-21T09:00:00Z,2026-03-27T09:30:00Z,"OK","M","DGRP189","21.5C","Winter","NA","08:12","M34","Batch26_DGRP",0.560004629093855,806.406665895151,0.725789656369316,348.379035057272,0.477083333333333,458,5040,420,11760,0.600971547536433,865.399028452464,0.696465696465697,334.303534303534,0.553125,531,1620,600,11400,0.600277585010409,864.39972241499,0.866943866943867,416.133056133056,0.466666666666667,448,780,660,12720,0.544066620402498,783.455933379598,0.671517671517672,322.328482328482,0.480208333333333,461,3720,300,19860,0.467036780013879,672.532963219986,0.632016632016632,303.367983367983,0.384375,369,1560,2880,43440,0.551700208188758,794.448299791811,0.62993762993763,302.370062370062,0.5125,492,660,1320,2880,0.596113809854268,858.403886190146,0.856548856548857,411.143451143451,0.465625,447,22.6666666666667,19.8235294117647,33.3333333333333,28.72
"2026-03-21 09:00:00|Monitor34.txt|21",21,"2026-03-21 09:00:00|Monitor34.txt",2026-03-21T09:00:00Z,2026-03-27T09:30:00Z,"OK","M","DGRP189","21.5C","Winter","NA","08:12","M34","Batch26_DGRP",0.754079388959611,1085.87432010184,0.750433877125998,360.208261020479,0.755902777777778,725.666666666667,0,1440,12780,0.834836918806385,1202.16516308119,0.814968814968815,391.185031185031,0.844791666666667,811,600,1140,48840,0.748091603053435,1077.25190839695,0.769230769230769,369.230769230769,0.7375,708,420,300,35400,0.811242192921582,1168.18875780708,0.771309771309771,370.22869022869,0.83125,798,1020,3180,34740,0.788341429562804,1135.21165857044,0.756756756756757,363.243243243243,0.804166666666667,772,660,840,39780,0.653018736988203,940.346981263012,0.69022869022869,331.309771309771,0.634375,609,4740,300,35520,0.689798750867453,993.310201249133,0.702702702702703,337.297297297297,0.683333333333333,656,34.6666666666667,12.7932692307692,36.1666666666667,26.2396313364055
"2026-03-21 09:00:00|Monitor34.txt|23",23,"2026-03-21 09:00:00|Monitor34.txt",2026-03-21T09:00:00Z,2026-03-27T09:30:00Z,"OK","M","DGRP189","21.5C","Winter","NA","08:12","M34","Batch26_DGRP",0.606295567642634,873.065617405393,0.658451926414439,316.056924678931,0.580208333333333,557,1080,540,10020,0.820957668285913,1182.17904233171,0.873180873180873,419.126819126819,0.794791666666667,763,120,420,6720,0.630811936155448,908.369188063845,0.787941787941788,378.212058212058,0.552083333333333,530,1560,1980,54060,0.669673837612769,964.330326162387,0.706860706860707,339.293139293139,0.651041666666667,625,120,420,48960,0.546842470506593,787.453157529494,0.525987525987526,252.474012474012,0.557291666666667,535,1020,3180,55800,0.526023594725885,757.473976405274,0.444906444906445,213.555093555094,0.566666666666667,544,420,960,61140,0.44205412907703,636.557945870923,0.607068607068607,291.392931392931,0.359375,345,31.5,14.7513227513228,38.1666666666667,24.5240174672489
"2026-03-21 09:00:00|Monitor34.txt|24",24,"2026-03-21 09:00:00|Monitor34.txt",2026-03-21T09:00:00Z,2026-03-27T09:30:00Z,"OK","M","DGRP189","21.5C","Winter","NA","08:12","M34","Batch26_DGRP",0.487096400879528,701.41881726652,0.456785838250607,219.257202360292,0.502256944444445,482.166666666667,6660,300,13260,0.641221374045801,923.358778625954,0.656964656964657,315.343035343035,0.633333333333333,608,7680,360,58080,0.337265787647467,485.662734212353,0.218295218295218,104.781704781705,0.396875,381,2820,2040,49200,0.473282442748092,681.526717557252,0.432432432432432,207.567567567568,0.49375,474,2460,720,57540,0.392088827203331,564.607911172797,0.345114345114345,165.654885654886,0.415625,399,2700,360,85260,0.543372657876475,782.456627342124,0.546777546777547,262.453222453222,0.541666666666667,520,6300,300,59700,0.534351145038168,769.465648854962,0.538461538461538,258.461538461539,0.532291666666667,511,26.8333333333333,16.1304347826087,37.1666666666667,26.3542600896861
"2026-03-21 09:00:00|Monitor34.txt|25",25,"2026-03-21 09:00:00|Monitor34.txt",2026-03-21T09:00:00Z,2026-03-27T09:30:00Z,"OK","M","DGRP189","21.5C","Winter","NA","08:12","M34","Batch26_DGRP",0.468348570767272,674.421941904872,0.528635890315863,253.745227351614,0.438194444444444,420.666666666667,4680,420,13440,0.571825121443442,823.428174878557,0.650727650727651,312.349272349272,0.532291666666667,511,4260,420,10380,0.591256072172103,851.408743927828,0.663201663201663,318.336798336798,0.555208333333333,533,5880,540,65640,0.437890353920888,630.562109646079,0.505197505197505,242.494802494803,0.404166666666667,388,4620,300,44160,0.450381679389313,648.549618320611,0.438669438669439,210.561330561331,0.45625,438,240,300,9900,0.430950728660652,620.569049271339,0.540540540540541,259.459459459459,0.376041666666667,361,3480,600,66360,0.32616238723109,469.673837612769,0.367983367983368,176.632016632017,0.305208333333333,293,21.1666666666667,20.6850393700787,30.5,32.1147540983607
"2026-03-21 09:00:00|Monitor34.txt|26",26,"2026-03-21 09:00:00|Monitor34.txt",2026-03-21T09:00:00Z,2026-03-27T09:30:00Z,"OK","M","DGRP189","21.5C","Winter","NA","08:12","M34","Batch26_DGRP",0.589746557111445,849.235042240482,0.645956265185699,310.059007289136,0.561631944444445,539.166666666667,720,3900,72720,0.725190839694657,1044.27480916031,0.864864864864865,415.135135135135,0.655208333333333,629,60,780,69780,0.555170020818876,799.444829979181,0.634095634095634,304.365904365904,0.515625,495,120,480,35880,0.591950034698126,852.408049965302,0.686070686070686,329.313929313929,0.544791666666667,523,1080,780,36420,0.488549618320611,703.511450381679,0.523908523908524,251.476091476092,0.470833333333333,452,1740,780,36900,0.580152671755725,835.419847328244,0.571725571725572,274.428274428274,0.584375,561,2160,360,36720,0.597501734906315,860.402498265094,0.594594594594595,285.405405405405,0.598958333333333,575,37.1666666666667,12.1434977578475,47.6666666666667,19.7237762237762
"2026-03-21 09:00:00|Monitor34.txt|27",27,"2026-03-21 09:00:00|Monitor34.txt",2026-03-21T09:00:00Z,2026-03-27T09:30:00Z,"OK","M","DGRP189","21.5C","Winter","NA","08:12","M34","Batch26_DGRP",0.672723064460132,968.72121282259,0.749045470322805,359.541825754946,0.634548611111111,609.166666666667,0,1140,8340,0.786259541984733,1132.21374045802,0.750519750519751,360.24948024948,0.804166666666667,772,6960,1440,41400,0.677307425399028,975.322692574601,0.717255717255717,344.282744282744,0.657291666666667,631,660,2100,34980,0.689798750867453,993.310201249133,0.767151767151767,368.232848232848,0.651041666666667,625,1380,360,6960,0.653018736988203,940.346981263012,0.802494802494803,385.197505197505,0.578125,555,2640,1740,7020,0.599583622484386,863.400416377516,0.781704781704782,375.218295218295,0.508333333333333,488,360,1380,36540,0.628730048577377,905.371269951423,0.66943866943867,321.330561330561,0.608333333333333,584,10.8333333333333,42.9692307692308,31.5,30.2116402116402
"2026-03-21 09:00:00|Monitor34.txt|28",28,"2026-03-21 09:00:00|Monitor34.txt",2026-03-21T09:00:00Z,2026-03-27T09:30:00Z,"OK","M","DGRP189","21.5C","Winter","NA","08:12","M34","Batch26_DGRP",0.469042934845504,675.421826177526,0.481430059007289,231.086428323499,0.462847222222222,444.333333333333,7620,360,59820,0.588480222068008,847.411519777932,0.517671517671518,248.482328482328,0.623958333333333,599,2040,420,69120,0.535739070090215,771.46426092991,0.696465696465697,334.303534303534,0.455208333333333,437,1680,2040,53340,0.424011103400416,610.5759888966,0.449064449064449,215.550935550936,0.411458333333333,395,2220,360,59700,0.442748091603053,637.557251908397,0.436590436590437,209.56340956341,0.445833333333333,428,780,360,2760,0.477446217904233,687.522553782096,0.577962577962578,277.422037422037,0.427083333333333,410,1860,600,38400,0.34559333795975,497.65440666204,0.20997920997921,100.790020790021,0.413541666666667,397,24.5,21.9115646258503,30.5,28.8087431693989
"2026-03-21 09:00:00|Monitor34.txt|29",29,"2026-03-21 09:00:00|Monitor34.txt",2026-03-21T09:00:00Z,2026-03-27T09:30:00Z,"OK","M","DGRP189","21.5C","Winter","NA","08:12","M34","Batch26_DGRP",0.560814720518459,807.57319754658,0.683096147171121,327.886150642138,0.499652777777778,479.666666666667,60,540,6120,0.688410825815406,991.311589174185,0.88981288981289,427.110187110187,0.5875,564,3420,360,13620,0.526717557251908,758.473282442748,0.713097713097713,342.286902286902,0.433333333333333,416,120,420,39420,0.544760582928522,784.455239417071,0.667359667359667,320.33264033264,0.483333333333333,464,1980,540,38280,0.59264399722415,853.407356002776,0.667359667359667,320.33264033264,0.555208333333333,533,1020,780,33960,0.57529493407356,828.424705065926,0.733887733887734,352.266112266112,0.495833333333333,476,480,300,49020,0.435114503816794,626.564885496183,0.41995841995842,201.580041580042,0.442708333333333,425,27,16.9691358024691,45.5,20.7985347985348
"2026-03-21 09:00:00|Monitor34.txt|30",30,"2026-03-21 09:00:00|Monitor34.txt",2026-03-21T09:00:00Z,2026-03-27T09:30:00Z,"OK","M","DGRP189","21.5C","Winter","NA","08:12","M34","Batch26_DGRP",0.480384214789955,691.753269297535,0.450538007636237,216.258243665394,0.4953125,475.5,8940,540,62640,0.664816099930604,957.335183900069,0.665280665280665,319.334719334719,0.664583333333333,638,1020,540,39120,0.532269257460097,766.46773074254,0.417879417879418,200.582120582121,0.589583333333333,566,2400,1740,54240,0.422623178348369,608.577376821652,0.232848232848233,111.767151767152,0.517708333333333,497,840,3240,840,0.405274115197779,583.594725884802,0.407484407484407,195.592515592516,0.404166666666667,388,0,840,36180,0.403192227619709,580.59680777238,0.455301455301455,218.544698544699,0.377083333333333,362,1380,360,7260,0.453851492019431,653.546148507981,0.523908523908524,251.476091476092,0.41875,402,26.5,18.6415094339623,42.6666666666667,21.33984375
"2026-03-21 09:00:00|Monitor34.txt|31",31,"2026-03-21 09:00:00|Monitor34.txt",2026-03-21T09:00:00Z,2026-03-27T09:30:00Z,"OK","M","DGRP189","21.5C","Winter","NA","08:12","M34","Batch26_DGRP",0.495197315125564,713.084133780812,0.480735855605693,230.753210690732,0.502430555555556,482.333333333333,3780,420,16620,0.684941013185288,986.315058986815,0.613305613305613,294.386694386694,0.720833333333333,692,7680,420,57540,0.487855655794587,702.512144344206,0.451143451143451,216.548856548857,0.50625,486,3180,1020,64560,0.446217904233171,642.553782095767,0.388773388773389,186.611226611227,0.475,456,7260,540,56940,0.360860513532269,519.639139486468,0.40956340956341,196.590436590437,0.336458333333333,323,1320,360,11040,0.517696044413602,745.482303955586,0.505197505197505,242.494802494803,0.523958333333333,503,780,480,53100,0.471894517696044,679.528105482304,0.511434511434512,245.488565488566,0.452083333333333,434,25.1666666666667,16.841059602649,36.1666666666667,27.3686635944701
"2026-03-21 09:00:00|Monitor34.txt|32",32,"2026-03-21 09:00:00|Monitor34.txt",2026-03-21T09:00:00Z,2026-03-27T09:30:00Z,"OK","M","DGRP189","21.5C","Winter","NA","08:12","M34","Batch26_DGRP",0.513135053813216,738.914477491031,0.527941686914266,253.412009718848,0.505729166666667,485.5,0,2940,35220,0.752255378209577,1083.24774462179,0.773388773388773,371.226611226611,0.741666666666667,712,1440,2520,46740,0.723108952116586,1041.27689104788,0.846153846153846,406.153846153846,0.661458333333333,635,120,1080,36540,0.50381679389313,725.496183206107,0.548856548856549,263.451143451143,0.48125,462,1020,2520,61260,0.39000693962526,561.609993060375,0.382536382536383,183.617463617464,0.39375,378,1260,420,68220,0.410131852879944,590.58986814712,0.347193347193347,166.652806652807,0.441666666666667,424,2160,600,51900,0.299097848716169,430.700902151284,0.268191268191268,128.731808731809,0.314583333333333,302,26,20.3782051282051,35.1666666666667,25.2796208530806
"2026-03-21 09:00:00|Monitor35.txt|01",1,"2026-03-21 09:00:00|Monitor35.txt",2026-03-21T09:00:00Z,2026-03-27T09:30:00Z,"OK","M","DGRP195","21.5C","Winter","NA","08:12","M35","Batch26_DGRP",0.771785672954519,1111.37136905451,0.745574453314821,357.875737591114,0.784895833333333,753.5,1260,2880,64080,0.850104094378904,1224.14989590562,0.787941787941788,378.212058212058,0.88125,846,1620,2580,39120,0.801526717557252,1154.19847328244,0.804573804573805,386.195426195426,0.8,768,2220,420,42360,0.772380291464261,1112.22761970854,0.754677754677755,362.245322245322,0.78125,750,780,540,62880,0.738376127689105,1063.26162387231,0.671517671517672,322.328482328482,0.771875,741,840,480,66300,0.784177654406662,1129.21582234559,0.785862785862786,377.214137214137,0.783333333333333,752,1680,2580,53760,0.684941013185288,986.315058986815,0.671517671517672,322.328482328482,0.691666666666667,664,22.3333333333333,20.4253731343284,44.8333333333333,20.8401486988847
"2026-03-21 09:00:00|Monitor35.txt|03",3,"2026-03-21 09:00:00|Monitor35.txt",2026-03-21T09:00:00Z,2026-03-27T09:30:00Z,"OK","M","DGRP195","21.5C","Winter","NA","08:12","M35","Batch26_DGRP",0.753963661613239,1085.70767272306,0.770218674071503,369.704963554321,0.745833333333333,716,0,4200,48300,0.798056904927134,1149.20194309507,0.918918918918919,441.081081081081,0.7375,708,1200,1980,40560,0.758501040943789,1092.24149895906,0.752598752598753,361.247401247401,0.761458333333333,731,960,300,60840,0.727272727272727,1047.27272727273,0.738045738045738,354.261954261954,0.721875,693,600,600,47100,0.713393476752255,1027.28660652325,0.742203742203742,356.257796257796,0.698958333333333,671,3900,360,39480,0.770992366412214,1110.22900763359,0.769230769230769,369.230769230769,0.771875,741,5040,3480,69600,0.755725190839695,1088.24427480916,0.700623700623701,336.299376299376,0.783333333333333,752,21.6666666666667,20.6230769230769,29.5,32.5028248587571
"2026-03-21 09:00:00|Monitor35.txt|04",4,"2026-03-21 09:00:00|Monitor35.txt",2026-03-21T09:00:00Z,2026-03-27T09:30:00Z,"OK","M","DGRP195","21.5C","Winter","NA","08:12","M35","Batch26_DGRP",0.649809049878486,935.72503182502,0.671641791044776,322.388059701493,0.638888888888889,613.333333333333,0,1620,21300,0.694656488549618,1000.30534351145,0.827442827442827,397.172557172557,0.628125,603,2400,1200,40080,0.682859125607217,983.317140874393,0.67983367983368,326.320166320166,0.684375,657,780,480,17520,0.567661346287301,817.432338653713,0.600831600831601,288.399168399168,0.551041666666667,529,1440,1140,66120,0.60235947258848,867.397640527412,0.584199584199584,280.4158004158,0.611458333333333,587,420,1200,63900,0.671061762664816,966.328938237335,0.650727650727651,312.349272349272,0.68125,654,3000,1500,66060,0.680777238029147,980.319222761971,0.688149688149688,330.31185031185,0.677083333333333,650,21.5,21.8062015503876,35,26.9428571428572
"2026-03-21 09:00:00|Monitor35.txt|05",5,"2026-03-21 09:00:00|Monitor35.txt",2026-03-21T09:00:00Z,2026-03-27T09:30:00Z,"OK","M","DGRP195","21.5C","Winter","NA","08:12","M35","Batch26_DGRP",0.715657909964125,1030.54739034834,0.650121485595279,312.058313085734,0.7484375,718.5,0,1680,20700,0.723802914642609,1042.27619708536,0.575883575883576,276.424116424116,0.797916666666667,766,840,2820,72780,0.719639139486468,1036.28036086051,0.648648648648649,311.351351351351,0.755208333333333,725,60,2400,47700,0.761276891047884,1096.23872310895,0.665280665280665,319.334719334719,0.809375,777,1200,1200,44880,0.612074947952811,881.387925052047,0.627858627858628,301.372141372141,0.604166666666667,580,1620,2580,57780,0.736988202637058,1061.26301179736,0.665280665280665,319.334719334719,0.772916666666667,742,60,1440,68700,0.739070090215128,1064.26092990978,0.715176715176715,343.284823284823,0.751041666666667,721,27.1666666666667,17.6503067484663,36.6666666666667,25.2727272727273
"2026-03-21 09:00:00|Monitor35.txt|07",7,"2026-03-21 09:00:00|Monitor35.txt",2026-03-21T09:00:00Z,2026-03-27T09:30:00Z,"OK","M","DGRP195","21.5C","Winter","NA","08:12","M35","Batch26_DGRP",0.606179840296262,872.898970026617,0.621659146129816,298.396390142312,0.5984375,574.5,0,2820,49920,0.711311589174185,1024.28868841083,0.750519750519751,360.24948024948,0.691666666666667,664,660,360,40080,0.68147120055517,981.318528799445,0.700623700623701,336.299376299376,0.671875,645,2460,480,65760,0.622484385843165,896.377515614157,0.573804573804574,275.426195426195,0.646875,621,720,420,58920,0.616238723108952,887.383761276891,0.659043659043659,316.340956340956,0.594791666666667,571,2820,1380,18060,0.528799444829979,761.47120055517,0.501039501039501,240.498960498961,0.542708333333333,521,1140,360,16080,0.475364330326162,684.524635669674,0.540540540540541,259.459459459459,0.442708333333333,425,20,25.2333333333333,37,24.490990990991
"2026-03-21 09:00:00|Monitor35.txt|09",9,"2026-03-21 09:00:00|Monitor35.txt",2026-03-21T09:00:00Z,2026-03-27T09:30:00Z,"OK","M","DGRP195","21.5C","Winter","NA","08:12","M35","Batch26_DGRP",0.675153338733943,972.220807776878,0.787226657410621,377.868795557098,0.619097222222222,594.333333333333,0,1680,67800,0.744621790423317,1072.25537820958,0.937629937629938,450.06237006237,0.647916666666667,622,2160,2040,16440,0.755725190839695,1088.24427480916,0.831600831600832,399.168399168399,0.717708333333333,689,960,300,68760,0.734906315058987,1058.26509368494,0.758835758835759,364.241164241164,0.722916666666667,694,420,3420,45000,0.731436502428869,1053.26856349757,0.821205821205821,394.178794178794,0.686458333333333,659,1920,1380,7020,0.582234559333796,838.417765440666,0.719334719334719,345.280665280665,0.513541666666667,493,900,3420,900,0.500346981263012,720.499653018737,0.648648648648649,311.351351351351,0.426041666666667,409,16.1666666666667,29.2783505154639,34.6666666666667,26.8173076923077
"2026-03-21 09:00:00|Monitor35.txt|10",10,"2026-03-21 09:00:00|Monitor35.txt",2026-03-21T09:00:00Z,2026-03-27T09:30:00Z,"OK","M","DGRP195","21.5C","Winter","NA","08:12","M35","Batch26_DGRP",0.712880453651198,1026.54785325773,0.798333911836168,383.200277681361,0.670138888888889,643.333333333333,0,420,9000,0.764052741151978,1100.23594725885,0.869022869022869,417.130977130977,0.711458333333333,683,240,1320,8580,0.72588480222068,1045.27411519778,0.771309771309771,370.22869022869,0.703125,675,1860,2340,6960,0.709923664122137,1022.29007633588,0.775467775467775,372.224532224532,0.677083333333333,650,3960,300,4320,0.692574600971548,997.307425399029,0.825363825363825,396.174636174636,0.626041666666667,601,2700,300,11700,0.689798750867453,993.310201249133,0.752598752598753,361.247401247401,0.658333333333333,632,3960,13500,3960,0.696044413601666,1002.3039555864,0.798336798336798,383.201663201663,0.644791666666667,619,13.5,35.8148148148148,38.1666666666667,24.17903930131
"2026-03-21 09:00:00|Monitor35.txt|11",11,"2026-03-21 09:00:00|Monitor35.txt",2026-03-21T09:00:00Z,2026-03-27T09:30:00Z,"OK","M","DGRP195","21.5C","Winter","NA","08:12","M35","Batch26_DGRP",0.560583265825715,807.239902789029,0.631030892051371,302.894828184658,0.525347222222222,504.333333333333,7500,3720,17760,0.623872310895212,898.376127689105,0.688149688149688,330.31185031185,0.591666666666667,568,1620,2160,15000,0.632199861207495,910.367800138792,0.744282744282744,357.255717255717,0.576041666666667,553,2520,1200,43560,0.573907009021513,826.426092990979,0.698544698544699,335.301455301455,0.511458333333333,491,1800,1740,76200,0.535739070090215,771.46426092991,0.632016632016632,303.367983367983,0.4875,468,2220,540,68280,0.485773768216516,699.514226231784,0.444906444906445,213.555093555094,0.50625,486,2640,360,67800,0.511450381679389,736.488549618321,0.575883575883576,276.424116424116,0.479166666666667,460,21.3333333333333,21.546875,36.8333333333333,26.0407239819005
"2026-03-21 09:00:00|Monitor35.txt|14",14,"2026-03-21 09:00:00|Monitor35.txt",2026-03-21T09:00:00Z,2026-03-27T09:30:00Z,"OK","M","DGRP195","21.5C","Winter","NA","08:12","M35","Batch26_DGRP",0.702233537784979,1011.21629441037,0.667823672335994,320.555362721277,0.719444444444445,690.666666666667,2220,420,67860,0.690492713393477,994.309507286606,0.661122661122661,317.338877338877,0.705208333333333,677,2520,1740,52380,0.678695350451076,977.321304649549,0.698544698544699,335.301455301455,0.66875,642,60,4140,60,0.703678001387925,1013.29632199861,0.696465696465697,334.303534303534,0.707291666666667,679,2160,1980,49320,0.73351839000694,1056.26648160999,0.632016632016632,303.367983367983,0.784375,753,3420,1680,7920,0.707841776544067,1019.29215822346,0.677754677754678,325.322245322245,0.722916666666667,694,900,540,47700,0.699514226231784,1007.30048577377,0.642411642411642,308.357588357588,0.728125,699,23.1666666666667,20.136690647482,53.5,17.4953271028037
"2026-03-21 09:00:00|Monitor35.txt|15",15,"2026-03-21 09:00:00|Monitor35.txt",2026-03-21T09:00:00Z,2026-03-27T09:30:00Z,"OK","M","DGRP195","21.5C","Winter","NA","08:12","M35","Batch26_DGRP",0.716352274042356,1031.54727462099,0.83755640402638,402.027073932662,0.655729166666667,629.5,0,2940,47820,0.741845940319223,1068.25815405968,0.866943866943867,416.133056133056,0.679166666666667,652,720,1800,13440,0.710617626648161,1023.28938237335,0.88981288981289,427.110187110187,0.620833333333333,596,1320,2880,4380,0.734906315058987,1058.26509368494,0.898128898128898,431.101871101871,0.653125,627,900,2700,12300,0.743927827897294,1071.2560721721,0.879417879417879,422.120582120582,0.676041666666667,649,240,2400,68460,0.690492713393477,994.309507286606,0.771309771309771,370.22869022869,0.65,624,1320,1680,49920,0.674531575294934,971.325468424705,0.713097713097713,342.286902286902,0.655208333333333,629,16.3333333333333,29.8775510204082,33.8333333333333,27.1083743842365
"2026-03-21 09:00:00|Monitor35.txt|16",16,"2026-03-21 09:00:00|Monitor35.txt",2026-03-21T09:00:00Z,2026-03-27T09:30:00Z,"OK","M","DGRP195","21.5C","Winter","NA","08:12","M35","Batch26_DGRP",0.700960536974887,1009.38317324384,0.739326622700451,354.876778896217,0.681770833333333,654.5,0,1680,62220,0.696044413601666,1002.3039555864,0.711018711018711,341.288981288981,0.688541666666667,661,2160,2040,16140,0.688410825815406,991.311589174185,0.752598752598753,361.247401247401,0.65625,630,300,480,66240,0.696044413601666,1002.3039555864,0.767151767151767,368.232848232848,0.660416666666667,634,1380,2820,48180,0.69882026370576,1006.30117973629,0.644490644490645,309.355509355509,0.726041666666667,697,3180,360,73560,0.714781401804303,1029.2852185982,0.792099792099792,380.2079002079,0.676041666666667,649,3480,720,51360,0.712699514226232,1026.28730048577,0.771309771309771,370.22869022869,0.683333333333333,656,17,27.4117647058824,34.3333333333333,27.747572815534
"2026-03-21 09:00:00|Monitor35.txt|17",17,"2026-03-21 09:00:00|Monitor35.txt",2026-03-21T09:00:00Z,2026-03-27T09:30:00Z,"OK","M","DGRP195","21.5C","Winter","NA","08:12","M35","Batch26_DGRP",0.660340238398334,950.8899432936,0.761194029850746,365.373134328358,0.609895833333333,585.5,5280,2880,67140,0.63705759888966,917.36294240111,0.656964656964657,315.343035343035,0.627083333333333,602,780,2940,48600,0.67175572519084,967.328244274809,0.848232848232848,407.151767151767,0.583333333333333,560,2280,420,49500,0.691880638445524,996.308119361555,0.821205821205821,394.178794178794,0.627083333333333,602,2880,600,41520,0.687716863289382,990.312283136711,0.738045738045738,354.261954261954,0.6625,636,4440,2040,6660,0.634975711311589,914.365024288688,0.785862785862786,377.214137214137,0.559375,537,2460,300,43320,0.639139486467731,920.360860513532,0.717255717255717,344.282744282744,0.6,576,17,28,29.1666666666667,32.0857142857143
"2026-03-21 09:00:00|Monitor35.txt|18",18,"2026-03-21 09:00:00|Monitor35.txt",2026-03-21T09:00:00Z,2026-03-27T09:30:00Z,"OK","M","DGRP195","21.5C","Winter","NA","08:12","M35","Batch26_DGRP",0.684642981136443,985.885892836477,0.730996181881291,350.87816730302,0.661458333333333,635,960,960,40380,0.727966689798751,1048.2720333102,0.802494802494803,385.197505197505,0.690625,663,540,780,49800,0.625954198473283,901.374045801527,0.719334719334719,345.280665280665,0.579166666666667,556,420,720,41100,0.611380985426787,880.388619014573,0.571725571725572,274.428274428274,0.63125,606,1920,1080,14100,0.696044413601666,1002.3039555864,0.762993762993763,366.237006237006,0.6625,636,4560,540,83220,0.706453851492019,1017.29354614851,0.731808731808732,351.268191268191,0.69375,666,2340,960,41700,0.739764052741152,1065.26023594726,0.796257796257796,382.203742203742,0.711458333333333,683,24.8333333333333,18.4161073825503,41.5,22.7630522088353
"2026-03-21 09:00:00|Monitor35.txt|20",20,"2026-03-21 09:00:00|Monitor35.txt",2026-03-21T09:00:00Z,2026-03-27T09:30:00Z,"OK","M","DGRP195","21.5C","Winter","NA","08:12","M35","Batch26_DGRP",0.595764379122787,857.900705936813,0.662964248524818,318.222839291913,0.562152777777778,539.666666666667,300,420,7500,0.571131158917419,822.428868841083,0.750519750519751,360.24948024948,0.48125,462,3240,960,36780,0.60999306037474,878.390006939625,0.602910602910603,289.397089397089,0.613541666666667,589,1080,1620,50100,0.560721721027065,807.439278278973,0.623700623700624,299.376299376299,0.529166666666667,508,2400,600,40200,0.608605135322693,876.391394864677,0.700623700623701,336.299376299376,0.5625,540,60,420,4260,0.598195697432339,861.401804302568,0.665280665280665,319.334719334719,0.564583333333333,542,4380,2040,8400,0.625954198473283,901.374045801527,0.634095634095634,304.365904365904,0.621875,597,22.1666666666667,21.5563909774436,46.1666666666667,20.0830324909747
"2026-03-21 09:00:00|Monitor35.txt|24",24,"2026-03-21 09:00:00|Monitor35.txt",2026-03-21T09:00:00Z,2026-03-27T09:30:00Z,"OK","M","DGRP195","21.5C","Winter","NA","08:12","M35","Batch26_DGRP",0.787756046753848,1134.36870732554,0.855605692467893,410.690732384589,0.753819444444445,723.666666666667,0,1740,81600,0.844552394170715,1216.15544760583,0.964656964656965,463.035343035343,0.784375,753,3060,540,10680,0.801526717557252,1154.19847328244,0.837837837837838,402.162162162162,0.783333333333333,752,2160,720,61860,0.78764746703678,1134.21235253296,0.831600831600832,399.168399168399,0.765625,735,1680,540,13260,0.775850104094379,1117.22414989591,0.846153846153846,406.153846153846,0.740625,711,1800,2400,13200,0.774462179042332,1115.22553782096,0.835758835758836,401.164241164241,0.74375,714,4500,4140,13920,0.742539902845246,1069.25746009715,0.817047817047817,392.182952182952,0.705208333333333,677,12.8333333333333,34.9350649350649,36.8333333333333,26.0090497737557
"2026-03-21 09:00:00|Monitor35.txt|25",25,"2026-03-21 09:00:00|Monitor35.txt",2026-03-21T09:00:00Z,2026-03-27T09:30:00Z,"OK","M","DGRP195","21.5C","Winter","NA","08:12","M35","Batch26_DGRP",0.629093854877908,905.895151024187,0.68552585907671,329.052412356821,0.600868055555556,576.833333333333,900,780,40500,0.736294240111034,1060.26370575989,0.694386694386694,333.305613305613,0.757291666666667,727,4620,3060,62820,0.65440666204025,942.34559333796,0.708939708939709,340.29106029106,0.627083333333333,602,420,3420,47640,0.65440666204025,942.34559333796,0.694386694386694,333.305613305613,0.634375,609,3060,1140,11460,0.553782095766829,797.446217904233,0.594594594594595,285.405405405405,0.533333333333333,512,2460,780,60600,0.628036086051353,904.371963913949,0.67983367983368,326.320166320166,0.602083333333333,578,840,300,1380,0.54823039555864,789.451769604441,0.742203742203742,356.257796257796,0.451041666666667,433,19.5,23.6410256410256,38.1666666666667,25.0131004366812
"2026-03-21 09:00:00|Monitor35.txt|26",26,"2026-03-21 09:00:00|Monitor35.txt",2026-03-21T09:00:00Z,2026-03-27T09:30:00Z,"OK","M","DGRP195","21.5C","Winter","NA","08:12","M35","Batch26_DGRP",0.743663927786136,1070.87605601204,0.717459215550156,344.380423464075,0.756770833333333,726.5,840,3360,61380,0.785565579458709,1131.21443442054,0.817047817047817,392.182952182952,0.769791666666667,739,1740,1020,66120,0.687716863289382,990.312283136711,0.62993762993763,302.370062370062,0.716666666666667,688,300,300,41640,0.736988202637058,1061.26301179736,0.717255717255717,344.282744282744,0.746875,717,4560,5040,51480,0.761276891047884,1096.23872310895,0.773388773388773,371.226611226611,0.755208333333333,725,1860,2760,70140,0.754337265787648,1086.24566273421,0.681912681912682,327.318087318087,0.790625,759,2460,1740,64380,0.736294240111034,1060.26370575989,0.686070686070686,329.313929313929,0.761458333333333,731,20,22.9916666666667,30.6666666666667,31.1032608695652
"2026-03-21 09:00:00|Monitor35.txt|27",27,"2026-03-21 09:00:00|Monitor35.txt",2026-03-21T09:00:00Z,2026-03-27T09:30:00Z,"OK","M","DGRP195","21.5C","Winter","NA","08:12","M35","Batch26_DGRP",0.60131929174864,865.899780118042,0.84172162443596,404.026379729261,0.481076388888889,461.833333333333,3300,420,4200,0.650242886884108,936.349757113116,0.869022869022869,417.130977130977,0.540625,519,4200,300,5760,0.650242886884108,936.349757113116,0.88981288981289,427.110187110187,0.530208333333333,509,2100,2100,4260,0.614850798056905,885.385149201943,0.858627858627859,412.141372141372,0.492708333333333,473,4260,540,4920,0.546842470506593,787.453157529494,0.762993762993763,366.237006237006,0.438541666666667,421,1860,300,11520,0.591256072172103,851.408743927828,0.898128898128898,431.101871101871,0.4375,420,4260,2280,6600,0.555170020818876,799.444829979181,0.771309771309771,370.22869022869,0.446875,429,6,84.9166666666667,22,41.5984848484848
"2026-03-21 09:00:00|Monitor35.txt|28",28,"2026-03-21 09:00:00|Monitor35.txt",2026-03-21T09:00:00Z,2026-03-27T09:30:00Z,"OK","M","DGRP195","21.5C","Winter","NA","08:12","M35","Batch26_DGRP",0.537090614512209,773.410484897581,0.749045470322805,359.541825754946,0.431076388888889,413.833333333333,4560,14340,4560,0.604441360166551,870.395558639834,0.773388773388773,371.226611226611,0.519791666666667,499,2100,1860,14100,0.604441360166551,870.395558639834,0.854469854469854,410.14553014553,0.479166666666667,460,420,360,4260,0.556557945870923,801.443442054129,0.844074844074844,405.155925155925,0.4125,396,1380,300,7260,0.589868147120056,849.41013185288,0.794178794178794,381.205821205821,0.4875,468,2640,600,8940,0.435808466342818,627.564191533657,0.596673596673597,286.403326403326,0.355208333333333,341,1560,540,68340,0.430256766134629,619.569743233865,0.625779625779626,300.37422037422,0.332291666666667,319,19.8333333333333,25.3865546218487,48.3333333333333,18.6068965517241
"2026-03-21 09:00:00|Monitor35.txt|29",29,"2026-03-21 09:00:00|Monitor35.txt",2026-03-21T09:00:00Z,2026-03-27T09:30:00Z,"OK","M","DGRP195","21.5C","Winter","NA","08:12","M35","Batch26_DGRP",0.501909501215137,722.749681749798,0.590419993057966,283.401596667824,0.457638888888889,439.333333333333,3720,540,68640,0.43442054129077,625.565579458709,0.646569646569647,310.35343035343,0.328125,315,2280,2880,10860,0.546148507980569,786.453851492019,0.613305613305613,294.386694386694,0.5125,492,3060,720,42480,0.498265093684941,717.501734906315,0.548856548856549,263.451143451143,0.472916666666667,454,1440,1680,9180,0.489937543372658,705.510062456627,0.582120582120582,279.417879417879,0.44375,426,960,840,43440,0.530187369882026,763.469812630118,0.573804573804574,275.426195426195,0.508333333333333,488,1380,480,4680,0.512838306731437,738.487161693269,0.577962577962578,277.422037422037,0.480208333333333,461,21.6666666666667,21.2307692307692,35.1666666666667,27.1611374407583
"2026-03-21 09:00:00|Monitor35.txt|31",31,"2026-03-21 09:00:00|Monitor35.txt",2026-03-21T09:00:00Z,2026-03-27T09:30:00Z,"OK","M","DGRP195","21.5C","Winter","NA","08:12","M35","Batch26_DGRP",0.677815067700498,976.053697488717,0.797639708434571,382.867060048594,0.617881944444445,593.166666666667,1680,3240,65580,0.64469118667592,928.355308813324,0.806652806652807,387.193347193347,0.563541666666667,541,1860,2640,44040,0.725190839694657,1044.27480916031,0.841995841995842,404.158004158004,0.666666666666667,640,660,420,13080,0.682165163081194,982.317834836919,0.829521829521829,398.170478170478,0.608333333333333,584,1380,1260,13440,0.672449687716863,968.327550312283,0.752598752598753,361.247401247401,0.632291666666667,607,1620,480,3900,0.664816099930604,957.335183900069,0.767151767151767,368.232848232848,0.613541666666667,589,1680,1800,67020,0.676613462873005,974.323386537127,0.783783783783784,376.216216216216,0.622916666666667,598,20.1666666666667,22.4214876033058,40.3333333333333,23.8181818181818
"2026-03-21 09:00:00|Monitor35.txt|32",32,"2026-03-21 09:00:00|Monitor35.txt",2026-03-21T09:00:00Z,2026-03-27T09:30:00Z,"OK","M","DGRP195","21.5C","Winter","NA","08:12","M35","Batch26_DGRP",0.594259923619951,855.73429001273,0.679278028462339,326.053453661923,0.551736111111111,529.666666666667,0,1320,17100,0.64469118667592,928.355308813324,0.798336798336798,383.201663201663,0.567708333333333,545,720,660,12420,0.551006245662734,793.448993754337,0.61954261954262,297.380457380457,0.516666666666667,496,600,1560,78900,0.541290770298404,779.458709229702,0.534303534303534,256.465696465697,0.544791666666667,523,3120,1140,76440,0.587092297015961,845.412907702984,0.72972972972973,350.27027027027,0.515625,495,1680,2520,66780,0.58292852185982,839.41707147814,0.623700623700624,299.376299376299,0.5625,540,3780,3000,3780,0.657182512144344,946.342817487856,0.765072765072765,367.234927234927,0.603125,579,18.8333333333333,24.7345132743363,38.6666666666667,24.2198275862069
"2026-03-21 09:00:00|Monitor36.txt|07",7,"2026-03-21 09:00:00|Monitor36.txt",2026-03-21T09:00:00Z,2026-03-27T09:30:00Z,"OK","M","DGRP235","21.5C","Winter","NA","08:12","M36","Batch26_DGRP",0.846545538710798,1219.02557574355,0.912183269698022,437.84796945505,0.813715277777778,781.166666666667,0,720,41580,0.839000693962526,1208.16099930604,0.925155925155925,444.074844074844,0.795833333333333,764,1860,660,43680,0.85704371963914,1234.14295628036,0.866943866943867,416.133056133056,0.852083333333333,818,1980,8760,44100,0.878556557945871,1265.12144344205,0.970893970893971,466.029106029106,0.832291666666667,799,1080,2400,41580,0.802220680083276,1155.19777931992,0.925155925155925,444.074844074844,0.740625,711,300,360,41280,0.853573907009021,1229.14642609299,0.902286902286902,433.097713097713,0.829166666666667,796,4980,2040,55500,0.848022206800833,1221.1519777932,0.879417879417879,422.120582120582,0.832291666666667,799,11.8333333333333,41.4788732394366,20.5,45.1463414634146
"2026-03-21 09:00:00|Monitor36.txt|08",8,"2026-03-21 09:00:00|Monitor36.txt",2026-03-21T09:00:00Z,2026-03-27T09:30:00Z,"OK","M","DGRP235","21.5C","Winter","NA","08:12","M36","Batch26_DGRP",0.728735100104155,1049.37854414998,0.645609163484901,309.892398472753,0.7703125,739.5,0,3780,56400,0.728660652324775,1049.27133934768,0.754677754677755,362.245322245322,0.715625,687,600,3480,42300,0.75086745315753,1081.24913254684,0.758835758835759,364.241164241164,0.746875,717,900,900,38580,0.706453851492019,1017.29354614851,0.573804573804574,275.426195426195,0.772916666666667,742,240,4020,38280,0.718251214434421,1034.28174878557,0.623700623700624,299.376299376299,0.765625,735,1440,2580,36660,0.723108952116586,1041.27689104788,0.561330561330561,269.43866943867,0.804166666666667,772,2700,1500,35160,0.743927827897294,1071.2560721721,0.598752598752599,287.401247401247,0.816666666666667,784,18.6666666666667,25.5714285714286,16.5,57.3434343434344
"2026-03-21 09:00:00|Monitor36.txt|10",10,"2026-03-21 09:00:00|Monitor36.txt",2026-03-21T09:00:00Z,2026-03-27T09:30:00Z,"OK","M","DGRP235","21.5C","Winter","NA","08:12","M36","Batch26_DGRP",0.708019905103576,1019.54866334915,0.676154113155155,324.553974314474,0.723958333333333,695,180,360,69540,0.620402498265094,893.379597501735,0.567567567567568,272.432432432432,0.646875,621,1080,300,75420,0.634975711311589,914.365024288688,0.51975051975052,249.48024948025,0.692708333333333,665,240,300,34020,0.74323386537127,1070.25676613463,0.752598752598753,361.247401247401,0.738541666666667,709,1500,1440,36360,0.718251214434421,1034.28174878557,0.677754677754678,325.322245322245,0.738541666666667,709,240,660,21960,0.751561415683553,1082.24843858432,0.79002079002079,379.209979209979,0.732291666666667,703,1260,300,36840,0.779319916724497,1122.22068008328,0.748440748440749,359.251559251559,0.794791666666667,763,32,14.1770833333333,61.5,14.9457994579946
"2026-03-21 09:00:00|Monitor36.txt|11",11,"2026-03-21 09:00:00|Monitor36.txt",2026-03-21T09:00:00Z,2026-03-27T09:30:00Z,"OK","M","DGRP235","21.5C","Winter","NA","08:12","M36","Batch26_DGRP",0.554681171160745,798.740886471473,0.425199583477959,204.09580006942,0.619444444444445,594.666666666667,660,420,25860,0.621790423317141,895.378209576683,0.525987525987526,252.474012474012,0.669791666666667,643,3780,420,26160,0.536433032616239,772.463566967384,0.41995841995842,201.580041580042,0.594791666666667,571,1080,3180,24300,0.58501040943789,842.414989590562,0.553014553014553,265.446985446986,0.601041666666667,577,2580,300,60540,0.553782095766829,797.446217904233,0.336798336798337,161.663201663202,0.6625,636,0,540,63300,0.495489243580847,713.504510756419,0.326403326403326,156.673596673597,0.580208333333333,557,180,420,68760,0.535739070090215,771.46426092991,0.390852390852391,187.609147609148,0.608333333333333,584,25.6666666666667,18.5909090909091,51.3333333333333,18.1461038961039
"2026-03-21 09:00:00|Monitor36.txt|12",12,"2026-03-21 09:00:00|Monitor36.txt",2026-03-21T09:00:00Z,2026-03-27T09:30:00Z,"OK","M","DGRP235","21.5C","Winter","NA","08:12","M36","Batch26_DGRP",0.658604328202754,948.390232611966,0.682401943769524,327.552933009372,0.646701388888889,620.833333333333,0,600,39840,0.621790423317141,895.378209576683,0.61954261954262,297.380457380457,0.622916666666667,598,1320,480,42120,0.614850798056905,885.385149201943,0.615384615384615,295.384615384615,0.614583333333333,590,300,300,36120,0.683553088133241,984.316446911867,0.723492723492724,347.276507276507,0.663541666666667,637,2940,360,13740,0.619014573213047,891.380985426787,0.665280665280665,319.334719334719,0.595833333333333,572,780,1140,36480,0.689798750867453,993.310201249133,0.738045738045738,354.261954261954,0.665625,639,420,600,56220,0.720333102012491,1037.27966689799,0.725571725571726,348.274428274428,0.717708333333333,689,25,18.3733333333333,42.8333333333333,21.8287937743191
"2026-03-21 09:00:00|Monitor36.txt|14",14,"2026-03-21 09:00:00|Monitor36.txt",2026-03-21T09:00:00Z,2026-03-27T09:30:00Z,"OK","M","DGRP235","21.5C","Winter","NA","08:12","M36","Batch26_DGRP",0.789144774910311,1136.36847587085,0.811523776466505,389.531412703922,0.777951388888889,746.833333333333,4200,2580,41760,0.73560027758501,1059.26439972241,0.792099792099792,380.2079002079,0.707291666666667,679,1380,840,40080,0.852185981956975,1227.14781401804,0.893970893970894,429.106029106029,0.83125,798,720,1020,4260,0.785565579458709,1131.21443442054,0.796257796257796,382.203742203742,0.780208333333333,749,60,1500,37200,0.784871616932686,1130.21512838307,0.810810810810811,389.189189189189,0.771875,741,60,2520,39960,0.764746703678001,1101.23525329632,0.744282744282744,357.255717255717,0.775,744,2040,2340,38040,0.810548230395559,1167.1894517696,0.827442827442827,397.172557172557,0.802083333333333,770,14.3333333333333,33.7906976744186,24.1666666666667,38.8620689655173
"2026-03-21 09:00:00|Monitor36.txt|16",16,"2026-03-21 09:00:00|Monitor36.txt",2026-03-21T09:00:00Z,2026-03-27T09:30:00Z,"OK","M","DGRP235","21.5C","Winter","NA","08:12","M36","Batch26_DGRP",0.40168961925703,578.433051730124,0.491843110031239,236.084692814995,0.356597222222222,342.333333333333,1860,420,36780,0.322692574600972,464.677307425399,0.322245322245322,154.677754677755,0.322916666666667,310,1380,360,23160,0.332408049965302,478.667591950035,0.413721413721414,198.586278586279,0.291666666666667,280,4620,360,6420,0.385843164469119,555.614156835531,0.577962577962578,277.422037422037,0.289583333333333,278,2820,480,70920,0.420541290770298,605.57945870923,0.66943866943867,321.330561330561,0.295833333333333,284,4680,900,63420,0.399722414989591,575.600277585011,0.365904365904366,175.634095634096,0.416666666666667,400,240,600,54900,0.54823039555864,789.451769604441,0.598752598752599,287.401247401247,0.522916666666667,502,24.5,18.6190476190476,45.1666666666667,21.0811808118081
"2026-03-21 09:00:00|Monitor36.txt|17",17,"2026-03-21 09:00:00|Monitor36.txt",2026-03-21T09:00:00Z,2026-03-27T09:30:00Z,"OK","M","DGRP235","21.5C","Winter","NA","08:12","M36","Batch26_DGRP",0.670639972225437,965.721560004629,0.640055536272128,307.226657410621,0.6859375,658.5,2400,840,44040,0.551700208188758,794.448299791811,0.534303534303534,256.465696465697,0.560416666666667,538,600,300,40560,0.637751561415684,918.362248438584,0.64033264033264,307.359667359667,0.636458333333333,611,2880,300,61200,0.597501734906315,860.402498265094,0.627858627858628,301.372141372141,0.582291666666667,559,120,300,58320,0.667591950034698,961.332408049965,0.575883575883576,276.424116424116,0.713541666666667,685,180,300,38940,0.795975017349063,1146.20402498265,0.771309771309771,370.22869022869,0.808333333333333,776,4080,660,39120,0.773074253990285,1113.22692574601,0.69022869022869,331.309771309771,0.814583333333333,782,26,18.2820512820513,23.6666666666667,39.8732394366197
"2026-03-21 09:00:00|Monitor36.txt|18",18,"2026-03-21 09:00:00|Monitor36.txt",2026-03-21T09:00:00Z,2026-03-27T09:30:00Z,"OK","M","DGRP235","21.5C","Winter","NA","08:12","M36","Batch26_DGRP",0.576437912278672,830.070593681287,0.556056924678931,266.907323845887,0.586631944444445,563.166666666667,1140,1740,46980,0.613462873004858,883.386537126995,0.53014553014553,254.469854469854,0.655208333333333,629,3600,600,42720,0.526717557251908,758.473282442748,0.411642411642412,197.588357588358,0.584375,561,2700,1500,42360,0.591950034698126,852.408049965302,0.494802494802495,237.505197505198,0.640625,615,2040,1500,48600,0.510756419153366,735.489243580847,0.652806652806653,313.347193347193,0.439583333333333,422,2100,1260,42180,0.612074947952811,881.387925052047,0.609147609147609,292.390852390852,0.613541666666667,589,240,1440,41400,0.601665510062457,866.398334489938,0.632016632016632,303.367983367983,0.586458333333333,563,30.6666666666667,15.7391304347826,20.6666666666667,44.8387096774194
"2026-03-21 09:00:00|Monitor36.txt|20",20,"2026-03-21 09:00:00|Monitor36.txt",2026-03-21T09:00:00Z,2026-03-27T09:30:00Z,"OK","M","DGRP235","21.5C","Winter","NA","08:12","M36","Batch26_DGRP",0.786945955329244,1133.20217567411,0.819507115584866,393.363415480736,0.770659722222222,739.833333333333,2400,360,39840,0.755031228313671,1087.24496877169,0.758835758835759,364.241164241164,0.753125,723,4200,360,42240,0.734906315058987,1058.26509368494,0.731808731808732,351.268191268191,0.736458333333333,707,4320,2340,40920,0.798056904927134,1149.20194309507,0.817047817047817,392.182952182952,0.788541666666667,757,1440,2760,52200,0.837612768910479,1206.16238723109,0.912681912681913,438.087318087318,0.8,768,3540,300,41280,0.798750867453158,1150.20124913255,0.83991683991684,403.160083160083,0.778125,747,3900,6480,40380,0.794587092297016,1144.2054129077,0.848232848232848,407.151767151767,0.767708333333333,737,11.8333333333333,37,22.1666666666667,43.6015037593985
"2026-03-21 09:00:00|Monitor36.txt|21",21,"2026-03-21 09:00:00|Monitor36.txt",2026-03-21T09:00:00Z,2026-03-27T09:30:00Z,"OK","M","DGRP235","21.5C","Winter","NA","08:12","M36","Batch26_DGRP",0.829880800833237,1195.02835319986,0.71051718153419,341.048247136411,0.889583333333333,854,0,420,38940,0.707841776544067,1019.29215822346,0.461538461538462,221.538461538462,0.83125,798,2340,2220,52860,0.765440666204025,1102.2345593338,0.615384615384615,295.384615384615,0.840625,807,720,300,38940,0.76058292852186,1095.23941707148,0.492723492723493,236.507276507277,0.894791666666667,859,1440,2880,34680,0.936849410131853,1349.06315058987,0.96049896049896,461.039501039501,0.925,888,4320,1500,34800,0.8764746703678,1262.12352532963,0.792099792099792,380.2079002079,0.91875,882,1080,2100,35640,0.932685634975711,1343.06731436502,0.943866943866944,453.056133056133,0.927083333333333,890,20.8333333333333,21.752,25.1666666666667,37.9933774834437
"2026-03-21 09:00:00|Monitor36.txt|22",22,"2026-03-21 09:00:00|Monitor36.txt",2026-03-21T09:00:00Z,2026-03-27T09:30:00Z,"OK","M","DGRP235","21.5C","Winter","NA","08:12","M36","Batch26_DGRP",0.65837287351001,948.056937854415,0.645262061784103,309.725789656369,0.664930555555556,638.333333333333,2460,480,52740,0.526023594725885,757.473976405274,0.395010395010395,189.60498960499,0.591666666666667,568,0,1020,76020,0.564885496183206,813.435114503817,0.546777546777547,262.453222453222,0.573958333333333,551,600,1020,60540,0.605135322692575,871.394864677307,0.644490644490645,309.355509355509,0.585416666666667,562,300,1260,61200,0.792505204718945,1141.20749479528,0.74012474012474,355.259875259875,0.81875,786,1980,300,21540,0.730048577376822,1051.26995142262,0.719334719334719,345.280665280665,0.735416666666667,706,4320,1140,58080,0.732130464954892,1054.26786953505,0.827442827442827,397.172557172557,0.684375,657,25,18.74,40,23.4833333333333
"2026-03-21 09:00:00|Monitor36.txt|23",23,"2026-03-21 09:00:00|Monitor36.txt",2026-03-21T09:00:00Z,2026-03-27T09:30:00Z,"OK","M","DGRP235","21.5C","Winter","NA","08:12","M36","Batch26_DGRP",0.585233190602939,842.735794468233,0.544602568552586,261.409232905241,0.605555555555556,581.333333333333,1500,360,65880,0.519777931991673,748.480222068008,0.515592515592516,247.484407484408,0.521875,501,3900,300,36120,0.507286606523248,730.492713393477,0.484407484407485,232.515592515593,0.51875,498,840,660,59100,0.535739070090215,771.46426092991,0.476091476091476,228.523908523909,0.565625,543,180,1080,34800,0.603747397640527,869.39625260236,0.553014553014553,265.446985446986,0.629166666666667,604,900,1560,41280,0.690492713393477,994.309507286606,0.62993762993763,302.370062370062,0.720833333333333,692,2820,600,60900,0.65440666204025,942.34559333796,0.609147609147609,292.390852390852,0.677083333333333,650,36.3333333333333,12.7155963302752,39,24.1153846153846
"2026-03-21 09:00:00|Monitor36.txt|25",25,"2026-03-21 09:00:00|Monitor36.txt",2026-03-21T09:00:00Z,2026-03-27T09:30:00Z,"OK","M","DGRP235","21.5C","Winter","NA","08:12","M36","Batch26_DGRP",0.703969447980558,1013.716005092,0.573064908018049,275.071155848664,0.769444444444445,738.666666666667,4320,420,66240,0.573907009021513,826.426092990979,0.355509355509356,170.644490644491,0.683333333333333,656,4320,1800,33660,0.718945176960444,1035.28105482304,0.617463617463617,296.382536382536,0.769791666666667,739,420,660,34080,0.653018736988203,940.346981263012,0.532224532224532,255.467775467776,0.713541666666667,685,360,900,46920,0.77793199167245,1120.22206800833,0.661122661122661,317.338877338877,0.836458333333333,803,2100,1860,46680,0.746703678001388,1075.253296322,0.611226611226611,293.388773388773,0.814583333333333,782,1860,2460,46860,0.7529493407356,1084.24705065926,0.661122661122661,317.338877338877,0.798958333333333,767,17.6666666666667,27.7075471698113,31.3333333333333,29.3882978723404
"2026-03-21 09:00:00|Monitor36.txt|26",26,"2026-03-21 09:00:00|Monitor36.txt",2026-03-21T09:00:00Z,2026-03-27T09:30:00Z,"OK","M","DGRP235","21.5C","Winter","NA","08:12","M36","Batch26_DGRP",0.67735215831501,975.387107973614,0.627559875043388,301.228740020826,0.702256944444445,674.166666666667,720,2460,35760,0.845940319222762,1218.15405968078,0.812889812889813,390.18711018711,0.8625,828,60,300,33900,0.679389312977099,978.320610687023,0.667359667359667,320.33264033264,0.685416666666667,658,0,480,68160,0.639139486467731,920.360860513532,0.536382536382536,257.463617463618,0.690625,663,1440,1020,4380,0.596113809854268,858.403886190146,0.534303534303534,256.465696465697,0.627083333333333,602,180,660,35880,0.709229701596114,1021.2907702984,0.575883575883576,276.424116424116,0.776041666666667,745,960,600,63300,0.593337959750174,854.40666204025,0.636174636174636,305.363825363825,0.571875,549,20.8333333333333,22.912,32.5,28.7333333333333
"2026-03-21 09:00:00|Monitor36.txt|27",27,"2026-03-21 09:00:00|Monitor36.txt",2026-03-21T09:00:00Z,2026-03-27T09:30:00Z,"OK","M","DGRP235","21.5C","Winter","NA","08:12","M36","Batch26_DGRP",0.522740423562088,752.746209929406,0.570635196112461,273.904894133981,0.498784722222222,478.833333333333,0,540,17880,0.533657182512144,768.466342817488,0.407484407484407,195.592515592516,0.596875,573,4320,360,59760,0.319916724496877,460.680083275503,0.324324324324324,155.675675675676,0.317708333333333,305,900,3060,8280,0.634281748785566,913.365718251214,0.929313929313929,446.070686070686,0.486458333333333,467,2400,600,62580,0.605829285218598,872.394170714781,0.827442827442827,397.172557172557,0.494791666666667,475,4920,420,7200,0.607217210270645,874.392782789729,0.661122661122661,317.338877338877,0.580208333333333,557,4380,300,69240,0.433726578764747,624.566273421235,0.268191268191268,128.731808731809,0.516666666666667,496,19,25.1228070175439,28.1666666666667,33.0473372781065
"2026-03-21 09:00:00|Monitor36.txt|28",28,"2026-03-21 09:00:00|Monitor36.txt",2026-03-21T09:00:00Z,2026-03-27T09:30:00Z,"OK","M","DGRP235","21.5C","Winter","NA","08:12","M36","Batch26_DGRP",0.645179956023608,929.059136673996,0.558139534883721,267.906976744186,0.688715277777778,661.166666666667,60,1020,8220,0.668979875086745,963.331020124913,0.559251559251559,268.440748440748,0.723958333333333,695,1440,6480,38820,0.684941013185288,986.315058986815,0.696465696465697,334.303534303534,0.679166666666667,652,4680,540,38100,0.614850798056905,885.385149201943,0.357588357588358,171.642411642412,0.74375,714,120,420,58080,0.666204024982651,959.333795975017,0.673596673596674,323.326403326403,0.6625,636,2340,300,38280,0.569049271339348,819.430950728661,0.424116424116424,203.575883575884,0.641666666666667,616,3420,780,46800,0.665510062456627,958.334489937543,0.634095634095634,304.365904365904,0.68125,654,23.8333333333333,19.041958041958,23.5,40.7446808510638
"2026-03-21 09:00:00|Monitor37.txt|01",1,"2026-03-21 09:00:00|Monitor37.txt",2026-03-21T09:00:00Z,2026-03-27T09:30:00Z,"OK","M","DGRP309","21.5C","Winter","NA","08:12","M37","Batch26_DGRP",0.53118851984724,764.911468580026,0.444637278722666,213.42589378688,0.574479166666667,551.5,180,4080,46560,0.80499653018737,1159.19500346981,0.715176715176715,343.284823284823,0.85,816,900,2100,44520,0.579458709229702,834.42054129077,0.37006237006237,177.629937629938,0.684375,657,540,1320,36600,0.506592643997224,729.493407356003,0.37006237006237,177.629937629938,0.575,552,900,1020,42360,0.464954892435809,669.535045107564,0.440748440748441,211.559251559252,0.477083333333333,458,120,360,60420,0.436502428868841,628.563497571131,0.442827442827443,212.557172557173,0.433333333333333,416,1800,300,50640,0.393476752255378,566.606523247745,0.326403326403326,156.673596673597,0.427083333333333,410,38.3333333333333,12.795652173913,42.1666666666667,21.893280632411
"2026-03-21 09:00:00|Monitor37.txt|02",2,"2026-03-21 09:00:00|Monitor37.txt",2026-03-21T09:00:00Z,2026-03-27T09:30:00Z,"OK","M","DGRP309","21.5C","Winter","NA","08:12","M37","Batch26_DGRP",0.727577826640435,1047.71207036223,0.637625824366539,306.060395695939,0.772569444444445,741.666666666667,0,1680,33900,0.795975017349063,1146.20402498265,0.769230769230769,369.230769230769,0.809375,777,600,840,33540,0.78764746703678,1134.21235253296,0.74012474012474,355.259875259875,0.811458333333333,779,960,960,38220,0.730742539902845,1052.2692574601,0.611226611226611,293.388773388773,0.790625,759,540,300,37560,0.700208188757807,1008.29979181124,0.64033264033264,307.359667359667,0.730208333333333,701,360,3360,34140,0.691880638445524,996.308119361555,0.542619542619543,260.45738045738,0.766666666666667,736,2340,720,34020,0.659958362248439,950.340041637752,0.525987525987526,252.474012474012,0.727083333333333,698,28,18.1785714285714,42.3333333333333,20.6496062992126
"2026-03-21 09:00:00|Monitor37.txt|03",3,"2026-03-21 09:00:00|Monitor37.txt",2026-03-21T09:00:00Z,2026-03-27T09:30:00Z,"OK","M","DGRP309","21.5C","Winter","NA","08:12","M37","Batch26_DGRP",0.502951047332485,724.249508158778,0.322457480041652,154.779590419993,0.593229166666667,569.5,120,2340,69960,0.719639139486468,1036.28036086051,0.600831600831601,288.399168399168,0.779166666666667,748,120,2880,56880,0.595419847328244,857.404580152672,0.326403326403326,156.673596673597,0.730208333333333,701,240,300,48540,0.528105482303956,760.471894517696,0.168399168399168,80.8316008316008,0.708333333333333,680,180,540,23160,0.470506592643997,677.529493407356,0.444906444906445,213.555093555094,0.483333333333333,464,1080,420,19380,0.373351839000694,537.626648160999,0.16008316008316,76.8399168399168,0.480208333333333,461,840,1080,11160,0.329632199861208,474.670367800139,0.232848232848233,111.767151767152,0.378125,363,17.5,30.7333333333333,57.5,14.9971014492754
"2026-03-21 09:00:00|Monitor37.txt|04",4,"2026-03-21 09:00:00|Monitor37.txt",2026-03-21T09:00:00Z,2026-03-27T09:30:00Z,"OK","M","DGRP309","21.5C","Winter","NA","08:12","M37","Batch26_DGRP",0.806156694826988,1160.86564055086,0.822631030892051,394.862894828185,0.797916666666667,766,0,4380,19380,0.90353920888272,1301.09646079112,0.925155925155925,444.074844074844,0.892708333333333,857,3420,2280,39600,0.835530881332408,1203.16446911867,0.883575883575884,424.116424116424,0.811458333333333,779,660,600,53100,0.741151977793199,1067.25884802221,0.746361746361746,358.253638253638,0.738541666666667,709,900,2340,51600,0.732130464954892,1054.26786953505,0.711018711018711,341.288981288981,0.742708333333333,713,2040,720,83100,0.773074253990285,1113.22692574601,0.773388773388773,371.226611226611,0.772916666666667,742,4080,1080,42780,0.851492019430951,1226.14850798057,0.896049896049896,430.10395010395,0.829166666666667,796,26.5,16.622641509434,51.3333333333333,18.1558441558442
"2026-03-21 09:00:00|Monitor37.txt|06",6,"2026-03-21 09:00:00|Monitor37.txt",2026-03-21T09:00:00Z,2026-03-27T09:30:00Z,"OK","M","DGRP309","21.5C","Winter","NA","08:12","M37","Batch26_DGRP",0.763684758708483,1099.70605254022,0.694897604998265,333.550850399167,0.798090277777778,766.166666666667,1500,3180,59520,0.771686328938237,1111.22831367106,0.738045738045738,354.261954261954,0.788541666666667,757,1320,1080,72360,0.775850104094379,1117.22414989591,0.748440748440749,359.251559251559,0.789583333333333,758,60,840,14880,0.776544066620403,1118.22345593338,0.708939708939709,340.29106029106,0.810416666666667,778,1980,540,62880,0.78764746703678,1134.21235253296,0.719334719334719,345.280665280665,0.821875,789,2280,300,60780,0.75086745315753,1081.24913254684,0.621621621621622,298.378378378378,0.815625,783,240,1440,61860,0.719639139486468,1036.28036086051,0.634095634095634,304.365904365904,0.7625,732,26,18.1602564102564,38.8333333333333,24.0557939914163
"2026-03-21 09:00:00|Monitor37.txt|07",7,"2026-03-21 09:00:00|Monitor37.txt",2026-03-21T09:00:00Z,2026-03-27T09:30:00Z,"OK","M","DGRP309","21.5C","Winter","NA","08:12","M37","Batch26_DGRP",0.524013424372179,754.579331095938,0.282193682749046,135.452967719542,0.644965277777778,619.166666666667,0,600,65820,0.712699514226232,1026.28730048577,0.46985446985447,225.530145530146,0.834375,801,900,3300,63060,0.650936849410132,937.34906315059,0.48024948024948,230.519750519751,0.736458333333333,707,11760,420,71400,0.415683553088133,598.584316446912,0.16008316008316,76.8399168399168,0.54375,522,840,360,71760,0.564191533657183,812.435808466343,0.45945945945946,220.540540540541,0.616666666666667,592,3180,1020,34620,0.433032616238723,623.566967383761,0.0353430353430353,16.964656964657,0.632291666666667,607,2280,1920,36480,0.366412213740458,527.63358778626,0.0873180873180873,41.9126819126819,0.50625,486,11.5,41.7101449275362,26.1666666666667,36.3312101910828
"2026-03-21 09:00:00|Monitor37.txt|08",8,"2026-03-21 09:00:00|Monitor37.txt",2026-03-21T09:00:00Z,2026-03-27T09:30:00Z,"OK","M","DGRP309","21.5C","Winter","NA","08:12","M37","Batch26_DGRP",0.516143964818887,743.247309339197,0.431794515793127,207.261367580701,0.558333333333333,536,0,1380,34860,0.807772380291464,1163.19222761971,0.804573804573805,386.195426195426,0.809375,777,180,1860,36060,0.723802914642609,1042.27619708536,0.683991683991684,328.316008316008,0.74375,714,1260,420,39540,0.521859819569743,751.47814018043,0.56964656964657,273.430353430353,0.497916666666667,478,180,300,47820,0.373351839000694,537.626648160999,0.11018711018711,52.8898128898129,0.505208333333333,485,240,1800,45360,0.330326162387231,475.669673837613,0.205821205821206,98.7941787941788,0.392708333333333,377,480,720,46740,0.339347675225538,488.660652324774,0.216216216216216,103.783783783784,0.401041666666667,385,18.6666666666667,28.1964285714286,31.5,28.6349206349206
"2026-03-21 09:00:00|Monitor37.txt|09",9,"2026-03-21 09:00:00|Monitor37.txt",2026-03-21T09:00:00Z,2026-03-27T09:30:00Z,"OK","M","DGRP309","21.5C","Winter","NA","08:12","M37","Batch26_DGRP",0.655711144543456,944.224048142576,0.633807705657758,304.227698715724,0.666666666666667,640,0,4260,64860,0.83969465648855,1209.16030534351,0.796257796257796,382.203742203742,0.861458333333333,827,2580,300,58260,0.646079111727967,930.353920888272,0.584199584199584,280.4158004158,0.677083333333333,650,420,2100,61440,0.628036086051353,904.371963913949,0.617463617463617,296.382536382536,0.633333333333333,608,7320,840,50760,0.630117973629424,907.369882026371,0.634095634095634,304.365904365904,0.628125,603,1920,900,60780,0.56557945870923,814.434420541291,0.534303534303534,256.465696465697,0.58125,558,540,3240,55980,0.623872310895212,898.376127689105,0.634095634095634,304.365904365904,0.61875,594,24.6666666666667,18.5945945945946,38.3333333333333,25.1347826086956
"2026-03-21 09:00:00|Monitor37.txt|10",10,"2026-03-21 09:00:00|Monitor37.txt",2026-03-21T09:00:00Z,2026-03-27T09:30:00Z,"OK","M","DGRP309","21.5C","Winter","NA","08:12","M37","Batch26_DGRP",0.633144312000926,911.727809281333,0.508851093370358,244.248524817772,0.6953125,667.5,0,780,6120,0.712005551700208,1025.2879944483,0.74012474012474,355.259875259875,0.697916666666667,670,840,1500,34020,0.669673837612769,964.330326162387,0.582120582120582,279.417879417879,0.713541666666667,685,780,780,64260,0.678695350451076,977.321304649549,0.553014553014553,265.446985446986,0.741666666666667,712,1020,540,58380,0.512838306731437,738.487161693269,0.340956340956341,163.659043659044,0.598958333333333,575,1080,420,66120,0.598889659958362,862.401110340042,0.403326403326403,193.596673596674,0.696875,669,1140,1800,34320,0.62734212352533,903.372657876475,0.436590436590437,209.56340956341,0.722916666666667,694,36.5,12.6986301369863,51.8333333333333,18.0032154340836
"2026-03-21 09:00:00|Monitor37.txt|11",11,"2026-03-21 09:00:00|Monitor37.txt",2026-03-21T09:00:00Z,2026-03-27T09:30:00Z,"OK","M","DGRP309","21.5C","Winter","NA","08:12","M37","Batch26_DGRP",0.622844578173822,896.896192570304,0.638320027768136,306.393613328705,0.615104166666667,590.5,0,3780,74640,0.673143650242887,969.326856349757,0.642411642411642,308.357588357588,0.688541666666667,661,960,1500,44700,0.545454545454545,785.454545454545,0.488565488565489,234.511434511435,0.573958333333333,551,960,540,47040,0.614850798056905,885.385149201943,0.688149688149688,330.31185031185,0.578125,555,840,720,63900,0.618320610687023,890.381679389313,0.646569646569647,310.35343035343,0.604166666666667,580,480,660,42000,0.63705759888966,917.36294240111,0.69022869022869,331.309771309771,0.610416666666667,586,660,300,42780,0.648854961832061,934.351145038168,0.675675675675676,324.324324324324,0.635416666666667,610,25.1666666666667,18.794701986755,32.1666666666667,29.2694300518135
"2026-03-21 09:00:00|Monitor37.txt|12",12,"2026-03-21 09:00:00|Monitor37.txt",2026-03-21T09:00:00Z,2026-03-27T09:30:00Z,"OK","M","DGRP309","21.5C","Winter","NA","08:12","M37","Batch26_DGRP",0.817960884156926,1177.86367318597,0.839291912530371,402.860118014578,0.807291666666667,775,0,4260,64980,0.77793199167245,1120.22206800833,0.771309771309771,370.22869022869,0.78125,750,540,2580,53100,0.802220680083276,1155.19777931992,0.858627858627859,412.141372141372,0.773958333333333,743,480,960,4800,0.853573907009021,1229.14642609299,0.829521829521829,398.170478170478,0.865625,831,4980,12000,4980,0.870922970159611,1254.12907702984,0.985446985446985,473.014553014553,0.813541666666667,781,660,660,37500,0.75086745315753,1081.24913254684,0.765072765072765,367.234927234927,0.74375,714,480,420,68220,0.851492019430951,1226.14850798057,0.823284823284823,395.176715176715,0.865625,831,21.1666666666667,21.8188976377953,39.3333333333333,23.8262711864407
"2026-03-21 09:00:00|Monitor37.txt|13",13,"2026-03-21 09:00:00|Monitor37.txt",2026-03-21T09:00:00Z,2026-03-27T09:30:00Z,"OK","M","DGRP309","21.5C","Winter","NA","08:12","M37","Batch26_DGRP",0.49022103923157,705.918296493461,0.466157584172163,223.755640402638,0.502256944444445,482.166666666667,0,2280,63540,0.680777238029147,980.319222761971,0.644490644490645,309.355509355509,0.698958333333333,671,8400,1080,64080,0.523941707147814,754.476058292852,0.540540540540541,259.459459459459,0.515625,495,960,420,67560,0.482997918112422,695.517002081888,0.46985446985447,225.530145530146,0.489583333333333,470,1980,780,42960,0.487855655794587,702.512144344206,0.43035343035343,206.569646569647,0.516666666666667,496,2460,300,38460,0.378903539208883,545.621096460791,0.216216216216216,103.783783783784,0.460416666666667,442,4200,300,80940,0.38792505204719,558.612074947953,0.498960498960499,239.50103950104,0.332291666666667,319,29.1666666666667,16.4,26.6666666666667,35.58125
"2026-03-21 09:00:00|Monitor37.txt|14",14,"2026-03-21 09:00:00|Monitor37.txt",2026-03-21T09:00:00Z,2026-03-27T09:30:00Z,"OK","M","DGRP309","21.5C","Winter","NA","08:12","M37","Batch26_DGRP",0.687883346834857,990.552019442194,0.545296771954183,261.742450538008,0.759201388888889,728.833333333333,1020,3360,69660,0.799444829979181,1151.20055517002,0.702702702702703,337.297297297297,0.847916666666667,814,11820,840,73080,0.660652324774462,951.339347675226,0.594594594594595,285.405405405405,0.69375,666,2940,1320,70020,0.704371963913949,1014.29562803609,0.559251559251559,268.440748440748,0.777083333333333,746,1080,1140,37080,0.683553088133241,984.316446911867,0.540540540540541,259.459459459459,0.755208333333333,725,180,720,14220,0.642609299097849,925.357390700902,0.48024948024948,230.519750519751,0.723958333333333,695,1680,1980,64380,0.63705759888966,917.36294240111,0.397089397089397,190.602910602911,0.757291666666667,727,19.3333333333333,24.1551724137931,34,27.9313725490196
"2026-03-21 09:00:00|Monitor37.txt|15",15,"2026-03-21 09:00:00|Monitor37.txt",2026-03-21T09:00:00Z,2026-03-27T09:30:00Z,"OK","M","DGRP309","21.5C","Winter","NA","08:12","M37","Batch26_DGRP",0.650156231917602,936.224973961347,0.582089552238806,279.402985074627,0.684201388888889,656.833333333333,0,780,65880,0.736988202637058,1061.26301179736,0.627858627858628,301.372141372141,0.791666666666667,760,720,2520,33540,0.594031922276197,855.405968077724,0.509355509355509,244.490644490645,0.636458333333333,611,900,1080,33900,0.634975711311589,914.365024288688,0.523908523908524,251.476091476092,0.690625,663,1200,900,36240,0.615544760582929,886.384455239417,0.704781704781705,338.295218295218,0.570833333333333,548,1260,900,48960,0.662734212352533,954.337265787647,0.600831600831601,288.399168399168,0.69375,666,180,780,39000,0.657182512144344,946.342817487856,0.528066528066528,253.471933471934,0.721875,693,33.3333333333333,14.305,56.1666666666667,16.4836795252226
"2026-03-21 09:00:00|Monitor37.txt|16",16,"2026-03-21 09:00:00|Monitor37.txt",2026-03-21T09:00:00Z,2026-03-27T09:30:00Z,"OK","M","DGRP309","21.5C","Winter","NA","08:12","M37","Batch26_DGRP",0.669829880800833,964.5550283532,0.66886497743839,321.055189170427,0.6703125,643.5,1740,480,36300,0.768216516308119,1106.23178348369,0.787941787941788,378.212058212058,0.758333333333333,728,60,1980,36360,0.62734212352533,903.372657876475,0.683991683991684,328.316008316008,0.598958333333333,575,120,420,36180,0.673837612768911,970.326162387231,0.66943866943867,321.330561330561,0.676041666666667,649,1500,1320,35700,0.683553088133241,984.316446911867,0.615384615384615,295.384615384615,0.717708333333333,689,0,3060,0,0.623178348369188,897.376821651631,0.634095634095634,304.365904365904,0.617708333333333,593,1260,720,37140,0.642609299097849,925.357390700902,0.621621621621622,298.378378378378,0.653125,627,36,12.787037037037,45.1666666666667,20.7158671586716
"2026-03-21 09:00:00|Monitor37.txt|18",18,"2026-03-21 09:00:00|Monitor37.txt",2026-03-21T09:00:00Z,2026-03-27T09:30:00Z,"OK","M","DGRP309","21.5C","Winter","NA","08:12","M37","Batch26_DGRP",0.486517764147668,700.585580372642,0.432835820895522,207.761194029851,0.513368055555556,492.833333333333,0,780,59520,0.732130464954892,1054.26786953505,0.738045738045738,354.261954261954,0.729166666666667,700,1020,300,61080,0.557251908396947,802.442748091603,0.625779625779626,300.37422037422,0.522916666666667,502,60,600,13020,0.512838306731437,738.487161693269,0.513513513513514,246.486486486487,0.5125,492,1020,540,42960,0.467730742539903,673.53226925746,0.455301455301455,218.544698544699,0.473958333333333,455,420,540,60780,0.297709923664122,428.702290076336,0.0727650727650728,34.9272349272349,0.410416666666667,394,480,360,62340,0.350451075641915,504.649548924358,0.189189189189189,90.8108108108108,0.43125,414,23.3333333333333,20.9642857142857,42,22.2579365079365
"2026-03-21 09:00:00|Monitor37.txt|19",19,"2026-03-21 09:00:00|Monitor37.txt",2026-03-21T09:00:00Z,2026-03-27T09:30:00Z,"OK","M","DGRP309","21.5C","Winter","NA","08:12","M37","Batch26_DGRP",0.597500289318366,860.400416618447,0.657757723012843,315.723707046165,0.567361111111111,544.666666666667,0,660,59280,0.756419153365718,1089.24358084663,0.748440748440749,359.251559251559,0.760416666666667,730,1140,2100,13080,0.62734212352533,903.372657876475,0.688149688149688,330.31185031185,0.596875,573,0,540,79200,0.574600971547536,827.425399028452,0.596673596673597,286.403326403326,0.563541666666667,541,0,360,72000,0.517002081887578,744.482997918113,0.596673596673597,286.403326403326,0.477083333333333,458,780,2100,5280,0.564885496183206,813.435114503817,0.694386694386694,333.305613305613,0.5,480,2340,1080,67320,0.545454545454545,785.454545454545,0.623700623700624,299.376299376299,0.50625,486,23.5,20.9787234042553,44.5,20.6179775280899
"2026-03-21 09:00:00|Monitor37.txt|20",20,"2026-03-21 09:00:00|Monitor37.txt",2026-03-21T09:00:00Z,2026-03-27T09:30:00Z,"OK","M","DGRP309","21.5C","Winter","NA","08:12","M37","Batch26_DGRP",0.662076148593913,953.389653975234,0.778549114890663,373.703575147518,0.603819444444445,579.666666666667,780,660,13620,0.573213046495489,825.426786953505,0.814968814968815,391.185031185031,0.452083333333333,434,480,420,9960,0.512838306731437,738.487161693269,0.771309771309771,370.22869022869,0.383333333333333,368,300,300,16200,0.581540596807772,837.418459403192,0.694386694386694,333.305613305613,0.525,504,3060,1140,59820,0.716863289382373,1032.28313671062,0.750519750519751,360.24948024948,0.7,672,1620,420,4500,0.755725190839695,1088.24427480916,0.769230769230769,369.230769230769,0.748958333333333,719,2100,2340,9420,0.831367106176267,1197.16863289382,0.866943866943867,416.133056133056,0.813541666666667,781,16.5,29.030303030303,46.6666666666667,19.85
"2026-03-21 09:00:00|Monitor37.txt|21",21,"2026-03-21 09:00:00|Monitor37.txt",2026-03-21T09:00:00Z,2026-03-27T09:30:00Z,"OK","M","DGRP309","21.5C","Winter","NA","08:12","M37","Batch26_DGRP",0.397986344173128,573.100335609305,0.467545990975356,224.422075668171,0.363194444444444,348.666666666667,180,2940,35940,0.400416377515614,576.599583622484,0.266112266112266,127.733887733888,0.467708333333333,449,2520,960,4740,0.342817487855656,493.657182512144,0.534303534303534,256.465696465697,0.246875,237,1440,540,12420,0.309507286606523,445.690492713393,0.301455301455301,144.698544698545,0.313541666666667,301,120,540,4260,0.256072172102706,368.743927827897,0.243243243243243,116.756756756757,0.2625,252,1740,540,41580,0.527411519777932,759.472588480222,0.686070686070686,329.313929313929,0.447916666666667,430,960,780,4320,0.551006245662734,793.448993754337,0.771309771309771,370.22869022869,0.440625,423,19.3333333333333,28.9051724137931,32.8333333333333,26.3451776649746
"2026-03-21 09:00:00|Monitor37.txt|22",22,"2026-03-21 09:00:00|Monitor37.txt",2026-03-21T09:00:00Z,2026-03-27T09:30:00Z,"OK","M","DGRP309","21.5C","Winter","NA","08:12","M37","Batch26_DGRP",0.458164564286541,659.756972572619,0.472405414786533,226.754599097536,0.451041666666667,433,1200,3000,68700,0.645385149201943,929.354614850798,0.675675675675676,324.324324324324,0.630208333333333,605,1080,3060,39060,0.490631505898682,706.509368494101,0.51975051975052,249.48024948025,0.476041666666667,457,1440,1500,47580,0.46911866759195,675.530881332408,0.457380457380458,219.54261954262,0.475,456,840,420,18480,0.3705759888966,533.629424011104,0.465696465696466,223.534303534304,0.322916666666667,310,2580,720,61980,0.354614850798057,510.645385149202,0.388773388773389,186.611226611227,0.3375,324,3360,660,50100,0.418459403192228,602.581540596808,0.326403326403326,156.673596673597,0.464583333333333,446,18.3333333333333,25.6818181818182,26.5,36.2138364779874
"2026-03-21 09:00:00|Monitor37.txt|24",24,"2026-03-21 09:00:00|Monitor37.txt",2026-03-21T09:00:00Z,2026-03-27T09:30:00Z,"OK","M","DGRP309","21.5C","Winter","NA","08:12","M37","Batch26_DGRP",0.647378775604675,932.225436870733,0.741409232905241,355.876431794516,0.600347222222222,576.333333333333,0,1920,50400,0.699514226231784,1007.30048577377,0.677754677754678,325.322245322245,0.710416666666667,682,900,2340,48300,0.710617626648161,1023.28938237335,0.848232848232848,407.151767151767,0.641666666666667,616,1980,1380,59760,0.657876474670368,947.34212352533,0.756756756756757,363.243243243243,0.608333333333333,584,840,1980,59040,0.674531575294934,971.325468424705,0.775467775467775,372.224532224532,0.623958333333333,599,1320,1020,38460,0.704371963913949,1014.29562803609,0.792099792099792,380.2079002079,0.660416666666667,634,1800,1620,11040,0.435808466342818,627.564191533657,0.592515592515593,284.407484407484,0.357291666666667,343,21.3333333333333,21.484375,30.8333333333333,31.0972972972973
"2026-03-21 09:00:00|Monitor37.txt|25",25,"2026-03-21 09:00:00|Monitor37.txt",2026-03-21T09:00:00Z,2026-03-27T09:30:00Z,"OK","M","DGRP309","21.5C","Winter","NA","08:12","M37","Batch26_DGRP",0.652470778845041,939.557921536859,0.659146129816036,316.390142311697,0.649131944444445,623.166666666667,0,3960,36660,0.784177654406662,1129.21582234559,0.769230769230769,369.230769230769,0.791666666666667,760,6600,300,51480,0.702984038861901,1012.29701596114,0.750519750519751,360.24948024948,0.679166666666667,652,1860,1680,60480,0.622484385843165,896.377515614157,0.592515592515593,284.407484407484,0.6375,612,780,600,35460,0.609299097848716,877.390700902151,0.681912681912682,327.318087318087,0.572916666666667,550,3120,1260,44520,0.569743233865371,820.430256766135,0.498960498960499,239.50103950104,0.605208333333333,581,1140,1320,39240,0.626648160999306,902.373351839001,0.663201663201663,318.336798336798,0.608333333333333,584,22,22.530303030303,24.1666666666667,38.6137931034483
"2026-03-21 09:00:00|Monitor37.txt|26",26,"2026-03-21 09:00:00|Monitor37.txt",2026-03-21T09:00:00Z,2026-03-27T09:30:00Z,"OK","M","DGRP309","21.5C","Winter","NA","08:12","M37","Batch26_DGRP",0.598426108089342,861.733595648652,0.494272821936827,237.250954529677,0.650520833333333,624.5,0,2040,39540,0.648854961832061,934.351145038168,0.594594594594595,285.405405405405,0.676041666666667,649,9300,480,63540,0.614156835530881,884.385843164469,0.542619542619543,260.45738045738,0.65,624,1260,900,35340,0.610687022900763,879.389312977099,0.453222453222453,217.546777546778,0.689583333333333,662,900,840,46500,0.57529493407356,828.424705065926,0.488565488565489,234.511434511435,0.61875,594,2820,660,35100,0.575988896599584,829.4240111034,0.413721413721414,198.586278586279,0.657291666666667,631,1500,660,37620,0.566273421235253,815.433726578765,0.476091476091476,228.523908523909,0.611458333333333,587,17.5,29.6666666666667,27,33.5864197530864
"2026-03-21 09:00:00|Monitor37.txt|27",27,"2026-03-21 09:00:00|Monitor37.txt",2026-03-21T09:00:00Z,2026-03-27T09:30:00Z,"OK","M","DGRP309","21.5C","Winter","NA","08:12","M37","Batch26_DGRP",0.497511862053003,716.417081356325,0.560222145088511,268.906629642485,0.466145833333333,447.5,0,4560,50760,0.650936849410132,937.34906315059,0.656964656964657,315.343035343035,0.647916666666667,622,2760,1680,60300,0.522553782095767,752.477446217904,0.56964656964657,273.430353430353,0.498958333333333,479,9120,1440,10980,0.518390006939625,746.48160999306,0.507276507276507,243.492723492724,0.523958333333333,503,7920,1920,38280,0.569049271339348,819.430950728661,0.613305613305613,294.386694386694,0.546875,525,12000,840,53460,0.433726578764747,624.566273421235,0.449064449064449,215.550935550936,0.426041666666667,409,1260,780,13440,0.29146426092991,419.70853573907,0.567567567567568,272.432432432432,0.153125,147,16.1666666666667,31.319587628866,19.3333333333333,47.6379310344828
"2026-03-21 09:00:00|Monitor37.txt|28",28,"2026-03-21 09:00:00|Monitor37.txt",2026-03-21T09:00:00Z,2026-03-27T09:30:00Z,"OK","M","DGRP309","21.5C","Winter","NA","08:12","M37","Batch26_DGRP",0.49554449716468,713.584075917139,0.444984380423464,213.592502603263,0.520833333333333,500,0,1800,43260,0.6294240111034,906.370575988897,0.604989604989605,290.39501039501,0.641666666666667,616,8820,300,50820,0.566273421235253,815.433726578765,0.532224532224532,255.467775467776,0.583333333333333,560,240,1800,48300,0.489937543372658,705.510062456627,0.411642411642412,197.588357588358,0.529166666666667,508,3720,600,37440,0.476058292852186,685.523941707148,0.482328482328482,231.517671517672,0.472916666666667,454,7020,300,56400,0.41498959056211,597.585010409438,0.355509355509356,170.644490644491,0.444791666666667,427,4020,360,52620,0.39764052741152,572.602359472588,0.286902286902287,137.713097713098,0.453125,435,20,25.5083333333333,13.3333333333333,69.7
"2026-03-21 09:00:00|Monitor37.txt|29",29,"2026-03-21 09:00:00|Monitor37.txt",2026-03-21T09:00:00Z,2026-03-27T09:30:00Z,"OK","M","DGRP309","21.5C","Winter","NA","08:12","M37","Batch26_DGRP",0.525402152528643,756.579099641245,0.489066296424853,234.751822283929,0.543576388888889,521.833333333333,0,1320,34260,0.691880638445524,996.308119361555,0.625779625779626,300.37422037422,0.725,696,120,1980,16440,0.514226231783484,740.485773768217,0.507276507276507,243.492723492724,0.517708333333333,497,1260,840,35760,0.469812630117974,676.530187369882,0.438669438669439,210.561330561331,0.485416666666667,466,300,780,13200,0.535739070090215,771.46426092991,0.46985446985447,225.530145530146,0.56875,546,600,300,35700,0.505898681471201,728.494101318529,0.555093555093555,266.444906444906,0.48125,462,1500,1320,36180,0.43442054129077,625.565579458709,0.336798336798337,161.663201663202,0.483333333333333,464,29,16.3275862068966,56.3333333333333,16.6005917159763
"2026-03-21 09:00:00|Monitor37.txt|30",30,"2026-03-21 09:00:00|Monitor37.txt",2026-03-21T09:00:00Z,2026-03-27T09:30:00Z,"OK","M","DGRP309","21.5C","Winter","NA","08:12","M37","Batch26_DGRP",0.694248350885314,999.717625274853,0.664005553627213,318.722665741062,0.709375,681,0,3660,34860,0.777238029146426,1119.22276197085,0.725571725571726,348.274428274428,0.803125,771,1020,1080,59760,0.736988202637058,1061.26301179736,0.700623700623701,336.299376299376,0.755208333333333,725,480,1260,34860,0.768910478834143,1107.23108952117,0.713097713097713,342.286902286902,0.796875,765,180,1560,11700,0.727272727272727,1047.27272727273,0.742203742203742,356.257796257796,0.719791666666667,691,3900,300,8400,0.559333795975017,805.440666204025,0.511434511434512,245.488565488566,0.583333333333333,560,480,1020,47400,0.596113809854268,858.403886190146,0.592515592515593,284.407484407484,0.597916666666667,574,21.3333333333333,22.296875,44.5,21.0449438202247
"2026-03-21 09:00:00|Monitor37.txt|31",31,"2026-03-21 09:00:00|Monitor37.txt",2026-03-21T09:00:00Z,2026-03-27T09:30:00Z,"OK","M","DGRP309","21.5C","Winter","NA","08:12","M37","Batch26_DGRP",0.594491378312695,856.067584770281,0.531412703922249,255.07809788268,0.626041666666667,601,0,540,35040,0.741151977793199,1067.25884802221,0.69022869022869,331.309771309771,0.766666666666667,736,1140,1080,53640,0.563497571131159,811.436502428869,0.565488565488566,271.434511434512,0.5625,540,2340,300,34860,0.625260235947259,900.374739764053,0.484407484407485,232.515592515593,0.695833333333333,668,420,780,42960,0.562803608605135,810.437196391395,0.575883575883576,276.424116424116,0.55625,534,480,420,52320,0.514920194309507,741.485079805691,0.461538461538462,221.538461538462,0.541666666666667,520,540,720,39840,0.559333795975017,805.440666204025,0.411642411642412,197.588357588358,0.633333333333333,608,34.5,13.5652173913044,57.5,16.2289855072464
"2026-03-21 09:00:00|Monitor37.txt|32",32,"2026-03-21 09:00:00|Monitor37.txt",2026-03-21T09:00:00Z,2026-03-27T09:30:00Z,"OK","M","DGRP309","21.5C","Winter","NA","08:12","M37","Batch26_DGRP",0.666473787756047,959.722254368707,0.639361332870531,306.893439777855,0.680034722222222,652.833333333333,1320,4260,56700,0.79736294240111,1148.2026370576,0.765072765072765,367.234927234927,0.813541666666667,781,1500,2820,72360,0.659958362248439,950.340041637752,0.600831600831601,288.399168399168,0.689583333333333,662,60,660,11700,0.616238723108952,887.383761276891,0.600831600831601,288.399168399168,0.623958333333333,599,1920,1080,74700,0.640527411519778,922.35947258848,0.577962577962578,277.422037422037,0.671875,645,480,480,61860,0.659958362248439,950.340041637752,0.650727650727651,312.349272349272,0.664583333333333,638,1260,540,66600,0.623872310895212,898.376127689105,0.638253638253638,306.361746361746,0.616666666666667,592,27.6666666666667,16.8433734939759,42.1666666666667,22.4229249011858
"2026-03-21 09:00:00|Monitor38.txt|01",1,"2026-03-21 09:00:00|Monitor38.txt",2026-03-21T09:00:00Z,2026-03-27T09:30:00Z,"OK","M","DGRP319","21.5C","Winter","NA","08:12","M38","Batch26_DGRP",0.648420321722023,933.725263279713,0.688996876084693,330.718500520653,0.628125,603,2640,660,10080,0.73560027758501,1059.26439972241,0.835758835758836,401.164241164241,0.685416666666667,658,4920,300,11520,0.457321304649549,658.542678695351,0.659043659043659,316.340956340956,0.35625,342,4560,4440,16740,0.588480222068008,847.411519777932,0.69022869022869,331.309771309771,0.5375,516,4200,4980,61020,0.68147120055517,981.318528799445,0.683991683991684,328.316008316008,0.680208333333333,653,1740,900,43020,0.697432338653713,1004.30256766135,0.588357588357588,282.411642411642,0.752083333333333,722,1980,300,55500,0.728660652324775,1049.27133934768,0.671517671517672,322.328482328482,0.757291666666667,727,9.66666666666667,46.7413793103448,25.1666666666667,38.4569536423841
"2026-03-21 09:00:00|Monitor38.txt|05",5,"2026-03-21 09:00:00|Monitor38.txt",2026-03-21T09:00:00Z,2026-03-27T09:30:00Z,"OK","M","DGRP319","21.5C","Winter","NA","08:12","M38","Batch26_DGRP",0.736373104964703,1060.37727114917,0.832696980215203,399.694550503297,0.688194444444445,660.666666666667,0,2520,42840,0.682859125607217,983.317140874393,0.837837837837838,402.162162162162,0.605208333333333,581,1800,900,41460,0.73351839000694,1056.26648160999,0.837837837837838,402.162162162162,0.68125,654,2040,360,41040,0.761276891047884,1096.23872310895,0.827442827442827,397.172557172557,0.728125,699,2400,300,41580,0.744621790423317,1072.25537820958,0.821205821205821,394.178794178794,0.70625,678,4320,420,40380,0.734212352532963,1057.26578764747,0.758835758835759,364.241164241164,0.721875,693,960,1920,40800,0.759888965995836,1094.240111034,0.906444906444906,435.093555093555,0.686458333333333,659,12,38.1666666666667,18.8333333333333,51.141592920354
"2026-03-21 09:00:00|Monitor38.txt|06",6,"2026-03-21 09:00:00|Monitor38.txt",2026-03-21T09:00:00Z,2026-03-27T09:30:00Z,"OK","M","DGRP319","21.5C","Winter","NA","08:12","M38","Batch26_DGRP",0.910658488600856,1311.34822358523,0.84172162443596,404.026379729261,0.945138888888889,907.333333333333,60,1500,67860,0.895905621096461,1290.1040943789,0.783783783783784,376.216216216216,0.952083333333333,914,360,360,66540,0.900763358778626,1297.09923664122,0.783783783783784,376.216216216216,0.959375,921,2580,300,41400,0.91117279666898,1312.08882720333,0.883575883575884,424.116424116424,0.925,888,1920,540,33300,0.944482997918112,1360.05551700208,0.898128898128898,431.101871101871,0.967708333333333,929,1620,360,57000,0.904927133934768,1303.09507286607,0.823284823284823,395.176715176715,0.945833333333333,908,900,780,36960,0.907009021512838,1306.09299097849,0.879417879417879,422.120582120582,0.920833333333333,884,21.5,21.937984496124,15,62.9111111111111
"2026-03-21 09:00:00|Monitor38.txt|07",7,"2026-03-21 09:00:00|Monitor38.txt",2026-03-21T09:00:00Z,2026-03-27T09:30:00Z,"OK","M","DGRP319","21.5C","Winter","NA","08:12","M38","Batch26_DGRP",0.821432704548085,1182.86309454924,0.895522388059702,429.850746268657,0.784375,753,1200,3000,6120,0.865371269951423,1246.13462873005,0.908523908523908,436.091476091476,0.84375,810,960,1680,8640,0.828591256072172,1193.17140874393,0.841995841995842,404.158004158004,0.821875,789,60,2820,40140,0.813324080499653,1171.1866759195,0.883575883575884,424.116424116424,0.778125,747,120,2220,54420,0.791117279666898,1139.20888272033,0.912681912681913,438.087318087318,0.730208333333333,701,3180,1140,4560,0.803608605135323,1157.19639139486,0.879417879417879,422.120582120582,0.765625,735,2940,1260,40800,0.825121443442054,1188.17487855656,0.941787941787942,452.058212058212,0.766666666666667,736,6.33333333333333,78.8421052631579,13.1666666666667,70.5949367088608
"2026-03-21 09:00:00|Monitor38.txt|09",9,"2026-03-21 09:00:00|Monitor38.txt",2026-03-21T09:00:00Z,2026-03-27T09:30:00Z,"OK","M","DGRP319","21.5C","Winter","NA","08:12","M38","Batch26_DGRP",0.756162481194306,1088.8739729198,0.765706351961125,367.53904894134,0.751388888888889,721.333333333333,6480,2520,69360,0.77793199167245,1120.22206800833,0.756756756756757,363.243243243243,0.788541666666667,757,4980,360,68520,0.773074253990285,1113.22692574601,0.752598752598753,361.247401247401,0.783333333333333,752,4500,2400,13080,0.724496877168633,1043.27550312283,0.769230769230769,369.230769230769,0.702083333333333,674,2400,1260,63420,0.757807078417765,1091.24219292158,0.771309771309771,370.22869022869,0.751041666666667,721,3360,840,39900,0.732824427480916,1055.26717557252,0.74012474012474,355.259875259875,0.729166666666667,700,5160,3120,10260,0.768216516308119,1106.23178348369,0.796257796257796,382.203742203742,0.754166666666667,724,14,30.4880952380952,25,39.5466666666667
"2026-03-21 09:00:00|Monitor38.txt|10",10,"2026-03-21 09:00:00|Monitor38.txt",2026-03-21T09:00:00Z,2026-03-27T09:30:00Z,"OK","M","DGRP319","21.5C","Winter","NA","08:12","M38","Batch26_DGRP",0.736836014350191,1061.04386066427,0.786879555709823,377.702186740715,0.711805555555556,683.333333333333,0,2400,64140,0.795975017349063,1146.20402498265,0.860706860706861,413.139293139293,0.763541666666667,733,1680,720,55920,0.731436502428869,1053.26856349757,0.798336798336798,383.201663201663,0.697916666666667,670,4380,8160,43140,0.722414989590562,1040.27758501041,0.817047817047817,392.182952182952,0.675,648,2640,1560,43260,0.730048577376822,1051.26995142262,0.752598752598753,361.247401247401,0.71875,690,2940,1320,42240,0.701596113809854,1010.29840388619,0.659043659043659,316.340956340956,0.722916666666667,694,240,300,42120,0.736988202637058,1061.26301179736,0.825363825363825,396.174636174636,0.692708333333333,665,16,28.0625,17.3333333333333,55.7596153846154
"2026-03-21 09:00:00|Monitor38.txt|11",11,"2026-03-21 09:00:00|Monitor38.txt",2026-03-21T09:00:00Z,2026-03-27T09:30:00Z,"OK","M","DGRP319","21.5C","Winter","NA","08:12","M38","Batch26_DGRP",0.566485360490684,815.738919106585,0.733078792086081,351.877820201319,0.483159722222222,463.833333333333,4560,1140,51180,0.578764746703678,833.421235253296,0.767151767151767,368.232848232848,0.484375,465,3120,1080,9300,0.673837612768911,970.326162387231,0.856548856548857,411.143451143451,0.582291666666667,559,2940,1260,63000,0.560721721027065,807.439278278973,0.792099792099792,380.2079002079,0.444791666666667,427,1440,1200,44280,0.555170020818876,799.444829979181,0.796257796257796,382.203742203742,0.434375,417,360,780,57600,0.475364330326162,684.524635669674,0.561330561330561,269.43866943867,0.432291666666667,415,540,780,59340,0.553088133240805,796.446911866759,0.617463617463617,296.382536382536,0.520833333333333,500,14.8333333333333,31.247191011236,21.5,44.5426356589147
"2026-03-21 09:00:00|Monitor38.txt|13",13,"2026-03-21 09:00:00|Monitor38.txt",2026-03-21T09:00:00Z,2026-03-27T09:30:00Z,"OK","M","DGRP319","21.5C","Winter","NA","08:12","M38","Batch26_DGRP",0.794236778150677,1143.70096053698,0.792780284623395,380.534536619229,0.794965277777778,763.166666666667,3660,600,33480,0.885496183206107,1275.11450381679,0.783783783783784,376.216216216216,0.936458333333333,899,2700,2580,62100,0.774462179042332,1115.22553782096,0.817047817047817,392.182952182952,0.753125,723,4920,300,64920,0.784177654406662,1129.21582234559,0.837837837837838,402.162162162162,0.757291666666667,727,540,360,58440,0.820263705759889,1181.17973629424,0.814968814968815,391.185031185031,0.822916666666667,790,2880,1800,40260,0.747397640527412,1076.25260235947,0.698544698544699,335.301455301455,0.771875,741,5280,360,65820,0.752255378209577,1083.24774462179,0.8004158004158,384.199584199584,0.728125,699,12,37.3611111111111,18.1666666666667,53.6788990825688
"2026-03-21 09:00:00|Monitor38.txt|15",15,"2026-03-21 09:00:00|Monitor38.txt",2026-03-21T09:00:00Z,2026-03-27T09:30:00Z,"OK","M","DGRP319","21.5C","Winter","NA","08:12","M38","Batch26_DGRP",0.655016780465224,943.224163869922,0.607775078097883,291.732037486984,0.678645833333333,651.5,4260,540,51240,0.453157529493407,652.546842470507,0.53014553014553,254.469854469854,0.414583333333333,398,1860,420,79020,0.529493407356003,762.470506592644,0.507276507276507,243.492723492724,0.540625,519,480,540,35580,0.675225537820958,972.324774462179,0.594594594594595,285.405405405405,0.715625,687,4200,1800,75660,0.748091603053435,1077.25190839695,0.659043659043659,316.340956340956,0.792708333333333,761,4500,1260,69540,0.725190839694657,1044.27480916031,0.659043659043659,316.340956340956,0.758333333333333,728,2280,300,56100,0.796668979875087,1147.20333102013,0.69022869022869,331.309771309771,0.85,816,34.1666666666667,12.4,38.6666666666667,25.0387931034483
"2026-03-21 09:00:00|Monitor38.txt|17",17,"2026-03-21 09:00:00|Monitor38.txt",2026-03-21T09:00:00Z,2026-03-27T09:30:00Z,"OK","M","DGRP319","21.5C","Winter","NA","08:12","M38","Batch26_DGRP",0.764610577479458,1101.03923157042,0.780284623394655,374.536619229434,0.756770833333333,726.5,360,2160,8220,0.799444829979181,1151.20055517002,0.910602910602911,437.089397089397,0.74375,714,5340,300,41040,0.786259541984733,1132.21374045802,0.829521829521829,398.170478170478,0.764583333333333,734,3900,1980,41460,0.734906315058987,1058.26509368494,0.8004158004158,384.199584199584,0.702083333333333,674,3780,4560,42840,0.741845940319223,1068.25815405968,0.715176715176715,343.284823284823,0.755208333333333,725,3180,360,41340,0.779319916724497,1122.22068008328,0.74012474012474,355.259875259875,0.798958333333333,767,2100,780,40440,0.743927827897294,1071.2560721721,0.67983367983368,326.320166320166,0.776041666666667,745,12.5,35.5866666666667,14.3333333333333,68.3255813953489
"2026-03-21 09:00:00|Monitor38.txt|18",18,"2026-03-21 09:00:00|Monitor38.txt",2026-03-21T09:00:00Z,2026-03-27T09:30:00Z,"OK","M","DGRP319","21.5C","Winter","NA","08:12","M38","Batch26_DGRP",0.79736141650272,1148.20043976392,0.912183269698022,437.84796945505,0.739930555555556,710.333333333333,480,3360,4680,0.83206106870229,1198.1679389313,0.954261954261954,458.045738045738,0.770833333333333,740,960,3480,8760,0.863289382373352,1243.13671061763,0.964656964656965,463.035343035343,0.8125,780,2160,6060,12600,0.843164469118668,1214.15683553088,0.918918918918919,441.081081081081,0.805208333333333,773,2880,600,42120,0.781401804302568,1125.2185981957,0.856548856548857,411.143451143451,0.74375,714,600,540,7740,0.726578764746704,1046.27342123525,0.9002079002079,432.099792099792,0.639583333333333,614,2580,1440,4680,0.736988202637058,1061.26301179736,0.875259875259875,420.12474012474,0.667708333333333,641,8,63.75,18.5,49.4864864864865
"2026-03-21 09:00:00|Monitor40.txt|02",2,"2026-03-21 09:00:00|Monitor40.txt",2026-03-21T09:00:00Z,2026-03-27T09:30:00Z,"OK","M","DGRP320","21.5C","Winter","NA","08:12","M40","Batch26_DGRP",0.82409443351464,1186.69598426108,0.771954182575495,370.538007636237,0.850173611111111,816.166666666667,0,720,35820,0.768910478834143,1107.23108952117,0.675675675675676,324.324324324324,0.815625,783,1440,1380,60780,0.829285218598196,1194.1707147814,0.771309771309771,370.22869022869,0.858333333333333,824,900,3360,36120,0.824427480916031,1187.17557251908,0.775467775467775,372.224532224532,0.848958333333333,815,3480,720,34800,0.851492019430951,1226.14850798057,0.812889812889813,390.18711018711,0.870833333333333,836,1800,2640,34560,0.817487855655795,1177.18251214434,0.808731808731809,388.191268191268,0.821875,789,1500,2700,38520,0.853573907009021,1229.14642609299,0.79002079002079,379.209979209979,0.885416666666667,850,28.1666666666667,16.2130177514793,39.8333333333333,23.4435146443515
"2026-03-21 09:00:00|Monitor40.txt|04",4,"2026-03-21 09:00:00|Monitor40.txt",2026-03-21T09:00:00Z,2026-03-27T09:30:00Z,"OK","M","DGRP320","21.5C","Winter","NA","08:12","M40","Batch26_DGRP",0.690082166415924,993.718319638931,0.648385977091288,311.225269003818,0.7109375,682.5,1140,2580,43200,0.720333102012491,1037.27966689799,0.837837837837838,402.162162162162,0.661458333333333,635,960,2340,7560,0.679389312977099,978.320610687023,0.675675675675676,324.324324324324,0.68125,654,5400,480,60420,0.693268563497571,998.306731436502,0.567567567567568,272.432432432432,0.75625,726,60,480,36300,0.769604441360167,1108.23039555864,0.798336798336798,383.201663201663,0.755208333333333,725,180,660,37440,0.607217210270645,874.392782789729,0.532224532224532,255.467775467776,0.644791666666667,619,1020,360,37980,0.668979875086745,963.331020124913,0.474012474012474,227.525987525988,0.766666666666667,736,20.6666666666667,23.7741935483871,23.5,39.4539007092199
"2026-03-21 09:00:00|Monitor40.txt|05",5,"2026-03-21 09:00:00|Monitor40.txt",2026-03-21T09:00:00Z,2026-03-27T09:30:00Z,"OK","M","DGRP320","21.5C","Winter","NA","08:12","M40","Batch26_DGRP",0.771554218261775,1111.03807429696,0.715029503644568,343.214161749393,0.799826388888889,767.833333333333,1020,1680,45720,0.622484385843165,896.377515614157,0.548856548856549,263.451143451143,0.659375,633,720,300,41580,0.711311589174185,1024.28868841083,0.673596673596674,323.326403326403,0.730208333333333,701,1260,1320,40740,0.834836918806385,1202.16516308119,0.731808731808732,351.268191268191,0.886458333333333,851,4260,420,42240,0.802220680083276,1155.19777931992,0.773388773388773,371.226611226611,0.816666666666667,784,3360,1860,34380,0.825815405968078,1189.17418459403,0.806652806652807,387.193347193347,0.835416666666667,802,1680,1020,41160,0.832755031228314,1199.16724496877,0.756756756756757,363.243243243243,0.870833333333333,836,29.6666666666667,14.8483146067416,39.6666666666667,23.9957983193277
"2026-03-21 09:00:00|Monitor40.txt|07",7,"2026-03-21 09:00:00|Monitor40.txt",2026-03-21T09:00:00Z,2026-03-27T09:30:00Z,"OK","M","DGRP320","21.5C","Winter","NA","08:12","M40","Batch26_DGRP",0.725031825020252,1044.04582802916,0.696286011801458,334.2172856647,0.739409722222222,709.833333333333,3600,600,8580,0.68147120055517,981.318528799445,0.634095634095634,304.365904365904,0.705208333333333,677,0,1500,39720,0.692574600971548,997.307425399029,0.735966735966736,353.264033264033,0.670833333333333,644,1920,360,47220,0.719639139486468,1036.28036086051,0.673596673596674,323.326403326403,0.742708333333333,713,2100,2220,37260,0.750173490631506,1080.24982650937,0.725571725571726,348.274428274428,0.7625,732,2820,1380,37740,0.761970853573907,1097.23802914643,0.706860706860707,339.293139293139,0.789583333333333,758,360,300,38580,0.744621790423317,1072.25537820958,0.702702702702703,337.297297297297,0.765625,735,23.1666666666667,20.1942446043165,26.6666666666667,35.49375
"2026-03-21 09:00:00|Monitor40.txt|08",8,"2026-03-21 09:00:00|Monitor40.txt",2026-03-21T09:00:00Z,2026-03-27T09:30:00Z,"OK","M","DGRP320","21.5C","Winter","NA","08:12","M40","Batch26_DGRP",0.787640319407476,1134.20205994677,0.788267962513016,378.368622006248,0.787326388888889,755.833333333333,0,360,45960,0.838306731436503,1207.16169326856,0.952182952182952,457.047817047817,0.78125,750,2340,540,10080,0.72588480222068,1045.27411519778,0.696465696465697,334.303534303534,0.740625,711,2040,360,37620,0.755725190839695,1088.24427480916,0.694386694386694,333.305613305613,0.786458333333333,755,2280,420,39300,0.794587092297016,1144.2054129077,0.812889812889813,390.18711018711,0.785416666666667,754,2700,600,44160,0.798750867453158,1150.20124913255,0.771309771309771,370.22869022869,0.8125,780,1080,2400,39540,0.812630117973629,1170.18736988203,0.802494802494803,385.197505197505,0.817708333333333,785,19.5,23.3333333333333,27,35.2962962962963
"2026-03-21 09:00:00|Monitor40.txt|10",10,"2026-03-21 09:00:00|Monitor40.txt",2026-03-21T09:00:00Z,2026-03-27T09:30:00Z,"OK","M","DGRP320","21.5C","Winter","NA","08:12","M40","Batch26_DGRP",0.784052771669946,1129.03599120472,0.781673030197848,375.203054494967,0.785243055555556,753.833333333333,0,720,20340,0.748785565579459,1078.25121443442,0.754677754677755,362.245322245322,0.745833333333333,716,540,540,37020,0.804302567661346,1158.19569743234,0.785862785862786,377.214137214137,0.813541666666667,781,4740,720,5520,0.746009715475364,1074.25399028452,0.721413721413721,346.278586278586,0.758333333333333,728,1500,480,34620,0.804302567661346,1158.19569743234,0.83991683991684,403.160083160083,0.786458333333333,755,840,2160,47880,0.800832755031228,1153.19916724497,0.767151767151767,368.232848232848,0.817708333333333,785,780,1920,37920,0.799444829979181,1151.20055517002,0.819126819126819,393.180873180873,0.789583333333333,758,16.3333333333333,28.9897959183673,30,30.8611111111111
"2026-03-21 09:00:00|Monitor40.txt|12",12,"2026-03-21 09:00:00|Monitor40.txt",2026-03-21T09:00:00Z,2026-03-27T09:30:00Z,"OK","M","DGRP320","21.5C","Winter","NA","08:12","M40","Batch26_DGRP",0.826524707788451,1190.19557921537,0.747309961818813,358.70878167303,0.866145833333333,831.5,0,4080,10800,0.802220680083276,1155.19777931992,0.700623700623701,336.299376299376,0.853125,819,240,1860,70860,0.820263705759889,1181.17973629424,0.72972972972973,350.27027027027,0.865625,831,240,3960,34560,0.820957668285913,1182.17904233171,0.717255717255717,344.282744282744,0.872916666666667,838,1860,900,47100,0.824427480916031,1187.17557251908,0.769230769230769,369.230769230769,0.852083333333333,818,600,480,42000,0.83969465648855,1209.16030534351,0.775467775467775,372.224532224532,0.871875,837,3720,1020,23220,0.850798056904927,1225.1492019431,0.79002079002079,379.209979209979,0.88125,846,19.8333333333333,23.109243697479,28.1666666666667,33.4970414201183
"2026-03-21 09:00:00|Monitor40.txt|13",13,"2026-03-21 09:00:00|Monitor40.txt",2026-03-21T09:00:00Z,2026-03-27T09:30:00Z,"OK","M","DGRP320","21.5C","Winter","NA","08:12","M40","Batch26_DGRP",0.800138872815646,1152.19997685453,0.859423811176675,412.523429364804,0.770486111111111,739.666666666667,1440,12600,14340,0.793199167244969,1142.20680083276,0.933471933471933,448.066528066528,0.722916666666667,694,3240,960,14580,0.801526717557252,1154.19847328244,0.8004158004158,384.199584199584,0.802083333333333,770,2760,720,10980,0.76058292852186,1095.23941707148,0.79002079002079,379.209979209979,0.745833333333333,716,3360,1200,34740,0.818181818181818,1178.18181818182,0.885654885654886,425.114345114345,0.784375,753,1260,1740,35760,0.8147120055517,1173.18528799445,0.902286902286902,433.097713097713,0.770833333333333,740,2760,2340,39300,0.813324080499653,1171.1866759195,0.846153846153846,406.153846153846,0.796875,765,12.1666666666667,39.4657534246575,25.3333333333333,37.1776315789474
"2026-03-21 09:00:00|Monitor40.txt|14",14,"2026-03-21 09:00:00|Monitor40.txt",2026-03-21T09:00:00Z,2026-03-27T09:30:00Z,"OK","M","DGRP320","21.5C","Winter","NA","08:12","M40","Batch26_DGRP",0.881379469968754,1269.18643675501,0.900381811870878,432.183269698022,0.871875,837,0,900,41640,0.761276891047884,1096.23872310895,0.750519750519751,360.24948024948,0.766666666666667,736,480,1440,37980,0.842470506592644,1213.15752949341,0.883575883575884,424.116424116424,0.821875,789,1020,5820,42720,0.927133934767523,1335.07286606523,0.941787941787942,452.058212058212,0.919791666666667,883,780,540,2460,0.935461485079806,1347.06453851492,0.977130977130977,469.022869022869,0.914583333333333,878,2640,360,51480,0.907702984038862,1307.09229701596,0.918918918918919,441.081081081081,0.902083333333333,866,3840,1980,36900,0.913948646773074,1316.08605135323,0.929313929313929,446.070686070686,0.90625,870,13.5,35.8765432098765,24.6666666666667,37.5810810810811
"2026-03-21 09:00:00|Monitor40.txt|15",15,"2026-03-21 09:00:00|Monitor40.txt",2026-03-21T09:00:00Z,2026-03-27T09:30:00Z,"OK","M","DGRP320","21.5C","Winter","NA","08:12","M40","Batch26_DGRP",0.839254715889365,1208.52679088069,0.827837556404026,397.362027073933,0.844965277777778,811.166666666667,3900,480,41880,0.79528105482304,1145.20471894518,0.79002079002079,379.209979209979,0.797916666666667,766,1140,960,37320,0.868147120055517,1250.13185287994,0.848232848232848,407.151767151767,0.878125,843,2220,600,53160,0.841082581540597,1211.15891741846,0.775467775467775,372.224532224532,0.873958333333333,839,180,1080,59880,0.837612768910479,1206.16238723109,0.844074844074844,405.155925155925,0.834375,801,4260,300,38160,0.860513532269257,1239.13948646773,0.869022869022869,417.130977130977,0.85625,822,1680,2820,60840,0.832755031228314,1199.16724496877,0.83991683991684,403.160083160083,0.829166666666667,796,15.6666666666667,30.1702127659575,29.3333333333333,32.0965909090909
"2026-03-21 09:00:00|Monitor40.txt|16",16,"2026-03-21 09:00:00|Monitor40.txt",2026-03-21T09:00:00Z,2026-03-27T09:30:00Z,"OK","M","DGRP320","21.5C","Winter","NA","08:12","M40","Batch26_DGRP",0.805925240134244,1160.53234579331,0.820201318986463,393.696633113502,0.798784722222222,766.833333333333,0,300,38820,0.792505204718945,1141.20749479528,0.735966735966736,353.264033264033,0.820833333333333,788,900,480,37260,0.808466342817488,1164.19153365718,0.829521829521829,398.170478170478,0.797916666666667,766,600,1260,36600,0.817487855655795,1177.18251214434,0.854469854469854,410.14553014553,0.798958333333333,767,1620,480,44160,0.851492019430951,1226.14850798057,0.844074844074844,405.155925155925,0.855208333333333,821,420,2220,64980,0.739764052741152,1065.26023594726,0.744282744282744,357.255717255717,0.7375,708,120,840,41040,0.825121443442054,1188.17487855656,0.910602910602911,437.089397089397,0.782291666666667,751,20,24.0083333333333,34.1666666666667,26.9024390243903
"2026-03-21 09:00:00|Monitor40.txt|17",17,"2026-03-21 09:00:00|Monitor40.txt",2026-03-21T09:00:00Z,2026-03-27T09:30:00Z,"OK","M","DGRP320","21.5C","Winter","NA","08:12","M40","Batch26_DGRP",0.773405855803726,1113.70443235737,0.803887539048941,385.866018743492,0.758159722222222,727.833333333333,540,3180,57540,0.73351839000694,1056.26648160999,0.771309771309771,370.22869022869,0.714583333333333,686,300,2460,49740,0.774462179042332,1115.22553782096,0.817047817047817,392.182952182952,0.753125,723,660,1860,40440,0.764746703678001,1101.23525329632,0.762993762993763,366.237006237006,0.765625,735,840,1860,42840,0.757113115891742,1090.24288688411,0.767151767151767,368.232848232848,0.752083333333333,722,3300,720,39840,0.79736294240111,1148.2026370576,0.829521829521829,398.170478170478,0.78125,750,2100,2640,43440,0.811936155447606,1169.18806384455,0.871101871101871,418.128898128898,0.782291666666667,751,21,21.6984126984127,26.3333333333333,36.0443037974684
"2026-03-21 09:00:00|Monitor40.txt|18",18,"2026-03-21 09:00:00|Monitor40.txt",2026-03-21T09:00:00Z,2026-03-27T09:30:00Z,"OK","M","DGRP320","21.5C","Winter","NA","08:12","M40","Batch26_DGRP",0.797708598541835,1148.70038190024,0.738979520999653,354.710170079833,0.827083333333333,794,0,1260,40800,0.74323386537127,1070.25676613463,0.650727650727651,312.349272349272,0.789583333333333,758,1320,1800,38520,0.776544066620403,1118.22345593338,0.767151767151767,368.232848232848,0.78125,750,300,540,37380,0.7529493407356,1084.24705065926,0.721413721413721,346.278586278586,0.76875,738,240,360,37560,0.818181818181818,1178.18181818182,0.767151767151767,368.232848232848,0.84375,810,1560,780,61500,0.875780707841777,1261.12421929216,0.808731808731809,388.191268191268,0.909375,873,840,360,37980,0.819569743233865,1180.18043025677,0.719334719334719,345.280665280665,0.869791666666667,835,23.6666666666667,20.0774647887324,24.5,38.2312925170068
"2026-03-21 09:00:00|Monitor40.txt|20",20,"2026-03-21 09:00:00|Monitor40.txt",2026-03-21T09:00:00Z,2026-03-27T09:30:00Z,"OK","M","DGRP320","21.5C","Winter","NA","08:12","M40","Batch26_DGRP",0.788566138178452,1135.53523897697,0.70635196112461,339.048941339813,0.8296875,796.5,0,1680,71520,0.665510062456627,958.334489937543,0.553014553014553,265.446985446986,0.721875,693,600,840,42720,0.775156141568355,1116.22484385843,0.700623700623701,336.299376299376,0.8125,780,600,300,36000,0.802220680083276,1155.19777931992,0.665280665280665,319.334719334719,0.870833333333333,836,1980,360,61680,0.846634281748786,1219.15336571825,0.752598752598753,361.247401247401,0.89375,858,1560,480,65820,0.842470506592644,1213.15752949341,0.833679833679834,400.16632016632,0.846875,813,3420,420,67260,0.799444829979181,1151.20055517002,0.733887733887734,352.266112266112,0.832291666666667,799,29.8333333333333,15.2067039106145,39.3333333333333,23.8686440677966
"2026-03-21 09:00:00|Monitor40.txt|21",21,"2026-03-21 09:00:00|Monitor40.txt",2026-03-21T09:00:00Z,2026-03-27T09:30:00Z,"OK","M","DGRP320","21.5C","Winter","NA","08:12","M40","Batch26_DGRP",0.845041083207962,1216.85915981947,0.841027421034363,403.693162096494,0.847048611111111,813.166666666667,2760,1800,39720,0.814018043025677,1172.18598195697,0.819126819126819,393.180873180873,0.811458333333333,779,240,2400,66780,0.809160305343512,1165.19083969466,0.810810810810811,389.189189189189,0.808333333333333,776,420,900,13800,0.868147120055517,1250.13185287994,0.914760914760915,439.085239085239,0.844791666666667,811,300,1980,62760,0.859819569743234,1238.14018043026,0.871101871101871,418.128898128898,0.854166666666667,820,1260,420,47160,0.875780707841777,1261.12421929216,0.798336798336798,383.201663201663,0.914583333333333,878,1140,600,72540,0.84177654406662,1212.15822345593,0.827442827442827,397.172557172557,0.848958333333333,815,18.5,25.1531531531532,28.5,33.0760233918129
"2026-03-21 09:00:00|Monitor40.txt|22",22,"2026-03-21 09:00:00|Monitor40.txt",2026-03-21T09:00:00Z,2026-03-27T09:30:00Z,"OK","M","DGRP320","21.5C","Winter","NA","08:12","M40","Batch26_DGRP",0.787640319407476,1134.20205994677,0.876431794515793,420.687261367581,0.743229166666667,713.5,0,1680,16980,0.72588480222068,1045.27411519778,0.804573804573805,386.195426195426,0.686458333333333,659,120,360,11160,0.778625954198473,1121.2213740458,0.866943866943867,416.133056133056,0.734375,705,60,3900,15360,0.79736294240111,1148.2026370576,0.925155925155925,444.074844074844,0.733333333333333,704,480,4020,39780,0.784871616932686,1130.21512838307,0.914760914760915,439.085239085239,0.719791666666667,691,240,540,3720,0.823733518390007,1186.17626648161,0.848232848232848,407.151767151767,0.811458333333333,779,660,360,40320,0.813324080499653,1171.1866759195,0.891891891891892,428.108108108108,0.773958333333333,743,13,38.1666666666667,43.1666666666667,20.972972972973
"2026-03-21 09:00:00|Monitor40.txt|23",23,"2026-03-21 09:00:00|Monitor40.txt",2026-03-21T09:00:00Z,2026-03-27T09:30:00Z,"OK","M","DGRP320","21.5C","Winter","NA","08:12","M40","Batch26_DGRP",0.80928133317903,1165.3651197778,0.813953488372093,390.697674418605,0.806944444444445,774.666666666667,960,1440,57300,0.863983344899376,1244.1360166551,0.896049896049896,430.10395010395,0.847916666666667,814,300,3360,39060,0.855655794587092,1232.14434420541,0.906444906444906,435.093555093555,0.830208333333333,797,1200,3000,14280,0.834836918806385,1202.16516308119,0.844074844074844,405.155925155925,0.830208333333333,797,180,300,44160,0.806384455239417,1161.19361554476,0.810810810810811,389.189189189189,0.804166666666667,772,240,1560,66600,0.724496877168633,1043.27550312283,0.683991683991684,328.316008316008,0.744791666666667,715,1440,2760,39540,0.767522553782096,1105.23247744622,0.733887733887734,352.266112266112,0.784375,753,17.8333333333333,27.1495327102804,30.3333333333333,30.3021978021978
"2026-03-21 09:00:00|Monitor40.txt|24",24,"2026-03-21 09:00:00|Monitor40.txt",2026-03-21T09:00:00Z,2026-03-27T09:30:00Z,"OK","M","DGRP320","21.5C","Winter","NA","08:12","M40","Batch26_DGRP",0.771785672954519,1111.37136905451,0.680666435265533,326.719888927456,0.817361111111111,784.666666666667,0,3780,57780,0.808466342817488,1164.19153365718,0.725571725571726,348.274428274428,0.85,816,600,2340,38280,0.790423317140875,1138.20957668286,0.708939708939709,340.29106029106,0.83125,798,1080,900,38040,0.766828591256072,1104.23317140874,0.621621621621622,298.378378378378,0.839583333333333,806,420,3360,36780,0.80499653018737,1159.19500346981,0.762993762993763,366.237006237006,0.826041666666667,793,3780,420,38820,0.719639139486468,1036.28036086051,0.625779625779626,300.37422037422,0.766666666666667,736,360,540,45420,0.739070090215128,1064.26092990978,0.636174636174636,305.363825363825,0.790625,759,26.8333333333333,17.1242236024845,29.1666666666667,32.6342857142857
"2026-03-21 09:00:00|Monitor40.txt|25",25,"2026-03-21 09:00:00|Monitor40.txt",2026-03-21T09:00:00Z,2026-03-27T09:30:00Z,"OK","M","DGRP320","21.5C","Winter","NA","08:12","M40","Batch26_DGRP",0.820391158430737,1181.36326814026,0.899340506768483,431.683443248872,0.780902777777778,749.666666666667,0,300,42720,0.82234559333796,1184.17765440666,0.954261954261954,458.045738045738,0.75625,726,1680,1740,39480,0.802914642609299,1156.19708535739,0.85031185031185,408.149688149688,0.779166666666667,748,1500,2040,40260,0.842470506592644,1213.15752949341,0.910602910602911,437.089397089397,0.808333333333333,776,720,1620,40740,0.83206106870229,1198.1679389313,0.929313929313929,446.070686070686,0.783333333333333,752,2400,18600,2400,0.793893129770992,1143.20610687023,0.869022869022869,417.130977130977,0.75625,726,300,3900,54600,0.828591256072172,1193.17140874393,0.881496881496882,423.118503118503,0.802083333333333,770,11.1666666666667,42.6268656716418,23.1666666666667,40.7410071942446
"2026-03-21 09:00:00|Monitor40.txt|26",26,"2026-03-21 09:00:00|Monitor40.txt",2026-03-21T09:00:00Z,2026-03-27T09:30:00Z,"OK","M","DGRP320","21.5C","Winter","NA","08:12","M40","Batch26_DGRP",0.722717278092813,1040.71288045365,0.826102047900035,396.528982992017,0.671006944444445,644.166666666667,1500,360,40620,0.780013879250521,1123.21998612075,0.906444906444906,435.093555093555,0.716666666666667,688,120,3720,40800,0.759888965995836,1094.240111034,0.910602910602911,437.089397089397,0.684375,657,840,600,4800,0.706453851492019,1017.29354614851,0.812889812889813,390.18711018711,0.653125,627,660,2580,39120,0.69882026370576,1006.30117973629,0.771309771309771,370.22869022869,0.6625,636,2040,960,3660,0.721721027064539,1039.27827897294,0.819126819126819,393.180873180873,0.672916666666667,646,720,540,39420,0.668285912560722,962.331714087439,0.731808731808732,351.268191268191,0.636458333333333,611,12.1666666666667,42.0821917808219,27.5,32.8363636363636
"2026-03-21 09:00:00|Monitor40.txt|27",27,"2026-03-21 09:00:00|Monitor40.txt",2026-03-21T09:00:00Z,2026-03-27T09:30:00Z,"OK","M","DGRP320","21.5C","Winter","NA","08:12","M40","Batch26_DGRP",0.75338502488138,1084.87443582919,0.845192641443943,405.692467893093,0.707465277777778,679.166666666667,4440,1560,60660,0.7529493407356,1084.24705065926,0.8004158004158,384.199584199584,0.729166666666667,700,4500,300,41280,0.770992366412214,1110.22900763359,0.860706860706861,413.139293139293,0.726041666666667,697,4260,420,39960,0.734212352532963,1057.26578764747,0.794178794178794,381.205821205821,0.704166666666667,676,1080,1980,39360,0.752255378209577,1083.24774462179,0.873180873180873,419.126819126819,0.691666666666667,664,1680,840,3900,0.7529493407356,1084.24705065926,0.858627858627859,412.141372141372,0.7,672,2520,2460,40440,0.755725190839695,1088.24427480916,0.879417879417879,422.120582120582,0.69375,666,12.6666666666667,36.5789473684211,21.1666666666667,44.9606299212598
"2026-03-21 09:00:00|Monitor40.txt|30",30,"2026-03-21 09:00:00|Monitor40.txt",2026-03-21T09:00:00Z,2026-03-27T09:30:00Z,"OK","M","DGRP320","21.5C","Winter","NA","08:12","M40","Batch26_DGRP",0.754195116305983,1086.04096748062,0.779937521693856,374.370010413051,0.741319444444445,711.666666666667,0,840,40440,0.756419153365718,1089.24358084663,0.706860706860707,339.293139293139,0.78125,750,1920,2400,36900,0.748785565579459,1078.25121443442,0.74012474012474,355.259875259875,0.753125,723,480,1860,38340,0.706453851492019,1017.29354614851,0.677754677754678,325.322245322245,0.720833333333333,692,4020,2280,37860,0.76058292852186,1095.23941707148,0.750519750519751,360.24948024948,0.765625,735,300,2460,3000,0.759195003469813,1093.24080499653,0.893970893970894,429.106029106029,0.691666666666667,664,720,300,4560,0.793199167244969,1142.20680083276,0.908523908523908,436.091476091476,0.735416666666667,706,13.8333333333333,36.7469879518072,25,36.4666666666666
"2026-03-21 09:00:00|Monitor40.txt|31",31,"2026-03-21 09:00:00|Monitor40.txt",2026-03-21T09:00:00Z,2026-03-27T09:30:00Z,"OK","M","DGRP320","21.5C","Winter","NA","08:12","M40","Batch26_DGRP",0.96910079851869,1395.50514986691,0.971190558833738,466.171468240194,0.968055555555556,929.333333333333,0,4440,39540,0.980569049271339,1412.01943095073,0.977130977130977,469.022869022869,0.982291666666667,943,3900,480,50520,0.969465648854962,1396.03053435115,0.964656964656965,463.035343035343,0.971875,933,1020,3840,37440,0.963219986120749,1387.03678001388,0.977130977130977,469.022869022869,0.95625,918,12540,4920,34320,0.975711311589174,1405.02428868841,0.983367983367983,472.016632016632,0.971875,933,4920,5340,59700,0.96530187369882,1390.0346981263,0.962577962577963,462.037422037422,0.966666666666667,928,780,840,37080,0.960444136016655,1383.03955586398,0.962577962577963,462.037422037422,0.959375,921,9.33333333333333,47.8928571428572,13.5,71.679012345679
"2026-03-21 09:00:00|Monitor41.txt|01",1,"2026-03-21 09:00:00|Monitor41.txt",2026-03-21T09:00:00Z,2026-03-27T09:30:00Z,"OK","M","DGRP332","21.5C","Winter","NA","08:12","M41","Batch26_DGRP",0.680361069320681,979.71993982178,0.550850399166956,264.408191600139,0.745138888888889,715.333333333333,1200,360,56880,0.638445523941707,919.361554476058,0.474012474012474,227.525987525988,0.720833333333333,692,600,960,42780,0.581540596807772,837.418459403192,0.476091476091476,228.523908523909,0.634375,609,2700,660,35640,0.746009715475364,1074.25399028452,0.561330561330561,269.43866943867,0.838541666666667,805,8640,300,34920,0.714781401804303,1029.2852185982,0.550935550935551,264.449064449064,0.796875,765,420,600,36240,0.75086745315753,1081.24913254684,0.702702702702703,337.297297297297,0.775,744,120,480,35400,0.649548924358085,935.350451075642,0.538461538461538,258.461538461539,0.705208333333333,677,32.8333333333333,14.2791878172589,41.6666666666667,22.108
"2026-03-21 09:00:00|Monitor41.txt|02",2,"2026-03-21 09:00:00|Monitor41.txt",2026-03-21T09:00:00Z,2026-03-27T09:30:00Z,"OK","M","DGRP332","21.5C","Winter","NA","08:12","M41","Batch26_DGRP",0.768429579909733,1106.53859507002,0.73134328358209,351.044776119403,0.786979166666667,755.5,0,1140,42660,0.724496877168633,1043.27550312283,0.74012474012474,355.259875259875,0.716666666666667,688,1920,1500,35340,0.76058292852186,1095.23941707148,0.760914760914761,365.239085239085,0.760416666666667,730,1980,300,38400,0.747397640527412,1076.25260235947,0.673596673596674,323.326403326403,0.784375,753,2940,720,37320,0.789035392088827,1136.21096460791,0.767151767151767,368.232848232848,0.8,768,300,600,35160,0.8147120055517,1173.18528799445,0.733887733887734,352.266112266112,0.855208333333333,821,180,1740,35580,0.773768216516308,1114.22623178348,0.711018711018711,341.288981288981,0.805208333333333,773,26.5,17.9622641509434,38.3333333333333,24.0695652173913
"2026-03-21 09:00:00|Monitor41.txt|03",3,"2026-03-21 09:00:00|Monitor41.txt",2026-03-21T09:00:00Z,2026-03-27T09:30:00Z,"OK","M","DGRP332","21.5C","Winter","NA","08:12","M41","Batch26_DGRP",0.761948848512904,1097.20634185858,0.639014231169733,306.726830961472,0.8234375,790.5,900,300,60960,0.702290076335878,1011.29770992366,0.523908523908524,251.476091476092,0.791666666666667,760,60,960,34980,0.784871616932686,1130.21512838307,0.632016632016632,303.367983367983,0.861458333333333,827,60,4440,60240,0.705065926439972,1015.29493407356,0.588357588357588,282.411642411642,0.763541666666667,733,960,300,65160,0.737682165163081,1062.26231783484,0.609147609147609,292.390852390852,0.802083333333333,770,1800,1800,37800,0.809854267869535,1166.19014573213,0.727650727650728,349.272349272349,0.851041666666667,817,600,420,35460,0.831367106176267,1197.16863289382,0.752598752598753,361.247401247401,0.870833333333333,836,31.5,14.8306878306878,38,24.4342105263158
"2026-03-21 09:00:00|Monitor41.txt|04",4,"2026-03-21 09:00:00|Monitor41.txt",2026-03-21T09:00:00Z,2026-03-27T09:30:00Z,"OK","M","DGRP332","21.5C","Winter","NA","08:12","M41","Batch26_DGRP",0.786367318597385,1132.36893878023,0.684484553974315,328.552585907671,0.837326388888889,803.833333333333,0,4440,50820,0.850104094378904,1224.14989590562,0.717255717255717,344.282744282744,0.916666666666667,880,720,480,35280,0.800832755031228,1153.19916724497,0.659043659043659,316.340956340956,0.871875,837,360,360,64620,0.747397640527412,1076.25260235947,0.66943866943867,321.330561330561,0.786458333333333,755,360,1500,66900,0.770992366412214,1110.22900763359,0.642411642411642,308.357588357588,0.835416666666667,802,360,1740,57840,0.791117279666898,1139.20888272033,0.713097713097713,342.286902286902,0.830208333333333,797,1260,420,35400,0.757113115891742,1090.24288688411,0.704781704781705,338.295218295218,0.783333333333333,752,32.3333333333333,14.4742268041237,42.8333333333333,21.1906614785992
"2026-03-21 09:00:00|Monitor41.txt|05",5,"2026-03-21 09:00:00|Monitor41.txt",2026-03-21T09:00:00Z,2026-03-27T09:30:00Z,"OK","M","DGRP332","21.5C","Winter","NA","08:12","M41","Batch26_DGRP",0.670987154264553,966.221502140956,0.525859076709476,252.412356820548,0.743576388888889,713.833333333333,2040,2280,41340,0.676613462873005,974.323386537127,0.546777546777547,262.453222453222,0.741666666666667,712,3420,840,35040,0.702984038861901,1012.29701596114,0.457380457380458,219.54261954262,0.826041666666667,793,1140,300,48300,0.662734212352533,954.337265787647,0.457380457380458,219.54261954262,0.765625,735,1620,300,48060,0.616238723108952,887.383761276891,0.509355509355509,244.490644490645,0.669791666666667,643,660,300,35160,0.680083275503123,979.319916724497,0.586278586278586,281.413721413721,0.727083333333333,698,120,420,36960,0.685634975711312,987.314365024289,0.594594594594595,285.405405405405,0.73125,702,23.1666666666667,21.2446043165468,37.8333333333333,24.1894273127753
"2026-03-21 09:00:00|Monitor41.txt|06",6,"2026-03-21 09:00:00|Monitor41.txt",2026-03-21T09:00:00Z,2026-03-27T09:30:00Z,"OK","M","DGRP332","21.5C","Winter","NA","08:12","M41","Batch26_DGRP",0.759287119546349,1093.37345214674,0.614370010413051,294.897604998265,0.831770833333333,798.5,0,4440,62700,0.759195003469813,1093.24080499653,0.744282744282744,357.255717255717,0.766666666666667,736,300,780,35880,0.69882026370576,1006.30117973629,0.53014553014553,254.469854469854,0.783333333333333,752,480,300,60360,0.718945176960444,1035.28105482304,0.498960498960499,239.50103950104,0.829166666666667,796,480,420,38760,0.77793199167245,1120.22206800833,0.557172557172557,267.442827442828,0.888541666666667,853,2820,300,61200,0.785565579458709,1131.21443442054,0.671517671517672,322.328482328482,0.842708333333333,809,3120,1020,37200,0.8147120055517,1173.18528799445,0.683991683991684,328.316008316008,0.880208333333333,845,25.3333333333333,18.1644736842105,30.8333333333333,30.6486486486487
"2026-03-21 09:00:00|Monitor41.txt|07",7,"2026-03-21 09:00:00|Monitor41.txt",2026-03-21T09:00:00Z,2026-03-27T09:30:00Z,"OK","M","DGRP332","21.5C","Winter","NA","08:12","M41","Batch26_DGRP",0.828723527369517,1193.36187941211,0.724054147865325,347.545990975356,0.881076388888889,845.833333333333,0,2880,34200,0.869535045107564,1252.13046495489,0.783783783783784,376.216216216216,0.9125,876,3240,300,33780,0.869535045107564,1252.13046495489,0.72972972972973,350.27027027027,0.939583333333333,902,3600,660,33540,0.80499653018737,1159.19500346981,0.72972972972973,350.27027027027,0.842708333333333,809,600,1440,36120,0.847328244274809,1220.15267175573,0.758835758835759,364.241164241164,0.891666666666667,856,780,720,34980,0.752255378209577,1083.24774462179,0.632016632016632,303.367983367983,0.8125,780,2700,1260,34020,0.827897293546149,1192.17210270645,0.708939708939709,340.29106029106,0.8875,852,22.6666666666667,20.0294117647059,27,35.2654320987654
"2026-03-21 09:00:00|Monitor41.txt|08",8,"2026-03-21 09:00:00|Monitor41.txt",2026-03-21T09:00:00Z,2026-03-27T09:30:00Z,"OK","M","DGRP332","21.5C","Winter","NA","08:12","M41","Batch26_DGRP",0.777572040273117,1119.70373799329,0.717806317250955,344.547032280458,0.807465277777778,775.166666666667,0,4200,68460,0.764746703678001,1101.23525329632,0.692307692307692,332.307692307692,0.801041666666667,769,3000,420,34680,0.748091603053435,1077.25190839695,0.644490644490645,309.355509355509,0.8,768,240,3660,40380,0.76058292852186,1095.23941707148,0.688149688149688,330.31185031185,0.796875,765,1800,2220,37140,0.833448993754337,1200.16655100625,0.835758835758836,401.164241164241,0.832291666666667,799,3360,900,41100,0.800832755031228,1153.19916724497,0.704781704781705,338.295218295218,0.848958333333333,815,2760,600,41460,0.757807078417765,1091.24219292158,0.742203742203742,356.257796257796,0.765625,735,20.1666666666667,22.5619834710744,33,28.7575757575758
"2026-03-21 09:00:00|Monitor41.txt|09",9,"2026-03-21 09:00:00|Monitor41.txt",2026-03-21T09:00:00Z,2026-03-27T09:30:00Z,"OK","M","DGRP332","21.5C","Winter","NA","08:12","M41","Batch26_DGRP",0.733711375998148,1056.54438143733,0.68552585907671,329.052412356821,0.7578125,727.5,6540,1500,47100,0.548924358084664,790.451075641915,0.557172557172557,267.442827442828,0.544791666666667,523,900,540,63180,0.722414989590562,1040.27758501041,0.67983367983368,326.320166320166,0.74375,714,2640,360,35820,0.759888965995836,1094.240111034,0.663201663201663,318.336798336798,0.808333333333333,776,600,300,35820,0.723108952116586,1041.27689104788,0.623700623700624,299.376299376299,0.772916666666667,742,2100,900,52440,0.829979181124219,1195.17002081888,0.767151767151767,368.232848232848,0.861458333333333,827,1560,1020,34020,0.816099930603748,1175.1839000694,0.817047817047817,392.182952182952,0.815625,783,24,19.3333333333333,29,32.5574712643678
"2026-03-21 09:00:00|Monitor41.txt|10",10,"2026-03-21 09:00:00|Monitor41.txt",2026-03-21T09:00:00Z,2026-03-27T09:30:00Z,"OK","M","DGRP332","21.5C","Winter","NA","08:12","M41","Batch26_DGRP",0.618562666358061,890.730239555607,0.429364803887539,206.095105866019,0.713194444444445,684.666666666667,2580,300,56940,0.514226231783484,740.485773768217,0.349272349272349,167.650727650728,0.596875,573,11940,1380,56940,0.605135322692575,871.394864677307,0.357588357588358,171.642411642412,0.729166666666667,700,7140,360,47460,0.68147120055517,981.318528799445,0.494802494802495,237.505197505198,0.775,744,1980,1920,36600,0.696044413601666,1002.3039555864,0.577962577962578,277.422037422037,0.755208333333333,725,1560,540,59940,0.612768910478834,882.387231089521,0.46985446985447,225.530145530146,0.684375,657,120,780,39060,0.603053435114504,868.396946564886,0.332640332640333,159.66735966736,0.738541666666667,709,23.1666666666667,20.568345323741,42.8333333333333,21.863813229572
"2026-03-21 09:00:00|Monitor41.txt|11",11,"2026-03-21 09:00:00|Monitor41.txt",2026-03-21T09:00:00Z,2026-03-27T09:30:00Z,"OK","M","DGRP332","21.5C","Winter","NA","08:12","M41","Batch26_DGRP",0.682675616248119,983.052887397292,0.72301284276293,347.046164526206,0.6625,636,1320,300,48540,0.651630811936156,938.348369188064,0.713097713097713,342.286902286902,0.620833333333333,596,1020,2940,56700,0.664816099930604,957.335183900069,0.706860706860707,339.293139293139,0.64375,618,180,1080,54000,0.684941013185288,986.315058986815,0.731808731808732,351.268191268191,0.661458333333333,635,480,300,52380,0.710617626648161,1023.28938237335,0.754677754677755,362.245322245322,0.688541666666667,661,420,900,41580,0.723108952116586,1041.27689104788,0.675675675675676,324.324324324324,0.746875,717,2340,360,24720,0.659958362248439,950.340041637752,0.752598752598753,361.247401247401,0.613541666666667,589,28.1666666666667,16.8461538461538,41.5,22.3293172690763
"2026-03-21 09:00:00|Monitor41.txt|13",13,"2026-03-21 09:00:00|Monitor41.txt",2026-03-21T09:00:00Z,2026-03-27T09:30:00Z,"OK","M","DGRP332","21.5C","Winter","NA","08:12","M41","Batch26_DGRP",0.596805925240134,859.400532345793,0.507809788267963,243.748698368622,0.641319444444445,615.666666666667,0,900,36660,0.648160999306037,933.351839000694,0.511434511434512,245.488565488566,0.716666666666667,688,3480,540,46860,0.55794587092297,803.442054129077,0.505197505197505,242.494802494803,0.584375,561,1080,1980,43080,0.639833448993754,921.360166551006,0.636174636174636,305.363825363825,0.641666666666667,616,2580,1800,38340,0.48646773074254,700.513532269257,0.484407484407485,232.515592515593,0.4875,468,600,2400,41340,0.621096460791117,894.378903539209,0.453222453222453,217.546777546778,0.705208333333333,677,840,300,35460,0.628036086051353,904.371963913949,0.45945945945946,220.540540540541,0.7125,684,27.6666666666667,16.5481927710843,40.5,23.4691358024691
"2026-03-21 09:00:00|Monitor41.txt|14",14,"2026-03-21 09:00:00|Monitor41.txt",2026-03-21T09:00:00Z,2026-03-27T09:30:00Z,"OK","M","DGRP332","21.5C","Winter","NA","08:12","M41","Batch26_DGRP",0.792963777340586,1141.86783937044,0.632419298854564,303.561263450191,0.873263888888889,838.333333333333,0,2880,34260,0.810548230395559,1167.1894517696,0.648648648648649,311.351351351351,0.891666666666667,856,1080,420,45060,0.768910478834143,1107.23108952117,0.596673596673597,286.403326403326,0.855208333333333,821,720,1080,39720,0.761970853573907,1097.23802914643,0.550935550935551,264.449064449064,0.867708333333333,833,900,1080,61260,0.817487855655795,1177.18251214434,0.64033264033264,307.359667359667,0.90625,870,540,480,37200,0.786953504510756,1133.21304649549,0.675675675675676,324.324324324324,0.842708333333333,809,2040,1980,34260,0.811936155447606,1169.18806384455,0.683991683991684,328.316008316008,0.876041666666667,841,27.1666666666667,17.0674846625767,31.5,29.8888888888889
"2026-03-21 09:00:00|Monitor41.txt|16",16,"2026-03-21 09:00:00|Monitor41.txt",2026-03-21T09:00:00Z,2026-03-27T09:30:00Z,"OK","M","DGRP332","21.5C","Winter","NA","08:12","M41","Batch26_DGRP",0.800833236893878,1153.19986112718,0.861853523082263,413.689691079486,0.7703125,739.5,0,3360,48780,0.836918806384455,1205.16308119362,0.83991683991684,403.160083160083,0.835416666666667,802,1140,1980,20040,0.786259541984733,1132.21374045802,0.918918918918919,441.081081081081,0.719791666666667,691,1620,360,49860,0.807772380291464,1163.19222761971,0.796257796257796,382.203742203742,0.813541666666667,781,360,540,35640,0.792505204718945,1141.20749479528,0.9002079002079,432.099792099792,0.738541666666667,709,360,1080,34980,0.789729354614851,1137.21027064539,0.827442827442827,397.172557172557,0.770833333333333,740,960,1560,36600,0.789035392088827,1136.21096460791,0.879417879417879,422.120582120582,0.74375,714,19.1666666666667,24.8869565217391,43.8333333333333,20.8174904942966
"2026-03-21 09:00:00|Monitor41.txt|17",17,"2026-03-21 09:00:00|Monitor41.txt",2026-03-21T09:00:00Z,2026-03-27T09:30:00Z,"OK","M","DGRP332","21.5C","Winter","NA","08:12","M41","Batch26_DGRP",0.87524592061104,1260.3541256799,0.715723707046165,343.547379382159,0.955034722222222,916.833333333333,720,300,61080,0.908396946564885,1308.09160305344,0.773388773388773,371.226611226611,0.976041666666667,937,1320,3060,33300,0.909784871616933,1310.09021512838,0.765072765072765,367.234927234927,0.982291666666667,943,4380,480,45960,0.90353920888272,1301.09646079112,0.758835758835759,364.241164241164,0.976041666666667,937,840,3420,61620,0.859819569743234,1238.14018043026,0.654885654885655,314.345114345114,0.9625,924,180,420,29400,0.857737682165163,1235.14226231783,0.688149688149688,330.31185031185,0.942708333333333,905,1200,360,52440,0.812630117973629,1170.18736988203,0.656964656964657,315.343035343035,0.890625,855,18,28.8703703703704,15,59.6555555555556
"2026-03-21 09:00:00|Monitor41.txt|18",18,"2026-03-21 09:00:00|Monitor41.txt",2026-03-21T09:00:00Z,2026-03-27T09:30:00Z,"OK","M","DGRP332","21.5C","Winter","NA","08:12","M41","Batch26_DGRP",0.746094202059947,1074.37565096632,0.73550850399167,353.044081916001,0.751388888888889,721.333333333333,300,4080,39060,0.794587092297016,1144.2054129077,0.725571725571726,348.274428274428,0.829166666666667,796,1020,360,35400,0.782789729354615,1127.21721027065,0.83991683991684,403.160083160083,0.754166666666667,724,120,1020,37860,0.737682165163081,1062.26231783484,0.702702702702703,337.297297297297,0.755208333333333,725,1080,1020,60960,0.741151977793199,1067.25884802221,0.667359667359667,320.33264033264,0.778125,747,900,900,41400,0.69882026370576,1006.30117973629,0.711018711018711,341.288981288981,0.692708333333333,665,600,300,35580,0.721721027064539,1039.27827897294,0.767151767151767,368.232848232848,0.698958333333333,671,24.3333333333333,19.1438356164384,42.3333333333333,21.9055118110236
"2026-03-21 09:00:00|Monitor41.txt|19",19,"2026-03-21 09:00:00|Monitor41.txt",2026-03-21T09:00:00Z,2026-03-27T09:30:00Z,"OK","M","DGRP332","21.5C","Winter","NA","08:12","M41","Batch26_DGRP",0.668325425297998,962.388612429117,0.721971537660535,346.546338077057,0.641493055555556,615.833333333333,2640,1560,67020,0.664816099930604,957.335183900069,0.713097713097713,342.286902286902,0.640625,615,1620,1140,39000,0.6294240111034,906.370575988897,0.742203742203742,356.257796257796,0.572916666666667,550,3360,540,38700,0.66412213740458,956.335877862595,0.609147609147609,292.390852390852,0.691666666666667,664,5160,300,43620,0.715475364330326,1030.28452463567,0.719334719334719,345.280665280665,0.713541666666667,685,3900,300,57180,0.635669673837613,915.364330326162,0.688149688149688,330.31185031185,0.609375,585,360,1980,38040,0.701596113809854,1010.29840388619,0.862785862785863,414.137214137214,0.620833333333333,596,22,21.0606060606061,35,26.9904761904762
"2026-03-21 09:00:00|Monitor41.txt|21",21,"2026-03-21 09:00:00|Monitor41.txt",2026-03-21T09:00:00Z,2026-03-27T09:30:00Z,"OK","M","DGRP332","21.5C","Winter","NA","08:12","M41","Batch26_DGRP",0.802684874435829,1155.86621918759,0.769871572370705,369.538354737938,0.819097222222222,786.333333333333,1140,780,46560,0.782789729354615,1127.21721027065,0.773388773388773,371.226611226611,0.7875,756,1320,540,8640,0.835530881332408,1203.16446911867,0.88981288981289,427.110187110187,0.808333333333333,776,1800,1920,35940,0.786259541984733,1132.21374045802,0.752598752598753,361.247401247401,0.803125,771,720,600,45360,0.827897293546149,1192.17210270645,0.804573804573805,386.195426195426,0.839583333333333,806,1080,720,50040,0.817487855655795,1177.18251214434,0.72972972972973,350.27027027027,0.861458333333333,827,720,1320,35100,0.765440666204025,1102.2345593338,0.667359667359667,320.33264033264,0.814583333333333,782,27.8333333333333,16.3353293413174,35.8333333333333,26.1906976744186
"2026-03-21 09:00:00|Monitor41.txt|23",23,"2026-03-21 09:00:00|Monitor41.txt",2026-03-21T09:00:00Z,2026-03-27T09:30:00Z,"OK","M","DGRP332","21.5C","Winter","NA","08:12","M41","Batch26_DGRP",0.790649230413147,1138.53489179493,0.847275251648733,406.692120791392,0.762326388888889,731.833333333333,300,1680,51960,0.763358778625954,1099.23664122137,0.719334719334719,345.280665280665,0.785416666666667,754,720,1680,49380,0.714781401804303,1029.2852185982,0.723492723492724,347.276507276507,0.710416666666667,682,3660,540,36120,0.807078417765441,1162.19292158223,0.887733887733888,426.112266112266,0.766666666666667,736,600,1020,37740,0.890353920888272,1282.10964607911,0.95010395010395,456.049896049896,0.860416666666667,826,960,1080,35580,0.791811242192922,1140.20818875781,0.943866943866944,453.056133056133,0.715625,687,1860,1620,39420,0.775850104094379,1117.22414989591,0.856548856548857,411.143451143451,0.735416666666667,706,16,29.4479166666667,27.6666666666667,33.8493975903615
"2026-03-21 09:00:00|Monitor41.txt|24",24,"2026-03-21 09:00:00|Monitor41.txt",2026-03-21T09:00:00Z,2026-03-27T09:30:00Z,"OK","M","DGRP332","21.5C","Winter","NA","08:12","M41","Batch26_DGRP",0.760328665663696,1094.87327855572,0.685178757375911,328.885803540437,0.797916666666667,766,0,780,52740,0.814018043025677,1172.18598195697,0.719334719334719,345.280665280665,0.861458333333333,827,1320,360,35580,0.814018043025677,1172.18598195697,0.79002079002079,379.209979209979,0.826041666666667,793,1140,780,62340,0.777238029146426,1119.22276197085,0.696465696465697,334.303534303534,0.817708333333333,785,600,2160,35460,0.782789729354615,1127.21721027065,0.698544698544699,335.301455301455,0.825,792,2160,540,39180,0.702290076335878,1011.29770992366,0.650727650727651,312.349272349272,0.728125,699,60,360,36360,0.671061762664816,966.328938237335,0.555093555093555,266.444906444906,0.729166666666667,700,26,17.9615384615385,42.5,21.9137254901961
"2026-03-21 09:00:00|Monitor41.txt|25",25,"2026-03-21 09:00:00|Monitor41.txt",2026-03-21T09:00:00Z,2026-03-27T09:30:00Z,"OK","M","DGRP332","21.5C","Winter","NA","08:12","M41","Batch26_DGRP",0.729313736836014,1050.21178104386,0.670947587643179,322.054842068726,0.758506944444445,728.166666666667,0,4200,53580,0.780013879250521,1123.21998612075,0.64033264033264,307.359667359667,0.85,816,900,840,13200,0.761276891047884,1096.23872310895,0.717255717255717,344.282744282744,0.783333333333333,752,1080,1560,16680,0.718945176960444,1035.28105482304,0.638253638253638,306.361746361746,0.759375,729,4920,4860,40440,0.755725190839695,1088.24427480916,0.694386694386694,333.305613305613,0.786458333333333,755,1140,300,72240,0.694656488549618,1000.30534351145,0.642411642411642,308.357588357588,0.720833333333333,692,3180,840,60720,0.666204024982651,959.333795975017,0.696465696465697,334.303534303534,0.651041666666667,625,15.5,30.1505376344086,36.8333333333333,25.6470588235294
"2026-03-21 09:00:00|Monitor41.txt|26",26,"2026-03-21 09:00:00|Monitor41.txt",2026-03-21T09:00:00Z,2026-03-27T09:30:00Z,"OK","M","DGRP332","21.5C","Winter","NA","08:12","M41","Batch26_DGRP",0.848860085638236,1222.35852331906,0.838250607427976,402.360291565429,0.854166666666667,820,1740,720,34440,0.843858431644691,1215.15614156836,0.769230769230769,369.230769230769,0.88125,846,2880,1320,66300,0.853573907009021,1229.14642609299,0.79002079002079,379.209979209979,0.885416666666667,850,2040,300,64680,0.837612768910479,1206.16238723109,0.814968814968815,391.185031185031,0.848958333333333,815,4260,660,44520,0.85912560721721,1237.14087439278,0.85031185031185,408.149688149688,0.863541666666667,829,2280,1560,64860,0.898681471200555,1294.1013185288,0.925155925155925,444.074844074844,0.885416666666667,850,720,3480,35340,0.800832755031228,1153.19916724497,0.881496881496882,423.118503118503,0.760416666666667,730,19.6666666666667,23.1101694915254,27.8333333333333,33.9221556886228
"2026-03-21 09:00:00|Monitor41.txt|27",27,"2026-03-21 09:00:00|Monitor41.txt",2026-03-21T09:00:00Z,2026-03-27T09:30:00Z,"OK","M","DGRP332","21.5C","Winter","NA","08:12","M41","Batch26_DGRP",0.572503182502025,824.404582802916,0.542172856646998,260.242971190559,0.587673611111111,564.166666666667,4680,3060,41340,0.662734212352533,954.337265787647,0.727650727650728,349.272349272349,0.630208333333333,605,240,840,42960,0.662040249826509,953.337959750174,0.708939708939709,340.29106029106,0.638541666666667,613,5160,360,37380,0.593337959750174,854.40666204025,0.440748440748441,211.559251559252,0.669791666666667,643,300,840,42660,0.544760582928522,784.455239417071,0.600831600831601,288.399168399168,0.516666666666667,496,3360,720,39960,0.303955586398335,437.696044413602,0.268191268191268,128.731808731809,0.321875,309,2580,420,40560,0.667591950034698,961.332408049965,0.505197505197505,242.494802494803,0.748958333333333,719,31.6666666666667,14.4842105263158,41.8333333333333,22.4980079681275
"2026-03-21 09:00:00|Monitor41.txt|28",28,"2026-03-21 09:00:00|Monitor41.txt",2026-03-21T09:00:00Z,2026-03-27T09:30:00Z,"OK","M","DGRP332","21.5C","Winter","NA","08:12","M41","Batch26_DGRP",0.688924892952205,992.051845851175,0.647344671988893,310.725442554669,0.709722222222222,681.333333333333,0,3600,38520,0.712005551700208,1025.2879944483,0.588357588357588,282.411642411642,0.773958333333333,743,60,480,6120,0.694656488549618,1000.30534351145,0.758835758835759,364.241164241164,0.6625,636,4620,480,35400,0.684941013185288,986.315058986815,0.692307692307692,332.307692307692,0.68125,654,420,300,40860,0.675919500346981,973.324080499653,0.523908523908524,251.476091476092,0.752083333333333,722,2280,360,43140,0.702984038861901,1012.29701596114,0.744282744282744,357.255717255717,0.682291666666667,655,480,1860,35100,0.661346287300486,952.338653712699,0.571725571725572,274.428274428274,0.70625,678,21.3333333333333,22.15625,43.3333333333333,21.7192307692308
"2026-03-21 09:00:00|Monitor41.txt|29",29,"2026-03-21 09:00:00|Monitor41.txt",2026-03-21T09:00:00Z,2026-03-27T09:30:00Z,"OK","M","DGRP332","21.5C","Winter","NA","08:12","M41","Batch26_DGRP",0.589746557111445,849.235042240482,0.616452620617841,295.897257896564,0.576388888888889,553.333333333333,3300,1020,46380,0.63705759888966,917.36294240111,0.644490644490645,309.355509355509,0.633333333333333,608,1380,660,46560,0.538514920194309,775.461485079806,0.727650727650728,349.272349272349,0.44375,426,3180,360,15180,0.618320610687023,890.381679389313,0.846153846153846,406.153846153846,0.504166666666667,484,1200,300,48960,0.575988896599584,829.4240111034,0.540540540540541,259.459459459459,0.59375,570,4560,360,53040,0.562109646079112,809.437890353921,0.397089397089397,190.602910602911,0.644791666666667,619,240,480,40980,0.605829285218598,872.394170714781,0.540540540540541,259.459459459459,0.638541666666667,613,24.6666666666667,18.8648648648649,39,24.2008547008547
"2026-03-21 09:00:00|Monitor41.txt|32",32,"2026-03-21 09:00:00|Monitor41.txt",2026-03-21T09:00:00Z,2026-03-27T09:30:00Z,"OK","M","DGRP332","21.5C","Winter","NA","08:12","M41","Batch26_DGRP",0.87524592061104,1260.3541256799,0.852481777160708,409.19125303714,0.886631944444445,851.166666666667,1500,2700,40740,0.826509368494101,1190.17349063151,0.79002079002079,379.209979209979,0.844791666666667,811,1440,600,9120,0.907009021512838,1306.09299097849,0.898128898128898,431.101871101871,0.911458333333333,875,420,1260,42660,0.854961832061069,1231.14503816794,0.8004158004158,384.199584199584,0.882291666666667,847,840,780,39180,0.902845246356697,1300.09715475364,0.910602910602911,437.089397089397,0.898958333333333,863,180,2160,39720,0.896599583622484,1291.10340041638,0.906444906444906,435.093555093555,0.891666666666667,856,1260,960,37860,0.863289382373352,1243.13671061763,0.808731808731809,388.191268191268,0.890625,855,20.6666666666667,23.008064516129,32.3333333333333,28.2525773195876
"2026-03-21 09:00:00|Monitor42.txt|02",2,"2026-03-21 09:00:00|Monitor42.txt",2026-03-21T09:00:00Z,2026-03-27T09:30:00Z,"OK","M","DGRP382","21.5C","Winter","NA","08:12","M42","Batch26_DGRP",0.90255757435482,1299.68290707094,0.778549114890663,373.703575147518,0.964583333333333,926,420,5400,41760,0.977793199167245,1408.02220680083,0.977130977130977,469.022869022869,0.978125,939,1560,840,28380,0.962526023594726,1386.03747397641,0.904365904365904,434.095634095634,0.991666666666667,952,480,2880,20040,0.913254684247051,1315.08674531575,0.785862785862786,377.214137214137,0.977083333333333,938,1800,1620,30060,0.94587092297016,1362.05412907703,0.893970893970894,429.106029106029,0.971875,933,2580,3240,42480,0.873004857737682,1257.12699514226,0.750519750519751,360.24948024948,0.934375,897,3000,1020,65700,0.74323386537127,1070.25676613463,0.361746361746362,173.638253638254,0.934375,897,18.5,36.2612612612613,10.1666666666667,72.9508196721312
"2026-03-21 09:00:00|Monitor42.txt|03",3,"2026-03-21 09:00:00|Monitor42.txt",2026-03-21T09:00:00Z,2026-03-27T09:30:00Z,"OK","M","DGRP382","21.5C","Winter","NA","08:12","M42","Batch26_DGRP",0.777224858234001,1119.20379585696,0.779937521693856,374.370010413051,0.775868055555556,744.833333333333,0,540,40320,0.777238029146426,1119.22276197085,0.835758835758836,401.164241164241,0.747916666666667,718,4380,900,52020,0.772380291464261,1112.22761970854,0.806652806652807,387.193347193347,0.755208333333333,725,4980,8820,48960,0.834836918806385,1202.16516308119,0.962577962577963,462.037422037422,0.770833333333333,740,4500,13260,4500,0.739764052741152,1065.26023594726,0.754677754677755,362.245322245322,0.732291666666667,703,1980,2220,34680,0.789035392088827,1136.21096460791,0.652806652806653,313.347193347193,0.857291666666667,823,1620,2340,35220,0.75086745315753,1081.24913254684,0.66943866943867,321.330561330561,0.791666666666667,760,17.3333333333333,26.3365384615385,21.1666666666667,45.2755905511811
"2026-03-21 09:00:00|Monitor42.txt|04",4,"2026-03-21 09:00:00|Monitor42.txt",2026-03-21T09:00:00Z,2026-03-27T09:30:00Z,"OK","M","DGRP382","21.5C","Winter","NA","08:12","M42","Batch26_DGRP",0.781622497396135,1125.53639625043,0.682054842068726,327.386324192989,0.831423611111111,798.166666666667,1440,2820,43800,0.843858431644691,1215.15614156836,0.852390852390852,409.147609147609,0.839583333333333,806,4320,300,69240,0.848022206800833,1221.1519777932,0.83991683991684,403.160083160083,0.852083333333333,818,1020,3180,34140,0.864677307425399,1245.13532269257,0.83991683991684,403.160083160083,0.877083333333333,842,1800,1440,5700,0.739764052741152,1065.26023594726,0.609147609147609,292.390852390852,0.805208333333333,773,4560,2640,67140,0.729354614850798,1050.27064538515,0.596673596673597,286.403326403326,0.795833333333333,764,1860,300,34080,0.66412213740458,956.335877862595,0.355509355509356,170.644490644491,0.81875,786,22.6666666666667,19.9264705882353,33.5,28.3880597014925
"2026-03-21 09:00:00|Monitor42.txt|05",5,"2026-03-21 09:00:00|Monitor42.txt",2026-03-21T09:00:00Z,2026-03-27T09:30:00Z,"OK","M","DGRP382","21.5C","Winter","NA","08:12","M42","Batch26_DGRP",0.701539173706747,1010.21641013772,0.544602568552586,261.409232905241,0.780034722222222,748.833333333333,0,360,73680,0.700902151283831,1009.29909784872,0.69022869022869,331.309771309771,0.70625,678,240,780,36780,0.662734212352533,954.337265787647,0.638253638253638,306.361746361746,0.675,648,2160,600,81000,0.545454545454545,785.454545454545,0.390852390852391,187.609147609148,0.622916666666667,598,180,780,64620,0.768910478834143,1107.23108952117,0.544698544698545,261.455301455301,0.88125,846,0,4320,80100,0.750173490631506,1080.24982650937,0.488565488565489,234.511434511435,0.88125,846,3180,1800,64620,0.781401804302568,1125.2185981957,0.517671517671518,248.482328482328,0.913541666666667,877,34.5,13.207729468599,29.5,32.045197740113
"2026-03-21 09:00:00|Monitor42.txt|06",6,"2026-03-21 09:00:00|Monitor42.txt",2026-03-21T09:00:00Z,2026-03-27T09:30:00Z,"OK","M","DGRP382","21.5C","Winter","NA","08:12","M42","Batch26_DGRP",0.797129961809976,1147.86714500637,0.628254078444984,301.561957653593,0.881597222222222,846.333333333334,2400,1800,12240,0.918112421929216,1322.08188757807,0.879417879417879,422.120582120582,0.9375,900,4500,420,31860,0.920194309507287,1325.07980569049,0.893970893970894,429.106029106029,0.933333333333333,896,5400,1260,48900,0.742539902845246,1069.25746009715,0.575883575883576,276.424116424116,0.826041666666667,793,6300,720,41460,0.784871616932686,1130.21512838307,0.598752598752599,287.401247401247,0.878125,843,180,1320,40140,0.69882026370576,1006.30117973629,0.361746361746362,173.638253638254,0.867708333333333,833,2280,1860,55260,0.718251214434421,1034.28174878557,0.461538461538462,221.538461538462,0.846875,813,18.6666666666667,25.8125,17.3333333333333,53.75
"2026-03-21 09:00:00|Monitor42.txt|08",8,"2026-03-21 09:00:00|Monitor42.txt",2026-03-21T09:00:00Z,2026-03-27T09:30:00Z,"OK","M","DGRP382","21.5C","Winter","NA","08:12","M42","Batch26_DGRP",0.683138525633607,983.719476912394,0.439430753210691,210.926761541132,0.805034722222222,772.833333333333,0,4380,35760,0.773768216516308,1114.22623178348,0.663201663201663,318.336798336798,0.829166666666667,796,1440,1980,35580,0.720333102012491,1037.27966689799,0.507276507276507,243.492723492724,0.827083333333333,794,9120,300,40200,0.68910478834143,992.310895211659,0.413721413721414,198.586278586279,0.827083333333333,794,5400,1680,35820,0.710617626648161,1023.28938237335,0.555093555093555,266.444906444906,0.788541666666667,757,1440,2760,34500,0.598195697432339,861.401804302568,0.222453222453222,106.777546777547,0.786458333333333,755,2880,1380,34020,0.607217210270645,874.392782789729,0.278586278586279,133.721413721414,0.771875,741,21.1666666666667,23.4645669291339,17,54.2058823529412
"2026-03-21 09:00:00|Monitor42.txt|11",11,"2026-03-21 09:00:00|Monitor42.txt",2026-03-21T09:00:00Z,2026-03-27T09:30:00Z,"OK","M","DGRP382","21.5C","Winter","NA","08:12","M42","Batch26_DGRP",0.859044092118968,1237.02349265131,0.782367233599445,375.536272127733,0.897395833333333,861.5,0,4200,35340,0.764052741151978,1100.23594725885,0.64033264033264,307.359667359667,0.826041666666667,793,780,1260,46200,0.84177654406662,1212.15822345593,0.808731808731809,388.191268191268,0.858333333333333,824,2460,420,38280,0.798750867453158,1150.20124913255,0.584199584199584,280.4158004158,0.90625,870,3540,2400,47100,0.85912560721721,1237.14087439278,0.896049896049896,430.10395010395,0.840625,807,7320,720,33180,0.929909784871617,1339.07009021513,0.819126819126819,393.180873180873,0.985416666666667,946,2220,720,33300,0.959750173490631,1382.04024982651,0.943866943866944,453.056133056133,0.967708333333333,929,23,19.7898550724638,17.1666666666667,55.2912621359223
"2026-03-21 09:00:00|Monitor42.txt|12",12,"2026-03-21 09:00:00|Monitor42.txt",2026-03-21T09:00:00Z,2026-03-27T09:30:00Z,"OK","M","DGRP382","21.5C","Winter","NA","08:12","M42","Batch26_DGRP",0.774331674574702,1115.03761138757,0.605345366192294,290.565775772301,0.858854166666667,824.5,0,2820,52200,0.886884108258154,1277.11311589174,0.977130977130977,469.022869022869,0.841666666666667,808,2640,1740,36420,0.816099930603748,1175.1839000694,0.721413721413721,346.278586278586,0.863541666666667,829,1440,4740,1440,0.791811242192922,1140.20818875781,0.621621621621622,298.378378378378,0.877083333333333,842,60,1140,60780,0.723802914642609,1042.27619708536,0.484407484407485,232.515592515593,0.84375,810,300,3720,34740,0.712005551700208,1025.2879944483,0.438669438669439,210.561330561331,0.848958333333333,815,300,840,52500,0.714781401804303,1029.2852185982,0.388773388773389,186.611226611227,0.878125,843,17.1666666666667,27.4660194174757,22.3333333333333,41.6865671641791
"2026-03-21 09:00:00|Monitor42.txt|14",14,"2026-03-21 09:00:00|Monitor42.txt",2026-03-21T09:00:00Z,2026-03-27T09:30:00Z,"OK","M","DGRP382","21.5C","Winter","NA","08:12","M42","Batch26_DGRP",0.755468117116075,1087.87408864715,0.68344324887192,328.052759458521,0.791493055555556,759.833333333333,0,1620,43500,0.694656488549618,1000.30534351145,0.814968814968815,391.185031185031,0.634375,609,2580,1140,41160,0.641915336571825,924.358084663428,0.634095634095634,304.365904365904,0.645833333333333,620,5940,300,40260,0.673143650242887,969.326856349757,0.704781704781705,338.295218295218,0.657291666666667,631,4260,1080,33540,0.800138792505205,1152.19986120749,0.575883575883576,276.424116424116,0.9125,876,120,3300,36960,0.961832061068702,1385.03816793893,0.916839916839917,440.08316008316,0.984375,945,7320,300,53700,0.759888965995836,1094.240111034,0.451143451143451,216.548856548857,0.914583333333333,878,26.5,16.5911949685535,16.1666666666667,60.2061855670103
"2026-03-21 09:00:00|Monitor42.txt|15",15,"2026-03-21 09:00:00|Monitor42.txt",2026-03-21T09:00:00Z,2026-03-27T09:30:00Z,"OK","M","DGRP382","21.5C","Winter","NA","08:12","M42","Batch26_DGRP",0.791806503876866,1140.20136558269,0.650468587296078,312.224921902117,0.8625,828,0,2220,39600,0.84941013185288,1223.15058986815,0.856548856548857,411.143451143451,0.845833333333333,812,1200,3180,46980,0.723108952116586,1041.27689104788,0.557172557172557,267.442827442828,0.80625,774,1560,1860,39120,0.6911866759195,995.30881332408,0.446985446985447,214.553014553015,0.813541666666667,781,660,1440,41700,0.775156141568355,1116.22484385843,0.634095634095634,304.365904365904,0.845833333333333,812,1080,360,40680,0.850104094378904,1224.14989590562,0.665280665280665,319.334719334719,0.942708333333333,905,660,2940,33540,0.862595419847328,1242.13740458015,0.746361746361746,358.253638253638,0.920833333333333,884,37.8333333333333,11.9955947136564,27.5,34.2484848484849
"2026-03-21 09:00:00|Monitor42.txt|17",17,"2026-03-21 09:00:00|Monitor42.txt",2026-03-21T09:00:00Z,2026-03-27T09:30:00Z,"OK","M","DGRP382","21.5C","Winter","NA","08:12","M42","Batch26_DGRP",0.769702580719824,1108.37171623655,0.798681013536966,383.366886497744,0.755208333333333,725,0,6240,53400,0.718251214434421,1034.28174878557,0.692307692307692,332.307692307692,0.73125,702,840,4140,54780,0.812630117973629,1170.18736988203,0.925155925155925,444.074844074844,0.75625,726,2280,420,42960,0.761276891047884,1096.23872310895,0.783783783783784,376.216216216216,0.75,720,600,2700,3900,0.748785565579459,1078.25121443442,0.812889812889813,390.18711018711,0.716666666666667,688,3780,2400,34980,0.774462179042332,1115.22553782096,0.794178794178794,381.205821205821,0.764583333333333,734,2880,600,43740,0.802220680083276,1155.19777931992,0.781704781704782,375.218295218295,0.8125,780,22,20.7954545454545,26.5,35.8301886792453
"2026-03-21 09:00:00|Monitor42.txt|18",18,"2026-03-21 09:00:00|Monitor42.txt",2026-03-21T09:00:00Z,2026-03-27T09:30:00Z,"OK","M","DGRP382","21.5C","Winter","NA","08:12","M42","Batch26_DGRP",0.794931142228909,1144.70084480963,0.655675112808053,314.724054147865,0.864583333333333,830,0,1320,67320,0.811242192921582,1168.18875780708,0.632016632016632,303.367983367983,0.901041666666667,865,6840,4680,34320,0.804302567661346,1158.19569743234,0.632016632016632,303.367983367983,0.890625,855,1500,2880,37020,0.791117279666898,1139.20888272033,0.644490644490645,309.355509355509,0.864583333333333,830,3720,600,36180,0.757113115891742,1090.24288688411,0.607068607068607,291.392931392931,0.832291666666667,799,2400,2280,34260,0.817487855655795,1177.18251214434,0.79002079002079,379.209979209979,0.83125,798,840,3360,33960,0.789035392088827,1136.21096460791,0.632016632016632,303.367983367983,0.867708333333333,833,19.8333333333333,24.6638655462185,16.3333333333333,56.4387755102041
"2026-03-21 09:00:00|Monitor42.txt|19",19,"2026-03-21 09:00:00|Monitor42.txt",2026-03-21T09:00:00Z,2026-03-27T09:30:00Z,"OK","M","DGRP382","21.5C","Winter","NA","08:12","M42","Batch26_DGRP",0.746557111445435,1075.04224048143,0.700798333911836,336.383200277681,0.769444444444445,738.666666666667,0,2820,39840,0.583622484385843,840.416377515614,0.415800415800416,199.5841995842,0.667708333333333,641,660,2880,42360,0.767522553782096,1105.23247744622,0.66943866943867,321.330561330561,0.816666666666667,784,4860,840,39600,0.815405968077724,1174.18459403192,0.879417879417879,422.120582120582,0.783333333333333,752,5640,840,82320,0.713393476752255,1027.28660652325,0.686070686070686,329.313929313929,0.727083333333333,698,7320,1920,76620,0.856349757113116,1233.14365024289,0.954261954261954,458.045738045738,0.807291666666667,775,2880,1740,42300,0.74323386537127,1070.25676613463,0.600831600831601,288.399168399168,0.814583333333333,782,18.3333333333333,25.3363636363637,20.3333333333333,46.4508196721311
"2026-03-21 09:00:00|Monitor42.txt|21",21,"2026-03-21 09:00:00|Monitor42.txt",2026-03-21T09:00:00Z,2026-03-27T09:30:00Z,"OK","M","DGRP382","21.5C","Winter","NA","08:12","M42","Batch26_DGRP",0.655595417197084,944.057400763801,0.478653245400903,229.753557792433,0.744097222222222,714.333333333333,300,960,34680,0.600277585010409,864.39972241499,0.397089397089397,190.602910602911,0.702083333333333,674,120,540,36120,0.607217210270645,874.392782789729,0.37006237006237,177.629937629938,0.726041666666667,697,720,600,50100,0.615544760582929,886.384455239417,0.417879417879418,200.582120582121,0.714583333333333,686,720,360,39660,0.647467036780014,932.35253296322,0.449064449064449,215.550935550936,0.746875,717,1380,720,51600,0.780013879250521,1123.21998612075,0.721413721413721,346.278586278586,0.809375,777,360,1020,44520,0.682859125607217,983.317140874393,0.517671517671518,248.482328482328,0.765625,735,36.1666666666667,12.6912442396313,66.5,13.4210526315789
"2026-03-21 09:00:00|Monitor42.txt|22",22,"2026-03-21 09:00:00|Monitor42.txt",2026-03-21T09:00:00Z,2026-03-27T09:30:00Z,"OK","M","DGRP382","21.5C","Winter","NA","08:12","M42","Batch26_DGRP",0.585811827334799,843.569031362111,0.573064908018049,275.071155848664,0.5921875,568.5,0,4740,38160,0.736294240111034,1060.26370575989,0.866943866943867,416.133056133056,0.670833333333333,644,1920,2460,59400,0.466342817487856,671.533657182512,0.627858627858628,301.372141372141,0.385416666666667,370,3000,660,50520,0.412907702984039,594.587092297016,0.349272349272349,167.650727650728,0.444791666666667,427,1380,1440,43680,0.575988896599584,829.4240111034,0.494802494802495,237.505197505198,0.616666666666667,592,660,480,54600,0.61970853573907,892.380291464261,0.46985446985447,225.530145530146,0.694791666666667,667,2220,2580,42660,0.705065926439972,1015.29493407356,0.634095634095634,304.365904365904,0.740625,711,30.5,15.103825136612,31.3333333333333,30.4574468085106
"2026-03-21 09:00:00|Monitor42.txt|23",23,"2026-03-21 09:00:00|Monitor42.txt",2026-03-21T09:00:00Z,2026-03-27T09:30:00Z,"OK","M","DGRP382","21.5C","Winter","NA","08:12","M42","Batch26_DGRP",0.761254484434672,1096.20645758593,0.71676501214856,344.047205831309,0.783506944444445,752.166666666667,0,480,43440,0.798750867453158,1150.20124913255,0.879417879417879,422.120582120582,0.758333333333333,728,5520,1320,50160,0.68910478834143,992.310895211659,0.617463617463617,296.382536382536,0.725,696,4620,13440,37860,0.931991672449688,1342.06800832755,0.985446985446985,473.014553014553,0.905208333333333,869,4560,12180,39540,0.730048577376822,1051.26995142262,0.711018711018711,341.288981288981,0.739583333333333,710,1860,2880,38760,0.734212352532963,1057.26578764747,0.634095634095634,304.365904365904,0.784375,753,4980,600,35160,0.683553088133241,984.316446911867,0.474012474012474,227.525987525988,0.788541666666667,757,13.1666666666667,37.0886075949367,14.8333333333333,62.4943820224719
"2026-03-21 09:00:00|Monitor42.txt|24",24,"2026-03-21 09:00:00|Monitor42.txt",2026-03-21T09:00:00Z,2026-03-27T09:30:00Z,"OK","M","DGRP382","21.5C","Winter","NA","08:12","M42","Batch26_DGRP",0.811017243374609,1167.86483045944,0.754946199236376,362.374175633461,0.8390625,805.5,0,1260,9660,0.841082581540597,1211.15891741846,0.817047817047817,392.182952182952,0.853125,819,1260,3120,8820,0.877862595419847,1264.12213740458,0.891891891891892,428.108108108108,0.870833333333333,836,1380,900,15600,0.833448993754337,1200.16655100625,0.835758835758836,401.164241164241,0.832291666666667,799,3000,660,38040,0.772380291464261,1112.22761970854,0.663201663201663,318.336798336798,0.827083333333333,794,240,480,60300,0.784177654406662,1129.21582234559,0.67983367983368,326.320166320166,0.836458333333333,803,360,420,37800,0.757113115891742,1090.24288688411,0.642411642411642,308.357588357588,0.814583333333333,782,23.1666666666667,21.3525179856115,27.1666666666667,33.4539877300614
"2026-03-21 09:00:00|Monitor42.txt|27",27,"2026-03-21 09:00:00|Monitor42.txt",2026-03-21T09:00:00Z,2026-03-27T09:30:00Z,"OK","M","DGRP382","21.5C","Winter","NA","08:12","M42","Batch26_DGRP",0.802106237703969,1155.03298229372,0.814994793474488,391.197500867754,0.795659722222222,763.833333333333,1620,2580,66900,0.759195003469813,1093.24080499653,0.902286902286902,433.097713097713,0.6875,660,120,720,10320,0.852185981956975,1227.14781401804,0.835758835758836,401.164241164241,0.860416666666667,826,1140,1140,35160,0.805690492713394,1160.19430950729,0.825363825363825,396.174636174636,0.795833333333333,764,2340,1860,47820,0.755725190839695,1088.24427480916,0.711018711018711,341.288981288981,0.778125,747,1620,360,36540,0.84177654406662,1212.15822345593,0.827442827442827,397.172557172557,0.848958333333333,815,1560,360,36120,0.798056904927134,1149.20194309507,0.787941787941788,378.212058212058,0.803125,771,22.8333333333333,19.7153284671533,25.6666666666667,36.987012987013
"2026-03-21 09:00:00|Monitor42.txt|30",30,"2026-03-21 09:00:00|Monitor42.txt",2026-03-21T09:00:00Z,2026-03-27T09:30:00Z,"OK","M","DGRP382","21.5C","Winter","NA","08:12","M42","Batch26_DGRP",0.753963661613239,1085.70767272306,0.753557792433183,361.707740367928,0.754166666666667,724,900,5040,38760,0.793199167244969,1142.20680083276,0.95010395010395,456.049896049896,0.714583333333333,686,2820,9060,52440,0.779319916724497,1122.22068008328,0.765072765072765,367.234927234927,0.786458333333333,755,2040,300,14040,0.814018043025677,1172.18598195697,0.852390852390852,409.147609147609,0.794791666666667,763,780,300,4860,0.798056904927134,1149.20194309507,0.862785862785863,414.137214137214,0.765625,735,4680,420,52440,0.758501040943789,1092.24149895906,0.719334719334719,345.280665280665,0.778125,747,5220,360,52380,0.581540596807772,837.418459403192,0.374220374220374,179.62577962578,0.685416666666667,658,19.8333333333333,23.4285714285714,29.6666666666667,31.5842696629213
"2026-03-21 09:00:00|Monitor42.txt|31",31,"2026-03-21 09:00:00|Monitor42.txt",2026-03-21T09:00:00Z,2026-03-27T09:30:00Z,"OK","M","DGRP382","21.5C","Winter","NA","08:12","M42","Batch26_DGRP",0.740770744126837,1066.70987154265,0.684484553974315,328.552585907671,0.768923611111111,738.166666666667,960,840,36120,0.79736294240111,1148.2026370576,0.702702702702703,337.297297297297,0.844791666666667,811,6180,1020,35520,0.717557251908397,1033.28244274809,0.708939708939709,340.29106029106,0.721875,693,2220,2280,35580,0.712699514226232,1026.28730048577,0.661122661122661,317.338877338877,0.738541666666667,709,2580,480,36900,0.696044413601666,1002.3039555864,0.586278586278586,281.413721413721,0.751041666666667,721,1080,360,33960,0.765440666204025,1102.2345593338,0.72972972972973,350.27027027027,0.783333333333333,752,540,1620,34140,0.755725190839695,1088.24427480916,0.719334719334719,345.280665280665,0.773958333333333,743,30.6666666666667,14.4565217391304,25.6666666666667,37.7597402597403
"2026-03-21 09:00:00|Monitor44.txt|01",1,"2026-03-21 09:00:00|Monitor44.txt",2026-03-21T09:00:00Z,2026-03-27T09:30:00Z,"OK","M","DGRP391","21.5C","Winter","NA","08:12","M44","Batch26_DGRP",0.492304131466266,708.917949311422,0.329399514057619,158.111766747657,0.573784722222222,550.833333333333,840,420,67380,0.474670367800139,683.5253296322,0.318087318087318,152.681912681913,0.553125,531,6180,300,64560,0.338653712699514,487.661346287301,0.24948024948025,119.75051975052,0.383333333333333,368,12480,960,65340,0.39000693962526,561.609993060375,0.318087318087318,152.681912681913,0.426041666666667,409,1860,960,59100,0.583622484385843,840.416377515614,0.376299376299376,180.623700623701,0.6875,660,720,1260,74700,0.544066620402498,783.455933379598,0.268191268191268,128.731808731809,0.682291666666667,655,180,840,54240,0.621790423317141,895.378209576683,0.444906444906445,213.555093555094,0.710416666666667,682,26.1666666666667,16.2101910828025,50.6666666666667,19.375
"2026-03-21 09:00:00|Monitor44.txt|02",2,"2026-03-21 09:00:00|Monitor44.txt",2026-03-21T09:00:00Z,2026-03-27T09:30:00Z,"OK","M","DGRP391","21.5C","Winter","NA","08:12","M44","Batch26_DGRP",0.28700381900243,413.2854993635,0.223880597014925,107.462686567164,0.318576388888889,305.833333333333,10740,840,16860,0.161693268563498,232.838306731437,0.332640332640333,159.66735966736,0.0760416666666667,73,11460,1740,41280,0.377515614156836,543.622484385843,0.313929313929314,150.686070686071,0.409375,393,7860,360,20760,0.21235253296322,305.787647467037,0.253638253638254,121.746361746362,0.191666666666667,184,4680,300,40440,0.276891047883414,398.723108952117,0.0415800415800416,19.95841995842,0.394791666666667,379,3960,300,16740,0.343511450381679,494.656488549618,0.264033264033264,126.735966735967,0.383333333333333,368,12960,360,29760,0.349063150589868,502.65093684941,0.135135135135135,64.8648648648649,0.45625,438,18.3333333333333,20.1636363636364,52.5,20.0095238095238
"2026-03-21 09:00:00|Monitor44.txt|04",4,"2026-03-21 09:00:00|Monitor44.txt",2026-03-21T09:00:00Z,2026-03-27T09:30:00Z,"OK","M","DGRP391","21.5C","Winter","NA","08:12","M44","Batch26_DGRP",0.777340585580373,1119.37044323574,0.578271433530024,277.570288094412,0.876909722222222,841.833333333333,0,3960,64500,0.808466342817488,1164.19153365718,0.636174636174636,305.363825363825,0.894791666666667,859,1380,2220,69420,0.798056904927134,1149.20194309507,0.557172557172557,267.442827442828,0.91875,882,1920,780,41940,0.734212352532963,1057.26578764747,0.559251559251559,268.440748440748,0.821875,789,1140,1980,48060,0.789035392088827,1136.21096460791,0.550935550935551,264.449064449064,0.908333333333333,872,300,900,48120,0.788341429562804,1135.21165857044,0.592515592515593,284.407484407484,0.886458333333333,851,240,1140,63840,0.746009715475364,1074.25399028452,0.575883575883576,276.424116424116,0.83125,798,34,13.3235294117647,33.3333333333333,28.015
"2026-03-21 09:00:00|Monitor44.txt|06",6,"2026-03-21 09:00:00|Monitor44.txt",2026-03-21T09:00:00Z,2026-03-27T09:30:00Z,"OK","M","DGRP391","21.5C","Winter","NA","08:12","M44","Batch26_DGRP",0.494850133086448,712.584191644486,0.25199583477959,120.958000694203,0.616319444444445,591.666666666667,0,300,41820,0.564885496183206,813.435114503817,0.407484407484407,195.592515592516,0.64375,618,12000,360,41100,0.551006245662734,793.448993754337,0.230769230769231,110.769230769231,0.711458333333333,683,7680,420,41820,0.482303955586398,694.517696044414,0.22037422037422,105.779625779626,0.613541666666667,589,1320,360,42420,0.528105482303956,760.471894517696,0.185031185031185,88.8149688149688,0.7,672,4320,360,58320,0.380985426786954,548.619014573213,0.158004158004158,75.8419958419959,0.492708333333333,473,2340,300,43380,0.460097154753643,662.539902845246,0.307692307692308,147.692307692308,0.536458333333333,515,22.8333333333333,18,46.5,21.3189964157706
"2026-03-21 09:00:00|Monitor44.txt|07",7,"2026-03-21 09:00:00|Monitor44.txt",2026-03-21T09:00:00Z,2026-03-27T09:30:00Z,"OK","M","DGRP391","21.5C","Winter","NA","08:12","M44","Batch26_DGRP",0.190602939474598,274.468232843421,0.157584172162444,75.6404026379729,0.207118055555556,198.833333333333,0,1500,83820,0.325468424705066,468.674531575295,0.382536382536383,183.617463617464,0.296875,285,1620,300,68760,0.140180430256766,201.859819569743,0.0623700623700624,29.9376299376299,0.179166666666667,172,1800,840,1800,0.163081193615545,234.836918806385,0.0582120582120582,27.9417879417879,0.215625,207,1260,480,82140,0.179042331714087,257.820957668286,0.116424116424116,55.8835758835759,0.210416666666667,202,2040,480,3600,0.145732130464955,209.854267869535,0.143451143451143,68.8565488565489,0.146875,141,1920,300,4440,0.190839694656489,274.809160305344,0.185031185031185,88.8149688149688,0.19375,186,16.5,34.7575757575758,44.6666666666667,19.1455223880597
"2026-03-21 09:00:00|Monitor44.txt|08",8,"2026-03-21 09:00:00|Monitor44.txt",2026-03-21T09:00:00Z,2026-03-27T09:30:00Z,"OK","M","DGRP391","21.5C","Winter","NA","08:12","M44","Batch26_DGRP",0.274389538247888,395.120935076959,0.225963207219715,108.462339465463,0.298611111111111,286.666666666667,0,1380,17880,0.385843164469119,555.614156835531,0.407484407484407,195.592515592516,0.375,360,15120,300,18180,0.20471894517696,294.795281054823,0.174636174636175,83.8253638253639,0.219791666666667,211,5160,300,72720,0.226925746009715,326.77307425399,0.16008316008316,76.8399168399168,0.260416666666667,250,14700,300,26340,0.224843858431645,323.775156141568,0.193347193347193,92.8066528066528,0.240625,231,1620,300,49440,0.245662734212353,353.754337265788,0.137214137214137,65.8627858627859,0.3,288,1500,420,74580,0.358084663428175,515.641915336572,0.282744282744283,135.717255717256,0.395833333333333,380,18.6666666666667,20.7678571428571,45,23.0148148148148
"2026-03-21 09:00:00|Monitor44.txt|09",9,"2026-03-21 09:00:00|Monitor44.txt",2026-03-21T09:00:00Z,2026-03-27T09:30:00Z,"OK","M","DGRP391","21.5C","Winter","NA","08:12","M44","Batch26_DGRP",0.757782664043513,1091.20703622266,0.714335300242971,342.880944116626,0.779513888888889,748.333333333333,0,4200,52140,0.792505204718945,1141.20749479528,0.817047817047817,392.182952182952,0.780208333333333,749,720,660,39420,0.764052741151978,1100.23594725885,0.706860706860707,339.293139293139,0.792708333333333,761,600,840,70200,0.740458015267176,1066.25954198473,0.758835758835759,364.241164241164,0.73125,702,900,900,52440,0.78764746703678,1134.21235253296,0.735966735966736,353.264033264033,0.813541666666667,781,120,540,57480,0.754337265787648,1086.24566273421,0.731808731808732,351.268191268191,0.765625,735,60,540,36600,0.707147814018043,1018.29285218598,0.534303534303534,256.465696465697,0.79375,762,28.6666666666667,15.9186046511628,43.6666666666667,21.1145038167939
"2026-03-21 09:00:00|Monitor44.txt|10",10,"2026-03-21 09:00:00|Monitor44.txt",2026-03-21T09:00:00Z,2026-03-27T09:30:00Z,"OK","M","DGRP391","21.5C","Winter","NA","08:12","M44","Batch26_DGRP",0.626200671218609,901.728966554797,0.236723359944464,113.627212773343,0.821006944444445,788.166666666667,0,4320,37920,0.696044413601666,1002.3039555864,0.345114345114345,165.654885654886,0.871875,837,1080,2040,39360,0.589868147120056,849.41013185288,0.170478170478171,81.8295218295218,0.8,768,300,780,36180,0.628730048577377,905.371269951423,0.22037422037422,105.779625779626,0.833333333333333,800,300,660,41220,0.601665510062457,866.398334489938,0.162162162162162,77.8378378378378,0.821875,789,0,720,41040,0.61970853573907,892.380291464261,0.239085239085239,114.760914760915,0.810416666666667,778,0,960,38880,0.621790423317141,895.378209576683,0.288981288981289,138.711018711019,0.788541666666667,757,21,23.1825396825397,43.6666666666667,20.8625954198473
"2026-03-21 09:00:00|Monitor44.txt|11",11,"2026-03-21 09:00:00|Monitor44.txt",2026-03-21T09:00:00Z,2026-03-27T09:30:00Z,"OK","M","DGRP391","21.5C","Winter","NA","08:12","M44","Batch26_DGRP",0.78787177410022,1134.53535470432,0.772648385977091,370.871225269004,0.795486111111111,763.666666666667,0,3300,77700,0.823733518390007,1186.17626648161,0.79002079002079,379.209979209979,0.840625,807,5280,6720,15900,0.773768216516308,1114.22623178348,0.983367983367983,472.016632016632,0.66875,642,660,1680,81420,0.800138792505205,1152.19986120749,0.719334719334719,345.280665280665,0.840625,807,3720,300,47100,0.825815405968078,1189.17418459403,0.762993762993763,366.237006237006,0.857291666666667,823,120,4140,37800,0.768216516308119,1106.23178348369,0.735966735966736,353.264033264033,0.784375,753,960,3240,40020,0.73560027758501,1059.26439972241,0.644490644490645,309.355509355509,0.78125,750,23,19.3260869565217,30.3333333333333,31.3406593406593
"2026-03-21 09:00:00|Monitor44.txt|12",12,"2026-03-21 09:00:00|Monitor44.txt",2026-03-21T09:00:00Z,2026-03-27T09:30:00Z,"OK","M","DGRP391","21.5C","Winter","NA","08:12","M44","Batch26_DGRP",0.445897465571114,642.092350422405,0.255119750086775,122.457480041652,0.541319444444445,519.666666666667,0,2400,53400,0.621790423317141,895.378209576683,0.642411642411642,308.357588357588,0.611458333333333,587,540,1380,38760,0.482303955586398,694.517696044414,0.338877338877339,162.661122661123,0.554166666666667,532,60,360,68280,0.41707147814018,600.58292852186,0.151767151767152,72.8482328482329,0.55,528,0,1020,44940,0.474670367800139,683.5253296322,0.170478170478171,81.8295218295218,0.627083333333333,602,720,720,38400,0.352532963219986,507.64746703678,0.0935550935550936,44.9064449064449,0.482291666666667,463,3000,420,69300,0.326856349757113,470.673143650243,0.135135135135135,64.8648648648649,0.422916666666667,406,21.6666666666667,22.1384615384615,56,16.5267857142857
"2026-03-21 09:00:00|Monitor44.txt|13",13,"2026-03-21 09:00:00|Monitor44.txt",2026-03-21T09:00:00Z,2026-03-27T09:30:00Z,"OK","M","DGRP391","21.5C","Winter","NA","08:12","M44","Batch26_DGRP",0.632681402615438,911.061219766231,0.489066296424853,234.751822283929,0.704513888888889,676.333333333333,0,3000,42960,0.668979875086745,963.331020124913,0.648648648648649,311.351351351351,0.679166666666667,652,180,1740,75660,0.649548924358085,935.350451075642,0.58004158004158,278.419958419958,0.684375,657,0,2580,71580,0.552394170714781,795.447605829285,0.422037422037422,202.577962577963,0.617708333333333,593,840,1380,61440,0.607911172796669,875.392088827203,0.397089397089397,190.602910602911,0.713541666666667,685,420,2940,44760,0.655794587092297,944.344205412908,0.386694386694387,185.613305613306,0.790625,759,900,540,37200,0.662040249826509,953.337959750174,0.503118503118503,241.496881496882,0.741666666666667,712,32.8333333333333,14.1218274111675,53.5,17.0903426791277
"2026-03-21 09:00:00|Monitor44.txt|15",15,"2026-03-21 09:00:00|Monitor44.txt",2026-03-21T09:00:00Z,2026-03-27T09:30:00Z,"OK","M","DGRP391","21.5C","Winter","NA","08:12","M44","Batch26_DGRP",0.233653512324962,336.461057747946,0.146476917736897,70.3089205137105,0.277256944444444,266.166666666667,0,2580,69540,0.320610687022901,461.679389312977,0.297297297297297,142.702702702703,0.332291666666667,319,1080,540,75660,0.192227619708536,276.807772380291,0.162162162162162,77.8378378378378,0.207291666666667,199,180,300,61200,0.188757807078418,271.811242192922,0.137214137214137,65.8627858627859,0.214583333333333,206,4800,480,60060,0.186675919500347,268.8133240805,0.0748440748440749,35.9251559251559,0.242708333333333,233,480,420,70200,0.269951422623178,388.730048577377,0.101871101871102,48.8981288981289,0.354166666666667,340,60,540,55980,0.243580846634282,350.756419153366,0.106029106029106,50.8939708939709,0.3125,300,17,27.5392156862745,41.5,23.2570281124498
"2026-03-21 09:00:00|Monitor44.txt|16",16,"2026-03-21 09:00:00|Monitor44.txt",2026-03-21T09:00:00Z,2026-03-27T09:30:00Z,"OK","M","DGRP391","21.5C","Winter","NA","08:12","M44","Batch26_DGRP",0.682212706862632,982.38629788219,0.637972926067338,306.227004512322,0.704340277777778,676.166666666667,0,4320,79200,0.507286606523248,730.492713393477,0.652806652806653,313.347193347193,0.434375,417,60,4320,66240,0.702984038861901,1012.29701596114,0.738045738045738,354.261954261954,0.685416666666667,658,2760,1440,66420,0.598195697432339,861.401804302568,0.536382536382536,257.463617463618,0.629166666666667,604,2820,1380,68580,0.738376127689105,1063.26162387231,0.56964656964657,273.430353430353,0.822916666666667,790,420,960,76560,0.786953504510756,1133.21304649549,0.686070686070686,329.313929313929,0.8375,804,1440,3060,55200,0.759195003469813,1093.24080499653,0.644490644490645,309.355509355509,0.816666666666667,784,31.1666666666667,14.4385026737968,33.1666666666667,28.7889447236181
"2026-03-21 09:00:00|Monitor44.txt|17",17,"2026-03-21 09:00:00|Monitor44.txt",2026-03-21T09:00:00Z,2026-03-27T09:30:00Z,"OK","M","DGRP391","21.5C","Winter","NA","08:12","M44","Batch26_DGRP",0.43906955213517,632.260155074644,0.68552585907671,329.052412356821,0.315798611111111,303.166666666667,0,720,27000,0.501734906315059,722.498265093685,0.713097713097713,342.286902286902,0.395833333333333,380,1620,360,24480,0.336571825121443,484.663428174879,0.555093555093555,266.444906444906,0.227083333333333,218,1140,300,12420,0.359472588480222,517.64052741152,0.634095634095634,304.365904365904,0.221875,213,420,300,39480,0.421235253296322,606.578764746704,0.654885654885655,314.345114345114,0.304166666666667,292,180,420,50280,0.440666204024983,634.559333795975,0.733887733887734,352.266112266112,0.29375,282,300,420,7680,0.574600971547536,827.425399028452,0.819126819126819,393.180873180873,0.452083333333333,434,33.5,13.1393034825871,47,20.1063829787234
"2026-03-21 09:00:00|Monitor44.txt|18",18,"2026-03-21 09:00:00|Monitor44.txt",2026-03-21T09:00:00Z,2026-03-27T09:30:00Z,"OK","M","DGRP391","21.5C","Winter","NA","08:12","M44","Batch26_DGRP",0.305751649114686,440.282374725148,0.0721971537660535,34.6546338077057,0.422569444444444,405.666666666667,0,1080,73140,0.29146426092991,419.70853573907,0.178794178794179,85.8212058212058,0.347916666666667,334,1380,960,43620,0.309507286606523,445.690492713393,0.112266112266112,53.8877338877339,0.408333333333333,392,7620,300,45180,0.28174878556558,405.718251214434,0.0353430353430353,16.964656964657,0.405208333333333,389,1440,420,46500,0.343511450381679,494.656488549618,0.0706860706860707,33.9293139293139,0.480208333333333,461,30180,300,41880,0.283136710617627,407.716863289382,0.00415800415800416,1.995841995842,0.422916666666667,406,2160,420,43020,0.326856349757113,470.673143650243,0.0395010395010395,18.960498960499,0.470833333333333,452,7,76.7857142857143,41.8333333333333,21.2191235059761
"2026-03-21 09:00:00|Monitor44.txt|19",19,"2026-03-21 09:00:00|Monitor44.txt",2026-03-21T09:00:00Z,2026-03-27T09:30:00Z,"OK","M","DGRP391","21.5C","Winter","NA","08:12","M44","Batch26_DGRP",0.334104848975813,481.110982525171,0.20617841027421,98.965636931621,0.398090277777778,382.166666666667,60,300,38760,0.215128383067314,309.784871616933,0.340956340956341,163.659043659044,0.152083333333333,146,16140,300,20820,0.133934767522554,192.866065232477,0.245322245322245,117.754677754678,0.078125,75,18480,540,40560,0.267175572519084,384.732824427481,0.22037422037422,105.779625779626,0.290625,279,22020,300,52920,0.409437890353921,589.590562109646,0.0374220374220374,17.962577962578,0.595833333333333,572,21180,540,49200,0.448993754337266,646.551006245663,0.137214137214137,65.8627858627859,0.605208333333333,581,12720,600,66360,0.529493407356003,762.470506592644,0.255717255717256,122.744282744283,0.666666666666667,640,16.3333333333333,19.8469387755102,32.6666666666667,33.3214285714286
"2026-03-21 09:00:00|Monitor44.txt|20",20,"2026-03-21 09:00:00|Monitor44.txt",2026-03-21T09:00:00Z,2026-03-27T09:30:00Z,"OK","M","DGRP391","21.5C","Winter","NA","08:12","M44","Batch26_DGRP",0.537322069204953,773.743779655133,0.364109684137452,174.772648385977,0.623958333333333,599,0,900,76380,0.590562109646079,850.409437890354,0.607068607068607,291.392931392931,0.582291666666667,559,1680,720,68940,0.471894517696044,679.528105482304,0.278586278586279,133.721413721414,0.56875,546,120,600,57240,0.458709229701596,660.541290770298,0.345114345114345,165.654885654886,0.515625,495,1200,900,51420,0.528105482303956,760.471894517696,0.282744282744283,135.717255717256,0.651041666666667,625,360,1020,39240,0.553782095766829,797.446217904233,0.266112266112266,127.733887733888,0.697916666666667,670,540,2100,53220,0.620402498265094,893.379597501735,0.405405405405405,194.594594594595,0.728125,699,33.1666666666667,14.1507537688442,59.8333333333333,15.5738161559889
"2026-03-21 09:00:00|Monitor44.txt|21",21,"2026-03-21 09:00:00|Monitor44.txt",2026-03-21T09:00:00Z,2026-03-27T09:30:00Z,"OK","M","DGRP391","21.5C","Winter","NA","08:12","M44","Batch26_DGRP",0.705242448790649,1015.54912625853,0.757723012842763,363.707046164526,0.678993055555556,651.833333333333,0,2100,60840,0.702984038861901,1012.29701596114,0.765072765072765,367.234927234927,0.671875,645,4680,420,52080,0.680777238029147,980.319222761971,0.812889812889813,390.18711018711,0.614583333333333,590,300,2880,74340,0.75086745315753,1081.24913254684,0.767151767151767,368.232848232848,0.742708333333333,713,120,2820,65160,0.695350451075642,1001.30464954892,0.754677754677755,362.245322245322,0.665625,639,2040,2280,56700,0.693268563497571,998.306731436502,0.62993762993763,302.370062370062,0.725,696,720,1860,73920,0.709229701596114,1021.2907702984,0.819126819126819,393.180873180873,0.654166666666667,628,29.5,15.2881355932203,37,25.6351351351352
"2026-03-21 09:00:00|Monitor44.txt|22",22,"2026-03-21 09:00:00|Monitor44.txt",2026-03-21T09:00:00Z,2026-03-27T09:30:00Z,"OK","M","DGRP391","21.5C","Winter","NA","08:12","M44","Batch26_DGRP",0.869691007985187,1252.35505149867,0.86463033668865,415.022561610552,0.872222222222222,837.333333333333,0,720,51780,0.845246356696739,1217.1547536433,0.9002079002079,432.099792099792,0.817708333333333,785,5280,2220,66960,0.922970159611381,1329.07702984039,0.904365904365904,434.095634095634,0.932291666666667,895,3420,1200,67200,0.900763358778626,1297.09923664122,0.88981288981289,427.110187110187,0.90625,870,0,2280,13680,0.852185981956975,1227.14781401804,0.864864864864865,415.135135135135,0.845833333333333,812,3060,1260,84960,0.844552394170715,1216.15544760583,0.8004158004158,384.199584199584,0.866666666666667,832,3720,540,67800,0.852879944482998,1228.14712005552,0.829521829521829,398.170478170478,0.864583333333333,830,16,28.1354166666667,31.6666666666667,30.0052631578947
"2026-03-21 09:00:00|Monitor44.txt|23",23,"2026-03-21 09:00:00|Monitor44.txt",2026-03-21T09:00:00Z,2026-03-27T09:30:00Z,"OK","M","DGRP391","21.5C","Winter","NA","08:12","M44","Batch26_DGRP",0.374262238166879,538.937622960306,0.232905241235682,111.794515793127,0.444965277777778,427.166666666667,840,3360,79560,0.384455239417072,553.615544760583,0.345114345114345,165.654885654886,0.404166666666667,388,2640,1560,81480,0.333102012491326,479.666897987509,0.193347193347193,92.8066528066528,0.403125,387,840,540,67740,0.359472588480222,517.64052741152,0.24948024948025,119.75051975052,0.414583333333333,398,300,420,84840,0.400416377515614,576.599583622484,0.224532224532225,107.775467775468,0.488541666666667,469,2280,1500,73980,0.353920888272033,509.646079111728,0.201663201663202,96.7983367983368,0.430208333333333,413,1320,1080,61140,0.415683553088133,598.584316446912,0.189189189189189,90.8108108108108,0.529166666666667,508,19.3333333333333,24.2241379310345,38.5,24.6277056277056
"2026-03-21 09:00:00|Monitor44.txt|24",24,"2026-03-21 09:00:00|Monitor44.txt",2026-03-21T09:00:00Z,2026-03-27T09:30:00Z,"OK","M","DGRP391","21.5C","Winter","NA","08:12","M44","Batch26_DGRP",0.390232611966208,561.934961231339,0.309961818812912,148.781673030198,0.430381944444444,413.166666666667,480,660,70260,0.522553782095767,752.477446217904,0.532224532224532,255.467775467776,0.517708333333333,497,8100,480,37500,0.319916724496877,460.680083275503,0.253638253638254,121.746361746362,0.353125,339,13860,300,27900,0.249826509368494,359.750173490632,0.195426195426195,93.8045738045738,0.277083333333333,266,3060,480,63780,0.326856349757113,470.673143650243,0.224532224532225,107.775467775468,0.378125,363,60,660,65100,0.438584316446912,631.561415683553,0.330561330561331,158.669438669439,0.492708333333333,473,1140,300,70680,0.483691880638446,696.516308119362,0.324324324324324,155.675675675676,0.563541666666667,541,26,16.6217948717949,58.6666666666667,16.6846590909091
"2026-03-21 09:00:00|Monitor44.txt|25",25,"2026-03-21 09:00:00|Monitor44.txt",2026-03-21T09:00:00Z,2026-03-27T09:30:00Z,"OK","M","DGRP391","21.5C","Winter","NA","08:12","M44","Batch26_DGRP",0.525517879875014,756.745747020021,0.408538701839639,196.098576883027,0.584027777777778,560.666666666667,0,1020,69600,0.666204024982651,959.333795975017,0.621621621621622,298.378378378378,0.688541666666667,661,180,600,40380,0.514920194309507,741.485079805691,0.486486486486487,233.513513513514,0.529166666666667,508,240,900,34380,0.464954892435809,669.535045107564,0.372141372141372,178.627858627859,0.511458333333333,491,780,600,41460,0.564885496183206,813.435114503817,0.48024948024948,230.519750519751,0.607291666666667,583,600,600,66000,0.421929215822346,607.578070784178,0.178794178794179,85.8212058212058,0.54375,522,1200,480,71400,0.519083969465649,747.480916030534,0.30977130977131,148.690228690229,0.623958333333333,599,22,21.6590909090909,66,13.7247474747475
"2026-03-21 09:00:00|Monitor44.txt|26",26,"2026-03-21 09:00:00|Monitor44.txt",2026-03-21T09:00:00Z,2026-03-27T09:30:00Z,"OK","M","DGRP391","21.5C","Winter","NA","08:12","M44","Batch26_DGRP",0.564865177641477,813.405855803726,0.243318292259632,116.792780284623,0.725694444444445,696.666666666667,0,360,47100,0.572519083969466,824.427480916031,0.351351351351351,168.648648648649,0.683333333333333,656,480,420,43920,0.55794587092297,803.442054129077,0.297297297297297,142.702702702703,0.688541666666667,661,300,1380,44280,0.510756419153366,735.489243580847,0.174636174636175,83.8253638253639,0.679166666666667,652,1020,660,45180,0.583622484385843,840.416377515614,0.203742203742204,97.7962577962578,0.773958333333333,743,180,1260,43500,0.542678695350451,781.45732130465,0.237006237006237,113.762993762994,0.695833333333333,668,0,300,46260,0.621096460791117,894.378903539209,0.197505197505198,94.8024948024948,0.833333333333333,800,22.6666666666667,21.2426470588235,60.5,14.7190082644628
"2026-03-21 09:00:00|Monitor44.txt|27",27,"2026-03-21 09:00:00|Monitor44.txt",2026-03-21T09:00:00Z,2026-03-27T09:30:00Z,"OK","M","DGRP391","21.5C","Winter","NA","08:12","M44","Batch26_DGRP",0.653280870269645,940.724453188288,0.481082957306491,230.919819507116,0.739409722222222,709.833333333333,60,4020,60,0.664816099930604,957.335183900069,0.540540540540541,259.459459459459,0.727083333333333,698,720,780,75780,0.672449687716863,968.327550312283,0.496881496881497,238.503118503119,0.760416666666667,730,300,1260,63480,0.604441360166551,870.395558639834,0.413721413721414,198.586278586279,0.7,672,960,600,72480,0.666897987508675,960.333102012491,0.501039501039501,240.498960498961,0.75,720,960,1020,41400,0.621096460791117,894.378903539209,0.449064449064449,215.550935550936,0.707291666666667,679,420,1560,38820,0.6911866759195,995.30881332408,0.490644490644491,235.509355509356,0.791666666666667,760,36.5,12.5570776255708,60.1666666666667,15.0360110803324
"2026-03-21 09:00:00|Monitor44.txt|28",28,"2026-03-21 09:00:00|Monitor44.txt",2026-03-21T09:00:00Z,2026-03-27T09:30:00Z,"OK","M","DGRP391","21.5C","Winter","NA","08:12","M44","Batch26_DGRP",0.374377965513251,539.104270339081,0.383200277681361,183.936133287053,0.369965277777778,355.166666666667,0,4200,82200,0.418459403192228,602.581540596808,0.46985446985447,225.530145530146,0.392708333333333,377,1620,2040,42180,0.32824427480916,472.671755725191,0.384615384615385,184.615384615385,0.3,288,1860,300,73500,0.421929215822346,607.578070784178,0.403326403326403,193.596673596674,0.43125,414,480,780,65820,0.410131852879944,590.58986814712,0.372141372141372,178.627858627859,0.429166666666667,412,2580,720,78240,0.319916724496877,460.680083275503,0.307692307692308,147.692307692308,0.326041666666667,313,540,300,43860,0.349757113115892,503.650242886884,0.367983367983368,176.632016632017,0.340625,327,27.1666666666667,17.4723926380368,41,22.9959349593496
"2026-03-21 09:00:00|Monitor44.txt|29",29,"2026-03-21 09:00:00|Monitor44.txt",2026-03-21T09:00:00Z,2026-03-27T09:30:00Z,"OK","M","DGRP391","21.5C","Winter","NA","08:12","M44","Batch26_DGRP",0.432936002777456,623.427843999537,0.279763970843457,134.286706004859,0.509548611111111,489.166666666667,11160,540,73260,0.405968077723803,584.594031922276,0.330561330561331,158.669438669439,0.44375,426,300,360,21360,0.672449687716863,968.327550312283,0.700623700623701,336.299376299376,0.658333333333333,632,420,600,54900,0.512144344205413,737.487855655795,0.278586278586279,133.721413721414,0.629166666666667,604,180,360,45240,0.344899375433727,496.655100624566,0.141372141372141,67.8586278586279,0.446875,429,2160,360,67560,0.3705759888966,533.629424011104,0.170478170478171,81.8295218295218,0.470833333333333,452,0,300,52920,0.292852185981957,421.707147814018,0.0623700623700624,29.9376299376299,0.408333333333333,392,21.8333333333333,26.4503816793893,55.6666666666667,14.6137724550898
"2026-03-21 09:00:00|Monitor44.txt|30",30,"2026-03-21 09:00:00|Monitor44.txt",2026-03-21T09:00:00Z,2026-03-27T09:30:00Z,"OK","M","DGRP391","21.5C","Winter","NA","08:12","M44","Batch26_DGRP",0.397291980094896,572.100451336651,0.327316903852829,157.112113849358,0.432291666666667,415,60,1080,83220,0.628730048577377,905.371269951423,0.553014553014553,265.446985446986,0.666666666666667,640,2100,960,81300,0.425399028452464,612.574600971548,0.397089397089397,190.602910602911,0.439583333333333,422,780,540,44220,0.396946564885496,571.603053435115,0.216216216216216,103.783783783784,0.4875,468,600,300,68400,0.344899375433727,496.655100624566,0.172557172557173,82.8274428274428,0.43125,414,360,720,57360,0.294240111034004,423.705759888966,0.295218295218295,141.704781704782,0.29375,282,600,300,47520,0.293546148507981,422.706453851492,0.330561330561331,158.669438669439,0.275,264,28.1666666666667,17.1005917159763,63.8333333333333,14.5169712793734
"2026-03-21 09:00:00|Monitor44.txt|31",31,"2026-03-21 09:00:00|Monitor44.txt",2026-03-21T09:00:00Z,2026-03-27T09:30:00Z,"OK","M","DGRP391","21.5C","Winter","NA","08:12","M44","Batch26_DGRP",0.629093854877908,905.895151024187,0.472058313085734,226.587990281152,0.707638888888889,679.333333333333,1380,840,65340,0.46911866759195,675.530881332408,0.343035343035343,164.656964656965,0.532291666666667,511,2460,1740,26460,0.537820957668286,774.462179042332,0.428274428274428,205.571725571726,0.592708333333333,569,240,1320,69600,0.553782095766829,797.446217904233,0.30977130977131,148.690228690229,0.676041666666667,649,60,420,86280,0.684247050659264,985.315752949341,0.507276507276507,243.492723492724,0.772916666666667,742,3540,900,70980,0.761276891047884,1096.23872310895,0.627858627858628,301.372141372141,0.828125,795,240,3960,68100,0.768216516308119,1106.23178348369,0.617463617463617,296.382536382536,0.84375,810,30.6666666666667,15.375,47.3333333333333,19.6514084507042
"2026-03-21 09:00:00|Monitor44.txt|32",32,"2026-03-21 09:00:00|Monitor44.txt",2026-03-21T09:00:00Z,2026-03-27T09:30:00Z,"OK","M","DGRP391","21.5C","Winter","NA","08:12","M44","Batch26_DGRP",0.308644832773985,444.448559194538,0.360291565428671,172.939951405762,0.2828125,271.5,0,360,420,0.263705759888966,379.736294240111,0.478170478170478,229.52182952183,0.15625,150,960,420,47760,0.319222761970854,459.680777238029,0.305613305613306,146.694386694387,0.326041666666667,313,1080,360,17400,0.307425399028452,442.692574600972,0.311850311850312,149.68814968815,0.305208333333333,293,3840,300,21780,0.304649548924358,438.695350451076,0.291060291060291,139.70893970894,0.311458333333333,299,600,360,13920,0.37265787647467,536.627342123525,0.428274428274428,205.571725571726,0.344791666666667,331,840,960,16260,0.283136710617627,407.716863289382,0.343035343035343,164.656964656965,0.253125,243,30,15.0666666666667,54.3333333333333,17.7269938650307
"2026-03-21 09:00:00|Monitor45.txt|01",1,"2026-03-21 09:00:00|Monitor45.txt",2026-03-21T09:00:00Z,2026-03-27T09:30:00Z,"OK","M","DGRP491","21.5C","Winter","NA","08:12","M45","Batch26_DGRP",0.684180071750955,985.219303321375,0.673377299548768,323.221103783409,0.689583333333333,662,4620,420,41940,0.688410825815406,991.311589174185,0.540540540540541,259.459459459459,0.7625,732,4920,6840,39840,0.759195003469813,1093.24080499653,0.810810810810811,389.189189189189,0.733333333333333,704,1200,720,60840,0.714781401804303,1029.2852185982,0.688149688149688,330.31185031185,0.728125,699,5220,660,39120,0.680083275503123,979.319916724497,0.61954261954262,297.380457380457,0.710416666666667,682,960,300,42300,0.698126301179736,1005.30187369882,0.692307692307692,332.307692307692,0.701041666666667,673,1800,420,15540,0.562803608605135,810.437196391395,0.683991683991684,328.316008316008,0.502083333333333,482,21.8333333333333,20.0229007633588,31.8333333333333,30.6387434554974
"2026-03-21 09:00:00|Monitor45.txt|02",2,"2026-03-21 09:00:00|Monitor45.txt",2026-03-21T09:00:00Z,2026-03-27T09:30:00Z,"OK","M","DGRP491","21.5C","Winter","NA","08:12","M45","Batch26_DGRP",0.838676079157505,1207.69355398681,0.90836515098924,436.015272474835,0.803819444444445,771.666666666667,4560,3660,41340,0.794587092297016,1144.2054129077,0.742203742203742,356.257796257796,0.820833333333333,788,2100,2220,37620,0.863289382373352,1243.13671061763,0.896049896049896,430.10395010395,0.846875,813,300,780,36960,0.942401110340042,1357.05759888966,0.977130977130977,469.022869022869,0.925,888,120,2880,3060,0.82234559333796,1184.17765440666,0.991683991683992,476.008316008316,0.7375,708,960,300,3240,0.793893129770992,1143.20610687023,0.935550935550936,449.064449064449,0.722916666666667,694,0,480,41100,0.814018043025677,1172.18598195697,0.902286902286902,433.097713097713,0.769791666666667,739,7.5,69.4666666666667,20.5,43.6341463414634
"2026-03-21 09:00:00|Monitor45.txt|03",3,"2026-03-21 09:00:00|Monitor45.txt",2026-03-21T09:00:00Z,2026-03-27T09:30:00Z,"OK","M","DGRP491","21.5C","Winter","NA","08:12","M45","Batch26_DGRP",0.690313621108668,994.051614396482,0.800763623741756,384.366539396043,0.635069444444445,609.666666666667,660,660,19320,0.705759888965996,1016.29424011103,0.829521829521829,398.170478170478,0.64375,618,960,360,41820,0.687022900763359,989.312977099237,0.798336798336798,383.201663201663,0.63125,606,960,420,55260,0.710617626648161,1023.28938237335,0.735966735966736,353.264033264033,0.697916666666667,670,660,600,3900,0.803608605135323,1157.19639139486,0.916839916839917,440.08316008316,0.746875,717,480,360,9300,0.671061762664816,966.328938237335,0.862785862785863,414.137214137214,0.575,552,1740,360,73980,0.563497571131159,811.436502428869,0.659043659043659,316.340956340956,0.515625,495,23,20.2391304347826,47.3333333333333,19.7640845070423
"2026-03-21 09:00:00|Monitor45.txt|04",4,"2026-03-21 09:00:00|Monitor45.txt",2026-03-21T09:00:00Z,2026-03-27T09:30:00Z,"OK","M","DGRP491","21.5C","Winter","NA","08:12","M45","Batch26_DGRP",0.760097210970952,1094.53998379817,0.642832349878515,308.559527941687,0.81875,786,0,300,61680,0.720333102012491,1037.27966689799,0.550935550935551,264.449064449064,0.805208333333333,773,600,1740,56100,0.775156141568355,1116.22484385843,0.659043659043659,316.340956340956,0.833333333333333,800,120,1440,50940,0.781401804302568,1125.2185981957,0.69022869022869,331.309771309771,0.827083333333333,794,600,360,46560,0.799444829979181,1151.20055517002,0.72972972972973,350.27027027027,0.834375,801,0,360,49980,0.7529493407356,1084.24705065926,0.646569646569647,310.35343035343,0.80625,774,360,1620,46680,0.730742539902845,1052.2692574601,0.58004158004158,278.419958419958,0.80625,774,31.5,14.952380952381,38.3333333333333,23.9652173913043
"2026-03-21 09:00:00|Monitor45.txt|05",5,"2026-03-21 09:00:00|Monitor45.txt",2026-03-21T09:00:00Z,2026-03-27T09:30:00Z,"OK","M","DGRP491","21.5C","Winter","NA","08:12","M45","Batch26_DGRP",0.648073139682907,933.225321143386,0.643179451579313,308.72613675807,0.650520833333333,624.5,720,720,45900,0.750173490631506,1080.24982650937,0.752598752598753,361.247401247401,0.748958333333333,719,4200,1560,40020,0.638445523941707,919.361554476058,0.659043659043659,316.340956340956,0.628125,603,360,1860,45600,0.755031228313671,1087.24496877169,0.817047817047817,392.182952182952,0.723958333333333,695,3540,1560,42240,0.650242886884108,936.349757113116,0.727650727650728,349.272349272349,0.611458333333333,587,60,360,37200,0.504510756419153,726.495489243581,0.326403326403326,156.673596673597,0.59375,570,2280,360,37980,0.589174184594032,848.410825815406,0.573804573804574,275.426195426195,0.596875,573,25.6666666666667,17.6883116883117,37.8333333333333,25.2599118942731
"2026-03-21 09:00:00|Monitor45.txt|06",6,"2026-03-21 09:00:00|Monitor45.txt",2026-03-21T09:00:00Z,2026-03-27T09:30:00Z,"OK","M","DGRP491","21.5C","Winter","NA","08:12","M45","Batch26_DGRP",0.792848049994214,1141.70119199167,0.836167997223186,401.36063866713,0.771180555555556,740.333333333333,4620,14880,61380,0.799444829979181,1151.20055517002,0.746361746361746,358.253638253638,0.826041666666667,793,4860,3360,8280,0.761276891047884,1096.23872310895,0.827442827442827,397.172557172557,0.728125,699,1440,2340,39180,0.855655794587092,1232.14434420541,0.931392931392931,447.068607068607,0.817708333333333,785,0,300,37200,0.829285218598196,1194.1707147814,0.904365904365904,434.095634095634,0.791666666666667,760,300,840,38940,0.779319916724497,1122.22068008328,0.79002079002079,379.209979209979,0.773958333333333,743,0,420,37560,0.730742539902845,1052.2692574601,0.812889812889813,390.18711018711,0.689583333333333,662,12,38.8055555555556,27.1666666666667,34.7852760736196
"2026-03-21 09:00:00|Monitor45.txt|07",7,"2026-03-21 09:00:00|Monitor45.txt",2026-03-21T09:00:00Z,2026-03-27T09:30:00Z,"OK","M","DGRP491","21.5C","Winter","NA","08:12","M45","Batch26_DGRP",0.637310496470316,917.727114917255,0.683790350572718,328.219368274905,0.6140625,589.5,0,780,46800,0.695350451075642,1001.30464954892,0.627858627858628,301.372141372141,0.729166666666667,700,1860,540,67200,0.662040249826509,953.337959750174,0.72972972972973,350.27027027027,0.628125,603,420,360,39000,0.721027064538515,1038.27897293546,0.673596673596674,323.326403326403,0.744791666666667,715,120,720,67860,0.614850798056905,885.385149201943,0.646569646569647,310.35343035343,0.598958333333333,575,2100,1140,27180,0.595419847328244,857.404580152672,0.769230769230769,369.230769230769,0.508333333333333,488,1080,900,58440,0.533657182512144,768.466342817488,0.650727650727651,312.349272349272,0.475,456,26.6666666666667,17.45625,41,22.609756097561
"2026-03-21 09:00:00|Monitor45.txt|08",8,"2026-03-21 09:00:00|Monitor45.txt",2026-03-21T09:00:00Z,2026-03-27T09:30:00Z,"OK","M","DGRP491","21.5C","Winter","NA","08:12","M45","Batch26_DGRP",0.638583497280407,919.560236083787,0.64387365498091,309.059354390837,0.6359375,610.5,2760,600,21360,0.702290076335878,1011.29770992366,0.694386694386694,333.305613305613,0.70625,678,360,360,43020,0.680083275503123,979.319916724497,0.719334719334719,345.280665280665,0.660416666666667,634,3900,300,45600,0.688410825815406,991.311589174185,0.696465696465697,334.303534303534,0.684375,657,360,360,46980,0.65440666204025,942.34559333796,0.652806652806653,313.347193347193,0.655208333333333,629,180,420,38760,0.625954198473283,901.374045801527,0.686070686070686,329.313929313929,0.595833333333333,572,1200,420,48000,0.47883414295628,689.521165857044,0.40956340956341,196.590436590437,0.513541666666667,493,36,12.4907407407407,55.3333333333333,16.8614457831325
"2026-03-21 09:00:00|Monitor45.txt|09",9,"2026-03-21 09:00:00|Monitor45.txt",2026-03-21T09:00:00Z,2026-03-27T09:30:00Z,"OK","M","DGRP491","21.5C","Winter","NA","08:12","M45","Batch26_DGRP",0.744358291864368,1071.87594028469,0.78132592849705,375.036445678584,0.725868055555556,696.833333333333,4560,1680,65400,0.680083275503123,979.319916724497,0.675675675675676,324.324324324324,0.682291666666667,655,1080,600,4740,0.762664816099931,1098.2373351839,0.858627858627859,412.141372141372,0.714583333333333,686,300,300,8220,0.800832755031228,1153.19916724497,0.927234927234927,445.072765072765,0.7375,708,2040,840,13980,0.769604441360167,1108.23039555864,0.837837837837838,402.162162162162,0.735416666666667,706,1080,1140,44940,0.739764052741152,1065.26023594726,0.798336798336798,383.201663201663,0.710416666666667,682,1440,300,38520,0.712005551700208,1025.2879944483,0.586278586278586,281.413721413721,0.775,744,17.8333333333333,26.1588785046729,38.6666666666667,24.1681034482759
"2026-03-21 09:00:00|Monitor45.txt|10",10,"2026-03-21 09:00:00|Monitor45.txt",2026-03-21T09:00:00Z,2026-03-27T09:30:00Z,"OK","M","DGRP491","21.5C","Winter","NA","08:12","M45","Batch26_DGRP",0.75581529915519,1088.37403078347,0.798333911836168,383.200277681361,0.734548611111111,705.166666666667,3660,360,54600,0.745315752949341,1073.25468424705,0.787941787941788,378.212058212058,0.723958333333333,695,60,540,9900,0.671061762664816,966.328938237335,0.696465696465697,334.303534303534,0.658333333333333,632,300,300,60660,0.734212352532963,1057.26578764747,0.760914760914761,365.239085239085,0.720833333333333,692,1200,360,41340,0.775850104094379,1117.22414989591,0.771309771309771,370.22869022869,0.778125,747,120,1020,53160,0.827897293546149,1192.17210270645,0.881496881496882,423.118503118503,0.801041666666667,769,840,660,11160,0.780013879250521,1123.21998612075,0.88981288981289,427.110187110187,0.725,696,18.8333333333333,25.1327433628319,36.3333333333333,25.4862385321101
"2026-03-21 09:00:00|Monitor45.txt|11",11,"2026-03-21 09:00:00|Monitor45.txt",2026-03-21T09:00:00Z,2026-03-27T09:30:00Z,"OK","M","DGRP491","21.5C","Winter","NA","08:12","M45","Batch26_DGRP",0.57574354820044,829.070709408633,0.667476570635196,320.388753904894,0.529861111111111,508.666666666667,0,420,11220,0.359472588480222,517.64052741152,0.544698544698545,261.455301455301,0.266666666666667,256,2640,300,23220,0.346287300485774,498.653712699514,0.53014553014553,254.469854469854,0.254166666666667,244,0,540,49080,0.595419847328244,857.404580152672,0.590436590436591,283.409563409563,0.597916666666667,574,780,540,43560,0.645385149201943,929.354614850798,0.702702702702703,337.297297297297,0.616666666666667,592,2040,420,42780,0.729354614850798,1050.27064538515,0.72972972972973,350.27027027027,0.729166666666667,700,0,420,56400,0.778625954198473,1121.2213740458,0.906444906444906,435.093555093555,0.714583333333333,686,24.1666666666667,19.3448275862069,42.8333333333333,22.0077821011673
"2026-03-21 09:00:00|Monitor45.txt|12",12,"2026-03-21 09:00:00|Monitor45.txt",2026-03-21T09:00:00Z,2026-03-27T09:30:00Z,"OK","M","DGRP491","21.5C","Winter","NA","08:12","M45","Batch26_DGRP",0.708598541835436,1020.38190024303,0.73967372440125,355.0433877126,0.693055555555556,665.333333333333,180,420,55560,0.603747397640527,869.39625260236,0.596673596673597,286.403326403326,0.607291666666667,583,2040,360,57480,0.759195003469813,1093.24080499653,0.837837837837838,402.162162162162,0.719791666666667,691,1380,1020,51840,0.700208188757807,1008.29979181124,0.846153846153846,406.153846153846,0.627083333333333,602,2220,420,39720,0.678695350451076,977.321304649549,0.723492723492724,347.276507276507,0.65625,630,900,300,64680,0.730742539902845,1052.2692574601,0.713097713097713,342.286902286902,0.739583333333333,710,120,420,60180,0.777238029146426,1119.22276197085,0.715176715176715,343.284823284823,0.808333333333333,776,26,17.6410256410256,39,24.1367521367521
"2026-03-21 09:00:00|Monitor45.txt|13",13,"2026-03-21 09:00:00|Monitor45.txt",2026-03-21T09:00:00Z,2026-03-27T09:30:00Z,"OK","M","DGRP491","21.5C","Winter","NA","08:12","M45","Batch26_DGRP",0.740886471473209,1066.87651892142,0.760846928149948,365.206525511975,0.730902777777778,701.666666666667,5160,1140,47880,0.766828591256072,1104.23317140874,0.727650727650728,349.272349272349,0.786458333333333,755,960,3240,4860,0.775850104094379,1117.22414989591,0.93970893970894,451.060291060291,0.69375,666,4260,660,38280,0.791117279666898,1139.20888272033,0.819126819126819,393.180873180873,0.777083333333333,746,1800,360,36600,0.820957668285913,1182.17904233171,0.893970893970894,429.106029106029,0.784375,753,360,1200,41520,0.734212352532963,1057.26578764747,0.725571725571726,348.274428274428,0.738541666666667,709,3120,420,73920,0.555170020818876,799.444829979181,0.455301455301455,218.544698544699,0.605208333333333,581,16.8333333333333,27.1287128712871,21,45.7698412698413
"2026-03-21 09:00:00|Monitor45.txt|14",14,"2026-03-21 09:00:00|Monitor45.txt",2026-03-21T09:00:00Z,2026-03-27T09:30:00Z,"OK","M","DGRP491","21.5C","Winter","NA","08:12","M45","Batch26_DGRP",0.627705126721444,903.89538247888,0.628948281846581,301.895175286359,0.627083333333333,602,0,1620,39960,0.678695350451076,977.321304649549,0.648648648648649,311.351351351351,0.69375,666,660,720,74580,0.605829285218598,872.394170714781,0.602910602910603,289.397089397089,0.607291666666667,583,1680,300,11940,0.698126301179736,1005.30187369882,0.762993762993763,366.237006237006,0.665625,639,360,300,42420,0.637751561415684,918.362248438584,0.698544698544699,335.301455301455,0.607291666666667,583,1800,300,40380,0.546842470506593,787.453157529494,0.465696465696466,223.534303534304,0.5875,564,660,420,48540,0.598195697432339,861.401804302568,0.592515592515593,284.407484407484,0.601041666666667,577,31.5,14.5555555555556,44.8333333333333,20.7546468401487
"2026-03-21 09:00:00|Monitor45.txt|15",15,"2026-03-21 09:00:00|Monitor45.txt",2026-03-21T09:00:00Z,2026-03-27T09:30:00Z,"OK","M","DGRP491","21.5C","Winter","NA","08:12","M45","Batch26_DGRP",0.626547853257725,902.228908691124,0.634849010760153,304.727525164873,0.622395833333333,597.5,0,1260,41220,0.776544066620403,1118.22345593338,0.762993762993763,366.237006237006,0.783333333333333,752,3660,540,10740,0.701596113809854,1010.29840388619,0.806652806652807,387.193347193347,0.648958333333333,623,1260,660,15420,0.650242886884108,936.349757113116,0.738045738045738,354.261954261954,0.60625,582,1440,360,60060,0.58292852185982,839.41707147814,0.604989604989605,290.39501039501,0.571875,549,60,360,41400,0.58292852185982,839.41707147814,0.604989604989605,290.39501039501,0.571875,549,4260,780,76320,0.463566967383761,667.536433032616,0.286902286902287,137.713097713098,0.552083333333333,530,20.3333333333333,23.2868852459016,31.1666666666667,30.2032085561497
"2026-03-21 09:00:00|Monitor45.txt|16",16,"2026-03-21 09:00:00|Monitor45.txt",2026-03-21T09:00:00Z,2026-03-27T09:30:00Z,"OK","M","DGRP491","21.5C","Winter","NA","08:12","M45","Batch26_DGRP",0.559888901747483,806.240018516376,0.487330787920861,233.918778202013,0.596180555555556,572.333333333333,0,540,43680,0.65440666204025,942.34559333796,0.577962577962578,277.422037422037,0.692708333333333,665,2880,1500,7200,0.749479528105482,1079.25052047189,0.781704781704782,375.218295218295,0.733333333333333,704,1200,480,36540,0.675919500346981,973.324080499653,0.681912681912682,327.318087318087,0.672916666666667,646,2400,1800,38700,0.680777238029147,980.319222761971,0.702702702702703,337.297297297297,0.669791666666667,643,13440,300,51000,0.243580846634282,350.756419153366,0.0727650727650728,34.9272349272349,0.329166666666667,316,15660,420,70320,0.355308813324081,511.644691186676,0.108108108108108,51.8918918918919,0.479166666666667,460,17.8333333333333,22.8878504672897,27.8333333333333,36.3293413173653
"2026-03-21 09:00:00|Monitor45.txt|17",17,"2026-03-21 09:00:00|Monitor45.txt",2026-03-21T09:00:00Z,2026-03-27T09:30:00Z,"OK","M","DGRP491","21.5C","Winter","NA","08:12","M45","Batch26_DGRP",0.804420784631408,1158.36592986923,0.791044776119403,379.701492537313,0.811111111111111,778.666666666667,60,1560,45660,0.808466342817488,1164.19153365718,0.796257796257796,382.203742203742,0.814583333333333,782,60,780,40440,0.77793199167245,1120.22206800833,0.812889812889813,390.18711018711,0.760416666666667,730,1440,540,38400,0.819569743233865,1180.18043025677,0.812889812889813,390.18711018711,0.822916666666667,790,3240,840,43140,0.792505204718945,1141.20749479528,0.733887733887734,352.266112266112,0.821875,789,840,1740,62700,0.820263705759889,1181.17973629424,0.777546777546778,373.222453222453,0.841666666666667,808,180,720,59880,0.807078417765441,1162.19292158223,0.810810810810811,389.189189189189,0.805208333333333,773,28.3333333333333,16.0941176470588,33,28.3787878787879
"2026-03-21 09:00:00|Monitor45.txt|18",18,"2026-03-21 09:00:00|Monitor45.txt",2026-03-21T09:00:00Z,2026-03-27T09:30:00Z,"OK","M","DGRP491","21.5C","Winter","NA","08:12","M45","Batch26_DGRP",0.683138525633607,983.719476912394,0.688302672683096,330.385282887886,0.680555555555556,653.333333333333,4260,2220,48600,0.682165163081194,982.317834836919,0.773388773388773,371.226611226611,0.636458333333333,611,2460,360,42540,0.682165163081194,982.317834836919,0.711018711018711,341.288981288981,0.667708333333333,641,120,420,57060,0.764052741151978,1100.23594725885,0.771309771309771,370.22869022869,0.760416666666667,730,420,480,48120,0.671061762664816,966.328938237335,0.548856548856549,263.451143451143,0.732291666666667,703,840,360,52380,0.593337959750174,854.40666204025,0.548856548856549,263.451143451143,0.615625,591,720,420,57600,0.704371963913949,1014.29562803609,0.771309771309771,370.22869022869,0.670833333333333,644,26.1666666666667,17.7643312101911,24.8333333333333,38.0872483221477
"2026-03-21 09:00:00|Monitor45.txt|19",19,"2026-03-21 09:00:00|Monitor45.txt",2026-03-21T09:00:00Z,2026-03-27T09:30:00Z,"OK","M","DGRP491","21.5C","Winter","NA","08:12","M45","Batch26_DGRP",0.693901168846198,999.217683138526,0.809788267962513,388.698368622006,0.6359375,610.5,2880,300,17820,0.721027064538515,1038.27897293546,0.823284823284823,395.176715176715,0.669791666666667,643,2820,1500,15000,0.709923664122137,1022.29007633588,0.893970893970894,429.106029106029,0.617708333333333,593,240,780,10500,0.691880638445524,996.308119361555,0.852390852390852,409.147609147609,0.611458333333333,587,300,960,56520,0.67175572519084,967.328244274809,0.74012474012474,355.259875259875,0.6375,612,2640,360,15720,0.668285912560722,962.331714087439,0.735966735966736,353.264033264033,0.634375,609,60,660,10500,0.699514226231784,1007.30048577377,0.808731808731809,388.191268191268,0.644791666666667,619,21,22.8571428571429,53.5,16.9283489096573
"2026-03-21 09:00:00|Monitor45.txt|20",20,"2026-03-21 09:00:00|Monitor45.txt",2026-03-21T09:00:00Z,2026-03-27T09:30:00Z,"OK","M","DGRP491","21.5C","Winter","NA","08:12","M45","Batch26_DGRP",0.782779770859854,1127.20287003819,0.772301284276293,370.704616452621,0.788020833333333,756.5,0,420,45300,0.625260235947259,900.374739764053,0.671517671517672,322.328482328482,0.602083333333333,578,240,480,62520,0.684941013185288,986.315058986815,0.700623700623701,336.299376299376,0.677083333333333,650,300,1260,57180,0.873698820263706,1258.12630117974,0.833679833679834,400.16632016632,0.89375,858,300,600,54060,0.874392782789729,1259.12560721721,0.814968814968815,391.185031185031,0.904166666666667,868,120,300,66480,0.820263705759889,1181.17973629424,0.814968814968815,391.185031185031,0.822916666666667,790,2580,1620,48840,0.816099930603748,1175.1839000694,0.792099792099792,380.2079002079,0.828125,795,30.5,15.3387978142077,44,20.7765151515152
"2026-03-21 09:00:00|Monitor45.txt|22",22,"2026-03-21 09:00:00|Monitor45.txt",2026-03-21T09:00:00Z,2026-03-27T09:30:00Z,"OK","M","DGRP491","21.5C","Winter","NA","08:12","M45","Batch26_DGRP",0.70825135979632,1019.8819581067,0.713293995140576,342.381117667477,0.705729166666667,677.5,900,420,56760,0.79736294240111,1148.2026370576,0.877338877338877,421.122661122661,0.757291666666667,727,1440,600,52380,0.691880638445524,996.308119361555,0.671517671517672,322.328482328482,0.702083333333333,674,4560,300,41760,0.688410825815406,991.311589174185,0.686070686070686,329.313929313929,0.689583333333333,662,4500,540,46920,0.695350451075642,1001.30464954892,0.677754677754678,325.322245322245,0.704166666666667,676,3780,420,43740,0.692574600971548,997.307425399029,0.72972972972973,350.27027027027,0.673958333333333,647,3180,960,46140,0.682859125607217,983.317140874393,0.634095634095634,304.365904365904,0.707291666666667,679,23.5,18.4609929078014,30.8333333333333,31.3405405405405
"2026-03-21 09:00:00|Monitor45.txt|23",23,"2026-03-21 09:00:00|Monitor45.txt",2026-03-21T09:00:00Z,2026-03-27T09:30:00Z,"OK","M","DGRP491","21.5C","Winter","NA","08:12","M45","Batch26_DGRP",0.620877213285499,894.063187131119,0.736202707393266,353.377299548768,0.563194444444445,540.666666666667,2100,300,12720,0.73560027758501,1059.26439972241,0.823284823284823,395.176715176715,0.691666666666667,664,420,600,66360,0.686328938237335,988.313671061763,0.862785862785863,414.137214137214,0.597916666666667,574,540,600,65820,0.560721721027065,807.439278278973,0.752598752598753,361.247401247401,0.464583333333333,446,300,420,66300,0.537126995142262,773.462873004858,0.617463617463617,296.382536382536,0.496875,477,960,660,68040,0.554476058292852,798.445523941707,0.501039501039501,240.498960498961,0.58125,558,420,720,68280,0.649548924358085,935.350451075642,0.854469854469854,410.14553014553,0.546875,525,27.5,16.7878787878788,43.1666666666667,21.6061776061776
"2026-03-21 09:00:00|Monitor45.txt|24",24,"2026-03-21 09:00:00|Monitor45.txt",2026-03-21T09:00:00Z,2026-03-27T09:30:00Z,"OK","M","DGRP491","21.5C","Winter","NA","08:12","M45","Batch26_DGRP",0.619025575743548,891.39682907071,0.626171468240194,300.562304755293,0.615451388888889,590.833333333333,3660,2580,46500,0.690492713393477,994.309507286606,0.673596673596674,323.326403326403,0.698958333333333,671,0,660,44100,0.6294240111034,906.370575988897,0.733887733887734,352.266112266112,0.577083333333333,554,1680,300,38460,0.632893823733518,911.367106176267,0.565488565488566,271.434511434512,0.666666666666667,640,300,360,44100,0.62734212352533,903.372657876475,0.760914760914761,365.239085239085,0.560416666666667,538,660,840,40260,0.526717557251908,758.473282442748,0.401247401247401,192.598752598753,0.589583333333333,566,660,480,65760,0.606523247744622,873.393476752255,0.61954261954262,297.380457380457,0.6,576,31,14.8333333333333,44,21.2651515151515
"2026-03-21 09:00:00|Monitor45.txt|25",25,"2026-03-21 09:00:00|Monitor45.txt",2026-03-21T09:00:00Z,2026-03-27T09:30:00Z,"OK","M","DGRP491","21.5C","Winter","NA","08:12","M45","Batch26_DGRP",0.722948732785557,1041.0461752112,0.735161402290871,352.877473099618,0.716840277777778,688.166666666667,2460,360,47160,0.742539902845246,1069.25746009715,0.758835758835759,364.241164241164,0.734375,705,960,600,4860,0.764052741151978,1100.23594725885,0.864864864864865,415.135135135135,0.713541666666667,685,1140,300,55140,0.77029840388619,1109.22970159611,0.750519750519751,360.24948024948,0.780208333333333,749,600,300,72360,0.673837612768911,970.326162387231,0.704781704781705,338.295218295218,0.658333333333333,632,180,1740,48120,0.670367800138792,965.329632199861,0.69022869022869,331.309771309771,0.660416666666667,634,480,360,42000,0.716863289382373,1032.28313671062,0.642411642411642,308.357588357588,0.754166666666667,724,25.8333333333333,18.2193548387097,47.8333333333333,19.4529616724739
"2026-03-21 09:00:00|Monitor45.txt|26",26,"2026-03-21 09:00:00|Monitor45.txt",2026-03-21T09:00:00Z,2026-03-27T09:30:00Z,"OK","M","DGRP491","21.5C","Winter","NA","08:12","M45","Batch26_DGRP",0.706978358986229,1018.04883694017,0.814994793474488,391.197500867754,0.652951388888889,626.833333333333,2400,600,11940,0.661346287300486,952.338653712699,0.810810810810811,389.189189189189,0.586458333333333,563,2460,300,24600,0.657182512144344,946.342817487856,0.814968814968815,391.185031185031,0.578125,555,3300,360,39540,0.714781401804303,1029.2852185982,0.758835758835759,364.241164241164,0.692708333333333,665,540,480,53580,0.732130464954892,1054.26786953505,0.8004158004158,384.199584199584,0.697916666666667,670,180,660,58800,0.702984038861901,1012.29701596114,0.812889812889813,390.18711018711,0.647916666666667,622,1860,420,37500,0.771686328938237,1111.22831367106,0.885654885654886,425.114345114345,0.714583333333333,686,23,19.3985507246377,47.8333333333333,19.4459930313589
"2026-03-21 09:00:00|Monitor45.txt|27",27,"2026-03-21 09:00:00|Monitor45.txt",2026-03-21T09:00:00Z,2026-03-27T09:30:00Z,"OK","M","DGRP491","21.5C","Winter","NA","08:12","M45","Batch26_DGRP",0.757666936697142,1091.04038884388,0.799375216938563,383.70010413051,0.736805555555556,707.333333333333,660,660,45180,0.768216516308119,1106.23178348369,0.869022869022869,417.130977130977,0.717708333333333,689,1380,1380,41040,0.763358778625954,1099.23664122137,0.858627858627859,412.141372141372,0.715625,687,420,360,40740,0.850104094378904,1224.14989590562,0.927234927234927,445.072765072765,0.811458333333333,779,2460,300,38880,0.779319916724497,1122.22068008328,0.758835758835759,364.241164241164,0.789583333333333,758,60,360,36960,0.759195003469813,1093.24080499653,0.758835758835759,364.241164241164,0.759375,729,60,540,38460,0.624566273421235,899.375433726579,0.61954261954262,297.380457380457,0.627083333333333,602,24.8333333333333,18.5369127516779,35,26.8333333333333
"2026-03-21 09:00:00|Monitor45.txt|28",28,"2026-03-21 09:00:00|Monitor45.txt",2026-03-21T09:00:00Z,2026-03-27T09:30:00Z,"OK","M","DGRP491","21.5C","Winter","NA","08:12","M45","Batch26_DGRP",0.700150445550284,1008.21664159241,0.740367927802846,355.376605345366,0.680034722222222,652.833333333333,0,360,43140,0.801526717557252,1154.19847328244,0.875259875259875,420.12474012474,0.764583333333333,734,300,360,54300,0.744621790423317,1072.25537820958,0.83991683991684,403.160083160083,0.696875,669,900,1920,43500,0.77793199167245,1120.22206800833,0.879417879417879,422.120582120582,0.727083333333333,698,1380,300,66060,0.568355308813324,818.431644691187,0.471933471933472,226.528066528067,0.616666666666667,592,240,1860,65160,0.643997224149896,927.35600277585,0.588357588357588,282.411642411642,0.671875,645,1320,1320,65520,0.662734212352533,954.337265787647,0.781704781704782,375.218295218295,0.603125,579,24.3333333333333,19.1780821917808,32,29.5104166666667
"2026-03-21 09:00:00|Monitor45.txt|29",29,"2026-03-21 09:00:00|Monitor45.txt",2026-03-21T09:00:00Z,2026-03-27T09:30:00Z,"OK","M","DGRP491","21.5C","Winter","NA","08:12","M45","Batch26_DGRP",0.706168267561625,1016.88230528874,0.820548420687261,393.863241929886,0.648958333333333,623,300,360,4740,0.786259541984733,1132.21374045802,0.904365904365904,434.095634095634,0.727083333333333,698,1620,300,6240,0.690492713393477,994.309507286606,0.858627858627859,412.141372141372,0.60625,582,1380,360,40320,0.770992366412214,1110.22900763359,0.854469854469854,410.14553014553,0.729166666666667,700,540,1380,20460,0.676613462873005,974.323386537127,0.829521829521829,398.170478170478,0.6,576,180,360,28740,0.682859125607217,983.317140874393,0.744282744282744,357.255717255717,0.652083333333333,626,1260,360,62760,0.6294240111034,906.370575988897,0.72972972972973,350.27027027027,0.579166666666667,556,22,21.4848484848485,50.3333333333333,18.135761589404
"2026-03-21 09:00:00|Monitor45.txt|30",30,"2026-03-21 09:00:00|Monitor45.txt",2026-03-21T09:00:00Z,2026-03-27T09:30:00Z,"OK","M","DGRP491","21.5C","Winter","NA","08:12","M45","Batch26_DGRP",0.788103228792964,1134.86864946187,0.79798681013537,383.033668864977,0.783159722222222,751.833333333333,4200,2340,41940,0.783483691880639,1128.21651630812,0.808731808731809,388.191268191268,0.770833333333333,740,1080,1020,37320,0.780707841776544,1124.21929215822,0.860706860706861,413.139293139293,0.740625,711,780,300,37500,0.824427480916031,1187.17557251908,0.883575883575884,424.116424116424,0.794791666666667,763,2520,840,38340,0.825815405968078,1189.17418459403,0.879417879417879,422.120582120582,0.798958333333333,767,360,840,36420,0.837612768910479,1206.16238723109,0.856548856548857,411.143451143451,0.828125,795,720,360,37020,0.675225537820958,972.324774462179,0.494802494802495,237.505197505198,0.765625,735,18,25.3981481481481,29,32.8620689655173
"2026-03-21 09:00:00|Monitor45.txt|31",31,"2026-03-21 09:00:00|Monitor45.txt",2026-03-21T09:00:00Z,2026-03-27T09:30:00Z,"OK","M","DGRP491","21.5C","Winter","NA","08:12","M45","Batch26_DGRP",0.630251128341627,907.561624811943,0.644220756681708,309.22596320722,0.623263888888889,598.333333333333,0,420,8700,0.677307425399028,975.322692574601,0.72972972972973,350.27027027027,0.651041666666667,625,240,1560,13620,0.68147120055517,981.318528799445,0.802494802494803,385.197505197505,0.620833333333333,596,3240,960,54120,0.710617626648161,1023.28938237335,0.702702702702703,337.297297297297,0.714583333333333,686,4680,300,38820,0.653712699514226,941.346287300486,0.677754677754678,325.322245322245,0.641666666666667,616,2880,840,65340,0.541290770298404,779.458709229702,0.496881496881497,238.503118503119,0.563541666666667,541,3780,540,56100,0.517002081887578,744.482997918113,0.455301455301455,218.544698544699,0.547916666666667,526,27.5,16.7818181818182,57.3333333333333,16.1773255813953
"2026-03-21 09:00:00|Monitor45.txt|32",32,"2026-03-21 09:00:00|Monitor45.txt",2026-03-21T09:00:00Z,2026-03-27T09:30:00Z,"OK","M","DGRP491","21.5C","Winter","NA","08:12","M45","Batch26_DGRP",0.738340469853026,1063.21027658836,0.700451232211038,336.216591461298,0.757291666666667,727,4320,600,61980,0.77793199167245,1120.22206800833,0.706860706860707,339.293139293139,0.813541666666667,781,1080,2640,39540,0.790423317140875,1138.20957668286,0.804573804573805,386.195426195426,0.783333333333333,752,300,540,3900,0.832755031228314,1199.16724496877,0.929313929313929,446.070686070686,0.784375,753,1500,780,67020,0.673837612768911,970.326162387231,0.509355509355509,244.490644490645,0.75625,726,360,480,53940,0.66412213740458,956.335877862595,0.638253638253638,306.361746361746,0.677083333333333,650,780,300,56880,0.689798750867453,993.310201249133,0.611226611226611,293.388773388773,0.729166666666667,700,28,16.5476190476191,37,25.3513513513514
