PCA_phenotype	comparison_phenotype	rho	paired_lines
"PCA_moving_centered_shape_PC1"	"ActivityContrast__State_D2_D6"	0.724512436715827	176
"PCA_moving_centered_shape_PC1"	"Harmonic12Amplitude__State_D2_D6"	0.70636803874092	176
"PCA_moving_centered_shape_PC1"	"DuskAnticipation__State_D2_D6"	0.567978176525395	173
"PCA_moving_centered_shape_PC1"	"EveningPeakAmplitude__State_D2_D6"	0.541620074840414	176
"PCA_moving_centered_shape_PC1"	"MovingDark__State_D2_D6"	0.463422848338103	176
"PCA_moving_centered_shape_PC1"	"TwoHarmonicR2__State_D2_D6"	0.441778560422628	176
"PCA_moving_centered_shape_PC1"	"LDInterdailyStability__State_D2_D6"	0.43966982170372	176
"PCA_moving_centered_shape_PC1"	"LD24hLagCorrelation__State_D2_D6"	0.434342945190403	176
"PCA_moving_centered_shape_PC1"	"OddEvenProfileCorrelation__State_D2_D6"	0.392958397534669	176
"PCA_moving_centered_shape_PC1"	"ActivityDark__State_D2_D6"	0.37481179837112	176
"PCA_moving_centered_shape_PC1"	"DuskResponse__State_D2_D6"	0.366327518340094	176
"PCA_moving_centered_shape_PC1"	"LightSleep__State_D2_D6"	0.350688972044904	176
"PCA_moving_centered_shape_PC1"	"DarkCoreMoving__State_D2_D6"	0.28636803874092	176
"PCA_moving_centered_shape_PC1"	"PWakeDark__State_D2_D6"	0.282621615672463	176
"PCA_moving_centered_shape_PC1"	"DawnAnticipation__D6_D1"	0.185584415584416	176
"PCA_moving_centered_shape_PC1"	"ActivityLight__D6_D1"	0.17370095967381	169
"PCA_moving_centered_shape_PC1"	"PWakeLight__D6_D1"	0.168487394957983	169
"PCA_moving_centered_shape_PC1"	"ActivityLight__Late2_Early2"	0.148371537964298	169
"PCA_moving_centered_shape_PC1"	"FragmentationLight__D6_D1"	0.142645815722739	169
"PCA_moving_centered_shape_PC1"	"PDozeDark__Late2_Early2"	0.130680167290337	176
"PCA_moving_centered_shape_PC1"	"DawnAnticipation__Late2_Early2"	0.121987673343606	176
"PCA_moving_centered_shape_PC1"	"PWakeLight__Late2_Early2"	0.117164735716772	169
"PCA_moving_centered_shape_PC1"	"PDozeDark__D6_D1"	0.104065595421528	176
"PCA_moving_centered_shape_PC1"	"FragmentationLight__Late2_Early2"	0.100113382702052	168
"PCA_moving_centered_shape_PC1"	"PDozeLight__D6_D1"	0.0976558071464644	167
"PCA_moving_centered_shape_PC1"	"PWakeDark__D6_D1"	0.0830574510235527	176
"PCA_moving_centered_shape_PC1"	"SleepAllocation__Late2_Early2"	0.0821416140420666	169
"PCA_moving_centered_shape_PC1"	"Harmonic24Amplitude__State_D2_D6"	0.0798106977767995	176
"PCA_moving_centered_shape_PC1"	"FragmentationDark__State_D2_D6"	0.0702751485802333	176
"PCA_moving_centered_shape_PC1"	"PWakeDark__Late2_Early2"	0.0607726172132952	176
"PCA_moving_centered_shape_PC1"	"LongestBoutDark__Late2_Early2"	0.0464758969843716	176
"PCA_moving_centered_shape_PC1"	"FragmentationDark__D6_D1"	0.0355976227162668	176
"PCA_moving_centered_shape_PC1"	"MovingLight__Late2_Early2"	0.0318432698523196	169
"PCA_moving_centered_shape_PC1"	"WakingActivityDark__State_D2_D6"	0.0314505833149901	176
"PCA_moving_centered_shape_PC1"	"SiestaMoving__D6_D1"	0.0275135668996914	169
"PCA_moving_centered_shape_PC1"	"DarkSleep__Late2_Early2"	0.0274202069117323	176
"PCA_moving_centered_shape_PC1"	"Harmonic24Amplitude__Late2_Early2"	0.0267540152155537	169
"PCA_moving_centered_shape_PC1"	"SleepAllocation__D6_D1"	0.0264755606384566	169
"PCA_moving_centered_shape_PC1"	"TotalSleep__Late2_Early2"	0.0232882502113271	169
"PCA_moving_centered_shape_PC1"	"MovingLight__D6_D1"	0.0225075829148227	169
"PCA_moving_centered_shape_PC1"	"WakingActivityDark__D6_D1"	0.0170085846357033	176
"PCA_moving_centered_shape_PC1"	"DarkCoreMoving__D6_D1"	0.0105855161787365	176
"PCA_moving_centered_shape_PC1"	"LongestBoutDark__D6_D1"	0.0099603786044464	176
"PCA_moving_centered_shape_PC1"	"FragmentationDark__Late2_Early2"	0.00978428351309707	176
"PCA_moving_centered_shape_PC1"	"MorningPeakAmplitude__State_D2_D6"	0.00269645608628659	176
"PCA_moving_centered_shape_PC1"	"LightSleep__D6_D1"	-0.0145169310327681	169
"PCA_moving_centered_shape_PC1"	"TotalSleep__D6_D1"	-0.0169583809855303	169
"PCA_moving_centered_shape_PC1"	"DarkCoreMoving__Late2_Early2"	-0.0184349548756328	176
"PCA_moving_centered_shape_PC1"	"DarkSleep__D6_D1"	-0.0190314769975787	176
"PCA_moving_centered_shape_PC1"	"SiestaMoving__Late2_Early2"	-0.0212470787131421	169
"PCA_moving_centered_shape_PC1"	"Harmonic24Amplitude__D6_D1"	-0.0275719755357764	169
"PCA_moving_centered_shape_PC1"	"TwoHarmonicR2__Late2_Early2"	-0.0298543085873403	169
"PCA_moving_centered_shape_PC1"	"LightSleep__Late2_Early2"	-0.0319650937297996	169
"PCA_moving_centered_shape_PC1"	"DawnResponse__State_D2_D6"	-0.0361468391739209	176
"PCA_moving_centered_shape_PC1"	"DuskResponse__Late2_Early2"	-0.0509707522401311	176
"PCA_moving_centered_shape_PC1"	"MovingDark__D6_D1"	-0.0601584855822144	176
"PCA_moving_centered_shape_PC1"	"WakingActivityDark__Late2_Early2"	-0.0610213515298261	176
"PCA_moving_centered_shape_PC1"	"DuskAnticipation__D6_D1"	-0.0748249907623468	168
"PCA_moving_centered_shape_PC1"	"TwoHarmonicR2__D6_D1"	-0.0814777982198797	169
"PCA_moving_centered_shape_PC1"	"LongestBoutDark__State_D2_D6"	-0.0820999339643407	176
"PCA_moving_centered_shape_PC1"	"MovingDark__Late2_Early2"	-0.103728813559322	176
"PCA_moving_centered_shape_PC1"	"ActivityDark__D6_D1"	-0.131749944970284	176
"PCA_moving_centered_shape_PC1"	"DuskResponse__D6_D1"	-0.140843055249835	176
"PCA_moving_centered_shape_PC1"	"DuskAnticipation__Late2_Early2"	-0.142511878137013	167
"PCA_moving_centered_shape_PC1"	"ActivityDark__Late2_Early2"	-0.156634382566586	176
"PCA_moving_centered_shape_PC1"	"TotalSleep__State_D2_D6"	-0.205487563284173	176
"PCA_moving_centered_shape_PC1"	"Harmonic12Amplitude__D6_D1"	-0.232161503654716	169
"PCA_moving_centered_shape_PC1"	"ActivityLight__State_D2_D6"	-0.243438256658596	176
"PCA_moving_centered_shape_PC1"	"ActivityContrast__D6_D1"	-0.255855004723783	169
"PCA_moving_centered_shape_PC1"	"ActivityContrast__Late2_Early2"	-0.261225200139227	169
"PCA_moving_centered_shape_PC1"	"Harmonic12Amplitude__Late2_Early2"	-0.281684152951121	169
"PCA_moving_centered_shape_PC1"	"MovingLight__State_D2_D6"	-0.286680607528065	176
"PCA_moving_centered_shape_PC1"	"DawnAnticipation__State_D2_D6"	-0.307351970063835	176
"PCA_moving_centered_shape_PC1"	"SiestaMoving__State_D2_D6"	-0.35667400396214	176
"PCA_moving_centered_shape_PC1"	"LDIntradailyVariability__State_D2_D6"	-0.391811578252256	176
"PCA_moving_centered_shape_PC1"	"MorningPeakOffset__State_D2_D6"	-0.396400666944953	172
"PCA_moving_centered_shape_PC1"	"FragmentationLight__State_D2_D6"	-0.408528884908195	175
"PCA_moving_centered_shape_PC1"	"PWakeLight__State_D2_D6"	-0.420145278450363	176
"PCA_moving_centered_shape_PC1"	"DarkSleep__State_D2_D6"	-0.427743781642087	176
"PCA_moving_centered_shape_PC1"	"PDozeDark__State_D2_D6"	-0.465698877393793	176
"PCA_moving_centered_shape_PC1"	"EveningPeakAmplitude__D6_D1"	-0.488389438615683	169
"PCA_moving_centered_shape_PC1"	"EveningPeakAmplitude__Late2_Early2"	-0.49110437074238	169
"PCA_moving_centered_shape_PC1"	"SleepAllocation__State_D2_D6"	-0.788432753686991	176
"PCA_moving_centered_shape_PC2"	"DarkCoreMoving__State_D2_D6"	0.392095531587057	176
"PCA_moving_centered_shape_PC2"	"FragmentationDark__State_D2_D6"	0.341366938146599	176
"PCA_moving_centered_shape_PC2"	"ActivityContrast__State_D2_D6"	0.331149020471054	176
"PCA_moving_centered_shape_PC2"	"PWakeDark__State_D2_D6"	0.281439577371781	176
"PCA_moving_centered_shape_PC2"	"FragmentationDark__D6_D1"	0.223808056350429	176
"PCA_moving_centered_shape_PC2"	"PWakeDark__D6_D1"	0.220217917675545	176
"PCA_moving_centered_shape_PC2"	"ActivityLight__D6_D1"	0.216990701606086	169
"PCA_moving_centered_shape_PC2"	"SiestaMoving__D6_D1"	0.204752501586548	169
"PCA_moving_centered_shape_PC2"	"ActivityLight__Late2_Early2"	0.197409377952364	169
"PCA_moving_centered_shape_PC2"	"LDIntradailyVariability__State_D2_D6"	0.189848117983711	176
"PCA_moving_centered_shape_PC2"	"DarkCoreMoving__D6_D1"	0.188835571208453	176
"PCA_moving_centered_shape_PC2"	"DuskAnticipation__State_D2_D6"	0.188531087326346	173
"PCA_moving_centered_shape_PC2"	"LightSleep__State_D2_D6"	0.186508914814	176
"PCA_moving_centered_shape_PC2"	"PDozeDark__Late2_Early2"	0.184604886638785	176
"PCA_moving_centered_shape_PC2"	"ActivityDark__State_D2_D6"	0.175657054809597	176
"PCA_moving_centered_shape_PC2"	"FragmentationDark__Late2_Early2"	0.167596302003082	176
"PCA_moving_centered_shape_PC2"	"PWakeDark__Late2_Early2"	0.161336121505613	176
"PCA_moving_centered_shape_PC2"	"MovingDark__State_D2_D6"	0.160228923618754	176
"PCA_moving_centered_shape_PC2"	"PDozeDark__D6_D1"	0.149700638344706	176
"PCA_moving_centered_shape_PC2"	"DarkCoreMoving__Late2_Early2"	0.147406999779881	176
"PCA_moving_centered_shape_PC2"	"FragmentationLight__D6_D1"	0.135266769429665	169
"PCA_moving_centered_shape_PC2"	"PWakeLight__D6_D1"	0.133909303366317	169
"PCA_moving_centered_shape_PC2"	"MovingLight__Late2_Early2"	0.13180349062702	169
"PCA_moving_centered_shape_PC2"	"MovingLight__D6_D1"	0.122686589428671	169
"PCA_moving_centered_shape_PC2"	"SiestaMoving__Late2_Early2"	0.119432151558848	169
"PCA_moving_centered_shape_PC2"	"SleepAllocation__Late2_Early2"	0.0917855899756353	169
"PCA_moving_centered_shape_PC2"	"WakingActivityDark__State_D2_D6"	0.0908892802113141	176
"PCA_moving_centered_shape_PC2"	"PWakeLight__Late2_Early2"	0.0802695042514047	169
"PCA_moving_centered_shape_PC2"	"MorningPeakAmplitude__State_D2_D6"	0.0695355491965661	176
"PCA_moving_centered_shape_PC2"	"MovingDark__D6_D1"	0.0629165749504733	176
"PCA_moving_centered_shape_PC2"	"SleepAllocation__D6_D1"	0.0592685594948039	169
"PCA_moving_centered_shape_PC2"	"MovingDark__Late2_Early2"	0.0463064054589478	176
"PCA_moving_centered_shape_PC2"	"PDozeDark__State_D2_D6"	0.0399603786044464	176
"PCA_moving_centered_shape_PC2"	"ActivityDark__D6_D1"	0.0386682808716707	176
"PCA_moving_centered_shape_PC2"	"FragmentationLight__Late2_Early2"	0.0305601814123233	168
"PCA_moving_centered_shape_PC2"	"ActivityDark__Late2_Early2"	0.0133898305084746	176
"PCA_moving_centered_shape_PC2"	"Harmonic12Amplitude__State_D2_D6"	-0.0139951573849879	176
"PCA_moving_centered_shape_PC2"	"TwoHarmonicR2__D6_D1"	-0.0223683556262742	169
"PCA_moving_centered_shape_PC2"	"TwoHarmonicR2__Late2_Early2"	-0.0384665108647009	169
"PCA_moving_centered_shape_PC2"	"Harmonic12Amplitude__D6_D1"	-0.0424220575804286	169
"PCA_moving_centered_shape_PC2"	"FragmentationLight__State_D2_D6"	-0.0534505150022391	175
"PCA_moving_centered_shape_PC2"	"PDozeLight__D6_D1"	-0.0553608789306069	167
"PCA_moving_centered_shape_PC2"	"Harmonic12Amplitude__Late2_Early2"	-0.0618169161155587	169
"PCA_moving_centered_shape_PC2"	"DuskResponse__State_D2_D6"	-0.0861490678786548	176
"PCA_moving_centered_shape_PC2"	"EveningPeakAmplitude__State_D2_D6"	-0.0867444419986793	176
"PCA_moving_centered_shape_PC2"	"DuskAnticipation__Late2_Early2"	-0.0928555968957094	167
"PCA_moving_centered_shape_PC2"	"EveningPeakAmplitude__Late2_Early2"	-0.0988215404504997	169
"PCA_moving_centered_shape_PC2"	"WakingActivityDark__D6_D1"	-0.106346026854501	176
"PCA_moving_centered_shape_PC2"	"WakingActivityDark__Late2_Early2"	-0.113539511336122	176
"PCA_moving_centered_shape_PC2"	"TotalSleep__State_D2_D6"	-0.118058551617874	176
"PCA_moving_centered_shape_PC2"	"DarkSleep__Late2_Early2"	-0.121730134272507	176
"PCA_moving_centered_shape_PC2"	"EveningPeakAmplitude__D6_D1"	-0.123937148824027	169
"PCA_moving_centered_shape_PC2"	"ActivityLight__State_D2_D6"	-0.125168390931103	176
"PCA_moving_centered_shape_PC2"	"DawnResponse__State_D2_D6"	-0.128875263523717	176
"PCA_moving_centered_shape_PC2"	"TotalSleep__Late2_Early2"	-0.130796578986624	169
"PCA_moving_centered_shape_PC2"	"DuskAnticipation__D6_D1"	-0.131468255374289	168
"PCA_moving_centered_shape_PC2"	"LightSleep__D6_D1"	-0.132141614042067	169
"PCA_moving_centered_shape_PC2"	"LightSleep__Late2_Early2"	-0.13373278305405	169
"PCA_moving_centered_shape_PC2"	"ActivityContrast__D6_D1"	-0.143809358062752	169
"PCA_moving_centered_shape_PC2"	"DarkSleep__D6_D1"	-0.157369579572969	176
"PCA_moving_centered_shape_PC2"	"DawnAnticipation__Late2_Early2"	-0.162179176755448	176
"PCA_moving_centered_shape_PC2"	"SiestaMoving__State_D2_D6"	-0.16241690512877	176
"PCA_moving_centered_shape_PC2"	"TotalSleep__D6_D1"	-0.164937099099995	169
"PCA_moving_centered_shape_PC2"	"ActivityContrast__Late2_Early2"	-0.170953706926558	169
"PCA_moving_centered_shape_PC2"	"PWakeLight__State_D2_D6"	-0.174109619194365	176
"PCA_moving_centered_shape_PC2"	"Harmonic24Amplitude__D6_D1"	-0.17540649395853	169
"PCA_moving_centered_shape_PC2"	"TwoHarmonicR2__State_D2_D6"	-0.176885318071759	176
"PCA_moving_centered_shape_PC2"	"DawnAnticipation__D6_D1"	-0.182302443319392	176
"PCA_moving_centered_shape_PC2"	"MovingLight__State_D2_D6"	-0.192857142857143	176
"PCA_moving_centered_shape_PC2"	"Harmonic24Amplitude__Late2_Early2"	-0.208858336233902	169
"PCA_moving_centered_shape_PC2"	"DarkSleep__State_D2_D6"	-0.210451243671583	176
"PCA_moving_centered_shape_PC2"	"LongestBoutDark__Late2_Early2"	-0.214582874752366	176
"PCA_moving_centered_shape_PC2"	"DuskResponse__D6_D1"	-0.216656394453005	176
"PCA_moving_centered_shape_PC2"	"DuskResponse__Late2_Early2"	-0.217557900923377	176
"PCA_moving_centered_shape_PC2"	"LongestBoutDark__D6_D1"	-0.231604666519921	176
"PCA_moving_centered_shape_PC2"	"LD24hLagCorrelation__State_D2_D6"	-0.234175654853621	176
"PCA_moving_centered_shape_PC2"	"LDInterdailyStability__State_D2_D6"	-0.23469293418446	176
"PCA_moving_centered_shape_PC2"	"OddEvenProfileCorrelation__State_D2_D6"	-0.237052608408541	176
"PCA_moving_centered_shape_PC2"	"LongestBoutDark__State_D2_D6"	-0.314360554699538	176
"PCA_moving_centered_shape_PC2"	"SleepAllocation__State_D2_D6"	-0.358837772397094	176
"PCA_moving_centered_shape_PC2"	"Harmonic24Amplitude__State_D2_D6"	-0.385346687211094	176
"PCA_moving_centered_shape_PC2"	"MorningPeakOffset__State_D2_D6"	-0.533501720425543	172
"PCA_moving_centered_shape_PC2"	"DawnAnticipation__State_D2_D6"	-0.555551397754788	176
"PCA_moving_centered_shape_PC3"	"Harmonic12Amplitude__State_D2_D6"	0.33884437596302	176
"PCA_moving_centered_shape_PC3"	"EveningPeakAmplitude__State_D2_D6"	0.326596962359674	176
"PCA_moving_centered_shape_PC3"	"DuskAnticipation__State_D2_D6"	0.288004505611155	173
"PCA_moving_centered_shape_PC3"	"LDInterdailyStability__State_D2_D6"	0.276064274708343	176
"PCA_moving_centered_shape_PC3"	"LD24hLagCorrelation__State_D2_D6"	0.275535989434295	176
"PCA_moving_centered_shape_PC3"	"OddEvenProfileCorrelation__State_D2_D6"	0.269297820823245	176
"PCA_moving_centered_shape_PC3"	"DuskResponse__State_D2_D6"	0.194533455059162	176
"PCA_moving_centered_shape_PC3"	"TwoHarmonicR2__Late2_Early2"	0.189478394908259	169
"PCA_moving_centered_shape_PC3"	"LongestBoutDark__State_D2_D6"	0.169165749504733	176
"PCA_moving_centered_shape_PC3"	"SleepAllocation__State_D2_D6"	0.166812678846577	176
"PCA_moving_centered_shape_PC3"	"WakingActivityDark__State_D2_D6"	0.163198327096632	176
"PCA_moving_centered_shape_PC3"	"Harmonic24Amplitude__Late2_Early2"	0.148088110984039	169
"PCA_moving_centered_shape_PC3"	"Harmonic24Amplitude__D6_D1"	0.139637511809458	169
"PCA_moving_centered_shape_PC3"	"TwoHarmonicR2__State_D2_D6"	0.138888399735857	176
"PCA_moving_centered_shape_PC3"	"ActivityLight__State_D2_D6"	0.134173453664979	176
"PCA_moving_centered_shape_PC3"	"LongestBoutDark__Late2_Early2"	0.129548756328417	176
"PCA_moving_centered_shape_PC3"	"MovingLight__State_D2_D6"	0.108043143297381	176
"PCA_moving_centered_shape_PC3"	"TotalSleep__Late2_Early2"	0.103985381134702	169
"PCA_moving_centered_shape_PC3"	"LongestBoutDark__D6_D1"	0.100975126568347	176
"PCA_moving_centered_shape_PC3"	"TwoHarmonicR2__D6_D1"	0.0989483367311422	169
"PCA_moving_centered_shape_PC3"	"TotalSleep__D6_D1"	0.0947068768335737	169
"PCA_moving_centered_shape_PC3"	"LightSleep__D6_D1"	0.0916140420665308	169
"PCA_moving_centered_shape_PC3"	"DarkSleep__Late2_Early2"	0.0817587497248514	176
"PCA_moving_centered_shape_PC3"	"MorningPeakAmplitude__State_D2_D6"	0.0782368478978649	176
"PCA_moving_centered_shape_PC3"	"DarkSleep__D6_D1"	0.0781377944089809	176
"PCA_moving_centered_shape_PC3"	"LightSleep__Late2_Early2"	0.0723062005867436	169
"PCA_moving_centered_shape_PC3"	"ActivityDark__State_D2_D6"	0.0706163328197226	176
"PCA_moving_centered_shape_PC3"	"PDozeDark__Late2_Early2"	0.0631366938146599	176
"PCA_moving_centered_shape_PC3"	"WakingActivityDark__D6_D1"	0.0430816640986133	176
"PCA_moving_centered_shape_PC3"	"DawnAnticipation__State_D2_D6"	0.042524763372221	176
"PCA_moving_centered_shape_PC3"	"DarkCoreMoving__Late2_Early2"	0.0425181598062954	176
"PCA_moving_centered_shape_PC3"	"ActivityContrast__Late2_Early2"	0.042337526726667	169
"PCA_moving_centered_shape_PC3"	"ActivityContrast__D6_D1"	0.0417880761772165	169
"PCA_moving_centered_shape_PC3"	"DarkCoreMoving__D6_D1"	0.0344331939247193	176
"PCA_moving_centered_shape_PC3"	"SiestaMoving__State_D2_D6"	0.0313383226942549	176
"PCA_moving_centered_shape_PC3"	"DarkSleep__State_D2_D6"	0.0296302003081664	176
"PCA_moving_centered_shape_PC3"	"PWakeLight__State_D2_D6"	0.0210763812458728	176
"PCA_moving_centered_shape_PC3"	"WakingActivityDark__Late2_Early2"	0.0163768434954876	176
"PCA_moving_centered_shape_PC3"	"MovingDark__State_D2_D6"	0.0133149900946511	176
"PCA_moving_centered_shape_PC3"	"PDozeDark__D6_D1"	-0.000909090909090909	176
"PCA_moving_centered_shape_PC3"	"ActivityLight__D6_D1"	-0.00356024066431306	169
"PCA_moving_centered_shape_PC3"	"EveningPeakAmplitude__D6_D1"	-0.0154840634478644	169
"PCA_moving_centered_shape_PC3"	"PWakeLight__D6_D1"	-0.0181119785192183	169
"PCA_moving_centered_shape_PC3"	"PWakeDark__Late2_Early2"	-0.0228021131410962	176
"PCA_moving_centered_shape_PC3"	"FragmentationDark__Late2_Early2"	-0.0249284613691393	176
"PCA_moving_centered_shape_PC3"	"PWakeDark__D6_D1"	-0.0253863086066476	176
"PCA_moving_centered_shape_PC3"	"Harmonic12Amplitude__D6_D1"	-0.0259360548953309	169
"PCA_moving_centered_shape_PC3"	"DuskAnticipation__D6_D1"	-0.0267309843541995	168
"PCA_moving_centered_shape_PC3"	"TotalSleep__State_D2_D6"	-0.0273673783843275	176
"PCA_moving_centered_shape_PC3"	"SleepAllocation__D6_D1"	-0.0273879966187659	169
"PCA_moving_centered_shape_PC3"	"FragmentationDark__D6_D1"	-0.0334206471494607	176
"PCA_moving_centered_shape_PC3"	"DuskResponse__Late2_Early2"	-0.0342483129255571	176
"PCA_moving_centered_shape_PC3"	"DuskAnticipation__Late2_Early2"	-0.0353226421511538	167
"PCA_moving_centered_shape_PC3"	"SleepAllocation__Late2_Early2"	-0.043113221620009	169
"PCA_moving_centered_shape_PC3"	"PDozeLight__D6_D1"	-0.049061086089439	167
"PCA_moving_centered_shape_PC3"	"ActivityDark__D6_D1"	-0.0539863526304204	176
"PCA_moving_centered_shape_PC3"	"ActivityDark__Late2_Early2"	-0.0553202729473916	176
"PCA_moving_centered_shape_PC3"	"Harmonic24Amplitude__State_D2_D6"	-0.0578538410741801	176
"PCA_moving_centered_shape_PC3"	"MovingDark__D6_D1"	-0.0636781862205591	176
"PCA_moving_centered_shape_PC3"	"Harmonic12Amplitude__Late2_Early2"	-0.067930485803789	169
"PCA_moving_centered_shape_PC3"	"SiestaMoving__D6_D1"	-0.0707511254730915	169
"PCA_moving_centered_shape_PC3"	"FragmentationLight__State_D2_D6"	-0.078166144200627	175
"PCA_moving_centered_shape_PC3"	"EveningPeakAmplitude__Late2_Early2"	-0.0785465665556164	169
"PCA_moving_centered_shape_PC3"	"MovingDark__Late2_Early2"	-0.0827360774818402	176
"PCA_moving_centered_shape_PC3"	"LightSleep__State_D2_D6"	-0.0886000440237728	176
"PCA_moving_centered_shape_PC3"	"ActivityLight__Late2_Early2"	-0.0937795236437771	169
"PCA_moving_centered_shape_PC3"	"DawnAnticipation__D6_D1"	-0.0984745762711864	176
"PCA_moving_centered_shape_PC3"	"PWakeLight__Late2_Early2"	-0.0989533091343046	169
"PCA_moving_centered_shape_PC3"	"MovingLight__Late2_Early2"	-0.10266023569191	169
"PCA_moving_centered_shape_PC3"	"MovingLight__D6_D1"	-0.106213017751479	169
"PCA_moving_centered_shape_PC3"	"ActivityContrast__State_D2_D6"	-0.122681047765794	176
"PCA_moving_centered_shape_PC3"	"SiestaMoving__Late2_Early2"	-0.128544080354035	169
"PCA_moving_centered_shape_PC3"	"FragmentationLight__D6_D1"	-0.147769877181642	169
"PCA_moving_centered_shape_PC3"	"DuskResponse__D6_D1"	-0.158901606867709	176
"PCA_moving_centered_shape_PC3"	"DawnAnticipation__Late2_Early2"	-0.159379264802994	176
"PCA_moving_centered_shape_PC3"	"PWakeDark__State_D2_D6"	-0.16357252916575	176
"PCA_moving_centered_shape_PC3"	"DawnResponse__State_D2_D6"	-0.171684003788274	176
"PCA_moving_centered_shape_PC3"	"FragmentationDark__State_D2_D6"	-0.176057671142417	176
"PCA_moving_centered_shape_PC3"	"DarkCoreMoving__State_D2_D6"	-0.179211974466212	176
"PCA_moving_centered_shape_PC3"	"FragmentationLight__Late2_Early2"	-0.237736699044852	168
"PCA_moving_centered_shape_PC3"	"MorningPeakOffset__State_D2_D6"	-0.264733280977683	172
"PCA_moving_centered_shape_PC3"	"LDIntradailyVariability__State_D2_D6"	-0.274008364516839	176
"PCA_moving_centered_shape_PC3"	"PDozeDark__State_D2_D6"	-0.314486022452124	176
"PCA_moving_change_PC1"	"MovingDark__Late2_Early2"	0.939970662821342	169
"PCA_moving_change_PC1"	"MovingDark__D6_D1"	0.898383968972204	169
"PCA_moving_change_PC1"	"ActivityDark__Late2_Early2"	0.832283327532197	169
"PCA_moving_change_PC1"	"ActivityDark__D6_D1"	0.811876584953508	169
"PCA_moving_change_PC1"	"DarkCoreMoving__Late2_Early2"	0.782489682263438	169
"PCA_moving_change_PC1"	"MovingLight__D6_D1"	0.774290189448561	169
"PCA_moving_change_PC1"	"PWakeDark__Late2_Early2"	0.747670429118393	169
"PCA_moving_change_PC1"	"MovingLight__Late2_Early2"	0.747429267565014	169
"PCA_moving_change_PC1"	"DarkCoreMoving__D6_D1"	0.739672318631595	169
"PCA_moving_change_PC1"	"PWakeDark__D6_D1"	0.709193973447367	169
"PCA_moving_change_PC1"	"ActivityLight__Late2_Early2"	0.668783252946149	169
"PCA_moving_change_PC1"	"SiestaMoving__Late2_Early2"	0.660476853463279	169
"PCA_moving_change_PC1"	"SiestaMoving__D6_D1"	0.616253925870244	169
"PCA_moving_change_PC1"	"PWakeLight__Late2_Early2"	0.610360001988961	169
"PCA_moving_change_PC1"	"ActivityLight__D6_D1"	0.582539406295063	169
"PCA_moving_change_PC1"	"PWakeLight__D6_D1"	0.552466311968575	169
"PCA_moving_change_PC1"	"FragmentationLight__Late2_Early2"	0.494804136443934	168
"PCA_moving_change_PC1"	"FragmentationDark__Late2_Early2"	0.488416786833077	169
"PCA_moving_change_PC1"	"FragmentationDark__D6_D1"	0.48322559793148	169
"PCA_moving_change_PC1"	"FragmentationLight__D6_D1"	0.347103575157874	169
"PCA_moving_change_PC1"	"Harmonic12Amplitude__D6_D1"	0.32250261051166	169
"PCA_moving_change_PC1"	"Harmonic12Amplitude__Late2_Early2"	0.321130227238825	169
"PCA_moving_change_PC1"	"EveningPeakAmplitude__D6_D1"	0.246688379493809	169
"PCA_moving_change_PC1"	"PWakeDark__State_D2_D6"	0.224581075033564	169
"PCA_moving_change_PC1"	"MorningPeakAmplitude__State_D2_D6"	0.222875540748844	169
"PCA_moving_change_PC1"	"EveningPeakAmplitude__Late2_Early2"	0.214546765451743	169
"PCA_moving_change_PC1"	"MovingLight__State_D2_D6"	0.214509472428025	169
"PCA_moving_change_PC1"	"ActivityContrast__Late2_Early2"	0.213969966684899	169
"PCA_moving_change_PC1"	"FragmentationDark__State_D2_D6"	0.202978469494307	169
"PCA_moving_change_PC1"	"Harmonic24Amplitude__D6_D1"	0.202329570881607	169
"PCA_moving_change_PC1"	"SiestaMoving__State_D2_D6"	0.194609914971906	169
"PCA_moving_change_PC1"	"PWakeLight__State_D2_D6"	0.19104470190443	169
"PCA_moving_change_PC1"	"DarkCoreMoving__State_D2_D6"	0.188623141564318	169
"PCA_moving_change_PC1"	"MovingDark__State_D2_D6"	0.185920640445527	169
"PCA_moving_change_PC1"	"ActivityContrast__D6_D1"	0.172226642136144	169
"PCA_moving_change_PC1"	"ActivityLight__State_D2_D6"	0.160486798269604	169
"PCA_moving_change_PC1"	"FragmentationLight__State_D2_D6"	0.151454487474755	168
"PCA_moving_change_PC1"	"ActivityDark__State_D2_D6"	0.147690318731043	169
"PCA_moving_change_PC1"	"WakingActivityDark__Late2_Early2"	0.123691014867486	169
"PCA_moving_change_PC1"	"Harmonic24Amplitude__State_D2_D6"	0.12201531500174	169
"PCA_moving_change_PC1"	"TwoHarmonicR2__D6_D1"	0.118872756203073	169
"PCA_moving_change_PC1"	"WakingActivityDark__D6_D1"	0.116933518969718	169
"PCA_moving_change_PC1"	"Harmonic24Amplitude__Late2_Early2"	0.106262741783104	169
"PCA_moving_change_PC1"	"DuskResponse__D6_D1"	0.106240365968873	169
"PCA_moving_change_PC1"	"MorningPeakOffset__State_D2_D6"	0.0873962917538417	166
"PCA_moving_change_PC1"	"SleepAllocation__D6_D1"	0.070891551887027	169
"PCA_moving_change_PC1"	"ActivityContrast__State_D2_D6"	0.0538163194271792	169
"PCA_moving_change_PC1"	"DuskAnticipation__D6_D1"	0.0473246237870835	168
"PCA_moving_change_PC1"	"DuskAnticipation__Late2_Early2"	0.0375514032176611	167
"PCA_moving_change_PC1"	"DuskResponse__Late2_Early2"	0.0352195534903563	169
"PCA_moving_change_PC1"	"TwoHarmonicR2__Late2_Early2"	0.0333946596390035	169
"PCA_moving_change_PC1"	"OddEvenProfileCorrelation__State_D2_D6"	0.0304783451842276	169
"PCA_moving_change_PC1"	"Harmonic12Amplitude__State_D2_D6"	0.0292203271841281	169
"PCA_moving_change_PC1"	"LDIntradailyVariability__State_D2_D6"	0.0192780070608125	169
"PCA_moving_change_PC1"	"TwoHarmonicR2__State_D2_D6"	0.0176321416140421	169
"PCA_moving_change_PC1"	"PDozeDark__State_D2_D6"	0.0147854408035404	169
"PCA_moving_change_PC1"	"LD24hLagCorrelation__State_D2_D6"	0.00796330366466113	169
"PCA_moving_change_PC1"	"WakingActivityDark__State_D2_D6"	0.00303813833225598	169
"PCA_moving_change_PC1"	"SleepAllocation__State_D2_D6"	-0.000902491173984387	169
"PCA_moving_change_PC1"	"DawnAnticipation__State_D2_D6"	-0.0297797225399035	169
"PCA_moving_change_PC1"	"SleepAllocation__Late2_Early2"	-0.035162348963254	169
"PCA_moving_change_PC1"	"LDInterdailyStability__State_D2_D6"	-0.0395678981651832	169
"PCA_moving_change_PC1"	"DuskResponse__State_D2_D6"	-0.0438118714956275	169
"PCA_moving_change_PC1"	"EveningPeakAmplitude__State_D2_D6"	-0.0617473024712844	169
"PCA_moving_change_PC1"	"DawnResponse__State_D2_D6"	-0.0727947844430952	169
"PCA_moving_change_PC1"	"DuskAnticipation__State_D2_D6"	-0.110175705544005	166
"PCA_moving_change_PC1"	"DawnAnticipation__Late2_Early2"	-0.174265327432748	169
"PCA_moving_change_PC1"	"DarkSleep__State_D2_D6"	-0.201011884043558	169
"PCA_moving_change_PC1"	"LightSleep__State_D2_D6"	-0.203152503604992	169
"PCA_moving_change_PC1"	"TotalSleep__State_D2_D6"	-0.23198498334245	169
"PCA_moving_change_PC1"	"LongestBoutDark__State_D2_D6"	-0.23354880413704	169
"PCA_moving_change_PC1"	"DawnAnticipation__D6_D1"	-0.247946397493909	169
"PCA_moving_change_PC1"	"PDozeLight__D6_D1"	-0.448300473064199	167
"PCA_moving_change_PC1"	"PDozeDark__D6_D1"	-0.463410571329124	169
"PCA_moving_change_PC1"	"PDozeDark__Late2_Early2"	-0.520568345681468	169
"PCA_moving_change_PC1"	"LongestBoutDark__D6_D1"	-0.572960071602606	169
"PCA_moving_change_PC1"	"LongestBoutDark__Late2_Early2"	-0.597041420118343	169
"PCA_moving_change_PC1"	"LightSleep__D6_D1"	-0.735813733777535	169
"PCA_moving_change_PC1"	"LightSleep__Late2_Early2"	-0.751991447466561	169
"PCA_moving_change_PC1"	"DarkSleep__D6_D1"	-0.875038536124509	169
"PCA_moving_change_PC1"	"TotalSleep__D6_D1"	-0.902672666699816	169
"PCA_moving_change_PC1"	"DarkSleep__Late2_Early2"	-0.918552036199095	169
"PCA_moving_change_PC1"	"TotalSleep__Late2_Early2"	-0.942780070608125	169
"PCA_moving_change_PC2"	"Harmonic12Amplitude__Late2_Early2"	0.645057431256527	169
"PCA_moving_change_PC2"	"Harmonic12Amplitude__D6_D1"	0.601451941723435	169
"PCA_moving_change_PC2"	"EveningPeakAmplitude__Late2_Early2"	0.592543881457909	169
"PCA_moving_change_PC2"	"EveningPeakAmplitude__D6_D1"	0.576495450251107	169
"PCA_moving_change_PC2"	"ActivityContrast__Late2_Early2"	0.398095569588782	169
"PCA_moving_change_PC2"	"DuskAnticipation__D6_D1"	0.398011247159105	168
"PCA_moving_change_PC2"	"DuskAnticipation__Late2_Early2"	0.377248085584425	167
"PCA_moving_change_PC2"	"ActivityContrast__D6_D1"	0.373942121227189	169
"PCA_moving_change_PC2"	"TwoHarmonicR2__D6_D1"	0.345296106608324	169
"PCA_moving_change_PC2"	"TwoHarmonicR2__Late2_Early2"	0.317184625329422	169
"PCA_moving_change_PC2"	"LightSleep__Late2_Early2"	0.30735169807568	169
"PCA_moving_change_PC2"	"DawnAnticipation__State_D2_D6"	0.297304957485953	169
"PCA_moving_change_PC2"	"DuskResponse__D6_D1"	0.293105763015265	169
"PCA_moving_change_PC2"	"MorningPeakOffset__State_D2_D6"	0.286746987951807	166
"PCA_moving_change_PC2"	"LightSleep__D6_D1"	0.279011486251305	169
"PCA_moving_change_PC2"	"DuskResponse__Late2_Early2"	0.266634097405761	169
"PCA_moving_change_PC2"	"DarkSleep__State_D2_D6"	0.217378549052757	169
"PCA_moving_change_PC2"	"TotalSleep__State_D2_D6"	0.207428770324698	169
"PCA_moving_change_PC2"	"TotalSleep__D6_D1"	0.206541196360201	169
"PCA_moving_change_PC2"	"SleepAllocation__State_D2_D6"	0.197083685545224	169
"PCA_moving_change_PC2"	"PDozeDark__State_D2_D6"	0.19240465416936	169
"PCA_moving_change_PC2"	"WakingActivityDark__Late2_Early2"	0.187743026204565	169
"PCA_moving_change_PC2"	"LongestBoutDark__D6_D1"	0.174170851772662	169
"PCA_moving_change_PC2"	"LDIntradailyVariability__State_D2_D6"	0.173561732385262	169
"PCA_moving_change_PC2"	"Harmonic24Amplitude__Late2_Early2"	0.172771120282433	169
"PCA_moving_change_PC2"	"DawnAnticipation__Late2_Early2"	0.167836010143703	169
"PCA_moving_change_PC2"	"TotalSleep__Late2_Early2"	0.162465814728258	169
"PCA_moving_change_PC2"	"LongestBoutDark__State_D2_D6"	0.160454477649048	169
"PCA_moving_change_PC2"	"LongestBoutDark__Late2_Early2"	0.150594202177913	169
"PCA_moving_change_PC2"	"DarkSleep__D6_D1"	0.141154094774004	169
"PCA_moving_change_PC2"	"Harmonic24Amplitude__State_D2_D6"	0.108734026154841	169
"PCA_moving_change_PC2"	"DarkSleep__Late2_Early2"	0.10660086519815	169
"PCA_moving_change_PC2"	"Harmonic24Amplitude__D6_D1"	0.102451394759087	169
"PCA_moving_change_PC2"	"WakingActivityDark__D6_D1"	0.0997613246482025	169
"PCA_moving_change_PC2"	"MorningPeakAmplitude__State_D2_D6"	0.0714360300333151	169
"PCA_moving_change_PC2"	"LDInterdailyStability__State_D2_D6"	0.0677415344836159	169
"PCA_moving_change_PC2"	"ActivityDark__Late2_Early2"	0.0593406593406594	169
"PCA_moving_change_PC2"	"ActivityDark__D6_D1"	0.044865993734772	169
"PCA_moving_change_PC2"	"OddEvenProfileCorrelation__State_D2_D6"	0.0442593605489533	169
"PCA_moving_change_PC2"	"PDozeLight__D6_D1"	0.030135941542045	167
"PCA_moving_change_PC2"	"LightSleep__State_D2_D6"	0.019949281487743	169
"PCA_moving_change_PC2"	"SiestaMoving__State_D2_D6"	0.0149047784794391	169
"PCA_moving_change_PC2"	"DawnAnticipation__D6_D1"	0.0137114017204515	169
"PCA_moving_change_PC2"	"MovingDark__Late2_Early2"	0.00387101586196609	169
"PCA_moving_change_PC2"	"LD24hLagCorrelation__State_D2_D6"	0.00191934762070509	169
"PCA_moving_change_PC2"	"PWakeLight__State_D2_D6"	-0.00302322112276863	169
"PCA_moving_change_PC2"	"DawnResponse__State_D2_D6"	-0.0146536812277397	169
"PCA_moving_change_PC2"	"MovingLight__State_D2_D6"	-0.0152230122818358	169
"PCA_moving_change_PC2"	"ActivityLight__State_D2_D6"	-0.0280642434488588	169
"PCA_moving_change_PC2"	"MovingDark__D6_D1"	-0.0352866590423152	169
"PCA_moving_change_PC2"	"FragmentationLight__State_D2_D6"	-0.0511690060285178	168
"PCA_moving_change_PC2"	"WakingActivityDark__State_D2_D6"	-0.0535130028342698	169
"PCA_moving_change_PC2"	"EveningPeakAmplitude__State_D2_D6"	-0.0660931828352643	169
"PCA_moving_change_PC2"	"PDozeDark__D6_D1"	-0.0838720103425986	169
"PCA_moving_change_PC2"	"TwoHarmonicR2__State_D2_D6"	-0.0878051812440953	169
"PCA_moving_change_PC2"	"DuskResponse__State_D2_D6"	-0.116535799149617	169
"PCA_moving_change_PC2"	"Harmonic12Amplitude__State_D2_D6"	-0.156496444731739	169
"PCA_moving_change_PC2"	"PWakeDark__State_D2_D6"	-0.173280791606584	169
"PCA_moving_change_PC2"	"PDozeDark__Late2_Early2"	-0.178240763761126	169
"PCA_moving_change_PC2"	"ActivityDark__State_D2_D6"	-0.181445477599324	169
"PCA_moving_change_PC2"	"FragmentationDark__State_D2_D6"	-0.181935259310825	169
"PCA_moving_change_PC2"	"PWakeDark__Late2_Early2"	-0.183014270797076	169
"PCA_moving_change_PC2"	"DarkCoreMoving__State_D2_D6"	-0.18684053503058	169
"PCA_moving_change_PC2"	"ActivityContrast__State_D2_D6"	-0.193249962706976	169
"PCA_moving_change_PC2"	"MovingDark__State_D2_D6"	-0.196971806474069	169
"PCA_moving_change_PC2"	"PWakeDark__D6_D1"	-0.200275968375516	169
"PCA_moving_change_PC2"	"DuskAnticipation__State_D2_D6"	-0.201605551219576	166
"PCA_moving_change_PC2"	"FragmentationLight__Late2_Early2"	-0.215596701778185	168
"PCA_moving_change_PC2"	"FragmentationDark__Late2_Early2"	-0.227129431654319	169
"PCA_moving_change_PC2"	"SleepAllocation__Late2_Early2"	-0.230175028591318	169
"PCA_moving_change_PC2"	"MovingLight__D6_D1"	-0.246621252051116	169
"PCA_moving_change_PC2"	"SleepAllocation__D6_D1"	-0.249291432549351	169
"PCA_moving_change_PC2"	"FragmentationDark__D6_D1"	-0.260171050668788	169
"PCA_moving_change_PC2"	"MovingLight__Late2_Early2"	-0.263303664661131	169
"PCA_moving_change_PC2"	"PWakeLight__Late2_Early2"	-0.276930535527821	169
"PCA_moving_change_PC2"	"DarkCoreMoving__Late2_Early2"	-0.284070906469097	169
"PCA_moving_change_PC2"	"SiestaMoving__Late2_Early2"	-0.305959425190195	169
"PCA_moving_change_PC2"	"ActivityLight__Late2_Early2"	-0.308162199791159	169
"PCA_moving_change_PC2"	"DarkCoreMoving__D6_D1"	-0.359527124459251	169
"PCA_moving_change_PC2"	"ActivityLight__D6_D1"	-0.393448858833474	169
"PCA_moving_change_PC2"	"FragmentationLight__D6_D1"	-0.399433146039481	169
"PCA_moving_change_PC2"	"SiestaMoving__D6_D1"	-0.4011774658008	169
"PCA_moving_change_PC2"	"PWakeLight__D6_D1"	-0.407264681020337	169
"PCA_moving_change_PC3"	"SleepAllocation__Late2_Early2"	0.665449256625727	169
"PCA_moving_change_PC3"	"SleepAllocation__D6_D1"	0.606334841628959	169
"PCA_moving_change_PC3"	"PWakeLight__Late2_Early2"	0.428233305156382	169
"PCA_moving_change_PC3"	"SiestaMoving__Late2_Early2"	0.423603997812143	169
"PCA_moving_change_PC3"	"MovingLight__Late2_Early2"	0.408032917308936	169
"PCA_moving_change_PC3"	"MorningPeakAmplitude__State_D2_D6"	0.379715081298792	169
"PCA_moving_change_PC3"	"MovingLight__D6_D1"	0.343118194023172	169
"PCA_moving_change_PC3"	"FragmentationLight__Late2_Early2"	0.323224219355035	168
"PCA_moving_change_PC3"	"ActivityLight__Late2_Early2"	0.313276316443737	169
"PCA_moving_change_PC3"	"PWakeLight__D6_D1"	0.310193426483019	169
"PCA_moving_change_PC3"	"SiestaMoving__D6_D1"	0.29769796237013	169
"PCA_moving_change_PC3"	"LongestBoutDark__D6_D1"	0.294053005817712	169
"PCA_moving_change_PC3"	"Harmonic24Amplitude__State_D2_D6"	0.271841280891055	169
"PCA_moving_change_PC3"	"OddEvenProfileCorrelation__State_D2_D6"	0.225789369002039	169
"PCA_moving_change_PC3"	"LDInterdailyStability__State_D2_D6"	0.217149818507285	169
"PCA_moving_change_PC3"	"Harmonic12Amplitude__State_D2_D6"	0.215399532594103	169
"PCA_moving_change_PC3"	"LD24hLagCorrelation__State_D2_D6"	0.21208293968475	169
"PCA_moving_change_PC3"	"TwoHarmonicR2__State_D2_D6"	0.19888369549003	169
"PCA_moving_change_PC3"	"EveningPeakAmplitude__State_D2_D6"	0.183767589876187	169
"PCA_moving_change_PC3"	"LongestBoutDark__Late2_Early2"	0.182477251255532	169
"PCA_moving_change_PC3"	"FragmentationLight__D6_D1"	0.159387897170703	169
"PCA_moving_change_PC3"	"DuskAnticipation__D6_D1"	0.156842696686087	168
"PCA_moving_change_PC3"	"ActivityLight__D6_D1"	0.146802744766546	169
"PCA_moving_change_PC3"	"DarkSleep__Late2_Early2"	0.143428969220824	169
"PCA_moving_change_PC3"	"DuskAnticipation__Late2_Early2"	0.135975037876055	167
"PCA_moving_change_PC3"	"MovingDark__State_D2_D6"	0.135050469892099	169
"PCA_moving_change_PC3"	"DarkSleep__D6_D1"	0.125602903883447	169
"PCA_moving_change_PC3"	"ActivityDark__State_D2_D6"	0.121309233752673	169
"PCA_moving_change_PC3"	"PDozeDark__Late2_Early2"	0.121013375764507	169
"PCA_moving_change_PC3"	"ActivityLight__State_D2_D6"	0.111856695340858	169
"PCA_moving_change_PC3"	"PDozeDark__D6_D1"	0.096795286161802	169
"PCA_moving_change_PC3"	"WakingActivityDark__State_D2_D6"	0.0925314504500025	169
"PCA_moving_change_PC3"	"DawnAnticipation__Late2_Early2"	0.0790935309034857	169
"PCA_moving_change_PC3"	"MovingLight__State_D2_D6"	0.0591964596489484	169
"PCA_moving_change_PC3"	"ActivityContrast__State_D2_D6"	0.0565237929491323	169
"PCA_moving_change_PC3"	"DawnAnticipation__State_D2_D6"	0.0510292874546268	169
"PCA_moving_change_PC3"	"DarkCoreMoving__State_D2_D6"	0.033322559793148	169
"PCA_moving_change_PC3"	"PWakeDark__State_D2_D6"	0.0314131569787678	169
"PCA_moving_change_PC3"	"FragmentationDark__State_D2_D6"	0.0310352543384218	169
"PCA_moving_change_PC3"	"DuskAnticipation__State_D2_D6"	0.0282925933456198	166
"PCA_moving_change_PC3"	"SiestaMoving__State_D2_D6"	0.0211177962309184	169
"PCA_moving_change_PC3"	"DawnAnticipation__D6_D1"	0.0189373974441848	169
"PCA_moving_change_PC3"	"EveningPeakAmplitude__Late2_Early2"	0.01096663517478	169
"PCA_moving_change_PC3"	"LightSleep__State_D2_D6"	-0.00561632937198548	169
"PCA_moving_change_PC3"	"PWakeLight__State_D2_D6"	-0.0065014171349013	169
"PCA_moving_change_PC3"	"EveningPeakAmplitude__D6_D1"	-0.0217045398040873	169
"PCA_moving_change_PC3"	"LongestBoutDark__State_D2_D6"	-0.023884938590821	169
"PCA_moving_change_PC3"	"TotalSleep__D6_D1"	-0.0299860772711452	169
"PCA_moving_change_PC3"	"FragmentationLight__State_D2_D6"	-0.0324406132789366	168
"PCA_moving_change_PC3"	"DuskResponse__D6_D1"	-0.0464223559246184	169
"PCA_moving_change_PC3"	"DuskResponse__State_D2_D6"	-0.0484635575453562	169
"PCA_moving_change_PC3"	"PDozeLight__D6_D1"	-0.0611943067393612	167
"PCA_moving_change_PC3"	"TotalSleep__State_D2_D6"	-0.070414201183432	169
"PCA_moving_change_PC3"	"TotalSleep__Late2_Early2"	-0.0712669683257919	169
"PCA_moving_change_PC3"	"Harmonic24Amplitude__D6_D1"	-0.0767664462234598	169
"PCA_moving_change_PC3"	"SleepAllocation__State_D2_D6"	-0.0776018099547512	169
"PCA_moving_change_PC3"	"Harmonic12Amplitude__D6_D1"	-0.082313161951171	169
"PCA_moving_change_PC3"	"WakingActivityDark__Late2_Early2"	-0.085062900900005	169
"PCA_moving_change_PC3"	"DarkSleep__State_D2_D6"	-0.087114017204515	169
"PCA_moving_change_PC3"	"Harmonic12Amplitude__Late2_Early2"	-0.0901322659241211	169
"PCA_moving_change_PC3"	"MorningPeakOffset__State_D2_D6"	-0.107371237809157	166
"PCA_moving_change_PC3"	"PWakeDark__Late2_Early2"	-0.112552831783601	169
"PCA_moving_change_PC3"	"Harmonic24Amplitude__Late2_Early2"	-0.120130774203172	169
"PCA_moving_change_PC3"	"WakingActivityDark__D6_D1"	-0.121227189100492	169
"PCA_moving_change_PC3"	"PDozeDark__State_D2_D6"	-0.133126149868231	169
"PCA_moving_change_PC3"	"MovingDark__D6_D1"	-0.157329322261449	169
"PCA_moving_change_PC3"	"PWakeDark__D6_D1"	-0.159397841977028	169
"PCA_moving_change_PC3"	"MovingDark__Late2_Early2"	-0.159688727562031	169
"PCA_moving_change_PC3"	"LDIntradailyVariability__State_D2_D6"	-0.170416687385013	169
"PCA_moving_change_PC3"	"DuskResponse__Late2_Early2"	-0.181092549532971	169
"PCA_moving_change_PC3"	"DawnResponse__State_D2_D6"	-0.182829162416849	169
"PCA_moving_change_PC3"	"DarkCoreMoving__Late2_Early2"	-0.206635672020287	169
"PCA_moving_change_PC3"	"TwoHarmonicR2__D6_D1"	-0.208990104917707	169
"PCA_moving_change_PC3"	"FragmentationDark__Late2_Early2"	-0.232576699318781	169
"PCA_moving_change_PC3"	"ActivityDark__D6_D1"	-0.23286012629904	169
"PCA_moving_change_PC3"	"DarkCoreMoving__D6_D1"	-0.243488638058774	169
"PCA_moving_change_PC3"	"ActivityDark__Late2_Early2"	-0.256976281636915	169
"PCA_moving_change_PC3"	"LightSleep__D6_D1"	-0.304054994778977	169
"PCA_moving_change_PC3"	"TwoHarmonicR2__Late2_Early2"	-0.32563025210084	169
"PCA_moving_change_PC3"	"FragmentationDark__D6_D1"	-0.335893292228134	169
"PCA_moving_change_PC3"	"LightSleep__Late2_Early2"	-0.364807816617772	169
"PCA_moving_change_PC3"	"ActivityContrast__Late2_Early2"	-0.515665556163294	169
"PCA_moving_change_PC3"	"ActivityContrast__D6_D1"	-0.575384118144299	169
"PCA_moving_raw_PC1"	"MovingDark__State_D2_D6"	0.969297820823244	176
"PCA_moving_raw_PC1"	"ActivityDark__State_D2_D6"	0.906414263702399	176
"PCA_moving_raw_PC1"	"DarkCoreMoving__State_D2_D6"	0.867675544794189	176
"PCA_moving_raw_PC1"	"PWakeDark__State_D2_D6"	0.806977767994717	176
"PCA_moving_raw_PC1"	"MovingLight__State_D2_D6"	0.657384987893463	176
"PCA_moving_raw_PC1"	"FragmentationDark__State_D2_D6"	0.632727272727273	176
"PCA_moving_raw_PC1"	"ActivityLight__State_D2_D6"	0.600812238608849	176
"PCA_moving_raw_PC1"	"SiestaMoving__State_D2_D6"	0.580114461809377	176
"PCA_moving_raw_PC1"	"Harmonic12Amplitude__State_D2_D6"	0.511353731014748	176
"PCA_moving_raw_PC1"	"PWakeLight__State_D2_D6"	0.474609289016069	176
"PCA_moving_raw_PC1"	"ActivityContrast__State_D2_D6"	0.454402377283733	176
"PCA_moving_raw_PC1"	"MorningPeakAmplitude__State_D2_D6"	0.410834250495267	176
"PCA_moving_raw_PC1"	"TwoHarmonicR2__State_D2_D6"	0.408456966762052	176
"PCA_moving_raw_PC1"	"PWakeDark__D6_D1"	0.361562843935725	176
"PCA_moving_raw_PC1"	"Harmonic24Amplitude__State_D2_D6"	0.344659916354832	176
"PCA_moving_raw_PC1"	"FragmentationLight__State_D2_D6"	0.344321540528437	175
"PCA_moving_raw_PC1"	"SiestaMoving__D6_D1"	0.3227116520261	169
"PCA_moving_raw_PC1"	"MovingLight__D6_D1"	0.311364427427776	169
"PCA_moving_raw_PC1"	"PWakeDark__Late2_Early2"	0.308316090688972	176
"PCA_moving_raw_PC1"	"FragmentationDark__D6_D1"	0.302953995157385	176
"PCA_moving_raw_PC1"	"SiestaMoving__Late2_Early2"	0.280552931231664	169
"PCA_moving_raw_PC1"	"DarkCoreMoving__D6_D1"	0.276425269645609	176
"PCA_moving_raw_PC1"	"MovingLight__Late2_Early2"	0.27565014171349	169
"PCA_moving_raw_PC1"	"PWakeLight__D6_D1"	0.271978021978022	169
"PCA_moving_raw_PC1"	"FragmentationDark__Late2_Early2"	0.271796169931763	176
"PCA_moving_raw_PC1"	"ActivityLight__D6_D1"	0.26033762617473	169
"PCA_moving_raw_PC1"	"DarkCoreMoving__Late2_Early2"	0.239647809817301	176
"PCA_moving_raw_PC1"	"EveningPeakAmplitude__State_D2_D6"	0.217607307946291	176
"PCA_moving_raw_PC1"	"PWakeLight__Late2_Early2"	0.216155337874795	169
"PCA_moving_raw_PC1"	"MovingDark__D6_D1"	0.191666299801893	176
"PCA_moving_raw_PC1"	"ActivityLight__Late2_Early2"	0.182119238227836	169
"PCA_moving_raw_PC1"	"SleepAllocation__D6_D1"	0.155546715727711	169
"PCA_moving_raw_PC1"	"FragmentationLight__D6_D1"	0.154962458356124	169
"PCA_moving_raw_PC1"	"MovingDark__Late2_Early2"	0.147882456526524	176
"PCA_moving_raw_PC1"	"WakingActivityDark__State_D2_D6"	0.118043143297381	176
"PCA_moving_raw_PC1"	"FragmentationLight__Late2_Early2"	0.116361528844256	168
"PCA_moving_raw_PC1"	"DuskResponse__State_D2_D6"	0.0903995654851367	176
"PCA_moving_raw_PC1"	"SleepAllocation__Late2_Early2"	0.0878623638804635	169
"PCA_moving_raw_PC1"	"OddEvenProfileCorrelation__State_D2_D6"	0.0708804754567466	176
"PCA_moving_raw_PC1"	"LD24hLagCorrelation__State_D2_D6"	0.0684789786484702	176
"PCA_moving_raw_PC1"	"DawnAnticipation__D6_D1"	0.056832489544354	176
"PCA_moving_raw_PC1"	"DawnAnticipation__Late2_Early2"	0.0548602245212415	176
"PCA_moving_raw_PC1"	"PDozeDark__Late2_Early2"	0.0419656614571869	176
"PCA_moving_raw_PC1"	"PDozeDark__D6_D1"	0.0356658595641646	176
"PCA_moving_raw_PC1"	"ActivityDark__D6_D1"	-0.00123046445080343	176
"PCA_moving_raw_PC1"	"LDInterdailyStability__State_D2_D6"	-0.015841954655514	176
"PCA_moving_raw_PC1"	"ActivityDark__Late2_Early2"	-0.0183755227823024	176
"PCA_moving_raw_PC1"	"WakingActivityDark__D6_D1"	-0.0271736737838433	176
"PCA_moving_raw_PC1"	"WakingActivityDark__Late2_Early2"	-0.0492163768434955	176
"PCA_moving_raw_PC1"	"PDozeLight__D6_D1"	-0.0728998113927051	167
"PCA_moving_raw_PC1"	"DuskAnticipation__State_D2_D6"	-0.102059972836542	173
"PCA_moving_raw_PC1"	"TwoHarmonicR2__Late2_Early2"	-0.13338720103426	169
"PCA_moving_raw_PC1"	"ActivityContrast__Late2_Early2"	-0.14088061260007	169
"PCA_moving_raw_PC1"	"DuskAnticipation__D6_D1"	-0.142214303430333	168
"PCA_moving_raw_PC1"	"DuskResponse__Late2_Early2"	-0.142319030551986	176
"PCA_moving_raw_PC1"	"Harmonic24Amplitude__D6_D1"	-0.148254686489981	169
"PCA_moving_raw_PC1"	"Harmonic12Amplitude__D6_D1"	-0.155536770921386	169
"PCA_moving_raw_PC1"	"TwoHarmonicR2__D6_D1"	-0.15964646213515	169
"PCA_moving_raw_PC1"	"Harmonic24Amplitude__Late2_Early2"	-0.163693998309383	169
"PCA_moving_raw_PC1"	"Harmonic12Amplitude__Late2_Early2"	-0.17485704340908	169
"PCA_moving_raw_PC1"	"DuskAnticipation__Late2_Early2"	-0.185876096344317	167
"PCA_moving_raw_PC1"	"DuskResponse__D6_D1"	-0.193028835571208	176
"PCA_moving_raw_PC1"	"ActivityContrast__D6_D1"	-0.234498533141067	169
"PCA_moving_raw_PC1"	"MorningPeakOffset__State_D2_D6"	-0.261304221704955	172
"PCA_moving_raw_PC1"	"DawnResponse__State_D2_D6"	-0.268537457922921	176
"PCA_moving_raw_PC1"	"DarkSleep__Late2_Early2"	-0.273158705701079	176
"PCA_moving_raw_PC1"	"LongestBoutDark__Late2_Early2"	-0.278155403918116	176
"PCA_moving_raw_PC1"	"EveningPeakAmplitude__D6_D1"	-0.284682512058078	169
"PCA_moving_raw_PC1"	"EveningPeakAmplitude__Late2_Early2"	-0.285388593307145	169
"PCA_moving_raw_PC1"	"LongestBoutDark__D6_D1"	-0.287856042262822	176
"PCA_moving_raw_PC1"	"TotalSleep__Late2_Early2"	-0.289891104370742	169
"PCA_moving_raw_PC1"	"LightSleep__Late2_Early2"	-0.307416339316792	169
"PCA_moving_raw_PC1"	"SleepAllocation__State_D2_D6"	-0.31435174994497	176
"PCA_moving_raw_PC1"	"DarkSleep__D6_D1"	-0.316064274708342	176
"PCA_moving_raw_PC1"	"TotalSleep__D6_D1"	-0.324784943563224	169
"PCA_moving_raw_PC1"	"LightSleep__D6_D1"	-0.328379991049674	169
"PCA_moving_raw_PC1"	"LDIntradailyVariability__State_D2_D6"	-0.336506713625358	176
"PCA_moving_raw_PC1"	"DawnAnticipation__State_D2_D6"	-0.452196786264583	176
"PCA_moving_raw_PC1"	"LightSleep__State_D2_D6"	-0.588828967642527	176
"PCA_moving_raw_PC1"	"PDozeDark__State_D2_D6"	-0.614303323794849	176
"PCA_moving_raw_PC1"	"LongestBoutDark__State_D2_D6"	-0.686555139775479	176
"PCA_moving_raw_PC1"	"DarkSleep__State_D2_D6"	-0.95062513757429	176
"PCA_moving_raw_PC1"	"TotalSleep__State_D2_D6"	-0.956852300242131	176
"PCA_moving_raw_PC2"	"DuskAnticipation__State_D2_D6"	0.632516884453324	173
"PCA_moving_raw_PC2"	"ActivityContrast__State_D2_D6"	0.570002201188642	176
"PCA_moving_raw_PC2"	"LightSleep__State_D2_D6"	0.562018489984592	176
"PCA_moving_raw_PC2"	"Harmonic12Amplitude__State_D2_D6"	0.560618534008365	176
"PCA_moving_raw_PC2"	"EveningPeakAmplitude__State_D2_D6"	0.518217037200088	176
"PCA_moving_raw_PC2"	"LDInterdailyStability__State_D2_D6"	0.470244331939247	176
"PCA_moving_raw_PC2"	"LD24hLagCorrelation__State_D2_D6"	0.436720228923619	176
"PCA_moving_raw_PC2"	"OddEvenProfileCorrelation__State_D2_D6"	0.38794849218578	176
"PCA_moving_raw_PC2"	"DuskResponse__State_D2_D6"	0.370472358833624	176
"PCA_moving_raw_PC2"	"TwoHarmonicR2__State_D2_D6"	0.329718247853841	176
"PCA_moving_raw_PC2"	"DawnAnticipation__D6_D1"	0.185450143077262	176
"PCA_moving_raw_PC2"	"LongestBoutDark__State_D2_D6"	0.162604006163328	176
"PCA_moving_raw_PC2"	"LongestBoutDark__Late2_Early2"	0.160099053488884	176
"PCA_moving_raw_PC2"	"MovingDark__State_D2_D6"	0.155067136253577	176
"PCA_moving_raw_PC2"	"PDozeLight__D6_D1"	0.14865707483484	167
"PCA_moving_raw_PC2"	"DarkSleep__Late2_Early2"	0.145952014087607	176
"PCA_moving_raw_PC2"	"TotalSleep__Late2_Early2"	0.144229526129979	169
"PCA_moving_raw_PC2"	"PDozeDark__Late2_Early2"	0.128958837772397	176
"PCA_moving_raw_PC2"	"LongestBoutDark__D6_D1"	0.119324235086947	176
"PCA_moving_raw_PC2"	"DawnAnticipation__Late2_Early2"	0.114248294078803	176
"PCA_moving_raw_PC2"	"DarkSleep__D6_D1"	0.113284173453665	176
"PCA_moving_raw_PC2"	"TotalSleep__D6_D1"	0.11123017254239	169
"PCA_moving_raw_PC2"	"PDozeDark__D6_D1"	0.107129650011006	176
"PCA_moving_raw_PC2"	"FragmentationLight__D6_D1"	0.107103077917558	169
"PCA_moving_raw_PC2"	"TotalSleep__State_D2_D6"	0.106913933524103	176
"PCA_moving_raw_PC2"	"Harmonic24Amplitude__Late2_Early2"	0.103075431355974	169
"PCA_moving_raw_PC2"	"LightSleep__D6_D1"	0.10142210730446	169
"PCA_moving_raw_PC2"	"PWakeLight__D6_D1"	0.0895529809556959	169
"PCA_moving_raw_PC2"	"ActivityLight__D6_D1"	0.0880985530306798	169
"PCA_moving_raw_PC2"	"ActivityDark__State_D2_D6"	0.084719348448162	176
"PCA_moving_raw_PC2"	"LightSleep__Late2_Early2"	0.0786261250062155	169
"PCA_moving_raw_PC2"	"ActivityLight__Late2_Early2"	0.072554820744866	169
"PCA_moving_raw_PC2"	"FragmentationLight__Late2_Early2"	0.0635145600599309	168
"PCA_moving_raw_PC2"	"DawnResponse__State_D2_D6"	0.0613031374109368	176
"PCA_moving_raw_PC2"	"SleepAllocation__Late2_Early2"	0.0607030978071702	169
"PCA_moving_raw_PC2"	"Harmonic24Amplitude__D6_D1"	0.054845606881806	169
"PCA_moving_raw_PC2"	"PWakeLight__Late2_Early2"	0.0469643478693253	169
"PCA_moving_raw_PC2"	"TwoHarmonicR2__Late2_Early2"	0.0251479289940828	169
"PCA_moving_raw_PC2"	"WakingActivityDark__D6_D1"	0.0189698437156064	176
"PCA_moving_raw_PC2"	"DuskResponse__Late2_Early2"	0.0137794484808784	176
"PCA_moving_raw_PC2"	"PWakeDark__State_D2_D6"	0.00935725291657495	176
"PCA_moving_raw_PC2"	"DarkCoreMoving__State_D2_D6"	-0.0136209553158706	176
"PCA_moving_raw_PC2"	"Harmonic24Amplitude__State_D2_D6"	-0.0150539291217257	176
"PCA_moving_raw_PC2"	"SleepAllocation__D6_D1"	-0.0178210929342151	169
"PCA_moving_raw_PC2"	"TwoHarmonicR2__D6_D1"	-0.0223559246183681	169
"PCA_moving_raw_PC2"	"WakingActivityDark__State_D2_D6"	-0.0298371120405019	176
"PCA_moving_raw_PC2"	"DuskAnticipation__D6_D1"	-0.0499111666776338	168
"PCA_moving_raw_PC2"	"WakingActivityDark__Late2_Early2"	-0.0574025974025974	176
"PCA_moving_raw_PC2"	"FragmentationDark__D6_D1"	-0.058613251155624	176
"PCA_moving_raw_PC2"	"PWakeDark__D6_D1"	-0.0600792427911072	176
"PCA_moving_raw_PC2"	"PWakeDark__Late2_Early2"	-0.0644155844155844	176
"PCA_moving_raw_PC2"	"MovingLight__Late2_Early2"	-0.0729799612152554	169
"PCA_moving_raw_PC2"	"FragmentationDark__Late2_Early2"	-0.0800924499229584	176
"PCA_moving_raw_PC2"	"SiestaMoving__D6_D1"	-0.0845035580674658	169
"PCA_moving_raw_PC2"	"DuskResponse__D6_D1"	-0.087162667840634	176
"PCA_moving_raw_PC2"	"MovingLight__D6_D1"	-0.0912982944657153	169
"PCA_moving_raw_PC2"	"DarkCoreMoving__D6_D1"	-0.0947765793528505	176
"PCA_moving_raw_PC2"	"DuskAnticipation__Late2_Early2"	-0.103584569243613	167
"PCA_moving_raw_PC2"	"DarkCoreMoving__Late2_Early2"	-0.113510895883777	176
"PCA_moving_raw_PC2"	"DarkSleep__State_D2_D6"	-0.121129209773278	176
"PCA_moving_raw_PC2"	"SiestaMoving__Late2_Early2"	-0.125197653025707	169
"PCA_moving_raw_PC2"	"DawnAnticipation__State_D2_D6"	-0.142751485802333	176
"PCA_moving_raw_PC2"	"FragmentationDark__State_D2_D6"	-0.153334800792428	176
"PCA_moving_raw_PC2"	"MovingDark__D6_D1"	-0.159630200308166	176
"PCA_moving_raw_PC2"	"ActivityDark__D6_D1"	-0.164913053048646	176
"PCA_moving_raw_PC2"	"MorningPeakAmplitude__State_D2_D6"	-0.177191283292978	176
"PCA_moving_raw_PC2"	"ActivityDark__Late2_Early2"	-0.179696235967422	176
"PCA_moving_raw_PC2"	"MovingDark__Late2_Early2"	-0.188382126348228	176
"PCA_moving_raw_PC2"	"ActivityContrast__D6_D1"	-0.193468748446124	169
"PCA_moving_raw_PC2"	"Harmonic12Amplitude__D6_D1"	-0.216299537566506	169
"PCA_moving_raw_PC2"	"ActivityContrast__Late2_Early2"	-0.225757048381483	169
"PCA_moving_raw_PC2"	"Harmonic12Amplitude__Late2_Early2"	-0.254863010292875	169
"PCA_moving_raw_PC2"	"PDozeDark__State_D2_D6"	-0.278657274928461	176
"PCA_moving_raw_PC2"	"LDIntradailyVariability__State_D2_D6"	-0.288294078802553	176
"PCA_moving_raw_PC2"	"MorningPeakOffset__State_D2_D6"	-0.309596413402103	172
"PCA_moving_raw_PC2"	"EveningPeakAmplitude__D6_D1"	-0.42451146138929	169
"PCA_moving_raw_PC2"	"EveningPeakAmplitude__Late2_Early2"	-0.42676644622346	169
"PCA_moving_raw_PC2"	"ActivityLight__State_D2_D6"	-0.45158045344486	176
"PCA_moving_raw_PC2"	"MovingLight__State_D2_D6"	-0.517517059211975	176
"PCA_moving_raw_PC2"	"FragmentationLight__State_D2_D6"	-0.547154052843708	175
"PCA_moving_raw_PC2"	"SiestaMoving__State_D2_D6"	-0.566656394453005	176
"PCA_moving_raw_PC2"	"PWakeLight__State_D2_D6"	-0.600970724191063	176
"PCA_moving_raw_PC2"	"SleepAllocation__State_D2_D6"	-0.687710763812459	176
"PCA_moving_raw_PC3"	"MorningPeakOffset__State_D2_D6"	0.538456640323756	172
"PCA_moving_raw_PC3"	"DawnAnticipation__State_D2_D6"	0.49758309487123	176
"PCA_moving_raw_PC3"	"Harmonic24Amplitude__State_D2_D6"	0.457640325775919	176
"PCA_moving_raw_PC3"	"SleepAllocation__State_D2_D6"	0.398430552498349	176
"PCA_moving_raw_PC3"	"MovingLight__State_D2_D6"	0.393552718467973	176
"PCA_moving_raw_PC3"	"SiestaMoving__State_D2_D6"	0.360110059432093	176
"PCA_moving_raw_PC3"	"PWakeLight__State_D2_D6"	0.357585296059872	176
"PCA_moving_raw_PC3"	"ActivityLight__State_D2_D6"	0.304626898525204	176
"PCA_moving_raw_PC3"	"TwoHarmonicR2__State_D2_D6"	0.217858243451464	176
"PCA_moving_raw_PC3"	"OddEvenProfileCorrelation__State_D2_D6"	0.207219898745322	176
"PCA_moving_raw_PC3"	"FragmentationLight__State_D2_D6"	0.204729064039409	175
"PCA_moving_raw_PC3"	"DuskResponse__D6_D1"	0.194545454545455	176
"PCA_moving_raw_PC3"	"LD24hLagCorrelation__State_D2_D6"	0.192716266784063	176
"PCA_moving_raw_PC3"	"DuskResponse__Late2_Early2"	0.178453763181715	176
"PCA_moving_raw_PC3"	"ActivityContrast__Late2_Early2"	0.177082193824275	169
"PCA_moving_raw_PC3"	"LongestBoutDark__D6_D1"	0.176572749284614	176
"PCA_moving_raw_PC3"	"DawnAnticipation__D6_D1"	0.167043803653973	176
"PCA_moving_raw_PC3"	"LDInterdailyStability__State_D2_D6"	0.166775258639665	176
"PCA_moving_raw_PC3"	"LongestBoutDark__State_D2_D6"	0.166451683909311	176
"PCA_moving_raw_PC3"	"DawnAnticipation__Late2_Early2"	0.163235747303544	176
"PCA_moving_raw_PC3"	"Harmonic24Amplitude__Late2_Early2"	0.159934861518572	169
"PCA_moving_raw_PC3"	"LongestBoutDark__Late2_Early2"	0.148051948051948	176
"PCA_moving_raw_PC3"	"EveningPeakAmplitude__D6_D1"	0.139722042663219	169
"PCA_moving_raw_PC3"	"DuskAnticipation__D6_D1"	0.135117761096573	168
"PCA_moving_raw_PC3"	"Harmonic24Amplitude__D6_D1"	0.134227537168714	169
"PCA_moving_raw_PC3"	"ActivityContrast__D6_D1"	0.128054298642534	169
"PCA_moving_raw_PC3"	"EveningPeakAmplitude__Late2_Early2"	0.116595395554672	169
"PCA_moving_raw_PC3"	"WakingActivityDark__Late2_Early2"	0.110237728373322	176
"PCA_moving_raw_PC3"	"TotalSleep__D6_D1"	0.101809954751131	169
"PCA_moving_raw_PC3"	"WakingActivityDark__D6_D1"	0.0981047765793529	176
"PCA_moving_raw_PC3"	"DarkSleep__D6_D1"	0.0935020911292098	176
"PCA_moving_raw_PC3"	"DuskAnticipation__Late2_Early2"	0.0889365846620013	167
"PCA_moving_raw_PC3"	"LightSleep__Late2_Early2"	0.0761225200139228	169
"PCA_moving_raw_PC3"	"Harmonic12Amplitude__Late2_Early2"	0.0752150564367759	169
"PCA_moving_raw_PC3"	"LightSleep__D6_D1"	0.0719357565511412	169
"PCA_moving_raw_PC3"	"DawnResponse__State_D2_D6"	0.0643495841677316	176
"PCA_moving_raw_PC3"	"TotalSleep__Late2_Early2"	0.0634975883844662	169
"PCA_moving_raw_PC3"	"DarkSleep__Late2_Early2"	0.0607395993836672	176
"PCA_moving_raw_PC3"	"Harmonic12Amplitude__D6_D1"	0.056165779921436	169
"PCA_moving_raw_PC3"	"EveningPeakAmplitude__State_D2_D6"	0.0557164869029276	176
"PCA_moving_raw_PC3"	"DarkSleep__State_D2_D6"	0.050840854061193	176
"PCA_moving_raw_PC3"	"DuskResponse__State_D2_D6"	0.0446269230832794	176
"PCA_moving_raw_PC3"	"MorningPeakAmplitude__State_D2_D6"	0.0411160026414264	176
"PCA_moving_raw_PC3"	"Harmonic12Amplitude__State_D2_D6"	0.0365309267004182	176
"PCA_moving_raw_PC3"	"PDozeLight__D6_D1"	0.0168612860337844	167
"PCA_moving_raw_PC3"	"TwoHarmonicR2__Late2_Early2"	0.00434588036397991	169
"PCA_moving_raw_PC3"	"ActivityDark__Late2_Early2"	0.00285714285714286	176
"PCA_moving_raw_PC3"	"MovingDark__State_D2_D6"	0.00014307726172133	176
"PCA_moving_raw_PC3"	"MovingDark__Late2_Early2"	-0.00304204270305965	176
"PCA_moving_raw_PC3"	"TwoHarmonicR2__D6_D1"	-0.0123042116254786	169
"PCA_moving_raw_PC3"	"MovingDark__D6_D1"	-0.0150869469513537	176
"PCA_moving_raw_PC3"	"ActivityDark__State_D2_D6"	-0.0195399515738499	176
"PCA_moving_raw_PC3"	"ActivityDark__D6_D1"	-0.0220779220779221	176
"PCA_moving_raw_PC3"	"FragmentationLight__Late2_Early2"	-0.0326633293008235	168
"PCA_moving_raw_PC3"	"SleepAllocation__D6_D1"	-0.0389488339714584	169
"PCA_moving_raw_PC3"	"SiestaMoving__Late2_Early2"	-0.0533538859330715	169
"PCA_moving_raw_PC3"	"WakingActivityDark__State_D2_D6"	-0.0570019810697777	176
"PCA_moving_raw_PC3"	"PWakeLight__Late2_Early2"	-0.058704191735866	169
"PCA_moving_raw_PC3"	"MovingLight__D6_D1"	-0.0591169011983492	169
"PCA_moving_raw_PC3"	"MovingLight__Late2_Early2"	-0.0739570384366765	169
"PCA_moving_raw_PC3"	"TotalSleep__State_D2_D6"	-0.0749262601804975	176
"PCA_moving_raw_PC3"	"SleepAllocation__Late2_Early2"	-0.0920565859479887	169
"PCA_moving_raw_PC3"	"DarkCoreMoving__Late2_Early2"	-0.100744001760951	176
"PCA_moving_raw_PC3"	"PWakeDark__Late2_Early2"	-0.102278230244332	176
"PCA_moving_raw_PC3"	"PWakeLight__D6_D1"	-0.113569688230322	169
"PCA_moving_raw_PC3"	"FragmentationDark__Late2_Early2"	-0.116141316310808	176
"PCA_moving_raw_PC3"	"PDozeDark__State_D2_D6"	-0.121523222540172	176
"PCA_moving_raw_PC3"	"PWakeDark__State_D2_D6"	-0.133612150561303	176
"PCA_moving_raw_PC3"	"DarkCoreMoving__D6_D1"	-0.139898745322474	176
"PCA_moving_raw_PC3"	"FragmentationLight__D6_D1"	-0.142290288896624	169
"PCA_moving_raw_PC3"	"SiestaMoving__D6_D1"	-0.145693989417505	169
"PCA_moving_raw_PC3"	"PWakeDark__D6_D1"	-0.156610169491525	176
"PCA_moving_raw_PC3"	"PDozeDark__D6_D1"	-0.156764252696456	176
"PCA_moving_raw_PC3"	"ActivityLight__Late2_Early2"	-0.176557605290637	169
"PCA_moving_raw_PC3"	"FragmentationDark__D6_D1"	-0.181483601144618	176
"PCA_moving_raw_PC3"	"ActivityLight__D6_D1"	-0.194545273730794	169
"PCA_moving_raw_PC3"	"PDozeDark__Late2_Early2"	-0.196112700858464	176
"PCA_moving_raw_PC3"	"FragmentationDark__State_D2_D6"	-0.207928681488004	176
"PCA_moving_raw_PC3"	"LDIntradailyVariability__State_D2_D6"	-0.222009685230024	176
"PCA_moving_raw_PC3"	"DarkCoreMoving__State_D2_D6"	-0.231516618974246	176
"PCA_moving_raw_PC3"	"DuskAnticipation__State_D2_D6"	-0.32411660818334	173
"PCA_moving_raw_PC3"	"ActivityContrast__State_D2_D6"	-0.326240369799692	176
"PCA_moving_raw_PC3"	"LightSleep__State_D2_D6"	-0.381602465331279	176
"PCA_sleep_centered_shape_PC1"	"SleepAllocation__State_D2_D6"	0.870735197006384	176
"PCA_sleep_centered_shape_PC1"	"PWakeLight__State_D2_D6"	0.516412062513758	176
"PCA_sleep_centered_shape_PC1"	"EveningPeakAmplitude__D6_D1"	0.474474168365571	169
"PCA_sleep_centered_shape_PC1"	"FragmentationLight__State_D2_D6"	0.468018360949395	175
"PCA_sleep_centered_shape_PC1"	"EveningPeakAmplitude__Late2_Early2"	0.465402018795684	169
"PCA_sleep_centered_shape_PC1"	"SiestaMoving__State_D2_D6"	0.46161567246313	176
"PCA_sleep_centered_shape_PC1"	"MorningPeakOffset__State_D2_D6"	0.455345582668865	172
"PCA_sleep_centered_shape_PC1"	"MovingLight__State_D2_D6"	0.398164208672683	176
"PCA_sleep_centered_shape_PC1"	"DarkSleep__State_D2_D6"	0.393814659916355	176
"PCA_sleep_centered_shape_PC1"	"PDozeDark__State_D2_D6"	0.361122606207352	176
"PCA_sleep_centered_shape_PC1"	"ActivityLight__State_D2_D6"	0.352993616552939	176
"PCA_sleep_centered_shape_PC1"	"DawnAnticipation__State_D2_D6"	0.342183579132732	176
"PCA_sleep_centered_shape_PC1"	"LDIntradailyVariability__State_D2_D6"	0.333193924719348	176
"PCA_sleep_centered_shape_PC1"	"Harmonic12Amplitude__Late2_Early2"	0.275665058922978	169
"PCA_sleep_centered_shape_PC1"	"ActivityContrast__Late2_Early2"	0.250544478146288	169
"PCA_sleep_centered_shape_PC1"	"ActivityContrast__D6_D1"	0.244764059469942	169
"PCA_sleep_centered_shape_PC1"	"Harmonic12Amplitude__D6_D1"	0.232628909551987	169
"PCA_sleep_centered_shape_PC1"	"DuskResponse__D6_D1"	0.146735637244112	176
"PCA_sleep_centered_shape_PC1"	"DuskAnticipation__Late2_Early2"	0.138667587372587	167
"PCA_sleep_centered_shape_PC1"	"TotalSleep__State_D2_D6"	0.137869249394673	176
"PCA_sleep_centered_shape_PC1"	"ActivityDark__Late2_Early2"	0.121512216596962	176
"PCA_sleep_centered_shape_PC1"	"ActivityDark__D6_D1"	0.111952454325336	176
"PCA_sleep_centered_shape_PC1"	"LongestBoutDark__State_D2_D6"	0.0828131190843055	176
"PCA_sleep_centered_shape_PC1"	"MovingDark__Late2_Early2"	0.082623816861105	176
"PCA_sleep_centered_shape_PC1"	"DuskAnticipation__D6_D1"	0.0798310395270322	168
"PCA_sleep_centered_shape_PC1"	"TwoHarmonicR2__D6_D1"	0.0674332454875442	169
"PCA_sleep_centered_shape_PC1"	"WakingActivityDark__Late2_Early2"	0.0620338983050847	176
"PCA_sleep_centered_shape_PC1"	"MovingDark__D6_D1"	0.0579484921857803	176
"PCA_sleep_centered_shape_PC1"	"DuskResponse__Late2_Early2"	0.0447149706774064	176
"PCA_sleep_centered_shape_PC1"	"MorningPeakAmplitude__State_D2_D6"	0.0386594761171032	176
"PCA_sleep_centered_shape_PC1"	"WakingActivityDark__State_D2_D6"	0.0349482720669161	176
"PCA_sleep_centered_shape_PC1"	"Harmonic24Amplitude__D6_D1"	0.0347272636865397	169
"PCA_sleep_centered_shape_PC1"	"SiestaMoving__Late2_Early2"	0.0345880363979912	169
"PCA_sleep_centered_shape_PC1"	"DarkSleep__D6_D1"	0.0315694475016509	176
"PCA_sleep_centered_shape_PC1"	"TwoHarmonicR2__Late2_Early2"	0.0278007060812491	169
"PCA_sleep_centered_shape_PC1"	"TotalSleep__D6_D1"	0.0195042514047039	169
"PCA_sleep_centered_shape_PC1"	"DawnResponse__State_D2_D6"	0.0175731991928263	176
"PCA_sleep_centered_shape_PC1"	"LongestBoutDark__D6_D1"	0.0172529165749505	176
"PCA_sleep_centered_shape_PC1"	"LightSleep__Late2_Early2"	0.0172194321515589	169
"PCA_sleep_centered_shape_PC1"	"LightSleep__D6_D1"	0.004169360051713	169
"PCA_sleep_centered_shape_PC1"	"Harmonic24Amplitude__State_D2_D6"	2.42130750605327e-05	176
"PCA_sleep_centered_shape_PC1"	"SleepAllocation__D6_D1"	-0.00109144249415743	169
"PCA_sleep_centered_shape_PC1"	"WakingActivityDark__D6_D1"	-0.00135593220338983	176
"PCA_sleep_centered_shape_PC1"	"DarkCoreMoving__Late2_Early2"	-0.00329297820823245	176
"PCA_sleep_centered_shape_PC1"	"DarkSleep__Late2_Early2"	-0.00649350649350649	176
"PCA_sleep_centered_shape_PC1"	"MovingLight__D6_D1"	-0.00943762120232709	169
"PCA_sleep_centered_shape_PC1"	"TotalSleep__Late2_Early2"	-0.0114613892894436	169
"PCA_sleep_centered_shape_PC1"	"Harmonic24Amplitude__Late2_Early2"	-0.0124036596887276	169
"PCA_sleep_centered_shape_PC1"	"MovingLight__Late2_Early2"	-0.0208741484759584	169
"PCA_sleep_centered_shape_PC1"	"SiestaMoving__D6_D1"	-0.0211712627239255	169
"PCA_sleep_centered_shape_PC1"	"LongestBoutDark__Late2_Early2"	-0.025148580233326	176
"PCA_sleep_centered_shape_PC1"	"FragmentationDark__Late2_Early2"	-0.0324058991855602	176
"PCA_sleep_centered_shape_PC1"	"DarkCoreMoving__D6_D1"	-0.0334228483381026	176
"PCA_sleep_centered_shape_PC1"	"SleepAllocation__Late2_Early2"	-0.0615235443289742	169
"PCA_sleep_centered_shape_PC1"	"FragmentationDark__D6_D1"	-0.0662337662337662	176
"PCA_sleep_centered_shape_PC1"	"PWakeDark__Late2_Early2"	-0.0742945190402818	176
"PCA_sleep_centered_shape_PC1"	"PWakeDark__D6_D1"	-0.0898789346246974	176
"PCA_sleep_centered_shape_PC1"	"FragmentationDark__State_D2_D6"	-0.0913229143737618	176
"PCA_sleep_centered_shape_PC1"	"PDozeLight__D6_D1"	-0.106207550475641	167
"PCA_sleep_centered_shape_PC1"	"FragmentationLight__Late2_Early2"	-0.111717393615137	168
"PCA_sleep_centered_shape_PC1"	"DawnAnticipation__Late2_Early2"	-0.115930002201189	176
"PCA_sleep_centered_shape_PC1"	"PDozeDark__D6_D1"	-0.122524763372221	176
"PCA_sleep_centered_shape_PC1"	"PWakeLight__Late2_Early2"	-0.124320023867535	169
"PCA_sleep_centered_shape_PC1"	"PDozeDark__Late2_Early2"	-0.132282632621616	176
"PCA_sleep_centered_shape_PC1"	"DawnAnticipation__D6_D1"	-0.143429451904028	176
"PCA_sleep_centered_shape_PC1"	"FragmentationLight__D6_D1"	-0.15629506240366	169
"PCA_sleep_centered_shape_PC1"	"ActivityLight__Late2_Early2"	-0.160295360747849	169
"PCA_sleep_centered_shape_PC1"	"PWakeLight__D6_D1"	-0.161739843866541	169
"PCA_sleep_centered_shape_PC1"	"ActivityLight__D6_D1"	-0.178357615235443	169
"PCA_sleep_centered_shape_PC1"	"DarkCoreMoving__State_D2_D6"	-0.286810477657935	176
"PCA_sleep_centered_shape_PC1"	"PWakeDark__State_D2_D6"	-0.295491965661457	176
"PCA_sleep_centered_shape_PC1"	"ActivityDark__State_D2_D6"	-0.313308386528726	176
"PCA_sleep_centered_shape_PC1"	"DuskResponse__State_D2_D6"	-0.328907290836111	176
"PCA_sleep_centered_shape_PC1"	"OddEvenProfileCorrelation__State_D2_D6"	-0.354367158265463	176
"PCA_sleep_centered_shape_PC1"	"LD24hLagCorrelation__State_D2_D6"	-0.396823684789787	176
"PCA_sleep_centered_shape_PC1"	"TwoHarmonicR2__State_D2_D6"	-0.396909531146819	176
"PCA_sleep_centered_shape_PC1"	"MovingDark__State_D2_D6"	-0.40753466872111	176
"PCA_sleep_centered_shape_PC1"	"LDInterdailyStability__State_D2_D6"	-0.41075500770416	176
"PCA_sleep_centered_shape_PC1"	"LightSleep__State_D2_D6"	-0.461069777679947	176
"PCA_sleep_centered_shape_PC1"	"EveningPeakAmplitude__State_D2_D6"	-0.502390490865067	176
"PCA_sleep_centered_shape_PC1"	"DuskAnticipation__State_D2_D6"	-0.632187770881329	173
"PCA_sleep_centered_shape_PC1"	"Harmonic12Amplitude__State_D2_D6"	-0.647444419986793	176
"PCA_sleep_centered_shape_PC1"	"ActivityContrast__State_D2_D6"	-0.759176755447942	176
"PCA_sleep_centered_shape_PC2"	"DarkCoreMoving__State_D2_D6"	0.403330398415144	176
"PCA_sleep_centered_shape_PC2"	"FragmentationDark__State_D2_D6"	0.368025533788246	176
"PCA_sleep_centered_shape_PC2"	"PWakeDark__State_D2_D6"	0.287574290116663	176
"PCA_sleep_centered_shape_PC2"	"ActivityContrast__State_D2_D6"	0.257675544794189	176
"PCA_sleep_centered_shape_PC2"	"PWakeDark__D6_D1"	0.253849878934625	176
"PCA_sleep_centered_shape_PC2"	"FragmentationDark__D6_D1"	0.238029936165529	176
"PCA_sleep_centered_shape_PC2"	"ActivityLight__D6_D1"	0.21799264084332	169
"PCA_sleep_centered_shape_PC2"	"SiestaMoving__D6_D1"	0.216760862687665	169
"PCA_sleep_centered_shape_PC2"	"DarkCoreMoving__D6_D1"	0.209581774158045	176
"PCA_sleep_centered_shape_PC2"	"PWakeDark__Late2_Early2"	0.194514637904468	176
"PCA_sleep_centered_shape_PC2"	"ActivityDark__State_D2_D6"	0.1932071318512	176
"PCA_sleep_centered_shape_PC2"	"ActivityLight__Late2_Early2"	0.191497190592213	169
"PCA_sleep_centered_shape_PC2"	"FragmentationDark__Late2_Early2"	0.187083425049527	176
"PCA_sleep_centered_shape_PC2"	"PDozeDark__Late2_Early2"	0.181149020471054	176
"PCA_sleep_centered_shape_PC2"	"DarkCoreMoving__Late2_Early2"	0.171338322694255	176
"PCA_sleep_centered_shape_PC2"	"MovingDark__State_D2_D6"	0.170358793748624	176
"PCA_sleep_centered_shape_PC2"	"LDIntradailyVariability__State_D2_D6"	0.16956416464891	176
"PCA_sleep_centered_shape_PC2"	"MovingLight__D6_D1"	0.145989756849485	169
"PCA_sleep_centered_shape_PC2"	"MovingLight__Late2_Early2"	0.144865993734772	169
"PCA_sleep_centered_shape_PC2"	"PDozeDark__D6_D1"	0.142498349108519	176
"PCA_sleep_centered_shape_PC2"	"PWakeLight__D6_D1"	0.14112426035503	169
"PCA_sleep_centered_shape_PC2"	"SiestaMoving__Late2_Early2"	0.135955447267665	169
"PCA_sleep_centered_shape_PC2"	"FragmentationLight__D6_D1"	0.129371985480583	169
"PCA_sleep_centered_shape_PC2"	"WakingActivityDark__State_D2_D6"	0.119002861545234	176
"PCA_sleep_centered_shape_PC2"	"MorningPeakAmplitude__State_D2_D6"	0.118747523662778	176
"PCA_sleep_centered_shape_PC2"	"DuskAnticipation__State_D2_D6"	0.11849710982659	173
"PCA_sleep_centered_shape_PC2"	"LightSleep__State_D2_D6"	0.100050627338763	176
"PCA_sleep_centered_shape_PC2"	"PWakeLight__Late2_Early2"	0.0885684451295311	169
"PCA_sleep_centered_shape_PC2"	"MovingDark__D6_D1"	0.087838432753687	176
"PCA_sleep_centered_shape_PC2"	"SleepAllocation__Late2_Early2"	0.0785167321366417	169
"PCA_sleep_centered_shape_PC2"	"MovingDark__Late2_Early2"	0.0684525643847678	176
"PCA_sleep_centered_shape_PC2"	"SleepAllocation__D6_D1"	0.0619461985977823	169
"PCA_sleep_centered_shape_PC2"	"ActivityDark__D6_D1"	0.0496478098173013	176
"PCA_sleep_centered_shape_PC2"	"PDozeDark__State_D2_D6"	0.0412084525643848	176
"PCA_sleep_centered_shape_PC2"	"FragmentationLight__Late2_Early2"	0.0313143788500767	168
"PCA_sleep_centered_shape_PC2"	"ActivityDark__Late2_Early2"	0.0255910191503412	176
"PCA_sleep_centered_shape_PC2"	"FragmentationLight__State_D2_D6"	0.00850201522615316	175
"PCA_sleep_centered_shape_PC2"	"Harmonic12Amplitude__D6_D1"	-0.0274973894883397	169
"PCA_sleep_centered_shape_PC2"	"TwoHarmonicR2__D6_D1"	-0.0387027000149172	169
"PCA_sleep_centered_shape_PC2"	"ActivityLight__State_D2_D6"	-0.0428065155183799	176
"PCA_sleep_centered_shape_PC2"	"Harmonic12Amplitude__State_D2_D6"	-0.0446114902047105	176
"PCA_sleep_centered_shape_PC2"	"Harmonic12Amplitude__Late2_Early2"	-0.044798866292079	169
"PCA_sleep_centered_shape_PC2"	"EveningPeakAmplitude__Late2_Early2"	-0.0458927949878176	169
"PCA_sleep_centered_shape_PC2"	"PDozeLight__D6_D1"	-0.0590119245158564	167
"PCA_sleep_centered_shape_PC2"	"TwoHarmonicR2__Late2_Early2"	-0.0658719108945354	169
"PCA_sleep_centered_shape_PC2"	"SiestaMoving__State_D2_D6"	-0.0703742020691173	176
"PCA_sleep_centered_shape_PC2"	"EveningPeakAmplitude__D6_D1"	-0.0750236189150217	169
"PCA_sleep_centered_shape_PC2"	"DuskAnticipation__Late2_Early2"	-0.0789058715615241	167
"PCA_sleep_centered_shape_PC2"	"PWakeLight__State_D2_D6"	-0.0932753686990975	176
"PCA_sleep_centered_shape_PC2"	"MovingLight__State_D2_D6"	-0.103819062293639	176
"PCA_sleep_centered_shape_PC2"	"DuskResponse__State_D2_D6"	-0.107626077276088	176
"PCA_sleep_centered_shape_PC2"	"EveningPeakAmplitude__State_D2_D6"	-0.108203830068237	176
"PCA_sleep_centered_shape_PC2"	"DuskAnticipation__D6_D1"	-0.118986034693082	168
"PCA_sleep_centered_shape_PC2"	"WakingActivityDark__D6_D1"	-0.121012546775259	176
"PCA_sleep_centered_shape_PC2"	"WakingActivityDark__Late2_Early2"	-0.13046004842615	176
"PCA_sleep_centered_shape_PC2"	"ActivityContrast__D6_D1"	-0.13194520411715	169
"PCA_sleep_centered_shape_PC2"	"DawnResponse__State_D2_D6"	-0.14050525011297	176
"PCA_sleep_centered_shape_PC2"	"DarkSleep__Late2_Early2"	-0.146649790887079	176
"PCA_sleep_centered_shape_PC2"	"LightSleep__Late2_Early2"	-0.156317438217891	169
"PCA_sleep_centered_shape_PC2"	"ActivityContrast__Late2_Early2"	-0.156998657451146	169
"PCA_sleep_centered_shape_PC2"	"TotalSleep__Late2_Early2"	-0.159014966933519	169
"PCA_sleep_centered_shape_PC2"	"LightSleep__D6_D1"	-0.15915916662523	169
"PCA_sleep_centered_shape_PC2"	"TwoHarmonicR2__State_D2_D6"	-0.162104336341624	176
"PCA_sleep_centered_shape_PC2"	"TotalSleep__State_D2_D6"	-0.164851419766674	176
"PCA_sleep_centered_shape_PC2"	"DawnAnticipation__Late2_Early2"	-0.182520360994937	176
"PCA_sleep_centered_shape_PC2"	"DarkSleep__D6_D1"	-0.18267664538851	176
"PCA_sleep_centered_shape_PC2"	"Harmonic24Amplitude__D6_D1"	-0.18637312913331	169
"PCA_sleep_centered_shape_PC2"	"TotalSleep__D6_D1"	-0.191658793694993	169
"PCA_sleep_centered_shape_PC2"	"DuskResponse__D6_D1"	-0.20893902707462	176
"PCA_sleep_centered_shape_PC2"	"DawnAnticipation__D6_D1"	-0.210275148580233	176
"PCA_sleep_centered_shape_PC2"	"DarkSleep__State_D2_D6"	-0.218355712084526	176
"PCA_sleep_centered_shape_PC2"	"OddEvenProfileCorrelation__State_D2_D6"	-0.224353951133612	176
"PCA_sleep_centered_shape_PC2"	"Harmonic24Amplitude__Late2_Early2"	-0.226194619859778	169
"PCA_sleep_centered_shape_PC2"	"LD24hLagCorrelation__State_D2_D6"	-0.22857362976007	176
"PCA_sleep_centered_shape_PC2"	"DuskResponse__Late2_Early2"	-0.229313355334261	176
"PCA_sleep_centered_shape_PC2"	"LDInterdailyStability__State_D2_D6"	-0.236330618534008	176
"PCA_sleep_centered_shape_PC2"	"LongestBoutDark__Late2_Early2"	-0.237283733215937	176
"PCA_sleep_centered_shape_PC2"	"LongestBoutDark__D6_D1"	-0.239559762271627	176
"PCA_sleep_centered_shape_PC2"	"SleepAllocation__State_D2_D6"	-0.28204050187101	176
"PCA_sleep_centered_shape_PC2"	"Harmonic24Amplitude__State_D2_D6"	-0.328509795289456	176
"PCA_sleep_centered_shape_PC2"	"LongestBoutDark__State_D2_D6"	-0.347270526084085	176
"PCA_sleep_centered_shape_PC2"	"MorningPeakOffset__State_D2_D6"	-0.486350976244213	172
"PCA_sleep_centered_shape_PC2"	"DawnAnticipation__State_D2_D6"	-0.541787365177196	176
"PCA_sleep_centered_shape_PC3"	"DarkCoreMoving__State_D2_D6"	0.280537090028615	176
"PCA_sleep_centered_shape_PC3"	"MorningPeakOffset__State_D2_D6"	0.24896526839346	172
"PCA_sleep_centered_shape_PC3"	"FragmentationDark__State_D2_D6"	0.241432973805855	176
"PCA_sleep_centered_shape_PC3"	"PWakeDark__State_D2_D6"	0.234065595421528	176
"PCA_sleep_centered_shape_PC3"	"ActivityContrast__State_D2_D6"	0.190244331939247	176
"PCA_sleep_centered_shape_PC3"	"FragmentationLight__Late2_Early2"	0.184563248819352	168
"PCA_sleep_centered_shape_PC3"	"LDIntradailyVariability__State_D2_D6"	0.174813999559762	176
"PCA_sleep_centered_shape_PC3"	"DawnAnticipation__Late2_Early2"	0.161245872771297	176
"PCA_sleep_centered_shape_PC3"	"SiestaMoving__Late2_Early2"	0.145251354979862	169
"PCA_sleep_centered_shape_PC3"	"MovingDark__State_D2_D6"	0.143653973145499	176
"PCA_sleep_centered_shape_PC3"	"PDozeDark__State_D2_D6"	0.142973805855162	176
"PCA_sleep_centered_shape_PC3"	"MovingLight__Late2_Early2"	0.142921784098255	169
"PCA_sleep_centered_shape_PC3"	"DuskAnticipation__D6_D1"	0.142171278744287	168
"PCA_sleep_centered_shape_PC3"	"MovingDark__Late2_Early2"	0.140550297160467	176
"PCA_sleep_centered_shape_PC3"	"DuskAnticipation__Late2_Early2"	0.138358395085904	167
"PCA_sleep_centered_shape_PC3"	"MovingLight__D6_D1"	0.132029734970911	169
"PCA_sleep_centered_shape_PC3"	"EveningPeakAmplitude__Late2_Early2"	0.131895480085525	169
"PCA_sleep_centered_shape_PC3"	"MovingDark__D6_D1"	0.127684349548756	176
"PCA_sleep_centered_shape_PC3"	"ActivityLight__Late2_Early2"	0.118860325195167	169
"PCA_sleep_centered_shape_PC3"	"Harmonic24Amplitude__State_D2_D6"	0.117884657715166	176
"PCA_sleep_centered_shape_PC3"	"DawnAnticipation__D6_D1"	0.113700198106978	176
"PCA_sleep_centered_shape_PC3"	"PWakeLight__Late2_Early2"	0.109656406941475	169
"PCA_sleep_centered_shape_PC3"	"ActivityDark__State_D2_D6"	0.108754127228704	176
"PCA_sleep_centered_shape_PC3"	"DuskResponse__D6_D1"	0.106053268765133	176
"PCA_sleep_centered_shape_PC3"	"DawnResponse__State_D2_D6"	0.0980453984401417	176
"PCA_sleep_centered_shape_PC3"	"ActivityDark__D6_D1"	0.0971516618974246	176
"PCA_sleep_centered_shape_PC3"	"Harmonic12Amplitude__Late2_Early2"	0.0926980259559445	169
"PCA_sleep_centered_shape_PC3"	"ActivityDark__Late2_Early2"	0.0822165969623597	176
"PCA_sleep_centered_shape_PC3"	"PWakeDark__Late2_Early2"	0.0794320933303984	176
"PCA_sleep_centered_shape_PC3"	"PWakeDark__D6_D1"	0.0766255778120185	176
"PCA_sleep_centered_shape_PC3"	"MorningPeakAmplitude__State_D2_D6"	0.0686660796830288	176
"PCA_sleep_centered_shape_PC3"	"FragmentationLight__State_D2_D6"	0.0686430810568742	175
"PCA_sleep_centered_shape_PC3"	"SiestaMoving__D6_D1"	0.0671548326505728	169
"PCA_sleep_centered_shape_PC3"	"FragmentationLight__D6_D1"	0.0655710805032072	169
"PCA_sleep_centered_shape_PC3"	"EveningPeakAmplitude__D6_D1"	0.0602182884988315	169
"PCA_sleep_centered_shape_PC3"	"Harmonic12Amplitude__D6_D1"	0.0558003082889961	169
"PCA_sleep_centered_shape_PC3"	"FragmentationDark__Late2_Early2"	0.0537442218798151	176
"PCA_sleep_centered_shape_PC3"	"FragmentationDark__D6_D1"	0.0417895663658376	176
"PCA_sleep_centered_shape_PC3"	"SiestaMoving__State_D2_D6"	0.0414659916354832	176
"PCA_sleep_centered_shape_PC3"	"PWakeLight__State_D2_D6"	0.0244860224521241	176
"PCA_sleep_centered_shape_PC3"	"PWakeLight__D6_D1"	0.020093481179454	169
"PCA_sleep_centered_shape_PC3"	"DarkCoreMoving__Late2_Early2"	0.0156526524323135	176
"PCA_sleep_centered_shape_PC3"	"DarkCoreMoving__D6_D1"	0.0152718467972705	176
"PCA_sleep_centered_shape_PC3"	"LightSleep__State_D2_D6"	0.00920096852300242	176
"PCA_sleep_centered_shape_PC3"	"ActivityLight__D6_D1"	0.00731689125354284	169
"PCA_sleep_centered_shape_PC3"	"WakingActivityDark__Late2_Early2"	0.00365397314549857	176
"PCA_sleep_centered_shape_PC3"	"MovingLight__State_D2_D6"	0.00167730574510236	176
"PCA_sleep_centered_shape_PC3"	"ActivityLight__State_D2_D6"	-0.00195685670261941	176
"PCA_sleep_centered_shape_PC3"	"SleepAllocation__Late2_Early2"	-0.0103948088110984	169
"PCA_sleep_centered_shape_PC3"	"SleepAllocation__D6_D1"	-0.0136691362935707	169
"PCA_sleep_centered_shape_PC3"	"WakingActivityDark__D6_D1"	-0.0194430992736078	176
"PCA_sleep_centered_shape_PC3"	"PDozeLight__D6_D1"	-0.0195744483494285	167
"PCA_sleep_centered_shape_PC3"	"ActivityContrast__Late2_Early2"	-0.0240415692904381	169
"PCA_sleep_centered_shape_PC3"	"PDozeDark__D6_D1"	-0.0377790006603566	176
"PCA_sleep_centered_shape_PC3"	"WakingActivityDark__State_D2_D6"	-0.0383755227823024	176
"PCA_sleep_centered_shape_PC3"	"ActivityContrast__D6_D1"	-0.0477276117547611	169
"PCA_sleep_centered_shape_PC3"	"DawnAnticipation__State_D2_D6"	-0.0583138895003302	176
"PCA_sleep_centered_shape_PC3"	"TwoHarmonicR2__State_D2_D6"	-0.0679683028835571	176
"PCA_sleep_centered_shape_PC3"	"DuskResponse__Late2_Early2"	-0.0817995167287801	176
"PCA_sleep_centered_shape_PC3"	"LightSleep__Late2_Early2"	-0.0886703793943613	169
"PCA_sleep_centered_shape_PC3"	"PDozeDark__Late2_Early2"	-0.0888355712084526	176
"PCA_sleep_centered_shape_PC3"	"LightSleep__D6_D1"	-0.0941151608572423	169
"PCA_sleep_centered_shape_PC3"	"DuskResponse__State_D2_D6"	-0.10090694524927	176
"PCA_sleep_centered_shape_PC3"	"TotalSleep__State_D2_D6"	-0.104455205811138	176
"PCA_sleep_centered_shape_PC3"	"LongestBoutDark__D6_D1"	-0.106632181377944	176
"PCA_sleep_centered_shape_PC3"	"TotalSleep__D6_D1"	-0.130204863010293	169
"PCA_sleep_centered_shape_PC3"	"DarkSleep__D6_D1"	-0.138357913273168	176
"PCA_sleep_centered_shape_PC3"	"TotalSleep__Late2_Early2"	-0.142613495102183	169
"PCA_sleep_centered_shape_PC3"	"DarkSleep__Late2_Early2"	-0.14363196125908	176
"PCA_sleep_centered_shape_PC3"	"LongestBoutDark__Late2_Early2"	-0.151908430552498	176
"PCA_sleep_centered_shape_PC3"	"TwoHarmonicR2__D6_D1"	-0.161903933170902	169
"PCA_sleep_centered_shape_PC3"	"DarkSleep__State_D2_D6"	-0.167215496368039	176
"PCA_sleep_centered_shape_PC3"	"SleepAllocation__State_D2_D6"	-0.18871450583315	176
"PCA_sleep_centered_shape_PC3"	"Harmonic12Amplitude__State_D2_D6"	-0.197178076161127	176
"PCA_sleep_centered_shape_PC3"	"Harmonic24Amplitude__D6_D1"	-0.204512455869922	169
"PCA_sleep_centered_shape_PC3"	"EveningPeakAmplitude__State_D2_D6"	-0.209995597622716	176
"PCA_sleep_centered_shape_PC3"	"OddEvenProfileCorrelation__State_D2_D6"	-0.218188421747744	176
"PCA_sleep_centered_shape_PC3"	"LD24hLagCorrelation__State_D2_D6"	-0.24104996698217	176
"PCA_sleep_centered_shape_PC3"	"LongestBoutDark__State_D2_D6"	-0.245773717807616	176
"PCA_sleep_centered_shape_PC3"	"Harmonic24Amplitude__Late2_Early2"	-0.245870419173587	169
"PCA_sleep_centered_shape_PC3"	"TwoHarmonicR2__Late2_Early2"	-0.26165779921436	169
"PCA_sleep_centered_shape_PC3"	"LDInterdailyStability__State_D2_D6"	-0.279183359013868	176
"PCA_sleep_centered_shape_PC3"	"DuskAnticipation__State_D2_D6"	-0.393427462905192	173
"PCA_sleep_change_PC1"	"TotalSleep__Late2_Early2"	0.98036149370991	169
"PCA_sleep_change_PC1"	"TotalSleep__D6_D1"	0.955549201929293	169
"PCA_sleep_change_PC1"	"DarkSleep__Late2_Early2"	0.931878076674457	169
"PCA_sleep_change_PC1"	"DarkSleep__D6_D1"	0.901121276913132	169
"PCA_sleep_change_PC1"	"LightSleep__Late2_Early2"	0.820903982894933	169
"PCA_sleep_change_PC1"	"LightSleep__D6_D1"	0.811585699368505	169
"PCA_sleep_change_PC1"	"LongestBoutDark__Late2_Early2"	0.699632042165979	169
"PCA_sleep_change_PC1"	"LongestBoutDark__D6_D1"	0.662721893491124	169
"PCA_sleep_change_PC1"	"PDozeLight__D6_D1"	0.366305255238233	167
"PCA_sleep_change_PC1"	"LongestBoutDark__State_D2_D6"	0.344970414201184	169
"PCA_sleep_change_PC1"	"PDozeDark__Late2_Early2"	0.329642981452936	169
"PCA_sleep_change_PC1"	"TotalSleep__State_D2_D6"	0.329158172144598	169
"PCA_sleep_change_PC1"	"DarkSleep__State_D2_D6"	0.306506389538064	169
"PCA_sleep_change_PC1"	"PDozeDark__D6_D1"	0.294100243647755	169
"PCA_sleep_change_PC1"	"DawnAnticipation__D6_D1"	0.268507284570633	169
"PCA_sleep_change_PC1"	"DawnAnticipation__Late2_Early2"	0.229093530903486	169
"PCA_sleep_change_PC1"	"LightSleep__State_D2_D6"	0.224916712247029	169
"PCA_sleep_change_PC1"	"DawnAnticipation__State_D2_D6"	0.142949132315648	169
"PCA_sleep_change_PC1"	"DawnResponse__State_D2_D6"	0.131997496393477	169
"PCA_sleep_change_PC1"	"SleepAllocation__State_D2_D6"	0.0776465615832132	169
"PCA_sleep_change_PC1"	"DuskAnticipation__Late2_Early2"	0.0729951456810991	167
"PCA_sleep_change_PC1"	"DuskAnticipation__D6_D1"	0.0728230774292497	168
"PCA_sleep_change_PC1"	"LDInterdailyStability__State_D2_D6"	0.0493187807667446	169
"PCA_sleep_change_PC1"	"DuskAnticipation__State_D2_D6"	0.0479658426848384	166
"PCA_sleep_change_PC1"	"EveningPeakAmplitude__State_D2_D6"	0.0436825617821093	169
"PCA_sleep_change_PC1"	"WakingActivityDark__State_D2_D6"	0.0352568246233405	169
"PCA_sleep_change_PC1"	"WakingActivityDark__Late2_Early2"	0.0284396598876237	169
"PCA_sleep_change_PC1"	"DuskResponse__Late2_Early2"	0.0276614959857196	169
"PCA_sleep_change_PC1"	"PDozeDark__State_D2_D6"	0.0263512505593954	169
"PCA_sleep_change_PC1"	"WakingActivityDark__D6_D1"	0.0213738749937845	169
"PCA_sleep_change_PC1"	"LDIntradailyVariability__State_D2_D6"	0.014382676147382	169
"PCA_sleep_change_PC1"	"DuskResponse__D6_D1"	0.00370444035602407	169
"PCA_sleep_change_PC1"	"MorningPeakOffset__State_D2_D6"	0.000704396245843472	166
"PCA_sleep_change_PC1"	"LD24hLagCorrelation__State_D2_D6"	-0.000912435980309284	169
"PCA_sleep_change_PC1"	"DuskResponse__State_D2_D6"	-0.00329794844733571	169
"PCA_sleep_change_PC1"	"TwoHarmonicR2__Late2_Early2"	-0.00448510765252847	169
"PCA_sleep_change_PC1"	"OddEvenProfileCorrelation__State_D2_D6"	-0.01651086470091	169
"PCA_sleep_change_PC1"	"Harmonic24Amplitude__Late2_Early2"	-0.0320148177614241	169
"PCA_sleep_change_PC1"	"EveningPeakAmplitude__Late2_Early2"	-0.0323181343543335	169
"PCA_sleep_change_PC1"	"ActivityContrast__D6_D1"	-0.0497638108497837	169
"PCA_sleep_change_PC1"	"SleepAllocation__Late2_Early2"	-0.0499477897667943	169
"PCA_sleep_change_PC1"	"TwoHarmonicR2__State_D2_D6"	-0.0570235194669584	169
"PCA_sleep_change_PC1"	"Harmonic12Amplitude__State_D2_D6"	-0.0806150862711949	169
"PCA_sleep_change_PC1"	"EveningPeakAmplitude__D6_D1"	-0.0806225448759386	169
"PCA_sleep_change_PC1"	"TwoHarmonicR2__D6_D1"	-0.083765103674606	169
"PCA_sleep_change_PC1"	"ActivityContrast__Late2_Early2"	-0.0896698324300134	169
"PCA_sleep_change_PC1"	"Harmonic24Amplitude__State_D2_D6"	-0.108751429565909	169
"PCA_sleep_change_PC1"	"ActivityContrast__State_D2_D6"	-0.12491919844861	169
"PCA_sleep_change_PC1"	"Harmonic24Amplitude__D6_D1"	-0.141382825319477	169
"PCA_sleep_change_PC1"	"SleepAllocation__D6_D1"	-0.156886778379991	169
"PCA_sleep_change_PC1"	"Harmonic12Amplitude__Late2_Early2"	-0.159440107403908	169
"PCA_sleep_change_PC1"	"Harmonic12Amplitude__D6_D1"	-0.163766098155238	169
"PCA_sleep_change_PC1"	"ActivityLight__State_D2_D6"	-0.164745661578241	169
"PCA_sleep_change_PC1"	"FragmentationLight__State_D2_D6"	-0.19479806237061	168
"PCA_sleep_change_PC1"	"PWakeLight__State_D2_D6"	-0.209698672368356	169
"PCA_sleep_change_PC1"	"SiestaMoving__State_D2_D6"	-0.210921883546318	169
"PCA_sleep_change_PC1"	"MorningPeakAmplitude__State_D2_D6"	-0.216635174779971	169
"PCA_sleep_change_PC1"	"MovingLight__State_D2_D6"	-0.230545472626921	169
"PCA_sleep_change_PC1"	"ActivityDark__State_D2_D6"	-0.231124757595346	169
"PCA_sleep_change_PC1"	"MovingDark__State_D2_D6"	-0.280257073243499	169
"PCA_sleep_change_PC1"	"DarkCoreMoving__State_D2_D6"	-0.289983093829248	169
"PCA_sleep_change_PC1"	"FragmentationDark__State_D2_D6"	-0.321448461041221	169
"PCA_sleep_change_PC1"	"PWakeDark__State_D2_D6"	-0.336306001690617	169
"PCA_sleep_change_PC1"	"FragmentationLight__D6_D1"	-0.480714534334444	169
"PCA_sleep_change_PC1"	"FragmentationLight__Late2_Early2"	-0.572916719392998	168
"PCA_sleep_change_PC1"	"FragmentationDark__D6_D1"	-0.607224901795038	169
"PCA_sleep_change_PC1"	"FragmentationDark__Late2_Early2"	-0.619374968922481	169
"PCA_sleep_change_PC1"	"ActivityLight__D6_D1"	-0.641912386256278	169
"PCA_sleep_change_PC1"	"PWakeLight__D6_D1"	-0.666297051364925	169
"PCA_sleep_change_PC1"	"PWakeLight__Late2_Early2"	-0.684995773457312	169
"PCA_sleep_change_PC1"	"ActivityLight__Late2_Early2"	-0.692073989359057	169
"PCA_sleep_change_PC1"	"SiestaMoving__D6_D1"	-0.699248358639909	169
"PCA_sleep_change_PC1"	"ActivityDark__D6_D1"	-0.705419919447069	169
"PCA_sleep_change_PC1"	"ActivityDark__Late2_Early2"	-0.720650390333648	169
"PCA_sleep_change_PC1"	"SiestaMoving__Late2_Early2"	-0.721351499179554	169
"PCA_sleep_change_PC1"	"DarkCoreMoving__D6_D1"	-0.77615732683606	169
"PCA_sleep_change_PC1"	"MovingLight__Late2_Early2"	-0.782653771567799	169
"PCA_sleep_change_PC1"	"DarkCoreMoving__Late2_Early2"	-0.791405201133708	169
"PCA_sleep_change_PC1"	"PWakeDark__D6_D1"	-0.798003580130277	169
"PCA_sleep_change_PC1"	"MovingLight__D6_D1"	-0.812177415344836	169
"PCA_sleep_change_PC1"	"PWakeDark__Late2_Early2"	-0.837912087912088	169
"PCA_sleep_change_PC1"	"MovingDark__D6_D1"	-0.842571229675302	169
"PCA_sleep_change_PC1"	"MovingDark__Late2_Early2"	-0.865508925463677	169
"PCA_sleep_change_PC2"	"FragmentationLight__D6_D1"	0.326458157227388	169
"PCA_sleep_change_PC2"	"SiestaMoving__D6_D1"	0.272533857425005	169
"PCA_sleep_change_PC2"	"PWakeLight__D6_D1"	0.262125205111631	169
"PCA_sleep_change_PC2"	"ActivityLight__D6_D1"	0.251581224205659	169
"PCA_sleep_change_PC2"	"DarkCoreMoving__D6_D1"	0.239975635224504	169
"PCA_sleep_change_PC2"	"PDozeDark__Late2_Early2"	0.23312366366665	169
"PCA_sleep_change_PC2"	"SleepAllocation__D6_D1"	0.212249515190692	169
"PCA_sleep_change_PC2"	"SleepAllocation__Late2_Early2"	0.201817413355875	169
"PCA_sleep_change_PC2"	"FragmentationDark__D6_D1"	0.179938839441102	169
"PCA_sleep_change_PC2"	"FragmentationDark__Late2_Early2"	0.171309233752673	169
"PCA_sleep_change_PC2"	"DuskAnticipation__State_D2_D6"	0.170675079195388	166
"PCA_sleep_change_PC2"	"DarkCoreMoving__Late2_Early2"	0.169007011088459	169
"PCA_sleep_change_PC2"	"SiestaMoving__Late2_Early2"	0.164984336930038	169
"PCA_sleep_change_PC2"	"FragmentationDark__State_D2_D6"	0.156996171249565	169
"PCA_sleep_change_PC2"	"ActivityLight__Late2_Early2"	0.155405002237581	169
"PCA_sleep_change_PC2"	"PDozeDark__D6_D1"	0.138685296603849	169
"PCA_sleep_change_PC2"	"DarkCoreMoving__State_D2_D6"	0.135696882303217	169
"PCA_sleep_change_PC2"	"ActivityContrast__State_D2_D6"	0.134478643528417	169
"PCA_sleep_change_PC2"	"PWakeDark__State_D2_D6"	0.129687733081398	169
"PCA_sleep_change_PC2"	"PWakeLight__Late2_Early2"	0.126291581721446	169
"PCA_sleep_change_PC2"	"DuskResponse__State_D2_D6"	0.121095495683664	169
"PCA_sleep_change_PC2"	"MovingDark__State_D2_D6"	0.120449008005569	169
"PCA_sleep_change_PC2"	"FragmentationLight__Late2_Early2"	0.11842165204671	168
"PCA_sleep_change_PC2"	"MovingLight__Late2_Early2"	0.109029884143006	169
"PCA_sleep_change_PC2"	"ActivityDark__State_D2_D6"	0.100760777683855	169
"PCA_sleep_change_PC2"	"MovingLight__D6_D1"	0.0946820148177614	169
"PCA_sleep_change_PC2"	"Harmonic12Amplitude__State_D2_D6"	0.0855377654020188	169
"PCA_sleep_change_PC2"	"PWakeDark__D6_D1"	0.0619362537914574	169
"PCA_sleep_change_PC2"	"FragmentationLight__State_D2_D6"	0.0586299927617293	168
"PCA_sleep_change_PC2"	"PWakeDark__Late2_Early2"	0.0544652180398787	169
"PCA_sleep_change_PC2"	"DawnResponse__State_D2_D6"	0.0467269446614783	169
"PCA_sleep_change_PC2"	"DawnAnticipation__D6_D1"	0.0307219929391875	169
"PCA_sleep_change_PC2"	"PDozeLight__D6_D1"	0.0288656765642553	167
"PCA_sleep_change_PC2"	"DarkSleep__Late2_Early2"	0.0264929640495251	169
"PCA_sleep_change_PC2"	"TwoHarmonicR2__State_D2_D6"	0.0258689274526379	169
"PCA_sleep_change_PC2"	"EveningPeakAmplitude__State_D2_D6"	0.0162050619064194	169
"PCA_sleep_change_PC2"	"WakingActivityDark__State_D2_D6"	0.00952215205608871	169
"PCA_sleep_change_PC2"	"LightSleep__State_D2_D6"	0.00231713987370096	169
"PCA_sleep_change_PC2"	"DarkSleep__D6_D1"	0.00137486947441699	169
"PCA_sleep_change_PC2"	"PWakeLight__State_D2_D6"	-0.0052384267316394	169
"PCA_sleep_change_PC2"	"TotalSleep__Late2_Early2"	-0.00827159266073293	169
"PCA_sleep_change_PC2"	"ActivityLight__State_D2_D6"	-0.0137859877678882	169
"PCA_sleep_change_PC2"	"MovingLight__State_D2_D6"	-0.0201904430411218	169
"PCA_sleep_change_PC2"	"SiestaMoving__State_D2_D6"	-0.0362910844811297	169
"PCA_sleep_change_PC2"	"LD24hLagCorrelation__State_D2_D6"	-0.0504375714782955	169
"PCA_sleep_change_PC2"	"TotalSleep__D6_D1"	-0.0576152354432898	169
"PCA_sleep_change_PC2"	"LongestBoutDark__Late2_Early2"	-0.0807990651882055	169
"PCA_sleep_change_PC2"	"LongestBoutDark__D6_D1"	-0.0844164884888867	169
"PCA_sleep_change_PC2"	"OddEvenProfileCorrelation__State_D2_D6"	-0.0893043607975735	169
"PCA_sleep_change_PC2"	"MovingDark__D6_D1"	-0.0912336532246035	169
"PCA_sleep_change_PC2"	"WakingActivityDark__D6_D1"	-0.093401621003431	169
"PCA_sleep_change_PC2"	"LDInterdailyStability__State_D2_D6"	-0.101404703893392	169
"PCA_sleep_change_PC2"	"LDIntradailyVariability__State_D2_D6"	-0.113783501566307	169
"PCA_sleep_change_PC2"	"PDozeDark__State_D2_D6"	-0.11468350653871	169
"PCA_sleep_change_PC2"	"LongestBoutDark__State_D2_D6"	-0.115384615384615	169
"PCA_sleep_change_PC2"	"Harmonic24Amplitude__D6_D1"	-0.120197901645865	169
"PCA_sleep_change_PC2"	"DawnAnticipation__Late2_Early2"	-0.131828352642832	169
"PCA_sleep_change_PC2"	"LightSleep__D6_D1"	-0.133126149868231	169
"PCA_sleep_change_PC2"	"MovingDark__Late2_Early2"	-0.13418029933867	169
"PCA_sleep_change_PC2"	"TotalSleep__State_D2_D6"	-0.143006314952016	169
"PCA_sleep_change_PC2"	"SleepAllocation__State_D2_D6"	-0.145519864750634	169
"PCA_sleep_change_PC2"	"DarkSleep__State_D2_D6"	-0.146116553130128	169
"PCA_sleep_change_PC2"	"ActivityDark__D6_D1"	-0.149714086818159	169
"PCA_sleep_change_PC2"	"LightSleep__Late2_Early2"	-0.157115508925464	169
"PCA_sleep_change_PC2"	"MorningPeakAmplitude__State_D2_D6"	-0.157219929391875	169
"PCA_sleep_change_PC2"	"Harmonic24Amplitude__Late2_Early2"	-0.161399234249913	169
"PCA_sleep_change_PC2"	"ActivityDark__Late2_Early2"	-0.16781114812789	169
"PCA_sleep_change_PC2"	"WakingActivityDark__Late2_Early2"	-0.182576699318781	169
"PCA_sleep_change_PC2"	"Harmonic24Amplitude__State_D2_D6"	-0.19421212271891	169
"PCA_sleep_change_PC2"	"DuskResponse__Late2_Early2"	-0.239983242990974	169
"PCA_sleep_change_PC2"	"DuskResponse__D6_D1"	-0.26892745263786	169
"PCA_sleep_change_PC2"	"MorningPeakOffset__State_D2_D6"	-0.273490696591483	166
"PCA_sleep_change_PC2"	"DawnAnticipation__State_D2_D6"	-0.289570384366765	169
"PCA_sleep_change_PC2"	"TwoHarmonicR2__Late2_Early2"	-0.310839838894138	169
"PCA_sleep_change_PC2"	"TwoHarmonicR2__D6_D1"	-0.340686688876734	169
"PCA_sleep_change_PC2"	"ActivityContrast__D6_D1"	-0.342218189050768	169
"PCA_sleep_change_PC2"	"ActivityContrast__Late2_Early2"	-0.375110635970365	169
"PCA_sleep_change_PC2"	"DuskAnticipation__Late2_Early2"	-0.394088758799097	167
"PCA_sleep_change_PC2"	"DuskAnticipation__D6_D1"	-0.417291368235634	168
"PCA_sleep_change_PC2"	"EveningPeakAmplitude__D6_D1"	-0.5385460693153	169
"PCA_sleep_change_PC2"	"EveningPeakAmplitude__Late2_Early2"	-0.553112724379693	169
"PCA_sleep_change_PC2"	"Harmonic12Amplitude__D6_D1"	-0.59282979463975	169
"PCA_sleep_change_PC2"	"Harmonic12Amplitude__Late2_Early2"	-0.632517030480832	169
"PCA_sleep_change_PC3"	"ActivityContrast__D6_D1"	0.648500820446522	169
"PCA_sleep_change_PC3"	"ActivityContrast__Late2_Early2"	0.607948386455174	169
"PCA_sleep_change_PC3"	"LightSleep__Late2_Early2"	0.442175923623888	169
"PCA_sleep_change_PC3"	"LightSleep__D6_D1"	0.399927900154145	169
"PCA_sleep_change_PC3"	"FragmentationDark__D6_D1"	0.368425239918453	169
"PCA_sleep_change_PC3"	"DarkCoreMoving__D6_D1"	0.342832280841331	169
"PCA_sleep_change_PC3"	"FragmentationDark__Late2_Early2"	0.33123415046492	169
"PCA_sleep_change_PC3"	"DarkCoreMoving__Late2_Early2"	0.314168862811397	169
"PCA_sleep_change_PC3"	"PWakeDark__D6_D1"	0.263703943115708	169
"PCA_sleep_change_PC3"	"ActivityDark__Late2_Early2"	0.243548306896723	169
"PCA_sleep_change_PC3"	"ActivityDark__D6_D1"	0.237678384963453	169
"PCA_sleep_change_PC3"	"MovingDark__D6_D1"	0.221065585997713	169
"PCA_sleep_change_PC3"	"PWakeDark__Late2_Early2"	0.214725771965591	169
"PCA_sleep_change_PC3"	"MovingDark__Late2_Early2"	0.206001690617075	169
"PCA_sleep_change_PC3"	"TwoHarmonicR2__Late2_Early2"	0.188009049773756	169
"PCA_sleep_change_PC3"	"Harmonic12Amplitude__Late2_Early2"	0.131455422405649	169
"PCA_sleep_change_PC3"	"Harmonic12Amplitude__D6_D1"	0.127537168713639	169
"PCA_sleep_change_PC3"	"DuskResponse__State_D2_D6"	0.0901223771334128	169
"PCA_sleep_change_PC3"	"TwoHarmonicR2__D6_D1"	0.0854930137735568	169
"PCA_sleep_change_PC3"	"EveningPeakAmplitude__D6_D1"	0.0847222912833773	169
"PCA_sleep_change_PC3"	"EveningPeakAmplitude__Late2_Early2"	0.0627318382974492	169
"PCA_sleep_change_PC3"	"LDIntradailyVariability__State_D2_D6"	0.0585376162299239	169
"PCA_sleep_change_PC3"	"DuskAnticipation__Late2_Early2"	0.0581255732940316	167
"PCA_sleep_change_PC3"	"ActivityContrast__State_D2_D6"	0.0581224205658595	169
"PCA_sleep_change_PC3"	"TotalSleep__Late2_Early2"	0.0532022276366168	169
"PCA_sleep_change_PC3"	"DarkCoreMoving__State_D2_D6"	0.0526975287156283	169
"PCA_sleep_change_PC3"	"WakingActivityDark__D6_D1"	0.0458057779324748	169
"PCA_sleep_change_PC3"	"DuskAnticipation__D6_D1"	0.0323140700846827	168
"PCA_sleep_change_PC3"	"FragmentationDark__State_D2_D6"	0.0302322112276863	169
"PCA_sleep_change_PC3"	"ActivityDark__State_D2_D6"	0.028698224852071	169
"PCA_sleep_change_PC3"	"PWakeDark__State_D2_D6"	0.0278379991049674	169
"PCA_sleep_change_PC3"	"PDozeDark__State_D2_D6"	0.0234274774998757	169
"PCA_sleep_change_PC3"	"TotalSleep__D6_D1"	0.023153995325941	169
"PCA_sleep_change_PC3"	"LightSleep__State_D2_D6"	0.0155437322858137	169
"PCA_sleep_change_PC3"	"MovingDark__State_D2_D6"	0.0134230023370295	169
"PCA_sleep_change_PC3"	"WakingActivityDark__Late2_Early2"	0.0031326139923425	169
"PCA_sleep_change_PC3"	"DawnResponse__State_D2_D6"	0.00140594786805001	169
"PCA_sleep_change_PC3"	"MorningPeakOffset__State_D2_D6"	-0.00173278853027789	166
"PCA_sleep_change_PC3"	"DuskAnticipation__State_D2_D6"	-0.00381056069678824	166
"PCA_sleep_change_PC3"	"DuskResponse__Late2_Early2"	-0.00623415433976199	169
"PCA_sleep_change_PC3"	"WakingActivityDark__State_D2_D6"	-0.00663815822186863	169
"PCA_sleep_change_PC3"	"PDozeLight__D6_D1"	-0.00731497418244406	167
"PCA_sleep_change_PC3"	"PDozeDark__Late2_Early2"	-0.0112724379692706	169
"PCA_sleep_change_PC3"	"SleepAllocation__State_D2_D6"	-0.0141837800208841	169
"PCA_sleep_change_PC3"	"PWakeLight__State_D2_D6"	-0.0217318880214808	169
"PCA_sleep_change_PC3"	"TotalSleep__State_D2_D6"	-0.0238501317686838	169
"PCA_sleep_change_PC3"	"LongestBoutDark__State_D2_D6"	-0.031015364725772	169
"PCA_sleep_change_PC3"	"SiestaMoving__State_D2_D6"	-0.0322385759037343	169
"PCA_sleep_change_PC3"	"PDozeDark__D6_D1"	-0.0324150962160012	169
"PCA_sleep_change_PC3"	"DarkSleep__State_D2_D6"	-0.0337203520461439	169
"PCA_sleep_change_PC3"	"Harmonic12Amplitude__State_D2_D6"	-0.0389165133509025	169
"PCA_sleep_change_PC3"	"MovingLight__State_D2_D6"	-0.042193327034956	169
"PCA_sleep_change_PC3"	"EveningPeakAmplitude__State_D2_D6"	-0.0654219084083338	169
"PCA_sleep_change_PC3"	"FragmentationLight__State_D2_D6"	-0.0657999301481568	168
"PCA_sleep_change_PC3"	"ActivityLight__State_D2_D6"	-0.0724653174879419	169
"PCA_sleep_change_PC3"	"DuskResponse__D6_D1"	-0.0801750285913182	169
"PCA_sleep_change_PC3"	"DawnAnticipation__State_D2_D6"	-0.0942245537268162	169
"PCA_sleep_change_PC3"	"Harmonic24Amplitude__Late2_Early2"	-0.0995723733280295	169
"PCA_sleep_change_PC3"	"TwoHarmonicR2__State_D2_D6"	-0.100116851474318	169
"PCA_sleep_change_PC3"	"Harmonic24Amplitude__D6_D1"	-0.11695838098553	169
"PCA_sleep_change_PC3"	"LD24hLagCorrelation__State_D2_D6"	-0.120742379792154	169
"PCA_sleep_change_PC3"	"OddEvenProfileCorrelation__State_D2_D6"	-0.123136591914873	169
"PCA_sleep_change_PC3"	"LDInterdailyStability__State_D2_D6"	-0.156936502411616	169
"PCA_sleep_change_PC3"	"DawnAnticipation__D6_D1"	-0.169703147531202	169
"PCA_sleep_change_PC3"	"MorningPeakAmplitude__State_D2_D6"	-0.207060812490677	169
"PCA_sleep_change_PC3"	"DarkSleep__D6_D1"	-0.216687385013177	169
"PCA_sleep_change_PC3"	"ActivityLight__D6_D1"	-0.219757843965989	169
"PCA_sleep_change_PC3"	"DarkSleep__Late2_Early2"	-0.225428869772761	169
"PCA_sleep_change_PC3"	"DawnAnticipation__Late2_Early2"	-0.229260106409428	169
"PCA_sleep_change_PC3"	"Harmonic24Amplitude__State_D2_D6"	-0.230488289990553	169
"PCA_sleep_change_PC3"	"LongestBoutDark__Late2_Early2"	-0.269280493262394	169
"PCA_sleep_change_PC3"	"FragmentationLight__D6_D1"	-0.308920491273433	169
"PCA_sleep_change_PC3"	"LongestBoutDark__D6_D1"	-0.341922331062603	169
"PCA_sleep_change_PC3"	"ActivityLight__Late2_Early2"	-0.34575605390085	169
"PCA_sleep_change_PC3"	"SiestaMoving__D6_D1"	-0.373929922635646	169
"PCA_sleep_change_PC3"	"MovingLight__D6_D1"	-0.387076724180797	169
"PCA_sleep_change_PC3"	"PWakeLight__D6_D1"	-0.426060364974392	169
"PCA_sleep_change_PC3"	"MovingLight__Late2_Early2"	-0.449030381383323	169
"PCA_sleep_change_PC3"	"FragmentationLight__Late2_Early2"	-0.459961733338058	168
"PCA_sleep_change_PC3"	"SiestaMoving__Late2_Early2"	-0.487101586196609	169
"PCA_sleep_change_PC3"	"PWakeLight__Late2_Early2"	-0.523397643080901	169
"PCA_sleep_change_PC3"	"SleepAllocation__D6_D1"	-0.777977226393516	169
"PCA_sleep_change_PC3"	"SleepAllocation__Late2_Early2"	-0.863092337526727	169
"PCA_sleep_raw_PC1"	"TotalSleep__State_D2_D6"	0.982923178516399	176
"PCA_sleep_raw_PC1"	"DarkSleep__State_D2_D6"	0.957369579572969	176
"PCA_sleep_raw_PC1"	"LongestBoutDark__State_D2_D6"	0.761437376183139	176
"PCA_sleep_raw_PC1"	"LightSleep__State_D2_D6"	0.644025974025974	176
"PCA_sleep_raw_PC1"	"DawnAnticipation__State_D2_D6"	0.47563724411182	176
"PCA_sleep_raw_PC1"	"PDozeDark__State_D2_D6"	0.458646268985252	176
"PCA_sleep_raw_PC1"	"TotalSleep__D6_D1"	0.363838198001094	169
"PCA_sleep_raw_PC1"	"LightSleep__D6_D1"	0.358167172194322	169
"PCA_sleep_raw_PC1"	"DarkSleep__D6_D1"	0.348758529605987	176
"PCA_sleep_raw_PC1"	"LongestBoutDark__D6_D1"	0.341272287034999	176
"PCA_sleep_raw_PC1"	"LongestBoutDark__Late2_Early2"	0.331926040061633	176
"PCA_sleep_raw_PC1"	"LightSleep__Late2_Early2"	0.326308985132515	169
"PCA_sleep_raw_PC1"	"TotalSleep__Late2_Early2"	0.323584108199493	169
"PCA_sleep_raw_PC1"	"DarkSleep__Late2_Early2"	0.307043803653973	176
"PCA_sleep_raw_PC1"	"DawnResponse__State_D2_D6"	0.278745475867022	176
"PCA_sleep_raw_PC1"	"EveningPeakAmplitude__Late2_Early2"	0.271716970811994	169
"PCA_sleep_raw_PC1"	"LDIntradailyVariability__State_D2_D6"	0.269379264802994	176
"PCA_sleep_raw_PC1"	"SleepAllocation__State_D2_D6"	0.267763592339864	176
"PCA_sleep_raw_PC1"	"EveningPeakAmplitude__D6_D1"	0.26756750037293	169
"PCA_sleep_raw_PC1"	"MorningPeakOffset__State_D2_D6"	0.240857217650929	172
"PCA_sleep_raw_PC1"	"DuskAnticipation__Late2_Early2"	0.23865521968112	167
"PCA_sleep_raw_PC1"	"ActivityContrast__D6_D1"	0.200544478146288	169
"PCA_sleep_raw_PC1"	"DuskAnticipation__D6_D1"	0.196415284393175	168
"PCA_sleep_raw_PC1"	"DuskAnticipation__State_D2_D6"	0.184157585140754	173
"PCA_sleep_raw_PC1"	"DuskResponse__D6_D1"	0.179859123926921	176
"PCA_sleep_raw_PC1"	"Harmonic12Amplitude__Late2_Early2"	0.175331907911093	169
"PCA_sleep_raw_PC1"	"Harmonic12Amplitude__D6_D1"	0.168037392471782	169
"PCA_sleep_raw_PC1"	"Harmonic24Amplitude__Late2_Early2"	0.15026353736761	169
"PCA_sleep_raw_PC1"	"TwoHarmonicR2__D6_D1"	0.149231763711402	169
"PCA_sleep_raw_PC1"	"Harmonic24Amplitude__D6_D1"	0.141027298493362	169
"PCA_sleep_raw_PC1"	"DuskResponse__Late2_Early2"	0.11735643702205	176
"PCA_sleep_raw_PC1"	"TwoHarmonicR2__Late2_Early2"	0.11342300233703	169
"PCA_sleep_raw_PC1"	"ActivityContrast__Late2_Early2"	0.111419123862563	169
"PCA_sleep_raw_PC1"	"LDInterdailyStability__State_D2_D6"	0.0945894783182919	176
"PCA_sleep_raw_PC1"	"PDozeLight__D6_D1"	0.0793181279437682	167
"PCA_sleep_raw_PC1"	"WakingActivityDark__Late2_Early2"	0.0435241030156285	176
"PCA_sleep_raw_PC1"	"WakingActivityDark__D6_D1"	0.026286594761171	176
"PCA_sleep_raw_PC1"	"LD24hLagCorrelation__State_D2_D6"	0.011567246313009	176
"PCA_sleep_raw_PC1"	"OddEvenProfileCorrelation__State_D2_D6"	0.00834030376403258	176
"PCA_sleep_raw_PC1"	"WakingActivityDark__State_D2_D6"	0.00181818181818182	176
"PCA_sleep_raw_PC1"	"ActivityDark__Late2_Early2"	-0.0154567466431873	176
"PCA_sleep_raw_PC1"	"DawnAnticipation__D6_D1"	-0.0245586616773057	176
"PCA_sleep_raw_PC1"	"ActivityDark__D6_D1"	-0.0262998018930222	176
"PCA_sleep_raw_PC1"	"PDozeDark__D6_D1"	-0.0325511776359234	176
"PCA_sleep_raw_PC1"	"PDozeDark__Late2_Early2"	-0.0358705701078583	176
"PCA_sleep_raw_PC1"	"DawnAnticipation__Late2_Early2"	-0.0380013207131851	176
"PCA_sleep_raw_PC1"	"DuskResponse__State_D2_D6"	-0.0391063389315154	176
"PCA_sleep_raw_PC1"	"SleepAllocation__Late2_Early2"	-0.0783402118243747	169
"PCA_sleep_raw_PC1"	"EveningPeakAmplitude__State_D2_D6"	-0.0840039621395554	176
"PCA_sleep_raw_PC1"	"FragmentationLight__Late2_Early2"	-0.128970292719717	168
"PCA_sleep_raw_PC1"	"SleepAllocation__D6_D1"	-0.149808562478246	169
"PCA_sleep_raw_PC1"	"MovingDark__Late2_Early2"	-0.172573189522342	176
"PCA_sleep_raw_PC1"	"FragmentationLight__D6_D1"	-0.176617274128586	169
"PCA_sleep_raw_PC1"	"ActivityLight__Late2_Early2"	-0.187723136591915	169
"PCA_sleep_raw_PC1"	"PWakeLight__Late2_Early2"	-0.204194222067525	169
"PCA_sleep_raw_PC1"	"MovingDark__D6_D1"	-0.209317631521021	176
"PCA_sleep_raw_PC1"	"DarkCoreMoving__Late2_Early2"	-0.257156064274708	176
"PCA_sleep_raw_PC1"	"ActivityLight__D6_D1"	-0.267679379444085	169
"PCA_sleep_raw_PC1"	"PWakeLight__D6_D1"	-0.269103972950127	169
"PCA_sleep_raw_PC1"	"MovingLight__Late2_Early2"	-0.283951568793198	169
"PCA_sleep_raw_PC1"	"Harmonic24Amplitude__State_D2_D6"	-0.28515298261061	176
"PCA_sleep_raw_PC1"	"DarkCoreMoving__D6_D1"	-0.296121505613031	176
"PCA_sleep_raw_PC1"	"SiestaMoving__Late2_Early2"	-0.307346725672518	169
"PCA_sleep_raw_PC1"	"PWakeDark__Late2_Early2"	-0.318712304644508	176
"PCA_sleep_raw_PC1"	"FragmentationDark__Late2_Early2"	-0.320620735197006	176
"PCA_sleep_raw_PC1"	"MovingLight__D6_D1"	-0.326425836606832	169
"PCA_sleep_raw_PC1"	"FragmentationDark__D6_D1"	-0.347547875852961	176
"PCA_sleep_raw_PC1"	"MorningPeakAmplitude__State_D2_D6"	-0.354739159145939	176
"PCA_sleep_raw_PC1"	"SiestaMoving__D6_D1"	-0.355538235007176	169
"PCA_sleep_raw_PC1"	"TwoHarmonicR2__State_D2_D6"	-0.356207351970064	176
"PCA_sleep_raw_PC1"	"PWakeDark__D6_D1"	-0.373915914593881	176
"PCA_sleep_raw_PC1"	"Harmonic12Amplitude__State_D2_D6"	-0.387787805414924	176
"PCA_sleep_raw_PC1"	"ActivityContrast__State_D2_D6"	-0.405461149020471	176
"PCA_sleep_raw_PC1"	"FragmentationLight__State_D2_D6"	-0.467496641289745	175
"PCA_sleep_raw_PC1"	"PWakeLight__State_D2_D6"	-0.567246313009025	176
"PCA_sleep_raw_PC1"	"ActivityLight__State_D2_D6"	-0.587340964120625	176
"PCA_sleep_raw_PC1"	"SiestaMoving__State_D2_D6"	-0.629636803874092	176
"PCA_sleep_raw_PC1"	"MovingLight__State_D2_D6"	-0.678164208672683	176
"PCA_sleep_raw_PC1"	"FragmentationDark__State_D2_D6"	-0.733984151441779	176
"PCA_sleep_raw_PC1"	"ActivityDark__State_D2_D6"	-0.852694254897645	176
"PCA_sleep_raw_PC1"	"PWakeDark__State_D2_D6"	-0.888947831829188	176
"PCA_sleep_raw_PC1"	"DarkCoreMoving__State_D2_D6"	-0.88906889720449	176
"PCA_sleep_raw_PC1"	"MovingDark__State_D2_D6"	-0.936440677966102	176
"PCA_sleep_raw_PC2"	"DuskAnticipation__State_D2_D6"	0.679292730298381	173
"PCA_sleep_raw_PC2"	"ActivityContrast__State_D2_D6"	0.663075060532688	176
"PCA_sleep_raw_PC2"	"LightSleep__State_D2_D6"	0.598923618754127	176
"PCA_sleep_raw_PC2"	"Harmonic12Amplitude__State_D2_D6"	0.573937926480299	176
"PCA_sleep_raw_PC2"	"EveningPeakAmplitude__State_D2_D6"	0.497459828307286	176
"PCA_sleep_raw_PC2"	"LDInterdailyStability__State_D2_D6"	0.42878494386969	176
"PCA_sleep_raw_PC2"	"LD24hLagCorrelation__State_D2_D6"	0.393819062293639	176
"PCA_sleep_raw_PC2"	"OddEvenProfileCorrelation__State_D2_D6"	0.34570768214836	176
"PCA_sleep_raw_PC2"	"DuskResponse__State_D2_D6"	0.330274229734933	176
"PCA_sleep_raw_PC2"	"TwoHarmonicR2__State_D2_D6"	0.327816420867268	176
"PCA_sleep_raw_PC2"	"MovingDark__State_D2_D6"	0.219566365837552	176
"PCA_sleep_raw_PC2"	"DawnAnticipation__D6_D1"	0.151364736957957	176
"PCA_sleep_raw_PC2"	"ActivityDark__State_D2_D6"	0.143920316971164	176
"PCA_sleep_raw_PC2"	"PDozeLight__D6_D1"	0.13823729477362	167
"PCA_sleep_raw_PC2"	"PDozeDark__Late2_Early2"	0.136854501430773	176
"PCA_sleep_raw_PC2"	"PDozeDark__D6_D1"	0.126035659255998	176
"PCA_sleep_raw_PC2"	"FragmentationLight__D6_D1"	0.116205061906419	169
"PCA_sleep_raw_PC2"	"LongestBoutDark__Late2_Early2"	0.115687871450583	176
"PCA_sleep_raw_PC2"	"ActivityLight__D6_D1"	0.112657252250012	169
"PCA_sleep_raw_PC2"	"DawnAnticipation__Late2_Early2"	0.109509134932864	176
"PCA_sleep_raw_PC2"	"PWakeDark__State_D2_D6"	0.10893902707462	176
"PCA_sleep_raw_PC2"	"TotalSleep__Late2_Early2"	0.10686440256576	169
"PCA_sleep_raw_PC2"	"ActivityLight__Late2_Early2"	0.0995574561185421	169
"PCA_sleep_raw_PC2"	"DarkCoreMoving__State_D2_D6"	0.0990490865067136	176
"PCA_sleep_raw_PC2"	"PWakeLight__D6_D1"	0.0980930833872011	169
"PCA_sleep_raw_PC2"	"DarkSleep__Late2_Early2"	0.0962271626678406	176
"PCA_sleep_raw_PC2"	"LightSleep__D6_D1"	0.087646064342897	169
"PCA_sleep_raw_PC2"	"TotalSleep__D6_D1"	0.0797548605240913	169
"PCA_sleep_raw_PC2"	"LongestBoutDark__State_D2_D6"	0.0791459388069558	176
"PCA_sleep_raw_PC2"	"FragmentationLight__Late2_Early2"	0.071734805958666	168
"PCA_sleep_raw_PC2"	"LongestBoutDark__D6_D1"	0.0677966101694915	176
"PCA_sleep_raw_PC2"	"LightSleep__Late2_Early2"	0.0677266172741286	169
"PCA_sleep_raw_PC2"	"DarkSleep__D6_D1"	0.0656306405458948	176
"PCA_sleep_raw_PC2"	"PWakeLight__Late2_Early2"	0.0646884789418726	169
"PCA_sleep_raw_PC2"	"TotalSleep__State_D2_D6"	0.0599801893022232	176
"PCA_sleep_raw_PC2"	"Harmonic24Amplitude__Late2_Early2"	0.053448361593158	169
"PCA_sleep_raw_PC2"	"DawnResponse__State_D2_D6"	0.0444640350341444	176
"PCA_sleep_raw_PC2"	"SleepAllocation__Late2_Early2"	0.0434215106160808	169
"PCA_sleep_raw_PC2"	"Harmonic24Amplitude__D6_D1"	0.0107553080403759	169
"PCA_sleep_raw_PC2"	"TwoHarmonicR2__Late2_Early2"	0.0100765750087017	169
"PCA_sleep_raw_PC2"	"WakingActivityDark__D6_D1"	0.00855381906229364	176
"PCA_sleep_raw_PC2"	"PWakeDark__D6_D1"	-0.00550077041602465	176
"PCA_sleep_raw_PC2"	"FragmentationDark__D6_D1"	-0.00920316971164429	176
"PCA_sleep_raw_PC2"	"DuskResponse__Late2_Early2"	-0.0123949000632311	176
"PCA_sleep_raw_PC2"	"PWakeDark__Late2_Early2"	-0.0139225181598063	176
"PCA_sleep_raw_PC2"	"TwoHarmonicR2__D6_D1"	-0.0299363532395207	169
"PCA_sleep_raw_PC2"	"SleepAllocation__D6_D1"	-0.0322112276863408	169
"PCA_sleep_raw_PC2"	"WakingActivityDark__State_D2_D6"	-0.0377151661897425	176
"PCA_sleep_raw_PC2"	"FragmentationDark__Late2_Early2"	-0.043134492626018	176
"PCA_sleep_raw_PC2"	"DarkCoreMoving__D6_D1"	-0.0445322474136033	176
"PCA_sleep_raw_PC2"	"DuskAnticipation__D6_D1"	-0.0474612904368777	168
"PCA_sleep_raw_PC2"	"Harmonic24Amplitude__State_D2_D6"	-0.0518930222320053	176
"PCA_sleep_raw_PC2"	"WakingActivityDark__Late2_Early2"	-0.0576095091349329	176
"PCA_sleep_raw_PC2"	"MovingLight__Late2_Early2"	-0.0598006066331858	169
"PCA_sleep_raw_PC2"	"FragmentationDark__State_D2_D6"	-0.0636363636363636	176
"PCA_sleep_raw_PC2"	"DarkCoreMoving__Late2_Early2"	-0.064851419766674	176
"PCA_sleep_raw_PC2"	"SiestaMoving__D6_D1"	-0.0697976665740691	169
"PCA_sleep_raw_PC2"	"MovingLight__D6_D1"	-0.0777484958480434	169
"PCA_sleep_raw_PC2"	"DuskAnticipation__Late2_Early2"	-0.0960866562915477	167
"PCA_sleep_raw_PC2"	"DuskResponse__D6_D1"	-0.110191503411842	176
"PCA_sleep_raw_PC2"	"SiestaMoving__Late2_Early2"	-0.118469991546915	169
"PCA_sleep_raw_PC2"	"MovingDark__D6_D1"	-0.12970504072199	176
"PCA_sleep_raw_PC2"	"MorningPeakAmplitude__State_D2_D6"	-0.133568126788466	176
"PCA_sleep_raw_PC2"	"ActivityDark__D6_D1"	-0.143779440898085	176
"PCA_sleep_raw_PC2"	"MovingDark__Late2_Early2"	-0.148212634822804	176
"PCA_sleep_raw_PC2"	"ActivityDark__Late2_Early2"	-0.151032357473035	176
"PCA_sleep_raw_PC2"	"DarkSleep__State_D2_D6"	-0.200226722430112	176
"PCA_sleep_raw_PC2"	"ActivityContrast__D6_D1"	-0.207446173735767	169
"PCA_sleep_raw_PC2"	"Harmonic12Amplitude__D6_D1"	-0.215660583760131	169
"PCA_sleep_raw_PC2"	"ActivityContrast__Late2_Early2"	-0.229282482223659	169
"PCA_sleep_raw_PC2"	"DawnAnticipation__State_D2_D6"	-0.246031256878715	176
"PCA_sleep_raw_PC2"	"Harmonic12Amplitude__Late2_Early2"	-0.257490925364229	169
"PCA_sleep_raw_PC2"	"LDIntradailyVariability__State_D2_D6"	-0.270545894783183	176
"PCA_sleep_raw_PC2"	"PDozeDark__State_D2_D6"	-0.277235307065816	176
"PCA_sleep_raw_PC2"	"MorningPeakOffset__State_D2_D6"	-0.387960087070748	172
"PCA_sleep_raw_PC2"	"EveningPeakAmplitude__Late2_Early2"	-0.428954303614937	169
"PCA_sleep_raw_PC2"	"EveningPeakAmplitude__D6_D1"	-0.436621749291433	169
"PCA_sleep_raw_PC2"	"ActivityLight__State_D2_D6"	-0.470988333700198	176
"PCA_sleep_raw_PC2"	"MovingLight__State_D2_D6"	-0.541248073959938	176
"PCA_sleep_raw_PC2"	"FragmentationLight__State_D2_D6"	-0.580026869682042	175
"PCA_sleep_raw_PC2"	"SiestaMoving__State_D2_D6"	-0.599524543253357	176
"PCA_sleep_raw_PC2"	"PWakeLight__State_D2_D6"	-0.642566585956416	176
"PCA_sleep_raw_PC2"	"SleepAllocation__State_D2_D6"	-0.805485362095532	176
"PCA_sleep_raw_PC3"	"LightSleep__State_D2_D6"	0.320442438917015	176
"PCA_sleep_raw_PC3"	"DuskAnticipation__State_D2_D6"	0.278073155921031	173
"PCA_sleep_raw_PC3"	"ActivityContrast__State_D2_D6"	0.216513317191283	176
"PCA_sleep_raw_PC3"	"LDIntradailyVariability__State_D2_D6"	0.216504512436716	176
"PCA_sleep_raw_PC3"	"PDozeDark__Late2_Early2"	0.202630420427031	176
"PCA_sleep_raw_PC3"	"DarkCoreMoving__State_D2_D6"	0.18722870349989	176
"PCA_sleep_raw_PC3"	"ActivityLight__D6_D1"	0.186390532544379	169
"PCA_sleep_raw_PC3"	"FragmentationDark__D6_D1"	0.182522562183579	176
"PCA_sleep_raw_PC3"	"PWakeDark__D6_D1"	0.177404798591239	176
"PCA_sleep_raw_PC3"	"FragmentationDark__State_D2_D6"	0.175773717807616	176
"PCA_sleep_raw_PC3"	"DarkCoreMoving__D6_D1"	0.162685450143077	176
"PCA_sleep_raw_PC3"	"ActivityLight__Late2_Early2"	0.160514146486997	169
"PCA_sleep_raw_PC3"	"PDozeDark__D6_D1"	0.154684129429892	176
"PCA_sleep_raw_PC3"	"SiestaMoving__D6_D1"	0.144678375440319	169
"PCA_sleep_raw_PC3"	"FragmentationLight__D6_D1"	0.131370891551887	169
"PCA_sleep_raw_PC3"	"PWakeDark__Late2_Early2"	0.130629539951574	176
"PCA_sleep_raw_PC3"	"DarkCoreMoving__Late2_Early2"	0.126097292537971	176
"PCA_sleep_raw_PC3"	"FragmentationDark__Late2_Early2"	0.123598943429452	176
"PCA_sleep_raw_PC3"	"PWakeLight__D6_D1"	0.118365571080503	169
"PCA_sleep_raw_PC3"	"WakingActivityDark__State_D2_D6"	0.117409200968523	176
"PCA_sleep_raw_PC3"	"PDozeDark__State_D2_D6"	0.113913713405239	176
"PCA_sleep_raw_PC3"	"TotalSleep__State_D2_D6"	0.0848954435395113	176
"PCA_sleep_raw_PC3"	"MovingLight__Late2_Early2"	0.0767639600218786	169
"PCA_sleep_raw_PC3"	"SleepAllocation__Late2_Early2"	0.0762045646661032	169
"PCA_sleep_raw_PC3"	"MovingLight__D6_D1"	0.0694321515588484	169
"PCA_sleep_raw_PC3"	"PWakeDark__State_D2_D6"	0.0687101034558662	176
"PCA_sleep_raw_PC3"	"PWakeLight__Late2_Early2"	0.0629904032618965	169
"PCA_sleep_raw_PC3"	"SiestaMoving__Late2_Early2"	0.0588831982497141	169
"PCA_sleep_raw_PC3"	"SleepAllocation__D6_D1"	0.0396002187857392	169
"PCA_sleep_raw_PC3"	"MovingDark__D6_D1"	0.0314593880695576	176
"PCA_sleep_raw_PC3"	"ActivityDark__D6_D1"	0.0312150561303104	176
"PCA_sleep_raw_PC3"	"FragmentationLight__Late2_Early2"	0.0229625280293175	168
"PCA_sleep_raw_PC3"	"MovingDark__Late2_Early2"	0.0169095311468193	176
"PCA_sleep_raw_PC3"	"MorningPeakAmplitude__State_D2_D6"	0.0134954875632842	176
"PCA_sleep_raw_PC3"	"ActivityDark__Late2_Early2"	0.00583094871230465	176
"PCA_sleep_raw_PC3"	"TwoHarmonicR2__D6_D1"	0.00458704191735866	169
"PCA_sleep_raw_PC3"	"DarkSleep__State_D2_D6"	0.00378604446401057	176
"PCA_sleep_raw_PC3"	"ActivityDark__State_D2_D6"	-0.00457406999779881	176
"PCA_sleep_raw_PC3"	"PDozeLight__D6_D1"	-0.0210946437589537	167
"PCA_sleep_raw_PC3"	"TwoHarmonicR2__Late2_Early2"	-0.0211898960767739	169
"PCA_sleep_raw_PC3"	"Harmonic12Amplitude__D6_D1"	-0.0382178907065785	169
"PCA_sleep_raw_PC3"	"MovingDark__State_D2_D6"	-0.0470372000880475	176
"PCA_sleep_raw_PC3"	"Harmonic12Amplitude__Late2_Early2"	-0.054701407190095	169
"PCA_sleep_raw_PC3"	"EveningPeakAmplitude__Late2_Early2"	-0.0550743374272786	169
"PCA_sleep_raw_PC3"	"DuskAnticipation__Late2_Early2"	-0.0630468838570707	167
"PCA_sleep_raw_PC3"	"EveningPeakAmplitude__State_D2_D6"	-0.064224081003742	176
"PCA_sleep_raw_PC3"	"DawnResponse__State_D2_D6"	-0.0682886134099891	176
"PCA_sleep_raw_PC3"	"DuskResponse__State_D2_D6"	-0.0719348844017743	176
"PCA_sleep_raw_PC3"	"DarkSleep__Late2_Early2"	-0.0730332379484922	176
"PCA_sleep_raw_PC3"	"TotalSleep__Late2_Early2"	-0.0762169956740093	169
"PCA_sleep_raw_PC3"	"Harmonic12Amplitude__State_D2_D6"	-0.0763680387409201	176
"PCA_sleep_raw_PC3"	"EveningPeakAmplitude__D6_D1"	-0.0778628611207797	169
"PCA_sleep_raw_PC3"	"LightSleep__D6_D1"	-0.083643279797126	169
"PCA_sleep_raw_PC3"	"LightSleep__Late2_Early2"	-0.0877380538014022	169
"PCA_sleep_raw_PC3"	"DarkSleep__D6_D1"	-0.103053048646269	176
"PCA_sleep_raw_PC3"	"ActivityContrast__D6_D1"	-0.10714782954602	169
"PCA_sleep_raw_PC3"	"TotalSleep__D6_D1"	-0.110725473621401	169
"PCA_sleep_raw_PC3"	"DuskAnticipation__D6_D1"	-0.112623442885995	168
"PCA_sleep_raw_PC3"	"WakingActivityDark__D6_D1"	-0.124014968082765	176
"PCA_sleep_raw_PC3"	"Harmonic24Amplitude__D6_D1"	-0.136228929441599	169
"PCA_sleep_raw_PC3"	"WakingActivityDark__Late2_Early2"	-0.139121725731895	176
"PCA_sleep_raw_PC3"	"LongestBoutDark__State_D2_D6"	-0.142375082544574	176
"PCA_sleep_raw_PC3"	"LongestBoutDark__Late2_Early2"	-0.155406119304424	176
"PCA_sleep_raw_PC3"	"ActivityContrast__Late2_Early2"	-0.159914971905922	169
"PCA_sleep_raw_PC3"	"LongestBoutDark__D6_D1"	-0.171846797270526	176
"PCA_sleep_raw_PC3"	"Harmonic24Amplitude__Late2_Early2"	-0.17193327034956	169
"PCA_sleep_raw_PC3"	"FragmentationLight__State_D2_D6"	-0.172095835199283	175
"PCA_sleep_raw_PC3"	"LDInterdailyStability__State_D2_D6"	-0.174618093770636	176
"PCA_sleep_raw_PC3"	"LD24hLagCorrelation__State_D2_D6"	-0.194380365397315	176
"PCA_sleep_raw_PC3"	"DuskResponse__D6_D1"	-0.20117983711204	176
"PCA_sleep_raw_PC3"	"DawnAnticipation__Late2_Early2"	-0.204140435835351	176
"PCA_sleep_raw_PC3"	"DuskResponse__Late2_Early2"	-0.204708455155465	176
"PCA_sleep_raw_PC3"	"OddEvenProfileCorrelation__State_D2_D6"	-0.206216156724631	176
"PCA_sleep_raw_PC3"	"DawnAnticipation__D6_D1"	-0.216693814659916	176
"PCA_sleep_raw_PC3"	"ActivityLight__State_D2_D6"	-0.232485141976667	176
"PCA_sleep_raw_PC3"	"TwoHarmonicR2__State_D2_D6"	-0.239535549196566	176
"PCA_sleep_raw_PC3"	"SleepAllocation__State_D2_D6"	-0.28966982170372	176
"PCA_sleep_raw_PC3"	"SiestaMoving__State_D2_D6"	-0.294906449482721	176
"PCA_sleep_raw_PC3"	"PWakeLight__State_D2_D6"	-0.30458727712965	176
"PCA_sleep_raw_PC3"	"MovingLight__State_D2_D6"	-0.326618974246093	176
"PCA_sleep_raw_PC3"	"Harmonic24Amplitude__State_D2_D6"	-0.429962579793088	176
"PCA_sleep_raw_PC3"	"DawnAnticipation__State_D2_D6"	-0.459038080563504	176
"PCA_sleep_raw_PC3"	"MorningPeakOffset__State_D2_D6"	-0.493895378316742	172
