SNP	annotation_arm	annotation_bp	REF	ALT	EFF	effect	gene	warning	raw_effect
"2L_10170542"	"2L"	10170542	"C"	"T"	"EFF=INTRON(MODIFIER||||1946|CG44153|protein_coding|CODING|FBtr0335509|2|T),INTRON(MODIFIER||||1946|CG44153|protein_coding|CODING|FBtr0335510|2|T),INTRAGENIC(MODIFIER|||||FBtr0304344||NON_CODING|||T)"	"INTRON"	"CG44153"	FALSE	"INTRON(MODIFIER||||1946|CG44153|protein_coding|CODING|FBtr0335509|2|T)"
"2L_10170542"	"2L"	10170542	"C"	"T"	"EFF=INTRON(MODIFIER||||1946|CG44153|protein_coding|CODING|FBtr0335509|2|T),INTRON(MODIFIER||||1946|CG44153|protein_coding|CODING|FBtr0335510|2|T),INTRAGENIC(MODIFIER|||||FBtr0304344||NON_CODING|||T)"	"INTRON"	"CG44153"	FALSE	"INTRON(MODIFIER||||1946|CG44153|protein_coding|CODING|FBtr0335510|2|T)"
"2L_10170542"	"2L"	10170542	"C"	"T"	"EFF=INTRON(MODIFIER||||1946|CG44153|protein_coding|CODING|FBtr0335509|2|T),INTRON(MODIFIER||||1946|CG44153|protein_coding|CODING|FBtr0335510|2|T),INTRAGENIC(MODIFIER|||||FBtr0304344||NON_CODING|||T)"	"INTRAGENIC"	"FBtr0304344"	FALSE	"INTRAGENIC(MODIFIER|||||FBtr0304344||NON_CODING|||T)"
"2L_10641389"	"2L"	10641389	"G"	"A"	"EFF=SYNONYMOUS_CODING(LOW||Act/Act|T482|1073|CG31872|protein_coding|CODING|FBtr0080099|1|A|WARNING_REF_DOES_NOT_MATCH_GENOME),SYNONYMOUS_CODING(LOW||Act/Act|T482|1073|CG31872|protein_coding|CODING|FBtr0345637|1|A|WARNING_REF_DOES_NOT_MATCH_GENOME),INTRAGENIC(MODIFIER|||||FBtr0304344||NON_CODING|||A),INTRAGENIC(MODIFIER|||||CG31872-PA||NON_CODING|||A),INTRAGENIC(MODIFIER|||||CG31872-PB||NON_CODING|||A)"	"SYNONYMOUS_CODING"	"CG31872"	TRUE	"SYNONYMOUS_CODING(LOW||Act/Act|T482|1073|CG31872|protein_coding|CODING|FBtr0080099|1|A|WARNING_REF_DOES_NOT_MATCH_GENOME)"
"2L_10641389"	"2L"	10641389	"G"	"A"	"EFF=SYNONYMOUS_CODING(LOW||Act/Act|T482|1073|CG31872|protein_coding|CODING|FBtr0080099|1|A|WARNING_REF_DOES_NOT_MATCH_GENOME),SYNONYMOUS_CODING(LOW||Act/Act|T482|1073|CG31872|protein_coding|CODING|FBtr0345637|1|A|WARNING_REF_DOES_NOT_MATCH_GENOME),INTRAGENIC(MODIFIER|||||FBtr0304344||NON_CODING|||A),INTRAGENIC(MODIFIER|||||CG31872-PA||NON_CODING|||A),INTRAGENIC(MODIFIER|||||CG31872-PB||NON_CODING|||A)"	"SYNONYMOUS_CODING"	"CG31872"	TRUE	"SYNONYMOUS_CODING(LOW||Act/Act|T482|1073|CG31872|protein_coding|CODING|FBtr0345637|1|A|WARNING_REF_DOES_NOT_MATCH_GENOME)"
"2L_10641389"	"2L"	10641389	"G"	"A"	"EFF=SYNONYMOUS_CODING(LOW||Act/Act|T482|1073|CG31872|protein_coding|CODING|FBtr0080099|1|A|WARNING_REF_DOES_NOT_MATCH_GENOME),SYNONYMOUS_CODING(LOW||Act/Act|T482|1073|CG31872|protein_coding|CODING|FBtr0345637|1|A|WARNING_REF_DOES_NOT_MATCH_GENOME),INTRAGENIC(MODIFIER|||||FBtr0304344||NON_CODING|||A),INTRAGENIC(MODIFIER|||||CG31872-PA||NON_CODING|||A),INTRAGENIC(MODIFIER|||||CG31872-PB||NON_CODING|||A)"	"INTRAGENIC"	"FBtr0304344"	FALSE	"INTRAGENIC(MODIFIER|||||FBtr0304344||NON_CODING|||A)"
"2L_10641389"	"2L"	10641389	"G"	"A"	"EFF=SYNONYMOUS_CODING(LOW||Act/Act|T482|1073|CG31872|protein_coding|CODING|FBtr0080099|1|A|WARNING_REF_DOES_NOT_MATCH_GENOME),SYNONYMOUS_CODING(LOW||Act/Act|T482|1073|CG31872|protein_coding|CODING|FBtr0345637|1|A|WARNING_REF_DOES_NOT_MATCH_GENOME),INTRAGENIC(MODIFIER|||||FBtr0304344||NON_CODING|||A),INTRAGENIC(MODIFIER|||||CG31872-PA||NON_CODING|||A),INTRAGENIC(MODIFIER|||||CG31872-PB||NON_CODING|||A)"	"INTRAGENIC"	"CG31872-PA"	FALSE	"INTRAGENIC(MODIFIER|||||CG31872-PA||NON_CODING|||A)"
"2L_10641389"	"2L"	10641389	"G"	"A"	"EFF=SYNONYMOUS_CODING(LOW||Act/Act|T482|1073|CG31872|protein_coding|CODING|FBtr0080099|1|A|WARNING_REF_DOES_NOT_MATCH_GENOME),SYNONYMOUS_CODING(LOW||Act/Act|T482|1073|CG31872|protein_coding|CODING|FBtr0345637|1|A|WARNING_REF_DOES_NOT_MATCH_GENOME),INTRAGENIC(MODIFIER|||||FBtr0304344||NON_CODING|||A),INTRAGENIC(MODIFIER|||||CG31872-PA||NON_CODING|||A),INTRAGENIC(MODIFIER|||||CG31872-PB||NON_CODING|||A)"	"INTRAGENIC"	"CG31872-PB"	FALSE	"INTRAGENIC(MODIFIER|||||CG31872-PB||NON_CODING|||A)"
"2L_10772724"	"2L"	10772724	"C"	"A"	"EFF=UTR_3_PRIME(MODIFIER||311||777|CG31869|protein_coding|CODING|FBtr0080189|7|A),UTR_3_PRIME(MODIFIER||311||602|CG31869|protein_coding|CODING|FBtr0290245|7|A),UTR_3_PRIME(MODIFIER||311||777|CG31869|protein_coding|CODING|FBtr0290246|8|A),INTRAGENIC(MODIFIER|||||FBtr0304344||NON_CODING|||A)"	"UTR_3_PRIME"	"CG31869"	FALSE	"UTR_3_PRIME(MODIFIER||311||777|CG31869|protein_coding|CODING|FBtr0080189|7|A)"
"2L_10772724"	"2L"	10772724	"C"	"A"	"EFF=UTR_3_PRIME(MODIFIER||311||777|CG31869|protein_coding|CODING|FBtr0080189|7|A),UTR_3_PRIME(MODIFIER||311||602|CG31869|protein_coding|CODING|FBtr0290245|7|A),UTR_3_PRIME(MODIFIER||311||777|CG31869|protein_coding|CODING|FBtr0290246|8|A),INTRAGENIC(MODIFIER|||||FBtr0304344||NON_CODING|||A)"	"UTR_3_PRIME"	"CG31869"	FALSE	"UTR_3_PRIME(MODIFIER||311||602|CG31869|protein_coding|CODING|FBtr0290245|7|A)"
"2L_10772724"	"2L"	10772724	"C"	"A"	"EFF=UTR_3_PRIME(MODIFIER||311||777|CG31869|protein_coding|CODING|FBtr0080189|7|A),UTR_3_PRIME(MODIFIER||311||602|CG31869|protein_coding|CODING|FBtr0290245|7|A),UTR_3_PRIME(MODIFIER||311||777|CG31869|protein_coding|CODING|FBtr0290246|8|A),INTRAGENIC(MODIFIER|||||FBtr0304344||NON_CODING|||A)"	"UTR_3_PRIME"	"CG31869"	FALSE	"UTR_3_PRIME(MODIFIER||311||777|CG31869|protein_coding|CODING|FBtr0290246|8|A)"
"2L_10772724"	"2L"	10772724	"C"	"A"	"EFF=UTR_3_PRIME(MODIFIER||311||777|CG31869|protein_coding|CODING|FBtr0080189|7|A),UTR_3_PRIME(MODIFIER||311||602|CG31869|protein_coding|CODING|FBtr0290245|7|A),UTR_3_PRIME(MODIFIER||311||777|CG31869|protein_coding|CODING|FBtr0290246|8|A),INTRAGENIC(MODIFIER|||||FBtr0304344||NON_CODING|||A)"	"INTRAGENIC"	"FBtr0304344"	FALSE	"INTRAGENIC(MODIFIER|||||FBtr0304344||NON_CODING|||A)"
"2L_12681166"	"2L"	12681166	"T"	"C"	"EFF=INTRON(MODIFIER||||893|pdm2|protein_coding|CODING|FBtr0080392|4|C),INTRON(MODIFIER||||893|pdm2|protein_coding|CODING|FBtr0340540|4|C),INTRON(MODIFIER||||893|pdm2|protein_coding|CODING|FBtr0340539|4|C),INTRON(MODIFIER||||498|pdm2|protein_coding|CODING|FBtr0080393|2|C),INTRAGENIC(MODIFIER|||||FBtr0304344||NON_CODING|||C),INTRAGENIC(MODIFIER|||||pdm2-PB||NON_CODING|||C),INTRAGENIC(MODIFIER|||||pdm2-PC||NON_CODING|||C),INTRAGENIC(MODIFIER|||||pdm2-PD||NON_CODING|||C),INTRAGENIC(MODIFIER|||||pdm2-PA||NON_CODING|||C)"	"INTRON"	"pdm2"	FALSE	"INTRON(MODIFIER||||893|pdm2|protein_coding|CODING|FBtr0080392|4|C)"
"2L_12681166"	"2L"	12681166	"T"	"C"	"EFF=INTRON(MODIFIER||||893|pdm2|protein_coding|CODING|FBtr0080392|4|C),INTRON(MODIFIER||||893|pdm2|protein_coding|CODING|FBtr0340540|4|C),INTRON(MODIFIER||||893|pdm2|protein_coding|CODING|FBtr0340539|4|C),INTRON(MODIFIER||||498|pdm2|protein_coding|CODING|FBtr0080393|2|C),INTRAGENIC(MODIFIER|||||FBtr0304344||NON_CODING|||C),INTRAGENIC(MODIFIER|||||pdm2-PB||NON_CODING|||C),INTRAGENIC(MODIFIER|||||pdm2-PC||NON_CODING|||C),INTRAGENIC(MODIFIER|||||pdm2-PD||NON_CODING|||C),INTRAGENIC(MODIFIER|||||pdm2-PA||NON_CODING|||C)"	"INTRON"	"pdm2"	FALSE	"INTRON(MODIFIER||||893|pdm2|protein_coding|CODING|FBtr0340540|4|C)"
"2L_12681166"	"2L"	12681166	"T"	"C"	"EFF=INTRON(MODIFIER||||893|pdm2|protein_coding|CODING|FBtr0080392|4|C),INTRON(MODIFIER||||893|pdm2|protein_coding|CODING|FBtr0340540|4|C),INTRON(MODIFIER||||893|pdm2|protein_coding|CODING|FBtr0340539|4|C),INTRON(MODIFIER||||498|pdm2|protein_coding|CODING|FBtr0080393|2|C),INTRAGENIC(MODIFIER|||||FBtr0304344||NON_CODING|||C),INTRAGENIC(MODIFIER|||||pdm2-PB||NON_CODING|||C),INTRAGENIC(MODIFIER|||||pdm2-PC||NON_CODING|||C),INTRAGENIC(MODIFIER|||||pdm2-PD||NON_CODING|||C),INTRAGENIC(MODIFIER|||||pdm2-PA||NON_CODING|||C)"	"INTRON"	"pdm2"	FALSE	"INTRON(MODIFIER||||893|pdm2|protein_coding|CODING|FBtr0340539|4|C)"
"2L_12681166"	"2L"	12681166	"T"	"C"	"EFF=INTRON(MODIFIER||||893|pdm2|protein_coding|CODING|FBtr0080392|4|C),INTRON(MODIFIER||||893|pdm2|protein_coding|CODING|FBtr0340540|4|C),INTRON(MODIFIER||||893|pdm2|protein_coding|CODING|FBtr0340539|4|C),INTRON(MODIFIER||||498|pdm2|protein_coding|CODING|FBtr0080393|2|C),INTRAGENIC(MODIFIER|||||FBtr0304344||NON_CODING|||C),INTRAGENIC(MODIFIER|||||pdm2-PB||NON_CODING|||C),INTRAGENIC(MODIFIER|||||pdm2-PC||NON_CODING|||C),INTRAGENIC(MODIFIER|||||pdm2-PD||NON_CODING|||C),INTRAGENIC(MODIFIER|||||pdm2-PA||NON_CODING|||C)"	"INTRON"	"pdm2"	FALSE	"INTRON(MODIFIER||||498|pdm2|protein_coding|CODING|FBtr0080393|2|C)"
"2L_12681166"	"2L"	12681166	"T"	"C"	"EFF=INTRON(MODIFIER||||893|pdm2|protein_coding|CODING|FBtr0080392|4|C),INTRON(MODIFIER||||893|pdm2|protein_coding|CODING|FBtr0340540|4|C),INTRON(MODIFIER||||893|pdm2|protein_coding|CODING|FBtr0340539|4|C),INTRON(MODIFIER||||498|pdm2|protein_coding|CODING|FBtr0080393|2|C),INTRAGENIC(MODIFIER|||||FBtr0304344||NON_CODING|||C),INTRAGENIC(MODIFIER|||||pdm2-PB||NON_CODING|||C),INTRAGENIC(MODIFIER|||||pdm2-PC||NON_CODING|||C),INTRAGENIC(MODIFIER|||||pdm2-PD||NON_CODING|||C),INTRAGENIC(MODIFIER|||||pdm2-PA||NON_CODING|||C)"	"INTRAGENIC"	"FBtr0304344"	FALSE	"INTRAGENIC(MODIFIER|||||FBtr0304344||NON_CODING|||C)"
"2L_12681166"	"2L"	12681166	"T"	"C"	"EFF=INTRON(MODIFIER||||893|pdm2|protein_coding|CODING|FBtr0080392|4|C),INTRON(MODIFIER||||893|pdm2|protein_coding|CODING|FBtr0340540|4|C),INTRON(MODIFIER||||893|pdm2|protein_coding|CODING|FBtr0340539|4|C),INTRON(MODIFIER||||498|pdm2|protein_coding|CODING|FBtr0080393|2|C),INTRAGENIC(MODIFIER|||||FBtr0304344||NON_CODING|||C),INTRAGENIC(MODIFIER|||||pdm2-PB||NON_CODING|||C),INTRAGENIC(MODIFIER|||||pdm2-PC||NON_CODING|||C),INTRAGENIC(MODIFIER|||||pdm2-PD||NON_CODING|||C),INTRAGENIC(MODIFIER|||||pdm2-PA||NON_CODING|||C)"	"INTRAGENIC"	"pdm2-PB"	FALSE	"INTRAGENIC(MODIFIER|||||pdm2-PB||NON_CODING|||C)"
"2L_12681166"	"2L"	12681166	"T"	"C"	"EFF=INTRON(MODIFIER||||893|pdm2|protein_coding|CODING|FBtr0080392|4|C),INTRON(MODIFIER||||893|pdm2|protein_coding|CODING|FBtr0340540|4|C),INTRON(MODIFIER||||893|pdm2|protein_coding|CODING|FBtr0340539|4|C),INTRON(MODIFIER||||498|pdm2|protein_coding|CODING|FBtr0080393|2|C),INTRAGENIC(MODIFIER|||||FBtr0304344||NON_CODING|||C),INTRAGENIC(MODIFIER|||||pdm2-PB||NON_CODING|||C),INTRAGENIC(MODIFIER|||||pdm2-PC||NON_CODING|||C),INTRAGENIC(MODIFIER|||||pdm2-PD||NON_CODING|||C),INTRAGENIC(MODIFIER|||||pdm2-PA||NON_CODING|||C)"	"INTRAGENIC"	"pdm2-PC"	FALSE	"INTRAGENIC(MODIFIER|||||pdm2-PC||NON_CODING|||C)"
"2L_12681166"	"2L"	12681166	"T"	"C"	"EFF=INTRON(MODIFIER||||893|pdm2|protein_coding|CODING|FBtr0080392|4|C),INTRON(MODIFIER||||893|pdm2|protein_coding|CODING|FBtr0340540|4|C),INTRON(MODIFIER||||893|pdm2|protein_coding|CODING|FBtr0340539|4|C),INTRON(MODIFIER||||498|pdm2|protein_coding|CODING|FBtr0080393|2|C),INTRAGENIC(MODIFIER|||||FBtr0304344||NON_CODING|||C),INTRAGENIC(MODIFIER|||||pdm2-PB||NON_CODING|||C),INTRAGENIC(MODIFIER|||||pdm2-PC||NON_CODING|||C),INTRAGENIC(MODIFIER|||||pdm2-PD||NON_CODING|||C),INTRAGENIC(MODIFIER|||||pdm2-PA||NON_CODING|||C)"	"INTRAGENIC"	"pdm2-PD"	FALSE	"INTRAGENIC(MODIFIER|||||pdm2-PD||NON_CODING|||C)"
"2L_12681166"	"2L"	12681166	"T"	"C"	"EFF=INTRON(MODIFIER||||893|pdm2|protein_coding|CODING|FBtr0080392|4|C),INTRON(MODIFIER||||893|pdm2|protein_coding|CODING|FBtr0340540|4|C),INTRON(MODIFIER||||893|pdm2|protein_coding|CODING|FBtr0340539|4|C),INTRON(MODIFIER||||498|pdm2|protein_coding|CODING|FBtr0080393|2|C),INTRAGENIC(MODIFIER|||||FBtr0304344||NON_CODING|||C),INTRAGENIC(MODIFIER|||||pdm2-PB||NON_CODING|||C),INTRAGENIC(MODIFIER|||||pdm2-PC||NON_CODING|||C),INTRAGENIC(MODIFIER|||||pdm2-PD||NON_CODING|||C),INTRAGENIC(MODIFIER|||||pdm2-PA||NON_CODING|||C)"	"INTRAGENIC"	"pdm2-PA"	FALSE	"INTRAGENIC(MODIFIER|||||pdm2-PA||NON_CODING|||C)"
"2L_14815128"	"2L"	14815128	"AC"	"A"	"EFF=INTRAGENIC(MODIFIER|||||FBtr0304344||NON_CODING|||A)"	"INTRAGENIC"	"FBtr0304344"	FALSE	"INTRAGENIC(MODIFIER|||||FBtr0304344||NON_CODING|||A)"
"2L_15610070"	"2L"	15610070	"C"	"G"	"EFF=UPSTREAM(MODIFIER||101|||EXON_2L_15610171_15610746||NON_CODING|FBtr0343715||G),DOWNSTREAM(MODIFIER||101||261|EXON_2L_15610171_15611719|protein_coding|CODING|FBtr0343719||G),DOWNSTREAM(MODIFIER||662||261|EXON_2L_15610732_15611719|protein_coding|CODING|FBtr0080785||G),INTRAGENIC(MODIFIER|||||FBtr0304344||NON_CODING|||G)"	"UPSTREAM"	"EXON_2L_15610171_15610746"	FALSE	"UPSTREAM(MODIFIER||101|||EXON_2L_15610171_15610746||NON_CODING|FBtr0343715||G)"
"2L_15610070"	"2L"	15610070	"C"	"G"	"EFF=UPSTREAM(MODIFIER||101|||EXON_2L_15610171_15610746||NON_CODING|FBtr0343715||G),DOWNSTREAM(MODIFIER||101||261|EXON_2L_15610171_15611719|protein_coding|CODING|FBtr0343719||G),DOWNSTREAM(MODIFIER||662||261|EXON_2L_15610732_15611719|protein_coding|CODING|FBtr0080785||G),INTRAGENIC(MODIFIER|||||FBtr0304344||NON_CODING|||G)"	"DOWNSTREAM"	"EXON_2L_15610171_15611719"	FALSE	"DOWNSTREAM(MODIFIER||101||261|EXON_2L_15610171_15611719|protein_coding|CODING|FBtr0343719||G)"
"2L_15610070"	"2L"	15610070	"C"	"G"	"EFF=UPSTREAM(MODIFIER||101|||EXON_2L_15610171_15610746||NON_CODING|FBtr0343715||G),DOWNSTREAM(MODIFIER||101||261|EXON_2L_15610171_15611719|protein_coding|CODING|FBtr0343719||G),DOWNSTREAM(MODIFIER||662||261|EXON_2L_15610732_15611719|protein_coding|CODING|FBtr0080785||G),INTRAGENIC(MODIFIER|||||FBtr0304344||NON_CODING|||G)"	"DOWNSTREAM"	"EXON_2L_15610732_15611719"	FALSE	"DOWNSTREAM(MODIFIER||662||261|EXON_2L_15610732_15611719|protein_coding|CODING|FBtr0080785||G)"
"2L_15610070"	"2L"	15610070	"C"	"G"	"EFF=UPSTREAM(MODIFIER||101|||EXON_2L_15610171_15610746||NON_CODING|FBtr0343715||G),DOWNSTREAM(MODIFIER||101||261|EXON_2L_15610171_15611719|protein_coding|CODING|FBtr0343719||G),DOWNSTREAM(MODIFIER||662||261|EXON_2L_15610732_15611719|protein_coding|CODING|FBtr0080785||G),INTRAGENIC(MODIFIER|||||FBtr0304344||NON_CODING|||G)"	"INTRAGENIC"	"FBtr0304344"	FALSE	"INTRAGENIC(MODIFIER|||||FBtr0304344||NON_CODING|||G)"
"2L_15943639"	"2L"	15943639	"C"	"G"	"EFF=DOWNSTREAM(MODIFIER||785||352|CG12448|protein_coding|CODING|FBtr0300613||G),INTRON(MODIFIER||||327|beat-Ib|protein_coding|CODING|FBtr0080808|1|G),INTRON(MODIFIER||||327|beat-Ib|protein_coding|CODING|FBtr0300615|1|G),INTRAGENIC(MODIFIER|||||FBtr0304344||NON_CODING|||G)"	"DOWNSTREAM"	"CG12448"	FALSE	"DOWNSTREAM(MODIFIER||785||352|CG12448|protein_coding|CODING|FBtr0300613||G)"
"2L_15943639"	"2L"	15943639	"C"	"G"	"EFF=DOWNSTREAM(MODIFIER||785||352|CG12448|protein_coding|CODING|FBtr0300613||G),INTRON(MODIFIER||||327|beat-Ib|protein_coding|CODING|FBtr0080808|1|G),INTRON(MODIFIER||||327|beat-Ib|protein_coding|CODING|FBtr0300615|1|G),INTRAGENIC(MODIFIER|||||FBtr0304344||NON_CODING|||G)"	"INTRON"	"beat-Ib"	FALSE	"INTRON(MODIFIER||||327|beat-Ib|protein_coding|CODING|FBtr0080808|1|G)"
"2L_15943639"	"2L"	15943639	"C"	"G"	"EFF=DOWNSTREAM(MODIFIER||785||352|CG12448|protein_coding|CODING|FBtr0300613||G),INTRON(MODIFIER||||327|beat-Ib|protein_coding|CODING|FBtr0080808|1|G),INTRON(MODIFIER||||327|beat-Ib|protein_coding|CODING|FBtr0300615|1|G),INTRAGENIC(MODIFIER|||||FBtr0304344||NON_CODING|||G)"	"INTRON"	"beat-Ib"	FALSE	"INTRON(MODIFIER||||327|beat-Ib|protein_coding|CODING|FBtr0300615|1|G)"
"2L_15943639"	"2L"	15943639	"C"	"G"	"EFF=DOWNSTREAM(MODIFIER||785||352|CG12448|protein_coding|CODING|FBtr0300613||G),INTRON(MODIFIER||||327|beat-Ib|protein_coding|CODING|FBtr0080808|1|G),INTRON(MODIFIER||||327|beat-Ib|protein_coding|CODING|FBtr0300615|1|G),INTRAGENIC(MODIFIER|||||FBtr0304344||NON_CODING|||G)"	"INTRAGENIC"	"FBtr0304344"	FALSE	"INTRAGENIC(MODIFIER|||||FBtr0304344||NON_CODING|||G)"
"2L_17491087"	"2L"	17491087	"A"	"AGTATACAAAAT"	"EFF=INTRON(MODIFIER||||892|qua|protein_coding|CODING|FBtr0306165|1|AGTATACAAAAT),INTRON(MODIFIER||||888|qua|protein_coding|CODING|FBtr0080997|1|AGTATACAAAAT),INTRON(MODIFIER||||887|qua|protein_coding|CODING|FBtr0080996|1|AGTATACAAAAT),INTRAGENIC(MODIFIER|||||FBtr0304344||NON_CODING|||AGTATACAAAAT),INTRAGENIC(MODIFIER|||||qua-PB||NON_CODING|||AGTATACAAAAT),INTRAGENIC(MODIFIER|||||qua-PC||NON_CODING|||AGTATACAAAAT),INTRAGENIC(MODIFIER|||||qua-PA||NON_CODING|||AGTATACAAAAT)"	"INTRON"	"qua"	FALSE	"INTRON(MODIFIER||||892|qua|protein_coding|CODING|FBtr0306165|1|AGTATACAAAAT)"
"2L_17491087"	"2L"	17491087	"A"	"AGTATACAAAAT"	"EFF=INTRON(MODIFIER||||892|qua|protein_coding|CODING|FBtr0306165|1|AGTATACAAAAT),INTRON(MODIFIER||||888|qua|protein_coding|CODING|FBtr0080997|1|AGTATACAAAAT),INTRON(MODIFIER||||887|qua|protein_coding|CODING|FBtr0080996|1|AGTATACAAAAT),INTRAGENIC(MODIFIER|||||FBtr0304344||NON_CODING|||AGTATACAAAAT),INTRAGENIC(MODIFIER|||||qua-PB||NON_CODING|||AGTATACAAAAT),INTRAGENIC(MODIFIER|||||qua-PC||NON_CODING|||AGTATACAAAAT),INTRAGENIC(MODIFIER|||||qua-PA||NON_CODING|||AGTATACAAAAT)"	"INTRON"	"qua"	FALSE	"INTRON(MODIFIER||||888|qua|protein_coding|CODING|FBtr0080997|1|AGTATACAAAAT)"
"2L_17491087"	"2L"	17491087	"A"	"AGTATACAAAAT"	"EFF=INTRON(MODIFIER||||892|qua|protein_coding|CODING|FBtr0306165|1|AGTATACAAAAT),INTRON(MODIFIER||||888|qua|protein_coding|CODING|FBtr0080997|1|AGTATACAAAAT),INTRON(MODIFIER||||887|qua|protein_coding|CODING|FBtr0080996|1|AGTATACAAAAT),INTRAGENIC(MODIFIER|||||FBtr0304344||NON_CODING|||AGTATACAAAAT),INTRAGENIC(MODIFIER|||||qua-PB||NON_CODING|||AGTATACAAAAT),INTRAGENIC(MODIFIER|||||qua-PC||NON_CODING|||AGTATACAAAAT),INTRAGENIC(MODIFIER|||||qua-PA||NON_CODING|||AGTATACAAAAT)"	"INTRON"	"qua"	FALSE	"INTRON(MODIFIER||||887|qua|protein_coding|CODING|FBtr0080996|1|AGTATACAAAAT)"
"2L_17491087"	"2L"	17491087	"A"	"AGTATACAAAAT"	"EFF=INTRON(MODIFIER||||892|qua|protein_coding|CODING|FBtr0306165|1|AGTATACAAAAT),INTRON(MODIFIER||||888|qua|protein_coding|CODING|FBtr0080997|1|AGTATACAAAAT),INTRON(MODIFIER||||887|qua|protein_coding|CODING|FBtr0080996|1|AGTATACAAAAT),INTRAGENIC(MODIFIER|||||FBtr0304344||NON_CODING|||AGTATACAAAAT),INTRAGENIC(MODIFIER|||||qua-PB||NON_CODING|||AGTATACAAAAT),INTRAGENIC(MODIFIER|||||qua-PC||NON_CODING|||AGTATACAAAAT),INTRAGENIC(MODIFIER|||||qua-PA||NON_CODING|||AGTATACAAAAT)"	"INTRAGENIC"	"FBtr0304344"	FALSE	"INTRAGENIC(MODIFIER|||||FBtr0304344||NON_CODING|||AGTATACAAAAT)"
"2L_17491087"	"2L"	17491087	"A"	"AGTATACAAAAT"	"EFF=INTRON(MODIFIER||||892|qua|protein_coding|CODING|FBtr0306165|1|AGTATACAAAAT),INTRON(MODIFIER||||888|qua|protein_coding|CODING|FBtr0080997|1|AGTATACAAAAT),INTRON(MODIFIER||||887|qua|protein_coding|CODING|FBtr0080996|1|AGTATACAAAAT),INTRAGENIC(MODIFIER|||||FBtr0304344||NON_CODING|||AGTATACAAAAT),INTRAGENIC(MODIFIER|||||qua-PB||NON_CODING|||AGTATACAAAAT),INTRAGENIC(MODIFIER|||||qua-PC||NON_CODING|||AGTATACAAAAT),INTRAGENIC(MODIFIER|||||qua-PA||NON_CODING|||AGTATACAAAAT)"	"INTRAGENIC"	"qua-PB"	FALSE	"INTRAGENIC(MODIFIER|||||qua-PB||NON_CODING|||AGTATACAAAAT)"
"2L_17491087"	"2L"	17491087	"A"	"AGTATACAAAAT"	"EFF=INTRON(MODIFIER||||892|qua|protein_coding|CODING|FBtr0306165|1|AGTATACAAAAT),INTRON(MODIFIER||||888|qua|protein_coding|CODING|FBtr0080997|1|AGTATACAAAAT),INTRON(MODIFIER||||887|qua|protein_coding|CODING|FBtr0080996|1|AGTATACAAAAT),INTRAGENIC(MODIFIER|||||FBtr0304344||NON_CODING|||AGTATACAAAAT),INTRAGENIC(MODIFIER|||||qua-PB||NON_CODING|||AGTATACAAAAT),INTRAGENIC(MODIFIER|||||qua-PC||NON_CODING|||AGTATACAAAAT),INTRAGENIC(MODIFIER|||||qua-PA||NON_CODING|||AGTATACAAAAT)"	"INTRAGENIC"	"qua-PC"	FALSE	"INTRAGENIC(MODIFIER|||||qua-PC||NON_CODING|||AGTATACAAAAT)"
"2L_17491087"	"2L"	17491087	"A"	"AGTATACAAAAT"	"EFF=INTRON(MODIFIER||||892|qua|protein_coding|CODING|FBtr0306165|1|AGTATACAAAAT),INTRON(MODIFIER||||888|qua|protein_coding|CODING|FBtr0080997|1|AGTATACAAAAT),INTRON(MODIFIER||||887|qua|protein_coding|CODING|FBtr0080996|1|AGTATACAAAAT),INTRAGENIC(MODIFIER|||||FBtr0304344||NON_CODING|||AGTATACAAAAT),INTRAGENIC(MODIFIER|||||qua-PB||NON_CODING|||AGTATACAAAAT),INTRAGENIC(MODIFIER|||||qua-PC||NON_CODING|||AGTATACAAAAT),INTRAGENIC(MODIFIER|||||qua-PA||NON_CODING|||AGTATACAAAAT)"	"INTRAGENIC"	"qua-PA"	FALSE	"INTRAGENIC(MODIFIER|||||qua-PA||NON_CODING|||AGTATACAAAAT)"
"2L_20321158"	"2L"	20321158	"T"	"C"	"EFF=INTRON(MODIFIER||||1020|spir|protein_coding|CODING|FBtr0081352|1|C),INTRON(MODIFIER||||488|spir|protein_coding|CODING|FBtr0307894|1|C),INTRON(MODIFIER||||498|spir|protein_coding|CODING|FBtr0339233|1|C),INTRON(MODIFIER||||585|spir|protein_coding|CODING|FBtr0081354|1|C),INTRON(MODIFIER||||586|spir|protein_coding|CODING|FBtr0307893|1|C),INTRON(MODIFIER||||991|spir|protein_coding|CODING|FBtr0081353|1|C),INTRON(MODIFIER||||990|spir|protein_coding|CODING|FBtr0301884|1|C),INTRON(MODIFIER||||1018|spir|protein_coding|CODING|FBtr0306556|1|C),INTRON(MODIFIER||||586|spir|protein_coding|CODING|FBtr0339234|1|C),INTRAGENIC(MODIFIER|||||FBtr0304344||NON_CODING|||C),INTRAGENIC(MODIFIER|||||spir-PH||NON_CODING|||C),INTRAGENIC(MODIFIER|||||spir-PI||NON_CODING|||C),INTRAGENIC(MODIFIER|||||spir-PD||NON_CODING|||C),INTRAGENIC(MODIFIER|||||spir-PG||NON_CODING|||C),INTRAGENIC(MODIFIER|||||spir-PJ||NON_CODING|||C),INTRAGENIC(MODIFIER|||||spir-PA||NON_CODING|||C),INTRAGENIC(MODIFIER|||||spir-PB||NON_CODING|||C),INTRAGENIC(MODIFIER|||||spir-PE||NON_CODING|||C),INTRAGENIC(MODIFIER|||||spir-PF||NON_CODING|||C)"	"INTRON"	"spir"	FALSE	"INTRON(MODIFIER||||1020|spir|protein_coding|CODING|FBtr0081352|1|C)"
"2L_20321158"	"2L"	20321158	"T"	"C"	"EFF=INTRON(MODIFIER||||1020|spir|protein_coding|CODING|FBtr0081352|1|C),INTRON(MODIFIER||||488|spir|protein_coding|CODING|FBtr0307894|1|C),INTRON(MODIFIER||||498|spir|protein_coding|CODING|FBtr0339233|1|C),INTRON(MODIFIER||||585|spir|protein_coding|CODING|FBtr0081354|1|C),INTRON(MODIFIER||||586|spir|protein_coding|CODING|FBtr0307893|1|C),INTRON(MODIFIER||||991|spir|protein_coding|CODING|FBtr0081353|1|C),INTRON(MODIFIER||||990|spir|protein_coding|CODING|FBtr0301884|1|C),INTRON(MODIFIER||||1018|spir|protein_coding|CODING|FBtr0306556|1|C),INTRON(MODIFIER||||586|spir|protein_coding|CODING|FBtr0339234|1|C),INTRAGENIC(MODIFIER|||||FBtr0304344||NON_CODING|||C),INTRAGENIC(MODIFIER|||||spir-PH||NON_CODING|||C),INTRAGENIC(MODIFIER|||||spir-PI||NON_CODING|||C),INTRAGENIC(MODIFIER|||||spir-PD||NON_CODING|||C),INTRAGENIC(MODIFIER|||||spir-PG||NON_CODING|||C),INTRAGENIC(MODIFIER|||||spir-PJ||NON_CODING|||C),INTRAGENIC(MODIFIER|||||spir-PA||NON_CODING|||C),INTRAGENIC(MODIFIER|||||spir-PB||NON_CODING|||C),INTRAGENIC(MODIFIER|||||spir-PE||NON_CODING|||C),INTRAGENIC(MODIFIER|||||spir-PF||NON_CODING|||C)"	"INTRON"	"spir"	FALSE	"INTRON(MODIFIER||||488|spir|protein_coding|CODING|FBtr0307894|1|C)"
"2L_20321158"	"2L"	20321158	"T"	"C"	"EFF=INTRON(MODIFIER||||1020|spir|protein_coding|CODING|FBtr0081352|1|C),INTRON(MODIFIER||||488|spir|protein_coding|CODING|FBtr0307894|1|C),INTRON(MODIFIER||||498|spir|protein_coding|CODING|FBtr0339233|1|C),INTRON(MODIFIER||||585|spir|protein_coding|CODING|FBtr0081354|1|C),INTRON(MODIFIER||||586|spir|protein_coding|CODING|FBtr0307893|1|C),INTRON(MODIFIER||||991|spir|protein_coding|CODING|FBtr0081353|1|C),INTRON(MODIFIER||||990|spir|protein_coding|CODING|FBtr0301884|1|C),INTRON(MODIFIER||||1018|spir|protein_coding|CODING|FBtr0306556|1|C),INTRON(MODIFIER||||586|spir|protein_coding|CODING|FBtr0339234|1|C),INTRAGENIC(MODIFIER|||||FBtr0304344||NON_CODING|||C),INTRAGENIC(MODIFIER|||||spir-PH||NON_CODING|||C),INTRAGENIC(MODIFIER|||||spir-PI||NON_CODING|||C),INTRAGENIC(MODIFIER|||||spir-PD||NON_CODING|||C),INTRAGENIC(MODIFIER|||||spir-PG||NON_CODING|||C),INTRAGENIC(MODIFIER|||||spir-PJ||NON_CODING|||C),INTRAGENIC(MODIFIER|||||spir-PA||NON_CODING|||C),INTRAGENIC(MODIFIER|||||spir-PB||NON_CODING|||C),INTRAGENIC(MODIFIER|||||spir-PE||NON_CODING|||C),INTRAGENIC(MODIFIER|||||spir-PF||NON_CODING|||C)"	"INTRON"	"spir"	FALSE	"INTRON(MODIFIER||||498|spir|protein_coding|CODING|FBtr0339233|1|C)"
"2L_20321158"	"2L"	20321158	"T"	"C"	"EFF=INTRON(MODIFIER||||1020|spir|protein_coding|CODING|FBtr0081352|1|C),INTRON(MODIFIER||||488|spir|protein_coding|CODING|FBtr0307894|1|C),INTRON(MODIFIER||||498|spir|protein_coding|CODING|FBtr0339233|1|C),INTRON(MODIFIER||||585|spir|protein_coding|CODING|FBtr0081354|1|C),INTRON(MODIFIER||||586|spir|protein_coding|CODING|FBtr0307893|1|C),INTRON(MODIFIER||||991|spir|protein_coding|CODING|FBtr0081353|1|C),INTRON(MODIFIER||||990|spir|protein_coding|CODING|FBtr0301884|1|C),INTRON(MODIFIER||||1018|spir|protein_coding|CODING|FBtr0306556|1|C),INTRON(MODIFIER||||586|spir|protein_coding|CODING|FBtr0339234|1|C),INTRAGENIC(MODIFIER|||||FBtr0304344||NON_CODING|||C),INTRAGENIC(MODIFIER|||||spir-PH||NON_CODING|||C),INTRAGENIC(MODIFIER|||||spir-PI||NON_CODING|||C),INTRAGENIC(MODIFIER|||||spir-PD||NON_CODING|||C),INTRAGENIC(MODIFIER|||||spir-PG||NON_CODING|||C),INTRAGENIC(MODIFIER|||||spir-PJ||NON_CODING|||C),INTRAGENIC(MODIFIER|||||spir-PA||NON_CODING|||C),INTRAGENIC(MODIFIER|||||spir-PB||NON_CODING|||C),INTRAGENIC(MODIFIER|||||spir-PE||NON_CODING|||C),INTRAGENIC(MODIFIER|||||spir-PF||NON_CODING|||C)"	"INTRON"	"spir"	FALSE	"INTRON(MODIFIER||||585|spir|protein_coding|CODING|FBtr0081354|1|C)"
"2L_20321158"	"2L"	20321158	"T"	"C"	"EFF=INTRON(MODIFIER||||1020|spir|protein_coding|CODING|FBtr0081352|1|C),INTRON(MODIFIER||||488|spir|protein_coding|CODING|FBtr0307894|1|C),INTRON(MODIFIER||||498|spir|protein_coding|CODING|FBtr0339233|1|C),INTRON(MODIFIER||||585|spir|protein_coding|CODING|FBtr0081354|1|C),INTRON(MODIFIER||||586|spir|protein_coding|CODING|FBtr0307893|1|C),INTRON(MODIFIER||||991|spir|protein_coding|CODING|FBtr0081353|1|C),INTRON(MODIFIER||||990|spir|protein_coding|CODING|FBtr0301884|1|C),INTRON(MODIFIER||||1018|spir|protein_coding|CODING|FBtr0306556|1|C),INTRON(MODIFIER||||586|spir|protein_coding|CODING|FBtr0339234|1|C),INTRAGENIC(MODIFIER|||||FBtr0304344||NON_CODING|||C),INTRAGENIC(MODIFIER|||||spir-PH||NON_CODING|||C),INTRAGENIC(MODIFIER|||||spir-PI||NON_CODING|||C),INTRAGENIC(MODIFIER|||||spir-PD||NON_CODING|||C),INTRAGENIC(MODIFIER|||||spir-PG||NON_CODING|||C),INTRAGENIC(MODIFIER|||||spir-PJ||NON_CODING|||C),INTRAGENIC(MODIFIER|||||spir-PA||NON_CODING|||C),INTRAGENIC(MODIFIER|||||spir-PB||NON_CODING|||C),INTRAGENIC(MODIFIER|||||spir-PE||NON_CODING|||C),INTRAGENIC(MODIFIER|||||spir-PF||NON_CODING|||C)"	"INTRON"	"spir"	FALSE	"INTRON(MODIFIER||||586|spir|protein_coding|CODING|FBtr0307893|1|C)"
"2L_20321158"	"2L"	20321158	"T"	"C"	"EFF=INTRON(MODIFIER||||1020|spir|protein_coding|CODING|FBtr0081352|1|C),INTRON(MODIFIER||||488|spir|protein_coding|CODING|FBtr0307894|1|C),INTRON(MODIFIER||||498|spir|protein_coding|CODING|FBtr0339233|1|C),INTRON(MODIFIER||||585|spir|protein_coding|CODING|FBtr0081354|1|C),INTRON(MODIFIER||||586|spir|protein_coding|CODING|FBtr0307893|1|C),INTRON(MODIFIER||||991|spir|protein_coding|CODING|FBtr0081353|1|C),INTRON(MODIFIER||||990|spir|protein_coding|CODING|FBtr0301884|1|C),INTRON(MODIFIER||||1018|spir|protein_coding|CODING|FBtr0306556|1|C),INTRON(MODIFIER||||586|spir|protein_coding|CODING|FBtr0339234|1|C),INTRAGENIC(MODIFIER|||||FBtr0304344||NON_CODING|||C),INTRAGENIC(MODIFIER|||||spir-PH||NON_CODING|||C),INTRAGENIC(MODIFIER|||||spir-PI||NON_CODING|||C),INTRAGENIC(MODIFIER|||||spir-PD||NON_CODING|||C),INTRAGENIC(MODIFIER|||||spir-PG||NON_CODING|||C),INTRAGENIC(MODIFIER|||||spir-PJ||NON_CODING|||C),INTRAGENIC(MODIFIER|||||spir-PA||NON_CODING|||C),INTRAGENIC(MODIFIER|||||spir-PB||NON_CODING|||C),INTRAGENIC(MODIFIER|||||spir-PE||NON_CODING|||C),INTRAGENIC(MODIFIER|||||spir-PF||NON_CODING|||C)"	"INTRON"	"spir"	FALSE	"INTRON(MODIFIER||||991|spir|protein_coding|CODING|FBtr0081353|1|C)"
"2L_20321158"	"2L"	20321158	"T"	"C"	"EFF=INTRON(MODIFIER||||1020|spir|protein_coding|CODING|FBtr0081352|1|C),INTRON(MODIFIER||||488|spir|protein_coding|CODING|FBtr0307894|1|C),INTRON(MODIFIER||||498|spir|protein_coding|CODING|FBtr0339233|1|C),INTRON(MODIFIER||||585|spir|protein_coding|CODING|FBtr0081354|1|C),INTRON(MODIFIER||||586|spir|protein_coding|CODING|FBtr0307893|1|C),INTRON(MODIFIER||||991|spir|protein_coding|CODING|FBtr0081353|1|C),INTRON(MODIFIER||||990|spir|protein_coding|CODING|FBtr0301884|1|C),INTRON(MODIFIER||||1018|spir|protein_coding|CODING|FBtr0306556|1|C),INTRON(MODIFIER||||586|spir|protein_coding|CODING|FBtr0339234|1|C),INTRAGENIC(MODIFIER|||||FBtr0304344||NON_CODING|||C),INTRAGENIC(MODIFIER|||||spir-PH||NON_CODING|||C),INTRAGENIC(MODIFIER|||||spir-PI||NON_CODING|||C),INTRAGENIC(MODIFIER|||||spir-PD||NON_CODING|||C),INTRAGENIC(MODIFIER|||||spir-PG||NON_CODING|||C),INTRAGENIC(MODIFIER|||||spir-PJ||NON_CODING|||C),INTRAGENIC(MODIFIER|||||spir-PA||NON_CODING|||C),INTRAGENIC(MODIFIER|||||spir-PB||NON_CODING|||C),INTRAGENIC(MODIFIER|||||spir-PE||NON_CODING|||C),INTRAGENIC(MODIFIER|||||spir-PF||NON_CODING|||C)"	"INTRON"	"spir"	FALSE	"INTRON(MODIFIER||||990|spir|protein_coding|CODING|FBtr0301884|1|C)"
"2L_20321158"	"2L"	20321158	"T"	"C"	"EFF=INTRON(MODIFIER||||1020|spir|protein_coding|CODING|FBtr0081352|1|C),INTRON(MODIFIER||||488|spir|protein_coding|CODING|FBtr0307894|1|C),INTRON(MODIFIER||||498|spir|protein_coding|CODING|FBtr0339233|1|C),INTRON(MODIFIER||||585|spir|protein_coding|CODING|FBtr0081354|1|C),INTRON(MODIFIER||||586|spir|protein_coding|CODING|FBtr0307893|1|C),INTRON(MODIFIER||||991|spir|protein_coding|CODING|FBtr0081353|1|C),INTRON(MODIFIER||||990|spir|protein_coding|CODING|FBtr0301884|1|C),INTRON(MODIFIER||||1018|spir|protein_coding|CODING|FBtr0306556|1|C),INTRON(MODIFIER||||586|spir|protein_coding|CODING|FBtr0339234|1|C),INTRAGENIC(MODIFIER|||||FBtr0304344||NON_CODING|||C),INTRAGENIC(MODIFIER|||||spir-PH||NON_CODING|||C),INTRAGENIC(MODIFIER|||||spir-PI||NON_CODING|||C),INTRAGENIC(MODIFIER|||||spir-PD||NON_CODING|||C),INTRAGENIC(MODIFIER|||||spir-PG||NON_CODING|||C),INTRAGENIC(MODIFIER|||||spir-PJ||NON_CODING|||C),INTRAGENIC(MODIFIER|||||spir-PA||NON_CODING|||C),INTRAGENIC(MODIFIER|||||spir-PB||NON_CODING|||C),INTRAGENIC(MODIFIER|||||spir-PE||NON_CODING|||C),INTRAGENIC(MODIFIER|||||spir-PF||NON_CODING|||C)"	"INTRON"	"spir"	FALSE	"INTRON(MODIFIER||||1018|spir|protein_coding|CODING|FBtr0306556|1|C)"
"2L_20321158"	"2L"	20321158	"T"	"C"	"EFF=INTRON(MODIFIER||||1020|spir|protein_coding|CODING|FBtr0081352|1|C),INTRON(MODIFIER||||488|spir|protein_coding|CODING|FBtr0307894|1|C),INTRON(MODIFIER||||498|spir|protein_coding|CODING|FBtr0339233|1|C),INTRON(MODIFIER||||585|spir|protein_coding|CODING|FBtr0081354|1|C),INTRON(MODIFIER||||586|spir|protein_coding|CODING|FBtr0307893|1|C),INTRON(MODIFIER||||991|spir|protein_coding|CODING|FBtr0081353|1|C),INTRON(MODIFIER||||990|spir|protein_coding|CODING|FBtr0301884|1|C),INTRON(MODIFIER||||1018|spir|protein_coding|CODING|FBtr0306556|1|C),INTRON(MODIFIER||||586|spir|protein_coding|CODING|FBtr0339234|1|C),INTRAGENIC(MODIFIER|||||FBtr0304344||NON_CODING|||C),INTRAGENIC(MODIFIER|||||spir-PH||NON_CODING|||C),INTRAGENIC(MODIFIER|||||spir-PI||NON_CODING|||C),INTRAGENIC(MODIFIER|||||spir-PD||NON_CODING|||C),INTRAGENIC(MODIFIER|||||spir-PG||NON_CODING|||C),INTRAGENIC(MODIFIER|||||spir-PJ||NON_CODING|||C),INTRAGENIC(MODIFIER|||||spir-PA||NON_CODING|||C),INTRAGENIC(MODIFIER|||||spir-PB||NON_CODING|||C),INTRAGENIC(MODIFIER|||||spir-PE||NON_CODING|||C),INTRAGENIC(MODIFIER|||||spir-PF||NON_CODING|||C)"	"INTRON"	"spir"	FALSE	"INTRON(MODIFIER||||586|spir|protein_coding|CODING|FBtr0339234|1|C)"
"2L_20321158"	"2L"	20321158	"T"	"C"	"EFF=INTRON(MODIFIER||||1020|spir|protein_coding|CODING|FBtr0081352|1|C),INTRON(MODIFIER||||488|spir|protein_coding|CODING|FBtr0307894|1|C),INTRON(MODIFIER||||498|spir|protein_coding|CODING|FBtr0339233|1|C),INTRON(MODIFIER||||585|spir|protein_coding|CODING|FBtr0081354|1|C),INTRON(MODIFIER||||586|spir|protein_coding|CODING|FBtr0307893|1|C),INTRON(MODIFIER||||991|spir|protein_coding|CODING|FBtr0081353|1|C),INTRON(MODIFIER||||990|spir|protein_coding|CODING|FBtr0301884|1|C),INTRON(MODIFIER||||1018|spir|protein_coding|CODING|FBtr0306556|1|C),INTRON(MODIFIER||||586|spir|protein_coding|CODING|FBtr0339234|1|C),INTRAGENIC(MODIFIER|||||FBtr0304344||NON_CODING|||C),INTRAGENIC(MODIFIER|||||spir-PH||NON_CODING|||C),INTRAGENIC(MODIFIER|||||spir-PI||NON_CODING|||C),INTRAGENIC(MODIFIER|||||spir-PD||NON_CODING|||C),INTRAGENIC(MODIFIER|||||spir-PG||NON_CODING|||C),INTRAGENIC(MODIFIER|||||spir-PJ||NON_CODING|||C),INTRAGENIC(MODIFIER|||||spir-PA||NON_CODING|||C),INTRAGENIC(MODIFIER|||||spir-PB||NON_CODING|||C),INTRAGENIC(MODIFIER|||||spir-PE||NON_CODING|||C),INTRAGENIC(MODIFIER|||||spir-PF||NON_CODING|||C)"	"INTRAGENIC"	"FBtr0304344"	FALSE	"INTRAGENIC(MODIFIER|||||FBtr0304344||NON_CODING|||C)"
"2L_20321158"	"2L"	20321158	"T"	"C"	"EFF=INTRON(MODIFIER||||1020|spir|protein_coding|CODING|FBtr0081352|1|C),INTRON(MODIFIER||||488|spir|protein_coding|CODING|FBtr0307894|1|C),INTRON(MODIFIER||||498|spir|protein_coding|CODING|FBtr0339233|1|C),INTRON(MODIFIER||||585|spir|protein_coding|CODING|FBtr0081354|1|C),INTRON(MODIFIER||||586|spir|protein_coding|CODING|FBtr0307893|1|C),INTRON(MODIFIER||||991|spir|protein_coding|CODING|FBtr0081353|1|C),INTRON(MODIFIER||||990|spir|protein_coding|CODING|FBtr0301884|1|C),INTRON(MODIFIER||||1018|spir|protein_coding|CODING|FBtr0306556|1|C),INTRON(MODIFIER||||586|spir|protein_coding|CODING|FBtr0339234|1|C),INTRAGENIC(MODIFIER|||||FBtr0304344||NON_CODING|||C),INTRAGENIC(MODIFIER|||||spir-PH||NON_CODING|||C),INTRAGENIC(MODIFIER|||||spir-PI||NON_CODING|||C),INTRAGENIC(MODIFIER|||||spir-PD||NON_CODING|||C),INTRAGENIC(MODIFIER|||||spir-PG||NON_CODING|||C),INTRAGENIC(MODIFIER|||||spir-PJ||NON_CODING|||C),INTRAGENIC(MODIFIER|||||spir-PA||NON_CODING|||C),INTRAGENIC(MODIFIER|||||spir-PB||NON_CODING|||C),INTRAGENIC(MODIFIER|||||spir-PE||NON_CODING|||C),INTRAGENIC(MODIFIER|||||spir-PF||NON_CODING|||C)"	"INTRAGENIC"	"spir-PH"	FALSE	"INTRAGENIC(MODIFIER|||||spir-PH||NON_CODING|||C)"
"2L_20321158"	"2L"	20321158	"T"	"C"	"EFF=INTRON(MODIFIER||||1020|spir|protein_coding|CODING|FBtr0081352|1|C),INTRON(MODIFIER||||488|spir|protein_coding|CODING|FBtr0307894|1|C),INTRON(MODIFIER||||498|spir|protein_coding|CODING|FBtr0339233|1|C),INTRON(MODIFIER||||585|spir|protein_coding|CODING|FBtr0081354|1|C),INTRON(MODIFIER||||586|spir|protein_coding|CODING|FBtr0307893|1|C),INTRON(MODIFIER||||991|spir|protein_coding|CODING|FBtr0081353|1|C),INTRON(MODIFIER||||990|spir|protein_coding|CODING|FBtr0301884|1|C),INTRON(MODIFIER||||1018|spir|protein_coding|CODING|FBtr0306556|1|C),INTRON(MODIFIER||||586|spir|protein_coding|CODING|FBtr0339234|1|C),INTRAGENIC(MODIFIER|||||FBtr0304344||NON_CODING|||C),INTRAGENIC(MODIFIER|||||spir-PH||NON_CODING|||C),INTRAGENIC(MODIFIER|||||spir-PI||NON_CODING|||C),INTRAGENIC(MODIFIER|||||spir-PD||NON_CODING|||C),INTRAGENIC(MODIFIER|||||spir-PG||NON_CODING|||C),INTRAGENIC(MODIFIER|||||spir-PJ||NON_CODING|||C),INTRAGENIC(MODIFIER|||||spir-PA||NON_CODING|||C),INTRAGENIC(MODIFIER|||||spir-PB||NON_CODING|||C),INTRAGENIC(MODIFIER|||||spir-PE||NON_CODING|||C),INTRAGENIC(MODIFIER|||||spir-PF||NON_CODING|||C)"	"INTRAGENIC"	"spir-PI"	FALSE	"INTRAGENIC(MODIFIER|||||spir-PI||NON_CODING|||C)"
"2L_20321158"	"2L"	20321158	"T"	"C"	"EFF=INTRON(MODIFIER||||1020|spir|protein_coding|CODING|FBtr0081352|1|C),INTRON(MODIFIER||||488|spir|protein_coding|CODING|FBtr0307894|1|C),INTRON(MODIFIER||||498|spir|protein_coding|CODING|FBtr0339233|1|C),INTRON(MODIFIER||||585|spir|protein_coding|CODING|FBtr0081354|1|C),INTRON(MODIFIER||||586|spir|protein_coding|CODING|FBtr0307893|1|C),INTRON(MODIFIER||||991|spir|protein_coding|CODING|FBtr0081353|1|C),INTRON(MODIFIER||||990|spir|protein_coding|CODING|FBtr0301884|1|C),INTRON(MODIFIER||||1018|spir|protein_coding|CODING|FBtr0306556|1|C),INTRON(MODIFIER||||586|spir|protein_coding|CODING|FBtr0339234|1|C),INTRAGENIC(MODIFIER|||||FBtr0304344||NON_CODING|||C),INTRAGENIC(MODIFIER|||||spir-PH||NON_CODING|||C),INTRAGENIC(MODIFIER|||||spir-PI||NON_CODING|||C),INTRAGENIC(MODIFIER|||||spir-PD||NON_CODING|||C),INTRAGENIC(MODIFIER|||||spir-PG||NON_CODING|||C),INTRAGENIC(MODIFIER|||||spir-PJ||NON_CODING|||C),INTRAGENIC(MODIFIER|||||spir-PA||NON_CODING|||C),INTRAGENIC(MODIFIER|||||spir-PB||NON_CODING|||C),INTRAGENIC(MODIFIER|||||spir-PE||NON_CODING|||C),INTRAGENIC(MODIFIER|||||spir-PF||NON_CODING|||C)"	"INTRAGENIC"	"spir-PD"	FALSE	"INTRAGENIC(MODIFIER|||||spir-PD||NON_CODING|||C)"
"2L_20321158"	"2L"	20321158	"T"	"C"	"EFF=INTRON(MODIFIER||||1020|spir|protein_coding|CODING|FBtr0081352|1|C),INTRON(MODIFIER||||488|spir|protein_coding|CODING|FBtr0307894|1|C),INTRON(MODIFIER||||498|spir|protein_coding|CODING|FBtr0339233|1|C),INTRON(MODIFIER||||585|spir|protein_coding|CODING|FBtr0081354|1|C),INTRON(MODIFIER||||586|spir|protein_coding|CODING|FBtr0307893|1|C),INTRON(MODIFIER||||991|spir|protein_coding|CODING|FBtr0081353|1|C),INTRON(MODIFIER||||990|spir|protein_coding|CODING|FBtr0301884|1|C),INTRON(MODIFIER||||1018|spir|protein_coding|CODING|FBtr0306556|1|C),INTRON(MODIFIER||||586|spir|protein_coding|CODING|FBtr0339234|1|C),INTRAGENIC(MODIFIER|||||FBtr0304344||NON_CODING|||C),INTRAGENIC(MODIFIER|||||spir-PH||NON_CODING|||C),INTRAGENIC(MODIFIER|||||spir-PI||NON_CODING|||C),INTRAGENIC(MODIFIER|||||spir-PD||NON_CODING|||C),INTRAGENIC(MODIFIER|||||spir-PG||NON_CODING|||C),INTRAGENIC(MODIFIER|||||spir-PJ||NON_CODING|||C),INTRAGENIC(MODIFIER|||||spir-PA||NON_CODING|||C),INTRAGENIC(MODIFIER|||||spir-PB||NON_CODING|||C),INTRAGENIC(MODIFIER|||||spir-PE||NON_CODING|||C),INTRAGENIC(MODIFIER|||||spir-PF||NON_CODING|||C)"	"INTRAGENIC"	"spir-PG"	FALSE	"INTRAGENIC(MODIFIER|||||spir-PG||NON_CODING|||C)"
"2L_20321158"	"2L"	20321158	"T"	"C"	"EFF=INTRON(MODIFIER||||1020|spir|protein_coding|CODING|FBtr0081352|1|C),INTRON(MODIFIER||||488|spir|protein_coding|CODING|FBtr0307894|1|C),INTRON(MODIFIER||||498|spir|protein_coding|CODING|FBtr0339233|1|C),INTRON(MODIFIER||||585|spir|protein_coding|CODING|FBtr0081354|1|C),INTRON(MODIFIER||||586|spir|protein_coding|CODING|FBtr0307893|1|C),INTRON(MODIFIER||||991|spir|protein_coding|CODING|FBtr0081353|1|C),INTRON(MODIFIER||||990|spir|protein_coding|CODING|FBtr0301884|1|C),INTRON(MODIFIER||||1018|spir|protein_coding|CODING|FBtr0306556|1|C),INTRON(MODIFIER||||586|spir|protein_coding|CODING|FBtr0339234|1|C),INTRAGENIC(MODIFIER|||||FBtr0304344||NON_CODING|||C),INTRAGENIC(MODIFIER|||||spir-PH||NON_CODING|||C),INTRAGENIC(MODIFIER|||||spir-PI||NON_CODING|||C),INTRAGENIC(MODIFIER|||||spir-PD||NON_CODING|||C),INTRAGENIC(MODIFIER|||||spir-PG||NON_CODING|||C),INTRAGENIC(MODIFIER|||||spir-PJ||NON_CODING|||C),INTRAGENIC(MODIFIER|||||spir-PA||NON_CODING|||C),INTRAGENIC(MODIFIER|||||spir-PB||NON_CODING|||C),INTRAGENIC(MODIFIER|||||spir-PE||NON_CODING|||C),INTRAGENIC(MODIFIER|||||spir-PF||NON_CODING|||C)"	"INTRAGENIC"	"spir-PJ"	FALSE	"INTRAGENIC(MODIFIER|||||spir-PJ||NON_CODING|||C)"
"2L_20321158"	"2L"	20321158	"T"	"C"	"EFF=INTRON(MODIFIER||||1020|spir|protein_coding|CODING|FBtr0081352|1|C),INTRON(MODIFIER||||488|spir|protein_coding|CODING|FBtr0307894|1|C),INTRON(MODIFIER||||498|spir|protein_coding|CODING|FBtr0339233|1|C),INTRON(MODIFIER||||585|spir|protein_coding|CODING|FBtr0081354|1|C),INTRON(MODIFIER||||586|spir|protein_coding|CODING|FBtr0307893|1|C),INTRON(MODIFIER||||991|spir|protein_coding|CODING|FBtr0081353|1|C),INTRON(MODIFIER||||990|spir|protein_coding|CODING|FBtr0301884|1|C),INTRON(MODIFIER||||1018|spir|protein_coding|CODING|FBtr0306556|1|C),INTRON(MODIFIER||||586|spir|protein_coding|CODING|FBtr0339234|1|C),INTRAGENIC(MODIFIER|||||FBtr0304344||NON_CODING|||C),INTRAGENIC(MODIFIER|||||spir-PH||NON_CODING|||C),INTRAGENIC(MODIFIER|||||spir-PI||NON_CODING|||C),INTRAGENIC(MODIFIER|||||spir-PD||NON_CODING|||C),INTRAGENIC(MODIFIER|||||spir-PG||NON_CODING|||C),INTRAGENIC(MODIFIER|||||spir-PJ||NON_CODING|||C),INTRAGENIC(MODIFIER|||||spir-PA||NON_CODING|||C),INTRAGENIC(MODIFIER|||||spir-PB||NON_CODING|||C),INTRAGENIC(MODIFIER|||||spir-PE||NON_CODING|||C),INTRAGENIC(MODIFIER|||||spir-PF||NON_CODING|||C)"	"INTRAGENIC"	"spir-PA"	FALSE	"INTRAGENIC(MODIFIER|||||spir-PA||NON_CODING|||C)"
"2L_20321158"	"2L"	20321158	"T"	"C"	"EFF=INTRON(MODIFIER||||1020|spir|protein_coding|CODING|FBtr0081352|1|C),INTRON(MODIFIER||||488|spir|protein_coding|CODING|FBtr0307894|1|C),INTRON(MODIFIER||||498|spir|protein_coding|CODING|FBtr0339233|1|C),INTRON(MODIFIER||||585|spir|protein_coding|CODING|FBtr0081354|1|C),INTRON(MODIFIER||||586|spir|protein_coding|CODING|FBtr0307893|1|C),INTRON(MODIFIER||||991|spir|protein_coding|CODING|FBtr0081353|1|C),INTRON(MODIFIER||||990|spir|protein_coding|CODING|FBtr0301884|1|C),INTRON(MODIFIER||||1018|spir|protein_coding|CODING|FBtr0306556|1|C),INTRON(MODIFIER||||586|spir|protein_coding|CODING|FBtr0339234|1|C),INTRAGENIC(MODIFIER|||||FBtr0304344||NON_CODING|||C),INTRAGENIC(MODIFIER|||||spir-PH||NON_CODING|||C),INTRAGENIC(MODIFIER|||||spir-PI||NON_CODING|||C),INTRAGENIC(MODIFIER|||||spir-PD||NON_CODING|||C),INTRAGENIC(MODIFIER|||||spir-PG||NON_CODING|||C),INTRAGENIC(MODIFIER|||||spir-PJ||NON_CODING|||C),INTRAGENIC(MODIFIER|||||spir-PA||NON_CODING|||C),INTRAGENIC(MODIFIER|||||spir-PB||NON_CODING|||C),INTRAGENIC(MODIFIER|||||spir-PE||NON_CODING|||C),INTRAGENIC(MODIFIER|||||spir-PF||NON_CODING|||C)"	"INTRAGENIC"	"spir-PB"	FALSE	"INTRAGENIC(MODIFIER|||||spir-PB||NON_CODING|||C)"
"2L_20321158"	"2L"	20321158	"T"	"C"	"EFF=INTRON(MODIFIER||||1020|spir|protein_coding|CODING|FBtr0081352|1|C),INTRON(MODIFIER||||488|spir|protein_coding|CODING|FBtr0307894|1|C),INTRON(MODIFIER||||498|spir|protein_coding|CODING|FBtr0339233|1|C),INTRON(MODIFIER||||585|spir|protein_coding|CODING|FBtr0081354|1|C),INTRON(MODIFIER||||586|spir|protein_coding|CODING|FBtr0307893|1|C),INTRON(MODIFIER||||991|spir|protein_coding|CODING|FBtr0081353|1|C),INTRON(MODIFIER||||990|spir|protein_coding|CODING|FBtr0301884|1|C),INTRON(MODIFIER||||1018|spir|protein_coding|CODING|FBtr0306556|1|C),INTRON(MODIFIER||||586|spir|protein_coding|CODING|FBtr0339234|1|C),INTRAGENIC(MODIFIER|||||FBtr0304344||NON_CODING|||C),INTRAGENIC(MODIFIER|||||spir-PH||NON_CODING|||C),INTRAGENIC(MODIFIER|||||spir-PI||NON_CODING|||C),INTRAGENIC(MODIFIER|||||spir-PD||NON_CODING|||C),INTRAGENIC(MODIFIER|||||spir-PG||NON_CODING|||C),INTRAGENIC(MODIFIER|||||spir-PJ||NON_CODING|||C),INTRAGENIC(MODIFIER|||||spir-PA||NON_CODING|||C),INTRAGENIC(MODIFIER|||||spir-PB||NON_CODING|||C),INTRAGENIC(MODIFIER|||||spir-PE||NON_CODING|||C),INTRAGENIC(MODIFIER|||||spir-PF||NON_CODING|||C)"	"INTRAGENIC"	"spir-PE"	FALSE	"INTRAGENIC(MODIFIER|||||spir-PE||NON_CODING|||C)"
"2L_20321158"	"2L"	20321158	"T"	"C"	"EFF=INTRON(MODIFIER||||1020|spir|protein_coding|CODING|FBtr0081352|1|C),INTRON(MODIFIER||||488|spir|protein_coding|CODING|FBtr0307894|1|C),INTRON(MODIFIER||||498|spir|protein_coding|CODING|FBtr0339233|1|C),INTRON(MODIFIER||||585|spir|protein_coding|CODING|FBtr0081354|1|C),INTRON(MODIFIER||||586|spir|protein_coding|CODING|FBtr0307893|1|C),INTRON(MODIFIER||||991|spir|protein_coding|CODING|FBtr0081353|1|C),INTRON(MODIFIER||||990|spir|protein_coding|CODING|FBtr0301884|1|C),INTRON(MODIFIER||||1018|spir|protein_coding|CODING|FBtr0306556|1|C),INTRON(MODIFIER||||586|spir|protein_coding|CODING|FBtr0339234|1|C),INTRAGENIC(MODIFIER|||||FBtr0304344||NON_CODING|||C),INTRAGENIC(MODIFIER|||||spir-PH||NON_CODING|||C),INTRAGENIC(MODIFIER|||||spir-PI||NON_CODING|||C),INTRAGENIC(MODIFIER|||||spir-PD||NON_CODING|||C),INTRAGENIC(MODIFIER|||||spir-PG||NON_CODING|||C),INTRAGENIC(MODIFIER|||||spir-PJ||NON_CODING|||C),INTRAGENIC(MODIFIER|||||spir-PA||NON_CODING|||C),INTRAGENIC(MODIFIER|||||spir-PB||NON_CODING|||C),INTRAGENIC(MODIFIER|||||spir-PE||NON_CODING|||C),INTRAGENIC(MODIFIER|||||spir-PF||NON_CODING|||C)"	"INTRAGENIC"	"spir-PF"	FALSE	"INTRAGENIC(MODIFIER|||||spir-PF||NON_CODING|||C)"
"2L_20529112"	"2L"	20529112	"T"	"TGTGGAC"	"EFF=INTRAGENIC(MODIFIER|||||FBtr0304344||NON_CODING|||TGTGGAC)"	"INTRAGENIC"	"FBtr0304344"	FALSE	"INTRAGENIC(MODIFIER|||||FBtr0304344||NON_CODING|||TGTGGAC)"
"2L_6268648"	"2L"	6268648	"G"	"A"	"EFF=INTRON(MODIFIER||||1054|Ddr|protein_coding|CODING|FBtr0344770|1|A),INTRON(MODIFIER||||380|Ddr|protein_coding|CODING|FBtr0340169|1|A),INTRON(MODIFIER||||1054|Ddr|protein_coding|CODING|FBtr0344771|1|A),INTRAGENIC(MODIFIER|||||FBtr0304344||NON_CODING|||A)"	"INTRON"	"Ddr"	FALSE	"INTRON(MODIFIER||||1054|Ddr|protein_coding|CODING|FBtr0344770|1|A)"
"2L_6268648"	"2L"	6268648	"G"	"A"	"EFF=INTRON(MODIFIER||||1054|Ddr|protein_coding|CODING|FBtr0344770|1|A),INTRON(MODIFIER||||380|Ddr|protein_coding|CODING|FBtr0340169|1|A),INTRON(MODIFIER||||1054|Ddr|protein_coding|CODING|FBtr0344771|1|A),INTRAGENIC(MODIFIER|||||FBtr0304344||NON_CODING|||A)"	"INTRON"	"Ddr"	FALSE	"INTRON(MODIFIER||||380|Ddr|protein_coding|CODING|FBtr0340169|1|A)"
"2L_6268648"	"2L"	6268648	"G"	"A"	"EFF=INTRON(MODIFIER||||1054|Ddr|protein_coding|CODING|FBtr0344770|1|A),INTRON(MODIFIER||||380|Ddr|protein_coding|CODING|FBtr0340169|1|A),INTRON(MODIFIER||||1054|Ddr|protein_coding|CODING|FBtr0344771|1|A),INTRAGENIC(MODIFIER|||||FBtr0304344||NON_CODING|||A)"	"INTRON"	"Ddr"	FALSE	"INTRON(MODIFIER||||1054|Ddr|protein_coding|CODING|FBtr0344771|1|A)"
"2L_6268648"	"2L"	6268648	"G"	"A"	"EFF=INTRON(MODIFIER||||1054|Ddr|protein_coding|CODING|FBtr0344770|1|A),INTRON(MODIFIER||||380|Ddr|protein_coding|CODING|FBtr0340169|1|A),INTRON(MODIFIER||||1054|Ddr|protein_coding|CODING|FBtr0344771|1|A),INTRAGENIC(MODIFIER|||||FBtr0304344||NON_CODING|||A)"	"INTRAGENIC"	"FBtr0304344"	FALSE	"INTRAGENIC(MODIFIER|||||FBtr0304344||NON_CODING|||A)"
"2L_6415893"	"2L"	6415893	"A"	"G"	"EFF=SYNONYMOUS_CODING(LOW|SILENT|gtT/gtC|V2056|2188|Tig|protein_coding|CODING|FBtr0079275|5|G),SYNONYMOUS_CODING(LOW|SILENT|gtT/gtC|V2056|2188|Tig|protein_coding|CODING|FBtr0343152|5|G),DOWNSTREAM(MODIFIER||558||329|CG13982|protein_coding|CODING|FBtr0079256||G),INTRAGENIC(MODIFIER|||||FBtr0304344||NON_CODING|||G),INTRAGENIC(MODIFIER|||||Tig-PA||NON_CODING|||G),INTRAGENIC(MODIFIER|||||Tig-PB||NON_CODING|||G)"	"SYNONYMOUS_CODING"	"Tig"	FALSE	"SYNONYMOUS_CODING(LOW|SILENT|gtT/gtC|V2056|2188|Tig|protein_coding|CODING|FBtr0079275|5|G)"
"2L_6415893"	"2L"	6415893	"A"	"G"	"EFF=SYNONYMOUS_CODING(LOW|SILENT|gtT/gtC|V2056|2188|Tig|protein_coding|CODING|FBtr0079275|5|G),SYNONYMOUS_CODING(LOW|SILENT|gtT/gtC|V2056|2188|Tig|protein_coding|CODING|FBtr0343152|5|G),DOWNSTREAM(MODIFIER||558||329|CG13982|protein_coding|CODING|FBtr0079256||G),INTRAGENIC(MODIFIER|||||FBtr0304344||NON_CODING|||G),INTRAGENIC(MODIFIER|||||Tig-PA||NON_CODING|||G),INTRAGENIC(MODIFIER|||||Tig-PB||NON_CODING|||G)"	"SYNONYMOUS_CODING"	"Tig"	FALSE	"SYNONYMOUS_CODING(LOW|SILENT|gtT/gtC|V2056|2188|Tig|protein_coding|CODING|FBtr0343152|5|G)"
"2L_6415893"	"2L"	6415893	"A"	"G"	"EFF=SYNONYMOUS_CODING(LOW|SILENT|gtT/gtC|V2056|2188|Tig|protein_coding|CODING|FBtr0079275|5|G),SYNONYMOUS_CODING(LOW|SILENT|gtT/gtC|V2056|2188|Tig|protein_coding|CODING|FBtr0343152|5|G),DOWNSTREAM(MODIFIER||558||329|CG13982|protein_coding|CODING|FBtr0079256||G),INTRAGENIC(MODIFIER|||||FBtr0304344||NON_CODING|||G),INTRAGENIC(MODIFIER|||||Tig-PA||NON_CODING|||G),INTRAGENIC(MODIFIER|||||Tig-PB||NON_CODING|||G)"	"DOWNSTREAM"	"CG13982"	FALSE	"DOWNSTREAM(MODIFIER||558||329|CG13982|protein_coding|CODING|FBtr0079256||G)"
"2L_6415893"	"2L"	6415893	"A"	"G"	"EFF=SYNONYMOUS_CODING(LOW|SILENT|gtT/gtC|V2056|2188|Tig|protein_coding|CODING|FBtr0079275|5|G),SYNONYMOUS_CODING(LOW|SILENT|gtT/gtC|V2056|2188|Tig|protein_coding|CODING|FBtr0343152|5|G),DOWNSTREAM(MODIFIER||558||329|CG13982|protein_coding|CODING|FBtr0079256||G),INTRAGENIC(MODIFIER|||||FBtr0304344||NON_CODING|||G),INTRAGENIC(MODIFIER|||||Tig-PA||NON_CODING|||G),INTRAGENIC(MODIFIER|||||Tig-PB||NON_CODING|||G)"	"INTRAGENIC"	"FBtr0304344"	FALSE	"INTRAGENIC(MODIFIER|||||FBtr0304344||NON_CODING|||G)"
"2L_6415893"	"2L"	6415893	"A"	"G"	"EFF=SYNONYMOUS_CODING(LOW|SILENT|gtT/gtC|V2056|2188|Tig|protein_coding|CODING|FBtr0079275|5|G),SYNONYMOUS_CODING(LOW|SILENT|gtT/gtC|V2056|2188|Tig|protein_coding|CODING|FBtr0343152|5|G),DOWNSTREAM(MODIFIER||558||329|CG13982|protein_coding|CODING|FBtr0079256||G),INTRAGENIC(MODIFIER|||||FBtr0304344||NON_CODING|||G),INTRAGENIC(MODIFIER|||||Tig-PA||NON_CODING|||G),INTRAGENIC(MODIFIER|||||Tig-PB||NON_CODING|||G)"	"INTRAGENIC"	"Tig-PA"	FALSE	"INTRAGENIC(MODIFIER|||||Tig-PA||NON_CODING|||G)"
"2L_6415893"	"2L"	6415893	"A"	"G"	"EFF=SYNONYMOUS_CODING(LOW|SILENT|gtT/gtC|V2056|2188|Tig|protein_coding|CODING|FBtr0079275|5|G),SYNONYMOUS_CODING(LOW|SILENT|gtT/gtC|V2056|2188|Tig|protein_coding|CODING|FBtr0343152|5|G),DOWNSTREAM(MODIFIER||558||329|CG13982|protein_coding|CODING|FBtr0079256||G),INTRAGENIC(MODIFIER|||||FBtr0304344||NON_CODING|||G),INTRAGENIC(MODIFIER|||||Tig-PA||NON_CODING|||G),INTRAGENIC(MODIFIER|||||Tig-PB||NON_CODING|||G)"	"INTRAGENIC"	"Tig-PB"	FALSE	"INTRAGENIC(MODIFIER|||||Tig-PB||NON_CODING|||G)"
"2L_663591"	"2L"	663591	"A"	"G"	"EFF=INTRON(MODIFIER||||3556|ds|protein_coding|CODING|FBtr0078045|2|G),INTRON(MODIFIER||||3556|ds|protein_coding|CODING|FBtr0343249|2|G),INTRAGENIC(MODIFIER|||||FBtr0304344||NON_CODING|||G),INTRAGENIC(MODIFIER|||||ds-PA||NON_CODING|||G),INTRAGENIC(MODIFIER|||||ds-PB||NON_CODING|||G)"	"INTRON"	"ds"	FALSE	"INTRON(MODIFIER||||3556|ds|protein_coding|CODING|FBtr0078045|2|G)"
"2L_663591"	"2L"	663591	"A"	"G"	"EFF=INTRON(MODIFIER||||3556|ds|protein_coding|CODING|FBtr0078045|2|G),INTRON(MODIFIER||||3556|ds|protein_coding|CODING|FBtr0343249|2|G),INTRAGENIC(MODIFIER|||||FBtr0304344||NON_CODING|||G),INTRAGENIC(MODIFIER|||||ds-PA||NON_CODING|||G),INTRAGENIC(MODIFIER|||||ds-PB||NON_CODING|||G)"	"INTRON"	"ds"	FALSE	"INTRON(MODIFIER||||3556|ds|protein_coding|CODING|FBtr0343249|2|G)"
"2L_663591"	"2L"	663591	"A"	"G"	"EFF=INTRON(MODIFIER||||3556|ds|protein_coding|CODING|FBtr0078045|2|G),INTRON(MODIFIER||||3556|ds|protein_coding|CODING|FBtr0343249|2|G),INTRAGENIC(MODIFIER|||||FBtr0304344||NON_CODING|||G),INTRAGENIC(MODIFIER|||||ds-PA||NON_CODING|||G),INTRAGENIC(MODIFIER|||||ds-PB||NON_CODING|||G)"	"INTRAGENIC"	"FBtr0304344"	FALSE	"INTRAGENIC(MODIFIER|||||FBtr0304344||NON_CODING|||G)"
"2L_663591"	"2L"	663591	"A"	"G"	"EFF=INTRON(MODIFIER||||3556|ds|protein_coding|CODING|FBtr0078045|2|G),INTRON(MODIFIER||||3556|ds|protein_coding|CODING|FBtr0343249|2|G),INTRAGENIC(MODIFIER|||||FBtr0304344||NON_CODING|||G),INTRAGENIC(MODIFIER|||||ds-PA||NON_CODING|||G),INTRAGENIC(MODIFIER|||||ds-PB||NON_CODING|||G)"	"INTRAGENIC"	"ds-PA"	FALSE	"INTRAGENIC(MODIFIER|||||ds-PA||NON_CODING|||G)"
"2L_663591"	"2L"	663591	"A"	"G"	"EFF=INTRON(MODIFIER||||3556|ds|protein_coding|CODING|FBtr0078045|2|G),INTRON(MODIFIER||||3556|ds|protein_coding|CODING|FBtr0343249|2|G),INTRAGENIC(MODIFIER|||||FBtr0304344||NON_CODING|||G),INTRAGENIC(MODIFIER|||||ds-PA||NON_CODING|||G),INTRAGENIC(MODIFIER|||||ds-PB||NON_CODING|||G)"	"INTRAGENIC"	"ds-PB"	FALSE	"INTRAGENIC(MODIFIER|||||ds-PB||NON_CODING|||G)"
"2R_12665067"	"2R"	12665067	"G"	"A"	"EFF=UTR_5_PRIME(MODIFIER||33||267|nemy|protein_coding|CODING|FBtr0087870|2|A|WARNING_REF_DOES_NOT_MATCH_GENOME),UTR_5_PRIME(MODIFIER||33||267|nemy|protein_coding|CODING|FBtr0302151|2|A|WARNING_REF_DOES_NOT_MATCH_GENOME),UTR_5_PRIME(MODIFIER||33||266|nemy|protein_coding|CODING|FBtr0339740|1|A|WARNING_REF_DOES_NOT_MATCH_GENOME),UTR_5_PRIME(MODIFIER||33||267|nemy|protein_coding|CODING|FBtr0087868|1|A|WARNING_REF_DOES_NOT_MATCH_GENOME),INTRON(MODIFIER||||290|nemy|protein_coding|CODING|FBtr0087867|2|A),INTRON(MODIFIER||||210|nemy|protein_coding|CODING|FBtr0087869|1|A),INTRAGENIC(MODIFIER|||||nemy-PA||NON_CODING|||A)"	"UTR_5_PRIME"	"nemy"	TRUE	"UTR_5_PRIME(MODIFIER||33||267|nemy|protein_coding|CODING|FBtr0087870|2|A|WARNING_REF_DOES_NOT_MATCH_GENOME)"
"2R_12665067"	"2R"	12665067	"G"	"A"	"EFF=UTR_5_PRIME(MODIFIER||33||267|nemy|protein_coding|CODING|FBtr0087870|2|A|WARNING_REF_DOES_NOT_MATCH_GENOME),UTR_5_PRIME(MODIFIER||33||267|nemy|protein_coding|CODING|FBtr0302151|2|A|WARNING_REF_DOES_NOT_MATCH_GENOME),UTR_5_PRIME(MODIFIER||33||266|nemy|protein_coding|CODING|FBtr0339740|1|A|WARNING_REF_DOES_NOT_MATCH_GENOME),UTR_5_PRIME(MODIFIER||33||267|nemy|protein_coding|CODING|FBtr0087868|1|A|WARNING_REF_DOES_NOT_MATCH_GENOME),INTRON(MODIFIER||||290|nemy|protein_coding|CODING|FBtr0087867|2|A),INTRON(MODIFIER||||210|nemy|protein_coding|CODING|FBtr0087869|1|A),INTRAGENIC(MODIFIER|||||nemy-PA||NON_CODING|||A)"	"UTR_5_PRIME"	"nemy"	TRUE	"UTR_5_PRIME(MODIFIER||33||267|nemy|protein_coding|CODING|FBtr0302151|2|A|WARNING_REF_DOES_NOT_MATCH_GENOME)"
"2R_12665067"	"2R"	12665067	"G"	"A"	"EFF=UTR_5_PRIME(MODIFIER||33||267|nemy|protein_coding|CODING|FBtr0087870|2|A|WARNING_REF_DOES_NOT_MATCH_GENOME),UTR_5_PRIME(MODIFIER||33||267|nemy|protein_coding|CODING|FBtr0302151|2|A|WARNING_REF_DOES_NOT_MATCH_GENOME),UTR_5_PRIME(MODIFIER||33||266|nemy|protein_coding|CODING|FBtr0339740|1|A|WARNING_REF_DOES_NOT_MATCH_GENOME),UTR_5_PRIME(MODIFIER||33||267|nemy|protein_coding|CODING|FBtr0087868|1|A|WARNING_REF_DOES_NOT_MATCH_GENOME),INTRON(MODIFIER||||290|nemy|protein_coding|CODING|FBtr0087867|2|A),INTRON(MODIFIER||||210|nemy|protein_coding|CODING|FBtr0087869|1|A),INTRAGENIC(MODIFIER|||||nemy-PA||NON_CODING|||A)"	"UTR_5_PRIME"	"nemy"	TRUE	"UTR_5_PRIME(MODIFIER||33||266|nemy|protein_coding|CODING|FBtr0339740|1|A|WARNING_REF_DOES_NOT_MATCH_GENOME)"
"2R_12665067"	"2R"	12665067	"G"	"A"	"EFF=UTR_5_PRIME(MODIFIER||33||267|nemy|protein_coding|CODING|FBtr0087870|2|A|WARNING_REF_DOES_NOT_MATCH_GENOME),UTR_5_PRIME(MODIFIER||33||267|nemy|protein_coding|CODING|FBtr0302151|2|A|WARNING_REF_DOES_NOT_MATCH_GENOME),UTR_5_PRIME(MODIFIER||33||266|nemy|protein_coding|CODING|FBtr0339740|1|A|WARNING_REF_DOES_NOT_MATCH_GENOME),UTR_5_PRIME(MODIFIER||33||267|nemy|protein_coding|CODING|FBtr0087868|1|A|WARNING_REF_DOES_NOT_MATCH_GENOME),INTRON(MODIFIER||||290|nemy|protein_coding|CODING|FBtr0087867|2|A),INTRON(MODIFIER||||210|nemy|protein_coding|CODING|FBtr0087869|1|A),INTRAGENIC(MODIFIER|||||nemy-PA||NON_CODING|||A)"	"UTR_5_PRIME"	"nemy"	TRUE	"UTR_5_PRIME(MODIFIER||33||267|nemy|protein_coding|CODING|FBtr0087868|1|A|WARNING_REF_DOES_NOT_MATCH_GENOME)"
"2R_12665067"	"2R"	12665067	"G"	"A"	"EFF=UTR_5_PRIME(MODIFIER||33||267|nemy|protein_coding|CODING|FBtr0087870|2|A|WARNING_REF_DOES_NOT_MATCH_GENOME),UTR_5_PRIME(MODIFIER||33||267|nemy|protein_coding|CODING|FBtr0302151|2|A|WARNING_REF_DOES_NOT_MATCH_GENOME),UTR_5_PRIME(MODIFIER||33||266|nemy|protein_coding|CODING|FBtr0339740|1|A|WARNING_REF_DOES_NOT_MATCH_GENOME),UTR_5_PRIME(MODIFIER||33||267|nemy|protein_coding|CODING|FBtr0087868|1|A|WARNING_REF_DOES_NOT_MATCH_GENOME),INTRON(MODIFIER||||290|nemy|protein_coding|CODING|FBtr0087867|2|A),INTRON(MODIFIER||||210|nemy|protein_coding|CODING|FBtr0087869|1|A),INTRAGENIC(MODIFIER|||||nemy-PA||NON_CODING|||A)"	"INTRON"	"nemy"	FALSE	"INTRON(MODIFIER||||290|nemy|protein_coding|CODING|FBtr0087867|2|A)"
"2R_12665067"	"2R"	12665067	"G"	"A"	"EFF=UTR_5_PRIME(MODIFIER||33||267|nemy|protein_coding|CODING|FBtr0087870|2|A|WARNING_REF_DOES_NOT_MATCH_GENOME),UTR_5_PRIME(MODIFIER||33||267|nemy|protein_coding|CODING|FBtr0302151|2|A|WARNING_REF_DOES_NOT_MATCH_GENOME),UTR_5_PRIME(MODIFIER||33||266|nemy|protein_coding|CODING|FBtr0339740|1|A|WARNING_REF_DOES_NOT_MATCH_GENOME),UTR_5_PRIME(MODIFIER||33||267|nemy|protein_coding|CODING|FBtr0087868|1|A|WARNING_REF_DOES_NOT_MATCH_GENOME),INTRON(MODIFIER||||290|nemy|protein_coding|CODING|FBtr0087867|2|A),INTRON(MODIFIER||||210|nemy|protein_coding|CODING|FBtr0087869|1|A),INTRAGENIC(MODIFIER|||||nemy-PA||NON_CODING|||A)"	"INTRON"	"nemy"	FALSE	"INTRON(MODIFIER||||210|nemy|protein_coding|CODING|FBtr0087869|1|A)"
"2R_12665067"	"2R"	12665067	"G"	"A"	"EFF=UTR_5_PRIME(MODIFIER||33||267|nemy|protein_coding|CODING|FBtr0087870|2|A|WARNING_REF_DOES_NOT_MATCH_GENOME),UTR_5_PRIME(MODIFIER||33||267|nemy|protein_coding|CODING|FBtr0302151|2|A|WARNING_REF_DOES_NOT_MATCH_GENOME),UTR_5_PRIME(MODIFIER||33||266|nemy|protein_coding|CODING|FBtr0339740|1|A|WARNING_REF_DOES_NOT_MATCH_GENOME),UTR_5_PRIME(MODIFIER||33||267|nemy|protein_coding|CODING|FBtr0087868|1|A|WARNING_REF_DOES_NOT_MATCH_GENOME),INTRON(MODIFIER||||290|nemy|protein_coding|CODING|FBtr0087867|2|A),INTRON(MODIFIER||||210|nemy|protein_coding|CODING|FBtr0087869|1|A),INTRAGENIC(MODIFIER|||||nemy-PA||NON_CODING|||A)"	"INTRAGENIC"	"nemy-PA"	FALSE	"INTRAGENIC(MODIFIER|||||nemy-PA||NON_CODING|||A)"
"2R_16405149"	"2R"	16405149	"CCA"	"C"	"EFF=INTRON(MODIFIER||||824|Sema2b|protein_coding|CODING|FBtr0329992|2|C),INTRON(MODIFIER||||785|Sema2b|protein_coding|CODING|FBtr0290009|2|C),INTRON(MODIFIER||||784|Sema2b|protein_coding|CODING|FBtr0329991|2|C),INTRON(MODIFIER||||784|Sema2b|protein_coding|CODING|FBtr0100001|1|C),INTRAGENIC(MODIFIER|||||Sema2b-PA||NON_CODING|||C),INTRAGENIC(MODIFIER|||||Sema2b-PB||NON_CODING|||C),INTRAGENIC(MODIFIER|||||Sema2b-PC||NON_CODING|||C),INTRAGENIC(MODIFIER|||||Sema2b-PD||NON_CODING|||C)"	"INTRON"	"Sema2b"	FALSE	"INTRON(MODIFIER||||824|Sema2b|protein_coding|CODING|FBtr0329992|2|C)"
"2R_16405149"	"2R"	16405149	"CCA"	"C"	"EFF=INTRON(MODIFIER||||824|Sema2b|protein_coding|CODING|FBtr0329992|2|C),INTRON(MODIFIER||||785|Sema2b|protein_coding|CODING|FBtr0290009|2|C),INTRON(MODIFIER||||784|Sema2b|protein_coding|CODING|FBtr0329991|2|C),INTRON(MODIFIER||||784|Sema2b|protein_coding|CODING|FBtr0100001|1|C),INTRAGENIC(MODIFIER|||||Sema2b-PA||NON_CODING|||C),INTRAGENIC(MODIFIER|||||Sema2b-PB||NON_CODING|||C),INTRAGENIC(MODIFIER|||||Sema2b-PC||NON_CODING|||C),INTRAGENIC(MODIFIER|||||Sema2b-PD||NON_CODING|||C)"	"INTRON"	"Sema2b"	FALSE	"INTRON(MODIFIER||||785|Sema2b|protein_coding|CODING|FBtr0290009|2|C)"
"2R_16405149"	"2R"	16405149	"CCA"	"C"	"EFF=INTRON(MODIFIER||||824|Sema2b|protein_coding|CODING|FBtr0329992|2|C),INTRON(MODIFIER||||785|Sema2b|protein_coding|CODING|FBtr0290009|2|C),INTRON(MODIFIER||||784|Sema2b|protein_coding|CODING|FBtr0329991|2|C),INTRON(MODIFIER||||784|Sema2b|protein_coding|CODING|FBtr0100001|1|C),INTRAGENIC(MODIFIER|||||Sema2b-PA||NON_CODING|||C),INTRAGENIC(MODIFIER|||||Sema2b-PB||NON_CODING|||C),INTRAGENIC(MODIFIER|||||Sema2b-PC||NON_CODING|||C),INTRAGENIC(MODIFIER|||||Sema2b-PD||NON_CODING|||C)"	"INTRON"	"Sema2b"	FALSE	"INTRON(MODIFIER||||784|Sema2b|protein_coding|CODING|FBtr0329991|2|C)"
"2R_16405149"	"2R"	16405149	"CCA"	"C"	"EFF=INTRON(MODIFIER||||824|Sema2b|protein_coding|CODING|FBtr0329992|2|C),INTRON(MODIFIER||||785|Sema2b|protein_coding|CODING|FBtr0290009|2|C),INTRON(MODIFIER||||784|Sema2b|protein_coding|CODING|FBtr0329991|2|C),INTRON(MODIFIER||||784|Sema2b|protein_coding|CODING|FBtr0100001|1|C),INTRAGENIC(MODIFIER|||||Sema2b-PA||NON_CODING|||C),INTRAGENIC(MODIFIER|||||Sema2b-PB||NON_CODING|||C),INTRAGENIC(MODIFIER|||||Sema2b-PC||NON_CODING|||C),INTRAGENIC(MODIFIER|||||Sema2b-PD||NON_CODING|||C)"	"INTRON"	"Sema2b"	FALSE	"INTRON(MODIFIER||||784|Sema2b|protein_coding|CODING|FBtr0100001|1|C)"
"2R_16405149"	"2R"	16405149	"CCA"	"C"	"EFF=INTRON(MODIFIER||||824|Sema2b|protein_coding|CODING|FBtr0329992|2|C),INTRON(MODIFIER||||785|Sema2b|protein_coding|CODING|FBtr0290009|2|C),INTRON(MODIFIER||||784|Sema2b|protein_coding|CODING|FBtr0329991|2|C),INTRON(MODIFIER||||784|Sema2b|protein_coding|CODING|FBtr0100001|1|C),INTRAGENIC(MODIFIER|||||Sema2b-PA||NON_CODING|||C),INTRAGENIC(MODIFIER|||||Sema2b-PB||NON_CODING|||C),INTRAGENIC(MODIFIER|||||Sema2b-PC||NON_CODING|||C),INTRAGENIC(MODIFIER|||||Sema2b-PD||NON_CODING|||C)"	"INTRAGENIC"	"Sema2b-PA"	FALSE	"INTRAGENIC(MODIFIER|||||Sema2b-PA||NON_CODING|||C)"
"2R_16405149"	"2R"	16405149	"CCA"	"C"	"EFF=INTRON(MODIFIER||||824|Sema2b|protein_coding|CODING|FBtr0329992|2|C),INTRON(MODIFIER||||785|Sema2b|protein_coding|CODING|FBtr0290009|2|C),INTRON(MODIFIER||||784|Sema2b|protein_coding|CODING|FBtr0329991|2|C),INTRON(MODIFIER||||784|Sema2b|protein_coding|CODING|FBtr0100001|1|C),INTRAGENIC(MODIFIER|||||Sema2b-PA||NON_CODING|||C),INTRAGENIC(MODIFIER|||||Sema2b-PB||NON_CODING|||C),INTRAGENIC(MODIFIER|||||Sema2b-PC||NON_CODING|||C),INTRAGENIC(MODIFIER|||||Sema2b-PD||NON_CODING|||C)"	"INTRAGENIC"	"Sema2b-PB"	FALSE	"INTRAGENIC(MODIFIER|||||Sema2b-PB||NON_CODING|||C)"
"2R_16405149"	"2R"	16405149	"CCA"	"C"	"EFF=INTRON(MODIFIER||||824|Sema2b|protein_coding|CODING|FBtr0329992|2|C),INTRON(MODIFIER||||785|Sema2b|protein_coding|CODING|FBtr0290009|2|C),INTRON(MODIFIER||||784|Sema2b|protein_coding|CODING|FBtr0329991|2|C),INTRON(MODIFIER||||784|Sema2b|protein_coding|CODING|FBtr0100001|1|C),INTRAGENIC(MODIFIER|||||Sema2b-PA||NON_CODING|||C),INTRAGENIC(MODIFIER|||||Sema2b-PB||NON_CODING|||C),INTRAGENIC(MODIFIER|||||Sema2b-PC||NON_CODING|||C),INTRAGENIC(MODIFIER|||||Sema2b-PD||NON_CODING|||C)"	"INTRAGENIC"	"Sema2b-PC"	FALSE	"INTRAGENIC(MODIFIER|||||Sema2b-PC||NON_CODING|||C)"
"2R_16405149"	"2R"	16405149	"CCA"	"C"	"EFF=INTRON(MODIFIER||||824|Sema2b|protein_coding|CODING|FBtr0329992|2|C),INTRON(MODIFIER||||785|Sema2b|protein_coding|CODING|FBtr0290009|2|C),INTRON(MODIFIER||||784|Sema2b|protein_coding|CODING|FBtr0329991|2|C),INTRON(MODIFIER||||784|Sema2b|protein_coding|CODING|FBtr0100001|1|C),INTRAGENIC(MODIFIER|||||Sema2b-PA||NON_CODING|||C),INTRAGENIC(MODIFIER|||||Sema2b-PB||NON_CODING|||C),INTRAGENIC(MODIFIER|||||Sema2b-PC||NON_CODING|||C),INTRAGENIC(MODIFIER|||||Sema2b-PD||NON_CODING|||C)"	"INTRAGENIC"	"Sema2b-PD"	FALSE	"INTRAGENIC(MODIFIER|||||Sema2b-PD||NON_CODING|||C)"
"2R_16679757"	"2R"	16679757	"A"	"G"	"EFF=INTRON(MODIFIER||||650|Pgant9|protein_coding|CODING|FBtr0087112|7|G),INTRON(MODIFIER||||647|Pgant9|protein_coding|CODING|FBtr0087113|6|G),INTRON(MODIFIER||||647|Pgant9|protein_coding|CODING|FBtr0113379|7|G),INTRON(MODIFIER||||650|Pgant9|protein_coding|CODING|FBtr0113380|6|G),INTRON(MODIFIER||||264|Pgant9|protein_coding|CODING|FBtr0113381|2|G),INTRAGENIC(MODIFIER|||||Pgant9-PE||NON_CODING|||G),INTRAGENIC(MODIFIER|||||Pgant9-PA||NON_CODING|||G),INTRAGENIC(MODIFIER|||||Pgant9-PB||NON_CODING|||G),INTRAGENIC(MODIFIER|||||Pgant9-PC||NON_CODING|||G),INTRAGENIC(MODIFIER|||||Pgant9-PD||NON_CODING|||G)"	"INTRON"	"Pgant9"	FALSE	"INTRON(MODIFIER||||650|Pgant9|protein_coding|CODING|FBtr0087112|7|G)"
"2R_16679757"	"2R"	16679757	"A"	"G"	"EFF=INTRON(MODIFIER||||650|Pgant9|protein_coding|CODING|FBtr0087112|7|G),INTRON(MODIFIER||||647|Pgant9|protein_coding|CODING|FBtr0087113|6|G),INTRON(MODIFIER||||647|Pgant9|protein_coding|CODING|FBtr0113379|7|G),INTRON(MODIFIER||||650|Pgant9|protein_coding|CODING|FBtr0113380|6|G),INTRON(MODIFIER||||264|Pgant9|protein_coding|CODING|FBtr0113381|2|G),INTRAGENIC(MODIFIER|||||Pgant9-PE||NON_CODING|||G),INTRAGENIC(MODIFIER|||||Pgant9-PA||NON_CODING|||G),INTRAGENIC(MODIFIER|||||Pgant9-PB||NON_CODING|||G),INTRAGENIC(MODIFIER|||||Pgant9-PC||NON_CODING|||G),INTRAGENIC(MODIFIER|||||Pgant9-PD||NON_CODING|||G)"	"INTRON"	"Pgant9"	FALSE	"INTRON(MODIFIER||||647|Pgant9|protein_coding|CODING|FBtr0087113|6|G)"
"2R_16679757"	"2R"	16679757	"A"	"G"	"EFF=INTRON(MODIFIER||||650|Pgant9|protein_coding|CODING|FBtr0087112|7|G),INTRON(MODIFIER||||647|Pgant9|protein_coding|CODING|FBtr0087113|6|G),INTRON(MODIFIER||||647|Pgant9|protein_coding|CODING|FBtr0113379|7|G),INTRON(MODIFIER||||650|Pgant9|protein_coding|CODING|FBtr0113380|6|G),INTRON(MODIFIER||||264|Pgant9|protein_coding|CODING|FBtr0113381|2|G),INTRAGENIC(MODIFIER|||||Pgant9-PE||NON_CODING|||G),INTRAGENIC(MODIFIER|||||Pgant9-PA||NON_CODING|||G),INTRAGENIC(MODIFIER|||||Pgant9-PB||NON_CODING|||G),INTRAGENIC(MODIFIER|||||Pgant9-PC||NON_CODING|||G),INTRAGENIC(MODIFIER|||||Pgant9-PD||NON_CODING|||G)"	"INTRON"	"Pgant9"	FALSE	"INTRON(MODIFIER||||647|Pgant9|protein_coding|CODING|FBtr0113379|7|G)"
"2R_16679757"	"2R"	16679757	"A"	"G"	"EFF=INTRON(MODIFIER||||650|Pgant9|protein_coding|CODING|FBtr0087112|7|G),INTRON(MODIFIER||||647|Pgant9|protein_coding|CODING|FBtr0087113|6|G),INTRON(MODIFIER||||647|Pgant9|protein_coding|CODING|FBtr0113379|7|G),INTRON(MODIFIER||||650|Pgant9|protein_coding|CODING|FBtr0113380|6|G),INTRON(MODIFIER||||264|Pgant9|protein_coding|CODING|FBtr0113381|2|G),INTRAGENIC(MODIFIER|||||Pgant9-PE||NON_CODING|||G),INTRAGENIC(MODIFIER|||||Pgant9-PA||NON_CODING|||G),INTRAGENIC(MODIFIER|||||Pgant9-PB||NON_CODING|||G),INTRAGENIC(MODIFIER|||||Pgant9-PC||NON_CODING|||G),INTRAGENIC(MODIFIER|||||Pgant9-PD||NON_CODING|||G)"	"INTRON"	"Pgant9"	FALSE	"INTRON(MODIFIER||||650|Pgant9|protein_coding|CODING|FBtr0113380|6|G)"
"2R_16679757"	"2R"	16679757	"A"	"G"	"EFF=INTRON(MODIFIER||||650|Pgant9|protein_coding|CODING|FBtr0087112|7|G),INTRON(MODIFIER||||647|Pgant9|protein_coding|CODING|FBtr0087113|6|G),INTRON(MODIFIER||||647|Pgant9|protein_coding|CODING|FBtr0113379|7|G),INTRON(MODIFIER||||650|Pgant9|protein_coding|CODING|FBtr0113380|6|G),INTRON(MODIFIER||||264|Pgant9|protein_coding|CODING|FBtr0113381|2|G),INTRAGENIC(MODIFIER|||||Pgant9-PE||NON_CODING|||G),INTRAGENIC(MODIFIER|||||Pgant9-PA||NON_CODING|||G),INTRAGENIC(MODIFIER|||||Pgant9-PB||NON_CODING|||G),INTRAGENIC(MODIFIER|||||Pgant9-PC||NON_CODING|||G),INTRAGENIC(MODIFIER|||||Pgant9-PD||NON_CODING|||G)"	"INTRON"	"Pgant9"	FALSE	"INTRON(MODIFIER||||264|Pgant9|protein_coding|CODING|FBtr0113381|2|G)"
"2R_16679757"	"2R"	16679757	"A"	"G"	"EFF=INTRON(MODIFIER||||650|Pgant9|protein_coding|CODING|FBtr0087112|7|G),INTRON(MODIFIER||||647|Pgant9|protein_coding|CODING|FBtr0087113|6|G),INTRON(MODIFIER||||647|Pgant9|protein_coding|CODING|FBtr0113379|7|G),INTRON(MODIFIER||||650|Pgant9|protein_coding|CODING|FBtr0113380|6|G),INTRON(MODIFIER||||264|Pgant9|protein_coding|CODING|FBtr0113381|2|G),INTRAGENIC(MODIFIER|||||Pgant9-PE||NON_CODING|||G),INTRAGENIC(MODIFIER|||||Pgant9-PA||NON_CODING|||G),INTRAGENIC(MODIFIER|||||Pgant9-PB||NON_CODING|||G),INTRAGENIC(MODIFIER|||||Pgant9-PC||NON_CODING|||G),INTRAGENIC(MODIFIER|||||Pgant9-PD||NON_CODING|||G)"	"INTRAGENIC"	"Pgant9-PE"	FALSE	"INTRAGENIC(MODIFIER|||||Pgant9-PE||NON_CODING|||G)"
"2R_16679757"	"2R"	16679757	"A"	"G"	"EFF=INTRON(MODIFIER||||650|Pgant9|protein_coding|CODING|FBtr0087112|7|G),INTRON(MODIFIER||||647|Pgant9|protein_coding|CODING|FBtr0087113|6|G),INTRON(MODIFIER||||647|Pgant9|protein_coding|CODING|FBtr0113379|7|G),INTRON(MODIFIER||||650|Pgant9|protein_coding|CODING|FBtr0113380|6|G),INTRON(MODIFIER||||264|Pgant9|protein_coding|CODING|FBtr0113381|2|G),INTRAGENIC(MODIFIER|||||Pgant9-PE||NON_CODING|||G),INTRAGENIC(MODIFIER|||||Pgant9-PA||NON_CODING|||G),INTRAGENIC(MODIFIER|||||Pgant9-PB||NON_CODING|||G),INTRAGENIC(MODIFIER|||||Pgant9-PC||NON_CODING|||G),INTRAGENIC(MODIFIER|||||Pgant9-PD||NON_CODING|||G)"	"INTRAGENIC"	"Pgant9-PA"	FALSE	"INTRAGENIC(MODIFIER|||||Pgant9-PA||NON_CODING|||G)"
"2R_16679757"	"2R"	16679757	"A"	"G"	"EFF=INTRON(MODIFIER||||650|Pgant9|protein_coding|CODING|FBtr0087112|7|G),INTRON(MODIFIER||||647|Pgant9|protein_coding|CODING|FBtr0087113|6|G),INTRON(MODIFIER||||647|Pgant9|protein_coding|CODING|FBtr0113379|7|G),INTRON(MODIFIER||||650|Pgant9|protein_coding|CODING|FBtr0113380|6|G),INTRON(MODIFIER||||264|Pgant9|protein_coding|CODING|FBtr0113381|2|G),INTRAGENIC(MODIFIER|||||Pgant9-PE||NON_CODING|||G),INTRAGENIC(MODIFIER|||||Pgant9-PA||NON_CODING|||G),INTRAGENIC(MODIFIER|||||Pgant9-PB||NON_CODING|||G),INTRAGENIC(MODIFIER|||||Pgant9-PC||NON_CODING|||G),INTRAGENIC(MODIFIER|||||Pgant9-PD||NON_CODING|||G)"	"INTRAGENIC"	"Pgant9-PB"	FALSE	"INTRAGENIC(MODIFIER|||||Pgant9-PB||NON_CODING|||G)"
"2R_16679757"	"2R"	16679757	"A"	"G"	"EFF=INTRON(MODIFIER||||650|Pgant9|protein_coding|CODING|FBtr0087112|7|G),INTRON(MODIFIER||||647|Pgant9|protein_coding|CODING|FBtr0087113|6|G),INTRON(MODIFIER||||647|Pgant9|protein_coding|CODING|FBtr0113379|7|G),INTRON(MODIFIER||||650|Pgant9|protein_coding|CODING|FBtr0113380|6|G),INTRON(MODIFIER||||264|Pgant9|protein_coding|CODING|FBtr0113381|2|G),INTRAGENIC(MODIFIER|||||Pgant9-PE||NON_CODING|||G),INTRAGENIC(MODIFIER|||||Pgant9-PA||NON_CODING|||G),INTRAGENIC(MODIFIER|||||Pgant9-PB||NON_CODING|||G),INTRAGENIC(MODIFIER|||||Pgant9-PC||NON_CODING|||G),INTRAGENIC(MODIFIER|||||Pgant9-PD||NON_CODING|||G)"	"INTRAGENIC"	"Pgant9-PC"	FALSE	"INTRAGENIC(MODIFIER|||||Pgant9-PC||NON_CODING|||G)"
"2R_16679757"	"2R"	16679757	"A"	"G"	"EFF=INTRON(MODIFIER||||650|Pgant9|protein_coding|CODING|FBtr0087112|7|G),INTRON(MODIFIER||||647|Pgant9|protein_coding|CODING|FBtr0087113|6|G),INTRON(MODIFIER||||647|Pgant9|protein_coding|CODING|FBtr0113379|7|G),INTRON(MODIFIER||||650|Pgant9|protein_coding|CODING|FBtr0113380|6|G),INTRON(MODIFIER||||264|Pgant9|protein_coding|CODING|FBtr0113381|2|G),INTRAGENIC(MODIFIER|||||Pgant9-PE||NON_CODING|||G),INTRAGENIC(MODIFIER|||||Pgant9-PA||NON_CODING|||G),INTRAGENIC(MODIFIER|||||Pgant9-PB||NON_CODING|||G),INTRAGENIC(MODIFIER|||||Pgant9-PC||NON_CODING|||G),INTRAGENIC(MODIFIER|||||Pgant9-PD||NON_CODING|||G)"	"INTRAGENIC"	"Pgant9-PD"	FALSE	"INTRAGENIC(MODIFIER|||||Pgant9-PD||NON_CODING|||G)"
"2R_18433628"	"2R"	18433628	"T"	"G"	"EFF=INTRON(MODIFIER||||515|Ttd14|protein_coding|CODING|FBtr0113361|5|G),INTRON(MODIFIER||||475|Ttd14|protein_coding|CODING|FBtr0086724|4|G),INTRON(MODIFIER||||471|Ttd14|protein_coding|CODING|FBtr0113360|4|G),INTRAGENIC(MODIFIER|||||Ttd14-PB||NON_CODING|||G),INTRAGENIC(MODIFIER|||||Ttd14-PC||NON_CODING|||G),INTRAGENIC(MODIFIER|||||Ttd14-PA||NON_CODING|||G)"	"INTRON"	"Ttd14"	FALSE	"INTRON(MODIFIER||||515|Ttd14|protein_coding|CODING|FBtr0113361|5|G)"
"2R_18433628"	"2R"	18433628	"T"	"G"	"EFF=INTRON(MODIFIER||||515|Ttd14|protein_coding|CODING|FBtr0113361|5|G),INTRON(MODIFIER||||475|Ttd14|protein_coding|CODING|FBtr0086724|4|G),INTRON(MODIFIER||||471|Ttd14|protein_coding|CODING|FBtr0113360|4|G),INTRAGENIC(MODIFIER|||||Ttd14-PB||NON_CODING|||G),INTRAGENIC(MODIFIER|||||Ttd14-PC||NON_CODING|||G),INTRAGENIC(MODIFIER|||||Ttd14-PA||NON_CODING|||G)"	"INTRON"	"Ttd14"	FALSE	"INTRON(MODIFIER||||475|Ttd14|protein_coding|CODING|FBtr0086724|4|G)"
"2R_18433628"	"2R"	18433628	"T"	"G"	"EFF=INTRON(MODIFIER||||515|Ttd14|protein_coding|CODING|FBtr0113361|5|G),INTRON(MODIFIER||||475|Ttd14|protein_coding|CODING|FBtr0086724|4|G),INTRON(MODIFIER||||471|Ttd14|protein_coding|CODING|FBtr0113360|4|G),INTRAGENIC(MODIFIER|||||Ttd14-PB||NON_CODING|||G),INTRAGENIC(MODIFIER|||||Ttd14-PC||NON_CODING|||G),INTRAGENIC(MODIFIER|||||Ttd14-PA||NON_CODING|||G)"	"INTRON"	"Ttd14"	FALSE	"INTRON(MODIFIER||||471|Ttd14|protein_coding|CODING|FBtr0113360|4|G)"
"2R_18433628"	"2R"	18433628	"T"	"G"	"EFF=INTRON(MODIFIER||||515|Ttd14|protein_coding|CODING|FBtr0113361|5|G),INTRON(MODIFIER||||475|Ttd14|protein_coding|CODING|FBtr0086724|4|G),INTRON(MODIFIER||||471|Ttd14|protein_coding|CODING|FBtr0113360|4|G),INTRAGENIC(MODIFIER|||||Ttd14-PB||NON_CODING|||G),INTRAGENIC(MODIFIER|||||Ttd14-PC||NON_CODING|||G),INTRAGENIC(MODIFIER|||||Ttd14-PA||NON_CODING|||G)"	"INTRAGENIC"	"Ttd14-PB"	FALSE	"INTRAGENIC(MODIFIER|||||Ttd14-PB||NON_CODING|||G)"
"2R_18433628"	"2R"	18433628	"T"	"G"	"EFF=INTRON(MODIFIER||||515|Ttd14|protein_coding|CODING|FBtr0113361|5|G),INTRON(MODIFIER||||475|Ttd14|protein_coding|CODING|FBtr0086724|4|G),INTRON(MODIFIER||||471|Ttd14|protein_coding|CODING|FBtr0113360|4|G),INTRAGENIC(MODIFIER|||||Ttd14-PB||NON_CODING|||G),INTRAGENIC(MODIFIER|||||Ttd14-PC||NON_CODING|||G),INTRAGENIC(MODIFIER|||||Ttd14-PA||NON_CODING|||G)"	"INTRAGENIC"	"Ttd14-PC"	FALSE	"INTRAGENIC(MODIFIER|||||Ttd14-PC||NON_CODING|||G)"
"2R_18433628"	"2R"	18433628	"T"	"G"	"EFF=INTRON(MODIFIER||||515|Ttd14|protein_coding|CODING|FBtr0113361|5|G),INTRON(MODIFIER||||475|Ttd14|protein_coding|CODING|FBtr0086724|4|G),INTRON(MODIFIER||||471|Ttd14|protein_coding|CODING|FBtr0113360|4|G),INTRAGENIC(MODIFIER|||||Ttd14-PB||NON_CODING|||G),INTRAGENIC(MODIFIER|||||Ttd14-PC||NON_CODING|||G),INTRAGENIC(MODIFIER|||||Ttd14-PA||NON_CODING|||G)"	"INTRAGENIC"	"Ttd14-PA"	FALSE	"INTRAGENIC(MODIFIER|||||Ttd14-PA||NON_CODING|||G)"
"2R_22391929"	"2R"	22391929	"T"	"C"	"EFF=SYNONYMOUS_CODING(LOW||ggC/ggC|G287|503|CG13506|protein_coding|CODING|FBtr0071822|5|C|WARNING_REF_DOES_NOT_MATCH_GENOME),SYNONYMOUS_CODING(LOW||ggC/ggC|G287|503|CG13506|protein_coding|CODING|FBtr0342989|5|C|WARNING_REF_DOES_NOT_MATCH_GENOME),INTRAGENIC(MODIFIER|||||CG13506-PA||NON_CODING|||C),INTRAGENIC(MODIFIER|||||CG13506-PB||NON_CODING|||C)"	"SYNONYMOUS_CODING"	"CG13506"	TRUE	"SYNONYMOUS_CODING(LOW||ggC/ggC|G287|503|CG13506|protein_coding|CODING|FBtr0071822|5|C|WARNING_REF_DOES_NOT_MATCH_GENOME)"
"2R_22391929"	"2R"	22391929	"T"	"C"	"EFF=SYNONYMOUS_CODING(LOW||ggC/ggC|G287|503|CG13506|protein_coding|CODING|FBtr0071822|5|C|WARNING_REF_DOES_NOT_MATCH_GENOME),SYNONYMOUS_CODING(LOW||ggC/ggC|G287|503|CG13506|protein_coding|CODING|FBtr0342989|5|C|WARNING_REF_DOES_NOT_MATCH_GENOME),INTRAGENIC(MODIFIER|||||CG13506-PA||NON_CODING|||C),INTRAGENIC(MODIFIER|||||CG13506-PB||NON_CODING|||C)"	"SYNONYMOUS_CODING"	"CG13506"	TRUE	"SYNONYMOUS_CODING(LOW||ggC/ggC|G287|503|CG13506|protein_coding|CODING|FBtr0342989|5|C|WARNING_REF_DOES_NOT_MATCH_GENOME)"
"2R_22391929"	"2R"	22391929	"T"	"C"	"EFF=SYNONYMOUS_CODING(LOW||ggC/ggC|G287|503|CG13506|protein_coding|CODING|FBtr0071822|5|C|WARNING_REF_DOES_NOT_MATCH_GENOME),SYNONYMOUS_CODING(LOW||ggC/ggC|G287|503|CG13506|protein_coding|CODING|FBtr0342989|5|C|WARNING_REF_DOES_NOT_MATCH_GENOME),INTRAGENIC(MODIFIER|||||CG13506-PA||NON_CODING|||C),INTRAGENIC(MODIFIER|||||CG13506-PB||NON_CODING|||C)"	"INTRAGENIC"	"CG13506-PA"	FALSE	"INTRAGENIC(MODIFIER|||||CG13506-PA||NON_CODING|||C)"
"2R_22391929"	"2R"	22391929	"T"	"C"	"EFF=SYNONYMOUS_CODING(LOW||ggC/ggC|G287|503|CG13506|protein_coding|CODING|FBtr0071822|5|C|WARNING_REF_DOES_NOT_MATCH_GENOME),SYNONYMOUS_CODING(LOW||ggC/ggC|G287|503|CG13506|protein_coding|CODING|FBtr0342989|5|C|WARNING_REF_DOES_NOT_MATCH_GENOME),INTRAGENIC(MODIFIER|||||CG13506-PA||NON_CODING|||C),INTRAGENIC(MODIFIER|||||CG13506-PB||NON_CODING|||C)"	"INTRAGENIC"	"CG13506-PB"	FALSE	"INTRAGENIC(MODIFIER|||||CG13506-PB||NON_CODING|||C)"
"2R_23639685"	"2R"	23639685	"G"	"A"	"EFF=UPSTREAM(MODIFIER||591|||lncRNA:CR45153|lincRNA|NON_CODING|FBtr0344929||A),INTRON(MODIFIER||||911|retn|protein_coding|CODING|FBtr0072073|1|A),INTRON(MODIFIER||||904|retn|protein_coding|CODING|FBtr0340029|1|A),INTRON(MODIFIER||||906|retn|protein_coding|CODING|FBtr0072072|1|A),INTRON(MODIFIER||||654|retn|protein_coding|CODING|FBtr0340031|1|A),INTRAGENIC(MODIFIER|||||retn-PA||NON_CODING|||A),INTRAGENIC(MODIFIER|||||retn-PB||NON_CODING|||A),INTRAGENIC(MODIFIER|||||retn-PC||NON_CODING|||A),INTRAGENIC(MODIFIER|||||retn-PE||NON_CODING|||A)"	"UPSTREAM"	"lncRNA:CR45153"	FALSE	"UPSTREAM(MODIFIER||591|||lncRNA:CR45153|lincRNA|NON_CODING|FBtr0344929||A)"
"2R_23639685"	"2R"	23639685	"G"	"A"	"EFF=UPSTREAM(MODIFIER||591|||lncRNA:CR45153|lincRNA|NON_CODING|FBtr0344929||A),INTRON(MODIFIER||||911|retn|protein_coding|CODING|FBtr0072073|1|A),INTRON(MODIFIER||||904|retn|protein_coding|CODING|FBtr0340029|1|A),INTRON(MODIFIER||||906|retn|protein_coding|CODING|FBtr0072072|1|A),INTRON(MODIFIER||||654|retn|protein_coding|CODING|FBtr0340031|1|A),INTRAGENIC(MODIFIER|||||retn-PA||NON_CODING|||A),INTRAGENIC(MODIFIER|||||retn-PB||NON_CODING|||A),INTRAGENIC(MODIFIER|||||retn-PC||NON_CODING|||A),INTRAGENIC(MODIFIER|||||retn-PE||NON_CODING|||A)"	"INTRON"	"retn"	FALSE	"INTRON(MODIFIER||||911|retn|protein_coding|CODING|FBtr0072073|1|A)"
"2R_23639685"	"2R"	23639685	"G"	"A"	"EFF=UPSTREAM(MODIFIER||591|||lncRNA:CR45153|lincRNA|NON_CODING|FBtr0344929||A),INTRON(MODIFIER||||911|retn|protein_coding|CODING|FBtr0072073|1|A),INTRON(MODIFIER||||904|retn|protein_coding|CODING|FBtr0340029|1|A),INTRON(MODIFIER||||906|retn|protein_coding|CODING|FBtr0072072|1|A),INTRON(MODIFIER||||654|retn|protein_coding|CODING|FBtr0340031|1|A),INTRAGENIC(MODIFIER|||||retn-PA||NON_CODING|||A),INTRAGENIC(MODIFIER|||||retn-PB||NON_CODING|||A),INTRAGENIC(MODIFIER|||||retn-PC||NON_CODING|||A),INTRAGENIC(MODIFIER|||||retn-PE||NON_CODING|||A)"	"INTRON"	"retn"	FALSE	"INTRON(MODIFIER||||904|retn|protein_coding|CODING|FBtr0340029|1|A)"
"2R_23639685"	"2R"	23639685	"G"	"A"	"EFF=UPSTREAM(MODIFIER||591|||lncRNA:CR45153|lincRNA|NON_CODING|FBtr0344929||A),INTRON(MODIFIER||||911|retn|protein_coding|CODING|FBtr0072073|1|A),INTRON(MODIFIER||||904|retn|protein_coding|CODING|FBtr0340029|1|A),INTRON(MODIFIER||||906|retn|protein_coding|CODING|FBtr0072072|1|A),INTRON(MODIFIER||||654|retn|protein_coding|CODING|FBtr0340031|1|A),INTRAGENIC(MODIFIER|||||retn-PA||NON_CODING|||A),INTRAGENIC(MODIFIER|||||retn-PB||NON_CODING|||A),INTRAGENIC(MODIFIER|||||retn-PC||NON_CODING|||A),INTRAGENIC(MODIFIER|||||retn-PE||NON_CODING|||A)"	"INTRON"	"retn"	FALSE	"INTRON(MODIFIER||||906|retn|protein_coding|CODING|FBtr0072072|1|A)"
"2R_23639685"	"2R"	23639685	"G"	"A"	"EFF=UPSTREAM(MODIFIER||591|||lncRNA:CR45153|lincRNA|NON_CODING|FBtr0344929||A),INTRON(MODIFIER||||911|retn|protein_coding|CODING|FBtr0072073|1|A),INTRON(MODIFIER||||904|retn|protein_coding|CODING|FBtr0340029|1|A),INTRON(MODIFIER||||906|retn|protein_coding|CODING|FBtr0072072|1|A),INTRON(MODIFIER||||654|retn|protein_coding|CODING|FBtr0340031|1|A),INTRAGENIC(MODIFIER|||||retn-PA||NON_CODING|||A),INTRAGENIC(MODIFIER|||||retn-PB||NON_CODING|||A),INTRAGENIC(MODIFIER|||||retn-PC||NON_CODING|||A),INTRAGENIC(MODIFIER|||||retn-PE||NON_CODING|||A)"	"INTRON"	"retn"	FALSE	"INTRON(MODIFIER||||654|retn|protein_coding|CODING|FBtr0340031|1|A)"
"2R_23639685"	"2R"	23639685	"G"	"A"	"EFF=UPSTREAM(MODIFIER||591|||lncRNA:CR45153|lincRNA|NON_CODING|FBtr0344929||A),INTRON(MODIFIER||||911|retn|protein_coding|CODING|FBtr0072073|1|A),INTRON(MODIFIER||||904|retn|protein_coding|CODING|FBtr0340029|1|A),INTRON(MODIFIER||||906|retn|protein_coding|CODING|FBtr0072072|1|A),INTRON(MODIFIER||||654|retn|protein_coding|CODING|FBtr0340031|1|A),INTRAGENIC(MODIFIER|||||retn-PA||NON_CODING|||A),INTRAGENIC(MODIFIER|||||retn-PB||NON_CODING|||A),INTRAGENIC(MODIFIER|||||retn-PC||NON_CODING|||A),INTRAGENIC(MODIFIER|||||retn-PE||NON_CODING|||A)"	"INTRAGENIC"	"retn-PA"	FALSE	"INTRAGENIC(MODIFIER|||||retn-PA||NON_CODING|||A)"
"2R_23639685"	"2R"	23639685	"G"	"A"	"EFF=UPSTREAM(MODIFIER||591|||lncRNA:CR45153|lincRNA|NON_CODING|FBtr0344929||A),INTRON(MODIFIER||||911|retn|protein_coding|CODING|FBtr0072073|1|A),INTRON(MODIFIER||||904|retn|protein_coding|CODING|FBtr0340029|1|A),INTRON(MODIFIER||||906|retn|protein_coding|CODING|FBtr0072072|1|A),INTRON(MODIFIER||||654|retn|protein_coding|CODING|FBtr0340031|1|A),INTRAGENIC(MODIFIER|||||retn-PA||NON_CODING|||A),INTRAGENIC(MODIFIER|||||retn-PB||NON_CODING|||A),INTRAGENIC(MODIFIER|||||retn-PC||NON_CODING|||A),INTRAGENIC(MODIFIER|||||retn-PE||NON_CODING|||A)"	"INTRAGENIC"	"retn-PB"	FALSE	"INTRAGENIC(MODIFIER|||||retn-PB||NON_CODING|||A)"
"2R_23639685"	"2R"	23639685	"G"	"A"	"EFF=UPSTREAM(MODIFIER||591|||lncRNA:CR45153|lincRNA|NON_CODING|FBtr0344929||A),INTRON(MODIFIER||||911|retn|protein_coding|CODING|FBtr0072073|1|A),INTRON(MODIFIER||||904|retn|protein_coding|CODING|FBtr0340029|1|A),INTRON(MODIFIER||||906|retn|protein_coding|CODING|FBtr0072072|1|A),INTRON(MODIFIER||||654|retn|protein_coding|CODING|FBtr0340031|1|A),INTRAGENIC(MODIFIER|||||retn-PA||NON_CODING|||A),INTRAGENIC(MODIFIER|||||retn-PB||NON_CODING|||A),INTRAGENIC(MODIFIER|||||retn-PC||NON_CODING|||A),INTRAGENIC(MODIFIER|||||retn-PE||NON_CODING|||A)"	"INTRAGENIC"	"retn-PC"	FALSE	"INTRAGENIC(MODIFIER|||||retn-PC||NON_CODING|||A)"
"2R_23639685"	"2R"	23639685	"G"	"A"	"EFF=UPSTREAM(MODIFIER||591|||lncRNA:CR45153|lincRNA|NON_CODING|FBtr0344929||A),INTRON(MODIFIER||||911|retn|protein_coding|CODING|FBtr0072073|1|A),INTRON(MODIFIER||||904|retn|protein_coding|CODING|FBtr0340029|1|A),INTRON(MODIFIER||||906|retn|protein_coding|CODING|FBtr0072072|1|A),INTRON(MODIFIER||||654|retn|protein_coding|CODING|FBtr0340031|1|A),INTRAGENIC(MODIFIER|||||retn-PA||NON_CODING|||A),INTRAGENIC(MODIFIER|||||retn-PB||NON_CODING|||A),INTRAGENIC(MODIFIER|||||retn-PC||NON_CODING|||A),INTRAGENIC(MODIFIER|||||retn-PE||NON_CODING|||A)"	"INTRAGENIC"	"retn-PE"	FALSE	"INTRAGENIC(MODIFIER|||||retn-PE||NON_CODING|||A)"
"2R_24313340"	"2R"	24313340	"T"	"A"	"EFF=DOWNSTREAM(MODIFIER||241||454|betaTub60D|protein_coding|CODING|FBtr0072270||A),DOWNSTREAM(MODIFIER||241||453|betaTub60D|protein_coding|CODING|FBtr0343443||A),INTERGENIC(MODIFIER||||||||||A)"	"DOWNSTREAM"	"betaTub60D"	FALSE	"DOWNSTREAM(MODIFIER||241||454|betaTub60D|protein_coding|CODING|FBtr0072270||A)"
"2R_24313340"	"2R"	24313340	"T"	"A"	"EFF=DOWNSTREAM(MODIFIER||241||454|betaTub60D|protein_coding|CODING|FBtr0072270||A),DOWNSTREAM(MODIFIER||241||453|betaTub60D|protein_coding|CODING|FBtr0343443||A),INTERGENIC(MODIFIER||||||||||A)"	"DOWNSTREAM"	"betaTub60D"	FALSE	"DOWNSTREAM(MODIFIER||241||453|betaTub60D|protein_coding|CODING|FBtr0343443||A)"
"2R_24313340"	"2R"	24313340	"T"	"A"	"EFF=DOWNSTREAM(MODIFIER||241||454|betaTub60D|protein_coding|CODING|FBtr0072270||A),DOWNSTREAM(MODIFIER||241||453|betaTub60D|protein_coding|CODING|FBtr0343443||A),INTERGENIC(MODIFIER||||||||||A)"	"INTERGENIC"	"unassigned"	FALSE	"INTERGENIC(MODIFIER||||||||||A)"
"2R_5727338"	"2R"	5727338	"G"	"A"	"EFF=UPSTREAM(MODIFIER||506||469|ap|protein_coding|CODING|FBtr0086058||A),UPSTREAM(MODIFIER||506||468|ap|protein_coding|CODING|FBtr0300504||A),INTRON(MODIFIER||||246|ap|protein_coding|CODING|FBtr0335274|1|A)"	"UPSTREAM"	"ap"	FALSE	"UPSTREAM(MODIFIER||506||469|ap|protein_coding|CODING|FBtr0086058||A)"
"2R_5727338"	"2R"	5727338	"G"	"A"	"EFF=UPSTREAM(MODIFIER||506||469|ap|protein_coding|CODING|FBtr0086058||A),UPSTREAM(MODIFIER||506||468|ap|protein_coding|CODING|FBtr0300504||A),INTRON(MODIFIER||||246|ap|protein_coding|CODING|FBtr0335274|1|A)"	"UPSTREAM"	"ap"	FALSE	"UPSTREAM(MODIFIER||506||468|ap|protein_coding|CODING|FBtr0300504||A)"
"2R_5727338"	"2R"	5727338	"G"	"A"	"EFF=UPSTREAM(MODIFIER||506||469|ap|protein_coding|CODING|FBtr0086058||A),UPSTREAM(MODIFIER||506||468|ap|protein_coding|CODING|FBtr0300504||A),INTRON(MODIFIER||||246|ap|protein_coding|CODING|FBtr0335274|1|A)"	"INTRON"	"ap"	FALSE	"INTRON(MODIFIER||||246|ap|protein_coding|CODING|FBtr0335274|1|A)"
"2R_6256391"	"2R"	6256391	"A"	"C"	"EFF=INTERGENIC(MODIFIER||||||||||C)"	"INTERGENIC"	"unassigned"	FALSE	"INTERGENIC(MODIFIER||||||||||C)"
"2R_7202244"	"2R"	7202244	"C"	"T"	"EFF=INTRON(MODIFIER||||1299|pk|protein_coding|CODING|FBtr0089044|2|T),INTRON(MODIFIER||||963|pk|protein_coding|CODING|FBtr0089042|1|T),INTRON(MODIFIER||||1029|pk|protein_coding|CODING|FBtr0089043|1|T),INTRAGENIC(MODIFIER|||||pk-PA||NON_CODING|||T),INTRAGENIC(MODIFIER|||||pk-PB||NON_CODING|||T),INTRAGENIC(MODIFIER|||||pk-PC||NON_CODING|||T)"	"INTRON"	"pk"	FALSE	"INTRON(MODIFIER||||1299|pk|protein_coding|CODING|FBtr0089044|2|T)"
"2R_7202244"	"2R"	7202244	"C"	"T"	"EFF=INTRON(MODIFIER||||1299|pk|protein_coding|CODING|FBtr0089044|2|T),INTRON(MODIFIER||||963|pk|protein_coding|CODING|FBtr0089042|1|T),INTRON(MODIFIER||||1029|pk|protein_coding|CODING|FBtr0089043|1|T),INTRAGENIC(MODIFIER|||||pk-PA||NON_CODING|||T),INTRAGENIC(MODIFIER|||||pk-PB||NON_CODING|||T),INTRAGENIC(MODIFIER|||||pk-PC||NON_CODING|||T)"	"INTRON"	"pk"	FALSE	"INTRON(MODIFIER||||963|pk|protein_coding|CODING|FBtr0089042|1|T)"
"2R_7202244"	"2R"	7202244	"C"	"T"	"EFF=INTRON(MODIFIER||||1299|pk|protein_coding|CODING|FBtr0089044|2|T),INTRON(MODIFIER||||963|pk|protein_coding|CODING|FBtr0089042|1|T),INTRON(MODIFIER||||1029|pk|protein_coding|CODING|FBtr0089043|1|T),INTRAGENIC(MODIFIER|||||pk-PA||NON_CODING|||T),INTRAGENIC(MODIFIER|||||pk-PB||NON_CODING|||T),INTRAGENIC(MODIFIER|||||pk-PC||NON_CODING|||T)"	"INTRON"	"pk"	FALSE	"INTRON(MODIFIER||||1029|pk|protein_coding|CODING|FBtr0089043|1|T)"
"2R_7202244"	"2R"	7202244	"C"	"T"	"EFF=INTRON(MODIFIER||||1299|pk|protein_coding|CODING|FBtr0089044|2|T),INTRON(MODIFIER||||963|pk|protein_coding|CODING|FBtr0089042|1|T),INTRON(MODIFIER||||1029|pk|protein_coding|CODING|FBtr0089043|1|T),INTRAGENIC(MODIFIER|||||pk-PA||NON_CODING|||T),INTRAGENIC(MODIFIER|||||pk-PB||NON_CODING|||T),INTRAGENIC(MODIFIER|||||pk-PC||NON_CODING|||T)"	"INTRAGENIC"	"pk-PA"	FALSE	"INTRAGENIC(MODIFIER|||||pk-PA||NON_CODING|||T)"
"2R_7202244"	"2R"	7202244	"C"	"T"	"EFF=INTRON(MODIFIER||||1299|pk|protein_coding|CODING|FBtr0089044|2|T),INTRON(MODIFIER||||963|pk|protein_coding|CODING|FBtr0089042|1|T),INTRON(MODIFIER||||1029|pk|protein_coding|CODING|FBtr0089043|1|T),INTRAGENIC(MODIFIER|||||pk-PA||NON_CODING|||T),INTRAGENIC(MODIFIER|||||pk-PB||NON_CODING|||T),INTRAGENIC(MODIFIER|||||pk-PC||NON_CODING|||T)"	"INTRAGENIC"	"pk-PB"	FALSE	"INTRAGENIC(MODIFIER|||||pk-PB||NON_CODING|||T)"
"2R_7202244"	"2R"	7202244	"C"	"T"	"EFF=INTRON(MODIFIER||||1299|pk|protein_coding|CODING|FBtr0089044|2|T),INTRON(MODIFIER||||963|pk|protein_coding|CODING|FBtr0089042|1|T),INTRON(MODIFIER||||1029|pk|protein_coding|CODING|FBtr0089043|1|T),INTRAGENIC(MODIFIER|||||pk-PA||NON_CODING|||T),INTRAGENIC(MODIFIER|||||pk-PB||NON_CODING|||T),INTRAGENIC(MODIFIER|||||pk-PC||NON_CODING|||T)"	"INTRAGENIC"	"pk-PC"	FALSE	"INTRAGENIC(MODIFIER|||||pk-PC||NON_CODING|||T)"
"2R_7954848"	"2R"	7954848	"A"	"T"	"EFF=UPSTREAM(MODIFIER||371||437|CG14764|protein_coding|CODING|FBtr0339128||T),INTRON(MODIFIER||||437|CG14764|protein_coding|CODING|FBtr0088880|1|T),INTRON(MODIFIER||||100|CG14764|protein_coding|CODING|FBtr0305127|1|T)"	"UPSTREAM"	"CG14764"	FALSE	"UPSTREAM(MODIFIER||371||437|CG14764|protein_coding|CODING|FBtr0339128||T)"
"2R_7954848"	"2R"	7954848	"A"	"T"	"EFF=UPSTREAM(MODIFIER||371||437|CG14764|protein_coding|CODING|FBtr0339128||T),INTRON(MODIFIER||||437|CG14764|protein_coding|CODING|FBtr0088880|1|T),INTRON(MODIFIER||||100|CG14764|protein_coding|CODING|FBtr0305127|1|T)"	"INTRON"	"CG14764"	FALSE	"INTRON(MODIFIER||||437|CG14764|protein_coding|CODING|FBtr0088880|1|T)"
"2R_7954848"	"2R"	7954848	"A"	"T"	"EFF=UPSTREAM(MODIFIER||371||437|CG14764|protein_coding|CODING|FBtr0339128||T),INTRON(MODIFIER||||437|CG14764|protein_coding|CODING|FBtr0088880|1|T),INTRON(MODIFIER||||100|CG14764|protein_coding|CODING|FBtr0305127|1|T)"	"INTRON"	"CG14764"	FALSE	"INTRON(MODIFIER||||100|CG14764|protein_coding|CODING|FBtr0305127|1|T)"
"3L_12509851"	"3L"	12509851	"T"	"G"	"EFF=SYNONYMOUS_CODING(LOW||ccC/ccC|P1361|1858|sti|protein_coding|CODING|FBtr0332643|7|G|WARNING_REF_DOES_NOT_MATCH_GENOME),SYNONYMOUS_CODING(LOW||ccC/ccC|P1357|1854|sti|protein_coding|CODING|FBtr0075970|7|G|WARNING_REF_DOES_NOT_MATCH_GENOME),INTRAGENIC(MODIFIER|||||sti-PA||NON_CODING|||G),INTRAGENIC(MODIFIER|||||sti-PB||NON_CODING|||G)"	"SYNONYMOUS_CODING"	"sti"	TRUE	"SYNONYMOUS_CODING(LOW||ccC/ccC|P1361|1858|sti|protein_coding|CODING|FBtr0332643|7|G|WARNING_REF_DOES_NOT_MATCH_GENOME)"
"3L_12509851"	"3L"	12509851	"T"	"G"	"EFF=SYNONYMOUS_CODING(LOW||ccC/ccC|P1361|1858|sti|protein_coding|CODING|FBtr0332643|7|G|WARNING_REF_DOES_NOT_MATCH_GENOME),SYNONYMOUS_CODING(LOW||ccC/ccC|P1357|1854|sti|protein_coding|CODING|FBtr0075970|7|G|WARNING_REF_DOES_NOT_MATCH_GENOME),INTRAGENIC(MODIFIER|||||sti-PA||NON_CODING|||G),INTRAGENIC(MODIFIER|||||sti-PB||NON_CODING|||G)"	"SYNONYMOUS_CODING"	"sti"	TRUE	"SYNONYMOUS_CODING(LOW||ccC/ccC|P1357|1854|sti|protein_coding|CODING|FBtr0075970|7|G|WARNING_REF_DOES_NOT_MATCH_GENOME)"
"3L_12509851"	"3L"	12509851	"T"	"G"	"EFF=SYNONYMOUS_CODING(LOW||ccC/ccC|P1361|1858|sti|protein_coding|CODING|FBtr0332643|7|G|WARNING_REF_DOES_NOT_MATCH_GENOME),SYNONYMOUS_CODING(LOW||ccC/ccC|P1357|1854|sti|protein_coding|CODING|FBtr0075970|7|G|WARNING_REF_DOES_NOT_MATCH_GENOME),INTRAGENIC(MODIFIER|||||sti-PA||NON_CODING|||G),INTRAGENIC(MODIFIER|||||sti-PB||NON_CODING|||G)"	"INTRAGENIC"	"sti-PA"	FALSE	"INTRAGENIC(MODIFIER|||||sti-PA||NON_CODING|||G)"
"3L_12509851"	"3L"	12509851	"T"	"G"	"EFF=SYNONYMOUS_CODING(LOW||ccC/ccC|P1361|1858|sti|protein_coding|CODING|FBtr0332643|7|G|WARNING_REF_DOES_NOT_MATCH_GENOME),SYNONYMOUS_CODING(LOW||ccC/ccC|P1357|1854|sti|protein_coding|CODING|FBtr0075970|7|G|WARNING_REF_DOES_NOT_MATCH_GENOME),INTRAGENIC(MODIFIER|||||sti-PA||NON_CODING|||G),INTRAGENIC(MODIFIER|||||sti-PB||NON_CODING|||G)"	"INTRAGENIC"	"sti-PB"	FALSE	"INTRAGENIC(MODIFIER|||||sti-PB||NON_CODING|||G)"
"3L_1311540"	"3L"	1311540	"T"	"C"	"EFF=SYNONYMOUS_CODING(LOW||tcC/tcC|S1095|1150|Ctr9|protein_coding|CODING|FBtr0072668|7|C|WARNING_REF_DOES_NOT_MATCH_GENOME),SYNONYMOUS_CODING(LOW||tcC/tcC|S1095|1150|Ctr9|protein_coding|CODING|FBtr0072669|6|C|WARNING_REF_DOES_NOT_MATCH_GENOME),DOWNSTREAM(MODIFIER||179||307|sturkopf|protein_coding|CODING|FBtr0072727||C),DOWNSTREAM(MODIFIER||179||307|sturkopf|protein_coding|CODING|FBtr0072728||C),INTRAGENIC(MODIFIER|||||Ctr9-PB||NON_CODING|||C),INTRAGENIC(MODIFIER|||||Ctr9-PA||NON_CODING|||C)"	"SYNONYMOUS_CODING"	"Ctr9"	TRUE	"SYNONYMOUS_CODING(LOW||tcC/tcC|S1095|1150|Ctr9|protein_coding|CODING|FBtr0072668|7|C|WARNING_REF_DOES_NOT_MATCH_GENOME)"
"3L_1311540"	"3L"	1311540	"T"	"C"	"EFF=SYNONYMOUS_CODING(LOW||tcC/tcC|S1095|1150|Ctr9|protein_coding|CODING|FBtr0072668|7|C|WARNING_REF_DOES_NOT_MATCH_GENOME),SYNONYMOUS_CODING(LOW||tcC/tcC|S1095|1150|Ctr9|protein_coding|CODING|FBtr0072669|6|C|WARNING_REF_DOES_NOT_MATCH_GENOME),DOWNSTREAM(MODIFIER||179||307|sturkopf|protein_coding|CODING|FBtr0072727||C),DOWNSTREAM(MODIFIER||179||307|sturkopf|protein_coding|CODING|FBtr0072728||C),INTRAGENIC(MODIFIER|||||Ctr9-PB||NON_CODING|||C),INTRAGENIC(MODIFIER|||||Ctr9-PA||NON_CODING|||C)"	"SYNONYMOUS_CODING"	"Ctr9"	TRUE	"SYNONYMOUS_CODING(LOW||tcC/tcC|S1095|1150|Ctr9|protein_coding|CODING|FBtr0072669|6|C|WARNING_REF_DOES_NOT_MATCH_GENOME)"
"3L_1311540"	"3L"	1311540	"T"	"C"	"EFF=SYNONYMOUS_CODING(LOW||tcC/tcC|S1095|1150|Ctr9|protein_coding|CODING|FBtr0072668|7|C|WARNING_REF_DOES_NOT_MATCH_GENOME),SYNONYMOUS_CODING(LOW||tcC/tcC|S1095|1150|Ctr9|protein_coding|CODING|FBtr0072669|6|C|WARNING_REF_DOES_NOT_MATCH_GENOME),DOWNSTREAM(MODIFIER||179||307|sturkopf|protein_coding|CODING|FBtr0072727||C),DOWNSTREAM(MODIFIER||179||307|sturkopf|protein_coding|CODING|FBtr0072728||C),INTRAGENIC(MODIFIER|||||Ctr9-PB||NON_CODING|||C),INTRAGENIC(MODIFIER|||||Ctr9-PA||NON_CODING|||C)"	"DOWNSTREAM"	"sturkopf"	FALSE	"DOWNSTREAM(MODIFIER||179||307|sturkopf|protein_coding|CODING|FBtr0072727||C)"
"3L_1311540"	"3L"	1311540	"T"	"C"	"EFF=SYNONYMOUS_CODING(LOW||tcC/tcC|S1095|1150|Ctr9|protein_coding|CODING|FBtr0072668|7|C|WARNING_REF_DOES_NOT_MATCH_GENOME),SYNONYMOUS_CODING(LOW||tcC/tcC|S1095|1150|Ctr9|protein_coding|CODING|FBtr0072669|6|C|WARNING_REF_DOES_NOT_MATCH_GENOME),DOWNSTREAM(MODIFIER||179||307|sturkopf|protein_coding|CODING|FBtr0072727||C),DOWNSTREAM(MODIFIER||179||307|sturkopf|protein_coding|CODING|FBtr0072728||C),INTRAGENIC(MODIFIER|||||Ctr9-PB||NON_CODING|||C),INTRAGENIC(MODIFIER|||||Ctr9-PA||NON_CODING|||C)"	"DOWNSTREAM"	"sturkopf"	FALSE	"DOWNSTREAM(MODIFIER||179||307|sturkopf|protein_coding|CODING|FBtr0072728||C)"
"3L_1311540"	"3L"	1311540	"T"	"C"	"EFF=SYNONYMOUS_CODING(LOW||tcC/tcC|S1095|1150|Ctr9|protein_coding|CODING|FBtr0072668|7|C|WARNING_REF_DOES_NOT_MATCH_GENOME),SYNONYMOUS_CODING(LOW||tcC/tcC|S1095|1150|Ctr9|protein_coding|CODING|FBtr0072669|6|C|WARNING_REF_DOES_NOT_MATCH_GENOME),DOWNSTREAM(MODIFIER||179||307|sturkopf|protein_coding|CODING|FBtr0072727||C),DOWNSTREAM(MODIFIER||179||307|sturkopf|protein_coding|CODING|FBtr0072728||C),INTRAGENIC(MODIFIER|||||Ctr9-PB||NON_CODING|||C),INTRAGENIC(MODIFIER|||||Ctr9-PA||NON_CODING|||C)"	"INTRAGENIC"	"Ctr9-PB"	FALSE	"INTRAGENIC(MODIFIER|||||Ctr9-PB||NON_CODING|||C)"
"3L_1311540"	"3L"	1311540	"T"	"C"	"EFF=SYNONYMOUS_CODING(LOW||tcC/tcC|S1095|1150|Ctr9|protein_coding|CODING|FBtr0072668|7|C|WARNING_REF_DOES_NOT_MATCH_GENOME),SYNONYMOUS_CODING(LOW||tcC/tcC|S1095|1150|Ctr9|protein_coding|CODING|FBtr0072669|6|C|WARNING_REF_DOES_NOT_MATCH_GENOME),DOWNSTREAM(MODIFIER||179||307|sturkopf|protein_coding|CODING|FBtr0072727||C),DOWNSTREAM(MODIFIER||179||307|sturkopf|protein_coding|CODING|FBtr0072728||C),INTRAGENIC(MODIFIER|||||Ctr9-PB||NON_CODING|||C),INTRAGENIC(MODIFIER|||||Ctr9-PA||NON_CODING|||C)"	"INTRAGENIC"	"Ctr9-PA"	FALSE	"INTRAGENIC(MODIFIER|||||Ctr9-PA||NON_CODING|||C)"
"3L_1820086"	"3L"	1820086	"A"	"C"	"EFF=INTRON(MODIFIER||||293|GV1|protein_coding|CODING|FBtr0072784|2|C),INTRON(MODIFIER||||180|GV1|protein_coding|CODING|FBtr0072785|2|C),INTRAGENIC(MODIFIER|||||GV1-PB||NON_CODING|||C),INTRAGENIC(MODIFIER|||||GV1-PA||NON_CODING|||C)"	"INTRON"	"GV1"	FALSE	"INTRON(MODIFIER||||293|GV1|protein_coding|CODING|FBtr0072784|2|C)"
"3L_1820086"	"3L"	1820086	"A"	"C"	"EFF=INTRON(MODIFIER||||293|GV1|protein_coding|CODING|FBtr0072784|2|C),INTRON(MODIFIER||||180|GV1|protein_coding|CODING|FBtr0072785|2|C),INTRAGENIC(MODIFIER|||||GV1-PB||NON_CODING|||C),INTRAGENIC(MODIFIER|||||GV1-PA||NON_CODING|||C)"	"INTRON"	"GV1"	FALSE	"INTRON(MODIFIER||||180|GV1|protein_coding|CODING|FBtr0072785|2|C)"
"3L_1820086"	"3L"	1820086	"A"	"C"	"EFF=INTRON(MODIFIER||||293|GV1|protein_coding|CODING|FBtr0072784|2|C),INTRON(MODIFIER||||180|GV1|protein_coding|CODING|FBtr0072785|2|C),INTRAGENIC(MODIFIER|||||GV1-PB||NON_CODING|||C),INTRAGENIC(MODIFIER|||||GV1-PA||NON_CODING|||C)"	"INTRAGENIC"	"GV1-PB"	FALSE	"INTRAGENIC(MODIFIER|||||GV1-PB||NON_CODING|||C)"
"3L_1820086"	"3L"	1820086	"A"	"C"	"EFF=INTRON(MODIFIER||||293|GV1|protein_coding|CODING|FBtr0072784|2|C),INTRON(MODIFIER||||180|GV1|protein_coding|CODING|FBtr0072785|2|C),INTRAGENIC(MODIFIER|||||GV1-PB||NON_CODING|||C),INTRAGENIC(MODIFIER|||||GV1-PA||NON_CODING|||C)"	"INTRAGENIC"	"GV1-PA"	FALSE	"INTRAGENIC(MODIFIER|||||GV1-PA||NON_CODING|||C)"
"3L_18862904"	"3L"	18862904	"T"	"A"	"EFF=UPSTREAM(MODIFIER||743||285|CG6865|protein_coding|CODING|FBtr0308811||A),EXON(MODIFIER|||||asRNA:CR45912|lincRNA|NON_CODING|FBtr0346985|2|A),EXON(MODIFIER|||||asRNA:CR45912|lincRNA|NON_CODING|FBtr0346984|2|A),EXON(MODIFIER|||||asRNA:CR45912|lincRNA|NON_CODING|FBtr0346986|2|A),EXON(MODIFIER|||||asRNA:CR45912|lincRNA|NON_CODING|FBtr0479722|3|A)"	"UPSTREAM"	"CG6865"	FALSE	"UPSTREAM(MODIFIER||743||285|CG6865|protein_coding|CODING|FBtr0308811||A)"
"3L_18862904"	"3L"	18862904	"T"	"A"	"EFF=UPSTREAM(MODIFIER||743||285|CG6865|protein_coding|CODING|FBtr0308811||A),EXON(MODIFIER|||||asRNA:CR45912|lincRNA|NON_CODING|FBtr0346985|2|A),EXON(MODIFIER|||||asRNA:CR45912|lincRNA|NON_CODING|FBtr0346984|2|A),EXON(MODIFIER|||||asRNA:CR45912|lincRNA|NON_CODING|FBtr0346986|2|A),EXON(MODIFIER|||||asRNA:CR45912|lincRNA|NON_CODING|FBtr0479722|3|A)"	"EXON"	"asRNA:CR45912"	FALSE	"EXON(MODIFIER|||||asRNA:CR45912|lincRNA|NON_CODING|FBtr0346985|2|A)"
"3L_18862904"	"3L"	18862904	"T"	"A"	"EFF=UPSTREAM(MODIFIER||743||285|CG6865|protein_coding|CODING|FBtr0308811||A),EXON(MODIFIER|||||asRNA:CR45912|lincRNA|NON_CODING|FBtr0346985|2|A),EXON(MODIFIER|||||asRNA:CR45912|lincRNA|NON_CODING|FBtr0346984|2|A),EXON(MODIFIER|||||asRNA:CR45912|lincRNA|NON_CODING|FBtr0346986|2|A),EXON(MODIFIER|||||asRNA:CR45912|lincRNA|NON_CODING|FBtr0479722|3|A)"	"EXON"	"asRNA:CR45912"	FALSE	"EXON(MODIFIER|||||asRNA:CR45912|lincRNA|NON_CODING|FBtr0346984|2|A)"
"3L_18862904"	"3L"	18862904	"T"	"A"	"EFF=UPSTREAM(MODIFIER||743||285|CG6865|protein_coding|CODING|FBtr0308811||A),EXON(MODIFIER|||||asRNA:CR45912|lincRNA|NON_CODING|FBtr0346985|2|A),EXON(MODIFIER|||||asRNA:CR45912|lincRNA|NON_CODING|FBtr0346984|2|A),EXON(MODIFIER|||||asRNA:CR45912|lincRNA|NON_CODING|FBtr0346986|2|A),EXON(MODIFIER|||||asRNA:CR45912|lincRNA|NON_CODING|FBtr0479722|3|A)"	"EXON"	"asRNA:CR45912"	FALSE	"EXON(MODIFIER|||||asRNA:CR45912|lincRNA|NON_CODING|FBtr0346986|2|A)"
"3L_18862904"	"3L"	18862904	"T"	"A"	"EFF=UPSTREAM(MODIFIER||743||285|CG6865|protein_coding|CODING|FBtr0308811||A),EXON(MODIFIER|||||asRNA:CR45912|lincRNA|NON_CODING|FBtr0346985|2|A),EXON(MODIFIER|||||asRNA:CR45912|lincRNA|NON_CODING|FBtr0346984|2|A),EXON(MODIFIER|||||asRNA:CR45912|lincRNA|NON_CODING|FBtr0346986|2|A),EXON(MODIFIER|||||asRNA:CR45912|lincRNA|NON_CODING|FBtr0479722|3|A)"	"EXON"	"asRNA:CR45912"	FALSE	"EXON(MODIFIER|||||asRNA:CR45912|lincRNA|NON_CODING|FBtr0479722|3|A)"
"3L_1888560"	"3L"	1888560	"G"	"A"	"EFF=UPSTREAM(MODIFIER||930||265|Tmhs|protein_coding|CODING|FBtr0072837||A),INTRON(MODIFIER||||265|Tmhs|protein_coding|CODING|FBtr0072836|1|A)"	"UPSTREAM"	"Tmhs"	FALSE	"UPSTREAM(MODIFIER||930||265|Tmhs|protein_coding|CODING|FBtr0072837||A)"
"3L_1888560"	"3L"	1888560	"G"	"A"	"EFF=UPSTREAM(MODIFIER||930||265|Tmhs|protein_coding|CODING|FBtr0072837||A),INTRON(MODIFIER||||265|Tmhs|protein_coding|CODING|FBtr0072836|1|A)"	"INTRON"	"Tmhs"	FALSE	"INTRON(MODIFIER||||265|Tmhs|protein_coding|CODING|FBtr0072836|1|A)"
"3L_2125773"	"3L"	2125773	"A"	"G"	"EFF=SYNONYMOUS_CODING(LOW|SILENT|Ttg/Ctg|L3221|3664|zormin|protein_coding|CODING|FBtr0332119|16|G),SYNONYMOUS_CODING(LOW|SILENT|Ttg/Ctg|L2660|2960|zormin|protein_coding|CODING|FBtr0332120|15|G),SYNONYMOUS_CODING(LOW|SILENT|Ttg/Ctg|L3237|3536|zormin|protein_coding|CODING|FBtr0332114|17|G),SYNONYMOUS_CODING(LOW|SILENT|Ttg/Ctg|L2636|2935|zormin|protein_coding|CODING|FBtr0332115|14|G),SYNONYMOUS_CODING(LOW|SILENT|Ttg/Ctg|L2636|3079|zormin|protein_coding|CODING|FBtr0332116|14|G),SYNONYMOUS_CODING(LOW|SILENT|Ttg/Ctg|L3197|3640|zormin|protein_coding|CODING|FBtr0332118|15|G),INTRAGENIC(MODIFIER|||||zormin-PK||NON_CODING|||G),INTRAGENIC(MODIFIER|||||zormin-PE||NON_CODING|||G),INTRAGENIC(MODIFIER|||||zormin-PF||NON_CODING|||G),INTRAGENIC(MODIFIER|||||zormin-PG||NON_CODING|||G),INTRAGENIC(MODIFIER|||||zormin-PI||NON_CODING|||G),INTRAGENIC(MODIFIER|||||zormin-PJ||NON_CODING|||G)"	"SYNONYMOUS_CODING"	"zormin"	FALSE	"SYNONYMOUS_CODING(LOW|SILENT|Ttg/Ctg|L3221|3664|zormin|protein_coding|CODING|FBtr0332119|16|G)"
"3L_2125773"	"3L"	2125773	"A"	"G"	"EFF=SYNONYMOUS_CODING(LOW|SILENT|Ttg/Ctg|L3221|3664|zormin|protein_coding|CODING|FBtr0332119|16|G),SYNONYMOUS_CODING(LOW|SILENT|Ttg/Ctg|L2660|2960|zormin|protein_coding|CODING|FBtr0332120|15|G),SYNONYMOUS_CODING(LOW|SILENT|Ttg/Ctg|L3237|3536|zormin|protein_coding|CODING|FBtr0332114|17|G),SYNONYMOUS_CODING(LOW|SILENT|Ttg/Ctg|L2636|2935|zormin|protein_coding|CODING|FBtr0332115|14|G),SYNONYMOUS_CODING(LOW|SILENT|Ttg/Ctg|L2636|3079|zormin|protein_coding|CODING|FBtr0332116|14|G),SYNONYMOUS_CODING(LOW|SILENT|Ttg/Ctg|L3197|3640|zormin|protein_coding|CODING|FBtr0332118|15|G),INTRAGENIC(MODIFIER|||||zormin-PK||NON_CODING|||G),INTRAGENIC(MODIFIER|||||zormin-PE||NON_CODING|||G),INTRAGENIC(MODIFIER|||||zormin-PF||NON_CODING|||G),INTRAGENIC(MODIFIER|||||zormin-PG||NON_CODING|||G),INTRAGENIC(MODIFIER|||||zormin-PI||NON_CODING|||G),INTRAGENIC(MODIFIER|||||zormin-PJ||NON_CODING|||G)"	"SYNONYMOUS_CODING"	"zormin"	FALSE	"SYNONYMOUS_CODING(LOW|SILENT|Ttg/Ctg|L2660|2960|zormin|protein_coding|CODING|FBtr0332120|15|G)"
"3L_2125773"	"3L"	2125773	"A"	"G"	"EFF=SYNONYMOUS_CODING(LOW|SILENT|Ttg/Ctg|L3221|3664|zormin|protein_coding|CODING|FBtr0332119|16|G),SYNONYMOUS_CODING(LOW|SILENT|Ttg/Ctg|L2660|2960|zormin|protein_coding|CODING|FBtr0332120|15|G),SYNONYMOUS_CODING(LOW|SILENT|Ttg/Ctg|L3237|3536|zormin|protein_coding|CODING|FBtr0332114|17|G),SYNONYMOUS_CODING(LOW|SILENT|Ttg/Ctg|L2636|2935|zormin|protein_coding|CODING|FBtr0332115|14|G),SYNONYMOUS_CODING(LOW|SILENT|Ttg/Ctg|L2636|3079|zormin|protein_coding|CODING|FBtr0332116|14|G),SYNONYMOUS_CODING(LOW|SILENT|Ttg/Ctg|L3197|3640|zormin|protein_coding|CODING|FBtr0332118|15|G),INTRAGENIC(MODIFIER|||||zormin-PK||NON_CODING|||G),INTRAGENIC(MODIFIER|||||zormin-PE||NON_CODING|||G),INTRAGENIC(MODIFIER|||||zormin-PF||NON_CODING|||G),INTRAGENIC(MODIFIER|||||zormin-PG||NON_CODING|||G),INTRAGENIC(MODIFIER|||||zormin-PI||NON_CODING|||G),INTRAGENIC(MODIFIER|||||zormin-PJ||NON_CODING|||G)"	"SYNONYMOUS_CODING"	"zormin"	FALSE	"SYNONYMOUS_CODING(LOW|SILENT|Ttg/Ctg|L3237|3536|zormin|protein_coding|CODING|FBtr0332114|17|G)"
"3L_2125773"	"3L"	2125773	"A"	"G"	"EFF=SYNONYMOUS_CODING(LOW|SILENT|Ttg/Ctg|L3221|3664|zormin|protein_coding|CODING|FBtr0332119|16|G),SYNONYMOUS_CODING(LOW|SILENT|Ttg/Ctg|L2660|2960|zormin|protein_coding|CODING|FBtr0332120|15|G),SYNONYMOUS_CODING(LOW|SILENT|Ttg/Ctg|L3237|3536|zormin|protein_coding|CODING|FBtr0332114|17|G),SYNONYMOUS_CODING(LOW|SILENT|Ttg/Ctg|L2636|2935|zormin|protein_coding|CODING|FBtr0332115|14|G),SYNONYMOUS_CODING(LOW|SILENT|Ttg/Ctg|L2636|3079|zormin|protein_coding|CODING|FBtr0332116|14|G),SYNONYMOUS_CODING(LOW|SILENT|Ttg/Ctg|L3197|3640|zormin|protein_coding|CODING|FBtr0332118|15|G),INTRAGENIC(MODIFIER|||||zormin-PK||NON_CODING|||G),INTRAGENIC(MODIFIER|||||zormin-PE||NON_CODING|||G),INTRAGENIC(MODIFIER|||||zormin-PF||NON_CODING|||G),INTRAGENIC(MODIFIER|||||zormin-PG||NON_CODING|||G),INTRAGENIC(MODIFIER|||||zormin-PI||NON_CODING|||G),INTRAGENIC(MODIFIER|||||zormin-PJ||NON_CODING|||G)"	"SYNONYMOUS_CODING"	"zormin"	FALSE	"SYNONYMOUS_CODING(LOW|SILENT|Ttg/Ctg|L2636|2935|zormin|protein_coding|CODING|FBtr0332115|14|G)"
"3L_2125773"	"3L"	2125773	"A"	"G"	"EFF=SYNONYMOUS_CODING(LOW|SILENT|Ttg/Ctg|L3221|3664|zormin|protein_coding|CODING|FBtr0332119|16|G),SYNONYMOUS_CODING(LOW|SILENT|Ttg/Ctg|L2660|2960|zormin|protein_coding|CODING|FBtr0332120|15|G),SYNONYMOUS_CODING(LOW|SILENT|Ttg/Ctg|L3237|3536|zormin|protein_coding|CODING|FBtr0332114|17|G),SYNONYMOUS_CODING(LOW|SILENT|Ttg/Ctg|L2636|2935|zormin|protein_coding|CODING|FBtr0332115|14|G),SYNONYMOUS_CODING(LOW|SILENT|Ttg/Ctg|L2636|3079|zormin|protein_coding|CODING|FBtr0332116|14|G),SYNONYMOUS_CODING(LOW|SILENT|Ttg/Ctg|L3197|3640|zormin|protein_coding|CODING|FBtr0332118|15|G),INTRAGENIC(MODIFIER|||||zormin-PK||NON_CODING|||G),INTRAGENIC(MODIFIER|||||zormin-PE||NON_CODING|||G),INTRAGENIC(MODIFIER|||||zormin-PF||NON_CODING|||G),INTRAGENIC(MODIFIER|||||zormin-PG||NON_CODING|||G),INTRAGENIC(MODIFIER|||||zormin-PI||NON_CODING|||G),INTRAGENIC(MODIFIER|||||zormin-PJ||NON_CODING|||G)"	"SYNONYMOUS_CODING"	"zormin"	FALSE	"SYNONYMOUS_CODING(LOW|SILENT|Ttg/Ctg|L2636|3079|zormin|protein_coding|CODING|FBtr0332116|14|G)"
"3L_2125773"	"3L"	2125773	"A"	"G"	"EFF=SYNONYMOUS_CODING(LOW|SILENT|Ttg/Ctg|L3221|3664|zormin|protein_coding|CODING|FBtr0332119|16|G),SYNONYMOUS_CODING(LOW|SILENT|Ttg/Ctg|L2660|2960|zormin|protein_coding|CODING|FBtr0332120|15|G),SYNONYMOUS_CODING(LOW|SILENT|Ttg/Ctg|L3237|3536|zormin|protein_coding|CODING|FBtr0332114|17|G),SYNONYMOUS_CODING(LOW|SILENT|Ttg/Ctg|L2636|2935|zormin|protein_coding|CODING|FBtr0332115|14|G),SYNONYMOUS_CODING(LOW|SILENT|Ttg/Ctg|L2636|3079|zormin|protein_coding|CODING|FBtr0332116|14|G),SYNONYMOUS_CODING(LOW|SILENT|Ttg/Ctg|L3197|3640|zormin|protein_coding|CODING|FBtr0332118|15|G),INTRAGENIC(MODIFIER|||||zormin-PK||NON_CODING|||G),INTRAGENIC(MODIFIER|||||zormin-PE||NON_CODING|||G),INTRAGENIC(MODIFIER|||||zormin-PF||NON_CODING|||G),INTRAGENIC(MODIFIER|||||zormin-PG||NON_CODING|||G),INTRAGENIC(MODIFIER|||||zormin-PI||NON_CODING|||G),INTRAGENIC(MODIFIER|||||zormin-PJ||NON_CODING|||G)"	"SYNONYMOUS_CODING"	"zormin"	FALSE	"SYNONYMOUS_CODING(LOW|SILENT|Ttg/Ctg|L3197|3640|zormin|protein_coding|CODING|FBtr0332118|15|G)"
"3L_2125773"	"3L"	2125773	"A"	"G"	"EFF=SYNONYMOUS_CODING(LOW|SILENT|Ttg/Ctg|L3221|3664|zormin|protein_coding|CODING|FBtr0332119|16|G),SYNONYMOUS_CODING(LOW|SILENT|Ttg/Ctg|L2660|2960|zormin|protein_coding|CODING|FBtr0332120|15|G),SYNONYMOUS_CODING(LOW|SILENT|Ttg/Ctg|L3237|3536|zormin|protein_coding|CODING|FBtr0332114|17|G),SYNONYMOUS_CODING(LOW|SILENT|Ttg/Ctg|L2636|2935|zormin|protein_coding|CODING|FBtr0332115|14|G),SYNONYMOUS_CODING(LOW|SILENT|Ttg/Ctg|L2636|3079|zormin|protein_coding|CODING|FBtr0332116|14|G),SYNONYMOUS_CODING(LOW|SILENT|Ttg/Ctg|L3197|3640|zormin|protein_coding|CODING|FBtr0332118|15|G),INTRAGENIC(MODIFIER|||||zormin-PK||NON_CODING|||G),INTRAGENIC(MODIFIER|||||zormin-PE||NON_CODING|||G),INTRAGENIC(MODIFIER|||||zormin-PF||NON_CODING|||G),INTRAGENIC(MODIFIER|||||zormin-PG||NON_CODING|||G),INTRAGENIC(MODIFIER|||||zormin-PI||NON_CODING|||G),INTRAGENIC(MODIFIER|||||zormin-PJ||NON_CODING|||G)"	"INTRAGENIC"	"zormin-PK"	FALSE	"INTRAGENIC(MODIFIER|||||zormin-PK||NON_CODING|||G)"
"3L_2125773"	"3L"	2125773	"A"	"G"	"EFF=SYNONYMOUS_CODING(LOW|SILENT|Ttg/Ctg|L3221|3664|zormin|protein_coding|CODING|FBtr0332119|16|G),SYNONYMOUS_CODING(LOW|SILENT|Ttg/Ctg|L2660|2960|zormin|protein_coding|CODING|FBtr0332120|15|G),SYNONYMOUS_CODING(LOW|SILENT|Ttg/Ctg|L3237|3536|zormin|protein_coding|CODING|FBtr0332114|17|G),SYNONYMOUS_CODING(LOW|SILENT|Ttg/Ctg|L2636|2935|zormin|protein_coding|CODING|FBtr0332115|14|G),SYNONYMOUS_CODING(LOW|SILENT|Ttg/Ctg|L2636|3079|zormin|protein_coding|CODING|FBtr0332116|14|G),SYNONYMOUS_CODING(LOW|SILENT|Ttg/Ctg|L3197|3640|zormin|protein_coding|CODING|FBtr0332118|15|G),INTRAGENIC(MODIFIER|||||zormin-PK||NON_CODING|||G),INTRAGENIC(MODIFIER|||||zormin-PE||NON_CODING|||G),INTRAGENIC(MODIFIER|||||zormin-PF||NON_CODING|||G),INTRAGENIC(MODIFIER|||||zormin-PG||NON_CODING|||G),INTRAGENIC(MODIFIER|||||zormin-PI||NON_CODING|||G),INTRAGENIC(MODIFIER|||||zormin-PJ||NON_CODING|||G)"	"INTRAGENIC"	"zormin-PE"	FALSE	"INTRAGENIC(MODIFIER|||||zormin-PE||NON_CODING|||G)"
"3L_2125773"	"3L"	2125773	"A"	"G"	"EFF=SYNONYMOUS_CODING(LOW|SILENT|Ttg/Ctg|L3221|3664|zormin|protein_coding|CODING|FBtr0332119|16|G),SYNONYMOUS_CODING(LOW|SILENT|Ttg/Ctg|L2660|2960|zormin|protein_coding|CODING|FBtr0332120|15|G),SYNONYMOUS_CODING(LOW|SILENT|Ttg/Ctg|L3237|3536|zormin|protein_coding|CODING|FBtr0332114|17|G),SYNONYMOUS_CODING(LOW|SILENT|Ttg/Ctg|L2636|2935|zormin|protein_coding|CODING|FBtr0332115|14|G),SYNONYMOUS_CODING(LOW|SILENT|Ttg/Ctg|L2636|3079|zormin|protein_coding|CODING|FBtr0332116|14|G),SYNONYMOUS_CODING(LOW|SILENT|Ttg/Ctg|L3197|3640|zormin|protein_coding|CODING|FBtr0332118|15|G),INTRAGENIC(MODIFIER|||||zormin-PK||NON_CODING|||G),INTRAGENIC(MODIFIER|||||zormin-PE||NON_CODING|||G),INTRAGENIC(MODIFIER|||||zormin-PF||NON_CODING|||G),INTRAGENIC(MODIFIER|||||zormin-PG||NON_CODING|||G),INTRAGENIC(MODIFIER|||||zormin-PI||NON_CODING|||G),INTRAGENIC(MODIFIER|||||zormin-PJ||NON_CODING|||G)"	"INTRAGENIC"	"zormin-PF"	FALSE	"INTRAGENIC(MODIFIER|||||zormin-PF||NON_CODING|||G)"
"3L_2125773"	"3L"	2125773	"A"	"G"	"EFF=SYNONYMOUS_CODING(LOW|SILENT|Ttg/Ctg|L3221|3664|zormin|protein_coding|CODING|FBtr0332119|16|G),SYNONYMOUS_CODING(LOW|SILENT|Ttg/Ctg|L2660|2960|zormin|protein_coding|CODING|FBtr0332120|15|G),SYNONYMOUS_CODING(LOW|SILENT|Ttg/Ctg|L3237|3536|zormin|protein_coding|CODING|FBtr0332114|17|G),SYNONYMOUS_CODING(LOW|SILENT|Ttg/Ctg|L2636|2935|zormin|protein_coding|CODING|FBtr0332115|14|G),SYNONYMOUS_CODING(LOW|SILENT|Ttg/Ctg|L2636|3079|zormin|protein_coding|CODING|FBtr0332116|14|G),SYNONYMOUS_CODING(LOW|SILENT|Ttg/Ctg|L3197|3640|zormin|protein_coding|CODING|FBtr0332118|15|G),INTRAGENIC(MODIFIER|||||zormin-PK||NON_CODING|||G),INTRAGENIC(MODIFIER|||||zormin-PE||NON_CODING|||G),INTRAGENIC(MODIFIER|||||zormin-PF||NON_CODING|||G),INTRAGENIC(MODIFIER|||||zormin-PG||NON_CODING|||G),INTRAGENIC(MODIFIER|||||zormin-PI||NON_CODING|||G),INTRAGENIC(MODIFIER|||||zormin-PJ||NON_CODING|||G)"	"INTRAGENIC"	"zormin-PG"	FALSE	"INTRAGENIC(MODIFIER|||||zormin-PG||NON_CODING|||G)"
"3L_2125773"	"3L"	2125773	"A"	"G"	"EFF=SYNONYMOUS_CODING(LOW|SILENT|Ttg/Ctg|L3221|3664|zormin|protein_coding|CODING|FBtr0332119|16|G),SYNONYMOUS_CODING(LOW|SILENT|Ttg/Ctg|L2660|2960|zormin|protein_coding|CODING|FBtr0332120|15|G),SYNONYMOUS_CODING(LOW|SILENT|Ttg/Ctg|L3237|3536|zormin|protein_coding|CODING|FBtr0332114|17|G),SYNONYMOUS_CODING(LOW|SILENT|Ttg/Ctg|L2636|2935|zormin|protein_coding|CODING|FBtr0332115|14|G),SYNONYMOUS_CODING(LOW|SILENT|Ttg/Ctg|L2636|3079|zormin|protein_coding|CODING|FBtr0332116|14|G),SYNONYMOUS_CODING(LOW|SILENT|Ttg/Ctg|L3197|3640|zormin|protein_coding|CODING|FBtr0332118|15|G),INTRAGENIC(MODIFIER|||||zormin-PK||NON_CODING|||G),INTRAGENIC(MODIFIER|||||zormin-PE||NON_CODING|||G),INTRAGENIC(MODIFIER|||||zormin-PF||NON_CODING|||G),INTRAGENIC(MODIFIER|||||zormin-PG||NON_CODING|||G),INTRAGENIC(MODIFIER|||||zormin-PI||NON_CODING|||G),INTRAGENIC(MODIFIER|||||zormin-PJ||NON_CODING|||G)"	"INTRAGENIC"	"zormin-PI"	FALSE	"INTRAGENIC(MODIFIER|||||zormin-PI||NON_CODING|||G)"
"3L_2125773"	"3L"	2125773	"A"	"G"	"EFF=SYNONYMOUS_CODING(LOW|SILENT|Ttg/Ctg|L3221|3664|zormin|protein_coding|CODING|FBtr0332119|16|G),SYNONYMOUS_CODING(LOW|SILENT|Ttg/Ctg|L2660|2960|zormin|protein_coding|CODING|FBtr0332120|15|G),SYNONYMOUS_CODING(LOW|SILENT|Ttg/Ctg|L3237|3536|zormin|protein_coding|CODING|FBtr0332114|17|G),SYNONYMOUS_CODING(LOW|SILENT|Ttg/Ctg|L2636|2935|zormin|protein_coding|CODING|FBtr0332115|14|G),SYNONYMOUS_CODING(LOW|SILENT|Ttg/Ctg|L2636|3079|zormin|protein_coding|CODING|FBtr0332116|14|G),SYNONYMOUS_CODING(LOW|SILENT|Ttg/Ctg|L3197|3640|zormin|protein_coding|CODING|FBtr0332118|15|G),INTRAGENIC(MODIFIER|||||zormin-PK||NON_CODING|||G),INTRAGENIC(MODIFIER|||||zormin-PE||NON_CODING|||G),INTRAGENIC(MODIFIER|||||zormin-PF||NON_CODING|||G),INTRAGENIC(MODIFIER|||||zormin-PG||NON_CODING|||G),INTRAGENIC(MODIFIER|||||zormin-PI||NON_CODING|||G),INTRAGENIC(MODIFIER|||||zormin-PJ||NON_CODING|||G)"	"INTRAGENIC"	"zormin-PJ"	FALSE	"INTRAGENIC(MODIFIER|||||zormin-PJ||NON_CODING|||G)"
"3L_2547295"	"3L"	2547295	"C"	"CCA"	"EFF=INTRON(MODIFIER||||2148|Spn|protein_coding|CODING|FBtr0304621|1|CCA),INTRON(MODIFIER||||2134|Spn|protein_coding|CODING|FBtr0304614|1|CCA),INTRON(MODIFIER||||2116|Spn|protein_coding|CODING|FBtr0304620|1|CCA),INTRON(MODIFIER||||2134|Spn|protein_coding|CODING|FBtr0304613|1|CCA),INTRON(MODIFIER||||2137|Spn|protein_coding|CODING|FBtr0304615|1|CCA),INTRON(MODIFIER||||1817|Spn|protein_coding|CODING|FBtr0304616|1|CCA),INTRON(MODIFIER||||1684|Spn|protein_coding|CODING|FBtr0304617|1|CCA),INTRON(MODIFIER||||2121|Spn|protein_coding|CODING|FBtr0304618|1|CCA),INTRON(MODIFIER||||2119|Spn|protein_coding|CODING|FBtr0345046|1|CCA),INTRON(MODIFIER||||1831|Spn|protein_coding|CODING|FBtr0345047|1|CCA)"	"INTRON"	"Spn"	FALSE	"INTRON(MODIFIER||||2148|Spn|protein_coding|CODING|FBtr0304621|1|CCA)"
"3L_2547295"	"3L"	2547295	"C"	"CCA"	"EFF=INTRON(MODIFIER||||2148|Spn|protein_coding|CODING|FBtr0304621|1|CCA),INTRON(MODIFIER||||2134|Spn|protein_coding|CODING|FBtr0304614|1|CCA),INTRON(MODIFIER||||2116|Spn|protein_coding|CODING|FBtr0304620|1|CCA),INTRON(MODIFIER||||2134|Spn|protein_coding|CODING|FBtr0304613|1|CCA),INTRON(MODIFIER||||2137|Spn|protein_coding|CODING|FBtr0304615|1|CCA),INTRON(MODIFIER||||1817|Spn|protein_coding|CODING|FBtr0304616|1|CCA),INTRON(MODIFIER||||1684|Spn|protein_coding|CODING|FBtr0304617|1|CCA),INTRON(MODIFIER||||2121|Spn|protein_coding|CODING|FBtr0304618|1|CCA),INTRON(MODIFIER||||2119|Spn|protein_coding|CODING|FBtr0345046|1|CCA),INTRON(MODIFIER||||1831|Spn|protein_coding|CODING|FBtr0345047|1|CCA)"	"INTRON"	"Spn"	FALSE	"INTRON(MODIFIER||||2134|Spn|protein_coding|CODING|FBtr0304614|1|CCA)"
"3L_2547295"	"3L"	2547295	"C"	"CCA"	"EFF=INTRON(MODIFIER||||2148|Spn|protein_coding|CODING|FBtr0304621|1|CCA),INTRON(MODIFIER||||2134|Spn|protein_coding|CODING|FBtr0304614|1|CCA),INTRON(MODIFIER||||2116|Spn|protein_coding|CODING|FBtr0304620|1|CCA),INTRON(MODIFIER||||2134|Spn|protein_coding|CODING|FBtr0304613|1|CCA),INTRON(MODIFIER||||2137|Spn|protein_coding|CODING|FBtr0304615|1|CCA),INTRON(MODIFIER||||1817|Spn|protein_coding|CODING|FBtr0304616|1|CCA),INTRON(MODIFIER||||1684|Spn|protein_coding|CODING|FBtr0304617|1|CCA),INTRON(MODIFIER||||2121|Spn|protein_coding|CODING|FBtr0304618|1|CCA),INTRON(MODIFIER||||2119|Spn|protein_coding|CODING|FBtr0345046|1|CCA),INTRON(MODIFIER||||1831|Spn|protein_coding|CODING|FBtr0345047|1|CCA)"	"INTRON"	"Spn"	FALSE	"INTRON(MODIFIER||||2116|Spn|protein_coding|CODING|FBtr0304620|1|CCA)"
"3L_2547295"	"3L"	2547295	"C"	"CCA"	"EFF=INTRON(MODIFIER||||2148|Spn|protein_coding|CODING|FBtr0304621|1|CCA),INTRON(MODIFIER||||2134|Spn|protein_coding|CODING|FBtr0304614|1|CCA),INTRON(MODIFIER||||2116|Spn|protein_coding|CODING|FBtr0304620|1|CCA),INTRON(MODIFIER||||2134|Spn|protein_coding|CODING|FBtr0304613|1|CCA),INTRON(MODIFIER||||2137|Spn|protein_coding|CODING|FBtr0304615|1|CCA),INTRON(MODIFIER||||1817|Spn|protein_coding|CODING|FBtr0304616|1|CCA),INTRON(MODIFIER||||1684|Spn|protein_coding|CODING|FBtr0304617|1|CCA),INTRON(MODIFIER||||2121|Spn|protein_coding|CODING|FBtr0304618|1|CCA),INTRON(MODIFIER||||2119|Spn|protein_coding|CODING|FBtr0345046|1|CCA),INTRON(MODIFIER||||1831|Spn|protein_coding|CODING|FBtr0345047|1|CCA)"	"INTRON"	"Spn"	FALSE	"INTRON(MODIFIER||||2134|Spn|protein_coding|CODING|FBtr0304613|1|CCA)"
"3L_2547295"	"3L"	2547295	"C"	"CCA"	"EFF=INTRON(MODIFIER||||2148|Spn|protein_coding|CODING|FBtr0304621|1|CCA),INTRON(MODIFIER||||2134|Spn|protein_coding|CODING|FBtr0304614|1|CCA),INTRON(MODIFIER||||2116|Spn|protein_coding|CODING|FBtr0304620|1|CCA),INTRON(MODIFIER||||2134|Spn|protein_coding|CODING|FBtr0304613|1|CCA),INTRON(MODIFIER||||2137|Spn|protein_coding|CODING|FBtr0304615|1|CCA),INTRON(MODIFIER||||1817|Spn|protein_coding|CODING|FBtr0304616|1|CCA),INTRON(MODIFIER||||1684|Spn|protein_coding|CODING|FBtr0304617|1|CCA),INTRON(MODIFIER||||2121|Spn|protein_coding|CODING|FBtr0304618|1|CCA),INTRON(MODIFIER||||2119|Spn|protein_coding|CODING|FBtr0345046|1|CCA),INTRON(MODIFIER||||1831|Spn|protein_coding|CODING|FBtr0345047|1|CCA)"	"INTRON"	"Spn"	FALSE	"INTRON(MODIFIER||||2137|Spn|protein_coding|CODING|FBtr0304615|1|CCA)"
"3L_2547295"	"3L"	2547295	"C"	"CCA"	"EFF=INTRON(MODIFIER||||2148|Spn|protein_coding|CODING|FBtr0304621|1|CCA),INTRON(MODIFIER||||2134|Spn|protein_coding|CODING|FBtr0304614|1|CCA),INTRON(MODIFIER||||2116|Spn|protein_coding|CODING|FBtr0304620|1|CCA),INTRON(MODIFIER||||2134|Spn|protein_coding|CODING|FBtr0304613|1|CCA),INTRON(MODIFIER||||2137|Spn|protein_coding|CODING|FBtr0304615|1|CCA),INTRON(MODIFIER||||1817|Spn|protein_coding|CODING|FBtr0304616|1|CCA),INTRON(MODIFIER||||1684|Spn|protein_coding|CODING|FBtr0304617|1|CCA),INTRON(MODIFIER||||2121|Spn|protein_coding|CODING|FBtr0304618|1|CCA),INTRON(MODIFIER||||2119|Spn|protein_coding|CODING|FBtr0345046|1|CCA),INTRON(MODIFIER||||1831|Spn|protein_coding|CODING|FBtr0345047|1|CCA)"	"INTRON"	"Spn"	FALSE	"INTRON(MODIFIER||||1817|Spn|protein_coding|CODING|FBtr0304616|1|CCA)"
"3L_2547295"	"3L"	2547295	"C"	"CCA"	"EFF=INTRON(MODIFIER||||2148|Spn|protein_coding|CODING|FBtr0304621|1|CCA),INTRON(MODIFIER||||2134|Spn|protein_coding|CODING|FBtr0304614|1|CCA),INTRON(MODIFIER||||2116|Spn|protein_coding|CODING|FBtr0304620|1|CCA),INTRON(MODIFIER||||2134|Spn|protein_coding|CODING|FBtr0304613|1|CCA),INTRON(MODIFIER||||2137|Spn|protein_coding|CODING|FBtr0304615|1|CCA),INTRON(MODIFIER||||1817|Spn|protein_coding|CODING|FBtr0304616|1|CCA),INTRON(MODIFIER||||1684|Spn|protein_coding|CODING|FBtr0304617|1|CCA),INTRON(MODIFIER||||2121|Spn|protein_coding|CODING|FBtr0304618|1|CCA),INTRON(MODIFIER||||2119|Spn|protein_coding|CODING|FBtr0345046|1|CCA),INTRON(MODIFIER||||1831|Spn|protein_coding|CODING|FBtr0345047|1|CCA)"	"INTRON"	"Spn"	FALSE	"INTRON(MODIFIER||||1684|Spn|protein_coding|CODING|FBtr0304617|1|CCA)"
"3L_2547295"	"3L"	2547295	"C"	"CCA"	"EFF=INTRON(MODIFIER||||2148|Spn|protein_coding|CODING|FBtr0304621|1|CCA),INTRON(MODIFIER||||2134|Spn|protein_coding|CODING|FBtr0304614|1|CCA),INTRON(MODIFIER||||2116|Spn|protein_coding|CODING|FBtr0304620|1|CCA),INTRON(MODIFIER||||2134|Spn|protein_coding|CODING|FBtr0304613|1|CCA),INTRON(MODIFIER||||2137|Spn|protein_coding|CODING|FBtr0304615|1|CCA),INTRON(MODIFIER||||1817|Spn|protein_coding|CODING|FBtr0304616|1|CCA),INTRON(MODIFIER||||1684|Spn|protein_coding|CODING|FBtr0304617|1|CCA),INTRON(MODIFIER||||2121|Spn|protein_coding|CODING|FBtr0304618|1|CCA),INTRON(MODIFIER||||2119|Spn|protein_coding|CODING|FBtr0345046|1|CCA),INTRON(MODIFIER||||1831|Spn|protein_coding|CODING|FBtr0345047|1|CCA)"	"INTRON"	"Spn"	FALSE	"INTRON(MODIFIER||||2121|Spn|protein_coding|CODING|FBtr0304618|1|CCA)"
"3L_2547295"	"3L"	2547295	"C"	"CCA"	"EFF=INTRON(MODIFIER||||2148|Spn|protein_coding|CODING|FBtr0304621|1|CCA),INTRON(MODIFIER||||2134|Spn|protein_coding|CODING|FBtr0304614|1|CCA),INTRON(MODIFIER||||2116|Spn|protein_coding|CODING|FBtr0304620|1|CCA),INTRON(MODIFIER||||2134|Spn|protein_coding|CODING|FBtr0304613|1|CCA),INTRON(MODIFIER||||2137|Spn|protein_coding|CODING|FBtr0304615|1|CCA),INTRON(MODIFIER||||1817|Spn|protein_coding|CODING|FBtr0304616|1|CCA),INTRON(MODIFIER||||1684|Spn|protein_coding|CODING|FBtr0304617|1|CCA),INTRON(MODIFIER||||2121|Spn|protein_coding|CODING|FBtr0304618|1|CCA),INTRON(MODIFIER||||2119|Spn|protein_coding|CODING|FBtr0345046|1|CCA),INTRON(MODIFIER||||1831|Spn|protein_coding|CODING|FBtr0345047|1|CCA)"	"INTRON"	"Spn"	FALSE	"INTRON(MODIFIER||||2119|Spn|protein_coding|CODING|FBtr0345046|1|CCA)"
"3L_2547295"	"3L"	2547295	"C"	"CCA"	"EFF=INTRON(MODIFIER||||2148|Spn|protein_coding|CODING|FBtr0304621|1|CCA),INTRON(MODIFIER||||2134|Spn|protein_coding|CODING|FBtr0304614|1|CCA),INTRON(MODIFIER||||2116|Spn|protein_coding|CODING|FBtr0304620|1|CCA),INTRON(MODIFIER||||2134|Spn|protein_coding|CODING|FBtr0304613|1|CCA),INTRON(MODIFIER||||2137|Spn|protein_coding|CODING|FBtr0304615|1|CCA),INTRON(MODIFIER||||1817|Spn|protein_coding|CODING|FBtr0304616|1|CCA),INTRON(MODIFIER||||1684|Spn|protein_coding|CODING|FBtr0304617|1|CCA),INTRON(MODIFIER||||2121|Spn|protein_coding|CODING|FBtr0304618|1|CCA),INTRON(MODIFIER||||2119|Spn|protein_coding|CODING|FBtr0345046|1|CCA),INTRON(MODIFIER||||1831|Spn|protein_coding|CODING|FBtr0345047|1|CCA)"	"INTRON"	"Spn"	FALSE	"INTRON(MODIFIER||||1831|Spn|protein_coding|CODING|FBtr0345047|1|CCA)"
"3L_3724365"	"3L"	3724365	"G"	"A"	"EFF=INTRON(MODIFIER||||1008|CG32264|protein_coding|CODING|FBtr0073187|5|A),INTRON(MODIFIER||||822|CG32264|protein_coding|CODING|FBtr0308639|5|A),INTRON(MODIFIER||||790|CG32264|protein_coding|CODING|FBtr0073188|2|A),INTRON(MODIFIER||||464|CG32264|protein_coding|CODING|FBtr0303097|1|A),INTRON(MODIFIER||||509|CG32264|protein_coding|CODING|FBtr0308638|2|A),INTRON(MODIFIER||||998|CG32264|protein_coding|CODING|FBtr0113430|5|A),INTRON(MODIFIER||||759|CG32264|protein_coding|CODING|FBtr0332986|4|A),INTRON(MODIFIER||||937|CG32264|protein_coding|CODING|FBtr0308637|4|A),INTRON(MODIFIER||||927|CG32264|protein_coding|CODING|FBtr0332987|4|A),INTRAGENIC(MODIFIER|||||CG32264-PB||NON_CODING|||A),INTRAGENIC(MODIFIER|||||CG32264-PJ||NON_CODING|||A),INTRAGENIC(MODIFIER|||||CG32264-PD||NON_CODING|||A),INTRAGENIC(MODIFIER|||||CG32264-PE||NON_CODING|||A),INTRAGENIC(MODIFIER|||||CG32264-PL||NON_CODING|||A),INTRAGENIC(MODIFIER|||||CG32264-PI||NON_CODING|||A),INTRAGENIC(MODIFIER|||||CG32264-PM||NON_CODING|||A),INTRAGENIC(MODIFIER|||||CG32264-PK||NON_CODING|||A)"	"INTRON"	"CG32264"	FALSE	"INTRON(MODIFIER||||1008|CG32264|protein_coding|CODING|FBtr0073187|5|A)"
"3L_3724365"	"3L"	3724365	"G"	"A"	"EFF=INTRON(MODIFIER||||1008|CG32264|protein_coding|CODING|FBtr0073187|5|A),INTRON(MODIFIER||||822|CG32264|protein_coding|CODING|FBtr0308639|5|A),INTRON(MODIFIER||||790|CG32264|protein_coding|CODING|FBtr0073188|2|A),INTRON(MODIFIER||||464|CG32264|protein_coding|CODING|FBtr0303097|1|A),INTRON(MODIFIER||||509|CG32264|protein_coding|CODING|FBtr0308638|2|A),INTRON(MODIFIER||||998|CG32264|protein_coding|CODING|FBtr0113430|5|A),INTRON(MODIFIER||||759|CG32264|protein_coding|CODING|FBtr0332986|4|A),INTRON(MODIFIER||||937|CG32264|protein_coding|CODING|FBtr0308637|4|A),INTRON(MODIFIER||||927|CG32264|protein_coding|CODING|FBtr0332987|4|A),INTRAGENIC(MODIFIER|||||CG32264-PB||NON_CODING|||A),INTRAGENIC(MODIFIER|||||CG32264-PJ||NON_CODING|||A),INTRAGENIC(MODIFIER|||||CG32264-PD||NON_CODING|||A),INTRAGENIC(MODIFIER|||||CG32264-PE||NON_CODING|||A),INTRAGENIC(MODIFIER|||||CG32264-PL||NON_CODING|||A),INTRAGENIC(MODIFIER|||||CG32264-PI||NON_CODING|||A),INTRAGENIC(MODIFIER|||||CG32264-PM||NON_CODING|||A),INTRAGENIC(MODIFIER|||||CG32264-PK||NON_CODING|||A)"	"INTRON"	"CG32264"	FALSE	"INTRON(MODIFIER||||822|CG32264|protein_coding|CODING|FBtr0308639|5|A)"
"3L_3724365"	"3L"	3724365	"G"	"A"	"EFF=INTRON(MODIFIER||||1008|CG32264|protein_coding|CODING|FBtr0073187|5|A),INTRON(MODIFIER||||822|CG32264|protein_coding|CODING|FBtr0308639|5|A),INTRON(MODIFIER||||790|CG32264|protein_coding|CODING|FBtr0073188|2|A),INTRON(MODIFIER||||464|CG32264|protein_coding|CODING|FBtr0303097|1|A),INTRON(MODIFIER||||509|CG32264|protein_coding|CODING|FBtr0308638|2|A),INTRON(MODIFIER||||998|CG32264|protein_coding|CODING|FBtr0113430|5|A),INTRON(MODIFIER||||759|CG32264|protein_coding|CODING|FBtr0332986|4|A),INTRON(MODIFIER||||937|CG32264|protein_coding|CODING|FBtr0308637|4|A),INTRON(MODIFIER||||927|CG32264|protein_coding|CODING|FBtr0332987|4|A),INTRAGENIC(MODIFIER|||||CG32264-PB||NON_CODING|||A),INTRAGENIC(MODIFIER|||||CG32264-PJ||NON_CODING|||A),INTRAGENIC(MODIFIER|||||CG32264-PD||NON_CODING|||A),INTRAGENIC(MODIFIER|||||CG32264-PE||NON_CODING|||A),INTRAGENIC(MODIFIER|||||CG32264-PL||NON_CODING|||A),INTRAGENIC(MODIFIER|||||CG32264-PI||NON_CODING|||A),INTRAGENIC(MODIFIER|||||CG32264-PM||NON_CODING|||A),INTRAGENIC(MODIFIER|||||CG32264-PK||NON_CODING|||A)"	"INTRON"	"CG32264"	FALSE	"INTRON(MODIFIER||||790|CG32264|protein_coding|CODING|FBtr0073188|2|A)"
"3L_3724365"	"3L"	3724365	"G"	"A"	"EFF=INTRON(MODIFIER||||1008|CG32264|protein_coding|CODING|FBtr0073187|5|A),INTRON(MODIFIER||||822|CG32264|protein_coding|CODING|FBtr0308639|5|A),INTRON(MODIFIER||||790|CG32264|protein_coding|CODING|FBtr0073188|2|A),INTRON(MODIFIER||||464|CG32264|protein_coding|CODING|FBtr0303097|1|A),INTRON(MODIFIER||||509|CG32264|protein_coding|CODING|FBtr0308638|2|A),INTRON(MODIFIER||||998|CG32264|protein_coding|CODING|FBtr0113430|5|A),INTRON(MODIFIER||||759|CG32264|protein_coding|CODING|FBtr0332986|4|A),INTRON(MODIFIER||||937|CG32264|protein_coding|CODING|FBtr0308637|4|A),INTRON(MODIFIER||||927|CG32264|protein_coding|CODING|FBtr0332987|4|A),INTRAGENIC(MODIFIER|||||CG32264-PB||NON_CODING|||A),INTRAGENIC(MODIFIER|||||CG32264-PJ||NON_CODING|||A),INTRAGENIC(MODIFIER|||||CG32264-PD||NON_CODING|||A),INTRAGENIC(MODIFIER|||||CG32264-PE||NON_CODING|||A),INTRAGENIC(MODIFIER|||||CG32264-PL||NON_CODING|||A),INTRAGENIC(MODIFIER|||||CG32264-PI||NON_CODING|||A),INTRAGENIC(MODIFIER|||||CG32264-PM||NON_CODING|||A),INTRAGENIC(MODIFIER|||||CG32264-PK||NON_CODING|||A)"	"INTRON"	"CG32264"	FALSE	"INTRON(MODIFIER||||464|CG32264|protein_coding|CODING|FBtr0303097|1|A)"
"3L_3724365"	"3L"	3724365	"G"	"A"	"EFF=INTRON(MODIFIER||||1008|CG32264|protein_coding|CODING|FBtr0073187|5|A),INTRON(MODIFIER||||822|CG32264|protein_coding|CODING|FBtr0308639|5|A),INTRON(MODIFIER||||790|CG32264|protein_coding|CODING|FBtr0073188|2|A),INTRON(MODIFIER||||464|CG32264|protein_coding|CODING|FBtr0303097|1|A),INTRON(MODIFIER||||509|CG32264|protein_coding|CODING|FBtr0308638|2|A),INTRON(MODIFIER||||998|CG32264|protein_coding|CODING|FBtr0113430|5|A),INTRON(MODIFIER||||759|CG32264|protein_coding|CODING|FBtr0332986|4|A),INTRON(MODIFIER||||937|CG32264|protein_coding|CODING|FBtr0308637|4|A),INTRON(MODIFIER||||927|CG32264|protein_coding|CODING|FBtr0332987|4|A),INTRAGENIC(MODIFIER|||||CG32264-PB||NON_CODING|||A),INTRAGENIC(MODIFIER|||||CG32264-PJ||NON_CODING|||A),INTRAGENIC(MODIFIER|||||CG32264-PD||NON_CODING|||A),INTRAGENIC(MODIFIER|||||CG32264-PE||NON_CODING|||A),INTRAGENIC(MODIFIER|||||CG32264-PL||NON_CODING|||A),INTRAGENIC(MODIFIER|||||CG32264-PI||NON_CODING|||A),INTRAGENIC(MODIFIER|||||CG32264-PM||NON_CODING|||A),INTRAGENIC(MODIFIER|||||CG32264-PK||NON_CODING|||A)"	"INTRON"	"CG32264"	FALSE	"INTRON(MODIFIER||||509|CG32264|protein_coding|CODING|FBtr0308638|2|A)"
"3L_3724365"	"3L"	3724365	"G"	"A"	"EFF=INTRON(MODIFIER||||1008|CG32264|protein_coding|CODING|FBtr0073187|5|A),INTRON(MODIFIER||||822|CG32264|protein_coding|CODING|FBtr0308639|5|A),INTRON(MODIFIER||||790|CG32264|protein_coding|CODING|FBtr0073188|2|A),INTRON(MODIFIER||||464|CG32264|protein_coding|CODING|FBtr0303097|1|A),INTRON(MODIFIER||||509|CG32264|protein_coding|CODING|FBtr0308638|2|A),INTRON(MODIFIER||||998|CG32264|protein_coding|CODING|FBtr0113430|5|A),INTRON(MODIFIER||||759|CG32264|protein_coding|CODING|FBtr0332986|4|A),INTRON(MODIFIER||||937|CG32264|protein_coding|CODING|FBtr0308637|4|A),INTRON(MODIFIER||||927|CG32264|protein_coding|CODING|FBtr0332987|4|A),INTRAGENIC(MODIFIER|||||CG32264-PB||NON_CODING|||A),INTRAGENIC(MODIFIER|||||CG32264-PJ||NON_CODING|||A),INTRAGENIC(MODIFIER|||||CG32264-PD||NON_CODING|||A),INTRAGENIC(MODIFIER|||||CG32264-PE||NON_CODING|||A),INTRAGENIC(MODIFIER|||||CG32264-PL||NON_CODING|||A),INTRAGENIC(MODIFIER|||||CG32264-PI||NON_CODING|||A),INTRAGENIC(MODIFIER|||||CG32264-PM||NON_CODING|||A),INTRAGENIC(MODIFIER|||||CG32264-PK||NON_CODING|||A)"	"INTRON"	"CG32264"	FALSE	"INTRON(MODIFIER||||998|CG32264|protein_coding|CODING|FBtr0113430|5|A)"
"3L_3724365"	"3L"	3724365	"G"	"A"	"EFF=INTRON(MODIFIER||||1008|CG32264|protein_coding|CODING|FBtr0073187|5|A),INTRON(MODIFIER||||822|CG32264|protein_coding|CODING|FBtr0308639|5|A),INTRON(MODIFIER||||790|CG32264|protein_coding|CODING|FBtr0073188|2|A),INTRON(MODIFIER||||464|CG32264|protein_coding|CODING|FBtr0303097|1|A),INTRON(MODIFIER||||509|CG32264|protein_coding|CODING|FBtr0308638|2|A),INTRON(MODIFIER||||998|CG32264|protein_coding|CODING|FBtr0113430|5|A),INTRON(MODIFIER||||759|CG32264|protein_coding|CODING|FBtr0332986|4|A),INTRON(MODIFIER||||937|CG32264|protein_coding|CODING|FBtr0308637|4|A),INTRON(MODIFIER||||927|CG32264|protein_coding|CODING|FBtr0332987|4|A),INTRAGENIC(MODIFIER|||||CG32264-PB||NON_CODING|||A),INTRAGENIC(MODIFIER|||||CG32264-PJ||NON_CODING|||A),INTRAGENIC(MODIFIER|||||CG32264-PD||NON_CODING|||A),INTRAGENIC(MODIFIER|||||CG32264-PE||NON_CODING|||A),INTRAGENIC(MODIFIER|||||CG32264-PL||NON_CODING|||A),INTRAGENIC(MODIFIER|||||CG32264-PI||NON_CODING|||A),INTRAGENIC(MODIFIER|||||CG32264-PM||NON_CODING|||A),INTRAGENIC(MODIFIER|||||CG32264-PK||NON_CODING|||A)"	"INTRON"	"CG32264"	FALSE	"INTRON(MODIFIER||||759|CG32264|protein_coding|CODING|FBtr0332986|4|A)"
"3L_3724365"	"3L"	3724365	"G"	"A"	"EFF=INTRON(MODIFIER||||1008|CG32264|protein_coding|CODING|FBtr0073187|5|A),INTRON(MODIFIER||||822|CG32264|protein_coding|CODING|FBtr0308639|5|A),INTRON(MODIFIER||||790|CG32264|protein_coding|CODING|FBtr0073188|2|A),INTRON(MODIFIER||||464|CG32264|protein_coding|CODING|FBtr0303097|1|A),INTRON(MODIFIER||||509|CG32264|protein_coding|CODING|FBtr0308638|2|A),INTRON(MODIFIER||||998|CG32264|protein_coding|CODING|FBtr0113430|5|A),INTRON(MODIFIER||||759|CG32264|protein_coding|CODING|FBtr0332986|4|A),INTRON(MODIFIER||||937|CG32264|protein_coding|CODING|FBtr0308637|4|A),INTRON(MODIFIER||||927|CG32264|protein_coding|CODING|FBtr0332987|4|A),INTRAGENIC(MODIFIER|||||CG32264-PB||NON_CODING|||A),INTRAGENIC(MODIFIER|||||CG32264-PJ||NON_CODING|||A),INTRAGENIC(MODIFIER|||||CG32264-PD||NON_CODING|||A),INTRAGENIC(MODIFIER|||||CG32264-PE||NON_CODING|||A),INTRAGENIC(MODIFIER|||||CG32264-PL||NON_CODING|||A),INTRAGENIC(MODIFIER|||||CG32264-PI||NON_CODING|||A),INTRAGENIC(MODIFIER|||||CG32264-PM||NON_CODING|||A),INTRAGENIC(MODIFIER|||||CG32264-PK||NON_CODING|||A)"	"INTRON"	"CG32264"	FALSE	"INTRON(MODIFIER||||937|CG32264|protein_coding|CODING|FBtr0308637|4|A)"
"3L_3724365"	"3L"	3724365	"G"	"A"	"EFF=INTRON(MODIFIER||||1008|CG32264|protein_coding|CODING|FBtr0073187|5|A),INTRON(MODIFIER||||822|CG32264|protein_coding|CODING|FBtr0308639|5|A),INTRON(MODIFIER||||790|CG32264|protein_coding|CODING|FBtr0073188|2|A),INTRON(MODIFIER||||464|CG32264|protein_coding|CODING|FBtr0303097|1|A),INTRON(MODIFIER||||509|CG32264|protein_coding|CODING|FBtr0308638|2|A),INTRON(MODIFIER||||998|CG32264|protein_coding|CODING|FBtr0113430|5|A),INTRON(MODIFIER||||759|CG32264|protein_coding|CODING|FBtr0332986|4|A),INTRON(MODIFIER||||937|CG32264|protein_coding|CODING|FBtr0308637|4|A),INTRON(MODIFIER||||927|CG32264|protein_coding|CODING|FBtr0332987|4|A),INTRAGENIC(MODIFIER|||||CG32264-PB||NON_CODING|||A),INTRAGENIC(MODIFIER|||||CG32264-PJ||NON_CODING|||A),INTRAGENIC(MODIFIER|||||CG32264-PD||NON_CODING|||A),INTRAGENIC(MODIFIER|||||CG32264-PE||NON_CODING|||A),INTRAGENIC(MODIFIER|||||CG32264-PL||NON_CODING|||A),INTRAGENIC(MODIFIER|||||CG32264-PI||NON_CODING|||A),INTRAGENIC(MODIFIER|||||CG32264-PM||NON_CODING|||A),INTRAGENIC(MODIFIER|||||CG32264-PK||NON_CODING|||A)"	"INTRON"	"CG32264"	FALSE	"INTRON(MODIFIER||||927|CG32264|protein_coding|CODING|FBtr0332987|4|A)"
"3L_3724365"	"3L"	3724365	"G"	"A"	"EFF=INTRON(MODIFIER||||1008|CG32264|protein_coding|CODING|FBtr0073187|5|A),INTRON(MODIFIER||||822|CG32264|protein_coding|CODING|FBtr0308639|5|A),INTRON(MODIFIER||||790|CG32264|protein_coding|CODING|FBtr0073188|2|A),INTRON(MODIFIER||||464|CG32264|protein_coding|CODING|FBtr0303097|1|A),INTRON(MODIFIER||||509|CG32264|protein_coding|CODING|FBtr0308638|2|A),INTRON(MODIFIER||||998|CG32264|protein_coding|CODING|FBtr0113430|5|A),INTRON(MODIFIER||||759|CG32264|protein_coding|CODING|FBtr0332986|4|A),INTRON(MODIFIER||||937|CG32264|protein_coding|CODING|FBtr0308637|4|A),INTRON(MODIFIER||||927|CG32264|protein_coding|CODING|FBtr0332987|4|A),INTRAGENIC(MODIFIER|||||CG32264-PB||NON_CODING|||A),INTRAGENIC(MODIFIER|||||CG32264-PJ||NON_CODING|||A),INTRAGENIC(MODIFIER|||||CG32264-PD||NON_CODING|||A),INTRAGENIC(MODIFIER|||||CG32264-PE||NON_CODING|||A),INTRAGENIC(MODIFIER|||||CG32264-PL||NON_CODING|||A),INTRAGENIC(MODIFIER|||||CG32264-PI||NON_CODING|||A),INTRAGENIC(MODIFIER|||||CG32264-PM||NON_CODING|||A),INTRAGENIC(MODIFIER|||||CG32264-PK||NON_CODING|||A)"	"INTRAGENIC"	"CG32264-PB"	FALSE	"INTRAGENIC(MODIFIER|||||CG32264-PB||NON_CODING|||A)"
"3L_3724365"	"3L"	3724365	"G"	"A"	"EFF=INTRON(MODIFIER||||1008|CG32264|protein_coding|CODING|FBtr0073187|5|A),INTRON(MODIFIER||||822|CG32264|protein_coding|CODING|FBtr0308639|5|A),INTRON(MODIFIER||||790|CG32264|protein_coding|CODING|FBtr0073188|2|A),INTRON(MODIFIER||||464|CG32264|protein_coding|CODING|FBtr0303097|1|A),INTRON(MODIFIER||||509|CG32264|protein_coding|CODING|FBtr0308638|2|A),INTRON(MODIFIER||||998|CG32264|protein_coding|CODING|FBtr0113430|5|A),INTRON(MODIFIER||||759|CG32264|protein_coding|CODING|FBtr0332986|4|A),INTRON(MODIFIER||||937|CG32264|protein_coding|CODING|FBtr0308637|4|A),INTRON(MODIFIER||||927|CG32264|protein_coding|CODING|FBtr0332987|4|A),INTRAGENIC(MODIFIER|||||CG32264-PB||NON_CODING|||A),INTRAGENIC(MODIFIER|||||CG32264-PJ||NON_CODING|||A),INTRAGENIC(MODIFIER|||||CG32264-PD||NON_CODING|||A),INTRAGENIC(MODIFIER|||||CG32264-PE||NON_CODING|||A),INTRAGENIC(MODIFIER|||||CG32264-PL||NON_CODING|||A),INTRAGENIC(MODIFIER|||||CG32264-PI||NON_CODING|||A),INTRAGENIC(MODIFIER|||||CG32264-PM||NON_CODING|||A),INTRAGENIC(MODIFIER|||||CG32264-PK||NON_CODING|||A)"	"INTRAGENIC"	"CG32264-PJ"	FALSE	"INTRAGENIC(MODIFIER|||||CG32264-PJ||NON_CODING|||A)"
"3L_3724365"	"3L"	3724365	"G"	"A"	"EFF=INTRON(MODIFIER||||1008|CG32264|protein_coding|CODING|FBtr0073187|5|A),INTRON(MODIFIER||||822|CG32264|protein_coding|CODING|FBtr0308639|5|A),INTRON(MODIFIER||||790|CG32264|protein_coding|CODING|FBtr0073188|2|A),INTRON(MODIFIER||||464|CG32264|protein_coding|CODING|FBtr0303097|1|A),INTRON(MODIFIER||||509|CG32264|protein_coding|CODING|FBtr0308638|2|A),INTRON(MODIFIER||||998|CG32264|protein_coding|CODING|FBtr0113430|5|A),INTRON(MODIFIER||||759|CG32264|protein_coding|CODING|FBtr0332986|4|A),INTRON(MODIFIER||||937|CG32264|protein_coding|CODING|FBtr0308637|4|A),INTRON(MODIFIER||||927|CG32264|protein_coding|CODING|FBtr0332987|4|A),INTRAGENIC(MODIFIER|||||CG32264-PB||NON_CODING|||A),INTRAGENIC(MODIFIER|||||CG32264-PJ||NON_CODING|||A),INTRAGENIC(MODIFIER|||||CG32264-PD||NON_CODING|||A),INTRAGENIC(MODIFIER|||||CG32264-PE||NON_CODING|||A),INTRAGENIC(MODIFIER|||||CG32264-PL||NON_CODING|||A),INTRAGENIC(MODIFIER|||||CG32264-PI||NON_CODING|||A),INTRAGENIC(MODIFIER|||||CG32264-PM||NON_CODING|||A),INTRAGENIC(MODIFIER|||||CG32264-PK||NON_CODING|||A)"	"INTRAGENIC"	"CG32264-PD"	FALSE	"INTRAGENIC(MODIFIER|||||CG32264-PD||NON_CODING|||A)"
"3L_3724365"	"3L"	3724365	"G"	"A"	"EFF=INTRON(MODIFIER||||1008|CG32264|protein_coding|CODING|FBtr0073187|5|A),INTRON(MODIFIER||||822|CG32264|protein_coding|CODING|FBtr0308639|5|A),INTRON(MODIFIER||||790|CG32264|protein_coding|CODING|FBtr0073188|2|A),INTRON(MODIFIER||||464|CG32264|protein_coding|CODING|FBtr0303097|1|A),INTRON(MODIFIER||||509|CG32264|protein_coding|CODING|FBtr0308638|2|A),INTRON(MODIFIER||||998|CG32264|protein_coding|CODING|FBtr0113430|5|A),INTRON(MODIFIER||||759|CG32264|protein_coding|CODING|FBtr0332986|4|A),INTRON(MODIFIER||||937|CG32264|protein_coding|CODING|FBtr0308637|4|A),INTRON(MODIFIER||||927|CG32264|protein_coding|CODING|FBtr0332987|4|A),INTRAGENIC(MODIFIER|||||CG32264-PB||NON_CODING|||A),INTRAGENIC(MODIFIER|||||CG32264-PJ||NON_CODING|||A),INTRAGENIC(MODIFIER|||||CG32264-PD||NON_CODING|||A),INTRAGENIC(MODIFIER|||||CG32264-PE||NON_CODING|||A),INTRAGENIC(MODIFIER|||||CG32264-PL||NON_CODING|||A),INTRAGENIC(MODIFIER|||||CG32264-PI||NON_CODING|||A),INTRAGENIC(MODIFIER|||||CG32264-PM||NON_CODING|||A),INTRAGENIC(MODIFIER|||||CG32264-PK||NON_CODING|||A)"	"INTRAGENIC"	"CG32264-PE"	FALSE	"INTRAGENIC(MODIFIER|||||CG32264-PE||NON_CODING|||A)"
"3L_3724365"	"3L"	3724365	"G"	"A"	"EFF=INTRON(MODIFIER||||1008|CG32264|protein_coding|CODING|FBtr0073187|5|A),INTRON(MODIFIER||||822|CG32264|protein_coding|CODING|FBtr0308639|5|A),INTRON(MODIFIER||||790|CG32264|protein_coding|CODING|FBtr0073188|2|A),INTRON(MODIFIER||||464|CG32264|protein_coding|CODING|FBtr0303097|1|A),INTRON(MODIFIER||||509|CG32264|protein_coding|CODING|FBtr0308638|2|A),INTRON(MODIFIER||||998|CG32264|protein_coding|CODING|FBtr0113430|5|A),INTRON(MODIFIER||||759|CG32264|protein_coding|CODING|FBtr0332986|4|A),INTRON(MODIFIER||||937|CG32264|protein_coding|CODING|FBtr0308637|4|A),INTRON(MODIFIER||||927|CG32264|protein_coding|CODING|FBtr0332987|4|A),INTRAGENIC(MODIFIER|||||CG32264-PB||NON_CODING|||A),INTRAGENIC(MODIFIER|||||CG32264-PJ||NON_CODING|||A),INTRAGENIC(MODIFIER|||||CG32264-PD||NON_CODING|||A),INTRAGENIC(MODIFIER|||||CG32264-PE||NON_CODING|||A),INTRAGENIC(MODIFIER|||||CG32264-PL||NON_CODING|||A),INTRAGENIC(MODIFIER|||||CG32264-PI||NON_CODING|||A),INTRAGENIC(MODIFIER|||||CG32264-PM||NON_CODING|||A),INTRAGENIC(MODIFIER|||||CG32264-PK||NON_CODING|||A)"	"INTRAGENIC"	"CG32264-PL"	FALSE	"INTRAGENIC(MODIFIER|||||CG32264-PL||NON_CODING|||A)"
"3L_3724365"	"3L"	3724365	"G"	"A"	"EFF=INTRON(MODIFIER||||1008|CG32264|protein_coding|CODING|FBtr0073187|5|A),INTRON(MODIFIER||||822|CG32264|protein_coding|CODING|FBtr0308639|5|A),INTRON(MODIFIER||||790|CG32264|protein_coding|CODING|FBtr0073188|2|A),INTRON(MODIFIER||||464|CG32264|protein_coding|CODING|FBtr0303097|1|A),INTRON(MODIFIER||||509|CG32264|protein_coding|CODING|FBtr0308638|2|A),INTRON(MODIFIER||||998|CG32264|protein_coding|CODING|FBtr0113430|5|A),INTRON(MODIFIER||||759|CG32264|protein_coding|CODING|FBtr0332986|4|A),INTRON(MODIFIER||||937|CG32264|protein_coding|CODING|FBtr0308637|4|A),INTRON(MODIFIER||||927|CG32264|protein_coding|CODING|FBtr0332987|4|A),INTRAGENIC(MODIFIER|||||CG32264-PB||NON_CODING|||A),INTRAGENIC(MODIFIER|||||CG32264-PJ||NON_CODING|||A),INTRAGENIC(MODIFIER|||||CG32264-PD||NON_CODING|||A),INTRAGENIC(MODIFIER|||||CG32264-PE||NON_CODING|||A),INTRAGENIC(MODIFIER|||||CG32264-PL||NON_CODING|||A),INTRAGENIC(MODIFIER|||||CG32264-PI||NON_CODING|||A),INTRAGENIC(MODIFIER|||||CG32264-PM||NON_CODING|||A),INTRAGENIC(MODIFIER|||||CG32264-PK||NON_CODING|||A)"	"INTRAGENIC"	"CG32264-PI"	FALSE	"INTRAGENIC(MODIFIER|||||CG32264-PI||NON_CODING|||A)"
"3L_3724365"	"3L"	3724365	"G"	"A"	"EFF=INTRON(MODIFIER||||1008|CG32264|protein_coding|CODING|FBtr0073187|5|A),INTRON(MODIFIER||||822|CG32264|protein_coding|CODING|FBtr0308639|5|A),INTRON(MODIFIER||||790|CG32264|protein_coding|CODING|FBtr0073188|2|A),INTRON(MODIFIER||||464|CG32264|protein_coding|CODING|FBtr0303097|1|A),INTRON(MODIFIER||||509|CG32264|protein_coding|CODING|FBtr0308638|2|A),INTRON(MODIFIER||||998|CG32264|protein_coding|CODING|FBtr0113430|5|A),INTRON(MODIFIER||||759|CG32264|protein_coding|CODING|FBtr0332986|4|A),INTRON(MODIFIER||||937|CG32264|protein_coding|CODING|FBtr0308637|4|A),INTRON(MODIFIER||||927|CG32264|protein_coding|CODING|FBtr0332987|4|A),INTRAGENIC(MODIFIER|||||CG32264-PB||NON_CODING|||A),INTRAGENIC(MODIFIER|||||CG32264-PJ||NON_CODING|||A),INTRAGENIC(MODIFIER|||||CG32264-PD||NON_CODING|||A),INTRAGENIC(MODIFIER|||||CG32264-PE||NON_CODING|||A),INTRAGENIC(MODIFIER|||||CG32264-PL||NON_CODING|||A),INTRAGENIC(MODIFIER|||||CG32264-PI||NON_CODING|||A),INTRAGENIC(MODIFIER|||||CG32264-PM||NON_CODING|||A),INTRAGENIC(MODIFIER|||||CG32264-PK||NON_CODING|||A)"	"INTRAGENIC"	"CG32264-PM"	FALSE	"INTRAGENIC(MODIFIER|||||CG32264-PM||NON_CODING|||A)"
"3L_3724365"	"3L"	3724365	"G"	"A"	"EFF=INTRON(MODIFIER||||1008|CG32264|protein_coding|CODING|FBtr0073187|5|A),INTRON(MODIFIER||||822|CG32264|protein_coding|CODING|FBtr0308639|5|A),INTRON(MODIFIER||||790|CG32264|protein_coding|CODING|FBtr0073188|2|A),INTRON(MODIFIER||||464|CG32264|protein_coding|CODING|FBtr0303097|1|A),INTRON(MODIFIER||||509|CG32264|protein_coding|CODING|FBtr0308638|2|A),INTRON(MODIFIER||||998|CG32264|protein_coding|CODING|FBtr0113430|5|A),INTRON(MODIFIER||||759|CG32264|protein_coding|CODING|FBtr0332986|4|A),INTRON(MODIFIER||||937|CG32264|protein_coding|CODING|FBtr0308637|4|A),INTRON(MODIFIER||||927|CG32264|protein_coding|CODING|FBtr0332987|4|A),INTRAGENIC(MODIFIER|||||CG32264-PB||NON_CODING|||A),INTRAGENIC(MODIFIER|||||CG32264-PJ||NON_CODING|||A),INTRAGENIC(MODIFIER|||||CG32264-PD||NON_CODING|||A),INTRAGENIC(MODIFIER|||||CG32264-PE||NON_CODING|||A),INTRAGENIC(MODIFIER|||||CG32264-PL||NON_CODING|||A),INTRAGENIC(MODIFIER|||||CG32264-PI||NON_CODING|||A),INTRAGENIC(MODIFIER|||||CG32264-PM||NON_CODING|||A),INTRAGENIC(MODIFIER|||||CG32264-PK||NON_CODING|||A)"	"INTRAGENIC"	"CG32264-PK"	FALSE	"INTRAGENIC(MODIFIER|||||CG32264-PK||NON_CODING|||A)"
"3L_4047811"	"3L"	4047811	"G"	"T"	"EFF=UPSTREAM(MODIFIER||138||98|Dpy-30L2|protein_coding|CODING|FBtr0073281||T),UPSTREAM(MODIFIER||76||98|Dpy-30L2|protein_coding|CODING|FBtr0332981||T),INTRON(MODIFIER||||458|CG1136|protein_coding|CODING|FBtr0073203|1|T),INTRAGENIC(MODIFIER|||||CG1136-PA||NON_CODING|||T)"	"UPSTREAM"	"Dpy-30L2"	FALSE	"UPSTREAM(MODIFIER||138||98|Dpy-30L2|protein_coding|CODING|FBtr0073281||T)"
"3L_4047811"	"3L"	4047811	"G"	"T"	"EFF=UPSTREAM(MODIFIER||138||98|Dpy-30L2|protein_coding|CODING|FBtr0073281||T),UPSTREAM(MODIFIER||76||98|Dpy-30L2|protein_coding|CODING|FBtr0332981||T),INTRON(MODIFIER||||458|CG1136|protein_coding|CODING|FBtr0073203|1|T),INTRAGENIC(MODIFIER|||||CG1136-PA||NON_CODING|||T)"	"UPSTREAM"	"Dpy-30L2"	FALSE	"UPSTREAM(MODIFIER||76||98|Dpy-30L2|protein_coding|CODING|FBtr0332981||T)"
"3L_4047811"	"3L"	4047811	"G"	"T"	"EFF=UPSTREAM(MODIFIER||138||98|Dpy-30L2|protein_coding|CODING|FBtr0073281||T),UPSTREAM(MODIFIER||76||98|Dpy-30L2|protein_coding|CODING|FBtr0332981||T),INTRON(MODIFIER||||458|CG1136|protein_coding|CODING|FBtr0073203|1|T),INTRAGENIC(MODIFIER|||||CG1136-PA||NON_CODING|||T)"	"INTRON"	"CG1136"	FALSE	"INTRON(MODIFIER||||458|CG1136|protein_coding|CODING|FBtr0073203|1|T)"
"3L_4047811"	"3L"	4047811	"G"	"T"	"EFF=UPSTREAM(MODIFIER||138||98|Dpy-30L2|protein_coding|CODING|FBtr0073281||T),UPSTREAM(MODIFIER||76||98|Dpy-30L2|protein_coding|CODING|FBtr0332981||T),INTRON(MODIFIER||||458|CG1136|protein_coding|CODING|FBtr0073203|1|T),INTRAGENIC(MODIFIER|||||CG1136-PA||NON_CODING|||T)"	"INTRAGENIC"	"CG1136-PA"	FALSE	"INTRAGENIC(MODIFIER|||||CG1136-PA||NON_CODING|||T)"
"3L_6298090"	"3L"	6298090	"G"	"T"	"EFF=INTERGENIC(MODIFIER||||||||||T)"	"INTERGENIC"	"unassigned"	FALSE	"INTERGENIC(MODIFIER||||||||||T)"
"3L_7668543"	"3L"	7668543	"A"	"T"	"EFF=SYNONYMOUS_CODING(LOW|SILENT|gtT/gtA|V10837|13559|Ank2|protein_coding|CODING|FBtr0303125|16|T),SYNONYMOUS_CODING(LOW|SILENT|gtT/gtA|V10837|11634|Ank2|protein_coding|CODING|FBtr0344224|16|T),INTRON(MODIFIER||||486|CG32373|protein_coding|CODING|FBtr0076805|1|T),INTRON(MODIFIER||||694|CG44195|protein_coding|CODING|FBtr0336853|1|T),INTRON(MODIFIER||||486|CG32373|protein_coding|CODING|FBtr0076806|1|T),INTRON(MODIFIER||||4329|Ank2|protein_coding|CODING|FBtr0303113|15|T),INTRON(MODIFIER||||4223|Ank2|protein_coding|CODING|FBtr0303114|15|T),INTRON(MODIFIER||||4083|Ank2|protein_coding|CODING|FBtr0303117|15|T),INTRON(MODIFIER||||4114|Ank2|protein_coding|CODING|FBtr0303121|16|T),INTRON(MODIFIER||||2532|Ank2|protein_coding|CODING|FBtr0303122|15|T),INTRON(MODIFIER||||4189|Ank2|protein_coding|CODING|FBtr0303123|15|T),INTRON(MODIFIER||||2566|Ank2|protein_coding|CODING|FBtr0344222|15|T),INTRON(MODIFIER||||4230|Ank2|protein_coding|CODING|FBtr0303111|15|T),INTRON(MODIFIER||||4352|Ank2|protein_coding|CODING|FBtr0303112|16|T),INTRON(MODIFIER||||4496|Ank2|protein_coding|CODING|FBtr0303115|16|T),INTRON(MODIFIER||||4264|Ank2|protein_coding|CODING|FBtr0303124|16|T),INTRON(MODIFIER||||4373|Ank2|protein_coding|CODING|FBtr0334060|15|T),INTRON(MODIFIER||||4233|Ank2|protein_coding|CODING|FBtr0344223|15|T),INTRAGENIC(MODIFIER|||||Ank2-PG||NON_CODING|||T),INTRAGENIC(MODIFIER|||||Ank2-PY||NON_CODING|||T),INTRAGENIC(MODIFIER|||||Ank2-PS||NON_CODING|||T),INTRAGENIC(MODIFIER|||||Ank2-PT||NON_CODING|||T),INTRAGENIC(MODIFIER|||||Ank2-PL||NON_CODING|||T),INTRAGENIC(MODIFIER|||||Ank2-PF||NON_CODING|||T),INTRAGENIC(MODIFIER|||||Ank2-PJ||NON_CODING|||T),INTRAGENIC(MODIFIER|||||Ank2-PU||NON_CODING|||T),INTRAGENIC(MODIFIER|||||Ank2-PP||NON_CODING|||T),INTRAGENIC(MODIFIER|||||Ank2-PQ||NON_CODING|||T),INTRAGENIC(MODIFIER|||||Ank2-PR||NON_CODING|||T),INTRAGENIC(MODIFIER|||||Ank2-PK||NON_CODING|||T),INTRAGENIC(MODIFIER|||||Ank2-PV||NON_CODING|||T),INTRAGENIC(MODIFIER|||||Ank2-PZ||NON_CODING|||T),INTRAGENIC(MODIFIER|||||Ank2-PAA||NON_CODING|||T)"	"SYNONYMOUS_CODING"	"Ank2"	FALSE	"SYNONYMOUS_CODING(LOW|SILENT|gtT/gtA|V10837|13559|Ank2|protein_coding|CODING|FBtr0303125|16|T)"
"3L_7668543"	"3L"	7668543	"A"	"T"	"EFF=SYNONYMOUS_CODING(LOW|SILENT|gtT/gtA|V10837|13559|Ank2|protein_coding|CODING|FBtr0303125|16|T),SYNONYMOUS_CODING(LOW|SILENT|gtT/gtA|V10837|11634|Ank2|protein_coding|CODING|FBtr0344224|16|T),INTRON(MODIFIER||||486|CG32373|protein_coding|CODING|FBtr0076805|1|T),INTRON(MODIFIER||||694|CG44195|protein_coding|CODING|FBtr0336853|1|T),INTRON(MODIFIER||||486|CG32373|protein_coding|CODING|FBtr0076806|1|T),INTRON(MODIFIER||||4329|Ank2|protein_coding|CODING|FBtr0303113|15|T),INTRON(MODIFIER||||4223|Ank2|protein_coding|CODING|FBtr0303114|15|T),INTRON(MODIFIER||||4083|Ank2|protein_coding|CODING|FBtr0303117|15|T),INTRON(MODIFIER||||4114|Ank2|protein_coding|CODING|FBtr0303121|16|T),INTRON(MODIFIER||||2532|Ank2|protein_coding|CODING|FBtr0303122|15|T),INTRON(MODIFIER||||4189|Ank2|protein_coding|CODING|FBtr0303123|15|T),INTRON(MODIFIER||||2566|Ank2|protein_coding|CODING|FBtr0344222|15|T),INTRON(MODIFIER||||4230|Ank2|protein_coding|CODING|FBtr0303111|15|T),INTRON(MODIFIER||||4352|Ank2|protein_coding|CODING|FBtr0303112|16|T),INTRON(MODIFIER||||4496|Ank2|protein_coding|CODING|FBtr0303115|16|T),INTRON(MODIFIER||||4264|Ank2|protein_coding|CODING|FBtr0303124|16|T),INTRON(MODIFIER||||4373|Ank2|protein_coding|CODING|FBtr0334060|15|T),INTRON(MODIFIER||||4233|Ank2|protein_coding|CODING|FBtr0344223|15|T),INTRAGENIC(MODIFIER|||||Ank2-PG||NON_CODING|||T),INTRAGENIC(MODIFIER|||||Ank2-PY||NON_CODING|||T),INTRAGENIC(MODIFIER|||||Ank2-PS||NON_CODING|||T),INTRAGENIC(MODIFIER|||||Ank2-PT||NON_CODING|||T),INTRAGENIC(MODIFIER|||||Ank2-PL||NON_CODING|||T),INTRAGENIC(MODIFIER|||||Ank2-PF||NON_CODING|||T),INTRAGENIC(MODIFIER|||||Ank2-PJ||NON_CODING|||T),INTRAGENIC(MODIFIER|||||Ank2-PU||NON_CODING|||T),INTRAGENIC(MODIFIER|||||Ank2-PP||NON_CODING|||T),INTRAGENIC(MODIFIER|||||Ank2-PQ||NON_CODING|||T),INTRAGENIC(MODIFIER|||||Ank2-PR||NON_CODING|||T),INTRAGENIC(MODIFIER|||||Ank2-PK||NON_CODING|||T),INTRAGENIC(MODIFIER|||||Ank2-PV||NON_CODING|||T),INTRAGENIC(MODIFIER|||||Ank2-PZ||NON_CODING|||T),INTRAGENIC(MODIFIER|||||Ank2-PAA||NON_CODING|||T)"	"SYNONYMOUS_CODING"	"Ank2"	FALSE	"SYNONYMOUS_CODING(LOW|SILENT|gtT/gtA|V10837|11634|Ank2|protein_coding|CODING|FBtr0344224|16|T)"
"3L_7668543"	"3L"	7668543	"A"	"T"	"EFF=SYNONYMOUS_CODING(LOW|SILENT|gtT/gtA|V10837|13559|Ank2|protein_coding|CODING|FBtr0303125|16|T),SYNONYMOUS_CODING(LOW|SILENT|gtT/gtA|V10837|11634|Ank2|protein_coding|CODING|FBtr0344224|16|T),INTRON(MODIFIER||||486|CG32373|protein_coding|CODING|FBtr0076805|1|T),INTRON(MODIFIER||||694|CG44195|protein_coding|CODING|FBtr0336853|1|T),INTRON(MODIFIER||||486|CG32373|protein_coding|CODING|FBtr0076806|1|T),INTRON(MODIFIER||||4329|Ank2|protein_coding|CODING|FBtr0303113|15|T),INTRON(MODIFIER||||4223|Ank2|protein_coding|CODING|FBtr0303114|15|T),INTRON(MODIFIER||||4083|Ank2|protein_coding|CODING|FBtr0303117|15|T),INTRON(MODIFIER||||4114|Ank2|protein_coding|CODING|FBtr0303121|16|T),INTRON(MODIFIER||||2532|Ank2|protein_coding|CODING|FBtr0303122|15|T),INTRON(MODIFIER||||4189|Ank2|protein_coding|CODING|FBtr0303123|15|T),INTRON(MODIFIER||||2566|Ank2|protein_coding|CODING|FBtr0344222|15|T),INTRON(MODIFIER||||4230|Ank2|protein_coding|CODING|FBtr0303111|15|T),INTRON(MODIFIER||||4352|Ank2|protein_coding|CODING|FBtr0303112|16|T),INTRON(MODIFIER||||4496|Ank2|protein_coding|CODING|FBtr0303115|16|T),INTRON(MODIFIER||||4264|Ank2|protein_coding|CODING|FBtr0303124|16|T),INTRON(MODIFIER||||4373|Ank2|protein_coding|CODING|FBtr0334060|15|T),INTRON(MODIFIER||||4233|Ank2|protein_coding|CODING|FBtr0344223|15|T),INTRAGENIC(MODIFIER|||||Ank2-PG||NON_CODING|||T),INTRAGENIC(MODIFIER|||||Ank2-PY||NON_CODING|||T),INTRAGENIC(MODIFIER|||||Ank2-PS||NON_CODING|||T),INTRAGENIC(MODIFIER|||||Ank2-PT||NON_CODING|||T),INTRAGENIC(MODIFIER|||||Ank2-PL||NON_CODING|||T),INTRAGENIC(MODIFIER|||||Ank2-PF||NON_CODING|||T),INTRAGENIC(MODIFIER|||||Ank2-PJ||NON_CODING|||T),INTRAGENIC(MODIFIER|||||Ank2-PU||NON_CODING|||T),INTRAGENIC(MODIFIER|||||Ank2-PP||NON_CODING|||T),INTRAGENIC(MODIFIER|||||Ank2-PQ||NON_CODING|||T),INTRAGENIC(MODIFIER|||||Ank2-PR||NON_CODING|||T),INTRAGENIC(MODIFIER|||||Ank2-PK||NON_CODING|||T),INTRAGENIC(MODIFIER|||||Ank2-PV||NON_CODING|||T),INTRAGENIC(MODIFIER|||||Ank2-PZ||NON_CODING|||T),INTRAGENIC(MODIFIER|||||Ank2-PAA||NON_CODING|||T)"	"INTRON"	"CG32373"	FALSE	"INTRON(MODIFIER||||486|CG32373|protein_coding|CODING|FBtr0076805|1|T)"
"3L_7668543"	"3L"	7668543	"A"	"T"	"EFF=SYNONYMOUS_CODING(LOW|SILENT|gtT/gtA|V10837|13559|Ank2|protein_coding|CODING|FBtr0303125|16|T),SYNONYMOUS_CODING(LOW|SILENT|gtT/gtA|V10837|11634|Ank2|protein_coding|CODING|FBtr0344224|16|T),INTRON(MODIFIER||||486|CG32373|protein_coding|CODING|FBtr0076805|1|T),INTRON(MODIFIER||||694|CG44195|protein_coding|CODING|FBtr0336853|1|T),INTRON(MODIFIER||||486|CG32373|protein_coding|CODING|FBtr0076806|1|T),INTRON(MODIFIER||||4329|Ank2|protein_coding|CODING|FBtr0303113|15|T),INTRON(MODIFIER||||4223|Ank2|protein_coding|CODING|FBtr0303114|15|T),INTRON(MODIFIER||||4083|Ank2|protein_coding|CODING|FBtr0303117|15|T),INTRON(MODIFIER||||4114|Ank2|protein_coding|CODING|FBtr0303121|16|T),INTRON(MODIFIER||||2532|Ank2|protein_coding|CODING|FBtr0303122|15|T),INTRON(MODIFIER||||4189|Ank2|protein_coding|CODING|FBtr0303123|15|T),INTRON(MODIFIER||||2566|Ank2|protein_coding|CODING|FBtr0344222|15|T),INTRON(MODIFIER||||4230|Ank2|protein_coding|CODING|FBtr0303111|15|T),INTRON(MODIFIER||||4352|Ank2|protein_coding|CODING|FBtr0303112|16|T),INTRON(MODIFIER||||4496|Ank2|protein_coding|CODING|FBtr0303115|16|T),INTRON(MODIFIER||||4264|Ank2|protein_coding|CODING|FBtr0303124|16|T),INTRON(MODIFIER||||4373|Ank2|protein_coding|CODING|FBtr0334060|15|T),INTRON(MODIFIER||||4233|Ank2|protein_coding|CODING|FBtr0344223|15|T),INTRAGENIC(MODIFIER|||||Ank2-PG||NON_CODING|||T),INTRAGENIC(MODIFIER|||||Ank2-PY||NON_CODING|||T),INTRAGENIC(MODIFIER|||||Ank2-PS||NON_CODING|||T),INTRAGENIC(MODIFIER|||||Ank2-PT||NON_CODING|||T),INTRAGENIC(MODIFIER|||||Ank2-PL||NON_CODING|||T),INTRAGENIC(MODIFIER|||||Ank2-PF||NON_CODING|||T),INTRAGENIC(MODIFIER|||||Ank2-PJ||NON_CODING|||T),INTRAGENIC(MODIFIER|||||Ank2-PU||NON_CODING|||T),INTRAGENIC(MODIFIER|||||Ank2-PP||NON_CODING|||T),INTRAGENIC(MODIFIER|||||Ank2-PQ||NON_CODING|||T),INTRAGENIC(MODIFIER|||||Ank2-PR||NON_CODING|||T),INTRAGENIC(MODIFIER|||||Ank2-PK||NON_CODING|||T),INTRAGENIC(MODIFIER|||||Ank2-PV||NON_CODING|||T),INTRAGENIC(MODIFIER|||||Ank2-PZ||NON_CODING|||T),INTRAGENIC(MODIFIER|||||Ank2-PAA||NON_CODING|||T)"	"INTRON"	"CG44195"	FALSE	"INTRON(MODIFIER||||694|CG44195|protein_coding|CODING|FBtr0336853|1|T)"
"3L_7668543"	"3L"	7668543	"A"	"T"	"EFF=SYNONYMOUS_CODING(LOW|SILENT|gtT/gtA|V10837|13559|Ank2|protein_coding|CODING|FBtr0303125|16|T),SYNONYMOUS_CODING(LOW|SILENT|gtT/gtA|V10837|11634|Ank2|protein_coding|CODING|FBtr0344224|16|T),INTRON(MODIFIER||||486|CG32373|protein_coding|CODING|FBtr0076805|1|T),INTRON(MODIFIER||||694|CG44195|protein_coding|CODING|FBtr0336853|1|T),INTRON(MODIFIER||||486|CG32373|protein_coding|CODING|FBtr0076806|1|T),INTRON(MODIFIER||||4329|Ank2|protein_coding|CODING|FBtr0303113|15|T),INTRON(MODIFIER||||4223|Ank2|protein_coding|CODING|FBtr0303114|15|T),INTRON(MODIFIER||||4083|Ank2|protein_coding|CODING|FBtr0303117|15|T),INTRON(MODIFIER||||4114|Ank2|protein_coding|CODING|FBtr0303121|16|T),INTRON(MODIFIER||||2532|Ank2|protein_coding|CODING|FBtr0303122|15|T),INTRON(MODIFIER||||4189|Ank2|protein_coding|CODING|FBtr0303123|15|T),INTRON(MODIFIER||||2566|Ank2|protein_coding|CODING|FBtr0344222|15|T),INTRON(MODIFIER||||4230|Ank2|protein_coding|CODING|FBtr0303111|15|T),INTRON(MODIFIER||||4352|Ank2|protein_coding|CODING|FBtr0303112|16|T),INTRON(MODIFIER||||4496|Ank2|protein_coding|CODING|FBtr0303115|16|T),INTRON(MODIFIER||||4264|Ank2|protein_coding|CODING|FBtr0303124|16|T),INTRON(MODIFIER||||4373|Ank2|protein_coding|CODING|FBtr0334060|15|T),INTRON(MODIFIER||||4233|Ank2|protein_coding|CODING|FBtr0344223|15|T),INTRAGENIC(MODIFIER|||||Ank2-PG||NON_CODING|||T),INTRAGENIC(MODIFIER|||||Ank2-PY||NON_CODING|||T),INTRAGENIC(MODIFIER|||||Ank2-PS||NON_CODING|||T),INTRAGENIC(MODIFIER|||||Ank2-PT||NON_CODING|||T),INTRAGENIC(MODIFIER|||||Ank2-PL||NON_CODING|||T),INTRAGENIC(MODIFIER|||||Ank2-PF||NON_CODING|||T),INTRAGENIC(MODIFIER|||||Ank2-PJ||NON_CODING|||T),INTRAGENIC(MODIFIER|||||Ank2-PU||NON_CODING|||T),INTRAGENIC(MODIFIER|||||Ank2-PP||NON_CODING|||T),INTRAGENIC(MODIFIER|||||Ank2-PQ||NON_CODING|||T),INTRAGENIC(MODIFIER|||||Ank2-PR||NON_CODING|||T),INTRAGENIC(MODIFIER|||||Ank2-PK||NON_CODING|||T),INTRAGENIC(MODIFIER|||||Ank2-PV||NON_CODING|||T),INTRAGENIC(MODIFIER|||||Ank2-PZ||NON_CODING|||T),INTRAGENIC(MODIFIER|||||Ank2-PAA||NON_CODING|||T)"	"INTRON"	"CG32373"	FALSE	"INTRON(MODIFIER||||486|CG32373|protein_coding|CODING|FBtr0076806|1|T)"
"3L_7668543"	"3L"	7668543	"A"	"T"	"EFF=SYNONYMOUS_CODING(LOW|SILENT|gtT/gtA|V10837|13559|Ank2|protein_coding|CODING|FBtr0303125|16|T),SYNONYMOUS_CODING(LOW|SILENT|gtT/gtA|V10837|11634|Ank2|protein_coding|CODING|FBtr0344224|16|T),INTRON(MODIFIER||||486|CG32373|protein_coding|CODING|FBtr0076805|1|T),INTRON(MODIFIER||||694|CG44195|protein_coding|CODING|FBtr0336853|1|T),INTRON(MODIFIER||||486|CG32373|protein_coding|CODING|FBtr0076806|1|T),INTRON(MODIFIER||||4329|Ank2|protein_coding|CODING|FBtr0303113|15|T),INTRON(MODIFIER||||4223|Ank2|protein_coding|CODING|FBtr0303114|15|T),INTRON(MODIFIER||||4083|Ank2|protein_coding|CODING|FBtr0303117|15|T),INTRON(MODIFIER||||4114|Ank2|protein_coding|CODING|FBtr0303121|16|T),INTRON(MODIFIER||||2532|Ank2|protein_coding|CODING|FBtr0303122|15|T),INTRON(MODIFIER||||4189|Ank2|protein_coding|CODING|FBtr0303123|15|T),INTRON(MODIFIER||||2566|Ank2|protein_coding|CODING|FBtr0344222|15|T),INTRON(MODIFIER||||4230|Ank2|protein_coding|CODING|FBtr0303111|15|T),INTRON(MODIFIER||||4352|Ank2|protein_coding|CODING|FBtr0303112|16|T),INTRON(MODIFIER||||4496|Ank2|protein_coding|CODING|FBtr0303115|16|T),INTRON(MODIFIER||||4264|Ank2|protein_coding|CODING|FBtr0303124|16|T),INTRON(MODIFIER||||4373|Ank2|protein_coding|CODING|FBtr0334060|15|T),INTRON(MODIFIER||||4233|Ank2|protein_coding|CODING|FBtr0344223|15|T),INTRAGENIC(MODIFIER|||||Ank2-PG||NON_CODING|||T),INTRAGENIC(MODIFIER|||||Ank2-PY||NON_CODING|||T),INTRAGENIC(MODIFIER|||||Ank2-PS||NON_CODING|||T),INTRAGENIC(MODIFIER|||||Ank2-PT||NON_CODING|||T),INTRAGENIC(MODIFIER|||||Ank2-PL||NON_CODING|||T),INTRAGENIC(MODIFIER|||||Ank2-PF||NON_CODING|||T),INTRAGENIC(MODIFIER|||||Ank2-PJ||NON_CODING|||T),INTRAGENIC(MODIFIER|||||Ank2-PU||NON_CODING|||T),INTRAGENIC(MODIFIER|||||Ank2-PP||NON_CODING|||T),INTRAGENIC(MODIFIER|||||Ank2-PQ||NON_CODING|||T),INTRAGENIC(MODIFIER|||||Ank2-PR||NON_CODING|||T),INTRAGENIC(MODIFIER|||||Ank2-PK||NON_CODING|||T),INTRAGENIC(MODIFIER|||||Ank2-PV||NON_CODING|||T),INTRAGENIC(MODIFIER|||||Ank2-PZ||NON_CODING|||T),INTRAGENIC(MODIFIER|||||Ank2-PAA||NON_CODING|||T)"	"INTRON"	"Ank2"	FALSE	"INTRON(MODIFIER||||4329|Ank2|protein_coding|CODING|FBtr0303113|15|T)"
"3L_7668543"	"3L"	7668543	"A"	"T"	"EFF=SYNONYMOUS_CODING(LOW|SILENT|gtT/gtA|V10837|13559|Ank2|protein_coding|CODING|FBtr0303125|16|T),SYNONYMOUS_CODING(LOW|SILENT|gtT/gtA|V10837|11634|Ank2|protein_coding|CODING|FBtr0344224|16|T),INTRON(MODIFIER||||486|CG32373|protein_coding|CODING|FBtr0076805|1|T),INTRON(MODIFIER||||694|CG44195|protein_coding|CODING|FBtr0336853|1|T),INTRON(MODIFIER||||486|CG32373|protein_coding|CODING|FBtr0076806|1|T),INTRON(MODIFIER||||4329|Ank2|protein_coding|CODING|FBtr0303113|15|T),INTRON(MODIFIER||||4223|Ank2|protein_coding|CODING|FBtr0303114|15|T),INTRON(MODIFIER||||4083|Ank2|protein_coding|CODING|FBtr0303117|15|T),INTRON(MODIFIER||||4114|Ank2|protein_coding|CODING|FBtr0303121|16|T),INTRON(MODIFIER||||2532|Ank2|protein_coding|CODING|FBtr0303122|15|T),INTRON(MODIFIER||||4189|Ank2|protein_coding|CODING|FBtr0303123|15|T),INTRON(MODIFIER||||2566|Ank2|protein_coding|CODING|FBtr0344222|15|T),INTRON(MODIFIER||||4230|Ank2|protein_coding|CODING|FBtr0303111|15|T),INTRON(MODIFIER||||4352|Ank2|protein_coding|CODING|FBtr0303112|16|T),INTRON(MODIFIER||||4496|Ank2|protein_coding|CODING|FBtr0303115|16|T),INTRON(MODIFIER||||4264|Ank2|protein_coding|CODING|FBtr0303124|16|T),INTRON(MODIFIER||||4373|Ank2|protein_coding|CODING|FBtr0334060|15|T),INTRON(MODIFIER||||4233|Ank2|protein_coding|CODING|FBtr0344223|15|T),INTRAGENIC(MODIFIER|||||Ank2-PG||NON_CODING|||T),INTRAGENIC(MODIFIER|||||Ank2-PY||NON_CODING|||T),INTRAGENIC(MODIFIER|||||Ank2-PS||NON_CODING|||T),INTRAGENIC(MODIFIER|||||Ank2-PT||NON_CODING|||T),INTRAGENIC(MODIFIER|||||Ank2-PL||NON_CODING|||T),INTRAGENIC(MODIFIER|||||Ank2-PF||NON_CODING|||T),INTRAGENIC(MODIFIER|||||Ank2-PJ||NON_CODING|||T),INTRAGENIC(MODIFIER|||||Ank2-PU||NON_CODING|||T),INTRAGENIC(MODIFIER|||||Ank2-PP||NON_CODING|||T),INTRAGENIC(MODIFIER|||||Ank2-PQ||NON_CODING|||T),INTRAGENIC(MODIFIER|||||Ank2-PR||NON_CODING|||T),INTRAGENIC(MODIFIER|||||Ank2-PK||NON_CODING|||T),INTRAGENIC(MODIFIER|||||Ank2-PV||NON_CODING|||T),INTRAGENIC(MODIFIER|||||Ank2-PZ||NON_CODING|||T),INTRAGENIC(MODIFIER|||||Ank2-PAA||NON_CODING|||T)"	"INTRON"	"Ank2"	FALSE	"INTRON(MODIFIER||||4223|Ank2|protein_coding|CODING|FBtr0303114|15|T)"
"3L_7668543"	"3L"	7668543	"A"	"T"	"EFF=SYNONYMOUS_CODING(LOW|SILENT|gtT/gtA|V10837|13559|Ank2|protein_coding|CODING|FBtr0303125|16|T),SYNONYMOUS_CODING(LOW|SILENT|gtT/gtA|V10837|11634|Ank2|protein_coding|CODING|FBtr0344224|16|T),INTRON(MODIFIER||||486|CG32373|protein_coding|CODING|FBtr0076805|1|T),INTRON(MODIFIER||||694|CG44195|protein_coding|CODING|FBtr0336853|1|T),INTRON(MODIFIER||||486|CG32373|protein_coding|CODING|FBtr0076806|1|T),INTRON(MODIFIER||||4329|Ank2|protein_coding|CODING|FBtr0303113|15|T),INTRON(MODIFIER||||4223|Ank2|protein_coding|CODING|FBtr0303114|15|T),INTRON(MODIFIER||||4083|Ank2|protein_coding|CODING|FBtr0303117|15|T),INTRON(MODIFIER||||4114|Ank2|protein_coding|CODING|FBtr0303121|16|T),INTRON(MODIFIER||||2532|Ank2|protein_coding|CODING|FBtr0303122|15|T),INTRON(MODIFIER||||4189|Ank2|protein_coding|CODING|FBtr0303123|15|T),INTRON(MODIFIER||||2566|Ank2|protein_coding|CODING|FBtr0344222|15|T),INTRON(MODIFIER||||4230|Ank2|protein_coding|CODING|FBtr0303111|15|T),INTRON(MODIFIER||||4352|Ank2|protein_coding|CODING|FBtr0303112|16|T),INTRON(MODIFIER||||4496|Ank2|protein_coding|CODING|FBtr0303115|16|T),INTRON(MODIFIER||||4264|Ank2|protein_coding|CODING|FBtr0303124|16|T),INTRON(MODIFIER||||4373|Ank2|protein_coding|CODING|FBtr0334060|15|T),INTRON(MODIFIER||||4233|Ank2|protein_coding|CODING|FBtr0344223|15|T),INTRAGENIC(MODIFIER|||||Ank2-PG||NON_CODING|||T),INTRAGENIC(MODIFIER|||||Ank2-PY||NON_CODING|||T),INTRAGENIC(MODIFIER|||||Ank2-PS||NON_CODING|||T),INTRAGENIC(MODIFIER|||||Ank2-PT||NON_CODING|||T),INTRAGENIC(MODIFIER|||||Ank2-PL||NON_CODING|||T),INTRAGENIC(MODIFIER|||||Ank2-PF||NON_CODING|||T),INTRAGENIC(MODIFIER|||||Ank2-PJ||NON_CODING|||T),INTRAGENIC(MODIFIER|||||Ank2-PU||NON_CODING|||T),INTRAGENIC(MODIFIER|||||Ank2-PP||NON_CODING|||T),INTRAGENIC(MODIFIER|||||Ank2-PQ||NON_CODING|||T),INTRAGENIC(MODIFIER|||||Ank2-PR||NON_CODING|||T),INTRAGENIC(MODIFIER|||||Ank2-PK||NON_CODING|||T),INTRAGENIC(MODIFIER|||||Ank2-PV||NON_CODING|||T),INTRAGENIC(MODIFIER|||||Ank2-PZ||NON_CODING|||T),INTRAGENIC(MODIFIER|||||Ank2-PAA||NON_CODING|||T)"	"INTRON"	"Ank2"	FALSE	"INTRON(MODIFIER||||4083|Ank2|protein_coding|CODING|FBtr0303117|15|T)"
"3L_7668543"	"3L"	7668543	"A"	"T"	"EFF=SYNONYMOUS_CODING(LOW|SILENT|gtT/gtA|V10837|13559|Ank2|protein_coding|CODING|FBtr0303125|16|T),SYNONYMOUS_CODING(LOW|SILENT|gtT/gtA|V10837|11634|Ank2|protein_coding|CODING|FBtr0344224|16|T),INTRON(MODIFIER||||486|CG32373|protein_coding|CODING|FBtr0076805|1|T),INTRON(MODIFIER||||694|CG44195|protein_coding|CODING|FBtr0336853|1|T),INTRON(MODIFIER||||486|CG32373|protein_coding|CODING|FBtr0076806|1|T),INTRON(MODIFIER||||4329|Ank2|protein_coding|CODING|FBtr0303113|15|T),INTRON(MODIFIER||||4223|Ank2|protein_coding|CODING|FBtr0303114|15|T),INTRON(MODIFIER||||4083|Ank2|protein_coding|CODING|FBtr0303117|15|T),INTRON(MODIFIER||||4114|Ank2|protein_coding|CODING|FBtr0303121|16|T),INTRON(MODIFIER||||2532|Ank2|protein_coding|CODING|FBtr0303122|15|T),INTRON(MODIFIER||||4189|Ank2|protein_coding|CODING|FBtr0303123|15|T),INTRON(MODIFIER||||2566|Ank2|protein_coding|CODING|FBtr0344222|15|T),INTRON(MODIFIER||||4230|Ank2|protein_coding|CODING|FBtr0303111|15|T),INTRON(MODIFIER||||4352|Ank2|protein_coding|CODING|FBtr0303112|16|T),INTRON(MODIFIER||||4496|Ank2|protein_coding|CODING|FBtr0303115|16|T),INTRON(MODIFIER||||4264|Ank2|protein_coding|CODING|FBtr0303124|16|T),INTRON(MODIFIER||||4373|Ank2|protein_coding|CODING|FBtr0334060|15|T),INTRON(MODIFIER||||4233|Ank2|protein_coding|CODING|FBtr0344223|15|T),INTRAGENIC(MODIFIER|||||Ank2-PG||NON_CODING|||T),INTRAGENIC(MODIFIER|||||Ank2-PY||NON_CODING|||T),INTRAGENIC(MODIFIER|||||Ank2-PS||NON_CODING|||T),INTRAGENIC(MODIFIER|||||Ank2-PT||NON_CODING|||T),INTRAGENIC(MODIFIER|||||Ank2-PL||NON_CODING|||T),INTRAGENIC(MODIFIER|||||Ank2-PF||NON_CODING|||T),INTRAGENIC(MODIFIER|||||Ank2-PJ||NON_CODING|||T),INTRAGENIC(MODIFIER|||||Ank2-PU||NON_CODING|||T),INTRAGENIC(MODIFIER|||||Ank2-PP||NON_CODING|||T),INTRAGENIC(MODIFIER|||||Ank2-PQ||NON_CODING|||T),INTRAGENIC(MODIFIER|||||Ank2-PR||NON_CODING|||T),INTRAGENIC(MODIFIER|||||Ank2-PK||NON_CODING|||T),INTRAGENIC(MODIFIER|||||Ank2-PV||NON_CODING|||T),INTRAGENIC(MODIFIER|||||Ank2-PZ||NON_CODING|||T),INTRAGENIC(MODIFIER|||||Ank2-PAA||NON_CODING|||T)"	"INTRON"	"Ank2"	FALSE	"INTRON(MODIFIER||||4114|Ank2|protein_coding|CODING|FBtr0303121|16|T)"
"3L_7668543"	"3L"	7668543	"A"	"T"	"EFF=SYNONYMOUS_CODING(LOW|SILENT|gtT/gtA|V10837|13559|Ank2|protein_coding|CODING|FBtr0303125|16|T),SYNONYMOUS_CODING(LOW|SILENT|gtT/gtA|V10837|11634|Ank2|protein_coding|CODING|FBtr0344224|16|T),INTRON(MODIFIER||||486|CG32373|protein_coding|CODING|FBtr0076805|1|T),INTRON(MODIFIER||||694|CG44195|protein_coding|CODING|FBtr0336853|1|T),INTRON(MODIFIER||||486|CG32373|protein_coding|CODING|FBtr0076806|1|T),INTRON(MODIFIER||||4329|Ank2|protein_coding|CODING|FBtr0303113|15|T),INTRON(MODIFIER||||4223|Ank2|protein_coding|CODING|FBtr0303114|15|T),INTRON(MODIFIER||||4083|Ank2|protein_coding|CODING|FBtr0303117|15|T),INTRON(MODIFIER||||4114|Ank2|protein_coding|CODING|FBtr0303121|16|T),INTRON(MODIFIER||||2532|Ank2|protein_coding|CODING|FBtr0303122|15|T),INTRON(MODIFIER||||4189|Ank2|protein_coding|CODING|FBtr0303123|15|T),INTRON(MODIFIER||||2566|Ank2|protein_coding|CODING|FBtr0344222|15|T),INTRON(MODIFIER||||4230|Ank2|protein_coding|CODING|FBtr0303111|15|T),INTRON(MODIFIER||||4352|Ank2|protein_coding|CODING|FBtr0303112|16|T),INTRON(MODIFIER||||4496|Ank2|protein_coding|CODING|FBtr0303115|16|T),INTRON(MODIFIER||||4264|Ank2|protein_coding|CODING|FBtr0303124|16|T),INTRON(MODIFIER||||4373|Ank2|protein_coding|CODING|FBtr0334060|15|T),INTRON(MODIFIER||||4233|Ank2|protein_coding|CODING|FBtr0344223|15|T),INTRAGENIC(MODIFIER|||||Ank2-PG||NON_CODING|||T),INTRAGENIC(MODIFIER|||||Ank2-PY||NON_CODING|||T),INTRAGENIC(MODIFIER|||||Ank2-PS||NON_CODING|||T),INTRAGENIC(MODIFIER|||||Ank2-PT||NON_CODING|||T),INTRAGENIC(MODIFIER|||||Ank2-PL||NON_CODING|||T),INTRAGENIC(MODIFIER|||||Ank2-PF||NON_CODING|||T),INTRAGENIC(MODIFIER|||||Ank2-PJ||NON_CODING|||T),INTRAGENIC(MODIFIER|||||Ank2-PU||NON_CODING|||T),INTRAGENIC(MODIFIER|||||Ank2-PP||NON_CODING|||T),INTRAGENIC(MODIFIER|||||Ank2-PQ||NON_CODING|||T),INTRAGENIC(MODIFIER|||||Ank2-PR||NON_CODING|||T),INTRAGENIC(MODIFIER|||||Ank2-PK||NON_CODING|||T),INTRAGENIC(MODIFIER|||||Ank2-PV||NON_CODING|||T),INTRAGENIC(MODIFIER|||||Ank2-PZ||NON_CODING|||T),INTRAGENIC(MODIFIER|||||Ank2-PAA||NON_CODING|||T)"	"INTRON"	"Ank2"	FALSE	"INTRON(MODIFIER||||2532|Ank2|protein_coding|CODING|FBtr0303122|15|T)"
"3L_7668543"	"3L"	7668543	"A"	"T"	"EFF=SYNONYMOUS_CODING(LOW|SILENT|gtT/gtA|V10837|13559|Ank2|protein_coding|CODING|FBtr0303125|16|T),SYNONYMOUS_CODING(LOW|SILENT|gtT/gtA|V10837|11634|Ank2|protein_coding|CODING|FBtr0344224|16|T),INTRON(MODIFIER||||486|CG32373|protein_coding|CODING|FBtr0076805|1|T),INTRON(MODIFIER||||694|CG44195|protein_coding|CODING|FBtr0336853|1|T),INTRON(MODIFIER||||486|CG32373|protein_coding|CODING|FBtr0076806|1|T),INTRON(MODIFIER||||4329|Ank2|protein_coding|CODING|FBtr0303113|15|T),INTRON(MODIFIER||||4223|Ank2|protein_coding|CODING|FBtr0303114|15|T),INTRON(MODIFIER||||4083|Ank2|protein_coding|CODING|FBtr0303117|15|T),INTRON(MODIFIER||||4114|Ank2|protein_coding|CODING|FBtr0303121|16|T),INTRON(MODIFIER||||2532|Ank2|protein_coding|CODING|FBtr0303122|15|T),INTRON(MODIFIER||||4189|Ank2|protein_coding|CODING|FBtr0303123|15|T),INTRON(MODIFIER||||2566|Ank2|protein_coding|CODING|FBtr0344222|15|T),INTRON(MODIFIER||||4230|Ank2|protein_coding|CODING|FBtr0303111|15|T),INTRON(MODIFIER||||4352|Ank2|protein_coding|CODING|FBtr0303112|16|T),INTRON(MODIFIER||||4496|Ank2|protein_coding|CODING|FBtr0303115|16|T),INTRON(MODIFIER||||4264|Ank2|protein_coding|CODING|FBtr0303124|16|T),INTRON(MODIFIER||||4373|Ank2|protein_coding|CODING|FBtr0334060|15|T),INTRON(MODIFIER||||4233|Ank2|protein_coding|CODING|FBtr0344223|15|T),INTRAGENIC(MODIFIER|||||Ank2-PG||NON_CODING|||T),INTRAGENIC(MODIFIER|||||Ank2-PY||NON_CODING|||T),INTRAGENIC(MODIFIER|||||Ank2-PS||NON_CODING|||T),INTRAGENIC(MODIFIER|||||Ank2-PT||NON_CODING|||T),INTRAGENIC(MODIFIER|||||Ank2-PL||NON_CODING|||T),INTRAGENIC(MODIFIER|||||Ank2-PF||NON_CODING|||T),INTRAGENIC(MODIFIER|||||Ank2-PJ||NON_CODING|||T),INTRAGENIC(MODIFIER|||||Ank2-PU||NON_CODING|||T),INTRAGENIC(MODIFIER|||||Ank2-PP||NON_CODING|||T),INTRAGENIC(MODIFIER|||||Ank2-PQ||NON_CODING|||T),INTRAGENIC(MODIFIER|||||Ank2-PR||NON_CODING|||T),INTRAGENIC(MODIFIER|||||Ank2-PK||NON_CODING|||T),INTRAGENIC(MODIFIER|||||Ank2-PV||NON_CODING|||T),INTRAGENIC(MODIFIER|||||Ank2-PZ||NON_CODING|||T),INTRAGENIC(MODIFIER|||||Ank2-PAA||NON_CODING|||T)"	"INTRON"	"Ank2"	FALSE	"INTRON(MODIFIER||||4189|Ank2|protein_coding|CODING|FBtr0303123|15|T)"
"3L_7668543"	"3L"	7668543	"A"	"T"	"EFF=SYNONYMOUS_CODING(LOW|SILENT|gtT/gtA|V10837|13559|Ank2|protein_coding|CODING|FBtr0303125|16|T),SYNONYMOUS_CODING(LOW|SILENT|gtT/gtA|V10837|11634|Ank2|protein_coding|CODING|FBtr0344224|16|T),INTRON(MODIFIER||||486|CG32373|protein_coding|CODING|FBtr0076805|1|T),INTRON(MODIFIER||||694|CG44195|protein_coding|CODING|FBtr0336853|1|T),INTRON(MODIFIER||||486|CG32373|protein_coding|CODING|FBtr0076806|1|T),INTRON(MODIFIER||||4329|Ank2|protein_coding|CODING|FBtr0303113|15|T),INTRON(MODIFIER||||4223|Ank2|protein_coding|CODING|FBtr0303114|15|T),INTRON(MODIFIER||||4083|Ank2|protein_coding|CODING|FBtr0303117|15|T),INTRON(MODIFIER||||4114|Ank2|protein_coding|CODING|FBtr0303121|16|T),INTRON(MODIFIER||||2532|Ank2|protein_coding|CODING|FBtr0303122|15|T),INTRON(MODIFIER||||4189|Ank2|protein_coding|CODING|FBtr0303123|15|T),INTRON(MODIFIER||||2566|Ank2|protein_coding|CODING|FBtr0344222|15|T),INTRON(MODIFIER||||4230|Ank2|protein_coding|CODING|FBtr0303111|15|T),INTRON(MODIFIER||||4352|Ank2|protein_coding|CODING|FBtr0303112|16|T),INTRON(MODIFIER||||4496|Ank2|protein_coding|CODING|FBtr0303115|16|T),INTRON(MODIFIER||||4264|Ank2|protein_coding|CODING|FBtr0303124|16|T),INTRON(MODIFIER||||4373|Ank2|protein_coding|CODING|FBtr0334060|15|T),INTRON(MODIFIER||||4233|Ank2|protein_coding|CODING|FBtr0344223|15|T),INTRAGENIC(MODIFIER|||||Ank2-PG||NON_CODING|||T),INTRAGENIC(MODIFIER|||||Ank2-PY||NON_CODING|||T),INTRAGENIC(MODIFIER|||||Ank2-PS||NON_CODING|||T),INTRAGENIC(MODIFIER|||||Ank2-PT||NON_CODING|||T),INTRAGENIC(MODIFIER|||||Ank2-PL||NON_CODING|||T),INTRAGENIC(MODIFIER|||||Ank2-PF||NON_CODING|||T),INTRAGENIC(MODIFIER|||||Ank2-PJ||NON_CODING|||T),INTRAGENIC(MODIFIER|||||Ank2-PU||NON_CODING|||T),INTRAGENIC(MODIFIER|||||Ank2-PP||NON_CODING|||T),INTRAGENIC(MODIFIER|||||Ank2-PQ||NON_CODING|||T),INTRAGENIC(MODIFIER|||||Ank2-PR||NON_CODING|||T),INTRAGENIC(MODIFIER|||||Ank2-PK||NON_CODING|||T),INTRAGENIC(MODIFIER|||||Ank2-PV||NON_CODING|||T),INTRAGENIC(MODIFIER|||||Ank2-PZ||NON_CODING|||T),INTRAGENIC(MODIFIER|||||Ank2-PAA||NON_CODING|||T)"	"INTRON"	"Ank2"	FALSE	"INTRON(MODIFIER||||2566|Ank2|protein_coding|CODING|FBtr0344222|15|T)"
"3L_7668543"	"3L"	7668543	"A"	"T"	"EFF=SYNONYMOUS_CODING(LOW|SILENT|gtT/gtA|V10837|13559|Ank2|protein_coding|CODING|FBtr0303125|16|T),SYNONYMOUS_CODING(LOW|SILENT|gtT/gtA|V10837|11634|Ank2|protein_coding|CODING|FBtr0344224|16|T),INTRON(MODIFIER||||486|CG32373|protein_coding|CODING|FBtr0076805|1|T),INTRON(MODIFIER||||694|CG44195|protein_coding|CODING|FBtr0336853|1|T),INTRON(MODIFIER||||486|CG32373|protein_coding|CODING|FBtr0076806|1|T),INTRON(MODIFIER||||4329|Ank2|protein_coding|CODING|FBtr0303113|15|T),INTRON(MODIFIER||||4223|Ank2|protein_coding|CODING|FBtr0303114|15|T),INTRON(MODIFIER||||4083|Ank2|protein_coding|CODING|FBtr0303117|15|T),INTRON(MODIFIER||||4114|Ank2|protein_coding|CODING|FBtr0303121|16|T),INTRON(MODIFIER||||2532|Ank2|protein_coding|CODING|FBtr0303122|15|T),INTRON(MODIFIER||||4189|Ank2|protein_coding|CODING|FBtr0303123|15|T),INTRON(MODIFIER||||2566|Ank2|protein_coding|CODING|FBtr0344222|15|T),INTRON(MODIFIER||||4230|Ank2|protein_coding|CODING|FBtr0303111|15|T),INTRON(MODIFIER||||4352|Ank2|protein_coding|CODING|FBtr0303112|16|T),INTRON(MODIFIER||||4496|Ank2|protein_coding|CODING|FBtr0303115|16|T),INTRON(MODIFIER||||4264|Ank2|protein_coding|CODING|FBtr0303124|16|T),INTRON(MODIFIER||||4373|Ank2|protein_coding|CODING|FBtr0334060|15|T),INTRON(MODIFIER||||4233|Ank2|protein_coding|CODING|FBtr0344223|15|T),INTRAGENIC(MODIFIER|||||Ank2-PG||NON_CODING|||T),INTRAGENIC(MODIFIER|||||Ank2-PY||NON_CODING|||T),INTRAGENIC(MODIFIER|||||Ank2-PS||NON_CODING|||T),INTRAGENIC(MODIFIER|||||Ank2-PT||NON_CODING|||T),INTRAGENIC(MODIFIER|||||Ank2-PL||NON_CODING|||T),INTRAGENIC(MODIFIER|||||Ank2-PF||NON_CODING|||T),INTRAGENIC(MODIFIER|||||Ank2-PJ||NON_CODING|||T),INTRAGENIC(MODIFIER|||||Ank2-PU||NON_CODING|||T),INTRAGENIC(MODIFIER|||||Ank2-PP||NON_CODING|||T),INTRAGENIC(MODIFIER|||||Ank2-PQ||NON_CODING|||T),INTRAGENIC(MODIFIER|||||Ank2-PR||NON_CODING|||T),INTRAGENIC(MODIFIER|||||Ank2-PK||NON_CODING|||T),INTRAGENIC(MODIFIER|||||Ank2-PV||NON_CODING|||T),INTRAGENIC(MODIFIER|||||Ank2-PZ||NON_CODING|||T),INTRAGENIC(MODIFIER|||||Ank2-PAA||NON_CODING|||T)"	"INTRON"	"Ank2"	FALSE	"INTRON(MODIFIER||||4230|Ank2|protein_coding|CODING|FBtr0303111|15|T)"
"3L_7668543"	"3L"	7668543	"A"	"T"	"EFF=SYNONYMOUS_CODING(LOW|SILENT|gtT/gtA|V10837|13559|Ank2|protein_coding|CODING|FBtr0303125|16|T),SYNONYMOUS_CODING(LOW|SILENT|gtT/gtA|V10837|11634|Ank2|protein_coding|CODING|FBtr0344224|16|T),INTRON(MODIFIER||||486|CG32373|protein_coding|CODING|FBtr0076805|1|T),INTRON(MODIFIER||||694|CG44195|protein_coding|CODING|FBtr0336853|1|T),INTRON(MODIFIER||||486|CG32373|protein_coding|CODING|FBtr0076806|1|T),INTRON(MODIFIER||||4329|Ank2|protein_coding|CODING|FBtr0303113|15|T),INTRON(MODIFIER||||4223|Ank2|protein_coding|CODING|FBtr0303114|15|T),INTRON(MODIFIER||||4083|Ank2|protein_coding|CODING|FBtr0303117|15|T),INTRON(MODIFIER||||4114|Ank2|protein_coding|CODING|FBtr0303121|16|T),INTRON(MODIFIER||||2532|Ank2|protein_coding|CODING|FBtr0303122|15|T),INTRON(MODIFIER||||4189|Ank2|protein_coding|CODING|FBtr0303123|15|T),INTRON(MODIFIER||||2566|Ank2|protein_coding|CODING|FBtr0344222|15|T),INTRON(MODIFIER||||4230|Ank2|protein_coding|CODING|FBtr0303111|15|T),INTRON(MODIFIER||||4352|Ank2|protein_coding|CODING|FBtr0303112|16|T),INTRON(MODIFIER||||4496|Ank2|protein_coding|CODING|FBtr0303115|16|T),INTRON(MODIFIER||||4264|Ank2|protein_coding|CODING|FBtr0303124|16|T),INTRON(MODIFIER||||4373|Ank2|protein_coding|CODING|FBtr0334060|15|T),INTRON(MODIFIER||||4233|Ank2|protein_coding|CODING|FBtr0344223|15|T),INTRAGENIC(MODIFIER|||||Ank2-PG||NON_CODING|||T),INTRAGENIC(MODIFIER|||||Ank2-PY||NON_CODING|||T),INTRAGENIC(MODIFIER|||||Ank2-PS||NON_CODING|||T),INTRAGENIC(MODIFIER|||||Ank2-PT||NON_CODING|||T),INTRAGENIC(MODIFIER|||||Ank2-PL||NON_CODING|||T),INTRAGENIC(MODIFIER|||||Ank2-PF||NON_CODING|||T),INTRAGENIC(MODIFIER|||||Ank2-PJ||NON_CODING|||T),INTRAGENIC(MODIFIER|||||Ank2-PU||NON_CODING|||T),INTRAGENIC(MODIFIER|||||Ank2-PP||NON_CODING|||T),INTRAGENIC(MODIFIER|||||Ank2-PQ||NON_CODING|||T),INTRAGENIC(MODIFIER|||||Ank2-PR||NON_CODING|||T),INTRAGENIC(MODIFIER|||||Ank2-PK||NON_CODING|||T),INTRAGENIC(MODIFIER|||||Ank2-PV||NON_CODING|||T),INTRAGENIC(MODIFIER|||||Ank2-PZ||NON_CODING|||T),INTRAGENIC(MODIFIER|||||Ank2-PAA||NON_CODING|||T)"	"INTRON"	"Ank2"	FALSE	"INTRON(MODIFIER||||4352|Ank2|protein_coding|CODING|FBtr0303112|16|T)"
"3L_7668543"	"3L"	7668543	"A"	"T"	"EFF=SYNONYMOUS_CODING(LOW|SILENT|gtT/gtA|V10837|13559|Ank2|protein_coding|CODING|FBtr0303125|16|T),SYNONYMOUS_CODING(LOW|SILENT|gtT/gtA|V10837|11634|Ank2|protein_coding|CODING|FBtr0344224|16|T),INTRON(MODIFIER||||486|CG32373|protein_coding|CODING|FBtr0076805|1|T),INTRON(MODIFIER||||694|CG44195|protein_coding|CODING|FBtr0336853|1|T),INTRON(MODIFIER||||486|CG32373|protein_coding|CODING|FBtr0076806|1|T),INTRON(MODIFIER||||4329|Ank2|protein_coding|CODING|FBtr0303113|15|T),INTRON(MODIFIER||||4223|Ank2|protein_coding|CODING|FBtr0303114|15|T),INTRON(MODIFIER||||4083|Ank2|protein_coding|CODING|FBtr0303117|15|T),INTRON(MODIFIER||||4114|Ank2|protein_coding|CODING|FBtr0303121|16|T),INTRON(MODIFIER||||2532|Ank2|protein_coding|CODING|FBtr0303122|15|T),INTRON(MODIFIER||||4189|Ank2|protein_coding|CODING|FBtr0303123|15|T),INTRON(MODIFIER||||2566|Ank2|protein_coding|CODING|FBtr0344222|15|T),INTRON(MODIFIER||||4230|Ank2|protein_coding|CODING|FBtr0303111|15|T),INTRON(MODIFIER||||4352|Ank2|protein_coding|CODING|FBtr0303112|16|T),INTRON(MODIFIER||||4496|Ank2|protein_coding|CODING|FBtr0303115|16|T),INTRON(MODIFIER||||4264|Ank2|protein_coding|CODING|FBtr0303124|16|T),INTRON(MODIFIER||||4373|Ank2|protein_coding|CODING|FBtr0334060|15|T),INTRON(MODIFIER||||4233|Ank2|protein_coding|CODING|FBtr0344223|15|T),INTRAGENIC(MODIFIER|||||Ank2-PG||NON_CODING|||T),INTRAGENIC(MODIFIER|||||Ank2-PY||NON_CODING|||T),INTRAGENIC(MODIFIER|||||Ank2-PS||NON_CODING|||T),INTRAGENIC(MODIFIER|||||Ank2-PT||NON_CODING|||T),INTRAGENIC(MODIFIER|||||Ank2-PL||NON_CODING|||T),INTRAGENIC(MODIFIER|||||Ank2-PF||NON_CODING|||T),INTRAGENIC(MODIFIER|||||Ank2-PJ||NON_CODING|||T),INTRAGENIC(MODIFIER|||||Ank2-PU||NON_CODING|||T),INTRAGENIC(MODIFIER|||||Ank2-PP||NON_CODING|||T),INTRAGENIC(MODIFIER|||||Ank2-PQ||NON_CODING|||T),INTRAGENIC(MODIFIER|||||Ank2-PR||NON_CODING|||T),INTRAGENIC(MODIFIER|||||Ank2-PK||NON_CODING|||T),INTRAGENIC(MODIFIER|||||Ank2-PV||NON_CODING|||T),INTRAGENIC(MODIFIER|||||Ank2-PZ||NON_CODING|||T),INTRAGENIC(MODIFIER|||||Ank2-PAA||NON_CODING|||T)"	"INTRON"	"Ank2"	FALSE	"INTRON(MODIFIER||||4496|Ank2|protein_coding|CODING|FBtr0303115|16|T)"
"3L_7668543"	"3L"	7668543	"A"	"T"	"EFF=SYNONYMOUS_CODING(LOW|SILENT|gtT/gtA|V10837|13559|Ank2|protein_coding|CODING|FBtr0303125|16|T),SYNONYMOUS_CODING(LOW|SILENT|gtT/gtA|V10837|11634|Ank2|protein_coding|CODING|FBtr0344224|16|T),INTRON(MODIFIER||||486|CG32373|protein_coding|CODING|FBtr0076805|1|T),INTRON(MODIFIER||||694|CG44195|protein_coding|CODING|FBtr0336853|1|T),INTRON(MODIFIER||||486|CG32373|protein_coding|CODING|FBtr0076806|1|T),INTRON(MODIFIER||||4329|Ank2|protein_coding|CODING|FBtr0303113|15|T),INTRON(MODIFIER||||4223|Ank2|protein_coding|CODING|FBtr0303114|15|T),INTRON(MODIFIER||||4083|Ank2|protein_coding|CODING|FBtr0303117|15|T),INTRON(MODIFIER||||4114|Ank2|protein_coding|CODING|FBtr0303121|16|T),INTRON(MODIFIER||||2532|Ank2|protein_coding|CODING|FBtr0303122|15|T),INTRON(MODIFIER||||4189|Ank2|protein_coding|CODING|FBtr0303123|15|T),INTRON(MODIFIER||||2566|Ank2|protein_coding|CODING|FBtr0344222|15|T),INTRON(MODIFIER||||4230|Ank2|protein_coding|CODING|FBtr0303111|15|T),INTRON(MODIFIER||||4352|Ank2|protein_coding|CODING|FBtr0303112|16|T),INTRON(MODIFIER||||4496|Ank2|protein_coding|CODING|FBtr0303115|16|T),INTRON(MODIFIER||||4264|Ank2|protein_coding|CODING|FBtr0303124|16|T),INTRON(MODIFIER||||4373|Ank2|protein_coding|CODING|FBtr0334060|15|T),INTRON(MODIFIER||||4233|Ank2|protein_coding|CODING|FBtr0344223|15|T),INTRAGENIC(MODIFIER|||||Ank2-PG||NON_CODING|||T),INTRAGENIC(MODIFIER|||||Ank2-PY||NON_CODING|||T),INTRAGENIC(MODIFIER|||||Ank2-PS||NON_CODING|||T),INTRAGENIC(MODIFIER|||||Ank2-PT||NON_CODING|||T),INTRAGENIC(MODIFIER|||||Ank2-PL||NON_CODING|||T),INTRAGENIC(MODIFIER|||||Ank2-PF||NON_CODING|||T),INTRAGENIC(MODIFIER|||||Ank2-PJ||NON_CODING|||T),INTRAGENIC(MODIFIER|||||Ank2-PU||NON_CODING|||T),INTRAGENIC(MODIFIER|||||Ank2-PP||NON_CODING|||T),INTRAGENIC(MODIFIER|||||Ank2-PQ||NON_CODING|||T),INTRAGENIC(MODIFIER|||||Ank2-PR||NON_CODING|||T),INTRAGENIC(MODIFIER|||||Ank2-PK||NON_CODING|||T),INTRAGENIC(MODIFIER|||||Ank2-PV||NON_CODING|||T),INTRAGENIC(MODIFIER|||||Ank2-PZ||NON_CODING|||T),INTRAGENIC(MODIFIER|||||Ank2-PAA||NON_CODING|||T)"	"INTRON"	"Ank2"	FALSE	"INTRON(MODIFIER||||4264|Ank2|protein_coding|CODING|FBtr0303124|16|T)"
"3L_7668543"	"3L"	7668543	"A"	"T"	"EFF=SYNONYMOUS_CODING(LOW|SILENT|gtT/gtA|V10837|13559|Ank2|protein_coding|CODING|FBtr0303125|16|T),SYNONYMOUS_CODING(LOW|SILENT|gtT/gtA|V10837|11634|Ank2|protein_coding|CODING|FBtr0344224|16|T),INTRON(MODIFIER||||486|CG32373|protein_coding|CODING|FBtr0076805|1|T),INTRON(MODIFIER||||694|CG44195|protein_coding|CODING|FBtr0336853|1|T),INTRON(MODIFIER||||486|CG32373|protein_coding|CODING|FBtr0076806|1|T),INTRON(MODIFIER||||4329|Ank2|protein_coding|CODING|FBtr0303113|15|T),INTRON(MODIFIER||||4223|Ank2|protein_coding|CODING|FBtr0303114|15|T),INTRON(MODIFIER||||4083|Ank2|protein_coding|CODING|FBtr0303117|15|T),INTRON(MODIFIER||||4114|Ank2|protein_coding|CODING|FBtr0303121|16|T),INTRON(MODIFIER||||2532|Ank2|protein_coding|CODING|FBtr0303122|15|T),INTRON(MODIFIER||||4189|Ank2|protein_coding|CODING|FBtr0303123|15|T),INTRON(MODIFIER||||2566|Ank2|protein_coding|CODING|FBtr0344222|15|T),INTRON(MODIFIER||||4230|Ank2|protein_coding|CODING|FBtr0303111|15|T),INTRON(MODIFIER||||4352|Ank2|protein_coding|CODING|FBtr0303112|16|T),INTRON(MODIFIER||||4496|Ank2|protein_coding|CODING|FBtr0303115|16|T),INTRON(MODIFIER||||4264|Ank2|protein_coding|CODING|FBtr0303124|16|T),INTRON(MODIFIER||||4373|Ank2|protein_coding|CODING|FBtr0334060|15|T),INTRON(MODIFIER||||4233|Ank2|protein_coding|CODING|FBtr0344223|15|T),INTRAGENIC(MODIFIER|||||Ank2-PG||NON_CODING|||T),INTRAGENIC(MODIFIER|||||Ank2-PY||NON_CODING|||T),INTRAGENIC(MODIFIER|||||Ank2-PS||NON_CODING|||T),INTRAGENIC(MODIFIER|||||Ank2-PT||NON_CODING|||T),INTRAGENIC(MODIFIER|||||Ank2-PL||NON_CODING|||T),INTRAGENIC(MODIFIER|||||Ank2-PF||NON_CODING|||T),INTRAGENIC(MODIFIER|||||Ank2-PJ||NON_CODING|||T),INTRAGENIC(MODIFIER|||||Ank2-PU||NON_CODING|||T),INTRAGENIC(MODIFIER|||||Ank2-PP||NON_CODING|||T),INTRAGENIC(MODIFIER|||||Ank2-PQ||NON_CODING|||T),INTRAGENIC(MODIFIER|||||Ank2-PR||NON_CODING|||T),INTRAGENIC(MODIFIER|||||Ank2-PK||NON_CODING|||T),INTRAGENIC(MODIFIER|||||Ank2-PV||NON_CODING|||T),INTRAGENIC(MODIFIER|||||Ank2-PZ||NON_CODING|||T),INTRAGENIC(MODIFIER|||||Ank2-PAA||NON_CODING|||T)"	"INTRON"	"Ank2"	FALSE	"INTRON(MODIFIER||||4373|Ank2|protein_coding|CODING|FBtr0334060|15|T)"
"3L_7668543"	"3L"	7668543	"A"	"T"	"EFF=SYNONYMOUS_CODING(LOW|SILENT|gtT/gtA|V10837|13559|Ank2|protein_coding|CODING|FBtr0303125|16|T),SYNONYMOUS_CODING(LOW|SILENT|gtT/gtA|V10837|11634|Ank2|protein_coding|CODING|FBtr0344224|16|T),INTRON(MODIFIER||||486|CG32373|protein_coding|CODING|FBtr0076805|1|T),INTRON(MODIFIER||||694|CG44195|protein_coding|CODING|FBtr0336853|1|T),INTRON(MODIFIER||||486|CG32373|protein_coding|CODING|FBtr0076806|1|T),INTRON(MODIFIER||||4329|Ank2|protein_coding|CODING|FBtr0303113|15|T),INTRON(MODIFIER||||4223|Ank2|protein_coding|CODING|FBtr0303114|15|T),INTRON(MODIFIER||||4083|Ank2|protein_coding|CODING|FBtr0303117|15|T),INTRON(MODIFIER||||4114|Ank2|protein_coding|CODING|FBtr0303121|16|T),INTRON(MODIFIER||||2532|Ank2|protein_coding|CODING|FBtr0303122|15|T),INTRON(MODIFIER||||4189|Ank2|protein_coding|CODING|FBtr0303123|15|T),INTRON(MODIFIER||||2566|Ank2|protein_coding|CODING|FBtr0344222|15|T),INTRON(MODIFIER||||4230|Ank2|protein_coding|CODING|FBtr0303111|15|T),INTRON(MODIFIER||||4352|Ank2|protein_coding|CODING|FBtr0303112|16|T),INTRON(MODIFIER||||4496|Ank2|protein_coding|CODING|FBtr0303115|16|T),INTRON(MODIFIER||||4264|Ank2|protein_coding|CODING|FBtr0303124|16|T),INTRON(MODIFIER||||4373|Ank2|protein_coding|CODING|FBtr0334060|15|T),INTRON(MODIFIER||||4233|Ank2|protein_coding|CODING|FBtr0344223|15|T),INTRAGENIC(MODIFIER|||||Ank2-PG||NON_CODING|||T),INTRAGENIC(MODIFIER|||||Ank2-PY||NON_CODING|||T),INTRAGENIC(MODIFIER|||||Ank2-PS||NON_CODING|||T),INTRAGENIC(MODIFIER|||||Ank2-PT||NON_CODING|||T),INTRAGENIC(MODIFIER|||||Ank2-PL||NON_CODING|||T),INTRAGENIC(MODIFIER|||||Ank2-PF||NON_CODING|||T),INTRAGENIC(MODIFIER|||||Ank2-PJ||NON_CODING|||T),INTRAGENIC(MODIFIER|||||Ank2-PU||NON_CODING|||T),INTRAGENIC(MODIFIER|||||Ank2-PP||NON_CODING|||T),INTRAGENIC(MODIFIER|||||Ank2-PQ||NON_CODING|||T),INTRAGENIC(MODIFIER|||||Ank2-PR||NON_CODING|||T),INTRAGENIC(MODIFIER|||||Ank2-PK||NON_CODING|||T),INTRAGENIC(MODIFIER|||||Ank2-PV||NON_CODING|||T),INTRAGENIC(MODIFIER|||||Ank2-PZ||NON_CODING|||T),INTRAGENIC(MODIFIER|||||Ank2-PAA||NON_CODING|||T)"	"INTRON"	"Ank2"	FALSE	"INTRON(MODIFIER||||4233|Ank2|protein_coding|CODING|FBtr0344223|15|T)"
"3L_7668543"	"3L"	7668543	"A"	"T"	"EFF=SYNONYMOUS_CODING(LOW|SILENT|gtT/gtA|V10837|13559|Ank2|protein_coding|CODING|FBtr0303125|16|T),SYNONYMOUS_CODING(LOW|SILENT|gtT/gtA|V10837|11634|Ank2|protein_coding|CODING|FBtr0344224|16|T),INTRON(MODIFIER||||486|CG32373|protein_coding|CODING|FBtr0076805|1|T),INTRON(MODIFIER||||694|CG44195|protein_coding|CODING|FBtr0336853|1|T),INTRON(MODIFIER||||486|CG32373|protein_coding|CODING|FBtr0076806|1|T),INTRON(MODIFIER||||4329|Ank2|protein_coding|CODING|FBtr0303113|15|T),INTRON(MODIFIER||||4223|Ank2|protein_coding|CODING|FBtr0303114|15|T),INTRON(MODIFIER||||4083|Ank2|protein_coding|CODING|FBtr0303117|15|T),INTRON(MODIFIER||||4114|Ank2|protein_coding|CODING|FBtr0303121|16|T),INTRON(MODIFIER||||2532|Ank2|protein_coding|CODING|FBtr0303122|15|T),INTRON(MODIFIER||||4189|Ank2|protein_coding|CODING|FBtr0303123|15|T),INTRON(MODIFIER||||2566|Ank2|protein_coding|CODING|FBtr0344222|15|T),INTRON(MODIFIER||||4230|Ank2|protein_coding|CODING|FBtr0303111|15|T),INTRON(MODIFIER||||4352|Ank2|protein_coding|CODING|FBtr0303112|16|T),INTRON(MODIFIER||||4496|Ank2|protein_coding|CODING|FBtr0303115|16|T),INTRON(MODIFIER||||4264|Ank2|protein_coding|CODING|FBtr0303124|16|T),INTRON(MODIFIER||||4373|Ank2|protein_coding|CODING|FBtr0334060|15|T),INTRON(MODIFIER||||4233|Ank2|protein_coding|CODING|FBtr0344223|15|T),INTRAGENIC(MODIFIER|||||Ank2-PG||NON_CODING|||T),INTRAGENIC(MODIFIER|||||Ank2-PY||NON_CODING|||T),INTRAGENIC(MODIFIER|||||Ank2-PS||NON_CODING|||T),INTRAGENIC(MODIFIER|||||Ank2-PT||NON_CODING|||T),INTRAGENIC(MODIFIER|||||Ank2-PL||NON_CODING|||T),INTRAGENIC(MODIFIER|||||Ank2-PF||NON_CODING|||T),INTRAGENIC(MODIFIER|||||Ank2-PJ||NON_CODING|||T),INTRAGENIC(MODIFIER|||||Ank2-PU||NON_CODING|||T),INTRAGENIC(MODIFIER|||||Ank2-PP||NON_CODING|||T),INTRAGENIC(MODIFIER|||||Ank2-PQ||NON_CODING|||T),INTRAGENIC(MODIFIER|||||Ank2-PR||NON_CODING|||T),INTRAGENIC(MODIFIER|||||Ank2-PK||NON_CODING|||T),INTRAGENIC(MODIFIER|||||Ank2-PV||NON_CODING|||T),INTRAGENIC(MODIFIER|||||Ank2-PZ||NON_CODING|||T),INTRAGENIC(MODIFIER|||||Ank2-PAA||NON_CODING|||T)"	"INTRAGENIC"	"Ank2-PG"	FALSE	"INTRAGENIC(MODIFIER|||||Ank2-PG||NON_CODING|||T)"
"3L_7668543"	"3L"	7668543	"A"	"T"	"EFF=SYNONYMOUS_CODING(LOW|SILENT|gtT/gtA|V10837|13559|Ank2|protein_coding|CODING|FBtr0303125|16|T),SYNONYMOUS_CODING(LOW|SILENT|gtT/gtA|V10837|11634|Ank2|protein_coding|CODING|FBtr0344224|16|T),INTRON(MODIFIER||||486|CG32373|protein_coding|CODING|FBtr0076805|1|T),INTRON(MODIFIER||||694|CG44195|protein_coding|CODING|FBtr0336853|1|T),INTRON(MODIFIER||||486|CG32373|protein_coding|CODING|FBtr0076806|1|T),INTRON(MODIFIER||||4329|Ank2|protein_coding|CODING|FBtr0303113|15|T),INTRON(MODIFIER||||4223|Ank2|protein_coding|CODING|FBtr0303114|15|T),INTRON(MODIFIER||||4083|Ank2|protein_coding|CODING|FBtr0303117|15|T),INTRON(MODIFIER||||4114|Ank2|protein_coding|CODING|FBtr0303121|16|T),INTRON(MODIFIER||||2532|Ank2|protein_coding|CODING|FBtr0303122|15|T),INTRON(MODIFIER||||4189|Ank2|protein_coding|CODING|FBtr0303123|15|T),INTRON(MODIFIER||||2566|Ank2|protein_coding|CODING|FBtr0344222|15|T),INTRON(MODIFIER||||4230|Ank2|protein_coding|CODING|FBtr0303111|15|T),INTRON(MODIFIER||||4352|Ank2|protein_coding|CODING|FBtr0303112|16|T),INTRON(MODIFIER||||4496|Ank2|protein_coding|CODING|FBtr0303115|16|T),INTRON(MODIFIER||||4264|Ank2|protein_coding|CODING|FBtr0303124|16|T),INTRON(MODIFIER||||4373|Ank2|protein_coding|CODING|FBtr0334060|15|T),INTRON(MODIFIER||||4233|Ank2|protein_coding|CODING|FBtr0344223|15|T),INTRAGENIC(MODIFIER|||||Ank2-PG||NON_CODING|||T),INTRAGENIC(MODIFIER|||||Ank2-PY||NON_CODING|||T),INTRAGENIC(MODIFIER|||||Ank2-PS||NON_CODING|||T),INTRAGENIC(MODIFIER|||||Ank2-PT||NON_CODING|||T),INTRAGENIC(MODIFIER|||||Ank2-PL||NON_CODING|||T),INTRAGENIC(MODIFIER|||||Ank2-PF||NON_CODING|||T),INTRAGENIC(MODIFIER|||||Ank2-PJ||NON_CODING|||T),INTRAGENIC(MODIFIER|||||Ank2-PU||NON_CODING|||T),INTRAGENIC(MODIFIER|||||Ank2-PP||NON_CODING|||T),INTRAGENIC(MODIFIER|||||Ank2-PQ||NON_CODING|||T),INTRAGENIC(MODIFIER|||||Ank2-PR||NON_CODING|||T),INTRAGENIC(MODIFIER|||||Ank2-PK||NON_CODING|||T),INTRAGENIC(MODIFIER|||||Ank2-PV||NON_CODING|||T),INTRAGENIC(MODIFIER|||||Ank2-PZ||NON_CODING|||T),INTRAGENIC(MODIFIER|||||Ank2-PAA||NON_CODING|||T)"	"INTRAGENIC"	"Ank2-PY"	FALSE	"INTRAGENIC(MODIFIER|||||Ank2-PY||NON_CODING|||T)"
"3L_7668543"	"3L"	7668543	"A"	"T"	"EFF=SYNONYMOUS_CODING(LOW|SILENT|gtT/gtA|V10837|13559|Ank2|protein_coding|CODING|FBtr0303125|16|T),SYNONYMOUS_CODING(LOW|SILENT|gtT/gtA|V10837|11634|Ank2|protein_coding|CODING|FBtr0344224|16|T),INTRON(MODIFIER||||486|CG32373|protein_coding|CODING|FBtr0076805|1|T),INTRON(MODIFIER||||694|CG44195|protein_coding|CODING|FBtr0336853|1|T),INTRON(MODIFIER||||486|CG32373|protein_coding|CODING|FBtr0076806|1|T),INTRON(MODIFIER||||4329|Ank2|protein_coding|CODING|FBtr0303113|15|T),INTRON(MODIFIER||||4223|Ank2|protein_coding|CODING|FBtr0303114|15|T),INTRON(MODIFIER||||4083|Ank2|protein_coding|CODING|FBtr0303117|15|T),INTRON(MODIFIER||||4114|Ank2|protein_coding|CODING|FBtr0303121|16|T),INTRON(MODIFIER||||2532|Ank2|protein_coding|CODING|FBtr0303122|15|T),INTRON(MODIFIER||||4189|Ank2|protein_coding|CODING|FBtr0303123|15|T),INTRON(MODIFIER||||2566|Ank2|protein_coding|CODING|FBtr0344222|15|T),INTRON(MODIFIER||||4230|Ank2|protein_coding|CODING|FBtr0303111|15|T),INTRON(MODIFIER||||4352|Ank2|protein_coding|CODING|FBtr0303112|16|T),INTRON(MODIFIER||||4496|Ank2|protein_coding|CODING|FBtr0303115|16|T),INTRON(MODIFIER||||4264|Ank2|protein_coding|CODING|FBtr0303124|16|T),INTRON(MODIFIER||||4373|Ank2|protein_coding|CODING|FBtr0334060|15|T),INTRON(MODIFIER||||4233|Ank2|protein_coding|CODING|FBtr0344223|15|T),INTRAGENIC(MODIFIER|||||Ank2-PG||NON_CODING|||T),INTRAGENIC(MODIFIER|||||Ank2-PY||NON_CODING|||T),INTRAGENIC(MODIFIER|||||Ank2-PS||NON_CODING|||T),INTRAGENIC(MODIFIER|||||Ank2-PT||NON_CODING|||T),INTRAGENIC(MODIFIER|||||Ank2-PL||NON_CODING|||T),INTRAGENIC(MODIFIER|||||Ank2-PF||NON_CODING|||T),INTRAGENIC(MODIFIER|||||Ank2-PJ||NON_CODING|||T),INTRAGENIC(MODIFIER|||||Ank2-PU||NON_CODING|||T),INTRAGENIC(MODIFIER|||||Ank2-PP||NON_CODING|||T),INTRAGENIC(MODIFIER|||||Ank2-PQ||NON_CODING|||T),INTRAGENIC(MODIFIER|||||Ank2-PR||NON_CODING|||T),INTRAGENIC(MODIFIER|||||Ank2-PK||NON_CODING|||T),INTRAGENIC(MODIFIER|||||Ank2-PV||NON_CODING|||T),INTRAGENIC(MODIFIER|||||Ank2-PZ||NON_CODING|||T),INTRAGENIC(MODIFIER|||||Ank2-PAA||NON_CODING|||T)"	"INTRAGENIC"	"Ank2-PS"	FALSE	"INTRAGENIC(MODIFIER|||||Ank2-PS||NON_CODING|||T)"
"3L_7668543"	"3L"	7668543	"A"	"T"	"EFF=SYNONYMOUS_CODING(LOW|SILENT|gtT/gtA|V10837|13559|Ank2|protein_coding|CODING|FBtr0303125|16|T),SYNONYMOUS_CODING(LOW|SILENT|gtT/gtA|V10837|11634|Ank2|protein_coding|CODING|FBtr0344224|16|T),INTRON(MODIFIER||||486|CG32373|protein_coding|CODING|FBtr0076805|1|T),INTRON(MODIFIER||||694|CG44195|protein_coding|CODING|FBtr0336853|1|T),INTRON(MODIFIER||||486|CG32373|protein_coding|CODING|FBtr0076806|1|T),INTRON(MODIFIER||||4329|Ank2|protein_coding|CODING|FBtr0303113|15|T),INTRON(MODIFIER||||4223|Ank2|protein_coding|CODING|FBtr0303114|15|T),INTRON(MODIFIER||||4083|Ank2|protein_coding|CODING|FBtr0303117|15|T),INTRON(MODIFIER||||4114|Ank2|protein_coding|CODING|FBtr0303121|16|T),INTRON(MODIFIER||||2532|Ank2|protein_coding|CODING|FBtr0303122|15|T),INTRON(MODIFIER||||4189|Ank2|protein_coding|CODING|FBtr0303123|15|T),INTRON(MODIFIER||||2566|Ank2|protein_coding|CODING|FBtr0344222|15|T),INTRON(MODIFIER||||4230|Ank2|protein_coding|CODING|FBtr0303111|15|T),INTRON(MODIFIER||||4352|Ank2|protein_coding|CODING|FBtr0303112|16|T),INTRON(MODIFIER||||4496|Ank2|protein_coding|CODING|FBtr0303115|16|T),INTRON(MODIFIER||||4264|Ank2|protein_coding|CODING|FBtr0303124|16|T),INTRON(MODIFIER||||4373|Ank2|protein_coding|CODING|FBtr0334060|15|T),INTRON(MODIFIER||||4233|Ank2|protein_coding|CODING|FBtr0344223|15|T),INTRAGENIC(MODIFIER|||||Ank2-PG||NON_CODING|||T),INTRAGENIC(MODIFIER|||||Ank2-PY||NON_CODING|||T),INTRAGENIC(MODIFIER|||||Ank2-PS||NON_CODING|||T),INTRAGENIC(MODIFIER|||||Ank2-PT||NON_CODING|||T),INTRAGENIC(MODIFIER|||||Ank2-PL||NON_CODING|||T),INTRAGENIC(MODIFIER|||||Ank2-PF||NON_CODING|||T),INTRAGENIC(MODIFIER|||||Ank2-PJ||NON_CODING|||T),INTRAGENIC(MODIFIER|||||Ank2-PU||NON_CODING|||T),INTRAGENIC(MODIFIER|||||Ank2-PP||NON_CODING|||T),INTRAGENIC(MODIFIER|||||Ank2-PQ||NON_CODING|||T),INTRAGENIC(MODIFIER|||||Ank2-PR||NON_CODING|||T),INTRAGENIC(MODIFIER|||||Ank2-PK||NON_CODING|||T),INTRAGENIC(MODIFIER|||||Ank2-PV||NON_CODING|||T),INTRAGENIC(MODIFIER|||||Ank2-PZ||NON_CODING|||T),INTRAGENIC(MODIFIER|||||Ank2-PAA||NON_CODING|||T)"	"INTRAGENIC"	"Ank2-PT"	FALSE	"INTRAGENIC(MODIFIER|||||Ank2-PT||NON_CODING|||T)"
"3L_7668543"	"3L"	7668543	"A"	"T"	"EFF=SYNONYMOUS_CODING(LOW|SILENT|gtT/gtA|V10837|13559|Ank2|protein_coding|CODING|FBtr0303125|16|T),SYNONYMOUS_CODING(LOW|SILENT|gtT/gtA|V10837|11634|Ank2|protein_coding|CODING|FBtr0344224|16|T),INTRON(MODIFIER||||486|CG32373|protein_coding|CODING|FBtr0076805|1|T),INTRON(MODIFIER||||694|CG44195|protein_coding|CODING|FBtr0336853|1|T),INTRON(MODIFIER||||486|CG32373|protein_coding|CODING|FBtr0076806|1|T),INTRON(MODIFIER||||4329|Ank2|protein_coding|CODING|FBtr0303113|15|T),INTRON(MODIFIER||||4223|Ank2|protein_coding|CODING|FBtr0303114|15|T),INTRON(MODIFIER||||4083|Ank2|protein_coding|CODING|FBtr0303117|15|T),INTRON(MODIFIER||||4114|Ank2|protein_coding|CODING|FBtr0303121|16|T),INTRON(MODIFIER||||2532|Ank2|protein_coding|CODING|FBtr0303122|15|T),INTRON(MODIFIER||||4189|Ank2|protein_coding|CODING|FBtr0303123|15|T),INTRON(MODIFIER||||2566|Ank2|protein_coding|CODING|FBtr0344222|15|T),INTRON(MODIFIER||||4230|Ank2|protein_coding|CODING|FBtr0303111|15|T),INTRON(MODIFIER||||4352|Ank2|protein_coding|CODING|FBtr0303112|16|T),INTRON(MODIFIER||||4496|Ank2|protein_coding|CODING|FBtr0303115|16|T),INTRON(MODIFIER||||4264|Ank2|protein_coding|CODING|FBtr0303124|16|T),INTRON(MODIFIER||||4373|Ank2|protein_coding|CODING|FBtr0334060|15|T),INTRON(MODIFIER||||4233|Ank2|protein_coding|CODING|FBtr0344223|15|T),INTRAGENIC(MODIFIER|||||Ank2-PG||NON_CODING|||T),INTRAGENIC(MODIFIER|||||Ank2-PY||NON_CODING|||T),INTRAGENIC(MODIFIER|||||Ank2-PS||NON_CODING|||T),INTRAGENIC(MODIFIER|||||Ank2-PT||NON_CODING|||T),INTRAGENIC(MODIFIER|||||Ank2-PL||NON_CODING|||T),INTRAGENIC(MODIFIER|||||Ank2-PF||NON_CODING|||T),INTRAGENIC(MODIFIER|||||Ank2-PJ||NON_CODING|||T),INTRAGENIC(MODIFIER|||||Ank2-PU||NON_CODING|||T),INTRAGENIC(MODIFIER|||||Ank2-PP||NON_CODING|||T),INTRAGENIC(MODIFIER|||||Ank2-PQ||NON_CODING|||T),INTRAGENIC(MODIFIER|||||Ank2-PR||NON_CODING|||T),INTRAGENIC(MODIFIER|||||Ank2-PK||NON_CODING|||T),INTRAGENIC(MODIFIER|||||Ank2-PV||NON_CODING|||T),INTRAGENIC(MODIFIER|||||Ank2-PZ||NON_CODING|||T),INTRAGENIC(MODIFIER|||||Ank2-PAA||NON_CODING|||T)"	"INTRAGENIC"	"Ank2-PL"	FALSE	"INTRAGENIC(MODIFIER|||||Ank2-PL||NON_CODING|||T)"
"3L_7668543"	"3L"	7668543	"A"	"T"	"EFF=SYNONYMOUS_CODING(LOW|SILENT|gtT/gtA|V10837|13559|Ank2|protein_coding|CODING|FBtr0303125|16|T),SYNONYMOUS_CODING(LOW|SILENT|gtT/gtA|V10837|11634|Ank2|protein_coding|CODING|FBtr0344224|16|T),INTRON(MODIFIER||||486|CG32373|protein_coding|CODING|FBtr0076805|1|T),INTRON(MODIFIER||||694|CG44195|protein_coding|CODING|FBtr0336853|1|T),INTRON(MODIFIER||||486|CG32373|protein_coding|CODING|FBtr0076806|1|T),INTRON(MODIFIER||||4329|Ank2|protein_coding|CODING|FBtr0303113|15|T),INTRON(MODIFIER||||4223|Ank2|protein_coding|CODING|FBtr0303114|15|T),INTRON(MODIFIER||||4083|Ank2|protein_coding|CODING|FBtr0303117|15|T),INTRON(MODIFIER||||4114|Ank2|protein_coding|CODING|FBtr0303121|16|T),INTRON(MODIFIER||||2532|Ank2|protein_coding|CODING|FBtr0303122|15|T),INTRON(MODIFIER||||4189|Ank2|protein_coding|CODING|FBtr0303123|15|T),INTRON(MODIFIER||||2566|Ank2|protein_coding|CODING|FBtr0344222|15|T),INTRON(MODIFIER||||4230|Ank2|protein_coding|CODING|FBtr0303111|15|T),INTRON(MODIFIER||||4352|Ank2|protein_coding|CODING|FBtr0303112|16|T),INTRON(MODIFIER||||4496|Ank2|protein_coding|CODING|FBtr0303115|16|T),INTRON(MODIFIER||||4264|Ank2|protein_coding|CODING|FBtr0303124|16|T),INTRON(MODIFIER||||4373|Ank2|protein_coding|CODING|FBtr0334060|15|T),INTRON(MODIFIER||||4233|Ank2|protein_coding|CODING|FBtr0344223|15|T),INTRAGENIC(MODIFIER|||||Ank2-PG||NON_CODING|||T),INTRAGENIC(MODIFIER|||||Ank2-PY||NON_CODING|||T),INTRAGENIC(MODIFIER|||||Ank2-PS||NON_CODING|||T),INTRAGENIC(MODIFIER|||||Ank2-PT||NON_CODING|||T),INTRAGENIC(MODIFIER|||||Ank2-PL||NON_CODING|||T),INTRAGENIC(MODIFIER|||||Ank2-PF||NON_CODING|||T),INTRAGENIC(MODIFIER|||||Ank2-PJ||NON_CODING|||T),INTRAGENIC(MODIFIER|||||Ank2-PU||NON_CODING|||T),INTRAGENIC(MODIFIER|||||Ank2-PP||NON_CODING|||T),INTRAGENIC(MODIFIER|||||Ank2-PQ||NON_CODING|||T),INTRAGENIC(MODIFIER|||||Ank2-PR||NON_CODING|||T),INTRAGENIC(MODIFIER|||||Ank2-PK||NON_CODING|||T),INTRAGENIC(MODIFIER|||||Ank2-PV||NON_CODING|||T),INTRAGENIC(MODIFIER|||||Ank2-PZ||NON_CODING|||T),INTRAGENIC(MODIFIER|||||Ank2-PAA||NON_CODING|||T)"	"INTRAGENIC"	"Ank2-PF"	FALSE	"INTRAGENIC(MODIFIER|||||Ank2-PF||NON_CODING|||T)"
"3L_7668543"	"3L"	7668543	"A"	"T"	"EFF=SYNONYMOUS_CODING(LOW|SILENT|gtT/gtA|V10837|13559|Ank2|protein_coding|CODING|FBtr0303125|16|T),SYNONYMOUS_CODING(LOW|SILENT|gtT/gtA|V10837|11634|Ank2|protein_coding|CODING|FBtr0344224|16|T),INTRON(MODIFIER||||486|CG32373|protein_coding|CODING|FBtr0076805|1|T),INTRON(MODIFIER||||694|CG44195|protein_coding|CODING|FBtr0336853|1|T),INTRON(MODIFIER||||486|CG32373|protein_coding|CODING|FBtr0076806|1|T),INTRON(MODIFIER||||4329|Ank2|protein_coding|CODING|FBtr0303113|15|T),INTRON(MODIFIER||||4223|Ank2|protein_coding|CODING|FBtr0303114|15|T),INTRON(MODIFIER||||4083|Ank2|protein_coding|CODING|FBtr0303117|15|T),INTRON(MODIFIER||||4114|Ank2|protein_coding|CODING|FBtr0303121|16|T),INTRON(MODIFIER||||2532|Ank2|protein_coding|CODING|FBtr0303122|15|T),INTRON(MODIFIER||||4189|Ank2|protein_coding|CODING|FBtr0303123|15|T),INTRON(MODIFIER||||2566|Ank2|protein_coding|CODING|FBtr0344222|15|T),INTRON(MODIFIER||||4230|Ank2|protein_coding|CODING|FBtr0303111|15|T),INTRON(MODIFIER||||4352|Ank2|protein_coding|CODING|FBtr0303112|16|T),INTRON(MODIFIER||||4496|Ank2|protein_coding|CODING|FBtr0303115|16|T),INTRON(MODIFIER||||4264|Ank2|protein_coding|CODING|FBtr0303124|16|T),INTRON(MODIFIER||||4373|Ank2|protein_coding|CODING|FBtr0334060|15|T),INTRON(MODIFIER||||4233|Ank2|protein_coding|CODING|FBtr0344223|15|T),INTRAGENIC(MODIFIER|||||Ank2-PG||NON_CODING|||T),INTRAGENIC(MODIFIER|||||Ank2-PY||NON_CODING|||T),INTRAGENIC(MODIFIER|||||Ank2-PS||NON_CODING|||T),INTRAGENIC(MODIFIER|||||Ank2-PT||NON_CODING|||T),INTRAGENIC(MODIFIER|||||Ank2-PL||NON_CODING|||T),INTRAGENIC(MODIFIER|||||Ank2-PF||NON_CODING|||T),INTRAGENIC(MODIFIER|||||Ank2-PJ||NON_CODING|||T),INTRAGENIC(MODIFIER|||||Ank2-PU||NON_CODING|||T),INTRAGENIC(MODIFIER|||||Ank2-PP||NON_CODING|||T),INTRAGENIC(MODIFIER|||||Ank2-PQ||NON_CODING|||T),INTRAGENIC(MODIFIER|||||Ank2-PR||NON_CODING|||T),INTRAGENIC(MODIFIER|||||Ank2-PK||NON_CODING|||T),INTRAGENIC(MODIFIER|||||Ank2-PV||NON_CODING|||T),INTRAGENIC(MODIFIER|||||Ank2-PZ||NON_CODING|||T),INTRAGENIC(MODIFIER|||||Ank2-PAA||NON_CODING|||T)"	"INTRAGENIC"	"Ank2-PJ"	FALSE	"INTRAGENIC(MODIFIER|||||Ank2-PJ||NON_CODING|||T)"
"3L_7668543"	"3L"	7668543	"A"	"T"	"EFF=SYNONYMOUS_CODING(LOW|SILENT|gtT/gtA|V10837|13559|Ank2|protein_coding|CODING|FBtr0303125|16|T),SYNONYMOUS_CODING(LOW|SILENT|gtT/gtA|V10837|11634|Ank2|protein_coding|CODING|FBtr0344224|16|T),INTRON(MODIFIER||||486|CG32373|protein_coding|CODING|FBtr0076805|1|T),INTRON(MODIFIER||||694|CG44195|protein_coding|CODING|FBtr0336853|1|T),INTRON(MODIFIER||||486|CG32373|protein_coding|CODING|FBtr0076806|1|T),INTRON(MODIFIER||||4329|Ank2|protein_coding|CODING|FBtr0303113|15|T),INTRON(MODIFIER||||4223|Ank2|protein_coding|CODING|FBtr0303114|15|T),INTRON(MODIFIER||||4083|Ank2|protein_coding|CODING|FBtr0303117|15|T),INTRON(MODIFIER||||4114|Ank2|protein_coding|CODING|FBtr0303121|16|T),INTRON(MODIFIER||||2532|Ank2|protein_coding|CODING|FBtr0303122|15|T),INTRON(MODIFIER||||4189|Ank2|protein_coding|CODING|FBtr0303123|15|T),INTRON(MODIFIER||||2566|Ank2|protein_coding|CODING|FBtr0344222|15|T),INTRON(MODIFIER||||4230|Ank2|protein_coding|CODING|FBtr0303111|15|T),INTRON(MODIFIER||||4352|Ank2|protein_coding|CODING|FBtr0303112|16|T),INTRON(MODIFIER||||4496|Ank2|protein_coding|CODING|FBtr0303115|16|T),INTRON(MODIFIER||||4264|Ank2|protein_coding|CODING|FBtr0303124|16|T),INTRON(MODIFIER||||4373|Ank2|protein_coding|CODING|FBtr0334060|15|T),INTRON(MODIFIER||||4233|Ank2|protein_coding|CODING|FBtr0344223|15|T),INTRAGENIC(MODIFIER|||||Ank2-PG||NON_CODING|||T),INTRAGENIC(MODIFIER|||||Ank2-PY||NON_CODING|||T),INTRAGENIC(MODIFIER|||||Ank2-PS||NON_CODING|||T),INTRAGENIC(MODIFIER|||||Ank2-PT||NON_CODING|||T),INTRAGENIC(MODIFIER|||||Ank2-PL||NON_CODING|||T),INTRAGENIC(MODIFIER|||||Ank2-PF||NON_CODING|||T),INTRAGENIC(MODIFIER|||||Ank2-PJ||NON_CODING|||T),INTRAGENIC(MODIFIER|||||Ank2-PU||NON_CODING|||T),INTRAGENIC(MODIFIER|||||Ank2-PP||NON_CODING|||T),INTRAGENIC(MODIFIER|||||Ank2-PQ||NON_CODING|||T),INTRAGENIC(MODIFIER|||||Ank2-PR||NON_CODING|||T),INTRAGENIC(MODIFIER|||||Ank2-PK||NON_CODING|||T),INTRAGENIC(MODIFIER|||||Ank2-PV||NON_CODING|||T),INTRAGENIC(MODIFIER|||||Ank2-PZ||NON_CODING|||T),INTRAGENIC(MODIFIER|||||Ank2-PAA||NON_CODING|||T)"	"INTRAGENIC"	"Ank2-PU"	FALSE	"INTRAGENIC(MODIFIER|||||Ank2-PU||NON_CODING|||T)"
"3L_7668543"	"3L"	7668543	"A"	"T"	"EFF=SYNONYMOUS_CODING(LOW|SILENT|gtT/gtA|V10837|13559|Ank2|protein_coding|CODING|FBtr0303125|16|T),SYNONYMOUS_CODING(LOW|SILENT|gtT/gtA|V10837|11634|Ank2|protein_coding|CODING|FBtr0344224|16|T),INTRON(MODIFIER||||486|CG32373|protein_coding|CODING|FBtr0076805|1|T),INTRON(MODIFIER||||694|CG44195|protein_coding|CODING|FBtr0336853|1|T),INTRON(MODIFIER||||486|CG32373|protein_coding|CODING|FBtr0076806|1|T),INTRON(MODIFIER||||4329|Ank2|protein_coding|CODING|FBtr0303113|15|T),INTRON(MODIFIER||||4223|Ank2|protein_coding|CODING|FBtr0303114|15|T),INTRON(MODIFIER||||4083|Ank2|protein_coding|CODING|FBtr0303117|15|T),INTRON(MODIFIER||||4114|Ank2|protein_coding|CODING|FBtr0303121|16|T),INTRON(MODIFIER||||2532|Ank2|protein_coding|CODING|FBtr0303122|15|T),INTRON(MODIFIER||||4189|Ank2|protein_coding|CODING|FBtr0303123|15|T),INTRON(MODIFIER||||2566|Ank2|protein_coding|CODING|FBtr0344222|15|T),INTRON(MODIFIER||||4230|Ank2|protein_coding|CODING|FBtr0303111|15|T),INTRON(MODIFIER||||4352|Ank2|protein_coding|CODING|FBtr0303112|16|T),INTRON(MODIFIER||||4496|Ank2|protein_coding|CODING|FBtr0303115|16|T),INTRON(MODIFIER||||4264|Ank2|protein_coding|CODING|FBtr0303124|16|T),INTRON(MODIFIER||||4373|Ank2|protein_coding|CODING|FBtr0334060|15|T),INTRON(MODIFIER||||4233|Ank2|protein_coding|CODING|FBtr0344223|15|T),INTRAGENIC(MODIFIER|||||Ank2-PG||NON_CODING|||T),INTRAGENIC(MODIFIER|||||Ank2-PY||NON_CODING|||T),INTRAGENIC(MODIFIER|||||Ank2-PS||NON_CODING|||T),INTRAGENIC(MODIFIER|||||Ank2-PT||NON_CODING|||T),INTRAGENIC(MODIFIER|||||Ank2-PL||NON_CODING|||T),INTRAGENIC(MODIFIER|||||Ank2-PF||NON_CODING|||T),INTRAGENIC(MODIFIER|||||Ank2-PJ||NON_CODING|||T),INTRAGENIC(MODIFIER|||||Ank2-PU||NON_CODING|||T),INTRAGENIC(MODIFIER|||||Ank2-PP||NON_CODING|||T),INTRAGENIC(MODIFIER|||||Ank2-PQ||NON_CODING|||T),INTRAGENIC(MODIFIER|||||Ank2-PR||NON_CODING|||T),INTRAGENIC(MODIFIER|||||Ank2-PK||NON_CODING|||T),INTRAGENIC(MODIFIER|||||Ank2-PV||NON_CODING|||T),INTRAGENIC(MODIFIER|||||Ank2-PZ||NON_CODING|||T),INTRAGENIC(MODIFIER|||||Ank2-PAA||NON_CODING|||T)"	"INTRAGENIC"	"Ank2-PP"	FALSE	"INTRAGENIC(MODIFIER|||||Ank2-PP||NON_CODING|||T)"
"3L_7668543"	"3L"	7668543	"A"	"T"	"EFF=SYNONYMOUS_CODING(LOW|SILENT|gtT/gtA|V10837|13559|Ank2|protein_coding|CODING|FBtr0303125|16|T),SYNONYMOUS_CODING(LOW|SILENT|gtT/gtA|V10837|11634|Ank2|protein_coding|CODING|FBtr0344224|16|T),INTRON(MODIFIER||||486|CG32373|protein_coding|CODING|FBtr0076805|1|T),INTRON(MODIFIER||||694|CG44195|protein_coding|CODING|FBtr0336853|1|T),INTRON(MODIFIER||||486|CG32373|protein_coding|CODING|FBtr0076806|1|T),INTRON(MODIFIER||||4329|Ank2|protein_coding|CODING|FBtr0303113|15|T),INTRON(MODIFIER||||4223|Ank2|protein_coding|CODING|FBtr0303114|15|T),INTRON(MODIFIER||||4083|Ank2|protein_coding|CODING|FBtr0303117|15|T),INTRON(MODIFIER||||4114|Ank2|protein_coding|CODING|FBtr0303121|16|T),INTRON(MODIFIER||||2532|Ank2|protein_coding|CODING|FBtr0303122|15|T),INTRON(MODIFIER||||4189|Ank2|protein_coding|CODING|FBtr0303123|15|T),INTRON(MODIFIER||||2566|Ank2|protein_coding|CODING|FBtr0344222|15|T),INTRON(MODIFIER||||4230|Ank2|protein_coding|CODING|FBtr0303111|15|T),INTRON(MODIFIER||||4352|Ank2|protein_coding|CODING|FBtr0303112|16|T),INTRON(MODIFIER||||4496|Ank2|protein_coding|CODING|FBtr0303115|16|T),INTRON(MODIFIER||||4264|Ank2|protein_coding|CODING|FBtr0303124|16|T),INTRON(MODIFIER||||4373|Ank2|protein_coding|CODING|FBtr0334060|15|T),INTRON(MODIFIER||||4233|Ank2|protein_coding|CODING|FBtr0344223|15|T),INTRAGENIC(MODIFIER|||||Ank2-PG||NON_CODING|||T),INTRAGENIC(MODIFIER|||||Ank2-PY||NON_CODING|||T),INTRAGENIC(MODIFIER|||||Ank2-PS||NON_CODING|||T),INTRAGENIC(MODIFIER|||||Ank2-PT||NON_CODING|||T),INTRAGENIC(MODIFIER|||||Ank2-PL||NON_CODING|||T),INTRAGENIC(MODIFIER|||||Ank2-PF||NON_CODING|||T),INTRAGENIC(MODIFIER|||||Ank2-PJ||NON_CODING|||T),INTRAGENIC(MODIFIER|||||Ank2-PU||NON_CODING|||T),INTRAGENIC(MODIFIER|||||Ank2-PP||NON_CODING|||T),INTRAGENIC(MODIFIER|||||Ank2-PQ||NON_CODING|||T),INTRAGENIC(MODIFIER|||||Ank2-PR||NON_CODING|||T),INTRAGENIC(MODIFIER|||||Ank2-PK||NON_CODING|||T),INTRAGENIC(MODIFIER|||||Ank2-PV||NON_CODING|||T),INTRAGENIC(MODIFIER|||||Ank2-PZ||NON_CODING|||T),INTRAGENIC(MODIFIER|||||Ank2-PAA||NON_CODING|||T)"	"INTRAGENIC"	"Ank2-PQ"	FALSE	"INTRAGENIC(MODIFIER|||||Ank2-PQ||NON_CODING|||T)"
"3L_7668543"	"3L"	7668543	"A"	"T"	"EFF=SYNONYMOUS_CODING(LOW|SILENT|gtT/gtA|V10837|13559|Ank2|protein_coding|CODING|FBtr0303125|16|T),SYNONYMOUS_CODING(LOW|SILENT|gtT/gtA|V10837|11634|Ank2|protein_coding|CODING|FBtr0344224|16|T),INTRON(MODIFIER||||486|CG32373|protein_coding|CODING|FBtr0076805|1|T),INTRON(MODIFIER||||694|CG44195|protein_coding|CODING|FBtr0336853|1|T),INTRON(MODIFIER||||486|CG32373|protein_coding|CODING|FBtr0076806|1|T),INTRON(MODIFIER||||4329|Ank2|protein_coding|CODING|FBtr0303113|15|T),INTRON(MODIFIER||||4223|Ank2|protein_coding|CODING|FBtr0303114|15|T),INTRON(MODIFIER||||4083|Ank2|protein_coding|CODING|FBtr0303117|15|T),INTRON(MODIFIER||||4114|Ank2|protein_coding|CODING|FBtr0303121|16|T),INTRON(MODIFIER||||2532|Ank2|protein_coding|CODING|FBtr0303122|15|T),INTRON(MODIFIER||||4189|Ank2|protein_coding|CODING|FBtr0303123|15|T),INTRON(MODIFIER||||2566|Ank2|protein_coding|CODING|FBtr0344222|15|T),INTRON(MODIFIER||||4230|Ank2|protein_coding|CODING|FBtr0303111|15|T),INTRON(MODIFIER||||4352|Ank2|protein_coding|CODING|FBtr0303112|16|T),INTRON(MODIFIER||||4496|Ank2|protein_coding|CODING|FBtr0303115|16|T),INTRON(MODIFIER||||4264|Ank2|protein_coding|CODING|FBtr0303124|16|T),INTRON(MODIFIER||||4373|Ank2|protein_coding|CODING|FBtr0334060|15|T),INTRON(MODIFIER||||4233|Ank2|protein_coding|CODING|FBtr0344223|15|T),INTRAGENIC(MODIFIER|||||Ank2-PG||NON_CODING|||T),INTRAGENIC(MODIFIER|||||Ank2-PY||NON_CODING|||T),INTRAGENIC(MODIFIER|||||Ank2-PS||NON_CODING|||T),INTRAGENIC(MODIFIER|||||Ank2-PT||NON_CODING|||T),INTRAGENIC(MODIFIER|||||Ank2-PL||NON_CODING|||T),INTRAGENIC(MODIFIER|||||Ank2-PF||NON_CODING|||T),INTRAGENIC(MODIFIER|||||Ank2-PJ||NON_CODING|||T),INTRAGENIC(MODIFIER|||||Ank2-PU||NON_CODING|||T),INTRAGENIC(MODIFIER|||||Ank2-PP||NON_CODING|||T),INTRAGENIC(MODIFIER|||||Ank2-PQ||NON_CODING|||T),INTRAGENIC(MODIFIER|||||Ank2-PR||NON_CODING|||T),INTRAGENIC(MODIFIER|||||Ank2-PK||NON_CODING|||T),INTRAGENIC(MODIFIER|||||Ank2-PV||NON_CODING|||T),INTRAGENIC(MODIFIER|||||Ank2-PZ||NON_CODING|||T),INTRAGENIC(MODIFIER|||||Ank2-PAA||NON_CODING|||T)"	"INTRAGENIC"	"Ank2-PR"	FALSE	"INTRAGENIC(MODIFIER|||||Ank2-PR||NON_CODING|||T)"
"3L_7668543"	"3L"	7668543	"A"	"T"	"EFF=SYNONYMOUS_CODING(LOW|SILENT|gtT/gtA|V10837|13559|Ank2|protein_coding|CODING|FBtr0303125|16|T),SYNONYMOUS_CODING(LOW|SILENT|gtT/gtA|V10837|11634|Ank2|protein_coding|CODING|FBtr0344224|16|T),INTRON(MODIFIER||||486|CG32373|protein_coding|CODING|FBtr0076805|1|T),INTRON(MODIFIER||||694|CG44195|protein_coding|CODING|FBtr0336853|1|T),INTRON(MODIFIER||||486|CG32373|protein_coding|CODING|FBtr0076806|1|T),INTRON(MODIFIER||||4329|Ank2|protein_coding|CODING|FBtr0303113|15|T),INTRON(MODIFIER||||4223|Ank2|protein_coding|CODING|FBtr0303114|15|T),INTRON(MODIFIER||||4083|Ank2|protein_coding|CODING|FBtr0303117|15|T),INTRON(MODIFIER||||4114|Ank2|protein_coding|CODING|FBtr0303121|16|T),INTRON(MODIFIER||||2532|Ank2|protein_coding|CODING|FBtr0303122|15|T),INTRON(MODIFIER||||4189|Ank2|protein_coding|CODING|FBtr0303123|15|T),INTRON(MODIFIER||||2566|Ank2|protein_coding|CODING|FBtr0344222|15|T),INTRON(MODIFIER||||4230|Ank2|protein_coding|CODING|FBtr0303111|15|T),INTRON(MODIFIER||||4352|Ank2|protein_coding|CODING|FBtr0303112|16|T),INTRON(MODIFIER||||4496|Ank2|protein_coding|CODING|FBtr0303115|16|T),INTRON(MODIFIER||||4264|Ank2|protein_coding|CODING|FBtr0303124|16|T),INTRON(MODIFIER||||4373|Ank2|protein_coding|CODING|FBtr0334060|15|T),INTRON(MODIFIER||||4233|Ank2|protein_coding|CODING|FBtr0344223|15|T),INTRAGENIC(MODIFIER|||||Ank2-PG||NON_CODING|||T),INTRAGENIC(MODIFIER|||||Ank2-PY||NON_CODING|||T),INTRAGENIC(MODIFIER|||||Ank2-PS||NON_CODING|||T),INTRAGENIC(MODIFIER|||||Ank2-PT||NON_CODING|||T),INTRAGENIC(MODIFIER|||||Ank2-PL||NON_CODING|||T),INTRAGENIC(MODIFIER|||||Ank2-PF||NON_CODING|||T),INTRAGENIC(MODIFIER|||||Ank2-PJ||NON_CODING|||T),INTRAGENIC(MODIFIER|||||Ank2-PU||NON_CODING|||T),INTRAGENIC(MODIFIER|||||Ank2-PP||NON_CODING|||T),INTRAGENIC(MODIFIER|||||Ank2-PQ||NON_CODING|||T),INTRAGENIC(MODIFIER|||||Ank2-PR||NON_CODING|||T),INTRAGENIC(MODIFIER|||||Ank2-PK||NON_CODING|||T),INTRAGENIC(MODIFIER|||||Ank2-PV||NON_CODING|||T),INTRAGENIC(MODIFIER|||||Ank2-PZ||NON_CODING|||T),INTRAGENIC(MODIFIER|||||Ank2-PAA||NON_CODING|||T)"	"INTRAGENIC"	"Ank2-PK"	FALSE	"INTRAGENIC(MODIFIER|||||Ank2-PK||NON_CODING|||T)"
"3L_7668543"	"3L"	7668543	"A"	"T"	"EFF=SYNONYMOUS_CODING(LOW|SILENT|gtT/gtA|V10837|13559|Ank2|protein_coding|CODING|FBtr0303125|16|T),SYNONYMOUS_CODING(LOW|SILENT|gtT/gtA|V10837|11634|Ank2|protein_coding|CODING|FBtr0344224|16|T),INTRON(MODIFIER||||486|CG32373|protein_coding|CODING|FBtr0076805|1|T),INTRON(MODIFIER||||694|CG44195|protein_coding|CODING|FBtr0336853|1|T),INTRON(MODIFIER||||486|CG32373|protein_coding|CODING|FBtr0076806|1|T),INTRON(MODIFIER||||4329|Ank2|protein_coding|CODING|FBtr0303113|15|T),INTRON(MODIFIER||||4223|Ank2|protein_coding|CODING|FBtr0303114|15|T),INTRON(MODIFIER||||4083|Ank2|protein_coding|CODING|FBtr0303117|15|T),INTRON(MODIFIER||||4114|Ank2|protein_coding|CODING|FBtr0303121|16|T),INTRON(MODIFIER||||2532|Ank2|protein_coding|CODING|FBtr0303122|15|T),INTRON(MODIFIER||||4189|Ank2|protein_coding|CODING|FBtr0303123|15|T),INTRON(MODIFIER||||2566|Ank2|protein_coding|CODING|FBtr0344222|15|T),INTRON(MODIFIER||||4230|Ank2|protein_coding|CODING|FBtr0303111|15|T),INTRON(MODIFIER||||4352|Ank2|protein_coding|CODING|FBtr0303112|16|T),INTRON(MODIFIER||||4496|Ank2|protein_coding|CODING|FBtr0303115|16|T),INTRON(MODIFIER||||4264|Ank2|protein_coding|CODING|FBtr0303124|16|T),INTRON(MODIFIER||||4373|Ank2|protein_coding|CODING|FBtr0334060|15|T),INTRON(MODIFIER||||4233|Ank2|protein_coding|CODING|FBtr0344223|15|T),INTRAGENIC(MODIFIER|||||Ank2-PG||NON_CODING|||T),INTRAGENIC(MODIFIER|||||Ank2-PY||NON_CODING|||T),INTRAGENIC(MODIFIER|||||Ank2-PS||NON_CODING|||T),INTRAGENIC(MODIFIER|||||Ank2-PT||NON_CODING|||T),INTRAGENIC(MODIFIER|||||Ank2-PL||NON_CODING|||T),INTRAGENIC(MODIFIER|||||Ank2-PF||NON_CODING|||T),INTRAGENIC(MODIFIER|||||Ank2-PJ||NON_CODING|||T),INTRAGENIC(MODIFIER|||||Ank2-PU||NON_CODING|||T),INTRAGENIC(MODIFIER|||||Ank2-PP||NON_CODING|||T),INTRAGENIC(MODIFIER|||||Ank2-PQ||NON_CODING|||T),INTRAGENIC(MODIFIER|||||Ank2-PR||NON_CODING|||T),INTRAGENIC(MODIFIER|||||Ank2-PK||NON_CODING|||T),INTRAGENIC(MODIFIER|||||Ank2-PV||NON_CODING|||T),INTRAGENIC(MODIFIER|||||Ank2-PZ||NON_CODING|||T),INTRAGENIC(MODIFIER|||||Ank2-PAA||NON_CODING|||T)"	"INTRAGENIC"	"Ank2-PV"	FALSE	"INTRAGENIC(MODIFIER|||||Ank2-PV||NON_CODING|||T)"
"3L_7668543"	"3L"	7668543	"A"	"T"	"EFF=SYNONYMOUS_CODING(LOW|SILENT|gtT/gtA|V10837|13559|Ank2|protein_coding|CODING|FBtr0303125|16|T),SYNONYMOUS_CODING(LOW|SILENT|gtT/gtA|V10837|11634|Ank2|protein_coding|CODING|FBtr0344224|16|T),INTRON(MODIFIER||||486|CG32373|protein_coding|CODING|FBtr0076805|1|T),INTRON(MODIFIER||||694|CG44195|protein_coding|CODING|FBtr0336853|1|T),INTRON(MODIFIER||||486|CG32373|protein_coding|CODING|FBtr0076806|1|T),INTRON(MODIFIER||||4329|Ank2|protein_coding|CODING|FBtr0303113|15|T),INTRON(MODIFIER||||4223|Ank2|protein_coding|CODING|FBtr0303114|15|T),INTRON(MODIFIER||||4083|Ank2|protein_coding|CODING|FBtr0303117|15|T),INTRON(MODIFIER||||4114|Ank2|protein_coding|CODING|FBtr0303121|16|T),INTRON(MODIFIER||||2532|Ank2|protein_coding|CODING|FBtr0303122|15|T),INTRON(MODIFIER||||4189|Ank2|protein_coding|CODING|FBtr0303123|15|T),INTRON(MODIFIER||||2566|Ank2|protein_coding|CODING|FBtr0344222|15|T),INTRON(MODIFIER||||4230|Ank2|protein_coding|CODING|FBtr0303111|15|T),INTRON(MODIFIER||||4352|Ank2|protein_coding|CODING|FBtr0303112|16|T),INTRON(MODIFIER||||4496|Ank2|protein_coding|CODING|FBtr0303115|16|T),INTRON(MODIFIER||||4264|Ank2|protein_coding|CODING|FBtr0303124|16|T),INTRON(MODIFIER||||4373|Ank2|protein_coding|CODING|FBtr0334060|15|T),INTRON(MODIFIER||||4233|Ank2|protein_coding|CODING|FBtr0344223|15|T),INTRAGENIC(MODIFIER|||||Ank2-PG||NON_CODING|||T),INTRAGENIC(MODIFIER|||||Ank2-PY||NON_CODING|||T),INTRAGENIC(MODIFIER|||||Ank2-PS||NON_CODING|||T),INTRAGENIC(MODIFIER|||||Ank2-PT||NON_CODING|||T),INTRAGENIC(MODIFIER|||||Ank2-PL||NON_CODING|||T),INTRAGENIC(MODIFIER|||||Ank2-PF||NON_CODING|||T),INTRAGENIC(MODIFIER|||||Ank2-PJ||NON_CODING|||T),INTRAGENIC(MODIFIER|||||Ank2-PU||NON_CODING|||T),INTRAGENIC(MODIFIER|||||Ank2-PP||NON_CODING|||T),INTRAGENIC(MODIFIER|||||Ank2-PQ||NON_CODING|||T),INTRAGENIC(MODIFIER|||||Ank2-PR||NON_CODING|||T),INTRAGENIC(MODIFIER|||||Ank2-PK||NON_CODING|||T),INTRAGENIC(MODIFIER|||||Ank2-PV||NON_CODING|||T),INTRAGENIC(MODIFIER|||||Ank2-PZ||NON_CODING|||T),INTRAGENIC(MODIFIER|||||Ank2-PAA||NON_CODING|||T)"	"INTRAGENIC"	"Ank2-PZ"	FALSE	"INTRAGENIC(MODIFIER|||||Ank2-PZ||NON_CODING|||T)"
"3L_7668543"	"3L"	7668543	"A"	"T"	"EFF=SYNONYMOUS_CODING(LOW|SILENT|gtT/gtA|V10837|13559|Ank2|protein_coding|CODING|FBtr0303125|16|T),SYNONYMOUS_CODING(LOW|SILENT|gtT/gtA|V10837|11634|Ank2|protein_coding|CODING|FBtr0344224|16|T),INTRON(MODIFIER||||486|CG32373|protein_coding|CODING|FBtr0076805|1|T),INTRON(MODIFIER||||694|CG44195|protein_coding|CODING|FBtr0336853|1|T),INTRON(MODIFIER||||486|CG32373|protein_coding|CODING|FBtr0076806|1|T),INTRON(MODIFIER||||4329|Ank2|protein_coding|CODING|FBtr0303113|15|T),INTRON(MODIFIER||||4223|Ank2|protein_coding|CODING|FBtr0303114|15|T),INTRON(MODIFIER||||4083|Ank2|protein_coding|CODING|FBtr0303117|15|T),INTRON(MODIFIER||||4114|Ank2|protein_coding|CODING|FBtr0303121|16|T),INTRON(MODIFIER||||2532|Ank2|protein_coding|CODING|FBtr0303122|15|T),INTRON(MODIFIER||||4189|Ank2|protein_coding|CODING|FBtr0303123|15|T),INTRON(MODIFIER||||2566|Ank2|protein_coding|CODING|FBtr0344222|15|T),INTRON(MODIFIER||||4230|Ank2|protein_coding|CODING|FBtr0303111|15|T),INTRON(MODIFIER||||4352|Ank2|protein_coding|CODING|FBtr0303112|16|T),INTRON(MODIFIER||||4496|Ank2|protein_coding|CODING|FBtr0303115|16|T),INTRON(MODIFIER||||4264|Ank2|protein_coding|CODING|FBtr0303124|16|T),INTRON(MODIFIER||||4373|Ank2|protein_coding|CODING|FBtr0334060|15|T),INTRON(MODIFIER||||4233|Ank2|protein_coding|CODING|FBtr0344223|15|T),INTRAGENIC(MODIFIER|||||Ank2-PG||NON_CODING|||T),INTRAGENIC(MODIFIER|||||Ank2-PY||NON_CODING|||T),INTRAGENIC(MODIFIER|||||Ank2-PS||NON_CODING|||T),INTRAGENIC(MODIFIER|||||Ank2-PT||NON_CODING|||T),INTRAGENIC(MODIFIER|||||Ank2-PL||NON_CODING|||T),INTRAGENIC(MODIFIER|||||Ank2-PF||NON_CODING|||T),INTRAGENIC(MODIFIER|||||Ank2-PJ||NON_CODING|||T),INTRAGENIC(MODIFIER|||||Ank2-PU||NON_CODING|||T),INTRAGENIC(MODIFIER|||||Ank2-PP||NON_CODING|||T),INTRAGENIC(MODIFIER|||||Ank2-PQ||NON_CODING|||T),INTRAGENIC(MODIFIER|||||Ank2-PR||NON_CODING|||T),INTRAGENIC(MODIFIER|||||Ank2-PK||NON_CODING|||T),INTRAGENIC(MODIFIER|||||Ank2-PV||NON_CODING|||T),INTRAGENIC(MODIFIER|||||Ank2-PZ||NON_CODING|||T),INTRAGENIC(MODIFIER|||||Ank2-PAA||NON_CODING|||T)"	"INTRAGENIC"	"Ank2-PAA"	FALSE	"INTRAGENIC(MODIFIER|||||Ank2-PAA||NON_CODING|||T)"
"3R_13161784"	"3R"	13161784	"G"	"T"	"EFF=INTRON(MODIFIER||||1384|timeout|protein_coding|CODING|FBtr0082712|16|T),INTRAGENIC(MODIFIER|||||timeout-PA||NON_CODING|||T)"	"INTRON"	"timeout"	FALSE	"INTRON(MODIFIER||||1384|timeout|protein_coding|CODING|FBtr0082712|16|T)"
"3R_13161784"	"3R"	13161784	"G"	"T"	"EFF=INTRON(MODIFIER||||1384|timeout|protein_coding|CODING|FBtr0082712|16|T),INTRAGENIC(MODIFIER|||||timeout-PA||NON_CODING|||T)"	"INTRAGENIC"	"timeout-PA"	FALSE	"INTRAGENIC(MODIFIER|||||timeout-PA||NON_CODING|||T)"
"3R_13899553"	"3R"	13899553	"T"	"A"	"EFF=INTERGENIC(MODIFIER||||||||||A)"	"INTERGENIC"	"unassigned"	FALSE	"INTERGENIC(MODIFIER||||||||||A)"
"3R_15397393"	"3R"	15397393	"T"	"C"	"EFF=INTRON(MODIFIER||||1844|Rbp|protein_coding|CODING|FBtr0304826|18|C),INTRON(MODIFIER||||1817|Rbp|protein_coding|CODING|FBtr0304827|17|C),INTRON(MODIFIER||||1799|Rbp|protein_coding|CODING|FBtr0333832|18|C),INTRON(MODIFIER||||1763|Rbp|protein_coding|CODING|FBtr0333833|17|C),INTRON(MODIFIER||||1487|Rbp|protein_coding|CODING|FBtr0433494|17|C),INTRON(MODIFIER||||1791|Rbp|protein_coding|CODING|FBtr0433496|18|C),INTRON(MODIFIER||||1473|Rbp|protein_coding|CODING|FBtr0433497|16|C),INTRON(MODIFIER||||1748|Rbp|protein_coding|CODING|FBtr0433493|17|C),INTRON(MODIFIER||||1765|Rbp|protein_coding|CODING|FBtr0433495|18|C),INTRAGENIC(MODIFIER|||||Rbp-PF||NON_CODING|||C),INTRAGENIC(MODIFIER|||||Rbp-PG||NON_CODING|||C),INTRAGENIC(MODIFIER|||||Rbp-PL||NON_CODING|||C),INTRAGENIC(MODIFIER|||||Rbp-PO||NON_CODING|||C),INTRAGENIC(MODIFIER|||||Rbp-PI||NON_CODING|||C),INTRAGENIC(MODIFIER|||||Rbp-PJ||NON_CODING|||C),INTRAGENIC(MODIFIER|||||Rbp-PK||NON_CODING|||C),INTRAGENIC(MODIFIER|||||Rbp-PM||NON_CODING|||C),INTRAGENIC(MODIFIER|||||Rbp-PN||NON_CODING|||C)"	"INTRON"	"Rbp"	FALSE	"INTRON(MODIFIER||||1844|Rbp|protein_coding|CODING|FBtr0304826|18|C)"
"3R_15397393"	"3R"	15397393	"T"	"C"	"EFF=INTRON(MODIFIER||||1844|Rbp|protein_coding|CODING|FBtr0304826|18|C),INTRON(MODIFIER||||1817|Rbp|protein_coding|CODING|FBtr0304827|17|C),INTRON(MODIFIER||||1799|Rbp|protein_coding|CODING|FBtr0333832|18|C),INTRON(MODIFIER||||1763|Rbp|protein_coding|CODING|FBtr0333833|17|C),INTRON(MODIFIER||||1487|Rbp|protein_coding|CODING|FBtr0433494|17|C),INTRON(MODIFIER||||1791|Rbp|protein_coding|CODING|FBtr0433496|18|C),INTRON(MODIFIER||||1473|Rbp|protein_coding|CODING|FBtr0433497|16|C),INTRON(MODIFIER||||1748|Rbp|protein_coding|CODING|FBtr0433493|17|C),INTRON(MODIFIER||||1765|Rbp|protein_coding|CODING|FBtr0433495|18|C),INTRAGENIC(MODIFIER|||||Rbp-PF||NON_CODING|||C),INTRAGENIC(MODIFIER|||||Rbp-PG||NON_CODING|||C),INTRAGENIC(MODIFIER|||||Rbp-PL||NON_CODING|||C),INTRAGENIC(MODIFIER|||||Rbp-PO||NON_CODING|||C),INTRAGENIC(MODIFIER|||||Rbp-PI||NON_CODING|||C),INTRAGENIC(MODIFIER|||||Rbp-PJ||NON_CODING|||C),INTRAGENIC(MODIFIER|||||Rbp-PK||NON_CODING|||C),INTRAGENIC(MODIFIER|||||Rbp-PM||NON_CODING|||C),INTRAGENIC(MODIFIER|||||Rbp-PN||NON_CODING|||C)"	"INTRON"	"Rbp"	FALSE	"INTRON(MODIFIER||||1817|Rbp|protein_coding|CODING|FBtr0304827|17|C)"
"3R_15397393"	"3R"	15397393	"T"	"C"	"EFF=INTRON(MODIFIER||||1844|Rbp|protein_coding|CODING|FBtr0304826|18|C),INTRON(MODIFIER||||1817|Rbp|protein_coding|CODING|FBtr0304827|17|C),INTRON(MODIFIER||||1799|Rbp|protein_coding|CODING|FBtr0333832|18|C),INTRON(MODIFIER||||1763|Rbp|protein_coding|CODING|FBtr0333833|17|C),INTRON(MODIFIER||||1487|Rbp|protein_coding|CODING|FBtr0433494|17|C),INTRON(MODIFIER||||1791|Rbp|protein_coding|CODING|FBtr0433496|18|C),INTRON(MODIFIER||||1473|Rbp|protein_coding|CODING|FBtr0433497|16|C),INTRON(MODIFIER||||1748|Rbp|protein_coding|CODING|FBtr0433493|17|C),INTRON(MODIFIER||||1765|Rbp|protein_coding|CODING|FBtr0433495|18|C),INTRAGENIC(MODIFIER|||||Rbp-PF||NON_CODING|||C),INTRAGENIC(MODIFIER|||||Rbp-PG||NON_CODING|||C),INTRAGENIC(MODIFIER|||||Rbp-PL||NON_CODING|||C),INTRAGENIC(MODIFIER|||||Rbp-PO||NON_CODING|||C),INTRAGENIC(MODIFIER|||||Rbp-PI||NON_CODING|||C),INTRAGENIC(MODIFIER|||||Rbp-PJ||NON_CODING|||C),INTRAGENIC(MODIFIER|||||Rbp-PK||NON_CODING|||C),INTRAGENIC(MODIFIER|||||Rbp-PM||NON_CODING|||C),INTRAGENIC(MODIFIER|||||Rbp-PN||NON_CODING|||C)"	"INTRON"	"Rbp"	FALSE	"INTRON(MODIFIER||||1799|Rbp|protein_coding|CODING|FBtr0333832|18|C)"
"3R_15397393"	"3R"	15397393	"T"	"C"	"EFF=INTRON(MODIFIER||||1844|Rbp|protein_coding|CODING|FBtr0304826|18|C),INTRON(MODIFIER||||1817|Rbp|protein_coding|CODING|FBtr0304827|17|C),INTRON(MODIFIER||||1799|Rbp|protein_coding|CODING|FBtr0333832|18|C),INTRON(MODIFIER||||1763|Rbp|protein_coding|CODING|FBtr0333833|17|C),INTRON(MODIFIER||||1487|Rbp|protein_coding|CODING|FBtr0433494|17|C),INTRON(MODIFIER||||1791|Rbp|protein_coding|CODING|FBtr0433496|18|C),INTRON(MODIFIER||||1473|Rbp|protein_coding|CODING|FBtr0433497|16|C),INTRON(MODIFIER||||1748|Rbp|protein_coding|CODING|FBtr0433493|17|C),INTRON(MODIFIER||||1765|Rbp|protein_coding|CODING|FBtr0433495|18|C),INTRAGENIC(MODIFIER|||||Rbp-PF||NON_CODING|||C),INTRAGENIC(MODIFIER|||||Rbp-PG||NON_CODING|||C),INTRAGENIC(MODIFIER|||||Rbp-PL||NON_CODING|||C),INTRAGENIC(MODIFIER|||||Rbp-PO||NON_CODING|||C),INTRAGENIC(MODIFIER|||||Rbp-PI||NON_CODING|||C),INTRAGENIC(MODIFIER|||||Rbp-PJ||NON_CODING|||C),INTRAGENIC(MODIFIER|||||Rbp-PK||NON_CODING|||C),INTRAGENIC(MODIFIER|||||Rbp-PM||NON_CODING|||C),INTRAGENIC(MODIFIER|||||Rbp-PN||NON_CODING|||C)"	"INTRON"	"Rbp"	FALSE	"INTRON(MODIFIER||||1763|Rbp|protein_coding|CODING|FBtr0333833|17|C)"
"3R_15397393"	"3R"	15397393	"T"	"C"	"EFF=INTRON(MODIFIER||||1844|Rbp|protein_coding|CODING|FBtr0304826|18|C),INTRON(MODIFIER||||1817|Rbp|protein_coding|CODING|FBtr0304827|17|C),INTRON(MODIFIER||||1799|Rbp|protein_coding|CODING|FBtr0333832|18|C),INTRON(MODIFIER||||1763|Rbp|protein_coding|CODING|FBtr0333833|17|C),INTRON(MODIFIER||||1487|Rbp|protein_coding|CODING|FBtr0433494|17|C),INTRON(MODIFIER||||1791|Rbp|protein_coding|CODING|FBtr0433496|18|C),INTRON(MODIFIER||||1473|Rbp|protein_coding|CODING|FBtr0433497|16|C),INTRON(MODIFIER||||1748|Rbp|protein_coding|CODING|FBtr0433493|17|C),INTRON(MODIFIER||||1765|Rbp|protein_coding|CODING|FBtr0433495|18|C),INTRAGENIC(MODIFIER|||||Rbp-PF||NON_CODING|||C),INTRAGENIC(MODIFIER|||||Rbp-PG||NON_CODING|||C),INTRAGENIC(MODIFIER|||||Rbp-PL||NON_CODING|||C),INTRAGENIC(MODIFIER|||||Rbp-PO||NON_CODING|||C),INTRAGENIC(MODIFIER|||||Rbp-PI||NON_CODING|||C),INTRAGENIC(MODIFIER|||||Rbp-PJ||NON_CODING|||C),INTRAGENIC(MODIFIER|||||Rbp-PK||NON_CODING|||C),INTRAGENIC(MODIFIER|||||Rbp-PM||NON_CODING|||C),INTRAGENIC(MODIFIER|||||Rbp-PN||NON_CODING|||C)"	"INTRON"	"Rbp"	FALSE	"INTRON(MODIFIER||||1487|Rbp|protein_coding|CODING|FBtr0433494|17|C)"
"3R_15397393"	"3R"	15397393	"T"	"C"	"EFF=INTRON(MODIFIER||||1844|Rbp|protein_coding|CODING|FBtr0304826|18|C),INTRON(MODIFIER||||1817|Rbp|protein_coding|CODING|FBtr0304827|17|C),INTRON(MODIFIER||||1799|Rbp|protein_coding|CODING|FBtr0333832|18|C),INTRON(MODIFIER||||1763|Rbp|protein_coding|CODING|FBtr0333833|17|C),INTRON(MODIFIER||||1487|Rbp|protein_coding|CODING|FBtr0433494|17|C),INTRON(MODIFIER||||1791|Rbp|protein_coding|CODING|FBtr0433496|18|C),INTRON(MODIFIER||||1473|Rbp|protein_coding|CODING|FBtr0433497|16|C),INTRON(MODIFIER||||1748|Rbp|protein_coding|CODING|FBtr0433493|17|C),INTRON(MODIFIER||||1765|Rbp|protein_coding|CODING|FBtr0433495|18|C),INTRAGENIC(MODIFIER|||||Rbp-PF||NON_CODING|||C),INTRAGENIC(MODIFIER|||||Rbp-PG||NON_CODING|||C),INTRAGENIC(MODIFIER|||||Rbp-PL||NON_CODING|||C),INTRAGENIC(MODIFIER|||||Rbp-PO||NON_CODING|||C),INTRAGENIC(MODIFIER|||||Rbp-PI||NON_CODING|||C),INTRAGENIC(MODIFIER|||||Rbp-PJ||NON_CODING|||C),INTRAGENIC(MODIFIER|||||Rbp-PK||NON_CODING|||C),INTRAGENIC(MODIFIER|||||Rbp-PM||NON_CODING|||C),INTRAGENIC(MODIFIER|||||Rbp-PN||NON_CODING|||C)"	"INTRON"	"Rbp"	FALSE	"INTRON(MODIFIER||||1791|Rbp|protein_coding|CODING|FBtr0433496|18|C)"
"3R_15397393"	"3R"	15397393	"T"	"C"	"EFF=INTRON(MODIFIER||||1844|Rbp|protein_coding|CODING|FBtr0304826|18|C),INTRON(MODIFIER||||1817|Rbp|protein_coding|CODING|FBtr0304827|17|C),INTRON(MODIFIER||||1799|Rbp|protein_coding|CODING|FBtr0333832|18|C),INTRON(MODIFIER||||1763|Rbp|protein_coding|CODING|FBtr0333833|17|C),INTRON(MODIFIER||||1487|Rbp|protein_coding|CODING|FBtr0433494|17|C),INTRON(MODIFIER||||1791|Rbp|protein_coding|CODING|FBtr0433496|18|C),INTRON(MODIFIER||||1473|Rbp|protein_coding|CODING|FBtr0433497|16|C),INTRON(MODIFIER||||1748|Rbp|protein_coding|CODING|FBtr0433493|17|C),INTRON(MODIFIER||||1765|Rbp|protein_coding|CODING|FBtr0433495|18|C),INTRAGENIC(MODIFIER|||||Rbp-PF||NON_CODING|||C),INTRAGENIC(MODIFIER|||||Rbp-PG||NON_CODING|||C),INTRAGENIC(MODIFIER|||||Rbp-PL||NON_CODING|||C),INTRAGENIC(MODIFIER|||||Rbp-PO||NON_CODING|||C),INTRAGENIC(MODIFIER|||||Rbp-PI||NON_CODING|||C),INTRAGENIC(MODIFIER|||||Rbp-PJ||NON_CODING|||C),INTRAGENIC(MODIFIER|||||Rbp-PK||NON_CODING|||C),INTRAGENIC(MODIFIER|||||Rbp-PM||NON_CODING|||C),INTRAGENIC(MODIFIER|||||Rbp-PN||NON_CODING|||C)"	"INTRON"	"Rbp"	FALSE	"INTRON(MODIFIER||||1473|Rbp|protein_coding|CODING|FBtr0433497|16|C)"
"3R_15397393"	"3R"	15397393	"T"	"C"	"EFF=INTRON(MODIFIER||||1844|Rbp|protein_coding|CODING|FBtr0304826|18|C),INTRON(MODIFIER||||1817|Rbp|protein_coding|CODING|FBtr0304827|17|C),INTRON(MODIFIER||||1799|Rbp|protein_coding|CODING|FBtr0333832|18|C),INTRON(MODIFIER||||1763|Rbp|protein_coding|CODING|FBtr0333833|17|C),INTRON(MODIFIER||||1487|Rbp|protein_coding|CODING|FBtr0433494|17|C),INTRON(MODIFIER||||1791|Rbp|protein_coding|CODING|FBtr0433496|18|C),INTRON(MODIFIER||||1473|Rbp|protein_coding|CODING|FBtr0433497|16|C),INTRON(MODIFIER||||1748|Rbp|protein_coding|CODING|FBtr0433493|17|C),INTRON(MODIFIER||||1765|Rbp|protein_coding|CODING|FBtr0433495|18|C),INTRAGENIC(MODIFIER|||||Rbp-PF||NON_CODING|||C),INTRAGENIC(MODIFIER|||||Rbp-PG||NON_CODING|||C),INTRAGENIC(MODIFIER|||||Rbp-PL||NON_CODING|||C),INTRAGENIC(MODIFIER|||||Rbp-PO||NON_CODING|||C),INTRAGENIC(MODIFIER|||||Rbp-PI||NON_CODING|||C),INTRAGENIC(MODIFIER|||||Rbp-PJ||NON_CODING|||C),INTRAGENIC(MODIFIER|||||Rbp-PK||NON_CODING|||C),INTRAGENIC(MODIFIER|||||Rbp-PM||NON_CODING|||C),INTRAGENIC(MODIFIER|||||Rbp-PN||NON_CODING|||C)"	"INTRON"	"Rbp"	FALSE	"INTRON(MODIFIER||||1748|Rbp|protein_coding|CODING|FBtr0433493|17|C)"
"3R_15397393"	"3R"	15397393	"T"	"C"	"EFF=INTRON(MODIFIER||||1844|Rbp|protein_coding|CODING|FBtr0304826|18|C),INTRON(MODIFIER||||1817|Rbp|protein_coding|CODING|FBtr0304827|17|C),INTRON(MODIFIER||||1799|Rbp|protein_coding|CODING|FBtr0333832|18|C),INTRON(MODIFIER||||1763|Rbp|protein_coding|CODING|FBtr0333833|17|C),INTRON(MODIFIER||||1487|Rbp|protein_coding|CODING|FBtr0433494|17|C),INTRON(MODIFIER||||1791|Rbp|protein_coding|CODING|FBtr0433496|18|C),INTRON(MODIFIER||||1473|Rbp|protein_coding|CODING|FBtr0433497|16|C),INTRON(MODIFIER||||1748|Rbp|protein_coding|CODING|FBtr0433493|17|C),INTRON(MODIFIER||||1765|Rbp|protein_coding|CODING|FBtr0433495|18|C),INTRAGENIC(MODIFIER|||||Rbp-PF||NON_CODING|||C),INTRAGENIC(MODIFIER|||||Rbp-PG||NON_CODING|||C),INTRAGENIC(MODIFIER|||||Rbp-PL||NON_CODING|||C),INTRAGENIC(MODIFIER|||||Rbp-PO||NON_CODING|||C),INTRAGENIC(MODIFIER|||||Rbp-PI||NON_CODING|||C),INTRAGENIC(MODIFIER|||||Rbp-PJ||NON_CODING|||C),INTRAGENIC(MODIFIER|||||Rbp-PK||NON_CODING|||C),INTRAGENIC(MODIFIER|||||Rbp-PM||NON_CODING|||C),INTRAGENIC(MODIFIER|||||Rbp-PN||NON_CODING|||C)"	"INTRON"	"Rbp"	FALSE	"INTRON(MODIFIER||||1765|Rbp|protein_coding|CODING|FBtr0433495|18|C)"
"3R_15397393"	"3R"	15397393	"T"	"C"	"EFF=INTRON(MODIFIER||||1844|Rbp|protein_coding|CODING|FBtr0304826|18|C),INTRON(MODIFIER||||1817|Rbp|protein_coding|CODING|FBtr0304827|17|C),INTRON(MODIFIER||||1799|Rbp|protein_coding|CODING|FBtr0333832|18|C),INTRON(MODIFIER||||1763|Rbp|protein_coding|CODING|FBtr0333833|17|C),INTRON(MODIFIER||||1487|Rbp|protein_coding|CODING|FBtr0433494|17|C),INTRON(MODIFIER||||1791|Rbp|protein_coding|CODING|FBtr0433496|18|C),INTRON(MODIFIER||||1473|Rbp|protein_coding|CODING|FBtr0433497|16|C),INTRON(MODIFIER||||1748|Rbp|protein_coding|CODING|FBtr0433493|17|C),INTRON(MODIFIER||||1765|Rbp|protein_coding|CODING|FBtr0433495|18|C),INTRAGENIC(MODIFIER|||||Rbp-PF||NON_CODING|||C),INTRAGENIC(MODIFIER|||||Rbp-PG||NON_CODING|||C),INTRAGENIC(MODIFIER|||||Rbp-PL||NON_CODING|||C),INTRAGENIC(MODIFIER|||||Rbp-PO||NON_CODING|||C),INTRAGENIC(MODIFIER|||||Rbp-PI||NON_CODING|||C),INTRAGENIC(MODIFIER|||||Rbp-PJ||NON_CODING|||C),INTRAGENIC(MODIFIER|||||Rbp-PK||NON_CODING|||C),INTRAGENIC(MODIFIER|||||Rbp-PM||NON_CODING|||C),INTRAGENIC(MODIFIER|||||Rbp-PN||NON_CODING|||C)"	"INTRAGENIC"	"Rbp-PF"	FALSE	"INTRAGENIC(MODIFIER|||||Rbp-PF||NON_CODING|||C)"
"3R_15397393"	"3R"	15397393	"T"	"C"	"EFF=INTRON(MODIFIER||||1844|Rbp|protein_coding|CODING|FBtr0304826|18|C),INTRON(MODIFIER||||1817|Rbp|protein_coding|CODING|FBtr0304827|17|C),INTRON(MODIFIER||||1799|Rbp|protein_coding|CODING|FBtr0333832|18|C),INTRON(MODIFIER||||1763|Rbp|protein_coding|CODING|FBtr0333833|17|C),INTRON(MODIFIER||||1487|Rbp|protein_coding|CODING|FBtr0433494|17|C),INTRON(MODIFIER||||1791|Rbp|protein_coding|CODING|FBtr0433496|18|C),INTRON(MODIFIER||||1473|Rbp|protein_coding|CODING|FBtr0433497|16|C),INTRON(MODIFIER||||1748|Rbp|protein_coding|CODING|FBtr0433493|17|C),INTRON(MODIFIER||||1765|Rbp|protein_coding|CODING|FBtr0433495|18|C),INTRAGENIC(MODIFIER|||||Rbp-PF||NON_CODING|||C),INTRAGENIC(MODIFIER|||||Rbp-PG||NON_CODING|||C),INTRAGENIC(MODIFIER|||||Rbp-PL||NON_CODING|||C),INTRAGENIC(MODIFIER|||||Rbp-PO||NON_CODING|||C),INTRAGENIC(MODIFIER|||||Rbp-PI||NON_CODING|||C),INTRAGENIC(MODIFIER|||||Rbp-PJ||NON_CODING|||C),INTRAGENIC(MODIFIER|||||Rbp-PK||NON_CODING|||C),INTRAGENIC(MODIFIER|||||Rbp-PM||NON_CODING|||C),INTRAGENIC(MODIFIER|||||Rbp-PN||NON_CODING|||C)"	"INTRAGENIC"	"Rbp-PG"	FALSE	"INTRAGENIC(MODIFIER|||||Rbp-PG||NON_CODING|||C)"
"3R_15397393"	"3R"	15397393	"T"	"C"	"EFF=INTRON(MODIFIER||||1844|Rbp|protein_coding|CODING|FBtr0304826|18|C),INTRON(MODIFIER||||1817|Rbp|protein_coding|CODING|FBtr0304827|17|C),INTRON(MODIFIER||||1799|Rbp|protein_coding|CODING|FBtr0333832|18|C),INTRON(MODIFIER||||1763|Rbp|protein_coding|CODING|FBtr0333833|17|C),INTRON(MODIFIER||||1487|Rbp|protein_coding|CODING|FBtr0433494|17|C),INTRON(MODIFIER||||1791|Rbp|protein_coding|CODING|FBtr0433496|18|C),INTRON(MODIFIER||||1473|Rbp|protein_coding|CODING|FBtr0433497|16|C),INTRON(MODIFIER||||1748|Rbp|protein_coding|CODING|FBtr0433493|17|C),INTRON(MODIFIER||||1765|Rbp|protein_coding|CODING|FBtr0433495|18|C),INTRAGENIC(MODIFIER|||||Rbp-PF||NON_CODING|||C),INTRAGENIC(MODIFIER|||||Rbp-PG||NON_CODING|||C),INTRAGENIC(MODIFIER|||||Rbp-PL||NON_CODING|||C),INTRAGENIC(MODIFIER|||||Rbp-PO||NON_CODING|||C),INTRAGENIC(MODIFIER|||||Rbp-PI||NON_CODING|||C),INTRAGENIC(MODIFIER|||||Rbp-PJ||NON_CODING|||C),INTRAGENIC(MODIFIER|||||Rbp-PK||NON_CODING|||C),INTRAGENIC(MODIFIER|||||Rbp-PM||NON_CODING|||C),INTRAGENIC(MODIFIER|||||Rbp-PN||NON_CODING|||C)"	"INTRAGENIC"	"Rbp-PL"	FALSE	"INTRAGENIC(MODIFIER|||||Rbp-PL||NON_CODING|||C)"
"3R_15397393"	"3R"	15397393	"T"	"C"	"EFF=INTRON(MODIFIER||||1844|Rbp|protein_coding|CODING|FBtr0304826|18|C),INTRON(MODIFIER||||1817|Rbp|protein_coding|CODING|FBtr0304827|17|C),INTRON(MODIFIER||||1799|Rbp|protein_coding|CODING|FBtr0333832|18|C),INTRON(MODIFIER||||1763|Rbp|protein_coding|CODING|FBtr0333833|17|C),INTRON(MODIFIER||||1487|Rbp|protein_coding|CODING|FBtr0433494|17|C),INTRON(MODIFIER||||1791|Rbp|protein_coding|CODING|FBtr0433496|18|C),INTRON(MODIFIER||||1473|Rbp|protein_coding|CODING|FBtr0433497|16|C),INTRON(MODIFIER||||1748|Rbp|protein_coding|CODING|FBtr0433493|17|C),INTRON(MODIFIER||||1765|Rbp|protein_coding|CODING|FBtr0433495|18|C),INTRAGENIC(MODIFIER|||||Rbp-PF||NON_CODING|||C),INTRAGENIC(MODIFIER|||||Rbp-PG||NON_CODING|||C),INTRAGENIC(MODIFIER|||||Rbp-PL||NON_CODING|||C),INTRAGENIC(MODIFIER|||||Rbp-PO||NON_CODING|||C),INTRAGENIC(MODIFIER|||||Rbp-PI||NON_CODING|||C),INTRAGENIC(MODIFIER|||||Rbp-PJ||NON_CODING|||C),INTRAGENIC(MODIFIER|||||Rbp-PK||NON_CODING|||C),INTRAGENIC(MODIFIER|||||Rbp-PM||NON_CODING|||C),INTRAGENIC(MODIFIER|||||Rbp-PN||NON_CODING|||C)"	"INTRAGENIC"	"Rbp-PO"	FALSE	"INTRAGENIC(MODIFIER|||||Rbp-PO||NON_CODING|||C)"
"3R_15397393"	"3R"	15397393	"T"	"C"	"EFF=INTRON(MODIFIER||||1844|Rbp|protein_coding|CODING|FBtr0304826|18|C),INTRON(MODIFIER||||1817|Rbp|protein_coding|CODING|FBtr0304827|17|C),INTRON(MODIFIER||||1799|Rbp|protein_coding|CODING|FBtr0333832|18|C),INTRON(MODIFIER||||1763|Rbp|protein_coding|CODING|FBtr0333833|17|C),INTRON(MODIFIER||||1487|Rbp|protein_coding|CODING|FBtr0433494|17|C),INTRON(MODIFIER||||1791|Rbp|protein_coding|CODING|FBtr0433496|18|C),INTRON(MODIFIER||||1473|Rbp|protein_coding|CODING|FBtr0433497|16|C),INTRON(MODIFIER||||1748|Rbp|protein_coding|CODING|FBtr0433493|17|C),INTRON(MODIFIER||||1765|Rbp|protein_coding|CODING|FBtr0433495|18|C),INTRAGENIC(MODIFIER|||||Rbp-PF||NON_CODING|||C),INTRAGENIC(MODIFIER|||||Rbp-PG||NON_CODING|||C),INTRAGENIC(MODIFIER|||||Rbp-PL||NON_CODING|||C),INTRAGENIC(MODIFIER|||||Rbp-PO||NON_CODING|||C),INTRAGENIC(MODIFIER|||||Rbp-PI||NON_CODING|||C),INTRAGENIC(MODIFIER|||||Rbp-PJ||NON_CODING|||C),INTRAGENIC(MODIFIER|||||Rbp-PK||NON_CODING|||C),INTRAGENIC(MODIFIER|||||Rbp-PM||NON_CODING|||C),INTRAGENIC(MODIFIER|||||Rbp-PN||NON_CODING|||C)"	"INTRAGENIC"	"Rbp-PI"	FALSE	"INTRAGENIC(MODIFIER|||||Rbp-PI||NON_CODING|||C)"
"3R_15397393"	"3R"	15397393	"T"	"C"	"EFF=INTRON(MODIFIER||||1844|Rbp|protein_coding|CODING|FBtr0304826|18|C),INTRON(MODIFIER||||1817|Rbp|protein_coding|CODING|FBtr0304827|17|C),INTRON(MODIFIER||||1799|Rbp|protein_coding|CODING|FBtr0333832|18|C),INTRON(MODIFIER||||1763|Rbp|protein_coding|CODING|FBtr0333833|17|C),INTRON(MODIFIER||||1487|Rbp|protein_coding|CODING|FBtr0433494|17|C),INTRON(MODIFIER||||1791|Rbp|protein_coding|CODING|FBtr0433496|18|C),INTRON(MODIFIER||||1473|Rbp|protein_coding|CODING|FBtr0433497|16|C),INTRON(MODIFIER||||1748|Rbp|protein_coding|CODING|FBtr0433493|17|C),INTRON(MODIFIER||||1765|Rbp|protein_coding|CODING|FBtr0433495|18|C),INTRAGENIC(MODIFIER|||||Rbp-PF||NON_CODING|||C),INTRAGENIC(MODIFIER|||||Rbp-PG||NON_CODING|||C),INTRAGENIC(MODIFIER|||||Rbp-PL||NON_CODING|||C),INTRAGENIC(MODIFIER|||||Rbp-PO||NON_CODING|||C),INTRAGENIC(MODIFIER|||||Rbp-PI||NON_CODING|||C),INTRAGENIC(MODIFIER|||||Rbp-PJ||NON_CODING|||C),INTRAGENIC(MODIFIER|||||Rbp-PK||NON_CODING|||C),INTRAGENIC(MODIFIER|||||Rbp-PM||NON_CODING|||C),INTRAGENIC(MODIFIER|||||Rbp-PN||NON_CODING|||C)"	"INTRAGENIC"	"Rbp-PJ"	FALSE	"INTRAGENIC(MODIFIER|||||Rbp-PJ||NON_CODING|||C)"
"3R_15397393"	"3R"	15397393	"T"	"C"	"EFF=INTRON(MODIFIER||||1844|Rbp|protein_coding|CODING|FBtr0304826|18|C),INTRON(MODIFIER||||1817|Rbp|protein_coding|CODING|FBtr0304827|17|C),INTRON(MODIFIER||||1799|Rbp|protein_coding|CODING|FBtr0333832|18|C),INTRON(MODIFIER||||1763|Rbp|protein_coding|CODING|FBtr0333833|17|C),INTRON(MODIFIER||||1487|Rbp|protein_coding|CODING|FBtr0433494|17|C),INTRON(MODIFIER||||1791|Rbp|protein_coding|CODING|FBtr0433496|18|C),INTRON(MODIFIER||||1473|Rbp|protein_coding|CODING|FBtr0433497|16|C),INTRON(MODIFIER||||1748|Rbp|protein_coding|CODING|FBtr0433493|17|C),INTRON(MODIFIER||||1765|Rbp|protein_coding|CODING|FBtr0433495|18|C),INTRAGENIC(MODIFIER|||||Rbp-PF||NON_CODING|||C),INTRAGENIC(MODIFIER|||||Rbp-PG||NON_CODING|||C),INTRAGENIC(MODIFIER|||||Rbp-PL||NON_CODING|||C),INTRAGENIC(MODIFIER|||||Rbp-PO||NON_CODING|||C),INTRAGENIC(MODIFIER|||||Rbp-PI||NON_CODING|||C),INTRAGENIC(MODIFIER|||||Rbp-PJ||NON_CODING|||C),INTRAGENIC(MODIFIER|||||Rbp-PK||NON_CODING|||C),INTRAGENIC(MODIFIER|||||Rbp-PM||NON_CODING|||C),INTRAGENIC(MODIFIER|||||Rbp-PN||NON_CODING|||C)"	"INTRAGENIC"	"Rbp-PK"	FALSE	"INTRAGENIC(MODIFIER|||||Rbp-PK||NON_CODING|||C)"
"3R_15397393"	"3R"	15397393	"T"	"C"	"EFF=INTRON(MODIFIER||||1844|Rbp|protein_coding|CODING|FBtr0304826|18|C),INTRON(MODIFIER||||1817|Rbp|protein_coding|CODING|FBtr0304827|17|C),INTRON(MODIFIER||||1799|Rbp|protein_coding|CODING|FBtr0333832|18|C),INTRON(MODIFIER||||1763|Rbp|protein_coding|CODING|FBtr0333833|17|C),INTRON(MODIFIER||||1487|Rbp|protein_coding|CODING|FBtr0433494|17|C),INTRON(MODIFIER||||1791|Rbp|protein_coding|CODING|FBtr0433496|18|C),INTRON(MODIFIER||||1473|Rbp|protein_coding|CODING|FBtr0433497|16|C),INTRON(MODIFIER||||1748|Rbp|protein_coding|CODING|FBtr0433493|17|C),INTRON(MODIFIER||||1765|Rbp|protein_coding|CODING|FBtr0433495|18|C),INTRAGENIC(MODIFIER|||||Rbp-PF||NON_CODING|||C),INTRAGENIC(MODIFIER|||||Rbp-PG||NON_CODING|||C),INTRAGENIC(MODIFIER|||||Rbp-PL||NON_CODING|||C),INTRAGENIC(MODIFIER|||||Rbp-PO||NON_CODING|||C),INTRAGENIC(MODIFIER|||||Rbp-PI||NON_CODING|||C),INTRAGENIC(MODIFIER|||||Rbp-PJ||NON_CODING|||C),INTRAGENIC(MODIFIER|||||Rbp-PK||NON_CODING|||C),INTRAGENIC(MODIFIER|||||Rbp-PM||NON_CODING|||C),INTRAGENIC(MODIFIER|||||Rbp-PN||NON_CODING|||C)"	"INTRAGENIC"	"Rbp-PM"	FALSE	"INTRAGENIC(MODIFIER|||||Rbp-PM||NON_CODING|||C)"
"3R_15397393"	"3R"	15397393	"T"	"C"	"EFF=INTRON(MODIFIER||||1844|Rbp|protein_coding|CODING|FBtr0304826|18|C),INTRON(MODIFIER||||1817|Rbp|protein_coding|CODING|FBtr0304827|17|C),INTRON(MODIFIER||||1799|Rbp|protein_coding|CODING|FBtr0333832|18|C),INTRON(MODIFIER||||1763|Rbp|protein_coding|CODING|FBtr0333833|17|C),INTRON(MODIFIER||||1487|Rbp|protein_coding|CODING|FBtr0433494|17|C),INTRON(MODIFIER||||1791|Rbp|protein_coding|CODING|FBtr0433496|18|C),INTRON(MODIFIER||||1473|Rbp|protein_coding|CODING|FBtr0433497|16|C),INTRON(MODIFIER||||1748|Rbp|protein_coding|CODING|FBtr0433493|17|C),INTRON(MODIFIER||||1765|Rbp|protein_coding|CODING|FBtr0433495|18|C),INTRAGENIC(MODIFIER|||||Rbp-PF||NON_CODING|||C),INTRAGENIC(MODIFIER|||||Rbp-PG||NON_CODING|||C),INTRAGENIC(MODIFIER|||||Rbp-PL||NON_CODING|||C),INTRAGENIC(MODIFIER|||||Rbp-PO||NON_CODING|||C),INTRAGENIC(MODIFIER|||||Rbp-PI||NON_CODING|||C),INTRAGENIC(MODIFIER|||||Rbp-PJ||NON_CODING|||C),INTRAGENIC(MODIFIER|||||Rbp-PK||NON_CODING|||C),INTRAGENIC(MODIFIER|||||Rbp-PM||NON_CODING|||C),INTRAGENIC(MODIFIER|||||Rbp-PN||NON_CODING|||C)"	"INTRAGENIC"	"Rbp-PN"	FALSE	"INTRAGENIC(MODIFIER|||||Rbp-PN||NON_CODING|||C)"
"3R_16911341"	"3R"	16911341	"T"	"C"	"EFF=INTRON(MODIFIER|||||lncRNA:iab8|lincRNA|NON_CODING|FBtr0306340|1|C),INTRON(MODIFIER|||||lncRNA:iab8|lincRNA|NON_CODING|FBtr0309897|1|C),INTRON(MODIFIER|||||lncRNA:iab8|lincRNA|NON_CODING|FBtr0336894|1|C),INTRON(MODIFIER|||||lncRNA:iab8|lincRNA|NON_CODING|FBtr0336893|1|C),INTRON(MODIFIER|||||lncRNA:iab8|lincRNA|NON_CODING|FBtr0336892|1|C)"	"INTRON"	"lncRNA:iab8"	FALSE	"INTRON(MODIFIER|||||lncRNA:iab8|lincRNA|NON_CODING|FBtr0306340|1|C)"
"3R_16911341"	"3R"	16911341	"T"	"C"	"EFF=INTRON(MODIFIER|||||lncRNA:iab8|lincRNA|NON_CODING|FBtr0306340|1|C),INTRON(MODIFIER|||||lncRNA:iab8|lincRNA|NON_CODING|FBtr0309897|1|C),INTRON(MODIFIER|||||lncRNA:iab8|lincRNA|NON_CODING|FBtr0336894|1|C),INTRON(MODIFIER|||||lncRNA:iab8|lincRNA|NON_CODING|FBtr0336893|1|C),INTRON(MODIFIER|||||lncRNA:iab8|lincRNA|NON_CODING|FBtr0336892|1|C)"	"INTRON"	"lncRNA:iab8"	FALSE	"INTRON(MODIFIER|||||lncRNA:iab8|lincRNA|NON_CODING|FBtr0309897|1|C)"
"3R_16911341"	"3R"	16911341	"T"	"C"	"EFF=INTRON(MODIFIER|||||lncRNA:iab8|lincRNA|NON_CODING|FBtr0306340|1|C),INTRON(MODIFIER|||||lncRNA:iab8|lincRNA|NON_CODING|FBtr0309897|1|C),INTRON(MODIFIER|||||lncRNA:iab8|lincRNA|NON_CODING|FBtr0336894|1|C),INTRON(MODIFIER|||||lncRNA:iab8|lincRNA|NON_CODING|FBtr0336893|1|C),INTRON(MODIFIER|||||lncRNA:iab8|lincRNA|NON_CODING|FBtr0336892|1|C)"	"INTRON"	"lncRNA:iab8"	FALSE	"INTRON(MODIFIER|||||lncRNA:iab8|lincRNA|NON_CODING|FBtr0336894|1|C)"
"3R_16911341"	"3R"	16911341	"T"	"C"	"EFF=INTRON(MODIFIER|||||lncRNA:iab8|lincRNA|NON_CODING|FBtr0306340|1|C),INTRON(MODIFIER|||||lncRNA:iab8|lincRNA|NON_CODING|FBtr0309897|1|C),INTRON(MODIFIER|||||lncRNA:iab8|lincRNA|NON_CODING|FBtr0336894|1|C),INTRON(MODIFIER|||||lncRNA:iab8|lincRNA|NON_CODING|FBtr0336893|1|C),INTRON(MODIFIER|||||lncRNA:iab8|lincRNA|NON_CODING|FBtr0336892|1|C)"	"INTRON"	"lncRNA:iab8"	FALSE	"INTRON(MODIFIER|||||lncRNA:iab8|lincRNA|NON_CODING|FBtr0336893|1|C)"
"3R_16911341"	"3R"	16911341	"T"	"C"	"EFF=INTRON(MODIFIER|||||lncRNA:iab8|lincRNA|NON_CODING|FBtr0306340|1|C),INTRON(MODIFIER|||||lncRNA:iab8|lincRNA|NON_CODING|FBtr0309897|1|C),INTRON(MODIFIER|||||lncRNA:iab8|lincRNA|NON_CODING|FBtr0336894|1|C),INTRON(MODIFIER|||||lncRNA:iab8|lincRNA|NON_CODING|FBtr0336893|1|C),INTRON(MODIFIER|||||lncRNA:iab8|lincRNA|NON_CODING|FBtr0336892|1|C)"	"INTRON"	"lncRNA:iab8"	FALSE	"INTRON(MODIFIER|||||lncRNA:iab8|lincRNA|NON_CODING|FBtr0336892|1|C)"
"3R_19299344"	"3R"	19299344	"T"	"A"	"EFF=INTERGENIC(MODIFIER||||||||||A)"	"INTERGENIC"	"unassigned"	FALSE	"INTERGENIC(MODIFIER||||||||||A)"
"3R_21998760"	"3R"	21998760	"A"	"G"	"EFF=INTRON(MODIFIER||||1188|Eip93F|protein_coding|CODING|FBtr0112874|6|G),INTRON(MODIFIER||||1165|Eip93F|protein_coding|CODING|FBtr0084169|5|G),INTRON(MODIFIER||||1188|Eip93F|protein_coding|CODING|FBtr0330384|5|G),INTRAGENIC(MODIFIER|||||Eip93F-PB||NON_CODING|||G),INTRAGENIC(MODIFIER|||||Eip93F-PA||NON_CODING|||G),INTRAGENIC(MODIFIER|||||Eip93F-PC||NON_CODING|||G)"	"INTRON"	"Eip93F"	FALSE	"INTRON(MODIFIER||||1188|Eip93F|protein_coding|CODING|FBtr0112874|6|G)"
"3R_21998760"	"3R"	21998760	"A"	"G"	"EFF=INTRON(MODIFIER||||1188|Eip93F|protein_coding|CODING|FBtr0112874|6|G),INTRON(MODIFIER||||1165|Eip93F|protein_coding|CODING|FBtr0084169|5|G),INTRON(MODIFIER||||1188|Eip93F|protein_coding|CODING|FBtr0330384|5|G),INTRAGENIC(MODIFIER|||||Eip93F-PB||NON_CODING|||G),INTRAGENIC(MODIFIER|||||Eip93F-PA||NON_CODING|||G),INTRAGENIC(MODIFIER|||||Eip93F-PC||NON_CODING|||G)"	"INTRON"	"Eip93F"	FALSE	"INTRON(MODIFIER||||1165|Eip93F|protein_coding|CODING|FBtr0084169|5|G)"
"3R_21998760"	"3R"	21998760	"A"	"G"	"EFF=INTRON(MODIFIER||||1188|Eip93F|protein_coding|CODING|FBtr0112874|6|G),INTRON(MODIFIER||||1165|Eip93F|protein_coding|CODING|FBtr0084169|5|G),INTRON(MODIFIER||||1188|Eip93F|protein_coding|CODING|FBtr0330384|5|G),INTRAGENIC(MODIFIER|||||Eip93F-PB||NON_CODING|||G),INTRAGENIC(MODIFIER|||||Eip93F-PA||NON_CODING|||G),INTRAGENIC(MODIFIER|||||Eip93F-PC||NON_CODING|||G)"	"INTRON"	"Eip93F"	FALSE	"INTRON(MODIFIER||||1188|Eip93F|protein_coding|CODING|FBtr0330384|5|G)"
"3R_21998760"	"3R"	21998760	"A"	"G"	"EFF=INTRON(MODIFIER||||1188|Eip93F|protein_coding|CODING|FBtr0112874|6|G),INTRON(MODIFIER||||1165|Eip93F|protein_coding|CODING|FBtr0084169|5|G),INTRON(MODIFIER||||1188|Eip93F|protein_coding|CODING|FBtr0330384|5|G),INTRAGENIC(MODIFIER|||||Eip93F-PB||NON_CODING|||G),INTRAGENIC(MODIFIER|||||Eip93F-PA||NON_CODING|||G),INTRAGENIC(MODIFIER|||||Eip93F-PC||NON_CODING|||G)"	"INTRAGENIC"	"Eip93F-PB"	FALSE	"INTRAGENIC(MODIFIER|||||Eip93F-PB||NON_CODING|||G)"
"3R_21998760"	"3R"	21998760	"A"	"G"	"EFF=INTRON(MODIFIER||||1188|Eip93F|protein_coding|CODING|FBtr0112874|6|G),INTRON(MODIFIER||||1165|Eip93F|protein_coding|CODING|FBtr0084169|5|G),INTRON(MODIFIER||||1188|Eip93F|protein_coding|CODING|FBtr0330384|5|G),INTRAGENIC(MODIFIER|||||Eip93F-PB||NON_CODING|||G),INTRAGENIC(MODIFIER|||||Eip93F-PA||NON_CODING|||G),INTRAGENIC(MODIFIER|||||Eip93F-PC||NON_CODING|||G)"	"INTRAGENIC"	"Eip93F-PA"	FALSE	"INTRAGENIC(MODIFIER|||||Eip93F-PA||NON_CODING|||G)"
"3R_21998760"	"3R"	21998760	"A"	"G"	"EFF=INTRON(MODIFIER||||1188|Eip93F|protein_coding|CODING|FBtr0112874|6|G),INTRON(MODIFIER||||1165|Eip93F|protein_coding|CODING|FBtr0084169|5|G),INTRON(MODIFIER||||1188|Eip93F|protein_coding|CODING|FBtr0330384|5|G),INTRAGENIC(MODIFIER|||||Eip93F-PB||NON_CODING|||G),INTRAGENIC(MODIFIER|||||Eip93F-PA||NON_CODING|||G),INTRAGENIC(MODIFIER|||||Eip93F-PC||NON_CODING|||G)"	"INTRAGENIC"	"Eip93F-PC"	FALSE	"INTRAGENIC(MODIFIER|||||Eip93F-PC||NON_CODING|||G)"
"3R_22569326"	"3R"	22569326	"T"	"C"	"EFF=UPSTREAM(MODIFIER||862||337|CG33110|protein_coding|CODING|FBtr0084264||C),INTERGENIC(MODIFIER||||||||||C)"	"UPSTREAM"	"CG33110"	FALSE	"UPSTREAM(MODIFIER||862||337|CG33110|protein_coding|CODING|FBtr0084264||C)"
"3R_22569326"	"3R"	22569326	"T"	"C"	"EFF=UPSTREAM(MODIFIER||862||337|CG33110|protein_coding|CODING|FBtr0084264||C),INTERGENIC(MODIFIER||||||||||C)"	"INTERGENIC"	"unassigned"	FALSE	"INTERGENIC(MODIFIER||||||||||C)"
"3R_22697510"	"3R"	22697510	"C"	"T"	"EFF=SYNONYMOUS_CODING(LOW|SILENT|Cta/Tta|L711|830|cd|protein_coding|CODING|FBtr0084303|3|T),UPSTREAM(MODIFIER||809||515|Cyp6d4|protein_coding|CODING|FBtr0084304||T),INTRAGENIC(MODIFIER|||||cd-PA||NON_CODING|||T)"	"SYNONYMOUS_CODING"	"cd"	FALSE	"SYNONYMOUS_CODING(LOW|SILENT|Cta/Tta|L711|830|cd|protein_coding|CODING|FBtr0084303|3|T)"
"3R_22697510"	"3R"	22697510	"C"	"T"	"EFF=SYNONYMOUS_CODING(LOW|SILENT|Cta/Tta|L711|830|cd|protein_coding|CODING|FBtr0084303|3|T),UPSTREAM(MODIFIER||809||515|Cyp6d4|protein_coding|CODING|FBtr0084304||T),INTRAGENIC(MODIFIER|||||cd-PA||NON_CODING|||T)"	"UPSTREAM"	"Cyp6d4"	FALSE	"UPSTREAM(MODIFIER||809||515|Cyp6d4|protein_coding|CODING|FBtr0084304||T)"
"3R_22697510"	"3R"	22697510	"C"	"T"	"EFF=SYNONYMOUS_CODING(LOW|SILENT|Cta/Tta|L711|830|cd|protein_coding|CODING|FBtr0084303|3|T),UPSTREAM(MODIFIER||809||515|Cyp6d4|protein_coding|CODING|FBtr0084304||T),INTRAGENIC(MODIFIER|||||cd-PA||NON_CODING|||T)"	"INTRAGENIC"	"cd-PA"	FALSE	"INTRAGENIC(MODIFIER|||||cd-PA||NON_CODING|||T)"
"3R_22770259"	"3R"	22770259	"A"	"AC"	"EFF=UPSTREAM(MODIFIER||593||217|CG43092|protein_coding|CODING|FBtr0304880||AC|WARNING_TRANSCRIPT_MULTIPLE_STOP_CODONS),DOWNSTREAM(MODIFIER||353||90|CG43094|protein_coding|CODING|FBtr0304878||AC),DOWNSTREAM(MODIFIER||896||146|CG43095|protein_coding|CODING|FBtr0304877||AC),INTRON(MODIFIER||||424|Usp12-46|protein_coding|CODING|FBtr0084311|2|AC),INTRON(MODIFIER||||121|CG43093|protein_coding|CODING|FBtr0304879|1|AC),INTRON(MODIFIER||||1517|CG7029|protein_coding|CODING|FBtr0113270|2|AC),INTRON(MODIFIER||||1471|CG7029|protein_coding|CODING|FBtr0310038|2|AC),INTRON(MODIFIER||||1506|CG7029|protein_coding|CODING|FBtr0344297|2|AC),INTRON(MODIFIER||||1517|CG7029|protein_coding|CODING|FBtr0113271|2|AC),INTRAGENIC(MODIFIER|||||CG43093-PA||NON_CODING|||AC)"	"UPSTREAM"	"CG43092"	TRUE	"UPSTREAM(MODIFIER||593||217|CG43092|protein_coding|CODING|FBtr0304880||AC|WARNING_TRANSCRIPT_MULTIPLE_STOP_CODONS)"
"3R_22770259"	"3R"	22770259	"A"	"AC"	"EFF=UPSTREAM(MODIFIER||593||217|CG43092|protein_coding|CODING|FBtr0304880||AC|WARNING_TRANSCRIPT_MULTIPLE_STOP_CODONS),DOWNSTREAM(MODIFIER||353||90|CG43094|protein_coding|CODING|FBtr0304878||AC),DOWNSTREAM(MODIFIER||896||146|CG43095|protein_coding|CODING|FBtr0304877||AC),INTRON(MODIFIER||||424|Usp12-46|protein_coding|CODING|FBtr0084311|2|AC),INTRON(MODIFIER||||121|CG43093|protein_coding|CODING|FBtr0304879|1|AC),INTRON(MODIFIER||||1517|CG7029|protein_coding|CODING|FBtr0113270|2|AC),INTRON(MODIFIER||||1471|CG7029|protein_coding|CODING|FBtr0310038|2|AC),INTRON(MODIFIER||||1506|CG7029|protein_coding|CODING|FBtr0344297|2|AC),INTRON(MODIFIER||||1517|CG7029|protein_coding|CODING|FBtr0113271|2|AC),INTRAGENIC(MODIFIER|||||CG43093-PA||NON_CODING|||AC)"	"DOWNSTREAM"	"CG43094"	FALSE	"DOWNSTREAM(MODIFIER||353||90|CG43094|protein_coding|CODING|FBtr0304878||AC)"
"3R_22770259"	"3R"	22770259	"A"	"AC"	"EFF=UPSTREAM(MODIFIER||593||217|CG43092|protein_coding|CODING|FBtr0304880||AC|WARNING_TRANSCRIPT_MULTIPLE_STOP_CODONS),DOWNSTREAM(MODIFIER||353||90|CG43094|protein_coding|CODING|FBtr0304878||AC),DOWNSTREAM(MODIFIER||896||146|CG43095|protein_coding|CODING|FBtr0304877||AC),INTRON(MODIFIER||||424|Usp12-46|protein_coding|CODING|FBtr0084311|2|AC),INTRON(MODIFIER||||121|CG43093|protein_coding|CODING|FBtr0304879|1|AC),INTRON(MODIFIER||||1517|CG7029|protein_coding|CODING|FBtr0113270|2|AC),INTRON(MODIFIER||||1471|CG7029|protein_coding|CODING|FBtr0310038|2|AC),INTRON(MODIFIER||||1506|CG7029|protein_coding|CODING|FBtr0344297|2|AC),INTRON(MODIFIER||||1517|CG7029|protein_coding|CODING|FBtr0113271|2|AC),INTRAGENIC(MODIFIER|||||CG43093-PA||NON_CODING|||AC)"	"DOWNSTREAM"	"CG43095"	FALSE	"DOWNSTREAM(MODIFIER||896||146|CG43095|protein_coding|CODING|FBtr0304877||AC)"
"3R_22770259"	"3R"	22770259	"A"	"AC"	"EFF=UPSTREAM(MODIFIER||593||217|CG43092|protein_coding|CODING|FBtr0304880||AC|WARNING_TRANSCRIPT_MULTIPLE_STOP_CODONS),DOWNSTREAM(MODIFIER||353||90|CG43094|protein_coding|CODING|FBtr0304878||AC),DOWNSTREAM(MODIFIER||896||146|CG43095|protein_coding|CODING|FBtr0304877||AC),INTRON(MODIFIER||||424|Usp12-46|protein_coding|CODING|FBtr0084311|2|AC),INTRON(MODIFIER||||121|CG43093|protein_coding|CODING|FBtr0304879|1|AC),INTRON(MODIFIER||||1517|CG7029|protein_coding|CODING|FBtr0113270|2|AC),INTRON(MODIFIER||||1471|CG7029|protein_coding|CODING|FBtr0310038|2|AC),INTRON(MODIFIER||||1506|CG7029|protein_coding|CODING|FBtr0344297|2|AC),INTRON(MODIFIER||||1517|CG7029|protein_coding|CODING|FBtr0113271|2|AC),INTRAGENIC(MODIFIER|||||CG43093-PA||NON_CODING|||AC)"	"INTRON"	"Usp12-46"	FALSE	"INTRON(MODIFIER||||424|Usp12-46|protein_coding|CODING|FBtr0084311|2|AC)"
"3R_22770259"	"3R"	22770259	"A"	"AC"	"EFF=UPSTREAM(MODIFIER||593||217|CG43092|protein_coding|CODING|FBtr0304880||AC|WARNING_TRANSCRIPT_MULTIPLE_STOP_CODONS),DOWNSTREAM(MODIFIER||353||90|CG43094|protein_coding|CODING|FBtr0304878||AC),DOWNSTREAM(MODIFIER||896||146|CG43095|protein_coding|CODING|FBtr0304877||AC),INTRON(MODIFIER||||424|Usp12-46|protein_coding|CODING|FBtr0084311|2|AC),INTRON(MODIFIER||||121|CG43093|protein_coding|CODING|FBtr0304879|1|AC),INTRON(MODIFIER||||1517|CG7029|protein_coding|CODING|FBtr0113270|2|AC),INTRON(MODIFIER||||1471|CG7029|protein_coding|CODING|FBtr0310038|2|AC),INTRON(MODIFIER||||1506|CG7029|protein_coding|CODING|FBtr0344297|2|AC),INTRON(MODIFIER||||1517|CG7029|protein_coding|CODING|FBtr0113271|2|AC),INTRAGENIC(MODIFIER|||||CG43093-PA||NON_CODING|||AC)"	"INTRON"	"CG43093"	FALSE	"INTRON(MODIFIER||||121|CG43093|protein_coding|CODING|FBtr0304879|1|AC)"
"3R_22770259"	"3R"	22770259	"A"	"AC"	"EFF=UPSTREAM(MODIFIER||593||217|CG43092|protein_coding|CODING|FBtr0304880||AC|WARNING_TRANSCRIPT_MULTIPLE_STOP_CODONS),DOWNSTREAM(MODIFIER||353||90|CG43094|protein_coding|CODING|FBtr0304878||AC),DOWNSTREAM(MODIFIER||896||146|CG43095|protein_coding|CODING|FBtr0304877||AC),INTRON(MODIFIER||||424|Usp12-46|protein_coding|CODING|FBtr0084311|2|AC),INTRON(MODIFIER||||121|CG43093|protein_coding|CODING|FBtr0304879|1|AC),INTRON(MODIFIER||||1517|CG7029|protein_coding|CODING|FBtr0113270|2|AC),INTRON(MODIFIER||||1471|CG7029|protein_coding|CODING|FBtr0310038|2|AC),INTRON(MODIFIER||||1506|CG7029|protein_coding|CODING|FBtr0344297|2|AC),INTRON(MODIFIER||||1517|CG7029|protein_coding|CODING|FBtr0113271|2|AC),INTRAGENIC(MODIFIER|||||CG43093-PA||NON_CODING|||AC)"	"INTRON"	"CG7029"	FALSE	"INTRON(MODIFIER||||1517|CG7029|protein_coding|CODING|FBtr0113270|2|AC)"
"3R_22770259"	"3R"	22770259	"A"	"AC"	"EFF=UPSTREAM(MODIFIER||593||217|CG43092|protein_coding|CODING|FBtr0304880||AC|WARNING_TRANSCRIPT_MULTIPLE_STOP_CODONS),DOWNSTREAM(MODIFIER||353||90|CG43094|protein_coding|CODING|FBtr0304878||AC),DOWNSTREAM(MODIFIER||896||146|CG43095|protein_coding|CODING|FBtr0304877||AC),INTRON(MODIFIER||||424|Usp12-46|protein_coding|CODING|FBtr0084311|2|AC),INTRON(MODIFIER||||121|CG43093|protein_coding|CODING|FBtr0304879|1|AC),INTRON(MODIFIER||||1517|CG7029|protein_coding|CODING|FBtr0113270|2|AC),INTRON(MODIFIER||||1471|CG7029|protein_coding|CODING|FBtr0310038|2|AC),INTRON(MODIFIER||||1506|CG7029|protein_coding|CODING|FBtr0344297|2|AC),INTRON(MODIFIER||||1517|CG7029|protein_coding|CODING|FBtr0113271|2|AC),INTRAGENIC(MODIFIER|||||CG43093-PA||NON_CODING|||AC)"	"INTRON"	"CG7029"	FALSE	"INTRON(MODIFIER||||1471|CG7029|protein_coding|CODING|FBtr0310038|2|AC)"
"3R_22770259"	"3R"	22770259	"A"	"AC"	"EFF=UPSTREAM(MODIFIER||593||217|CG43092|protein_coding|CODING|FBtr0304880||AC|WARNING_TRANSCRIPT_MULTIPLE_STOP_CODONS),DOWNSTREAM(MODIFIER||353||90|CG43094|protein_coding|CODING|FBtr0304878||AC),DOWNSTREAM(MODIFIER||896||146|CG43095|protein_coding|CODING|FBtr0304877||AC),INTRON(MODIFIER||||424|Usp12-46|protein_coding|CODING|FBtr0084311|2|AC),INTRON(MODIFIER||||121|CG43093|protein_coding|CODING|FBtr0304879|1|AC),INTRON(MODIFIER||||1517|CG7029|protein_coding|CODING|FBtr0113270|2|AC),INTRON(MODIFIER||||1471|CG7029|protein_coding|CODING|FBtr0310038|2|AC),INTRON(MODIFIER||||1506|CG7029|protein_coding|CODING|FBtr0344297|2|AC),INTRON(MODIFIER||||1517|CG7029|protein_coding|CODING|FBtr0113271|2|AC),INTRAGENIC(MODIFIER|||||CG43093-PA||NON_CODING|||AC)"	"INTRON"	"CG7029"	FALSE	"INTRON(MODIFIER||||1506|CG7029|protein_coding|CODING|FBtr0344297|2|AC)"
"3R_22770259"	"3R"	22770259	"A"	"AC"	"EFF=UPSTREAM(MODIFIER||593||217|CG43092|protein_coding|CODING|FBtr0304880||AC|WARNING_TRANSCRIPT_MULTIPLE_STOP_CODONS),DOWNSTREAM(MODIFIER||353||90|CG43094|protein_coding|CODING|FBtr0304878||AC),DOWNSTREAM(MODIFIER||896||146|CG43095|protein_coding|CODING|FBtr0304877||AC),INTRON(MODIFIER||||424|Usp12-46|protein_coding|CODING|FBtr0084311|2|AC),INTRON(MODIFIER||||121|CG43093|protein_coding|CODING|FBtr0304879|1|AC),INTRON(MODIFIER||||1517|CG7029|protein_coding|CODING|FBtr0113270|2|AC),INTRON(MODIFIER||||1471|CG7029|protein_coding|CODING|FBtr0310038|2|AC),INTRON(MODIFIER||||1506|CG7029|protein_coding|CODING|FBtr0344297|2|AC),INTRON(MODIFIER||||1517|CG7029|protein_coding|CODING|FBtr0113271|2|AC),INTRAGENIC(MODIFIER|||||CG43093-PA||NON_CODING|||AC)"	"INTRON"	"CG7029"	FALSE	"INTRON(MODIFIER||||1517|CG7029|protein_coding|CODING|FBtr0113271|2|AC)"
"3R_22770259"	"3R"	22770259	"A"	"AC"	"EFF=UPSTREAM(MODIFIER||593||217|CG43092|protein_coding|CODING|FBtr0304880||AC|WARNING_TRANSCRIPT_MULTIPLE_STOP_CODONS),DOWNSTREAM(MODIFIER||353||90|CG43094|protein_coding|CODING|FBtr0304878||AC),DOWNSTREAM(MODIFIER||896||146|CG43095|protein_coding|CODING|FBtr0304877||AC),INTRON(MODIFIER||||424|Usp12-46|protein_coding|CODING|FBtr0084311|2|AC),INTRON(MODIFIER||||121|CG43093|protein_coding|CODING|FBtr0304879|1|AC),INTRON(MODIFIER||||1517|CG7029|protein_coding|CODING|FBtr0113270|2|AC),INTRON(MODIFIER||||1471|CG7029|protein_coding|CODING|FBtr0310038|2|AC),INTRON(MODIFIER||||1506|CG7029|protein_coding|CODING|FBtr0344297|2|AC),INTRON(MODIFIER||||1517|CG7029|protein_coding|CODING|FBtr0113271|2|AC),INTRAGENIC(MODIFIER|||||CG43093-PA||NON_CODING|||AC)"	"INTRAGENIC"	"CG43093-PA"	FALSE	"INTRAGENIC(MODIFIER|||||CG43093-PA||NON_CODING|||AC)"
"3R_23828086"	"3R"	23828086	"C"	"CA"	"EFF=DOWNSTREAM(MODIFIER||54|||EXON_3R_23827870_23828033||NON_CODING|FBtr0084488||CA),INTRON(MODIFIER||||755|CG34355|protein_coding|CODING|FBtr0306735|1|CA),INTRON(MODIFIER||||748|CG34355|protein_coding|CODING|FBtr0345324|2|CA),INTRON(MODIFIER||||748|CG34355|protein_coding|CODING|FBtr0273215|1|CA),INTRON(MODIFIER||||747|CG34355|protein_coding|CODING|FBtr0347562|1|CA),INTRAGENIC(MODIFIER|||||CG34355-PB||NON_CODING|||CA),INTRAGENIC(MODIFIER|||||CG34355-PE||NON_CODING|||CA),INTRAGENIC(MODIFIER|||||CG34355-PF||NON_CODING|||CA),INTRAGENIC(MODIFIER|||||CG34355-PG||NON_CODING|||CA)"	"DOWNSTREAM"	"EXON_3R_23827870_23828033"	FALSE	"DOWNSTREAM(MODIFIER||54|||EXON_3R_23827870_23828033||NON_CODING|FBtr0084488||CA)"
"3R_23828086"	"3R"	23828086	"C"	"CA"	"EFF=DOWNSTREAM(MODIFIER||54|||EXON_3R_23827870_23828033||NON_CODING|FBtr0084488||CA),INTRON(MODIFIER||||755|CG34355|protein_coding|CODING|FBtr0306735|1|CA),INTRON(MODIFIER||||748|CG34355|protein_coding|CODING|FBtr0345324|2|CA),INTRON(MODIFIER||||748|CG34355|protein_coding|CODING|FBtr0273215|1|CA),INTRON(MODIFIER||||747|CG34355|protein_coding|CODING|FBtr0347562|1|CA),INTRAGENIC(MODIFIER|||||CG34355-PB||NON_CODING|||CA),INTRAGENIC(MODIFIER|||||CG34355-PE||NON_CODING|||CA),INTRAGENIC(MODIFIER|||||CG34355-PF||NON_CODING|||CA),INTRAGENIC(MODIFIER|||||CG34355-PG||NON_CODING|||CA)"	"INTRON"	"CG34355"	FALSE	"INTRON(MODIFIER||||755|CG34355|protein_coding|CODING|FBtr0306735|1|CA)"
"3R_23828086"	"3R"	23828086	"C"	"CA"	"EFF=DOWNSTREAM(MODIFIER||54|||EXON_3R_23827870_23828033||NON_CODING|FBtr0084488||CA),INTRON(MODIFIER||||755|CG34355|protein_coding|CODING|FBtr0306735|1|CA),INTRON(MODIFIER||||748|CG34355|protein_coding|CODING|FBtr0345324|2|CA),INTRON(MODIFIER||||748|CG34355|protein_coding|CODING|FBtr0273215|1|CA),INTRON(MODIFIER||||747|CG34355|protein_coding|CODING|FBtr0347562|1|CA),INTRAGENIC(MODIFIER|||||CG34355-PB||NON_CODING|||CA),INTRAGENIC(MODIFIER|||||CG34355-PE||NON_CODING|||CA),INTRAGENIC(MODIFIER|||||CG34355-PF||NON_CODING|||CA),INTRAGENIC(MODIFIER|||||CG34355-PG||NON_CODING|||CA)"	"INTRON"	"CG34355"	FALSE	"INTRON(MODIFIER||||748|CG34355|protein_coding|CODING|FBtr0345324|2|CA)"
"3R_23828086"	"3R"	23828086	"C"	"CA"	"EFF=DOWNSTREAM(MODIFIER||54|||EXON_3R_23827870_23828033||NON_CODING|FBtr0084488||CA),INTRON(MODIFIER||||755|CG34355|protein_coding|CODING|FBtr0306735|1|CA),INTRON(MODIFIER||||748|CG34355|protein_coding|CODING|FBtr0345324|2|CA),INTRON(MODIFIER||||748|CG34355|protein_coding|CODING|FBtr0273215|1|CA),INTRON(MODIFIER||||747|CG34355|protein_coding|CODING|FBtr0347562|1|CA),INTRAGENIC(MODIFIER|||||CG34355-PB||NON_CODING|||CA),INTRAGENIC(MODIFIER|||||CG34355-PE||NON_CODING|||CA),INTRAGENIC(MODIFIER|||||CG34355-PF||NON_CODING|||CA),INTRAGENIC(MODIFIER|||||CG34355-PG||NON_CODING|||CA)"	"INTRON"	"CG34355"	FALSE	"INTRON(MODIFIER||||748|CG34355|protein_coding|CODING|FBtr0273215|1|CA)"
"3R_23828086"	"3R"	23828086	"C"	"CA"	"EFF=DOWNSTREAM(MODIFIER||54|||EXON_3R_23827870_23828033||NON_CODING|FBtr0084488||CA),INTRON(MODIFIER||||755|CG34355|protein_coding|CODING|FBtr0306735|1|CA),INTRON(MODIFIER||||748|CG34355|protein_coding|CODING|FBtr0345324|2|CA),INTRON(MODIFIER||||748|CG34355|protein_coding|CODING|FBtr0273215|1|CA),INTRON(MODIFIER||||747|CG34355|protein_coding|CODING|FBtr0347562|1|CA),INTRAGENIC(MODIFIER|||||CG34355-PB||NON_CODING|||CA),INTRAGENIC(MODIFIER|||||CG34355-PE||NON_CODING|||CA),INTRAGENIC(MODIFIER|||||CG34355-PF||NON_CODING|||CA),INTRAGENIC(MODIFIER|||||CG34355-PG||NON_CODING|||CA)"	"INTRON"	"CG34355"	FALSE	"INTRON(MODIFIER||||747|CG34355|protein_coding|CODING|FBtr0347562|1|CA)"
"3R_23828086"	"3R"	23828086	"C"	"CA"	"EFF=DOWNSTREAM(MODIFIER||54|||EXON_3R_23827870_23828033||NON_CODING|FBtr0084488||CA),INTRON(MODIFIER||||755|CG34355|protein_coding|CODING|FBtr0306735|1|CA),INTRON(MODIFIER||||748|CG34355|protein_coding|CODING|FBtr0345324|2|CA),INTRON(MODIFIER||||748|CG34355|protein_coding|CODING|FBtr0273215|1|CA),INTRON(MODIFIER||||747|CG34355|protein_coding|CODING|FBtr0347562|1|CA),INTRAGENIC(MODIFIER|||||CG34355-PB||NON_CODING|||CA),INTRAGENIC(MODIFIER|||||CG34355-PE||NON_CODING|||CA),INTRAGENIC(MODIFIER|||||CG34355-PF||NON_CODING|||CA),INTRAGENIC(MODIFIER|||||CG34355-PG||NON_CODING|||CA)"	"INTRAGENIC"	"CG34355-PB"	FALSE	"INTRAGENIC(MODIFIER|||||CG34355-PB||NON_CODING|||CA)"
"3R_23828086"	"3R"	23828086	"C"	"CA"	"EFF=DOWNSTREAM(MODIFIER||54|||EXON_3R_23827870_23828033||NON_CODING|FBtr0084488||CA),INTRON(MODIFIER||||755|CG34355|protein_coding|CODING|FBtr0306735|1|CA),INTRON(MODIFIER||||748|CG34355|protein_coding|CODING|FBtr0345324|2|CA),INTRON(MODIFIER||||748|CG34355|protein_coding|CODING|FBtr0273215|1|CA),INTRON(MODIFIER||||747|CG34355|protein_coding|CODING|FBtr0347562|1|CA),INTRAGENIC(MODIFIER|||||CG34355-PB||NON_CODING|||CA),INTRAGENIC(MODIFIER|||||CG34355-PE||NON_CODING|||CA),INTRAGENIC(MODIFIER|||||CG34355-PF||NON_CODING|||CA),INTRAGENIC(MODIFIER|||||CG34355-PG||NON_CODING|||CA)"	"INTRAGENIC"	"CG34355-PE"	FALSE	"INTRAGENIC(MODIFIER|||||CG34355-PE||NON_CODING|||CA)"
"3R_23828086"	"3R"	23828086	"C"	"CA"	"EFF=DOWNSTREAM(MODIFIER||54|||EXON_3R_23827870_23828033||NON_CODING|FBtr0084488||CA),INTRON(MODIFIER||||755|CG34355|protein_coding|CODING|FBtr0306735|1|CA),INTRON(MODIFIER||||748|CG34355|protein_coding|CODING|FBtr0345324|2|CA),INTRON(MODIFIER||||748|CG34355|protein_coding|CODING|FBtr0273215|1|CA),INTRON(MODIFIER||||747|CG34355|protein_coding|CODING|FBtr0347562|1|CA),INTRAGENIC(MODIFIER|||||CG34355-PB||NON_CODING|||CA),INTRAGENIC(MODIFIER|||||CG34355-PE||NON_CODING|||CA),INTRAGENIC(MODIFIER|||||CG34355-PF||NON_CODING|||CA),INTRAGENIC(MODIFIER|||||CG34355-PG||NON_CODING|||CA)"	"INTRAGENIC"	"CG34355-PF"	FALSE	"INTRAGENIC(MODIFIER|||||CG34355-PF||NON_CODING|||CA)"
"3R_23828086"	"3R"	23828086	"C"	"CA"	"EFF=DOWNSTREAM(MODIFIER||54|||EXON_3R_23827870_23828033||NON_CODING|FBtr0084488||CA),INTRON(MODIFIER||||755|CG34355|protein_coding|CODING|FBtr0306735|1|CA),INTRON(MODIFIER||||748|CG34355|protein_coding|CODING|FBtr0345324|2|CA),INTRON(MODIFIER||||748|CG34355|protein_coding|CODING|FBtr0273215|1|CA),INTRON(MODIFIER||||747|CG34355|protein_coding|CODING|FBtr0347562|1|CA),INTRAGENIC(MODIFIER|||||CG34355-PB||NON_CODING|||CA),INTRAGENIC(MODIFIER|||||CG34355-PE||NON_CODING|||CA),INTRAGENIC(MODIFIER|||||CG34355-PF||NON_CODING|||CA),INTRAGENIC(MODIFIER|||||CG34355-PG||NON_CODING|||CA)"	"INTRAGENIC"	"CG34355-PG"	FALSE	"INTRAGENIC(MODIFIER|||||CG34355-PG||NON_CODING|||CA)"
"3R_23894037"	"3R"	23894037	"A"	"G"	"EFF=UPSTREAM(MODIFIER||654||513|tbrd-1|protein_coding|CODING|FBtr0084525||G),UPSTREAM(MODIFIER||477||513|tbrd-1|protein_coding|CODING|FBtr0475058||G),DOWNSTREAM(MODIFIER||137||1606|sba|protein_coding|CODING|FBtr0330380||G),DOWNSTREAM(MODIFIER||137||1385|sba|protein_coding|CODING|FBtr0112888||G),DOWNSTREAM(MODIFIER||137||1583|sba|protein_coding|CODING|FBtr0112889||G),DOWNSTREAM(MODIFIER||137||1583|sba|protein_coding|CODING|FBtr0308562||G),DOWNSTREAM(MODIFIER||137||1426|sba|protein_coding|CODING|FBtr0308563||G),DOWNSTREAM(MODIFIER||137||1362|sba|protein_coding|CODING|FBtr0308564||G),DOWNSTREAM(MODIFIER||137||1291|sba|protein_coding|CODING|FBtr0335206||G),EXON(MODIFIER|||||CR46402|pseudogene|NON_CODING|FBtr0475057|3|G)"	"UPSTREAM"	"tbrd-1"	FALSE	"UPSTREAM(MODIFIER||654||513|tbrd-1|protein_coding|CODING|FBtr0084525||G)"
"3R_23894037"	"3R"	23894037	"A"	"G"	"EFF=UPSTREAM(MODIFIER||654||513|tbrd-1|protein_coding|CODING|FBtr0084525||G),UPSTREAM(MODIFIER||477||513|tbrd-1|protein_coding|CODING|FBtr0475058||G),DOWNSTREAM(MODIFIER||137||1606|sba|protein_coding|CODING|FBtr0330380||G),DOWNSTREAM(MODIFIER||137||1385|sba|protein_coding|CODING|FBtr0112888||G),DOWNSTREAM(MODIFIER||137||1583|sba|protein_coding|CODING|FBtr0112889||G),DOWNSTREAM(MODIFIER||137||1583|sba|protein_coding|CODING|FBtr0308562||G),DOWNSTREAM(MODIFIER||137||1426|sba|protein_coding|CODING|FBtr0308563||G),DOWNSTREAM(MODIFIER||137||1362|sba|protein_coding|CODING|FBtr0308564||G),DOWNSTREAM(MODIFIER||137||1291|sba|protein_coding|CODING|FBtr0335206||G),EXON(MODIFIER|||||CR46402|pseudogene|NON_CODING|FBtr0475057|3|G)"	"UPSTREAM"	"tbrd-1"	FALSE	"UPSTREAM(MODIFIER||477||513|tbrd-1|protein_coding|CODING|FBtr0475058||G)"
"3R_23894037"	"3R"	23894037	"A"	"G"	"EFF=UPSTREAM(MODIFIER||654||513|tbrd-1|protein_coding|CODING|FBtr0084525||G),UPSTREAM(MODIFIER||477||513|tbrd-1|protein_coding|CODING|FBtr0475058||G),DOWNSTREAM(MODIFIER||137||1606|sba|protein_coding|CODING|FBtr0330380||G),DOWNSTREAM(MODIFIER||137||1385|sba|protein_coding|CODING|FBtr0112888||G),DOWNSTREAM(MODIFIER||137||1583|sba|protein_coding|CODING|FBtr0112889||G),DOWNSTREAM(MODIFIER||137||1583|sba|protein_coding|CODING|FBtr0308562||G),DOWNSTREAM(MODIFIER||137||1426|sba|protein_coding|CODING|FBtr0308563||G),DOWNSTREAM(MODIFIER||137||1362|sba|protein_coding|CODING|FBtr0308564||G),DOWNSTREAM(MODIFIER||137||1291|sba|protein_coding|CODING|FBtr0335206||G),EXON(MODIFIER|||||CR46402|pseudogene|NON_CODING|FBtr0475057|3|G)"	"DOWNSTREAM"	"sba"	FALSE	"DOWNSTREAM(MODIFIER||137||1606|sba|protein_coding|CODING|FBtr0330380||G)"
"3R_23894037"	"3R"	23894037	"A"	"G"	"EFF=UPSTREAM(MODIFIER||654||513|tbrd-1|protein_coding|CODING|FBtr0084525||G),UPSTREAM(MODIFIER||477||513|tbrd-1|protein_coding|CODING|FBtr0475058||G),DOWNSTREAM(MODIFIER||137||1606|sba|protein_coding|CODING|FBtr0330380||G),DOWNSTREAM(MODIFIER||137||1385|sba|protein_coding|CODING|FBtr0112888||G),DOWNSTREAM(MODIFIER||137||1583|sba|protein_coding|CODING|FBtr0112889||G),DOWNSTREAM(MODIFIER||137||1583|sba|protein_coding|CODING|FBtr0308562||G),DOWNSTREAM(MODIFIER||137||1426|sba|protein_coding|CODING|FBtr0308563||G),DOWNSTREAM(MODIFIER||137||1362|sba|protein_coding|CODING|FBtr0308564||G),DOWNSTREAM(MODIFIER||137||1291|sba|protein_coding|CODING|FBtr0335206||G),EXON(MODIFIER|||||CR46402|pseudogene|NON_CODING|FBtr0475057|3|G)"	"DOWNSTREAM"	"sba"	FALSE	"DOWNSTREAM(MODIFIER||137||1385|sba|protein_coding|CODING|FBtr0112888||G)"
"3R_23894037"	"3R"	23894037	"A"	"G"	"EFF=UPSTREAM(MODIFIER||654||513|tbrd-1|protein_coding|CODING|FBtr0084525||G),UPSTREAM(MODIFIER||477||513|tbrd-1|protein_coding|CODING|FBtr0475058||G),DOWNSTREAM(MODIFIER||137||1606|sba|protein_coding|CODING|FBtr0330380||G),DOWNSTREAM(MODIFIER||137||1385|sba|protein_coding|CODING|FBtr0112888||G),DOWNSTREAM(MODIFIER||137||1583|sba|protein_coding|CODING|FBtr0112889||G),DOWNSTREAM(MODIFIER||137||1583|sba|protein_coding|CODING|FBtr0308562||G),DOWNSTREAM(MODIFIER||137||1426|sba|protein_coding|CODING|FBtr0308563||G),DOWNSTREAM(MODIFIER||137||1362|sba|protein_coding|CODING|FBtr0308564||G),DOWNSTREAM(MODIFIER||137||1291|sba|protein_coding|CODING|FBtr0335206||G),EXON(MODIFIER|||||CR46402|pseudogene|NON_CODING|FBtr0475057|3|G)"	"DOWNSTREAM"	"sba"	FALSE	"DOWNSTREAM(MODIFIER||137||1583|sba|protein_coding|CODING|FBtr0112889||G)"
"3R_23894037"	"3R"	23894037	"A"	"G"	"EFF=UPSTREAM(MODIFIER||654||513|tbrd-1|protein_coding|CODING|FBtr0084525||G),UPSTREAM(MODIFIER||477||513|tbrd-1|protein_coding|CODING|FBtr0475058||G),DOWNSTREAM(MODIFIER||137||1606|sba|protein_coding|CODING|FBtr0330380||G),DOWNSTREAM(MODIFIER||137||1385|sba|protein_coding|CODING|FBtr0112888||G),DOWNSTREAM(MODIFIER||137||1583|sba|protein_coding|CODING|FBtr0112889||G),DOWNSTREAM(MODIFIER||137||1583|sba|protein_coding|CODING|FBtr0308562||G),DOWNSTREAM(MODIFIER||137||1426|sba|protein_coding|CODING|FBtr0308563||G),DOWNSTREAM(MODIFIER||137||1362|sba|protein_coding|CODING|FBtr0308564||G),DOWNSTREAM(MODIFIER||137||1291|sba|protein_coding|CODING|FBtr0335206||G),EXON(MODIFIER|||||CR46402|pseudogene|NON_CODING|FBtr0475057|3|G)"	"DOWNSTREAM"	"sba"	FALSE	"DOWNSTREAM(MODIFIER||137||1583|sba|protein_coding|CODING|FBtr0308562||G)"
"3R_23894037"	"3R"	23894037	"A"	"G"	"EFF=UPSTREAM(MODIFIER||654||513|tbrd-1|protein_coding|CODING|FBtr0084525||G),UPSTREAM(MODIFIER||477||513|tbrd-1|protein_coding|CODING|FBtr0475058||G),DOWNSTREAM(MODIFIER||137||1606|sba|protein_coding|CODING|FBtr0330380||G),DOWNSTREAM(MODIFIER||137||1385|sba|protein_coding|CODING|FBtr0112888||G),DOWNSTREAM(MODIFIER||137||1583|sba|protein_coding|CODING|FBtr0112889||G),DOWNSTREAM(MODIFIER||137||1583|sba|protein_coding|CODING|FBtr0308562||G),DOWNSTREAM(MODIFIER||137||1426|sba|protein_coding|CODING|FBtr0308563||G),DOWNSTREAM(MODIFIER||137||1362|sba|protein_coding|CODING|FBtr0308564||G),DOWNSTREAM(MODIFIER||137||1291|sba|protein_coding|CODING|FBtr0335206||G),EXON(MODIFIER|||||CR46402|pseudogene|NON_CODING|FBtr0475057|3|G)"	"DOWNSTREAM"	"sba"	FALSE	"DOWNSTREAM(MODIFIER||137||1426|sba|protein_coding|CODING|FBtr0308563||G)"
"3R_23894037"	"3R"	23894037	"A"	"G"	"EFF=UPSTREAM(MODIFIER||654||513|tbrd-1|protein_coding|CODING|FBtr0084525||G),UPSTREAM(MODIFIER||477||513|tbrd-1|protein_coding|CODING|FBtr0475058||G),DOWNSTREAM(MODIFIER||137||1606|sba|protein_coding|CODING|FBtr0330380||G),DOWNSTREAM(MODIFIER||137||1385|sba|protein_coding|CODING|FBtr0112888||G),DOWNSTREAM(MODIFIER||137||1583|sba|protein_coding|CODING|FBtr0112889||G),DOWNSTREAM(MODIFIER||137||1583|sba|protein_coding|CODING|FBtr0308562||G),DOWNSTREAM(MODIFIER||137||1426|sba|protein_coding|CODING|FBtr0308563||G),DOWNSTREAM(MODIFIER||137||1362|sba|protein_coding|CODING|FBtr0308564||G),DOWNSTREAM(MODIFIER||137||1291|sba|protein_coding|CODING|FBtr0335206||G),EXON(MODIFIER|||||CR46402|pseudogene|NON_CODING|FBtr0475057|3|G)"	"DOWNSTREAM"	"sba"	FALSE	"DOWNSTREAM(MODIFIER||137||1362|sba|protein_coding|CODING|FBtr0308564||G)"
"3R_23894037"	"3R"	23894037	"A"	"G"	"EFF=UPSTREAM(MODIFIER||654||513|tbrd-1|protein_coding|CODING|FBtr0084525||G),UPSTREAM(MODIFIER||477||513|tbrd-1|protein_coding|CODING|FBtr0475058||G),DOWNSTREAM(MODIFIER||137||1606|sba|protein_coding|CODING|FBtr0330380||G),DOWNSTREAM(MODIFIER||137||1385|sba|protein_coding|CODING|FBtr0112888||G),DOWNSTREAM(MODIFIER||137||1583|sba|protein_coding|CODING|FBtr0112889||G),DOWNSTREAM(MODIFIER||137||1583|sba|protein_coding|CODING|FBtr0308562||G),DOWNSTREAM(MODIFIER||137||1426|sba|protein_coding|CODING|FBtr0308563||G),DOWNSTREAM(MODIFIER||137||1362|sba|protein_coding|CODING|FBtr0308564||G),DOWNSTREAM(MODIFIER||137||1291|sba|protein_coding|CODING|FBtr0335206||G),EXON(MODIFIER|||||CR46402|pseudogene|NON_CODING|FBtr0475057|3|G)"	"DOWNSTREAM"	"sba"	FALSE	"DOWNSTREAM(MODIFIER||137||1291|sba|protein_coding|CODING|FBtr0335206||G)"
"3R_23894037"	"3R"	23894037	"A"	"G"	"EFF=UPSTREAM(MODIFIER||654||513|tbrd-1|protein_coding|CODING|FBtr0084525||G),UPSTREAM(MODIFIER||477||513|tbrd-1|protein_coding|CODING|FBtr0475058||G),DOWNSTREAM(MODIFIER||137||1606|sba|protein_coding|CODING|FBtr0330380||G),DOWNSTREAM(MODIFIER||137||1385|sba|protein_coding|CODING|FBtr0112888||G),DOWNSTREAM(MODIFIER||137||1583|sba|protein_coding|CODING|FBtr0112889||G),DOWNSTREAM(MODIFIER||137||1583|sba|protein_coding|CODING|FBtr0308562||G),DOWNSTREAM(MODIFIER||137||1426|sba|protein_coding|CODING|FBtr0308563||G),DOWNSTREAM(MODIFIER||137||1362|sba|protein_coding|CODING|FBtr0308564||G),DOWNSTREAM(MODIFIER||137||1291|sba|protein_coding|CODING|FBtr0335206||G),EXON(MODIFIER|||||CR46402|pseudogene|NON_CODING|FBtr0475057|3|G)"	"EXON"	"CR46402"	FALSE	"EXON(MODIFIER|||||CR46402|pseudogene|NON_CODING|FBtr0475057|3|G)"
"3R_24776116"	"3R"	24776116	"C"	"T"	"EFF=SPLICE_SITE_REGION+INTRON(LOW||||1615|CG42331|protein_coding|CODING|FBtr0299842|3|T),SPLICE_SITE_REGION+INTRON(LOW||||1615|CG42331|protein_coding|CODING|FBtr0304106|3|T),INTRAGENIC(MODIFIER|||||CG42331-PB||NON_CODING|||T),INTRAGENIC(MODIFIER|||||CG42331-PD||NON_CODING|||T)"	"SPLICE_SITE_REGION+INTRON"	"CG42331"	FALSE	"SPLICE_SITE_REGION+INTRON(LOW||||1615|CG42331|protein_coding|CODING|FBtr0299842|3|T)"
"3R_24776116"	"3R"	24776116	"C"	"T"	"EFF=SPLICE_SITE_REGION+INTRON(LOW||||1615|CG42331|protein_coding|CODING|FBtr0299842|3|T),SPLICE_SITE_REGION+INTRON(LOW||||1615|CG42331|protein_coding|CODING|FBtr0304106|3|T),INTRAGENIC(MODIFIER|||||CG42331-PB||NON_CODING|||T),INTRAGENIC(MODIFIER|||||CG42331-PD||NON_CODING|||T)"	"SPLICE_SITE_REGION+INTRON"	"CG42331"	FALSE	"SPLICE_SITE_REGION+INTRON(LOW||||1615|CG42331|protein_coding|CODING|FBtr0304106|3|T)"
"3R_24776116"	"3R"	24776116	"C"	"T"	"EFF=SPLICE_SITE_REGION+INTRON(LOW||||1615|CG42331|protein_coding|CODING|FBtr0299842|3|T),SPLICE_SITE_REGION+INTRON(LOW||||1615|CG42331|protein_coding|CODING|FBtr0304106|3|T),INTRAGENIC(MODIFIER|||||CG42331-PB||NON_CODING|||T),INTRAGENIC(MODIFIER|||||CG42331-PD||NON_CODING|||T)"	"INTRAGENIC"	"CG42331-PB"	FALSE	"INTRAGENIC(MODIFIER|||||CG42331-PB||NON_CODING|||T)"
"3R_24776116"	"3R"	24776116	"C"	"T"	"EFF=SPLICE_SITE_REGION+INTRON(LOW||||1615|CG42331|protein_coding|CODING|FBtr0299842|3|T),SPLICE_SITE_REGION+INTRON(LOW||||1615|CG42331|protein_coding|CODING|FBtr0304106|3|T),INTRAGENIC(MODIFIER|||||CG42331-PB||NON_CODING|||T),INTRAGENIC(MODIFIER|||||CG42331-PD||NON_CODING|||T)"	"INTRAGENIC"	"CG42331-PD"	FALSE	"INTRAGENIC(MODIFIER|||||CG42331-PD||NON_CODING|||T)"
"3R_27043638"	"3R"	27043638	"C"	"G"	"EFF=INTRON(MODIFIER||||518|RYa-R|protein_coding|CODING|FBtr0345267|4|G),INTRON(MODIFIER||||467|RYa-R|protein_coding|CODING|FBtr0345268|4|G),INTRON(MODIFIER||||464|RYa-R|protein_coding|CODING|FBtr0085100|4|G),INTRAGENIC(MODIFIER|||||RYa-R-PC||NON_CODING|||G),INTRAGENIC(MODIFIER|||||RYa-R-PA||NON_CODING|||G),INTRAGENIC(MODIFIER|||||RYa-R-PB||NON_CODING|||G)"	"INTRON"	"RYa-R"	FALSE	"INTRON(MODIFIER||||518|RYa-R|protein_coding|CODING|FBtr0345267|4|G)"
"3R_27043638"	"3R"	27043638	"C"	"G"	"EFF=INTRON(MODIFIER||||518|RYa-R|protein_coding|CODING|FBtr0345267|4|G),INTRON(MODIFIER||||467|RYa-R|protein_coding|CODING|FBtr0345268|4|G),INTRON(MODIFIER||||464|RYa-R|protein_coding|CODING|FBtr0085100|4|G),INTRAGENIC(MODIFIER|||||RYa-R-PC||NON_CODING|||G),INTRAGENIC(MODIFIER|||||RYa-R-PA||NON_CODING|||G),INTRAGENIC(MODIFIER|||||RYa-R-PB||NON_CODING|||G)"	"INTRON"	"RYa-R"	FALSE	"INTRON(MODIFIER||||467|RYa-R|protein_coding|CODING|FBtr0345268|4|G)"
"3R_27043638"	"3R"	27043638	"C"	"G"	"EFF=INTRON(MODIFIER||||518|RYa-R|protein_coding|CODING|FBtr0345267|4|G),INTRON(MODIFIER||||467|RYa-R|protein_coding|CODING|FBtr0345268|4|G),INTRON(MODIFIER||||464|RYa-R|protein_coding|CODING|FBtr0085100|4|G),INTRAGENIC(MODIFIER|||||RYa-R-PC||NON_CODING|||G),INTRAGENIC(MODIFIER|||||RYa-R-PA||NON_CODING|||G),INTRAGENIC(MODIFIER|||||RYa-R-PB||NON_CODING|||G)"	"INTRON"	"RYa-R"	FALSE	"INTRON(MODIFIER||||464|RYa-R|protein_coding|CODING|FBtr0085100|4|G)"
"3R_27043638"	"3R"	27043638	"C"	"G"	"EFF=INTRON(MODIFIER||||518|RYa-R|protein_coding|CODING|FBtr0345267|4|G),INTRON(MODIFIER||||467|RYa-R|protein_coding|CODING|FBtr0345268|4|G),INTRON(MODIFIER||||464|RYa-R|protein_coding|CODING|FBtr0085100|4|G),INTRAGENIC(MODIFIER|||||RYa-R-PC||NON_CODING|||G),INTRAGENIC(MODIFIER|||||RYa-R-PA||NON_CODING|||G),INTRAGENIC(MODIFIER|||||RYa-R-PB||NON_CODING|||G)"	"INTRAGENIC"	"RYa-R-PC"	FALSE	"INTRAGENIC(MODIFIER|||||RYa-R-PC||NON_CODING|||G)"
"3R_27043638"	"3R"	27043638	"C"	"G"	"EFF=INTRON(MODIFIER||||518|RYa-R|protein_coding|CODING|FBtr0345267|4|G),INTRON(MODIFIER||||467|RYa-R|protein_coding|CODING|FBtr0345268|4|G),INTRON(MODIFIER||||464|RYa-R|protein_coding|CODING|FBtr0085100|4|G),INTRAGENIC(MODIFIER|||||RYa-R-PC||NON_CODING|||G),INTRAGENIC(MODIFIER|||||RYa-R-PA||NON_CODING|||G),INTRAGENIC(MODIFIER|||||RYa-R-PB||NON_CODING|||G)"	"INTRAGENIC"	"RYa-R-PA"	FALSE	"INTRAGENIC(MODIFIER|||||RYa-R-PA||NON_CODING|||G)"
"3R_27043638"	"3R"	27043638	"C"	"G"	"EFF=INTRON(MODIFIER||||518|RYa-R|protein_coding|CODING|FBtr0345267|4|G),INTRON(MODIFIER||||467|RYa-R|protein_coding|CODING|FBtr0345268|4|G),INTRON(MODIFIER||||464|RYa-R|protein_coding|CODING|FBtr0085100|4|G),INTRAGENIC(MODIFIER|||||RYa-R-PC||NON_CODING|||G),INTRAGENIC(MODIFIER|||||RYa-R-PA||NON_CODING|||G),INTRAGENIC(MODIFIER|||||RYa-R-PB||NON_CODING|||G)"	"INTRAGENIC"	"RYa-R-PB"	FALSE	"INTRAGENIC(MODIFIER|||||RYa-R-PB||NON_CODING|||G)"
"3R_27476251"	"3R"	27476251	"C"	"T"	"EFF=INTERGENIC(MODIFIER||||||||||T)"	"INTERGENIC"	"unassigned"	FALSE	"INTERGENIC(MODIFIER||||||||||T)"
"3R_29419559"	"3R"	29419559	"T"	"A"	"EFF=INTRON(MODIFIER||||1397|Ptp99A|protein_coding|CODING|FBtr0303148|4|A),INTRAGENIC(MODIFIER|||||Ptp99A-PF||NON_CODING|||A)"	"INTRON"	"Ptp99A"	FALSE	"INTRON(MODIFIER||||1397|Ptp99A|protein_coding|CODING|FBtr0303148|4|A)"
"3R_29419559"	"3R"	29419559	"T"	"A"	"EFF=INTRON(MODIFIER||||1397|Ptp99A|protein_coding|CODING|FBtr0303148|4|A),INTRAGENIC(MODIFIER|||||Ptp99A-PF||NON_CODING|||A)"	"INTRAGENIC"	"Ptp99A-PF"	FALSE	"INTRAGENIC(MODIFIER|||||Ptp99A-PF||NON_CODING|||A)"
"X_10661963"	"X"	10661963	"C"	"T"	"EFF=UPSTREAM(MODIFIER||120||197|EXON_X_10660955_10661843|protein_coding|CODING|FBtr0071505||T),INTRON(MODIFIER||||2139|X11Lbeta|protein_coding|CODING|FBtr0071493|2|T),INTRON(MODIFIER||||2129|X11Lbeta|protein_coding|CODING|FBtr0343042|2|T),INTRON(MODIFIER||||2066|X11Lbeta|protein_coding|CODING|FBtr0343041|1|T)"	"UPSTREAM"	"EXON_X_10660955_10661843"	FALSE	"UPSTREAM(MODIFIER||120||197|EXON_X_10660955_10661843|protein_coding|CODING|FBtr0071505||T)"
"X_10661963"	"X"	10661963	"C"	"T"	"EFF=UPSTREAM(MODIFIER||120||197|EXON_X_10660955_10661843|protein_coding|CODING|FBtr0071505||T),INTRON(MODIFIER||||2139|X11Lbeta|protein_coding|CODING|FBtr0071493|2|T),INTRON(MODIFIER||||2129|X11Lbeta|protein_coding|CODING|FBtr0343042|2|T),INTRON(MODIFIER||||2066|X11Lbeta|protein_coding|CODING|FBtr0343041|1|T)"	"INTRON"	"X11Lbeta"	FALSE	"INTRON(MODIFIER||||2139|X11Lbeta|protein_coding|CODING|FBtr0071493|2|T)"
"X_10661963"	"X"	10661963	"C"	"T"	"EFF=UPSTREAM(MODIFIER||120||197|EXON_X_10660955_10661843|protein_coding|CODING|FBtr0071505||T),INTRON(MODIFIER||||2139|X11Lbeta|protein_coding|CODING|FBtr0071493|2|T),INTRON(MODIFIER||||2129|X11Lbeta|protein_coding|CODING|FBtr0343042|2|T),INTRON(MODIFIER||||2066|X11Lbeta|protein_coding|CODING|FBtr0343041|1|T)"	"INTRON"	"X11Lbeta"	FALSE	"INTRON(MODIFIER||||2129|X11Lbeta|protein_coding|CODING|FBtr0343042|2|T)"
"X_10661963"	"X"	10661963	"C"	"T"	"EFF=UPSTREAM(MODIFIER||120||197|EXON_X_10660955_10661843|protein_coding|CODING|FBtr0071505||T),INTRON(MODIFIER||||2139|X11Lbeta|protein_coding|CODING|FBtr0071493|2|T),INTRON(MODIFIER||||2129|X11Lbeta|protein_coding|CODING|FBtr0343042|2|T),INTRON(MODIFIER||||2066|X11Lbeta|protein_coding|CODING|FBtr0343041|1|T)"	"INTRON"	"X11Lbeta"	FALSE	"INTRON(MODIFIER||||2066|X11Lbeta|protein_coding|CODING|FBtr0343041|1|T)"
"X_11292471"	"X"	11292471	"G"	"C"	"EFF=INTRON(MODIFIER||||746|CG44422|protein_coding|CODING|FBtr0340335|1|C),INTRON(MODIFIER||||439|CG44422|protein_coding|CODING|FBtr0340338|1|C),INTRON(MODIFIER||||436|CG44422|protein_coding|CODING|FBtr0340336|1|C),INTRON(MODIFIER||||673|CG44422|protein_coding|CODING|FBtr0340340|3|C),INTRON(MODIFIER||||450|CG44422|protein_coding|CODING|FBtr0340337|1|C),INTRON(MODIFIER||||363|CG44422|protein_coding|CODING|FBtr0340339|3|C),INTRAGENIC(MODIFIER|||||CG44422-PF||NON_CODING|||C),INTRAGENIC(MODIFIER|||||CG44422-PE||NON_CODING|||C)"	"INTRON"	"CG44422"	FALSE	"INTRON(MODIFIER||||746|CG44422|protein_coding|CODING|FBtr0340335|1|C)"
"X_11292471"	"X"	11292471	"G"	"C"	"EFF=INTRON(MODIFIER||||746|CG44422|protein_coding|CODING|FBtr0340335|1|C),INTRON(MODIFIER||||439|CG44422|protein_coding|CODING|FBtr0340338|1|C),INTRON(MODIFIER||||436|CG44422|protein_coding|CODING|FBtr0340336|1|C),INTRON(MODIFIER||||673|CG44422|protein_coding|CODING|FBtr0340340|3|C),INTRON(MODIFIER||||450|CG44422|protein_coding|CODING|FBtr0340337|1|C),INTRON(MODIFIER||||363|CG44422|protein_coding|CODING|FBtr0340339|3|C),INTRAGENIC(MODIFIER|||||CG44422-PF||NON_CODING|||C),INTRAGENIC(MODIFIER|||||CG44422-PE||NON_CODING|||C)"	"INTRON"	"CG44422"	FALSE	"INTRON(MODIFIER||||439|CG44422|protein_coding|CODING|FBtr0340338|1|C)"
"X_11292471"	"X"	11292471	"G"	"C"	"EFF=INTRON(MODIFIER||||746|CG44422|protein_coding|CODING|FBtr0340335|1|C),INTRON(MODIFIER||||439|CG44422|protein_coding|CODING|FBtr0340338|1|C),INTRON(MODIFIER||||436|CG44422|protein_coding|CODING|FBtr0340336|1|C),INTRON(MODIFIER||||673|CG44422|protein_coding|CODING|FBtr0340340|3|C),INTRON(MODIFIER||||450|CG44422|protein_coding|CODING|FBtr0340337|1|C),INTRON(MODIFIER||||363|CG44422|protein_coding|CODING|FBtr0340339|3|C),INTRAGENIC(MODIFIER|||||CG44422-PF||NON_CODING|||C),INTRAGENIC(MODIFIER|||||CG44422-PE||NON_CODING|||C)"	"INTRON"	"CG44422"	FALSE	"INTRON(MODIFIER||||436|CG44422|protein_coding|CODING|FBtr0340336|1|C)"
"X_11292471"	"X"	11292471	"G"	"C"	"EFF=INTRON(MODIFIER||||746|CG44422|protein_coding|CODING|FBtr0340335|1|C),INTRON(MODIFIER||||439|CG44422|protein_coding|CODING|FBtr0340338|1|C),INTRON(MODIFIER||||436|CG44422|protein_coding|CODING|FBtr0340336|1|C),INTRON(MODIFIER||||673|CG44422|protein_coding|CODING|FBtr0340340|3|C),INTRON(MODIFIER||||450|CG44422|protein_coding|CODING|FBtr0340337|1|C),INTRON(MODIFIER||||363|CG44422|protein_coding|CODING|FBtr0340339|3|C),INTRAGENIC(MODIFIER|||||CG44422-PF||NON_CODING|||C),INTRAGENIC(MODIFIER|||||CG44422-PE||NON_CODING|||C)"	"INTRON"	"CG44422"	FALSE	"INTRON(MODIFIER||||673|CG44422|protein_coding|CODING|FBtr0340340|3|C)"
"X_11292471"	"X"	11292471	"G"	"C"	"EFF=INTRON(MODIFIER||||746|CG44422|protein_coding|CODING|FBtr0340335|1|C),INTRON(MODIFIER||||439|CG44422|protein_coding|CODING|FBtr0340338|1|C),INTRON(MODIFIER||||436|CG44422|protein_coding|CODING|FBtr0340336|1|C),INTRON(MODIFIER||||673|CG44422|protein_coding|CODING|FBtr0340340|3|C),INTRON(MODIFIER||||450|CG44422|protein_coding|CODING|FBtr0340337|1|C),INTRON(MODIFIER||||363|CG44422|protein_coding|CODING|FBtr0340339|3|C),INTRAGENIC(MODIFIER|||||CG44422-PF||NON_CODING|||C),INTRAGENIC(MODIFIER|||||CG44422-PE||NON_CODING|||C)"	"INTRON"	"CG44422"	FALSE	"INTRON(MODIFIER||||450|CG44422|protein_coding|CODING|FBtr0340337|1|C)"
"X_11292471"	"X"	11292471	"G"	"C"	"EFF=INTRON(MODIFIER||||746|CG44422|protein_coding|CODING|FBtr0340335|1|C),INTRON(MODIFIER||||439|CG44422|protein_coding|CODING|FBtr0340338|1|C),INTRON(MODIFIER||||436|CG44422|protein_coding|CODING|FBtr0340336|1|C),INTRON(MODIFIER||||673|CG44422|protein_coding|CODING|FBtr0340340|3|C),INTRON(MODIFIER||||450|CG44422|protein_coding|CODING|FBtr0340337|1|C),INTRON(MODIFIER||||363|CG44422|protein_coding|CODING|FBtr0340339|3|C),INTRAGENIC(MODIFIER|||||CG44422-PF||NON_CODING|||C),INTRAGENIC(MODIFIER|||||CG44422-PE||NON_CODING|||C)"	"INTRON"	"CG44422"	FALSE	"INTRON(MODIFIER||||363|CG44422|protein_coding|CODING|FBtr0340339|3|C)"
"X_11292471"	"X"	11292471	"G"	"C"	"EFF=INTRON(MODIFIER||||746|CG44422|protein_coding|CODING|FBtr0340335|1|C),INTRON(MODIFIER||||439|CG44422|protein_coding|CODING|FBtr0340338|1|C),INTRON(MODIFIER||||436|CG44422|protein_coding|CODING|FBtr0340336|1|C),INTRON(MODIFIER||||673|CG44422|protein_coding|CODING|FBtr0340340|3|C),INTRON(MODIFIER||||450|CG44422|protein_coding|CODING|FBtr0340337|1|C),INTRON(MODIFIER||||363|CG44422|protein_coding|CODING|FBtr0340339|3|C),INTRAGENIC(MODIFIER|||||CG44422-PF||NON_CODING|||C),INTRAGENIC(MODIFIER|||||CG44422-PE||NON_CODING|||C)"	"INTRAGENIC"	"CG44422-PF"	FALSE	"INTRAGENIC(MODIFIER|||||CG44422-PF||NON_CODING|||C)"
"X_11292471"	"X"	11292471	"G"	"C"	"EFF=INTRON(MODIFIER||||746|CG44422|protein_coding|CODING|FBtr0340335|1|C),INTRON(MODIFIER||||439|CG44422|protein_coding|CODING|FBtr0340338|1|C),INTRON(MODIFIER||||436|CG44422|protein_coding|CODING|FBtr0340336|1|C),INTRON(MODIFIER||||673|CG44422|protein_coding|CODING|FBtr0340340|3|C),INTRON(MODIFIER||||450|CG44422|protein_coding|CODING|FBtr0340337|1|C),INTRON(MODIFIER||||363|CG44422|protein_coding|CODING|FBtr0340339|3|C),INTRAGENIC(MODIFIER|||||CG44422-PF||NON_CODING|||C),INTRAGENIC(MODIFIER|||||CG44422-PE||NON_CODING|||C)"	"INTRAGENIC"	"CG44422-PE"	FALSE	"INTRAGENIC(MODIFIER|||||CG44422-PE||NON_CODING|||C)"
"X_17878203"	"X"	17878203	"T"	"A"	"EFF=UTR_5_PRIME(MODIFIER||725||908|mnb|protein_coding|CODING|FBtr0300508|2|A),UTR_5_PRIME(MODIFIER||725||607|mnb|protein_coding|CODING|FBtr0299619|2|A),UTR_5_PRIME(MODIFIER||725||604|mnb|protein_coding|CODING|FBtr0300509|2|A)"	"UTR_5_PRIME"	"mnb"	FALSE	"UTR_5_PRIME(MODIFIER||725||908|mnb|protein_coding|CODING|FBtr0300508|2|A)"
"X_17878203"	"X"	17878203	"T"	"A"	"EFF=UTR_5_PRIME(MODIFIER||725||908|mnb|protein_coding|CODING|FBtr0300508|2|A),UTR_5_PRIME(MODIFIER||725||607|mnb|protein_coding|CODING|FBtr0299619|2|A),UTR_5_PRIME(MODIFIER||725||604|mnb|protein_coding|CODING|FBtr0300509|2|A)"	"UTR_5_PRIME"	"mnb"	FALSE	"UTR_5_PRIME(MODIFIER||725||607|mnb|protein_coding|CODING|FBtr0299619|2|A)"
"X_17878203"	"X"	17878203	"T"	"A"	"EFF=UTR_5_PRIME(MODIFIER||725||908|mnb|protein_coding|CODING|FBtr0300508|2|A),UTR_5_PRIME(MODIFIER||725||607|mnb|protein_coding|CODING|FBtr0299619|2|A),UTR_5_PRIME(MODIFIER||725||604|mnb|protein_coding|CODING|FBtr0300509|2|A)"	"UTR_5_PRIME"	"mnb"	FALSE	"UTR_5_PRIME(MODIFIER||725||604|mnb|protein_coding|CODING|FBtr0300509|2|A)"
"X_2509888"	"X"	2509888	"C"	"T"	"EFF=INTRON(MODIFIER||||4479|trol|protein_coding|CODING|FBtr0342819|8|T),INTRON(MODIFIER||||4434|trol|protein_coding|CODING|FBtr0342806|7|T),INTRON(MODIFIER||||3887|trol|protein_coding|CODING|FBtr0342814|7|T),INTRON(MODIFIER||||4299|trol|protein_coding|CODING|FBtr0342816|7|T),INTRON(MODIFIER||||3805|trol|protein_coding|CODING|FBtr0342818|7|T),INTRON(MODIFIER||||4451|trol|protein_coding|CODING|FBtr0342820|8|T),INTRON(MODIFIER||||3973|trol|protein_coding|CODING|FBtr0342821|8|T),INTRON(MODIFIER||||4007|trol|protein_coding|CODING|FBtr0342822|8|T),INTRON(MODIFIER||||3833|trol|protein_coding|CODING|FBtr0342824|8|T),INTRON(MODIFIER||||3989|trol|protein_coding|CODING|FBtr0342825|8|T),INTRON(MODIFIER||||4203|trol|protein_coding|CODING|FBtr0342826|7|T),INTRON(MODIFIER||||4176|trol|protein_coding|CODING|FBtr0342810|2|T),INTRON(MODIFIER||||4411|trol|protein_coding|CODING|FBtr0342808|7|T),INTRON(MODIFIER||||3897|trol|protein_coding|CODING|FBtr0342809|7|T),INTRON(MODIFIER||||3728|trol|protein_coding|CODING|FBtr0342811|7|T),INTRON(MODIFIER||||3967|trol|protein_coding|CODING|FBtr0342812|7|T),INTRON(MODIFIER||||3806|trol|protein_coding|CODING|FBtr0342815|7|T),INTRON(MODIFIER||||4150|trol|protein_coding|CODING|FBtr0342817|7|T),INTRON(MODIFIER||||4150|trol|protein_coding|CODING|FBtr0342813|7|T),INTRON(MODIFIER||||3972|trol|protein_coding|CODING|FBtr0479747|7|T),INTRON(MODIFIER||||2853|trol|protein_coding|CODING|FBtr0342823|8|T),INTRON(MODIFIER||||3105|trol|protein_coding|CODING|FBtr0342807|8|T),INTRAGENIC(MODIFIER|||||trol-PAK||NON_CODING|||T),INTRAGENIC(MODIFIER|||||trol-PAF||NON_CODING|||T),INTRAGENIC(MODIFIER|||||trol-PAH||NON_CODING|||T),INTRAGENIC(MODIFIER|||||trol-PAI||NON_CODING|||T),INTRAGENIC(MODIFIER|||||trol-PAL||NON_CODING|||T),INTRAGENIC(MODIFIER|||||trol-PAM||NON_CODING|||T),INTRAGENIC(MODIFIER|||||trol-PAN||NON_CODING|||T),INTRAGENIC(MODIFIER|||||trol-PAO||NON_CODING|||T),INTRAGENIC(MODIFIER|||||trol-PAP||NON_CODING|||T),INTRAGENIC(MODIFIER|||||trol-PAQ||NON_CODING|||T),INTRAGENIC(MODIFIER|||||trol-PAR||NON_CODING|||T),INTRAGENIC(MODIFIER|||||trol-PAS||NON_CODING|||T),INTRAGENIC(MODIFIER|||||trol-PAT||NON_CODING|||T),INTRAGENIC(MODIFIER|||||trol-PAU||NON_CODING|||T),INTRAGENIC(MODIFIER|||||trol-PAV||NON_CODING|||T),INTRAGENIC(MODIFIER|||||trol-PAW||NON_CODING|||T),INTRAGENIC(MODIFIER|||||trol-PAY||NON_CODING|||T),INTRAGENIC(MODIFIER|||||trol-PAZ||NON_CODING|||T),INTRAGENIC(MODIFIER|||||trol-PBA||NON_CODING|||T),INTRAGENIC(MODIFIER|||||trol-PBC||NON_CODING|||T),INTRAGENIC(MODIFIER|||||trol-PAG||NON_CODING|||T),INTRAGENIC(MODIFIER|||||trol-PAX||NON_CODING|||T)"	"INTRON"	"trol"	FALSE	"INTRON(MODIFIER||||4479|trol|protein_coding|CODING|FBtr0342819|8|T)"
"X_2509888"	"X"	2509888	"C"	"T"	"EFF=INTRON(MODIFIER||||4479|trol|protein_coding|CODING|FBtr0342819|8|T),INTRON(MODIFIER||||4434|trol|protein_coding|CODING|FBtr0342806|7|T),INTRON(MODIFIER||||3887|trol|protein_coding|CODING|FBtr0342814|7|T),INTRON(MODIFIER||||4299|trol|protein_coding|CODING|FBtr0342816|7|T),INTRON(MODIFIER||||3805|trol|protein_coding|CODING|FBtr0342818|7|T),INTRON(MODIFIER||||4451|trol|protein_coding|CODING|FBtr0342820|8|T),INTRON(MODIFIER||||3973|trol|protein_coding|CODING|FBtr0342821|8|T),INTRON(MODIFIER||||4007|trol|protein_coding|CODING|FBtr0342822|8|T),INTRON(MODIFIER||||3833|trol|protein_coding|CODING|FBtr0342824|8|T),INTRON(MODIFIER||||3989|trol|protein_coding|CODING|FBtr0342825|8|T),INTRON(MODIFIER||||4203|trol|protein_coding|CODING|FBtr0342826|7|T),INTRON(MODIFIER||||4176|trol|protein_coding|CODING|FBtr0342810|2|T),INTRON(MODIFIER||||4411|trol|protein_coding|CODING|FBtr0342808|7|T),INTRON(MODIFIER||||3897|trol|protein_coding|CODING|FBtr0342809|7|T),INTRON(MODIFIER||||3728|trol|protein_coding|CODING|FBtr0342811|7|T),INTRON(MODIFIER||||3967|trol|protein_coding|CODING|FBtr0342812|7|T),INTRON(MODIFIER||||3806|trol|protein_coding|CODING|FBtr0342815|7|T),INTRON(MODIFIER||||4150|trol|protein_coding|CODING|FBtr0342817|7|T),INTRON(MODIFIER||||4150|trol|protein_coding|CODING|FBtr0342813|7|T),INTRON(MODIFIER||||3972|trol|protein_coding|CODING|FBtr0479747|7|T),INTRON(MODIFIER||||2853|trol|protein_coding|CODING|FBtr0342823|8|T),INTRON(MODIFIER||||3105|trol|protein_coding|CODING|FBtr0342807|8|T),INTRAGENIC(MODIFIER|||||trol-PAK||NON_CODING|||T),INTRAGENIC(MODIFIER|||||trol-PAF||NON_CODING|||T),INTRAGENIC(MODIFIER|||||trol-PAH||NON_CODING|||T),INTRAGENIC(MODIFIER|||||trol-PAI||NON_CODING|||T),INTRAGENIC(MODIFIER|||||trol-PAL||NON_CODING|||T),INTRAGENIC(MODIFIER|||||trol-PAM||NON_CODING|||T),INTRAGENIC(MODIFIER|||||trol-PAN||NON_CODING|||T),INTRAGENIC(MODIFIER|||||trol-PAO||NON_CODING|||T),INTRAGENIC(MODIFIER|||||trol-PAP||NON_CODING|||T),INTRAGENIC(MODIFIER|||||trol-PAQ||NON_CODING|||T),INTRAGENIC(MODIFIER|||||trol-PAR||NON_CODING|||T),INTRAGENIC(MODIFIER|||||trol-PAS||NON_CODING|||T),INTRAGENIC(MODIFIER|||||trol-PAT||NON_CODING|||T),INTRAGENIC(MODIFIER|||||trol-PAU||NON_CODING|||T),INTRAGENIC(MODIFIER|||||trol-PAV||NON_CODING|||T),INTRAGENIC(MODIFIER|||||trol-PAW||NON_CODING|||T),INTRAGENIC(MODIFIER|||||trol-PAY||NON_CODING|||T),INTRAGENIC(MODIFIER|||||trol-PAZ||NON_CODING|||T),INTRAGENIC(MODIFIER|||||trol-PBA||NON_CODING|||T),INTRAGENIC(MODIFIER|||||trol-PBC||NON_CODING|||T),INTRAGENIC(MODIFIER|||||trol-PAG||NON_CODING|||T),INTRAGENIC(MODIFIER|||||trol-PAX||NON_CODING|||T)"	"INTRON"	"trol"	FALSE	"INTRON(MODIFIER||||4434|trol|protein_coding|CODING|FBtr0342806|7|T)"
"X_2509888"	"X"	2509888	"C"	"T"	"EFF=INTRON(MODIFIER||||4479|trol|protein_coding|CODING|FBtr0342819|8|T),INTRON(MODIFIER||||4434|trol|protein_coding|CODING|FBtr0342806|7|T),INTRON(MODIFIER||||3887|trol|protein_coding|CODING|FBtr0342814|7|T),INTRON(MODIFIER||||4299|trol|protein_coding|CODING|FBtr0342816|7|T),INTRON(MODIFIER||||3805|trol|protein_coding|CODING|FBtr0342818|7|T),INTRON(MODIFIER||||4451|trol|protein_coding|CODING|FBtr0342820|8|T),INTRON(MODIFIER||||3973|trol|protein_coding|CODING|FBtr0342821|8|T),INTRON(MODIFIER||||4007|trol|protein_coding|CODING|FBtr0342822|8|T),INTRON(MODIFIER||||3833|trol|protein_coding|CODING|FBtr0342824|8|T),INTRON(MODIFIER||||3989|trol|protein_coding|CODING|FBtr0342825|8|T),INTRON(MODIFIER||||4203|trol|protein_coding|CODING|FBtr0342826|7|T),INTRON(MODIFIER||||4176|trol|protein_coding|CODING|FBtr0342810|2|T),INTRON(MODIFIER||||4411|trol|protein_coding|CODING|FBtr0342808|7|T),INTRON(MODIFIER||||3897|trol|protein_coding|CODING|FBtr0342809|7|T),INTRON(MODIFIER||||3728|trol|protein_coding|CODING|FBtr0342811|7|T),INTRON(MODIFIER||||3967|trol|protein_coding|CODING|FBtr0342812|7|T),INTRON(MODIFIER||||3806|trol|protein_coding|CODING|FBtr0342815|7|T),INTRON(MODIFIER||||4150|trol|protein_coding|CODING|FBtr0342817|7|T),INTRON(MODIFIER||||4150|trol|protein_coding|CODING|FBtr0342813|7|T),INTRON(MODIFIER||||3972|trol|protein_coding|CODING|FBtr0479747|7|T),INTRON(MODIFIER||||2853|trol|protein_coding|CODING|FBtr0342823|8|T),INTRON(MODIFIER||||3105|trol|protein_coding|CODING|FBtr0342807|8|T),INTRAGENIC(MODIFIER|||||trol-PAK||NON_CODING|||T),INTRAGENIC(MODIFIER|||||trol-PAF||NON_CODING|||T),INTRAGENIC(MODIFIER|||||trol-PAH||NON_CODING|||T),INTRAGENIC(MODIFIER|||||trol-PAI||NON_CODING|||T),INTRAGENIC(MODIFIER|||||trol-PAL||NON_CODING|||T),INTRAGENIC(MODIFIER|||||trol-PAM||NON_CODING|||T),INTRAGENIC(MODIFIER|||||trol-PAN||NON_CODING|||T),INTRAGENIC(MODIFIER|||||trol-PAO||NON_CODING|||T),INTRAGENIC(MODIFIER|||||trol-PAP||NON_CODING|||T),INTRAGENIC(MODIFIER|||||trol-PAQ||NON_CODING|||T),INTRAGENIC(MODIFIER|||||trol-PAR||NON_CODING|||T),INTRAGENIC(MODIFIER|||||trol-PAS||NON_CODING|||T),INTRAGENIC(MODIFIER|||||trol-PAT||NON_CODING|||T),INTRAGENIC(MODIFIER|||||trol-PAU||NON_CODING|||T),INTRAGENIC(MODIFIER|||||trol-PAV||NON_CODING|||T),INTRAGENIC(MODIFIER|||||trol-PAW||NON_CODING|||T),INTRAGENIC(MODIFIER|||||trol-PAY||NON_CODING|||T),INTRAGENIC(MODIFIER|||||trol-PAZ||NON_CODING|||T),INTRAGENIC(MODIFIER|||||trol-PBA||NON_CODING|||T),INTRAGENIC(MODIFIER|||||trol-PBC||NON_CODING|||T),INTRAGENIC(MODIFIER|||||trol-PAG||NON_CODING|||T),INTRAGENIC(MODIFIER|||||trol-PAX||NON_CODING|||T)"	"INTRON"	"trol"	FALSE	"INTRON(MODIFIER||||3887|trol|protein_coding|CODING|FBtr0342814|7|T)"
"X_2509888"	"X"	2509888	"C"	"T"	"EFF=INTRON(MODIFIER||||4479|trol|protein_coding|CODING|FBtr0342819|8|T),INTRON(MODIFIER||||4434|trol|protein_coding|CODING|FBtr0342806|7|T),INTRON(MODIFIER||||3887|trol|protein_coding|CODING|FBtr0342814|7|T),INTRON(MODIFIER||||4299|trol|protein_coding|CODING|FBtr0342816|7|T),INTRON(MODIFIER||||3805|trol|protein_coding|CODING|FBtr0342818|7|T),INTRON(MODIFIER||||4451|trol|protein_coding|CODING|FBtr0342820|8|T),INTRON(MODIFIER||||3973|trol|protein_coding|CODING|FBtr0342821|8|T),INTRON(MODIFIER||||4007|trol|protein_coding|CODING|FBtr0342822|8|T),INTRON(MODIFIER||||3833|trol|protein_coding|CODING|FBtr0342824|8|T),INTRON(MODIFIER||||3989|trol|protein_coding|CODING|FBtr0342825|8|T),INTRON(MODIFIER||||4203|trol|protein_coding|CODING|FBtr0342826|7|T),INTRON(MODIFIER||||4176|trol|protein_coding|CODING|FBtr0342810|2|T),INTRON(MODIFIER||||4411|trol|protein_coding|CODING|FBtr0342808|7|T),INTRON(MODIFIER||||3897|trol|protein_coding|CODING|FBtr0342809|7|T),INTRON(MODIFIER||||3728|trol|protein_coding|CODING|FBtr0342811|7|T),INTRON(MODIFIER||||3967|trol|protein_coding|CODING|FBtr0342812|7|T),INTRON(MODIFIER||||3806|trol|protein_coding|CODING|FBtr0342815|7|T),INTRON(MODIFIER||||4150|trol|protein_coding|CODING|FBtr0342817|7|T),INTRON(MODIFIER||||4150|trol|protein_coding|CODING|FBtr0342813|7|T),INTRON(MODIFIER||||3972|trol|protein_coding|CODING|FBtr0479747|7|T),INTRON(MODIFIER||||2853|trol|protein_coding|CODING|FBtr0342823|8|T),INTRON(MODIFIER||||3105|trol|protein_coding|CODING|FBtr0342807|8|T),INTRAGENIC(MODIFIER|||||trol-PAK||NON_CODING|||T),INTRAGENIC(MODIFIER|||||trol-PAF||NON_CODING|||T),INTRAGENIC(MODIFIER|||||trol-PAH||NON_CODING|||T),INTRAGENIC(MODIFIER|||||trol-PAI||NON_CODING|||T),INTRAGENIC(MODIFIER|||||trol-PAL||NON_CODING|||T),INTRAGENIC(MODIFIER|||||trol-PAM||NON_CODING|||T),INTRAGENIC(MODIFIER|||||trol-PAN||NON_CODING|||T),INTRAGENIC(MODIFIER|||||trol-PAO||NON_CODING|||T),INTRAGENIC(MODIFIER|||||trol-PAP||NON_CODING|||T),INTRAGENIC(MODIFIER|||||trol-PAQ||NON_CODING|||T),INTRAGENIC(MODIFIER|||||trol-PAR||NON_CODING|||T),INTRAGENIC(MODIFIER|||||trol-PAS||NON_CODING|||T),INTRAGENIC(MODIFIER|||||trol-PAT||NON_CODING|||T),INTRAGENIC(MODIFIER|||||trol-PAU||NON_CODING|||T),INTRAGENIC(MODIFIER|||||trol-PAV||NON_CODING|||T),INTRAGENIC(MODIFIER|||||trol-PAW||NON_CODING|||T),INTRAGENIC(MODIFIER|||||trol-PAY||NON_CODING|||T),INTRAGENIC(MODIFIER|||||trol-PAZ||NON_CODING|||T),INTRAGENIC(MODIFIER|||||trol-PBA||NON_CODING|||T),INTRAGENIC(MODIFIER|||||trol-PBC||NON_CODING|||T),INTRAGENIC(MODIFIER|||||trol-PAG||NON_CODING|||T),INTRAGENIC(MODIFIER|||||trol-PAX||NON_CODING|||T)"	"INTRON"	"trol"	FALSE	"INTRON(MODIFIER||||4299|trol|protein_coding|CODING|FBtr0342816|7|T)"
"X_2509888"	"X"	2509888	"C"	"T"	"EFF=INTRON(MODIFIER||||4479|trol|protein_coding|CODING|FBtr0342819|8|T),INTRON(MODIFIER||||4434|trol|protein_coding|CODING|FBtr0342806|7|T),INTRON(MODIFIER||||3887|trol|protein_coding|CODING|FBtr0342814|7|T),INTRON(MODIFIER||||4299|trol|protein_coding|CODING|FBtr0342816|7|T),INTRON(MODIFIER||||3805|trol|protein_coding|CODING|FBtr0342818|7|T),INTRON(MODIFIER||||4451|trol|protein_coding|CODING|FBtr0342820|8|T),INTRON(MODIFIER||||3973|trol|protein_coding|CODING|FBtr0342821|8|T),INTRON(MODIFIER||||4007|trol|protein_coding|CODING|FBtr0342822|8|T),INTRON(MODIFIER||||3833|trol|protein_coding|CODING|FBtr0342824|8|T),INTRON(MODIFIER||||3989|trol|protein_coding|CODING|FBtr0342825|8|T),INTRON(MODIFIER||||4203|trol|protein_coding|CODING|FBtr0342826|7|T),INTRON(MODIFIER||||4176|trol|protein_coding|CODING|FBtr0342810|2|T),INTRON(MODIFIER||||4411|trol|protein_coding|CODING|FBtr0342808|7|T),INTRON(MODIFIER||||3897|trol|protein_coding|CODING|FBtr0342809|7|T),INTRON(MODIFIER||||3728|trol|protein_coding|CODING|FBtr0342811|7|T),INTRON(MODIFIER||||3967|trol|protein_coding|CODING|FBtr0342812|7|T),INTRON(MODIFIER||||3806|trol|protein_coding|CODING|FBtr0342815|7|T),INTRON(MODIFIER||||4150|trol|protein_coding|CODING|FBtr0342817|7|T),INTRON(MODIFIER||||4150|trol|protein_coding|CODING|FBtr0342813|7|T),INTRON(MODIFIER||||3972|trol|protein_coding|CODING|FBtr0479747|7|T),INTRON(MODIFIER||||2853|trol|protein_coding|CODING|FBtr0342823|8|T),INTRON(MODIFIER||||3105|trol|protein_coding|CODING|FBtr0342807|8|T),INTRAGENIC(MODIFIER|||||trol-PAK||NON_CODING|||T),INTRAGENIC(MODIFIER|||||trol-PAF||NON_CODING|||T),INTRAGENIC(MODIFIER|||||trol-PAH||NON_CODING|||T),INTRAGENIC(MODIFIER|||||trol-PAI||NON_CODING|||T),INTRAGENIC(MODIFIER|||||trol-PAL||NON_CODING|||T),INTRAGENIC(MODIFIER|||||trol-PAM||NON_CODING|||T),INTRAGENIC(MODIFIER|||||trol-PAN||NON_CODING|||T),INTRAGENIC(MODIFIER|||||trol-PAO||NON_CODING|||T),INTRAGENIC(MODIFIER|||||trol-PAP||NON_CODING|||T),INTRAGENIC(MODIFIER|||||trol-PAQ||NON_CODING|||T),INTRAGENIC(MODIFIER|||||trol-PAR||NON_CODING|||T),INTRAGENIC(MODIFIER|||||trol-PAS||NON_CODING|||T),INTRAGENIC(MODIFIER|||||trol-PAT||NON_CODING|||T),INTRAGENIC(MODIFIER|||||trol-PAU||NON_CODING|||T),INTRAGENIC(MODIFIER|||||trol-PAV||NON_CODING|||T),INTRAGENIC(MODIFIER|||||trol-PAW||NON_CODING|||T),INTRAGENIC(MODIFIER|||||trol-PAY||NON_CODING|||T),INTRAGENIC(MODIFIER|||||trol-PAZ||NON_CODING|||T),INTRAGENIC(MODIFIER|||||trol-PBA||NON_CODING|||T),INTRAGENIC(MODIFIER|||||trol-PBC||NON_CODING|||T),INTRAGENIC(MODIFIER|||||trol-PAG||NON_CODING|||T),INTRAGENIC(MODIFIER|||||trol-PAX||NON_CODING|||T)"	"INTRON"	"trol"	FALSE	"INTRON(MODIFIER||||3805|trol|protein_coding|CODING|FBtr0342818|7|T)"
"X_2509888"	"X"	2509888	"C"	"T"	"EFF=INTRON(MODIFIER||||4479|trol|protein_coding|CODING|FBtr0342819|8|T),INTRON(MODIFIER||||4434|trol|protein_coding|CODING|FBtr0342806|7|T),INTRON(MODIFIER||||3887|trol|protein_coding|CODING|FBtr0342814|7|T),INTRON(MODIFIER||||4299|trol|protein_coding|CODING|FBtr0342816|7|T),INTRON(MODIFIER||||3805|trol|protein_coding|CODING|FBtr0342818|7|T),INTRON(MODIFIER||||4451|trol|protein_coding|CODING|FBtr0342820|8|T),INTRON(MODIFIER||||3973|trol|protein_coding|CODING|FBtr0342821|8|T),INTRON(MODIFIER||||4007|trol|protein_coding|CODING|FBtr0342822|8|T),INTRON(MODIFIER||||3833|trol|protein_coding|CODING|FBtr0342824|8|T),INTRON(MODIFIER||||3989|trol|protein_coding|CODING|FBtr0342825|8|T),INTRON(MODIFIER||||4203|trol|protein_coding|CODING|FBtr0342826|7|T),INTRON(MODIFIER||||4176|trol|protein_coding|CODING|FBtr0342810|2|T),INTRON(MODIFIER||||4411|trol|protein_coding|CODING|FBtr0342808|7|T),INTRON(MODIFIER||||3897|trol|protein_coding|CODING|FBtr0342809|7|T),INTRON(MODIFIER||||3728|trol|protein_coding|CODING|FBtr0342811|7|T),INTRON(MODIFIER||||3967|trol|protein_coding|CODING|FBtr0342812|7|T),INTRON(MODIFIER||||3806|trol|protein_coding|CODING|FBtr0342815|7|T),INTRON(MODIFIER||||4150|trol|protein_coding|CODING|FBtr0342817|7|T),INTRON(MODIFIER||||4150|trol|protein_coding|CODING|FBtr0342813|7|T),INTRON(MODIFIER||||3972|trol|protein_coding|CODING|FBtr0479747|7|T),INTRON(MODIFIER||||2853|trol|protein_coding|CODING|FBtr0342823|8|T),INTRON(MODIFIER||||3105|trol|protein_coding|CODING|FBtr0342807|8|T),INTRAGENIC(MODIFIER|||||trol-PAK||NON_CODING|||T),INTRAGENIC(MODIFIER|||||trol-PAF||NON_CODING|||T),INTRAGENIC(MODIFIER|||||trol-PAH||NON_CODING|||T),INTRAGENIC(MODIFIER|||||trol-PAI||NON_CODING|||T),INTRAGENIC(MODIFIER|||||trol-PAL||NON_CODING|||T),INTRAGENIC(MODIFIER|||||trol-PAM||NON_CODING|||T),INTRAGENIC(MODIFIER|||||trol-PAN||NON_CODING|||T),INTRAGENIC(MODIFIER|||||trol-PAO||NON_CODING|||T),INTRAGENIC(MODIFIER|||||trol-PAP||NON_CODING|||T),INTRAGENIC(MODIFIER|||||trol-PAQ||NON_CODING|||T),INTRAGENIC(MODIFIER|||||trol-PAR||NON_CODING|||T),INTRAGENIC(MODIFIER|||||trol-PAS||NON_CODING|||T),INTRAGENIC(MODIFIER|||||trol-PAT||NON_CODING|||T),INTRAGENIC(MODIFIER|||||trol-PAU||NON_CODING|||T),INTRAGENIC(MODIFIER|||||trol-PAV||NON_CODING|||T),INTRAGENIC(MODIFIER|||||trol-PAW||NON_CODING|||T),INTRAGENIC(MODIFIER|||||trol-PAY||NON_CODING|||T),INTRAGENIC(MODIFIER|||||trol-PAZ||NON_CODING|||T),INTRAGENIC(MODIFIER|||||trol-PBA||NON_CODING|||T),INTRAGENIC(MODIFIER|||||trol-PBC||NON_CODING|||T),INTRAGENIC(MODIFIER|||||trol-PAG||NON_CODING|||T),INTRAGENIC(MODIFIER|||||trol-PAX||NON_CODING|||T)"	"INTRON"	"trol"	FALSE	"INTRON(MODIFIER||||4451|trol|protein_coding|CODING|FBtr0342820|8|T)"
"X_2509888"	"X"	2509888	"C"	"T"	"EFF=INTRON(MODIFIER||||4479|trol|protein_coding|CODING|FBtr0342819|8|T),INTRON(MODIFIER||||4434|trol|protein_coding|CODING|FBtr0342806|7|T),INTRON(MODIFIER||||3887|trol|protein_coding|CODING|FBtr0342814|7|T),INTRON(MODIFIER||||4299|trol|protein_coding|CODING|FBtr0342816|7|T),INTRON(MODIFIER||||3805|trol|protein_coding|CODING|FBtr0342818|7|T),INTRON(MODIFIER||||4451|trol|protein_coding|CODING|FBtr0342820|8|T),INTRON(MODIFIER||||3973|trol|protein_coding|CODING|FBtr0342821|8|T),INTRON(MODIFIER||||4007|trol|protein_coding|CODING|FBtr0342822|8|T),INTRON(MODIFIER||||3833|trol|protein_coding|CODING|FBtr0342824|8|T),INTRON(MODIFIER||||3989|trol|protein_coding|CODING|FBtr0342825|8|T),INTRON(MODIFIER||||4203|trol|protein_coding|CODING|FBtr0342826|7|T),INTRON(MODIFIER||||4176|trol|protein_coding|CODING|FBtr0342810|2|T),INTRON(MODIFIER||||4411|trol|protein_coding|CODING|FBtr0342808|7|T),INTRON(MODIFIER||||3897|trol|protein_coding|CODING|FBtr0342809|7|T),INTRON(MODIFIER||||3728|trol|protein_coding|CODING|FBtr0342811|7|T),INTRON(MODIFIER||||3967|trol|protein_coding|CODING|FBtr0342812|7|T),INTRON(MODIFIER||||3806|trol|protein_coding|CODING|FBtr0342815|7|T),INTRON(MODIFIER||||4150|trol|protein_coding|CODING|FBtr0342817|7|T),INTRON(MODIFIER||||4150|trol|protein_coding|CODING|FBtr0342813|7|T),INTRON(MODIFIER||||3972|trol|protein_coding|CODING|FBtr0479747|7|T),INTRON(MODIFIER||||2853|trol|protein_coding|CODING|FBtr0342823|8|T),INTRON(MODIFIER||||3105|trol|protein_coding|CODING|FBtr0342807|8|T),INTRAGENIC(MODIFIER|||||trol-PAK||NON_CODING|||T),INTRAGENIC(MODIFIER|||||trol-PAF||NON_CODING|||T),INTRAGENIC(MODIFIER|||||trol-PAH||NON_CODING|||T),INTRAGENIC(MODIFIER|||||trol-PAI||NON_CODING|||T),INTRAGENIC(MODIFIER|||||trol-PAL||NON_CODING|||T),INTRAGENIC(MODIFIER|||||trol-PAM||NON_CODING|||T),INTRAGENIC(MODIFIER|||||trol-PAN||NON_CODING|||T),INTRAGENIC(MODIFIER|||||trol-PAO||NON_CODING|||T),INTRAGENIC(MODIFIER|||||trol-PAP||NON_CODING|||T),INTRAGENIC(MODIFIER|||||trol-PAQ||NON_CODING|||T),INTRAGENIC(MODIFIER|||||trol-PAR||NON_CODING|||T),INTRAGENIC(MODIFIER|||||trol-PAS||NON_CODING|||T),INTRAGENIC(MODIFIER|||||trol-PAT||NON_CODING|||T),INTRAGENIC(MODIFIER|||||trol-PAU||NON_CODING|||T),INTRAGENIC(MODIFIER|||||trol-PAV||NON_CODING|||T),INTRAGENIC(MODIFIER|||||trol-PAW||NON_CODING|||T),INTRAGENIC(MODIFIER|||||trol-PAY||NON_CODING|||T),INTRAGENIC(MODIFIER|||||trol-PAZ||NON_CODING|||T),INTRAGENIC(MODIFIER|||||trol-PBA||NON_CODING|||T),INTRAGENIC(MODIFIER|||||trol-PBC||NON_CODING|||T),INTRAGENIC(MODIFIER|||||trol-PAG||NON_CODING|||T),INTRAGENIC(MODIFIER|||||trol-PAX||NON_CODING|||T)"	"INTRON"	"trol"	FALSE	"INTRON(MODIFIER||||3973|trol|protein_coding|CODING|FBtr0342821|8|T)"
"X_2509888"	"X"	2509888	"C"	"T"	"EFF=INTRON(MODIFIER||||4479|trol|protein_coding|CODING|FBtr0342819|8|T),INTRON(MODIFIER||||4434|trol|protein_coding|CODING|FBtr0342806|7|T),INTRON(MODIFIER||||3887|trol|protein_coding|CODING|FBtr0342814|7|T),INTRON(MODIFIER||||4299|trol|protein_coding|CODING|FBtr0342816|7|T),INTRON(MODIFIER||||3805|trol|protein_coding|CODING|FBtr0342818|7|T),INTRON(MODIFIER||||4451|trol|protein_coding|CODING|FBtr0342820|8|T),INTRON(MODIFIER||||3973|trol|protein_coding|CODING|FBtr0342821|8|T),INTRON(MODIFIER||||4007|trol|protein_coding|CODING|FBtr0342822|8|T),INTRON(MODIFIER||||3833|trol|protein_coding|CODING|FBtr0342824|8|T),INTRON(MODIFIER||||3989|trol|protein_coding|CODING|FBtr0342825|8|T),INTRON(MODIFIER||||4203|trol|protein_coding|CODING|FBtr0342826|7|T),INTRON(MODIFIER||||4176|trol|protein_coding|CODING|FBtr0342810|2|T),INTRON(MODIFIER||||4411|trol|protein_coding|CODING|FBtr0342808|7|T),INTRON(MODIFIER||||3897|trol|protein_coding|CODING|FBtr0342809|7|T),INTRON(MODIFIER||||3728|trol|protein_coding|CODING|FBtr0342811|7|T),INTRON(MODIFIER||||3967|trol|protein_coding|CODING|FBtr0342812|7|T),INTRON(MODIFIER||||3806|trol|protein_coding|CODING|FBtr0342815|7|T),INTRON(MODIFIER||||4150|trol|protein_coding|CODING|FBtr0342817|7|T),INTRON(MODIFIER||||4150|trol|protein_coding|CODING|FBtr0342813|7|T),INTRON(MODIFIER||||3972|trol|protein_coding|CODING|FBtr0479747|7|T),INTRON(MODIFIER||||2853|trol|protein_coding|CODING|FBtr0342823|8|T),INTRON(MODIFIER||||3105|trol|protein_coding|CODING|FBtr0342807|8|T),INTRAGENIC(MODIFIER|||||trol-PAK||NON_CODING|||T),INTRAGENIC(MODIFIER|||||trol-PAF||NON_CODING|||T),INTRAGENIC(MODIFIER|||||trol-PAH||NON_CODING|||T),INTRAGENIC(MODIFIER|||||trol-PAI||NON_CODING|||T),INTRAGENIC(MODIFIER|||||trol-PAL||NON_CODING|||T),INTRAGENIC(MODIFIER|||||trol-PAM||NON_CODING|||T),INTRAGENIC(MODIFIER|||||trol-PAN||NON_CODING|||T),INTRAGENIC(MODIFIER|||||trol-PAO||NON_CODING|||T),INTRAGENIC(MODIFIER|||||trol-PAP||NON_CODING|||T),INTRAGENIC(MODIFIER|||||trol-PAQ||NON_CODING|||T),INTRAGENIC(MODIFIER|||||trol-PAR||NON_CODING|||T),INTRAGENIC(MODIFIER|||||trol-PAS||NON_CODING|||T),INTRAGENIC(MODIFIER|||||trol-PAT||NON_CODING|||T),INTRAGENIC(MODIFIER|||||trol-PAU||NON_CODING|||T),INTRAGENIC(MODIFIER|||||trol-PAV||NON_CODING|||T),INTRAGENIC(MODIFIER|||||trol-PAW||NON_CODING|||T),INTRAGENIC(MODIFIER|||||trol-PAY||NON_CODING|||T),INTRAGENIC(MODIFIER|||||trol-PAZ||NON_CODING|||T),INTRAGENIC(MODIFIER|||||trol-PBA||NON_CODING|||T),INTRAGENIC(MODIFIER|||||trol-PBC||NON_CODING|||T),INTRAGENIC(MODIFIER|||||trol-PAG||NON_CODING|||T),INTRAGENIC(MODIFIER|||||trol-PAX||NON_CODING|||T)"	"INTRON"	"trol"	FALSE	"INTRON(MODIFIER||||4007|trol|protein_coding|CODING|FBtr0342822|8|T)"
"X_2509888"	"X"	2509888	"C"	"T"	"EFF=INTRON(MODIFIER||||4479|trol|protein_coding|CODING|FBtr0342819|8|T),INTRON(MODIFIER||||4434|trol|protein_coding|CODING|FBtr0342806|7|T),INTRON(MODIFIER||||3887|trol|protein_coding|CODING|FBtr0342814|7|T),INTRON(MODIFIER||||4299|trol|protein_coding|CODING|FBtr0342816|7|T),INTRON(MODIFIER||||3805|trol|protein_coding|CODING|FBtr0342818|7|T),INTRON(MODIFIER||||4451|trol|protein_coding|CODING|FBtr0342820|8|T),INTRON(MODIFIER||||3973|trol|protein_coding|CODING|FBtr0342821|8|T),INTRON(MODIFIER||||4007|trol|protein_coding|CODING|FBtr0342822|8|T),INTRON(MODIFIER||||3833|trol|protein_coding|CODING|FBtr0342824|8|T),INTRON(MODIFIER||||3989|trol|protein_coding|CODING|FBtr0342825|8|T),INTRON(MODIFIER||||4203|trol|protein_coding|CODING|FBtr0342826|7|T),INTRON(MODIFIER||||4176|trol|protein_coding|CODING|FBtr0342810|2|T),INTRON(MODIFIER||||4411|trol|protein_coding|CODING|FBtr0342808|7|T),INTRON(MODIFIER||||3897|trol|protein_coding|CODING|FBtr0342809|7|T),INTRON(MODIFIER||||3728|trol|protein_coding|CODING|FBtr0342811|7|T),INTRON(MODIFIER||||3967|trol|protein_coding|CODING|FBtr0342812|7|T),INTRON(MODIFIER||||3806|trol|protein_coding|CODING|FBtr0342815|7|T),INTRON(MODIFIER||||4150|trol|protein_coding|CODING|FBtr0342817|7|T),INTRON(MODIFIER||||4150|trol|protein_coding|CODING|FBtr0342813|7|T),INTRON(MODIFIER||||3972|trol|protein_coding|CODING|FBtr0479747|7|T),INTRON(MODIFIER||||2853|trol|protein_coding|CODING|FBtr0342823|8|T),INTRON(MODIFIER||||3105|trol|protein_coding|CODING|FBtr0342807|8|T),INTRAGENIC(MODIFIER|||||trol-PAK||NON_CODING|||T),INTRAGENIC(MODIFIER|||||trol-PAF||NON_CODING|||T),INTRAGENIC(MODIFIER|||||trol-PAH||NON_CODING|||T),INTRAGENIC(MODIFIER|||||trol-PAI||NON_CODING|||T),INTRAGENIC(MODIFIER|||||trol-PAL||NON_CODING|||T),INTRAGENIC(MODIFIER|||||trol-PAM||NON_CODING|||T),INTRAGENIC(MODIFIER|||||trol-PAN||NON_CODING|||T),INTRAGENIC(MODIFIER|||||trol-PAO||NON_CODING|||T),INTRAGENIC(MODIFIER|||||trol-PAP||NON_CODING|||T),INTRAGENIC(MODIFIER|||||trol-PAQ||NON_CODING|||T),INTRAGENIC(MODIFIER|||||trol-PAR||NON_CODING|||T),INTRAGENIC(MODIFIER|||||trol-PAS||NON_CODING|||T),INTRAGENIC(MODIFIER|||||trol-PAT||NON_CODING|||T),INTRAGENIC(MODIFIER|||||trol-PAU||NON_CODING|||T),INTRAGENIC(MODIFIER|||||trol-PAV||NON_CODING|||T),INTRAGENIC(MODIFIER|||||trol-PAW||NON_CODING|||T),INTRAGENIC(MODIFIER|||||trol-PAY||NON_CODING|||T),INTRAGENIC(MODIFIER|||||trol-PAZ||NON_CODING|||T),INTRAGENIC(MODIFIER|||||trol-PBA||NON_CODING|||T),INTRAGENIC(MODIFIER|||||trol-PBC||NON_CODING|||T),INTRAGENIC(MODIFIER|||||trol-PAG||NON_CODING|||T),INTRAGENIC(MODIFIER|||||trol-PAX||NON_CODING|||T)"	"INTRON"	"trol"	FALSE	"INTRON(MODIFIER||||3833|trol|protein_coding|CODING|FBtr0342824|8|T)"
"X_2509888"	"X"	2509888	"C"	"T"	"EFF=INTRON(MODIFIER||||4479|trol|protein_coding|CODING|FBtr0342819|8|T),INTRON(MODIFIER||||4434|trol|protein_coding|CODING|FBtr0342806|7|T),INTRON(MODIFIER||||3887|trol|protein_coding|CODING|FBtr0342814|7|T),INTRON(MODIFIER||||4299|trol|protein_coding|CODING|FBtr0342816|7|T),INTRON(MODIFIER||||3805|trol|protein_coding|CODING|FBtr0342818|7|T),INTRON(MODIFIER||||4451|trol|protein_coding|CODING|FBtr0342820|8|T),INTRON(MODIFIER||||3973|trol|protein_coding|CODING|FBtr0342821|8|T),INTRON(MODIFIER||||4007|trol|protein_coding|CODING|FBtr0342822|8|T),INTRON(MODIFIER||||3833|trol|protein_coding|CODING|FBtr0342824|8|T),INTRON(MODIFIER||||3989|trol|protein_coding|CODING|FBtr0342825|8|T),INTRON(MODIFIER||||4203|trol|protein_coding|CODING|FBtr0342826|7|T),INTRON(MODIFIER||||4176|trol|protein_coding|CODING|FBtr0342810|2|T),INTRON(MODIFIER||||4411|trol|protein_coding|CODING|FBtr0342808|7|T),INTRON(MODIFIER||||3897|trol|protein_coding|CODING|FBtr0342809|7|T),INTRON(MODIFIER||||3728|trol|protein_coding|CODING|FBtr0342811|7|T),INTRON(MODIFIER||||3967|trol|protein_coding|CODING|FBtr0342812|7|T),INTRON(MODIFIER||||3806|trol|protein_coding|CODING|FBtr0342815|7|T),INTRON(MODIFIER||||4150|trol|protein_coding|CODING|FBtr0342817|7|T),INTRON(MODIFIER||||4150|trol|protein_coding|CODING|FBtr0342813|7|T),INTRON(MODIFIER||||3972|trol|protein_coding|CODING|FBtr0479747|7|T),INTRON(MODIFIER||||2853|trol|protein_coding|CODING|FBtr0342823|8|T),INTRON(MODIFIER||||3105|trol|protein_coding|CODING|FBtr0342807|8|T),INTRAGENIC(MODIFIER|||||trol-PAK||NON_CODING|||T),INTRAGENIC(MODIFIER|||||trol-PAF||NON_CODING|||T),INTRAGENIC(MODIFIER|||||trol-PAH||NON_CODING|||T),INTRAGENIC(MODIFIER|||||trol-PAI||NON_CODING|||T),INTRAGENIC(MODIFIER|||||trol-PAL||NON_CODING|||T),INTRAGENIC(MODIFIER|||||trol-PAM||NON_CODING|||T),INTRAGENIC(MODIFIER|||||trol-PAN||NON_CODING|||T),INTRAGENIC(MODIFIER|||||trol-PAO||NON_CODING|||T),INTRAGENIC(MODIFIER|||||trol-PAP||NON_CODING|||T),INTRAGENIC(MODIFIER|||||trol-PAQ||NON_CODING|||T),INTRAGENIC(MODIFIER|||||trol-PAR||NON_CODING|||T),INTRAGENIC(MODIFIER|||||trol-PAS||NON_CODING|||T),INTRAGENIC(MODIFIER|||||trol-PAT||NON_CODING|||T),INTRAGENIC(MODIFIER|||||trol-PAU||NON_CODING|||T),INTRAGENIC(MODIFIER|||||trol-PAV||NON_CODING|||T),INTRAGENIC(MODIFIER|||||trol-PAW||NON_CODING|||T),INTRAGENIC(MODIFIER|||||trol-PAY||NON_CODING|||T),INTRAGENIC(MODIFIER|||||trol-PAZ||NON_CODING|||T),INTRAGENIC(MODIFIER|||||trol-PBA||NON_CODING|||T),INTRAGENIC(MODIFIER|||||trol-PBC||NON_CODING|||T),INTRAGENIC(MODIFIER|||||trol-PAG||NON_CODING|||T),INTRAGENIC(MODIFIER|||||trol-PAX||NON_CODING|||T)"	"INTRON"	"trol"	FALSE	"INTRON(MODIFIER||||3989|trol|protein_coding|CODING|FBtr0342825|8|T)"
"X_2509888"	"X"	2509888	"C"	"T"	"EFF=INTRON(MODIFIER||||4479|trol|protein_coding|CODING|FBtr0342819|8|T),INTRON(MODIFIER||||4434|trol|protein_coding|CODING|FBtr0342806|7|T),INTRON(MODIFIER||||3887|trol|protein_coding|CODING|FBtr0342814|7|T),INTRON(MODIFIER||||4299|trol|protein_coding|CODING|FBtr0342816|7|T),INTRON(MODIFIER||||3805|trol|protein_coding|CODING|FBtr0342818|7|T),INTRON(MODIFIER||||4451|trol|protein_coding|CODING|FBtr0342820|8|T),INTRON(MODIFIER||||3973|trol|protein_coding|CODING|FBtr0342821|8|T),INTRON(MODIFIER||||4007|trol|protein_coding|CODING|FBtr0342822|8|T),INTRON(MODIFIER||||3833|trol|protein_coding|CODING|FBtr0342824|8|T),INTRON(MODIFIER||||3989|trol|protein_coding|CODING|FBtr0342825|8|T),INTRON(MODIFIER||||4203|trol|protein_coding|CODING|FBtr0342826|7|T),INTRON(MODIFIER||||4176|trol|protein_coding|CODING|FBtr0342810|2|T),INTRON(MODIFIER||||4411|trol|protein_coding|CODING|FBtr0342808|7|T),INTRON(MODIFIER||||3897|trol|protein_coding|CODING|FBtr0342809|7|T),INTRON(MODIFIER||||3728|trol|protein_coding|CODING|FBtr0342811|7|T),INTRON(MODIFIER||||3967|trol|protein_coding|CODING|FBtr0342812|7|T),INTRON(MODIFIER||||3806|trol|protein_coding|CODING|FBtr0342815|7|T),INTRON(MODIFIER||||4150|trol|protein_coding|CODING|FBtr0342817|7|T),INTRON(MODIFIER||||4150|trol|protein_coding|CODING|FBtr0342813|7|T),INTRON(MODIFIER||||3972|trol|protein_coding|CODING|FBtr0479747|7|T),INTRON(MODIFIER||||2853|trol|protein_coding|CODING|FBtr0342823|8|T),INTRON(MODIFIER||||3105|trol|protein_coding|CODING|FBtr0342807|8|T),INTRAGENIC(MODIFIER|||||trol-PAK||NON_CODING|||T),INTRAGENIC(MODIFIER|||||trol-PAF||NON_CODING|||T),INTRAGENIC(MODIFIER|||||trol-PAH||NON_CODING|||T),INTRAGENIC(MODIFIER|||||trol-PAI||NON_CODING|||T),INTRAGENIC(MODIFIER|||||trol-PAL||NON_CODING|||T),INTRAGENIC(MODIFIER|||||trol-PAM||NON_CODING|||T),INTRAGENIC(MODIFIER|||||trol-PAN||NON_CODING|||T),INTRAGENIC(MODIFIER|||||trol-PAO||NON_CODING|||T),INTRAGENIC(MODIFIER|||||trol-PAP||NON_CODING|||T),INTRAGENIC(MODIFIER|||||trol-PAQ||NON_CODING|||T),INTRAGENIC(MODIFIER|||||trol-PAR||NON_CODING|||T),INTRAGENIC(MODIFIER|||||trol-PAS||NON_CODING|||T),INTRAGENIC(MODIFIER|||||trol-PAT||NON_CODING|||T),INTRAGENIC(MODIFIER|||||trol-PAU||NON_CODING|||T),INTRAGENIC(MODIFIER|||||trol-PAV||NON_CODING|||T),INTRAGENIC(MODIFIER|||||trol-PAW||NON_CODING|||T),INTRAGENIC(MODIFIER|||||trol-PAY||NON_CODING|||T),INTRAGENIC(MODIFIER|||||trol-PAZ||NON_CODING|||T),INTRAGENIC(MODIFIER|||||trol-PBA||NON_CODING|||T),INTRAGENIC(MODIFIER|||||trol-PBC||NON_CODING|||T),INTRAGENIC(MODIFIER|||||trol-PAG||NON_CODING|||T),INTRAGENIC(MODIFIER|||||trol-PAX||NON_CODING|||T)"	"INTRON"	"trol"	FALSE	"INTRON(MODIFIER||||4203|trol|protein_coding|CODING|FBtr0342826|7|T)"
"X_2509888"	"X"	2509888	"C"	"T"	"EFF=INTRON(MODIFIER||||4479|trol|protein_coding|CODING|FBtr0342819|8|T),INTRON(MODIFIER||||4434|trol|protein_coding|CODING|FBtr0342806|7|T),INTRON(MODIFIER||||3887|trol|protein_coding|CODING|FBtr0342814|7|T),INTRON(MODIFIER||||4299|trol|protein_coding|CODING|FBtr0342816|7|T),INTRON(MODIFIER||||3805|trol|protein_coding|CODING|FBtr0342818|7|T),INTRON(MODIFIER||||4451|trol|protein_coding|CODING|FBtr0342820|8|T),INTRON(MODIFIER||||3973|trol|protein_coding|CODING|FBtr0342821|8|T),INTRON(MODIFIER||||4007|trol|protein_coding|CODING|FBtr0342822|8|T),INTRON(MODIFIER||||3833|trol|protein_coding|CODING|FBtr0342824|8|T),INTRON(MODIFIER||||3989|trol|protein_coding|CODING|FBtr0342825|8|T),INTRON(MODIFIER||||4203|trol|protein_coding|CODING|FBtr0342826|7|T),INTRON(MODIFIER||||4176|trol|protein_coding|CODING|FBtr0342810|2|T),INTRON(MODIFIER||||4411|trol|protein_coding|CODING|FBtr0342808|7|T),INTRON(MODIFIER||||3897|trol|protein_coding|CODING|FBtr0342809|7|T),INTRON(MODIFIER||||3728|trol|protein_coding|CODING|FBtr0342811|7|T),INTRON(MODIFIER||||3967|trol|protein_coding|CODING|FBtr0342812|7|T),INTRON(MODIFIER||||3806|trol|protein_coding|CODING|FBtr0342815|7|T),INTRON(MODIFIER||||4150|trol|protein_coding|CODING|FBtr0342817|7|T),INTRON(MODIFIER||||4150|trol|protein_coding|CODING|FBtr0342813|7|T),INTRON(MODIFIER||||3972|trol|protein_coding|CODING|FBtr0479747|7|T),INTRON(MODIFIER||||2853|trol|protein_coding|CODING|FBtr0342823|8|T),INTRON(MODIFIER||||3105|trol|protein_coding|CODING|FBtr0342807|8|T),INTRAGENIC(MODIFIER|||||trol-PAK||NON_CODING|||T),INTRAGENIC(MODIFIER|||||trol-PAF||NON_CODING|||T),INTRAGENIC(MODIFIER|||||trol-PAH||NON_CODING|||T),INTRAGENIC(MODIFIER|||||trol-PAI||NON_CODING|||T),INTRAGENIC(MODIFIER|||||trol-PAL||NON_CODING|||T),INTRAGENIC(MODIFIER|||||trol-PAM||NON_CODING|||T),INTRAGENIC(MODIFIER|||||trol-PAN||NON_CODING|||T),INTRAGENIC(MODIFIER|||||trol-PAO||NON_CODING|||T),INTRAGENIC(MODIFIER|||||trol-PAP||NON_CODING|||T),INTRAGENIC(MODIFIER|||||trol-PAQ||NON_CODING|||T),INTRAGENIC(MODIFIER|||||trol-PAR||NON_CODING|||T),INTRAGENIC(MODIFIER|||||trol-PAS||NON_CODING|||T),INTRAGENIC(MODIFIER|||||trol-PAT||NON_CODING|||T),INTRAGENIC(MODIFIER|||||trol-PAU||NON_CODING|||T),INTRAGENIC(MODIFIER|||||trol-PAV||NON_CODING|||T),INTRAGENIC(MODIFIER|||||trol-PAW||NON_CODING|||T),INTRAGENIC(MODIFIER|||||trol-PAY||NON_CODING|||T),INTRAGENIC(MODIFIER|||||trol-PAZ||NON_CODING|||T),INTRAGENIC(MODIFIER|||||trol-PBA||NON_CODING|||T),INTRAGENIC(MODIFIER|||||trol-PBC||NON_CODING|||T),INTRAGENIC(MODIFIER|||||trol-PAG||NON_CODING|||T),INTRAGENIC(MODIFIER|||||trol-PAX||NON_CODING|||T)"	"INTRON"	"trol"	FALSE	"INTRON(MODIFIER||||4176|trol|protein_coding|CODING|FBtr0342810|2|T)"
"X_2509888"	"X"	2509888	"C"	"T"	"EFF=INTRON(MODIFIER||||4479|trol|protein_coding|CODING|FBtr0342819|8|T),INTRON(MODIFIER||||4434|trol|protein_coding|CODING|FBtr0342806|7|T),INTRON(MODIFIER||||3887|trol|protein_coding|CODING|FBtr0342814|7|T),INTRON(MODIFIER||||4299|trol|protein_coding|CODING|FBtr0342816|7|T),INTRON(MODIFIER||||3805|trol|protein_coding|CODING|FBtr0342818|7|T),INTRON(MODIFIER||||4451|trol|protein_coding|CODING|FBtr0342820|8|T),INTRON(MODIFIER||||3973|trol|protein_coding|CODING|FBtr0342821|8|T),INTRON(MODIFIER||||4007|trol|protein_coding|CODING|FBtr0342822|8|T),INTRON(MODIFIER||||3833|trol|protein_coding|CODING|FBtr0342824|8|T),INTRON(MODIFIER||||3989|trol|protein_coding|CODING|FBtr0342825|8|T),INTRON(MODIFIER||||4203|trol|protein_coding|CODING|FBtr0342826|7|T),INTRON(MODIFIER||||4176|trol|protein_coding|CODING|FBtr0342810|2|T),INTRON(MODIFIER||||4411|trol|protein_coding|CODING|FBtr0342808|7|T),INTRON(MODIFIER||||3897|trol|protein_coding|CODING|FBtr0342809|7|T),INTRON(MODIFIER||||3728|trol|protein_coding|CODING|FBtr0342811|7|T),INTRON(MODIFIER||||3967|trol|protein_coding|CODING|FBtr0342812|7|T),INTRON(MODIFIER||||3806|trol|protein_coding|CODING|FBtr0342815|7|T),INTRON(MODIFIER||||4150|trol|protein_coding|CODING|FBtr0342817|7|T),INTRON(MODIFIER||||4150|trol|protein_coding|CODING|FBtr0342813|7|T),INTRON(MODIFIER||||3972|trol|protein_coding|CODING|FBtr0479747|7|T),INTRON(MODIFIER||||2853|trol|protein_coding|CODING|FBtr0342823|8|T),INTRON(MODIFIER||||3105|trol|protein_coding|CODING|FBtr0342807|8|T),INTRAGENIC(MODIFIER|||||trol-PAK||NON_CODING|||T),INTRAGENIC(MODIFIER|||||trol-PAF||NON_CODING|||T),INTRAGENIC(MODIFIER|||||trol-PAH||NON_CODING|||T),INTRAGENIC(MODIFIER|||||trol-PAI||NON_CODING|||T),INTRAGENIC(MODIFIER|||||trol-PAL||NON_CODING|||T),INTRAGENIC(MODIFIER|||||trol-PAM||NON_CODING|||T),INTRAGENIC(MODIFIER|||||trol-PAN||NON_CODING|||T),INTRAGENIC(MODIFIER|||||trol-PAO||NON_CODING|||T),INTRAGENIC(MODIFIER|||||trol-PAP||NON_CODING|||T),INTRAGENIC(MODIFIER|||||trol-PAQ||NON_CODING|||T),INTRAGENIC(MODIFIER|||||trol-PAR||NON_CODING|||T),INTRAGENIC(MODIFIER|||||trol-PAS||NON_CODING|||T),INTRAGENIC(MODIFIER|||||trol-PAT||NON_CODING|||T),INTRAGENIC(MODIFIER|||||trol-PAU||NON_CODING|||T),INTRAGENIC(MODIFIER|||||trol-PAV||NON_CODING|||T),INTRAGENIC(MODIFIER|||||trol-PAW||NON_CODING|||T),INTRAGENIC(MODIFIER|||||trol-PAY||NON_CODING|||T),INTRAGENIC(MODIFIER|||||trol-PAZ||NON_CODING|||T),INTRAGENIC(MODIFIER|||||trol-PBA||NON_CODING|||T),INTRAGENIC(MODIFIER|||||trol-PBC||NON_CODING|||T),INTRAGENIC(MODIFIER|||||trol-PAG||NON_CODING|||T),INTRAGENIC(MODIFIER|||||trol-PAX||NON_CODING|||T)"	"INTRON"	"trol"	FALSE	"INTRON(MODIFIER||||4411|trol|protein_coding|CODING|FBtr0342808|7|T)"
"X_2509888"	"X"	2509888	"C"	"T"	"EFF=INTRON(MODIFIER||||4479|trol|protein_coding|CODING|FBtr0342819|8|T),INTRON(MODIFIER||||4434|trol|protein_coding|CODING|FBtr0342806|7|T),INTRON(MODIFIER||||3887|trol|protein_coding|CODING|FBtr0342814|7|T),INTRON(MODIFIER||||4299|trol|protein_coding|CODING|FBtr0342816|7|T),INTRON(MODIFIER||||3805|trol|protein_coding|CODING|FBtr0342818|7|T),INTRON(MODIFIER||||4451|trol|protein_coding|CODING|FBtr0342820|8|T),INTRON(MODIFIER||||3973|trol|protein_coding|CODING|FBtr0342821|8|T),INTRON(MODIFIER||||4007|trol|protein_coding|CODING|FBtr0342822|8|T),INTRON(MODIFIER||||3833|trol|protein_coding|CODING|FBtr0342824|8|T),INTRON(MODIFIER||||3989|trol|protein_coding|CODING|FBtr0342825|8|T),INTRON(MODIFIER||||4203|trol|protein_coding|CODING|FBtr0342826|7|T),INTRON(MODIFIER||||4176|trol|protein_coding|CODING|FBtr0342810|2|T),INTRON(MODIFIER||||4411|trol|protein_coding|CODING|FBtr0342808|7|T),INTRON(MODIFIER||||3897|trol|protein_coding|CODING|FBtr0342809|7|T),INTRON(MODIFIER||||3728|trol|protein_coding|CODING|FBtr0342811|7|T),INTRON(MODIFIER||||3967|trol|protein_coding|CODING|FBtr0342812|7|T),INTRON(MODIFIER||||3806|trol|protein_coding|CODING|FBtr0342815|7|T),INTRON(MODIFIER||||4150|trol|protein_coding|CODING|FBtr0342817|7|T),INTRON(MODIFIER||||4150|trol|protein_coding|CODING|FBtr0342813|7|T),INTRON(MODIFIER||||3972|trol|protein_coding|CODING|FBtr0479747|7|T),INTRON(MODIFIER||||2853|trol|protein_coding|CODING|FBtr0342823|8|T),INTRON(MODIFIER||||3105|trol|protein_coding|CODING|FBtr0342807|8|T),INTRAGENIC(MODIFIER|||||trol-PAK||NON_CODING|||T),INTRAGENIC(MODIFIER|||||trol-PAF||NON_CODING|||T),INTRAGENIC(MODIFIER|||||trol-PAH||NON_CODING|||T),INTRAGENIC(MODIFIER|||||trol-PAI||NON_CODING|||T),INTRAGENIC(MODIFIER|||||trol-PAL||NON_CODING|||T),INTRAGENIC(MODIFIER|||||trol-PAM||NON_CODING|||T),INTRAGENIC(MODIFIER|||||trol-PAN||NON_CODING|||T),INTRAGENIC(MODIFIER|||||trol-PAO||NON_CODING|||T),INTRAGENIC(MODIFIER|||||trol-PAP||NON_CODING|||T),INTRAGENIC(MODIFIER|||||trol-PAQ||NON_CODING|||T),INTRAGENIC(MODIFIER|||||trol-PAR||NON_CODING|||T),INTRAGENIC(MODIFIER|||||trol-PAS||NON_CODING|||T),INTRAGENIC(MODIFIER|||||trol-PAT||NON_CODING|||T),INTRAGENIC(MODIFIER|||||trol-PAU||NON_CODING|||T),INTRAGENIC(MODIFIER|||||trol-PAV||NON_CODING|||T),INTRAGENIC(MODIFIER|||||trol-PAW||NON_CODING|||T),INTRAGENIC(MODIFIER|||||trol-PAY||NON_CODING|||T),INTRAGENIC(MODIFIER|||||trol-PAZ||NON_CODING|||T),INTRAGENIC(MODIFIER|||||trol-PBA||NON_CODING|||T),INTRAGENIC(MODIFIER|||||trol-PBC||NON_CODING|||T),INTRAGENIC(MODIFIER|||||trol-PAG||NON_CODING|||T),INTRAGENIC(MODIFIER|||||trol-PAX||NON_CODING|||T)"	"INTRON"	"trol"	FALSE	"INTRON(MODIFIER||||3897|trol|protein_coding|CODING|FBtr0342809|7|T)"
"X_2509888"	"X"	2509888	"C"	"T"	"EFF=INTRON(MODIFIER||||4479|trol|protein_coding|CODING|FBtr0342819|8|T),INTRON(MODIFIER||||4434|trol|protein_coding|CODING|FBtr0342806|7|T),INTRON(MODIFIER||||3887|trol|protein_coding|CODING|FBtr0342814|7|T),INTRON(MODIFIER||||4299|trol|protein_coding|CODING|FBtr0342816|7|T),INTRON(MODIFIER||||3805|trol|protein_coding|CODING|FBtr0342818|7|T),INTRON(MODIFIER||||4451|trol|protein_coding|CODING|FBtr0342820|8|T),INTRON(MODIFIER||||3973|trol|protein_coding|CODING|FBtr0342821|8|T),INTRON(MODIFIER||||4007|trol|protein_coding|CODING|FBtr0342822|8|T),INTRON(MODIFIER||||3833|trol|protein_coding|CODING|FBtr0342824|8|T),INTRON(MODIFIER||||3989|trol|protein_coding|CODING|FBtr0342825|8|T),INTRON(MODIFIER||||4203|trol|protein_coding|CODING|FBtr0342826|7|T),INTRON(MODIFIER||||4176|trol|protein_coding|CODING|FBtr0342810|2|T),INTRON(MODIFIER||||4411|trol|protein_coding|CODING|FBtr0342808|7|T),INTRON(MODIFIER||||3897|trol|protein_coding|CODING|FBtr0342809|7|T),INTRON(MODIFIER||||3728|trol|protein_coding|CODING|FBtr0342811|7|T),INTRON(MODIFIER||||3967|trol|protein_coding|CODING|FBtr0342812|7|T),INTRON(MODIFIER||||3806|trol|protein_coding|CODING|FBtr0342815|7|T),INTRON(MODIFIER||||4150|trol|protein_coding|CODING|FBtr0342817|7|T),INTRON(MODIFIER||||4150|trol|protein_coding|CODING|FBtr0342813|7|T),INTRON(MODIFIER||||3972|trol|protein_coding|CODING|FBtr0479747|7|T),INTRON(MODIFIER||||2853|trol|protein_coding|CODING|FBtr0342823|8|T),INTRON(MODIFIER||||3105|trol|protein_coding|CODING|FBtr0342807|8|T),INTRAGENIC(MODIFIER|||||trol-PAK||NON_CODING|||T),INTRAGENIC(MODIFIER|||||trol-PAF||NON_CODING|||T),INTRAGENIC(MODIFIER|||||trol-PAH||NON_CODING|||T),INTRAGENIC(MODIFIER|||||trol-PAI||NON_CODING|||T),INTRAGENIC(MODIFIER|||||trol-PAL||NON_CODING|||T),INTRAGENIC(MODIFIER|||||trol-PAM||NON_CODING|||T),INTRAGENIC(MODIFIER|||||trol-PAN||NON_CODING|||T),INTRAGENIC(MODIFIER|||||trol-PAO||NON_CODING|||T),INTRAGENIC(MODIFIER|||||trol-PAP||NON_CODING|||T),INTRAGENIC(MODIFIER|||||trol-PAQ||NON_CODING|||T),INTRAGENIC(MODIFIER|||||trol-PAR||NON_CODING|||T),INTRAGENIC(MODIFIER|||||trol-PAS||NON_CODING|||T),INTRAGENIC(MODIFIER|||||trol-PAT||NON_CODING|||T),INTRAGENIC(MODIFIER|||||trol-PAU||NON_CODING|||T),INTRAGENIC(MODIFIER|||||trol-PAV||NON_CODING|||T),INTRAGENIC(MODIFIER|||||trol-PAW||NON_CODING|||T),INTRAGENIC(MODIFIER|||||trol-PAY||NON_CODING|||T),INTRAGENIC(MODIFIER|||||trol-PAZ||NON_CODING|||T),INTRAGENIC(MODIFIER|||||trol-PBA||NON_CODING|||T),INTRAGENIC(MODIFIER|||||trol-PBC||NON_CODING|||T),INTRAGENIC(MODIFIER|||||trol-PAG||NON_CODING|||T),INTRAGENIC(MODIFIER|||||trol-PAX||NON_CODING|||T)"	"INTRON"	"trol"	FALSE	"INTRON(MODIFIER||||3728|trol|protein_coding|CODING|FBtr0342811|7|T)"
"X_2509888"	"X"	2509888	"C"	"T"	"EFF=INTRON(MODIFIER||||4479|trol|protein_coding|CODING|FBtr0342819|8|T),INTRON(MODIFIER||||4434|trol|protein_coding|CODING|FBtr0342806|7|T),INTRON(MODIFIER||||3887|trol|protein_coding|CODING|FBtr0342814|7|T),INTRON(MODIFIER||||4299|trol|protein_coding|CODING|FBtr0342816|7|T),INTRON(MODIFIER||||3805|trol|protein_coding|CODING|FBtr0342818|7|T),INTRON(MODIFIER||||4451|trol|protein_coding|CODING|FBtr0342820|8|T),INTRON(MODIFIER||||3973|trol|protein_coding|CODING|FBtr0342821|8|T),INTRON(MODIFIER||||4007|trol|protein_coding|CODING|FBtr0342822|8|T),INTRON(MODIFIER||||3833|trol|protein_coding|CODING|FBtr0342824|8|T),INTRON(MODIFIER||||3989|trol|protein_coding|CODING|FBtr0342825|8|T),INTRON(MODIFIER||||4203|trol|protein_coding|CODING|FBtr0342826|7|T),INTRON(MODIFIER||||4176|trol|protein_coding|CODING|FBtr0342810|2|T),INTRON(MODIFIER||||4411|trol|protein_coding|CODING|FBtr0342808|7|T),INTRON(MODIFIER||||3897|trol|protein_coding|CODING|FBtr0342809|7|T),INTRON(MODIFIER||||3728|trol|protein_coding|CODING|FBtr0342811|7|T),INTRON(MODIFIER||||3967|trol|protein_coding|CODING|FBtr0342812|7|T),INTRON(MODIFIER||||3806|trol|protein_coding|CODING|FBtr0342815|7|T),INTRON(MODIFIER||||4150|trol|protein_coding|CODING|FBtr0342817|7|T),INTRON(MODIFIER||||4150|trol|protein_coding|CODING|FBtr0342813|7|T),INTRON(MODIFIER||||3972|trol|protein_coding|CODING|FBtr0479747|7|T),INTRON(MODIFIER||||2853|trol|protein_coding|CODING|FBtr0342823|8|T),INTRON(MODIFIER||||3105|trol|protein_coding|CODING|FBtr0342807|8|T),INTRAGENIC(MODIFIER|||||trol-PAK||NON_CODING|||T),INTRAGENIC(MODIFIER|||||trol-PAF||NON_CODING|||T),INTRAGENIC(MODIFIER|||||trol-PAH||NON_CODING|||T),INTRAGENIC(MODIFIER|||||trol-PAI||NON_CODING|||T),INTRAGENIC(MODIFIER|||||trol-PAL||NON_CODING|||T),INTRAGENIC(MODIFIER|||||trol-PAM||NON_CODING|||T),INTRAGENIC(MODIFIER|||||trol-PAN||NON_CODING|||T),INTRAGENIC(MODIFIER|||||trol-PAO||NON_CODING|||T),INTRAGENIC(MODIFIER|||||trol-PAP||NON_CODING|||T),INTRAGENIC(MODIFIER|||||trol-PAQ||NON_CODING|||T),INTRAGENIC(MODIFIER|||||trol-PAR||NON_CODING|||T),INTRAGENIC(MODIFIER|||||trol-PAS||NON_CODING|||T),INTRAGENIC(MODIFIER|||||trol-PAT||NON_CODING|||T),INTRAGENIC(MODIFIER|||||trol-PAU||NON_CODING|||T),INTRAGENIC(MODIFIER|||||trol-PAV||NON_CODING|||T),INTRAGENIC(MODIFIER|||||trol-PAW||NON_CODING|||T),INTRAGENIC(MODIFIER|||||trol-PAY||NON_CODING|||T),INTRAGENIC(MODIFIER|||||trol-PAZ||NON_CODING|||T),INTRAGENIC(MODIFIER|||||trol-PBA||NON_CODING|||T),INTRAGENIC(MODIFIER|||||trol-PBC||NON_CODING|||T),INTRAGENIC(MODIFIER|||||trol-PAG||NON_CODING|||T),INTRAGENIC(MODIFIER|||||trol-PAX||NON_CODING|||T)"	"INTRON"	"trol"	FALSE	"INTRON(MODIFIER||||3967|trol|protein_coding|CODING|FBtr0342812|7|T)"
"X_2509888"	"X"	2509888	"C"	"T"	"EFF=INTRON(MODIFIER||||4479|trol|protein_coding|CODING|FBtr0342819|8|T),INTRON(MODIFIER||||4434|trol|protein_coding|CODING|FBtr0342806|7|T),INTRON(MODIFIER||||3887|trol|protein_coding|CODING|FBtr0342814|7|T),INTRON(MODIFIER||||4299|trol|protein_coding|CODING|FBtr0342816|7|T),INTRON(MODIFIER||||3805|trol|protein_coding|CODING|FBtr0342818|7|T),INTRON(MODIFIER||||4451|trol|protein_coding|CODING|FBtr0342820|8|T),INTRON(MODIFIER||||3973|trol|protein_coding|CODING|FBtr0342821|8|T),INTRON(MODIFIER||||4007|trol|protein_coding|CODING|FBtr0342822|8|T),INTRON(MODIFIER||||3833|trol|protein_coding|CODING|FBtr0342824|8|T),INTRON(MODIFIER||||3989|trol|protein_coding|CODING|FBtr0342825|8|T),INTRON(MODIFIER||||4203|trol|protein_coding|CODING|FBtr0342826|7|T),INTRON(MODIFIER||||4176|trol|protein_coding|CODING|FBtr0342810|2|T),INTRON(MODIFIER||||4411|trol|protein_coding|CODING|FBtr0342808|7|T),INTRON(MODIFIER||||3897|trol|protein_coding|CODING|FBtr0342809|7|T),INTRON(MODIFIER||||3728|trol|protein_coding|CODING|FBtr0342811|7|T),INTRON(MODIFIER||||3967|trol|protein_coding|CODING|FBtr0342812|7|T),INTRON(MODIFIER||||3806|trol|protein_coding|CODING|FBtr0342815|7|T),INTRON(MODIFIER||||4150|trol|protein_coding|CODING|FBtr0342817|7|T),INTRON(MODIFIER||||4150|trol|protein_coding|CODING|FBtr0342813|7|T),INTRON(MODIFIER||||3972|trol|protein_coding|CODING|FBtr0479747|7|T),INTRON(MODIFIER||||2853|trol|protein_coding|CODING|FBtr0342823|8|T),INTRON(MODIFIER||||3105|trol|protein_coding|CODING|FBtr0342807|8|T),INTRAGENIC(MODIFIER|||||trol-PAK||NON_CODING|||T),INTRAGENIC(MODIFIER|||||trol-PAF||NON_CODING|||T),INTRAGENIC(MODIFIER|||||trol-PAH||NON_CODING|||T),INTRAGENIC(MODIFIER|||||trol-PAI||NON_CODING|||T),INTRAGENIC(MODIFIER|||||trol-PAL||NON_CODING|||T),INTRAGENIC(MODIFIER|||||trol-PAM||NON_CODING|||T),INTRAGENIC(MODIFIER|||||trol-PAN||NON_CODING|||T),INTRAGENIC(MODIFIER|||||trol-PAO||NON_CODING|||T),INTRAGENIC(MODIFIER|||||trol-PAP||NON_CODING|||T),INTRAGENIC(MODIFIER|||||trol-PAQ||NON_CODING|||T),INTRAGENIC(MODIFIER|||||trol-PAR||NON_CODING|||T),INTRAGENIC(MODIFIER|||||trol-PAS||NON_CODING|||T),INTRAGENIC(MODIFIER|||||trol-PAT||NON_CODING|||T),INTRAGENIC(MODIFIER|||||trol-PAU||NON_CODING|||T),INTRAGENIC(MODIFIER|||||trol-PAV||NON_CODING|||T),INTRAGENIC(MODIFIER|||||trol-PAW||NON_CODING|||T),INTRAGENIC(MODIFIER|||||trol-PAY||NON_CODING|||T),INTRAGENIC(MODIFIER|||||trol-PAZ||NON_CODING|||T),INTRAGENIC(MODIFIER|||||trol-PBA||NON_CODING|||T),INTRAGENIC(MODIFIER|||||trol-PBC||NON_CODING|||T),INTRAGENIC(MODIFIER|||||trol-PAG||NON_CODING|||T),INTRAGENIC(MODIFIER|||||trol-PAX||NON_CODING|||T)"	"INTRON"	"trol"	FALSE	"INTRON(MODIFIER||||3806|trol|protein_coding|CODING|FBtr0342815|7|T)"
"X_2509888"	"X"	2509888	"C"	"T"	"EFF=INTRON(MODIFIER||||4479|trol|protein_coding|CODING|FBtr0342819|8|T),INTRON(MODIFIER||||4434|trol|protein_coding|CODING|FBtr0342806|7|T),INTRON(MODIFIER||||3887|trol|protein_coding|CODING|FBtr0342814|7|T),INTRON(MODIFIER||||4299|trol|protein_coding|CODING|FBtr0342816|7|T),INTRON(MODIFIER||||3805|trol|protein_coding|CODING|FBtr0342818|7|T),INTRON(MODIFIER||||4451|trol|protein_coding|CODING|FBtr0342820|8|T),INTRON(MODIFIER||||3973|trol|protein_coding|CODING|FBtr0342821|8|T),INTRON(MODIFIER||||4007|trol|protein_coding|CODING|FBtr0342822|8|T),INTRON(MODIFIER||||3833|trol|protein_coding|CODING|FBtr0342824|8|T),INTRON(MODIFIER||||3989|trol|protein_coding|CODING|FBtr0342825|8|T),INTRON(MODIFIER||||4203|trol|protein_coding|CODING|FBtr0342826|7|T),INTRON(MODIFIER||||4176|trol|protein_coding|CODING|FBtr0342810|2|T),INTRON(MODIFIER||||4411|trol|protein_coding|CODING|FBtr0342808|7|T),INTRON(MODIFIER||||3897|trol|protein_coding|CODING|FBtr0342809|7|T),INTRON(MODIFIER||||3728|trol|protein_coding|CODING|FBtr0342811|7|T),INTRON(MODIFIER||||3967|trol|protein_coding|CODING|FBtr0342812|7|T),INTRON(MODIFIER||||3806|trol|protein_coding|CODING|FBtr0342815|7|T),INTRON(MODIFIER||||4150|trol|protein_coding|CODING|FBtr0342817|7|T),INTRON(MODIFIER||||4150|trol|protein_coding|CODING|FBtr0342813|7|T),INTRON(MODIFIER||||3972|trol|protein_coding|CODING|FBtr0479747|7|T),INTRON(MODIFIER||||2853|trol|protein_coding|CODING|FBtr0342823|8|T),INTRON(MODIFIER||||3105|trol|protein_coding|CODING|FBtr0342807|8|T),INTRAGENIC(MODIFIER|||||trol-PAK||NON_CODING|||T),INTRAGENIC(MODIFIER|||||trol-PAF||NON_CODING|||T),INTRAGENIC(MODIFIER|||||trol-PAH||NON_CODING|||T),INTRAGENIC(MODIFIER|||||trol-PAI||NON_CODING|||T),INTRAGENIC(MODIFIER|||||trol-PAL||NON_CODING|||T),INTRAGENIC(MODIFIER|||||trol-PAM||NON_CODING|||T),INTRAGENIC(MODIFIER|||||trol-PAN||NON_CODING|||T),INTRAGENIC(MODIFIER|||||trol-PAO||NON_CODING|||T),INTRAGENIC(MODIFIER|||||trol-PAP||NON_CODING|||T),INTRAGENIC(MODIFIER|||||trol-PAQ||NON_CODING|||T),INTRAGENIC(MODIFIER|||||trol-PAR||NON_CODING|||T),INTRAGENIC(MODIFIER|||||trol-PAS||NON_CODING|||T),INTRAGENIC(MODIFIER|||||trol-PAT||NON_CODING|||T),INTRAGENIC(MODIFIER|||||trol-PAU||NON_CODING|||T),INTRAGENIC(MODIFIER|||||trol-PAV||NON_CODING|||T),INTRAGENIC(MODIFIER|||||trol-PAW||NON_CODING|||T),INTRAGENIC(MODIFIER|||||trol-PAY||NON_CODING|||T),INTRAGENIC(MODIFIER|||||trol-PAZ||NON_CODING|||T),INTRAGENIC(MODIFIER|||||trol-PBA||NON_CODING|||T),INTRAGENIC(MODIFIER|||||trol-PBC||NON_CODING|||T),INTRAGENIC(MODIFIER|||||trol-PAG||NON_CODING|||T),INTRAGENIC(MODIFIER|||||trol-PAX||NON_CODING|||T)"	"INTRON"	"trol"	FALSE	"INTRON(MODIFIER||||4150|trol|protein_coding|CODING|FBtr0342817|7|T)"
"X_2509888"	"X"	2509888	"C"	"T"	"EFF=INTRON(MODIFIER||||4479|trol|protein_coding|CODING|FBtr0342819|8|T),INTRON(MODIFIER||||4434|trol|protein_coding|CODING|FBtr0342806|7|T),INTRON(MODIFIER||||3887|trol|protein_coding|CODING|FBtr0342814|7|T),INTRON(MODIFIER||||4299|trol|protein_coding|CODING|FBtr0342816|7|T),INTRON(MODIFIER||||3805|trol|protein_coding|CODING|FBtr0342818|7|T),INTRON(MODIFIER||||4451|trol|protein_coding|CODING|FBtr0342820|8|T),INTRON(MODIFIER||||3973|trol|protein_coding|CODING|FBtr0342821|8|T),INTRON(MODIFIER||||4007|trol|protein_coding|CODING|FBtr0342822|8|T),INTRON(MODIFIER||||3833|trol|protein_coding|CODING|FBtr0342824|8|T),INTRON(MODIFIER||||3989|trol|protein_coding|CODING|FBtr0342825|8|T),INTRON(MODIFIER||||4203|trol|protein_coding|CODING|FBtr0342826|7|T),INTRON(MODIFIER||||4176|trol|protein_coding|CODING|FBtr0342810|2|T),INTRON(MODIFIER||||4411|trol|protein_coding|CODING|FBtr0342808|7|T),INTRON(MODIFIER||||3897|trol|protein_coding|CODING|FBtr0342809|7|T),INTRON(MODIFIER||||3728|trol|protein_coding|CODING|FBtr0342811|7|T),INTRON(MODIFIER||||3967|trol|protein_coding|CODING|FBtr0342812|7|T),INTRON(MODIFIER||||3806|trol|protein_coding|CODING|FBtr0342815|7|T),INTRON(MODIFIER||||4150|trol|protein_coding|CODING|FBtr0342817|7|T),INTRON(MODIFIER||||4150|trol|protein_coding|CODING|FBtr0342813|7|T),INTRON(MODIFIER||||3972|trol|protein_coding|CODING|FBtr0479747|7|T),INTRON(MODIFIER||||2853|trol|protein_coding|CODING|FBtr0342823|8|T),INTRON(MODIFIER||||3105|trol|protein_coding|CODING|FBtr0342807|8|T),INTRAGENIC(MODIFIER|||||trol-PAK||NON_CODING|||T),INTRAGENIC(MODIFIER|||||trol-PAF||NON_CODING|||T),INTRAGENIC(MODIFIER|||||trol-PAH||NON_CODING|||T),INTRAGENIC(MODIFIER|||||trol-PAI||NON_CODING|||T),INTRAGENIC(MODIFIER|||||trol-PAL||NON_CODING|||T),INTRAGENIC(MODIFIER|||||trol-PAM||NON_CODING|||T),INTRAGENIC(MODIFIER|||||trol-PAN||NON_CODING|||T),INTRAGENIC(MODIFIER|||||trol-PAO||NON_CODING|||T),INTRAGENIC(MODIFIER|||||trol-PAP||NON_CODING|||T),INTRAGENIC(MODIFIER|||||trol-PAQ||NON_CODING|||T),INTRAGENIC(MODIFIER|||||trol-PAR||NON_CODING|||T),INTRAGENIC(MODIFIER|||||trol-PAS||NON_CODING|||T),INTRAGENIC(MODIFIER|||||trol-PAT||NON_CODING|||T),INTRAGENIC(MODIFIER|||||trol-PAU||NON_CODING|||T),INTRAGENIC(MODIFIER|||||trol-PAV||NON_CODING|||T),INTRAGENIC(MODIFIER|||||trol-PAW||NON_CODING|||T),INTRAGENIC(MODIFIER|||||trol-PAY||NON_CODING|||T),INTRAGENIC(MODIFIER|||||trol-PAZ||NON_CODING|||T),INTRAGENIC(MODIFIER|||||trol-PBA||NON_CODING|||T),INTRAGENIC(MODIFIER|||||trol-PBC||NON_CODING|||T),INTRAGENIC(MODIFIER|||||trol-PAG||NON_CODING|||T),INTRAGENIC(MODIFIER|||||trol-PAX||NON_CODING|||T)"	"INTRON"	"trol"	FALSE	"INTRON(MODIFIER||||4150|trol|protein_coding|CODING|FBtr0342813|7|T)"
"X_2509888"	"X"	2509888	"C"	"T"	"EFF=INTRON(MODIFIER||||4479|trol|protein_coding|CODING|FBtr0342819|8|T),INTRON(MODIFIER||||4434|trol|protein_coding|CODING|FBtr0342806|7|T),INTRON(MODIFIER||||3887|trol|protein_coding|CODING|FBtr0342814|7|T),INTRON(MODIFIER||||4299|trol|protein_coding|CODING|FBtr0342816|7|T),INTRON(MODIFIER||||3805|trol|protein_coding|CODING|FBtr0342818|7|T),INTRON(MODIFIER||||4451|trol|protein_coding|CODING|FBtr0342820|8|T),INTRON(MODIFIER||||3973|trol|protein_coding|CODING|FBtr0342821|8|T),INTRON(MODIFIER||||4007|trol|protein_coding|CODING|FBtr0342822|8|T),INTRON(MODIFIER||||3833|trol|protein_coding|CODING|FBtr0342824|8|T),INTRON(MODIFIER||||3989|trol|protein_coding|CODING|FBtr0342825|8|T),INTRON(MODIFIER||||4203|trol|protein_coding|CODING|FBtr0342826|7|T),INTRON(MODIFIER||||4176|trol|protein_coding|CODING|FBtr0342810|2|T),INTRON(MODIFIER||||4411|trol|protein_coding|CODING|FBtr0342808|7|T),INTRON(MODIFIER||||3897|trol|protein_coding|CODING|FBtr0342809|7|T),INTRON(MODIFIER||||3728|trol|protein_coding|CODING|FBtr0342811|7|T),INTRON(MODIFIER||||3967|trol|protein_coding|CODING|FBtr0342812|7|T),INTRON(MODIFIER||||3806|trol|protein_coding|CODING|FBtr0342815|7|T),INTRON(MODIFIER||||4150|trol|protein_coding|CODING|FBtr0342817|7|T),INTRON(MODIFIER||||4150|trol|protein_coding|CODING|FBtr0342813|7|T),INTRON(MODIFIER||||3972|trol|protein_coding|CODING|FBtr0479747|7|T),INTRON(MODIFIER||||2853|trol|protein_coding|CODING|FBtr0342823|8|T),INTRON(MODIFIER||||3105|trol|protein_coding|CODING|FBtr0342807|8|T),INTRAGENIC(MODIFIER|||||trol-PAK||NON_CODING|||T),INTRAGENIC(MODIFIER|||||trol-PAF||NON_CODING|||T),INTRAGENIC(MODIFIER|||||trol-PAH||NON_CODING|||T),INTRAGENIC(MODIFIER|||||trol-PAI||NON_CODING|||T),INTRAGENIC(MODIFIER|||||trol-PAL||NON_CODING|||T),INTRAGENIC(MODIFIER|||||trol-PAM||NON_CODING|||T),INTRAGENIC(MODIFIER|||||trol-PAN||NON_CODING|||T),INTRAGENIC(MODIFIER|||||trol-PAO||NON_CODING|||T),INTRAGENIC(MODIFIER|||||trol-PAP||NON_CODING|||T),INTRAGENIC(MODIFIER|||||trol-PAQ||NON_CODING|||T),INTRAGENIC(MODIFIER|||||trol-PAR||NON_CODING|||T),INTRAGENIC(MODIFIER|||||trol-PAS||NON_CODING|||T),INTRAGENIC(MODIFIER|||||trol-PAT||NON_CODING|||T),INTRAGENIC(MODIFIER|||||trol-PAU||NON_CODING|||T),INTRAGENIC(MODIFIER|||||trol-PAV||NON_CODING|||T),INTRAGENIC(MODIFIER|||||trol-PAW||NON_CODING|||T),INTRAGENIC(MODIFIER|||||trol-PAY||NON_CODING|||T),INTRAGENIC(MODIFIER|||||trol-PAZ||NON_CODING|||T),INTRAGENIC(MODIFIER|||||trol-PBA||NON_CODING|||T),INTRAGENIC(MODIFIER|||||trol-PBC||NON_CODING|||T),INTRAGENIC(MODIFIER|||||trol-PAG||NON_CODING|||T),INTRAGENIC(MODIFIER|||||trol-PAX||NON_CODING|||T)"	"INTRON"	"trol"	FALSE	"INTRON(MODIFIER||||3972|trol|protein_coding|CODING|FBtr0479747|7|T)"
"X_2509888"	"X"	2509888	"C"	"T"	"EFF=INTRON(MODIFIER||||4479|trol|protein_coding|CODING|FBtr0342819|8|T),INTRON(MODIFIER||||4434|trol|protein_coding|CODING|FBtr0342806|7|T),INTRON(MODIFIER||||3887|trol|protein_coding|CODING|FBtr0342814|7|T),INTRON(MODIFIER||||4299|trol|protein_coding|CODING|FBtr0342816|7|T),INTRON(MODIFIER||||3805|trol|protein_coding|CODING|FBtr0342818|7|T),INTRON(MODIFIER||||4451|trol|protein_coding|CODING|FBtr0342820|8|T),INTRON(MODIFIER||||3973|trol|protein_coding|CODING|FBtr0342821|8|T),INTRON(MODIFIER||||4007|trol|protein_coding|CODING|FBtr0342822|8|T),INTRON(MODIFIER||||3833|trol|protein_coding|CODING|FBtr0342824|8|T),INTRON(MODIFIER||||3989|trol|protein_coding|CODING|FBtr0342825|8|T),INTRON(MODIFIER||||4203|trol|protein_coding|CODING|FBtr0342826|7|T),INTRON(MODIFIER||||4176|trol|protein_coding|CODING|FBtr0342810|2|T),INTRON(MODIFIER||||4411|trol|protein_coding|CODING|FBtr0342808|7|T),INTRON(MODIFIER||||3897|trol|protein_coding|CODING|FBtr0342809|7|T),INTRON(MODIFIER||||3728|trol|protein_coding|CODING|FBtr0342811|7|T),INTRON(MODIFIER||||3967|trol|protein_coding|CODING|FBtr0342812|7|T),INTRON(MODIFIER||||3806|trol|protein_coding|CODING|FBtr0342815|7|T),INTRON(MODIFIER||||4150|trol|protein_coding|CODING|FBtr0342817|7|T),INTRON(MODIFIER||||4150|trol|protein_coding|CODING|FBtr0342813|7|T),INTRON(MODIFIER||||3972|trol|protein_coding|CODING|FBtr0479747|7|T),INTRON(MODIFIER||||2853|trol|protein_coding|CODING|FBtr0342823|8|T),INTRON(MODIFIER||||3105|trol|protein_coding|CODING|FBtr0342807|8|T),INTRAGENIC(MODIFIER|||||trol-PAK||NON_CODING|||T),INTRAGENIC(MODIFIER|||||trol-PAF||NON_CODING|||T),INTRAGENIC(MODIFIER|||||trol-PAH||NON_CODING|||T),INTRAGENIC(MODIFIER|||||trol-PAI||NON_CODING|||T),INTRAGENIC(MODIFIER|||||trol-PAL||NON_CODING|||T),INTRAGENIC(MODIFIER|||||trol-PAM||NON_CODING|||T),INTRAGENIC(MODIFIER|||||trol-PAN||NON_CODING|||T),INTRAGENIC(MODIFIER|||||trol-PAO||NON_CODING|||T),INTRAGENIC(MODIFIER|||||trol-PAP||NON_CODING|||T),INTRAGENIC(MODIFIER|||||trol-PAQ||NON_CODING|||T),INTRAGENIC(MODIFIER|||||trol-PAR||NON_CODING|||T),INTRAGENIC(MODIFIER|||||trol-PAS||NON_CODING|||T),INTRAGENIC(MODIFIER|||||trol-PAT||NON_CODING|||T),INTRAGENIC(MODIFIER|||||trol-PAU||NON_CODING|||T),INTRAGENIC(MODIFIER|||||trol-PAV||NON_CODING|||T),INTRAGENIC(MODIFIER|||||trol-PAW||NON_CODING|||T),INTRAGENIC(MODIFIER|||||trol-PAY||NON_CODING|||T),INTRAGENIC(MODIFIER|||||trol-PAZ||NON_CODING|||T),INTRAGENIC(MODIFIER|||||trol-PBA||NON_CODING|||T),INTRAGENIC(MODIFIER|||||trol-PBC||NON_CODING|||T),INTRAGENIC(MODIFIER|||||trol-PAG||NON_CODING|||T),INTRAGENIC(MODIFIER|||||trol-PAX||NON_CODING|||T)"	"INTRON"	"trol"	FALSE	"INTRON(MODIFIER||||2853|trol|protein_coding|CODING|FBtr0342823|8|T)"
"X_2509888"	"X"	2509888	"C"	"T"	"EFF=INTRON(MODIFIER||||4479|trol|protein_coding|CODING|FBtr0342819|8|T),INTRON(MODIFIER||||4434|trol|protein_coding|CODING|FBtr0342806|7|T),INTRON(MODIFIER||||3887|trol|protein_coding|CODING|FBtr0342814|7|T),INTRON(MODIFIER||||4299|trol|protein_coding|CODING|FBtr0342816|7|T),INTRON(MODIFIER||||3805|trol|protein_coding|CODING|FBtr0342818|7|T),INTRON(MODIFIER||||4451|trol|protein_coding|CODING|FBtr0342820|8|T),INTRON(MODIFIER||||3973|trol|protein_coding|CODING|FBtr0342821|8|T),INTRON(MODIFIER||||4007|trol|protein_coding|CODING|FBtr0342822|8|T),INTRON(MODIFIER||||3833|trol|protein_coding|CODING|FBtr0342824|8|T),INTRON(MODIFIER||||3989|trol|protein_coding|CODING|FBtr0342825|8|T),INTRON(MODIFIER||||4203|trol|protein_coding|CODING|FBtr0342826|7|T),INTRON(MODIFIER||||4176|trol|protein_coding|CODING|FBtr0342810|2|T),INTRON(MODIFIER||||4411|trol|protein_coding|CODING|FBtr0342808|7|T),INTRON(MODIFIER||||3897|trol|protein_coding|CODING|FBtr0342809|7|T),INTRON(MODIFIER||||3728|trol|protein_coding|CODING|FBtr0342811|7|T),INTRON(MODIFIER||||3967|trol|protein_coding|CODING|FBtr0342812|7|T),INTRON(MODIFIER||||3806|trol|protein_coding|CODING|FBtr0342815|7|T),INTRON(MODIFIER||||4150|trol|protein_coding|CODING|FBtr0342817|7|T),INTRON(MODIFIER||||4150|trol|protein_coding|CODING|FBtr0342813|7|T),INTRON(MODIFIER||||3972|trol|protein_coding|CODING|FBtr0479747|7|T),INTRON(MODIFIER||||2853|trol|protein_coding|CODING|FBtr0342823|8|T),INTRON(MODIFIER||||3105|trol|protein_coding|CODING|FBtr0342807|8|T),INTRAGENIC(MODIFIER|||||trol-PAK||NON_CODING|||T),INTRAGENIC(MODIFIER|||||trol-PAF||NON_CODING|||T),INTRAGENIC(MODIFIER|||||trol-PAH||NON_CODING|||T),INTRAGENIC(MODIFIER|||||trol-PAI||NON_CODING|||T),INTRAGENIC(MODIFIER|||||trol-PAL||NON_CODING|||T),INTRAGENIC(MODIFIER|||||trol-PAM||NON_CODING|||T),INTRAGENIC(MODIFIER|||||trol-PAN||NON_CODING|||T),INTRAGENIC(MODIFIER|||||trol-PAO||NON_CODING|||T),INTRAGENIC(MODIFIER|||||trol-PAP||NON_CODING|||T),INTRAGENIC(MODIFIER|||||trol-PAQ||NON_CODING|||T),INTRAGENIC(MODIFIER|||||trol-PAR||NON_CODING|||T),INTRAGENIC(MODIFIER|||||trol-PAS||NON_CODING|||T),INTRAGENIC(MODIFIER|||||trol-PAT||NON_CODING|||T),INTRAGENIC(MODIFIER|||||trol-PAU||NON_CODING|||T),INTRAGENIC(MODIFIER|||||trol-PAV||NON_CODING|||T),INTRAGENIC(MODIFIER|||||trol-PAW||NON_CODING|||T),INTRAGENIC(MODIFIER|||||trol-PAY||NON_CODING|||T),INTRAGENIC(MODIFIER|||||trol-PAZ||NON_CODING|||T),INTRAGENIC(MODIFIER|||||trol-PBA||NON_CODING|||T),INTRAGENIC(MODIFIER|||||trol-PBC||NON_CODING|||T),INTRAGENIC(MODIFIER|||||trol-PAG||NON_CODING|||T),INTRAGENIC(MODIFIER|||||trol-PAX||NON_CODING|||T)"	"INTRON"	"trol"	FALSE	"INTRON(MODIFIER||||3105|trol|protein_coding|CODING|FBtr0342807|8|T)"
"X_2509888"	"X"	2509888	"C"	"T"	"EFF=INTRON(MODIFIER||||4479|trol|protein_coding|CODING|FBtr0342819|8|T),INTRON(MODIFIER||||4434|trol|protein_coding|CODING|FBtr0342806|7|T),INTRON(MODIFIER||||3887|trol|protein_coding|CODING|FBtr0342814|7|T),INTRON(MODIFIER||||4299|trol|protein_coding|CODING|FBtr0342816|7|T),INTRON(MODIFIER||||3805|trol|protein_coding|CODING|FBtr0342818|7|T),INTRON(MODIFIER||||4451|trol|protein_coding|CODING|FBtr0342820|8|T),INTRON(MODIFIER||||3973|trol|protein_coding|CODING|FBtr0342821|8|T),INTRON(MODIFIER||||4007|trol|protein_coding|CODING|FBtr0342822|8|T),INTRON(MODIFIER||||3833|trol|protein_coding|CODING|FBtr0342824|8|T),INTRON(MODIFIER||||3989|trol|protein_coding|CODING|FBtr0342825|8|T),INTRON(MODIFIER||||4203|trol|protein_coding|CODING|FBtr0342826|7|T),INTRON(MODIFIER||||4176|trol|protein_coding|CODING|FBtr0342810|2|T),INTRON(MODIFIER||||4411|trol|protein_coding|CODING|FBtr0342808|7|T),INTRON(MODIFIER||||3897|trol|protein_coding|CODING|FBtr0342809|7|T),INTRON(MODIFIER||||3728|trol|protein_coding|CODING|FBtr0342811|7|T),INTRON(MODIFIER||||3967|trol|protein_coding|CODING|FBtr0342812|7|T),INTRON(MODIFIER||||3806|trol|protein_coding|CODING|FBtr0342815|7|T),INTRON(MODIFIER||||4150|trol|protein_coding|CODING|FBtr0342817|7|T),INTRON(MODIFIER||||4150|trol|protein_coding|CODING|FBtr0342813|7|T),INTRON(MODIFIER||||3972|trol|protein_coding|CODING|FBtr0479747|7|T),INTRON(MODIFIER||||2853|trol|protein_coding|CODING|FBtr0342823|8|T),INTRON(MODIFIER||||3105|trol|protein_coding|CODING|FBtr0342807|8|T),INTRAGENIC(MODIFIER|||||trol-PAK||NON_CODING|||T),INTRAGENIC(MODIFIER|||||trol-PAF||NON_CODING|||T),INTRAGENIC(MODIFIER|||||trol-PAH||NON_CODING|||T),INTRAGENIC(MODIFIER|||||trol-PAI||NON_CODING|||T),INTRAGENIC(MODIFIER|||||trol-PAL||NON_CODING|||T),INTRAGENIC(MODIFIER|||||trol-PAM||NON_CODING|||T),INTRAGENIC(MODIFIER|||||trol-PAN||NON_CODING|||T),INTRAGENIC(MODIFIER|||||trol-PAO||NON_CODING|||T),INTRAGENIC(MODIFIER|||||trol-PAP||NON_CODING|||T),INTRAGENIC(MODIFIER|||||trol-PAQ||NON_CODING|||T),INTRAGENIC(MODIFIER|||||trol-PAR||NON_CODING|||T),INTRAGENIC(MODIFIER|||||trol-PAS||NON_CODING|||T),INTRAGENIC(MODIFIER|||||trol-PAT||NON_CODING|||T),INTRAGENIC(MODIFIER|||||trol-PAU||NON_CODING|||T),INTRAGENIC(MODIFIER|||||trol-PAV||NON_CODING|||T),INTRAGENIC(MODIFIER|||||trol-PAW||NON_CODING|||T),INTRAGENIC(MODIFIER|||||trol-PAY||NON_CODING|||T),INTRAGENIC(MODIFIER|||||trol-PAZ||NON_CODING|||T),INTRAGENIC(MODIFIER|||||trol-PBA||NON_CODING|||T),INTRAGENIC(MODIFIER|||||trol-PBC||NON_CODING|||T),INTRAGENIC(MODIFIER|||||trol-PAG||NON_CODING|||T),INTRAGENIC(MODIFIER|||||trol-PAX||NON_CODING|||T)"	"INTRAGENIC"	"trol-PAK"	FALSE	"INTRAGENIC(MODIFIER|||||trol-PAK||NON_CODING|||T)"
"X_2509888"	"X"	2509888	"C"	"T"	"EFF=INTRON(MODIFIER||||4479|trol|protein_coding|CODING|FBtr0342819|8|T),INTRON(MODIFIER||||4434|trol|protein_coding|CODING|FBtr0342806|7|T),INTRON(MODIFIER||||3887|trol|protein_coding|CODING|FBtr0342814|7|T),INTRON(MODIFIER||||4299|trol|protein_coding|CODING|FBtr0342816|7|T),INTRON(MODIFIER||||3805|trol|protein_coding|CODING|FBtr0342818|7|T),INTRON(MODIFIER||||4451|trol|protein_coding|CODING|FBtr0342820|8|T),INTRON(MODIFIER||||3973|trol|protein_coding|CODING|FBtr0342821|8|T),INTRON(MODIFIER||||4007|trol|protein_coding|CODING|FBtr0342822|8|T),INTRON(MODIFIER||||3833|trol|protein_coding|CODING|FBtr0342824|8|T),INTRON(MODIFIER||||3989|trol|protein_coding|CODING|FBtr0342825|8|T),INTRON(MODIFIER||||4203|trol|protein_coding|CODING|FBtr0342826|7|T),INTRON(MODIFIER||||4176|trol|protein_coding|CODING|FBtr0342810|2|T),INTRON(MODIFIER||||4411|trol|protein_coding|CODING|FBtr0342808|7|T),INTRON(MODIFIER||||3897|trol|protein_coding|CODING|FBtr0342809|7|T),INTRON(MODIFIER||||3728|trol|protein_coding|CODING|FBtr0342811|7|T),INTRON(MODIFIER||||3967|trol|protein_coding|CODING|FBtr0342812|7|T),INTRON(MODIFIER||||3806|trol|protein_coding|CODING|FBtr0342815|7|T),INTRON(MODIFIER||||4150|trol|protein_coding|CODING|FBtr0342817|7|T),INTRON(MODIFIER||||4150|trol|protein_coding|CODING|FBtr0342813|7|T),INTRON(MODIFIER||||3972|trol|protein_coding|CODING|FBtr0479747|7|T),INTRON(MODIFIER||||2853|trol|protein_coding|CODING|FBtr0342823|8|T),INTRON(MODIFIER||||3105|trol|protein_coding|CODING|FBtr0342807|8|T),INTRAGENIC(MODIFIER|||||trol-PAK||NON_CODING|||T),INTRAGENIC(MODIFIER|||||trol-PAF||NON_CODING|||T),INTRAGENIC(MODIFIER|||||trol-PAH||NON_CODING|||T),INTRAGENIC(MODIFIER|||||trol-PAI||NON_CODING|||T),INTRAGENIC(MODIFIER|||||trol-PAL||NON_CODING|||T),INTRAGENIC(MODIFIER|||||trol-PAM||NON_CODING|||T),INTRAGENIC(MODIFIER|||||trol-PAN||NON_CODING|||T),INTRAGENIC(MODIFIER|||||trol-PAO||NON_CODING|||T),INTRAGENIC(MODIFIER|||||trol-PAP||NON_CODING|||T),INTRAGENIC(MODIFIER|||||trol-PAQ||NON_CODING|||T),INTRAGENIC(MODIFIER|||||trol-PAR||NON_CODING|||T),INTRAGENIC(MODIFIER|||||trol-PAS||NON_CODING|||T),INTRAGENIC(MODIFIER|||||trol-PAT||NON_CODING|||T),INTRAGENIC(MODIFIER|||||trol-PAU||NON_CODING|||T),INTRAGENIC(MODIFIER|||||trol-PAV||NON_CODING|||T),INTRAGENIC(MODIFIER|||||trol-PAW||NON_CODING|||T),INTRAGENIC(MODIFIER|||||trol-PAY||NON_CODING|||T),INTRAGENIC(MODIFIER|||||trol-PAZ||NON_CODING|||T),INTRAGENIC(MODIFIER|||||trol-PBA||NON_CODING|||T),INTRAGENIC(MODIFIER|||||trol-PBC||NON_CODING|||T),INTRAGENIC(MODIFIER|||||trol-PAG||NON_CODING|||T),INTRAGENIC(MODIFIER|||||trol-PAX||NON_CODING|||T)"	"INTRAGENIC"	"trol-PAF"	FALSE	"INTRAGENIC(MODIFIER|||||trol-PAF||NON_CODING|||T)"
"X_2509888"	"X"	2509888	"C"	"T"	"EFF=INTRON(MODIFIER||||4479|trol|protein_coding|CODING|FBtr0342819|8|T),INTRON(MODIFIER||||4434|trol|protein_coding|CODING|FBtr0342806|7|T),INTRON(MODIFIER||||3887|trol|protein_coding|CODING|FBtr0342814|7|T),INTRON(MODIFIER||||4299|trol|protein_coding|CODING|FBtr0342816|7|T),INTRON(MODIFIER||||3805|trol|protein_coding|CODING|FBtr0342818|7|T),INTRON(MODIFIER||||4451|trol|protein_coding|CODING|FBtr0342820|8|T),INTRON(MODIFIER||||3973|trol|protein_coding|CODING|FBtr0342821|8|T),INTRON(MODIFIER||||4007|trol|protein_coding|CODING|FBtr0342822|8|T),INTRON(MODIFIER||||3833|trol|protein_coding|CODING|FBtr0342824|8|T),INTRON(MODIFIER||||3989|trol|protein_coding|CODING|FBtr0342825|8|T),INTRON(MODIFIER||||4203|trol|protein_coding|CODING|FBtr0342826|7|T),INTRON(MODIFIER||||4176|trol|protein_coding|CODING|FBtr0342810|2|T),INTRON(MODIFIER||||4411|trol|protein_coding|CODING|FBtr0342808|7|T),INTRON(MODIFIER||||3897|trol|protein_coding|CODING|FBtr0342809|7|T),INTRON(MODIFIER||||3728|trol|protein_coding|CODING|FBtr0342811|7|T),INTRON(MODIFIER||||3967|trol|protein_coding|CODING|FBtr0342812|7|T),INTRON(MODIFIER||||3806|trol|protein_coding|CODING|FBtr0342815|7|T),INTRON(MODIFIER||||4150|trol|protein_coding|CODING|FBtr0342817|7|T),INTRON(MODIFIER||||4150|trol|protein_coding|CODING|FBtr0342813|7|T),INTRON(MODIFIER||||3972|trol|protein_coding|CODING|FBtr0479747|7|T),INTRON(MODIFIER||||2853|trol|protein_coding|CODING|FBtr0342823|8|T),INTRON(MODIFIER||||3105|trol|protein_coding|CODING|FBtr0342807|8|T),INTRAGENIC(MODIFIER|||||trol-PAK||NON_CODING|||T),INTRAGENIC(MODIFIER|||||trol-PAF||NON_CODING|||T),INTRAGENIC(MODIFIER|||||trol-PAH||NON_CODING|||T),INTRAGENIC(MODIFIER|||||trol-PAI||NON_CODING|||T),INTRAGENIC(MODIFIER|||||trol-PAL||NON_CODING|||T),INTRAGENIC(MODIFIER|||||trol-PAM||NON_CODING|||T),INTRAGENIC(MODIFIER|||||trol-PAN||NON_CODING|||T),INTRAGENIC(MODIFIER|||||trol-PAO||NON_CODING|||T),INTRAGENIC(MODIFIER|||||trol-PAP||NON_CODING|||T),INTRAGENIC(MODIFIER|||||trol-PAQ||NON_CODING|||T),INTRAGENIC(MODIFIER|||||trol-PAR||NON_CODING|||T),INTRAGENIC(MODIFIER|||||trol-PAS||NON_CODING|||T),INTRAGENIC(MODIFIER|||||trol-PAT||NON_CODING|||T),INTRAGENIC(MODIFIER|||||trol-PAU||NON_CODING|||T),INTRAGENIC(MODIFIER|||||trol-PAV||NON_CODING|||T),INTRAGENIC(MODIFIER|||||trol-PAW||NON_CODING|||T),INTRAGENIC(MODIFIER|||||trol-PAY||NON_CODING|||T),INTRAGENIC(MODIFIER|||||trol-PAZ||NON_CODING|||T),INTRAGENIC(MODIFIER|||||trol-PBA||NON_CODING|||T),INTRAGENIC(MODIFIER|||||trol-PBC||NON_CODING|||T),INTRAGENIC(MODIFIER|||||trol-PAG||NON_CODING|||T),INTRAGENIC(MODIFIER|||||trol-PAX||NON_CODING|||T)"	"INTRAGENIC"	"trol-PAH"	FALSE	"INTRAGENIC(MODIFIER|||||trol-PAH||NON_CODING|||T)"
"X_2509888"	"X"	2509888	"C"	"T"	"EFF=INTRON(MODIFIER||||4479|trol|protein_coding|CODING|FBtr0342819|8|T),INTRON(MODIFIER||||4434|trol|protein_coding|CODING|FBtr0342806|7|T),INTRON(MODIFIER||||3887|trol|protein_coding|CODING|FBtr0342814|7|T),INTRON(MODIFIER||||4299|trol|protein_coding|CODING|FBtr0342816|7|T),INTRON(MODIFIER||||3805|trol|protein_coding|CODING|FBtr0342818|7|T),INTRON(MODIFIER||||4451|trol|protein_coding|CODING|FBtr0342820|8|T),INTRON(MODIFIER||||3973|trol|protein_coding|CODING|FBtr0342821|8|T),INTRON(MODIFIER||||4007|trol|protein_coding|CODING|FBtr0342822|8|T),INTRON(MODIFIER||||3833|trol|protein_coding|CODING|FBtr0342824|8|T),INTRON(MODIFIER||||3989|trol|protein_coding|CODING|FBtr0342825|8|T),INTRON(MODIFIER||||4203|trol|protein_coding|CODING|FBtr0342826|7|T),INTRON(MODIFIER||||4176|trol|protein_coding|CODING|FBtr0342810|2|T),INTRON(MODIFIER||||4411|trol|protein_coding|CODING|FBtr0342808|7|T),INTRON(MODIFIER||||3897|trol|protein_coding|CODING|FBtr0342809|7|T),INTRON(MODIFIER||||3728|trol|protein_coding|CODING|FBtr0342811|7|T),INTRON(MODIFIER||||3967|trol|protein_coding|CODING|FBtr0342812|7|T),INTRON(MODIFIER||||3806|trol|protein_coding|CODING|FBtr0342815|7|T),INTRON(MODIFIER||||4150|trol|protein_coding|CODING|FBtr0342817|7|T),INTRON(MODIFIER||||4150|trol|protein_coding|CODING|FBtr0342813|7|T),INTRON(MODIFIER||||3972|trol|protein_coding|CODING|FBtr0479747|7|T),INTRON(MODIFIER||||2853|trol|protein_coding|CODING|FBtr0342823|8|T),INTRON(MODIFIER||||3105|trol|protein_coding|CODING|FBtr0342807|8|T),INTRAGENIC(MODIFIER|||||trol-PAK||NON_CODING|||T),INTRAGENIC(MODIFIER|||||trol-PAF||NON_CODING|||T),INTRAGENIC(MODIFIER|||||trol-PAH||NON_CODING|||T),INTRAGENIC(MODIFIER|||||trol-PAI||NON_CODING|||T),INTRAGENIC(MODIFIER|||||trol-PAL||NON_CODING|||T),INTRAGENIC(MODIFIER|||||trol-PAM||NON_CODING|||T),INTRAGENIC(MODIFIER|||||trol-PAN||NON_CODING|||T),INTRAGENIC(MODIFIER|||||trol-PAO||NON_CODING|||T),INTRAGENIC(MODIFIER|||||trol-PAP||NON_CODING|||T),INTRAGENIC(MODIFIER|||||trol-PAQ||NON_CODING|||T),INTRAGENIC(MODIFIER|||||trol-PAR||NON_CODING|||T),INTRAGENIC(MODIFIER|||||trol-PAS||NON_CODING|||T),INTRAGENIC(MODIFIER|||||trol-PAT||NON_CODING|||T),INTRAGENIC(MODIFIER|||||trol-PAU||NON_CODING|||T),INTRAGENIC(MODIFIER|||||trol-PAV||NON_CODING|||T),INTRAGENIC(MODIFIER|||||trol-PAW||NON_CODING|||T),INTRAGENIC(MODIFIER|||||trol-PAY||NON_CODING|||T),INTRAGENIC(MODIFIER|||||trol-PAZ||NON_CODING|||T),INTRAGENIC(MODIFIER|||||trol-PBA||NON_CODING|||T),INTRAGENIC(MODIFIER|||||trol-PBC||NON_CODING|||T),INTRAGENIC(MODIFIER|||||trol-PAG||NON_CODING|||T),INTRAGENIC(MODIFIER|||||trol-PAX||NON_CODING|||T)"	"INTRAGENIC"	"trol-PAI"	FALSE	"INTRAGENIC(MODIFIER|||||trol-PAI||NON_CODING|||T)"
"X_2509888"	"X"	2509888	"C"	"T"	"EFF=INTRON(MODIFIER||||4479|trol|protein_coding|CODING|FBtr0342819|8|T),INTRON(MODIFIER||||4434|trol|protein_coding|CODING|FBtr0342806|7|T),INTRON(MODIFIER||||3887|trol|protein_coding|CODING|FBtr0342814|7|T),INTRON(MODIFIER||||4299|trol|protein_coding|CODING|FBtr0342816|7|T),INTRON(MODIFIER||||3805|trol|protein_coding|CODING|FBtr0342818|7|T),INTRON(MODIFIER||||4451|trol|protein_coding|CODING|FBtr0342820|8|T),INTRON(MODIFIER||||3973|trol|protein_coding|CODING|FBtr0342821|8|T),INTRON(MODIFIER||||4007|trol|protein_coding|CODING|FBtr0342822|8|T),INTRON(MODIFIER||||3833|trol|protein_coding|CODING|FBtr0342824|8|T),INTRON(MODIFIER||||3989|trol|protein_coding|CODING|FBtr0342825|8|T),INTRON(MODIFIER||||4203|trol|protein_coding|CODING|FBtr0342826|7|T),INTRON(MODIFIER||||4176|trol|protein_coding|CODING|FBtr0342810|2|T),INTRON(MODIFIER||||4411|trol|protein_coding|CODING|FBtr0342808|7|T),INTRON(MODIFIER||||3897|trol|protein_coding|CODING|FBtr0342809|7|T),INTRON(MODIFIER||||3728|trol|protein_coding|CODING|FBtr0342811|7|T),INTRON(MODIFIER||||3967|trol|protein_coding|CODING|FBtr0342812|7|T),INTRON(MODIFIER||||3806|trol|protein_coding|CODING|FBtr0342815|7|T),INTRON(MODIFIER||||4150|trol|protein_coding|CODING|FBtr0342817|7|T),INTRON(MODIFIER||||4150|trol|protein_coding|CODING|FBtr0342813|7|T),INTRON(MODIFIER||||3972|trol|protein_coding|CODING|FBtr0479747|7|T),INTRON(MODIFIER||||2853|trol|protein_coding|CODING|FBtr0342823|8|T),INTRON(MODIFIER||||3105|trol|protein_coding|CODING|FBtr0342807|8|T),INTRAGENIC(MODIFIER|||||trol-PAK||NON_CODING|||T),INTRAGENIC(MODIFIER|||||trol-PAF||NON_CODING|||T),INTRAGENIC(MODIFIER|||||trol-PAH||NON_CODING|||T),INTRAGENIC(MODIFIER|||||trol-PAI||NON_CODING|||T),INTRAGENIC(MODIFIER|||||trol-PAL||NON_CODING|||T),INTRAGENIC(MODIFIER|||||trol-PAM||NON_CODING|||T),INTRAGENIC(MODIFIER|||||trol-PAN||NON_CODING|||T),INTRAGENIC(MODIFIER|||||trol-PAO||NON_CODING|||T),INTRAGENIC(MODIFIER|||||trol-PAP||NON_CODING|||T),INTRAGENIC(MODIFIER|||||trol-PAQ||NON_CODING|||T),INTRAGENIC(MODIFIER|||||trol-PAR||NON_CODING|||T),INTRAGENIC(MODIFIER|||||trol-PAS||NON_CODING|||T),INTRAGENIC(MODIFIER|||||trol-PAT||NON_CODING|||T),INTRAGENIC(MODIFIER|||||trol-PAU||NON_CODING|||T),INTRAGENIC(MODIFIER|||||trol-PAV||NON_CODING|||T),INTRAGENIC(MODIFIER|||||trol-PAW||NON_CODING|||T),INTRAGENIC(MODIFIER|||||trol-PAY||NON_CODING|||T),INTRAGENIC(MODIFIER|||||trol-PAZ||NON_CODING|||T),INTRAGENIC(MODIFIER|||||trol-PBA||NON_CODING|||T),INTRAGENIC(MODIFIER|||||trol-PBC||NON_CODING|||T),INTRAGENIC(MODIFIER|||||trol-PAG||NON_CODING|||T),INTRAGENIC(MODIFIER|||||trol-PAX||NON_CODING|||T)"	"INTRAGENIC"	"trol-PAL"	FALSE	"INTRAGENIC(MODIFIER|||||trol-PAL||NON_CODING|||T)"
"X_2509888"	"X"	2509888	"C"	"T"	"EFF=INTRON(MODIFIER||||4479|trol|protein_coding|CODING|FBtr0342819|8|T),INTRON(MODIFIER||||4434|trol|protein_coding|CODING|FBtr0342806|7|T),INTRON(MODIFIER||||3887|trol|protein_coding|CODING|FBtr0342814|7|T),INTRON(MODIFIER||||4299|trol|protein_coding|CODING|FBtr0342816|7|T),INTRON(MODIFIER||||3805|trol|protein_coding|CODING|FBtr0342818|7|T),INTRON(MODIFIER||||4451|trol|protein_coding|CODING|FBtr0342820|8|T),INTRON(MODIFIER||||3973|trol|protein_coding|CODING|FBtr0342821|8|T),INTRON(MODIFIER||||4007|trol|protein_coding|CODING|FBtr0342822|8|T),INTRON(MODIFIER||||3833|trol|protein_coding|CODING|FBtr0342824|8|T),INTRON(MODIFIER||||3989|trol|protein_coding|CODING|FBtr0342825|8|T),INTRON(MODIFIER||||4203|trol|protein_coding|CODING|FBtr0342826|7|T),INTRON(MODIFIER||||4176|trol|protein_coding|CODING|FBtr0342810|2|T),INTRON(MODIFIER||||4411|trol|protein_coding|CODING|FBtr0342808|7|T),INTRON(MODIFIER||||3897|trol|protein_coding|CODING|FBtr0342809|7|T),INTRON(MODIFIER||||3728|trol|protein_coding|CODING|FBtr0342811|7|T),INTRON(MODIFIER||||3967|trol|protein_coding|CODING|FBtr0342812|7|T),INTRON(MODIFIER||||3806|trol|protein_coding|CODING|FBtr0342815|7|T),INTRON(MODIFIER||||4150|trol|protein_coding|CODING|FBtr0342817|7|T),INTRON(MODIFIER||||4150|trol|protein_coding|CODING|FBtr0342813|7|T),INTRON(MODIFIER||||3972|trol|protein_coding|CODING|FBtr0479747|7|T),INTRON(MODIFIER||||2853|trol|protein_coding|CODING|FBtr0342823|8|T),INTRON(MODIFIER||||3105|trol|protein_coding|CODING|FBtr0342807|8|T),INTRAGENIC(MODIFIER|||||trol-PAK||NON_CODING|||T),INTRAGENIC(MODIFIER|||||trol-PAF||NON_CODING|||T),INTRAGENIC(MODIFIER|||||trol-PAH||NON_CODING|||T),INTRAGENIC(MODIFIER|||||trol-PAI||NON_CODING|||T),INTRAGENIC(MODIFIER|||||trol-PAL||NON_CODING|||T),INTRAGENIC(MODIFIER|||||trol-PAM||NON_CODING|||T),INTRAGENIC(MODIFIER|||||trol-PAN||NON_CODING|||T),INTRAGENIC(MODIFIER|||||trol-PAO||NON_CODING|||T),INTRAGENIC(MODIFIER|||||trol-PAP||NON_CODING|||T),INTRAGENIC(MODIFIER|||||trol-PAQ||NON_CODING|||T),INTRAGENIC(MODIFIER|||||trol-PAR||NON_CODING|||T),INTRAGENIC(MODIFIER|||||trol-PAS||NON_CODING|||T),INTRAGENIC(MODIFIER|||||trol-PAT||NON_CODING|||T),INTRAGENIC(MODIFIER|||||trol-PAU||NON_CODING|||T),INTRAGENIC(MODIFIER|||||trol-PAV||NON_CODING|||T),INTRAGENIC(MODIFIER|||||trol-PAW||NON_CODING|||T),INTRAGENIC(MODIFIER|||||trol-PAY||NON_CODING|||T),INTRAGENIC(MODIFIER|||||trol-PAZ||NON_CODING|||T),INTRAGENIC(MODIFIER|||||trol-PBA||NON_CODING|||T),INTRAGENIC(MODIFIER|||||trol-PBC||NON_CODING|||T),INTRAGENIC(MODIFIER|||||trol-PAG||NON_CODING|||T),INTRAGENIC(MODIFIER|||||trol-PAX||NON_CODING|||T)"	"INTRAGENIC"	"trol-PAM"	FALSE	"INTRAGENIC(MODIFIER|||||trol-PAM||NON_CODING|||T)"
"X_2509888"	"X"	2509888	"C"	"T"	"EFF=INTRON(MODIFIER||||4479|trol|protein_coding|CODING|FBtr0342819|8|T),INTRON(MODIFIER||||4434|trol|protein_coding|CODING|FBtr0342806|7|T),INTRON(MODIFIER||||3887|trol|protein_coding|CODING|FBtr0342814|7|T),INTRON(MODIFIER||||4299|trol|protein_coding|CODING|FBtr0342816|7|T),INTRON(MODIFIER||||3805|trol|protein_coding|CODING|FBtr0342818|7|T),INTRON(MODIFIER||||4451|trol|protein_coding|CODING|FBtr0342820|8|T),INTRON(MODIFIER||||3973|trol|protein_coding|CODING|FBtr0342821|8|T),INTRON(MODIFIER||||4007|trol|protein_coding|CODING|FBtr0342822|8|T),INTRON(MODIFIER||||3833|trol|protein_coding|CODING|FBtr0342824|8|T),INTRON(MODIFIER||||3989|trol|protein_coding|CODING|FBtr0342825|8|T),INTRON(MODIFIER||||4203|trol|protein_coding|CODING|FBtr0342826|7|T),INTRON(MODIFIER||||4176|trol|protein_coding|CODING|FBtr0342810|2|T),INTRON(MODIFIER||||4411|trol|protein_coding|CODING|FBtr0342808|7|T),INTRON(MODIFIER||||3897|trol|protein_coding|CODING|FBtr0342809|7|T),INTRON(MODIFIER||||3728|trol|protein_coding|CODING|FBtr0342811|7|T),INTRON(MODIFIER||||3967|trol|protein_coding|CODING|FBtr0342812|7|T),INTRON(MODIFIER||||3806|trol|protein_coding|CODING|FBtr0342815|7|T),INTRON(MODIFIER||||4150|trol|protein_coding|CODING|FBtr0342817|7|T),INTRON(MODIFIER||||4150|trol|protein_coding|CODING|FBtr0342813|7|T),INTRON(MODIFIER||||3972|trol|protein_coding|CODING|FBtr0479747|7|T),INTRON(MODIFIER||||2853|trol|protein_coding|CODING|FBtr0342823|8|T),INTRON(MODIFIER||||3105|trol|protein_coding|CODING|FBtr0342807|8|T),INTRAGENIC(MODIFIER|||||trol-PAK||NON_CODING|||T),INTRAGENIC(MODIFIER|||||trol-PAF||NON_CODING|||T),INTRAGENIC(MODIFIER|||||trol-PAH||NON_CODING|||T),INTRAGENIC(MODIFIER|||||trol-PAI||NON_CODING|||T),INTRAGENIC(MODIFIER|||||trol-PAL||NON_CODING|||T),INTRAGENIC(MODIFIER|||||trol-PAM||NON_CODING|||T),INTRAGENIC(MODIFIER|||||trol-PAN||NON_CODING|||T),INTRAGENIC(MODIFIER|||||trol-PAO||NON_CODING|||T),INTRAGENIC(MODIFIER|||||trol-PAP||NON_CODING|||T),INTRAGENIC(MODIFIER|||||trol-PAQ||NON_CODING|||T),INTRAGENIC(MODIFIER|||||trol-PAR||NON_CODING|||T),INTRAGENIC(MODIFIER|||||trol-PAS||NON_CODING|||T),INTRAGENIC(MODIFIER|||||trol-PAT||NON_CODING|||T),INTRAGENIC(MODIFIER|||||trol-PAU||NON_CODING|||T),INTRAGENIC(MODIFIER|||||trol-PAV||NON_CODING|||T),INTRAGENIC(MODIFIER|||||trol-PAW||NON_CODING|||T),INTRAGENIC(MODIFIER|||||trol-PAY||NON_CODING|||T),INTRAGENIC(MODIFIER|||||trol-PAZ||NON_CODING|||T),INTRAGENIC(MODIFIER|||||trol-PBA||NON_CODING|||T),INTRAGENIC(MODIFIER|||||trol-PBC||NON_CODING|||T),INTRAGENIC(MODIFIER|||||trol-PAG||NON_CODING|||T),INTRAGENIC(MODIFIER|||||trol-PAX||NON_CODING|||T)"	"INTRAGENIC"	"trol-PAN"	FALSE	"INTRAGENIC(MODIFIER|||||trol-PAN||NON_CODING|||T)"
"X_2509888"	"X"	2509888	"C"	"T"	"EFF=INTRON(MODIFIER||||4479|trol|protein_coding|CODING|FBtr0342819|8|T),INTRON(MODIFIER||||4434|trol|protein_coding|CODING|FBtr0342806|7|T),INTRON(MODIFIER||||3887|trol|protein_coding|CODING|FBtr0342814|7|T),INTRON(MODIFIER||||4299|trol|protein_coding|CODING|FBtr0342816|7|T),INTRON(MODIFIER||||3805|trol|protein_coding|CODING|FBtr0342818|7|T),INTRON(MODIFIER||||4451|trol|protein_coding|CODING|FBtr0342820|8|T),INTRON(MODIFIER||||3973|trol|protein_coding|CODING|FBtr0342821|8|T),INTRON(MODIFIER||||4007|trol|protein_coding|CODING|FBtr0342822|8|T),INTRON(MODIFIER||||3833|trol|protein_coding|CODING|FBtr0342824|8|T),INTRON(MODIFIER||||3989|trol|protein_coding|CODING|FBtr0342825|8|T),INTRON(MODIFIER||||4203|trol|protein_coding|CODING|FBtr0342826|7|T),INTRON(MODIFIER||||4176|trol|protein_coding|CODING|FBtr0342810|2|T),INTRON(MODIFIER||||4411|trol|protein_coding|CODING|FBtr0342808|7|T),INTRON(MODIFIER||||3897|trol|protein_coding|CODING|FBtr0342809|7|T),INTRON(MODIFIER||||3728|trol|protein_coding|CODING|FBtr0342811|7|T),INTRON(MODIFIER||||3967|trol|protein_coding|CODING|FBtr0342812|7|T),INTRON(MODIFIER||||3806|trol|protein_coding|CODING|FBtr0342815|7|T),INTRON(MODIFIER||||4150|trol|protein_coding|CODING|FBtr0342817|7|T),INTRON(MODIFIER||||4150|trol|protein_coding|CODING|FBtr0342813|7|T),INTRON(MODIFIER||||3972|trol|protein_coding|CODING|FBtr0479747|7|T),INTRON(MODIFIER||||2853|trol|protein_coding|CODING|FBtr0342823|8|T),INTRON(MODIFIER||||3105|trol|protein_coding|CODING|FBtr0342807|8|T),INTRAGENIC(MODIFIER|||||trol-PAK||NON_CODING|||T),INTRAGENIC(MODIFIER|||||trol-PAF||NON_CODING|||T),INTRAGENIC(MODIFIER|||||trol-PAH||NON_CODING|||T),INTRAGENIC(MODIFIER|||||trol-PAI||NON_CODING|||T),INTRAGENIC(MODIFIER|||||trol-PAL||NON_CODING|||T),INTRAGENIC(MODIFIER|||||trol-PAM||NON_CODING|||T),INTRAGENIC(MODIFIER|||||trol-PAN||NON_CODING|||T),INTRAGENIC(MODIFIER|||||trol-PAO||NON_CODING|||T),INTRAGENIC(MODIFIER|||||trol-PAP||NON_CODING|||T),INTRAGENIC(MODIFIER|||||trol-PAQ||NON_CODING|||T),INTRAGENIC(MODIFIER|||||trol-PAR||NON_CODING|||T),INTRAGENIC(MODIFIER|||||trol-PAS||NON_CODING|||T),INTRAGENIC(MODIFIER|||||trol-PAT||NON_CODING|||T),INTRAGENIC(MODIFIER|||||trol-PAU||NON_CODING|||T),INTRAGENIC(MODIFIER|||||trol-PAV||NON_CODING|||T),INTRAGENIC(MODIFIER|||||trol-PAW||NON_CODING|||T),INTRAGENIC(MODIFIER|||||trol-PAY||NON_CODING|||T),INTRAGENIC(MODIFIER|||||trol-PAZ||NON_CODING|||T),INTRAGENIC(MODIFIER|||||trol-PBA||NON_CODING|||T),INTRAGENIC(MODIFIER|||||trol-PBC||NON_CODING|||T),INTRAGENIC(MODIFIER|||||trol-PAG||NON_CODING|||T),INTRAGENIC(MODIFIER|||||trol-PAX||NON_CODING|||T)"	"INTRAGENIC"	"trol-PAO"	FALSE	"INTRAGENIC(MODIFIER|||||trol-PAO||NON_CODING|||T)"
"X_2509888"	"X"	2509888	"C"	"T"	"EFF=INTRON(MODIFIER||||4479|trol|protein_coding|CODING|FBtr0342819|8|T),INTRON(MODIFIER||||4434|trol|protein_coding|CODING|FBtr0342806|7|T),INTRON(MODIFIER||||3887|trol|protein_coding|CODING|FBtr0342814|7|T),INTRON(MODIFIER||||4299|trol|protein_coding|CODING|FBtr0342816|7|T),INTRON(MODIFIER||||3805|trol|protein_coding|CODING|FBtr0342818|7|T),INTRON(MODIFIER||||4451|trol|protein_coding|CODING|FBtr0342820|8|T),INTRON(MODIFIER||||3973|trol|protein_coding|CODING|FBtr0342821|8|T),INTRON(MODIFIER||||4007|trol|protein_coding|CODING|FBtr0342822|8|T),INTRON(MODIFIER||||3833|trol|protein_coding|CODING|FBtr0342824|8|T),INTRON(MODIFIER||||3989|trol|protein_coding|CODING|FBtr0342825|8|T),INTRON(MODIFIER||||4203|trol|protein_coding|CODING|FBtr0342826|7|T),INTRON(MODIFIER||||4176|trol|protein_coding|CODING|FBtr0342810|2|T),INTRON(MODIFIER||||4411|trol|protein_coding|CODING|FBtr0342808|7|T),INTRON(MODIFIER||||3897|trol|protein_coding|CODING|FBtr0342809|7|T),INTRON(MODIFIER||||3728|trol|protein_coding|CODING|FBtr0342811|7|T),INTRON(MODIFIER||||3967|trol|protein_coding|CODING|FBtr0342812|7|T),INTRON(MODIFIER||||3806|trol|protein_coding|CODING|FBtr0342815|7|T),INTRON(MODIFIER||||4150|trol|protein_coding|CODING|FBtr0342817|7|T),INTRON(MODIFIER||||4150|trol|protein_coding|CODING|FBtr0342813|7|T),INTRON(MODIFIER||||3972|trol|protein_coding|CODING|FBtr0479747|7|T),INTRON(MODIFIER||||2853|trol|protein_coding|CODING|FBtr0342823|8|T),INTRON(MODIFIER||||3105|trol|protein_coding|CODING|FBtr0342807|8|T),INTRAGENIC(MODIFIER|||||trol-PAK||NON_CODING|||T),INTRAGENIC(MODIFIER|||||trol-PAF||NON_CODING|||T),INTRAGENIC(MODIFIER|||||trol-PAH||NON_CODING|||T),INTRAGENIC(MODIFIER|||||trol-PAI||NON_CODING|||T),INTRAGENIC(MODIFIER|||||trol-PAL||NON_CODING|||T),INTRAGENIC(MODIFIER|||||trol-PAM||NON_CODING|||T),INTRAGENIC(MODIFIER|||||trol-PAN||NON_CODING|||T),INTRAGENIC(MODIFIER|||||trol-PAO||NON_CODING|||T),INTRAGENIC(MODIFIER|||||trol-PAP||NON_CODING|||T),INTRAGENIC(MODIFIER|||||trol-PAQ||NON_CODING|||T),INTRAGENIC(MODIFIER|||||trol-PAR||NON_CODING|||T),INTRAGENIC(MODIFIER|||||trol-PAS||NON_CODING|||T),INTRAGENIC(MODIFIER|||||trol-PAT||NON_CODING|||T),INTRAGENIC(MODIFIER|||||trol-PAU||NON_CODING|||T),INTRAGENIC(MODIFIER|||||trol-PAV||NON_CODING|||T),INTRAGENIC(MODIFIER|||||trol-PAW||NON_CODING|||T),INTRAGENIC(MODIFIER|||||trol-PAY||NON_CODING|||T),INTRAGENIC(MODIFIER|||||trol-PAZ||NON_CODING|||T),INTRAGENIC(MODIFIER|||||trol-PBA||NON_CODING|||T),INTRAGENIC(MODIFIER|||||trol-PBC||NON_CODING|||T),INTRAGENIC(MODIFIER|||||trol-PAG||NON_CODING|||T),INTRAGENIC(MODIFIER|||||trol-PAX||NON_CODING|||T)"	"INTRAGENIC"	"trol-PAP"	FALSE	"INTRAGENIC(MODIFIER|||||trol-PAP||NON_CODING|||T)"
"X_2509888"	"X"	2509888	"C"	"T"	"EFF=INTRON(MODIFIER||||4479|trol|protein_coding|CODING|FBtr0342819|8|T),INTRON(MODIFIER||||4434|trol|protein_coding|CODING|FBtr0342806|7|T),INTRON(MODIFIER||||3887|trol|protein_coding|CODING|FBtr0342814|7|T),INTRON(MODIFIER||||4299|trol|protein_coding|CODING|FBtr0342816|7|T),INTRON(MODIFIER||||3805|trol|protein_coding|CODING|FBtr0342818|7|T),INTRON(MODIFIER||||4451|trol|protein_coding|CODING|FBtr0342820|8|T),INTRON(MODIFIER||||3973|trol|protein_coding|CODING|FBtr0342821|8|T),INTRON(MODIFIER||||4007|trol|protein_coding|CODING|FBtr0342822|8|T),INTRON(MODIFIER||||3833|trol|protein_coding|CODING|FBtr0342824|8|T),INTRON(MODIFIER||||3989|trol|protein_coding|CODING|FBtr0342825|8|T),INTRON(MODIFIER||||4203|trol|protein_coding|CODING|FBtr0342826|7|T),INTRON(MODIFIER||||4176|trol|protein_coding|CODING|FBtr0342810|2|T),INTRON(MODIFIER||||4411|trol|protein_coding|CODING|FBtr0342808|7|T),INTRON(MODIFIER||||3897|trol|protein_coding|CODING|FBtr0342809|7|T),INTRON(MODIFIER||||3728|trol|protein_coding|CODING|FBtr0342811|7|T),INTRON(MODIFIER||||3967|trol|protein_coding|CODING|FBtr0342812|7|T),INTRON(MODIFIER||||3806|trol|protein_coding|CODING|FBtr0342815|7|T),INTRON(MODIFIER||||4150|trol|protein_coding|CODING|FBtr0342817|7|T),INTRON(MODIFIER||||4150|trol|protein_coding|CODING|FBtr0342813|7|T),INTRON(MODIFIER||||3972|trol|protein_coding|CODING|FBtr0479747|7|T),INTRON(MODIFIER||||2853|trol|protein_coding|CODING|FBtr0342823|8|T),INTRON(MODIFIER||||3105|trol|protein_coding|CODING|FBtr0342807|8|T),INTRAGENIC(MODIFIER|||||trol-PAK||NON_CODING|||T),INTRAGENIC(MODIFIER|||||trol-PAF||NON_CODING|||T),INTRAGENIC(MODIFIER|||||trol-PAH||NON_CODING|||T),INTRAGENIC(MODIFIER|||||trol-PAI||NON_CODING|||T),INTRAGENIC(MODIFIER|||||trol-PAL||NON_CODING|||T),INTRAGENIC(MODIFIER|||||trol-PAM||NON_CODING|||T),INTRAGENIC(MODIFIER|||||trol-PAN||NON_CODING|||T),INTRAGENIC(MODIFIER|||||trol-PAO||NON_CODING|||T),INTRAGENIC(MODIFIER|||||trol-PAP||NON_CODING|||T),INTRAGENIC(MODIFIER|||||trol-PAQ||NON_CODING|||T),INTRAGENIC(MODIFIER|||||trol-PAR||NON_CODING|||T),INTRAGENIC(MODIFIER|||||trol-PAS||NON_CODING|||T),INTRAGENIC(MODIFIER|||||trol-PAT||NON_CODING|||T),INTRAGENIC(MODIFIER|||||trol-PAU||NON_CODING|||T),INTRAGENIC(MODIFIER|||||trol-PAV||NON_CODING|||T),INTRAGENIC(MODIFIER|||||trol-PAW||NON_CODING|||T),INTRAGENIC(MODIFIER|||||trol-PAY||NON_CODING|||T),INTRAGENIC(MODIFIER|||||trol-PAZ||NON_CODING|||T),INTRAGENIC(MODIFIER|||||trol-PBA||NON_CODING|||T),INTRAGENIC(MODIFIER|||||trol-PBC||NON_CODING|||T),INTRAGENIC(MODIFIER|||||trol-PAG||NON_CODING|||T),INTRAGENIC(MODIFIER|||||trol-PAX||NON_CODING|||T)"	"INTRAGENIC"	"trol-PAQ"	FALSE	"INTRAGENIC(MODIFIER|||||trol-PAQ||NON_CODING|||T)"
"X_2509888"	"X"	2509888	"C"	"T"	"EFF=INTRON(MODIFIER||||4479|trol|protein_coding|CODING|FBtr0342819|8|T),INTRON(MODIFIER||||4434|trol|protein_coding|CODING|FBtr0342806|7|T),INTRON(MODIFIER||||3887|trol|protein_coding|CODING|FBtr0342814|7|T),INTRON(MODIFIER||||4299|trol|protein_coding|CODING|FBtr0342816|7|T),INTRON(MODIFIER||||3805|trol|protein_coding|CODING|FBtr0342818|7|T),INTRON(MODIFIER||||4451|trol|protein_coding|CODING|FBtr0342820|8|T),INTRON(MODIFIER||||3973|trol|protein_coding|CODING|FBtr0342821|8|T),INTRON(MODIFIER||||4007|trol|protein_coding|CODING|FBtr0342822|8|T),INTRON(MODIFIER||||3833|trol|protein_coding|CODING|FBtr0342824|8|T),INTRON(MODIFIER||||3989|trol|protein_coding|CODING|FBtr0342825|8|T),INTRON(MODIFIER||||4203|trol|protein_coding|CODING|FBtr0342826|7|T),INTRON(MODIFIER||||4176|trol|protein_coding|CODING|FBtr0342810|2|T),INTRON(MODIFIER||||4411|trol|protein_coding|CODING|FBtr0342808|7|T),INTRON(MODIFIER||||3897|trol|protein_coding|CODING|FBtr0342809|7|T),INTRON(MODIFIER||||3728|trol|protein_coding|CODING|FBtr0342811|7|T),INTRON(MODIFIER||||3967|trol|protein_coding|CODING|FBtr0342812|7|T),INTRON(MODIFIER||||3806|trol|protein_coding|CODING|FBtr0342815|7|T),INTRON(MODIFIER||||4150|trol|protein_coding|CODING|FBtr0342817|7|T),INTRON(MODIFIER||||4150|trol|protein_coding|CODING|FBtr0342813|7|T),INTRON(MODIFIER||||3972|trol|protein_coding|CODING|FBtr0479747|7|T),INTRON(MODIFIER||||2853|trol|protein_coding|CODING|FBtr0342823|8|T),INTRON(MODIFIER||||3105|trol|protein_coding|CODING|FBtr0342807|8|T),INTRAGENIC(MODIFIER|||||trol-PAK||NON_CODING|||T),INTRAGENIC(MODIFIER|||||trol-PAF||NON_CODING|||T),INTRAGENIC(MODIFIER|||||trol-PAH||NON_CODING|||T),INTRAGENIC(MODIFIER|||||trol-PAI||NON_CODING|||T),INTRAGENIC(MODIFIER|||||trol-PAL||NON_CODING|||T),INTRAGENIC(MODIFIER|||||trol-PAM||NON_CODING|||T),INTRAGENIC(MODIFIER|||||trol-PAN||NON_CODING|||T),INTRAGENIC(MODIFIER|||||trol-PAO||NON_CODING|||T),INTRAGENIC(MODIFIER|||||trol-PAP||NON_CODING|||T),INTRAGENIC(MODIFIER|||||trol-PAQ||NON_CODING|||T),INTRAGENIC(MODIFIER|||||trol-PAR||NON_CODING|||T),INTRAGENIC(MODIFIER|||||trol-PAS||NON_CODING|||T),INTRAGENIC(MODIFIER|||||trol-PAT||NON_CODING|||T),INTRAGENIC(MODIFIER|||||trol-PAU||NON_CODING|||T),INTRAGENIC(MODIFIER|||||trol-PAV||NON_CODING|||T),INTRAGENIC(MODIFIER|||||trol-PAW||NON_CODING|||T),INTRAGENIC(MODIFIER|||||trol-PAY||NON_CODING|||T),INTRAGENIC(MODIFIER|||||trol-PAZ||NON_CODING|||T),INTRAGENIC(MODIFIER|||||trol-PBA||NON_CODING|||T),INTRAGENIC(MODIFIER|||||trol-PBC||NON_CODING|||T),INTRAGENIC(MODIFIER|||||trol-PAG||NON_CODING|||T),INTRAGENIC(MODIFIER|||||trol-PAX||NON_CODING|||T)"	"INTRAGENIC"	"trol-PAR"	FALSE	"INTRAGENIC(MODIFIER|||||trol-PAR||NON_CODING|||T)"
"X_2509888"	"X"	2509888	"C"	"T"	"EFF=INTRON(MODIFIER||||4479|trol|protein_coding|CODING|FBtr0342819|8|T),INTRON(MODIFIER||||4434|trol|protein_coding|CODING|FBtr0342806|7|T),INTRON(MODIFIER||||3887|trol|protein_coding|CODING|FBtr0342814|7|T),INTRON(MODIFIER||||4299|trol|protein_coding|CODING|FBtr0342816|7|T),INTRON(MODIFIER||||3805|trol|protein_coding|CODING|FBtr0342818|7|T),INTRON(MODIFIER||||4451|trol|protein_coding|CODING|FBtr0342820|8|T),INTRON(MODIFIER||||3973|trol|protein_coding|CODING|FBtr0342821|8|T),INTRON(MODIFIER||||4007|trol|protein_coding|CODING|FBtr0342822|8|T),INTRON(MODIFIER||||3833|trol|protein_coding|CODING|FBtr0342824|8|T),INTRON(MODIFIER||||3989|trol|protein_coding|CODING|FBtr0342825|8|T),INTRON(MODIFIER||||4203|trol|protein_coding|CODING|FBtr0342826|7|T),INTRON(MODIFIER||||4176|trol|protein_coding|CODING|FBtr0342810|2|T),INTRON(MODIFIER||||4411|trol|protein_coding|CODING|FBtr0342808|7|T),INTRON(MODIFIER||||3897|trol|protein_coding|CODING|FBtr0342809|7|T),INTRON(MODIFIER||||3728|trol|protein_coding|CODING|FBtr0342811|7|T),INTRON(MODIFIER||||3967|trol|protein_coding|CODING|FBtr0342812|7|T),INTRON(MODIFIER||||3806|trol|protein_coding|CODING|FBtr0342815|7|T),INTRON(MODIFIER||||4150|trol|protein_coding|CODING|FBtr0342817|7|T),INTRON(MODIFIER||||4150|trol|protein_coding|CODING|FBtr0342813|7|T),INTRON(MODIFIER||||3972|trol|protein_coding|CODING|FBtr0479747|7|T),INTRON(MODIFIER||||2853|trol|protein_coding|CODING|FBtr0342823|8|T),INTRON(MODIFIER||||3105|trol|protein_coding|CODING|FBtr0342807|8|T),INTRAGENIC(MODIFIER|||||trol-PAK||NON_CODING|||T),INTRAGENIC(MODIFIER|||||trol-PAF||NON_CODING|||T),INTRAGENIC(MODIFIER|||||trol-PAH||NON_CODING|||T),INTRAGENIC(MODIFIER|||||trol-PAI||NON_CODING|||T),INTRAGENIC(MODIFIER|||||trol-PAL||NON_CODING|||T),INTRAGENIC(MODIFIER|||||trol-PAM||NON_CODING|||T),INTRAGENIC(MODIFIER|||||trol-PAN||NON_CODING|||T),INTRAGENIC(MODIFIER|||||trol-PAO||NON_CODING|||T),INTRAGENIC(MODIFIER|||||trol-PAP||NON_CODING|||T),INTRAGENIC(MODIFIER|||||trol-PAQ||NON_CODING|||T),INTRAGENIC(MODIFIER|||||trol-PAR||NON_CODING|||T),INTRAGENIC(MODIFIER|||||trol-PAS||NON_CODING|||T),INTRAGENIC(MODIFIER|||||trol-PAT||NON_CODING|||T),INTRAGENIC(MODIFIER|||||trol-PAU||NON_CODING|||T),INTRAGENIC(MODIFIER|||||trol-PAV||NON_CODING|||T),INTRAGENIC(MODIFIER|||||trol-PAW||NON_CODING|||T),INTRAGENIC(MODIFIER|||||trol-PAY||NON_CODING|||T),INTRAGENIC(MODIFIER|||||trol-PAZ||NON_CODING|||T),INTRAGENIC(MODIFIER|||||trol-PBA||NON_CODING|||T),INTRAGENIC(MODIFIER|||||trol-PBC||NON_CODING|||T),INTRAGENIC(MODIFIER|||||trol-PAG||NON_CODING|||T),INTRAGENIC(MODIFIER|||||trol-PAX||NON_CODING|||T)"	"INTRAGENIC"	"trol-PAS"	FALSE	"INTRAGENIC(MODIFIER|||||trol-PAS||NON_CODING|||T)"
"X_2509888"	"X"	2509888	"C"	"T"	"EFF=INTRON(MODIFIER||||4479|trol|protein_coding|CODING|FBtr0342819|8|T),INTRON(MODIFIER||||4434|trol|protein_coding|CODING|FBtr0342806|7|T),INTRON(MODIFIER||||3887|trol|protein_coding|CODING|FBtr0342814|7|T),INTRON(MODIFIER||||4299|trol|protein_coding|CODING|FBtr0342816|7|T),INTRON(MODIFIER||||3805|trol|protein_coding|CODING|FBtr0342818|7|T),INTRON(MODIFIER||||4451|trol|protein_coding|CODING|FBtr0342820|8|T),INTRON(MODIFIER||||3973|trol|protein_coding|CODING|FBtr0342821|8|T),INTRON(MODIFIER||||4007|trol|protein_coding|CODING|FBtr0342822|8|T),INTRON(MODIFIER||||3833|trol|protein_coding|CODING|FBtr0342824|8|T),INTRON(MODIFIER||||3989|trol|protein_coding|CODING|FBtr0342825|8|T),INTRON(MODIFIER||||4203|trol|protein_coding|CODING|FBtr0342826|7|T),INTRON(MODIFIER||||4176|trol|protein_coding|CODING|FBtr0342810|2|T),INTRON(MODIFIER||||4411|trol|protein_coding|CODING|FBtr0342808|7|T),INTRON(MODIFIER||||3897|trol|protein_coding|CODING|FBtr0342809|7|T),INTRON(MODIFIER||||3728|trol|protein_coding|CODING|FBtr0342811|7|T),INTRON(MODIFIER||||3967|trol|protein_coding|CODING|FBtr0342812|7|T),INTRON(MODIFIER||||3806|trol|protein_coding|CODING|FBtr0342815|7|T),INTRON(MODIFIER||||4150|trol|protein_coding|CODING|FBtr0342817|7|T),INTRON(MODIFIER||||4150|trol|protein_coding|CODING|FBtr0342813|7|T),INTRON(MODIFIER||||3972|trol|protein_coding|CODING|FBtr0479747|7|T),INTRON(MODIFIER||||2853|trol|protein_coding|CODING|FBtr0342823|8|T),INTRON(MODIFIER||||3105|trol|protein_coding|CODING|FBtr0342807|8|T),INTRAGENIC(MODIFIER|||||trol-PAK||NON_CODING|||T),INTRAGENIC(MODIFIER|||||trol-PAF||NON_CODING|||T),INTRAGENIC(MODIFIER|||||trol-PAH||NON_CODING|||T),INTRAGENIC(MODIFIER|||||trol-PAI||NON_CODING|||T),INTRAGENIC(MODIFIER|||||trol-PAL||NON_CODING|||T),INTRAGENIC(MODIFIER|||||trol-PAM||NON_CODING|||T),INTRAGENIC(MODIFIER|||||trol-PAN||NON_CODING|||T),INTRAGENIC(MODIFIER|||||trol-PAO||NON_CODING|||T),INTRAGENIC(MODIFIER|||||trol-PAP||NON_CODING|||T),INTRAGENIC(MODIFIER|||||trol-PAQ||NON_CODING|||T),INTRAGENIC(MODIFIER|||||trol-PAR||NON_CODING|||T),INTRAGENIC(MODIFIER|||||trol-PAS||NON_CODING|||T),INTRAGENIC(MODIFIER|||||trol-PAT||NON_CODING|||T),INTRAGENIC(MODIFIER|||||trol-PAU||NON_CODING|||T),INTRAGENIC(MODIFIER|||||trol-PAV||NON_CODING|||T),INTRAGENIC(MODIFIER|||||trol-PAW||NON_CODING|||T),INTRAGENIC(MODIFIER|||||trol-PAY||NON_CODING|||T),INTRAGENIC(MODIFIER|||||trol-PAZ||NON_CODING|||T),INTRAGENIC(MODIFIER|||||trol-PBA||NON_CODING|||T),INTRAGENIC(MODIFIER|||||trol-PBC||NON_CODING|||T),INTRAGENIC(MODIFIER|||||trol-PAG||NON_CODING|||T),INTRAGENIC(MODIFIER|||||trol-PAX||NON_CODING|||T)"	"INTRAGENIC"	"trol-PAT"	FALSE	"INTRAGENIC(MODIFIER|||||trol-PAT||NON_CODING|||T)"
"X_2509888"	"X"	2509888	"C"	"T"	"EFF=INTRON(MODIFIER||||4479|trol|protein_coding|CODING|FBtr0342819|8|T),INTRON(MODIFIER||||4434|trol|protein_coding|CODING|FBtr0342806|7|T),INTRON(MODIFIER||||3887|trol|protein_coding|CODING|FBtr0342814|7|T),INTRON(MODIFIER||||4299|trol|protein_coding|CODING|FBtr0342816|7|T),INTRON(MODIFIER||||3805|trol|protein_coding|CODING|FBtr0342818|7|T),INTRON(MODIFIER||||4451|trol|protein_coding|CODING|FBtr0342820|8|T),INTRON(MODIFIER||||3973|trol|protein_coding|CODING|FBtr0342821|8|T),INTRON(MODIFIER||||4007|trol|protein_coding|CODING|FBtr0342822|8|T),INTRON(MODIFIER||||3833|trol|protein_coding|CODING|FBtr0342824|8|T),INTRON(MODIFIER||||3989|trol|protein_coding|CODING|FBtr0342825|8|T),INTRON(MODIFIER||||4203|trol|protein_coding|CODING|FBtr0342826|7|T),INTRON(MODIFIER||||4176|trol|protein_coding|CODING|FBtr0342810|2|T),INTRON(MODIFIER||||4411|trol|protein_coding|CODING|FBtr0342808|7|T),INTRON(MODIFIER||||3897|trol|protein_coding|CODING|FBtr0342809|7|T),INTRON(MODIFIER||||3728|trol|protein_coding|CODING|FBtr0342811|7|T),INTRON(MODIFIER||||3967|trol|protein_coding|CODING|FBtr0342812|7|T),INTRON(MODIFIER||||3806|trol|protein_coding|CODING|FBtr0342815|7|T),INTRON(MODIFIER||||4150|trol|protein_coding|CODING|FBtr0342817|7|T),INTRON(MODIFIER||||4150|trol|protein_coding|CODING|FBtr0342813|7|T),INTRON(MODIFIER||||3972|trol|protein_coding|CODING|FBtr0479747|7|T),INTRON(MODIFIER||||2853|trol|protein_coding|CODING|FBtr0342823|8|T),INTRON(MODIFIER||||3105|trol|protein_coding|CODING|FBtr0342807|8|T),INTRAGENIC(MODIFIER|||||trol-PAK||NON_CODING|||T),INTRAGENIC(MODIFIER|||||trol-PAF||NON_CODING|||T),INTRAGENIC(MODIFIER|||||trol-PAH||NON_CODING|||T),INTRAGENIC(MODIFIER|||||trol-PAI||NON_CODING|||T),INTRAGENIC(MODIFIER|||||trol-PAL||NON_CODING|||T),INTRAGENIC(MODIFIER|||||trol-PAM||NON_CODING|||T),INTRAGENIC(MODIFIER|||||trol-PAN||NON_CODING|||T),INTRAGENIC(MODIFIER|||||trol-PAO||NON_CODING|||T),INTRAGENIC(MODIFIER|||||trol-PAP||NON_CODING|||T),INTRAGENIC(MODIFIER|||||trol-PAQ||NON_CODING|||T),INTRAGENIC(MODIFIER|||||trol-PAR||NON_CODING|||T),INTRAGENIC(MODIFIER|||||trol-PAS||NON_CODING|||T),INTRAGENIC(MODIFIER|||||trol-PAT||NON_CODING|||T),INTRAGENIC(MODIFIER|||||trol-PAU||NON_CODING|||T),INTRAGENIC(MODIFIER|||||trol-PAV||NON_CODING|||T),INTRAGENIC(MODIFIER|||||trol-PAW||NON_CODING|||T),INTRAGENIC(MODIFIER|||||trol-PAY||NON_CODING|||T),INTRAGENIC(MODIFIER|||||trol-PAZ||NON_CODING|||T),INTRAGENIC(MODIFIER|||||trol-PBA||NON_CODING|||T),INTRAGENIC(MODIFIER|||||trol-PBC||NON_CODING|||T),INTRAGENIC(MODIFIER|||||trol-PAG||NON_CODING|||T),INTRAGENIC(MODIFIER|||||trol-PAX||NON_CODING|||T)"	"INTRAGENIC"	"trol-PAU"	FALSE	"INTRAGENIC(MODIFIER|||||trol-PAU||NON_CODING|||T)"
"X_2509888"	"X"	2509888	"C"	"T"	"EFF=INTRON(MODIFIER||||4479|trol|protein_coding|CODING|FBtr0342819|8|T),INTRON(MODIFIER||||4434|trol|protein_coding|CODING|FBtr0342806|7|T),INTRON(MODIFIER||||3887|trol|protein_coding|CODING|FBtr0342814|7|T),INTRON(MODIFIER||||4299|trol|protein_coding|CODING|FBtr0342816|7|T),INTRON(MODIFIER||||3805|trol|protein_coding|CODING|FBtr0342818|7|T),INTRON(MODIFIER||||4451|trol|protein_coding|CODING|FBtr0342820|8|T),INTRON(MODIFIER||||3973|trol|protein_coding|CODING|FBtr0342821|8|T),INTRON(MODIFIER||||4007|trol|protein_coding|CODING|FBtr0342822|8|T),INTRON(MODIFIER||||3833|trol|protein_coding|CODING|FBtr0342824|8|T),INTRON(MODIFIER||||3989|trol|protein_coding|CODING|FBtr0342825|8|T),INTRON(MODIFIER||||4203|trol|protein_coding|CODING|FBtr0342826|7|T),INTRON(MODIFIER||||4176|trol|protein_coding|CODING|FBtr0342810|2|T),INTRON(MODIFIER||||4411|trol|protein_coding|CODING|FBtr0342808|7|T),INTRON(MODIFIER||||3897|trol|protein_coding|CODING|FBtr0342809|7|T),INTRON(MODIFIER||||3728|trol|protein_coding|CODING|FBtr0342811|7|T),INTRON(MODIFIER||||3967|trol|protein_coding|CODING|FBtr0342812|7|T),INTRON(MODIFIER||||3806|trol|protein_coding|CODING|FBtr0342815|7|T),INTRON(MODIFIER||||4150|trol|protein_coding|CODING|FBtr0342817|7|T),INTRON(MODIFIER||||4150|trol|protein_coding|CODING|FBtr0342813|7|T),INTRON(MODIFIER||||3972|trol|protein_coding|CODING|FBtr0479747|7|T),INTRON(MODIFIER||||2853|trol|protein_coding|CODING|FBtr0342823|8|T),INTRON(MODIFIER||||3105|trol|protein_coding|CODING|FBtr0342807|8|T),INTRAGENIC(MODIFIER|||||trol-PAK||NON_CODING|||T),INTRAGENIC(MODIFIER|||||trol-PAF||NON_CODING|||T),INTRAGENIC(MODIFIER|||||trol-PAH||NON_CODING|||T),INTRAGENIC(MODIFIER|||||trol-PAI||NON_CODING|||T),INTRAGENIC(MODIFIER|||||trol-PAL||NON_CODING|||T),INTRAGENIC(MODIFIER|||||trol-PAM||NON_CODING|||T),INTRAGENIC(MODIFIER|||||trol-PAN||NON_CODING|||T),INTRAGENIC(MODIFIER|||||trol-PAO||NON_CODING|||T),INTRAGENIC(MODIFIER|||||trol-PAP||NON_CODING|||T),INTRAGENIC(MODIFIER|||||trol-PAQ||NON_CODING|||T),INTRAGENIC(MODIFIER|||||trol-PAR||NON_CODING|||T),INTRAGENIC(MODIFIER|||||trol-PAS||NON_CODING|||T),INTRAGENIC(MODIFIER|||||trol-PAT||NON_CODING|||T),INTRAGENIC(MODIFIER|||||trol-PAU||NON_CODING|||T),INTRAGENIC(MODIFIER|||||trol-PAV||NON_CODING|||T),INTRAGENIC(MODIFIER|||||trol-PAW||NON_CODING|||T),INTRAGENIC(MODIFIER|||||trol-PAY||NON_CODING|||T),INTRAGENIC(MODIFIER|||||trol-PAZ||NON_CODING|||T),INTRAGENIC(MODIFIER|||||trol-PBA||NON_CODING|||T),INTRAGENIC(MODIFIER|||||trol-PBC||NON_CODING|||T),INTRAGENIC(MODIFIER|||||trol-PAG||NON_CODING|||T),INTRAGENIC(MODIFIER|||||trol-PAX||NON_CODING|||T)"	"INTRAGENIC"	"trol-PAV"	FALSE	"INTRAGENIC(MODIFIER|||||trol-PAV||NON_CODING|||T)"
"X_2509888"	"X"	2509888	"C"	"T"	"EFF=INTRON(MODIFIER||||4479|trol|protein_coding|CODING|FBtr0342819|8|T),INTRON(MODIFIER||||4434|trol|protein_coding|CODING|FBtr0342806|7|T),INTRON(MODIFIER||||3887|trol|protein_coding|CODING|FBtr0342814|7|T),INTRON(MODIFIER||||4299|trol|protein_coding|CODING|FBtr0342816|7|T),INTRON(MODIFIER||||3805|trol|protein_coding|CODING|FBtr0342818|7|T),INTRON(MODIFIER||||4451|trol|protein_coding|CODING|FBtr0342820|8|T),INTRON(MODIFIER||||3973|trol|protein_coding|CODING|FBtr0342821|8|T),INTRON(MODIFIER||||4007|trol|protein_coding|CODING|FBtr0342822|8|T),INTRON(MODIFIER||||3833|trol|protein_coding|CODING|FBtr0342824|8|T),INTRON(MODIFIER||||3989|trol|protein_coding|CODING|FBtr0342825|8|T),INTRON(MODIFIER||||4203|trol|protein_coding|CODING|FBtr0342826|7|T),INTRON(MODIFIER||||4176|trol|protein_coding|CODING|FBtr0342810|2|T),INTRON(MODIFIER||||4411|trol|protein_coding|CODING|FBtr0342808|7|T),INTRON(MODIFIER||||3897|trol|protein_coding|CODING|FBtr0342809|7|T),INTRON(MODIFIER||||3728|trol|protein_coding|CODING|FBtr0342811|7|T),INTRON(MODIFIER||||3967|trol|protein_coding|CODING|FBtr0342812|7|T),INTRON(MODIFIER||||3806|trol|protein_coding|CODING|FBtr0342815|7|T),INTRON(MODIFIER||||4150|trol|protein_coding|CODING|FBtr0342817|7|T),INTRON(MODIFIER||||4150|trol|protein_coding|CODING|FBtr0342813|7|T),INTRON(MODIFIER||||3972|trol|protein_coding|CODING|FBtr0479747|7|T),INTRON(MODIFIER||||2853|trol|protein_coding|CODING|FBtr0342823|8|T),INTRON(MODIFIER||||3105|trol|protein_coding|CODING|FBtr0342807|8|T),INTRAGENIC(MODIFIER|||||trol-PAK||NON_CODING|||T),INTRAGENIC(MODIFIER|||||trol-PAF||NON_CODING|||T),INTRAGENIC(MODIFIER|||||trol-PAH||NON_CODING|||T),INTRAGENIC(MODIFIER|||||trol-PAI||NON_CODING|||T),INTRAGENIC(MODIFIER|||||trol-PAL||NON_CODING|||T),INTRAGENIC(MODIFIER|||||trol-PAM||NON_CODING|||T),INTRAGENIC(MODIFIER|||||trol-PAN||NON_CODING|||T),INTRAGENIC(MODIFIER|||||trol-PAO||NON_CODING|||T),INTRAGENIC(MODIFIER|||||trol-PAP||NON_CODING|||T),INTRAGENIC(MODIFIER|||||trol-PAQ||NON_CODING|||T),INTRAGENIC(MODIFIER|||||trol-PAR||NON_CODING|||T),INTRAGENIC(MODIFIER|||||trol-PAS||NON_CODING|||T),INTRAGENIC(MODIFIER|||||trol-PAT||NON_CODING|||T),INTRAGENIC(MODIFIER|||||trol-PAU||NON_CODING|||T),INTRAGENIC(MODIFIER|||||trol-PAV||NON_CODING|||T),INTRAGENIC(MODIFIER|||||trol-PAW||NON_CODING|||T),INTRAGENIC(MODIFIER|||||trol-PAY||NON_CODING|||T),INTRAGENIC(MODIFIER|||||trol-PAZ||NON_CODING|||T),INTRAGENIC(MODIFIER|||||trol-PBA||NON_CODING|||T),INTRAGENIC(MODIFIER|||||trol-PBC||NON_CODING|||T),INTRAGENIC(MODIFIER|||||trol-PAG||NON_CODING|||T),INTRAGENIC(MODIFIER|||||trol-PAX||NON_CODING|||T)"	"INTRAGENIC"	"trol-PAW"	FALSE	"INTRAGENIC(MODIFIER|||||trol-PAW||NON_CODING|||T)"
"X_2509888"	"X"	2509888	"C"	"T"	"EFF=INTRON(MODIFIER||||4479|trol|protein_coding|CODING|FBtr0342819|8|T),INTRON(MODIFIER||||4434|trol|protein_coding|CODING|FBtr0342806|7|T),INTRON(MODIFIER||||3887|trol|protein_coding|CODING|FBtr0342814|7|T),INTRON(MODIFIER||||4299|trol|protein_coding|CODING|FBtr0342816|7|T),INTRON(MODIFIER||||3805|trol|protein_coding|CODING|FBtr0342818|7|T),INTRON(MODIFIER||||4451|trol|protein_coding|CODING|FBtr0342820|8|T),INTRON(MODIFIER||||3973|trol|protein_coding|CODING|FBtr0342821|8|T),INTRON(MODIFIER||||4007|trol|protein_coding|CODING|FBtr0342822|8|T),INTRON(MODIFIER||||3833|trol|protein_coding|CODING|FBtr0342824|8|T),INTRON(MODIFIER||||3989|trol|protein_coding|CODING|FBtr0342825|8|T),INTRON(MODIFIER||||4203|trol|protein_coding|CODING|FBtr0342826|7|T),INTRON(MODIFIER||||4176|trol|protein_coding|CODING|FBtr0342810|2|T),INTRON(MODIFIER||||4411|trol|protein_coding|CODING|FBtr0342808|7|T),INTRON(MODIFIER||||3897|trol|protein_coding|CODING|FBtr0342809|7|T),INTRON(MODIFIER||||3728|trol|protein_coding|CODING|FBtr0342811|7|T),INTRON(MODIFIER||||3967|trol|protein_coding|CODING|FBtr0342812|7|T),INTRON(MODIFIER||||3806|trol|protein_coding|CODING|FBtr0342815|7|T),INTRON(MODIFIER||||4150|trol|protein_coding|CODING|FBtr0342817|7|T),INTRON(MODIFIER||||4150|trol|protein_coding|CODING|FBtr0342813|7|T),INTRON(MODIFIER||||3972|trol|protein_coding|CODING|FBtr0479747|7|T),INTRON(MODIFIER||||2853|trol|protein_coding|CODING|FBtr0342823|8|T),INTRON(MODIFIER||||3105|trol|protein_coding|CODING|FBtr0342807|8|T),INTRAGENIC(MODIFIER|||||trol-PAK||NON_CODING|||T),INTRAGENIC(MODIFIER|||||trol-PAF||NON_CODING|||T),INTRAGENIC(MODIFIER|||||trol-PAH||NON_CODING|||T),INTRAGENIC(MODIFIER|||||trol-PAI||NON_CODING|||T),INTRAGENIC(MODIFIER|||||trol-PAL||NON_CODING|||T),INTRAGENIC(MODIFIER|||||trol-PAM||NON_CODING|||T),INTRAGENIC(MODIFIER|||||trol-PAN||NON_CODING|||T),INTRAGENIC(MODIFIER|||||trol-PAO||NON_CODING|||T),INTRAGENIC(MODIFIER|||||trol-PAP||NON_CODING|||T),INTRAGENIC(MODIFIER|||||trol-PAQ||NON_CODING|||T),INTRAGENIC(MODIFIER|||||trol-PAR||NON_CODING|||T),INTRAGENIC(MODIFIER|||||trol-PAS||NON_CODING|||T),INTRAGENIC(MODIFIER|||||trol-PAT||NON_CODING|||T),INTRAGENIC(MODIFIER|||||trol-PAU||NON_CODING|||T),INTRAGENIC(MODIFIER|||||trol-PAV||NON_CODING|||T),INTRAGENIC(MODIFIER|||||trol-PAW||NON_CODING|||T),INTRAGENIC(MODIFIER|||||trol-PAY||NON_CODING|||T),INTRAGENIC(MODIFIER|||||trol-PAZ||NON_CODING|||T),INTRAGENIC(MODIFIER|||||trol-PBA||NON_CODING|||T),INTRAGENIC(MODIFIER|||||trol-PBC||NON_CODING|||T),INTRAGENIC(MODIFIER|||||trol-PAG||NON_CODING|||T),INTRAGENIC(MODIFIER|||||trol-PAX||NON_CODING|||T)"	"INTRAGENIC"	"trol-PAY"	FALSE	"INTRAGENIC(MODIFIER|||||trol-PAY||NON_CODING|||T)"
"X_2509888"	"X"	2509888	"C"	"T"	"EFF=INTRON(MODIFIER||||4479|trol|protein_coding|CODING|FBtr0342819|8|T),INTRON(MODIFIER||||4434|trol|protein_coding|CODING|FBtr0342806|7|T),INTRON(MODIFIER||||3887|trol|protein_coding|CODING|FBtr0342814|7|T),INTRON(MODIFIER||||4299|trol|protein_coding|CODING|FBtr0342816|7|T),INTRON(MODIFIER||||3805|trol|protein_coding|CODING|FBtr0342818|7|T),INTRON(MODIFIER||||4451|trol|protein_coding|CODING|FBtr0342820|8|T),INTRON(MODIFIER||||3973|trol|protein_coding|CODING|FBtr0342821|8|T),INTRON(MODIFIER||||4007|trol|protein_coding|CODING|FBtr0342822|8|T),INTRON(MODIFIER||||3833|trol|protein_coding|CODING|FBtr0342824|8|T),INTRON(MODIFIER||||3989|trol|protein_coding|CODING|FBtr0342825|8|T),INTRON(MODIFIER||||4203|trol|protein_coding|CODING|FBtr0342826|7|T),INTRON(MODIFIER||||4176|trol|protein_coding|CODING|FBtr0342810|2|T),INTRON(MODIFIER||||4411|trol|protein_coding|CODING|FBtr0342808|7|T),INTRON(MODIFIER||||3897|trol|protein_coding|CODING|FBtr0342809|7|T),INTRON(MODIFIER||||3728|trol|protein_coding|CODING|FBtr0342811|7|T),INTRON(MODIFIER||||3967|trol|protein_coding|CODING|FBtr0342812|7|T),INTRON(MODIFIER||||3806|trol|protein_coding|CODING|FBtr0342815|7|T),INTRON(MODIFIER||||4150|trol|protein_coding|CODING|FBtr0342817|7|T),INTRON(MODIFIER||||4150|trol|protein_coding|CODING|FBtr0342813|7|T),INTRON(MODIFIER||||3972|trol|protein_coding|CODING|FBtr0479747|7|T),INTRON(MODIFIER||||2853|trol|protein_coding|CODING|FBtr0342823|8|T),INTRON(MODIFIER||||3105|trol|protein_coding|CODING|FBtr0342807|8|T),INTRAGENIC(MODIFIER|||||trol-PAK||NON_CODING|||T),INTRAGENIC(MODIFIER|||||trol-PAF||NON_CODING|||T),INTRAGENIC(MODIFIER|||||trol-PAH||NON_CODING|||T),INTRAGENIC(MODIFIER|||||trol-PAI||NON_CODING|||T),INTRAGENIC(MODIFIER|||||trol-PAL||NON_CODING|||T),INTRAGENIC(MODIFIER|||||trol-PAM||NON_CODING|||T),INTRAGENIC(MODIFIER|||||trol-PAN||NON_CODING|||T),INTRAGENIC(MODIFIER|||||trol-PAO||NON_CODING|||T),INTRAGENIC(MODIFIER|||||trol-PAP||NON_CODING|||T),INTRAGENIC(MODIFIER|||||trol-PAQ||NON_CODING|||T),INTRAGENIC(MODIFIER|||||trol-PAR||NON_CODING|||T),INTRAGENIC(MODIFIER|||||trol-PAS||NON_CODING|||T),INTRAGENIC(MODIFIER|||||trol-PAT||NON_CODING|||T),INTRAGENIC(MODIFIER|||||trol-PAU||NON_CODING|||T),INTRAGENIC(MODIFIER|||||trol-PAV||NON_CODING|||T),INTRAGENIC(MODIFIER|||||trol-PAW||NON_CODING|||T),INTRAGENIC(MODIFIER|||||trol-PAY||NON_CODING|||T),INTRAGENIC(MODIFIER|||||trol-PAZ||NON_CODING|||T),INTRAGENIC(MODIFIER|||||trol-PBA||NON_CODING|||T),INTRAGENIC(MODIFIER|||||trol-PBC||NON_CODING|||T),INTRAGENIC(MODIFIER|||||trol-PAG||NON_CODING|||T),INTRAGENIC(MODIFIER|||||trol-PAX||NON_CODING|||T)"	"INTRAGENIC"	"trol-PAZ"	FALSE	"INTRAGENIC(MODIFIER|||||trol-PAZ||NON_CODING|||T)"
"X_2509888"	"X"	2509888	"C"	"T"	"EFF=INTRON(MODIFIER||||4479|trol|protein_coding|CODING|FBtr0342819|8|T),INTRON(MODIFIER||||4434|trol|protein_coding|CODING|FBtr0342806|7|T),INTRON(MODIFIER||||3887|trol|protein_coding|CODING|FBtr0342814|7|T),INTRON(MODIFIER||||4299|trol|protein_coding|CODING|FBtr0342816|7|T),INTRON(MODIFIER||||3805|trol|protein_coding|CODING|FBtr0342818|7|T),INTRON(MODIFIER||||4451|trol|protein_coding|CODING|FBtr0342820|8|T),INTRON(MODIFIER||||3973|trol|protein_coding|CODING|FBtr0342821|8|T),INTRON(MODIFIER||||4007|trol|protein_coding|CODING|FBtr0342822|8|T),INTRON(MODIFIER||||3833|trol|protein_coding|CODING|FBtr0342824|8|T),INTRON(MODIFIER||||3989|trol|protein_coding|CODING|FBtr0342825|8|T),INTRON(MODIFIER||||4203|trol|protein_coding|CODING|FBtr0342826|7|T),INTRON(MODIFIER||||4176|trol|protein_coding|CODING|FBtr0342810|2|T),INTRON(MODIFIER||||4411|trol|protein_coding|CODING|FBtr0342808|7|T),INTRON(MODIFIER||||3897|trol|protein_coding|CODING|FBtr0342809|7|T),INTRON(MODIFIER||||3728|trol|protein_coding|CODING|FBtr0342811|7|T),INTRON(MODIFIER||||3967|trol|protein_coding|CODING|FBtr0342812|7|T),INTRON(MODIFIER||||3806|trol|protein_coding|CODING|FBtr0342815|7|T),INTRON(MODIFIER||||4150|trol|protein_coding|CODING|FBtr0342817|7|T),INTRON(MODIFIER||||4150|trol|protein_coding|CODING|FBtr0342813|7|T),INTRON(MODIFIER||||3972|trol|protein_coding|CODING|FBtr0479747|7|T),INTRON(MODIFIER||||2853|trol|protein_coding|CODING|FBtr0342823|8|T),INTRON(MODIFIER||||3105|trol|protein_coding|CODING|FBtr0342807|8|T),INTRAGENIC(MODIFIER|||||trol-PAK||NON_CODING|||T),INTRAGENIC(MODIFIER|||||trol-PAF||NON_CODING|||T),INTRAGENIC(MODIFIER|||||trol-PAH||NON_CODING|||T),INTRAGENIC(MODIFIER|||||trol-PAI||NON_CODING|||T),INTRAGENIC(MODIFIER|||||trol-PAL||NON_CODING|||T),INTRAGENIC(MODIFIER|||||trol-PAM||NON_CODING|||T),INTRAGENIC(MODIFIER|||||trol-PAN||NON_CODING|||T),INTRAGENIC(MODIFIER|||||trol-PAO||NON_CODING|||T),INTRAGENIC(MODIFIER|||||trol-PAP||NON_CODING|||T),INTRAGENIC(MODIFIER|||||trol-PAQ||NON_CODING|||T),INTRAGENIC(MODIFIER|||||trol-PAR||NON_CODING|||T),INTRAGENIC(MODIFIER|||||trol-PAS||NON_CODING|||T),INTRAGENIC(MODIFIER|||||trol-PAT||NON_CODING|||T),INTRAGENIC(MODIFIER|||||trol-PAU||NON_CODING|||T),INTRAGENIC(MODIFIER|||||trol-PAV||NON_CODING|||T),INTRAGENIC(MODIFIER|||||trol-PAW||NON_CODING|||T),INTRAGENIC(MODIFIER|||||trol-PAY||NON_CODING|||T),INTRAGENIC(MODIFIER|||||trol-PAZ||NON_CODING|||T),INTRAGENIC(MODIFIER|||||trol-PBA||NON_CODING|||T),INTRAGENIC(MODIFIER|||||trol-PBC||NON_CODING|||T),INTRAGENIC(MODIFIER|||||trol-PAG||NON_CODING|||T),INTRAGENIC(MODIFIER|||||trol-PAX||NON_CODING|||T)"	"INTRAGENIC"	"trol-PBA"	FALSE	"INTRAGENIC(MODIFIER|||||trol-PBA||NON_CODING|||T)"
"X_2509888"	"X"	2509888	"C"	"T"	"EFF=INTRON(MODIFIER||||4479|trol|protein_coding|CODING|FBtr0342819|8|T),INTRON(MODIFIER||||4434|trol|protein_coding|CODING|FBtr0342806|7|T),INTRON(MODIFIER||||3887|trol|protein_coding|CODING|FBtr0342814|7|T),INTRON(MODIFIER||||4299|trol|protein_coding|CODING|FBtr0342816|7|T),INTRON(MODIFIER||||3805|trol|protein_coding|CODING|FBtr0342818|7|T),INTRON(MODIFIER||||4451|trol|protein_coding|CODING|FBtr0342820|8|T),INTRON(MODIFIER||||3973|trol|protein_coding|CODING|FBtr0342821|8|T),INTRON(MODIFIER||||4007|trol|protein_coding|CODING|FBtr0342822|8|T),INTRON(MODIFIER||||3833|trol|protein_coding|CODING|FBtr0342824|8|T),INTRON(MODIFIER||||3989|trol|protein_coding|CODING|FBtr0342825|8|T),INTRON(MODIFIER||||4203|trol|protein_coding|CODING|FBtr0342826|7|T),INTRON(MODIFIER||||4176|trol|protein_coding|CODING|FBtr0342810|2|T),INTRON(MODIFIER||||4411|trol|protein_coding|CODING|FBtr0342808|7|T),INTRON(MODIFIER||||3897|trol|protein_coding|CODING|FBtr0342809|7|T),INTRON(MODIFIER||||3728|trol|protein_coding|CODING|FBtr0342811|7|T),INTRON(MODIFIER||||3967|trol|protein_coding|CODING|FBtr0342812|7|T),INTRON(MODIFIER||||3806|trol|protein_coding|CODING|FBtr0342815|7|T),INTRON(MODIFIER||||4150|trol|protein_coding|CODING|FBtr0342817|7|T),INTRON(MODIFIER||||4150|trol|protein_coding|CODING|FBtr0342813|7|T),INTRON(MODIFIER||||3972|trol|protein_coding|CODING|FBtr0479747|7|T),INTRON(MODIFIER||||2853|trol|protein_coding|CODING|FBtr0342823|8|T),INTRON(MODIFIER||||3105|trol|protein_coding|CODING|FBtr0342807|8|T),INTRAGENIC(MODIFIER|||||trol-PAK||NON_CODING|||T),INTRAGENIC(MODIFIER|||||trol-PAF||NON_CODING|||T),INTRAGENIC(MODIFIER|||||trol-PAH||NON_CODING|||T),INTRAGENIC(MODIFIER|||||trol-PAI||NON_CODING|||T),INTRAGENIC(MODIFIER|||||trol-PAL||NON_CODING|||T),INTRAGENIC(MODIFIER|||||trol-PAM||NON_CODING|||T),INTRAGENIC(MODIFIER|||||trol-PAN||NON_CODING|||T),INTRAGENIC(MODIFIER|||||trol-PAO||NON_CODING|||T),INTRAGENIC(MODIFIER|||||trol-PAP||NON_CODING|||T),INTRAGENIC(MODIFIER|||||trol-PAQ||NON_CODING|||T),INTRAGENIC(MODIFIER|||||trol-PAR||NON_CODING|||T),INTRAGENIC(MODIFIER|||||trol-PAS||NON_CODING|||T),INTRAGENIC(MODIFIER|||||trol-PAT||NON_CODING|||T),INTRAGENIC(MODIFIER|||||trol-PAU||NON_CODING|||T),INTRAGENIC(MODIFIER|||||trol-PAV||NON_CODING|||T),INTRAGENIC(MODIFIER|||||trol-PAW||NON_CODING|||T),INTRAGENIC(MODIFIER|||||trol-PAY||NON_CODING|||T),INTRAGENIC(MODIFIER|||||trol-PAZ||NON_CODING|||T),INTRAGENIC(MODIFIER|||||trol-PBA||NON_CODING|||T),INTRAGENIC(MODIFIER|||||trol-PBC||NON_CODING|||T),INTRAGENIC(MODIFIER|||||trol-PAG||NON_CODING|||T),INTRAGENIC(MODIFIER|||||trol-PAX||NON_CODING|||T)"	"INTRAGENIC"	"trol-PBC"	FALSE	"INTRAGENIC(MODIFIER|||||trol-PBC||NON_CODING|||T)"
"X_2509888"	"X"	2509888	"C"	"T"	"EFF=INTRON(MODIFIER||||4479|trol|protein_coding|CODING|FBtr0342819|8|T),INTRON(MODIFIER||||4434|trol|protein_coding|CODING|FBtr0342806|7|T),INTRON(MODIFIER||||3887|trol|protein_coding|CODING|FBtr0342814|7|T),INTRON(MODIFIER||||4299|trol|protein_coding|CODING|FBtr0342816|7|T),INTRON(MODIFIER||||3805|trol|protein_coding|CODING|FBtr0342818|7|T),INTRON(MODIFIER||||4451|trol|protein_coding|CODING|FBtr0342820|8|T),INTRON(MODIFIER||||3973|trol|protein_coding|CODING|FBtr0342821|8|T),INTRON(MODIFIER||||4007|trol|protein_coding|CODING|FBtr0342822|8|T),INTRON(MODIFIER||||3833|trol|protein_coding|CODING|FBtr0342824|8|T),INTRON(MODIFIER||||3989|trol|protein_coding|CODING|FBtr0342825|8|T),INTRON(MODIFIER||||4203|trol|protein_coding|CODING|FBtr0342826|7|T),INTRON(MODIFIER||||4176|trol|protein_coding|CODING|FBtr0342810|2|T),INTRON(MODIFIER||||4411|trol|protein_coding|CODING|FBtr0342808|7|T),INTRON(MODIFIER||||3897|trol|protein_coding|CODING|FBtr0342809|7|T),INTRON(MODIFIER||||3728|trol|protein_coding|CODING|FBtr0342811|7|T),INTRON(MODIFIER||||3967|trol|protein_coding|CODING|FBtr0342812|7|T),INTRON(MODIFIER||||3806|trol|protein_coding|CODING|FBtr0342815|7|T),INTRON(MODIFIER||||4150|trol|protein_coding|CODING|FBtr0342817|7|T),INTRON(MODIFIER||||4150|trol|protein_coding|CODING|FBtr0342813|7|T),INTRON(MODIFIER||||3972|trol|protein_coding|CODING|FBtr0479747|7|T),INTRON(MODIFIER||||2853|trol|protein_coding|CODING|FBtr0342823|8|T),INTRON(MODIFIER||||3105|trol|protein_coding|CODING|FBtr0342807|8|T),INTRAGENIC(MODIFIER|||||trol-PAK||NON_CODING|||T),INTRAGENIC(MODIFIER|||||trol-PAF||NON_CODING|||T),INTRAGENIC(MODIFIER|||||trol-PAH||NON_CODING|||T),INTRAGENIC(MODIFIER|||||trol-PAI||NON_CODING|||T),INTRAGENIC(MODIFIER|||||trol-PAL||NON_CODING|||T),INTRAGENIC(MODIFIER|||||trol-PAM||NON_CODING|||T),INTRAGENIC(MODIFIER|||||trol-PAN||NON_CODING|||T),INTRAGENIC(MODIFIER|||||trol-PAO||NON_CODING|||T),INTRAGENIC(MODIFIER|||||trol-PAP||NON_CODING|||T),INTRAGENIC(MODIFIER|||||trol-PAQ||NON_CODING|||T),INTRAGENIC(MODIFIER|||||trol-PAR||NON_CODING|||T),INTRAGENIC(MODIFIER|||||trol-PAS||NON_CODING|||T),INTRAGENIC(MODIFIER|||||trol-PAT||NON_CODING|||T),INTRAGENIC(MODIFIER|||||trol-PAU||NON_CODING|||T),INTRAGENIC(MODIFIER|||||trol-PAV||NON_CODING|||T),INTRAGENIC(MODIFIER|||||trol-PAW||NON_CODING|||T),INTRAGENIC(MODIFIER|||||trol-PAY||NON_CODING|||T),INTRAGENIC(MODIFIER|||||trol-PAZ||NON_CODING|||T),INTRAGENIC(MODIFIER|||||trol-PBA||NON_CODING|||T),INTRAGENIC(MODIFIER|||||trol-PBC||NON_CODING|||T),INTRAGENIC(MODIFIER|||||trol-PAG||NON_CODING|||T),INTRAGENIC(MODIFIER|||||trol-PAX||NON_CODING|||T)"	"INTRAGENIC"	"trol-PAG"	FALSE	"INTRAGENIC(MODIFIER|||||trol-PAG||NON_CODING|||T)"
"X_2509888"	"X"	2509888	"C"	"T"	"EFF=INTRON(MODIFIER||||4479|trol|protein_coding|CODING|FBtr0342819|8|T),INTRON(MODIFIER||||4434|trol|protein_coding|CODING|FBtr0342806|7|T),INTRON(MODIFIER||||3887|trol|protein_coding|CODING|FBtr0342814|7|T),INTRON(MODIFIER||||4299|trol|protein_coding|CODING|FBtr0342816|7|T),INTRON(MODIFIER||||3805|trol|protein_coding|CODING|FBtr0342818|7|T),INTRON(MODIFIER||||4451|trol|protein_coding|CODING|FBtr0342820|8|T),INTRON(MODIFIER||||3973|trol|protein_coding|CODING|FBtr0342821|8|T),INTRON(MODIFIER||||4007|trol|protein_coding|CODING|FBtr0342822|8|T),INTRON(MODIFIER||||3833|trol|protein_coding|CODING|FBtr0342824|8|T),INTRON(MODIFIER||||3989|trol|protein_coding|CODING|FBtr0342825|8|T),INTRON(MODIFIER||||4203|trol|protein_coding|CODING|FBtr0342826|7|T),INTRON(MODIFIER||||4176|trol|protein_coding|CODING|FBtr0342810|2|T),INTRON(MODIFIER||||4411|trol|protein_coding|CODING|FBtr0342808|7|T),INTRON(MODIFIER||||3897|trol|protein_coding|CODING|FBtr0342809|7|T),INTRON(MODIFIER||||3728|trol|protein_coding|CODING|FBtr0342811|7|T),INTRON(MODIFIER||||3967|trol|protein_coding|CODING|FBtr0342812|7|T),INTRON(MODIFIER||||3806|trol|protein_coding|CODING|FBtr0342815|7|T),INTRON(MODIFIER||||4150|trol|protein_coding|CODING|FBtr0342817|7|T),INTRON(MODIFIER||||4150|trol|protein_coding|CODING|FBtr0342813|7|T),INTRON(MODIFIER||||3972|trol|protein_coding|CODING|FBtr0479747|7|T),INTRON(MODIFIER||||2853|trol|protein_coding|CODING|FBtr0342823|8|T),INTRON(MODIFIER||||3105|trol|protein_coding|CODING|FBtr0342807|8|T),INTRAGENIC(MODIFIER|||||trol-PAK||NON_CODING|||T),INTRAGENIC(MODIFIER|||||trol-PAF||NON_CODING|||T),INTRAGENIC(MODIFIER|||||trol-PAH||NON_CODING|||T),INTRAGENIC(MODIFIER|||||trol-PAI||NON_CODING|||T),INTRAGENIC(MODIFIER|||||trol-PAL||NON_CODING|||T),INTRAGENIC(MODIFIER|||||trol-PAM||NON_CODING|||T),INTRAGENIC(MODIFIER|||||trol-PAN||NON_CODING|||T),INTRAGENIC(MODIFIER|||||trol-PAO||NON_CODING|||T),INTRAGENIC(MODIFIER|||||trol-PAP||NON_CODING|||T),INTRAGENIC(MODIFIER|||||trol-PAQ||NON_CODING|||T),INTRAGENIC(MODIFIER|||||trol-PAR||NON_CODING|||T),INTRAGENIC(MODIFIER|||||trol-PAS||NON_CODING|||T),INTRAGENIC(MODIFIER|||||trol-PAT||NON_CODING|||T),INTRAGENIC(MODIFIER|||||trol-PAU||NON_CODING|||T),INTRAGENIC(MODIFIER|||||trol-PAV||NON_CODING|||T),INTRAGENIC(MODIFIER|||||trol-PAW||NON_CODING|||T),INTRAGENIC(MODIFIER|||||trol-PAY||NON_CODING|||T),INTRAGENIC(MODIFIER|||||trol-PAZ||NON_CODING|||T),INTRAGENIC(MODIFIER|||||trol-PBA||NON_CODING|||T),INTRAGENIC(MODIFIER|||||trol-PBC||NON_CODING|||T),INTRAGENIC(MODIFIER|||||trol-PAG||NON_CODING|||T),INTRAGENIC(MODIFIER|||||trol-PAX||NON_CODING|||T)"	"INTRAGENIC"	"trol-PAX"	FALSE	"INTRAGENIC(MODIFIER|||||trol-PAX||NON_CODING|||T)"
"X_3550652"	"X"	3550652	"T"	"C"	"EFF=INTRON(MODIFIER||||432|DIP-alpha|protein_coding|CODING|FBtr0333794|2|C)"	"INTRON"	"DIP-alpha"	FALSE	"INTRON(MODIFIER||||432|DIP-alpha|protein_coding|CODING|FBtr0333794|2|C)"
"X_8318357"	"X"	8318357	"A"	"C"	"EFF=INTRON(MODIFIER||||795|nAChRalpha3|protein_coding|CODING|FBtr0289988|3|C),INTRON(MODIFIER||||795|nAChRalpha3|protein_coding|CODING|FBtr0339652|3|C),INTRAGENIC(MODIFIER|||||nAChRalpha3-PB||NON_CODING|||C),INTRAGENIC(MODIFIER|||||nAChRalpha3-PC||NON_CODING|||C)"	"INTRON"	"nAChRalpha3"	FALSE	"INTRON(MODIFIER||||795|nAChRalpha3|protein_coding|CODING|FBtr0289988|3|C)"
"X_8318357"	"X"	8318357	"A"	"C"	"EFF=INTRON(MODIFIER||||795|nAChRalpha3|protein_coding|CODING|FBtr0289988|3|C),INTRON(MODIFIER||||795|nAChRalpha3|protein_coding|CODING|FBtr0339652|3|C),INTRAGENIC(MODIFIER|||||nAChRalpha3-PB||NON_CODING|||C),INTRAGENIC(MODIFIER|||||nAChRalpha3-PC||NON_CODING|||C)"	"INTRON"	"nAChRalpha3"	FALSE	"INTRON(MODIFIER||||795|nAChRalpha3|protein_coding|CODING|FBtr0339652|3|C)"
"X_8318357"	"X"	8318357	"A"	"C"	"EFF=INTRON(MODIFIER||||795|nAChRalpha3|protein_coding|CODING|FBtr0289988|3|C),INTRON(MODIFIER||||795|nAChRalpha3|protein_coding|CODING|FBtr0339652|3|C),INTRAGENIC(MODIFIER|||||nAChRalpha3-PB||NON_CODING|||C),INTRAGENIC(MODIFIER|||||nAChRalpha3-PC||NON_CODING|||C)"	"INTRAGENIC"	"nAChRalpha3-PB"	FALSE	"INTRAGENIC(MODIFIER|||||nAChRalpha3-PB||NON_CODING|||C)"
"X_8318357"	"X"	8318357	"A"	"C"	"EFF=INTRON(MODIFIER||||795|nAChRalpha3|protein_coding|CODING|FBtr0289988|3|C),INTRON(MODIFIER||||795|nAChRalpha3|protein_coding|CODING|FBtr0339652|3|C),INTRAGENIC(MODIFIER|||||nAChRalpha3-PB||NON_CODING|||C),INTRAGENIC(MODIFIER|||||nAChRalpha3-PC||NON_CODING|||C)"	"INTRAGENIC"	"nAChRalpha3-PC"	FALSE	"INTRAGENIC(MODIFIER|||||nAChRalpha3-PC||NON_CODING|||C)"
"X_9393204"	"X"	9393204	"G"	"C"	"EFF=INTRON(MODIFIER||||4769|mgl|protein_coding|CODING|FBtr0302153|2|C),INTRON(MODIFIER||||4769|mgl|protein_coding|CODING|FBtr0343369|2|C),INTRON(MODIFIER||||4769|mgl|protein_coding|CODING|FBtr0343370|2|C),INTRON(MODIFIER||||4769|mgl|protein_coding|CODING|FBtr0343371|2|C),INTRAGENIC(MODIFIER|||||mgl-PA||NON_CODING|||C),INTRAGENIC(MODIFIER|||||mgl-PC||NON_CODING|||C),INTRAGENIC(MODIFIER|||||mgl-PD||NON_CODING|||C),INTRAGENIC(MODIFIER|||||mgl-PE||NON_CODING|||C)"	"INTRON"	"mgl"	FALSE	"INTRON(MODIFIER||||4769|mgl|protein_coding|CODING|FBtr0302153|2|C)"
"X_9393204"	"X"	9393204	"G"	"C"	"EFF=INTRON(MODIFIER||||4769|mgl|protein_coding|CODING|FBtr0302153|2|C),INTRON(MODIFIER||||4769|mgl|protein_coding|CODING|FBtr0343369|2|C),INTRON(MODIFIER||||4769|mgl|protein_coding|CODING|FBtr0343370|2|C),INTRON(MODIFIER||||4769|mgl|protein_coding|CODING|FBtr0343371|2|C),INTRAGENIC(MODIFIER|||||mgl-PA||NON_CODING|||C),INTRAGENIC(MODIFIER|||||mgl-PC||NON_CODING|||C),INTRAGENIC(MODIFIER|||||mgl-PD||NON_CODING|||C),INTRAGENIC(MODIFIER|||||mgl-PE||NON_CODING|||C)"	"INTRON"	"mgl"	FALSE	"INTRON(MODIFIER||||4769|mgl|protein_coding|CODING|FBtr0343369|2|C)"
"X_9393204"	"X"	9393204	"G"	"C"	"EFF=INTRON(MODIFIER||||4769|mgl|protein_coding|CODING|FBtr0302153|2|C),INTRON(MODIFIER||||4769|mgl|protein_coding|CODING|FBtr0343369|2|C),INTRON(MODIFIER||||4769|mgl|protein_coding|CODING|FBtr0343370|2|C),INTRON(MODIFIER||||4769|mgl|protein_coding|CODING|FBtr0343371|2|C),INTRAGENIC(MODIFIER|||||mgl-PA||NON_CODING|||C),INTRAGENIC(MODIFIER|||||mgl-PC||NON_CODING|||C),INTRAGENIC(MODIFIER|||||mgl-PD||NON_CODING|||C),INTRAGENIC(MODIFIER|||||mgl-PE||NON_CODING|||C)"	"INTRON"	"mgl"	FALSE	"INTRON(MODIFIER||||4769|mgl|protein_coding|CODING|FBtr0343370|2|C)"
"X_9393204"	"X"	9393204	"G"	"C"	"EFF=INTRON(MODIFIER||||4769|mgl|protein_coding|CODING|FBtr0302153|2|C),INTRON(MODIFIER||||4769|mgl|protein_coding|CODING|FBtr0343369|2|C),INTRON(MODIFIER||||4769|mgl|protein_coding|CODING|FBtr0343370|2|C),INTRON(MODIFIER||||4769|mgl|protein_coding|CODING|FBtr0343371|2|C),INTRAGENIC(MODIFIER|||||mgl-PA||NON_CODING|||C),INTRAGENIC(MODIFIER|||||mgl-PC||NON_CODING|||C),INTRAGENIC(MODIFIER|||||mgl-PD||NON_CODING|||C),INTRAGENIC(MODIFIER|||||mgl-PE||NON_CODING|||C)"	"INTRON"	"mgl"	FALSE	"INTRON(MODIFIER||||4769|mgl|protein_coding|CODING|FBtr0343371|2|C)"
"X_9393204"	"X"	9393204	"G"	"C"	"EFF=INTRON(MODIFIER||||4769|mgl|protein_coding|CODING|FBtr0302153|2|C),INTRON(MODIFIER||||4769|mgl|protein_coding|CODING|FBtr0343369|2|C),INTRON(MODIFIER||||4769|mgl|protein_coding|CODING|FBtr0343370|2|C),INTRON(MODIFIER||||4769|mgl|protein_coding|CODING|FBtr0343371|2|C),INTRAGENIC(MODIFIER|||||mgl-PA||NON_CODING|||C),INTRAGENIC(MODIFIER|||||mgl-PC||NON_CODING|||C),INTRAGENIC(MODIFIER|||||mgl-PD||NON_CODING|||C),INTRAGENIC(MODIFIER|||||mgl-PE||NON_CODING|||C)"	"INTRAGENIC"	"mgl-PA"	FALSE	"INTRAGENIC(MODIFIER|||||mgl-PA||NON_CODING|||C)"
"X_9393204"	"X"	9393204	"G"	"C"	"EFF=INTRON(MODIFIER||||4769|mgl|protein_coding|CODING|FBtr0302153|2|C),INTRON(MODIFIER||||4769|mgl|protein_coding|CODING|FBtr0343369|2|C),INTRON(MODIFIER||||4769|mgl|protein_coding|CODING|FBtr0343370|2|C),INTRON(MODIFIER||||4769|mgl|protein_coding|CODING|FBtr0343371|2|C),INTRAGENIC(MODIFIER|||||mgl-PA||NON_CODING|||C),INTRAGENIC(MODIFIER|||||mgl-PC||NON_CODING|||C),INTRAGENIC(MODIFIER|||||mgl-PD||NON_CODING|||C),INTRAGENIC(MODIFIER|||||mgl-PE||NON_CODING|||C)"	"INTRAGENIC"	"mgl-PC"	FALSE	"INTRAGENIC(MODIFIER|||||mgl-PC||NON_CODING|||C)"
"X_9393204"	"X"	9393204	"G"	"C"	"EFF=INTRON(MODIFIER||||4769|mgl|protein_coding|CODING|FBtr0302153|2|C),INTRON(MODIFIER||||4769|mgl|protein_coding|CODING|FBtr0343369|2|C),INTRON(MODIFIER||||4769|mgl|protein_coding|CODING|FBtr0343370|2|C),INTRON(MODIFIER||||4769|mgl|protein_coding|CODING|FBtr0343371|2|C),INTRAGENIC(MODIFIER|||||mgl-PA||NON_CODING|||C),INTRAGENIC(MODIFIER|||||mgl-PC||NON_CODING|||C),INTRAGENIC(MODIFIER|||||mgl-PD||NON_CODING|||C),INTRAGENIC(MODIFIER|||||mgl-PE||NON_CODING|||C)"	"INTRAGENIC"	"mgl-PD"	FALSE	"INTRAGENIC(MODIFIER|||||mgl-PD||NON_CODING|||C)"
"X_9393204"	"X"	9393204	"G"	"C"	"EFF=INTRON(MODIFIER||||4769|mgl|protein_coding|CODING|FBtr0302153|2|C),INTRON(MODIFIER||||4769|mgl|protein_coding|CODING|FBtr0343369|2|C),INTRON(MODIFIER||||4769|mgl|protein_coding|CODING|FBtr0343370|2|C),INTRON(MODIFIER||||4769|mgl|protein_coding|CODING|FBtr0343371|2|C),INTRAGENIC(MODIFIER|||||mgl-PA||NON_CODING|||C),INTRAGENIC(MODIFIER|||||mgl-PC||NON_CODING|||C),INTRAGENIC(MODIFIER|||||mgl-PD||NON_CODING|||C),INTRAGENIC(MODIFIER|||||mgl-PE||NON_CODING|||C)"	"INTRAGENIC"	"mgl-PE"	FALSE	"INTRAGENIC(MODIFIER|||||mgl-PE||NON_CODING|||C)"
