"id","region_id","experiment_id","start_datetime","stop_datetime","status","Sex","Genotype","Temperature","Treatment","Environment","Light","monitor","Batch","Sleep_Fraction_All","Sleep_Time_All","Sleep_Fraction_L","Sleep_Time_L","Sleep_Fraction_D","Sleep_Time_D","Day1_latency","Day1_first_bout_length","Day1_latency_to_longest_bout","Day1_Sleep_Fraction_All","Day1_Sleep_Time_All","Day1_Sleep_Fraction_L","Day1_Sleep_Time_L","Day1_Sleep_Fraction_D","Day1_Sleep_Time_D","Day2_latency","Day2_first_bout_length","Day2_latency_to_longest_bout","Day2_Sleep_Fraction_All","Day2_Sleep_Time_All","Day2_Sleep_Fraction_L","Day2_Sleep_Time_L","Day2_Sleep_Fraction_D","Day2_Sleep_Time_D","Day3_latency","Day3_first_bout_length","Day3_latency_to_longest_bout","Day3_Sleep_Fraction_All","Day3_Sleep_Time_All","Day3_Sleep_Fraction_L","Day3_Sleep_Time_L","Day3_Sleep_Fraction_D","Day3_Sleep_Time_D","Day4_latency","Day4_first_bout_length","Day4_latency_to_longest_bout","Day4_Sleep_Fraction_All","Day4_Sleep_Time_All","Day4_Sleep_Fraction_L","Day4_Sleep_Time_L","Day4_Sleep_Fraction_D","Day4_Sleep_Time_D","Day5_latency","Day5_first_bout_length","Day5_latency_to_longest_bout","Day5_Sleep_Fraction_All","Day5_Sleep_Time_All","Day5_Sleep_Fraction_L","Day5_Sleep_Time_L","Day5_Sleep_Fraction_D","Day5_Sleep_Time_D","Day6_latency","Day6_first_bout_length","Day6_latency_to_longest_bout","Day6_Sleep_Fraction_All","Day6_Sleep_Time_All","Day6_Sleep_Fraction_L","Day6_Sleep_Time_L","Day6_Sleep_Fraction_D","Day6_Sleep_Time_D","n_Bouts_L","mean_Bout_Length_L","n_Bouts_D","mean_Bout_Length_D"
"2026-01-31 10:00:00|Monitor45.txt|08",8,"2026-01-31 10:00:00|Monitor45.txt",2026-01-31T10:00:00Z,2026-02-06T10:30:00Z,"OK","M","DGRP73","21.5C","Winter","NA","08:12","M45","Batch23_DGRP",0.583150098368244,839.736141650272,0.422769871572371,202.929538354738,0.663368055555556,636.833333333333,480,2040,38100,0.628730048577377,905.371269951423,0.474012474012474,227.525987525988,0.70625,678,420,360,43860,0.46911866759195,675.530881332408,0.226611226611227,108.773388773389,0.590625,567,300,420,48300,0.474670367800139,683.5253296322,0.226611226611227,108.773388773389,0.598958333333333,575,480,360,44520,0.609299097848716,877.390700902151,0.51975051975052,249.48024948025,0.654166666666667,628,360,960,58140,0.664816099930604,957.335183900069,0.577962577962578,277.422037422037,0.708333333333333,680,4200,540,44220,0.650936849410132,937.34906315059,0.509355509355509,244.490644490645,0.721875,693,31.1666666666667,16.0267379679144,25.5,35.718954248366
"2026-01-31 10:00:00|Monitor45.txt|09",9,"2026-01-31 10:00:00|Monitor45.txt",2026-01-31T10:00:00Z,2026-02-06T10:30:00Z,"OK","M","DGRP73","21.5C","Winter","NA","08:12","M45","Batch23_DGRP",0.725841916444856,1045.21235968059,0.763623741756335,366.539396043041,0.706944444444445,678.666666666667,0,1620,67680,0.685634975711312,987.314365024289,0.760914760914761,365.239085239085,0.647916666666667,622,0,660,58980,0.646079111727967,930.353920888272,0.744282744282744,357.255717255717,0.596875,573,600,480,55920,0.724496877168633,1043.27550312283,0.771309771309771,370.22869022869,0.701041666666667,673,120,1320,48900,0.811936155447606,1169.18806384455,0.823284823284823,395.176715176715,0.80625,774,1500,1260,53580,0.763358778625954,1099.23664122137,0.785862785862786,377.214137214137,0.752083333333333,722,300,900,46920,0.723802914642609,1042.27619708536,0.696465696465697,334.303534303534,0.7375,708,29,15.3850574712644,43.5,21.4789272030651
"2026-01-31 10:00:00|Monitor45.txt|10",10,"2026-01-31 10:00:00|Monitor45.txt",2026-01-31T10:00:00Z,2026-02-06T10:30:00Z,"OK","M","DGRP73","21.5C","Winter","NA","08:12","M45","Batch23_DGRP",0.626316398564981,901.895613933572,0.614717112113849,295.064213814648,0.632118055555556,606.833333333333,480,1020,42180,0.621790423317141,895.378209576683,0.56964656964657,273.430353430353,0.647916666666667,622,720,960,44820,0.582234559333796,838.417765440666,0.615384615384615,295.384615384615,0.565625,543,480,360,44580,0.628036086051353,904.371963913949,0.696465696465697,334.303534303534,0.59375,570,840,420,47520,0.640527411519778,922.35947258848,0.671517671517672,322.328482328482,0.625,600,300,300,47460,0.648854961832061,934.351145038168,0.573804573804574,275.426195426195,0.686458333333333,659,1380,1020,46200,0.636363636363636,916.363636363636,0.561330561330561,269.43866943867,0.673958333333333,647,37,12.5675675675676,42.5,21.8156862745098
"2026-01-31 10:00:00|Monitor45.txt|13",13,"2026-01-31 10:00:00|Monitor45.txt",2026-01-31T10:00:00Z,2026-02-06T10:30:00Z,"OK","M","DGRP73","21.5C","Winter","NA","08:12","M45","Batch23_DGRP",0.57157736373105,823.071403772712,0.661922943422423,317.723012842763,0.526388888888889,505.333333333333,1500,360,44580,0.573213046495489,825.426786953505,0.575883575883576,276.424116424116,0.571875,549,180,1140,54240,0.570437196391395,821.429562803609,0.650727650727651,312.349272349272,0.530208333333333,509,1020,600,51600,0.528105482303956,760.471894517696,0.617463617463617,296.382536382536,0.483333333333333,464,360,1560,52980,0.51353226925746,739.486467730743,0.665280665280665,319.334719334719,0.4375,420,3420,1500,52200,0.594031922276197,855.405968077724,0.700623700623701,336.299376299376,0.540625,519,2100,420,53520,0.650936849410132,937.34906315059,0.762993762993763,366.237006237006,0.594791666666667,571,38.3333333333333,12.3130434782609,41.6666666666667,21.896
"2026-01-31 10:00:00|Monitor45.txt|14",14,"2026-01-31 10:00:00|Monitor45.txt",2026-01-31T10:00:00Z,2026-02-06T10:30:00Z,"OK","M","DGRP73","21.5C","Winter","NA","08:12","M45","Batch23_DGRP",0.75338502488138,1084.87443582919,0.777854911489066,373.370357514752,0.741145833333333,711.5,0,840,53820,0.628730048577377,905.371269951423,0.646569646569647,310.35343035343,0.619791666666667,595,240,360,44700,0.719639139486468,1036.28036086051,0.733887733887734,352.266112266112,0.7125,684,1860,960,62640,0.786259541984733,1132.21374045802,0.841995841995842,404.158004158004,0.758333333333333,728,660,1080,46560,0.771686328938237,1111.22831367106,0.819126819126819,393.180873180873,0.747916666666667,718,1320,1200,54240,0.82234559333796,1184.17765440666,0.821205821205821,394.178794178794,0.822916666666667,790,1800,2280,44940,0.792505204718945,1141.20749479528,0.806652806652807,387.193347193347,0.785416666666667,754,26.1666666666667,17.1847133757962,35.6666666666667,26.5560747663551
"2026-01-31 10:00:00|Monitor45.txt|16",16,"2026-01-31 10:00:00|Monitor45.txt",2026-01-31T10:00:00Z,2026-02-06T10:30:00Z,"OK","M","DGRP73","21.5C","Winter","NA","08:12","M45","Batch23_DGRP",0.604791112139799,870.89920148131,0.641443943075321,307.893092676154,0.586458333333333,563,0,420,59340,0.582234559333796,838.417765440666,0.582120582120582,279.417879417879,0.582291666666667,559,960,660,47640,0.623178348369188,897.376821651631,0.588357588357588,282.411642411642,0.640625,615,480,720,49140,0.639833448993754,921.360166551006,0.750519750519751,360.24948024948,0.584375,561,6120,1800,52020,0.603747397640527,869.39625260236,0.652806652806653,313.347193347193,0.579166666666667,556,660,1200,55200,0.573213046495489,825.426786953505,0.571725571725572,274.428274428274,0.573958333333333,551,3720,1860,77700,0.606523247744622,873.393476752255,0.702702702702703,337.297297297297,0.558333333333333,536,23.1666666666667,19.8848920863309,26.6666666666667,35.9
"2026-01-31 10:00:00|Monitor45.txt|19",19,"2026-01-31 10:00:00|Monitor45.txt",2026-01-31T10:00:00Z,2026-02-06T10:30:00Z,"OK","M","DGRP73","21.5C","Winter","NA","08:12","M45","Batch23_DGRP",0.489295220460595,704.585117463257,0.546338077056578,262.242276987157,0.460763888888889,442.333333333333,1200,300,44100,0.420541290770298,605.57945870923,0.461538461538462,221.538461538462,0.4,384,300,1140,46380,0.543372657876475,782.456627342124,0.523908523908524,251.476091476092,0.553125,531,3060,1920,62220,0.474670367800139,683.5253296322,0.532224532224532,255.467775467776,0.445833333333333,428,1320,1980,60900,0.441360166551006,635.558639833449,0.525987525987526,252.474012474012,0.398958333333333,383,4560,300,47520,0.503122831367106,724.496877168633,0.596673596673597,286.403326403326,0.45625,438,3120,2460,45960,0.553782095766829,797.446217904233,0.64033264033264,307.359667359667,0.510416666666667,490,27.6666666666667,18.2048192771084,39.3333333333333,23.1525423728814
"2026-01-31 10:00:00|Monitor45.txt|20",20,"2026-01-31 10:00:00|Monitor45.txt",2026-01-31T10:00:00Z,2026-02-06T10:30:00Z,"OK","M","DGRP73","21.5C","Winter","NA","08:12","M45","Batch23_DGRP",0.738340469853026,1063.21027658836,0.728566469975703,349.711905588337,0.743229166666667,713.5,0,660,44340,0.7529493407356,1084.24705065926,0.787941787941788,378.212058212058,0.735416666666667,706,960,1020,38280,0.700902151283831,1009.29909784872,0.713097713097713,342.286902286902,0.694791666666667,667,3660,1560,40020,0.780013879250521,1123.21998612075,0.756756756756757,363.243243243243,0.791666666666667,760,1320,780,45660,0.745315752949341,1073.25468424705,0.677754677754678,325.322245322245,0.779166666666667,748,720,1260,40140,0.738376127689105,1063.26162387231,0.735966735966736,353.264033264033,0.739583333333333,710,1320,4560,46680,0.712699514226232,1026.28730048577,0.700623700623701,336.299376299376,0.71875,690,22.5,20.637037037037,37,25.7072072072072
"2026-01-31 10:00:00|Monitor45.txt|22",22,"2026-01-31 10:00:00|Monitor45.txt",2026-01-31T10:00:00Z,2026-02-06T10:30:00Z,"OK","M","DGRP73","21.5C","Winter","NA","08:12","M45","Batch23_DGRP",0.482698761717394,695.086216873047,0.557445331482124,267.57375911142,0.4453125,427.5,1380,300,85260,0.414295628036086,596.585704371964,0.559251559251559,268.440748440748,0.341666666666667,328,1380,300,61560,0.419847328244275,604.580152671756,0.600831600831601,288.399168399168,0.329166666666667,316,1800,780,69000,0.409437890353921,589.590562109646,0.548856548856549,263.451143451143,0.339583333333333,326,0,300,49680,0.515614156835531,742.484385843165,0.553014553014553,265.446985446986,0.496875,477,360,1260,49380,0.541290770298404,779.458709229702,0.46985446985447,225.530145530146,0.577083333333333,554,420,900,63060,0.597501734906315,860.402498265094,0.617463617463617,296.382536382536,0.5875,564,38,12.5657894736842,50,18.4333333333333
"2026-01-31 10:00:00|Monitor45.txt|23",23,"2026-01-31 10:00:00|Monitor45.txt",2026-01-31T10:00:00Z,2026-02-06T10:30:00Z,"OK","M","DGRP73","21.5C","Winter","NA","08:12","M45","Batch23_DGRP",0.875014465918297,1260.02083092235,0.870183963901423,417.688302672683,0.877430555555556,842.333333333333,0,2760,62160,0.802220680083276,1155.19777931992,0.750519750519751,360.24948024948,0.828125,795,3420,1140,52500,0.83206106870229,1198.1679389313,0.760914760914761,365.239085239085,0.867708333333333,833,2820,1080,51120,0.900763358778626,1297.09923664122,0.966735966735967,464.033264033264,0.867708333333333,833,1320,6060,42240,0.931297709923664,1341.06870229008,0.927234927234927,445.072765072765,0.933333333333333,896,5880,1260,51480,0.894517696044414,1288.10548230396,0.918918918918919,441.081081081081,0.882291666666667,847,1320,4380,54900,0.889659958362248,1281.11034004164,0.898128898128898,431.101871101871,0.885416666666667,850,17.6666666666667,25.0283018867925,26.3333333333333,36.3544303797468
"2026-01-31 10:00:00|Monitor45.txt|24",24,"2026-01-31 10:00:00|Monitor45.txt",2026-01-31T10:00:00Z,2026-02-06T10:30:00Z,"OK","M","DGRP73","21.5C","Winter","NA","08:12","M45","Batch23_DGRP",0.818886702927902,1179.19685221618,0.821589725789657,394.363068379035,0.817534722222222,784.833333333333,60,840,49140,0.680083275503123,979.319916724497,0.702702702702703,337.297297297297,0.66875,642,1260,2760,69360,0.751561415683553,1082.24843858432,0.785862785862786,377.214137214137,0.734375,705,2100,600,48240,0.786953504510756,1133.21304649549,0.785862785862786,377.214137214137,0.7875,756,240,1260,53880,0.807078417765441,1162.19292158223,0.814968814968815,391.185031185031,0.803125,771,780,300,43200,0.909784871616933,1310.09021512838,0.877338877338877,421.122661122661,0.926041666666667,889,8280,2400,36180,0.977793199167245,1408.02220680083,0.962577962577963,462.037422037422,0.985416666666667,946,21,22.2380952380952,24.3333333333333,38.7945205479452
"2026-01-31 10:00:00|Monitor45.txt|25",25,"2026-01-31 10:00:00|Monitor45.txt",2026-01-31T10:00:00Z,2026-02-06T10:30:00Z,"OK","M","DGRP73","21.5C","Winter","NA","08:12","M45","Batch23_DGRP",0.720634185858118,1037.71322763569,0.687261367580701,329.885456438737,0.737326388888889,707.833333333333,480,360,60420,0.648160999306037,933.351839000694,0.586278586278586,281.413721413721,0.679166666666667,652,540,2160,42240,0.706453851492019,1017.29354614851,0.673596673596674,323.326403326403,0.722916666666667,694,240,3780,50340,0.753643303261624,1085.24635669674,0.771309771309771,370.22869022869,0.744791666666667,715,5940,1860,51540,0.780707841776544,1124.21929215822,0.748440748440749,359.251559251559,0.796875,765,480,360,46140,0.699514226231784,1007.30048577377,0.650727650727651,312.349272349272,0.723958333333333,695,1680,360,46140,0.734906315058987,1058.26509368494,0.692307692307692,332.307692307692,0.75625,726,29.5,15.2655367231638,24.5,39.0476190476191
"2026-01-31 10:00:00|Monitor45.txt|26",26,"2026-01-31 10:00:00|Monitor45.txt",2026-01-31T10:00:00Z,2026-02-06T10:30:00Z,"OK","M","DGRP73","21.5C","Winter","NA","08:12","M45","Batch23_DGRP",0.567874088647147,817.738687651892,0.564040263797293,270.7393266227,0.569791666666667,547,2220,420,72240,0.46911866759195,675.530881332408,0.509355509355509,244.490644490645,0.448958333333333,431,2220,5580,62400,0.514226231783484,740.485773768217,0.517671517671518,248.482328482328,0.5125,492,540,300,48000,0.584316446911867,841.415683553088,0.627858627858628,301.372141372141,0.5625,540,1020,1620,52800,0.576682859125607,830.423317140875,0.553014553014553,265.446985446986,0.588541666666667,565,5280,1980,56460,0.661346287300486,952.338653712699,0.61954261954262,297.380457380457,0.682291666666667,655,480,540,57420,0.600971547536433,865.399028452464,0.555093555093555,266.444906444906,0.623958333333333,599,26.3333333333333,17.4620253164557,36.5,26.2557077625571
"2026-01-31 10:00:00|Monitor45.txt|27",27,"2026-01-31 10:00:00|Monitor45.txt",2026-01-31T10:00:00Z,2026-02-06T10:30:00Z,"OK","M","DGRP73","21.5C","Winter","NA","08:12","M45","Batch23_DGRP",0.571693091077422,823.238051151487,0.646997570288094,310.558833738285,0.534027777777778,512.666666666667,0,420,66240,0.408743927827897,588.591256072172,0.417879417879418,200.582120582121,0.404166666666667,388,60,420,50760,0.576682859125607,830.423317140875,0.683991683991684,328.316008316008,0.522916666666667,502,240,300,43920,0.594031922276197,855.405968077724,0.667359667359667,320.33264033264,0.557291666666667,535,360,480,51300,0.560721721027065,807.439278278973,0.61954261954262,297.380457380457,0.53125,510,900,300,46500,0.625260235947259,900.374739764053,0.733887733887734,352.266112266112,0.570833333333333,548,300,600,50400,0.663428174878557,955.336571825121,0.754677754677755,362.245322245322,0.617708333333333,593,35.3333333333333,13.5754716981132,39.8333333333333,23.1338912133891
"2026-01-31 10:00:00|Monitor45.txt|29",29,"2026-01-31 10:00:00|Monitor45.txt",2026-01-31T10:00:00Z,2026-02-06T10:30:00Z,"OK","M","DGRP73","21.5C","Winter","NA","08:12","M45","Batch23_DGRP",0.705589630829765,1016.04906839486,0.776813606386671,372.870531065602,0.669965277777778,643.166666666667,180,1680,47280,0.692574600971548,997.307425399029,0.79002079002079,379.209979209979,0.64375,618,540,2100,49560,0.68910478834143,992.310895211659,0.738045738045738,354.261954261954,0.664583333333333,638,720,3480,43680,0.757807078417765,1091.24219292158,0.79002079002079,379.209979209979,0.741666666666667,712,180,5700,47520,0.766828591256072,1104.23317140874,0.848232848232848,407.151767151767,0.726041666666667,697,3120,4200,45120,0.724496877168633,1043.27550312283,0.8004158004158,384.199584199584,0.686458333333333,659,1320,480,55020,0.603053435114504,868.396946564886,0.694386694386694,333.305613305613,0.557291666666667,535,19.8333333333333,23.6302521008403,39.3333333333333,24.1059322033898
"2026-01-31 10:00:00|Monitor45.txt|30",30,"2026-01-31 10:00:00|Monitor45.txt",2026-01-31T10:00:00Z,2026-02-06T10:30:00Z,"OK","M","DGRP73","21.5C","Winter","NA","08:12","M45","Batch23_DGRP",0.701654901053119,1010.38305751649,0.671294689343978,322.221450885109,0.716840277777778,688.166666666667,1080,480,44100,0.661346287300486,952.338653712699,0.563409563409563,270.43659043659,0.710416666666667,682,420,780,55260,0.688410825815406,991.311589174185,0.627858627858628,301.372141372141,0.71875,690,0,780,42360,0.686328938237335,988.313671061763,0.586278586278586,281.413721413721,0.736458333333333,707,60,420,41880,0.738376127689105,1063.26162387231,0.756756756756757,363.243243243243,0.729166666666667,700,900,1680,43440,0.709923664122137,1022.29007633588,0.713097713097713,342.286902286902,0.708333333333333,680,0,480,42900,0.72588480222068,1045.27411519778,0.781704781704782,375.218295218295,0.697916666666667,670,41,10.9674796747967,51.6666666666667,17.9870967741935
"2026-01-31 10:00:00|Monitor46.txt|09",9,"2026-01-31 10:00:00|Monitor46.txt",2026-01-31T10:00:00Z,2026-02-06T10:30:00Z,"OK","M","DGRP161","21.5C","Winter","NA","08:12","M46","Batch23_DGRP",0.62805230876056,904.395324615207,0.239847275251649,115.126692120791,0.822222222222222,789.333333333333,14460,360,32880,0.59264399722415,853.407356002776,0.0977130977130977,46.9022869022869,0.840625,807,1800,300,30720,0.68910478834143,992.310895211659,0.22037422037422,105.779625779626,0.923958333333333,887,1320,300,47340,0.687716863289382,990.312283136711,0.264033264033264,126.735966735967,0.9,864,780,360,71460,0.603747397640527,869.39625260236,0.22037422037422,105.779625779626,0.795833333333333,764,60,660,33960,0.614850798056905,885.385149201943,0.351351351351351,168.648648648649,0.746875,717,1020,300,72300,0.579458709229702,834.42054129077,0.286902286902287,137.713097713098,0.726041666666667,697,23.1666666666667,20.7553956834532,32.3333333333333,28.840206185567
"2026-01-31 10:00:00|Monitor46.txt|10",10,"2026-01-31 10:00:00|Monitor46.txt",2026-01-31T10:00:00Z,2026-02-06T10:30:00Z,"OK","M","DGRP161","21.5C","Winter","NA","08:12","M46","Batch23_DGRP",0.60074065501678,865.066543224164,0.378340853870184,181.603609857688,0.711979166666667,683.5,300,360,38340,0.468424705065926,674.531575294934,0.351351351351351,168.648648648649,0.527083333333333,506,1200,480,39540,0.638445523941707,919.361554476058,0.351351351351351,168.648648648649,0.782291666666667,751,240,300,40200,0.64677307425399,931.353226925746,0.498960498960499,239.50103950104,0.720833333333333,692,420,540,52980,0.611380985426787,880.388619014573,0.486486486486487,233.513513513514,0.673958333333333,647,300,420,39720,0.657182512144344,946.342817487856,0.334719334719335,160.665280665281,0.81875,786,2700,660,40020,0.580846634281749,836.419153365718,0.245322245322245,117.754677754678,0.748958333333333,719,35.1666666666667,13.4218009478673,33,28.4191919191919
"2026-01-31 10:00:00|Monitor46.txt|11",11,"2026-01-31 10:00:00|Monitor46.txt",2026-01-31T10:00:00Z,2026-02-06T10:30:00Z,"OK","M","DGRP161","21.5C","Winter","NA","08:12","M46","Batch23_DGRP",0.574007638004861,826.570998726999,0.276292953835474,132.620617841027,0.722916666666667,694,1920,360,54660,0.661346287300486,952.338653712699,0.365904365904366,175.634095634096,0.809375,777,6540,300,27180,0.618320610687023,890.381679389313,0.195426195426195,93.8045738045738,0.830208333333333,797,1560,300,33420,0.551700208188758,794.448299791811,0.168399168399168,80.8316008316008,0.74375,714,15480,840,16440,0.485773768216516,699.514226231784,0.232848232848233,111.767151767152,0.6125,588,14880,360,35520,0.545454545454545,785.454545454545,0.303534303534304,145.696465696466,0.666666666666667,640,720,540,66840,0.579458709229702,834.42054129077,0.388773388773389,186.611226611227,0.675,648,14,29.4880952380952,42.5,23.4549019607843
"2026-01-31 10:00:00|Monitor46.txt|12",12,"2026-01-31 10:00:00|Monitor46.txt",2026-01-31T10:00:00Z,2026-02-06T10:30:00Z,"OK","M","DGRP161","21.5C","Winter","NA","08:12","M46","Batch23_DGRP",0.716352274042356,1031.54727462099,0.319680666435266,153.446719888927,0.914756944444444,878.166666666667,4560,300,25620,0.715475364330326,1030.28452463567,0.243243243243243,116.756756756757,0.952083333333333,914,6660,540,23280,0.757807078417765,1091.24219292158,0.349272349272349,167.650727650728,0.9625,924,600,360,27660,0.757807078417765,1091.24219292158,0.567567567567568,272.432432432432,0.853125,819,1860,300,26040,0.690492713393477,994.309507286606,0.301455301455301,144.698544698545,0.885416666666667,850,6180,360,26040,0.69882026370576,1006.30117973629,0.255717255717256,122.744282744283,0.920833333333333,884,2460,360,29400,0.675919500346981,973.324080499653,0.1995841995842,95.8004158004158,0.914583333333333,878,18.5,44.6666666666667,15.3333333333333,38.5869565217391
"2026-01-31 10:00:00|Monitor46.txt|15",15,"2026-01-31 10:00:00|Monitor46.txt",2026-01-31T10:00:00Z,2026-02-06T10:30:00Z,"OK","M","DGRP161","21.5C","Winter","NA","08:12","M46","Batch23_DGRP",0.834972804073603,1202.36083786599,0.599444637278723,287.733425893787,0.952777777777778,914.666666666667,7440,300,34080,0.868147120055517,1250.13185287994,0.683991683991684,328.316008316008,0.960416666666667,922,9960,600,31260,0.826509368494101,1190.17349063151,0.567567567567568,272.432432432432,0.95625,918,7620,300,17940,0.843164469118668,1214.15683553088,0.625779625779626,300.37422037422,0.952083333333333,914,9420,420,18840,0.833448993754337,1200.16655100625,0.596673596673597,286.403326403326,0.952083333333333,914,4980,360,30780,0.837612768910479,1206.16238723109,0.611226611226611,293.388773388773,0.951041666666667,913,9480,1380,24840,0.798056904927134,1149.20194309507,0.505197505197505,242.494802494803,0.944791666666667,907,13.3333333333333,58.075,4,162.875
"2026-01-31 10:00:00|Monitor46.txt|16",16,"2026-01-31 10:00:00|Monitor46.txt",2026-01-31T10:00:00Z,2026-02-06T10:30:00Z,"OK","M","DGRP161","21.5C","Winter","NA","08:12","M46","Batch23_DGRP",0.768892489295221,1107.20518458512,0.436306837903506,209.427282193683,0.935243055555556,897.833333333333,660,600,59700,0.798750867453158,1150.20124913255,0.442827442827443,212.557172557173,0.977083333333333,938,660,480,59280,0.844552394170715,1216.15544760583,0.557172557172557,267.442827442828,0.988541666666667,949,1320,720,60060,0.73351839000694,1056.26648160999,0.340956340956341,163.659043659044,0.930208333333333,893,900,300,48540,0.811242192921582,1168.18875780708,0.642411642411642,308.357588357588,0.895833333333333,860,660,420,27000,0.68910478834143,992.310895211659,0.255717255717256,122.744282744283,0.90625,870,660,300,37800,0.73560027758501,1059.26439972241,0.380457380457381,182.619542619543,0.913541666666667,877,22,25.2121212121212,18.1666666666667,46.5504587155964
"2026-01-31 10:00:00|Monitor46.txt|17",17,"2026-01-31 10:00:00|Monitor46.txt",2026-01-31T10:00:00Z,2026-02-06T10:30:00Z,"OK","M","DGRP161","21.5C","Winter","NA","08:12","M46","Batch23_DGRP",0.767503761138757,1105.20541603981,0.460256855258591,220.923290524124,0.921180555555556,884.333333333333,0,420,30540,0.845940319222762,1218.15405968078,0.665280665280665,319.334719334719,0.936458333333333,899,3540,300,33480,0.812630117973629,1170.18736988203,0.594594594594595,285.405405405405,0.921875,885,2520,300,30600,0.76058292852186,1095.23941707148,0.403326403326403,193.596673596674,0.939583333333333,902,5640,360,39300,0.761276891047884,1096.23872310895,0.41995841995842,201.580041580042,0.932291666666667,895,6840,300,36540,0.71616932685635,1031.28383067314,0.345114345114345,165.654885654886,0.902083333333333,866,8100,1260,51360,0.705759888965996,1016.29424011103,0.328482328482329,157.671517671518,0.894791666666667,859,28.1666666666667,14.1538461538462,7.66666666666667,133.413043478261
"2026-01-31 10:00:00|Monitor46.txt|18",18,"2026-01-31 10:00:00|Monitor46.txt",2026-01-31T10:00:00Z,2026-02-06T10:30:00Z,"OK","M","DGRP161","21.5C","Winter","NA","08:12","M46","Batch23_DGRP",0.72017127647263,1037.04663812059,0.421381464769177,202.263103089205,0.869618055555556,834.833333333333,1320,480,25860,0.810548230395559,1167.1894517696,0.507276507276507,243.492723492724,0.9625,924,660,420,55800,0.696738376127689,1003.30326162387,0.395010395010395,189.60498960499,0.847916666666667,814,2280,480,51000,0.670367800138792,965.329632199861,0.328482328482329,157.671517671518,0.841666666666667,808,2580,600,29340,0.759888965995836,1094.240111034,0.492723492723493,236.507276507277,0.89375,858,10920,1140,51660,0.679389312977099,978.320610687023,0.432432432432432,207.567567567568,0.803125,771,15840,480,32580,0.702290076335878,1011.29770992366,0.37006237006237,177.629937629938,0.86875,834,20.3333333333333,27.5327868852459,21.8333333333333,39.0916030534351
"2026-01-31 10:00:00|Monitor46.txt|19",19,"2026-01-31 10:00:00|Monitor46.txt",2026-01-31T10:00:00Z,2026-02-06T10:30:00Z,"OK","M","DGRP161","21.5C","Winter","NA","08:12","M46","Batch23_DGRP",0.695405624349034,1001.38409906261,0.381811870878167,183.26969802152,0.852256944444445,818.166666666667,900,300,37380,0.66412213740458,956.335877862595,0.218295218295218,104.781704781705,0.8875,852,1200,420,37980,0.76058292852186,1095.23941707148,0.536382536382536,257.463617463618,0.872916666666667,838,2760,420,31200,0.741845940319223,1068.25815405968,0.395010395010395,189.60498960499,0.915625,879,4620,360,35880,0.621790423317141,895.378209576683,0.316008316008316,151.683991683992,0.775,744,5940,300,70800,0.731436502428869,1053.26856349757,0.474012474012474,227.525987525988,0.860416666666667,826,1800,420,35760,0.650936849410132,937.34906315059,0.349272349272349,167.650727650728,0.802083333333333,770,22.1666666666667,20.5263157894737,31,30.505376344086
"2026-01-31 10:00:00|Monitor46.txt|21",21,"2026-01-31 10:00:00|Monitor46.txt",2026-01-31T10:00:00Z,2026-02-06T10:30:00Z,"OK","M","DGRP161","21.5C","Winter","NA","08:12","M46","Batch23_DGRP",0.603865293368823,869.566022451105,0.135022561610552,64.8108295730649,0.838368055555556,804.833333333333,720,300,30900,0.647467036780014,932.35253296322,0.139293139293139,66.8607068607069,0.902083333333333,866,1440,420,28260,0.525329632199861,756.4746703678,0.166320166320166,79.8336798336798,0.705208333333333,677,24420,540,31740,0.650242886884108,936.349757113116,0.108108108108108,51.8918918918919,0.921875,885,25680,1200,27000,0.611380985426787,880.388619014573,0.103950103950104,49.8960498960499,0.865625,831,2100,300,27360,0.598889659958362,862.401110340042,0.116424116424116,55.8835758835759,0.840625,807,10440,300,34380,0.587786259541985,846.412213740458,0.174636174636175,83.8253638253639,0.794791666666667,763,10,48.5333333333333,21,44.5476190476191
"2026-01-31 10:00:00|Monitor46.txt|22",22,"2026-01-31 10:00:00|Monitor46.txt",2026-01-31T10:00:00Z,2026-02-06T10:30:00Z,"OK","M","DGRP161","21.5C","Winter","NA","08:12","M46","Batch23_DGRP",0.657909964124523,947.390348339313,0.246095105866019,118.125650815689,0.863888888888889,829.333333333333,3120,300,37920,0.534351145038168,769.465648854962,0.234927234927235,112.765072765073,0.684375,657,840,300,25980,0.698126301179736,1005.30187369882,0.25987525987526,124.740124740125,0.917708333333333,881,0,300,27720,0.689798750867453,993.310201249133,0.139293139293139,66.8607068607069,0.965625,927,60,300,51960,0.609299097848716,877.390700902151,0.0893970893970894,42.9106029106029,0.869791666666667,835,2700,360,26160,0.746703678001388,1075.253296322,0.363825363825364,174.636174636175,0.938541666666667,901,180,360,36720,0.668285912560722,962.331714087439,0.390852390852391,187.609147609148,0.807291666666667,775,18.6666666666667,35.5357142857143,17.5,43.1523809523809
"2026-01-31 10:00:00|Monitor46.txt|23",23,"2026-01-31 10:00:00|Monitor46.txt",2026-01-31T10:00:00Z,2026-02-06T10:30:00Z,"OK","M","DGRP161","21.5C","Winter","NA","08:12","M46","Batch23_DGRP",0.738687651892142,1063.71021872468,0.591808399861159,284.068031933356,0.812152777777778,779.666666666667,4740,360,46560,0.785565579458709,1131.21443442054,0.525987525987526,252.474012474012,0.915625,879,4920,300,27960,0.831367106176267,1197.16863289382,0.644490644490645,309.355509355509,0.925,888,4980,360,42300,0.664816099930604,957.335183900069,0.575883575883576,276.424116424116,0.709375,681,2280,540,40260,0.693962526023595,999.306037473976,0.546777546777547,262.453222453222,0.767708333333333,737,2880,300,42720,0.715475364330326,1030.28452463567,0.62993762993763,302.370062370062,0.758333333333333,728,8280,300,38340,0.739070090215128,1064.26092990978,0.623700623700624,299.376299376299,0.796875,765,18,34.3518518518519,9.16666666666667,88.4
"2026-01-31 10:00:00|Monitor46.txt|24",24,"2026-01-31 10:00:00|Monitor46.txt",2026-01-31T10:00:00Z,2026-02-06T10:30:00Z,"OK","M","DGRP161","21.5C","Winter","NA","08:12","M46","Batch23_DGRP",0.706515449600741,1017.38224742507,0.376952447066991,180.937174592155,0.871354166666667,836.5,6480,300,49020,0.773768216516308,1114.22623178348,0.444906444906445,213.555093555094,0.938541666666667,901,6720,300,40560,0.65440666204025,942.34559333796,0.324324324324324,155.675675675676,0.819791666666667,787,5280,300,69960,0.725190839694657,1044.27480916031,0.328482328482329,157.671517671518,0.923958333333333,887,10200,600,56280,0.775156141568355,1116.22484385843,0.58004158004158,278.419958419958,0.872916666666667,838,2700,300,41040,0.680777238029147,980.319222761971,0.276507276507277,132.723492723493,0.883333333333333,848,360,360,62100,0.62734212352533,903.372657876475,0.303534303534304,145.696465696466,0.789583333333333,758,24.5,18.4965986394558,18.6666666666667,51.1339285714286
"2026-01-31 10:00:00|Monitor46.txt|26",26,"2026-01-31 10:00:00|Monitor46.txt",2026-01-31T10:00:00Z,2026-02-06T10:30:00Z,"OK","M","DGRP161","21.5C","Winter","NA","08:12","M46","Batch23_DGRP",0.68209697951626,982.219650503414,0.424505380076362,203.762582436654,0.8109375,778.5,3600,300,41700,0.759888965995836,1094.240111034,0.513513513513514,246.486486486487,0.883333333333333,848,2820,540,66780,0.736988202637058,1061.26301179736,0.62993762993763,302.370062370062,0.790625,759,2220,480,32640,0.697432338653713,1004.30256766135,0.382536382536383,183.617463617464,0.855208333333333,821,5040,420,35520,0.662040249826509,953.337959750174,0.355509355509356,170.644490644491,0.815625,783,8640,300,30300,0.647467036780014,932.35253296322,0.338877338877339,162.661122661123,0.802083333333333,770,240,360,70440,0.587092297015961,845.412907702984,0.324324324324324,155.675675675676,0.71875,690,29.1666666666667,15.1257142857143,34.6666666666667,27.6634615384615
"2026-01-31 10:00:00|Monitor46.txt|27",27,"2026-01-31 10:00:00|Monitor46.txt",2026-01-31T10:00:00Z,2026-02-06T10:30:00Z,"OK","M","DGRP161","21.5C","Winter","NA","08:12","M46","Batch23_DGRP",0.890984839717625,1283.01816919338,0.750433877125998,360.208261020479,0.961284722222222,922.833333333333,4920,600,24360,0.861207494795281,1240.1387925052,0.623700623700624,299.376299376299,0.980208333333333,941,1380,1140,32280,0.938931297709924,1352.06106870229,0.83991683991684,403.160083160083,0.988541666666667,949,600,360,27420,0.913254684247051,1315.08674531575,0.887733887733888,426.112266112266,0.926041666666667,889,540,480,28020,0.888965995836225,1280.11103400416,0.775467775467775,372.224532224532,0.945833333333333,908,3180,420,27180,0.880638445523942,1268.11936155448,0.717255717255717,344.282744282744,0.9625,924,1080,360,26400,0.861901457321305,1241.13809854268,0.656964656964657,315.343035343035,0.964583333333333,926,21.1666666666667,54.8897637795275,5.33333333333333,48.875
"2026-01-31 10:00:00|Monitor46.txt|28",28,"2026-01-31 10:00:00|Monitor46.txt",2026-01-31T10:00:00Z,2026-02-06T10:30:00Z,"OK","M","DGRP161","21.5C","Winter","NA","08:12","M46","Batch23_DGRP",0.806851058905219,1161.86552482352,0.666782367233599,320.055536272128,0.876909722222222,841.833333333333,600,420,38940,0.678695350451076,977.321304649549,0.546777546777547,262.453222453222,0.744791666666667,715,840,360,26220,0.791117279666898,1139.20888272033,0.559251559251559,268.440748440748,0.907291666666667,871,1980,300,27480,0.920194309507287,1325.07980569049,0.844074844074844,405.155925155925,0.958333333333333,920,1860,420,32520,0.810548230395559,1167.1894517696,0.754677754677755,362.245322245322,0.838541666666667,805,180,360,32940,0.77029840388619,1109.22970159611,0.532224532224532,255.467775467776,0.889583333333333,854,180,2760,62460,0.869535045107564,1252.13046495489,0.762993762993763,366.237006237006,0.922916666666667,886,26.6666666666667,23.6625,17.1666666666667,45.5145631067961
"2026-01-31 10:00:00|Monitor46.txt|29",29,"2026-01-31 10:00:00|Monitor46.txt",2026-01-31T10:00:00Z,2026-02-06T10:30:00Z,"OK","M","DGRP161","21.5C","Winter","NA","08:12","M46","Batch23_DGRP",0.639162134012267,920.393472977665,0.413745227351614,198.597709128775,0.751909722222222,721.833333333333,7080,300,39540,0.504510756419153,726.495489243581,0.214137214137214,102.785862785863,0.65,624,660,480,52080,0.752255378209577,1083.24774462179,0.582120582120582,279.417879417879,0.8375,804,5880,300,42900,0.597501734906315,860.402498265094,0.318087318087318,152.681912681913,0.7375,708,2280,420,25920,0.673143650242887,969.326856349757,0.444906444906445,213.555093555094,0.7875,756,1980,300,33060,0.700208188757807,1008.29979181124,0.563409563409563,270.43659043659,0.76875,738,540,480,48480,0.605135322692575,871.394864677307,0.355509355509356,170.644490644491,0.730208333333333,701,26,18.9294871794872,25,36.8066666666667
"2026-01-31 10:00:00|Monitor46.txt|30",30,"2026-01-31 10:00:00|Monitor46.txt",2026-01-31T10:00:00Z,2026-02-06T10:30:00Z,"OK","M","DGRP161","21.5C","Winter","NA","08:12","M46","Batch23_DGRP",0.726999189908575,1046.87883346835,0.590767094758764,283.568205484207,0.795138888888889,763.333333333333,2040,660,41400,0.591256072172103,851.408743927828,0.27027027027027,129.72972972973,0.752083333333333,722,420,420,41520,0.722414989590562,1040.27758501041,0.713097713097713,342.286902286902,0.727083333333333,698,2820,300,26340,0.834836918806385,1202.16516308119,0.704781704781705,338.295218295218,0.9,864,4500,2100,38460,0.736988202637058,1061.26301179736,0.675675675675676,324.324324324324,0.767708333333333,737,420,840,53040,0.63705759888966,917.36294240111,0.528066528066528,253.471933471934,0.691666666666667,664,2280,360,24120,0.839000693962526,1208.16099930604,0.652806652806653,313.347193347193,0.932291666666667,895,18.1666666666667,38.6146788990826,12.1666666666667,59.0684931506849
"2026-01-31 10:00:00|Monitor46.txt|31",31,"2026-01-31 10:00:00|Monitor46.txt",2026-01-31T10:00:00Z,2026-02-06T10:30:00Z,"OK","M","DGRP161","21.5C","Winter","NA","08:12","M46","Batch23_DGRP",0.621803032056475,895.396366161324,0.205831308573412,98.7990281152378,0.829861111111111,796.666666666667,1560,300,27300,0.705065926439972,1015.29493407356,0.345114345114345,165.654885654886,0.885416666666667,850,11580,420,66360,0.526717557251908,758.473282442748,0.079002079002079,37.9209979209979,0.751041666666667,721,2160,300,62160,0.598195697432339,861.401804302568,0.116424116424116,55.8835758835759,0.839583333333333,806,1080,420,56340,0.583622484385843,840.416377515614,0.14968814968815,71.8503118503119,0.801041666666667,769,240,1500,37800,0.576682859125607,830.423317140875,0.124740124740125,59.8752598752599,0.803125,771,1020,300,17700,0.740458015267176,1066.25954198473,0.424116424116424,203.575883575884,0.898958333333333,863,11,63.969696969697,14.8333333333333,48.6067415730337
"2026-01-31 10:00:00|Monitor46.txt|32",32,"2026-01-31 10:00:00|Monitor46.txt",2026-01-31T10:00:00Z,2026-02-06T10:30:00Z,"OK","M","DGRP161","21.5C","Winter","NA","08:12","M46","Batch23_DGRP",0.717625274852448,1033.38039578752,0.371398819854217,178.271433530024,0.890798611111111,855.166666666667,7140,300,33840,0.786953504510756,1133.21304649549,0.534303534303534,256.465696465697,0.913541666666667,877,8040,600,69300,0.755031228313671,1087.24496877169,0.46985446985447,225.530145530146,0.897916666666667,862,18120,300,36060,0.665510062456627,958.334489937543,0.176715176715177,84.8232848232848,0.910416666666667,874,4260,360,38460,0.675225537820958,972.324774462179,0.24948024948025,119.75051975052,0.888541666666667,853,4680,300,34140,0.684247050659264,985.315752949341,0.311850311850312,149.68814968815,0.870833333333333,836,3720,480,62100,0.736988202637058,1061.26301179736,0.484407484407485,232.515592515593,0.863541666666667,829,16.1666666666667,23.8041237113402,25.1666666666667,40.9801324503311
"2026-01-31 10:00:00|Monitor47.txt|01",1,"2026-01-31 10:00:00|Monitor47.txt",2026-01-31T10:00:00Z,2026-02-06T10:30:00Z,"OK","M","DGRP761","21.5C","Winter","NA","08:12","M47","Batch23_DGRP",0.709061451220924,1021.04848975813,0.680666435265533,326.719888927456,0.723263888888889,694.333333333333,0,540,39960,0.775850104094379,1117.22414989591,0.731808731808732,351.268191268191,0.797916666666667,766,420,1320,42060,0.677307425399028,975.322692574601,0.681912681912682,327.318087318087,0.675,648,660,420,41100,0.675919500346981,973.324080499653,0.559251559251559,268.440748440748,0.734375,705,0,3120,41820,0.699514226231784,1007.30048577377,0.667359667359667,320.33264033264,0.715625,687,2220,360,42360,0.746009715475364,1074.25399028452,0.74012474012474,355.259875259875,0.748958333333333,719,2340,2100,49920,0.680777238029147,980.319222761971,0.706860706860707,339.293139293139,0.667708333333333,641,24.1666666666667,19.8068965517241,31.6666666666667,29.5578947368421
"2026-01-31 10:00:00|Monitor47.txt|06",6,"2026-01-31 10:00:00|Monitor47.txt",2026-01-31T10:00:00Z,2026-02-06T10:30:00Z,"OK","M","DGRP761","21.5C","Winter","NA","08:12","M47","Batch23_DGRP",0.582687188982757,839.06955213517,0.498090940645609,239.083651509892,0.625,600,420,4620,50160,0.536433032616239,772.463566967384,0.48024948024948,230.519750519751,0.564583333333333,542,600,540,55860,0.45176960444136,650.548230395559,0.367983367983368,176.632016632017,0.49375,474,1200,480,39840,0.574600971547536,827.425399028452,0.45945945945946,220.540540540541,0.632291666666667,607,180,300,51840,0.691880638445524,996.308119361555,0.654885654885655,314.345114345114,0.710416666666667,682,1320,420,50220,0.61970853573907,892.380291464261,0.482328482328482,231.517671517672,0.688541666666667,661,1260,360,44280,0.621096460791117,894.378903539209,0.542619542619543,260.45738045738,0.660416666666667,634,28.6666666666667,16.5058139534884,44.3333333333333,20.7781954887218
"2026-01-31 10:00:00|Monitor47.txt|07",7,"2026-01-31 10:00:00|Monitor47.txt",2026-01-31T10:00:00Z,2026-02-06T10:30:00Z,"OK","M","DGRP761","21.5C","Winter","NA","08:12","M47","Batch23_DGRP",0.708482814489064,1020.21525286425,0.619923637625824,297.563346060396,0.752777777777778,722.666666666667,900,3120,35580,0.721027064538515,1038.27897293546,0.548856548856549,263.451143451143,0.807291666666667,775,0,300,39240,0.714087439278279,1028.28591256072,0.681912681912682,327.318087318087,0.730208333333333,701,540,3420,37620,0.731436502428869,1053.26856349757,0.654885654885655,314.345114345114,0.769791666666667,739,2700,2580,48900,0.673143650242887,969.326856349757,0.548856548856549,263.451143451143,0.735416666666667,706,660,300,40320,0.723802914642609,1042.27619708536,0.611226611226611,293.388773388773,0.780208333333333,749,1380,2280,59100,0.686328938237335,988.313671061763,0.671517671517672,322.328482328482,0.69375,666,24.8333333333333,19.3288590604027,31.8333333333333,29.4973821989529
"2026-01-31 10:00:00|Monitor47.txt|09",9,"2026-01-31 10:00:00|Monitor47.txt",2026-01-31T10:00:00Z,2026-02-06T10:30:00Z,"OK","M","DGRP761","21.5C","Winter","NA","08:12","M47","Batch23_DGRP",0.618909848397176,891.230181691934,0.598750433877126,287.400208261021,0.628993055555556,603.833333333333,300,4380,58080,0.6911866759195,995.30881332408,0.607068607068607,291.392931392931,0.733333333333333,704,1200,420,53400,0.632199861207495,910.367800138792,0.66943866943867,321.330561330561,0.613541666666667,589,660,600,53820,0.648854961832061,934.351145038168,0.571725571725572,274.428274428274,0.6875,660,1500,420,42240,0.566967383761277,816.433032616239,0.615384615384615,295.384615384615,0.542708333333333,521,1740,1200,48480,0.621096460791117,894.378903539209,0.661122661122661,317.338877338877,0.601041666666667,577,720,300,42420,0.552394170714781,795.447605829285,0.465696465696466,223.534303534304,0.595833333333333,572,22.5,21.0666666666667,32.1666666666667,29.4300518134715
"2026-01-31 10:00:00|Monitor47.txt|10",10,"2026-01-31 10:00:00|Monitor47.txt",2026-01-31T10:00:00Z,2026-02-06T10:30:00Z,"OK","M","DGRP761","21.5C","Winter","NA","08:12","M47","Batch23_DGRP",0.773290128457354,1113.53778497859,0.749739673724401,359.875043387713,0.785069444444445,753.666666666667,0,480,42060,0.772380291464261,1112.22761970854,0.775467775467775,372.224532224532,0.770833333333333,740,720,360,45420,0.696738376127689,1003.30326162387,0.700623700623701,336.299376299376,0.694791666666667,667,2040,1860,45780,0.799444829979181,1151.20055517002,0.733887733887734,352.266112266112,0.832291666666667,799,1320,300,48900,0.835530881332408,1203.16446911867,0.771309771309771,370.22869022869,0.867708333333333,833,2820,660,39660,0.78764746703678,1134.21235253296,0.796257796257796,382.203742203742,0.783333333333333,752,1740,360,40080,0.748785565579459,1078.25121443442,0.723492723492724,347.276507276507,0.761458333333333,731,22.8333333333333,20.043795620438,34.6666666666667,27.4134615384615
"2026-01-31 10:00:00|Monitor47.txt|12",12,"2026-01-31 10:00:00|Monitor47.txt",2026-01-31T10:00:00Z,2026-02-06T10:30:00Z,"OK","M","DGRP761","21.5C","Winter","NA","08:12","M47","Batch23_DGRP",0.375998148362458,541.43733364194,0.318986463033669,153.113502256161,0.404513888888889,388.333333333333,0,300,55800,0.427480916030534,615.57251908397,0.446985446985447,214.553014553015,0.417708333333333,401,960,2580,54960,0.441360166551006,635.558639833449,0.286902286902287,137.713097713098,0.51875,498,3540,480,50100,0.377515614156836,543.622484385843,0.214137214137214,102.785862785863,0.459375,441,1440,1200,51360,0.343511450381679,494.656488549618,0.247401247401247,118.752598752599,0.391666666666667,376,720,300,65280,0.346981263011797,499.653018736988,0.374220374220374,179.62577962578,0.333333333333333,320,360,480,11820,0.317834836918806,457.682165163081,0.340956340956341,163.659043659044,0.30625,294,25.8333333333333,21.458064516129,46.8333333333333,18.2384341637011
"2026-01-31 10:00:00|Monitor47.txt|14",14,"2026-01-31 10:00:00|Monitor47.txt",2026-01-31T10:00:00Z,2026-02-06T10:30:00Z,"OK","M","DGRP761","21.5C","Winter","NA","08:12","M47","Batch23_DGRP",0.826177525749335,1189.69563707904,0.85213467545991,409.024644220757,0.813194444444445,780.666666666667,0,360,51180,0.90353920888272,1301.09646079112,0.937629937629938,450.06237006237,0.886458333333333,851,2460,7620,49740,0.861901457321305,1241.13809854268,0.9002079002079,432.099792099792,0.842708333333333,809,1800,5160,40860,0.859819569743234,1238.14018043026,0.883575883575884,424.116424116424,0.847916666666667,814,1620,480,44940,0.823039555863984,1185.17696044414,0.823284823284823,395.176715176715,0.822916666666667,790,2400,540,40260,0.827897293546149,1192.17210270645,0.823284823284823,395.176715176715,0.830208333333333,797,600,2220,53040,0.68147120055517,981.318528799445,0.746361746361746,358.253638253638,0.648958333333333,623,17,27.9313725490196,30.5,30.6393442622951
"2026-01-31 10:00:00|Monitor47.txt|16",16,"2026-01-31 10:00:00|Monitor47.txt",2026-01-31T10:00:00Z,2026-02-06T10:30:00Z,"OK","M","DGRP761","21.5C","Winter","NA","08:12","M47","Batch23_DGRP",0.579099641245226,833.903483393126,0.350572717806317,168.274904547032,0.693402777777778,665.666666666667,0,1440,40980,0.539902845246357,777.460097154754,0.191268191268191,91.8087318087318,0.714583333333333,686,2040,420,42000,0.594031922276197,855.405968077724,0.388773388773389,186.611226611227,0.696875,669,1500,660,44820,0.612074947952811,881.387925052047,0.417879417879418,200.582120582121,0.709375,681,60,420,44940,0.601665510062457,866.398334489938,0.378378378378378,181.621621621622,0.713541666666667,685,1560,300,36240,0.60235947258848,867.397640527412,0.436590436590437,209.56340956341,0.685416666666667,658,1440,1080,40320,0.522553782095767,752.477446217904,0.286902286902287,137.713097713098,0.640625,615,24.8333333333333,20.2751677852349,31.6666666666667,28.8631578947368
"2026-01-31 10:00:00|Monitor47.txt|18",18,"2026-01-31 10:00:00|Monitor47.txt",2026-01-31T10:00:00Z,2026-02-06T10:30:00Z,"OK","M","DGRP761","21.5C","Winter","NA","08:12","M47","Batch23_DGRP",0.639972225436871,921.560004629094,0.594238111766748,285.234293648039,0.662847222222222,636.333333333333,600,300,39480,0.662734212352533,954.337265787647,0.648648648648649,311.351351351351,0.669791666666667,643,360,300,53880,0.634281748785566,913.365718251214,0.555093555093555,266.444906444906,0.673958333333333,647,480,300,47220,0.623178348369188,897.376821651631,0.607068607068607,291.392931392931,0.63125,606,420,360,41700,0.673143650242887,969.326856349757,0.634095634095634,304.365904365904,0.692708333333333,665,2040,2160,39960,0.594031922276197,855.405968077724,0.596673596673597,286.403326403326,0.592708333333333,569,240,2820,47460,0.651630811936156,938.348369188064,0.521829521829522,250.47817047817,0.716666666666667,688,30,16.2166666666667,35.1666666666667,26.5402843601896
"2026-01-31 10:00:00|Monitor47.txt|19",19,"2026-01-31 10:00:00|Monitor47.txt",2026-01-31T10:00:00Z,2026-02-06T10:30:00Z,"OK","M","DGRP761","21.5C","Winter","NA","08:12","M47","Batch23_DGRP",0.708945723874552,1020.88184237935,0.721624435959736,346.379729260673,0.702604166666667,674.5,0,1320,48060,0.817487855655795,1177.18251214434,0.783783783783784,376.216216216216,0.834375,801,420,360,55980,0.745315752949341,1073.25468424705,0.725571725571726,348.274428274428,0.755208333333333,725,540,300,47400,0.677307425399028,975.322692574601,0.717255717255717,344.282744282744,0.657291666666667,631,600,1920,55500,0.690492713393477,994.309507286606,0.727650727650728,349.272349272349,0.671875,645,1680,420,45540,0.674531575294934,971.325468424705,0.696465696465697,334.303534303534,0.663541666666667,637,1260,600,52500,0.649548924358085,935.350451075642,0.681912681912682,327.318087318087,0.633333333333333,608,29.1666666666667,16.1828571428571,38.1666666666667,24.5720524017467
"2026-01-31 10:00:00|Monitor47.txt|23",23,"2026-01-31 10:00:00|Monitor47.txt",2026-01-31T10:00:00Z,2026-02-06T10:30:00Z,"OK","M","DGRP761","21.5C","Winter","NA","08:12","M47","Batch23_DGRP",0.472630482583034,680.58789491957,0.425893786879556,204.429017702187,0.496006944444445,476.166666666667,60,540,48480,0.617626648160999,889.382373351839,0.544698544698545,261.455301455301,0.654166666666667,628,1860,1380,49740,0.530187369882026,763.469812630118,0.457380457380458,219.54261954262,0.566666666666667,544,540,900,47640,0.52116585704372,750.478834142956,0.503118503118503,241.496881496882,0.530208333333333,509,120,360,47340,0.411519777931992,592.588480222068,0.401247401247401,192.598752598753,0.416666666666667,400,1320,960,48480,0.418459403192228,602.581540596808,0.384615384615385,184.615384615385,0.435416666666667,418,1740,360,2700,0.337265787647467,485.662734212353,0.266112266112266,127.733887733888,0.372916666666667,358,25.5,21.8104575163399,42.3333333333333,20.3228346456693
"2026-01-31 10:00:00|Monitor47.txt|24",24,"2026-01-31 10:00:00|Monitor47.txt",2026-01-31T10:00:00Z,2026-02-06T10:30:00Z,"OK","M","DGRP761","21.5C","Winter","NA","08:12","M47","Batch23_DGRP",0.666589515102419,959.888901747483,0.619576535925026,297.396737244013,0.690104166666667,662.5,780,1260,39060,0.723802914642609,1042.27619708536,0.671517671517672,322.328482328482,0.75,720,60,360,53580,0.700902151283831,1009.29909784872,0.742203742203742,356.257796257796,0.680208333333333,653,0,420,56760,0.667591950034698,961.332408049965,0.596673596673597,286.403326403326,0.703125,675,120,840,45960,0.610687022900763,879.389312977099,0.648648648648649,311.351351351351,0.591666666666667,568,900,300,47760,0.660652324774462,951.339347675226,0.553014553014553,265.446985446986,0.714583333333333,686,720,300,40200,0.634975711311589,914.365024288688,0.503118503118503,241.496881496882,0.701041666666667,673,25.6666666666667,19.2402597402597,42.6666666666667,21.453125
"2026-01-31 10:00:00|Monitor47.txt|25",25,"2026-01-31 10:00:00|Monitor47.txt",2026-01-31T10:00:00Z,2026-02-06T10:30:00Z,"OK","M","DGRP761","21.5C","Winter","NA","08:12","M47","Batch23_DGRP",0.611040388843884,879.898159935193,0.607080874696286,291.398819854217,0.613020833333333,588.5,0,300,51600,0.692574600971548,997.307425399029,0.671517671517672,322.328482328482,0.703125,675,4140,300,84720,0.628036086051353,904.371963913949,0.511434511434512,245.488565488566,0.686458333333333,659,10620,300,40080,0.626648160999306,902.373351839001,0.623700623700624,299.376299376299,0.628125,603,3300,420,40560,0.526023594725885,757.473976405274,0.534303534303534,256.465696465697,0.521875,501,10140,5520,40800,0.70853573907009,1020.29146426093,0.694386694386694,333.305613305613,0.715625,687,1560,300,7320,0.485773768216516,699.514226231784,0.611226611226611,293.388773388773,0.422916666666667,406,19.1666666666667,23.9478260869565,32.6666666666667,29.5255102040816
"2026-01-31 10:00:00|Monitor47.txt|27",27,"2026-01-31 10:00:00|Monitor47.txt",2026-01-31T10:00:00Z,2026-02-06T10:30:00Z,"OK","M","DGRP761","21.5C","Winter","NA","08:12","M47","Batch23_DGRP",0.64228677236431,924.892952204606,0.542172856646998,260.242971190559,0.692361111111111,664.666666666667,300,300,38640,0.625954198473283,901.374045801527,0.550935550935551,264.449064449064,0.663541666666667,637,0,480,41820,0.63705759888966,917.36294240111,0.517671517671518,248.482328482328,0.696875,669,480,1020,50820,0.636363636363636,916.363636363636,0.553014553014553,265.446985446986,0.678125,651,3600,480,37980,0.621790423317141,895.378209576683,0.422037422037422,202.577962577963,0.721875,693,1260,300,28500,0.642609299097849,925.357390700902,0.548856548856549,263.451143451143,0.689583333333333,662,1020,1620,39300,0.690492713393477,994.309507286606,0.663201663201663,318.336798336798,0.704166666666667,676,31.6666666666667,15.821052631579,42.3333333333333,21.255905511811
"2026-01-31 10:00:00|Monitor47.txt|28",28,"2026-01-31 10:00:00|Monitor47.txt",2026-01-31T10:00:00Z,2026-02-06T10:30:00Z,"OK","M","DGRP761","21.5C","Winter","NA","08:12","M47","Batch23_DGRP",0.663001967364888,954.722833005439,0.612634501909059,294.064560916348,0.688194444444445,660.666666666667,1140,420,38880,0.699514226231784,1007.30048577377,0.67983367983368,326.320166320166,0.709375,681,600,1860,50760,0.692574600971548,997.307425399029,0.602910602910603,289.397089397089,0.7375,708,360,300,56280,0.638445523941707,919.361554476058,0.565488565488566,271.434511434512,0.675,648,1980,360,46320,0.639139486467731,920.360860513532,0.582120582120582,279.417879417879,0.667708333333333,641,420,780,46980,0.683553088133241,984.316446911867,0.661122661122661,317.338877338877,0.694791666666667,667,720,300,50220,0.624566273421235,899.375433726579,0.584199584199584,280.4158004158,0.644791666666667,619,31,15.2043010752688,40.6666666666667,22.8196721311475
"2026-01-31 10:00:00|Monitor47.txt|30",30,"2026-01-31 10:00:00|Monitor47.txt",2026-01-31T10:00:00Z,2026-02-06T10:30:00Z,"OK","M","DGRP761","21.5C","Winter","NA","08:12","M47","Batch23_DGRP",0.598773290128457,862.233537784979,0.600138840680319,288.066643526553,0.598090277777778,574.166666666667,960,420,55200,0.640527411519778,922.35947258848,0.623700623700624,299.376299376299,0.648958333333333,623,420,1860,42840,0.6294240111034,906.370575988897,0.596673596673597,286.403326403326,0.645833333333333,620,1260,1980,58260,0.551006245662734,793.448993754337,0.565488565488566,271.434511434512,0.54375,522,4140,2160,57360,0.6294240111034,906.370575988897,0.615384615384615,295.384615384615,0.636458333333333,611,660,300,47100,0.616238723108952,887.383761276891,0.609147609147609,292.390852390852,0.619791666666667,595,360,360,49860,0.526717557251908,758.473282442748,0.592515592515593,284.407484407484,0.49375,474,25.3333333333333,18.8092105263158,46,20.3913043478261
"2026-01-31 10:00:00|Monitor47.txt|31",31,"2026-01-31 10:00:00|Monitor47.txt",2026-01-31T10:00:00Z,2026-02-06T10:30:00Z,"OK","M","DGRP761","21.5C","Winter","NA","08:12","M47","Batch23_DGRP",0.667168151834279,960.722138641361,0.611940298507463,293.731343283582,0.694791666666667,667,0,840,41460,0.755725190839695,1088.24427480916,0.642411642411642,308.357588357588,0.8125,780,1500,900,43320,0.712699514226232,1026.28730048577,0.650727650727651,312.349272349272,0.74375,714,660,540,52500,0.628730048577377,905.371269951423,0.555093555093555,266.444906444906,0.665625,639,1740,900,55320,0.661346287300486,952.338653712699,0.56964656964657,273.430353430353,0.707291666666667,679,300,360,73680,0.541290770298404,779.458709229702,0.604989604989605,290.39501039501,0.509375,489,840,1620,56100,0.702984038861901,1012.29701596114,0.648648648648649,311.351351351351,0.730208333333333,701,34.1666666666667,13.5609756097561,46.1666666666667,20.4079422382672
"2026-01-31 10:00:00|Monitor48.txt|01",1,"2026-01-31 10:00:00|Monitor48.txt",2026-01-31T10:00:00Z,2026-02-06T10:30:00Z,"OK","M","DGRP801","21.5C","Winter","NA","08:12","M48","Batch23_DGRP",0.705358176137021,1015.71577363731,0.680319333564735,326.553280111073,0.717881944444445,689.166666666667,0,780,57840,0.672449687716863,968.327550312283,0.673596673596674,323.326403326403,0.671875,645,660,2340,52740,0.662040249826509,953.337959750174,0.673596673596674,323.326403326403,0.65625,630,360,360,62700,0.720333102012491,1037.27966689799,0.694386694386694,333.305613305613,0.733333333333333,704,180,420,45060,0.701596113809854,1010.29840388619,0.600831600831601,288.399168399168,0.752083333333333,722,240,720,46140,0.726578764746704,1046.27342123525,0.700623700623701,336.299376299376,0.739583333333333,710,2700,900,59220,0.748091603053435,1077.25190839695,0.735966735966736,353.264033264033,0.754166666666667,724,34.1666666666667,13.609756097561,36.5,25.3470319634703
"2026-01-31 10:00:00|Monitor48.txt|02",2,"2026-01-31 10:00:00|Monitor48.txt",2026-01-31T10:00:00Z,2026-02-06T10:30:00Z,"OK","M","DGRP801","21.5C","Winter","NA","08:12","M48","Batch23_DGRP",0.768198125216989,1106.20530031246,0.758764317945158,364.206872613676,0.772916666666667,742,0,360,74880,0.773768216516308,1114.22623178348,0.752598752598753,361.247401247401,0.784375,753,1560,780,69000,0.775850104094379,1117.22414989591,0.794178794178794,381.205821205821,0.766666666666667,736,960,960,72000,0.732130464954892,1054.26786953505,0.738045738045738,354.261954261954,0.729166666666667,700,2880,2640,67320,0.757113115891742,1090.24288688411,0.767151767151767,368.232848232848,0.752083333333333,722,1020,2700,6120,0.789729354614851,1137.21027064539,0.762993762993763,366.237006237006,0.803125,771,1620,1200,63900,0.781401804302568,1125.2185981957,0.74012474012474,355.259875259875,0.802083333333333,770,21,22.015873015873,38.1666666666667,24.471615720524
"2026-01-31 10:00:00|Monitor48.txt|03",3,"2026-01-31 10:00:00|Monitor48.txt",2026-01-31T10:00:00Z,2026-02-06T10:30:00Z,"OK","M","DGRP801","21.5C","Winter","NA","08:12","M48","Batch23_DGRP",0.790186321027659,1137.86830227983,0.810829573064908,389.198195071156,0.779861111111111,748.666666666667,0,1140,44340,0.845940319222762,1218.15405968078,0.893970893970894,429.106029106029,0.821875,789,1140,300,42300,0.789729354614851,1137.21027064539,0.835758835758836,401.164241164241,0.766666666666667,736,1740,300,54000,0.771686328938237,1111.22831367106,0.781704781704782,375.218295218295,0.766666666666667,736,600,300,47880,0.723802914642609,1042.27619708536,0.663201663201663,318.336798336798,0.754166666666667,724,1860,540,29040,0.899375433726579,1295.10062456627,0.858627858627859,412.141372141372,0.919791666666667,883,1260,1980,52440,0.710617626648161,1023.28938237335,0.831600831600832,399.168399168399,0.65,624,19.1666666666667,24.7391304347826,33,28.0959595959596
"2026-01-31 10:00:00|Monitor48.txt|04",4,"2026-01-31 10:00:00|Monitor48.txt",2026-01-31T10:00:00Z,2026-02-06T10:30:00Z,"OK","M","DGRP801","21.5C","Winter","NA","08:12","M48","Batch23_DGRP",0.698993172086564,1006.55016780465,0.656022214508851,314.890662964249,0.720486111111111,691.666666666667,120,420,43260,0.697432338653713,1004.30256766135,0.677754677754678,325.322245322245,0.707291666666667,679,2340,1680,44880,0.699514226231784,1007.30048577377,0.675675675675676,324.324324324324,0.711458333333333,683,540,300,44760,0.663428174878557,955.336571825121,0.613305613305613,294.386694386694,0.688541666666667,661,300,1320,51180,0.738376127689105,1063.26162387231,0.654885654885655,314.345114345114,0.780208333333333,749,660,1200,49080,0.757807078417765,1091.24219292158,0.752598752598753,361.247401247401,0.760416666666667,730,1260,360,44820,0.637751561415684,918.362248438584,0.563409563409563,270.43659043659,0.675,648,29.6666666666667,16.1573033707865,34.8333333333333,26.5980861244019
"2026-01-31 10:00:00|Monitor48.txt|05",5,"2026-01-31 10:00:00|Monitor48.txt",2026-01-31T10:00:00Z,2026-02-06T10:30:00Z,"OK","M","DGRP801","21.5C","Winter","NA","08:12","M48","Batch23_DGRP",0.662539057979401,954.056243490337,0.688302672683096,330.385282887886,0.649652777777778,623.666666666667,1320,780,51720,0.659264399722415,949.340735600278,0.713097713097713,342.286902286902,0.632291666666667,607,1620,360,50040,0.655100624566273,943.344899375434,0.700623700623701,336.299376299376,0.632291666666667,607,420,780,50640,0.621096460791117,894.378903539209,0.642411642411642,308.357588357588,0.610416666666667,586,420,840,60660,0.687022900763359,989.312977099237,0.694386694386694,333.305613305613,0.683333333333333,656,480,540,65400,0.675919500346981,973.324080499653,0.673596673596674,323.326403326403,0.677083333333333,650,2400,1620,56220,0.675919500346981,973.324080499653,0.702702702702703,337.297297297297,0.6625,636,28.5,16.625730994152,46,20.1268115942029
"2026-01-31 10:00:00|Monitor48.txt|06",6,"2026-01-31 10:00:00|Monitor48.txt",2026-01-31T10:00:00Z,2026-02-06T10:30:00Z,"OK","M","DGRP801","21.5C","Winter","NA","08:12","M48","Batch23_DGRP",0.668672607337114,962.888554565444,0.646997570288094,310.558833738285,0.679513888888889,652.333333333333,0,840,73140,0.658570437196391,948.341429562804,0.613305613305613,294.386694386694,0.68125,654,960,780,71280,0.63705759888966,917.36294240111,0.609147609147609,292.390852390852,0.651041666666667,625,300,720,70500,0.68910478834143,992.310895211659,0.675675675675676,324.324324324324,0.695833333333333,668,1740,2340,74940,0.676613462873005,974.323386537127,0.717255717255717,344.282744282744,0.65625,630,300,1380,61440,0.667591950034698,961.332408049965,0.600831600831601,288.399168399168,0.701041666666667,673,240,780,52500,0.68147120055517,981.318528799445,0.661122661122661,317.338877338877,0.691666666666667,664,32.6666666666667,14.1836734693878,38.5,24.1818181818182
"2026-01-31 10:00:00|Monitor48.txt|07",7,"2026-01-31 10:00:00|Monitor48.txt",2026-01-31T10:00:00Z,2026-02-06T10:30:00Z,"OK","M","DGRP801","21.5C","Winter","NA","08:12","M48","Batch23_DGRP",0.607800023145469,875.232033329476,0.617841027421035,296.563693162097,0.602777777777778,578.666666666667,60,480,42300,0.588480222068008,847.411519777932,0.623700623700624,299.376299376299,0.570833333333333,548,60,480,38940,0.591256072172103,851.408743927828,0.67983367983368,326.320166320166,0.546875,525,60,300,41040,0.620402498265094,893.379597501735,0.607068607068607,291.392931392931,0.627083333333333,602,120,300,39900,0.608605135322693,876.391394864677,0.592515592515593,284.407484407484,0.616666666666667,592,1920,360,51780,0.607911172796669,875.392088827203,0.532224532224532,255.467775467776,0.645833333333333,620,420,480,52860,0.628730048577377,905.371269951423,0.667359667359667,320.33264033264,0.609375,585,37.8333333333333,11.8370044052863,52.6666666666667,17.5379746835443
"2026-01-31 10:00:00|Monitor48.txt|08",8,"2026-01-31 10:00:00|Monitor48.txt",2026-01-31T10:00:00Z,2026-02-06T10:30:00Z,"OK","M","DGRP801","21.5C","Winter","NA","08:12","M48","Batch23_DGRP",0.680361069320681,979.71993982178,0.569940992710864,273.571676501215,0.735590277777778,706.166666666667,840,1800,77040,0.675919500346981,973.324080499653,0.594594594594595,285.405405405405,0.716666666666667,688,1740,300,75780,0.707841776544067,1019.29215822346,0.627858627858628,301.372141372141,0.747916666666667,718,1140,360,50880,0.633587786259542,912.36641221374,0.46985446985447,225.530145530146,0.715625,687,420,1200,51600,0.662040249826509,953.337959750174,0.517671517671518,248.482328482328,0.734375,705,780,1680,55740,0.723108952116586,1041.27689104788,0.677754677754678,325.322245322245,0.745833333333333,716,780,300,43560,0.679389312977099,978.320610687023,0.532224532224532,255.467775467776,0.753125,723,31.1666666666667,14.9786096256684,45.5,20.4029304029304
"2026-01-31 10:00:00|Monitor48.txt|09",9,"2026-01-31 10:00:00|Monitor48.txt",2026-01-31T10:00:00Z,2026-02-06T10:30:00Z,"OK","M","DGRP801","21.5C","Winter","NA","08:12","M48","Batch23_DGRP",0.751417659993056,1082.04143039,0.7709128774731,370.038181187088,0.741666666666667,712,0,600,42480,0.779319916724497,1122.22068008328,0.856548856548857,411.143451143451,0.740625,711,180,420,43020,0.727966689798751,1048.2720333102,0.733887733887734,352.266112266112,0.725,696,240,300,42180,0.765440666204025,1102.2345593338,0.756756756756757,363.243243243243,0.769791666666667,739,1440,4380,43260,0.731436502428869,1053.26856349757,0.721413721413721,346.278586278586,0.736458333333333,707,1440,900,42540,0.727272727272727,1047.27272727273,0.717255717255717,344.282744282744,0.732291666666667,703,1680,1980,43020,0.777238029146426,1119.22276197085,0.83991683991684,403.160083160083,0.745833333333333,716,24,19.2013888888889,28.3333333333333,33.1647058823529
"2026-01-31 10:00:00|Monitor48.txt|14",14,"2026-01-31 10:00:00|Monitor48.txt",2026-01-31T10:00:00Z,2026-02-06T10:30:00Z,"OK","M","DGRP801","21.5C","Winter","NA","08:12","M48","Batch23_DGRP",0.76530494155769,1102.03911584307,0.74800416522041,359.041999305797,0.773958333333333,743,0,480,54480,0.763358778625954,1099.23664122137,0.829521829521829,398.170478170478,0.730208333333333,701,300,360,44820,0.675919500346981,973.324080499653,0.596673596673597,286.403326403326,0.715625,687,1320,2040,74400,0.747397640527412,1076.25260235947,0.727650727650728,349.272349272349,0.757291666666667,727,900,4020,67260,0.775850104094379,1117.22414989591,0.771309771309771,370.22869022869,0.778125,747,600,780,44280,0.790423317140875,1138.20957668286,0.833679833679834,400.16632016632,0.76875,738,3060,2340,38040,0.838306731436503,1207.16169326856,0.727650727650728,349.272349272349,0.89375,858,24.6666666666667,18.75,36.5,25.7305936073059
"2026-01-31 10:00:00|Monitor48.txt|15",15,"2026-01-31 10:00:00|Monitor48.txt",2026-01-31T10:00:00Z,2026-02-06T10:30:00Z,"OK","M","DGRP801","21.5C","Winter","NA","08:12","M48","Batch23_DGRP",0.760444393010068,1095.0399259345,0.750780978826796,360.374869836862,0.765277777777778,734.666666666667,360,1080,68520,0.783483691880639,1128.21651630812,0.802494802494803,385.197505197505,0.773958333333333,743,2820,1080,60120,0.712005551700208,1025.2879944483,0.706860706860707,339.293139293139,0.714583333333333,686,960,480,64320,0.770992366412214,1110.22900763359,0.744282744282744,357.255717255717,0.784375,753,240,480,54660,0.816099930603748,1175.1839000694,0.792099792099792,380.2079002079,0.828125,795,780,1020,8580,0.73351839000694,1056.26648160999,0.735966735966736,353.264033264033,0.732291666666667,703,0,420,64920,0.746703678001388,1075.253296322,0.723492723492724,347.276507276507,0.758333333333333,728,32.3333333333333,14.2731958762887,56,16.3303571428571
"2026-01-31 10:00:00|Monitor48.txt|16",16,"2026-01-31 10:00:00|Monitor48.txt",2026-01-31T10:00:00Z,2026-02-06T10:30:00Z,"OK","M","DGRP801","21.5C","Winter","NA","08:12","M48","Batch23_DGRP",0.747020020830922,1075.70882999653,0.713641096841375,342.54772648386,0.763715277777778,733.166666666667,0,720,43620,0.764746703678001,1101.23525329632,0.775467775467775,372.224532224532,0.759375,729,360,840,50640,0.756419153365718,1089.24358084663,0.752598752598753,361.247401247401,0.758333333333333,728,1080,540,72240,0.740458015267176,1066.25954198473,0.74012474012474,355.259875259875,0.740625,711,780,1380,57300,0.748091603053435,1077.25190839695,0.723492723492724,347.276507276507,0.760416666666667,730,120,420,49620,0.747397640527412,1076.25260235947,0.646569646569647,310.35343035343,0.797916666666667,766,0,1440,40620,0.723802914642609,1042.27619708536,0.64033264033264,307.359667359667,0.765625,735,33.1666666666667,13.8391959798995,26.8333333333333,35.2670807453416
"2026-01-31 10:00:00|Monitor48.txt|18",18,"2026-01-31 10:00:00|Monitor48.txt",2026-01-31T10:00:00Z,2026-02-06T10:30:00Z,"OK","M","DGRP801","21.5C","Winter","NA","08:12","M48","Batch23_DGRP",0.698298808008332,1005.550283532,0.774036792780285,371.537660534537,0.660416666666667,634,720,5580,47880,0.710617626648161,1023.28938237335,0.783783783783784,376.216216216216,0.673958333333333,647,2940,1500,74040,0.704371963913949,1014.29562803609,0.787941787941788,378.212058212058,0.6625,636,3540,4800,16320,0.702984038861901,1012.29701596114,0.812889812889813,390.18711018711,0.647916666666667,622,2160,300,2820,0.68147120055517,981.318528799445,0.721413721413721,346.278586278586,0.661458333333333,635,2220,2340,43500,0.713393476752255,1027.28660652325,0.781704781704782,375.218295218295,0.679166666666667,652,900,420,3540,0.678001387925052,976.321998612075,0.758835758835759,364.241164241164,0.6375,612,18.5,25.5315315315315,42,22.3492063492064
"2026-01-31 10:00:00|Monitor48.txt|19",19,"2026-01-31 10:00:00|Monitor48.txt",2026-01-31T10:00:00Z,2026-02-06T10:30:00Z,"OK","M","DGRP801","21.5C","Winter","NA","08:12","M48","Batch23_DGRP",0.646915866219188,931.55884735563,0.595973620270739,286.067337729955,0.672395833333333,645.5,2280,300,69300,0.583622484385843,840.416377515614,0.521829521829522,250.47817047817,0.614583333333333,590,900,420,72720,0.617626648160999,889.382373351839,0.53014553014553,254.469854469854,0.661458333333333,635,240,300,43260,0.573213046495489,825.426786953505,0.467775467775468,224.532224532225,0.626041666666667,601,540,300,73620,0.686328938237335,988.313671061763,0.607068607068607,291.392931392931,0.726041666666667,697,1020,720,73620,0.728660652324775,1049.27133934768,0.731808731808732,351.268191268191,0.727083333333333,698,300,300,73620,0.6911866759195,995.30881332408,0.715176715176715,343.284823284823,0.679166666666667,652,33.8333333333333,14.0935960591133,46.1666666666667,19.7725631768953
"2026-01-31 10:00:00|Monitor48.txt|20",20,"2026-01-31 10:00:00|Monitor48.txt",2026-01-31T10:00:00Z,2026-02-06T10:30:00Z,"OK","M","DGRP801","21.5C","Winter","NA","08:12","M48","Batch23_DGRP",0.746557111445435,1075.04224048143,0.673724401249566,323.387712599792,0.782986111111111,751.666666666667,1320,1680,46440,0.67175572519084,967.328244274809,0.46985446985447,225.530145530146,0.772916666666667,742,1200,300,52680,0.775850104094379,1117.22414989591,0.723492723492724,347.276507276507,0.802083333333333,770,3720,2160,45660,0.73351839000694,1056.26648160999,0.702702702702703,337.297297297297,0.748958333333333,719,1020,600,39840,0.757113115891742,1090.24288688411,0.721413721413721,346.278586278586,0.775,744,0,360,72180,0.746009715475364,1074.25399028452,0.700623700623701,336.299376299376,0.76875,738,1020,1080,41640,0.795975017349063,1146.20402498265,0.727650727650728,349.272349272349,0.830208333333333,797,27,16.8456790123457,31.3333333333333,30.281914893617
"2026-01-31 10:00:00|Monitor48.txt|21",21,"2026-01-31 10:00:00|Monitor48.txt",2026-01-31T10:00:00Z,2026-02-06T10:30:00Z,"OK","M","DGRP801","21.5C","Winter","NA","08:12","M48","Batch23_DGRP",0.679088068510589,977.886818655248,0.654633807705658,314.224227698716,0.691319444444445,663.666666666667,60,600,41340,0.680777238029147,980.319222761971,0.785862785862786,377.214137214137,0.628125,603,780,840,41100,0.685634975711312,987.314365024289,0.667359667359667,320.33264033264,0.694791666666667,667,1320,1980,58320,0.6911866759195,995.30881332408,0.663201663201663,318.336798336798,0.705208333333333,677,540,720,52680,0.661346287300486,952.338653712699,0.588357588357588,282.411642411642,0.697916666666667,670,720,1200,55020,0.718251214434421,1034.28174878557,0.725571725571726,348.274428274428,0.714583333333333,686,720,360,45360,0.638445523941707,919.361554476058,0.501039501039501,240.498960498961,0.707291666666667,679,28.5,16.6315789473684,40.1666666666667,22.8838174273859
"2026-01-31 10:00:00|Monitor48.txt|22",22,"2026-01-31 10:00:00|Monitor48.txt",2026-01-31T10:00:00Z,2026-02-06T10:30:00Z,"OK","M","DGRP801","21.5C","Winter","NA","08:12","M48","Batch23_DGRP",0.728272190718667,1048.71195463488,0.761541131551545,365.539743144741,0.711631944444445,683.166666666667,0,300,48720,0.744621790423317,1072.25537820958,0.750519750519751,360.24948024948,0.741666666666667,712,1020,2520,52440,0.72588480222068,1045.27411519778,0.79002079002079,379.209979209979,0.69375,666,300,1860,56940,0.736294240111034,1060.26370575989,0.756756756756757,363.243243243243,0.726041666666667,697,1140,540,52020,0.738376127689105,1063.26162387231,0.765072765072765,367.234927234927,0.725,696,240,720,54600,0.717557251908397,1033.28244274809,0.817047817047817,392.182952182952,0.667708333333333,641,420,1320,44460,0.706453851492019,1017.29354614851,0.688149688149688,330.31185031185,0.715625,687,21.5,21.7131782945736,49.1666666666667,18.9389830508475
"2026-01-31 10:00:00|Monitor48.txt|23",23,"2026-01-31 10:00:00|Monitor48.txt",2026-01-31T10:00:00Z,2026-02-06T10:30:00Z,"OK","M","DGRP801","21.5C","Winter","NA","08:12","M48","Batch23_DGRP",0.662423330633029,953.889596111561,0.612981603609858,294.231169732732,0.687152777777778,659.666666666667,1080,360,44820,0.614156835530881,884.385843164469,0.571725571725572,274.428274428274,0.635416666666667,610,600,600,42000,0.657182512144344,946.342817487856,0.654885654885655,314.345114345114,0.658333333333333,632,1200,1200,43380,0.657182512144344,946.342817487856,0.677754677754678,325.322245322245,0.646875,621,180,600,42120,0.709923664122137,1022.29007633588,0.644490644490645,309.355509355509,0.742708333333333,713,600,720,43440,0.684247050659264,985.315752949341,0.607068607068607,291.392931392931,0.722916666666667,694,1140,660,71280,0.650936849410132,937.34906315059,0.51975051975052,249.48024948025,0.716666666666667,688,31.5,17.1904761904762,29,29.9195402298851
"2026-01-31 10:00:00|Monitor48.txt|25",25,"2026-01-31 10:00:00|Monitor48.txt",2026-01-31T10:00:00Z,2026-02-06T10:30:00Z,"OK","M","DGRP801","21.5C","Winter","NA","08:12","M48","Batch23_DGRP",0.72549473440574,1044.71241754427,0.810829573064908,389.198195071156,0.6828125,655.5,480,840,57720,0.756419153365718,1089.24358084663,0.817047817047817,392.182952182952,0.726041666666667,697,2820,4620,55620,0.740458015267176,1066.25954198473,0.844074844074844,405.155925155925,0.688541666666667,661,600,2280,50880,0.731436502428869,1053.26856349757,0.785862785862786,377.214137214137,0.704166666666667,676,660,1560,48060,0.671061762664816,966.328938237335,0.808731808731809,388.191268191268,0.602083333333333,578,540,600,51600,0.711311589174185,1024.28868841083,0.785862785862786,377.214137214137,0.673958333333333,647,2220,4200,46320,0.74323386537127,1070.25676613463,0.825363825363825,396.174636174636,0.702083333333333,674,16.8333333333333,27.3564356435644,38.3333333333333,24.6260869565217
"2026-01-31 10:00:00|Monitor48.txt|27",27,"2026-01-31 10:00:00|Monitor48.txt",2026-01-31T10:00:00Z,2026-02-06T10:30:00Z,"OK","M","DGRP801","21.5C","Winter","NA","08:12","M48","Batch23_DGRP",0.560004629093855,806.406665895151,0.663658451926415,318.556056924679,0.508159722222222,487.833333333333,120,660,66120,0.567661346287301,817.432338653713,0.584199584199584,280.4158004158,0.559375,537,1920,1320,73020,0.544066620402498,783.455933379598,0.577962577962578,277.422037422037,0.527083333333333,506,60,300,15720,0.515614156835531,742.484385843165,0.607068607068607,291.392931392931,0.469791666666667,451,660,900,58260,0.521859819569743,751.47814018043,0.621621621621622,298.378378378378,0.471875,453,2580,1200,85800,0.552394170714781,795.447605829285,0.748440748440749,359.251559251559,0.454166666666667,436,6720,360,49440,0.659264399722415,949.340735600278,0.844074844074844,405.155925155925,0.566666666666667,544,28.1666666666667,19.1242603550296,46,18.8804347826087
"2026-01-31 10:00:00|Monitor48.txt|29",29,"2026-01-31 10:00:00|Monitor48.txt",2026-01-31T10:00:00Z,2026-02-06T10:30:00Z,"OK","M","DGRP801","21.5C","Winter","NA","08:12","M48","Batch23_DGRP",0.709755815299155,1022.04837403078,0.78549114890663,377.035751475182,0.671875,645,720,1740,45780,0.655794587092297,944.344205412908,0.706860706860707,339.293139293139,0.630208333333333,605,180,720,62340,0.657182512144344,946.342817487856,0.698544698544699,335.301455301455,0.636458333333333,611,1020,2460,45540,0.70853573907009,1020.29146426093,0.821205821205821,394.178794178794,0.652083333333333,626,2220,300,43020,0.75086745315753,1081.24913254684,0.831600831600832,399.168399168399,0.710416666666667,682,840,300,76980,0.729354614850798,1050.27064538515,0.817047817047817,392.182952182952,0.685416666666667,658,360,780,53100,0.757113115891742,1090.24288688411,0.837837837837838,402.162162162162,0.716666666666667,688,24.8333333333333,20.3087248322148,36.8333333333333,24.5158371040724
"2026-01-31 10:00:00|Monitor48.txt|30",30,"2026-01-31 10:00:00|Monitor48.txt",2026-01-31T10:00:00Z,2026-02-06T10:30:00Z,"OK","M","DGRP801","21.5C","Winter","NA","08:12","M48","Batch23_DGRP",0.682328434209004,982.552945260965,0.638667129468935,306.560222145089,0.704166666666667,676,600,420,68220,0.759195003469813,1093.24080499653,0.754677754677755,362.245322245322,0.761458333333333,731,420,300,41700,0.734212352532963,1057.26578764747,0.738045738045738,354.261954261954,0.732291666666667,703,1380,540,71760,0.67175572519084,967.328244274809,0.634095634095634,304.365904365904,0.690625,663,1440,1080,49560,0.671061762664816,966.328938237335,0.644490644490645,309.355509355509,0.684375,657,120,780,50280,0.616932685634976,888.383067314365,0.555093555093555,266.444906444906,0.647916666666667,622,0,300,52860,0.641221374045801,923.358778625954,0.507276507276507,243.492723492724,0.708333333333333,680,28.1666666666667,20.1005917159763,26.8333333333333,31.1428571428571
"2026-01-31 10:00:00|Monitor48.txt|31",31,"2026-01-31 10:00:00|Monitor48.txt",2026-01-31T10:00:00Z,2026-02-06T10:30:00Z,"OK","M","DGRP801","21.5C","Winter","NA","08:12","M48","Batch23_DGRP",0.706978358986229,1018.04883694017,0.767441860465116,368.372093023256,0.676736111111111,649.666666666667,0,840,54900,0.707841776544067,1019.29215822346,0.806652806652807,387.193347193347,0.658333333333333,632,300,300,44580,0.68147120055517,981.318528799445,0.698544698544699,335.301455301455,0.672916666666667,646,180,780,53220,0.684941013185288,986.315058986815,0.696465696465697,334.303534303534,0.679166666666667,652,780,900,45360,0.759888965995836,1094.240111034,0.864864864864865,415.135135135135,0.707291666666667,679,1560,960,45060,0.719639139486468,1036.28036086051,0.806652806652807,387.193347193347,0.676041666666667,649,1140,720,49620,0.687022900763359,989.312977099237,0.727650727650728,349.272349272349,0.666666666666667,640,25.6666666666667,18.8441558441559,33.5,27.2636815920398
"2026-01-31 10:00:00|Monitor48.txt|32",32,"2026-01-31 10:00:00|Monitor48.txt",2026-01-31T10:00:00Z,2026-02-06T10:30:00Z,"OK","M","DGRP801","21.5C","Winter","NA","08:12","M48","Batch23_DGRP",0.690545075801412,994.384909154033,0.737938215897258,354.210343630684,0.666840277777778,640.166666666667,900,360,54240,0.642609299097849,925.357390700902,0.688149688149688,330.31185031185,0.619791666666667,595,420,1080,48000,0.700902151283831,1009.29909784872,0.783783783783784,376.216216216216,0.659375,633,3900,420,54540,0.69882026370576,1006.30117973629,0.77962577962578,374.220374220374,0.658333333333333,632,300,1380,48960,0.705065926439972,1015.29493407356,0.715176715176715,343.284823284823,0.7,672,60,2400,53040,0.736988202637058,1061.26301179736,0.796257796257796,382.203742203742,0.707291666666667,679,120,720,48600,0.657876474670368,947.34212352533,0.661122661122661,317.338877338877,0.65625,630,23.1666666666667,20.1942446043165,44.5,20.9550561797753
"2026-01-31 10:00:00|Monitor49.txt|01",1,"2026-01-31 10:00:00|Monitor49.txt",2026-01-31T10:00:00Z,2026-02-06T10:30:00Z,"OK","M","DGRP805","21.5C","Winter","NA","08:12","M49","Batch23_DGRP",0.472051845851175,679.754658025692,0.489066296424853,234.751822283929,0.463541666666667,445,1560,360,36600,0.548924358084664,790.451075641915,0.661122661122661,317.338877338877,0.492708333333333,473,1980,960,42000,0.428174878556558,616.571825121444,0.326403326403326,156.673596673597,0.479166666666667,460,1140,540,43620,0.467036780013879,672.532963219986,0.428274428274428,205.571725571726,0.486458333333333,467,4140,1920,38520,0.449687716863289,647.550312283137,0.417879417879418,200.582120582121,0.465625,447,540,540,34620,0.519083969465649,747.480916030534,0.56964656964657,273.430353430353,0.49375,474,60,300,43260,0.418459403192228,602.581540596808,0.528066528066528,253.471933471934,0.363541666666667,349,22,24.8712121212121,21.6666666666667,40.1230769230769
"2026-01-31 10:00:00|Monitor49.txt|02",2,"2026-01-31 10:00:00|Monitor49.txt",2026-01-31T10:00:00Z,2026-02-06T10:30:00Z,"OK","M","DGRP805","21.5C","Winter","NA","08:12","M49","Batch23_DGRP",0.209350769586853,301.465108205069,0.24366539396043,116.959389101007,0.1921875,184.5,4140,300,39480,0.274809160305344,395.725190839695,0.176715176715177,84.8232848232848,0.323958333333333,311,1080,1920,8880,0.359472588480222,517.64052741152,0.484407484407485,232.515592515593,0.296875,285,360,300,43200,0.186675919500347,268.8133240805,0.274428274428274,131.725571725572,0.142708333333333,137,1920,360,6600,0.206106870229008,296.793893129771,0.291060291060291,139.70893970894,0.163541666666667,157,5040,360,15780,0.11380985426787,163.886190145732,0.118503118503119,56.8814968814969,0.111458333333333,107,4500,300,15960,0.115197779319917,165.88480222068,0.116424116424116,55.8835758835759,0.114583333333333,110,18.5,32.2162162162162,30.6666666666667,27.0163043478261
"2026-01-31 10:00:00|Monitor49.txt|04",4,"2026-01-31 10:00:00|Monitor49.txt",2026-01-31T10:00:00Z,2026-02-06T10:30:00Z,"OK","M","DGRP805","21.5C","Winter","NA","08:12","M49","Batch23_DGRP",0.580719824094434,836.236546695984,0.534189517528636,256.410968413745,0.603993055555556,579.833333333333,1740,300,50160,0.436502428868841,628.563497571131,0.498960498960499,239.50103950104,0.405208333333333,389,780,420,42840,0.510062456627342,734.489937543373,0.395010395010395,189.60498960499,0.567708333333333,545,780,300,10560,0.419153365718251,603.580846634282,0.474012474012474,227.525987525988,0.391666666666667,376,900,300,59880,0.664816099930604,957.335183900069,0.600831600831601,288.399168399168,0.696875,669,420,1140,38280,0.766828591256072,1104.23317140874,0.654885654885655,314.345114345114,0.822916666666667,790,2220,300,70380,0.685634975711312,987.314365024289,0.577962577962578,277.422037422037,0.739583333333333,710,30.8333333333333,17.6864864864865,42.8333333333333,19.8093385214008
"2026-01-31 10:00:00|Monitor49.txt|05",5,"2026-01-31 10:00:00|Monitor49.txt",2026-01-31T10:00:00Z,2026-02-06T10:30:00Z,"OK","M","DGRP805","21.5C","Winter","NA","08:12","M49","Batch23_DGRP",0.4682328434209,674.255294526097,0.401596667823672,192.766400555363,0.5015625,481.5,1800,780,41340,0.421235253296322,606.578764746704,0.41995841995842,201.580041580042,0.421875,405,1260,1020,47700,0.541290770298404,779.458709229702,0.432432432432432,207.567567567568,0.595833333333333,572,480,420,37740,0.464260929909785,668.53573907009,0.363825363825364,174.636174636175,0.514583333333333,494,540,1140,43860,0.51353226925746,739.486467730743,0.407484407484407,195.592515592516,0.566666666666667,544,1560,420,50820,0.376821651630812,542.623178348369,0.349272349272349,167.650727650728,0.390625,375,240,540,44280,0.490631505898682,706.509368494101,0.432432432432432,207.567567567568,0.519791666666667,499,21.6666666666667,27.0692307692308,34.3333333333333,24.2281553398058
"2026-01-31 10:00:00|Monitor49.txt|06",6,"2026-01-31 10:00:00|Monitor49.txt",2026-01-31T10:00:00Z,2026-02-06T10:30:00Z,"OK","M","DGRP805","21.5C","Winter","NA","08:12","M49","Batch23_DGRP",0.379007059368129,545.770165490105,0.433530024297119,208.094411662617,0.351736111111111,337.666666666667,6360,360,44340,0.302567661346287,435.697432338654,0.299376299376299,143.700623700624,0.304166666666667,292,60,2280,44160,0.399028452463567,574.600971547536,0.56964656964657,273.430353430353,0.313541666666667,301,180,360,5460,0.383761276891048,552.616238723109,0.505197505197505,242.494802494803,0.322916666666667,310,1200,300,40980,0.414295628036086,596.585704371964,0.455301455301455,218.544698544699,0.39375,378,420,1500,41160,0.384455239417072,553.615544760583,0.386694386694387,185.613305613306,0.383333333333333,368,1200,1740,37020,0.390700902151284,562.609299097849,0.386694386694387,185.613305613306,0.392708333333333,377,17.8333333333333,33.5514018691589,28.6666666666667,28.7267441860465
"2026-01-31 10:00:00|Monitor49.txt|07",7,"2026-01-31 10:00:00|Monitor49.txt",2026-01-31T10:00:00Z,2026-02-06T10:30:00Z,"OK","M","DGRP805","21.5C","Winter","NA","08:12","M49","Batch23_DGRP",0.461173475292212,664.089804420785,0.630336688649774,302.561610551892,0.3765625,361.5,300,420,39600,0.392088827203331,564.607911172797,0.573804573804574,275.426195426195,0.301041666666667,289,660,600,8040,0.614156835530881,884.385843164469,0.69022869022869,331.309771309771,0.576041666666667,553,300,600,18060,0.510756419153366,735.489243580847,0.681912681912682,327.318087318087,0.425,408,240,1260,4380,0.505204718945177,727.494795281055,0.777546777546778,373.222453222453,0.36875,354,1200,1020,4980,0.39764052741152,572.602359472588,0.596673596673597,286.403326403326,0.297916666666667,286,780,300,13980,0.347675225537821,500.652324774462,0.461538461538462,221.538461538462,0.290625,279,19.8333333333333,26.7478991596639,42.3333333333333,20.8503937007874
"2026-01-31 10:00:00|Monitor49.txt|09",9,"2026-01-31 10:00:00|Monitor49.txt",2026-01-31T10:00:00Z,2026-02-06T10:30:00Z,"OK","M","DGRP805","21.5C","Winter","NA","08:12","M49","Batch23_DGRP",0.496354588589284,714.750607568569,0.536272127733426,257.410621312044,0.476388888888889,457.333333333333,3060,300,41160,0.474670367800139,683.5253296322,0.540540540540541,259.459459459459,0.441666666666667,424,720,360,38220,0.462873004857738,666.537126995142,0.494802494802495,237.505197505198,0.446875,429,1140,480,8520,0.462179042331714,665.537820957668,0.555093555093555,266.444906444906,0.415625,399,3120,420,40200,0.470506592643997,677.529493407356,0.492723492723493,236.507276507277,0.459375,441,1560,360,6720,0.534351145038168,769.465648854962,0.532224532224532,255.467775467776,0.535416666666667,514,60,420,15420,0.571825121443442,823.428174878557,0.596673596673597,286.403326403326,0.559375,537,26.3333333333333,22.8101265822785,44.6666666666667,18.0597014925373
"2026-01-31 10:00:00|Monitor49.txt|10",10,"2026-01-31 10:00:00|Monitor49.txt",2026-01-31T10:00:00Z,2026-02-06T10:30:00Z,"OK","M","DGRP805","21.5C","Winter","NA","08:12","M49","Batch23_DGRP",0.603865293368823,869.566022451105,0.552238805970149,265.074626865672,0.6296875,604.5,5400,360,40680,0.452463566967384,651.547536433033,0.241164241164241,115.758835758836,0.558333333333333,536,1500,600,45780,0.539902845246357,777.460097154754,0.563409563409563,270.43659043659,0.528125,507,2700,600,34980,0.524635669673838,755.475364330326,0.553014553014553,265.446985446986,0.510416666666667,490,1140,420,35940,0.639833448993754,921.360166551006,0.600831600831601,288.399168399168,0.659375,633,2460,360,48000,0.699514226231784,1007.30048577377,0.636174636174636,305.363825363825,0.73125,702,0,3480,37020,0.766828591256072,1104.23317140874,0.719334719334719,345.280665280665,0.790625,759,22.6666666666667,22.4117647058824,41.3333333333333,21.8911290322581
"2026-01-31 10:00:00|Monitor49.txt|11",11,"2026-01-31 10:00:00|Monitor49.txt",2026-01-31T10:00:00Z,2026-02-06T10:30:00Z,"OK","M","DGRP805","21.5C","Winter","NA","08:12","M49","Batch23_DGRP",0.605948385603518,872.565675269066,0.755987504338771,362.87400208261,0.530902777777778,509.666666666667,600,660,38160,0.614850798056905,885.385149201943,0.802494802494803,385.197505197505,0.520833333333333,500,180,300,36420,0.577376821651631,831.422623178349,0.702702702702703,337.297297297297,0.514583333333333,494,600,900,35580,0.596113809854268,858.403886190146,0.713097713097713,342.286902286902,0.5375,516,60,2520,34380,0.628730048577377,905.371269951423,0.792099792099792,380.2079002079,0.546875,525,900,9360,40500,0.637751561415684,918.362248438584,0.762993762993763,366.237006237006,0.575,552,120,5220,38040,0.578764746703678,833.421235253296,0.754677754677755,362.245322245322,0.490625,471,17.8333333333333,31.6168224299065,14,60.9166666666667
"2026-01-31 10:00:00|Monitor49.txt|12",12,"2026-01-31 10:00:00|Monitor49.txt",2026-01-31T10:00:00Z,2026-02-06T10:30:00Z,"OK","M","DGRP805","21.5C","Winter","NA","08:12","M49","Batch23_DGRP",0.777687767619488,1119.87038537206,0.844845539743145,405.52585907671,0.744097222222222,714.333333333333,0,7380,13560,0.788341429562804,1135.21165857044,0.898128898128898,431.101871101871,0.733333333333333,704,6000,3960,83040,0.766828591256072,1104.23317140874,0.841995841995842,404.158004158004,0.729166666666667,700,15780,7020,15780,0.798750867453158,1150.20124913255,0.866943866943867,416.133056133056,0.764583333333333,734,4140,4440,8940,0.807772380291464,1163.19222761971,0.825363825363825,396.174636174636,0.798958333333333,767,1260,1140,49680,0.782789729354615,1127.21721027065,0.808731808731809,388.191268191268,0.769791666666667,739,1920,300,10380,0.722414989590562,1040.27758501041,0.829521829521829,398.170478170478,0.66875,642,10.5,43.8571428571429,36.5,25.7671232876712
"2026-01-31 10:00:00|Monitor49.txt|16",16,"2026-01-31 10:00:00|Monitor49.txt",2026-01-31T10:00:00Z,2026-02-06T10:30:00Z,"OK","M","DGRP805","21.5C","Winter","NA","08:12","M49","Batch23_DGRP",0.539868070825136,777.410021988196,0.576188823325234,276.570635196112,0.521701388888889,500.833333333333,1680,1560,35220,0.612768910478834,882.387231089521,0.769230769230769,369.230769230769,0.534375,513,1140,780,3060,0.566273421235253,815.433726578765,0.615384615384615,295.384615384615,0.541666666666667,520,1740,960,2760,0.538514920194309,775.461485079806,0.559251559251559,268.440748440748,0.528125,507,6120,4080,34260,0.536433032616239,772.463566967384,0.490644490644491,235.509355509356,0.559375,537,3960,9840,3960,0.451075641915337,649.548924358085,0.484407484407485,232.515592515593,0.434375,417,360,5400,35700,0.532963219986121,767.467036780014,0.534303534303534,256.465696465697,0.532291666666667,511,12.5,40.2666666666667,26.5,34.4905660377359
"2026-01-31 10:00:00|Monitor49.txt|18",18,"2026-01-31 10:00:00|Monitor49.txt",2026-01-31T10:00:00Z,2026-02-06T10:30:00Z,"OK","M","DGRP805","21.5C","Winter","NA","08:12","M49","Batch23_DGRP",0.537669251244069,774.243721791459,0.710864283234988,341.214855952794,0.451041666666667,433,0,960,37680,0.566967383761277,816.433032616239,0.777546777546778,373.222453222453,0.461458333333333,443,0,540,2280,0.599583622484386,863.400416377516,0.746361746361746,358.253638253638,0.526041666666667,505,3900,480,41640,0.473976405274115,682.526023594726,0.656964656964657,315.343035343035,0.382291666666667,367,6360,300,40620,0.507286606523248,730.492713393477,0.584199584199584,280.4158004158,0.46875,450,8820,720,84480,0.566967383761277,816.433032616239,0.781704781704782,375.218295218295,0.459375,441,15420,420,51540,0.512838306731437,738.487161693269,0.721413721413721,346.278586278586,0.408333333333333,392,16,32.4375,26.3333333333333,34.1772151898734
"2026-01-31 10:00:00|Monitor49.txt|19",19,"2026-01-31 10:00:00|Monitor49.txt",2026-01-31T10:00:00Z,2026-02-06T10:30:00Z,"OK","M","DGRP805","21.5C","Winter","NA","08:12","M49","Batch23_DGRP",0.347644948501331,500.608725841916,0.625824366539396,300.39569593891,0.208506944444444,200.166666666667,0,300,10080,0.38792505204719,558.612074947953,0.719334719334719,345.280665280665,0.221875,213,1260,1020,2400,0.452463566967384,651.547536433033,0.700623700623701,336.299376299376,0.328125,315,2220,480,5760,0.319916724496877,460.680083275503,0.671517671517672,322.328482328482,0.14375,138,2220,420,7500,0.275503122831367,396.724496877169,0.561330561330561,269.43866943867,0.132291666666667,127,2700,540,4440,0.273421235253296,393.726578764747,0.440748440748441,211.559251559252,0.189583333333333,182,180,300,12840,0.377515614156836,543.622484385843,0.661122661122661,317.338877338877,0.235416666666667,226,18.1666666666667,34.0366972477064,21.3333333333333,37.0546875
"2026-01-31 10:00:00|Monitor49.txt|20",20,"2026-01-31 10:00:00|Monitor49.txt",2026-01-31T10:00:00Z,2026-02-06T10:30:00Z,"OK","M","DGRP805","21.5C","Winter","NA","08:12","M49","Batch23_DGRP",0.466265478532577,671.422289086911,0.423811176674766,203.429364803888,0.4875,468,420,540,41820,0.594031922276197,855.405968077724,0.484407484407485,232.515592515593,0.648958333333333,623,1020,540,44460,0.489243580846634,704.510756419153,0.51975051975052,249.48024948025,0.473958333333333,455,420,600,42900,0.45940319222762,661.540596807773,0.392931392931393,188.607068607069,0.492708333333333,473,1320,660,37080,0.454545454545455,654.545454545455,0.397089397089397,190.602910602911,0.483333333333333,464,2340,300,42900,0.398334489937543,573.601665510063,0.422037422037422,202.577962577963,0.386458333333333,371,420,720,50700,0.401110340041638,577.598889659958,0.324324324324324,155.675675675676,0.439583333333333,422,26.1666666666667,22.2802547770701,33.1666666666667,24.9698492462312
"2026-01-31 10:00:00|Monitor49.txt|21",21,"2026-01-31 10:00:00|Monitor49.txt",2026-01-31T10:00:00Z,2026-02-06T10:30:00Z,"OK","M","DGRP805","21.5C","Winter","NA","08:12","M49","Batch23_DGRP",0.457238745515565,658.423793542414,0.718500520652551,344.880249913225,0.3265625,313.5,2040,360,6600,0.42470506592644,611.575294934074,0.715176715176715,343.284823284823,0.279166666666667,268,1020,1980,4320,0.492713393476752,709.507286606523,0.79002079002079,379.209979209979,0.34375,330,1380,300,3360,0.564191533657183,812.435808466343,0.754677754677755,362.245322245322,0.46875,450,1020,600,7620,0.4323386537127,622.567661346287,0.721413721413721,346.278586278586,0.2875,276,60,300,7140,0.439278278972935,632.560721721027,0.667359667359667,320.33264033264,0.325,312,840,2520,8100,0.39000693962526,561.609993060375,0.659043659043659,316.340956340956,0.255208333333333,245,15.5,39.0107526881721,31.5,25.9206349206349
"2026-01-31 10:00:00|Monitor49.txt|22",22,"2026-01-31 10:00:00|Monitor49.txt",2026-01-31T10:00:00Z,2026-02-06T10:30:00Z,"OK","M","DGRP805","21.5C","Winter","NA","08:12","M49","Batch23_DGRP",0.435250549704895,626.760791575049,0.440124956612287,211.259979173898,0.4328125,415.5,7860,840,43320,0.3705759888966,533.629424011104,0.230769230769231,110.769230769231,0.440625,423,1500,360,46920,0.421929215822346,607.578070784178,0.297297297297297,142.702702702703,0.484375,465,1020,540,39900,0.53088133240805,764.469118667592,0.546777546777547,262.453222453222,0.522916666666667,502,720,1080,40080,0.445523941707148,641.554476058293,0.492723492723493,236.507276507277,0.421875,405,480,1200,1740,0.472588480222068,680.527411519778,0.634095634095634,304.365904365904,0.391666666666667,376,360,480,43560,0.3705759888966,533.629424011104,0.440748440748441,211.559251559252,0.335416666666667,322,12.3333333333333,51.027027027027,16.3333333333333,48.530612244898
"2026-01-31 10:00:00|Monitor49.txt|23",23,"2026-01-31 10:00:00|Monitor49.txt",2026-01-31T10:00:00Z,2026-02-06T10:30:00Z,"OK","M","DGRP805","21.5C","Winter","NA","08:12","M49","Batch23_DGRP",0.470431663001967,677.421594722833,0.644220756681708,309.22596320722,0.383506944444444,368.166666666667,0,420,2820,0.519777931991673,748.480222068008,0.598752598752599,287.401247401247,0.480208333333333,461,960,2880,14040,0.449687716863289,647.550312283137,0.602910602910603,289.397089397089,0.372916666666667,358,960,480,3660,0.559333795975017,805.440666204025,0.671517671517672,322.328482328482,0.503125,483,2820,300,4560,0.456627342123525,657.543372657877,0.681912681912682,327.318087318087,0.34375,330,1980,3660,44280,0.474670367800139,683.5253296322,0.686070686070686,329.313929313929,0.36875,354,600,2340,21420,0.361554476058293,520.638445523942,0.61954261954262,297.380457380457,0.232291666666667,223,17.8333333333333,35.4672897196262,42.3333333333333,18.6771653543307
"2026-01-31 10:00:00|Monitor49.txt|24",24,"2026-01-31 10:00:00|Monitor49.txt",2026-01-31T10:00:00Z,2026-02-06T10:30:00Z,"OK","M","DGRP805","21.5C","Winter","NA","08:12","M49","Batch23_DGRP",0.537784978590441,774.410369170235,0.734120097188476,352.377646650469,0.439583333333333,422,660,540,5520,0.516308119361555,743.483691880639,0.762993762993763,366.237006237006,0.392708333333333,377,60,7980,8220,0.512144344205413,737.487855655795,0.783783783783784,376.216216216216,0.376041666666667,361,2880,10860,37800,0.614156835530881,884.385843164469,0.74012474012474,355.259875259875,0.551041666666667,529,3000,14940,36060,0.562109646079112,809.437890353921,0.752598752598753,361.247401247401,0.466666666666667,448,12420,4920,84720,0.514226231783484,740.485773768217,0.738045738045738,354.261954261954,0.402083333333333,386,11640,1320,35880,0.508674531575295,732.491325468425,0.627858627858628,301.372141372141,0.448958333333333,431,7,73.0714285714286,26.3333333333333,34.7341772151899
"2026-01-31 10:00:00|Monitor49.txt|25",25,"2026-01-31 10:00:00|Monitor49.txt",2026-01-31T10:00:00Z,2026-02-06T10:30:00Z,"OK","M","DGRP805","21.5C","Winter","NA","08:12","M49","Batch23_DGRP",0.510126142807545,734.581645642865,0.617493925720236,296.397084345713,0.456423611111111,438.166666666667,840,1020,8220,0.578070784177655,832.421929215822,0.675675675675676,324.324324324324,0.529166666666667,508,0,2100,86340,0.464954892435809,669.535045107564,0.546777546777547,262.453222453222,0.423958333333333,407,6180,3480,49260,0.446217904233171,642.553782095767,0.654885654885655,314.345114345114,0.341666666666667,328,60,300,45420,0.485079805690493,698.51492019431,0.598752598752599,287.401247401247,0.428125,411,1260,1800,39480,0.537820957668286,774.462179042332,0.615384615384615,295.384615384615,0.498958333333333,479,540,420,41220,0.549618320610687,791.450381679389,0.615384615384615,295.384615384615,0.516666666666667,496,26.8333333333333,22.3726708074534,34.5,23.2512077294686
"2026-01-31 10:00:00|Monitor49.txt|26",26,"2026-01-31 10:00:00|Monitor49.txt",2026-01-31T10:00:00Z,2026-02-06T10:30:00Z,"OK","M","DGRP805","21.5C","Winter","NA","08:12","M49","Batch23_DGRP",0.37136905450758,534.771438490915,0.387365498090941,185.935439083652,0.363368055555556,348.833333333333,10860,300,49260,0.315058986814712,453.684941013185,0.245322245322245,117.754677754678,0.35,336,3420,360,41340,0.247744621790423,356.75225537821,0.0810810810810811,38.9189189189189,0.33125,318,0,900,41400,0.35322692574601,508.646773074254,0.239085239085239,114.760914760915,0.410416666666667,394,1620,660,4680,0.344899375433727,496.655100624566,0.594594594594595,285.405405405405,0.219791666666667,211,1380,1560,43440,0.424011103400416,610.5759888966,0.557172557172557,267.442827442828,0.357291666666667,343,1800,600,37140,0.542678695350451,781.45732130465,0.604989604989605,290.39501039501,0.511458333333333,491,15.6666666666667,38.6170212765957,12.1666666666667,67.5616438356164
"2026-01-31 10:00:00|Monitor49.txt|27",27,"2026-01-31 10:00:00|Monitor49.txt",2026-01-31T10:00:00Z,2026-02-06T10:30:00Z,"OK","M","DGRP805","21.5C","Winter","NA","08:12","M49","Batch23_DGRP",0.378544149982641,545.103575975003,0.457480041652204,219.590419993058,0.3390625,325.5,2280,420,48180,0.259541984732824,373.740458015267,0.243243243243243,116.756756756757,0.267708333333333,257,180,840,51600,0.411519777931992,592.588480222068,0.513513513513514,246.486486486487,0.360416666666667,346,180,480,4620,0.445523941707148,641.554476058293,0.636174636174636,305.363825363825,0.35,336,1020,840,41940,0.413601665510062,595.58639833449,0.449064449064449,215.550935550936,0.395833333333333,380,1620,660,38400,0.351145038167939,505.648854961832,0.428274428274428,205.571725571726,0.3125,300,480,780,38700,0.389312977099237,560.610687022901,0.471933471933472,226.528066528067,0.347916666666667,334,23,27.1376811594203,21.5,36.6046511627907
"2026-01-31 10:00:00|Monitor49.txt|28",28,"2026-01-31 10:00:00|Monitor49.txt",2026-01-31T10:00:00Z,2026-02-06T10:30:00Z,"OK","M","DGRP805","21.5C","Winter","NA","08:12","M49","Batch23_DGRP",0.432936002777456,623.427843999537,0.720583130857341,345.879902811524,0.2890625,277.5,840,540,1500,0.351839000693963,506.648160999306,0.609147609147609,292.390852390852,0.222916666666667,214,840,300,2400,0.475364330326162,684.524635669674,0.634095634095634,304.365904365904,0.395833333333333,380,240,1500,37980,0.477446217904233,687.522553782096,0.598752598752599,287.401247401247,0.416666666666667,400,1020,1440,9000,0.473282442748092,681.526717557252,0.871101871101871,418.128898128898,0.273958333333333,263,1140,18780,1140,0.463566967383761,667.536433032616,0.860706860706861,413.139293139293,0.264583333333333,254,180,21480,180,0.356696738376128,513.643303261624,0.748440748440749,359.251559251559,0.160416666666667,154,8.33333333333333,72,24.5,33.734693877551
"2026-01-31 10:00:00|Monitor49.txt|29",29,"2026-01-31 10:00:00|Monitor49.txt",2026-01-31T10:00:00Z,2026-02-06T10:30:00Z,"OK","M","DGRP805","21.5C","Winter","NA","08:12","M49","Batch23_DGRP",0.504802684874436,726.915866219188,0.717459215550156,344.380423464075,0.3984375,382.5,300,480,37200,0.568355308813324,818.431644691187,0.744282744282744,357.255717255717,0.480208333333333,461,900,420,34920,0.536433032616239,772.463566967384,0.733887733887734,352.266112266112,0.4375,420,900,360,41880,0.555863983344899,800.444136016655,0.723492723492724,347.276507276507,0.471875,453,1560,6000,1560,0.498265093684941,717.501734906315,0.659043659043659,316.340956340956,0.417708333333333,401,540,300,6300,0.389312977099237,560.610687022901,0.67983367983368,326.320166320166,0.24375,234,60,900,30600,0.480222068008328,691.519777931992,0.760914760914761,365.239085239085,0.339583333333333,326,16.8333333333333,32.0495049504951,21.6666666666667,40.3769230769231
"2026-01-31 10:00:00|Monitor49.txt|30",30,"2026-01-31 10:00:00|Monitor49.txt",2026-01-31T10:00:00Z,2026-02-06T10:30:00Z,"OK","M","DGRP805","21.5C","Winter","NA","08:12","M49","Batch23_DGRP",0.452841106353431,652.091193148941,0.703922249219021,337.88267962513,0.327256944444444,314.166666666667,540,1260,40920,0.426092990978487,613.573907009022,0.644490644490645,309.355509355509,0.316666666666667,304,1140,1560,45480,0.43442054129077,625.565579458709,0.700623700623701,336.299376299376,0.301041666666667,289,180,420,38820,0.464954892435809,669.535045107564,0.64033264033264,307.359667359667,0.377083333333333,362,840,420,44220,0.45940319222762,661.540596807773,0.750519750519751,360.24948024948,0.313541666666667,301,60,960,6900,0.448993754337266,646.551006245663,0.785862785862786,377.214137214137,0.280208333333333,269,600,660,37500,0.482303955586398,694.517696044414,0.696465696465697,334.303534303534,0.375,360,21.1666666666667,29.5196850393701,10.6666666666667,74.25
"2026-01-31 10:00:00|Monitor49.txt|31",31,"2026-01-31 10:00:00|Monitor49.txt",2026-01-31T10:00:00Z,2026-02-06T10:30:00Z,"OK","M","DGRP805","21.5C","Winter","NA","08:12","M49","Batch23_DGRP",0.433977548894804,624.927670408518,0.493231516834433,236.751128080528,0.404340277777778,388.166666666667,1860,360,44280,0.473976405274115,682.526023594726,0.501039501039501,240.498960498961,0.460416666666667,442,120,360,43800,0.491325468424705,707.508674531575,0.563409563409563,270.43659043659,0.455208333333333,437,120,300,40440,0.447605829285219,644.552394170715,0.486486486486487,233.513513513514,0.428125,411,2460,360,35880,0.446911866759195,643.553088133241,0.467775467775468,224.532224532225,0.436458333333333,419,2940,300,40740,0.335183900069396,482.664816099931,0.392931392931393,188.607068607069,0.30625,294,180,300,39240,0.40735600277585,586.592643997224,0.542619542619543,260.45738045738,0.339583333333333,326,20.1666666666667,28.7603305785124,22.6666666666667,36.8823529411765
"2026-01-31 10:00:00|Monitor49.txt|32",32,"2026-01-31 10:00:00|Monitor49.txt",2026-01-31T10:00:00Z,2026-02-06T10:30:00Z,"OK","M","DGRP805","21.5C","Winter","NA","08:12","M49","Batch23_DGRP",0.519731512556417,748.413378081241,0.685872960777508,329.219021173204,0.436631944444444,419.166666666667,0,1080,48300,0.4941013185288,711.505898681471,0.623700623700624,299.376299376299,0.429166666666667,412,60,480,36960,0.471894517696044,679.528105482304,0.731808731808732,351.268191268191,0.341666666666667,328,1980,5160,39240,0.54059680777238,778.459403192228,0.644490644490645,309.355509355509,0.488541666666667,469,660,1020,3120,0.512144344205413,737.487855655795,0.609147609147609,292.390852390852,0.463541666666667,445,660,1920,40140,0.563497571131159,811.436502428869,0.752598752598753,361.247401247401,0.46875,450,660,5280,7500,0.536433032616239,772.463566967384,0.752598752598753,361.247401247401,0.428125,411,15.3333333333333,38.8913043478261,31.6666666666667,26.0842105263158
"2026-01-31 10:00:00|Monitor50.txt|01",1,"2026-01-31 10:00:00|Monitor50.txt",2026-01-31T10:00:00Z,2026-02-06T10:30:00Z,"OK","M","DGRP818","21.5C","Winter","NA","08:12","M50","Batch23_DGRP",0.256336072213864,369.123943987964,0.468587296077751,224.92190211732,0.150173611111111,144.166666666667,0,960,17520,0.359472588480222,517.64052741152,0.575883575883576,276.424116424116,0.251041666666667,241,480,660,84240,0.26648160999306,383.733518390007,0.505197505197505,242.494802494803,0.146875,141,1200,540,85440,0.282442748091603,406.717557251908,0.476091476091476,228.523908523909,0.185416666666667,178,840,660,56520,0.301873698820264,434.69812630118,0.478170478170478,229.52182952183,0.213541666666667,205,420,780,85260,0.175572519083969,252.824427480916,0.378378378378378,181.621621621622,0.0739583333333333,71,180,720,13560,0.154753643303262,222.845246356697,0.403326403326403,193.596673596674,0.0302083333333333,29,33,24.0050505050505,23.3333333333333,26.4857142857143
"2026-01-31 10:00:00|Monitor50.txt|02",2,"2026-01-31 10:00:00|Monitor50.txt",2026-01-31T10:00:00Z,2026-02-06T10:30:00Z,"OK","M","DGRP818","21.5C","Winter","NA","08:12","M50","Batch23_DGRP",0.449600740655017,647.425066543224,0.664005553627213,318.722665741062,0.342361111111111,328.666666666667,0,1740,84840,0.390700902151284,562.609299097849,0.621621621621622,298.378378378378,0.275,264,4560,6180,45240,0.498959056210965,718.501040943789,0.785862785862786,377.214137214137,0.355208333333333,341,1920,540,54420,0.40735600277585,586.592643997224,0.594594594594595,285.405405405405,0.313541666666667,301,1620,1260,83820,0.439972241498959,633.560027758501,0.673596673596674,323.326403326403,0.322916666666667,310,1380,720,61380,0.468424705065926,674.531575294934,0.615384615384615,295.384615384615,0.394791666666667,379,1680,900,3540,0.4941013185288,711.505898681471,0.696465696465697,334.303534303534,0.392708333333333,377,19.5,33.1452991452992,29.3333333333333,26.2159090909091
"2026-01-31 10:00:00|Monitor50.txt|05",5,"2026-01-31 10:00:00|Monitor50.txt",2026-01-31T10:00:00Z,2026-02-06T10:30:00Z,"OK","M","DGRP818","21.5C","Winter","NA","08:12","M50","Batch23_DGRP",0.560351811132971,806.906608031478,0.727872266574106,349.378687955571,0.4765625,457.5,0,5580,9720,0.597501734906315,860.402498265094,0.787941787941788,378.212058212058,0.502083333333333,482,1680,1260,17340,0.538514920194309,775.461485079806,0.700623700623701,336.299376299376,0.457291666666667,439,600,300,39600,0.606523247744622,873.393476752255,0.837837837837838,402.162162162162,0.490625,471,660,1260,41820,0.472588480222068,680.527411519778,0.62993762993763,302.370062370062,0.39375,378,660,3540,42840,0.573907009021513,826.426092990979,0.719334719334719,345.280665280665,0.501041666666667,481,1680,1620,52740,0.574600971547536,827.425399028452,0.694386694386694,333.305613305613,0.514583333333333,494,18.1666666666667,35.6146788990826,26.3333333333333,29.0063291139241
"2026-01-31 10:00:00|Monitor50.txt|08",8,"2026-01-31 10:00:00|Monitor50.txt",2026-01-31T10:00:00Z,2026-02-06T10:30:00Z,"OK","M","DGRP818","21.5C","Winter","NA","08:12","M50","Batch23_DGRP",0.575627820854068,828.904062029858,0.785838250607428,377.202360291565,0.470486111111111,451.666666666667,120,5280,11760,0.62734212352533,903.372657876475,0.827442827442827,397.172557172557,0.527083333333333,506,840,2340,83880,0.591950034698126,852.408049965302,0.83991683991684,403.160083160083,0.467708333333333,449,4560,2040,41640,0.536433032616239,772.463566967384,0.8004158004158,384.199584199584,0.404166666666667,388,2880,3120,43440,0.591950034698126,852.408049965302,0.837837837837838,402.162162162162,0.46875,450,240,2760,43320,0.547536433032616,788.452463566967,0.66943866943867,321.330561330561,0.486458333333333,467,60,300,9540,0.558639833448994,804.441360166551,0.738045738045738,354.261954261954,0.46875,450,15.8333333333333,42.0736842105263,19.3333333333333,38.4051724137931
"2026-01-31 10:00:00|Monitor50.txt|09",9,"2026-01-31 10:00:00|Monitor50.txt",2026-01-31T10:00:00Z,2026-02-06T10:30:00Z,"OK","M","DGRP818","21.5C","Winter","NA","08:12","M50","Batch23_DGRP",0.204490221039232,294.465918296493,0.443595973620271,212.92606733773,0.0848958333333333,81.5,480,1800,22440,0.203331020124913,292.796668979875,0.540540540540541,259.459459459459,0.034375,33,4320,300,85680,0.192227619708536,276.807772380291,0.513513513513514,246.486486486487,0.03125,30,3360,1020,4980,0.172102706453851,247.827897293546,0.417879417879418,200.582120582121,0.0489583333333333,47,1560,360,10260,0.136016655100625,195.863983344899,0.272349272349272,130.727650727651,0.0677083333333333,65,240,360,9840,0.240804996530187,346.75919500347,0.405405405405405,194.594594594595,0.158333333333333,152,660,780,65520,0.285218598195697,410.714781401804,0.517671517671518,248.482328482328,0.16875,162,22.8333333333333,40.4598540145985,18.6666666666667,26.75
"2026-01-31 10:00:00|Monitor50.txt|10",10,"2026-01-31 10:00:00|Monitor50.txt",2026-01-31T10:00:00Z,2026-02-06T10:30:00Z,"OK","M","DGRP818","21.5C","Winter","NA","08:12","M50","Batch23_DGRP",0.716120819349612,1031.21397986344,0.752516487330788,361.207913918778,0.697916666666667,670,0,360,39060,0.657182512144344,946.342817487856,0.744282744282744,357.255717255717,0.613541666666667,589,1920,5580,42420,0.68147120055517,981.318528799445,0.841995841995842,404.158004158004,0.601041666666667,577,1560,600,58860,0.609299097848716,877.390700902151,0.735966735966736,353.264033264033,0.545833333333333,524,1500,300,48720,0.753643303261624,1085.24635669674,0.711018711018711,341.288981288981,0.775,744,780,420,66660,0.791811242192922,1140.20818875781,0.721413721413721,346.278586278586,0.827083333333333,794,780,480,54480,0.804302567661346,1158.19569743234,0.762993762993763,366.237006237006,0.825,792,24,22.4722222222222,29.8333333333333,28.608938547486
"2026-01-31 10:00:00|Monitor50.txt|11",11,"2026-01-31 10:00:00|Monitor50.txt",2026-01-31T10:00:00Z,2026-02-06T10:30:00Z,"OK","M","DGRP818","21.5C","Winter","NA","08:12","M50","Batch23_DGRP",0.595417197083671,857.400763800486,0.655328011107255,314.557445331482,0.565451388888889,542.833333333333,0,480,61620,0.620402498265094,893.379597501735,0.775467775467775,372.224532224532,0.542708333333333,521,2640,3240,53640,0.585704371963914,843.414295628036,0.625779625779626,300.37422037422,0.565625,543,0,420,46440,0.628730048577377,905.371269951423,0.665280665280665,319.334719334719,0.610416666666667,586,540,720,40920,0.574600971547536,827.425399028452,0.64033264033264,307.359667359667,0.541666666666667,520,600,420,70500,0.576682859125607,830.423317140875,0.565488565488566,271.434511434512,0.582291666666667,559,300,1560,41520,0.587786259541985,846.412213740458,0.663201663201663,318.336798336798,0.55,528,33.3333333333333,14.52,50.3333333333333,17.9933774834437
"2026-01-31 10:00:00|Monitor50.txt|13",13,"2026-01-31 10:00:00|Monitor50.txt",2026-01-31T10:00:00Z,2026-02-06T10:30:00Z,"OK","M","DGRP818","21.5C","Winter","NA","08:12","M50","Batch23_DGRP",0.223353778497859,321.629441036917,0.350572717806317,168.274904547032,0.159722222222222,153.333333333333,2580,420,5040,0.197779319916724,284.802220680083,0.48024948024948,230.519750519751,0.05625,54,4140,360,13560,0.104094378903539,149.895905621096,0.24948024948025,119.75051975052,0.03125,30,6300,420,10740,0.147814018043026,212.852185981957,0.338877338877339,162.661122661123,0.0520833333333333,50,8100,480,71580,0.16793893129771,241.832061068702,0.168399168399168,80.8316008316008,0.167708333333333,161,5160,360,24180,0.334489937543373,481.665510062457,0.372141372141372,178.627858627859,0.315625,303,60,780,11400,0.387231089521166,557.612768910479,0.490644490644491,235.509355509356,0.335416666666667,322,19.5,39.4871794871795,30.3333333333333,21.5989010989011
"2026-01-31 10:00:00|Monitor50.txt|15",15,"2026-01-31 10:00:00|Monitor50.txt",2026-01-31T10:00:00Z,2026-02-06T10:30:00Z,"OK","M","DGRP818","21.5C","Winter","NA","08:12","M50","Batch23_DGRP",0.538595070015045,775.576900821664,0.652551197500868,313.224574800417,0.481597222222222,462.333333333333,0,3240,55020,0.630811936155448,908.369188063845,0.750519750519751,360.24948024948,0.570833333333333,548,1500,1260,45360,0.57529493407356,828.424705065926,0.785862785862786,377.214137214137,0.469791666666667,451,2040,840,83880,0.546842470506593,787.453157529494,0.719334719334719,345.280665280665,0.460416666666667,442,1740,1200,43560,0.441360166551006,635.558639833449,0.403326403326403,193.596673596674,0.460416666666667,442,300,840,85680,0.562109646079112,809.437890353921,0.692307692307692,332.307692307692,0.496875,477,8880,2880,51060,0.47675225537821,686.523247744622,0.567567567567568,272.432432432432,0.43125,414,16,41.3958333333333,28.6666666666667,25.9011627906977
"2026-01-31 10:00:00|Monitor50.txt|16",16,"2026-01-31 10:00:00|Monitor50.txt",2026-01-31T10:00:00Z,2026-02-06T10:30:00Z,"OK","M","DGRP818","21.5C","Winter","NA","08:12","M50","Batch23_DGRP",0.516838328897118,744.247193611851,0.592849704963554,284.567858382506,0.478819444444445,459.666666666667,300,1080,84000,0.624566273421235,899.375433726579,0.775467775467775,372.224532224532,0.548958333333333,527,10020,7380,82800,0.594725884802221,856.405274115198,0.694386694386694,333.305613305613,0.544791666666667,523,7140,8460,7140,0.539902845246357,777.460097154754,0.711018711018711,341.288981288981,0.454166666666667,436,6360,840,74940,0.315058986814712,453.684941013185,0.25987525987526,124.740124740125,0.342708333333333,329,2880,300,3660,0.480222068008328,691.519777931992,0.432432432432432,207.567567567568,0.504166666666667,484,1080,1320,5760,0.547536433032616,788.452463566967,0.686070686070686,329.313929313929,0.478125,459,15.6666666666667,35.8191489361702,41.8333333333333,20.4143426294821
"2026-01-31 10:00:00|Monitor50.txt|17",17,"2026-01-31 10:00:00|Monitor50.txt",2026-01-31T10:00:00Z,2026-02-06T10:30:00Z,"OK","M","DGRP818","21.5C","Winter","NA","08:12","M50","Batch23_DGRP",0.543224163869922,782.242795972688,0.691426587990281,331.884762235335,0.469097222222222,450.333333333333,1260,600,45180,0.575988896599584,829.4240111034,0.686070686070686,329.313929313929,0.520833333333333,500,4500,3720,84720,0.59264399722415,853.407356002776,0.725571725571726,348.274428274428,0.526041666666667,505,3480,2280,9480,0.580846634281749,836.419153365718,0.746361746361746,358.253638253638,0.497916666666667,478,900,4140,900,0.528105482303956,760.471894517696,0.646569646569647,310.35343035343,0.46875,450,720,1020,3000,0.535045107564192,770.464954892436,0.692307692307692,332.307692307692,0.45625,438,780,960,41820,0.448299791811242,645.551700208189,0.654885654885655,314.345114345114,0.344791666666667,331,15.5,41.1075268817204,28.1666666666667,27.9408284023669
"2026-01-31 10:00:00|Monitor50.txt|18",18,"2026-01-31 10:00:00|Monitor50.txt",2026-01-31T10:00:00Z,2026-02-06T10:30:00Z,"OK","M","DGRP818","21.5C","Winter","NA","08:12","M50","Batch23_DGRP",0.723180187478301,1041.37946996875,0.837209302325582,401.860465116279,0.666145833333333,639.5,360,420,83700,0.6911866759195,995.30881332408,0.833679833679834,400.16632016632,0.619791666666667,595,10440,4440,42300,0.70853573907009,1020.29146426093,0.862785862785863,414.137214137214,0.63125,606,1020,360,40020,0.755725190839695,1088.24427480916,0.862785862785863,414.137214137214,0.702083333333333,674,720,300,41880,0.756419153365718,1089.24358084663,0.833679833679834,400.16632016632,0.717708333333333,689,300,2160,53460,0.768910478834143,1107.23108952117,0.835758835758836,401.164241164241,0.735416666666667,706,1020,1860,40380,0.659264399722415,949.340735600278,0.796257796257796,382.203742203742,0.590625,567,15.3333333333333,36.4565217391304,24.8333333333333,33.7114093959731
"2026-01-31 10:00:00|Monitor50.txt|21",21,"2026-01-31 10:00:00|Monitor50.txt",2026-01-31T10:00:00Z,2026-02-06T10:30:00Z,"OK","M","DGRP818","21.5C","Winter","NA","08:12","M50","Batch23_DGRP",0.162596921652587,234.139567179725,0.379729260673377,182.270045123221,0.0539930555555556,51.8333333333333,180,480,20340,0.179736294240111,258.82026370576,0.467775467775468,224.532224532225,0.0354166666666667,34,1260,300,20640,0.199167244968772,286.800832755031,0.449064449064449,215.550935550936,0.0739583333333333,71,1740,420,22860,0.144344205412908,207.855655794587,0.330561330561331,158.669438669439,0.0510416666666667,49,1680,300,16440,0.117279666897988,168.882720333102,0.286902286902287,137.713097713098,0.0322916666666667,31,180,300,3300,0.203331020124913,292.796668979875,0.399168399168399,191.600831600832,0.105208333333333,101,1860,300,13260,0.132546842470507,190.86745315753,0.345114345114345,165.654885654886,0.0260416666666667,25,33.8333333333333,26.807881773399,15.5,32.8602150537634
"2026-01-31 10:00:00|Monitor50.txt|24",24,"2026-01-31 10:00:00|Monitor50.txt",2026-01-31T10:00:00Z,2026-02-06T10:30:00Z,"OK","M","DGRP818","21.5C","Winter","NA","08:12","M50","Batch23_DGRP",0.631061219766231,908.728156463372,0.738632419298855,354.54356126345,0.577256944444445,554.166666666667,0,1860,42180,0.761970853573907,1097.23802914643,0.83991683991684,403.160083160083,0.722916666666667,694,600,1500,39300,0.712005551700208,1025.2879944483,0.794178794178794,381.205821205821,0.670833333333333,644,2460,300,50100,0.65440666204025,942.34559333796,0.758835758835759,364.241164241164,0.602083333333333,578,420,5400,420,0.641915336571825,924.358084663428,0.767151767151767,368.232848232848,0.579166666666667,556,1800,420,40920,0.590562109646079,850.409437890354,0.702702702702703,337.297297297297,0.534375,513,720,420,83580,0.426786953504511,614.573213046495,0.571725571725572,274.428274428274,0.354166666666667,340,22,29.3106060606061,28,27.2261904761905
"2026-01-31 10:00:00|Monitor50.txt|26",26,"2026-01-31 10:00:00|Monitor50.txt",2026-01-31T10:00:00Z,2026-02-06T10:30:00Z,"OK","M","DGRP818","21.5C","Winter","NA","08:12","M50","Batch23_DGRP",0.34880222196505,502.275199629673,0.66886497743839,321.055189170427,0.188715277777778,181.166666666667,0,960,6240,0.443442054129077,638.556557945871,0.769230769230769,369.230769230769,0.280208333333333,269,2160,960,8280,0.344899375433727,496.655100624566,0.61954261954262,297.380457380457,0.207291666666667,199,60,420,17940,0.359472588480222,517.64052741152,0.665280665280665,319.334719334719,0.20625,198,180,540,14520,0.333102012491326,479.666897987509,0.69022869022869,331.309771309771,0.154166666666667,148,1020,720,2940,0.31089521165857,447.689104788341,0.611226611226611,293.388773388773,0.160416666666667,154,360,420,8040,0.301873698820264,434.69812630118,0.656964656964657,315.343035343035,0.123958333333333,119,28,24.1607142857143,29,25.2068965517241
"2026-01-31 10:00:00|Monitor50.txt|29",29,"2026-01-31 10:00:00|Monitor50.txt",2026-01-31T10:00:00Z,2026-02-06T10:30:00Z,"OK","M","DGRP818","21.5C","Winter","NA","08:12","M50","Batch23_DGRP",0.415576900821664,598.430737183196,0.73134328358209,351.044776119403,0.257638888888889,247.333333333333,0,420,12480,0.46911866759195,675.530881332408,0.787941787941788,378.212058212058,0.309375,297,60,480,4260,0.403192227619709,580.59680777238,0.72972972972973,350.27027027027,0.239583333333333,230,900,480,9120,0.388619014573213,559.611380985427,0.642411642411642,308.357588357588,0.261458333333333,251,720,540,12840,0.38029146426093,547.619708535739,0.738045738045738,354.261954261954,0.201041666666667,193,900,840,83880,0.438584316446912,631.561415683553,0.77962577962578,374.220374220374,0.267708333333333,257,660,2700,11880,0.41498959056211,597.585010409438,0.711018711018711,341.288981288981,0.266666666666667,256,21.6666666666667,32.6230769230769,35.3333333333333,20.2075471698113
"2026-01-31 10:00:00|Monitor50.txt|31",31,"2026-01-31 10:00:00|Monitor50.txt",2026-01-31T10:00:00Z,2026-02-06T10:30:00Z,"OK","M","DGRP818","21.5C","Winter","NA","08:12","M50","Batch23_DGRP",0.357828954982062,515.27369517417,0.679625130163138,326.220062478306,0.196875,189,0,540,16440,0.45940319222762,661.540596807773,0.775467775467775,372.224532224532,0.301041666666667,289,0,2100,84540,0.392782789729355,565.607217210271,0.746361746361746,358.253638253638,0.215625,207,1320,720,10140,0.344899375433727,496.655100624566,0.713097713097713,342.286902286902,0.160416666666667,154,360,600,11100,0.392782789729355,565.607217210271,0.692307692307692,332.307692307692,0.242708333333333,233,1020,720,5940,0.316446911866759,455.683553088133,0.723492723492724,347.276507276507,0.1125,108,480,300,9060,0.242192921582235,348.757807078418,0.428274428274428,205.571725571726,0.148958333333333,143,28.8333333333333,24.2080924855491,28.6666666666667,24.7093023255814
"2026-01-31 10:00:00|Monitor50.txt|32",32,"2026-01-31 10:00:00|Monitor50.txt",2026-01-31T10:00:00Z,2026-02-06T10:30:00Z,"OK","M","DGRP818","21.5C","Winter","NA","08:12","M50","Batch23_DGRP",0.388612429117,559.601897928481,0.623394654633808,299.229434224228,0.271180555555556,260.333333333333,0,900,18120,0.382373351839001,550.617626648161,0.594594594594595,285.405405405405,0.276041666666667,265,0,1920,12480,0.405968077723803,584.594031922276,0.74012474012474,355.259875259875,0.238541666666667,229,1920,300,85860,0.313671061762665,451.686328938237,0.592515592515593,284.407484407484,0.173958333333333,167,2640,1140,48240,0.356002775850104,512.64399722415,0.588357588357588,282.411642411642,0.239583333333333,230,120,1380,44820,0.423317140874393,609.576682859126,0.557172557172557,267.442827442828,0.35625,342,1740,720,83640,0.45176960444136,650.548230395559,0.66943866943867,321.330561330561,0.342708333333333,329,23.8333333333333,23.9230769230769,38.6666666666667,21.6465517241379
"2026-01-31 10:00:00|Monitor51.txt|01",1,"2026-01-31 10:00:00|Monitor51.txt",2026-01-31T10:00:00Z,2026-02-06T10:30:00Z,"OK","M","DGRP819","21.5C","Winter","NA","08:12","M51","Batch23_DGRP",0.573776183312117,826.237703969448,0.363415480735856,174.439430753211,0.678993055555556,651.833333333333,2160,1680,20520,0.830673143650243,1196.16932685635,0.69022869022869,331.309771309771,0.901041666666667,865,600,1200,14400,0.658570437196391,948.341429562804,0.557172557172557,267.442827442828,0.709375,681,5400,300,8460,0.596113809854268,858.403886190146,0.363825363825364,174.636174636175,0.7125,684,4740,300,10920,0.433032616238723,623.566967383761,0.201663201663202,96.7983367983368,0.548958333333333,527,7140,600,49920,0.482997918112422,695.517002081888,0.182952182952183,87.8170478170478,0.633333333333333,608,8580,420,63060,0.439972241498959,633.560027758501,0.182952182952183,87.8170478170478,0.56875,546,13.1666666666667,36.0759493670886,50.3333333333333,18.4900662251656
"2026-01-31 10:00:00|Monitor51.txt|02",2,"2026-01-31 10:00:00|Monitor51.txt",2026-01-31T10:00:00Z,2026-02-06T10:30:00Z,"OK","M","DGRP819","21.5C","Winter","NA","08:12","M51","Batch23_DGRP",0.493229950237241,710.251128341627,0.271086428323499,130.121485595279,0.604340277777778,580.166666666667,8400,1140,45540,0.591256072172103,851.408743927828,0.386694386694387,185.613305613306,0.69375,666,11040,1800,27600,0.503122831367106,724.496877168633,0.207900207900208,99.7920997920998,0.651041666666667,625,3060,540,28920,0.493407356002776,710.506592643997,0.30977130977131,148.690228690229,0.585416666666667,562,8880,300,61320,0.496877168632894,715.503122831367,0.218295218295218,104.781704781705,0.636458333333333,611,480,360,64140,0.445523941707148,641.554476058293,0.268191268191268,128.731808731809,0.534375,513,10020,1020,33060,0.427480916030534,615.57251908397,0.232848232848233,111.767151767152,0.525,504,11.3333333333333,39.3823529411765,23.8333333333333,41.1958041958042
"2026-01-31 10:00:00|Monitor51.txt|03",3,"2026-01-31 10:00:00|Monitor51.txt",2026-01-31T10:00:00Z,2026-02-06T10:30:00Z,"OK","M","DGRP819","21.5C","Winter","NA","08:12","M51","Batch23_DGRP",0.504571230181692,726.582571461636,0.335300242971191,160.944116626171,0.589236111111111,565.666666666667,0,3900,64440,0.6294240111034,906.370575988897,0.61954261954262,297.380457380457,0.634375,609,1620,1200,56880,0.594031922276197,855.405968077724,0.474012474012474,227.525987525988,0.654166666666667,628,7200,1080,44640,0.410825815405968,591.589174184594,0.232848232848233,111.767151767152,0.5,480,4800,840,65880,0.490631505898682,706.509368494101,0.303534303534304,145.696465696466,0.584375,561,7020,1140,66780,0.458709229701596,660.541290770298,0.266112266112266,127.733887733888,0.555208333333333,533,10980,960,46980,0.44205412907703,636.557945870923,0.112266112266112,53.8877338877339,0.607291666666667,583,10.8333333333333,38.6615384615385,29.3333333333333,34.0113636363636
"2026-01-31 10:00:00|Monitor51.txt|04",4,"2026-01-31 10:00:00|Monitor51.txt",2026-01-31T10:00:00Z,2026-02-06T10:30:00Z,"OK","M","DGRP819","21.5C","Winter","NA","08:12","M51","Batch23_DGRP",0.501562319176021,722.249739613471,0.26657410621312,127.955570982298,0.619097222222222,594.333333333333,3300,420,46320,0.691880638445524,996.308119361555,0.440748440748441,211.559251559252,0.817708333333333,785,1740,300,41400,0.625954198473283,901.374045801527,0.415800415800416,199.5841995842,0.73125,702,1740,360,22200,0.58292852185982,839.41707147814,0.455301455301455,218.544698544699,0.646875,621,3480,360,57000,0.422623178348369,608.577376821652,0.108108108108108,51.8918918918919,0.580208333333333,557,4920,300,56280,0.358084663428175,515.641915336572,0.101871101871102,48.8981288981289,0.486458333333333,467,8940,300,69300,0.32616238723109,469.673837612769,0.0748440748440749,35.9251559251559,0.452083333333333,434,10.6666666666667,45.796875,33.8333333333333,27.8423645320197
"2026-01-31 10:00:00|Monitor51.txt|05",5,"2026-01-31 10:00:00|Monitor51.txt",2026-01-31T10:00:00Z,2026-02-06T10:30:00Z,"OK","M","DGRP819","21.5C","Winter","NA","08:12","M51","Batch23_DGRP",0.565443814373337,814.239092697605,0.308226310308921,147.948628948282,0.694097222222222,666.333333333333,5520,2760,63540,0.649548924358085,935.350451075642,0.496881496881497,238.503118503119,0.726041666666667,697,5220,1080,31980,0.637751561415684,918.362248438584,0.436590436590437,209.56340956341,0.738541666666667,709,6600,300,68760,0.589174184594032,848.410825815406,0.392931392931393,188.607068607069,0.6875,660,6900,840,31980,0.539902845246357,777.460097154754,0.226611226611227,108.773388773389,0.696875,669,19380,480,59100,0.458709229701596,660.541290770298,0.0935550935550936,44.9064449064449,0.641666666666667,616,8940,360,29400,0.515614156835531,742.484385843165,0.1995841995842,95.8004158004158,0.673958333333333,647,9.83333333333333,37.9491525423729,37.6666666666667,27.8141592920354
"2026-01-31 10:00:00|Monitor51.txt|06",6,"2026-01-31 10:00:00|Monitor51.txt",2026-01-31T10:00:00Z,2026-02-06T10:30:00Z,"OK","M","DGRP819","21.5C","Winter","NA","08:12","M51","Batch23_DGRP",0.816224973961347,1175.36396250434,0.720236029156543,345.713293995141,0.864236111111111,829.666666666667,2700,360,60000,0.798750867453158,1150.20124913255,0.521829521829522,250.47817047817,0.9375,900,4080,360,41160,0.83969465648855,1209.16030534351,0.650727650727651,312.349272349272,0.934375,897,13140,720,67200,0.889659958362248,1281.11034004164,0.914760914760915,439.085239085239,0.877083333333333,842,900,2580,83220,0.785565579458709,1131.21443442054,0.609147609147609,292.390852390852,0.873958333333333,839,7980,1380,9420,0.780707841776544,1124.21929215822,0.95010395010395,456.049896049896,0.695833333333333,668,180,4080,70740,0.802914642609299,1156.19708535739,0.675675675675676,324.324324324324,0.866666666666667,832,26.8333333333333,16.0062111801242,33,29.3282828282828
"2026-01-31 10:00:00|Monitor51.txt|07",7,"2026-01-31 10:00:00|Monitor51.txt",2026-01-31T10:00:00Z,2026-02-06T10:30:00Z,"OK","M","DGRP819","21.5C","Winter","NA","08:12","M51","Batch23_DGRP",0.676657794236778,974.387223700961,0.454009024644221,217.924331829226,0.788020833333333,756.5,1680,1020,29340,0.601665510062457,866.398334489938,0.295218295218295,141.704781704782,0.755208333333333,725,6480,2340,64800,0.624566273421235,899.375433726579,0.351351351351351,168.648648648649,0.761458333333333,731,3540,420,41880,0.651630811936156,938.348369188064,0.376299376299376,180.623700623701,0.789583333333333,758,1200,420,37500,0.711311589174185,1024.28868841083,0.494802494802495,237.505197505198,0.819791666666667,787,2160,480,63540,0.689798750867453,993.310201249133,0.486486486486487,233.513513513514,0.791666666666667,760,180,1140,32820,0.779319916724497,1122.22068008328,0.717255717255717,344.282744282744,0.810416666666667,778,19.5,24.1880341880342,27.1666666666667,34.9263803680982
"2026-01-31 10:00:00|Monitor51.txt|08",8,"2026-01-31 10:00:00|Monitor51.txt",2026-01-31T10:00:00Z,2026-02-06T10:30:00Z,"OK","M","DGRP819","21.5C","Winter","NA","08:12","M51","Batch23_DGRP",0.712533271612082,1026.0479111214,0.619229434224228,297.230128427629,0.759201388888889,728.833333333333,300,300,48900,0.736294240111034,1060.26370575989,0.64033264033264,307.359667359667,0.784375,753,1380,900,5640,0.766134628730049,1103.23386537127,0.756756756756757,363.243243243243,0.770833333333333,740,480,300,28320,0.702984038861901,1012.29701596114,0.652806652806653,313.347193347193,0.728125,699,60,480,72480,0.707147814018043,1018.29285218598,0.536382536382536,257.463617463618,0.792708333333333,761,600,360,62160,0.666897987508675,960.333102012491,0.555093555093555,266.444906444906,0.722916666666667,694,480,300,35940,0.693962526023595,999.306037473976,0.56964656964657,273.430353430353,0.75625,726,35.5,13.5211267605634,44.5,20.6666666666667
"2026-01-31 10:00:00|Monitor51.txt|09",9,"2026-01-31 10:00:00|Monitor51.txt",2026-01-31T10:00:00Z,2026-02-06T10:30:00Z,"OK","M","DGRP819","21.5C","Winter","NA","08:12","M51","Batch23_DGRP",0.621108667978243,894.39648188867,0.459215550156196,220.423464074974,0.702083333333333,674,0,2580,45540,0.707841776544067,1019.29215822346,0.544698544698545,261.455301455301,0.789583333333333,758,3060,360,34140,0.704371963913949,1014.29562803609,0.492723492723493,236.507276507277,0.810416666666667,778,1320,300,31260,0.648160999306037,933.351839000694,0.449064449064449,215.550935550936,0.747916666666667,718,5460,300,76620,0.58501040943789,842.414989590562,0.343035343035343,164.656964656965,0.70625,678,4380,420,26280,0.606523247744622,873.393476752255,0.457380457380458,219.54261954262,0.68125,654,2040,360,4140,0.472588480222068,680.527411519778,0.463617463617464,222.536382536383,0.477083333333333,458,23.5,21.0354609929078,42.5,21.5490196078432
"2026-01-31 10:00:00|Monitor51.txt|10",10,"2026-01-31 10:00:00|Monitor51.txt",2026-01-31T10:00:00Z,2026-02-06T10:30:00Z,"OK","M","DGRP819","21.5C","Winter","NA","08:12","M51","Batch23_DGRP",0.781391042703391,1125.20310149288,0.697327316903853,334.717112113849,0.8234375,790.5,1800,480,41160,0.834836918806385,1202.16516308119,0.708939708939709,340.29106029106,0.897916666666667,862,3480,2940,30420,0.820957668285913,1182.17904233171,0.744282744282744,357.255717255717,0.859375,825,2400,6180,65220,0.798056904927134,1149.20194309507,0.713097713097713,342.286902286902,0.840625,807,2460,300,25020,0.780707841776544,1124.21929215822,0.681912681912682,327.318087318087,0.830208333333333,797,2100,1860,24360,0.764746703678001,1101.23525329632,0.72972972972973,350.27027027027,0.782291666666667,751,4020,360,68340,0.687022900763359,989.312977099237,0.600831600831601,288.399168399168,0.730208333333333,701,12,42.5972222222222,29.1666666666667,31.1942857142857
"2026-01-31 10:00:00|Monitor51.txt|11",11,"2026-01-31 10:00:00|Monitor51.txt",2026-01-31T10:00:00Z,2026-02-06T10:30:00Z,"OK","M","DGRP819","21.5C","Winter","NA","08:12","M51","Batch23_DGRP",0.569957180881842,820.738340469853,0.449149600833044,215.591808399861,0.630381944444444,605.166666666667,2520,840,54420,0.589868147120056,849.41013185288,0.550935550935551,264.449064449064,0.609375,585,10320,480,32940,0.435114503816794,626.564885496183,0.230769230769231,110.769230769231,0.5375,516,5460,540,21720,0.471200555170021,678.52879944483,0.40956340956341,196.590436590437,0.502083333333333,482,3420,540,45420,0.542678695350451,781.45732130465,0.432432432432432,207.567567567568,0.597916666666667,574,6600,780,75060,0.560721721027065,807.439278278973,0.43035343035343,206.569646569647,0.626041666666667,601,1920,780,50580,0.818181818181818,1178.18181818182,0.636174636174636,305.363825363825,0.909375,873,18.3333333333333,24.5454545454545,47.8333333333333,20.1324041811847
"2026-01-31 10:00:00|Monitor51.txt|12",12,"2026-01-31 10:00:00|Monitor51.txt",2026-01-31T10:00:00Z,2026-02-06T10:30:00Z,"OK","M","DGRP819","21.5C","Winter","NA","08:12","M51","Batch23_DGRP",0.546580256914709,787.075569957181,0.528982992016661,253.911836167997,0.555381944444445,533.166666666667,4260,4080,19560,0.639139486467731,920.360860513532,0.665280665280665,319.334719334719,0.626041666666667,601,4920,7800,4920,0.643997224149896,927.35600277585,0.615384615384615,295.384615384615,0.658333333333333,632,3840,3180,20640,0.574600971547536,827.425399028452,0.588357588357588,282.411642411642,0.567708333333333,545,7020,660,21000,0.4941013185288,711.505898681471,0.557172557172557,267.442827442828,0.4625,444,3720,2820,3720,0.483691880638446,696.516308119362,0.442827442827443,212.557172557173,0.504166666666667,484,4920,1920,12480,0.44205412907703,636.557945870923,0.299376299376299,143.700623700624,0.513541666666667,493,9.33333333333333,45.9107142857143,56.8333333333333,17.4516129032258
"2026-01-31 10:00:00|Monitor51.txt|14",14,"2026-01-31 10:00:00|Monitor51.txt",2026-01-31T10:00:00Z,2026-02-06T10:30:00Z,"OK","M","DGRP819","21.5C","Winter","NA","08:12","M51","Batch23_DGRP",0.43733364193959,629.76044439301,0.232558139534884,111.627906976744,0.539756944444445,518.166666666667,1560,420,21000,0.740458015267176,1066.25954198473,0.582120582120582,279.417879417879,0.819791666666667,787,8580,2040,41460,0.505898681471201,728.494101318529,0.316008316008316,151.683991683992,0.601041666666667,577,10380,2460,69420,0.433032616238723,623.566967383761,0.22037422037422,105.779625779626,0.539583333333333,518,13320,2040,67620,0.452463566967384,651.547536433033,0.195426195426195,93.8045738045738,0.58125,558,26580,360,52380,0.257460097154754,370.742539902845,0.0686070686070686,32.9313929313929,0.352083333333333,338,27480,360,70140,0.233865371269951,336.76613462873,0.0124740124740125,5.98752598752599,0.344791666666667,331,7.33333333333333,38.3636363636364,43.8333333333333,26.0684410646388
"2026-01-31 10:00:00|Monitor51.txt|15",15,"2026-01-31 10:00:00|Monitor51.txt",2026-01-31T10:00:00Z,2026-02-06T10:30:00Z,"OK","M","DGRP819","21.5C","Winter","NA","08:12","M51","Batch23_DGRP",0.492535586159009,709.251244068974,0.168344324887192,80.8052759458521,0.6546875,628.5,14460,1680,28260,0.499653018736988,719.500346981263,0.0769230769230769,36.9230769230769,0.711458333333333,683,12060,1980,27420,0.507980569049271,731.492019430951,0.205821205821206,98.7941787941788,0.659375,633,7980,4140,26940,0.532269257460097,766.46773074254,0.22037422037422,105.779625779626,0.688541666666667,661,13020,720,65940,0.502428868841083,723.497571131159,0.189189189189189,90.8108108108108,0.659375,633,5040,300,67980,0.475364330326162,684.524635669674,0.20997920997921,100.790020790021,0.608333333333333,584,9540,300,65220,0.435808466342818,627.564191533657,0.106029106029106,50.8939708939709,0.601041666666667,577,6.16666666666667,67.8108108108108,35.8333333333333,27.8697674418605
"2026-01-31 10:00:00|Monitor51.txt|16",16,"2026-01-31 10:00:00|Monitor51.txt",2026-01-31T10:00:00Z,2026-02-06T10:30:00Z,"OK","M","DGRP819","21.5C","Winter","NA","08:12","M51","Batch23_DGRP",0.53060988311538,764.078231686148,0.109337035751475,52.4817771607081,0.741319444444445,711.666666666667,26220,660,70500,0.539902845246357,777.460097154754,0.0561330561330561,26.9438669438669,0.782291666666667,751,25920,1200,52800,0.564191533657183,812.435808466343,0.0956340956340956,45.9043659043659,0.798958333333333,767,14400,540,30000,0.532963219986121,767.467036780014,0.122661122661123,58.8773388773389,0.738541666666667,709,13020,300,26400,0.514226231783484,740.485773768217,0.116424116424116,55.8835758835759,0.713541666666667,685,12180,600,66060,0.524635669673838,755.475364330326,0.128898128898129,61.8711018711019,0.722916666666667,694,9420,420,65640,0.505898681471201,728.494101318529,0.135135135135135,64.8648648648649,0.691666666666667,664,6,52.8611111111111,49.6666666666667,21.9194630872483
"2026-01-31 10:00:00|Monitor51.txt|17",17,"2026-01-31 10:00:00|Monitor51.txt",2026-01-31T10:00:00Z,2026-02-06T10:30:00Z,"OK","M","DGRP819","21.5C","Winter","NA","08:12","M51","Batch23_DGRP",0.627705126721444,903.89538247888,0.644567858382506,309.392572023603,0.619270833333333,594.5,540,780,11760,0.563497571131159,811.436502428869,0.553014553014553,265.446985446986,0.56875,546,4800,1020,50640,0.61970853573907,892.380291464261,0.505197505197505,242.494802494803,0.677083333333333,650,1560,300,24240,0.707841776544067,1019.29215822346,0.671517671517672,322.328482328482,0.726041666666667,697,180,720,24240,0.712005551700208,1025.2879944483,0.775467775467775,372.224532224532,0.680208333333333,653,540,300,14880,0.612074947952811,881.387925052047,0.74012474012474,355.259875259875,0.547916666666667,526,300,420,25800,0.551006245662734,793.448993754337,0.621621621621622,298.378378378378,0.515625,495,18.1666666666667,28.7981651376147,45,19.7333333333333
"2026-01-31 10:00:00|Monitor51.txt|18",18,"2026-01-31 10:00:00|Monitor51.txt",2026-01-31T10:00:00Z,2026-02-06T10:30:00Z,"OK","M","DGRP819","21.5C","Winter","NA","08:12","M51","Batch23_DGRP",0.564865177641477,813.405855803726,0.548073585560569,263.075321069073,0.573263888888889,550.333333333333,1320,660,27780,0.730048577376822,1051.26995142262,0.623700623700624,299.376299376299,0.783333333333333,752,1020,1440,50760,0.710617626648161,1023.28938237335,0.646569646569647,310.35343035343,0.742708333333333,713,420,300,37080,0.616238723108952,887.383761276891,0.538461538461538,258.461538461539,0.655208333333333,629,2940,300,26040,0.488549618320611,703.511450381679,0.476091476091476,228.523908523909,0.494791666666667,475,1440,540,25800,0.467036780013879,672.532963219986,0.540540540540541,259.459459459459,0.430208333333333,413,1200,780,18180,0.374739764052741,539.625260235947,0.457380457380458,219.54261954262,0.333333333333333,320,23,20.3405797101449,61,15.0983606557377
"2026-01-31 10:00:00|Monitor51.txt|19",19,"2026-01-31 10:00:00|Monitor51.txt",2026-01-31T10:00:00Z,2026-02-06T10:30:00Z,"OK","M","DGRP819","21.5C","Winter","NA","08:12","M51","Batch23_DGRP",0.611156116190256,880.064807313968,0.511280805275946,245.414786532454,0.661111111111111,634.666666666667,180,1320,52200,0.657876474670368,947.34212352533,0.546777546777547,262.453222453222,0.713541666666667,685,1560,300,34500,0.573907009021513,826.426092990979,0.403326403326403,193.596673596674,0.659375,633,2940,3060,41100,0.519777931991673,748.480222068008,0.403326403326403,193.596673596674,0.578125,555,420,2280,67920,0.649548924358085,935.350451075642,0.592515592515593,284.407484407484,0.678125,651,180,420,67380,0.587092297015961,845.412907702984,0.440748440748441,211.559251559252,0.660416666666667,634,960,480,73440,0.677307425399028,975.322692574601,0.677754677754678,325.322245322245,0.677083333333333,650,19.8333333333333,25.0924369747899,34.8333333333333,26.4258373205742
"2026-01-31 10:00:00|Monitor51.txt|20",20,"2026-01-31 10:00:00|Monitor51.txt",2026-01-31T10:00:00Z,2026-02-06T10:30:00Z,"OK","M","DGRP819","21.5C","Winter","NA","08:12","M51","Batch23_DGRP",0.567989815993519,817.905335030668,0.429017702186741,205.928497049636,0.6375,612,600,3240,48600,0.678695350451076,977.321304649549,0.663201663201663,318.336798336798,0.686458333333333,659,0,1800,63960,0.702290076335878,1011.29770992366,0.681912681912682,327.318087318087,0.7125,684,4260,420,65340,0.498265093684941,717.501734906315,0.276507276507277,132.723492723493,0.609375,585,5340,360,63060,0.54059680777238,778.459403192228,0.372141372141372,178.627858627859,0.625,600,3540,300,65580,0.50381679389313,725.496183206107,0.313929313929314,150.686070686071,0.598958333333333,575,3840,300,63120,0.482997918112422,695.517002081888,0.264033264033264,126.735966735967,0.592708333333333,569,24.3333333333333,18.2397260273973,23.6666666666667,41.6267605633803
"2026-01-31 10:00:00|Monitor51.txt|21",21,"2026-01-31 10:00:00|Monitor51.txt",2026-01-31T10:00:00Z,2026-02-06T10:30:00Z,"OK","M","DGRP819","21.5C","Winter","NA","08:12","M51","Batch23_DGRP",0.626547853257725,902.228908691124,0.509198195071156,244.415133634155,0.685243055555556,657.833333333333,4800,360,45240,0.46911866759195,675.530881332408,0.313929313929314,150.686070686071,0.546875,525,2580,840,43500,0.662040249826509,953.337959750174,0.528066528066528,253.471933471934,0.729166666666667,700,2760,300,66360,0.625954198473283,901.374045801527,0.455301455301455,218.544698544699,0.711458333333333,683,1500,420,51360,0.70853573907009,1020.29146426093,0.654885654885655,314.345114345114,0.735416666666667,706,2100,1620,36300,0.7529493407356,1084.24705065926,0.67983367983368,326.320166320166,0.789583333333333,758,600,540,36600,0.538514920194309,775.461485079806,0.417879417879418,200.582120582121,0.598958333333333,575,23.6666666666667,20.112676056338,30.3333333333333,31.0714285714286
"2026-01-31 10:00:00|Monitor51.txt|22",22,"2026-01-31 10:00:00|Monitor51.txt",2026-01-31T10:00:00Z,2026-02-06T10:30:00Z,"OK","M","DGRP819","21.5C","Winter","NA","08:12","M51","Batch23_DGRP",0.390695521351695,562.601550746441,0.136758070114544,65.6438736549809,0.517708333333333,497,32520,1140,76440,0.338653712699514,487.661346287301,0,0,0.508333333333333,488,1680,480,65220,0.495489243580847,713.504510756419,0.363825363825364,174.636174636175,0.561458333333333,539,7800,1320,62700,0.379597501734906,546.620402498265,0.103950103950104,49.8960498960499,0.517708333333333,497,840,1320,65400,0.344205412907703,495.655794587092,0.145530145530146,69.8544698544699,0.44375,426,2880,300,58920,0.37265787647467,536.627342123525,0.0415800415800416,19.95841995842,0.538541666666667,517,1620,300,68580,0.412213740458015,593.587786259542,0.164241164241164,78.8357588357588,0.536458333333333,515,8.83333333333333,52.2264150943396,32.1666666666667,30.0103626943005
"2026-01-31 10:00:00|Monitor51.txt|23",23,"2026-01-31 10:00:00|Monitor51.txt",2026-01-31T10:00:00Z,2026-02-06T10:30:00Z,"OK","M","DGRP819","21.5C","Winter","NA","08:12","M51","Batch23_DGRP",0.538595070015045,775.576900821664,0.389101006594932,186.768483165568,0.613368055555556,588.833333333333,2160,2100,39420,0.699514226231784,1007.30048577377,0.600831600831601,288.399168399168,0.748958333333333,719,4800,3600,10500,0.63705759888966,917.36294240111,0.550935550935551,264.449064449064,0.680208333333333,653,4440,4140,4440,0.522553782095767,752.477446217904,0.407484407484407,195.592515592516,0.580208333333333,557,6780,480,11460,0.45940319222762,661.540596807773,0.239085239085239,114.760914760915,0.569791666666667,547,3360,1080,10620,0.449687716863289,647.550312283137,0.245322245322245,117.754677754678,0.552083333333333,530,8460,5340,8460,0.461485079805691,664.538514920194,0.286902286902287,137.713097713098,0.548958333333333,527,8,53.3125,48,20.6909722222222
"2026-01-31 10:00:00|Monitor51.txt|24",24,"2026-01-31 10:00:00|Monitor51.txt",2026-01-31T10:00:00Z,2026-02-06T10:30:00Z,"OK","M","DGRP819","21.5C","Winter","NA","08:12","M51","Batch23_DGRP",0.715542182617753,1030.38074296956,0.633113502256161,303.894481082957,0.756770833333333,726.5,0,900,50700,0.811936155447606,1169.18806384455,0.767151767151767,368.232848232848,0.834375,801,2580,300,67500,0.770992366412214,1110.22900763359,0.723492723492724,347.276507276507,0.794791666666667,763,480,420,38280,0.698126301179736,1005.30187369882,0.615384615384615,295.384615384615,0.739583333333333,710,5700,900,10620,0.657182512144344,946.342817487856,0.536382536382536,257.463617463618,0.717708333333333,689,960,780,66000,0.716863289382373,1032.28313671062,0.625779625779626,300.37422037422,0.7625,732,3420,3000,9900,0.63705759888966,917.36294240111,0.528066528066528,253.471933471934,0.691666666666667,664,16.1666666666667,29.4020618556701,37.6666666666667,24.9690265486726
"2026-01-31 10:00:00|Monitor51.txt|25",25,"2026-01-31 10:00:00|Monitor51.txt",2026-01-31T10:00:00Z,2026-02-06T10:30:00Z,"OK","M","DGRP819","21.5C","Winter","NA","08:12","M51","Batch23_DGRP",0.464761023029742,669.255873162828,0.445331482124263,213.759111419646,0.474479166666667,455.5,900,1020,49980,0.493407356002776,710.506592643997,0.41995841995842,201.580041580042,0.530208333333333,509,4320,1380,33660,0.528799444829979,761.47120055517,0.482328482328482,231.517671517672,0.552083333333333,530,2220,1320,43560,0.482303955586398,694.517696044414,0.465696465696466,223.534303534304,0.490625,471,2220,420,45120,0.471200555170021,678.52879944483,0.434511434511435,208.565488565489,0.489583333333333,470,1620,300,15720,0.437890353920888,630.562109646079,0.486486486486487,233.513513513514,0.413541666666667,397,4500,540,20400,0.374045801526718,538.625954198473,0.380457380457381,182.619542619543,0.370833333333333,356,19.1666666666667,23.5304347826087,39.8333333333333,24.4225941422594
"2026-01-31 10:00:00|Monitor51.txt|26",26,"2026-01-31 10:00:00|Monitor51.txt",2026-01-31T10:00:00Z,2026-02-06T10:30:00Z,"OK","M","DGRP819","21.5C","Winter","NA","08:12","M51","Batch23_DGRP",0.547737530378428,788.742043744937,0.451232211037834,216.59146129816,0.596006944444445,572.166666666667,3900,6060,57840,0.492713393476752,709.507286606523,0.492723492723493,236.507276507277,0.492708333333333,473,300,1140,38880,0.58501040943789,842.414989590562,0.540540540540541,259.459459459459,0.607291666666667,583,300,1020,34260,0.601665510062457,866.398334489938,0.534303534303534,256.465696465697,0.635416666666667,610,2580,840,60060,0.546148507980569,786.453851492019,0.351351351351351,168.648648648649,0.64375,618,1680,420,48180,0.570437196391395,821.429562803609,0.424116424116424,203.575883575884,0.64375,618,1020,4620,27420,0.488549618320611,703.511450381679,0.35966735966736,172.640332640333,0.553125,531,11.1666666666667,48.7910447761194,23.6666666666667,37.5
"2026-01-31 10:00:00|Monitor51.txt|27",27,"2026-01-31 10:00:00|Monitor51.txt",2026-01-31T10:00:00Z,2026-02-06T10:30:00Z,"OK","M","DGRP819","21.5C","Winter","NA","08:12","M51","Batch23_DGRP",0.707904177757204,1019.38201597037,0.702533842415828,337.216244359597,0.710590277777778,682.166666666667,3780,480,61740,0.6294240111034,906.370575988897,0.476091476091476,228.523908523909,0.70625,678,120,360,57960,0.677307425399028,975.322692574601,0.636174636174636,305.363825363825,0.697916666666667,670,5400,45600,5400,0.981956974323387,1414.01804302568,0.966735966735967,464.033264033264,0.989583333333333,950,660,2220,25740,0.74323386537127,1070.25676613463,0.877338877338877,421.122661122661,0.676041666666667,649,300,480,65400,0.621096460791117,894.378903539209,0.634095634095634,304.365904365904,0.614583333333333,590,660,1740,27660,0.593337959750174,854.40666204025,0.621621621621622,298.378378378378,0.579166666666667,556,19.1666666666667,28.1478260869565,35.3333333333333,24.6367924528302
"2026-01-31 10:00:00|Monitor51.txt|28",28,"2026-01-31 10:00:00|Monitor51.txt",2026-01-31T10:00:00Z,2026-02-06T10:30:00Z,"OK","M","DGRP819","21.5C","Winter","NA","08:12","M51","Batch23_DGRP",0.684874435829186,986.219187594028,0.501561957653593,240.749739673724,0.7765625,745.5,10740,1140,31080,0.539208882720333,776.46079111728,0.24948024948025,119.75051975052,0.684375,657,7080,3960,42600,0.686328938237335,988.313671061763,0.474012474012474,227.525987525988,0.792708333333333,761,4140,3900,28200,0.790423317140875,1138.20957668286,0.694386694386694,333.305613305613,0.838541666666667,805,5100,1680,49680,0.674531575294934,971.325468424705,0.523908523908524,251.476091476092,0.75,720,2580,2280,45240,0.724496877168633,1043.27550312283,0.586278586278586,281.413721413721,0.79375,762,5340,1920,33480,0.691880638445524,996.308119361555,0.476091476091476,228.523908523909,0.8,768,10.1666666666667,52.016393442623,23.8333333333333,37.7202797202797
"2026-01-31 10:00:00|Monitor51.txt|29",29,"2026-01-31 10:00:00|Monitor51.txt",2026-01-31T10:00:00Z,2026-02-06T10:30:00Z,"OK","M","DGRP819","21.5C","Winter","NA","08:12","M51","Batch23_DGRP",0.4682328434209,674.255294526097,0.304755293300937,146.28254078445,0.55,528,10320,4500,67380,0.474670367800139,683.5253296322,0.291060291060291,139.70893970894,0.566666666666667,544,3060,300,66540,0.482303955586398,694.517696044414,0.276507276507277,132.723492723493,0.585416666666667,562,2580,900,45840,0.535045107564192,770.464954892436,0.374220374220374,179.62577962578,0.615625,591,60,360,68220,0.564885496183206,813.435114503817,0.45945945945946,220.540540540541,0.617708333333333,593,180,480,9780,0.393476752255378,566.606523247745,0.247401247401247,118.752598752599,0.466666666666667,448,3420,2280,50220,0.357390700902151,514.642609299098,0.176715176715177,84.8232848232848,0.447916666666667,430,12.5,38,40.6666666666667,23.1844262295082
"2026-01-31 10:00:00|Monitor51.txt|30",30,"2026-01-31 10:00:00|Monitor51.txt",2026-01-31T10:00:00Z,2026-02-06T10:30:00Z,"OK","M","DGRP819","21.5C","Winter","NA","08:12","M51","Batch23_DGRP",0.392084249508159,564.601319291749,0.292953835473794,140.617841027421,0.441666666666667,424,4680,300,65100,0.493407356002776,710.506592643997,0.363825363825364,174.636174636175,0.558333333333333,536,4080,360,59280,0.409437890353921,589.590562109646,0.27027027027027,129.72972972973,0.479166666666667,460,3840,540,7860,0.413601665510062,595.58639833449,0.40956340956341,196.590436590437,0.415625,399,6300,780,65580,0.367800138792505,529.632199861208,0.164241164241164,78.8357588357588,0.469791666666667,451,1500,300,51000,0.335183900069396,482.664816099931,0.330561330561331,158.669438669439,0.3375,324,4140,300,57900,0.331714087439278,477.668285912561,0.216216216216216,103.783783783784,0.389583333333333,374,24,18.2083333333333,34.5,28.4830917874396
"2026-01-31 10:00:00|Monitor51.txt|31",31,"2026-01-31 10:00:00|Monitor51.txt",2026-01-31T10:00:00Z,2026-02-06T10:30:00Z,"OK","M","DGRP819","21.5C","Winter","NA","08:12","M51","Batch23_DGRP",0.762411757898391,1097.87293137368,0.570288094411663,273.738285317598,0.858506944444445,824.166666666667,1200,4620,60180,0.826509368494101,1190.17349063151,0.621621621621622,298.378378378378,0.929166666666667,892,360,5940,31800,0.818875780707842,1179.18112421929,0.665280665280665,319.334719334719,0.895833333333333,860,180,420,71580,0.803608605135323,1157.19639139486,0.848232848232848,407.151767151767,0.78125,750,7080,300,26460,0.691880638445524,996.308119361555,0.442827442827443,212.557172557173,0.816666666666667,784,6780,1980,30360,0.732824427480916,1055.26717557252,0.542619542619543,260.45738045738,0.828125,795,6540,720,36480,0.699514226231784,1007.30048577377,0.299376299376299,143.700623700624,0.9,864,11.6666666666667,41.1,22,42.4469696969697
"2026-01-31 10:00:00|Monitor51.txt|32",32,"2026-01-31 10:00:00|Monitor51.txt",2026-01-31T10:00:00Z,2026-02-06T10:30:00Z,"OK","M","DGRP819","21.5C","Winter","NA","08:12","M51","Batch23_DGRP",0.466496933225321,671.755583844463,0.557792433182923,267.740367927803,0.420833333333333,404,10380,300,67260,0.481609993060375,693.51839000694,0.170478170478171,81.8295218295218,0.6375,612,1800,300,67620,0.497571131158917,716.502428868841,0.476091476091476,228.523908523909,0.508333333333333,488,60,960,25980,0.547536433032616,788.452463566967,0.675675675675676,324.324324324324,0.483333333333333,464,840,780,17280,0.446911866759195,643.553088133241,0.656964656964657,315.343035343035,0.341666666666667,328,780,300,69660,0.399722414989591,575.600277585011,0.652806652806653,313.347193347193,0.272916666666667,262,1020,480,67380,0.425399028452464,612.574600971548,0.713097713097713,342.286902286902,0.28125,270,28.6666666666667,16.4709302325581,42.3333333333333,22.1417322834646
"2026-01-31 10:00:00|Monitor52.txt|01",1,"2026-01-31 10:00:00|Monitor52.txt",2026-01-31T10:00:00Z,2026-02-06T10:30:00Z,"OK","M","CS","21.5C","Winter","NA","08:12","M52","Batch23_DGRP",0.479689850711723,690.753385024881,0.393266227004512,188.767788962166,0.522916666666667,502,240,360,47580,0.597501734906315,860.402498265094,0.602910602910603,289.397089397089,0.594791666666667,571,1740,360,46980,0.569743233865371,820.430256766135,0.484407484407485,232.515592515593,0.6125,588,840,300,41220,0.450381679389313,648.549618320611,0.316008316008316,151.683991683992,0.517708333333333,497,3840,1440,43020,0.356696738376128,513.643303261624,0.224532224532225,107.775467775468,0.422916666666667,406,1320,420,48180,0.439278278972935,632.560721721027,0.336798336798337,161.663201663202,0.490625,471,4500,360,50280,0.463566967383761,667.536433032616,0.392931392931393,188.607068607069,0.498958333333333,479,26.6666666666667,21.29375,43.6666666666667,19.263358778626
"2026-01-31 10:00:00|Monitor52.txt|02",2,"2026-01-31 10:00:00|Monitor52.txt",2026-01-31T10:00:00Z,2026-02-06T10:30:00Z,"OK","M","CS","21.5C","Winter","NA","08:12","M52","Batch23_DGRP",0.470315935655595,677.254947344057,0.436306837903506,209.427282193683,0.487326388888889,467.833333333333,0,300,42780,0.623872310895212,898.376127689105,0.683991683991684,328.316008316008,0.59375,570,480,420,45000,0.516308119361555,743.483691880639,0.550935550935551,264.449064449064,0.498958333333333,479,3240,1200,42840,0.469812630117974,676.530187369882,0.382536382536383,183.617463617464,0.513541666666667,493,2100,360,13740,0.295628036086051,425.704371963914,0.293139293139293,140.706860706861,0.296875,285,3360,420,62100,0.352532963219986,507.64746703678,0.166320166320166,79.8336798336798,0.445833333333333,428,1200,480,43800,0.563497571131159,811.436502428869,0.540540540540541,259.459459459459,0.575,552,25.8333333333333,22.3483870967742,41,20.3495934959349
"2026-01-31 10:00:00|Monitor52.txt|03",3,"2026-01-31 10:00:00|Monitor52.txt",2026-01-31T10:00:00Z,2026-02-06T10:30:00Z,"OK","M","CS","21.5C","Winter","NA","08:12","M52","Batch23_DGRP",0.399722254368707,575.600046290939,0.326969802152031,156.945505032975,0.436111111111111,418.666666666667,5040,540,56820,0.575988896599584,829.4240111034,0.397089397089397,190.602910602911,0.665625,639,1140,540,58920,0.473976405274115,682.526023594726,0.422037422037422,202.577962577963,0.5,480,480,360,59400,0.464260929909785,668.53573907009,0.272349272349272,130.727650727651,0.560416666666667,538,2940,360,58080,0.359472588480222,517.64052741152,0.324324324324324,155.675675675676,0.377083333333333,362,780,300,60240,0.272727272727273,392.727272727273,0.286902286902287,137.713097713098,0.265625,255,720,480,51000,0.251214434420541,361.74878556558,0.257796257796258,123.742203742204,0.247916666666667,238,30.6666666666667,16.945652173913,49.3333333333333,18.1317567567568
"2026-01-31 10:00:00|Monitor52.txt|06",6,"2026-01-31 10:00:00|Monitor52.txt",2026-01-31T10:00:00Z,2026-02-06T10:30:00Z,"OK","M","CS","21.5C","Winter","NA","08:12","M52","Batch23_DGRP",0.415808355514408,598.764031940748,0.494619923637626,237.41756334606,0.376388888888889,361.333333333333,0,600,54480,0.480222068008328,691.519777931992,0.471933471933472,226.528066528067,0.484375,465,1140,420,45360,0.471200555170021,678.52879944483,0.621621621621622,298.378378378378,0.395833333333333,380,1680,660,43680,0.456627342123525,657.543372657877,0.488565488565489,234.511434511435,0.440625,423,120,1080,43620,0.428868841082582,617.571131158918,0.513513513513514,246.486486486487,0.386458333333333,371,0,600,42300,0.416377515614157,599.583622484386,0.534303534303534,256.465696465697,0.357291666666667,343,180,480,22440,0.241498959056211,347.758501040944,0.336798336798337,161.663201663202,0.19375,186,34.3333333333333,19.1165048543689,34.8333333333333,21.4114832535885
"2026-01-31 10:00:00|Monitor52.txt|07",7,"2026-01-31 10:00:00|Monitor52.txt",2026-01-31T10:00:00Z,2026-02-06T10:30:00Z,"OK","M","CS","21.5C","Winter","NA","08:12","M52","Batch23_DGRP",0.479458396018979,690.42009026733,0.597014925373134,286.567164179104,0.420659722222222,403.833333333333,0,360,44820,0.604441360166551,870.395558639834,0.67983367983368,326.320166320166,0.566666666666667,544,480,360,45480,0.561415683553088,808.438584316447,0.632016632016632,303.367983367983,0.526041666666667,505,1860,300,6900,0.587092297015961,845.412907702984,0.752598752598753,361.247401247401,0.504166666666667,484,4140,1080,49920,0.36294240111034,522.63705759889,0.453222453222453,217.546777546778,0.317708333333333,305,120,360,18960,0.368494101318529,530.631505898681,0.540540540540541,259.459459459459,0.282291666666667,271,1140,360,52080,0.393476752255378,566.606523247745,0.525987525987526,252.474012474012,0.327083333333333,314,23.1666666666667,30.1798561151079,30.1666666666667,23.6574585635359
"2026-01-31 10:00:00|Monitor52.txt|08",8,"2026-01-31 10:00:00|Monitor52.txt",2026-01-31T10:00:00Z,2026-02-06T10:30:00Z,"OK","M","CS","21.5C","Winter","NA","08:12","M52","Batch23_DGRP",0.554218261775258,798.074296956371,0.516140229087123,247.747309961819,0.573263888888889,550.333333333333,0,720,40920,0.648160999306037,933.351839000694,0.594594594594595,285.405405405405,0.675,648,2880,1380,19680,0.612074947952811,881.387925052047,0.621621621621622,298.378378378378,0.607291666666667,583,1320,420,38640,0.650936849410132,937.34906315059,0.698544698544699,335.301455301455,0.627083333333333,602,240,360,54420,0.560721721027065,807.439278278973,0.588357588357588,282.411642411642,0.546875,525,120,480,64440,0.428174878556558,616.571825121444,0.299376299376299,143.700623700624,0.492708333333333,473,360,360,40140,0.42470506592644,611.575294934074,0.293139293139293,140.706860706861,0.490625,471,23.3333333333333,22.4928571428572,44.6666666666667,19.7537313432836
"2026-01-31 10:00:00|Monitor52.txt|09",9,"2026-01-31 10:00:00|Monitor52.txt",2026-01-31T10:00:00Z,2026-02-06T10:30:00Z,"OK","M","CS","21.5C","Winter","NA","08:12","M52","Batch23_DGRP",0.399722254368707,575.600046290939,0.236376258243665,113.460603956959,0.481423611111111,462.166666666667,11280,300,72600,0.423317140874393,609.576682859126,0.328482328482329,157.671517671518,0.470833333333333,452,1620,300,53280,0.392782789729355,565.607217210271,0.272349272349272,130.727650727651,0.453125,435,8220,360,51480,0.428868841082582,617.571131158918,0.205821205821206,98.7941787941788,0.540625,519,12660,840,42660,0.361554476058293,520.638445523942,0.174636174636175,83.8253638253639,0.455208333333333,437,5580,480,41700,0.360166551006246,518.639833448994,0.180873180873181,86.8191268191268,0.45,432,1380,300,41460,0.430256766134629,619.569743233865,0.253638253638254,121.746361746362,0.51875,498,20.8333333333333,24.888,46.5,19.2078853046595
"2026-01-31 10:00:00|Monitor52.txt|10",10,"2026-01-31 10:00:00|Monitor52.txt",2026-01-31T10:00:00Z,2026-02-06T10:30:00Z,"OK","M","CS","21.5C","Winter","NA","08:12","M52","Batch23_DGRP",0.463719476912394,667.756046753848,0.540784449843804,259.576535925026,0.425173611111111,408.166666666667,0,600,19440,0.47883414295628,689.521165857044,0.602910602910603,289.397089397089,0.416666666666667,400,600,480,15180,0.458015267175573,659.541984732825,0.498960498960499,239.50103950104,0.4375,420,1560,540,47400,0.457321304649549,658.542678695351,0.488565488565489,234.511434511435,0.441666666666667,424,120,480,71460,0.458015267175573,659.541984732825,0.399168399168399,191.600831600832,0.4875,468,1680,780,13680,0.394170714781402,567.605829285219,0.592515592515593,284.407484407484,0.294791666666667,283,180,420,41640,0.536433032616239,772.463566967384,0.663201663201663,318.336798336798,0.472916666666667,454,26.5,22.8993710691824,40.5,19.8683127572016
"2026-01-31 10:00:00|Monitor52.txt|11",11,"2026-01-31 10:00:00|Monitor52.txt",2026-01-31T10:00:00Z,2026-02-06T10:30:00Z,"OK","M","CS","21.5C","Winter","NA","08:12","M52","Batch23_DGRP",0.474366392778614,683.087605601204,0.463380770565776,222.422769871572,0.479861111111111,460.666666666667,0,360,42900,0.566273421235253,815.433726578765,0.559251559251559,268.440748440748,0.569791666666667,547,1140,1680,49140,0.554476058292852,798.445523941707,0.592515592515593,284.407484407484,0.535416666666667,514,600,300,49740,0.497571131158917,716.502428868841,0.488565488565489,234.511434511435,0.502083333333333,482,600,300,48240,0.482303955586398,694.517696044414,0.386694386694387,185.613305613306,0.530208333333333,509,2760,720,43680,0.374739764052741,539.625260235947,0.390852390852391,187.609147609148,0.366666666666667,352,4200,420,12060,0.369882026370576,532.63011797363,0.35966735966736,172.640332640333,0.375,360,26.5,21.5534591194969,34.3333333333333,24.4660194174757
"2026-01-31 10:00:00|Monitor52.txt|13",13,"2026-01-31 10:00:00|Monitor52.txt",2026-01-31T10:00:00Z,2026-02-06T10:30:00Z,"OK","M","CS","21.5C","Winter","NA","08:12","M52","Batch23_DGRP",0.52702233537785,758.912162944104,0.589725789656369,283.068379035057,0.495659722222222,475.833333333333,1020,960,15060,0.604441360166551,870.395558639834,0.696465696465697,334.303534303534,0.558333333333333,536,1800,3240,41820,0.622484385843165,896.377515614157,0.74012474012474,355.259875259875,0.563541666666667,541,0,480,41880,0.519777931991673,748.480222068008,0.476091476091476,228.523908523909,0.541666666666667,520,1380,2040,39300,0.604441360166551,870.395558639834,0.798336798336798,383.201663201663,0.507291666666667,487,1740,540,39480,0.415683553088133,598.584316446912,0.434511434511435,208.565488565489,0.40625,390,120,300,83760,0.396252602359473,570.603747397641,0.395010395010395,189.60498960499,0.396875,381,21.5,25.7674418604651,32,26.765625
"2026-01-31 10:00:00|Monitor52.txt|14",14,"2026-01-31 10:00:00|Monitor52.txt",2026-01-31T10:00:00Z,2026-02-06T10:30:00Z,"OK","M","CS","21.5C","Winter","NA","08:12","M52","Batch23_DGRP",0.51753269297535,745.247077884504,0.474488024991323,227.754251995835,0.5390625,517.5,240,660,41280,0.533657182512144,768.466342817488,0.586278586278586,281.413721413721,0.507291666666667,487,600,1560,40320,0.589868147120056,849.41013185288,0.600831600831601,288.399168399168,0.584375,561,660,300,42420,0.514920194309507,741.485079805691,0.451143451143451,216.548856548857,0.546875,525,360,540,38220,0.482997918112422,695.517002081888,0.41995841995842,201.580041580042,0.514583333333333,494,840,360,63720,0.443442054129077,638.556557945871,0.338877338877339,162.661122661123,0.495833333333333,476,780,540,38940,0.54059680777238,778.459403192228,0.451143451143451,216.548856548857,0.585416666666667,562,30,18.6111111111111,51.6666666666667,16.4709677419355
"2026-01-31 10:00:00|Monitor52.txt|15",15,"2026-01-31 10:00:00|Monitor52.txt",2026-01-31T10:00:00Z,2026-02-06T10:30:00Z,"OK","M","CS","21.5C","Winter","NA","08:12","M52","Batch23_DGRP",0.397639162134012,572.600393472978,0.455744533148213,218.757375911142,0.368576388888889,353.833333333333,0,780,71280,0.449687716863289,647.550312283137,0.515592515592516,247.484407484408,0.416666666666667,400,2160,360,39420,0.365718251214434,526.634281748786,0.322245322245322,154.677754677755,0.3875,372,4020,360,41220,0.38029146426093,547.619708535739,0.288981288981289,138.711018711019,0.426041666666667,409,0,300,6780,0.430950728660652,620.569049271339,0.546777546777547,262.453222453222,0.372916666666667,358,1020,420,22740,0.366412213740458,527.63358778626,0.544698544698545,261.455301455301,0.277083333333333,266,1500,840,39780,0.392088827203331,564.607911172797,0.513513513513514,246.486486486487,0.33125,318,27.1666666666667,20.2085889570552,48,17.9652777777778
"2026-01-31 10:00:00|Monitor52.txt|16",16,"2026-01-31 10:00:00|Monitor52.txt",2026-01-31T10:00:00Z,2026-02-06T10:30:00Z,"OK","M","CS","21.5C","Winter","NA","08:12","M52","Batch23_DGRP",0.361416502719593,520.439763916214,0.322804581742451,154.946199236376,0.380729166666667,365.5,3480,300,43800,0.50381679389313,725.496183206107,0.446985446985447,214.553014553015,0.532291666666667,511,1500,720,40440,0.555170020818876,799.444829979181,0.555093555093555,266.444906444906,0.555208333333333,533,900,300,40920,0.38792505204719,558.612074947953,0.286902286902287,137.713097713098,0.438541666666667,421,120,660,70560,0.197085357390701,283.802914642609,0.222453222453222,106.777546777547,0.184375,177,2820,360,52980,0.203331020124913,292.796668979875,0.0977130977130977,46.9022869022869,0.25625,246,480,300,42360,0.321998612074948,463.678001387925,0.330561330561331,158.669438669439,0.317708333333333,305,23.3333333333333,24.7357142857143,48,17.4583333333333
"2026-01-31 10:00:00|Monitor52.txt|17",17,"2026-01-31 10:00:00|Monitor52.txt",2026-01-31T10:00:00Z,2026-02-06T10:30:00Z,"OK","M","CS","21.5C","Winter","NA","08:12","M52","Batch23_DGRP",0.421826177525749,607.429695637079,0.422422769871572,202.762929538355,0.421527777777778,404.666666666667,2160,360,71340,0.520471894517696,749.479528105482,0.573804573804574,275.426195426195,0.49375,474,1380,300,65460,0.493407356002776,710.506592643997,0.523908523908524,251.476091476092,0.478125,459,180,300,64800,0.4323386537127,622.567661346287,0.490644490644491,235.509355509356,0.403125,387,1020,480,63780,0.389312977099237,560.610687022901,0.345114345114345,165.654885654886,0.411458333333333,395,1200,480,69120,0.321998612074948,463.678001387925,0.268191268191268,128.731808731809,0.348958333333333,335,960,300,68040,0.374045801526718,538.625954198473,0.334719334719335,160.665280665281,0.39375,378,31,17.241935483871,47.5,18.319298245614
"2026-01-31 10:00:00|Monitor52.txt|18",18,"2026-01-31 10:00:00|Monitor52.txt",2026-01-31T10:00:00Z,2026-02-06T10:30:00Z,"OK","M","CS","21.5C","Winter","NA","08:12","M52","Batch23_DGRP",0.291632912857308,419.951394514524,0.317250954529677,152.280458174245,0.278819444444444,267.666666666667,240,300,41100,0.411519777931992,592.588480222068,0.384615384615385,184.615384615385,0.425,408,480,420,71760,0.379597501734906,546.620402498265,0.484407484407485,232.515592515593,0.327083333333333,314,960,360,54660,0.259541984732824,373.740458015267,0.261954261954262,125.738045738046,0.258333333333333,248,1500,300,41700,0.31089521165857,447.689104788341,0.170478170478171,81.8295218295218,0.38125,366,5820,300,22680,0.15822345593338,227.841776544067,0.228690228690229,109.77130977131,0.122916666666667,118,660,420,21000,0.230395558639833,331.76960444136,0.374220374220374,179.62577962578,0.158333333333333,152,28.5,21.5497076023392,34.6666666666667,23.1105769230769
"2026-01-31 10:00:00|Monitor52.txt|21",21,"2026-01-31 10:00:00|Monitor52.txt",2026-01-31T10:00:00Z,2026-02-06T10:30:00Z,"OK","M","CS","21.5C","Winter","NA","08:12","M52","Batch23_DGRP",0.439416734174285,632.760097210971,0.467198889274557,224.255466851788,0.425520833333333,408.5,0,360,66060,0.518390006939625,746.48160999306,0.590436590436591,283.409563409563,0.482291666666667,463,540,600,43680,0.510756419153366,735.489243580847,0.490644490644491,235.509355509356,0.520833333333333,500,240,540,43620,0.541984732824428,780.458015267176,0.532224532224532,255.467775467776,0.546875,525,1080,360,74460,0.300485773768217,432.699514226232,0.268191268191268,128.731808731809,0.316666666666667,304,420,900,10980,0.31852879944483,458.681471200555,0.386694386694387,185.613305613306,0.284375,273,600,720,53640,0.446911866759195,643.553088133241,0.536382536382536,257.463617463618,0.402083333333333,386,33.8333333333333,18.1231527093596,43.3333333333333,18.25
"2026-01-31 10:00:00|Monitor52.txt|22",22,"2026-01-31 10:00:00|Monitor52.txt",2026-01-31T10:00:00Z,2026-02-06T10:30:00Z,"OK","M","CS","21.5C","Winter","NA","08:12","M52","Batch23_DGRP",0.606179840296262,872.898970026617,0.717806317250955,344.547032280458,0.550347222222222,528.333333333333,0,13740,0,0.6911866759195,995.30881332408,0.869022869022869,417.130977130977,0.602083333333333,578,720,600,45720,0.646079111727967,930.353920888272,0.817047817047817,392.182952182952,0.560416666666667,538,1140,480,45900,0.648854961832061,934.351145038168,0.829521829521829,398.170478170478,0.558333333333333,536,780,480,43620,0.422623178348369,608.577376821652,0.505197505197505,242.494802494803,0.38125,366,60,300,63480,0.523941707147814,754.476058292852,0.550935550935551,264.449064449064,0.510416666666667,490,780,600,49200,0.705065926439972,1015.29493407356,0.735966735966736,353.264033264033,0.689583333333333,662,22.8333333333333,28.1094890510949,25.6666666666667,29.7922077922078
"2026-01-31 10:00:00|Monitor52.txt|23",23,"2026-01-31 10:00:00|Monitor52.txt",2026-01-31T10:00:00Z,2026-02-06T10:30:00Z,"OK","M","CS","21.5C","Winter","NA","08:12","M52","Batch23_DGRP",0.577942367781507,832.23700960537,0.702880944116626,337.382853175981,0.515451388888889,494.833333333333,0,480,8520,0.698126301179736,1005.30187369882,0.856548856548857,411.143451143451,0.61875,594,2520,3000,15660,0.673143650242887,969.326856349757,0.877338877338877,421.122661122661,0.570833333333333,548,1140,660,55800,0.607911172796669,875.392088827203,0.698544698544699,335.301455301455,0.5625,540,900,900,50700,0.598195697432339,861.401804302568,0.654885654885655,314.345114345114,0.569791666666667,547,900,600,50520,0.522553782095767,752.477446217904,0.686070686070686,329.313929313929,0.440625,423,0,660,55860,0.369188063844552,531.630811936155,0.446985446985447,214.553014553015,0.330208333333333,317,19.8333333333333,29.9411764705882,32.1666666666667,25.3419689119171
"2026-01-31 10:00:00|Monitor52.txt|24",24,"2026-01-31 10:00:00|Monitor52.txt",2026-01-31T10:00:00Z,2026-02-06T10:30:00Z,"OK","M","CS","21.5C","Winter","NA","08:12","M52","Batch23_DGRP",0.483393125795626,696.086101145701,0.477959041999306,229.420340159667,0.486111111111111,466.666666666667,0,1020,20460,0.570437196391395,821.429562803609,0.677754677754678,325.322245322245,0.516666666666667,496,600,480,9420,0.525329632199861,756.4746703678,0.565488565488566,271.434511434512,0.505208333333333,485,1020,360,70500,0.596807772380292,859.40319222762,0.592515592515593,284.407484407484,0.598958333333333,575,0,300,42660,0.538514920194309,775.461485079806,0.482328482328482,231.517671517672,0.566666666666667,544,600,300,38460,0.437890353920888,630.562109646079,0.324324324324324,155.675675675676,0.494791666666667,475,1620,420,70380,0.230395558639833,331.76960444136,0.222453222453222,106.777546777547,0.234375,225,31.1666666666667,18.7647058823529,50.6666666666667,16.0855263157895
"2026-01-31 10:00:00|Monitor52.txt|25",25,"2026-01-31 10:00:00|Monitor52.txt",2026-01-31T10:00:00Z,2026-02-06T10:30:00Z,"OK","M","CS","21.5C","Winter","NA","08:12","M52","Batch23_DGRP",0.32681402615438,470.612197662308,0.325928497049636,156.445678583825,0.327256944444444,314.166666666667,0,720,21120,0.421929215822346,607.578070784178,0.521829521829522,250.47817047817,0.371875,357,3660,660,59820,0.480916030534351,692.519083969466,0.451143451143451,216.548856548857,0.495833333333333,476,540,300,43920,0.371963913948647,535.628036086051,0.382536382536383,183.617463617464,0.366666666666667,352,0,300,76020,0.263011797362942,378.736988202637,0.245322245322245,117.754677754678,0.271875,261,8520,300,65700,0.188063844552394,270.811936155448,0.108108108108108,51.8918918918919,0.228125,219,4740,420,39900,0.235947258848022,339.764052741152,0.24948024948025,119.75051975052,0.229166666666667,220,25.3333333333333,20.4605263157895,41.5,21.6907630522088
"2026-01-31 10:00:00|Monitor52.txt|26",26,"2026-01-31 10:00:00|Monitor52.txt",2026-01-31T10:00:00Z,2026-02-06T10:30:00Z,"OK","M","CS","21.5C","Winter","NA","08:12","M52","Batch23_DGRP",0.668093970605254,962.055317671566,0.604651162790698,290.232558139535,0.699826388888889,671.833333333333,300,360,43080,0.643303261623872,926.356696738376,0.636174636174636,305.363825363825,0.646875,621,60,540,40980,0.667591950034698,961.332408049965,0.546777546777547,262.453222453222,0.728125,699,420,420,56880,0.622484385843165,896.377515614157,0.534303534303534,256.465696465697,0.666666666666667,640,480,480,64800,0.664816099930604,957.335183900069,0.609147609147609,292.390852390852,0.692708333333333,665,960,360,38340,0.715475364330326,1030.28452463567,0.750519750519751,360.24948024948,0.697916666666667,670,1020,1020,47640,0.695350451075642,1001.30464954892,0.553014553014553,265.446985446986,0.766666666666667,736,38.8333333333333,12.4935622317597,32,28.4947916666667
"2026-01-31 10:00:00|Monitor52.txt|27",27,"2026-01-31 10:00:00|Monitor52.txt",2026-01-31T10:00:00Z,2026-02-06T10:30:00Z,"OK","M","CS","21.5C","Winter","NA","08:12","M52","Batch23_DGRP",0.696447170466381,1002.88392547159,0.633460603956959,304.061089899341,0.727951388888889,698.833333333333,720,420,43560,0.732130464954892,1054.26786953505,0.673596673596674,323.326403326403,0.761458333333333,731,1200,420,41100,0.691880638445524,996.308119361555,0.66943866943867,321.330561330561,0.703125,675,0,780,38520,0.836918806384455,1205.16308119362,0.883575883575884,424.116424116424,0.813541666666667,781,60,480,39960,0.718945176960444,1035.28105482304,0.634095634095634,304.365904365904,0.761458333333333,731,240,300,39300,0.663428174878557,955.336571825121,0.613305613305613,294.386694386694,0.688541666666667,661,3120,300,49740,0.534351145038168,769.465648854962,0.324324324324324,155.675675675676,0.639583333333333,614,29,16.8735632183908,29.3333333333333,31.2556818181818
"2026-01-31 10:00:00|Monitor52.txt|28",28,"2026-01-31 10:00:00|Monitor52.txt",2026-01-31T10:00:00Z,2026-02-06T10:30:00Z,"OK","M","CS","21.5C","Winter","NA","08:12","M52","Batch23_DGRP",0.582687188982757,839.06955213517,0.690385282887886,331.384935786185,0.528819444444444,507.666666666667,0,2220,58920,0.691880638445524,996.308119361555,0.762993762993763,366.237006237006,0.65625,630,120,1860,69600,0.684247050659264,985.315752949341,0.806652806652807,387.193347193347,0.622916666666667,598,1320,1620,67500,0.674531575294934,971.325468424705,0.727650727650728,349.272349272349,0.647916666666667,622,60,300,66360,0.547536433032616,788.452463566967,0.765072765072765,367.234927234927,0.438541666666667,421,480,600,55500,0.399722414989591,575.600277585011,0.451143451143451,216.548856548857,0.373958333333333,359,780,720,13860,0.497571131158917,716.502428868841,0.625779625779626,300.37422037422,0.433333333333333,416,28.6666666666667,19.1860465116279,47.6666666666667,17.6503496503496
"2026-01-31 10:00:00|Monitor52.txt|29",29,"2026-01-31 10:00:00|Monitor52.txt",2026-01-31T10:00:00Z,2026-02-06T10:30:00Z,"OK","M","CS","21.5C","Winter","NA","08:12","M52","Batch23_DGRP",0.617289665547969,888.897118389075,0.717806317250955,344.547032280458,0.567013888888889,544.333333333333,0,4500,55680,0.686328938237335,988.313671061763,0.862785862785863,414.137214137214,0.597916666666667,574,9240,480,66300,0.745315752949341,1073.25468424705,0.866943866943867,416.133056133056,0.684375,657,1620,1980,16500,0.623178348369188,897.376821651631,0.829521829521829,398.170478170478,0.519791666666667,499,720,480,21600,0.529493407356003,762.470506592644,0.738045738045738,354.261954261954,0.425,408,420,540,41640,0.529493407356003,762.470506592644,0.503118503118503,241.496881496882,0.542708333333333,521,360,660,42480,0.591256072172103,851.408743927828,0.509355509355509,244.490644490645,0.632291666666667,607,24.8333333333333,20.4026845637584,37,24.1441441441442
"2026-01-31 10:00:00|Monitor52.txt|30",30,"2026-01-31 10:00:00|Monitor52.txt",2026-01-31T10:00:00Z,2026-02-06T10:30:00Z,"OK","M","CS","21.5C","Winter","NA","08:12","M52","Batch23_DGRP",0.574354820043976,827.070940863326,0.530371398819854,254.57827143353,0.596354166666667,572.5,0,360,43980,0.633587786259542,912.36641221374,0.656964656964657,315.343035343035,0.621875,597,2400,300,56340,0.562803608605135,810.437196391395,0.521829521829522,250.47817047817,0.583333333333333,560,960,300,43260,0.537126995142262,773.462873004858,0.434511434511435,208.565488565489,0.588541666666667,565,600,420,41880,0.530187369882026,763.469812630118,0.490644490644491,235.509355509356,0.55,528,300,780,46800,0.508674531575295,732.491325468425,0.43035343035343,206.569646569647,0.547916666666667,526,120,600,47880,0.674531575294934,971.325468424705,0.650727650727651,312.349272349272,0.686458333333333,659,31.5,18.7089947089947,36.3333333333333,22.0642201834863
"2026-01-31 10:00:00|Monitor52.txt|31",31,"2026-01-31 10:00:00|Monitor52.txt",2026-01-31T10:00:00Z,2026-02-06T10:30:00Z,"OK","M","CS","21.5C","Winter","NA","08:12","M52","Batch23_DGRP",0.475176484203217,684.254137252633,0.567511280805276,272.405414786532,0.428993055555556,411.833333333333,0,960,7440,0.628730048577377,905.371269951423,0.812889812889813,390.18711018711,0.536458333333333,515,360,480,56340,0.588480222068008,847.411519777932,0.613305613305613,294.386694386694,0.576041666666667,553,1980,540,69240,0.530187369882026,763.469812630118,0.567567567567568,272.432432432432,0.511458333333333,491,300,600,53340,0.460097154753643,662.539902845246,0.550935550935551,264.449064449064,0.414583333333333,398,1320,600,72600,0.430256766134629,619.569743233865,0.498960498960499,239.50103950104,0.395833333333333,380,5760,780,10380,0.21235253296322,305.787647467037,0.357588357588358,171.642411642412,0.139583333333333,134,26.1666666666667,23.9363057324841,40.5,19.1851851851852
"2026-01-31 10:00:00|Monitor52.txt|32",32,"2026-01-31 10:00:00|Monitor52.txt",2026-01-31T10:00:00Z,2026-02-06T10:30:00Z,"OK","M","CS","21.5C","Winter","NA","08:12","M52","Batch23_DGRP",0.541951163059831,780.409674806157,0.475876431794516,228.420687261368,0.575,552,0,360,42540,0.612768910478834,882.387231089521,0.692307692307692,332.307692307692,0.572916666666667,550,120,600,51420,0.51353226925746,739.486467730743,0.48024948024948,230.519750519751,0.530208333333333,509,1380,360,38880,0.628730048577377,905.371269951423,0.644490644490645,309.355509355509,0.620833333333333,596,600,720,40440,0.507980569049271,731.492019430951,0.384615384615385,184.615384615385,0.569791666666667,547,360,780,59760,0.425399028452464,612.574600971548,0.297297297297297,142.702702702703,0.489583333333333,470,0,780,49200,0.564191533657183,812.435808466343,0.35966735966736,172.640332640333,0.666666666666667,640,27.5,20.430303030303,36.1666666666667,23.5069124423963
