"id","region_id","experiment_id","start_datetime","stop_datetime","status","Sex","Genotype","Temperature","Treatment","Environment","Light","monitor","Batch","Sleep_Fraction_All","Sleep_Time_All","Sleep_Fraction_L","Sleep_Time_L","Sleep_Fraction_D","Sleep_Time_D","Day1_latency","Day1_first_bout_length","Day1_latency_to_longest_bout","Day1_Sleep_Fraction_All","Day1_Sleep_Time_All","Day1_Sleep_Fraction_L","Day1_Sleep_Time_L","Day1_Sleep_Fraction_D","Day1_Sleep_Time_D","Day2_latency","Day2_first_bout_length","Day2_latency_to_longest_bout","Day2_Sleep_Fraction_All","Day2_Sleep_Time_All","Day2_Sleep_Fraction_L","Day2_Sleep_Time_L","Day2_Sleep_Fraction_D","Day2_Sleep_Time_D","Day3_latency","Day3_first_bout_length","Day3_latency_to_longest_bout","Day3_Sleep_Fraction_All","Day3_Sleep_Time_All","Day3_Sleep_Fraction_L","Day3_Sleep_Time_L","Day3_Sleep_Fraction_D","Day3_Sleep_Time_D","Day4_latency","Day4_first_bout_length","Day4_latency_to_longest_bout","Day4_Sleep_Fraction_All","Day4_Sleep_Time_All","Day4_Sleep_Fraction_L","Day4_Sleep_Time_L","Day4_Sleep_Fraction_D","Day4_Sleep_Time_D","Day5_latency","Day5_first_bout_length","Day5_latency_to_longest_bout","Day5_Sleep_Fraction_All","Day5_Sleep_Time_All","Day5_Sleep_Fraction_L","Day5_Sleep_Time_L","Day5_Sleep_Fraction_D","Day5_Sleep_Time_D","Day6_latency","Day6_first_bout_length","Day6_latency_to_longest_bout","Day6_Sleep_Fraction_All","Day6_Sleep_Time_All","Day6_Sleep_Fraction_L","Day6_Sleep_Time_L","Day6_Sleep_Fraction_D","Day6_Sleep_Time_D","n_Bouts_L","mean_Bout_Length_L","n_Bouts_D","mean_Bout_Length_D"
"2025-11-15 10:00:00|Monitor44.txt|01",1,"2025-11-15 10:00:00|Monitor44.txt",2025-11-15T10:00:00Z,2025-11-21T16:30:00Z,"OK","M","CS","21.5C","Winter","NA","08:12","M44","Batch15_DGRP",0.747251475523666,1076.04212475408,0.641096841374523,307.726483859771,0.800347222222222,768.333333333333,0,360,40500,0.737682165163081,1062.26231783484,0.590436590436591,283.409563409563,0.811458333333333,779,2340,420,44580,0.753643303261624,1085.24635669674,0.675675675675676,324.324324324324,0.792708333333333,761,1140,660,39780,0.74323386537127,1070.25676613463,0.704781704781705,338.295218295218,0.7625,732,720,780,56820,0.764746703678001,1101.23525329632,0.69022869022869,331.309771309771,0.802083333333333,770,0,300,60300,0.719639139486468,1036.28036086051,0.557172557172557,267.442827442828,0.801041666666667,769,180,360,38100,0.764746703678001,1101.23525329632,0.62993762993763,302.370062370062,0.832291666666667,799,28.8333333333333,16.8901734104046,18,51.1203703703704
"2025-11-15 10:00:00|Monitor44.txt|02",2,"2025-11-15 10:00:00|Monitor44.txt",2025-11-15T10:00:00Z,2025-11-21T16:30:00Z,"OK","M","CS","21.5C","Winter","NA","08:12","M44","Batch15_DGRP",0.533040157389191,767.577826640435,0.342936480388754,164.609510586602,0.628125,603,480,300,53520,0.527411519777932,759.472588480222,0.401247401247401,192.598752598753,0.590625,567,60,720,65100,0.505898681471201,728.494101318529,0.401247401247401,192.598752598753,0.558333333333333,536,1020,720,42960,0.566967383761277,816.433032616239,0.41995841995842,201.580041580042,0.640625,615,12360,360,40440,0.44205412907703,636.557945870923,0.166320166320166,79.8336798336798,0.580208333333333,557,2100,300,48120,0.562803608605135,810.437196391395,0.347193347193347,166.652806652807,0.670833333333333,644,1620,720,39960,0.59264399722415,853.407356002776,0.322245322245322,154.677754677755,0.728125,699,27.8333333333333,21.814371257485,14.6666666666667,55.4318181818182
"2025-11-15 10:00:00|Monitor44.txt|03",3,"2025-11-15 10:00:00|Monitor44.txt",2025-11-15T10:00:00Z,2025-11-21T16:30:00Z,"OK","M","CS","21.5C","Winter","NA","08:12","M44","Batch15_DGRP",0.650850595995834,937.224858234001,0.557792433182923,267.740367927803,0.697395833333333,669.5,0,1020,41820,0.736294240111034,1060.26370575989,0.738045738045738,354.261954261954,0.735416666666667,706,0,420,51840,0.622484385843165,896.377515614157,0.561330561330561,269.43866943867,0.653125,627,120,360,60540,0.717557251908397,1033.28244274809,0.715176715176715,343.284823284823,0.71875,690,2640,960,38280,0.646079111727967,930.353920888272,0.538461538461538,258.461538461539,0.7,672,1860,300,62220,0.547536433032616,788.452463566967,0.363825363825364,174.636174636175,0.639583333333333,614,360,360,37500,0.634975711311589,914.365024288688,0.43035343035343,206.569646569647,0.7375,708,36.1666666666667,15.0967741935484,22.8333333333333,37.3211678832117
"2025-11-15 10:00:00|Monitor44.txt|04",4,"2025-11-15 10:00:00|Monitor44.txt",2025-11-15T10:00:00Z,2025-11-21T16:30:00Z,"OK","M","CS","21.5C","Winter","NA","08:12","M44","Batch15_DGRP",0.581992824904525,838.069667862516,0.476917736896911,228.920513710517,0.634548611111111,609.166666666667,480,960,44820,0.526023594725885,757.473976405274,0.611226611226611,293.388773388773,0.483333333333333,464,5580,480,40380,0.54059680777238,778.459403192228,0.347193347193347,166.652806652807,0.6375,612,240,840,48660,0.515614156835531,742.484385843165,0.461538461538462,221.538461538462,0.542708333333333,521,540,600,40080,0.597501734906315,860.402498265094,0.440748440748441,211.559251559252,0.676041666666667,649,1380,960,41280,0.649548924358085,935.350451075642,0.546777546777547,262.453222453222,0.701041666666667,673,2640,300,40980,0.663428174878557,955.336571825121,0.457380457380458,219.54261954262,0.766666666666667,736,24,27.0555555555556,19.6666666666667,38.8050847457627
"2025-11-15 10:00:00|Monitor44.txt|05",5,"2025-11-15 10:00:00|Monitor44.txt",2025-11-15T10:00:00Z,2025-11-21T16:30:00Z,"OK","M","CS","21.5C","Winter","NA","08:12","M44","Batch15_DGRP",0.746788566138179,1075.37553523898,0.786185352308226,377.368969107949,0.727083333333333,698,0,1200,42780,0.690492713393477,994.309507286606,0.696465696465697,334.303534303534,0.6875,660,2700,2220,12480,0.759888965995836,1094.240111034,0.873180873180873,419.126819126819,0.703125,675,2760,360,46260,0.763358778625954,1099.23664122137,0.852390852390852,409.147609147609,0.71875,690,720,540,39900,0.777238029146426,1119.22276197085,0.781704781704782,375.218295218295,0.775,744,2040,840,42180,0.764052741151978,1100.23594725885,0.792099792099792,380.2079002079,0.75,720,1320,420,51960,0.726578764746704,1046.27342123525,0.723492723492724,347.276507276507,0.728125,699,24,21.5555555555556,24,36.9652777777778
"2025-11-15 10:00:00|Monitor44.txt|06",6,"2025-11-15 10:00:00|Monitor44.txt",2025-11-15T10:00:00Z,2025-11-21T16:30:00Z,"OK","M","CS","21.5C","Winter","NA","08:12","M44","Batch15_DGRP",0.559194537669251,805.240134243722,0.427629295383547,205.262061784103,0.625,600,0,900,43440,0.551006245662734,793.448993754337,0.484407484407485,232.515592515593,0.584375,561,900,660,39180,0.58292852185982,839.41707147814,0.461538461538462,221.538461538462,0.64375,618,120,780,62940,0.619014573213047,891.380985426787,0.482328482328482,231.517671517672,0.6875,660,3600,1080,40920,0.515614156835531,742.484385843165,0.347193347193347,166.652806652807,0.6,576,120,300,40380,0.557251908396947,802.442748091603,0.415800415800416,199.5841995842,0.628125,603,1320,360,38820,0.528799444829979,761.47120055517,0.374220374220374,179.62577962578,0.60625,582,30,17.3055555555556,40.1666666666667,22.0497925311203
"2025-11-15 10:00:00|Monitor44.txt|07",7,"2025-11-15 10:00:00|Monitor44.txt",2025-11-15T10:00:00Z,2025-11-21T16:30:00Z,"OK","M","CS","21.5C","Winter","NA","08:12","M44","Batch15_DGRP",0.619951394514524,892.730008100914,0.635543214161749,305.06074279764,0.612152777777778,587.666666666667,300,600,66480,0.718251214434421,1034.28174878557,0.723492723492724,347.276507276507,0.715625,687,1080,2100,39780,0.707147814018043,1018.29285218598,0.72972972972973,350.27027027027,0.695833333333333,668,960,300,44880,0.632893823733518,911.367106176267,0.609147609147609,292.390852390852,0.644791666666667,619,180,420,10800,0.566967383761277,816.433032616239,0.563409563409563,270.43659043659,0.56875,546,300,300,18600,0.453157529493407,652.546842470507,0.577962577962578,277.422037422037,0.390625,375,1140,300,66120,0.640527411519778,922.35947258848,0.607068607068607,291.392931392931,0.657291666666667,631,26.1666666666667,19.3630573248408,43.1666666666667,20.8532818532819
"2025-11-15 10:00:00|Monitor44.txt|08",8,"2025-11-15 10:00:00|Monitor44.txt",2025-11-15T10:00:00Z,2025-11-21T16:30:00Z,"OK","M","CS","21.5C","Winter","NA","08:12","M44","Batch15_DGRP",0.616016664737878,887.063997222544,0.650815688996876,312.391530718501,0.598611111111111,574.666666666667,2220,300,42540,0.63705759888966,917.36294240111,0.667359667359667,320.33264033264,0.621875,597,240,300,59640,0.596807772380292,859.40319222762,0.72972972972973,350.27027027027,0.530208333333333,509,180,420,56220,0.594725884802221,856.405274115198,0.67983367983368,326.320166320166,0.552083333333333,530,3840,360,47460,0.596807772380292,859.40319222762,0.650727650727651,312.349272349272,0.569791666666667,547,300,600,48960,0.603747397640527,869.39625260236,0.64033264033264,307.359667359667,0.585416666666667,562,1380,360,40500,0.665510062456627,958.334489937543,0.532224532224532,255.467775467776,0.732291666666667,703,19.6666666666667,30.2796610169492,25.1666666666667,32.9205298013245
"2025-11-15 10:00:00|Monitor44.txt|09",9,"2025-11-15 10:00:00|Monitor44.txt",2025-11-15T10:00:00Z,2025-11-21T16:30:00Z,"OK","M","CS","21.5C","Winter","NA","08:12","M44","Batch15_DGRP",0.473440574007638,681.754426570999,0.414092329052412,198.764317945158,0.503125,483,0,600,65520,0.471200555170021,678.52879944483,0.440748440748441,211.559251559252,0.486458333333333,467,720,1800,56400,0.58292852185982,839.41707147814,0.634095634095634,304.365904365904,0.557291666666667,535,60,600,41220,0.58292852185982,839.41707147814,0.505197505197505,242.494802494803,0.621875,597,360,660,46320,0.38792505204719,558.612074947953,0.347193347193347,166.652806652807,0.408333333333333,392,2460,300,47160,0.402498265093685,579.597501734906,0.239085239085239,114.760914760915,0.484375,465,360,300,52080,0.411519777931992,592.588480222068,0.313929313929314,150.686070686071,0.460416666666667,442,27.3333333333333,24.7378048780488,28.3333333333333,26.0235294117647
"2025-11-15 10:00:00|Monitor44.txt|10",10,"2025-11-15 10:00:00|Monitor44.txt",2025-11-15T10:00:00Z,2025-11-21T16:30:00Z,"OK","M","CS","21.5C","Winter","NA","08:12","M44","Batch15_DGRP",0.627820854067816,904.062029857655,0.435612634501909,209.094064560916,0.723958333333333,695,180,360,60420,0.614850798056905,885.385149201943,0.432432432432432,207.567567567568,0.70625,678,1500,660,41640,0.709229701596114,1021.2907702984,0.681912681912682,327.318087318087,0.722916666666667,694,5040,1080,40920,0.615544760582929,886.384455239417,0.382536382536383,183.617463617464,0.732291666666667,703,180,420,41940,0.597501734906315,860.402498265094,0.353430353430353,169.64656964657,0.719791666666667,691,360,360,43320,0.621790423317141,895.378209576683,0.428274428274428,205.571725571726,0.71875,690,1080,300,43200,0.605829285218598,872.394170714781,0.330561330561331,158.669438669439,0.74375,714,30.3333333333333,18.7142857142857,11.1666666666667,76.3731343283582
"2025-11-15 10:00:00|Monitor44.txt|11",11,"2025-11-15 10:00:00|Monitor44.txt",2025-11-15T10:00:00Z,2025-11-21T16:30:00Z,"OK","M","CS","21.5C","Winter","NA","08:12","M44","Batch15_DGRP",0.4967017706284,715.250549704895,0.364109684137452,174.772648385977,0.563020833333333,540.5,180,420,74940,0.49618320610687,714.503816793893,0.413721413721414,198.586278586279,0.5375,516,540,360,43980,0.566273421235253,815.433726578765,0.532224532224532,255.467775467776,0.583333333333333,560,1440,300,41700,0.520471894517696,749.479528105482,0.424116424116424,203.575883575884,0.56875,546,2640,600,41640,0.461485079805691,664.538514920194,0.25987525987526,124.740124740125,0.5625,540,3420,600,42720,0.45940319222762,661.540596807773,0.22037422037422,105.779625779626,0.579166666666667,556,240,420,44880,0.474670367800139,683.5253296322,0.330561330561331,158.669438669439,0.546875,525,33,17.3686868686869,25.5,32.9738562091503
"2025-11-15 10:00:00|Monitor44.txt|12",12,"2025-11-15 10:00:00|Monitor44.txt",2025-11-15T10:00:00Z,2025-11-21T16:30:00Z,"OK","M","CS","21.5C","Winter","NA","08:12","M44","Batch15_DGRP",0.655479689850712,943.890753385025,0.575494619923638,276.237417563346,0.695486111111111,667.666666666667,0,1740,51420,0.616238723108952,887.383761276891,0.62993762993763,302.370062370062,0.609375,585,300,840,70980,0.609299097848716,877.390700902151,0.590436590436591,283.409563409563,0.61875,594,480,420,71220,0.662040249826509,953.337959750174,0.617463617463617,296.382536382536,0.684375,657,3600,2220,60420,0.691880638445524,996.308119361555,0.586278586278586,281.413721413721,0.744791666666667,715,120,660,63420,0.683553088133241,984.316446911867,0.553014553014553,265.446985446986,0.748958333333333,719,240,540,40500,0.668285912560722,962.331714087439,0.471933471933472,226.528066528067,0.766666666666667,736,25.8333333333333,22.1483870967742,22,37.9545454545454
"2025-11-15 10:00:00|Monitor44.txt|13",13,"2025-11-15 10:00:00|Monitor44.txt",2025-11-15T10:00:00Z,2025-11-21T16:30:00Z,"OK","M","CS","21.5C","Winter","NA","08:12","M44","Batch15_DGRP",0.658720055549126,948.556879990742,0.684831655675113,328.719194724054,0.645659722222222,619.833333333333,0,1200,72780,0.643997224149896,927.35600277585,0.656964656964657,315.343035343035,0.6375,612,8700,360,42540,0.505204718945177,727.494795281055,0.586278586278586,281.413721413721,0.464583333333333,446,1320,660,58200,0.683553088133241,984.316446911867,0.731808731808732,351.268191268191,0.659375,633,1020,540,8640,0.730048577376822,1051.26995142262,0.767151767151767,368.232848232848,0.711458333333333,683,900,480,46140,0.666204024982651,959.333795975017,0.594594594594595,285.405405405405,0.702083333333333,674,1740,2520,52140,0.723108952116586,1041.27689104788,0.771309771309771,370.22869022869,0.698958333333333,671,27.3333333333333,16.0426829268293,54.5,17.6207951070337
"2025-11-15 10:00:00|Monitor44.txt|14",14,"2025-11-15 10:00:00|Monitor44.txt",2025-11-15T10:00:00Z,2025-11-21T16:30:00Z,"OK","M","CS","21.5C","Winter","NA","08:12","M44","Batch15_DGRP",0.699108899432936,1006.71681518343,0.759805623047553,364.706699062825,0.66875,642,0,1260,56100,0.605829285218598,872.394170714781,0.677754677754678,325.322245322245,0.569791666666667,547,120,1620,64080,0.655794587092297,944.344205412908,0.748440748440749,359.251559251559,0.609375,585,5100,360,44160,0.755031228313671,1087.24496877169,0.783783783783784,376.216216216216,0.740625,711,180,3720,5040,0.712699514226232,1026.28730048577,0.785862785862786,377.214137214137,0.676041666666667,649,5640,360,44700,0.739764052741152,1065.26023594726,0.767151767151767,368.232848232848,0.726041666666667,697,600,1200,46020,0.725190839694657,1044.27480916031,0.794178794178794,381.205821205821,0.690625,663,19.3333333333333,23.4396551724138,42,22.7579365079365
"2025-11-15 10:00:00|Monitor44.txt|15",15,"2025-11-15 10:00:00|Monitor44.txt",2025-11-15T10:00:00Z,2025-11-21T16:30:00Z,"OK","M","CS","21.5C","Winter","NA","08:12","M44","Batch15_DGRP",0.666010878370559,959.055664853605,0.584519264144394,280.569246789309,0.706770833333333,678.5,1320,540,77100,0.470506592643997,677.529493407356,0.322245322245322,154.677754677755,0.544791666666667,523,1260,360,52260,0.607911172796669,875.392088827203,0.503118503118503,241.496881496882,0.660416666666667,634,420,840,43680,0.723802914642609,1042.27619708536,0.573804573804574,275.426195426195,0.798958333333333,767,1140,300,40260,0.714781401804303,1029.2852185982,0.654885654885655,314.345114345114,0.744791666666667,715,1500,360,68460,0.759195003469813,1093.24080499653,0.748440748440749,359.251559251559,0.764583333333333,734,60,300,41640,0.719639139486468,1036.28036086051,0.704781704781705,338.295218295218,0.727083333333333,698,39,12.4957264957265,41.5,21.5983935742972
"2025-11-15 10:00:00|Monitor44.txt|16",16,"2025-11-15 10:00:00|Monitor44.txt",2025-11-15T10:00:00Z,2025-11-21T16:30:00Z,"OK","M","CS","21.5C","Winter","NA","08:12","M44","Batch15_DGRP",0.598773290128457,862.233537784979,0.405067684831656,194.432488719195,0.695659722222222,667.833333333333,1140,300,55440,0.520471894517696,749.479528105482,0.347193347193347,166.652806652807,0.607291666666667,583,0,540,51720,0.587786259541985,846.412213740458,0.467775467775468,224.532224532225,0.647916666666667,622,60,2340,63420,0.560027758501041,806.439972241499,0.465696465696466,223.534303534304,0.607291666666667,583,600,420,46500,0.596113809854268,858.403886190146,0.334719334719335,160.665280665281,0.727083333333333,698,1800,480,41100,0.675225537820958,972.324774462179,0.424116424116424,203.575883575884,0.801041666666667,769,240,600,42120,0.651630811936156,938.348369188064,0.388773388773389,186.611226611227,0.783333333333333,752,32.5,18.7589743589744,19.5,41.2991452991453
"2025-11-15 10:00:00|Monitor44.txt|17",17,"2025-11-15 10:00:00|Monitor44.txt",2025-11-15T10:00:00Z,2025-11-21T16:30:00Z,"OK","M","CS","21.5C","Winter","NA","08:12","M44","Batch15_DGRP",0.504339775488948,726.249276704085,0.436653939604304,209.593891010066,0.538194444444445,516.666666666667,60,360,67980,0.556557945870923,801.443442054129,0.523908523908524,251.476091476092,0.572916666666667,550,1020,480,43620,0.594725884802221,856.405274115198,0.515592515592516,247.484407484408,0.634375,609,420,480,60960,0.452463566967384,651.547536433033,0.482328482328482,231.517671517672,0.4375,420,1380,360,51240,0.468424705065926,674.531575294934,0.295218295218295,141.704781704782,0.555208333333333,533,540,420,45420,0.546842470506593,787.453157529494,0.392931392931393,188.607068607069,0.623958333333333,599,1320,660,64020,0.405968077723803,584.594031922276,0.407484407484407,195.592515592516,0.405208333333333,389,33.5,18.4776119402985,33.8333333333333,23.3448275862069
"2025-11-15 10:00:00|Monitor44.txt|18",18,"2025-11-15 10:00:00|Monitor44.txt",2025-11-15T10:00:00Z,2025-11-21T16:30:00Z,"OK","M","CS","21.5C","Winter","NA","08:12","M44","Batch15_DGRP",0.610693206804768,879.398217798866,0.710864283234988,341.214855952794,0.560590277777778,538.166666666667,180,360,85860,0.678695350451076,977.321304649549,0.827442827442827,397.172557172557,0.604166666666667,580,15840,1080,61440,0.665510062456627,958.334489937543,0.829521829521829,398.170478170478,0.583333333333333,560,3000,780,52980,0.584316446911867,841.415683553088,0.758835758835759,364.241164241164,0.496875,477,900,420,50880,0.544066620402498,783.455933379598,0.58004158004158,278.419958419958,0.526041666666667,505,1560,360,43860,0.591950034698126,852.408049965302,0.602910602910603,289.397089397089,0.586458333333333,563,3840,1020,49800,0.600971547536433,865.399028452464,0.66943866943867,321.330561330561,0.566666666666667,544,22.8333333333333,20.6277372262774,27.8333333333333,33.7065868263473
"2025-11-15 10:00:00|Monitor44.txt|19",19,"2025-11-15 10:00:00|Monitor44.txt",2025-11-15T10:00:00Z,2025-11-21T16:30:00Z,"OK","M","CS","21.5C","Winter","NA","08:12","M44","Batch15_DGRP",0.432357366045597,622.594607105659,0.457132939951406,219.423811176675,0.419965277777778,403.166666666667,1260,5280,14040,0.437196391394865,629.562803608605,0.548856548856549,263.451143451143,0.38125,366,300,1440,20340,0.4941013185288,711.505898681471,0.596673596673597,286.403326403326,0.442708333333333,425,2280,780,44700,0.483691880638446,696.516308119362,0.565488565488566,271.434511434512,0.442708333333333,425,1020,360,72120,0.31852879944483,458.681471200555,0.303534303534304,145.696465696466,0.326041666666667,313,3240,300,49260,0.38029146426093,547.619708535739,0.24948024948025,119.75051975052,0.445833333333333,428,1260,2280,54420,0.481609993060375,693.51839000694,0.482328482328482,231.517671517672,0.48125,462,23.1666666666667,30.2589928057554,33,21.6616161616162
"2025-11-15 10:00:00|Monitor44.txt|20",20,"2025-11-15 10:00:00|Monitor44.txt",2025-11-15T10:00:00Z,2025-11-21T16:30:00Z,"OK","M","CS","21.5C","Winter","NA","08:12","M44","Batch15_DGRP",0.642171045017938,924.72630482583,0.680666435265533,326.719888927456,0.622916666666667,598,900,3480,65460,0.595419847328244,857.404580152672,0.607068607068607,291.392931392931,0.589583333333333,566,660,300,64560,0.724496877168633,1043.27550312283,0.735966735966736,353.264033264033,0.71875,690,2340,600,16800,0.572519083969466,824.427480916031,0.646569646569647,310.35343035343,0.535416666666667,514,1560,600,42960,0.582234559333796,838.417765440666,0.607068607068607,291.392931392931,0.569791666666667,547,480,9480,480,0.628036086051353,904.371963913949,0.659043659043659,316.340956340956,0.6125,588,2820,840,11340,0.750173490631506,1080.24982650937,0.827442827442827,397.172557172557,0.711458333333333,683,21.3333333333333,22.546875,48.8333333333333,18.8156996587031
"2025-11-15 10:00:00|Monitor44.txt|23",23,"2025-11-15 10:00:00|Monitor44.txt",2025-11-15T10:00:00Z,2025-11-21T16:30:00Z,"OK","M","CS","21.5C","Winter","NA","08:12","M44","Batch15_DGRP",0.454345561856267,654.257609073024,0.423464074973967,203.262755987504,0.469791666666667,451,1200,840,59400,0.335183900069396,482.664816099931,0.332640332640333,159.66735966736,0.336458333333333,323,2820,540,53940,0.487161693268564,701.512838306732,0.534303534303534,256.465696465697,0.463541666666667,445,480,300,21780,0.31852879944483,458.681471200555,0.401247401247401,192.598752598753,0.277083333333333,266,720,660,53580,0.552394170714781,795.447605829285,0.449064449064449,215.550935550936,0.604166666666667,580,1260,300,53160,0.524635669673838,755.475364330326,0.405405405405405,194.594594594595,0.584375,561,1200,480,61500,0.507286606523248,730.492713393477,0.415800415800416,199.5841995842,0.553125,531,30.8333333333333,18.3081081081081,46.6666666666667,17.8857142857143
"2025-11-15 10:00:00|Monitor44.txt|24",24,"2025-11-15 10:00:00|Monitor44.txt",2025-11-15T10:00:00Z,2025-11-21T16:30:00Z,"OK","M","CS","21.5C","Winter","NA","08:12","M44","Batch15_DGRP",0.635227404235621,914.727462099294,0.504338771259979,242.08261020479,0.700694444444444,672.666666666667,3000,480,59940,0.441360166551006,635.558639833449,0.299376299376299,143.700623700624,0.5125,492,4440,360,44640,0.597501734906315,860.402498265094,0.463617463617464,222.536382536383,0.664583333333333,638,360,300,44280,0.621096460791117,894.378903539209,0.542619542619543,260.45738045738,0.660416666666667,634,660,420,40800,0.692574600971548,997.307425399029,0.534303534303534,256.465696465697,0.771875,741,1380,480,41160,0.717557251908397,1033.28244274809,0.563409563409563,270.43659043659,0.794791666666667,763,1200,540,54480,0.741151977793199,1067.25884802221,0.623700623700624,299.376299376299,0.8,768,32.3333333333333,14.0309278350515,25.1666666666667,38.0264900662252
"2025-11-15 10:00:00|Monitor44.txt|25",25,"2025-11-15 10:00:00|Monitor44.txt",2025-11-15T10:00:00Z,2025-11-21T16:30:00Z,"OK","M","CS","21.5C","Winter","NA","08:12","M44","Batch15_DGRP",0.647378775604675,932.225436870733,0.518917042693509,249.080180492884,0.711631944444445,683.166666666667,720,360,49020,0.662040249826509,953.337959750174,0.719334719334719,345.280665280665,0.633333333333333,608,60,360,40080,0.727966689798751,1048.2720333102,0.735966735966736,353.264033264033,0.723958333333333,695,660,300,39720,0.630117973629424,907.369882026371,0.363825363825364,174.636174636175,0.763541666666667,733,1440,300,49140,0.646079111727967,930.353920888272,0.503118503118503,241.496881496882,0.717708333333333,689,120,360,40080,0.6294240111034,906.370575988897,0.43035343035343,206.569646569647,0.729166666666667,700,240,420,42240,0.587786259541985,846.412213740458,0.35966735966736,172.640332640333,0.702083333333333,674,30.6666666666667,17.75,23.1666666666667,37.2230215827338
"2025-11-15 10:00:00|Monitor44.txt|26",26,"2025-11-15 10:00:00|Monitor44.txt",2025-11-15T10:00:00Z,2025-11-21T16:30:00Z,"OK","M","CS","21.5C","Winter","NA","08:12","M44","Batch15_DGRP",0.794236778150677,1143.70096053698,0.669559180839986,321.388406803193,0.856597222222222,822.333333333333,0,21660,40140,0.892435808466343,1285.10756419153,0.956340956340956,459.043659043659,0.860416666666667,826,180,1140,37200,0.873004857737682,1257.12699514226,0.767151767151767,368.232848232848,0.926041666666667,889,4740,660,39960,0.84941013185288,1223.15058986815,0.771309771309771,370.22869022869,0.888541666666667,853,60,540,37140,0.721721027064539,1039.27827897294,0.532224532224532,255.467775467776,0.816666666666667,784,1020,600,37140,0.734212352532963,1057.26578764747,0.582120582120582,279.417879417879,0.810416666666667,778,1380,480,46920,0.693962526023595,999.306037473976,0.407484407484407,195.592515592516,0.8375,804,30.1666666666667,14.8342541436464,23.8333333333333,40.1678321678322
"2025-11-15 10:00:00|Monitor44.txt|27",27,"2025-11-15 10:00:00|Monitor44.txt",2025-11-15T10:00:00Z,2025-11-21T16:30:00Z,"OK","M","CS","21.5C","Winter","NA","08:12","M44","Batch15_DGRP",0.721444277282722,1038.87975928712,0.674418604651163,323.720930232558,0.744965277777778,715.166666666667,0,420,66300,0.716863289382373,1032.28313671062,0.762993762993763,366.237006237006,0.69375,666,1440,840,39180,0.819569743233865,1180.18043025677,0.848232848232848,407.151767151767,0.805208333333333,773,300,2280,38280,0.714087439278279,1028.28591256072,0.700623700623701,336.299376299376,0.720833333333333,692,60,780,37860,0.687022900763359,989.312977099237,0.525987525987526,252.474012474012,0.767708333333333,737,960,360,38580,0.696044413601666,1002.3039555864,0.632016632016632,303.367983367983,0.728125,699,1020,720,38820,0.693962526023595,999.306037473976,0.573804573804574,275.426195426195,0.754166666666667,724,31.6666666666667,16.0473684210526,26,34.5576923076923
"2025-11-15 10:00:00|Monitor44.txt|28",28,"2025-11-15 10:00:00|Monitor44.txt",2025-11-15T10:00:00Z,2025-11-21T16:30:00Z,"OK","M","CS","21.5C","Winter","NA","08:12","M44","Batch15_DGRP",0.568799907418123,819.071866682097,0.559180839986116,268.406803193336,0.573611111111111,550.666666666667,300,300,43440,0.546148507980569,786.453851492019,0.573804573804574,275.426195426195,0.532291666666667,511,2040,540,43680,0.546842470506593,787.453157529494,0.509355509355509,244.490644490645,0.565625,543,840,360,69480,0.598889659958362,862.401110340042,0.546777546777547,262.453222453222,0.625,600,0,360,57060,0.624566273421235,899.375433726579,0.656964656964657,315.343035343035,0.608333333333333,584,1500,360,54300,0.506592643997224,729.493407356003,0.494802494802495,237.505197505198,0.5125,492,120,540,54900,0.589174184594032,848.410825815406,0.571725571725572,274.428274428274,0.597916666666667,574,30.3333333333333,18.1978021978022,44,19.3977272727273
"2025-11-15 10:00:00|Monitor44.txt|29",29,"2025-11-15 10:00:00|Monitor44.txt",2025-11-15T10:00:00Z,2025-11-21T16:30:00Z,"OK","M","CS","21.5C","Winter","NA","08:12","M44","Batch15_DGRP",0.779655132507812,1122.70339081125,0.852481777160708,409.19125303714,0.743229166666667,713.5,300,1260,46440,0.73351839000694,1056.26648160999,0.79002079002079,379.209979209979,0.705208333333333,677,8280,12300,42120,0.834836918806385,1202.16516308119,0.902286902286902,433.097713097713,0.801041666666667,769,780,1260,2220,0.794587092297016,1144.2054129077,0.869022869022869,417.130977130977,0.757291666666667,727,240,720,56700,0.766828591256072,1104.23317140874,0.877338877338877,421.122661122661,0.711458333333333,683,720,1860,2880,0.782095766828591,1126.21790423317,0.837837837837838,402.162162162162,0.754166666666667,724,120,720,1140,0.766134628730049,1103.23386537127,0.837837837837838,402.162162162162,0.730208333333333,701,10.1666666666667,44.6229508196721,32.3333333333333,29.5515463917526
"2025-11-15 10:00:00|Monitor44.txt|30",30,"2025-11-15 10:00:00|Monitor44.txt",2025-11-15T10:00:00Z,2025-11-21T16:30:00Z,"OK","M","CS","21.5C","Winter","NA","08:12","M44","Batch15_DGRP",0.616711028816109,888.063881495197,0.541131551544603,259.743144741409,0.654513888888889,628.333333333333,60,1440,45660,0.564191533657183,812.435808466343,0.503118503118503,241.496881496882,0.594791666666667,571,420,360,57240,0.606523247744622,873.393476752255,0.561330561330561,269.43866943867,0.629166666666667,604,720,1080,42600,0.610687022900763,879.389312977099,0.615384615384615,295.384615384615,0.608333333333333,584,300,840,46920,0.589174184594032,848.410825815406,0.444906444906445,213.555093555094,0.661458333333333,635,1620,420,43260,0.662734212352533,954.337265787647,0.538461538461538,258.461538461539,0.725,696,60,300,41700,0.665510062456627,958.334489937543,0.58004158004158,278.419958419958,0.708333333333333,680,29.6666666666667,21.4269662921348,18,43.2407407407407
"2025-11-15 10:00:00|Monitor44.txt|31",31,"2025-11-15 10:00:00|Monitor44.txt",2025-11-15T10:00:00Z,2025-11-21T16:30:00Z,"OK","M","CS","21.5C","Winter","NA","08:12","M44","Batch15_DGRP",0.647263048258303,932.058789491957,0.534883720930233,256.744186046512,0.703472222222222,675.333333333333,600,720,42300,0.580152671755725,835.419847328244,0.559251559251559,268.440748440748,0.590625,567,2160,420,42960,0.669673837612769,964.330326162387,0.692307692307692,332.307692307692,0.658333333333333,632,1260,300,46440,0.573213046495489,825.426786953505,0.484407484407485,232.515592515593,0.617708333333333,593,1260,360,40680,0.666897987508675,960.333102012491,0.446985446985447,214.553014553015,0.777083333333333,746,720,780,40680,0.690492713393477,994.309507286606,0.521829521829522,250.47817047817,0.775,744,360,300,39780,0.702290076335878,1011.29770992366,0.503118503118503,241.496881496882,0.802083333333333,770,30,19.3111111111111,12.6666666666667,66.3157894736842
"2025-11-15 10:00:00|Monitor44.txt|32",32,"2025-11-15 10:00:00|Monitor44.txt",2025-11-15T10:00:00Z,2025-11-21T16:30:00Z,"OK","M","CS","21.5C","Winter","NA","08:12","M44","Batch15_DGRP",0.600393472977665,864.566601087837,0.437695244706699,210.093717459216,0.681770833333333,654.5,0,1620,49020,0.611380985426787,880.388619014573,0.683991683991684,328.316008316008,0.575,552,180,3000,40620,0.712005551700208,1025.2879944483,0.752598752598753,361.247401247401,0.691666666666667,664,120,600,44520,0.559333795975017,805.440666204025,0.355509355509356,170.644490644491,0.661458333333333,635,720,600,41280,0.523247744621791,753.476752255378,0.239085239085239,114.760914760915,0.665625,639,3960,360,39540,0.562803608605135,810.437196391395,0.234927234927235,112.765072765073,0.727083333333333,698,1500,420,42000,0.632199861207495,910.367800138792,0.357588357588358,171.642411642412,0.769791666666667,739,28.6666666666667,18.2732558139535,28.3333333333333,31.3176470588235
"2025-11-15 10:00:00|Monitor45.txt|01",1,"2025-11-15 10:00:00|Monitor45.txt",2025-11-15T10:00:00Z,2025-11-21T16:30:00Z,"OK","M","DGRP93","21.5C","Winter","NA","08:12","M45","Batch15_DGRP",0.759402846892721,1093.54009952552,0.712946893439778,342.214508851093,0.782638888888889,751.333333333333,0,480,54540,0.860513532269257,1239.13948646773,0.844074844074844,405.155925155925,0.86875,834,180,2460,37860,0.845246356696739,1217.1547536433,0.835758835758836,401.164241164241,0.85,816,1380,1440,37740,0.803608605135323,1157.19639139486,0.810810810810811,389.189189189189,0.8,768,360,660,38940,0.77793199167245,1120.22206800833,0.835758835758836,401.164241164241,0.748958333333333,719,360,360,36060,0.717557251908397,1033.28244274809,0.602910602910603,289.397089397089,0.775,744,1260,1680,40320,0.551700208188758,794.448299791811,0.349272349272349,167.650727650728,0.653125,627,20.6666666666667,22.6048387096774,36.1666666666667,25.8847926267281
"2025-11-15 10:00:00|Monitor45.txt|02",2,"2025-11-15 10:00:00|Monitor45.txt",2025-11-15T10:00:00Z,2025-11-21T16:30:00Z,"OK","M","DGRP93","21.5C","Winter","NA","08:12","M45","Batch15_DGRP",0.698298808008332,1005.550283532,0.807705657757723,387.698715723707,0.643576388888889,617.833333333333,120,5280,12600,0.702290076335878,1011.29770992366,0.83991683991684,403.160083160083,0.633333333333333,608,1620,360,67320,0.702290076335878,1011.29770992366,0.808731808731809,388.191268191268,0.648958333333333,623,180,6300,9180,0.698126301179736,1005.30187369882,0.854469854469854,410.14553014553,0.619791666666667,595,0,4740,8460,0.712005551700208,1025.2879944483,0.848232848232848,407.151767151767,0.64375,618,60,1020,42900,0.692574600971548,997.307425399029,0.733887733887734,352.266112266112,0.671875,645,420,7200,420,0.682165163081194,982.317834836919,0.758835758835759,364.241164241164,0.64375,618,12.8333333333333,47.6103896103896,27,29.5802469135802
"2025-11-15 10:00:00|Monitor45.txt|03",3,"2025-11-15 10:00:00|Monitor45.txt",2025-11-15T10:00:00Z,2025-11-21T16:30:00Z,"OK","M","DGRP93","21.5C","Winter","NA","08:12","M45","Batch15_DGRP",0.802453419743085,1155.53292443004,0.770218674071503,369.704963554321,0.818576388888889,785.833333333333,420,540,41460,0.803608605135323,1157.19639139486,0.79002079002079,379.209979209979,0.810416666666667,778,0,420,46320,0.757113115891742,1090.24288688411,0.787941787941788,378.212058212058,0.741666666666667,712,540,3360,37380,0.792505204718945,1141.20749479528,0.83991683991684,403.160083160083,0.76875,738,420,780,36000,0.843858431644691,1215.15614156836,0.758835758835759,364.241164241164,0.886458333333333,851,2940,300,44520,0.830673143650243,1196.16932685635,0.744282744282744,357.255717255717,0.873958333333333,839,60,660,34320,0.786259541984733,1132.21374045802,0.698544698544699,335.301455301455,0.830208333333333,797,26.8333333333333,17.0496894409938,32.8333333333333,28.507614213198
"2025-11-15 10:00:00|Monitor45.txt|04",4,"2025-11-15 10:00:00|Monitor45.txt",2025-11-15T10:00:00Z,2025-11-21T16:30:00Z,"OK","M","DGRP93","21.5C","Winter","NA","08:12","M45","Batch15_DGRP",0.566369633144312,815.572271727809,0.536272127733426,257.410621312044,0.581423611111111,558.166666666667,1740,660,32280,0.72588480222068,1045.27411519778,0.767151767151767,368.232848232848,0.705208333333333,677,2520,540,29580,0.675225537820958,972.324774462179,0.623700623700624,299.376299376299,0.701041666666667,673,2280,600,32160,0.58292852185982,839.41707147814,0.553014553014553,265.446985446986,0.597916666666667,574,2280,480,28800,0.577376821651631,831.422623178349,0.490644490644491,235.509355509356,0.620833333333333,596,3600,1020,30720,0.396252602359473,570.603747397641,0.35966735966736,172.640332640333,0.414583333333333,398,2160,900,34440,0.438584316446912,631.561415683553,0.417879417879418,200.582120582121,0.448958333333333,431,26,16.8461538461538,39.1666666666667,24.6638297872341
"2025-11-15 10:00:00|Monitor45.txt|05",5,"2025-11-15 10:00:00|Monitor45.txt",2025-11-15T10:00:00Z,2025-11-21T16:30:00Z,"OK","M","DGRP93","21.5C","Winter","NA","08:12","M45","Batch15_DGRP",0.862284457817382,1241.68961925703,0.922249219021173,442.679625130163,0.832291666666667,799,0,2340,33360,0.886884108258154,1277.11311589174,0.864864864864865,415.135135135135,0.897916666666667,862,360,2400,6600,0.879944482997918,1267.120055517,0.929313929313929,446.070686070686,0.855208333333333,821,1380,1260,26220,0.875086745315753,1260.12491325468,0.962577962577963,462.037422037422,0.83125,798,1020,1440,48720,0.886884108258154,1277.11311589174,0.88981288981289,427.110187110187,0.885416666666667,850,1920,1140,25680,0.835530881332408,1203.16446911867,0.943866943866944,453.056133056133,0.78125,750,1200,1140,25980,0.808466342817488,1164.19153365718,0.93970893970894,451.060291060291,0.742708333333333,713,10.5,62.0634920634921,26.3333333333333,28.4873417721519
"2025-11-15 10:00:00|Monitor45.txt|06",6,"2025-11-15 10:00:00|Monitor45.txt",2025-11-15T10:00:00Z,2025-11-21T16:30:00Z,"OK","M","DGRP93","21.5C","Winter","NA","08:12","M45","Batch15_DGRP",0.718203911584307,1034.2136326814,0.803887539048941,385.866018743492,0.675347222222222,648.333333333333,120,1140,37860,0.778625954198473,1121.2213740458,0.869022869022869,417.130977130977,0.733333333333333,704,1140,7140,36900,0.780013879250521,1123.21998612075,0.844074844074844,405.155925155925,0.747916666666667,718,1020,1560,34140,0.77793199167245,1120.22206800833,0.877338877338877,421.122661122661,0.728125,699,300,3960,41040,0.677307425399028,975.322692574601,0.819126819126819,393.180873180873,0.60625,582,600,1620,43740,0.682859125607217,983.317140874393,0.738045738045738,354.261954261954,0.655208333333333,629,0,2160,31560,0.613462873004858,883.386537126995,0.677754677754678,325.322245322245,0.58125,558,18,28.3425925925926,41,21.630081300813
"2025-11-15 10:00:00|Monitor45.txt|07",7,"2025-11-15 10:00:00|Monitor45.txt",2025-11-15T10:00:00Z,2025-11-21T16:30:00Z,"OK","M","DGRP93","21.5C","Winter","NA","08:12","M45","Batch15_DGRP",0.653049415576901,940.391158430737,0.722318639361333,346.71294689344,0.618402777777778,593.666666666667,240,1440,8040,0.750173490631506,1080.24982650937,0.875259875259875,420.12474012474,0.6875,660,60,300,46500,0.74323386537127,1070.25676613463,0.854469854469854,410.14553014553,0.6875,660,1200,540,35520,0.705759888965996,1016.29424011103,0.762993762993763,366.237006237006,0.677083333333333,650,180,480,12900,0.580846634281749,836.419153365718,0.683991683991684,328.316008316008,0.529166666666667,508,0,300,48120,0.587786259541985,846.412213740458,0.623700623700624,299.376299376299,0.569791666666667,547,720,420,36000,0.550312283136711,792.449687716863,0.532224532224532,255.467775467776,0.559375,537,23,20.268115942029,47.3333333333333,19.6302816901409
"2025-11-15 10:00:00|Monitor45.txt|08",8,"2025-11-15 10:00:00|Monitor45.txt",2025-11-15T10:00:00Z,2025-11-21T16:30:00Z,"OK","M","DGRP93","21.5C","Winter","NA","08:12","M45","Batch15_DGRP",0.569494271496355,820.071750954751,0.579659840333218,278.236723359944,0.564409722222222,541.833333333333,480,480,55020,0.707841776544067,1019.29215822346,0.758835758835759,364.241164241164,0.682291666666667,655,1260,420,42420,0.566967383761277,816.433032616239,0.596673596673597,286.403326403326,0.552083333333333,530,900,360,41820,0.591256072172103,851.408743927828,0.625779625779626,300.37422037422,0.573958333333333,551,2820,420,47640,0.521859819569743,751.47814018043,0.440748440748441,211.559251559252,0.5625,540,420,840,49200,0.533657182512144,768.466342817488,0.525987525987526,252.474012474012,0.5375,516,1020,840,48780,0.4941013185288,711.505898681471,0.525987525987526,252.474012474012,0.478125,459,29.3333333333333,18.4431818181818,44.5,19.1610486891386
"2025-11-15 10:00:00|Monitor45.txt|09",9,"2025-11-15 10:00:00|Monitor45.txt",2025-11-15T10:00:00Z,2025-11-21T16:30:00Z,"OK","M","DGRP93","21.5C","Winter","NA","08:12","M45","Batch15_DGRP",0.806388149519732,1161.19893530841,0.842415827837557,404.359597362027,0.788368055555556,756.833333333333,300,1500,81240,0.8147120055517,1173.18528799445,0.854469854469854,410.14553014553,0.794791666666667,763,20340,300,77880,0.850104094378904,1224.14989590562,0.887733887733888,426.112266112266,0.83125,798,18000,5940,30480,0.835530881332408,1203.16446911867,0.869022869022869,417.130977130977,0.81875,786,18420,4740,31620,0.798056904927134,1149.20194309507,0.871101871101871,418.128898128898,0.761458333333333,731,540,11100,29220,0.749479528105482,1079.25052047189,0.756756756756757,363.243243243243,0.745833333333333,716,13140,660,29640,0.791117279666898,1139.20888272033,0.817047817047817,392.182952182952,0.778125,747,7.33333333333333,40.3181818181818,14.1666666666667,79.8705882352941
"2025-11-15 10:00:00|Monitor45.txt|10",10,"2025-11-15 10:00:00|Monitor45.txt",2025-11-15T10:00:00Z,2025-11-21T16:30:00Z,"OK","M","DGRP93","21.5C","Winter","NA","08:12","M45","Batch15_DGRP",0.659993056359218,950.390001157274,0.76674765706352,368.038875390489,0.606597222222222,582.333333333333,0,5040,43020,0.663428174878557,955.336571825121,0.754677754677755,362.245322245322,0.617708333333333,593,1860,420,85500,0.68147120055517,981.318528799445,0.85031185031185,408.149688149688,0.596875,573,17580,840,35220,0.683553088133241,984.316446911867,0.812889812889813,390.18711018711,0.61875,594,4320,3600,35340,0.653712699514226,941.346287300486,0.767151767151767,368.232848232848,0.596875,573,2160,540,12360,0.60999306037474,878.390006939625,0.66943866943867,321.330561330561,0.580208333333333,557,3120,360,42540,0.668979875086745,963.331020124913,0.748440748440749,359.251559251559,0.629166666666667,604,16.6666666666667,27.23,45.8333333333333,20.6872727272727
"2025-11-15 10:00:00|Monitor45.txt|11",11,"2025-11-15 10:00:00|Monitor45.txt",2025-11-15T10:00:00Z,2025-11-21T16:30:00Z,"OK","M","DGRP93","21.5C","Winter","NA","08:12","M45","Batch15_DGRP",0.584307371831964,841.402615438028,0.664352655328011,318.889274557445,0.544270833333333,522.5,0,660,4080,0.666897987508675,960.333102012491,0.862785862785863,414.137214137214,0.56875,546,1440,360,11280,0.682859125607217,983.317140874393,0.844074844074844,405.155925155925,0.602083333333333,578,1620,1260,4680,0.673837612768911,970.326162387231,0.810810810810811,389.189189189189,0.605208333333333,581,180,420,39000,0.645385149201943,929.354614850798,0.704781704781705,338.295218295218,0.615625,591,60,360,46020,0.417765440666204,601.582234559334,0.351351351351351,168.648648648649,0.451041666666667,433,1980,900,43380,0.418459403192228,602.581540596808,0.40956340956341,196.590436590437,0.422916666666667,406,25.8333333333333,18.1870967741935,55.8333333333333,16.5522388059702
"2025-11-15 10:00:00|Monitor45.txt|12",12,"2025-11-15 10:00:00|Monitor45.txt",2025-11-15T10:00:00Z,2025-11-21T16:30:00Z,"OK","M","DGRP93","21.5C","Winter","NA","08:12","M45","Batch15_DGRP",0.793310959379701,1142.36778150677,0.828878861506422,397.861853523082,0.775520833333333,744.5,60,420,84240,0.818181818181818,1178.18181818182,0.862785862785863,414.137214137214,0.795833333333333,764,22860,360,52680,0.788341429562804,1135.21165857044,0.879417879417879,422.120582120582,0.742708333333333,713,9780,1620,37800,0.802220680083276,1155.19777931992,0.841995841995842,404.158004158004,0.782291666666667,751,900,840,34140,0.802914642609299,1156.19708535739,0.750519750519751,360.24948024948,0.829166666666667,796,9120,2340,37440,0.724496877168633,1043.27550312283,0.835758835758836,401.164241164241,0.66875,642,180,1200,31140,0.823733518390007,1186.17626648161,0.802494802494803,385.197505197505,0.834375,801,15.5,23.7956989247312,35.6666666666667,29.1822429906542
"2025-11-15 10:00:00|Monitor45.txt|13",13,"2025-11-15 10:00:00|Monitor45.txt",2025-11-15T10:00:00Z,2025-11-21T16:30:00Z,"OK","M","DGRP93","21.5C","Winter","NA","08:12","M45","Batch15_DGRP",0.615785210045134,886.730702464993,0.602915654286706,289.399514057619,0.622222222222222,597.333333333333,960,360,73140,0.526717557251908,758.473282442748,0.615384615384615,295.384615384615,0.482291666666667,463,720,960,43080,0.60999306037474,878.390006939625,0.650727650727651,312.349272349272,0.589583333333333,566,120,300,44400,0.637751561415684,918.362248438584,0.646569646569647,310.35343035343,0.633333333333333,608,780,960,41340,0.671061762664816,966.328938237335,0.642411642411642,308.357588357588,0.685416666666667,658,360,600,45540,0.648160999306037,933.351839000694,0.534303534303534,256.465696465697,0.705208333333333,677,900,540,42660,0.600971547536433,865.399028452464,0.528066528066528,253.471933471934,0.6375,612,34.3333333333333,13.3009708737864,42.3333333333333,22.244094488189
"2025-11-15 10:00:00|Monitor45.txt|14",14,"2025-11-15 10:00:00|Monitor45.txt",2025-11-15T10:00:00Z,2025-11-21T16:30:00Z,"OK","M","DGRP93","21.5C","Winter","NA","08:12","M45","Batch15_DGRP",0.831732438375188,1197.69471126027,0.830961471711211,398.861506421382,0.832118055555556,798.833333333333,0,2760,12240,0.798056904927134,1149.20194309507,0.856548856548857,411.143451143451,0.76875,738,1500,2340,61200,0.851492019430951,1226.14850798057,0.88981288981289,427.110187110187,0.832291666666667,799,960,720,57240,0.794587092297016,1144.2054129077,0.804573804573805,386.195426195426,0.789583333333333,758,780,1680,39300,0.852879944482998,1228.14712005552,0.833679833679834,400.16632016632,0.8625,828,3600,10380,3600,0.829285218598196,1194.1707147814,0.856548856548857,411.143451143451,0.815625,783,1260,780,31680,0.863983344899376,1244.1360166551,0.744282744282744,357.255717255717,0.923958333333333,887,19.1666666666667,23.8347826086956,43.8333333333333,21.3574144486692
"2025-11-15 10:00:00|Monitor45.txt|15",15,"2025-11-15 10:00:00|Monitor45.txt",2025-11-15T10:00:00Z,2025-11-21T16:30:00Z,"OK","M","DGRP93","21.5C","Winter","NA","08:12","M45","Batch15_DGRP",0.70408517532693,1013.88265247078,0.72509545296772,348.045817424505,0.693576388888889,665.833333333333,0,960,38100,0.782789729354615,1127.21721027065,0.871101871101871,418.128898128898,0.738541666666667,709,3000,3540,56460,0.756419153365718,1089.24358084663,0.837837837837838,402.162162162162,0.715625,687,1740,660,46320,0.695350451075642,1001.30464954892,0.752598752598753,361.247401247401,0.666666666666667,640,960,780,43920,0.628036086051353,904.371963913949,0.604989604989605,290.39501039501,0.639583333333333,614,180,420,54720,0.625954198473283,901.374045801527,0.623700623700624,299.376299376299,0.627083333333333,602,300,360,35640,0.736988202637058,1061.26301179736,0.663201663201663,318.336798336798,0.773958333333333,743,23.1666666666667,24.4028776978417,32.8333333333333,25.1776649746193
"2025-11-15 10:00:00|Monitor45.txt|16",16,"2025-11-15 10:00:00|Monitor45.txt",2025-11-15T10:00:00Z,2025-11-21T16:30:00Z,"OK","M","DGRP93","21.5C","Winter","NA","08:12","M45","Batch15_DGRP",0.69517416965629,1001.05080430506,0.742797639708435,356.542867060049,0.671354166666667,644.5,600,780,13920,0.799444829979181,1151.20055517002,0.896049896049896,430.10395010395,0.751041666666667,721,240,2160,37980,0.768216516308119,1106.23178348369,0.891891891891892,428.108108108108,0.70625,678,2220,4980,35520,0.677307425399028,975.322692574601,0.738045738045738,354.261954261954,0.646875,621,3360,1740,35280,0.675225537820958,972.324774462179,0.738045738045738,354.261954261954,0.64375,618,2940,360,43560,0.544760582928522,784.455239417071,0.471933471933472,226.528066528067,0.58125,558,480,300,41760,0.703678001387925,1013.29632199861,0.713097713097713,342.286902286902,0.698958333333333,671,24.1666666666667,18.9310344827586,49.8333333333333,18.6555183946488
"2025-11-15 10:00:00|Monitor45.txt|17",17,"2025-11-15 10:00:00|Monitor45.txt",2025-11-15T10:00:00Z,2025-11-21T16:30:00Z,"OK","M","DGRP93","21.5C","Winter","NA","08:12","M45","Batch15_DGRP",0.793195232033329,1142.20113412799,0.821589725789657,394.363068379035,0.778993055555556,747.833333333333,60,720,25680,0.856349757113116,1233.14365024289,0.962577962577963,462.037422037422,0.803125,771,360,1800,31980,0.850104094378904,1224.14989590562,0.885654885654886,425.114345114345,0.832291666666667,799,24420,720,30060,0.841082581540597,1211.15891741846,0.873180873180873,419.126819126819,0.825,792,17940,900,32160,0.734906315058987,1058.26509368494,0.731808731808732,351.268191268191,0.736458333333333,707,2040,300,83580,0.721721027064539,1039.27827897294,0.713097713097713,342.286902286902,0.726041666666667,697,9240,540,49920,0.755725190839695,1088.24427480916,0.765072765072765,367.234927234927,0.751041666666667,721,13.1666666666667,29.0886075949367,26.5,39
"2025-11-15 10:00:00|Monitor45.txt|18",18,"2025-11-15 10:00:00|Monitor45.txt",2025-11-15T10:00:00Z,2025-11-21T16:30:00Z,"OK","M","DGRP93","21.5C","Winter","NA","08:12","M45","Batch15_DGRP",0.747945839601898,1077.04200902673,0.854911489066297,410.357514751822,0.694444444444445,666.666666666667,0,25740,0,0.806384455239417,1161.19361554476,0.893970893970894,429.106029106029,0.7625,732,180,2340,78660,0.809160305343512,1165.19083969466,0.893970893970894,429.106029106029,0.766666666666667,736,14040,600,36540,0.726578764746704,1046.27342123525,0.896049896049896,430.10395010395,0.641666666666667,616,120,300,2460,0.716863289382373,1032.28313671062,0.862785862785863,414.137214137214,0.64375,618,1020,780,83880,0.673837612768911,970.326162387231,0.748440748440749,359.251559251559,0.636458333333333,611,19200,720,43020,0.755031228313671,1087.24496877169,0.833679833679834,400.16632016632,0.715625,687,7.83333333333333,53.0851063829787,39.6666666666667,25.1470588235294
"2025-11-15 10:00:00|Monitor45.txt|19",19,"2025-11-15 10:00:00|Monitor45.txt",2025-11-15T10:00:00Z,2025-11-21T16:30:00Z,"OK","M","DGRP93","21.5C","Winter","NA","08:12","M45","Batch15_DGRP",0.703737993287814,1013.38271033445,0.770218674071503,369.704963554321,0.670486111111111,643.666666666667,0,2100,53040,0.695350451075642,1001.30464954892,0.752598752598753,361.247401247401,0.666666666666667,640,540,360,7980,0.777238029146426,1119.22276197085,0.846153846153846,406.153846153846,0.742708333333333,713,3240,5640,83700,0.734906315058987,1058.26509368494,0.735966735966736,353.264033264033,0.734375,705,3540,720,34740,0.643997224149896,927.35600277585,0.771309771309771,370.22869022869,0.580208333333333,557,360,360,37200,0.655794587092297,944.344205412908,0.702702702702703,337.297297297297,0.632291666666667,607,1140,9060,1140,0.71616932685635,1031.28383067314,0.814968814968815,391.185031185031,0.666666666666667,640,17.3333333333333,28.0288461538462,42.6666666666667,21.5703125
"2025-11-15 10:00:00|Monitor45.txt|21",21,"2025-11-15 10:00:00|Monitor45.txt",2025-11-15T10:00:00Z,2025-11-21T16:30:00Z,"OK","M","DGRP93","21.5C","Winter","NA","08:12","M45","Batch15_DGRP",0.714037727114917,1028.21432704548,0.764317945157931,366.872613675807,0.688888888888889,661.333333333333,0,1440,36480,0.836918806384455,1205.16308119362,0.825363825363825,396.174636174636,0.842708333333333,809,300,420,51900,0.778625954198473,1121.2213740458,0.810810810810811,389.189189189189,0.7625,732,900,420,5700,0.6911866759195,995.30881332408,0.85031185031185,408.149688149688,0.611458333333333,587,120,780,37320,0.651630811936156,938.348369188064,0.661122661122661,317.338877338877,0.646875,621,240,480,36000,0.685634975711312,987.314365024289,0.746361746361746,358.253638253638,0.655208333333333,629,900,420,38760,0.640527411519778,922.35947258848,0.692307692307692,332.307692307692,0.614583333333333,590,22,25.4772727272727,31.1666666666667,27.0160427807487
"2025-11-15 10:00:00|Monitor45.txt|22",22,"2025-11-15 10:00:00|Monitor45.txt",2025-11-15T10:00:00Z,2025-11-21T16:30:00Z,"OK","M","DGRP93","21.5C","Winter","NA","08:12","M45","Batch15_DGRP",0.697025807198241,1003.71716236547,0.619229434224228,297.230128427629,0.7359375,706.5,900,4260,30720,0.77793199167245,1120.22206800833,0.742203742203742,356.257796257796,0.795833333333333,764,11340,8520,37740,0.825815405968078,1189.17418459403,0.945945945945946,454.054054054054,0.765625,735,840,9120,32100,0.764052741151978,1100.23594725885,0.808731808731809,388.191268191268,0.741666666666667,712,3420,1020,33480,0.624566273421235,899.375433726579,0.471933471933472,226.528066528067,0.701041666666667,673,240,420,38640,0.613462873004858,883.386537126995,0.378378378378378,181.621621621622,0.73125,702,360,1560,32340,0.575988896599584,829.4240111034,0.367983367983368,176.632016632017,0.680208333333333,653,23.8333333333333,18.7412587412587,32,30.2239583333333
"2025-11-15 10:00:00|Monitor45.txt|23",23,"2025-11-15 10:00:00|Monitor45.txt",2025-11-15T10:00:00Z,2025-11-21T16:30:00Z,"OK","M","DGRP93","21.5C","Winter","NA","08:12","M45","Batch15_DGRP",0.748987385719246,1078.54183543571,0.746615758417216,358.375564040264,0.750173611111111,720.166666666667,0,1740,41460,0.757113115891742,1090.24288688411,0.831600831600832,399.168399168399,0.719791666666667,691,120,1500,5040,0.702984038861901,1012.29701596114,0.792099792099792,380.2079002079,0.658333333333333,632,720,480,40440,0.755031228313671,1087.24496877169,0.746361746361746,358.253638253638,0.759375,729,1020,6300,47040,0.769604441360167,1108.23039555864,0.733887733887734,352.266112266112,0.7875,756,900,1560,44760,0.744621790423317,1072.25537820958,0.663201663201663,318.336798336798,0.785416666666667,754,9240,6060,39420,0.764746703678001,1101.23525329632,0.713097713097713,342.286902286902,0.790625,759,20.5,21.9268292682927,39.5,24.1434599156118
"2025-11-15 10:00:00|Monitor45.txt|24",24,"2025-11-15 10:00:00|Monitor45.txt",2025-11-15T10:00:00Z,2025-11-21T16:30:00Z,"OK","M","DGRP93","21.5C","Winter","NA","08:12","M45","Batch15_DGRP",0.776761948848513,1118.53720634186,0.803540437348143,385.699409927109,0.763368055555556,732.833333333333,0,1740,33060,0.85704371963914,1234.14295628036,0.866943866943867,416.133056133056,0.852083333333333,818,0,3180,7500,0.854961832061069,1231.14503816794,0.846153846153846,406.153846153846,0.859375,825,300,1140,35460,0.806384455239417,1161.19361554476,0.835758835758836,401.164241164241,0.791666666666667,760,120,780,5220,0.727966689798751,1048.2720333102,0.756756756756757,363.243243243243,0.713541666666667,685,120,360,9900,0.67175572519084,967.328244274809,0.702702702702703,337.297297297297,0.65625,630,840,1200,31920,0.741151977793199,1067.25884802221,0.808731808731809,388.191268191268,0.707291666666667,679,14.6666666666667,33.8068181818182,44.3333333333333,20.2932330827068
"2025-11-15 10:00:00|Monitor45.txt|25",25,"2025-11-15 10:00:00|Monitor45.txt",2025-11-15T10:00:00Z,2025-11-21T16:30:00Z,"OK","M","DGRP93","21.5C","Winter","NA","08:12","M45","Batch15_DGRP",0.636037495660225,915.893993750723,0.725789656369316,348.379035057272,0.591145833333333,567.5,0,300,41820,0.716863289382373,1032.28313671062,0.802494802494803,385.197505197505,0.673958333333333,647,7860,3000,85500,0.610687022900763,879.389312977099,0.708939708939709,340.29106029106,0.561458333333333,539,7680,960,40680,0.595419847328244,857.404580152672,0.715176715176715,343.284823284823,0.535416666666667,514,1200,360,37020,0.661346287300486,952.338653712699,0.700623700623701,336.299376299376,0.641666666666667,616,4620,1860,85260,0.596807772380292,859.40319222762,0.711018711018711,341.288981288981,0.539583333333333,518,10380,2520,65820,0.636363636363636,916.363636363636,0.719334719334719,345.280665280665,0.594791666666667,571,19.1666666666667,21.6086956521739,49,20.2414965986395
"2025-11-15 10:00:00|Monitor45.txt|27",27,"2025-11-15 10:00:00|Monitor45.txt",2025-11-15T10:00:00Z,2025-11-21T16:30:00Z,"OK","M","DGRP93","21.5C","Winter","NA","08:12","M45","Batch15_DGRP",0.57042009026733,821.404929984956,0.697674418604651,334.883720930233,0.506770833333333,486.5,0,2520,84060,0.678001387925052,976.321998612075,0.823284823284823,395.176715176715,0.605208333333333,581,14280,1020,84720,0.657876474670368,947.34212352533,0.875259875259875,420.12474012474,0.548958333333333,527,13920,4980,43500,0.628730048577377,905.371269951423,0.829521829521829,398.170478170478,0.528125,507,8340,360,39180,0.633587786259542,912.36641221374,0.731808731808732,351.268191268191,0.584375,561,1380,600,4740,0.448993754337266,646.551006245663,0.548856548856549,263.451143451143,0.398958333333333,383,300,420,83280,0.375433726578765,540.624566273421,0.376299376299376,180.623700623701,0.375,360,14.5,32.1609195402299,40.5,23.5185185185185
"2025-11-15 10:00:00|Monitor45.txt|28",28,"2025-11-15 10:00:00|Monitor45.txt",2025-11-15T10:00:00Z,2025-11-21T16:30:00Z,"OK","M","DGRP93","21.5C","Winter","NA","08:12","M45","Batch15_DGRP",0.647725957643791,932.725379007059,0.671294689343978,322.221450885109,0.6359375,610.5,240,420,3240,0.696044413601666,1002.3039555864,0.858627858627859,412.141372141372,0.614583333333333,590,540,480,45420,0.600277585010409,864.39972241499,0.686070686070686,329.313929313929,0.557291666666667,535,540,14220,540,0.670367800138792,965.329632199861,0.798336798336798,383.201663201663,0.60625,582,900,600,41700,0.64677307425399,931.353226925746,0.596673596673597,286.403326403326,0.671875,645,240,480,39780,0.634975711311589,914.365024288688,0.600831600831601,288.399168399168,0.652083333333333,626,0,1380,37740,0.63705759888966,917.36294240111,0.484407484407485,232.515592515593,0.713541666666667,685,26.8333333333333,17.9875776397516,41.5,22.0441767068273
"2025-11-15 10:00:00|Monitor45.txt|29",29,"2025-11-15 10:00:00|Monitor45.txt",2025-11-15T10:00:00Z,2025-11-21T16:30:00Z,"OK","M","DGRP93","21.5C","Winter","NA","08:12","M45","Batch15_DGRP",0.634880222196505,914.227519962967,0.793127386324193,380.701145435613,0.555729166666667,533.5,0,720,38640,0.747397640527412,1076.25260235947,0.833679833679834,400.16632016632,0.704166666666667,676,2640,3960,50520,0.705065926439972,1015.29493407356,0.825363825363825,396.174636174636,0.644791666666667,619,1380,2520,45360,0.684941013185288,986.315058986815,0.796257796257796,382.203742203742,0.629166666666667,604,300,420,960,0.597501734906315,860.402498265094,0.806652806652807,387.193347193347,0.492708333333333,473,540,600,9420,0.551700208188758,794.448299791811,0.798336798336798,383.201663201663,0.428125,411,660,1440,54300,0.523247744621791,753.476752255378,0.698544698544699,335.301455301455,0.435416666666667,418,15.3333333333333,34.0434782608696,43.5,20.1379310344828
"2025-11-15 10:00:00|Monitor45.txt|30",30,"2025-11-15 10:00:00|Monitor45.txt",2025-11-15T10:00:00Z,2025-11-21T16:30:00Z,"OK","M","DGRP93","21.5C","Winter","NA","08:12","M45","Batch15_DGRP",0.786598773290129,1132.70223353779,0.808052759458521,387.86532454009,0.775868055555556,744.833333333333,540,7080,12420,0.71616932685635,1031.28383067314,0.848232848232848,407.151767151767,0.65,624,10620,15060,10620,0.769604441360167,1108.23039555864,0.88981288981289,427.110187110187,0.709375,681,1200,420,38760,0.777238029146426,1119.22276197085,0.794178794178794,381.205821205821,0.76875,738,3120,3720,36360,0.811242192921582,1168.18875780708,0.775467775467775,372.224532224532,0.829166666666667,796,180,300,35520,0.835530881332408,1203.16446911867,0.794178794178794,381.205821205821,0.85625,822,1860,5100,35040,0.810548230395559,1167.1894517696,0.748440748440749,359.251559251559,0.841666666666667,808,19.6666666666667,22.3135593220339,47.3333333333333,20.0246478873239
"2025-11-15 10:00:00|Monitor45.txt|31",31,"2025-11-15 10:00:00|Monitor45.txt",2025-11-15T10:00:00Z,2025-11-21T16:30:00Z,"OK","M","DGRP93","21.5C","Winter","NA","08:12","M45","Batch15_DGRP",0.75639393588705,1089.20726767735,0.848316556751128,407.191947240541,0.710416666666667,682,0,300,6240,0.766134628730049,1103.23386537127,0.848232848232848,407.151767151767,0.725,696,960,300,3900,0.767522553782096,1105.23247744622,0.869022869022869,417.130977130977,0.716666666666667,688,0,300,39720,0.774462179042332,1115.22553782096,0.88981288981289,427.110187110187,0.716666666666667,688,6360,4260,42060,0.729354614850798,1050.27064538515,0.835758835758836,401.164241164241,0.676041666666667,649,360,300,38580,0.707841776544067,1019.29215822346,0.773388773388773,371.226611226611,0.675,648,960,360,1740,0.792505204718945,1141.20749479528,0.871101871101871,418.128898128898,0.753125,723,14.5,31.0804597701149,31.8333333333333,30.0471204188482
"2025-11-15 10:00:00|Monitor45.txt|32",32,"2025-11-15 10:00:00|Monitor45.txt",2025-11-15T10:00:00Z,2025-11-21T16:30:00Z,"OK","M","DGRP93","21.5C","Winter","NA","08:12","M45","Batch15_DGRP",0.731165374377965,1052.87813910427,0.719194724054148,345.213467545991,0.737152777777778,707.666666666667,0,1440,41280,0.821651630811936,1183.17834836919,0.817047817047817,392.182952182952,0.823958333333333,791,3780,10500,47340,0.829285218598196,1194.1707147814,0.858627858627859,412.141372141372,0.814583333333333,782,360,1440,37380,0.762664816099931,1098.2373351839,0.735966735966736,353.264033264033,0.776041666666667,745,540,1260,39540,0.673143650242887,969.326856349757,0.700623700623701,336.299376299376,0.659375,633,0,1500,34560,0.664816099930604,957.335183900069,0.634095634095634,304.365904365904,0.680208333333333,653,1620,360,57600,0.634281748785566,913.365718251214,0.565488565488566,271.434511434512,0.66875,642,24.8333333333333,19.1744966442953,40.8333333333333,22.6897959183673
"2025-11-15 10:00:00|Monitor46.txt|01",1,"2025-11-15 10:00:00|Monitor46.txt",2025-11-15T10:00:00Z,2025-11-21T16:30:00Z,"OK","M","DGRP100","21.5C","Winter","NA","08:12","M46","Batch15_DGRP",0.893762296030552,1287.017706284,0.880597014925373,422.686567164179,0.900347222222222,864.333333333333,1320,2700,57300,0.913948646773074,1316.08605135323,0.9002079002079,432.099792099792,0.920833333333333,884,180,720,4860,0.920194309507287,1325.07980569049,0.931392931392931,447.068607068607,0.914583333333333,878,960,660,10560,0.853573907009021,1229.14642609299,0.798336798336798,383.201663201663,0.88125,846,540,720,49680,0.907009021512838,1306.09299097849,0.837837837837838,402.162162162162,0.941666666666667,904,1380,420,33720,0.859819569743234,1238.14018043026,0.875259875259875,420.12474012474,0.852083333333333,818,1440,5580,7320,0.907702984038862,1307.09229701596,0.93970893970894,451.060291060291,0.891666666666667,856,12.5,40.2933333333333,30.1666666666667,29.7237569060773
"2025-11-15 10:00:00|Monitor46.txt|03",3,"2025-11-15 10:00:00|Monitor46.txt",2025-11-15T10:00:00Z,2025-11-21T16:30:00Z,"OK","M","DGRP100","21.5C","Winter","NA","08:12","M46","Batch15_DGRP",0.847818539520889,1220.85869691008,0.801110725442555,384.533148212426,0.871180555555556,836.333333333333,1140,7380,34920,0.861901457321305,1241.13809854268,0.819126819126819,393.180873180873,0.883333333333333,848,1200,780,15480,0.859819569743234,1238.14018043026,0.9002079002079,432.099792099792,0.839583333333333,806,1980,960,52620,0.794587092297016,1144.2054129077,0.804573804573805,386.195426195426,0.789583333333333,758,1740,1380,39660,0.834142956280361,1201.16585704372,0.767151767151767,368.232848232848,0.867708333333333,833,480,420,32160,0.85704371963914,1234.14295628036,0.742203742203742,356.257796257796,0.914583333333333,878,4080,6900,38520,0.877862595419847,1264.12213740458,0.769230769230769,369.230769230769,0.932291666666667,895,19.8333333333333,23.2016806722689,28.3333333333333,33.1823529411765
"2025-11-15 10:00:00|Monitor46.txt|04",4,"2025-11-15 10:00:00|Monitor46.txt",2025-11-15T10:00:00Z,2025-11-21T16:30:00Z,"OK","M","DGRP100","21.5C","Winter","NA","08:12","M46","Batch15_DGRP",0.688693438259461,991.718551093623,0.573759111419646,275.40437348143,0.746180555555556,716.333333333333,1740,300,32640,0.690492713393477,994.309507286606,0.471933471933472,226.528066528067,0.8,768,480,360,36720,0.58292852185982,839.41707147814,0.507276507276507,243.492723492724,0.620833333333333,596,1500,720,62640,0.697432338653713,1004.30256766135,0.513513513513514,246.486486486487,0.789583333333333,758,3180,480,41160,0.68910478834143,992.310895211659,0.553014553014553,265.446985446986,0.757291666666667,727,300,300,36960,0.73351839000694,1056.26648160999,0.667359667359667,320.33264033264,0.766666666666667,736,900,300,36840,0.736988202637058,1061.26301179736,0.725571725571726,348.274428274428,0.742708333333333,713,32.1666666666667,14.2694300518135,48,19.4548611111111
"2025-11-15 10:00:00|Monitor46.txt|06",6,"2025-11-15 10:00:00|Monitor46.txt",2025-11-15T10:00:00Z,2025-11-21T16:30:00Z,"OK","M","DGRP100","21.5C","Winter","NA","08:12","M46","Batch15_DGRP",0.778845041083208,1121.53685915982,0.901423116973273,432.683096147171,0.717534722222222,688.833333333333,1740,720,2700,0.836224843858432,1204.16377515614,0.912681912681913,438.087318087318,0.797916666666667,766,480,2700,8040,0.783483691880639,1128.21651630812,0.954261954261954,458.045738045738,0.697916666666667,670,1920,19200,86220,0.766134628730049,1103.23386537127,0.927234927234927,445.072765072765,0.685416666666667,658,25080,600,43560,0.778625954198473,1121.2213740458,0.941787941787942,452.058212058212,0.696875,669,420,300,81960,0.709923664122137,1022.29007633588,0.775467775467775,372.224532224532,0.677083333333333,650,10980,1200,16500,0.798750867453158,1150.20124913255,0.896049896049896,430.10395010395,0.75,720,9.66666666666667,38.7241379310345,47.8333333333333,21.411149825784
"2025-11-15 10:00:00|Monitor46.txt|07",7,"2025-11-15 10:00:00|Monitor46.txt",2025-11-15T10:00:00Z,2025-11-21T16:30:00Z,"OK","M","DGRP100","21.5C","Winter","NA","08:12","M46","Batch15_DGRP",0.883346834857077,1272.01944219419,0.933009371745922,447.844498438042,0.858506944444445,824.166666666667,2100,600,37200,0.852185981956975,1227.14781401804,0.871101871101871,418.128898128898,0.842708333333333,809,1680,3240,4980,0.879944482997918,1267.120055517,0.966735966735967,464.033264033264,0.836458333333333,803,120,600,35100,0.893129770992367,1286.10687022901,0.968814968814969,465.031185031185,0.855208333333333,821,60,1140,6420,0.860513532269257,1239.13948646773,0.879417879417879,422.120582120582,0.851041666666667,817,420,1860,84960,0.877862595419847,1264.12213740458,0.923076923076923,443.076923076923,0.855208333333333,821,25260,360,45180,0.935461485079806,1347.06453851492,0.985446985446985,473.014553014553,0.910416666666667,874,9.5,43.6666666666667,30.6666666666667,32.1576086956522
"2025-11-15 10:00:00|Monitor46.txt|08",8,"2025-11-15 10:00:00|Monitor46.txt",2025-11-15T10:00:00Z,2025-11-21T16:30:00Z,"OK","M","DGRP100","21.5C","Winter","NA","08:12","M46","Batch15_DGRP",0.677120703622266,975.053813216063,0.657063519611246,315.390489413398,0.687152777777778,659.666666666667,6000,480,23940,0.643303261623872,926.356696738376,0.517671517671518,248.482328482328,0.70625,678,3540,1560,6960,0.718251214434421,1034.28174878557,0.61954261954262,297.380457380457,0.767708333333333,737,4200,1740,41760,0.591256072172103,851.408743927828,0.51975051975052,249.48024948025,0.627083333333333,602,240,960,46140,0.687022900763359,989.312977099237,0.758835758835759,364.241164241164,0.651041666666667,625,660,1080,82020,0.714781401804303,1029.2852185982,0.771309771309771,370.22869022869,0.686458333333333,659,3600,480,15960,0.70853573907009,1020.29146426093,0.756756756756757,363.243243243243,0.684375,657,18.5,25.027027027027,47.5,19.5964912280702
"2025-11-15 10:00:00|Monitor46.txt|09",9,"2025-11-15 10:00:00|Monitor46.txt",2025-11-15T10:00:00Z,2025-11-21T16:30:00Z,"OK","M","DGRP100","21.5C","Winter","NA","08:12","M46","Batch15_DGRP",0.814489063765768,1172.86425182271,0.90628254078445,435.015619576536,0.768576388888889,737.833333333333,780,480,35220,0.82234559333796,1184.17765440666,0.844074844074844,405.155925155925,0.811458333333333,779,420,2220,13500,0.803608605135323,1157.19639139486,0.881496881496882,423.118503118503,0.764583333333333,734,1920,5700,80820,0.8147120055517,1173.18528799445,0.920997920997921,442.079002079002,0.761458333333333,731,11640,2100,39240,0.805690492713394,1160.19430950729,0.904365904365904,434.095634095634,0.75625,726,360,420,14100,0.832755031228314,1199.16724496877,0.95010395010395,456.049896049896,0.773958333333333,743,240,10020,240,0.808466342817488,1164.19153365718,0.937629937629938,450.06237006237,0.74375,714,14.3333333333333,31.3604651162791,42.5,22.2980392156863
"2025-11-15 10:00:00|Monitor46.txt|10",10,"2025-11-15 10:00:00|Monitor46.txt",2025-11-15T10:00:00Z,2025-11-21T16:30:00Z,"OK","M","DGRP100","21.5C","Winter","NA","08:12","M46","Batch15_DGRP",0.849785904409212,1223.69170234927,0.889968760846928,427.185005206526,0.8296875,796.5,1080,8040,12060,0.834142956280361,1201.16585704372,0.920997920997921,442.079002079002,0.790625,759,8160,5820,40980,0.897293546148508,1292.10270645385,0.966735966735967,464.033264033264,0.8625,828,1260,360,36060,0.856349757113116,1233.14365024289,0.881496881496882,423.118503118503,0.84375,810,2820,480,4200,0.834142956280361,1201.16585704372,0.823284823284823,395.176715176715,0.839583333333333,806,300,1740,41820,0.887578070784178,1278.11242192922,0.869022869022869,417.130977130977,0.896875,861,2280,480,81420,0.789035392088827,1136.21096460791,0.877338877338877,421.122661122661,0.744791666666667,715,15.1666666666667,28.4725274725275,32.8333333333333,29.3857868020305
"2025-11-15 10:00:00|Monitor46.txt|11",11,"2025-11-15 10:00:00|Monitor46.txt",2025-11-15T10:00:00Z,2025-11-21T16:30:00Z,"OK","M","DGRP100","21.5C","Winter","NA","08:12","M46","Batch15_DGRP",0.776761948848513,1118.53720634186,0.853870183963901,409.857688302673,0.738194444444445,708.666666666667,0,3420,11820,0.807078417765441,1162.19292158223,0.88981288981289,427.110187110187,0.765625,735,360,8280,9540,0.799444829979181,1151.20055517002,0.914760914760915,439.085239085239,0.741666666666667,712,5400,15360,5400,0.775156141568355,1116.22484385843,0.891891891891892,428.108108108108,0.716666666666667,688,540,1860,10920,0.73351839000694,1056.26648160999,0.835758835758836,401.164241164241,0.682291666666667,655,840,300,79440,0.77029840388619,1109.22970159611,0.781704781704782,375.218295218295,0.764583333333333,734,10260,2280,36900,0.774462179042332,1115.22553782096,0.806652806652807,387.193347193347,0.758333333333333,728,13.1666666666667,33.873417721519,37.1666666666667,25.7847533632287
"2025-11-15 10:00:00|Monitor46.txt|12",12,"2025-11-15 10:00:00|Monitor46.txt",2025-11-15T10:00:00Z,2025-11-21T16:30:00Z,"OK","M","DGRP100","21.5C","Winter","NA","08:12","M46","Batch15_DGRP",0.639625043397755,921.060062492767,0.671641791044776,322.388059701493,0.623611111111111,598.666666666667,2640,300,15240,0.782095766828591,1126.21790423317,0.767151767151767,368.232848232848,0.789583333333333,758,780,360,12600,0.734212352532963,1057.26578764747,0.802494802494803,385.197505197505,0.7,672,0,540,58740,0.680083275503123,979.319916724497,0.74012474012474,355.259875259875,0.65,624,240,420,46860,0.539902845246357,777.460097154754,0.627858627858628,301.372141372141,0.495833333333333,476,1080,540,65940,0.591256072172103,851.408743927828,0.582120582120582,279.417879417879,0.595833333333333,572,2280,480,55920,0.510756419153366,735.489243580847,0.511434511434512,245.488565488566,0.510416666666667,490,36.8333333333333,12.4524886877828,72.8333333333333,12.4508009153318
"2025-11-15 10:00:00|Monitor46.txt|13",13,"2025-11-15 10:00:00|Monitor46.txt",2025-11-15T10:00:00Z,2025-11-21T16:30:00Z,"OK","M","DGRP100","21.5C","Winter","NA","08:12","M46","Batch15_DGRP",0.888438838097443,1279.35192686032,0.91877820201319,441.013536966331,0.873263888888889,838.333333333333,0,2160,52200,0.917418459403192,1321.0825815406,0.914760914760915,439.085239085239,0.91875,882,60,720,2460,0.891741845940319,1284.10825815406,0.93970893970894,451.060291060291,0.867708333333333,833,4560,6360,85680,0.899375433726579,1295.10062456627,0.902286902286902,433.097713097713,0.897916666666667,862,17280,300,39840,0.904927133934768,1303.09507286607,0.952182952182952,457.047817047817,0.88125,846,2040,3840,40860,0.86675919500347,1248.133240805,0.879417879417879,422.120582120582,0.860416666666667,826,2580,2160,7140,0.850104094378904,1224.14989590562,0.923076923076923,443.076923076923,0.813541666666667,781,11.8333333333333,35.1549295774648,36.5,26.7397260273973
"2025-11-15 10:00:00|Monitor46.txt|14",14,"2025-11-15 10:00:00|Monitor46.txt",2025-11-15T10:00:00Z,2025-11-21T16:30:00Z,"OK","M","DGRP100","21.5C","Winter","NA","08:12","M46","Batch15_DGRP",0.847124175442657,1219.85881263743,0.896216591461298,430.183963901423,0.822569444444445,789.666666666667,0,4080,4740,0.888272033310201,1279.11172796669,0.95010395010395,456.049896049896,0.857291666666667,823,540,1320,21780,0.863289382373352,1243.13671061763,0.933471933471933,448.066528066528,0.828125,795,1800,300,6180,0.811242192921582,1168.18875780708,0.893970893970894,429.106029106029,0.769791666666667,739,2400,1320,57900,0.863289382373352,1243.13671061763,0.896049896049896,430.10395010395,0.846875,813,120,360,64140,0.840388619014573,1210.15961138099,0.879417879417879,422.120582120582,0.820833333333333,788,1680,1260,16080,0.816793893129771,1176.18320610687,0.825363825363825,396.174636174636,0.8125,780,20,22.7166666666667,54.8333333333333,16.7173252279635
"2025-11-15 10:00:00|Monitor46.txt|15",15,"2025-11-15 10:00:00|Monitor46.txt",2025-11-15T10:00:00Z,2025-11-21T16:30:00Z,"OK","M","DGRP100","21.5C","Winter","NA","08:12","M46","Batch15_DGRP",0.805578058095128,1160.03240365698,0.820201318986463,393.696633113502,0.798263888888889,766.333333333333,540,1320,48960,0.811242192921582,1168.18875780708,0.783783783783784,376.216216216216,0.825,792,3120,9660,3120,0.790423317140875,1138.20957668286,0.879417879417879,422.120582120582,0.745833333333333,716,1560,4140,38340,0.82234559333796,1184.17765440666,0.814968814968815,391.185031185031,0.826041666666667,793,0,900,33600,0.798056904927134,1149.20194309507,0.781704781704782,375.218295218295,0.80625,774,840,360,16800,0.807078417765441,1162.19292158223,0.852390852390852,409.147609147609,0.784375,753,1140,1500,4140,0.803608605135323,1157.19639139486,0.806652806652807,387.193347193347,0.802083333333333,770,20.6666666666667,21.9596774193548,49.8333333333333,18.628762541806
"2025-11-15 10:00:00|Monitor46.txt|16",16,"2025-11-15 10:00:00|Monitor46.txt",2025-11-15T10:00:00Z,2025-11-21T16:30:00Z,"OK","M","DGRP100","21.5C","Winter","NA","08:12","M46","Batch15_DGRP",0.686378891332022,988.385603518111,0.784449843804235,376.535925026033,0.637326388888889,611.833333333333,3060,2760,56220,0.70853573907009,1020.29146426093,0.762993762993763,366.237006237006,0.68125,654,5280,7920,5280,0.7529493407356,1084.24705065926,0.881496881496882,423.118503118503,0.688541666666667,661,5760,480,19560,0.706453851492019,1017.29354614851,0.827442827442827,397.172557172557,0.645833333333333,620,60,540,8040,0.656488549618321,945.343511450382,0.731808731808732,351.268191268191,0.61875,594,120,540,82980,0.62734212352533,903.372657876475,0.731808731808732,351.268191268191,0.575,552,11640,900,38160,0.666204024982651,959.333795975017,0.769230769230769,369.230769230769,0.614583333333333,590,19.3333333333333,23.0431034482759,40.5,23.4855967078189
"2025-11-15 10:00:00|Monitor46.txt|17",17,"2025-11-15 10:00:00|Monitor46.txt",2025-11-15T10:00:00Z,2025-11-21T16:30:00Z,"OK","M","DGRP100","21.5C","Winter","NA","08:12","M46","Batch15_DGRP",0.840990626084944,1211.02650156232,0.870183963901423,417.688302672683,0.826388888888889,793.333333333333,1020,4560,5640,0.829285218598196,1194.1707147814,0.962577962577963,462.037422037422,0.7625,732,1620,13200,1620,0.85912560721721,1237.14087439278,0.968814968814969,465.031185031185,0.804166666666667,772,600,300,36360,0.820263705759889,1181.17973629424,0.841995841995842,404.158004158004,0.809375,777,2100,540,7140,0.829285218598196,1194.1707147814,0.821205821205821,394.178794178794,0.833333333333333,800,660,360,38280,0.83969465648855,1209.16030534351,0.754677754677755,362.245322245322,0.882291666666667,847,900,540,13020,0.867453157529493,1249.13254684247,0.869022869022869,417.130977130977,0.866666666666667,832,14,34.4880952380953,43.6666666666667,20.8015267175573
"2025-11-15 10:00:00|Monitor46.txt|18",18,"2025-11-15 10:00:00|Monitor46.txt",2025-11-15T10:00:00Z,2025-11-21T16:30:00Z,"OK","M","DGRP100","21.5C","Winter","NA","08:12","M46","Batch15_DGRP",0.797940053234579,1149.03367665779,0.728219368274905,349.545296771954,0.8328125,799.5,4380,300,61740,0.810548230395559,1167.1894517696,0.754677754677755,362.245322245322,0.838541666666667,805,2340,2400,47640,0.8764746703678,1262.12352532963,0.891891891891892,428.108108108108,0.86875,834,3420,2820,47040,0.834142956280361,1201.16585704372,0.808731808731809,388.191268191268,0.846875,813,2160,720,45840,0.746009715475364,1074.25399028452,0.663201663201663,318.336798336798,0.7875,756,1980,540,26460,0.785565579458709,1131.21443442054,0.648648648648649,311.351351351351,0.854166666666667,820,1920,1620,41640,0.734906315058987,1058.26509368494,0.602910602910603,289.397089397089,0.801041666666667,769,18.6666666666667,31.6428571428571,28,29.2619047619048
"2025-11-15 10:00:00|Monitor46.txt|19",19,"2025-11-15 10:00:00|Monitor46.txt",2025-11-15T10:00:00Z,2025-11-21T16:30:00Z,"OK","M","DGRP100","21.5C","Winter","NA","08:12","M46","Batch15_DGRP",0.847239902789029,1220.0254600162,0.834085387018396,400.36098576883,0.853819444444445,819.666666666667,0,360,55140,0.869535045107564,1252.13046495489,0.891891891891892,428.108108108108,0.858333333333333,824,660,1620,17820,0.847328244274809,1220.15267175573,0.854469854469854,410.14553014553,0.84375,810,120,540,48180,0.814018043025677,1172.18598195697,0.79002079002079,379.209979209979,0.826041666666667,793,180,2160,19800,0.791811242192922,1140.20818875781,0.812889812889813,390.18711018711,0.78125,750,660,1680,60720,0.851492019430951,1226.14850798057,0.771309771309771,370.22869022869,0.891666666666667,856,600,960,48120,0.907009021512838,1306.09299097849,0.877338877338877,421.122661122661,0.921875,885,23.8333333333333,20.0559440559441,44.8333333333333,20.2044609665428
"2025-11-15 10:00:00|Monitor46.txt|20",20,"2025-11-15 10:00:00|Monitor46.txt",2025-11-15T10:00:00Z,2025-11-21T16:30:00Z,"OK","M","DGRP100","21.5C","Winter","NA","08:12","M46","Batch15_DGRP",0.625159125101262,900.229140145817,0.730301978479695,350.544949670253,0.572569444444445,549.666666666667,660,420,12120,0.636363636363636,916.363636363636,0.717255717255717,344.282744282744,0.595833333333333,572,120,14760,120,0.750173490631506,1080.24982650937,0.937629937629938,450.06237006237,0.65625,630,60,360,8280,0.560721721027065,807.439278278973,0.721413721413721,346.278586278586,0.480208333333333,461,2700,540,8400,0.566273421235253,815.433726578765,0.632016632016632,303.367983367983,0.533333333333333,512,60,360,4320,0.632199861207495,910.367800138792,0.673596673596674,323.326403326403,0.611458333333333,587,1920,9600,1920,0.603747397640527,869.39625260236,0.694386694386694,333.305613305613,0.558333333333333,536,16,30.2916666666667,49.5,18.6094276094276
"2025-11-15 10:00:00|Monitor46.txt|21",21,"2025-11-15 10:00:00|Monitor46.txt",2025-11-15T10:00:00Z,2025-11-21T16:30:00Z,"OK","M","DGRP100","21.5C","Winter","NA","08:12","M46","Batch15_DGRP",0.729313736836014,1050.21178104386,0.778549114890663,373.703575147518,0.7046875,676.5,2760,300,10680,0.766828591256072,1104.23317140874,0.869022869022869,417.130977130977,0.715625,687,1080,6540,46020,0.788341429562804,1135.21165857044,0.864864864864865,415.135135135135,0.75,720,300,1740,78420,0.657182512144344,946.342817487856,0.781704781704782,375.218295218295,0.594791666666667,571,480,960,78960,0.676613462873005,974.323386537127,0.607068607068607,291.392931392931,0.711458333333333,683,1620,480,80220,0.719639139486468,1036.28036086051,0.715176715176715,343.284823284823,0.721875,693,11580,420,32760,0.766134628730049,1103.23386537127,0.829521829521829,398.170478170478,0.734375,705,18.5,23.5135135135135,40.8333333333333,23.5102040816327
"2025-11-15 10:00:00|Monitor46.txt|22",22,"2025-11-15 10:00:00|Monitor46.txt",2025-11-15T10:00:00Z,2025-11-21T16:30:00Z,"OK","M","DGRP100","21.5C","Winter","NA","08:12","M46","Batch15_DGRP",0.794815414882537,1144.53419743085,0.816036098576883,391.697327316904,0.784201388888889,752.833333333333,2340,300,49920,0.790423317140875,1138.20957668286,0.817047817047817,392.182952182952,0.777083333333333,746,3960,6060,10800,0.895905621096461,1290.1040943789,0.933471933471933,448.066528066528,0.877083333333333,842,0,1860,45720,0.784871616932686,1130.21512838307,0.72972972972973,350.27027027027,0.8125,780,480,900,10140,0.75086745315753,1081.24913254684,0.802494802494803,385.197505197505,0.725,696,0,360,13320,0.74323386537127,1070.25676613463,0.8004158004158,384.199584199584,0.714583333333333,686,240,1920,71220,0.804302567661346,1158.19569743234,0.814968814968815,391.185031185031,0.798958333333333,767,19.6666666666667,23.6779661016949,42.6666666666667,21.66015625
"2025-11-15 10:00:00|Monitor46.txt|23",23,"2025-11-15 10:00:00|Monitor46.txt",2025-11-15T10:00:00Z,2025-11-21T16:30:00Z,"OK","M","DGRP100","21.5C","Winter","NA","08:12","M46","Batch15_DGRP",0.793658141418817,1142.8677236431,0.874349184311003,419.687608469282,0.753298611111111,723.166666666667,0,15540,84180,0.811936155447606,1169.18806384455,0.9002079002079,432.099792099792,0.767708333333333,737,22140,420,80940,0.842470506592644,1213.15752949341,0.968814968814969,465.031185031185,0.779166666666667,748,21000,3180,79200,0.785565579458709,1131.21443442054,0.869022869022869,417.130977130977,0.74375,714,60,660,3180,0.754337265787648,1086.24566273421,0.848232848232848,407.151767151767,0.707291666666667,679,960,600,39420,0.798056904927134,1149.20194309507,0.864864864864865,415.135135135135,0.764583333333333,734,1740,600,14040,0.769604441360167,1108.23039555864,0.794178794178794,381.205821205821,0.757291666666667,727,12,30.5277777777778,38.5,26.7229437229437
"2025-11-15 10:00:00|Monitor46.txt|24",24,"2025-11-15 10:00:00|Monitor46.txt",2025-11-15T10:00:00Z,2025-11-21T16:30:00Z,"OK","M","DGRP100","21.5C","Winter","NA","08:12","M46","Batch15_DGRP",0.779423677815068,1122.3700960537,0.801804928844151,384.866365845193,0.768229166666667,737.5,360,720,33420,0.83969465648855,1209.16030534351,0.871101871101871,418.128898128898,0.823958333333333,791,180,14520,37800,0.845246356696739,1217.1547536433,0.952182952182952,457.047817047817,0.791666666666667,760,1080,1500,42420,0.816793893129771,1176.18320610687,0.810810810810811,389.189189189189,0.819791666666667,787,600,1140,47700,0.710617626648161,1023.28938237335,0.636174636174636,305.363825363825,0.747916666666667,718,5040,3840,9480,0.702984038861901,1012.29701596114,0.731808731808732,351.268191268191,0.688541666666667,661,1620,780,46620,0.759195003469813,1093.24080499653,0.802494802494803,385.197505197505,0.7375,708,12.5,36.9333333333333,22,43.4393939393939
"2025-11-15 10:00:00|Monitor46.txt|26",26,"2025-11-15 10:00:00|Monitor46.txt",2025-11-15T10:00:00Z,2025-11-21T16:30:00Z,"OK","M","DGRP100","21.5C","Winter","NA","08:12","M46","Batch15_DGRP",0.678856613817845,977.553523897697,0.74383894481083,357.042693509198,0.646354166666667,620.5,1260,360,10860,0.729354614850798,1050.27064538515,0.74012474012474,355.259875259875,0.723958333333333,695,180,540,4260,0.738376127689105,1063.26162387231,0.833679833679834,400.16632016632,0.690625,663,2100,720,11640,0.657182512144344,946.342817487856,0.742203742203742,356.257796257796,0.614583333333333,590,1380,300,11160,0.603053435114504,868.396946564886,0.725571725571726,348.274428274428,0.541666666666667,520,3120,1500,8520,0.653712699514226,941.346287300486,0.667359667359667,320.33264033264,0.646875,621,1080,300,13380,0.691880638445524,996.308119361555,0.754677754677755,362.245322245322,0.660416666666667,634,18.1666666666667,26.1192660550459,58.6666666666667,15.5965909090909
"2025-11-15 10:00:00|Monitor46.txt|27",27,"2025-11-15 10:00:00|Monitor46.txt",2025-11-15T10:00:00Z,2025-11-21T16:30:00Z,"OK","M","DGRP100","21.5C","Winter","NA","08:12","M46","Batch15_DGRP",0.867145006365004,1248.68880916561,0.88129121832697,423.019784796946,0.860069444444445,825.666666666667,0,6480,6540,0.909090909090909,1309.09090909091,0.906444906444906,435.093555093555,0.910416666666667,874,1620,8160,13980,0.827897293546149,1192.17210270645,0.893970893970894,429.106029106029,0.794791666666667,763,7560,420,29160,0.858431644691187,1236.14156835531,0.841995841995842,404.158004158004,0.866666666666667,832,11280,4020,16980,0.869535045107564,1252.13046495489,0.898128898128898,431.101871101871,0.855208333333333,821,300,900,83160,0.848716169326856,1222.15128383067,0.858627858627859,412.141372141372,0.84375,810,10620,13740,10620,0.889659958362248,1281.11034004164,0.88981288981289,427.110187110187,0.889583333333333,854,8.5,47.1568627450981,33.6666666666667,29.8960396039604
"2025-11-15 10:00:00|Monitor46.txt|28",28,"2025-11-15 10:00:00|Monitor46.txt",2025-11-15T10:00:00Z,2025-11-21T16:30:00Z,"OK","M","DGRP100","21.5C","Winter","NA","08:12","M46","Batch15_DGRP",0.798287235273695,1149.53361879412,0.863936133287053,414.689343977785,0.765451388888889,734.833333333333,0,480,38640,0.809854267869535,1166.19014573213,0.841995841995842,404.158004158004,0.79375,762,7680,17940,7680,0.846634281748786,1219.15336571825,0.952182952182952,457.047817047817,0.79375,762,300,3240,9780,0.827203331020125,1191.17279666898,0.925155925155925,444.074844074844,0.778125,747,240,480,84720,0.746703678001388,1075.253296322,0.794178794178794,381.205821205821,0.722916666666667,694,3360,3660,7920,0.764746703678001,1101.23525329632,0.817047817047817,392.182952182952,0.738541666666667,709,840,11340,840,0.79528105482304,1145.20471894518,0.854469854469854,410.14553014553,0.765625,735,14.8333333333333,30.1011235955056,43.3333333333333,21.9538461538462
"2025-11-15 10:00:00|Monitor46.txt|29",29,"2025-11-15 10:00:00|Monitor46.txt",2025-11-15T10:00:00Z,2025-11-21T16:30:00Z,"OK","M","DGRP100","21.5C","Winter","NA","08:12","M46","Batch15_DGRP",0.734058558037264,1057.04432357366,0.738632419298855,354.54356126345,0.731770833333333,702.5,0,360,36720,0.746009715475364,1074.25399028452,0.812889812889813,390.18711018711,0.7125,684,1920,5460,15600,0.79528105482304,1145.20471894518,0.887733887733888,426.112266112266,0.748958333333333,719,1440,1620,36900,0.759195003469813,1093.24080499653,0.725571725571726,348.274428274428,0.776041666666667,745,3780,360,8820,0.702290076335878,1011.29770992366,0.671517671517672,322.328482328482,0.717708333333333,689,360,360,83580,0.696044413601666,1002.3039555864,0.721413721413721,346.278586278586,0.683333333333333,656,3540,4320,49560,0.705759888965996,1016.29424011103,0.613305613305613,294.386694386694,0.752083333333333,722,20.1666666666667,22.6694214876033,52.8333333333333,17.6435331230284
"2025-11-15 10:00:00|Monitor46.txt|30",30,"2025-11-15 10:00:00|Monitor46.txt",2025-11-15T10:00:00Z,2025-11-21T16:30:00Z,"OK","M","DGRP100","21.5C","Winter","NA","08:12","M46","Batch15_DGRP",0.763337576669367,1099.20611040389,0.875390489413398,420.187434918431,0.707291666666667,679,540,1560,2280,0.793199167244969,1142.20680083276,0.943866943866944,453.056133056133,0.717708333333333,689,660,21300,83460,0.831367106176267,1197.16863289382,0.93970893970894,451.060291060291,0.777083333333333,746,25560,3660,35340,0.798056904927134,1149.20194309507,0.987525987525988,474.012474012474,0.703125,675,420,840,80700,0.688410825815406,991.311589174185,0.750519750519751,360.24948024948,0.657291666666667,631,1020,360,9840,0.746009715475364,1074.25399028452,0.817047817047817,392.182952182952,0.710416666666667,682,720,10260,720,0.722414989590562,1040.27758501041,0.810810810810811,389.189189189189,0.678125,651,13.1666666666667,30.7341772151899,57.6666666666667,17.0231213872832
"2025-11-15 10:00:00|Monitor46.txt|32",32,"2025-11-15 10:00:00|Monitor46.txt",2025-11-15T10:00:00Z,2025-11-21T16:30:00Z,"OK","M","DGRP100","21.5C","Winter","NA","08:12","M46","Batch15_DGRP",0.762527485244763,1098.03957875246,0.817771607080875,392.53037139882,0.734895833333333,705.5,720,1680,37620,0.834142956280361,1201.16585704372,0.883575883575884,424.116424116424,0.809375,777,4080,540,11340,0.816099930603748,1175.1839000694,0.9002079002079,432.099792099792,0.773958333333333,743,1380,10200,1380,0.816793893129771,1176.18320610687,0.891891891891892,428.108108108108,0.779166666666667,748,360,360,5460,0.776544066620403,1118.22345593338,0.833679833679834,400.16632016632,0.747916666666667,718,420,360,49140,0.677307425399028,975.322692574601,0.719334719334719,345.280665280665,0.65625,630,1680,300,18300,0.653712699514226,941.346287300486,0.675675675675676,324.324324324324,0.642708333333333,617,21.5,21.2790697674419,55.1666666666667,16.8731117824773
"2025-11-15 10:00:00|Monitor47.txt|01",1,"2025-11-15 10:00:00|Monitor47.txt",2025-11-15T10:00:00Z,2025-11-21T16:30:00Z,"OK","M","DGRP109","21.5C","Winter","NA","08:12","M47","Batch15_DGRP",0.651892142113181,938.724684642981,0.632766400555363,303.727872266574,0.661458333333333,635,300,1080,1500,0.77029840388619,1109.22970159611,0.771309771309771,370.22869022869,0.769791666666667,739,17280,1260,42720,0.745315752949341,1073.25468424705,0.715176715176715,343.284823284823,0.760416666666667,730,19380,300,30840,0.767522553782096,1105.23247744622,0.762993762993763,366.237006237006,0.769791666666667,739,1080,360,28860,0.639833448993754,921.360166551006,0.611226611226611,293.388773388773,0.654166666666667,628,10740,1500,48540,0.564191533657183,812.435808466343,0.573804573804574,275.426195426195,0.559375,537,1140,360,38880,0.425399028452464,612.574600971548,0.365904365904366,175.634095634096,0.455208333333333,437,14.6666666666667,26.1590909090909,24.8333333333333,41.993288590604
"2025-11-15 10:00:00|Monitor47.txt|02",2,"2025-11-15 10:00:00|Monitor47.txt",2025-11-15T10:00:00Z,2025-11-21T16:30:00Z,"OK","M","DGRP109","21.5C","Winter","NA","08:12","M47","Batch15_DGRP",0.511167688924893,736.081472051846,0.463727872266574,222.589378687956,0.534895833333333,513.5,540,720,8580,0.529493407356003,762.470506592644,0.507276507276507,243.492723492724,0.540625,519,240,780,27600,0.564191533657183,812.435808466343,0.523908523908524,251.476091476092,0.584375,561,60,660,29760,0.580152671755725,835.419847328244,0.563409563409563,270.43659043659,0.588541666666667,565,0,600,660,0.497571131158917,716.502428868841,0.457380457380458,219.54261954262,0.517708333333333,497,300,300,1560,0.460097154753643,662.539902845246,0.492723492723493,236.507276507277,0.44375,426,2040,360,33960,0.435114503816794,626.564885496183,0.237006237006237,113.762993762994,0.534375,513,26.8333333333333,18,61.1666666666667,15.1171662125341
"2025-11-15 10:00:00|Monitor47.txt|03",3,"2025-11-15 10:00:00|Monitor47.txt",2025-11-15T10:00:00Z,2025-11-21T16:30:00Z,"OK","M","DGRP109","21.5C","Winter","NA","08:12","M47","Batch15_DGRP",0.391042703390811,563.101492882768,0.378340853870184,181.603609857688,0.397395833333333,381.5,3060,300,27840,0.453157529493407,652.546842470507,0.411642411642412,197.588357588358,0.473958333333333,455,840,300,26520,0.340735600277585,490.659264399723,0.424116424116424,203.575883575884,0.298958333333333,287,0,480,28620,0.258848022206801,372.741151977793,0.268191268191268,128.731808731809,0.254166666666667,244,1740,300,27420,0.393476752255378,566.606523247745,0.316008316008316,151.683991683992,0.432291666666667,415,1740,360,33240,0.468424705065926,674.531575294934,0.411642411642412,197.588357588358,0.496875,477,420,660,28020,0.430950728660652,620.569049271339,0.436590436590437,209.56340956341,0.428125,411,35.1666666666667,13.6113744075829,62.1666666666667,14.8418230563003
"2025-11-15 10:00:00|Monitor47.txt|04",4,"2025-11-15 10:00:00|Monitor47.txt",2025-11-15T10:00:00Z,2025-11-21T16:30:00Z,"OK","M","DGRP109","21.5C","Winter","NA","08:12","M47","Batch15_DGRP",0.572503182502025,824.404582802916,0.474488024991323,227.754251995835,0.621527777777778,596.666666666667,1680,420,37860,0.621096460791117,894.378903539209,0.513513513513514,246.486486486487,0.675,648,0,480,5760,0.684247050659264,985.315752949341,0.58004158004158,278.419958419958,0.736458333333333,707,420,420,11760,0.648854961832061,934.351145038168,0.536382536382536,257.463617463618,0.705208333333333,677,3360,1500,26400,0.566273421235253,815.433726578765,0.434511434511435,208.565488565489,0.632291666666667,607,900,2220,26880,0.46911866759195,675.530881332408,0.40956340956341,196.590436590437,0.498958333333333,479,600,480,27000,0.445523941707148,641.554476058293,0.374220374220374,179.62577962578,0.48125,462,22.3333333333333,24.5597014925373,46.6666666666667,18.5035714285714
"2025-11-15 10:00:00|Monitor47.txt|05",5,"2025-11-15 10:00:00|Monitor47.txt",2025-11-15T10:00:00Z,2025-11-21T16:30:00Z,"OK","M","DGRP109","21.5C","Winter","NA","08:12","M47","Batch15_DGRP",0.694248350885314,999.717625274853,0.661922943422423,317.723012842763,0.710416666666667,682,900,960,10440,0.74323386537127,1070.25676613463,0.719334719334719,345.280665280665,0.755208333333333,725,480,1800,3540,0.77029840388619,1109.22970159611,0.796257796257796,382.203742203742,0.757291666666667,727,600,1020,26220,0.732824427480916,1055.26717557252,0.706860706860707,339.293139293139,0.745833333333333,716,0,480,26940,0.762664816099931,1098.2373351839,0.783783783783784,376.216216216216,0.752083333333333,722,2940,1020,31860,0.573213046495489,825.426786953505,0.490644490644491,235.509355509356,0.614583333333333,590,2340,480,67020,0.583622484385843,840.416377515614,0.476091476091476,228.523908523909,0.6375,612,23.3333333333333,22.5428571428571,38.5,22.9090909090909
"2025-11-15 10:00:00|Monitor47.txt|06",6,"2025-11-15 10:00:00|Monitor47.txt",2025-11-15T10:00:00Z,2025-11-21T16:30:00Z,"OK","M","DGRP109","21.5C","Winter","NA","08:12","M47","Batch15_DGRP",0.689734984376808,993.218377502604,0.624783061437001,299.895869489761,0.722222222222222,693.333333333333,0,960,32220,0.807078417765441,1162.19292158223,0.715176715176715,343.284823284823,0.853125,819,840,1080,3060,0.809160305343512,1165.19083969466,0.837837837837838,402.162162162162,0.794791666666667,763,1560,900,32880,0.692574600971548,997.307425399029,0.62993762993763,302.370062370062,0.723958333333333,695,360,1440,15300,0.639833448993754,921.360166551006,0.667359667359667,320.33264033264,0.626041666666667,601,3600,3060,33480,0.572519083969466,824.427480916031,0.45945945945946,220.540540540541,0.629166666666667,604,300,1620,26640,0.615544760582929,886.384455239417,0.434511434511435,208.565488565489,0.70625,678,23.3333333333333,20.7928571428571,42.3333333333333,21.5669291338582
"2025-11-15 10:00:00|Monitor47.txt|07",7,"2025-11-15 10:00:00|Monitor47.txt",2025-11-15T10:00:00Z,2025-11-21T16:30:00Z,"OK","M","DGRP109","21.5C","Winter","NA","08:12","M47","Batch15_DGRP",0.513250781159588,739.081124869807,0.500867754251996,240.416522040958,0.519444444444445,498.666666666667,1020,600,29280,0.588480222068008,847.411519777932,0.455301455301455,218.544698544699,0.655208333333333,629,120,780,55020,0.512144344205413,737.487855655795,0.490644490644491,235.509355509356,0.522916666666667,502,1320,540,28740,0.544760582928522,784.455239417071,0.457380457380458,219.54261954262,0.588541666666667,565,6420,9300,6420,0.467036780013879,672.532963219986,0.588357588357588,282.411642411642,0.40625,390,60,600,84660,0.475364330326162,684.524635669674,0.523908523908524,251.476091476092,0.451041666666667,433,5220,1080,37980,0.492019430950729,708.507980569049,0.490644490644491,235.509355509356,0.492708333333333,473,22.5,21.8,31.5,29.5396825396826
"2025-11-15 10:00:00|Monitor47.txt|08",8,"2025-11-15 10:00:00|Monitor47.txt",2025-11-15T10:00:00Z,2025-11-21T16:30:00Z,"OK","M","DGRP109","21.5C","Winter","NA","08:12","M47","Batch15_DGRP",0.591482467307025,851.734752922116,0.543908365150989,261.076015272475,0.615277777777778,590.666666666667,0,420,9420,0.723802914642609,1042.27619708536,0.723492723492724,347.276507276507,0.723958333333333,695,1020,360,64860,0.69882026370576,1006.30117973629,0.727650727650728,349.272349272349,0.684375,657,1020,720,43440,0.645385149201943,929.354614850798,0.602910602910603,289.397089397089,0.666666666666667,640,1500,420,29640,0.522553782095767,752.477446217904,0.490644490644491,235.509355509356,0.538541666666667,517,2460,660,68400,0.480916030534351,692.519083969466,0.313929313929314,150.686070686071,0.564583333333333,542,4080,720,65640,0.476058292852186,685.523941707148,0.401247401247401,192.598752598753,0.513541666666667,493,23.5,19.1843971631206,40,23.8416666666667
"2025-11-15 10:00:00|Monitor47.txt|09",9,"2025-11-15 10:00:00|Monitor47.txt",2025-11-15T10:00:00Z,2025-11-21T16:30:00Z,"OK","M","DGRP109","21.5C","Winter","NA","08:12","M47","Batch15_DGRP",0.55792153685916,803.40701307719,0.573412009718848,275.237764665047,0.550173611111111,528.166666666667,1620,480,31680,0.623178348369188,897.376821651631,0.607068607068607,291.392931392931,0.63125,606,780,300,31260,0.652324774462179,939.347675225538,0.663201663201663,318.336798336798,0.646875,621,1380,540,31740,0.684247050659264,985.315752949341,0.758835758835759,364.241164241164,0.646875,621,360,300,28200,0.385843164469119,555.614156835531,0.382536382536383,183.617463617464,0.3875,372,960,2700,30720,0.534351145038168,769.465648854962,0.567567567567568,272.432432432432,0.517708333333333,497,240,420,31860,0.467730742539903,673.53226925746,0.461538461538462,221.538461538462,0.470833333333333,452,22.8333333333333,21.5109489051095,35.3333333333333,25.9622641509434
"2025-11-15 10:00:00|Monitor47.txt|10",10,"2025-11-15 10:00:00|Monitor47.txt",2025-11-15T10:00:00Z,2025-11-21T16:30:00Z,"OK","M","DGRP109","21.5C","Winter","NA","08:12","M47","Batch15_DGRP",0.615322300659646,886.06411294989,0.734120097188476,352.377646650469,0.555902777777778,533.666666666667,120,300,4260,0.759195003469813,1093.24080499653,0.829521829521829,398.170478170478,0.723958333333333,695,12480,7440,83520,0.719639139486468,1036.28036086051,0.771309771309771,370.22869022869,0.69375,666,28080,1920,83340,0.696044413601666,1002.3039555864,0.856548856548857,411.143451143451,0.615625,591,13200,2040,33540,0.578070784177655,832.421929215822,0.733887733887734,352.266112266112,0.5,480,2220,300,33600,0.534351145038168,769.465648854962,0.69022869022869,331.309771309771,0.45625,438,5220,2160,28500,0.405968077723803,584.594031922276,0.525987525987526,252.474012474012,0.345833333333333,332,8,42.7916666666667,26.8333333333333,39.9627329192547
"2025-11-15 10:00:00|Monitor47.txt|11",11,"2025-11-15 10:00:00|Monitor47.txt",2025-11-15T10:00:00Z,2025-11-21T16:30:00Z,"OK","M","DGRP109","21.5C","Winter","NA","08:12","M47","Batch15_DGRP",0.681749797477144,981.719708367087,0.706004859423811,338.882332523429,0.669618055555556,642.833333333333,180,300,13680,0.706453851492019,1017.29354614851,0.667359667359667,320.33264033264,0.726041666666667,697,10080,2160,83400,0.728660652324775,1049.27133934768,0.748440748440749,359.251559251559,0.71875,690,16560,6480,26220,0.737682165163081,1062.26231783484,0.948024948024948,455.051975051975,0.632291666666667,607,2280,780,81000,0.580152671755725,835.419847328244,0.661122661122661,317.338877338877,0.539583333333333,518,1320,1140,33180,0.657876474670368,947.34212352533,0.56964656964657,273.430353430353,0.702083333333333,674,60,300,26340,0.680083275503123,979.319916724497,0.642411642411642,308.357588357588,0.698958333333333,671,20.1666666666667,22.3140495867769,42,22.4206349206349
"2025-11-15 10:00:00|Monitor47.txt|12",12,"2025-11-15 10:00:00|Monitor47.txt",2025-11-15T10:00:00Z,2025-11-21T16:30:00Z,"OK","M","DGRP109","21.5C","Winter","NA","08:12","M47","Batch15_DGRP",0.631061219766231,908.728156463372,0.675807011454356,324.387365498091,0.608680555555556,584.333333333333,0,24180,0,0.795975017349063,1146.20402498265,0.83991683991684,403.160083160083,0.773958333333333,743,11280,1500,36960,0.730048577376822,1051.26995142262,0.756756756756757,363.243243243243,0.716666666666667,688,9840,6120,33240,0.6911866759195,995.30881332408,0.787941787941788,378.212058212058,0.642708333333333,617,2760,2460,27180,0.562109646079112,809.437890353921,0.594594594594595,285.405405405405,0.545833333333333,524,2580,1920,30660,0.541984732824428,780.458015267176,0.62993762993763,302.370062370062,0.497916666666667,478,2640,360,29220,0.466342817487856,671.533657182512,0.449064449064449,215.550935550936,0.475,456,15.6666666666667,29.9574468085106,24.5,38.5714285714286
"2025-11-15 10:00:00|Monitor47.txt|14",14,"2025-11-15 10:00:00|Monitor47.txt",2025-11-15T10:00:00Z,2025-11-21T16:30:00Z,"OK","M","DGRP109","21.5C","Winter","NA","08:12","M47","Batch15_DGRP",0.883115380164333,1271.68614743664,0.901423116973273,432.683096147171,0.873958333333333,839,4680,4020,83580,0.910478834142956,1311.08952116586,0.794178794178794,381.205821205821,0.96875,930,26340,9060,35460,0.988202637057599,1423.01179736294,0.975051975051975,468.024948024948,0.994791666666667,955,5940,1260,35340,0.892435808466343,1285.10756419153,0.954261954261954,458.045738045738,0.861458333333333,827,3480,2400,83880,0.809854267869535,1166.19014573213,0.908523908523908,436.091476091476,0.760416666666667,730,14280,600,33300,0.89382373351839,1287.10617626648,0.958419958419958,460.04158004158,0.861458333333333,827,1140,540,12960,0.804302567661346,1158.19569743234,0.819126819126819,393.180873180873,0.796875,765,10.3333333333333,36.258064516129,32.3333333333333,31.6701030927836
"2025-11-15 10:00:00|Monitor47.txt|15",15,"2025-11-15 10:00:00|Monitor47.txt",2025-11-15T10:00:00Z,2025-11-21T16:30:00Z,"OK","M","DGRP109","21.5C","Winter","NA","08:12","M47","Batch15_DGRP",0.637889133202176,918.560351811133,0.661575841721624,317.55640402638,0.626041666666667,601,1140,900,46680,0.67175572519084,967.328244274809,0.652806652806653,313.347193347193,0.68125,654,120,9360,86100,0.693962526023595,999.306037473976,0.688149688149688,330.31185031185,0.696875,669,24480,360,84540,0.643997224149896,927.35600277585,0.762993762993763,366.237006237006,0.584375,561,16560,1020,35880,0.680777238029147,980.319222761971,0.711018711018711,341.288981288981,0.665625,639,360,1380,6240,0.579458709229702,834.42054129077,0.613305613305613,294.386694386694,0.5625,540,360,6660,360,0.557251908396947,802.442748091603,0.540540540540541,259.459459459459,0.565625,543,16.3333333333333,24.4591836734694,33.5,30.1741293532338
"2025-11-15 10:00:00|Monitor47.txt|16",16,"2025-11-15 10:00:00|Monitor47.txt",2025-11-15T10:00:00Z,2025-11-21T16:30:00Z,"OK","M","DGRP109","21.5C","Winter","NA","08:12","M47","Batch15_DGRP",0.606179840296262,872.898970026617,0.593891010065949,285.067684831656,0.612326388888889,587.833333333333,480,13860,480,0.732824427480916,1055.26717557252,0.802494802494803,385.197505197505,0.697916666666667,670,5160,9600,5160,0.689798750867453,993.310201249133,0.725571725571726,348.274428274428,0.671875,645,6660,3300,27120,0.557251908396947,802.442748091603,0.528066528066528,253.471933471934,0.571875,549,1380,1080,63840,0.45940319222762,661.540596807773,0.417879417879418,200.582120582121,0.480208333333333,461,2160,420,27180,0.533657182512144,768.466342817488,0.565488565488566,271.434511434512,0.517708333333333,497,1320,1440,30360,0.66412213740458,956.335877862595,0.523908523908524,251.476091476092,0.734375,705,19.8333333333333,24.8151260504202,46.3333333333333,19.6438848920863
"2025-11-15 10:00:00|Monitor47.txt|17",17,"2025-11-15 10:00:00|Monitor47.txt",2025-11-15T10:00:00Z,2025-11-21T16:30:00Z,"OK","M","DGRP109","21.5C","Winter","NA","08:12","M47","Batch15_DGRP",0.630135400995255,907.394977433168,0.635543214161749,305.06074279764,0.627430555555556,602.333333333333,0,360,14760,0.643303261623872,926.356696738376,0.69022869022869,331.309771309771,0.619791666666667,595,1680,900,43560,0.662040249826509,953.337959750174,0.652806652806653,313.347193347193,0.666666666666667,640,300,300,37740,0.71616932685635,1031.28383067314,0.744282744282744,357.255717255717,0.702083333333333,674,780,2340,37860,0.657876474670368,947.34212352533,0.731808731808732,351.268191268191,0.620833333333333,596,3300,600,64080,0.569049271339348,819.430950728661,0.482328482328482,231.517671517672,0.6125,588,1080,420,65160,0.53088133240805,764.469118667592,0.507276507276507,243.492723492724,0.542708333333333,521,27.1666666666667,18.0061349693251,43.3333333333333,21.0346153846154
"2025-11-15 10:00:00|Monitor47.txt|18",18,"2025-11-15 10:00:00|Monitor47.txt",2025-11-15T10:00:00Z,2025-11-21T16:30:00Z,"OK","M","DGRP109","21.5C","Winter","NA","08:12","M47","Batch15_DGRP",0.672375882421016,968.221270686263,0.732731690385283,351.711211384936,0.6421875,616.5,2340,300,34860,0.738376127689105,1063.26162387231,0.688149688149688,330.31185031185,0.763541666666667,733,660,2520,26700,0.759888965995836,1094.240111034,0.812889812889813,390.18711018711,0.733333333333333,704,8040,1080,26100,0.643997224149896,927.35600277585,0.827442827442827,397.172557172557,0.552083333333333,530,11400,900,26580,0.665510062456627,958.334489937543,0.77962577962578,374.220374220374,0.608333333333333,584,480,480,31260,0.660652324774462,951.339347675226,0.681912681912682,327.318087318087,0.65,624,1860,540,29100,0.566967383761277,816.433032616239,0.609147609147609,292.390852390852,0.545833333333333,524,24.6666666666667,21.9054054054054,39.6666666666667,21.6134453781513
"2025-11-15 10:00:00|Monitor47.txt|19",19,"2025-11-15 10:00:00|Monitor47.txt",2025-11-15T10:00:00Z,2025-11-21T16:30:00Z,"OK","M","DGRP109","21.5C","Winter","NA","08:12","M47","Batch15_DGRP",0.519037148478185,747.413493808587,0.533148212426241,255.911141964596,0.511979166666667,491.5,0,1320,30840,0.639833448993754,921.360166551006,0.694386694386694,333.305613305613,0.6125,588,2160,4260,29820,0.616932685634976,888.383067314365,0.638253638253638,306.361746361746,0.60625,582,8880,660,34140,0.485079805690493,698.51492019431,0.494802494802495,237.505197505198,0.480208333333333,461,3420,5280,3420,0.519777931991673,748.480222068008,0.507276507276507,243.492723492724,0.526041666666667,505,3660,1740,10920,0.457321304649549,658.542678695351,0.440748440748441,211.559251559252,0.465625,447,3300,300,8880,0.394864677307425,568.605135322693,0.422037422037422,202.577962577963,0.38125,366,12.3333333333333,34.972972972973,28.6666666666667,34.5697674418605
"2025-11-15 10:00:00|Monitor47.txt|20",20,"2025-11-15 10:00:00|Monitor47.txt",2025-11-15T10:00:00Z,2025-11-21T16:30:00Z,"OK","M","DGRP109","21.5C","Winter","NA","08:12","M47","Batch15_DGRP",0.591829649346141,852.234695058442,0.609857688302673,292.731690385283,0.5828125,559.5,0,660,83040,0.699514226231784,1007.30048577377,0.688149688149688,330.31185031185,0.705208333333333,677,10140,480,26940,0.643997224149896,927.35600277585,0.627858627858628,301.372141372141,0.652083333333333,626,13020,720,26100,0.612768910478834,882.387231089521,0.681912681912682,327.318087318087,0.578125,555,5400,3780,29940,0.580152671755725,835.419847328244,0.67983367983368,326.320166320166,0.530208333333333,509,1320,1440,80940,0.530187369882026,763.469812630118,0.444906444906445,213.555093555094,0.572916666666667,550,8280,360,28620,0.485773768216516,699.514226231784,0.540540540540541,259.459459459459,0.458333333333333,440,11.6666666666667,44.0142857142857,31.3333333333333,28.8670212765958
"2025-11-15 10:00:00|Monitor47.txt|22",22,"2025-11-15 10:00:00|Monitor47.txt",2025-11-15T10:00:00Z,2025-11-21T16:30:00Z,"OK","M","DGRP109","21.5C","Winter","NA","08:12","M47","Batch15_DGRP",0.918759402846893,1323.01354009953,0.930926761541131,446.844845539743,0.912673611111111,876.166666666667,1620,24060,1620,0.916724496877169,1320.08327550312,0.881496881496882,423.118503118503,0.934375,897,3840,360,4680,0.882026370575989,1270.11797362942,0.906444906444906,435.093555093555,0.869791666666667,835,3420,660,83280,0.923664122137404,1330.07633587786,0.920997920997921,442.079002079002,0.925,888,8280,17460,26280,0.937543372657876,1350.06245662734,0.979209979209979,470.02079002079,0.916666666666667,880,6720,480,45180,0.950728660652325,1369.04927133935,0.945945945945946,454.054054054054,0.953125,915,4860,300,26340,0.902151283830673,1299.09784871617,0.952182952182952,457.047817047817,0.877083333333333,842,7.66666666666667,71.6521739130435,25.8333333333333,33.283870967742
"2025-11-15 10:00:00|Monitor47.txt|23",23,"2025-11-15 10:00:00|Monitor47.txt",2025-11-15T10:00:00Z,2025-11-21T16:30:00Z,"OK","M","DGRP109","21.5C","Winter","NA","08:12","M47","Batch15_DGRP",0.694479805578058,1000.0509200324,0.769177368969108,369.205137105172,0.657118055555556,630.833333333333,180,300,13620,0.715475364330326,1030.28452463567,0.735966735966736,353.264033264033,0.705208333333333,677,1200,13560,84720,0.761276891047884,1096.23872310895,0.804573804573805,386.195426195426,0.739583333333333,710,26160,420,26640,0.815405968077724,1174.18459403192,0.864864864864865,415.135135135135,0.790625,759,10920,360,26160,0.695350451075642,1001.30464954892,0.810810810810811,389.189189189189,0.6375,612,12060,4380,26520,0.636363636363636,916.363636363636,0.771309771309771,370.22869022869,0.56875,546,1980,2760,26820,0.544066620402498,783.455933379598,0.62993762993763,302.370062370062,0.501041666666667,481,13,40.8333333333333,27.5,32.2121212121212
"2025-11-15 10:00:00|Monitor47.txt|24",24,"2025-11-15 10:00:00|Monitor47.txt",2025-11-15T10:00:00Z,2025-11-21T16:30:00Z,"OK","M","DGRP109","21.5C","Winter","NA","08:12","M47","Batch15_DGRP",0.686147436639278,988.05230876056,0.658104824713641,315.890315862548,0.700173611111111,672.166666666667,0,2340,54300,0.730048577376822,1051.26995142262,0.661122661122661,317.338877338877,0.764583333333333,734,6240,780,85260,0.690492713393477,994.309507286606,0.659043659043659,316.340956340956,0.70625,678,15360,360,83640,0.729354614850798,1050.27064538515,0.66943866943867,321.330561330561,0.759375,729,10860,8760,10860,0.720333102012491,1037.27966689799,0.744282744282744,357.255717255717,0.708333333333333,680,2400,3540,85560,0.669673837612769,964.330326162387,0.64033264033264,307.359667359667,0.684375,657,3900,360,28560,0.578070784177655,832.421929215822,0.577962577962578,277.422037422037,0.578125,555,14.5,30.6781609195402,33.5,28.9402985074627
"2025-11-15 10:00:00|Monitor47.txt|25",25,"2025-11-15 10:00:00|Monitor47.txt",2025-11-15T10:00:00Z,2025-11-21T16:30:00Z,"OK","M","DGRP109","21.5C","Winter","NA","08:12","M47","Batch15_DGRP",0.643328318481657,926.392778613586,0.807358556056925,387.532106907324,0.561284722222222,538.833333333333,0,9360,83760,0.696738376127689,1003.30326162387,0.85031185031185,408.149688149688,0.619791666666667,595,22680,360,83700,0.646079111727967,930.353920888272,0.713097713097713,342.286902286902,0.6125,588,21000,600,85320,0.666204024982651,959.333795975017,0.765072765072765,367.234927234927,0.616666666666667,592,33480,600,84120,0.646079111727967,930.353920888272,0.891891891891892,428.108108108108,0.522916666666667,502,23040,840,85380,0.601665510062457,866.398334489938,0.827442827442827,397.172557172557,0.488541666666667,469,20040,1140,42720,0.604441360166551,870.395558639834,0.798336798336798,383.201663201663,0.507291666666667,487,4.16666666666667,57.56,23,51.5144927536232
"2025-11-15 10:00:00|Monitor47.txt|26",26,"2025-11-15 10:00:00|Monitor47.txt",2025-11-15T10:00:00Z,2025-11-21T16:30:00Z,"OK","M","DGRP109","21.5C","Winter","NA","08:12","M47","Batch15_DGRP",0.630714037727115,908.228214327045,0.604304061089899,290.065949323152,0.643923611111111,618.166666666667,2760,1980,26940,0.64469118667592,928.355308813324,0.557172557172557,267.442827442828,0.688541666666667,661,540,900,31080,0.741151977793199,1067.25884802221,0.692307692307692,332.307692307692,0.765625,735,1920,840,25920,0.719639139486468,1036.28036086051,0.775467775467775,372.224532224532,0.691666666666667,664,6540,2580,26340,0.58292852185982,839.41707147814,0.571725571725572,274.428274428274,0.588541666666667,565,2940,2460,39120,0.57529493407356,828.424705065926,0.509355509355509,244.490644490645,0.608333333333333,584,660,420,66180,0.521859819569743,751.47814018043,0.523908523908524,251.476091476092,0.520833333333333,500,25.3333333333333,21.8421052631579,37.1666666666667,22.8430493273543
"2025-11-15 10:00:00|Monitor47.txt|27",27,"2025-11-15 10:00:00|Monitor47.txt",2025-11-15T10:00:00Z,2025-11-21T16:30:00Z,"OK","M","DGRP109","21.5C","Winter","NA","08:12","M47","Batch15_DGRP",0.706746904293485,1017.71554218262,0.792086081221798,380.201318986463,0.6640625,637.5,1440,1680,86340,0.70853573907009,1020.29146426093,0.733887733887734,352.266112266112,0.695833333333333,668,17880,1020,85320,0.795975017349063,1146.20402498265,0.873180873180873,419.126819126819,0.757291666666667,727,26160,15660,26160,0.775850104094379,1117.22414989591,0.983367983367983,472.016632016632,0.671875,645,2940,420,17340,0.683553088133241,984.316446911867,0.864864864864865,415.135135135135,0.592708333333333,569,2160,300,6060,0.528799444829979,761.47120055517,0.584199584199584,280.4158004158,0.501041666666667,481,60,1080,21840,0.747397640527412,1076.25260235947,0.711018711018711,341.288981288981,0.765625,735,19.5,19.0854700854701,50,20.22
"2025-11-15 10:00:00|Monitor47.txt|28",28,"2025-11-15 10:00:00|Monitor47.txt",2025-11-15T10:00:00Z,2025-11-21T16:30:00Z,"OK","M","DGRP109","21.5C","Winter","NA","08:12","M47","Batch15_DGRP",0.597847471357482,860.900358754774,0.623741756334606,299.396043040611,0.584895833333333,561.5,60,1740,17340,0.633587786259542,912.36641221374,0.67983367983368,326.320166320166,0.610416666666667,586,3840,6660,30540,0.653018736988203,940.346981263012,0.663201663201663,318.336798336798,0.647916666666667,622,1740,540,36480,0.63705759888966,917.36294240111,0.586278586278586,281.413721413721,0.6625,636,5880,660,27300,0.650936849410132,937.34906315059,0.715176715176715,343.284823284823,0.61875,594,6120,1860,83400,0.532269257460097,766.46773074254,0.532224532224532,255.467775467776,0.532291666666667,511,8460,1920,36540,0.481609993060375,693.51839000694,0.56964656964657,273.430353430353,0.4375,420,19.3333333333333,24.9137931034483,27.8333333333333,33.562874251497
"2025-11-15 10:00:00|Monitor47.txt|29",29,"2025-11-15 10:00:00|Monitor47.txt",2025-11-15T10:00:00Z,2025-11-21T16:30:00Z,"OK","M","DGRP109","21.5C","Winter","NA","08:12","M47","Batch15_DGRP",0.709177178567296,1021.21513713691,0.683790350572718,328.219368274905,0.721875,693,120,1020,4260,0.79736294240111,1148.2026370576,0.792099792099792,380.2079002079,0.8,768,1800,3660,26340,0.753643303261624,1085.24635669674,0.769230769230769,369.230769230769,0.745833333333333,716,60,420,6840,0.71616932685635,1031.28383067314,0.744282744282744,357.255717255717,0.702083333333333,674,960,2280,5700,0.694656488549618,1000.30534351145,0.665280665280665,319.334719334719,0.709375,681,1020,1860,12480,0.641221374045801,923.358778625954,0.561330561330561,269.43866943867,0.68125,654,1080,300,33900,0.651630811936156,938.348369188064,0.56964656964657,273.430353430353,0.692708333333333,665,19.3333333333333,25.3965517241379,43.5,20.8735632183908
"2025-11-15 10:00:00|Monitor47.txt|30",30,"2025-11-15 10:00:00|Monitor47.txt",2025-11-15T10:00:00Z,2025-11-21T16:30:00Z,"OK","M","DGRP109","21.5C","Winter","NA","08:12","M47","Batch15_DGRP",0.845388265247078,1217.35910195579,0.826102047900035,396.528982992017,0.855034722222222,820.833333333333,1260,660,28440,0.839000693962526,1208.16099930604,0.725571725571726,348.274428274428,0.895833333333333,860,1080,420,29160,0.875780707841777,1261.12421929216,0.854469854469854,410.14553014553,0.886458333333333,851,9540,720,84060,0.834142956280361,1201.16585704372,0.869022869022869,417.130977130977,0.816666666666667,784,19140,480,33180,0.844552394170715,1216.15544760583,0.804573804573805,386.195426195426,0.864583333333333,830,1560,3600,40980,0.785565579458709,1131.21443442054,0.823284823284823,395.176715176715,0.766666666666667,736,1200,1560,56640,0.89382373351839,1287.10617626648,0.881496881496882,423.118503118503,0.9,864,13.6666666666667,37.3048780487805,28.5,31.2280701754386
"2025-11-15 10:00:00|Monitor47.txt|31",31,"2025-11-15 10:00:00|Monitor47.txt",2025-11-15T10:00:00Z,2025-11-21T16:30:00Z,"OK","M","DGRP109","21.5C","Winter","NA","08:12","M47","Batch15_DGRP",0.825830343710219,1189.19569494272,0.785144047205831,376.869142658799,0.846180555555556,812.333333333333,2580,23100,33420,0.897293546148508,1292.10270645385,0.819126819126819,393.180873180873,0.936458333333333,899,3540,300,26100,0.888965995836225,1280.11103400416,0.83991683991684,403.160083160083,0.913541666666667,877,480,840,25860,0.888272033310201,1279.11172796669,0.958419958419958,460.04158004158,0.853125,819,4740,600,35160,0.779319916724497,1122.22068008328,0.733887733887734,352.266112266112,0.802083333333333,770,540,300,37500,0.677307425399028,975.322692574601,0.58004158004158,278.419958419958,0.726041666666667,697,3540,540,26280,0.82234559333796,1184.17765440666,0.775467775467775,372.224532224532,0.845833333333333,812,15,38.4444444444445,31.8333333333333,25.9947643979057
"2025-11-15 10:00:00|Monitor47.txt|32",32,"2025-11-15 10:00:00|Monitor47.txt",2025-11-15T10:00:00Z,2025-11-21T16:30:00Z,"OK","M","DGRP109","21.5C","Winter","NA","08:12","M47","Batch15_DGRP",0.536396250433978,772.410600624928,0.510239500173551,244.914960083304,0.549479166666667,527.5,0,420,15720,0.678001387925052,976.321998612075,0.706860706860707,339.293139293139,0.663541666666667,637,180,300,84960,0.637751561415684,918.362248438584,0.667359667359667,320.33264033264,0.622916666666667,598,10440,1800,31620,0.597501734906315,860.402498265094,0.627858627858628,301.372141372141,0.582291666666667,559,1980,960,30000,0.41707147814018,600.58292852186,0.465696465696466,223.534303534304,0.392708333333333,377,4500,300,32820,0.344205412907703,495.655794587092,0.22037422037422,105.779625779626,0.40625,390,1860,420,41160,0.543372657876475,782.456627342124,0.372141372141372,178.627858627859,0.629166666666667,604,18.3333333333333,25.0363636363636,30.6666666666667,30.9239130434783
"2025-11-15 10:00:00|Monitor48.txt|01",1,"2025-11-15 10:00:00|Monitor48.txt",2025-11-15T10:00:00Z,2025-11-21T16:30:00Z,"OK","M","DGRP129","21.5C","Winter","NA","08:12","M48","Batch15_DGRP",0.66728387918065,960.888786020137,0.491843110031239,236.084692814995,0.755034722222222,724.833333333333,4620,1740,44940,0.561415683553088,808.438584316447,0.386694386694387,185.613305613306,0.648958333333333,623,960,300,31500,0.668285912560722,962.331714087439,0.523908523908524,251.476091476092,0.740625,711,960,2520,31320,0.632893823733518,911.367106176267,0.482328482328482,231.517671517672,0.708333333333333,680,720,1680,30360,0.692574600971548,997.307425399029,0.515592515592516,247.484407484408,0.78125,750,3360,3600,30840,0.703678001387925,1013.29632199861,0.434511434511435,208.565488565489,0.838541666666667,805,3900,300,44460,0.744621790423317,1072.25537820958,0.609147609147609,292.390852390852,0.8125,780,17.6666666666667,27.811320754717,31.5,29.2962962962963
"2025-11-15 10:00:00|Monitor48.txt|02",2,"2025-11-15 10:00:00|Monitor48.txt",2025-11-15T10:00:00Z,2025-11-21T16:30:00Z,"OK","M","DGRP129","21.5C","Winter","NA","08:12","M48","Batch15_DGRP",0.863210276588358,1243.02279828724,0.78757375911142,378.035404373482,0.901041666666667,865,0,2220,26040,0.862595419847328,1242.13740458015,0.742203742203742,356.257796257796,0.922916666666667,886,1800,360,35640,0.892435808466343,1285.10756419153,0.819126819126819,393.180873180873,0.929166666666667,892,5820,3300,26040,0.884802220680083,1274.11519777932,0.808731808731809,388.191268191268,0.922916666666667,886,2700,2160,40380,0.864677307425399,1245.13532269257,0.846153846153846,406.153846153846,0.873958333333333,839,1020,7200,1020,0.829979181124219,1195.17002081888,0.692307692307692,332.307692307692,0.898958333333333,863,360,3360,39600,0.845246356696739,1217.1547536433,0.819126819126819,393.180873180873,0.858333333333333,824,21.3333333333333,25.9453125,29.3333333333333,28.7159090909091
"2025-11-15 10:00:00|Monitor48.txt|03",3,"2025-11-15 10:00:00|Monitor48.txt",2025-11-15T10:00:00Z,2025-11-21T16:30:00Z,"OK","M","DGRP129","21.5C","Winter","NA","08:12","M48","Batch15_DGRP",0.679550977896077,978.553408170351,0.632072197153766,303.394654633808,0.703298611111111,675.166666666667,0,1680,30360,0.664816099930604,957.335183900069,0.650727650727651,312.349272349272,0.671875,645,1500,6060,1500,0.686328938237335,988.313671061763,0.686070686070686,329.313929313929,0.686458333333333,659,840,420,36300,0.650242886884108,936.349757113116,0.646569646569647,310.35343035343,0.652083333333333,626,3120,360,29880,0.66412213740458,956.335877862595,0.615384615384615,295.384615384615,0.688541666666667,661,840,420,29220,0.6911866759195,995.30881332408,0.58004158004158,278.419958419958,0.746875,717,1200,2760,30240,0.721721027064539,1039.27827897294,0.617463617463617,296.382536382536,0.773958333333333,743,17.8333333333333,26.3457943925234,30.8333333333333,30.8702702702703
"2025-11-15 10:00:00|Monitor48.txt|04",4,"2025-11-15 10:00:00|Monitor48.txt",2025-11-15T10:00:00Z,2025-11-21T16:30:00Z,"OK","M","DGRP129","21.5C","Winter","NA","08:12","M48","Batch15_DGRP",0.783242680245342,1127.86945955329,0.721277334258938,346.21312044429,0.814236111111111,781.666666666667,120,840,41640,0.711311589174185,1024.28868841083,0.609147609147609,292.390852390852,0.7625,732,1140,660,37800,0.798056904927134,1149.20194309507,0.733887733887734,352.266112266112,0.830208333333333,797,600,3060,42360,0.798750867453158,1150.20124913255,0.715176715176715,343.284823284823,0.840625,807,480,2220,31440,0.791117279666898,1139.20888272033,0.748440748440749,359.251559251559,0.8125,780,1320,1080,38760,0.762664816099931,1098.2373351839,0.74012474012474,355.259875259875,0.773958333333333,743,1920,300,31680,0.838306731436503,1207.16169326856,0.783783783783784,376.216216216216,0.865625,831,23.1666666666667,20.3741007194245,38.3333333333333,24.3913043478261
"2025-11-15 10:00:00|Monitor48.txt|05",5,"2025-11-15 10:00:00|Monitor48.txt",2025-11-15T10:00:00Z,2025-11-21T16:30:00Z,"OK","M","DGRP129","21.5C","Winter","NA","08:12","M48","Batch15_DGRP",0.838560351811133,1207.52690660803,0.736202707393266,353.377299548768,0.889756944444445,854.166666666667,1200,5040,40260,0.850798056904927,1225.1492019431,0.787941787941788,378.212058212058,0.882291666666667,847,900,3780,28080,0.868841082581541,1251.13115891742,0.748440748440749,359.251559251559,0.929166666666667,892,4080,1140,27300,0.826509368494101,1190.17349063151,0.713097713097713,342.286902286902,0.883333333333333,848,3300,2640,45780,0.79736294240111,1148.2026370576,0.681912681912682,327.318087318087,0.855208333333333,821,7020,7320,82800,0.798750867453158,1150.20124913255,0.686070686070686,329.313929313929,0.855208333333333,821,10800,1380,29880,0.889659958362248,1281.11034004164,0.802494802494803,385.197505197505,0.933333333333333,896,14.3333333333333,39.8488372093023,19.3333333333333,43.9310344827586
"2025-11-15 10:00:00|Monitor48.txt|06",6,"2025-11-15 10:00:00|Monitor48.txt",2025-11-15T10:00:00Z,2025-11-21T16:30:00Z,"OK","M","DGRP129","21.5C","Winter","NA","08:12","M48","Batch15_DGRP",0.688346256220345,991.218608957297,0.668170774036793,320.721971537661,0.6984375,670.5,60,1200,41520,0.74323386537127,1070.25676613463,0.686070686070686,329.313929313929,0.771875,741,4140,3660,31320,0.702984038861901,1012.29701596114,0.706860706860707,339.293139293139,0.701041666666667,673,360,900,30420,0.691880638445524,996.308119361555,0.661122661122661,317.338877338877,0.707291666666667,679,240,420,82080,0.614850798056905,885.385149201943,0.565488565488566,271.434511434512,0.639583333333333,614,9360,420,85440,0.717557251908397,1033.28244274809,0.717255717255717,344.282744282744,0.717708333333333,689,9120,840,33840,0.660652324774462,951.339347675226,0.675675675675676,324.324324324324,0.653125,627,26,16.7564102564103,34.1666666666667,28.3707317073171
"2025-11-15 10:00:00|Monitor48.txt|07",7,"2025-11-15 10:00:00|Monitor48.txt",2025-11-15T10:00:00Z,2025-11-21T16:30:00Z,"OK","M","DGRP129","21.5C","Winter","NA","08:12","M48","Batch15_DGRP",0.796319870385372,1146.70061335494,0.695244706699063,333.71745921555,0.846875,813,60,1320,31620,0.789729354614851,1137.21027064539,0.738045738045738,354.261954261954,0.815625,783,3660,4740,32280,0.793199167244969,1142.20680083276,0.706860706860707,339.293139293139,0.836458333333333,803,1260,5220,34080,0.803608605135323,1157.19639139486,0.731808731808732,351.268191268191,0.839583333333333,806,0,540,29160,0.778625954198473,1121.2213740458,0.646569646569647,310.35343035343,0.844791666666667,811,7560,1380,28140,0.798750867453158,1150.20124913255,0.656964656964657,315.343035343035,0.869791666666667,835,2820,300,28380,0.8147120055517,1173.18528799445,0.694386694386694,333.305613305613,0.875,840,20.3333333333333,28.1639344262295,21.5,39.4418604651163
"2025-11-15 10:00:00|Monitor48.txt|08",8,"2025-11-15 10:00:00|Monitor48.txt",2025-11-15T10:00:00Z,2025-11-21T16:30:00Z,"OK","M","DGRP129","21.5C","Winter","NA","08:12","M48","Batch15_DGRP",0.62446476102303,899.229255873163,0.432835820895522,207.761194029851,0.7203125,691.5,2340,300,13200,0.612768910478834,882.387231089521,0.46985446985447,225.530145530146,0.684375,657,120,1500,37860,0.639139486467731,920.360860513532,0.503118503118503,241.496881496882,0.707291666666667,679,600,1380,36960,0.601665510062457,866.398334489938,0.353430353430353,169.64656964657,0.726041666666667,697,2040,1920,36900,0.616238723108952,887.383761276891,0.347193347193347,166.652806652807,0.751041666666667,721,3480,360,38340,0.628036086051353,904.371963913949,0.505197505197505,242.494802494803,0.689583333333333,662,2700,300,35460,0.648160999306037,933.351839000694,0.417879417879418,200.582120582121,0.763541666666667,733,19.3333333333333,24.2931034482759,34.3333333333333,27.4466019417476
"2025-11-15 10:00:00|Monitor48.txt|09",9,"2025-11-15 10:00:00|Monitor48.txt",2025-11-15T10:00:00Z,2025-11-21T16:30:00Z,"OK","M","DGRP129","21.5C","Winter","NA","08:12","M48","Batch15_DGRP",0.747714384909154,1076.70871426918,0.716070808746963,343.713988198542,0.763541666666667,733,0,3720,8880,0.706453851492019,1017.29354614851,0.677754677754678,325.322245322245,0.720833333333333,692,5520,300,27600,0.737682165163081,1062.26231783484,0.69022869022869,331.309771309771,0.761458333333333,731,3960,8520,29880,0.767522553782096,1105.23247744622,0.721413721413721,346.278586278586,0.790625,759,120,7500,81960,0.755725190839695,1088.24427480916,0.708939708939709,340.29106029106,0.779166666666667,748,13200,300,83580,0.802914642609299,1156.19708535739,0.758835758835759,364.241164241164,0.825,792,7020,1440,33480,0.716863289382373,1032.28313671062,0.742203742203742,356.257796257796,0.704166666666667,676,15,29.6,27.1666666666667,35.8957055214724
"2025-11-15 10:00:00|Monitor48.txt|10",10,"2025-11-15 10:00:00|Monitor48.txt",2025-11-15T10:00:00Z,2025-11-21T16:30:00Z,"OK","M","DGRP129","21.5C","Winter","NA","08:12","M48","Batch15_DGRP",0.646221502140956,930.558963082976,0.537660534536619,258.077056577577,0.700520833333333,672.5,2700,1500,38040,0.504510756419153,726.495489243581,0.428274428274428,205.571725571726,0.542708333333333,521,240,360,35160,0.662734212352533,954.337265787647,0.567567567567568,272.432432432432,0.710416666666667,682,3900,3180,30600,0.663428174878557,955.336571825121,0.555093555093555,266.444906444906,0.717708333333333,689,8760,660,31380,0.704371963913949,1014.29562803609,0.634095634095634,304.365904365904,0.739583333333333,710,480,2580,31200,0.661346287300486,952.338653712699,0.538461538461538,258.461538461539,0.722916666666667,694,540,3060,31320,0.68147120055517,981.318528799445,0.505197505197505,242.494802494803,0.769791666666667,739,21.8333333333333,21.9465648854962,37.6666666666667,24.9690265486726
"2025-11-15 10:00:00|Monitor48.txt|11",11,"2025-11-15 10:00:00|Monitor48.txt",2025-11-15T10:00:00Z,2025-11-21T16:30:00Z,"OK","M","DGRP129","21.5C","Winter","NA","08:12","M48","Batch15_DGRP",0.740423562087721,1066.20992940632,0.604304061089899,290.065949323152,0.808506944444445,776.166666666667,0,2040,30480,0.739764052741152,1065.26023594726,0.675675675675676,324.324324324324,0.771875,741,780,780,37140,0.741845940319223,1068.25815405968,0.652806652806653,313.347193347193,0.786458333333333,755,8880,360,33120,0.728660652324775,1049.27133934768,0.61954261954262,297.380457380457,0.783333333333333,752,10020,1020,36300,0.780707841776544,1124.21929215822,0.644490644490645,309.355509355509,0.848958333333333,815,3120,600,36840,0.711311589174185,1024.28868841083,0.546777546777547,262.453222453222,0.79375,762,7680,960,31560,0.741151977793199,1067.25884802221,0.490644490644491,235.509355509356,0.866666666666667,832,22.1666666666667,18.390977443609,26.8333333333333,37.6583850931677
"2025-11-15 10:00:00|Monitor48.txt|12",12,"2025-11-15 10:00:00|Monitor48.txt",2025-11-15T10:00:00Z,2025-11-21T16:30:00Z,"OK","M","DGRP129","21.5C","Winter","NA","08:12","M48","Batch15_DGRP",0.821895613933572,1183.52968406434,0.732384588684485,351.544602568553,0.866666666666667,832,0,2160,51840,0.810548230395559,1167.1894517696,0.814968814968815,391.185031185031,0.808333333333333,776,2640,5280,30060,0.818875780707842,1179.18112421929,0.777546777546778,373.222453222453,0.839583333333333,806,840,3420,38640,0.816793893129771,1176.18320610687,0.725571725571726,348.274428274428,0.8625,828,3900,2100,28500,0.858431644691187,1236.14156835531,0.738045738045738,354.261954261954,0.91875,882,8340,8100,28980,0.82234559333796,1184.17765440666,0.694386694386694,333.305613305613,0.886458333333333,851,2880,720,28620,0.80499653018737,1159.19500346981,0.646569646569647,310.35343035343,0.884375,849,20.8333333333333,24.64,28.6666666666667,31.546511627907
"2025-11-15 10:00:00|Monitor48.txt|14",14,"2025-11-15 10:00:00|Monitor48.txt",2025-11-15T10:00:00Z,2025-11-21T16:30:00Z,"OK","M","DGRP129","21.5C","Winter","NA","08:12","M48","Batch15_DGRP",0.729892373567874,1051.04501793774,0.671294689343978,322.221450885109,0.759201388888889,728.833333333333,0,720,32460,0.718945176960444,1035.28105482304,0.69022869022869,331.309771309771,0.733333333333333,704,1560,13500,81120,0.711311589174185,1024.28868841083,0.727650727650728,349.272349272349,0.703125,675,13920,420,31260,0.743927827897294,1071.2560721721,0.688149688149688,330.31185031185,0.771875,741,900,11760,900,0.687716863289382,990.312283136711,0.661122661122661,317.338877338877,0.701041666666667,673,60,10200,30420,0.776544066620403,1118.22345593338,0.681912681912682,327.318087318087,0.823958333333333,791,8400,780,32700,0.741151977793199,1067.25884802221,0.58004158004158,278.419958419958,0.821875,789,15.1666666666667,27.8461538461539,30.3333333333333,33.0384615384615
"2025-11-15 10:00:00|Monitor48.txt|15",15,"2025-11-15 10:00:00|Monitor48.txt",2025-11-15T10:00:00Z,2025-11-21T16:30:00Z,"OK","M","DGRP129","21.5C","Winter","NA","08:12","M48","Batch15_DGRP",0.76056012035644,1095.20657331327,0.718153418951753,344.713641096841,0.781770833333333,750.5,0,480,52200,0.690492713393477,994.309507286606,0.617463617463617,296.382536382536,0.727083333333333,698,480,1320,37500,0.782095766828591,1126.21790423317,0.783783783783784,376.216216216216,0.78125,750,300,300,66720,0.774462179042332,1115.22553782096,0.748440748440749,359.251559251559,0.7875,756,360,1800,60720,0.777238029146426,1119.22276197085,0.694386694386694,333.305613305613,0.81875,786,240,1380,32460,0.761276891047884,1096.23872310895,0.762993762993763,366.237006237006,0.760416666666667,730,780,1260,45660,0.777238029146426,1119.22276197085,0.700623700623701,336.299376299376,0.815625,783,32.6666666666667,14.3469387755102,48.3333333333333,18.7103448275862
"2025-11-15 10:00:00|Monitor48.txt|16",16,"2025-11-15 10:00:00|Monitor48.txt",2025-11-15T10:00:00Z,2025-11-21T16:30:00Z,"OK","M","DGRP129","21.5C","Winter","NA","08:12","M48","Batch15_DGRP",0.63754195116306,918.060409674806,0.556751128080528,267.240541478653,0.677951388888889,650.833333333333,0,840,34380,0.451075641915337,649.548924358085,0.41995841995842,201.580041580042,0.466666666666667,448,1980,480,67380,0.616932685634976,888.383067314365,0.553014553014553,265.446985446986,0.648958333333333,623,2460,8220,32400,0.688410825815406,991.311589174185,0.575883575883576,276.424116424116,0.744791666666667,715,2640,2280,31080,0.711311589174185,1024.28868841083,0.575883575883576,276.424116424116,0.779166666666667,748,5220,2580,29160,0.656488549618321,945.343511450382,0.548856548856549,263.451143451143,0.710416666666667,682,3000,420,4080,0.702290076335878,1011.29770992366,0.671517671517672,322.328482328482,0.717708333333333,689,22.5,20.1925925925926,27.5,35.2545454545455
"2025-11-15 10:00:00|Monitor48.txt|17",17,"2025-11-15 10:00:00|Monitor48.txt",2025-11-15T10:00:00Z,2025-11-21T16:30:00Z,"OK","M","DGRP129","21.5C","Winter","NA","08:12","M48","Batch15_DGRP",0.785557227172781,1131.2024071288,0.594238111766748,285.234293648039,0.88125,846,540,1680,30480,0.734906315058987,1058.26509368494,0.553014553014553,265.446985446986,0.826041666666667,793,1560,420,76800,0.78764746703678,1134.21235253296,0.615384615384615,295.384615384615,0.873958333333333,839,5700,840,30360,0.806384455239417,1161.19361554476,0.588357588357588,282.411642411642,0.915625,879,3960,2340,29580,0.806384455239417,1161.19361554476,0.61954261954262,297.380457380457,0.9,864,9300,1680,37200,0.748091603053435,1077.25190839695,0.563409563409563,270.43659043659,0.840625,807,6420,2880,29340,0.830673143650243,1196.16932685635,0.62993762993763,302.370062370062,0.93125,894,22.1666666666667,18.8195488721805,25,39.96
"2025-11-15 10:00:00|Monitor48.txt|18",18,"2025-11-15 10:00:00|Monitor48.txt",2025-11-15T10:00:00Z,2025-11-21T16:30:00Z,"OK","M","DGRP129","21.5C","Winter","NA","08:12","M48","Batch15_DGRP",0.750954750607569,1081.3748408749,0.68344324887192,328.052759458521,0.784722222222222,753.333333333333,0,480,39600,0.640527411519778,922.35947258848,0.590436590436591,283.409563409563,0.665625,639,240,3360,83760,0.748785565579459,1078.25121443442,0.706860706860707,339.293139293139,0.769791666666667,739,14340,360,31980,0.793893129770992,1143.20610687023,0.765072765072765,367.234927234927,0.808333333333333,776,9000,300,29280,0.782789729354615,1127.21721027065,0.72972972972973,350.27027027027,0.809375,777,2340,6480,29820,0.750173490631506,1080.24982650937,0.623700623700624,299.376299376299,0.813541666666667,781,6360,900,30300,0.789729354614851,1137.21027064539,0.686070686070686,329.313929313929,0.841666666666667,808,15.1666666666667,26.9450549450549,20.8333333333333,48.816
"2025-11-15 10:00:00|Monitor48.txt|19",19,"2025-11-15 10:00:00|Monitor48.txt",2025-11-15T10:00:00Z,2025-11-21T16:30:00Z,"OK","M","DGRP129","21.5C","Winter","NA","08:12","M48","Batch15_DGRP",0.765189214211318,1101.8724684643,0.632072197153766,303.394654633808,0.831770833333333,798.5,420,720,55440,0.78764746703678,1134.21235253296,0.652806652806653,313.347193347193,0.855208333333333,821,3120,600,30840,0.808466342817488,1164.19153365718,0.677754677754678,325.322245322245,0.873958333333333,839,4500,1500,29640,0.772380291464261,1112.22761970854,0.621621621621622,298.378378378378,0.847916666666667,814,180,2640,30600,0.734906315058987,1058.26509368494,0.642411642411642,308.357588357588,0.78125,750,1860,360,30960,0.773074253990285,1113.22692574601,0.646569646569647,310.35343035343,0.836458333333333,803,2040,2400,29580,0.715475364330326,1030.28452463567,0.555093555093555,266.444906444906,0.795833333333333,764,21.5,21.6666666666667,27.3333333333333,34.359756097561
"2025-11-15 10:00:00|Monitor48.txt|20",20,"2025-11-15 10:00:00|Monitor48.txt",2025-11-15T10:00:00Z,2025-11-21T16:30:00Z,"OK","M","DGRP129","21.5C","Winter","NA","08:12","M48","Batch15_DGRP",0.604328202754311,870.232611966208,0.610204790003471,292.898299201666,0.601388888888889,577.333333333333,780,1740,83280,0.49618320610687,714.503816793893,0.546777546777547,262.453222453222,0.470833333333333,452,4080,1980,83280,0.537126995142262,773.462873004858,0.582120582120582,279.417879417879,0.514583333333333,494,7800,360,38520,0.579458709229702,834.42054129077,0.561330561330561,269.43866943867,0.588541666666667,565,4620,3480,36720,0.622484385843165,896.377515614157,0.58004158004158,278.419958419958,0.64375,618,5460,1620,33240,0.675225537820958,972.324774462179,0.681912681912682,327.318087318087,0.671875,645,6180,2040,32940,0.716863289382373,1032.28313671062,0.713097713097713,342.286902286902,0.71875,690,25.1666666666667,17.8940397350993,26,37.1923076923077
"2025-11-15 10:00:00|Monitor48.txt|21",21,"2025-11-15 10:00:00|Monitor48.txt",2025-11-15T10:00:00Z,2025-11-21T16:30:00Z,"OK","M","DGRP129","21.5C","Winter","NA","08:12","M48","Batch15_DGRP",0.688693438259461,991.718551093623,0.620964942728219,298.063172509545,0.722569444444445,693.666666666667,0,420,83280,0.619014573213047,891.380985426787,0.571725571725572,274.428274428274,0.642708333333333,617,2220,2160,34320,0.730742539902845,1052.2692574601,0.698544698544699,335.301455301455,0.746875,717,2460,540,40020,0.702984038861901,1012.29701596114,0.611226611226611,293.388773388773,0.748958333333333,719,5280,2460,30600,0.684247050659264,985.315752949341,0.621621621621622,298.378378378378,0.715625,687,3300,1800,37380,0.680777238029147,980.319222761971,0.636174636174636,305.363825363825,0.703125,675,960,600,34680,0.715475364330326,1030.28452463567,0.590436590436591,283.409563409563,0.778125,747,17.6666666666667,26.377358490566,32.8333333333333,28.9593908629442
"2025-11-15 10:00:00|Monitor48.txt|24",24,"2025-11-15 10:00:00|Monitor48.txt",2025-11-15T10:00:00Z,2025-11-21T16:30:00Z,"OK","M","DGRP129","21.5C","Winter","NA","08:12","M48","Batch15_DGRP",0.757204027311654,1090.37379932878,0.649427282193683,311.725095452968,0.811111111111111,778.666666666667,60,960,34320,0.687022900763359,989.312977099237,0.511434511434512,245.488565488566,0.775,744,6540,480,31740,0.755725190839695,1088.24427480916,0.681912681912682,327.318087318087,0.792708333333333,761,1680,2820,30120,0.746703678001388,1075.253296322,0.67983367983368,326.320166320166,0.780208333333333,749,2880,900,29340,0.759195003469813,1093.24080499653,0.694386694386694,333.305613305613,0.791666666666667,760,2400,3900,31560,0.795975017349063,1146.20402498265,0.654885654885655,314.345114345114,0.866666666666667,832,3060,780,32280,0.799444829979181,1151.20055517002,0.677754677754678,325.322245322245,0.860416666666667,826,19.3333333333333,23.551724137931,29.3333333333333,32.6079545454545
"2025-11-15 10:00:00|Monitor48.txt|25",25,"2025-11-15 10:00:00|Monitor48.txt",2025-11-15T10:00:00Z,2025-11-21T16:30:00Z,"OK","M","DGRP129","21.5C","Winter","NA","08:12","M48","Batch15_DGRP",0.732438375188057,1054.7112602708,0.686220062478306,329.385629989587,0.755555555555556,725.333333333333,0,480,33060,0.663428174878557,955.336571825121,0.596673596673597,286.403326403326,0.696875,669,1380,3780,85980,0.719639139486468,1036.28036086051,0.671517671517672,322.328482328482,0.74375,714,11220,360,30480,0.761276891047884,1096.23872310895,0.727650727650728,349.272349272349,0.778125,747,8820,4680,85200,0.732824427480916,1055.26717557252,0.733887733887734,352.266112266112,0.732291666666667,703,6120,1020,80820,0.766828591256072,1104.23317140874,0.686070686070686,329.313929313929,0.807291666666667,775,9840,1500,41400,0.751561415683553,1082.24843858432,0.704781704781705,338.295218295218,0.775,744,19.1666666666667,20.2434782608696,31,33.3440860215054
"2025-11-15 10:00:00|Monitor48.txt|26",26,"2025-11-15 10:00:00|Monitor48.txt",2025-11-15T10:00:00Z,2025-11-21T16:30:00Z,"OK","M","DGRP129","21.5C","Winter","NA","08:12","M48","Batch15_DGRP",0.748871658372874,1078.37518805694,0.672683096147171,322.887886150642,0.786979166666667,755.5,0,600,36540,0.69882026370576,1006.30117973629,0.66943866943867,321.330561330561,0.713541666666667,685,1620,300,2400,0.773768216516308,1114.22623178348,0.667359667359667,320.33264033264,0.827083333333333,794,6420,3840,29520,0.79528105482304,1145.20471894518,0.725571725571726,348.274428274428,0.830208333333333,797,3480,480,4260,0.71616932685635,1031.28383067314,0.69022869022869,331.309771309771,0.729166666666667,700,660,480,84420,0.755725190839695,1088.24427480916,0.617463617463617,296.382536382536,0.825,792,3960,720,30720,0.753643303261624,1085.24635669674,0.667359667359667,320.33264033264,0.796875,765,19,23.7543859649123,29,33.3735632183908
"2025-11-15 10:00:00|Monitor48.txt|27",27,"2025-11-15 10:00:00|Monitor48.txt",2025-11-15T10:00:00Z,2025-11-21T16:30:00Z,"OK","M","DGRP129","21.5C","Winter","NA","08:12","M48","Batch15_DGRP",0.806156694826988,1160.86564055086,0.763970843457133,366.706004859424,0.827256944444445,794.166666666667,0,2220,48780,0.770992366412214,1110.22900763359,0.72972972972973,350.27027027027,0.791666666666667,760,2160,360,46980,0.814018043025677,1172.18598195697,0.752598752598753,361.247401247401,0.844791666666667,811,180,300,34980,0.748785565579459,1078.25121443442,0.742203742203742,356.257796257796,0.752083333333333,722,960,360,60480,0.816793893129771,1176.18320610687,0.756756756756757,363.243243243243,0.846875,813,1380,960,33480,0.8147120055517,1173.18528799445,0.821205821205821,394.178794178794,0.811458333333333,779,0,2880,32580,0.871616932685635,1255.12838306731,0.781704781704782,375.218295218295,0.916666666666667,880,24.3333333333333,20.5890410958904,42.6666666666667,20.96875
"2025-11-15 10:00:00|Monitor48.txt|28",28,"2025-11-15 10:00:00|Monitor48.txt",2025-11-15T10:00:00Z,2025-11-21T16:30:00Z,"OK","M","DGRP129","21.5C","Winter","NA","08:12","M48","Batch15_DGRP",0.832195347760676,1198.36130077537,0.744186046511628,357.209302325581,0.876215277777778,841.166666666667,900,420,32340,0.766828591256072,1104.23317140874,0.590436590436591,283.409563409563,0.855208333333333,821,1020,4860,31140,0.816099930603748,1175.1839000694,0.688149688149688,330.31185031185,0.880208333333333,845,7980,1980,26280,0.852185981956975,1227.14781401804,0.804573804573805,386.195426195426,0.876041666666667,841,9420,1140,26520,0.877862595419847,1264.12213740458,0.833679833679834,400.16632016632,0.9,864,3720,660,26340,0.830673143650243,1196.16932685635,0.758835758835759,364.241164241164,0.866666666666667,832,5040,300,29580,0.850104094378904,1224.14989590562,0.792099792099792,380.2079002079,0.879166666666667,844,21.5,25.6899224806202,22.8333333333333,37.6350364963504
"2025-11-15 10:00:00|Monitor48.txt|29",29,"2025-11-15 10:00:00|Monitor48.txt",2025-11-15T10:00:00Z,2025-11-21T16:30:00Z,"OK","M","DGRP129","21.5C","Winter","NA","08:12","M48","Batch15_DGRP",0.727114917254947,1047.04548084712,0.717112113849358,344.213814647692,0.732118055555556,702.833333333333,0,1740,42720,0.718251214434421,1034.28174878557,0.713097713097713,342.286902286902,0.720833333333333,692,120,5760,31620,0.734906315058987,1058.26509368494,0.742203742203742,356.257796257796,0.73125,702,8520,420,82860,0.718945176960444,1035.28105482304,0.752598752598753,361.247401247401,0.702083333333333,674,7200,5160,86400,0.705065926439972,1015.29493407356,0.738045738045738,354.261954261954,0.688541666666667,661,0,5640,30540,0.724496877168633,1043.27550312283,0.677754677754678,325.322245322245,0.747916666666667,718,540,660,31320,0.761276891047884,1096.23872310895,0.67983367983368,326.320166320166,0.802083333333333,770,17.5,26.7904761904762,27.8333333333333,34.1616766467066
"2025-11-15 10:00:00|Monitor48.txt|30",30,"2025-11-15 10:00:00|Monitor48.txt",2025-11-15T10:00:00Z,2025-11-21T16:30:00Z,"OK","M","DGRP129","21.5C","Winter","NA","08:12","M48","Batch15_DGRP",0.814836245804884,1173.36419395903,0.751822283929191,360.874696286012,0.846354166666667,812.5,0,2520,80400,0.791811242192922,1140.20818875781,0.731808731808732,351.268191268191,0.821875,789,9240,360,80520,0.820957668285913,1182.17904233171,0.796257796257796,382.203742203742,0.833333333333333,800,8340,3540,38520,0.809160305343512,1165.19083969466,0.785862785862786,377.214137214137,0.820833333333333,788,420,11400,420,0.826509368494101,1190.17349063151,0.771309771309771,370.22869022869,0.854166666666667,820,3120,360,39360,0.820263705759889,1181.17973629424,0.748440748440749,359.251559251559,0.85625,822,960,2640,33480,0.820957668285913,1182.17904233171,0.67983367983368,326.320166320166,0.891666666666667,856,15,27.9555555555556,30.1666666666667,32.767955801105
"2025-11-15 10:00:00|Monitor48.txt|31",31,"2025-11-15 10:00:00|Monitor48.txt",2025-11-15T10:00:00Z,2025-11-21T16:30:00Z,"OK","M","DGRP129","21.5C","Winter","NA","08:12","M48","Batch15_DGRP",0.781506770049763,1125.36974887166,0.699062825407845,335.550156195765,0.822743055555556,789.833333333333,120,2640,3300,0.696044413601666,1002.3039555864,0.727650727650728,349.272349272349,0.680208333333333,653,600,1800,77520,0.796668979875087,1147.20333102013,0.713097713097713,342.286902286902,0.838541666666667,805,2760,1080,37260,0.732130464954892,1054.26786953505,0.661122661122661,317.338877338877,0.767708333333333,737,540,840,38280,0.816793893129771,1176.18320610687,0.727650727650728,349.272349272349,0.861458333333333,827,60,360,49020,0.819569743233865,1180.18043025677,0.694386694386694,333.305613305613,0.882291666666667,847,1380,420,60840,0.827203331020125,1191.17279666898,0.66943866943867,321.330561330561,0.90625,870,23,20.8550724637681,32.1666666666667,28.7668393782384
"2025-11-15 10:00:00|Monitor48.txt|32",32,"2025-11-15 10:00:00|Monitor48.txt",2025-11-15T10:00:00Z,2025-11-21T16:30:00Z,"OK","M","DGRP129","21.5C","Winter","NA","08:12","M48","Batch15_DGRP",0.781738224742507,1125.70304362921,0.749045470322805,359.541825754946,0.798090277777778,766.166666666667,0,1500,40080,0.720333102012491,1037.27966689799,0.648648648648649,311.351351351351,0.75625,726,960,1080,55140,0.784177654406662,1129.21582234559,0.746361746361746,358.253638253638,0.803125,771,1020,720,28740,0.789035392088827,1136.21096460791,0.794178794178794,381.205821205821,0.786458333333333,755,120,1560,31020,0.792505204718945,1141.20749479528,0.742203742203742,356.257796257796,0.817708333333333,785,1020,420,64020,0.807772380291464,1163.19222761971,0.762993762993763,366.237006237006,0.830208333333333,797,420,1200,45480,0.796668979875087,1147.20333102013,0.8004158004158,384.199584199584,0.794791666666667,763,24.3333333333333,20.958904109589,39,22.7307692307692
"2025-11-15 10:00:00|Monitor49.txt|01",1,"2025-11-15 10:00:00|Monitor49.txt",2025-11-15T10:00:00Z,2025-11-21T16:30:00Z,"OK","M","DGRP142","21.5C","Winter","NA","08:12","M49","Batch15_DGRP",0.68093970605254,980.553176715658,0.571676501214856,274.404720583131,0.735590277777778,706.166666666667,2760,420,63660,0.470506592643997,677.529493407356,0.313929313929314,150.686070686071,0.548958333333333,527,2160,1080,67140,0.680083275503123,979.319916724497,0.615384615384615,295.384615384615,0.7125,684,2400,600,56940,0.711311589174185,1024.28868841083,0.553014553014553,265.446985446986,0.790625,759,1800,360,56700,0.775850104094379,1117.22414989591,0.64033264033264,307.359667359667,0.84375,810,600,420,75300,0.726578764746704,1046.27342123525,0.675675675675676,324.324324324324,0.752083333333333,722,120,600,68520,0.721721027064539,1039.27827897294,0.634095634095634,304.365904365904,0.765625,735,38.6666666666667,12.0991379310345,42.1666666666667,21.9604743083004
"2025-11-15 10:00:00|Monitor49.txt|02",2,"2025-11-15 10:00:00|Monitor49.txt",2025-11-15T10:00:00Z,2025-11-21T16:30:00Z,"OK","M","DGRP142","21.5C","Winter","NA","08:12","M49","Batch15_DGRP",0.399143617636848,574.766809397061,0.162790697674419,78.1395348837209,0.517361111111111,496.666666666667,5220,480,60840,0.475364330326162,684.524635669674,0.282744282744283,135.717255717256,0.571875,549,5400,360,77700,0.619014573213047,891.380985426787,0.264033264033264,126.735966735967,0.796875,765,16560,420,42960,0.402498265093685,579.597501734906,0.101871101871102,48.8981288981289,0.553125,531,4440,420,51360,0.342817487855656,493.657182512144,0.0977130977130977,46.9022869022869,0.465625,447,180,360,44760,0.256072172102706,368.743927827897,0.124740124740125,59.8752598752599,0.321875,309,180,420,46560,0.297709923664122,428.702290076336,0.103950103950104,49.8960498960499,0.394791666666667,379,21,19.3888888888889,54,18.4074074074074
"2025-11-15 10:00:00|Monitor49.txt|03",3,"2025-11-15 10:00:00|Monitor49.txt",2025-11-15T10:00:00Z,2025-11-21T16:30:00Z,"OK","M","DGRP142","21.5C","Winter","NA","08:12","M49","Batch15_DGRP",0.324383751880569,467.11260270802,0.138146476917737,66.3103089205137,0.417534722222222,400.833333333333,2400,360,77100,0.419153365718251,603.580846634282,0.247401247401247,118.752598752599,0.505208333333333,485,1740,300,44760,0.426786953504511,614.573213046495,0.234927234927235,112.765072765073,0.522916666666667,502,10380,300,46440,0.433032616238723,623.566967383761,0.170478170478171,81.8295218295218,0.564583333333333,542,13320,360,53400,0.271339347675226,390.728660652325,0.051975051975052,24.948024948025,0.38125,366,8520,360,43440,0.183900069396253,264.816099930604,0.0831600831600832,39.9168399168399,0.234375,225,16260,300,47100,0.210964607911173,303.789035392089,0.0395010395010395,18.960498960499,0.296875,285,18,21.1111111111111,55.1666666666667,18.583081570997
"2025-11-15 10:00:00|Monitor49.txt|04",4,"2025-11-15 10:00:00|Monitor49.txt",2025-11-15T10:00:00Z,2025-11-21T16:30:00Z,"OK","M","DGRP142","21.5C","Winter","NA","08:12","M49","Batch15_DGRP",0.49022103923157,705.918296493461,0.419298854564387,201.263450190906,0.525694444444445,504.666666666667,1260,300,77460,0.631505898681471,909.368494101319,0.577962577962578,277.422037422037,0.658333333333333,632,540,300,76800,0.590562109646079,850.409437890354,0.661122661122661,317.338877338877,0.555208333333333,533,300,480,12420,0.506592643997224,729.493407356003,0.565488565488566,271.434511434512,0.477083333333333,458,1140,420,45540,0.325468424705066,468.674531575295,0.207900207900208,99.7920997920998,0.384375,369,4020,300,43020,0.40735600277585,586.592643997224,0.226611226611227,108.773388773389,0.497916666666667,478,2280,420,37320,0.478140180430257,688.52185981957,0.272349272349272,130.727650727651,0.58125,558,31.6666666666667,14.1210526315789,66.8333333333333,13.8902743142145
"2025-11-15 10:00:00|Monitor49.txt|05",5,"2025-11-15 10:00:00|Monitor49.txt",2025-11-15T10:00:00Z,2025-11-21T16:30:00Z,"OK","M","DGRP142","21.5C","Winter","NA","08:12","M49","Batch15_DGRP",0.71600509200324,1031.04733248467,0.637972926067338,306.227004512322,0.755034722222222,724.833333333333,3300,480,19140,0.723802914642609,1042.27619708536,0.735966735966736,353.264033264033,0.717708333333333,689,2520,300,45300,0.750173490631506,1080.24982650937,0.677754677754678,325.322245322245,0.786458333333333,755,720,1020,58920,0.69882026370576,1006.30117973629,0.650727650727651,312.349272349272,0.722916666666667,694,1020,600,26460,0.731436502428869,1053.26856349757,0.592515592515593,284.407484407484,0.801041666666667,769,2400,780,45060,0.692574600971548,997.307425399029,0.613305613305613,294.386694386694,0.732291666666667,703,0,480,31680,0.69882026370576,1006.30117973629,0.557172557172557,267.442827442828,0.769791666666667,739,34.1666666666667,13.5121951219512,51.3333333333333,17.6915584415585
"2025-11-15 10:00:00|Monitor49.txt|06",6,"2025-11-15 10:00:00|Monitor49.txt",2025-11-15T10:00:00Z,2025-11-21T16:30:00Z,"OK","M","DGRP142","21.5C","Winter","NA","08:12","M49","Batch15_DGRP",0.912510126142808,1314.01458164564,0.878861506421382,421.853523082263,0.929340277777778,892.166666666667,0,1200,72000,0.852879944482998,1228.14712005552,0.848232848232848,407.151767151767,0.855208333333333,821,1440,780,53580,0.902845246356697,1300.09715475364,0.883575883575884,424.116424116424,0.9125,876,660,1080,72420,0.931991672449688,1342.06800832755,0.9002079002079,432.099792099792,0.947916666666667,910,0,420,59460,0.912560721721027,1314.08743927828,0.862785862785863,414.137214137214,0.9375,900,4020,4560,62400,0.94587092297016,1362.05412907703,0.88981288981289,427.110187110187,0.973958333333333,935,1140,1140,45600,0.929215822345593,1338.07078417765,0.88981288981289,427.110187110187,0.948958333333333,911,23.5,20.5248226950355,22.3333333333333,40.9477611940298
"2025-11-15 10:00:00|Monitor49.txt|07",7,"2025-11-15 10:00:00|Monitor49.txt",2025-11-15T10:00:00Z,2025-11-21T16:30:00Z,"OK","M","DGRP142","21.5C","Winter","NA","08:12","M49","Batch15_DGRP",0.226246962157158,325.795625506307,0.251648733078792,120.79139187782,0.213541666666667,205,660,300,77220,0.463566967383761,667.536433032616,0.544698544698545,261.455301455301,0.422916666666667,406,2520,300,47340,0.430256766134629,619.569743233865,0.41995841995842,201.580041580042,0.435416666666667,418,5880,360,20520,0.261623872310895,376.738376127689,0.330561330561331,158.669438669439,0.227083333333333,218,21060,420,21060,0.0187369882026371,26.9812630117974,0.0353430353430353,16.964656964657,0.0104166666666667,10,7920,540,7920,0.0374739764052741,53.9625260235947,0.0582120582120582,27.9417879417879,0.0270833333333333,26,6180,300,28020,0.145038167938931,208.854961832061,0.118503118503119,56.8814968814969,0.158333333333333,152,24.6666666666667,21.4256756756757,39.6666666666667,22.3949579831933
"2025-11-15 10:00:00|Monitor49.txt|09",9,"2025-11-15 10:00:00|Monitor49.txt",2025-11-15T10:00:00Z,2025-11-21T16:30:00Z,"OK","M","DGRP142","21.5C","Winter","NA","08:12","M49","Batch15_DGRP",0.43432473093392,625.427612544844,0.325581395348837,156.279069767442,0.488715277777778,469.166666666667,1620,420,78420,0.680777238029147,980.319222761971,0.738045738045738,354.261954261954,0.652083333333333,626,960,840,52260,0.534351145038168,769.465648854962,0.557172557172557,267.442827442828,0.522916666666667,502,3660,480,43620,0.399722414989591,575.600277585011,0.316008316008316,151.683991683992,0.441666666666667,424,16560,300,42840,0.188757807078418,271.811242192922,0.0893970893970894,42.9106029106029,0.238541666666667,229,9900,360,42240,0.32616238723109,469.673837612769,0.112266112266112,53.8877338877339,0.433333333333333,416,10500,540,42660,0.475364330326162,684.524635669674,0.139293139293139,66.8607068607069,0.64375,618,20.6666666666667,19.1048387096774,49.1666666666667,20.4406779661017
"2025-11-15 10:00:00|Monitor49.txt|10",10,"2025-11-15 10:00:00|Monitor49.txt",2025-11-15T10:00:00Z,2025-11-21T16:30:00Z,"OK","M","DGRP142","21.5C","Winter","NA","08:12","M49","Batch15_DGRP",0.0674690429348455,97.1554218261775,0.0652551197500868,31.3224574800417,0.0685763888888889,65.8333333333334,5160,480,59280,0.168632893823734,242.831367106176,0.151767151767152,72.8482328482329,0.177083333333333,170,3660,300,55680,0.109646079111728,157.890353920888,0.0956340956340956,45.9043659043659,0.116666666666667,112,14820,540,14820,0.0138792505204719,19.9861207494795,0.0311850311850312,14.968814968815,0.00520833333333333,5,1080,360,1080,0.0194309507286607,27.9805690492713,0.0457380457380458,21.954261954262,0.00625,6,7080,360,55200,0.0131852879944483,18.9868147120056,0.0124740124740125,5.98752598752599,0.0135416666666667,13,5640,300,49020,0.0798056904927134,114.920194309507,0.0540540540540541,25.9459459459459,0.0927083333333333,89,9,89.5925925925926,15.3333333333333,41.1304347826087
"2025-11-15 10:00:00|Monitor49.txt|11",11,"2025-11-15 10:00:00|Monitor49.txt",2025-11-15T10:00:00Z,2025-11-21T16:30:00Z,"OK","M","DGRP142","21.5C","Winter","NA","08:12","M49","Batch15_DGRP",0.646684411526444,931.225552598079,0.695244706699063,333.71745921555,0.622395833333333,597.5,960,540,68700,0.680777238029147,980.319222761971,0.675675675675676,324.324324324324,0.683333333333333,656,2100,420,47040,0.641915336571825,924.358084663428,0.694386694386694,333.305613305613,0.615625,591,660,480,78300,0.640527411519778,922.35947258848,0.675675675675676,324.324324324324,0.622916666666667,598,1320,1440,17880,0.640527411519778,922.35947258848,0.746361746361746,358.253638253638,0.5875,564,960,720,69000,0.614850798056905,885.385149201943,0.677754677754678,325.322245322245,0.583333333333333,560,120,420,46980,0.661346287300486,952.338653712699,0.700623700623701,336.299376299376,0.641666666666667,616,33.1666666666667,13.8894472361809,63.1666666666667,14.5804749340369
"2025-11-15 10:00:00|Monitor49.txt|12",12,"2025-11-15 10:00:00|Monitor49.txt",2025-11-15T10:00:00Z,2025-11-21T16:30:00Z,"OK","M","DGRP142","21.5C","Winter","NA","08:12","M49","Batch15_DGRP",0.404814257609073,582.932530957065,0.457827143353002,219.757028809441,0.378298611111111,363.166666666667,60,360,76920,0.544066620402498,783.455933379598,0.623700623700624,299.376299376299,0.504166666666667,484,0,360,16380,0.49618320610687,714.503816793893,0.648648648648649,311.351351351351,0.419791666666667,403,4200,300,80340,0.383067314365024,551.616932685635,0.46985446985447,225.530145530146,0.339583333333333,326,4560,300,23940,0.328938237335184,473.671061762665,0.365904365904366,175.634095634096,0.310416666666667,298,720,300,9960,0.298403886190146,429.70159611381,0.284823284823285,136.715176715177,0.305208333333333,293,480,780,61860,0.378209576682859,544.621790423317,0.353430353430353,169.64656964657,0.390625,375,33.5,13.5174129353234,60.8333333333333,15.3972602739726
"2025-11-15 10:00:00|Monitor49.txt|13",13,"2025-11-15 10:00:00|Monitor49.txt",2025-11-15T10:00:00Z,2025-11-21T16:30:00Z,"OK","M","DGRP142","21.5C","Winter","NA","08:12","M49","Batch15_DGRP",0.278787177410022,401.453535470432,0.262755987504339,126.122874002083,0.286805555555556,275.333333333333,300,300,62460,0.46911866759195,675.530881332408,0.498960498960499,239.50103950104,0.454166666666667,436,1200,300,50580,0.480222068008328,691.519777931992,0.488565488565489,234.511434511435,0.476041666666667,457,4260,300,80580,0.34559333795975,497.65440666204,0.37006237006237,177.629937629938,0.333333333333333,320,8580,660,14700,0.127689104788341,183.872310895212,0.0956340956340956,45.9043659043659,0.14375,138,13800,360,85980,0.0874392782789729,125.912560721721,0.024948024948025,11.975051975052,0.11875,114,10020,420,53520,0.162387231089521,233.837612768911,0.0977130977130977,46.9022869022869,0.194791666666667,187,22.3333333333333,22.7089552238806,41.8333333333333,21.4661354581673
"2025-11-15 10:00:00|Monitor49.txt|14",14,"2025-11-15 10:00:00|Monitor49.txt",2025-11-15T10:00:00Z,2025-11-21T16:30:00Z,"OK","M","DGRP142","21.5C","Winter","NA","08:12","M49","Batch15_DGRP",0.524013424372179,754.579331095938,0.554668517875738,266.240888580354,0.508680555555556,488.333333333333,420,1140,7200,0.741845940319223,1068.25815405968,0.844074844074844,405.155925155925,0.690625,663,2460,480,11160,0.703678001387925,1013.29632199861,0.810810810810811,389.189189189189,0.65,624,1200,720,77220,0.621790423317141,895.378209576683,0.74012474012474,355.259875259875,0.5625,540,5820,420,16020,0.236641221374046,340.763358778626,0.438669438669439,210.561330561331,0.135416666666667,130,1020,600,69780,0.269951422623178,388.730048577377,0.103950103950104,49.8960498960499,0.353125,339,480,480,43260,0.569049271339348,819.430950728661,0.386694386694387,185.613305613306,0.660416666666667,634,22,21.7424242424242,44.1666666666667,20.7849056603774
"2025-11-15 10:00:00|Monitor49.txt|15",15,"2025-11-15 10:00:00|Monitor49.txt",2025-11-15T10:00:00Z,2025-11-21T16:30:00Z,"OK","M","DGRP142","21.5C","Winter","NA","08:12","M49","Batch15_DGRP",0.571808818423794,823.404698530263,0.610204790003471,292.898299201666,0.552604166666667,530.5,120,480,76020,0.636363636363636,916.363636363636,0.602910602910603,289.397089397089,0.653125,627,240,300,1260,0.639139486467731,920.360860513532,0.825363825363825,396.174636174636,0.545833333333333,524,1140,360,20160,0.587786259541985,846.412213740458,0.814968814968815,391.185031185031,0.473958333333333,455,360,300,51180,0.496877168632894,715.503122831367,0.413721413721414,198.586278586279,0.538541666666667,517,2580,960,46740,0.549618320610687,791.450381679389,0.567567567567568,272.432432432432,0.540625,519,4500,1080,53520,0.520471894517696,749.479528105482,0.434511434511435,208.565488565489,0.563541666666667,541,37,12.7477477477477,67.1666666666667,13.3771712158809
"2025-11-15 10:00:00|Monitor49.txt|16",16,"2025-11-15 10:00:00|Monitor49.txt",2025-11-15T10:00:00Z,2025-11-21T16:30:00Z,"OK","M","DGRP142","21.5C","Winter","NA","08:12","M49","Batch15_DGRP",0.638004860548548,918.726999189909,0.595626518569941,285.900728913572,0.659201388888889,632.833333333333,1320,300,72120,0.490631505898682,706.509368494101,0.509355509355509,244.490644490645,0.48125,462,60,300,76860,0.662734212352533,954.337265787647,0.652806652806653,313.347193347193,0.667708333333333,641,1560,360,52920,0.614156835530881,884.385843164469,0.432432432432432,207.567567567568,0.705208333333333,677,1860,600,43200,0.780013879250521,1123.21998612075,0.765072765072765,367.234927234927,0.7875,756,660,720,18540,0.594725884802221,856.405274115198,0.61954261954262,297.380457380457,0.582291666666667,559,60,300,45180,0.684941013185288,986.315058986815,0.592515592515593,284.407484407484,0.73125,702,36.5,12.3835616438356,58,15.9195402298851
"2025-11-15 10:00:00|Monitor49.txt|17",17,"2025-11-15 10:00:00|Monitor49.txt",2025-11-15T10:00:00Z,2025-11-21T16:30:00Z,"OK","M","DGRP142","21.5C","Winter","NA","08:12","M49","Batch15_DGRP",0.148362458048837,213.641939590325,0.126345019090594,60.6456091634849,0.159375,153,2820,420,77400,0.338653712699514,487.661346287301,0.276507276507277,132.723492723493,0.369791666666667,355,3780,300,19860,0.234559333795975,337.765440666204,0.230769230769231,110.769230769231,0.236458333333333,227,8820,300,55020,0.120055517002082,172.879944482998,0.0436590436590437,20.956340956341,0.158333333333333,152,4920,540,4920,0.0201249132546843,28.9798750867453,0.0291060291060291,13.970893970894,0.015625,15,4560,420,4560,0.0159611380985427,22.9840388619015,0.0374220374220374,17.962577962578,0.00520833333333333,5,3720,360,23760,0.16030534351145,230.839694656489,0.139293139293139,66.8607068607069,0.170833333333333,164,16.3333333333333,29.0204081632653,32.6666666666667,29.1530612244898
"2025-11-15 10:00:00|Monitor49.txt|18",18,"2025-11-15 10:00:00|Monitor49.txt",2025-11-15T10:00:00Z,2025-11-21T16:30:00Z,"OK","M","DGRP142","21.5C","Winter","NA","08:12","M49","Batch15_DGRP",0.512324962388612,737.747945839602,0.507115584866366,243.415480735856,0.514930555555556,494.333333333333,0,600,21060,0.618320610687023,890.381679389313,0.623700623700624,299.376299376299,0.615625,591,1920,480,76020,0.604441360166551,870.395558639834,0.573804573804574,275.426195426195,0.619791666666667,595,1140,480,60180,0.441360166551006,635.558639833449,0.48024948024948,230.519750519751,0.421875,405,360,300,68040,0.42470506592644,611.575294934074,0.361746361746362,173.638253638254,0.45625,438,660,480,63120,0.482303955586398,694.517696044414,0.51975051975052,249.48024948025,0.463541666666667,445,3420,480,45480,0.502428868841083,723.497571131159,0.482328482328482,231.517671517672,0.5125,492,41.6666666666667,10.716,77.8333333333333,11.8886509635974
"2025-11-15 10:00:00|Monitor49.txt|19",19,"2025-11-15 10:00:00|Monitor49.txt",2025-11-15T10:00:00Z,2025-11-21T16:30:00Z,"OK","M","DGRP142","21.5C","Winter","NA","08:12","M49","Batch15_DGRP",0.232380511514871,334.627936581414,0.14370010413051,68.9760499826449,0.276736111111111,265.666666666667,2040,360,78360,0.308119361554476,443.691880638446,0.301455301455301,144.698544698545,0.311458333333333,299,360,300,79980,0.306037473976405,440.693962526024,0.266112266112266,127.733887733888,0.326041666666667,313,2160,360,48360,0.207494795281055,298.792505204719,0.212058212058212,101.787941787942,0.205208333333333,197,23520,300,50280,0.129770992366412,186.870229007634,0.0103950103950104,4.98960498960499,0.189583333333333,182,26760,360,46140,0.204024982650937,293.795975017349,0.0353430353430353,16.964656964657,0.288541666666667,277,10080,300,49680,0.238029146426093,342.761970853574,0.0353430353430353,16.964656964657,0.339583333333333,326,16.1666666666667,28.2371134020619,36,26.7638888888889
"2025-11-15 10:00:00|Monitor49.txt|21",21,"2025-11-15 10:00:00|Monitor49.txt",2025-11-15T10:00:00Z,2025-11-21T16:30:00Z,"OK","M","DGRP142","21.5C","Winter","NA","08:12","M49","Batch15_DGRP",0.563823631524129,811.906029394746,0.64803887539049,311.058660187435,0.521701388888889,500.833333333333,360,600,13680,0.517696044413602,745.482303955586,0.719334719334719,345.280665280665,0.416666666666667,400,540,840,19200,0.655794587092297,944.344205412908,0.735966735966736,353.264033264033,0.615625,591,240,360,4920,0.576682859125607,830.423317140875,0.656964656964657,315.343035343035,0.536458333333333,515,840,360,50460,0.509368494101319,733.490631505899,0.62993762993763,302.370062370062,0.448958333333333,431,1020,420,45060,0.532963219986121,767.467036780014,0.573804573804574,275.426195426195,0.5125,492,1500,360,46320,0.589174184594032,848.410825815406,0.567567567567568,272.432432432432,0.6,576,36.3333333333333,13.6743119266055,64.3333333333333,13.5362694300518
"2025-11-15 10:00:00|Monitor49.txt|22",22,"2025-11-15 10:00:00|Monitor49.txt",2025-11-15T10:00:00Z,2025-11-21T16:30:00Z,"OK","M","DGRP142","21.5C","Winter","NA","08:12","M49","Batch15_DGRP",0.19546348802222,281.467422751996,0.178410274210344,85.636931620965,0.203993055555556,195.833333333333,3120,300,76620,0.374739764052741,539.625260235947,0.401247401247401,192.598752598753,0.361458333333333,347,3060,420,7560,0.268563497571131,386.731436502429,0.318087318087318,152.681912681913,0.24375,234,5220,300,47460,0.172796668979875,248.82720333102,0.197505197505198,94.8024948024948,0.160416666666667,154,8460,300,52320,0.0777238029146426,111.922276197085,0.0436590436590437,20.956340956341,0.0947916666666667,91,5700,300,54840,0.0492713393476752,70.9507286606523,0.0457380457380458,21.954261954262,0.0510416666666667,49,2880,540,43500,0.229007633587786,329.770992366412,0.0623700623700624,29.9376299376299,0.3125,300,16.3333333333333,31.6326530612245,35.3333333333333,25.7594339622642
"2025-11-15 10:00:00|Monitor49.txt|23",23,"2025-11-15 10:00:00|Monitor49.txt",2025-11-15T10:00:00Z,2025-11-21T16:30:00Z,"OK","M","DGRP142","21.5C","Winter","NA","08:12","M49","Batch15_DGRP",0.518342784399954,746.413609535933,0.571676501214856,274.404720583131,0.491666666666667,472,0,480,76560,0.653712699514226,941.346287300486,0.694386694386694,333.305613305613,0.633333333333333,608,360,420,74580,0.642609299097849,925.357390700902,0.742203742203742,356.257796257796,0.592708333333333,569,0,420,13980,0.538514920194309,775.461485079806,0.67983367983368,326.320166320166,0.467708333333333,449,840,300,48600,0.452463566967384,651.547536433033,0.515592515592516,247.484407484408,0.420833333333333,404,1740,360,45120,0.402498265093685,579.597501734906,0.378378378378378,181.621621621622,0.414583333333333,398,3420,600,46860,0.420541290770298,605.57945870923,0.41995841995842,201.580041580042,0.420833333333333,404,37.5,13.4,65.1666666666667,13.4296675191816
"2025-11-15 10:00:00|Monitor49.txt|24",24,"2025-11-15 10:00:00|Monitor49.txt",2025-11-15T10:00:00Z,2025-11-21T16:30:00Z,"OK","M","DGRP142","21.5C","Winter","NA","08:12","M49","Batch15_DGRP",0.590903830575165,850.901516028238,0.288788615064214,138.618535230823,0.742013888888889,712.333333333333,3300,360,71520,0.809160305343512,1165.19083969466,0.667359667359667,320.33264033264,0.880208333333333,845,7860,300,40260,0.725190839694657,1044.27480916031,0.32016632016632,153.679833679834,0.928125,891,7320,540,58380,0.478140180430257,688.52185981957,0.266112266112266,127.733887733888,0.584375,561,9120,360,56040,0.356002775850104,512.64399722415,0.166320166320166,79.8336798336798,0.451041666666667,433,6180,360,48420,0.539902845246357,777.460097154754,0.162162162162162,77.8378378378378,0.729166666666667,700,2760,360,39600,0.634975711311589,914.365024288688,0.147609147609148,70.8523908523909,0.879166666666667,844,23.1666666666667,17.2302158273381,40.8333333333333,24.3959183673469
"2025-11-15 10:00:00|Monitor49.txt|25",25,"2025-11-15 10:00:00|Monitor49.txt",2025-11-15T10:00:00Z,2025-11-21T16:30:00Z,"OK","M","DGRP142","21.5C","Winter","NA","08:12","M49","Batch15_DGRP",0.849785904409212,1223.69170234927,0.819507115584866,393.363415480736,0.864930555555556,830.333333333333,240,7920,77100,0.907009021512838,1306.09299097849,0.862785862785863,414.137214137214,0.929166666666667,892,1800,2040,64560,0.900763358778626,1297.09923664122,0.827442827442827,397.172557172557,0.9375,900,1140,600,83700,0.854267869535045,1230.14573213047,0.856548856548857,411.143451143451,0.853125,819,4860,2160,62640,0.769604441360167,1108.23039555864,0.675675675675676,324.324324324324,0.816666666666667,784,120,900,79860,0.845246356696739,1217.1547536433,0.858627858627859,412.141372141372,0.838541666666667,805,2160,1080,75660,0.82234559333796,1184.17765440666,0.837837837837838,402.162162162162,0.814583333333333,782,25.8333333333333,17.1548387096774,36.5,25.7945205479452
"2025-11-15 10:00:00|Monitor49.txt|26",26,"2025-11-15 10:00:00|Monitor49.txt",2025-11-15T10:00:00Z,2025-11-21T16:30:00Z,"OK","M","DGRP142","21.5C","Winter","NA","08:12","M49","Batch15_DGRP",0.485939127415808,699.752343478764,0.429364803887539,206.095105866019,0.514236111111111,493.666666666667,0,420,52200,0.607911172796669,875.392088827203,0.625779625779626,300.37422037422,0.598958333333333,575,3900,300,48000,0.455239417071478,655.544760582929,0.478170478170478,229.52182952183,0.44375,426,4560,480,45300,0.312283136710618,449.687716863289,0.332640332640333,159.66735966736,0.302083333333333,290,2640,720,43860,0.41707147814018,600.58292852186,0.353430353430353,169.64656964657,0.448958333333333,431,2280,360,48180,0.531575294934074,765.468424705066,0.363825363825364,174.636174636175,0.615625,591,2220,300,42780,0.589868147120056,849.41013185288,0.417879417879418,200.582120582121,0.676041666666667,649,34,12.9950980392157,39,24.9188034188034
"2025-11-15 10:00:00|Monitor49.txt|27",27,"2025-11-15 10:00:00|Monitor49.txt",2025-11-15T10:00:00Z,2025-11-21T16:30:00Z,"OK","M","DGRP142","21.5C","Winter","NA","08:12","M49","Batch15_DGRP",0.563939358870501,812.072676773522,0.708781673030198,340.215203054495,0.491493055555556,471.833333333333,660,600,77460,0.46911866759195,675.530881332408,0.623700623700624,299.376299376299,0.391666666666667,376,120,720,19440,0.756419153365718,1089.24358084663,0.812889812889813,390.18711018711,0.728125,699,2700,1200,13020,0.612074947952811,881.387925052047,0.902286902286902,433.097713097713,0.466666666666667,448,180,300,17220,0.421235253296322,606.578764746704,0.600831600831601,288.399168399168,0.33125,318,2100,360,17760,0.44205412907703,636.557945870923,0.53014553014553,254.469854469854,0.397916666666667,382,1080,360,14520,0.68147120055517,981.318528799445,0.777546777546778,373.222453222453,0.633333333333333,608,32.1666666666667,13.6580310880829,64.3333333333333,14.3989637305699
"2025-11-15 10:00:00|Monitor49.txt|28",28,"2025-11-15 10:00:00|Monitor49.txt",2025-11-15T10:00:00Z,2025-11-21T16:30:00Z,"OK","M","DGRP142","21.5C","Winter","NA","08:12","M49","Batch15_DGRP",0.22219650503414,319.962967249161,0.302325581395349,145.116279069767,0.182118055555556,174.833333333333,360,1440,7020,0.476058292852186,685.523941707148,0.673596673596674,323.326403326403,0.377083333333333,362,720,1560,18600,0.394864677307425,568.605135322693,0.540540540540541,259.459459459459,0.321875,309,0,360,7860,0.210270645385149,302.789729354615,0.43035343035343,206.569646569647,0.1,96,180,300,37980,0.0763358778625954,109.923664122137,0.130977130977131,62.8690228690229,0.0489583333333333,47,27840,300,48540,0.0346981263011797,49.9653018736988,0.0103950103950104,4.98960498960499,0.046875,45,27120,480,51180,0.14087439278279,202.859125607217,0.027027027027027,12.972972972973,0.197916666666667,190,20.1666666666667,24.4132231404959,32,29.0572916666667
"2025-11-15 10:00:00|Monitor49.txt|29",29,"2025-11-15 10:00:00|Monitor49.txt",2025-11-15T10:00:00Z,2025-11-21T16:30:00Z,"OK","M","DGRP142","21.5C","Winter","NA","08:12","M49","Batch15_DGRP",0.337345214674228,485.777109130888,0.386324192988546,185.435612634502,0.312847222222222,300.333333333333,3240,540,70800,0.482303955586398,694.517696044414,0.45945945945946,220.540540540541,0.49375,474,720,300,8700,0.364330326162387,524.635669673838,0.557172557172557,267.442827442828,0.267708333333333,257,1020,300,21060,0.197085357390701,283.802914642609,0.27027027027027,129.72972972973,0.160416666666667,154,600,420,85080,0.15058986814712,216.849410131853,0.193347193347193,92.8066528066528,0.129166666666667,124,1080,300,19500,0.287994448299792,414.7120055517,0.32016632016632,153.679833679834,0.271875,261,540,660,48840,0.54059680777238,778.459403192228,0.513513513513514,246.486486486487,0.554166666666667,532,32.8333333333333,14.9340101522843,47.6666666666667,19.2797202797203
"2025-11-15 10:00:00|Monitor49.txt|30",30,"2025-11-15 10:00:00|Monitor49.txt",2025-11-15T10:00:00Z,2025-11-21T16:30:00Z,"OK","M","DGRP142","21.5C","Winter","NA","08:12","M49","Batch15_DGRP",0.157157736373105,226.307140377271,0.0423464074973967,20.3262755987504,0.214583333333333,206,2460,300,77340,0.236641221374046,340.763358778626,0.0810810810810811,38.9189189189189,0.314583333333333,302,15000,300,80880,0.203331020124913,292.796668979875,0.0311850311850312,14.968814968815,0.289583333333333,278,11880,420,76260,0.15822345593338,227.841776544067,0.0353430353430353,16.964656964657,0.219791666666667,211,10020,360,27540,0.0208188757807078,29.9791811242193,0.051975051975052,24.948024948025,0.00520833333333333,5,2040,300,32820,0.0145732130464955,20.9854267869535,0.0103950103950104,4.98960498960499,0.0166666666666667,16,10140,420,60720,0.3088133240805,444.69118667592,0.0436590436590437,20.956340956341,0.441666666666667,424,6.33333333333333,79.1052631578947,31.8333333333333,29.0052356020943
"2025-11-15 10:00:00|Monitor49.txt|31",31,"2025-11-15 10:00:00|Monitor49.txt",2025-11-15T10:00:00Z,2025-11-21T16:30:00Z,"OK","M","DGRP142","21.5C","Winter","NA","08:12","M49","Batch15_DGRP",0.466034023839833,671.08899432936,0.375564040263797,180.270739326623,0.511284722222222,490.833333333333,120,420,72600,0.68910478834143,992.310895211659,0.586278586278586,281.413721413721,0.740625,711,0,360,4380,0.603747397640527,869.39625260236,0.613305613305613,294.386694386694,0.598958333333333,575,180,540,56040,0.504510756419153,726.495489243581,0.494802494802495,237.505197505198,0.509375,489,1860,360,63600,0.278972935461485,401.721027064539,0.201663201663202,96.7983367983368,0.317708333333333,305,840,300,47880,0.279666897987509,402.720333102013,0.116424116424116,55.8835758835759,0.361458333333333,347,780,420,59400,0.439972241498959,633.560027758501,0.241164241164241,115.758835758836,0.539583333333333,518,31.6666666666667,15.2473684210526,68.5,13.2092457420925
"2025-11-15 10:00:00|Monitor49.txt|32",32,"2025-11-15 10:00:00|Monitor49.txt",2025-11-15T10:00:00Z,2025-11-21T16:30:00Z,"OK","M","DGRP142","21.5C","Winter","NA","08:12","M49","Batch15_DGRP",0.414651082050689,597.097558152992,0.426587990281152,204.762235334953,0.408680555555556,392.333333333333,0,480,55920,0.660652324774462,951.339347675226,0.698544698544699,335.301455301455,0.641666666666667,616,780,540,44640,0.526717557251908,758.473282442748,0.654885654885655,314.345114345114,0.4625,444,1380,300,48060,0.490631505898682,706.509368494101,0.604989604989605,290.39501039501,0.433333333333333,416,120,300,77520,0.217210270645385,312.782789729355,0.180873180873181,86.8191268191268,0.235416666666667,226,720,300,54600,0.238029146426093,342.761970853574,0.201663201663202,96.7983367983368,0.25625,246,4080,300,45360,0.35322692574601,508.646773074254,0.214137214137214,102.785862785863,0.422916666666667,406,28.1666666666667,16.4023668639053,45.3333333333333,20.764705882353
"2025-11-15 10:00:00|Monitor50.txt|01",1,"2025-11-15 10:00:00|Monitor50.txt",2025-11-15T10:00:00Z,2025-11-21T16:30:00Z,"OK","M","DGRP149","21.5C","Winter","NA","08:12","M50","Batch15_DGRP",0.279481541488254,402.453419743085,0.16452620617841,78.9725789656369,0.336979166666667,323.5,38940,360,46440,0.249826509368494,359.750173490632,0,0,0.375,360,1500,360,54420,0.156835530881332,225.843164469119,0.0228690228690229,10.977130977131,0.223958333333333,215,8700,480,49860,0.173490631505899,249.826509368494,0.0332640332640333,15.966735966736,0.24375,234,1200,300,58740,0.172796668979875,248.82720333102,0.0873180873180873,41.9126819126819,0.215625,207,5460,840,47400,0.433032616238723,623.566967383761,0.365904365904366,175.634095634096,0.466666666666667,448,1380,480,43740,0.489937543372658,705.510062456627,0.476091476091476,228.523908523909,0.496875,477,15.6666666666667,33.5744680851064,37.3333333333333,23.7767857142857
"2025-11-15 10:00:00|Monitor50.txt|02",2,"2025-11-15 10:00:00|Monitor50.txt",2025-11-15T10:00:00Z,2025-11-21T16:30:00Z,"OK","M","DGRP149","21.5C","Winter","NA","08:12","M50","Batch15_DGRP",0.577826640435135,832.070362226594,0.451926414439431,216.924678930927,0.640798611111111,615.166666666667,480,360,35760,0.555170020818876,799.444829979181,0.444906444906445,213.555093555094,0.610416666666667,586,240,300,41160,0.514920194309507,741.485079805691,0.351351351351351,168.648648648649,0.596875,573,900,300,25680,0.60999306037474,878.390006939625,0.538461538461538,258.461538461539,0.645833333333333,620,4980,300,34080,0.464954892435809,669.535045107564,0.222453222453222,106.777546777547,0.586458333333333,563,4920,840,34260,0.461485079805691,664.538514920194,0.367983367983368,176.632016632017,0.508333333333333,488,360,300,56340,0.85912560721721,1237.14087439278,0.783783783783784,376.216216216216,0.896875,861,28.6666666666667,18.7558139534884,30.3333333333333,28.7582417582418
"2025-11-15 10:00:00|Monitor50.txt|04",4,"2025-11-15 10:00:00|Monitor50.txt",2025-11-15T10:00:00Z,2025-11-21T16:30:00Z,"OK","M","DGRP149","21.5C","Winter","NA","08:12","M50","Batch15_DGRP",0.452493924314315,651.591251012614,0.275945852134675,132.454009024644,0.540798611111111,519.166666666667,360,360,66360,0.476058292852186,685.523941707148,0.316008316008316,151.683991683992,0.55625,534,1740,360,47580,0.392782789729355,565.607217210271,0.137214137214137,65.8627858627859,0.520833333333333,500,6780,360,51660,0.380985426786954,548.619014573213,0.116424116424116,55.8835758835759,0.513541666666667,493,2700,300,45900,0.295628036086051,425.704371963914,0.114345114345114,54.8856548856549,0.386458333333333,371,120,360,42960,0.460791117279667,663.53920888272,0.316008316008316,151.683991683992,0.533333333333333,512,240,480,26160,0.707147814018043,1018.29285218598,0.652806652806653,313.347193347193,0.734375,705,24.3333333333333,19.8835616438356,50.6666666666667,18.0131578947368
"2025-11-15 10:00:00|Monitor50.txt|05",5,"2025-11-15 10:00:00|Monitor50.txt",2025-11-15T10:00:00Z,2025-11-21T16:30:00Z,"OK","M","DGRP149","21.5C","Winter","NA","08:12","M50","Batch15_DGRP",0.354472861937276,510.440921189677,0.300242971190559,144.116626171468,0.381597222222222,366.333333333333,1140,300,24240,0.371963913948647,535.628036086051,0.372141372141372,178.627858627859,0.371875,357,900,660,47580,0.358084663428175,515.641915336572,0.361746361746362,173.638253638254,0.35625,342,180,360,64020,0.414295628036086,596.585704371964,0.303534303534304,145.696465696466,0.469791666666667,451,60,480,59220,0.337959750173491,486.662040249827,0.27027027027027,129.72972972973,0.371875,357,7800,360,60300,0.308119361554476,443.691880638446,0.158004158004158,75.8419958419959,0.383333333333333,368,240,420,82140,0.33587786259542,483.664122137405,0.334719334719335,160.665280665281,0.336458333333333,323,24.5,23.2108843537415,40.8333333333333,20.869387755102
"2025-11-15 10:00:00|Monitor50.txt|06",6,"2025-11-15 10:00:00|Monitor50.txt",2025-11-15T10:00:00Z,2025-11-21T16:30:00Z,"OK","M","DGRP149","21.5C","Winter","NA","08:12","M50","Batch15_DGRP",0.33271612081935,479.111213979863,0.222145088510934,106.629642485248,0.388020833333333,372.5,300,420,49140,0.346287300485774,498.653712699514,0.191268191268191,91.8087318087318,0.423958333333333,407,7500,300,63960,0.306037473976405,440.693962526024,0.0561330561330561,26.9438669438669,0.43125,414,4200,480,44160,0.224149895905621,322.775850104094,0.0977130977130977,46.9022869022869,0.2875,276,1740,360,58920,0.11589174184594,166.884108258154,0.124740124740125,59.8752598752599,0.111458333333333,107,5940,600,60540,0.272033310201249,391.727966689799,0.11018711018711,52.8898128898129,0.353125,339,1380,420,9960,0.731436502428869,1053.26856349757,0.752598752598753,361.247401247401,0.720833333333333,692,16.8333333333333,29.5049504950495,38.6666666666667,23.8103448275862
"2025-11-15 10:00:00|Monitor50.txt|07",7,"2025-11-15 10:00:00|Monitor50.txt",2025-11-15T10:00:00Z,2025-11-21T16:30:00Z,"OK","M","DGRP149","21.5C","Winter","NA","08:12","M50","Batch15_DGRP",0.497164680013887,715.917139219998,0.262061784102742,125.789656369316,0.614756944444444,590.166666666667,4260,300,50520,0.367800138792505,529.632199861208,0.174636174636175,83.8253638253639,0.464583333333333,446,12660,360,66060,0.21998612074948,316.780013879251,0.0332640332640333,15.966735966736,0.313541666666667,301,960,420,51360,0.421929215822346,607.578070784178,0.0977130977130977,46.9022869022869,0.584375,561,600,420,32220,0.535045107564192,770.464954892436,0.191268191268191,91.8087318087318,0.707291666666667,679,660,360,36480,0.621096460791117,894.378903539209,0.45945945945946,220.540540540541,0.702083333333333,674,1740,540,45360,0.816099930603748,1175.1839000694,0.615384615384615,295.384615384615,0.916666666666667,880,18.5,26.2792792792793,34.5,26.6859903381643
"2025-11-15 10:00:00|Monitor50.txt|08",8,"2025-11-15 10:00:00|Monitor50.txt",2025-11-15T10:00:00Z,2025-11-21T16:30:00Z,"OK","M","DGRP149","21.5C","Winter","NA","08:12","M50","Batch15_DGRP",0.285962272885083,411.785672954519,0.0812217979868101,38.9864630336689,0.388368055555556,372.833333333333,9300,660,40260,0.398334489937543,573.601665510063,0.139293139293139,66.8607068607069,0.528125,507,4320,420,42720,0.387231089521166,557.612768910479,0.0956340956340956,45.9043659043659,0.533333333333333,512,12480,600,40320,0.295628036086051,425.704371963914,0.0207900207900208,9.97920997920998,0.433333333333333,416,36180,780,46500,0.242886884108258,349.757113115892,0,0,0.364583333333333,350,10680,420,43020,0.210964607911173,303.789035392089,0.114345114345114,54.8856548856549,0.259375,249,7800,420,64800,0.179736294240111,258.82026370576,0.116424116424116,55.8835758835759,0.211458333333333,203,10.1666666666667,42.1475409836066,22.5,44.5185185185185
"2025-11-15 10:00:00|Monitor50.txt|09",9,"2025-11-15 10:00:00|Monitor50.txt",2025-11-15T10:00:00Z,2025-11-21T16:30:00Z,"OK","M","DGRP149","21.5C","Winter","NA","08:12","M50","Batch15_DGRP",0.617173938201597,888.7304710103,0.344324887191947,165.275945852135,0.753645833333333,723.5,6000,540,49920,0.568355308813324,818.431644691187,0.301455301455301,144.698544698545,0.702083333333333,674,4620,720,57660,0.569743233865371,820.430256766135,0.239085239085239,114.760914760915,0.735416666666667,706,7800,1080,45960,0.523247744621791,753.476752255378,0.162162162162162,77.8378378378378,0.704166666666667,676,180,300,37320,0.488549618320611,703.511450381679,0.120582120582121,57.8794178794179,0.672916666666667,646,300,420,49200,0.711311589174185,1024.28868841083,0.424116424116424,203.575883575884,0.855208333333333,821,660,2280,26220,0.841082581540597,1211.15891741846,0.819126819126819,393.180873180873,0.852083333333333,818,19.8333333333333,26.6134453781513,22.5,39.2148148148148
"2025-11-15 10:00:00|Monitor50.txt|10",10,"2025-11-15 10:00:00|Monitor50.txt",2025-11-15T10:00:00Z,2025-11-21T16:30:00Z,"OK","M","DGRP149","21.5C","Winter","NA","08:12","M50","Batch15_DGRP",0.427381090151603,615.428769818308,0.231516834432489,111.128080527595,0.525347222222222,504.333333333333,6120,360,36360,0.472588480222068,680.527411519778,0.230769230769231,110.769230769231,0.59375,570,2520,420,45780,0.514920194309507,741.485079805691,0.291060291060291,139.70893970894,0.627083333333333,602,5160,360,67680,0.456627342123525,657.543372657877,0.24948024948025,119.75051975052,0.560416666666667,538,1860,300,43440,0.475364330326162,684.524635669674,0.20997920997921,100.790020790021,0.608333333333333,584,5100,300,43020,0.31852879944483,458.681471200555,0.108108108108108,51.8918918918919,0.423958333333333,407,600,360,56460,0.325468424705066,468.674531575295,0.299376299376299,143.700623700624,0.338541666666667,325,21.8333333333333,25.030534351145,26.8333333333333,32.5590062111802
"2025-11-15 10:00:00|Monitor50.txt|11",11,"2025-11-15 10:00:00|Monitor50.txt",2025-11-15T10:00:00Z,2025-11-21T16:30:00Z,"OK","M","DGRP149","21.5C","Winter","NA","08:12","M50","Batch15_DGRP",0.355398680708251,511.774100219882,0.238458868448455,114.460256855259,0.413888888888889,397.333333333333,420,540,52860,0.491325468424705,707.508674531575,0.424116424116424,203.575883575884,0.525,504,2100,300,52440,0.3088133240805,444.69118667592,0.0748440748440749,35.9251559251559,0.426041666666667,409,4380,420,69300,0.243580846634282,350.756419153366,0.128898128898129,61.8711018711019,0.301041666666667,289,18960,300,73320,0.175572519083969,252.824427480916,0.027027027027027,12.972972972973,0.25,240,240,540,53340,0.334489937543373,481.665510062457,0.1995841995842,95.8004158004158,0.402083333333333,386,60,540,44280,0.578070784177655,832.421929215822,0.575883575883576,276.424116424116,0.579166666666667,556,18.6666666666667,24.25,47.3333333333333,20.2922535211267
"2025-11-15 10:00:00|Monitor50.txt|12",12,"2025-11-15 10:00:00|Monitor50.txt",2025-11-15T10:00:00Z,2025-11-21T16:30:00Z,"OK","M","DGRP149","21.5C","Winter","NA","08:12","M50","Batch15_DGRP",0.386876518921421,557.102187246846,0.203401596667824,97.6327664005554,0.478645833333333,459.5,4740,300,51360,0.371963913948647,535.628036086051,0.114345114345114,54.8856548856549,0.501041666666667,481,1380,480,48360,0.316446911866759,455.683553088133,0.143451143451143,68.8565488565489,0.403125,387,3420,300,52080,0.333795975017349,480.666204024983,0.079002079002079,37.9209979209979,0.461458333333333,443,3960,540,46440,0.285912560721721,411.714087439278,0.122661122661123,58.8773388773389,0.367708333333333,353,3120,300,44880,0.401804302567661,578.598195697432,0.22037422037422,105.779625779626,0.492708333333333,473,300,540,54600,0.60999306037474,878.390006939625,0.538461538461538,258.461538461539,0.645833333333333,620,19.3333333333333,27.7327586206897,35.6666666666667,24.7990654205608
"2025-11-15 10:00:00|Monitor50.txt|14",14,"2025-11-15 10:00:00|Monitor50.txt",2025-11-15T10:00:00Z,2025-11-21T16:30:00Z,"OK","M","DGRP149","21.5C","Winter","NA","08:12","M50","Batch15_DGRP",0.27033908112487,389.288276819813,0.149253731343284,71.6417910447761,0.330902777777778,317.666666666667,7560,300,53940,0.208882720333102,300.791117279667,0.126819126819127,60.8731808731809,0.25,240,6660,420,50400,0.192227619708536,276.807772380291,0.024948024948025,11.975051975052,0.276041666666667,265,9720,300,48780,0.224149895905621,322.775850104094,0.0623700623700624,29.9376299376299,0.305208333333333,293,18360,540,49680,0.129770992366412,186.870229007634,0.0311850311850312,14.968814968815,0.179166666666667,172,1980,540,52920,0.343511450381679,494.656488549618,0.197505197505198,94.8024948024948,0.416666666666667,400,180,480,41700,0.523941707147814,754.476058292852,0.455301455301455,218.544698544699,0.558333333333333,536,14,35.2023809523809,36.6666666666667,25.2272727272727
"2025-11-15 10:00:00|Monitor50.txt|15",15,"2025-11-15 10:00:00|Monitor50.txt",2025-11-15T10:00:00Z,2025-11-21T16:30:00Z,"OK","M","DGRP149","21.5C","Winter","NA","08:12","M50","Batch15_DGRP",0.299849554449716,431.783358407592,0.101700798333912,48.8163832002777,0.398958333333333,383,7080,300,53160,0.350451075641915,504.649548924358,0.101871101871102,48.8981288981289,0.475,456,7080,360,40380,0.382373351839001,550.617626648161,0.11018711018711,52.8898128898129,0.51875,498,1020,360,45060,0.358084663428175,515.641915336572,0.0977130977130977,46.9022869022869,0.488541666666667,469,5040,480,38580,0.306037473976405,440.693962526024,0.0893970893970894,42.9106029106029,0.414583333333333,398,1680,360,47340,0.258154059680777,371.741845940319,0.126819126819127,60.8731808731809,0.323958333333333,311,7260,420,59880,0.142956280360861,205.857043719639,0.0831600831600832,39.9168399168399,0.172916666666667,166,12.6666666666667,40.7236842105263,36.1666666666667,25.1520737327189
"2025-11-15 10:00:00|Monitor50.txt|16",16,"2025-11-15 10:00:00|Monitor50.txt",2025-11-15T10:00:00Z,2025-11-21T16:30:00Z,"OK","M","DGRP149","21.5C","Winter","NA","08:12","M50","Batch15_DGRP",0.261659530146974,376.789723411642,0.106560222145088,51.1489066296425,0.339236111111111,325.666666666667,2160,360,45720,0.251908396946565,362.748091603053,0.024948024948025,11.975051975052,0.365625,351,3780,420,59880,0.229007633587786,329.770992366412,0.0498960498960499,23.950103950104,0.31875,306,14100,420,43140,0.215822345593338,310.784177654407,0.0145530145530146,6.98544698544699,0.316666666666667,304,10800,540,48120,0.156835530881332,225.843164469119,0.0478170478170478,22.952182952183,0.211458333333333,203,300,420,41220,0.174878556557946,251.825121443442,0.124740124740125,59.8752598752599,0.2,192,2280,360,66780,0.541290770298404,779.458709229702,0.378378378378378,181.621621621622,0.622916666666667,598,12.6666666666667,40.5526315789474,34,26.5833333333333
"2025-11-15 10:00:00|Monitor50.txt|17",17,"2025-11-15 10:00:00|Monitor50.txt",2025-11-15T10:00:00Z,2025-11-21T16:30:00Z,"OK","M","DGRP149","21.5C","Winter","NA","08:12","M50","Batch15_DGRP",0.344173128110172,495.609304478648,0.128080527594585,61.4786532454009,0.452256944444445,434.166666666667,2040,300,53700,0.401804302567661,578.598195697432,0.178794178794179,85.8212058212058,0.513541666666667,493,4320,660,50400,0.396946564885496,571.603053435115,0.145530145530146,69.8544698544699,0.522916666666667,502,1740,600,44220,0.396946564885496,571.603053435115,0.128898128898129,61.8711018711019,0.53125,510,660,480,45360,0.322692574600972,464.677307425399,0.0478170478170478,22.952182952183,0.460416666666667,442,6900,300,72720,0.13324080499653,191.866759195003,0.0498960498960499,23.950103950104,0.175,168,900,300,39360,0.412907702984039,594.587092297016,0.218295218295218,104.781704781705,0.510416666666667,490,15.1666666666667,37.7362637362638,29.6666666666667,28.685393258427
"2025-11-15 10:00:00|Monitor50.txt|18",18,"2025-11-15 10:00:00|Monitor50.txt",2025-11-15T10:00:00Z,2025-11-21T16:30:00Z,"OK","M","DGRP149","21.5C","Winter","NA","08:12","M50","Batch15_DGRP",0.388380974424257,559.268603170929,0.142658799028115,68.4762235334953,0.511284722222222,490.833333333333,11820,540,52500,0.380985426786954,548.619014573213,0.0540540540540541,25.9459459459459,0.544791666666667,523,3420,900,63120,0.436502428868841,628.563497571131,0.147609147609148,70.8523908523909,0.58125,558,1740,420,42960,0.433032616238723,623.566967383761,0.195426195426195,93.8045738045738,0.552083333333333,530,36180,360,41280,0.359472588480222,517.64052741152,0.0873180873180873,41.9126819126819,0.495833333333333,476,27120,540,48360,0.337265787647467,485.662734212353,0.0187110187110187,8.98128898128898,0.496875,477,10800,8940,10800,0.382373351839001,550.617626648161,0.353430353430353,169.64656964657,0.396875,381,7.16666666666667,64.5116279069768,28.8333333333333,33.5028901734104
"2025-11-15 10:00:00|Monitor50.txt|19",19,"2025-11-15 10:00:00|Monitor50.txt",2025-11-15T10:00:00Z,2025-11-21T16:30:00Z,"OK","M","DGRP149","21.5C","Winter","NA","08:12","M50","Batch15_DGRP",0.228098599699109,328.461983566717,0.13745227351614,65.9770912877473,0.2734375,262.5,7380,300,45180,0.230395558639833,331.76960444136,0.0395010395010395,18.960498960499,0.326041666666667,313,23940,360,55380,0.104094378903539,149.895905621096,0.0124740124740125,5.98752598752599,0.15,144,40620,480,41520,0.152671755725191,219.847328244275,0,0,0.229166666666667,220,10080,300,42120,0.0423317140874393,60.9576682859126,0.0332640332640333,15.966735966736,0.046875,45,5940,600,84180,0.142262317834837,204.857737682165,0.108108108108108,51.8918918918919,0.159375,153,420,360,35640,0.696738376127689,1003.30326162387,0.632016632016632,303.367983367983,0.729166666666667,700,8.5,46.3333333333333,24.3333333333333,42.5547945205479
"2025-11-15 10:00:00|Monitor50.txt|20",20,"2025-11-15 10:00:00|Monitor50.txt",2025-11-15T10:00:00Z,2025-11-21T16:30:00Z,"OK","M","DGRP149","21.5C","Winter","NA","08:12","M50","Batch15_DGRP",0.250896886934383,361.291517185511,0.150642138146477,72.3082263103089,0.301041666666667,289,9060,720,44880,0.351839000693963,506.648160999306,0.291060291060291,139.70893970894,0.382291666666667,367,7260,420,8700,0.216516308119362,311.783483691881,0.168399168399168,80.8316008316008,0.240625,231,12960,360,66000,0.15058986814712,216.849410131853,0.0415800415800416,19.95841995842,0.205208333333333,197,12360,360,39180,0.140180430256766,201.859819569743,0.0124740124740125,5.98752598752599,0.204166666666667,196,3240,300,59400,0.193615544760583,278.806384455239,0.0478170478170478,22.952182952183,0.266666666666667,256,1440,600,65460,0.45176960444136,650.548230395559,0.340956340956341,163.659043659044,0.507291666666667,487,12.5,36.52,43.6666666666667,22.3091603053435
"2025-11-15 10:00:00|Monitor50.txt|22",22,"2025-11-15 10:00:00|Monitor50.txt",2025-11-15T10:00:00Z,2025-11-21T16:30:00Z,"OK","M","DGRP149","21.5C","Winter","NA","08:12","M50","Batch15_DGRP",0.403772711491725,581.432704548085,0.173897952099965,83.4710170079833,0.51875,498,3480,360,51000,0.192921582234559,277.807078417765,0.135135135135135,64.8648648648649,0.221875,213,0,540,66840,0.375433726578765,540.624566273421,0.176715176715177,84.8232848232848,0.475,456,9300,300,46740,0.443442054129077,638.556557945871,0.106029106029106,50.8939708939709,0.6125,588,13020,1200,40440,0.573907009021513,826.426092990979,0.32016632016632,153.679833679834,0.701041666666667,673,9360,360,39180,0.514920194309507,741.485079805691,0.237006237006237,113.762993762994,0.654166666666667,628,6780,360,42660,0.321304649548924,462.678695350451,0.0686070686070686,32.9313929313929,0.447916666666667,430,13.3333333333333,36.9,23.3333333333333,40
"2025-11-15 10:00:00|Monitor50.txt|23",23,"2025-11-15 10:00:00|Monitor50.txt",2025-11-15T10:00:00Z,2025-11-21T16:30:00Z,"OK","M","DGRP149","21.5C","Winter","NA","08:12","M50","Batch15_DGRP",0.564170813563245,812.405971531073,0.266921207913919,128.122179798681,0.712847222222222,684.333333333333,4200,420,45420,0.468424705065926,674.531575294934,0.185031185031185,88.8149688149688,0.610416666666667,586,3120,360,71760,0.481609993060375,693.51839000694,0.079002079002079,37.9209979209979,0.683333333333333,656,4320,360,35460,0.46911866759195,675.530881332408,0.0873180873180873,41.9126819126819,0.660416666666667,634,2340,600,48180,0.396946564885496,571.603053435115,0.0540540540540541,25.9459459459459,0.56875,546,2580,360,75120,0.634975711311589,914.365024288688,0.284823284823285,136.715176715177,0.810416666666667,778,3780,360,23040,0.933379597501735,1344.0666204025,0.912681912681913,438.087318087318,0.94375,906,15.1666666666667,32.0989010989011,34.1666666666667,26.6487804878049
"2025-11-15 10:00:00|Monitor50.txt|24",24,"2025-11-15 10:00:00|Monitor50.txt",2025-11-15T10:00:00Z,2025-11-21T16:30:00Z,"OK","M","DGRP149","21.5C","Winter","NA","08:12","M50","Batch15_DGRP",0.54368707325541,782.909385487791,0.26032627559875,124.9566122874,0.685416666666667,658,3720,780,47700,0.528105482303956,760.471894517696,0.130977130977131,62.8690228690229,0.727083333333333,698,5520,600,41220,0.504510756419153,726.495489243581,0.255717255717256,122.744282744283,0.629166666666667,604,180,360,40200,0.620402498265094,893.379597501735,0.345114345114345,165.654885654886,0.758333333333333,728,8460,1260,36600,0.508674531575295,732.491325468425,0.172557172557173,82.8274428274428,0.677083333333333,650,1980,300,44820,0.526717557251908,758.473282442748,0.224532224532225,107.775467775468,0.678125,651,540,420,38340,0.571825121443442,823.428174878557,0.43035343035343,206.569646569647,0.642708333333333,617,24.5,21.3809523809524,18.8333333333333,47.6814159292036
"2025-11-15 10:00:00|Monitor50.txt|25",25,"2025-11-15 10:00:00|Monitor50.txt",2025-11-15T10:00:00Z,2025-11-21T16:30:00Z,"OK","M","DGRP149","21.5C","Winter","NA","08:12","M50","Batch15_DGRP",0.651429232727694,938.058095127879,0.555015619576536,266.407497396737,0.699652777777778,671.666666666667,3420,300,54480,0.647467036780014,932.35253296322,0.474012474012474,227.525987525988,0.734375,705,600,360,40620,0.696738376127689,1003.30326162387,0.594594594594595,285.405405405405,0.747916666666667,718,480,420,57180,0.678695350451076,977.321304649549,0.523908523908524,251.476091476092,0.75625,726,960,1560,37380,0.745315752949341,1073.25468424705,0.717255717255717,344.282744282744,0.759375,729,960,480,38280,0.623178348369188,897.376821651631,0.492723492723493,236.507276507277,0.688541666666667,661,780,600,8820,0.516308119361555,743.483691880639,0.525987525987526,252.474012474012,0.511458333333333,491,28.1666666666667,17.301775147929,27.5,33.7272727272727
"2025-11-15 10:00:00|Monitor50.txt|26",26,"2025-11-15 10:00:00|Monitor50.txt",2025-11-15T10:00:00Z,2025-11-21T16:30:00Z,"OK","M","DGRP149","21.5C","Winter","NA","08:12","M50","Batch15_DGRP",0.306446013192917,441.282258997801,0.130857341200972,62.8115237764665,0.394270833333333,378.5,7800,420,60840,0.302567661346287,435.697432338654,0.0706860706860707,33.9293139293139,0.41875,402,3540,300,74400,0.304649548924358,438.695350451076,0.0228690228690229,10.977130977131,0.445833333333333,428,39120,420,58020,0.283136710617627,407.716863289382,0,0,0.425,408,21840,300,58740,0.193615544760583,278.806384455239,0.0103950103950104,4.98960498960499,0.285416666666667,274,11640,420,62760,0.238029146426093,342.761970853574,0.0623700623700624,29.9376299376299,0.326041666666667,313,360,420,67200,0.515614156835531,742.484385843165,0.617463617463617,296.382536382536,0.464583333333333,446,12.1666666666667,29.4109589041096,47.8333333333333,22.1184668989547
"2025-11-15 10:00:00|Monitor50.txt|27",27,"2025-11-15 10:00:00|Monitor50.txt",2025-11-15T10:00:00Z,2025-11-21T16:30:00Z,"OK","M","DGRP149","21.5C","Winter","NA","08:12","M50","Batch15_DGRP",0.243837518805694,351.126027080199,0.0964942728219368,46.3172509545297,0.317534722222222,304.833333333333,1140,480,46680,0.279666897987509,402.720333102013,0.0977130977130977,46.9022869022869,0.370833333333333,356,39960,420,55380,0.207494795281055,298.792505204719,0,0,0.311458333333333,299,6840,360,49980,0.289382373351839,416.710617626648,0.0124740124740125,5.98752598752599,0.428125,411,14040,540,31920,0.103400416377516,148.896599583622,0.0187110187110187,8.98128898128898,0.145833333333333,140,9720,360,42420,0.168632893823734,242.831367106176,0.16008316008316,76.8399168399168,0.172916666666667,166,1380,480,35820,0.414295628036086,596.585704371964,0.291060291060291,139.70893970894,0.476041666666667,457,10.3333333333333,39.5967741935484,39,25.8803418803419
"2025-11-15 10:00:00|Monitor50.txt|28",28,"2025-11-15 10:00:00|Monitor50.txt",2025-11-15T10:00:00Z,2025-11-21T16:30:00Z,"OK","M","DGRP149","21.5C","Winter","NA","08:12","M50","Batch15_DGRP",0.46047911121398,663.089920148131,0.385977091287747,185.269003818119,0.497743055555556,477.833333333333,0,300,70080,0.366412213740458,527.63358778626,0.307692307692308,147.692307692308,0.395833333333333,380,4500,720,56760,0.392782789729355,565.607217210271,0.234927234927235,112.765072765073,0.471875,453,660,480,60240,0.433032616238723,623.566967383761,0.301455301455301,144.698544698545,0.498958333333333,479,1020,600,63420,0.351145038167939,505.648854961832,0.264033264033264,126.735966735967,0.394791666666667,379,60,600,8700,0.483691880638446,696.516308119362,0.553014553014553,265.446985446986,0.448958333333333,431,840,600,37020,0.73560027758501,1059.26439972241,0.654885654885655,314.345114345114,0.776041666666667,745,30.5,17.6666666666667,51.1666666666667,16.814332247557
"2025-11-15 10:00:00|Monitor50.txt|29",29,"2025-11-15 10:00:00|Monitor50.txt",2025-11-15T10:00:00Z,2025-11-21T16:30:00Z,"OK","M","DGRP149","21.5C","Winter","NA","08:12","M50","Batch15_DGRP",0.259229255873163,373.290128457355,0.0579659840333218,27.8236723359944,0.359895833333333,345.5,7620,300,50220,0.272033310201249,391.727966689799,0.0415800415800416,19.95841995842,0.3875,372,17880,300,52860,0.278278972935462,400.721721027065,0.0311850311850312,14.968814968815,0.402083333333333,386,6840,300,43920,0.220680083275503,317.779319916725,0.0395010395010395,18.960498960499,0.311458333333333,299,13620,300,49200,0.224149895905621,322.775850104094,0.024948024948025,11.975051975052,0.323958333333333,311,60,360,43260,0.265093684941013,381.734906315059,0.051975051975052,24.948024948025,0.371875,357,2460,300,43260,0.294240111034004,423.705759888966,0.158004158004158,75.8419958419959,0.3625,348,8.5,62.2549019607843,25.5,35.202614379085
"2025-11-15 10:00:00|Monitor50.txt|30",30,"2025-11-15 10:00:00|Monitor50.txt",2025-11-15T10:00:00Z,2025-11-21T16:30:00Z,"OK","M","DGRP149","21.5C","Winter","NA","08:12","M50","Batch15_DGRP",0.222775141765999,320.796204143039,0.0451232211037834,21.659146129816,0.311631944444444,299.166666666667,2220,360,48120,0.320610687022901,461.679389312977,0.0665280665280665,31.9334719334719,0.447916666666667,430,6300,360,44400,0.261623872310895,376.738376127689,0.0478170478170478,22.952182952183,0.36875,354,11400,300,54900,0.210964607911173,303.789035392089,0.024948024948025,11.975051975052,0.304166666666667,292,37620,300,40680,0.155447605829285,223.844552394171,0,0,0.233333333333333,224,41940,840,62100,0.171408743927828,246.828591256072,0,0,0.257291666666667,247,2400,300,46680,0.215822345593338,310.784177654407,0.130977130977131,62.8690228690229,0.258333333333333,248,5.83333333333333,64.1428571428572,43.1666666666667,24.2316602316602
"2025-11-15 10:00:00|Monitor50.txt|31",31,"2025-11-15 10:00:00|Monitor50.txt",2025-11-15T10:00:00Z,2025-11-21T16:30:00Z,"OK","M","DGRP149","21.5C","Winter","NA","08:12","M50","Batch15_DGRP",0.273463719476912,393.787756046754,0.189864630336689,91.1350225616106,0.315277777777778,302.666666666667,60,360,60600,0.265787647467037,382.734212352533,0.180873180873181,86.8191268191268,0.308333333333333,296,360,360,47280,0.276197085357391,397.723802914643,0.11018711018711,52.8898128898129,0.359375,345,3060,300,54300,0.238723108952117,343.761276891048,0.0914760914760915,43.9085239085239,0.3125,300,9600,600,56940,0.120749479528105,173.879250520472,0.0561330561330561,26.9438669438669,0.153125,147,300,300,65820,0.190145732130465,273.80985426787,0.114345114345114,54.8856548856549,0.228125,219,780,1140,45480,0.54823039555864,789.451769604441,0.584199584199584,280.4158004158,0.530208333333333,509,17.1666666666667,34.8349514563107,40.8333333333333,20.1591836734694
"2025-11-15 10:00:00|Monitor50.txt|32",32,"2025-11-15 10:00:00|Monitor50.txt",2025-11-15T10:00:00Z,2025-11-21T16:30:00Z,"OK","M","DGRP149","21.5C","Winter","NA","08:12","M50","Batch15_DGRP",0.26559425992362,382.455734290013,0.103436306837904,49.6494272821937,0.346701388888889,332.833333333333,4920,420,43560,0.317834836918806,457.682165163081,0.120582120582121,57.8794178794179,0.416666666666667,400,8580,840,57900,0.293546148507981,422.706453851492,0.0852390852390852,40.9147609147609,0.397916666666667,382,5580,300,49560,0.273421235253296,393.726578764747,0.0353430353430353,16.964656964657,0.392708333333333,377,14280,540,55440,0.22206800832755,319.777931991673,0.0187110187110187,8.98128898128898,0.323958333333333,311,1080,600,65820,0.138792505204719,199.861207494795,0.116424116424116,55.8835758835759,0.15,144,1680,600,59340,0.346981263011797,499.653018736988,0.243243243243243,116.756756756757,0.398958333333333,383,11.8333333333333,45.2816901408451,30.1666666666667,29.5524861878453
"2025-11-15 10:00:00|Monitor51.txt|01",1,"2025-11-15 10:00:00|Monitor51.txt",2025-11-15T10:00:00Z,2025-11-21T16:30:00Z,"OK","M","DGRP229","21.5C","Winter","NA","08:12","M51","Batch15_DGRP",0.567063997222544,816.572156000463,0.587990281152378,282.235334953141,0.556597222222222,534.333333333333,0,1020,64920,0.566273421235253,815.433726578765,0.607068607068607,291.392931392931,0.545833333333333,524,1980,2520,55080,0.568355308813324,818.431644691187,0.62993762993763,302.370062370062,0.5375,516,120,300,48540,0.589174184594032,848.410825815406,0.683991683991684,328.316008316008,0.541666666666667,520,300,480,51720,0.611380985426787,880.388619014573,0.58004158004158,278.419958419958,0.627083333333333,602,1680,540,66000,0.499653018736988,719.500346981263,0.604989604989605,290.39501039501,0.446875,429,840,300,46200,0.56557945870923,814.434420541291,0.415800415800416,199.5841995842,0.640625,615,20.8333333333333,23.064,42.3333333333333,21.9330708661417
"2025-11-15 10:00:00|Monitor51.txt|02",2,"2025-11-15 10:00:00|Monitor51.txt",2025-11-15T10:00:00Z,2025-11-21T16:30:00Z,"OK","M","DGRP229","21.5C","Winter","NA","08:12","M51","Batch15_DGRP",0.82826061798403,1192.695289897,0.866365845192641,415.855605692468,0.809201388888889,776.833333333333,0,16140,0,0.837612768910479,1206.16238723109,0.9002079002079,432.099792099792,0.80625,774,2520,300,50460,0.820263705759889,1181.17973629424,0.877338877338877,421.122661122661,0.791666666666667,760,360,3600,62400,0.82234559333796,1184.17765440666,0.906444906444906,435.093555093555,0.780208333333333,749,2220,3000,13740,0.778625954198473,1121.2213740458,0.792099792099792,380.2079002079,0.771875,741,1860,420,54120,0.875086745315753,1260.12491325468,0.896049896049896,430.10395010395,0.864583333333333,830,600,300,64500,0.835530881332408,1203.16446911867,0.825363825363825,396.174636174636,0.840625,807,17.5,25.9809523809524,41,22.9512195121951
"2025-11-15 10:00:00|Monitor51.txt|03",3,"2025-11-15 10:00:00|Monitor51.txt",2025-11-15T10:00:00Z,2025-11-21T16:30:00Z,"OK","M","DGRP229","21.5C","Winter","NA","08:12","M51","Batch15_DGRP",0.267908806851059,385.788681865525,0.348490107601527,167.275251648733,0.227604166666667,218.5,780,480,6360,0.232477446217904,334.767522553782,0.505197505197505,242.494802494803,0.0958333333333333,92,4680,360,75480,0.215822345593338,310.784177654407,0.116424116424116,55.8835758835759,0.265625,255,1860,300,81120,0.173490631505899,249.826509368494,0.218295218295218,104.781704781705,0.151041666666667,145,1680,300,64620,0.303955586398335,437.696044413602,0.274428274428274,131.725571725572,0.31875,306,360,480,67560,0.350451075641915,504.649548924358,0.505197505197505,242.494802494803,0.272916666666667,262,420,720,4800,0.331020124913255,476.668979875087,0.46985446985447,225.530145530146,0.261458333333333,251,32,19.2552083333333,35.8333333333333,22.3441860465116
"2025-11-15 10:00:00|Monitor51.txt|04",4,"2025-11-15 10:00:00|Monitor51.txt",2025-11-15T10:00:00Z,2025-11-21T16:30:00Z,"OK","M","DGRP229","21.5C","Winter","NA","08:12","M51","Batch15_DGRP",0.674921884041199,971.887513019326,0.685178757375911,328.885803540437,0.669791666666667,643,660,2040,68340,0.648160999306037,933.351839000694,0.769230769230769,369.230769230769,0.5875,564,60,600,6540,0.668285912560722,962.331714087439,0.602910602910603,289.397089397089,0.701041666666667,673,3000,2040,52860,0.63705759888966,917.36294240111,0.663201663201663,318.336798336798,0.623958333333333,599,480,360,42600,0.673837612768911,970.326162387231,0.750519750519751,360.24948024948,0.635416666666667,610,540,360,49080,0.717557251908397,1033.28244274809,0.765072765072765,367.234927234927,0.69375,666,1920,360,72240,0.704371963913949,1014.29562803609,0.559251559251559,268.440748440748,0.777083333333333,746,23.3333333333333,21.2,32.6666666666667,28.1785714285714
"2025-11-15 10:00:00|Monitor51.txt|05",5,"2025-11-15 10:00:00|Monitor51.txt",2025-11-15T10:00:00Z,2025-11-21T16:30:00Z,"OK","M","DGRP229","21.5C","Winter","NA","08:12","M51","Batch15_DGRP",0.6720287003819,967.721328549936,0.81048247136411,389.031586254773,0.602777777777778,578.666666666667,0,7080,53640,0.605829285218598,872.394170714781,0.831600831600832,399.168399168399,0.492708333333333,473,1500,4680,64560,0.732130464954892,1054.26786953505,0.871101871101871,418.128898128898,0.6625,636,4800,9780,47520,0.664816099930604,957.335183900069,0.792099792099792,380.2079002079,0.601041666666667,577,420,600,41040,0.609299097848716,877.390700902151,0.744282744282744,357.255717255717,0.541666666666667,520,4200,2100,68520,0.739070090215128,1064.26092990978,0.819126819126819,393.180873180873,0.698958333333333,671,120,5100,42480,0.68147120055517,981.318528799445,0.804573804573805,386.195426195426,0.619791666666667,595,14.3333333333333,36.4418604651163,28.1666666666667,31.5621301775148
"2025-11-15 10:00:00|Monitor51.txt|06",6,"2025-11-15 10:00:00|Monitor51.txt",2025-11-15T10:00:00Z,2025-11-21T16:30:00Z,"OK","M","DGRP229","21.5C","Winter","NA","08:12","M51","Batch15_DGRP",0.50387686610346,725.582687188983,0.455397431447414,218.590767094759,0.528125,507,1200,360,55500,0.54059680777238,778.459403192228,0.61954261954262,297.380457380457,0.501041666666667,481,2820,1020,68580,0.59264399722415,853.407356002776,0.686070686070686,329.313929313929,0.545833333333333,524,1200,360,53460,0.374045801526718,538.625954198473,0.207900207900208,99.7920997920998,0.457291666666667,439,2820,360,46800,0.682859125607217,983.317140874393,0.683991683991684,328.316008316008,0.682291666666667,655,720,360,39900,0.442748091603053,637.557251908397,0.268191268191268,128.731808731809,0.530208333333333,509,360,420,60660,0.39000693962526,561.609993060375,0.266112266112266,127.733887733888,0.452083333333333,434,25.3333333333333,20.9342105263158,39.6666666666667,21.9579831932773
"2025-11-15 10:00:00|Monitor51.txt|07",7,"2025-11-15 10:00:00|Monitor51.txt",2025-11-15T10:00:00Z,2025-11-21T16:30:00Z,"OK","M","DGRP229","21.5C","Winter","NA","08:12","M51","Batch15_DGRP",0.608378659877329,876.065270223354,0.602568552585908,289.232905241236,0.611284722222222,586.833333333333,2460,360,59460,0.643997224149896,927.35600277585,0.584199584199584,280.4158004158,0.673958333333333,647,2100,360,38100,0.611380985426787,880.388619014573,0.45945945945946,220.540540540541,0.6875,660,6240,2760,56880,0.605135322692575,871.394864677307,0.559251559251559,268.440748440748,0.628125,603,1020,420,37200,0.757113115891742,1090.24288688411,0.765072765072765,367.234927234927,0.753125,723,480,600,17580,0.707841776544067,1019.29215822346,0.810810810810811,389.189189189189,0.65625,630,2700,300,19800,0.324774462179042,467.675225537821,0.436590436590437,209.56340956341,0.26875,258,23.5,19.1347517730496,52.8333333333333,17.7287066246057
"2025-11-15 10:00:00|Monitor51.txt|08",8,"2025-11-15 10:00:00|Monitor51.txt",2025-11-15T10:00:00Z,2025-11-21T16:30:00Z,"OK","M","DGRP229","21.5C","Winter","NA","08:12","M51","Batch15_DGRP",0.439301006827913,632.593449832195,0.321069073238459,154.11315515446,0.4984375,478.5,480,420,67680,0.444829979181124,640.555170020819,0.517671517671518,248.482328482328,0.408333333333333,392,2040,900,65940,0.4941013185288,711.505898681471,0.449064449064449,215.550935550936,0.516666666666667,496,2760,540,57660,0.448993754337266,646.551006245663,0.345114345114345,165.654885654886,0.501041666666667,481,5760,360,54840,0.493407356002776,710.506592643997,0.168399168399168,80.8316008316008,0.65625,630,1260,420,61440,0.321998612074948,463.678001387925,0.251559251559252,120.748440748441,0.357291666666667,343,1980,300,60780,0.431644691186676,621.568355308813,0.193347193347193,92.8066528066528,0.551041666666667,529,22.1666666666667,25.3533834586466,37,23.0225225225225
"2025-11-15 10:00:00|Monitor51.txt|09",9,"2025-11-15 10:00:00|Monitor51.txt",2025-11-15T10:00:00Z,2025-11-21T16:30:00Z,"OK","M","DGRP229","21.5C","Winter","NA","08:12","M51","Batch15_DGRP",0.725841916444856,1045.21235968059,0.798333911836168,383.200277681361,0.689583333333333,662,120,3420,6240,0.721027064538515,1038.27897293546,0.833679833679834,400.16632016632,0.664583333333333,638,3480,4920,11640,0.705759888965996,1016.29424011103,0.758835758835759,364.241164241164,0.679166666666667,652,8040,2460,48900,0.734906315058987,1058.26509368494,0.829521829521829,398.170478170478,0.6875,660,1620,300,83340,0.741845940319223,1068.25815405968,0.804573804573805,386.195426195426,0.710416666666667,682,4800,540,8100,0.741845940319223,1068.25815405968,0.814968814968815,391.185031185031,0.705208333333333,677,120,600,35880,0.710617626648161,1023.28938237335,0.750519750519751,360.24948024948,0.690625,663,16.1666666666667,29.3814432989691,29.3333333333333,31.9375
"2025-11-15 10:00:00|Monitor51.txt|10",10,"2025-11-15 10:00:00|Monitor51.txt",2025-11-15T10:00:00Z,2025-11-21T16:30:00Z,"OK","M","DGRP229","21.5C","Winter","NA","08:12","M51","Batch15_DGRP",0.256914708945724,369.957180881842,0.115237764665047,55.3141270392225,0.327777777777778,314.666666666667,2640,360,72780,0.145038167938931,208.854961832061,0.0977130977130977,46.9022869022869,0.16875,162,180,360,56280,0.0749479528105482,107.925052047189,0.0769230769230769,36.9230769230769,0.0739583333333333,71,6240,300,68700,0.320610687022901,461.679389312977,0.0478170478170478,22.952182952183,0.457291666666667,439,3480,420,55620,0.344899375433727,496.655100624566,0.178794178794179,85.8212058212058,0.428125,411,7320,480,48600,0.259541984732824,373.740458015267,0.0956340956340956,45.9043659043659,0.341666666666667,328,960,420,60060,0.395558639833449,569.604441360167,0.193347193347193,92.8066528066528,0.496875,477,14.8333333333333,37.8876404494382,39.5,21.8059071729958
"2025-11-15 10:00:00|Monitor51.txt|11",11,"2025-11-15 10:00:00|Monitor51.txt",2025-11-15T10:00:00Z,2025-11-21T16:30:00Z,"OK","M","DGRP229","21.5C","Winter","NA","08:12","M51","Batch15_DGRP",0.81344751764842,1171.36442541373,0.860812217979868,413.189864630337,0.789756944444445,758.166666666667,0,3240,45180,0.867453157529493,1249.13254684247,0.881496881496882,423.118503118503,0.860416666666667,826,1020,2640,6480,0.881332408049965,1269.11866759195,0.941787941787942,452.058212058212,0.851041666666667,817,240,900,45720,0.860513532269257,1239.13948646773,0.933471933471933,448.066528066528,0.823958333333333,791,540,300,64260,0.714781401804303,1029.2852185982,0.758835758835759,364.241164241164,0.692708333333333,665,660,1140,46020,0.746009715475364,1074.25399028452,0.760914760914761,365.239085239085,0.738541666666667,709,3240,8160,3240,0.810548230395559,1167.1894517696,0.887733887733888,426.112266112266,0.771875,741,23.6666666666667,18.887323943662,36,26.3009259259259
"2025-11-15 10:00:00|Monitor51.txt|12",12,"2025-11-15 10:00:00|Monitor51.txt",2025-11-15T10:00:00Z,2025-11-21T16:30:00Z,"OK","M","DGRP229","21.5C","Winter","NA","08:12","M51","Batch15_DGRP",0.462099294063187,665.42298345099,0.421034363068379,202.096494272822,0.482638888888889,463.333333333333,0,3480,0,0.401804302567661,578.598195697432,0.432432432432432,207.567567567568,0.386458333333333,371,120,300,58920,0.340041637751561,489.659958362249,0.222453222453222,106.777546777547,0.398958333333333,383,600,300,64980,0.316446911866759,455.683553088133,0.247401247401247,118.752598752599,0.351041666666667,337,2640,780,68940,0.58292852185982,839.41707147814,0.492723492723493,236.507276507277,0.628125,603,1560,540,54240,0.600971547536433,865.399028452464,0.590436590436591,283.409563409563,0.60625,582,1080,600,52440,0.53088133240805,764.469118667592,0.542619542619543,260.45738045738,0.525,504,32.3333333333333,16.5515463917526,53,16.4937106918239
"2025-11-15 10:00:00|Monitor51.txt|14",14,"2025-11-15 10:00:00|Monitor51.txt",2025-11-15T10:00:00Z,2025-11-21T16:30:00Z,"OK","M","DGRP229","21.5C","Winter","NA","08:12","M51","Batch15_DGRP",0.642518227057054,925.226246962157,0.580701145435613,278.736549809094,0.6734375,646.5,480,840,47160,0.775156141568355,1116.22484385843,0.823284823284823,395.176715176715,0.751041666666667,721,360,420,54480,0.650936849410132,937.34906315059,0.692307692307692,332.307692307692,0.630208333333333,605,540,720,55320,0.761276891047884,1096.23872310895,0.762993762993763,366.237006237006,0.760416666666667,730,60,840,40380,0.836918806384455,1205.16308119362,0.74012474012474,355.259875259875,0.885416666666667,850,1380,1440,67260,0.448299791811242,645.551700208189,0.293139293139293,140.706860706861,0.526041666666667,505,1140,300,48780,0.380985426786954,548.619014573213,0.168399168399168,80.8316008316008,0.4875,468,24.6666666666667,23.9864864864865,26.3333333333333,30.9303797468354
"2025-11-15 10:00:00|Monitor51.txt|16",16,"2025-11-15 10:00:00|Monitor51.txt",2025-11-15T10:00:00Z,2025-11-21T16:30:00Z,"OK","M","DGRP229","21.5C","Winter","NA","08:12","M51","Batch15_DGRP",0.775836130077537,1117.20402731165,0.809441166261715,388.531759805623,0.759027777777778,728.666666666667,0,1020,10440,0.783483691880639,1128.21651630812,0.893970893970894,429.106029106029,0.728125,699,4320,1020,55140,0.779319916724497,1122.22068008328,0.858627858627859,412.141372141372,0.739583333333333,710,4440,420,61140,0.802914642609299,1156.19708535739,0.77962577962578,374.220374220374,0.814583333333333,782,1260,420,49320,0.782789729354615,1127.21721027065,0.806652806652807,387.193347193347,0.770833333333333,740,120,540,43920,0.818875780707842,1179.18112421929,0.775467775467775,372.224532224532,0.840625,807,780,5160,780,0.687022900763359,989.312977099237,0.74012474012474,355.259875259875,0.660416666666667,634,19,24.6140350877193,34.6666666666667,26.9278846153846
"2025-11-15 10:00:00|Monitor51.txt|17",17,"2025-11-15 10:00:00|Monitor51.txt",2025-11-15T10:00:00Z,2025-11-21T16:30:00Z,"OK","M","DGRP229","21.5C","Winter","NA","08:12","M51","Batch15_DGRP",0.539405161439648,776.743432473093,0.399166955918084,191.60013884068,0.609548611111111,585.166666666667,10680,840,69720,0.3705759888966,533.629424011104,0.22037422037422,105.779625779626,0.445833333333333,428,1800,960,49200,0.38029146426093,547.619708535739,0.293139293139293,140.706860706861,0.423958333333333,407,3060,1680,60360,0.515614156835531,742.484385843165,0.345114345114345,165.654885654886,0.601041666666667,577,360,1980,45960,0.645385149201943,929.354614850798,0.509355509355509,244.490644490645,0.713541666666667,685,3840,2280,43380,0.673837612768911,970.326162387231,0.565488565488566,271.434511434512,0.728125,699,3660,300,49380,0.648854961832061,934.351145038168,0.457380457380458,219.54261954262,0.744791666666667,715,18.5,32.3963963963964,17.5,46.5904761904762
"2025-11-15 10:00:00|Monitor51.txt|18",18,"2025-11-15 10:00:00|Monitor51.txt",2025-11-15T10:00:00Z,2025-11-21T16:30:00Z,"OK","M","DGRP229","21.5C","Winter","NA","08:12","M51","Batch15_DGRP",0.845735447286194,1217.85904409212,0.814300590072891,390.864283234988,0.861458333333333,827,0,900,57480,0.666897987508675,960.333102012491,0.532224532224532,255.467775467776,0.734375,705,1020,1860,48420,0.820957668285913,1182.17904233171,0.804573804573805,386.195426195426,0.829166666666667,796,180,480,41760,0.910478834142956,1311.08952116586,0.912681912681913,438.087318087318,0.909375,873,2220,360,58620,0.897293546148508,1292.10270645385,0.887733887733888,426.112266112266,0.902083333333333,866,960,2700,41460,0.878556557945871,1265.12144344205,0.864864864864865,415.135135135135,0.885416666666667,850,1560,1020,52620,0.900763358778626,1297.09923664122,0.885654885654886,425.114345114345,0.908333333333333,872,23.8333333333333,18.6783216783217,32.5,28.9384615384615
"2025-11-15 10:00:00|Monitor51.txt|19",19,"2025-11-15 10:00:00|Monitor51.txt",2025-11-15T10:00:00Z,2025-11-21T16:30:00Z,"OK","M","DGRP229","21.5C","Winter","NA","08:12","M51","Batch15_DGRP",0.387570882999653,558.1020715195,0.395695938910101,189.934050676848,0.383506944444444,368.166666666667,0,2700,62820,0.624566273421235,899.375433726579,0.746361746361746,358.253638253638,0.563541666666667,541,1140,2520,66840,0.54059680777238,778.459403192228,0.621621621621622,298.378378378378,0.5,480,3180,1020,61560,0.271339347675226,390.728660652325,0.282744282744283,135.717255717256,0.265625,255,540,300,56760,0.302567661346287,435.697432338654,0.182952182952183,87.8170478170478,0.3625,348,2460,600,57000,0.269951422623178,388.730048577377,0.266112266112266,127.733887733888,0.271875,261,540,420,71160,0.316446911866759,455.683553088133,0.274428274428274,131.725571725572,0.3375,324,27,22.2716049382716,34.1666666666667,24
"2025-11-15 10:00:00|Monitor51.txt|20",20,"2025-11-15 10:00:00|Monitor51.txt",2025-11-15T10:00:00Z,2025-11-21T16:30:00Z,"OK","M","DGRP229","21.5C","Winter","NA","08:12","M51","Batch15_DGRP",0.492882768198125,709.7511862053,0.387712599791739,186.102047900035,0.545486111111111,523.666666666667,0,1140,64440,0.650936849410132,937.34906315059,0.609147609147609,292.390852390852,0.671875,645,300,480,68580,0.490631505898682,706.509368494101,0.374220374220374,179.62577962578,0.548958333333333,527,720,300,67380,0.557251908396947,802.442748091603,0.386694386694387,185.613305613306,0.642708333333333,617,480,300,66120,0.539208882720333,776.46079111728,0.261954261954262,125.738045738046,0.678125,651,840,1920,49200,0.534351145038168,769.465648854962,0.496881496881497,238.503118503119,0.553125,531,3420,420,7440,0.1852879944483,266.814712005552,0.1995841995842,95.8004158004158,0.178125,171,25.6666666666667,22.025974025974,39.3333333333333,21.3898305084746
"2025-11-15 10:00:00|Monitor51.txt|21",21,"2025-11-15 10:00:00|Monitor51.txt",2025-11-15T10:00:00Z,2025-11-21T16:30:00Z,"OK","M","DGRP229","21.5C","Winter","NA","08:12","M51","Batch15_DGRP",0.15507464413841,223.30748755931,0.187087816730302,89.802152030545,0.1390625,133.5,120,360,61680,0.277585010409438,399.722414989591,0.212058212058212,101.787941787942,0.310416666666667,298,3420,660,61380,0.141568355308813,203.858431644691,0.178794178794179,85.8212058212058,0.122916666666667,118,840,600,61860,0.0964607911172797,138.903539208883,0.126819126819127,60.8731808731809,0.08125,78,600,300,56400,0.099236641221374,142.900763358779,0.124740124740125,59.8752598752599,0.0864583333333333,83,2460,300,23280,0.195697432338654,281.804302567661,0.330561330561331,158.669438669439,0.128125,123,600,420,25740,0.119361554476058,171.880638445524,0.147609147609148,70.8523908523909,0.105208333333333,101,24,31.0833333333333,24.3333333333333,28.1712328767123
"2025-11-15 10:00:00|Monitor51.txt|22",22,"2025-11-15 10:00:00|Monitor51.txt",2025-11-15T10:00:00Z,2025-11-21T16:30:00Z,"OK","M","DGRP229","21.5C","Winter","NA","08:12","M51","Batch15_DGRP",0.565328087026964,814.072445318829,0.414092329052412,198.764317945158,0.640972222222222,615.333333333333,5040,360,56820,0.373351839000694,537.626648160999,0.141372141372141,67.8586278586279,0.489583333333333,470,1320,360,46320,0.575988896599584,829.4240111034,0.415800415800416,199.5841995842,0.65625,630,2220,300,56100,0.55794587092297,803.442054129077,0.426195426195426,204.573804573805,0.623958333333333,599,10920,300,43200,0.53088133240805,764.469118667592,0.176715176715177,84.8232848232848,0.708333333333333,680,300,1140,77220,0.696044413601666,1002.3039555864,0.754677754677755,362.245322245322,0.666666666666667,640,660,300,50400,0.657182512144344,946.342817487856,0.56964656964657,273.430353430353,0.701041666666667,673,28,21.7380952380952,29.6666666666667,26.6348314606742
"2025-11-15 10:00:00|Monitor51.txt|23",23,"2025-11-15 10:00:00|Monitor51.txt",2025-11-15T10:00:00Z,2025-11-21T16:30:00Z,"OK","M","DGRP229","21.5C","Winter","NA","08:12","M51","Batch15_DGRP",0.699224626779308,1006.8834625622,0.645609163484901,309.892398472753,0.726041666666667,697,6900,1140,58800,0.570437196391395,821.429562803609,0.509355509355509,244.490644490645,0.601041666666667,577,7980,300,51240,0.748091603053435,1077.25190839695,0.698544698544699,335.301455301455,0.772916666666667,742,5400,2580,42420,0.661346287300486,952.338653712699,0.646569646569647,310.35343035343,0.66875,642,5400,6420,50820,0.739070090215128,1064.26092990978,0.733887733887734,352.266112266112,0.741666666666667,712,3420,1800,6780,0.813324080499653,1171.1866759195,0.79002079002079,379.209979209979,0.825,792,3540,480,36540,0.662734212352533,954.337265787647,0.494802494802495,237.505197505198,0.746875,717,14,31.8095238095238,25.3333333333333,38.2631578947368
"2025-11-15 10:00:00|Monitor51.txt|24",24,"2025-11-15 10:00:00|Monitor51.txt",2025-11-15T10:00:00Z,2025-11-21T16:30:00Z,"OK","M","DGRP229","21.5C","Winter","NA","08:12","M51","Batch15_DGRP",0.434440458280292,625.59425992362,0.342936480388754,164.609510586602,0.480208333333333,461,3540,960,70500,0.344205412907703,495.655794587092,0.291060291060291,139.70893970894,0.370833333333333,356,3180,360,56640,0.385843164469119,555.614156835531,0.268191268191268,128.731808731809,0.444791666666667,427,660,300,57840,0.344899375433727,496.655100624566,0.241164241164241,115.758835758836,0.396875,381,600,360,52980,0.549618320610687,791.450381679389,0.380457380457381,182.619542619543,0.634375,609,480,540,54060,0.625954198473283,901.374045801527,0.444906444906445,213.555093555094,0.716666666666667,688,2700,1320,58980,0.355308813324081,511.644691186676,0.43035343035343,206.569646569647,0.317708333333333,305,30.5,16.1857923497268,45.8333333333333,20.1418181818182
"2025-11-15 10:00:00|Monitor51.txt|25",25,"2025-11-15 10:00:00|Monitor51.txt",2025-11-15T10:00:00Z,2025-11-21T16:30:00Z,"OK","M","DGRP229","21.5C","Winter","NA","08:12","M51","Batch15_DGRP",0.834857076727231,1202.19419048721,0.815341895175286,391.364109684137,0.844618055555556,810.833333333333,0,1920,12240,0.874392782789729,1259.12560721721,0.864864864864865,415.135135135135,0.879166666666667,844,4920,1200,51060,0.892435808466343,1285.10756419153,0.910602910602911,437.089397089397,0.883333333333333,848,360,480,64620,0.85912560721721,1237.14087439278,0.881496881496882,423.118503118503,0.847916666666667,814,1740,360,65640,0.802220680083276,1155.19777931992,0.727650727650728,349.272349272349,0.839583333333333,806,1620,1860,56940,0.84177654406662,1212.15822345593,0.771309771309771,370.22869022869,0.877083333333333,842,0,360,43560,0.738376127689105,1063.26162387231,0.733887733887734,352.266112266112,0.740625,711,19.5,23.0854700854701,31.5,30.2698412698413
"2025-11-15 10:00:00|Monitor51.txt|26",26,"2025-11-15 10:00:00|Monitor51.txt",2025-11-15T10:00:00Z,2025-11-21T16:30:00Z,"OK","M","DGRP229","21.5C","Winter","NA","08:12","M51","Batch15_DGRP",0.60722138641361,874.398796435598,0.634849010760153,304.727525164873,0.593402777777778,569.666666666667,120,480,62940,0.514920194309507,741.485079805691,0.523908523908524,251.476091476092,0.510416666666667,490,5160,360,41940,0.626648160999306,902.373351839001,0.708939708939709,340.29106029106,0.585416666666667,562,1560,9060,53520,0.642609299097849,925.357390700902,0.686070686070686,329.313929313929,0.620833333333333,596,180,2880,41820,0.741845940319223,1068.25815405968,0.844074844074844,405.155925155925,0.690625,663,1860,8220,1860,0.701596113809854,1010.29840388619,0.852390852390852,409.147609147609,0.626041666666667,601,1080,300,68700,0.416377515614157,599.583622484386,0.195426195426195,93.8045738045738,0.527083333333333,506,17,35.9803921568628,24.8333333333333,32.0536912751678
"2025-11-15 10:00:00|Monitor51.txt|27",27,"2025-11-15 10:00:00|Monitor51.txt",2025-11-15T10:00:00Z,2025-11-21T16:30:00Z,"OK","M","DGRP229","21.5C","Winter","NA","08:12","M51","Batch15_DGRP",0.812521698877445,1170.03124638352,0.799722318639361,383.866712946893,0.818923611111111,786.166666666667,0,1500,54960,0.794587092297016,1144.2054129077,0.835758835758836,401.164241164241,0.773958333333333,743,180,420,57360,0.847328244274809,1220.15267175573,0.941787941787942,452.058212058212,0.8,768,5520,5880,50340,0.811936155447606,1169.18806384455,0.798336798336798,383.201663201663,0.81875,786,1380,300,40200,0.854961832061069,1231.14503816794,0.787941787941788,378.212058212058,0.888541666666667,853,60,1860,38040,0.812630117973629,1170.18736988203,0.731808731808732,351.268191268191,0.853125,819,4920,600,48540,0.7529493407356,1084.24705065926,0.700623700623701,336.299376299376,0.779166666666667,748,15.8333333333333,30.0736842105263,18.6666666666667,50.0803571428572
"2025-11-15 10:00:00|Monitor51.txt|28",28,"2025-11-15 10:00:00|Monitor51.txt",2025-11-15T10:00:00Z,2025-11-21T16:30:00Z,"OK","M","DGRP229","21.5C","Winter","NA","08:12","M51","Batch15_DGRP",0.394167341742854,567.60097210971,0.308226310308921,147.948628948282,0.437152777777778,419.666666666667,1020,360,14760,0.368494101318529,530.631505898681,0.434511434511435,208.565488565489,0.335416666666667,322,5040,360,53880,0.357390700902151,514.642609299098,0.170478170478171,81.8295218295218,0.451041666666667,433,240,300,58260,0.335183900069396,482.664816099931,0.185031185031185,88.8149688149688,0.410416666666667,394,1080,480,57960,0.464260929909785,668.53573907009,0.422037422037422,202.577962577963,0.485416666666667,466,240,1500,58320,0.429562803608605,618.570437196392,0.40956340956341,196.590436590437,0.439583333333333,422,2040,420,58020,0.408743927827897,588.591256072172,0.224532224532225,107.775467775468,0.501041666666667,481,25,21.2866666666667,34.3333333333333,25.6893203883495
"2025-11-15 10:00:00|Monitor51.txt|29",29,"2025-11-15 10:00:00|Monitor51.txt",2025-11-15T10:00:00Z,2025-11-21T16:30:00Z,"OK","M","DGRP229","21.5C","Winter","NA","08:12","M51","Batch15_DGRP",0.500636500405046,720.916560583266,0.372093023255814,178.604651162791,0.564930555555556,542.333333333333,240,960,61200,0.418459403192228,602.581540596808,0.492723492723493,236.507276507277,0.38125,366,300,480,53220,0.462873004857738,666.537126995142,0.280665280665281,134.719334719335,0.554166666666667,532,60,360,55500,0.438584316446912,631.561415683553,0.201663201663202,96.7983367983368,0.557291666666667,535,900,360,63060,0.603053435114504,868.396946564886,0.507276507276507,243.492723492724,0.651041666666667,625,900,300,44580,0.600971547536433,865.399028452464,0.407484407484407,195.592515592516,0.697916666666667,670,240,840,57300,0.479528105482304,690.520471894518,0.343035343035343,164.656964656965,0.547916666666667,526,32.5,15.1435897435897,41.5,21.6987951807229
"2025-11-15 10:00:00|Monitor51.txt|30",30,"2025-11-15 10:00:00|Monitor51.txt",2025-11-15T10:00:00Z,2025-11-21T16:30:00Z,"OK","M","DGRP229","21.5C","Winter","NA","08:12","M51","Batch15_DGRP",0.484666126605717,697.919222312232,0.424852481777161,203.929191253037,0.514583333333333,494,600,480,54780,0.641915336571825,924.358084663428,0.61954261954262,297.380457380457,0.653125,627,840,420,65820,0.574600971547536,827.425399028452,0.528066528066528,253.471933471934,0.597916666666667,574,1260,300,71280,0.308119361554476,443.691880638446,0.158004158004158,75.8419958419959,0.383333333333333,368,3300,300,55020,0.410825815405968,591.589174184594,0.322245322245322,154.677754677755,0.455208333333333,437,540,1200,69360,0.467036780013879,672.532963219986,0.388773388773389,186.611226611227,0.50625,486,360,1860,360,0.505898681471201,728.494101318529,0.534303534303534,256.465696465697,0.491666666666667,472,27.6666666666667,19.9337349397591,45.1666666666667,18.9225092250923
"2025-11-15 10:00:00|Monitor51.txt|31",31,"2025-11-15 10:00:00|Monitor51.txt",2025-11-15T10:00:00Z,2025-11-21T16:30:00Z,"OK","M","DGRP229","21.5C","Winter","NA","08:12","M51","Batch15_DGRP",0.567758361300775,817.572040273117,0.432141617493926,207.427976397084,0.635590277777778,610.166666666667,0,660,71460,0.449687716863289,647.550312283137,0.353430353430353,169.64656964657,0.497916666666667,478,1260,420,61860,0.450381679389313,648.549618320611,0.328482328482329,157.671517671518,0.511458333333333,491,120,360,38580,0.441360166551006,635.558639833449,0.357588357588358,171.642411642412,0.483333333333333,464,1140,300,39540,0.648854961832061,934.351145038168,0.46985446985447,225.530145530146,0.738541666666667,709,900,900,54540,0.720333102012491,1037.27966689799,0.557172557172557,267.442827442828,0.802083333333333,770,1980,600,49080,0.695350451075642,1001.30464954892,0.525987525987526,252.474012474012,0.780208333333333,749,30.3333333333333,18.5494505494505,40.6666666666667,20.5491803278689
"2025-11-15 10:00:00|Monitor51.txt|32",32,"2025-11-15 10:00:00|Monitor51.txt",2025-11-15T10:00:00Z,2025-11-21T16:30:00Z,"OK","M","DGRP229","21.5C","Winter","NA","08:12","M51","Batch15_DGRP",0.767966670524245,1105.87200555491,0.746962860118015,358.542172856647,0.778472222222222,747.333333333333,240,660,65160,0.766134628730049,1103.23386537127,0.796257796257796,382.203742203742,0.751041666666667,721,240,420,58860,0.678695350451076,977.321304649549,0.575883575883576,276.424116424116,0.730208333333333,701,2520,360,47400,0.750173490631506,1080.24982650937,0.744282744282744,357.255717255717,0.753125,723,240,1020,45780,0.798750867453158,1150.20124913255,0.738045738045738,354.261954261954,0.829166666666667,796,900,420,68160,0.802914642609299,1156.19708535739,0.771309771309771,370.22869022869,0.81875,786,240,720,58980,0.810548230395559,1167.1894517696,0.854469854469854,410.14553014553,0.788541666666667,757,33.1666666666667,13.5778894472362,45.6666666666667,20.3613138686131
"2025-11-15 10:00:00|Monitor52.txt|01",1,"2025-11-15 10:00:00|Monitor52.txt",2025-11-15T10:00:00Z,2025-11-21T16:30:00Z,"OK","M","DGRP239","21.5C","Winter","NA","08:12","M52","Batch15_DGRP",0.820969795162597,1182.19650503414,0.884068031933357,424.352655328011,0.789409722222222,757.833333333333,0,660,61500,0.739764052741152,1065.26023594726,0.879417879417879,422.120582120582,0.669791666666667,643,180,28080,36300,0.809160305343512,1165.19083969466,0.975051975051975,468.024948024948,0.726041666666667,697,3240,15960,34080,0.805690492713394,1160.19430950729,0.848232848232848,407.151767151767,0.784375,753,1200,720,39060,0.747397640527412,1076.25260235947,0.827442827442827,397.172557172557,0.707291666666667,679,180,5400,39120,0.961832061068702,1385.03816793893,0.983367983367983,472.016632016632,0.951041666666667,913,120,300,48780,0.861901457321305,1241.13809854268,0.79002079002079,379.209979209979,0.897916666666667,862,11.6666666666667,44.8,21.1666666666667,42.496062992126
"2025-11-15 10:00:00|Monitor52.txt|04",4,"2025-11-15 10:00:00|Monitor52.txt",2025-11-15T10:00:00Z,2025-11-21T16:30:00Z,"OK","M","DGRP239","21.5C","Winter","NA","08:12","M52","Batch15_DGRP",0.765536396250434,1102.37241060063,0.799722318639361,383.866712946893,0.7484375,718.5,0,2040,43200,0.752255378209577,1083.24774462179,0.848232848232848,407.151767151767,0.704166666666667,676,3120,12240,3120,0.77793199167245,1120.22206800833,0.877338877338877,421.122661122661,0.728125,699,1200,3420,34200,0.785565579458709,1131.21443442054,0.773388773388773,371.226611226611,0.791666666666667,760,1080,6360,1080,0.744621790423317,1072.25537820958,0.798336798336798,383.201663201663,0.717708333333333,689,1260,1800,3780,0.758501040943789,1092.24149895906,0.756756756756757,363.243243243243,0.759375,729,840,840,47220,0.774462179042332,1115.22553782096,0.744282744282744,357.255717255717,0.789583333333333,758,17.6666666666667,28.4056603773585,39.3333333333333,22.7966101694915
"2025-11-15 10:00:00|Monitor52.txt|05",5,"2025-11-15 10:00:00|Monitor52.txt",2025-11-15T10:00:00Z,2025-11-21T16:30:00Z,"OK","M","DGRP239","21.5C","Winter","NA","08:12","M52","Batch15_DGRP",0.775720402731165,1117.03737993288,0.760152724748351,364.873307879209,0.783506944444445,752.166666666667,0,420,50520,0.650936849410132,937.34906315059,0.590436590436591,283.409563409563,0.68125,654,60,1080,46680,0.825121443442054,1188.17487855656,0.825363825363825,396.174636174636,0.825,792,900,1140,47880,0.785565579458709,1131.21443442054,0.827442827442827,397.172557172557,0.764583333333333,734,1440,3180,43920,0.80499653018737,1159.19500346981,0.856548856548857,411.143451143451,0.779166666666667,748,780,480,37920,0.793893129770992,1143.20610687023,0.746361746361746,358.253638253638,0.817708333333333,785,2640,360,51540,0.793893129770992,1143.20610687023,0.715176715176715,343.284823284823,0.833333333333333,800,21.1666666666667,25.7874015748032,29.6666666666667,28.9438202247191
"2025-11-15 10:00:00|Monitor52.txt|06",6,"2025-11-15 10:00:00|Monitor52.txt",2025-11-15T10:00:00Z,2025-11-21T16:30:00Z,"OK","M","DGRP239","21.5C","Winter","NA","08:12","M52","Batch15_DGRP",0.832773984492536,1199.19453766925,0.828878861506422,397.861853523082,0.834722222222222,801.333333333333,0,1200,32160,0.852879944482998,1228.14712005552,0.792099792099792,380.2079002079,0.883333333333333,848,960,2040,3600,0.828591256072172,1193.17140874393,0.875259875259875,420.12474012474,0.805208333333333,773,1920,2760,39720,0.83969465648855,1209.16030534351,0.827442827442827,397.172557172557,0.845833333333333,812,120,6480,29520,0.827203331020125,1191.17279666898,0.806652806652807,387.193347193347,0.8375,804,420,10740,420,0.842470506592644,1213.15752949341,0.866943866943867,416.133056133056,0.830208333333333,797,1020,480,2880,0.805690492713394,1160.19430950729,0.804573804573805,386.195426195426,0.80625,774,18,26.4722222222222,31.1666666666667,29.8716577540107
"2025-11-15 10:00:00|Monitor52.txt|07",7,"2025-11-15 10:00:00|Monitor52.txt",2025-11-15T10:00:00Z,2025-11-21T16:30:00Z,"OK","M","DGRP239","21.5C","Winter","NA","08:12","M52","Batch15_DGRP",0.900937391505613,1297.34984376808,0.894133981256508,429.184311003124,0.904340277777778,868.166666666667,0,600,39060,0.810548230395559,1167.1894517696,0.748440748440749,359.251559251559,0.841666666666667,808,6180,2160,42360,0.913254684247051,1315.08674531575,0.952182952182952,457.047817047817,0.89375,858,120,300,39000,0.879250520471895,1266.12074947953,0.83991683991684,403.160083160083,0.898958333333333,863,3060,1680,38580,0.929215822345593,1338.07078417765,0.964656964656965,463.035343035343,0.911458333333333,875,1500,300,8400,0.927133934767523,1335.07286606523,0.943866943866944,453.056133056133,0.91875,882,1320,1200,66540,0.94587092297016,1362.05412907703,0.914760914760915,439.085239085239,0.961458333333333,923,14.6666666666667,30.9545454545455,30.5,30.983606557377
"2025-11-15 10:00:00|Monitor52.txt|09",9,"2025-11-15 10:00:00|Monitor52.txt",2025-11-15T10:00:00Z,2025-11-21T16:30:00Z,"OK","M","DGRP239","21.5C","Winter","NA","08:12","M52","Batch15_DGRP",0.536859159819465,773.07719014003,0.729607775078098,350.211732037487,0.440451388888889,422.833333333333,360,540,53880,0.56557945870923,814.434420541291,0.773388773388773,371.226611226611,0.461458333333333,443,0,360,10920,0.57529493407356,828.424705065926,0.754677754677755,362.245322245322,0.485416666666667,466,60,2220,10800,0.484385843164469,697.515614156836,0.706860706860707,339.293139293139,0.372916666666667,358,1080,420,58080,0.520471894517696,749.479528105482,0.661122661122661,317.338877338877,0.45,432,1800,7200,1800,0.538514920194309,775.461485079806,0.762993762993763,366.237006237006,0.426041666666667,409,2580,1500,10020,0.537820957668286,774.462179042332,0.719334719334719,345.280665280665,0.446875,429,21.6666666666667,26.8,39.1666666666667,21.0468085106383
"2025-11-15 10:00:00|Monitor52.txt|12",12,"2025-11-15 10:00:00|Monitor52.txt",2025-11-15T10:00:00Z,2025-11-21T16:30:00Z,"OK","M","DGRP239","21.5C","Winter","NA","08:12","M52","Batch15_DGRP",0.754773753037843,1086.87420437449,0.789309267615411,378.868448455397,0.7375,708,1800,480,10320,0.628730048577377,905.371269951423,0.719334719334719,345.280665280665,0.583333333333333,560,600,2880,41160,0.669673837612769,964.330326162387,0.792099792099792,380.2079002079,0.608333333333333,584,360,1260,16140,0.802914642609299,1156.19708535739,0.812889812889813,390.18711018711,0.797916666666667,766,2700,7380,2700,0.727966689798751,1048.2720333102,0.752598752598753,361.247401247401,0.715625,687,1560,960,83400,0.844552394170715,1216.15544760583,0.806652806652807,387.193347193347,0.863541666666667,829,2760,1080,43500,0.854267869535045,1230.14573213047,0.85031185031185,408.149688149688,0.85625,822,20.8333333333333,22.656,41.3333333333333,22.3467741935484
"2025-11-15 10:00:00|Monitor52.txt|13",13,"2025-11-15 10:00:00|Monitor52.txt",2025-11-15T10:00:00Z,2025-11-21T16:30:00Z,"OK","M","DGRP239","21.5C","Winter","NA","08:12","M52","Batch15_DGRP",0.848512903599121,1221.85858118273,0.891010065949323,427.684831655675,0.827256944444445,794.166666666667,0,25800,83340,0.852185981956975,1227.14781401804,0.896049896049896,430.10395010395,0.830208333333333,797,30960,600,34500,0.818875780707842,1179.18112421929,0.88981288981289,427.110187110187,0.783333333333333,752,1620,1980,33360,0.852879944482998,1228.14712005552,0.916839916839917,440.08316008316,0.820833333333333,788,18960,7140,85020,0.873004857737682,1257.12699514226,0.896049896049896,430.10395010395,0.861458333333333,827,22260,1380,38940,0.838306731436503,1207.16169326856,0.854469854469854,410.14553014553,0.830208333333333,797,15780,1320,17220,0.856349757113116,1233.14365024289,0.893970893970894,429.106029106029,0.8375,804,3.83333333333333,74.5652173913043,22.8333333333333,49.6934306569343
"2025-11-15 10:00:00|Monitor52.txt|15",15,"2025-11-15 10:00:00|Monitor52.txt",2025-11-15T10:00:00Z,2025-11-21T16:30:00Z,"OK","M","DGRP239","21.5C","Winter","NA","08:12","M52","Batch15_DGRP",0.925587316282838,1332.84573544729,0.955223880597015,458.507462686567,0.910763888888889,874.333333333333,300,540,35040,0.908396946564885,1308.09160305344,0.916839916839917,440.08316008316,0.904166666666667,868,5400,8400,38640,0.923664122137404,1330.07633587786,0.95010395010395,456.049896049896,0.910416666666667,874,8820,1740,34020,0.934073560027759,1345.06592643997,0.975051975051975,468.024948024948,0.913541666666667,877,2400,18960,2400,0.924358084663428,1331.07564191534,0.975051975051975,468.024948024948,0.898958333333333,863,1440,480,15360,0.909090909090909,1309.09090909091,0.935550935550936,449.064449064449,0.895833333333333,860,7920,1140,9120,0.954198473282443,1374.04580152672,0.979209979209979,470.02079002079,0.941666666666667,904,7,58.7857142857143,26.6666666666667,37.48125
"2025-11-15 10:00:00|Monitor52.txt|16",16,"2025-11-15 10:00:00|Monitor52.txt",2025-11-15T10:00:00Z,2025-11-21T16:30:00Z,"OK","M","DGRP239","21.5C","Winter","NA","08:12","M52","Batch15_DGRP",0.695058442309918,1000.88415692628,0.793127386324193,380.701145435613,0.646006944444444,620.166666666667,2580,420,17160,0.652324774462179,939.347675225538,0.746361746361746,358.253638253638,0.605208333333333,581,540,780,48360,0.69882026370576,1006.30117973629,0.827442827442827,397.172557172557,0.634375,609,0,600,49740,0.695350451075642,1001.30464954892,0.752598752598753,361.247401247401,0.666666666666667,640,1680,2400,84780,0.713393476752255,1027.28660652325,0.871101871101871,418.128898128898,0.634375,609,20700,780,86400,0.696738376127689,1003.30326162387,0.875259875259875,420.12474012474,0.607291666666667,583,0,6540,6660,0.714087439278279,1028.28591256072,0.686070686070686,329.313929313929,0.728125,699,13.3333333333333,32.975,46,21.0326086956522
"2025-11-15 10:00:00|Monitor52.txt|18",18,"2025-11-15 10:00:00|Monitor52.txt",2025-11-15T10:00:00Z,2025-11-21T16:30:00Z,"OK","M","DGRP239","21.5C","Winter","NA","08:12","M52","Batch15_DGRP",0.687651892142113,990.218724684643,0.78132592849705,375.036445678584,0.640798611111111,615.166666666667,180,360,50100,0.444136016655101,639.555863983345,0.582120582120582,279.417879417879,0.375,360,780,1980,64440,0.638445523941707,919.361554476058,0.827442827442827,397.172557172557,0.54375,522,480,900,13620,0.755031228313671,1087.24496877169,0.77962577962578,374.220374220374,0.742708333333333,713,480,6480,38580,0.736988202637058,1061.26301179736,0.808731808731809,388.191268191268,0.701041666666667,673,1200,420,42720,0.768216516308119,1106.23178348369,0.829521829521829,398.170478170478,0.7375,708,180,2220,8400,0.783483691880639,1128.21651630812,0.860706860706861,413.139293139293,0.744791666666667,715,15.3333333333333,35.2065217391304,36.5,23.6392694063927
"2025-11-15 10:00:00|Monitor52.txt|20",20,"2025-11-15 10:00:00|Monitor52.txt",2025-11-15T10:00:00Z,2025-11-21T16:30:00Z,"OK","M","DGRP239","21.5C","Winter","NA","08:12","M52","Batch15_DGRP",0.500057863673186,720.083323689388,0.483512669212079,232.086081221798,0.508333333333333,488,1380,660,45180,0.535045107564192,770.464954892436,0.546777546777547,262.453222453222,0.529166666666667,508,60,600,43500,0.551700208188758,794.448299791811,0.557172557172557,267.442827442828,0.548958333333333,527,480,420,38640,0.501040943789035,721.498959056211,0.399168399168399,191.600831600832,0.552083333333333,530,300,420,85980,0.449687716863289,647.550312283137,0.349272349272349,167.650727650728,0.5,480,6240,2520,54000,0.53088133240805,764.469118667592,0.594594594594595,285.405405405405,0.498958333333333,479,2220,2580,50940,0.431644691186676,621.568355308813,0.453222453222453,217.546777546778,0.420833333333333,404,23.8333333333333,23.5944055944056,48.5,17.4639175257732
"2025-11-15 10:00:00|Monitor52.txt|23",23,"2025-11-15 10:00:00|Monitor52.txt",2025-11-15T10:00:00Z,2025-11-21T16:30:00Z,"OK","M","DGRP239","21.5C","Winter","NA","08:12","M52","Batch15_DGRP",0.912625853489179,1314.18122902442,0.938562998958695,450.510239500174,0.899652777777778,863.666666666667,1800,1680,3540,0.834142956280361,1201.16585704372,0.879417879417879,422.120582120582,0.811458333333333,779,120,900,84300,0.868147120055517,1250.13185287994,0.95010395010395,456.049896049896,0.827083333333333,794,10440,13080,10440,0.954892435808466,1375.04510756419,0.987525987525988,474.012474012474,0.938541666666667,901,2220,3780,55020,0.932685634975711,1343.06731436502,0.933471933471933,448.066528066528,0.932291666666667,895,3720,5940,42780,0.968077723802915,1394.0319222762,0.970893970893971,466.029106029106,0.966666666666667,928,300,1740,34380,0.917418459403192,1321.0825815406,0.908523908523908,436.091476091476,0.921875,885,11.6666666666667,36.9142857142857,28.8333333333333,33.514450867052
"2025-11-15 10:00:00|Monitor52.txt|24",24,"2025-11-15 10:00:00|Monitor52.txt",2025-11-15T10:00:00Z,2025-11-21T16:30:00Z,"OK","M","DGRP239","21.5C","Winter","NA","08:12","M52","Batch15_DGRP",0.697951625969217,1005.05034139567,0.765359250260326,367.372440124957,0.664236111111111,637.666666666667,2160,480,48300,0.653018736988203,940.346981263012,0.638253638253638,306.361746361746,0.660416666666667,634,180,2340,4440,0.650242886884108,936.349757113116,0.760914760914761,365.239085239085,0.594791666666667,571,720,1080,3660,0.706453851492019,1017.29354614851,0.8004158004158,384.199584199584,0.659375,633,1500,540,54540,0.713393476752255,1027.28660652325,0.758835758835759,364.241164241164,0.690625,663,3720,480,4260,0.6911866759195,995.30881332408,0.781704781704782,375.218295218295,0.645833333333333,620,720,2160,7080,0.773768216516308,1114.22623178348,0.852390852390852,409.147609147609,0.734375,705,17,29.9607843137255,37.5,24.2444444444444
"2025-11-15 10:00:00|Monitor52.txt|28",28,"2025-11-15 10:00:00|Monitor52.txt",2025-11-15T10:00:00Z,2025-11-21T16:30:00Z,"OK","M","DGRP239","21.5C","Winter","NA","08:12","M52","Batch15_DGRP",0.678046522393242,976.386992246268,0.794168691426588,381.200971884762,0.619965277777778,595.166666666667,0,1260,40620,0.577376821651631,831.422623178349,0.62993762993763,302.370062370062,0.551041666666667,529,4740,12240,4740,0.648854961832061,934.351145038168,0.794178794178794,381.205821205821,0.576041666666667,553,5400,420,19260,0.707841776544067,1019.29215822346,0.756756756756757,363.243243243243,0.683333333333333,656,240,10020,83100,0.68147120055517,981.318528799445,0.848232848232848,407.151767151767,0.597916666666667,574,18600,2400,85440,0.739070090215128,1064.26092990978,0.869022869022869,417.130977130977,0.673958333333333,647,13680,5940,38280,0.714781401804303,1029.2852185982,0.869022869022869,417.130977130977,0.6375,612,13,30.2179487179487,41.3333333333333,24.7741935483871
"2025-11-15 10:00:00|Monitor52.txt|29",29,"2025-11-15 10:00:00|Monitor52.txt",2025-11-15T10:00:00Z,2025-11-21T16:30:00Z,"OK","M","DGRP239","21.5C","Winter","NA","08:12","M52","Batch15_DGRP",0.873510010415461,1257.85441499826,0.945505032974662,453.842415827838,0.8375,804,0,720,3060,0.866065232477446,1247.13393476752,0.916839916839917,440.08316008316,0.840625,807,9840,15780,83400,0.847328244274809,1220.15267175573,0.920997920997921,442.079002079002,0.810416666666667,778,25260,360,78660,0.868147120055517,1250.13185287994,0.943866943866944,453.056133056133,0.830208333333333,797,26100,420,82620,0.851492019430951,1226.14850798057,0.962577962577963,462.037422037422,0.795833333333333,764,19560,6060,83280,0.896599583622484,1291.10340041638,0.964656964656965,463.035343035343,0.8625,828,14280,5520,44760,0.911866759195003,1313.08813324081,0.964656964656965,463.035343035343,0.885416666666667,850,5.5,42.7878787878788,24.6666666666667,47.9932432432433
"2025-11-15 10:00:00|Monitor52.txt|30",30,"2025-11-15 10:00:00|Monitor52.txt",2025-11-15T10:00:00Z,2025-11-21T16:30:00Z,"OK","M","DGRP239","21.5C","Winter","NA","08:12","M52","Batch15_DGRP",0.648536049068395,933.891910658489,0.582089552238806,279.402985074627,0.681770833333333,654.5,0,420,45900,0.574600971547536,827.425399028452,0.632016632016632,303.367983367983,0.545833333333333,524,1920,660,36360,0.696044413601666,1002.3039555864,0.72972972972973,350.27027027027,0.679166666666667,652,3900,1440,39660,0.642609299097849,925.357390700902,0.501039501039501,240.498960498961,0.713541666666667,685,3180,840,36060,0.721721027064539,1039.27827897294,0.74012474012474,355.259875259875,0.7125,684,540,1020,43980,0.614156835530881,884.385843164469,0.486486486486487,233.513513513514,0.678125,651,2040,420,33600,0.642609299097849,925.357390700902,0.405405405405405,194.594594594595,0.761458333333333,731,29.6666666666667,15.8595505617977,34,27.5735294117647
"2025-11-15 10:00:00|Monitor52.txt|31",31,"2025-11-15 10:00:00|Monitor52.txt",2025-11-15T10:00:00Z,2025-11-21T16:30:00Z,"OK","M","DGRP239","21.5C","Winter","NA","08:12","M52","Batch15_DGRP",0.688114801527601,990.885314199745,0.690038181187088,331.218326969802,0.687152777777778,659.666666666667,0,540,44280,0.566273421235253,815.433726578765,0.613305613305613,294.386694386694,0.542708333333333,521,1920,2760,42360,0.690492713393477,994.309507286606,0.719334719334719,345.280665280665,0.676041666666667,649,540,1080,35580,0.701596113809854,1010.29840388619,0.636174636174636,305.363825363825,0.734375,705,1140,960,46140,0.696044413601666,1002.3039555864,0.711018711018711,341.288981288981,0.688541666666667,661,420,540,12960,0.717557251908397,1033.28244274809,0.748440748440749,359.251559251559,0.702083333333333,674,540,660,1260,0.757807078417765,1091.24219292158,0.715176715176715,343.284823284823,0.779166666666667,748,30.5,16.551912568306,46.1666666666667,19.0685920577617
"2025-11-15 10:00:00|Monitor53.txt|01",1,"2025-11-15 10:00:00|Monitor53.txt",2025-11-15T10:00:00Z,2025-11-21T16:30:00Z,"OK","M","DGRP492","21.5C","Winter","NA","08:12","M53","Batch15_DGRP",0.603170929290591,868.566138178452,0.546338077056578,262.242276987157,0.631597222222222,606.333333333333,0,1500,40140,0.692574600971548,997.307425399029,0.517671517671518,248.482328482328,0.780208333333333,749,8040,14220,8040,0.697432338653713,1004.30256766135,0.694386694386694,333.305613305613,0.698958333333333,671,60,600,20820,0.626648160999306,902.373351839001,0.563409563409563,270.43659043659,0.658333333333333,632,3840,300,7260,0.55794587092297,803.442054129077,0.563409563409563,270.43659043659,0.555208333333333,533,9180,5580,44040,0.451075641915337,649.548924358085,0.397089397089397,190.602910602911,0.478125,459,180,1140,46740,0.591256072172103,851.408743927828,0.536382536382536,257.463617463618,0.61875,594,14.6666666666667,32.0227272727273,41,22.739837398374
"2025-11-15 10:00:00|Monitor53.txt|02",2,"2025-11-15 10:00:00|Monitor53.txt",2025-11-15T10:00:00Z,2025-11-21T16:30:00Z,"OK","M","DGRP492","21.5C","Winter","NA","08:12","M53","Batch15_DGRP",0.585464645295683,843.069089225784,0.687608469281499,330.05206525512,0.534375,513,0,1380,69180,0.595419847328244,857.404580152672,0.711018711018711,341.288981288981,0.5375,516,2160,420,7020,0.54823039555864,789.451769604441,0.733887733887734,352.266112266112,0.455208333333333,437,120,2280,2700,0.528799444829979,761.47120055517,0.648648648648649,311.351351351351,0.46875,450,720,3060,82860,0.575988896599584,829.4240111034,0.588357588357588,282.411642411642,0.569791666666667,547,900,3720,4680,0.626648160999306,902.373351839001,0.723492723492724,347.276507276507,0.578125,555,540,4440,540,0.637751561415684,918.362248438584,0.719334719334719,345.280665280665,0.596875,573,18.6666666666667,30.0089285714286,60.5,13.732782369146
"2025-11-15 10:00:00|Monitor53.txt|04",4,"2025-11-15 10:00:00|Monitor53.txt",2025-11-15T10:00:00Z,2025-11-21T16:30:00Z,"OK","M","DGRP492","21.5C","Winter","NA","08:12","M53","Batch15_DGRP",0.670639972225437,965.721560004629,0.864283234987851,414.855952794169,0.573784722222222,550.833333333333,0,720,67740,0.616238723108952,887.383761276891,0.802494802494803,385.197505197505,0.522916666666667,502,1320,1920,72840,0.59264399722415,853.407356002776,0.835758835758836,401.164241164241,0.470833333333333,452,420,1680,85440,0.556557945870923,801.443442054129,0.812889812889813,390.18711018711,0.428125,411,3180,3000,58680,0.682165163081194,982.317834836919,0.943866943866944,453.056133056133,0.551041666666667,529,180,6060,52260,0.789035392088827,1136.21096460791,0.873180873180873,419.126819126819,0.746875,717,240,360,62760,0.78764746703678,1134.21235253296,0.916839916839917,440.08316008316,0.722916666666667,694,16.6666666666667,28.83,43.5,21.3486590038314
"2025-11-15 10:00:00|Monitor53.txt|05",5,"2025-11-15 10:00:00|Monitor53.txt",2025-11-15T10:00:00Z,2025-11-21T16:30:00Z,"OK","M","DGRP492","21.5C","Winter","NA","08:12","M53","Batch15_DGRP",0.606179840296262,872.898970026617,0.589378687955571,282.901770218674,0.614583333333333,590,0,960,60000,0.775156141568355,1116.22484385843,0.742203742203742,356.257796257796,0.791666666666667,760,1740,300,40080,0.689798750867453,993.310201249133,0.694386694386694,333.305613305613,0.6875,660,5280,3120,40920,0.558639833448994,804.441360166551,0.550935550935551,264.449064449064,0.5625,540,1200,1740,44760,0.51353226925746,739.486467730743,0.523908523908524,251.476091476092,0.508333333333333,488,540,420,66000,0.561415683553088,808.438584316447,0.544698544698545,261.455301455301,0.569791666666667,547,1260,1740,71460,0.539208882720333,776.46079111728,0.482328482328482,231.517671517672,0.567708333333333,545,23.6666666666667,24.9225352112676,25.8333333333333,31.7161290322581
"2025-11-15 10:00:00|Monitor53.txt|06",6,"2025-11-15 10:00:00|Monitor53.txt",2025-11-15T10:00:00Z,2025-11-21T16:30:00Z,"OK","M","DGRP492","21.5C","Winter","NA","08:12","M53","Batch15_DGRP",0.681749797477144,981.719708367087,0.562651856994099,270.072891357168,0.741319444444445,711.666666666667,480,300,38460,0.679389312977099,978.320610687023,0.575883575883576,276.424116424116,0.73125,702,1440,360,62700,0.683553088133241,984.316446911867,0.555093555093555,266.444906444906,0.747916666666667,718,4080,300,66120,0.68147120055517,981.318528799445,0.602910602910603,289.397089397089,0.720833333333333,692,1620,300,61260,0.682859125607217,983.317140874393,0.509355509355509,244.490644490645,0.769791666666667,739,600,600,63600,0.657876474670368,947.34212352533,0.509355509355509,244.490644490645,0.732291666666667,703,2760,1260,64320,0.704371963913949,1014.29562803609,0.621621621621622,298.378378378378,0.745833333333333,716,22.1666666666667,26.8646616541353,14.6666666666667,56.0795454545455
"2025-11-15 10:00:00|Monitor53.txt|07",7,"2025-11-15 10:00:00|Monitor53.txt",2025-11-15T10:00:00Z,2025-11-21T16:30:00Z,"OK","M","DGRP492","21.5C","Winter","NA","08:12","M53","Batch15_DGRP",0.741812290244185,1068.20969795163,0.734467198889275,352.544255466852,0.745486111111111,715.666666666667,3660,300,36480,0.796668979875087,1147.20333102013,0.773388773388773,371.226611226611,0.808333333333333,776,2820,660,65160,0.807772380291464,1163.19222761971,0.79002079002079,379.209979209979,0.816666666666667,784,1680,2280,52260,0.657182512144344,946.342817487856,0.515592515592516,247.484407484408,0.728125,699,0,5220,61800,0.695350451075642,1001.30464954892,0.69022869022869,331.309771309771,0.697916666666667,670,540,3000,4560,0.802914642609299,1156.19708535739,0.794178794178794,381.205821205821,0.807291666666667,775,2340,360,3780,0.6911866759195,995.30881332408,0.844074844074844,405.155925155925,0.614583333333333,590,20,24.0916666666667,30.6666666666667,29.9510869565217
"2025-11-15 10:00:00|Monitor53.txt|08",8,"2025-11-15 10:00:00|Monitor53.txt",2025-11-15T10:00:00Z,2025-11-21T16:30:00Z,"OK","M","DGRP492","21.5C","Winter","NA","08:12","M53","Batch15_DGRP",0.634070130771901,913.060988311538,0.696980215203055,334.550503297466,0.602604166666667,578.5,7440,540,42060,0.668285912560722,962.331714087439,0.575883575883576,276.424116424116,0.714583333333333,686,60,2460,44400,0.660652324774462,951.339347675226,0.61954261954262,297.380457380457,0.68125,654,3720,420,7020,0.675225537820958,972.324774462179,0.773388773388773,371.226611226611,0.626041666666667,601,3960,11880,3960,0.69882026370576,1006.30117973629,0.752598752598753,361.247401247401,0.671875,645,540,360,17760,0.506592643997224,729.493407356003,0.64033264033264,307.359667359667,0.439583333333333,422,180,300,8280,0.59264399722415,853.407356002776,0.812889812889813,390.18711018711,0.482291666666667,463,15,36.6111111111111,29.1666666666667,29.5085714285714
"2025-11-15 10:00:00|Monitor53.txt|09",9,"2025-11-15 10:00:00|Monitor53.txt",2025-11-15T10:00:00Z,2025-11-21T16:30:00Z,"OK","M","DGRP492","21.5C","Winter","NA","08:12","M53","Batch15_DGRP",0.839254715889365,1208.52679088069,0.928149947934745,445.511975008678,0.794791666666667,763,0,1620,40080,0.861207494795281,1240.1387925052,0.929313929313929,446.070686070686,0.827083333333333,794,21900,7260,46500,0.918112421929216,1322.08188757807,0.997920997920998,479.002079002079,0.878125,843,37680,840,38760,0.899375433726579,1295.10062456627,1,480,0.848958333333333,815,7920,6060,81360,0.8147120055517,1173.18528799445,0.948024948024948,455.051975051975,0.747916666666667,718,3900,10200,63000,0.780707841776544,1124.21929215822,0.885654885654886,425.114345114345,0.728125,699,540,9660,45480,0.761970853573907,1097.23802914643,0.808731808731809,388.191268191268,0.738541666666667,709,9.33333333333333,33.4285714285714,17.1666666666667,64.3592233009709
"2025-11-15 10:00:00|Monitor53.txt|11",11,"2025-11-15 10:00:00|Monitor53.txt",2025-11-15T10:00:00Z,2025-11-21T16:30:00Z,"OK","M","DGRP492","21.5C","Winter","NA","08:12","M53","Batch15_DGRP",0.774331674574702,1115.03761138757,0.871572370704616,418.354737938216,0.725694444444445,696.666666666667,0,5940,7200,0.831367106176267,1197.16863289382,0.906444906444906,435.093555093555,0.79375,762,840,16800,840,0.709923664122137,1022.29007633588,0.852390852390852,409.147609147609,0.638541666666667,613,300,4980,7080,0.732130464954892,1054.26786953505,0.844074844074844,405.155925155925,0.676041666666667,649,4380,2100,84900,0.784177654406662,1129.21582234559,0.804573804573805,386.195426195426,0.773958333333333,743,10260,7080,68940,0.790423317140875,1138.20957668286,0.931392931392931,447.068607068607,0.719791666666667,691,1080,2220,65640,0.798056904927134,1149.20194309507,0.88981288981289,427.110187110187,0.752083333333333,722,11.1666666666667,44.0149253731343,31.1666666666667,29.2513368983957
"2025-11-15 10:00:00|Monitor53.txt|13",13,"2025-11-15 10:00:00|Monitor53.txt",2025-11-15T10:00:00Z,2025-11-21T16:30:00Z,"OK","M","DGRP492","21.5C","Winter","NA","08:12","M53","Batch15_DGRP",0.474945029510473,683.920842495082,0.557792433182923,267.740367927803,0.433506944444444,416.166666666667,0,6960,83820,0.547536433032616,788.452463566967,0.700623700623701,336.299376299376,0.470833333333333,452,10980,2040,85440,0.472588480222068,680.527411519778,0.719334719334719,345.280665280665,0.348958333333333,335,7920,1680,11460,0.460791117279667,663.53920888272,0.663201663201663,318.336798336798,0.359375,345,1200,1200,2460,0.422623178348369,608.577376821652,0.434511434511435,208.565488565489,0.416666666666667,400,360,1080,84300,0.424011103400416,610.5759888966,0.349272349272349,167.650727650728,0.461458333333333,443,4200,2580,78600,0.523941707147814,754.476058292852,0.484407484407485,232.515592515593,0.54375,522,15.1666666666667,39.021978021978,31,26.6075268817204
"2025-11-15 10:00:00|Monitor53.txt|16",16,"2025-11-15 10:00:00|Monitor53.txt",2025-11-15T10:00:00Z,2025-11-21T16:30:00Z,"OK","M","DGRP492","21.5C","Winter","NA","08:12","M53","Batch15_DGRP",0.733017011919917,1055.54449716468,0.729954876778896,350.37834085387,0.734548611111111,705.166666666667,3600,780,67080,0.764746703678001,1101.23525329632,0.673596673596674,323.326403326403,0.810416666666667,778,1680,2820,56880,0.728660652324775,1049.27133934768,0.806652806652807,387.193347193347,0.689583333333333,662,3720,300,9900,0.587786259541985,846.412213740458,0.621621621621622,298.378378378378,0.570833333333333,548,1140,300,70080,0.728660652324775,1049.27133934768,0.733887733887734,352.266112266112,0.726041666666667,697,120,3240,80940,0.791117279666898,1139.20888272033,0.771309771309771,370.22869022869,0.801041666666667,769,10740,300,73140,0.796668979875087,1147.20333102013,0.771309771309771,370.22869022869,0.809375,777,16,33.40625,24.5,35.7619047619048
"2025-11-15 10:00:00|Monitor53.txt|17",17,"2025-11-15 10:00:00|Monitor53.txt",2025-11-15T10:00:00Z,2025-11-21T16:30:00Z,"OK","M","DGRP492","21.5C","Winter","NA","08:12","M53","Batch15_DGRP",0.753963661613239,1085.70767272306,0.916348490107602,439.847275251649,0.672743055555556,645.833333333333,0,25740,0,0.825815405968078,1189.17418459403,0.966735966735967,464.033264033264,0.755208333333333,725,480,360,44100,0.837612768910479,1206.16238723109,0.881496881496882,423.118503118503,0.815625,783,6180,19260,6180,0.792505204718945,1141.20749479528,0.88981288981289,427.110187110187,0.74375,714,3480,2940,85500,0.662734212352533,954.337265787647,0.916839916839917,440.08316008316,0.535416666666667,514,20280,900,85140,0.697432338653713,1004.30256766135,0.88981288981289,427.110187110187,0.601041666666667,577,15480,6360,39360,0.70853573907009,1020.29146426093,0.954261954261954,458.045738045738,0.585416666666667,562,7.5,60.5333333333334,36.8333333333333,26.0226244343891
"2025-11-15 10:00:00|Monitor53.txt|18",18,"2025-11-15 10:00:00|Monitor53.txt",2025-11-15T10:00:00Z,2025-11-21T16:30:00Z,"OK","M","DGRP492","21.5C","Winter","NA","08:12","M53","Batch15_DGRP",0.689966439069552,993.551672260155,0.887191947240541,425.85213467546,0.591319444444444,567.666666666667,0,6180,12060,0.770992366412214,1110.22900763359,0.881496881496882,423.118503118503,0.715625,687,660,2700,14340,0.619014573213047,891.380985426787,0.85031185031185,408.149688149688,0.503125,483,300,1140,13380,0.588480222068008,847.411519777932,0.891891891891892,428.108108108108,0.436458333333333,419,2160,8940,84720,0.646079111727967,930.353920888272,0.879417879417879,422.120582120582,0.529166666666667,508,21300,420,82860,0.774462179042332,1115.22553782096,0.916839916839917,440.08316008316,0.703125,675,25320,300,74700,0.741151977793199,1067.25884802221,0.902286902286902,433.097713097713,0.660416666666667,634,9.5,44.5964912280702,52.6666666666667,18.5822784810127
"2025-11-15 10:00:00|Monitor53.txt|24",24,"2025-11-15 10:00:00|Monitor53.txt",2025-11-15T10:00:00Z,2025-11-21T16:30:00Z,"OK","M","DGRP492","21.5C","Winter","NA","08:12","M53","Batch15_DGRP",0.62388612429117,898.396018979285,0.699757028809441,335.883373828532,0.5859375,562.5,0,660,8100,0.646079111727967,930.353920888272,0.825363825363825,396.174636174636,0.55625,534,420,1260,8220,0.569743233865371,820.430256766135,0.769230769230769,369.230769230769,0.469791666666667,451,120,300,2760,0.54059680777238,778.459403192228,0.625779625779626,300.37422037422,0.497916666666667,478,1440,1860,86040,0.622484385843165,896.377515614157,0.623700623700624,299.376299376299,0.621875,597,12000,1680,83280,0.670367800138792,965.329632199861,0.667359667359667,320.33264033264,0.671875,645,3360,8640,3360,0.693962526023595,999.306037473976,0.686070686070686,329.313929313929,0.697916666666667,670,17.1666666666667,31.1165048543689,46.3333333333333,18.6978417266187
"2025-11-15 10:00:00|Monitor53.txt|25",25,"2025-11-15 10:00:00|Monitor53.txt",2025-11-15T10:00:00Z,2025-11-21T16:30:00Z,"OK","M","DGRP492","21.5C","Winter","NA","08:12","M53","Batch15_DGRP",0.697257261890985,1004.05045712302,0.771607080874696,370.371398819854,0.660069444444445,633.666666666667,0,11940,38100,0.774462179042332,1115.22553782096,0.877338877338877,421.122661122661,0.722916666666667,694,180,1260,37080,0.809160305343512,1165.19083969466,0.862785862785863,414.137214137214,0.782291666666667,751,7560,300,42780,0.750173490631506,1080.24982650937,0.804573804573805,386.195426195426,0.722916666666667,694,180,600,14760,0.551006245662734,793.448993754337,0.602910602910603,289.397089397089,0.525,504,2400,420,7560,0.678695350451076,977.321304649549,0.742203742203742,356.257796257796,0.646875,621,60,1320,39420,0.619014573213047,891.380985426787,0.735966735966736,353.264033264033,0.560416666666667,538,18,29.3055555555556,31.1666666666667,28.3048128342246
"2025-11-15 10:00:00|Monitor53.txt|27",27,"2025-11-15 10:00:00|Monitor53.txt",2025-11-15T10:00:00Z,2025-11-21T16:30:00Z,"OK","M","DGRP492","21.5C","Winter","NA","08:12","M53","Batch15_DGRP",0.769123943987964,1107.53847934267,0.743491843110031,356.876084692815,0.781944444444445,750.666666666667,1560,11760,37320,0.809854267869535,1166.19014573213,0.819126819126819,393.180873180873,0.805208333333333,773,300,300,37740,0.80499653018737,1159.19500346981,0.754677754677755,362.245322245322,0.830208333333333,797,5340,2820,52260,0.730742539902845,1052.2692574601,0.654885654885655,314.345114345114,0.76875,738,60,1560,47820,0.732824427480916,1055.26717557252,0.706860706860707,339.293139293139,0.745833333333333,716,300,7560,43020,0.742539902845246,1069.25746009715,0.748440748440749,359.251559251559,0.739583333333333,710,540,420,64920,0.793199167244969,1142.20680083276,0.775467775467775,372.224532224532,0.802083333333333,770,18.5,31.036036036036,11.8333333333333,71.056338028169
"2025-11-15 10:00:00|Monitor53.txt|28",28,"2025-11-15 10:00:00|Monitor53.txt",2025-11-15T10:00:00Z,2025-11-21T16:30:00Z,"OK","M","DGRP492","21.5C","Winter","NA","08:12","M53","Batch15_DGRP",0.551325078115959,793.908112486981,0.728566469975703,349.711905588337,0.462673611111111,444.166666666667,0,2040,12840,0.465648854961832,670.534351145038,0.846153846153846,406.153846153846,0.275,264,900,480,14100,0.398334489937543,573.601665510063,0.56964656964657,273.430353430353,0.3125,300,600,360,7200,0.358084663428175,515.641915336572,0.683991683991684,328.316008316008,0.194791666666667,187,1260,780,58200,0.616932685634976,888.383067314365,0.700623700623701,336.299376299376,0.575,552,420,960,58800,0.692574600971548,997.307425399029,0.704781704781705,338.295218295218,0.686458333333333,659,1200,1200,2460,0.776544066620403,1118.22345593338,0.864864864864865,415.135135135135,0.732291666666667,703,20.8333333333333,23.896,41.5,21.9036144578313
"2025-11-15 10:00:00|Monitor53.txt|30",30,"2025-11-15 10:00:00|Monitor53.txt",2025-11-15T10:00:00Z,2025-11-21T16:30:00Z,"OK","M","DGRP492","21.5C","Winter","NA","08:12","M53","Batch15_DGRP",0.54368707325541,782.909385487791,0.76883026726831,369.038528288789,0.431076388888889,413.833333333333,0,480,4740,0.573907009021513,826.426092990979,0.846153846153846,406.153846153846,0.4375,420,3720,360,67200,0.528799444829979,761.47120055517,0.783783783783784,376.216216216216,0.401041666666667,385,180,17880,180,0.507286606523248,730.492713393477,0.792099792099792,380.2079002079,0.364583333333333,350,1740,1560,83640,0.539208882720333,776.46079111728,0.742203742203742,356.257796257796,0.4375,420,11580,480,84240,0.517002081887578,744.482997918113,0.659043659043659,316.340956340956,0.445833333333333,428,14160,2820,71340,0.596807772380292,859.40319222762,0.79002079002079,379.209979209979,0.5,480,15.6666666666667,34.3617021276596,40.3333333333333,21.6404958677686
