"id","region_id","experiment_id","start_datetime","stop_datetime","status","Sex","Genotype","Temperature","Treatment","Environment","Light","monitor","Batch","Sleep_Fraction_All","Sleep_Time_All","Sleep_Fraction_L","Sleep_Time_L","Sleep_Fraction_D","Sleep_Time_D","Day1_latency","Day1_first_bout_length","Day1_latency_to_longest_bout","Day1_Sleep_Fraction_All","Day1_Sleep_Time_All","Day1_Sleep_Fraction_L","Day1_Sleep_Time_L","Day1_Sleep_Fraction_D","Day1_Sleep_Time_D","Day2_latency","Day2_first_bout_length","Day2_latency_to_longest_bout","Day2_Sleep_Fraction_All","Day2_Sleep_Time_All","Day2_Sleep_Fraction_L","Day2_Sleep_Time_L","Day2_Sleep_Fraction_D","Day2_Sleep_Time_D","Day3_latency","Day3_first_bout_length","Day3_latency_to_longest_bout","Day3_Sleep_Fraction_All","Day3_Sleep_Time_All","Day3_Sleep_Fraction_L","Day3_Sleep_Time_L","Day3_Sleep_Fraction_D","Day3_Sleep_Time_D","Day4_latency","Day4_first_bout_length","Day4_latency_to_longest_bout","Day4_Sleep_Fraction_All","Day4_Sleep_Time_All","Day4_Sleep_Fraction_L","Day4_Sleep_Time_L","Day4_Sleep_Fraction_D","Day4_Sleep_Time_D","Day5_latency","Day5_first_bout_length","Day5_latency_to_longest_bout","Day5_Sleep_Fraction_All","Day5_Sleep_Time_All","Day5_Sleep_Fraction_L","Day5_Sleep_Time_L","Day5_Sleep_Fraction_D","Day5_Sleep_Time_D","Day6_latency","Day6_first_bout_length","Day6_latency_to_longest_bout","Day6_Sleep_Fraction_All","Day6_Sleep_Time_All","Day6_Sleep_Fraction_L","Day6_Sleep_Time_L","Day6_Sleep_Fraction_D","Day6_Sleep_Time_D","n_Bouts_L","mean_Bout_Length_L","n_Bouts_D","mean_Bout_Length_D"
"2025-12-13 10:00:00|Monitor23.txt|01",1,"2025-12-13 10:00:00|Monitor23.txt",2025-12-13T10:00:00Z,2025-12-19T10:30:00Z,"OK","M","CS","21.5C","Winter","NA","08:12","M23","Batch19_DGRP",0.290475639393589,418.284920726768,0.317945157931274,152.613675807011,0.276736111111111,265.666666666667,0,1200,18660,0.488549618320611,703.511450381679,0.675675675675676,324.324324324324,0.394791666666667,379,3180,420,60540,0.33587786259542,483.664122137405,0.397089397089397,190.602910602911,0.305208333333333,293,3360,300,42660,0.385149201943095,554.614850798057,0.361746361746362,173.638253638254,0.396875,381,3120,300,54900,0.263705759888966,379.736294240111,0.222453222453222,106.777546777547,0.284375,273,600,300,42120,0.215128383067314,309.784871616933,0.195426195426195,93.8045738045738,0.225,216,15480,300,51120,0.0534351145038168,76.9465648854962,0.051975051975052,24.948024948025,0.0541666666666667,52,20.1666666666667,29.0413223140496,32.1666666666667,25.8652849740933
"2025-12-13 10:00:00|Monitor23.txt|02",2,"2025-12-13 10:00:00|Monitor23.txt",2025-12-13T10:00:00Z,2025-12-19T10:30:00Z,"OK","M","CS","21.5C","Winter","NA","08:12","M23","Batch19_DGRP",0.57099872699919,822.238166878833,0.606039569593891,290.898993405068,0.553472222222222,531.333333333333,0,1440,60720,0.68147120055517,981.318528799445,0.754677754677755,362.245322245322,0.644791666666667,619,540,480,40800,0.596113809854268,858.403886190146,0.615384615384615,295.384615384615,0.586458333333333,563,60,360,40260,0.510756419153366,735.489243580847,0.590436590436591,283.409563409563,0.470833333333333,452,5700,360,39180,0.574600971547536,827.425399028452,0.588357588357588,282.411642411642,0.567708333333333,545,1680,540,38460,0.480222068008328,691.519777931992,0.501039501039501,240.498960498961,0.469791666666667,451,180,480,44100,0.581540596807772,837.418459403192,0.582120582120582,279.417879417879,0.58125,558,27,20.9876543209877,29.3333333333333,28.4715909090909
"2025-12-13 10:00:00|Monitor23.txt|03",3,"2025-12-13 10:00:00|Monitor23.txt",2025-12-13T10:00:00Z,2025-12-19T10:30:00Z,"OK","M","CS","21.5C","Winter","NA","08:12","M23","Batch19_DGRP",0.664506422867724,956.889248929522,0.71468240194377,343.047552933009,0.639409722222222,613.833333333333,0,1680,43620,0.734906315058987,1058.26509368494,0.83991683991684,403.160083160083,0.682291666666667,655,6180,360,83400,0.718945176960444,1035.28105482304,0.823284823284823,395.176715176715,0.666666666666667,640,16980,4620,42720,0.7529493407356,1084.24705065926,0.858627858627859,412.141372141372,0.7,672,840,540,41460,0.637751561415684,918.362248438584,0.623700623700624,299.376299376299,0.644791666666667,619,1380,1500,68520,0.590562109646079,850.409437890354,0.582120582120582,279.417879417879,0.594791666666667,571,600,900,53940,0.552394170714781,795.447605829285,0.561330561330561,269.43866943867,0.547916666666667,526,18.3333333333333,26.2727272727273,31.1666666666667,29.6898395721925
"2025-12-13 10:00:00|Monitor23.txt|04",4,"2025-12-13 10:00:00|Monitor23.txt",2025-12-13T10:00:00Z,2025-12-19T10:30:00Z,"OK","M","CS","21.5C","Winter","NA","08:12","M23","Batch19_DGRP",0.609767388033792,878.065038768661,0.675112808052759,324.054147865325,0.577083333333333,554,2100,360,56940,0.742539902845246,1069.25746009715,0.771309771309771,370.22869022869,0.728125,699,300,300,54000,0.721721027064539,1039.27827897294,0.827442827442827,397.172557172557,0.66875,642,360,540,39000,0.743927827897294,1071.2560721721,0.819126819126819,393.180873180873,0.70625,678,5280,1380,67200,0.630117973629424,907.369882026371,0.625779625779626,300.37422037422,0.632291666666667,607,1140,420,67620,0.507980569049271,731.492019430951,0.607068607068607,291.392931392931,0.458333333333333,440,5700,420,9900,0.310201249132547,446.689798750867,0.392931392931393,188.607068607069,0.26875,258,19,25.9649122807018,22.5,41.2814814814815
"2025-12-13 10:00:00|Monitor23.txt|05",5,"2025-12-13 10:00:00|Monitor23.txt",2025-12-13T10:00:00Z,2025-12-19T10:30:00Z,"OK","M","CS","21.5C","Winter","NA","08:12","M23","Batch19_DGRP",0.560120356440227,806.573313273927,0.588684484553974,282.568552585908,0.545833333333333,524,180,360,44040,0.705065926439972,1015.29493407356,0.735966735966736,353.264033264033,0.689583333333333,662,240,300,42180,0.678695350451076,977.321304649549,0.767151767151767,368.232848232848,0.634375,609,240,1920,44940,0.64469118667592,928.355308813324,0.742203742203742,356.257796257796,0.595833333333333,572,120,660,46380,0.48646773074254,700.513532269257,0.550935550935551,264.449064449064,0.454166666666667,436,480,300,64140,0.384455239417072,553.615544760583,0.407484407484407,195.592515592516,0.372916666666667,358,660,300,40320,0.460097154753643,662.539902845246,0.324324324324324,155.675675675676,0.528125,507,24.5,22.9319727891156,26.8333333333333,31.6956521739131
"2025-12-13 10:00:00|Monitor23.txt|07",7,"2025-12-13 10:00:00|Monitor23.txt",2025-12-13T10:00:00Z,2025-12-19T10:30:00Z,"OK","M","CS","21.5C","Winter","NA","08:12","M23","Batch19_DGRP",0.508158777919222,731.74864020368,0.489066296424853,234.751822283929,0.517708333333333,497,5340,1800,60720,0.573907009021513,826.426092990979,0.534303534303534,256.465696465697,0.59375,570,5880,1980,71460,0.557251908396947,802.442748091603,0.561330561330561,269.43866943867,0.555208333333333,533,180,480,58560,0.645385149201943,929.354614850798,0.648648648648649,311.351351351351,0.64375,618,300,420,64260,0.508674531575295,732.491325468425,0.563409563409563,270.43659043659,0.48125,462,1140,360,18960,0.228313671061763,328.771686328938,0.282744282744283,135.717255717256,0.201041666666667,193,540,720,53760,0.535045107564192,770.464954892436,0.343035343035343,164.656964656965,0.63125,606,21.8333333333333,28.8702290076336,29.5,26.5423728813559
"2025-12-13 10:00:00|Monitor23.txt|08",8,"2025-12-13 10:00:00|Monitor23.txt",2025-12-13T10:00:00Z,2025-12-19T10:30:00Z,"OK","M","CS","21.5C","Winter","NA","08:12","M23","Batch19_DGRP",0.600046290938549,864.06665895151,0.587643179451579,282.068726136758,0.60625,582,5220,420,40860,0.703678001387925,1013.29632199861,0.686070686070686,329.313929313929,0.7125,684,3480,300,51420,0.655794587092297,944.344205412908,0.665280665280665,319.334719334719,0.651041666666667,625,1980,540,39240,0.736294240111034,1060.26370575989,0.744282744282744,357.255717255717,0.732291666666667,703,0,900,6600,0.593337959750174,854.40666204025,0.746361746361746,358.253638253638,0.516666666666667,496,120,300,40740,0.405274115197779,583.594725884802,0.367983367983368,176.632016632017,0.423958333333333,407,4680,300,39600,0.505204718945177,727.494795281055,0.313929313929314,150.686070686071,0.601041666666667,577,20.6666666666667,27.0887096774194,28,30.5833333333333
"2025-12-13 10:00:00|Monitor23.txt|09",9,"2025-12-13 10:00:00|Monitor23.txt",2025-12-13T10:00:00Z,2025-12-19T10:30:00Z,"OK","M","CS","21.5C","Winter","NA","08:12","M23","Batch19_DGRP",0.705242448790649,1015.54912625853,0.705657757723013,338.715723707046,0.705034722222222,676.833333333333,480,720,55560,0.741151977793199,1067.25884802221,0.787941787941788,378.212058212058,0.717708333333333,689,1260,660,46680,0.723802914642609,1042.27619708536,0.704781704781705,338.295218295218,0.733333333333333,704,900,3240,63000,0.784177654406662,1129.21582234559,0.873180873180873,419.126819126819,0.739583333333333,710,0,1260,42600,0.684941013185288,986.315058986815,0.727650727650728,349.272349272349,0.663541666666667,637,1860,420,15300,0.641915336571825,924.358084663428,0.567567567567568,272.432432432432,0.679166666666667,652,1500,300,43560,0.656488549618321,945.343511450382,0.575883575883576,276.424116424116,0.696875,669,23.1666666666667,22.1726618705036,23.8333333333333,37.6153846153846
"2025-12-13 10:00:00|Monitor23.txt|10",10,"2025-12-13 10:00:00|Monitor23.txt",2025-12-13T10:00:00Z,2025-12-19T10:30:00Z,"OK","M","CS","21.5C","Winter","NA","08:12","M23","Batch19_DGRP",0.470315935655595,677.254947344057,0.522388059701493,250.746268656716,0.444270833333333,426.5,600,360,45120,0.643997224149896,927.35600277585,0.715176715176715,343.284823284823,0.608333333333333,584,180,780,47760,0.60999306037474,878.390006939625,0.74012474012474,355.259875259875,0.544791666666667,523,1320,360,39540,0.597501734906315,860.402498265094,0.594594594594595,285.405405405405,0.598958333333333,575,1680,360,43140,0.487161693268564,701.512838306732,0.372141372141372,178.627858627859,0.544791666666667,523,1080,360,72720,0.330326162387231,475.669673837613,0.436590436590437,209.56340956341,0.277083333333333,266,1620,660,1620,0.152671755725191,219.847328244275,0.274428274428274,131.725571725572,0.0916666666666667,88,28,19.6726190476191,29.6666666666667,29.2134831460674
"2025-12-13 10:00:00|Monitor23.txt|13",13,"2025-12-13 10:00:00|Monitor23.txt",2025-12-13T10:00:00Z,2025-12-19T10:30:00Z,"OK","M","CS","21.5C","Winter","NA","08:12","M23","Batch19_DGRP",0.436407823168615,628.427265362805,0.509892398472753,244.748351266921,0.399652777777778,383.666666666667,300,660,77040,0.45940319222762,661.540596807773,0.515592515592516,247.484407484408,0.43125,414,480,540,64980,0.571825121443442,823.428174878557,0.573804573804574,275.426195426195,0.570833333333333,548,120,540,41400,0.591256072172103,851.408743927828,0.646569646569647,310.35343035343,0.563541666666667,541,1080,360,44700,0.466342817487856,671.533657182512,0.617463617463617,296.382536382536,0.390625,375,0,600,37740,0.360860513532269,519.639139486468,0.446985446985447,214.553014553015,0.317708333333333,305,1140,300,56820,0.16793893129771,241.832061068702,0.255717255717256,122.744282744283,0.123958333333333,119,34.3333333333333,18.4563106796117,34.8333333333333,22.11004784689
"2025-12-13 10:00:00|Monitor23.txt|14",14,"2025-12-13 10:00:00|Monitor23.txt",2025-12-13T10:00:00Z,2025-12-19T10:30:00Z,"OK","M","CS","21.5C","Winter","NA","08:12","M23","Batch19_DGRP",0.439879643559773,633.426686726073,0.396737244012496,190.433877125998,0.461458333333333,443,0,540,50760,0.546148507980569,786.453851492019,0.596673596673597,286.403326403326,0.520833333333333,500,960,4140,45600,0.517696044413602,745.482303955586,0.478170478170478,229.52182952183,0.5375,516,420,1140,48900,0.464954892435809,669.535045107564,0.30977130977131,148.690228690229,0.542708333333333,521,1020,480,40860,0.471894517696044,679.528105482304,0.388773388773389,186.611226611227,0.513541666666667,493,300,540,46380,0.279666897987509,402.720333102013,0.374220374220374,179.62577962578,0.232291666666667,223,120,420,61920,0.359472588480222,517.64052741152,0.234927234927235,112.765072765073,0.421875,405,21.8333333333333,29.4503816793893,27.5,28.1757575757576
"2025-12-13 10:00:00|Monitor23.txt|15",15,"2025-12-13 10:00:00|Monitor23.txt",2025-12-13T10:00:00Z,2025-12-19T10:30:00Z,"OK","M","CS","21.5C","Winter","NA","08:12","M23","Batch19_DGRP",0.522161786830228,751.912973035528,0.564040263797293,270.7393266227,0.501215277777778,481.166666666667,480,300,63360,0.596807772380292,859.40319222762,0.61954261954262,297.380457380457,0.585416666666667,562,120,420,40020,0.526023594725885,757.473976405274,0.598752598752599,287.401247401247,0.489583333333333,470,540,900,40800,0.583622484385843,840.416377515614,0.528066528066528,253.471933471934,0.611458333333333,587,960,600,39420,0.617626648160999,889.382373351839,0.700623700623701,336.299376299376,0.576041666666667,553,1020,300,39600,0.460791117279667,663.53920888272,0.600831600831601,288.399168399168,0.390625,375,780,1140,40260,0.346981263011797,499.653018736988,0.332640332640333,159.66735966736,0.354166666666667,340,31,18.3978494623656,31.1666666666667,26.9679144385027
"2025-12-13 10:00:00|Monitor23.txt|16",16,"2025-12-13 10:00:00|Monitor23.txt",2025-12-13T10:00:00Z,2025-12-19T10:30:00Z,"OK","M","CS","21.5C","Winter","NA","08:12","M23","Batch19_DGRP",0.378891332021757,545.60351811133,0.273863241929885,131.454356126345,0.431423611111111,414.166666666667,7200,1980,72000,0.495489243580847,713.504510756419,0.311850311850312,149.68814968815,0.5875,564,5700,540,64500,0.40735600277585,586.592643997224,0.212058212058212,101.787941787942,0.505208333333333,485,360,420,45360,0.405274115197779,583.594725884802,0.328482328482329,157.671517671518,0.44375,426,180,300,65040,0.305343511450382,439.69465648855,0.153846153846154,73.8461538461539,0.38125,366,2640,300,50040,0.346981263011797,499.653018736988,0.286902286902287,137.713097713098,0.377083333333333,362,720,420,57000,0.313671061762665,451.686328938237,0.353430353430353,169.64656964657,0.29375,282,24.3333333333333,25,38.3333333333333,21.1608695652174
"2025-12-13 10:00:00|Monitor23.txt|17",17,"2025-12-13 10:00:00|Monitor23.txt",2025-12-13T10:00:00Z,2025-12-19T10:30:00Z,"OK","M","CS","21.5C","Winter","NA","08:12","M23","Batch19_DGRP",0.528526790880685,761.078578868187,0.559527941686914,268.573412009719,0.513020833333333,492.5,120,420,68520,0.638445523941707,919.361554476058,0.613305613305613,294.386694386694,0.651041666666667,625,180,660,49140,0.535739070090215,771.46426092991,0.615384615384615,295.384615384615,0.495833333333333,476,3480,660,50820,0.518390006939625,746.48160999306,0.573804573804574,275.426195426195,0.490625,471,2160,300,45480,0.517002081887578,744.482997918113,0.536382536382536,257.463617463618,0.507291666666667,487,1860,300,59280,0.453157529493407,652.546842470507,0.494802494802495,237.505197505198,0.432291666666667,415,0,2280,44880,0.508674531575295,732.491325468425,0.523908523908524,251.476091476092,0.501041666666667,481,27,23.783950617284,41,18.6463414634146
"2025-12-13 10:00:00|Monitor23.txt|18",18,"2025-12-13 10:00:00|Monitor23.txt",2025-12-13T10:00:00Z,2025-12-19T10:30:00Z,"OK","M","CS","21.5C","Winter","NA","08:12","M23","Batch19_DGRP",0.501909501215137,722.749681749798,0.452620617841027,217.257896563693,0.5265625,505.5,180,360,46680,0.648160999306037,933.351839000694,0.665280665280665,319.334719334719,0.639583333333333,614,600,1080,44340,0.635669673837613,915.364330326162,0.64033264033264,307.359667359667,0.633333333333333,608,540,600,13560,0.505898681471201,728.494101318529,0.532224532224532,255.467775467776,0.492708333333333,473,0,1080,47160,0.492019430950729,708.507980569049,0.478170478170478,229.52182952183,0.498958333333333,479,480,360,54120,0.336571825121443,484.663428174879,0.25987525987526,124.740124740125,0.375,360,2460,600,46560,0.393476752255378,566.606523247745,0.141372141372141,67.8586278586279,0.519791666666667,499,26.8333333333333,23.6335403726708,39.6666666666667,19.4243697478992
"2025-12-13 10:00:00|Monitor23.txt|21",21,"2025-12-13 10:00:00|Monitor23.txt",2025-12-13T10:00:00Z,2025-12-19T10:30:00Z,"OK","M","CS","21.5C","Winter","NA","08:12","M23","Batch19_DGRP",0.672375882421016,968.221270686263,0.786879555709823,377.702186740715,0.615104166666667,590.5,0,3780,11340,0.684941013185288,986.315058986815,0.866943866943867,416.133056133056,0.59375,570,15120,3300,52020,0.560721721027065,807.439278278973,0.69022869022869,331.309771309771,0.495833333333333,476,1320,300,2280,0.66412213740458,956.335877862595,0.808731808731809,388.191268191268,0.591666666666667,568,360,1200,48840,0.789729354614851,1137.21027064539,0.88981288981289,427.110187110187,0.739583333333333,710,2160,420,67440,0.712699514226232,1026.28730048577,0.767151767151767,368.232848232848,0.685416666666667,658,1320,1260,78300,0.622484385843165,896.377515614157,0.698544698544699,335.301455301455,0.584375,561,18,24.7777777777778,47.5,20.2877192982456
"2025-12-13 10:00:00|Monitor23.txt|22",22,"2025-12-13 10:00:00|Monitor23.txt",2025-12-13T10:00:00Z,2025-12-19T10:30:00Z,"OK","M","CS","21.5C","Winter","NA","08:12","M23","Batch19_DGRP",0.652007869459553,938.891332021757,0.690732384588685,331.551544602569,0.632638888888889,607.333333333333,60,5160,60,0.522553782095767,752.477446217904,0.602910602910603,289.397089397089,0.482291666666667,463,180,540,46800,0.68910478834143,992.310895211659,0.760914760914761,365.239085239085,0.653125,627,900,900,47460,0.634975711311589,914.365024288688,0.721413721413721,346.278586278586,0.591666666666667,568,3060,360,45000,0.60235947258848,867.397640527412,0.465696465696466,223.534303534304,0.670833333333333,644,3420,480,55740,0.722414989590562,1040.27758501041,0.787941787941788,378.212058212058,0.689583333333333,662,1020,720,57360,0.741845940319223,1068.25815405968,0.808731808731809,388.191268191268,0.708333333333333,680,22.8333333333333,20.2773722627737,40.3333333333333,23.4545454545455
"2025-12-13 10:00:00|Monitor23.txt|23",23,"2025-12-13 10:00:00|Monitor23.txt",2025-12-13T10:00:00Z,2025-12-19T10:30:00Z,"OK","M","CS","21.5C","Winter","NA","08:12","M23","Batch19_DGRP",0.567295451915288,816.905450758014,0.570982297813259,274.071502950364,0.565451388888889,542.833333333333,480,300,51120,0.671061762664816,966.328938237335,0.713097713097713,342.286902286902,0.65,624,0,360,59340,0.656488549618321,945.343511450382,0.607068607068607,291.392931392931,0.68125,654,480,300,56280,0.695350451075642,1001.30464954892,0.77962577962578,374.220374220374,0.653125,627,360,720,40920,0.544066620402498,783.455933379598,0.615384615384615,295.384615384615,0.508333333333333,488,900,360,42720,0.406662040249827,585.59333795975,0.446985446985447,214.553014553015,0.386458333333333,371,1020,300,68280,0.429562803608605,618.570437196392,0.261954261954262,125.738045738046,0.513541666666667,493,29.3333333333333,16.4829545454545,44,20.7537878787879
"2025-12-13 10:00:00|Monitor23.txt|24",24,"2025-12-13 10:00:00|Monitor23.txt",2025-12-13T10:00:00Z,2025-12-19T10:30:00Z,"OK","M","CS","21.5C","Winter","NA","08:12","M23","Batch19_DGRP",0.708019905103576,1019.54866334915,0.777507809788268,373.203748698369,0.673263888888889,646.333333333333,840,300,10080,0.645385149201943,929.354614850798,0.769230769230769,369.230769230769,0.583333333333333,560,1380,420,43020,0.77029840388619,1109.22970159611,0.829521829521829,398.170478170478,0.740625,711,180,1800,41820,0.643997224149896,927.35600277585,0.692307692307692,332.307692307692,0.619791666666667,595,1080,300,13200,0.764052741151978,1100.23594725885,0.835758835758836,401.164241164241,0.728125,699,60,660,19560,0.748785565579459,1078.25121443442,0.825363825363825,396.174636174636,0.710416666666667,682,360,1140,49320,0.675225537820958,972.324774462179,0.711018711018711,341.288981288981,0.657291666666667,631,27.6666666666667,17.9457831325301,46.6666666666667,19.2464285714286
"2025-12-13 10:00:00|Monitor23.txt|25",25,"2025-12-13 10:00:00|Monitor23.txt",2025-12-13T10:00:00Z,2025-12-19T10:30:00Z,"OK","M","CS","21.5C","Winter","NA","08:12","M23","Batch19_DGRP",0.643675500520773,926.892720749913,0.645609163484901,309.892398472753,0.642708333333333,617,0,1200,41760,0.739070090215128,1064.26092990978,0.750519750519751,360.24948024948,0.733333333333333,704,2820,3840,38880,0.754337265787648,1086.24566273421,0.771309771309771,370.22869022869,0.745833333333333,716,0,1200,54660,0.705759888965996,1016.29424011103,0.683991683991684,328.316008316008,0.716666666666667,688,1440,360,63420,0.693962526023595,999.306037473976,0.72972972972973,350.27027027027,0.676041666666667,649,120,420,42360,0.485773768216516,699.514226231784,0.440748440748441,211.559251559252,0.508333333333333,488,360,840,70440,0.483691880638446,696.516308119362,0.498960498960499,239.50103950104,0.476041666666667,457,32.5,15.5692307692308,39.3333333333333,22.8389830508475
"2025-12-13 10:00:00|Monitor23.txt|26",26,"2025-12-13 10:00:00|Monitor23.txt",2025-12-13T10:00:00Z,2025-12-19T10:30:00Z,"OK","M","CS","21.5C","Winter","NA","08:12","M23","Batch19_DGRP",0.469737298923736,676.421710450179,0.541478653245401,259.909753557792,0.433854166666667,416.5,0,1080,50760,0.574600971547536,827.425399028452,0.675675675675676,324.324324324324,0.523958333333333,503,180,480,69120,0.551700208188758,794.448299791811,0.51975051975052,249.48024948025,0.567708333333333,545,180,300,51720,0.560721721027065,807.439278278973,0.632016632016632,303.367983367983,0.525,504,960,720,18960,0.465648854961832,670.534351145038,0.704781704781705,338.295218295218,0.345833333333333,332,0,420,41340,0.460791117279667,663.53920888272,0.528066528066528,253.471933471934,0.427083333333333,410,1140,540,44100,0.206106870229008,296.793893129771,0.191268191268191,91.8087318087318,0.213541666666667,205,29.6666666666667,19.5730337078652,41.5,19.8313253012048
"2025-12-13 10:00:00|Monitor23.txt|27",27,"2025-12-13 10:00:00|Monitor23.txt",2025-12-13T10:00:00Z,2025-12-19T10:30:00Z,"OK","M","CS","21.5C","Winter","NA","08:12","M23","Batch19_DGRP",0.513482235852332,739.414419627358,0.450190905935439,216.091634849011,0.545138888888889,523.333333333333,300,480,68400,0.712005551700208,1025.2879944483,0.677754677754678,325.322245322245,0.729166666666667,700,2400,300,23160,0.496877168632894,715.503122831367,0.457380457380458,219.54261954262,0.516666666666667,496,180,420,49800,0.521859819569743,751.47814018043,0.442827442827443,212.557172557173,0.561458333333333,539,120,420,63840,0.521859819569743,751.47814018043,0.540540540540541,259.459459459459,0.5125,492,240,300,40200,0.419153365718251,603.580846634282,0.351351351351351,168.648648648649,0.453125,435,3000,300,65520,0.40735600277585,586.592643997224,0.226611226611227,108.773388773389,0.497916666666667,478,32,17.7447916666667,42.6666666666667,19.69921875
"2025-12-13 10:00:00|Monitor23.txt|28",28,"2025-12-13 10:00:00|Monitor23.txt",2025-12-13T10:00:00Z,2025-12-19T10:30:00Z,"OK","M","CS","21.5C","Winter","NA","08:12","M23","Batch19_DGRP",0.553292443004282,796.741117926166,0.578965636931621,277.903505727178,0.540451388888889,518.833333333333,0,540,44820,0.596113809854268,858.403886190146,0.567567567567568,272.432432432432,0.610416666666667,586,240,480,44460,0.653018736988203,940.346981263012,0.696465696465697,334.303534303534,0.63125,606,1380,1620,44280,0.539902845246357,777.460097154754,0.536382536382536,257.463617463618,0.541666666666667,520,120,1560,45300,0.497571131158917,716.502428868841,0.521829521829522,250.47817047817,0.485416666666667,466,120,360,72060,0.611380985426787,880.388619014573,0.667359667359667,320.33264033264,0.583333333333333,560,540,300,65760,0.421929215822346,607.578070784178,0.484407484407485,232.515592515593,0.390625,375,19.6666666666667,28.8813559322034,33.5,25.5522388059702
"2025-12-13 10:00:00|Monitor23.txt|29",29,"2025-12-13 10:00:00|Monitor23.txt",2025-12-13T10:00:00Z,2025-12-19T10:30:00Z,"OK","M","CS","21.5C","Winter","NA","08:12","M23","Batch19_DGRP",0.610924661497512,879.731512556417,0.599791738979521,287.90003471017,0.616493055555556,591.833333333333,0,600,65760,0.58292852185982,839.41707147814,0.604989604989605,290.39501039501,0.571875,549,1260,1320,7920,0.625954198473283,901.374045801527,0.723492723492724,347.276507276507,0.577083333333333,554,300,1560,58380,0.705065926439972,1015.29493407356,0.781704781704782,375.218295218295,0.666666666666667,640,300,480,13020,0.673837612768911,970.326162387231,0.677754677754678,325.322245322245,0.671875,645,60,480,45420,0.538514920194309,775.461485079806,0.478170478170478,229.52182952183,0.56875,546,60,480,41520,0.538514920194309,775.461485079806,0.330561330561331,158.669438669439,0.642708333333333,617,25.8333333333333,22.9483870967742,27.6666666666667,29.3795180722892
"2025-12-13 10:00:00|Monitor23.txt|30",30,"2025-12-13 10:00:00|Monitor23.txt",2025-12-13T10:00:00Z,2025-12-19T10:30:00Z,"OK","M","CS","21.5C","Winter","NA","08:12","M23","Batch19_DGRP",0.45689156347645,657.923851406087,0.371051718153419,178.104824713641,0.499826388888889,479.833333333333,7740,1020,68640,0.494795281054823,712.505204718945,0.43035343035343,206.569646569647,0.527083333333333,506,6960,420,42180,0.535045107564192,770.464954892436,0.422037422037422,202.577962577963,0.591666666666667,568,7020,300,40320,0.549618320610687,791.450381679389,0.434511434511435,208.565488565489,0.607291666666667,583,8700,660,41160,0.496877168632894,715.503122831367,0.434511434511435,208.565488565489,0.528125,507,2640,360,41940,0.359472588480222,517.64052741152,0.322245322245322,154.677754677755,0.378125,363,3840,420,63300,0.304649548924358,438.695350451076,0.180873180873181,86.8191268191268,0.366666666666667,352,17.3333333333333,35.0384615384615,27.8333333333333,29.1377245508982
"2025-12-13 10:00:00|Monitor23.txt|31",31,"2025-12-13 10:00:00|Monitor23.txt",2025-12-13T10:00:00Z,2025-12-19T10:30:00Z,"OK","M","CS","21.5C","Winter","NA","08:12","M23","Batch19_DGRP",0.62388612429117,898.396018979285,0.593543908365151,284.901076015273,0.6390625,613.5,180,1320,43380,0.72588480222068,1045.27411519778,0.831600831600832,399.168399168399,0.672916666666667,646,540,300,39780,0.669673837612769,964.330326162387,0.661122661122661,317.338877338877,0.673958333333333,647,480,360,57300,0.710617626648161,1023.28938237335,0.634095634095634,304.365904365904,0.748958333333333,719,1500,1500,38580,0.678001387925052,976.321998612075,0.846153846153846,406.153846153846,0.59375,570,360,420,45600,0.474670367800139,683.5253296322,0.326403326403326,156.673596673597,0.548958333333333,527,2820,480,40440,0.484385843164469,697.515614156836,0.261954261954262,125.738045738046,0.595833333333333,572,28.3333333333333,17.8,41.6666666666667,21.544
"2025-12-13 10:00:00|Monitor23.txt|32",32,"2025-12-13 10:00:00|Monitor23.txt",2025-12-13T10:00:00Z,2025-12-19T10:30:00Z,"OK","M","CS","21.5C","Winter","NA","08:12","M23","Batch19_DGRP",0.488948038421479,704.08517532693,0.441513363415481,211.926414439431,0.512673611111111,492.166666666667,900,420,44880,0.559333795975017,805.440666204025,0.465696465696466,223.534303534304,0.60625,582,660,420,66060,0.566273421235253,815.433726578765,0.582120582120582,279.417879417879,0.558333333333333,536,360,300,62460,0.662040249826509,953.337959750174,0.67983367983368,326.320166320166,0.653125,627,300,660,45540,0.419153365718251,603.580846634282,0.403326403326403,193.596673596674,0.427083333333333,410,3780,360,41400,0.376127689104788,541.623872310895,0.288981288981289,138.711018711019,0.419791666666667,403,1080,360,50040,0.349757113115892,503.650242886884,0.226611226611227,108.773388773389,0.411458333333333,395,33.8333333333333,19.3990147783251,39.8333333333333,18.5397489539749
"2025-12-13 10:00:00|Monitor24.txt|02",2,"2025-12-13 10:00:00|Monitor24.txt",2025-12-13T10:00:00Z,2025-12-19T10:30:00Z,"OK","M","DGRP354","21.5C","Winter","NA","08:12","M24","Batch19_DGRP",0.382131697720171,550.269644717047,0.356473446719889,171.107254425547,0.394965277777778,379.166666666667,540,300,55620,0.328938237335184,473.671061762665,0.214137214137214,102.785862785863,0.386458333333333,371,5220,300,66900,0.351145038167939,505.648854961832,0.30977130977131,148.690228690229,0.371875,357,5580,360,69780,0.287994448299792,414.7120055517,0.228690228690229,109.77130977131,0.317708333333333,305,900,300,19980,0.408049965301874,587.591950034698,0.41995841995842,201.580041580042,0.402083333333333,386,1380,300,16020,0.420541290770298,605.57945870923,0.465696465696466,223.534303534304,0.397916666666667,382,420,720,14940,0.495489243580847,713.504510756419,0.498960498960499,239.50103950104,0.49375,474,24.3333333333333,20.9794520547945,46.8333333333333,19.4519572953737
"2025-12-13 10:00:00|Monitor24.txt|03",3,"2025-12-13 10:00:00|Monitor24.txt",2025-12-13T10:00:00Z,2025-12-19T10:30:00Z,"OK","M","DGRP354","21.5C","Winter","NA","08:12","M24","Batch19_DGRP",0.698414535354704,1005.71693091077,0.773342589378688,371.20444290177,0.6609375,634.5,60,3840,11520,0.684941013185288,986.315058986815,0.792099792099792,380.2079002079,0.63125,606,720,300,8580,0.63705759888966,917.36294240111,0.711018711018711,341.288981288981,0.6,576,1020,420,18120,0.719639139486468,1036.28036086051,0.746361746361746,358.253638253638,0.70625,678,2640,420,14160,0.707147814018043,1018.29285218598,0.760914760914761,365.239085239085,0.680208333333333,653,0,1560,12000,0.727272727272727,1047.27272727273,0.848232848232848,407.151767151767,0.666666666666667,640,180,1560,15600,0.714087439278279,1028.28591256072,0.77962577962578,374.220374220374,0.68125,654,14.3333333333333,34.1744186046512,41.8333333333333,22.2350597609562
"2025-12-13 10:00:00|Monitor24.txt|04",4,"2025-12-13 10:00:00|Monitor24.txt",2025-12-13T10:00:00Z,2025-12-19T10:30:00Z,"OK","M","DGRP354","21.5C","Winter","NA","08:12","M24","Batch19_DGRP",0.68209697951626,982.219650503414,0.701145435612635,336.549809094065,0.672569444444445,645.666666666667,300,1380,49020,0.680083275503123,979.319916724497,0.769230769230769,369.230769230769,0.635416666666667,610,900,2280,57420,0.661346287300486,952.338653712699,0.735966735966736,353.264033264033,0.623958333333333,599,660,960,37740,0.684247050659264,985.315752949341,0.704781704781705,338.295218295218,0.673958333333333,647,2700,300,54300,0.630117973629424,907.369882026371,0.62993762993763,302.370062370062,0.630208333333333,605,1860,1080,12120,0.668979875086745,963.331020124913,0.708939708939709,340.29106029106,0.648958333333333,623,420,300,57300,0.766828591256072,1104.23317140874,0.654885654885655,314.345114345114,0.822916666666667,790,23.5,20.0070921985816,43.8333333333333,21.4372623574144
"2025-12-13 10:00:00|Monitor24.txt|05",5,"2025-12-13 10:00:00|Monitor24.txt",2025-12-13T10:00:00Z,2025-12-19T10:30:00Z,"OK","M","DGRP354","21.5C","Winter","NA","08:12","M24","Batch19_DGRP",0.745284110635343,1073.20911931489,0.777507809788268,373.203748698369,0.729166666666667,700,0,1260,5100,0.803608605135323,1157.19639139486,0.819126819126819,393.180873180873,0.795833333333333,764,300,660,38160,0.759888965995836,1094.240111034,0.750519750519751,360.24948024948,0.764583333333333,734,1560,1860,15780,0.723108952116586,1041.27689104788,0.72972972972973,350.27027027027,0.719791666666667,691,600,1260,6360,0.751561415683553,1082.24843858432,0.821205821205821,394.178794178794,0.716666666666667,688,180,2760,12960,0.68147120055517,981.318528799445,0.783783783783784,376.216216216216,0.630208333333333,605,780,660,44940,0.752255378209577,1083.24774462179,0.760914760914761,365.239085239085,0.747916666666667,718,19.8333333333333,23.7394957983193,49.3333333333333,18.7263513513514
"2025-12-13 10:00:00|Monitor24.txt|06",6,"2025-12-13 10:00:00|Monitor24.txt",2025-12-13T10:00:00Z,2025-12-19T10:30:00Z,"OK","M","DGRP354","21.5C","Winter","NA","08:12","M24","Batch19_DGRP",0.473093391968522,681.254484434672,0.595973620270739,286.067337729955,0.411631944444444,395.166666666667,0,3660,14280,0.534351145038168,769.465648854962,0.64033264033264,307.359667359667,0.48125,462,780,2220,17580,0.489937543372658,705.510062456627,0.706860706860707,339.293139293139,0.38125,366,1800,1800,22560,0.467036780013879,672.532963219986,0.644490644490645,309.355509355509,0.378125,363,900,300,11760,0.497571131158917,716.502428868841,0.607068607068607,291.392931392931,0.442708333333333,425,660,300,16080,0.448299791811242,645.551700208189,0.51975051975052,249.48024948025,0.4125,396,780,360,6000,0.401804302567661,578.598195697432,0.457380457380458,219.54261954262,0.373958333333333,359,25.3333333333333,18.5065789473684,62.3333333333333,14.9919786096257
"2025-12-13 10:00:00|Monitor24.txt|07",7,"2025-12-13 10:00:00|Monitor24.txt",2025-12-13T10:00:00Z,2025-12-19T10:30:00Z,"OK","M","DGRP354","21.5C","Winter","NA","08:12","M24","Batch19_DGRP",0.553639625043398,797.241060062493,0.617493925720236,296.397084345713,0.521701388888889,500.833333333333,600,540,4920,0.555170020818876,799.444829979181,0.681912681912682,327.318087318087,0.491666666666667,472,2280,1320,60540,0.562109646079112,809.437890353921,0.644490644490645,309.355509355509,0.520833333333333,500,360,420,18420,0.550312283136711,792.449687716863,0.711018711018711,341.288981288981,0.469791666666667,451,540,420,9180,0.524635669673838,755.475364330326,0.553014553014553,265.446985446986,0.510416666666667,490,1320,480,58680,0.535045107564192,770.464954892436,0.536382536382536,257.463617463618,0.534375,513,300,840,43380,0.594725884802221,856.405274115198,0.577962577962578,277.422037422037,0.603125,579,16.1666666666667,35.8144329896907,31.6666666666667,26.5736842105263
"2025-12-13 10:00:00|Monitor24.txt|08",8,"2025-12-13 10:00:00|Monitor24.txt",2025-12-13T10:00:00Z,2025-12-19T10:30:00Z,"OK","M","DGRP354","21.5C","Winter","NA","08:12","M24","Batch19_DGRP",0.587547737530379,846.068742043745,0.748351266921208,359.20860812218,0.507118055555556,486.833333333333,0,300,41820,0.64469118667592,928.355308813324,0.831600831600832,399.168399168399,0.551041666666667,529,1740,1860,4980,0.511450381679389,736.488549618321,0.74012474012474,355.259875259875,0.396875,381,1260,360,14640,0.588480222068008,847.411519777932,0.719334719334719,345.280665280665,0.522916666666667,502,2100,2100,18240,0.576682859125607,830.423317140875,0.731808731808732,351.268191268191,0.498958333333333,479,1200,360,76800,0.60999306037474,878.390006939625,0.744282744282744,357.255717255717,0.542708333333333,521,4020,720,15240,0.594725884802221,856.405274115198,0.723492723492724,347.276507276507,0.530208333333333,509,13.3333333333333,38.625,35.3333333333333,25.6839622641509
"2025-12-13 10:00:00|Monitor24.txt|09",9,"2025-12-13 10:00:00|Monitor24.txt",2025-12-13T10:00:00Z,2025-12-19T10:30:00Z,"OK","M","DGRP354","21.5C","Winter","NA","08:12","M24","Batch19_DGRP",0.492882768198125,709.7511862053,0.603262755987504,289.566122874002,0.437673611111111,420.166666666667,0,1740,36780,0.628730048577377,905.371269951423,0.686070686070686,329.313929313929,0.6,576,3900,1920,15060,0.590562109646079,850.409437890354,0.648648648648649,311.351351351351,0.561458333333333,539,1380,300,14820,0.430256766134629,619.569743233865,0.607068607068607,291.392931392931,0.341666666666667,328,60,360,16740,0.455239417071478,655.544760582929,0.611226611226611,293.388773388773,0.377083333333333,362,2700,600,45900,0.414295628036086,596.585704371964,0.503118503118503,241.496881496882,0.369791666666667,355,1620,300,20400,0.437196391394865,629.562803608605,0.559251559251559,268.440748440748,0.376041666666667,361,20,25.6916666666667,46.1666666666667,19.5812274368231
"2025-12-13 10:00:00|Monitor24.txt|10",10,"2025-12-13 10:00:00|Monitor24.txt",2025-12-13T10:00:00Z,2025-12-19T10:30:00Z,"OK","M","DGRP354","21.5C","Winter","NA","08:12","M24","Batch19_DGRP",0.62805230876056,904.395324615207,0.619229434224228,297.230128427629,0.632465277777778,607.166666666667,0,360,59700,0.60999306037474,878.390006939625,0.559251559251559,268.440748440748,0.635416666666667,610,120,480,21420,0.617626648160999,889.382373351839,0.613305613305613,294.386694386694,0.619791666666667,595,120,780,55800,0.601665510062457,866.398334489938,0.577962577962578,277.422037422037,0.613541666666667,589,480,480,9660,0.667591950034698,961.332408049965,0.711018711018711,341.288981288981,0.645833333333333,620,840,660,57120,0.639139486467731,920.360860513532,0.625779625779626,300.37422037422,0.645833333333333,620,1440,660,57960,0.630811936155448,908.369188063845,0.623700623700624,299.376299376299,0.634375,609,29.6666666666667,16.7359550561798,55,16.3333333333333
"2025-12-13 10:00:00|Monitor24.txt|14",14,"2025-12-13 10:00:00|Monitor24.txt",2025-12-13T10:00:00Z,2025-12-19T10:30:00Z,"OK","M","DGRP354","21.5C","Winter","NA","08:12","M24","Batch19_DGRP",0.612776299039463,882.397870616827,0.685178757375911,328.885803540437,0.5765625,553.5,1380,300,2040,0.560027758501041,806.439972241499,0.72972972972973,350.27027027027,0.475,456,3000,1140,6000,0.616238723108952,887.383761276891,0.681912681912682,327.318087318087,0.583333333333333,560,1740,2700,11520,0.64677307425399,931.353226925746,0.746361746361746,358.253638253638,0.596875,573,2640,3960,19560,0.643997224149896,927.35600277585,0.652806652806653,313.347193347193,0.639583333333333,614,540,480,12060,0.577376821651631,831.422623178349,0.646569646569647,310.35343035343,0.542708333333333,521,900,600,82620,0.632199861207495,910.367800138792,0.652806652806653,313.347193347193,0.621875,597,20,24.9083333333333,54.6666666666667,16.4451219512195
"2025-12-13 10:00:00|Monitor24.txt|15",15,"2025-12-13 10:00:00|Monitor24.txt",2025-12-13T10:00:00Z,2025-12-19T10:30:00Z,"OK","M","DGRP354","21.5C","Winter","NA","08:12","M24","Batch19_DGRP",0.689156347644949,992.385140608726,0.756681707740368,363.207219715377,0.655381944444445,629.166666666667,600,5040,8520,0.689798750867453,993.310201249133,0.781704781704782,375.218295218295,0.64375,618,4320,9060,4320,0.70853573907009,1020.29146426093,0.77962577962578,374.220374220374,0.672916666666667,646,1620,3060,53520,0.645385149201943,929.354614850798,0.719334719334719,345.280665280665,0.608333333333333,584,780,420,17700,0.709923664122137,1022.29007633588,0.77962577962578,374.220374220374,0.675,648,3840,3240,15360,0.686328938237335,988.313671061763,0.731808731808732,351.268191268191,0.663541666666667,637,1800,2640,7800,0.695350451075642,1001.30464954892,0.748440748440749,359.251559251559,0.66875,642,16.1666666666667,28.9896907216495,51.8333333333333,18.1929260450161
"2025-12-13 10:00:00|Monitor24.txt|16",16,"2025-12-13 10:00:00|Monitor24.txt",2025-12-13T10:00:00Z,2025-12-19T10:30:00Z,"OK","M","DGRP354","21.5C","Winter","NA","08:12","M24","Batch19_DGRP",0.464876750376114,669.422520541604,0.539743144741409,259.076709475876,0.427430555555556,410.333333333333,0,600,16680,0.471200555170021,678.52879944483,0.654885654885655,314.345114345114,0.379166666666667,364,1860,420,42420,0.410131852879944,590.58986814712,0.372141372141372,178.627858627859,0.429166666666667,412,2520,300,12720,0.42470506592644,611.575294934074,0.515592515592516,247.484407484408,0.379166666666667,364,120,360,19680,0.430950728660652,620.569049271339,0.517671517671518,248.482328482328,0.3875,372,120,780,18360,0.527411519777932,759.472588480222,0.621621621621622,298.378378378378,0.480208333333333,461,540,300,19980,0.523941707147814,754.476058292852,0.553014553014553,265.446985446986,0.509375,489,25.5,21.1241830065359,50.8333333333333,16.9868852459016
"2025-12-13 10:00:00|Monitor24.txt|17",17,"2025-12-13 10:00:00|Monitor24.txt",2025-12-13T10:00:00Z,2025-12-19T10:30:00Z,"OK","M","DGRP354","21.5C","Winter","NA","08:12","M24","Batch19_DGRP",0.621571577363731,895.063071403773,0.709128774730996,340.381811870878,0.577777777777778,554.666666666667,0,1140,18360,0.675919500346981,973.324080499653,0.69022869022869,331.309771309771,0.66875,642,360,300,5520,0.688410825815406,991.311589174185,0.773388773388773,371.226611226611,0.645833333333333,620,660,5700,14700,0.607217210270645,874.392782789729,0.769230769230769,369.230769230769,0.526041666666667,505,1500,360,12480,0.603053435114504,868.396946564886,0.731808731808732,351.268191268191,0.538541666666667,517,660,4080,14280,0.588480222068008,847.411519777932,0.688149688149688,330.31185031185,0.538541666666667,517,2940,360,12420,0.566273421235253,815.433726578765,0.600831600831601,288.399168399168,0.548958333333333,527,15,33.9,56,16.1696428571429
"2025-12-13 10:00:00|Monitor24.txt|19",19,"2025-12-13 10:00:00|Monitor24.txt",2025-12-13T10:00:00Z,2025-12-19T10:30:00Z,"OK","M","DGRP354","21.5C","Winter","NA","08:12","M24","Batch19_DGRP",0.589862284457817,849.401689619257,0.610898993405068,293.231516834433,0.579340277777778,556.166666666667,3780,2640,7800,0.594031922276197,855.405968077724,0.686070686070686,329.313929313929,0.547916666666667,526,1980,300,13200,0.595419847328244,857.404580152672,0.602910602910603,289.397089397089,0.591666666666667,568,420,300,10980,0.600971547536433,865.399028452464,0.663201663201663,318.336798336798,0.569791666666667,547,660,360,10320,0.566273421235253,815.433726578765,0.621621621621622,298.378378378378,0.538541666666667,517,1680,660,13500,0.611380985426787,880.388619014573,0.565488565488566,271.434511434512,0.634375,609,1620,300,68820,0.569743233865371,820.430256766135,0.521829521829522,250.47817047817,0.59375,570,17.8333333333333,28.9532710280374,55.1666666666667,16.202416918429
"2025-12-13 10:00:00|Monitor24.txt|20",20,"2025-12-13 10:00:00|Monitor24.txt",2025-12-13T10:00:00Z,2025-12-19T10:30:00Z,"OK","M","DGRP354","21.5C","Winter","NA","08:12","M24","Batch19_DGRP",0.718435366277051,1034.54692743895,0.759111419645956,364.373481430059,0.698090277777778,670.166666666667,840,660,6540,0.691880638445524,996.308119361555,0.704781704781705,338.295218295218,0.685416666666667,658,3120,780,38520,0.743927827897294,1071.2560721721,0.773388773388773,371.226611226611,0.729166666666667,700,1260,2580,12420,0.725190839694657,1044.27480916031,0.760914760914761,365.239085239085,0.707291666666667,679,720,1560,16680,0.762664816099931,1098.2373351839,0.831600831600832,399.168399168399,0.728125,699,540,6960,540,0.736294240111034,1060.26370575989,0.765072765072765,367.234927234927,0.721875,693,120,4020,13140,0.649548924358085,935.350451075642,0.715176715176715,343.284823284823,0.616666666666667,592,12.5,40.4666666666667,45.8333333333333,19.5309090909091
"2025-12-13 10:00:00|Monitor24.txt|22",22,"2025-12-13 10:00:00|Monitor24.txt",2025-12-13T10:00:00Z,2025-12-19T10:30:00Z,"OK","M","DGRP354","21.5C","Winter","NA","08:12","M24","Batch19_DGRP",0.462330748755931,665.756278208541,0.493925720236029,237.084345713294,0.446527777777778,428.666666666667,60,300,8760,0.526717557251908,758.473282442748,0.61954261954262,297.380457380457,0.480208333333333,461,2040,360,17520,0.43442054129077,625.565579458709,0.453222453222453,217.546777546778,0.425,408,0,360,9000,0.399028452463567,574.600971547536,0.482328482328482,231.517671517672,0.357291666666667,343,1500,300,55980,0.427480916030534,615.57251908397,0.392931392931393,188.607068607069,0.444791666666667,427,660,360,19380,0.471894517696044,679.528105482304,0.461538461538462,221.538461538462,0.477083333333333,458,180,540,77940,0.514920194309507,741.485079805691,0.555093555093555,266.444906444906,0.494791666666667,475,29.1666666666667,19.5942857142857,46.1666666666667,18.4223826714802
"2025-12-13 10:00:00|Monitor24.txt|23",23,"2025-12-13 10:00:00|Monitor24.txt",2025-12-13T10:00:00Z,2025-12-19T10:30:00Z,"OK","M","DGRP354","21.5C","Winter","NA","08:12","M24","Batch19_DGRP",0.464876750376114,669.422520541604,0.476917736896911,228.920513710517,0.458854166666667,440.5,3660,540,24180,0.466342817487856,671.533657182512,0.46985446985447,225.530145530146,0.464583333333333,446,6720,420,15240,0.435114503816794,626.564885496183,0.478170478170478,229.52182952183,0.413541666666667,397,180,300,72600,0.435808466342818,627.564191533657,0.494802494802495,237.505197505198,0.40625,390,360,300,12840,0.482997918112422,695.517002081888,0.553014553014553,265.446985446986,0.447916666666667,430,1560,300,13560,0.485079805690493,698.51492019431,0.46985446985447,225.530145530146,0.492708333333333,473,900,360,70080,0.482997918112422,695.517002081888,0.392931392931393,188.607068607069,0.528125,507,34.5,13.5507246376812,67.5,13.6666666666667
"2025-12-13 10:00:00|Monitor24.txt|24",24,"2025-12-13 10:00:00|Monitor24.txt",2025-12-13T10:00:00Z,2025-12-19T10:30:00Z,"OK","M","DGRP354","21.5C","Winter","NA","08:12","M24","Batch19_DGRP",0.643559773174401,926.726073371138,0.728219368274905,349.545296771954,0.601215277777778,577.166666666667,300,1980,16080,0.682165163081194,982.317834836919,0.746361746361746,358.253638253638,0.65,624,420,5940,10620,0.670367800138792,965.329632199861,0.792099792099792,380.2079002079,0.609375,585,360,4260,50940,0.643303261623872,926.356696738376,0.744282744282744,357.255717255717,0.592708333333333,569,1260,540,16560,0.639833448993754,921.360166551006,0.692307692307692,332.307692307692,0.613541666666667,589,1320,480,17880,0.637751561415684,918.362248438584,0.692307692307692,332.307692307692,0.610416666666667,586,1980,1380,8520,0.587786259541985,846.412213740458,0.700623700623701,336.299376299376,0.53125,510,15.8333333333333,30.2842105263158,52.1666666666667,17.888178913738
"2025-12-13 10:00:00|Monitor24.txt|26",26,"2025-12-13 10:00:00|Monitor24.txt",2025-12-13T10:00:00Z,2025-12-19T10:30:00Z,"OK","M","DGRP354","21.5C","Winter","NA","08:12","M24","Batch19_DGRP",0.621108667978243,894.39648188867,0.644220756681708,309.22596320722,0.609548611111111,585.166666666667,120,300,18660,0.657876474670368,947.34212352533,0.713097713097713,342.286902286902,0.630208333333333,605,1020,1920,16920,0.65440666204025,942.34559333796,0.727650727650728,349.272349272349,0.617708333333333,593,5640,780,13740,0.582234559333796,838.417765440666,0.546777546777547,262.453222453222,0.6,576,1140,300,14160,0.614850798056905,885.385149201943,0.615384615384615,295.384615384615,0.614583333333333,590,1800,1140,5760,0.662734212352533,954.337265787647,0.711018711018711,341.288981288981,0.638541666666667,613,1320,480,78780,0.555170020818876,799.444829979181,0.553014553014553,265.446985446986,0.55625,534,25.5,19.078431372549,58,15.5890804597701
"2025-12-13 10:00:00|Monitor24.txt|27",27,"2025-12-13 10:00:00|Monitor24.txt",2025-12-13T10:00:00Z,2025-12-19T10:30:00Z,"OK","M","DGRP354","21.5C","Winter","NA","08:12","M24","Batch19_DGRP",0.501215137136906,721.749797477144,0.671294689343978,322.221450885109,0.416145833333333,399.5,0,1920,11700,0.481609993060375,693.51839000694,0.661122661122661,317.338877338877,0.391666666666667,376,420,300,9660,0.507980569049271,731.492019430951,0.615384615384615,295.384615384615,0.454166666666667,436,360,780,40260,0.538514920194309,775.461485079806,0.675675675675676,324.324324324324,0.469791666666667,451,480,300,3840,0.537126995142262,773.462873004858,0.738045738045738,354.261954261954,0.436458333333333,419,2280,3240,2280,0.490631505898682,706.509368494101,0.686070686070686,329.313929313929,0.392708333333333,377,780,3060,780,0.45176960444136,650.548230395559,0.650727650727651,312.349272349272,0.352083333333333,338,19.1666666666667,30.0173913043478,43.8333333333333,19.2281368821293
"2025-12-13 10:00:00|Monitor24.txt|29",29,"2025-12-13 10:00:00|Monitor24.txt",2025-12-13T10:00:00Z,2025-12-19T10:30:00Z,"OK","M","DGRP354","21.5C","Winter","NA","08:12","M24","Batch19_DGRP",0.640435134822359,922.226594144196,0.763276640055536,366.372787226657,0.578993055555556,555.833333333333,0,540,84180,0.673143650242887,969.326856349757,0.777546777546778,373.222453222453,0.620833333333333,596,3060,1560,84660,0.66412213740458,956.335877862595,0.783783783783784,376.216216216216,0.604166666666667,580,5100,300,10260,0.710617626648161,1023.28938237335,0.808731808731809,388.191268191268,0.661458333333333,635,1620,300,2220,0.607911172796669,875.392088827203,0.713097713097713,342.286902286902,0.555208333333333,533,2280,960,14280,0.666897987508675,960.333102012491,0.806652806652807,387.193347193347,0.596875,573,660,480,18360,0.52116585704372,750.478834142956,0.692307692307692,332.307692307692,0.435416666666667,418,17.1666666666667,26.6601941747573,54.3333333333333,17.3374233128834
"2025-12-13 10:00:00|Monitor24.txt|31",31,"2025-12-13 10:00:00|Monitor24.txt",2025-12-13T10:00:00Z,2025-12-19T10:30:00Z,"OK","M","DGRP354","21.5C","Winter","NA","08:12","M24","Batch19_DGRP",0.605138294178915,871.399143617637,0.687261367580701,329.885456438737,0.5640625,541.5,0,1500,9480,0.612074947952811,881.387925052047,0.667359667359667,320.33264033264,0.584375,561,2280,2940,7380,0.591256072172103,851.408743927828,0.74012474012474,355.259875259875,0.516666666666667,496,1260,4020,12060,0.618320610687023,890.381679389313,0.74012474012474,355.259875259875,0.557291666666667,535,660,1200,6660,0.603053435114504,868.396946564886,0.683991683991684,328.316008316008,0.5625,540,2340,1320,13560,0.630117973629424,907.369882026371,0.654885654885655,314.345114345114,0.617708333333333,593,7920,480,15000,0.57529493407356,828.424705065926,0.634095634095634,304.365904365904,0.545833333333333,524,12.5,39.6933333333333,45.6666666666667,20.1423357664234
"2025-12-13 10:00:00|Monitor24.txt|32",32,"2025-12-13 10:00:00|Monitor24.txt",2025-12-13T10:00:00Z,2025-12-19T10:30:00Z,"OK","M","DGRP354","21.5C","Winter","NA","08:12","M24","Batch19_DGRP",0.532692975350075,767.077884504108,0.555709822978133,266.740715029504,0.521180555555556,500.333333333333,420,1440,47820,0.583622484385843,840.416377515614,0.665280665280665,319.334719334719,0.542708333333333,521,660,300,7140,0.560721721027065,807.439278278973,0.517671517671518,248.482328482328,0.582291666666667,559,180,480,19320,0.532269257460097,766.46773074254,0.623700623700624,299.376299376299,0.486458333333333,467,420,300,75540,0.550312283136711,792.449687716863,0.509355509355509,244.490644490645,0.570833333333333,548,1680,420,66420,0.465648854961832,670.534351145038,0.465696465696466,223.534303534304,0.465625,447,660,480,5880,0.503122831367106,724.496877168633,0.550935550935551,264.449064449064,0.479166666666667,460,28.1666666666667,17.5562130177515,54,16.7962962962963
"2025-12-13 10:00:00|Monitor25.txt|01",1,"2025-12-13 10:00:00|Monitor25.txt",2025-12-13T10:00:00Z,2025-12-19T10:30:00Z,"OK","M","DGRP355","21.5C","Winter","NA","08:12","M25","Batch19_DGRP",0.66485360490684,957.389191065849,0.697327316903853,334.717112113849,0.648611111111111,622.666666666667,900,480,60840,0.593337959750174,854.40666204025,0.557172557172557,267.442827442828,0.611458333333333,587,4920,300,7560,0.689798750867453,993.310201249133,0.74012474012474,355.259875259875,0.664583333333333,638,5760,360,34560,0.643303261623872,926.356696738376,0.592515592515593,284.407484407484,0.66875,642,2640,360,17460,0.713393476752255,1027.28660652325,0.725571725571726,348.274428274428,0.707291666666667,679,900,300,17100,0.699514226231784,1007.30048577377,0.787941787941788,378.212058212058,0.655208333333333,629,840,480,31560,0.648160999306037,933.351839000694,0.775467775467775,372.224532224532,0.584375,561,17.5,26.4857142857143,36.5,26
"2025-12-13 10:00:00|Monitor25.txt|02",2,"2025-12-13 10:00:00|Monitor25.txt",2025-12-13T10:00:00Z,2025-12-19T10:30:00Z,"OK","M","DGRP355","21.5C","Winter","NA","08:12","M25","Batch19_DGRP",0.530725610461752,764.244879064923,0.410968413745227,197.264838597709,0.590625,567,11760,600,37020,0.526023594725885,757.473976405274,0.424116424116424,203.575883575884,0.577083333333333,554,4140,300,38460,0.548924358084664,790.451075641915,0.40956340956341,196.590436590437,0.61875,594,10500,480,34560,0.480916030534351,692.519083969466,0.413721413721414,198.586278586279,0.514583333333333,494,3360,300,17100,0.51353226925746,739.486467730743,0.422037422037422,202.577962577963,0.559375,537,1260,360,65580,0.564885496183206,813.435114503817,0.417879417879418,200.582120582121,0.638541666666667,613,180,600,51180,0.548924358084664,790.451075641915,0.376299376299376,180.623700623701,0.635416666666667,610,19,24.3245614035088,47.1666666666667,19.5229681978799
"2025-12-13 10:00:00|Monitor25.txt|03",3,"2025-12-13 10:00:00|Monitor25.txt",2025-12-13T10:00:00Z,2025-12-19T10:30:00Z,"OK","M","DGRP355","21.5C","Winter","NA","08:12","M25","Batch19_DGRP",0.687536164795741,990.052077305867,0.674071502950365,323.554321416175,0.694270833333333,666.5,1620,360,7740,0.662040249826509,953.337959750174,0.704781704781705,338.295218295218,0.640625,615,420,300,17220,0.701596113809854,1010.29840388619,0.683991683991684,328.316008316008,0.710416666666667,682,4320,540,15480,0.624566273421235,899.375433726579,0.617463617463617,296.382536382536,0.628125,603,3480,360,7020,0.674531575294934,971.325468424705,0.638253638253638,306.361746361746,0.692708333333333,665,1680,360,64320,0.702290076335878,1011.29770992366,0.627858627858628,301.372141372141,0.739583333333333,710,180,420,17700,0.757807078417765,1091.24219292158,0.765072765072765,367.234927234927,0.754166666666667,724,21.3333333333333,22.0703125,54.1666666666667,16.7692307692308
"2025-12-13 10:00:00|Monitor25.txt|04",4,"2025-12-13 10:00:00|Monitor25.txt",2025-12-13T10:00:00Z,2025-12-19T10:30:00Z,"OK","M","DGRP355","21.5C","Winter","NA","08:12","M25","Batch19_DGRP",0.533387339428307,768.077768776762,0.406456091634849,195.098923984728,0.596875,573,1860,420,63420,0.50381679389313,725.496183206107,0.24948024948025,119.75051975052,0.63125,606,4320,300,66480,0.560027758501041,806.439972241499,0.417879417879418,200.582120582121,0.63125,606,6900,360,76860,0.522553782095767,752.477446217904,0.436590436590437,209.56340956341,0.565625,543,360,300,60120,0.500346981263012,720.499653018737,0.436590436590437,209.56340956341,0.532291666666667,511,10080,600,70800,0.549618320610687,791.450381679389,0.455301455301455,218.544698544699,0.596875,573,2940,300,62400,0.562109646079112,809.437890353921,0.438669438669439,210.561330561331,0.623958333333333,599,21.3333333333333,24.7734375,40.6666666666667,21.5327868852459
"2025-12-13 10:00:00|Monitor25.txt|05",5,"2025-12-13 10:00:00|Monitor25.txt",2025-12-13T10:00:00Z,2025-12-19T10:30:00Z,"OK","M","DGRP355","21.5C","Winter","NA","08:12","M25","Batch19_DGRP",0.771785672954519,1111.37136905451,0.705310656022215,338.549114890663,0.805034722222222,772.833333333333,240,720,71700,0.736294240111034,1060.26370575989,0.731808731808732,351.268191268191,0.738541666666667,709,3180,420,49140,0.768910478834143,1107.23108952117,0.615384615384615,295.384615384615,0.845833333333333,812,4200,1200,45900,0.816793893129771,1176.18320610687,0.72972972972973,350.27027027027,0.860416666666667,826,780,1860,38100,0.746009715475364,1074.25399028452,0.72972972972973,350.27027027027,0.754166666666667,724,1740,1020,40320,0.782789729354615,1127.21721027065,0.750519750519751,360.24948024948,0.798958333333333,767,300,2880,62700,0.779319916724497,1122.22068008328,0.673596673596674,323.326403326403,0.832291666666667,799,21.5,23.3643410852713,28.8333333333333,31.7109826589595
"2025-12-13 10:00:00|Monitor25.txt|06",6,"2025-12-13 10:00:00|Monitor25.txt",2025-12-13T10:00:00Z,2025-12-19T10:30:00Z,"OK","M","DGRP355","21.5C","Winter","NA","08:12","M25","Batch19_DGRP",0.705358176137021,1015.71577363731,0.668170774036793,320.721971537661,0.723958333333333,695,5340,660,39060,0.689798750867453,993.310201249133,0.586278586278586,281.413721413721,0.741666666666667,712,2760,360,59160,0.685634975711312,987.314365024289,0.594594594594595,285.405405405405,0.73125,702,1560,360,53220,0.716863289382373,1032.28313671062,0.708939708939709,340.29106029106,0.720833333333333,692,3240,300,6000,0.738376127689105,1063.26162387231,0.725571725571726,348.274428274428,0.744791666666667,715,4440,540,48120,0.695350451075642,1001.30464954892,0.654885654885655,314.345114345114,0.715625,687,3540,780,46440,0.703678001387925,1013.29632199861,0.731808731808732,351.268191268191,0.689583333333333,662,12.8333333333333,40.2337662337662,26.1666666666667,34.1337579617835
"2025-12-13 10:00:00|Monitor25.txt|07",7,"2025-12-13 10:00:00|Monitor25.txt",2025-12-13T10:00:00Z,2025-12-19T10:30:00Z,"OK","M","DGRP355","21.5C","Winter","NA","08:12","M25","Batch19_DGRP",0.623076032866566,897.229487327856,0.69593891010066,334.050676848317,0.586631944444445,563.166666666667,120,900,38280,0.598195697432339,861.401804302568,0.584199584199584,280.4158004158,0.605208333333333,581,900,300,35340,0.669673837612769,964.330326162387,0.665280665280665,319.334719334719,0.671875,645,240,1140,56940,0.678001387925052,976.321998612075,0.798336798336798,383.201663201663,0.617708333333333,593,180,720,13740,0.632199861207495,910.367800138792,0.727650727650728,349.272349272349,0.584375,561,900,720,8940,0.580152671755725,835.419847328244,0.665280665280665,319.334719334719,0.5375,516,480,300,8100,0.580152671755725,835.419847328244,0.733887733887734,352.266112266112,0.503125,483,18.3333333333333,29.9545454545455,34.5,24.7632850241546
"2025-12-13 10:00:00|Monitor25.txt|08",8,"2025-12-13 10:00:00|Monitor25.txt",2025-12-13T10:00:00Z,2025-12-19T10:30:00Z,"OK","M","DGRP355","21.5C","Winter","NA","08:12","M25","Batch19_DGRP",0.683717162365467,984.552713806272,0.646303366886498,310.225616105519,0.702430555555556,674.333333333333,1320,480,11760,0.619014573213047,891.380985426787,0.501039501039501,240.498960498961,0.678125,651,3720,300,11100,0.659264399722415,949.340735600278,0.627858627858628,301.372141372141,0.675,648,1140,600,7380,0.682859125607217,983.317140874393,0.69022869022869,331.309771309771,0.679166666666667,652,1920,300,13800,0.755031228313671,1087.24496877169,0.704781704781705,338.295218295218,0.780208333333333,749,180,300,8760,0.703678001387925,1013.29632199861,0.686070686070686,329.313929313929,0.7125,684,2100,360,15360,0.680083275503123,979.319916724497,0.661122661122661,317.338877338877,0.689583333333333,662,18.5,25.2522522522523,59,15.5762711864407
"2025-12-13 10:00:00|Monitor25.txt|09",9,"2025-12-13 10:00:00|Monitor25.txt",2025-12-13T10:00:00Z,2025-12-19T10:30:00Z,"OK","M","DGRP355","21.5C","Winter","NA","08:12","M25","Batch19_DGRP",0.644254137252633,927.725957643791,0.625130163137799,300.062478306144,0.653819444444444,627.666666666667,6720,420,46320,0.648854961832061,934.351145038168,0.536382536382536,257.463617463618,0.705208333333333,677,780,420,56520,0.662040249826509,953.337959750174,0.675675675675676,324.324324324324,0.655208333333333,629,60,360,40560,0.648160999306037,933.351839000694,0.565488565488566,271.434511434512,0.689583333333333,662,660,300,13140,0.686328938237335,988.313671061763,0.723492723492724,347.276507276507,0.667708333333333,641,840,300,44940,0.60235947258848,867.397640527412,0.58004158004158,278.419958419958,0.613541666666667,589,720,480,14220,0.616932685634976,888.383067314365,0.667359667359667,320.33264033264,0.591666666666667,568,23,23.5289855072464,39.5,21.7510548523207
"2025-12-13 10:00:00|Monitor25.txt|10",10,"2025-12-13 10:00:00|Monitor25.txt",2025-12-13T10:00:00Z,2025-12-19T10:30:00Z,"OK","M","DGRP355","21.5C","Winter","NA","08:12","M25","Batch19_DGRP",0.772017127647263,1111.70466381206,0.718153418951753,344.713641096841,0.798958333333333,767,360,300,54480,0.740458015267176,1066.25954198473,0.66943866943867,321.330561330561,0.776041666666667,745,60,360,60420,0.759195003469813,1093.24080499653,0.721413721413721,346.278586278586,0.778125,747,60,600,50220,0.779319916724497,1122.22068008328,0.681912681912682,327.318087318087,0.828125,795,180,360,48120,0.786953504510756,1133.21304649549,0.750519750519751,360.24948024948,0.805208333333333,773,0,1020,59040,0.803608605135323,1157.19639139486,0.742203742203742,356.257796257796,0.834375,801,540,360,57300,0.76058292852186,1095.23941707148,0.738045738045738,354.261954261954,0.771875,741,30.3333333333333,15.2472527472527,25.5,37.1045751633987
"2025-12-13 10:00:00|Monitor25.txt|11",11,"2025-12-13 10:00:00|Monitor25.txt",2025-12-13T10:00:00Z,2025-12-19T10:30:00Z,"OK","M","DGRP355","21.5C","Winter","NA","08:12","M25","Batch19_DGRP",0.703622265941442,1013.21606295568,0.562998958694898,270.239500173551,0.773958333333333,743,13380,360,45900,0.605829285218598,872.394170714781,0.372141372141372,178.627858627859,0.722916666666667,694,9420,1020,60480,0.692574600971548,997.307425399029,0.476091476091476,228.523908523909,0.801041666666667,769,9240,540,43560,0.714781401804303,1029.2852185982,0.577962577962578,277.422037422037,0.783333333333333,752,7920,3900,45720,0.720333102012491,1037.27966689799,0.590436590436591,283.409563409563,0.785416666666667,754,5040,540,49020,0.769604441360167,1108.23039555864,0.69022869022869,331.309771309771,0.809375,777,4680,3180,60300,0.716863289382373,1032.28313671062,0.667359667359667,320.33264033264,0.741666666666667,712,16.8333333333333,23.3465346534654,38.3333333333333,26.1130434782609
"2025-12-13 10:00:00|Monitor25.txt|13",13,"2025-12-13 10:00:00|Monitor25.txt",2025-12-13T10:00:00Z,2025-12-19T10:30:00Z,"OK","M","DGRP355","21.5C","Winter","NA","08:12","M25","Batch19_DGRP",0.701654901053119,1010.38305751649,0.567511280805276,272.405414786532,0.76875,738,2220,300,60960,0.628036086051353,904.371963913949,0.465696465696466,223.534303534304,0.709375,681,3420,420,52620,0.696738376127689,1003.30326162387,0.482328482328482,231.517671517672,0.804166666666667,772,2700,360,62700,0.705065926439972,1015.29493407356,0.542619542619543,260.45738045738,0.786458333333333,755,300,540,62820,0.75086745315753,1081.24913254684,0.634095634095634,304.365904365904,0.809375,777,1080,1620,14700,0.773768216516308,1114.22623178348,0.66943866943867,321.330561330561,0.826041666666667,793,1080,360,58020,0.653018736988203,940.346981263012,0.604989604989605,290.39501039501,0.677083333333333,650,23.1666666666667,20.1798561151079,33,28.3888888888889
"2025-12-13 10:00:00|Monitor25.txt|14",14,"2025-12-13 10:00:00|Monitor25.txt",2025-12-13T10:00:00Z,2025-12-19T10:30:00Z,"OK","M","DGRP355","21.5C","Winter","NA","08:12","M25","Batch19_DGRP",0.578868186552482,833.570188635575,0.597014925373134,286.567164179104,0.569791666666667,547,6420,600,20820,0.505204718945177,727.494795281055,0.407484407484407,195.592515592516,0.554166666666667,532,180,420,37380,0.598889659958362,862.401110340042,0.602910602910603,289.397089397089,0.596875,573,540,360,56280,0.596113809854268,858.403886190146,0.652806652806653,313.347193347193,0.567708333333333,545,120,840,12060,0.673837612768911,970.326162387231,0.659043659043659,316.340956340956,0.68125,654,60,300,19020,0.535739070090215,771.46426092991,0.607068607068607,291.392931392931,0.5,480,2760,420,19140,0.563497571131159,811.436502428869,0.652806652806653,313.347193347193,0.51875,498,31,15.6559139784946,52,17.1570512820513
"2025-12-13 10:00:00|Monitor25.txt|15",15,"2025-12-13 10:00:00|Monitor25.txt",2025-12-13T10:00:00Z,2025-12-19T10:30:00Z,"OK","M","DGRP355","21.5C","Winter","NA","08:12","M25","Batch19_DGRP",0.659761601666474,950.056706399722,0.716070808746963,343.713988198542,0.631597222222222,606.333333333333,2520,300,36780,0.635669673837613,915.364330326162,0.654885654885655,314.345114345114,0.626041666666667,601,0,660,36480,0.676613462873005,974.323386537127,0.723492723492724,347.276507276507,0.653125,627,360,480,12120,0.611380985426787,880.388619014573,0.665280665280665,319.334719334719,0.584375,561,180,660,40500,0.656488549618321,945.343511450382,0.769230769230769,369.230769230769,0.6,576,180,300,8280,0.701596113809854,1010.29840388619,0.775467775467775,372.224532224532,0.664583333333333,638,1200,5340,49080,0.675919500346981,973.324080499653,0.704781704781705,338.295218295218,0.661458333333333,635,19.3333333333333,29.2586206896552,42.8333333333333,19.5136186770428
"2025-12-13 10:00:00|Monitor25.txt|16",16,"2025-12-13 10:00:00|Monitor25.txt",2025-12-13T10:00:00Z,2025-12-19T10:30:00Z,"OK","M","DGRP355","21.5C","Winter","NA","08:12","M25","Batch19_DGRP",0.455618562666358,656.090730239556,0.414786532454009,199.097535577924,0.476041666666667,457,3360,300,13560,0.502428868841083,723.497571131159,0.426195426195426,204.573804573805,0.540625,519,6600,300,19020,0.403192227619709,580.59680777238,0.261954261954262,125.738045738046,0.473958333333333,455,3240,300,57420,0.380985426786954,548.619014573213,0.27027027027027,129.72972972973,0.436458333333333,419,1500,480,63300,0.47883414295628,689.521165857044,0.48024948024948,230.519750519751,0.478125,459,540,300,59940,0.47883414295628,689.521165857044,0.498960498960499,239.50103950104,0.46875,450,120,540,37020,0.489243580846634,704.510756419153,0.550935550935551,264.449064449064,0.458333333333333,440,24.5,21.1428571428571,45.3333333333333,19.3455882352941
"2025-12-13 10:00:00|Monitor25.txt|17",17,"2025-12-13 10:00:00|Monitor25.txt",2025-12-13T10:00:00Z,2025-12-19T10:30:00Z,"OK","M","DGRP355","21.5C","Winter","NA","08:12","M25","Batch19_DGRP",0.528526790880685,761.078578868187,0.541131551544603,259.743144741409,0.522222222222222,501.333333333333,60,300,41220,0.429562803608605,618.570437196392,0.305613305613306,146.694386694387,0.491666666666667,472,3720,300,38940,0.539208882720333,776.46079111728,0.509355509355509,244.490644490645,0.554166666666667,532,1800,300,40800,0.54059680777238,778.459403192228,0.627858627858628,301.372141372141,0.496875,477,1260,360,39120,0.546842470506593,787.453157529494,0.634095634095634,304.365904365904,0.503125,483,2820,300,38700,0.557251908396947,802.442748091603,0.513513513513514,246.486486486487,0.579166666666667,556,300,360,16020,0.555863983344899,800.444136016655,0.650727650727651,312.349272349272,0.508333333333333,488,21.8333333333333,27.1603053435114,33.1666666666667,24.6683417085427
"2025-12-13 10:00:00|Monitor25.txt|18",18,"2025-12-13 10:00:00|Monitor25.txt",2025-12-13T10:00:00Z,2025-12-19T10:30:00Z,"OK","M","DGRP355","21.5C","Winter","NA","08:12","M25","Batch19_DGRP",0.801990510357598,1154.86633491494,0.753557792433183,361.707740367928,0.826215277777778,793.166666666667,3660,2220,66720,0.791117279666898,1139.20888272033,0.785862785862786,377.214137214137,0.79375,762,1080,540,37980,0.789035392088827,1136.21096460791,0.802494802494803,385.197505197505,0.782291666666667,751,1140,540,66600,0.743927827897294,1071.2560721721,0.62993762993763,302.370062370062,0.801041666666667,769,1680,360,7560,0.818181818181818,1178.18181818182,0.731808731808732,351.268191268191,0.861458333333333,827,2400,1620,5040,0.829979181124219,1195.17002081888,0.814968814968815,391.185031185031,0.8375,804,3840,300,42240,0.837612768910479,1206.16238723109,0.750519750519751,360.24948024948,0.88125,846,13.8333333333333,35.8072289156626,22.8333333333333,40.2627737226277
"2025-12-13 10:00:00|Monitor25.txt|19",19,"2025-12-13 10:00:00|Monitor25.txt",2025-12-13T10:00:00Z,2025-12-19T10:30:00Z,"OK","M","DGRP355","21.5C","Winter","NA","08:12","M25","Batch19_DGRP",0.684064344404583,985.052655942599,0.74592155501562,358.042346407497,0.653125,627,1140,720,40020,0.726578764746704,1046.27342123525,0.856548856548857,411.143451143451,0.661458333333333,635,180,300,45000,0.696044413601666,1002.3039555864,0.746361746361746,358.253638253638,0.670833333333333,644,2520,360,39060,0.675225537820958,972.324774462179,0.67983367983368,326.320166320166,0.672916666666667,646,600,480,20580,0.710617626648161,1023.28938237335,0.775467775467775,372.224532224532,0.678125,651,1380,1020,60000,0.699514226231784,1007.30048577377,0.723492723492724,347.276507276507,0.6875,660,1080,300,15660,0.594725884802221,856.405274115198,0.688149688149688,330.31185031185,0.547916666666667,526,22,21.0909090909091,46.6666666666667,19.9214285714286
"2025-12-13 10:00:00|Monitor25.txt|20",20,"2025-12-13 10:00:00|Monitor25.txt",2025-12-13T10:00:00Z,2025-12-19T10:30:00Z,"OK","M","DGRP355","21.5C","Winter","NA","08:12","M25","Batch19_DGRP",0.671565790996413,967.054739034834,0.662270045123221,317.889621659146,0.676215277777778,649.166666666667,3420,360,41040,0.655794587092297,944.344205412908,0.582120582120582,279.417879417879,0.692708333333333,665,3480,540,64560,0.668285912560722,962.331714087439,0.654885654885655,314.345114345114,0.675,648,660,600,43860,0.648854961832061,934.351145038168,0.594594594594595,285.405405405405,0.676041666666667,649,1680,2940,14760,0.71616932685635,1031.28383067314,0.765072765072765,367.234927234927,0.691666666666667,664,120,300,35520,0.709229701596114,1021.2907702984,0.748440748440749,359.251559251559,0.689583333333333,662,1800,4260,35820,0.630811936155448,908.369188063845,0.627858627858628,301.372141372141,0.632291666666667,607,14.3333333333333,38.7441860465116,28.5,29.9883040935673
"2025-12-13 10:00:00|Monitor25.txt|21",21,"2025-12-13 10:00:00|Monitor25.txt",2025-12-13T10:00:00Z,2025-12-19T10:30:00Z,"OK","M","DGRP355","21.5C","Winter","NA","08:12","M25","Batch19_DGRP",0.669251244068974,963.721791459322,0.701492537313433,336.716417910448,0.653125,627,1620,780,37020,0.680777238029147,980.319222761971,0.733887733887734,352.266112266112,0.654166666666667,628,300,1380,34260,0.634975711311589,914.365024288688,0.665280665280665,319.334719334719,0.619791666666667,595,2820,900,38220,0.732130464954892,1054.26786953505,0.66943866943867,321.330561330561,0.763541666666667,733,3720,300,9420,0.678001387925052,976.321998612075,0.700623700623701,336.299376299376,0.666666666666667,640,240,480,13560,0.668979875086745,963.331020124913,0.767151767151767,368.232848232848,0.619791666666667,595,720,360,6000,0.619014573213047,891.380985426787,0.667359667359667,320.33264033264,0.594791666666667,571,17.3333333333333,28.7980769230769,46.3333333333333,19.6043165467626
"2025-12-13 10:00:00|Monitor25.txt|22",22,"2025-12-13 10:00:00|Monitor25.txt",2025-12-13T10:00:00Z,2025-12-19T10:30:00Z,"OK","M","DGRP355","21.5C","Winter","NA","08:12","M25","Batch19_DGRP",0.751533387339428,1082.20807776878,0.799722318639361,383.866712946893,0.727430555555556,698.333333333333,1860,1500,38220,0.752255378209577,1083.24774462179,0.706860706860707,339.293139293139,0.775,744,660,480,3720,0.763358778625954,1099.23664122137,0.88981288981289,427.110187110187,0.7,672,1920,720,45300,0.775850104094379,1117.22414989591,0.781704781704782,375.218295218295,0.772916666666667,742,840,1740,14940,0.763358778625954,1099.23664122137,0.798336798336798,383.201663201663,0.745833333333333,716,360,420,32040,0.799444829979181,1151.20055517002,0.904365904365904,434.095634095634,0.746875,717,3540,540,12240,0.653712699514226,941.346287300486,0.713097713097713,342.286902286902,0.623958333333333,599,13,40.5769230769231,45.8333333333333,19.0072727272727
"2025-12-13 10:00:00|Monitor25.txt|23",23,"2025-12-13 10:00:00|Monitor25.txt",2025-12-13T10:00:00Z,2025-12-19T10:30:00Z,"OK","M","DGRP355","21.5C","Winter","NA","08:12","M25","Batch19_DGRP",0.666126605716931,959.222312232381,0.647344671988893,310.725442554669,0.675520833333333,648.5,0,420,39540,0.598195697432339,861.401804302568,0.496881496881497,238.503118503119,0.648958333333333,623,240,660,40380,0.712005551700208,1025.2879944483,0.642411642411642,308.357588357588,0.746875,717,60,780,43140,0.639833448993754,921.360166551006,0.546777546777547,262.453222453222,0.686458333333333,659,1500,3600,8160,0.702984038861901,1012.29701596114,0.810810810810811,389.189189189189,0.648958333333333,623,1140,720,19860,0.643303261623872,926.356696738376,0.688149688149688,330.31185031185,0.620833333333333,596,240,720,11340,0.69882026370576,1006.30117973629,0.694386694386694,333.305613305613,0.701041666666667,673,20,26.2083333333333,37.6666666666667,23.4778761061947
"2025-12-13 10:00:00|Monitor25.txt|24",24,"2025-12-13 10:00:00|Monitor25.txt",2025-12-13T10:00:00Z,2025-12-19T10:30:00Z,"OK","M","DGRP355","21.5C","Winter","NA","08:12","M25","Batch19_DGRP",0.573544728619373,825.904409211897,0.588337382853176,282.401943769525,0.566145833333333,543.5,2880,420,44880,0.531575294934074,765.468424705066,0.463617463617464,222.536382536383,0.565625,543,3060,300,18420,0.621096460791117,894.378903539209,0.621621621621622,298.378378378378,0.620833333333333,596,720,780,10920,0.590562109646079,850.409437890354,0.673596673596674,323.326403326403,0.548958333333333,527,180,600,17100,0.620402498265094,893.379597501735,0.694386694386694,333.305613305613,0.583333333333333,560,60,660,49440,0.542678695350451,781.45732130465,0.525987525987526,252.474012474012,0.551041666666667,529,1860,1320,34140,0.532963219986121,767.467036780014,0.544698544698545,261.455301455301,0.527083333333333,506,22,23.6060606060606,47.8333333333333,18.609756097561
"2025-12-13 10:00:00|Monitor25.txt|25",25,"2025-12-13 10:00:00|Monitor25.txt",2025-12-13T10:00:00Z,2025-12-19T10:30:00Z,"OK","M","DGRP355","21.5C","Winter","NA","08:12","M25","Batch19_DGRP",0.659182964934614,949.223469505844,0.762929538354738,366.206178410274,0.607291666666667,583,0,360,52560,0.696044413601666,1002.3039555864,0.85031185031185,408.149688149688,0.61875,594,0,2100,40440,0.680777238029147,980.319222761971,0.814968814968815,391.185031185031,0.613541666666667,589,540,300,18600,0.563497571131159,811.436502428869,0.667359667359667,320.33264033264,0.511458333333333,491,660,1260,45480,0.675919500346981,973.324080499653,0.719334719334719,345.280665280665,0.654166666666667,628,1500,780,11160,0.692574600971548,997.307425399029,0.77962577962578,374.220374220374,0.648958333333333,623,600,5460,600,0.647467036780014,932.35253296322,0.748440748440749,359.251559251559,0.596875,573,20.1666666666667,28.9752066115703,41.3333333333333,19.75
"2025-12-13 10:00:00|Monitor25.txt|26",26,"2025-12-13 10:00:00|Monitor25.txt",2025-12-13T10:00:00Z,2025-12-19T10:30:00Z,"OK","M","DGRP355","21.5C","Winter","NA","08:12","M25","Batch19_DGRP",0.431084365235505,620.761485939127,0.281846581048247,135.286358903159,0.505729166666667,485.5,1620,480,56760,0.566967383761277,816.433032616239,0.515592515592516,247.484407484408,0.592708333333333,569,3660,360,50580,0.535045107564192,770.464954892436,0.40956340956341,196.590436590437,0.597916666666667,574,1020,300,55800,0.437890353920888,630.562109646079,0.395010395010395,189.60498960499,0.459375,441,11400,300,60600,0.358084663428175,515.641915336572,0.178794178794179,85.8212058212058,0.447916666666667,430,1620,300,65040,0.354614850798057,510.645385149202,0.122661122661123,58.8773388773389,0.470833333333333,452,7380,600,35760,0.333795975017349,480.666204024983,0.0706860706860707,33.9293139293139,0.465625,447,17.1666666666667,30.5145631067961,36.1666666666667,24.7834101382488
"2025-12-13 10:00:00|Monitor25.txt|29",29,"2025-12-13 10:00:00|Monitor25.txt",2025-12-13T10:00:00Z,2025-12-19T10:30:00Z,"OK","M","DGRP355","21.5C","Winter","NA","08:12","M25","Batch19_DGRP",0.652817960884157,940.057863673186,0.682054842068726,327.386324192989,0.638194444444444,612.666666666667,6840,720,7620,0.690492713393477,994.309507286606,0.74012474012474,355.259875259875,0.665625,639,4200,2580,7860,0.682859125607217,983.317140874393,0.698544698544699,335.301455301455,0.675,648,2340,300,10260,0.643997224149896,927.35600277585,0.654885654885655,314.345114345114,0.638541666666667,613,1080,1380,18720,0.623872310895212,898.376127689105,0.661122661122661,317.338877338877,0.605208333333333,581,1440,300,58620,0.680777238029147,980.319222761971,0.735966735966736,353.264033264033,0.653125,627,1740,300,3240,0.59264399722415,853.407356002776,0.594594594594595,285.405405405405,0.591666666666667,568,12.8333333333333,41.2727272727273,37.1666666666667,23.6547085201794
"2025-12-13 10:00:00|Monitor25.txt|30",30,"2025-12-13 10:00:00|Monitor25.txt",2025-12-13T10:00:00Z,2025-12-19T10:30:00Z,"OK","M","DGRP355","21.5C","Winter","NA","08:12","M25","Batch19_DGRP",0.632565675269066,910.894572387455,0.591808399861159,284.068031933356,0.652951388888889,626.833333333333,2280,360,14160,0.532269257460097,766.46773074254,0.515592515592516,247.484407484408,0.540625,519,3600,540,44160,0.687716863289382,990.312283136711,0.598752598752599,287.401247401247,0.732291666666667,703,660,300,38700,0.575988896599584,829.4240111034,0.586278586278586,281.413721413721,0.570833333333333,548,3420,300,36840,0.662734212352533,954.337265787647,0.62993762993763,302.370062370062,0.679166666666667,652,960,840,37020,0.678695350451076,977.321304649549,0.650727650727651,312.349272349272,0.692708333333333,665,60,420,33900,0.655794587092297,944.344205412908,0.563409563409563,270.43659043659,0.702083333333333,674,17.5,31.5904761904762,20,43.5916666666667
"2025-12-13 10:00:00|Monitor25.txt|31",31,"2025-12-13 10:00:00|Monitor25.txt",2025-12-13T10:00:00Z,2025-12-19T10:30:00Z,"OK","M","DGRP355","21.5C","Winter","NA","08:12","M25","Batch19_DGRP",0.53535470431663,770.910774215947,0.586254772648386,281.402290871225,0.509895833333333,489.5,6360,360,45540,0.483691880638446,696.516308119362,0.451143451143451,216.548856548857,0.5,480,4320,540,40500,0.598889659958362,862.401110340042,0.713097713097713,342.286902286902,0.541666666666667,520,5460,360,41280,0.477446217904233,687.522553782096,0.496881496881497,238.503118503119,0.467708333333333,449,2280,420,13440,0.580152671755725,835.419847328244,0.548856548856549,263.451143451143,0.595833333333333,572,1500,300,9780,0.530187369882026,763.469812630118,0.667359667359667,320.33264033264,0.461458333333333,443,540,300,15360,0.539902845246357,777.460097154754,0.634095634095634,304.365904365904,0.492708333333333,473,14.1666666666667,40.2823529411765,35.5,23.5399061032864
"2025-12-13 10:00:00|Monitor25.txt|32",32,"2025-12-13 10:00:00|Monitor25.txt",2025-12-13T10:00:00Z,2025-12-19T10:30:00Z,"OK","M","DGRP355","21.5C","Winter","NA","08:12","M25","Batch19_DGRP",0.737877560467539,1062.54368707326,0.789309267615411,378.868448455397,0.712152777777778,683.666666666667,480,480,8460,0.652324774462179,939.347675225538,0.713097713097713,342.286902286902,0.621875,597,540,540,8220,0.729354614850798,1050.27064538515,0.796257796257796,382.203742203742,0.695833333333333,668,60,960,8820,0.744621790423317,1072.25537820958,0.777546777546778,373.222453222453,0.728125,699,780,11160,47700,0.80499653018737,1159.19500346981,0.869022869022869,417.130977130977,0.772916666666667,742,900,720,1680,0.772380291464261,1112.22761970854,0.858627858627859,412.141372141372,0.729166666666667,700,600,4560,600,0.723108952116586,1041.27689104788,0.719334719334719,345.280665280665,0.725,696,13.6666666666667,38.5365853658537,43,20.3139534883721
"2025-12-13 10:00:00|Monitor26.txt|02",2,"2025-12-13 10:00:00|Monitor26.txt",2025-12-13T10:00:00Z,2025-12-19T10:30:00Z,"OK","M","DGRP356","21.5C","Winter","NA","08:12","M26","Batch19_DGRP",0.326698298808008,470.445550283532,0.422075668170774,202.596320721972,0.278993055555556,267.833333333333,240,300,16740,0.593337959750174,854.40666204025,0.686070686070686,329.313929313929,0.546875,525,60,900,79080,0.455933379597502,656.544066620403,0.625779625779626,300.37422037422,0.370833333333333,356,1200,1080,78060,0.43442054129077,625.565579458709,0.542619542619543,260.45738045738,0.380208333333333,365,1020,1080,10560,0.272727272727273,392.727272727273,0.517671517671518,248.482328482328,0.15,144,7020,300,84060,0.0943789035392089,135.905621096461,0.0686070686070686,32.9313929313929,0.107291666666667,103,2880,420,20580,0.109646079111728,157.890353920888,0.0914760914760915,43.9085239085239,0.11875,114,20.3333333333333,24.0737704918033,30,31.1555555555556
"2025-12-13 10:00:00|Monitor26.txt|04",4,"2025-12-13 10:00:00|Monitor26.txt",2025-12-13T10:00:00Z,2025-12-19T10:30:00Z,"OK","M","DGRP356","21.5C","Winter","NA","08:12","M26","Batch19_DGRP",0.500520773058674,720.74991320449,0.743491843110031,356.876084692815,0.378993055555556,363.833333333333,420,1020,60300,0.702984038861901,1012.29701596114,0.769230769230769,369.230769230769,0.669791666666667,643,300,420,66840,0.576682859125607,830.423317140875,0.771309771309771,370.22869022869,0.479166666666667,460,0,300,76920,0.462873004857738,666.537126995142,0.79002079002079,379.209979209979,0.298958333333333,287,2580,600,78420,0.444829979181124,640.555170020819,0.723492723492724,347.276507276507,0.305208333333333,293,180,960,78540,0.452463566967384,651.547536433033,0.77962577962578,374.220374220374,0.288541666666667,277,60,900,17520,0.364330326162387,524.635669673838,0.627858627858628,301.372141372141,0.232291666666667,223,24.8333333333333,18.7248322147651,39.1666666666667,23.7957446808511
"2025-12-13 10:00:00|Monitor26.txt|05",5,"2025-12-13 10:00:00|Monitor26.txt",2025-12-13T10:00:00Z,2025-12-19T10:30:00Z,"OK","M","DGRP356","21.5C","Winter","NA","08:12","M26","Batch19_DGRP",0.55792153685916,803.40701307719,0.659146129816036,316.390142311697,0.507291666666667,487,0,360,58800,0.682859125607217,983.317140874393,0.744282744282744,357.255717255717,0.652083333333333,626,1080,600,58140,0.648854961832061,934.351145038168,0.74012474012474,355.259875259875,0.603125,579,0,360,55560,0.591950034698126,852.408049965302,0.723492723492724,347.276507276507,0.526041666666667,505,480,300,71340,0.451075641915337,649.548924358085,0.648648648648649,311.351351351351,0.352083333333333,338,60,720,67020,0.427480916030534,615.57251908397,0.56964656964657,273.430353430353,0.35625,342,900,540,68220,0.545454545454545,785.454545454545,0.528066528066528,253.471933471934,0.554166666666667,532,28.3333333333333,16.4294117647059,43,21.8720930232558
"2025-12-13 10:00:00|Monitor26.txt|06",6,"2025-12-13 10:00:00|Monitor26.txt",2025-12-13T10:00:00Z,2025-12-19T10:30:00Z,"OK","M","DGRP356","21.5C","Winter","NA","08:12","M26","Batch19_DGRP",0.384561971993982,553.769239671334,0.702533842415828,337.216244359597,0.225520833333333,216.5,0,2820,14760,0.508674531575295,732.491325468425,0.829521829521829,398.170478170478,0.347916666666667,334,1200,1980,15720,0.437196391394865,629.562803608605,0.748440748440749,359.251559251559,0.28125,270,420,720,8100,0.298403886190146,429.70159611381,0.646569646569647,310.35343035343,0.123958333333333,119,0,600,14760,0.276891047883414,398.723108952117,0.611226611226611,293.388773388773,0.109375,105,1200,360,85980,0.301873698820264,434.69812630118,0.636174636174636,305.363825363825,0.134375,129,3420,660,20940,0.485773768216516,699.514226231784,0.744282744282744,357.255717255717,0.35625,342,20.3333333333333,23.4180327868852,31.6666666666667,29.8631578947368
"2025-12-13 10:00:00|Monitor26.txt|07",7,"2025-12-13 10:00:00|Monitor26.txt",2025-12-13T10:00:00Z,2025-12-19T10:30:00Z,"OK","M","DGRP356","21.5C","Winter","NA","08:12","M26","Batch19_DGRP",0.501099409790534,721.583150098368,0.629642485248178,302.228392919125,0.436805555555556,419.333333333333,360,2520,58380,0.616932685634976,888.383067314365,0.883575883575884,424.116424116424,0.483333333333333,464,1800,660,63540,0.366412213740458,527.63358778626,0.550935550935551,264.449064449064,0.273958333333333,263,1740,1140,76500,0.347675225537821,500.652324774462,0.528066528066528,253.471933471934,0.257291666666667,247,60,600,76980,0.331714087439278,477.668285912561,0.573804573804574,275.426195426195,0.210416666666667,202,840,420,66540,0.621096460791117,894.378903539209,0.513513513513514,246.486486486487,0.675,648,180,1740,64140,0.723802914642609,1042.27619708536,0.72972972972973,350.27027027027,0.720833333333333,692,25.5,18.6470588235294,31.1666666666667,29.8502673796791
"2025-12-13 10:00:00|Monitor26.txt|08",8,"2025-12-13 10:00:00|Monitor26.txt",2025-12-13T10:00:00Z,2025-12-19T10:30:00Z,"OK","M","DGRP356","21.5C","Winter","NA","08:12","M26","Batch19_DGRP",0.461636384677699,664.756393935887,0.694203401596668,333.217632766401,0.3453125,331.5,0,2580,72720,0.485079805690493,698.51492019431,0.750519750519751,360.24948024948,0.352083333333333,338,300,360,74220,0.471894517696044,679.528105482304,0.663201663201663,318.336798336798,0.376041666666667,361,540,1800,70560,0.467730742539903,673.53226925746,0.648648648648649,311.351351351351,0.377083333333333,362,480,600,78240,0.383761276891048,552.616238723109,0.704781704781705,338.295218295218,0.222916666666667,214,2340,2160,70920,0.507980569049271,731.492019430951,0.727650727650728,349.272349272349,0.397916666666667,382,60,300,76920,0.453851492019431,653.546148507981,0.66943866943867,321.330561330561,0.345833333333333,332,23,20.9057971014493,26.3333333333333,35.6962025316456
"2025-12-13 10:00:00|Monitor26.txt|09",9,"2025-12-13 10:00:00|Monitor26.txt",2025-12-13T10:00:00Z,2025-12-19T10:30:00Z,"OK","M","DGRP356","21.5C","Winter","NA","08:12","M26","Batch19_DGRP",0.389538247887976,560.935076958685,0.556404026379729,267.07393266227,0.306076388888889,293.833333333333,1620,360,76980,0.61970853573907,892.380291464261,0.762993762993763,366.237006237006,0.547916666666667,526,660,300,74280,0.454545454545455,654.545454545455,0.607068607068607,291.392931392931,0.378125,363,1620,1080,77580,0.359472588480222,517.64052741152,0.455301455301455,218.544698544699,0.311458333333333,299,1680,720,78240,0.354614850798057,510.645385149202,0.555093555093555,266.444906444906,0.254166666666667,244,240,540,79800,0.248438584316447,357.751561415684,0.413721413721414,198.586278586279,0.165625,159,540,480,11580,0.30117973629424,433.698820263706,0.544698544698545,261.455301455301,0.179166666666667,172,27.5,17.1818181818182,31,30.3870967741936
"2025-12-13 10:00:00|Monitor26.txt|11",11,"2025-12-13 10:00:00|Monitor26.txt",2025-12-13T10:00:00Z,2025-12-19T10:30:00Z,"OK","M","DGRP356","21.5C","Winter","NA","08:12","M26","Batch19_DGRP",0.479458396018979,690.42009026733,0.70426935091982,338.049288441513,0.367013888888889,352.333333333333,300,2160,56340,0.686328938237335,988.313671061763,0.875259875259875,420.12474012474,0.591666666666667,568,120,540,59520,0.524635669673838,755.475364330326,0.773388773388773,371.226611226611,0.4,384,600,360,77880,0.392782789729355,565.607217210271,0.688149688149688,330.31185031185,0.244791666666667,235,360,420,76740,0.376127689104788,541.623872310895,0.592515592515593,284.407484407484,0.267708333333333,257,360,300,76140,0.396252602359473,570.603747397641,0.509355509355509,244.490644490645,0.339583333333333,326,840,660,70560,0.500346981263012,720.499653018737,0.783783783783784,376.216216216216,0.358333333333333,344,26,20.6794871794872,26.3333333333333,33.3101265822785
"2025-12-13 10:00:00|Monitor26.txt|14",14,"2025-12-13 10:00:00|Monitor26.txt",2025-12-13T10:00:00Z,2025-12-19T10:30:00Z,"OK","M","DGRP356","21.5C","Winter","NA","08:12","M26","Batch19_DGRP",0.44323573660456,638.259460710566,0.704616452620618,338.215897257897,0.3125,300,0,1500,10440,0.568355308813324,818.431644691187,0.717255717255717,344.282744282744,0.49375,474,120,1500,81060,0.489243580846634,704.510756419153,0.752598752598753,361.247401247401,0.357291666666667,343,420,420,20460,0.47675225537821,686.523247744622,0.704781704781705,338.295218295218,0.3625,348,480,1500,74580,0.421235253296322,606.578764746704,0.742203742203742,356.257796257796,0.260416666666667,250,1440,840,83460,0.377515614156836,543.622484385843,0.654885654885655,314.345114345114,0.238541666666667,229,660,1560,3720,0.32616238723109,469.673837612769,0.652806652806653,313.347193347193,0.1625,156,25.6666666666667,18.3831168831169,42.6666666666667,21.703125
"2025-12-13 10:00:00|Monitor26.txt|16",16,"2025-12-13 10:00:00|Monitor26.txt",2025-12-13T10:00:00Z,2025-12-19T10:30:00Z,"OK","M","DGRP356","21.5C","Winter","NA","08:12","M26","Batch19_DGRP",0.40226825598889,579.266288624002,0.755293300937175,362.540784449844,0.225694444444444,216.666666666667,0,1920,75780,0.430950728660652,620.569049271339,0.721413721413721,346.278586278586,0.285416666666667,274,960,2580,80700,0.37265787647467,536.627342123525,0.767151767151767,368.232848232848,0.175,168,600,420,74700,0.344899375433727,496.655100624566,0.66943866943867,321.330561330561,0.182291666666667,175,300,360,3780,0.324774462179042,467.675225537821,0.769230769230769,369.230769230769,0.102083333333333,98,120,2040,83460,0.365718251214434,526.634281748786,0.8004158004158,384.199584199584,0.147916666666667,142,4920,2820,4920,0.57529493407356,828.424705065926,0.802494802494803,385.197505197505,0.461458333333333,443,20.6666666666667,24,21.3333333333333,42.9921875
"2025-12-13 10:00:00|Monitor26.txt|17",17,"2025-12-13 10:00:00|Monitor26.txt",2025-12-13T10:00:00Z,2025-12-19T10:30:00Z,"OK","M","DGRP356","21.5C","Winter","NA","08:12","M26","Batch19_DGRP",0.291517185510936,419.784747135748,0.514751822283929,247.080874696286,0.179861111111111,172.666666666667,0,3180,70740,0.549618320610687,791.450381679389,0.74012474012474,355.259875259875,0.454166666666667,436,600,2280,68820,0.382373351839001,550.617626648161,0.613305613305613,294.386694386694,0.266666666666667,256,2760,360,20580,0.244274809160305,351.75572519084,0.422037422037422,202.577962577963,0.155208333333333,149,1500,720,19260,0.207494795281055,298.792505204719,0.471933471933472,226.528066528067,0.075,72,660,960,84240,0.170020818875781,244.829979181124,0.386694386694387,185.613305613306,0.0614583333333333,59,2580,300,19860,0.196391394864677,282.803608605135,0.455301455301455,218.544698544699,0.0666666666666667,64,23.8333333333333,31.5384615384615,15.5,43.4516129032258
"2025-12-13 10:00:00|Monitor26.txt|19",19,"2025-12-13 10:00:00|Monitor26.txt",2025-12-13T10:00:00Z,2025-12-19T10:30:00Z,"OK","M","DGRP356","21.5C","Winter","NA","08:12","M26","Batch19_DGRP",0.438722370096054,631.760212938317,0.626518569940993,300.728913571677,0.344791666666667,331,240,480,75060,0.514226231783484,740.485773768217,0.617463617463617,296.382536382536,0.4625,444,120,780,69480,0.519083969465649,747.480916030534,0.656964656964657,315.343035343035,0.45,432,300,360,75780,0.448993754337266,646.551006245663,0.586278586278586,281.413721413721,0.380208333333333,365,2580,360,84660,0.431644691186676,621.568355308813,0.61954261954262,297.380457380457,0.3375,324,1260,720,84840,0.395558639833449,569.604441360167,0.61954261954262,297.380457380457,0.283333333333333,272,1200,1560,81240,0.324080499653019,466.675919500347,0.661122661122661,317.338877338877,0.155208333333333,149,30.3333333333333,15,43,22.077519379845
"2025-12-13 10:00:00|Monitor26.txt|20",20,"2025-12-13 10:00:00|Monitor26.txt",2025-12-13T10:00:00Z,2025-12-19T10:30:00Z,"OK","M","DGRP356","21.5C","Winter","NA","08:12","M26","Batch19_DGRP",0.408286078000231,587.931952320333,0.742797639708435,356.542867060049,0.240972222222222,231.333333333333,540,360,67860,0.525329632199861,756.4746703678,0.713097713097713,342.286902286902,0.43125,414,1740,480,78600,0.447605829285219,644.552394170715,0.733887733887734,352.266112266112,0.304166666666667,292,2040,600,84480,0.346981263011797,499.653018736988,0.704781704781705,338.295218295218,0.167708333333333,161,1980,2340,4380,0.367106176266482,528.632893823734,0.735966735966736,353.264033264033,0.182291666666667,175,660,420,1680,0.374045801526718,538.625954198473,0.765072765072765,367.234927234927,0.178125,171,960,4020,960,0.390700902151284,562.609299097849,0.806652806652807,387.193347193347,0.182291666666667,175,24.3333333333333,21.3219178082192,29.8333333333333,29.8491620111732
"2025-12-13 10:00:00|Monitor26.txt|23",23,"2025-12-13 10:00:00|Monitor26.txt",2025-12-13T10:00:00Z,2025-12-19T10:30:00Z,"OK","M","DGRP356","21.5C","Winter","NA","08:12","M26","Batch19_DGRP",0.604675384793427,870.732554102534,0.842415827837557,404.359597362027,0.485763888888889,466.333333333333,0,7020,62280,0.736988202637058,1061.26301179736,0.846153846153846,406.153846153846,0.682291666666667,655,240,1800,67920,0.678695350451076,977.321304649549,0.873180873180873,419.126819126819,0.58125,558,1500,2820,17940,0.576682859125607,830.423317140875,0.825363825363825,396.174636174636,0.452083333333333,434,3360,1140,73980,0.564191533657183,812.435808466343,0.866943866943867,416.133056133056,0.4125,396,0,2580,78180,0.518390006939625,746.48160999306,0.781704781704782,375.218295218295,0.386458333333333,371,180,1680,4560,0.554476058292852,798.445523941707,0.862785862785863,414.137214137214,0.4,384,15.3333333333333,30.1304347826087,46.3333333333333,20.341726618705
"2025-12-13 10:00:00|Monitor26.txt|24",24,"2025-12-13 10:00:00|Monitor26.txt",2025-12-13T10:00:00Z,2025-12-19T10:30:00Z,"OK","M","DGRP356","21.5C","Winter","NA","08:12","M26","Batch19_DGRP",0.514986691355167,741.580835551441,0.767788962165915,368.538701839639,0.388541666666667,373,0,600,61800,0.663428174878557,955.336571825121,0.869022869022869,417.130977130977,0.560416666666667,538,360,1200,70680,0.538514920194309,775.461485079806,0.758835758835759,364.241164241164,0.428125,411,960,420,78180,0.369188063844552,531.630811936155,0.833679833679834,400.16632016632,0.136458333333333,131,2640,840,75240,0.408049965301874,587.591950034698,0.765072765072765,367.234927234927,0.229166666666667,220,0,1080,76920,0.461485079805691,664.538514920194,0.694386694386694,333.305613305613,0.344791666666667,331,1560,720,13920,0.650242886884108,936.349757113116,0.686070686070686,329.313929313929,0.632291666666667,607,21.6666666666667,24.0538461538462,26.3333333333333,33.5506329113924
"2025-12-13 10:00:00|Monitor26.txt|26",26,"2025-12-13 10:00:00|Monitor26.txt",2025-12-13T10:00:00Z,2025-12-19T10:30:00Z,"OK","M","DGRP356","21.5C","Winter","NA","08:12","M26","Batch19_DGRP",0.440342552945261,634.093276241176,0.780284623394655,374.536619229434,0.2703125,259.5,0,1200,72480,0.510062456627342,734.489937543373,0.837837837837838,402.162162162162,0.345833333333333,332,60,900,13140,0.453851492019431,653.546148507981,0.860706860706861,413.139293139293,0.25,240,4440,300,76020,0.480222068008328,691.519777931992,0.742203742203742,356.257796257796,0.348958333333333,335,2760,1380,81660,0.34559333795975,497.65440666204,0.600831600831601,288.399168399168,0.217708333333333,209,60,2100,83700,0.485079805690493,698.51492019431,0.771309771309771,370.22869022869,0.341666666666667,328,3960,4920,3960,0.367800138792505,529.632199861208,0.866943866943867,416.133056133056,0.117708333333333,113,20.6666666666667,22.8548387096774,31.3333333333333,30.063829787234
"2025-12-13 10:00:00|Monitor26.txt|27",27,"2025-12-13 10:00:00|Monitor26.txt",2025-12-13T10:00:00Z,2025-12-19T10:30:00Z,"OK","M","DGRP356","21.5C","Winter","NA","08:12","M26","Batch19_DGRP",0.470894572387455,678.088184237935,0.620617841027421,297.896563693162,0.396006944444444,380.166666666667,0,1620,77220,0.484385843164469,697.515614156836,0.650727650727651,312.349272349272,0.401041666666667,385,1020,600,72540,0.492019430950729,708.507980569049,0.644490644490645,309.355509355509,0.415625,399,900,360,72240,0.48646773074254,700.513532269257,0.56964656964657,273.430353430353,0.444791666666667,427,1560,900,76080,0.477446217904233,687.522553782096,0.698544698544699,335.301455301455,0.366666666666667,352,2040,360,77160,0.465648854961832,670.534351145038,0.555093555093555,266.444906444906,0.420833333333333,404,60,360,83940,0.420541290770298,605.57945870923,0.607068607068607,291.392931392931,0.327083333333333,314,33.6666666666667,14.4059405940594,49.6666666666667,18.6510067114094
"2025-12-13 10:00:00|Monitor26.txt|28",28,"2025-12-13 10:00:00|Monitor26.txt",2025-12-13T10:00:00Z,2025-12-19T10:30:00Z,"OK","M","DGRP356","21.5C","Winter","NA","08:12","M26","Batch19_DGRP",0.394398796435598,567.934266867261,0.590072891357168,283.234987851441,0.296527777777778,284.666666666667,0,540,76920,0.538514920194309,775.461485079806,0.708939708939709,340.29106029106,0.453125,435,2700,360,69000,0.517002081887578,744.482997918113,0.683991683991684,328.316008316008,0.433333333333333,416,240,420,80220,0.450381679389313,648.549618320611,0.644490644490645,309.355509355509,0.353125,339,480,600,73560,0.346287300485774,498.653712699514,0.561330561330561,269.43866943867,0.238541666666667,229,780,360,83700,0.300485773768217,432.699514226232,0.575883575883576,276.424116424116,0.1625,156,2760,540,83820,0.215822345593338,310.784177654407,0.37006237006237,177.629937629938,0.138541666666667,133,29.8333333333333,15.3575418994413,26.8333333333333,35.3291925465839
"2025-12-13 10:00:00|Monitor26.txt|30",30,"2025-12-13 10:00:00|Monitor26.txt",2025-12-13T10:00:00Z,2025-12-19T10:30:00Z,"OK","M","DGRP356","21.5C","Winter","NA","08:12","M26","Batch19_DGRP",0.568684180071751,818.905219303322,0.88753904894134,426.018743491843,0.409201388888889,392.833333333333,0,1860,57720,0.809854267869535,1166.19014573213,0.914760914760915,439.085239085239,0.757291666666667,727,2760,16740,2760,0.704371963913949,1014.29562803609,0.966735966735967,464.033264033264,0.572916666666667,550,1560,10620,1560,0.612768910478834,882.387231089521,0.931392931392931,447.068607068607,0.453125,435,6960,600,78480,0.456627342123525,657.543372657877,0.848232848232848,407.151767151767,0.260416666666667,250,1680,660,86220,0.445523941707148,641.554476058293,0.837837837837838,402.162162162162,0.248958333333333,239,10560,900,18780,0.384455239417072,553.615544760583,0.827442827442827,397.172557172557,0.1625,156,12.1666666666667,34.6712328767123,21.1666666666667,47.1653543307087
"2025-12-13 10:00:00|Monitor27.txt|01",1,"2025-12-13 10:00:00|Monitor27.txt",2025-12-13T10:00:00Z,2025-12-19T10:30:00Z,"OK","M","DGRP359","21.5C","Winter","NA","08:12","M27","Batch19_DGRP",0.381553060988312,549.436407823169,0.28531759805623,136.952447066991,0.4296875,412.5,2700,300,71160,0.366412213740458,527.63358778626,0.257796257796258,123.742203742204,0.420833333333333,404,1200,360,41400,0.557251908396947,802.442748091603,0.484407484407485,232.515592515593,0.59375,570,0,300,40140,0.589868147120056,849.41013185288,0.586278586278586,281.413721413721,0.591666666666667,568,1320,300,39300,0.247744621790423,356.75225537821,0.124740124740125,59.8752598752599,0.309375,297,8040,660,66600,0.173490631505899,249.826509368494,0.124740124740125,59.8752598752599,0.197916666666667,190,1200,300,39300,0.354614850798057,510.645385149202,0.135135135135135,64.8648648648649,0.464583333333333,446,23,23.2028985507246,48.1666666666667,18.325259515571
"2025-12-13 10:00:00|Monitor27.txt|02",2,"2025-12-13 10:00:00|Monitor27.txt",2025-12-13T10:00:00Z,2025-12-19T10:30:00Z,"OK","M","DGRP359","21.5C","Winter","NA","08:12","M27","Batch19_DGRP",0.54958916792038,791.408401805347,0.516140229087123,247.747309961819,0.566319444444445,543.666666666667,4920,480,43680,0.457321304649549,658.542678695351,0.392931392931393,188.607068607069,0.489583333333333,470,1260,540,44880,0.615544760582929,886.384455239417,0.567567567567568,272.432432432432,0.639583333333333,614,1140,540,57300,0.544760582928522,784.455239417071,0.544698544698545,261.455301455301,0.544791666666667,523,300,300,42900,0.579458709229702,834.42054129077,0.621621621621622,298.378378378378,0.558333333333333,536,480,360,45360,0.532269257460097,766.46773074254,0.532224532224532,255.467775467776,0.532291666666667,511,780,420,40200,0.567661346287301,817.432338653713,0.436590436590437,209.56340956341,0.633333333333333,608,29,18.0804597701149,49.1666666666667,17.864406779661
"2025-12-13 10:00:00|Monitor27.txt|03",3,"2025-12-13 10:00:00|Monitor27.txt",2025-12-13T10:00:00Z,2025-12-19T10:30:00Z,"OK","M","DGRP359","21.5C","Winter","NA","08:12","M27","Batch19_DGRP",0.721212822589978,1038.54646452957,0.715029503644568,343.214161749393,0.724305555555556,695.333333333333,0,780,43200,0.748091603053435,1077.25190839695,0.8004158004158,384.199584199584,0.721875,693,240,3780,41580,0.763358778625954,1099.23664122137,0.752598752598753,361.247401247401,0.76875,738,9660,420,81000,0.769604441360167,1108.23039555864,0.733887733887734,352.266112266112,0.7875,756,16380,600,44700,0.73560027758501,1059.26439972241,0.756756756756757,363.243243243243,0.725,696,13680,480,44760,0.623178348369188,897.376821651631,0.523908523908524,251.476091476092,0.672916666666667,646,14280,2040,47160,0.687716863289382,990.312283136711,0.723492723492724,347.276507276507,0.669791666666667,643,14.8333333333333,26.8876404494382,20.6666666666667,49.1370967741936
"2025-12-13 10:00:00|Monitor27.txt|04",4,"2025-12-13 10:00:00|Monitor27.txt",2025-12-13T10:00:00Z,2025-12-19T10:30:00Z,"OK","M","DGRP359","21.5C","Winter","NA","08:12","M27","Batch19_DGRP",0.681749797477144,981.719708367087,0.625130163137799,300.062478306144,0.710069444444445,681.666666666667,840,720,47160,0.802914642609299,1156.19708535739,0.783783783783784,376.216216216216,0.8125,780,1440,660,53400,0.748091603053435,1077.25190839695,0.77962577962578,374.220374220374,0.732291666666667,703,4980,480,38160,0.72588480222068,1045.27411519778,0.642411642411642,308.357588357588,0.767708333333333,737,360,360,36780,0.633587786259542,912.36641221374,0.652806652806653,313.347193347193,0.623958333333333,599,780,540,53760,0.553782095766829,797.446217904233,0.438669438669439,210.561330561331,0.611458333333333,587,60,360,37440,0.625260235947259,900.374739764053,0.451143451143451,216.548856548857,0.7125,684,23.3333333333333,20.0928571428571,46.5,19.831541218638
"2025-12-13 10:00:00|Monitor27.txt|05",5,"2025-12-13 10:00:00|Monitor27.txt",2025-12-13T10:00:00Z,2025-12-19T10:30:00Z,"OK","M","DGRP359","21.5C","Winter","NA","08:12","M27","Batch19_DGRP",0.565790996412452,814.739034833931,0.520305449496703,249.746615758417,0.588541666666667,565,60,960,47580,0.596807772380292,859.40319222762,0.584199584199584,280.4158004158,0.603125,579,60,2040,52800,0.639833448993754,921.360166551006,0.638253638253638,306.361746361746,0.640625,615,120,1020,50280,0.651630811936156,938.348369188064,0.62993762993763,302.370062370062,0.6625,636,720,3000,48420,0.529493407356003,762.470506592644,0.571725571725572,274.428274428274,0.508333333333333,488,1740,540,46500,0.48646773074254,700.513532269257,0.367983367983368,176.632016632017,0.545833333333333,524,660,840,41940,0.489243580846634,704.510756419153,0.326403326403326,156.673596673597,0.570833333333333,548,27,19.6111111111111,38,23.0614035087719
"2025-12-13 10:00:00|Monitor27.txt|06",6,"2025-12-13 10:00:00|Monitor27.txt",2025-12-13T10:00:00Z,2025-12-19T10:30:00Z,"OK","M","DGRP359","21.5C","Winter","NA","08:12","M27","Batch19_DGRP",0.758824210160861,1092.70686263164,0.788615064213815,378.535230822631,0.743923611111111,714.166666666667,600,900,47280,0.757113115891742,1090.24288688411,0.773388773388773,371.226611226611,0.748958333333333,719,2160,780,57780,0.775850104094379,1117.22414989591,0.827442827442827,397.172557172557,0.75,720,1380,1140,82020,0.757807078417765,1091.24219292158,0.787941787941788,378.212058212058,0.742708333333333,713,11580,720,42600,0.702290076335878,1011.29770992366,0.72972972972973,350.27027027027,0.688541666666667,661,600,2820,72600,0.792505204718945,1141.20749479528,0.810810810810811,389.189189189189,0.783333333333333,752,20760,360,48840,0.768216516308119,1106.23178348369,0.804573804573805,386.195426195426,0.75,720,15,30.0777777777778,32,29.7239583333333
"2025-12-13 10:00:00|Monitor27.txt|07",7,"2025-12-13 10:00:00|Monitor27.txt",2025-12-13T10:00:00Z,2025-12-19T10:30:00Z,"OK","M","DGRP359","21.5C","Winter","NA","08:12","M27","Batch19_DGRP",0.414535354704317,596.930910774216,0.482124262408886,231.419645956265,0.380729166666667,365.5,3600,600,57180,0.406662040249827,585.59333795975,0.378378378378378,181.621621621622,0.420833333333333,404,180,420,54360,0.536433032616239,772.463566967384,0.704781704781705,338.295218295218,0.452083333333333,434,2280,540,52320,0.549618320610687,791.450381679389,0.663201663201663,318.336798336798,0.492708333333333,473,120,420,40020,0.421235253296322,606.578764746704,0.573804573804574,275.426195426195,0.344791666666667,331,2880,300,49860,0.253296321998612,364.746703678001,0.245322245322245,117.754677754678,0.257291666666667,247,120,480,10440,0.31852879944483,458.681471200555,0.322245322245322,154.677754677755,0.316666666666667,304,30.1666666666667,18.7624309392265,51.5,16.0550161812298
"2025-12-13 10:00:00|Monitor27.txt|09",9,"2025-12-13 10:00:00|Monitor27.txt",2025-12-13T10:00:00Z,2025-12-19T10:30:00Z,"OK","M","DGRP359","21.5C","Winter","NA","08:12","M27","Batch19_DGRP",0.434903367665779,626.260849438722,0.515446025685526,247.414092329052,0.394618055555556,378.833333333333,0,420,17760,0.630811936155448,908.369188063845,0.794178794178794,381.205821205821,0.548958333333333,527,360,720,57600,0.481609993060375,693.51839000694,0.650727650727651,312.349272349272,0.396875,381,60,1740,5400,0.517696044413602,745.482303955586,0.586278586278586,281.413721413721,0.483333333333333,464,240,660,5460,0.273421235253296,393.726578764747,0.521829521829522,250.47817047817,0.148958333333333,143,1560,540,22680,0.214434420541291,308.785565579459,0.280665280665281,134.719334719335,0.18125,174,240,360,40740,0.491325468424705,707.508674531575,0.257796257796258,123.742203742204,0.608333333333333,584,24.6666666666667,23.6418918918919,42.5,19.3490196078431
"2025-12-13 10:00:00|Monitor27.txt|10",10,"2025-12-13 10:00:00|Monitor27.txt",2025-12-13T10:00:00Z,2025-12-19T10:30:00Z,"OK","M","DGRP359","21.5C","Winter","NA","08:12","M27","Batch19_DGRP",0.67619488485129,973.720634185858,0.686914265879903,329.718847622353,0.670833333333333,644,840,360,48060,0.668285912560722,962.331714087439,0.686070686070686,329.313929313929,0.659375,633,780,1920,54780,0.74323386537127,1070.25676613463,0.756756756756757,363.243243243243,0.736458333333333,707,900,780,50400,0.756419153365718,1089.24358084663,0.787941787941788,378.212058212058,0.740625,711,660,1560,57660,0.65440666204025,942.34559333796,0.702702702702703,337.297297297297,0.630208333333333,605,1080,1620,43200,0.58501040943789,842.414989590562,0.613305613305613,294.386694386694,0.570833333333333,548,1500,420,41460,0.650242886884108,936.349757113116,0.575883575883576,276.424116424116,0.6875,660,26.6666666666667,20.41875,45.3333333333333,18.625
"2025-12-13 10:00:00|Monitor27.txt|11",11,"2025-12-13 10:00:00|Monitor27.txt",2025-12-13T10:00:00Z,2025-12-19T10:30:00Z,"OK","M","DGRP359","21.5C","Winter","NA","08:12","M27","Batch19_DGRP",0.309917833584076,446.281680361069,0.345713293995141,165.942381117667,0.292013888888889,280.333333333333,0,540,15960,0.511450381679389,736.488549618321,0.627858627858628,301.372141372141,0.453125,435,120,600,69480,0.265093684941013,381.734906315059,0.496881496881497,238.503118503119,0.148958333333333,143,900,360,19080,0.217210270645385,312.782789729355,0.357588357588358,171.642411642412,0.146875,141,6180,600,6180,0.073560027758501,105.926439972242,0.0956340956340956,45.9043659043659,0.0625,60,6660,360,64980,0.213046495489244,306.786953504511,0.155925155925156,74.8440748440749,0.241666666666667,232,420,600,38880,0.578070784177655,832.421929215822,0.336798336798337,161.663201663202,0.698958333333333,671,24,20.8819444444444,33.1666666666667,27.6281407035176
"2025-12-13 10:00:00|Monitor27.txt|17",17,"2025-12-13 10:00:00|Monitor27.txt",2025-12-13T10:00:00Z,2025-12-19T10:30:00Z,"OK","M","DGRP359","21.5C","Winter","NA","08:12","M27","Batch19_DGRP",0.531651429232728,765.578058095128,0.603262755987504,289.566122874002,0.495833333333333,476,720,300,18000,0.585704371963914,843.414295628036,0.659043659043659,316.340956340956,0.548958333333333,527,180,300,61200,0.578764746703678,833.421235253296,0.692307692307692,332.307692307692,0.521875,501,240,360,5760,0.456627342123525,657.543372657877,0.600831600831601,288.399168399168,0.384375,369,720,1080,42360,0.362248438584316,521.637751561416,0.550935550935551,264.449064449064,0.267708333333333,257,840,660,42120,0.573907009021513,826.426092990979,0.561330561330561,269.43866943867,0.580208333333333,557,180,2160,49920,0.630811936155448,908.369188063845,0.548856548856549,263.451143451143,0.671875,645,30.6666666666667,17.2771739130435,58.3333333333333,14.7171428571429
"2025-12-13 10:00:00|Monitor27.txt|18",18,"2025-12-13 10:00:00|Monitor27.txt",2025-12-13T10:00:00Z,2025-12-19T10:30:00Z,"OK","M","DGRP359","21.5C","Winter","NA","08:12","M27","Batch19_DGRP",0.567874088647147,817.738687651892,0.705657757723013,338.715723707046,0.498958333333333,479,120,360,49680,0.646079111727967,930.353920888272,0.794178794178794,381.205821205821,0.571875,549,600,300,52020,0.616238723108952,887.383761276891,0.814968814968815,391.185031185031,0.516666666666667,496,4380,780,81960,0.60235947258848,867.397640527412,0.827442827442827,397.172557172557,0.489583333333333,470,8760,5340,40140,0.586398334489938,844.41360166551,0.796257796257796,382.203742203742,0.48125,462,6420,2340,6420,0.433726578764747,624.566273421235,0.553014553014553,265.446985446986,0.373958333333333,359,720,300,47160,0.523941707147814,754.476058292852,0.451143451143451,216.548856548857,0.560416666666667,538,18.5,31.990990990991,42.1666666666667,19.3557312252964
"2025-12-13 10:00:00|Monitor27.txt|19",19,"2025-12-13 10:00:00|Monitor27.txt",2025-12-13T10:00:00Z,2025-12-19T10:30:00Z,"OK","M","DGRP359","21.5C","Winter","NA","08:12","M27","Batch19_DGRP",0.570304362920958,821.23828260618,0.600138840680319,288.066643526553,0.555381944444445,533.166666666667,1140,300,42840,0.718945176960444,1035.28105482304,0.686070686070686,329.313929313929,0.735416666666667,706,60,420,40200,0.714781401804303,1029.2852185982,0.760914760914761,365.239085239085,0.691666666666667,664,240,300,41880,0.578070784177655,832.421929215822,0.663201663201663,318.336798336798,0.535416666666667,514,1500,1260,50160,0.563497571131159,811.436502428869,0.771309771309771,370.22869022869,0.459375,441,3060,600,58080,0.326856349757113,470.673143650243,0.361746361746362,173.638253638254,0.309375,297,4440,360,45600,0.518390006939625,746.48160999306,0.353430353430353,169.64656964657,0.601041666666667,577,25.8333333333333,18.258064516129,48,19.3333333333333
"2025-12-13 10:00:00|Monitor27.txt|20",20,"2025-12-13 10:00:00|Monitor27.txt",2025-12-13T10:00:00Z,2025-12-19T10:30:00Z,"OK","M","DGRP359","21.5C","Winter","NA","08:12","M27","Batch19_DGRP",0.630251128341627,907.561624811943,0.598403332176328,287.233599444637,0.646180555555556,620.333333333333,1080,540,54300,0.641915336571825,924.358084663428,0.523908523908524,251.476091476092,0.701041666666667,673,360,420,48720,0.730742539902845,1052.2692574601,0.677754677754678,325.322245322245,0.757291666666667,727,2100,300,42600,0.7529493407356,1084.24705065926,0.754677754677755,362.245322245322,0.752083333333333,722,1440,360,45540,0.702984038861901,1012.29701596114,0.810810810810811,389.189189189189,0.648958333333333,623,240,420,57600,0.41707147814018,600.58292852186,0.471933471933472,226.528066528067,0.389583333333333,374,1920,720,47160,0.536433032616239,772.463566967384,0.353430353430353,169.64656964657,0.628125,603,26.6666666666667,18.99375,47.5,18.659649122807
"2025-12-13 10:00:00|Monitor27.txt|21",21,"2025-12-13 10:00:00|Monitor27.txt",2025-12-13T10:00:00Z,2025-12-19T10:30:00Z,"OK","M","DGRP359","21.5C","Winter","NA","08:12","M27","Batch19_DGRP",0.715657909964125,1030.54739034834,0.751822283929191,360.874696286012,0.697569444444445,669.666666666667,240,360,12600,0.748091603053435,1077.25190839695,0.74012474012474,355.259875259875,0.752083333333333,722,660,1680,42780,0.726578764746704,1046.27342123525,0.804573804573805,386.195426195426,0.6875,660,8640,3660,41040,0.714781401804303,1029.2852185982,0.785862785862786,377.214137214137,0.679166666666667,652,3060,6660,45960,0.730742539902845,1052.2692574601,0.748440748440749,359.251559251559,0.721875,693,3720,960,43080,0.641915336571825,924.358084663428,0.617463617463617,296.382536382536,0.654166666666667,628,240,360,42480,0.732824427480916,1055.26717557252,0.817047817047817,392.182952182952,0.690625,663,14.1666666666667,32.8,38.6666666666667,24.3879310344828
"2025-12-13 10:00:00|Monitor27.txt|23",23,"2025-12-13 10:00:00|Monitor27.txt",2025-12-13T10:00:00Z,2025-12-19T10:30:00Z,"OK","M","DGRP359","21.5C","Winter","NA","08:12","M27","Batch19_DGRP",0.56266635806041,810.23955560699,0.628254078444984,301.561957653593,0.529861111111111,508.666666666667,1680,960,55380,0.493407356002776,710.506592643997,0.492723492723493,236.507276507277,0.49375,474,300,540,38220,0.616932685634976,888.383067314365,0.596673596673597,286.403326403326,0.627083333333333,602,480,540,44760,0.601665510062457,866.398334489938,0.742203742203742,356.257796257796,0.53125,510,3120,300,76920,0.645385149201943,929.354614850798,0.817047817047817,392.182952182952,0.559375,537,6120,2340,43440,0.523247744621791,753.476752255378,0.503118503118503,241.496881496882,0.533333333333333,512,1800,2700,45120,0.495489243580847,713.504510756419,0.617463617463617,296.382536382536,0.434375,417,15.8333333333333,33.4631578947369,27.5,32.2848484848485
"2025-12-13 10:00:00|Monitor27.txt|24",24,"2025-12-13 10:00:00|Monitor27.txt",2025-12-13T10:00:00Z,2025-12-19T10:30:00Z,"OK","M","DGRP359","21.5C","Winter","NA","08:12","M27","Batch19_DGRP",0.458396018979285,660.09026733017,0.390142311697327,187.268309614717,0.492534722222222,472.833333333333,1440,420,50040,0.572519083969466,824.427480916031,0.577962577962578,277.422037422037,0.569791666666667,547,720,480,45360,0.523247744621791,753.476752255378,0.509355509355509,244.490644490645,0.530208333333333,509,3120,300,46680,0.553088133240805,796.446911866759,0.461538461538462,221.538461538462,0.598958333333333,575,60,420,36900,0.50381679389313,725.496183206107,0.40956340956341,196.590436590437,0.551041666666667,529,360,300,57840,0.303955586398335,437.696044413602,0.230769230769231,110.769230769231,0.340625,327,4020,420,58500,0.292158223455933,420.707841776544,0.147609147609148,70.8523908523909,0.364583333333333,350,29.5,17.6327683615819,33.3333333333333,26.5
"2025-12-13 10:00:00|Monitor27.txt|25",25,"2025-12-13 10:00:00|Monitor27.txt",2025-12-13T10:00:00Z,2025-12-19T10:30:00Z,"OK","M","DGRP359","21.5C","Winter","NA","08:12","M27","Batch19_DGRP",0.409211896771207,589.265131350538,0.389795209996529,187.101700798334,0.418923611111111,402.166666666667,1320,720,5820,0.625954198473283,901.374045801527,0.711018711018711,341.288981288981,0.583333333333333,560,300,420,48240,0.652324774462179,939.347675225538,0.598752598752599,287.401247401247,0.679166666666667,652,180,4140,57300,0.616932685634976,888.383067314365,0.642411642411642,308.357588357588,0.604166666666667,580,1500,660,62100,0.226925746009715,326.77307425399,0.35966735966736,172.640332640333,0.160416666666667,154,3900,420,56040,0.0707841776544067,101.929215822346,0.0145530145530146,6.98544698544699,0.0989583333333333,95,21720,300,43440,0.262317834836919,377.737682165163,0.0124740124740125,5.98752598752599,0.3875,372,16.1666666666667,38.5979381443299,24.5,32.4625850340136
"2025-12-13 10:00:00|Monitor27.txt|26",26,"2025-12-13 10:00:00|Monitor27.txt",2025-12-13T10:00:00Z,2025-12-19T10:30:00Z,"OK","M","DGRP359","21.5C","Winter","NA","08:12","M27","Batch19_DGRP",0.517995602360838,745.913667399607,0.445678583825061,213.925720236029,0.554166666666667,532,1680,660,57540,0.437196391394865,629.562803608605,0.322245322245322,154.677754677755,0.494791666666667,475,60,420,59640,0.488549618320611,703.511450381679,0.388773388773389,186.611226611227,0.538541666666667,517,1800,360,58200,0.580846634281749,836.419153365718,0.532224532224532,255.467775467776,0.605208333333333,581,180,1320,44400,0.68910478834143,992.310895211659,0.62993762993763,302.370062370062,0.71875,690,420,1260,40860,0.421235253296322,606.578764746704,0.501039501039501,240.498960498961,0.38125,366,2460,1020,49440,0.491325468424705,707.508674531575,0.301455301455301,144.698544698545,0.586458333333333,563,31,17.1989247311828,53.8333333333333,16.077399380805
"2025-12-13 10:00:00|Monitor27.txt|27",27,"2025-12-13 10:00:00|Monitor27.txt",2025-12-13T10:00:00Z,2025-12-19T10:30:00Z,"OK","M","DGRP359","21.5C","Winter","NA","08:12","M27","Batch19_DGRP",0.581067006133549,836.736488832311,0.438736549809094,210.593543908365,0.652256944444445,626.166666666667,1920,420,40140,0.68910478834143,992.310895211659,0.582120582120582,279.417879417879,0.742708333333333,713,6120,720,42360,0.667591950034698,961.332408049965,0.575883575883576,276.424116424116,0.713541666666667,685,3120,2100,48000,0.612074947952811,881.387925052047,0.490644490644491,235.509355509356,0.672916666666667,646,7620,1560,46920,0.634975711311589,914.365024288688,0.461538461538462,221.538461538462,0.721875,693,720,900,46140,0.408049965301874,587.591950034698,0.37006237006237,177.629937629938,0.427083333333333,410,4500,960,60840,0.475364330326162,684.524635669674,0.155925155925156,74.8440748440749,0.635416666666667,610,23.3333333333333,19.8357142857143,36.1666666666667,26.258064516129
"2025-12-13 10:00:00|Monitor27.txt|28",28,"2025-12-13 10:00:00|Monitor27.txt",2025-12-13T10:00:00Z,2025-12-19T10:30:00Z,"OK","M","DGRP359","21.5C","Winter","NA","08:12","M27","Batch19_DGRP",0.451915287582456,650.758014118736,0.360985768830267,173.273169038528,0.497395833333333,477.5,480,780,54180,0.558639833448994,804.441360166551,0.513513513513514,246.486486486487,0.58125,558,7680,2580,44040,0.699514226231784,1007.30048577377,0.802494802494803,385.197505197505,0.647916666666667,622,8880,540,38640,0.492713393476752,709.507286606523,0.353430353430353,169.64656964657,0.5625,540,3060,480,35040,0.435808466342818,627.564191533657,0.178794178794179,85.8212058212058,0.564583333333333,542,420,720,47160,0.331020124913255,476.668979875087,0.297297297297297,142.702702702703,0.347916666666667,334,840,300,47640,0.194309507286607,279.805690492713,0.0228690228690229,10.977130977131,0.280208333333333,269,16,35.7083333333333,24.8333333333333,33.9597315436242
"2025-12-13 10:00:00|Monitor27.txt|29",29,"2025-12-13 10:00:00|Monitor27.txt",2025-12-13T10:00:00Z,2025-12-19T10:30:00Z,"OK","M","DGRP359","21.5C","Winter","NA","08:12","M27","Batch19_DGRP",0.55676426339544,801.740539289434,0.543908365150989,261.076015272475,0.563194444444445,540.666666666667,2100,360,48300,0.54059680777238,778.459403192228,0.438669438669439,210.561330561331,0.591666666666667,568,660,300,40440,0.698126301179736,1005.30187369882,0.738045738045738,354.261954261954,0.678125,651,1140,300,47520,0.657876474670368,947.34212352533,0.673596673596674,323.326403326403,0.65,624,540,600,37740,0.682859125607217,983.317140874393,0.698544698544699,335.301455301455,0.675,648,2700,480,8040,0.36294240111034,522.63705759889,0.48024948024948,230.519750519751,0.304166666666667,292,4080,1080,40320,0.398334489937543,573.601665510063,0.234927234927235,112.765072765073,0.480208333333333,461,23.3333333333333,22.2285714285714,38.8333333333333,22.9098712446352
"2025-12-13 10:00:00|Monitor27.txt|30",30,"2025-12-13 10:00:00|Monitor27.txt",2025-12-13T10:00:00Z,2025-12-19T10:30:00Z,"OK","M","DGRP359","21.5C","Winter","NA","08:12","M27","Batch19_DGRP",0.609304478648305,877.398449253559,0.648385977091288,311.225269003818,0.589756944444445,566.166666666667,0,540,40980,0.696738376127689,1003.30326162387,0.735966735966736,353.264033264033,0.677083333333333,650,480,1980,40920,0.718945176960444,1035.28105482304,0.781704781704782,375.218295218295,0.6875,660,420,360,4800,0.725190839694657,1044.27480916031,0.831600831600832,399.168399168399,0.671875,645,1140,360,36660,0.677307425399028,975.322692574601,0.752598752598753,361.247401247401,0.639583333333333,614,180,420,40140,0.351145038167939,505.648854961832,0.395010395010395,189.60498960499,0.329166666666667,316,2460,540,42180,0.487161693268564,701.512838306732,0.395010395010395,189.60498960499,0.533333333333333,512,19.1666666666667,30.9652173913043,32.1666666666667,25.3160621761658
"2025-12-13 10:00:00|Monitor28.txt|02",2,"2025-12-13 10:00:00|Monitor28.txt",2025-12-13T10:00:00Z,2025-12-19T10:30:00Z,"OK","M","DGRP361","21.5C","Winter","NA","08:12","M28","Batch19_DGRP",0.767966670524245,1105.87200555491,0.70635196112461,339.048941339813,0.798784722222222,766.833333333333,0,420,35400,0.832755031228314,1199.16724496877,0.833679833679834,400.16632016632,0.832291666666667,799,1140,2820,36660,0.794587092297016,1144.2054129077,0.750519750519751,360.24948024948,0.816666666666667,784,360,2580,58440,0.741151977793199,1067.25884802221,0.735966735966736,353.264033264033,0.74375,714,300,720,38700,0.729354614850798,1050.27064538515,0.582120582120582,279.417879417879,0.803125,771,1380,300,62460,0.72588480222068,1045.27411519778,0.61954261954262,297.380457380457,0.779166666666667,748,3960,660,67800,0.782789729354615,1127.21721027065,0.713097713097713,342.286902286902,0.817708333333333,785,22.3333333333333,20.3507462686567,33.1666666666667,28.4773869346734
"2025-12-13 10:00:00|Monitor28.txt|06",6,"2025-12-13 10:00:00|Monitor28.txt",2025-12-13T10:00:00Z,2025-12-19T10:30:00Z,"OK","M","DGRP361","21.5C","Winter","NA","08:12","M28","Batch19_DGRP",0.751996296724916,1082.87466728388,0.736896910794863,353.710517181534,0.759548611111111,729.166666666667,0,300,45840,0.732824427480916,1055.26717557252,0.760914760914761,365.239085239085,0.71875,690,180,660,38520,0.72588480222068,1045.27411519778,0.735966735966736,353.264033264033,0.720833333333333,692,1080,1680,48660,0.672449687716863,968.327550312283,0.733887733887734,352.266112266112,0.641666666666667,616,300,480,36240,0.716863289382373,1032.28313671062,0.62993762993763,302.370062370062,0.760416666666667,730,240,1080,85020,0.77029840388619,1109.22970159611,0.715176715176715,343.284823284823,0.797916666666667,766,19140,3240,32640,0.892435808466343,1285.10756419153,0.841995841995842,404.158004158004,0.917708333333333,881,20.1666666666667,22.9752066115702,19.6666666666667,47.5338983050847
"2025-12-13 10:00:00|Monitor28.txt|07",7,"2025-12-13 10:00:00|Monitor28.txt",2025-12-13T10:00:00Z,2025-12-19T10:30:00Z,"OK","M","DGRP361","21.5C","Winter","NA","08:12","M28","Batch19_DGRP",0.861011457007291,1239.8564980905,0.732037486983686,351.377993752169,0.925520833333333,888.5,0,1320,48120,0.882026370575989,1270.11797362942,0.806652806652807,387.193347193347,0.919791666666667,883,1320,960,56040,0.854267869535045,1230.14573213047,0.735966735966736,353.264033264033,0.913541666666667,877,420,840,31320,0.863983344899376,1244.1360166551,0.715176715176715,343.284823284823,0.938541666666667,901,300,1800,30720,0.853573907009021,1229.14642609299,0.704781704781705,338.295218295218,0.928125,891,0,480,32460,0.877862595419847,1264.12213740458,0.769230769230769,369.230769230769,0.932291666666667,895,780,300,37560,0.833448993754337,1200.16655100625,0.659043659043659,316.340956340956,0.920833333333333,884,24.3333333333333,19.1575342465753,16.6666666666667,56.27
"2025-12-13 10:00:00|Monitor28.txt|08",8,"2025-12-13 10:00:00|Monitor28.txt",2025-12-13T10:00:00Z,2025-12-19T10:30:00Z,"OK","M","DGRP361","21.5C","Winter","NA","08:12","M28","Batch19_DGRP",0.749218840411989,1078.87513019326,0.825407844498438,396.19576535925,0.711111111111111,682.666666666667,0,4860,37320,0.79736294240111,1148.2026370576,0.856548856548857,411.143451143451,0.767708333333333,737,2400,360,39360,0.759195003469813,1093.24080499653,0.856548856548857,411.143451143451,0.710416666666667,682,720,1500,38520,0.747397640527412,1076.25260235947,0.835758835758836,401.164241164241,0.703125,675,180,1080,37200,0.734212352532963,1057.26578764747,0.814968814968815,391.185031185031,0.69375,666,420,300,37980,0.707841776544067,1019.29215822346,0.746361746361746,358.253638253638,0.688541666666667,661,0,840,37200,0.748785565579459,1078.25121443442,0.83991683991684,403.160083160083,0.703125,675,15.6666666666667,37.2234042553191,14.3333333333333,58.0232558139535
"2025-12-13 10:00:00|Monitor28.txt|11",11,"2025-12-13 10:00:00|Monitor28.txt",2025-12-13T10:00:00Z,2025-12-19T10:30:00Z,"OK","M","DGRP361","21.5C","Winter","NA","08:12","M28","Batch19_DGRP",0.578636731859738,833.236893878023,0.592502603262756,284.401249566123,0.571701388888889,548.833333333333,0,1500,71940,0.670367800138792,965.329632199861,0.773388773388773,371.226611226611,0.61875,594,300,840,37560,0.660652324774462,951.339347675226,0.773388773388773,371.226611226611,0.604166666666667,580,900,360,67920,0.410825815405968,591.589174184594,0.43035343035343,206.569646569647,0.401041666666667,385,1140,300,38760,0.501040943789035,721.498959056211,0.43035343035343,206.569646569647,0.536458333333333,515,600,1680,49500,0.584316446911867,841.415683553088,0.559251559251559,268.440748440748,0.596875,573,120,1620,36360,0.645385149201943,929.354614850798,0.590436590436591,283.409563409563,0.672916666666667,646,26.6666666666667,21.475,28,29.8154761904762
"2025-12-13 10:00:00|Monitor28.txt|12",12,"2025-12-13 10:00:00|Monitor28.txt",2025-12-13T10:00:00Z,2025-12-19T10:30:00Z,"OK","M","DGRP361","21.5C","Winter","NA","08:12","M28","Batch19_DGRP",0.874088647147321,1258.68765189214,0.825407844498438,396.19576535925,0.8984375,862.5,0,360,33300,0.825121443442054,1188.17487855656,0.883575883575884,424.116424116424,0.795833333333333,764,420,420,34200,0.897293546148508,1292.10270645385,0.860706860706861,413.139293139293,0.915625,879,300,540,28500,0.879250520471895,1266.12074947953,0.783783783783784,376.216216216216,0.927083333333333,890,1020,2580,31200,0.868841082581541,1251.13115891742,0.808731808731809,388.191268191268,0.898958333333333,863,180,1200,34620,0.878556557945871,1265.12144344205,0.794178794178794,381.205821205821,0.920833333333333,884,1680,2040,31020,0.895905621096461,1290.1040943789,0.823284823284823,395.176715176715,0.932291666666667,895,20.1666666666667,27.1818181818182,19.8333333333333,43.7058823529412
"2025-12-13 10:00:00|Monitor28.txt|14",14,"2025-12-13 10:00:00|Monitor28.txt",2025-12-13T10:00:00Z,2025-12-19T10:30:00Z,"OK","M","DGRP361","21.5C","Winter","NA","08:12","M28","Batch19_DGRP",0.723064460131929,1041.21282258998,0.70635196112461,339.048941339813,0.731423611111111,702.166666666667,0,2580,41160,0.831367106176267,1197.16863289382,0.814968814968815,391.185031185031,0.839583333333333,806,2280,1980,45180,0.811936155447606,1169.18806384455,0.794178794178794,381.205821205821,0.820833333333333,788,720,780,34500,0.74323386537127,1070.25676613463,0.702702702702703,337.297297297297,0.763541666666667,733,1440,1860,33240,0.684247050659264,985.315752949341,0.654885654885655,314.345114345114,0.698958333333333,671,300,1500,33720,0.64469118667592,928.355308813324,0.659043659043659,316.340956340956,0.6375,612,540,1860,33960,0.623872310895212,898.376127689105,0.615384615384615,295.384615384615,0.628125,603,24,19.9930555555556,28.3333333333333,32.2235294117647
"2025-12-13 10:00:00|Monitor28.txt|18",18,"2025-12-13 10:00:00|Monitor28.txt",2025-12-13T10:00:00Z,2025-12-19T10:30:00Z,"OK","M","DGRP361","21.5C","Winter","NA","08:12","M28","Batch19_DGRP",0.70350653859507,1013.0494155769,0.696980215203055,334.550503297466,0.706770833333333,678.5,0,1440,45660,0.675919500346981,973.324080499653,0.771309771309771,370.22869022869,0.628125,603,1260,1080,51300,0.662040249826509,953.337959750174,0.708939708939709,340.29106029106,0.638541666666667,613,1080,360,40320,0.719639139486468,1036.28036086051,0.725571725571726,348.274428274428,0.716666666666667,688,720,1560,68040,0.664816099930604,957.335183900069,0.644490644490645,309.355509355509,0.675,648,1140,600,65640,0.707147814018043,1018.29285218598,0.555093555093555,266.444906444906,0.783333333333333,752,3960,4320,62640,0.792505204718945,1141.20749479528,0.77962577962578,374.220374220374,0.798958333333333,767,27.5,16.2060606060606,47.3333333333333,19.8521126760563
"2025-12-13 10:00:00|Monitor28.txt|19",19,"2025-12-13 10:00:00|Monitor28.txt",2025-12-13T10:00:00Z,2025-12-19T10:30:00Z,"OK","M","DGRP361","21.5C","Winter","NA","08:12","M28","Batch19_DGRP",0.689734984376808,993.218377502604,0.677542519958348,325.220409580007,0.695833333333333,668,0,1980,71880,0.666897987508675,960.333102012491,0.702702702702703,337.297297297297,0.648958333333333,623,540,2760,74460,0.661346287300486,952.338653712699,0.648648648648649,311.351351351351,0.667708333333333,641,2220,960,44100,0.706453851492019,1017.29354614851,0.719334719334719,345.280665280665,0.7,672,2100,1800,37500,0.698126301179736,1005.30187369882,0.659043659043659,316.340956340956,0.717708333333333,689,300,600,37980,0.665510062456627,958.334489937543,0.661122661122661,317.338877338877,0.667708333333333,641,1560,960,44520,0.739764052741152,1065.26023594726,0.673596673596674,323.326403326403,0.772916666666667,742,24.8333333333333,18.8389261744966,44.6666666666667,20.8731343283582
"2025-12-13 10:00:00|Monitor28.txt|20",20,"2025-12-13 10:00:00|Monitor28.txt",2025-12-13T10:00:00Z,2025-12-19T10:30:00Z,"OK","M","DGRP361","21.5C","Winter","NA","08:12","M28","Batch19_DGRP",0.694711260270802,1000.38421478995,0.646650468587296,310.392224921902,0.71875,690,0,360,64620,0.734212352532963,1057.26578764747,0.725571725571726,348.274428274428,0.738541666666667,709,660,1380,39240,0.698126301179736,1005.30187369882,0.642411642411642,308.357588357588,0.726041666666667,697,60,300,43860,0.675225537820958,972.324774462179,0.656964656964657,315.343035343035,0.684375,657,1680,360,37800,0.655100624566273,943.344899375434,0.623700623700624,299.376299376299,0.670833333333333,644,360,1500,86280,0.686328938237335,988.313671061763,0.56964656964657,273.430353430353,0.744791666666667,715,6780,2460,63960,0.719639139486468,1036.28036086051,0.663201663201663,318.336798336798,0.747916666666667,718,28.6666666666667,18.0232558139535,36.3333333333333,24.1330275229358
"2025-12-13 10:00:00|Monitor28.txt|21",21,"2025-12-13 10:00:00|Monitor28.txt",2025-12-13T10:00:00Z,2025-12-19T10:30:00Z,"OK","M","DGRP361","21.5C","Winter","NA","08:12","M28","Batch19_DGRP",0.691933803957875,996.38467769934,0.770565775772301,369.871572370705,0.652604166666667,626.5,360,1440,49740,0.664816099930604,957.335183900069,0.738045738045738,354.261954261954,0.628125,603,1620,2640,51060,0.695350451075642,1001.30464954892,0.837837837837838,402.162162162162,0.623958333333333,599,0,1620,61500,0.643303261623872,926.356696738376,0.775467775467775,372.224532224532,0.577083333333333,554,1680,1620,34680,0.680777238029147,980.319222761971,0.688149688149688,330.31185031185,0.677083333333333,650,60,1860,31500,0.759888965995836,1094.240111034,0.79002079002079,379.209979209979,0.744791666666667,715,1740,3600,32160,0.707841776544067,1019.29215822346,0.794178794178794,381.205821205821,0.664583333333333,638,18.3333333333333,26.8181818181818,34.1666666666667,26.7024390243902
"2025-12-13 10:00:00|Monitor28.txt|23",23,"2025-12-13 10:00:00|Monitor28.txt",2025-12-13T10:00:00Z,2025-12-19T10:30:00Z,"OK","M","DGRP361","21.5C","Winter","NA","08:12","M28","Batch19_DGRP",0.823978706168268,1186.52933688231,0.742450538007636,356.376258243665,0.864756944444445,830.166666666667,0,2580,33780,0.745315752949341,1073.25468424705,0.604989604989605,290.39501039501,0.815625,783,960,480,38520,0.839000693962526,1208.16099930604,0.708939708939709,340.29106029106,0.904166666666667,868,1140,420,37800,0.855655794587092,1232.14434420541,0.804573804573805,386.195426195426,0.88125,846,1560,300,36180,0.843164469118668,1214.15683553088,0.817047817047817,392.182952182952,0.85625,822,840,1500,55260,0.843164469118668,1214.15683553088,0.79002079002079,379.209979209979,0.869791666666667,835,4020,360,72240,0.817487855655795,1177.18251214434,0.72972972972973,350.27027027027,0.861458333333333,827,27.6666666666667,15.9518072289157,28.6666666666667,33.0872093023256
"2025-12-13 10:00:00|Monitor28.txt|24",24,"2025-12-13 10:00:00|Monitor28.txt",2025-12-13T10:00:00Z,2025-12-19T10:30:00Z,"OK","M","DGRP361","21.5C","Winter","NA","08:12","M28","Batch19_DGRP",0.710450179377387,1023.04825830344,0.631030892051371,302.894828184658,0.750173611111111,720.166666666667,240,420,36540,0.693962526023595,999.306037473976,0.665280665280665,319.334719334719,0.708333333333333,680,120,1080,41700,0.684247050659264,985.315752949341,0.64033264033264,307.359667359667,0.70625,678,480,600,55080,0.734906315058987,1058.26509368494,0.648648648648649,311.351351351351,0.778125,747,480,1140,32520,0.732824427480916,1055.26717557252,0.64033264033264,307.359667359667,0.779166666666667,748,540,1620,32580,0.702984038861901,1012.29701596114,0.588357588357588,282.411642411642,0.760416666666667,730,1920,600,44640,0.713393476752255,1027.28660652325,0.602910602910603,289.397089397089,0.76875,738,32.3333333333333,14.9896907216495,30,30.0611111111111
"2025-12-13 10:00:00|Monitor28.txt|25",25,"2025-12-13 10:00:00|Monitor28.txt",2025-12-13T10:00:00Z,2025-12-19T10:30:00Z,"OK","M","DGRP361","21.5C","Winter","NA","08:12","M28","Batch19_DGRP",0.854183543571346,1230.02430274274,0.805623047552933,386.699062825408,0.878472222222222,843.333333333333,0,300,34980,0.837612768910479,1206.16238723109,0.814968814968815,391.185031185031,0.848958333333333,815,1920,1260,36660,0.84941013185288,1223.15058986815,0.783783783783784,376.216216216216,0.882291666666667,847,780,600,52560,0.85704371963914,1234.14295628036,0.781704781704782,375.218295218295,0.894791666666667,859,540,4680,58200,0.868841082581541,1251.13115891742,0.848232848232848,407.151767151767,0.879166666666667,844,420,540,56760,0.848022206800833,1221.1519777932,0.769230769230769,369.230769230769,0.8875,852,5880,600,48180,0.864677307425399,1245.13532269257,0.837837837837838,402.162162162162,0.878125,843,21.6666666666667,20.8692307692308,23.6666666666667,40.6690140845071
"2025-12-13 10:00:00|Monitor28.txt|26",26,"2025-12-13 10:00:00|Monitor28.txt",2025-12-13T10:00:00Z,2025-12-19T10:30:00Z,"OK","M","DGRP361","21.5C","Winter","NA","08:12","M28","Batch19_DGRP",0.678277977085986,976.720287003819,0.692814994793475,332.551197500868,0.671006944444445,644.166666666667,420,1440,64440,0.686328938237335,988.313671061763,0.717255717255717,344.282744282744,0.670833333333333,644,300,480,37740,0.704371963913949,1014.29562803609,0.696465696465697,334.303534303534,0.708333333333333,680,540,300,38280,0.693962526023595,999.306037473976,0.665280665280665,319.334719334719,0.708333333333333,680,720,540,43440,0.673143650242887,969.326856349757,0.671517671517672,322.328482328482,0.673958333333333,647,960,2100,40680,0.657876474670368,947.34212352533,0.698544698544699,335.301455301455,0.6375,612,1020,480,40380,0.655100624566273,943.344899375434,0.711018711018711,341.288981288981,0.627083333333333,602,27.6666666666667,19.2289156626506,24.6666666666667,35.5405405405406
"2025-12-13 10:00:00|Monitor28.txt|27",27,"2025-12-13 10:00:00|Monitor28.txt",2025-12-13T10:00:00Z,2025-12-19T10:30:00Z,"OK","M","DGRP361","21.5C","Winter","NA","08:12","M28","Batch19_DGRP",0.746441384099063,1074.87559310265,0.80006942034016,384.033321763277,0.719618055555556,690.833333333333,0,840,35880,0.75086745315753,1081.24913254684,0.777546777546778,373.222453222453,0.7375,708,840,300,35460,0.731436502428869,1053.26856349757,0.8004158004158,384.199584199584,0.696875,669,2940,2940,35460,0.754337265787648,1086.24566273421,0.781704781704782,375.218295218295,0.740625,711,540,840,63660,0.748091603053435,1077.25190839695,0.798336798336798,383.201663201663,0.722916666666667,694,1440,7500,1440,0.741845940319223,1068.25815405968,0.848232848232848,407.151767151767,0.688541666666667,661,1620,1680,36960,0.752255378209577,1083.24774462179,0.794178794178794,381.205821205821,0.73125,702,17.6666666666667,27.5566037735849,40.8333333333333,22.3714285714286
"2025-12-13 10:00:00|Monitor28.txt|28",28,"2025-12-13 10:00:00|Monitor28.txt",2025-12-13T10:00:00Z,2025-12-19T10:30:00Z,"OK","M","DGRP361","21.5C","Winter","NA","08:12","M28","Batch19_DGRP",0.728735100104155,1049.37854414998,0.642832349878515,308.559527941687,0.771701388888889,740.833333333333,60,420,38580,0.667591950034698,961.332408049965,0.634095634095634,304.365904365904,0.684375,657,660,660,73920,0.683553088133241,984.316446911867,0.525987525987526,252.474012474012,0.7625,732,300,360,36120,0.664816099930604,957.335183900069,0.546777546777547,262.453222453222,0.723958333333333,695,480,900,51300,0.76058292852186,1095.23941707148,0.652806652806653,313.347193347193,0.814583333333333,782,1200,3180,35520,0.780013879250521,1123.21998612075,0.738045738045738,354.261954261954,0.801041666666667,769,6000,4200,64620,0.816099930603748,1175.1839000694,0.760914760914761,365.239085239085,0.84375,810,28.5,15.953216374269,33.3333333333333,28.4
"2025-12-13 10:00:00|Monitor29.txt|01",1,"2025-12-13 10:00:00|Monitor29.txt",2025-12-13T10:00:00Z,2025-12-19T10:30:00Z,"OK","M","DGRP370","21.5C","Winter","NA","08:12","M29","Batch19_DGRP",0.411294989005902,592.264784168499,0.625130163137799,300.062478306144,0.304340277777778,292.166666666667,0,420,11220,0.509368494101319,733.490631505899,0.750519750519751,360.24948024948,0.388541666666667,373,960,2280,8520,0.522553782095767,752.477446217904,0.750519750519751,360.24948024948,0.408333333333333,392,1020,420,17400,0.428174878556558,616.571825121444,0.708939708939709,340.29106029106,0.2875,276,300,300,7320,0.344899375433727,496.655100624566,0.550935550935551,264.449064449064,0.241666666666667,232,0,540,76140,0.364330326162387,524.635669673838,0.536382536382536,257.463617463618,0.278125,267,480,420,11280,0.299097848716169,430.700902151284,0.453222453222453,217.546777546778,0.221875,213,30.8333333333333,20.1837837837838,51.8333333333333,15.1189710610932
"2025-12-13 10:00:00|Monitor29.txt|02",2,"2025-12-13 10:00:00|Monitor29.txt",2025-12-13T10:00:00Z,2025-12-19T10:30:00Z,"OK","M","DGRP370","21.5C","Winter","NA","08:12","M29","Batch19_DGRP",0.637773405855804,918.393704432357,0.660881638320028,317.223186393613,0.626215277777778,601.166666666667,0,900,15480,0.618320610687023,890.381679389313,0.607068607068607,291.392931392931,0.623958333333333,599,4020,1200,42300,0.682859125607217,983.317140874393,0.721413721413721,346.278586278586,0.663541666666667,637,2520,720,42360,0.639833448993754,921.360166551006,0.677754677754678,325.322245322245,0.620833333333333,596,360,420,41220,0.583622484385843,840.416377515614,0.584199584199584,280.4158004158,0.583333333333333,560,180,660,42360,0.64469118667592,928.355308813324,0.644490644490645,309.355509355509,0.644791666666667,619,240,960,62220,0.657876474670368,947.34212352533,0.731808731808732,351.268191268191,0.620833333333333,596,22.8333333333333,23.8394160583942,43.3333333333333,19.6576923076923
"2025-12-13 10:00:00|Monitor29.txt|03",3,"2025-12-13 10:00:00|Monitor29.txt",2025-12-13T10:00:00Z,2025-12-19T10:30:00Z,"OK","M","DGRP370","21.5C","Winter","NA","08:12","M29","Batch19_DGRP",0.691818076611503,996.218030320565,0.74383894481083,357.042693509198,0.665798611111111,639.166666666667,0,720,71340,0.772380291464261,1112.22761970854,0.79002079002079,379.209979209979,0.763541666666667,733,660,2760,4260,0.752255378209577,1083.24774462179,0.802494802494803,385.197505197505,0.727083333333333,698,480,480,42660,0.712699514226232,1026.28730048577,0.79002079002079,379.209979209979,0.673958333333333,647,0,720,44820,0.699514226231784,1007.30048577377,0.760914760914761,365.239085239085,0.66875,642,720,960,13020,0.614156835530881,884.385843164469,0.731808731808732,351.268191268191,0.555208333333333,533,60,1140,49560,0.600277585010409,864.39972241499,0.588357588357588,282.411642411642,0.60625,582,21.6666666666667,23.8153846153846,44.6666666666667,19.4962686567164
"2025-12-13 10:00:00|Monitor29.txt|04",4,"2025-12-13 10:00:00|Monitor29.txt",2025-12-13T10:00:00Z,2025-12-19T10:30:00Z,"OK","M","DGRP370","21.5C","Winter","NA","08:12","M29","Batch19_DGRP",0.699224626779308,1006.8834625622,0.774383894481083,371.70426935092,0.661631944444444,635.166666666667,0,900,37920,0.765440666204025,1102.2345593338,0.833679833679834,400.16632016632,0.73125,702,1380,1140,38460,0.734906315058987,1058.26509368494,0.812889812889813,390.18711018711,0.695833333333333,668,3180,2160,20160,0.679389312977099,978.320610687023,0.762993762993763,366.237006237006,0.6375,612,720,2460,39960,0.706453851492019,1017.29354614851,0.771309771309771,370.22869022869,0.673958333333333,647,1320,720,36960,0.668285912560722,962.331714087439,0.721413721413721,346.278586278586,0.641666666666667,616,600,2820,600,0.641915336571825,924.358084663428,0.746361746361746,358.253638253638,0.589583333333333,566,18.1666666666667,29.4587155963303,37.3333333333333,23.15625
"2025-12-13 10:00:00|Monitor29.txt|05",5,"2025-12-13 10:00:00|Monitor29.txt",2025-12-13T10:00:00Z,2025-12-19T10:30:00Z,"OK","M","DGRP370","21.5C","Winter","NA","08:12","M29","Batch19_DGRP",0.466728387918065,672.088878602014,0.528635890315863,253.745227351614,0.435763888888889,418.333333333333,0,300,67620,0.477446217904233,687.522553782096,0.594594594594595,285.405405405405,0.41875,402,960,6120,75960,0.52116585704372,750.478834142956,0.565488565488566,271.434511434512,0.498958333333333,479,1020,300,61140,0.469812630117974,676.530187369882,0.505197505197505,242.494802494803,0.452083333333333,434,780,360,63000,0.491325468424705,707.508674531575,0.515592515592516,247.484407484408,0.479166666666667,460,1140,300,10920,0.417765440666204,601.582234559334,0.478170478170478,229.52182952183,0.3875,372,1620,360,68640,0.421235253296322,606.578764746704,0.507276507276507,243.492723492724,0.378125,363,23,27.9202898550725,31,25.2688172043011
"2025-12-13 10:00:00|Monitor29.txt|06",6,"2025-12-13 10:00:00|Monitor29.txt",2025-12-13T10:00:00Z,2025-12-19T10:30:00Z,"OK","M","DGRP370","21.5C","Winter","NA","08:12","M29","Batch19_DGRP",0.465686841800718,670.589052193033,0.547726483859771,262.90871225269,0.424652777777778,407.666666666667,3060,600,15840,0.536433032616239,772.463566967384,0.496881496881497,238.503118503119,0.55625,534,180,540,12240,0.56557945870923,814.434420541291,0.760914760914761,365.239085239085,0.467708333333333,449,1380,420,20880,0.425399028452464,612.574600971548,0.621621621621622,298.378378378378,0.327083333333333,314,600,360,70380,0.471894517696044,679.528105482304,0.46985446985447,225.530145530146,0.472916666666667,454,0,480,42000,0.389312977099237,560.610687022901,0.46985446985447,225.530145530146,0.348958333333333,335,960,300,83880,0.406662040249827,585.59333795975,0.46985446985447,225.530145530146,0.375,360,30.5,19.5191256830601,54.5,14.6422018348624
"2025-12-13 10:00:00|Monitor29.txt|07",7,"2025-12-13 10:00:00|Monitor29.txt",2025-12-13T10:00:00Z,2025-12-19T10:30:00Z,"OK","M","DGRP370","21.5C","Winter","NA","08:12","M29","Batch19_DGRP",0.500405045712302,720.583265825715,0.547379382158973,262.742103436307,0.476909722222222,457.833333333333,0,480,16560,0.579458709229702,834.42054129077,0.613305613305613,294.386694386694,0.5625,540,660,780,43200,0.675225537820958,972.324774462179,0.760914760914761,365.239085239085,0.632291666666667,607,120,960,13860,0.600277585010409,864.39972241499,0.783783783783784,376.216216216216,0.508333333333333,488,960,540,72120,0.530187369882026,763.469812630118,0.617463617463617,296.382536382536,0.486458333333333,467,1680,420,58980,0.293546148507981,422.706453851492,0.197505197505198,94.8024948024948,0.341666666666667,328,2160,600,19380,0.323386537126995,465.676613462873,0.30977130977131,148.690228690229,0.330208333333333,317,23.1666666666667,23.863309352518,58.8333333333333,14.1784702549575
"2025-12-13 10:00:00|Monitor29.txt|08",8,"2025-12-13 10:00:00|Monitor29.txt",2025-12-13T10:00:00Z,2025-12-19T10:30:00Z,"OK","M","DGRP370","21.5C","Winter","NA","08:12","M29","Batch19_DGRP",0.568221270686263,818.238629788219,0.630683790350573,302.728219368275,0.536979166666667,515.5,1800,360,12180,0.450381679389313,648.549618320611,0.528066528066528,253.471933471934,0.411458333333333,395,1080,420,7380,0.567661346287301,817.432338653713,0.656964656964657,315.343035343035,0.522916666666667,502,1440,720,13440,0.555863983344899,800.444136016655,0.636174636174636,305.363825363825,0.515625,495,240,300,60360,0.630811936155448,908.369188063845,0.621621621621622,298.378378378378,0.635416666666667,610,60,420,61440,0.637751561415684,918.362248438584,0.673596673596674,323.326403326403,0.619791666666667,595,540,660,75420,0.566967383761277,816.433032616239,0.667359667359667,320.33264033264,0.516666666666667,496,31.1666666666667,17.5401069518717,64.5,12.9147286821705
"2025-12-13 10:00:00|Monitor29.txt|12",12,"2025-12-13 10:00:00|Monitor29.txt",2025-12-13T10:00:00Z,2025-12-19T10:30:00Z,"OK","M","DGRP370","21.5C","Winter","NA","08:12","M29","Batch19_DGRP",0.60965166068742,877.898391389885,0.785144047205831,376.869142658799,0.521875,501,0,1020,68460,0.643997224149896,927.35600277585,0.819126819126819,393.180873180873,0.55625,534,60,360,4620,0.551700208188758,794.448299791811,0.700623700623701,336.299376299376,0.477083333333333,458,780,7980,780,0.645385149201943,929.354614850798,0.819126819126819,393.180873180873,0.558333333333333,536,600,5280,11340,0.666897987508675,960.333102012491,0.829521829521829,398.170478170478,0.585416666666667,562,3840,1020,13380,0.569049271339348,819.430950728661,0.829521829521829,398.170478170478,0.438541666666667,421,1260,2820,1260,0.581540596807772,837.418459403192,0.713097713097713,342.286902286902,0.515625,495,17.6666666666667,33.1981132075472,47.8333333333333,16.9059233449477
"2025-12-13 10:00:00|Monitor29.txt|13",13,"2025-12-13 10:00:00|Monitor29.txt",2025-12-13T10:00:00Z,2025-12-19T10:30:00Z,"OK","M","DGRP370","21.5C","Winter","NA","08:12","M29","Batch19_DGRP",0.559657447054739,805.906723758824,0.755293300937175,362.540784449844,0.461805555555556,443.333333333333,0,600,1020,0.620402498265094,893.379597501735,0.785862785862786,377.214137214137,0.5375,516,900,600,3600,0.630811936155448,908.369188063845,0.754677754677755,362.245322245322,0.56875,546,1140,3960,1140,0.633587786259542,912.36641221374,0.833679833679834,400.16632016632,0.533333333333333,512,600,300,6600,0.533657182512144,768.466342817488,0.787941787941788,378.212058212058,0.40625,390,900,480,3780,0.483691880638446,696.516308119362,0.713097713097713,342.286902286902,0.36875,354,420,1740,9900,0.457321304649549,658.542678695351,0.659043659043659,316.340956340956,0.35625,342,23.5,24.3262411347518,58.1666666666667,14.2034383954155
"2025-12-13 10:00:00|Monitor29.txt|14",14,"2025-12-13 10:00:00|Monitor29.txt",2025-12-13T10:00:00Z,2025-12-19T10:30:00Z,"OK","M","DGRP370","21.5C","Winter","NA","08:12","M29","Batch19_DGRP",0.433861821548432,624.761023029742,0.409232905241236,196.431794515793,0.446180555555556,428.333333333333,60,900,66660,0.597501734906315,860.402498265094,0.681912681912682,327.318087318087,0.555208333333333,533,300,480,12360,0.49618320610687,714.503816793893,0.538461538461538,258.461538461539,0.475,456,2460,1200,72840,0.357390700902151,514.642609299098,0.253638253638254,121.746361746362,0.409375,393,0,600,19140,0.413601665510062,595.58639833449,0.374220374220374,179.62577962578,0.433333333333333,416,780,360,10260,0.329632199861208,474.670367800139,0.284823284823285,136.715176715177,0.352083333333333,338,1320,660,81540,0.410131852879944,590.58986814712,0.326403326403326,156.673596673597,0.452083333333333,434,28.3333333333333,18.1764705882353,61.5,14.2710027100271
"2025-12-13 10:00:00|Monitor29.txt|15",15,"2025-12-13 10:00:00|Monitor29.txt",2025-12-13T10:00:00Z,2025-12-19T10:30:00Z,"OK","M","DGRP370","21.5C","Winter","NA","08:12","M29","Batch19_DGRP",0.632565675269066,910.894572387455,0.76049982644915,365.039916695592,0.568576388888889,545.833333333333,0,300,14160,0.690492713393477,994.309507286606,0.829521829521829,398.170478170478,0.620833333333333,596,1620,2580,11640,0.595419847328244,857.404580152672,0.713097713097713,342.286902286902,0.536458333333333,515,2820,4440,14160,0.67175572519084,967.328244274809,0.862785862785863,414.137214137214,0.576041666666667,553,240,960,14040,0.585704371963914,843.414295628036,0.706860706860707,339.293139293139,0.525,504,840,2340,3240,0.686328938237335,988.313671061763,0.814968814968815,391.185031185031,0.621875,597,840,300,61140,0.564885496183206,813.435114503817,0.632016632016632,303.367983367983,0.53125,510,21.3333333333333,23.0625,58.5,15.3903133903134
"2025-12-13 10:00:00|Monitor29.txt|17",17,"2025-12-13 10:00:00|Monitor29.txt",2025-12-13T10:00:00Z,2025-12-19T10:30:00Z,"OK","M","DGRP370","21.5C","Winter","NA","08:12","M29","Batch19_DGRP",0.467191297303553,672.755468117116,0.694550503297466,333.384241582784,0.353472222222222,339.333333333333,180,480,17040,0.485773768216516,699.514226231784,0.623700623700624,299.376299376299,0.416666666666667,400,0,1140,12960,0.493407356002776,710.506592643997,0.715176715176715,343.284823284823,0.382291666666667,367,720,1920,8880,0.495489243580847,713.504510756419,0.746361746361746,358.253638253638,0.369791666666667,355,480,360,67920,0.479528105482304,690.520471894518,0.694386694386694,333.305613305613,0.371875,357,120,540,1320,0.501734906315059,722.498265093685,0.74012474012474,355.259875259875,0.382291666666667,367,1020,2100,16080,0.348369188063845,501.651630811936,0.648648648648649,311.351351351351,0.197916666666667,190,24,27.1944444444444,45,16.6037037037037
"2025-12-13 10:00:00|Monitor29.txt|18",18,"2025-12-13 10:00:00|Monitor29.txt",2025-12-13T10:00:00Z,2025-12-19T10:30:00Z,"OK","M","DGRP370","21.5C","Winter","NA","08:12","M29","Batch19_DGRP",0.665779423677815,958.722370096054,0.80215203054495,385.032974661576,0.597569444444445,573.666666666667,0,480,46020,0.647467036780014,932.35253296322,0.781704781704782,375.218295218295,0.580208333333333,557,1020,2220,74220,0.704371963913949,1014.29562803609,0.798336798336798,383.201663201663,0.657291666666667,631,780,660,4800,0.689798750867453,993.310201249133,0.781704781704782,375.218295218295,0.64375,618,1620,2880,13920,0.667591950034698,961.332408049965,0.896049896049896,430.10395010395,0.553125,531,360,480,1320,0.685634975711312,987.314365024289,0.825363825363825,396.174636174636,0.615625,591,300,1680,5520,0.600277585010409,864.39972241499,0.72972972972973,350.27027027027,0.535416666666667,514,18.1666666666667,27.8165137614679,52,17.0544871794872
"2025-12-13 10:00:00|Monitor29.txt|20",20,"2025-12-13 10:00:00|Monitor29.txt",2025-12-13T10:00:00Z,2025-12-19T10:30:00Z,"OK","M","DGRP370","21.5C","Winter","NA","08:12","M29","Batch19_DGRP",0.72190718666821,1039.54634880222,0.860118014578271,412.85664699757,0.652777777777778,626.666666666667,0,780,52500,0.666204024982651,959.333795975017,0.808731808731809,388.191268191268,0.594791666666667,571,960,2220,15780,0.714087439278279,1028.28591256072,0.856548856548857,411.143451143451,0.642708333333333,617,1260,5880,50460,0.744621790423317,1072.25537820958,0.877338877338877,421.122661122661,0.678125,651,6420,11940,6420,0.718945176960444,1035.28105482304,0.875259875259875,420.12474012474,0.640625,615,600,8040,43920,0.694656488549618,1000.30534351145,0.848232848232848,407.151767151767,0.617708333333333,593,1020,2340,56220,0.793893129770992,1143.20610687023,0.896049896049896,430.10395010395,0.742708333333333,713,10.5,49.5873015873016,37.8333333333333,23.3259911894273
"2025-12-13 10:00:00|Monitor29.txt|21",21,"2025-12-13 10:00:00|Monitor29.txt",2025-12-13T10:00:00Z,2025-12-19T10:30:00Z,"OK","M","DGRP370","21.5C","Winter","NA","08:12","M29","Batch19_DGRP",0.703853720634186,1013.54935771323,0.806664352655328,387.198889274557,0.652430555555556,626.333333333333,240,1740,3240,0.723802914642609,1042.27619708536,0.858627858627859,412.141372141372,0.65625,630,720,600,68400,0.721721027064539,1039.27827897294,0.817047817047817,392.182952182952,0.673958333333333,647,1740,660,11880,0.727272727272727,1047.27272727273,0.821205821205821,394.178794178794,0.680208333333333,653,360,300,13740,0.686328938237335,988.313671061763,0.781704781704782,375.218295218295,0.638541666666667,613,120,780,79020,0.710617626648161,1023.28938237335,0.841995841995842,404.158004158004,0.644791666666667,619,60,420,75540,0.652324774462179,939.347675225538,0.715176715176715,343.284823284823,0.620833333333333,596,23.3333333333333,20.3571428571429,63,14.3650793650794
"2025-12-13 10:00:00|Monitor29.txt|22",22,"2025-12-13 10:00:00|Monitor29.txt",2025-12-13T10:00:00Z,2025-12-19T10:30:00Z,"OK","M","DGRP370","21.5C","Winter","NA","08:12","M29","Batch19_DGRP",0.658257146163639,947.890290475639,0.778896216591461,373.870183963901,0.597916666666667,574,0,300,7140,0.696044413601666,1002.3039555864,0.83991683991684,403.160083160083,0.623958333333333,599,780,300,71400,0.659264399722415,949.340735600278,0.792099792099792,380.2079002079,0.592708333333333,569,120,900,18600,0.664816099930604,957.335183900069,0.762993762993763,366.237006237006,0.615625,591,60,300,60720,0.707147814018043,1018.29285218598,0.769230769230769,369.230769230769,0.676041666666667,649,120,1320,43200,0.693962526023595,999.306037473976,0.785862785862786,377.214137214137,0.647916666666667,622,840,1020,67140,0.528799444829979,761.47120055517,0.723492723492724,347.276507276507,0.43125,414,24.5,20.5442176870748,63.8333333333333,13.7023498694517
"2025-12-13 10:00:00|Monitor29.txt|23",23,"2025-12-13 10:00:00|Monitor29.txt",2025-12-13T10:00:00Z,2025-12-19T10:30:00Z,"OK","M","DGRP370","21.5C","Winter","NA","08:12","M29","Batch19_DGRP",0.533503066774679,768.244416155538,0.663311350225616,318.389448108296,0.468576388888889,449.833333333333,1440,540,6900,0.640527411519778,922.35947258848,0.713097713097713,342.286902286902,0.604166666666667,580,2520,360,67320,0.665510062456627,958.334489937543,0.79002079002079,379.209979209979,0.603125,579,2160,13320,2160,0.714781401804303,1029.2852185982,0.866943866943867,416.133056133056,0.638541666666667,613,300,300,61140,0.471894517696044,679.528105482304,0.754677754677755,362.245322245322,0.330208333333333,317,1800,660,71040,0.243580846634282,350.756419153366,0.357588357588358,171.642411642412,0.186458333333333,179,540,1380,68100,0.465648854961832,670.534351145038,0.498960498960499,239.50103950104,0.448958333333333,431,20.3333333333333,29.1147540983607,44.8333333333333,18.1672862453532
"2025-12-13 10:00:00|Monitor29.txt|24",24,"2025-12-13 10:00:00|Monitor29.txt",2025-12-13T10:00:00Z,2025-12-19T10:30:00Z,"OK","M","DGRP370","21.5C","Winter","NA","08:12","M29","Batch19_DGRP",0.844230991783358,1215.69262816804,0.771607080874696,370.371398819854,0.880555555555556,845.333333333333,0,1860,55020,0.875086745315753,1260.12491325468,0.866943866943867,416.133056133056,0.879166666666667,844,2280,300,34440,0.840388619014573,1210.15961138099,0.796257796257796,382.203742203742,0.8625,828,900,300,32520,0.857737682165163,1235.14226231783,0.792099792099792,380.2079002079,0.890625,855,240,1380,57900,0.820263705759889,1181.17973629424,0.706860706860707,339.293139293139,0.877083333333333,842,1680,420,30240,0.84177654406662,1212.15822345593,0.744282744282744,357.255717255717,0.890625,855,2280,720,36060,0.829979181124219,1195.17002081888,0.723492723492724,347.276507276507,0.883333333333333,848,18,26.1666666666667,24.5,38.4013605442177
"2025-12-13 10:00:00|Monitor29.txt|25",25,"2025-12-13 10:00:00|Monitor29.txt",2025-12-13T10:00:00Z,2025-12-19T10:30:00Z,"OK","M","DGRP370","21.5C","Winter","NA","08:12","M29","Batch19_DGRP",0.601666473787756,866.399722254369,0.807705657757723,387.698715723707,0.498611111111111,478.666666666667,0,10800,50640,0.757807078417765,1091.24219292158,0.879417879417879,422.120582120582,0.696875,669,1500,8040,42000,0.712005551700208,1025.2879944483,0.854469854469854,410.14553014553,0.640625,615,1620,600,8280,0.647467036780014,932.35253296322,0.866943866943867,416.133056133056,0.5375,516,60,660,16440,0.682859125607217,983.317140874393,0.783783783783784,376.216216216216,0.632291666666667,607,540,360,16980,0.395558639833449,569.604441360167,0.787941787941788,378.212058212058,0.198958333333333,191,1500,1920,14520,0.414295628036086,596.585704371964,0.671517671517672,322.328482328482,0.285416666666667,274,14,39.1547619047619,36.8333333333333,23.5565610859729
"2025-12-13 10:00:00|Monitor29.txt|27",27,"2025-12-13 10:00:00|Monitor29.txt",2025-12-13T10:00:00Z,2025-12-19T10:30:00Z,"OK","M","DGRP370","21.5C","Winter","NA","08:12","M29","Batch19_DGRP",0.743779655132508,1071.04270339081,0.87087816730302,418.021520305449,0.680208333333333,653,0,1260,59940,0.725190839694657,1044.27480916031,0.804573804573805,386.195426195426,0.685416666666667,658,4440,1020,83340,0.709229701596114,1021.2907702984,0.862785862785863,414.137214137214,0.632291666666667,607,4680,1020,83820,0.761970853573907,1097.23802914643,0.879417879417879,422.120582120582,0.703125,675,15660,4680,15660,0.715475364330326,1030.28452463567,0.9002079002079,432.099792099792,0.622916666666667,598,1860,1620,49320,0.732824427480916,1055.26717557252,0.837837837837838,402.162162162162,0.680208333333333,653,660,2460,3180,0.818875780707842,1179.18112421929,0.941787941787942,452.058212058212,0.757291666666667,727,12.5,35.9733333333333,47.3333333333333,20.0457746478873
"2025-12-13 10:00:00|Monitor29.txt|28",28,"2025-12-13 10:00:00|Monitor29.txt",2025-12-13T10:00:00Z,2025-12-19T10:30:00Z,"OK","M","DGRP370","21.5C","Winter","NA","08:12","M29","Batch19_DGRP",0.633491494040042,912.22775141766,0.776813606386671,372.870531065602,0.561805555555556,539.333333333333,0,300,85260,0.674531575294934,971.325468424705,0.823284823284823,395.176715176715,0.6,576,8220,3480,16920,0.673143650242887,969.326856349757,0.831600831600832,399.168399168399,0.59375,570,2520,4080,40320,0.659264399722415,949.340735600278,0.725571725571726,348.274428274428,0.626041666666667,601,240,480,65820,0.616932685634976,888.383067314365,0.742203742203742,356.257796257796,0.554166666666667,532,720,360,18180,0.596807772380292,859.40319222762,0.773388773388773,371.226611226611,0.508333333333333,488,2460,3360,38280,0.581540596807772,837.418459403192,0.767151767151767,368.232848232848,0.488541666666667,469,13.3333333333333,35.775,46.3333333333333,20.0287769784173
"2025-12-13 10:00:00|Monitor29.txt|29",29,"2025-12-13 10:00:00|Monitor29.txt",2025-12-13T10:00:00Z,2025-12-19T10:30:00Z,"OK","M","DGRP370","21.5C","Winter","NA","08:12","M29","Batch19_DGRP",0.741349380858697,1067.54310843652,0.840680319333565,403.526553280111,0.691666666666667,664,0,720,86040,0.68147120055517,981.318528799445,0.798336798336798,383.201663201663,0.622916666666667,598,8580,8040,51720,0.718945176960444,1035.28105482304,0.879417879417879,422.120582120582,0.638541666666667,613,780,840,61920,0.739764052741152,1065.26023594726,0.831600831600832,399.168399168399,0.69375,666,480,1380,67080,0.79736294240111,1148.2026370576,0.837837837837838,402.162162162162,0.777083333333333,746,2280,480,43200,0.829979181124219,1195.17002081888,0.852390852390852,409.147609147609,0.81875,786,120,300,12120,0.68147120055517,981.318528799445,0.846153846153846,406.153846153846,0.598958333333333,575,15.5,36.8172043010753,32.1666666666667,25.7357512953368
"2025-12-13 10:00:00|Monitor29.txt|31",31,"2025-12-13 10:00:00|Monitor29.txt",2025-12-13T10:00:00Z,2025-12-19T10:30:00Z,"OK","M","DGRP370","21.5C","Winter","NA","08:12","M29","Batch19_DGRP",0.565096632334221,813.739150561278,0.696286011801458,334.2172856647,0.499479166666667,479.5,0,2820,11100,0.678695350451076,977.321304649549,0.866943866943867,416.133056133056,0.584375,561,4320,2160,9660,0.648854961832061,934.351145038168,0.821205821205821,394.178794178794,0.5625,540,1680,780,41640,0.598889659958362,862.401110340042,0.72972972972973,350.27027027027,0.533333333333333,512,960,600,13620,0.490631505898682,706.509368494101,0.681912681912682,327.318087318087,0.394791666666667,379,360,300,58380,0.489243580846634,704.510756419153,0.544698544698545,261.455301455301,0.461458333333333,443,420,2340,84000,0.485079805690493,698.51492019431,0.534303534303534,256.465696465697,0.460416666666667,442,24,22.7361111111111,55.5,15.2672672672673
"2025-12-13 10:00:00|Monitor29.txt|32",32,"2025-12-13 10:00:00|Monitor29.txt",2025-12-13T10:00:00Z,2025-12-19T10:30:00Z,"OK","M","DGRP370","21.5C","Winter","NA","08:12","M29","Batch19_DGRP",0.638814951973151,919.893530841338,0.694897604998265,333.550850399167,0.610763888888889,586.333333333333,120,360,46620,0.676613462873005,974.323386537127,0.661122661122661,317.338877338877,0.684375,657,480,1020,41040,0.693962526023595,999.306037473976,0.777546777546778,373.222453222453,0.652083333333333,626,1920,1140,41760,0.682165163081194,982.317834836919,0.758835758835759,364.241164241164,0.64375,618,480,900,70500,0.642609299097849,925.357390700902,0.659043659043659,316.340956340956,0.634375,609,600,360,61320,0.648160999306037,933.351839000694,0.721413721413721,346.278586278586,0.611458333333333,587,1380,3720,1380,0.490631505898682,706.509368494101,0.594594594594595,285.405405405405,0.438541666666667,421,25.3333333333333,19.5855263157895,55.6666666666667,16.1976047904192
"2025-12-13 10:00:00|Monitor30.txt|01",1,"2025-12-13 10:00:00|Monitor30.txt",2025-12-13T10:00:00Z,2025-12-19T10:30:00Z,"OK","M","DGRP371","21.5C","Winter","NA","08:12","M30","Batch19_DGRP",0.332947575512094,479.444508737415,0.394654633807706,189.434224227699,0.302083333333333,290,120,600,58440,0.528105482303956,760.471894517696,0.559251559251559,268.440748440748,0.5125,492,1080,1080,49380,0.544066620402498,783.455933379598,0.586278586278586,281.413721413721,0.522916666666667,502,300,480,50880,0.45940319222762,661.540596807773,0.607068607068607,291.392931392931,0.385416666666667,370,3300,300,10620,0.319222761970854,459.680777238029,0.575883575883576,276.424116424116,0.190625,183,18060,720,51660,0.0978487161693269,140.902151283831,0.0353430353430353,16.964656964657,0.129166666666667,124,36480,300,59340,0.047883414295628,68.9521165857044,0,0,0.071875,69,17.1666666666667,20.4077669902913,32.6666666666667,33.0714285714286
"2025-12-13 10:00:00|Monitor30.txt|02",2,"2025-12-13 10:00:00|Monitor30.txt",2025-12-13T10:00:00Z,2025-12-19T10:30:00Z,"OK","M","DGRP371","21.5C","Winter","NA","08:12","M30","Batch19_DGRP",0.136326814026154,196.310612197662,0.15411315515446,73.9743144741409,0.127430555555556,122.333333333333,120,480,55320,0.378209576682859,544.621790423317,0.388773388773389,186.611226611227,0.372916666666667,358,2880,360,70860,0.0659264399722415,94.9340735600278,0.0540540540540541,25.9459459459459,0.071875,69,1140,360,74520,0.278972935461485,401.721027064539,0.374220374220374,179.62577962578,0.23125,222,1920,360,12600,0.0464954892435809,66.9535045107564,0.0935550935550936,44.9064449064449,0.0229166666666667,22,8460,300,83280,0.0201249132546843,28.9798750867453,0.0103950103950104,4.98960498960499,0.025,24,53220,300,74100,0.0277585010409438,39.9722414989591,0.00207900207900208,0.997920997920998,0.040625,39,8.83333333333333,70,9.66666666666667,84.6896551724138
"2025-12-13 10:00:00|Monitor30.txt|03",3,"2025-12-13 10:00:00|Monitor30.txt",2025-12-13T10:00:00Z,2025-12-19T10:30:00Z,"OK","M","DGRP371","21.5C","Winter","NA","08:12","M30","Batch19_DGRP",0.321953477606759,463.613007753732,0.311003123915307,149.281499479347,0.327430555555556,314.333333333333,0,840,67920,0.551700208188758,794.448299791811,0.604989604989605,290.39501039501,0.525,504,1740,540,47040,0.598889659958362,862.401110340042,0.573804573804574,275.426195426195,0.611458333333333,587,360,300,61500,0.398334489937543,573.601665510063,0.407484407484407,195.592515592516,0.39375,378,0,300,54060,0.180430256766135,259.819569743234,0.126819126819127,60.8731808731809,0.207291666666667,199,6000,360,48300,0.102706453851492,147.897293546149,0.051975051975052,24.948024948025,0.128125,123,2880,420,5160,0.0999306037473976,143.900069396253,0.101871101871102,48.8981288981289,0.0989583333333333,95,18.8333333333333,31.8230088495575,28.8333333333333,28.7052023121387
"2025-12-13 10:00:00|Monitor30.txt|04",4,"2025-12-13 10:00:00|Monitor30.txt",2025-12-13T10:00:00Z,2025-12-19T10:30:00Z,"OK","M","DGRP371","21.5C","Winter","NA","08:12","M30","Batch19_DGRP",0.179377386876519,258.303437102187,0.13328705310656,63.9777854911489,0.202430555555556,194.333333333333,0,2040,57720,0.552394170714781,795.447605829285,0.571725571725572,274.428274428274,0.542708333333333,521,8820,300,74340,0.130464954892436,187.869535045108,0.0353430353430353,16.964656964657,0.178125,171,13860,300,57120,0.173490631505899,249.826509368494,0.0457380457380458,21.954261954262,0.2375,228,29280,300,83580,0.00763358778625954,10.9923664122137,0,0,0.0114583333333333,11,7380,600,50820,0.0458015267175573,65.9541984732825,0.0311850311850312,14.968814968815,0.053125,51,960,300,45240,0.165857043719639,238.83414295628,0.114345114345114,54.8856548856549,0.191666666666667,184,9.83333333333333,60.0677966101695,12.8333333333333,65.8311688311688
"2025-12-13 10:00:00|Monitor30.txt|05",5,"2025-12-13 10:00:00|Monitor30.txt",2025-12-13T10:00:00Z,2025-12-19T10:30:00Z,"OK","M","DGRP371","21.5C","Winter","NA","08:12","M30","Batch19_DGRP",0.405740076380049,584.26570998727,0.398819854217286,191.433530024297,0.409201388888889,392.833333333333,0,420,46380,0.648160999306037,933.351839000694,0.663201663201663,318.336798336798,0.640625,615,720,540,66060,0.591256072172103,851.408743927828,0.694386694386694,333.305613305613,0.539583333333333,518,1860,360,77760,0.373351839000694,537.626648160999,0.353430353430353,169.64656964657,0.383333333333333,368,4200,360,74880,0.224843858431645,323.775156141568,0.164241164241164,78.8357588357588,0.255208333333333,245,300,480,72060,0.315058986814712,453.684941013185,0.32016632016632,153.679833679834,0.3125,300,1980,420,82980,0.282442748091603,406.717557251908,0.1995841995842,95.8004158004158,0.323958333333333,311,29,17.3908045977011,49.6666666666667,18.244966442953
"2025-12-13 10:00:00|Monitor30.txt|06",6,"2025-12-13 10:00:00|Monitor30.txt",2025-12-13T10:00:00Z,2025-12-19T10:30:00Z,"OK","M","DGRP371","21.5C","Winter","NA","08:12","M30","Batch19_DGRP",0.304247193611851,438.115958801065,0.238111766747657,114.293648038875,0.337326388888889,323.833333333333,240,1200,45720,0.574600971547536,827.425399028452,0.661122661122661,317.338877338877,0.53125,510,660,600,46860,0.517002081887578,744.482997918113,0.41995841995842,201.580041580042,0.565625,543,60,300,52860,0.410131852879944,590.58986814712,0.218295218295218,104.781704781705,0.50625,486,2100,360,70860,0.132546842470507,190.86745315753,0.0353430353430353,16.964656964657,0.18125,174,66900,300,74280,0.0485773768216516,69.9514226231784,0,0,0.0729166666666667,70,1020,420,72600,0.141568355308813,203.858431644691,0.0914760914760915,43.9085239085239,0.166666666666667,160,18.5,24.8288288288288,23.1666666666667,41.841726618705
"2025-12-13 10:00:00|Monitor30.txt|07",7,"2025-12-13 10:00:00|Monitor30.txt",2025-12-13T10:00:00Z,2025-12-19T10:30:00Z,"OK","M","DGRP371","21.5C","Winter","NA","08:12","M30","Batch19_DGRP",0.343478764031941,494.609420205995,0.348837209302326,167.441860465116,0.340798611111111,327.166666666667,660,960,73920,0.528799444829979,761.47120055517,0.650727650727651,312.349272349272,0.467708333333333,449,3240,660,66000,0.521859819569743,751.47814018043,0.604989604989605,290.39501039501,0.480208333333333,461,360,600,43560,0.380985426786954,548.619014573213,0.363825363825364,174.636174636175,0.389583333333333,374,3120,540,66000,0.221374045801527,318.778625954199,0.147609147609148,70.8523908523909,0.258333333333333,248,11760,1320,54840,0.204024982650937,293.795975017349,0.170478170478171,81.8295218295218,0.220833333333333,212,2580,360,60600,0.203331020124913,292.796668979875,0.153846153846154,73.8461538461539,0.228125,219,19.6666666666667,31.8813559322034,24.1666666666667,33.2206896551724
"2025-12-13 10:00:00|Monitor30.txt|08",8,"2025-12-13 10:00:00|Monitor30.txt",2025-12-13T10:00:00Z,2025-12-19T10:30:00Z,"OK","M","DGRP371","21.5C","Winter","NA","08:12","M30","Batch19_DGRP",0.387918065038769,558.602013655827,0.343977785491149,165.109337035751,0.409895833333333,393.5,180,900,44640,0.518390006939625,746.48160999306,0.467775467775468,224.532224532225,0.54375,522,2940,360,43260,0.47675225537821,686.523247744622,0.376299376299376,180.623700623701,0.527083333333333,506,780,360,65520,0.433726578764747,624.566273421235,0.318087318087318,152.681912681913,0.491666666666667,472,7020,360,77160,0.258848022206801,372.741151977793,0.201663201663202,96.7983367983368,0.2875,276,12180,720,70680,0.218598195697432,314.781401804303,0.234927234927235,112.765072765073,0.210416666666667,202,4680,360,41880,0.419847328244275,604.580152671756,0.461538461538462,221.538461538462,0.398958333333333,383,26.3333333333333,21.8860759493671,23.8333333333333,35.4195804195804
"2025-12-13 10:00:00|Monitor30.txt|10",10,"2025-12-13 10:00:00|Monitor30.txt",2025-12-13T10:00:00Z,2025-12-19T10:30:00Z,"OK","M","DGRP371","21.5C","Winter","NA","08:12","M30","Batch19_DGRP",0.465339659761602,670.089110056706,0.567858382506074,272.572023602916,0.4140625,397.5,0,360,47640,0.590562109646079,850.409437890354,0.609147609147609,292.390852390852,0.58125,558,3780,2160,43860,0.65440666204025,942.34559333796,0.744282744282744,357.255717255717,0.609375,585,600,600,69060,0.453851492019431,653.546148507981,0.571725571725572,274.428274428274,0.394791666666667,379,180,420,900,0.473282442748092,681.526717557252,0.67983367983368,326.320166320166,0.369791666666667,355,780,480,70740,0.379597501734906,546.620402498265,0.642411642411642,308.357588357588,0.247916666666667,238,480,660,54540,0.240804996530187,346.75919500347,0.16008316008316,76.8399168399168,0.28125,270,24.6666666666667,22.2837837837838,32.8333333333333,26.3756345177665
"2025-12-13 10:00:00|Monitor30.txt|11",11,"2025-12-13 10:00:00|Monitor30.txt",2025-12-13T10:00:00Z,2025-12-19T10:30:00Z,"OK","M","DGRP371","21.5C","Winter","NA","08:12","M30","Batch19_DGRP",0.355630135400995,512.107394977433,0.394307532106907,189.267615411316,0.336284722222222,322.833333333333,480,3600,56640,0.664816099930604,957.335183900069,0.723492723492724,347.276507276507,0.635416666666667,610,1020,2760,41880,0.676613462873005,974.323386537127,0.654885654885655,314.345114345114,0.6875,660,600,1440,83460,0.341429562803609,491.658570437196,0.561330561330561,269.43866943867,0.23125,222,2160,480,83280,0.166551006245663,239.833448993754,0.228690228690229,109.77130977131,0.135416666666667,130,2460,300,83340,0.0645385149201943,92.9354614850798,0.0831600831600832,39.9168399168399,0.0552083333333333,53,2760,360,55440,0.21998612074948,316.780013879251,0.114345114345114,54.8856548856549,0.272916666666667,262,18.8333333333333,30.7433628318584,30.6666666666667,27.6086956521739
"2025-12-13 10:00:00|Monitor30.txt|12",12,"2025-12-13 10:00:00|Monitor30.txt",2025-12-13T10:00:00Z,2025-12-19T10:30:00Z,"OK","M","DGRP371","21.5C","Winter","NA","08:12","M30","Batch19_DGRP",0.618794121050804,891.063534313158,0.587990281152378,282.235334953141,0.634201388888889,608.833333333333,0,1980,41460,0.672449687716863,968.327550312283,0.812889812889813,390.18711018711,0.602083333333333,578,1740,720,40080,0.684247050659264,985.315752949341,0.592515592515593,284.407484407484,0.730208333333333,701,3960,1740,39900,0.68147120055517,981.318528799445,0.731808731808732,351.268191268191,0.65625,630,1500,1020,41400,0.567661346287301,817.432338653713,0.498960498960499,239.50103950104,0.602083333333333,578,1140,300,46620,0.491325468424705,707.508674531575,0.392931392931393,188.607068607069,0.540625,519,960,300,71520,0.614850798056905,885.385149201943,0.496881496881497,238.503118503119,0.673958333333333,647,27,20.5061728395062,27.1666666666667,31.3312883435583
"2025-12-13 10:00:00|Monitor30.txt|13",13,"2025-12-13 10:00:00|Monitor30.txt",2025-12-13T10:00:00Z,2025-12-19T10:30:00Z,"OK","M","DGRP371","21.5C","Winter","NA","08:12","M30","Batch19_DGRP",0.292443004281912,421.117926165953,0.324192988545644,155.612634501909,0.2765625,265.5,0,1260,51000,0.440666204024983,634.559333795975,0.503118503118503,241.496881496882,0.409375,393,1560,300,72120,0.430256766134629,619.569743233865,0.478170478170478,229.52182952183,0.40625,390,960,360,71460,0.290770298403886,418.709229701596,0.380457380457381,182.619542619543,0.245833333333333,236,7920,1020,76560,0.192227619708536,276.807772380291,0.280665280665281,134.719334719335,0.147916666666667,142,60,480,74400,0.178348369188064,256.821651630812,0.174636174636175,83.8253638253639,0.180208333333333,173,4440,300,70140,0.222761970853574,320.777238029146,0.128898128898129,61.8711018711019,0.269791666666667,259,27,21.3456790123457,28.8333333333333,29.5606936416185
"2025-12-13 10:00:00|Monitor30.txt|14",14,"2025-12-13 10:00:00|Monitor30.txt",2025-12-13T10:00:00Z,2025-12-19T10:30:00Z,"OK","M","DGRP371","21.5C","Winter","NA","08:12","M30","Batch19_DGRP",0.362573776183312,522.106237703969,0.24783061437001,118.958694897605,0.419965277777778,403.166666666667,300,780,50760,0.647467036780014,932.35253296322,0.548856548856549,263.451143451143,0.696875,669,5160,420,47220,0.445523941707148,641.554476058293,0.274428274428274,131.725571725572,0.53125,510,60,360,45840,0.414295628036086,596.585704371964,0.226611226611227,108.773388773389,0.508333333333333,488,1500,420,58020,0.183900069396253,264.816099930604,0.0873180873180873,41.9126819126819,0.232291666666667,223,12780,360,45060,0.184594031922276,265.815405968078,0.141372141372141,67.8586278586279,0.20625,198,360,480,71580,0.299097848716169,430.700902151284,0.207900207900208,99.7920997920998,0.344791666666667,331,21,30.9126984126984,23.5,33.0780141843972
"2025-12-13 10:00:00|Monitor30.txt|15",15,"2025-12-13 10:00:00|Monitor30.txt",2025-12-13T10:00:00Z,2025-12-19T10:30:00Z,"OK","M","DGRP371","21.5C","Winter","NA","08:12","M30","Batch19_DGRP",0.187015391737067,269.302164101377,0.2290871225269,109.961818812912,0.165972222222222,159.333333333333,360,420,48420,0.510062456627342,734.489937543373,0.550935550935551,264.449064449064,0.489583333333333,470,780,1080,50580,0.423317140874393,609.576682859126,0.455301455301455,218.544698544699,0.407291666666667,391,960,420,960,0.102012491325468,146.897987508675,0.237006237006237,113.762993762994,0.034375,33,5820,360,19260,0.0263705759888966,37.9736294240111,0.0436590436590437,20.956340956341,0.0177083333333333,17,5460,300,21420,0.0180430256766135,25.9819569743234,0.0436590436590437,20.956340956341,0.00520833333333333,5,6180,300,83820,0.0423317140874393,60.9576682859126,0.0436590436590437,20.956340956341,0.0416666666666667,40,20,33.0666666666667,10.8333333333333,71.2153846153846
"2025-12-13 10:00:00|Monitor30.txt|17",17,"2025-12-13 10:00:00|Monitor30.txt",2025-12-13T10:00:00Z,2025-12-19T10:30:00Z,"OK","M","DGRP371","21.5C","Winter","NA","08:12","M30","Batch19_DGRP",0.230181691933804,331.461636384678,0.332176327664006,159.444637278723,0.179166666666667,172,2040,720,15180,0.325468424705066,468.674531575295,0.43035343035343,206.569646569647,0.272916666666667,262,240,780,64740,0.395558639833449,569.604441360167,0.461538461538462,221.538461538462,0.3625,348,600,720,11640,0.301873698820264,434.69812630118,0.654885654885655,314.345114345114,0.125,120,5400,420,83280,0.0346981263011797,49.9653018736988,0.0145530145530146,6.98544698544699,0.0447916666666667,43,1200,300,24360,0.111034004163775,159.888965995836,0.216216216216216,103.783783783784,0.0583333333333333,56,120,300,63480,0.211658570437196,304.788341429563,0.212058212058212,101.787941787942,0.211458333333333,203,22.6666666666667,24.9264705882353,22.8333333333333,37.7664233576642
"2025-12-13 10:00:00|Monitor30.txt|18",18,"2025-12-13 10:00:00|Monitor30.txt",2025-12-13T10:00:00Z,2025-12-19T10:30:00Z,"OK","M","DGRP371","21.5C","Winter","NA","08:12","M30","Batch19_DGRP",0.269413262353894,387.955097789608,0.248177716070809,119.125303713988,0.280034722222222,268.833333333333,1080,300,54000,0.514920194309507,741.485079805691,0.453222453222453,217.546777546778,0.545833333333333,524,2280,360,47760,0.38029146426093,547.619708535739,0.276507276507277,132.723492723493,0.432291666666667,415,300,660,51000,0.337265787647467,485.662734212353,0.380457380457381,182.619542619543,0.315625,303,1080,600,74280,0.199167244968772,286.800832755031,0.197505197505198,94.8024948024948,0.2,192,1740,300,66360,0.0492713393476752,70.9507286606523,0.114345114345114,54.8856548856549,0.0166666666666667,16,8940,300,66720,0.134628730048577,193.865371269951,0.0644490644490645,30.9355509355509,0.169791666666667,163,19.6666666666667,32.0762711864407,20,40.0916666666666
"2025-12-13 10:00:00|Monitor30.txt|19",19,"2025-12-13 10:00:00|Monitor30.txt",2025-12-13T10:00:00Z,2025-12-19T10:30:00Z,"OK","M","DGRP371","21.5C","Winter","NA","08:12","M30","Batch19_DGRP",0.480268487443583,691.58662191876,0.602221450885109,289.066296424853,0.419270833333333,402.5,0,900,13320,0.558639833448994,804.441360166551,0.648648648648649,311.351351351351,0.513541666666667,493,600,600,53520,0.625260235947259,900.374739764053,0.731808731808732,351.268191268191,0.571875,549,2640,480,56700,0.589868147120056,849.41013185288,0.727650727650728,349.272349272349,0.520833333333333,500,1740,780,11520,0.526023594725885,757.473976405274,0.683991683991684,328.316008316008,0.446875,429,1740,1320,11940,0.294240111034004,423.705759888966,0.467775467775468,224.532224532225,0.207291666666667,199,540,360,59100,0.288688410825815,415.711311589174,0.355509355509356,170.644490644491,0.255208333333333,245,25,19.5333333333333,48.1666666666667,19.2214532871972
"2025-12-13 10:00:00|Monitor30.txt|20",20,"2025-12-13 10:00:00|Monitor30.txt",2025-12-13T10:00:00Z,2025-12-19T10:30:00Z,"OK","M","DGRP371","21.5C","Winter","NA","08:12","M30","Batch19_DGRP",0.361647957412337,520.773058673765,0.456438736549809,219.090593543908,0.314236111111111,301.666666666667,180,1020,56640,0.532963219986121,767.467036780014,0.667359667359667,320.33264033264,0.465625,447,360,1560,72060,0.473282442748092,681.526717557252,0.592515592515593,284.407484407484,0.413541666666667,397,480,660,44760,0.466342817487856,671.533657182512,0.681912681912682,327.318087318087,0.358333333333333,344,0,360,55320,0.276891047883414,398.723108952117,0.401247401247401,192.598752598753,0.214583333333333,206,1500,420,67680,0.243580846634282,350.756419153366,0.241164241164241,115.758835758836,0.244791666666667,235,4860,300,55380,0.176266481609993,253.82373351839,0.151767151767152,72.8482328482329,0.188541666666667,181,29.3333333333333,21.9943181818182,34.1666666666667,22.6439024390244
"2025-12-13 10:00:00|Monitor30.txt|21",21,"2025-12-13 10:00:00|Monitor30.txt",2025-12-13T10:00:00Z,2025-12-19T10:30:00Z,"OK","M","DGRP371","21.5C","Winter","NA","08:12","M30","Batch19_DGRP",0.224742506654322,323.629209582224,0.231516834432489,111.128080527595,0.221354166666667,212.5,5340,420,46200,0.560721721027065,807.439278278973,0.561330561330561,269.43866943867,0.560416666666667,538,2460,780,58260,0.425399028452464,612.574600971548,0.444906444906445,213.555093555094,0.415625,399,2340,480,65220,0.274809160305344,395.725190839695,0.264033264033264,126.735966735967,0.280208333333333,269,13320,360,50760,0.0700902151283831,100.929909784872,0.0956340956340956,45.9043659043659,0.0572916666666667,55,12840,300,12840,0.00693962526023595,9.99306037473976,0.0207900207900208,9.97920997920998,0,0,51240,300,85200,0.00971547536433033,13.9902845246357,0,0,0.0145833333333333,14,12.5,59.7866666666667,12.3333333333333,55.6486486486487
"2025-12-13 10:00:00|Monitor30.txt|22",22,"2025-12-13 10:00:00|Monitor30.txt",2025-12-13T10:00:00Z,2025-12-19T10:30:00Z,"OK","M","DGRP371","21.5C","Winter","NA","08:12","M30","Batch19_DGRP",0.447517648420322,644.425413725263,0.448802499132246,215.425199583478,0.446875,429,0,600,52200,0.54823039555864,789.451769604441,0.617463617463617,296.382536382536,0.513541666666667,493,3240,4020,68040,0.582234559333796,838.417765440666,0.615384615384615,295.384615384615,0.565625,543,900,840,58920,0.505204718945177,727.494795281055,0.621621621621622,298.378378378378,0.446875,429,1740,420,53520,0.385843164469119,555.614156835531,0.203742203742204,97.7962577962578,0.477083333333333,458,3180,420,66000,0.231089521165857,332.768910478834,0.147609147609148,70.8523908523909,0.272916666666667,262,300,360,62700,0.431644691186676,621.568355308813,0.484407484407485,232.515592515593,0.405208333333333,389,22.6666666666667,22.5588235294118,28.5,32.1228070175439
"2025-12-13 10:00:00|Monitor30.txt|23",23,"2025-12-13 10:00:00|Monitor30.txt",2025-12-13T10:00:00Z,2025-12-19T10:30:00Z,"OK","M","DGRP371","21.5C","Winter","NA","08:12","M30","Batch19_DGRP",0.165953014697373,238.972341164217,0.255813953488372,122.790697674419,0.121006944444444,116.166666666667,1260,660,64680,0.425399028452464,612.574600971548,0.498960498960499,239.50103950104,0.388541666666667,373,840,720,13560,0.1852879944483,266.814712005552,0.380457380457381,182.619542619543,0.0875,84,3000,300,9960,0.170020818875781,244.829979181124,0.415800415800416,199.5841995842,0.046875,45,900,420,83280,0.0784177654406662,112.921582234559,0.153846153846154,73.8461538461539,0.040625,39,1800,480,51420,0.0888272033310201,127.911172796669,0.0415800415800416,19.95841995842,0.1125,108,4200,300,47580,0.0485773768216516,69.9514226231784,0.0457380457380458,21.954261954262,0.05,48,21,29.0634920634921,15.5,52.9462365591398
"2025-12-13 10:00:00|Monitor30.txt|25",25,"2025-12-13 10:00:00|Monitor30.txt",2025-12-13T10:00:00Z,2025-12-19T10:30:00Z,"OK","M","DGRP371","21.5C","Winter","NA","08:12","M30","Batch19_DGRP",0.271033445203102,390.288161092466,0.360985768830267,173.273169038528,0.226041666666667,217,60,1680,48300,0.493407356002776,710.506592643997,0.567567567567568,272.432432432432,0.45625,438,1800,360,49920,0.433032616238723,623.566967383761,0.446985446985447,214.553014553015,0.426041666666667,409,1380,780,15240,0.378209576682859,544.621790423317,0.573804573804574,275.426195426195,0.280208333333333,269,660,540,5220,0.116585704371964,167.883414295628,0.207900207900208,99.7920997920998,0.0708333333333333,68,720,300,3420,0.0555170020818876,79.9444829979181,0.135135135135135,64.8648648648649,0.015625,15,720,840,55620,0.149201943095073,214.850798056905,0.232848232848233,111.767151767152,0.107291666666667,103,23.6666666666667,34.5985915492958,21.8333333333333,27.7175572519084
"2025-12-13 10:00:00|Monitor30.txt|26",26,"2025-12-13 10:00:00|Monitor30.txt",2025-12-13T10:00:00Z,2025-12-19T10:30:00Z,"OK","M","DGRP371","21.5C","Winter","NA","08:12","M30","Batch19_DGRP",0.446939011688462,643.592176831385,0.503297466157584,241.58278375564,0.41875,402,540,780,69960,0.514920194309507,741.485079805691,0.575883575883576,276.424116424116,0.484375,465,420,1320,54480,0.539208882720333,776.46079111728,0.598752598752599,287.401247401247,0.509375,489,420,300,14040,0.340735600277585,490.659264399723,0.598752598752599,287.401247401247,0.211458333333333,203,840,300,55440,0.348369188063845,501.651630811936,0.299376299376299,143.700623700624,0.372916666666667,358,540,1020,70620,0.467036780013879,672.532963219986,0.451143451143451,216.548856548857,0.475,456,840,300,48900,0.471894517696044,679.528105482304,0.496881496881497,238.503118503119,0.459375,441,27.8333333333333,20.1676646706587,36.1666666666667,23.7235023041475
"2025-12-13 10:00:00|Monitor30.txt|27",27,"2025-12-13 10:00:00|Monitor30.txt",2025-12-13T10:00:00Z,2025-12-19T10:30:00Z,"OK","M","DGRP371","21.5C","Winter","NA","08:12","M30","Batch19_DGRP",0.312116653165143,449.447980557806,0.273516140229087,131.287747309962,0.331423611111111,318.166666666667,360,360,44820,0.525329632199861,756.4746703678,0.457380457380458,219.54261954262,0.559375,537,480,300,43020,0.532269257460097,766.46773074254,0.442827442827443,212.557172557173,0.577083333333333,554,780,360,48180,0.39000693962526,561.609993060375,0.322245322245322,154.677754677755,0.423958333333333,407,120,300,77520,0.316446911866759,455.683553088133,0.307692307692308,147.692307692308,0.320833333333333,308,7860,300,23640,0.0569049271339348,81.9430950728661,0.0893970893970894,42.9106029106029,0.040625,39,20460,300,77880,0.051353226925746,73.9486467730743,0.0207900207900208,9.97920997920998,0.0666666666666667,64,23.1666666666667,27.8920863309353,27.8333333333333,27.9820359281437
"2025-12-13 10:00:00|Monitor30.txt|28",28,"2025-12-13 10:00:00|Monitor30.txt",2025-12-13T10:00:00Z,2025-12-19T10:30:00Z,"OK","M","DGRP371","21.5C","Winter","NA","08:12","M30","Batch19_DGRP",0.352274042356209,507.274620992941,0.292259632072197,140.284623394655,0.382291666666667,367,4500,720,51240,0.497571131158917,716.502428868841,0.245322245322245,117.754677754678,0.623958333333333,599,1380,360,51300,0.412213740458015,593.587786259542,0.276507276507277,132.723492723493,0.480208333333333,461,1020,780,74160,0.303955586398335,437.696044413602,0.347193347193347,166.652806652807,0.282291666666667,271,3000,540,72840,0.273421235253296,393.726578764747,0.253638253638254,121.746361746362,0.283333333333333,272,1560,300,68400,0.297709923664122,428.702290076336,0.305613305613306,146.694386694387,0.29375,282,780,360,83400,0.328938237335184,473.671061762665,0.326403326403326,156.673596673597,0.330208333333333,317,33.3333333333333,14.91,52.5,17.5047619047619
"2025-12-13 10:00:00|Monitor30.txt|29",29,"2025-12-13 10:00:00|Monitor30.txt",2025-12-13T10:00:00Z,2025-12-19T10:30:00Z,"OK","M","DGRP371","21.5C","Winter","NA","08:12","M30","Batch19_DGRP",0.339775488948038,489.276704085175,0.263450190905935,126.456091634849,0.377951388888889,362.833333333333,0,360,46860,0.509368494101319,733.490631505899,0.403326403326403,193.596673596674,0.5625,540,60,360,49440,0.455933379597502,656.544066620403,0.449064449064449,215.550935550936,0.459375,441,2220,660,68520,0.376821651630812,542.623178348369,0.174636174636175,83.8253638253639,0.478125,459,1020,360,63720,0.240111034004164,345.759888965996,0.172557172557173,82.8274428274428,0.273958333333333,263,7920,360,75000,0.165163081193616,237.834836918806,0.0665280665280665,31.9334719334719,0.214583333333333,206,120,540,50820,0.290076335877863,417.709923664122,0.311850311850312,149.68814968815,0.279166666666667,268,21,28.9047619047619,26,31.5320512820513
"2025-12-13 10:00:00|Monitor30.txt|30",30,"2025-12-13 10:00:00|Monitor30.txt",2025-12-13T10:00:00Z,2025-12-19T10:30:00Z,"OK","M","DGRP371","21.5C","Winter","NA","08:12","M30","Batch19_DGRP",0.293484550399259,422.617752574933,0.294689343977786,141.450885109337,0.292881944444444,281.166666666667,480,540,7440,0.362248438584316,521.637751561416,0.399168399168399,191.600831600832,0.34375,330,2700,1500,49140,0.522553782095767,752.477446217904,0.513513513513514,246.486486486487,0.527083333333333,506,780,2160,3060,0.367800138792505,529.632199861208,0.476091476091476,228.523908523909,0.313541666666667,301,540,480,82500,0.223455933379598,321.77654406662,0.187110187110187,89.8128898128898,0.241666666666667,232,1200,300,74580,0.139486467730743,200.860513532269,0.0956340956340956,45.9043659043659,0.161458333333333,155,4320,360,42540,0.145038167938931,208.854961832061,0.0956340956340956,45.9043659043659,0.169791666666667,163,22.8333333333333,21.1240875912409,51.3333333333333,18.3701298701299
"2025-12-13 10:00:00|Monitor30.txt|31",31,"2025-12-13 10:00:00|Monitor30.txt",2025-12-13T10:00:00Z,2025-12-19T10:30:00Z,"OK","M","DGRP371","21.5C","Winter","NA","08:12","M30","Batch19_DGRP",0.226825598889018,326.628862400185,0.315168344324887,151.280805275946,0.182638888888889,175.333333333333,540,660,74460,0.415683553088133,598.584316446912,0.538461538461538,258.461538461539,0.354166666666667,340,420,840,72060,0.352532963219986,507.64746703678,0.507276507276507,243.492723492724,0.275,264,2400,960,11400,0.334489937543373,481.665510062457,0.471933471933472,226.528066528067,0.265625,255,6120,840,83340,0.128383067314365,184.871616932686,0.14968814968815,71.8503118503119,0.117708333333333,113,2940,480,16440,0.0874392782789729,125.912560721721,0.168399168399168,80.8316008316008,0.046875,45,10740,480,21240,0.0423317140874393,60.9576682859126,0.0540540540540541,25.9459459459459,0.0364583333333333,35,18.6666666666667,25.5357142857143,32.1666666666667,29.6476683937824
"2025-12-13 10:00:00|Monitor31.txt|01",1,"2025-12-13 10:00:00|Monitor31.txt",2025-12-13T10:00:00Z,2025-12-19T10:30:00Z,"OK","M","DGRP377","21.5C","Winter","NA","08:12","M31","Batch19_DGRP",0.485476218030321,699.085753963662,0.589031586254773,282.735161402291,0.433680555555556,416.333333333333,0,7440,49860,0.648854961832061,934.351145038168,0.812889812889813,390.18711018711,0.566666666666667,544,900,5880,44640,0.651630811936156,938.348369188064,0.817047817047817,392.182952182952,0.56875,546,1500,2400,85440,0.475364330326162,684.524635669674,0.577962577962578,277.422037422037,0.423958333333333,407,9180,600,43740,0.36294240111034,522.63705759889,0.550935550935551,264.449064449064,0.26875,258,480,960,51300,0.410131852879944,590.58986814712,0.444906444906445,213.555093555094,0.392708333333333,377,2760,540,38460,0.365718251214434,526.634281748786,0.334719334719335,160.665280665281,0.38125,366,19.5,32.5555555555556,21.3333333333333,36.65625
"2025-12-13 10:00:00|Monitor31.txt|02",2,"2025-12-13 10:00:00|Monitor31.txt",2025-12-13T10:00:00Z,2025-12-19T10:30:00Z,"OK","M","DGRP377","21.5C","Winter","NA","08:12","M31","Batch19_DGRP",0.153801643328318,221.474366392779,0.224227698715724,107.629295383547,0.118576388888889,113.833333333333,660,360,46380,0.424011103400416,610.5759888966,0.615384615384615,295.384615384615,0.328125,315,2220,2460,8640,0.263705759888966,379.736294240111,0.444906444906445,213.555093555094,0.172916666666667,166,0,660,3900,0.0971547536433033,139.902845246357,0.166320166320166,79.8336798336798,0.0625,60,4140,840,46980,0.0631505898681471,90.9368494101319,0.0852390852390852,40.9147609147609,0.0520833333333333,50,9420,300,45060,0.0367800138792505,52.9632199861208,0.0228690228690229,10.977130977131,0.04375,42,13740,360,49140,0.0388619014573213,55.9611380985427,0.0124740124740125,5.98752598752599,0.0520833333333333,50,10.6666666666667,62.53125,16.1666666666667,47.6082474226804
"2025-12-13 10:00:00|Monitor31.txt|06",6,"2025-12-13 10:00:00|Monitor31.txt",2025-12-13T10:00:00Z,2025-12-19T10:30:00Z,"OK","M","DGRP377","21.5C","Winter","NA","08:12","M31","Batch19_DGRP",0.607915750491841,875.398680708251,0.545643873654981,261.909059354391,0.6390625,613.5,0,1740,42660,0.650242886884108,936.349757113116,0.652806652806653,313.347193347193,0.648958333333333,623,420,480,40980,0.659264399722415,949.340735600278,0.617463617463617,296.382536382536,0.680208333333333,653,2940,1500,38940,0.59264399722415,853.407356002776,0.525987525987526,252.474012474012,0.626041666666667,601,900,540,37920,0.623178348369188,897.376821651631,0.546777546777547,262.453222453222,0.661458333333333,635,420,720,43800,0.566273421235253,815.433726578765,0.515592515592516,247.484407484408,0.591666666666667,568,1500,600,39300,0.555170020818876,799.444829979181,0.413721413721414,198.586278586279,0.626041666666667,601,31.1666666666667,18.1283422459893,35.8333333333333,23.3441860465116
"2025-12-13 10:00:00|Monitor31.txt|07",7,"2025-12-13 10:00:00|Monitor31.txt",2025-12-13T10:00:00Z,2025-12-19T10:30:00Z,"OK","M","DGRP377","21.5C","Winter","NA","08:12","M31","Batch19_DGRP",0.223932415229719,322.462677930795,0.376605345366192,180.770565775772,0.147569444444444,141.666666666667,0,3540,13980,0.330326162387231,475.669673837613,0.565488565488566,271.434511434512,0.2125,204,660,660,83640,0.302567661346287,435.697432338654,0.513513513513514,246.486486486487,0.196875,189,4380,360,14100,0.248438584316447,357.751561415684,0.424116424116424,203.575883575884,0.160416666666667,154,540,1380,2640,0.169326856349757,243.83067314365,0.388773388773389,186.611226611227,0.059375,57,120,840,1080,0.101318528799445,145.898681471201,0.212058212058212,101.787941787942,0.0458333333333333,44,1500,1320,6540,0.192921582234559,277.807078417765,0.158004158004158,75.8419958419959,0.210416666666667,202,17.8333333333333,52.7757009345795,20.3333333333333,24.0901639344262
"2025-12-13 10:00:00|Monitor31.txt|09",9,"2025-12-13 10:00:00|Monitor31.txt",2025-12-13T10:00:00Z,2025-12-19T10:30:00Z,"OK","M","DGRP377","21.5C","Winter","NA","08:12","M31","Batch19_DGRP",0.144427728272191,207.975928711955,0.27282193682749,130.954529677195,0.0802083333333333,77,0,720,840,0.353920888272033,509.646079111728,0.602910602910603,289.397089397089,0.229166666666667,220,480,1800,83340,0.224843858431645,323.775156141568,0.422037422037422,202.577962577963,0.126041666666667,121,660,3600,660,0.148507980569049,213.851492019431,0.378378378378378,181.621621621622,0.0333333333333333,32,7620,480,84300,0.0763358778625954,109.923664122137,0.116424116424116,55.8835758835759,0.05625,54,1140,600,2400,0.051353226925746,73.9486467730743,0.120582120582121,57.8794178794179,0.0166666666666667,16,61920,300,83340,0.0131852879944483,18.9868147120056,0,0,0.0197916666666667,19,14.5,66.16091954023,10.3333333333333,45.8870967741935
"2025-12-13 10:00:00|Monitor31.txt|10",10,"2025-12-13 10:00:00|Monitor31.txt",2025-12-13T10:00:00Z,2025-12-19T10:30:00Z,"OK","M","DGRP377","21.5C","Winter","NA","08:12","M31","Batch19_DGRP",0.328318481657216,472.778613586391,0.479347448802499,230.0867754252,0.252777777777778,242.666666666667,0,6840,0,0.386537126995142,556.613462873005,0.648648648648649,311.351351351351,0.255208333333333,245,4980,360,6120,0.287300485773768,413.712699514226,0.567567567567568,272.432432432432,0.146875,141,2040,2100,83280,0.215822345593338,310.784177654407,0.453222453222453,217.546777546778,0.096875,93,5940,1140,83460,0.296321998612075,426.703678001388,0.40956340956341,196.590436590437,0.239583333333333,230,2040,2160,83340,0.438584316446912,631.561415683553,0.505197505197505,242.494802494803,0.405208333333333,389,660,300,5940,0.347675225537821,500.652324774462,0.297297297297297,142.702702702703,0.372916666666667,358,20.8333333333333,31.76,33.6666666666667,22.6633663366337
"2025-12-13 10:00:00|Monitor31.txt|11",11,"2025-12-13 10:00:00|Monitor31.txt",2025-12-13T10:00:00Z,2025-12-19T10:30:00Z,"OK","M","DGRP377","21.5C","Winter","NA","08:12","M31","Batch19_DGRP",0.368938780233769,531.271843536628,0.375216938562999,180.10413051024,0.365798611111111,351.166666666667,0,1140,44220,0.544066620402498,783.455933379598,0.550935550935551,264.449064449064,0.540625,519,600,960,61860,0.504510756419153,726.495489243581,0.548856548856549,263.451143451143,0.482291666666667,463,900,2220,15480,0.38792505204719,558.612074947953,0.540540540540541,259.459459459459,0.311458333333333,299,300,960,7020,0.287300485773768,413.712699514226,0.336798336798337,161.663201663202,0.2625,252,3060,1800,40800,0.257460097154754,370.742539902845,0.180873180873181,86.8191268191268,0.295833333333333,284,4260,360,39120,0.232477446217904,334.767522553782,0.0935550935550936,44.9064449064449,0.302083333333333,290,18,28.7222222222222,36.1666666666667,25.1428571428571
"2025-12-13 10:00:00|Monitor31.txt|13",13,"2025-12-13 10:00:00|Monitor31.txt",2025-12-13T10:00:00Z,2025-12-19T10:30:00Z,"OK","M","DGRP377","21.5C","Winter","NA","08:12","M31","Batch19_DGRP",0.2739266288624,394.454345561856,0.443595973620271,212.92606733773,0.1890625,181.5,420,1980,3480,0.44205412907703,636.557945870923,0.642411642411642,308.357588357588,0.341666666666667,328,240,1680,85440,0.290770298403886,418.709229701596,0.577962577962578,277.422037422037,0.146875,141,2100,3720,84060,0.292852185981957,421.707147814018,0.440748440748441,211.559251559252,0.21875,210,3960,1080,58380,0.288688410825815,415.711311589174,0.367983367983368,176.632016632017,0.248958333333333,239,480,900,3240,0.185981956974323,267.814018043026,0.355509355509356,170.644490644491,0.101041666666667,97,180,1800,83460,0.144344205412908,207.855655794587,0.278586278586279,133.721413721414,0.0770833333333333,74,22,34.3409090909091,25.8333333333333,25.9096774193549
"2025-12-13 10:00:00|Monitor31.txt|15",15,"2025-12-13 10:00:00|Monitor31.txt",2025-12-13T10:00:00Z,2025-12-19T10:30:00Z,"OK","M","DGRP377","21.5C","Winter","NA","08:12","M31","Batch19_DGRP",0.480962851521815,692.586506191413,0.414092329052412,198.764317945158,0.514409722222222,493.833333333333,0,1980,55920,0.566273421235253,815.433726578765,0.565488565488566,271.434511434512,0.566666666666667,544,8340,8460,41220,0.612074947952811,881.387925052047,0.582120582120582,279.417879417879,0.627083333333333,602,2160,2340,45360,0.440666204024983,634.559333795975,0.336798336798337,161.663201663202,0.492708333333333,473,2280,900,61560,0.481609993060375,693.51839000694,0.555093555093555,266.444906444906,0.444791666666667,427,2100,420,40260,0.402498265093685,579.597501734906,0.247401247401247,118.752598752599,0.480208333333333,461,3900,1080,37080,0.383067314365024,551.616932685635,0.1995841995842,95.8004158004158,0.475,456,12.6666666666667,47.7368421052632,26.8333333333333,30.639751552795
"2025-12-13 10:00:00|Monitor31.txt|16",16,"2025-12-13 10:00:00|Monitor31.txt",2025-12-13T10:00:00Z,2025-12-19T10:30:00Z,"OK","M","DGRP377","21.5C","Winter","NA","08:12","M31","Batch19_DGRP",0.372757782664044,536.771207036223,0.503991669559181,241.916001388407,0.307118055555556,294.833333333333,0,2220,3000,0.667591950034698,961.332408049965,0.767151767151767,368.232848232848,0.617708333333333,593,1740,3660,1740,0.552394170714781,795.447605829285,0.634095634095634,304.365904365904,0.511458333333333,491,120,2160,85080,0.37265787647467,536.627342123525,0.567567567567568,272.432432432432,0.275,264,1980,1020,6840,0.219292158223456,315.780707841777,0.451143451143451,216.548856548857,0.103125,99,420,1860,420,0.236641221374046,340.763358778626,0.35966735966736,172.640332640333,0.175,168,2580,1200,5460,0.189451769604441,272.810548230396,0.247401247401247,118.752598752599,0.160416666666667,154,19.6666666666667,32.8050847457627,29.6666666666667,26.314606741573
"2025-12-13 10:00:00|Monitor31.txt|17",17,"2025-12-13 10:00:00|Monitor31.txt",2025-12-13T10:00:00Z,2025-12-19T10:30:00Z,"OK","M","DGRP377","21.5C","Winter","NA","08:12","M31","Batch19_DGRP",0.284110635343132,409.119314894109,0.445331482124263,213.759111419646,0.203472222222222,195.333333333333,0,1800,6840,0.356002775850104,512.64399722415,0.760914760914761,365.239085239085,0.153125,147,240,6540,82980,0.351839000693963,506.648160999306,0.673596673596674,323.326403326403,0.190625,183,3960,480,83880,0.300485773768217,432.699514226232,0.486486486486487,233.513513513514,0.207291666666667,199,0,900,83760,0.223455933379598,321.77654406662,0.384615384615385,184.615384615385,0.142708333333333,137,60,300,48720,0.251214434420541,361.74878556558,0.16008316008316,76.8399168399168,0.296875,285,0,780,81060,0.222761970853574,320.777238029146,0.207900207900208,99.7920997920998,0.230208333333333,221,22.8333333333333,36.7299270072993,30.5,19.1584699453552
"2025-12-13 10:00:00|Monitor31.txt|18",18,"2025-12-13 10:00:00|Monitor31.txt",2025-12-13T10:00:00Z,2025-12-19T10:30:00Z,"OK","M","DGRP377","21.5C","Winter","NA","08:12","M31","Batch19_DGRP",0.277166994560815,399.120472167573,0.491148906629643,235.751475182228,0.170138888888889,163.333333333333,60,1500,13200,0.315752949340736,454.684247050659,0.708939708939709,340.29106029106,0.11875,114,1380,2220,83400,0.325468424705066,468.674531575295,0.573804573804574,275.426195426195,0.201041666666667,193,8220,720,83400,0.20263705759889,291.797362942401,0.422037422037422,202.577962577963,0.0927083333333333,89,3000,3300,83340,0.217904233171409,313.782095766829,0.40956340956341,196.590436590437,0.121875,117,840,1260,5460,0.215128383067314,309.784871616933,0.422037422037422,202.577962577963,0.111458333333333,107,1680,360,49320,0.388619014573213,559.611380985427,0.415800415800416,199.5841995842,0.375,360,19.8333333333333,43.5210084033613,24.6666666666667,22.8581081081081
"2025-12-13 10:00:00|Monitor31.txt|19",19,"2025-12-13 10:00:00|Monitor31.txt",2025-12-13T10:00:00Z,2025-12-19T10:30:00Z,"OK","M","DGRP377","21.5C","Winter","NA","08:12","M31","Batch19_DGRP",0.340701307719014,490.60988311538,0.405761888233252,194.765706351961,0.308159722222222,295.833333333333,720,2940,10320,0.41707147814018,600.58292852186,0.590436590436591,283.409563409563,0.330208333333333,317,420,720,6120,0.386537126995142,556.613462873005,0.550935550935551,264.449064449064,0.304166666666667,292,660,720,63600,0.26648160999306,383.733518390007,0.428274428274428,205.571725571726,0.185416666666667,178,1320,420,7560,0.292852185981957,421.707147814018,0.386694386694387,185.613305613306,0.245833333333333,236,780,420,46260,0.3705759888966,533.629424011104,0.264033264033264,126.735966735967,0.423958333333333,407,180,300,50160,0.310201249132547,446.689798750867,0.212058212058212,101.787941787942,0.359375,345,16.6666666666667,47.74,32.8333333333333,19.1522842639594
"2025-12-13 10:00:00|Monitor31.txt|20",20,"2025-12-13 10:00:00|Monitor31.txt",2025-12-13T10:00:00Z,2025-12-19T10:30:00Z,"OK","M","DGRP377","21.5C","Winter","NA","08:12","M31","Batch19_DGRP",0.13192917486402,189.978011804189,0.15411315515446,73.9743144741409,0.120833333333333,116,0,1020,5280,0.21998612074948,316.780013879251,0.438669438669439,210.561330561331,0.110416666666667,106,240,300,69720,0.182512144344205,262.817487855656,0.203742203742204,97.7962577962578,0.171875,165,540,780,83340,0.0742539902845246,106.925746009715,0.0540540540540541,25.9459459459459,0.084375,81,2460,540,84180,0.0888272033310201,127.911172796669,0.0374220374220374,17.962577962578,0.114583333333333,110,1200,300,83760,0.0825815405968078,118.917418459403,0.051975051975052,24.948024948025,0.0979166666666667,94,780,300,84000,0.145732130464955,209.854267869535,0.145530145530146,69.8544698544699,0.145833333333333,140,9.5,77.5964912280702,16.3333333333333,42.6020408163265
"2025-12-13 10:00:00|Monitor31.txt|22",22,"2025-12-13 10:00:00|Monitor31.txt",2025-12-13T10:00:00Z,2025-12-19T10:30:00Z,"OK","M","DGRP377","21.5C","Winter","NA","08:12","M31","Batch19_DGRP",0.284804999421363,410.119199166763,0.506074279763971,242.915654286706,0.174131944444444,167.166666666667,0,7800,0,0.426786953504511,614.573213046495,0.654885654885655,314.345114345114,0.3125,300,5100,3660,50040,0.485773768216516,699.514226231784,0.650727650727651,312.349272349272,0.403125,387,3480,720,83580,0.248438584316447,357.751561415684,0.536382536382536,257.463617463618,0.104166666666667,100,5040,300,11220,0.232477446217904,334.767522553782,0.494802494802495,237.505197505198,0.101041666666667,97,1620,1440,6600,0.15822345593338,227.841776544067,0.395010395010395,189.60498960499,0.0395833333333333,38,5220,1140,6780,0.159611380985427,229.840388619015,0.30977130977131,148.690228690229,0.084375,81,11.1666666666667,86.955223880597,15.1666666666667,30.4835164835165
"2025-12-13 10:00:00|Monitor31.txt|23",23,"2025-12-13 10:00:00|Monitor31.txt",2025-12-13T10:00:00Z,2025-12-19T10:30:00Z,"OK","M","DGRP377","21.5C","Winter","NA","08:12","M31","Batch19_DGRP",0.303784284226363,437.449369285962,0.465463380770566,223.422422769872,0.222916666666667,214,0,1080,46320,0.433726578764747,624.566273421235,0.582120582120582,279.417879417879,0.359375,345,5100,540,45180,0.431644691186676,621.568355308813,0.573804573804574,275.426195426195,0.360416666666667,346,2400,300,46560,0.269951422623178,388.730048577377,0.428274428274428,205.571725571726,0.190625,183,1980,3720,83340,0.226925746009715,326.77307425399,0.411642411642412,197.588357588358,0.134375,129,960,2100,84060,0.168632893823734,242.831367106176,0.388773388773389,186.611226611227,0.0583333333333333,56,2460,480,45240,0.294240111034004,423.705759888966,0.413721413721414,198.586278586279,0.234375,225,22.1666666666667,31.6992481203008,10.3333333333333,69.7741935483871
"2025-12-13 10:00:00|Monitor31.txt|25",25,"2025-12-13 10:00:00|Monitor31.txt",2025-12-13T10:00:00Z,2025-12-19T10:30:00Z,"OK","M","DGRP377","21.5C","Winter","NA","08:12","M31","Batch19_DGRP",0.375766693669714,541.104038884388,0.598403332176328,287.233599444637,0.264409722222222,253.833333333333,1980,1260,41160,0.510062456627342,734.489937543373,0.596673596673597,286.403326403326,0.466666666666667,448,660,480,83580,0.481609993060375,693.51839000694,0.713097713097713,342.286902286902,0.365625,351,11520,420,40320,0.366412213740458,527.63358778626,0.617463617463617,296.382536382536,0.240625,231,420,720,42420,0.297015961138099,427.702984038862,0.509355509355509,244.490644490645,0.190625,183,1980,3480,84360,0.337265787647467,485.662734212353,0.577962577962578,277.422037422037,0.216666666666667,208,7320,2640,10020,0.26439972241499,380.735600277585,0.58004158004158,278.419958419958,0.10625,102,14.6666666666667,38.9545454545455,19.3333333333333,43.9396551724138
"2025-12-13 10:00:00|Monitor31.txt|26",26,"2025-12-13 10:00:00|Monitor31.txt",2025-12-13T10:00:00Z,2025-12-19T10:30:00Z,"OK","M","DGRP377","21.5C","Winter","NA","08:12","M31","Batch19_DGRP",0.164680013887282,237.139219997685,0.388753904894134,186.601874349184,0.0526041666666667,50.5,420,5940,420,0.251908396946565,362.748091603053,0.686070686070686,329.313929313929,0.034375,33,4740,1260,83460,0.218598195697432,314.781401804303,0.498960498960499,239.50103950104,0.078125,75,3780,360,85320,0.152671755725191,219.847328244275,0.357588357588358,171.642411642412,0.05,48,3120,1440,83340,0.126301179736294,181.873698820264,0.261954261954262,125.738045738046,0.0583333333333333,56,1080,3600,1080,0.116585704371964,167.883414295628,0.261954261954262,125.738045738046,0.04375,42,1740,420,85020,0.124913254684247,179.875086745316,0.272349272349272,130.727650727651,0.0510416666666667,49,15.8333333333333,68.2,4,87.4583333333334
"2025-12-13 10:00:00|Monitor31.txt|27",27,"2025-12-13 10:00:00|Monitor31.txt",2025-12-13T10:00:00Z,2025-12-19T10:30:00Z,"OK","M","DGRP377","21.5C","Winter","NA","08:12","M31","Batch19_DGRP",0.471357481772943,678.754773753038,0.424505380076362,203.762582436654,0.494791666666667,475,420,300,42780,0.652324774462179,939.347675225538,0.704781704781705,338.295218295218,0.626041666666667,601,1740,960,42360,0.57529493407356,828.424705065926,0.582120582120582,279.417879417879,0.571875,549,3540,720,57420,0.493407356002776,710.506592643997,0.438669438669439,210.561330561331,0.520833333333333,500,480,1320,46080,0.377515614156836,543.622484385843,0.355509355509356,170.644490644491,0.388541666666667,373,600,660,43320,0.304649548924358,438.695350451076,0.230769230769231,110.769230769231,0.341666666666667,328,780,840,43740,0.426786953504511,614.573213046495,0.241164241164241,115.758835758836,0.519791666666667,499,20.5,28.4227642276423,40.8333333333333,20.2857142857143
"2025-12-13 10:00:00|Monitor31.txt|28",28,"2025-12-13 10:00:00|Monitor31.txt",2025-12-13T10:00:00Z,2025-12-19T10:30:00Z,"OK","M","DGRP377","21.5C","Winter","NA","08:12","M31","Batch19_DGRP",0.26617289665548,383.288971183891,0.450538007636237,216.258243665394,0.173958333333333,167,0,1680,6060,0.469812630117974,676.530187369882,0.735966735966736,353.264033264033,0.336458333333333,323,1920,420,12600,0.303261623872311,436.696738376128,0.501039501039501,240.498960498961,0.204166666666667,196,1260,900,11220,0.171408743927828,246.828591256072,0.351351351351351,168.648648648649,0.08125,78,1080,1020,9960,0.138792505204719,199.861207494795,0.349272349272349,167.650727650728,0.0333333333333333,32,120,900,47040,0.253296321998612,364.746703678001,0.390852390852391,187.609147609148,0.184375,177,420,360,47280,0.262317834836919,377.737682165163,0.378378378378378,181.621621621622,0.204166666666667,196,18.3333333333333,41.6090909090909,17.5,37.6761904761905
"2025-12-13 10:00:00|Monitor31.txt|29",29,"2025-12-13 10:00:00|Monitor31.txt",2025-12-13T10:00:00Z,2025-12-19T10:30:00Z,"OK","M","DGRP377","21.5C","Winter","NA","08:12","M31","Batch19_DGRP",0.122902441847008,176.979516259692,0.234640749739674,112.627559875043,0.0670138888888889,64.3333333333333,2160,5100,2160,0.179042331714087,257.820957668286,0.401247401247401,192.598752598753,0.0677083333333333,65,780,2040,83340,0.207494795281055,298.792505204719,0.367983367983368,176.632016632017,0.127083333333333,122,1800,420,2280,0.130464954892436,187.869535045108,0.24948024948025,119.75051975052,0.0708333333333333,68,1200,960,85140,0.0895211658570437,128.910478834143,0.120582120582121,57.8794178794179,0.0739583333333333,71,60,300,8520,0.0617626648160999,88.9382373351839,0.164241164241164,78.8357588357588,0.0104166666666667,10,6900,1560,6900,0.0707841776544067,101.929215822346,0.108108108108108,51.8918918918919,0.0520833333333333,50,10.3333333333333,78.5645161290323,9,68.9074074074074
"2025-12-13 10:00:00|Monitor31.txt|30",30,"2025-12-13 10:00:00|Monitor31.txt",2025-12-13T10:00:00Z,2025-12-19T10:30:00Z,"OK","M","DGRP377","21.5C","Winter","NA","08:12","M31","Batch19_DGRP",0.414882536743432,597.430852910543,0.639708434571329,307.060048594238,0.302430555555556,290.333333333333,0,9660,0,0.569743233865371,820.430256766135,0.83991683991684,403.160083160083,0.434375,417,5220,4320,83340,0.461485079805691,664.538514920194,0.708939708939709,340.29106029106,0.3375,324,2640,6420,83460,0.365024288688411,525.634975711312,0.652806652806653,313.347193347193,0.220833333333333,212,6060,1560,83460,0.34559333795975,497.65440666204,0.575883575883576,276.424116424116,0.230208333333333,221,11760,600,83580,0.405968077723803,584.594031922276,0.538461538461538,258.461538461539,0.339583333333333,326,2940,4020,46080,0.343511450381679,494.656488549618,0.525987525987526,252.474012474012,0.252083333333333,242,17.1666666666667,36.873786407767,27.1666666666667,28.9263803680982
"2025-12-13 10:00:00|Monitor32.txt|01",1,"2025-12-13 10:00:00|Monitor32.txt",2025-12-13T10:00:00Z,2025-12-19T10:30:00Z,"OK","M","DGRP381","21.5C","Winter","NA","08:12","M32","Batch19_DGRP",0.301932646684412,434.783011225553,0.131898646303367,63.3113502256161,0.386979166666667,371.5,19860,360,38040,0.236641221374046,340.763358778626,0.0124740124740125,5.98752598752599,0.348958333333333,335,420,300,29040,0.269257460097155,387.730742539903,0.101871101871102,48.8981288981289,0.353125,339,5280,540,30840,0.35322692574601,508.646773074254,0.172557172557173,82.8274428274428,0.44375,426,600,360,33060,0.257460097154754,370.742539902845,0.182952182952183,87.8170478170478,0.294791666666667,283,540,420,26640,0.276197085357391,397.723802914643,0.145530145530146,69.8544698544699,0.341666666666667,328,1980,600,33180,0.417765440666204,601.582234559334,0.174636174636175,83.8253638253639,0.539583333333333,518,12.1666666666667,41.2191780821918,32.3333333333333,28.6752577319588
"2025-12-13 10:00:00|Monitor32.txt|02",2,"2025-12-13 10:00:00|Monitor32.txt",2025-12-13T10:00:00Z,2025-12-19T10:30:00Z,"OK","M","DGRP381","21.5C","Winter","NA","08:12","M32","Batch19_DGRP",0.399490799675963,575.266751533387,0.143353002429712,68.8094411662617,0.527604166666667,506.5,14400,480,38880,0.410825815405968,591.589174184594,0.137214137214137,65.8627858627859,0.547916666666667,526,10860,300,32820,0.446911866759195,643.553088133241,0.155925155925156,74.8440748440749,0.592708333333333,569,720,360,32880,0.342123525329632,492.65787647467,0.139293139293139,66.8607068607069,0.44375,426,780,300,37620,0.42470506592644,611.575294934074,0.191268191268191,91.8087318087318,0.541666666666667,520,11880,300,38820,0.375433726578765,540.624566273421,0.103950103950104,49.8960498960499,0.511458333333333,491,180,480,32880,0.395558639833449,569.604441360167,0.130977130977131,62.8690228690229,0.528125,507,12.8333333333333,33.4545454545455,39.6666666666667,24.9957983193277
"2025-12-13 10:00:00|Monitor32.txt|03",3,"2025-12-13 10:00:00|Monitor32.txt",2025-12-13T10:00:00Z,2025-12-19T10:30:00Z,"OK","M","DGRP381","21.5C","Winter","NA","08:12","M32","Batch19_DGRP",0.466844115264437,672.255525980789,0.15411315515446,73.9743144741409,0.623263888888889,598.333333333333,18720,360,68760,0.507980569049271,731.492019430951,0.178794178794179,85.8212058212058,0.672916666666667,646,20400,540,73080,0.473282442748092,681.526717557252,0.101871101871102,48.8981288981289,0.659375,633,10260,300,65220,0.455933379597502,656.544066620403,0.137214137214137,65.8627858627859,0.615625,591,10560,300,75840,0.427480916030534,615.57251908397,0.182952182952183,87.8170478170478,0.55,528,10140,360,72060,0.455239417071478,655.544760582929,0.130977130977131,62.8690228690229,0.617708333333333,593,10800,360,73860,0.479528105482304,690.520471894518,0.191268191268191,91.8087318087318,0.623958333333333,599,15.1666666666667,21.9450549450549,48.5,22.3951890034364
"2025-12-13 10:00:00|Monitor32.txt|04",4,"2025-12-13 10:00:00|Monitor32.txt",2025-12-13T10:00:00Z,2025-12-19T10:30:00Z,"OK","M","DGRP381","21.5C","Winter","NA","08:12","M32","Batch19_DGRP",0.337923851406087,486.610346024766,0.0968413745227352,46.4838597709129,0.458506944444445,440.166666666667,60,420,44520,0.299791811242193,431.700208188758,0.11018711018711,52.8898128898129,0.394791666666667,379,4020,300,72600,0.227619708535739,327.772380291464,0.0228690228690229,10.977130977131,0.330208333333333,317,9960,300,75180,0.294240111034004,423.705759888966,0.0457380457380458,21.954261954262,0.41875,402,3480,360,72720,0.315058986814712,453.684941013185,0.0353430353430353,16.964656964657,0.455208333333333,437,2400,300,46860,0.356696738376128,513.643303261624,0.0395010395010395,18.960498960499,0.515625,495,1800,300,35220,0.532963219986121,767.467036780014,0.326403326403326,156.673596673597,0.636458333333333,611,11,46.2878787878788,29.5,31.1525423728813
"2025-12-13 10:00:00|Monitor32.txt|05",5,"2025-12-13 10:00:00|Monitor32.txt",2025-12-13T10:00:00Z,2025-12-19T10:30:00Z,"OK","M","DGRP381","21.5C","Winter","NA","08:12","M32","Batch19_DGRP",0.347182039115843,499.942136326814,0.119402985074627,57.3134328358209,0.461111111111111,442.666666666667,7440,360,71280,0.210964607911173,303.789035392089,0.0873180873180873,41.9126819126819,0.272916666666667,262,9240,420,66540,0.315752949340736,454.684247050659,0.101871101871102,48.8981288981289,0.422916666666667,406,2100,300,67980,0.338653712699514,487.661346287301,0.0436590436590437,20.956340956341,0.486458333333333,467,5940,360,55740,0.346981263011797,499.653018736988,0.0124740124740125,5.98752598752599,0.514583333333333,494,540,300,39840,0.394170714781402,567.605829285219,0.166320166320166,79.8336798336798,0.508333333333333,488,2220,300,39900,0.476058292852186,685.523941707148,0.305613305613306,146.694386694387,0.561458333333333,539,14.5,40.0114942528736,28.5,29.7836257309942
"2025-12-13 10:00:00|Monitor32.txt|06",6,"2025-12-13 10:00:00|Monitor32.txt",2025-12-13T10:00:00Z,2025-12-19T10:30:00Z,"OK","M","DGRP381","21.5C","Winter","NA","08:12","M32","Batch19_DGRP",0.335493577132276,483.110751070478,0.23116973273169,110.961471711211,0.387673611111111,372.166666666667,24180,480,41880,0.285912560721721,411.714087439278,0.0353430353430353,16.964656964657,0.411458333333333,395,41700,5280,41700,0.260235947258848,374.739764052741,0,0,0.390625,375,13980,540,44640,0.365024288688411,525.634975711312,0.35966735966736,172.640332640333,0.367708333333333,353,14520,300,47640,0.367800138792505,529.632199861208,0.247401247401247,118.752598752599,0.428125,411,15900,6360,15900,0.353920888272033,509.646079111728,0.286902286902287,137.713097713098,0.3875,372,12720,10860,12720,0.378903539208883,545.621096460791,0.455301455301455,218.544698544699,0.340625,327,7.66666666666667,58.8260869565217,22.3333333333333,43.634328358209
"2025-12-13 10:00:00|Monitor32.txt|08",8,"2025-12-13 10:00:00|Monitor32.txt",2025-12-13T10:00:00Z,2025-12-19T10:30:00Z,"OK","M","DGRP381","21.5C","Winter","NA","08:12","M32","Batch19_DGRP",0.360374956602245,518.939937507233,0.209649427282194,100.631725095453,0.435763888888889,418.333333333333,14400,360,37380,0.242192921582235,348.757807078418,0.0623700623700624,29.9376299376299,0.332291666666667,319,15900,420,39540,0.325468424705066,468.674531575295,0.0644490644490645,30.9355509355509,0.45625,438,16380,360,29820,0.289382373351839,416.710617626648,0.079002079002079,37.9209979209979,0.394791666666667,379,4800,300,40260,0.344205412907703,495.655794587092,0.174636174636175,83.8253638253639,0.429166666666667,412,4140,360,42480,0.487161693268564,701.512838306732,0.45945945945946,220.540540540541,0.501041666666667,481,1800,360,30060,0.472588480222068,680.527411519778,0.415800415800416,199.5841995842,0.501041666666667,481,20.3333333333333,17.8032786885246,50.6666666666667,20.5921052631579
"2025-12-13 10:00:00|Monitor32.txt|09",9,"2025-12-13 10:00:00|Monitor32.txt",2025-12-13T10:00:00Z,2025-12-19T10:30:00Z,"OK","M","DGRP381","21.5C","Winter","NA","08:12","M32","Batch19_DGRP",0.282490452493924,406.786251591251,0.165914612981604,79.6390142311697,0.340798611111111,327.166666666667,21120,300,39780,0.191533657182512,275.808466342818,0.0873180873180873,41.9126819126819,0.24375,234,18000,360,31560,0.22970159611381,330.770298403886,0.0706860706860707,33.9293139293139,0.309375,297,18060,360,37800,0.244274809160305,351.75572519084,0.0997920997920998,47.9002079002079,0.316666666666667,304,10740,660,38640,0.295628036086051,425.704371963914,0.286902286902287,137.713097713098,0.3,288,9120,300,48480,0.290076335877863,417.709923664122,0.182952182952183,87.8170478170478,0.34375,330,8820,540,69660,0.442748091603053,637.557251908397,0.266112266112266,127.733887733888,0.53125,510,14.8333333333333,20.8988764044944,33.6666666666667,32.8663366336634
"2025-12-13 10:00:00|Monitor32.txt|10",10,"2025-12-13 10:00:00|Monitor32.txt",2025-12-13T10:00:00Z,2025-12-19T10:30:00Z,"OK","M","DGRP381","21.5C","Winter","NA","08:12","M32","Batch19_DGRP",0.585580372642055,843.23573660456,0.428670600485942,205.761888233252,0.6640625,637.5,8880,360,43440,0.516308119361555,743.483691880639,0.195426195426195,93.8045738045738,0.677083333333333,650,16200,300,60060,0.442748091603053,637.557251908397,0.14968814968815,71.8503118503119,0.589583333333333,566,3660,300,56460,0.418459403192228,602.581540596808,0.162162162162162,77.8378378378378,0.546875,525,5880,540,11340,0.689798750867453,993.310201249133,0.634095634095634,304.365904365904,0.717708333333333,689,3660,960,13140,0.762664816099931,1098.2373351839,0.825363825363825,396.174636174636,0.73125,702,4020,420,15180,0.68147120055517,981.318528799445,0.600831600831601,288.399168399168,0.721875,693,13.1666666666667,29.5822784810127,39.5,25.789029535865
"2025-12-13 10:00:00|Monitor32.txt|11",11,"2025-12-13 10:00:00|Monitor32.txt",2025-12-13T10:00:00Z,2025-12-19T10:30:00Z,"OK","M","DGRP381","21.5C","Winter","NA","08:12","M32","Batch19_DGRP",0.860201365582687,1238.68996643907,0.882679625130163,423.686220062478,0.848958333333333,815,0,1020,56820,0.775156141568355,1116.22484385843,0.85031185031185,408.149688149688,0.7375,708,360,780,62460,0.834142956280361,1201.16585704372,0.846153846153846,406.153846153846,0.828125,795,420,300,58860,0.84177654406662,1212.15822345593,0.885654885654886,425.114345114345,0.819791666666667,787,4740,540,5760,0.807772380291464,1163.19222761971,0.738045738045738,354.261954261954,0.842708333333333,809,540,23700,55800,0.977099236641221,1407.02290076336,0.981288981288981,471.018711018711,0.975,936,26100,2460,57000,0.924358084663428,1331.07564191534,0.991683991683992,476.008316008316,0.890625,855,13.3333333333333,29.0125,27.5,37.0666666666667
"2025-12-13 10:00:00|Monitor32.txt|12",12,"2025-12-13 10:00:00|Monitor32.txt",2025-12-13T10:00:00Z,2025-12-19T10:30:00Z,"OK","M","DGRP381","21.5C","Winter","NA","08:12","M32","Batch19_DGRP",0.533965976160167,768.91100567064,0.522388059701493,250.746268656716,0.539756944444445,518.166666666667,4740,300,67500,0.444136016655101,639.555863983345,0.517671517671518,248.482328482328,0.407291666666667,391,0,540,74280,0.564191533657183,812.435808466343,0.563409563409563,270.43659043659,0.564583333333333,542,1800,300,78000,0.359472588480222,517.64052741152,0.124740124740125,59.8752598752599,0.477083333333333,458,60,1200,83580,0.487855655794587,702.512144344206,0.417879417879418,200.582120582121,0.522916666666667,502,3840,3960,3840,0.587092297015961,845.412907702984,0.69022869022869,331.309771309771,0.535416666666667,514,960,4680,38580,0.761276891047884,1096.23872310895,0.821205821205821,394.178794178794,0.73125,702,22.8333333333333,26.8321167883212,37.8333333333333,20.9030837004405
"2025-12-13 10:00:00|Monitor32.txt|14",14,"2025-12-13 10:00:00|Monitor32.txt",2025-12-13T10:00:00Z,2025-12-19T10:30:00Z,"OK","M","DGRP381","21.5C","Winter","NA","08:12","M32","Batch19_DGRP",0.760444393010068,1095.0399259345,0.616799722318639,296.063866712947,0.832291666666667,799,0,3720,26100,0.785565579458709,1131.21443442054,0.677754677754678,325.322245322245,0.839583333333333,806,360,360,28740,0.880638445523942,1268.11936155448,0.829521829521829,398.170478170478,0.90625,870,1620,300,31260,0.728660652324775,1049.27133934768,0.548856548856549,263.451143451143,0.81875,786,180,360,59880,0.739764052741152,1065.26023594726,0.555093555093555,266.444906444906,0.832291666666667,799,240,300,26940,0.709923664122137,1022.29007633588,0.515592515592516,247.484407484408,0.807291666666667,775,660,360,42840,0.715475364330326,1030.28452463567,0.567567567567568,272.432432432432,0.789583333333333,758,33.3333333333333,16.38,30.6666666666667,27.6576086956522
"2025-12-13 10:00:00|Monitor32.txt|15",15,"2025-12-13 10:00:00|Monitor32.txt",2025-12-13T10:00:00Z,2025-12-19T10:30:00Z,"OK","M","DGRP381","21.5C","Winter","NA","08:12","M32","Batch19_DGRP",0.73498437680824,1058.37750260387,0.711558486636585,341.548073585561,0.746701388888889,716.833333333333,1440,360,63960,0.474670367800139,683.5253296322,0.403326403326403,193.596673596674,0.510416666666667,490,1680,1560,55740,0.675225537820958,972.324774462179,0.621621621621622,298.378378378378,0.702083333333333,674,720,1560,45720,0.711311589174185,1024.28868841083,0.708939708939709,340.29106029106,0.7125,684,2400,840,61140,0.881332408049965,1269.11866759195,0.875259875259875,420.12474012474,0.884375,849,480,540,63720,0.843164469118668,1214.15683553088,0.875259875259875,420.12474012474,0.827083333333333,794,60,960,37680,0.824427480916031,1187.17557251908,0.785862785862786,377.214137214137,0.84375,810,31.1666666666667,14.716577540107,43.3333333333333,21.2884615384615
"2025-12-13 10:00:00|Monitor32.txt|16",16,"2025-12-13 10:00:00|Monitor32.txt",2025-12-13T10:00:00Z,2025-12-19T10:30:00Z,"OK","M","DGRP381","21.5C","Winter","NA","08:12","M32","Batch19_DGRP",0.638699224626779,919.726883462562,0.572370704616453,274.737938215897,0.671875,645,180,300,45900,0.611380985426787,880.388619014573,0.594594594594595,285.405405405405,0.619791666666667,595,1500,540,34500,0.618320610687023,890.381679389313,0.675675675675676,324.324324324324,0.589583333333333,566,480,360,51660,0.632199861207495,910.367800138792,0.586278586278586,281.413721413721,0.655208333333333,629,6840,420,26220,0.45940319222762,661.540596807773,0.405405405405405,194.594594594595,0.486458333333333,467,3300,720,41160,0.668285912560722,962.331714087439,0.494802494802495,237.505197505198,0.755208333333333,725,2100,1800,26040,0.840388619014573,1210.15961138099,0.671517671517672,322.328482328482,0.925,888,30.5,16.6939890710383,35,25.5571428571429
"2025-12-13 10:00:00|Monitor32.txt|17",17,"2025-12-13 10:00:00|Monitor32.txt",2025-12-13T10:00:00Z,2025-12-19T10:30:00Z,"OK","M","DGRP381","21.5C","Winter","NA","08:12","M32","Batch19_DGRP",0.13250781159588,190.811248698067,0.0826102047900035,39.6528982992017,0.157465277777778,151.166666666667,45600,2100,60000,0.213046495489244,306.786953504511,0,0,0.319791666666667,307,13620,300,47400,0.0749479528105482,107.925052047189,0.0103950103950104,4.98960498960499,0.107291666666667,103,9000,300,47700,0.051353226925746,73.9486467730743,0.0228690228690229,10.977130977131,0.065625,63,2400,300,19080,0.0707841776544067,101.929215822346,0.187110187110187,89.8128898128898,0.0125,12,14160,300,60360,0.156835530881332,225.843164469119,0.0977130977130977,46.9022869022869,0.186458333333333,179,10920,480,45720,0.227619708535739,327.772380291464,0.176715176715177,84.8232848232848,0.253125,243,11.1666666666667,53.6119402985075,21.6666666666667,38.1769230769231
"2025-12-13 10:00:00|Monitor32.txt|19",19,"2025-12-13 10:00:00|Monitor32.txt",2025-12-13T10:00:00Z,2025-12-19T10:30:00Z,"OK","M","DGRP381","21.5C","Winter","NA","08:12","M32","Batch19_DGRP",0.31315819928249,450.947806966786,0.105518917042694,50.6490801804929,0.417013888888889,400.333333333333,13320,360,39420,0.285218598195697,410.714781401804,0.0686070686070686,32.9313929313929,0.39375,378,29220,360,45180,0.170020818875781,244.829979181124,0,0,0.255208333333333,245,2460,360,60600,0.201943095072866,290.798056904927,0.11018711018711,52.8898128898129,0.247916666666667,238,180,600,38880,0.254684247050659,366.745315752949,0.147609147609148,70.8523908523909,0.308333333333333,296,8340,360,73380,0.455933379597502,656.544066620403,0.0602910602910603,28.9397089397089,0.654166666666667,628,6540,540,70560,0.510756419153366,735.489243580847,0.247401247401247,118.752598752599,0.642708333333333,617,8.66666666666667,46.4423076923077,27,38.0061728395062
"2025-12-13 10:00:00|Monitor32.txt|20",20,"2025-12-13 10:00:00|Monitor32.txt",2025-12-13T10:00:00Z,2025-12-19T10:30:00Z,"OK","M","DGRP381","21.5C","Winter","NA","08:12","M32","Batch19_DGRP",0.581298460826293,837.069783589862,0.747309961818813,358.70878167303,0.498263888888889,478.333333333333,420,840,44160,0.551006245662734,793.448993754337,0.756756756756757,363.243243243243,0.447916666666667,430,900,540,44100,0.640527411519778,922.35947258848,0.85031185031185,408.149688149688,0.535416666666667,514,6360,300,38880,0.528105482303956,760.471894517696,0.51975051975052,249.48024948025,0.532291666666667,511,960,1020,38700,0.601665510062457,866.398334489938,0.871101871101871,418.128898128898,0.466666666666667,448,600,360,70140,0.50381679389313,725.496183206107,0.748440748440749,359.251559251559,0.38125,366,240,360,68460,0.662734212352533,954.337265787647,0.735966735966736,353.264033264033,0.626041666666667,601,22.8333333333333,25.1532846715329,29.3333333333333,28.4147727272727
"2025-12-13 10:00:00|Monitor32.txt|21",21,"2025-12-13 10:00:00|Monitor32.txt",2025-12-13T10:00:00Z,2025-12-19T10:30:00Z,"OK","M","DGRP381","21.5C","Winter","NA","08:12","M32","Batch19_DGRP",0.497743316745747,716.750376113876,0.443943075321069,213.092676154113,0.524652777777778,503.666666666667,12660,480,62940,0.45176960444136,650.548230395559,0.303534303534304,145.696465696466,0.526041666666667,505,5940,420,70920,0.396252602359473,570.603747397641,0.207900207900208,99.7920997920998,0.490625,471,600,2640,72660,0.394170714781402,567.605829285219,0.449064449064449,215.550935550936,0.366666666666667,352,0,2760,71640,0.532269257460097,766.46773074254,0.46985446985447,225.530145530146,0.563541666666667,541,1620,16320,1620,0.564191533657183,812.435808466343,0.702702702702703,337.297297297297,0.494791666666667,475,6660,900,74940,0.648854961832061,934.351145038168,0.534303534303534,256.465696465697,0.70625,678,17.6666666666667,35.3207547169811,29.8333333333333,26.4860335195531
"2025-12-13 10:00:00|Monitor32.txt|22",22,"2025-12-13 10:00:00|Monitor32.txt",2025-12-13T10:00:00Z,2025-12-19T10:30:00Z,"OK","M","DGRP381","21.5C","Winter","NA","08:12","M32","Batch19_DGRP",0.770744126837172,1109.87154264553,0.613328705310656,294.397778549115,0.849479166666667,815.5,240,540,50100,0.807772380291464,1163.19222761971,0.794178794178794,381.205821205821,0.814583333333333,782,4500,300,50640,0.726578764746704,1046.27342123525,0.656964656964657,315.343035343035,0.761458333333333,731,3660,600,57060,0.634975711311589,914.365024288688,0.384615384615385,184.615384615385,0.760416666666667,730,60,1080,36720,0.820957668285913,1182.17904233171,0.652806652806653,313.347193347193,0.905208333333333,869,660,360,26160,0.82234559333796,1184.17765440666,0.602910602910603,289.397089397089,0.932291666666667,895,120,360,41940,0.810548230395559,1167.1894517696,0.586278586278586,281.413721413721,0.922916666666667,886,31.1666666666667,17.9893048128342,30,28.2722222222222
"2025-12-13 10:00:00|Monitor32.txt|23",23,"2025-12-13 10:00:00|Monitor32.txt",2025-12-13T10:00:00Z,2025-12-19T10:30:00Z,"OK","M","DGRP381","21.5C","Winter","NA","08:12","M32","Batch19_DGRP",0.31315819928249,450.947806966786,0.0544949670253384,26.1575841721624,0.442534722222222,424.833333333333,16860,300,42420,0.284524635669674,409.71547536433,0.0498960498960499,23.950103950104,0.402083333333333,386,27000,840,34560,0.300485773768217,432.699514226232,0.0436590436590437,20.956340956341,0.429166666666667,412,22380,360,36780,0.286606523247745,412.713393476752,0.0810810810810811,38.9189189189189,0.389583333333333,374,27000,1020,36120,0.311589174184594,448.688410825815,0.0540540540540541,25.9459459459459,0.440625,423,22620,300,41820,0.322692574600972,464.677307425399,0.0207900207900208,9.97920997920998,0.473958333333333,455,16140,300,45180,0.371963913948647,535.628036086051,0.0769230769230769,36.9230769230769,0.519791666666667,499,5.5,47.5151515151515,33.6666666666667,34.5495049504951
"2025-12-13 10:00:00|Monitor32.txt|24",24,"2025-12-13 10:00:00|Monitor32.txt",2025-12-13T10:00:00Z,2025-12-19T10:30:00Z,"OK","M","DGRP381","21.5C","Winter","NA","08:12","M32","Batch19_DGRP",0.227982872352737,328.295336187941,0.0992710864283235,47.6501214855953,0.292361111111111,280.666666666667,21900,540,21900,0.0159611380985427,22.9840388619015,0.0311850311850312,14.968814968815,0.00833333333333333,8,6780,420,47940,0.0846634281748786,121.915336571825,0.024948024948025,11.975051975052,0.114583333333333,110,600,420,69360,0.240804996530187,346.75919500347,0.0602910602910603,28.9397089397089,0.33125,318,11760,360,45600,0.258848022206801,372.741151977793,0.114345114345114,54.8856548856549,0.33125,318,2580,360,76380,0.3088133240805,444.69118667592,0.130977130977131,62.8690228690229,0.397916666666667,382,5040,300,72600,0.458015267175573,659.541984732825,0.232848232848233,111.767151767152,0.570833333333333,548,12.8333333333333,56.6493506493506,19.5,36.2735042735043
"2025-12-13 10:00:00|Monitor32.txt|25",25,"2025-12-13 10:00:00|Monitor32.txt",2025-12-13T10:00:00Z,2025-12-19T10:30:00Z,"OK","M","DGRP381","21.5C","Winter","NA","08:12","M32","Batch19_DGRP",0.68684180071751,989.052193033214,0.698715723707046,335.383547379382,0.680902777777778,653.666666666667,420,1440,64740,0.58501040943789,842.414989590562,0.598752598752599,287.401247401247,0.578125,555,1380,4200,69780,0.616932685634976,888.383067314365,0.688149688149688,330.31185031185,0.58125,558,300,480,40260,0.68147120055517,981.318528799445,0.725571725571726,348.274428274428,0.659375,633,1560,780,45000,0.64677307425399,931.353226925746,0.617463617463617,296.382536382536,0.661458333333333,635,720,300,83340,0.700208188757807,1008.29979181124,0.702702702702703,337.297297297297,0.698958333333333,671,1080,1440,54540,0.891047883414296,1283.10895211659,0.860706860706861,413.139293139293,0.90625,870,31.8333333333333,14.6492146596859,43.3333333333333,21.4884615384615
"2025-12-13 10:00:00|Monitor32.txt|26",26,"2025-12-13 10:00:00|Monitor32.txt",2025-12-13T10:00:00Z,2025-12-19T10:30:00Z,"OK","M","DGRP381","21.5C","Winter","NA","08:12","M32","Batch19_DGRP",0.252632797129962,363.791227867145,0.0666435265532801,31.9888927455745,0.345659722222222,331.833333333333,13140,360,39120,0.227619708535739,327.772380291464,0.0478170478170478,22.952182952183,0.317708333333333,305,4680,300,37080,0.204024982650937,293.795975017349,0.0332640332640333,15.966735966736,0.289583333333333,278,420,300,38700,0.190839694656489,274.809160305344,0.0228690228690229,10.977130977131,0.275,264,660,300,37800,0.249826509368494,359.750173490632,0.137214137214137,65.8627858627859,0.30625,294,20340,300,38100,0.240804996530187,346.75919500347,0.0852390852390852,40.9147609147609,0.31875,306,480,300,73980,0.401804302567661,578.598195697432,0.0727650727650728,34.9272349272349,0.566666666666667,544,9.5,51.4912280701754,28.3333333333333,33
"2025-12-13 10:00:00|Monitor32.txt|27",27,"2025-12-13 10:00:00|Monitor32.txt",2025-12-13T10:00:00Z,2025-12-19T10:30:00Z,"OK","M","DGRP381","21.5C","Winter","NA","08:12","M32","Batch19_DGRP",0.521930332137484,751.579678277977,0.472752516487331,226.921207913919,0.546527777777778,524.666666666667,26160,1020,44220,0.346287300485774,498.653712699514,0.0852390852390852,40.9147609147609,0.477083333333333,458,9360,300,71340,0.302567661346287,435.697432338654,0.0727650727650728,34.9272349272349,0.417708333333333,401,780,300,77100,0.58501040943789,842.414989590562,0.72972972972973,350.27027027027,0.5125,492,2520,3000,72120,0.672449687716863,968.327550312283,0.821205821205821,394.178794178794,0.597916666666667,574,480,1200,74700,0.600971547536433,865.399028452464,0.69022869022869,331.309771309771,0.55625,534,60,720,75240,0.623872310895212,898.376127689105,0.436590436590437,209.56340956341,0.717708333333333,689,25,17.7466666666667,37,26.0810810810811
"2025-12-13 10:00:00|Monitor32.txt|28",28,"2025-12-13 10:00:00|Monitor32.txt",2025-12-13T10:00:00Z,2025-12-19T10:30:00Z,"OK","M","DGRP381","21.5C","Winter","NA","08:12","M32","Batch19_DGRP",0.478764031940748,689.420205994677,0.234987851440472,112.794168691427,0.600694444444445,576.666666666667,4920,780,38340,0.449687716863289,647.550312283137,0.355509355509356,170.644490644491,0.496875,477,6120,300,52080,0.512838306731437,738.487161693269,0.345114345114345,165.654885654886,0.596875,573,2940,300,55080,0.538514920194309,775.461485079806,0.241164241164241,115.758835758836,0.6875,660,5760,360,64980,0.574600971547536,827.425399028452,0.230769230769231,110.769230769231,0.746875,717,9360,300,76020,0.369188063844552,531.630811936155,0.172557172557173,82.8274428274428,0.467708333333333,449,26640,1140,60900,0.426092990978487,613.573907009022,0.0623700623700624,29.9376299376299,0.608333333333333,584,21.3333333333333,15.8203125,57.1666666666667,18.6180758017493
"2025-12-13 10:00:00|Monitor32.txt|29",29,"2025-12-13 10:00:00|Monitor32.txt",2025-12-13T10:00:00Z,2025-12-19T10:30:00Z,"OK","M","DGRP381","21.5C","Winter","NA","08:12","M32","Batch19_DGRP",0.585117463256568,842.569147089457,0.493231516834433,236.751128080528,0.631076388888889,605.833333333333,0,300,75240,0.673837612768911,970.326162387231,0.64033264033264,307.359667359667,0.690625,663,600,300,35640,0.532963219986121,767.467036780014,0.399168399168399,191.600831600832,0.6,576,1860,300,33300,0.507980569049271,731.492019430951,0.288981288981289,138.711018711019,0.617708333333333,593,960,540,40260,0.550312283136711,792.449687716863,0.326403326403326,156.673596673597,0.6625,636,600,3720,7980,0.693268563497571,998.306731436502,0.810810810810811,389.189189189189,0.634375,609,3660,960,76860,0.552394170714781,795.447605829285,0.494802494802495,237.505197505198,0.58125,558,22.8333333333333,19.7737226277372,45.1666666666667,21
"2025-12-13 10:00:00|Monitor32.txt|31",31,"2025-12-13 10:00:00|Monitor32.txt",2025-12-13T10:00:00Z,2025-12-19T10:30:00Z,"OK","M","DGRP381","21.5C","Winter","NA","08:12","M32","Batch19_DGRP",0.646221502140956,930.558963082976,0.478306143700104,229.58694897605,0.730208333333333,701,1560,300,63780,0.505204718945177,727.494795281055,0.413721413721414,198.586278586279,0.551041666666667,529,1920,360,55920,0.650936849410132,937.34906315059,0.438669438669439,210.561330561331,0.757291666666667,727,840,1380,60660,0.690492713393477,994.309507286606,0.507276507276507,243.492723492724,0.782291666666667,751,1500,540,76680,0.64677307425399,931.353226925746,0.465696465696466,223.534303534304,0.7375,708,840,360,58500,0.750173490631506,1080.24982650937,0.594594594594595,285.405405405405,0.828125,795,3420,360,26280,0.633587786259542,912.36641221374,0.451143451143451,216.548856548857,0.725,696,34.1666666666667,13.8439024390244,39.3333333333333,23.7754237288136
"2025-12-13 10:00:00|Monitor32.txt|32",32,"2025-12-13 10:00:00|Monitor32.txt",2025-12-13T10:00:00Z,2025-12-19T10:30:00Z,"OK","M","DGRP381","21.5C","Winter","NA","08:12","M32","Batch19_DGRP",0.455965744705474,656.590672375882,0.297466157584172,142.783755640403,0.535243055555556,513.833333333333,4020,480,38100,0.45940319222762,661.540596807773,0.411642411642412,197.588357588358,0.483333333333333,464,6240,360,39000,0.360166551006246,518.639833448994,0.16008316008316,76.8399168399168,0.460416666666667,442,10980,780,67800,0.419847328244275,604.580152671756,0.264033264033264,126.735966735967,0.497916666666667,478,14340,1320,42300,0.374739764052741,539.625260235947,0.297297297297297,142.702702702703,0.413541666666667,397,9720,300,39360,0.568355308813324,818.431644691187,0.35966735966736,172.640332640333,0.672916666666667,646,4320,300,69300,0.551700208188758,794.448299791811,0.288981288981289,138.711018711019,0.683333333333333,656,22.3333333333333,18.4701492537314,29.8333333333333,33.7262569832402
"2025-12-13 10:00:00|Monitor33.txt|01",1,"2025-12-13 10:00:00|Monitor33.txt",2025-12-13T10:00:00Z,2025-12-19T10:30:00Z,"OK","M","DGRP385","21.5C","Winter","NA","08:12","M33","Batch19_DGRP",0.699803263511168,1007.71669945608,0.765359250260326,367.372440124957,0.667013888888889,640.333333333333,0,5220,83460,0.704371963913949,1014.29562803609,0.831600831600832,399.168399168399,0.640625,615,6420,720,40440,0.764746703678001,1101.23525329632,0.837837837837838,402.162162162162,0.728125,699,3900,780,45360,0.732130464954892,1054.26786953505,0.804573804573805,386.195426195426,0.695833333333333,668,1740,1260,38160,0.721027064538515,1038.27897293546,0.775467775467775,372.224532224532,0.69375,666,480,360,46320,0.656488549618321,945.343511450382,0.692307692307692,332.307692307692,0.638541666666667,613,300,300,40680,0.620402498265094,893.379597501735,0.650727650727651,312.349272349272,0.605208333333333,581,20.3333333333333,23.2131147540984,49.6666666666667,18.4194630872483
"2025-12-13 10:00:00|Monitor33.txt|02",2,"2025-12-13 10:00:00|Monitor33.txt",2025-12-13T10:00:00Z,2025-12-19T10:30:00Z,"OK","M","DGRP385","21.5C","Winter","NA","08:12","M33","Batch19_DGRP",0.555606989931721,800.074065501678,0.634154807358556,304.394307532107,0.516319444444445,495.666666666667,0,2580,41880,0.673837612768911,970.326162387231,0.804573804573805,386.195426195426,0.608333333333333,584,2700,2940,40800,0.663428174878557,955.336571825121,0.802494802494803,385.197505197505,0.59375,570,2340,840,39960,0.65440666204025,942.34559333796,0.744282744282744,357.255717255717,0.609375,585,1980,840,39060,0.529493407356003,762.470506592644,0.733887733887734,352.266112266112,0.427083333333333,410,2400,420,84900,0.326856349757113,470.673143650243,0.274428274428274,131.725571725572,0.353125,339,180,480,43020,0.48646773074254,700.513532269257,0.446985446985447,214.553014553015,0.50625,486,25,21.4066666666667,54.3333333333333,15.7147239263804
"2025-12-13 10:00:00|Monitor33.txt|04",4,"2025-12-13 10:00:00|Monitor33.txt",2025-12-13T10:00:00Z,2025-12-19T10:30:00Z,"OK","M","DGRP385","21.5C","Winter","NA","08:12","M33","Batch19_DGRP",0.610461752112024,879.064923041315,0.698715723707046,335.383547379382,0.566319444444445,543.666666666667,0,1380,41580,0.721027064538515,1038.27897293546,0.848232848232848,407.151767151767,0.657291666666667,631,0,2340,40980,0.712699514226232,1026.28730048577,0.769230769230769,369.230769230769,0.684375,657,5340,360,41100,0.65440666204025,942.34559333796,0.762993762993763,366.237006237006,0.6,576,3060,1380,43200,0.56557945870923,814.434420541291,0.717255717255717,344.282744282744,0.489583333333333,470,780,660,40980,0.537820957668286,774.462179042332,0.652806652806653,313.347193347193,0.480208333333333,461,1140,840,42660,0.472588480222068,680.527411519778,0.444906444906445,213.555093555094,0.486458333333333,467,22.6666666666667,26.7720588235294,30.8333333333333,25.8324324324324
"2025-12-13 10:00:00|Monitor33.txt|05",5,"2025-12-13 10:00:00|Monitor33.txt",2025-12-13T10:00:00Z,2025-12-19T10:30:00Z,"OK","M","DGRP385","21.5C","Winter","NA","08:12","M33","Batch19_DGRP",0.614512209235042,884.897581298461,0.748698368622006,359.375216938563,0.547395833333333,525.5,0,4620,11700,0.714087439278279,1028.28591256072,0.846153846153846,406.153846153846,0.647916666666667,622,540,300,40920,0.680777238029147,980.319222761971,0.715176715176715,343.284823284823,0.663541666666667,637,3360,420,83340,0.640527411519778,922.35947258848,0.767151767151767,368.232848232848,0.577083333333333,554,5160,660,40980,0.573907009021513,826.426092990979,0.696465696465697,334.303534303534,0.5125,492,2880,480,44880,0.543372657876475,782.456627342124,0.704781704781705,338.295218295218,0.4625,444,2640,1560,39360,0.535739070090215,771.46426092991,0.765072765072765,367.234927234927,0.420833333333333,404,22.1666666666667,24.6165413533835,38.1666666666667,22.4934497816594
"2025-12-13 10:00:00|Monitor33.txt|06",6,"2025-12-13 10:00:00|Monitor33.txt",2025-12-13T10:00:00Z,2025-12-19T10:30:00Z,"OK","M","DGRP385","21.5C","Winter","NA","08:12","M33","Batch19_DGRP",0.525517879875014,756.745747020021,0.629989586948976,302.395001735508,0.473263888888889,454.333333333333,0,1200,42000,0.669673837612769,964.330326162387,0.794178794178794,381.205821205821,0.607291666666667,583,0,600,50820,0.639139486467731,920.360860513532,0.758835758835759,364.241164241164,0.579166666666667,556,1320,1320,55440,0.567661346287301,817.432338653713,0.66943866943867,321.330561330561,0.516666666666667,496,900,1260,13260,0.535739070090215,771.46426092991,0.604989604989605,290.39501039501,0.501041666666667,481,4620,660,40800,0.394170714781402,567.605829285219,0.440748440748441,211.559251559252,0.370833333333333,356,420,1320,38520,0.348369188063845,501.651630811936,0.515592515592516,247.484407484408,0.264583333333333,254,28.3333333333333,20.5647058823529,47,17.2056737588652
"2025-12-13 10:00:00|Monitor33.txt|07",7,"2025-12-13 10:00:00|Monitor33.txt",2025-12-13T10:00:00Z,2025-12-19T10:30:00Z,"OK","M","DGRP385","21.5C","Winter","NA","08:12","M33","Batch19_DGRP",0.459206110403888,661.256798981599,0.517181534189518,248.247136410968,0.430208333333333,413,240,300,40380,0.663428174878557,955.336571825121,0.744282744282744,357.255717255717,0.622916666666667,598,1500,1800,42600,0.621790423317141,895.378209576683,0.683991683991684,328.316008316008,0.590625,567,3120,3720,39420,0.61970853573907,892.380291464261,0.758835758835759,364.241164241164,0.55,528,2040,420,42120,0.497571131158917,716.502428868841,0.573804573804574,275.426195426195,0.459375,441,540,600,50400,0.139486467730743,200.860513532269,0.145530145530146,69.8544698544699,0.136458333333333,131,1020,480,47280,0.214434420541291,308.785565579459,0.1995841995842,95.8004158004158,0.221875,213,25,24.0866666666667,29.6666666666667,27.2415730337079
"2025-12-13 10:00:00|Monitor33.txt|08",8,"2025-12-13 10:00:00|Monitor33.txt",2025-12-13T10:00:00Z,2025-12-19T10:30:00Z,"OK","M","DGRP385","21.5C","Winter","NA","08:12","M33","Batch19_DGRP",0.575280638814952,828.404119893531,0.634154807358556,304.394307532107,0.545833333333333,524,0,5100,39660,0.79736294240111,1148.2026370576,0.958419958419958,460.04158004158,0.716666666666667,688,1320,6480,40800,0.714087439278279,1028.28591256072,0.783783783783784,376.216216216216,0.679166666666667,652,180,480,47760,0.636363636363636,916.363636363636,0.656964656964657,315.343035343035,0.626041666666667,601,1620,1200,84600,0.560721721027065,807.439278278973,0.711018711018711,341.288981288981,0.485416666666667,466,1260,960,55080,0.374739764052741,539.625260235947,0.386694386694387,185.613305613306,0.36875,354,1380,300,41700,0.368494101318529,530.631505898681,0.307692307692308,147.692307692308,0.398958333333333,383,25.6666666666667,22.0649350649351,49.8333333333333,16.4782608695652
"2025-12-13 10:00:00|Monitor33.txt|09",9,"2025-12-13 10:00:00|Monitor33.txt",2025-12-13T10:00:00Z,2025-12-19T10:30:00Z,"OK","M","DGRP385","21.5C","Winter","NA","08:12","M33","Batch19_DGRP",0.664506422867724,956.889248929522,0.789309267615411,378.868448455397,0.602083333333333,578,300,720,83340,0.669673837612769,964.330326162387,0.783783783783784,376.216216216216,0.6125,588,3420,2820,6420,0.693962526023595,999.306037473976,0.848232848232848,407.151767151767,0.616666666666667,592,1980,2040,86220,0.658570437196391,948.341429562804,0.746361746361746,358.253638253638,0.614583333333333,590,4980,1140,39360,0.624566273421235,899.375433726579,0.754677754677755,362.245322245322,0.559375,537,1080,3600,47940,0.682859125607217,983.317140874393,0.783783783783784,376.216216216216,0.632291666666667,607,900,600,6360,0.658570437196391,948.341429562804,0.821205821205821,394.178794178794,0.577083333333333,554,20.3333333333333,27.5245901639344,42.1666666666667,19.8102766798419
"2025-12-13 10:00:00|Monitor33.txt|10",10,"2025-12-13 10:00:00|Monitor33.txt",2025-12-13T10:00:00Z,2025-12-19T10:30:00Z,"OK","M","DGRP385","21.5C","Winter","NA","08:12","M33","Batch19_DGRP",0.611619025575744,880.731396829071,0.681707740367928,327.219715376605,0.5765625,553.5,0,540,39540,0.714781401804303,1029.2852185982,0.733887733887734,352.266112266112,0.705208333333333,677,3840,900,41640,0.661346287300486,952.338653712699,0.762993762993763,366.237006237006,0.610416666666667,586,900,420,38280,0.578070784177655,832.421929215822,0.683991683991684,328.316008316008,0.525,504,2220,360,39540,0.603747397640527,869.39625260236,0.72972972972973,350.27027027027,0.540625,519,1440,1500,42120,0.589174184594032,848.410825815406,0.598752598752599,287.401247401247,0.584375,561,1260,840,40080,0.523941707147814,754.476058292852,0.584199584199584,280.4158004158,0.49375,474,26.5,20.1006289308176,43,20.1821705426357
"2025-12-13 10:00:00|Monitor33.txt|11",11,"2025-12-13 10:00:00|Monitor33.txt",2025-12-13T10:00:00Z,2025-12-19T10:30:00Z,"OK","M","DGRP385","21.5C","Winter","NA","08:12","M33","Batch19_DGRP",0.511862053003125,737.0813563245,0.683096147171121,327.886150642138,0.426215277777778,409.166666666667,0,360,7320,0.625260235947259,900.374739764053,0.792099792099792,380.2079002079,0.541666666666667,520,1260,1620,85380,0.546842470506593,787.453157529494,0.613305613305613,294.386694386694,0.513541666666667,493,3180,480,43200,0.551700208188758,794.448299791811,0.625779625779626,300.37422037422,0.514583333333333,494,1260,720,83340,0.50381679389313,725.496183206107,0.698544698544699,335.301455301455,0.40625,390,1320,300,1680,0.500346981263012,720.499653018737,0.727650727650728,349.272349272349,0.386458333333333,371,0,360,6660,0.344899375433727,496.655100624566,0.644490644490645,309.355509355509,0.194791666666667,187,28.5,21.0350877192982,46.1666666666667,17.2129963898917
"2025-12-13 10:00:00|Monitor33.txt|12",12,"2025-12-13 10:00:00|Monitor33.txt",2025-12-13T10:00:00Z,2025-12-19T10:30:00Z,"OK","M","DGRP385","21.5C","Winter","NA","08:12","M33","Batch19_DGRP",0.918180766115033,1322.18030320565,0.948976049982645,455.50850399167,0.902777777777778,866.666666666667,0,24060,35460,0.969465648854962,1396.03053435115,0.970893970893971,466.029106029106,0.96875,930,5520,2160,48600,0.899375433726579,1295.10062456627,0.918918918918919,441.081081081081,0.889583333333333,854,5160,720,57240,0.941013185287994,1355.05898681471,0.933471933471933,448.066528066528,0.944791666666667,907,480,25020,480,0.934767522553782,1346.06523247745,0.972972972972973,467.027027027027,0.915625,879,5520,1620,15060,0.891047883414296,1283.10895211659,0.966735966735967,464.033264033264,0.853125,819,1080,6660,1080,0.873698820263706,1258.12630117974,0.931392931392931,447.068607068607,0.844791666666667,811,10.3333333333333,41.2741935483871,34.6666666666667,28.125
"2025-12-13 10:00:00|Monitor33.txt|13",13,"2025-12-13 10:00:00|Monitor33.txt",2025-12-13T10:00:00Z,2025-12-19T10:30:00Z,"OK","M","DGRP385","21.5C","Winter","NA","08:12","M33","Batch19_DGRP",0.646800138872816,931.392199976855,0.766053453661923,367.705657757723,0.587152777777778,563.666666666667,0,2640,40260,0.73351839000694,1056.26648160999,0.8004158004158,384.199584199584,0.7,672,4380,960,55440,0.689798750867453,993.310201249133,0.825363825363825,396.174636174636,0.621875,597,2640,420,46920,0.673837612768911,970.326162387231,0.821205821205821,394.178794178794,0.6,576,8280,1500,40380,0.641221374045801,923.358778625954,0.754677754677755,362.245322245322,0.584375,561,3540,1380,51780,0.605829285218598,872.394170714781,0.696465696465697,334.303534303534,0.560416666666667,538,480,3960,39300,0.537820957668286,774.462179042332,0.700623700623701,336.299376299376,0.45625,438,18.5,31.4054054054054,28.8333333333333,28.7341040462428
"2025-12-13 10:00:00|Monitor33.txt|14",14,"2025-12-13 10:00:00|Monitor33.txt",2025-12-13T10:00:00Z,2025-12-19T10:30:00Z,"OK","M","DGRP385","21.5C","Winter","NA","08:12","M33","Batch19_DGRP",0.511977780349497,737.248003703275,0.663311350225616,318.389448108296,0.436284722222222,418.833333333333,0,9300,37380,0.714087439278279,1028.28591256072,0.85031185031185,408.149688149688,0.645833333333333,620,4860,4140,83280,0.583622484385843,840.416377515614,0.706860706860707,339.293139293139,0.521875,501,5160,300,83460,0.566273421235253,815.433726578765,0.725571725571726,348.274428274428,0.486458333333333,467,3540,300,36840,0.481609993060375,693.51839000694,0.644490644490645,309.355509355509,0.4,384,3600,360,40440,0.396946564885496,571.603053435115,0.588357588357588,282.411642411642,0.301041666666667,289,1620,840,40680,0.331020124913255,476.668979875087,0.467775467775468,224.532224532225,0.2625,252,26.6666666666667,19.225,26.3333333333333,34.0126582278481
"2025-12-13 10:00:00|Monitor33.txt|16",16,"2025-12-13 10:00:00|Monitor33.txt",2025-12-13T10:00:00Z,2025-12-19T10:30:00Z,"OK","M","DGRP385","21.5C","Winter","NA","08:12","M33","Batch19_DGRP",0.485591945376693,699.252401342437,0.620270739326623,297.729954876779,0.418229166666667,401.5,0,600,41760,0.616238723108952,887.383761276891,0.748440748440749,359.251559251559,0.55,528,1020,1620,41760,0.623872310895212,898.376127689105,0.738045738045738,354.261954261954,0.566666666666667,544,660,420,50820,0.537126995142262,773.462873004858,0.604989604989605,290.39501039501,0.503125,483,1860,1500,11580,0.507286606523248,730.492713393477,0.762993762993763,366.237006237006,0.379166666666667,364,60,1080,44340,0.35322692574601,508.646773074254,0.496881496881497,238.503118503119,0.28125,270,60,480,48000,0.275503122831367,396.724496877169,0.367983367983368,176.632016632017,0.229166666666667,220,27.3333333333333,24.1524390243902,35.6666666666667,20.9532710280374
"2025-12-13 10:00:00|Monitor33.txt|17",17,"2025-12-13 10:00:00|Monitor33.txt",2025-12-13T10:00:00Z,2025-12-19T10:30:00Z,"OK","M","DGRP385","21.5C","Winter","NA","08:12","M33","Batch19_DGRP",0.733595648651776,1056.37773405856,0.790003471017008,379.201666088164,0.705381944444445,677.166666666667,0,780,82260,0.803608605135323,1157.19639139486,0.887733887733888,426.112266112266,0.761458333333333,731,36360,300,38160,0.811242192921582,1168.18875780708,0.891891891891892,428.108108108108,0.770833333333333,740,6660,2160,39060,0.771686328938237,1111.22831367106,0.8004158004158,384.199584199584,0.757291666666667,727,1440,2400,47820,0.709229701596114,1021.2907702984,0.765072765072765,367.234927234927,0.68125,654,2580,1440,38520,0.655794587092297,944.344205412908,0.725571725571726,348.274428274428,0.620833333333333,596,600,1260,42060,0.650936849410132,937.34906315059,0.671517671517672,322.328482328482,0.640625,615,17.5,27.6380952380953,28.3333333333333,32.4
"2025-12-13 10:00:00|Monitor33.txt|18",18,"2025-12-13 10:00:00|Monitor33.txt",2025-12-13T10:00:00Z,2025-12-19T10:30:00Z,"OK","M","DGRP385","21.5C","Winter","NA","08:12","M33","Batch19_DGRP",0.488253674343247,703.085291054276,0.555015619576536,266.407497396737,0.454861111111111,436.666666666667,420,660,14160,0.539208882720333,776.46079111728,0.600831600831601,288.399168399168,0.508333333333333,488,900,1320,41160,0.582234559333796,838.417765440666,0.646569646569647,310.35343035343,0.55,528,300,600,39660,0.555863983344899,800.444136016655,0.654885654885655,314.345114345114,0.50625,486,720,1080,42780,0.643303261623872,926.356696738376,0.700623700623701,336.299376299376,0.614583333333333,590,0,540,43860,0.352532963219986,507.64746703678,0.401247401247401,192.598752598753,0.328125,315,960,660,43320,0.258154059680777,371.741845940319,0.330561330561331,158.669438669439,0.221875,213,30.1666666666667,16.9779005524862,51.6666666666667,17.2032258064516
"2025-12-13 10:00:00|Monitor33.txt|19",19,"2025-12-13 10:00:00|Monitor33.txt",2025-12-13T10:00:00Z,2025-12-19T10:30:00Z,"OK","M","DGRP385","21.5C","Winter","NA","08:12","M33","Batch19_DGRP",0.514755236662423,741.24754079389,0.577230128427629,277.070461645262,0.483506944444445,464.166666666667,780,1860,40740,0.600971547536433,865.399028452464,0.715176715176715,343.284823284823,0.54375,522,240,2100,41580,0.510756419153366,735.489243580847,0.542619542619543,260.45738045738,0.494791666666667,475,1200,2700,54300,0.460097154753643,662.539902845246,0.507276507276507,243.492723492724,0.436458333333333,419,1200,3300,39360,0.561415683553088,808.438584316447,0.692307692307692,332.307692307692,0.495833333333333,476,420,420,37200,0.507980569049271,731.492019430951,0.432432432432432,207.567567567568,0.545833333333333,524,660,360,37260,0.448299791811242,645.551700208189,0.575883575883576,276.424116424116,0.384375,369,31,18.9193548387097,27.1666666666667,29.9447852760736
"2025-12-13 10:00:00|Monitor33.txt|20",20,"2025-12-13 10:00:00|Monitor33.txt",2025-12-13T10:00:00Z,2025-12-19T10:30:00Z,"OK","M","DGRP385","21.5C","Winter","NA","08:12","M33","Batch19_DGRP",0.502488137946997,723.582918643676,0.626865671641791,300.89552238806,0.440277777777778,422.666666666667,0,2280,48480,0.67175572519084,967.328244274809,0.85031185031185,408.149688149688,0.582291666666667,559,2280,660,51060,0.504510756419153,726.495489243581,0.621621621621622,298.378378378378,0.445833333333333,428,1620,300,45120,0.47675225537821,686.523247744622,0.528066528066528,253.471933471934,0.451041666666667,433,1560,1140,40560,0.507980569049271,731.492019430951,0.586278586278586,281.413721413721,0.46875,450,240,1200,48420,0.403192227619709,580.59680777238,0.515592515592516,247.484407484408,0.346875,333,1320,300,5520,0.45176960444136,650.548230395559,0.661122661122661,317.338877338877,0.346875,333,19.6666666666667,30.771186440678,31.8333333333333,25.2460732984293
"2025-12-13 10:00:00|Monitor33.txt|21",21,"2025-12-13 10:00:00|Monitor33.txt",2025-12-13T10:00:00Z,2025-12-19T10:30:00Z,"OK","M","DGRP385","21.5C","Winter","NA","08:12","M33","Batch19_DGRP",0.498669135516723,718.083555144081,0.608469281499479,292.06525511975,0.44375,426,0,1080,83340,0.502428868841083,723.497571131159,0.754677754677755,362.245322245322,0.376041666666667,361,4020,540,83340,0.476058292852186,685.523941707148,0.575883575883576,276.424116424116,0.426041666666667,409,180,900,40620,0.555170020818876,799.444829979181,0.661122661122661,317.338877338877,0.502083333333333,482,240,3480,86340,0.488549618320611,703.511450381679,0.617463617463617,296.382536382536,0.423958333333333,407,4140,480,40980,0.446217904233171,642.553782095767,0.505197505197505,242.494802494803,0.416666666666667,400,1200,420,42900,0.525329632199861,756.4746703678,0.540540540540541,259.459459459459,0.517708333333333,497,29.8333333333333,20.2346368715084,46.3333333333333,16.9460431654676
"2025-12-13 10:00:00|Monitor33.txt|22",22,"2025-12-13 10:00:00|Monitor33.txt",2025-12-13T10:00:00Z,2025-12-19T10:30:00Z,"OK","M","DGRP385","21.5C","Winter","NA","08:12","M33","Batch19_DGRP",0.67735215831501,975.387107973614,0.800416522040958,384.19993057966,0.615798611111111,591.166666666667,0,1800,5160,0.73351839000694,1056.26648160999,0.881496881496882,423.118503118503,0.659375,633,1920,300,43560,0.764052741151978,1100.23594725885,0.864864864864865,415.135135135135,0.713541666666667,685,3300,1560,48660,0.705065926439972,1015.29493407356,0.85031185031185,408.149688149688,0.632291666666667,607,2700,4200,7380,0.697432338653713,1004.30256766135,0.8004158004158,384.199584199584,0.645833333333333,620,3180,1440,8640,0.6294240111034,906.370575988897,0.787941787941788,378.212058212058,0.55,528,360,1680,45600,0.535045107564192,770.464954892436,0.617463617463617,296.382536382536,0.49375,474,20.1666666666667,21.6280991735537,62.5,15.112
"2025-12-13 10:00:00|Monitor33.txt|23",23,"2025-12-13 10:00:00|Monitor33.txt",2025-12-13T10:00:00Z,2025-12-19T10:30:00Z,"OK","M","DGRP385","21.5C","Winter","NA","08:12","M33","Batch19_DGRP",0.600624927670409,864.899895845388,0.589725789656369,283.068379035057,0.606076388888889,581.833333333333,1680,600,38820,0.675225537820958,972.324774462179,0.648648648648649,311.351351351351,0.688541666666667,661,300,1140,46800,0.697432338653713,1004.30256766135,0.688149688149688,330.31185031185,0.702083333333333,674,240,3120,38520,0.633587786259542,912.36641221374,0.654885654885655,314.345114345114,0.622916666666667,598,2220,540,38160,0.551006245662734,793.448993754337,0.51975051975052,249.48024948025,0.566666666666667,544,900,300,38280,0.534351145038168,769.465648854962,0.521829521829522,250.47817047817,0.540625,519,420,480,39240,0.512144344205413,737.487855655795,0.505197505197505,242.494802494803,0.515625,495,31.1666666666667,18.6577540106952,40.8333333333333,19.9265306122449
"2025-12-13 10:00:00|Monitor33.txt|24",24,"2025-12-13 10:00:00|Monitor33.txt",2025-12-13T10:00:00Z,2025-12-19T10:30:00Z,"OK","M","DGRP385","21.5C","Winter","NA","08:12","M33","Batch19_DGRP",0.578521004513367,833.070246499248,0.676154113155155,324.553974314474,0.5296875,508.5,300,6300,39120,0.717557251908397,1033.28244274809,0.798336798336798,383.201663201663,0.677083333333333,650,2100,1440,83520,0.67175572519084,967.328244274809,0.750519750519751,360.24948024948,0.632291666666667,607,8040,3480,39240,0.66412213740458,956.335877862595,0.775467775467775,372.224532224532,0.608333333333333,584,3600,3480,83340,0.542678695350451,781.45732130465,0.704781704781705,338.295218295218,0.461458333333333,443,4980,540,39960,0.472588480222068,680.527411519778,0.594594594594595,285.405405405405,0.411458333333333,395,540,300,45780,0.403886190145732,581.596113809854,0.436590436590437,209.56340956341,0.3875,372,27.8333333333333,18.2215568862276,46,19.2246376811594
"2025-12-13 10:00:00|Monitor33.txt|25",25,"2025-12-13 10:00:00|Monitor33.txt",2025-12-13T10:00:00Z,2025-12-19T10:30:00Z,"OK","M","DGRP385","21.5C","Winter","NA","08:12","M33","Batch19_DGRP",0.501099409790534,721.583150098368,0.661922943422423,317.723012842763,0.420659722222222,403.833333333333,0,900,50640,0.669673837612769,964.330326162387,0.827442827442827,397.172557172557,0.590625,567,120,1740,44040,0.575988896599584,829.4240111034,0.702702702702703,337.297297297297,0.5125,492,0,1260,45420,0.460791117279667,663.53920888272,0.546777546777547,262.453222453222,0.417708333333333,401,420,300,43020,0.501734906315059,722.498265093685,0.648648648648649,311.351351351351,0.428125,411,540,300,48960,0.413601665510062,595.58639833449,0.607068607068607,291.392931392931,0.316666666666667,304,2400,660,51300,0.385149201943095,554.614850798057,0.638253638253638,306.361746361746,0.258333333333333,248,28.8333333333333,23.1965317919075,36,20.2638888888889
"2025-12-13 10:00:00|Monitor33.txt|26",26,"2025-12-13 10:00:00|Monitor33.txt",2025-12-13T10:00:00Z,2025-12-19T10:30:00Z,"OK","M","DGRP385","21.5C","Winter","NA","08:12","M33","Batch19_DGRP",0.550283531998611,792.408286078,0.703228045817425,337.549461992364,0.473784722222222,454.833333333333,0,1140,41640,0.666204024982651,959.333795975017,0.85031185031185,408.149688149688,0.573958333333333,551,900,720,86160,0.578070784177655,832.421929215822,0.69022869022869,331.309771309771,0.521875,501,11100,1860,56640,0.693268563497571,998.306731436502,0.810810810810811,389.189189189189,0.634375,609,1200,1200,40800,0.591256072172103,851.408743927828,0.804573804573805,386.195426195426,0.484375,465,420,420,45300,0.405968077723803,584.594031922276,0.607068607068607,291.392931392931,0.305208333333333,293,660,420,43200,0.368494101318529,530.631505898681,0.45945945945946,220.540540540541,0.322916666666667,310,23.3333333333333,27.0642857142857,25.6666666666667,29.8701298701299
"2025-12-13 10:00:00|Monitor33.txt|27",27,"2025-12-13 10:00:00|Monitor33.txt",2025-12-13T10:00:00Z,2025-12-19T10:30:00Z,"OK","M","DGRP385","21.5C","Winter","NA","08:12","M33","Batch19_DGRP",0.533155884735563,767.744474019211,0.542867060048594,260.576188823325,0.528298611111111,507.166666666667,0,3360,40860,0.694656488549618,1000.30534351145,0.771309771309771,370.22869022869,0.65625,630,2340,2760,41700,0.653018736988203,940.346981263012,0.719334719334719,345.280665280665,0.619791666666667,595,180,1800,41820,0.589174184594032,848.410825815406,0.642411642411642,308.357588357588,0.5625,540,3120,300,54060,0.468424705065926,674.531575294934,0.48024948024948,230.519750519751,0.4625,444,540,300,40320,0.390700902151284,562.609299097849,0.397089397089397,190.602910602911,0.3875,372,660,300,46080,0.403192227619709,580.59680777238,0.247401247401247,118.752598752599,0.48125,462,32.6666666666667,17.6938775510204,59.6666666666667,13.5055865921788
"2025-12-13 10:00:00|Monitor33.txt|29",29,"2025-12-13 10:00:00|Monitor33.txt",2025-12-13T10:00:00Z,2025-12-19T10:30:00Z,"OK","M","DGRP385","21.5C","Winter","NA","08:12","M33","Batch19_DGRP",0.488022219650503,702.751996296725,0.573064908018049,275.071155848664,0.445486111111111,427.666666666667,180,2340,40620,0.523941707147814,754.476058292852,0.698544698544699,335.301455301455,0.436458333333333,419,1020,1260,39780,0.534351145038168,769.465648854962,0.648648648648649,311.351351351351,0.477083333333333,458,300,1920,43980,0.506592643997224,729.493407356003,0.596673596673597,286.403326403326,0.461458333333333,443,1440,960,39000,0.455239417071478,655.544760582929,0.46985446985447,225.530145530146,0.447916666666667,430,1980,660,43380,0.439278278972935,632.560721721027,0.457380457380458,219.54261954262,0.430208333333333,413,540,420,38280,0.46911866759195,675.530881332408,0.567567567567568,272.432432432432,0.419791666666667,403,28.1666666666667,21.8639053254438,40.6666666666667,19.3073770491803
"2025-12-13 10:00:00|Monitor33.txt|30",30,"2025-12-13 10:00:00|Monitor33.txt",2025-12-13T10:00:00Z,2025-12-19T10:30:00Z,"OK","M","DGRP385","21.5C","Winter","NA","08:12","M33","Batch19_DGRP",0.496933225321143,715.583844462447,0.632072197153766,303.394654633808,0.429340277777778,412.166666666667,240,1320,41040,0.618320610687023,890.381679389313,0.696465696465697,334.303534303534,0.579166666666667,556,2460,660,48000,0.632893823733518,911.367106176267,0.748440748440749,359.251559251559,0.575,552,1620,1320,46440,0.542678695350451,781.45732130465,0.758835758835759,364.241164241164,0.434375,417,720,480,40560,0.430950728660652,620.569049271339,0.648648648648649,311.351351351351,0.321875,309,300,300,43560,0.39000693962526,561.609993060375,0.509355509355509,244.490644490645,0.330208333333333,317,300,480,45720,0.366412213740458,527.63358778626,0.428274428274428,205.571725571726,0.335416666666667,322,33,19.1010101010101,34.6666666666667,22.1009615384615
"2025-12-13 10:00:00|Monitor33.txt|31",31,"2025-12-13 10:00:00|Monitor33.txt",2025-12-13T10:00:00Z,2025-12-19T10:30:00Z,"OK","M","DGRP385","21.5C","Winter","NA","08:12","M33","Batch19_DGRP",0.611619025575744,880.731396829071,0.688649774383895,330.551891704269,0.573090277777778,550.166666666667,900,3480,41100,0.718251214434421,1034.28174878557,0.702702702702703,337.297297297297,0.726041666666667,697,1740,360,46020,0.679389312977099,978.320610687023,0.74012474012474,355.259875259875,0.648958333333333,623,1440,360,86160,0.666204024982651,959.333795975017,0.754677754677755,362.245322245322,0.621875,597,5820,2280,45780,0.591950034698126,852.408049965302,0.731808731808732,351.268191268191,0.521875,501,2280,300,45300,0.544760582928522,784.455239417071,0.623700623700624,299.376299376299,0.505208333333333,485,540,360,38580,0.469812630117974,676.530187369882,0.58004158004158,278.419958419958,0.414583333333333,398,27,19.2037037037037,41,21.3536585365854
"2025-12-13 10:00:00|Monitor33.txt|32",32,"2025-12-13 10:00:00|Monitor33.txt",2025-12-13T10:00:00Z,2025-12-19T10:30:00Z,"OK","M","DGRP385","21.5C","Winter","NA","08:12","M33","Batch19_DGRP",0.419048721212823,603.430158546465,0.483859770912877,232.252690038181,0.386631944444444,371.166666666667,0,540,41820,0.615544760582929,886.384455239417,0.758835758835759,364.241164241164,0.54375,522,300,720,42240,0.530187369882026,763.469812630118,0.584199584199584,280.4158004158,0.503125,483,420,840,48720,0.421929215822346,607.578070784178,0.401247401247401,192.598752598753,0.432291666666667,415,1140,540,43320,0.3088133240805,444.69118667592,0.397089397089397,190.602910602911,0.264583333333333,254,120,1080,58560,0.351145038167939,505.648854961832,0.392931392931393,188.607068607069,0.330208333333333,317,1560,300,57120,0.286606523247745,412.713393476752,0.367983367983368,176.632016632017,0.245833333333333,236,32,20.9375,39.3333333333333,18.7118644067797
"2025-12-13 10:00:00|Monitor34.txt|01",1,"2025-12-13 10:00:00|Monitor34.txt",2025-12-13T10:00:00Z,2025-12-19T10:30:00Z,"OK","M","DGRP386","21.5C","Winter","NA","08:12","M34","Batch19_DGRP",0.248466612660572,357.791922231223,0.157931273863242,75.8070114543561,0.29375,282,420,300,71580,0.172796668979875,248.82720333102,0.139293139293139,66.8607068607069,0.189583333333333,182,2640,420,67440,0.190839694656489,274.809160305344,0.145530145530146,69.8544698544699,0.213541666666667,205,720,780,58680,0.109646079111728,157.890353920888,0.0852390852390852,40.9147609147609,0.121875,117,3480,300,60120,0.193615544760583,278.806384455239,0.0831600831600832,39.9168399168399,0.248958333333333,239,480,660,50280,0.316446911866759,455.683553088133,0.276507276507277,132.723492723493,0.336458333333333,323,1320,1500,55500,0.506592643997224,729.493407356003,0.216216216216216,103.783783783784,0.652083333333333,626,14.8333333333333,52.7078651685393,34.5,18.6280193236715
"2025-12-13 10:00:00|Monitor34.txt|03",3,"2025-12-13 10:00:00|Monitor34.txt",2025-12-13T10:00:00Z,2025-12-19T10:30:00Z,"OK","M","DGRP386","21.5C","Winter","NA","08:12","M34","Batch19_DGRP",0.328781391042703,473.445203101493,0.388753904894134,186.601874349184,0.298784722222222,286.833333333333,540,1980,66480,0.471894517696044,679.528105482304,0.650727650727651,312.349272349272,0.382291666666667,367,1560,1140,59160,0.435808466342818,627.564191533657,0.523908523908524,251.476091476092,0.391666666666667,376,900,720,60120,0.321304649548924,462.678695350451,0.46985446985447,225.530145530146,0.246875,237,600,360,59400,0.242886884108258,349.757113115892,0.255717255717256,122.744282744283,0.236458333333333,227,1260,1800,1260,0.242192921582235,348.757807078418,0.251559251559252,120.748440748441,0.2375,228,240,2220,83340,0.260235947258848,374.739764052741,0.185031185031185,88.8149688149688,0.297916666666667,286,22,31.8712121212121,46,15.6775362318841
"2025-12-13 10:00:00|Monitor34.txt|04",4,"2025-12-13 10:00:00|Monitor34.txt",2025-12-13T10:00:00Z,2025-12-19T10:30:00Z,"OK","M","DGRP386","21.5C","Winter","NA","08:12","M34","Batch19_DGRP",0.572850364541141,824.904524939243,0.550156195765359,264.074973967372,0.584201388888889,560.833333333333,2760,1680,70380,0.539902845246357,777.460097154754,0.517671517671518,248.482328482328,0.551041666666667,529,2040,1020,54900,0.537126995142262,773.462873004858,0.507276507276507,243.492723492724,0.552083333333333,530,240,960,84420,0.623872310895212,898.376127689105,0.546777546777547,262.453222453222,0.6625,636,5160,1080,79920,0.594725884802221,856.405274115198,0.575883575883576,276.424116424116,0.604166666666667,580,1020,360,62100,0.594031922276197,855.405968077724,0.613305613305613,294.386694386694,0.584375,561,2280,420,6600,0.547536433032616,788.452463566967,0.540540540540541,259.459459459459,0.551041666666667,529,20,24.0416666666667,47.6666666666667,19.527972027972
"2025-12-13 10:00:00|Monitor34.txt|05",5,"2025-12-13 10:00:00|Monitor34.txt",2025-12-13T10:00:00Z,2025-12-19T10:30:00Z,"OK","M","DGRP386","21.5C","Winter","NA","08:12","M34","Batch19_DGRP",0.477028121745168,686.920495313043,0.404720583130857,194.265879902812,0.513194444444444,492.666666666667,300,600,68820,0.603747397640527,869.39625260236,0.478170478170478,229.52182952183,0.666666666666667,640,2160,420,36360,0.499653018736988,719.500346981263,0.577962577962578,277.422037422037,0.460416666666667,442,1140,900,64140,0.485773768216516,699.514226231784,0.382536382536383,183.617463617464,0.5375,516,1620,3480,65100,0.631505898681471,909.368494101319,0.438669438669439,210.561330561331,0.728125,699,1320,540,6840,0.425399028452464,612.574600971548,0.444906444906445,213.555093555094,0.415625,399,1380,540,65040,0.215822345593338,310.784177654407,0.106029106029106,50.8939708939709,0.270833333333333,260,22.1666666666667,21.2857142857143,48.5,19.298969072165
"2025-12-13 10:00:00|Monitor34.txt|07",7,"2025-12-13 10:00:00|Monitor34.txt",2025-12-13T10:00:00Z,2025-12-19T10:30:00Z,"OK","M","DGRP386","21.5C","Winter","NA","08:12","M34","Batch19_DGRP",0.598657562782085,862.066890406203,0.547379382158973,262.742103436307,0.624305555555556,599.333333333333,180,660,53220,0.736988202637058,1061.26301179736,0.665280665280665,319.334719334719,0.772916666666667,742,300,1140,60780,0.678001387925052,976.321998612075,0.636174636174636,305.363825363825,0.698958333333333,671,900,660,79080,0.596807772380292,859.40319222762,0.555093555093555,266.444906444906,0.617708333333333,593,5220,480,35460,0.582234559333796,838.417765440666,0.48024948024948,230.519750519751,0.633333333333333,608,1980,1260,45240,0.543372657876475,782.456627342124,0.492723492723493,236.507276507277,0.56875,546,1020,300,39540,0.454545454545455,654.545454545455,0.455301455301455,218.544698544699,0.454166666666667,436,26.5,18.0691823899371,41.8333333333333,22.1274900398406
"2025-12-13 10:00:00|Monitor34.txt|10",10,"2025-12-13 10:00:00|Monitor34.txt",2025-12-13T10:00:00Z,2025-12-19T10:30:00Z,"OK","M","DGRP386","21.5C","Winter","NA","08:12","M34","Batch19_DGRP",0.303900011572735,437.616016664738,0.441860465116279,212.093023255814,0.234895833333333,225.5,720,2040,11220,0.321304649548924,462.678695350451,0.501039501039501,240.498960498961,0.23125,222,180,780,83640,0.371963913948647,535.628036086051,0.467775467775468,224.532224532225,0.323958333333333,311,9180,1380,83400,0.374045801526718,538.625954198473,0.536382536382536,257.463617463618,0.292708333333333,281,1560,360,85980,0.261623872310895,376.738376127689,0.41995841995842,201.580041580042,0.182291666666667,175,7140,660,84720,0.235947258848022,339.764052741152,0.417879417879418,200.582120582121,0.144791666666667,139,240,1380,1740,0.260235947258848,374.739764052741,0.311850311850312,149.68814968815,0.234375,225,17.3333333333333,36.4423076923077,29.6666666666667,26.9101123595506
"2025-12-13 10:00:00|Monitor34.txt|11",11,"2025-12-13 10:00:00|Monitor34.txt",2025-12-13T10:00:00Z,2025-12-19T10:30:00Z,"OK","M","DGRP386","21.5C","Winter","NA","08:12","M34","Batch19_DGRP",0.564633722948733,813.072561046175,0.575841721624436,276.404026379729,0.559027777777778,536.666666666667,0,420,49380,0.568355308813324,818.431644691187,0.67983367983368,326.320166320166,0.5125,492,2880,960,72360,0.591950034698126,852.408049965302,0.625779625779626,300.37422037422,0.575,552,4740,4740,54420,0.613462873004858,883.386537126995,0.646569646569647,310.35343035343,0.596875,573,2580,1260,58500,0.54059680777238,778.459403192228,0.553014553014553,265.446985446986,0.534375,513,4740,1080,76320,0.474670367800139,683.5253296322,0.467775467775468,224.532224532225,0.478125,459,1800,600,37500,0.599583622484386,863.400416377516,0.484407484407485,232.515592515593,0.657291666666667,631,19.6666666666667,25.1610169491525,29.3333333333333,31.5738636363636
"2025-12-13 10:00:00|Monitor34.txt|12",12,"2025-12-13 10:00:00|Monitor34.txt",2025-12-13T10:00:00Z,2025-12-19T10:30:00Z,"OK","M","DGRP386","21.5C","Winter","NA","08:12","M34","Batch19_DGRP",0.533503066774679,768.244416155538,0.544602568552586,261.409232905241,0.527951388888889,506.833333333333,1140,2820,41400,0.665510062456627,958.334489937543,0.688149688149688,330.31185031185,0.654166666666667,628,540,1380,69360,0.598195697432339,861.401804302568,0.64033264033264,307.359667359667,0.577083333333333,554,0,1500,48180,0.51353226925746,739.486467730743,0.604989604989605,290.39501039501,0.467708333333333,449,120,1080,43740,0.470506592643997,677.529493407356,0.532224532224532,255.467775467776,0.439583333333333,422,1020,1260,41460,0.503122831367106,724.496877168633,0.465696465696466,223.534303534304,0.521875,501,780,1260,41940,0.451075641915337,649.548924358085,0.338877338877339,162.661122661123,0.507291666666667,487,24.6666666666667,24.6013513513514,35.5,22.81220657277
"2025-12-13 10:00:00|Monitor34.txt|16",16,"2025-12-13 10:00:00|Monitor34.txt",2025-12-13T10:00:00Z,2025-12-19T10:30:00Z,"OK","M","DGRP386","21.5C","Winter","NA","08:12","M34","Batch19_DGRP",0.277514176599931,399.6204143039,0.290871225269004,139.618188129122,0.270833333333333,260,0,1320,83580,0.284524635669674,409.71547536433,0.417879417879418,200.582120582121,0.217708333333333,209,5040,1440,63120,0.278278972935462,400.721721027065,0.361746361746362,173.638253638254,0.236458333333333,227,120,360,83340,0.226925746009715,326.77307425399,0.245322245322245,117.754677754678,0.217708333333333,209,2280,720,83340,0.260929909784872,375.739070090215,0.255717255717256,122.744282744283,0.263541666666667,253,2880,660,83940,0.233865371269951,336.76613462873,0.224532224532225,107.775467775468,0.238541666666667,229,2460,960,56400,0.383067314365024,551.616932685635,0.247401247401247,118.752598752599,0.451041666666667,433,16.6666666666667,50.05,31.3333333333333,18.8244680851064
"2025-12-13 10:00:00|Monitor34.txt|23",23,"2025-12-13 10:00:00|Monitor34.txt",2025-12-13T10:00:00Z,2025-12-19T10:30:00Z,"OK","M","DGRP386","21.5C","Winter","NA","08:12","M34","Batch19_DGRP",0.349033676657794,502.608494387224,0.323498785144047,155.279416869143,0.361805555555556,347.333333333333,540,360,67080,0.394170714781402,567.605829285219,0.511434511434512,245.488565488566,0.335416666666667,322,840,1440,83460,0.374739764052741,539.625260235947,0.403326403326403,193.596673596674,0.360416666666667,346,480,300,63900,0.303955586398335,437.696044413602,0.205821205821206,98.7941787941788,0.353125,339,1140,600,61140,0.294934073560028,424.70506592644,0.197505197505198,94.8024948024948,0.34375,330,960,360,63960,0.276891047883414,398.723108952117,0.313929313929314,150.686070686071,0.258333333333333,248,600,300,61860,0.451075641915337,649.548924358085,0.313929313929314,150.686070686071,0.519791666666667,499,25.1666666666667,24.8013245033113,49.6666666666667,15.9362416107383
"2025-12-13 10:00:00|Monitor34.txt|24",24,"2025-12-13 10:00:00|Monitor34.txt",2025-12-13T10:00:00Z,2025-12-19T10:30:00Z,"OK","M","DGRP386","21.5C","Winter","NA","08:12","M34","Batch19_DGRP",0.417891447749103,601.763684758709,0.412356820548421,197.931273863242,0.420659722222222,403.833333333333,0,660,8460,0.578764746703678,833.421235253296,0.648648648648649,311.351351351351,0.54375,522,180,300,5820,0.408049965301874,587.591950034698,0.367983367983368,176.632016632017,0.428125,411,2460,900,83580,0.357390700902151,514.642609299098,0.361746361746362,173.638253638254,0.355208333333333,341,1200,1140,83340,0.419847328244275,604.580152671756,0.378378378378378,181.621621621622,0.440625,423,6840,720,36720,0.422623178348369,608.577376821652,0.395010395010395,189.60498960499,0.436458333333333,419,1080,420,43560,0.320610687022901,461.679389312977,0.322245322245322,154.677754677755,0.319791666666667,307,19.8333333333333,24.5378151260504,44,21.0113636363636
"2025-12-13 10:00:00|Monitor34.txt|26",26,"2025-12-13 10:00:00|Monitor34.txt",2025-12-13T10:00:00Z,2025-12-19T10:30:00Z,"OK","M","DGRP386","21.5C","Winter","NA","08:12","M34","Batch19_DGRP",0.302974192801759,436.282837634533,0.326622700451232,156.778896216591,0.291145833333333,279.5,0,840,83280,0.299097848716169,430.700902151284,0.378378378378378,181.621621621622,0.259375,249,1080,1800,85260,0.351839000693963,506.648160999306,0.378378378378378,181.621621621622,0.338541666666667,325,2100,1500,84360,0.312977099236641,450.687022900763,0.365904365904366,175.634095634096,0.286458333333333,275,2040,420,84660,0.290076335877863,417.709923664122,0.316008316008316,151.683991683992,0.277083333333333,266,180,1080,61980,0.263705759888966,379.736294240111,0.261954261954262,125.738045738046,0.264583333333333,254,720,420,61260,0.301873698820264,434.69812630118,0.264033264033264,126.735966735967,0.320833333333333,308,23.8333333333333,30.2447552447552,44.5,15.6329588014981
"2025-12-13 10:00:00|Monitor34.txt|27",27,"2025-12-13 10:00:00|Monitor34.txt",2025-12-13T10:00:00Z,2025-12-19T10:30:00Z,"OK","M","DGRP386","21.5C","Winter","NA","08:12","M34","Batch19_DGRP",0.197199398217799,283.96713343363,0.231863936133287,111.294689343978,0.179861111111111,172.666666666667,480,420,83340,0.269951422623178,388.730048577377,0.367983367983368,176.632016632017,0.220833333333333,212,2400,420,83340,0.232477446217904,334.767522553782,0.299376299376299,143.700623700624,0.198958333333333,191,1500,1020,84840,0.166551006245663,239.833448993754,0.20997920997921,100.790020790021,0.144791666666667,139,1980,600,61800,0.208882720333102,300.791117279667,0.234927234927235,112.765072765073,0.195833333333333,188,600,300,63060,0.173490631505899,249.826509368494,0.137214137214137,65.8627858627859,0.191666666666667,184,240,1380,240,0.134628730048577,193.865371269951,0.14968814968815,71.8503118503119,0.127083333333333,122,18.3333333333333,48.4454545454545,28.8333333333333,18.5780346820809
"2025-12-13 10:00:00|Monitor34.txt|28",28,"2025-12-13 10:00:00|Monitor34.txt",2025-12-13T10:00:00Z,2025-12-19T10:30:00Z,"OK","M","DGRP386","21.5C","Winter","NA","08:12","M34","Batch19_DGRP",0.399375072329591,575.100104154612,0.539048941339813,258.74349184311,0.329513888888889,316.333333333333,0,2640,0,0.410131852879944,590.58986814712,0.538461538461538,258.461538461539,0.345833333333333,332,1380,1260,51060,0.446217904233171,642.553782095767,0.492723492723493,236.507276507277,0.422916666666667,406,2040,480,84000,0.371269951422623,534.628730048577,0.496881496881497,238.503118503119,0.308333333333333,296,1680,1800,83460,0.39764052741152,572.602359472588,0.675675675675676,324.324324324324,0.258333333333333,248,1920,300,47760,0.473282442748092,681.526717557252,0.523908523908524,251.476091476092,0.447916666666667,430,1620,1920,12540,0.299791811242193,431.700208188758,0.511434511434512,245.488565488566,0.19375,186,22.3333333333333,28.5298507462687,39.6666666666667,19.8403361344538
"2025-12-13 10:00:00|Monitor34.txt|30",30,"2025-12-13 10:00:00|Monitor34.txt",2025-12-13T10:00:00Z,2025-12-19T10:30:00Z,"OK","M","DGRP386","21.5C","Winter","NA","08:12","M34","Batch19_DGRP",0.423909269760444,610.42934845504,0.504685872960778,242.249219021173,0.383506944444444,368.166666666667,0,1200,83280,0.590562109646079,850.409437890354,0.621621621621622,298.378378378378,0.575,552,720,840,37500,0.567661346287301,817.432338653713,0.634095634095634,304.365904365904,0.534375,513,840,4500,35400,0.458709229701596,660.541290770298,0.62993762993763,302.370062370062,0.372916666666667,358,240,1620,85020,0.271339347675226,390.728660652325,0.405405405405405,194.594594594595,0.204166666666667,196,660,300,40980,0.272033310201249,391.727966689799,0.386694386694387,185.613305613306,0.214583333333333,206,180,1200,42000,0.385149201943095,554.614850798057,0.355509355509356,170.644490644491,0.4,384,24.5,21.0748299319728,37,24.3423423423423
"2025-12-13 10:00:00|Monitor34.txt|31",31,"2025-12-13 10:00:00|Monitor34.txt",2025-12-13T10:00:00Z,2025-12-19T10:30:00Z,"OK","M","DGRP386","21.5C","Winter","NA","08:12","M34","Batch19_DGRP",0.42900127300081,617.761833121167,0.500867754251996,240.416522040958,0.393055555555556,377.333333333333,0,5040,39420,0.526023594725885,757.473976405274,0.607068607068607,291.392931392931,0.485416666666667,466,0,1020,37500,0.452463566967384,651.547536433033,0.378378378378378,181.621621621622,0.489583333333333,470,720,2220,83820,0.453157529493407,652.546842470507,0.592515592515593,284.407484407484,0.383333333333333,368,2580,840,85020,0.388619014573213,559.611380985427,0.492723492723493,236.507276507277,0.336458333333333,323,3060,420,36480,0.351839000693963,506.648160999306,0.498960498960499,239.50103950104,0.278125,267,3000,1500,35100,0.403886190145732,581.596113809854,0.440748440748441,211.559251559252,0.385416666666667,370,20,24.8166666666667,38,24.109649122807
"2025-12-13 10:00:00|Monitor35.txt|01",1,"2025-12-13 10:00:00|Monitor35.txt",2025-12-13T10:00:00Z,2025-12-19T10:30:00Z,"OK","M","DGRP390","21.5C","Winter","NA","08:12","M35","Batch19_DGRP",0.510820506885777,735.581529915519,0.355779243318292,170.77403679278,0.588368055555556,564.833333333333,0,360,46680,0.580846634281749,836.419153365718,0.521829521829522,250.47817047817,0.610416666666667,586,1140,960,33960,0.537126995142262,773.462873004858,0.434511434511435,208.565488565489,0.588541666666667,565,4800,1380,35820,0.472588480222068,680.527411519778,0.278586278586279,133.721413721414,0.569791666666667,547,900,900,60300,0.475364330326162,684.524635669674,0.286902286902287,137.713097713098,0.569791666666667,547,1020,540,63960,0.497571131158917,716.502428868841,0.324324324324324,155.675675675676,0.584375,561,300,300,45000,0.502428868841083,723.497571131159,0.293139293139293,140.706860706861,0.607291666666667,583,26.8333333333333,17.6086956521739,56.5,16.6961651917404
"2025-12-13 10:00:00|Monitor35.txt|02",2,"2025-12-13 10:00:00|Monitor35.txt",2025-12-13T10:00:00Z,2025-12-19T10:30:00Z,"OK","M","DGRP390","21.5C","Winter","NA","08:12","M35","Batch19_DGRP",0.661034602476565,951.889827566254,0.596667823672336,286.400555362721,0.693229166666667,665.5,1200,300,31800,0.738376127689105,1063.26162387231,0.735966735966736,353.264033264033,0.739583333333333,710,180,1200,58500,0.707147814018043,1018.29285218598,0.625779625779626,300.37422037422,0.747916666666667,718,720,480,28440,0.680083275503123,979.319916724497,0.594594594594595,285.405405405405,0.722916666666667,694,840,600,40860,0.632893823733518,911.367106176267,0.521829521829522,250.47817047817,0.688541666666667,661,2580,480,28560,0.588480222068008,847.411519777932,0.501039501039501,240.498960498961,0.632291666666667,607,480,480,27900,0.617626648160999,889.382373351839,0.596673596673597,286.403326403326,0.628125,603,26.3333333333333,21.4430379746835,33.8333333333333,25.1576354679803
"2025-12-13 10:00:00|Monitor35.txt|03",3,"2025-12-13 10:00:00|Monitor35.txt",2025-12-13T10:00:00Z,2025-12-19T10:30:00Z,"OK","M","DGRP390","21.5C","Winter","NA","08:12","M35","Batch19_DGRP",0.391621340122671,563.934729776646,0.296424852481777,142.283929191253,0.439236111111111,421.666666666667,0,840,64920,0.53088133240805,764.469118667592,0.67983367983368,326.320166320166,0.45625,438,180,1440,40680,0.410825815405968,591.589174184594,0.25987525987526,124.740124740125,0.486458333333333,467,780,1080,53340,0.307425399028452,442.692574600972,0.145530145530146,69.8544698544699,0.388541666666667,373,60,480,60960,0.36294240111034,522.63705759889,0.280665280665281,134.719334719335,0.404166666666667,388,720,1020,86100,0.341429562803609,491.658570437196,0.178794178794179,85.8212058212058,0.422916666666667,406,2520,600,55560,0.396946564885496,571.603053435115,0.237006237006237,113.762993762994,0.477083333333333,458,20.6666666666667,25.9032258064516,37,23.9234234234234
"2025-12-13 10:00:00|Monitor35.txt|04",4,"2025-12-13 10:00:00|Monitor35.txt",2025-12-13T10:00:00Z,2025-12-19T10:30:00Z,"OK","M","DGRP390","21.5C","Winter","NA","08:12","M35","Batch19_DGRP",0.455965744705474,656.590672375882,0.314127039222492,150.780978826796,0.526909722222222,505.833333333333,780,420,27360,0.607911172796669,875.392088827203,0.577962577962578,277.422037422037,0.622916666666667,598,900,600,31980,0.489937543372658,705.510062456627,0.428274428274428,205.571725571726,0.520833333333333,500,420,960,50700,0.371963913948647,535.628036086051,0.247401247401247,118.752598752599,0.434375,417,540,780,44460,0.416377515614157,599.583622484386,0.172557172557173,82.8274428274428,0.538541666666667,517,3660,540,58800,0.412907702984039,594.587092297016,0.191268191268191,91.8087318087318,0.523958333333333,503,600,420,47280,0.437196391394865,629.562803608605,0.27027027027027,129.72972972973,0.520833333333333,500,19.5,28.4017094017094,36,24.0138888888889
"2025-12-13 10:00:00|Monitor35.txt|05",5,"2025-12-13 10:00:00|Monitor35.txt",2025-12-13T10:00:00Z,2025-12-19T10:30:00Z,"OK","M","DGRP390","21.5C","Winter","NA","08:12","M35","Batch19_DGRP",0.197662307603287,284.633722948733,0.0878167303019785,42.1520305449497,0.252604166666667,242.5,7980,600,38580,0.268563497571131,386.731436502429,0.079002079002079,37.9209979209979,0.363541666666667,349,18000,420,65160,0.138792505204719,199.861207494795,0.0145530145530146,6.98544698544699,0.201041666666667,193,7980,300,62640,0.156141568355309,224.843858431645,0.0207900207900208,9.97920997920998,0.223958333333333,215,8340,360,59640,0.174878556557946,251.825121443442,0.135135135135135,64.8648648648649,0.194791666666667,187,3720,600,63360,0.193615544760583,278.806384455239,0.0956340956340956,45.9043659043659,0.242708333333333,233,1860,1860,57900,0.253296321998612,364.746703678001,0.180873180873181,86.8191268191268,0.289583333333333,278,7.83333333333333,58.1063829787234,27.6666666666667,35.5120481927711
"2025-12-13 10:00:00|Monitor35.txt|07",7,"2025-12-13 10:00:00|Monitor35.txt",2025-12-13T10:00:00Z,2025-12-19T10:30:00Z,"OK","M","DGRP390","21.5C","Winter","NA","08:12","M35","Batch19_DGRP",0.580372642055318,835.736604559657,0.472405414786533,226.754599097536,0.634375,609,0,540,60360,0.607217210270645,874.392782789729,0.550935550935551,264.449064449064,0.635416666666667,610,1440,420,61620,0.566273421235253,815.433726578765,0.525987525987526,252.474012474012,0.586458333333333,563,540,540,33180,0.537820957668286,774.462179042332,0.436590436590437,209.56340956341,0.588541666666667,565,300,540,49980,0.566273421235253,815.433726578765,0.438669438669439,210.561330561331,0.630208333333333,605,2340,300,52920,0.571131158917419,822.428868841083,0.388773388773389,186.611226611227,0.6625,636,2520,720,60480,0.634281748785566,913.365718251214,0.496881496881497,238.503118503119,0.703125,675,22.6666666666667,22.5147058823529,33.6666666666667,26.6980198019802
"2025-12-13 10:00:00|Monitor35.txt|08",8,"2025-12-13 10:00:00|Monitor35.txt",2025-12-13T10:00:00Z,2025-12-19T10:30:00Z,"OK","M","DGRP390","21.5C","Winter","NA","08:12","M35","Batch19_DGRP",0.543224163869922,782.242795972688,0.391530718500521,187.93474488025,0.619097222222222,594.333333333333,6900,660,47160,0.596113809854268,858.403886190146,0.623700623700624,299.376299376299,0.582291666666667,559,2040,360,57120,0.52116585704372,750.478834142956,0.313929313929314,150.686070686071,0.625,600,4800,1800,38340,0.616238723108952,887.383761276891,0.463617463617464,222.536382536383,0.692708333333333,665,1200,1380,35160,0.514226231783484,740.485773768217,0.336798336798337,161.663201663202,0.603125,579,3240,1440,39360,0.47675225537821,686.523247744622,0.288981288981289,138.711018711019,0.570833333333333,548,3300,600,35580,0.536433032616239,772.463566967384,0.328482328482329,157.671517671518,0.640625,615,18,28.75,26.8333333333333,33.2173913043478
"2025-12-13 10:00:00|Monitor35.txt|09",9,"2025-12-13 10:00:00|Monitor35.txt",2025-12-13T10:00:00Z,2025-12-19T10:30:00Z,"OK","M","DGRP390","21.5C","Winter","NA","08:12","M35","Batch19_DGRP",0.464761023029742,669.255873162828,0.393960430406109,189.101006594932,0.500173611111111,480.166666666667,0,360,53880,0.408049965301874,587.591950034698,0.313929313929314,150.686070686071,0.455208333333333,437,4680,360,55560,0.385843164469119,555.614156835531,0.243243243243243,116.756756756757,0.457291666666667,439,540,780,55440,0.381679389312977,549.618320610687,0.133056133056133,63.8669438669439,0.50625,486,60,480,81900,0.539208882720333,776.46079111728,0.540540540540541,259.459459459459,0.538541666666667,517,180,4380,180,0.580846634281749,836.419153365718,0.650727650727651,312.349272349272,0.545833333333333,524,2040,360,12180,0.491325468424705,707.508674531575,0.478170478170478,229.52182952183,0.497916666666667,478,23.5,20.3900709219858,60.1666666666667,15.5983379501385
"2025-12-13 10:00:00|Monitor35.txt|13",13,"2025-12-13 10:00:00|Monitor35.txt",2025-12-13T10:00:00Z,2025-12-19T10:30:00Z,"OK","M","DGRP390","21.5C","Winter","NA","08:12","M35","Batch19_DGRP",0.411526443698646,592.59807892605,0.251648733078792,120.79139187782,0.491493055555556,471.833333333333,0,360,55560,0.524635669673838,755.475364330326,0.299376299376299,143.700623700624,0.6375,612,1320,420,44820,0.560721721027065,807.439278278973,0.415800415800416,199.5841995842,0.633333333333333,608,1380,300,40740,0.390700902151284,562.609299097849,0.251559251559252,120.748440748441,0.460416666666667,442,180,960,83460,0.306731436502429,441.693268563498,0.0852390852390852,40.9147609147609,0.417708333333333,401,2100,480,78900,0.295628036086051,425.704371963914,0.224532224532225,107.775467775468,0.33125,318,1860,360,84240,0.390700902151284,562.609299097849,0.234927234927235,112.765072765073,0.46875,450,24.3333333333333,20.7465753424658,58.1666666666667,15.6389684813754
"2025-12-13 10:00:00|Monitor35.txt|15",15,"2025-12-13 10:00:00|Monitor35.txt",2025-12-13T10:00:00Z,2025-12-19T10:30:00Z,"OK","M","DGRP390","21.5C","Winter","NA","08:12","M35","Batch19_DGRP",0.516606874204375,743.913898854299,0.448455397431447,215.258590767095,0.550694444444445,528.666666666667,0,900,40860,0.649548924358085,935.350451075642,0.609147609147609,292.390852390852,0.669791666666667,643,300,480,57360,0.532269257460097,766.46773074254,0.525987525987526,252.474012474012,0.535416666666667,514,60,1140,44820,0.553782095766829,797.446217904233,0.532224532224532,255.467775467776,0.564583333333333,542,1080,300,38700,0.501040943789035,721.498959056211,0.347193347193347,166.652806652807,0.578125,555,4140,1020,38040,0.403192227619709,580.59680777238,0.284823284823285,136.715176715177,0.4625,444,480,1500,61680,0.458709229701596,660.541290770298,0.388773388773389,186.611226611227,0.49375,474,27.8333333333333,18,38.8333333333333,23.587982832618
"2025-12-13 10:00:00|Monitor35.txt|18",18,"2025-12-13 10:00:00|Monitor35.txt",2025-12-13T10:00:00Z,2025-12-19T10:30:00Z,"OK","M","DGRP390","21.5C","Winter","NA","08:12","M35","Batch19_DGRP",0.390926976044439,562.934845503993,0.225963207219715,108.462339465463,0.4734375,454.5,300,600,64380,0.500346981263012,720.499653018737,0.407484407484407,195.592515592516,0.546875,525,1860,600,36780,0.418459403192228,602.581540596808,0.193347193347193,92.8066528066528,0.53125,510,8940,420,55260,0.368494101318529,530.631505898681,0.051975051975052,24.948024948025,0.527083333333333,506,0,1740,60660,0.382373351839001,550.617626648161,0.257796257796258,123.742203742204,0.444791666666667,427,900,300,36540,0.302567661346287,435.697432338654,0.205821205821206,98.7941787941788,0.351041666666667,337,300,300,55980,0.374045801526718,538.625954198473,0.243243243243243,116.756756756757,0.439583333333333,422,14.8333333333333,35.8426966292135,31.6666666666667,28.178947368421
"2025-12-13 10:00:00|Monitor35.txt|19",19,"2025-12-13 10:00:00|Monitor35.txt",2025-12-13T10:00:00Z,2025-12-19T10:30:00Z,"OK","M","DGRP390","21.5C","Winter","NA","08:12","M35","Batch19_DGRP",0.18122902441847,260.969795162597,0.0551891704269351,26.4908018049288,0.244270833333333,234.5,3240,480,52500,0.21235253296322,305.787647467037,0.0893970893970894,42.9106029106029,0.273958333333333,263,3720,480,62460,0.207494795281055,298.792505204719,0.147609147609148,70.8523908523909,0.2375,228,4020,540,52920,0.0916030534351145,131.908396946565,0.0498960498960499,23.950103950104,0.1125,108,29040,360,55380,0.240804996530187,346.75919500347,0,0,0.361458333333333,347,7740,360,31620,0.22970159611381,330.770298403886,0.0332640332640333,15.966735966736,0.328125,315,19500,300,58860,0.104788341429563,150.89521165857,0.0103950103950104,4.98960498960499,0.152083333333333,146,7.5,47.6444444444445,28.1666666666667,38.1775147928994
"2025-12-13 10:00:00|Monitor35.txt|21",21,"2025-12-13 10:00:00|Monitor35.txt",2025-12-13T10:00:00Z,2025-12-19T10:30:00Z,"OK","M","DGRP390","21.5C","Winter","NA","08:12","M35","Batch19_DGRP",0.451452378196968,650.091424603634,0.347101700798334,166.6088163832,0.503645833333333,483.5,1380,540,61140,0.44205412907703,636.557945870923,0.347193347193347,166.652806652807,0.489583333333333,470,840,660,38940,0.40735600277585,586.592643997224,0.318087318087318,152.681912681913,0.452083333333333,434,3420,600,62580,0.4323386537127,622.567661346287,0.415800415800416,199.5841995842,0.440625,423,720,300,53880,0.47675225537821,686.523247744622,0.40956340956341,196.590436590437,0.510416666666667,490,2880,720,52980,0.473976405274115,682.526023594726,0.332640332640333,159.66735966736,0.544791666666667,523,1080,420,66240,0.476058292852186,685.523941707148,0.25987525987526,124.740124740125,0.584375,561,30.5,16.0601092896175,59.1666666666667,15.5521126760563
"2025-12-13 10:00:00|Monitor35.txt|22",22,"2025-12-13 10:00:00|Monitor35.txt",2025-12-13T10:00:00Z,2025-12-19T10:30:00Z,"OK","M","DGRP390","21.5C","Winter","NA","08:12","M35","Batch19_DGRP",0.415576900821664,598.430737183196,0.396390142311697,190.267268309615,0.425173611111111,408.166666666667,5460,300,64140,0.260235947258848,374.739764052741,0.170478170478171,81.8295218295218,0.305208333333333,293,840,840,65040,0.364330326162387,524.635669673838,0.326403326403326,156.673596673597,0.383333333333333,368,600,1140,14100,0.418459403192228,602.581540596808,0.465696465696466,223.534303534304,0.394791666666667,379,1080,1740,85260,0.484385843164469,697.515614156836,0.503118503118503,241.496881496882,0.475,456,2520,2100,2520,0.460097154753643,662.539902845246,0.451143451143451,216.548856548857,0.464583333333333,446,420,840,38100,0.505898681471201,728.494101318529,0.461538461538462,221.538461538462,0.528125,507,30,16.8833333333333,65.3333333333333,13.9795918367347
"2025-12-13 10:00:00|Monitor35.txt|23",23,"2025-12-13 10:00:00|Monitor35.txt",2025-12-13T10:00:00Z,2025-12-19T10:30:00Z,"OK","M","DGRP390","21.5C","Winter","NA","08:12","M35","Batch19_DGRP",0.563707904177757,811.73938201597,0.355432141617494,170.607427976397,0.667881944444445,641.166666666667,720,1320,34200,0.634975711311589,914.365024288688,0.563409563409563,270.43659043659,0.670833333333333,644,2520,360,31740,0.58292852185982,839.41707147814,0.338877338877339,162.661122661123,0.705208333333333,677,2100,1260,33480,0.659264399722415,949.340735600278,0.378378378378378,181.621621621622,0.8,768,120,660,34200,0.539208882720333,776.46079111728,0.224532224532225,107.775467775468,0.696875,669,1080,1500,37140,0.544066620402498,783.455933379598,0.415800415800416,199.5841995842,0.608333333333333,584,2160,300,54180,0.419847328244275,604.580152671756,0.207900207900208,99.7920997920998,0.526041666666667,505,20,25.375,22,41.7272727272727
"2025-12-13 10:00:00|Monitor35.txt|24",24,"2025-12-13 10:00:00|Monitor35.txt",2025-12-13T10:00:00Z,2025-12-19T10:30:00Z,"OK","M","DGRP390","21.5C","Winter","NA","08:12","M35","Batch19_DGRP",0.199976854530726,287.966670524245,0.128080527594585,61.4786532454009,0.2359375,226.5,60,1020,62340,0.276197085357391,397.723802914643,0.266112266112266,127.733887733888,0.28125,270,1560,420,62280,0.252602359472589,363.747397640527,0.166320166320166,79.8336798336798,0.295833333333333,284,4440,360,64980,0.194309507286607,279.805690492713,0.0436590436590437,20.956340956341,0.269791666666667,259,6060,300,53100,0.147814018043026,212.852185981957,0.0124740124740125,5.98752598752599,0.215625,207,3000,1620,57660,0.160999306037474,231.839000693963,0.232848232848233,111.767151767152,0.125,120,3000,360,64140,0.16793893129771,241.832061068702,0.0478170478170478,22.952182952183,0.228125,219,11.1666666666667,63.5522388059702,16.3333333333333,44.3265306122449
"2025-12-13 10:00:00|Monitor35.txt|25",25,"2025-12-13 10:00:00|Monitor35.txt",2025-12-13T10:00:00Z,2025-12-19T10:30:00Z,"OK","M","DGRP390","21.5C","Winter","NA","08:12","M35","Batch19_DGRP",0.719476912394399,1036.04675384793,0.719888927455745,345.546685178757,0.719270833333333,690.5,240,1080,35700,0.731436502428869,1053.26856349757,0.762993762993763,366.237006237006,0.715625,687,22200,1020,34920,0.817487855655795,1177.18251214434,0.875259875259875,420.12474012474,0.788541666666667,757,0,300,83340,0.726578764746704,1046.27342123525,0.827442827442827,397.172557172557,0.676041666666667,649,9900,2100,50460,0.74323386537127,1070.25676613463,0.819126819126819,393.180873180873,0.705208333333333,677,1320,480,37320,0.647467036780014,932.35253296322,0.503118503118503,241.496881496882,0.719791666666667,691,480,8520,480,0.651630811936156,938.348369188064,0.534303534303534,256.465696465697,0.710416666666667,682,15.8333333333333,27.9263157894737,22.5,43.1851851851852
"2025-12-13 10:00:00|Monitor35.txt|26",26,"2025-12-13 10:00:00|Monitor35.txt",2025-12-13T10:00:00Z,2025-12-19T10:30:00Z,"OK","M","DGRP390","21.5C","Winter","NA","08:12","M35","Batch19_DGRP",0.634995949542877,914.394167341743,0.550850399166956,264.408191600139,0.677083333333333,650,0,1140,61380,0.661346287300486,952.338653712699,0.540540540540541,259.459459459459,0.721875,693,2100,1020,51840,0.678695350451076,977.321304649549,0.565488565488566,271.434511434512,0.735416666666667,706,480,1860,43920,0.645385149201943,929.354614850798,0.584199584199584,280.4158004158,0.676041666666667,649,720,420,1200,0.575988896599584,829.4240111034,0.588357588357588,282.411642411642,0.569791666666667,547,2100,540,39240,0.575988896599584,829.4240111034,0.41995841995842,201.580041580042,0.654166666666667,628,540,600,55740,0.673837612768911,970.326162387231,0.611226611226611,293.388773388773,0.705208333333333,677,26.6666666666667,17.89375,45.3333333333333,20.4338235294118
"2025-12-13 10:00:00|Monitor35.txt|27",27,"2025-12-13 10:00:00|Monitor35.txt",2025-12-13T10:00:00Z,2025-12-19T10:30:00Z,"OK","M","DGRP390","21.5C","Winter","NA","08:12","M35","Batch19_DGRP",0.44323573660456,638.259460710566,0.362374175633461,173.939604304061,0.483680555555556,464.333333333333,420,480,48660,0.449687716863289,647.550312283137,0.351351351351351,168.648648648649,0.498958333333333,479,2700,600,58020,0.448993754337266,646.551006245663,0.37006237006237,177.629937629938,0.488541666666667,469,1020,1020,45720,0.346981263011797,499.653018736988,0.268191268191268,128.731808731809,0.386458333333333,371,540,300,41340,0.332408049965302,478.667591950035,0.274428274428274,131.725571725572,0.361458333333333,347,4260,2220,43020,0.528105482303956,760.471894517696,0.476091476091476,228.523908523909,0.554166666666667,532,1020,300,61380,0.553088133240805,796.446911866759,0.434511434511435,208.565488565489,0.6125,588,28.1666666666667,16.5207100591716,51.1666666666667,18.7035830618892
"2025-12-13 10:00:00|Monitor35.txt|28",28,"2025-12-13 10:00:00|Monitor35.txt",2025-12-13T10:00:00Z,2025-12-19T10:30:00Z,"OK","M","DGRP390","21.5C","Winter","NA","08:12","M35","Batch19_DGRP",0.6464529568337,930.892257840528,0.493925720236029,237.084345713294,0.722743055555556,693.833333333333,2160,480,57720,0.643303261623872,926.356696738376,0.496881496881497,238.503118503119,0.716666666666667,688,1620,840,60660,0.566967383761277,816.433032616239,0.365904365904366,175.634095634096,0.667708333333333,641,3060,720,56940,0.601665510062457,866.398334489938,0.426195426195426,204.573804573805,0.689583333333333,662,1800,1680,59880,0.636363636363636,916.363636363636,0.513513513513514,246.486486486487,0.697916666666667,670,720,2160,32340,0.762664816099931,1098.2373351839,0.61954261954262,297.380457380457,0.834375,801,3240,300,26640,0.666897987508675,960.333102012491,0.540540540540541,259.459459459459,0.730208333333333,701,21.1666666666667,24,30.6666666666667,29.5489130434783
"2025-12-13 10:00:00|Monitor35.txt|29",29,"2025-12-13 10:00:00|Monitor35.txt",2025-12-13T10:00:00Z,2025-12-19T10:30:00Z,"OK","M","DGRP390","21.5C","Winter","NA","08:12","M35","Batch19_DGRP",0.581645642865409,837.569725726189,0.437695244706699,210.093717459216,0.653645833333333,627.5,720,660,58860,0.493407356002776,710.506592643997,0.413721413721414,198.586278586279,0.533333333333333,512,2100,840,35100,0.507980569049271,731.492019430951,0.286902286902287,137.713097713098,0.61875,594,1620,600,60540,0.485773768216516,699.514226231784,0.291060291060291,139.70893970894,0.583333333333333,560,1140,360,53160,0.617626648160999,889.382373351839,0.490644490644491,235.509355509356,0.68125,654,1200,3660,53640,0.692574600971548,997.307425399029,0.646569646569647,310.35343035343,0.715625,687,420,360,29280,0.691880638445524,996.308119361555,0.496881496881497,238.503118503119,0.789583333333333,758,25.1666666666667,19.7350993377483,33.5,27.5671641791045
"2025-12-13 10:00:00|Monitor35.txt|30",30,"2025-12-13 10:00:00|Monitor35.txt",2025-12-13T10:00:00Z,2025-12-19T10:30:00Z,"OK","M","DGRP390","21.5C","Winter","NA","08:12","M35","Batch19_DGRP",0.534891794931142,770.244184700845,0.28115237764665,134.953141270392,0.661805555555556,635.333333333333,0,540,34140,0.704371963913949,1014.29562803609,0.625779625779626,300.37422037422,0.74375,714,0,420,37320,0.551700208188758,794.448299791811,0.313929313929314,150.686070686071,0.670833333333333,644,5340,600,53880,0.495489243580847,713.504510756419,0.187110187110187,89.8128898128898,0.65,624,1920,720,57540,0.496877168632894,715.503122831367,0.187110187110187,89.8128898128898,0.652083333333333,626,11400,360,56220,0.465648854961832,670.534351145038,0.226611226611227,108.773388773389,0.585416666666667,562,8100,480,32160,0.4941013185288,711.505898681471,0.145530145530146,69.8544698544699,0.66875,642,25.3333333333333,15.9078947368421,50.8333333333333,19.7540983606557
"2025-12-13 10:00:00|Monitor35.txt|31",31,"2025-12-13 10:00:00|Monitor35.txt",2025-12-13T10:00:00Z,2025-12-19T10:30:00Z,"OK","M","DGRP390","21.5C","Winter","NA","08:12","M35","Batch19_DGRP",0.50086795509779,721.249855340817,0.348490107601527,167.275251648733,0.577083333333333,554,2940,360,38940,0.294934073560028,424.70506592644,0.166320166320166,79.8336798336798,0.359375,345,540,360,33240,0.510756419153366,735.489243580847,0.37006237006237,177.629937629938,0.58125,558,180,960,60600,0.532963219986121,767.467036780014,0.365904365904366,175.634095634096,0.616666666666667,592,780,540,57120,0.534351145038168,769.465648854962,0.382536382536383,183.617463617464,0.610416666666667,586,3780,720,61200,0.58501040943789,842.414989590562,0.446985446985447,214.553014553015,0.654166666666667,628,480,420,62520,0.547536433032616,788.452463566967,0.361746361746362,173.638253638254,0.640625,615,34.1666666666667,14.7268292682927,40,22.5958333333333
