117946	11 Oct 25	09:50:00	1	0	60	0	Ct	0	0	0	5	2	34	0	0	0	10	0	7	2	3	2	2	4	1	1	0	3	0	1	2	0	0	3	4	0	2	0	0	0	4
117947	11 Oct 25	09:51:00	1	0	60	0	Ct	0	0	0	2	2	14	0	2	2	1	0	17	3	10	4	0	3	1	1	0	2	5	6	1	0	0	0	3	0	3	0	0	0	0
117948	11 Oct 25	09:52:00	1	0	60	0	Ct	0	0	0	6	3	2	0	0	2	0	0	2	3	6	0	0	1	1	2	0	4	10	5	2	0	0	2	4	0	3	1	0	0	1
117949	11 Oct 25	09:53:00	1	0	60	0	Ct	0	0	0	3	2	1	1	0	1	0	0	0	6	0	0	0	0	0	2	0	4	17	0	0	0	0	0	2	0	4	1	0	0	1
117950	11 Oct 25	09:54:00	1	0	60	0	Ct	0	0	0	2	1	3	0	0	1	0	0	0	0	0	0	0	0	0	1	0	2	11	1	1	0	3	1	1	0	0	3	0	0	1
117951	11 Oct 25	09:55:00	1	0	60	0	Ct	0	0	0	5	1	2	0	2	2	1	0	0	3	3	0	0	0	3	1	0	4	0	3	2	0	3	3	2	0	0	0	0	0	9
117952	11 Oct 25	09:56:00	1	0	60	0	Ct	0	0	0	5	1	2	0	2	3	2	0	0	0	1	0	0	7	3	3	0	2	1	1	0	0	1	2	4	0	0	0	0	3	1
117953	11 Oct 25	09:57:00	1	0	60	0	Ct	0	0	0	4	1	4	1	1	18	2	0	0	0	1	0	0	0	4	2	0	4	5	2	2	0	3	0	2	0	2	0	0	3	0
117954	11 Oct 25	09:58:00	1	0	60	0	Ct	0	0	0	3	3	0	0	1	1	1	0	0	0	6	0	0	4	4	0	0	2	1	5	1	0	2	9	4	0	7	0	0	0	1
117955	11 Oct 25	09:59:00	1	0	60	0	Ct	0	0	0	1	1	2	1	0	1	1	0	0	0	5	0	0	8	0	0	0	2	2	1	3	0	2	1	2	0	0	0	0	2	3
117956	11 Oct 25	10:00:00	1	0	60	0	Ct	0	0	0	2	0	0	2	1	1	3	0	3	0	2	0	0	0	0	3	0	0	1	2	1	0	1	2	4	0	2	0	0	2	2
117957	11 Oct 25	10:01:00	1	0	60	0	Ct	0	0	0	2	1	6	2	1	2	3	0	4	2	0	0	0	0	2	0	0	5	0	2	0	0	1	0	2	2	1	0	0	2	8
117958	11 Oct 25	10:02:00	1	0	60	0	Ct	0	0	0	2	1	2	3	0	0	2	0	3	3	4	0	0	0	2	0	0	3	2	2	2	0	1	2	2	0	0	1	0	2	3
117959	11 Oct 25	10:03:00	1	0	60	0	Ct	0	0	0	3	1	0	2	3	2	3	0	2	3	1	0	0	0	3	0	0	2	0	3	10	0	3	2	3	0	1	2	0	3	2
117960	11 Oct 25	10:04:00	1	0	60	0	Ct	0	0	0	2	1	7	2	0	2	1	0	3	2	0	0	0	0	2	1	0	2	0	2	1	0	4	1	3	0	1	1	0	1	0
117961	11 Oct 25	10:05:00	1	0	60	0	Ct	0	0	0	3	2	0	2	2	2	2	0	2	3	2	0	0	0	0	1	0	1	6	4	5	0	0	1	1	0	0	3	0	2	2
117962	11 Oct 25	10:06:00	1	0	60	0	Ct	0	0	0	0	3	0	1	0	2	2	0	3	1	2	0	0	0	2	0	0	1	0	2	8	0	3	1	4	0	1	1	0	1	1
117963	11 Oct 25	10:07:00	1	0	60	0	Ct	0	1	0	2	1	3	2	2	2	2	0	2	0	3	1	2	15	2	1	0	2	1	0	0	2	1	0	1	3	0	5	6	2	3
117964	11 Oct 25	10:08:00	1	0	60	0	Ct	0	1	0	3	3	1	3	2	1	1	0	2	4	0	0	1	0	4	1	0	2	0	3	0	26	2	0	2	0	7	2	2	4	3
117965	11 Oct 25	10:09:00	1	0	60	0	Ct	0	1	0	1	3	1	0	2	2	2	0	1	0	6	0	0	0	1	1	0	2	3	1	0	0	1	0	1	0	0	0	0	2	2
117966	11 Oct 25	10:10:00	1	0	60	0	Ct	0	1	0	1	2	0	2	0	1	1	0	2	0	1	0	1	2	2	0	0	1	0	2	0	7	0	0	1	0	1	1	1	1	1
117967	11 Oct 25	10:11:00	1	0	60	0	Ct	0	1	0	2	2	2	2	0	0	2	0	0	1	1	0	4	0	1	1	0	2	0	0	0	2	1	0	3	0	1	0	0	4	1
117968	11 Oct 25	10:12:00	1	0	60	0	Ct	0	1	0	3	1	1	0	0	0	0	0	0	0	1	0	0	9	1	0	0	0	0	2	2	0	3	0	3	0	2	2	0	4	1
117969	11 Oct 25	10:13:00	1	0	60	0	Ct	0	1	0	1	6	1	0	1	0	3	0	1	0	1	0	0	0	3	2	0	0	1	2	1	0	2	0	2	0	1	0	0	1	1
117970	11 Oct 25	10:14:00	1	0	60	0	Ct	0	1	0	1	2	14	0	1	0	1	0	0	2	2	0	0	0	1	1	0	0	3	4	0	0	0	0	1	0	0	0	2	3	0
117971	11 Oct 25	10:15:00	1	0	60	0	Ct	0	1	0	0	0	6	3	0	0	2	0	0	0	0	0	0	5	3	0	0	0	0	3	0	0	0	0	0	0	0	0	0	0	0
117972	11 Oct 25	10:16:00	1	0	60	0	Ct	0	1	0	0	0	2	2	0	4	1	0	0	0	0	0	0	0	3	0	0	0	0	3	1	0	0	0	0	0	0	0	2	0	0
117973	11 Oct 25	10:17:00	1	0	60	0	Ct	0	1	0	0	2	0	2	0	0	1	0	0	0	0	0	0	0	2	0	0	0	2	3	5	0	0	0	2	0	0	0	4	0	0
117974	11 Oct 25	10:18:00	1	0	60	0	Ct	0	1	0	0	0	0	0	0	2	0	0	0	0	0	0	0	0	0	0	0	0	9	3	0	0	0	0	3	0	0	0	2	0	0
117975	11 Oct 25	10:19:00	1	0	60	0	Ct	0	1	0	0	2	5	0	0	0	0	0	0	0	4	0	0	4	0	1	0	0	0	0	0	0	1	0	2	0	0	0	1	2	0
117976	11 Oct 25	10:20:00	1	0	60	0	Ct	0	1	0	0	2	10	4	0	3	0	0	1	0	0	0	0	7	1	5	0	0	0	0	3	0	6	0	4	0	0	0	0	1	2
117977	11 Oct 25	10:21:00	1	0	60	0	Ct	0	1	0	0	1	2	2	1	2	0	0	2	0	0	0	0	3	0	0	0	0	0	2	1	0	0	0	2	0	0	0	0	1	3
117978	11 Oct 25	10:22:00	1	0	60	0	Ct	0	1	0	0	1	1	2	1	0	0	0	1	0	0	0	0	3	0	0	0	0	0	3	1	0	3	0	0	2	0	0	1	0	0
117979	11 Oct 25	10:23:00	1	0	60	0	Ct	0	1	0	0	0	0	2	0	0	0	0	1	0	0	0	0	3	1	0	0	0	2	2	1	0	0	0	0	5	0	0	1	0	0
117980	11 Oct 25	10:24:00	1	0	60	0	Ct	0	1	1	0	0	0	1	0	0	1	0	0	0	0	0	0	0	0	1	0	0	10	2	0	0	0	0	0	1	2	0	5	0	0
117981	11 Oct 25	10:25:00	1	0	60	0	Ct	0	1	0	0	2	1	0	3	1	2	0	1	0	3	1	0	0	0	2	0	4	11	2	0	0	0	0	2	0	0	0	19	2	0
117982	11 Oct 25	10:26:00	1	0	60	0	Ct	0	1	6	0	3	2	2	0	1	1	0	0	0	1	0	0	0	2	2	0	0	0	0	1	0	0	0	0	0	0	0	1	0	0
117983	11 Oct 25	10:27:00	1	0	60	0	Ct	0	1	0	0	0	2	0	0	1	0	0	1	4	2	0	0	0	2	3	0	0	0	0	3	0	0	0	3	0	0	0	0	0	0
117984	11 Oct 25	10:28:00	1	0	60	0	Ct	0	1	1	0	0	1	0	0	1	0	0	2	0	2	0	0	2	0	1	0	0	0	2	2	0	0	0	2	0	0	0	0	0	4
117985	11 Oct 25	10:29:00	1	0	60	0	Ct	0	1	1	0	0	3	1	0	1	0	0	5	4	1	0	0	6	3	2	0	0	0	0	3	0	0	5	5	0	0	0	0	3	1
117986	11 Oct 25	10:30:00	1	0	60	0	Ct	0	1	0	0	2	1	1	0	2	0	0	2	0	3	0	0	8	0	2	0	0	0	0	1	0	0	1	3	0	0	0	0	0	3
117987	11 Oct 25	10:31:00	1	0	60	0	Ct	0	1	0	0	2	0	6	0	1	0	0	2	0	0	0	2	0	2	7	0	0	0	3	3	0	0	0	0	1	0	0	0	0	0
117988	11 Oct 25	10:32:00	1	0	60	0	Ct	0	1	0	0	3	2	0	0	1	0	0	2	0	2	0	1	1	1	2	0	0	0	5	2	0	0	0	3	1	0	0	0	0	7
117989	11 Oct 25	10:33:00	1	0	60	0	Ct	0	1	0	0	3	1	0	3	1	0	0	2	0	1	0	1	3	2	2	0	0	0	3	1	0	6	0	1	3	0	0	1	0	7
117990	11 Oct 25	10:34:00	1	0	60	0	Ct	0	1	0	0	1	0	2	1	1	0	0	1	0	1	0	1	0	0	2	0	0	1	3	2	0	0	0	1	4	0	0	2	0	4
117991	11 Oct 25	10:35:00	1	0	60	0	Ct	0	1	0	0	1	0	2	1	2	3	0	2	0	0	0	1	0	2	1	0	0	1	2	0	0	0	0	2	0	0	0	0	0	0
117992	11 Oct 25	10:36:00	1	0	60	0	Ct	0	1	0	0	2	0	1	1	2	3	0	1	0	0	0	1	0	3	1	0	0	0	2	0	0	0	0	5	0	0	0	0	0	2
117993	11 Oct 25	10:37:00	1	0	60	0	Ct	0	1	0	0	0	0	0	0	0	0	0	3	0	0	0	1	8	2	3	0	0	0	3	1	0	0	0	0	0	1	0	2	0	0
117994	11 Oct 25	10:38:00	1	0	60	0	Ct	0	1	0	1	4	1	0	0	2	1	0	0	0	0	0	1	0	2	3	0	0	2	3	1	0	0	0	0	0	2	0	0	0	0
117995	11 Oct 25	10:39:00	1	0	60	0	Ct	0	1	0	0	0	0	0	12	0	1	0	0	0	1	0	1	1	1	1	0	0	0	2	13	0	0	0	0	0	0	0	0	0	0
117996	11 Oct 25	10:40:00	1	0	60	0	Ct	0	1	0	1	1	0	0	12	0	1	0	0	0	0	0	1	0	4	2	0	0	1	1	0	0	0	0	0	0	0	0	0	0	0
117997	11 Oct 25	10:41:00	1	0	60	0	Ct	0	1	0	0	2	0	0	9	0	2	0	0	0	2	0	0	0	0	2	0	0	0	2	0	0	0	0	0	0	0	0	0	2	0
117998	11 Oct 25	10:42:00	1	0	60	0	Ct	0	1	0	0	2	1	0	5	0	2	0	0	0	0	0	0	1	0	1	0	0	0	4	1	0	0	0	0	0	0	0	5	2	0
117999	11 Oct 25	10:43:00	1	0	60	0	Ct	0	1	1	0	1	2	0	12	0	2	0	0	0	0	0	2	1	0	7	0	0	0	0	1	0	0	0	0	0	0	0	1	2	0
118000	11 Oct 25	10:44:00	1	0	60	0	Ct	0	1	1	0	0	4	0	21	0	1	0	1	0	2	0	0	1	1	0	0	0	0	3	0	0	0	0	0	0	0	0	0	0	0
118001	11 Oct 25	10:45:00	1	0	60	0	Ct	0	1	1	1	1	4	2	0	0	0	0	0	0	0	0	2	1	0	2	0	0	3	2	3	0	0	0	0	0	0	0	2	0	0
118002	11 Oct 25	10:46:00	1	0	60	0	Ct	0	1	2	0	2	1	0	0	0	1	0	2	2	0	0	13	4	0	2	0	0	0	0	1	0	0	0	0	0	0	0	0	2	0
118003	11 Oct 25	10:47:00	1	0	60	0	Ct	0	1	0	0	2	1	2	0	0	1	0	3	0	1	0	8	2	1	2	0	0	0	0	0	0	0	0	0	0	0	0	0	0	0
118004	11 Oct 25	10:48:00	1	0	60	0	Ct	0	1	1	0	0	2	0	0	0	2	0	1	0	1	0	0	0	1	3	0	0	0	2	1	0	0	0	0	0	0	0	1	0	0
118005	11 Oct 25	10:49:00	1	0	60	0	Ct	0	1	1	0	3	1	0	0	0	2	0	1	2	1	0	1	0	1	2	0	0	0	3	0	0	0	0	0	0	0	0	4	0	0
118006	11 Oct 25	10:50:00	1	0	60	0	Ct	0	1	8	0	1	1	0	0	0	2	0	0	0	0	0	4	0	4	1	0	0	0	2	1	0	0	0	0	0	0	0	2	0	0
118007	11 Oct 25	10:51:00	1	0	60	0	Ct	0	1	1	0	0	3	0	0	2	0	0	0	0	0	0	0	8	1	0	0	0	0	2	0	0	0	0	0	0	0	0	0	0	0
118008	11 Oct 25	10:52:00	1	0	60	0	Ct	0	1	10	0	0	0	1	0	0	2	0	2	0	3	0	0	0	4	1	0	0	0	2	1	0	0	0	0	0	0	0	0	0	0
118009	11 Oct 25	10:53:00	1	0	60	0	Ct	0	1	6	3	2	2	1	0	3	0	0	2	1	2	0	0	3	1	2	0	0	0	0	0	0	0	0	0	0	0	0	1	0	0
118010	11 Oct 25	10:54:00	1	0	60	0	Ct	0	1	1	2	0	0	0	0	1	0	0	2	0	0	0	0	2	1	1	0	0	0	0	1	0	0	0	0	0	0	0	0	0	0
118011	11 Oct 25	10:55:00	1	0	60	0	Ct	0	1	2	0	0	8	1	0	1	0	0	1	1	0	0	0	5	0	0	0	0	0	2	0	0	0	0	0	0	0	0	0	0	0
118012	11 Oct 25	10:56:00	1	0	60	0	Ct	0	1	1	0	1	2	2	0	2	2	0	0	0	8	0	0	0	1	1	0	0	0	0	2	0	0	0	0	0	0	0	0	0	0
118013	11 Oct 25	10:57:00	1	0	60	0	Ct	0	1	3	0	3	0	0	0	1	1	0	0	0	1	0	0	0	2	1	0	0	0	2	8	0	0	0	0	0	0	0	0	0	0
118014	11 Oct 25	10:58:00	1	0	60	0	Ct	0	1	2	0	4	1	0	0	2	1	0	0	0	3	0	0	0	1	2	0	0	0	0	30	0	0	0	0	0	0	0	0	0	0
118015	11 Oct 25	10:59:00	1	0	60	0	Ct	0	1	2	0	2	2	0	0	0	1	0	1	0	1	0	0	1	0	2	0	0	0	0	2	0	0	0	0	0	0	0	1	0	0
118016	11 Oct 25	11:00:00	1	0	60	0	Ct	0	1	2	0	2	0	0	0	1	0	0	2	0	9	0	0	0	0	2	0	0	0	0	0	0	0	0	0	0	0	0	3	0	0
118017	11 Oct 25	11:01:00	1	0	60	0	Ct	0	1	1	0	2	2	0	0	1	0	0	1	0	23	0	0	1	0	1	0	0	0	0	6	0	0	0	0	0	0	0	2	0	0
118018	11 Oct 25	11:02:00	1	0	60	0	Ct	0	1	0	0	2	4	0	0	9	0	0	1	0	4	0	0	4	2	4	0	0	0	0	5	0	0	0	0	0	0	0	0	0	0
118019	11 Oct 25	11:03:00	1	0	60	0	Ct	0	1	2	0	1	1	1	0	0	0	0	2	0	0	0	1	0	0	1	0	0	0	0	1	0	0	0	0	0	0	0	5	0	0
118020	11 Oct 25	11:04:00	1	0	60	0	Ct	0	1	3	0	3	2	2	0	1	1	0	2	0	1	0	1	0	0	0	0	0	0	0	16	0	0	0	0	0	0	0	1	0	0
118021	11 Oct 25	11:05:00	1	0	60	0	Ct	0	1	1	0	1	0	3	0	1	3	0	1	0	3	0	0	0	2	1	0	0	0	2	8	0	0	0	0	0	0	0	0	2	0
118022	11 Oct 25	11:06:00	1	0	60	0	Ct	0	1	3	0	2	0	3	0	1	0	0	2	0	0	0	1	0	4	1	0	0	0	2	0	0	0	0	0	0	0	0	0	0	0
118023	11 Oct 25	11:07:00	1	0	60	0	Ct	0	1	0	0	1	0	1	0	1	0	0	2	0	1	0	1	0	2	1	0	0	0	2	0	0	0	0	0	0	0	0	0	0	0
118024	11 Oct 25	11:08:00	1	0	60	0	Ct	0	1	0	0	0	0	4	1	0	0	0	0	0	2	0	0	0	0	1	0	0	0	0	1	0	0	0	0	0	0	0	0	0	0
118025	11 Oct 25	11:09:00	1	0	60	0	Ct	0	1	0	0	0	0	4	0	0	0	0	0	1	1	0	0	0	2	1	0	0	0	2	3	0	0	0	0	0	0	0	0	0	0
118026	11 Oct 25	11:10:00	1	0	60	0	Ct	0	1	0	1	1	0	1	0	0	0	0	0	1	0	0	0	0	2	2	0	0	0	0	0	0	0	0	0	0	0	0	0	0	0
118027	11 Oct 25	11:11:00	1	0	60	0	Ct	0	1	1	0	2	0	1	0	0	0	0	0	0	0	0	0	0	2	1	0	0	0	0	0	0	0	0	0	0	0	0	0	0	0
118028	11 Oct 25	11:12:00	1	0	60	0	Ct	0	1	9	0	6	0	3	0	0	0	0	3	0	0	0	0	0	3	2	0	0	0	0	0	0	0	0	0	0	0	0	0	0	0
118029	11 Oct 25	11:13:00	1	0	60	0	Ct	0	1	0	0	1	0	0	0	0	1	0	3	0	2	0	0	0	6	3	0	0	0	0	2	0	0	0	0	0	0	0	0	0	0
118030	11 Oct 25	11:14:00	1	0	60	0	Ct	0	1	0	0	2	0	1	0	0	2	0	2	2	0	0	0	4	0	2	0	0	0	1	2	0	0	0	0	0	0	0	0	1	0
118031	11 Oct 25	11:15:00	1	0	60	0	Ct	0	1	0	0	2	3	0	0	0	1	0	0	0	0	0	0	1	2	1	0	0	0	4	0	0	0	0	0	0	0	0	0	1	0
118032	11 Oct 25	11:16:00	1	0	60	0	Ct	0	1	1	0	1	0	2	0	0	0	0	2	0	3	0	0	2	3	2	0	0	0	0	8	0	0	0	0	0	0	0	1	0	0
118033	11 Oct 25	11:17:00	1	0	60	0	Ct	0	1	0	0	2	0	2	0	0	0	0	4	0	1	0	0	0	2	1	0	0	0	1	0	0	0	0	0	0	0	0	0	0	0
118034	11 Oct 25	11:18:00	1	0	60	0	Ct	0	1	0	0	0	4	0	0	0	0	0	1	0	1	0	0	0	1	4	0	0	0	1	1	0	0	0	0	0	0	0	0	0	0
118035	11 Oct 25	11:19:00	1	0	60	0	Ct	0	1	0	0	2	0	0	0	0	0	0	1	0	2	0	0	5	4	5	0	0	0	0	0	0	0	0	0	0	0	0	0	0	0
118036	11 Oct 25	11:20:00	1	0	60	0	Ct	0	1	0	0	1	0	2	0	0	2	0	4	0	2	0	0	3	0	2	0	0	0	2	0	0	0	0	0	0	0	0	0	0	0
118037	11 Oct 25	11:21:00	1	0	60	0	Ct	0	1	0	0	2	0	1	0	0	0	0	0	0	3	0	0	6	2	3	0	0	0	2	0	0	1	0	0	0	0	0	0	0	0
118038	11 Oct 25	11:22:00	1	0	60	0	Ct	0	1	1	0	3	8	1	0	0	0	0	0	0	1	0	0	0	0	2	0	0	0	2	0	0	2	0	0	0	0	0	0	0	0
118039	11 Oct 25	11:23:00	1	0	60	0	Ct	0	1	1	0	1	4	19	0	0	0	0	0	0	0	0	0	0	1	2	0	0	0	2	1	0	0	0	0	0	0	0	0	0	0
118040	11 Oct 25	11:24:00	1	0	60	0	Ct	0	1	2	0	1	2	0	0	0	0	0	2	0	2	0	0	0	2	1	0	0	0	0	1	0	0	0	0	0	0	0	0	0	0
118041	11 Oct 25	11:25:00	1	0	60	0	Ct	0	1	1	0	1	4	2	0	2	0	0	2	1	1	0	0	0	1	1	0	0	0	2	5	3	0	0	0	0	0	0	0	0	0
118042	11 Oct 25	11:26:00	1	0	60	0	Ct	0	1	2	0	1	3	0	0	1	0	0	2	0	2	0	0	0	0	0	0	0	0	0	0	0	0	0	0	0	1	0	0	0	0
118043	11 Oct 25	11:27:00	1	0	60	0	Ct	0	1	0	0	0	0	0	0	1	1	0	2	0	0	0	0	0	0	2	0	0	0	0	1	4	0	0	0	0	6	0	0	0	0
118044	11 Oct 25	11:28:00	1	0	60	0	Ct	0	1	2	0	0	0	4	0	0	2	0	1	0	0	0	3	0	4	2	0	0	0	0	1	0	0	0	0	2	1	0	0	0	0
118045	11 Oct 25	11:29:00	1	0	60	0	Ct	0	1	1	0	2	3	0	0	0	0	0	3	0	0	0	0	0	3	1	0	0	0	3	1	2	0	0	0	2	0	0	0	0	0
118046	11 Oct 25	11:30:00	1	0	60	0	Ct	0	1	1	0	2	7	1	0	0	0	0	1	0	11	0	0	0	1	1	0	3	0	0	0	1	1	0	0	1	0	0	0	0	0
118047	11 Oct 25	11:31:00	1	0	60	0	Ct	0	1	1	0	3	5	1	0	1	0	0	3	0	0	0	1	0	3	0	0	0	0	2	0	0	2	0	0	0	0	0	0	0	0
118048	11 Oct 25	11:32:00	1	0	60	0	Ct	0	1	0	0	2	3	0	0	0	0	0	0	0	0	0	1	0	2	0	0	0	0	3	1	1	0	0	0	0	0	0	4	0	0
118049	11 Oct 25	11:33:00	1	0	60	0	Ct	0	1	3	0	2	0	2	0	0	0	0	2	0	1	0	0	0	2	1	0	0	0	1	2	0	0	0	0	2	0	0	3	0	0
118050	11 Oct 25	11:34:00	1	0	60	0	Ct	0	1	1	0	2	1	0	0	0	0	0	2	0	0	0	4	0	2	0	0	0	0	2	2	0	0	0	0	2	1	0	2	0	0
118051	11 Oct 25	11:35:00	1	0	60	0	Ct	0	1	0	0	3	2	0	0	0	0	0	4	0	1	0	0	0	1	5	0	0	0	0	3	0	0	0	0	3	0	0	0	0	0
118052	11 Oct 25	11:36:00	1	0	60	0	Ct	0	1	4	0	0	6	0	0	0	0	0	3	0	5	0	0	0	1	0	0	0	0	0	1	0	0	0	0	4	0	0	0	0	0
118053	11 Oct 25	11:37:00	1	0	60	0	Ct	0	1	1	0	1	0	0	0	0	0	0	7	0	1	0	0	0	2	0	0	0	0	0	1	0	0	0	0	1	0	0	0	0	0
118054	11 Oct 25	11:38:00	1	0	60	0	Ct	0	1	0	0	0	1	0	0	0	0	0	0	0	0	0	0	0	0	0	0	0	1	1	1	0	0	0	0	2	0	0	0	0	0
118055	11 Oct 25	11:39:00	1	0	60	0	Ct	0	1	5	0	1	2	0	0	0	0	0	3	0	2	0	0	0	0	0	0	0	1	1	0	0	0	0	0	2	0	0	0	0	0
118056	11 Oct 25	11:40:00	1	0	60	0	Ct	0	1	1	0	1	2	0	0	0	0	0	3	0	0	0	0	0	2	0	0	0	1	0	0	0	0	0	0	0	0	0	0	0	0
118057	11 Oct 25	11:41:00	1	0	60	0	Ct	0	1	1	0	1	3	0	0	0	0	0	3	0	0	0	1	0	2	0	0	0	6	0	0	0	1	0	0	2	0	0	0	0	0
118058	11 Oct 25	11:42:00	1	0	60	0	Ct	0	1	1	0	2	0	0	0	0	0	0	3	0	0	0	1	0	2	0	0	0	1	2	0	0	1	0	0	1	0	0	0	0	0
118059	11 Oct 25	11:43:00	1	0	60	0	Ct	0	1	1	0	2	2	0	0	0	0	0	16	0	0	0	0	0	0	2	0	0	1	0	1	0	0	0	0	3	0	0	0	0	0
118060	11 Oct 25	11:44:00	1	0	60	0	Ct	0	1	0	0	2	0	0	0	0	0	0	18	0	0	0	0	0	1	0	0	0	0	2	4	0	0	0	0	1	0	0	0	0	0
118061	11 Oct 25	11:45:00	1	0	60	0	Ct	0	1	3	0	2	7	0	0	0	1	0	0	0	0	0	0	0	3	0	0	0	0	3	0	0	0	0	0	2	0	0	0	0	0
118062	11 Oct 25	11:46:00	1	0	60	0	Ct	0	1	0	0	1	3	0	0	0	1	0	0	0	0	0	0	0	0	0	0	0	0	2	2	0	0	0	0	1	0	0	0	0	0
118063	11 Oct 25	11:47:00	1	0	60	0	Ct	0	1	12	0	3	4	0	0	0	1	0	0	0	0	0	0	0	1	0	0	0	0	2	2	0	0	0	0	0	2	0	0	0	0
118064	11 Oct 25	11:48:00	1	0	60	0	Ct	0	1	1	0	0	0	0	0	0	0	0	7	0	0	0	0	0	7	0	0	0	0	3	2	0	0	0	0	0	0	0	0	0	0
118065	11 Oct 25	11:49:00	1	0	60	0	Ct	0	1	0	0	0	0	0	0	0	0	0	7	0	0	0	0	0	2	0	0	0	0	3	1	0	0	0	0	0	0	0	0	0	0
118066	11 Oct 25	11:50:00	1	0	60	0	Ct	0	1	8	0	2	3	2	0	0	1	0	0	0	3	0	0	0	3	0	0	0	0	0	4	0	0	0	0	1	0	0	0	0	0
118067	11 Oct 25	11:51:00	1	0	60	0	Ct	0	1	0	0	2	2	0	0	0	1	0	0	0	0	0	0	0	0	0	0	0	0	2	0	0	0	0	0	3	0	0	3	0	0
118068	11 Oct 25	11:52:00	1	0	60	0	Ct	0	1	0	0	2	0	2	0	0	0	0	0	0	1	0	0	1	1	0	0	0	0	2	2	0	0	0	0	1	0	0	0	0	0
118069	11 Oct 25	11:53:00	1	0	60	0	Ct	0	1	1	0	2	3	1	0	0	0	0	0	0	2	0	0	0	1	0	0	0	1	0	1	0	0	0	0	1	4	0	0	0	0
118070	11 Oct 25	11:54:00	1	0	60	0	Ct	0	1	1	0	1	3	1	0	0	0	0	0	0	0	0	0	0	2	0	0	0	2	0	2	0	0	0	0	1	0	0	0	0	0
118071	11 Oct 25	11:55:00	1	0	60	0	Ct	0	1	9	0	2	0	2	0	0	0	0	0	0	1	0	0	0	2	0	0	0	0	0	2	0	0	0	0	2	0	0	1	0	0
118072	11 Oct 25	11:56:00	1	0	60	0	Ct	0	1	0	0	3	0	2	0	0	0	0	0	0	0	0	0	0	1	0	0	0	6	0	3	0	0	0	0	0	0	0	0	0	0
118073	11 Oct 25	11:57:00	1	0	60	0	Ct	0	1	1	0	3	0	0	0	0	0	0	0	0	0	0	0	0	3	0	0	0	0	0	0	0	0	0	0	0	0	0	0	0	0
118074	11 Oct 25	11:58:00	1	0	60	0	Ct	0	1	9	0	2	0	3	0	0	0	0	0	0	0	0	0	0	0	0	0	0	13	0	3	0	0	0	0	0	0	0	1	0	0
118075	11 Oct 25	11:59:00	1	0	60	0	Ct	0	1	1	0	1	0	4	0	0	2	0	0	0	0	0	0	0	0	0	0	0	3	0	1	0	0	0	0	0	0	0	1	0	0
118076	11 Oct 25	12:00:00	1	0	60	0	Ct	0	1	1	0	0	0	2	0	0	0	0	0	0	0	0	0	0	0	0	0	0	0	0	2	0	0	0	0	0	0	0	0	3	0
118077	11 Oct 25	12:01:00	1	0	60	0	Ct	0	1	1	0	0	0	4	0	0	0	0	0	0	0	0	0	0	0	0	0	0	1	2	2	0	0	0	0	0	2	0	0	1	0
118078	11 Oct 25	12:02:00	1	0	60	0	Ct	0	1	1	0	0	0	0	0	0	0	0	0	0	0	0	0	0	0	0	0	0	10	1	0	0	0	0	0	0	0	1	0	0	0
118079	11 Oct 25	12:03:00	1	0	60	0	Ct	0	1	8	0	0	0	0	0	0	0	0	0	0	0	0	0	0	0	0	0	0	0	0	15	0	0	0	0	0	0	0	0	0	0
118080	11 Oct 25	12:04:00	1	0	60	0	Ct	0	1	0	0	2	0	0	0	0	1	0	0	0	0	0	0	0	0	0	0	0	0	0	1	0	0	0	0	0	0	0	5	0	0
118081	11 Oct 25	12:05:00	1	0	60	0	Ct	0	1	0	0	0	0	0	0	0	0	0	0	0	0	0	0	0	0	0	0	0	0	2	0	0	0	0	0	0	0	0	17	0	0
118082	11 Oct 25	12:06:00	1	0	60	0	Ct	0	1	0	0	0	0	1	0	0	0	0	0	0	0	0	0	0	0	0	0	0	0	2	1	0	0	0	0	1	0	0	7	0	0
118083	11 Oct 25	12:07:00	1	0	60	0	Ct	0	1	0	0	0	0	1	0	0	0	0	0	0	3	0	0	0	1	0	0	0	3	2	2	0	0	0	0	1	0	0	0	0	0
118084	11 Oct 25	12:08:00	1	0	60	0	Ct	0	1	0	0	0	0	4	0	0	0	0	0	0	0	0	0	0	0	0	0	0	1	0	1	0	0	0	0	2	0	0	0	0	0
118085	11 Oct 25	12:09:00	1	0	60	0	Ct	0	1	0	0	0	0	2	0	0	0	0	0	0	1	0	0	0	0	0	0	0	10	2	0	0	0	0	0	0	0	0	0	0	0
118086	11 Oct 25	12:10:00	1	0	60	0	Ct	0	1	0	0	0	2	3	0	0	0	0	0	0	1	0	0	0	0	0	0	0	2	3	0	0	0	0	0	2	0	1	0	0	0
118087	11 Oct 25	12:11:00	1	0	60	0	Ct	0	1	0	0	0	2	4	0	0	0	0	0	0	2	0	0	0	0	0	0	0	0	0	0	0	0	0	0	2	0	0	0	0	0
118088	11 Oct 25	12:12:00	1	0	60	0	Ct	0	1	0	0	0	0	0	0	0	0	0	0	0	1	0	0	0	0	0	0	0	0	1	5	0	0	0	0	1	0	15	1	0	0
118089	11 Oct 25	12:13:00	1	0	60	0	Ct	0	1	0	0	0	0	0	0	0	0	0	0	0	1	0	0	0	0	0	0	0	0	1	2	0	0	0	0	5	0	0	0	0	0
118090	11 Oct 25	12:14:00	1	0	60	0	Ct	0	1	0	0	0	0	2	0	0	0	0	0	0	1	0	0	0	1	0	0	0	0	0	2	0	0	0	0	16	0	0	0	0	0
118091	11 Oct 25	12:15:00	1	0	60	0	Ct	0	1	0	0	0	2	0	0	0	0	0	0	0	0	0	0	0	2	0	0	0	0	0	0	0	0	0	0	7	0	0	0	0	0
118092	11 Oct 25	12:16:00	1	0	60	0	Ct	0	1	0	0	0	1	0	0	0	0	0	0	0	1	0	0	0	3	1	0	0	0	2	2	0	0	0	0	10	0	0	0	0	0
118093	11 Oct 25	12:17:00	1	0	60	0	Ct	0	1	0	0	2	0	1	0	0	0	0	0	0	2	0	0	0	3	1	0	0	0	0	2	0	0	0	0	10	1	0	14	0	0
118094	11 Oct 25	12:18:00	1	0	60	0	Ct	0	1	0	0	2	0	1	0	0	0	0	0	0	5	0	0	0	1	1	0	0	0	2	0	0	0	0	0	18	0	0	0	0	0
118095	11 Oct 25	12:19:00	1	0	60	0	Ct	0	1	0	0	2	3	0	0	1	0	0	0	0	0	0	0	0	2	0	0	0	0	0	1	0	0	0	0	0	0	0	0	0	0
118096	11 Oct 25	12:20:00	1	0	60	0	Ct	0	1	0	0	2	2	0	0	0	0	0	2	0	0	0	0	0	2	0	0	0	0	0	2	0	0	0	0	0	0	0	0	0	0
118097	11 Oct 25	12:21:00	1	0	60	0	Ct	0	1	0	0	0	0	0	0	0	0	0	2	0	0	0	0	0	1	0	0	0	0	0	1	0	0	0	0	1	0	0	0	0	0
118098	11 Oct 25	12:22:00	1	0	60	0	Ct	0	1	0	0	0	1	0	0	0	0	0	0	0	2	0	0	0	1	0	0	0	0	0	1	0	0	0	0	0	0	0	0	0	0
118099	11 Oct 25	12:23:00	1	0	60	0	Ct	0	1	0	0	0	5	0	0	2	0	0	2	0	1	0	0	0	3	0	0	0	0	2	0	0	0	0	0	2	0	0	0	0	0
118100	11 Oct 25	12:24:00	1	0	60	0	Ct	0	1	0	0	2	1	0	0	0	0	0	0	0	0	0	0	0	0	0	0	0	0	2	0	0	0	0	0	0	0	0	0	0	0
118101	11 Oct 25	12:25:00	1	0	60	0	Ct	0	1	0	0	0	0	0	0	0	0	0	0	0	2	0	0	0	2	2	0	0	0	0	0	0	0	0	0	0	2	0	0	0	0
118102	11 Oct 25	12:26:00	1	0	60	0	Ct	0	1	0	0	0	3	0	0	0	0	0	0	0	1	0	0	0	2	13	0	0	0	2	1	0	0	0	0	0	0	0	0	0	0
118103	11 Oct 25	12:27:00	1	0	60	0	Ct	0	1	0	0	0	0	0	0	0	0	0	0	0	2	0	0	0	2	1	0	0	0	2	1	0	0	0	0	0	0	0	0	0	0
118104	11 Oct 25	12:28:00	1	0	60	0	Ct	0	1	0	0	0	1	0	0	0	0	0	0	0	4	0	0	0	1	1	0	0	0	2	2	0	0	0	0	2	4	0	0	0	0
118105	11 Oct 25	12:29:00	1	0	60	0	Ct	0	1	0	0	0	2	0	0	0	0	0	0	0	1	0	0	0	2	2	0	0	0	0	3	0	0	0	0	1	0	0	0	0	0
118106	11 Oct 25	12:30:00	1	0	60	0	Ct	0	1	0	0	0	1	0	0	0	0	0	1	0	0	0	0	0	0	4	0	0	0	0	4	0	0	0	0	1	1	0	0	0	0
118107	11 Oct 25	12:31:00	1	0	60	0	Ct	0	1	0	1	0	0	1	0	0	0	0	0	0	1	0	0	0	2	0	0	0	0	0	0	0	0	0	0	0	0	0	0	0	0
118108	11 Oct 25	12:32:00	1	0	60	0	Ct	0	1	0	0	0	0	0	0	0	0	0	0	0	1	0	0	0	2	0	0	0	0	0	0	0	0	0	0	0	2	0	0	3	0
118109	11 Oct 25	12:33:00	1	0	60	0	Ct	0	1	0	0	0	0	0	0	0	0	0	0	0	2	0	0	0	1	0	0	0	0	3	3	0	0	0	0	2	1	0	0	0	0
118110	11 Oct 25	12:34:00	1	0	60	0	Ct	0	1	0	0	0	0	0	0	4	0	0	0	0	0	0	0	0	0	0	0	0	0	1	3	0	0	0	0	2	0	0	0	0	0
118111	11 Oct 25	12:35:00	1	0	60	0	Ct	0	1	0	0	0	0	3	0	0	2	0	0	0	1	0	0	0	2	0	0	0	0	1	0	0	0	0	0	1	0	0	0	0	0
118112	11 Oct 25	12:36:00	1	0	60	0	Ct	0	1	0	0	2	0	6	0	0	2	0	0	0	1	0	0	0	1	0	0	0	0	1	1	0	0	0	0	1	0	0	0	0	0
118113	11 Oct 25	12:37:00	1	0	60	0	Ct	0	1	0	0	1	0	8	0	0	0	0	0	0	1	0	0	0	1	0	0	0	0	0	0	0	0	0	0	1	0	0	0	0	0
118114	11 Oct 25	12:38:00	1	0	60	0	Ct	0	1	0	0	1	0	0	0	0	0	0	0	0	1	0	0	0	3	0	0	0	0	2	0	0	0	0	0	1	0	0	1	0	0
118115	11 Oct 25	12:39:00	1	0	60	0	Ct	0	1	0	0	1	0	0	0	1	0	0	0	0	0	0	0	0	1	0	0	0	0	0	1	0	0	0	0	0	0	0	0	0	0
118116	11 Oct 25	12:40:00	1	0	60	0	Ct	0	1	0	0	1	0	0	0	0	1	0	0	0	1	0	0	0	2	0	0	0	0	0	1	0	0	0	0	4	0	0	0	0	0
118117	11 Oct 25	12:41:00	1	0	60	0	Ct	0	1	1	0	1	0	0	0	0	1	0	0	0	0	0	0	0	1	1	0	0	0	0	3	0	0	0	0	1	0	0	5	0	0
118118	11 Oct 25	12:42:00	1	0	60	0	Ct	0	1	0	0	2	0	0	0	5	0	0	0	0	0	0	0	0	0	0	0	0	0	0	1	0	0	0	0	3	0	0	0	0	0
118119	11 Oct 25	12:43:00	1	0	60	0	Ct	0	1	9	0	3	0	0	0	5	1	0	0	0	0	0	0	0	0	0	0	0	0	0	4	0	0	0	0	0	0	0	0	0	0
118120	11 Oct 25	12:44:00	1	0	60	0	Ct	0	1	0	0	2	4	0	0	0	0	0	0	0	0	0	0	0	1	0	0	0	0	0	3	0	0	0	0	0	0	0	0	0	0
118121	11 Oct 25	12:45:00	1	0	60	0	Ct	0	1	0	0	0	1	0	0	0	0	0	0	0	0	0	0	0	0	0	0	0	0	3	0	0	0	0	0	0	0	0	0	0	0
118122	11 Oct 25	12:46:00	1	0	60	0	Ct	0	1	0	0	0	0	0	0	0	1	0	0	0	0	0	0	0	0	0	0	0	0	3	1	0	0	0	0	0	0	0	0	0	0
118123	11 Oct 25	12:47:00	1	0	60	0	Ct	0	1	0	0	0	0	0	0	0	0	0	0	0	1	0	0	0	1	0	0	0	0	4	1	0	0	0	0	0	0	0	0	0	0
118124	11 Oct 25	12:48:00	1	0	60	0	Ct	0	1	0	0	0	4	0	0	0	0	0	0	0	0	0	0	0	1	0	0	0	0	2	1	0	0	0	0	0	0	0	0	0	0
118125	11 Oct 25	12:49:00	1	0	60	0	Ct	0	1	0	0	1	0	0	0	0	0	0	0	0	2	0	0	0	2	0	0	0	0	1	0	0	0	0	0	2	0	0	0	0	0
118126	11 Oct 25	12:50:00	1	0	60	0	Ct	0	1	0	0	1	1	2	0	0	0	0	0	0	1	0	0	0	2	0	0	0	0	1	0	0	0	0	0	2	0	0	0	0	0
118127	11 Oct 25	12:51:00	1	0	60	0	Ct	0	1	0	0	0	1	0	0	14	0	0	0	0	0	0	0	0	0	0	0	0	0	2	0	0	0	0	0	2	0	0	0	0	0
118128	11 Oct 25	12:52:00	1	0	60	0	Ct	0	1	0	0	0	1	2	0	41	0	0	0	0	0	0	0	0	2	0	0	0	0	1	0	0	0	0	0	0	0	0	0	0	0
118129	11 Oct 25	12:53:00	1	0	60	0	Ct	0	1	0	0	2	0	1	0	3	0	0	4	0	3	0	0	0	2	0	0	0	0	1	0	0	0	0	0	2	0	0	0	0	0
118130	11 Oct 25	12:54:00	1	0	60	0	Ct	0	1	0	0	0	1	1	0	1	0	0	1	0	2	0	0	0	1	0	0	0	0	0	0	0	0	0	0	1	0	0	0	0	0
118131	11 Oct 25	12:55:00	1	0	60	0	Ct	0	1	0	0	0	2	2	0	0	0	0	0	0	5	0	0	0	7	0	0	0	1	1	3	0	0	0	0	0	0	0	0	0	0
118132	11 Oct 25	12:56:00	1	0	60	0	Ct	0	1	0	0	0	0	3	0	1	0	0	0	0	0	0	0	0	2	0	0	0	1	6	0	0	0	0	0	3	0	0	0	0	0
118133	11 Oct 25	12:57:00	1	0	60	0	Ct	0	1	0	0	0	0	1	0	0	0	0	0	0	2	0	0	0	0	0	0	0	1	1	0	0	0	0	0	0	0	0	0	0	0
118134	11 Oct 25	12:58:00	1	0	60	0	Ct	0	1	0	0	0	0	2	0	0	1	0	0	0	4	0	0	0	0	0	0	0	0	3	0	0	0	0	0	0	0	0	0	0	0
118135	11 Oct 25	12:59:00	1	0	60	0	Ct	0	1	0	0	0	0	0	0	0	1	0	2	0	2	0	0	0	0	0	0	0	4	0	0	0	0	0	0	2	0	0	0	0	0
118136	11 Oct 25	13:00:00	1	0	60	0	Ct	0	1	0	0	0	0	0	0	6	0	0	0	0	3	0	0	0	0	0	0	0	0	2	0	0	0	0	0	0	0	0	0	0	0
118137	11 Oct 25	13:01:00	1	0	60	0	Ct	0	1	0	0	0	0	0	0	1	0	0	0	0	2	0	0	0	0	0	0	0	0	4	0	0	0	0	0	0	0	0	0	0	0
118138	11 Oct 25	13:02:00	1	0	60	0	Ct	0	1	0	0	0	0	0	0	1	1	0	0	0	2	0	0	0	0	0	0	0	2	0	0	0	0	0	0	0	0	0	0	0	0
118139	11 Oct 25	13:03:00	1	0	60	0	Ct	0	1	0	0	0	0	1	0	0	0	0	0	0	0	0	0	0	1	0	0	0	1	0	1	0	0	0	0	0	0	0	0	0	0
118140	11 Oct 25	13:04:00	1	0	60	0	Ct	0	1	0	0	0	0	2	0	0	1	0	0	0	2	0	0	0	2	0	0	0	0	0	0	0	0	0	0	0	0	0	0	0	0
118141	11 Oct 25	13:05:00	1	0	60	0	Ct	0	1	0	0	0	0	0	0	0	0	0	2	0	0	0	0	0	1	0	0	0	0	0	0	0	0	0	0	0	0	0	0	0	0
118142	11 Oct 25	13:06:00	1	0	60	0	Ct	0	1	0	0	0	0	2	0	1	1	0	7	0	2	0	0	0	2	0	0	0	0	0	0	0	0	0	0	0	0	0	0	0	0
118143	11 Oct 25	13:07:00	1	0	60	0	Ct	0	1	0	0	0	0	1	0	0	1	0	3	0	7	0	0	0	2	0	0	0	0	0	0	0	0	0	0	3	0	0	0	0	0
118144	11 Oct 25	13:08:00	1	0	60	0	Ct	0	1	0	0	0	0	3	0	0	0	0	0	1	20	0	0	0	4	0	0	0	0	0	0	0	0	0	0	2	0	0	0	0	0
118145	11 Oct 25	13:09:00	1	0	60	0	Ct	0	1	0	0	0	0	2	0	0	0	0	0	1	1	0	0	0	2	0	0	0	0	0	0	0	0	0	0	13	0	0	0	0	0
118146	11 Oct 25	13:10:00	1	0	60	0	Ct	0	1	0	0	0	0	0	0	0	0	0	0	0	0	0	0	0	3	0	0	0	0	0	0	0	0	0	0	0	0	0	0	0	0
118147	11 Oct 25	13:11:00	1	0	60	0	Ct	0	1	0	0	0	0	0	0	0	0	0	0	0	2	0	0	0	1	0	0	0	0	0	0	0	0	0	0	0	0	0	0	0	0
118148	11 Oct 25	13:12:00	1	0	60	0	Ct	0	1	0	0	0	0	0	0	0	0	0	0	0	2	0	0	0	2	0	0	0	0	0	0	0	0	0	0	0	0	0	0	0	0
118149	11 Oct 25	13:13:00	1	0	60	0	Ct	0	1	0	0	0	0	0	0	0	0	0	0	0	7	0	0	0	2	0	0	0	0	0	0	0	0	0	0	0	0	0	0	0	0
118150	11 Oct 25	13:14:00	1	0	60	0	Ct	0	1	0	0	0	0	0	0	0	0	0	6	0	2	0	0	0	1	0	0	0	0	2	0	0	0	0	0	0	0	0	0	0	0
118151	11 Oct 25	13:15:00	1	0	60	0	Ct	0	1	0	0	0	0	0	0	0	1	0	2	0	3	0	0	0	3	0	0	0	0	0	0	0	0	0	0	0	0	0	0	0	0
118152	11 Oct 25	13:16:00	1	0	60	0	Ct	0	1	0	0	0	0	0	0	0	1	0	2	0	2	0	0	0	1	0	0	0	0	0	0	0	0	0	0	0	0	0	0	0	0
118153	11 Oct 25	13:17:00	1	0	60	0	Ct	0	1	0	0	0	0	0	0	0	0	0	0	0	8	0	0	0	2	0	0	0	0	0	0	0	0	0	0	0	0	0	0	0	0
118154	11 Oct 25	13:18:00	1	0	60	0	Ct	0	1	0	0	0	0	0	0	0	1	0	5	0	12	0	0	0	2	0	0	0	0	0	0	0	0	0	0	0	0	0	0	0	0
118155	11 Oct 25	13:19:00	1	0	60	0	Ct	0	1	0	0	0	0	0	0	0	0	0	1	0	3	0	0	0	1	0	0	0	0	0	0	0	0	0	0	0	0	0	0	0	0
118156	11 Oct 25	13:20:00	1	0	60	0	Ct	0	1	0	0	0	0	0	0	0	0	0	0	0	0	0	0	0	4	2	0	0	0	1	0	0	0	0	0	0	0	0	0	0	0
118157	11 Oct 25	13:21:00	1	0	60	0	Ct	0	1	0	0	0	0	0	0	0	0	0	0	0	0	0	0	0	2	0	0	0	0	1	0	0	0	0	0	0	0	0	0	0	0
118158	11 Oct 25	13:22:00	1	0	60	0	Ct	0	1	0	0	0	0	0	0	0	0	0	1	0	4	0	0	0	3	0	0	0	0	0	0	0	0	0	0	0	0	0	0	0	0
118159	11 Oct 25	13:23:00	1	0	60	0	Ct	0	1	0	0	0	0	0	0	0	0	0	9	0	1	0	0	0	2	0	0	0	0	2	0	0	0	0	0	0	0	0	0	0	0
118160	11 Oct 25	13:24:00	1	0	60	0	Ct	0	1	0	0	0	0	0	0	0	0	0	0	0	3	0	0	0	1	0	0	0	0	0	0	0	0	0	0	0	0	0	0	0	0
118161	11 Oct 25	13:25:00	1	0	60	0	Ct	0	1	0	0	0	0	0	0	0	0	0	0	0	3	0	0	0	2	0	0	0	0	0	0	0	0	0	0	0	0	0	0	0	0
118162	11 Oct 25	13:26:00	1	0	60	0	Ct	0	1	0	0	0	0	0	0	0	0	0	0	3	3	0	0	0	0	0	0	0	0	0	0	0	0	0	0	0	0	0	0	0	0
118163	11 Oct 25	13:27:00	1	0	60	0	Ct	0	1	0	0	0	0	0	0	0	1	0	0	0	2	0	0	0	0	0	0	0	0	0	0	0	0	0	0	0	0	0	0	0	0
118164	11 Oct 25	13:28:00	1	0	60	0	Ct	0	1	0	0	0	0	0	0	0	0	0	0	0	1	0	0	0	0	0	0	0	0	3	0	0	0	0	0	0	0	0	0	0	0
118165	11 Oct 25	13:29:00	1	0	60	0	Ct	0	1	0	0	0	0	0	0	0	0	0	0	0	0	0	0	0	3	0	0	0	0	3	0	0	0	0	0	0	0	0	0	0	0
118166	11 Oct 25	13:30:00	1	0	60	0	Ct	0	1	0	0	0	0	0	0	0	0	0	0	0	3	0	0	0	2	0	0	0	0	0	0	0	0	0	0	0	0	0	0	0	0
118167	11 Oct 25	13:31:00	1	0	60	0	Ct	0	1	0	0	0	0	0	0	0	0	0	0	0	1	0	0	0	3	0	0	0	0	0	0	0	0	0	0	0	0	0	0	0	0
118168	11 Oct 25	13:32:00	1	0	60	0	Ct	0	1	0	0	0	0	0	0	0	1	0	0	0	1	0	0	0	2	0	0	0	0	2	0	0	0	0	0	0	0	0	0	0	0
118169	11 Oct 25	13:33:00	1	0	60	0	Ct	0	1	0	0	0	0	0	0	0	0	0	0	0	1	0	0	0	1	0	0	0	0	0	0	0	0	0	0	0	0	0	0	0	0
118170	11 Oct 25	13:34:00	1	0	60	0	Ct	0	1	0	0	0	0	0	0	0	0	0	0	0	2	0	0	0	1	0	0	0	0	0	0	0	0	0	0	1	0	0	0	0	0
118171	11 Oct 25	13:35:00	1	0	60	0	Ct	0	1	0	0	0	0	2	0	0	0	0	0	0	2	0	0	0	1	0	0	0	0	0	0	0	0	0	0	3	0	0	0	0	0
118172	11 Oct 25	13:36:00	1	0	60	0	Ct	0	1	0	0	0	0	0	0	0	0	0	0	0	0	0	0	0	1	0	0	0	0	0	0	0	0	0	0	2	0	0	0	0	0
118173	11 Oct 25	13:37:00	1	0	60	0	Ct	0	1	0	0	0	0	3	0	0	0	0	0	0	9	0	0	0	1	0	0	0	0	0	0	0	0	0	0	0	0	0	0	0	0
118174	11 Oct 25	13:38:00	1	0	60	0	Ct	0	1	0	0	0	0	0	0	0	0	0	0	0	0	0	0	0	0	0	0	0	0	0	0	0	0	0	0	2	0	0	0	0	0
118175	11 Oct 25	13:39:00	1	0	60	0	Ct	0	1	0	0	0	0	2	0	0	0	0	0	0	2	0	0	0	0	0	0	0	0	0	0	0	0	0	0	3	0	0	0	0	0
118176	11 Oct 25	13:40:00	1	0	60	0	Ct	0	1	0	0	0	0	0	0	0	0	0	0	0	2	0	0	0	0	0	0	0	0	0	0	0	0	0	0	0	0	0	0	0	0
118177	11 Oct 25	13:41:00	1	0	60	0	Ct	0	1	0	0	0	0	4	0	0	0	0	0	0	0	0	0	0	1	0	0	0	0	0	0	0	0	0	0	1	0	0	0	0	0
118178	11 Oct 25	13:42:00	1	0	60	0	Ct	0	1	0	0	0	0	1	0	0	0	0	0	0	0	0	0	0	8	0	0	0	1	0	0	0	0	0	0	1	0	0	0	0	0
118179	11 Oct 25	13:43:00	1	0	60	0	Ct	0	1	0	0	0	0	4	0	0	1	0	0	0	0	0	0	0	6	0	0	0	3	1	0	0	0	0	0	0	0	0	0	0	0
118180	11 Oct 25	13:44:00	1	0	60	0	Ct	0	1	0	0	0	0	0	0	0	0	0	0	0	4	0	0	0	2	0	0	0	0	2	0	0	0	0	0	0	0	0	0	0	0
118181	11 Oct 25	13:45:00	1	0	60	0	Ct	0	1	0	0	1	0	3	0	0	0	0	0	0	5	0	0	0	1	0	0	0	0	0	0	0	0	0	0	0	0	0	0	0	0
118182	11 Oct 25	13:46:00	1	0	60	0	Ct	0	1	0	0	1	0	0	0	0	0	0	0	0	2	0	0	0	2	0	0	0	3	0	0	0	0	0	0	0	0	0	0	0	0
118183	11 Oct 25	13:47:00	1	0	60	0	Ct	0	1	0	0	0	0	0	0	0	1	0	0	0	1	0	0	0	0	0	0	0	0	1	0	0	0	0	0	0	0	0	0	0	0
118184	11 Oct 25	13:48:00	1	0	60	0	Ct	0	1	0	0	0	0	0	0	0	3	0	0	0	2	0	0	0	0	0	0	0	0	1	0	0	0	0	0	0	0	0	0	0	0
118185	11 Oct 25	13:49:00	1	0	60	0	Ct	0	1	0	0	0	0	0	0	0	0	0	0	0	1	0	0	0	0	0	0	0	0	0	0	0	0	0	0	0	0	0	0	0	0
118186	11 Oct 25	13:50:00	1	0	60	0	Ct	0	1	0	0	0	0	0	0	0	1	0	0	0	1	0	0	0	0	0	0	0	0	0	0	0	0	0	0	0	0	0	0	0	0
118187	11 Oct 25	13:51:00	1	0	60	0	Ct	0	1	0	0	0	0	0	0	0	0	0	0	0	3	0	0	0	0	0	0	0	0	0	0	0	0	0	0	0	0	0	0	0	0
118188	11 Oct 25	13:52:00	1	0	60	0	Ct	0	1	0	0	0	0	0	0	0	0	0	0	0	3	0	0	0	0	0	0	0	0	0	0	0	0	0	0	0	0	0	0	0	0
118189	11 Oct 25	13:53:00	1	0	60	0	Ct	0	1	0	0	0	0	0	0	0	0	0	1	0	2	0	0	0	0	0	0	0	0	0	0	0	0	0	0	0	0	0	0	0	0
118190	11 Oct 25	13:54:00	1	0	60	0	Ct	0	1	0	0	0	0	0	0	0	0	0	0	0	0	0	0	0	0	0	0	0	4	0	0	0	0	0	0	0	0	0	0	0	0
118191	11 Oct 25	13:55:00	1	0	60	0	Ct	0	1	0	0	0	0	0	0	0	0	0	0	0	6	0	0	0	0	0	0	0	5	0	0	0	0	0	0	0	0	0	0	0	0
118192	11 Oct 25	13:56:00	1	0	60	0	Ct	0	1	0	0	0	0	0	0	0	0	0	0	0	3	0	0	0	1	0	0	0	0	0	0	0	0	0	0	0	0	0	0	0	0
118193	11 Oct 25	13:57:00	1	0	60	0	Ct	0	1	0	0	0	0	0	0	0	0	0	0	0	0	0	0	0	1	0	0	0	10	0	0	0	0	0	0	0	0	0	0	0	0
118194	11 Oct 25	13:58:00	1	0	60	0	Ct	0	1	0	0	0	0	0	0	0	0	0	0	0	2	0	0	0	0	0	0	0	1	0	0	0	0	0	0	0	0	0	0	0	0
118195	11 Oct 25	13:59:00	1	0	60	0	Ct	0	1	0	0	0	0	0	0	0	0	0	0	0	2	0	0	0	4	0	0	0	1	0	0	0	0	0	0	0	0	0	0	0	0
118196	11 Oct 25	14:00:00	1	0	60	0	Ct	0	1	0	0	0	0	0	0	0	0	0	0	0	1	0	0	0	1	0	0	0	0	0	0	0	0	0	0	0	0	0	0	0	0
118197	11 Oct 25	14:01:00	1	0	60	0	Ct	0	1	0	0	0	0	0	0	1	1	0	0	0	2	0	0	0	1	0	0	0	1	0	0	0	0	0	0	0	0	0	0	0	0
118198	11 Oct 25	14:02:00	1	0	60	0	Ct	0	1	0	0	0	0	0	0	1	3	0	0	0	0	0	0	0	1	2	0	0	0	0	0	0	0	0	0	0	0	0	0	0	0
118199	11 Oct 25	14:03:00	1	0	60	0	Ct	0	1	0	0	0	0	0	0	0	0	0	0	0	2	0	0	0	2	1	0	0	0	0	0	0	0	0	0	0	0	0	0	0	0
118200	11 Oct 25	14:04:00	1	0	60	0	Ct	0	1	0	0	0	0	2	0	0	0	0	0	0	3	0	0	0	1	0	0	0	0	0	0	0	0	0	0	0	0	0	0	0	0
118201	11 Oct 25	14:05:00	1	0	60	0	Ct	0	1	0	0	0	0	0	0	0	0	0	0	0	3	0	0	0	2	0	0	0	0	0	1	0	0	0	0	0	0	0	0	0	0
118202	11 Oct 25	14:06:00	1	0	60	0	Ct	0	1	0	0	0	0	1	0	0	0	0	0	0	2	0	0	0	1	0	0	0	0	0	0	0	0	0	0	0	0	0	0	0	0
118203	11 Oct 25	14:07:00	1	0	60	0	Ct	0	1	0	0	0	0	6	0	0	0	0	0	0	3	0	0	0	0	8	0	0	0	0	0	0	0	0	0	0	0	0	0	0	0
118204	11 Oct 25	14:08:00	1	0	60	0	Ct	0	1	0	0	0	0	0	0	0	0	0	0	0	4	0	0	0	0	4	0	0	0	0	0	0	0	0	0	0	0	0	0	0	0
118205	11 Oct 25	14:09:00	1	0	60	0	Ct	0	1	0	0	0	0	7	0	0	0	0	0	0	0	0	0	0	0	34	0	0	0	0	0	0	0	0	0	0	0	0	0	0	0
118206	11 Oct 25	14:10:00	1	0	60	0	Ct	0	1	0	0	0	0	4	0	0	0	0	0	0	1	0	0	0	0	14	0	0	0	0	0	0	0	0	0	0	0	0	0	0	0
118207	11 Oct 25	14:11:00	1	0	60	0	Ct	0	1	0	0	0	0	0	0	0	0	0	0	0	3	0	0	0	0	0	0	0	0	0	0	0	0	0	0	0	0	0	0	0	0
118208	11 Oct 25	14:12:00	1	0	60	0	Ct	0	1	0	0	0	1	0	0	0	0	0	0	0	0	0	0	0	0	0	0	0	0	0	0	0	0	0	0	0	0	0	0	0	0
118209	11 Oct 25	14:13:00	1	0	60	0	Ct	0	1	0	0	0	4	0	0	0	0	0	0	0	0	0	0	0	0	0	0	0	0	0	0	0	0	0	0	0	0	0	0	0	0
118210	11 Oct 25	14:14:00	1	0	60	0	Ct	0	1	0	0	0	0	0	0	0	0	0	0	0	0	0	0	0	0	11	0	0	0	0	0	0	0	0	0	0	0	0	0	0	0
118211	11 Oct 25	14:15:00	1	0	60	0	Ct	0	1	0	0	0	1	0	0	0	1	0	0	0	1	0	0	0	1	2	0	0	0	0	0	0	0	0	0	0	0	0	0	0	0
118212	11 Oct 25	14:16:00	1	0	60	0	Ct	0	1	0	0	0	7	0	0	0	0	0	0	0	1	0	0	0	1	0	0	0	0	0	1	0	0	0	0	0	0	0	0	0	0
118213	11 Oct 25	14:17:00	1	0	60	0	Ct	0	1	0	0	0	0	0	0	0	0	0	0	0	2	0	0	0	1	1	0	0	0	0	5	0	0	0	0	2	0	0	0	0	0
118214	11 Oct 25	14:18:00	1	0	60	0	Ct	0	1	0	0	0	4	0	0	0	0	0	0	0	1	0	0	0	2	1	0	0	0	0	0	0	0	0	0	0	0	0	0	0	0
118215	11 Oct 25	14:19:00	1	0	60	0	Ct	0	1	0	0	0	0	0	0	0	1	0	0	0	2	0	0	0	0	1	0	0	0	0	4	0	0	0	0	0	0	0	0	0	0
118216	11 Oct 25	14:20:00	1	0	60	0	Ct	0	1	0	0	0	0	0	0	0	0	0	0	0	0	0	0	0	0	0	0	0	0	0	0	0	0	0	0	0	0	0	0	0	0
118217	11 Oct 25	14:21:00	1	0	60	0	Ct	0	1	0	0	0	1	0	0	0	0	0	0	0	0	0	0	0	2	1	0	0	0	0	0	0	0	0	0	0	0	0	0	0	0
118218	11 Oct 25	14:22:00	1	0	60	0	Ct	0	1	0	0	0	0	0	0	0	0	0	0	0	0	0	0	0	0	2	0	0	0	0	0	0	0	0	0	0	0	0	0	0	0
118219	11 Oct 25	14:23:00	1	0	60	0	Ct	0	1	0	0	0	0	0	0	0	0	0	0	0	1	0	0	0	0	1	0	0	0	0	0	0	0	0	0	0	0	0	0	0	0
118220	11 Oct 25	14:24:00	1	0	60	0	Ct	0	1	0	0	0	0	0	0	0	0	0	0	0	3	0	0	0	1	2	0	0	0	0	0	0	0	0	0	0	0	0	0	0	0
118221	11 Oct 25	14:25:00	1	0	60	0	Ct	0	1	0	0	0	3	0	0	0	1	0	0	0	0	0	0	0	0	3	0	0	0	0	0	0	0	0	0	0	0	0	0	0	0
118222	11 Oct 25	14:26:00	1	0	60	0	Ct	0	1	0	0	0	4	0	0	0	0	0	0	0	0	0	0	0	1	2	0	0	0	0	1	0	0	0	0	0	0	0	0	0	0
118223	11 Oct 25	14:27:00	1	0	60	0	Ct	0	1	0	0	0	2	0	0	0	1	0	0	0	2	0	0	0	0	2	0	0	0	0	3	0	0	0	0	0	0	0	0	0	0
118224	11 Oct 25	14:28:00	1	0	60	0	Ct	0	1	0	0	0	2	0	0	0	0	0	0	0	1	0	0	0	0	2	0	0	0	0	0	0	0	0	0	0	0	0	0	0	0
118225	11 Oct 25	14:29:00	1	0	60	0	Ct	0	1	0	0	0	4	0	0	0	1	0	0	0	1	0	0	0	1	2	0	0	0	0	0	0	0	0	0	0	0	0	0	0	0
118226	11 Oct 25	14:30:00	1	0	60	0	Ct	0	1	0	0	0	0	0	0	0	0	0	0	0	0	0	0	0	0	1	0	0	0	0	3	0	0	0	0	0	0	0	0	0	0
118227	11 Oct 25	14:31:00	1	0	60	0	Ct	0	1	0	0	0	0	0	0	0	0	0	0	0	1	0	0	0	0	2	0	0	0	0	1	0	0	0	0	0	0	0	0	0	0
118228	11 Oct 25	14:32:00	1	0	60	0	Ct	0	1	0	0	0	0	0	0	0	0	0	0	0	0	0	0	0	1	2	0	0	0	0	2	0	0	0	0	0	0	0	0	0	0
118229	11 Oct 25	14:33:00	1	0	60	0	Ct	0	1	0	0	0	0	0	0	0	0	0	0	0	0	0	0	0	0	4	0	0	0	0	1	0	0	0	0	0	0	0	0	0	0
118230	11 Oct 25	14:34:00	1	0	60	0	Ct	0	1	0	0	0	0	0	0	0	0	0	0	0	0	0	0	0	1	2	0	0	0	0	1	0	0	0	0	0	0	0	0	0	0
118231	11 Oct 25	14:35:00	1	0	60	0	Ct	0	1	0	0	0	0	0	0	0	0	0	0	0	2	0	0	0	0	1	0	0	0	0	2	0	0	0	0	0	0	0	0	0	0
118232	11 Oct 25	14:36:00	1	0	60	0	Ct	0	1	0	0	0	0	0	0	0	0	0	0	0	0	0	0	0	0	1	0	0	0	0	2	0	0	0	0	0	0	0	0	0	0
118233	11 Oct 25	14:37:00	1	0	60	0	Ct	0	1	0	0	0	0	0	0	0	0	0	0	0	1	0	0	0	0	2	0	0	0	0	0	0	0	0	0	8	0	0	0	0	0
118234	11 Oct 25	14:38:00	1	0	60	0	Ct	0	1	0	0	0	0	0	0	0	0	0	0	0	1	0	0	0	0	2	0	0	0	0	2	0	0	0	0	3	0	0	0	0	0
118235	11 Oct 25	14:39:00	1	0	60	0	Ct	0	1	4	0	0	0	0	0	0	0	0	0	0	2	0	0	0	0	2	0	0	0	0	1	0	0	0	0	1	0	0	0	0	0
118236	11 Oct 25	14:40:00	1	0	60	0	Ct	0	1	1	0	0	0	0	0	0	0	0	0	0	0	0	0	0	0	3	0	0	0	0	1	0	0	0	0	0	2	0	0	0	0
118237	11 Oct 25	14:41:00	1	0	60	0	Ct	0	1	0	0	0	0	0	0	0	0	0	0	0	0	0	0	0	0	1	0	0	0	0	1	0	0	0	0	4	1	0	0	0	0
118238	11 Oct 25	14:42:00	1	0	60	0	Ct	0	1	1	0	0	0	0	0	0	0	0	0	0	0	0	0	0	0	2	0	0	0	0	3	0	0	0	0	1	1	3	0	0	0
118239	11 Oct 25	14:43:00	1	0	60	0	Ct	0	1	1	0	0	0	0	0	0	0	0	0	0	0	0	0	0	0	0	0	0	0	0	1	0	0	0	0	8	2	0	0	0	0
118240	11 Oct 25	14:44:00	1	0	60	0	Ct	0	1	1	0	0	0	0	0	0	0	0	0	0	0	0	0	0	0	1	0	0	0	0	5	0	0	0	0	2	0	0	0	0	0
118241	11 Oct 25	14:45:00	1	0	60	0	Ct	0	1	6	0	0	0	0	0	0	0	0	0	0	1	0	0	0	3	1	0	0	0	0	2	0	0	0	0	0	0	0	0	0	0
118242	11 Oct 25	14:46:00	1	0	60	0	Ct	0	1	0	0	0	0	0	0	0	0	0	0	0	0	0	0	0	0	1	0	0	0	0	1	0	0	0	0	0	0	0	0	0	0
118243	11 Oct 25	14:47:00	1	0	60	0	Ct	0	1	2	0	0	0	0	0	0	0	0	0	0	0	0	0	0	2	3	0	0	0	0	2	0	0	0	0	0	0	0	0	0	0
118244	11 Oct 25	14:48:00	1	0	60	0	Ct	0	1	1	0	0	0	0	0	0	0	0	0	0	0	0	0	0	0	0	0	0	0	0	0	0	0	0	0	0	0	0	0	0	0
118245	11 Oct 25	14:49:00	1	0	60	0	Ct	0	1	1	0	0	0	0	0	0	0	0	0	1	0	0	0	0	2	2	0	0	0	0	0	0	0	0	0	0	6	0	0	0	0
118246	11 Oct 25	14:50:00	1	0	60	0	Ct	0	1	2	0	0	0	0	0	0	0	0	0	0	0	0	0	0	2	2	0	0	0	0	0	0	0	0	0	0	0	0	0	0	0
118247	11 Oct 25	14:51:00	1	0	60	0	Ct	0	1	2	0	0	0	0	0	0	0	0	0	0	0	0	0	0	4	2	0	0	0	0	0	0	0	0	0	0	0	0	0	0	0
118248	11 Oct 25	14:52:00	1	0	60	0	Ct	0	1	10	0	0	0	0	0	0	0	0	0	0	0	0	0	0	0	3	0	0	0	0	0	0	0	0	0	0	0	1	0	0	0
118249	11 Oct 25	14:53:00	1	0	60	0	Ct	0	1	0	0	0	0	0	0	0	0	0	0	0	0	0	0	0	0	5	0	0	0	0	1	0	0	0	0	0	0	0	0	0	0
118250	11 Oct 25	14:54:00	1	0	60	0	Ct	0	1	0	0	0	0	0	0	0	1	0	0	0	0	0	0	0	0	1	0	0	0	0	1	0	0	0	0	0	0	0	0	0	0
118251	11 Oct 25	14:55:00	1	0	60	0	Ct	0	1	0	0	0	0	0	0	0	0	0	0	0	0	0	0	0	0	2	0	0	0	0	0	0	0	0	0	0	0	4	0	0	0
118252	11 Oct 25	14:56:00	1	0	60	0	Ct	0	1	0	0	0	0	0	0	0	0	0	0	0	0	0	0	0	0	2	0	0	0	0	3	0	0	0	0	0	0	18	0	0	0
118253	11 Oct 25	14:57:00	1	0	60	0	Ct	0	1	0	0	0	0	1	0	0	0	0	0	0	0	0	0	0	2	2	0	0	0	0	4	0	0	0	0	0	0	21	0	0	0
118254	11 Oct 25	14:58:00	1	0	60	0	Ct	0	1	0	0	0	0	1	0	0	0	0	0	0	0	0	0	0	3	2	0	0	0	0	1	0	0	0	0	0	0	1	0	0	0
118255	11 Oct 25	14:59:00	1	0	60	0	Ct	0	1	0	0	0	0	3	0	0	0	0	0	0	0	0	0	0	0	0	0	0	0	0	1	0	0	0	0	0	0	5	0	0	0
118256	11 Oct 25	15:00:00	1	0	60	0	Ct	0	1	0	0	0	3	0	0	0	0	0	0	0	0	0	0	0	1	3	0	0	0	0	1	0	0	0	0	0	0	0	0	0	0
118257	11 Oct 25	15:01:00	1	0	60	0	Ct	0	1	0	0	0	1	0	0	0	0	0	0	0	4	0	0	0	0	2	0	0	0	0	1	0	0	0	0	0	0	0	0	0	0
118258	11 Oct 25	15:02:00	1	0	60	0	Ct	0	1	0	0	0	0	0	0	0	0	0	0	0	1	0	0	0	0	1	0	0	0	0	3	0	0	0	0	0	0	0	0	0	0
118259	11 Oct 25	15:03:00	1	0	60	0	Ct	0	1	1	0	0	3	0	0	0	0	0	0	0	0	0	0	0	1	1	0	0	0	0	0	0	0	0	0	0	0	0	0	0	0
118260	11 Oct 25	15:04:00	1	0	60	0	Ct	0	1	0	0	0	0	0	0	0	0	0	0	0	0	0	0	0	1	3	0	0	0	0	2	0	0	0	0	0	0	0	0	0	0
118261	11 Oct 25	15:05:00	1	0	60	0	Ct	0	1	0	0	0	0	0	0	0	0	0	0	0	2	0	0	0	3	0	0	0	0	0	1	0	0	0	0	0	0	0	0	0	0
118262	11 Oct 25	15:06:00	1	0	60	0	Ct	0	1	0	0	0	0	0	0	0	0	0	0	0	0	0	0	0	6	1	0	0	0	0	0	0	0	0	0	0	0	0	0	0	0
118263	11 Oct 25	15:07:00	1	0	60	0	Ct	0	1	0	0	0	0	0	0	0	0	0	0	0	3	0	0	0	1	1	0	0	2	0	0	0	0	0	0	0	0	0	0	0	0
118264	11 Oct 25	15:08:00	1	0	60	0	Ct	0	1	0	0	0	0	0	0	0	0	0	0	0	4	0	0	0	0	3	0	0	0	0	4	0	0	0	0	2	0	0	0	0	0
118265	11 Oct 25	15:09:00	1	0	60	0	Ct	0	1	0	0	0	0	0	0	0	0	0	0	0	2	0	0	0	2	1	0	0	3	0	0	0	0	0	0	1	0	0	0	0	0
118266	11 Oct 25	15:10:00	1	0	60	0	Ct	0	1	0	0	0	0	0	0	0	0	0	0	0	1	0	0	0	2	1	0	0	3	0	3	0	0	0	0	5	0	0	0	0	0
118267	11 Oct 25	15:11:00	1	0	60	0	Ct	0	1	0	0	0	0	0	0	0	0	0	0	0	0	0	0	0	2	2	0	0	0	0	1	0	0	0	0	1	0	0	0	0	0
118268	11 Oct 25	15:12:00	1	0	60	0	Ct	0	1	0	0	0	0	0	0	0	0	0	0	0	1	0	0	0	0	1	0	0	3	0	1	0	0	0	0	0	0	0	0	0	0
118269	11 Oct 25	15:13:00	1	0	60	0	Ct	0	1	0	0	0	0	0	0	0	0	0	0	0	2	0	0	0	0	0	0	0	7	0	2	0	0	0	0	0	0	0	0	0	0
118270	11 Oct 25	15:14:00	1	0	60	0	Ct	0	1	0	0	0	0	0	0	0	0	0	0	0	1	0	0	0	0	0	0	0	2	0	0	0	0	0	0	0	0	0	0	0	0
118271	11 Oct 25	15:15:00	1	0	60	0	Ct	0	1	0	0	0	0	0	0	0	0	0	0	0	0	0	0	0	0	0	0	0	0	0	0	0	0	0	0	0	0	0	0	0	0
118272	11 Oct 25	15:16:00	1	0	60	0	Ct	0	1	0	0	0	0	0	0	0	0	0	0	0	0	0	0	0	0	0	0	0	0	0	0	0	0	0	0	0	0	0	0	0	0
118273	11 Oct 25	15:17:00	1	0	60	0	Ct	0	1	0	0	0	0	0	0	0	0	0	0	0	1	0	0	0	0	0	0	0	0	0	1	0	0	0	0	0	0	0	0	0	0
118274	11 Oct 25	15:18:00	1	0	60	0	Ct	0	1	0	0	0	0	0	0	0	0	0	0	6	1	0	0	0	0	0	0	0	3	0	1	0	0	0	0	0	0	0	0	0	0
118275	11 Oct 25	15:19:00	1	0	60	0	Ct	0	1	0	0	0	0	0	0	0	0	0	0	7	4	0	0	0	0	0	0	0	1	0	1	0	0	0	0	0	0	0	0	0	0
118276	11 Oct 25	15:20:00	1	0	60	0	Ct	0	1	0	0	0	0	0	0	0	0	0	0	0	1	0	0	0	0	0	0	0	14	0	2	0	0	0	0	0	0	0	0	0	0
118277	11 Oct 25	15:21:00	1	0	60	0	Ct	0	1	0	0	0	0	0	0	0	0	0	0	0	0	0	0	0	0	0	0	0	6	0	1	0	0	0	0	0	0	0	0	0	0
118278	11 Oct 25	15:22:00	1	0	60	0	Ct	0	1	0	0	0	0	0	0	0	1	0	0	0	0	0	0	3	0	0	0	0	6	0	1	0	0	0	0	0	0	0	0	0	0
118279	11 Oct 25	15:23:00	1	0	60	0	Ct	0	1	0	0	0	0	0	0	0	1	0	0	0	0	0	0	0	0	0	0	0	1	0	1	0	0	0	0	0	0	0	0	0	0
118280	11 Oct 25	15:24:00	1	0	60	0	Ct	0	1	0	0	0	0	0	0	0	1	0	0	0	0	0	0	1	0	0	0	0	7	0	1	0	0	0	0	0	0	0	0	0	0
118281	11 Oct 25	15:25:00	1	0	60	0	Ct	0	1	0	0	0	0	0	0	0	2	0	0	0	0	0	0	0	0	1	0	0	3	0	1	0	0	0	0	0	0	0	0	0	0
118282	11 Oct 25	15:26:00	1	0	60	0	Ct	0	1	1	0	0	0	0	0	0	0	0	0	1	0	0	0	0	0	3	0	0	0	0	7	0	0	0	0	0	0	0	0	0	0
118283	11 Oct 25	15:27:00	1	0	60	0	Ct	0	1	7	0	0	0	0	0	0	0	0	0	5	0	0	0	0	0	3	0	0	0	0	0	0	0	0	0	0	0	0	0	0	0
118284	11 Oct 25	15:28:00	1	0	60	0	Ct	0	1	1	0	0	5	0	0	0	0	0	0	0	0	0	0	0	0	2	0	0	0	0	0	0	0	0	0	0	0	0	0	0	0
118285	11 Oct 25	15:29:00	1	0	60	0	Ct	0	1	11	0	0	2	0	0	0	0	0	0	0	3	0	0	0	0	1	0	0	0	0	0	0	0	0	0	0	0	0	0	0	0
118286	11 Oct 25	15:30:00	1	0	60	0	Ct	0	1	6	0	0	0	0	0	0	0	0	0	0	2	0	0	2	0	1	0	0	0	0	1	0	0	0	0	0	0	0	0	0	0
118287	11 Oct 25	15:31:00	1	0	60	0	Ct	0	1	1	0	0	0	0	0	0	0	0	0	0	3	0	0	5	0	2	0	0	0	0	9	0	0	0	0	0	0	0	0	0	0
118288	11 Oct 25	15:32:00	1	0	60	0	Ct	0	1	1	0	0	0	0	0	0	0	0	0	0	1	0	0	0	0	1	0	0	0	0	20	0	0	0	0	0	0	0	0	0	0
118289	11 Oct 25	15:33:00	1	0	60	0	Ct	0	1	1	0	0	0	0	0	0	0	0	0	0	2	0	0	0	1	0	0	0	0	0	4	0	0	0	0	0	0	0	0	0	0
118290	11 Oct 25	15:34:00	1	0	60	0	Ct	0	1	1	0	0	0	0	0	0	0	0	0	0	1	0	0	0	2	6	0	0	0	0	1	0	0	0	0	0	0	0	0	0	0
118291	11 Oct 25	15:35:00	1	0	60	0	Ct	0	1	2	0	0	4	0	0	0	0	0	0	0	1	0	0	0	1	0	0	0	0	0	0	0	0	0	0	0	0	0	0	0	0
118292	11 Oct 25	15:36:00	1	0	60	0	Ct	0	1	1	0	0	0	0	0	0	0	0	0	1	1	0	0	0	2	0	0	0	1	0	0	0	0	0	0	0	0	0	0	0	0
118293	11 Oct 25	15:37:00	1	0	60	0	Ct	0	1	5	0	0	0	0	0	0	0	0	0	0	0	0	0	4	0	0	0	0	1	0	1	0	0	0	0	0	0	0	0	0	0
118294	11 Oct 25	15:38:00	1	0	60	0	Ct	0	1	2	0	0	2	0	0	0	0	0	0	0	0	0	0	0	2	0	0	0	0	0	2	0	0	0	0	0	0	0	0	0	0
118295	11 Oct 25	15:39:00	1	0	60	0	Ct	0	1	1	0	0	0	0	0	0	0	0	0	0	0	0	0	0	0	0	0	0	0	0	2	0	0	0	0	0	0	0	0	0	0
118296	11 Oct 25	15:40:00	1	0	60	0	Ct	0	1	0	0	0	0	0	0	0	0	0	0	0	0	0	0	0	0	0	0	0	0	0	0	0	0	0	0	0	0	0	0	0	0
118297	11 Oct 25	15:41:00	1	0	60	0	Ct	0	1	1	0	0	1	0	0	0	0	0	0	0	0	0	0	0	0	0	0	0	0	0	0	0	0	0	0	0	0	0	0	0	0
118298	11 Oct 25	15:42:00	1	0	60	0	Ct	0	1	1	0	0	0	0	0	0	0	0	0	0	0	0	0	2	0	0	0	0	0	0	0	0	0	0	0	0	0	0	0	0	0
118299	11 Oct 25	15:43:00	1	0	60	0	Ct	0	1	1	0	0	0	0	0	0	1	0	0	0	0	0	0	3	1	0	0	0	0	0	0	0	0	0	0	0	0	0	0	0	0
118300	11 Oct 25	15:44:00	1	0	60	0	Ct	0	1	1	0	0	0	0	0	0	0	0	0	0	0	0	0	0	2	1	0	0	3	0	0	0	0	0	0	0	0	0	0	0	0
118301	11 Oct 25	15:45:00	1	0	60	0	Ct	0	1	4	0	0	0	0	0	0	0	0	0	0	0	0	0	0	2	1	0	0	1	0	0	0	0	0	0	0	0	0	0	0	0
118302	11 Oct 25	15:46:00	1	0	60	0	Ct	0	1	1	0	0	0	0	0	0	0	0	0	0	0	0	0	0	1	0	0	0	1	0	0	0	0	0	0	0	0	0	0	0	0
118303	11 Oct 25	15:47:00	1	0	60	0	Ct	0	1	0	0	0	0	0	0	0	0	0	0	0	0	0	0	0	0	1	0	0	1	0	0	0	0	0	0	0	0	0	0	0	0
118304	11 Oct 25	15:48:00	1	0	60	0	Ct	0	1	2	0	0	0	1	0	0	0	0	0	0	0	0	0	0	1	1	0	0	0	0	2	0	0	0	0	0	0	0	0	0	0
118305	11 Oct 25	15:49:00	1	0	60	0	Ct	0	1	1	0	0	0	1	0	0	0	0	0	0	0	0	0	0	1	2	0	0	1	0	2	0	0	0	0	0	0	0	0	0	0
118306	11 Oct 25	15:50:00	1	0	60	0	Ct	0	1	1	0	0	0	1	0	0	0	0	0	0	0	0	0	0	3	0	0	0	10	0	0	0	0	0	0	0	0	0	0	0	0
118307	11 Oct 25	15:51:00	1	0	60	0	Ct	0	1	0	0	0	0	1	0	0	0	0	0	9	0	0	0	0	1	2	0	0	0	0	1	0	0	0	0	0	0	0	0	0	0
118308	11 Oct 25	15:52:00	1	0	60	0	Ct	0	1	0	0	0	0	0	0	0	0	0	0	14	0	0	0	0	2	1	0	0	0	0	1	0	0	0	0	0	0	1	0	0	0
118309	11 Oct 25	15:53:00	1	0	60	0	Ct	0	1	0	0	0	5	0	0	0	0	0	0	0	0	0	0	0	1	2	0	0	0	0	1	0	0	0	0	5	0	1	0	0	0
118310	11 Oct 25	15:54:00	1	0	60	0	Ct	0	1	0	0	0	0	0	0	0	0	0	0	0	0	0	0	0	0	2	0	0	0	0	11	0	0	0	0	3	0	1	0	0	0
118311	11 Oct 25	15:55:00	1	0	60	0	Ct	0	1	0	0	0	0	0	0	0	0	0	0	0	0	0	0	0	0	0	0	0	0	0	3	2	0	0	0	1	0	0	0	0	0
118312	11 Oct 25	15:56:00	1	0	60	0	Ct	0	1	0	0	0	0	0	0	0	0	0	0	0	20	0	0	0	6	7	0	0	0	0	0	0	0	0	0	0	0	0	0	0	0
118313	11 Oct 25	15:57:00	1	0	60	0	Ct	0	1	0	0	0	0	0	0	0	0	0	0	0	0	0	0	0	4	2	0	0	0	0	1	0	0	0	0	0	0	0	0	0	0
118314	11 Oct 25	15:58:00	1	0	60	0	Ct	0	1	1	0	0	0	0	0	0	0	0	0	0	0	0	0	0	5	2	0	0	0	0	2	0	0	0	0	2	0	0	0	0	0
118315	11 Oct 25	15:59:00	1	0	60	0	Ct	0	1	5	0	0	0	0	0	0	0	0	0	4	0	0	0	0	13	7	0	0	0	0	2	0	0	0	0	0	0	0	0	0	0
118316	11 Oct 25	16:00:00	1	0	60	0	Ct	0	1	10	0	0	0	0	0	0	0	0	0	0	0	0	0	0	4	1	0	0	0	0	0	0	0	0	0	0	0	0	0	0	0
118317	11 Oct 25	16:01:00	1	0	60	0	Ct	0	1	0	0	0	0	0	0	0	0	0	0	0	0	0	0	0	0	0	0	0	0	0	0	0	0	0	0	0	0	0	0	0	0
118318	11 Oct 25	16:02:00	1	0	60	0	Ct	0	1	0	0	0	0	0	0	0	0	0	0	0	0	0	0	0	0	0	0	0	0	0	1	0	0	0	0	0	0	0	0	0	0
118319	11 Oct 25	16:03:00	1	0	60	0	Ct	0	1	0	0	0	0	0	0	0	0	0	0	2	0	0	0	0	0	0	0	0	0	0	1	0	0	0	0	0	0	0	0	0	0
118320	11 Oct 25	16:04:00	1	0	60	0	Ct	0	1	0	0	0	0	0	0	0	0	0	0	1	1	0	0	0	0	0	0	0	0	0	0	0	0	0	0	0	0	0	0	0	0
118321	11 Oct 25	16:05:00	1	0	60	0	Ct	0	1	0	0	0	0	0	0	0	0	0	0	0	0	0	0	0	0	0	0	0	0	0	0	0	0	0	0	0	0	0	0	0	0
118322	11 Oct 25	16:06:00	1	0	60	0	Ct	0	1	0	0	0	0	0	0	0	0	0	0	0	0	0	0	0	0	0	0	0	0	0	1	0	0	0	0	0	0	0	0	0	0
118323	11 Oct 25	16:07:00	1	0	60	0	Ct	0	1	0	0	0	0	0	0	0	0	0	0	0	1	0	0	0	0	0	0	0	0	0	1	0	0	0	0	0	0	0	0	0	0
118324	11 Oct 25	16:08:00	1	0	60	0	Ct	0	1	0	0	0	0	0	0	0	0	0	0	0	0	0	0	0	2	0	0	0	0	0	2	0	0	0	0	0	0	0	0	0	0
118325	11 Oct 25	16:09:00	1	0	60	0	Ct	0	1	0	0	0	0	0	0	0	0	0	0	0	2	0	0	0	0	0	0	0	0	0	0	0	0	0	0	0	0	0	0	0	0
118326	11 Oct 25	16:10:00	1	0	60	0	Ct	0	1	0	0	0	0	0	0	0	0	0	0	0	0	0	0	0	2	0	0	0	0	0	2	0	0	0	0	0	0	0	0	0	0
118327	11 Oct 25	16:11:00	1	0	60	0	Ct	0	1	0	0	0	0	0	0	0	0	0	0	0	1	0	0	0	0	0	0	0	0	0	0	0	0	0	0	0	0	0	0	0	0
118328	11 Oct 25	16:12:00	1	0	60	0	Ct	0	1	0	0	0	0	0	0	0	0	0	0	0	1	1	0	0	0	0	0	0	0	0	1	0	0	0	0	0	0	0	0	0	0
118329	11 Oct 25	16:13:00	1	0	60	0	Ct	0	1	0	0	0	0	1	0	0	0	0	0	0	0	0	0	0	0	0	0	0	0	0	1	0	0	0	0	0	0	0	0	0	0
118330	11 Oct 25	16:14:00	1	0	60	0	Ct	0	1	0	0	0	0	0	0	0	0	0	0	0	0	0	0	0	0	0	0	0	0	0	0	0	0	0	0	0	0	0	0	0	0
118331	11 Oct 25	16:15:00	1	0	60	0	Ct	0	1	0	0	0	0	0	0	0	0	0	0	0	0	0	0	0	0	0	0	0	0	0	2	0	0	0	0	0	0	0	0	0	0
118332	11 Oct 25	16:16:00	1	0	60	0	Ct	0	1	0	0	0	0	0	0	0	0	0	0	0	1	0	0	0	0	0	0	0	0	0	0	0	0	0	0	0	0	0	0	0	0
118333	11 Oct 25	16:17:00	1	0	60	0	Ct	0	1	0	0	0	0	1	0	0	0	0	0	0	0	0	0	0	1	1	0	0	0	0	0	0	0	0	0	0	0	0	0	0	0
118334	11 Oct 25	16:18:00	1	0	60	0	Ct	0	1	0	0	0	0	0	0	0	0	0	0	0	0	0	0	0	0	0	0	0	0	0	3	0	0	0	0	1	0	0	0	0	0
118335	11 Oct 25	16:19:00	1	0	60	0	Ct	0	1	0	0	0	0	1	0	0	0	0	0	0	0	0	0	0	1	2	0	0	0	0	2	0	0	0	0	1	0	0	0	0	0
118336	11 Oct 25	16:20:00	1	0	60	0	Ct	0	1	0	0	0	0	1	0	0	0	0	0	0	0	0	0	0	0	0	0	0	0	0	1	0	0	0	0	0	0	0	0	0	0
118337	11 Oct 25	16:21:00	1	0	60	0	Ct	0	1	0	0	0	4	6	0	0	0	0	0	0	0	0	0	0	0	1	0	0	0	0	2	0	0	0	0	0	0	0	0	0	0
118338	11 Oct 25	16:22:00	1	0	60	0	Ct	0	1	0	0	0	5	34	0	0	0	0	0	0	0	0	0	0	0	0	0	0	0	0	1	0	0	0	0	0	0	0	0	0	0
118339	11 Oct 25	16:23:00	1	0	60	0	Ct	0	1	0	0	0	0	29	0	0	0	0	0	0	0	2	0	0	0	0	0	0	0	0	1	0	0	0	0	0	4	0	0	0	0
118340	11 Oct 25	16:24:00	1	0	60	0	Ct	0	1	0	0	0	0	0	0	0	0	0	0	0	0	0	0	0	0	0	0	0	1	0	1	0	0	0	0	3	0	0	0	0	0
118341	11 Oct 25	16:25:00	1	0	60	0	Ct	0	1	0	0	0	0	0	0	0	0	0	0	0	1	0	0	0	0	0	0	0	4	0	1	0	0	0	0	1	0	0	0	0	0
118342	11 Oct 25	16:26:00	1	0	60	0	Ct	0	1	0	0	0	0	0	0	0	0	0	0	0	1	0	0	0	0	0	0	0	0	0	3	0	0	0	0	0	0	1	0	0	0
118343	11 Oct 25	16:27:00	1	0	60	0	Ct	0	1	0	0	0	0	0	0	0	0	0	0	0	0	1	0	0	0	0	0	0	4	0	0	0	0	0	0	1	0	0	0	0	0
118344	11 Oct 25	16:28:00	1	0	60	0	Ct	0	1	0	0	0	0	0	0	0	0	0	0	0	0	0	0	0	0	2	0	0	1	0	0	0	0	0	0	0	0	0	0	0	0
118345	11 Oct 25	16:29:00	1	0	60	0	Ct	0	1	0	0	0	0	0	0	0	0	0	0	0	0	0	0	0	0	0	0	0	0	0	1	0	0	0	0	0	0	3	0	0	0
118346	11 Oct 25	16:30:00	1	0	60	0	Ct	0	1	0	0	0	0	0	0	0	0	0	0	0	17	1	0	0	0	1	0	0	0	0	0	0	0	0	0	0	0	3	0	0	0
118347	11 Oct 25	16:31:00	1	0	60	0	Ct	0	1	0	0	0	0	0	0	0	0	0	0	0	17	0	0	0	0	0	0	0	0	0	1	0	0	0	0	0	0	0	0	0	0
118348	11 Oct 25	16:32:00	1	0	60	0	Ct	0	1	0	0	0	0	0	0	0	0	0	0	0	5	1	0	0	0	0	0	0	2	0	2	0	0	0	0	0	0	0	0	0	0
118349	11 Oct 25	16:33:00	1	0	60	0	Ct	0	1	0	0	0	0	0	0	0	0	0	0	0	0	1	1	0	0	0	0	0	0	0	1	0	0	0	0	5	0	0	0	0	0
118350	11 Oct 25	16:34:00	1	0	60	0	Ct	0	1	0	0	0	0	0	0	0	0	0	1	0	3	1	2	0	0	0	0	0	2	0	0	0	0	0	0	0	0	3	0	0	0
118351	11 Oct 25	16:35:00	1	0	60	0	Ct	0	1	0	0	0	0	0	0	0	0	0	2	0	0	2	0	0	0	0	0	0	7	0	1	0	0	0	0	0	0	21	0	0	0
118352	11 Oct 25	16:36:00	1	0	60	0	Ct	0	1	0	0	0	0	0	0	0	0	0	2	1	0	2	2	0	0	0	0	0	3	0	1	0	0	0	0	0	0	5	0	0	0
118353	11 Oct 25	16:37:00	1	0	60	0	Ct	0	1	0	0	0	0	0	0	0	0	0	0	0	0	3	2	0	0	0	0	0	0	0	0	0	0	0	0	0	0	0	0	0	0
118354	11 Oct 25	16:38:00	1	0	60	0	Ct	0	1	0	0	0	3	0	0	0	0	0	11	0	0	1	1	0	0	0	0	0	2	0	0	0	0	0	0	0	0	0	0	0	0
118355	11 Oct 25	16:39:00	1	0	60	0	Ct	0	1	0	0	0	2	0	0	0	0	0	0	0	0	4	1	0	0	3	0	0	1	0	0	0	0	0	0	1	0	0	0	0	0
118356	11 Oct 25	16:40:00	1	0	60	0	Ct	0	1	0	0	0	2	0	0	0	0	0	0	0	0	0	0	0	0	2	0	0	0	0	1	0	0	0	0	2	0	12	0	0	0
118357	11 Oct 25	16:41:00	1	0	60	0	Ct	0	1	0	0	0	3	0	0	0	0	0	0	0	0	1	1	0	0	0	0	0	0	0	0	0	0	0	0	23	0	0	0	0	0
118358	11 Oct 25	16:42:00	1	0	60	0	Ct	0	1	0	0	0	0	0	0	0	0	0	0	0	0	3	1	0	0	1	0	0	0	0	1	0	0	0	0	0	0	0	0	0	0
118359	11 Oct 25	16:43:00	1	0	60	0	Ct	0	1	0	0	0	3	0	0	0	0	0	0	0	0	1	1	0	0	4	0	0	0	0	1	0	0	0	0	0	0	0	0	0	0
118360	11 Oct 25	16:44:00	1	0	60	0	Ct	0	1	0	0	0	0	0	0	0	0	0	1	0	0	2	1	0	0	2	0	0	0	0	1	0	0	0	0	0	0	0	0	0	0
118361	11 Oct 25	16:45:00	1	0	60	0	Ct	0	1	0	0	0	0	0	0	0	1	0	0	0	2	1	0	0	0	0	0	0	0	0	1	0	0	0	0	0	0	0	0	0	0
118362	11 Oct 25	16:46:00	1	0	60	0	Ct	0	1	0	0	0	1	0	0	0	1	0	0	0	3	1	0	0	2	0	0	0	0	0	0	0	0	0	0	0	0	0	0	0	0
118363	11 Oct 25	16:47:00	1	0	60	0	Ct	0	1	0	0	0	3	0	0	0	0	0	0	0	0	2	0	0	0	0	0	0	0	0	0	0	0	0	0	3	0	0	0	0	0
118364	11 Oct 25	16:48:00	1	0	60	0	Ct	0	1	0	0	0	0	0	0	0	0	0	0	0	2	2	1	0	0	0	0	2	0	0	0	0	0	0	0	0	0	0	0	0	0
118365	11 Oct 25	16:49:00	1	0	60	0	Ct	0	1	0	0	0	0	1	0	0	0	0	0	0	3	1	2	0	1	1	0	1	0	0	0	0	0	0	0	0	0	0	0	0	0
118366	11 Oct 25	16:50:00	1	0	60	0	Ct	0	1	0	0	0	0	0	0	0	1	0	0	0	1	1	6	0	0	0	0	0	0	0	0	0	0	0	0	8	0	0	0	0	0
118367	11 Oct 25	16:51:00	1	0	60	0	Ct	0	1	0	0	0	0	0	0	0	0	0	0	0	2	0	2	0	1	0	0	0	0	0	0	0	0	0	0	1	0	0	0	0	0
118368	11 Oct 25	16:52:00	1	0	60	0	Ct	0	1	0	0	0	0	0	0	0	0	0	0	0	5	4	0	0	2	0	0	0	2	0	1	0	0	0	0	0	0	0	0	0	0
118369	11 Oct 25	16:53:00	1	0	60	0	Ct	0	1	0	0	0	0	2	0	0	0	0	0	0	1	2	0	0	1	0	0	0	1	0	1	0	0	0	0	0	0	0	0	0	0
118370	11 Oct 25	16:54:00	1	0	60	0	Ct	0	1	0	0	0	0	0	0	0	0	0	0	0	1	1	2	3	1	0	0	0	0	0	1	0	0	0	0	0	0	0	0	0	0
118371	11 Oct 25	16:55:00	1	0	60	0	Ct	0	1	0	0	0	0	2	0	0	0	0	0	0	2	1	1	0	1	0	0	0	0	0	3	0	0	0	0	1	0	0	0	0	0
118372	11 Oct 25	16:56:00	1	0	60	0	Ct	0	1	0	0	0	0	0	0	0	0	0	0	0	1	0	0	1	7	0	0	2	0	0	2	0	0	0	0	1	0	0	0	0	0
118373	11 Oct 25	16:57:00	1	0	60	0	Ct	0	1	0	0	0	0	0	0	0	0	0	0	0	2	0	0	0	1	0	0	1	0	0	1	0	0	0	0	0	0	0	0	0	0
118374	11 Oct 25	16:58:00	1	0	60	0	Ct	0	1	0	0	0	0	0	0	0	0	0	0	0	3	0	0	1	0	0	0	0	0	0	2	0	0	0	0	0	0	0	0	0	0
118375	11 Oct 25	16:59:00	1	0	60	0	Ct	0	1	0	1	0	0	0	0	0	0	0	0	0	0	0	0	0	0	2	0	0	0	0	1	0	0	0	0	0	0	0	3	0	0
118376	11 Oct 25	17:00:00	1	0	60	0	Ct	0	1	0	0	0	0	0	0	0	0	0	0	0	0	0	0	8	0	0	0	1	3	0	1	2	0	0	0	0	0	0	0	0	0
118377	11 Oct 25	17:01:00	1	0	60	0	Ct	0	1	0	0	0	0	0	0	0	0	0	0	0	0	0	0	4	0	0	0	0	1	0	0	0	0	0	0	0	0	0	1	0	0
118378	11 Oct 25	17:02:00	1	0	60	0	Ct	0	1	0	0	0	0	0	0	0	0	0	0	0	3	1	0	2	0	8	0	0	0	0	1	0	0	0	0	0	0	0	1	0	0
118379	11 Oct 25	17:03:00	1	0	60	0	Ct	0	1	0	0	0	0	2	0	0	0	0	0	0	1	2	0	2	0	2	0	0	0	0	0	3	0	0	0	0	0	0	0	0	0
118380	11 Oct 25	17:04:00	1	0	60	0	Ct	0	1	0	0	0	0	0	0	0	0	0	0	0	6	2	0	0	0	0	0	0	0	0	0	0	0	0	0	0	0	0	0	0	0
118381	11 Oct 25	17:05:00	1	0	60	0	Ct	0	1	0	0	0	0	0	0	0	0	0	0	0	0	1	0	0	0	5	0	0	0	0	1	0	0	0	0	0	0	0	2	0	0
118382	11 Oct 25	17:06:00	1	0	60	0	Ct	0	1	0	0	0	0	0	0	0	0	0	0	0	1	2	0	0	0	0	0	4	0	0	9	0	0	0	0	0	0	0	0	0	0
118383	11 Oct 25	17:07:00	1	0	60	0	Ct	0	1	0	0	0	0	0	0	0	0	0	0	0	3	2	0	0	0	0	0	2	0	0	4	0	0	0	0	0	5	0	0	0	0
118384	11 Oct 25	17:08:00	1	0	60	0	Ct	0	1	0	0	0	0	0	0	0	0	0	0	0	1	0	0	0	1	0	0	1	0	0	5	0	0	0	0	0	3	0	0	0	0
118385	11 Oct 25	17:09:00	1	0	60	0	Ct	0	1	0	0	0	0	0	0	0	0	0	0	0	1	1	0	0	0	0	0	0	0	0	1	0	0	0	0	0	8	0	0	0	0
118386	11 Oct 25	17:10:00	1	0	60	0	Ct	0	1	0	0	0	0	0	0	0	0	0	0	0	4	2	0	0	0	0	0	2	0	0	1	0	0	0	0	0	2	0	0	0	0
118387	11 Oct 25	17:11:00	1	0	60	0	Ct	0	1	0	0	0	0	0	0	0	0	0	0	0	0	2	0	1	0	0	0	0	2	0	6	0	0	0	0	0	0	0	1	0	0
118388	11 Oct 25	17:12:00	1	0	60	0	Ct	0	1	0	0	0	0	0	0	0	0	0	0	0	0	0	0	1	0	1	0	3	1	0	0	0	0	0	0	0	0	0	3	0	2
118389	11 Oct 25	17:13:00	1	0	60	0	Ct	0	1	1	0	0	0	0	0	0	0	0	0	0	0	1	0	2	0	0	0	3	0	0	0	0	0	0	0	0	0	0	1	0	0
118390	11 Oct 25	17:14:00	1	0	60	0	Ct	0	1	0	0	0	0	0	0	0	0	0	0	0	0	2	0	6	0	0	0	2	0	0	3	0	0	0	0	0	0	0	2	0	0
118391	11 Oct 25	17:15:00	1	0	60	0	Ct	0	1	1	0	0	0	0	0	0	0	0	0	0	2	1	0	7	0	0	0	5	0	0	2	0	0	0	0	0	0	0	3	0	0
118392	11 Oct 25	17:16:00	1	0	60	0	Ct	0	1	0	0	0	0	0	0	0	0	0	0	0	0	3	0	1	0	0	0	6	2	0	1	0	0	0	0	0	0	0	0	0	2
118393	11 Oct 25	17:17:00	1	0	60	0	Ct	0	1	2	0	0	0	0	0	0	0	0	0	0	0	2	0	0	0	0	0	3	1	0	0	0	0	0	0	0	3	0	2	0	1
118394	11 Oct 25	17:18:00	1	0	60	0	Ct	0	1	1	0	0	0	0	0	0	0	0	0	0	0	2	0	0	0	0	0	3	0	0	0	0	0	0	0	0	7	0	1	0	1
118395	11 Oct 25	17:19:00	1	0	60	0	Ct	0	1	1	0	0	0	0	0	0	0	0	0	0	0	1	0	0	0	0	0	2	0	0	0	0	0	0	0	0	0	0	1	0	2
118396	11 Oct 25	17:20:00	1	0	60	0	Ct	0	1	16	0	0	0	0	0	0	0	0	0	0	2	1	0	0	1	0	0	3	0	0	0	0	0	0	0	0	0	0	2	0	4
118397	11 Oct 25	17:21:00	1	0	60	0	Ct	0	1	1	0	0	0	0	0	0	0	0	0	0	5	1	0	0	0	0	0	3	0	0	0	0	0	0	0	0	0	0	0	0	5
118398	11 Oct 25	17:22:00	1	0	60	0	Ct	0	1	1	0	0	0	0	0	0	0	0	0	0	1	0	0	0	0	0	0	3	0	0	0	0	0	0	0	0	0	0	1	0	1
118399	11 Oct 25	17:23:00	1	0	60	0	Ct	0	1	2	0	0	0	0	0	0	0	0	0	0	0	1	0	0	0	0	0	3	0	0	0	0	0	0	0	0	0	0	2	0	2
118400	11 Oct 25	17:24:00	1	0	60	0	Ct	0	1	0	0	0	0	0	0	0	0	0	0	0	3	2	0	0	0	0	0	5	0	0	0	0	0	0	0	0	0	0	2	0	0
118401	11 Oct 25	17:25:00	1	0	60	0	Ct	0	1	1	0	0	0	0	0	0	0	0	0	0	1	4	0	0	0	0	0	4	0	0	0	0	0	0	0	0	0	0	2	0	2
118402	11 Oct 25	17:26:00	1	0	60	0	Ct	0	1	0	0	0	0	0	0	0	0	0	0	0	0	1	0	0	0	0	0	1	0	0	0	0	0	0	0	0	0	0	4	0	1
118403	11 Oct 25	17:27:00	1	0	60	0	Ct	0	1	0	0	0	0	0	0	0	0	0	0	0	0	0	0	0	0	0	0	2	0	0	0	0	0	0	0	0	1	0	2	0	2
118404	11 Oct 25	17:28:00	1	0	60	0	Ct	0	1	0	0	0	0	0	0	0	0	0	0	0	0	2	0	0	0	0	0	5	0	0	0	0	0	0	1	0	0	0	2	0	3
118405	11 Oct 25	17:29:00	1	0	60	0	Ct	0	1	0	0	0	0	0	0	0	0	0	0	1	0	5	0	0	0	0	0	3	0	0	0	0	0	0	1	1	0	0	2	0	1
118406	11 Oct 25	17:30:00	1	0	60	0	Ct	0	1	0	0	0	0	0	0	0	0	0	0	0	0	14	0	0	0	0	0	5	0	0	0	0	0	0	0	3	0	0	2	0	1
118407	11 Oct 25	17:31:00	1	0	60	0	Ct	0	1	0	0	0	0	0	0	0	0	0	0	0	0	2	0	0	0	0	0	3	0	0	0	1	0	0	0	2	0	0	1	2	2
118408	11 Oct 25	17:32:00	1	0	60	0	Ct	0	1	0	0	0	0	0	0	0	0	0	0	0	0	6	0	2	0	0	0	1	0	0	0	1	0	0	0	0	0	0	1	10	1
118409	11 Oct 25	17:33:00	1	0	60	0	Ct	0	1	0	0	0	0	0	0	0	0	0	0	0	0	1	0	0	0	0	0	3	0	0	0	2	0	0	0	2	0	0	2	0	2
118410	11 Oct 25	17:34:00	1	0	60	0	Ct	0	1	0	0	0	0	0	0	0	0	0	0	0	0	2	0	0	0	0	0	2	0	0	0	1	0	0	0	0	0	0	2	0	4
118411	11 Oct 25	17:35:00	1	0	60	0	Ct	0	1	0	0	0	0	0	0	0	0	0	0	0	0	1	0	0	0	0	0	3	0	0	0	2	0	0	0	2	0	0	1	0	2
118412	11 Oct 25	17:36:00	1	0	60	0	Ct	0	1	0	0	0	0	0	0	0	0	0	0	0	0	1	0	0	0	0	0	3	0	0	0	2	0	0	0	1	0	0	4	0	2
118413	11 Oct 25	17:37:00	1	0	60	0	Ct	0	1	0	0	0	0	0	0	0	0	0	0	0	0	2	0	0	0	0	0	2	0	0	0	4	0	0	0	0	0	0	2	0	3
118414	11 Oct 25	17:38:00	1	0	60	0	Ct	0	1	0	0	0	0	0	0	0	0	0	0	0	0	1	0	2	0	0	0	7	0	0	0	2	0	0	0	0	0	0	2	0	2
118415	11 Oct 25	17:39:00	1	0	60	0	Ct	0	1	0	0	0	0	0	0	0	0	0	0	0	0	1	0	7	0	0	0	3	0	0	0	1	0	0	0	0	0	0	3	0	4
118416	11 Oct 25	17:40:00	1	0	60	0	Ct	0	1	0	0	0	0	0	0	0	0	0	0	0	0	1	0	0	0	0	0	2	0	0	0	2	0	0	0	0	1	0	2	0	2
118417	11 Oct 25	17:41:00	1	0	60	0	Ct	0	1	0	0	0	0	2	0	0	0	0	0	0	0	2	0	0	0	0	0	2	0	0	0	2	0	0	0	0	0	0	0	0	4
118418	11 Oct 25	17:42:00	1	0	60	0	Ct	0	1	0	0	0	0	2	0	0	0	0	0	0	0	0	0	0	0	0	0	3	0	0	0	2	0	0	0	0	0	0	2	0	3
118419	11 Oct 25	17:43:00	1	0	60	0	Ct	0	1	1	0	0	0	4	0	0	0	0	0	0	0	0	0	2	0	0	0	2	0	0	0	1	0	0	0	0	0	0	5	0	1
118420	11 Oct 25	17:44:00	1	0	60	0	Ct	0	1	1	0	0	0	1	0	0	0	0	0	0	0	0	0	7	0	0	0	4	0	0	0	1	0	0	2	2	1	0	2	0	2
118421	11 Oct 25	17:45:00	1	0	60	0	Ct	0	1	0	0	0	0	3	0	0	0	0	0	0	0	1	0	3	0	0	0	5	0	0	0	2	0	0	2	1	0	0	2	0	4
118422	11 Oct 25	17:46:00	1	0	60	0	Ct	0	1	1	0	0	0	3	0	0	0	0	0	0	0	0	0	0	0	0	0	2	0	0	0	1	0	0	0	3	0	0	0	0	1
118423	11 Oct 25	17:47:00	1	0	60	0	Ct	0	1	1	3	0	0	2	0	0	0	0	0	0	0	0	0	0	0	0	0	4	0	0	0	2	0	0	4	1	0	0	1	0	4
118424	11 Oct 25	17:48:00	1	0	60	0	Ct	0	1	1	1	0	0	3	0	0	0	0	0	0	0	0	0	0	0	0	0	3	0	0	0	3	0	0	2	2	0	0	2	0	1
118425	11 Oct 25	17:49:00	1	0	60	0	Ct	0	1	0	0	0	0	4	0	0	0	0	0	0	0	0	0	0	0	0	0	3	0	0	0	2	0	0	4	1	0	0	2	0	1
118426	11 Oct 25	17:50:00	1	0	60	0	Ct	0	1	4	0	0	0	2	0	0	0	0	0	30	0	1	0	0	0	0	0	2	0	0	0	2	0	0	4	1	0	0	2	0	1
118427	11 Oct 25	17:51:00	1	0	60	0	Ct	0	1	0	0	0	0	1	0	0	0	0	0	0	1	3	0	0	0	0	0	1	0	0	0	2	0	0	3	2	0	0	3	0	1
118428	11 Oct 25	17:52:00	1	0	60	0	Ct	0	1	1	0	0	0	0	0	0	0	0	0	0	0	1	0	0	0	1	0	3	0	0	0	2	0	0	4	2	0	0	1	0	2
118429	11 Oct 25	17:53:00	1	0	60	0	Ct	0	1	0	0	0	0	3	0	0	0	0	0	0	1	2	0	0	0	1	0	0	0	0	0	3	0	0	3	2	0	1	0	0	1
118430	11 Oct 25	17:54:00	1	0	60	0	Ct	0	1	1	0	0	0	1	0	0	0	0	0	0	2	1	1	2	0	2	0	3	0	0	0	2	0	0	4	3	2	0	0	0	0
118431	11 Oct 25	17:55:00	1	0	60	0	Ct	0	1	1	0	0	0	1	0	0	0	0	0	0	1	2	1	3	0	3	0	4	0	0	0	3	0	0	4	0	0	1	2	0	0
118432	11 Oct 25	17:56:00	1	0	60	0	Ct	0	1	0	0	0	0	2	0	0	0	0	0	0	1	4	0	0	0	1	0	2	0	0	0	1	0	0	4	3	4	0	2	0	0
118433	11 Oct 25	17:57:00	1	0	60	0	Ct	0	1	1	0	0	0	7	0	0	0	0	0	0	0	2	0	0	1	2	0	0	0	0	0	3	0	0	3	2	0	0	1	0	0
118434	11 Oct 25	17:58:00	1	0	60	0	Ct	0	1	3	0	0	0	0	0	0	0	0	0	0	0	1	0	0	1	2	0	2	0	0	0	3	0	0	3	0	0	0	1	0	0
118435	11 Oct 25	17:59:00	1	0	60	0	Ct	0	1	0	0	0	0	4	0	0	0	0	0	0	0	0	2	1	1	2	0	3	0	0	0	2	0	0	2	0	13	0	2	0	0
118436	11 Oct 25	18:00:00	1	0	60	0	Ct	0	1	1	0	0	0	2	0	0	0	0	0	0	0	0	0	1	1	1	0	3	0	0	0	2	0	0	3	1	34	0	1	0	0
118437	11 Oct 25	18:01:00	1	0	60	0	Ct	0	1	0	0	0	0	2	0	0	0	0	0	0	0	2	0	0	0	4	0	1	0	0	0	1	0	0	4	1	30	0	1	0	3
118438	11 Oct 25	18:02:00	1	0	60	0	Ct	0	1	1	0	0	0	2	0	0	0	0	0	0	0	2	0	0	0	2	0	3	0	0	0	2	0	0	2	0	20	0	0	0	1
118439	11 Oct 25	18:03:00	1	0	60	0	Ct	0	1	7	1	0	0	3	0	0	0	0	0	0	0	3	0	0	0	2	0	2	0	0	0	3	0	0	4	0	0	0	0	0	5
118440	11 Oct 25	18:04:00	1	0	60	0	Ct	0	1	1	3	0	0	2	0	0	0	0	0	0	0	2	0	0	0	2	0	0	0	0	0	1	0	0	3	0	1	0	0	0	3
118441	11 Oct 25	18:05:00	1	0	60	0	Ct	0	1	0	0	0	0	2	0	0	0	0	0	0	2	2	0	0	0	2	0	1	0	0	0	3	0	0	4	7	0	0	0	0	2
118442	11 Oct 25	18:06:00	1	0	60	0	Ct	0	1	2	1	0	0	2	0	0	0	0	3	0	0	2	0	0	0	2	0	3	0	0	0	2	0	0	2	12	1	0	2	2	3
118443	11 Oct 25	18:07:00	1	0	60	0	Ct	0	0	2	0	0	0	3	0	0	1	0	1	1	5	0	2	0	0	3	0	3	2	0	1	6	0	0	5	2	3	0	4	0	3
118444	11 Oct 25	18:08:00	1	0	60	0	Ct	0	0	2	0	0	0	4	0	0	0	0	0	2	5	4	0	0	0	3	0	4	0	0	0	2	2	0	4	3	0	2	4	3	3
118445	11 Oct 25	18:09:00	1	0	60	0	Ct	0	0	2	0	0	0	3	0	0	0	0	0	1	3	1	2	1	0	3	0	3	3	2	0	3	0	0	5	5	0	2	3	3	3
118446	11 Oct 25	18:10:00	1	0	60	0	Ct	0	0	1	0	0	0	3	0	0	0	3	0	3	5	1	1	5	2	3	0	4	0	4	0	3	3	2	4	2	0	2	3	3	5
118447	11 Oct 25	18:11:00	1	0	60	0	Ct	0	0	0	1	0	0	2	0	2	0	1	0	1	3	0	3	1	1	3	0	3	3	6	0	1	3	1	3	3	2	2	3	3	4
118448	11 Oct 25	18:12:00	1	0	60	0	Ct	0	0	0	0	0	0	4	2	0	0	2	0	3	2	1	1	0	5	3	0	4	1	3	0	1	3	2	4	2	0	3	4	3	3
118449	11 Oct 25	18:13:00	1	0	60	0	Ct	0	0	0	0	0	0	3	1	2	0	4	5	5	1	2	2	0	0	3	0	3	3	4	0	0	2	5	5	3	0	4	3	2	2
118450	11 Oct 25	18:14:00	1	0	60	0	Ct	0	0	0	0	0	0	3	3	1	4	1	4	1	2	2	2	4	0	3	0	4	8	2	0	0	2	2	3	2	0	3	2	2	3
118451	11 Oct 25	18:15:00	1	0	60	0	Ct	0	0	0	0	0	0	4	2	2	3	2	4	4	1	2	5	1	0	4	0	3	1	4	4	1	3	4	4	2	0	0	4	1	3
118452	11 Oct 25	18:16:00	1	0	60	0	Ct	0	0	0	0	0	0	2	3	2	3	3	4	4	5	2	3	0	0	2	0	4	2	3	0	3	2	3	4	3	0	4	2	2	3
118453	11 Oct 25	18:17:00	1	0	60	0	Ct	0	0	0	0	0	0	4	4	3	3	2	3	7	2	1	2	1	0	2	0	3	0	3	2	1	2	4	4	0	0	2	1	3	2
118454	11 Oct 25	18:18:00	1	0	60	0	Ct	0	0	0	0	0	0	3	2	1	4	3	4	3	3	1	2	2	2	2	0	3	1	4	0	1	3	2	4	1	1	2	2	2	1
118455	11 Oct 25	18:19:00	1	0	60	0	Ct	0	0	0	0	0	0	4	2	4	4	2	4	3	2	2	2	0	4	3	0	3	4	3	2	1	2	4	4	2	1	3	2	2	2
118456	11 Oct 25	18:20:00	1	0	60	0	Ct	0	0	0	0	0	0	1	3	1	2	2	4	1	2	0	1	0	4	2	0	10	1	4	3	5	2	2	4	0	2	2	2	3	3
118457	11 Oct 25	18:21:00	1	0	60	0	Ct	0	0	0	0	0	0	1	4	4	4	2	3	3	3	2	3	0	4	2	0	3	4	2	2	3	1	2	4	2	2	2	3	1	3
118458	11 Oct 25	18:22:00	1	0	60	0	Ct	0	0	2	2	0	0	5	2	1	4	1	1	5	4	1	1	13	2	3	0	2	1	4	3	3	2	1	4	2	2	2	1	1	2
118459	11 Oct 25	18:23:00	1	0	60	0	Ct	0	0	1	3	0	0	4	0	2	3	3	3	5	4	3	2	0	3	3	0	3	1	3	3	3	2	1	4	3	0	1	3	2	4
118460	11 Oct 25	18:24:00	1	0	60	0	Ct	0	0	3	0	0	0	1	3	0	3	3	4	3	0	0	2	1	3	1	0	4	6	2	1	3	2	2	4	2	0	2	1	3	1
118461	11 Oct 25	18:25:00	1	0	60	0	Ct	0	0	2	2	0	0	4	0	2	2	1	5	4	1	0	2	0	4	3	0	3	0	2	1	3	3	1	5	2	0	2	4	1	3
118462	11 Oct 25	18:26:00	1	0	60	0	Ct	0	0	6	3	0	0	2	3	2	3	1	4	1	0	0	2	2	3	1	0	3	3	3	2	2	1	1	1	1	0	2	2	3	3
118463	11 Oct 25	18:27:00	1	0	60	0	Ct	0	0	5	4	0	0	2	2	0	3	2	3	2	1	0	1	1	4	2	0	3	2	2	2	2	2	1	4	2	3	1	2	5	3
118464	11 Oct 25	18:28:00	1	0	60	0	Ct	0	0	6	3	0	0	3	1	0	2	1	4	2	1	3	4	1	3	2	0	4	9	0	2	2	2	1	4	0	2	3	3	2	4
118465	11 Oct 25	18:29:00	1	0	60	0	Ct	0	0	0	4	2	0	3	2	1	4	3	1	0	4	2	2	13	2	5	0	3	0	4	2	2	3	2	3	4	1	1	2	2	2
118466	11 Oct 25	18:30:00	1	0	60	0	Ct	0	0	1	2	0	0	4	1	2	2	4	0	2	1	2	5	0	2	2	0	3	0	2	0	1	1	2	3	2	4	1	2	3	2
118467	11 Oct 25	18:31:00	1	0	60	0	Ct	0	0	2	3	2	0	3	1	3	3	1	1	3	5	1	2	4	2	2	0	2	1	2	1	1	3	2	4	1	0	3	4	2	2
118468	11 Oct 25	18:32:00	1	0	60	0	Ct	0	0	8	2	1	0	1	2	2	5	3	3	4	1	1	1	0	2	2	0	4	0	0	1	2	1	1	4	2	1	2	15	2	2
118469	11 Oct 25	18:33:00	1	0	60	0	Ct	0	0	1	4	2	0	2	2	1	1	3	2	0	0	2	2	3	2	2	0	3	3	3	0	4	4	1	5	3	0	3	6	3	4
118470	11 Oct 25	18:34:00	1	0	60	0	Ct	0	0	4	4	3	0	3	2	2	0	2	5	0	2	2	4	0	2	4	0	6	1	3	2	2	2	2	5	2	8	2	2	2	1
118471	11 Oct 25	18:35:00	1	0	60	0	Ct	0	0	1	3	3	0	3	1	0	1	0	4	3	2	1	1	0	1	3	0	2	1	1	3	3	2	0	4	1	7	1	2	1	5
118472	11 Oct 25	18:36:00	1	0	60	0	Ct	0	0	0	4	3	0	2	3	4	3	2	4	6	1	1	5	0	2	2	0	3	1	1	2	2	2	1	3	1	0	1	2	2	1
118473	11 Oct 25	18:37:00	1	0	60	0	Ct	0	0	2	4	2	0	1	1	2	2	1	2	0	1	3	5	0	3	3	0	3	5	3	2	2	4	1	5	1	3	3	2	2	1
118474	11 Oct 25	18:38:00	1	0	60	0	Ct	0	0	0	2	3	0	2	1	2	2	1	3	3	0	0	1	1	3	1	0	3	2	2	1	2	2	0	3	1	2	1	5	1	3
118475	11 Oct 25	18:39:00	1	0	60	0	Ct	0	0	2	4	3	0	3	2	2	3	2	3	4	4	2	1	0	2	1	0	2	2	3	2	4	1	1	4	2	2	1	0	3	3
118476	11 Oct 25	18:40:00	1	0	60	0	Ct	0	0	1	3	3	0	0	1	0	1	0	2	0	1	1	0	2	2	3	0	4	3	3	3	2	3	3	3	1	1	1	2	1	3
118477	11 Oct 25	18:41:00	1	0	60	0	Ct	0	0	3	2	2	0	2	2	5	3	1	1	2	3	1	2	3	2	2	0	2	7	2	3	2	3	1	3	1	3	0	0	2	2
118478	11 Oct 25	18:42:00	1	0	60	0	Ct	0	0	0	4	3	0	1	1	3	1	0	3	0	3	0	2	0	1	1	0	3	0	2	2	1	2	5	1	0	4	1	7	3	0
118479	11 Oct 25	18:43:00	1	0	60	0	Ct	0	0	0	2	3	0	3	1	2	0	1	4	0	0	2	1	0	1	2	0	4	0	1	0	2	2	0	2	2	1	1	1	1	4
118480	11 Oct 25	18:44:00	1	0	60	0	Ct	0	0	5	4	2	0	0	1	0	2	2	3	0	11	2	1	4	2	2	0	3	0	2	3	3	2	1	4	2	7	1	0	2	1
118481	11 Oct 25	18:45:00	1	0	60	0	Ct	0	0	1	5	2	0	2	0	2	2	1	2	0	2	1	1	0	2	2	0	3	2	2	0	2	2	1	4	1	1	1	0	3	4
118482	11 Oct 25	18:46:00	1	0	60	0	Ct	0	0	2	2	3	0	1	3	1	1	2	1	4	0	0	1	1	3	2	0	4	1	4	2	1	2	0	3	1	1	1	0	1	4
118483	11 Oct 25	18:47:00	1	0	60	0	Ct	0	0	0	3	2	0	2	3	1	1	3	1	1	1	1	3	0	2	0	0	3	0	0	1	3	1	5	4	0	1	1	2	2	1
118484	11 Oct 25	18:48:00	1	0	60	0	Ct	0	0	1	3	2	0	1	1	2	1	2	2	0	1	1	2	0	2	2	0	2	1	3	2	0	2	5	3	1	3	4	2	3	1
118485	11 Oct 25	18:49:00	1	0	60	0	Ct	0	0	1	2	2	0	3	4	2	0	2	1	3	4	0	2	0	2	3	0	3	0	2	5	3	2	1	3	1	10	3	0	2	0
118486	11 Oct 25	18:50:00	1	0	60	0	Ct	0	0	1	2	2	0	2	1	3	3	1	1	2	6	0	1	1	1	1	0	3	1	3	3	1	3	2	4	1	1	2	1	3	3
118487	11 Oct 25	18:51:00	1	0	60	0	Ct	0	0	1	2	3	0	2	1	4	1	2	3	2	2	0	1	3	2	3	0	5	1	2	3	0	2	0	3	3	4	1	4	0	2
118488	11 Oct 25	18:52:00	1	0	60	0	Ct	0	0	4	1	1	0	2	1	2	2	2	3	4	2	0	0	3	2	1	0	4	1	5	1	0	1	2	3	1	1	4	2	1	2
118489	11 Oct 25	18:53:00	1	0	60	0	Ct	0	0	0	3	2	2	2	2	3	1	2	3	1	1	0	2	0	2	1	0	2	4	4	2	0	1	0	4	3	3	2	1	8	2
118490	11 Oct 25	18:54:00	1	0	60	0	Ct	0	0	0	2	3	2	1	3	1	3	1	4	0	3	6	1	10	1	2	0	4	1	2	2	0	1	1	3	3	1	2	0	1	2
118491	11 Oct 25	18:55:00	1	0	60	0	Ct	0	0	0	2	2	0	1	1	1	3	1	2	2	7	0	2	0	2	2	0	4	5	10	1	3	2	1	2	3	4	1	0	1	3
118492	11 Oct 25	18:56:00	1	0	60	0	Ct	0	0	0	5	1	0	1	4	0	3	3	3	3	5	2	1	2	3	0	0	3	0	1	2	0	2	2	0	1	1	1	4	8	3
118493	11 Oct 25	18:57:00	1	0	60	0	Ct	0	0	0	3	2	0	3	1	3	2	0	2	3	6	3	3	0	2	6	0	3	1	1	2	2	2	1	0	1	0	2	3	2	3
118494	11 Oct 25	18:58:00	1	0	60	0	Ct	0	0	0	2	3	0	6	0	1	2	1	0	4	7	1	2	0	1	3	0	1	3	5	2	6	1	0	2	2	3	2	6	2	3
118495	11 Oct 25	18:59:00	1	0	60	0	Ct	0	0	0	2	2	0	2	2	1	1	1	1	2	1	1	0	0	3	2	0	3	0	2	3	1	2	0	3	0	2	2	1	2	2
118496	11 Oct 25	19:00:00	1	0	60	0	Ct	0	0	0	3	3	0	3	5	4	2	1	2	1	1	1	1	0	2	1	0	3	4	6	3	3	2	1	3	1	3	1	4	1	2
118497	11 Oct 25	19:01:00	1	0	60	0	Ct	0	0	0	3	1	0	2	1	0	3	0	2	3	0	1	1	0	1	2	0	3	5	1	1	2	5	1	4	10	1	2	3	0	3
118498	11 Oct 25	19:02:00	1	0	60	0	Ct	0	0	0	2	1	0	3	2	3	1	3	2	4	1	4	2	0	3	2	0	5	4	4	2	3	2	0	3	1	0	2	1	1	2
118499	11 Oct 25	19:03:00	1	0	60	0	Ct	0	0	0	3	2	0	3	1	3	2	1	3	2	1	1	2	0	3	2	0	6	9	1	1	2	2	1	3	2	2	1	2	3	3
118500	11 Oct 25	19:04:00	1	0	60	0	Ct	0	0	0	1	2	0	2	1	1	0	1	2	2	1	1	0	0	1	1	0	3	5	1	3	2	4	1	2	1	1	0	3	4	2
118501	11 Oct 25	19:05:00	1	0	60	0	Ct	0	0	0	3	2	0	1	2	4	2	1	1	2	0	1	7	0	1	2	0	3	2	1	2	2	1	2	3	1	2	1	0	1	2
118502	11 Oct 25	19:06:00	1	0	60	0	Ct	0	0	0	5	2	0	3	0	1	3	0	4	1	1	0	0	0	3	3	0	3	1	1	0	3	0	1	3	1	2	1	2	3	3
118503	11 Oct 25	19:07:00	1	0	60	0	Ct	0	0	0	4	5	0	1	2	1	2	1	2	2	3	2	2	0	3	2	0	6	2	4	0	0	2	1	4	3	2	2	1	1	2
118504	11 Oct 25	19:08:00	1	0	60	0	Ct	0	0	0	2	1	0	1	0	3	2	1	2	2	3	1	2	0	2	1	0	4	1	3	3	3	1	3	4	1	1	1	3	3	2
118505	11 Oct 25	19:09:00	1	0	60	0	Ct	0	0	0	2	3	0	1	1	2	3	1	4	2	3	0	6	21	3	2	0	3	1	1	0	1	3	0	1	2	3	3	1	1	3
118506	11 Oct 25	19:10:00	1	0	60	0	Ct	0	0	0	5	2	0	2	3	1	1	0	2	3	0	1	4	2	2	2	0	0	1	1	2	2	2	1	4	2	2	0	0	3	3
118507	11 Oct 25	19:11:00	1	0	60	0	Ct	0	0	0	5	1	0	2	2	2	0	2	1	2	5	2	0	0	3	2	0	6	0	3	2	4	6	5	3	0	3	1	1	2	2
118508	11 Oct 25	19:12:00	1	0	60	0	Ct	0	0	0	1	1	0	1	5	1	0	1	4	1	3	2	0	0	1	1	0	3	0	1	1	1	2	1	3	0	1	1	1	1	1
118509	11 Oct 25	19:13:00	1	0	60	0	Ct	0	0	0	2	1	2	3	1	0	0	0	3	1	3	4	1	0	2	4	0	4	1	6	1	2	4	1	5	0	1	0	2	1	3
118510	11 Oct 25	19:14:00	1	0	60	0	Ct	0	0	0	2	3	3	2	1	1	0	1	0	5	7	2	2	0	2	1	0	3	3	2	1	2	2	1	3	2	4	0	0	2	2
118511	11 Oct 25	19:15:00	1	0	60	0	Ct	0	0	0	4	2	0	0	0	3	0	1	4	1	1	1	2	0	4	0	0	3	0	2	3	2	1	1	2	0	1	1	2	1	2
118512	11 Oct 25	19:16:00	1	0	60	0	Ct	0	0	0	4	2	0	2	3	0	2	0	1	0	2	2	1	0	2	2	0	3	4	1	1	2	1	1	4	0	0	2	2	3	3
118513	11 Oct 25	19:17:00	1	0	60	0	Ct	0	0	0	3	2	8	2	3	1	3	3	3	1	2	2	2	1	4	4	0	0	4	1	2	1	2	1	2	0	3	1	2	1	2
118514	11 Oct 25	19:18:00	1	0	60	0	Ct	0	0	0	4	2	1	1	0	2	2	1	3	1	0	2	2	0	2	1	0	1	1	3	3	4	3	1	4	0	0	1	2	2	4
118515	11 Oct 25	19:19:00	1	0	60	0	Ct	0	0	1	2	0	0	2	3	1	3	2	1	1	3	3	1	0	3	2	0	0	1	1	1	10	1	3	3	0	1	2	0	2	1
118516	11 Oct 25	19:20:00	1	0	60	0	Ct	0	0	4	2	2	0	4	2	0	2	4	1	0	2	4	1	0	3	1	0	2	2	1	0	4	3	2	3	0	1	1	5	1	2
118517	11 Oct 25	19:21:00	1	0	60	0	Ct	0	0	1	2	2	0	1	0	5	3	1	1	0	3	0	4	0	1	1	0	4	7	1	0	3	2	0	3	0	0	2	1	1	1
118518	11 Oct 25	19:22:00	1	0	60	0	Ct	0	0	1	5	1	0	1	2	2	2	2	3	0	0	0	1	0	2	2	0	4	0	4	2	4	1	1	3	0	2	3	2	2	2
118519	11 Oct 25	19:23:00	1	0	60	0	Ct	0	0	1	3	1	0	0	0	1	2	1	1	2	1	0	2	1	0	2	0	4	3	1	1	4	2	2	4	5	4	2	4	3	5
118520	11 Oct 25	19:24:00	1	0	60	0	Ct	0	0	2	3	2	0	2	3	2	1	1	2	2	2	0	3	3	1	2	0	2	2	3	6	1	3	3	2	1	0	2	0	1	1
118521	11 Oct 25	19:25:00	1	0	60	0	Ct	0	0	0	4	1	0	0	0	2	2	1	2	3	1	0	1	8	2	1	0	3	0	0	1	1	1	1	3	2	0	1	0	2	3
118522	11 Oct 25	19:26:00	1	0	60	0	Ct	0	0	5	3	2	0	1	1	1	2	1	2	1	1	1	1	0	5	1	0	2	2	6	1	4	3	2	2	1	2	2	2	3	4
118523	11 Oct 25	19:27:00	1	0	60	0	Ct	0	0	0	2	3	0	3	4	2	2	1	2	2	0	1	1	0	2	1	0	3	0	0	2	3	2	2	5	3	1	2	12	1	2
118524	11 Oct 25	19:28:00	1	0	60	0	Ct	0	0	8	2	3	0	2	1	0	2	3	2	1	2	2	0	0	2	2	0	2	9	3	2	2	2	4	4	3	2	4	0	3	4
118525	11 Oct 25	19:29:00	1	0	60	0	Ct	0	0	1	4	2	0	2	8	1	0	3	3	2	1	1	0	1	4	2	0	1	0	4	2	2	2	0	4	1	2	2	2	2	2
118526	11 Oct 25	19:30:00	1	0	60	0	Ct	0	0	2	3	4	0	3	0	1	0	0	2	0	2	0	2	0	2	2	0	6	1	5	0	2	2	5	3	0	2	1	2	8	1
118527	11 Oct 25	19:31:00	1	0	60	0	Ct	0	0	0	5	2	0	2	1	1	2	0	2	2	1	1	1	4	4	3	0	2	0	2	2	1	1	5	2	0	2	1	0	1	0
118528	11 Oct 25	19:32:00	1	0	60	0	Ct	0	0	21	2	1	0	2	1	2	2	0	2	1	0	2	3	0	2	0	0	3	2	0	1	2	0	2	3	2	2	0	2	3	5
118529	11 Oct 25	19:33:00	1	0	60	0	Ct	0	0	0	2	1	0	3	1	1	2	1	3	3	0	1	5	0	2	1	0	6	1	0	1	1	3	0	4	4	3	2	1	6	2
118530	11 Oct 25	19:34:00	1	0	60	0	Ct	0	0	2	1	2	0	1	1	4	2	1	1	2	0	2	0	0	0	2	0	5	4	4	0	1	0	1	4	0	2	1	2	1	4
118531	11 Oct 25	19:35:00	1	0	60	0	Ct	0	0	1	0	2	0	2	7	1	2	1	5	4	0	1	2	2	2	1	0	2	0	8	1	1	0	1	4	1	2	2	1	1	3
118532	11 Oct 25	19:36:00	1	0	60	0	Ct	0	0	12	2	3	0	0	1	1	1	0	22	2	6	2	1	1	2	0	0	2	1	9	1	0	1	1	2	2	1	2	3	3	3
118533	11 Oct 25	19:37:00	1	0	60	0	Ct	0	0	2	3	2	0	1	2	0	3	2	3	1	0	3	3	0	3	2	0	4	8	5	1	0	3	6	3	1	2	2	1	2	3
118534	11 Oct 25	19:38:00	1	0	60	0	Ct	0	0	1	2	3	0	0	2	1	3	4	4	1	4	1	1	0	2	1	0	3	0	2	2	0	2	1	5	0	0	1	0	2	3
118535	11 Oct 25	19:39:00	1	0	60	0	Ct	0	0	4	3	1	0	3	2	3	2	2	2	1	2	2	0	0	0	1	0	3	1	1	4	0	1	0	3	2	0	2	1	4	3
118536	11 Oct 25	19:40:00	1	0	60	0	Ct	0	0	0	2	2	0	2	1	1	4	2	2	2	3	2	1	0	2	1	0	3	0	1	0	0	0	3	4	1	2	1	3	3	3
118537	11 Oct 25	19:41:00	1	0	60	0	Ct	0	0	0	2	0	0	2	0	0	2	2	3	1	21	0	4	0	2	2	0	6	12	2	4	0	1	1	1	8	2	0	2	10	2
118538	11 Oct 25	19:42:00	1	0	60	0	Ct	0	0	2	2	2	0	1	1	1	3	2	2	2	19	0	4	4	2	1	0	2	4	0	1	2	1	1	3	0	1	5	1	0	4
118539	11 Oct 25	19:43:00	1	0	60	0	Ct	0	0	1	2	2	0	1	0	2	2	3	0	2	1	0	1	0	1	1	0	3	0	4	1	2	5	1	3	1	2	2	1	1	5
118540	11 Oct 25	19:44:00	1	0	60	0	Ct	0	0	0	3	4	0	1	8	1	1	3	2	1	1	2	1	4	0	3	0	1	0	4	1	2	0	3	4	1	2	1	0	0	4
118541	11 Oct 25	19:45:00	1	0	60	0	Ct	0	0	1	5	2	0	1	1	0	0	2	4	3	5	2	5	1	0	1	0	1	0	1	1	3	2	1	4	1	2	2	1	3	1
118542	11 Oct 25	19:46:00	1	0	60	0	Ct	0	0	2	0	2	0	1	3	1	1	1	4	1	3	1	1	0	2	1	0	2	0	2	0	2	2	1	3	4	1	1	1	7	3
118543	11 Oct 25	19:47:00	1	0	60	0	Ct	0	0	0	4	2	0	3	3	2	2	0	0	3	1	0	1	13	4	1	0	4	0	13	5	2	3	1	4	2	5	0	0	1	3
118544	11 Oct 25	19:48:00	1	0	60	0	Ct	0	0	3	3	4	0	2	0	1	3	3	3	4	4	3	7	0	2	0	0	3	0	1	3	5	1	1	3	1	3	0	2	1	5
118545	11 Oct 25	19:49:00	1	0	60	0	Ct	0	0	2	4	2	0	1	0	1	3	0	3	0	2	4	1	3	0	1	0	3	0	2	1	4	1	1	3	0	3	1	1	1	4
118546	11 Oct 25	19:50:00	1	0	60	0	Ct	0	0	0	1	0	0	0	2	1	1	0	0	4	1	1	2	0	2	2	0	5	0	5	1	3	3	2	1	0	1	0	5	2	3
118547	11 Oct 25	19:51:00	1	0	60	0	Ct	0	0	0	0	2	0	1	1	1	0	3	1	0	3	1	3	5	0	1	0	3	0	2	1	1	0	0	4	0	3	1	0	1	3
118548	11 Oct 25	19:52:00	1	0	60	0	Ct	0	0	11	4	2	0	1	1	1	2	2	2	0	2	3	9	2	0	0	0	3	0	3	1	2	0	3	3	0	3	0	3	0	5
118549	11 Oct 25	19:53:00	1	0	60	0	Ct	0	0	1	2	2	0	1	0	3	2	0	1	0	3	2	0	0	0	2	0	3	0	3	0	2	1	1	4	2	2	0	4	0	2
118550	11 Oct 25	19:54:00	1	0	60	0	Ct	0	0	0	4	1	0	5	2	3	1	1	1	0	0	0	1	0	0	0	0	3	0	3	1	0	2	1	2	3	1	0	4	0	2
118551	11 Oct 25	19:55:00	1	0	60	0	Ct	0	0	6	2	2	0	0	1	1	2	1	11	0	0	1	0	0	3	2	0	4	0	2	1	0	0	3	3	1	2	2	1	2	2
118552	11 Oct 25	19:56:00	1	0	60	0	Ct	0	0	0	0	3	0	2	1	0	1	1	4	0	0	1	0	0	4	0	0	4	0	4	2	0	1	1	3	1	1	1	1	1	2
118553	11 Oct 25	19:57:00	1	0	60	0	Ct	0	0	1	3	3	0	4	1	0	1	4	3	0	0	1	0	3	4	0	0	3	0	3	1	0	2	3	3	2	1	1	3	2	4
118554	11 Oct 25	19:58:00	1	0	60	0	Ct	0	0	0	6	3	0	3	1	2	1	1	3	0	1	1	0	11	4	2	0	4	0	8	1	0	1	0	2	1	0	0	2	1	0
118555	11 Oct 25	19:59:00	1	0	60	0	Ct	0	0	2	3	2	0	2	1	1	1	2	3	1	9	2	2	0	2	1	0	4	0	0	2	0	2	0	3	2	2	1	7	3	2
118556	11 Oct 25	20:00:00	1	0	60	0	Ct	0	0	0	2	2	0	2	1	3	2	0	0	2	6	0	8	4	2	1	0	2	0	2	4	0	1	2	0	1	1	1	3	2	2
118557	11 Oct 25	20:01:00	1	0	60	0	Ct	0	0	0	4	3	0	1	3	1	4	2	3	1	4	2	34	5	0	2	0	1	0	2	1	0	1	3	0	0	3	2	3	1	1
118558	11 Oct 25	20:02:00	1	0	60	0	Ct	0	0	0	1	2	0	3	1	0	0	1	2	2	0	2	2	0	0	2	0	2	0	2	2	0	2	0	9	1	3	1	4	0	3
118559	11 Oct 25	20:03:00	1	0	60	0	Ct	0	0	0	5	1	2	1	1	0	2	1	2	1	0	1	3	0	0	2	0	3	0	2	2	0	2	2	4	1	1	1	5	2	1
118560	11 Oct 25	20:04:00	1	0	60	0	Ct	0	0	0	2	1	0	1	0	1	0	1	3	1	2	1	1	0	0	3	0	2	0	1	1	2	2	2	2	1	4	2	2	2	2
118561	11 Oct 25	20:05:00	1	0	60	0	Ct	0	0	0	2	0	1	2	2	1	3	1	4	2	1	1	1	0	4	1	0	4	0	2	0	1	1	0	1	1	2	2	3	2	1
118562	11 Oct 25	20:06:00	1	0	60	0	Ct	0	0	0	5	1	0	1	3	2	0	1	1	1	3	1	3	0	4	2	0	3	0	0	2	2	2	4	3	2	4	1	2	0	2
118563	11 Oct 25	20:07:00	1	0	60	0	Ct	0	0	0	1	1	4	1	0	1	0	3	2	2	1	1	1	0	0	3	0	2	3	2	0	3	2	0	3	3	2	1	3	1	3
118564	11 Oct 25	20:08:00	1	0	60	0	Ct	0	0	0	2	2	2	1	2	4	0	1	3	1	0	1	1	0	0	2	0	3	4	2	2	1	1	1	4	0	1	1	2	3	4
118565	11 Oct 25	20:09:00	1	0	60	0	Ct	0	0	0	2	2	0	0	0	5	0	0	4	1	0	3	6	0	4	1	0	3	1	1	2	0	2	2	3	1	0	1	0	1	2
118566	11 Oct 25	20:10:00	1	0	60	0	Ct	0	0	0	3	2	0	0	2	2	0	6	4	3	0	1	1	0	2	2	0	3	1	0	2	0	2	2	4	1	0	10	0	3	2
118567	11 Oct 25	20:11:00	1	0	60	0	Ct	0	0	0	3	2	0	0	2	0	0	0	3	3	0	2	3	0	3	2	0	4	2	2	1	0	0	1	3	0	1	0	1	4	3
118568	11 Oct 25	20:12:00	1	0	60	0	Ct	0	0	1	1	9	0	1	1	3	0	0	1	0	3	3	1	1	4	1	0	3	0	0	2	0	0	1	4	0	3	1	4	2	2
118569	11 Oct 25	20:13:00	1	0	60	0	Ct	0	0	0	2	2	0	4	0	2	0	1	2	0	3	2	1	8	2	1	0	4	2	1	2	0	0	2	2	0	2	1	1	0	2
118570	11 Oct 25	20:14:00	1	0	60	0	Ct	0	0	1	2	2	0	1	3	0	0	1	3	0	5	2	1	0	4	2	0	2	3	0	2	1	2	0	4	1	1	22	4	2	2
118571	11 Oct 25	20:15:00	1	0	60	0	Ct	0	0	5	2	2	0	4	1	1	0	1	0	0	1	2	1	0	4	2	0	3	0	4	0	1	2	1	4	1	0	2	2	1	2
118572	11 Oct 25	20:16:00	1	0	60	0	Ct	0	0	3	2	0	0	1	1	1	0	2	0	1	2	2	1	0	2	3	0	3	2	0	2	2	1	4	2	3	1	1	3	1	6
118573	11 Oct 25	20:17:00	1	0	60	0	Ct	0	0	4	3	2	0	1	1	2	0	1	2	3	4	2	1	0	3	2	0	1	5	3	3	1	1	0	1	1	2	0	2	0	1
118574	11 Oct 25	20:18:00	1	0	60	0	Ct	0	0	1	4	1	0	4	1	2	0	2	0	0	4	0	2	2	2	1	0	3	0	1	2	2	0	3	14	1	2	7	3	1	1
118575	11 Oct 25	20:19:00	1	0	60	0	Ct	0	0	2	3	5	0	2	0	0	0	1	8	1	5	3	2	0	2	0	0	3	1	3	1	0	0	4	3	1	1	2	0	2	2
118576	11 Oct 25	20:20:00	1	0	60	0	Ct	0	0	0	3	0	0	2	1	5	0	2	3	2	6	2	1	0	3	0	0	3	9	2	2	2	2	2	0	1	1	3	0	2	3
118577	11 Oct 25	20:21:00	1	0	60	0	Ct	0	0	1	2	2	0	2	3	2	0	1	3	2	4	2	2	12	3	0	0	3	0	3	2	4	2	1	3	1	0	2	2	0	3
118578	11 Oct 25	20:22:00	1	0	60	0	Ct	0	0	12	2	1	0	0	0	4	0	1	1	2	4	2	1	0	4	0	0	4	0	5	1	1	2	1	3	0	10	1	2	1	2
118579	11 Oct 25	20:23:00	1	0	60	0	Ct	0	0	1	4	1	0	1	2	4	2	3	1	3	2	1	1	0	3	0	0	3	2	2	2	2	1	1	3	2	5	1	3	1	2
118580	11 Oct 25	20:24:00	1	0	60	0	Ct	0	0	1	1	0	0	2	1	3	1	4	3	1	0	0	5	1	1	0	0	4	8	2	2	1	2	1	4	2	2	0	3	10	2
118581	11 Oct 25	20:25:00	1	0	60	0	Ct	0	0	1	2	0	0	1	1	1	3	0	3	4	0	0	1	0	2	3	0	1	2	1	3	4	2	1	2	1	4	0	2	4	2
118582	11 Oct 25	20:26:00	1	0	60	0	Ct	0	0	4	2	1	0	0	0	4	3	0	2	0	0	1	1	0	3	17	0	4	0	2	2	3	1	2	1	1	1	0	2	2	3
118583	11 Oct 25	20:27:00	1	0	60	0	Ct	0	0	1	4	2	0	2	1	2	2	3	3	1	2	1	0	0	1	16	0	2	2	0	1	2	2	2	4	2	4	2	1	2	7
118584	11 Oct 25	20:28:00	1	0	60	0	Ct	0	0	1	3	3	6	0	0	1	2	4	2	0	3	3	1	0	4	0	0	7	0	0	2	3	1	3	3	2	1	2	4	4	1
118585	11 Oct 25	20:29:00	1	0	60	0	Ct	0	0	0	0	1	2	2	1	2	2	2	4	5	6	1	1	11	3	0	0	3	1	4	1	2	3	1	6	2	2	1	2	1	2
118586	11 Oct 25	20:30:00	1	0	60	0	Ct	0	0	1	2	2	1	2	2	2	2	0	3	0	4	1	4	2	3	1	0	3	8	6	2	1	1	1	3	1	3	3	3	0	2
118587	11 Oct 25	20:31:00	1	0	60	0	Ct	0	0	0	2	1	3	4	1	3	1	5	4	1	1	4	1	0	2	3	0	3	0	0	0	3	0	1	3	1	9	5	3	13	2
118588	11 Oct 25	20:32:00	1	0	60	0	Ct	0	0	3	2	3	2	3	2	0	2	2	3	3	2	1	2	1	2	2	0	2	0	5	5	2	2	1	3	0	2	1	0	0	3
118589	11 Oct 25	20:33:00	1	0	60	0	Ct	0	0	0	3	3	0	4	4	1	1	0	3	2	0	2	3	0	3	4	0	3	1	0	0	3	5	1	4	1	2	2	18	0	3
118590	11 Oct 25	20:34:00	1	0	60	0	Ct	0	0	4	2	2	3	1	4	2	1	0	4	0	2	3	0	0	2	1	0	2	1	4	4	3	1	1	2	1	1	1	2	3	2
118591	11 Oct 25	20:35:00	1	0	60	0	Ct	0	0	1	3	2	3	1	0	2	1	0	4	0	1	2	0	0	2	1	0	4	26	2	1	3	1	2	0	1	3	18	2	1	1
118592	11 Oct 25	20:36:00	1	0	60	0	Ct	0	0	0	2	2	2	0	0	1	1	0	2	4	1	1	1	9	5	2	0	3	16	3	0	0	3	1	0	0	2	0	2	2	2
118593	11 Oct 25	20:37:00	1	0	60	0	Ct	0	0	8	2	3	0	4	2	2	1	0	3	2	1	4	2	2	3	3	0	3	0	1	0	1	0	3	2	1	1	1	3	2	4
118594	11 Oct 25	20:38:00	1	0	60	0	Ct	0	0	0	3	1	2	4	0	1	2	2	4	2	2	2	2	1	3	2	0	3	3	0	1	4	0	1	4	1	1	1	2	1	7
118595	11 Oct 25	20:39:00	1	0	60	0	Ct	0	0	2	3	2	2	1	2	3	1	0	4	2	2	1	1	0	3	1	0	5	1	0	1	2	0	1	4	2	2	0	2	3	7
118596	11 Oct 25	20:40:00	1	0	60	0	Ct	0	0	0	5	2	2	0	4	0	3	1	2	4	0	2	2	0	3	2	0	4	0	2	0	1	1	2	5	1	2	1	3	6	2
118597	11 Oct 25	20:41:00	1	0	60	0	Ct	0	0	0	4	0	14	0	1	0	3	1	3	1	3	2	6	0	3	2	0	4	2	2	0	3	1	2	2	1	1	1	7	0	2
118598	11 Oct 25	20:42:00	1	0	60	0	Ct	0	0	2	3	2	0	3	2	1	3	2	2	1	2	4	2	0	2	2	0	4	4	0	0	2	2	1	0	2	2	1	1	2	6
118599	11 Oct 25	20:43:00	1	0	60	0	Ct	0	0	1	1	2	4	3	2	3	1	1	3	2	0	1	2	0	2	1	0	3	1	1	1	2	0	0	0	4	11	1	1	2	2
118600	11 Oct 25	20:44:00	1	0	60	0	Ct	0	0	0	5	2	0	3	3	7	2	2	4	1	1	3	2	0	2	1	0	2	2	6	2	2	2	2	0	2	0	2	4	0	5
118601	11 Oct 25	20:45:00	1	0	60	0	Ct	0	0	1	3	1	4	2	2	1	1	1	4	1	1	1	1	0	2	1	0	4	2	0	2	2	2	1	0	1	6	0	0	1	2
118602	11 Oct 25	20:46:00	1	0	60	0	Ct	0	0	1	3	4	0	2	0	1	3	0	2	2	2	1	1	0	1	0	0	4	0	1	7	3	0	3	0	3	1	0	1	2	6
118603	11 Oct 25	20:47:00	1	0	60	0	Ct	0	0	2	4	3	2	2	4	1	3	1	3	1	1	2	2	0	3	1	0	4	3	2	3	3	2	0	5	0	1	2	1	1	3
118604	11 Oct 25	20:48:00	1	0	60	0	Ct	0	0	1	0	3	1	1	0	4	1	2	3	2	1	2	3	0	3	2	0	2	4	3	2	3	2	2	4	2	5	1	2	1	1
118605	11 Oct 25	20:49:00	1	0	60	0	Ct	0	0	1	1	3	2	3	0	2	3	3	4	4	3	1	0	0	3	2	0	4	0	3	1	2	2	0	9	1	3	1	2	1	4
118606	11 Oct 25	20:50:00	1	0	60	0	Ct	0	0	1	3	2	0	1	2	1	3	1	1	1	7	3	4	0	2	2	0	5	14	1	3	3	1	2	2	2	2	6	1	1	4
118607	11 Oct 25	20:51:00	1	0	60	0	Ct	0	0	0	4	2	0	3	1	1	3	2	2	2	2	5	0	6	1	1	0	4	3	2	2	3	2	2	4	2	2	6	4	1	1
118608	11 Oct 25	20:52:00	1	0	60	0	Ct	0	0	5	3	0	0	3	2	1	0	1	1	0	3	3	2	4	3	1	0	3	3	0	1	0	1	2	4	2	0	0	2	2	0
118609	11 Oct 25	20:53:00	1	0	60	0	Ct	0	0	1	2	1	0	1	1	0	0	1	3	0	3	3	5	2	2	1	0	3	1	5	0	1	2	2	4	1	1	0	3	2	4
118610	11 Oct 25	20:54:00	1	0	60	0	Ct	0	0	0	3	2	0	1	2	1	0	1	2	1	1	1	2	0	2	1	0	4	5	2	4	1	1	1	2	3	1	1	2	0	4
118611	11 Oct 25	20:55:00	1	0	60	0	Ct	0	0	0	3	2	0	1	2	1	2	1	3	3	2	3	2	5	3	2	0	3	4	3	4	0	1	2	4	1	0	1	2	2	3
118612	11 Oct 25	20:56:00	1	0	60	0	Ct	0	0	1	3	1	0	0	2	3	3	1	3	2	0	3	2	3	3	4	0	4	4	2	2	0	5	0	4	1	2	0	2	6	5
118613	11 Oct 25	20:57:00	1	0	60	0	Ct	0	0	2	2	2	0	1	2	1	2	2	0	2	1	2	2	0	4	1	0	4	0	2	0	0	4	1	1	2	8	0	3	0	1
118614	11 Oct 25	20:58:00	1	0	60	0	Ct	0	0	0	5	4	0	2	2	2	2	1	0	1	1	1	2	0	1	2	0	4	0	2	0	0	2	2	1	1	2	0	2	2	2
118615	11 Oct 25	20:59:00	1	0	60	0	Ct	0	0	0	2	2	4	2	3	0	2	3	0	1	3	2	2	0	3	1	0	4	0	2	2	0	2	1	3	2	2	2	5	0	3
118616	11 Oct 25	21:00:00	1	0	60	0	Ct	0	0	2	2	3	0	4	1	2	1	3	5	4	37	4	0	7	3	1	0	3	5	2	2	2	3	2	3	2	6	1	5	0	0
118617	11 Oct 25	21:01:00	1	0	60	0	Ct	0	0	0	4	2	2	2	1	1	2	5	4	0	41	3	3	0	3	2	0	3	2	0	2	1	2	0	3	3	4	5	2	0	2
118618	11 Oct 25	21:02:00	1	0	60	0	Ct	0	0	1	0	2	1	2	1	1	1	3	4	3	47	3	0	1	4	2	0	3	1	1	3	4	1	4	4	2	0	1	1	0	5
118619	11 Oct 25	21:03:00	1	0	60	0	Ct	0	0	2	1	2	2	0	2	2	2	1	5	2	45	2	1	0	3	1	0	3	5	1	3	1	2	2	2	1	3	2	2	0	2
118620	11 Oct 25	21:04:00	1	0	60	0	Ct	0	0	1	2	5	5	1	1	0	0	2	3	0	45	3	1	4	2	17	0	4	1	3	1	3	3	0	9	3	5	1	3	0	3
118621	11 Oct 25	21:05:00	1	0	60	0	Ct	0	0	2	1	1	0	2	2	4	2	1	0	2	41	0	1	0	2	12	0	3	0	1	2	2	2	3	3	2	2	1	2	0	1
118622	11 Oct 25	21:06:00	1	0	60	0	Ct	0	0	7	3	3	0	3	3	2	2	1	0	3	42	1	0	0	1	2	0	4	4	5	2	1	2	0	4	6	1	2	4	0	6
118623	11 Oct 25	21:07:00	1	0	60	0	Ct	0	0	1	2	2	0	1	3	1	2	2	0	5	32	2	2	0	3	1	0	5	1	2	1	5	1	1	3	2	2	0	2	0	4
118624	11 Oct 25	21:08:00	1	0	60	0	Ct	0	0	4	2	2	0	2	1	1	4	3	1	0	3	1	3	2	1	0	0	4	5	3	2	2	1	2	4	1	1	5	0	0	5
118625	11 Oct 25	21:09:00	1	0	60	0	Ct	0	0	1	3	2	0	2	3	1	2	2	3	11	2	3	4	0	3	1	0	4	11	2	2	2	0	1	3	1	2	2	4	0	2
118626	11 Oct 25	21:10:00	1	0	60	0	Ct	0	0	0	2	1	0	4	2	1	2	3	3	1	2	2	4	0	4	1	0	5	1	2	1	2	1	3	4	1	2	3	3	0	3
118627	11 Oct 25	21:11:00	1	0	60	0	Ct	0	0	0	0	2	0	2	3	2	3	1	4	2	5	2	2	0	2	2	0	4	4	2	2	3	1	1	3	1	3	0	0	1	2
118628	11 Oct 25	21:12:00	1	0	60	0	Ct	0	0	0	0	1	0	2	1	0	2	2	1	1	9	2	2	1	3	1	0	2	1	2	2	2	2	2	4	1	3	2	1	3	4
118629	11 Oct 25	21:13:00	1	0	60	0	Ct	0	0	2	2	3	0	0	1	1	2	0	0	2	0	5	3	0	4	1	0	3	2	1	0	2	0	3	6	2	2	1	1	3	3
118630	11 Oct 25	21:14:00	1	0	60	0	Ct	0	0	3	10	2	0	1	1	1	3	1	1	2	2	1	3	1	4	1	0	6	0	2	0	1	3	0	1	2	4	0	0	3	4
118631	11 Oct 25	21:15:00	1	0	60	0	Ct	0	0	7	4	2	0	1	3	1	1	5	2	1	2	2	5	0	2	2	0	3	0	1	3	3	4	4	4	2	1	1	0	3	3
118632	11 Oct 25	21:16:00	1	0	60	0	Ct	0	0	2	7	3	2	1	1	6	0	0	3	1	1	1	6	0	4	3	0	4	1	4	1	0	5	1	2	1	1	1	0	3	2
118633	11 Oct 25	21:17:00	1	0	60	0	Ct	0	0	2	1	2	1	1	0	2	2	2	4	1	2	3	4	2	2	2	0	4	1	2	4	0	3	3	5	2	1	1	2	2	5
118634	11 Oct 25	21:18:00	1	0	60	0	Ct	0	0	0	2	2	1	1	1	0	3	1	2	2	1	2	0	0	2	6	0	0	3	2	1	1	3	0	3	2	2	2	2	2	3
118635	11 Oct 25	21:19:00	1	0	60	0	Ct	0	0	1	3	3	1	4	2	2	4	5	3	0	0	0	1	8	5	1	0	4	1	4	1	2	6	1	4	3	2	7	4	3	2
118636	11 Oct 25	21:20:00	1	0	60	0	Ct	0	0	0	1	1	2	2	1	1	1	4	2	0	3	0	3	2	2	2	0	4	5	2	2	3	5	1	3	2	3	5	1	1	6
118637	11 Oct 25	21:21:00	1	0	60	0	Ct	0	0	6	4	3	2	1	3	4	1	4	2	1	0	1	3	3	3	1	0	4	8	2	1	2	1	1	2	0	1	2	1	2	3
118638	11 Oct 25	21:22:00	1	0	60	0	Ct	0	0	2	4	2	0	3	1	1	3	2	3	1	3	0	1	7	2	1	0	4	1	2	1	2	1	2	2	0	2	1	1	4	3
118639	11 Oct 25	21:23:00	1	0	60	0	Ct	0	0	0	4	4	0	3	2	0	2	2	3	1	1	2	2	0	4	1	0	5	2	2	2	3	3	2	3	2	0	1	2	4	1
118640	11 Oct 25	21:24:00	1	0	60	0	Ct	0	0	24	4	2	1	3	2	2	3	1	3	8	1	6	3	0	4	2	0	4	0	1	4	3	2	1	3	6	1	1	1	0	2
118641	11 Oct 25	21:25:00	1	0	60	0	Ct	0	0	0	4	3	1	2	0	0	3	1	3	0	1	2	0	7	4	3	0	4	1	1	0	3	2	8	1	2	2	2	2	1	5
118642	11 Oct 25	21:26:00	1	0	60	0	Ct	0	0	2	3	3	2	3	3	1	4	2	4	4	5	2	2	4	4	1	0	4	2	5	3	0	1	0	5	3	3	1	0	3	3
118643	11 Oct 25	21:27:00	1	0	60	0	Ct	0	0	0	3	2	0	3	2	3	2	3	3	3	1	4	3	0	3	1	0	5	6	3	2	0	3	0	6	2	1	2	2	2	4
118644	11 Oct 25	21:28:00	1	0	60	0	Ct	0	0	1	2	1	0	0	3	1	3	1	2	2	8	2	1	0	4	1	0	5	4	2	2	0	3	0	4	1	0	1	3	1	2
118645	11 Oct 25	21:29:00	1	0	60	0	Ct	0	0	1	3	2	0	3	0	2	2	5	1	1	4	2	1	0	4	2	0	4	10	1	2	1	2	0	4	10	1	0	3	2	3
118646	11 Oct 25	21:30:00	1	0	60	0	Ct	0	0	0	3	3	0	3	1	3	0	0	2	6	2	4	2	0	2	4	0	5	2	1	3	2	2	0	3	1	3	2	1	3	4
118647	11 Oct 25	21:31:00	1	0	60	0	Ct	0	0	1	3	3	0	4	2	2	1	2	3	4	1	1	2	0	4	2	0	4	14	2	2	4	2	0	3	2	2	1	3	1	4
118648	11 Oct 25	21:32:00	1	0	60	0	Ct	0	0	0	6	2	9	2	2	2	4	3	3	1	3	2	3	0	2	3	0	4	0	2	2	3	2	0	5	2	2	1	4	0	1
118649	11 Oct 25	21:33:00	1	0	60	0	Ct	0	0	0	6	1	2	2	2	1	2	2	3	3	2	4	3	0	2	1	0	2	4	3	1	0	1	0	3	5	1	2	4	0	3
118650	11 Oct 25	21:34:00	1	0	60	0	Ct	0	0	0	2	3	4	2	0	3	3	3	2	2	4	1	2	0	4	2	0	4	3	1	1	0	1	0	4	3	2	2	3	1	4
118651	11 Oct 25	21:35:00	1	0	60	0	Ct	0	0	2	4	2	2	2	2	2	3	1	4	0	1	0	3	0	6	1	0	5	3	3	1	0	0	1	2	0	3	3	2	3	5
118652	11 Oct 25	21:36:00	1	0	60	0	Ct	0	0	1	1	4	1	3	2	4	3	3	3	0	1	0	0	0	13	0	0	5	2	1	1	2	0	3	0	1	1	1	3	2	3
118653	11 Oct 25	21:37:00	1	0	60	0	Ct	0	0	1	2	2	1	5	1	1	3	2	3	0	1	0	2	0	5	1	0	5	0	2	2	3	2	1	0	0	1	1	1	3	4
118654	11 Oct 25	21:38:00	1	0	60	0	Ct	0	0	3	1	2	0	1	1	0	3	2	2	0	1	0	2	11	4	2	0	5	1	3	5	3	2	2	0	2	1	0	1	3	8
118655	11 Oct 25	21:39:00	1	0	60	0	Ct	0	0	1	3	4	4	3	2	0	2	0	4	0	4	0	5	0	3	2	0	4	0	2	6	2	1	2	0	1	2	0	1	2	2
118656	11 Oct 25	21:40:00	1	0	60	0	Ct	0	0	3	2	3	1	3	0	0	2	0	2	5	0	1	4	0	4	3	0	6	2	0	1	1	4	0	3	1	2	1	1	2	2
118657	11 Oct 25	21:41:00	1	0	60	0	Ct	0	0	4	3	3	1	3	1	2	4	2	1	1	1	0	2	0	4	2	0	4	2	9	4	3	2	1	1	0	1	1	1	0	3
118658	11 Oct 25	21:42:00	1	0	60	0	Ct	0	0	2	3	2	1	3	5	0	3	5	4	1	0	2	4	0	4	3	0	5	1	2	1	5	3	1	3	0	2	1	2	1	3
118659	11 Oct 25	21:43:00	1	0	60	0	Ct	0	0	0	3	4	0	3	1	3	3	1	4	1	1	1	3	0	3	1	0	5	0	0	1	1	2	2	4	1	7	1	2	1	4
118660	11 Oct 25	21:44:00	1	0	60	0	Ct	0	0	8	4	0	4	1	4	1	2	2	4	2	2	2	2	0	4	3	0	4	4	0	0	0	2	1	4	2	1	1	3	1	2
118661	11 Oct 25	21:45:00	1	0	60	0	Ct	0	0	0	1	4	1	1	0	1	3	2	3	2	2	2	1	0	4	3	0	5	2	0	2	0	2	3	4	3	3	2	3	3	3
118662	11 Oct 25	21:46:00	1	0	60	0	Ct	0	0	1	4	2	1	2	1	2	3	1	4	1	1	1	1	10	4	0	0	4	1	0	2	0	2	5	3	1	4	2	2	2	8
118663	11 Oct 25	21:47:00	1	0	60	0	Ct	0	0	4	1	3	0	4	2	2	2	4	1	2	0	1	5	0	4	0	0	4	1	0	5	0	1	2	3	2	4	1	3	1	2
118664	11 Oct 25	21:48:00	1	0	60	0	Ct	0	0	1	1	1	0	2	2	1	1	2	1	1	1	1	3	2	3	1	0	4	1	2	1	1	2	2	5	2	0	2	8	2	6
118665	11 Oct 25	21:49:00	1	0	60	0	Ct	0	0	4	4	3	0	4	5	2	2	2	5	3	2	3	2	1	3	2	0	5	6	0	3	3	3	2	4	2	0	1	5	2	3
118666	11 Oct 25	21:50:00	1	0	60	0	Ct	0	0	0	6	3	0	3	1	2	3	3	2	0	2	2	1	0	4	4	0	5	4	3	1	2	3	0	3	4	2	4	4	2	2
118667	11 Oct 25	21:51:00	1	0	60	0	Ct	0	0	1	4	1	0	1	3	4	3	1	4	1	2	3	0	9	5	2	0	5	7	0	1	3	2	0	4	1	2	2	6	2	3
118668	11 Oct 25	21:52:00	1	0	60	0	Ct	0	0	3	5	1	0	1	3	6	4	1	4	1	1	1	0	5	3	3	0	5	1	3	2	2	1	2	3	1	2	2	3	2	2
118669	11 Oct 25	21:53:00	1	0	60	0	Ct	0	0	5	4	2	0	2	0	2	4	2	3	1	1	1	1	13	2	3	0	5	0	2	2	2	1	0	3	3	0	1	3	2	6
118670	11 Oct 25	21:54:00	1	0	60	0	Ct	0	0	5	3	2	0	3	3	2	2	0	3	2	1	3	3	0	2	2	0	4	1	4	1	2	2	2	3	4	1	1	2	2	3
118671	11 Oct 25	21:55:00	1	0	60	0	Ct	0	0	1	4	4	7	0	2	2	4	3	3	0	1	4	8	0	4	3	0	3	2	3	3	1	4	2	4	6	2	5	0	1	4
118672	11 Oct 25	21:56:00	1	0	60	0	Ct	0	0	0	4	3	0	4	2	3	2	2	1	3	0	1	2	3	3	3	0	4	0	3	1	0	1	1	4	3	2	0	3	1	5
118673	11 Oct 25	21:57:00	1	0	60	0	Ct	0	0	10	2	3	3	7	1	0	3	0	0	1	0	4	2	5	2	2	0	5	6	2	2	1	2	3	2	5	6	3	2	2	5
118674	11 Oct 25	21:58:00	1	0	60	0	Ct	0	0	0	2	3	2	3	1	2	3	1	5	1	4	2	3	0	2	2	0	3	1	3	2	2	3	1	3	2	2	1	5	3	3
118675	11 Oct 25	21:59:00	1	0	60	0	Ct	0	0	1	3	3	5	2	1	2	2	1	4	1	1	2	1	15	3	2	0	3	2	0	4	2	2	2	3	4	3	1	3	3	1
118676	11 Oct 25	22:00:00	1	0	60	0	Ct	0	0	8	3	3	5	5	0	1	3	1	3	2	2	3	0	0	4	1	0	4	1	2	6	2	2	1	4	0	3	0	2	1	0
118677	11 Oct 25	22:01:00	1	0	60	0	Ct	0	0	0	3	4	0	4	4	0	3	1	4	2	2	2	2	5	3	2	0	5	1	2	1	5	1	1	3	1	1	1	3	2	0
118678	11 Oct 25	22:02:00	1	0	60	0	Ct	0	0	0	3	4	0	4	0	2	3	2	3	2	3	1	2	4	2	1	0	4	3	1	0	1	1	1	3	2	2	1	2	2	0
118679	11 Oct 25	22:03:00	1	0	60	0	Ct	0	0	0	2	7	0	5	1	0	3	1	3	1	0	0	2	1	3	1	0	4	1	3	4	1	0	1	5	1	2	2	1	2	0
118680	11 Oct 25	22:04:00	1	0	60	0	Ct	0	0	1	3	3	0	3	5	0	2	2	3	1	0	2	1	4	4	2	0	4	0	3	4	6	2	2	3	1	1	1	4	3	2
118681	11 Oct 25	22:05:00	1	0	60	0	Ct	0	0	4	3	4	0	3	2	2	1	1	4	0	2	1	2	7	1	2	0	4	0	1	2	6	2	3	3	2	1	1	2	2	0
118682	11 Oct 25	22:06:00	1	0	60	0	Ct	0	0	1	1	2	0	2	2	2	1	1	3	0	4	1	4	1	2	4	0	4	1	4	1	3	1	2	3	1	2	2	2	2	4
118683	11 Oct 25	22:07:00	1	0	60	0	Ct	0	0	0	2	4	0	3	1	2	3	2	3	8	3	1	2	5	4	2	0	4	3	0	1	4	1	2	3	2	4	2	3	0	5
118684	11 Oct 25	22:08:00	1	0	60	0	Ct	0	0	1	1	3	0	2	0	0	3	1	4	1	3	2	3	0	2	2	0	3	0	0	1	2	3	3	1	0	9	1	2	2	3
118685	11 Oct 25	22:09:00	1	0	60	0	Ct	0	0	1	2	3	0	1	5	3	3	2	2	0	1	4	1	0	0	2	0	4	0	1	1	10	2	0	4	3	3	0	2	2	4
118686	11 Oct 25	22:10:00	1	0	60	0	Ct	0	0	6	1	2	0	1	4	1	2	1	2	0	2	1	1	5	0	2	0	4	1	0	5	1	0	4	3	1	4	0	0	1	3
118687	11 Oct 25	22:11:00	1	0	60	0	Ct	0	0	1	2	3	0	3	1	2	3	1	3	0	3	1	2	2	1	0	0	5	2	1	3	2	2	4	0	1	3	0	2	0	3
118688	11 Oct 25	22:12:00	1	0	60	0	Ct	0	0	6	2	1	4	3	2	2	3	0	4	2	1	2	1	2	4	3	0	4	1	6	2	3	1	2	0	1	1	0	3	1	3
118689	11 Oct 25	22:13:00	1	0	60	0	Ct	0	0	2	3	0	0	5	2	2	3	3	3	4	4	1	1	0	4	2	0	4	2	1	3	2	0	1	0	1	3	0	0	2	1
118690	11 Oct 25	22:14:00	1	0	60	0	Ct	0	0	4	6	3	8	1	3	2	4	4	2	3	1	0	1	0	4	1	0	4	0	6	2	2	1	1	0	1	1	0	2	1	3
118691	11 Oct 25	22:15:00	1	0	60	0	Ct	0	0	1	0	3	0	2	3	1	2	4	12	2	0	0	0	0	4	2	0	5	0	7	1	2	2	1	5	2	0	1	1	0	7
118692	11 Oct 25	22:16:00	1	0	60	0	Ct	0	0	4	4	2	0	2	2	1	4	3	1	2	0	0	2	0	3	2	0	4	0	3	2	2	0	0	3	2	1	1	2	0	3
118693	11 Oct 25	22:17:00	1	0	60	0	Ct	0	0	0	0	2	2	2	2	0	3	1	0	1	3	0	3	4	4	2	0	4	0	1	2	2	2	0	5	0	2	3	3	1	3
118694	11 Oct 25	22:18:00	1	0	60	0	Ct	0	0	3	3	3	0	1	5	2	2	2	0	2	3	0	2	0	3	2	0	4	1	6	1	2	3	0	4	2	2	1	3	3	3
118695	11 Oct 25	22:19:00	1	0	60	0	Ct	0	0	3	3	1	2	5	1	2	4	1	2	3	3	1	4	3	3	1	0	5	1	1	7	2	1	0	5	0	3	1	2	2	3
118696	11 Oct 25	22:20:00	1	0	60	0	Ct	0	0	1	2	3	1	2	2	1	3	1	1	1	1	3	1	0	2	2	0	4	0	1	1	4	3	0	3	2	0	7	2	2	1
118697	11 Oct 25	22:21:00	1	0	60	0	Ct	0	0	0	3	1	1	2	3	2	4	2	6	1	1	1	3	0	4	1	0	5	0	1	2	2	2	1	4	3	2	1	3	1	5
118698	11 Oct 25	22:22:00	1	0	60	0	Ct	0	0	0	3	3	3	3	3	2	2	2	7	0	0	2	2	0	4	1	0	3	1	0	0	3	2	2	4	2	1	2	3	2	0
118699	11 Oct 25	22:23:00	1	0	60	0	Ct	0	0	1	4	2	1	3	1	2	3	2	3	2	8	1	3	0	3	2	0	5	9	0	0	0	1	1	3	3	2	1	2	6	1
118700	11 Oct 25	22:24:00	1	0	60	0	Ct	0	0	1	3	4	0	1	4	0	2	1	4	2	3	1	1	4	2	0	0	2	0	5	3	2	7	3	5	2	2	3	2	1	3
118701	11 Oct 25	22:25:00	1	0	60	0	Ct	0	0	0	5	0	0	2	3	0	3	1	0	0	1	1	2	1	3	1	0	5	1	1	2	1	2	2	3	2	1	2	1	2	2
118702	11 Oct 25	22:26:00	1	0	60	0	Ct	0	0	6	2	1	0	3	3	2	0	2	4	1	0	1	1	0	3	2	0	3	2	2	2	2	1	0	3	1	3	2	1	1	2
118703	11 Oct 25	22:27:00	1	0	60	0	Ct	0	0	1	3	3	0	2	2	1	0	2	2	2	3	0	1	0	4	1	0	4	1	2	3	2	2	2	3	0	5	1	4	2	5
118704	11 Oct 25	22:28:00	1	0	60	0	Ct	0	0	6	2	2	0	2	3	3	0	2	4	2	3	1	5	0	2	0	0	5	2	2	1	3	2	1	4	1	11	4	1	3	4
118705	11 Oct 25	22:29:00	1	0	60	0	Ct	0	0	2	2	2	0	4	2	2	1	1	3	2	1	2	2	0	2	1	0	5	0	3	2	1	1	2	4	1	3	2	2	1	1
118706	11 Oct 25	22:30:00	1	0	60	0	Ct	0	0	1	1	2	0	1	2	1	4	3	2	2	1	1	1	0	4	2	0	5	1	5	0	3	3	1	3	3	4	1	1	3	2
118707	11 Oct 25	22:31:00	1	0	60	0	Ct	0	0	0	2	2	0	2	3	1	3	1	4	0	5	3	1	0	4	1	0	3	0	2	2	2	1	3	4	3	6	2	1	3	2
118708	11 Oct 25	22:32:00	1	0	60	0	Ct	0	0	3	6	0	0	1	4	2	0	1	2	1	1	1	3	0	3	2	0	3	0	3	3	2	1	1	2	2	1	2	2	2	6
118709	11 Oct 25	22:33:00	1	0	60	0	Ct	0	0	0	4	1	0	2	2	1	0	2	4	1	2	1	4	0	2	2	0	5	0	1	3	2	2	2	5	1	2	1	3	1	2
118710	11 Oct 25	22:34:00	1	0	60	0	Ct	0	0	0	3	1	0	2	3	2	0	2	0	2	1	1	2	0	9	2	0	4	0	6	3	2	2	1	2	5	1	8	3	1	3
118711	11 Oct 25	22:35:00	1	0	60	0	Ct	0	0	6	3	3	0	3	3	0	2	2	2	0	5	2	2	0	21	2	0	5	0	1	3	0	0	4	2	3	3	2	2	2	3
118712	11 Oct 25	22:36:00	1	0	60	0	Ct	0	0	1	2	2	0	1	2	2	1	2	3	2	0	2	1	0	18	2	0	4	0	4	1	0	0	5	4	1	1	3	3	1	2
118713	11 Oct 25	22:37:00	1	0	60	0	Ct	0	0	1	3	3	0	4	3	3	0	3	8	4	3	2	3	0	1	3	0	5	0	6	3	2	1	1	3	0	1	2	1	4	4
118714	11 Oct 25	22:38:00	1	0	60	0	Ct	0	0	0	4	1	0	2	3	2	2	1	2	1	0	2	2	0	0	2	0	4	0	3	0	3	2	2	4	2	2	1	1	3	2
118715	11 Oct 25	22:39:00	1	0	60	0	Ct	0	0	3	2	0	0	2	3	1	1	2	0	0	2	3	0	0	0	2	0	5	0	1	1	1	1	2	1	3	1	12	5	2	2
118716	11 Oct 25	22:40:00	1	0	60	0	Ct	0	0	2	2	1	0	4	3	4	0	2	0	0	3	3	1	0	0	2	0	4	1	6	1	0	2	1	1	2	1	1	4	1	4
118717	11 Oct 25	22:41:00	1	0	60	0	Ct	0	0	2	5	3	0	2	1	0	2	3	0	0	4	3	1	0	0	1	0	4	1	5	1	2	2	1	1	2	3	2	4	1	2
118718	11 Oct 25	22:42:00	1	0	60	0	Ct	0	0	1	1	3	0	0	1	2	1	1	1	4	0	2	0	0	0	2	0	4	2	1	3	3	2	2	2	2	2	0	2	1	6
118719	11 Oct 25	22:43:00	1	0	60	0	Ct	0	0	4	5	2	0	2	2	1	1	1	2	1	3	1	1	0	0	2	0	4	0	2	2	2	1	4	2	1	2	1	4	8	4
118720	11 Oct 25	22:44:00	1	0	60	0	Ct	0	0	1	2	3	2	2	1	3	5	1	3	1	0	2	5	0	0	3	0	4	1	0	2	1	2	0	2	2	2	2	3	11	5
118721	11 Oct 25	22:45:00	1	0	60	0	Ct	0	0	0	3	2	1	3	0	0	1	2	0	4	1	0	0	0	2	2	0	5	2	3	1	4	1	5	1	1	0	2	5	0	8
118722	11 Oct 25	22:46:00	1	0	60	0	Ct	0	0	3	1	2	0	4	3	0	10	1	0	3	3	0	2	0	0	2	0	4	2	7	2	2	2	1	0	2	2	1	3	2	5
118723	11 Oct 25	22:47:00	1	0	60	0	Ct	0	0	0	2	2	1	2	2	1	0	1	0	0	0	1	2	0	0	2	0	4	4	10	1	6	0	0	3	0	3	1	0	2	3
118724	11 Oct 25	22:48:00	1	0	60	0	Ct	0	0	5	4	2	1	3	2	1	1	2	0	3	2	2	2	0	1	4	0	3	3	4	2	1	0	2	3	2	3	2	3	1	3
118725	11 Oct 25	22:49:00	1	0	60	0	Ct	0	0	5	0	2	0	3	2	2	3	2	0	3	2	2	1	0	2	3	0	3	3	7	2	1	0	1	4	1	3	1	5	1	2
118726	11 Oct 25	22:50:00	1	0	60	0	Ct	0	0	0	3	0	0	3	3	1	0	3	0	0	0	1	1	0	0	1	0	3	0	1	1	3	0	2	3	0	1	1	2	1	4
118727	11 Oct 25	22:51:00	1	0	60	0	Ct	0	0	2	1	1	0	3	3	1	1	2	1	0	5	1	2	0	0	3	0	2	4	2	1	2	0	1	4	3	2	2	2	3	5
118728	11 Oct 25	22:52:00	1	0	60	0	Ct	0	0	1	0	2	0	1	3	2	2	1	7	0	2	1	0	0	0	2	0	12	2	4	13	3	2	1	3	2	2	3	1	1	1
118729	11 Oct 25	22:53:00	1	0	60	0	Ct	0	0	2	0	0	0	1	2	3	0	0	1	0	1	2	1	0	0	2	0	3	2	4	18	0	2	3	3	0	3	2	5	2	2
118730	11 Oct 25	22:54:00	1	0	60	0	Ct	0	0	3	0	1	0	2	2	3	0	0	3	1	7	4	3	0	0	3	0	4	0	0	2	2	2	2	4	1	2	0	2	2	3
118731	11 Oct 25	22:55:00	1	0	60	0	Ct	0	0	6	2	1	0	4	2	0	0	0	2	1	3	2	2	0	0	4	0	3	2	3	2	4	2	2	3	2	6	0	0	0	5
118732	11 Oct 25	22:56:00	1	0	60	0	Ct	0	0	0	2	0	0	2	2	0	0	2	1	0	1	2	3	0	3	3	0	4	2	9	2	0	0	1	4	2	1	1	2	0	5
118733	11 Oct 25	22:57:00	1	0	60	0	Ct	0	0	2	3	0	0	1	1	0	0	2	16	0	2	3	3	0	4	3	0	4	2	1	0	3	0	0	5	3	1	1	1	2	2
118734	11 Oct 25	22:58:00	1	0	60	0	Ct	0	0	0	2	0	0	5	3	0	0	2	3	0	0	4	0	0	0	3	0	3	1	1	2	3	0	3	3	2	3	3	1	2	8
118735	11 Oct 25	22:59:00	1	0	60	0	Ct	0	0	2	3	0	0	2	1	1	0	1	1	0	0	4	2	0	0	2	0	3	0	5	3	2	0	0	4	3	3	4	1	4	5
118736	11 Oct 25	23:00:00	1	0	60	0	Ct	0	0	2	3	0	0	4	0	4	0	2	4	1	2	1	2	0	0	4	0	5	0	1	2	4	0	3	2	0	1	1	1	3	2
118737	11 Oct 25	23:01:00	1	0	60	0	Ct	0	0	4	3	0	0	3	0	0	0	0	4	2	4	2	2	0	0	2	0	4	0	0	2	2	0	2	2	2	2	1	2	0	3
118738	11 Oct 25	23:02:00	1	0	60	0	Ct	0	0	2	2	2	0	2	1	0	0	4	2	1	3	4	1	0	0	2	0	5	0	3	1	2	0	1	4	1	1	1	3	2	4
118739	11 Oct 25	23:03:00	1	0	60	0	Ct	0	0	0	2	2	0	2	2	0	0	2	2	0	2	0	1	0	0	0	0	5	0	2	0	3	1	0	3	1	1	1	2	4	3
118740	11 Oct 25	23:04:00	1	0	60	0	Ct	0	0	0	3	1	0	3	2	2	0	2	4	0	1	3	3	0	0	2	0	3	2	1	0	3	0	2	3	1	2	2	4	0	2
118741	11 Oct 25	23:05:00	1	0	60	0	Ct	0	0	16	2	1	0	3	3	0	0	3	2	3	0	5	2	0	0	3	0	8	2	5	0	1	3	2	2	2	1	2	2	0	1
118742	11 Oct 25	23:06:00	1	0	60	0	Ct	0	0	0	1	3	0	6	3	0	0	1	2	3	1	8	2	3	0	1	0	3	0	4	1	1	10	1	3	3	6	1	2	1	1
118743	11 Oct 25	23:07:00	1	0	60	0	Ct	0	0	4	2	0	0	4	0	1	0	0	1	3	2	0	3	0	0	2	0	3	0	2	1	1	3	4	2	2	2	2	3	3	1
118744	11 Oct 25	23:08:00	1	0	60	0	Ct	0	0	1	1	0	0	2	0	1	0	1	0	4	2	2	1	0	0	1	0	3	0	0	0	2	0	0	1	1	0	2	4	2	3
118745	11 Oct 25	23:09:00	1	0	60	0	Ct	0	0	1	1	2	0	3	0	2	0	2	0	2	4	2	0	0	0	2	0	3	0	0	2	1	0	1	0	3	3	1	3	1	6
118746	11 Oct 25	23:10:00	1	0	60	0	Ct	0	0	0	1	2	0	4	0	0	0	1	0	4	2	1	0	0	0	1	0	3	0	0	0	2	0	1	0	3	14	0	9	2	5
118747	11 Oct 25	23:11:00	1	0	60	0	Ct	0	0	0	2	2	0	2	2	0	0	1	0	2	3	5	2	0	0	1	0	4	0	0	0	1	0	0	15	0	9	1	0	3	4
118748	11 Oct 25	23:12:00	1	0	60	0	Ct	0	0	3	3	0	0	0	2	3	0	0	1	2	0	1	3	5	0	1	0	4	0	0	1	3	0	0	2	3	1	2	3	1	2
118749	11 Oct 25	23:13:00	1	0	60	0	Ct	0	0	0	1	1	0	1	2	3	0	0	4	0	4	0	1	9	0	0	0	5	0	0	3	0	0	0	5	0	1	1	3	1	4
118750	11 Oct 25	23:14:00	1	0	60	0	Ct	0	0	0	1	2	0	4	2	7	0	2	0	1	7	0	2	2	2	0	0	2	0	0	1	0	0	0	3	1	1	2	2	2	3
118751	11 Oct 25	23:15:00	1	0	60	0	Ct	0	0	0	0	1	0	2	1	2	0	1	2	0	0	1	1	1	4	0	0	5	0	0	3	0	0	0	3	2	0	1	3	2	4
118752	11 Oct 25	23:16:00	1	0	60	0	Ct	0	0	0	0	2	4	3	2	2	0	4	0	3	2	1	2	13	0	0	0	4	0	0	3	0	0	1	3	3	1	0	3	2	1
118753	11 Oct 25	23:17:00	1	0	60	0	Ct	0	0	0	0	1	0	3	1	2	0	0	0	2	5	1	1	1	0	0	0	3	0	0	0	0	0	0	2	1	3	0	2	1	2
118754	11 Oct 25	23:18:00	1	0	60	0	Ct	0	0	0	0	2	0	2	3	1	0	2	0	2	0	1	0	1	0	0	0	5	0	0	3	0	0	0	3	0	0	0	0	0	3
118755	11 Oct 25	23:19:00	1	0	60	0	Ct	0	0	0	2	2	3	1	4	0	0	1	0	0	10	0	0	0	1	0	0	3	0	0	1	2	0	3	1	0	6	0	0	0	2
118756	11 Oct 25	23:20:00	1	0	60	0	Ct	0	0	0	2	0	1	2	2	0	0	0	1	0	6	0	2	0	0	0	0	4	0	0	3	0	4	5	0	0	1	1	0	2	0
118757	11 Oct 25	23:21:00	1	0	60	0	Ct	0	0	0	0	0	2	3	3	17	4	1	1	1	0	3	0	2	0	0	0	4	0	0	2	0	0	1	0	3	4	2	5	5	0
118758	11 Oct 25	23:22:00	1	0	60	0	Ct	0	0	0	0	0	0	3	2	1	0	1	1	0	1	0	0	1	0	0	0	1	0	0	1	0	0	0	4	2	2	2	1	2	0
118759	11 Oct 25	23:23:00	1	0	60	0	Ct	0	0	0	0	1	1	1	3	0	0	3	0	5	0	0	0	0	0	0	0	5	0	0	0	0	0	2	5	4	1	9	0	1	0
118760	11 Oct 25	23:24:00	1	0	60	0	Ct	0	0	0	0	3	1	2	0	0	0	0	0	9	1	1	1	1	0	0	0	4	0	0	4	0	0	1	4	1	2	2	2	2	1
118761	11 Oct 25	23:25:00	1	0	60	0	Ct	0	0	0	0	2	8	3	0	0	0	2	0	0	2	1	2	0	0	0	0	5	0	0	3	0	0	0	2	1	1	1	0	0	1
118762	11 Oct 25	23:26:00	1	0	60	0	Ct	0	0	0	0	0	0	2	2	2	0	0	0	5	11	0	2	0	0	0	0	4	0	0	1	0	0	3	3	2	3	1	0	0	2
118763	11 Oct 25	23:27:00	1	0	60	0	Ct	0	0	0	0	1	0	3	3	2	0	0	0	18	2	1	1	2	0	0	0	3	0	0	0	0	0	1	4	2	3	0	0	0	17
118764	11 Oct 25	23:28:00	1	0	60	0	Ct	0	0	0	0	1	0	2	2	1	0	2	0	0	0	1	1	4	0	0	0	3	0	0	2	0	0	1	0	3	3	5	0	0	2
118765	11 Oct 25	23:29:00	1	0	60	0	Ct	0	0	0	0	2	0	2	2	0	0	1	1	0	1	2	3	0	0	0	0	4	0	0	0	0	0	0	0	0	3	4	2	0	3
118766	11 Oct 25	23:30:00	1	0	60	0	Ct	0	0	0	0	0	0	0	1	0	0	1	1	0	4	2	1	0	0	2	0	3	0	0	1	0	0	0	2	1	2	0	0	0	7
118767	11 Oct 25	23:31:00	1	0	60	0	Ct	0	0	0	0	1	0	2	1	0	0	1	1	0	14	1	0	0	0	6	0	4	0	0	1	0	0	2	3	0	0	1	0	0	2
118768	11 Oct 25	23:32:00	1	0	60	0	Ct	0	0	0	0	1	0	1	2	0	0	1	9	0	0	1	2	13	0	0	0	4	0	0	0	0	0	0	3	1	1	1	0	0	5
118769	11 Oct 25	23:33:00	1	0	60	0	Ct	0	0	0	0	0	0	1	2	0	0	1	8	0	1	0	1	1	0	0	0	4	0	0	0	0	0	2	0	1	5	3	0	0	2
118770	11 Oct 25	23:34:00	1	0	60	0	Ct	0	0	0	0	0	0	2	0	0	0	3	1	0	8	0	2	0	0	0	0	4	0	0	0	0	0	3	0	0	5	0	0	0	2
118771	11 Oct 25	23:35:00	1	0	60	0	Ct	0	0	0	0	1	0	2	2	0	0	0	3	0	2	0	0	3	0	0	0	3	0	0	0	0	0	0	0	0	4	9	0	0	2
118772	11 Oct 25	23:36:00	1	0	60	0	Ct	0	0	0	0	8	0	3	1	0	0	2	3	0	0	0	0	2	0	2	0	1	0	0	0	0	0	0	1	0	1	1	0	0	1
118773	11 Oct 25	23:37:00	1	0	60	0	Ct	0	0	0	0	13	0	3	2	0	0	1	2	0	2	0	0	6	0	0	0	5	0	0	0	0	0	0	2	0	2	0	1	0	3
118774	11 Oct 25	23:38:00	1	0	60	0	Ct	0	0	0	0	9	0	4	0	0	0	3	1	3	4	0	0	0	0	0	0	4	0	1	0	0	0	0	3	1	1	2	2	0	2
118775	11 Oct 25	23:39:00	1	0	60	0	Ct	0	0	3	0	4	0	4	0	0	0	4	4	0	3	2	0	1	0	0	0	4	0	3	3	0	0	0	1	2	3	2	2	0	1
118776	11 Oct 25	23:40:00	1	0	60	0	Ct	0	0	0	0	3	0	3	1	0	0	1	0	0	1	1	0	0	0	0	0	3	0	5	4	0	0	13	3	4	3	1	1	0	2
118777	11 Oct 25	23:41:00	1	0	60	0	Ct	0	0	0	4	1	0	4	1	0	0	2	2	1	3	1	0	0	0	0	0	6	0	2	2	0	0	1	1	2	5	1	1	0	2
118778	11 Oct 25	23:42:00	1	0	60	0	Ct	0	0	0	0	0	0	2	3	0	0	1	1	0	3	2	0	0	0	0	0	4	0	2	2	0	0	3	1	1	4	2	4	0	2
118779	11 Oct 25	23:43:00	1	0	60	0	Ct	0	0	0	0	1	0	1	2	0	0	2	1	0	0	3	0	0	0	0	0	3	0	5	3	0	0	0	3	0	2	2	3	0	1
118780	11 Oct 25	23:44:00	1	0	60	0	Ct	0	0	0	0	2	0	2	0	1	0	1	0	0	0	0	0	5	0	0	0	4	0	3	1	0	0	0	1	0	2	0	5	0	4
118781	11 Oct 25	23:45:00	1	0	60	0	Ct	0	0	0	0	1	0	3	2	1	0	2	0	0	2	0	0	1	0	0	0	2	0	2	1	0	0	0	0	2	2	2	1	0	3
118782	11 Oct 25	23:46:00	1	0	60	0	Ct	0	0	0	0	0	0	2	7	2	0	1	0	0	2	0	0	0	0	0	0	4	0	2	1	0	0	0	2	2	1	0	1	0	4
118783	11 Oct 25	23:47:00	1	0	60	0	Ct	0	0	0	0	0	0	2	4	3	0	2	0	0	1	1	0	0	0	0	0	4	0	2	1	0	0	0	3	3	0	1	1	0	9
118784	11 Oct 25	23:48:00	1	0	60	0	Ct	0	0	0	0	0	0	0	4	0	0	1	0	0	2	1	0	0	0	0	0	4	0	3	0	0	0	0	2	1	7	0	0	0	1
118785	11 Oct 25	23:49:00	1	0	60	0	Ct	0	0	0	0	0	0	2	1	0	2	0	10	0	1	0	0	4	0	0	0	5	0	0	0	0	0	0	0	0	4	1	1	0	5
118786	11 Oct 25	23:50:00	1	0	60	0	Ct	0	0	0	1	0	0	3	1	0	0	0	0	0	2	1	2	1	0	0	0	3	0	7	0	0	4	0	0	0	1	2	2	0	4
118787	11 Oct 25	23:51:00	1	0	60	0	Ct	0	0	0	1	0	0	2	1	0	0	0	1	0	2	0	3	0	0	0	0	2	0	6	0	0	0	5	0	1	1	0	0	0	4
118788	11 Oct 25	23:52:00	1	0	60	0	Ct	0	0	0	0	0	0	4	8	0	0	1	2	0	6	0	2	0	0	0	0	3	0	2	3	0	0	0	0	4	1	3	0	0	6
118789	11 Oct 25	23:53:00	1	0	60	0	Ct	0	0	0	0	0	0	1	3	0	0	2	6	0	2	0	2	11	0	0	0	3	0	2	2	0	0	0	0	2	2	5	2	0	3
118790	11 Oct 25	23:54:00	1	0	60	0	Ct	0	0	0	3	0	0	1	1	0	0	3	46	4	1	2	2	0	0	0	0	3	0	1	1	0	0	0	0	1	0	15	2	0	6
118791	11 Oct 25	23:55:00	1	0	60	0	Ct	0	0	0	0	0	0	1	2	0	0	3	0	1	3	2	1	0	0	0	0	2	0	4	2	0	0	2	0	0	1	2	3	0	1
118792	11 Oct 25	23:56:00	1	0	60	0	Ct	0	0	0	0	0	0	0	2	0	0	1	0	0	0	1	1	2	0	0	0	2	0	0	0	0	0	0	0	2	1	2	0	0	4
118793	11 Oct 25	23:57:00	1	0	60	0	Ct	0	0	0	0	2	0	1	3	0	0	1	0	0	3	3	1	0	0	0	0	1	0	3	0	0	0	0	0	0	1	1	1	2	1
118794	11 Oct 25	23:58:00	1	0	60	0	Ct	0	0	0	0	1	0	3	3	0	0	2	0	0	1	1	1	2	0	0	0	3	0	3	1	0	0	0	0	5	1	1	2	0	3
118795	11 Oct 25	23:59:00	1	0	60	0	Ct	0	0	0	0	0	0	4	4	0	0	1	0	0	2	0	0	0	0	0	0	3	0	5	1	0	0	0	0	16	0	3	1	2	2
118796	12 Oct 25	00:00:00	1	0	60	0	Ct	0	0	0	0	0	0	2	1	0	0	1	0	0	0	0	0	3	0	0	0	3	0	0	2	0	0	0	0	1	4	5	0	0	3
118797	12 Oct 25	00:01:00	1	0	60	0	Ct	0	0	0	0	0	0	2	3	0	0	1	2	0	3	2	2	10	3	0	0	4	0	0	1	0	0	0	0	1	4	0	1	0	1
118798	12 Oct 25	00:02:00	1	0	60	0	Ct	0	0	0	0	5	0	2	1	0	0	0	1	0	0	0	0	0	2	0	0	2	0	0	6	0	0	0	2	2	6	12	1	0	2
118799	12 Oct 25	00:03:00	1	0	60	0	Ct	0	0	0	0	1	0	4	1	0	0	2	1	0	3	1	0	0	3	0	0	4	0	0	1	0	0	0	5	4	1	1	1	8	3
118800	12 Oct 25	00:04:00	1	0	60	0	Ct	0	0	0	0	0	0	4	1	0	0	1	1	0	0	2	0	0	0	0	0	2	0	0	1	0	0	0	4	1	2	1	0	6	2
118801	12 Oct 25	00:05:00	1	0	60	0	Ct	0	0	0	0	0	0	3	3	0	0	1	1	3	2	0	0	5	0	0	0	6	0	0	0	0	0	0	23	3	3	1	0	0	0
118802	12 Oct 25	00:06:00	1	0	60	0	Ct	0	0	0	0	0	0	1	0	0	0	2	0	1	1	0	0	1	0	0	0	4	0	0	1	0	0	0	24	1	4	1	3	0	0
118803	12 Oct 25	00:07:00	1	0	60	0	Ct	0	0	0	0	0	4	2	5	0	0	3	0	0	2	0	0	2	0	0	0	1	0	0	0	0	0	0	16	3	1	1	2	0	2
118804	12 Oct 25	00:08:00	1	0	60	0	Ct	0	0	0	0	0	4	2	3	0	0	2	1	0	0	0	0	0	0	0	0	2	0	0	2	0	0	0	0	1	2	0	2	0	2
118805	12 Oct 25	00:09:00	1	0	60	0	Ct	0	0	0	0	3	1	1	3	0	0	0	0	0	3	0	0	0	0	0	0	0	0	0	5	0	0	0	3	0	2	2	3	0	0
118806	12 Oct 25	00:10:00	1	0	60	0	Ct	0	0	0	0	1	0	3	3	0	0	1	21	0	7	0	0	8	0	0	0	0	0	0	0	0	0	0	32	0	4	0	1	0	1
118807	12 Oct 25	00:11:00	1	0	60	0	Ct	0	0	0	0	0	0	2	1	0	0	1	10	0	1	0	0	5	0	0	0	0	0	0	0	0	0	0	35	0	2	2	2	0	3
118808	12 Oct 25	00:12:00	1	0	60	0	Ct	0	0	0	0	0	0	1	1	0	0	0	0	0	0	0	0	5	0	2	0	3	0	0	0	0	0	0	3	1	4	3	1	0	1
118809	12 Oct 25	00:13:00	1	0	60	0	Ct	0	0	0	0	0	0	1	0	0	0	0	2	4	7	2	0	0	0	0	0	4	0	0	0	0	0	3	22	2	3	2	0	0	4
118810	12 Oct 25	00:14:00	1	0	60	0	Ct	0	0	0	0	0	0	0	0	0	0	1	0	1	5	2	0	3	0	0	0	3	0	0	1	0	0	3	37	1	0	5	0	0	2
118811	12 Oct 25	00:15:00	1	0	60	0	Ct	0	0	0	0	0	0	1	0	0	0	2	0	0	1	4	0	0	0	0	0	4	0	0	1	0	0	0	11	1	2	1	0	0	4
118812	12 Oct 25	00:16:00	1	0	60	0	Ct	0	0	0	2	0	0	1	0	0	0	1	0	0	1	2	0	0	0	0	0	4	0	0	3	0	0	3	0	0	2	4	0	0	2
118813	12 Oct 25	00:17:00	1	0	60	0	Ct	0	0	0	0	0	0	2	0	0	0	2	0	0	2	2	0	0	0	0	0	4	0	0	1	0	0	1	0	3	1	1	0	0	2
118814	12 Oct 25	00:18:00	1	0	60	0	Ct	0	0	0	0	2	0	2	0	0	0	1	2	0	0	1	0	2	0	0	0	3	0	0	6	0	0	6	0	2	1	2	0	0	6
118815	12 Oct 25	00:19:00	1	0	60	0	Ct	0	0	0	0	0	0	0	0	0	0	0	2	0	1	2	0	2	0	0	0	4	0	0	0	0	0	4	5	2	0	1	0	0	5
118816	12 Oct 25	00:20:00	1	0	60	0	Ct	0	0	0	0	0	0	3	0	0	0	1	1	0	2	3	0	0	0	0	0	3	0	0	0	0	0	2	16	2	1	2	0	0	0
118817	12 Oct 25	00:21:00	1	0	60	0	Ct	0	0	0	0	0	0	5	0	0	0	1	3	4	0	1	0	0	0	0	0	4	0	0	2	0	0	1	0	1	2	0	0	0	2
118818	12 Oct 25	00:22:00	1	0	60	0	Ct	0	0	0	0	0	0	5	0	0	0	0	2	2	0	2	0	0	0	0	0	5	0	0	4	0	0	4	0	0	2	2	2	0	0
118819	12 Oct 25	00:23:00	1	0	60	0	Ct	0	0	0	0	0	0	0	0	0	0	0	1	0	0	2	0	0	0	0	0	4	0	0	0	0	0	0	0	0	1	1	4	0	0
118820	12 Oct 25	00:24:00	1	0	60	0	Ct	0	0	0	0	0	0	2	0	0	0	0	3	0	1	1	0	0	0	0	0	2	0	0	1	0	0	0	0	3	0	0	5	0	0
118821	12 Oct 25	00:25:00	1	0	60	0	Ct	0	0	0	0	0	0	2	0	0	0	0	0	0	2	1	0	0	0	0	0	0	0	0	0	0	0	1	0	3	16	0	3	0	0
118822	12 Oct 25	00:26:00	1	0	60	0	Ct	0	0	0	0	1	0	2	0	0	0	0	0	0	0	0	0	0	0	0	0	0	0	0	1	0	1	0	12	2	1	1	4	0	0
118823	12 Oct 25	00:27:00	1	0	60	0	Ct	0	0	0	0	2	0	2	0	0	0	0	0	3	3	2	4	0	0	0	0	0	0	0	0	0	0	2	4	2	2	0	0	0	0
118824	12 Oct 25	00:28:00	1	0	60	0	Ct	0	0	0	0	3	0	2	0	0	0	0	0	2	3	0	4	0	0	0	0	0	0	0	0	0	0	0	0	2	2	0	2	0	0
118825	12 Oct 25	00:29:00	1	0	60	0	Ct	0	0	0	0	0	0	3	0	0	0	0	0	2	1	2	2	0	0	0	0	0	0	0	0	0	0	0	0	2	0	2	1	0	3
118826	12 Oct 25	00:30:00	1	0	60	0	Ct	0	0	0	0	1	0	3	0	0	0	0	0	1	3	3	0	0	0	0	0	0	0	0	0	0	0	0	0	1	1	2	1	0	0
118827	12 Oct 25	00:31:00	1	0	60	0	Ct	0	0	0	0	0	0	2	0	0	0	0	1	3	1	5	0	0	0	0	0	0	0	0	1	0	0	0	0	0	3	1	0	3	0
118828	12 Oct 25	00:32:00	1	0	60	0	Ct	0	0	0	0	0	0	2	0	0	0	0	1	3	2	1	3	0	0	0	0	0	0	0	2	0	0	0	0	0	5	2	0	0	3
118829	12 Oct 25	00:33:00	1	0	60	0	Ct	0	0	0	0	0	0	0	0	0	0	0	0	2	1	1	3	0	0	0	0	0	0	0	0	0	0	0	0	1	1	1	0	0	4
118830	12 Oct 25	00:34:00	1	0	60	0	Ct	0	0	0	0	1	0	1	0	0	0	0	0	2	4	2	1	0	0	0	0	0	0	0	1	0	0	0	0	0	2	2	1	3	4
118831	12 Oct 25	00:35:00	1	0	60	0	Ct	0	0	0	0	3	0	1	0	0	0	0	0	2	0	1	2	0	0	0	0	0	0	0	0	0	0	0	0	0	0	1	0	2	2
118832	12 Oct 25	00:36:00	1	0	60	0	Ct	0	0	0	0	1	0	1	0	0	0	0	0	1	1	2	2	0	0	0	0	0	0	0	0	0	0	0	4	0	4	3	2	1	3
118833	12 Oct 25	00:37:00	1	0	60	0	Ct	0	0	0	0	0	0	1	0	0	0	0	0	1	4	2	0	0	0	0	0	0	0	0	0	0	0	4	1	0	2	8	4	0	2
118834	12 Oct 25	00:38:00	1	0	60	0	Ct	0	0	0	0	6	0	0	0	0	0	0	0	3	2	0	0	0	0	0	0	0	0	4	0	0	0	3	0	0	8	2	3	1	2
118835	12 Oct 25	00:39:00	1	0	60	0	Ct	0	0	0	0	0	0	3	0	0	0	0	2	1	1	0	0	0	0	0	0	0	0	5	0	0	0	0	0	2	8	3	4	1	3
118836	12 Oct 25	00:40:00	1	0	60	0	Ct	0	0	0	0	0	0	2	0	0	0	0	0	3	1	2	0	0	0	0	0	0	0	0	0	0	0	2	0	0	2	1	2	0	5
118837	12 Oct 25	00:41:00	1	0	60	0	Ct	0	0	0	0	2	0	4	0	0	0	0	0	0	1	1	0	0	0	0	0	0	0	0	0	0	0	3	0	0	1	1	1	0	4
118838	12 Oct 25	00:42:00	1	0	60	0	Ct	0	0	0	0	2	0	3	0	0	0	0	0	0	0	2	0	0	7	0	0	0	0	0	1	0	0	1	0	3	3	3	0	0	4
118839	12 Oct 25	00:43:00	1	0	60	0	Ct	0	0	0	0	2	0	0	0	0	0	0	2	0	1	1	0	1	0	0	0	0	0	1	0	0	0	1	0	0	2	1	2	1	4
118840	12 Oct 25	00:44:00	1	0	60	0	Ct	0	0	0	0	0	0	2	0	2	0	0	0	2	1	1	0	0	2	0	0	0	0	4	0	0	0	3	0	0	2	0	8	11	2
118841	12 Oct 25	00:45:00	1	0	60	0	Ct	0	0	0	0	4	0	3	0	0	0	0	1	7	3	0	0	0	3	0	0	0	0	3	6	0	0	1	0	0	1	0	24	37	2
118842	12 Oct 25	00:46:00	1	0	60	0	Ct	0	0	0	0	12	0	0	0	0	0	0	2	2	1	0	0	0	3	0	0	0	0	2	4	0	0	1	1	0	1	0	30	15	0
118843	12 Oct 25	00:47:00	1	0	60	0	Ct	0	0	0	0	1	0	2	0	0	0	0	1	2	0	0	0	0	0	0	0	0	0	1	0	0	0	6	0	0	2	0	3	26	2
118844	12 Oct 25	00:48:00	1	0	60	0	Ct	0	0	0	0	2	0	4	0	0	0	0	1	2	0	0	0	0	0	0	0	0	0	4	0	0	0	0	3	0	1	1	2	4	2
118845	12 Oct 25	00:49:00	1	0	60	0	Ct	0	0	0	0	6	0	1	0	0	0	0	1	3	0	0	0	0	0	0	0	2	0	2	9	0	0	0	0	2	3	3	2	3	3
118846	12 Oct 25	00:50:00	1	0	60	0	Ct	0	0	0	0	0	0	3	0	0	0	0	3	1	0	0	0	0	0	0	0	1	0	3	1	0	0	1	3	1	3	1	0	29	0
118847	12 Oct 25	00:51:00	1	0	60	0	Ct	0	0	0	0	0	0	1	0	0	0	4	2	0	2	0	0	0	0	0	0	0	0	1	3	0	0	2	0	1	2	0	0	16	0
118848	12 Oct 25	00:52:00	1	0	60	0	Ct	0	0	0	0	0	0	1	0	0	0	0	3	2	0	0	0	0	0	0	0	0	0	0	1	0	0	1	0	0	3	1	0	0	4
118849	12 Oct 25	00:53:00	1	0	60	0	Ct	0	0	0	0	0	0	3	0	0	0	0	2	2	0	0	0	0	0	0	0	0	0	1	1	0	0	2	0	0	2	0	0	0	3
118850	12 Oct 25	00:54:00	1	0	60	0	Ct	0	0	0	0	0	0	0	0	0	0	0	2	2	2	0	0	0	0	0	0	0	0	1	6	0	0	1	0	0	2	0	2	1	0
118851	12 Oct 25	00:55:00	1	0	60	0	Ct	0	0	0	3	2	0	1	0	0	0	2	0	2	5	0	0	0	0	0	0	0	0	6	5	0	0	2	0	0	1	2	1	0	0
118852	12 Oct 25	00:56:00	1	0	60	0	Ct	0	0	0	0	3	0	3	0	0	0	0	0	5	1	0	0	0	0	0	0	2	0	0	7	0	0	1	4	0	1	0	3	0	0
118853	12 Oct 25	00:57:00	1	0	60	0	Ct	0	0	0	0	3	0	1	0	0	0	0	0	1	0	0	0	2	0	0	0	0	2	0	2	0	0	1	0	3	1	0	0	1	3
118854	12 Oct 25	00:58:00	1	0	60	0	Ct	0	0	0	0	1	0	1	0	0	0	0	0	1	4	0	0	0	0	0	0	0	0	0	1	0	0	1	0	1	0	0	3	0	3
118855	12 Oct 25	00:59:00	1	0	60	0	Ct	0	0	0	0	0	0	5	0	0	0	0	0	1	3	0	0	0	0	0	0	0	1	0	0	0	0	0	0	1	0	0	2	0	3
118856	12 Oct 25	01:00:00	1	0	60	0	Ct	0	0	0	0	0	0	2	0	0	0	5	2	1	5	0	0	0	0	0	0	0	0	0	0	0	0	0	0	2	1	0	4	0	2
118857	12 Oct 25	01:01:00	1	0	60	0	Ct	0	0	0	2	1	0	2	0	0	0	6	3	1	0	0	0	0	0	0	0	0	1	0	4	0	0	1	0	2	1	1	2	0	2
118858	12 Oct 25	01:02:00	1	0	60	0	Ct	0	0	0	4	0	0	2	0	0	0	0	0	2	7	0	0	1	0	0	0	0	1	0	11	0	0	2	0	5	2	2	2	0	2
118859	12 Oct 25	01:03:00	1	0	60	0	Ct	0	0	0	0	0	0	2	0	0	0	0	0	1	5	0	0	3	0	0	0	0	1	0	0	0	0	1	0	1	0	3	2	0	3
118860	12 Oct 25	01:04:00	1	0	60	0	Ct	0	0	0	5	0	0	2	0	0	0	0	0	2	2	0	0	2	0	0	0	0	1	0	0	0	0	8	0	2	0	0	4	0	1
118861	12 Oct 25	01:05:00	1	0	60	0	Ct	0	0	0	6	0	0	3	0	0	0	1	0	1	3	2	0	0	0	0	0	3	3	0	0	0	0	0	0	2	0	0	1	0	1
118862	12 Oct 25	01:06:00	1	0	60	0	Ct	0	0	0	5	7	0	0	0	0	0	0	0	1	0	2	0	0	1	0	0	0	2	0	0	0	0	1	0	2	0	1	2	0	3
118863	12 Oct 25	01:07:00	1	0	60	0	Ct	0	0	0	7	1	0	2	0	0	0	19	0	2	3	2	0	0	0	0	0	0	1	0	1	0	0	1	0	2	0	0	0	0	1
118864	12 Oct 25	01:08:00	1	0	60	0	Ct	0	0	0	5	0	0	0	0	0	0	0	1	4	1	1	0	0	0	0	0	1	4	0	0	0	0	0	0	2	0	1	0	0	0
118865	12 Oct 25	01:09:00	1	0	60	0	Ct	0	0	0	3	0	0	1	0	0	0	0	1	1	4	1	0	0	1	0	0	2	0	0	0	0	0	0	0	1	3	1	0	0	1
118866	12 Oct 25	01:10:00	1	0	60	0	Ct	0	0	0	7	6	0	1	0	0	0	0	0	1	1	0	0	0	3	0	0	0	0	0	0	0	0	0	0	1	6	3	0	9	1
118867	12 Oct 25	01:11:00	1	0	60	0	Ct	0	0	0	5	3	0	2	0	0	0	0	0	2	1	0	0	0	0	0	0	3	2	0	3	0	0	0	0	2	1	1	6	0	0
118868	12 Oct 25	01:12:00	1	0	60	0	Ct	0	0	0	4	0	0	3	0	0	0	0	0	1	2	0	0	0	0	0	0	0	3	0	1	0	0	0	0	0	6	1	1	0	3
118869	12 Oct 25	01:13:00	1	0	60	0	Ct	0	0	0	4	0	0	2	0	0	0	0	0	3	0	1	0	0	0	0	0	0	0	0	14	0	0	0	0	1	1	4	1	0	2
118870	12 Oct 25	01:14:00	1	0	60	0	Ct	0	0	0	3	2	0	2	0	0	0	0	0	0	4	0	0	0	0	0	0	0	1	0	0	0	0	0	0	1	2	0	0	0	4
118871	12 Oct 25	01:15:00	1	0	60	0	Ct	0	0	0	3	3	0	2	0	0	0	0	0	0	1	2	0	0	0	0	0	0	3	0	0	0	0	0	0	0	2	1	0	0	3
118872	12 Oct 25	01:16:00	1	0	60	0	Ct	0	0	0	4	0	0	0	0	0	0	0	0	1	0	0	0	0	0	0	0	0	1	1	6	0	0	0	0	0	2	4	1	0	3
118873	12 Oct 25	01:17:00	1	0	60	0	Ct	0	0	0	3	0	0	0	0	0	0	0	2	1	1	1	0	0	0	0	0	0	4	3	2	0	0	0	0	0	1	1	0	0	0
118874	12 Oct 25	01:18:00	1	0	60	0	Ct	0	0	0	5	0	0	0	0	0	0	0	2	0	2	0	0	0	0	0	0	0	9	2	0	0	0	0	0	0	0	1	0	0	2
118875	12 Oct 25	01:19:00	1	0	60	0	Ct	0	0	0	4	0	0	0	0	0	0	0	2	3	0	2	0	0	0	0	0	0	4	3	0	0	0	0	0	0	0	1	0	0	2
118876	12 Oct 25	01:20:00	1	0	60	0	Ct	0	0	0	4	0	0	4	0	0	0	0	5	1	0	0	0	0	0	0	0	0	0	3	0	0	0	0	0	0	11	2	0	0	4
118877	12 Oct 25	01:21:00	1	0	60	0	Ct	0	0	0	3	0	0	5	0	0	0	0	1	0	0	2	0	0	3	0	0	0	0	2	0	0	0	0	0	0	0	1	0	0	2
118878	12 Oct 25	01:22:00	1	0	60	0	Ct	0	0	0	3	5	0	5	0	0	0	0	0	1	2	2	0	5	1	0	0	0	10	4	1	0	0	0	0	0	1	1	0	0	2
118879	12 Oct 25	01:23:00	1	0	60	0	Ct	0	0	0	4	5	0	2	3	0	0	0	2	2	2	1	0	1	2	0	0	0	1	5	1	0	0	0	0	1	3	0	0	0	3
118880	12 Oct 25	01:24:00	1	0	60	0	Ct	0	0	0	4	3	0	2	0	0	0	2	0	0	1	1	0	0	1	0	0	0	3	3	0	0	0	0	0	0	0	8	0	0	0
118881	12 Oct 25	01:25:00	1	0	60	0	Ct	0	0	0	3	0	0	3	0	0	0	2	0	7	1	1	0	0	0	0	0	0	0	2	2	0	0	0	0	0	1	0	0	0	0
118882	12 Oct 25	01:26:00	1	0	60	0	Ct	0	0	0	2	3	0	0	2	0	0	4	1	2	2	5	0	0	0	0	0	0	2	3	0	0	0	0	0	7	3	1	0	0	0
118883	12 Oct 25	01:27:00	1	0	60	0	Ct	0	0	0	4	1	0	1	0	0	0	2	1	2	1	1	0	0	0	0	0	0	1	5	1	0	0	0	0	12	2	0	0	0	4
118884	12 Oct 25	01:28:00	1	0	60	0	Ct	0	0	0	3	0	0	2	3	0	0	3	0	0	12	1	0	0	1	0	0	0	1	4	1	0	0	0	0	2	2	2	5	0	2
118885	12 Oct 25	01:29:00	1	0	60	0	Ct	0	0	0	3	0	0	2	5	0	0	1	0	4	0	0	0	0	4	0	0	0	7	2	2	0	0	0	0	0	3	1	2	4	4
118886	12 Oct 25	01:30:00	1	0	60	0	Ct	0	0	0	2	0	0	1	7	0	0	1	1	26	0	3	0	0	0	0	0	0	1	0	0	0	0	0	0	1	3	0	1	0	0
118887	12 Oct 25	01:31:00	1	0	60	0	Ct	0	0	0	6	0	0	3	3	0	0	3	0	9	6	0	0	0	0	0	0	0	0	2	0	0	1	0	0	1	1	2	2	0	0
118888	12 Oct 25	01:32:00	1	0	60	0	Ct	0	0	0	5	0	0	1	2	0	0	3	3	0	4	0	0	0	0	0	0	0	1	2	0	0	0	0	2	0	12	2	0	5	5
118889	12 Oct 25	01:33:00	1	0	60	0	Ct	0	0	0	1	0	0	1	1	0	0	1	0	0	0	4	0	0	0	0	0	0	1	1	0	0	2	0	0	0	17	0	2	0	3
118890	12 Oct 25	01:34:00	1	0	60	0	Ct	0	0	0	3	0	0	0	2	0	0	1	0	0	0	1	0	0	0	0	0	0	3	0	0	0	3	0	0	0	8	2	0	0	3
118891	12 Oct 25	01:35:00	1	0	60	0	Ct	0	0	0	3	0	0	0	2	0	0	1	0	0	2	2	0	0	0	0	0	0	1	3	0	0	0	0	0	0	0	0	0	0	2
118892	12 Oct 25	01:36:00	1	0	60	0	Ct	0	0	0	3	0	0	0	2	0	0	1	0	0	1	4	0	0	0	0	0	0	3	7	0	0	0	0	0	0	1	0	0	0	0
118893	12 Oct 25	01:37:00	1	0	60	0	Ct	0	0	0	6	0	0	2	3	0	0	3	2	0	1	0	0	0	2	0	0	0	9	4	0	0	0	0	0	1	7	1	2	0	2
118894	12 Oct 25	01:38:00	1	0	60	0	Ct	0	0	0	2	0	0	1	2	0	0	8	4	0	2	2	0	0	0	0	0	0	3	4	0	0	0	0	0	1	9	0	4	1	4
118895	12 Oct 25	01:39:00	1	0	60	0	Ct	0	0	0	4	0	0	2	2	0	0	0	4	0	0	1	0	0	0	0	0	0	0	0	0	0	0	0	0	2	5	0	0	0	2
118896	12 Oct 25	01:40:00	1	0	60	0	Ct	0	0	0	3	0	0	4	1	0	0	2	2	1	0	1	0	0	0	0	0	0	3	0	7	0	0	0	0	3	0	0	0	0	2
118897	12 Oct 25	01:41:00	1	0	60	0	Ct	0	0	0	4	0	0	0	3	0	0	1	3	0	3	0	0	0	0	0	0	0	0	0	2	0	0	0	0	1	0	0	2	0	1
118898	12 Oct 25	01:42:00	1	0	60	0	Ct	0	0	0	2	0	0	0	0	0	0	2	1	0	1	0	0	0	0	0	0	0	0	0	16	0	0	0	0	1	0	0	0	0	3
118899	12 Oct 25	01:43:00	1	0	60	0	Ct	0	0	0	3	0	0	0	2	0	0	1	3	2	1	0	0	0	0	0	0	0	1	0	2	0	0	0	0	2	2	0	4	0	2
118900	12 Oct 25	01:44:00	1	0	60	0	Ct	0	0	0	2	0	0	0	2	0	0	3	4	1	6	0	0	0	0	0	0	0	2	0	0	0	0	0	0	2	1	5	3	0	2
118901	12 Oct 25	01:45:00	1	0	60	0	Ct	0	0	0	1	1	0	0	2	0	0	2	2	1	8	0	0	0	0	0	0	0	3	0	0	0	0	0	0	1	0	0	2	0	1
118902	12 Oct 25	01:46:00	1	0	60	0	Ct	0	0	0	4	0	0	1	2	0	0	5	3	1	8	1	0	0	0	0	0	0	1	0	0	0	0	0	0	0	27	0	1	0	3
118903	12 Oct 25	01:47:00	1	0	60	0	Ct	0	0	0	2	0	0	4	1	0	0	3	2	1	0	2	0	0	0	0	0	0	7	0	0	0	0	0	0	1	2	0	3	0	3
118904	12 Oct 25	01:48:00	1	0	60	0	Ct	0	0	0	1	0	0	3	3	0	0	1	2	3	0	2	0	0	0	0	0	0	0	0	0	0	0	0	0	0	0	0	1	0	2
118905	12 Oct 25	01:49:00	1	0	60	0	Ct	0	0	0	0	0	0	0	1	0	0	3	3	7	1	1	0	0	0	0	0	0	7	0	0	0	0	0	0	3	5	0	26	0	0
118906	12 Oct 25	01:50:00	1	0	60	0	Ct	0	0	0	2	3	0	4	2	0	0	1	1	2	2	1	0	0	0	0	0	0	1	1	0	0	2	0	1	10	15	2	23	0	0
118907	12 Oct 25	01:51:00	1	0	60	0	Ct	0	0	0	6	0	0	3	2	0	0	0	2	4	5	0	0	0	0	0	0	0	2	6	0	0	0	0	0	10	5	4	15	0	0
118908	12 Oct 25	01:52:00	1	0	60	0	Ct	0	0	0	1	0	0	2	1	0	0	1	0	0	1	0	0	0	0	0	0	0	2	1	1	0	0	4	0	2	3	2	7	0	0
118909	12 Oct 25	01:53:00	1	0	60	0	Ct	0	0	0	0	0	0	0	3	0	0	2	3	8	1	0	0	0	0	0	0	0	2	0	3	0	0	1	0	0	2	3	2	0	0
118910	12 Oct 25	01:54:00	1	0	60	0	Ct	0	0	0	0	0	0	2	1	0	0	3	0	1	0	0	0	0	0	0	0	0	1	0	5	0	0	3	0	1	14	4	28	0	0
118911	12 Oct 25	01:55:00	1	0	60	0	Ct	0	0	0	0	0	0	3	1	0	0	2	0	0	10	0	0	0	0	0	0	0	0	0	2	0	0	2	0	2	2	1	4	0	0
118912	12 Oct 25	01:56:00	1	0	60	0	Ct	0	0	0	0	0	0	2	3	0	0	2	0	0	4	0	0	0	0	0	0	0	4	0	2	0	0	2	1	2	0	2	0	0	0
118913	12 Oct 25	01:57:00	1	0	60	0	Ct	0	0	0	0	0	0	3	1	0	0	0	0	0	0	0	0	0	0	0	0	0	0	0	2	0	0	1	0	2	0	1	0	0	0
118914	12 Oct 25	01:58:00	1	0	60	0	Ct	0	0	0	0	0	0	2	1	0	0	2	0	0	3	0	0	0	0	0	0	0	1	0	3	0	0	2	0	1	0	8	0	0	0
118915	12 Oct 25	01:59:00	1	0	60	0	Ct	0	0	0	0	0	0	0	4	0	0	1	0	0	0	0	0	0	3	0	0	0	5	0	1	0	0	2	0	1	2	0	0	0	2
118916	12 Oct 25	02:00:00	1	0	60	0	Ct	0	0	0	0	0	0	0	0	0	0	1	0	0	0	0	0	0	4	0	0	0	0	0	3	0	0	0	0	2	17	1	1	0	3
118917	12 Oct 25	02:01:00	1	0	60	0	Ct	0	0	0	0	0	0	0	2	0	0	1	1	0	4	0	0	0	3	0	0	3	0	0	2	0	0	1	0	2	11	0	0	0	6
118918	12 Oct 25	02:02:00	1	0	60	0	Ct	0	0	0	0	0	0	0	2	0	0	1	0	0	2	0	0	0	0	0	0	3	0	0	2	0	0	2	0	0	0	0	2	0	0
118919	12 Oct 25	02:03:00	1	0	60	0	Ct	0	0	0	0	0	0	0	1	0	0	2	0	0	2	0	0	0	0	0	0	1	0	0	1	0	0	0	0	0	0	7	1	0	4
118920	12 Oct 25	02:04:00	1	0	60	0	Ct	0	0	0	0	0	0	0	1	0	0	1	0	0	0	1	0	0	2	0	0	0	2	0	2	0	0	0	0	0	1	6	1	0	1
118921	12 Oct 25	02:05:00	1	0	60	0	Ct	0	0	0	0	0	0	1	2	0	0	2	0	0	0	0	0	0	3	0	0	0	0	0	2	0	0	1	0	1	4	7	5	0	2
118922	12 Oct 25	02:06:00	1	0	60	0	Ct	0	0	0	0	0	0	1	1	0	0	1	0	1	0	0	0	2	0	0	0	0	2	0	2	0	0	1	0	0	1	8	1	0	2
118923	12 Oct 25	02:07:00	1	0	60	0	Ct	0	0	0	0	0	0	1	1	0	0	1	0	2	0	1	0	1	0	0	0	0	1	0	1	0	0	1	0	0	3	1	2	0	2
118924	12 Oct 25	02:08:00	1	0	60	0	Ct	0	0	0	0	0	0	3	5	0	0	1	0	0	0	2	0	5	0	0	0	0	0	0	1	0	0	1	0	0	0	1	1	0	2
118925	12 Oct 25	02:09:00	1	0	60	0	Ct	0	0	0	0	0	0	2	2	0	0	0	1	0	0	1	0	6	0	0	0	0	0	4	2	0	0	3	0	0	0	0	9	0	1
118926	12 Oct 25	02:10:00	1	0	60	0	Ct	0	0	5	0	0	0	0	0	0	0	3	2	0	0	2	0	0	2	0	0	0	1	12	1	0	0	1	0	0	2	0	2	0	1
118927	12 Oct 25	02:11:00	1	0	60	0	Ct	0	0	0	0	0	0	0	2	0	0	1	2	0	0	14	0	1	0	0	0	0	1	8	6	0	0	1	0	0	2	2	2	0	1
118928	12 Oct 25	02:12:00	1	0	60	0	Ct	0	0	0	0	0	0	2	1	0	0	1	3	0	3	34	0	0	2	0	0	0	3	3	3	0	0	1	0	0	4	11	0	0	1
118929	12 Oct 25	02:13:00	1	0	60	0	Ct	0	0	0	0	0	0	3	0	0	0	2	2	0	3	2	0	0	2	0	0	0	0	4	3	0	0	1	0	0	4	0	0	0	1
118930	12 Oct 25	02:14:00	1	0	60	0	Ct	0	0	0	0	0	0	4	0	0	0	4	3	0	3	3	0	15	2	0	0	0	0	4	0	0	0	0	0	2	3	0	3	0	2
118931	12 Oct 25	02:15:00	1	0	60	0	Ct	0	0	0	0	0	0	2	1	0	0	1	3	0	7	1	0	0	0	0	0	0	0	1	3	0	0	3	0	2	2	0	5	0	3
118932	12 Oct 25	02:16:00	1	0	60	0	Ct	0	0	0	0	0	0	4	0	0	0	1	1	0	0	1	0	0	0	0	0	0	0	4	0	0	0	3	0	1	1	0	2	0	1
118933	12 Oct 25	02:17:00	1	0	60	0	Ct	0	0	0	0	0	0	3	0	0	0	4	0	0	0	1	0	0	0	0	0	0	0	2	2	0	0	2	0	1	0	0	0	0	3
118934	12 Oct 25	02:18:00	1	0	60	0	Ct	0	0	0	0	0	0	3	2	0	0	1	2	1	4	1	0	0	0	6	0	0	0	1	2	0	0	5	0	1	6	2	0	0	1
118935	12 Oct 25	02:19:00	1	0	60	0	Ct	0	0	0	0	0	0	2	2	0	0	1	1	0	0	1	0	0	0	0	0	0	0	6	0	0	0	6	0	1	1	2	0	0	1
118936	12 Oct 25	02:20:00	1	0	60	0	Ct	0	0	0	0	3	0	9	3	0	0	1	1	0	0	3	0	0	0	0	0	0	0	2	2	0	0	0	0	0	4	0	0	0	2
118937	12 Oct 25	02:21:00	1	0	60	0	Ct	0	0	0	0	1	0	4	7	0	0	2	0	0	0	4	0	0	0	2	0	0	0	1	2	0	0	2	0	0	2	1	0	0	0
118938	12 Oct 25	02:22:00	1	0	60	0	Ct	0	0	0	0	0	0	3	1	0	0	0	2	0	1	2	0	0	0	0	0	0	0	6	1	0	0	0	0	0	1	0	0	0	0
118939	12 Oct 25	02:23:00	1	0	60	0	Ct	0	0	0	0	1	0	4	2	0	0	4	0	0	3	1	0	0	3	0	0	0	0	0	2	0	0	0	0	0	1	5	0	0	0
118940	12 Oct 25	02:24:00	1	0	60	0	Ct	0	0	0	0	0	0	2	2	0	0	3	3	0	2	0	0	0	0	4	0	0	0	0	10	0	0	0	0	0	4	4	1	0	0
118941	12 Oct 25	02:25:00	1	0	60	0	Ct	0	0	0	0	0	0	1	1	0	0	0	0	0	1	0	0	0	0	2	0	0	0	0	19	0	0	0	0	0	2	10	0	0	0
118942	12 Oct 25	02:26:00	1	0	60	0	Ct	0	0	0	0	0	0	2	1	0	0	2	0	0	1	0	0	0	0	1	0	0	0	0	2	0	0	0	0	0	1	6	0	0	0
118943	12 Oct 25	02:27:00	1	0	60	0	Ct	0	0	0	0	0	0	0	1	0	0	3	0	0	1	0	0	0	0	1	0	0	0	0	1	0	0	0	0	0	4	0	0	0	2
118944	12 Oct 25	02:28:00	1	0	60	0	Ct	0	0	0	0	0	0	1	1	0	0	2	0	0	2	0	0	0	0	2	0	0	0	9	0	0	0	0	0	0	1	0	0	0	2
118945	12 Oct 25	02:29:00	1	0	60	0	Ct	0	0	0	0	0	0	3	1	0	0	0	0	0	1	0	0	0	0	2	0	0	0	19	0	0	0	0	0	0	2	0	0	0	2
118946	12 Oct 25	02:30:00	1	0	60	0	Ct	0	0	0	0	0	0	2	1	0	0	2	0	0	2	3	0	0	0	5	0	0	0	1	0	0	0	0	0	0	0	0	0	0	2
118947	12 Oct 25	02:31:00	1	0	60	0	Ct	0	0	0	0	0	0	5	1	0	0	0	0	0	0	2	0	0	0	19	0	0	0	4	0	0	0	0	0	0	2	0	0	0	2
118948	12 Oct 25	02:32:00	1	0	60	0	Ct	0	0	0	0	0	0	4	1	0	0	0	0	0	1	4	0	0	0	0	0	0	0	4	0	0	0	0	0	3	0	1	0	0	3
118949	12 Oct 25	02:33:00	1	0	60	0	Ct	0	0	0	0	0	0	4	2	0	0	0	0	0	1	2	0	0	0	0	0	0	0	0	15	0	0	0	0	2	4	0	1	0	1
118950	12 Oct 25	02:34:00	1	0	60	0	Ct	0	0	0	0	0	0	4	0	0	0	0	0	0	3	2	0	0	0	0	0	0	0	0	2	0	0	0	0	2	2	0	2	0	3
118951	12 Oct 25	02:35:00	1	0	60	0	Ct	0	0	0	0	0	0	1	0	0	0	0	0	0	0	1	0	0	0	0	0	0	0	0	12	0	0	0	0	1	1	0	0	0	2
118952	12 Oct 25	02:36:00	1	0	60	0	Ct	0	0	0	0	0	0	1	1	0	0	0	0	0	5	1	0	0	1	0	0	0	0	0	2	0	0	0	0	0	0	0	0	0	4
118953	12 Oct 25	02:37:00	1	0	60	0	Ct	0	0	0	0	0	0	5	1	0	0	0	0	0	0	2	0	0	6	0	0	0	0	0	1	0	0	0	0	1	2	0	0	0	3
118954	12 Oct 25	02:38:00	1	0	60	0	Ct	0	0	0	0	0	0	4	2	0	0	0	0	0	12	0	0	0	2	0	0	0	0	1	1	0	0	0	0	0	0	0	0	0	2
118955	12 Oct 25	02:39:00	1	0	60	0	Ct	0	0	0	0	0	0	0	0	0	0	0	0	0	4	1	0	0	3	0	0	2	0	0	1	0	0	0	0	1	4	0	5	0	0
118956	12 Oct 25	02:40:00	1	0	60	0	Ct	0	0	0	0	0	0	0	1	0	0	0	0	0	2	0	0	0	3	0	0	2	0	0	1	0	0	0	1	1	0	2	10	0	0
118957	12 Oct 25	02:41:00	1	0	60	0	Ct	0	0	0	0	0	0	0	1	0	0	0	0	0	0	0	0	0	2	0	0	0	0	0	0	0	0	0	0	0	3	2	23	0	0
118958	12 Oct 25	02:42:00	1	0	60	0	Ct	0	0	0	0	3	0	2	0	0	0	0	0	0	1	2	0	0	3	0	0	1	0	0	2	0	0	0	0	2	1	1	15	0	0
118959	12 Oct 25	02:43:00	1	0	60	0	Ct	0	0	0	0	0	0	3	0	0	0	0	2	0	7	0	0	0	2	0	0	0	0	0	3	0	0	0	0	0	1	1	51	0	0
118960	12 Oct 25	02:44:00	1	0	60	0	Ct	0	0	0	0	0	0	4	0	0	0	0	0	0	2	1	0	0	3	0	0	0	0	0	1	0	0	0	0	0	2	3	10	0	0
118961	12 Oct 25	02:45:00	1	0	60	0	Ct	0	0	0	0	0	0	2	0	0	0	0	0	0	1	1	0	0	4	0	0	0	0	0	2	0	0	0	0	0	0	1	8	0	0
118962	12 Oct 25	02:46:00	1	0	60	0	Ct	0	0	0	0	2	0	2	0	0	0	0	0	0	2	0	0	0	3	0	0	0	0	0	1	0	0	0	0	0	0	2	4	0	0
118963	12 Oct 25	02:47:00	1	0	60	0	Ct	0	0	0	0	0	0	1	0	0	0	0	0	0	2	0	0	0	5	0	0	0	0	0	2	0	0	0	0	0	0	5	1	0	0
118964	12 Oct 25	02:48:00	1	0	60	0	Ct	0	0	0	0	0	0	0	2	0	0	0	0	0	1	0	0	0	3	0	0	0	0	1	15	0	0	0	0	0	0	3	0	0	0
118965	12 Oct 25	02:49:00	1	0	60	0	Ct	0	0	0	0	0	0	0	0	0	0	0	0	0	4	0	0	0	3	2	0	0	0	0	3	0	0	0	0	0	0	0	1	0	2
118966	12 Oct 25	02:50:00	1	0	60	0	Ct	0	0	0	0	0	0	0	2	0	0	0	0	0	6	0	0	0	3	2	0	0	0	1	1	0	0	0	0	0	3	0	11	0	3
118967	12 Oct 25	02:51:00	1	0	60	0	Ct	0	0	0	0	0	0	0	1	0	0	0	0	0	0	0	0	0	3	4	0	0	0	0	1	0	0	1	0	0	2	3	0	0	2
118968	12 Oct 25	02:52:00	1	0	60	0	Ct	0	0	0	0	0	0	0	2	0	0	0	0	0	1	0	0	0	1	3	0	0	0	0	2	0	0	2	0	0	1	2	0	0	2
118969	12 Oct 25	02:53:00	1	0	60	0	Ct	0	0	0	0	0	0	2	7	0	0	0	0	0	1	0	0	0	2	2	0	0	0	0	1	0	0	3	0	0	1	0	0	0	2
118970	12 Oct 25	02:54:00	1	0	60	0	Ct	0	0	0	0	0	0	1	1	0	0	0	0	0	1	0	0	0	0	1	0	0	0	7	2	2	0	1	0	0	0	1	3	0	1
118971	12 Oct 25	02:55:00	1	0	60	0	Ct	0	0	0	0	0	0	1	3	0	0	0	4	0	1	0	0	0	5	1	0	0	0	8	1	5	0	2	0	0	0	9	4	0	2
118972	12 Oct 25	02:56:00	1	0	60	0	Ct	0	0	0	0	0	0	0	1	0	0	0	0	0	1	0	0	0	4	2	0	0	0	6	1	4	0	3	0	0	1	6	0	0	1
118973	12 Oct 25	02:57:00	1	0	60	0	Ct	0	0	0	0	0	0	0	1	0	0	0	0	0	1	0	0	0	1	2	0	0	0	6	2	1	0	1	0	0	1	4	3	0	0
118974	12 Oct 25	02:58:00	1	0	60	0	Ct	0	0	0	0	0	0	1	1	0	0	0	2	0	1	0	0	0	2	1	0	0	0	5	1	6	0	4	0	0	4	0	2	0	0
118975	12 Oct 25	02:59:00	1	0	60	0	Ct	0	0	0	0	0	0	1	1	0	0	0	4	0	1	0	0	0	2	1	0	0	0	3	0	4	0	1	0	0	10	0	1	0	0
118976	12 Oct 25	03:00:00	1	0	60	0	Ct	0	0	0	0	0	0	0	2	0	0	0	0	0	4	0	0	0	3	2	0	0	0	11	1	4	0	1	0	0	3	0	0	0	0
118977	12 Oct 25	03:01:00	1	0	60	0	Ct	0	0	0	0	0	0	2	1	0	0	0	0	0	0	0	0	0	1	2	0	0	0	1	2	1	0	1	0	0	2	0	3	0	0
118978	12 Oct 25	03:02:00	1	0	60	0	Ct	0	0	0	0	0	0	2	0	0	0	0	0	0	2	0	0	0	2	2	0	0	0	12	1	2	0	1	1	0	2	0	3	0	0
118979	12 Oct 25	03:03:00	1	0	60	0	Ct	0	0	0	0	0	0	0	0	0	0	0	0	0	1	0	0	0	1	1	0	0	0	1	2	1	0	1	0	0	5	0	1	0	0
118980	12 Oct 25	03:04:00	1	0	60	0	Ct	0	0	0	0	0	0	0	0	0	0	0	0	0	2	0	0	0	3	3	0	0	0	1	2	2	0	1	3	0	1	0	0	0	0
118981	12 Oct 25	03:05:00	1	0	60	0	Ct	0	0	0	0	0	0	0	0	0	0	0	0	0	1	0	0	0	3	1	0	0	0	2	3	4	0	0	3	0	1	0	0	0	0
118982	12 Oct 25	03:06:00	1	0	60	0	Ct	0	0	0	0	0	0	3	0	0	0	0	0	0	1	0	0	0	2	1	0	0	0	1	25	3	0	0	3	0	1	0	10	0	2
118983	12 Oct 25	03:07:00	1	0	60	0	Ct	0	0	0	0	0	0	1	0	0	0	0	0	0	1	0	0	0	3	4	0	0	0	2	0	2	0	0	3	0	4	0	2	0	2
118984	12 Oct 25	03:08:00	1	0	60	0	Ct	0	0	0	0	0	0	5	0	0	0	0	0	0	2	0	0	0	3	0	0	0	1	1	2	3	0	0	3	0	1	0	0	0	5
118985	12 Oct 25	03:09:00	1	0	60	0	Ct	0	0	0	0	0	0	1	0	0	0	0	0	0	2	0	0	0	1	0	0	0	5	4	1	2	0	0	4	0	3	0	0	0	2
118986	12 Oct 25	03:10:00	1	0	60	0	Ct	0	0	0	0	0	0	4	0	0	0	0	3	0	1	0	0	0	2	3	0	0	1	0	1	1	0	0	3	0	2	0	18	0	0
118987	12 Oct 25	03:11:00	1	0	60	0	Ct	0	0	0	0	0	0	0	0	0	0	0	0	0	3	0	0	0	2	2	0	0	1	1	2	1	0	0	4	0	2	0	3	0	1
118988	12 Oct 25	03:12:00	1	0	60	0	Ct	0	0	0	0	0	0	2	0	0	0	0	0	0	1	0	0	0	3	1	0	0	2	2	2	4	0	0	4	0	0	3	11	0	2
118989	12 Oct 25	03:13:00	1	0	60	0	Ct	0	0	0	0	0	0	2	0	0	0	0	0	0	0	0	0	0	2	3	0	0	1	1	3	2	0	0	4	0	0	0	4	0	1
118990	12 Oct 25	03:14:00	1	0	60	0	Ct	0	0	0	0	0	0	0	0	0	0	0	0	0	6	0	0	0	1	1	0	0	0	2	1	1	0	0	4	0	0	1	0	0	4
118991	12 Oct 25	03:15:00	1	0	60	0	Ct	0	0	0	0	0	0	0	0	0	0	0	0	0	0	0	0	0	3	2	0	0	1	0	0	0	0	0	4	0	0	0	0	0	3
118992	12 Oct 25	03:16:00	1	0	60	0	Ct	0	0	0	0	0	0	0	0	0	0	0	0	0	2	0	0	0	2	0	0	0	1	0	2	0	0	0	4	0	2	4	1	0	2
118993	12 Oct 25	03:17:00	1	0	60	0	Ct	0	0	0	0	0	0	0	0	0	0	0	0	0	0	0	0	5	1	2	0	0	0	0	0	0	0	0	4	2	0	1	1	0	4
118994	12 Oct 25	03:18:00	1	0	60	0	Ct	0	0	0	0	0	0	0	0	0	0	0	0	0	4	0	0	0	2	2	0	0	5	0	0	1	0	0	4	2	4	1	0	0	4
118995	12 Oct 25	03:19:00	1	0	60	0	Ct	0	0	0	0	0	0	1	0	0	0	0	1	0	0	0	0	0	1	1	0	0	3	0	1	3	0	0	2	2	1	0	2	0	1
118996	12 Oct 25	03:20:00	1	0	60	0	Ct	0	0	0	0	0	0	0	0	0	0	0	0	0	1	0	0	1	2	0	0	0	0	0	1	3	0	0	4	0	0	0	0	0	3
118997	12 Oct 25	03:21:00	1	0	60	0	Ct	0	0	0	0	0	0	1	0	0	0	0	0	0	0	0	0	0	2	0	0	0	0	0	2	0	0	0	5	0	0	0	0	1	0
118998	12 Oct 25	03:22:00	1	0	60	0	Ct	0	0	0	0	0	0	0	0	0	0	0	0	0	1	0	0	1	2	1	0	0	0	0	3	2	0	0	3	0	1	0	4	1	2
118999	12 Oct 25	03:23:00	1	0	60	0	Ct	0	0	0	0	0	0	3	0	0	0	0	0	0	0	0	0	4	3	1	0	0	1	0	5	3	0	0	4	0	3	0	0	2	1
119000	12 Oct 25	03:24:00	1	0	60	0	Ct	0	0	0	0	0	0	2	0	0	0	0	0	0	1	0	0	0	1	0	0	0	3	0	2	1	0	0	4	0	5	0	0	0	1
119001	12 Oct 25	03:25:00	1	0	60	0	Ct	0	0	0	0	0	0	2	0	0	0	0	0	0	1	0	0	0	2	3	0	0	0	0	1	2	0	0	3	0	7	8	0	1	0
119002	12 Oct 25	03:26:00	1	0	60	0	Ct	0	0	0	0	0	0	4	0	0	0	0	0	0	3	0	0	2	3	1	0	0	0	0	1	1	0	0	3	0	1	0	4	1	0
119003	12 Oct 25	03:27:00	1	0	60	0	Ct	0	0	0	0	0	0	2	0	0	0	0	0	0	0	0	0	0	3	1	0	0	10	0	1	0	0	0	4	0	4	1	0	2	1
119004	12 Oct 25	03:28:00	1	0	60	0	Ct	0	0	0	0	0	0	1	0	0	0	0	0	0	3	0	0	0	2	2	0	0	0	0	2	3	0	0	4	0	3	5	5	5	1
119005	12 Oct 25	03:29:00	1	0	60	0	Ct	0	0	0	0	0	0	2	0	0	0	0	1	0	1	0	0	0	1	2	0	0	0	0	1	3	0	0	3	1	1	7	0	2	1
119006	12 Oct 25	03:30:00	1	0	60	0	Ct	0	0	0	0	0	0	0	0	0	0	0	2	0	0	0	0	0	3	1	0	0	0	0	2	1	0	0	4	1	1	2	1	0	0
119007	12 Oct 25	03:31:00	1	0	60	0	Ct	0	0	0	0	0	0	2	0	0	0	0	4	0	0	0	0	0	3	2	0	0	0	0	2	1	0	0	3	2	2	1	3	0	0
119008	12 Oct 25	03:32:00	1	0	60	0	Ct	0	0	0	0	0	0	21	0	0	0	0	1	0	20	0	0	0	1	3	0	0	6	0	3	0	0	0	3	1	1	0	5	0	0
119009	12 Oct 25	03:33:00	1	0	60	0	Ct	0	0	0	0	0	0	0	0	0	0	0	2	0	4	0	0	0	2	1	0	0	1	3	1	0	0	0	2	1	0	0	2	0	0
119010	12 Oct 25	03:34:00	1	0	60	0	Ct	0	0	0	0	0	0	3	0	0	0	0	1	0	0	0	0	0	0	1	0	0	0	4	0	1	0	0	4	0	1	0	4	0	0
119011	12 Oct 25	03:35:00	1	0	60	0	Ct	0	0	0	0	0	0	0	0	0	0	0	1	0	1	0	0	0	0	0	0	0	0	3	2	1	0	0	3	1	4	0	2	0	0
119012	12 Oct 25	03:36:00	1	0	60	0	Ct	0	0	0	0	0	0	0	0	0	0	0	3	0	1	0	0	0	0	0	0	0	0	3	2	3	0	0	3	1	0	0	0	0	1
119013	12 Oct 25	03:37:00	1	0	60	0	Ct	0	0	0	0	0	0	1	0	0	0	0	2	0	2	0	0	0	0	3	0	0	0	2	0	3	0	0	4	3	17	0	1	0	3
119014	12 Oct 25	03:38:00	1	0	60	0	Ct	0	0	0	0	0	0	3	0	0	0	0	0	0	1	0	0	0	0	0	0	0	0	2	0	0	0	0	4	1	1	0	1	0	3
119015	12 Oct 25	03:39:00	1	0	60	0	Ct	0	0	0	0	0	0	0	0	0	0	0	0	0	1	0	0	0	0	2	0	0	0	2	5	2	0	0	2	0	0	0	1	0	4
119016	12 Oct 25	03:40:00	1	0	60	0	Ct	0	0	0	0	0	0	0	0	0	0	0	0	0	0	0	0	0	0	1	0	0	1	2	0	2	0	0	4	0	1	0	14	0	2
119017	12 Oct 25	03:41:00	1	0	60	0	Ct	0	0	0	0	0	0	1	0	0	0	0	0	0	1	0	0	0	0	2	0	0	3	1	8	1	0	0	1	0	9	0	7	0	1
119018	12 Oct 25	03:42:00	1	0	60	0	Ct	0	0	0	0	0	0	3	0	0	0	0	0	0	1	0	0	0	0	0	0	0	0	0	0	3	0	0	0	0	1	0	3	0	2
119019	12 Oct 25	03:43:00	1	0	60	0	Ct	0	0	0	0	0	0	0	2	0	0	0	0	0	1	0	0	0	0	1	0	0	1	15	0	1	0	0	0	0	1	0	5	0	4
119020	12 Oct 25	03:44:00	1	0	60	0	Ct	0	0	0	0	0	0	1	0	0	0	0	0	0	1	0	0	0	0	1	0	0	2	12	0	2	0	0	1	0	0	1	1	0	2
119021	12 Oct 25	03:45:00	1	0	60	0	Ct	0	0	0	0	0	0	1	2	0	0	0	0	0	3	0	0	0	0	1	0	0	1	0	0	2	0	0	3	0	5	3	1	0	1
119022	12 Oct 25	03:46:00	1	0	60	0	Ct	0	0	0	0	0	0	2	2	0	0	0	2	0	1	0	0	0	0	0	0	2	1	0	0	2	0	0	4	0	0	0	0	0	1
119023	12 Oct 25	03:47:00	1	0	60	0	Ct	0	0	0	0	0	0	0	3	0	0	0	1	0	4	0	0	0	0	1	0	2	0	0	1	0	0	0	3	0	2	0	0	0	2
119024	12 Oct 25	03:48:00	1	0	60	0	Ct	0	0	0	0	0	0	0	1	0	0	0	2	0	2	0	0	6	0	2	0	0	0	0	0	1	0	0	2	0	3	0	0	0	0
119025	12 Oct 25	03:49:00	1	0	60	0	Ct	0	0	0	0	0	0	0	1	0	0	0	3	0	0	0	0	11	0	5	0	0	6	0	0	1	0	0	3	0	1	1	0	0	3
119026	12 Oct 25	03:50:00	1	0	60	0	Ct	0	0	0	0	0	0	0	2	0	0	0	1	0	0	0	0	22	0	2	0	0	8	3	0	0	0	0	2	0	1	0	0	0	3
119027	12 Oct 25	03:51:00	1	0	60	0	Ct	0	0	0	0	0	0	0	2	0	0	0	3	0	1	0	0	15	0	2	0	0	0	2	3	0	0	0	5	0	0	0	0	0	0
119028	12 Oct 25	03:52:00	1	0	60	0	Ct	0	0	0	0	0	0	0	0	0	0	0	1	0	0	0	0	10	0	1	0	0	0	4	3	1	0	0	2	0	0	4	0	0	1
119029	12 Oct 25	03:53:00	1	0	60	0	Ct	0	0	2	0	2	0	0	0	0	0	0	1	0	0	0	0	11	0	1	0	0	0	2	1	2	0	0	2	0	1	0	0	0	1
119030	12 Oct 25	03:54:00	1	0	60	0	Ct	0	0	0	0	0	0	0	0	0	0	0	0	0	2	0	0	3	0	2	0	0	0	3	2	2	0	0	3	0	10	0	0	0	2
119031	12 Oct 25	03:55:00	1	0	60	0	Ct	0	0	0	0	0	0	0	0	0	0	0	3	0	1	0	0	7	0	0	0	0	0	2	1	4	0	0	3	0	1	0	0	0	2
119032	12 Oct 25	03:56:00	1	0	60	0	Ct	0	0	0	0	0	0	0	2	0	0	0	0	0	1	0	0	1	0	1	0	0	0	1	2	3	0	0	2	0	2	1	0	0	2
119033	12 Oct 25	03:57:00	1	0	60	0	Ct	0	0	0	0	0	0	2	1	0	0	0	0	0	2	0	0	1	0	2	0	0	0	4	1	3	0	0	4	2	1	7	0	0	2
119034	12 Oct 25	03:58:00	1	0	60	0	Ct	0	0	0	0	0	0	0	2	0	0	0	0	0	0	0	0	0	0	2	0	0	0	0	0	2	0	0	5	0	1	2	0	0	1
119035	12 Oct 25	03:59:00	1	0	60	0	Ct	0	0	0	0	0	0	4	1	0	0	0	0	0	1	0	0	0	0	2	0	0	0	0	2	0	0	0	2	0	4	0	0	0	0
119036	12 Oct 25	04:00:00	1	0	60	0	Ct	0	0	0	0	0	0	2	1	0	0	0	0	0	2	0	0	0	0	1	0	0	0	0	1	0	0	0	3	0	2	1	0	0	1
119037	12 Oct 25	04:01:00	1	0	60	0	Ct	0	0	0	0	0	0	2	1	0	0	0	2	0	2	0	0	0	0	2	0	0	0	0	2	1	0	0	3	0	0	1	1	0	1
119038	12 Oct 25	04:02:00	1	0	60	0	Ct	0	0	0	0	0	0	0	1	0	0	0	0	0	0	0	0	0	0	1	0	0	0	0	1	1	0	0	1	0	1	2	1	0	1
119039	12 Oct 25	04:03:00	1	0	60	0	Ct	0	0	0	0	0	0	0	2	0	0	0	0	1	1	0	0	1	0	2	0	0	0	0	1	7	0	0	3	0	0	7	0	0	2
119040	12 Oct 25	04:04:00	1	0	60	0	Ct	0	0	0	0	0	0	0	1	0	0	0	0	0	4	0	0	0	0	1	0	0	0	0	1	0	0	0	3	0	0	1	0	0	2
119041	12 Oct 25	04:05:00	1	0	60	0	Ct	0	0	0	0	0	0	0	1	0	0	0	0	0	2	0	0	0	2	0	0	0	0	0	0	0	0	0	4	0	1	4	0	0	0
119042	12 Oct 25	04:06:00	1	0	60	0	Ct	0	0	0	0	0	0	3	2	0	0	2	0	0	2	0	0	0	4	0	0	0	0	0	0	0	0	0	1	0	24	2	0	0	0
119043	12 Oct 25	04:07:00	1	0	60	0	Ct	0	0	0	0	0	0	5	1	0	0	3	0	0	0	0	0	0	0	2	0	0	0	0	2	0	0	0	4	0	10	1	0	0	0
119044	12 Oct 25	04:08:00	1	0	60	0	Ct	0	0	0	0	0	0	0	1	0	0	1	0	0	1	0	0	1	0	1	0	0	0	0	1	0	0	0	3	0	3	0	0	0	0
119045	12 Oct 25	04:09:00	1	0	60	0	Ct	0	0	0	0	0	0	2	21	0	0	2	0	0	0	0	0	0	0	2	0	0	0	0	1	0	0	0	3	0	1	1	0	0	0
119046	12 Oct 25	04:10:00	1	0	60	0	Ct	0	0	0	0	0	0	3	3	0	0	3	0	0	0	0	0	0	2	1	0	0	1	0	2	0	0	0	3	0	11	2	0	0	0
119047	12 Oct 25	04:11:00	1	0	60	0	Ct	0	0	0	0	0	0	4	0	0	0	1	0	0	0	0	0	4	4	1	0	0	1	1	0	0	0	0	2	0	1	1	0	0	0
119048	12 Oct 25	04:12:00	1	0	60	0	Ct	0	0	0	0	0	0	3	0	0	0	5	0	0	1	0	0	8	4	2	0	0	1	0	0	0	0	0	4	4	0	0	0	0	0
119049	12 Oct 25	04:13:00	1	0	60	0	Ct	0	0	0	0	0	0	3	0	0	0	1	0	0	2	0	0	7	1	1	0	0	0	2	1	0	0	0	3	0	0	3	0	0	0
119050	12 Oct 25	04:14:00	1	0	60	0	Ct	0	0	0	0	0	0	0	0	0	0	1	0	0	3	0	0	0	3	0	0	0	0	2	1	0	0	0	2	2	1	1	0	0	0
119051	12 Oct 25	04:15:00	1	0	60	0	Ct	0	0	0	0	0	0	0	0	0	0	1	0	0	2	0	0	0	2	1	0	0	7	1	1	0	0	0	3	2	0	1	0	0	0
119052	12 Oct 25	04:16:00	1	0	60	0	Ct	0	0	0	0	0	0	0	0	0	0	1	2	0	4	0	0	0	2	2	0	0	4	5	1	0	0	0	4	5	1	7	0	0	0
119053	12 Oct 25	04:17:00	1	0	60	0	Ct	0	0	0	0	0	0	0	3	0	0	1	0	0	2	0	0	0	3	0	0	0	0	1	1	0	0	0	2	8	1	10	0	0	0
119054	12 Oct 25	04:18:00	1	0	60	0	Ct	0	0	0	0	0	0	0	0	0	0	1	0	0	2	0	0	11	2	1	0	0	0	2	1	0	0	0	2	0	1	14	0	0	3
119055	12 Oct 25	04:19:00	1	0	60	0	Ct	0	0	0	0	0	0	0	0	0	0	1	2	0	0	0	0	0	6	0	0	0	0	7	0	0	0	0	3	4	0	2	0	0	1
119056	12 Oct 25	04:20:00	1	0	60	0	Ct	0	0	0	0	0	0	0	0	0	0	2	0	0	5	0	0	0	2	0	0	0	1	5	0	0	0	0	1	1	0	1	0	0	2
119057	12 Oct 25	04:21:00	1	0	60	0	Ct	0	0	0	0	0	0	0	1	0	0	1	0	0	1	1	0	6	3	0	0	0	1	5	1	0	0	0	3	3	2	0	0	0	0
119058	12 Oct 25	04:22:00	1	0	60	0	Ct	0	0	0	0	0	0	0	0	0	0	2	0	0	1	1	0	1	2	0	0	0	0	2	1	0	0	0	2	0	1	0	0	0	0
119059	12 Oct 25	04:23:00	1	0	60	0	Ct	0	0	0	0	0	0	0	0	0	0	7	0	0	1	3	0	0	1	0	0	0	0	1	0	0	0	0	2	2	0	0	0	0	0
119060	12 Oct 25	04:24:00	1	0	60	0	Ct	0	0	0	0	0	0	0	0	0	0	3	1	0	2	3	0	3	1	0	0	0	4	4	2	0	0	0	2	2	4	0	0	0	0
119061	12 Oct 25	04:25:00	1	0	60	0	Ct	0	0	0	0	0	0	0	11	0	0	2	0	0	2	1	0	1	1	0	0	0	1	1	4	0	0	0	3	1	3	0	0	0	3
119062	12 Oct 25	04:26:00	1	0	60	0	Ct	0	0	0	0	0	0	0	0	0	0	1	0	0	3	1	0	0	1	0	0	0	0	2	2	0	0	0	3	0	1	0	0	0	15
119063	12 Oct 25	04:27:00	1	0	60	0	Ct	0	0	0	0	0	0	3	2	0	0	1	0	0	1	3	0	2	2	0	0	0	2	3	2	0	0	0	1	1	0	0	0	0	10
119064	12 Oct 25	04:28:00	1	0	60	0	Ct	0	0	0	0	0	0	3	1	0	0	1	0	0	1	1	0	0	11	0	0	0	3	1	0	0	0	0	2	0	0	0	0	0	2
119065	12 Oct 25	04:29:00	1	0	60	0	Ct	0	0	0	0	0	0	0	2	0	0	1	0	0	1	1	0	0	4	0	0	0	8	2	0	0	0	3	3	0	0	0	0	0	2
119066	12 Oct 25	04:30:00	1	0	60	0	Ct	0	0	0	0	0	0	4	2	0	0	1	0	0	1	2	0	1	2	0	0	0	0	0	0	0	0	0	2	7	6	0	0	0	0
119067	12 Oct 25	04:31:00	1	0	60	0	Ct	0	0	0	0	0	0	3	1	0	0	1	0	0	0	1	0	9	3	0	0	0	6	0	0	0	2	2	2	17	1	0	0	0	0
119068	12 Oct 25	04:32:00	1	0	60	0	Ct	0	0	0	0	0	0	2	0	0	0	2	1	0	1	7	0	0	1	0	0	0	1	0	1	0	0	2	2	38	26	0	0	0	0
119069	12 Oct 25	04:33:00	1	0	60	0	Ct	0	0	0	0	0	0	0	0	0	0	1	0	0	0	1	0	0	3	0	0	0	0	0	2	0	0	0	2	22	0	0	9	0	0
119070	12 Oct 25	04:34:00	1	0	60	0	Ct	0	0	0	0	0	0	0	0	0	0	0	0	0	0	4	0	3	3	0	0	0	0	0	1	0	0	1	3	14	0	0	2	0	0
119071	12 Oct 25	04:35:00	1	0	60	0	Ct	0	0	0	0	0	0	0	0	0	0	0	0	0	3	2	0	0	0	0	0	0	0	0	2	0	0	1	3	25	0	0	4	0	1
119072	12 Oct 25	04:36:00	1	0	60	0	Ct	0	0	0	0	0	0	0	0	0	0	1	0	0	2	1	0	0	2	0	0	0	0	0	0	0	0	2	1	6	3	0	2	0	0
119073	12 Oct 25	04:37:00	1	0	60	0	Ct	0	0	0	0	0	0	0	0	0	0	9	0	0	1	2	0	0	3	0	0	0	0	0	2	0	0	1	16	0	0	0	1	0	0
119074	12 Oct 25	04:38:00	1	0	60	0	Ct	0	0	0	0	0	0	0	0	0	0	1	0	0	1	4	0	0	4	0	0	0	0	0	1	0	0	1	3	0	2	0	3	0	0
119075	12 Oct 25	04:39:00	1	0	60	0	Ct	0	0	0	1	0	0	0	0	0	0	1	0	0	0	1	0	0	0	0	0	0	0	0	1	0	0	1	4	0	5	0	0	0	0
119076	12 Oct 25	04:40:00	1	0	60	0	Ct	0	0	0	9	0	0	0	0	0	0	4	0	0	0	0	0	0	3	0	0	0	0	0	0	0	0	1	1	0	2	0	0	0	0
119077	12 Oct 25	04:41:00	1	0	60	0	Ct	0	0	0	3	0	0	0	0	0	0	2	0	0	0	0	0	0	1	0	0	0	0	1	1	0	0	3	3	0	1	0	0	0	0
119078	12 Oct 25	04:42:00	1	0	60	0	Ct	0	0	0	1	0	0	0	0	0	0	2	1	0	11	0	0	0	0	0	0	0	0	0	1	0	0	0	3	0	4	0	0	0	2
119079	12 Oct 25	04:43:00	1	0	60	0	Ct	0	0	0	2	0	0	0	0	0	0	8	1	0	1	0	0	0	1	0	0	0	0	8	0	0	0	0	17	0	1	0	0	0	2
119080	12 Oct 25	04:44:00	1	0	60	0	Ct	0	0	0	1	0	0	0	0	0	0	0	0	0	7	0	0	0	0	0	0	0	0	2	0	0	0	0	0	0	0	0	0	0	0
119081	12 Oct 25	04:45:00	1	0	60	0	Ct	0	0	0	4	0	0	0	0	0	0	0	0	0	6	0	0	0	0	0	0	0	0	2	1	0	0	0	0	0	1	0	0	0	0
119082	12 Oct 25	04:46:00	1	0	60	0	Ct	0	0	0	2	0	0	0	0	0	0	2	0	0	0	0	0	0	2	0	0	0	0	2	1	0	0	0	0	2	1	0	0	0	0
119083	12 Oct 25	04:47:00	1	0	60	0	Ct	0	0	0	6	0	0	0	0	0	0	2	0	0	0	0	0	0	1	0	0	0	0	1	2	0	0	0	0	4	0	0	0	6	0
119084	12 Oct 25	04:48:00	1	0	60	0	Ct	0	0	0	4	0	0	5	0	0	0	0	1	0	2	0	0	0	1	0	0	0	0	0	1	0	0	0	0	2	0	0	0	5	0
119085	12 Oct 25	04:49:00	1	0	60	0	Ct	0	0	0	5	0	0	3	0	0	0	2	1	0	1	0	0	0	0	0	0	0	0	2	0	0	0	0	0	3	0	0	0	0	0
119086	12 Oct 25	04:50:00	1	0	60	0	Ct	0	0	0	1	0	0	1	0	0	0	1	0	0	5	0	0	0	0	0	0	0	0	5	0	0	0	0	0	2	0	0	0	0	0
119087	12 Oct 25	04:51:00	1	0	60	0	Ct	0	0	0	3	0	0	1	0	0	0	4	0	0	0	0	0	0	0	0	0	0	0	1	4	0	0	0	0	1	0	0	0	1	0
119088	12 Oct 25	04:52:00	1	0	60	0	Ct	0	0	0	3	0	0	1	0	0	0	2	0	0	4	0	0	0	0	0	0	0	0	0	4	0	0	0	0	0	4	0	0	2	0
119089	12 Oct 25	04:53:00	1	0	60	0	Ct	0	0	0	4	0	0	0	0	0	0	0	0	0	0	0	0	0	0	0	0	0	0	4	0	0	0	0	0	2	0	2	0	2	0
119090	12 Oct 25	04:54:00	1	0	60	0	Ct	0	0	0	2	0	0	0	0	0	0	3	0	0	0	0	0	0	0	0	0	0	0	0	0	0	0	0	0	1	1	2	0	0	0
119091	12 Oct 25	04:55:00	1	0	60	0	Ct	0	0	0	2	0	0	0	0	0	0	0	9	0	0	0	0	0	0	0	0	0	0	0	0	0	0	0	0	4	2	3	0	1	0
119092	12 Oct 25	04:56:00	1	0	60	0	Ct	0	0	0	5	0	0	0	0	0	0	3	0	0	0	0	0	0	0	0	0	0	0	7	1	0	0	0	0	18	0	1	0	3	0
119093	12 Oct 25	04:57:00	1	0	60	0	Ct	0	0	2	3	0	0	0	0	0	0	0	0	0	3	0	0	0	0	0	0	0	0	10	1	0	0	0	0	14	11	0	0	1	3
119094	12 Oct 25	04:58:00	1	0	60	0	Ct	0	0	1	3	0	0	0	0	0	0	0	0	0	0	0	0	0	0	0	0	0	0	1	1	0	0	0	0	4	8	6	0	0	1
119095	12 Oct 25	04:59:00	1	0	60	0	Ct	0	0	1	2	0	0	0	0	0	0	1	0	0	0	0	0	0	0	0	0	0	0	0	1	0	0	0	0	8	7	0	0	0	0
119096	12 Oct 25	05:00:00	1	0	60	0	Ct	0	0	2	4	0	0	0	0	0	0	0	0	0	0	0	0	0	0	0	0	0	0	1	2	0	0	0	0	0	1	5	0	0	0
119097	12 Oct 25	05:01:00	1	0	60	0	Ct	0	0	0	1	0	0	0	0	0	0	4	0	0	2	0	0	0	0	0	0	0	0	0	1	0	0	0	0	1	1	0	0	0	0
119098	12 Oct 25	05:02:00	1	0	60	0	Ct	0	0	2	2	0	0	0	0	0	0	0	0	0	1	0	0	0	0	0	0	0	0	0	2	0	0	0	0	0	8	0	3	0	0
119099	12 Oct 25	05:03:00	1	0	60	0	Ct	0	0	2	2	0	0	0	0	0	0	0	0	0	0	0	0	0	0	0	0	0	0	0	0	0	0	0	0	0	6	0	3	0	0
119100	12 Oct 25	05:04:00	1	0	60	0	Ct	0	0	0	2	0	0	0	0	0	0	1	0	2	1	0	0	0	0	0	0	0	0	0	1	0	0	0	0	0	0	0	0	0	0
119101	12 Oct 25	05:05:00	1	0	60	0	Ct	0	0	1	3	0	0	0	0	0	0	0	0	1	3	2	0	0	0	0	0	0	0	0	1	0	0	0	0	0	3	0	0	0	0
119102	12 Oct 25	05:06:00	1	0	60	0	Ct	0	0	2	1	0	0	0	0	0	0	0	0	0	1	2	0	0	0	1	0	0	0	0	3	0	0	0	0	0	3	0	0	0	0
119103	12 Oct 25	05:07:00	1	0	60	0	Ct	0	0	0	2	0	0	0	0	0	0	0	0	0	3	0	0	0	0	0	0	0	0	0	2	0	0	0	0	0	7	1	2	0	0
119104	12 Oct 25	05:08:00	1	0	60	0	Ct	0	0	4	3	0	0	0	0	0	0	0	1	0	1	2	0	0	0	0	0	0	0	0	0	0	0	0	0	0	2	0	4	0	0
119105	12 Oct 25	05:09:00	1	0	60	0	Ct	0	0	2	3	0	0	0	0	0	0	0	0	0	0	2	0	0	0	0	0	0	0	0	0	0	0	0	0	0	1	0	7	0	0
119106	12 Oct 25	05:10:00	1	0	60	0	Ct	0	0	1	3	0	0	0	0	0	0	0	0	0	3	0	0	0	0	0	0	0	0	0	0	0	0	0	0	0	0	0	1	0	0
119107	12 Oct 25	05:11:00	1	0	60	0	Ct	0	0	1	3	0	0	0	0	0	0	0	0	0	4	1	0	0	0	0	0	0	0	0	0	0	0	0	0	1	0	0	3	0	0
119108	12 Oct 25	05:12:00	1	0	60	0	Ct	0	0	0	1	0	0	0	0	0	0	0	0	0	4	2	0	0	0	0	0	0	0	0	0	0	0	0	0	0	0	0	7	0	0
119109	12 Oct 25	05:13:00	1	0	60	0	Ct	0	0	8	1	0	0	0	0	0	0	0	4	0	0	1	0	0	0	0	0	0	0	0	0	0	0	0	0	0	0	0	4	0	0
119110	12 Oct 25	05:14:00	1	0	60	0	Ct	0	0	0	4	0	0	1	0	0	0	0	6	0	13	1	0	0	0	0	0	0	0	0	0	0	0	0	0	0	0	0	0	0	0
119111	12 Oct 25	05:15:00	1	0	60	0	Ct	0	0	0	1	0	0	3	0	0	0	0	0	0	8	0	0	0	0	0	0	0	0	0	1	0	0	0	0	0	1	0	0	0	3
119112	12 Oct 25	05:16:00	1	0	60	0	Ct	0	0	2	1	0	0	0	0	0	0	0	0	0	1	2	0	0	0	0	0	0	0	0	0	0	0	3	0	0	2	0	0	0	0
119113	12 Oct 25	05:17:00	1	0	60	0	Ct	0	0	0	2	0	0	0	0	0	0	0	0	0	1	0	0	0	0	0	0	0	0	0	0	0	0	4	0	2	4	0	0	0	0
119114	12 Oct 25	05:18:00	1	0	60	0	Ct	0	0	3	3	0	0	0	0	0	0	0	0	0	1	1	0	0	0	0	0	0	0	0	1	0	0	0	0	0	1	0	0	0	0
119115	12 Oct 25	05:19:00	1	0	60	0	Ct	0	0	1	1	0	0	0	0	0	0	0	1	0	1	2	0	0	0	0	0	0	0	0	2	0	0	5	0	0	16	0	0	0	0
119116	12 Oct 25	05:20:00	1	0	60	0	Ct	0	0	0	1	0	0	0	0	0	0	0	0	0	1	1	0	0	0	0	0	0	0	0	0	0	0	1	0	0	3	0	0	0	0
119117	12 Oct 25	05:21:00	1	0	60	0	Ct	0	0	0	8	0	0	0	0	0	0	0	0	0	0	0	0	0	0	0	0	0	0	0	0	0	0	0	0	0	1	0	0	0	0
119118	12 Oct 25	05:22:00	1	0	60	0	Ct	0	0	1	4	0	0	0	0	0	0	0	0	0	1	1	0	0	0	0	0	0	0	0	3	0	0	3	0	0	2	0	0	0	0
119119	12 Oct 25	05:23:00	1	0	60	0	Ct	0	0	2	4	0	0	3	0	0	0	0	0	0	0	2	0	0	0	0	0	0	0	0	0	0	0	2	0	0	1	0	0	0	0
119120	12 Oct 25	05:24:00	1	0	60	0	Ct	0	0	5	2	0	0	1	0	0	0	0	0	0	2	0	0	0	0	0	0	0	0	0	0	0	0	2	0	0	0	0	0	0	0
119121	12 Oct 25	05:25:00	1	0	60	0	Ct	0	0	0	2	0	0	2	0	0	0	0	0	0	0	1	0	0	0	0	0	0	0	0	1	0	0	5	0	0	0	0	0	0	0
119122	12 Oct 25	05:26:00	1	0	60	0	Ct	0	0	1	2	0	0	0	0	0	0	0	0	0	1	1	0	0	0	0	0	0	0	2	1	0	0	1	0	0	0	0	0	0	0
119123	12 Oct 25	05:27:00	1	0	60	0	Ct	0	0	2	3	0	0	0	0	0	0	0	0	0	2	0	0	0	0	0	0	0	0	2	0	0	0	3	0	0	19	0	0	0	0
119124	12 Oct 25	05:28:00	1	0	60	0	Ct	0	0	0	2	0	0	0	0	0	0	0	0	0	0	1	0	0	0	0	0	0	0	0	1	0	0	1	0	0	1	0	0	0	0
119125	12 Oct 25	05:29:00	1	0	60	0	Ct	0	0	1	5	0	0	0	0	0	0	0	0	0	1	1	0	0	0	0	0	0	0	0	0	0	0	2	0	0	1	0	0	0	0
119126	12 Oct 25	05:30:00	1	0	60	0	Ct	0	0	3	3	0	0	0	0	0	0	0	0	0	0	2	0	0	0	0	0	0	0	0	2	0	0	0	0	0	1	0	0	0	0
119127	12 Oct 25	05:31:00	1	0	60	0	Ct	0	0	1	5	0	0	0	0	0	0	0	0	0	1	4	0	0	0	0	0	0	1	0	0	0	0	0	0	0	1	0	0	0	0
119128	12 Oct 25	05:32:00	1	0	60	0	Ct	0	0	5	4	0	0	0	0	0	0	0	0	0	2	1	0	0	0	0	0	0	0	0	0	0	0	2	0	0	0	0	0	0	0
119129	12 Oct 25	05:33:00	1	0	60	0	Ct	0	0	1	3	0	0	0	0	0	0	0	0	0	2	1	0	0	0	0	0	0	1	0	0	0	0	1	0	0	0	0	0	0	0
119130	12 Oct 25	05:34:00	1	0	60	0	Ct	0	0	0	3	0	0	0	0	0	0	0	0	0	0	1	0	0	2	0	0	0	0	0	2	0	0	1	0	0	0	0	0	0	0
119131	12 Oct 25	05:35:00	1	0	60	0	Ct	0	0	2	2	0	0	0	0	0	0	0	0	0	4	0	0	0	1	0	0	0	1	5	1	0	0	2	0	0	2	0	22	0	0
119132	12 Oct 25	05:36:00	1	0	60	0	Ct	0	0	8	4	0	0	0	0	0	0	0	0	0	4	2	0	0	3	1	0	0	1	1	3	0	0	0	0	0	0	0	22	0	0
119133	12 Oct 25	05:37:00	1	0	60	0	Ct	0	0	19	7	0	0	0	0	0	0	0	0	0	3	3	0	0	3	0	0	0	0	3	1	0	0	2	0	0	8	0	15	0	0
119134	12 Oct 25	05:38:00	1	0	60	0	Ct	0	0	1	2	0	0	0	0	0	0	0	0	0	0	0	0	0	2	0	0	0	3	1	2	0	0	1	0	0	7	0	13	0	0
119135	12 Oct 25	05:39:00	1	0	60	0	Ct	0	0	4	3	0	0	0	0	0	0	0	0	0	3	2	0	0	2	0	0	0	7	4	1	0	0	0	0	0	9	0	33	0	0
119136	12 Oct 25	05:40:00	1	0	60	0	Ct	0	0	1	1	0	0	0	0	0	0	0	0	0	0	0	0	0	1	0	0	0	0	0	0	0	0	2	0	0	2	0	3	0	0
119137	12 Oct 25	05:41:00	1	0	60	0	Ct	0	0	2	4	0	0	0	0	0	0	0	0	0	1	0	0	3	2	0	0	0	4	2	6	0	0	1	0	0	2	0	1	0	0
119138	12 Oct 25	05:42:00	1	0	60	0	Ct	0	0	1	2	0	0	0	0	0	0	0	0	0	0	0	0	0	3	0	0	0	1	4	0	0	0	0	0	0	2	0	1	0	0
119139	12 Oct 25	05:43:00	1	0	60	0	Ct	0	0	7	2	0	0	0	0	0	0	0	0	0	2	0	0	0	1	0	0	0	0	0	1	0	0	0	0	1	1	0	0	0	0
119140	12 Oct 25	05:44:00	1	0	60	0	Ct	0	0	4	1	0	0	0	0	0	0	0	0	0	0	0	0	10	2	0	0	0	1	1	2	0	0	5	0	0	14	0	0	0	0
119141	12 Oct 25	05:45:00	1	0	60	0	Ct	0	0	1	1	0	0	0	0	0	0	0	0	0	5	0	0	0	3	0	0	0	2	5	0	0	0	2	0	0	8	0	0	0	0
119142	12 Oct 25	05:46:00	1	0	60	0	Ct	0	0	1	1	0	0	0	0	0	0	0	0	0	6	0	0	8	2	0	0	0	0	4	7	0	0	0	0	1	17	0	0	0	0
119143	12 Oct 25	05:47:00	1	0	60	0	Ct	0	0	6	2	0	0	0	0	0	0	0	0	0	1	0	0	0	3	0	0	0	2	0	0	0	0	0	0	1	40	0	1	0	0
119144	12 Oct 25	05:48:00	1	0	60	0	Ct	0	0	1	2	0	0	0	0	0	0	0	0	0	0	0	0	0	2	0	0	0	1	0	0	0	0	0	0	0	0	0	0	0	0
119145	12 Oct 25	05:49:00	1	0	60	0	Ct	0	0	3	6	0	0	0	0	0	0	0	0	0	10	0	0	0	4	0	0	0	0	0	0	0	2	0	0	0	0	0	1	0	0
119146	12 Oct 25	05:50:00	1	0	60	0	Ct	0	0	6	25	0	0	0	0	0	0	0	0	0	0	0	0	0	1	0	0	0	2	0	0	0	0	0	0	0	0	0	2	0	0
119147	12 Oct 25	05:51:00	1	0	60	0	Ct	0	0	0	2	0	0	0	0	0	0	0	0	0	1	0	0	0	2	0	0	0	2	0	0	0	0	0	0	1	0	0	0	0	0
119148	12 Oct 25	05:52:00	1	0	60	0	Ct	0	0	1	8	0	0	0	0	0	0	0	0	0	0	0	3	0	2	0	0	0	0	0	0	0	0	0	0	7	0	0	0	0	0
119149	12 Oct 25	05:53:00	1	0	60	0	Ct	0	0	0	19	0	0	0	0	0	0	0	0	0	2	0	0	0	1	0	0	0	1	0	0	0	0	0	0	1	0	0	0	0	0
119150	12 Oct 25	05:54:00	1	0	60	0	Ct	0	0	2	11	0	0	0	0	0	0	0	0	1	1	0	0	0	1	0	0	0	2	0	0	0	0	0	0	3	0	0	0	0	0
119151	12 Oct 25	05:55:00	1	0	60	0	Ct	0	0	1	0	0	0	0	0	0	0	0	0	0	8	0	0	0	2	0	0	0	3	0	0	0	0	0	0	5	3	0	0	0	0
119152	12 Oct 25	05:56:00	1	0	60	0	Ct	0	0	0	0	0	0	0	0	0	0	0	0	0	2	0	0	0	2	0	0	0	0	0	0	0	0	0	0	0	1	0	0	0	0
119153	12 Oct 25	05:57:00	1	0	60	0	Ct	0	0	0	0	0	0	0	0	0	0	0	0	0	2	0	0	0	2	0	0	0	0	0	0	0	0	0	0	0	2	0	1	0	0
119154	12 Oct 25	05:58:00	1	0	60	0	Ct	0	0	2	1	0	0	0	0	0	0	0	0	0	1	0	0	0	2	0	0	0	1	0	0	0	0	0	0	0	1	0	2	0	0
119155	12 Oct 25	05:59:00	1	0	60	0	Ct	0	0	1	0	0	0	0	0	0	0	0	0	0	2	0	0	0	2	0	0	0	1	0	0	0	0	0	0	0	3	2	1	0	0
119156	12 Oct 25	06:00:00	1	0	60	0	Ct	0	0	0	0	0	0	0	0	0	0	0	0	0	2	0	0	0	1	0	0	0	1	0	0	0	0	0	0	0	1	4	0	0	0
119157	12 Oct 25	06:01:00	1	0	60	0	Ct	0	0	0	0	0	0	0	0	0	0	0	0	0	0	0	0	0	0	0	0	0	4	0	0	0	0	0	0	0	1	0	0	0	0
119158	12 Oct 25	06:02:00	1	0	60	0	Ct	0	0	5	0	0	0	0	0	0	0	0	0	0	1	0	0	0	0	0	0	0	0	0	0	0	0	0	0	0	2	0	0	0	0
119159	12 Oct 25	06:03:00	1	0	60	0	Ct	0	0	0	0	0	0	0	0	0	0	0	0	0	0	0	0	0	1	0	0	0	0	0	0	0	0	0	0	0	3	0	0	0	0
119160	12 Oct 25	06:04:00	1	0	60	0	Ct	0	0	1	0	0	0	0	0	0	0	0	0	0	2	0	0	0	2	0	0	0	0	0	0	0	0	0	0	0	4	0	0	0	0
119161	12 Oct 25	06:05:00	1	0	60	0	Ct	0	0	0	0	0	0	0	0	0	0	1	0	0	1	0	0	0	3	0	0	0	0	0	0	0	0	0	0	0	2	0	0	0	0
119162	12 Oct 25	06:06:00	1	0	60	0	Ct	0	0	3	0	0	0	0	0	0	0	1	0	0	0	0	0	0	2	0	0	2	4	0	0	0	0	0	0	0	0	0	0	0	0
119163	12 Oct 25	06:07:00	1	0	60	0	Ct	0	0	2	0	0	0	0	0	0	0	5	0	0	3	0	0	0	1	0	0	0	1	0	0	0	0	0	0	0	3	0	1	0	0
119164	12 Oct 25	06:08:00	1	0	60	0	Ct	0	0	0	0	0	0	0	0	0	0	2	0	0	2	0	0	0	3	0	0	0	6	0	0	0	0	0	0	0	1	0	3	0	0
119165	12 Oct 25	06:09:00	1	0	60	0	Ct	0	0	0	0	0	0	0	0	0	0	1	0	0	0	0	0	0	2	0	0	2	1	0	0	0	0	0	0	0	3	0	0	0	0
119166	12 Oct 25	06:10:00	1	0	60	0	Ct	0	0	2	0	0	0	0	0	0	0	3	0	0	9	0	0	0	2	0	0	2	2	0	0	0	0	0	0	5	2	0	0	0	0
119167	12 Oct 25	06:11:00	1	0	60	0	Ct	0	0	1	1	0	0	0	0	0	0	1	0	0	0	0	0	0	0	0	0	5	7	0	0	0	0	0	0	13	0	3	0	0	0
119168	12 Oct 25	06:12:00	1	0	60	0	Ct	0	0	0	0	0	0	0	0	0	0	2	2	0	0	0	0	0	0	0	0	3	0	0	0	0	0	0	0	1	2	0	0	0	0
119169	12 Oct 25	06:13:00	1	0	60	0	Ct	0	0	0	1	0	0	0	0	0	0	2	0	0	0	0	0	0	0	0	0	3	0	0	3	0	0	0	0	1	0	1	0	0	0
119170	12 Oct 25	06:14:00	1	0	60	0	Ct	0	0	0	0	0	0	0	0	0	0	1	0	0	2	0	0	0	0	0	0	3	0	0	0	0	0	0	0	3	0	2	0	0	0
119171	12 Oct 25	06:15:00	1	0	60	0	Ct	0	0	2	0	0	0	0	2	0	0	1	0	0	0	0	0	0	0	0	0	4	2	0	2	0	0	0	0	6	0	14	0	0	0
119172	12 Oct 25	06:16:00	1	0	60	0	Ct	0	0	5	0	0	0	0	1	0	0	2	0	0	2	0	0	0	0	0	0	3	1	0	1	0	0	0	0	0	0	9	0	0	0
119173	12 Oct 25	06:17:00	1	0	60	0	Ct	0	0	0	0	0	0	0	0	0	0	1	0	0	3	0	0	0	0	0	0	3	0	0	2	0	0	0	0	4	0	1	0	0	0
119174	12 Oct 25	06:18:00	1	0	60	0	Ct	0	0	0	0	0	0	0	0	0	0	1	0	0	0	0	0	0	0	0	0	3	2	0	1	0	0	0	0	2	0	0	0	0	0
119175	12 Oct 25	06:19:00	1	0	60	0	Ct	0	0	1	0	0	0	0	1	0	0	0	0	0	0	0	0	0	0	0	0	5	5	0	1	0	0	0	0	0	0	0	0	0	0
119176	12 Oct 25	06:20:00	1	0	60	0	Ct	0	0	0	0	0	0	0	1	0	0	3	0	0	3	0	3	0	0	0	0	2	0	0	5	0	0	0	0	0	0	0	1	0	0
119177	12 Oct 25	06:21:00	1	0	60	0	Ct	0	0	2	0	0	0	0	0	0	0	1	0	0	0	0	0	0	0	0	0	3	0	0	1	0	0	0	0	0	0	0	0	0	0
119178	12 Oct 25	06:22:00	1	0	60	0	Ct	0	0	0	0	0	0	0	0	0	0	0	0	0	2	0	0	0	0	2	0	3	0	0	1	0	0	0	0	0	0	0	0	0	0
119179	12 Oct 25	06:23:00	1	0	60	0	Ct	0	0	1	0	0	0	0	0	0	0	0	0	0	0	0	0	0	0	2	0	3	2	0	1	0	0	0	0	1	1	0	0	0	0
119180	12 Oct 25	06:24:00	1	0	60	0	Ct	0	0	2	6	0	0	0	0	0	0	0	0	0	0	0	0	0	3	3	0	2	0	0	0	0	0	0	0	0	1	0	0	0	0
119181	12 Oct 25	06:25:00	1	0	60	0	Ct	0	0	0	19	0	0	0	0	0	0	0	0	0	0	0	0	0	2	2	0	4	3	0	0	0	0	0	0	0	1	0	0	0	0
119182	12 Oct 25	06:26:00	1	0	60	0	Ct	0	0	0	4	0	0	0	0	0	0	0	0	0	0	0	0	0	2	1	0	3	4	0	1	0	0	0	0	0	1	0	0	0	0
119183	12 Oct 25	06:27:00	1	0	60	0	Ct	0	0	2	1	0	0	0	0	0	0	0	0	0	0	0	0	0	2	2	0	2	1	0	2	0	0	0	0	0	1	1	0	0	0
119184	12 Oct 25	06:28:00	1	0	60	0	Ct	0	0	2	0	0	0	0	0	0	0	0	0	0	1	0	0	0	2	2	0	4	4	0	0	0	0	0	0	0	1	0	0	0	0
119185	12 Oct 25	06:29:00	1	0	60	0	Ct	0	0	0	0	0	0	0	0	0	0	0	0	0	1	0	0	0	1	2	0	3	1	0	1	0	0	0	0	0	0	0	0	0	0
119186	12 Oct 25	06:30:00	1	0	60	0	Ct	0	0	0	0	0	0	0	0	0	0	0	0	5	4	0	0	0	1	1	0	2	1	0	0	0	0	0	0	0	2	0	0	0	0
119187	12 Oct 25	06:31:00	1	0	60	0	Ct	0	0	4	0	0	0	0	0	0	0	0	2	8	2	0	0	0	1	1	0	4	1	0	2	0	0	0	0	0	0	0	0	0	0
119188	12 Oct 25	06:32:00	1	0	60	0	Ct	0	0	0	0	0	0	0	0	0	0	0	0	1	2	0	0	0	3	1	0	3	0	0	0	0	0	0	0	0	10	0	0	0	0
119189	12 Oct 25	06:33:00	1	0	60	0	Ct	0	0	0	0	0	0	0	0	0	0	0	0	3	2	0	0	0	3	1	0	3	0	0	0	0	0	0	0	0	1	0	0	0	0
119190	12 Oct 25	06:34:00	1	0	60	0	Ct	0	0	5	0	0	0	0	0	0	0	0	0	0	8	0	0	0	2	2	0	4	0	3	0	0	0	0	0	0	2	0	0	0	0
119191	12 Oct 25	06:35:00	1	0	60	0	Ct	0	0	0	0	0	0	0	0	0	0	0	0	0	5	0	0	0	1	2	0	2	0	6	0	0	0	0	0	0	0	1	0	0	0
119192	12 Oct 25	06:36:00	1	0	60	0	Ct	0	0	0	0	0	0	0	0	0	0	0	0	0	2	0	0	0	0	0	0	4	0	6	0	0	0	0	0	0	0	4	0	0	0
119193	12 Oct 25	06:37:00	1	0	60	0	Ct	0	0	0	0	0	0	0	0	0	0	0	0	0	0	0	0	0	0	2	0	4	0	0	2	0	0	0	0	0	2	0	0	0	0
119194	12 Oct 25	06:38:00	1	0	60	0	Ct	0	0	0	0	0	0	0	0	0	0	0	0	0	2	0	0	0	0	0	0	4	0	1	2	0	0	0	0	0	5	0	0	0	0
119195	12 Oct 25	06:39:00	1	0	60	0	Ct	0	0	0	0	0	0	0	0	0	0	0	0	0	1	0	0	0	0	2	0	2	0	4	0	0	0	0	0	0	1	1	0	0	0
119196	12 Oct 25	06:40:00	1	0	60	0	Ct	0	0	0	0	0	0	0	0	0	0	0	0	0	1	0	0	0	0	1	0	5	0	0	0	0	1	0	0	0	0	17	0	0	0
119197	12 Oct 25	06:41:00	1	0	60	0	Ct	0	0	0	1	0	0	0	0	0	0	0	0	0	0	0	0	0	0	0	0	2	0	1	1	0	1	0	0	0	2	15	0	0	0
119198	12 Oct 25	06:42:00	1	0	60	0	Ct	0	0	0	0	0	0	0	0	0	0	0	0	0	3	0	0	0	0	1	0	4	0	2	0	0	2	0	0	0	1	5	0	0	0
119199	12 Oct 25	06:43:00	1	0	60	0	Ct	0	0	0	0	0	0	0	0	0	0	0	0	0	2	0	0	0	0	1	0	3	0	2	0	0	0	0	0	0	3	0	0	0	0
119200	12 Oct 25	06:44:00	1	0	60	0	Ct	0	0	0	0	0	0	0	0	0	0	0	0	2	1	0	0	0	0	3	0	3	0	0	2	0	0	0	0	0	1	0	0	0	0
119201	12 Oct 25	06:45:00	1	0	60	0	Ct	0	0	0	0	0	0	0	0	0	0	0	0	0	0	0	0	0	0	0	0	2	0	2	0	0	1	0	0	0	0	0	0	0	0
119202	12 Oct 25	06:46:00	1	0	60	0	Ct	0	0	0	0	0	0	0	0	0	0	0	0	1	1	0	0	0	0	3	0	3	0	3	1	0	1	0	0	0	5	1	0	0	0
119203	12 Oct 25	06:47:00	1	0	60	0	Ct	0	0	0	1	0	0	0	0	0	0	0	0	2	1	0	0	0	0	0	0	3	0	0	1	0	3	0	0	0	9	3	0	0	0
119204	12 Oct 25	06:48:00	1	0	60	0	Ct	0	0	0	0	0	0	0	0	0	0	0	0	1	2	0	0	0	0	0	0	3	0	2	1	0	1	0	0	0	13	0	3	0	0
119205	12 Oct 25	06:49:00	1	0	60	0	Ct	0	0	0	0	0	0	0	0	0	0	0	0	0	2	0	0	0	0	2	0	3	0	1	1	0	3	0	0	0	21	0	0	0	0
119206	12 Oct 25	06:50:00	1	0	60	0	Ct	0	0	0	0	0	0	0	0	0	0	0	0	1	0	0	0	0	0	0	0	2	0	0	1	0	2	0	0	0	11	0	2	0	0
119207	12 Oct 25	06:51:00	1	0	60	0	Ct	0	0	0	0	0	0	0	0	0	0	0	0	6	0	0	0	0	0	2	0	3	0	0	2	0	3	0	0	0	30	0	2	0	0
119208	12 Oct 25	06:52:00	1	0	60	0	Ct	0	0	0	0	0	0	0	0	0	0	0	0	4	0	0	0	0	0	1	0	3	0	0	1	0	1	0	0	0	1	0	7	0	0
119209	12 Oct 25	06:53:00	1	0	60	0	Ct	0	0	0	0	0	0	0	0	0	0	0	0	2	0	0	0	0	0	1	0	3	0	0	0	0	3	0	0	0	0	2	0	0	0
119210	12 Oct 25	06:54:00	1	0	60	0	Ct	0	0	0	0	0	0	0	0	0	0	0	0	4	0	0	0	3	0	1	0	1	0	0	0	0	1	0	0	0	38	0	2	0	0
119211	12 Oct 25	06:55:00	1	0	60	0	Ct	0	0	0	0	1	0	0	0	0	0	0	0	4	0	0	0	9	0	1	0	3	0	0	1	0	3	0	0	0	6	0	2	0	0
119212	12 Oct 25	06:56:00	1	0	60	0	Ct	0	0	0	0	1	0	0	0	0	0	0	0	1	0	0	0	0	0	1	0	2	0	0	0	0	2	0	0	0	0	0	2	0	0
119213	12 Oct 25	06:57:00	1	0	60	0	Ct	0	0	0	0	0	0	0	0	0	0	0	0	2	0	0	0	3	0	3	0	2	0	0	1	1	2	0	0	0	0	0	2	0	0
119214	12 Oct 25	06:58:00	1	0	60	0	Ct	0	0	0	0	0	0	0	0	0	0	0	0	2	0	0	0	6	0	2	0	2	0	0	1	1	2	0	0	0	0	0	1	0	1
119215	12 Oct 25	06:59:00	1	0	60	0	Ct	0	0	0	0	0	0	0	0	0	0	0	0	2	0	0	0	0	0	0	0	3	0	0	3	1	2	0	0	0	0	1	5	0	0
119216	12 Oct 25	07:00:00	1	0	60	0	Ct	0	0	0	0	0	0	0	0	0	0	0	0	2	0	0	0	6	0	0	0	2	0	0	0	1	2	0	0	0	0	6	3	0	0
119217	12 Oct 25	07:01:00	1	0	60	0	Ct	0	0	0	0	0	0	0	0	0	0	0	0	1	0	0	0	0	0	0	0	2	0	0	0	0	2	0	0	0	0	0	2	0	0
119218	12 Oct 25	07:02:00	1	0	60	0	Ct	0	0	0	0	0	0	0	0	0	0	0	0	7	0	0	0	0	0	0	0	2	0	0	0	3	2	0	0	0	0	2	2	0	0
119219	12 Oct 25	07:03:00	1	0	60	0	Ct	0	0	0	0	0	0	0	0	0	0	0	0	9	0	0	0	0	0	0	0	1	0	0	2	2	1	0	0	0	0	2	6	0	0
119220	12 Oct 25	07:04:00	1	0	60	0	Ct	0	0	0	0	3	0	0	0	0	0	0	0	2	0	0	0	3	0	0	0	3	0	0	0	2	1	0	0	0	0	4	5	3	0
119221	12 Oct 25	07:05:00	1	0	60	0	Ct	0	0	0	0	4	0	0	0	0	0	0	0	2	1	0	0	1	0	0	0	2	0	0	1	2	2	0	0	0	0	8	6	2	0
119222	12 Oct 25	07:06:00	1	0	60	0	Ct	0	0	0	0	4	0	0	0	0	0	0	0	1	2	0	0	12	0	0	0	4	0	0	0	2	2	0	0	0	3	7	1	2	0
119223	12 Oct 25	07:07:00	1	0	60	0	Ct	0	0	0	0	3	0	0	2	0	0	0	0	2	7	0	0	6	0	0	0	1	0	0	1	1	2	0	0	0	1	0	2	0	0
119224	12 Oct 25	07:08:00	1	0	60	0	Ct	0	0	0	0	2	0	0	2	0	0	0	0	3	3	0	0	0	0	0	0	3	0	0	0	1	3	0	0	0	1	19	1	2	0
119225	12 Oct 25	07:09:00	1	0	60	0	Ct	0	0	0	0	3	0	0	3	0	0	0	0	2	0	0	0	3	1	0	0	1	0	0	1	1	0	0	0	0	1	1	0	0	0
119226	12 Oct 25	07:10:00	1	0	60	0	Ct	0	0	0	1	2	0	0	1	0	0	0	0	2	6	0	0	0	0	0	0	3	0	1	0	2	3	0	0	0	1	0	2	5	0
119227	12 Oct 25	07:11:00	1	0	60	0	Ct	0	0	0	23	3	0	0	1	0	0	0	0	3	2	0	0	0	0	0	0	3	0	5	0	2	1	0	0	0	0	0	1	0	0
119228	12 Oct 25	07:12:00	1	0	60	0	Ct	0	0	0	27	3	0	0	1	0	0	0	0	1	1	0	0	3	0	0	0	2	0	6	0	2	0	0	0	0	0	0	1	1	0
119229	12 Oct 25	07:13:00	1	0	60	0	Ct	0	0	0	4	2	0	0	2	0	0	0	0	1	1	0	0	0	0	0	0	6	0	0	0	0	2	0	0	0	2	0	3	0	0
119230	12 Oct 25	07:14:00	1	0	60	0	Ct	0	0	0	0	2	0	0	1	0	0	0	0	1	1	0	0	4	3	0	0	2	0	4	0	0	3	0	0	0	0	0	2	0	0
119231	12 Oct 25	07:15:00	1	0	60	0	Ct	0	0	0	0	2	0	0	1	0	0	0	0	1	0	0	0	2	0	0	0	3	0	2	0	0	1	0	0	2	0	0	2	0	0
119232	12 Oct 25	07:16:00	1	0	60	0	Ct	0	0	0	0	4	0	0	2	0	0	0	0	3	2	0	0	0	0	0	0	2	0	4	0	3	6	0	0	5	3	0	4	0	0
119233	12 Oct 25	07:17:00	1	0	60	0	Ct	0	0	0	0	3	0	0	4	0	0	0	0	3	3	0	0	8	0	0	0	2	0	0	0	2	2	0	0	2	3	0	3	0	2
119234	12 Oct 25	07:18:00	1	0	60	0	Ct	0	0	0	0	2	0	0	1	1	0	0	0	4	2	0	8	3	0	0	0	3	0	0	0	2	2	0	0	2	3	1	0	0	3
119235	12 Oct 25	07:19:00	1	0	60	0	Ct	0	0	0	0	2	0	0	3	7	0	0	0	3	2	0	0	2	0	0	0	3	0	0	1	3	2	0	0	1	5	1	2	0	0
119236	12 Oct 25	07:20:00	1	0	60	0	Ct	0	0	0	0	2	0	0	3	15	0	0	0	0	2	0	0	0	1	0	0	2	0	0	1	3	2	0	2	3	3	0	3	0	0
119237	12 Oct 25	07:21:00	1	0	60	0	Ct	0	0	0	0	4	0	0	0	0	0	0	0	1	0	0	0	0	3	0	0	1	0	0	0	1	1	0	2	2	1	4	2	1	0
119238	12 Oct 25	07:22:00	1	0	60	0	Ct	0	0	0	0	2	0	0	1	0	0	0	0	0	0	0	0	2	3	0	0	3	0	0	0	0	1	0	2	1	1	2	0	0	0
119239	12 Oct 25	07:23:00	1	0	60	0	Ct	0	0	0	0	1	0	2	3	0	0	0	0	1	0	0	0	2	2	0	0	2	0	0	0	0	1	0	3	0	2	5	0	2	0
119240	12 Oct 25	07:24:00	1	0	60	0	Ct	0	0	0	0	1	0	0	2	0	0	0	0	1	0	0	0	0	11	0	0	2	0	0	0	1	2	0	5	2	2	3	4	2	0
119241	12 Oct 25	07:25:00	1	0	60	0	Ct	0	0	0	0	1	0	2	1	0	0	0	0	2	0	0	0	0	0	0	0	2	0	0	2	1	1	0	3	2	8	1	3	0	0
119242	12 Oct 25	07:26:00	1	0	60	0	Ct	0	0	0	0	3	0	0	1	0	0	0	0	3	0	0	0	5	2	0	0	5	0	0	1	2	1	0	4	0	1	0	0	0	0
119243	12 Oct 25	07:27:00	1	0	60	0	Ct	0	0	0	0	2	0	0	1	0	0	0	0	0	0	0	0	1	3	0	0	2	0	0	1	1	2	0	4	1	0	0	14	0	0
119244	12 Oct 25	07:28:00	1	0	60	0	Ct	0	0	0	1	2	0	0	3	0	0	0	0	2	0	0	0	0	4	0	0	6	0	0	0	2	3	0	2	5	1	0	18	0	0
119245	12 Oct 25	07:29:00	1	0	60	0	Ct	0	0	0	0	2	0	2	1	0	0	0	0	4	0	0	0	0	3	0	0	2	0	0	5	1	2	0	5	6	5	0	0	2	0
119246	12 Oct 25	07:30:00	1	0	60	0	Ct	0	0	0	14	2	0	0	1	0	0	0	0	3	0	0	0	0	2	0	0	2	0	0	0	2	1	0	3	1	15	0	0	0	0
119247	12 Oct 25	07:31:00	1	0	60	0	Ct	0	0	0	3	1	0	3	1	0	0	0	0	1	0	0	0	1	4	1	0	3	0	0	0	4	1	0	1	0	10	0	0	2	0
119248	12 Oct 25	07:32:00	1	0	60	0	Ct	0	0	0	1	2	0	3	2	0	0	0	0	2	0	0	0	0	1	0	0	2	1	0	1	1	2	0	4	0	11	0	1	0	0
119249	12 Oct 25	07:33:00	1	0	60	0	Ct	0	0	0	0	3	0	3	1	0	0	0	0	2	0	0	0	0	1	0	0	2	1	0	0	1	8	0	2	0	5	0	3	0	0
119250	12 Oct 25	07:34:00	1	0	60	0	Ct	0	0	0	0	2	0	2	1	0	0	0	0	1	0	0	0	0	0	0	0	1	1	0	15	1	1	0	4	0	3	0	2	0	0
119251	12 Oct 25	07:35:00	1	0	60	0	Ct	0	0	0	0	2	0	5	1	0	0	0	0	3	0	0	4	0	2	0	0	4	3	0	23	1	1	0	2	0	2	0	2	3	2
119252	12 Oct 25	07:36:00	1	0	60	0	Ct	0	0	0	0	3	0	1	1	0	0	0	0	1	0	0	2	0	3	0	0	1	4	0	0	2	0	0	4	0	2	0	2	0	2
119253	12 Oct 25	07:37:00	1	0	60	0	Ct	0	0	0	0	2	0	4	0	0	0	0	0	1	0	0	0	0	3	0	0	2	0	0	0	1	0	0	3	2	1	0	4	0	2
119254	12 Oct 25	07:38:00	1	0	60	0	Ct	0	0	0	0	2	0	2	2	0	0	0	0	0	0	0	0	1	2	0	0	3	1	0	0	3	2	0	3	0	0	0	0	0	3
119255	12 Oct 25	07:39:00	1	0	60	0	Ct	0	0	0	0	2	0	3	0	0	0	0	1	1	0	2	1	0	2	0	0	2	0	0	0	0	1	0	2	0	1	0	0	1	2
119256	12 Oct 25	07:40:00	1	0	60	0	Ct	0	0	0	7	2	0	3	0	0	0	2	1	7	0	2	2	0	5	0	0	3	1	0	2	2	2	0	2	0	3	0	2	0	4
119257	12 Oct 25	07:41:00	1	0	60	0	Ct	0	0	0	17	4	0	1	4	0	0	0	2	0	0	1	2	0	1	0	0	3	1	0	4	2	1	0	3	0	2	2	2	0	3
119258	12 Oct 25	07:42:00	1	0	60	0	Ct	0	0	0	0	0	0	4	2	1	0	0	3	4	0	2	2	0	1	0	0	2	0	0	0	2	0	0	3	1	14	2	0	0	4
119259	12 Oct 25	07:43:00	1	0	60	0	Ct	0	0	0	0	2	0	2	2	4	0	2	3	0	0	2	2	1	3	0	0	4	0	0	0	0	0	0	3	0	12	2	0	0	4
119260	12 Oct 25	07:44:00	1	0	60	0	Ct	0	0	0	0	2	0	1	5	0	0	2	3	0	0	0	3	7	1	0	0	4	3	1	1	1	1	0	3	0	12	1	3	0	2
119261	12 Oct 25	07:45:00	1	0	60	0	Ct	0	0	0	0	2	0	1	0	3	0	2	3	1	0	2	2	18	6	0	0	3	2	3	1	12	1	0	2	0	4	1	1	0	4
119262	12 Oct 25	07:46:00	1	0	60	0	Ct	0	0	0	0	1	0	4	1	1	0	1	3	2	0	3	4	5	1	0	0	4	0	5	0	9	0	0	1	0	7	1	1	0	2
119263	12 Oct 25	07:47:00	1	0	60	0	Ct	0	0	0	0	2	0	4	1	2	0	2	8	1	0	1	1	0	3	0	0	2	0	3	0	0	2	0	0	0	17	1	0	0	6
119264	12 Oct 25	07:48:00	1	0	60	0	Ct	0	0	0	0	3	0	1	1	2	0	0	0	1	0	2	3	0	0	0	0	2	2	2	0	0	9	0	1	0	6	0	13	0	4
119265	12 Oct 25	07:49:00	1	0	60	0	Ct	0	0	0	0	0	0	2	3	1	0	1	0	4	0	3	2	3	3	0	0	2	0	2	0	0	0	0	1	10	2	1	3	0	2
119266	12 Oct 25	07:50:00	1	0	60	0	Ct	0	0	0	0	2	0	0	0	2	0	0	0	2	0	2	4	1	17	0	0	3	0	1	0	0	1	0	3	6	3	1	1	2	4
119267	12 Oct 25	07:51:00	1	0	60	0	Ct	0	0	0	0	0	0	5	1	1	0	2	0	1	0	1	4	0	9	0	0	2	0	4	0	0	0	0	5	4	1	2	2	0	3
119268	12 Oct 25	07:52:00	1	0	60	0	Ct	0	0	0	0	2	0	2	2	2	0	4	0	0	0	3	3	0	1	0	0	2	0	1	4	0	1	0	2	4	2	3	1	0	1
119269	12 Oct 25	07:53:00	1	0	60	0	Ct	0	0	0	0	3	0	0	1	1	0	3	0	0	0	1	4	1	2	0	0	4	0	0	0	0	1	0	6	3	3	0	1	0	2
119270	12 Oct 25	07:54:00	1	0	60	0	Ct	0	0	0	0	2	0	1	1	1	0	1	0	2	0	1	2	5	4	0	0	2	8	0	8	0	0	0	2	0	0	1	1	0	1
119271	12 Oct 25	07:55:00	1	0	60	0	Ct	0	0	0	0	3	0	2	2	3	0	1	3	0	0	1	3	9	3	0	0	2	0	0	1	0	1	0	3	3	0	0	2	5	3
119272	12 Oct 25	07:56:00	1	0	60	0	Ct	0	0	0	0	2	0	4	0	1	0	1	3	0	0	2	4	0	2	0	0	1	2	0	0	0	3	0	1	1	1	0	8	7	1
119273	12 Oct 25	07:57:00	1	0	60	0	Ct	0	0	0	0	2	0	3	2	1	0	1	4	1	0	1	4	0	3	0	0	2	0	0	0	0	2	0	4	4	1	2	1	3	2
119274	12 Oct 25	07:58:00	1	0	60	0	Ct	0	0	0	0	1	0	1	1	6	0	3	3	0	0	1	3	2	0	0	0	2	0	0	0	0	2	0	3	2	4	1	2	1	7
119275	12 Oct 25	07:59:00	1	0	60	0	Ct	0	0	0	0	2	0	2	0	1	0	1	2	0	0	1	1	0	1	0	0	2	0	0	0	0	1	0	3	0	2	2	1	2	3
119276	12 Oct 25	08:00:00	1	0	60	0	Ct	0	0	0	0	2	0	1	1	2	0	0	3	1	0	0	2	8	4	0	0	1	0	2	0	0	3	0	5	2	2	1	1	1	2
119277	12 Oct 25	08:01:00	1	0	60	0	Ct	0	0	0	2	2	0	3	0	2	0	1	3	6	0	5	3	0	3	0	0	1	0	3	0	0	14	0	3	2	4	0	0	2	1
119278	12 Oct 25	08:02:00	1	0	60	0	Ct	0	0	0	2	2	0	3	3	1	3	1	2	14	0	1	1	4	2	0	0	1	1	3	0	0	6	0	3	3	0	4	0	2	2
119279	12 Oct 25	08:03:00	1	0	60	0	Ct	0	0	0	8	3	0	2	0	2	2	1	1	2	0	1	2	1	1	0	0	4	0	2	0	0	4	0	3	5	1	2	7	2	3
119280	12 Oct 25	08:04:00	1	0	60	0	Ct	0	0	0	0	0	0	1	0	0	2	0	2	0	0	1	2	2	2	0	0	3	1	2	0	0	5	0	2	1	4	2	0	0	2
119281	12 Oct 25	08:05:00	1	0	60	0	Ct	0	0	0	4	3	0	1	5	2	1	0	1	0	0	2	2	0	2	0	0	3	1	3	0	0	0	0	3	2	0	3	0	14	1
119282	12 Oct 25	08:06:00	1	0	60	0	Ct	0	0	0	3	1	0	1	1	1	3	0	3	1	0	2	1	0	1	0	0	3	2	7	0	0	0	0	3	1	0	5	0	1	2
119283	12 Oct 25	08:07:00	1	0	60	0	Ct	0	0	0	5	5	0	1	2	2	3	0	3	0	0	2	4	3	7	0	0	2	0	1	0	0	0	0	1	2	0	2	0	1	4
119284	12 Oct 25	08:08:00	1	0	60	0	Ct	0	0	0	6	3	0	3	0	1	2	1	1	0	0	2	2	0	2	0	0	1	0	4	0	0	0	0	1	3	0	2	0	2	1
119285	12 Oct 25	08:09:00	1	0	60	0	Ct	0	0	0	3	1	0	3	1	2	3	0	3	0	0	1	2	0	2	0	0	3	0	0	0	0	0	0	5	2	0	12	0	7	2
119286	12 Oct 25	08:10:00	1	0	60	0	Ct	0	0	0	4	0	0	1	2	1	2	1	2	0	0	1	4	8	2	0	0	2	0	0	0	0	0	0	2	0	0	1	0	2	1
119287	12 Oct 25	08:11:00	1	0	60	0	Ct	0	0	0	4	0	0	0	2	3	2	2	0	0	0	1	1	3	2	0	0	2	0	0	0	0	0	0	3	2	0	2	0	1	2
119288	12 Oct 25	08:12:00	1	0	60	0	Ct	0	0	0	2	3	0	0	1	5	3	2	0	0	0	0	3	0	2	0	0	1	0	0	0	0	0	0	2	1	0	3	0	1	3
119289	12 Oct 25	08:13:00	1	0	60	0	Ct	0	0	0	2	2	0	3	3	6	2	0	0	0	1	2	3	0	3	0	0	3	0	3	0	0	0	0	7	2	0	1	0	0	3
119290	12 Oct 25	08:14:00	1	0	60	0	Ct	0	0	0	1	2	0	1	0	3	3	0	0	0	1	1	2	0	1	0	0	2	0	1	0	0	0	0	4	1	0	1	0	3	4
119291	12 Oct 25	08:15:00	1	0	60	0	Ct	0	0	0	2	2	0	4	1	0	3	0	0	0	3	1	1	6	2	0	0	3	0	4	0	4	0	0	2	0	0	0	0	2	2
119292	12 Oct 25	08:16:00	1	0	60	0	Ct	0	0	0	1	1	0	2	2	2	1	0	0	1	1	1	0	4	0	0	0	2	0	2	0	2	0	0	3	0	0	1	0	1	1
119293	12 Oct 25	08:17:00	1	0	60	0	Ct	0	0	0	1	3	0	3	2	0	3	1	0	0	1	3	2	0	0	0	0	4	0	2	0	2	0	0	1	0	0	0	0	4	0
119294	12 Oct 25	08:18:00	1	0	60	0	Ct	0	0	0	4	1	0	0	9	1	3	0	0	0	2	1	5	1	0	0	0	3	0	1	0	3	3	0	0	0	0	0	0	2	4
119295	12 Oct 25	08:19:00	1	0	60	0	Ct	0	0	4	2	1	0	0	0	1	2	1	0	0	1	2	2	2	0	0	0	2	0	7	0	1	4	0	1	2	0	0	0	1	0
119296	12 Oct 25	08:20:00	1	0	60	0	Ct	0	0	4	2	3	0	0	3	2	2	1	0	0	2	3	3	2	2	0	0	1	0	2	0	2	2	0	3	1	3	0	0	2	4
119297	12 Oct 25	08:21:00	1	0	60	0	Ct	0	0	4	2	0	0	0	1	0	1	8	0	0	1	1	2	0	0	0	0	2	0	4	0	7	2	0	17	1	1	0	0	1	0
119298	12 Oct 25	08:22:00	1	0	60	0	Ct	0	0	1	2	1	0	2	2	0	2	2	0	0	2	2	3	0	2	3	0	2	0	2	0	0	1	0	2	0	2	8	0	2	3
119299	12 Oct 25	08:23:00	1	0	60	0	Ct	0	0	3	4	2	0	1	1	1	1	3	0	0	7	2	3	7	2	1	0	0	0	0	0	1	2	0	2	0	0	2	0	0	2
119300	12 Oct 25	08:24:00	1	0	60	0	Ct	0	0	0	3	0	0	1	0	1	0	5	0	1	0	0	2	0	3	0	0	0	0	2	1	1	1	0	1	0	0	0	0	0	1
119301	12 Oct 25	08:25:00	1	0	60	0	Ct	0	0	0	1	2	0	3	1	0	1	1	0	0	1	2	0	8	2	0	0	0	0	1	4	1	2	0	1	0	0	11	0	0	0
119302	12 Oct 25	08:26:00	1	0	60	0	Ct	0	0	1	4	3	0	2	1	1	1	0	0	0	5	1	2	1	2	0	0	0	0	4	0	3	1	0	4	0	0	11	0	0	4
119303	12 Oct 25	08:27:00	1	0	60	0	Ct	0	0	2	1	2	0	2	1	1	3	0	0	0	0	1	1	0	3	0	0	0	0	3	3	2	2	0	2	0	1	0	0	0	2
119304	12 Oct 25	08:28:00	1	0	60	0	Ct	0	0	0	3	1	0	1	2	2	3	3	0	0	3	2	2	0	2	0	0	2	0	0	0	2	4	0	2	0	0	0	0	0	1
119305	12 Oct 25	08:29:00	1	0	60	0	Ct	0	0	5	2	1	0	2	0	0	3	1	0	0	6	2	0	0	3	7	0	4	0	0	1	2	2	0	3	0	0	2	0	0	5
119306	12 Oct 25	08:30:00	1	0	60	0	Ct	0	0	2	1	0	0	1	3	1	0	1	0	0	0	2	2	2	1	2	0	2	0	1	1	2	2	0	4	0	0	1	0	0	3
119307	12 Oct 25	08:31:00	1	0	60	0	Ct	0	0	0	1	0	0	2	0	1	0	1	0	1	0	0	3	0	2	2	0	2	0	2	0	1	1	0	1	0	0	0	0	0	1
119308	12 Oct 25	08:32:00	1	0	60	0	Ct	0	0	0	5	0	0	0	4	3	2	1	0	7	1	2	0	6	2	2	0	3	0	2	0	0	3	0	3	0	0	2	0	0	1
119309	12 Oct 25	08:33:00	1	0	60	0	Ct	0	0	6	0	2	0	0	0	1	2	1	0	21	1	3	0	0	3	2	0	4	0	1	0	2	4	0	3	0	0	3	0	0	1
119310	12 Oct 25	08:34:00	1	0	60	0	Ct	0	0	1	1	0	0	0	0	1	1	1	0	4	1	1	3	0	1	2	0	2	0	2	0	2	4	0	2	0	0	2	0	0	3
119311	12 Oct 25	08:35:00	1	0	60	0	Ct	0	0	0	2	0	0	0	0	6	1	2	0	4	5	20	0	2	1	2	0	2	0	2	1	2	0	0	3	0	0	0	0	0	2
119312	12 Oct 25	08:36:00	1	0	60	0	Ct	0	0	2	3	1	0	1	0	1	4	1	0	3	9	12	8	0	1	1	0	2	0	1	1	1	3	0	1	0	1	1	0	0	1
119313	12 Oct 25	08:37:00	1	0	60	0	Ct	0	0	1	1	1	0	0	0	5	2	1	0	2	2	4	2	2	4	2	0	3	0	2	0	2	2	0	1	0	4	1	0	0	12
119314	12 Oct 25	08:38:00	1	0	60	0	Ct	0	0	0	3	0	0	0	0	1	3	1	2	2	2	0	0	1	4	3	0	2	0	2	1	2	1	0	0	0	0	1	4	1	3
119315	12 Oct 25	08:39:00	1	0	60	0	Ct	0	0	1	2	3	0	2	0	1	3	1	3	2	2	0	1	2	2	1	0	1	0	1	2	4	2	0	3	0	0	0	6	3	3
119316	12 Oct 25	08:40:00	1	0	60	0	Ct	0	0	0	1	2	0	0	0	2	2	3	3	0	1	0	0	0	13	1	0	3	0	3	3	0	2	0	3	0	0	1	2	2	2
119317	12 Oct 25	08:41:00	1	0	60	0	Ct	0	0	0	2	3	0	4	0	1	3	1	2	0	0	0	0	0	12	1	0	3	0	1	4	0	3	0	3	0	0	0	1	2	1
119318	12 Oct 25	08:42:00	1	0	60	0	Ct	0	0	2	2	0	0	2	0	2	2	0	2	3	4	0	0	0	2	1	0	2	0	1	3	0	1	0	2	0	0	3	2	2	2
119319	12 Oct 25	08:43:00	1	0	60	0	Ct	0	0	0	0	1	5	0	0	0	1	0	3	3	1	0	0	0	3	1	0	3	0	1	0	3	2	0	2	1	0	16	0	3	4
119320	12 Oct 25	08:44:00	1	0	60	0	Ct	0	0	1	0	1	2	2	1	1	2	0	2	2	1	0	0	1	2	2	0	2	0	2	2	2	1	0	0	2	0	2	3	1	4
119321	12 Oct 25	08:45:00	1	0	60	0	Ct	0	0	0	2	2	3	2	3	1	3	0	1	9	0	0	0	3	2	1	0	1	0	6	1	1	1	0	2	4	1	4	6	1	2
119322	12 Oct 25	08:46:00	1	0	60	0	Ct	0	0	6	4	1	0	3	1	0	3	0	5	0	2	0	0	0	3	7	0	3	0	11	3	0	2	0	3	3	6	3	1	2	4
119323	12 Oct 25	08:47:00	1	0	60	0	Ct	0	0	2	0	1	0	1	3	0	0	1	4	0	4	5	0	0	3	1	0	3	0	2	2	3	10	0	3	1	4	6	2	2	1
119324	12 Oct 25	08:48:00	1	0	60	0	Ct	0	0	1	3	0	0	2	1	0	0	1	1	1	2	1	0	0	1	1	0	1	0	0	4	1	1	0	3	1	0	10	3	2	0
119325	12 Oct 25	08:49:00	1	0	60	0	Ct	0	0	0	2	2	0	0	4	0	1	1	1	0	0	3	0	0	1	2	0	2	0	0	3	4	1	0	2	2	6	6	2	22	5
119326	12 Oct 25	08:50:00	1	0	60	0	Ct	0	0	0	2	1	0	0	1	0	2	2	14	0	1	3	0	0	9	1	0	2	0	2	1	1	1	0	3	2	2	1	2	16	5
119327	12 Oct 25	08:51:00	1	0	60	0	Ct	0	0	0	3	1	0	0	1	0	0	1	9	4	1	1	0	0	8	0	0	1	0	1	2	5	0	0	2	3	1	1	2	1	1
119328	12 Oct 25	08:52:00	1	0	60	0	Ct	0	0	1	2	1	0	0	0	0	1	1	6	2	0	1	0	0	11	3	0	2	0	3	1	1	1	0	0	0	2	1	1	0	2
119329	12 Oct 25	08:53:00	1	0	60	0	Ct	0	0	4	2	6	0	0	1	0	3	1	0	1	3	1	0	6	5	2	0	4	0	1	2	3	4	0	1	1	2	2	0	0	3
119330	12 Oct 25	08:54:00	1	0	60	0	Ct	0	0	0	3	2	0	0	1	0	1	1	0	6	0	4	0	1	1	1	0	1	0	0	1	2	2	0	1	4	1	6	3	0	3
119331	12 Oct 25	08:55:00	1	0	60	0	Ct	0	0	1	2	0	0	0	1	0	2	0	0	1	6	2	0	0	3	0	0	2	0	3	0	1	0	0	2	0	4	4	3	0	1
119332	12 Oct 25	08:56:00	1	0	60	0	Ct	0	0	1	1	1	0	2	2	0	1	0	0	5	3	2	0	0	2	1	0	0	0	0	0	0	0	0	3	5	1	6	1	0	2
119333	12 Oct 25	08:57:00	1	0	60	0	Ct	0	0	0	1	1	0	3	1	0	1	0	0	1	2	1	0	0	3	1	0	0	0	3	1	1	8	0	3	4	0	2	1	0	3
119334	12 Oct 25	08:58:00	1	0	60	0	Ct	0	0	1	2	3	0	3	2	0	3	0	0	0	0	2	0	1	3	1	0	0	0	2	1	2	0	2	3	21	1	0	0	0	1
119335	12 Oct 25	08:59:00	1	0	60	0	Ct	0	0	0	3	2	0	1	0	0	2	0	0	4	1	2	0	5	2	0	0	0	1	4	0	1	0	1	1	6	3	0	3	0	5
119336	12 Oct 25	09:00:00	1	0	60	0	Ct	0	0	8	2	2	0	2	3	0	2	0	0	1	0	0	0	0	1	0	0	0	1	2	0	0	0	0	4	0	2	1	1	0	1
119337	12 Oct 25	09:01:00	1	0	60	0	Ct	0	0	0	3	2	0	3	1	0	4	0	0	0	5	2	0	1	2	0	0	0	7	1	0	6	2	0	2	0	1	0	3	0	1
119338	12 Oct 25	09:02:00	1	0	60	0	Ct	0	0	2	1	2	0	2	1	0	0	0	0	0	0	2	0	0	9	0	0	2	5	1	0	2	24	0	2	10	1	0	2	0	0
119339	12 Oct 25	09:03:00	1	0	60	0	Ct	0	0	4	2	3	3	3	1	0	0	0	0	0	1	2	0	0	19	0	0	6	4	3	0	2	5	0	3	26	2	0	3	0	0
119340	12 Oct 25	09:04:00	1	0	60	0	Ct	0	0	1	1	1	2	0	4	0	0	0	0	0	1	0	0	0	1	0	0	0	0	1	0	1	2	0	2	13	0	0	5	0	5
119341	12 Oct 25	09:05:00	1	0	60	0	Ct	0	0	3	3	2	3	0	0	2	1	0	1	0	1	0	0	0	1	0	0	0	2	27	1	2	1	0	0	6	4	0	7	0	2
119342	12 Oct 25	09:06:00	1	0	60	0	Ct	0	0	1	0	1	3	0	0	2	8	0	3	0	0	0	0	4	1	0	0	0	2	11	2	0	1	0	0	8	2	0	0	0	2
119343	12 Oct 25	09:07:00	1	0	60	0	Ct	0	0	0	2	1	0	3	3	2	3	1	2	0	1	0	0	0	1	0	0	0	6	0	1	1	2	0	2	5	2	3	2	0	1
119344	12 Oct 25	09:08:00	1	0	60	0	Ct	0	0	7	0	1	0	0	1	0	2	1	2	0	8	1	0	6	0	0	0	0	1	0	0	1	1	0	3	0	3	2	5	0	3
119345	12 Oct 25	09:09:00	1	0	60	0	Ct	0	0	14	0	2	0	0	1	2	1	7	4	0	1	1	0	1	0	0	0	0	0	0	1	0	2	0	4	1	2	0	3	0	1
119346	12 Oct 25	09:10:00	1	0	60	0	Ct	0	0	0	0	2	5	0	1	2	2	2	3	0	1	0	0	11	0	0	0	0	0	0	1	1	0	0	2	0	0	1	0	0	2
119347	12 Oct 25	09:11:00	1	0	60	0	Ct	0	0	5	0	3	2	2	0	1	2	1	0	0	1	5	0	0	3	0	0	4	0	0	0	0	2	2	2	0	2	0	0	0	2
119348	12 Oct 25	09:12:00	1	0	60	0	Ct	0	0	8	0	6	0	1	2	2	0	2	2	0	1	0	0	2	0	0	0	22	0	0	1	0	2	0	1	0	1	5	1	0	2
119349	12 Oct 25	09:13:00	1	0	60	0	Ct	0	0	9	0	2	2	0	0	3	2	0	0	0	0	0	0	0	0	0	0	29	2	2	1	2	4	1	1	0	0	5	1	0	2
119350	12 Oct 25	09:14:00	1	0	60	0	Ct	0	0	0	0	2	1	0	0	2	1	0	2	0	2	3	0	2	0	0	0	0	1	2	3	1	3	7	1	0	2	7	0	0	1
119351	12 Oct 25	09:15:00	1	0	60	0	Ct	0	0	0	0	1	3	0	0	1	3	0	2	0	0	2	0	3	3	0	0	0	0	2	0	2	1	2	1	0	1	5	0	0	1
119352	12 Oct 25	09:16:00	1	0	60	0	Ct	0	0	0	0	2	2	0	0	2	1	0	1	0	1	2	0	0	3	0	0	0	0	4	0	2	1	0	2	0	1	1	2	0	1
119353	12 Oct 25	09:17:00	1	0	60	0	Ct	0	0	4	0	6	2	3	1	1	2	1	1	0	3	0	0	0	6	0	0	1	1	0	4	2	3	2	3	0	1	3	0	0	2
119354	12 Oct 25	09:18:00	1	0	60	0	Ct	0	0	2	0	1	1	2	0	5	0	2	0	0	3	3	0	0	0	0	0	3	4	2	1	1	0	3	3	0	0	0	1	0	2
119355	12 Oct 25	09:19:00	1	0	60	0	Ct	0	0	0	0	3	6	5	0	0	1	7	2	0	5	1	0	2	1	0	0	4	0	2	0	1	2	3	2	0	1	1	1	0	1
119356	12 Oct 25	09:20:00	1	0	60	0	Ct	0	0	1	0	2	1	0	0	3	2	0	1	0	1	2	0	0	0	0	0	1	1	4	2	2	1	2	3	0	1	0	0	0	0
119357	12 Oct 25	09:21:00	1	0	60	0	Ct	0	0	4	0	1	4	0	0	0	4	2	0	0	0	0	0	1	2	0	0	3	0	0	1	2	2	2	5	0	2	1	0	0	0
119358	12 Oct 25	09:22:00	1	0	60	0	Ct	0	0	0	0	1	1	0	0	2	1	1	0	0	2	1	0	0	1	0	0	2	0	2	1	1	0	2	2	0	0	1	2	0	3
119359	12 Oct 25	09:23:00	1	0	60	0	Ct	0	0	0	0	0	0	0	0	1	2	0	4	0	0	1	0	1	0	0	0	2	0	5	0	2	2	1	3	0	21	1	3	0	3
119360	12 Oct 25	09:24:00	1	0	60	0	Ct	0	0	5	0	2	4	0	0	2	3	2	9	0	0	6	0	0	0	0	0	3	0	0	1	1	2	1	3	4	12	1	3	0	3
119361	12 Oct 25	09:25:00	1	0	60	0	Ct	0	0	3	0	1	9	2	0	4	0	0	2	0	3	1	1	0	0	0	0	1	0	1	5	0	1	1	3	1	0	1	0	0	2
119362	12 Oct 25	09:26:00	1	0	60	0	Ct	0	0	1	0	2	5	2	0	0	1	0	1	0	1	1	6	3	0	0	0	3	0	1	0	1	2	1	3	7	4	7	1	0	4
119363	12 Oct 25	09:27:00	1	0	60	0	Ct	0	0	0	0	2	3	2	0	0	5	0	2	0	5	1	3	0	0	0	0	3	0	1	0	1	1	1	3	6	1	1	3	0	1
119364	12 Oct 25	09:28:00	1	0	60	0	Ct	0	0	1	0	3	1	2	0	0	2	0	1	0	2	2	3	7	0	0	0	4	0	1	2	3	0	1	3	0	3	2	1	0	3
119365	12 Oct 25	09:29:00	1	0	60	0	Ct	0	0	1	0	2	1	1	0	0	0	1	0	0	11	1	1	0	0	0	0	3	0	0	2	1	1	1	3	3	1	2	1	0	3
119366	12 Oct 25	09:30:00	1	0	60	0	Ct	0	0	4	0	2	0	3	0	0	1	1	0	0	0	3	3	2	0	0	0	4	1	0	1	1	0	1	3	3	2	0	2	0	4
119367	12 Oct 25	09:31:00	1	0	60	0	Ct	0	0	0	0	1	1	0	0	0	2	1	0	0	1	2	2	10	0	0	0	3	18	0	1	1	0	3	2	3	0	1	2	0	2
119368	12 Oct 25	09:32:00	1	0	60	0	Ct	0	0	8	0	0	3	2	0	0	2	2	0	0	1	0	2	3	0	0	0	2	1	0	2	0	2	2	1	1	5	0	1	0	1
119369	12 Oct 25	09:33:00	1	0	60	0	Ct	0	0	0	0	0	3	3	0	0	1	0	0	0	0	3	2	0	0	0	0	2	0	0	1	0	2	0	1	0	2	1	3	0	1
119370	12 Oct 25	09:34:00	1	0	60	0	Ct	0	0	1	0	0	6	2	0	0	1	3	0	0	0	2	11	1	0	0	0	3	0	0	2	0	2	0	2	0	0	0	3	0	1
119371	12 Oct 25	09:35:00	1	0	60	0	Ct	0	0	0	0	0	1	1	0	0	2	1	0	3	2	2	0	7	0	0	0	2	0	0	1	0	0	0	0	0	2	0	0	0	1
119372	12 Oct 25	09:36:00	1	0	60	0	Ct	0	0	0	0	0	0	0	0	0	3	1	0	3	1	2	1	5	0	0	0	3	3	0	1	0	1	2	0	1	17	1	0	0	2
119373	12 Oct 25	09:37:00	1	0	60	0	Ct	0	0	1	0	2	0	0	0	1	2	1	0	4	1	5	1	0	0	0	0	3	2	0	0	0	1	1	0	21	1	0	0	0	2
119374	12 Oct 25	09:38:00	1	0	60	0	Ct	0	0	0	0	1	0	2	0	2	2	1	0	1	1	4	0	0	3	2	0	3	0	0	3	0	2	2	0	4	2	1	0	0	1
119375	12 Oct 25	09:39:00	1	0	60	0	Ct	0	0	2	0	2	0	0	0	1	2	0	0	1	1	0	2	0	4	2	0	2	1	0	1	0	1	0	0	10	3	0	3	0	1
119376	12 Oct 25	09:40:00	1	0	60	0	Ct	0	0	2	0	0	0	0	1	0	3	0	0	1	2	0	2	0	2	3	0	2	1	0	1	0	1	1	0	11	20	0	0	0	1
119377	12 Oct 25	09:41:00	1	0	60	0	Ct	0	0	8	0	0	0	0	1	0	2	1	0	4	1	1	2	0	1	2	0	2	2	0	1	5	1	3	0	5	25	0	0	0	2
119378	12 Oct 25	09:42:00	1	0	60	0	Ct	0	0	0	0	1	0	0	1	1	2	2	0	0	3	0	1	0	5	1	0	2	0	0	1	3	0	1	2	10	8	0	0	0	3
119379	12 Oct 25	09:43:00	1	0	60	0	Ct	0	0	0	0	1	0	0	1	1	1	0	0	5	1	1	4	0	2	2	0	0	0	0	1	2	1	1	1	33	10	1	0	0	1
119380	12 Oct 25	09:44:00	1	0	60	0	Ct	0	0	0	0	0	0	0	2	1	3	0	0	5	0	2	12	0	3	1	0	2	10	0	1	2	1	3	4	15	23	3	0	4	3
119381	12 Oct 25	09:45:00	1	0	60	0	Ct	0	0	0	0	1	0	0	0	1	3	0	0	0	4	0	2	0	2	1	0	1	0	1	1	2	0	1	2	0	3	5	0	3	2
119382	12 Oct 25	09:46:00	1	0	60	0	Ct	0	0	0	0	2	0	0	4	0	6	2	0	1	12	0	1	0	2	0	0	1	2	6	1	2	2	0	4	0	6	1	0	1	1
119383	12 Oct 25	09:47:00	1	0	60	0	Ct	0	0	0	0	1	0	0	2	0	3	2	0	2	9	0	8	0	2	1	0	3	1	6	1	1	1	1	1	0	1	2	0	1	6
119384	12 Oct 25	09:48:00	1	0	60	0	Ct	0	0	1	0	0	0	0	1	0	2	2	0	3	2	0	2	0	2	1	0	1	0	3	0	1	4	1	0	0	2	3	0	3	1
119385	12 Oct 25	09:49:00	1	0	60	0	Ct	0	0	0	0	1	0	0	2	0	14	2	0	1	5	0	3	0	2	1	0	3	2	1	0	1	2	1	0	0	2	4	0	8	1
119386	12 Oct 25	09:50:00	1	0	60	0	Ct	0	0	6	0	1	0	0	1	0	8	0	2	1	4	0	3	0	1	2	0	2	0	3	1	2	2	2	0	0	1	2	0	1	1
119387	12 Oct 25	09:51:00	1	0	60	0	Ct	0	0	6	0	2	0	0	3	0	1	2	0	2	5	0	0	0	2	2	0	1	0	2	2	2	0	2	3	0	3	0	0	1	2
119388	12 Oct 25	09:52:00	1	0	60	0	Ct	0	0	5	0	2	0	0	3	0	3	1	2	2	0	0	2	0	3	1	0	5	0	5	5	1	0	1	2	0	1	1	0	1	0
119389	12 Oct 25	09:53:00	1	0	60	0	Ct	0	0	0	0	2	0	0	1	0	2	1	2	1	0	0	3	5	1	2	0	2	0	2	7	0	0	2	3	0	1	1	0	0	0
119390	12 Oct 25	09:54:00	1	0	60	0	Ct	0	0	1	0	3	0	0	0	0	2	0	3	1	2	0	0	1	3	1	0	3	2	2	1	0	3	2	4	0	1	1	0	1	12
119391	12 Oct 25	09:55:00	1	0	60	0	Ct	0	0	1	0	2	0	0	0	0	2	1	2	3	0	2	2	2	3	0	0	2	0	3	1	0	1	1	3	0	0	0	0	2	0
119392	12 Oct 25	09:56:00	1	0	60	0	Ct	0	0	0	0	0	0	0	0	0	3	1	1	0	0	0	4	4	0	0	0	4	1	1	0	0	1	2	1	0	0	0	0	2	0
119393	12 Oct 25	09:57:00	1	0	60	0	Ct	0	0	0	1	0	4	0	0	0	1	0	1	4	1	0	3	2	3	1	0	2	1	0	1	0	1	1	2	0	9	1	0	4	0
119394	12 Oct 25	09:58:00	1	0	60	0	Ct	0	0	0	1	0	2	0	0	2	1	1	2	0	3	0	1	0	1	1	0	2	3	0	1	2	1	0	3	0	2	2	1	2	0
119395	12 Oct 25	09:59:00	1	0	60	0	Ct	0	0	1	1	0	1	0	0	1	2	3	0	1	2	0	23	0	0	1	0	1	0	1	0	3	3	3	2	0	3	3	5	2	0
119396	12 Oct 25	10:00:00	1	0	60	0	Ct	0	0	3	1	0	2	0	0	1	0	1	1	1	1	0	9	5	0	0	0	2	1	1	2	2	1	1	2	0	0	0	3	1	0
119397	12 Oct 25	10:01:00	1	0	60	0	Ct	0	0	0	2	0	1	0	0	0	1	0	0	6	8	0	2	0	3	1	0	2	5	1	0	2	2	2	2	0	6	5	6	1	2
119398	12 Oct 25	10:02:00	1	0	60	0	Ct	0	0	0	0	0	3	0	0	0	0	1	0	1	3	0	0	1	2	1	0	1	0	4	1	0	2	1	2	0	0	1	2	3	5
119399	12 Oct 25	10:03:00	1	0	60	0	Ct	0	0	2	0	0	1	0	0	0	3	2	0	0	6	0	3	0	1	2	0	2	0	7	1	2	1	0	2	2	5	0	2	1	3
119400	12 Oct 25	10:04:00	1	0	60	0	Ct	0	0	0	0	0	2	0	0	0	1	3	0	0	3	0	1	0	0	2	0	2	0	5	0	0	0	0	1	2	1	0	3	1	3
119401	12 Oct 25	10:05:00	1	0	60	0	Ct	0	0	2	0	0	0	0	0	0	0	2	0	2	2	0	3	3	2	6	0	3	0	1	1	0	1	1	1	4	0	1	2	2	2
119402	12 Oct 25	10:06:00	1	0	60	0	Ct	0	0	0	0	1	0	2	0	0	1	0	0	0	0	0	3	2	2	2	0	2	0	1	3	0	0	1	0	0	6	6	3	1	2
119403	12 Oct 25	10:07:00	1	0	60	0	Ct	0	1	7	3	1	5	3	0	0	1	1	4	2	1	2	0	7	2	0	0	0	0	1	0	15	1	1	2	0	2	0	2	3	2
119404	12 Oct 25	10:08:00	1	0	60	0	Ct	0	1	2	0	0	0	3	0	0	2	1	4	8	0	0	1	0	1	0	0	2	0	1	2	3	2	1	2	1	0	0	3	2	2
119405	12 Oct 25	10:09:00	1	0	60	0	Ct	0	1	1	0	1	0	0	0	0	1	0	2	0	0	0	1	0	2	7	0	2	2	4	0	0	1	0	0	12	0	0	4	1	0
119406	12 Oct 25	10:10:00	1	0	60	0	Ct	0	1	0	0	2	7	0	0	0	1	0	3	0	0	0	1	5	2	0	0	0	1	3	0	0	2	0	0	2	0	0	0	1	0
119407	12 Oct 25	10:11:00	1	0	60	0	Ct	0	1	1	10	0	0	0	0	0	0	0	0	0	1	0	2	4	1	0	0	0	1	1	0	0	1	0	0	5	0	0	6	0	0
119408	12 Oct 25	10:12:00	1	0	60	0	Ct	0	1	0	0	6	0	0	0	0	2	0	0	0	1	0	2	0	2	0	0	0	1	1	0	0	0	0	0	4	0	0	19	3	0
119409	12 Oct 25	10:13:00	1	0	60	0	Ct	0	1	0	0	0	0	2	0	0	0	0	5	0	3	0	0	0	0	0	0	0	2	3	1	0	3	0	0	1	0	0	13	22	0
119410	12 Oct 25	10:14:00	1	0	60	0	Ct	0	1	0	0	0	0	1	0	2	2	0	0	0	0	0	2	0	2	0	0	0	1	3	1	0	0	0	0	1	0	0	6	17	0
119411	12 Oct 25	10:15:00	1	0	60	0	Ct	0	1	0	0	1	0	0	0	4	2	0	0	0	1	0	0	0	2	0	0	0	3	2	2	0	3	0	0	0	3	0	1	2	0
119412	12 Oct 25	10:16:00	1	0	60	0	Ct	0	1	0	0	1	0	0	0	0	0	0	0	0	1	0	0	0	1	0	0	0	0	0	1	0	0	0	0	0	0	0	1	8	0
119413	12 Oct 25	10:17:00	1	0	60	0	Ct	0	1	0	0	0	0	0	0	1	0	0	0	0	0	0	0	0	1	0	0	0	0	2	0	0	0	0	0	0	0	0	1	3	0
119414	12 Oct 25	10:18:00	1	0	60	0	Ct	0	1	0	0	2	0	0	0	1	0	0	0	0	1	0	0	0	0	1	0	0	0	0	0	0	0	0	0	0	0	0	2	1	2
119415	12 Oct 25	10:19:00	1	0	60	0	Ct	0	1	0	0	0	0	1	0	0	0	0	0	0	0	0	0	0	0	0	0	0	0	0	0	0	0	0	0	0	0	0	1	1	2
119416	12 Oct 25	10:20:00	1	0	60	0	Ct	0	1	0	0	2	0	0	0	0	0	0	1	0	1	0	0	0	0	0	0	0	0	0	1	0	0	0	0	0	0	0	0	0	0
119417	12 Oct 25	10:21:00	1	0	60	0	Ct	0	1	0	0	2	0	0	0	0	0	0	8	0	4	0	0	0	1	0	0	0	0	0	0	0	0	0	0	0	0	0	0	0	0
119418	12 Oct 25	10:22:00	1	0	60	0	Ct	0	1	0	0	1	0	0	0	0	0	0	1	0	0	0	0	0	1	0	0	0	3	0	0	0	0	0	0	0	0	0	0	0	3
119419	12 Oct 25	10:23:00	1	0	60	0	Ct	0	1	0	0	1	1	0	0	0	1	0	0	0	1	0	0	0	2	0	0	0	1	0	0	0	0	0	0	0	0	0	0	0	16
119420	12 Oct 25	10:24:00	1	0	60	0	Ct	0	1	0	0	0	4	0	0	0	2	0	0	0	4	0	0	0	1	0	0	0	0	0	6	0	0	0	0	0	0	1	0	0	4
119421	12 Oct 25	10:25:00	1	0	60	0	Ct	0	1	0	0	2	2	1	0	0	1	0	0	0	3	0	0	0	0	0	0	1	0	0	7	0	3	0	0	0	0	2	3	0	5
119422	12 Oct 25	10:26:00	1	0	60	0	Ct	0	1	0	0	0	0	0	3	0	0	0	0	0	0	0	0	0	0	0	0	0	0	0	1	0	0	0	0	0	0	0	0	0	0
119423	12 Oct 25	10:27:00	1	0	60	0	Ct	0	1	0	0	1	3	0	0	0	1	0	0	0	0	0	0	0	1	0	0	1	0	0	1	0	0	0	0	0	0	0	1	0	0
119424	12 Oct 25	10:28:00	1	0	60	0	Ct	0	1	0	0	2	1	0	4	0	0	0	0	0	0	0	0	0	0	0	0	0	0	0	0	0	0	0	0	0	0	0	0	0	0
119425	12 Oct 25	10:29:00	1	0	60	0	Ct	0	1	0	0	1	0	0	0	0	1	0	0	0	0	0	0	0	1	0	0	0	4	0	2	0	0	0	0	0	0	0	6	0	0
119426	12 Oct 25	10:30:00	1	0	60	0	Ct	0	1	0	0	3	0	0	2	0	0	0	0	0	0	0	0	0	0	0	0	0	0	0	0	0	0	0	0	0	0	0	0	0	0
119427	12 Oct 25	10:31:00	1	0	60	0	Ct	0	1	0	1	1	2	0	5	0	1	0	0	0	0	0	0	0	0	0	0	0	5	0	0	0	0	0	0	0	0	0	2	0	0
119428	12 Oct 25	10:32:00	1	0	60	0	Ct	0	1	0	0	1	1	0	10	0	0	0	0	0	0	0	0	0	0	0	0	0	0	0	2	0	0	0	0	0	0	0	0	0	0
119429	12 Oct 25	10:33:00	1	0	60	0	Ct	0	1	0	0	1	2	0	0	0	0	0	1	0	0	0	3	0	0	0	0	0	0	0	0	0	0	0	0	0	0	3	0	0	0
119430	12 Oct 25	10:34:00	1	0	60	0	Ct	0	1	0	0	1	6	0	0	0	1	0	0	0	4	0	0	1	0	0	0	0	0	0	0	0	0	0	0	0	0	0	0	0	0
119431	12 Oct 25	10:35:00	1	0	60	0	Ct	0	1	0	0	1	3	0	0	0	0	0	1	0	0	0	0	1	0	0	0	0	0	0	0	0	0	0	0	0	0	0	0	0	0
119432	12 Oct 25	10:36:00	1	0	60	0	Ct	0	1	0	0	0	2	0	0	0	2	0	0	0	2	0	0	0	0	0	0	0	0	0	0	0	0	0	0	0	0	0	0	0	0
119433	12 Oct 25	10:37:00	1	0	60	0	Ct	0	1	0	0	1	15	0	0	0	2	0	1	0	1	0	0	0	0	0	0	0	0	0	0	0	0	0	0	0	0	0	0	0	0
119434	12 Oct 25	10:38:00	1	0	60	0	Ct	0	1	0	0	3	25	0	0	0	0	0	0	0	0	0	3	0	1	0	0	0	0	0	0	0	0	0	0	0	0	0	0	0	0
119435	12 Oct 25	10:39:00	1	0	60	0	Ct	0	1	0	0	0	27	0	0	0	2	0	0	0	3	0	0	0	2	0	0	0	0	0	1	0	0	0	0	0	0	0	0	0	0
119436	12 Oct 25	10:40:00	1	0	60	0	Ct	0	1	0	0	2	28	0	0	2	2	0	0	0	0	0	0	0	0	0	0	0	0	0	1	0	0	0	0	0	0	0	0	0	0
119437	12 Oct 25	10:41:00	1	0	60	0	Ct	0	1	0	0	3	17	0	0	2	2	0	0	0	2	0	0	0	0	0	0	0	0	0	0	0	0	0	0	0	0	0	0	0	0
119438	12 Oct 25	10:42:00	1	0	60	0	Ct	0	1	0	0	1	3	0	0	3	2	0	0	0	2	0	0	0	0	0	0	0	0	0	2	0	0	0	0	0	0	0	0	0	0
119439	12 Oct 25	10:43:00	1	0	60	0	Ct	0	1	0	0	0	1	0	0	1	1	0	0	0	4	0	0	0	1	0	0	0	0	0	0	0	0	0	0	0	0	0	0	0	0
119440	12 Oct 25	10:44:00	1	0	60	0	Ct	0	1	0	0	0	2	0	0	2	1	0	0	0	0	0	0	0	2	0	0	0	0	0	0	0	0	0	0	0	0	0	2	2	0
119441	12 Oct 25	10:45:00	1	0	60	0	Ct	0	1	0	0	0	0	0	0	1	1	0	0	0	0	0	0	1	3	0	0	0	0	0	3	0	0	0	0	0	0	0	0	0	0
119442	12 Oct 25	10:46:00	1	0	60	0	Ct	0	1	0	0	2	3	0	0	1	0	0	0	0	2	0	0	0	2	0	0	0	0	0	0	0	0	0	0	0	0	0	0	0	0
119443	12 Oct 25	10:47:00	1	0	60	0	Ct	0	1	0	0	1	1	0	0	1	0	0	0	0	0	0	0	0	2	0	0	0	0	0	0	0	0	0	0	0	0	0	0	2	0
119444	12 Oct 25	10:48:00	1	0	60	0	Ct	0	1	0	0	1	5	0	0	0	0	0	0	1	2	0	0	0	3	0	0	0	0	0	2	0	0	0	0	0	0	0	1	0	0
119445	12 Oct 25	10:49:00	1	0	60	0	Ct	0	1	0	0	2	1	0	0	0	1	0	0	3	0	0	0	0	3	0	0	0	0	0	1	0	0	0	0	0	0	0	1	1	0
119446	12 Oct 25	10:50:00	1	0	60	0	Ct	0	1	0	0	0	3	0	0	0	1	0	0	1	3	0	0	5	2	0	0	0	0	0	1	0	0	0	0	3	0	0	0	0	0
119447	12 Oct 25	10:51:00	1	0	60	0	Ct	0	1	0	0	2	2	0	0	0	0	0	1	0	0	0	0	0	2	0	0	0	0	0	0	0	0	0	0	1	0	0	0	0	0
119448	12 Oct 25	10:52:00	1	0	60	0	Ct	0	1	0	1	0	0	0	0	0	0	0	1	0	0	0	0	1	1	0	0	0	2	0	0	0	0	0	0	0	0	0	0	0	0
119449	12 Oct 25	10:53:00	1	0	60	0	Ct	0	1	0	0	1	1	0	0	0	1	0	2	1	0	0	0	0	2	0	0	0	3	0	2	0	0	0	0	0	0	0	0	0	0
119450	12 Oct 25	10:54:00	1	0	60	0	Ct	0	1	0	0	3	0	0	0	0	1	0	0	2	0	0	0	0	2	0	0	0	0	0	0	0	0	0	0	0	0	0	0	0	0
119451	12 Oct 25	10:55:00	1	0	60	0	Ct	0	1	0	0	2	17	0	0	0	1	0	0	6	0	0	0	0	1	0	0	0	3	0	3	0	0	0	0	0	0	0	0	0	0
119452	12 Oct 25	10:56:00	1	0	60	0	Ct	0	1	0	0	2	6	0	0	0	0	0	0	0	3	0	0	7	2	0	0	0	2	0	0	0	0	0	0	0	0	0	0	0	0
119453	12 Oct 25	10:57:00	1	0	60	0	Ct	0	1	0	0	1	4	0	0	0	0	0	0	1	2	0	0	0	2	0	0	0	0	0	0	0	0	0	0	0	0	0	0	0	0
119454	12 Oct 25	10:58:00	1	0	60	0	Ct	0	1	0	0	1	10	0	0	0	0	0	0	0	0	0	0	0	0	0	0	0	4	0	1	0	0	0	0	0	0	0	0	0	0
119455	12 Oct 25	10:59:00	1	0	60	0	Ct	0	1	0	0	1	8	0	1	0	0	0	0	0	2	0	0	1	0	0	0	0	3	0	0	0	0	0	0	0	0	0	0	0	0
119456	12 Oct 25	11:00:00	1	0	60	0	Ct	0	1	0	0	1	0	0	1	0	0	0	0	0	0	0	0	1	2	0	0	0	0	0	1	0	0	0	0	0	0	0	0	0	0
119457	12 Oct 25	11:01:00	1	0	60	0	Ct	0	1	0	0	3	0	0	0	0	0	0	0	1	1	0	0	0	0	0	0	0	0	0	2	0	0	0	0	0	0	0	0	0	0
119458	12 Oct 25	11:02:00	1	0	60	0	Ct	0	1	0	0	3	0	0	2	0	0	0	10	0	1	0	0	0	2	0	0	0	1	0	0	0	0	0	0	0	0	0	0	0	0
119459	12 Oct 25	11:03:00	1	0	60	0	Ct	0	1	0	0	2	0	0	2	0	0	0	0	2	0	0	0	0	0	1	0	0	1	0	2	0	0	0	0	0	0	0	0	0	0
119460	12 Oct 25	11:04:00	1	0	60	0	Ct	0	1	0	0	1	6	0	8	0	0	0	15	0	1	0	0	0	2	2	0	0	0	0	2	0	0	0	0	0	0	0	0	0	0
119461	12 Oct 25	11:05:00	1	0	60	0	Ct	0	1	0	0	0	1	0	0	0	0	0	18	0	1	0	0	0	2	0	0	0	10	0	0	0	0	0	0	0	0	0	0	0	0
119462	12 Oct 25	11:06:00	1	0	60	0	Ct	0	1	0	0	0	0	0	0	0	0	0	13	2	1	0	0	0	1	0	0	0	2	0	0	0	0	0	0	0	0	0	0	0	0
119463	12 Oct 25	11:07:00	1	0	60	0	Ct	0	1	0	0	1	0	0	0	0	0	0	0	0	2	0	0	0	3	0	0	0	0	0	0	0	0	0	0	0	0	0	0	0	0
119464	12 Oct 25	11:08:00	1	0	60	0	Ct	0	1	0	0	1	0	0	0	0	0	0	1	0	1	0	0	0	0	1	0	0	0	0	1	0	0	0	0	0	0	0	0	0	0
119465	12 Oct 25	11:09:00	1	0	60	0	Ct	0	1	0	0	1	3	0	0	0	0	0	4	0	1	0	0	0	0	6	0	0	0	0	2	0	0	0	0	0	0	0	0	0	0
119466	12 Oct 25	11:10:00	1	0	60	0	Ct	0	1	0	0	1	0	0	0	0	0	0	1	0	1	0	0	3	2	3	0	0	0	0	0	0	0	0	0	0	0	0	0	0	0
119467	12 Oct 25	11:11:00	1	0	60	0	Ct	0	1	0	0	0	0	0	0	0	0	0	3	0	2	0	0	0	4	0	0	0	0	0	0	0	0	0	0	0	0	0	0	0	0
119468	12 Oct 25	11:12:00	1	0	60	0	Ct	0	1	0	0	1	0	0	0	0	0	0	1	4	1	0	0	0	1	0	0	0	0	0	1	0	0	0	0	0	0	0	0	0	0
119469	12 Oct 25	11:13:00	1	0	60	0	Ct	0	1	0	0	3	0	0	0	0	3	0	0	1	1	0	0	0	2	0	0	0	0	0	0	0	0	0	0	0	0	0	0	0	0
119470	12 Oct 25	11:14:00	1	0	60	0	Ct	0	1	0	0	2	0	0	0	0	1	0	0	0	1	0	0	4	1	0	0	0	0	0	2	0	0	0	0	0	0	0	0	0	0
119471	12 Oct 25	11:15:00	1	0	60	0	Ct	0	1	0	0	0	0	0	0	0	2	0	0	0	4	0	0	5	2	0	0	0	0	0	2	0	0	0	0	0	0	0	0	0	0
119472	12 Oct 25	11:16:00	1	0	60	0	Ct	0	1	0	0	2	0	0	0	0	0	0	0	0	4	0	0	4	1	0	0	0	0	0	0	0	0	0	0	0	0	0	0	0	0
119473	12 Oct 25	11:17:00	1	0	60	0	Ct	0	1	0	0	0	0	0	0	0	0	0	0	0	12	0	0	0	1	0	0	0	0	0	1	0	0	0	0	0	0	0	0	0	0
119474	12 Oct 25	11:18:00	1	0	60	0	Ct	0	1	0	0	1	0	0	0	0	1	0	0	0	26	0	0	0	1	0	0	0	0	0	0	0	0	0	0	0	0	0	0	0	0
119475	12 Oct 25	11:19:00	1	0	60	0	Ct	0	1	0	0	2	0	0	0	0	0	0	0	0	12	0	0	1	1	0	0	0	1	0	3	0	0	0	0	0	0	0	0	0	0
119476	12 Oct 25	11:20:00	1	0	60	0	Ct	0	1	0	0	5	0	0	0	0	0	0	0	0	1	0	0	0	3	0	0	0	1	0	0	0	0	0	0	0	0	0	0	0	0
119477	12 Oct 25	11:21:00	1	0	60	0	Ct	0	1	0	0	1	0	0	0	0	0	0	0	0	2	0	0	1	1	0	0	0	0	0	1	0	0	0	0	0	0	0	0	0	0
119478	12 Oct 25	11:22:00	1	0	60	0	Ct	0	1	0	0	3	0	0	0	0	0	0	0	0	1	0	0	2	2	0	0	0	0	0	0	0	0	0	0	0	0	0	0	0	0
119479	12 Oct 25	11:23:00	1	0	60	0	Ct	0	1	0	0	0	0	0	0	0	0	0	0	0	3	0	0	1	2	0	0	0	2	0	0	0	0	0	0	0	0	0	0	0	0
119480	12 Oct 25	11:24:00	1	0	60	0	Ct	0	1	0	0	1	0	0	0	0	0	0	0	0	1	0	0	2	3	0	0	0	4	0	0	0	0	0	0	0	4	0	0	0	0
119481	12 Oct 25	11:25:00	1	0	60	0	Ct	0	1	0	0	3	0	0	0	0	0	0	0	0	3	0	0	0	1	0	0	0	0	0	0	0	0	0	0	0	9	0	0	0	0
119482	12 Oct 25	11:26:00	1	0	60	0	Ct	0	1	0	0	3	0	0	0	0	0	0	0	0	1	0	0	2	1	0	0	0	0	0	0	0	0	0	0	0	1	0	0	0	0
119483	12 Oct 25	11:27:00	1	0	60	0	Ct	0	1	0	0	2	0	0	0	0	0	0	5	0	2	0	0	1	2	0	0	0	0	0	0	0	0	0	0	0	0	0	0	0	0
119484	12 Oct 25	11:28:00	1	0	60	0	Ct	0	1	0	0	9	0	0	0	0	0	0	22	0	0	0	0	1	1	0	0	0	0	0	0	0	0	0	0	0	0	0	0	0	0
119485	12 Oct 25	11:29:00	1	0	60	0	Ct	0	1	0	0	10	0	0	0	0	2	0	32	0	1	0	0	0	1	0	0	0	0	0	0	0	0	0	0	0	0	0	0	0	0
119486	12 Oct 25	11:30:00	1	0	60	0	Ct	0	1	0	0	0	0	0	0	0	0	0	0	0	1	0	0	2	4	0	0	0	0	0	2	0	0	0	0	0	0	0	0	0	0
119487	12 Oct 25	11:31:00	1	0	60	0	Ct	0	1	0	0	1	0	0	0	0	0	0	0	0	12	0	0	2	1	0	0	0	0	0	1	0	0	0	0	0	0	0	0	0	0
119488	12 Oct 25	11:32:00	1	0	60	0	Ct	0	1	0	0	1	0	0	0	0	0	0	0	0	10	0	0	0	3	0	0	0	0	0	0	0	0	0	0	0	0	0	0	0	0
119489	12 Oct 25	11:33:00	1	0	60	0	Ct	0	1	0	0	2	2	0	2	0	1	0	0	0	13	0	0	0	1	0	0	0	0	0	1	0	0	0	0	0	0	0	0	0	0
119490	12 Oct 25	11:34:00	1	0	60	0	Ct	0	1	0	0	1	2	0	1	0	0	0	10	0	1	0	0	0	0	0	0	0	0	0	1	0	0	0	0	0	0	0	0	0	0
119491	12 Oct 25	11:35:00	1	0	60	0	Ct	0	1	0	0	0	0	0	2	0	2	0	11	0	5	0	0	1	3	0	0	0	0	0	1	0	0	0	0	0	1	0	0	0	0
119492	12 Oct 25	11:36:00	1	0	60	0	Ct	0	1	0	0	1	7	0	1	0	1	0	0	0	0	0	0	0	1	1	0	0	0	0	0	0	0	0	0	0	7	0	0	0	0
119493	12 Oct 25	11:37:00	1	0	60	0	Ct	0	1	0	0	0	0	0	0	0	0	0	0	0	0	0	0	3	0	0	0	0	0	0	3	0	0	0	0	0	40	0	0	0	0
119494	12 Oct 25	11:38:00	1	0	60	0	Ct	0	1	0	0	1	0	0	1	0	0	0	0	0	3	0	0	0	2	0	0	0	0	0	0	0	0	0	0	0	32	0	0	0	0
119495	12 Oct 25	11:39:00	1	0	60	0	Ct	0	1	0	0	2	0	0	2	0	0	0	0	0	1	0	0	0	2	2	0	0	0	0	1	0	0	0	0	0	8	0	0	0	0
119496	12 Oct 25	11:40:00	1	0	60	0	Ct	0	1	0	0	1	2	0	0	0	0	0	0	0	2	0	0	0	1	0	0	0	0	0	1	0	0	0	0	0	0	0	0	0	0
119497	12 Oct 25	11:41:00	1	0	60	0	Ct	0	1	0	0	3	0	0	0	0	0	0	0	0	1	0	0	0	1	0	0	0	0	0	1	0	0	0	0	0	4	0	0	2	0
119498	12 Oct 25	11:42:00	1	0	60	0	Ct	0	1	0	0	1	0	0	0	1	0	0	0	0	1	0	0	0	2	0	0	0	0	0	1	0	0	0	0	0	0	0	0	0	0
119499	12 Oct 25	11:43:00	1	0	60	0	Ct	0	1	0	0	0	0	0	0	2	0	0	0	0	1	0	0	0	0	0	0	0	0	0	4	0	0	0	0	0	0	0	0	0	0
119500	12 Oct 25	11:44:00	1	0	60	0	Ct	0	1	0	0	2	0	0	0	2	0	0	0	0	2	0	0	0	0	0	0	0	0	0	2	0	0	0	0	0	0	0	0	0	0
119501	12 Oct 25	11:45:00	1	0	60	0	Ct	0	1	1	0	1	1	0	0	2	0	0	0	0	4	0	0	0	0	0	0	0	0	0	0	0	0	0	0	0	0	0	0	2	0
119502	12 Oct 25	11:46:00	1	0	60	0	Ct	0	1	0	0	1	3	0	0	0	0	0	0	0	1	0	0	0	1	0	0	0	0	0	0	0	0	0	0	0	0	0	0	0	0
119503	12 Oct 25	11:47:00	1	0	60	0	Ct	0	1	3	0	1	2	0	0	0	1	0	0	0	0	0	0	0	2	0	0	0	0	0	2	0	0	0	0	0	0	0	0	0	0
119504	12 Oct 25	11:48:00	1	0	60	0	Ct	0	1	1	0	2	0	0	0	0	2	0	0	0	0	0	0	0	0	0	0	0	0	0	0	0	0	0	0	0	0	0	0	0	0
119505	12 Oct 25	11:49:00	1	0	60	0	Ct	0	1	1	0	5	6	0	0	0	0	0	0	0	1	0	0	0	2	0	0	0	0	0	0	0	0	0	0	0	0	0	0	0	0
119506	12 Oct 25	11:50:00	1	0	60	0	Ct	0	1	1	0	3	2	0	0	0	2	0	0	0	11	0	0	0	2	0	0	0	0	0	0	0	0	0	0	0	0	0	0	0	0
119507	12 Oct 25	11:51:00	1	0	60	0	Ct	0	1	0	0	2	2	0	0	0	0	0	0	2	3	0	0	0	3	0	0	0	0	0	0	0	0	0	0	0	0	0	0	0	0
119508	12 Oct 25	11:52:00	1	0	60	0	Ct	0	1	1	0	2	0	0	0	0	2	0	0	0	1	0	0	0	2	0	0	0	0	0	2	0	0	0	0	0	0	0	0	0	0
119509	12 Oct 25	11:53:00	1	0	60	0	Ct	0	1	1	0	1	0	0	0	0	0	0	0	0	3	0	0	0	1	3	0	0	0	0	9	0	0	0	0	0	0	0	0	0	0
119510	12 Oct 25	11:54:00	1	0	60	0	Ct	0	1	2	0	2	0	0	0	0	0	0	0	0	0	0	0	0	0	0	0	0	0	0	2	0	0	0	0	0	0	0	0	0	0
119511	12 Oct 25	11:55:00	1	0	60	0	Ct	0	1	0	0	0	0	0	0	0	0	0	8	0	1	0	0	0	1	1	0	0	0	0	0	0	0	0	0	0	0	0	0	0	0
119512	12 Oct 25	11:56:00	1	0	60	0	Ct	0	1	2	0	1	0	0	0	0	0	0	0	0	1	0	0	0	2	0	0	0	0	0	0	0	0	0	0	0	0	0	0	0	0
119513	12 Oct 25	11:57:00	1	0	60	0	Ct	0	1	1	0	1	0	0	0	0	0	0	0	0	2	0	0	0	0	0	0	0	0	4	1	0	0	0	0	0	0	0	0	0	0
119514	12 Oct 25	11:58:00	1	0	60	0	Ct	0	1	1	0	0	0	0	0	0	0	0	0	0	0	0	0	0	0	1	0	0	0	0	2	0	0	0	0	0	0	0	0	0	0
119515	12 Oct 25	11:59:00	1	0	60	0	Ct	0	1	2	0	0	0	0	0	0	0	0	0	0	0	0	0	0	0	1	0	0	0	2	0	0	0	0	0	0	0	0	0	0	0
119516	12 Oct 25	12:00:00	1	0	60	0	Ct	0	1	0	0	0	0	0	0	0	0	0	0	0	0	0	0	0	1	4	0	0	0	1	0	0	0	0	0	0	0	0	0	0	0
119517	12 Oct 25	12:01:00	1	0	60	0	Ct	0	1	3	0	0	0	0	0	0	0	0	0	0	1	0	0	0	2	2	0	0	0	2	0	0	0	0	0	0	0	0	0	0	0
119518	12 Oct 25	12:02:00	1	0	60	0	Ct	0	1	0	0	1	0	0	0	0	0	0	0	0	4	0	0	0	1	2	0	0	0	2	0	0	0	0	0	0	6	0	0	0	0
119519	12 Oct 25	12:03:00	1	0	60	0	Ct	0	1	1	0	1	0	0	0	0	0	0	0	0	1	0	0	0	2	2	0	0	0	1	1	0	0	0	0	1	0	0	0	0	0
119520	12 Oct 25	12:04:00	1	0	60	0	Ct	0	1	0	0	1	0	0	0	0	0	0	0	0	5	0	0	0	2	3	0	0	0	2	0	0	0	0	0	1	0	0	0	0	0
119521	12 Oct 25	12:05:00	1	0	60	0	Ct	0	1	1	0	3	0	0	0	0	0	0	0	0	2	0	0	0	1	2	0	0	0	0	1	0	0	0	0	0	0	0	0	0	0
119522	12 Oct 25	12:06:00	1	0	60	0	Ct	0	1	1	0	9	0	0	3	0	0	0	0	0	2	0	0	0	2	2	0	0	0	0	2	0	0	0	0	0	3	0	0	0	0
119523	12 Oct 25	12:07:00	1	0	60	0	Ct	0	1	0	0	3	0	0	2	0	0	0	0	0	0	0	0	0	0	3	0	0	0	0	0	0	0	0	0	0	0	0	0	0	0
119524	12 Oct 25	12:08:00	1	0	60	0	Ct	0	1	3	0	1	1	0	0	0	0	0	0	0	1	0	0	0	1	3	0	0	0	0	0	0	0	0	0	0	0	0	0	0	0
119525	12 Oct 25	12:09:00	1	0	60	0	Ct	0	1	2	0	0	2	0	2	0	0	0	0	0	1	0	0	0	2	2	0	0	0	0	0	0	0	0	0	0	0	0	0	0	0
119526	12 Oct 25	12:10:00	1	0	60	0	Ct	0	1	0	0	0	0	0	0	0	0	0	0	0	0	0	0	0	2	2	0	0	1	2	0	0	0	0	0	0	0	0	0	0	0
119527	12 Oct 25	12:11:00	1	0	60	0	Ct	0	1	1	0	0	0	0	0	0	0	0	0	0	2	0	0	0	0	2	0	0	3	0	0	0	0	0	0	0	0	0	0	0	0
119528	12 Oct 25	12:12:00	1	0	60	0	Ct	0	1	1	0	0	0	0	1	0	0	0	0	0	4	0	0	0	0	2	0	0	2	0	0	0	0	0	0	0	0	0	0	0	0
119529	12 Oct 25	12:13:00	1	0	60	0	Ct	0	1	1	0	1	0	0	1	0	1	0	0	0	1	0	0	0	0	1	0	0	1	3	0	0	0	0	0	0	0	0	0	0	0
119530	12 Oct 25	12:14:00	1	0	60	0	Ct	0	1	1	0	1	3	0	0	0	1	0	0	0	4	0	0	0	0	3	0	0	1	0	0	0	0	0	0	0	7	0	0	0	0
119531	12 Oct 25	12:15:00	1	0	60	0	Ct	0	1	1	0	0	0	0	0	0	0	0	0	0	0	0	0	0	1	2	0	0	0	0	0	0	0	0	0	0	6	0	0	0	0
119532	12 Oct 25	12:16:00	1	0	60	0	Ct	0	1	1	2	4	2	0	1	0	0	0	0	0	2	0	0	0	3	2	0	0	0	0	0	0	0	0	0	0	10	0	0	0	0
119533	12 Oct 25	12:17:00	1	0	60	0	Ct	0	1	0	0	9	3	0	11	0	0	0	0	0	0	0	0	0	1	0	0	0	8	2	0	0	0	0	0	0	2	0	0	0	0
119534	12 Oct 25	12:18:00	1	0	60	0	Ct	0	1	0	0	7	1	0	1	0	0	0	0	0	0	0	0	0	3	1	0	0	1	0	0	0	0	0	0	0	0	0	0	0	0
119535	12 Oct 25	12:19:00	1	0	60	0	Ct	0	1	2	0	0	0	0	0	0	1	0	0	0	0	0	0	0	1	2	0	0	1	0	0	0	0	0	0	0	5	0	0	0	0
119536	12 Oct 25	12:20:00	1	0	60	0	Ct	0	1	0	0	0	0	0	1	0	0	0	0	0	0	0	0	0	1	2	0	0	2	0	1	0	0	0	0	0	0	0	0	0	0
119537	12 Oct 25	12:21:00	1	0	60	0	Ct	0	1	1	0	0	0	0	1	1	0	0	0	0	0	0	0	0	1	2	0	0	3	0	0	0	0	0	0	0	0	0	0	0	0
119538	12 Oct 25	12:22:00	1	0	60	0	Ct	0	1	0	0	0	0	0	2	0	0	0	0	0	0	0	0	0	3	3	0	0	0	4	0	0	0	0	0	0	0	0	0	0	0
119539	12 Oct 25	12:23:00	1	0	60	0	Ct	0	1	1	0	0	0	0	0	0	0	0	0	0	0	0	0	0	2	0	0	0	2	0	0	0	0	0	0	0	0	0	0	0	0
119540	12 Oct 25	12:24:00	1	0	60	0	Ct	0	1	2	0	2	0	0	0	0	1	0	0	0	0	0	0	0	0	1	0	0	1	0	0	0	0	0	0	0	0	0	0	0	0
119541	12 Oct 25	12:25:00	1	0	60	0	Ct	0	1	3	0	0	0	0	1	0	1	0	0	0	0	0	0	0	0	1	0	0	0	0	1	0	0	0	0	0	0	0	0	0	0
119542	12 Oct 25	12:26:00	1	0	60	0	Ct	0	1	0	0	0	0	0	1	0	0	0	0	0	0	0	0	0	0	1	0	0	0	0	1	0	0	0	0	0	0	0	0	0	0
119543	12 Oct 25	12:27:00	1	0	60	0	Ct	0	1	0	0	0	0	0	0	0	0	0	0	0	0	0	1	0	0	3	0	0	3	0	0	0	0	0	0	0	0	0	0	0	0
119544	12 Oct 25	12:28:00	1	0	60	0	Ct	0	1	2	0	0	0	0	2	0	2	0	0	0	0	0	1	0	0	2	0	0	1	0	0	0	0	0	0	0	0	0	0	0	0
119545	12 Oct 25	12:29:00	1	0	60	0	Ct	0	1	0	0	0	0	0	1	0	2	0	0	0	0	0	0	0	0	2	0	0	0	0	0	0	0	0	0	0	0	0	0	0	0
119546	12 Oct 25	12:30:00	1	0	60	0	Ct	0	1	4	0	0	0	0	3	0	2	0	0	0	0	0	0	0	0	2	0	0	0	0	0	0	0	0	0	0	0	0	0	0	0
119547	12 Oct 25	12:31:00	1	0	60	0	Ct	0	1	2	0	0	0	0	1	0	0	0	0	0	0	0	0	0	0	2	0	0	0	0	0	0	0	0	0	0	0	0	0	0	0
119548	12 Oct 25	12:32:00	1	0	60	0	Ct	0	1	0	0	0	0	0	0	0	0	0	0	0	0	0	0	0	0	2	0	0	0	0	0	0	0	0	0	0	0	0	0	0	0
119549	12 Oct 25	12:33:00	1	0	60	0	Ct	0	1	2	0	0	4	0	1	0	0	0	0	0	2	0	0	0	0	2	0	0	0	0	0	0	0	0	0	0	0	0	0	0	0
119550	12 Oct 25	12:34:00	1	0	60	0	Ct	0	1	1	0	2	1	0	0	0	0	0	0	0	2	0	0	0	0	2	0	0	0	0	0	0	0	0	0	0	0	0	0	0	0
119551	12 Oct 25	12:35:00	1	0	60	0	Ct	0	1	3	0	1	2	0	0	0	0	0	0	0	1	0	0	0	0	1	0	0	1	0	0	0	0	0	0	0	0	0	0	0	0
119552	12 Oct 25	12:36:00	1	0	60	0	Ct	0	1	0	0	1	4	0	0	1	0	0	0	0	1	0	0	0	1	0	0	0	1	0	0	0	0	0	0	0	0	0	0	0	0
119553	12 Oct 25	12:37:00	1	0	60	0	Ct	0	1	2	0	2	0	0	0	2	4	0	0	0	3	0	0	0	0	2	0	0	0	0	0	0	0	0	0	0	0	0	0	0	0
119554	12 Oct 25	12:38:00	1	0	60	0	Ct	0	1	0	0	2	0	0	0	10	0	0	0	0	3	0	0	0	0	0	0	0	0	0	0	0	0	0	0	0	0	0	0	0	0
119555	12 Oct 25	12:39:00	1	0	60	0	Ct	0	1	0	0	2	7	0	0	16	0	0	0	0	1	0	0	0	0	1	0	0	0	1	0	0	0	0	0	0	0	0	0	0	0
119556	12 Oct 25	12:40:00	1	0	60	0	Ct	0	1	3	0	0	2	0	0	8	0	0	0	0	2	0	0	0	0	1	0	0	0	2	0	0	0	0	0	0	0	0	0	0	0
119557	12 Oct 25	12:41:00	1	0	60	0	Ct	0	1	2	0	1	0	0	0	2	0	0	0	0	0	0	0	0	1	1	0	0	1	0	0	0	0	0	0	0	0	0	0	0	0
119558	12 Oct 25	12:42:00	1	0	60	0	Ct	0	1	2	0	2	0	0	0	0	0	0	0	0	1	0	0	0	0	1	0	0	0	0	0	0	0	0	0	0	0	0	0	0	0
119559	12 Oct 25	12:43:00	1	0	60	0	Ct	0	1	0	0	1	0	0	0	0	0	0	0	0	2	0	0	0	0	1	0	0	1	0	0	0	0	0	0	0	0	0	0	0	0
119560	12 Oct 25	12:44:00	1	0	60	0	Ct	0	1	0	0	1	0	0	0	0	0	0	0	0	0	0	0	0	0	6	0	0	2	2	0	0	0	0	0	0	0	0	0	0	0
119561	12 Oct 25	12:45:00	1	0	60	0	Ct	0	1	0	0	6	0	0	0	0	0	0	0	0	0	0	0	0	0	2	0	0	1	2	0	0	0	0	0	0	0	0	0	0	0
119562	12 Oct 25	12:46:00	1	0	60	0	Ct	0	1	0	0	2	0	0	0	0	0	0	0	0	0	0	0	0	0	3	0	0	1	2	0	0	0	0	0	0	0	0	0	0	0
119563	12 Oct 25	12:47:00	1	0	60	0	Ct	0	1	0	0	1	0	0	0	0	0	0	0	0	0	0	0	0	0	2	0	0	0	2	0	0	0	0	0	0	0	0	0	0	0
119564	12 Oct 25	12:48:00	1	0	60	0	Ct	0	1	0	0	0	0	0	0	0	0	0	0	0	0	0	0	0	0	0	0	2	0	0	0	0	0	0	0	0	0	0	0	0	0
119565	12 Oct 25	12:49:00	1	0	60	0	Ct	0	1	0	0	0	0	0	0	0	0	0	0	0	0	0	0	0	0	2	0	0	0	1	0	0	0	0	0	0	0	0	0	0	0
119566	12 Oct 25	12:50:00	1	0	60	0	Ct	0	1	0	0	0	0	0	0	0	0	0	0	0	0	0	0	0	0	1	0	3	0	1	0	0	0	0	0	0	0	0	0	0	0
119567	12 Oct 25	12:51:00	1	0	60	0	Ct	0	1	0	0	0	0	0	0	0	0	0	0	0	0	0	0	0	0	2	0	0	0	0	0	0	0	0	0	0	0	0	0	0	0
119568	12 Oct 25	12:52:00	1	0	60	0	Ct	0	1	0	0	0	0	0	0	0	0	0	0	0	0	0	0	0	2	1	0	1	0	0	0	0	0	0	0	0	2	0	0	0	0
119569	12 Oct 25	12:53:00	1	0	60	0	Ct	0	1	0	0	0	0	0	0	0	2	0	0	0	0	0	0	0	1	0	0	1	0	0	0	0	0	0	0	0	26	0	0	0	0
119570	12 Oct 25	12:54:00	1	0	60	0	Ct	0	1	0	0	0	0	0	0	0	2	0	0	0	0	0	0	0	0	1	0	2	0	0	0	0	0	0	0	0	24	0	0	0	0
119571	12 Oct 25	12:55:00	1	0	60	0	Ct	0	1	0	0	0	0	0	0	0	0	0	0	0	0	0	0	0	0	2	0	3	0	0	0	0	0	0	0	0	3	0	0	0	0
119572	12 Oct 25	12:56:00	1	0	60	0	Ct	0	1	0	0	0	0	0	0	2	0	0	0	0	1	0	0	0	0	1	0	3	0	0	0	0	0	0	0	0	1	0	0	0	0
119573	12 Oct 25	12:57:00	1	0	60	0	Ct	0	1	0	0	0	0	0	0	0	0	0	0	1	0	0	0	0	0	0	0	2	2	0	0	0	0	0	0	0	0	0	0	0	0
119574	12 Oct 25	12:58:00	1	0	60	0	Ct	0	1	0	0	1	0	0	0	0	0	0	0	0	7	0	0	0	5	1	0	5	0	0	0	0	0	0	0	0	1	0	0	0	0
119575	12 Oct 25	12:59:00	1	0	60	0	Ct	0	1	0	0	0	0	0	0	0	0	0	0	0	8	0	0	0	24	4	0	3	2	0	0	0	0	0	0	0	0	0	0	0	0
119576	12 Oct 25	13:00:00	1	0	60	0	Ct	0	1	0	0	1	0	0	0	0	0	0	0	0	4	0	0	0	26	2	0	1	2	0	0	0	0	0	0	0	8	0	0	0	0
119577	12 Oct 25	13:01:00	1	0	60	0	Ct	0	1	0	0	3	0	0	0	0	0	0	0	0	1	0	0	0	32	2	0	3	1	0	0	0	0	0	0	0	0	0	0	0	0
119578	12 Oct 25	13:02:00	1	0	60	0	Ct	0	1	0	0	0	0	0	0	0	0	0	0	0	1	0	0	0	7	7	0	1	3	0	0	0	0	0	0	0	0	0	0	0	0
119579	12 Oct 25	13:03:00	1	0	60	0	Ct	0	1	0	0	1	0	0	0	0	0	0	0	0	2	0	0	0	3	4	0	3	3	0	0	0	0	0	0	0	0	0	0	0	0
119580	12 Oct 25	13:04:00	1	0	60	0	Ct	0	1	0	0	1	0	0	2	0	0	0	0	0	2	0	0	0	1	2	0	3	3	2	0	0	0	0	0	0	1	0	0	0	0
119581	12 Oct 25	13:05:00	1	0	60	0	Ct	0	1	0	0	1	0	0	6	0	0	0	0	0	1	0	0	0	2	1	0	4	0	0	0	0	0	0	0	0	0	0	0	0	0
119582	12 Oct 25	13:06:00	1	0	60	0	Ct	0	1	0	0	0	0	0	0	0	0	0	0	0	2	0	0	0	1	1	0	3	5	0	0	0	0	0	0	0	0	0	0	0	0
119583	12 Oct 25	13:07:00	1	0	60	0	Ct	0	1	1	0	1	0	0	0	0	0	0	0	0	1	0	0	0	1	1	0	2	1	0	0	0	0	0	0	0	0	0	0	0	0
119584	12 Oct 25	13:08:00	1	0	60	0	Ct	0	1	1	0	1	0	0	0	0	1	0	0	0	1	0	0	0	2	2	0	1	0	0	0	0	0	0	0	0	0	0	0	0	0
119585	12 Oct 25	13:09:00	1	0	60	0	Ct	0	1	2	0	0	0	0	0	0	0	0	0	0	4	0	0	0	2	1	0	1	0	0	0	0	0	0	0	0	2	0	0	0	0
119586	12 Oct 25	13:10:00	1	0	60	0	Ct	0	1	1	0	0	0	0	0	0	0	0	0	0	3	0	0	0	0	1	0	2	0	0	0	0	0	0	0	0	2	0	0	0	0
119587	12 Oct 25	13:11:00	1	0	60	0	Ct	0	1	1	0	2	0	0	0	0	0	0	0	0	5	0	0	0	1	2	0	3	0	0	0	0	0	0	0	0	11	0	0	0	0
119588	12 Oct 25	13:12:00	1	0	60	0	Ct	0	1	0	0	2	0	0	0	0	0	0	0	0	1	0	0	0	1	0	0	2	0	0	0	0	0	0	0	0	21	0	0	0	0
119589	12 Oct 25	13:13:00	1	0	60	0	Ct	0	1	2	0	2	0	0	0	0	0	0	0	0	2	0	0	1	0	4	0	2	0	0	0	0	0	0	0	0	1	0	0	0	0
119590	12 Oct 25	13:14:00	1	0	60	0	Ct	0	1	1	0	0	0	0	0	0	1	0	0	0	1	0	0	2	0	1	0	3	0	0	0	0	0	0	0	0	2	0	0	0	0
119591	12 Oct 25	13:15:00	1	0	60	0	Ct	0	1	0	0	0	0	0	0	0	0	0	0	0	1	0	0	5	0	0	0	3	1	3	0	0	0	0	0	0	3	0	0	0	0
119592	12 Oct 25	13:16:00	1	0	60	0	Ct	0	1	0	0	3	0	0	0	0	0	0	0	0	1	0	0	0	0	1	0	3	1	0	0	0	0	0	0	0	4	0	0	0	0
119593	12 Oct 25	13:17:00	1	0	60	0	Ct	0	1	0	0	2	0	0	0	3	0	0	0	0	0	0	0	0	0	1	0	3	0	0	0	0	0	0	0	0	5	0	0	0	0
119594	12 Oct 25	13:18:00	1	0	60	0	Ct	0	1	1	0	0	0	0	0	17	0	0	0	0	0	0	0	0	0	0	0	0	0	2	0	0	0	0	0	0	0	0	0	0	0
119595	12 Oct 25	13:19:00	1	0	60	0	Ct	0	1	0	0	2	3	0	0	19	0	0	0	0	3	0	0	0	1	1	0	2	5	0	0	0	0	0	0	0	0	0	0	0	0
119596	12 Oct 25	13:20:00	1	0	60	0	Ct	0	1	1	0	0	3	0	0	1	0	0	0	0	0	0	0	0	0	1	0	4	2	0	0	0	0	0	0	0	0	0	0	0	0
119597	12 Oct 25	13:21:00	1	0	60	0	Ct	0	1	0	0	0	0	0	0	0	0	0	0	0	0	0	0	0	0	2	0	2	0	0	0	0	0	0	0	0	0	0	0	0	0
119598	12 Oct 25	13:22:00	1	0	60	0	Ct	0	1	2	0	0	6	0	0	0	0	0	0	0	0	0	0	0	1	0	0	2	0	0	0	0	0	0	0	0	0	0	0	0	0
119599	12 Oct 25	13:23:00	1	0	60	0	Ct	0	1	0	0	0	7	0	0	0	0	0	0	0	0	0	0	0	0	1	0	2	0	0	0	0	0	0	0	0	0	0	0	0	0
119600	12 Oct 25	13:24:00	1	0	60	0	Ct	0	1	0	0	0	0	0	0	0	0	0	0	0	0	0	0	0	1	1	0	2	0	0	0	0	0	0	0	0	0	0	0	0	0
119601	12 Oct 25	13:25:00	1	0	60	0	Ct	0	1	0	0	0	0	0	0	0	0	0	0	0	0	0	0	0	1	3	0	3	0	0	0	0	0	0	0	0	0	0	0	0	0
119602	12 Oct 25	13:26:00	1	0	60	0	Ct	0	1	0	0	0	0	0	0	0	0	0	0	0	3	0	0	0	0	2	0	3	0	0	0	0	0	0	0	0	0	0	0	0	0
119603	12 Oct 25	13:27:00	1	0	60	0	Ct	0	1	0	0	0	2	0	0	0	0	0	0	0	0	0	0	0	1	2	0	1	0	0	0	0	0	0	0	0	0	0	0	0	0
119604	12 Oct 25	13:28:00	1	0	60	0	Ct	0	1	0	0	0	3	0	0	0	0	0	0	0	0	0	0	0	1	1	0	2	0	0	0	0	0	0	0	0	0	0	0	0	0
119605	12 Oct 25	13:29:00	1	0	60	0	Ct	0	1	0	0	0	1	0	0	0	0	0	0	0	0	0	0	0	0	2	0	1	0	0	0	0	0	0	0	0	0	0	0	0	0
119606	12 Oct 25	13:30:00	1	0	60	0	Ct	0	1	0	0	0	1	0	0	4	0	0	0	0	0	0	0	0	0	2	0	4	0	2	0	0	0	0	0	0	0	0	0	0	0
119607	12 Oct 25	13:31:00	1	0	60	0	Ct	0	1	0	0	0	0	0	0	0	0	0	0	0	0	0	0	0	0	2	0	4	0	2	0	0	0	0	0	0	0	0	0	0	0
119608	12 Oct 25	13:32:00	1	0	60	0	Ct	0	1	0	0	0	2	0	0	0	0	0	0	0	0	0	0	0	0	3	0	1	0	2	0	0	0	0	0	0	0	0	0	0	0
119609	12 Oct 25	13:33:00	1	0	60	0	Ct	0	1	0	0	1	0	0	0	0	0	0	0	0	4	0	0	0	1	0	0	2	0	0	0	0	0	0	0	0	0	0	0	0	0
119610	12 Oct 25	13:34:00	1	0	60	0	Ct	0	1	0	0	1	0	0	0	2	0	0	0	0	4	0	0	0	0	2	0	3	0	0	0	0	0	0	0	0	0	0	0	0	0
119611	12 Oct 25	13:35:00	1	0	60	0	Ct	0	1	0	0	0	0	0	0	1	1	0	0	0	0	0	0	0	1	0	0	3	0	0	0	0	0	0	0	0	0	0	0	0	0
119612	12 Oct 25	13:36:00	1	0	60	0	Ct	0	1	0	0	0	0	0	0	0	1	0	0	0	0	0	0	0	1	0	0	1	0	0	0	0	0	0	0	0	0	0	0	0	0
119613	12 Oct 25	13:37:00	1	0	60	0	Ct	0	1	0	0	0	0	0	0	0	0	0	0	0	0	0	0	0	1	0	0	0	0	0	0	0	0	0	0	0	0	0	0	0	0
119614	12 Oct 25	13:38:00	1	0	60	0	Ct	0	1	0	0	0	0	0	0	0	5	0	0	0	0	0	0	0	0	0	0	0	0	0	0	0	0	0	0	0	2	0	0	0	0
119615	12 Oct 25	13:39:00	1	0	60	0	Ct	0	1	0	0	0	0	0	0	0	2	0	0	0	0	0	0	0	0	0	0	0	0	0	0	0	0	0	0	0	0	0	0	0	0
119616	12 Oct 25	13:40:00	1	0	60	0	Ct	0	1	0	0	0	0	0	0	0	2	0	0	0	0	0	0	0	0	0	0	0	0	0	0	0	0	0	0	0	0	0	0	0	0
119617	12 Oct 25	13:41:00	1	0	60	0	Ct	0	1	0	0	0	0	0	0	0	0	0	0	0	0	0	0	0	1	0	0	0	0	0	0	0	0	0	0	0	0	0	0	0	0
119618	12 Oct 25	13:42:00	1	0	60	0	Ct	0	1	0	0	0	0	0	0	0	1	0	0	0	0	0	0	0	0	0	0	0	0	0	0	0	0	0	0	0	0	0	0	0	0
119619	12 Oct 25	13:43:00	1	0	60	0	Ct	0	1	0	0	0	0	0	0	0	0	0	0	0	0	0	0	0	0	0	0	0	0	0	0	0	0	0	0	0	0	0	0	0	0
119620	12 Oct 25	13:44:00	1	0	60	0	Ct	0	1	0	0	0	0	0	0	0	2	0	0	0	0	0	0	0	0	0	0	0	0	0	0	0	0	0	0	0	0	0	0	0	0
119621	12 Oct 25	13:45:00	1	0	60	0	Ct	0	1	0	0	2	0	0	0	0	0	0	0	0	0	0	0	0	0	0	0	0	0	0	0	0	0	0	0	0	0	0	0	0	0
119622	12 Oct 25	13:46:00	1	0	60	0	Ct	0	1	0	0	3	0	0	0	0	0	0	0	0	0	0	0	0	1	0	0	0	0	0	0	0	0	0	0	0	0	0	0	0	0
119623	12 Oct 25	13:47:00	1	0	60	0	Ct	0	1	0	0	1	0	0	0	0	0	0	0	0	0	0	0	1	0	0	0	0	0	2	0	0	0	0	0	0	0	0	0	0	0
119624	12 Oct 25	13:48:00	1	0	60	0	Ct	0	1	0	1	0	0	0	0	0	0	0	0	0	0	0	0	0	0	0	0	0	0	0	0	0	0	0	0	0	0	0	0	0	0
119625	12 Oct 25	13:49:00	1	0	60	0	Ct	0	1	0	0	0	0	0	0	0	0	0	0	0	0	0	0	0	0	0	0	0	0	0	0	0	0	0	0	0	0	0	0	0	0
119626	12 Oct 25	13:50:00	1	0	60	0	Ct	0	1	0	0	0	0	0	0	0	0	0	0	0	0	0	0	0	0	0	0	1	0	2	0	0	0	0	0	0	0	0	0	0	0
119627	12 Oct 25	13:51:00	1	0	60	0	Ct	0	1	0	0	1	0	0	0	0	0	0	0	0	0	0	0	0	0	0	0	3	0	0	0	0	0	0	0	0	0	0	0	0	0
119628	12 Oct 25	13:52:00	1	0	60	0	Ct	0	1	0	0	3	0	0	0	0	0	0	0	0	0	0	0	0	0	0	0	1	0	0	0	0	0	0	0	0	0	0	0	0	0
119629	12 Oct 25	13:53:00	1	0	60	0	Ct	0	1	0	0	0	0	0	0	0	0	0	0	0	2	0	0	0	0	0	0	3	0	0	0	0	0	0	0	0	0	0	0	0	0
119630	12 Oct 25	13:54:00	1	0	60	0	Ct	0	1	0	0	0	0	0	0	0	0	0	0	0	2	0	0	0	0	0	0	3	0	0	0	0	0	0	0	0	0	0	0	0	0
119631	12 Oct 25	13:55:00	1	0	60	0	Ct	0	1	0	0	2	0	0	0	0	0	0	0	0	3	0	0	0	0	0	0	2	0	0	0	0	0	0	0	0	0	0	0	0	0
119632	12 Oct 25	13:56:00	1	0	60	0	Ct	0	1	0	0	4	8	0	0	0	0	0	0	0	0	0	0	0	0	0	0	1	0	0	0	0	0	0	0	0	0	0	0	0	0
119633	12 Oct 25	13:57:00	1	0	60	0	Ct	0	1	0	0	0	3	0	0	0	0	0	0	0	3	0	0	0	0	0	0	2	0	0	0	0	0	0	0	0	0	0	0	0	0
119634	12 Oct 25	13:58:00	1	0	60	0	Ct	0	1	0	0	0	5	0	0	0	0	0	0	0	2	0	0	0	0	0	0	2	0	0	0	0	0	0	0	0	0	0	0	0	0
119635	12 Oct 25	13:59:00	1	0	60	0	Ct	0	1	0	0	0	6	0	0	0	0	0	0	0	1	0	0	0	0	0	0	2	0	0	0	0	0	0	0	0	0	0	0	0	0
119636	12 Oct 25	14:00:00	1	0	60	0	Ct	0	1	0	0	0	0	0	0	0	0	0	0	0	7	0	2	0	0	0	0	3	0	0	0	0	0	0	0	0	0	0	0	0	0
119637	12 Oct 25	14:01:00	1	0	60	0	Ct	0	1	0	0	0	0	0	0	0	0	0	0	0	1	0	1	0	0	0	0	0	0	0	0	0	0	0	0	0	0	0	0	0	0
119638	12 Oct 25	14:02:00	1	0	60	0	Ct	0	1	0	0	0	0	0	0	0	0	0	0	0	1	0	0	0	0	0	0	3	0	2	0	0	0	0	0	0	0	0	0	0	0
119639	12 Oct 25	14:03:00	1	0	60	0	Ct	0	1	0	0	2	0	0	0	0	0	0	0	0	1	0	0	0	1	0	0	0	0	2	0	0	0	0	0	0	0	0	0	0	0
119640	12 Oct 25	14:04:00	1	0	60	0	Ct	0	1	0	0	0	7	0	0	0	0	0	4	0	4	0	0	0	1	0	0	0	2	0	0	0	0	0	0	0	0	0	0	0	0
119641	12 Oct 25	14:05:00	1	0	60	0	Ct	0	1	0	0	2	0	0	0	0	0	0	0	0	0	2	0	0	2	1	0	0	4	1	0	0	0	0	0	0	0	0	0	0	0
119642	12 Oct 25	14:06:00	1	0	60	0	Ct	0	1	0	0	0	0	0	0	0	0	0	1	0	3	3	0	0	0	2	0	0	1	2	0	0	0	0	0	0	0	0	0	0	0
119643	12 Oct 25	14:07:00	1	0	60	0	Ct	0	1	0	0	0	0	0	0	0	0	0	0	0	1	2	0	0	3	1	0	0	0	2	0	0	0	0	0	0	0	0	0	0	0
119644	12 Oct 25	14:08:00	1	0	60	0	Ct	0	1	0	0	1	0	0	0	0	0	0	0	0	1	3	0	0	1	0	0	0	7	0	0	0	0	0	0	0	0	0	0	0	0
119645	12 Oct 25	14:09:00	1	0	60	0	Ct	0	1	0	0	1	0	0	0	0	0	0	0	0	1	4	0	0	1	0	0	0	0	3	0	0	0	0	0	0	0	0	0	0	0
119646	12 Oct 25	14:10:00	1	0	60	0	Ct	0	1	0	0	2	0	0	0	0	0	0	0	0	4	1	0	0	1	0	0	0	0	0	0	0	0	0	0	0	0	0	0	0	0
119647	12 Oct 25	14:11:00	1	0	60	0	Ct	0	1	0	0	0	0	0	0	0	2	0	0	0	5	1	0	0	0	0	0	0	1	0	0	0	0	0	0	0	0	0	0	0	0
119648	12 Oct 25	14:12:00	1	0	60	0	Ct	0	1	0	0	0	0	0	0	0	1	0	0	5	4	2	0	0	0	0	0	0	2	0	0	0	0	0	0	0	0	0	0	0	0
119649	12 Oct 25	14:13:00	1	0	60	0	Ct	0	1	0	0	2	0	0	0	0	0	0	0	2	1	1	0	0	0	0	0	0	0	0	0	0	0	0	0	0	0	0	0	0	0
119650	12 Oct 25	14:14:00	1	0	60	0	Ct	0	1	0	0	0	0	0	0	0	0	0	0	0	0	2	0	0	0	0	0	0	0	0	0	0	0	0	0	0	0	0	0	0	0
119651	12 Oct 25	14:15:00	1	0	60	0	Ct	0	1	0	0	1	0	0	0	0	0	0	0	0	5	1	0	0	0	0	0	0	2	0	0	0	0	0	0	0	0	0	0	0	0
119652	12 Oct 25	14:16:00	1	0	60	0	Ct	0	1	0	0	2	0	0	0	0	0	0	0	1	0	1	0	0	0	0	0	0	10	2	0	0	0	0	0	0	0	0	0	0	0
119653	12 Oct 25	14:17:00	1	0	60	0	Ct	0	1	0	0	1	0	0	0	0	0	0	0	1	0	1	0	0	0	0	0	0	6	0	0	0	0	0	0	0	0	0	0	0	0
119654	12 Oct 25	14:18:00	1	0	60	0	Ct	0	1	0	0	14	0	0	0	0	0	0	0	23	0	4	0	0	0	0	0	0	0	2	0	0	0	0	0	0	1	0	0	0	0
119655	12 Oct 25	14:19:00	1	0	60	0	Ct	0	1	0	0	26	0	0	0	0	0	0	0	21	2	2	0	0	0	0	0	0	0	0	0	0	0	0	0	0	2	0	0	0	0
119656	12 Oct 25	14:20:00	1	0	60	0	Ct	0	1	0	0	1	0	0	0	0	0	0	0	0	2	1	0	0	0	0	0	0	0	0	0	0	0	0	0	0	4	0	0	0	0
119657	12 Oct 25	14:21:00	1	0	60	0	Ct	0	1	0	0	0	0	0	0	0	0	0	0	0	3	1	0	0	0	0	0	0	0	0	0	0	0	0	0	0	8	0	0	0	0
119658	12 Oct 25	14:22:00	1	0	60	0	Ct	0	1	0	0	0	0	0	0	0	0	0	0	0	0	1	0	0	0	0	0	0	0	0	0	0	0	0	0	0	11	0	0	0	0
119659	12 Oct 25	14:23:00	1	0	60	0	Ct	0	1	0	0	2	0	0	0	0	3	0	0	2	4	2	2	0	0	0	0	0	0	0	0	0	0	0	0	0	32	0	0	0	0
119660	12 Oct 25	14:24:00	1	0	60	0	Ct	0	1	0	1	0	0	0	0	0	0	0	0	0	2	1	0	0	0	0	0	0	0	0	0	0	0	0	0	0	8	0	0	0	0
119661	12 Oct 25	14:25:00	1	0	60	0	Ct	0	1	0	0	1	0	0	0	0	0	0	0	0	1	2	0	0	0	0	0	0	0	0	0	0	0	0	0	0	0	0	0	0	0
119662	12 Oct 25	14:26:00	1	0	60	0	Ct	0	1	1	0	1	0	0	0	0	0	0	0	0	1	2	0	0	0	0	0	0	0	0	0	0	0	0	0	0	0	0	0	0	0
119663	12 Oct 25	14:27:00	1	0	60	0	Ct	0	1	1	0	0	0	0	0	0	0	0	0	0	2	1	0	0	0	0	0	0	0	0	0	0	0	0	0	0	0	0	0	0	0
119664	12 Oct 25	14:28:00	1	0	60	0	Ct	0	1	0	0	0	0	0	0	0	0	0	0	0	2	4	0	0	0	0	0	0	0	0	0	0	0	0	0	0	0	0	0	0	0
119665	12 Oct 25	14:29:00	1	0	60	0	Ct	0	1	0	0	0	0	0	0	0	0	0	0	0	0	1	0	0	0	0	0	0	0	2	0	0	0	0	0	0	0	0	0	0	0
119666	12 Oct 25	14:30:00	1	0	60	0	Ct	0	1	0	0	0	0	0	0	0	0	0	0	0	0	1	0	0	0	0	0	2	0	0	0	0	0	0	0	0	0	0	0	0	0
119667	12 Oct 25	14:31:00	1	0	60	0	Ct	0	1	0	0	2	0	0	0	0	0	0	0	0	0	3	0	0	1	0	0	0	0	2	0	0	0	0	0	0	0	0	0	0	0
119668	12 Oct 25	14:32:00	1	0	60	0	Ct	0	1	0	0	2	0	0	0	0	0	0	0	0	0	1	0	0	16	0	0	1	0	1	0	0	0	0	0	0	0	0	1	0	0
119669	12 Oct 25	14:33:00	1	0	60	0	Ct	0	1	0	0	0	0	0	0	0	0	0	0	0	0	1	0	0	16	0	0	1	0	3	0	0	0	0	0	0	0	0	2	0	0
119670	12 Oct 25	14:34:00	1	0	60	0	Ct	0	1	0	0	1	0	0	0	0	0	0	0	0	0	0	0	0	40	0	0	0	0	0	0	0	0	0	0	0	1	0	2	0	0
119671	12 Oct 25	14:35:00	1	0	60	0	Ct	0	1	0	0	2	0	0	0	0	0	0	0	0	0	1	0	0	7	0	0	0	0	2	0	0	0	0	0	0	1	0	0	0	0
119672	12 Oct 25	14:36:00	1	0	60	0	Ct	0	1	0	6	1	0	0	0	0	0	0	0	0	0	2	0	0	8	0	0	0	0	0	0	0	0	0	0	0	0	0	1	0	0
119673	12 Oct 25	14:37:00	1	0	60	0	Ct	0	1	0	0	0	0	0	0	0	0	0	0	0	0	1	0	0	3	0	0	0	0	3	0	0	0	0	0	0	0	0	2	0	0
119674	12 Oct 25	14:38:00	1	0	60	0	Ct	0	1	0	0	3	0	0	0	0	0	0	0	0	0	1	0	0	0	0	0	0	0	0	0	0	0	0	0	0	8	0	0	0	0
119675	12 Oct 25	14:39:00	1	0	60	0	Ct	0	1	0	0	1	0	0	0	0	0	0	0	0	0	1	0	0	0	0	0	0	0	0	0	0	0	0	0	0	9	0	1	0	0
119676	12 Oct 25	14:40:00	1	0	60	0	Ct	0	1	0	0	0	0	0	0	0	0	0	0	0	0	2	0	0	1	0	0	0	0	0	0	0	0	0	0	0	1	0	0	0	0
119677	12 Oct 25	14:41:00	1	0	60	0	Ct	0	1	0	8	0	0	0	0	0	0	0	0	0	0	1	0	0	0	0	0	0	0	0	0	0	0	0	0	0	0	0	2	0	0
119678	12 Oct 25	14:42:00	1	0	60	0	Ct	0	1	0	0	0	0	0	0	0	0	0	0	2	0	0	0	0	0	0	0	0	0	0	0	0	0	0	0	0	0	0	1	0	0
119679	12 Oct 25	14:43:00	1	0	60	0	Ct	0	1	0	1	1	0	0	0	0	0	0	0	0	0	1	0	0	0	0	0	0	0	0	0	0	0	0	0	0	0	0	1	0	0
119680	12 Oct 25	14:44:00	1	0	60	0	Ct	0	1	0	2	0	0	0	0	0	0	0	0	0	0	1	0	0	0	3	0	0	0	0	0	0	0	0	0	0	0	0	21	0	0
119681	12 Oct 25	14:45:00	1	0	60	0	Ct	0	1	0	0	0	0	0	0	0	0	0	0	0	0	3	0	0	0	1	0	0	0	0	0	0	0	0	0	0	0	0	17	0	0
119682	12 Oct 25	14:46:00	1	0	60	0	Ct	0	1	0	0	0	0	0	0	0	0	0	0	0	0	5	0	0	0	0	0	0	0	0	0	0	0	0	0	0	0	0	0	0	0
119683	12 Oct 25	14:47:00	1	0	60	0	Ct	0	1	0	1	0	0	0	0	0	0	0	0	0	0	1	0	0	0	0	0	0	0	0	0	0	0	0	0	0	0	0	0	0	0
119684	12 Oct 25	14:48:00	1	0	60	0	Ct	0	1	0	0	0	0	0	0	0	0	0	0	0	0	0	0	0	0	1	0	0	0	0	0	0	0	0	0	0	0	0	0	0	0
119685	12 Oct 25	14:49:00	1	0	60	0	Ct	0	1	0	2	0	0	0	0	0	0	0	0	0	0	2	0	0	0	0	0	0	0	0	0	0	0	0	0	0	1	0	0	0	0
119686	12 Oct 25	14:50:00	1	0	60	0	Ct	0	1	0	2	0	0	0	0	0	0	0	0	0	0	3	0	0	0	0	0	0	0	0	0	0	0	0	0	0	2	0	0	0	0
119687	12 Oct 25	14:51:00	1	0	60	0	Ct	0	1	0	0	0	0	0	0	0	0	0	0	0	0	1	0	1	1	0	0	0	0	0	0	0	0	0	0	0	1	0	0	0	0
119688	12 Oct 25	14:52:00	1	0	60	0	Ct	0	1	0	0	0	0	0	0	0	0	0	0	0	0	1	0	0	0	0	0	0	0	0	0	0	0	0	0	0	1	0	0	0	0
119689	12 Oct 25	14:53:00	1	0	60	0	Ct	0	1	0	0	0	0	0	0	0	0	0	0	0	0	3	0	0	0	0	0	0	0	0	0	0	0	0	0	0	2	0	0	0	0
119690	12 Oct 25	14:54:00	1	0	60	0	Ct	0	1	0	0	0	0	0	0	0	0	0	0	0	2	0	0	2	0	1	0	0	0	0	0	0	0	0	0	0	2	0	0	0	0
119691	12 Oct 25	14:55:00	1	0	60	0	Ct	0	1	0	0	0	0	0	0	0	0	0	0	0	1	0	0	1	0	0	0	0	0	0	0	0	0	0	0	0	1	0	0	0	0
119692	12 Oct 25	14:56:00	1	0	60	0	Ct	0	1	0	0	0	0	0	0	0	0	0	0	0	2	0	0	0	0	0	0	0	0	0	0	0	0	0	0	0	0	0	0	0	0
119693	12 Oct 25	14:57:00	1	0	60	0	Ct	0	1	0	0	0	0	0	0	0	0	0	0	0	0	0	0	0	0	0	0	0	0	0	0	0	0	0	0	0	2	0	0	0	0
119694	12 Oct 25	14:58:00	1	0	60	0	Ct	0	1	0	0	0	0	0	0	0	0	0	0	0	0	0	0	0	0	0	0	0	0	0	0	0	0	0	0	0	0	0	0	0	0
119695	12 Oct 25	14:59:00	1	0	60	0	Ct	0	1	0	0	0	0	0	0	0	0	0	0	0	1	0	0	0	0	0	0	0	0	0	0	0	0	0	0	0	1	0	2	0	0
119696	12 Oct 25	15:00:00	1	0	60	0	Ct	0	1	0	0	0	0	0	0	0	0	0	0	1	1	0	0	0	0	0	0	0	0	0	0	0	0	0	0	0	3	0	2	0	0
119697	12 Oct 25	15:01:00	1	0	60	0	Ct	0	1	0	0	0	0	0	0	0	0	0	0	0	5	0	0	0	0	0	0	0	0	0	0	0	0	0	0	0	3	0	0	0	0
119698	12 Oct 25	15:02:00	1	0	60	0	Ct	0	1	0	0	0	0	0	0	0	0	0	0	1	3	0	0	0	0	0	0	0	0	3	0	0	0	0	0	0	1	0	0	0	0
119699	12 Oct 25	15:03:00	1	0	60	0	Ct	0	1	0	0	0	0	0	0	0	0	0	0	1	4	0	0	0	0	2	0	0	0	2	0	0	0	0	0	0	2	0	0	0	0
119700	12 Oct 25	15:04:00	1	0	60	0	Ct	0	1	0	0	4	0	0	0	0	0	0	0	0	0	0	0	0	0	0	0	0	1	0	0	0	0	0	0	0	2	0	0	0	0
119701	12 Oct 25	15:05:00	1	0	60	0	Ct	0	1	0	0	5	0	0	0	0	0	0	0	0	3	0	0	0	0	0	0	0	5	9	0	0	0	0	0	0	1	0	0	0	0
119702	12 Oct 25	15:06:00	1	0	60	0	Ct	0	1	0	0	2	0	0	0	0	0	0	0	1	6	0	0	0	0	0	0	0	0	0	0	0	0	0	0	0	3	0	0	0	0
119703	12 Oct 25	15:07:00	1	0	60	0	Ct	0	1	0	0	0	0	0	0	0	0	0	0	1	0	0	0	0	0	1	0	0	3	0	0	0	0	0	0	0	1	0	0	0	0
119704	12 Oct 25	15:08:00	1	0	60	0	Ct	0	1	0	0	2	0	0	0	0	0	0	0	0	0	0	0	0	0	3	0	0	3	0	0	0	0	0	0	0	1	0	0	0	0
119705	12 Oct 25	15:09:00	1	0	60	0	Ct	0	1	0	4	0	0	0	0	0	0	0	0	1	0	0	0	0	0	4	0	0	21	0	0	0	0	0	0	0	3	0	0	0	0
119706	12 Oct 25	15:10:00	1	0	60	0	Ct	0	1	0	0	0	0	0	0	0	0	0	2	0	0	0	0	0	0	8	0	0	0	0	0	0	0	0	0	0	1	0	0	0	0
119707	12 Oct 25	15:11:00	1	0	60	0	Ct	0	1	0	0	0	0	0	0	0	0	0	7	0	0	0	0	1	0	0	0	0	0	0	0	0	0	0	0	0	0	0	0	0	0
119708	12 Oct 25	15:12:00	1	0	60	0	Ct	0	1	0	0	1	0	0	0	0	1	0	2	0	0	0	0	0	0	0	0	0	0	0	0	0	0	0	0	0	2	0	0	0	0
119709	12 Oct 25	15:13:00	1	0	60	0	Ct	0	1	0	0	0	0	0	0	0	0	0	1	0	0	0	0	0	0	0	0	0	0	0	0	0	0	0	0	0	2	0	2	0	0
119710	12 Oct 25	15:14:00	1	0	60	0	Ct	0	1	0	0	0	0	0	0	0	1	0	0	0	4	0	0	0	0	0	0	0	0	0	0	0	0	0	0	0	2	0	0	0	0
119711	12 Oct 25	15:15:00	1	0	60	0	Ct	0	1	0	0	0	0	0	0	0	0	0	1	0	0	2	0	0	0	0	0	0	0	0	0	0	0	0	0	0	1	0	0	0	0
119712	12 Oct 25	15:16:00	1	0	60	0	Ct	0	1	0	0	0	0	0	0	0	0	0	2	0	0	1	0	0	0	0	0	0	0	0	0	0	0	0	0	0	2	0	0	0	0
119713	12 Oct 25	15:17:00	1	0	60	0	Ct	0	1	2	0	0	0	0	0	0	0	0	3	0	0	2	0	0	0	0	0	0	0	3	0	0	0	0	0	0	1	0	0	0	0
119714	12 Oct 25	15:18:00	1	0	60	0	Ct	0	1	1	0	0	0	0	0	0	0	0	22	0	2	0	0	0	0	0	0	0	0	0	0	0	0	0	0	0	2	0	0	0	0
119715	12 Oct 25	15:19:00	1	0	60	0	Ct	0	1	1	0	0	0	0	0	0	0	0	8	0	2	0	0	0	0	0	0	0	0	2	0	0	0	0	0	0	5	0	0	0	0
119716	12 Oct 25	15:20:00	1	0	60	0	Ct	0	1	1	0	0	0	0	0	0	0	0	0	0	0	0	0	0	0	0	0	0	0	1	0	0	0	0	0	0	3	0	0	0	0
119717	12 Oct 25	15:21:00	1	0	60	0	Ct	0	1	1	0	0	0	0	0	0	0	0	0	0	1	0	0	0	0	0	0	0	0	0	1	0	0	0	0	0	2	0	0	0	0
119718	12 Oct 25	15:22:00	1	0	60	0	Ct	0	1	1	0	0	0	0	0	0	0	0	0	0	3	0	0	0	0	0	0	0	0	0	0	0	0	0	0	0	1	0	9	0	0
119719	12 Oct 25	15:23:00	1	0	60	0	Ct	0	1	1	0	4	0	0	0	0	0	0	0	0	1	0	0	0	0	0	0	0	0	0	0	0	0	0	0	0	3	0	1	0	0
119720	12 Oct 25	15:24:00	1	0	60	0	Ct	0	1	1	0	0	0	0	0	0	0	0	0	0	2	0	0	0	0	0	0	0	0	0	0	0	0	0	0	0	2	0	0	0	0
119721	12 Oct 25	15:25:00	1	0	60	0	Ct	0	1	1	0	0	0	0	0	0	2	0	0	0	3	0	0	0	0	0	0	0	0	0	0	0	0	0	0	0	6	0	0	0	0
119722	12 Oct 25	15:26:00	1	0	60	0	Ct	0	1	1	0	0	0	0	0	0	0	0	0	0	1	0	0	0	0	0	0	0	0	0	0	0	0	0	0	0	1	0	0	0	0
119723	12 Oct 25	15:27:00	1	0	60	0	Ct	0	1	5	0	0	0	0	0	0	1	0	0	0	0	0	0	0	0	0	0	0	0	0	0	0	0	0	0	0	2	0	0	0	0
119724	12 Oct 25	15:28:00	1	0	60	0	Ct	0	1	1	4	0	0	0	0	0	1	0	0	0	1	0	0	0	0	0	0	0	0	0	0	0	0	0	0	0	0	1	0	0	0
119725	12 Oct 25	15:29:00	1	0	60	0	Ct	0	1	1	0	0	0	0	0	0	1	0	0	0	0	0	0	2	0	0	0	0	0	0	0	0	0	0	0	0	8	4	0	0	0
119726	12 Oct 25	15:30:00	1	0	60	0	Ct	0	1	1	0	0	0	0	0	0	0	0	3	0	7	0	0	0	0	0	0	0	0	0	0	0	0	0	0	0	1	6	0	0	0
119727	12 Oct 25	15:31:00	1	0	60	0	Ct	0	1	1	3	6	0	0	0	0	0	0	0	0	1	2	0	0	0	0	0	0	0	0	0	0	0	0	0	0	1	0	0	0	0
119728	12 Oct 25	15:32:00	1	0	60	0	Ct	0	1	0	10	0	0	0	0	0	0	0	0	0	1	0	0	0	0	0	0	0	0	2	0	0	0	0	0	4	0	0	0	0	0
119729	12 Oct 25	15:33:00	1	0	60	0	Ct	0	1	0	1	0	0	0	0	0	0	0	0	0	4	0	0	0	0	0	0	0	0	1	0	0	0	0	0	0	0	0	0	0	0
119730	12 Oct 25	15:34:00	1	0	60	0	Ct	0	1	0	0	0	0	0	0	0	0	0	0	0	1	0	0	2	0	0	0	0	0	0	0	0	0	0	0	0	2	20	0	0	0
119731	12 Oct 25	15:35:00	1	0	60	0	Ct	0	1	0	0	0	0	0	0	0	2	0	0	0	1	3	0	6	0	0	0	0	0	1	0	0	0	0	0	0	2	44	0	0	0
119732	12 Oct 25	15:36:00	1	0	60	0	Ct	0	1	0	0	7	0	0	0	0	0	1	0	0	1	2	0	1	0	0	0	0	0	1	0	0	0	0	0	0	2	3	0	0	0
119733	12 Oct 25	15:37:00	1	0	60	0	Ct	0	1	0	0	11	0	0	0	0	1	0	0	0	0	3	0	0	0	0	0	0	0	0	0	0	0	0	0	2	1	0	0	0	0
119734	12 Oct 25	15:38:00	1	0	60	0	Ct	0	1	0	0	0	0	0	0	0	0	0	0	0	2	2	0	0	0	1	0	0	0	0	0	0	0	0	0	0	2	0	0	0	0
119735	12 Oct 25	15:39:00	1	0	60	0	Ct	0	1	0	0	4	0	0	0	0	0	0	0	0	0	1	0	0	0	0	0	0	0	2	0	0	0	0	0	1	1	0	0	0	0
119736	12 Oct 25	15:40:00	1	0	60	0	Ct	0	1	0	0	5	0	0	0	0	0	2	0	0	1	1	0	0	0	0	0	0	0	0	0	0	0	0	0	7	1	2	0	0	0
119737	12 Oct 25	15:41:00	1	0	60	0	Ct	0	1	0	0	0	0	0	0	0	0	0	0	0	0	2	0	1	0	0	0	0	4	1	0	0	0	0	0	1	0	2	0	0	0
119738	12 Oct 25	15:42:00	1	0	60	0	Ct	0	1	0	2	2	0	0	0	0	0	0	0	0	0	1	0	0	0	0	0	0	0	1	0	0	0	0	0	3	0	0	0	0	0
119739	12 Oct 25	15:43:00	1	0	60	0	Ct	0	1	0	0	2	0	0	0	0	0	0	0	0	1	2	0	0	0	0	0	0	0	0	0	0	0	0	0	2	0	0	0	0	0
119740	12 Oct 25	15:44:00	1	0	60	0	Ct	0	1	0	0	0	0	0	0	0	0	0	0	0	1	1	0	0	0	0	0	1	1	2	2	0	0	0	0	3	0	0	0	0	0
119741	12 Oct 25	15:45:00	1	0	60	0	Ct	0	1	0	0	0	0	0	0	0	0	0	0	0	0	0	0	1	0	0	0	1	0	0	2	0	0	0	0	2	3	4	0	0	0
119742	12 Oct 25	15:46:00	1	0	60	0	Ct	0	1	0	0	0	0	0	0	0	0	0	0	1	11	2	0	2	0	0	0	2	1	1	10	0	0	0	0	2	0	6	0	0	0
119743	12 Oct 25	15:47:00	1	0	60	0	Ct	0	1	0	0	0	0	0	0	0	0	0	0	1	5	2	0	0	0	0	0	2	0	1	0	0	0	0	0	2	1	7	2	0	0
119744	12 Oct 25	15:48:00	1	0	60	0	Ct	0	1	0	0	0	0	0	0	0	0	0	0	0	3	0	0	0	0	0	0	2	0	0	0	0	0	0	0	2	4	8	0	0	0
119745	12 Oct 25	15:49:00	1	0	60	0	Ct	0	1	0	0	0	0	0	0	0	0	0	0	0	3	1	2	0	0	0	0	4	0	0	0	0	0	0	0	2	2	16	1	0	0
119746	12 Oct 25	15:50:00	1	0	60	0	Ct	0	1	0	0	0	0	0	0	0	0	0	0	1	1	2	0	0	0	0	0	2	0	0	1	0	0	0	0	2	1	0	1	0	0
119747	12 Oct 25	15:51:00	1	0	60	0	Ct	0	1	0	0	1	0	0	0	0	0	0	0	0	1	1	0	0	0	0	0	1	0	0	0	0	0	0	0	1	0	0	0	0	0
119748	12 Oct 25	15:52:00	1	0	60	0	Ct	0	1	0	0	1	0	2	0	0	0	0	0	1	1	3	0	0	0	0	0	1	0	0	3	0	0	0	0	2	0	9	0	0	0
119749	12 Oct 25	15:53:00	1	0	60	0	Ct	0	1	0	0	0	1	0	0	0	1	0	0	0	3	2	1	0	0	0	0	1	2	0	0	0	0	0	0	2	0	18	0	0	0
119750	12 Oct 25	15:54:00	1	0	60	0	Ct	0	1	0	0	0	2	0	0	0	0	0	0	1	1	1	1	0	0	0	0	2	2	0	2	0	0	0	0	2	5	7	0	0	0
119751	12 Oct 25	15:55:00	1	0	60	0	Ct	0	1	0	0	1	0	0	0	0	0	0	0	2	1	0	0	0	0	0	0	1	0	0	0	0	0	0	0	2	1	0	0	0	0
119752	12 Oct 25	15:56:00	1	0	60	0	Ct	0	1	0	0	1	0	0	0	0	0	0	0	2	1	2	0	0	0	1	0	0	0	0	0	0	0	0	0	0	0	2	1	0	0
119753	12 Oct 25	15:57:00	1	0	60	0	Ct	0	1	0	0	0	0	0	0	0	0	0	0	6	3	0	0	0	0	0	0	2	0	1	0	0	0	0	0	3	0	0	0	0	0
119754	12 Oct 25	15:58:00	1	0	60	0	Ct	0	1	0	0	0	5	2	0	0	0	0	0	1	3	0	0	0	0	2	0	0	0	2	0	0	0	0	0	3	5	0	0	0	0
119755	12 Oct 25	15:59:00	1	0	60	0	Ct	0	1	0	0	0	3	0	0	0	0	0	0	0	13	0	0	0	0	2	0	0	0	1	0	0	0	0	0	2	4	0	2	0	0
119756	12 Oct 25	16:00:00	1	0	60	0	Ct	0	1	0	0	0	21	0	0	0	0	0	0	1	1	0	0	0	0	1	0	0	0	2	0	0	0	0	0	1	0	3	2	0	0
119757	12 Oct 25	16:01:00	1	0	60	0	Ct	0	1	0	0	0	11	0	0	0	0	0	0	3	14	0	1	0	1	3	0	0	0	0	0	0	0	0	0	1	2	2	2	0	0
119758	12 Oct 25	16:02:00	1	0	60	0	Ct	0	1	0	0	0	9	0	0	0	0	0	0	2	2	0	1	0	1	2	0	0	0	0	0	0	0	0	0	2	2	0	2	0	0
119759	12 Oct 25	16:03:00	1	0	60	0	Ct	0	1	0	0	0	17	0	0	0	0	0	0	3	0	0	0	0	0	2	0	0	0	0	0	0	0	0	0	1	1	1	1	0	0
119760	12 Oct 25	16:04:00	1	0	60	0	Ct	0	1	0	0	0	14	0	0	0	0	0	0	0	0	2	2	0	0	2	0	0	0	0	0	0	0	0	0	3	2	2	1	0	0
119761	12 Oct 25	16:05:00	1	0	60	0	Ct	0	1	0	0	0	0	0	0	0	0	0	0	0	1	5	1	0	0	2	0	0	0	0	2	0	0	0	0	2	2	0	0	0	0
119762	12 Oct 25	16:06:00	1	0	60	0	Ct	0	1	0	0	0	0	0	0	0	0	0	0	0	1	1	1	0	0	2	0	0	0	0	5	0	0	0	0	1	1	0	0	0	0
119763	12 Oct 25	16:07:00	1	0	60	0	Ct	0	1	0	2	0	0	0	0	0	0	0	0	1	1	2	0	0	0	2	0	0	0	0	0	0	0	0	0	2	3	0	0	0	0
119764	12 Oct 25	16:08:00	1	0	60	0	Ct	0	1	0	3	0	0	0	0	0	0	0	0	1	2	2	0	0	0	2	0	0	0	0	1	0	0	0	0	1	1	0	0	0	0
119765	12 Oct 25	16:09:00	1	0	60	0	Ct	0	1	0	0	0	0	0	0	0	0	0	0	0	2	0	0	0	1	1	0	0	0	0	5	0	0	0	0	2	23	0	2	0	0
119766	12 Oct 25	16:10:00	1	0	60	0	Ct	0	1	0	1	0	17	0	0	0	0	0	2	2	2	2	2	0	0	2	0	0	0	0	2	0	0	0	0	2	13	0	3	0	0
119767	12 Oct 25	16:11:00	1	0	60	0	Ct	0	1	0	2	0	11	0	0	0	0	0	0	2	0	1	0	0	1	3	0	0	0	0	1	0	0	0	0	1	14	0	0	0	0
119768	12 Oct 25	16:12:00	1	0	60	0	Ct	0	1	0	3	0	23	0	0	0	0	0	1	2	2	3	2	0	2	2	0	0	0	2	8	0	0	0	0	5	4	0	0	0	0
119769	12 Oct 25	16:13:00	1	0	60	0	Ct	0	1	0	3	0	21	0	0	0	0	0	0	5	0	2	2	0	4	1	0	2	0	1	0	0	0	0	0	16	0	0	0	0	0
119770	12 Oct 25	16:14:00	1	0	60	0	Ct	0	1	0	2	0	18	0	0	0	0	0	1	3	0	1	0	0	0	0	0	0	0	1	0	0	0	0	0	2	2	0	1	0	0
119771	12 Oct 25	16:15:00	1	0	60	0	Ct	0	1	0	2	0	4	0	0	0	0	0	5	1	2	0	0	3	2	2	0	0	0	0	1	0	0	0	0	3	0	0	1	0	0
119772	12 Oct 25	16:16:00	1	0	60	0	Ct	0	1	0	4	1	4	1	0	0	0	0	3	3	6	0	0	0	2	2	0	0	0	2	1	0	0	0	0	1	0	0	0	0	0
119773	12 Oct 25	16:17:00	1	0	60	0	Ct	0	1	0	4	0	0	1	0	0	0	0	3	2	17	0	0	0	1	2	0	2	0	1	0	0	0	0	0	2	1	0	0	0	0
119774	12 Oct 25	16:18:00	1	0	60	0	Ct	0	1	0	5	1	0	2	0	0	0	0	2	1	6	3	0	0	2	1	0	2	0	1	0	0	0	0	0	2	2	0	0	0	0
119775	12 Oct 25	16:19:00	1	0	60	0	Ct	0	1	0	2	0	0	5	0	0	0	0	1	3	1	1	0	0	2	2	0	1	0	16	0	0	0	0	0	0	2	0	1	0	0
119776	12 Oct 25	16:20:00	1	0	60	0	Ct	0	1	0	2	2	6	4	0	0	0	0	1	3	2	2	0	0	1	2	0	3	0	0	2	0	0	0	0	4	2	0	0	0	0
119777	12 Oct 25	16:21:00	1	0	60	0	Ct	0	1	0	4	2	0	4	0	0	0	0	0	1	5	0	0	0	3	2	0	0	0	2	0	0	0	0	0	0	1	0	2	0	0
119778	12 Oct 25	16:22:00	1	0	60	0	Ct	0	1	3	3	0	3	3	0	0	0	0	2	1	7	1	0	1	2	3	0	2	0	1	0	0	0	0	0	10	0	0	2	0	0
119779	12 Oct 25	16:23:00	1	0	60	0	Ct	0	1	0	1	10	4	2	0	0	0	0	3	0	1	0	0	8	2	0	0	0	0	1	0	0	0	0	0	10	2	0	0	0	0
119780	12 Oct 25	16:24:00	1	0	60	0	Ct	0	1	0	4	0	0	3	0	0	0	0	0	0	1	1	0	0	2	2	0	2	0	3	0	0	0	0	0	11	0	0	0	0	0
119781	12 Oct 25	16:25:00	1	0	60	0	Ct	0	1	1	4	1	0	3	0	0	0	0	1	0	2	2	0	0	2	2	0	0	0	2	1	0	0	0	0	0	0	0	0	0	0
119782	12 Oct 25	16:26:00	1	0	60	0	Ct	0	1	1	3	2	0	2	0	0	0	0	2	0	2	3	0	1	2	3	0	0	0	2	1	0	0	0	0	0	0	0	1	0	0
119783	12 Oct 25	16:27:00	1	0	60	0	Ct	0	1	2	3	2	0	3	0	0	0	0	3	0	2	2	0	0	2	2	0	0	0	0	0	0	0	0	0	0	2	0	2	0	0
119784	12 Oct 25	16:28:00	1	0	60	0	Ct	0	1	1	2	1	0	3	0	0	0	0	0	1	3	0	0	2	1	2	0	0	0	1	2	0	0	0	0	0	0	0	2	0	0
119785	12 Oct 25	16:29:00	1	0	60	0	Ct	0	1	0	4	1	0	3	0	0	0	0	1	1	0	0	0	0	1	3	0	0	0	1	0	0	0	0	0	0	2	0	0	0	0
119786	12 Oct 25	16:30:00	1	0	60	0	Ct	0	1	1	3	0	0	3	0	0	0	0	2	1	6	1	0	0	2	2	0	0	0	0	1	0	0	0	0	0	1	0	1	0	0
119787	12 Oct 25	16:31:00	1	0	60	0	Ct	0	1	1	5	1	0	2	0	0	0	0	2	0	2	2	0	0	3	1	0	0	0	0	2	0	0	0	0	2	1	0	6	0	0
119788	12 Oct 25	16:32:00	1	0	60	0	Ct	0	1	2	3	0	0	1	0	0	0	0	2	2	9	2	0	0	1	3	0	0	0	2	3	0	0	0	0	0	1	0	1	0	0
119789	12 Oct 25	16:33:00	1	0	60	0	Ct	0	1	2	2	0	0	3	0	0	0	0	2	1	0	2	0	0	1	1	0	0	0	0	2	0	0	0	0	3	0	0	0	0	0
119790	12 Oct 25	16:34:00	1	0	60	0	Ct	0	1	1	2	3	0	4	0	0	0	0	4	1	3	1	0	0	1	1	0	0	0	0	1	0	0	0	0	2	10	0	2	0	0
119791	12 Oct 25	16:35:00	1	0	60	0	Ct	0	1	0	3	0	0	3	0	0	0	0	1	2	1	1	0	0	1	2	0	0	0	0	2	0	0	0	0	4	23	0	2	0	0
119792	12 Oct 25	16:36:00	1	0	60	0	Ct	0	1	0	2	1	0	2	0	0	0	0	2	2	0	0	0	0	1	2	0	0	0	0	2	0	0	0	0	2	0	0	1	0	0
119793	12 Oct 25	16:37:00	1	0	60	0	Ct	0	1	0	1	3	0	3	0	0	0	0	0	1	0	2	0	11	2	3	0	0	0	0	1	0	0	0	0	2	2	0	1	0	0
119794	12 Oct 25	16:38:00	1	0	60	0	Ct	0	1	0	5	2	0	3	0	0	0	0	2	0	0	0	0	5	3	1	0	0	0	0	3	0	0	0	0	2	0	0	2	0	0
119795	12 Oct 25	16:39:00	1	0	60	0	Ct	0	1	0	5	1	0	5	0	0	0	0	4	3	2	2	0	0	3	2	0	0	0	0	1	0	0	0	0	4	2	0	1	0	0
119796	12 Oct 25	16:40:00	1	0	60	0	Ct	0	1	0	1	2	0	2	0	0	0	0	2	0	0	2	0	0	2	0	0	0	0	0	0	0	0	0	0	1	0	0	0	0	0
119797	12 Oct 25	16:41:00	1	0	60	0	Ct	0	1	0	3	0	0	3	0	0	0	0	1	1	0	0	0	0	1	2	0	2	0	0	0	0	0	0	0	1	3	0	2	0	0
119798	12 Oct 25	16:42:00	1	0	60	0	Ct	0	1	0	6	2	0	2	0	0	0	0	2	1	3	0	0	0	1	1	0	0	2	2	1	0	0	0	0	1	4	0	4	0	0
119799	12 Oct 25	16:43:00	1	0	60	0	Ct	0	1	0	2	1	0	2	0	0	0	0	1	0	0	1	0	0	2	1	0	2	0	2	1	0	0	0	0	1	0	0	0	0	0
119800	12 Oct 25	16:44:00	1	0	60	0	Ct	0	1	0	1	1	2	2	0	0	0	0	3	1	0	1	0	0	2	2	0	2	3	0	1	0	0	0	0	1	3	0	0	0	0
119801	12 Oct 25	16:45:00	1	0	60	0	Ct	0	1	0	0	0	0	1	0	0	0	0	24	0	0	1	0	0	1	2	0	3	12	2	1	0	0	0	0	0	5	0	0	0	0
119802	12 Oct 25	16:46:00	1	0	60	0	Ct	0	1	0	1	2	0	0	0	0	0	0	2	2	4	1	0	0	4	2	0	2	1	0	2	0	0	0	0	2	3	0	1	0	0
119803	12 Oct 25	16:47:00	1	0	60	0	Ct	0	1	0	2	0	0	3	0	0	0	1	2	0	0	1	0	0	2	1	0	3	1	2	2	0	0	0	0	1	2	0	2	0	0
119804	12 Oct 25	16:48:00	1	0	60	0	Ct	0	1	0	5	1	0	2	0	0	0	0	3	0	0	2	0	0	2	1	0	2	0	0	2	0	0	0	0	2	2	0	0	0	0
119805	12 Oct 25	16:49:00	1	0	60	0	Ct	0	1	0	3	0	0	2	0	0	0	0	2	1	3	2	0	0	3	0	0	3	0	2	5	0	0	0	0	1	2	0	1	0	0
119806	12 Oct 25	16:50:00	1	0	60	0	Ct	0	1	0	3	0	0	3	0	0	0	0	3	1	2	2	0	0	2	2	0	3	3	0	2	0	0	0	0	2	1	0	1	0	0
119807	12 Oct 25	16:51:00	1	0	60	0	Ct	0	1	0	2	0	0	3	0	0	0	0	1	2	8	1	0	2	3	0	0	2	4	0	0	0	0	0	0	14	0	1	1	0	0
119808	12 Oct 25	16:52:00	1	0	60	0	Ct	0	1	0	1	3	0	0	0	0	0	0	3	0	1	1	0	6	3	0	0	3	4	0	2	0	0	0	0	4	3	6	0	0	0
119809	12 Oct 25	16:53:00	1	0	60	0	Ct	0	1	0	3	2	0	1	0	0	0	0	1	1	0	2	0	0	2	0	0	1	3	0	2	0	0	0	0	2	0	25	0	0	0
119810	12 Oct 25	16:54:00	1	0	60	0	Ct	0	1	0	1	6	0	2	0	0	0	0	1	1	0	0	0	0	2	5	0	2	0	0	2	2	0	0	0	1	0	1	0	0	3
119811	12 Oct 25	16:55:00	1	0	60	0	Ct	0	1	0	2	2	0	3	0	0	0	0	1	1	0	0	0	0	2	0	0	2	0	0	1	2	0	0	0	1	0	0	4	0	1
119812	12 Oct 25	16:56:00	1	0	60	0	Ct	0	1	0	3	5	0	5	0	0	0	0	2	1	0	0	0	0	2	1	0	0	0	0	2	1	0	0	0	3	0	0	3	0	1
119813	12 Oct 25	16:57:00	1	0	60	0	Ct	0	1	0	3	1	0	5	0	0	0	0	2	2	0	0	0	0	3	3	0	2	0	0	1	1	0	0	0	0	4	0	0	0	0
119814	12 Oct 25	16:58:00	1	0	60	0	Ct	0	1	0	3	2	0	0	0	0	0	0	0	0	0	0	0	0	3	1	0	2	0	0	1	2	0	0	0	0	0	0	0	0	0
119815	12 Oct 25	16:59:00	1	0	60	0	Ct	0	1	0	2	1	0	2	0	0	0	1	1	2	0	0	0	0	2	0	0	1	0	0	2	2	0	0	0	0	0	0	0	0	2
119816	12 Oct 25	17:00:00	1	0	60	0	Ct	0	1	0	4	3	0	2	0	0	0	0	2	0	0	0	0	0	3	3	0	3	0	0	2	2	0	0	0	0	0	0	1	0	1
119817	12 Oct 25	17:01:00	1	0	60	0	Ct	0	1	0	2	4	0	0	0	0	0	1	5	2	0	0	1	0	2	1	0	3	0	0	1	2	0	0	0	0	2	0	2	0	1
119818	12 Oct 25	17:02:00	1	0	60	0	Ct	0	1	0	2	0	0	4	0	0	0	1	2	0	2	0	1	0	2	0	0	3	0	0	1	2	0	0	0	0	2	0	0	0	2
119819	12 Oct 25	17:03:00	1	0	60	0	Ct	0	1	0	3	1	0	2	0	0	0	1	3	0	0	2	0	0	1	0	0	2	0	0	2	3	0	0	0	0	0	0	2	0	1
119820	12 Oct 25	17:04:00	1	0	60	0	Ct	0	1	0	3	0	0	2	0	0	0	2	2	1	1	0	2	0	2	0	0	2	0	0	1	2	0	0	0	1	0	0	1	0	3
119821	12 Oct 25	17:05:00	1	0	60	0	Ct	0	1	0	1	1	0	2	0	0	0	1	2	1	1	0	1	0	1	0	0	2	1	0	1	2	0	0	0	4	0	0	1	0	2
119822	12 Oct 25	17:06:00	1	0	60	0	Ct	0	1	0	1	2	0	1	0	0	0	3	1	2	1	0	1	0	3	0	0	2	8	0	1	3	0	0	0	1	0	0	0	0	3
119823	12 Oct 25	17:07:00	1	0	60	0	Ct	0	1	0	1	3	0	2	0	0	0	2	1	0	4	0	1	0	2	0	0	2	11	0	0	2	0	0	0	0	1	0	0	0	2
119824	12 Oct 25	17:08:00	1	0	60	0	Ct	0	1	0	4	1	0	2	0	0	0	2	2	3	1	0	1	0	2	0	0	4	0	0	1	2	0	0	0	1	6	4	0	0	3
119825	12 Oct 25	17:09:00	1	0	60	0	Ct	0	1	0	1	0	0	0	0	0	0	1	1	0	3	0	0	0	1	0	0	5	0	0	9	3	0	0	0	1	2	1	0	0	2
119826	12 Oct 25	17:10:00	1	0	60	0	Ct	0	1	0	3	1	0	3	0	0	0	1	1	0	6	2	1	0	1	0	0	5	0	0	7	4	0	0	0	0	1	0	0	0	2
119827	12 Oct 25	17:11:00	1	0	60	0	Ct	0	1	0	2	1	0	0	0	0	0	2	0	0	1	1	1	0	2	1	0	3	0	0	0	1	1	0	0	0	0	0	2	0	1
119828	12 Oct 25	17:12:00	1	0	60	0	Ct	0	1	0	2	1	0	3	0	0	0	0	1	2	0	2	0	0	1	0	0	2	0	0	1	1	1	0	0	0	0	1	0	0	1
119829	12 Oct 25	17:13:00	1	0	60	0	Ct	0	1	0	3	1	0	3	0	0	0	1	8	0	2	1	0	0	2	0	0	2	0	0	0	3	0	0	0	0	0	2	1	0	4
119830	12 Oct 25	17:14:00	1	0	60	0	Ct	0	1	0	4	0	0	2	0	0	0	1	2	3	3	0	0	0	1	0	0	5	0	1	2	5	0	0	0	4	0	0	1	0	2
119831	12 Oct 25	17:15:00	1	0	60	0	Ct	0	1	0	3	1	0	1	0	0	0	3	0	0	1	0	0	0	2	0	0	2	0	1	2	2	0	0	0	5	0	0	2	0	1
119832	12 Oct 25	17:16:00	1	0	60	0	Ct	0	1	0	3	3	0	3	0	0	0	2	0	0	7	0	0	0	2	4	0	3	0	2	1	3	0	0	0	2	0	0	0	0	2
119833	12 Oct 25	17:17:00	1	0	60	0	Ct	0	1	0	0	2	0	3	0	0	1	2	0	1	7	0	0	0	1	0	0	3	0	2	2	3	0	0	0	0	2	0	2	0	2
119834	12 Oct 25	17:18:00	1	0	60	0	Ct	0	1	0	2	0	0	2	0	0	1	1	1	2	19	2	0	0	3	1	0	0	0	0	3	2	0	0	0	0	0	2	0	0	1
119835	12 Oct 25	17:19:00	1	0	60	0	Ct	0	1	0	4	0	0	1	0	0	0	2	1	4	14	1	0	0	1	1	0	0	0	1	2	2	0	0	0	1	2	1	1	0	4
119836	12 Oct 25	17:20:00	1	0	60	0	Ct	0	1	0	2	1	0	4	0	0	1	1	1	1	0	1	0	0	3	1	0	0	0	1	2	2	0	0	0	1	0	2	0	1	2
119837	12 Oct 25	17:21:00	1	0	60	0	Ct	0	1	0	1	2	0	5	0	0	1	2	0	2	0	2	0	0	1	1	0	0	0	0	2	2	0	0	0	2	0	1	1	1	1
119838	12 Oct 25	17:22:00	1	0	60	0	Ct	0	1	0	3	2	0	4	0	0	0	2	3	11	0	2	0	0	2	8	0	0	0	0	0	2	0	0	0	1	2	2	0	0	3
119839	12 Oct 25	17:23:00	1	0	60	0	Ct	0	1	0	1	1	0	2	0	0	1	4	1	5	2	1	0	0	2	0	0	0	0	0	0	1	0	0	0	1	2	1	0	0	2
119840	12 Oct 25	17:24:00	1	0	60	0	Ct	0	1	0	2	1	0	0	0	0	0	1	1	11	3	2	0	0	2	0	0	0	0	0	0	12	0	0	2	0	1	1	2	0	3
119841	12 Oct 25	17:25:00	1	0	60	0	Ct	0	1	0	3	2	0	2	0	0	0	1	0	1	1	0	0	2	0	0	0	0	0	0	0	2	0	0	3	0	0	2	5	1	3
119842	12 Oct 25	17:26:00	1	0	60	0	Ct	0	1	0	2	0	0	1	0	0	0	1	0	0	1	0	0	0	1	0	0	1	0	0	1	3	3	0	3	0	8	1	3	6	2
119843	12 Oct 25	17:27:00	1	0	60	0	Ct	0	1	0	0	1	0	2	0	0	0	1	7	0	2	3	0	0	0	0	0	1	0	0	2	2	0	0	4	0	0	2	1	38	1
119844	12 Oct 25	17:28:00	1	0	60	0	Ct	0	1	0	0	3	0	3	0	0	0	1	0	5	1	3	0	1	1	2	0	0	0	3	3	2	1	0	2	0	1	1	0	13	3
119845	12 Oct 25	17:29:00	1	0	60	0	Ct	0	1	0	2	2	0	2	0	0	0	1	1	0	4	3	0	5	2	4	0	0	0	0	1	1	1	0	3	1	1	4	3	0	2
119846	12 Oct 25	17:30:00	1	0	60	0	Ct	0	1	0	0	3	0	6	0	0	0	0	3	0	3	0	0	1	2	0	0	0	0	2	1	1	3	0	3	0	0	2	2	11	0
119847	12 Oct 25	17:31:00	1	0	60	0	Ct	0	1	0	1	1	0	1	0	0	0	0	2	1	0	4	0	1	5	1	0	0	0	0	0	3	2	0	3	0	0	3	2	1	1
119848	12 Oct 25	17:32:00	1	0	60	0	Ct	0	1	0	0	2	0	3	0	0	1	0	1	1	3	1	0	1	0	1	0	0	0	4	2	2	0	0	3	0	0	1	1	6	0
119849	12 Oct 25	17:33:00	1	0	60	0	Ct	0	1	0	3	1	0	1	0	0	0	0	1	0	2	1	0	1	3	0	0	0	0	0	0	2	1	0	4	0	2	2	0	0	0
119850	12 Oct 25	17:34:00	1	0	60	0	Ct	0	1	0	3	0	0	0	0	0	0	1	1	0	0	1	0	1	3	0	0	1	0	3	2	2	2	0	4	5	1	0	0	0	2
119851	12 Oct 25	17:35:00	1	0	60	0	Ct	0	1	0	2	1	0	0	0	0	0	1	1	1	2	3	0	0	1	0	0	1	0	0	0	2	1	0	4	0	1	1	0	0	2
119852	12 Oct 25	17:36:00	1	0	60	0	Ct	0	1	0	3	0	0	1	0	0	0	0	2	0	8	0	0	2	2	0	0	0	0	0	12	1	2	0	4	0	0	5	0	0	0
119853	12 Oct 25	17:37:00	1	0	60	0	Ct	0	1	0	2	0	0	1	0	0	0	0	1	0	4	0	0	1	3	0	0	0	0	2	4	0	2	0	5	2	0	5	0	0	1
119854	12 Oct 25	17:38:00	1	0	60	0	Ct	0	1	0	2	0	0	1	0	0	0	0	2	0	34	0	0	1	3	0	0	1	0	0	2	3	2	0	5	0	0	1	0	0	2
119855	12 Oct 25	17:39:00	1	0	60	0	Ct	0	1	0	4	0	0	3	0	0	0	0	0	0	7	0	0	1	3	0	0	3	5	0	2	2	0	0	4	0	2	3	0	0	1
119856	12 Oct 25	17:40:00	1	0	60	0	Ct	0	1	0	2	0	0	1	0	0	0	0	0	0	0	0	0	1	3	0	0	2	0	0	1	2	2	0	3	0	2	0	0	0	2
119857	12 Oct 25	17:41:00	1	0	60	0	Ct	0	1	0	4	0	0	1	0	0	0	0	0	0	0	0	0	7	3	0	0	0	0	3	1	1	1	0	3	0	1	2	1	0	0
119858	12 Oct 25	17:42:00	1	0	60	0	Ct	0	1	0	2	0	0	3	0	0	0	0	0	0	2	0	0	0	2	0	0	2	0	0	2	0	2	0	4	0	1	0	1	0	3
119859	12 Oct 25	17:43:00	1	0	60	0	Ct	0	1	0	2	2	0	2	0	0	0	0	0	0	3	1	0	4	1	0	0	3	0	0	3	4	2	0	3	2	0	0	0	0	2
119860	12 Oct 25	17:44:00	1	0	60	0	Ct	0	1	0	5	0	0	0	0	0	0	0	0	0	1	1	0	3	0	0	0	3	2	0	1	2	1	0	3	2	0	1	0	0	2
119861	12 Oct 25	17:45:00	1	0	60	0	Ct	0	1	0	2	0	0	3	0	0	0	0	2	0	2	0	0	3	0	0	0	1	4	3	1	3	2	0	3	1	0	1	3	0	0
119862	12 Oct 25	17:46:00	1	0	60	0	Ct	0	1	0	1	3	0	3	0	0	0	0	0	0	1	0	0	1	1	0	0	1	1	7	2	2	2	0	3	2	1	0	1	0	0
119863	12 Oct 25	17:47:00	1	0	60	0	Ct	0	1	0	3	2	0	1	0	0	0	0	0	0	0	2	0	3	0	0	0	2	0	0	0	2	1	0	4	3	2	1	0	0	2
119864	12 Oct 25	17:48:00	1	0	60	0	Ct	0	1	0	1	1	0	3	0	0	0	0	1	0	1	1	0	1	1	0	0	2	2	0	3	2	2	0	3	4	0	2	2	0	3
119865	12 Oct 25	17:49:00	1	0	60	0	Ct	0	1	0	2	0	0	3	0	0	0	0	1	0	1	1	0	1	2	0	0	2	0	2	0	2	1	0	2	1	0	1	3	0	2
119866	12 Oct 25	17:50:00	1	0	60	0	Ct	0	1	0	1	0	0	2	0	0	0	0	2	1	1	0	0	1	1	0	0	1	0	0	0	2	3	0	3	0	2	0	4	0	2
119867	12 Oct 25	17:51:00	1	0	60	0	Ct	0	1	0	2	1	0	0	0	0	0	0	0	0	1	0	0	2	1	0	0	0	1	0	0	2	2	0	6	2	1	5	1	0	0
119868	12 Oct 25	17:52:00	1	0	60	0	Ct	0	1	0	1	0	0	4	0	0	0	0	0	0	4	0	0	8	1	1	0	0	0	0	0	0	2	0	3	0	0	0	1	0	0
119869	12 Oct 25	17:53:00	1	0	60	0	Ct	0	1	0	1	0	0	2	0	0	0	0	0	0	2	1	0	0	2	1	0	0	12	0	0	1	1	0	3	0	1	0	1	0	0
119870	12 Oct 25	17:54:00	1	0	60	0	Ct	0	1	0	1	0	0	1	0	0	0	0	0	0	0	1	0	0	0	8	0	0	0	0	4	2	2	0	3	0	0	2	3	0	1
119871	12 Oct 25	17:55:00	1	0	60	0	Ct	0	1	0	0	1	0	2	0	0	0	0	0	4	9	0	0	0	1	0	0	1	0	0	2	1	1	0	2	0	0	0	1	0	0
119872	12 Oct 25	17:56:00	1	0	60	0	Ct	0	1	0	0	0	0	2	0	0	0	0	0	0	0	2	0	0	2	0	0	0	1	0	2	1	2	0	1	0	1	7	0	0	3
119873	12 Oct 25	17:57:00	1	0	60	0	Ct	0	1	0	1	6	0	2	0	0	0	0	0	0	0	1	0	0	2	2	0	0	3	0	2	0	2	0	2	0	0	3	1	0	2
119874	12 Oct 25	17:58:00	1	0	60	0	Ct	0	1	0	1	3	0	1	0	0	1	0	0	2	0	1	0	0	2	1	0	0	0	0	2	2	0	0	4	0	0	0	1	0	0
119875	12 Oct 25	17:59:00	1	0	60	0	Ct	0	1	0	0	0	0	1	0	0	1	0	0	2	0	0	1	0	1	1	0	0	1	2	2	2	1	0	3	0	0	2	1	2	1
119876	12 Oct 25	18:00:00	1	0	60	0	Ct	0	1	0	0	0	0	2	0	0	1	0	0	5	0	0	1	0	0	2	0	0	6	0	0	2	2	0	3	1	1	1	0	0	5
119877	12 Oct 25	18:01:00	1	0	60	0	Ct	0	1	0	0	0	0	2	0	0	1	0	0	1	0	1	0	0	2	3	0	0	0	0	2	2	2	0	4	4	1	3	1	0	0
119878	12 Oct 25	18:02:00	1	0	60	0	Ct	0	1	0	0	0	0	0	0	0	2	0	0	2	0	2	0	0	4	2	0	0	0	2	1	8	1	0	7	1	0	0	0	0	2
119879	12 Oct 25	18:03:00	1	0	60	0	Ct	0	1	0	0	2	0	0	0	0	0	0	0	2	0	0	1	0	1	2	0	2	0	2	1	2	2	0	4	0	1	1	0	0	1
119880	12 Oct 25	18:04:00	1	0	60	0	Ct	0	1	0	0	2	0	0	0	0	0	0	0	1	0	2	1	0	1	4	0	1	0	2	0	1	2	0	3	0	2	2	2	0	2
119881	12 Oct 25	18:05:00	1	0	60	0	Ct	0	1	0	0	2	0	0	0	0	0	0	2	3	0	2	2	0	0	1	0	3	0	1	1	0	1	0	3	0	4	1	2	0	3
119882	12 Oct 25	18:06:00	1	0	60	0	Ct	0	1	0	0	0	0	0	0	0	0	0	9	1	0	2	1	0	1	2	0	2	0	4	2	1	3	0	0	0	5	1	0	0	2
119883	12 Oct 25	18:07:00	1	0	60	0	Ct	0	0	0	1	2	0	2	0	0	3	8	3	4	4	0	2	1	3	3	0	4	3	5	1	3	3	0	4	3	1	2	0	0	7
119884	12 Oct 25	18:08:00	1	0	60	0	Ct	0	0	0	1	0	0	0	0	0	4	1	3	2	5	0	3	2	2	3	0	4	8	7	0	3	2	0	5	0	0	1	5	4	6
119885	12 Oct 25	18:09:00	1	0	60	0	Ct	0	0	2	0	0	0	2	0	0	3	3	6	2	5	0	4	1	6	2	0	4	13	5	2	4	2	0	3	0	2	2	4	4	6
119886	12 Oct 25	18:10:00	1	0	60	0	Ct	0	0	0	0	0	0	5	0	0	4	2	5	3	3	0	3	2	6	4	0	4	2	5	3	4	1	2	4	0	5	0	4	3	4
119887	12 Oct 25	18:11:00	1	0	60	0	Ct	0	0	2	0	1	0	4	0	2	5	3	5	3	5	0	1	1	5	4	0	5	1	3	2	4	4	2	6	0	12	2	3	2	5
119888	12 Oct 25	18:12:00	1	0	60	0	Ct	0	0	2	0	0	0	4	1	2	4	2	4	2	3	0	3	0	6	3	0	5	1	3	2	3	4	3	4	1	27	3	3	3	5
119889	12 Oct 25	18:13:00	1	0	60	0	Ct	0	0	1	0	4	0	3	1	2	2	2	5	2	4	0	3	0	4	2	0	5	2	3	2	3	3	4	4	3	1	2	4	3	2
119890	12 Oct 25	18:14:00	1	0	60	0	Ct	0	0	3	0	0	0	4	2	3	1	1	3	2	2	0	2	0	4	3	0	3	0	4	3	3	3	3	3	1	1	2	2	3	4
119891	12 Oct 25	18:15:00	1	0	60	0	Ct	0	0	2	2	0	0	2	2	2	3	1	4	2	1	0	2	0	3	3	0	3	13	3	3	1	1	2	5	2	7	2	1	1	6
119892	12 Oct 25	18:16:00	1	0	60	0	Ct	0	0	2	5	0	0	4	3	2	3	1	4	2	1	2	3	0	2	2	0	6	5	2	2	2	4	2	4	1	1	1	3	2	4
119893	12 Oct 25	18:17:00	1	0	60	0	Ct	0	0	2	0	0	0	3	2	2	4	3	2	0	2	2	1	2	3	2	0	4	3	4	2	2	3	2	0	2	0	1	3	4	4
119894	12 Oct 25	18:18:00	1	0	60	0	Ct	0	0	1	0	0	0	3	1	2	3	2	4	0	2	3	3	0	5	3	0	3	1	3	3	0	2	2	1	9	0	3	1	2	4
119895	12 Oct 25	18:19:00	1	0	60	0	Ct	0	0	0	0	0	0	2	1	2	1	2	3	0	1	2	3	3	4	3	0	5	4	1	3	0	2	3	4	2	0	3	2	2	3
119896	12 Oct 25	18:20:00	1	0	60	0	Ct	0	0	1	0	0	0	3	2	1	0	2	2	2	3	3	6	4	4	2	0	4	1	3	0	3	3	2	3	3	3	3	2	1	4
119897	12 Oct 25	18:21:00	1	0	60	0	Ct	0	0	2	2	0	0	2	2	4	3	4	4	2	2	2	4	1	3	3	0	4	2	2	1	3	3	2	3	1	5	1	2	2	4
119898	12 Oct 25	18:22:00	1	0	60	0	Ct	0	0	2	5	0	0	1	2	3	4	3	3	3	2	3	3	0	3	3	0	4	1	2	2	3	2	1	4	2	4	2	3	1	3
119899	12 Oct 25	18:23:00	1	0	60	0	Ct	0	0	2	3	3	0	1	1	4	2	2	4	2	2	3	1	0	4	2	0	4	0	4	1	2	3	3	5	1	11	1	3	2	2
119900	12 Oct 25	18:24:00	1	0	60	0	Ct	0	0	0	5	0	0	2	3	2	3	2	5	1	1	2	3	0	3	2	0	3	3	2	2	5	2	4	3	1	2	2	2	3	7
119901	12 Oct 25	18:25:00	1	0	60	0	Ct	0	0	1	4	0	0	2	1	1	2	2	2	3	1	2	1	1	2	4	0	5	0	1	3	2	3	1	3	1	0	2	0	3	3
119902	12 Oct 25	18:26:00	1	0	60	0	Ct	0	0	2	3	0	0	2	2	2	4	1	4	2	1	2	3	3	3	3	0	3	1	2	2	3	2	1	2	4	0	2	3	1	4
119903	12 Oct 25	18:27:00	1	0	60	0	Ct	0	0	0	2	0	0	4	1	3	2	2	2	0	0	2	3	0	5	2	0	3	7	1	2	3	2	3	4	1	0	2	2	2	6
119904	12 Oct 25	18:28:00	1	0	60	0	Ct	0	0	1	6	2	0	3	2	1	2	1	4	0	2	0	12	8	4	2	0	3	1	3	2	2	2	2	2	1	2	2	2	2	1
119905	12 Oct 25	18:29:00	1	0	60	0	Ct	0	0	1	2	0	0	3	1	1	2	1	3	0	4	3	3	0	4	3	0	4	3	2	3	2	2	0	4	2	1	3	3	2	2
119906	12 Oct 25	18:30:00	1	0	60	0	Ct	0	0	1	2	0	0	3	3	2	3	2	3	1	0	1	2	4	3	2	0	2	1	6	2	2	1	1	4	1	2	0	2	2	4
119907	12 Oct 25	18:31:00	1	0	60	0	Ct	0	0	1	2	0	0	4	2	2	1	2	4	1	2	2	1	4	4	1	0	3	3	2	1	3	2	3	3	2	8	1	3	1	3
119908	12 Oct 25	18:32:00	1	0	60	0	Ct	0	0	1	3	0	0	3	1	2	2	2	2	2	1	1	4	2	3	2	0	2	2	3	1	3	2	0	3	1	4	0	4	4	1
119909	12 Oct 25	18:33:00	1	0	60	0	Ct	0	0	2	3	0	0	3	1	1	2	2	3	1	1	3	2	0	2	3	0	5	1	2	3	3	2	2	3	1	2	2	2	2	2
119910	12 Oct 25	18:34:00	1	0	60	0	Ct	0	0	1	4	0	0	3	3	0	2	0	4	0	2	1	1	0	3	4	0	2	4	1	3	3	3	0	2	0	1	0	2	2	3
119911	12 Oct 25	18:35:00	1	0	60	0	Ct	0	0	2	3	0	0	2	1	0	2	0	3	0	1	1	3	1	3	2	0	2	1	3	4	2	1	3	3	2	4	0	1	1	5
119912	12 Oct 25	18:36:00	1	0	60	0	Ct	0	0	1	1	0	0	0	2	0	2	2	3	1	1	1	1	0	2	3	0	4	4	2	1	0	3	2	4	0	3	3	1	2	1
119913	12 Oct 25	18:37:00	1	0	60	0	Ct	0	0	2	4	1	0	1	2	3	2	3	4	1	3	1	1	1	3	2	0	3	0	3	1	2	1	1	4	2	2	2	1	2	1
119914	12 Oct 25	18:38:00	1	0	60	0	Ct	0	0	4	2	0	0	2	1	1	1	0	2	2	2	3	4	4	2	3	0	5	4	1	2	2	1	1	2	1	1	1	2	2	3
119915	12 Oct 25	18:39:00	1	0	60	0	Ct	0	0	0	3	0	0	4	2	3	3	6	5	1	4	3	7	0	3	1	0	3	3	2	4	3	3	0	3	0	2	2	0	3	2
119916	12 Oct 25	18:40:00	1	0	60	0	Ct	0	0	1	1	0	0	3	2	2	1	2	3	2	6	1	1	1	0	2	0	4	2	2	2	0	1	1	3	1	2	2	0	1	2
119917	12 Oct 25	18:41:00	1	0	60	0	Ct	0	0	0	1	3	0	3	4	2	5	0	1	2	2	4	1	2	3	2	0	4	1	3	1	0	4	1	3	1	1	1	3	3	2
119918	12 Oct 25	18:42:00	1	0	60	0	Ct	0	0	3	5	3	0	2	0	3	2	5	2	1	1	1	1	1	0	2	0	3	1	1	2	2	2	2	2	4	3	3	2	4	1
119919	12 Oct 25	18:43:00	1	0	60	0	Ct	0	0	0	3	5	0	2	1	0	2	0	4	2	3	0	1	0	0	3	0	4	1	3	2	3	2	1	3	1	1	3	2	1	0
119920	12 Oct 25	18:44:00	1	0	60	0	Ct	0	0	0	3	4	0	3	1	2	2	0	3	1	2	3	2	0	2	2	0	3	1	1	1	2	2	4	4	1	2	2	2	2	1
119921	12 Oct 25	18:45:00	1	0	60	0	Ct	0	0	2	1	4	0	2	1	0	2	1	3	1	3	5	3	1	4	2	0	3	1	3	1	1	2	1	2	3	2	1	1	1	1
119922	12 Oct 25	18:46:00	1	0	60	0	Ct	0	0	0	1	3	0	0	1	0	1	2	4	2	4	3	2	1	3	2	0	2	0	1	1	1	1	2	4	14	2	1	2	3	1
119923	12 Oct 25	18:47:00	1	0	60	0	Ct	0	0	1	3	2	0	1	2	0	0	2	3	3	1	2	2	0	3	3	0	2	0	5	1	3	2	0	4	1	2	1	2	3	0
119924	12 Oct 25	18:48:00	1	0	60	0	Ct	0	0	5	3	3	0	0	1	1	0	1	0	3	1	1	5	0	3	2	0	2	0	2	0	1	1	1	0	2	1	0	1	2	0
119925	12 Oct 25	18:49:00	1	0	60	0	Ct	0	0	3	1	2	0	2	2	2	2	2	5	3	1	2	1	0	3	0	0	2	1	2	1	1	1	3	4	1	0	1	1	3	2
119926	12 Oct 25	18:50:00	1	0	60	0	Ct	0	0	0	2	1	0	4	1	1	2	1	2	1	5	4	1	0	3	2	0	3	1	1	2	2	3	1	4	1	5	4	2	1	3
119927	12 Oct 25	18:51:00	1	0	60	0	Ct	0	0	2	2	3	0	2	2	1	3	1	3	4	0	2	1	4	2	2	0	3	1	2	3	2	1	1	3	2	3	0	1	2	6
119928	12 Oct 25	18:52:00	1	0	60	0	Ct	0	0	1	3	3	0	2	4	2	2	3	2	2	3	1	1	0	4	3	0	1	0	2	3	1	1	2	0	1	2	2	2	2	6
119929	12 Oct 25	18:53:00	1	0	60	0	Ct	0	0	0	2	3	0	1	1	0	1	2	0	2	2	2	2	0	2	2	0	1	2	4	2	2	2	0	1	2	2	0	1	2	2
119930	12 Oct 25	18:54:00	1	0	60	0	Ct	0	0	0	1	3	0	1	1	0	4	6	0	2	1	2	2	1	3	3	0	2	1	0	1	2	2	4	3	2	1	0	0	1	2
119931	12 Oct 25	18:55:00	1	0	60	0	Ct	0	0	0	0	1	0	0	1	1	2	1	0	3	9	2	2	0	2	2	0	2	0	3	2	1	2	3	3	0	2	0	2	1	4
119932	12 Oct 25	18:56:00	1	0	60	0	Ct	0	0	0	1	3	0	1	0	1	2	1	2	0	8	3	3	0	3	1	0	3	1	2	1	2	2	6	2	1	4	2	0	2	2
119933	12 Oct 25	18:57:00	1	0	60	0	Ct	0	0	1	1	2	0	1	1	2	1	1	3	0	0	1	3	0	4	2	0	4	4	3	2	2	2	2	3	3	5	2	3	1	2
119934	12 Oct 25	18:58:00	1	0	60	0	Ct	0	0	1	4	3	0	3	1	1	1	0	3	0	5	0	0	0	2	1	0	1	1	2	2	3	4	0	1	2	7	2	4	2	2
119935	12 Oct 25	18:59:00	1	0	60	0	Ct	0	0	1	1	2	0	1	1	1	2	1	2	0	4	2	3	1	3	6	0	3	0	0	1	2	1	2	4	1	3	2	6	1	2
119936	12 Oct 25	19:00:00	1	0	60	0	Ct	0	0	1	2	2	0	2	1	3	3	0	2	2	2	0	0	2	3	2	0	3	1	2	1	2	2	3	4	0	1	2	5	2	5
119937	12 Oct 25	19:01:00	1	0	60	0	Ct	0	0	1	3	2	0	2	2	2	2	5	4	4	1	4	1	1	2	2	0	4	1	4	2	1	2	1	3	1	0	1	4	3	0
119938	12 Oct 25	19:02:00	1	0	60	0	Ct	0	0	4	2	2	1	2	1	2	2	0	3	2	3	0	1	0	1	2	0	2	8	2	2	9	1	2	4	2	2	1	4	2	1
119939	12 Oct 25	19:03:00	1	0	60	0	Ct	0	0	2	3	1	4	1	3	2	2	1	2	2	1	1	2	4	1	2	0	4	1	1	3	2	2	1	3	2	2	2	2	1	2
119940	12 Oct 25	19:04:00	1	0	60	0	Ct	0	0	3	2	1	3	2	1	2	3	0	2	1	3	1	2	3	3	3	0	2	5	2	2	1	2	1	3	2	1	2	2	0	2
119941	12 Oct 25	19:05:00	1	0	60	0	Ct	0	0	0	2	2	0	0	2	1	2	2	1	2	1	1	1	2	3	1	0	2	3	2	2	2	1	4	2	1	3	0	3	0	0
119942	12 Oct 25	19:06:00	1	0	60	0	Ct	0	0	1	3	1	0	0	3	2	1	1	1	1	1	2	2	3	3	3	0	2	3	2	1	1	3	1	5	0	2	1	2	1	4
119943	12 Oct 25	19:07:00	1	0	60	0	Ct	0	0	0	2	2	7	0	2	2	2	0	0	0	1	1	1	1	3	2	0	2	2	2	1	0	1	2	2	2	1	4	1	2	1
119944	12 Oct 25	19:08:00	1	0	60	0	Ct	0	0	2	1	2	1	3	3	2	2	0	4	1	2	1	3	0	2	5	0	4	3	1	1	0	2	1	4	2	1	1	3	2	1
119945	12 Oct 25	19:09:00	1	0	60	0	Ct	0	0	0	1	4	0	1	1	3	0	2	3	2	0	2	1	1	2	3	0	2	0	1	1	3	0	1	3	0	1	2	1	5	1
119946	12 Oct 25	19:10:00	1	0	60	0	Ct	0	0	0	0	2	0	4	1	0	1	2	2	2	1	3	2	1	3	1	0	0	0	5	5	2	1	2	2	0	1	2	1	3	3
119947	12 Oct 25	19:11:00	1	0	60	0	Ct	0	0	0	2	2	2	4	3	2	8	2	4	1	0	1	1	0	4	1	0	0	9	2	2	1	1	1	3	0	2	0	3	0	1
119948	12 Oct 25	19:12:00	1	0	60	0	Ct	0	0	0	1	3	1	3	2	1	1	3	2	0	0	0	3	6	3	2	0	2	2	1	1	1	1	2	3	0	1	3	1	0	2
119949	12 Oct 25	19:13:00	1	0	60	0	Ct	0	0	0	2	2	0	2	1	2	1	4	3	2	1	1	0	1	2	3	0	3	0	2	0	0	4	1	1	0	1	1	0	1	2
119950	12 Oct 25	19:14:00	1	0	60	0	Ct	0	0	0	2	2	0	4	2	7	2	2	2	1	3	0	2	5	3	3	0	3	5	10	2	1	1	2	1	0	1	1	4	1	2
119951	12 Oct 25	19:15:00	1	0	60	0	Ct	0	0	0	2	3	0	2	1	2	1	1	2	0	3	1	0	0	3	2	0	2	1	2	2	2	3	2	3	3	2	0	3	1	3
119952	12 Oct 25	19:16:00	1	0	60	0	Ct	0	0	0	2	2	0	1	1	2	3	2	2	6	1	2	0	4	2	1	0	4	3	3	2	2	2	1	3	1	1	0	2	1	3
119953	12 Oct 25	19:17:00	1	0	60	0	Ct	0	0	0	2	1	0	0	1	2	1	1	0	0	0	1	2	0	4	2	0	2	0	4	1	1	0	0	2	3	1	1	1	2	1
119954	12 Oct 25	19:18:00	1	0	60	0	Ct	0	0	0	2	1	0	0	1	0	1	2	2	0	3	3	3	0	3	2	0	2	0	5	1	0	1	2	3	1	1	2	2	3	1
119955	12 Oct 25	19:19:00	1	0	60	0	Ct	0	0	3	2	1	0	1	2	1	1	2	3	0	1	2	0	0	3	1	0	2	3	4	4	3	2	3	3	2	2	0	2	1	4
119956	12 Oct 25	19:20:00	1	0	60	0	Ct	0	0	0	2	1	0	2	1	0	2	0	2	0	1	2	0	2	3	2	0	4	4	2	3	1	4	1	3	0	2	1	1	1	2
119957	12 Oct 25	19:21:00	1	0	60	0	Ct	0	0	0	3	4	0	1	2	2	3	1	5	0	1	1	0	3	0	2	0	2	0	0	2	3	0	1	3	0	1	3	2	2	4
119958	12 Oct 25	19:22:00	1	0	60	0	Ct	0	0	0	3	2	0	1	2	1	3	2	3	2	4	2	0	6	0	1	0	0	1	0	1	2	1	2	1	0	0	1	1	2	3
119959	12 Oct 25	19:23:00	1	0	60	0	Ct	0	0	0	2	0	0	4	0	2	1	4	2	0	1	1	2	6	3	1	0	0	0	2	1	1	1	0	1	0	1	1	1	3	1
119960	12 Oct 25	19:24:00	1	0	60	0	Ct	0	0	0	2	2	0	2	0	2	0	1	1	0	5	1	2	2	3	1	0	2	9	3	2	1	3	2	4	2	2	1	1	0	1
119961	12 Oct 25	19:25:00	1	0	60	0	Ct	0	0	0	1	3	0	1	1	1	0	2	2	1	12	3	2	3	4	2	0	3	1	3	2	2	3	1	2	2	2	0	1	0	2
119962	12 Oct 25	19:26:00	1	0	60	0	Ct	0	0	1	2	2	6	3	1	2	0	1	0	3	3	1	3	0	3	2	0	3	12	1	0	0	2	2	2	3	1	3	2	1	1
119963	12 Oct 25	19:27:00	1	0	60	0	Ct	0	0	1	3	3	9	3	1	2	0	1	1	1	2	1	1	2	3	2	0	2	0	4	1	0	2	1	3	6	2	1	1	2	1
119964	12 Oct 25	19:28:00	1	0	60	0	Ct	0	0	1	1	1	3	3	4	0	0	1	3	3	2	2	5	6	2	2	0	3	5	2	2	2	2	1	3	4	11	3	1	1	0
119965	12 Oct 25	19:29:00	1	0	60	0	Ct	0	0	1	1	2	3	0	2	3	0	2	2	1	0	1	3	0	3	3	0	3	0	1	1	1	2	2	3	5	1	0	3	2	1
119966	12 Oct 25	19:30:00	1	0	60	0	Ct	0	0	2	2	2	1	2	2	0	0	0	1	1	1	1	2	0	3	1	0	1	0	3	1	12	1	1	3	0	2	0	2	2	1
119967	12 Oct 25	19:31:00	1	0	60	0	Ct	0	0	2	0	3	0	2	2	0	1	2	1	0	1	2	3	0	4	2	0	2	0	2	2	2	1	3	3	2	2	0	0	2	2
119968	12 Oct 25	19:32:00	1	0	60	0	Ct	0	0	2	1	2	5	5	2	1	2	1	2	0	1	1	2	4	2	2	0	2	1	1	1	1	2	0	6	1	1	0	1	2	2
119969	12 Oct 25	19:33:00	1	0	60	0	Ct	0	0	0	2	2	3	1	0	1	2	0	1	0	4	1	1	1	1	1	0	2	2	2	2	2	10	0	3	4	1	0	4	1	2
119970	12 Oct 25	19:34:00	1	0	60	0	Ct	0	0	0	4	0	0	0	0	2	2	0	10	0	0	0	3	0	1	2	0	3	0	1	1	3	8	1	2	2	1	1	3	0	1
119971	12 Oct 25	19:35:00	1	0	60	0	Ct	0	0	0	1	3	2	2	1	1	3	0	0	0	1	1	1	3	2	2	0	3	0	2	2	0	2	0	3	0	2	1	1	2	3
119972	12 Oct 25	19:36:00	1	0	60	0	Ct	0	0	0	2	3	2	2	2	1	10	3	3	1	6	2	2	0	3	3	0	2	0	1	2	2	3	1	3	2	0	1	1	3	2
119973	12 Oct 25	19:37:00	1	0	60	0	Ct	0	0	0	2	3	0	1	0	1	1	1	2	2	3	2	1	0	4	1	0	3	3	2	1	2	3	1	3	1	2	1	2	1	3
119974	12 Oct 25	19:38:00	1	0	60	0	Ct	0	0	0	2	4	1	1	1	1	1	1	0	1	1	3	0	0	3	3	0	3	13	1	1	2	1	3	1	7	1	1	3	1	3
119975	12 Oct 25	19:39:00	1	0	60	0	Ct	0	0	0	3	5	1	2	2	2	2	2	2	1	4	2	2	0	3	0	0	2	0	2	2	2	2	2	3	39	2	0	2	1	2
119976	12 Oct 25	19:40:00	1	0	60	0	Ct	0	0	0	2	3	0	2	0	0	3	1	2	1	2	1	2	0	4	1	0	3	1	2	2	3	2	0	0	9	0	1	0	0	0
119977	12 Oct 25	19:41:00	1	0	60	0	Ct	0	0	0	4	3	0	1	2	1	1	1	1	2	0	0	1	0	3	1	0	2	4	1	1	3	1	2	0	2	0	1	2	1	2
119978	12 Oct 25	19:42:00	1	0	60	0	Ct	0	0	0	2	3	0	0	2	1	1	1	3	3	4	2	1	0	1	1	0	3	0	1	2	4	1	2	3	4	2	1	0	2	1
119979	12 Oct 25	19:43:00	1	0	60	0	Ct	0	0	0	2	4	0	2	0	3	0	0	0	1	0	1	1	7	0	1	0	3	1	1	0	3	1	0	3	12	2	0	3	0	2
119980	12 Oct 25	19:44:00	1	0	60	0	Ct	0	0	1	4	2	0	0	1	2	0	2	0	1	2	1	0	0	2	3	0	3	11	1	2	2	1	1	6	16	5	4	0	2	0
119981	12 Oct 25	19:45:00	1	0	60	0	Ct	0	0	1	3	2	0	2	1	2	1	0	0	0	0	2	1	4	5	0	0	3	0	2	2	3	1	0	4	1	1	0	2	2	2
119982	12 Oct 25	19:46:00	1	0	60	0	Ct	0	0	0	0	4	0	2	1	1	1	2	2	4	1	2	1	0	2	0	0	3	1	1	2	0	2	3	1	0	0	0	4	2	4
119983	12 Oct 25	19:47:00	1	0	60	0	Ct	0	0	0	3	4	0	1	4	3	3	2	2	1	6	3	3	1	3	1	0	1	2	2	3	2	1	2	2	5	1	2	6	1	5
119984	12 Oct 25	19:48:00	1	0	60	0	Ct	0	0	0	0	1	0	2	0	2	2	2	2	4	0	2	2	0	3	1	0	2	6	3	1	3	2	2	2	2	0	0	2	3	3
119985	12 Oct 25	19:49:00	1	0	60	0	Ct	0	0	0	2	3	0	2	1	2	1	1	2	1	0	2	1	3	3	0	0	3	2	5	3	2	3	1	3	2	1	3	5	1	3
119986	12 Oct 25	19:50:00	1	0	60	0	Ct	0	0	0	5	4	0	1	3	2	3	1	2	2	1	2	3	6	2	2	0	3	2	3	1	2	3	1	4	1	0	1	4	1	1
119987	12 Oct 25	19:51:00	1	0	60	0	Ct	0	0	0	5	1	0	3	4	2	2	1	2	1	1	2	3	2	3	3	0	5	1	1	1	1	1	2	4	1	2	2	3	2	0
119988	12 Oct 25	19:52:00	1	0	60	0	Ct	0	0	2	0	2	0	1	1	2	3	3	1	1	1	2	1	0	2	1	0	2	0	0	2	0	3	1	2	2	1	0	3	2	1
119989	12 Oct 25	19:53:00	1	0	60	0	Ct	0	0	0	0	1	0	2	2	3	1	2	1	0	4	3	0	0	3	0	0	2	0	3	2	0	1	3	3	1	5	0	3	0	3
119990	12 Oct 25	19:54:00	1	0	60	0	Ct	0	0	0	0	3	0	0	1	1	2	0	3	1	2	2	3	1	3	0	0	2	0	4	2	3	2	1	3	1	1	2	3	3	2
119991	12 Oct 25	19:55:00	1	0	60	0	Ct	0	0	1	0	1	0	2	2	1	1	1	2	2	0	4	1	2	3	0	0	3	1	3	0	2	2	0	3	3	2	0	1	2	1
119992	12 Oct 25	19:56:00	1	0	60	0	Ct	0	0	2	4	1	0	2	1	0	3	1	3	1	0	1	1	0	3	0	0	3	1	1	0	2	1	1	2	0	1	1	2	1	1
119993	12 Oct 25	19:57:00	1	0	60	0	Ct	0	0	1	5	2	0	2	1	1	1	0	2	1	2	4	1	2	3	0	0	1	0	1	1	1	3	3	1	0	1	2	1	2	2
119994	12 Oct 25	19:58:00	1	0	60	0	Ct	0	0	1	3	2	0	3	0	4	0	0	2	2	1	1	2	6	3	0	0	1	1	2	1	1	3	1	2	1	2	1	2	3	3
119995	12 Oct 25	19:59:00	1	0	60	0	Ct	0	0	1	3	1	0	1	0	1	0	0	3	3	1	1	1	0	2	0	0	2	2	3	3	3	1	1	3	3	1	0	2	5	2
119996	12 Oct 25	20:00:00	1	0	60	0	Ct	0	0	1	3	3	0	1	0	4	0	0	0	1	1	1	1	0	0	0	0	3	0	2	3	2	3	1	3	0	2	1	2	1	3
119997	12 Oct 25	20:01:00	1	0	60	0	Ct	0	0	0	3	3	2	0	0	1	0	4	4	2	0	2	1	0	1	0	0	2	4	1	2	3	2	0	2	2	0	1	3	4	2
119998	12 Oct 25	20:02:00	1	0	60	0	Ct	0	0	2	2	1	0	1	0	0	0	3	2	0	2	2	1	0	5	0	0	1	5	2	1	7	2	2	2	0	6	1	3	1	0
119999	12 Oct 25	20:03:00	1	0	60	0	Ct	0	0	2	3	1	6	3	0	2	3	1	2	2	0	3	1	0	3	0	0	0	12	2	1	2	3	2	2	1	7	1	4	3	1
120000	12 Oct 25	20:04:00	1	0	60	0	Ct	0	0	2	3	2	2	1	1	2	2	1	2	3	1	4	1	0	3	0	0	3	0	9	1	2	2	1	3	4	0	3	4	2	1
120001	12 Oct 25	20:05:00	1	0	60	0	Ct	0	0	1	2	2	0	2	3	0	3	5	2	3	1	2	1	0	2	0	0	3	1	2	2	3	0	1	4	1	3	2	3	2	2
120002	12 Oct 25	20:06:00	1	0	60	0	Ct	0	0	0	3	3	0	3	0	1	3	0	2	1	3	1	1	0	3	0	0	4	1	1	4	1	0	0	3	1	1	3	2	1	2
120003	12 Oct 25	20:07:00	1	0	60	0	Ct	0	0	0	2	2	0	3	3	2	2	0	3	2	6	3	1	0	3	0	0	3	0	3	3	4	2	4	4	0	7	1	2	1	2
120004	12 Oct 25	20:08:00	1	0	60	0	Ct	0	0	3	4	2	0	1	3	2	1	1	2	4	3	3	1	1	2	0	0	3	0	2	2	2	2	1	4	3	7	1	2	1	4
120005	12 Oct 25	20:09:00	1	0	60	0	Ct	0	0	2	2	1	0	1	3	7	1	1	3	2	4	0	1	3	3	0	0	2	0	2	1	1	1	0	2	1	3	1	3	0	2
120006	12 Oct 25	20:10:00	1	0	60	0	Ct	0	0	1	2	2	0	1	0	1	3	0	1	2	3	2	1	0	5	1	0	3	1	4	2	0	1	0	1	1	1	1	2	0	1
120007	12 Oct 25	20:11:00	1	0	60	0	Ct	0	0	1	4	1	0	1	1	2	3	2	10	1	2	2	2	6	3	0	0	2	1	0	2	0	3	0	1	2	0	1	2	0	1
120008	12 Oct 25	20:12:00	1	0	60	0	Ct	0	0	0	2	2	0	1	1	2	1	0	0	3	3	1	3	0	2	0	0	2	0	3	2	4	1	0	2	1	4	4	3	0	0
120009	12 Oct 25	20:13:00	1	0	60	0	Ct	0	0	0	3	1	0	1	1	2	1	0	2	0	2	1	1	1	1	3	0	3	0	0	1	2	1	3	3	3	1	1	4	4	3
120010	12 Oct 25	20:14:00	1	0	60	0	Ct	0	0	0	3	1	0	4	0	1	2	2	1	2	1	1	0	0	2	2	0	3	0	1	0	4	2	4	3	2	7	8	3	5	2
120011	12 Oct 25	20:15:00	1	0	60	0	Ct	0	0	0	4	0	0	2	2	2	1	2	2	1	1	1	0	6	4	2	0	1	0	5	1	2	1	0	3	1	1	1	1	2	2
120012	12 Oct 25	20:16:00	1	0	60	0	Ct	0	0	0	1	2	0	2	8	1	0	1	0	0	2	1	2	0	4	4	0	3	0	4	2	1	1	2	3	1	1	0	2	1	2
120013	12 Oct 25	20:17:00	1	0	60	0	Ct	0	0	0	3	2	0	3	0	2	0	3	2	1	1	2	2	2	1	2	0	2	1	2	1	2	1	0	3	0	0	0	4	3	4
120014	12 Oct 25	20:18:00	1	0	60	0	Ct	0	0	0	3	1	0	2	2	1	0	2	3	1	1	1	2	0	2	2	0	1	0	3	3	4	2	1	3	1	0	1	2	2	0
120015	12 Oct 25	20:19:00	1	0	60	0	Ct	0	0	0	2	1	0	3	0	1	0	3	3	1	7	2	2	2	4	2	0	3	15	2	1	1	1	1	2	1	1	1	2	0	0
120016	12 Oct 25	20:20:00	1	0	60	0	Ct	0	0	0	2	1	0	1	3	2	0	2	3	0	1	2	1	0	3	2	0	2	0	2	1	0	1	1	2	1	2	1	2	0	2
120017	12 Oct 25	20:21:00	1	0	60	0	Ct	0	0	4	2	3	0	1	5	0	2	1	1	2	2	1	3	0	4	1	0	2	0	2	2	0	1	1	3	2	2	1	3	2	1
120018	12 Oct 25	20:22:00	1	0	60	0	Ct	0	0	1	3	1	0	1	1	1	1	0	2	1	0	2	1	1	3	3	0	2	0	5	1	0	2	4	3	0	1	3	2	1	2
120019	12 Oct 25	20:23:00	1	0	60	0	Ct	0	0	1	2	3	0	1	2	1	2	2	4	1	0	4	1	12	4	1	0	2	0	0	1	0	2	1	2	2	2	2	3	4	2
120020	12 Oct 25	20:24:00	1	0	60	0	Ct	0	0	2	1	3	0	0	3	2	0	0	3	2	4	1	1	0	5	1	0	3	0	5	2	0	1	3	0	3	1	2	1	1	2
120021	12 Oct 25	20:25:00	1	0	60	0	Ct	0	0	0	2	1	0	2	1	1	0	0	2	1	1	1	2	0	4	1	0	2	0	2	2	0	1	1	1	1	1	4	2	2	3
120022	12 Oct 25	20:26:00	1	0	60	0	Ct	0	0	1	3	2	0	2	0	1	3	0	2	0	2	2	2	0	4	2	0	3	1	6	2	0	2	1	3	2	3	0	1	0	3
120023	12 Oct 25	20:27:00	1	0	60	0	Ct	0	0	0	1	4	0	0	0	2	1	0	2	3	2	1	2	0	3	2	0	3	2	2	2	2	2	0	4	2	1	2	0	1	3
120024	12 Oct 25	20:28:00	1	0	60	0	Ct	0	0	0	2	1	0	3	0	0	1	1	1	0	6	2	2	0	4	2	0	2	0	2	1	2	2	0	2	2	1	2	0	1	3
120025	12 Oct 25	20:29:00	1	0	60	0	Ct	0	0	0	2	3	0	1	0	2	1	0	2	10	4	1	1	0	3	2	0	2	0	3	3	0	1	2	4	0	1	7	1	2	0
120026	12 Oct 25	20:30:00	1	0	60	0	Ct	0	0	0	2	1	0	1	5	1	0	2	2	1	2	3	2	2	3	1	0	2	2	2	2	1	0	2	3	0	5	3	9	1	1
120027	12 Oct 25	20:31:00	1	0	60	0	Ct	0	0	0	2	3	0	7	0	1	1	1	13	1	1	2	0	4	1	2	0	1	2	1	3	2	0	3	3	2	2	2	6	4	1
120028	12 Oct 25	20:32:00	1	0	60	0	Ct	0	0	0	3	2	0	1	1	3	2	1	3	1	2	3	2	3	10	1	0	3	1	3	1	1	3	2	4	2	0	1	1	3	2
120029	12 Oct 25	20:33:00	1	0	60	0	Ct	0	0	0	3	1	0	2	0	1	0	2	2	0	0	2	0	0	5	2	0	3	2	2	0	2	2	1	3	2	0	2	2	0	0
120030	12 Oct 25	20:34:00	1	0	60	0	Ct	0	0	0	4	2	0	3	1	1	0	3	2	6	2	2	2	1	6	2	0	3	1	2	0	2	4	2	2	3	0	1	1	0	2
120031	12 Oct 25	20:35:00	1	0	60	0	Ct	0	0	1	2	2	0	2	3	3	2	2	3	1	4	3	3	0	4	2	0	3	0	4	3	4	1	1	0	2	0	1	2	0	2
120032	12 Oct 25	20:36:00	1	0	60	0	Ct	0	0	1	1	2	0	2	6	2	1	2	2	1	0	2	2	1	4	3	0	4	1	2	2	1	2	1	3	2	2	1	2	1	1
120033	12 Oct 25	20:37:00	1	0	60	0	Ct	0	0	2	1	2	0	3	1	2	1	2	3	1	2	4	4	0	3	2	0	3	1	3	4	1	1	2	4	1	0	0	1	3	2
120034	12 Oct 25	20:38:00	1	0	60	0	Ct	0	0	0	2	1	0	2	2	1	1	4	2	1	0	2	1	7	4	2	0	2	4	2	3	2	2	1	2	0	1	0	0	4	1
120035	12 Oct 25	20:39:00	1	0	60	0	Ct	0	0	0	3	2	0	2	1	1	0	1	3	2	2	3	5	1	3	3	0	3	1	1	3	5	2	2	4	0	4	1	0	2	2
120036	12 Oct 25	20:40:00	1	0	60	0	Ct	0	0	1	2	2	4	4	0	1	1	1	2	4	2	1	30	5	4	2	0	3	3	1	2	4	2	4	2	0	3	1	0	2	2
120037	12 Oct 25	20:41:00	1	0	60	0	Ct	0	0	1	3	2	4	2	2	1	1	2	4	1	1	2	2	4	3	1	0	2	0	0	2	3	0	2	3	0	1	0	1	1	2
120038	12 Oct 25	20:42:00	1	0	60	0	Ct	0	0	0	2	1	0	1	0	1	1	1	3	0	0	2	1	0	5	1	0	3	0	2	2	2	2	1	0	2	3	2	1	1	2
120039	12 Oct 25	20:43:00	1	0	60	0	Ct	0	0	0	2	2	0	1	1	2	0	3	1	5	0	2	1	4	3	2	0	4	0	2	1	9	1	1	3	0	2	2	5	2	1
120040	12 Oct 25	20:44:00	1	0	60	0	Ct	0	0	0	1	2	0	2	1	0	0	1	2	0	0	2	3	5	3	2	0	2	0	1	4	2	1	1	2	3	1	0	3	9	3
120041	12 Oct 25	20:45:00	1	0	60	0	Ct	0	0	0	0	1	1	0	1	0	1	2	2	0	6	5	2	0	7	1	0	5	0	2	2	4	2	2	2	2	1	5	2	1	2
120042	12 Oct 25	20:46:00	1	0	60	0	Ct	0	0	0	3	1	3	4	1	1	1	3	3	0	5	3	2	0	3	1	0	3	0	2	1	2	2	2	3	1	3	0	2	0	1
120043	12 Oct 25	20:47:00	1	0	60	0	Ct	0	0	0	1	2	0	3	1	1	2	1	8	0	2	1	0	2	5	1	0	3	0	1	3	2	3	2	4	1	1	1	3	0	2
120044	12 Oct 25	20:48:00	1	0	60	0	Ct	0	0	0	3	3	3	0	1	2	4	4	4	0	1	2	1	2	3	2	0	2	0	1	2	2	1	1	2	2	1	2	2	1	2
120045	12 Oct 25	20:49:00	1	0	60	0	Ct	0	0	0	2	2	1	2	0	2	2	1	3	2	1	2	1	0	5	0	0	6	0	3	2	2	0	2	3	2	3	1	2	0	3
120046	12 Oct 25	20:50:00	1	0	60	0	Ct	0	0	0	4	2	2	1	3	1	2	1	1	3	0	1	0	1	4	1	0	3	0	1	1	3	0	1	3	2	0	1	4	1	4
120047	12 Oct 25	20:51:00	1	0	60	0	Ct	0	0	1	4	2	0	1	0	1	3	0	3	1	2	2	2	0	3	7	0	4	0	2	1	0	1	2	4	1	2	0	3	0	2
120048	12 Oct 25	20:52:00	1	0	60	0	Ct	0	0	1	4	1	4	1	4	1	3	1	4	0	0	2	0	17	1	2	0	5	0	1	3	2	1	2	0	0	2	2	3	3	1
120049	12 Oct 25	20:53:00	1	0	60	0	Ct	0	0	2	5	1	0	1	2	1	1	0	3	0	0	3	1	1	3	0	0	2	0	3	2	2	2	1	0	1	0	2	3	0	1
120050	12 Oct 25	20:54:00	1	0	60	0	Ct	0	0	0	1	3	0	3	2	2	1	0	0	1	5	5	2	2	3	2	0	4	1	2	2	3	1	2	2	7	2	0	0	1	3
120051	12 Oct 25	20:55:00	1	0	60	0	Ct	0	0	1	2	2	0	3	1	2	1	1	0	1	0	2	4	0	3	2	0	3	1	4	2	1	2	1	4	3	1	1	0	15	0
120052	12 Oct 25	20:56:00	1	0	60	0	Ct	0	0	1	2	2	2	1	1	0	0	3	3	3	5	1	5	0	3	1	0	3	0	2	2	6	2	6	2	2	1	2	2	13	2
120053	12 Oct 25	20:57:00	1	0	60	0	Ct	0	0	1	3	2	2	2	2	2	0	0	1	1	1	1	5	0	4	3	0	3	3	1	2	1	1	4	4	2	13	1	3	0	0
120054	12 Oct 25	20:58:00	1	0	60	0	Ct	0	0	1	2	1	3	3	1	2	0	1	0	1	2	2	3	6	3	2	0	3	0	1	2	2	1	1	4	3	8	1	4	1	2
120055	12 Oct 25	20:59:00	1	0	60	0	Ct	0	0	1	1	2	0	3	5	2	0	2	0	1	3	3	3	12	4	2	0	4	8	2	1	2	2	2	4	3	3	9	2	3	1
120056	12 Oct 25	21:00:00	1	0	60	0	Ct	0	0	1	2	1	2	1	1	1	0	3	0	3	7	2	2	2	3	2	0	3	0	2	1	5	2	2	4	2	2	2	2	1	2
120057	12 Oct 25	21:01:00	1	0	60	0	Ct	0	0	2	3	1	0	1	2	1	2	3	3	3	3	2	2	9	5	2	0	3	7	3	2	2	2	1	3	2	1	0	1	3	2
120058	12 Oct 25	21:02:00	1	0	60	0	Ct	0	0	1	1	1	1	4	2	1	1	1	4	4	3	2	1	0	2	2	0	3	0	3	1	0	1	1	4	3	1	2	1	1	2
120059	12 Oct 25	21:03:00	1	0	60	0	Ct	0	0	0	3	7	4	1	2	2	2	4	3	0	0	3	3	0	4	3	0	4	0	2	0	1	2	2	2	1	1	3	4	0	2
120060	12 Oct 25	21:04:00	1	0	60	0	Ct	0	0	2	4	2	1	4	1	3	2	1	8	1	0	3	2	1	3	1	0	3	0	1	2	1	3	1	2	2	2	1	2	0	4
120061	12 Oct 25	21:05:00	1	0	60	0	Ct	0	0	1	3	0	0	1	1	4	1	3	3	1	2	3	1	3	5	2	0	4	1	2	2	0	2	2	2	1	1	4	1	0	2
120062	12 Oct 25	21:06:00	1	0	60	0	Ct	0	0	0	2	3	0	2	2	2	1	1	4	3	0	2	3	3	4	3	0	3	1	0	4	1	1	0	3	3	0	3	1	0	2
120063	12 Oct 25	21:07:00	1	0	60	0	Ct	0	0	0	1	3	0	2	3	3	1	4	4	1	0	1	1	0	3	3	0	5	2	1	1	2	2	1	1	1	3	2	3	0	1
120064	12 Oct 25	21:08:00	1	0	60	0	Ct	0	0	0	3	2	0	1	4	2	14	1	5	1	4	2	0	0	4	2	0	2	1	1	3	1	1	1	4	1	7	1	3	0	3
120065	12 Oct 25	21:09:00	1	0	60	0	Ct	0	0	0	7	3	0	1	0	1	2	1	3	2	2	6	1	1	3	2	0	3	2	3	1	1	0	1	3	3	0	1	6	0	4
120066	12 Oct 25	21:10:00	1	0	60	0	Ct	0	0	2	2	3	0	2	0	2	4	0	3	3	1	2	2	0	4	1	0	3	4	0	1	2	2	3	0	1	2	2	2	1	2
120067	12 Oct 25	21:11:00	1	0	60	0	Ct	0	0	1	3	2	0	1	2	2	2	2	3	1	1	2	3	0	2	1	0	2	0	4	2	2	2	1	3	3	1	1	2	2	2
120068	12 Oct 25	21:12:00	1	0	60	0	Ct	0	0	0	1	4	0	4	0	1	2	2	3	3	2	2	1	2	4	3	0	4	0	1	2	7	2	2	3	3	1	2	2	1	3
120069	12 Oct 25	21:13:00	1	0	60	0	Ct	0	0	2	3	3	0	0	5	1	2	0	3	2	1	0	2	2	0	1	0	4	2	1	1	2	2	1	4	3	1	2	4	2	2
120070	12 Oct 25	21:14:00	1	0	60	0	Ct	0	0	2	2	2	0	2	0	2	2	1	4	0	1	3	2	3	0	2	0	3	0	4	1	1	2	4	1	1	2	2	2	1	2
120071	12 Oct 25	21:15:00	1	0	60	0	Ct	0	0	4	3	3	0	1	0	0	2	3	4	2	9	4	1	3	2	3	0	4	0	3	1	0	3	1	4	1	1	1	1	2	1
120072	12 Oct 25	21:16:00	1	0	60	0	Ct	0	0	1	4	3	0	3	4	2	2	0	2	4	4	3	2	0	2	2	0	2	2	3	1	0	2	3	3	3	1	0	2	1	2
120073	12 Oct 25	21:17:00	1	0	60	0	Ct	0	0	2	3	3	0	2	1	1	2	4	3	0	3	3	3	1	4	2	0	4	0	3	0	5	3	1	4	1	2	3	3	1	3
120074	12 Oct 25	21:18:00	1	0	60	0	Ct	0	0	1	2	2	0	2	2	1	2	1	2	0	1	3	2	3	2	1	0	3	0	1	0	4	1	1	1	2	1	0	0	28	4
120075	12 Oct 25	21:19:00	1	0	60	0	Ct	0	0	4	5	2	0	3	2	3	1	1	2	0	1	3	3	0	3	2	0	4	4	0	1	3	2	1	1	2	3	1	2	3	2
120076	12 Oct 25	21:20:00	1	0	60	0	Ct	0	0	1	1	1	0	2	2	0	0	2	7	0	2	4	4	3	4	1	0	4	1	2	2	4	1	1	4	3	1	0	6	1	1
120077	12 Oct 25	21:21:00	1	0	60	0	Ct	0	0	2	2	3	0	2	2	2	0	3	3	0	1	3	2	0	5	2	0	4	1	2	1	2	1	2	4	2	0	1	4	2	1
120078	12 Oct 25	21:22:00	1	0	60	0	Ct	0	0	2	3	2	0	3	4	0	0	1	5	4	0	3	1	0	2	2	0	3	2	0	10	2	2	3	5	0	3	1	3	1	2
120079	12 Oct 25	21:23:00	1	0	60	0	Ct	0	0	4	1	3	0	2	2	0	1	1	3	2	2	2	0	0	4	2	0	4	1	0	2	2	3	1	3	2	2	3	3	2	0
120080	12 Oct 25	21:24:00	1	0	60	0	Ct	0	0	0	4	2	0	3	2	0	4	1	4	2	1	2	2	0	4	3	0	4	1	2	2	1	2	1	3	3	3	2	3	2	1
120081	12 Oct 25	21:25:00	1	0	60	0	Ct	0	0	0	2	3	0	4	0	0	2	1	3	3	0	3	4	2	4	2	0	3	1	1	2	1	1	1	4	1	3	3	0	2	2
120082	12 Oct 25	21:26:00	1	0	60	0	Ct	0	0	0	3	2	0	3	1	2	2	1	3	2	2	3	1	4	4	3	0	3	1	2	3	0	2	2	3	4	8	2	0	0	5
120083	12 Oct 25	21:27:00	1	0	60	0	Ct	0	0	0	2	3	0	2	2	3	2	2	4	1	3	2	0	0	8	2	0	4	0	4	2	1	2	2	4	2	2	2	1	0	2
120084	12 Oct 25	21:28:00	1	0	60	0	Ct	0	0	1	2	3	0	2	2	3	1	0	2	3	2	2	2	0	5	2	0	4	1	1	4	0	4	2	4	2	1	2	1	1	2
120085	12 Oct 25	21:29:00	1	0	60	0	Ct	0	0	1	3	2	0	3	0	1	0	1	3	2	2	3	3	2	6	2	0	3	0	1	1	3	1	2	2	1	3	3	4	0	0
120086	12 Oct 25	21:30:00	1	0	60	0	Ct	0	0	2	3	3	0	5	1	1	1	3	3	3	1	1	2	0	5	2	0	6	1	1	2	3	1	1	4	1	1	1	2	3	3
120087	12 Oct 25	21:31:00	1	0	60	0	Ct	0	0	1	5	0	0	2	5	2	3	2	4	1	2	2	0	0	3	2	0	3	1	2	1	3	2	1	4	2	1	1	2	2	6
120088	12 Oct 25	21:32:00	1	0	60	0	Ct	0	0	1	2	1	1	2	4	0	2	2	2	1	1	6	3	1	3	2	0	5	3	1	3	2	1	2	3	1	1	1	1	2	4
120089	12 Oct 25	21:33:00	1	0	60	0	Ct	0	0	2	4	2	4	2	3	0	2	2	3	1	1	0	0	0	4	1	0	3	1	1	1	6	2	0	3	3	2	0	3	2	5
120090	12 Oct 25	21:34:00	1	0	60	0	Ct	0	0	4	3	3	1	3	2	1	2	2	3	2	9	3	2	2	0	1	0	4	1	2	2	1	2	3	3	2	3	1	2	3	3
120091	12 Oct 25	21:35:00	1	0	60	0	Ct	0	0	0	3	2	0	3	3	1	1	5	3	0	0	1	1	0	6	2	0	3	1	2	3	0	1	1	0	3	1	1	2	1	3
120092	12 Oct 25	21:36:00	1	0	60	0	Ct	0	0	0	3	1	6	3	1	6	1	1	4	0	0	3	2	0	2	2	0	4	1	2	3	0	2	3	3	3	2	2	3	0	2
120093	12 Oct 25	21:37:00	1	0	60	0	Ct	0	0	0	2	3	1	3	1	0	2	0	2	0	1	1	2	1	4	2	0	3	2	3	3	0	4	2	3	2	0	3	3	0	4
120094	12 Oct 25	21:38:00	1	0	60	0	Ct	0	0	0	3	3	0	2	2	3	1	1	0	3	1	4	3	0	5	1	0	4	1	1	1	0	2	0	1	1	3	1	1	0	1
120095	12 Oct 25	21:39:00	1	0	60	0	Ct	0	0	0	3	4	0	3	0	2	0	0	0	2	0	2	2	2	4	1	0	4	1	4	0	1	1	3	4	6	2	2	2	0	3
120096	12 Oct 25	21:40:00	1	0	60	0	Ct	0	0	2	2	3	8	4	2	2	2	1	0	2	2	3	3	2	4	2	0	4	1	2	5	2	2	1	8	3	1	2	0	1	2
120097	12 Oct 25	21:41:00	1	0	60	0	Ct	0	0	1	3	3	0	1	1	2	0	3	2	1	0	0	0	0	4	3	0	4	1	3	1	3	1	4	3	2	3	1	0	3	4
120098	12 Oct 25	21:42:00	1	0	60	0	Ct	0	0	2	3	2	0	2	0	0	1	3	3	1	1	1	2	0	3	1	0	1	0	2	1	2	3	1	4	2	1	5	0	2	2
120099	12 Oct 25	21:43:00	1	0	60	0	Ct	0	0	0	2	3	7	1	0	1	0	2	2	0	1	1	1	2	4	3	0	3	9	0	2	0	2	1	3	1	2	2	2	1	2
120100	12 Oct 25	21:44:00	1	0	60	0	Ct	0	0	0	3	3	10	2	0	4	0	2	3	0	1	2	0	0	3	2	0	4	0	2	2	0	1	3	3	4	2	2	0	2	4
120101	12 Oct 25	21:45:00	1	0	60	0	Ct	0	0	0	2	1	3	3	0	1	2	1	3	0	4	2	0	3	1	2	0	5	1	1	3	2	1	1	2	2	1	1	1	4	2
120102	12 Oct 25	21:46:00	1	0	60	0	Ct	0	0	0	3	1	0	2	2	3	1	0	3	4	2	1	1	1	2	3	0	4	1	3	2	1	4	12	4	2	0	0	3	2	2
120103	12 Oct 25	21:47:00	1	0	60	0	Ct	0	0	0	3	2	0	3	6	2	0	2	2	2	0	3	2	1	3	3	0	3	0	2	2	2	0	8	4	3	1	0	2	0	4
120104	12 Oct 25	21:48:00	1	0	60	0	Ct	0	0	0	2	3	4	0	2	3	0	2	1	2	8	2	3	4	3	1	0	4	0	1	2	3	2	1	2	0	1	0	1	9	3
120105	12 Oct 25	21:49:00	1	0	60	0	Ct	0	0	0	5	3	1	4	1	1	1	1	2	2	12	1	2	0	4	1	0	4	4	1	2	2	1	2	4	1	17	0	3	1	1
120106	12 Oct 25	21:50:00	1	0	60	0	Ct	0	0	0	1	4	0	3	1	4	1	2	3	1	7	2	0	1	2	1	0	6	2	1	3	3	1	2	2	5	4	2	0	1	6
120107	12 Oct 25	21:51:00	1	0	60	0	Ct	0	0	2	3	5	0	1	2	1	2	0	4	1	0	4	1	4	3	1	0	4	1	8	3	1	1	2	3	3	2	5	2	1	4
120108	12 Oct 25	21:52:00	1	0	60	0	Ct	0	0	1	3	2	0	2	2	2	2	0	2	1	0	2	1	5	0	2	0	3	1	0	2	1	2	1	0	2	2	2	1	6	1
120109	12 Oct 25	21:53:00	1	0	60	0	Ct	0	0	1	3	2	1	4	1	1	1	0	3	0	2	1	3	1	4	0	0	4	4	2	2	2	1	2	3	3	2	5	3	1	4
120110	12 Oct 25	21:54:00	1	0	60	0	Ct	0	0	1	2	3	5	1	1	3	3	0	3	0	4	3	1	3	4	1	0	4	11	0	2	1	3	1	3	1	2	2	3	1	3
120111	12 Oct 25	21:55:00	1	0	60	0	Ct	0	0	1	4	1	0	2	3	1	1	1	4	1	1	2	4	0	3	0	0	3	1	2	2	0	2	1	2	0	1	2	3	1	3
120112	12 Oct 25	21:56:00	1	0	60	0	Ct	0	0	3	2	3	2	4	4	2	2	1	2	5	3	2	1	0	3	0	0	2	8	2	0	0	2	3	2	1	2	2	4	2	2
120113	12 Oct 25	21:57:00	1	0	60	0	Ct	0	0	1	1	2	2	2	1	1	2	1	2	1	6	2	3	0	3	0	0	4	0	1	3	0	2	2	3	1	1	1	1	2	2
120114	12 Oct 25	21:58:00	1	0	60	0	Ct	0	0	0	2	2	2	2	0	1	3	3	4	0	2	2	1	6	5	0	0	4	1	1	1	1	2	0	4	4	1	1	11	0	3
120115	12 Oct 25	21:59:00	1	0	60	0	Ct	0	0	0	2	2	2	3	2	2	2	0	3	1	1	2	2	3	4	0	0	4	1	5	1	0	1	2	4	2	5	1	3	2	2
120116	12 Oct 25	22:00:00	1	0	60	0	Ct	0	0	3	4	2	0	2	3	1	3	2	2	4	2	2	1	0	2	0	0	4	1	0	2	1	2	3	3	1	1	1	2	4	0
120117	12 Oct 25	22:01:00	1	0	60	0	Ct	0	0	0	1	1	0	3	2	1	0	4	2	1	0	4	4	3	3	0	0	4	1	1	4	2	1	2	3	1	0	1	1	2	2
120118	12 Oct 25	22:02:00	1	0	60	0	Ct	0	0	0	1	4	0	3	1	2	1	3	2	0	2	2	9	0	5	2	0	4	1	2	3	0	1	2	5	3	1	1	2	2	6
120119	12 Oct 25	22:03:00	1	0	60	0	Ct	0	0	1	1	2	0	2	4	2	2	3	8	2	0	4	2	5	4	1	0	5	1	1	4	1	2	1	3	2	1	1	2	1	1
120120	12 Oct 25	22:04:00	1	0	60	0	Ct	0	0	2	1	3	0	1	1	3	12	2	3	0	1	0	1	3	3	3	0	4	1	1	2	4	3	0	3	2	2	2	1	12	3
120121	12 Oct 25	22:05:00	1	0	60	0	Ct	0	0	2	5	1	0	1	1	0	3	2	1	1	1	2	3	0	3	3	0	4	4	3	1	1	3	0	4	3	2	1	2	3	3
120122	12 Oct 25	22:06:00	1	0	60	0	Ct	0	0	1	2	3	0	3	2	1	2	1	3	0	0	3	2	2	3	2	0	4	4	3	2	0	1	1	6	0	0	1	2	3	3
120123	12 Oct 25	22:07:00	1	0	60	0	Ct	0	0	1	3	1	0	3	2	4	3	1	2	1	1	3	2	0	2	2	0	6	1	1	2	1	2	2	2	1	2	2	2	1	2
120124	12 Oct 25	22:08:00	1	0	60	0	Ct	0	0	0	3	1	0	4	2	1	2	1	3	0	0	4	2	0	4	1	0	5	1	1	1	1	1	1	1	1	3	0	7	2	2
120125	12 Oct 25	22:09:00	1	0	60	0	Ct	0	0	0	2	1	0	3	4	2	3	2	2	1	3	2	1	0	3	1	0	4	1	2	0	0	3	2	3	1	2	2	8	1	3
120126	12 Oct 25	22:10:00	1	0	60	0	Ct	0	0	2	3	1	0	1	1	1	6	1	4	1	2	4	2	1	3	3	0	5	1	3	0	1	0	2	3	2	0	0	3	2	3
120127	12 Oct 25	22:11:00	1	0	60	0	Ct	0	0	1	3	2	6	4	0	2	2	0	1	2	0	2	1	2	4	4	0	3	1	1	2	3	2	3	3	2	0	1	5	1	3
120128	12 Oct 25	22:12:00	1	0	60	0	Ct	0	0	2	3	3	2	0	2	2	3	0	0	3	4	5	2	1	4	0	0	4	1	5	3	2	2	2	4	1	2	2	4	3	3
120129	12 Oct 25	22:13:00	1	0	60	0	Ct	0	0	0	3	2	3	0	3	1	2	0	3	1	1	2	1	0	3	3	0	5	1	3	2	0	1	0	3	0	1	2	1	2	7
120130	12 Oct 25	22:14:00	1	0	60	0	Ct	0	0	2	4	2	1	1	2	0	2	1	4	0	2	3	2	0	3	2	0	4	0	0	1	4	1	0	4	0	2	2	4	2	2
120131	12 Oct 25	22:15:00	1	0	60	0	Ct	0	0	1	4	4	0	2	3	2	2	2	2	0	2	3	3	7	4	3	0	3	0	4	1	1	2	0	4	1	3	1	0	2	3
120132	12 Oct 25	22:16:00	1	0	60	0	Ct	0	0	0	2	3	0	2	1	2	3	2	3	0	1	2	2	8	2	2	0	4	1	2	3	0	2	0	5	1	2	2	1	0	2
120133	12 Oct 25	22:17:00	1	0	60	0	Ct	0	0	0	2	3	4	3	4	2	2	2	3	3	4	3	2	0	0	2	0	5	1	2	2	0	10	1	4	2	2	3	2	0	3
120134	12 Oct 25	22:18:00	1	0	60	0	Ct	0	0	0	3	3	0	2	3	1	1	1	21	0	2	2	2	1	0	2	0	4	2	1	2	0	14	1	3	3	2	1	4	2	3
120135	12 Oct 25	22:19:00	1	0	60	0	Ct	0	0	2	3	2	0	3	3	2	2	1	5	2	13	2	3	0	0	2	0	4	1	2	2	0	1	1	3	2	2	2	3	2	2
120136	12 Oct 25	22:20:00	1	0	60	0	Ct	0	0	3	4	2	0	0	3	1	3	1	2	4	0	2	1	2	2	2	0	4	1	2	2	0	3	1	3	3	1	2	2	3	0
120137	12 Oct 25	22:21:00	1	0	60	0	Ct	0	0	0	3	2	0	3	2	3	6	1	2	0	0	1	2	0	5	2	0	2	2	2	5	3	2	6	0	4	2	2	0	1	1
120138	12 Oct 25	22:22:00	1	0	60	0	Ct	0	0	0	3	2	0	2	2	1	3	0	0	5	0	1	2	0	2	2	0	4	1	2	2	2	1	0	0	2	1	2	3	1	2
120139	12 Oct 25	22:23:00	1	0	60	0	Ct	0	0	1	2	1	0	1	1	2	2	0	3	4	3	3	2	0	3	2	0	4	1	3	6	2	2	2	1	2	1	3	0	1	5
120140	12 Oct 25	22:24:00	1	0	60	0	Ct	0	0	1	3	2	0	0	1	3	4	0	5	2	0	1	1	7	3	0	0	4	5	1	2	2	2	1	4	1	0	2	6	0	2
120141	12 Oct 25	22:25:00	1	0	60	0	Ct	0	0	1	4	4	0	3	2	1	2	1	0	0	3	2	1	9	5	2	0	4	1	6	3	4	2	1	3	4	2	2	2	0	2
120142	12 Oct 25	22:26:00	1	0	60	0	Ct	0	0	2	2	1	0	2	1	1	2	1	0	2	1	2	1	4	2	1	0	5	0	4	1	1	2	1	2	1	7	3	2	3	5
120143	12 Oct 25	22:27:00	1	0	60	0	Ct	0	0	1	3	4	0	3	0	1	2	0	0	3	0	3	2	5	3	2	0	5	2	1	2	0	0	7	4	1	0	1	5	4	4
120144	12 Oct 25	22:28:00	1	0	60	0	Ct	0	0	0	1	2	0	2	1	1	3	3	4	0	1	3	3	2	3	2	0	4	2	1	3	0	2	1	2	1	1	0	1	1	3
120145	12 Oct 25	22:29:00	1	0	60	0	Ct	0	0	0	1	1	0	4	2	3	0	3	3	3	1	3	3	0	1	2	0	4	0	4	3	2	4	2	2	2	0	0	1	2	4
120146	12 Oct 25	22:30:00	1	0	60	0	Ct	0	0	0	2	4	0	2	3	1	3	3	4	0	4	0	2	2	1	3	0	2	3	0	3	0	1	2	3	4	1	0	3	2	3
120147	12 Oct 25	22:31:00	1	0	60	0	Ct	0	0	0	1	2	0	3	2	0	2	2	3	0	2	1	1	0	4	4	0	4	0	1	4	0	0	0	3	1	1	0	3	1	3
120148	12 Oct 25	22:32:00	1	0	60	0	Ct	0	0	0	3	2	0	2	2	1	2	3	2	1	1	1	2	4	4	9	0	5	0	2	0	0	2	2	3	2	2	1	3	2	1
120149	12 Oct 25	22:33:00	1	0	60	0	Ct	0	0	1	4	0	0	1	2	1	2	2	8	2	2	1	2	3	3	1	0	3	0	0	2	2	2	1	2	2	3	4	4	1	3
120150	12 Oct 25	22:34:00	1	0	60	0	Ct	0	0	2	2	3	2	1	1	2	2	2	4	6	1	0	2	0	0	2	0	4	0	3	1	3	2	1	2	1	2	1	3	0	3
120151	12 Oct 25	22:35:00	1	0	60	0	Ct	0	0	1	2	1	0	2	1	0	3	1	3	0	1	0	1	0	0	1	0	2	0	2	2	0	2	4	4	2	3	1	2	1	2
120152	12 Oct 25	22:36:00	1	0	60	0	Ct	0	0	0	3	1	0	5	0	0	2	1	2	3	0	1	2	1	0	2	0	5	0	2	1	0	2	1	4	3	1	2	3	2	3
120153	12 Oct 25	22:37:00	1	0	60	0	Ct	0	0	2	3	0	1	1	2	3	0	1	1	0	0	1	2	2	0	1	0	4	0	3	2	0	2	1	1	1	1	2	1	2	1
120154	12 Oct 25	22:38:00	1	0	60	0	Ct	0	0	1	2	4	1	5	2	0	0	1	2	0	9	3	2	0	0	2	0	3	2	2	2	0	1	3	3	0	0	1	3	1	2
120155	12 Oct 25	22:39:00	1	0	60	0	Ct	0	0	0	2	7	1	2	1	1	3	2	3	1	0	2	12	4	0	2	0	5	1	3	1	0	1	0	1	0	0	1	2	1	4
120156	12 Oct 25	22:40:00	1	0	60	0	Ct	0	0	2	2	4	4	3	0	3	3	4	2	2	3	3	2	2	0	2	0	3	1	1	2	0	3	0	1	0	2	0	4	1	3
120157	12 Oct 25	22:41:00	1	0	60	0	Ct	0	0	0	2	1	0	3	0	2	3	4	2	1	0	4	4	0	0	1	0	4	0	3	1	0	2	0	3	3	8	0	2	0	3
120158	12 Oct 25	22:42:00	1	0	60	0	Ct	0	0	0	2	0	3	4	0	2	2	2	5	2	3	0	1	0	0	1	0	3	2	3	1	0	1	0	3	1	1	2	3	0	3
120159	12 Oct 25	22:43:00	1	0	60	0	Ct	0	0	0	2	0	2	4	2	0	1	1	3	3	6	2	0	0	0	2	0	3	0	2	2	0	0	2	2	2	1	3	1	26	2
120160	12 Oct 25	22:44:00	1	0	60	0	Ct	0	0	1	1	0	0	3	1	2	0	0	1	1	1	1	0	0	0	2	0	4	1	4	2	0	0	1	3	4	2	2	1	0	1
120161	12 Oct 25	22:45:00	1	0	60	0	Ct	0	0	1	2	0	0	2	2	5	0	0	7	1	0	5	0	0	0	2	0	5	1	0	2	0	2	1	3	2	2	2	0	2	3
120162	12 Oct 25	22:46:00	1	0	60	0	Ct	0	0	1	2	1	4	3	2	2	0	2	4	3	1	2	2	3	0	2	0	5	2	4	2	0	2	1	4	2	1	1	0	7	2
120163	12 Oct 25	22:47:00	1	0	60	0	Ct	0	0	2	0	3	4	0	1	2	3	2	1	1	2	1	1	1	0	1	0	4	0	3	2	0	3	2	3	1	1	1	0	4	2
120164	12 Oct 25	22:48:00	1	0	60	0	Ct	0	0	2	2	2	2	2	0	2	3	2	2	1	2	2	3	1	0	4	0	4	0	7	1	0	1	1	3	3	0	6	1	1	3
120165	12 Oct 25	22:49:00	1	0	60	0	Ct	0	0	6	2	0	4	2	1	2	1	2	2	3	3	2	1	0	0	2	0	4	3	0	3	0	1	3	4	1	3	0	0	1	2
120166	12 Oct 25	22:50:00	1	0	60	0	Ct	0	0	1	2	0	2	3	1	0	3	2	2	1	2	3	5	4	0	2	0	4	1	24	1	0	0	1	28	2	1	2	3	3	4
120167	12 Oct 25	22:51:00	1	0	60	0	Ct	0	0	0	0	0	0	3	1	0	0	3	2	2	2	1	2	1	0	2	0	4	1	26	2	0	1	4	24	3	1	1	2	2	2
120168	12 Oct 25	22:52:00	1	0	60	0	Ct	0	0	1	0	0	0	1	2	0	0	1	3	0	0	2	3	0	2	2	0	2	1	5	2	0	1	3	11	3	0	0	2	1	4
120169	12 Oct 25	22:53:00	1	0	60	0	Ct	0	0	1	0	2	1	3	0	2	2	1	1	0	2	4	1	2	4	2	0	4	2	2	1	0	1	5	5	2	1	0	1	1	4
120170	12 Oct 25	22:54:00	1	0	60	0	Ct	0	0	1	0	0	1	2	2	1	2	1	1	0	3	7	3	0	2	0	0	4	2	2	2	0	1	3	2	2	2	0	2	12	2
120171	12 Oct 25	22:55:00	1	0	60	0	Ct	0	0	1	0	0	6	2	2	1	0	1	0	1	2	2	4	4	0	0	0	6	0	1	3	0	0	0	4	1	2	0	3	2	2
120172	12 Oct 25	22:56:00	1	0	60	0	Ct	0	0	1	0	1	33	1	1	1	4	0	0	2	1	2	1	1	0	0	0	4	5	3	1	0	2	1	3	3	5	1	2	24	5
120173	12 Oct 25	22:57:00	1	0	60	0	Ct	0	0	1	0	0	15	1	0	1	1	3	0	0	4	3	1	1	0	0	0	3	0	0	0	0	0	0	2	1	1	1	0	2	3
120174	12 Oct 25	22:58:00	1	0	60	0	Ct	0	0	1	0	1	0	2	2	0	2	2	0	3	1	2	1	3	0	0	0	4	2	0	1	3	0	1	2	3	1	2	0	1	4
120175	12 Oct 25	22:59:00	1	0	60	0	Ct	0	0	1	0	0	0	2	5	2	1	1	1	1	5	1	1	1	0	0	0	6	27	0	2	0	0	2	3	5	0	2	0	2	2
120176	12 Oct 25	23:00:00	1	0	60	0	Ct	0	0	2	0	0	0	2	0	0	2	3	0	0	5	1	1	0	2	0	0	4	13	2	2	0	2	2	3	2	1	0	0	1	1
120177	12 Oct 25	23:01:00	1	0	60	0	Ct	0	0	1	0	2	0	3	3	0	1	2	0	0	1	0	2	2	4	0	0	3	12	0	1	0	0	0	4	1	2	0	0	2	3
120178	12 Oct 25	23:02:00	1	0	60	0	Ct	0	0	1	0	2	0	3	5	0	1	1	1	0	1	1	1	0	0	0	0	4	3	2	2	0	1	1	1	2	2	1	0	4	1
120179	12 Oct 25	23:03:00	1	0	60	0	Ct	0	0	0	0	6	0	2	1	0	2	1	0	0	2	2	0	0	0	0	0	5	0	4	3	1	2	2	1	1	1	0	4	0	2
120180	12 Oct 25	23:04:00	1	0	60	0	Ct	0	0	0	0	0	0	2	2	0	0	1	1	1	2	3	0	0	0	0	0	4	3	3	1	1	2	1	3	0	2	1	1	0	4
120181	12 Oct 25	23:05:00	1	0	60	0	Ct	0	0	9	0	1	0	4	1	0	0	1	1	2	1	1	3	0	0	0	0	5	6	1	2	0	1	6	5	0	2	0	1	1	0
120182	12 Oct 25	23:06:00	1	0	60	0	Ct	0	0	1	0	0	0	1	0	1	3	1	2	1	2	3	3	0	0	0	0	4	1	1	2	1	2	2	3	0	0	3	1	0	1
120183	12 Oct 25	23:07:00	1	0	60	0	Ct	0	0	0	0	1	5	3	0	1	2	1	1	2	2	2	1	0	0	0	0	4	2	1	1	1	1	4	3	2	2	1	2	2	4
120184	12 Oct 25	23:08:00	1	0	60	0	Ct	0	0	0	0	0	7	1	2	0	7	0	0	0	0	0	1	0	0	0	0	3	4	0	4	0	2	1	6	2	1	4	2	2	2
120185	12 Oct 25	23:09:00	1	0	60	0	Ct	0	0	0	0	0	4	2	2	0	3	1	0	1	2	1	5	0	0	0	0	2	0	0	2	0	2	1	0	1	1	1	0	1	2
120186	12 Oct 25	23:10:00	1	0	60	0	Ct	0	0	2	0	0	4	5	1	0	2	2	0	1	0	3	1	0	0	0	0	1	4	2	2	2	2	0	0	3	4	0	0	1	3
120187	12 Oct 25	23:11:00	1	0	60	0	Ct	0	0	0	0	0	3	2	0	0	1	2	3	0	1	0	1	0	0	0	0	5	1	1	3	0	0	0	0	3	1	2	0	2	5
120188	12 Oct 25	23:12:00	1	0	60	0	Ct	0	0	1	0	0	2	4	2	0	0	3	3	1	0	0	0	0	0	0	0	4	1	4	2	0	1	0	0	1	3	1	2	2	2
120189	12 Oct 25	23:13:00	1	0	60	0	Ct	0	0	0	0	0	3	2	3	0	0	2	0	3	3	0	0	0	0	0	0	3	1	3	2	0	0	2	0	2	1	1	4	0	2
120190	12 Oct 25	23:14:00	1	0	60	0	Ct	0	0	0	0	0	0	2	0	0	0	3	3	3	0	0	3	0	0	0	0	3	12	1	1	0	0	1	0	5	1	1	7	0	2
120191	12 Oct 25	23:15:00	1	0	60	0	Ct	0	0	0	0	0	4	4	1	0	0	1	4	0	1	1	1	0	0	0	0	4	0	2	1	0	6	1	0	3	1	1	5	0	4
120192	12 Oct 25	23:16:00	1	0	60	0	Ct	0	0	0	0	0	0	1	3	1	0	1	2	1	1	3	2	0	0	0	0	2	5	0	0	0	7	2	0	2	0	0	6	0	5
120193	12 Oct 25	23:17:00	1	0	60	0	Ct	0	0	0	0	0	0	1	0	2	0	1	1	4	1	1	0	0	0	0	0	6	17	0	1	1	2	0	0	1	0	0	5	0	2
120194	12 Oct 25	23:18:00	1	0	60	0	Ct	0	0	0	0	0	0	3	3	1	0	1	4	1	2	1	1	0	0	0	0	4	16	1	0	0	0	1	4	1	0	1	2	0	2
120195	12 Oct 25	23:19:00	1	0	60	0	Ct	0	0	0	0	0	0	2	4	0	2	0	3	2	0	2	1	0	1	0	0	4	1	1	1	0	0	1	0	1	1	0	3	2	2
120196	12 Oct 25	23:20:00	1	0	60	0	Ct	0	0	0	0	0	0	2	0	0	2	10	4	1	1	2	2	0	1	0	0	5	0	1	0	0	1	3	0	0	4	0	1	2	2
120197	12 Oct 25	23:21:00	1	0	60	0	Ct	0	0	0	0	0	0	2	1	0	3	1	2	1	2	2	0	0	1	0	0	3	0	0	0	0	3	1	0	0	11	1	2	5	2
120198	12 Oct 25	23:22:00	1	0	60	0	Ct	0	0	0	0	2	0	2	2	0	0	1	2	0	4	3	1	4	1	0	0	4	0	1	2	0	2	2	0	1	1	1	0	0	4
120199	12 Oct 25	23:23:00	1	0	60	0	Ct	0	0	0	0	2	0	2	1	0	2	1	2	2	0	8	2	4	2	0	0	2	0	2	1	0	0	0	0	0	1	6	1	0	2
120200	12 Oct 25	23:24:00	1	0	60	0	Ct	0	0	0	0	0	0	1	0	0	1	3	0	1	3	1	1	3	0	0	0	1	0	4	1	0	0	3	0	2	17	5	4	0	2
120201	12 Oct 25	23:25:00	1	0	60	0	Ct	0	0	4	0	0	0	1	1	0	1	3	0	0	0	1	0	4	0	0	0	3	0	2	3	0	2	0	0	2	34	0	0	0	2
120202	12 Oct 25	23:26:00	1	0	60	0	Ct	0	0	1	2	4	0	1	1	0	1	1	0	2	2	1	0	7	0	0	0	3	0	1	0	0	3	1	2	1	5	5	0	0	5
120203	12 Oct 25	23:27:00	1	0	60	0	Ct	0	0	4	2	0	0	1	0	0	1	1	2	1	1	1	3	0	0	0	0	0	0	0	0	0	1	1	1	1	3	1	0	0	1
120204	12 Oct 25	23:28:00	1	0	60	0	Ct	0	0	1	2	3	0	4	0	0	0	3	0	1	0	0	3	0	0	0	0	4	0	3	4	0	0	2	0	0	1	1	0	0	3
120205	12 Oct 25	23:29:00	1	0	60	0	Ct	0	0	1	3	0	0	1	0	0	0	5	0	2	3	1	2	0	0	0	0	4	2	2	2	0	0	1	0	0	2	1	0	0	3
120206	12 Oct 25	23:30:00	1	0	60	0	Ct	0	0	3	0	0	0	1	1	0	1	3	0	0	0	1	2	0	2	0	0	4	2	0	2	0	0	4	0	1	2	0	0	2	0
120207	12 Oct 25	23:31:00	1	0	60	0	Ct	0	0	2	0	0	0	3	1	0	2	3	1	0	1	2	2	0	3	0	0	3	0	2	3	0	1	0	0	3	4	0	1	3	2
120208	12 Oct 25	23:32:00	1	0	60	0	Ct	0	0	0	0	0	0	2	1	0	2	1	0	0	1	1	2	0	1	0	0	5	0	3	1	0	0	0	0	5	2	0	2	0	2
120209	12 Oct 25	23:33:00	1	0	60	0	Ct	0	0	0	0	0	0	3	2	0	0	2	0	0	1	5	1	0	3	0	0	4	0	1	1	0	1	5	0	1	1	1	3	0	2
120210	12 Oct 25	23:34:00	1	0	60	0	Ct	0	0	0	0	0	0	3	1	0	0	1	0	5	0	0	1	0	2	0	0	2	0	3	1	0	0	1	0	5	4	0	2	0	2
120211	12 Oct 25	23:35:00	1	0	60	0	Ct	0	0	0	0	0	0	3	3	0	2	0	0	2	1	1	0	0	0	0	0	4	0	2	4	0	2	3	0	3	0	3	3	0	2
120212	12 Oct 25	23:36:00	1	0	60	0	Ct	0	0	0	0	0	0	3	1	0	1	2	0	3	0	3	0	0	0	0	0	3	1	1	2	0	0	0	0	1	1	1	2	0	3
120213	12 Oct 25	23:37:00	1	0	60	0	Ct	0	0	0	0	0	0	2	3	0	0	3	0	2	2	1	0	0	0	0	0	3	4	1	0	0	1	4	2	2	1	18	3	0	2
120214	12 Oct 25	23:38:00	1	0	60	0	Ct	0	0	0	0	3	0	3	0	0	0	2	0	1	1	1	1	1	0	0	0	3	2	0	2	0	3	0	0	1	0	20	3	0	1
120215	12 Oct 25	23:39:00	1	0	60	0	Ct	0	0	5	0	0	0	3	3	0	1	3	0	3	1	1	1	1	0	0	0	1	5	0	0	0	2	2	0	0	1	2	4	0	5
120216	12 Oct 25	23:40:00	1	0	60	0	Ct	0	0	1	0	0	0	1	0	0	2	1	4	1	3	2	2	3	0	0	0	4	2	0	1	0	2	1	1	0	1	1	2	0	3
120217	12 Oct 25	23:41:00	1	0	60	0	Ct	0	0	0	3	0	7	2	0	0	1	1	0	6	7	3	1	0	0	0	0	4	4	0	1	0	0	1	0	1	0	1	1	0	1
120218	12 Oct 25	23:42:00	1	0	60	0	Ct	0	0	0	2	0	3	2	0	0	0	0	3	0	2	2	2	0	0	0	0	4	0	0	0	0	1	4	0	3	1	0	1	0	3
120219	12 Oct 25	23:43:00	1	0	60	0	Ct	0	0	0	4	0	0	1	0	0	0	2	3	0	0	2	1	0	0	0	0	4	1	0	1	0	1	0	0	0	0	2	1	0	3
120220	12 Oct 25	23:44:00	1	0	60	0	Ct	0	0	0	2	0	0	1	0	0	0	1	2	0	2	1	2	0	0	0	0	3	2	0	2	2	1	0	0	1	1	1	0	0	2
120221	12 Oct 25	23:45:00	1	0	60	0	Ct	0	0	0	0	0	0	1	0	0	0	2	0	0	0	4	0	0	0	0	0	4	0	0	2	3	0	0	2	1	0	0	0	0	3
120222	12 Oct 25	23:46:00	1	0	60	0	Ct	0	0	0	0	0	0	3	0	0	0	3	1	0	1	1	2	0	2	0	0	3	1	0	2	0	1	0	0	2	1	2	0	0	2
120223	12 Oct 25	23:47:00	1	0	60	0	Ct	0	0	0	0	0	0	3	1	0	0	2	1	0	0	1	1	0	1	0	0	2	2	0	0	2	0	0	0	0	1	1	2	0	4
120224	12 Oct 25	23:48:00	1	0	60	0	Ct	0	0	0	0	2	0	2	1	0	0	1	3	0	1	0	0	0	1	3	0	2	0	0	3	4	0	0	0	0	2	1	2	0	4
120225	12 Oct 25	23:49:00	1	0	60	0	Ct	0	0	0	2	1	0	3	2	0	0	1	0	3	0	2	0	0	0	4	0	2	0	0	2	3	0	0	0	0	2	1	2	0	2
120226	12 Oct 25	23:50:00	1	0	60	0	Ct	0	0	0	0	5	0	0	1	0	0	4	0	4	4	2	0	0	1	0	0	4	0	0	2	3	0	0	1	2	1	9	0	0	4
120227	12 Oct 25	23:51:00	1	0	60	0	Ct	0	0	0	0	0	0	2	2	0	0	2	2	1	0	1	0	0	2	0	0	4	1	0	1	3	0	0	1	0	25	7	1	1	0
120228	12 Oct 25	23:52:00	1	0	60	0	Ct	0	0	0	0	0	0	3	2	0	0	0	1	1	4	3	0	0	0	0	0	3	1	0	2	3	0	0	1	0	3	4	1	8	1
120229	12 Oct 25	23:53:00	1	0	60	0	Ct	0	0	0	0	0	0	1	0	0	0	0	0	0	1	0	0	0	0	0	0	10	0	0	1	4	0	0	0	0	5	2	1	21	3
120230	12 Oct 25	23:54:00	1	0	60	0	Ct	0	0	0	0	0	0	1	1	0	0	1	0	0	1	1	2	0	0	0	0	3	2	0	1	0	0	0	0	1	2	2	5	6	3
120231	12 Oct 25	23:55:00	1	0	60	0	Ct	0	0	0	3	4	0	3	1	0	0	0	2	0	1	0	2	0	0	0	0	4	0	0	3	1	0	0	3	2	3	0	10	0	5
120232	12 Oct 25	23:56:00	1	0	60	0	Ct	0	0	0	5	1	0	2	0	0	1	2	4	1	1	3	1	0	0	0	0	4	2	0	2	4	0	0	0	2	0	1	0	1	2
120233	12 Oct 25	23:57:00	1	0	60	0	Ct	0	0	0	1	0	0	4	2	0	2	1	0	2	0	0	0	0	2	0	0	3	2	0	2	5	1	0	0	5	2	0	0	0	1
120234	12 Oct 25	23:58:00	1	0	60	0	Ct	0	0	0	1	0	0	2	1	0	5	2	3	4	0	0	0	0	4	0	0	3	0	0	2	3	0	0	0	1	2	0	7	0	2
120235	12 Oct 25	23:59:00	1	0	60	0	Ct	0	0	0	2	1	0	1	1	0	7	1	1	6	2	2	0	0	0	0	0	3	0	3	3	2	1	0	0	2	0	2	13	0	3
120236	13 Oct 25	00:00:00	1	0	60	0	Ct	0	0	0	5	0	0	1	8	0	3	0	0	46	0	2	0	0	0	0	0	4	0	3	3	1	1	0	0	2	2	0	17	0	3
120237	13 Oct 25	00:01:00	1	0	60	0	Ct	0	0	0	5	0	0	0	3	0	2	3	0	45	0	0	0	0	0	0	0	4	0	3	1	1	0	0	0	2	0	0	33	0	2
120238	13 Oct 25	00:02:00	1	0	60	0	Ct	0	0	1	6	0	0	1	1	0	2	2	3	19	0	0	0	0	0	0	0	4	0	7	2	2	1	0	0	2	2	1	16	0	5
120239	13 Oct 25	00:03:00	1	0	60	0	Ct	0	0	1	2	0	0	3	0	0	0	1	0	1	1	3	0	0	0	0	0	1	0	2	2	3	1	0	2	2	0	0	4	0	1
120240	13 Oct 25	00:04:00	1	0	60	0	Ct	0	0	2	3	0	0	4	2	0	1	2	0	0	0	2	0	0	0	0	0	0	0	2	0	2	1	0	2	0	0	3	1	0	1
120241	13 Oct 25	00:05:00	1	0	60	0	Ct	0	0	0	4	0	0	1	0	0	2	0	0	0	3	2	0	0	0	0	0	4	0	1	1	1	1	0	0	2	8	0	3	0	0
120242	13 Oct 25	00:06:00	1	0	60	0	Ct	0	0	0	3	0	2	2	0	0	2	2	0	24	0	2	0	7	1	0	0	4	0	3	3	4	0	0	0	0	5	4	0	0	4
120243	13 Oct 25	00:07:00	1	0	60	0	Ct	0	0	0	3	0	2	3	2	0	0	1	2	24	0	4	0	1	2	0	0	2	0	5	2	2	2	0	0	0	1	1	3	0	2
120244	13 Oct 25	00:08:00	1	0	60	0	Ct	0	0	0	2	0	3	4	2	0	0	1	1	0	1	2	0	0	0	0	0	4	0	2	0	2	2	0	0	0	0	0	2	0	1
120245	13 Oct 25	00:09:00	1	0	60	0	Ct	0	0	0	1	0	13	3	1	0	0	0	1	2	2	4	0	0	0	0	0	2	0	0	0	2	0	0	0	0	3	0	1	0	2
120246	13 Oct 25	00:10:00	1	0	60	0	Ct	0	0	0	2	0	13	2	1	0	0	0	1	0	0	2	0	0	0	0	0	8	0	0	0	2	0	0	0	0	3	9	3	0	2
120247	13 Oct 25	00:11:00	1	0	60	0	Ct	0	0	0	2	0	16	3	2	0	0	0	0	0	1	1	0	0	4	0	0	4	0	1	2	3	0	0	0	0	10	7	3	0	0
120248	13 Oct 25	00:12:00	1	0	60	0	Ct	0	0	0	4	0	21	4	1	0	2	0	0	0	0	2	0	0	1	0	0	3	0	0	0	0	0	0	0	0	6	0	1	0	2
120249	13 Oct 25	00:13:00	1	0	60	0	Ct	0	0	0	2	0	21	2	3	0	2	0	0	3	2	1	0	0	0	0	0	4	0	1	0	0	0	0	0	0	0	0	0	0	0
120250	13 Oct 25	00:14:00	1	0	60	0	Ct	0	0	0	3	0	13	2	1	0	1	0	0	0	1	2	0	0	0	0	0	3	0	0	18	2	0	0	0	3	0	0	0	0	1
120251	13 Oct 25	00:15:00	1	0	60	0	Ct	0	0	0	3	0	18	0	1	0	1	0	0	0	1	0	0	0	0	0	0	4	0	0	4	3	0	0	0	2	9	0	0	0	3
120252	13 Oct 25	00:16:00	1	0	60	0	Ct	0	0	0	0	0	9	3	2	0	1	0	0	2	1	2	0	0	10	0	0	3	0	1	2	2	0	0	0	2	0	0	0	0	4
120253	13 Oct 25	00:17:00	1	0	60	0	Ct	0	0	0	5	1	11	0	0	0	0	0	0	1	3	0	0	1	0	0	0	4	0	0	2	1	0	0	0	1	0	3	0	0	1
120254	13 Oct 25	00:18:00	1	0	60	0	Ct	0	0	0	5	0	3	3	1	0	0	0	2	3	0	4	0	0	0	0	0	4	0	0	1	0	0	0	0	2	0	4	0	0	1
120255	13 Oct 25	00:19:00	1	0	60	0	Ct	0	0	0	3	0	1	1	2	0	0	0	1	2	0	2	0	17	0	0	0	3	0	0	1	0	0	0	0	2	1	1	6	0	3
120256	13 Oct 25	00:20:00	1	0	60	0	Ct	0	0	0	2	0	9	3	2	0	0	0	0	3	0	1	0	25	0	0	0	4	0	0	1	2	0	0	0	1	0	0	4	0	2
120257	13 Oct 25	00:21:00	1	0	60	0	Ct	0	0	0	2	0	3	4	2	0	0	0	1	0	0	0	0	2	0	0	0	3	0	0	0	3	0	0	0	1	2	0	4	0	0
120258	13 Oct 25	00:22:00	1	0	60	0	Ct	0	0	0	1	0	2	3	3	0	0	0	0	0	0	0	0	0	0	0	0	2	0	0	0	0	0	0	0	2	0	2	5	0	0
120259	13 Oct 25	00:23:00	1	0	60	0	Ct	0	0	0	2	0	0	2	2	0	0	0	1	2	1	2	0	0	0	0	0	2	0	0	1	0	0	0	0	1	5	1	3	0	2
120260	13 Oct 25	00:24:00	1	0	60	0	Ct	0	0	0	1	0	0	5	0	0	0	0	1	1	0	0	0	1	0	0	0	2	0	0	2	0	0	0	0	9	1	3	1	0	0
120261	13 Oct 25	00:25:00	1	0	60	0	Ct	0	0	0	3	0	0	1	0	0	0	0	0	0	0	0	0	2	0	0	0	2	1	0	3	0	0	0	0	2	6	1	2	0	1
120262	13 Oct 25	00:26:00	1	0	60	0	Ct	0	0	0	4	0	0	1	0	0	0	0	0	0	0	0	0	2	0	0	0	0	4	0	1	0	0	3	0	1	0	2	0	0	3
120263	13 Oct 25	00:27:00	1	0	60	0	Ct	0	0	0	2	0	0	0	0	0	0	0	2	3	1	0	0	2	0	0	0	0	21	2	0	2	0	2	0	0	1	0	0	0	3
120264	13 Oct 25	00:28:00	1	0	60	0	Ct	0	0	0	2	0	0	1	1	0	0	0	0	1	0	0	0	0	0	0	0	0	1	5	3	2	0	0	0	1	5	1	0	0	3
120265	13 Oct 25	00:29:00	1	0	60	0	Ct	0	0	0	2	0	4	3	1	0	0	0	0	3	1	0	0	0	0	0	0	0	0	3	2	4	2	3	0	3	5	1	0	0	1
120266	13 Oct 25	00:30:00	1	0	60	0	Ct	0	0	0	3	0	4	1	0	0	0	0	0	4	3	2	0	0	0	0	0	0	0	1	1	2	4	0	0	3	1	0	0	0	4
120267	13 Oct 25	00:31:00	1	0	60	0	Ct	0	0	0	1	0	0	3	2	0	0	0	0	1	7	0	0	0	0	0	0	0	0	3	1	3	0	0	0	1	3	0	0	0	4
120268	13 Oct 25	00:32:00	1	0	60	0	Ct	0	0	0	3	0	0	2	2	0	0	0	0	3	5	0	0	1	0	0	0	0	0	2	1	3	0	0	0	2	23	0	0	0	3
120269	13 Oct 25	00:33:00	1	0	60	0	Ct	0	0	1	2	0	0	2	0	1	0	0	0	3	0	0	0	1	2	0	0	0	0	3	1	2	1	0	0	4	0	0	0	0	3
120270	13 Oct 25	00:34:00	1	0	60	0	Ct	0	0	1	0	0	0	3	0	0	0	0	1	0	1	0	0	2	5	0	0	1	0	4	1	2	2	0	0	0	1	1	0	0	1
120271	13 Oct 25	00:35:00	1	0	60	0	Ct	0	0	0	1	0	8	2	2	0	0	0	0	0	2	2	0	1	1	0	0	0	0	3	1	2	2	0	0	0	3	0	2	0	2
120272	13 Oct 25	00:36:00	1	0	60	0	Ct	0	0	1	1	0	5	3	1	0	0	0	0	0	0	1	0	0	0	0	0	0	0	4	1	2	1	0	0	1	15	1	3	0	4
120273	13 Oct 25	00:37:00	1	0	60	0	Ct	0	0	1	1	0	7	1	2	0	0	0	0	0	1	0	0	4	2	0	0	2	0	2	0	1	0	0	0	1	11	0	5	0	3
120274	13 Oct 25	00:38:00	1	0	60	0	Ct	0	0	0	4	0	1	2	1	0	0	0	2	0	2	0	0	0	0	0	0	0	0	1	2	3	1	0	0	1	13	1	3	0	3
120275	13 Oct 25	00:39:00	1	0	60	0	Ct	0	0	0	3	0	6	2	1	0	0	0	1	0	3	0	0	0	0	0	0	2	0	3	1	0	2	0	0	2	28	4	1	0	4
120276	13 Oct 25	00:40:00	1	0	60	0	Ct	0	0	0	2	0	5	1	1	0	0	0	0	0	0	0	0	0	0	0	0	3	0	3	1	0	0	0	0	1	5	24	2	0	2
120277	13 Oct 25	00:41:00	1	0	60	0	Ct	0	0	0	4	0	5	3	0	0	0	0	1	0	4	0	0	0	0	0	0	2	0	2	2	0	0	0	0	1	3	19	8	0	4
120278	13 Oct 25	00:42:00	1	0	60	0	Ct	0	0	0	2	0	3	2	3	0	0	0	1	0	2	0	0	0	0	0	0	2	0	3	1	1	0	0	0	2	1	20	3	0	2
120279	13 Oct 25	00:43:00	1	0	60	0	Ct	0	0	0	3	0	8	1	0	0	0	0	0	0	0	0	0	0	0	0	0	0	0	1	1	1	0	0	0	0	1	1	10	0	1
120280	13 Oct 25	00:44:00	1	0	60	0	Ct	0	0	0	0	0	19	1	0	0	0	0	3	0	2	0	0	0	1	0	0	1	0	0	0	0	2	0	0	1	10	4	10	0	1
120281	13 Oct 25	00:45:00	1	0	60	0	Ct	0	0	0	0	0	22	2	0	0	0	0	2	0	4	0	0	0	0	0	0	5	0	16	0	0	0	0	0	6	0	24	15	0	4
120282	13 Oct 25	00:46:00	1	0	60	0	Ct	0	0	0	1	0	3	3	0	0	0	0	2	0	2	0	0	0	0	0	0	2	0	22	0	3	0	0	0	5	0	15	2	0	2
120283	13 Oct 25	00:47:00	1	0	60	0	Ct	0	0	0	2	0	2	1	1	0	0	0	1	0	3	0	0	0	0	0	0	0	0	11	0	1	0	0	0	1	0	0	4	0	2
120284	13 Oct 25	00:48:00	1	0	60	0	Ct	0	0	0	2	0	2	3	12	0	0	0	3	0	1	0	0	0	0	0	0	0	0	27	0	3	0	0	0	4	17	0	2	0	0
120285	13 Oct 25	00:49:00	1	0	60	0	Ct	0	0	0	4	0	2	2	0	0	0	0	2	0	1	0	0	0	0	0	0	0	0	3	0	2	0	0	0	33	27	0	0	0	1
120286	13 Oct 25	00:50:00	1	0	60	0	Ct	0	0	0	2	0	0	2	1	0	0	0	1	0	0	0	0	0	0	0	0	0	0	19	1	1	0	0	0	7	16	0	3	0	1
120287	13 Oct 25	00:51:00	1	0	60	0	Ct	0	0	0	3	0	1	0	0	0	0	0	0	0	1	0	0	0	0	0	0	0	0	17	3	0	0	0	0	0	0	0	3	0	0
120288	13 Oct 25	00:52:00	1	0	60	0	Ct	0	0	0	4	0	10	2	0	0	0	0	2	0	0	0	0	0	0	0	0	1	0	13	2	0	0	0	0	2	2	0	3	0	2
120289	13 Oct 25	00:53:00	1	0	60	0	Ct	0	0	0	3	0	0	4	0	0	0	0	2	0	1	0	0	0	0	0	0	4	0	2	2	0	0	0	0	0	3	2	4	0	2
120290	13 Oct 25	00:54:00	1	0	60	0	Ct	0	0	0	3	0	0	1	0	0	0	0	0	0	2	0	0	0	0	0	0	4	0	0	3	2	0	1	0	0	0	0	2	0	1
120291	13 Oct 25	00:55:00	1	0	60	0	Ct	0	0	0	3	0	0	0	0	0	0	0	1	0	1	0	0	0	3	0	0	5	0	0	1	3	0	0	0	4	4	5	2	0	2
120292	13 Oct 25	00:56:00	1	0	60	0	Ct	0	0	0	1	0	0	0	0	0	0	0	1	2	2	0	0	0	0	0	0	2	0	0	2	1	0	2	0	2	1	0	5	0	2
120293	13 Oct 25	00:57:00	1	0	60	0	Ct	0	0	2	7	0	0	0	0	0	0	0	0	1	2	0	0	0	0	0	0	2	0	2	1	3	0	0	0	2	0	0	3	0	1
120294	13 Oct 25	00:58:00	1	0	60	0	Ct	0	0	0	6	0	0	0	0	0	0	0	0	1	1	0	0	0	0	0	0	4	0	0	4	1	0	0	0	2	0	0	16	0	1
120295	13 Oct 25	00:59:00	1	0	60	0	Ct	0	0	1	3	0	0	2	0	0	0	0	0	3	1	0	0	2	0	0	0	2	0	0	1	1	0	0	0	3	0	0	15	0	1
120296	13 Oct 25	01:00:00	1	0	60	0	Ct	0	0	1	5	0	0	2	0	0	0	0	0	0	0	0	0	1	0	0	0	0	0	0	3	0	0	0	0	5	0	0	1	0	1
120297	13 Oct 25	01:01:00	1	0	60	0	Ct	0	0	1	2	0	0	2	3	0	0	0	0	0	2	0	0	0	0	0	0	0	0	0	1	2	0	0	0	15	0	0	0	0	1
120298	13 Oct 25	01:02:00	1	0	60	0	Ct	0	0	0	3	0	0	2	0	0	0	0	0	0	0	0	0	5	0	0	0	0	0	0	1	0	0	0	0	2	0	0	0	0	1
120299	13 Oct 25	01:03:00	1	0	60	0	Ct	0	0	1	1	0	0	1	2	0	0	0	0	4	0	0	0	1	0	0	0	0	0	0	1	1	0	0	0	1	0	4	0	0	0
120300	13 Oct 25	01:04:00	1	0	60	0	Ct	0	0	0	3	0	0	1	0	0	0	0	0	0	4	0	0	2	0	0	0	0	0	1	2	1	0	0	0	1	0	2	1	0	0
120301	13 Oct 25	01:05:00	1	0	60	0	Ct	0	0	0	3	4	0	0	0	0	0	0	0	0	0	0	0	1	0	0	0	0	0	1	2	2	2	0	0	0	0	2	4	0	0
120302	13 Oct 25	01:06:00	1	0	60	0	Ct	0	0	0	0	0	0	1	0	0	0	0	0	0	8	0	0	3	0	0	0	0	0	0	1	1	0	0	0	0	0	1	0	0	0
120303	13 Oct 25	01:07:00	1	0	60	0	Ct	0	0	0	2	0	0	2	0	0	0	0	0	0	0	0	0	0	0	0	0	0	0	0	0	3	0	0	0	0	0	1	2	0	0
120304	13 Oct 25	01:08:00	1	0	60	0	Ct	0	0	0	2	1	0	2	0	0	0	0	2	0	1	0	0	0	0	0	0	0	0	8	2	2	0	0	0	0	0	1	0	0	3
120305	13 Oct 25	01:09:00	1	0	60	0	Ct	0	0	0	1	0	0	1	0	0	0	0	2	0	0	0	0	1	0	0	0	0	0	1	0	1	0	0	0	1	0	1	1	0	2
120306	13 Oct 25	01:10:00	1	0	60	0	Ct	0	0	0	1	0	0	3	0	0	0	0	2	0	0	0	0	2	0	0	0	0	0	6	0	2	0	0	0	0	0	2	4	0	4
120307	13 Oct 25	01:11:00	1	0	60	0	Ct	0	0	0	1	2	0	1	0	0	0	0	2	0	1	0	0	0	0	0	0	0	0	3	0	2	0	0	0	0	0	0	2	0	2
120308	13 Oct 25	01:12:00	1	0	60	0	Ct	0	0	0	3	0	0	3	0	0	0	0	3	0	0	0	0	0	0	0	0	0	0	1	0	1	0	0	2	1	0	2	4	0	3
120309	13 Oct 25	01:13:00	1	0	60	0	Ct	0	0	0	2	0	0	2	0	0	0	0	2	1	0	0	0	3	0	0	0	0	0	3	1	3	0	0	0	5	0	0	3	0	3
120310	13 Oct 25	01:14:00	1	0	60	0	Ct	0	0	0	2	0	0	2	0	0	0	0	2	3	1	0	0	2	0	0	0	0	0	2	1	1	0	0	0	7	0	1	2	0	2
120311	13 Oct 25	01:15:00	1	0	60	0	Ct	0	0	0	2	0	0	3	0	0	0	0	3	1	4	0	0	0	0	0	0	4	0	0	1	0	2	0	0	1	4	1	0	0	2
120312	13 Oct 25	01:16:00	1	0	60	0	Ct	0	0	0	1	0	0	2	0	0	0	0	2	4	6	0	0	1	0	0	0	1	1	0	1	0	2	0	0	2	0	0	0	0	3
120313	13 Oct 25	01:17:00	1	0	60	0	Ct	0	0	0	2	0	0	0	0	0	0	0	1	2	0	0	0	1	0	0	0	1	2	0	0	0	2	0	0	3	0	2	0	0	2
120314	13 Oct 25	01:18:00	1	0	60	0	Ct	0	0	0	4	0	0	0	0	0	0	0	0	3	1	0	0	0	0	0	0	0	4	0	2	0	2	0	0	3	0	0	0	0	2
120315	13 Oct 25	01:19:00	1	0	60	0	Ct	0	0	0	2	0	0	0	0	0	0	0	3	1	2	0	0	0	0	0	0	2	4	0	0	0	1	0	0	0	0	2	0	0	4
120316	13 Oct 25	01:20:00	1	0	60	0	Ct	0	0	0	3	2	0	3	0	0	0	0	0	1	4	0	0	0	0	0	0	0	0	0	0	0	2	0	0	3	0	0	1	0	5
120317	13 Oct 25	01:21:00	1	0	60	0	Ct	0	0	0	1	0	0	1	0	0	0	0	0	2	0	0	0	0	0	0	0	0	1	0	1	0	3	0	0	2	3	0	0	0	3
120318	13 Oct 25	01:22:00	1	0	60	0	Ct	0	0	0	1	0	0	1	0	0	0	0	0	1	2	0	0	0	0	0	0	0	12	0	1	0	3	0	0	2	0	0	4	0	2
120319	13 Oct 25	01:23:00	1	0	60	0	Ct	0	0	0	0	0	0	2	0	0	0	0	0	3	3	0	0	0	0	0	0	0	1	0	0	0	1	0	0	2	0	0	2	0	6
120320	13 Oct 25	01:24:00	1	0	60	0	Ct	0	0	0	0	0	0	2	0	0	0	0	1	21	0	0	0	0	0	0	0	0	1	0	0	0	1	0	0	1	0	0	0	0	1
120321	13 Oct 25	01:25:00	1	0	60	0	Ct	0	0	0	0	0	0	2	0	0	0	0	0	4	0	0	0	0	0	0	0	0	0	0	0	0	4	0	0	1	0	0	0	0	4
120322	13 Oct 25	01:26:00	1	0	60	0	Ct	0	0	0	0	0	0	2	0	0	0	0	0	0	0	0	0	0	0	0	0	0	1	0	0	0	1	0	0	3	3	0	0	0	0
120323	13 Oct 25	01:27:00	1	0	60	0	Ct	0	0	0	0	0	0	1	0	0	0	0	0	0	0	0	0	0	0	0	0	0	0	0	2	0	0	0	0	2	0	0	0	0	6
120324	13 Oct 25	01:28:00	1	0	60	0	Ct	0	0	0	0	0	0	3	0	0	0	0	0	0	0	0	0	0	0	0	0	0	1	0	1	0	0	0	0	0	0	0	2	0	4
120325	13 Oct 25	01:29:00	1	0	60	0	Ct	0	0	1	0	0	0	2	0	0	0	0	0	0	4	0	0	0	0	0	0	0	1	0	4	2	0	0	0	0	0	0	0	0	3
120326	13 Oct 25	01:30:00	1	0	60	0	Ct	0	0	1	0	2	0	3	0	0	0	0	0	0	0	0	0	0	0	0	0	0	1	0	1	2	2	0	0	0	0	0	0	0	2
120327	13 Oct 25	01:31:00	1	0	60	0	Ct	0	0	2	0	3	0	2	0	0	0	0	4	0	0	0	0	0	0	0	0	0	0	0	3	2	0	0	0	0	0	0	5	0	1
120328	13 Oct 25	01:32:00	1	0	60	0	Ct	0	0	0	0	2	0	2	0	0	0	0	4	0	0	0	0	0	1	0	0	0	5	0	0	2	0	0	0	0	2	0	3	0	8
120329	13 Oct 25	01:33:00	1	0	60	0	Ct	0	0	1	0	0	0	3	0	0	0	0	0	0	1	0	0	0	2	0	0	3	2	0	0	2	0	1	0	0	0	0	7	0	5
120330	13 Oct 25	01:34:00	1	0	60	0	Ct	0	0	1	0	0	0	5	0	0	0	0	1	0	0	0	0	0	2	0	0	4	2	0	0	2	0	0	1	0	0	1	3	0	2
120331	13 Oct 25	01:35:00	1	0	60	0	Ct	0	0	1	0	2	0	1	0	0	0	0	2	0	0	0	0	0	2	0	0	0	2	2	0	0	0	0	0	0	0	3	4	0	0
120332	13 Oct 25	01:36:00	1	0	60	0	Ct	0	0	1	0	4	0	1	0	0	0	0	0	0	0	0	0	0	0	0	0	0	0	0	0	1	0	1	0	0	2	3	3	0	1
120333	13 Oct 25	01:37:00	1	0	60	0	Ct	0	0	1	0	3	0	1	0	0	0	0	1	2	0	0	0	0	0	0	0	0	0	5	0	0	0	1	2	0	2	1	1	0	1
120334	13 Oct 25	01:38:00	1	0	60	0	Ct	0	0	1	0	2	0	3	0	0	0	0	3	13	0	0	0	0	0	0	0	0	1	7	0	0	0	0	0	1	1	0	1	0	0
120335	13 Oct 25	01:39:00	1	0	60	0	Ct	0	0	1	0	3	0	23	0	0	0	0	0	0	2	0	0	0	0	0	0	0	1	5	1	0	0	0	0	2	4	1	3	0	0
120336	13 Oct 25	01:40:00	1	0	60	0	Ct	0	0	0	0	2	0	2	0	0	0	0	4	0	5	0	0	0	0	0	0	0	0	2	1	3	0	0	0	0	8	5	7	0	0
120337	13 Oct 25	01:41:00	1	0	60	0	Ct	0	0	0	0	4	0	1	0	0	0	0	0	0	1	0	0	0	4	0	0	0	1	3	0	2	0	0	0	2	12	14	0	0	2
120338	13 Oct 25	01:42:00	1	0	60	0	Ct	0	0	0	0	2	0	0	0	0	0	0	0	0	0	0	0	0	1	0	0	0	2	5	0	2	0	0	0	2	1	2	1	0	0
120339	13 Oct 25	01:43:00	1	0	60	0	Ct	0	0	0	0	4	0	0	0	0	0	0	0	1	0	0	0	0	1	0	0	0	1	0	1	3	0	0	0	6	2	5	1	0	3
120340	13 Oct 25	01:44:00	1	0	60	0	Ct	0	0	0	0	1	0	0	0	0	0	0	0	0	4	0	0	0	0	0	0	0	1	4	0	4	0	0	0	1	2	4	0	0	1
120341	13 Oct 25	01:45:00	1	0	60	0	Ct	0	0	0	0	3	0	2	0	0	0	0	0	0	7	0	0	0	0	0	0	0	3	9	0	0	0	0	0	2	0	1	2	0	2
120342	13 Oct 25	01:46:00	1	0	60	0	Ct	0	0	0	0	3	0	3	0	0	0	0	0	0	2	0	0	0	0	0	0	0	0	0	1	2	1	0	0	1	0	4	0	0	3
120343	13 Oct 25	01:47:00	1	0	60	0	Ct	0	0	0	0	3	0	4	0	0	0	0	0	1	2	0	0	0	0	0	0	0	0	2	1	2	1	0	0	0	1	4	0	0	1
120344	13 Oct 25	01:48:00	1	0	60	0	Ct	0	0	0	0	2	0	2	0	0	0	0	0	0	0	0	0	0	0	0	0	0	6	7	1	2	0	0	0	0	1	13	3	0	2
120345	13 Oct 25	01:49:00	1	0	60	0	Ct	0	0	0	0	2	0	4	0	0	0	0	5	0	1	0	0	0	2	0	0	0	2	15	0	2	0	0	0	0	3	4	2	0	2
120346	13 Oct 25	01:50:00	1	0	60	0	Ct	0	0	0	0	2	0	2	0	0	0	0	3	11	1	0	0	0	4	0	0	0	0	0	0	2	0	0	0	1	1	4	2	0	4
120347	13 Oct 25	01:51:00	1	0	60	0	Ct	0	0	0	0	2	0	5	0	0	0	0	5	6	0	0	0	0	3	0	0	0	2	0	3	4	0	0	0	2	1	7	11	0	0
120348	13 Oct 25	01:52:00	1	0	60	0	Ct	0	0	1	0	2	0	1	0	0	0	0	3	2	2	0	0	0	3	0	0	5	1	0	0	1	0	0	0	25	5	6	5	0	0
120349	13 Oct 25	01:53:00	1	0	60	0	Ct	0	0	4	0	0	0	3	0	0	0	0	3	3	0	0	0	0	3	0	0	2	0	0	0	2	0	0	0	11	10	2	10	0	0
120350	13 Oct 25	01:54:00	1	0	60	0	Ct	0	0	0	0	2	0	3	0	0	0	0	3	0	3	0	0	0	0	0	0	0	0	0	2	0	0	0	0	4	8	3	6	0	0
120351	13 Oct 25	01:55:00	1	0	60	0	Ct	0	0	0	0	2	0	2	0	0	0	0	2	2	4	0	0	0	0	0	0	0	0	0	3	1	0	0	0	1	0	1	3	0	0
120352	13 Oct 25	01:56:00	1	0	60	0	Ct	0	0	0	0	2	0	1	0	0	0	0	1	1	1	0	0	0	0	0	0	0	0	3	0	2	0	0	0	0	7	1	1	0	0
120353	13 Oct 25	01:57:00	1	0	60	0	Ct	0	0	0	0	4	0	3	0	0	0	0	1	4	0	0	0	0	0	0	0	0	0	12	3	1	0	0	0	0	0	0	1	0	2
120354	13 Oct 25	01:58:00	1	0	60	0	Ct	0	0	0	0	4	0	3	0	0	0	0	0	1	0	0	0	0	2	0	0	0	0	4	1	0	0	0	0	0	3	0	3	0	0
120355	13 Oct 25	01:59:00	1	0	60	0	Ct	0	0	0	0	3	0	0	0	0	0	0	1	3	0	0	0	0	0	0	0	0	0	0	0	0	0	0	0	0	2	0	0	0	3
120356	13 Oct 25	02:00:00	1	0	60	0	Ct	0	0	0	0	5	0	3	0	0	0	0	2	1	0	0	0	0	0	0	0	0	0	0	8	0	0	0	0	0	4	15	1	0	2
120357	13 Oct 25	02:01:00	1	0	60	0	Ct	0	0	0	0	3	0	3	0	0	0	0	0	1	0	0	0	11	0	0	0	0	0	0	6	0	0	0	0	4	2	19	0	0	1
120358	13 Oct 25	02:02:00	1	0	60	0	Ct	0	0	0	0	2	0	0	0	0	0	0	0	7	0	0	0	0	0	0	0	0	0	0	0	1	0	0	0	2	2	8	1	0	2
120359	13 Oct 25	02:03:00	1	0	60	0	Ct	0	0	0	0	3	0	1	0	0	0	0	0	0	0	0	0	0	0	0	0	0	0	0	5	1	0	0	0	0	11	1	0	0	2
120360	13 Oct 25	02:04:00	1	0	60	0	Ct	0	0	0	0	2	0	1	0	0	0	0	0	0	0	0	0	0	0	0	0	0	0	0	1	0	0	0	0	0	3	0	0	0	2
120361	13 Oct 25	02:05:00	1	0	60	0	Ct	0	0	0	0	2	0	0	0	0	0	0	0	0	8	0	0	0	0	0	0	0	0	3	0	1	0	0	0	0	4	0	0	0	1
120362	13 Oct 25	02:06:00	1	0	60	0	Ct	0	0	0	0	2	0	0	0	0	0	0	2	0	9	0	0	0	0	0	0	0	0	5	0	1	0	0	0	1	2	1	0	0	1
120363	13 Oct 25	02:07:00	1	0	60	0	Ct	0	0	0	0	3	0	3	0	0	0	0	0	0	2	0	0	0	0	0	0	0	0	6	0	2	0	0	0	1	2	11	0	0	3
120364	13 Oct 25	02:08:00	1	0	60	0	Ct	0	0	0	0	2	0	3	0	0	0	0	1	0	2	0	0	0	0	0	0	0	0	0	0	1	0	0	0	2	8	1	3	0	3
120365	13 Oct 25	02:09:00	1	0	60	0	Ct	0	0	0	0	2	0	3	0	0	0	0	22	0	0	0	0	0	0	0	0	0	0	0	0	0	0	0	0	2	8	2	3	0	1
120366	13 Oct 25	02:10:00	1	0	60	0	Ct	0	0	0	0	1	0	5	0	0	0	1	0	0	1	0	0	0	0	0	0	0	0	0	0	2	0	0	0	2	1	2	2	0	0
120367	13 Oct 25	02:11:00	1	0	60	0	Ct	0	0	0	0	1	0	3	0	0	0	1	0	0	2	0	0	0	0	0	0	0	0	0	0	0	0	0	0	1	7	0	0	0	0
120368	13 Oct 25	02:12:00	1	0	60	0	Ct	0	0	0	0	0	0	1	0	0	0	2	0	0	4	0	0	0	0	0	0	1	0	2	0	0	0	0	0	2	3	0	3	0	4
120369	13 Oct 25	02:13:00	1	0	60	0	Ct	0	0	0	0	1	0	3	0	0	0	1	0	0	1	0	0	0	0	0	0	0	0	1	6	1	0	0	0	1	3	1	2	0	0
120370	13 Oct 25	02:14:00	1	0	60	0	Ct	0	0	0	0	1	0	1	0	0	0	2	0	0	1	0	0	0	0	0	0	3	0	0	0	0	0	0	0	1	5	2	0	0	4
120371	13 Oct 25	02:15:00	1	0	60	0	Ct	0	0	0	0	0	0	2	0	0	0	1	0	0	0	0	0	0	0	0	0	0	0	1	3	0	0	0	0	0	5	0	1	0	1
120372	13 Oct 25	02:16:00	1	0	60	0	Ct	0	0	0	0	1	0	0	0	0	0	2	1	0	2	0	0	0	0	0	0	0	0	3	0	0	0	0	0	2	2	0	1	0	1
120373	13 Oct 25	02:17:00	1	0	60	0	Ct	0	0	0	0	9	0	2	0	0	0	2	2	0	2	0	0	0	0	0	0	0	0	0	2	0	0	0	0	2	9	0	2	0	1
120374	13 Oct 25	02:18:00	1	0	60	0	Ct	0	0	0	0	4	0	12	0	0	0	4	0	0	3	0	0	0	0	0	0	0	0	14	0	0	0	0	0	0	3	0	3	0	1
120375	13 Oct 25	02:19:00	1	0	60	0	Ct	0	0	0	0	6	0	1	0	0	0	0	1	0	1	0	0	0	0	0	0	0	0	0	1	0	0	0	0	0	3	0	7	0	0
120376	13 Oct 25	02:20:00	1	0	60	0	Ct	0	0	0	0	3	0	3	0	0	0	1	0	1	1	0	0	0	0	3	0	0	0	0	13	0	0	0	0	0	2	2	0	0	2
120377	13 Oct 25	02:21:00	1	0	60	0	Ct	0	0	0	0	5	0	1	0	0	0	2	0	0	0	0	0	0	0	0	0	0	0	0	5	0	0	0	0	0	2	0	0	0	2
120378	13 Oct 25	02:22:00	1	0	60	0	Ct	0	0	0	0	4	0	1	0	0	0	2	0	0	0	0	0	0	2	0	0	0	0	0	4	0	0	0	0	0	0	0	0	0	3
120379	13 Oct 25	02:23:00	1	0	60	0	Ct	0	0	0	0	4	0	0	0	0	0	0	3	0	0	0	0	0	4	0	0	0	0	4	0	0	0	0	0	0	3	0	0	0	0
120380	13 Oct 25	02:24:00	1	0	60	0	Ct	0	0	0	0	1	0	0	0	0	0	1	5	0	0	0	0	0	2	0	0	0	0	3	2	0	0	0	0	0	0	0	0	0	1
120381	13 Oct 25	02:25:00	1	0	60	0	Ct	0	0	0	0	0	0	0	0	0	0	1	3	0	0	0	0	0	5	0	0	0	0	3	0	0	0	0	0	0	0	0	5	0	1
120382	13 Oct 25	02:26:00	1	0	60	0	Ct	0	0	0	0	0	0	0	0	0	0	1	2	0	0	0	0	0	4	0	0	2	0	5	0	0	0	0	0	0	1	0	1	0	1
120383	13 Oct 25	02:27:00	1	0	60	0	Ct	0	0	0	0	0	0	1	0	0	0	0	4	0	0	0	0	0	2	0	0	0	0	0	0	2	0	0	0	0	1	3	0	0	0
120384	13 Oct 25	02:28:00	1	0	60	0	Ct	0	0	0	0	0	0	3	0	0	0	6	0	0	0	0	0	0	3	0	0	0	0	2	0	0	0	0	0	0	0	3	0	0	1
120385	13 Oct 25	02:29:00	1	0	60	0	Ct	0	0	0	0	0	0	0	0	0	0	1	1	0	0	0	0	0	1	0	0	0	0	1	0	2	0	0	0	0	1	1	0	0	1
120386	13 Oct 25	02:30:00	1	0	60	0	Ct	0	0	0	0	1	0	0	0	0	0	2	0	0	0	0	0	0	3	0	0	0	0	1	0	3	0	0	0	0	0	1	2	0	4
120387	13 Oct 25	02:31:00	1	0	60	0	Ct	0	0	0	0	2	0	0	0	0	0	2	1	0	0	0	0	0	3	0	0	0	0	3	1	2	0	0	0	0	0	10	4	0	3
120388	13 Oct 25	02:32:00	1	0	60	0	Ct	0	0	0	0	0	0	0	0	0	0	2	1	0	0	0	0	0	2	0	0	0	0	0	1	2	0	0	0	0	0	0	15	0	0
120389	13 Oct 25	02:33:00	1	0	60	0	Ct	0	0	0	0	1	0	0	0	0	0	1	2	0	0	0	0	0	5	0	0	0	0	0	0	1	0	0	0	1	0	1	9	0	4
120390	13 Oct 25	02:34:00	1	0	60	0	Ct	0	0	0	0	2	0	4	0	0	0	0	1	0	0	0	0	0	3	0	0	0	0	0	1	3	0	0	0	0	0	3	14	0	2
120391	13 Oct 25	02:35:00	1	0	60	0	Ct	0	0	0	0	0	0	4	0	0	0	1	0	0	0	0	0	0	2	0	0	0	0	0	5	0	0	0	0	0	1	2	6	0	3
120392	13 Oct 25	02:36:00	1	0	60	0	Ct	0	0	0	0	3	0	2	0	0	0	1	0	0	0	0	0	0	5	0	0	0	0	1	0	0	0	0	0	0	0	0	2	0	3
120393	13 Oct 25	02:37:00	1	0	60	0	Ct	0	0	0	0	1	0	3	0	0	0	1	0	0	0	0	0	0	1	0	0	0	0	1	2	2	0	0	0	0	1	1	2	0	1
120394	13 Oct 25	02:38:00	1	0	60	0	Ct	0	0	0	0	0	0	3	0	0	0	1	0	0	0	0	0	0	3	0	0	0	0	0	3	1	0	0	0	0	5	1	2	0	2
120395	13 Oct 25	02:39:00	1	0	60	0	Ct	0	0	0	0	0	0	1	0	0	0	1	1	0	0	0	0	0	3	0	0	0	0	1	0	1	0	0	0	1	4	0	2	0	8
120396	13 Oct 25	02:40:00	1	0	60	0	Ct	0	0	0	0	0	0	2	0	0	0	0	0	1	0	0	0	0	2	0	0	0	0	0	7	3	0	0	0	2	3	0	3	0	13
120397	13 Oct 25	02:41:00	1	0	60	0	Ct	0	0	0	0	0	0	2	0	0	0	0	0	2	0	0	0	0	3	0	0	0	0	0	0	0	0	0	0	2	6	13	0	0	1
120398	13 Oct 25	02:42:00	1	0	60	0	Ct	0	0	0	0	0	0	4	0	0	0	1	0	1	0	0	0	0	3	0	0	0	0	0	0	0	0	0	0	2	0	16	4	0	1
120399	13 Oct 25	02:43:00	1	0	60	0	Ct	0	0	0	0	0	0	2	0	0	0	2	0	4	0	0	0	0	3	0	0	0	0	5	1	0	0	0	0	1	1	1	1	0	2
120400	13 Oct 25	02:44:00	1	0	60	0	Ct	0	0	0	0	1	0	2	0	0	0	1	0	7	0	0	0	0	4	0	0	0	0	4	0	0	0	0	0	1	1	1	3	0	0
120401	13 Oct 25	02:45:00	1	0	60	0	Ct	0	0	0	0	0	0	0	0	0	0	1	0	2	1	0	0	0	2	0	0	0	0	0	0	0	0	0	0	1	0	2	1	0	1
120402	13 Oct 25	02:46:00	1	0	60	0	Ct	0	0	0	0	0	0	0	0	0	0	7	0	1	4	0	0	0	1	0	0	0	1	2	0	0	0	0	0	1	0	1	2	0	3
120403	13 Oct 25	02:47:00	1	0	60	0	Ct	0	0	0	0	2	0	1	0	0	0	1	0	1	3	0	0	0	1	0	0	0	8	7	0	0	0	0	0	3	2	0	4	0	0
120404	13 Oct 25	02:48:00	1	0	60	0	Ct	0	0	0	0	0	0	2	0	0	0	2	0	2	0	0	0	0	0	0	0	0	5	8	6	0	0	0	0	0	0	0	0	0	2
120405	13 Oct 25	02:49:00	1	0	60	0	Ct	0	0	0	0	0	0	4	0	0	0	1	0	0	0	0	0	0	2	0	0	0	5	3	1	0	0	0	0	0	1	5	0	0	0
120406	13 Oct 25	02:50:00	1	0	60	0	Ct	0	0	0	0	0	0	3	0	0	0	1	3	0	0	0	0	0	4	0	0	0	1	1	1	2	0	0	0	0	2	0	2	0	3
120407	13 Oct 25	02:51:00	1	0	60	0	Ct	0	0	0	0	0	0	3	0	0	0	0	2	0	0	0	0	0	2	0	0	0	2	0	1	1	0	0	0	0	6	0	0	0	4
120408	13 Oct 25	02:52:00	1	0	60	0	Ct	0	0	0	0	0	0	1	0	0	0	0	2	0	0	0	0	0	2	0	0	0	1	3	2	2	0	0	0	0	5	2	0	0	1
120409	13 Oct 25	02:53:00	1	0	60	0	Ct	0	0	0	0	0	0	3	0	0	0	0	1	0	0	0	0	0	2	0	0	0	1	0	0	2	0	0	0	0	0	0	0	0	4
120410	13 Oct 25	02:54:00	1	0	60	0	Ct	0	0	0	0	0	0	13	0	0	0	0	1	1	0	0	0	0	3	0	0	0	0	0	0	2	0	0	0	0	0	1	0	0	2
120411	13 Oct 25	02:55:00	1	0	60	0	Ct	0	0	0	0	0	0	1	0	0	0	0	4	2	0	0	0	0	2	0	0	0	0	4	3	2	0	0	0	0	0	11	0	0	1
120412	13 Oct 25	02:56:00	1	0	60	0	Ct	0	0	0	0	0	0	1	0	0	0	0	2	0	0	0	0	0	1	0	0	0	0	0	2	2	0	0	0	0	0	20	0	0	1
120413	13 Oct 25	02:57:00	1	0	60	0	Ct	0	0	0	0	0	0	0	0	0	0	0	2	1	0	0	0	0	3	0	0	0	3	0	2	1	0	0	0	0	0	4	0	0	2
120414	13 Oct 25	02:58:00	1	0	60	0	Ct	0	0	0	0	2	0	0	0	0	0	0	0	1	0	0	0	0	4	1	0	0	5	0	3	1	0	0	0	0	11	3	0	0	4
120415	13 Oct 25	02:59:00	1	0	60	0	Ct	0	0	0	0	0	0	0	0	0	0	0	0	20	0	0	0	0	1	1	0	0	0	0	2	3	0	0	0	0	29	0	7	0	2
120416	13 Oct 25	03:00:00	1	0	60	0	Ct	0	0	0	0	0	0	1	0	0	0	0	0	2	0	0	0	0	3	1	0	0	1	0	1	2	0	0	0	0	1	0	7	0	1
120417	13 Oct 25	03:01:00	1	0	60	0	Ct	0	0	0	0	0	0	3	0	0	0	0	0	2	0	0	0	0	2	0	0	1	3	0	2	6	0	0	0	0	2	0	1	0	2
120418	13 Oct 25	03:02:00	1	0	60	0	Ct	0	0	0	0	0	0	2	0	0	0	0	0	2	0	0	0	0	2	0	0	3	1	0	1	0	0	0	0	0	2	0	1	0	0
120419	13 Oct 25	03:03:00	1	0	60	0	Ct	0	0	0	2	0	0	1	0	0	0	0	0	1	0	0	0	0	1	0	0	2	2	0	2	0	0	0	0	0	1	0	13	0	0
120420	13 Oct 25	03:04:00	1	0	60	0	Ct	0	0	0	0	0	0	2	0	0	0	0	0	1	0	0	0	0	1	0	0	0	8	0	4	0	0	0	0	0	3	0	24	0	2
120421	13 Oct 25	03:05:00	1	0	60	0	Ct	0	0	0	0	0	0	0	0	0	0	0	0	0	0	0	0	0	2	0	0	0	0	0	3	0	0	0	0	0	3	0	18	0	0
120422	13 Oct 25	03:06:00	1	0	60	0	Ct	0	0	0	0	0	0	1	0	0	0	0	0	0	0	0	0	0	3	0	0	0	1	0	1	1	0	0	0	0	1	0	13	0	0
120423	13 Oct 25	03:07:00	1	0	60	0	Ct	0	0	0	0	0	0	4	0	0	0	0	0	0	0	0	0	0	3	1	0	0	2	0	2	0	0	0	0	0	2	0	14	0	0
120424	13 Oct 25	03:08:00	1	0	60	0	Ct	0	0	0	0	0	0	3	0	0	0	0	0	0	0	0	0	0	7	0	0	0	0	0	2	2	0	0	0	0	0	0	1	0	0
120425	13 Oct 25	03:09:00	1	0	60	0	Ct	0	0	0	0	0	0	1	0	0	0	0	0	0	0	0	0	0	1	0	0	0	0	0	1	1	0	0	0	0	1	0	0	0	0
120426	13 Oct 25	03:10:00	1	0	60	0	Ct	0	0	0	0	0	0	3	0	0	0	0	0	0	0	0	0	0	5	0	0	0	5	0	1	2	0	0	0	4	1	0	2	0	0
120427	13 Oct 25	03:11:00	1	0	60	0	Ct	0	0	0	0	2	0	2	0	0	0	0	0	0	0	0	0	0	0	0	0	0	0	0	1	3	0	0	0	0	0	0	2	0	1
120428	13 Oct 25	03:12:00	1	0	60	0	Ct	0	0	0	0	0	0	2	0	0	0	0	0	0	0	0	0	0	4	2	0	0	0	0	1	1	0	0	0	2	1	0	2	0	4
120429	13 Oct 25	03:13:00	1	0	60	0	Ct	0	0	0	0	0	0	1	0	0	0	0	0	0	0	0	0	0	4	1	0	0	0	0	2	1	0	0	0	0	2	2	0	0	2
120430	13 Oct 25	03:14:00	1	0	60	0	Ct	0	0	0	0	0	0	1	0	0	0	0	0	0	0	0	0	0	3	1	0	0	2	0	4	2	0	0	0	0	0	2	0	0	1
120431	13 Oct 25	03:15:00	1	0	60	0	Ct	0	0	0	0	1	0	0	0	0	0	0	19	0	0	0	0	0	3	1	0	0	1	0	0	3	0	0	0	0	0	2	0	2	3
120432	13 Oct 25	03:16:00	1	0	60	0	Ct	0	0	0	0	0	0	0	0	0	0	0	2	0	0	0	0	0	2	5	0	0	3	0	0	2	0	0	0	0	10	3	1	1	2
120433	13 Oct 25	03:17:00	1	0	60	0	Ct	0	0	0	0	0	0	2	0	0	0	0	2	0	0	0	0	0	2	1	0	0	0	0	0	1	0	0	0	0	8	1	0	0	1
120434	13 Oct 25	03:18:00	1	0	60	0	Ct	0	0	0	0	0	0	2	0	0	0	0	0	0	0	0	0	0	3	1	0	0	0	0	0	0	0	0	0	0	4	1	0	0	2
120435	13 Oct 25	03:19:00	1	0	60	0	Ct	0	0	0	0	0	0	0	0	0	0	0	0	0	0	0	0	0	3	2	0	0	0	0	0	0	0	0	0	0	2	0	6	0	1
120436	13 Oct 25	03:20:00	1	0	60	0	Ct	0	0	0	0	0	0	2	0	0	0	0	0	0	0	0	0	0	2	1	0	0	1	0	3	0	0	0	0	0	1	0	0	0	2
120437	13 Oct 25	03:21:00	1	0	60	0	Ct	0	0	0	0	0	0	2	0	0	0	0	0	0	0	0	0	0	3	2	0	0	2	0	1	0	0	0	1	0	7	0	2	0	3
120438	13 Oct 25	03:22:00	1	0	60	0	Ct	0	0	0	0	3	0	1	0	0	0	0	0	3	0	0	0	0	3	2	0	0	0	0	4	0	0	0	0	0	3	0	3	0	2
120439	13 Oct 25	03:23:00	1	0	60	0	Ct	0	0	0	0	0	0	2	0	0	0	0	0	3	0	0	0	0	7	2	0	0	0	0	3	0	0	0	0	0	2	0	3	0	3
120440	13 Oct 25	03:24:00	1	0	60	0	Ct	0	0	0	0	0	0	0	0	0	0	0	0	2	0	0	0	0	0	2	0	0	0	0	2	1	0	0	0	0	0	1	1	0	4
120441	13 Oct 25	03:25:00	1	0	60	0	Ct	0	0	0	0	0	0	0	0	0	0	0	0	2	0	0	0	0	2	1	0	0	0	0	2	0	0	0	0	0	0	0	0	0	0
120442	13 Oct 25	03:26:00	1	0	60	0	Ct	0	0	0	0	0	0	0	0	0	0	0	0	2	0	0	0	0	2	3	0	0	0	0	1	10	0	0	0	0	0	0	0	5	1
120443	13 Oct 25	03:27:00	1	0	60	0	Ct	0	0	0	0	0	0	0	0	0	0	0	0	0	0	0	0	0	3	2	0	0	2	2	1	1	0	0	0	0	1	0	0	0	2
120444	13 Oct 25	03:28:00	1	0	60	0	Ct	0	0	0	0	0	0	0	0	0	0	0	1	0	0	0	0	0	3	1	0	0	1	2	2	2	0	0	0	0	0	0	0	0	2
120445	13 Oct 25	03:29:00	1	0	60	0	Ct	0	0	0	0	0	0	4	0	0	0	0	1	0	0	0	0	0	1	1	0	0	0	0	2	0	0	0	0	0	0	1	0	0	2
120446	13 Oct 25	03:30:00	1	0	60	0	Ct	0	0	0	0	0	0	4	0	0	0	0	0	0	1	0	0	0	4	1	0	0	0	0	2	2	0	0	0	0	0	0	0	0	2
120447	13 Oct 25	03:31:00	1	0	60	0	Ct	0	0	0	0	0	0	0	0	0	0	0	1	0	0	0	0	0	2	0	0	0	1	0	1	2	0	0	0	1	0	0	0	0	0
120448	13 Oct 25	03:32:00	1	0	60	0	Ct	0	0	0	0	0	0	0	0	0	0	0	1	0	0	0	0	0	3	2	0	0	17	1	2	1	0	0	0	0	2	2	0	0	0
120449	13 Oct 25	03:33:00	1	0	60	0	Ct	0	0	0	0	0	0	0	0	0	0	0	2	0	8	0	0	0	2	2	0	0	13	2	1	1	0	0	0	1	2	1	0	0	0
120450	13 Oct 25	03:34:00	1	0	60	0	Ct	0	0	0	0	0	0	2	0	0	0	0	1	0	4	0	0	0	1	1	0	0	0	3	1	1	0	0	0	0	12	3	0	0	2
120451	13 Oct 25	03:35:00	1	0	60	0	Ct	0	0	0	1	0	0	0	0	0	0	0	0	0	0	0	0	0	2	2	0	0	0	0	1	0	0	0	0	3	1	3	0	0	1
120452	13 Oct 25	03:36:00	1	0	60	0	Ct	0	0	0	0	1	0	4	0	0	0	0	0	0	0	0	0	0	2	1	0	0	0	0	1	0	0	0	0	1	2	19	3	0	2
120453	13 Oct 25	03:37:00	1	0	60	0	Ct	0	0	0	0	0	0	6	0	0	0	0	0	0	0	0	0	0	2	2	0	0	0	0	0	1	0	0	0	1	0	6	0	0	4
120454	13 Oct 25	03:38:00	1	0	60	0	Ct	0	0	0	0	0	0	2	0	0	0	0	0	0	0	0	0	0	2	1	0	0	0	0	2	2	0	0	0	0	1	5	1	0	0
120455	13 Oct 25	03:39:00	1	0	60	0	Ct	0	0	0	0	0	0	3	0	0	0	0	0	0	0	0	0	0	3	0	0	0	0	0	1	1	0	0	0	0	1	1	4	0	1
120456	13 Oct 25	03:40:00	1	0	60	0	Ct	0	0	0	0	0	0	2	0	0	0	0	1	0	0	0	0	0	2	1	0	0	0	0	2	1	0	0	0	0	0	8	0	0	1
120457	13 Oct 25	03:41:00	1	0	60	0	Ct	0	0	0	0	0	0	4	0	0	0	0	0	0	0	0	0	0	9	1	0	0	0	0	2	0	0	0	0	0	0	18	0	0	3
120458	13 Oct 25	03:42:00	1	0	60	0	Ct	0	0	0	0	0	0	0	0	0	0	0	0	0	0	0	0	0	7	3	0	0	0	0	2	0	0	0	0	0	0	5	0	0	2
120459	13 Oct 25	03:43:00	1	0	60	0	Ct	0	0	0	0	0	0	2	0	0	0	0	0	0	0	0	0	0	4	1	0	0	0	0	1	2	0	0	0	0	5	11	0	0	0
120460	13 Oct 25	03:44:00	1	0	60	0	Ct	0	0	0	0	0	0	2	0	0	0	0	0	0	0	0	0	0	3	1	0	0	0	0	1	1	0	0	0	0	0	2	0	0	2
120461	13 Oct 25	03:45:00	1	0	60	0	Ct	0	0	0	0	0	0	1	0	0	0	0	0	0	0	0	0	0	4	2	0	0	0	0	1	0	0	0	0	0	0	0	0	0	0
120462	13 Oct 25	03:46:00	1	0	60	0	Ct	0	0	0	0	0	0	1	0	0	0	0	0	0	0	0	0	0	3	2	0	0	0	0	0	0	0	0	0	0	0	0	0	0	0
120463	13 Oct 25	03:47:00	1	0	60	0	Ct	0	0	0	0	0	0	0	0	0	0	0	0	0	0	0	0	0	1	3	0	0	0	0	1	0	0	0	0	1	9	0	0	0	0
120464	13 Oct 25	03:48:00	1	0	60	0	Ct	0	0	0	0	0	0	0	0	0	0	0	0	0	0	0	0	0	2	2	0	0	0	0	1	0	0	0	0	1	0	1	0	0	0
120465	13 Oct 25	03:49:00	1	0	60	0	Ct	0	0	0	0	0	0	0	0	0	0	0	0	0	0	0	0	0	1	2	0	0	0	0	0	0	0	0	0	0	3	0	1	0	0
120466	13 Oct 25	03:50:00	1	0	60	0	Ct	0	0	0	0	0	0	0	0	0	0	0	0	0	0	0	0	0	0	2	0	0	0	0	1	0	0	0	0	0	0	1	6	0	2
120467	13 Oct 25	03:51:00	1	0	60	0	Ct	0	0	0	0	0	0	0	0	0	0	0	0	0	0	0	0	0	0	1	0	0	0	0	1	0	0	0	0	0	2	4	3	0	0
120468	13 Oct 25	03:52:00	1	0	60	0	Ct	0	0	0	0	0	0	0	0	0	0	0	0	5	0	0	0	0	0	1	0	0	0	0	3	0	0	0	0	0	0	1	0	0	2
120469	13 Oct 25	03:53:00	1	0	60	0	Ct	0	0	0	0	0	0	0	0	0	0	0	0	4	0	0	0	0	0	0	0	0	0	0	1	0	0	0	0	0	1	1	0	0	3
120470	13 Oct 25	03:54:00	1	0	60	0	Ct	0	0	0	0	0	0	0	0	0	0	0	0	0	0	0	0	0	0	2	0	0	0	0	1	3	0	0	0	0	19	8	0	0	1
120471	13 Oct 25	03:55:00	1	0	60	0	Ct	0	0	0	0	0	0	0	0	0	0	0	0	1	0	0	0	0	0	2	0	4	0	0	0	2	0	0	0	0	1	1	0	0	3
120472	13 Oct 25	03:56:00	1	0	60	0	Ct	0	0	0	0	0	0	4	0	0	0	0	0	3	0	0	0	0	1	2	0	3	0	0	1	1	0	0	0	0	2	2	0	0	4
120473	13 Oct 25	03:57:00	1	0	60	0	Ct	0	0	0	0	0	0	3	0	0	0	0	3	2	0	0	0	0	1	2	0	5	0	0	1	0	0	0	0	0	0	1	0	0	2
120474	13 Oct 25	03:58:00	1	0	60	0	Ct	0	0	0	0	0	0	2	0	0	0	0	0	2	0	0	0	0	0	1	0	2	0	0	1	0	0	0	0	0	0	1	0	0	2
120475	13 Oct 25	03:59:00	1	0	60	0	Ct	0	0	0	0	0	0	19	0	0	0	0	1	1	0	0	0	0	0	1	0	0	0	0	1	2	0	0	0	0	7	2	0	0	1
120476	13 Oct 25	04:00:00	1	0	60	0	Ct	0	0	0	0	0	0	2	0	0	0	0	1	3	0	0	0	0	0	1	0	2	0	0	2	1	0	0	2	0	3	0	0	0	1
120477	13 Oct 25	04:01:00	1	0	60	0	Ct	0	0	0	0	0	0	4	0	0	0	0	0	0	0	0	0	0	0	1	0	2	0	0	1	1	0	0	0	0	3	0	0	0	1
120478	13 Oct 25	04:02:00	1	0	60	0	Ct	0	0	0	0	0	0	1	0	0	0	0	0	2	0	0	0	0	0	3	0	2	0	0	0	1	0	0	2	7	3	0	0	0	1
120479	13 Oct 25	04:03:00	1	0	60	0	Ct	0	0	0	0	0	0	1	0	0	0	0	0	2	0	0	0	0	0	2	0	0	0	3	0	1	0	0	2	0	0	0	0	0	0
120480	13 Oct 25	04:04:00	1	0	60	0	Ct	0	0	0	2	0	0	1	0	0	0	0	1	0	0	0	0	0	0	1	0	0	0	3	2	1	0	0	3	0	0	0	0	0	0
120481	13 Oct 25	04:05:00	1	0	60	0	Ct	0	0	0	0	0	0	0	0	0	0	3	0	0	0	0	0	0	0	2	0	0	0	1	0	1	0	0	2	0	1	0	0	0	0
120482	13 Oct 25	04:06:00	1	0	60	0	Ct	0	0	0	0	0	0	1	0	0	0	0	0	0	0	0	0	0	0	1	0	0	0	2	1	3	0	0	1	0	4	0	0	0	0
120483	13 Oct 25	04:07:00	1	0	60	0	Ct	0	0	0	0	0	0	5	0	0	0	1	0	0	0	0	0	0	0	2	0	0	0	5	1	0	0	0	4	0	2	0	0	0	2
120484	13 Oct 25	04:08:00	1	0	60	0	Ct	0	0	0	0	0	0	3	0	0	0	0	0	0	0	0	0	0	0	1	0	0	0	1	1	0	0	0	3	0	3	0	0	0	0
120485	13 Oct 25	04:09:00	1	0	60	0	Ct	0	0	0	0	0	0	1	0	0	0	3	0	0	0	0	0	0	1	1	0	0	0	2	0	0	0	0	3	0	1	0	0	0	5
120486	13 Oct 25	04:10:00	1	0	60	0	Ct	0	0	0	0	0	0	1	0	0	0	8	0	0	0	0	0	0	0	1	0	0	0	2	1	0	0	0	3	0	1	1	0	0	1
120487	13 Oct 25	04:11:00	1	0	60	0	Ct	0	0	0	0	0	0	4	0	0	0	0	0	0	0	0	0	0	0	1	0	0	1	0	3	0	0	0	0	0	4	0	10	0	1
120488	13 Oct 25	04:12:00	1	0	60	0	Ct	0	0	0	0	0	0	3	0	0	0	1	0	0	0	0	0	0	0	1	0	0	2	3	1	0	0	0	3	0	1	0	0	0	2
120489	13 Oct 25	04:13:00	1	0	60	0	Ct	0	0	0	0	0	0	0	0	0	0	1	0	0	0	0	0	0	0	1	0	0	0	0	2	0	0	0	3	0	5	0	0	0	0
120490	13 Oct 25	04:14:00	1	0	60	0	Ct	0	0	0	0	0	0	0	0	0	0	2	0	0	0	0	0	0	0	4	0	2	1	4	4	0	0	1	3	0	7	0	0	0	4
120491	13 Oct 25	04:15:00	1	0	60	0	Ct	0	0	0	0	0	0	0	0	0	0	6	0	0	0	0	0	0	0	1	0	0	1	6	1	0	0	6	3	0	11	0	0	0	1
120492	13 Oct 25	04:16:00	1	0	60	0	Ct	0	0	0	0	0	0	0	0	0	0	3	0	0	0	0	0	0	3	8	0	0	1	1	1	0	0	0	3	0	1	0	0	0	0
120493	13 Oct 25	04:17:00	1	0	60	0	Ct	0	0	0	0	0	0	2	0	0	0	2	0	0	0	0	0	0	1	1	0	0	4	6	1	0	0	0	1	0	3	0	0	0	0
120494	13 Oct 25	04:18:00	1	0	60	0	Ct	0	0	0	0	0	0	0	0	0	0	3	0	0	0	0	0	2	0	2	0	0	0	2	1	1	0	1	3	1	6	0	0	0	0
120495	13 Oct 25	04:19:00	1	0	60	0	Ct	0	0	0	0	0	0	2	0	0	0	0	0	0	0	0	0	0	0	2	0	0	1	0	1	1	0	1	2	0	5	0	0	0	1
120496	13 Oct 25	04:20:00	1	0	60	0	Ct	0	0	0	0	0	0	3	0	0	0	1	0	0	0	0	0	1	0	2	0	0	3	0	1	0	0	0	3	0	7	0	0	0	2
120497	13 Oct 25	04:21:00	1	0	60	0	Ct	0	0	0	0	0	0	3	0	0	0	0	0	1	0	0	0	4	0	3	0	0	0	0	1	0	0	0	2	0	2	0	0	0	3
120498	13 Oct 25	04:22:00	1	0	60	0	Ct	0	0	0	0	0	0	1	0	0	0	0	0	2	0	0	0	4	0	1	0	0	3	1	0	0	0	0	2	0	3	0	0	0	2
120499	13 Oct 25	04:23:00	1	0	60	0	Ct	0	0	0	0	0	0	0	0	0	0	0	0	4	0	0	0	0	0	2	0	0	2	0	1	0	0	0	2	0	0	0	2	0	2
120500	13 Oct 25	04:24:00	1	0	60	0	Ct	0	0	0	0	0	0	2	0	0	0	0	0	0	0	0	0	0	0	2	0	0	1	0	0	0	0	0	2	0	0	0	0	0	3
120501	13 Oct 25	04:25:00	1	0	60	0	Ct	0	0	0	0	0	0	0	0	0	0	0	0	0	0	0	0	0	0	1	0	0	1	0	2	0	0	0	2	3	2	0	1	0	4
120502	13 Oct 25	04:26:00	1	0	60	0	Ct	0	0	0	0	0	0	0	0	0	0	0	0	1	0	0	0	0	0	0	0	0	5	0	1	0	0	0	2	0	0	0	1	2	1
120503	13 Oct 25	04:27:00	1	0	60	0	Ct	0	0	0	0	0	0	0	0	0	0	0	2	1	0	0	0	0	0	0	0	0	5	0	1	0	0	0	3	0	0	0	2	0	3
120504	13 Oct 25	04:28:00	1	0	60	0	Ct	0	0	0	0	0	0	0	0	0	0	0	0	1	0	0	0	0	1	1	0	0	0	0	1	0	0	0	2	0	3	0	9	3	2
120505	13 Oct 25	04:29:00	1	0	60	0	Ct	0	0	0	0	2	0	0	0	0	0	0	0	1	0	0	0	0	0	1	0	0	6	1	1	0	0	0	2	0	0	0	0	0	1
120506	13 Oct 25	04:30:00	1	0	60	0	Ct	0	0	0	0	0	0	0	0	0	0	0	0	1	0	0	0	0	0	0	0	0	0	0	0	0	0	0	3	0	0	0	0	0	1
120507	13 Oct 25	04:31:00	1	0	60	0	Ct	0	0	0	0	0	0	0	0	0	0	0	0	0	0	0	0	0	0	0	0	0	1	4	3	0	1	0	3	0	1	0	0	0	0
120508	13 Oct 25	04:32:00	1	0	60	0	Ct	0	0	0	0	2	0	0	0	0	0	0	0	1	0	0	0	0	0	3	0	0	3	0	2	0	0	0	3	0	0	0	0	0	1
120509	13 Oct 25	04:33:00	1	0	60	0	Ct	0	0	0	0	0	0	3	0	0	0	0	0	1	0	0	0	0	0	1	0	0	0	0	1	0	0	0	3	0	0	0	0	0	0
120510	13 Oct 25	04:34:00	1	0	60	0	Ct	0	0	0	0	0	0	0	0	0	0	0	0	0	0	0	0	0	3	1	0	0	1	0	1	0	0	0	4	0	4	0	0	0	0
120511	13 Oct 25	04:35:00	1	0	60	0	Ct	0	0	0	5	0	0	0	0	0	0	0	0	1	0	3	0	0	3	0	0	0	0	0	1	0	0	0	2	0	9	0	0	0	0
120512	13 Oct 25	04:36:00	1	0	60	0	Ct	0	0	0	2	0	0	0	0	0	0	0	0	2	0	2	0	0	4	1	0	0	2	1	1	0	0	0	3	0	0	0	0	0	0
120513	13 Oct 25	04:37:00	1	0	60	0	Ct	0	0	0	2	0	0	0	0	0	0	0	0	1	0	1	0	0	1	5	0	0	0	0	1	0	0	0	1	0	4	0	0	0	0
120514	13 Oct 25	04:38:00	1	0	60	0	Ct	0	0	0	3	0	0	0	0	0	0	0	0	0	2	0	0	0	1	1	0	0	2	0	2	0	0	0	2	0	9	0	0	0	0
120515	13 Oct 25	04:39:00	1	0	60	0	Ct	0	0	0	3	0	0	2	0	0	0	0	0	0	0	0	0	0	1	1	0	0	1	0	3	0	0	0	2	0	1	13	0	0	0
120516	13 Oct 25	04:40:00	1	0	60	0	Ct	0	0	0	2	0	0	0	0	0	0	0	0	0	0	0	0	0	1	2	0	0	2	0	1	0	0	0	2	0	1	3	0	0	0
120517	13 Oct 25	04:41:00	1	0	60	0	Ct	0	0	0	1	0	0	0	0	0	0	0	0	0	4	0	0	0	3	1	0	0	0	5	0	0	0	0	3	0	2	0	2	0	0
120518	13 Oct 25	04:42:00	1	0	60	0	Ct	0	0	0	2	0	0	0	0	0	0	0	0	0	0	0	0	0	0	1	0	0	2	13	1	0	0	0	5	0	0	0	1	0	0
120519	13 Oct 25	04:43:00	1	0	60	0	Ct	0	0	0	3	0	0	0	0	0	0	0	0	0	3	0	0	0	0	0	0	0	4	15	8	0	0	0	4	0	1	0	2	0	0
120520	13 Oct 25	04:44:00	1	0	60	0	Ct	0	0	0	2	0	0	0	0	0	0	0	0	0	13	0	0	0	0	1	0	0	12	21	6	0	0	0	3	0	1	1	1	0	0
120521	13 Oct 25	04:45:00	1	0	60	0	Ct	0	0	0	3	0	0	4	0	0	0	0	0	0	0	0	0	0	0	1	0	0	33	17	0	0	0	0	3	0	5	0	10	0	0
120522	13 Oct 25	04:46:00	1	0	60	0	Ct	0	0	0	1	0	0	1	0	0	0	0	0	0	4	0	0	0	0	2	0	0	9	0	2	0	0	0	3	0	2	0	9	0	0
120523	13 Oct 25	04:47:00	1	0	60	0	Ct	0	0	0	2	2	0	0	0	0	0	0	0	0	0	0	0	0	0	1	0	0	0	0	0	0	0	0	2	0	0	0	1	0	0
120524	13 Oct 25	04:48:00	1	0	60	0	Ct	0	0	0	3	1	0	0	0	0	0	0	1	0	2	0	0	0	1	2	0	0	0	9	0	0	0	0	3	0	0	0	6	0	4
120525	13 Oct 25	04:49:00	1	0	60	0	Ct	0	0	0	3	2	0	0	0	0	0	0	1	0	8	0	0	0	0	0	0	0	0	15	0	0	0	0	3	0	2	1	0	0	3
120526	13 Oct 25	04:50:00	1	0	60	0	Ct	0	0	0	3	0	0	1	0	0	0	0	1	0	1	0	0	0	0	1	0	0	0	16	0	0	0	0	3	0	0	5	0	0	4
120527	13 Oct 25	04:51:00	1	0	60	0	Ct	0	0	0	3	0	0	3	0	0	0	0	0	0	6	0	0	0	0	2	0	0	0	14	0	0	0	0	2	0	0	2	0	0	3
120528	13 Oct 25	04:52:00	1	0	60	0	Ct	0	0	0	4	0	0	0	0	0	0	0	0	0	2	0	0	0	0	1	0	0	0	5	0	0	0	0	0	0	0	1	0	0	5
120529	13 Oct 25	04:53:00	1	0	60	0	Ct	0	0	0	2	0	0	2	0	0	0	0	0	0	1	0	0	0	0	0	0	0	0	0	0	0	0	0	0	0	0	1	0	0	4
120530	13 Oct 25	04:54:00	1	0	60	0	Ct	0	0	0	1	0	0	4	0	0	0	0	0	0	0	0	0	0	0	0	0	0	0	0	1	0	0	0	3	0	0	3	0	0	2
120531	13 Oct 25	04:55:00	1	0	60	0	Ct	0	0	0	7	0	0	2	0	0	0	0	0	0	2	0	0	0	2	0	0	0	0	0	1	0	0	0	2	0	0	1	0	0	1
120532	13 Oct 25	04:56:00	1	0	60	0	Ct	0	0	0	1	0	0	2	0	0	0	0	0	0	2	0	0	0	4	0	0	0	0	0	1	0	0	0	3	0	0	0	0	0	1
120533	13 Oct 25	04:57:00	1	0	60	0	Ct	0	0	0	2	0	0	2	0	0	0	0	0	0	3	0	0	0	0	0	0	0	0	0	0	0	0	0	2	0	0	4	0	0	1
120534	13 Oct 25	04:58:00	1	0	60	0	Ct	0	0	0	3	0	0	3	0	0	0	0	0	0	2	0	0	0	0	0	0	0	0	6	2	0	0	0	4	0	0	0	0	0	2
120535	13 Oct 25	04:59:00	1	0	60	0	Ct	0	0	0	2	0	0	0	0	0	0	0	1	0	2	0	0	0	0	0	0	0	0	2	0	0	0	0	3	0	0	0	0	0	15
120536	13 Oct 25	05:00:00	1	0	60	0	Ct	0	0	0	3	0	0	0	0	0	0	0	1	0	1	0	0	0	0	0	0	0	0	4	1	0	0	0	2	0	0	0	0	0	0
120537	13 Oct 25	05:01:00	1	0	60	0	Ct	0	0	0	1	0	0	0	0	0	0	0	0	0	3	0	0	0	0	0	0	0	0	3	1	0	0	0	1	0	0	0	0	0	0
120538	13 Oct 25	05:02:00	1	0	60	0	Ct	0	0	0	4	0	0	0	0	0	0	0	0	0	2	0	0	0	2	0	0	0	0	2	1	0	0	0	3	0	0	0	0	0	0
120539	13 Oct 25	05:03:00	1	0	60	0	Ct	0	0	0	5	0	0	0	0	0	0	0	0	0	2	0	0	0	0	0	0	0	0	0	1	0	0	0	3	0	0	0	0	0	0
120540	13 Oct 25	05:04:00	1	0	60	0	Ct	0	0	0	2	0	0	0	0	0	0	0	1	0	1	0	0	0	0	0	0	0	0	1	0	0	0	0	3	0	0	0	0	0	2
120541	13 Oct 25	05:05:00	1	0	60	0	Ct	0	0	0	2	0	0	0	0	0	0	0	0	0	4	0	0	0	0	0	0	0	0	1	0	0	0	0	3	0	0	0	0	0	0
120542	13 Oct 25	05:06:00	1	0	60	0	Ct	0	0	0	4	0	0	0	0	0	0	0	0	0	2	0	0	0	0	0	0	0	0	3	1	0	0	0	1	0	0	3	0	0	0
120543	13 Oct 25	05:07:00	1	0	60	0	Ct	0	0	0	5	0	0	0	0	0	0	0	0	0	2	0	0	0	2	0	0	0	0	1	2	0	0	0	4	0	0	6	0	0	0
120544	13 Oct 25	05:08:00	1	0	60	0	Ct	0	0	0	1	0	0	0	0	0	0	0	0	0	0	0	0	0	3	0	0	0	0	2	0	0	0	0	26	0	0	6	0	0	0
120545	13 Oct 25	05:09:00	1	0	60	0	Ct	0	0	0	6	0	0	0	0	0	0	0	0	0	1	0	0	0	3	0	0	0	0	4	0	0	0	0	6	0	0	6	0	0	0
120546	13 Oct 25	05:10:00	1	0	60	0	Ct	0	0	0	1	0	0	1	0	0	0	0	1	0	1	0	0	0	1	0	0	0	0	0	0	0	0	0	2	0	0	0	0	0	0
120547	13 Oct 25	05:11:00	1	0	60	0	Ct	0	0	0	2	0	0	2	0	0	0	0	0	0	1	0	0	0	0	0	0	0	0	0	4	0	0	0	2	0	1	0	0	0	0
120548	13 Oct 25	05:12:00	1	0	60	0	Ct	0	0	0	3	0	0	3	0	0	0	0	0	0	0	0	0	0	0	0	0	0	0	0	2	0	0	0	9	0	1	0	0	0	0
120549	13 Oct 25	05:13:00	1	0	60	0	Ct	0	0	0	2	0	0	4	0	0	0	0	0	0	1	0	0	0	1	0	0	0	0	0	2	0	0	0	2	0	0	0	0	0	0
120550	13 Oct 25	05:14:00	1	0	60	0	Ct	0	0	0	1	0	0	3	0	0	0	0	0	0	4	0	0	0	0	0	0	0	0	0	3	0	0	0	2	0	8	0	0	0	0
120551	13 Oct 25	05:15:00	1	0	60	0	Ct	0	0	0	3	0	0	2	0	0	0	0	0	0	6	0	0	0	0	0	0	0	0	2	19	0	0	0	3	0	9	0	0	0	0
120552	13 Oct 25	05:16:00	1	0	60	0	Ct	0	0	0	1	0	0	0	0	2	0	0	0	0	3	0	0	0	0	0	0	0	0	1	2	0	0	0	2	0	11	0	0	0	0
120553	13 Oct 25	05:17:00	1	0	60	0	Ct	0	0	0	1	0	0	2	0	1	0	0	0	0	2	0	0	0	0	0	0	0	0	2	1	0	0	0	3	0	1	0	0	0	0
120554	13 Oct 25	05:18:00	1	0	60	0	Ct	0	0	0	3	0	0	1	0	0	0	0	0	0	3	0	0	0	0	0	0	0	0	15	4	0	0	0	2	0	1	8	0	0	0
120555	13 Oct 25	05:19:00	1	0	60	0	Ct	0	0	0	2	0	0	0	0	0	0	0	0	0	4	0	0	0	0	0	0	0	0	5	0	0	0	0	3	0	9	0	0	0	0
120556	13 Oct 25	05:20:00	1	0	60	0	Ct	0	0	0	1	0	0	3	0	0	0	0	0	0	1	0	0	0	0	0	0	0	0	0	0	0	0	0	4	0	7	0	1	0	0
120557	13 Oct 25	05:21:00	1	0	60	0	Ct	0	0	0	14	0	0	1	0	0	0	0	0	0	3	0	0	0	0	0	0	0	0	0	0	0	0	0	1	0	3	0	1	0	0
120558	13 Oct 25	05:22:00	1	0	60	0	Ct	0	0	0	3	0	0	0	0	0	0	0	0	0	0	0	0	0	0	0	0	0	0	0	0	0	0	0	3	0	1	0	0	0	0
120559	13 Oct 25	05:23:00	1	0	60	0	Ct	0	0	0	0	0	0	0	0	0	0	0	0	0	4	0	0	0	0	0	0	0	0	0	0	0	0	0	4	0	0	0	0	0	0
120560	13 Oct 25	05:24:00	1	0	60	0	Ct	0	0	0	0	0	0	0	0	0	0	0	0	0	0	0	0	0	0	0	0	0	0	0	0	0	0	0	3	0	1	0	0	0	2
120561	13 Oct 25	05:25:00	1	0	60	0	Ct	0	0	0	0	0	0	0	0	0	0	0	0	0	11	0	0	0	0	0	0	0	0	0	0	0	0	0	4	0	0	0	0	0	0
120562	13 Oct 25	05:26:00	1	0	60	0	Ct	0	0	0	0	0	0	0	0	0	0	0	0	0	0	0	0	0	0	0	0	0	0	0	0	0	0	0	2	0	0	0	0	0	0
120563	13 Oct 25	05:27:00	1	0	60	0	Ct	0	0	0	0	0	0	0	0	0	0	0	0	0	0	0	0	0	0	2	0	0	0	0	0	0	0	0	0	0	0	6	0	0	0
120564	13 Oct 25	05:28:00	1	0	60	0	Ct	0	0	0	0	0	0	0	0	0	0	0	0	0	0	0	0	0	0	0	0	0	0	0	0	0	0	0	2	0	0	1	0	0	0
120565	13 Oct 25	05:29:00	1	0	60	0	Ct	0	0	0	0	0	0	0	0	0	0	0	0	0	5	0	0	0	0	0	0	0	0	0	0	0	0	0	4	0	0	0	0	0	0
120566	13 Oct 25	05:30:00	1	0	60	0	Ct	0	0	0	0	0	0	0	0	0	0	0	0	1	1	0	0	0	3	0	0	0	0	0	0	0	0	0	3	0	0	7	0	0	0
120567	13 Oct 25	05:31:00	1	0	60	0	Ct	0	0	0	0	0	0	0	0	0	0	0	0	1	0	0	0	0	0	3	0	0	0	0	0	0	0	0	2	0	0	0	0	0	0
120568	13 Oct 25	05:32:00	1	0	60	0	Ct	0	0	0	0	0	0	0	0	0	0	0	0	2	0	0	0	0	0	0	0	0	0	0	0	0	0	6	2	0	0	0	0	0	0
120569	13 Oct 25	05:33:00	1	0	60	0	Ct	0	0	0	0	0	0	0	0	0	0	0	0	0	1	0	0	0	2	0	0	0	0	0	0	0	0	0	0	0	0	0	0	0	0
120570	13 Oct 25	05:34:00	1	0	60	0	Ct	0	0	0	0	0	0	0	0	0	0	0	0	2	3	0	0	0	4	0	0	0	0	0	0	0	0	0	3	0	0	0	0	0	0
120571	13 Oct 25	05:35:00	1	0	60	0	Ct	0	0	0	0	0	0	0	0	0	0	0	0	1	1	0	0	0	4	0	0	0	0	0	0	0	0	0	2	0	0	0	0	0	0
120572	13 Oct 25	05:36:00	1	0	60	0	Ct	0	0	0	0	0	0	1	0	0	0	0	0	1	9	0	0	0	4	0	0	0	0	0	0	0	0	0	2	0	0	1	0	0	0
120573	13 Oct 25	05:37:00	1	0	60	0	Ct	0	0	0	0	0	0	0	0	0	0	0	0	4	0	0	0	0	2	0	0	0	0	0	1	0	0	0	0	0	2	0	0	0	0
120574	13 Oct 25	05:38:00	1	0	60	0	Ct	0	0	0	0	0	0	3	0	0	0	0	0	1	2	0	0	0	5	0	0	0	0	0	0	0	0	0	0	0	0	0	0	0	0
120575	13 Oct 25	05:39:00	1	0	60	0	Ct	0	0	0	0	0	0	0	0	0	0	0	0	0	2	0	0	0	3	0	0	0	0	0	1	0	0	0	0	0	0	0	0	0	0
120576	13 Oct 25	05:40:00	1	0	60	0	Ct	0	0	0	0	0	0	0	0	0	0	0	3	0	2	0	0	0	3	0	0	0	0	0	3	0	0	0	0	0	0	0	2	0	0
120577	13 Oct 25	05:41:00	1	0	60	0	Ct	0	0	0	0	0	0	0	0	0	0	0	1	0	1	0	0	0	3	0	0	0	0	0	0	0	0	0	0	0	0	0	0	0	0
120578	13 Oct 25	05:42:00	1	0	60	0	Ct	0	0	0	0	0	0	0	0	0	0	0	0	0	2	0	0	0	3	0	0	0	0	0	0	0	0	0	2	0	0	0	0	0	0
120579	13 Oct 25	05:43:00	1	0	60	0	Ct	0	0	0	0	0	0	0	0	0	0	0	3	0	1	0	0	0	1	0	0	0	0	0	1	0	0	0	0	0	4	0	0	0	0
120580	13 Oct 25	05:44:00	1	0	60	0	Ct	0	0	0	0	0	0	0	0	0	0	0	0	0	0	0	0	0	1	0	0	0	0	0	0	0	0	0	0	0	2	0	0	0	0
120581	13 Oct 25	05:45:00	1	0	60	0	Ct	0	0	0	0	0	0	0	0	0	0	0	0	0	0	0	0	0	2	0	0	0	0	0	0	0	0	0	0	0	0	0	0	0	0
120582	13 Oct 25	05:46:00	1	0	60	0	Ct	0	0	0	0	0	0	0	0	0	0	0	0	0	1	0	2	0	2	0	0	0	0	0	3	0	0	0	0	0	0	0	0	0	0
120583	13 Oct 25	05:47:00	1	0	60	0	Ct	0	0	0	0	0	0	0	0	0	0	0	0	0	5	0	1	0	4	0	0	0	0	0	0	0	0	0	0	0	0	0	0	0	0
120584	13 Oct 25	05:48:00	1	0	60	0	Ct	0	0	0	0	0	0	0	0	0	0	0	0	0	1	0	0	0	2	0	0	0	0	0	0	0	0	0	0	0	0	0	0	0	0
120585	13 Oct 25	05:49:00	1	0	60	0	Ct	0	0	0	0	0	0	0	0	0	0	0	0	0	0	0	0	0	2	0	0	0	0	0	1	0	0	0	0	0	0	0	0	0	0
120586	13 Oct 25	05:50:00	1	0	60	0	Ct	0	0	0	0	0	0	0	0	0	0	0	0	0	2	0	0	0	3	0	0	0	0	0	3	0	0	0	0	0	0	0	0	0	0
120587	13 Oct 25	05:51:00	1	0	60	0	Ct	0	0	0	0	0	0	0	0	0	0	0	0	0	2	0	0	0	2	0	0	0	0	0	3	0	0	0	0	0	0	0	0	0	0
120588	13 Oct 25	05:52:00	1	0	60	0	Ct	0	0	0	0	0	0	0	0	0	0	0	0	0	1	0	0	0	1	0	0	0	7	0	10	0	0	0	0	0	0	0	0	0	0
120589	13 Oct 25	05:53:00	1	0	60	0	Ct	0	0	0	0	0	0	0	0	0	0	0	0	0	3	0	0	0	3	0	0	0	3	0	8	0	0	0	0	0	0	0	0	0	0
120590	13 Oct 25	05:54:00	1	0	60	0	Ct	0	0	0	0	0	0	0	0	0	0	0	0	0	1	0	0	0	3	0	0	0	1	5	0	0	0	0	0	0	0	0	0	0	0
120591	13 Oct 25	05:55:00	1	0	60	0	Ct	0	0	0	0	0	0	0	0	0	0	0	0	0	6	0	0	0	2	0	0	0	10	0	6	0	0	0	0	0	0	0	0	0	0
120592	13 Oct 25	05:56:00	1	0	60	0	Ct	0	0	0	0	0	0	0	0	0	0	0	0	0	1	0	0	0	3	0	0	0	1	0	6	0	0	0	0	0	0	0	0	0	0
120593	13 Oct 25	05:57:00	1	0	60	0	Ct	0	0	0	0	0	0	1	0	0	0	0	0	0	3	0	0	0	1	0	0	0	1	0	4	0	0	0	0	0	4	0	2	0	0
120594	13 Oct 25	05:58:00	1	0	60	0	Ct	0	0	0	0	0	0	3	0	0	0	0	0	0	1	0	0	0	3	0	0	0	0	0	11	0	0	0	0	0	0	0	1	0	0
120595	13 Oct 25	05:59:00	1	0	60	0	Ct	0	0	0	0	0	0	2	0	0	0	0	0	0	2	0	0	0	2	0	0	0	1	0	0	0	0	0	0	0	0	0	0	0	0
120596	13 Oct 25	06:00:00	1	0	60	0	Ct	0	0	0	0	0	0	3	0	0	0	0	0	0	3	0	0	0	3	0	0	0	1	0	0	0	0	0	1	0	0	0	0	0	0
120597	13 Oct 25	06:01:00	1	0	60	0	Ct	0	0	0	0	0	0	1	0	0	0	0	0	0	0	0	0	0	5	0	0	0	2	0	0	0	0	0	1	0	0	0	0	0	0
120598	13 Oct 25	06:02:00	1	0	60	0	Ct	0	0	0	0	0	0	0	0	0	0	0	0	0	3	0	0	0	3	0	0	0	4	0	3	0	0	0	0	3	0	0	0	0	0
120599	13 Oct 25	06:03:00	1	0	60	0	Ct	0	0	0	0	0	0	3	0	0	0	0	0	0	3	0	0	0	3	0	0	2	6	1	0	0	0	0	0	0	0	0	0	0	0
120600	13 Oct 25	06:04:00	1	0	60	0	Ct	0	0	0	0	0	0	2	0	0	0	0	0	0	0	0	0	0	1	0	0	0	0	4	0	0	0	0	0	0	0	0	0	0	0
120601	13 Oct 25	06:05:00	1	0	60	0	Ct	0	0	0	0	0	0	2	0	0	0	0	0	0	6	0	0	0	3	0	0	0	2	1	0	0	0	0	0	0	0	0	0	0	0
120602	13 Oct 25	06:06:00	1	0	60	0	Ct	0	0	0	0	0	0	0	0	0	0	0	0	0	0	0	0	0	2	0	0	0	0	0	0	0	0	0	0	0	0	0	0	0	0
120603	13 Oct 25	06:07:00	1	0	60	0	Ct	0	0	0	0	0	0	0	0	0	0	0	0	0	2	0	0	0	3	0	0	0	1	0	0	0	0	0	0	0	0	0	0	0	0
120604	13 Oct 25	06:08:00	1	0	60	0	Ct	0	0	0	0	0	0	0	0	0	0	0	0	0	0	0	0	0	2	0	0	0	0	0	0	0	0	0	0	0	0	0	0	6	0
120605	13 Oct 25	06:09:00	1	0	60	0	Ct	0	0	0	0	0	0	0	0	0	0	0	0	0	4	0	0	0	0	0	0	0	0	0	0	0	0	0	0	0	0	0	0	0	0
120606	13 Oct 25	06:10:00	1	0	60	0	Ct	0	0	0	0	0	2	0	0	0	0	0	0	0	1	0	0	0	2	0	0	0	4	0	2	0	0	0	0	0	0	0	0	0	0
120607	13 Oct 25	06:11:00	1	0	60	0	Ct	0	0	0	0	0	0	0	0	0	0	0	0	0	2	0	0	0	4	0	0	0	3	0	1	0	0	0	0	0	0	0	0	0	0
120608	13 Oct 25	06:12:00	1	0	60	0	Ct	0	0	0	0	0	4	0	0	0	0	0	1	0	0	0	0	0	0	0	0	0	5	0	0	0	0	0	0	0	0	0	0	0	0
120609	13 Oct 25	06:13:00	1	0	60	0	Ct	0	0	0	0	0	0	0	0	0	0	0	0	0	3	0	0	0	3	0	0	0	1	0	1	0	0	0	0	0	0	0	0	0	0
120610	13 Oct 25	06:14:00	1	0	60	0	Ct	0	0	0	0	0	0	0	0	0	0	0	0	0	3	0	0	0	3	0	0	0	2	0	1	0	0	0	0	0	0	0	0	0	0
120611	13 Oct 25	06:15:00	1	0	60	0	Ct	0	0	0	0	0	2	0	0	0	0	0	0	0	4	0	0	0	2	0	0	0	3	0	0	0	0	0	0	0	0	0	0	0	0
120612	13 Oct 25	06:16:00	1	0	60	0	Ct	0	0	0	0	0	5	0	0	0	0	0	0	0	0	0	0	0	3	0	0	0	0	0	0	0	0	0	0	0	0	0	0	0	0
120613	13 Oct 25	06:17:00	1	0	60	0	Ct	0	0	0	0	0	0	1	0	0	0	0	0	0	2	0	0	0	2	0	0	0	2	0	0	0	0	0	0	0	0	0	0	0	0
120614	13 Oct 25	06:18:00	1	0	60	0	Ct	0	0	0	0	0	0	0	0	0	0	0	0	0	1	0	0	0	2	0	0	0	1	0	0	0	0	0	0	0	0	0	0	0	3
120615	13 Oct 25	06:19:00	1	0	60	0	Ct	0	0	0	0	0	0	0	0	0	0	0	0	0	2	0	0	0	1	0	0	0	0	0	0	0	0	0	0	0	0	0	0	0	0
120616	13 Oct 25	06:20:00	1	0	60	0	Ct	0	0	0	0	0	2	0	0	0	0	0	2	0	4	0	0	0	3	0	0	0	1	0	0	0	0	0	0	0	0	0	0	0	2
120617	13 Oct 25	06:21:00	1	0	60	0	Ct	0	0	0	0	0	15	0	0	0	0	0	0	0	2	0	0	0	4	0	0	0	0	0	3	0	0	0	0	0	0	0	0	0	0
120618	13 Oct 25	06:22:00	1	0	60	0	Ct	0	0	0	0	1	0	0	0	0	0	0	0	0	0	0	0	0	2	0	0	0	0	0	5	0	0	0	0	0	0	0	0	0	0
120619	13 Oct 25	06:23:00	1	0	60	0	Ct	0	0	0	0	0	0	0	0	0	0	0	0	0	5	0	2	0	3	0	0	0	1	0	1	0	0	0	0	0	0	1	1	0	0
120620	13 Oct 25	06:24:00	1	0	60	0	Ct	0	0	0	0	0	0	0	0	0	0	0	0	0	2	0	0	0	2	0	0	0	5	0	0	0	0	0	0	0	0	0	0	0	0
120621	13 Oct 25	06:25:00	1	0	60	0	Ct	0	0	0	0	0	0	0	0	0	0	0	0	0	0	0	3	0	2	0	0	0	25	0	7	0	0	0	0	0	0	12	2	0	0
120622	13 Oct 25	06:26:00	1	0	60	0	Ct	0	0	0	0	0	0	0	0	0	0	0	0	0	3	0	0	0	3	0	0	0	16	2	0	0	0	0	0	0	0	10	2	0	0
120623	13 Oct 25	06:27:00	1	0	60	0	Ct	0	0	0	0	0	0	0	0	0	0	0	0	0	0	0	0	0	3	0	0	0	0	3	1	0	0	0	0	0	0	1	3	0	0
120624	13 Oct 25	06:28:00	1	0	60	0	Ct	0	0	0	0	0	0	0	0	0	0	0	0	0	3	0	0	0	2	0	0	0	0	3	0	0	0	0	0	0	0	0	2	0	0
120625	13 Oct 25	06:29:00	1	0	60	0	Ct	0	0	0	0	0	0	0	0	0	0	0	0	0	1	0	0	0	3	0	0	0	0	3	1	0	0	0	0	0	0	0	2	0	0
120626	13 Oct 25	06:30:00	1	0	60	0	Ct	0	0	0	0	0	0	2	0	0	0	0	0	0	2	0	0	0	3	0	0	0	0	5	0	0	0	0	0	0	0	0	2	0	0
120627	13 Oct 25	06:31:00	1	0	60	0	Ct	0	0	0	0	0	0	5	0	0	0	0	0	0	0	0	0	0	0	0	0	0	0	2	0	0	0	0	0	0	0	0	2	0	0
120628	13 Oct 25	06:32:00	1	0	60	0	Ct	0	0	0	0	0	0	3	0	0	0	0	0	0	2	0	0	0	1	0	0	0	0	2	0	0	0	0	0	0	0	0	3	0	0
120629	13 Oct 25	06:33:00	1	0	60	0	Ct	0	0	0	0	0	0	2	0	0	0	0	0	0	0	0	0	0	1	0	0	0	0	5	0	0	0	0	0	0	0	0	4	0	0
120630	13 Oct 25	06:34:00	1	0	60	0	Ct	0	0	0	0	2	0	2	0	0	0	0	0	0	2	0	0	0	1	0	0	0	0	1	0	0	0	0	0	3	0	0	1	0	0
120631	13 Oct 25	06:35:00	1	0	60	0	Ct	0	0	0	0	3	0	3	0	0	0	0	0	0	0	0	0	0	3	0	0	0	0	2	0	0	0	0	0	0	0	0	2	0	0
120632	13 Oct 25	06:36:00	1	0	60	0	Ct	0	0	0	0	0	0	1	0	0	0	0	0	0	2	0	0	0	2	0	0	0	0	2	2	0	0	0	0	4	0	0	1	0	0
120633	13 Oct 25	06:37:00	1	0	60	0	Ct	0	0	0	0	0	0	3	0	0	0	0	2	0	2	0	0	0	3	0	0	0	0	2	0	0	0	0	0	0	0	1	4	0	0
120634	13 Oct 25	06:38:00	1	0	60	0	Ct	0	0	0	0	0	0	2	0	0	0	0	0	0	5	0	0	0	2	0	0	0	0	2	0	0	0	0	0	0	0	0	4	0	0
120635	13 Oct 25	06:39:00	1	0	60	0	Ct	0	0	0	0	0	0	1	0	0	0	0	0	0	1	0	0	0	3	0	0	0	0	4	0	0	0	0	0	0	4	0	1	0	0
120636	13 Oct 25	06:40:00	1	0	60	0	Ct	0	0	0	0	3	0	1	0	0	0	0	0	0	1	0	0	0	2	0	0	0	0	2	0	0	0	0	0	0	3	0	2	2	0
120637	13 Oct 25	06:41:00	1	0	60	0	Ct	0	0	0	0	2	0	0	0	0	0	0	0	0	4	0	0	0	1	0	0	0	0	1	0	0	0	0	0	0	0	1	1	3	0
120638	13 Oct 25	06:42:00	1	0	60	0	Ct	0	0	0	0	3	0	0	0	0	0	0	1	0	6	0	0	0	3	0	0	0	0	2	0	0	0	0	0	0	5	14	2	4	0
120639	13 Oct 25	06:43:00	1	0	60	0	Ct	0	0	0	0	2	0	0	0	0	0	0	3	1	0	0	0	0	2	0	0	0	2	0	0	0	0	0	0	0	0	2	2	1	0
120640	13 Oct 25	06:44:00	1	0	60	0	Ct	0	0	0	0	4	0	0	0	0	0	0	0	0	0	0	0	0	4	0	0	0	2	4	2	0	0	0	0	0	1	1	3	2	0
120641	13 Oct 25	06:45:00	1	0	60	0	Ct	0	0	0	0	3	0	0	0	0	0	0	0	0	1	0	0	0	1	0	0	5	3	2	1	0	0	0	0	0	6	1	3	1	0
120642	13 Oct 25	06:46:00	1	0	60	0	Ct	0	0	0	0	3	0	0	0	0	0	0	1	0	0	0	0	0	1	0	0	0	4	0	0	0	0	0	0	0	1	0	3	2	0
120643	13 Oct 25	06:47:00	1	0	60	0	Ct	0	0	0	0	3	0	0	0	0	0	0	0	0	0	0	0	0	1	0	0	0	1	0	0	0	0	0	0	0	0	0	2	1	0
120644	13 Oct 25	06:48:00	1	0	60	0	Ct	0	0	0	0	2	0	0	0	0	0	0	0	0	0	0	0	0	0	0	0	5	8	1	1	0	0	0	0	1	2	1	1	4	0
120645	13 Oct 25	06:49:00	1	0	60	0	Ct	0	0	0	0	2	0	0	0	0	0	0	0	0	0	0	0	0	0	0	0	3	3	1	5	0	0	0	0	3	2	3	1	2	0
120646	13 Oct 25	06:50:00	1	0	60	0	Ct	0	0	0	0	3	0	0	0	0	0	0	0	0	0	0	0	0	3	0	0	4	0	1	1	0	0	0	0	3	11	1	1	1	0
120647	13 Oct 25	06:51:00	1	0	60	0	Ct	0	0	0	0	5	0	0	0	0	0	0	0	0	0	0	0	0	2	0	0	4	1	2	3	0	0	0	0	2	0	0	3	1	0
120648	13 Oct 25	06:52:00	1	0	60	0	Ct	0	0	0	0	1	0	3	0	0	0	0	0	0	0	0	0	0	2	0	0	2	0	2	1	0	0	0	0	4	0	0	2	1	0
120649	13 Oct 25	06:53:00	1	0	60	0	Ct	0	0	0	0	3	0	3	0	0	0	0	0	0	0	0	0	0	1	0	0	4	6	0	0	0	0	0	0	2	0	0	1	2	0
120650	13 Oct 25	06:54:00	1	0	60	0	Ct	0	0	0	0	2	0	1	0	0	0	0	1	0	0	0	0	0	2	0	0	2	1	0	1	0	0	0	0	1	0	1	3	2	0
120651	13 Oct 25	06:55:00	1	0	60	0	Ct	0	0	0	0	4	0	1	0	0	0	0	0	0	0	0	0	0	3	0	0	3	1	0	4	0	0	0	0	1	0	1	2	1	0
120652	13 Oct 25	06:56:00	1	0	60	0	Ct	0	0	0	0	0	0	0	0	0	0	0	0	0	6	0	0	0	0	0	0	4	6	0	2	0	0	0	0	1	0	0	0	5	0
120653	13 Oct 25	06:57:00	1	0	60	0	Ct	0	0	0	0	3	0	7	0	0	0	0	0	0	5	0	0	0	3	0	0	4	0	0	1	0	0	0	0	1	2	0	1	1	0
120654	13 Oct 25	06:58:00	1	0	60	0	Ct	0	0	0	0	3	0	0	0	0	0	0	0	0	2	0	0	0	4	0	0	4	2	0	2	0	0	0	0	1	2	0	2	1	0
120655	13 Oct 25	06:59:00	1	0	60	0	Ct	0	0	0	0	2	0	0	0	0	0	0	0	0	5	0	1	0	2	0	0	3	11	0	3	0	0	0	0	1	0	1	2	1	0
120656	13 Oct 25	07:00:00	1	0	60	0	Ct	0	0	0	0	2	0	0	0	0	0	0	0	0	1	0	4	0	1	0	0	4	0	0	2	0	2	0	0	4	0	1	1	2	0
120657	13 Oct 25	07:01:00	1	0	60	0	Ct	0	0	0	0	1	0	0	0	0	0	0	0	0	9	0	2	0	3	0	0	3	0	0	2	0	1	0	0	17	0	3	0	1	0
120658	13 Oct 25	07:02:00	1	0	60	0	Ct	0	0	0	0	3	0	4	0	1	0	0	0	0	0	0	1	0	0	0	0	3	5	0	1	0	3	0	0	4	0	1	0	3	0
120659	13 Oct 25	07:03:00	1	0	60	0	Ct	0	0	1	0	2	0	3	0	1	0	0	0	0	3	0	2	0	0	0	0	2	5	0	2	0	1	0	0	2	0	2	2	2	0
120660	13 Oct 25	07:04:00	1	0	60	0	Ct	0	0	1	0	2	0	1	0	0	0	0	0	0	4	0	3	0	3	0	0	2	0	0	1	0	2	0	0	3	0	2	3	1	0
120661	13 Oct 25	07:05:00	1	0	60	0	Ct	0	0	1	0	2	0	7	0	0	0	0	0	0	0	0	3	0	3	0	0	4	10	0	1	0	5	0	0	0	0	1	2	1	0
120662	13 Oct 25	07:06:00	1	0	60	0	Ct	0	0	1	0	1	0	3	0	0	0	0	0	0	0	0	1	0	1	0	0	2	2	0	2	0	3	0	0	0	0	3	2	2	0
120663	13 Oct 25	07:07:00	1	0	60	0	Ct	0	0	0	0	2	0	0	0	0	0	0	0	0	2	0	5	0	0	0	0	6	1	0	0	0	2	0	0	0	4	6	4	2	0
120664	13 Oct 25	07:08:00	1	0	60	0	Ct	0	0	0	0	1	0	2	0	0	0	0	0	0	2	0	1	0	1	0	0	2	1	0	0	0	1	0	0	0	7	2	2	2	0
120665	13 Oct 25	07:09:00	1	0	60	0	Ct	0	0	0	0	2	8	3	0	0	0	0	0	0	0	0	2	0	1	0	0	2	1	0	0	0	2	0	0	2	2	3	1	2	0
120666	13 Oct 25	07:10:00	1	0	60	0	Ct	0	0	0	0	2	0	2	0	0	0	0	0	0	2	0	2	0	0	0	0	2	0	0	1	0	1	0	0	0	4	1	2	4	0
120667	13 Oct 25	07:11:00	1	0	60	0	Ct	0	0	0	0	2	0	4	0	0	0	0	0	0	1	0	3	0	0	0	0	3	0	0	1	0	3	0	0	2	1	1	0	5	0
120668	13 Oct 25	07:12:00	1	0	60	0	Ct	0	0	0	0	2	0	0	0	0	0	0	4	0	0	0	2	0	0	0	0	2	0	0	1	0	2	0	0	2	3	0	3	1	0
120669	13 Oct 25	07:13:00	1	0	60	0	Ct	0	0	0	0	0	0	2	0	0	0	0	2	0	0	0	3	0	0	0	0	4	2	0	1	4	2	0	0	1	1	0	3	2	0
120670	13 Oct 25	07:14:00	1	0	60	0	Ct	0	0	0	0	2	0	0	0	0	0	0	2	0	1	0	3	0	0	0	0	3	2	0	1	2	2	0	0	1	2	0	3	1	0
120671	13 Oct 25	07:15:00	1	0	60	0	Ct	0	0	0	0	1	6	0	0	0	0	0	0	0	0	0	3	0	0	0	0	2	0	0	3	3	1	0	0	1	2	0	1	2	0
120672	13 Oct 25	07:16:00	1	0	60	0	Ct	0	0	0	0	2	0	0	0	0	0	0	0	0	0	0	1	0	0	0	0	2	0	0	2	2	4	0	0	2	1	0	1	1	0
120673	13 Oct 25	07:17:00	1	0	60	0	Ct	0	0	0	0	0	0	0	0	0	0	0	1	0	0	0	1	0	0	0	0	2	2	0	1	2	2	0	0	1	1	2	2	3	0
120674	13 Oct 25	07:18:00	1	0	60	0	Ct	0	0	0	0	1	0	0	0	0	0	0	2	0	6	0	2	0	0	0	0	1	9	0	1	3	3	0	0	2	2	0	0	1	0
120675	13 Oct 25	07:19:00	1	0	60	0	Ct	0	0	0	0	2	0	0	0	0	0	1	0	0	6	0	3	0	0	0	0	3	1	0	2	3	1	0	0	1	1	9	1	2	0
120676	13 Oct 25	07:20:00	1	0	60	0	Ct	0	0	0	0	2	0	0	0	0	0	1	0	0	1	0	6	0	0	0	0	2	0	0	1	2	2	0	0	1	1	18	2	2	0
120677	13 Oct 25	07:21:00	1	0	60	0	Ct	0	0	0	0	1	0	0	0	0	0	0	0	0	4	0	8	0	0	0	0	3	0	0	1	3	1	0	0	2	2	13	2	0	0
120678	13 Oct 25	07:22:00	1	0	60	0	Ct	0	0	0	0	1	0	0	0	0	0	0	0	0	0	0	2	0	1	0	0	3	0	0	2	2	2	0	0	0	0	0	2	2	0
120679	13 Oct 25	07:23:00	1	0	60	0	Ct	0	0	0	0	3	0	0	0	0	0	1	0	0	1	0	2	1	0	0	0	2	0	0	1	0	2	2	0	0	0	2	0	1	0
120680	13 Oct 25	07:24:00	1	0	60	0	Ct	0	0	0	0	2	0	2	0	0	0	3	0	0	1	0	2	0	0	0	0	5	0	0	1	1	3	0	0	0	2	3	0	1	0
120681	13 Oct 25	07:25:00	1	0	60	0	Ct	0	0	3	0	1	0	4	0	0	0	2	0	0	1	0	3	3	0	0	0	3	0	0	1	1	1	0	0	0	6	4	2	1	0
120682	13 Oct 25	07:26:00	1	0	60	0	Ct	0	0	2	0	2	0	2	0	1	0	3	0	0	5	0	0	0	0	0	0	1	0	0	2	2	1	0	0	0	4	4	3	1	0
120683	13 Oct 25	07:27:00	1	0	60	0	Ct	0	0	1	0	1	0	3	0	2	0	0	0	0	5	0	1	0	0	0	0	6	0	0	0	2	4	0	0	0	2	3	2	1	0
120684	13 Oct 25	07:28:00	1	0	60	0	Ct	0	0	1	0	2	0	1	0	1	0	2	0	0	1	0	2	0	0	0	0	2	0	0	2	3	2	0	0	0	1	0	3	0	0
120685	13 Oct 25	07:29:00	1	0	60	0	Ct	0	0	2	0	2	0	1	0	0	0	0	0	0	2	0	2	0	0	0	0	3	0	0	0	1	1	0	0	0	1	7	2	0	0
120686	13 Oct 25	07:30:00	1	0	60	0	Ct	0	0	1	0	2	0	2	0	0	0	0	0	0	0	0	9	0	0	0	0	2	0	0	2	6	0	0	0	3	1	7	1	0	2
120687	13 Oct 25	07:31:00	1	0	60	0	Ct	0	0	2	0	2	0	1	0	0	0	1	1	0	5	0	4	0	0	0	0	3	0	0	2	1	1	0	0	1	2	5	4	0	4
120688	13 Oct 25	07:32:00	1	0	60	0	Ct	0	0	0	0	1	0	2	0	0	0	1	0	0	0	0	12	0	0	0	0	3	0	0	2	0	0	0	0	2	1	0	0	0	2
120689	13 Oct 25	07:33:00	1	0	60	0	Ct	0	0	2	0	2	0	0	1	0	0	1	0	0	0	0	9	0	0	0	0	2	0	2	2	2	1	0	0	0	2	0	0	0	7
120690	13 Oct 25	07:34:00	1	0	60	0	Ct	0	0	0	0	1	0	0	2	0	0	1	2	0	0	0	3	0	0	0	0	2	0	2	0	9	2	0	0	0	3	0	0	0	1
120691	13 Oct 25	07:35:00	1	0	60	0	Ct	0	0	2	0	1	0	3	5	0	0	2	4	0	0	0	1	0	0	0	0	1	0	2	1	1	0	0	0	0	27	0	1	0	6
120692	13 Oct 25	07:36:00	1	0	60	0	Ct	0	0	2	0	1	0	0	2	0	0	1	1	0	5	0	0	0	0	0	0	2	0	2	1	0	0	0	0	3	5	0	2	0	2
120693	13 Oct 25	07:37:00	1	0	60	0	Ct	0	0	0	0	1	0	0	2	0	0	0	5	0	0	0	1	0	0	0	0	2	0	2	2	2	2	0	0	0	2	0	3	0	1
120694	13 Oct 25	07:38:00	1	0	60	0	Ct	0	0	1	0	2	0	0	3	1	0	0	14	0	6	0	0	0	0	0	0	2	0	3	0	0	1	0	0	4	0	0	2	0	2
120695	13 Oct 25	07:39:00	1	0	60	0	Ct	0	0	1	0	0	0	0	2	2	0	0	5	0	7	0	1	0	0	0	0	2	0	0	1	0	0	0	0	1	5	0	2	0	3
120696	13 Oct 25	07:40:00	1	0	60	0	Ct	0	0	2	0	2	0	0	1	0	0	4	5	0	0	0	3	0	5	0	0	4	0	1	1	2	2	0	0	1	2	0	1	0	5
120697	13 Oct 25	07:41:00	1	0	60	0	Ct	0	0	2	0	1	0	0	2	2	0	1	2	0	4	0	3	0	5	0	0	2	0	4	1	1	18	0	0	1	1	0	2	0	3
120698	13 Oct 25	07:42:00	1	0	60	0	Ct	0	0	7	0	1	0	0	2	2	0	2	3	0	2	0	1	0	3	0	0	2	0	0	13	5	8	0	0	8	3	0	0	0	1
120699	13 Oct 25	07:43:00	1	0	60	0	Ct	0	0	2	0	3	0	0	1	1	0	1	3	0	5	0	2	1	4	0	0	0	0	0	5	0	3	0	0	12	2	0	2	0	1
120700	13 Oct 25	07:44:00	1	0	60	0	Ct	0	0	1	0	0	0	0	1	1	0	0	3	0	7	0	3	1	3	0	0	4	0	0	0	3	0	0	0	13	1	0	0	0	3
120701	13 Oct 25	07:45:00	1	0	60	0	Ct	0	0	1	0	3	0	0	4	1	0	0	3	0	0	0	1	2	3	0	0	0	0	0	2	2	0	0	0	8	2	0	0	0	2
120702	13 Oct 25	07:46:00	1	0	60	0	Ct	0	0	2	0	2	0	0	1	1	0	3	1	0	3	0	0	0	3	0	0	2	0	0	1	2	0	0	0	1	1	0	0	0	2
120703	13 Oct 25	07:47:00	1	0	60	0	Ct	0	0	1	0	1	0	0	2	2	0	2	3	0	0	0	3	3	4	0	0	2	0	0	0	0	0	0	0	1	0	0	0	0	4
120704	13 Oct 25	07:48:00	1	0	60	0	Ct	0	0	1	0	2	0	5	1	0	0	0	2	0	2	3	1	0	3	0	0	1	0	0	1	0	1	0	0	0	1	0	1	0	4
120705	13 Oct 25	07:49:00	1	0	60	0	Ct	0	0	1	0	1	0	3	1	1	0	1	1	0	0	2	1	0	1	0	0	4	0	0	4	2	0	0	0	0	6	0	1	0	2
120706	13 Oct 25	07:50:00	1	0	60	0	Ct	0	0	2	0	1	0	1	2	2	0	2	2	0	9	2	2	0	0	0	0	2	0	0	12	0	0	0	0	0	16	0	1	0	4
120707	13 Oct 25	07:51:00	1	0	60	0	Ct	0	0	1	0	1	0	3	2	1	0	1	1	0	0	1	3	1	2	0	0	1	0	0	8	0	0	0	0	0	9	0	0	0	2
120708	13 Oct 25	07:52:00	1	0	60	0	Ct	0	0	1	0	1	0	2	3	0	0	4	2	0	1	5	1	4	3	0	0	3	0	0	3	3	0	0	0	0	3	0	0	0	2
120709	13 Oct 25	07:53:00	1	0	60	0	Ct	0	0	1	0	1	0	1	3	1	0	2	1	0	3	2	2	1	3	0	0	2	0	0	0	3	0	0	0	0	8	0	0	0	3
120710	13 Oct 25	07:54:00	1	0	60	0	Ct	0	0	0	0	1	0	1	1	1	0	2	3	0	0	3	0	0	3	0	0	2	0	0	0	7	0	0	0	0	27	0	1	0	5
120711	13 Oct 25	07:55:00	1	0	60	0	Ct	0	0	2	0	3	0	0	1	1	0	1	2	0	2	2	3	1	3	0	0	2	0	0	6	2	0	0	0	0	2	0	2	0	1
120712	13 Oct 25	07:56:00	1	0	60	0	Ct	0	0	1	0	2	0	0	1	1	0	2	3	0	4	1	1	4	3	0	0	3	0	0	4	2	0	0	0	0	3	0	1	0	3
120713	13 Oct 25	07:57:00	1	0	60	0	Ct	0	0	1	0	2	0	0	1	0	0	1	4	0	1	3	4	0	2	0	0	2	0	0	2	0	0	0	1	0	2	0	3	0	4
120714	13 Oct 25	07:58:00	1	0	60	0	Ct	0	0	1	0	2	4	0	1	1	0	2	1	0	2	2	1	0	4	0	0	1	0	3	8	5	0	0	2	0	1	0	3	0	1
120715	13 Oct 25	07:59:00	1	0	60	0	Ct	0	0	2	0	2	2	2	2	2	0	2	2	0	0	1	3	1	2	0	0	3	0	3	2	1	0	0	5	0	1	1	1	0	2
120716	13 Oct 25	08:00:00	1	0	60	0	Ct	0	0	1	0	2	0	2	2	2	0	0	5	0	1	1	0	1	3	3	0	3	0	1	1	1	2	0	2	0	0	4	0	0	2
120717	13 Oct 25	08:01:00	1	0	60	0	Ct	0	0	0	0	0	4	3	0	0	0	1	2	0	1	3	4	0	2	3	0	2	0	2	3	1	0	0	1	0	11	2	0	0	1
120718	13 Oct 25	08:02:00	1	0	60	0	Ct	0	0	1	0	1	5	1	1	1	0	0	2	0	9	2	18	1	4	0	0	1	2	5	2	0	2	0	5	0	3	0	8	0	2
120719	13 Oct 25	08:03:00	1	0	60	0	Ct	0	0	1	0	1	1	3	1	1	0	0	2	0	12	1	1	0	2	3	0	2	2	0	1	2	2	0	3	0	3	2	3	0	5
120720	13 Oct 25	08:04:00	1	0	60	0	Ct	0	0	0	0	1	3	2	2	2	0	0	1	0	0	2	0	0	3	2	0	1	4	2	3	1	2	0	2	0	3	1	3	0	2
120721	13 Oct 25	08:05:00	1	0	60	0	Ct	0	0	1	0	0	1	0	0	3	0	12	12	0	3	1	0	0	2	3	0	1	2	5	1	0	1	0	3	0	2	2	2	0	1
120722	13 Oct 25	08:06:00	1	0	60	0	Ct	0	0	1	0	1	3	0	1	0	0	1	3	0	1	3	2	0	3	1	0	2	2	1	2	2	2	0	3	1	10	9	2	0	2
120723	13 Oct 25	08:07:00	1	0	60	0	Ct	0	0	1	0	2	6	2	3	1	0	1	1	0	3	1	4	1	4	2	0	2	1	3	1	15	1	0	4	1	3	11	3	0	2
120724	13 Oct 25	08:08:00	1	0	60	0	Ct	0	0	2	0	1	3	2	0	2	0	0	5	1	0	4	4	1	1	1	0	2	1	2	1	3	2	0	2	2	1	1	1	0	3
120725	13 Oct 25	08:09:00	1	0	60	0	Ct	0	0	0	0	1	13	2	1	1	0	2	0	0	3	2	2	4	3	1	0	2	1	2	1	0	2	0	4	0	1	2	2	0	1
120726	13 Oct 25	08:10:00	1	0	60	0	Ct	0	0	1	0	1	0	0	2	0	0	1	0	2	2	3	3	0	1	2	0	3	1	2	1	1	2	0	2	1	0	1	3	0	1
120727	13 Oct 25	08:11:00	1	0	60	0	Ct	0	0	1	0	2	0	2	2	1	0	1	0	2	1	1	1	0	2	2	0	3	0	15	2	1	2	0	3	2	3	5	0	0	3
120728	13 Oct 25	08:12:00	1	0	60	0	Ct	0	0	0	0	1	5	2	1	3	0	0	0	2	0	7	1	0	8	1	0	1	4	9	1	3	0	0	3	2	1	4	0	0	1
120729	13 Oct 25	08:13:00	1	0	60	0	Ct	0	0	2	0	0	2	4	2	7	0	3	1	2	0	2	3	0	2	2	0	2	0	0	1	12	3	0	2	2	16	0	0	0	4
120730	13 Oct 25	08:14:00	1	0	60	0	Ct	0	0	1	0	1	1	1	3	2	0	0	4	2	0	1	3	0	3	1	0	3	3	0	1	3	1	6	4	1	1	0	0	0	1
120731	13 Oct 25	08:15:00	1	0	60	0	Ct	0	0	1	0	3	3	3	1	1	0	1	0	2	3	4	2	0	3	1	0	1	0	0	2	2	0	0	4	2	0	0	2	0	3
120732	13 Oct 25	08:16:00	1	0	60	0	Ct	0	0	3	0	2	1	2	1	2	0	1	1	2	6	2	7	0	1	2	0	2	1	0	1	1	0	2	2	3	0	0	1	0	3
120733	13 Oct 25	08:17:00	1	0	60	0	Ct	0	0	1	0	1	1	0	2	1	1	1	0	0	6	3	1	0	3	3	0	2	1	0	2	2	0	3	2	0	0	0	1	0	2
120734	13 Oct 25	08:18:00	1	0	60	0	Ct	0	0	0	0	2	0	2	3	2	2	1	0	2	2	1	1	0	3	1	0	2	0	0	1	0	0	1	2	2	1	2	3	2	2
120735	13 Oct 25	08:19:00	1	0	60	0	Ct	0	0	4	0	1	0	2	2	2	0	1	0	0	0	2	1	0	3	4	0	4	1	0	1	2	0	1	1	1	2	0	2	2	2
120736	13 Oct 25	08:20:00	1	0	60	0	Ct	0	0	11	0	1	0	2	2	3	0	1	1	0	0	1	4	0	4	2	0	2	2	0	1	0	0	1	3	0	1	0	2	0	1
120737	13 Oct 25	08:21:00	1	0	60	0	Ct	0	0	2	0	1	7	0	1	2	0	1	6	1	0	2	0	0	3	2	0	2	1	0	1	2	4	1	2	1	0	0	2	2	5
120738	13 Oct 25	08:22:00	1	0	60	0	Ct	0	0	2	0	0	14	0	0	3	0	0	1	2	0	2	3	0	4	1	0	3	2	0	1	1	0	1	1	1	7	0	9	0	3
120739	13 Oct 25	08:23:00	1	0	60	0	Ct	0	0	2	0	1	0	0	2	0	0	0	0	2	2	1	2	0	2	1	0	0	0	2	0	3	1	1	2	2	14	0	6	3	4
120740	13 Oct 25	08:24:00	1	0	60	0	Ct	0	0	4	0	2	0	0	2	0	0	0	3	1	1	3	4	0	2	2	0	2	1	6	1	2	0	16	3	2	2	1	5	3	1
120741	13 Oct 25	08:25:00	1	0	60	0	Ct	0	0	1	0	3	0	0	4	1	0	0	0	2	0	2	2	0	1	2	0	3	3	3	3	2	0	5	5	1	0	0	0	0	1
120742	13 Oct 25	08:26:00	1	0	60	0	Ct	0	0	2	0	4	6	2	2	1	0	0	2	1	2	2	2	1	2	1	0	2	0	1	1	1	0	1	3	12	5	0	1	1	3
120743	13 Oct 25	08:27:00	1	0	60	0	Ct	0	0	3	0	1	0	0	0	1	0	0	1	2	2	2	7	3	3	2	0	2	3	2	1	0	0	3	4	28	0	0	1	0	1
120744	13 Oct 25	08:28:00	1	0	60	0	Ct	0	0	1	0	1	0	2	0	1	0	0	0	1	2	2	3	0	2	1	0	3	0	0	3	0	0	3	3	18	6	0	0	0	2
120745	13 Oct 25	08:29:00	1	0	60	0	Ct	0	0	1	0	1	0	2	2	2	0	0	0	2	1	2	2	1	3	1	0	3	1	5	2	1	2	5	11	1	2	0	3	0	2
120746	13 Oct 25	08:30:00	1	0	60	0	Ct	0	0	1	0	1	0	3	1	2	0	0	0	1	0	2	1	2	3	1	0	2	5	3	0	2	0	2	3	5	1	0	1	0	6
120747	13 Oct 25	08:31:00	1	0	60	0	Ct	0	0	1	0	2	1	1	1	3	0	0	0	0	3	1	0	2	1	3	0	3	0	3	0	3	0	0	3	0	8	0	0	0	6
120748	13 Oct 25	08:32:00	1	0	60	0	Ct	0	0	2	2	2	1	2	1	0	0	0	0	0	1	3	1	2	0	1	0	1	0	0	0	2	0	1	3	2	2	0	15	0	2
120749	13 Oct 25	08:33:00	1	0	60	0	Ct	0	0	0	3	3	0	3	0	10	0	0	0	0	1	2	3	0	0	2	0	1	3	6	0	1	8	1	3	0	1	0	4	0	1
120750	13 Oct 25	08:34:00	1	0	60	0	Ct	0	0	2	2	1	2	0	1	14	0	0	0	0	2	2	2	1	4	1	0	1	5	2	0	3	12	2	2	0	2	0	6	0	1
120751	13 Oct 25	08:35:00	1	0	60	0	Ct	0	0	0	3	3	0	0	3	0	0	0	0	0	9	3	2	3	3	1	0	1	0	2	0	3	19	1	3	0	3	0	3	0	3
120752	13 Oct 25	08:36:00	1	0	60	0	Ct	0	0	1	3	0	0	0	2	1	0	0	0	2	11	1	1	5	3	0	0	2	0	4	0	2	3	1	3	0	1	0	1	0	2
120753	13 Oct 25	08:37:00	1	0	60	0	Ct	0	0	1	1	1	0	1	1	1	0	1	0	0	7	2	4	1	4	1	0	1	0	4	0	3	2	1	3	0	1	0	1	0	1
120754	13 Oct 25	08:38:00	1	0	60	0	Ct	0	0	6	4	1	0	3	0	2	0	1	1	3	33	2	2	2	2	3	0	1	0	1	0	2	3	1	1	0	0	0	1	0	2
120755	13 Oct 25	08:39:00	1	0	60	0	Ct	0	0	0	2	1	0	0	1	1	0	0	2	0	37	2	2	1	3	1	0	1	0	3	0	1	2	1	6	0	1	0	3	0	2
120756	13 Oct 25	08:40:00	1	0	60	0	Ct	0	0	3	1	0	6	1	2	2	0	1	6	2	22	1	3	1	1	2	0	2	4	8	0	2	2	1	2	0	1	0	1	0	3
120757	13 Oct 25	08:41:00	1	0	60	0	Ct	0	0	0	1	1	0	3	3	2	0	2	4	1	12	2	2	2	2	1	0	2	0	0	0	1	1	1	2	0	1	0	2	0	3
120758	13 Oct 25	08:42:00	1	0	60	0	Ct	0	0	1	2	4	4	3	0	1	0	2	6	1	2	0	11	4	3	1	0	4	3	0	0	1	2	1	3	0	7	1	1	0	2
120759	13 Oct 25	08:43:00	1	0	60	0	Ct	0	0	3	2	1	3	3	1	2	0	0	3	3	0	2	19	1	6	0	0	3	3	2	0	0	1	1	2	0	29	0	2	0	2
120760	13 Oct 25	08:44:00	1	0	60	0	Ct	0	0	0	2	1	0	5	1	1	0	0	2	1	14	3	7	2	3	2	0	2	8	2	0	0	3	1	2	0	18	2	2	0	2
120761	13 Oct 25	08:45:00	1	0	60	0	Ct	0	0	10	3	2	2	1	1	0	0	0	3	1	11	1	3	1	3	3	0	2	2	3	0	0	3	18	3	0	32	4	2	0	4
120762	13 Oct 25	08:46:00	1	0	60	0	Ct	0	0	0	4	2	9	0	1	1	0	0	3	1	0	2	3	1	2	1	0	2	0	7	0	3	2	2	3	0	2	2	1	0	2
120763	13 Oct 25	08:47:00	1	0	60	0	Ct	0	0	0	2	2	2	2	2	1	0	0	2	41	0	0	3	0	3	0	0	3	2	0	0	0	4	2	2	0	11	1	2	0	2
120764	13 Oct 25	08:48:00	1	0	60	0	Ct	0	0	0	1	3	5	0	1	1	0	0	3	24	1	0	2	3	3	1	0	2	3	0	0	0	1	2	1	0	10	1	2	0	1
120765	13 Oct 25	08:49:00	1	0	60	0	Ct	0	0	1	2	1	2	0	0	1	0	0	2	10	2	0	1	0	3	1	0	3	9	2	0	0	2	1	2	0	26	0	1	0	0
120766	13 Oct 25	08:50:00	1	0	60	0	Ct	0	0	1	3	1	0	0	0	1	0	0	2	2	1	0	0	1	1	2	0	1	0	2	0	0	1	1	3	0	14	1	0	0	1
120767	13 Oct 25	08:51:00	1	0	60	0	Ct	0	0	2	2	2	2	0	2	2	0	0	2	3	1	0	0	1	3	2	0	1	3	3	0	0	2	1	3	0	8	0	0	0	5
120768	13 Oct 25	08:52:00	1	0	60	0	Ct	0	0	2	2	2	11	2	1	0	0	0	2	1	0	0	1	1	2	3	0	1	2	2	0	3	1	1	1	0	2	4	1	1	1
120769	13 Oct 25	08:53:00	1	0	60	0	Ct	0	0	1	2	2	6	0	1	2	0	0	1	1	0	0	0	1	0	1	0	2	0	1	0	1	3	1	3	0	2	0	1	0	2
120770	13 Oct 25	08:54:00	1	0	60	0	Ct	0	0	1	1	1	0	2	0	1	0	0	1	0	1	0	2	0	2	1	0	1	2	7	0	2	2	1	2	0	1	1	2	1	1
120771	13 Oct 25	08:55:00	1	0	60	0	Ct	0	0	0	0	1	4	2	0	3	0	0	0	1	7	0	0	0	3	3	0	1	0	0	0	0	1	1	3	0	3	2	2	1	0
120772	13 Oct 25	08:56:00	1	0	60	0	Ct	0	0	2	1	0	2	2	0	2	0	0	4	2	1	0	0	1	1	1	0	5	1	0	3	2	2	1	2	0	1	1	3	3	3
120773	13 Oct 25	08:57:00	1	0	60	0	Ct	0	0	5	3	3	0	2	2	0	0	0	1	0	1	0	0	1	0	2	0	2	1	3	4	2	1	2	4	0	1	8	1	2	4
120774	13 Oct 25	08:58:00	1	0	60	0	Ct	0	0	0	2	1	3	3	1	2	0	0	2	1	3	0	0	1	0	2	0	3	0	2	4	0	1	1	1	0	1	5	3	1	1
120775	13 Oct 25	08:59:00	1	0	60	0	Ct	0	0	0	2	4	2	1	2	2	0	0	5	3	1	0	0	3	0	2	0	2	2	7	2	1	1	1	1	3	2	1	2	2	1
120776	13 Oct 25	09:00:00	1	0	60	0	Ct	0	0	1	1	2	1	0	2	0	0	0	2	0	5	0	2	7	0	1	0	2	2	0	1	2	1	2	3	0	5	2	2	1	3
120777	13 Oct 25	09:01:00	1	0	60	0	Ct	0	0	2	2	2	4	0	1	2	0	0	1	1	2	0	2	0	0	2	0	2	0	4	1	2	3	2	0	0	1	1	2	2	2
120778	13 Oct 25	09:02:00	1	0	60	0	Ct	0	0	1	2	1	18	0	0	2	0	0	0	1	1	0	3	0	2	2	0	2	1	2	1	0	2	0	4	0	1	9	0	3	6
120779	13 Oct 25	09:03:00	1	0	60	0	Ct	0	0	0	2	2	12	0	2	2	0	0	2	0	0	0	0	0	3	2	0	3	1	3	2	0	2	4	3	0	2	18	5	1	2
120780	13 Oct 25	09:04:00	1	0	60	0	Ct	0	0	2	1	1	6	0	3	4	0	0	1	0	0	0	2	0	3	2	0	3	0	0	0	0	1	2	2	0	1	2	0	1	3
120781	13 Oct 25	09:05:00	1	0	60	0	Ct	0	0	0	2	2	0	0	1	2	0	0	2	0	10	0	0	2	3	0	0	3	2	0	2	1	1	0	3	0	2	1	0	1	3
120782	13 Oct 25	09:06:00	1	0	60	0	Ct	0	0	0	0	1	3	0	1	0	0	0	2	0	0	0	2	0	4	2	0	3	1	0	1	2	0	4	3	0	3	0	1	2	1
120783	13 Oct 25	09:07:00	1	0	60	0	Ct	0	0	0	3	1	4	0	1	2	0	1	1	0	1	0	1	7	4	1	0	2	12	0	2	2	0	4	1	0	3	1	1	1	2
120784	13 Oct 25	09:08:00	1	0	60	0	Ct	0	0	0	2	2	0	0	1	0	0	2	1	0	3	0	1	0	2	0	0	0	1	0	1	5	0	0	9	0	1	0	8	2	0
120785	13 Oct 25	09:09:00	1	0	60	0	Ct	0	0	0	3	0	10	0	0	7	0	0	0	0	4	1	2	6	3	0	0	3	2	5	1	3	0	2	16	0	4	1	4	0	0
120786	13 Oct 25	09:10:00	1	0	60	0	Ct	0	0	0	2	1	1	2	0	0	0	1	2	0	0	4	5	1	2	2	0	2	0	3	0	4	0	2	0	0	1	0	3	0	0
120787	13 Oct 25	09:11:00	1	0	60	0	Ct	0	0	0	2	1	0	0	2	1	0	1	0	3	3	2	1	1	3	2	0	1	0	3	1	2	0	0	0	0	1	0	2	0	1
120788	13 Oct 25	09:12:00	1	0	60	0	Ct	0	0	0	0	2	0	0	3	0	0	0	2	3	1	1	1	1	1	1	0	2	0	1	1	1	0	2	1	0	3	0	1	1	3
120789	13 Oct 25	09:13:00	1	0	60	0	Ct	0	0	0	3	0	3	3	1	0	0	0	1	0	1	2	0	0	1	1	0	1	0	2	2	1	2	0	3	0	1	0	1	1	2
120790	13 Oct 25	09:14:00	1	0	60	0	Ct	0	0	0	4	2	0	2	1	0	0	3	2	0	4	1	3	3	4	2	0	2	2	3	1	1	1	4	2	0	3	0	1	0	2
120791	13 Oct 25	09:15:00	1	0	60	0	Ct	0	0	0	2	2	0	0	3	0	0	2	0	0	2	1	5	1	3	2	0	1	1	14	1	1	1	3	2	0	0	0	0	0	1
120792	13 Oct 25	09:16:00	1	0	60	0	Ct	0	0	0	1	2	0	0	0	1	0	0	0	0	3	2	2	0	0	0	0	3	1	13	1	5	2	2	2	0	1	0	6	2	3
120793	13 Oct 25	09:17:00	1	0	60	0	Ct	0	0	0	2	2	0	3	1	1	0	0	0	0	0	6	3	1	2	1	0	2	2	5	2	1	3	0	2	0	3	0	2	2	3
120794	13 Oct 25	09:18:00	1	0	60	0	Ct	0	0	0	1	3	0	3	2	1	0	0	0	0	2	3	1	0	3	1	0	4	0	2	1	2	0	1	3	0	2	3	3	1	1
120795	13 Oct 25	09:19:00	1	0	60	0	Ct	0	0	4	2	2	3	2	1	1	0	0	0	0	1	3	2	2	6	1	0	2	0	6	2	0	0	1	3	0	1	1	2	2	2
120796	13 Oct 25	09:20:00	1	0	60	0	Ct	0	0	0	2	4	3	2	3	0	0	0	0	0	3	2	2	0	2	1	0	3	1	6	1	1	2	0	4	0	2	6	1	0	2
120797	13 Oct 25	09:21:00	1	0	60	0	Ct	0	0	1	2	2	9	2	0	0	0	0	0	0	0	1	2	2	3	2	0	3	1	2	1	2	1	0	3	0	2	2	0	2	1
120798	13 Oct 25	09:22:00	1	0	60	0	Ct	0	0	1	1	2	15	2	0	0	0	0	4	0	3	2	4	2	0	1	0	6	0	3	1	1	2	5	4	0	1	1	0	1	1
120799	13 Oct 25	09:23:00	1	0	60	0	Ct	0	0	1	3	3	8	0	0	0	0	0	1	0	1	1	4	0	0	1	0	2	0	2	1	4	3	5	2	0	1	0	5	2	0
120800	13 Oct 25	09:24:00	1	0	60	0	Ct	0	0	3	3	1	14	2	0	0	0	0	0	0	4	2	1	3	0	2	0	2	0	2	2	2	1	3	3	0	3	0	4	1	0
120801	13 Oct 25	09:25:00	1	0	60	0	Ct	0	0	1	1	1	10	3	0	0	0	0	0	0	1	1	1	0	0	0	0	1	1	1	2	0	2	2	2	0	1	4	2	1	6
120802	13 Oct 25	09:26:00	1	0	60	0	Ct	0	0	2	2	2	1	0	0	0	0	0	0	0	0	0	2	6	1	1	0	0	1	2	0	1	2	1	1	0	4	1	5	2	1
120803	13 Oct 25	09:27:00	1	0	60	0	Ct	0	0	2	2	1	26	2	0	0	0	0	0	0	0	0	0	0	4	1	0	0	3	3	2	1	0	5	2	0	2	1	0	2	1
120804	13 Oct 25	09:28:00	1	0	60	0	Ct	0	0	1	3	1	15	2	0	0	0	0	0	0	0	0	1	3	4	1	0	0	1	9	0	0	2	3	2	0	0	1	0	1	3
120805	13 Oct 25	09:29:00	1	0	60	0	Ct	0	0	1	2	7	3	0	0	0	0	0	0	0	1	0	3	2	4	0	0	0	3	2	0	0	1	2	1	0	1	0	0	0	0
120806	13 Oct 25	09:30:00	1	0	60	0	Ct	0	0	3	5	2	4	3	0	0	8	0	0	0	0	0	1	2	2	1	0	0	1	0	1	0	0	0	1	0	0	0	0	0	2
120807	13 Oct 25	09:31:00	1	0	60	0	Ct	0	0	1	1	3	0	3	2	0	2	0	0	0	3	0	0	0	2	1	0	0	3	0	2	0	4	1	6	0	5	0	0	0	3
120808	13 Oct 25	09:32:00	1	0	60	0	Ct	0	0	1	3	4	0	0	2	0	1	0	0	0	9	0	0	0	3	2	0	0	3	0	1	0	0	1	3	0	3	0	0	0	1
120809	13 Oct 25	09:33:00	1	0	60	0	Ct	0	0	1	4	2	5	3	2	0	0	0	0	0	4	0	1	1	4	2	0	0	3	3	1	0	1	0	2	0	1	0	0	0	6
120810	13 Oct 25	09:34:00	1	0	60	0	Ct	0	0	2	5	2	3	1	0	2	0	0	0	1	0	0	1	0	2	3	0	0	3	6	1	1	0	3	0	0	1	2	2	0	1
120811	13 Oct 25	09:35:00	1	0	60	0	Ct	0	0	0	2	5	0	0	1	2	0	0	0	5	2	0	1	0	2	1	0	0	2	5	1	1	1	2	3	0	2	1	7	0	3
120812	13 Oct 25	09:36:00	1	0	60	0	Ct	0	0	1	2	1	5	0	2	1	0	0	0	2	0	0	0	0	3	2	0	0	1	1	0	0	3	1	4	0	10	1	2	0	3
120813	13 Oct 25	09:37:00	1	0	60	0	Ct	0	0	0	2	3	8	0	0	1	0	0	0	2	0	0	0	0	1	2	0	0	0	1	0	0	0	0	1	0	1	1	0	0	0
120814	13 Oct 25	09:38:00	1	0	60	0	Ct	0	0	3	2	2	0	0	0	5	10	0	0	4	5	0	2	0	3	1	0	0	0	0	0	1	1	4	1	0	15	4	1	0	1
120815	13 Oct 25	09:39:00	1	0	60	0	Ct	0	0	1	2	0	7	0	0	0	1	0	0	1	3	0	2	0	0	0	0	0	5	0	0	3	1	1	2	0	20	1	3	0	2
120816	13 Oct 25	09:40:00	1	0	60	0	Ct	0	0	2	2	0	3	0	0	0	0	0	0	2	4	0	4	0	0	1	0	0	1	0	0	0	1	3	2	0	1	1	0	0	1
120817	13 Oct 25	09:41:00	1	0	60	0	Ct	0	0	8	3	2	0	0	0	0	0	0	0	0	1	0	6	0	2	1	0	0	0	0	1	0	0	1	3	0	3	1	0	0	1
120818	13 Oct 25	09:42:00	1	0	60	0	Ct	0	0	1	2	2	2	0	3	0	0	0	0	3	1	0	4	0	3	1	0	0	0	0	0	1	0	1	3	0	0	7	0	0	1
120819	13 Oct 25	09:43:00	1	0	60	0	Ct	0	0	1	3	1	6	0	0	0	0	0	0	2	2	0	0	0	1	1	0	0	1	0	0	1	2	2	0	0	0	3	0	0	0
120820	13 Oct 25	09:44:00	1	0	60	0	Ct	0	0	1	0	0	0	0	0	0	0	0	0	1	10	0	4	0	2	2	0	0	3	0	0	1	2	1	2	0	1	1	0	0	4
120821	13 Oct 25	09:45:00	1	0	60	0	Ct	0	0	0	0	1	0	0	2	0	0	0	0	5	0	0	0	0	3	1	0	0	4	0	0	1	2	1	2	0	1	1	0	0	5
120822	13 Oct 25	09:46:00	1	0	60	0	Ct	0	0	0	1	1	0	0	0	0	0	0	0	0	1	0	0	0	3	2	0	0	1	0	0	2	2	0	0	0	4	1	0	0	0
120823	13 Oct 25	09:47:00	1	0	60	0	Ct	0	0	0	3	2	0	0	2	0	0	0	0	1	0	0	0	0	22	1	0	0	1	1	0	3	0	0	0	0	3	11	0	0	0
120824	13 Oct 25	09:48:00	1	0	60	0	Ct	0	0	0	3	3	0	0	1	0	0	0	0	1	0	4	0	0	2	1	0	0	5	2	0	1	1	0	2	0	3	0	0	0	2
120825	13 Oct 25	09:49:00	1	0	60	0	Ct	0	0	0	3	1	0	0	1	0	0	0	0	1	3	0	4	0	2	3	0	0	7	2	0	1	3	0	2	0	1	0	0	0	0
120826	13 Oct 25	09:50:00	1	0	60	0	Ct	0	0	0	1	2	6	0	1	0	0	0	0	1	0	0	0	0	2	1	0	0	4	1	1	2	1	3	4	0	1	1	2	0	2
120827	13 Oct 25	09:51:00	1	0	60	0	Ct	0	0	0	3	2	0	0	1	0	0	0	0	0	8	0	0	0	0	1	0	0	1	6	3	3	2	0	2	1	1	0	3	0	8
120828	13 Oct 25	09:52:00	1	0	60	0	Ct	0	0	0	2	1	0	0	2	0	0	0	0	1	0	2	0	0	1	2	0	0	1	2	11	1	2	1	3	1	4	3	4	0	1
120829	13 Oct 25	09:53:00	1	0	60	0	Ct	0	0	0	2	2	0	0	1	0	0	0	1	0	3	2	0	0	1	3	0	0	3	1	26	2	1	2	2	2	0	1	1	0	3
120830	13 Oct 25	09:54:00	1	0	60	0	Ct	0	0	0	2	1	0	2	1	0	0	0	1	0	0	2	1	0	2	0	0	0	3	0	0	2	1	1	3	0	0	0	1	0	0
120831	13 Oct 25	09:55:00	1	0	60	0	Ct	0	0	0	1	3	0	2	1	0	6	0	0	1	5	2	0	0	2	0	0	0	0	1	0	1	1	2	1	0	2	1	0	2	0
120832	13 Oct 25	09:56:00	1	0	60	0	Ct	0	0	0	3	1	0	2	0	0	2	0	0	0	5	2	0	0	4	0	0	0	3	2	1	1	1	1	2	0	1	2	0	2	0
120833	13 Oct 25	09:57:00	1	0	60	0	Ct	0	0	2	2	1	0	1	1	0	0	0	0	0	0	2	0	0	3	0	0	0	3	3	1	1	1	4	2	0	0	0	0	0	0
120834	13 Oct 25	09:58:00	1	0	60	0	Ct	0	0	2	1	2	0	0	0	0	0	0	0	0	2	2	0	0	2	0	0	0	1	4	2	0	2	0	0	0	1	3	0	2	3
120835	13 Oct 25	09:59:00	1	0	60	0	Ct	0	0	1	2	2	0	3	0	0	0	0	0	0	0	2	0	0	4	0	0	0	1	2	0	2	2	1	2	0	1	0	1	2	0
120836	13 Oct 25	10:00:00	1	0	60	0	Ct	0	0	1	3	2	0	4	0	0	0	0	0	0	2	2	0	3	2	0	0	0	1	6	3	1	0	4	4	0	3	2	1	1	1
120837	13 Oct 25	10:01:00	1	0	60	0	Ct	0	0	3	2	5	0	0	0	0	0	0	0	0	2	0	0	0	4	0	0	0	0	1	1	1	0	2	2	0	1	1	2	1	0
120838	13 Oct 25	10:02:00	1	0	60	0	Ct	0	0	1	3	8	1	0	0	0	0	0	0	0	6	2	0	0	1	0	0	0	1	1	0	1	1	10	3	0	2	1	0	1	0
120839	13 Oct 25	10:03:00	1	0	60	0	Ct	0	0	4	2	1	0	2	0	0	2	0	0	0	0	2	0	0	3	1	0	0	9	1	2	0	0	2	1	0	1	1	0	1	0
120840	13 Oct 25	10:04:00	1	0	60	0	Ct	0	0	0	1	0	0	0	0	2	1	0	0	0	0	3	0	0	6	0	0	0	1	0	2	1	2	0	1	0	5	0	0	2	0
120841	13 Oct 25	10:05:00	1	0	60	0	Ct	0	0	0	0	1	2	0	0	0	3	0	0	0	0	1	0	0	4	0	0	0	0	2	2	1	0	2	4	0	0	1	0	2	0
120842	13 Oct 25	10:06:00	1	0	60	0	Ct	0	0	0	1	4	4	1	0	0	2	0	0	0	0	2	0	0	3	0	0	0	0	2	1	0	5	1	3	0	0	1	0	0	0
120843	13 Oct 25	10:07:00	1	0	60	0	Ct	0	1	1	2	1	1	4	3	4	2	0	2	0	4	2	0	1	4	0	0	0	1	2	0	1	1	1	1	0	0	1	0	3	0
120844	13 Oct 25	10:08:00	1	0	60	0	Ct	0	1	1	1	2	1	2	0	2	2	0	0	0	1	1	0	0	1	0	0	0	1	2	1	0	1	0	2	0	0	24	2	1	0
120845	13 Oct 25	10:09:00	1	0	60	0	Ct	0	1	2	1	1	1	0	0	1	3	0	0	0	1	0	0	0	0	0	0	0	0	2	4	1	0	0	2	2	0	0	3	1	0
120846	13 Oct 25	10:10:00	1	0	60	0	Ct	0	1	0	1	0	0	2	0	1	2	0	5	0	0	0	0	0	1	0	0	0	1	0	0	2	0	0	2	1	0	0	0	1	0
120847	13 Oct 25	10:11:00	1	0	60	0	Ct	0	1	0	1	0	2	0	0	2	3	0	0	0	0	0	0	0	1	0	0	0	5	0	1	0	0	0	2	3	0	0	0	0	0
120848	13 Oct 25	10:12:00	1	0	60	0	Ct	0	1	0	1	0	0	0	0	1	4	0	0	0	5	0	0	0	0	0	0	0	2	0	2	0	0	0	0	0	1	0	0	0	0
120849	13 Oct 25	10:13:00	1	0	60	0	Ct	0	1	0	1	0	1	0	0	2	1	0	0	0	4	0	0	0	0	0	0	0	0	0	5	0	0	0	0	0	0	0	0	0	0
120850	13 Oct 25	10:14:00	1	0	60	0	Ct	0	1	0	3	0	9	0	0	1	2	0	0	0	0	0	0	0	0	0	0	0	0	0	1	0	0	0	0	0	0	0	0	0	0
120851	13 Oct 25	10:15:00	1	0	60	0	Ct	0	1	0	2	0	4	0	0	3	2	0	2	0	2	0	3	0	0	0	0	0	6	0	0	0	0	0	2	0	0	0	0	0	0
120852	13 Oct 25	10:16:00	1	0	60	0	Ct	0	1	0	0	0	2	0	0	1	3	0	1	0	3	0	0	0	0	0	0	0	0	0	0	0	0	0	0	0	0	4	2	0	0
120853	13 Oct 25	10:17:00	1	0	60	0	Ct	0	1	0	2	0	2	0	0	1	2	0	2	0	2	0	2	0	0	0	0	0	0	0	1	0	0	0	0	0	0	0	2	0	0
120854	13 Oct 25	10:18:00	1	0	60	0	Ct	0	1	0	2	0	1	0	0	0	2	0	0	0	1	0	2	0	0	0	0	0	0	0	0	0	0	0	0	0	0	0	3	0	0
120855	13 Oct 25	10:19:00	1	0	60	0	Ct	0	1	0	0	1	1	0	0	0	0	0	0	0	0	0	0	0	1	0	0	0	0	0	0	0	0	0	0	0	0	4	3	0	0
120856	13 Oct 25	10:20:00	1	0	60	0	Ct	0	1	0	0	0	18	0	0	0	0	0	1	0	0	0	0	0	0	0	0	0	0	0	0	0	0	0	2	0	0	1	0	2	0
120857	13 Oct 25	10:21:00	1	0	60	0	Ct	0	1	0	0	0	12	0	0	0	0	0	1	0	0	0	1	0	0	0	0	0	0	0	0	0	0	0	0	0	0	5	0	1	0
120858	13 Oct 25	10:22:00	1	0	60	0	Ct	0	1	0	2	0	1	0	0	0	0	0	0	0	0	0	2	0	1	0	0	0	2	0	0	0	0	0	0	0	0	2	0	0	0
120859	13 Oct 25	10:23:00	1	0	60	0	Ct	0	1	0	0	0	5	0	0	0	1	0	0	0	3	0	1	0	0	0	0	0	0	0	0	0	0	0	0	0	0	0	0	0	0
120860	13 Oct 25	10:24:00	1	0	60	0	Ct	0	1	0	0	0	2	0	0	0	1	0	0	0	10	0	2	0	0	0	0	0	0	7	0	0	0	0	0	0	0	0	0	0	0
120861	13 Oct 25	10:25:00	1	0	60	0	Ct	0	1	0	0	0	2	0	0	0	0	0	0	0	0	0	0	0	0	0	0	0	1	1	0	0	0	0	0	0	0	0	0	0	0
120862	13 Oct 25	10:26:00	1	0	60	0	Ct	0	1	0	1	1	1	0	0	0	2	0	2	0	0	0	0	0	0	1	0	0	3	0	0	0	0	0	0	0	0	0	0	0	0
120863	13 Oct 25	10:27:00	1	0	60	0	Ct	0	1	0	1	0	0	0	0	0	0	0	0	0	0	0	0	0	3	0	0	2	0	0	0	0	0	0	0	0	0	0	0	0	0
120864	13 Oct 25	10:28:00	1	0	60	0	Ct	0	1	0	1	0	0	0	0	0	2	0	0	0	0	0	2	0	5	0	0	0	3	0	0	0	0	0	0	0	0	3	0	0	0
120865	13 Oct 25	10:29:00	1	0	60	0	Ct	0	1	0	1	12	0	0	0	0	0	0	0	0	0	0	0	0	1	0	0	0	2	0	0	0	0	0	0	0	0	0	0	0	0
120866	13 Oct 25	10:30:00	1	0	60	0	Ct	0	1	0	0	3	0	0	0	0	2	0	0	0	0	0	0	0	0	0	0	0	2	1	0	0	0	0	0	0	5	0	0	0	0
120867	13 Oct 25	10:31:00	1	0	60	0	Ct	0	1	0	4	0	0	0	0	0	0	0	0	0	0	0	0	0	0	0	0	0	1	0	0	0	0	0	0	0	0	0	0	0	0
120868	13 Oct 25	10:32:00	1	0	60	0	Ct	0	1	0	0	0	0	0	0	0	0	0	2	0	0	0	0	0	0	0	0	0	1	0	0	0	0	0	0	0	0	3	0	0	0
120869	13 Oct 25	10:33:00	1	0	60	0	Ct	0	1	0	0	0	9	0	0	0	0	0	0	0	0	0	0	0	0	0	0	0	0	0	0	0	0	0	0	0	0	0	0	0	0
120870	13 Oct 25	10:34:00	1	0	60	0	Ct	0	1	0	0	0	3	0	0	0	0	0	0	0	0	0	0	0	0	0	0	0	0	0	0	0	2	0	0	0	4	13	0	0	0
120871	13 Oct 25	10:35:00	1	0	60	0	Ct	0	1	0	0	0	1	0	0	0	1	0	0	0	0	0	0	0	1	0	0	0	0	0	1	0	0	0	0	0	0	26	0	0	0
120872	13 Oct 25	10:36:00	1	0	60	0	Ct	0	1	0	2	2	2	0	0	0	2	0	1	0	2	0	0	0	0	4	0	0	1	0	0	0	0	0	0	0	4	6	0	0	0
120873	13 Oct 25	10:37:00	1	0	60	0	Ct	0	1	0	2	2	3	0	0	0	2	0	7	0	0	0	0	0	1	0	0	0	2	0	0	0	0	0	0	0	11	0	0	0	0
120874	13 Oct 25	10:38:00	1	0	60	0	Ct	0	1	0	0	0	4	0	0	0	0	0	0	0	0	0	0	0	0	0	0	0	0	0	0	0	0	0	0	0	2	0	0	0	0
120875	13 Oct 25	10:39:00	1	0	60	0	Ct	0	1	0	0	0	1	0	0	0	0	0	0	0	0	0	0	0	2	0	0	0	0	0	0	0	0	0	0	0	0	0	0	0	0
120876	13 Oct 25	10:40:00	1	0	60	0	Ct	0	1	0	1	1	0	0	0	0	8	0	0	0	1	0	0	0	0	0	0	0	0	5	0	0	0	0	0	0	0	1	0	0	0
120877	13 Oct 25	10:41:00	1	0	60	0	Ct	0	1	0	0	0	0	0	0	0	1	0	0	0	0	0	0	0	1	0	0	0	4	0	1	0	0	0	0	0	0	0	0	0	0
120878	13 Oct 25	10:42:00	1	0	60	0	Ct	0	1	2	0	0	0	0	0	0	1	0	0	3	8	0	0	0	0	0	0	0	4	0	0	0	0	0	0	0	0	0	0	0	0
120879	13 Oct 25	10:43:00	1	0	60	0	Ct	0	1	0	1	0	0	0	0	0	4	0	0	1	23	0	0	0	4	1	0	0	0	0	0	0	0	0	0	0	0	0	0	0	0
120880	13 Oct 25	10:44:00	1	0	60	0	Ct	0	1	0	2	1	0	0	0	0	0	0	2	13	19	0	0	0	3	2	0	0	0	0	1	0	0	0	0	0	0	0	0	0	0
120881	13 Oct 25	10:45:00	1	0	60	0	Ct	0	1	0	2	0	2	0	0	0	0	0	1	0	4	0	0	0	4	7	0	0	2	0	0	0	0	0	0	0	0	0	0	0	0
120882	13 Oct 25	10:46:00	1	0	60	0	Ct	0	1	0	2	0	1	0	0	0	0	0	3	0	0	0	0	0	2	0	0	0	0	0	0	0	0	0	0	0	0	0	0	0	0
120883	13 Oct 25	10:47:00	1	0	60	0	Ct	0	1	0	4	2	1	0	0	0	0	0	0	0	7	0	0	0	1	12	0	0	1	0	0	0	0	0	0	0	0	3	0	0	0
120884	13 Oct 25	10:48:00	1	0	60	0	Ct	0	1	0	3	1	4	0	0	0	0	0	0	0	0	0	0	0	2	0	0	0	3	0	0	0	0	0	0	0	0	0	0	0	0
120885	13 Oct 25	10:49:00	1	0	60	0	Ct	0	1	0	2	0	3	0	0	0	1	0	0	0	6	0	0	0	0	0	0	0	0	0	0	0	0	0	0	0	0	1	0	0	0
120886	13 Oct 25	10:50:00	1	0	60	0	Ct	0	1	0	3	0	1	0	0	0	1	0	0	0	14	0	0	0	0	0	0	0	1	0	1	0	0	0	0	0	0	1	0	0	0
120887	13 Oct 25	10:51:00	1	0	60	0	Ct	0	1	0	1	0	4	0	0	3	3	0	0	1	14	0	0	0	2	0	0	0	0	0	2	0	0	0	0	0	0	0	0	0	0
120888	13 Oct 25	10:52:00	1	0	60	0	Ct	0	1	0	2	0	2	0	0	0	0	0	0	0	0	0	0	0	4	0	0	0	2	0	0	0	0	0	0	0	0	0	0	0	0
120889	13 Oct 25	10:53:00	1	0	60	0	Ct	0	1	0	3	0	0	0	0	0	2	0	0	0	0	0	0	0	4	0	0	0	0	0	0	0	0	0	0	0	0	7	0	0	0
120890	13 Oct 25	10:54:00	1	0	60	0	Ct	0	1	0	1	0	0	0	0	0	2	0	0	1	0	0	0	0	2	0	0	0	0	0	0	0	0	0	0	0	0	0	0	0	0
120891	13 Oct 25	10:55:00	1	0	60	0	Ct	0	1	0	0	0	0	0	0	0	1	0	1	1	0	0	1	0	3	0	0	0	0	0	0	0	0	0	0	0	0	0	0	0	0
120892	13 Oct 25	10:56:00	1	0	60	0	Ct	0	1	0	1	0	0	0	0	0	0	0	0	0	0	0	2	0	5	0	0	0	0	0	0	0	0	0	0	0	0	0	0	0	0
120893	13 Oct 25	10:57:00	1	0	60	0	Ct	0	1	0	2	0	0	0	0	0	2	0	4	0	0	0	0	0	3	0	0	0	0	0	0	0	0	0	0	0	0	0	0	0	0
120894	13 Oct 25	10:58:00	1	0	60	0	Ct	0	1	0	2	2	2	0	0	0	1	0	2	1	0	0	0	0	2	0	0	0	0	0	0	0	0	0	0	0	0	0	0	0	0
120895	13 Oct 25	10:59:00	1	0	60	0	Ct	0	1	0	2	1	3	0	0	0	2	0	2	9	0	0	0	0	4	0	0	0	0	0	0	0	0	0	0	0	0	0	0	0	0
120896	13 Oct 25	11:00:00	1	0	60	0	Ct	0	1	0	2	0	2	0	0	0	1	0	0	11	2	0	0	0	2	0	0	0	0	0	0	0	0	0	0	0	0	0	0	0	0
120897	13 Oct 25	11:01:00	1	0	60	0	Ct	0	1	0	3	2	1	0	0	0	0	0	0	0	0	0	0	0	3	0	0	0	0	0	0	0	0	0	0	0	0	0	0	0	0
120898	13 Oct 25	11:02:00	1	0	60	0	Ct	0	1	0	2	0	5	0	0	0	0	0	0	0	0	0	0	0	3	0	0	0	0	0	0	0	0	0	0	0	0	0	0	0	0
120899	13 Oct 25	11:03:00	1	0	60	0	Ct	0	1	0	1	0	5	0	0	0	0	0	0	0	0	0	0	0	3	0	0	0	0	0	0	0	0	0	0	0	0	0	0	0	0
120900	13 Oct 25	11:04:00	1	0	60	0	Ct	0	1	0	3	0	0	0	0	0	0	0	2	3	0	0	0	0	3	0	0	0	0	0	1	0	0	0	0	0	0	0	0	0	0
120901	13 Oct 25	11:05:00	1	0	60	0	Ct	0	1	0	0	0	2	0	0	0	2	0	0	0	5	0	0	0	1	0	0	0	0	0	3	0	0	0	0	0	0	0	0	0	0
120902	13 Oct 25	11:06:00	1	0	60	0	Ct	0	1	0	0	0	3	0	0	0	1	0	0	0	3	0	0	0	1	0	0	0	0	0	1	0	0	0	0	0	0	0	0	0	0
120903	13 Oct 25	11:07:00	1	0	60	0	Ct	0	1	0	0	2	11	0	0	0	5	0	0	0	0	0	0	0	3	0	0	0	0	0	0	0	0	0	0	0	0	11	0	0	0
120904	13 Oct 25	11:08:00	1	0	60	0	Ct	0	1	0	2	4	18	0	0	0	0	0	0	0	0	0	0	0	1	0	0	0	0	0	0	0	0	0	0	0	0	13	0	0	0
120905	13 Oct 25	11:09:00	1	0	60	0	Ct	0	1	0	10	1	5	0	0	0	0	0	0	1	0	0	0	0	3	0	0	0	0	0	0	0	0	0	0	0	0	14	0	0	0
120906	13 Oct 25	11:10:00	1	0	60	0	Ct	0	1	0	2	0	2	0	0	0	1	0	1	1	0	0	0	0	2	0	0	0	0	0	2	0	0	0	0	0	0	0	0	0	0
120907	13 Oct 25	11:11:00	1	0	60	0	Ct	0	1	0	1	0	5	0	0	0	1	0	2	0	0	0	0	0	2	0	0	0	0	0	1	0	0	0	0	0	0	0	0	0	0
120908	13 Oct 25	11:12:00	1	0	60	0	Ct	0	1	0	2	0	0	0	0	0	1	0	1	0	0	0	0	0	2	0	0	0	0	0	2	0	0	0	0	0	0	0	0	0	0
120909	13 Oct 25	11:13:00	1	0	60	0	Ct	0	1	0	2	0	2	0	0	0	1	0	0	0	0	0	0	0	3	0	0	0	0	0	2	0	0	0	0	0	0	0	0	0	0
120910	13 Oct 25	11:14:00	1	0	60	0	Ct	0	1	0	3	0	5	0	0	0	1	0	0	0	0	0	0	0	9	8	0	0	0	0	0	0	0	0	0	0	0	0	0	0	0
120911	13 Oct 25	11:15:00	1	0	60	0	Ct	0	1	0	3	0	0	0	0	0	1	0	0	0	2	0	0	0	3	0	0	0	0	0	1	0	0	0	0	0	0	0	0	0	0
120912	13 Oct 25	11:16:00	1	0	60	0	Ct	0	1	0	2	0	0	0	0	0	0	0	2	0	0	0	0	0	3	0	0	0	0	0	2	0	0	0	0	0	0	0	0	0	0
120913	13 Oct 25	11:17:00	1	0	60	0	Ct	0	1	0	1	0	0	0	0	0	0	0	3	0	0	0	0	0	4	5	0	0	0	0	0	0	0	0	0	0	0	0	0	0	0
120914	13 Oct 25	11:18:00	1	0	60	0	Ct	0	1	0	2	0	0	0	0	0	0	0	2	0	0	0	0	0	4	0	0	0	3	0	2	0	0	0	0	0	7	0	0	0	0
120915	13 Oct 25	11:19:00	1	0	60	0	Ct	0	1	0	2	0	0	0	0	1	6	0	0	0	0	0	0	0	1	0	0	0	1	0	0	0	0	0	0	0	0	0	0	0	0
120916	13 Oct 25	11:20:00	1	0	60	0	Ct	0	1	0	0	0	0	0	0	1	1	0	0	0	2	0	0	0	2	0	0	0	1	0	0	0	0	0	0	0	0	0	0	0	0
120917	13 Oct 25	11:21:00	1	0	60	0	Ct	0	1	0	4	0	0	0	0	0	0	0	0	0	0	0	0	0	3	0	0	0	1	0	0	0	0	0	0	0	0	0	0	0	0
120918	13 Oct 25	11:22:00	1	0	60	0	Ct	0	1	0	3	1	0	0	0	0	2	0	1	0	0	0	0	0	3	3	0	0	1	0	1	0	0	0	0	0	0	0	0	0	0
120919	13 Oct 25	11:23:00	1	0	60	0	Ct	0	1	0	1	0	0	0	0	0	2	0	2	0	0	0	0	0	1	0	0	0	0	0	4	0	0	0	0	0	0	3	0	0	0
120920	13 Oct 25	11:24:00	1	0	60	0	Ct	0	1	0	1	0	0	0	0	0	0	0	0	0	0	0	0	0	2	0	0	0	2	0	0	0	0	0	0	0	0	0	0	0	0
120921	13 Oct 25	11:25:00	1	0	60	0	Ct	0	1	0	2	0	0	0	0	0	0	0	0	0	0	0	0	0	3	0	0	0	0	0	0	0	0	0	0	0	0	0	0	0	0
120922	13 Oct 25	11:26:00	1	0	60	0	Ct	0	1	0	1	0	0	0	0	0	1	0	1	0	0	0	0	0	1	0	0	0	3	0	0	0	0	0	0	0	0	0	0	0	0
120923	13 Oct 25	11:27:00	1	0	60	0	Ct	0	1	1	0	0	0	0	0	0	1	0	4	0	0	0	0	0	1	0	0	0	1	0	0	0	0	0	0	0	0	0	0	0	0
120924	13 Oct 25	11:28:00	1	0	60	0	Ct	0	1	0	1	0	0	0	0	0	3	0	3	0	0	0	0	0	1	0	0	0	1	0	0	0	0	0	0	0	0	0	0	0	0
120925	13 Oct 25	11:29:00	1	0	60	0	Ct	0	1	0	2	2	0	0	0	0	1	0	0	0	0	0	0	0	2	0	0	0	2	0	0	0	0	0	0	0	0	1	0	0	0
120926	13 Oct 25	11:30:00	1	0	60	0	Ct	0	1	0	0	2	0	0	0	0	0	0	0	0	0	0	0	0	4	0	0	0	0	0	2	0	0	0	0	0	0	6	0	0	0
120927	13 Oct 25	11:31:00	1	0	60	0	Ct	0	1	0	2	0	0	0	0	0	0	0	0	0	0	0	0	0	2	0	0	0	0	0	7	0	0	0	0	0	0	0	0	0	0
120928	13 Oct 25	11:32:00	1	0	60	0	Ct	0	1	0	2	0	0	0	0	0	0	0	0	0	0	0	0	0	2	0	0	0	0	0	1	0	0	0	0	0	0	0	0	0	0
120929	13 Oct 25	11:33:00	1	0	60	0	Ct	0	1	0	1	0	8	0	0	0	0	0	0	0	0	0	0	0	2	0	0	0	0	0	1	0	0	0	0	0	0	0	0	0	0
120930	13 Oct 25	11:34:00	1	0	60	0	Ct	0	1	0	0	15	5	0	0	0	0	0	0	0	0	0	0	0	3	0	0	0	0	0	1	0	0	0	0	0	0	0	0	0	0
120931	13 Oct 25	11:35:00	1	0	60	0	Ct	0	1	0	1	1	4	0	0	0	0	0	0	0	2	0	0	0	3	0	0	0	0	0	2	0	0	0	0	0	0	0	0	0	0
120932	13 Oct 25	11:36:00	1	0	60	0	Ct	0	1	0	3	0	2	0	0	0	0	0	0	0	5	0	0	0	1	0	0	0	0	0	1	0	0	0	0	0	0	0	0	0	0
120933	13 Oct 25	11:37:00	1	0	60	0	Ct	0	1	0	2	3	7	0	0	0	2	0	0	0	1	0	0	0	1	0	0	0	0	0	2	0	0	0	0	0	0	0	0	0	0
120934	13 Oct 25	11:38:00	1	0	60	0	Ct	0	1	0	1	0	0	0	0	0	0	0	0	0	3	0	0	0	1	0	0	0	0	0	0	0	0	0	0	0	0	0	0	0	0
120935	13 Oct 25	11:39:00	1	0	60	0	Ct	0	1	0	1	0	1	0	0	0	0	0	0	0	9	0	0	0	3	0	0	0	0	0	2	0	0	0	0	0	0	0	0	0	0
120936	13 Oct 25	11:40:00	1	0	60	0	Ct	0	1	0	1	0	1	0	0	0	0	0	0	0	4	0	0	0	3	0	0	0	0	0	0	0	0	0	0	0	0	0	0	0	0
120937	13 Oct 25	11:41:00	1	0	60	0	Ct	0	1	0	2	0	2	0	0	0	0	0	1	0	8	0	0	0	1	0	0	0	0	0	1	0	0	0	0	0	0	0	0	0	0
120938	13 Oct 25	11:42:00	1	0	60	0	Ct	0	1	0	0	0	3	0	0	0	0	0	0	0	1	0	0	0	1	0	0	0	0	0	1	0	0	0	0	0	0	0	0	0	0
120939	13 Oct 25	11:43:00	1	0	60	0	Ct	0	1	0	1	0	0	0	0	0	0	0	0	0	0	0	0	0	2	0	0	0	0	0	2	0	0	0	0	0	0	0	0	0	0
120940	13 Oct 25	11:44:00	1	0	60	0	Ct	0	1	0	2	0	0	0	0	0	0	0	0	0	0	0	0	0	3	0	0	0	0	0	0	0	0	0	0	0	0	0	0	0	0
120941	13 Oct 25	11:45:00	1	0	60	0	Ct	0	1	0	1	0	0	0	0	0	1	0	2	0	0	0	0	0	4	4	0	0	0	0	0	0	0	0	0	0	0	0	0	0	0
120942	13 Oct 25	11:46:00	1	0	60	0	Ct	0	1	0	1	2	0	0	0	0	1	0	0	0	0	0	0	0	1	1	0	0	0	0	1	0	0	0	0	0	0	0	0	0	0
120943	13 Oct 25	11:47:00	1	0	60	0	Ct	0	1	0	1	0	1	0	0	0	1	0	0	0	0	0	0	0	2	10	0	0	0	0	1	0	0	0	0	0	0	0	0	0	0
120944	13 Oct 25	11:48:00	1	0	60	0	Ct	0	1	0	0	0	0	0	0	0	1	0	2	0	0	0	0	0	3	29	0	0	2	0	2	0	0	0	0	0	0	0	0	0	0
120945	13 Oct 25	11:49:00	1	0	60	0	Ct	0	1	0	2	0	0	0	0	0	0	0	3	0	0	0	0	0	1	0	0	0	1	0	0	0	0	0	0	0	0	0	0	0	0
120946	13 Oct 25	11:50:00	1	0	60	0	Ct	0	1	0	1	0	0	0	0	0	0	0	0	0	0	0	0	0	4	0	0	0	1	0	0	0	0	0	0	0	0	0	0	0	0
120947	13 Oct 25	11:51:00	1	0	60	0	Ct	0	1	0	1	2	0	0	0	0	0	0	4	0	0	0	0	0	2	0	0	0	4	0	0	0	0	0	0	0	0	0	0	0	0
120948	13 Oct 25	11:52:00	1	0	60	0	Ct	0	1	0	1	0	0	0	0	0	0	0	15	0	0	0	0	0	3	0	0	0	1	0	0	0	0	0	0	0	0	0	0	0	0
120949	13 Oct 25	11:53:00	1	0	60	0	Ct	0	1	0	1	0	0	0	0	0	0	0	3	0	12	0	0	0	3	0	0	0	1	0	0	0	0	0	0	0	0	1	0	0	0
120950	13 Oct 25	11:54:00	1	0	60	0	Ct	0	1	0	0	2	0	0	0	0	0	0	0	0	0	0	0	0	3	0	0	0	1	0	2	0	0	0	0	0	0	0	0	0	0
120951	13 Oct 25	11:55:00	1	0	60	0	Ct	0	1	0	2	9	0	0	0	0	0	0	0	0	0	0	0	0	3	0	0	0	0	0	1	0	0	0	0	0	0	0	0	0	0
120952	13 Oct 25	11:56:00	1	0	60	0	Ct	0	1	0	0	0	0	0	0	0	1	0	0	0	0	0	0	0	3	0	0	0	0	0	0	0	0	0	0	0	0	0	0	0	0
120953	13 Oct 25	11:57:00	1	0	60	0	Ct	0	1	0	0	0	0	0	0	0	1	0	0	0	2	0	0	0	1	0	0	0	0	0	0	0	0	0	0	0	0	0	0	0	0
120954	13 Oct 25	11:58:00	1	0	60	0	Ct	0	1	0	0	0	0	0	0	0	0	0	0	0	3	0	0	0	1	0	0	0	2	0	0	0	0	0	0	0	0	0	0	0	0
120955	13 Oct 25	11:59:00	1	0	60	0	Ct	0	1	0	0	0	0	0	0	0	0	0	0	0	0	0	0	0	2	0	0	0	0	0	0	0	0	0	0	0	0	0	0	0	0
120956	13 Oct 25	12:00:00	1	0	60	0	Ct	0	1	0	1	0	0	0	0	0	4	0	0	0	0	0	0	0	3	0	0	0	5	0	0	0	0	0	0	0	0	0	0	0	0
120957	13 Oct 25	12:01:00	1	0	60	0	Ct	0	1	0	2	3	0	0	0	0	3	0	1	0	6	0	0	0	3	0	0	0	0	0	0	0	0	0	0	0	0	0	0	0	0
120958	13 Oct 25	12:02:00	1	0	60	0	Ct	0	1	0	2	0	0	0	0	0	0	0	1	0	0	0	0	0	2	0	0	0	0	0	2	0	0	0	0	0	0	0	0	0	0
120959	13 Oct 25	12:03:00	1	0	60	0	Ct	0	1	0	4	0	1	0	0	0	0	0	0	0	0	0	0	0	1	1	0	0	1	0	2	0	0	0	0	0	0	0	0	0	0
120960	13 Oct 25	12:04:00	1	0	60	0	Ct	0	1	0	0	0	0	0	0	0	0	0	0	0	3	0	0	0	3	1	0	0	3	0	1	0	0	0	0	0	0	0	0	0	0
120961	13 Oct 25	12:05:00	1	0	60	0	Ct	0	1	0	2	1	1	0	0	0	0	0	0	0	2	0	0	0	2	0	0	0	0	0	0	0	0	0	0	0	0	0	0	0	0
120962	13 Oct 25	12:06:00	1	0	60	0	Ct	0	1	0	1	0	2	0	0	0	1	0	0	0	3	0	0	0	2	0	0	0	0	0	2	0	0	0	0	0	0	0	0	0	0
120963	13 Oct 25	12:07:00	1	0	60	0	Ct	0	1	0	5	0	1	0	0	0	0	0	0	0	0	0	0	0	2	0	0	0	0	0	7	0	0	0	0	0	0	0	0	0	0
120964	13 Oct 25	12:08:00	1	0	60	0	Ct	0	1	0	1	0	4	0	0	0	0	0	0	0	1	0	0	0	1	0	0	0	2	0	1	0	0	0	0	0	0	0	0	0	0
120965	13 Oct 25	12:09:00	1	0	60	0	Ct	0	1	0	1	0	0	0	0	0	0	0	0	0	5	0	0	0	1	0	0	0	2	0	0	0	0	0	0	0	0	0	0	0	0
120966	13 Oct 25	12:10:00	1	0	60	0	Ct	0	1	0	2	0	2	0	0	0	0	0	0	0	0	0	0	0	2	6	0	0	0	0	2	0	0	0	0	0	1	0	0	0	0
120967	13 Oct 25	12:11:00	1	0	60	0	Ct	0	1	0	2	0	0	0	0	0	0	0	0	0	0	0	0	0	2	21	0	0	2	0	1	0	0	0	0	0	0	0	0	0	0
120968	13 Oct 25	12:12:00	1	0	60	0	Ct	0	1	0	0	0	1	0	0	0	0	0	0	0	0	0	0	0	3	4	0	0	1	0	1	0	0	0	0	0	0	0	0	0	0
120969	13 Oct 25	12:13:00	1	0	60	0	Ct	0	1	0	2	3	1	0	0	0	0	0	0	0	0	0	0	0	2	0	0	0	0	0	9	0	0	0	0	0	0	0	0	0	0
120970	13 Oct 25	12:14:00	1	0	60	0	Ct	0	1	0	1	0	1	0	0	0	0	0	0	0	0	0	0	0	3	0	0	0	0	0	5	0	0	0	0	0	0	0	0	0	0
120971	13 Oct 25	12:15:00	1	0	60	0	Ct	0	1	0	1	0	5	0	0	0	0	0	0	0	2	0	0	0	3	0	0	0	2	0	0	0	0	0	0	0	0	0	0	0	0
120972	13 Oct 25	12:16:00	1	0	60	0	Ct	0	1	0	0	2	7	0	0	0	0	0	0	0	4	0	0	0	4	0	0	0	2	0	0	0	0	0	0	0	0	5	0	0	0
120973	13 Oct 25	12:17:00	1	0	60	0	Ct	0	1	0	0	0	16	0	0	0	0	0	0	0	2	0	0	0	2	0	0	0	2	0	0	0	0	0	0	0	0	0	0	0	0
120974	13 Oct 25	12:18:00	1	0	60	0	Ct	0	1	0	1	0	0	0	0	0	0	0	3	0	4	0	0	0	3	0	0	0	0	0	1	0	0	0	0	0	0	0	0	0	0
120975	13 Oct 25	12:19:00	1	0	60	0	Ct	0	1	0	2	0	0	0	0	0	0	0	0	0	0	0	0	0	3	0	0	0	4	0	1	0	0	0	0	0	2	0	0	0	0
120976	13 Oct 25	12:20:00	1	0	60	0	Ct	0	1	0	1	0	0	0	0	0	0	0	0	0	4	0	0	0	3	0	0	0	1	0	0	0	0	0	0	0	0	0	0	0	0
120977	13 Oct 25	12:21:00	1	0	60	0	Ct	0	1	0	0	1	1	0	0	0	0	0	3	0	0	0	0	0	2	0	0	0	2	0	0	0	0	0	0	0	4	0	0	0	0
120978	13 Oct 25	12:22:00	1	0	60	0	Ct	0	1	0	0	0	3	0	0	0	0	0	0	0	0	0	0	0	3	0	0	0	2	0	2	0	0	0	0	0	4	0	0	0	0
120979	13 Oct 25	12:23:00	1	0	60	0	Ct	0	1	0	0	2	1	0	0	0	0	0	0	0	0	0	0	0	2	0	0	0	0	0	1	0	0	0	0	0	0	0	0	0	0
120980	13 Oct 25	12:24:00	1	0	60	0	Ct	0	1	0	0	5	1	0	0	0	0	0	23	0	0	0	0	0	0	0	0	0	1	0	1	0	0	0	0	0	0	0	0	0	0
120981	13 Oct 25	12:25:00	1	0	60	0	Ct	0	1	0	0	1	4	0	0	0	0	0	27	0	0	0	0	0	2	0	0	0	0	0	0	0	0	0	0	0	0	0	0	0	0
120982	13 Oct 25	12:26:00	1	0	60	0	Ct	0	1	0	0	0	1	0	0	0	0	0	1	0	0	0	0	0	0	0	0	0	0	0	1	0	0	0	0	0	0	0	0	0	0
120983	13 Oct 25	12:27:00	1	0	60	0	Ct	0	1	0	0	0	2	0	0	0	0	0	0	0	1	0	0	0	1	0	0	0	0	0	1	0	0	0	0	0	0	0	0	0	0
120984	13 Oct 25	12:28:00	1	0	60	0	Ct	0	1	0	0	0	0	0	0	0	0	0	0	0	1	0	0	0	0	0	0	0	0	0	0	0	0	0	0	0	0	0	0	0	0
120985	13 Oct 25	12:29:00	1	0	60	0	Ct	0	1	0	0	0	2	0	0	0	0	0	0	0	0	0	0	0	3	0	0	0	1	0	15	0	0	0	0	0	0	0	0	0	0
120986	13 Oct 25	12:30:00	1	0	60	0	Ct	0	1	0	0	2	4	0	0	0	0	0	0	0	0	0	0	0	1	0	0	0	2	0	0	0	0	0	0	0	0	1	0	0	0
120987	13 Oct 25	12:31:00	1	0	60	0	Ct	0	1	0	0	0	2	0	0	0	0	0	0	0	0	0	0	0	1	0	0	0	0	0	0	0	0	0	0	0	0	2	0	0	0
120988	13 Oct 25	12:32:00	1	0	60	0	Ct	0	1	0	0	2	1	0	0	0	0	0	0	0	0	0	0	0	3	0	0	0	0	0	1	0	0	0	0	0	0	7	0	0	0
120989	13 Oct 25	12:33:00	1	0	60	0	Ct	0	1	0	0	2	0	0	0	0	0	0	0	0	0	0	0	0	1	0	0	0	1	0	5	0	0	0	0	0	0	2	0	0	0
120990	13 Oct 25	12:34:00	1	0	60	0	Ct	0	1	0	0	2	0	0	0	0	0	0	0	0	0	0	0	0	2	0	0	0	1	0	3	0	0	0	0	0	0	0	0	0	0
120991	13 Oct 25	12:35:00	1	0	60	0	Ct	0	1	0	0	3	0	0	0	0	0	0	1	0	2	0	0	0	2	0	0	0	2	0	6	0	0	0	0	0	0	0	0	0	0
120992	13 Oct 25	12:36:00	1	0	60	0	Ct	0	1	0	0	2	5	0	0	0	0	0	0	0	2	0	0	0	3	0	0	0	1	0	1	0	0	0	0	0	0	0	0	0	0
120993	13 Oct 25	12:37:00	1	0	60	0	Ct	0	1	0	1	3	1	0	0	0	0	0	0	0	1	0	0	0	3	0	0	0	0	0	0	0	0	0	0	0	0	0	0	0	0
120994	13 Oct 25	12:38:00	1	0	60	0	Ct	0	1	0	0	3	1	0	0	0	0	0	0	0	0	0	0	0	0	0	0	0	1	0	0	0	0	0	0	0	0	0	0	0	0
120995	13 Oct 25	12:39:00	1	0	60	0	Ct	0	1	0	0	3	10	0	0	0	0	0	0	0	0	0	0	0	2	0	0	0	2	0	0	0	0	0	0	0	0	0	0	0	0
120996	13 Oct 25	12:40:00	1	0	60	0	Ct	0	1	0	0	4	3	0	0	0	0	0	0	0	0	0	0	0	1	1	0	0	0	0	0	0	0	0	0	0	0	0	0	0	0
120997	13 Oct 25	12:41:00	1	0	60	0	Ct	0	1	0	0	1	2	0	0	0	0	0	0	0	0	0	0	0	1	0	0	0	1	0	0	0	0	0	0	0	0	0	0	0	0
120998	13 Oct 25	12:42:00	1	0	60	0	Ct	0	1	0	0	3	1	0	0	0	0	0	0	0	0	0	0	0	2	0	0	0	2	0	0	0	0	0	0	0	0	0	0	0	0
120999	13 Oct 25	12:43:00	1	0	60	0	Ct	0	1	0	1	3	3	0	0	0	0	0	2	0	0	0	0	0	0	0	0	0	1	0	0	0	0	0	0	0	0	0	0	0	0
121000	13 Oct 25	12:44:00	1	0	60	0	Ct	0	1	0	4	2	1	0	0	0	2	0	0	0	0	0	0	0	0	0	0	0	0	0	0	0	0	0	0	0	0	0	0	0	0
121001	13 Oct 25	12:45:00	1	0	60	0	Ct	0	1	0	0	2	2	0	0	0	1	0	0	0	0	0	0	0	0	0	0	0	0	0	0	0	0	0	0	0	0	0	0	0	0
121002	13 Oct 25	12:46:00	1	0	60	0	Ct	0	1	0	0	3	0	0	0	0	6	0	0	0	4	0	0	0	0	0	0	0	0	0	0	0	0	0	0	0	0	0	0	0	0
121003	13 Oct 25	12:47:00	1	0	60	0	Ct	0	1	0	1	4	0	0	0	0	0	0	0	0	0	0	0	0	0	0	0	0	1	0	0	0	0	0	0	0	0	0	0	0	0
121004	13 Oct 25	12:48:00	1	0	60	0	Ct	0	1	0	3	3	0	0	0	0	1	0	0	0	0	0	0	0	0	0	0	0	0	0	2	0	0	0	0	0	0	0	0	0	0
121005	13 Oct 25	12:49:00	1	0	60	0	Ct	0	1	0	0	2	0	0	0	0	0	0	0	0	0	0	0	0	0	1	0	0	3	0	2	0	0	0	0	0	0	0	0	0	0
121006	13 Oct 25	12:50:00	1	0	60	0	Ct	0	1	0	0	3	0	0	0	0	1	0	0	0	0	0	0	0	0	0	0	0	0	0	1	0	0	0	0	0	0	0	0	0	0
121007	13 Oct 25	12:51:00	1	0	60	0	Ct	0	1	0	0	2	1	0	0	0	0	0	0	0	0	0	0	0	2	3	0	0	0	0	4	0	0	0	0	0	0	0	0	0	0
121008	13 Oct 25	12:52:00	1	0	60	0	Ct	0	1	0	0	2	1	0	0	0	0	0	0	0	0	0	0	0	1	0	0	0	0	0	0	0	0	0	0	0	0	0	0	0	0
121009	13 Oct 25	12:53:00	1	0	60	0	Ct	0	1	0	1	2	2	0	0	0	0	0	0	0	1	0	0	0	0	0	0	0	0	0	0	0	0	0	0	0	0	0	0	0	0
121010	13 Oct 25	12:54:00	1	0	60	0	Ct	0	1	0	0	1	1	0	0	0	0	0	0	0	0	0	0	0	1	0	0	0	1	0	3	0	0	0	0	0	0	0	0	0	0
121011	13 Oct 25	12:55:00	1	0	60	0	Ct	0	1	0	0	3	1	0	0	0	0	0	0	0	6	0	0	0	0	0	0	0	2	0	1	0	0	0	0	0	0	0	0	0	0
121012	13 Oct 25	12:56:00	1	0	60	0	Ct	0	1	0	0	1	1	0	0	0	0	0	0	0	0	0	0	0	0	0	0	0	0	0	4	0	0	0	0	0	0	0	0	0	0
121013	13 Oct 25	12:57:00	1	0	60	0	Ct	0	1	0	0	2	0	0	0	0	0	0	0	0	0	0	0	0	0	0	0	0	0	0	9	0	0	0	0	0	0	0	0	0	0
121014	13 Oct 25	12:58:00	1	0	60	0	Ct	0	1	0	0	0	0	0	0	0	0	0	0	0	0	0	0	0	0	0	0	0	0	0	7	0	0	0	0	0	0	0	0	0	0
121015	13 Oct 25	12:59:00	1	0	60	0	Ct	0	1	0	0	2	0	0	0	0	3	0	0	0	2	0	0	0	0	0	0	0	0	0	0	0	0	0	0	0	0	0	0	0	0
121016	13 Oct 25	13:00:00	1	0	60	0	Ct	0	1	0	0	1	0	0	0	0	0	0	0	0	1	0	0	0	0	0	0	0	0	0	0	0	0	0	0	0	0	0	0	0	0
121017	13 Oct 25	13:01:00	1	0	60	0	Ct	0	1	0	0	2	0	0	0	0	0	0	0	0	1	0	0	0	0	0	0	0	0	0	1	0	0	0	0	0	0	0	0	0	0
121018	13 Oct 25	13:02:00	1	0	60	0	Ct	0	1	0	0	3	0	0	0	0	0	0	0	0	0	0	0	0	0	0	0	0	0	0	1	0	0	0	0	0	0	0	0	0	0
121019	13 Oct 25	13:03:00	1	0	60	0	Ct	0	1	0	0	3	0	0	0	0	0	0	0	0	0	0	0	0	0	0	0	0	0	0	0	0	0	0	0	0	0	0	0	0	0
121020	13 Oct 25	13:04:00	1	0	60	0	Ct	0	1	0	0	9	0	0	0	0	0	0	0	0	0	0	0	0	0	0	0	0	2	0	2	0	0	0	0	0	0	0	0	0	0
121021	13 Oct 25	13:05:00	1	0	60	0	Ct	0	1	0	0	1	0	0	0	0	1	0	0	0	0	0	0	0	1	0	0	0	0	0	1	0	0	0	0	0	0	0	0	0	0
121022	13 Oct 25	13:06:00	1	0	60	0	Ct	0	1	0	0	2	0	0	0	0	0	0	0	0	0	0	0	0	5	0	0	0	0	0	0	0	0	0	0	0	0	0	0	0	0
121023	13 Oct 25	13:07:00	1	0	60	0	Ct	0	1	0	0	2	0	0	0	0	0	0	0	0	0	0	0	0	2	0	0	0	2	0	0	0	0	0	0	0	0	1	0	0	0
121024	13 Oct 25	13:08:00	1	0	60	0	Ct	0	1	0	0	1	0	0	0	0	0	0	0	0	0	0	0	0	2	0	0	0	0	0	1	0	0	0	0	0	0	0	0	0	0
121025	13 Oct 25	13:09:00	1	0	60	0	Ct	0	1	0	0	3	0	0	0	0	2	0	0	0	0	0	0	0	3	0	0	0	1	0	1	0	0	0	0	0	0	2	0	0	0
121026	13 Oct 25	13:10:00	1	0	60	0	Ct	0	1	0	0	1	0	0	0	0	1	0	0	0	0	0	0	0	3	0	0	0	0	0	0	0	0	0	0	0	0	0	0	0	0
121027	13 Oct 25	13:11:00	1	0	60	0	Ct	0	1	0	0	1	0	0	0	0	2	0	0	0	0	0	0	0	3	0	0	0	0	0	1	0	0	0	0	0	0	0	0	0	0
121028	13 Oct 25	13:12:00	1	0	60	0	Ct	0	1	0	0	2	0	0	0	0	1	0	1	0	0	1	0	0	2	0	0	0	1	0	1	0	0	0	0	0	0	0	0	0	0
121029	13 Oct 25	13:13:00	1	0	60	0	Ct	0	1	0	0	2	7	0	0	0	1	0	2	0	0	1	0	0	1	0	0	0	1	0	0	0	0	0	0	0	0	0	0	0	0
121030	13 Oct 25	13:14:00	1	0	60	0	Ct	0	1	0	0	2	1	0	0	0	7	0	1	0	0	0	0	0	1	0	0	0	1	0	0	0	0	0	0	0	0	0	0	0	0
121031	13 Oct 25	13:15:00	1	0	60	0	Ct	0	1	0	1	1	5	0	0	0	9	0	0	0	0	3	0	0	4	0	0	0	0	0	0	0	0	0	0	0	0	0	0	0	0
121032	13 Oct 25	13:16:00	1	0	60	0	Ct	0	1	0	0	1	2	0	0	0	1	0	3	0	0	2	3	0	2	0	0	0	0	0	1	0	0	0	0	0	0	0	0	0	0
121033	13 Oct 25	13:17:00	1	0	60	0	Ct	0	1	0	0	2	0	0	0	0	1	0	3	0	0	3	0	0	1	0	0	0	0	0	2	0	0	0	0	0	0	0	0	0	0
121034	13 Oct 25	13:18:00	1	0	60	0	Ct	0	1	0	0	5	0	0	0	0	0	0	1	0	0	2	1	0	2	1	0	0	0	0	0	0	0	0	0	0	0	0	0	0	0
121035	13 Oct 25	13:19:00	1	0	60	0	Ct	0	1	0	0	0	2	0	0	0	0	0	0	0	0	2	7	0	2	0	0	0	0	0	0	0	0	0	0	0	0	0	0	0	0
121036	13 Oct 25	13:20:00	1	0	60	0	Ct	0	1	0	0	3	0	0	0	0	0	0	0	0	0	1	0	0	1	0	0	0	0	0	0	0	0	0	0	0	0	0	0	0	0
121037	13 Oct 25	13:21:00	1	0	60	0	Ct	0	1	0	0	7	0	0	0	0	0	0	0	0	0	2	0	0	2	4	0	0	1	0	0	0	0	0	0	0	0	0	0	0	0
121038	13 Oct 25	13:22:00	1	0	60	0	Ct	0	1	0	0	1	0	0	0	0	0	0	0	0	0	3	0	0	3	0	0	0	1	0	0	0	0	0	0	0	0	0	0	0	0
121039	13 Oct 25	13:23:00	1	0	60	0	Ct	0	1	0	0	2	3	0	0	0	0	0	1	0	4	1	0	0	1	0	0	0	0	0	0	0	0	0	0	0	0	0	0	0	0
121040	13 Oct 25	13:24:00	1	0	60	0	Ct	0	1	0	0	2	4	0	0	0	0	0	6	0	9	1	0	0	2	1	0	0	0	0	0	0	0	0	0	0	0	0	0	0	0
121041	13 Oct 25	13:25:00	1	0	60	0	Ct	0	1	0	0	3	7	0	0	0	0	0	0	0	0	1	0	0	2	0	0	0	3	0	0	0	0	0	0	0	0	0	0	0	0
121042	13 Oct 25	13:26:00	1	0	60	0	Ct	0	1	0	0	2	1	0	0	0	0	0	0	0	0	3	0	0	2	0	0	0	2	0	2	0	0	0	0	0	0	0	0	0	0
121043	13 Oct 25	13:27:00	1	0	60	0	Ct	0	1	0	0	3	1	0	0	0	0	0	0	0	0	1	0	0	2	0	0	0	0	0	0	0	0	0	0	0	0	0	0	0	0
121044	13 Oct 25	13:28:00	1	0	60	0	Ct	0	1	0	0	0	1	0	0	0	0	0	0	0	0	2	0	0	2	0	0	0	2	0	3	0	0	0	0	0	0	0	0	0	0
121045	13 Oct 25	13:29:00	1	0	60	0	Ct	0	1	0	0	0	1	0	0	0	0	0	0	0	0	3	0	0	2	0	0	0	1	0	1	0	0	0	0	0	0	0	0	0	0
121046	13 Oct 25	13:30:00	1	0	60	0	Ct	0	1	0	0	4	0	0	0	0	0	0	0	0	0	1	0	0	2	0	0	0	1	0	0	0	0	0	0	0	0	0	0	0	0
121047	13 Oct 25	13:31:00	1	0	60	0	Ct	0	1	0	0	2	1	0	0	0	0	0	0	0	0	2	0	0	1	0	0	0	1	0	0	0	0	0	0	0	0	0	0	0	0
121048	13 Oct 25	13:32:00	1	0	60	0	Ct	0	1	0	0	3	0	0	0	0	0	0	0	0	0	2	0	0	2	0	0	0	1	0	2	0	0	0	0	0	0	0	0	0	0
121049	13 Oct 25	13:33:00	1	0	60	0	Ct	0	1	0	0	4	0	0	0	0	0	0	0	0	0	2	0	0	0	0	0	0	6	0	1	0	0	0	0	0	0	0	0	0	0
121050	13 Oct 25	13:34:00	1	0	60	0	Ct	0	1	0	0	1	0	0	0	0	0	0	0	0	0	3	0	0	0	0	0	0	2	0	6	0	0	0	0	0	0	0	0	0	0
121051	13 Oct 25	13:35:00	1	0	60	0	Ct	0	1	0	0	0	0	0	0	0	0	0	0	0	0	1	0	0	0	0	0	0	0	0	0	0	0	0	0	0	2	0	0	0	0
121052	13 Oct 25	13:36:00	1	0	60	0	Ct	0	1	0	0	2	0	0	0	0	0	0	0	0	0	0	0	0	0	0	0	0	0	0	0	0	0	0	0	0	2	0	0	0	0
121053	13 Oct 25	13:37:00	1	0	60	0	Ct	0	1	1	0	2	0	0	0	0	0	0	0	0	0	5	0	0	0	0	0	0	0	0	0	0	0	0	0	0	0	0	0	0	0
121054	13 Oct 25	13:38:00	1	0	60	0	Ct	0	1	1	0	2	0	0	0	0	0	0	0	0	0	0	0	0	0	0	0	0	0	0	0	0	0	0	0	0	0	0	0	0	0
121055	13 Oct 25	13:39:00	1	0	60	0	Ct	0	1	0	0	3	0	0	0	0	0	0	0	0	0	2	0	0	0	1	0	0	0	0	0	0	0	0	0	0	0	3	0	0	0
121056	13 Oct 25	13:40:00	1	0	60	0	Ct	0	1	0	0	1	0	0	0	0	0	0	0	0	0	2	0	0	0	2	0	0	0	0	0	0	0	0	0	0	0	0	0	0	0
121057	13 Oct 25	13:41:00	1	0	60	0	Ct	0	1	1	0	21	0	0	0	0	0	0	0	0	0	1	0	0	0	2	0	0	0	0	0	0	0	0	0	0	0	0	0	0	0
121058	13 Oct 25	13:42:00	1	0	60	0	Ct	0	1	0	0	20	0	0	0	0	0	0	2	0	0	0	0	0	2	2	0	0	0	0	0	0	0	0	0	0	0	0	0	0	0
121059	13 Oct 25	13:43:00	1	0	60	0	Ct	0	1	2	0	2	0	0	0	0	0	0	0	0	0	2	0	0	2	2	0	0	0	0	0	0	0	0	0	0	0	0	0	0	0
121060	13 Oct 25	13:44:00	1	0	60	0	Ct	0	1	3	0	2	0	0	0	0	0	0	0	0	0	2	0	0	2	2	0	0	0	0	0	0	0	0	0	0	0	0	0	0	0
121061	13 Oct 25	13:45:00	1	0	60	0	Ct	0	1	1	0	2	0	0	0	0	0	0	3	0	0	3	0	0	2	3	0	0	0	0	0	0	0	0	0	0	0	0	0	0	0
121062	13 Oct 25	13:46:00	1	0	60	0	Ct	0	1	3	0	2	0	0	0	0	0	0	2	0	0	2	0	0	3	2	0	0	0	0	0	0	0	0	0	0	0	2	0	0	0
121063	13 Oct 25	13:47:00	1	0	60	0	Ct	0	1	2	0	1	0	0	0	0	0	0	0	0	0	2	0	0	1	2	0	0	0	0	0	0	0	0	0	0	0	11	0	0	0
121064	13 Oct 25	13:48:00	1	0	60	0	Ct	0	1	1	0	2	9	0	0	0	0	0	2	0	0	3	0	0	2	3	0	0	1	0	0	0	0	0	0	0	0	6	0	0	0
121065	13 Oct 25	13:49:00	1	0	60	0	Ct	0	1	3	0	2	0	0	0	0	0	0	1	0	0	1	0	0	2	1	0	0	0	0	0	0	0	0	0	0	0	0	0	0	0
121066	13 Oct 25	13:50:00	1	0	60	0	Ct	0	1	1	0	0	0	0	0	0	0	0	2	0	0	0	0	0	3	3	0	0	4	0	0	0	0	0	0	0	0	0	0	0	0
121067	13 Oct 25	13:51:00	1	0	60	0	Ct	0	1	2	0	0	0	0	0	0	0	0	1	0	0	0	0	0	3	2	0	0	0	0	0	0	0	0	0	0	0	0	0	0	0
121068	13 Oct 25	13:52:00	1	0	60	0	Ct	0	1	2	0	3	0	0	0	0	0	0	0	0	0	4	0	0	4	2	0	0	0	0	0	0	0	0	0	0	0	0	0	0	0
121069	13 Oct 25	13:53:00	1	0	60	0	Ct	0	1	1	0	1	0	0	0	0	0	0	0	0	0	4	0	0	2	2	0	0	0	0	0	0	0	0	0	0	0	3	0	0	0
121070	13 Oct 25	13:54:00	1	0	60	0	Ct	0	1	2	0	1	0	0	0	0	0	0	0	0	0	2	0	0	2	3	0	0	1	0	0	0	0	0	0	0	0	0	0	0	0
121071	13 Oct 25	13:55:00	1	0	60	0	Ct	0	1	3	0	0	0	0	0	0	0	0	0	0	0	1	0	0	1	2	0	0	1	0	0	0	0	0	0	0	0	1	0	0	0
121072	13 Oct 25	13:56:00	1	0	60	0	Ct	0	1	0	0	2	0	0	0	0	0	0	0	0	0	3	0	0	1	3	0	0	1	0	0	0	0	0	0	0	0	0	0	0	0
121073	13 Oct 25	13:57:00	1	0	60	0	Ct	0	1	2	0	1	0	0	0	0	0	0	0	0	0	1	0	0	2	2	0	0	0	0	0	0	0	0	0	0	0	0	0	0	0
121074	13 Oct 25	13:58:00	1	0	60	0	Ct	0	1	1	0	2	0	0	0	0	0	0	0	0	0	2	0	0	1	1	0	0	3	0	0	0	0	0	0	0	0	0	0	0	0
121075	13 Oct 25	13:59:00	1	0	60	0	Ct	0	1	2	0	2	0	0	0	0	0	0	0	0	0	2	0	0	1	2	0	0	1	0	0	0	0	0	0	0	0	0	0	0	0
121076	13 Oct 25	14:00:00	1	0	60	0	Ct	0	1	2	0	2	0	0	0	0	0	0	0	0	0	3	0	0	1	2	0	0	0	0	0	0	0	0	0	0	0	0	0	0	0
121077	13 Oct 25	14:01:00	1	0	60	0	Ct	0	1	1	0	2	0	0	0	0	0	0	0	0	0	2	0	0	2	2	0	0	4	0	0	0	0	0	0	0	0	0	0	0	0
121078	13 Oct 25	14:02:00	1	0	60	0	Ct	0	1	1	0	0	0	0	0	0	0	0	0	0	0	2	0	0	0	4	0	0	0	0	0	0	0	0	0	0	0	0	0	0	0
121079	13 Oct 25	14:03:00	1	0	60	0	Ct	0	1	1	0	3	0	0	0	0	0	0	1	0	0	0	0	0	1	2	0	0	1	0	0	0	0	0	0	0	0	0	0	0	0
121080	13 Oct 25	14:04:00	1	0	60	0	Ct	0	1	1	0	1	0	0	0	0	0	0	2	0	0	1	0	0	2	3	0	0	1	0	0	0	0	0	0	0	0	0	0	0	0
121081	13 Oct 25	14:05:00	1	0	60	0	Ct	0	1	0	0	2	0	0	0	0	0	0	0	0	0	0	0	0	3	2	0	0	0	0	0	0	0	0	0	0	0	0	0	0	0
121082	13 Oct 25	14:06:00	1	0	60	0	Ct	0	1	1	0	1	0	0	0	0	0	0	6	0	0	0	0	0	1	2	0	0	0	0	0	0	0	0	0	0	0	0	0	0	0
121083	13 Oct 25	14:07:00	1	0	60	0	Ct	0	1	1	0	1	0	0	0	0	0	0	0	0	0	2	0	0	3	1	0	0	0	0	0	0	0	0	0	0	0	0	0	0	0
121084	13 Oct 25	14:08:00	1	0	60	0	Ct	0	1	2	0	1	0	0	0	0	0	0	0	0	0	2	0	0	2	2	0	0	0	0	0	0	0	0	0	0	0	5	0	0	0
121085	13 Oct 25	14:09:00	1	0	60	0	Ct	0	1	1	0	0	0	0	0	0	0	0	0	0	0	1	0	0	2	2	0	0	1	0	0	0	0	0	0	0	0	26	0	0	0
121086	13 Oct 25	14:10:00	1	0	60	0	Ct	0	1	1	0	1	0	0	0	0	0	0	0	0	0	2	0	0	0	3	0	0	1	0	0	0	0	0	0	0	0	11	0	0	0
121087	13 Oct 25	14:11:00	1	0	60	0	Ct	0	1	4	0	2	0	0	0	0	0	0	0	0	0	2	0	0	0	3	0	0	0	0	0	0	0	0	0	0	0	0	0	0	0
121088	13 Oct 25	14:12:00	1	0	60	0	Ct	0	1	3	0	0	0	0	0	0	0	0	0	0	2	2	0	0	2	3	0	0	2	0	0	0	0	0	0	0	0	0	0	0	0
121089	13 Oct 25	14:13:00	1	0	60	0	Ct	0	1	1	0	1	0	0	0	0	0	0	0	0	0	1	0	0	1	2	0	0	1	0	0	0	0	0	0	0	0	0	0	0	0
121090	13 Oct 25	14:14:00	1	0	60	0	Ct	0	1	3	0	1	0	0	0	0	1	0	0	0	7	2	0	0	1	2	0	0	1	0	0	0	0	0	0	0	0	0	0	0	0
121091	13 Oct 25	14:15:00	1	0	60	0	Ct	0	1	2	0	1	0	0	0	0	2	0	0	0	5	0	0	0	1	3	0	0	0	0	0	0	0	0	0	0	0	0	0	0	0
121092	13 Oct 25	14:16:00	1	0	60	0	Ct	0	1	2	0	3	0	0	0	0	2	0	0	0	0	2	0	0	1	1	0	0	1	0	0	0	0	0	0	0	0	0	0	0	0
121093	13 Oct 25	14:17:00	1	0	60	0	Ct	0	1	1	0	0	0	0	0	0	3	0	0	0	0	1	0	0	2	2	0	0	0	0	0	0	0	0	0	0	0	0	0	0	0
121094	13 Oct 25	14:18:00	1	0	60	0	Ct	0	1	1	0	1	0	0	0	0	2	0	0	0	0	2	0	0	2	5	0	0	0	0	0	0	0	0	0	0	0	0	0	0	0
121095	13 Oct 25	14:19:00	1	0	60	0	Ct	0	1	0	0	3	0	0	0	0	4	0	0	0	0	4	0	0	1	0	0	0	0	0	0	0	0	0	0	0	0	0	0	0	0
121096	13 Oct 25	14:20:00	1	0	60	0	Ct	0	1	0	0	14	0	0	0	0	1	0	0	0	0	1	0	0	2	2	0	0	0	0	0	0	0	0	0	0	0	0	0	0	0
121097	13 Oct 25	14:21:00	1	0	60	0	Ct	0	1	0	0	2	0	0	0	0	0	0	0	0	0	2	0	0	1	1	0	0	0	0	0	0	0	0	0	0	0	0	0	0	0
121098	13 Oct 25	14:22:00	1	0	60	0	Ct	0	1	1	0	2	0	0	0	0	0	0	1	0	0	2	0	0	2	1	0	0	0	0	0	0	0	0	0	0	0	0	0	0	0
121099	13 Oct 25	14:23:00	1	0	60	0	Ct	0	1	0	0	2	0	0	0	0	0	0	1	0	0	0	0	0	2	2	0	0	0	0	0	0	0	0	0	0	0	0	0	0	0
121100	13 Oct 25	14:24:00	1	0	60	0	Ct	0	1	2	0	2	0	0	0	0	0	0	1	0	0	2	0	0	2	1	0	0	0	0	0	0	0	0	0	0	0	0	0	0	0
121101	13 Oct 25	14:25:00	1	0	60	0	Ct	0	1	1	0	1	0	0	0	0	0	0	2	0	0	1	0	0	1	2	0	0	0	0	0	0	0	0	0	0	0	0	0	0	0
121102	13 Oct 25	14:26:00	1	0	60	0	Ct	0	1	1	0	0	0	0	0	0	0	0	2	0	0	2	0	0	1	1	0	2	0	0	0	0	0	0	0	0	0	0	0	0	0
121103	13 Oct 25	14:27:00	1	0	60	0	Ct	0	1	2	0	0	0	0	0	0	0	0	4	0	0	2	0	0	0	0	0	0	1	0	0	0	0	0	0	0	0	0	0	0	0
121104	13 Oct 25	14:28:00	1	0	60	0	Ct	0	1	1	0	1	0	0	0	0	0	0	2	0	0	1	0	0	1	1	0	0	1	0	0	0	0	0	0	0	0	0	0	0	0
121105	13 Oct 25	14:29:00	1	0	60	0	Ct	0	1	2	0	1	3	0	0	0	0	0	3	0	3	0	0	0	0	2	0	0	4	0	0	0	0	0	0	0	0	0	0	0	0
121106	13 Oct 25	14:30:00	1	0	60	0	Ct	0	1	1	0	2	1	0	0	0	0	0	4	0	4	2	0	0	0	4	0	0	6	0	0	0	0	0	0	0	3	0	0	0	0
121107	13 Oct 25	14:31:00	1	0	60	0	Ct	0	1	1	0	0	1	0	0	0	0	0	1	0	3	1	0	0	0	1	0	0	0	0	0	0	0	0	0	0	0	0	1	0	0
121108	13 Oct 25	14:32:00	1	0	60	0	Ct	0	1	3	0	0	0	1	0	0	0	0	1	0	0	0	0	0	0	3	0	0	1	0	0	0	0	0	0	0	0	1	0	0	0
121109	13 Oct 25	14:33:00	1	0	60	0	Ct	0	1	0	0	1	1	3	0	0	0	0	5	0	0	1	0	0	1	1	0	0	1	0	0	0	0	0	0	0	0	5	0	0	0
121110	13 Oct 25	14:34:00	1	0	60	0	Ct	0	1	0	0	2	0	0	0	0	0	0	2	0	0	2	0	0	2	3	0	0	0	0	0	0	0	0	0	0	0	0	1	0	0
121111	13 Oct 25	14:35:00	1	0	60	0	Ct	0	1	3	0	3	1	0	0	0	0	0	4	0	0	1	0	0	1	2	0	0	0	0	0	0	0	0	0	0	0	0	0	0	0
121112	13 Oct 25	14:36:00	1	0	60	0	Ct	0	1	0	0	1	0	2	0	0	0	0	2	0	0	3	0	0	2	1	0	0	0	0	0	0	0	0	0	0	0	0	0	0	0
121113	13 Oct 25	14:37:00	1	0	60	0	Ct	0	1	0	0	2	0	0	0	0	0	0	1	0	0	1	0	0	1	2	0	0	1	0	0	0	0	0	0	0	0	0	0	0	0
121114	13 Oct 25	14:38:00	1	0	60	0	Ct	0	1	0	0	0	1	2	0	0	0	0	1	0	0	0	0	0	2	2	0	0	1	0	0	0	0	0	0	0	0	0	0	0	0
121115	13 Oct 25	14:39:00	1	0	60	0	Ct	0	1	0	0	1	1	0	0	0	0	0	2	0	0	1	0	0	2	2	0	0	0	0	0	0	0	0	0	0	0	0	0	0	0
121116	13 Oct 25	14:40:00	1	0	60	0	Ct	0	1	0	0	0	0	2	0	0	1	0	1	0	0	2	0	0	2	1	0	0	1	0	0	0	0	0	0	0	0	0	0	0	0
121117	13 Oct 25	14:41:00	1	0	60	0	Ct	0	1	0	0	1	0	2	0	0	1	0	1	0	0	1	0	0	1	1	0	0	0	0	0	0	0	0	0	0	0	0	0	0	0
121118	13 Oct 25	14:42:00	1	0	60	0	Ct	0	1	0	0	1	0	2	0	0	0	0	1	0	0	4	0	0	1	3	0	0	0	0	0	0	0	0	0	0	0	3	0	0	0
121119	13 Oct 25	14:43:00	1	0	60	0	Ct	0	1	0	0	1	1	3	0	0	0	0	2	0	0	0	0	0	2	1	0	0	0	0	0	0	0	0	0	0	0	0	1	0	0
121120	13 Oct 25	14:44:00	1	0	60	0	Ct	0	1	0	0	2	2	7	0	0	1	0	2	0	0	1	0	0	1	1	0	0	1	0	0	0	0	0	0	0	0	0	4	0	0
121121	13 Oct 25	14:45:00	1	0	60	0	Ct	0	1	0	0	1	2	1	0	0	0	0	2	0	0	0	0	0	1	2	0	0	0	0	0	0	0	0	0	0	0	0	1	0	0
121122	13 Oct 25	14:46:00	1	0	60	0	Ct	0	1	0	0	1	0	2	0	0	0	0	1	0	2	0	0	0	1	0	0	0	0	0	0	0	0	0	0	0	0	0	0	0	0
121123	13 Oct 25	14:47:00	1	0	60	0	Ct	0	1	0	0	2	1	2	0	0	0	0	1	0	0	2	0	0	1	0	0	0	1	0	0	0	0	0	0	0	0	0	2	0	0
121124	13 Oct 25	14:48:00	1	0	60	0	Ct	0	1	0	0	0	0	4	0	0	0	0	4	0	0	3	0	0	0	2	0	0	1	0	0	0	0	0	0	0	0	0	16	0	0
121125	13 Oct 25	14:49:00	1	0	60	0	Ct	0	1	0	0	1	1	2	0	0	0	0	2	0	0	2	0	0	4	2	0	2	1	0	0	0	0	0	0	0	5	0	5	0	0
121126	13 Oct 25	14:50:00	1	0	60	0	Ct	0	1	1	0	2	0	3	0	0	0	0	1	0	5	1	0	0	1	1	0	2	1	0	0	0	0	0	0	0	3	0	3	0	0
121127	13 Oct 25	14:51:00	1	0	60	0	Ct	0	1	1	0	2	0	7	0	0	0	0	2	0	1	2	0	0	0	3	0	2	0	0	0	0	0	0	0	5	3	0	0	0	0
121128	13 Oct 25	14:52:00	1	0	60	0	Ct	0	1	0	0	2	0	2	0	0	0	0	2	0	1	2	0	0	2	0	0	2	2	0	0	0	0	0	0	0	0	0	0	0	0
121129	13 Oct 25	14:53:00	1	0	60	0	Ct	0	1	0	0	1	0	3	0	0	1	0	11	0	0	1	0	0	0	1	0	2	3	0	0	0	0	0	0	10	0	0	0	0	0
121130	13 Oct 25	14:54:00	1	0	60	0	Ct	0	1	0	0	1	0	3	0	0	1	0	1	0	0	1	0	0	2	0	0	2	0	0	0	0	0	0	0	4	0	0	0	0	0
121131	13 Oct 25	14:55:00	1	0	60	0	Ct	0	1	0	0	2	0	4	0	0	0	0	1	0	1	4	0	0	2	1	0	3	2	1	0	0	0	0	0	0	0	0	0	0	0
121132	13 Oct 25	14:56:00	1	0	60	0	Ct	0	1	0	0	1	0	3	0	0	0	0	0	0	6	2	0	0	1	0	0	2	0	0	0	0	0	0	0	4	0	0	0	0	0
121133	13 Oct 25	14:57:00	1	0	60	0	Ct	0	1	0	0	0	0	2	0	0	3	0	1	0	8	0	0	0	1	0	0	2	0	1	0	0	0	0	0	18	0	0	1	0	0
121134	13 Oct 25	14:58:00	1	0	60	0	Ct	0	1	0	0	1	0	2	0	0	2	0	0	0	20	0	0	0	0	0	0	3	0	0	0	0	0	0	0	0	6	0	0	0	0
121135	13 Oct 25	14:59:00	1	0	60	0	Ct	0	1	0	0	1	0	3	0	0	0	0	1	0	10	0	0	0	0	0	0	2	1	0	0	0	0	0	0	0	0	0	1	0	0
121136	13 Oct 25	15:00:00	1	0	60	0	Ct	0	1	0	0	0	0	3	0	0	17	0	3	0	0	0	0	0	0	0	0	2	1	0	0	0	0	0	0	0	0	0	1	0	0
121137	13 Oct 25	15:01:00	1	0	60	0	Ct	0	1	0	0	0	0	2	0	0	25	0	2	0	1	0	0	0	0	0	0	2	1	0	0	0	0	0	0	0	0	0	3	0	0
121138	13 Oct 25	15:02:00	1	0	60	0	Ct	0	1	0	0	3	0	2	0	0	2	0	3	0	1	0	0	0	0	0	0	2	0	0	0	0	0	0	0	0	0	0	13	0	0
121139	13 Oct 25	15:03:00	1	0	60	0	Ct	0	1	0	0	1	0	2	0	0	0	0	2	0	0	0	0	0	0	3	0	2	2	0	0	0	0	0	0	0	0	0	2	0	0
121140	13 Oct 25	15:04:00	1	0	60	0	Ct	0	1	0	0	1	0	2	0	0	0	0	2	0	0	0	0	0	0	10	0	2	1	0	0	0	0	0	0	0	0	0	1	0	0
121141	13 Oct 25	15:05:00	1	0	60	0	Ct	0	1	0	0	0	0	4	0	0	0	0	2	0	0	4	0	0	1	18	0	3	0	0	0	0	0	0	0	0	0	0	1	0	0
121142	13 Oct 25	15:06:00	1	0	60	0	Ct	0	1	0	0	0	0	4	0	0	0	0	1	0	0	2	0	0	3	2	0	2	1	0	0	0	0	0	0	0	0	0	1	0	0
121143	13 Oct 25	15:07:00	1	0	60	0	Ct	0	1	0	0	0	0	2	0	0	0	0	2	0	1	2	0	0	0	4	0	2	0	0	0	0	0	0	0	0	0	5	0	0	0
121144	13 Oct 25	15:08:00	1	0	60	0	Ct	0	1	0	0	1	0	2	0	0	0	0	1	0	13	0	0	0	3	2	0	3	0	0	0	0	0	0	0	0	0	10	0	0	0
121145	13 Oct 25	15:09:00	1	0	60	0	Ct	0	1	0	0	18	0	3	0	0	0	0	2	0	3	0	0	0	2	3	0	3	2	0	0	0	0	0	0	0	0	15	0	0	0
121146	13 Oct 25	15:10:00	1	0	60	0	Ct	0	1	0	0	1	0	1	0	0	0	0	2	0	3	0	0	0	2	2	0	2	3	0	0	0	0	0	0	0	0	0	0	0	0
121147	13 Oct 25	15:11:00	1	0	60	0	Ct	0	1	0	0	0	0	2	0	0	0	0	1	0	1	2	0	0	2	2	0	3	0	0	0	0	0	0	0	0	0	0	0	0	0
121148	13 Oct 25	15:12:00	1	0	60	0	Ct	0	1	0	0	0	1	1	0	0	0	0	0	0	8	0	0	0	2	4	0	5	1	0	0	0	0	0	0	0	0	0	0	0	0
121149	13 Oct 25	15:13:00	1	0	60	0	Ct	0	1	0	0	0	2	2	0	0	0	0	1	0	2	0	0	0	1	1	0	3	0	0	0	0	0	0	0	0	0	8	0	0	0
121150	13 Oct 25	15:14:00	1	0	60	0	Ct	0	1	0	0	0	0	2	0	0	0	0	2	0	8	0	0	0	2	0	0	3	0	0	0	0	0	0	0	0	0	0	0	0	0
121151	13 Oct 25	15:15:00	1	0	60	0	Ct	0	1	0	0	1	2	4	0	0	0	0	2	0	8	2	0	0	3	0	0	4	0	0	0	0	0	0	0	0	0	0	0	0	0
121152	13 Oct 25	15:16:00	1	0	60	0	Ct	0	1	0	0	0	3	5	0	0	0	0	1	0	2	0	0	0	2	0	0	3	0	0	0	0	0	0	0	0	0	0	0	0	0
121153	13 Oct 25	15:17:00	1	0	60	0	Ct	0	1	0	0	2	4	2	0	0	0	0	3	0	2	2	0	0	3	2	0	2	0	0	0	0	0	0	0	0	0	0	0	0	0
121154	13 Oct 25	15:18:00	1	0	60	0	Ct	0	1	0	0	0	1	2	0	0	0	0	1	0	5	3	0	0	1	4	0	2	0	0	0	0	0	0	0	0	0	0	0	0	0
121155	13 Oct 25	15:19:00	1	0	60	0	Ct	0	1	0	0	3	1	2	0	0	0	0	0	0	1	0	0	0	1	2	0	2	0	0	0	0	0	0	0	0	0	0	0	0	0
121156	13 Oct 25	15:20:00	1	0	60	0	Ct	0	1	0	0	2	0	2	0	0	0	0	2	0	0	3	0	0	2	2	0	2	0	0	0	0	0	0	0	0	1	0	0	0	0
121157	13 Oct 25	15:21:00	1	0	60	0	Ct	0	1	0	0	2	0	2	0	0	0	0	2	0	0	4	0	0	1	2	0	2	0	0	0	0	0	0	0	0	0	0	0	0	0
121158	13 Oct 25	15:22:00	1	0	60	0	Ct	0	1	0	0	2	0	2	0	0	0	0	2	0	6	2	0	0	3	1	0	2	0	0	0	0	0	0	0	0	0	0	0	0	0
121159	13 Oct 25	15:23:00	1	0	60	0	Ct	0	1	0	0	1	0	2	0	0	0	0	0	0	0	0	0	0	2	2	0	2	0	0	0	0	0	0	0	0	0	0	0	0	0
121160	13 Oct 25	15:24:00	1	0	60	0	Ct	0	1	0	0	2	0	8	0	0	0	0	1	0	0	0	0	0	2	3	0	2	0	0	0	0	0	0	0	0	0	0	0	0	0
121161	13 Oct 25	15:25:00	1	0	60	0	Ct	0	1	0	0	3	0	14	0	0	0	0	2	0	0	0	0	0	2	1	0	1	0	0	0	0	0	0	0	0	0	0	0	0	0
121162	13 Oct 25	15:26:00	1	0	60	0	Ct	0	1	0	0	1	0	2	0	0	0	0	2	0	0	0	1	0	2	1	0	1	0	0	0	0	0	0	0	0	0	0	0	0	0
121163	13 Oct 25	15:27:00	1	0	60	0	Ct	0	1	0	0	2	0	2	0	0	0	0	0	0	0	1	1	0	1	2	0	4	0	0	0	0	0	0	0	0	0	0	0	0	0
121164	13 Oct 25	15:28:00	1	0	60	0	Ct	0	1	0	0	2	0	1	0	0	0	0	4	0	1	0	0	0	1	2	0	3	0	0	0	0	0	0	0	0	0	0	0	0	0
121165	13 Oct 25	15:29:00	1	0	60	0	Ct	0	1	0	0	0	0	2	0	0	2	0	1	0	0	2	0	0	0	2	0	3	0	0	0	0	0	0	0	0	0	0	0	0	0
121166	13 Oct 25	15:30:00	1	0	60	0	Ct	0	1	0	0	2	0	1	0	0	0	0	0	0	3	0	0	0	3	1	0	1	0	0	0	0	0	0	0	0	0	0	0	0	0
121167	13 Oct 25	15:31:00	1	0	60	0	Ct	0	1	0	0	2	0	2	0	0	0	0	0	0	13	0	2	0	1	1	0	2	0	0	0	0	0	0	0	0	0	0	0	0	0
121168	13 Oct 25	15:32:00	1	0	60	0	Ct	0	1	0	0	1	0	2	0	0	0	0	0	0	0	0	0	0	2	1	0	2	0	3	0	0	0	0	0	0	0	0	0	0	0
121169	13 Oct 25	15:33:00	1	0	60	0	Ct	0	1	0	0	6	0	2	0	0	0	0	1	0	8	0	2	0	2	1	0	0	0	0	0	0	0	0	0	0	2	0	0	0	0
121170	13 Oct 25	15:34:00	1	0	60	0	Ct	0	1	0	0	18	0	2	0	0	0	0	0	0	2	0	1	0	2	1	0	0	4	0	0	0	0	0	0	0	0	0	1	0	0
121171	13 Oct 25	15:35:00	1	0	60	0	Ct	0	1	0	0	1	0	2	0	0	0	0	2	0	0	0	1	0	1	3	0	0	0	0	0	0	0	0	0	0	0	0	3	0	0
121172	13 Oct 25	15:36:00	1	0	60	0	Ct	0	1	0	0	0	0	2	0	0	0	0	1	0	0	0	1	0	1	2	0	0	0	0	0	0	0	0	0	0	0	4	1	0	0
121173	13 Oct 25	15:37:00	1	0	60	0	Ct	0	1	0	0	0	0	1	0	0	0	0	0	0	0	0	2	0	0	0	0	2	0	0	0	0	0	0	0	0	0	0	0	0	0
121174	13 Oct 25	15:38:00	1	0	60	0	Ct	0	1	1	0	2	2	3	0	0	0	0	1	0	0	0	1	0	2	0	0	1	0	1	0	0	0	0	0	0	0	0	0	0	0
121175	13 Oct 25	15:39:00	1	0	60	0	Ct	0	1	2	0	2	2	1	0	0	0	0	0	0	1	0	2	0	2	1	0	4	0	1	0	0	0	0	0	0	2	0	0	0	0
121176	13 Oct 25	15:40:00	1	0	60	0	Ct	0	1	2	0	1	2	3	0	0	0	0	0	0	2	1	0	0	0	3	0	1	0	0	0	0	0	0	0	0	1	0	2	0	0
121177	13 Oct 25	15:41:00	1	0	60	0	Ct	0	1	1	0	2	0	7	0	0	0	0	1	0	2	1	2	0	0	1	0	3	0	0	0	0	0	0	0	0	0	0	0	0	0
121178	13 Oct 25	15:42:00	1	0	60	0	Ct	0	1	2	0	1	0	2	0	0	0	0	2	0	3	0	1	0	1	1	0	2	0	0	0	0	0	0	0	0	0	0	0	0	0
121179	13 Oct 25	15:43:00	1	0	60	0	Ct	0	1	0	2	2	0	2	0	0	0	0	2	0	1	0	1	0	2	0	0	2	0	0	1	0	0	0	0	0	2	0	0	0	0
121180	13 Oct 25	15:44:00	1	0	60	0	Ct	0	1	1	2	0	0	2	0	0	0	0	0	0	1	0	2	0	3	1	0	2	0	0	0	0	0	0	0	0	3	0	0	0	0
121181	13 Oct 25	15:45:00	1	0	60	0	Ct	0	1	1	0	2	0	1	0	0	0	0	3	0	1	0	0	0	2	0	0	2	0	0	0	0	0	0	0	0	0	0	0	0	0
121182	13 Oct 25	15:46:00	1	0	60	0	Ct	0	1	0	0	1	0	2	0	0	0	0	1	0	3	0	2	0	2	0	0	2	0	0	0	0	0	0	0	0	4	0	0	0	0
121183	13 Oct 25	15:47:00	1	0	60	0	Ct	0	1	0	0	0	0	1	0	0	0	0	2	0	2	0	2	0	2	1	0	1	0	0	0	0	0	0	0	0	1	0	1	0	0
121184	13 Oct 25	15:48:00	1	0	60	0	Ct	0	1	0	0	1	0	1	0	0	0	0	2	0	2	0	8	0	3	0	0	1	0	0	0	0	0	0	0	0	1	0	1	0	0
121185	13 Oct 25	15:49:00	1	0	60	0	Ct	0	1	0	0	2	0	3	0	0	0	0	2	0	3	0	0	0	1	0	0	3	0	0	0	0	0	0	0	0	3	0	0	0	0
121186	13 Oct 25	15:50:00	1	0	60	0	Ct	0	1	0	0	1	0	2	0	0	0	0	4	0	0	0	2	0	2	7	0	2	0	0	0	2	0	0	0	0	2	0	1	0	0
121187	13 Oct 25	15:51:00	1	0	60	0	Ct	0	1	0	0	1	0	1	0	0	0	0	1	0	2	0	0	0	2	2	0	2	0	0	0	0	0	0	0	0	1	0	0	0	0
121188	13 Oct 25	15:52:00	1	0	60	0	Ct	0	1	0	0	0	0	3	0	0	0	0	2	0	0	0	1	0	0	0	0	1	0	0	0	2	0	0	0	0	0	0	3	0	0
121189	13 Oct 25	15:53:00	1	0	60	0	Ct	0	1	0	0	0	0	1	0	0	0	0	0	0	2	0	1	0	1	0	0	3	0	0	0	1	0	0	0	0	3	0	0	0	0
121190	13 Oct 25	15:54:00	1	0	60	0	Ct	0	1	0	0	1	1	1	0	0	0	0	0	0	3	0	0	0	0	1	0	3	0	0	0	2	0	0	0	0	0	0	3	0	0
121191	13 Oct 25	15:55:00	1	0	60	0	Ct	0	1	0	0	2	2	3	0	0	0	0	1	0	2	0	2	0	1	7	0	2	0	0	0	2	0	0	0	0	2	0	3	0	0
121192	13 Oct 25	15:56:00	1	0	60	0	Ct	0	1	0	0	5	2	2	0	0	0	0	1	0	1	1	0	0	1	0	0	1	0	0	0	1	0	0	0	0	1	0	0	0	0
121193	13 Oct 25	15:57:00	1	0	60	0	Ct	0	1	0	0	2	2	2	0	0	0	0	1	0	3	1	0	0	3	2	0	2	0	0	0	2	0	0	0	0	1	0	0	0	0
121194	13 Oct 25	15:58:00	1	0	60	0	Ct	0	1	0	0	7	4	3	0	0	0	0	1	0	3	0	0	0	0	2	0	3	0	0	4	2	0	0	0	0	0	0	0	0	0
121195	13 Oct 25	15:59:00	1	0	60	0	Ct	0	1	0	0	1	2	1	0	0	0	0	0	0	10	0	0	0	2	1	0	0	0	0	2	2	0	0	0	0	2	4	0	0	0
121196	13 Oct 25	16:00:00	1	0	60	0	Ct	0	1	0	0	0	1	1	0	0	0	0	0	0	2	0	0	0	1	0	0	2	0	0	0	2	0	0	0	0	0	0	2	0	0
121197	13 Oct 25	16:01:00	1	0	60	0	Ct	0	1	0	0	0	1	1	0	0	0	0	2	0	2	0	0	0	0	1	0	2	0	2	0	5	0	0	0	0	0	0	0	0	0
121198	13 Oct 25	16:02:00	1	0	60	0	Ct	0	1	0	0	0	0	1	0	0	0	0	3	0	1	0	0	0	1	0	0	2	0	0	0	3	0	0	0	0	0	0	1	0	0
121199	13 Oct 25	16:03:00	1	0	60	0	Ct	0	1	0	0	0	0	1	0	0	1	0	2	0	8	0	0	0	3	1	0	2	0	0	0	2	0	0	0	0	0	0	2	0	0
121200	13 Oct 25	16:04:00	1	0	60	0	Ct	0	1	0	0	0	0	3	0	0	3	0	3	0	2	0	0	0	1	7	0	2	0	0	0	3	0	0	0	0	2	0	1	0	0
121201	13 Oct 25	16:05:00	1	0	60	0	Ct	0	1	0	0	2	0	2	0	0	0	0	2	0	2	0	0	0	2	1	0	0	0	2	0	2	0	0	0	0	2	0	1	0	0
121202	13 Oct 25	16:06:00	1	0	60	0	Ct	0	1	0	0	0	0	3	0	0	0	0	0	0	3	0	0	0	1	1	0	0	0	3	0	3	0	0	0	0	0	0	2	0	1
121203	13 Oct 25	16:07:00	1	0	60	0	Ct	0	1	0	0	0	0	3	0	0	1	0	2	0	1	0	0	0	2	0	0	0	0	0	0	2	0	0	0	0	2	0	2	0	0
121204	13 Oct 25	16:08:00	1	0	60	0	Ct	0	1	0	0	2	0	2	0	0	2	0	5	0	4	0	0	0	0	1	0	2	0	0	0	2	0	0	0	0	2	2	1	0	1
121205	13 Oct 25	16:09:00	1	0	60	0	Ct	0	1	0	0	1	0	1	0	0	1	0	9	0	1	0	0	0	2	2	0	2	0	0	0	5	0	0	0	0	1	0	2	0	0
121206	13 Oct 25	16:10:00	1	0	60	0	Ct	0	1	0	0	1	0	3	0	0	0	0	1	0	1	0	0	0	0	1	0	2	0	0	0	3	0	0	0	0	0	0	2	0	0
121207	13 Oct 25	16:11:00	1	0	60	0	Ct	0	1	0	0	2	0	2	0	0	0	0	4	0	0	0	0	0	2	2	0	2	0	0	4	1	0	1	0	0	0	8	3	0	0
121208	13 Oct 25	16:12:00	1	0	60	0	Ct	0	1	0	0	1	0	4	0	0	0	0	2	0	2	0	0	0	3	2	0	1	0	0	1	2	0	1	0	0	0	5	0	0	0
121209	13 Oct 25	16:13:00	1	0	60	0	Ct	0	1	0	0	2	0	5	0	0	0	0	1	0	2	0	0	0	1	2	0	4	0	0	0	5	0	0	0	0	0	0	1	0	0
121210	13 Oct 25	16:14:00	1	0	60	0	Ct	0	1	0	0	2	0	1	0	0	0	0	1	0	2	0	0	0	0	0	0	3	0	0	0	2	0	0	0	0	0	0	2	0	0
121211	13 Oct 25	16:15:00	1	0	60	0	Ct	0	1	0	0	0	0	3	0	0	0	0	1	0	3	0	0	0	1	0	0	0	0	0	0	2	0	3	0	0	0	0	1	0	0
121212	13 Oct 25	16:16:00	1	0	60	0	Ct	0	1	0	0	0	0	1	0	0	0	0	0	0	2	0	0	0	1	2	0	2	0	0	0	0	0	0	0	0	1	0	2	0	0
121213	13 Oct 25	16:17:00	1	0	60	0	Ct	0	1	0	0	0	0	0	0	0	0	0	1	0	1	1	0	0	2	2	0	0	0	0	1	3	0	0	0	0	4	0	0	0	0
121214	13 Oct 25	16:18:00	1	0	60	0	Ct	0	1	0	0	0	0	2	0	0	0	0	1	0	1	0	0	0	1	3	0	0	1	0	2	3	0	0	0	0	7	0	0	0	0
121215	13 Oct 25	16:19:00	1	0	60	0	Ct	0	1	0	0	0	0	2	0	0	0	0	0	0	2	0	0	0	2	1	0	2	0	0	0	2	0	0	0	0	8	0	0	0	0
121216	13 Oct 25	16:20:00	1	0	60	0	Ct	0	1	0	0	0	1	0	0	0	1	0	1	0	3	0	0	0	1	1	0	1	7	0	1	2	0	0	0	0	0	0	1	0	0
121217	13 Oct 25	16:21:00	1	0	60	0	Ct	0	1	0	1	0	2	2	0	0	0	0	0	0	0	0	0	0	0	3	0	2	1	0	4	5	0	0	0	0	0	0	3	0	0
121218	13 Oct 25	16:22:00	1	0	60	0	Ct	0	1	0	0	2	6	0	0	0	1	0	0	0	0	0	0	0	2	1	0	4	0	0	2	3	0	1	0	0	0	0	0	0	0
121219	13 Oct 25	16:23:00	1	0	60	0	Ct	0	1	0	0	2	3	2	0	0	2	0	0	0	0	1	0	0	2	2	0	2	0	0	0	2	0	3	0	0	2	0	2	0	0
121220	13 Oct 25	16:24:00	1	0	60	0	Ct	0	1	0	0	3	1	0	0	0	0	0	0	0	1	1	0	0	0	0	0	3	1	1	0	1	0	2	0	0	5	0	3	0	0
121221	13 Oct 25	16:25:00	1	0	60	0	Ct	0	1	0	0	1	0	3	0	0	0	0	0	0	2	3	0	0	1	6	0	2	1	0	3	2	0	0	0	1	1	0	0	0	0
121222	13 Oct 25	16:26:00	1	0	60	0	Ct	0	1	0	0	2	0	2	0	0	1	0	0	0	1	1	0	0	2	1	0	2	1	0	3	2	0	2	0	6	1	0	0	0	0
121223	13 Oct 25	16:27:00	1	0	60	0	Ct	0	1	0	0	2	1	2	0	0	0	0	0	0	4	2	0	0	2	2	0	3	1	2	0	1	0	0	0	2	22	0	4	0	0
121224	13 Oct 25	16:28:00	1	0	60	0	Ct	0	1	0	6	0	1	1	0	0	1	0	2	0	1	2	0	0	3	1	0	4	1	0	0	0	0	1	0	0	0	0	0	0	0
121225	13 Oct 25	16:29:00	1	0	60	0	Ct	0	1	0	3	2	3	1	0	0	1	0	1	0	2	1	0	0	2	1	0	1	9	2	0	0	0	1	0	0	2	0	1	0	0
121226	13 Oct 25	16:30:00	1	0	60	0	Ct	0	1	0	1	2	0	2	0	0	1	0	1	0	0	2	0	0	2	1	0	0	1	5	0	0	0	2	0	0	3	0	1	0	0
121227	13 Oct 25	16:31:00	1	0	60	0	Ct	0	1	0	1	2	0	1	0	0	0	0	2	0	0	1	0	0	1	1	0	0	1	2	0	1	0	1	0	0	1	2	2	0	0
121228	13 Oct 25	16:32:00	1	0	60	0	Ct	0	1	0	2	0	0	0	0	0	0	0	1	0	0	2	0	0	0	0	0	2	0	2	0	2	0	3	0	2	3	0	0	0	0
121229	13 Oct 25	16:33:00	1	0	60	0	Ct	0	1	0	3	0	0	3	0	0	0	0	1	0	3	1	0	0	0	2	0	2	0	3	0	2	0	1	0	0	0	0	0	0	0
121230	13 Oct 25	16:34:00	1	0	60	0	Ct	0	1	0	4	0	0	1	0	0	0	0	0	0	8	2	0	0	2	2	0	0	0	1	2	3	0	3	0	3	0	0	1	0	0
121231	13 Oct 25	16:35:00	1	0	60	0	Ct	0	1	0	2	0	0	4	0	0	1	0	3	0	22	1	0	0	1	0	0	0	0	3	3	3	0	2	0	2	0	0	1	0	0
121232	13 Oct 25	16:36:00	1	0	60	0	Ct	0	1	0	4	1	0	2	0	0	0	0	3	0	1	0	1	0	0	0	0	0	8	2	3	3	0	1	0	2	0	0	1	0	1
121233	13 Oct 25	16:37:00	1	0	60	0	Ct	0	1	0	3	1	0	1	0	0	0	0	2	0	2	1	1	0	0	2	0	0	2	0	1	2	0	1	0	2	0	0	2	0	3
121234	13 Oct 25	16:38:00	1	0	60	0	Ct	0	1	0	4	0	0	2	0	0	0	0	2	0	2	0	0	0	2	1	0	0	2	2	2	2	0	1	0	2	0	0	3	0	4
121235	13 Oct 25	16:39:00	1	0	60	0	Ct	0	1	0	3	2	0	2	0	0	1	0	2	0	0	1	0	0	1	0	0	0	0	3	1	2	0	2	0	5	1	0	1	0	1
121236	13 Oct 25	16:40:00	1	0	60	0	Ct	0	1	0	3	2	0	2	0	0	0	0	2	0	4	1	0	0	3	0	0	0	1	3	2	2	0	1	0	1	2	0	0	0	0
121237	13 Oct 25	16:41:00	1	0	60	0	Ct	0	1	0	5	1	0	2	0	0	0	0	1	0	1	0	1	0	3	0	0	2	0	0	1	2	0	2	0	2	3	0	0	0	2
121238	13 Oct 25	16:42:00	1	0	60	0	Ct	0	1	0	3	2	0	2	0	0	0	0	2	0	2	0	1	0	1	0	0	1	2	5	2	1	0	1	0	2	1	0	0	0	3
121239	13 Oct 25	16:43:00	1	0	60	0	Ct	0	1	0	3	2	1	3	0	0	1	0	8	0	0	0	1	0	1	20	0	3	1	2	2	2	0	2	0	2	2	0	0	0	0
121240	13 Oct 25	16:44:00	1	0	60	0	Ct	0	1	0	3	2	2	1	0	0	0	0	1	0	3	0	2	0	0	10	0	2	0	2	1	2	0	1	2	2	8	0	0	0	2
121241	13 Oct 25	16:45:00	1	0	60	0	Ct	0	1	0	4	1	2	1	0	0	0	0	1	0	3	2	1	0	1	2	0	3	1	5	2	0	0	1	0	2	0	0	0	0	3
121242	13 Oct 25	16:46:00	1	0	60	0	Ct	0	1	0	4	3	5	2	0	0	0	0	0	0	0	1	0	0	1	1	0	1	1	2	2	1	0	2	2	2	0	0	0	0	2
121243	13 Oct 25	16:47:00	1	0	60	0	Ct	0	1	0	0	1	0	1	2	0	0	0	2	0	5	3	0	0	4	1	0	3	0	1	3	1	0	1	2	1	0	0	0	0	2
121244	13 Oct 25	16:48:00	1	0	60	0	Ct	0	1	0	8	7	2	1	0	0	1	0	1	0	1	0	2	0	1	2	0	1	1	3	2	2	0	1	2	5	1	0	0	0	3
121245	13 Oct 25	16:49:00	1	0	60	0	Ct	0	1	0	3	0	0	2	3	0	0	0	0	0	1	2	0	0	3	4	0	2	1	2	1	0	0	4	2	0	0	0	0	0	2
121246	13 Oct 25	16:50:00	1	0	60	0	Ct	0	1	0	1	1	0	2	1	0	0	0	0	0	0	2	2	0	1	1	0	2	1	1	1	0	0	1	3	2	1	0	0	0	2
121247	13 Oct 25	16:51:00	1	0	60	0	Ct	0	1	0	2	3	0	1	0	0	0	0	6	0	1	2	1	0	1	1	0	3	2	2	0	1	0	1	3	1	0	0	0	0	3
121248	13 Oct 25	16:52:00	1	0	60	0	Ct	0	1	0	0	1	2	1	0	0	0	0	1	0	2	2	1	0	2	1	0	2	2	0	1	1	0	2	4	1	1	0	0	0	3
121249	13 Oct 25	16:53:00	1	0	60	0	Ct	0	1	0	2	5	0	1	2	0	0	0	1	0	4	0	0	0	2	0	0	2	1	2	17	1	0	2	4	1	1	0	0	0	3
121250	13 Oct 25	16:54:00	1	0	60	0	Ct	0	1	0	2	1	0	3	0	0	0	0	0	0	1	0	1	0	0	0	0	3	0	4	19	1	0	2	2	2	1	0	0	0	1
121251	13 Oct 25	16:55:00	1	0	60	0	Ct	0	1	0	1	2	0	3	0	0	0	0	0	0	2	1	1	0	0	0	0	1	1	0	2	2	0	1	3	3	0	0	1	0	2
121252	13 Oct 25	16:56:00	1	0	60	0	Ct	0	1	0	4	16	0	1	2	0	0	0	0	2	2	0	0	0	1	2	0	3	1	2	4	2	0	1	6	3	1	0	1	0	3
121253	13 Oct 25	16:57:00	1	0	60	0	Ct	0	1	0	8	0	0	1	1	0	0	0	0	0	1	0	2	0	1	1	0	2	2	2	1	2	0	3	4	2	0	0	1	0	2
121254	13 Oct 25	16:58:00	1	0	60	0	Ct	0	1	0	2	2	5	3	2	0	0	0	0	0	0	0	2	2	2	3	0	2	0	2	2	4	0	2	3	0	0	0	0	0	1
121255	13 Oct 25	16:59:00	1	0	60	0	Ct	0	1	0	3	1	0	3	2	0	0	0	0	1	0	5	0	3	1	1	0	1	0	2	1	2	0	1	3	2	1	0	1	0	2
121256	13 Oct 25	17:00:00	1	0	60	0	Ct	0	1	0	2	1	2	2	1	0	0	0	0	3	0	0	0	0	1	3	0	1	2	1	2	2	0	3	4	0	2	0	0	0	5
121257	13 Oct 25	17:01:00	1	0	60	0	Ct	0	1	0	2	0	1	2	2	0	0	0	0	2	0	0	0	0	1	3	0	0	1	2	1	0	0	1	2	1	1	0	0	0	2
121258	13 Oct 25	17:02:00	1	0	60	0	Ct	0	1	0	0	0	0	0	1	0	0	0	0	14	0	0	0	0	2	0	0	0	3	0	1	0	0	1	5	7	1	0	0	0	1
121259	13 Oct 25	17:03:00	1	0	60	0	Ct	0	1	0	3	2	0	3	1	0	0	0	0	28	2	0	0	0	1	0	0	0	1	2	1	2	0	2	3	1	0	0	2	0	2
121260	13 Oct 25	17:04:00	1	0	60	0	Ct	0	1	0	1	2	2	2	2	0	1	0	5	1	0	0	0	0	1	2	0	2	1	2	1	1	0	2	2	4	2	0	0	0	0
121261	13 Oct 25	17:05:00	1	0	60	0	Ct	0	1	0	3	0	0	3	1	0	2	0	0	34	0	1	0	0	0	6	0	2	1	0	1	3	0	1	4	2	0	0	0	0	0
121262	13 Oct 25	17:06:00	1	0	60	0	Ct	0	1	0	2	2	2	2	1	0	1	0	3	50	0	1	0	0	1	3	0	6	1	0	1	2	0	3	4	1	1	0	2	0	1
121263	13 Oct 25	17:07:00	1	0	60	0	Ct	0	1	0	5	1	0	0	2	0	0	0	3	7	0	1	0	0	0	0	0	0	0	0	0	6	0	2	3	1	0	0	0	0	2
121264	13 Oct 25	17:08:00	1	0	60	0	Ct	0	1	0	1	3	0	1	0	0	0	0	8	0	0	1	0	0	0	1	0	2	0	3	1	1	0	1	2	0	0	0	1	0	1
121265	13 Oct 25	17:09:00	1	0	60	0	Ct	0	1	0	2	1	0	1	3	0	0	0	0	0	0	0	0	0	0	2	0	3	1	0	0	3	0	2	4	0	0	2	2	0	1
121266	13 Oct 25	17:10:00	1	0	60	0	Ct	0	1	0	3	0	0	2	1	0	0	0	0	0	0	2	0	0	2	1	0	1	0	0	0	2	0	1	2	4	0	14	2	0	2
121267	13 Oct 25	17:11:00	1	0	60	0	Ct	0	1	0	2	2	0	2	1	0	0	0	2	1	4	0	0	0	1	0	0	2	0	0	0	2	0	2	2	1	3	42	1	0	1
121268	13 Oct 25	17:12:00	1	0	60	0	Ct	0	1	0	2	3	0	4	4	0	0	0	3	0	1	2	0	0	1	0	0	0	0	0	1	2	0	0	2	0	0	12	0	0	3
121269	13 Oct 25	17:13:00	1	0	60	0	Ct	0	1	0	2	3	0	3	0	0	2	0	3	0	9	0	0	0	1	0	0	0	3	0	0	1	0	2	4	0	0	22	0	0	3
121270	13 Oct 25	17:14:00	1	0	60	0	Ct	0	1	0	2	3	3	0	2	0	0	0	2	0	5	0	0	0	2	0	0	0	1	0	0	2	0	3	1	0	0	0	1	0	2
121271	13 Oct 25	17:15:00	1	0	60	0	Ct	0	1	0	5	4	0	5	1	0	0	0	2	0	2	0	0	0	1	1	0	0	3	0	0	4	0	0	2	0	0	0	1	0	2
121272	13 Oct 25	17:16:00	1	0	60	0	Ct	0	1	0	1	2	0	1	8	0	0	0	1	0	0	1	0	0	3	2	0	0	0	0	2	1	0	2	4	0	0	0	8	0	4
121273	13 Oct 25	17:17:00	1	0	60	0	Ct	0	1	0	3	1	1	1	1	0	0	0	0	1	3	1	0	0	2	2	0	2	1	0	11	4	0	3	3	0	0	0	0	0	1
121274	13 Oct 25	17:18:00	1	0	60	0	Ct	0	1	0	3	1	0	18	6	0	1	0	0	0	3	1	0	0	1	2	0	0	1	0	5	1	0	1	4	0	1	0	7	0	3
121275	13 Oct 25	17:19:00	1	0	60	0	Ct	0	1	0	2	1	0	2	2	0	1	0	0	0	1	1	0	0	3	1	0	0	1	6	1	2	0	3	2	3	0	0	1	2	2
121276	13 Oct 25	17:20:00	1	0	60	0	Ct	0	1	0	2	0	0	0	1	0	0	0	0	0	1	1	0	0	1	1	0	0	0	1	0	8	0	1	4	2	1	0	1	0	3
121277	13 Oct 25	17:21:00	1	0	60	0	Ct	0	1	0	0	0	0	0	1	0	0	0	0	0	3	2	0	7	0	2	0	0	1	2	0	2	0	6	3	1	0	0	1	0	1
121278	13 Oct 25	17:22:00	1	0	60	0	Ct	0	1	0	3	2	0	1	1	0	0	0	0	0	29	1	0	0	2	2	0	0	0	3	0	2	0	6	6	1	0	1	0	3	5
121279	13 Oct 25	17:23:00	1	0	60	0	Ct	0	1	0	2	3	0	1	0	0	0	0	3	0	2	1	0	8	1	2	0	2	0	2	1	2	0	0	2	1	0	6	1	1	1
121280	13 Oct 25	17:24:00	1	0	60	0	Ct	0	1	0	1	3	0	2	0	0	0	0	1	0	1	0	0	0	3	2	0	2	0	0	0	2	0	0	0	6	0	8	0	0	1
121281	13 Oct 25	17:25:00	1	0	60	0	Ct	0	1	0	1	2	0	0	0	0	0	0	0	0	0	2	0	3	1	0	0	3	1	0	2	1	0	0	1	0	0	11	2	0	1
121282	13 Oct 25	17:26:00	1	0	60	0	Ct	0	1	0	1	1	0	0	0	0	0	0	1	0	0	1	0	0	0	1	0	1	1	2	2	2	0	0	3	0	0	2	2	0	1
121283	13 Oct 25	17:27:00	1	0	60	0	Ct	0	1	0	2	1	0	0	0	0	0	0	2	0	8	1	0	0	2	1	0	2	1	0	1	2	0	1	2	0	1	0	0	0	4
121284	13 Oct 25	17:28:00	1	0	60	0	Ct	0	1	1	0	1	0	0	0	0	0	0	0	0	1	1	0	0	2	0	0	0	0	0	1	1	0	1	4	0	1	0	0	0	1
121285	13 Oct 25	17:29:00	1	0	60	0	Ct	0	1	1	0	1	0	0	0	0	0	0	1	0	1	1	0	0	2	0	0	1	3	2	1	2	0	3	5	0	1	0	0	0	1
121286	13 Oct 25	17:30:00	1	0	60	0	Ct	0	1	0	2	0	0	0	0	0	0	0	4	0	1	1	0	0	1	0	0	1	1	2	1	1	0	3	1	0	0	1	2	0	2
121287	13 Oct 25	17:31:00	1	0	60	0	Ct	0	1	0	3	1	0	0	0	0	2	0	1	0	3	1	0	0	2	0	0	1	0	2	1	1	0	3	4	0	0	0	0	2	0
121288	13 Oct 25	17:32:00	1	0	60	0	Ct	0	1	2	1	2	0	0	0	0	0	0	1	0	1	0	1	3	0	0	0	4	18	1	1	3	0	2	3	1	0	0	1	0	1
121289	13 Oct 25	17:33:00	1	0	60	0	Ct	0	1	0	3	2	0	2	1	0	0	0	1	0	0	0	1	0	0	0	0	2	0	0	1	1	0	0	4	3	1	0	2	2	2
121290	13 Oct 25	17:34:00	1	0	60	0	Ct	0	1	0	1	3	0	2	1	0	0	0	4	6	1	0	0	0	0	0	0	2	0	0	3	1	0	2	2	1	0	0	0	2	1
121291	13 Oct 25	17:35:00	1	0	60	0	Ct	0	1	2	5	3	0	2	0	0	0	0	6	0	4	1	0	0	0	0	0	3	0	6	0	2	0	1	4	8	2	0	0	2	0
121292	13 Oct 25	17:36:00	1	0	60	0	Ct	0	1	1	0	3	0	5	0	0	0	0	1	0	1	1	0	0	1	10	0	5	0	0	2	2	0	3	2	0	1	0	2	2	1
121293	13 Oct 25	17:37:00	1	0	60	0	Ct	0	1	1	1	2	0	1	1	0	2	0	1	0	2	0	0	0	1	2	0	3	0	2	0	0	0	1	4	0	0	0	0	3	2
121294	13 Oct 25	17:38:00	1	0	60	0	Ct	0	1	1	0	1	0	4	1	0	3	0	5	0	0	0	0	0	0	2	0	1	0	0	2	3	0	2	1	1	2	0	0	2	2
121295	13 Oct 25	17:39:00	1	0	60	0	Ct	0	1	0	2	0	0	1	0	0	2	0	2	0	0	0	0	0	0	2	0	2	1	0	1	0	0	0	0	4	0	0	0	2	2
121296	13 Oct 25	17:40:00	1	0	60	0	Ct	0	1	2	3	3	0	4	3	0	3	0	2	0	1	0	0	0	0	1	0	2	3	0	1	0	0	2	1	2	0	0	2	2	2
121297	13 Oct 25	17:41:00	1	0	60	0	Ct	0	1	1	2	0	0	1	1	0	0	0	3	0	2	0	0	0	0	3	0	2	1	0	1	3	0	2	2	2	0	1	0	2	3
121298	13 Oct 25	17:42:00	1	0	60	0	Ct	0	1	2	3	1	0	2	1	0	0	0	0	0	0	0	0	0	0	4	0	0	2	0	1	1	0	1	11	1	0	0	0	0	1
121299	13 Oct 25	17:43:00	1	0	60	0	Ct	0	1	1	1	2	0	2	1	0	0	1	0	0	1	0	0	0	0	3	0	0	0	0	1	1	0	2	3	2	0	0	0	3	0
121300	13 Oct 25	17:44:00	1	0	60	0	Ct	0	1	0	4	1	0	2	1	0	0	1	6	0	2	0	0	0	0	2	0	0	1	0	1	2	0	2	3	3	0	0	0	2	0
121301	13 Oct 25	17:45:00	1	0	60	0	Ct	0	1	0	2	1	0	3	4	0	1	1	2	0	2	0	0	0	0	2	0	0	2	2	0	0	0	2	2	2	1	0	0	2	1
121302	13 Oct 25	17:46:00	1	0	60	0	Ct	0	1	0	1	1	0	1	2	0	1	2	2	0	1	0	0	0	0	1	0	0	0	0	2	0	0	2	3	2	1	1	0	1	1
121303	13 Oct 25	17:47:00	1	0	60	0	Ct	0	1	0	3	3	0	0	0	0	0	1	1	0	0	0	0	0	0	5	0	3	2	0	1	1	0	1	2	1	3	2	0	2	2
121304	13 Oct 25	17:48:00	1	0	60	0	Ct	0	1	0	1	1	0	2	0	0	2	2	0	0	4	0	0	0	2	0	0	2	6	0	0	1	0	0	3	1	0	3	0	2	1
121305	13 Oct 25	17:49:00	1	0	60	0	Ct	0	1	0	2	9	1	3	1	0	0	2	2	0	1	1	0	0	1	1	0	1	4	0	1	0	0	0	3	1	0	0	0	2	2
121306	13 Oct 25	17:50:00	1	0	60	0	Ct	0	1	0	2	1	0	5	6	0	1	2	4	0	1	3	0	0	2	2	0	1	0	0	1	0	0	1	0	0	2	0	0	2	1
121307	13 Oct 25	17:51:00	1	0	60	0	Ct	0	1	0	2	1	4	0	0	0	0	2	3	0	1	1	0	0	2	1	0	0	2	3	0	0	0	2	1	1	0	0	0	0	1
121308	13 Oct 25	17:52:00	1	0	60	0	Ct	0	1	0	3	2	1	4	1	0	0	1	1	0	0	2	0	0	3	3	0	0	1	0	0	0	0	0	4	0	4	0	0	1	0
121309	13 Oct 25	17:53:00	1	0	60	0	Ct	0	1	0	1	1	0	6	1	0	1	2	0	0	2	2	0	0	2	2	0	0	0	0	0	0	0	3	3	2	2	0	2	1	2
121310	13 Oct 25	17:54:00	1	0	60	0	Ct	0	1	0	2	2	1	2	0	0	0	1	1	0	2	2	0	0	3	1	0	0	0	0	1	0	0	4	2	2	0	0	1	2	1
121311	13 Oct 25	17:55:00	1	0	60	0	Ct	0	1	0	1	0	0	2	0	0	0	3	2	0	0	4	0	0	1	1	0	2	1	0	2	2	0	1	2	2	0	0	0	2	1
121312	13 Oct 25	17:56:00	1	0	60	0	Ct	0	1	0	1	0	0	2	0	0	0	1	3	0	0	1	0	1	0	8	0	3	9	0	0	1	0	0	2	0	1	0	0	2	1
121313	13 Oct 25	17:57:00	1	0	60	0	Ct	0	1	0	0	2	0	1	0	0	2	1	0	1	0	1	0	0	1	3	0	2	0	3	0	0	0	1	2	2	0	0	0	1	0
121314	13 Oct 25	17:58:00	1	0	60	0	Ct	0	1	0	1	1	1	1	0	0	0	0	4	0	2	0	0	0	1	0	0	1	0	0	0	0	0	2	2	4	0	6	0	2	1
121315	13 Oct 25	17:59:00	1	0	60	0	Ct	0	1	0	3	1	0	4	0	0	0	2	0	1	2	0	0	0	1	2	0	2	0	0	1	0	0	1	2	1	0	0	0	1	0
121316	13 Oct 25	18:00:00	1	0	60	0	Ct	0	1	0	0	1	1	8	0	0	0	2	0	1	0	2	0	0	2	0	0	2	1	0	1	0	0	0	0	2	1	0	0	2	2
121317	13 Oct 25	18:01:00	1	0	60	0	Ct	0	1	0	0	0	0	2	0	0	0	1	1	0	4	0	0	0	1	0	0	2	10	0	2	0	0	2	2	2	8	10	0	1	1
121318	13 Oct 25	18:02:00	1	0	60	0	Ct	0	1	0	2	2	0	10	0	0	0	0	3	0	2	0	0	0	0	0	0	2	0	0	0	0	0	1	2	1	0	19	0	1	2
121319	13 Oct 25	18:03:00	1	0	60	0	Ct	0	1	0	1	2	0	5	0	0	0	1	1	0	2	2	0	0	3	0	0	2	0	0	0	2	0	1	3	1	0	4	0	3	0
121320	13 Oct 25	18:04:00	1	0	60	0	Ct	0	1	0	3	1	0	3	0	0	0	1	2	2	2	4	0	0	2	0	0	2	0	0	2	4	2	2	1	3	0	0	1	2	3
121321	13 Oct 25	18:05:00	1	0	60	0	Ct	0	1	0	3	5	0	3	0	0	1	2	3	1	0	0	0	0	2	0	0	2	2	2	0	1	0	0	2	0	1	0	0	2	3
121322	13 Oct 25	18:06:00	1	0	60	0	Ct	0	1	0	1	24	0	3	0	0	1	2	1	2	1	1	0	0	2	0	0	1	0	2	3	1	3	2	4	1	0	0	1	0	3
121323	13 Oct 25	18:07:00	1	0	60	0	Ct	0	0	0	3	4	0	2	0	0	2	1	4	3	4	0	0	1	4	3	0	3	2	0	5	4	0	4	4	1	4	0	0	3	0
121324	13 Oct 25	18:08:00	1	0	60	0	Ct	0	0	0	2	0	0	0	0	0	1	4	2	4	8	0	3	1	3	2	0	4	4	5	5	2	1	0	4	3	2	2	1	4	0
121325	13 Oct 25	18:09:00	1	0	60	0	Ct	0	0	0	4	0	0	1	0	0	3	4	3	5	6	0	2	0	6	7	0	4	2	6	2	4	4	0	4	1	2	3	6	4	7
121326	13 Oct 25	18:10:00	1	0	60	0	Ct	0	0	4	4	0	0	5	0	0	4	5	3	3	19	0	2	3	7	2	0	4	2	5	4	2	4	0	4	2	11	3	1	3	5
121327	13 Oct 25	18:11:00	1	0	60	0	Ct	0	0	0	3	0	0	5	0	2	3	5	4	1	4	0	2	1	4	2	0	5	2	5	4	4	4	0	4	4	4	2	4	4	3
121328	13 Oct 25	18:12:00	1	0	60	0	Ct	0	0	2	2	3	0	4	0	2	3	4	3	4	2	0	2	1	5	3	0	4	2	3	1	2	2	0	4	2	2	2	3	3	4
121329	13 Oct 25	18:13:00	1	0	60	0	Ct	0	0	1	4	0	0	5	0	1	4	4	4	4	10	0	3	0	4	3	0	5	2	3	3	4	3	5	4	1	3	2	3	3	4
121330	13 Oct 25	18:14:00	1	0	60	0	Ct	0	0	1	1	0	0	3	0	3	3	4	3	2	6	0	2	2	4	3	0	4	3	4	0	2	3	2	4	0	3	2	4	1	2
121331	13 Oct 25	18:15:00	1	0	60	0	Ct	0	0	0	3	3	0	10	0	2	3	3	4	4	3	0	2	3	4	3	0	5	2	4	3	4	2	5	5	3	2	3	2	4	4
121332	13 Oct 25	18:16:00	1	0	60	0	Ct	0	0	4	2	0	0	5	0	3	4	3	1	2	4	1	3	2	4	3	0	4	2	2	1	1	2	3	4	0	7	1	3	1	3
121333	13 Oct 25	18:17:00	1	0	60	0	Ct	0	0	3	3	0	0	3	0	1	3	2	3	5	5	1	5	1	5	3	0	4	1	2	0	1	3	3	3	1	4	1	2	2	3
121334	13 Oct 25	18:18:00	1	0	60	0	Ct	0	0	2	3	2	0	4	0	2	3	2	4	3	4	0	3	1	4	2	0	4	2	2	3	2	3	2	3	3	1	1	3	2	3
121335	13 Oct 25	18:19:00	1	0	60	0	Ct	0	0	3	3	0	0	2	0	2	4	3	2	2	2	0	3	0	4	3	0	3	1	4	1	3	1	6	4	2	2	1	3	3	2
121336	13 Oct 25	18:20:00	1	0	60	0	Ct	0	0	2	2	0	0	4	0	2	3	1	4	1	6	0	1	5	3	1	0	3	2	2	3	2	3	1	4	1	2	3	2	3	3
121337	13 Oct 25	18:21:00	1	0	60	0	Ct	0	0	3	4	0	0	3	0	4	3	3	2	3	2	1	3	2	2	1	0	4	3	3	2	2	4	1	3	4	3	1	1	3	3
121338	13 Oct 25	18:22:00	1	0	60	0	Ct	0	0	2	3	0	0	3	0	1	3	1	4	0	4	2	3	2	2	1	0	5	3	2	1	0	2	1	0	7	2	1	1	2	2
121339	13 Oct 25	18:23:00	1	0	60	0	Ct	0	0	2	3	0	0	1	0	1	3	2	0	0	4	3	2	1	4	2	0	4	1	1	1	2	2	1	3	2	2	2	3	1	1
121340	13 Oct 25	18:24:00	1	0	60	0	Ct	0	0	2	4	0	0	2	0	4	1	3	2	7	2	3	0	0	3	3	0	4	2	2	2	2	2	2	2	0	3	2	2	1	3
121341	13 Oct 25	18:25:00	1	0	60	0	Ct	0	0	2	3	0	0	2	0	1	0	2	2	0	1	3	2	1	2	2	0	3	1	2	0	2	2	3	2	2	1	2	2	3	4
121342	13 Oct 25	18:26:00	1	0	60	0	Ct	0	0	0	5	0	0	3	0	3	1	3	5	3	1	3	2	3	4	2	0	4	1	3	2	3	2	5	4	1	3	2	2	3	3
121343	13 Oct 25	18:27:00	1	0	60	0	Ct	0	0	0	3	0	0	3	0	2	2	2	3	2	2	2	1	1	4	3	0	3	1	3	3	5	1	0	3	3	3	1	4	2	3
121344	13 Oct 25	18:28:00	1	0	60	0	Ct	0	0	0	1	0	0	2	0	2	3	1	2	1	1	2	6	1	4	2	0	5	0	3	2	2	3	3	3	2	2	3	1	2	1
121345	13 Oct 25	18:29:00	1	0	60	0	Ct	0	0	0	1	0	0	2	0	4	3	1	1	3	1	2	3	1	5	3	0	3	1	2	2	2	1	1	4	2	1	3	2	2	2
121346	13 Oct 25	18:30:00	1	0	60	0	Ct	0	0	0	2	2	0	4	0	3	2	2	3	0	2	5	1	1	4	1	0	2	3	2	1	3	3	3	4	2	1	3	2	1	4
121347	13 Oct 25	18:31:00	1	0	60	0	Ct	0	0	0	2	0	0	3	0	1	3	1	2	1	1	2	1	1	4	2	0	3	0	2	0	2	0	1	4	11	3	2	3	0	1
121348	13 Oct 25	18:32:00	1	0	60	0	Ct	0	0	0	2	1	0	2	2	1	2	1	6	1	3	2	2	6	4	2	0	3	5	0	2	3	2	3	2	0	2	3	0	1	4
121349	13 Oct 25	18:33:00	1	0	60	0	Ct	0	0	0	3	3	0	4	4	1	3	2	2	2	4	1	3	0	3	3	0	4	1	2	1	2	3	3	0	2	1	7	0	3	2
121350	13 Oct 25	18:34:00	1	0	60	0	Ct	0	0	0	1	0	0	1	3	2	3	1	2	2	2	2	3	1	4	3	0	4	1	1	2	3	1	2	1	1	1	0	0	2	4
121351	13 Oct 25	18:35:00	1	0	60	0	Ct	0	0	1	1	0	0	4	1	2	3	1	1	3	1	3	2	1	2	2	0	3	2	2	2	3	2	2	3	1	2	1	0	1	2
121352	13 Oct 25	18:36:00	1	0	60	0	Ct	0	0	4	2	2	6	3	3	1	3	1	2	1	3	3	2	1	4	1	0	3	2	4	2	1	3	0	2	2	1	1	1	2	1
121353	13 Oct 25	18:37:00	1	0	60	0	Ct	0	0	1	3	2	3	5	3	1	2	0	0	3	0	4	4	2	3	0	0	3	3	3	1	1	1	2	3	1	1	0	1	2	1
121354	13 Oct 25	18:38:00	1	0	60	0	Ct	0	0	0	3	0	0	2	0	1	4	1	4	1	5	2	1	1	4	3	0	2	2	2	1	1	3	1	2	2	2	1	2	1	3
121355	13 Oct 25	18:39:00	1	0	60	0	Ct	0	0	0	4	0	0	0	2	2	2	1	5	0	1	1	1	4	2	1	0	4	5	6	1	3	2	1	2	2	1	3	2	2	5
121356	13 Oct 25	18:40:00	1	0	60	0	Ct	0	0	0	1	0	0	2	3	1	3	1	3	4	2	2	3	2	3	2	0	2	1	2	2	1	1	1	3	0	2	2	8	2	3
121357	13 Oct 25	18:41:00	1	0	60	0	Ct	0	0	0	1	0	0	1	1	1	2	2	2	2	4	2	3	0	4	2	0	3	4	2	1	2	2	1	2	2	2	0	3	2	3
121358	13 Oct 25	18:42:00	1	0	60	0	Ct	0	0	0	2	0	3	3	0	0	3	1	2	2	3	1	1	0	4	1	0	1	1	2	1	8	2	2	3	0	1	3	3	2	2
121359	13 Oct 25	18:43:00	1	0	60	0	Ct	0	0	0	1	3	1	3	1	0	3	2	2	2	3	2	1	1	2	1	0	3	0	1	2	2	2	1	3	0	2	0	1	1	2
121360	13 Oct 25	18:44:00	1	0	60	0	Ct	0	0	0	1	0	3	2	0	0	3	1	2	1	0	3	2	2	3	1	0	4	4	1	2	2	1	2	3	2	2	2	3	1	1
121361	13 Oct 25	18:45:00	1	0	60	0	Ct	0	0	0	2	0	4	2	3	2	2	0	3	2	1	2	3	0	3	1	0	3	1	2	1	3	3	0	2	2	1	1	1	1	1
121362	13 Oct 25	18:46:00	1	0	60	0	Ct	0	0	0	3	3	1	3	2	1	2	1	3	1	0	1	2	0	3	3	0	2	3	2	2	0	2	1	4	3	1	2	0	1	3
121363	13 Oct 25	18:47:00	1	0	60	0	Ct	0	0	0	0	4	2	4	3	0	1	2	3	3	3	2	0	3	3	3	0	3	0	2	3	3	2	4	2	4	2	1	0	1	2
121364	13 Oct 25	18:48:00	1	0	60	0	Ct	0	0	0	2	2	0	2	1	2	3	2	2	4	2	2	6	4	3	2	0	3	5	3	2	3	2	1	6	2	2	1	3	3	4
121365	13 Oct 25	18:49:00	1	0	60	0	Ct	0	0	0	3	1	1	3	2	2	3	1	2	0	2	3	1	0	2	3	0	4	1	1	2	2	3	1	2	3	2	1	4	2	6
121366	13 Oct 25	18:50:00	1	0	60	0	Ct	0	0	0	3	3	1	1	2	3	2	1	1	2	2	1	2	0	3	1	0	3	1	4	2	0	1	2	2	2	1	2	1	1	2
121367	13 Oct 25	18:51:00	1	0	60	0	Ct	0	0	0	2	3	0	3	3	2	2	2	1	0	3	1	1	0	1	2	0	2	1	2	3	0	3	1	1	3	5	3	2	3	1
121368	13 Oct 25	18:52:00	1	0	60	0	Ct	0	0	0	3	3	0	2	0	2	0	3	2	0	1	2	2	0	2	2	0	2	4	4	4	0	2	3	3	1	2	1	0	3	4
121369	13 Oct 25	18:53:00	1	0	60	0	Ct	0	0	0	3	5	0	2	2	3	3	1	1	2	2	1	2	4	2	1	0	2	0	2	1	0	3	3	0	3	1	1	1	2	1
121370	13 Oct 25	18:54:00	1	0	60	0	Ct	0	0	0	2	3	0	2	0	6	1	3	2	2	2	4	6	2	0	1	0	2	3	2	2	0	1	2	2	2	2	2	2	0	4
121371	13 Oct 25	18:55:00	1	0	60	0	Ct	0	0	0	3	2	0	2	2	2	0	2	2	2	1	1	2	1	2	2	0	1	2	2	1	0	3	1	2	2	2	1	0	4	3
121372	13 Oct 25	18:56:00	1	0	60	0	Ct	0	0	0	2	3	0	4	2	1	2	2	2	2	2	2	7	0	2	1	0	2	2	1	1	1	2	1	3	1	0	1	2	1	0
121373	13 Oct 25	18:57:00	1	0	60	0	Ct	0	0	2	1	2	0	3	1	2	0	0	3	3	1	2	2	0	3	0	0	3	1	2	2	1	3	2	3	2	0	4	3	0	3
121374	13 Oct 25	18:58:00	1	0	60	0	Ct	0	0	0	2	4	0	1	1	0	0	2	9	4	2	3	2	0	3	1	0	1	4	3	0	4	2	2	3	3	1	2	2	0	3
121375	13 Oct 25	18:59:00	1	0	60	0	Ct	0	0	2	0	3	1	1	3	1	0	3	3	0	1	3	4	0	3	3	0	2	0	6	1	2	2	2	1	2	0	2	2	0	2
121376	13 Oct 25	19:00:00	1	0	60	0	Ct	0	0	2	0	2	3	2	1	1	2	4	2	0	2	1	1	0	3	2	0	3	3	4	3	2	2	1	4	1	1	1	3	8	2
121377	13 Oct 25	19:01:00	1	0	60	0	Ct	0	0	2	1	4	0	2	1	1	2	3	1	3	1	0	0	1	5	2	0	2	0	2	2	1	2	2	3	2	2	3	1	2	5
121378	13 Oct 25	19:02:00	1	0	60	0	Ct	0	0	0	1	1	2	2	1	2	2	3	2	0	2	2	4	4	3	2	0	2	2	3	1	0	2	1	3	4	0	1	0	2	3
121379	13 Oct 25	19:03:00	1	0	60	0	Ct	0	0	3	1	3	1	3	1	2	3	3	2	0	2	1	0	1	3	1	0	3	0	5	1	1	3	1	3	2	2	5	0	1	2
121380	13 Oct 25	19:04:00	1	0	60	0	Ct	0	0	3	3	2	0	3	0	2	2	1	2	0	2	2	2	6	2	1	0	1	1	0	2	1	2	0	6	4	2	2	1	3	1
121381	13 Oct 25	19:05:00	1	0	60	0	Ct	0	0	0	3	3	2	0	2	1	3	1	2	1	1	1	3	1	2	2	0	2	3	2	2	0	3	0	1	1	2	1	1	1	4
121382	13 Oct 25	19:06:00	1	0	60	0	Ct	0	0	0	3	1	2	2	2	1	3	1	0	3	4	1	3	0	3	2	0	1	1	1	1	2	2	0	1	2	1	1	3	2	3
121383	13 Oct 25	19:07:00	1	0	60	0	Ct	0	0	0	4	3	4	3	1	0	3	4	2	1	7	1	3	0	3	2	0	1	2	2	1	0	0	2	2	10	1	1	2	4	4
121384	13 Oct 25	19:08:00	1	0	60	0	Ct	0	0	0	2	2	2	2	2	2	2	1	3	4	1	3	2	0	2	2	0	3	1	9	3	0	5	2	3	6	2	0	2	2	3
121385	13 Oct 25	19:09:00	1	0	60	0	Ct	0	0	0	3	1	0	0	2	1	0	2	1	2	3	3	3	1	2	1	0	3	1	3	2	0	3	2	0	7	2	1	1	0	1
121386	13 Oct 25	19:10:00	1	0	60	0	Ct	0	0	0	3	1	0	1	3	4	2	1	1	3	0	1	2	1	5	0	0	3	0	2	2	0	2	0	4	3	5	1	1	0	2
121387	13 Oct 25	19:11:00	1	0	60	0	Ct	0	0	0	2	2	0	2	1	0	0	2	2	2	1	1	1	4	1	3	0	3	0	3	1	1	2	2	1	2	0	0	7	3	3
121388	13 Oct 25	19:12:00	1	0	60	0	Ct	0	0	0	1	1	0	4	1	3	2	1	0	0	1	1	0	2	2	2	0	2	0	2	2	5	1	3	2	0	14	1	13	0	2
121389	13 Oct 25	19:13:00	1	0	60	0	Ct	0	0	2	2	1	0	1	1	3	0	0	0	1	9	0	0	0	2	1	0	4	1	2	2	1	2	0	4	2	12	2	1	1	2
121390	13 Oct 25	19:14:00	1	0	60	0	Ct	0	0	2	2	2	0	2	1	1	0	2	0	2	5	0	2	3	1	3	0	1	1	2	1	2	2	2	2	3	37	1	0	4	2
121391	13 Oct 25	19:15:00	1	0	60	0	Ct	0	0	4	2	2	0	3	1	1	1	0	0	1	0	0	1	0	3	1	0	1	0	2	2	2	0	1	4	1	28	0	1	2	2
121392	13 Oct 25	19:16:00	1	0	60	0	Ct	0	0	6	2	2	0	3	2	0	1	3	1	0	0	0	2	0	4	2	0	2	2	3	2	3	1	1	1	8	11	0	2	1	2
121393	13 Oct 25	19:17:00	1	0	60	0	Ct	0	0	3	0	3	0	6	2	1	0	1	1	0	0	0	2	2	4	2	0	2	1	3	2	2	2	0	1	2	4	2	3	1	1
121394	13 Oct 25	19:18:00	1	0	60	0	Ct	0	0	3	3	2	0	5	2	2	0	1	3	0	2	0	2	10	3	2	0	0	1	1	0	2	2	0	3	2	4	9	2	1	3
121395	13 Oct 25	19:19:00	1	0	60	0	Ct	0	0	1	1	3	4	7	1	1	1	3	2	0	3	0	1	7	3	1	0	3	2	4	1	0	1	2	6	1	1	2	1	0	2
121396	13 Oct 25	19:20:00	1	0	60	0	Ct	0	0	1	2	2	1	5	3	1	1	1	4	0	1	0	2	0	3	2	0	3	0	1	2	0	3	1	3	2	3	3	0	1	2
121397	13 Oct 25	19:21:00	1	0	60	0	Ct	0	0	2	2	1	0	5	2	0	1	1	1	0	3	1	0	4	3	2	0	3	8	4	1	0	1	1	2	0	3	2	0	2	1
121398	13 Oct 25	19:22:00	1	0	60	0	Ct	0	0	0	3	1	0	3	2	1	1	0	2	0	1	2	2	0	4	3	0	2	2	7	1	0	1	1	1	0	4	3	0	1	1
121399	13 Oct 25	19:23:00	1	0	60	0	Ct	0	0	0	2	2	0	0	0	1	1	2	1	3	2	5	3	0	3	1	0	1	0	4	1	0	3	1	1	2	0	2	0	1	1
121400	13 Oct 25	19:24:00	1	0	60	0	Ct	0	0	0	3	2	0	1	2	1	2	2	3	2	0	2	2	3	4	1	0	3	7	2	1	0	1	1	1	4	2	1	0	2	1
121401	13 Oct 25	19:25:00	1	0	60	0	Ct	0	0	1	3	1	3	3	1	2	2	1	2	2	0	2	1	0	5	2	0	2	0	3	2	3	1	2	3	3	2	1	3	3	2
121402	13 Oct 25	19:26:00	1	0	60	0	Ct	0	0	0	2	1	2	1	2	2	3	1	1	2	2	3	1	10	5	1	0	1	3	3	3	2	1	2	2	2	3	1	4	1	1
121403	13 Oct 25	19:27:00	1	0	60	0	Ct	0	0	1	0	2	1	3	0	2	3	2	2	1	3	7	2	0	3	1	0	2	0	0	1	1	2	8	3	1	2	1	1	1	2
121404	13 Oct 25	19:28:00	1	0	60	0	Ct	0	0	2	0	1	1	4	0	0	2	2	1	3	1	3	0	1	3	2	0	3	0	2	3	4	1	3	2	2	0	2	1	1	2
121405	13 Oct 25	19:29:00	1	0	60	0	Ct	0	0	2	2	3	2	1	1	0	1	1	0	1	1	3	2	7	3	1	0	2	1	4	3	6	1	3	1	3	5	1	2	2	1
121406	13 Oct 25	19:30:00	1	0	60	0	Ct	0	0	1	0	2	0	3	1	1	1	2	2	0	2	4	1	1	4	1	0	2	1	3	1	1	2	2	0	0	2	1	5	1	2
121407	13 Oct 25	19:31:00	1	0	60	0	Ct	0	0	1	2	2	2	3	2	0	0	1	1	4	0	1	1	0	3	0	0	1	3	1	1	1	1	1	5	1	4	4	1	1	2
121408	13 Oct 25	19:32:00	1	0	60	0	Ct	0	0	1	0	1	5	1	2	6	1	6	0	1	1	2	0	0	7	2	0	0	2	0	1	1	2	1	3	4	4	0	0	2	2
121409	13 Oct 25	19:33:00	1	0	60	0	Ct	0	0	4	2	1	0	2	0	0	1	1	1	2	2	2	1	1	5	1	0	2	2	7	3	0	2	0	2	0	0	1	1	2	1
121410	13 Oct 25	19:34:00	1	0	60	0	Ct	0	0	0	2	2	0	4	1	3	0	0	0	1	2	2	2	5	5	2	0	2	1	1	3	0	1	2	1	1	0	0	4	0	2
121411	13 Oct 25	19:35:00	1	0	60	0	Ct	0	0	0	1	2	0	1	1	1	2	2	2	2	1	3	0	0	4	2	0	2	2	2	2	1	1	3	8	1	0	0	1	0	1
121412	13 Oct 25	19:36:00	1	0	60	0	Ct	0	0	0	3	0	0	1	1	2	4	2	14	2	6	2	1	7	4	1	0	2	1	2	2	2	3	1	2	1	1	1	0	2	5
121413	13 Oct 25	19:37:00	1	0	60	0	Ct	0	0	2	1	1	0	3	1	3	3	1	16	1	0	1	1	0	3	2	0	4	3	3	1	6	2	1	3	0	1	0	4	0	2
121414	13 Oct 25	19:38:00	1	0	60	0	Ct	0	0	0	2	3	3	1	1	0	4	2	3	1	2	2	1	0	4	2	0	3	0	1	3	1	2	2	3	0	2	2	5	1	0
121415	13 Oct 25	19:39:00	1	0	60	0	Ct	0	0	0	2	1	2	3	1	0	1	1	4	2	1	2	1	0	2	2	0	2	5	1	1	2	0	2	2	2	2	5	0	1	0
121416	13 Oct 25	19:40:00	1	0	60	0	Ct	0	0	0	1	2	0	2	1	1	0	2	2	2	1	3	0	0	4	1	0	2	1	1	1	0	2	1	4	2	2	3	0	0	2
121417	13 Oct 25	19:41:00	1	0	60	0	Ct	0	0	0	2	2	0	4	0	0	2	1	2	1	2	1	1	0	4	3	0	2	1	2	3	0	3	2	4	2	1	1	0	0	1
121418	13 Oct 25	19:42:00	1	0	60	0	Ct	0	0	0	1	2	0	1	2	3	3	2	3	1	1	1	2	7	0	0	0	3	2	4	2	0	1	2	5	2	3	1	2	0	2
121419	13 Oct 25	19:43:00	1	0	60	0	Ct	0	0	0	1	2	0	2	2	1	1	1	2	9	1	1	1	0	0	1	0	3	1	2	1	3	2	1	1	2	1	0	1	1	5
121420	13 Oct 25	19:44:00	1	0	60	0	Ct	0	0	0	1	2	0	3	2	1	1	0	1	0	0	2	5	2	3	3	0	2	1	3	2	1	2	1	0	1	2	0	1	4	2
121421	13 Oct 25	19:45:00	1	0	60	0	Ct	0	0	0	3	2	5	2	1	0	0	0	3	1	1	0	3	0	4	1	0	3	3	2	0	2	0	2	0	2	3	1	3	2	2
121422	13 Oct 25	19:46:00	1	0	60	0	Ct	0	0	0	1	2	8	9	3	2	0	0	1	2	0	6	2	4	3	3	0	3	0	1	3	2	4	1	0	1	1	2	1	2	1
121423	13 Oct 25	19:47:00	1	0	60	0	Ct	0	0	0	2	2	1	0	0	2	0	2	1	0	3	1	0	0	5	2	0	3	1	1	1	1	2	2	0	0	1	0	1	1	0
121424	13 Oct 25	19:48:00	1	0	60	0	Ct	0	0	0	1	0	0	2	0	1	0	0	2	3	10	2	1	1	3	2	0	3	1	3	2	1	1	1	1	0	1	2	1	2	3
121425	13 Oct 25	19:49:00	1	0	60	0	Ct	0	0	1	2	1	1	3	0	1	3	0	2	2	7	3	1	0	5	2	0	1	0	4	1	2	1	0	3	2	0	1	0	2	2
121426	13 Oct 25	19:50:00	1	0	60	0	Ct	0	0	1	1	1	2	2	0	0	2	0	0	2	3	1	3	0	3	1	0	3	0	2	2	2	1	2	2	3	3	2	0	2	0
121427	13 Oct 25	19:51:00	1	0	60	0	Ct	0	0	2	6	2	2	4	0	3	1	2	1	2	8	3	0	0	3	2	0	1	3	2	4	2	1	2	3	1	2	2	0	1	2
121428	13 Oct 25	19:52:00	1	0	60	0	Ct	0	0	0	3	2	0	3	5	0	1	1	2	5	3	2	1	0	3	3	0	0	1	0	1	3	1	1	3	2	1	1	0	1	2
121429	13 Oct 25	19:53:00	1	0	60	0	Ct	0	0	0	3	2	0	4	1	1	4	0	2	1	3	1	4	0	4	1	0	2	1	2	1	2	1	3	2	1	2	1	0	2	1
121430	13 Oct 25	19:54:00	1	0	60	0	Ct	0	0	0	1	1	3	3	1	0	3	0	3	3	0	2	2	0	3	2	0	3	1	4	2	3	2	4	4	1	1	3	14	0	1
121431	13 Oct 25	19:55:00	1	0	60	0	Ct	0	0	0	1	2	4	3	0	0	1	6	2	1	1	0	2	0	3	1	0	2	0	2	2	3	2	2	1	2	2	5	9	1	0
121432	13 Oct 25	19:56:00	1	0	60	0	Ct	0	0	0	0	0	2	3	3	2	0	0	3	24	2	1	2	1	1	2	0	2	0	3	1	1	2	1	3	2	0	2	5	2	0
121433	13 Oct 25	19:57:00	1	0	60	0	Ct	0	0	0	0	1	1	2	1	2	0	0	2	4	0	1	0	3	1	0	0	2	2	2	2	1	1	5	4	1	5	3	2	2	4
121434	13 Oct 25	19:58:00	1	0	60	0	Ct	0	0	0	3	2	1	2	4	2	1	3	2	1	0	1	0	2	3	0	0	2	0	2	2	1	1	0	1	1	1	0	7	3	2
121435	13 Oct 25	19:59:00	1	0	60	0	Ct	0	0	2	2	3	0	6	3	4	2	2	2	2	0	2	1	0	3	0	0	2	0	3	2	4	2	1	3	4	1	0	3	2	3
121436	13 Oct 25	20:00:00	1	0	60	0	Ct	0	0	2	2	1	3	2	1	1	2	1	0	5	0	0	0	0	3	1	0	3	1	1	1	2	1	1	3	2	1	0	3	1	2
121437	13 Oct 25	20:01:00	1	0	60	0	Ct	0	0	0	3	1	1	3	1	1	2	1	2	2	0	0	3	0	6	3	0	3	4	2	1	3	2	2	3	0	2	1	2	2	2
121438	13 Oct 25	20:02:00	1	0	60	0	Ct	0	0	0	1	2	3	2	1	1	1	1	2	0	2	2	1	3	2	2	0	2	0	5	1	2	1	1	2	0	1	1	0	1	2
121439	13 Oct 25	20:03:00	1	0	60	0	Ct	0	0	0	2	1	2	2	1	1	0	0	2	1	1	2	2	0	2	2	0	2	2	2	7	2	3	2	3	2	3	0	0	1	2
121440	13 Oct 25	20:04:00	1	0	60	0	Ct	0	0	0	2	4	0	1	3	2	0	1	3	0	0	1	1	0	3	2	0	3	3	1	1	3	4	0	2	1	3	0	0	1	2
121441	13 Oct 25	20:05:00	1	0	60	0	Ct	0	0	0	2	1	0	1	1	2	1	0	2	3	4	3	1	6	4	2	0	2	0	0	0	1	2	2	1	2	0	0	0	1	3
121442	13 Oct 25	20:06:00	1	0	60	0	Ct	0	0	0	2	2	0	3	1	1	1	1	3	4	4	1	3	4	2	2	0	3	1	7	5	1	2	1	1	1	1	2	2	0	1
121443	13 Oct 25	20:07:00	1	0	60	0	Ct	0	0	0	0	2	3	5	0	1	1	3	2	0	0	2	1	0	4	3	0	2	1	5	2	2	5	0	3	2	0	0	3	1	4
121444	13 Oct 25	20:08:00	1	0	60	0	Ct	0	0	0	0	0	6	2	2	2	1	2	1	0	2	3	2	0	2	2	0	4	3	1	0	0	2	1	4	0	0	1	2	1	2
121445	13 Oct 25	20:09:00	1	0	60	0	Ct	0	0	0	0	0	0	3	2	3	1	4	2	4	4	1	3	0	5	1	0	1	0	1	1	5	1	1	2	5	0	1	1	1	1
121446	13 Oct 25	20:10:00	1	0	60	0	Ct	0	0	1	1	2	3	2	0	1	3	1	4	0	2	2	1	0	3	3	0	2	1	0	2	3	1	1	1	0	1	2	2	0	2
121447	13 Oct 25	20:11:00	1	0	60	0	Ct	0	0	1	1	3	2	2	0	2	2	2	2	0	8	1	13	0	2	1	0	3	1	0	0	2	2	1	3	0	1	1	4	0	3
121448	13 Oct 25	20:12:00	1	0	60	0	Ct	0	0	1	5	3	0	1	3	3	3	3	2	0	0	2	7	0	3	3	0	2	0	2	1	2	2	1	2	1	0	1	2	0	2
121449	13 Oct 25	20:13:00	1	0	60	0	Ct	0	0	2	3	1	0	4	2	1	3	0	3	0	2	1	3	0	1	2	0	3	2	0	1	0	1	2	4	3	0	3	2	0	0
121450	13 Oct 25	20:14:00	1	0	60	0	Ct	0	0	3	1	2	2	3	3	1	2	2	1	0	9	1	1	1	4	1	0	3	1	2	1	6	3	1	3	2	0	1	1	0	2
121451	13 Oct 25	20:15:00	1	0	60	0	Ct	0	0	0	2	2	6	1	2	4	2	2	2	0	6	3	1	1	2	3	0	3	1	3	2	1	2	1	3	4	1	1	0	0	2
121452	13 Oct 25	20:16:00	1	0	60	0	Ct	0	0	0	3	2	8	2	1	2	1	1	1	2	3	2	1	5	2	2	0	2	2	2	2	3	2	1	2	0	2	2	0	0	0
121453	13 Oct 25	20:17:00	1	0	60	0	Ct	0	0	0	1	3	0	4	1	0	2	0	1	2	9	2	0	3	2	1	0	4	6	3	1	2	4	1	3	1	3	1	0	0	2
121454	13 Oct 25	20:18:00	1	0	60	0	Ct	0	0	1	0	0	6	2	7	2	2	3	3	3	0	3	0	3	3	2	0	0	1	1	1	1	1	3	1	2	0	1	0	0	2
121455	13 Oct 25	20:19:00	1	0	60	0	Ct	0	0	1	2	2	4	2	2	2	2	3	4	3	10	4	1	0	1	0	0	3	2	4	2	0	3	1	3	2	0	2	3	0	1
121456	13 Oct 25	20:20:00	1	0	60	0	Ct	0	0	3	1	2	2	3	3	1	1	3	4	4	4	4	2	1	0	4	0	2	0	2	1	4	0	3	3	2	2	14	2	0	2
121457	13 Oct 25	20:21:00	1	0	60	0	Ct	0	0	1	2	2	7	1	0	2	0	1	2	3	1	2	1	0	1	2	0	2	0	3	2	14	1	1	2	0	11	1	2	0	2
121458	13 Oct 25	20:22:00	1	0	60	0	Ct	0	0	1	2	2	0	2	1	1	0	3	3	3	3	3	9	5	3	1	0	1	7	1	1	2	3	2	4	10	2	2	1	1	0
121459	13 Oct 25	20:23:00	1	0	60	0	Ct	0	0	0	1	2	4	1	0	3	0	2	1	1	0	1	2	0	3	2	0	3	0	3	3	3	5	2	2	1	1	1	3	1	1
121460	13 Oct 25	20:24:00	1	0	60	0	Ct	0	0	0	2	2	1	1	0	0	2	2	2	9	1	3	1	0	4	1	0	2	2	3	1	1	1	3	2	1	1	0	1	2	2
121461	13 Oct 25	20:25:00	1	0	60	0	Ct	0	0	1	1	2	0	5	0	1	1	1	2	3	3	1	0	0	4	2	0	3	0	3	1	1	3	1	2	1	2	0	1	4	1
121462	13 Oct 25	20:26:00	1	0	60	0	Ct	0	0	1	0	2	0	3	0	4	2	2	2	0	2	2	2	4	4	1	0	2	0	2	3	3	1	1	1	3	3	1	2	3	2
121463	13 Oct 25	20:27:00	1	0	60	0	Ct	0	0	1	2	2	6	1	1	0	3	1	2	1	5	2	2	1	3	2	0	3	0	4	3	1	2	1	2	1	2	1	0	2	3
121464	13 Oct 25	20:28:00	1	0	60	0	Ct	0	0	1	3	1	0	2	1	2	3	2	2	2	2	1	0	4	4	2	0	1	2	1	2	1	1	2	3	3	2	4	0	2	0
121465	13 Oct 25	20:29:00	1	0	60	0	Ct	0	0	3	2	1	0	2	1	1	2	1	2	0	0	1	5	1	4	2	0	2	4	4	1	1	0	1	5	2	1	2	1	0	3
121466	13 Oct 25	20:30:00	1	0	60	0	Ct	0	0	0	3	1	0	1	0	1	2	2	1	1	2	2	4	0	3	2	0	2	1	3	2	2	3	0	0	1	1	2	0	2	3
121467	13 Oct 25	20:31:00	1	0	60	0	Ct	0	0	0	3	1	0	1	3	2	2	1	1	1	0	1	4	0	11	1	0	4	1	1	2	1	2	2	2	1	1	3	2	1	1
121468	13 Oct 25	20:32:00	1	0	60	0	Ct	0	0	0	5	1	0	1	4	1	1	1	3	4	0	1	3	0	5	2	0	4	1	3	0	2	2	2	2	0	0	0	4	1	3
121469	13 Oct 25	20:33:00	1	0	60	0	Ct	0	0	1	3	1	0	1	1	3	0	2	12	1	5	2	2	0	4	2	0	0	1	2	1	1	2	3	3	0	1	0	1	1	3
121470	13 Oct 25	20:34:00	1	0	60	0	Ct	0	0	7	2	1	0	1	1	1	1	2	5	0	3	2	2	1	3	2	0	2	1	1	2	0	1	2	2	1	2	3	0	4	2
121471	13 Oct 25	20:35:00	1	0	60	0	Ct	0	0	0	4	0	0	2	1	0	1	1	3	1	0	4	3	0	3	1	0	3	4	2	1	1	2	2	1	1	2	1	0	2	3
121472	13 Oct 25	20:36:00	1	0	60	0	Ct	0	0	0	2	3	0	4	6	2	0	3	3	1	0	0	2	0	1	2	0	3	5	1	2	2	1	1	3	1	1	0	0	1	3
121473	13 Oct 25	20:37:00	1	0	60	0	Ct	0	0	0	3	1	0	3	0	1	0	2	4	1	0	2	1	0	4	1	0	4	0	0	2	3	2	1	3	4	2	2	0	1	3
121474	13 Oct 25	20:38:00	1	0	60	0	Ct	0	0	0	2	1	0	1	0	1	1	3	2	1	0	2	3	1	3	1	0	3	1	0	1	3	1	1	1	3	5	3	3	1	6
121475	13 Oct 25	20:39:00	1	0	60	0	Ct	0	0	0	3	2	4	3	3	1	3	3	3	3	2	2	0	2	3	2	0	2	1	2	2	3	4	2	0	3	1	2	1	1	7
121476	13 Oct 25	20:40:00	1	0	60	0	Ct	0	0	0	3	2	0	3	2	1	5	1	2	2	2	2	1	1	2	2	0	1	0	3	1	1	3	3	3	2	1	0	2	1	3
121477	13 Oct 25	20:41:00	1	0	60	0	Ct	0	0	0	1	1	0	3	3	1	3	2	2	3	0	5	3	11	1	1	0	3	1	2	2	1	3	0	1	2	0	5	2	1	3
121478	13 Oct 25	20:42:00	1	0	60	0	Ct	0	0	2	0	1	2	2	1	1	2	3	0	0	2	2	1	0	4	1	0	3	1	0	3	2	3	4	3	2	2	1	1	0	3
121479	13 Oct 25	20:43:00	1	0	60	0	Ct	0	0	1	2	0	4	0	0	0	2	2	0	4	1	3	1	2	3	3	0	2	0	2	2	1	4	0	2	1	1	1	2	2	1
121480	13 Oct 25	20:44:00	1	0	60	0	Ct	0	0	1	2	1	0	0	3	2	2	1	1	0	4	2	1	3	3	2	0	4	0	7	1	1	2	2	3	1	0	0	2	1	4
121481	13 Oct 25	20:45:00	1	0	60	0	Ct	0	0	0	1	2	0	1	2	1	3	1	1	0	0	1	4	0	3	2	0	4	1	1	2	12	3	1	3	3	3	1	1	0	1
121482	13 Oct 25	20:46:00	1	0	60	0	Ct	0	0	1	3	3	0	1	2	1	2	2	3	1	2	3	0	3	4	2	0	3	1	2	1	1	1	0	2	0	2	3	0	1	0
121483	13 Oct 25	20:47:00	1	0	60	0	Ct	0	0	2	2	4	0	3	1	1	4	0	3	2	0	2	2	0	3	2	0	5	0	2	2	1	2	1	3	5	1	2	0	2	1
121484	13 Oct 25	20:48:00	1	0	60	0	Ct	0	0	1	1	3	2	2	1	3	1	1	3	10	3	0	2	0	3	3	0	3	1	5	0	2	1	1	2	1	3	2	0	2	0
121485	13 Oct 25	20:49:00	1	0	60	0	Ct	0	0	1	3	1	3	3	2	1	2	1	4	0	0	2	3	3	3	2	0	3	1	3	2	2	2	1	4	1	3	9	0	0	4
121486	13 Oct 25	20:50:00	1	0	60	0	Ct	0	0	0	2	2	0	0	2	1	0	2	2	0	1	1	3	0	3	1	0	3	0	3	2	1	0	1	4	2	0	1	2	1	1
121487	13 Oct 25	20:51:00	1	0	60	0	Ct	0	0	1	2	2	3	3	0	3	0	2	0	0	4	3	1	7	4	1	0	3	3	2	2	0	0	2	5	1	2	1	2	1	2
121488	13 Oct 25	20:52:00	1	0	60	0	Ct	0	0	1	3	2	7	3	0	6	1	0	1	3	1	2	1	0	4	3	0	5	2	2	2	1	2	3	3	1	0	1	4	3	1
121489	13 Oct 25	20:53:00	1	0	60	0	Ct	0	0	0	2	3	3	2	0	0	1	1	2	1	0	8	2	0	2	0	0	3	2	0	1	3	1	4	1	1	2	0	4	1	1
121490	13 Oct 25	20:54:00	1	0	60	0	Ct	0	0	0	2	3	2	2	0	2	1	1	4	0	3	1	4	0	5	1	0	3	0	1	0	1	3	7	3	1	1	0	4	2	1
121491	13 Oct 25	20:55:00	1	0	60	0	Ct	0	0	0	0	1	2	4	1	1	1	3	2	1	1	2	0	0	4	33	0	1	3	2	2	2	2	1	4	2	0	0	2	1	1
121492	13 Oct 25	20:56:00	1	0	60	0	Ct	0	0	4	2	4	3	2	5	2	0	1	2	2	16	4	0	0	3	1	0	1	1	2	1	1	1	1	3	2	2	0	2	2	1
121493	13 Oct 25	20:57:00	1	0	60	0	Ct	0	0	0	4	1	7	5	2	1	0	3	2	3	19	1	0	1	4	2	0	2	1	3	0	0	2	2	0	3	4	0	3	1	3
121494	13 Oct 25	20:58:00	1	0	60	0	Ct	0	0	0	3	2	0	1	1	1	1	2	2	2	7	3	2	2	3	3	0	3	2	5	2	0	2	1	1	1	0	0	1	2	4
121495	13 Oct 25	20:59:00	1	0	60	0	Ct	0	0	3	2	1	0	1	4	0	1	1	1	1	3	1	0	0	5	2	0	3	2	1	1	2	1	1	2	2	3	0	2	3	1
121496	13 Oct 25	21:00:00	1	0	60	0	Ct	0	0	0	1	3	1	2	1	0	3	1	0	0	13	1	2	4	3	3	0	4	1	0	3	1	2	1	4	2	0	3	2	0	3
121497	13 Oct 25	21:01:00	1	0	60	0	Ct	0	0	1	1	4	4	3	2	0	0	2	3	3	0	1	2	3	3	1	0	3	2	6	2	2	0	4	3	0	0	5	2	3	0
121498	13 Oct 25	21:02:00	1	0	60	0	Ct	0	0	1	0	3	1	2	6	2	1	2	1	2	4	3	5	0	4	3	0	4	3	1	3	9	4	1	3	1	2	3	1	3	2
121499	13 Oct 25	21:03:00	1	0	60	0	Ct	0	0	0	0	3	0	3	0	2	1	5	3	1	0	2	2	1	4	3	0	3	2	3	1	1	2	1	2	3	1	1	2	1	3
121500	13 Oct 25	21:04:00	1	0	60	0	Ct	0	0	0	0	2	3	2	1	1	0	3	2	0	0	2	2	0	2	2	0	2	2	3	2	2	1	2	3	1	2	1	2	1	1
121501	13 Oct 25	21:05:00	1	0	60	0	Ct	0	0	2	3	1	1	4	1	4	2	2	2	2	2	1	3	0	8	1	0	3	1	3	2	2	2	2	1	3	10	2	1	0	2
121502	13 Oct 25	21:06:00	1	0	60	0	Ct	0	0	1	2	2	5	3	1	1	2	2	4	1	2	0	3	0	5	4	0	1	2	2	2	2	3	2	5	1	2	2	0	3	1
121503	13 Oct 25	21:07:00	1	0	60	0	Ct	0	0	0	3	1	1	0	2	1	2	1	0	1	12	9	2	0	4	1	0	3	2	1	1	0	0	1	5	0	4	1	0	0	1
121504	13 Oct 25	21:08:00	1	0	60	0	Ct	0	0	0	4	2	0	2	1	1	2	3	0	0	5	3	2	0	4	1	0	3	1	2	1	0	2	1	1	1	2	0	0	1	3
121505	13 Oct 25	21:09:00	1	0	60	0	Ct	0	0	0	2	1	3	2	3	0	3	2	0	1	3	2	1	1	1	3	0	3	2	2	2	0	5	4	3	0	2	0	0	0	1
121506	13 Oct 25	21:10:00	1	0	60	0	Ct	0	0	0	2	3	0	2	1	1	2	2	1	11	1	1	2	7	3	3	0	3	2	0	4	0	2	2	4	4	3	2	9	1	1
121507	13 Oct 25	21:11:00	1	0	60	0	Ct	0	0	0	1	0	0	3	1	3	1	3	3	4	5	1	2	0	3	1	0	3	1	0	1	0	2	2	2	3	1	2	2	1	2
121508	13 Oct 25	21:12:00	1	0	60	0	Ct	0	0	1	2	0	0	2	4	2	3	1	2	1	5	2	2	2	3	1	0	3	2	0	1	0	3	4	4	2	1	3	0	1	1
121509	13 Oct 25	21:13:00	1	0	60	0	Ct	0	0	3	4	0	0	2	1	2	6	1	4	3	0	2	0	7	4	2	0	4	1	1	2	0	2	1	0	2	2	2	2	1	1
121510	13 Oct 25	21:14:00	1	0	60	0	Ct	0	0	1	2	0	0	6	2	0	3	3	3	2	1	1	2	0	3	1	0	3	2	6	2	1	2	2	1	1	3	1	2	1	2
121511	13 Oct 25	21:15:00	1	0	60	0	Ct	0	0	1	3	2	0	2	2	2	2	0	3	0	0	0	1	0	2	1	0	3	4	3	2	5	1	2	3	1	5	1	0	1	1
121512	13 Oct 25	21:16:00	1	0	60	0	Ct	0	0	2	2	2	1	4	1	1	3	2	2	1	0	4	2	0	3	2	0	4	3	1	2	6	2	2	2	0	1	3	2	5	2
121513	13 Oct 25	21:17:00	1	0	60	0	Ct	0	0	0	3	2	6	3	2	0	2	2	4	2	0	2	1	0	3	2	0	3	0	2	1	1	3	6	2	2	1	2	2	1	0
121514	13 Oct 25	21:18:00	1	0	60	0	Ct	0	0	0	1	3	3	3	2	0	1	2	2	1	3	3	0	0	3	1	0	4	0	7	7	8	1	3	3	2	1	1	3	1	3
121515	13 Oct 25	21:19:00	1	0	60	0	Ct	0	0	0	3	2	2	2	2	2	8	1	1	3	14	2	1	0	4	1	0	3	0	0	2	2	2	1	3	2	1	0	2	2	2
121516	13 Oct 25	21:20:00	1	0	60	0	Ct	0	0	0	3	3	1	2	3	1	4	2	0	3	2	1	1	0	3	2	0	4	3	0	1	2	1	1	4	2	1	0	1	2	4
121517	13 Oct 25	21:21:00	1	0	60	0	Ct	0	0	1	1	2	0	4	2	0	1	3	2	1	0	2	2	0	2	1	0	4	0	0	2	2	1	3	2	1	3	0	0	1	1
121518	13 Oct 25	21:22:00	1	0	60	0	Ct	0	0	1	2	3	0	2	1	2	3	3	3	2	0	1	2	0	3	1	0	4	0	0	2	2	1	2	2	2	0	2	1	2	6
121519	13 Oct 25	21:23:00	1	0	60	0	Ct	0	0	0	1	1	0	1	9	2	3	1	1	2	0	2	2	0	4	5	0	3	1	2	0	2	1	1	2	1	1	1	1	5	1
121520	13 Oct 25	21:24:00	1	0	60	0	Ct	0	0	0	1	1	3	1	2	0	29	3	2	1	0	1	2	0	5	2	0	4	2	0	3	2	3	2	3	1	2	1	1	2	1
121521	13 Oct 25	21:25:00	1	0	60	0	Ct	0	0	0	3	2	3	3	0	5	2	0	4	2	4	2	2	0	3	1	0	4	2	0	1	1	2	2	4	2	2	0	2	1	0
121522	13 Oct 25	21:26:00	1	0	60	0	Ct	0	0	0	2	3	0	1	0	1	1	3	3	2	1	3	2	0	3	3	0	4	1	2	2	3	2	1	5	2	0	1	1	6	1
121523	13 Oct 25	21:27:00	1	0	60	0	Ct	0	0	0	2	1	0	1	0	0	1	2	2	2	0	1	4	0	3	1	0	3	0	7	2	3	3	3	1	4	0	2	2	1	4
121524	13 Oct 25	21:28:00	1	0	60	0	Ct	0	0	0	1	2	1	0	1	1	0	2	1	2	0	1	3	0	2	2	0	2	0	1	3	1	2	3	0	2	1	1	1	1	1
121525	13 Oct 25	21:29:00	1	0	60	0	Ct	0	0	0	3	1	11	1	3	1	0	2	3	2	2	5	2	1	4	2	0	4	0	3	1	4	2	1	2	2	1	1	9	1	0
121526	13 Oct 25	21:30:00	1	0	60	0	Ct	0	0	2	2	2	2	3	3	3	1	2	3	3	3	4	2	0	3	1	0	3	1	1	0	5	0	2	3	1	2	1	2	1	3
121527	13 Oct 25	21:31:00	1	0	60	0	Ct	0	0	2	1	2	3	5	2	3	3	3	5	1	0	3	2	0	4	2	0	3	1	1	0	0	3	2	3	2	2	0	3	1	1
121528	13 Oct 25	21:32:00	1	0	60	0	Ct	0	0	4	1	3	0	1	1	0	3	2	2	2	0	3	3	0	3	3	0	1	1	0	4	1	1	2	3	2	4	0	1	1	3
121529	13 Oct 25	21:33:00	1	0	60	0	Ct	0	0	2	1	1	0	0	0	2	2	3	3	1	3	3	0	0	4	1	0	2	1	4	3	0	4	1	4	2	1	0	3	0	1
121530	13 Oct 25	21:34:00	1	0	60	0	Ct	0	0	4	1	1	0	1	0	1	2	3	3	5	3	3	2	0	3	2	0	4	1	3	1	1	2	1	1	3	3	0	1	2	6
121531	13 Oct 25	21:35:00	1	0	60	0	Ct	0	0	1	1	2	0	2	0	6	1	1	3	1	2	2	1	0	3	1	0	5	1	2	1	5	2	1	0	1	1	0	1	0	1
121532	13 Oct 25	21:36:00	1	0	60	0	Ct	0	0	1	0	2	0	3	1	2	3	3	3	1	1	2	2	3	4	1	0	6	1	2	2	2	0	1	3	1	2	0	0	1	3
121533	13 Oct 25	21:37:00	1	0	60	0	Ct	0	0	0	2	4	7	2	3	1	1	1	3	1	0	1	0	1	3	2	0	4	1	2	3	1	2	2	2	4	1	0	5	0	1
121534	13 Oct 25	21:38:00	1	0	60	0	Ct	0	0	0	2	2	0	3	1	0	0	1	1	1	6	3	3	0	2	0	0	4	0	2	1	3	1	2	3	1	1	0	3	0	1
121535	13 Oct 25	21:39:00	1	0	60	0	Ct	0	0	0	1	2	2	1	4	0	0	3	0	2	6	1	1	0	3	2	0	4	1	1	1	2	3	1	3	2	1	0	9	2	2
121536	13 Oct 25	21:40:00	1	0	60	0	Ct	0	0	1	1	1	1	2	1	2	1	1	0	0	1	2	0	7	4	2	0	4	1	3	1	3	2	2	2	3	1	0	3	1	3
121537	13 Oct 25	21:41:00	1	0	60	0	Ct	0	0	6	2	1	0	2	5	0	1	1	0	0	6	2	1	0	3	2	0	6	0	1	2	3	2	1	3	1	2	1	2	2	2
121538	13 Oct 25	21:42:00	1	0	60	0	Ct	0	0	0	3	3	2	3	1	0	0	1	0	0	0	2	4	0	1	2	0	5	3	2	1	4	2	2	3	3	0	3	4	2	2
121539	13 Oct 25	21:43:00	1	0	60	0	Ct	0	0	2	2	2	2	0	2	0	3	1	0	3	2	4	3	0	0	2	0	2	2	3	2	2	1	2	3	1	0	1	4	1	2
121540	13 Oct 25	21:44:00	1	0	60	0	Ct	0	0	2	2	2	1	0	2	4	0	0	1	1	0	2	0	5	4	2	0	2	0	2	1	0	1	0	2	2	0	2	9	0	2
121541	13 Oct 25	21:45:00	1	0	60	0	Ct	0	0	1	2	1	2	1	2	1	1	1	4	2	3	1	6	0	4	1	0	3	0	2	2	0	2	2	3	2	2	3	6	0	3
121542	13 Oct 25	21:46:00	1	0	60	0	Ct	0	0	3	0	1	2	2	1	1	1	3	4	0	2	2	1	0	4	1	0	3	0	1	2	0	2	1	1	2	1	1	1	10	2
121543	13 Oct 25	21:47:00	1	0	60	0	Ct	0	0	1	1	1	2	2	1	3	1	1	3	0	9	3	1	1	4	2	0	3	4	2	1	2	1	1	2	1	1	1	2	3	3
121544	13 Oct 25	21:48:00	1	0	60	0	Ct	0	0	0	2	2	0	2	2	1	2	2	3	0	4	5	2	7	2	1	0	3	0	2	1	1	4	5	2	0	3	0	2	2	1
121545	13 Oct 25	21:49:00	1	0	60	0	Ct	0	0	0	2	0	5	3	0	2	3	2	5	2	8	4	1	4	5	1	0	3	0	2	2	5	1	2	2	3	0	0	1	3	2
121546	13 Oct 25	21:50:00	1	0	60	0	Ct	0	0	0	1	3	1	1	0	0	0	2	4	3	7	3	1	0	3	1	0	1	2	4	2	7	1	3	4	2	1	0	0	3	1
121547	13 Oct 25	21:51:00	1	0	60	0	Ct	0	0	2	2	3	4	3	0	2	3	1	3	2	1	2	4	2	5	3	0	4	1	0	2	0	2	3	1	2	4	0	0	1	1
121548	13 Oct 25	21:52:00	1	0	60	0	Ct	0	0	0	2	1	0	1	0	0	2	5	2	4	0	3	2	3	2	3	0	3	1	0	1	3	2	1	1	1	1	0	0	0	2
121549	13 Oct 25	21:53:00	1	0	60	0	Ct	0	0	1	2	3	0	5	0	2	2	4	3	0	1	1	2	2	3	1	0	5	1	6	1	1	2	3	1	2	2	0	0	2	5
121550	13 Oct 25	21:54:00	1	0	60	0	Ct	0	0	2	3	1	0	2	3	11	2	3	3	0	0	1	2	0	1	3	0	4	0	1	2	1	1	0	0	2	1	1	0	4	1
121551	13 Oct 25	21:55:00	1	0	60	0	Ct	0	0	2	1	0	4	4	3	1	3	2	3	2	7	1	2	6	4	2	0	4	0	1	2	5	1	3	0	2	2	2	0	0	5
121552	13 Oct 25	21:56:00	1	0	60	0	Ct	0	0	1	0	3	1	2	3	2	1	2	3	2	3	2	5	2	4	2	0	4	3	2	2	0	1	2	1	5	0	1	0	2	1
121553	13 Oct 25	21:57:00	1	0	60	0	Ct	0	0	0	1	2	2	2	1	1	2	3	3	4	0	3	1	0	2	2	0	5	1	1	2	0	2	1	6	1	2	1	0	0	5
121554	13 Oct 25	21:58:00	1	0	60	0	Ct	0	0	0	3	0	6	3	1	1	2	2	3	3	0	2	2	13	5	2	0	3	2	3	1	0	2	2	10	1	4	1	0	1	2
121555	13 Oct 25	21:59:00	1	0	60	0	Ct	0	0	4	2	0	0	2	2	1	3	0	3	3	0	3	3	1	3	1	0	4	0	2	2	1	2	2	2	2	1	1	0	2	2
121556	13 Oct 25	22:00:00	1	0	60	0	Ct	0	0	0	1	0	0	2	2	1	3	0	1	3	2	4	2	1	3	0	0	4	3	4	0	3	0	3	4	2	0	1	0	1	2
121557	13 Oct 25	22:01:00	1	0	60	0	Ct	0	0	0	3	0	0	1	1	1	3	2	4	1	5	1	1	2	4	0	0	3	0	1	2	1	0	2	4	1	0	3	1	1	3
121558	13 Oct 25	22:02:00	1	0	60	0	Ct	0	0	2	3	0	0	2	1	0	3	2	3	1	6	1	0	1	4	1	0	5	2	2	1	0	1	3	4	2	1	1	2	0	2
121559	13 Oct 25	22:03:00	1	0	60	0	Ct	0	0	0	0	0	0	4	2	2	1	2	7	1	0	2	1	1	3	1	0	3	2	0	3	1	3	2	3	2	1	4	2	2	1
121560	13 Oct 25	22:04:00	1	0	60	0	Ct	0	0	0	0	0	0	2	1	2	1	3	3	0	0	1	2	4	3	0	0	4	1	3	1	1	1	2	3	2	3	1	0	0	4
121561	13 Oct 25	22:05:00	1	0	60	0	Ct	0	0	0	0	1	0	3	0	1	3	2	3	1	1	2	1	0	4	1	0	3	1	1	0	2	1	3	4	3	3	1	1	1	0
121562	13 Oct 25	22:06:00	1	0	60	0	Ct	0	0	1	0	0	0	3	1	2	3	3	0	2	7	2	1	1	4	3	0	5	1	1	1	3	2	2	2	3	1	3	0	0	3
121563	13 Oct 25	22:07:00	1	0	60	0	Ct	0	0	1	4	5	0	2	2	3	3	2	1	1	4	2	3	0	3	1	0	2	1	1	3	2	3	1	3	4	0	3	4	0	2
121564	13 Oct 25	22:08:00	1	0	60	0	Ct	0	0	0	3	2	0	0	1	1	2	2	3	3	2	2	2	0	2	2	0	3	3	0	2	2	2	2	4	1	0	0	1	0	2
121565	13 Oct 25	22:09:00	1	0	60	0	Ct	0	0	0	2	0	0	2	0	1	2	0	3	2	3	3	1	1	2	1	0	4	0	1	1	1	2	1	4	1	5	0	3	0	5
121566	13 Oct 25	22:10:00	1	0	60	0	Ct	0	0	2	3	1	7	3	1	2	2	0	2	2	0	1	2	2	3	2	0	4	4	2	2	1	2	1	4	1	3	1	0	0	3
121567	13 Oct 25	22:11:00	1	0	60	0	Ct	0	0	3	3	2	0	4	2	0	3	0	3	1	0	3	2	1	4	1	0	2	0	2	2	2	2	1	4	2	2	1	3	0	2
121568	13 Oct 25	22:12:00	1	0	60	0	Ct	0	0	2	3	0	4	0	6	4	2	0	1	0	0	1	2	0	5	3	0	4	1	0	2	1	1	1	4	2	1	4	6	0	3
121569	13 Oct 25	22:13:00	1	0	60	0	Ct	0	0	5	2	0	0	2	2	1	3	0	1	0	2	1	3	0	2	1	0	4	3	2	2	1	4	2	4	2	2	5	3	0	3
121570	13 Oct 25	22:14:00	1	0	60	0	Ct	0	0	0	2	0	0	1	1	1	3	1	4	1	5	4	2	9	1	3	0	3	0	2	2	2	2	0	3	0	3	2	1	3	3
121571	13 Oct 25	22:15:00	1	0	60	0	Ct	0	0	1	2	1	3	1	4	2	2	1	1	1	0	3	2	7	2	3	0	5	2	2	3	2	1	5	3	2	3	2	3	3	2
121572	13 Oct 25	22:16:00	1	0	60	0	Ct	0	0	0	5	0	1	2	2	2	2	3	2	2	4	1	3	4	0	1	0	4	1	0	2	0	0	1	3	1	1	2	5	2	5
121573	13 Oct 25	22:17:00	1	0	60	0	Ct	0	0	0	6	0	0	6	1	2	0	3	2	0	6	4	2	0	2	1	0	5	1	0	0	0	2	2	2	2	2	2	1	0	1
121574	13 Oct 25	22:18:00	1	0	60	0	Ct	0	0	0	3	0	0	4	0	2	0	2	3	1	0	2	4	0	3	3	0	5	2	3	1	0	3	1	3	3	2	4	1	2	3
121575	13 Oct 25	22:19:00	1	0	60	0	Ct	0	0	0	0	0	2	3	1	1	2	2	4	1	4	2	3	0	2	1	0	4	0	3	3	0	1	1	17	2	1	0	3	1	3
121576	13 Oct 25	22:20:00	1	0	60	0	Ct	0	0	0	1	0	8	3	2	1	1	2	1	2	1	3	0	0	5	1	0	5	0	2	2	0	3	4	0	2	1	0	3	1	2
121577	13 Oct 25	22:21:00	1	0	60	0	Ct	0	0	0	2	0	4	2	1	3	4	2	3	2	2	2	2	0	3	2	0	4	5	0	4	1	0	0	3	2	1	0	0	3	3
121578	13 Oct 25	22:22:00	1	0	60	0	Ct	0	0	0	1	0	2	3	0	1	2	0	1	0	2	2	7	0	5	3	0	4	0	0	2	2	3	2	4	2	1	0	0	2	1
121579	13 Oct 25	22:23:00	1	0	60	0	Ct	0	0	0	4	0	0	1	3	2	2	1	0	7	4	3	2	2	2	1	0	3	1	3	1	0	1	2	3	2	2	2	0	0	2
121580	13 Oct 25	22:24:00	1	0	60	0	Ct	0	0	0	0	1	0	4	0	0	0	1	1	0	0	1	1	0	5	1	0	4	2	0	1	0	0	2	3	1	2	0	0	1	2
121581	13 Oct 25	22:25:00	1	0	60	0	Ct	0	0	1	2	3	0	2	2	2	0	0	3	2	6	2	0	0	0	1	0	3	3	5	1	0	0	1	4	2	0	2	1	2	2
121582	13 Oct 25	22:26:00	1	0	60	0	Ct	0	0	1	4	4	4	4	0	1	0	0	3	0	0	5	3	0	0	3	0	4	1	0	3	0	2	1	4	3	0	0	1	1	2
121583	13 Oct 25	22:27:00	1	0	60	0	Ct	0	0	0	2	0	5	2	0	2	3	1	4	0	0	1	3	0	0	2	0	3	1	6	1	0	2	2	3	4	1	2	3	2	4
121584	13 Oct 25	22:28:00	1	0	60	0	Ct	0	0	1	1	0	1	2	4	2	2	3	3	0	3	1	2	3	2	1	0	4	0	3	1	0	1	1	0	2	0	1	3	0	2
121585	13 Oct 25	22:29:00	1	0	60	0	Ct	0	0	1	3	0	1	4	4	2	2	5	1	0	0	0	2	5	2	2	0	4	3	1	2	0	2	1	2	2	0	3	3	0	1
121586	13 Oct 25	22:30:00	1	0	60	0	Ct	0	0	1	3	0	0	3	3	1	2	4	1	2	2	1	2	4	3	3	0	4	9	0	2	0	0	2	2	1	6	2	1	0	1
121587	13 Oct 25	22:31:00	1	0	60	0	Ct	0	0	2	1	0	0	2	1	2	2	2	2	1	2	4	2	5	4	4	0	4	2	3	1	3	2	1	3	3	1	2	2	0	0
121588	13 Oct 25	22:32:00	1	0	60	0	Ct	0	0	2	1	0	0	2	2	0	1	2	4	3	0	3	2	3	4	2	0	4	0	1	2	3	2	1	3	2	1	0	2	2	2
121589	13 Oct 25	22:33:00	1	0	60	0	Ct	0	0	1	1	0	1	2	2	1	3	2	3	0	3	3	2	0	3	2	0	5	1	2	2	5	3	1	2	1	0	1	1	1	3
121590	13 Oct 25	22:34:00	1	0	60	0	Ct	0	0	0	2	0	4	0	2	1	2	2	3	0	4	4	2	0	3	1	0	3	2	7	2	1	2	2	4	3	1	7	1	2	6
121591	13 Oct 25	22:35:00	1	0	60	0	Ct	0	0	0	2	0	0	3	1	7	2	2	4	0	0	3	2	1	0	2	0	4	3	0	2	1	2	1	4	2	0	0	1	3	5
121592	13 Oct 25	22:36:00	1	0	60	0	Ct	0	0	0	1	0	0	1	2	2	5	1	2	3	1	5	1	0	0	2	0	4	0	7	3	2	2	1	4	3	0	0	2	3	1
121593	13 Oct 25	22:37:00	1	0	60	0	Ct	0	0	0	2	1	0	2	1	0	14	2	2	1	2	3	0	1	3	2	0	3	1	0	3	1	2	1	0	4	1	1	3	2	1
121594	13 Oct 25	22:38:00	1	0	60	0	Ct	0	0	0	3	0	0	3	0	0	3	1	1	3	6	3	0	1	4	2	0	3	2	3	3	1	1	2	0	1	0	3	3	2	2
121595	13 Oct 25	22:39:00	1	0	60	0	Ct	0	0	2	2	0	4	2	0	0	8	1	0	0	19	4	1	0	0	1	0	3	0	8	2	2	2	1	3	0	2	0	2	1	2
121596	13 Oct 25	22:40:00	1	0	60	0	Ct	0	0	0	2	0	0	3	2	1	2	1	1	2	0	2	7	0	0	2	0	5	2	3	1	0	0	1	2	3	0	1	1	2	3
121597	13 Oct 25	22:41:00	1	0	60	0	Ct	0	0	0	1	0	3	4	1	0	2	3	2	2	1	3	2	0	2	1	0	4	2	6	1	0	0	3	4	1	2	3	4	1	2
121598	13 Oct 25	22:42:00	1	0	60	0	Ct	0	0	0	2	0	3	4	6	2	2	3	3	1	1	2	3	0	0	2	0	5	0	3	3	3	1	2	3	4	0	3	2	2	3
121599	13 Oct 25	22:43:00	1	0	60	0	Ct	0	0	0	4	0	0	4	3	1	1	2	3	0	5	4	3	2	0	0	0	3	6	0	2	4	3	1	2	2	1	3	2	2	2
121600	13 Oct 25	22:44:00	1	0	60	0	Ct	0	0	1	3	0	0	2	2	0	0	2	2	1	0	3	2	0	1	0	0	4	0	3	1	0	1	1	3	3	0	1	1	1	2
121601	13 Oct 25	22:45:00	1	0	60	0	Ct	0	0	1	3	0	4	2	0	1	0	1	1	1	0	5	2	0	0	2	0	4	0	1	0	0	3	2	2	3	0	1	1	0	4
121602	13 Oct 25	22:46:00	1	0	60	0	Ct	0	0	2	2	0	2	2	0	1	1	1	3	3	3	2	1	0	0	3	0	5	0	3	2	5	2	2	3	2	0	2	0	1	0
121603	13 Oct 25	22:47:00	1	0	60	0	Ct	0	0	0	3	2	2	3	0	1	2	4	3	0	0	2	3	1	0	2	0	7	2	4	2	2	2	4	3	3	0	0	4	0	1
121604	13 Oct 25	22:48:00	1	0	60	0	Ct	0	0	7	1	0	3	3	0	3	2	3	3	0	1	0	3	0	0	2	0	5	3	1	5	1	1	3	3	4	2	0	0	3	1
121605	13 Oct 25	22:49:00	1	0	60	0	Ct	0	0	0	1	0	3	4	0	2	1	2	1	2	1	1	1	1	0	2	0	5	2	4	2	3	1	1	3	1	3	1	1	2	1
121606	13 Oct 25	22:50:00	1	0	60	0	Ct	0	0	0	1	0	5	4	0	2	0	3	0	0	0	1	1	10	0	2	0	4	0	0	2	0	1	2	6	0	2	0	2	2	4
121607	13 Oct 25	22:51:00	1	0	60	0	Ct	0	0	0	3	0	1	5	0	1	1	1	3	0	0	2	1	0	0	2	0	3	3	2	2	2	1	1	2	1	1	2	2	3	2
121608	13 Oct 25	22:52:00	1	0	60	0	Ct	0	0	0	2	0	1	2	0	0	2	2	1	1	0	3	1	0	0	1	0	5	1	1	3	0	2	2	2	3	2	1	3	0	1
121609	13 Oct 25	22:53:00	1	0	60	0	Ct	0	0	2	4	0	0	3	0	2	3	2	4	6	0	3	2	0	0	2	0	6	2	2	2	0	2	1	5	3	1	0	2	3	3
121610	13 Oct 25	22:54:00	1	0	60	0	Ct	0	0	2	2	0	0	2	2	1	2	0	2	1	6	3	2	0	0	1	0	1	5	2	1	0	1	1	2	2	1	5	1	0	2
121611	13 Oct 25	22:55:00	1	0	60	0	Ct	0	0	0	1	0	0	1	0	0	1	0	2	2	4	3	1	4	0	1	0	4	0	2	0	0	1	1	0	1	1	1	9	1	2
121612	13 Oct 25	22:56:00	1	0	60	0	Ct	0	0	0	0	0	0	3	2	0	0	1	1	3	0	2	1	0	0	2	0	4	0	2	6	0	2	2	0	1	1	1	1	1	4
121613	13 Oct 25	22:57:00	1	0	60	0	Ct	0	0	2	0	0	0	1	1	1	0	2	3	2	0	2	1	0	0	1	0	3	1	1	1	0	2	2	0	1	0	1	2	1	2
121614	13 Oct 25	22:58:00	1	0	60	0	Ct	0	0	0	0	0	0	2	0	1	0	3	1	0	0	0	1	6	0	1	0	5	2	9	1	0	0	1	3	6	0	1	2	0	2
121615	13 Oct 25	22:59:00	1	0	60	0	Ct	0	0	0	0	0	0	2	0	3	0	3	0	2	0	2	1	1	0	1	0	4	0	9	2	0	2	4	4	2	0	2	1	3	3
121616	13 Oct 25	23:00:00	1	0	60	0	Ct	0	0	0	0	0	0	4	0	1	0	2	2	2	11	1	3	1	3	0	0	5	0	0	2	3	1	1	3	2	2	2	1	2	1
121617	13 Oct 25	23:01:00	1	0	60	0	Ct	0	0	0	0	0	0	6	0	1	1	2	3	4	0	2	1	1	6	4	0	4	0	2	2	0	2	3	3	3	3	2	0	1	2
121618	13 Oct 25	23:02:00	1	0	60	0	Ct	0	0	0	2	0	1	0	0	0	3	1	1	1	0	1	1	0	3	2	0	4	0	4	2	0	3	2	3	2	1	3	2	1	2
121619	13 Oct 25	23:03:00	1	0	60	0	Ct	0	0	0	0	0	0	1	0	0	0	1	1	2	0	2	3	7	2	3	0	3	2	0	1	0	1	2	4	2	0	4	3	1	3
121620	13 Oct 25	23:04:00	1	0	60	0	Ct	0	0	1	3	0	3	2	0	0	2	1	0	0	0	4	3	0	0	2	0	4	0	8	1	3	1	2	2	5	4	5	2	0	0
121621	13 Oct 25	23:05:00	1	0	60	0	Ct	0	0	1	3	0	0	2	0	0	1	2	0	0	0	0	2	10	0	2	0	4	1	20	0	1	1	2	2	2	1	2	3	1	1
121622	13 Oct 25	23:06:00	1	0	60	0	Ct	0	0	0	3	0	5	1	0	0	2	2	1	0	0	2	4	0	0	2	0	4	6	2	0	0	1	2	0	0	1	0	2	2	1
121623	13 Oct 25	23:07:00	1	0	60	0	Ct	0	0	0	3	0	6	3	2	0	1	0	0	0	0	3	1	0	0	1	0	3	2	2	0	0	1	1	4	4	1	0	2	2	1
121624	13 Oct 25	23:08:00	1	0	60	0	Ct	0	0	0	3	0	0	2	2	0	2	0	0	1	7	2	2	0	0	1	0	4	0	3	3	2	2	1	3	7	0	0	1	2	3
121625	13 Oct 25	23:09:00	1	0	60	0	Ct	0	0	0	2	0	0	4	2	0	5	1	1	2	0	3	1	0	0	0	0	4	1	3	2	0	0	0	1	2	3	0	3	2	2
121626	13 Oct 25	23:10:00	1	0	60	0	Ct	0	0	0	2	0	0	2	2	0	2	2	3	1	0	2	4	3	0	0	0	4	1	5	1	0	3	4	3	1	1	0	1	0	3
121627	13 Oct 25	23:11:00	1	0	60	0	Ct	0	0	2	1	0	0	2	2	0	1	2	3	2	3	3	2	0	0	0	0	4	0	0	2	0	0	2	3	0	3	0	9	2	1
121628	13 Oct 25	23:12:00	1	0	60	0	Ct	0	0	1	2	1	0	1	2	0	2	2	2	1	4	4	0	0	4	1	0	4	3	3	3	0	0	1	5	0	1	0	3	2	2
121629	13 Oct 25	23:13:00	1	0	60	0	Ct	0	0	0	2	0	0	2	2	0	2	3	0	1	1	3	0	0	2	0	0	4	0	2	1	0	6	2	4	1	2	2	0	1	3
121630	13 Oct 25	23:14:00	1	0	60	0	Ct	0	0	2	4	0	0	3	1	2	2	1	1	6	0	3	0	0	2	0	0	3	1	4	2	1	2	4	0	2	0	0	1	1	2
121631	13 Oct 25	23:15:00	1	0	60	0	Ct	0	0	1	2	0	0	1	4	1	2	4	1	1	0	1	1	0	0	1	0	5	1	1	1	0	0	1	3	2	1	1	4	6	2
121632	13 Oct 25	23:16:00	1	0	60	0	Ct	0	0	3	2	0	0	2	2	5	3	3	3	0	0	1	3	0	0	0	0	4	0	6	2	2	1	5	2	2	2	2	1	1	0
121633	13 Oct 25	23:17:00	1	0	60	0	Ct	0	0	4	1	0	0	5	2	2	1	3	3	1	5	2	2	0	0	2	0	3	1	0	3	1	1	2	2	2	2	1	2	1	0
121634	13 Oct 25	23:18:00	1	0	60	0	Ct	0	0	0	0	0	0	3	4	3	1	0	0	4	3	2	12	0	0	2	0	4	2	0	0	1	0	9	2	4	2	2	1	2	3
121635	13 Oct 25	23:19:00	1	0	60	0	Ct	0	0	0	1	0	0	2	0	0	4	2	0	1	0	2	2	0	3	2	0	3	7	3	2	0	1	1	2	4	1	2	1	1	2
121636	13 Oct 25	23:20:00	1	0	60	0	Ct	0	0	0	3	1	0	3	0	2	2	0	1	2	0	1	9	0	0	2	0	3	1	3	2	1	1	3	0	0	1	0	0	1	3
121637	13 Oct 25	23:21:00	1	0	60	0	Ct	0	0	0	2	1	0	0	0	0	2	1	0	1	5	3	1	0	0	2	0	4	0	1	2	0	7	0	1	0	0	2	4	2	4
121638	13 Oct 25	23:22:00	1	0	60	0	Ct	0	0	2	0	0	0	3	0	0	1	3	0	1	0	2	4	0	3	2	0	5	0	4	0	0	7	5	3	4	1	1	13	0	2
121639	13 Oct 25	23:23:00	1	0	60	0	Ct	0	0	2	0	0	0	1	0	0	0	2	0	1	1	2	2	0	3	1	0	3	1	1	1	0	0	3	2	2	1	1	3	1	3
121640	13 Oct 25	23:24:00	1	0	60	0	Ct	0	0	3	3	0	0	2	0	0	0	1	3	4	0	2	1	0	4	2	0	3	0	2	1	0	0	3	1	1	0	2	2	4	2
121641	13 Oct 25	23:25:00	1	0	60	0	Ct	0	0	0	0	1	3	2	2	0	3	1	0	0	0	1	2	0	0	2	0	2	1	1	2	0	0	0	1	1	0	1	4	1	2
121642	13 Oct 25	23:26:00	1	0	60	0	Ct	0	0	0	0	0	1	6	4	0	2	5	0	0	1	2	4	0	0	1	0	2	4	5	1	0	0	10	2	0	0	1	0	2	4
121643	13 Oct 25	23:27:00	1	0	60	0	Ct	0	0	0	0	1	0	1	4	0	2	3	0	0	20	0	3	0	0	2	0	3	1	2	2	0	0	6	2	1	0	2	0	2	1
121644	13 Oct 25	23:28:00	1	0	60	0	Ct	0	0	0	0	0	0	1	4	0	2	2	0	0	0	0	3	0	0	3	0	5	1	1	1	0	4	2	0	0	3	2	2	1	0
121645	13 Oct 25	23:29:00	1	0	60	0	Ct	0	0	0	0	0	5	2	1	2	1	2	1	0	8	0	2	0	0	1	0	4	2	2	1	0	1	0	0	1	7	0	5	1	1
121646	13 Oct 25	23:30:00	1	0	60	0	Ct	0	0	0	0	0	0	5	3	0	0	2	2	7	0	0	3	0	0	2	0	4	2	2	5	0	0	0	1	1	2	0	2	0	2
121647	13 Oct 25	23:31:00	1	0	60	0	Ct	0	0	0	0	0	1	2	2	4	1	0	1	3	3	1	2	0	2	1	0	4	0	2	0	0	0	0	2	2	1	2	5	0	2
121648	13 Oct 25	23:32:00	1	0	60	0	Ct	0	0	0	0	0	1	4	0	0	1	2	1	1	0	2	3	0	2	1	0	4	0	2	2	0	0	3	2	2	1	1	1	1	5
121649	13 Oct 25	23:33:00	1	0	60	0	Ct	0	0	0	0	0	3	3	1	0	38	2	0	0	3	2	0	0	3	2	0	4	0	3	2	0	0	1	1	1	2	1	0	2	1
121650	13 Oct 25	23:34:00	1	0	60	0	Ct	0	0	0	0	0	1	4	2	0	7	1	0	0	0	2	4	0	2	1	0	1	0	0	2	0	4	1	0	0	1	2	0	1	3
121651	13 Oct 25	23:35:00	1	0	60	0	Ct	0	0	0	0	0	0	4	2	0	1	2	0	7	0	2	2	0	2	1	0	4	2	0	1	0	1	0	0	0	1	1	3	0	2
121652	13 Oct 25	23:36:00	1	0	60	0	Ct	0	0	1	0	0	3	2	1	0	0	2	0	1	0	4	1	0	0	0	0	2	1	3	1	0	4	3	0	3	0	2	2	6	2
121653	13 Oct 25	23:37:00	1	0	60	0	Ct	0	0	1	0	0	2	2	2	0	2	2	0	0	0	3	2	0	1	0	0	2	0	3	2	0	4	0	0	1	0	0	3	1	3
121654	13 Oct 25	23:38:00	1	0	60	0	Ct	0	0	0	0	2	1	5	2	0	1	4	0	0	0	1	2	0	1	1	0	2	2	3	1	0	2	0	0	1	1	1	2	0	1
121655	13 Oct 25	23:39:00	1	0	60	0	Ct	0	0	0	3	1	10	4	1	0	2	2	0	0	5	1	1	0	0	1	0	1	1	4	2	0	1	0	2	2	0	0	2	1	4
121656	13 Oct 25	23:40:00	1	0	60	0	Ct	0	0	0	1	1	0	2	2	0	5	3	0	1	0	1	1	0	1	1	0	4	1	10	2	0	2	0	2	3	1	0	3	2	2
121657	13 Oct 25	23:41:00	1	0	60	0	Ct	0	0	0	0	0	2	3	1	0	1	4	5	0	0	2	3	0	2	1	0	5	0	11	2	0	0	0	2	2	2	1	1	2	2
121658	13 Oct 25	23:42:00	1	0	60	0	Ct	0	0	0	0	2	0	3	1	0	0	2	0	0	1	0	2	0	0	1	0	4	0	9	2	0	3	1	2	3	5	0	0	0	11
121659	13 Oct 25	23:43:00	1	0	60	0	Ct	0	0	0	0	0	0	4	2	0	0	2	0	0	0	0	2	0	0	0	0	4	0	12	2	0	2	1	1	3	4	1	0	1	5
121660	13 Oct 25	23:44:00	1	0	60	0	Ct	0	0	1	0	0	0	3	1	0	0	1	1	0	0	1	1	0	0	0	0	4	1	26	3	0	1	0	3	0	3	1	0	2	2
121661	13 Oct 25	23:45:00	1	0	60	0	Ct	0	0	1	0	0	0	2	1	0	0	3	0	0	0	3	1	0	0	0	0	3	3	26	1	2	2	1	1	4	1	1	3	0	4
121662	13 Oct 25	23:46:00	1	0	60	0	Ct	0	0	1	0	0	0	3	1	0	0	1	1	0	0	3	1	0	3	0	0	4	0	12	1	0	10	2	4	3	0	2	1	0	2
121663	13 Oct 25	23:47:00	1	0	60	0	Ct	0	0	1	0	0	0	2	2	0	1	1	0	0	1	3	1	0	2	0	0	2	0	0	1	0	0	0	3	2	2	2	4	0	4
121664	13 Oct 25	23:48:00	1	0	60	0	Ct	0	0	0	0	0	8	7	2	3	3	1	0	0	0	3	5	0	3	0	0	3	1	0	1	0	0	0	2	3	1	1	3	0	3
121665	13 Oct 25	23:49:00	1	0	60	0	Ct	0	0	0	0	0	2	3	1	0	0	2	0	1	0	2	0	0	1	0	0	1	1	0	4	0	0	0	1	0	1	0	4	0	2
121666	13 Oct 25	23:50:00	1	0	60	0	Ct	0	0	0	0	0	15	2	2	0	0	3	0	1	0	6	0	0	0	0	0	1	0	0	1	0	0	0	1	2	2	0	2	0	1
121667	13 Oct 25	23:51:00	1	0	60	0	Ct	0	0	0	0	0	0	1	1	0	0	4	2	1	3	1	0	2	0	0	0	3	0	0	1	0	0	0	2	1	3	0	1	0	3
121668	13 Oct 25	23:52:00	1	0	60	0	Ct	0	0	0	0	2	2	3	2	0	1	5	1	2	6	2	2	0	0	0	0	4	2	1	1	0	0	0	0	0	1	0	11	0	1
121669	13 Oct 25	23:53:00	1	0	60	0	Ct	0	0	0	0	2	0	3	1	0	0	2	2	0	5	1	2	1	0	0	0	5	0	0	1	3	0	0	0	4	4	0	1	0	4
121670	13 Oct 25	23:54:00	1	0	60	0	Ct	0	0	0	0	0	5	3	2	0	0	1	0	1	0	1	2	0	0	0	0	3	1	0	1	1	0	0	0	1	0	0	7	0	1
121671	13 Oct 25	23:55:00	1	0	60	0	Ct	0	0	0	0	0	0	4	2	0	0	2	0	2	0	2	2	0	0	0	0	3	1	1	2	3	0	0	0	3	1	1	0	0	4
121672	13 Oct 25	23:56:00	1	0	60	0	Ct	0	0	0	0	0	5	4	6	3	0	2	2	2	0	3	0	0	0	0	0	2	1	4	0	1	0	0	0	1	2	0	0	0	2
121673	13 Oct 25	23:57:00	1	0	60	0	Ct	0	0	1	0	0	0	2	1	0	0	3	0	1	0	1	0	0	0	0	0	4	0	19	1	0	2	0	2	4	3	0	0	0	0
121674	13 Oct 25	23:58:00	1	0	60	0	Ct	0	0	1	0	0	0	1	2	0	0	2	0	2	2	3	1	15	0	0	0	2	0	17	1	0	4	0	0	3	0	1	0	0	1
121675	13 Oct 25	23:59:00	1	0	60	0	Ct	0	0	0	0	0	0	1	0	0	0	2	0	1	0	2	2	0	0	0	0	1	0	6	3	0	1	0	0	5	0	0	1	0	2
121676	14 Oct 25	00:00:00	1	0	60	0	Ct	0	0	0	0	0	1	2	2	0	0	2	8	1	0	1	1	0	0	0	0	0	0	1	2	0	2	2	0	1	1	4	0	0	4
121677	14 Oct 25	00:01:00	1	0	60	0	Ct	0	0	0	0	0	0	2	0	0	1	1	1	1	4	1	1	1	2	0	0	1	7	3	2	0	0	8	0	0	0	0	0	0	3
121678	14 Oct 25	00:02:00	1	0	60	0	Ct	0	0	0	0	0	7	3	1	0	0	2	1	0	12	2	0	0	2	0	0	0	2	0	1	0	3	0	0	0	0	0	2	0	1
121679	14 Oct 25	00:03:00	1	0	60	0	Ct	0	0	0	0	0	5	2	2	0	0	3	1	1	2	2	0	0	7	0	0	2	0	0	2	0	1	2	0	1	5	0	0	0	2
121680	14 Oct 25	00:04:00	1	0	60	0	Ct	0	0	0	0	0	0	1	1	0	0	3	1	0	0	2	0	0	6	0	0	2	0	0	0	0	2	0	1	2	2	1	0	0	0
121681	14 Oct 25	00:05:00	1	0	60	0	Ct	0	0	0	1	3	0	0	2	0	0	2	2	0	0	1	0	0	4	1	0	4	0	3	1	0	1	2	2	2	2	0	0	1	6
121682	14 Oct 25	00:06:00	1	0	60	0	Ct	0	0	0	1	0	0	2	2	0	0	2	0	0	5	0	0	0	12	0	0	4	0	1	2	0	1	0	0	2	0	1	2	1	3
121683	14 Oct 25	00:07:00	1	0	60	0	Ct	0	0	1	0	0	2	5	3	0	0	1	0	0	1	2	0	0	0	0	0	3	1	2	2	0	0	1	0	1	2	1	0	2	2
121684	14 Oct 25	00:08:00	1	0	60	0	Ct	0	0	0	0	0	8	2	1	0	0	1	0	0	5	2	0	0	4	0	0	3	7	2	1	0	0	0	0	7	1	1	2	7	1
121685	14 Oct 25	00:09:00	1	0	60	0	Ct	0	0	2	2	0	0	5	4	0	0	1	0	0	1	0	0	0	1	0	0	1	3	2	1	0	2	0	0	2	0	1	2	1	2
121686	14 Oct 25	00:10:00	1	0	60	0	Ct	0	0	2	0	0	0	1	1	0	0	5	0	0	0	0	0	0	2	0	0	3	3	3	0	0	1	0	0	1	1	4	3	0	2
121687	14 Oct 25	00:11:00	1	0	60	0	Ct	0	0	0	0	0	4	3	1	0	0	3	0	0	1	3	0	0	0	1	0	4	8	4	3	0	1	0	0	1	5	0	0	1	1
121688	14 Oct 25	00:12:00	1	0	60	0	Ct	0	0	0	0	0	0	4	1	0	0	3	0	0	1	1	0	0	0	1	0	3	1	2	2	0	1	0	0	2	2	2	0	0	1
121689	14 Oct 25	00:13:00	1	0	60	0	Ct	0	0	0	0	0	0	1	1	0	0	2	0	0	10	0	0	0	0	15	0	3	1	5	0	0	1	0	0	0	3	1	0	0	1
121690	14 Oct 25	00:14:00	1	0	60	0	Ct	0	0	0	0	0	0	2	1	0	0	3	0	0	6	3	0	0	0	16	0	4	1	2	0	0	0	0	0	2	1	5	1	0	2
121691	14 Oct 25	00:15:00	1	0	60	0	Ct	0	0	0	1	0	0	3	3	0	0	2	5	0	0	4	0	0	0	28	0	2	2	0	0	1	1	0	0	2	0	2	1	0	0
121692	14 Oct 25	00:16:00	1	0	60	0	Ct	0	0	0	0	5	0	6	1	0	0	5	0	0	0	0	0	0	0	5	0	3	1	0	0	3	1	0	0	1	2	3	7	0	3
121693	14 Oct 25	00:17:00	1	0	60	0	Ct	0	0	0	0	2	0	1	1	0	0	1	0	0	2	3	0	0	0	0	0	2	3	0	5	0	0	0	0	2	1	2	5	0	2
121694	14 Oct 25	00:18:00	1	0	60	0	Ct	0	0	0	0	3	0	1	2	0	0	2	0	0	6	2	0	0	0	0	0	2	4	2	2	0	1	0	0	24	0	5	4	0	2
121695	14 Oct 25	00:19:00	1	0	60	0	Ct	0	0	0	0	3	0	3	0	0	0	1	2	0	1	3	0	0	0	0	0	0	1	2	3	0	1	0	0	21	0	1	5	0	1
121696	14 Oct 25	00:20:00	1	0	60	0	Ct	0	0	1	0	3	0	3	1	0	0	0	0	0	0	5	0	0	0	0	0	1	4	0	1	0	1	0	0	5	3	0	26	0	0
121697	14 Oct 25	00:21:00	1	0	60	0	Ct	0	0	1	0	3	0	1	2	0	0	2	0	1	0	3	0	0	0	0	0	1	0	2	2	2	0	0	0	2	4	0	20	0	0
121698	14 Oct 25	00:22:00	1	0	60	0	Ct	0	0	1	0	3	0	3	2	0	0	1	0	1	0	4	0	0	2	0	0	2	1	7	2	3	9	0	0	0	0	1	3	0	1
121699	14 Oct 25	00:23:00	1	0	60	0	Ct	0	0	2	0	3	0	0	1	0	0	1	0	2	0	1	0	0	3	0	0	2	0	9	1	0	0	0	0	0	3	1	2	0	2
121700	14 Oct 25	00:24:00	1	0	60	0	Ct	0	0	0	1	3	0	2	0	0	7	1	0	2	0	1	0	0	2	0	0	2	2	0	0	0	0	0	0	0	0	3	2	0	2
121701	14 Oct 25	00:25:00	1	0	60	0	Ct	0	0	0	0	3	0	3	0	0	1	1	0	0	0	1	2	0	2	0	0	0	1	0	1	3	0	0	0	2	2	5	3	0	2
121702	14 Oct 25	00:26:00	1	0	60	0	Ct	0	0	0	0	3	0	2	4	0	0	1	0	3	0	0	5	0	0	0	0	0	1	0	1	0	2	0	0	0	0	1	1	0	1
121703	14 Oct 25	00:27:00	1	0	60	0	Ct	0	0	0	0	2	0	2	2	0	0	1	0	0	6	0	1	2	0	0	0	0	1	0	0	2	0	0	0	2	0	3	6	0	3
121704	14 Oct 25	00:28:00	1	0	60	0	Ct	0	0	0	0	4	0	0	0	0	0	2	1	0	0	0	1	1	0	0	0	0	1	0	1	0	0	0	0	0	0	5	4	0	2
121705	14 Oct 25	00:29:00	1	0	60	0	Ct	0	0	0	0	3	0	4	0	0	0	0	1	3	0	1	3	3	0	0	0	0	1	0	0	0	2	3	0	2	0	1	0	0	2
121706	14 Oct 25	00:30:00	1	0	60	0	Ct	0	0	0	0	1	0	0	1	0	0	1	0	0	1	2	12	0	0	0	0	0	2	1	1	0	0	5	0	0	0	0	0	0	3
121707	14 Oct 25	00:31:00	1	0	60	0	Ct	0	0	0	0	3	0	8	6	0	0	1	0	1	1	0	1	0	2	2	0	0	0	0	2	2	0	0	0	0	0	1	2	0	2
121708	14 Oct 25	00:32:00	1	0	60	0	Ct	0	0	0	0	3	0	3	0	0	0	3	0	3	0	0	2	0	3	0	0	0	0	0	2	3	0	0	0	0	0	3	3	0	1
121709	14 Oct 25	00:33:00	1	0	60	0	Ct	0	0	0	0	3	0	2	2	0	0	1	0	1	2	1	4	0	2	0	0	0	0	0	0	0	0	0	0	0	0	1	4	0	1
121710	14 Oct 25	00:34:00	1	0	60	0	Ct	0	0	0	0	3	0	0	0	0	0	5	0	4	0	2	1	0	3	0	0	0	6	0	2	0	0	0	0	0	0	1	1	0	2
121711	14 Oct 25	00:35:00	1	0	60	0	Ct	0	0	0	0	3	0	3	0	0	0	0	0	3	0	2	3	0	3	0	0	0	0	0	1	0	0	0	0	0	0	7	0	0	4
121712	14 Oct 25	00:36:00	1	0	60	0	Ct	0	0	0	0	2	0	3	0	0	0	0	0	4	0	2	0	0	2	0	0	0	1	2	1	0	0	0	0	0	0	3	0	0	2
121713	14 Oct 25	00:37:00	1	0	60	0	Ct	0	0	0	0	2	0	1	2	0	0	3	0	1	1	2	0	0	0	0	0	0	1	0	1	0	0	0	0	0	0	4	0	0	2
121714	14 Oct 25	00:38:00	1	0	60	0	Ct	0	0	0	0	1	0	1	4	0	0	2	0	0	3	3	0	0	0	0	0	2	0	0	0	0	0	0	0	3	0	1	2	0	0
121715	14 Oct 25	00:39:00	1	0	60	0	Ct	0	0	0	0	4	2	0	0	0	0	0	0	0	0	2	0	0	0	0	0	0	0	1	3	0	2	0	0	2	0	2	3	0	1
121716	14 Oct 25	00:40:00	1	0	60	0	Ct	0	0	0	0	4	5	1	1	0	0	3	0	0	0	0	0	0	0	0	0	0	0	0	2	0	2	0	0	0	0	1	5	0	1
121717	14 Oct 25	00:41:00	1	0	60	0	Ct	0	0	0	0	2	0	0	1	0	0	1	0	0	0	0	0	0	0	4	0	0	0	2	2	0	2	0	0	0	0	1	2	0	0
121718	14 Oct 25	00:42:00	1	0	60	0	Ct	0	0	0	0	1	0	2	4	0	0	2	0	0	0	0	0	0	0	1	0	0	0	0	0	0	2	0	0	0	0	1	2	0	0
121719	14 Oct 25	00:43:00	1	0	60	0	Ct	0	0	2	1	3	4	3	3	0	0	0	0	0	0	0	0	0	0	0	0	0	0	0	0	0	3	5	0	0	0	2	2	0	0
121720	14 Oct 25	00:44:00	1	0	60	0	Ct	0	0	0	0	1	3	2	0	0	0	1	0	0	0	0	0	0	0	0	0	1	0	2	0	0	0	0	0	0	0	0	1	0	0
121721	14 Oct 25	00:45:00	1	0	60	0	Ct	0	0	1	5	0	3	1	4	0	2	1	0	0	6	0	0	0	0	0	0	0	0	0	0	0	0	0	0	0	0	2	11	0	0
121722	14 Oct 25	00:46:00	1	0	60	0	Ct	0	0	1	13	1	5	0	0	0	0	1	0	0	0	0	0	0	0	0	0	4	0	10	2	0	2	0	0	3	0	0	2	0	2
121723	14 Oct 25	00:47:00	1	0	60	0	Ct	0	0	2	15	1	6	2	0	0	0	1	0	0	0	0	0	0	0	0	0	1	0	3	0	0	0	0	0	1	0	0	2	0	2
121724	14 Oct 25	00:48:00	1	0	60	0	Ct	0	0	0	0	2	0	1	0	0	0	1	0	0	0	0	0	0	0	0	0	0	0	6	2	0	0	0	0	1	0	0	2	0	2
121725	14 Oct 25	00:49:00	1	0	60	0	Ct	0	0	0	0	3	0	4	0	0	0	0	0	1	0	0	0	0	0	0	0	0	0	2	1	0	0	0	0	2	0	3	3	0	4
121726	14 Oct 25	00:50:00	1	0	60	0	Ct	0	0	0	0	2	8	0	3	0	0	0	2	1	0	0	0	0	0	0	0	0	0	3	3	0	2	0	0	0	0	3	2	0	2
121727	14 Oct 25	00:51:00	1	0	60	0	Ct	0	0	0	0	3	3	1	0	0	0	0	0	2	2	0	0	0	0	1	0	0	0	0	2	0	1	0	0	1	0	3	1	0	1
121728	14 Oct 25	00:52:00	1	0	60	0	Ct	0	0	0	0	1	6	2	0	0	0	1	0	2	0	0	0	0	0	1	0	0	0	3	2	0	4	0	0	0	0	2	0	0	2
121729	14 Oct 25	00:53:00	1	0	60	0	Ct	0	0	0	0	2	6	1	1	0	0	2	0	1	5	0	0	0	0	0	0	0	0	1	1	0	0	0	0	0	0	2	2	0	1
121730	14 Oct 25	00:54:00	1	0	60	0	Ct	0	0	0	0	1	3	2	2	0	0	1	0	0	6	0	0	0	0	0	0	0	0	3	1	0	0	0	0	0	0	0	1	0	0
121731	14 Oct 25	00:55:00	1	0	60	0	Ct	0	0	0	0	2	3	0	2	0	0	1	0	0	0	0	0	0	0	0	0	0	0	1	1	0	0	0	0	0	0	2	0	0	0
121732	14 Oct 25	00:56:00	1	0	60	0	Ct	0	0	0	0	3	4	0	2	0	0	3	0	0	0	0	0	0	2	0	0	0	0	10	1	1	0	0	0	0	0	1	0	0	0
121733	14 Oct 25	00:57:00	1	0	60	0	Ct	0	0	0	0	1	1	0	1	0	0	2	0	0	0	0	0	0	0	0	0	0	0	1	2	5	0	0	0	0	0	1	0	0	3
121734	14 Oct 25	00:58:00	1	0	60	0	Ct	0	0	2	5	3	8	0	3	0	0	5	0	0	0	0	0	0	0	0	0	0	0	4	0	5	0	0	0	0	0	2	0	1	2
121735	14 Oct 25	00:59:00	1	0	60	0	Ct	0	0	2	0	3	18	0	1	0	0	2	0	0	1	0	0	0	0	0	0	0	0	26	4	7	0	0	0	0	3	2	0	0	4
121736	14 Oct 25	01:00:00	1	0	60	0	Ct	0	0	0	0	1	17	1	1	0	0	0	0	0	4	0	0	0	0	0	0	0	0	13	3	4	0	0	0	0	11	1	0	0	2
121737	14 Oct 25	01:01:00	1	0	60	0	Ct	0	0	0	0	0	13	3	0	0	0	0	0	0	0	0	0	0	0	0	0	0	0	3	1	4	0	0	0	0	0	1	1	0	3
121738	14 Oct 25	01:02:00	1	0	60	0	Ct	0	0	0	0	1	3	4	0	0	0	0	0	0	0	0	0	0	0	0	0	0	0	1	0	2	0	0	0	0	0	0	2	0	4
121739	14 Oct 25	01:03:00	1	0	60	0	Ct	0	0	0	0	1	7	3	0	0	0	0	0	0	0	0	0	0	0	0	0	0	0	0	1	3	0	0	0	0	0	0	2	0	2
121740	14 Oct 25	01:04:00	1	0	60	0	Ct	0	0	0	0	0	9	2	0	0	0	0	0	0	0	0	0	0	0	0	0	0	0	5	1	1	2	0	0	0	0	2	2	0	0
121741	14 Oct 25	01:05:00	1	0	60	0	Ct	0	0	0	0	3	10	1	0	0	0	0	0	0	3	0	0	0	2	0	0	0	0	22	1	4	0	0	0	0	0	0	1	0	0
121742	14 Oct 25	01:06:00	1	0	60	0	Ct	0	0	0	0	2	4	1	0	0	0	0	2	2	0	0	0	0	26	0	0	0	0	0	2	3	0	0	0	0	0	0	1	0	1
121743	14 Oct 25	01:07:00	1	0	60	0	Ct	0	0	0	0	0	1	3	0	0	0	0	0	4	1	0	0	0	3	0	0	0	0	0	1	3	0	0	0	0	0	5	0	0	0
121744	14 Oct 25	01:08:00	1	0	60	0	Ct	0	0	0	0	2	3	1	0	0	0	0	1	2	0	0	0	0	0	0	0	0	0	0	1	3	0	0	0	3	0	0	0	0	0
121745	14 Oct 25	01:09:00	1	0	60	0	Ct	0	0	2	0	2	4	4	0	0	0	0	0	2	2	0	0	0	0	0	0	0	0	0	1	3	0	0	0	0	0	1	3	6	0
121746	14 Oct 25	01:10:00	1	0	60	0	Ct	0	0	1	0	2	5	2	0	0	0	0	4	1	0	0	0	0	0	0	0	0	0	0	1	0	0	0	0	0	1	1	13	5	0
121747	14 Oct 25	01:11:00	1	0	60	0	Ct	0	0	1	0	1	3	3	0	0	0	0	0	1	0	0	0	0	0	0	0	0	0	0	3	3	0	3	0	0	0	0	6	0	3
121748	14 Oct 25	01:12:00	1	0	60	0	Ct	0	0	0	0	1	9	0	0	0	0	0	0	2	0	0	0	0	0	0	0	0	0	0	1	1	0	0	0	0	0	0	2	0	1
121749	14 Oct 25	01:13:00	1	0	60	0	Ct	0	0	0	0	2	11	0	0	0	0	0	2	1	8	0	0	0	0	0	0	0	0	0	17	3	0	0	0	0	0	3	4	0	2
121750	14 Oct 25	01:14:00	1	0	60	0	Ct	0	0	0	0	3	14	0	0	0	0	0	1	3	12	0	0	0	0	0	0	0	0	0	24	2	4	0	0	0	0	1	2	0	2
121751	14 Oct 25	01:15:00	1	0	60	0	Ct	0	0	0	0	1	3	3	0	0	0	0	0	0	0	0	0	0	2	0	0	0	0	0	16	4	0	0	0	0	0	1	2	1	3
121752	14 Oct 25	01:16:00	1	0	60	0	Ct	0	0	0	0	0	1	3	0	0	0	2	1	0	4	0	0	0	4	0	0	0	0	0	23	1	0	0	0	0	0	0	0	0	1
121753	14 Oct 25	01:17:00	1	0	60	0	Ct	0	0	0	0	1	3	1	0	0	0	2	0	0	1	0	0	0	3	0	0	0	0	4	2	0	0	0	0	2	0	0	5	0	3
121754	14 Oct 25	01:18:00	1	0	60	0	Ct	0	0	0	0	3	1	3	0	0	0	2	12	0	0	0	0	0	1	0	0	0	0	4	0	2	0	0	0	2	0	0	6	0	4
121755	14 Oct 25	01:19:00	1	0	60	0	Ct	0	0	0	0	1	4	0	3	0	0	3	7	0	5	0	0	0	0	0	0	0	0	5	0	1	0	0	0	0	0	2	0	0	1
121756	14 Oct 25	01:20:00	1	0	60	0	Ct	0	0	0	0	13	3	0	0	0	0	2	0	0	0	0	0	0	2	0	0	0	0	0	2	2	0	0	0	0	0	1	0	2	1
121757	14 Oct 25	01:21:00	1	0	60	0	Ct	0	0	0	0	1	2	1	2	0	0	0	0	0	0	0	0	0	0	0	0	0	0	0	1	2	0	0	0	0	0	2	1	0	0
121758	14 Oct 25	01:22:00	1	0	60	0	Ct	0	0	0	0	0	1	3	4	0	0	3	0	0	1	0	0	0	0	0	0	0	0	0	0	3	0	0	0	0	0	1	1	0	4
121759	14 Oct 25	01:23:00	1	0	60	0	Ct	0	0	0	0	3	1	0	3	0	0	4	0	0	6	0	0	0	0	0	0	0	0	0	1	3	0	0	0	0	0	1	10	0	1
121760	14 Oct 25	01:24:00	1	0	60	0	Ct	0	0	0	0	1	0	2	3	0	0	4	0	0	0	0	0	0	3	0	0	1	2	0	1	3	0	0	0	0	0	0	8	0	5
121761	14 Oct 25	01:25:00	1	0	60	0	Ct	0	0	0	0	1	9	2	6	0	0	0	0	0	0	0	0	0	2	0	0	0	0	0	0	2	0	0	0	0	0	0	1	0	0
121762	14 Oct 25	01:26:00	1	0	60	0	Ct	0	0	0	0	2	17	4	2	0	0	0	0	0	0	0	0	0	0	0	0	0	2	0	1	2	0	0	0	0	0	2	1	0	0
121763	14 Oct 25	01:27:00	1	0	60	0	Ct	0	0	0	0	2	0	3	2	0	0	3	0	0	0	0	0	0	0	0	0	0	1	0	1	1	0	0	0	0	0	0	1	0	2
121764	14 Oct 25	01:28:00	1	0	60	0	Ct	0	0	1	0	1	9	1	0	0	0	1	0	0	0	0	0	0	4	0	0	0	2	0	0	2	0	0	0	0	0	0	1	0	0
121765	14 Oct 25	01:29:00	1	0	60	0	Ct	0	0	3	0	3	1	3	0	0	0	0	0	0	0	0	0	0	4	0	0	0	1	0	11	1	0	0	0	0	0	1	1	0	1
121766	14 Oct 25	01:30:00	1	0	60	0	Ct	0	0	1	0	1	6	3	0	0	0	2	0	0	1	0	0	0	1	0	0	0	2	0	1	4	0	0	0	0	0	0	2	0	1
121767	14 Oct 25	01:31:00	1	0	60	0	Ct	0	0	0	0	1	0	2	0	0	0	2	0	0	0	0	0	0	0	0	0	0	3	0	2	6	0	0	0	0	0	0	0	0	2
121768	14 Oct 25	01:32:00	1	0	60	0	Ct	0	0	4	0	2	0	1	1	0	0	1	0	0	0	0	0	0	0	0	0	0	1	0	1	2	0	0	0	2	0	0	5	2	1
121769	14 Oct 25	01:33:00	1	0	60	0	Ct	0	0	0	0	0	9	3	3	0	0	3	0	0	0	0	0	0	0	0	0	0	1	3	0	1	0	0	0	2	0	3	0	1	1
121770	14 Oct 25	01:34:00	1	0	60	0	Ct	0	0	0	0	0	0	0	4	0	0	2	0	0	0	0	0	0	0	0	0	0	2	6	4	1	0	0	0	0	0	4	0	0	3
121771	14 Oct 25	01:35:00	1	0	60	0	Ct	0	0	0	0	4	0	0	2	0	0	1	0	0	0	0	0	0	0	0	0	0	5	5	0	3	0	0	0	0	0	1	0	0	2
121772	14 Oct 25	01:36:00	1	0	60	0	Ct	0	0	0	0	3	0	0	3	0	0	0	1	0	0	0	0	0	0	0	0	0	1	4	0	1	0	0	0	0	0	1	0	0	2
121773	14 Oct 25	01:37:00	1	0	60	0	Ct	0	0	0	0	3	0	0	0	0	0	2	0	0	0	0	0	0	4	0	0	0	2	6	0	1	0	0	0	0	0	2	0	1	2
121774	14 Oct 25	01:38:00	1	0	60	0	Ct	0	0	0	0	2	0	3	5	0	0	0	2	4	0	0	0	0	5	0	0	0	0	2	2	1	0	0	0	0	0	2	0	7	5
121775	14 Oct 25	01:39:00	1	0	60	0	Ct	0	0	0	0	1	0	2	0	0	0	1	0	0	0	0	0	0	0	0	0	0	0	3	0	0	0	0	0	0	0	3	4	0	1
121776	14 Oct 25	01:40:00	1	0	60	0	Ct	0	0	0	0	2	0	2	0	0	0	2	0	0	0	0	0	0	0	0	0	0	0	2	2	1	0	0	0	0	1	1	0	0	4
121777	14 Oct 25	01:41:00	1	0	60	0	Ct	0	0	0	0	2	0	1	0	0	0	3	0	1	0	0	0	0	0	0	0	0	0	3	1	0	0	2	0	0	0	0	0	0	0
121778	14 Oct 25	01:42:00	1	0	60	0	Ct	0	0	0	0	1	0	0	0	0	0	1	0	7	0	0	0	0	0	0	0	0	0	3	2	0	0	0	0	0	0	0	0	0	2
121779	14 Oct 25	01:43:00	1	0	60	0	Ct	0	0	0	0	3	0	1	0	0	0	1	0	0	0	0	0	0	0	0	0	0	0	0	2	0	0	0	0	0	2	1	0	3	2
121780	14 Oct 25	01:44:00	1	0	60	0	Ct	0	0	0	0	1	0	2	0	0	0	2	0	0	0	0	0	0	0	0	0	0	0	0	1	0	0	0	0	0	0	1	0	9	1
121781	14 Oct 25	01:45:00	1	0	60	0	Ct	0	0	0	0	0	0	0	0	0	0	0	0	0	0	0	0	0	0	0	0	0	2	8	1	4	0	0	0	0	0	2	0	0	0
121782	14 Oct 25	01:46:00	1	0	60	0	Ct	0	0	0	0	1	0	0	0	0	0	5	3	0	0	0	0	0	0	0	0	0	3	0	0	2	0	0	0	0	0	1	0	0	2
121783	14 Oct 25	01:47:00	1	0	60	0	Ct	0	0	0	0	2	0	0	0	0	0	2	0	0	0	0	0	0	0	0	0	0	2	2	1	2	0	0	0	0	0	0	0	0	0
121784	14 Oct 25	01:48:00	1	0	60	0	Ct	0	0	0	0	1	0	0	0	0	0	0	0	0	0	0	0	0	0	0	0	0	0	2	0	1	0	0	0	0	0	5	1	0	2
121785	14 Oct 25	01:49:00	1	0	60	0	Ct	0	0	3	0	1	0	2	0	0	0	0	1	0	0	0	0	0	0	0	0	0	0	26	0	0	0	0	0	0	0	4	4	0	1
121786	14 Oct 25	01:50:00	1	0	60	0	Ct	0	0	0	0	1	0	3	0	0	0	2	5	0	0	0	0	0	0	0	0	0	1	41	2	0	0	0	0	0	0	2	7	0	1
121787	14 Oct 25	01:51:00	1	0	60	0	Ct	0	0	1	0	0	0	1	0	0	0	5	0	0	0	0	0	0	0	0	0	0	1	18	3	2	0	0	0	0	0	5	1	0	0
121788	14 Oct 25	01:52:00	1	0	60	0	Ct	0	0	0	0	1	0	3	0	0	0	2	0	0	0	0	0	0	0	0	0	0	0	0	0	2	0	0	0	0	0	1	1	0	2
121789	14 Oct 25	01:53:00	1	0	60	0	Ct	0	0	1	0	3	0	1	0	0	0	2	0	0	0	0	0	0	0	0	0	0	1	0	0	3	0	0	0	0	0	2	1	0	1
121790	14 Oct 25	01:54:00	1	0	60	0	Ct	0	0	1	0	3	0	3	0	0	0	2	0	0	0	0	0	0	0	0	0	0	1	0	0	2	0	0	0	0	0	1	2	0	2
121791	14 Oct 25	01:55:00	1	0	60	0	Ct	0	0	0	0	0	0	0	0	0	0	3	0	0	0	0	0	0	0	0	0	0	1	0	0	6	0	0	0	0	0	1	2	0	3
121792	14 Oct 25	01:56:00	1	0	60	0	Ct	0	0	1	0	0	0	1	0	0	0	0	0	0	0	0	0	0	0	0	0	0	2	0	5	1	0	0	0	0	0	3	1	0	2
121793	14 Oct 25	01:57:00	1	0	60	0	Ct	0	0	0	0	1	0	0	0	0	0	2	0	0	0	0	0	0	0	0	0	0	1	0	0	3	0	0	0	0	0	2	2	0	0
121794	14 Oct 25	01:58:00	1	0	60	0	Ct	0	0	1	1	2	0	2	0	0	0	1	0	0	0	0	0	0	0	0	0	0	1	0	2	1	0	0	0	0	0	2	3	0	0
121795	14 Oct 25	01:59:00	1	0	60	0	Ct	0	0	1	0	2	0	1	0	0	0	1	0	0	0	0	0	0	0	0	0	0	3	0	3	1	0	0	0	0	0	1	3	0	0
121796	14 Oct 25	02:00:00	1	0	60	0	Ct	0	0	0	0	2	0	5	0	0	0	1	0	0	0	0	0	0	0	2	0	0	2	0	1	0	0	0	0	0	0	0	2	0	0
121797	14 Oct 25	02:01:00	1	0	60	0	Ct	0	0	0	0	2	0	1	0	0	0	0	0	0	0	0	0	0	0	0	0	0	2	4	4	1	2	0	0	0	0	3	0	0	0
121798	14 Oct 25	02:02:00	1	0	60	0	Ct	0	0	0	0	1	0	1	0	0	0	0	0	0	0	0	0	0	2	0	0	0	1	7	1	0	0	0	0	0	0	1	1	2	0
121799	14 Oct 25	02:03:00	1	0	60	0	Ct	0	0	0	0	2	0	1	0	0	0	2	0	0	0	0	0	0	0	0	0	0	3	4	1	5	0	0	0	0	0	0	1	0	2
121800	14 Oct 25	02:04:00	1	0	60	0	Ct	0	0	0	0	1	0	2	0	0	0	1	0	10	0	0	0	0	0	0	0	0	2	0	2	3	0	0	0	0	6	0	1	0	0
121801	14 Oct 25	02:05:00	1	0	60	0	Ct	0	0	0	0	1	0	2	0	0	0	0	0	3	0	0	0	0	0	0	0	0	0	0	0	1	0	0	0	0	0	2	0	0	1
121802	14 Oct 25	02:06:00	1	0	60	0	Ct	0	0	0	0	1	0	0	0	0	0	0	0	0	0	0	0	0	0	0	0	0	1	2	1	4	0	0	0	0	4	0	0	0	0
121803	14 Oct 25	02:07:00	1	0	60	0	Ct	0	0	0	0	2	0	2	0	0	0	0	0	0	0	0	0	0	0	0	0	0	1	0	0	1	0	0	0	2	4	1	0	0	0
121804	14 Oct 25	02:08:00	1	0	60	0	Ct	0	0	0	0	1	0	4	0	0	0	0	0	0	0	0	0	0	0	0	0	0	2	9	2	3	0	0	0	0	2	0	0	0	0
121805	14 Oct 25	02:09:00	1	0	60	0	Ct	0	0	0	0	2	0	2	0	0	0	1	0	0	0	0	0	0	0	0	0	0	0	12	0	1	0	0	0	0	0	10	0	0	0
121806	14 Oct 25	02:10:00	1	0	60	0	Ct	0	0	0	0	1	0	2	0	0	0	3	1	3	0	0	0	0	0	0	0	0	0	7	1	2	0	0	0	0	1	0	0	0	0
121807	14 Oct 25	02:11:00	1	0	60	0	Ct	0	0	0	0	1	0	2	0	0	0	5	1	1	0	0	0	0	2	0	0	0	0	0	1	1	0	0	0	0	2	1	0	0	0
121808	14 Oct 25	02:12:00	1	0	60	0	Ct	0	0	0	0	0	0	3	0	0	0	1	0	3	0	0	0	0	1	0	0	0	0	0	3	0	0	0	0	0	0	0	0	0	2
121809	14 Oct 25	02:13:00	1	0	60	0	Ct	0	0	0	0	1	0	4	0	0	0	4	0	1	0	0	0	0	0	0	0	0	0	0	3	0	0	0	0	0	4	2	0	0	0
121810	14 Oct 25	02:14:00	1	0	60	0	Ct	0	0	0	0	2	0	2	0	0	0	0	0	4	0	0	0	0	3	0	0	0	2	0	1	1	0	0	0	0	2	0	2	0	0
121811	14 Oct 25	02:15:00	1	0	60	0	Ct	0	0	0	0	1	0	0	0	0	0	2	0	4	0	0	0	0	0	0	0	0	0	0	0	1	0	0	0	0	2	0	3	0	0
121812	14 Oct 25	02:16:00	1	0	60	0	Ct	0	0	0	0	2	0	0	0	0	0	4	0	0	0	0	0	0	0	0	0	0	1	0	0	3	0	0	0	0	2	0	0	0	0
121813	14 Oct 25	02:17:00	1	0	60	0	Ct	0	0	0	0	3	0	2	0	0	0	1	0	0	0	0	0	0	0	0	0	0	1	0	0	1	0	0	0	0	4	0	0	0	0
121814	14 Oct 25	02:18:00	1	0	60	0	Ct	0	0	0	0	2	0	2	0	0	0	2	0	3	0	0	0	0	0	2	0	0	2	0	0	1	0	0	0	0	3	1	2	0	0
121815	14 Oct 25	02:19:00	1	0	60	0	Ct	0	0	0	0	2	0	2	0	0	0	0	0	3	0	0	0	0	0	2	0	0	0	0	0	2	0	0	0	0	0	2	7	0	0
121816	14 Oct 25	02:20:00	1	0	60	0	Ct	0	0	0	0	3	0	0	0	0	0	1	0	0	0	0	0	0	0	0	0	0	1	0	0	4	0	0	0	0	2	1	24	0	0
121817	14 Oct 25	02:21:00	1	0	60	0	Ct	0	0	0	0	0	0	0	0	0	0	2	0	0	0	0	0	0	0	0	0	0	4	0	0	1	0	0	0	0	0	0	7	2	0
121818	14 Oct 25	02:22:00	1	0	60	0	Ct	0	0	0	0	2	0	1	0	0	0	1	0	0	2	0	0	0	0	2	0	0	2	2	0	1	0	0	0	0	9	5	3	0	0
121819	14 Oct 25	02:23:00	1	0	60	0	Ct	0	0	2	0	1	0	2	0	0	0	2	0	0	0	0	0	0	0	0	0	0	1	0	0	3	0	0	0	0	6	1	2	0	0
121820	14 Oct 25	02:24:00	1	0	60	0	Ct	0	0	2	0	3	0	3	0	0	0	0	0	0	1	0	0	0	0	2	0	0	1	0	0	0	0	0	0	0	0	1	3	0	2
121821	14 Oct 25	02:25:00	1	0	60	0	Ct	0	0	0	0	1	0	0	0	0	0	1	0	0	1	0	0	0	0	2	0	0	1	0	2	0	0	0	0	0	0	0	0	0	0
121822	14 Oct 25	02:26:00	1	0	60	0	Ct	0	0	1	0	1	0	2	0	0	0	1	0	0	0	0	0	0	0	2	0	0	1	1	3	0	0	0	0	0	7	1	0	0	4
121823	14 Oct 25	02:27:00	1	0	60	0	Ct	0	0	2	0	2	0	1	0	0	0	1	0	0	2	0	0	0	0	0	0	0	1	2	4	0	0	0	0	0	6	0	0	0	4
121824	14 Oct 25	02:28:00	1	0	60	0	Ct	0	0	0	0	2	0	2	0	0	0	0	0	1	2	0	0	0	3	0	0	0	3	1	2	0	0	0	0	0	0	1	0	0	4
121825	14 Oct 25	02:29:00	1	0	60	0	Ct	0	0	0	0	1	0	4	0	0	0	0	0	1	0	0	0	0	0	0	0	0	0	3	4	2	0	0	0	0	0	20	0	0	2
121826	14 Oct 25	02:30:00	1	0	60	0	Ct	0	0	0	0	2	0	2	0	0	0	0	0	1	1	0	0	0	2	2	0	0	2	6	1	0	0	0	0	0	0	0	0	0	4
121827	14 Oct 25	02:31:00	1	0	60	0	Ct	0	0	0	0	1	0	1	0	0	0	4	0	0	2	0	0	0	0	0	0	0	1	8	1	1	0	0	0	0	3	0	0	0	2
121828	14 Oct 25	02:32:00	1	0	60	0	Ct	0	0	0	0	2	0	0	0	0	0	1	0	0	7	0	0	0	0	0	0	0	0	6	0	1	0	0	0	0	0	2	2	0	1
121829	14 Oct 25	02:33:00	1	0	60	0	Ct	0	0	0	0	2	0	0	0	0	0	0	0	0	10	0	0	0	0	0	0	0	0	0	0	2	0	0	0	0	0	3	3	0	1
121830	14 Oct 25	02:34:00	1	0	60	0	Ct	0	0	0	0	0	0	1	0	0	0	0	0	0	29	0	0	0	1	2	0	0	0	0	4	1	0	0	0	0	3	0	0	0	0
121831	14 Oct 25	02:35:00	1	0	60	0	Ct	0	0	0	0	0	0	1	0	0	0	0	2	0	2	0	0	0	5	2	0	0	0	0	1	2	0	0	0	0	7	1	0	0	1
121832	14 Oct 25	02:36:00	1	0	60	0	Ct	0	0	0	1	0	0	3	0	0	0	0	2	0	0	0	0	0	9	3	0	0	0	7	2	4	0	0	0	0	1	2	0	0	3
121833	14 Oct 25	02:37:00	1	0	60	0	Ct	0	0	0	1	0	0	2	0	0	0	0	0	0	1	0	0	0	3	0	0	0	0	3	0	7	0	1	0	0	3	2	0	0	0
121834	14 Oct 25	02:38:00	1	0	60	0	Ct	0	0	0	0	0	0	1	0	0	0	0	0	0	0	0	0	0	2	0	0	0	0	6	1	2	0	4	0	0	1	1	1	0	1
121835	14 Oct 25	02:39:00	1	0	60	0	Ct	0	0	0	0	2	0	3	0	0	0	0	0	0	0	0	0	0	0	2	0	0	0	2	0	1	0	0	0	0	1	0	4	0	3
121836	14 Oct 25	02:40:00	1	0	60	0	Ct	0	0	0	0	3	0	3	0	0	0	0	0	0	1	0	0	0	0	4	0	0	0	10	1	0	0	2	0	0	0	0	2	0	3
121837	14 Oct 25	02:41:00	1	0	60	0	Ct	0	0	0	2	2	0	2	0	0	0	0	0	0	1	0	0	0	4	2	0	0	0	15	2	0	0	0	0	3	2	0	0	0	3
121838	14 Oct 25	02:42:00	1	0	60	0	Ct	0	0	0	2	1	0	0	0	0	0	0	0	0	0	0	0	0	3	0	0	0	0	2	1	0	0	0	0	0	2	0	1	0	2
121839	14 Oct 25	02:43:00	1	0	60	0	Ct	0	0	0	3	1	0	0	0	0	0	0	0	0	1	0	0	0	4	0	0	0	0	11	1	1	0	0	0	0	2	0	0	0	1
121840	14 Oct 25	02:44:00	1	0	60	0	Ct	0	0	0	2	2	0	0	0	0	0	0	0	0	7	0	0	0	2	0	0	0	0	0	1	1	0	0	0	0	2	0	3	0	5
121841	14 Oct 25	02:45:00	1	0	60	0	Ct	0	0	3	2	1	0	0	0	0	0	0	0	0	0	0	0	0	4	0	0	0	0	0	0	0	0	0	0	0	10	1	7	0	0
121842	14 Oct 25	02:46:00	1	0	60	0	Ct	0	0	1	3	2	0	4	0	0	0	0	0	0	0	0	0	0	2	0	0	0	0	0	1	1	0	0	0	0	1	0	0	0	0
121843	14 Oct 25	02:47:00	1	0	60	0	Ct	0	0	0	4	3	0	2	0	0	0	0	0	0	0	0	0	0	4	0	0	0	0	0	2	2	0	0	0	0	0	0	0	0	0
121844	14 Oct 25	02:48:00	1	0	60	0	Ct	0	0	0	4	2	0	4	0	0	0	0	0	0	0	0	0	0	0	0	0	0	0	0	1	3	0	0	0	0	2	0	0	0	3
121845	14 Oct 25	02:49:00	1	0	60	0	Ct	0	0	0	3	1	0	1	0	0	0	0	0	0	1	0	0	0	0	0	0	0	0	0	3	2	0	0	0	0	1	0	0	0	2
121846	14 Oct 25	02:50:00	1	0	60	0	Ct	0	0	0	1	3	0	0	0	0	0	0	0	0	1	0	0	0	0	0	0	0	0	1	1	3	0	0	0	0	4	0	0	0	2
121847	14 Oct 25	02:51:00	1	0	60	0	Ct	0	0	0	4	2	0	0	0	0	0	0	0	0	5	0	0	0	0	0	0	0	0	0	0	6	0	0	0	0	0	0	0	0	0
121848	14 Oct 25	02:52:00	1	0	60	0	Ct	0	0	0	4	2	0	0	0	0	0	0	3	0	15	0	0	0	0	0	0	0	0	0	0	6	0	0	0	0	0	0	0	0	0
121849	14 Oct 25	02:53:00	1	0	60	0	Ct	0	0	0	2	8	0	0	0	0	0	0	0	0	0	0	0	0	0	0	0	0	0	1	1	1	0	0	0	0	1	9	0	0	2
121850	14 Oct 25	02:54:00	1	0	60	0	Ct	0	0	0	1	1	0	0	0	0	0	0	0	0	0	0	0	0	0	0	0	0	0	0	0	2	0	0	0	0	1	16	0	0	0
121851	14 Oct 25	02:55:00	1	0	60	0	Ct	0	0	0	5	1	0	3	0	0	0	0	0	0	0	0	0	0	0	0	0	0	0	0	0	1	0	0	0	2	1	1	1	0	1
121852	14 Oct 25	02:56:00	1	0	60	0	Ct	0	0	0	4	1	0	1	0	0	0	0	0	0	0	0	0	0	0	1	0	0	0	0	0	2	0	0	0	0	0	0	4	0	1
121853	14 Oct 25	02:57:00	1	0	60	0	Ct	0	0	0	1	2	0	4	0	0	0	0	0	0	1	0	0	0	0	0	0	0	0	2	0	0	0	0	0	0	1	2	1	0	0
121854	14 Oct 25	02:58:00	1	0	60	0	Ct	0	0	0	2	1	0	3	0	0	0	0	0	0	0	0	0	0	0	3	0	0	0	3	18	3	0	0	0	0	2	1	0	0	2
121855	14 Oct 25	02:59:00	1	0	60	0	Ct	0	0	0	6	1	0	1	0	0	0	2	0	0	1	0	0	0	0	0	0	0	0	4	1	0	0	0	0	0	3	1	1	0	1
121856	14 Oct 25	03:00:00	1	0	60	0	Ct	0	0	0	2	0	0	3	0	0	0	0	0	0	1	0	0	0	0	0	0	0	0	7	6	3	0	0	0	0	2	0	0	0	5
121857	14 Oct 25	03:01:00	1	0	60	0	Ct	0	0	0	3	0	0	1	0	0	0	0	0	0	12	0	0	0	0	0	0	0	0	7	24	0	0	0	0	0	1	2	0	0	5
121858	14 Oct 25	03:02:00	1	0	60	0	Ct	0	0	0	2	0	0	3	0	0	0	1	0	0	2	0	0	0	2	0	0	0	0	4	6	0	0	0	0	0	1	1	0	0	0
121859	14 Oct 25	03:03:00	1	0	60	0	Ct	0	0	0	3	0	0	1	0	0	0	1	0	0	0	0	0	0	0	0	0	0	0	4	1	1	0	0	0	0	1	0	0	0	2
121860	14 Oct 25	03:04:00	1	0	60	0	Ct	0	0	0	2	0	0	2	0	0	0	1	0	0	0	0	0	0	0	0	0	0	0	8	3	1	0	0	0	0	0	0	0	0	1
121861	14 Oct 25	03:05:00	1	0	60	0	Ct	0	0	0	3	0	0	2	0	0	0	3	0	0	0	0	0	0	0	0	0	0	0	1	18	2	0	0	0	0	0	0	0	0	0
121862	14 Oct 25	03:06:00	1	0	60	0	Ct	0	0	0	0	0	0	2	0	0	0	3	0	0	0	0	0	0	0	0	0	0	0	3	12	2	0	0	0	0	2	0	6	0	3
121863	14 Oct 25	03:07:00	1	0	60	0	Ct	0	0	0	1	0	0	1	0	0	0	1	0	0	8	0	0	0	0	0	0	0	0	0	7	0	0	0	0	0	3	0	2	0	6
121864	14 Oct 25	03:08:00	1	0	60	0	Ct	0	0	0	4	0	0	1	0	0	0	1	0	0	0	0	0	0	0	0	0	0	0	1	10	1	0	0	0	0	0	0	2	0	4
121865	14 Oct 25	03:09:00	1	0	60	0	Ct	0	0	0	3	0	0	4	0	0	0	1	0	0	1	0	0	0	0	0	0	0	0	3	7	0	0	0	0	0	1	0	2	0	3
121866	14 Oct 25	03:10:00	1	0	60	0	Ct	0	0	0	2	0	0	1	0	0	0	2	0	0	6	0	0	0	0	0	0	0	0	3	12	0	0	0	0	0	1	0	1	0	1
121867	14 Oct 25	03:11:00	1	0	60	0	Ct	0	0	0	2	0	0	2	0	0	0	0	0	0	1	0	0	0	0	0	0	0	0	6	16	0	0	0	0	0	1	0	1	0	5
121868	14 Oct 25	03:12:00	1	0	60	0	Ct	0	0	2	2	0	0	0	0	0	0	1	0	0	0	0	0	0	2	0	0	0	0	0	5	0	0	0	0	0	0	0	0	0	0
121869	14 Oct 25	03:13:00	1	0	60	0	Ct	0	0	1	1	0	0	2	0	0	0	2	0	0	0	0	0	0	4	0	0	0	2	0	10	0	0	0	0	0	2	8	0	0	0
121870	14 Oct 25	03:14:00	1	0	60	0	Ct	0	0	4	2	0	0	0	0	0	0	1	0	0	0	0	0	0	0	0	0	0	0	0	1	0	0	0	0	0	3	7	1	0	0
121871	14 Oct 25	03:15:00	1	0	60	0	Ct	0	0	1	4	0	0	2	0	0	0	1	0	0	0	0	0	0	1	0	0	0	1	0	2	0	0	0	0	0	0	10	1	0	0
121872	14 Oct 25	03:16:00	1	0	60	0	Ct	0	0	3	3	0	0	0	0	0	0	0	0	0	0	0	0	0	4	0	0	0	2	0	1	0	0	0	0	0	0	1	1	0	1
121873	14 Oct 25	03:17:00	1	0	60	0	Ct	0	0	2	1	0	0	0	0	0	0	0	0	0	0	0	0	0	3	0	0	0	1	0	3	0	0	0	0	2	0	1	0	0	1
121874	14 Oct 25	03:18:00	1	0	60	0	Ct	0	0	1	7	0	0	0	0	0	0	0	0	0	0	0	0	0	0	0	0	0	1	0	0	0	0	0	0	0	1	5	0	0	2
121875	14 Oct 25	03:19:00	1	0	60	0	Ct	0	0	2	4	0	0	0	0	0	0	2	0	0	2	0	0	0	0	0	0	0	4	0	4	0	0	0	0	0	0	1	0	0	1
121876	14 Oct 25	03:20:00	1	0	60	0	Ct	0	0	0	2	0	0	0	0	0	0	3	0	0	0	0	0	0	0	0	0	0	1	0	2	0	0	0	0	0	1	1	0	0	2
121877	14 Oct 25	03:21:00	1	0	60	0	Ct	0	0	0	3	0	0	0	0	0	0	1	0	0	0	0	0	0	0	0	0	0	0	0	1	0	0	0	0	0	4	1	1	0	3
121878	14 Oct 25	03:22:00	1	0	60	0	Ct	0	0	0	3	0	0	0	0	0	0	0	0	0	0	0	0	0	0	0	0	0	0	0	2	0	0	0	0	0	0	1	0	0	1
121879	14 Oct 25	03:23:00	1	0	60	0	Ct	0	0	0	1	0	0	0	0	0	0	0	0	0	0	2	0	0	0	0	0	0	1	0	3	0	0	0	0	0	0	2	0	0	1
121880	14 Oct 25	03:24:00	1	0	60	0	Ct	0	0	0	3	0	0	0	0	0	0	0	3	0	0	0	0	0	0	0	0	0	1	0	0	0	0	0	0	0	0	5	0	0	1
121881	14 Oct 25	03:25:00	1	0	60	0	Ct	0	0	0	2	0	0	0	0	0	0	3	3	0	0	0	0	0	0	0	0	0	0	0	0	0	0	0	0	0	4	2	2	0	1
121882	14 Oct 25	03:26:00	1	0	60	0	Ct	0	0	0	1	2	0	0	0	0	0	1	0	0	7	2	0	0	0	0	0	0	0	0	2	0	0	0	0	0	1	10	0	0	0
121883	14 Oct 25	03:27:00	1	0	60	0	Ct	0	0	0	2	0	0	0	0	0	0	1	0	0	0	4	0	0	0	0	0	0	0	2	0	0	0	0	0	0	1	1	2	0	0
121884	14 Oct 25	03:28:00	1	0	60	0	Ct	0	0	0	1	0	0	2	0	0	0	2	0	0	17	2	0	0	0	0	0	0	0	5	0	0	0	0	0	0	1	3	6	0	1
121885	14 Oct 25	03:29:00	1	0	60	0	Ct	0	0	0	2	0	0	3	0	0	0	4	0	0	8	3	0	0	0	0	0	0	0	18	0	0	0	0	0	0	3	12	24	0	0
121886	14 Oct 25	03:30:00	1	0	60	0	Ct	0	0	0	1	0	0	1	0	0	0	1	0	0	13	0	0	0	0	0	0	0	0	3	0	0	0	0	0	0	0	1	22	0	3
121887	14 Oct 25	03:31:00	1	0	60	0	Ct	0	0	0	3	0	0	2	0	0	0	1	0	3	0	0	0	0	0	0	0	0	0	2	0	0	0	0	0	0	2	0	18	0	2
121888	14 Oct 25	03:32:00	1	0	60	0	Ct	0	0	0	1	1	0	0	0	0	0	2	0	0	0	0	0	0	0	0	0	0	2	1	0	0	0	0	0	0	2	1	3	0	0
121889	14 Oct 25	03:33:00	1	0	60	0	Ct	0	0	0	3	0	0	3	0	0	0	2	0	3	0	0	0	0	0	0	0	0	1	6	0	0	0	0	0	0	0	0	0	0	1
121890	14 Oct 25	03:34:00	1	0	60	0	Ct	0	0	0	3	0	9	0	0	0	0	0	0	2	2	0	0	0	0	0	0	0	0	2	0	0	0	0	0	0	5	2	0	0	2
121891	14 Oct 25	03:35:00	1	0	60	0	Ct	0	0	0	3	10	0	2	0	0	0	1	0	0	0	0	0	0	0	0	0	0	2	0	0	0	0	0	0	0	1	6	0	0	0
121892	14 Oct 25	03:36:00	1	0	60	0	Ct	0	0	0	3	1	6	1	0	0	0	0	0	0	0	0	0	0	0	0	0	0	1	8	0	2	0	0	0	0	1	2	0	0	4
121893	14 Oct 25	03:37:00	1	0	60	0	Ct	0	0	0	1	0	4	0	0	0	0	1	0	3	1	0	0	0	0	0	0	0	2	15	0	3	0	0	0	0	0	3	1	0	4
121894	14 Oct 25	03:38:00	1	0	60	0	Ct	0	0	0	3	0	0	0	0	0	0	1	0	2	0	0	0	0	0	0	0	0	1	31	0	2	0	0	0	0	0	0	0	0	0
121895	14 Oct 25	03:39:00	1	0	60	0	Ct	0	0	0	0	0	5	0	0	0	0	1	0	1	1	0	0	0	0	0	0	0	1	20	0	0	0	0	0	0	0	0	0	0	1
121896	14 Oct 25	03:40:00	1	0	60	0	Ct	0	0	0	0	0	0	1	0	0	0	0	0	2	0	0	0	0	0	0	0	0	0	8	0	4	0	0	0	0	3	9	0	0	1
121897	14 Oct 25	03:41:00	1	0	60	0	Ct	0	0	0	4	0	1	4	0	0	0	2	0	8	0	0	0	0	0	1	0	0	3	8	0	0	0	0	0	0	0	1	0	0	0
121898	14 Oct 25	03:42:00	1	0	60	0	Ct	0	0	0	1	0	0	3	0	0	0	3	0	26	0	0	0	0	0	2	0	0	1	20	0	1	0	0	0	0	3	2	0	0	0
121899	14 Oct 25	03:43:00	1	0	60	0	Ct	0	0	5	0	3	2	3	0	0	0	0	5	22	3	0	0	0	0	0	0	0	0	41	0	0	0	0	0	0	2	1	0	0	0
121900	14 Oct 25	03:44:00	1	0	60	0	Ct	0	0	4	5	0	4	3	0	0	0	1	2	18	5	0	0	0	0	0	0	0	1	1	0	0	0	0	0	0	4	0	0	0	0
121901	14 Oct 25	03:45:00	1	0	60	0	Ct	0	0	0	3	0	2	0	0	0	0	0	1	0	11	0	0	0	0	0	0	0	2	0	0	0	0	0	0	0	2	1	0	0	0
121902	14 Oct 25	03:46:00	1	0	60	0	Ct	0	0	2	1	2	0	1	0	0	0	0	0	0	0	0	0	0	0	0	0	0	2	0	0	0	0	0	0	0	3	0	0	0	0
121903	14 Oct 25	03:47:00	1	0	60	0	Ct	0	0	1	4	0	0	3	0	0	0	0	0	0	1	0	0	0	0	0	0	0	3	0	0	0	0	0	0	0	1	0	0	0	0
121904	14 Oct 25	03:48:00	1	0	60	0	Ct	0	0	2	2	0	0	4	0	0	0	0	0	0	0	0	0	0	0	0	0	0	2	0	0	0	0	0	0	0	0	0	0	1	0
121905	14 Oct 25	03:49:00	1	0	60	0	Ct	0	0	1	1	0	0	13	0	0	0	0	0	0	0	0	0	0	0	0	0	0	0	0	0	0	0	0	0	0	4	1	0	1	0
121906	14 Oct 25	03:50:00	1	0	60	0	Ct	0	0	1	4	0	0	0	0	0	0	0	0	1	0	0	0	0	0	0	0	0	0	0	0	0	0	0	0	0	1	1	0	0	0
121907	14 Oct 25	03:51:00	1	0	60	0	Ct	0	0	2	2	0	0	2	0	0	0	0	5	0	0	0	0	0	1	0	0	0	1	0	0	0	0	0	0	0	1	0	0	0	0
121908	14 Oct 25	03:52:00	1	0	60	0	Ct	0	0	2	2	0	8	2	0	0	0	0	0	0	0	0	0	0	0	0	0	0	2	0	0	0	0	0	0	0	4	0	0	0	0
121909	14 Oct 25	03:53:00	1	0	60	0	Ct	0	0	1	3	0	2	1	0	0	0	0	2	0	14	0	0	0	5	0	0	0	1	1	0	0	0	0	0	0	1	0	0	0	0
121910	14 Oct 25	03:54:00	1	0	60	0	Ct	0	0	0	1	0	10	3	0	0	0	0	0	0	0	0	0	0	2	0	0	0	1	0	0	0	0	0	0	0	0	0	0	0	0
121911	14 Oct 25	03:55:00	1	0	60	0	Ct	0	0	0	3	1	0	1	0	0	0	0	0	0	0	0	0	0	3	0	0	0	0	0	0	1	0	0	0	0	0	3	0	0	0
121912	14 Oct 25	03:56:00	1	0	60	0	Ct	0	0	1	3	0	2	0	0	0	0	0	0	4	0	0	0	0	2	0	0	0	4	0	0	0	0	0	0	2	0	1	0	0	0
121913	14 Oct 25	03:57:00	1	0	60	0	Ct	0	0	1	2	0	1	1	0	0	0	0	0	1	0	0	0	0	3	0	0	0	1	0	0	0	0	0	0	3	1	0	0	0	0
121914	14 Oct 25	03:58:00	1	0	60	0	Ct	0	0	1	1	0	1	1	0	0	0	0	0	4	0	0	0	0	1	0	0	0	1	0	0	0	0	0	0	1	0	1	0	0	0
121915	14 Oct 25	03:59:00	1	0	60	0	Ct	0	0	2	2	0	0	1	0	0	0	0	0	13	0	0	0	0	1	0	0	0	1	0	0	0	0	0	0	8	2	0	0	0	2
121916	14 Oct 25	04:00:00	1	0	60	0	Ct	0	0	0	0	0	0	1	0	0	0	0	0	8	5	0	0	0	3	0	0	0	0	0	0	0	0	0	0	2	1	0	0	0	2
121917	14 Oct 25	04:01:00	1	0	60	0	Ct	0	0	0	3	0	0	1	0	0	0	0	0	1	0	0	0	0	2	0	0	0	2	0	0	0	0	0	0	0	0	3	1	0	0
121918	14 Oct 25	04:02:00	1	0	60	0	Ct	0	0	0	2	0	0	0	0	0	0	0	0	3	0	0	0	0	3	0	0	0	2	0	0	0	0	0	0	0	0	9	0	0	0
121919	14 Oct 25	04:03:00	1	0	60	0	Ct	0	0	0	0	0	0	1	0	0	0	4	0	6	0	0	0	0	4	0	0	0	4	0	0	0	0	0	0	0	0	1	0	0	0
121920	14 Oct 25	04:04:00	1	0	60	0	Ct	0	0	0	1	0	0	3	0	0	0	2	0	4	5	0	0	0	3	0	0	0	1	0	0	0	0	0	0	0	0	1	1	0	0
121921	14 Oct 25	04:05:00	1	0	60	0	Ct	0	0	0	0	0	0	2	0	0	0	2	0	1	0	0	0	0	1	0	0	0	1	0	0	0	0	0	0	0	0	3	0	0	0
121922	14 Oct 25	04:06:00	1	0	60	0	Ct	0	0	0	1	0	0	0	0	0	0	2	0	4	6	0	0	0	2	0	0	1	0	1	0	0	0	0	0	0	0	3	0	0	0
121923	14 Oct 25	04:07:00	1	0	60	0	Ct	0	0	0	2	0	0	2	0	0	0	1	0	2	0	0	0	0	1	0	0	0	1	0	0	0	0	0	0	0	0	6	0	0	0
121924	14 Oct 25	04:08:00	1	0	60	0	Ct	0	0	0	0	0	0	0	0	0	0	3	0	0	1	0	0	0	3	0	0	0	1	0	0	0	0	0	0	0	0	6	0	0	0
121925	14 Oct 25	04:09:00	1	0	60	0	Ct	0	0	0	0	0	0	0	0	0	0	0	0	1	0	0	0	0	3	0	0	0	3	0	0	0	0	0	0	0	0	0	0	0	0
121926	14 Oct 25	04:10:00	1	0	60	0	Ct	0	0	0	0	0	0	6	0	0	0	0	2	2	5	0	0	0	1	0	0	0	2	0	0	0	0	0	0	0	0	1	0	0	0
121927	14 Oct 25	04:11:00	1	0	60	0	Ct	0	0	0	0	0	0	0	0	0	0	0	3	0	0	0	0	0	1	0	0	0	2	0	0	0	0	0	0	0	0	2	0	1	0
121928	14 Oct 25	04:12:00	1	0	60	0	Ct	0	0	0	0	0	0	0	0	0	0	3	1	0	1	0	0	0	2	0	0	0	1	0	0	0	0	0	0	0	0	0	0	2	0
121929	14 Oct 25	04:13:00	1	0	60	0	Ct	0	0	0	0	0	0	4	0	0	0	4	1	0	0	0	0	0	2	0	0	0	0	0	0	0	0	0	0	0	0	0	0	0	0
121930	14 Oct 25	04:14:00	1	0	60	0	Ct	0	0	0	0	0	0	4	0	0	0	2	2	0	0	0	0	0	3	0	0	0	0	0	0	0	0	0	0	0	0	1	0	0	0
121931	14 Oct 25	04:15:00	1	0	60	0	Ct	0	0	0	0	0	0	4	0	0	0	2	0	0	0	0	0	0	5	2	0	0	3	0	0	0	0	0	0	0	0	0	0	0	0
121932	14 Oct 25	04:16:00	1	0	60	0	Ct	0	0	0	0	0	0	6	0	0	0	2	0	0	13	0	0	0	3	0	0	0	0	0	0	0	0	0	0	0	0	0	5	0	0
121933	14 Oct 25	04:17:00	1	0	60	0	Ct	0	0	0	0	0	0	1	0	0	0	2	0	0	0	0	0	0	3	1	0	0	1	7	0	0	0	0	0	0	0	0	0	0	0
121934	14 Oct 25	04:18:00	1	0	60	0	Ct	0	0	0	0	0	0	2	0	0	0	1	0	0	0	0	0	0	4	1	0	0	0	1	0	0	0	0	0	0	0	0	0	0	0
121935	14 Oct 25	04:19:00	1	0	60	0	Ct	0	0	0	0	0	0	1	0	0	0	1	0	0	0	0	0	0	2	4	0	0	0	2	0	0	0	0	0	0	0	0	0	0	0
121936	14 Oct 25	04:20:00	1	0	60	0	Ct	0	0	0	0	0	0	1	0	0	0	1	0	0	0	0	0	0	3	3	0	0	0	0	0	0	0	0	0	0	0	0	0	0	0
121937	14 Oct 25	04:21:00	1	0	60	0	Ct	0	0	0	0	0	0	0	0	0	0	1	0	0	4	0	0	0	1	1	0	0	0	0	0	0	0	0	0	0	0	0	0	0	0
121938	14 Oct 25	04:22:00	1	0	60	0	Ct	0	0	0	0	1	0	0	0	0	0	0	0	0	0	0	0	0	3	2	0	0	0	0	0	0	0	0	0	0	0	0	0	0	0
121939	14 Oct 25	04:23:00	1	0	60	0	Ct	0	0	1	0	0	0	0	0	0	0	0	0	0	0	0	0	0	3	1	0	0	0	5	0	0	0	0	0	0	0	0	0	0	0
121940	14 Oct 25	04:24:00	1	0	60	0	Ct	0	0	3	0	4	0	0	0	0	0	0	0	0	0	0	0	0	1	1	0	0	0	0	0	0	0	0	0	0	0	0	0	0	0
121941	14 Oct 25	04:25:00	1	0	60	0	Ct	0	0	1	0	2	0	0	0	0	0	0	0	0	0	0	0	0	3	0	0	0	0	0	0	0	0	0	0	0	1	0	0	0	0
121942	14 Oct 25	04:26:00	1	0	60	0	Ct	0	0	0	0	0	0	0	0	0	0	1	0	0	0	0	0	0	0	0	0	0	0	0	0	0	0	0	0	0	0	0	0	0	0
121943	14 Oct 25	04:27:00	1	0	60	0	Ct	0	0	0	0	0	0	0	0	0	0	1	0	0	0	0	0	0	1	0	0	0	0	0	0	0	0	0	0	0	1	0	0	0	0
121944	14 Oct 25	04:28:00	1	0	60	0	Ct	0	0	4	0	0	0	0	0	0	0	0	0	0	0	0	0	0	2	0	0	0	0	2	0	0	0	0	0	0	9	0	0	0	0
121945	14 Oct 25	04:29:00	1	0	60	0	Ct	0	0	2	0	0	0	0	0	0	0	0	0	0	0	0	0	0	0	2	0	0	0	1	0	0	0	0	0	0	1	0	0	0	0
121946	14 Oct 25	04:30:00	1	0	60	0	Ct	0	0	0	0	2	0	0	0	0	0	0	0	0	0	0	0	0	2	0	0	0	0	5	0	0	0	0	0	0	4	0	0	0	0
121947	14 Oct 25	04:31:00	1	0	60	0	Ct	0	0	0	0	0	0	0	0	0	0	0	0	0	0	0	0	0	3	0	0	0	0	0	0	0	0	0	0	0	1	0	0	0	0
121948	14 Oct 25	04:32:00	1	0	60	0	Ct	0	0	1	2	0	2	0	0	0	0	0	0	0	0	0	0	0	3	0	0	0	0	4	0	0	0	0	0	0	0	0	0	0	0
121949	14 Oct 25	04:33:00	1	0	60	0	Ct	0	0	2	3	0	7	0	0	0	0	0	0	0	0	0	0	0	4	0	0	0	0	4	0	0	0	0	0	0	2	0	0	0	0
121950	14 Oct 25	04:34:00	1	0	60	0	Ct	0	0	0	0	0	1	0	0	0	0	0	0	0	0	0	0	0	2	0	0	0	0	1	0	0	0	0	0	0	0	0	0	0	2
121951	14 Oct 25	04:35:00	1	0	60	0	Ct	0	0	0	0	0	2	0	0	0	0	0	0	2	0	0	0	0	1	0	0	0	2	1	0	0	0	0	0	0	0	0	0	0	0
121952	14 Oct 25	04:36:00	1	0	60	0	Ct	0	0	0	0	0	7	0	0	0	0	0	0	8	0	0	0	0	0	0	0	0	1	2	0	0	0	0	0	0	1	0	0	0	0
121953	14 Oct 25	04:37:00	1	0	60	0	Ct	0	0	0	0	0	2	0	0	0	0	0	0	8	0	0	0	0	2	0	0	0	0	1	0	0	0	0	0	0	1	0	0	0	0
121954	14 Oct 25	04:38:00	1	0	60	0	Ct	0	0	0	0	0	0	0	0	0	0	0	0	3	0	0	0	0	2	0	0	0	0	2	0	0	0	0	0	0	0	0	0	0	0
121955	14 Oct 25	04:39:00	1	0	60	0	Ct	0	0	0	0	0	0	0	0	0	0	0	0	3	0	0	0	0	2	0	0	0	0	2	0	0	0	0	0	0	0	0	0	0	0
121956	14 Oct 25	04:40:00	1	0	60	0	Ct	0	0	1	0	0	0	5	0	0	0	0	0	3	0	0	0	0	3	0	0	0	0	6	0	0	0	0	0	0	0	0	0	0	0
121957	14 Oct 25	04:41:00	1	0	60	0	Ct	0	0	0	0	0	0	0	0	0	0	0	0	3	2	0	0	0	2	0	0	0	0	6	0	0	0	0	0	0	0	0	0	0	0
121958	14 Oct 25	04:42:00	1	0	60	0	Ct	0	0	0	0	0	0	2	0	0	0	0	0	2	0	0	0	0	2	0	0	0	0	2	0	0	0	0	0	0	0	0	0	0	0
121959	14 Oct 25	04:43:00	1	0	60	0	Ct	0	0	0	0	0	0	0	0	0	0	0	0	4	0	0	0	0	2	0	0	0	0	3	0	0	0	4	0	0	0	0	0	0	0
121960	14 Oct 25	04:44:00	1	0	60	0	Ct	0	0	0	0	0	6	0	0	0	0	0	0	2	0	0	0	0	2	3	0	0	0	1	0	0	0	0	0	0	0	0	0	0	0
121961	14 Oct 25	04:45:00	1	0	60	0	Ct	0	0	0	0	0	4	0	0	0	0	0	0	0	0	0	0	0	2	2	0	0	0	4	0	0	0	0	0	0	0	0	0	0	0
121962	14 Oct 25	04:46:00	1	0	60	0	Ct	0	0	0	0	0	3	4	0	0	0	0	1	1	0	0	0	0	2	3	0	1	0	1	0	0	0	0	0	0	0	10	0	0	0
121963	14 Oct 25	04:47:00	1	0	60	0	Ct	0	0	0	0	0	2	0	0	0	0	0	0	2	0	0	0	0	2	18	0	0	0	1	0	0	0	2	0	0	0	25	2	0	0
121964	14 Oct 25	04:48:00	1	0	60	0	Ct	0	0	0	0	0	0	0	0	0	0	0	0	0	0	0	0	0	3	13	0	0	0	2	0	0	0	0	0	0	0	13	1	0	0
121965	14 Oct 25	04:49:00	1	0	60	0	Ct	0	0	0	0	0	6	0	0	0	0	0	2	0	0	0	0	0	2	0	0	0	0	1	0	0	0	0	0	0	0	11	0	0	0
121966	14 Oct 25	04:50:00	1	0	60	0	Ct	0	0	0	0	0	9	0	0	0	0	0	0	0	0	0	0	0	1	0	0	0	0	0	0	0	0	0	0	0	0	0	0	0	0
121967	14 Oct 25	04:51:00	1	0	60	0	Ct	0	0	2	0	0	5	0	0	0	0	0	0	0	0	0	0	0	0	0	0	0	0	0	0	0	0	0	0	0	0	2	0	0	0
121968	14 Oct 25	04:52:00	1	0	60	0	Ct	0	0	1	0	0	19	0	0	0	0	0	0	0	0	0	0	0	0	0	0	0	0	0	0	0	0	0	0	0	0	2	0	0	0
121969	14 Oct 25	04:53:00	1	0	60	0	Ct	0	0	1	0	0	7	0	0	0	0	0	0	0	0	0	0	0	2	0	0	0	0	0	0	0	0	0	0	0	1	3	0	0	0
121970	14 Oct 25	04:54:00	1	0	60	0	Ct	0	0	4	0	0	4	0	0	0	0	0	0	0	0	0	0	0	1	0	0	0	0	0	0	0	0	0	1	0	5	1	0	0	3
121971	14 Oct 25	04:55:00	1	0	60	0	Ct	0	0	0	0	3	1	0	0	0	0	0	0	0	0	0	0	0	2	1	0	0	0	0	0	0	0	0	0	0	0	1	0	0	0
121972	14 Oct 25	04:56:00	1	0	60	0	Ct	0	0	0	0	1	3	0	0	0	0	0	0	0	0	0	0	0	2	0	0	0	0	0	0	0	2	0	0	0	0	3	0	0	3
121973	14 Oct 25	04:57:00	1	0	60	0	Ct	0	0	0	0	0	0	0	0	0	0	0	0	0	2	0	0	0	3	1	0	0	0	0	0	0	1	0	0	0	0	0	0	0	0
121974	14 Oct 25	04:58:00	1	0	60	0	Ct	0	0	0	0	0	9	0	0	0	0	0	0	0	0	0	0	0	0	1	0	0	2	0	0	0	2	0	0	0	0	8	0	2	0
121975	14 Oct 25	04:59:00	1	0	60	0	Ct	0	0	0	0	0	16	0	0	0	0	0	0	0	0	0	0	0	2	0	0	0	0	0	0	0	2	0	0	2	0	8	0	1	0
121976	14 Oct 25	05:00:00	1	0	60	0	Ct	0	0	0	0	0	13	0	0	0	0	0	0	0	0	0	0	0	1	0	0	0	3	0	0	0	2	0	0	0	0	1	0	2	0
121977	14 Oct 25	05:01:00	1	0	60	0	Ct	0	0	0	0	0	12	0	0	0	0	0	0	0	0	0	0	0	2	0	0	0	2	0	0	0	1	0	0	0	0	0	0	0	0
121978	14 Oct 25	05:02:00	1	0	60	0	Ct	0	0	0	0	0	6	0	0	0	0	0	0	0	0	0	0	0	0	0	0	0	8	0	0	0	2	0	4	0	0	0	0	0	0
121979	14 Oct 25	05:03:00	1	0	60	0	Ct	0	0	0	0	0	5	0	0	0	0	0	0	0	1	0	0	0	0	0	0	0	0	0	0	0	2	0	0	0	0	0	0	0	0
121980	14 Oct 25	05:04:00	1	0	60	0	Ct	0	0	0	0	0	10	0	0	0	0	0	0	0	0	0	0	0	0	0	0	0	2	0	0	0	2	0	1	0	0	0	0	0	0
121981	14 Oct 25	05:05:00	1	0	60	0	Ct	0	0	0	0	0	32	0	0	0	0	0	0	0	3	0	0	0	0	0	0	0	2	0	0	0	7	0	0	0	0	4	0	0	0
121982	14 Oct 25	05:06:00	1	0	60	0	Ct	0	0	0	0	7	12	0	0	0	0	0	0	0	8	0	0	0	0	0	0	0	1	0	0	0	5	0	0	0	0	0	0	0	0
121983	14 Oct 25	05:07:00	1	0	60	0	Ct	0	0	0	0	0	0	0	0	0	0	0	0	0	2	0	0	0	0	0	0	0	3	0	0	0	0	0	0	0	0	0	0	0	0
121984	14 Oct 25	05:08:00	1	0	60	0	Ct	0	0	0	0	2	0	0	0	0	0	0	0	0	15	0	1	0	0	0	0	0	1	0	0	0	2	0	0	0	0	0	0	0	0
121985	14 Oct 25	05:09:00	1	0	60	0	Ct	0	0	0	0	0	0	0	0	0	0	0	0	0	0	0	1	0	0	4	0	0	0	0	0	0	3	0	0	0	0	1	0	0	0
121986	14 Oct 25	05:10:00	1	0	60	0	Ct	0	0	0	0	0	0	0	0	0	0	0	0	0	1	0	0	0	0	0	0	0	7	0	0	0	2	0	0	0	0	3	0	0	0
121987	14 Oct 25	05:11:00	1	0	60	0	Ct	0	0	0	0	0	0	0	0	0	0	0	0	0	1	0	0	0	0	2	0	0	1	0	0	0	2	0	0	0	0	6	0	0	0
121988	14 Oct 25	05:12:00	1	0	60	0	Ct	0	0	0	0	0	0	0	0	0	0	0	0	0	0	0	0	0	0	0	0	0	1	0	0	0	2	0	0	0	0	0	0	0	0
121989	14 Oct 25	05:13:00	1	0	60	0	Ct	0	0	0	0	1	0	0	0	0	0	0	0	0	4	0	0	0	0	0	0	0	1	0	0	0	2	0	0	0	0	0	0	0	0
121990	14 Oct 25	05:14:00	1	0	60	0	Ct	0	0	0	0	4	0	0	0	0	0	0	0	0	0	0	0	0	0	0	0	0	1	0	0	0	2	0	0	0	0	1	0	0	0
121991	14 Oct 25	05:15:00	1	0	60	0	Ct	0	0	0	0	0	1	0	0	0	0	0	0	0	2	0	0	0	0	0	0	0	1	0	0	0	2	0	0	0	0	0	0	0	0
121992	14 Oct 25	05:16:00	1	0	60	0	Ct	0	0	0	0	0	2	0	0	0	0	0	0	0	0	0	0	0	0	2	0	0	0	0	0	0	2	0	0	0	0	0	0	0	0
121993	14 Oct 25	05:17:00	1	0	60	0	Ct	0	0	0	0	0	0	0	0	0	0	0	0	0	0	0	0	0	0	3	0	0	1	0	0	0	2	0	0	0	0	0	0	0	0
121994	14 Oct 25	05:18:00	1	0	60	0	Ct	0	0	0	0	0	0	0	0	0	0	0	0	0	0	0	0	0	0	1	0	0	1	0	0	0	0	0	0	0	3	0	0	0	0
121995	14 Oct 25	05:19:00	1	0	60	0	Ct	0	0	0	0	0	6	0	0	0	0	0	0	0	0	0	0	0	0	0	0	0	1	0	0	0	4	0	0	0	2	0	0	0	0
121996	14 Oct 25	05:20:00	1	0	60	0	Ct	0	0	0	0	0	0	0	0	0	0	0	0	0	0	0	0	0	0	0	0	0	2	0	0	0	1	0	0	0	1	1	0	0	0
121997	14 Oct 25	05:21:00	1	0	60	0	Ct	0	0	0	0	0	4	0	0	0	0	0	0	0	1	0	0	0	0	0	0	0	1	0	0	0	4	0	0	0	2	0	0	4	0
121998	14 Oct 25	05:22:00	1	0	60	0	Ct	0	0	0	0	0	8	0	0	0	0	0	0	0	0	0	0	0	0	0	0	0	1	0	0	0	2	0	0	0	3	0	0	0	0
121999	14 Oct 25	05:23:00	1	0	60	0	Ct	0	0	0	0	0	0	0	0	0	0	0	0	0	0	0	0	0	0	0	0	0	1	0	0	0	2	0	0	0	0	0	0	0	0
122000	14 Oct 25	05:24:00	1	0	60	0	Ct	0	0	0	0	0	0	0	0	0	0	0	0	0	0	0	0	0	0	0	0	0	1	0	0	0	2	0	0	0	0	2	0	0	0
122001	14 Oct 25	05:25:00	1	0	60	0	Ct	0	0	0	0	0	1	0	0	0	0	0	0	0	0	0	0	0	0	0	0	0	2	0	0	0	1	0	0	0	2	13	0	0	0
122002	14 Oct 25	05:26:00	1	0	60	0	Ct	0	0	0	0	0	1	0	0	0	0	0	0	0	1	0	0	0	0	0	0	0	1	0	0	0	1	0	0	0	2	4	0	0	0
122003	14 Oct 25	05:27:00	1	0	60	0	Ct	0	0	0	0	0	5	0	0	0	0	0	0	0	1	0	0	0	0	0	0	0	1	0	0	0	0	0	0	0	1	4	0	0	0
122004	14 Oct 25	05:28:00	1	0	60	0	Ct	0	0	0	0	0	0	0	0	0	0	0	0	0	0	0	0	0	0	0	0	0	1	0	1	0	1	0	0	0	1	1	0	0	0
122005	14 Oct 25	05:29:00	1	0	60	0	Ct	0	0	0	0	0	1	0	0	0	0	0	0	0	0	0	0	0	0	2	0	0	0	0	0	0	2	0	0	0	2	0	0	0	0
122006	14 Oct 25	05:30:00	1	0	60	0	Ct	0	0	0	0	0	0	0	0	0	0	0	0	1	0	0	0	0	0	0	0	0	0	0	0	0	2	0	0	0	0	0	0	0	0
122007	14 Oct 25	05:31:00	1	0	60	0	Ct	0	0	0	0	0	0	0	0	0	0	0	0	1	7	0	0	0	0	0	0	0	1	0	0	0	0	0	0	0	0	0	0	0	0
122008	14 Oct 25	05:32:00	1	0	60	0	Ct	0	0	0	0	0	0	0	0	0	0	0	0	2	3	0	0	0	0	0	0	0	0	0	0	0	2	0	0	0	0	0	0	0	0
122009	14 Oct 25	05:33:00	1	0	60	0	Ct	0	0	0	0	0	0	0	0	0	0	0	0	4	0	0	0	0	0	0	0	0	0	0	0	0	2	0	0	0	0	1	0	0	0
122010	14 Oct 25	05:34:00	1	0	60	0	Ct	0	0	0	0	0	0	0	0	0	0	0	0	1	0	0	0	0	0	0	0	0	2	0	0	0	0	0	0	0	0	11	0	0	0
122011	14 Oct 25	05:35:00	1	0	60	0	Ct	0	0	0	0	0	0	0	0	0	0	0	0	2	0	0	0	0	0	9	0	0	0	0	0	0	0	0	0	0	0	4	0	0	0
122012	14 Oct 25	05:36:00	1	0	60	0	Ct	0	0	0	0	0	0	0	0	0	0	0	0	1	3	0	0	0	0	11	0	0	0	0	0	0	0	0	0	0	0	2	0	0	0
122013	14 Oct 25	05:37:00	1	0	60	0	Ct	0	0	0	0	0	0	0	0	0	0	0	0	1	1	0	0	0	1	11	0	0	0	0	0	0	0	0	0	0	0	3	0	0	0
122014	14 Oct 25	05:38:00	1	0	60	0	Ct	0	0	0	0	0	0	0	0	0	0	0	0	1	0	0	0	0	0	5	0	0	1	0	0	0	0	0	0	0	0	0	0	0	0
122015	14 Oct 25	05:39:00	1	0	60	0	Ct	0	0	0	0	0	0	0	0	0	0	0	0	0	0	0	0	0	0	0	0	0	1	0	0	0	0	0	0	0	0	9	0	0	0
122016	14 Oct 25	05:40:00	1	0	60	0	Ct	0	0	0	0	0	0	0	0	0	0	0	0	0	1	0	0	0	0	1	0	0	1	0	4	0	0	0	0	0	0	13	0	0	0
122017	14 Oct 25	05:41:00	1	0	60	0	Ct	0	0	0	0	0	0	0	0	0	0	0	1	0	0	0	0	0	0	1	0	0	0	0	0	0	0	0	0	0	0	0	0	0	0
122018	14 Oct 25	05:42:00	1	0	60	0	Ct	0	0	0	0	0	0	0	0	0	0	0	1	0	0	0	0	0	0	4	0	0	2	0	0	0	0	0	0	0	0	0	0	0	0
122019	14 Oct 25	05:43:00	1	0	60	0	Ct	0	0	0	0	0	0	0	0	0	0	0	0	0	0	0	0	0	0	2	0	0	1	5	2	0	0	0	0	0	0	0	0	0	0
122020	14 Oct 25	05:44:00	1	0	60	0	Ct	0	0	0	0	0	0	0	0	0	0	0	0	0	0	0	0	0	0	0	0	0	1	0	3	0	0	0	0	0	0	0	0	0	0
122021	14 Oct 25	05:45:00	1	0	60	0	Ct	0	0	0	0	0	0	0	0	0	0	0	0	0	0	0	0	0	0	0	0	0	4	1	0	0	0	0	0	0	0	2	0	0	0
122022	14 Oct 25	05:46:00	1	0	60	0	Ct	0	0	0	0	0	0	0	0	0	0	0	0	0	0	0	0	0	0	0	0	0	1	6	0	0	0	0	0	0	0	2	0	0	0
122023	14 Oct 25	05:47:00	1	0	60	0	Ct	0	0	0	0	0	0	0	0	0	0	0	0	0	3	0	0	0	0	0	0	0	1	6	0	0	0	0	0	0	0	0	0	0	0
122024	14 Oct 25	05:48:00	1	0	60	0	Ct	0	0	0	0	0	0	0	0	0	0	0	0	0	2	0	0	0	0	0	0	0	0	5	2	0	0	0	0	0	0	2	0	0	0
122025	14 Oct 25	05:49:00	1	0	60	0	Ct	0	0	0	0	0	0	0	0	0	0	0	0	0	0	0	0	0	0	0	0	0	0	4	2	0	0	0	0	0	0	1	0	0	0
122026	14 Oct 25	05:50:00	1	0	60	0	Ct	0	0	0	0	0	0	0	0	0	0	0	0	0	1	0	0	0	0	0	0	0	2	0	0	0	0	0	0	0	5	1	0	0	0
122027	14 Oct 25	05:51:00	1	0	60	0	Ct	0	0	0	0	0	0	0	0	0	0	0	0	0	0	0	0	0	0	0	0	0	1	4	3	0	0	0	0	0	2	0	0	0	0
122028	14 Oct 25	05:52:00	1	0	60	0	Ct	0	0	0	0	0	0	0	0	0	0	0	0	0	22	0	0	0	0	2	0	0	1	10	0	0	0	0	0	0	2	2	0	0	0
122029	14 Oct 25	05:53:00	1	0	60	0	Ct	0	0	0	0	0	0	0	0	0	0	0	0	0	14	0	0	0	0	0	0	0	0	0	1	0	0	0	0	0	2	1	0	0	0
122030	14 Oct 25	05:54:00	1	0	60	0	Ct	0	0	0	0	0	0	0	0	0	0	0	0	0	21	0	0	0	1	0	0	0	1	0	1	0	0	0	0	0	1	2	0	0	0
122031	14 Oct 25	05:55:00	1	0	60	0	Ct	0	0	0	0	0	0	0	0	0	0	0	0	0	15	0	0	0	4	1	0	0	1	0	3	0	0	0	0	0	0	1	0	0	0
122032	14 Oct 25	05:56:00	1	0	60	0	Ct	0	0	0	0	0	0	0	0	0	0	0	0	0	8	0	0	0	4	0	0	0	1	0	1	0	0	0	0	0	0	0	0	0	0
122033	14 Oct 25	05:57:00	1	0	60	0	Ct	0	0	0	0	0	0	0	0	0	0	0	0	0	18	0	0	0	4	1	0	0	1	0	2	0	0	0	0	0	0	0	0	0	0
122034	14 Oct 25	05:58:00	1	0	60	0	Ct	0	0	0	2	0	0	0	0	0	0	0	0	0	4	0	0	0	4	4	0	0	2	0	1	0	0	0	0	0	0	1	0	0	0
122035	14 Oct 25	05:59:00	1	0	60	0	Ct	0	0	0	2	0	0	0	0	0	0	0	0	0	0	0	0	0	3	0	0	0	0	0	1	0	0	0	0	0	0	5	0	0	0
122036	14 Oct 25	06:00:00	1	0	60	0	Ct	0	0	0	1	0	0	0	0	0	0	0	0	0	0	0	0	0	3	0	0	0	0	0	0	0	0	0	0	0	2	1	0	0	0
122037	14 Oct 25	06:01:00	1	0	60	0	Ct	0	0	0	2	0	0	0	0	0	0	0	0	0	0	0	0	0	3	0	0	0	3	0	0	0	0	0	0	0	0	0	0	0	0
122038	14 Oct 25	06:02:00	1	0	60	0	Ct	0	0	0	1	0	0	0	0	0	0	0	0	0	0	0	0	0	2	0	0	0	1	0	2	0	0	0	0	0	1	0	0	0	0
122039	14 Oct 25	06:03:00	1	0	60	0	Ct	0	0	0	5	0	0	0	0	0	0	0	0	0	0	0	0	0	2	0	0	0	1	0	2	0	0	0	0	0	0	0	0	0	0
122040	14 Oct 25	06:04:00	1	0	60	0	Ct	0	0	0	1	0	0	0	0	0	0	0	0	0	0	0	0	0	3	0	0	0	3	0	0	0	0	0	0	0	0	0	0	0	0
122041	14 Oct 25	06:05:00	1	0	60	0	Ct	0	0	0	0	0	0	0	0	0	0	0	0	0	0	0	0	0	1	0	0	0	0	0	1	0	0	0	0	0	0	0	0	0	0
122042	14 Oct 25	06:06:00	1	0	60	0	Ct	0	0	0	1	0	0	0	0	0	0	0	0	0	0	0	0	0	4	0	0	0	1	0	2	0	0	0	0	0	0	0	0	0	0
122043	14 Oct 25	06:07:00	1	0	60	0	Ct	0	0	0	2	0	0	0	0	0	0	0	0	0	1	0	0	0	1	0	0	0	1	0	7	0	0	0	0	0	0	0	0	0	0
122044	14 Oct 25	06:08:00	1	0	60	0	Ct	0	0	0	2	0	0	0	0	0	0	0	0	0	0	0	0	0	2	0	0	0	0	0	4	0	0	0	0	0	0	0	0	0	0
122045	14 Oct 25	06:09:00	1	0	60	0	Ct	0	0	1	3	0	0	0	0	0	0	0	0	0	0	0	0	0	4	0	0	0	0	0	6	0	0	0	0	0	1	0	0	0	0
122046	14 Oct 25	06:10:00	1	0	60	0	Ct	0	0	1	2	0	0	0	0	0	0	0	0	0	0	0	0	0	1	0	0	0	0	0	14	0	0	0	0	0	0	0	0	0	0
122047	14 Oct 25	06:11:00	1	0	60	0	Ct	0	0	1	2	0	0	0	0	0	0	0	0	0	0	0	0	0	2	0	0	0	2	0	2	0	0	0	0	0	0	0	0	0	0
122048	14 Oct 25	06:12:00	1	0	60	0	Ct	0	0	1	2	0	0	0	0	0	0	0	0	0	0	0	0	0	1	0	0	0	1	0	0	0	0	0	0	0	0	0	0	0	0
122049	14 Oct 25	06:13:00	1	0	60	0	Ct	0	0	3	2	0	0	0	0	0	0	0	0	0	0	0	0	0	3	0	0	0	1	0	1	0	0	0	0	0	0	0	0	0	0
122050	14 Oct 25	06:14:00	1	0	60	0	Ct	0	0	1	7	0	0	0	0	0	0	0	0	0	0	0	0	0	2	0	0	0	0	0	19	0	0	0	0	0	0	0	0	0	0
122051	14 Oct 25	06:15:00	1	0	60	0	Ct	0	0	1	1	0	0	0	0	0	0	0	0	0	11	0	0	0	2	0	0	0	1	0	10	0	0	0	0	0	1	0	0	0	0
122052	14 Oct 25	06:16:00	1	0	60	0	Ct	0	0	1	1	0	0	0	0	0	0	0	2	0	6	0	0	0	1	0	0	0	3	0	6	0	0	0	0	0	7	0	0	0	0
122053	14 Oct 25	06:17:00	1	0	60	0	Ct	0	0	1	2	0	1	0	0	0	0	0	0	0	20	0	0	0	2	0	0	0	0	0	0	0	0	0	0	0	26	0	0	0	0
122054	14 Oct 25	06:18:00	1	0	60	0	Ct	0	0	0	2	0	2	0	0	0	0	0	0	0	16	0	0	0	3	0	0	0	1	0	0	0	0	0	0	0	46	0	0	3	0
122055	14 Oct 25	06:19:00	1	0	60	0	Ct	0	0	1	2	0	0	0	0	0	0	0	0	0	33	0	0	0	4	0	0	0	1	0	0	0	0	0	0	0	7	0	0	2	0
122056	14 Oct 25	06:20:00	1	0	60	0	Ct	0	0	1	1	0	7	0	0	0	0	0	0	0	27	0	0	0	0	0	0	0	0	0	0	0	0	0	0	0	3	0	0	1	0
122057	14 Oct 25	06:21:00	1	0	60	0	Ct	0	0	0	5	0	6	0	0	0	0	0	0	0	32	0	0	0	2	0	0	0	0	0	3	0	0	0	0	0	1	0	0	3	0
122058	14 Oct 25	06:22:00	1	0	60	0	Ct	0	0	0	1	0	0	0	0	0	0	0	0	0	17	0	0	0	2	0	0	0	0	0	0	0	0	0	0	0	2	0	0	2	0
122059	14 Oct 25	06:23:00	1	0	60	0	Ct	0	0	0	1	0	0	0	0	0	0	0	0	0	6	0	0	0	3	0	0	0	0	0	3	0	0	0	0	0	1	0	0	0	0
122060	14 Oct 25	06:24:00	1	0	60	0	Ct	0	0	0	4	0	4	0	0	0	0	0	0	0	9	0	0	0	2	0	0	0	2	0	2	0	0	0	0	1	2	0	0	0	0
122061	14 Oct 25	06:25:00	1	0	60	0	Ct	0	0	0	1	0	5	0	0	0	0	0	0	0	3	0	0	0	1	0	0	0	1	0	0	0	0	0	4	1	1	0	0	2	0
122062	14 Oct 25	06:26:00	1	0	60	0	Ct	0	0	0	1	0	0	0	0	0	0	0	3	0	0	0	0	0	3	0	0	0	1	0	4	0	0	0	0	0	0	0	0	2	0
122063	14 Oct 25	06:27:00	1	0	60	0	Ct	0	0	0	1	0	0	0	0	0	0	0	0	0	0	0	0	0	2	0	0	0	1	0	14	0	0	0	0	0	2	0	0	2	0
122064	14 Oct 25	06:28:00	1	0	60	0	Ct	0	0	0	2	0	0	0	0	0	0	0	0	0	0	0	0	0	2	2	0	0	0	1	0	0	0	0	0	0	1	0	0	0	0
122065	14 Oct 25	06:29:00	1	0	60	0	Ct	0	0	0	2	0	0	0	0	0	0	0	0	0	16	0	0	0	0	2	0	0	2	0	1	0	0	0	0	0	1	0	0	0	0
122066	14 Oct 25	06:30:00	1	0	60	0	Ct	0	0	0	2	0	2	0	0	0	0	0	1	0	0	0	0	0	5	0	0	0	0	4	2	0	0	0	0	0	0	0	0	0	0
122067	14 Oct 25	06:31:00	1	0	60	0	Ct	0	0	0	4	0	3	0	0	0	0	0	0	0	0	0	0	0	2	0	0	0	0	2	0	0	0	0	0	0	0	0	0	0	0
122068	14 Oct 25	06:32:00	1	0	60	0	Ct	0	0	0	3	0	4	0	0	0	0	0	0	1	2	0	0	1	3	0	0	0	0	2	0	0	0	0	0	2	1	0	0	0	0
122069	14 Oct 25	06:33:00	1	0	60	0	Ct	0	0	0	2	0	0	0	0	0	0	0	0	6	0	0	0	0	2	0	0	0	0	0	0	0	0	0	0	0	1	0	0	0	0
122070	14 Oct 25	06:34:00	1	0	60	0	Ct	0	0	0	2	0	0	0	0	0	0	0	0	2	0	0	0	3	3	4	0	0	0	2	0	0	0	0	0	0	3	7	0	0	0
122071	14 Oct 25	06:35:00	1	0	60	0	Ct	0	0	0	4	0	0	0	0	0	0	0	0	1	0	0	0	3	0	2	0	0	0	10	1	0	0	0	0	0	0	8	3	0	0
122072	14 Oct 25	06:36:00	1	0	60	0	Ct	0	0	0	0	0	3	0	0	0	0	0	0	2	0	0	0	0	3	5	0	0	0	0	4	0	0	0	0	0	2	3	2	0	0
122073	14 Oct 25	06:37:00	1	0	60	0	Ct	0	0	0	2	0	0	0	0	0	0	0	0	5	0	0	0	0	3	0	0	0	0	0	2	0	0	0	0	0	0	1	2	0	0
122074	14 Oct 25	06:38:00	1	0	60	0	Ct	0	0	0	6	0	0	0	0	0	0	0	0	3	0	0	0	0	2	0	0	0	2	0	3	0	0	0	0	0	0	0	1	0	0
122075	14 Oct 25	06:39:00	1	0	60	0	Ct	0	0	0	4	0	0	0	0	0	0	0	0	1	0	0	0	1	1	0	0	0	1	0	12	0	0	0	0	0	0	3	0	0	0
122076	14 Oct 25	06:40:00	1	0	60	0	Ct	0	0	0	1	0	0	0	0	0	0	0	0	1	0	0	0	6	0	0	0	0	1	0	15	3	0	0	0	0	0	0	0	3	0
122077	14 Oct 25	06:41:00	1	0	60	0	Ct	0	0	0	3	0	0	0	0	0	0	0	0	0	0	0	0	0	3	0	0	0	2	0	15	3	0	0	0	0	0	2	0	3	0
122078	14 Oct 25	06:42:00	1	0	60	0	Ct	0	0	0	2	0	0	0	0	0	0	0	0	0	0	0	0	2	2	0	0	0	5	0	2	1	0	0	0	0	0	3	0	1	0
122079	14 Oct 25	06:43:00	1	0	60	0	Ct	0	0	0	1	0	0	0	0	0	0	0	0	0	0	0	0	0	1	0	0	0	4	0	22	1	0	0	0	0	0	1	0	3	0
122080	14 Oct 25	06:44:00	1	0	60	0	Ct	0	0	0	1	0	0	0	0	0	0	0	0	0	0	0	0	3	2	0	0	0	2	0	11	2	0	0	0	0	3	0	1	1	0
122081	14 Oct 25	06:45:00	1	0	60	0	Ct	0	0	0	3	0	0	0	0	0	0	0	0	0	3	0	0	7	2	0	0	0	2	0	1	5	0	0	0	0	0	2	2	1	0
122082	14 Oct 25	06:46:00	1	0	60	0	Ct	0	0	0	1	0	0	0	0	0	0	0	0	0	0	0	0	9	2	0	0	0	1	0	0	1	0	0	0	0	2	0	3	1	0
122083	14 Oct 25	06:47:00	1	0	60	0	Ct	0	0	0	1	0	0	0	0	0	0	0	0	0	0	0	0	0	3	0	0	0	2	0	10	2	0	0	0	0	0	0	1	2	0
122084	14 Oct 25	06:48:00	1	0	60	0	Ct	0	0	0	2	0	0	0	0	0	0	0	0	0	4	0	0	0	2	0	0	0	1	0	0	4	0	0	0	0	0	0	1	2	0
122085	14 Oct 25	06:49:00	1	0	60	0	Ct	0	0	3	2	0	0	0	0	0	0	0	0	0	7	0	0	12	0	0	0	0	1	0	0	1	0	0	0	0	0	5	4	3	0
122086	14 Oct 25	06:50:00	1	0	60	0	Ct	0	0	6	0	0	0	0	0	0	0	0	0	0	0	0	0	16	3	0	0	0	1	0	0	3	0	0	0	0	0	3	1	2	0
122087	14 Oct 25	06:51:00	1	0	60	0	Ct	0	0	0	2	0	0	0	0	0	0	0	0	0	0	0	0	14	3	4	0	0	1	0	1	2	0	0	0	0	0	0	1	3	0
122088	14 Oct 25	06:52:00	1	0	60	0	Ct	0	0	0	1	2	0	0	0	0	0	1	0	0	0	0	0	13	0	2	0	0	2	0	0	6	0	0	0	0	0	0	2	1	0
122089	14 Oct 25	06:53:00	1	0	60	0	Ct	0	0	0	5	0	0	0	0	0	0	2	0	0	5	0	0	8	0	2	0	0	0	0	1	1	0	0	0	0	0	0	2	0	0
122090	14 Oct 25	06:54:00	1	0	60	0	Ct	0	0	0	5	0	0	0	0	0	0	2	0	0	3	0	0	0	5	3	0	0	3	0	2	5	0	0	0	0	0	2	1	1	0
122091	14 Oct 25	06:55:00	1	0	60	0	Ct	0	0	0	1	0	0	0	0	0	0	1	0	0	2	0	0	0	2	2	0	0	0	0	0	0	0	0	0	0	0	0	2	2	0
122092	14 Oct 25	06:56:00	1	0	60	0	Ct	0	0	0	1	1	0	0	0	0	0	2	0	0	13	0	0	5	3	3	0	0	5	0	0	1	0	0	0	0	0	2	2	1	0
122093	14 Oct 25	06:57:00	1	0	60	0	Ct	0	0	0	2	0	0	0	0	0	0	2	0	0	0	0	0	1	2	1	0	0	0	0	0	2	0	0	0	0	0	0	1	1	0
122094	14 Oct 25	06:58:00	1	0	60	0	Ct	0	0	0	2	0	0	0	0	0	0	2	0	0	0	0	0	0	2	3	0	0	2	0	0	1	0	0	0	0	0	0	1	1	0
122095	14 Oct 25	06:59:00	1	0	60	0	Ct	0	0	0	2	0	0	0	0	0	0	2	0	0	0	0	0	0	2	1	0	0	0	0	3	1	0	0	0	0	0	0	1	8	0
122096	14 Oct 25	07:00:00	1	0	60	0	Ct	0	0	0	1	0	0	0	0	0	0	2	0	0	0	0	0	1	3	3	0	0	3	0	0	3	0	0	0	0	0	0	2	2	0
122097	14 Oct 25	07:01:00	1	0	60	0	Ct	0	0	0	0	0	0	0	0	0	0	1	0	0	0	0	0	1	2	1	0	0	2	0	0	2	0	0	0	0	0	0	1	2	0
122098	14 Oct 25	07:02:00	1	0	60	0	Ct	0	0	0	1	0	0	0	0	0	0	1	0	0	1	0	0	0	0	3	0	0	2	0	0	3	0	0	0	0	0	0	1	3	0
122099	14 Oct 25	07:03:00	1	0	60	0	Ct	0	0	0	3	0	0	0	0	0	0	2	3	0	5	0	0	0	1	2	0	0	0	0	0	1	0	0	0	2	0	2	2	2	0
122100	14 Oct 25	07:04:00	1	0	60	0	Ct	0	0	0	1	3	0	0	0	0	0	5	2	0	0	0	0	0	2	1	0	0	0	0	0	1	0	0	0	0	0	3	2	1	0
122101	14 Oct 25	07:05:00	1	0	60	0	Ct	0	0	0	3	1	0	0	0	0	0	1	1	0	7	0	0	0	3	2	0	0	0	0	3	1	0	0	0	1	0	1	4	2	0
122102	14 Oct 25	07:06:00	1	0	60	0	Ct	0	0	0	1	2	0	0	0	0	0	1	2	0	4	0	0	1	1	2	0	0	1	0	0	1	0	0	0	1	0	3	0	7	0
122103	14 Oct 25	07:07:00	1	0	60	0	Ct	0	0	0	1	0	0	0	0	0	0	2	0	0	16	0	0	0	4	1	0	0	0	0	1	2	0	0	1	0	0	4	1	1	0
122104	14 Oct 25	07:08:00	1	0	60	0	Ct	0	0	0	0	0	0	2	0	0	0	1	1	0	0	0	0	5	2	2	0	0	1	0	3	1	0	0	3	0	0	2	2	1	2
122105	14 Oct 25	07:09:00	1	0	60	0	Ct	0	0	0	0	0	0	4	0	0	0	1	0	0	0	0	0	0	2	1	0	0	0	0	1	1	0	0	4	0	0	0	3	1	5
122106	14 Oct 25	07:10:00	1	0	60	0	Ct	0	0	0	2	0	0	2	0	0	0	0	0	0	1	2	0	1	3	1	0	0	1	0	2	2	0	0	2	0	0	3	2	0	0
122107	14 Oct 25	07:11:00	1	0	60	0	Ct	0	0	2	1	0	0	2	0	0	0	6	0	0	7	0	0	1	2	2	0	0	4	0	0	1	0	0	4	0	0	8	0	1	1
122108	14 Oct 25	07:12:00	1	0	60	0	Ct	0	0	1	2	0	0	4	0	0	0	1	3	0	2	0	2	1	3	1	0	0	1	0	3	1	0	0	2	0	0	14	2	2	2
122109	14 Oct 25	07:13:00	1	0	60	0	Ct	0	0	1	5	0	0	2	0	0	0	2	0	0	4	0	0	1	2	1	0	0	1	0	4	3	0	0	2	0	0	3	1	2	3
122110	14 Oct 25	07:14:00	1	0	60	0	Ct	0	0	0	1	0	0	0	0	0	0	0	0	0	0	0	0	0	3	1	0	0	0	4	1	0	0	0	4	0	0	2	0	2	6
122111	14 Oct 25	07:15:00	1	0	60	0	Ct	0	0	0	2	0	0	3	0	0	0	0	2	0	0	0	0	2	3	1	0	0	2	4	1	1	0	0	4	0	0	2	0	2	3
122112	14 Oct 25	07:16:00	1	0	60	0	Ct	0	0	0	5	0	0	1	0	1	0	0	0	0	8	0	0	4	1	19	0	0	1	3	2	2	0	0	2	0	0	2	1	1	3
122113	14 Oct 25	07:17:00	1	0	60	0	Ct	0	0	0	36	1	0	0	0	3	0	1	0	0	0	0	0	4	0	1	0	0	1	5	0	0	0	0	4	0	0	3	1	0	2
122114	14 Oct 25	07:18:00	1	0	60	0	Ct	0	0	0	22	3	0	0	0	0	0	1	4	0	0	0	0	1	0	2	0	0	1	2	1	1	0	0	1	0	2	1	4	2	2
122115	14 Oct 25	07:19:00	1	0	60	0	Ct	0	0	0	4	3	0	0	2	0	0	1	0	0	0	0	0	2	0	3	0	0	1	5	0	1	0	0	3	0	4	3	2	1	5
122116	14 Oct 25	07:20:00	1	0	60	0	Ct	0	0	0	0	4	0	0	3	0	0	2	0	1	0	0	0	1	0	1	0	0	1	5	2	2	0	0	2	0	4	1	1	1	0
122117	14 Oct 25	07:21:00	1	0	60	0	Ct	0	0	1	0	1	11	1	1	0	0	2	0	3	3	0	0	0	0	2	0	0	1	9	0	1	0	0	3	0	1	1	1	1	2
122118	14 Oct 25	07:22:00	1	0	60	0	Ct	0	0	1	1	3	6	2	3	0	0	2	0	1	3	0	0	1	0	1	0	0	2	3	3	0	0	0	3	0	0	1	0	2	2
122119	14 Oct 25	07:23:00	1	0	60	0	Ct	0	0	2	0	2	8	0	2	0	0	2	0	2	4	0	0	1	0	1	0	0	1	8	2	0	0	2	2	0	4	1	2	2	1
122120	14 Oct 25	07:24:00	1	0	60	0	Ct	0	0	1	0	2	12	3	2	0	0	1	0	2	0	0	0	2	0	1	0	0	1	3	1	5	0	0	4	0	0	14	3	1	4
122121	14 Oct 25	07:25:00	1	0	60	0	Ct	0	0	4	0	3	6	3	4	0	0	2	1	3	0	0	0	5	0	0	0	0	3	2	2	1	0	0	2	0	1	17	1	1	1
122122	14 Oct 25	07:26:00	1	0	60	0	Ct	0	0	1	0	3	3	3	2	0	0	6	3	3	0	0	0	2	0	1	0	0	3	1	1	1	0	2	3	0	1	9	1	2	3
122123	14 Oct 25	07:27:00	1	0	60	0	Ct	0	0	1	1	3	7	3	1	0	0	1	0	2	9	0	0	1	0	1	0	0	0	0	1	0	2	1	4	0	0	0	2	2	3
122124	14 Oct 25	07:28:00	1	0	60	0	Ct	0	0	0	0	2	0	2	1	0	0	6	0	4	0	0	0	1	0	1	0	0	0	0	2	0	0	0	2	0	0	4	13	1	2
122125	14 Oct 25	07:29:00	1	0	60	0	Ct	0	0	1	0	4	1	3	1	0	0	0	0	1	0	0	0	0	0	2	0	0	0	0	0	2	0	10	4	0	0	3	7	0	5
122126	14 Oct 25	07:30:00	1	0	60	0	Ct	0	0	3	0	3	0	1	0	0	0	2	0	0	4	0	0	1	0	1	0	0	0	0	1	2	0	1	3	0	0	2	2	0	1
122127	14 Oct 25	07:31:00	1	0	60	0	Ct	0	0	0	0	3	5	3	3	0	0	2	0	1	3	0	0	1	0	1	0	0	0	0	2	2	0	1	3	0	1	2	2	4	2
122128	14 Oct 25	07:32:00	1	0	60	0	Ct	0	0	2	0	2	11	1	3	0	0	3	0	1	1	0	0	0	0	1	0	0	0	0	1	1	0	4	3	0	3	1	3	1	2
122129	14 Oct 25	07:33:00	1	0	60	0	Ct	0	0	1	1	1	0	2	1	0	0	1	0	1	2	0	0	0	0	2	0	0	0	0	0	1	0	3	2	0	5	2	1	0	1
122130	14 Oct 25	07:34:00	1	0	60	0	Ct	0	0	0	0	3	0	1	1	0	0	1	0	0	5	0	0	5	0	2	0	0	2	0	2	12	0	4	1	0	2	2	1	3	4
122131	14 Oct 25	07:35:00	1	0	60	0	Ct	0	0	0	0	2	0	4	3	0	0	2	0	0	3	0	0	0	0	3	0	0	0	0	0	3	0	0	2	0	1	2	2	1	3
122132	14 Oct 25	07:36:00	1	0	60	0	Ct	0	0	0	1	3	0	2	2	0	0	2	0	0	0	0	0	0	0	0	0	0	2	0	0	3	0	3	3	2	0	1	0	4	2
122133	14 Oct 25	07:37:00	1	0	60	0	Ct	0	0	0	0	2	0	1	1	0	0	0	0	0	0	0	0	0	0	0	0	0	1	0	0	0	0	1	4	0	2	1	0	2	2
122134	14 Oct 25	07:38:00	1	0	60	0	Ct	0	0	0	0	1	0	3	1	0	0	1	0	2	0	0	0	0	0	0	0	0	1	0	0	3	0	2	2	2	0	1	3	1	3
122135	14 Oct 25	07:39:00	1	0	60	0	Ct	0	0	0	0	5	0	3	2	0	0	1	0	1	0	0	0	0	0	0	0	0	1	0	0	2	0	1	0	0	2	1	3	1	2
122136	14 Oct 25	07:40:00	1	0	60	0	Ct	0	0	0	2	1	0	1	2	0	0	0	1	0	0	0	3	0	0	1	0	4	1	0	0	1	0	7	0	0	0	3	4	1	1
122137	14 Oct 25	07:41:00	1	0	60	0	Ct	0	0	0	0	1	0	4	1	0	0	1	3	0	0	0	4	0	0	1	0	4	1	0	0	1	0	1	2	0	3	1	3	2	0
122138	14 Oct 25	07:42:00	1	0	60	0	Ct	0	0	0	0	1	0	4	6	0	0	2	0	0	0	0	2	0	0	2	0	2	1	4	0	1	0	3	2	0	1	0	1	1	3
122139	14 Oct 25	07:43:00	1	0	60	0	Ct	0	0	0	0	2	0	3	2	0	0	2	0	0	0	0	1	0	0	1	0	5	2	2	0	1	0	0	2	0	3	0	2	1	7
122140	14 Oct 25	07:44:00	1	0	60	0	Ct	0	0	0	0	2	0	2	1	0	0	0	1	0	1	0	2	0	4	2	0	2	3	2	0	2	0	1	5	0	0	2	1	0	12
122141	14 Oct 25	07:45:00	1	0	60	0	Ct	0	0	0	0	3	0	2	3	0	0	0	4	0	1	2	2	0	3	1	0	3	0	2	0	2	0	1	3	0	6	0	0	0	4
122142	14 Oct 25	07:46:00	1	0	60	0	Ct	0	0	0	0	1	0	3	1	0	0	1	0	0	0	2	3	0	3	1	0	4	3	3	0	1	0	0	3	0	0	2	2	0	1
122143	14 Oct 25	07:47:00	1	0	60	0	Ct	0	0	0	0	2	5	2	1	0	0	1	0	0	4	2	6	0	2	1	0	2	1	1	0	1	0	0	2	0	2	0	2	0	3
122144	14 Oct 25	07:48:00	1	0	60	0	Ct	0	0	0	0	3	0	1	1	0	0	1	0	0	5	4	2	3	5	2	0	4	1	1	0	2	0	0	2	0	0	6	3	1	4
122145	14 Oct 25	07:49:00	1	0	60	0	Ct	0	0	0	0	2	0	2	1	0	0	1	0	0	0	3	3	1	1	2	0	1	0	3	0	0	2	0	2	0	0	3	0	1	2
122146	14 Oct 25	07:50:00	1	0	60	0	Ct	0	0	1	0	2	0	2	2	0	0	2	0	0	0	3	2	6	3	1	0	3	1	4	0	0	0	0	3	0	1	1	0	0	2
122147	14 Oct 25	07:51:00	1	0	60	0	Ct	0	0	1	0	2	0	1	1	0	0	0	0	0	0	1	1	2	3	2	0	2	1	1	0	3	0	4	3	0	0	1	2	0	3
122148	14 Oct 25	07:52:00	1	0	60	0	Ct	0	0	1	0	1	0	3	2	0	0	0	0	0	0	4	1	2	3	1	0	5	0	6	0	2	0	2	2	0	0	1	2	0	2
122149	14 Oct 25	07:53:00	1	0	60	0	Ct	0	0	1	8	0	0	2	1	1	0	1	0	0	0	1	3	0	2	1	0	3	0	6	0	0	0	1	4	0	0	0	0	0	1
122150	14 Oct 25	07:54:00	1	0	60	0	Ct	0	0	3	4	2	0	4	1	3	0	1	0	0	0	2	2	1	2	1	0	3	0	3	0	2	0	1	3	0	0	2	1	0	0
122151	14 Oct 25	07:55:00	1	0	60	0	Ct	0	0	2	0	1	0	1	2	0	0	0	0	0	6	3	3	1	3	1	0	4	0	2	0	1	0	1	3	0	0	4	5	0	1
122152	14 Oct 25	07:56:00	1	0	60	0	Ct	0	0	0	0	4	0	1	5	0	0	1	0	0	0	1	2	1	3	2	0	3	0	1	0	1	0	1	4	0	1	3	1	0	3
122153	14 Oct 25	07:57:00	1	0	60	0	Ct	0	0	1	0	3	0	1	3	0	0	0	0	0	0	4	2	1	3	3	0	3	0	5	0	1	0	2	3	0	7	1	1	0	3
122154	14 Oct 25	07:58:00	1	0	60	0	Ct	0	0	0	0	1	0	3	2	0	0	2	0	0	1	2	5	1	0	1	0	3	0	0	0	1	3	1	2	0	4	3	1	0	2
122155	14 Oct 25	07:59:00	1	0	60	0	Ct	0	0	1	0	2	0	3	2	0	0	2	0	0	2	2	1	0	2	1	0	4	0	5	0	18	4	1	2	0	1	1	2	0	1
122156	14 Oct 25	08:00:00	1	0	60	0	Ct	0	0	0	0	2	0	1	0	0	0	3	0	0	0	2	2	3	2	0	0	2	0	13	0	21	3	0	3	0	1	1	3	0	3
122157	14 Oct 25	08:01:00	1	0	60	0	Ct	0	0	1	0	4	0	2	3	0	0	2	0	0	0	1	5	3	4	0	0	3	0	3	1	2	2	0	3	0	0	2	2	0	1
122158	14 Oct 25	08:02:00	1	0	60	0	Ct	0	0	1	0	0	0	2	0	0	0	4	0	0	0	1	2	0	1	2	0	2	0	3	5	3	3	3	3	0	3	8	0	0	2
122159	14 Oct 25	08:03:00	1	0	60	0	Ct	0	0	0	0	4	0	2	0	0	0	2	0	0	2	2	1	2	2	1	0	3	0	2	0	1	2	1	3	0	0	1	0	0	2
122160	14 Oct 25	08:04:00	1	0	60	0	Ct	0	0	0	0	2	0	2	1	0	0	2	0	0	0	2	0	3	1	2	0	6	0	3	3	1	2	1	4	0	1	2	0	0	3
122161	14 Oct 25	08:05:00	1	0	60	0	Ct	0	0	0	0	1	0	0	0	0	0	2	0	0	0	2	2	0	0	3	0	2	0	1	2	3	2	1	2	2	1	1	0	0	0
122162	14 Oct 25	08:06:00	1	0	60	0	Ct	0	0	0	0	0	0	3	4	0	0	0	0	0	0	2	0	8	3	1	0	2	0	4	2	2	1	1	2	0	1	0	8	0	3
122163	14 Oct 25	08:07:00	1	0	60	0	Ct	0	0	0	1	1	0	2	0	0	0	3	0	2	1	1	3	0	6	2	0	3	0	5	1	1	1	3	3	0	0	0	2	0	2
122164	14 Oct 25	08:08:00	1	0	60	0	Ct	0	0	0	0	1	0	1	0	0	0	0	2	5	2	2	0	0	1	0	0	2	0	0	1	1	1	11	4	0	0	1	1	0	1
122165	14 Oct 25	08:09:00	1	0	60	0	Ct	0	0	0	0	3	0	0	0	0	0	6	0	4	0	1	1	0	2	1	0	5	0	5	1	2	2	0	5	0	0	2	2	0	3
122166	14 Oct 25	08:10:00	1	0	60	0	Ct	0	0	0	0	2	11	4	3	0	0	0	2	1	1	3	2	0	1	1	0	3	0	0	2	0	3	1	1	0	0	2	3	0	1
122167	14 Oct 25	08:11:00	1	0	60	0	Ct	0	0	0	2	1	0	1	3	0	0	3	1	4	0	2	3	0	2	0	0	3	0	4	2	1	2	1	3	0	0	1	1	0	2
122168	14 Oct 25	08:12:00	1	0	60	0	Ct	0	0	0	2	2	12	1	2	0	0	1	0	2	0	2	2	0	1	0	0	3	0	2	1	1	1	0	5	0	1	1	3	4	1
122169	14 Oct 25	08:13:00	1	0	60	0	Ct	0	0	0	0	1	0	2	0	0	0	2	0	2	0	0	2	0	3	0	0	3	0	8	1	4	2	3	3	0	8	11	3	0	3
122170	14 Oct 25	08:14:00	1	0	60	0	Ct	0	0	0	0	0	0	3	1	0	0	2	2	1	10	2	1	3	2	0	0	4	1	20	2	1	2	1	2	0	3	5	4	1	1
122171	14 Oct 25	08:15:00	1	0	60	0	Ct	0	0	1	0	1	0	3	1	2	1	2	2	1	19	0	3	0	3	0	0	4	3	5	1	1	1	1	1	0	1	1	4	5	2
122172	14 Oct 25	08:16:00	1	0	60	0	Ct	0	0	0	0	1	0	2	1	0	0	2	0	1	27	0	3	1	3	0	0	3	1	16	1	1	1	3	3	0	21	3	0	11	1
122173	14 Oct 25	08:17:00	1	0	60	0	Ct	0	0	4	0	2	0	0	1	0	0	0	0	2	23	2	2	0	2	0	0	2	1	13	0	1	1	1	3	0	1	0	9	0	4
122174	14 Oct 25	08:18:00	1	0	60	0	Ct	0	0	2	0	0	0	4	1	0	0	2	2	2	13	2	0	0	4	0	0	4	0	12	0	1	3	2	1	0	1	0	2	7	4
122175	14 Oct 25	08:19:00	1	0	60	0	Ct	0	0	1	0	1	0	1	0	0	2	0	0	5	18	2	10	1	0	0	0	2	4	19	0	1	0	2	0	0	0	2	2	1	1
122176	14 Oct 25	08:20:00	1	0	60	0	Ct	0	0	1	0	1	0	1	0	0	1	2	1	0	10	2	12	0	0	0	0	5	1	0	0	1	2	7	0	0	0	5	2	4	2
122177	14 Oct 25	08:21:00	1	0	60	0	Ct	0	0	2	0	6	0	3	0	0	0	1	1	1	22	2	1	0	2	0	0	3	5	0	2	1	1	1	9	0	1	4	1	1	4
122178	14 Oct 25	08:22:00	1	0	60	0	Ct	0	0	1	0	1	0	1	0	0	0	1	3	1	32	0	3	0	4	0	0	3	2	0	1	1	2	0	2	0	4	1	0	3	1
122179	14 Oct 25	08:23:00	1	0	60	0	Ct	0	0	1	4	1	4	1	0	0	0	2	1	1	28	3	1	0	2	0	0	4	0	1	1	0	1	1	1	0	1	2	0	3	5
122180	14 Oct 25	08:24:00	1	0	60	0	Ct	0	0	2	0	4	3	2	2	0	0	1	4	1	22	3	1	0	1	0	0	2	3	2	0	0	2	0	0	0	0	0	0	2	0
122181	14 Oct 25	08:25:00	1	0	60	0	Ct	0	0	0	0	2	0	1	1	0	0	1	1	21	20	1	0	0	2	0	0	3	1	2	0	2	0	0	2	0	2	1	0	2	3
122182	14 Oct 25	08:26:00	1	0	60	0	Ct	0	0	4	0	2	0	1	1	0	0	1	1	32	24	2	0	0	1	0	0	2	1	1	5	2	3	2	18	0	0	1	1	1	2
122183	14 Oct 25	08:27:00	1	0	60	0	Ct	0	0	0	0	1	3	2	1	0	0	2	0	32	9	1	0	0	3	0	0	2	2	0	1	2	1	1	3	0	1	2	8	2	3
122184	14 Oct 25	08:28:00	1	0	60	0	Ct	0	0	0	0	2	0	2	1	0	5	1	0	26	3	2	3	0	2	0	0	2	0	0	2	7	1	2	10	0	6	3	4	2	2
122185	14 Oct 25	08:29:00	1	0	60	0	Ct	0	0	0	0	1	0	2	1	0	2	1	0	3	6	2	7	0	2	0	0	3	0	0	2	1	2	3	4	0	4	1	5	0	2
122186	14 Oct 25	08:30:00	1	0	60	0	Ct	0	0	0	0	1	13	2	1	0	3	2	0	1	0	2	0	0	1	0	0	2	4	0	1	1	1	1	5	0	1	2	2	1	0
122187	14 Oct 25	08:31:00	1	0	60	0	Ct	0	0	0	0	2	17	1	4	0	2	0	0	1	0	2	0	0	2	0	0	3	2	2	1	2	3	2	2	0	0	1	3	0	7
122188	14 Oct 25	08:32:00	1	0	60	0	Ct	0	0	0	0	1	6	0	1	0	1	2	0	5	3	1	0	0	2	0	0	2	3	5	1	2	1	2	2	0	0	2	1	0	1
122189	14 Oct 25	08:33:00	1	0	60	0	Ct	0	0	0	0	0	7	1	0	0	0	1	0	4	1	2	0	0	1	0	0	1	1	6	1	2	1	0	4	0	0	0	11	0	2
122190	14 Oct 25	08:34:00	1	0	60	0	Ct	0	0	0	0	1	0	0	0	0	1	0	0	0	0	1	0	0	1	0	0	2	1	4	2	1	1	1	8	0	0	1	3	0	1
122191	14 Oct 25	08:35:00	1	0	60	0	Ct	0	0	0	0	7	1	0	0	0	1	2	0	0	4	2	0	2	1	0	0	4	1	1	0	0	2	4	9	0	0	1	1	0	1
122192	14 Oct 25	08:36:00	1	0	60	0	Ct	0	0	0	0	0	7	0	0	0	2	2	0	0	26	1	0	1	1	0	0	2	4	5	0	1	0	0	4	0	0	0	1	0	2
122193	14 Oct 25	08:37:00	1	0	60	0	Ct	0	0	0	0	0	12	0	2	0	0	0	0	0	4	0	0	2	2	0	0	3	3	6	0	2	1	0	2	2	3	0	1	0	0
122194	14 Oct 25	08:38:00	1	0	60	0	Ct	0	0	0	0	0	8	2	2	0	0	2	0	0	2	0	0	1	3	0	0	1	1	1	0	2	2	2	2	0	4	1	0	0	6
122195	14 Oct 25	08:39:00	1	0	60	0	Ct	0	0	0	0	0	0	0	1	0	2	1	0	0	0	0	0	1	13	0	0	3	1	3	0	1	1	1	3	1	1	1	0	0	2
122196	14 Oct 25	08:40:00	1	0	60	0	Ct	0	0	0	0	3	6	0	3	0	0	0	1	0	5	0	0	1	3	0	0	3	1	3	0	0	0	1	2	1	4	2	0	0	0
122197	14 Oct 25	08:41:00	1	0	60	0	Ct	0	0	1	5	1	5	0	3	0	0	2	0	0	0	2	0	0	3	0	0	2	1	0	0	1	1	2	1	0	1	2	2	0	4
122198	14 Oct 25	08:42:00	1	0	60	0	Ct	0	0	1	0	4	11	0	2	0	2	0	0	0	0	1	0	0	4	0	0	2	1	3	0	1	0	2	4	0	0	2	4	0	1
122199	14 Oct 25	08:43:00	1	0	60	0	Ct	0	0	1	0	2	11	0	2	0	0	0	1	0	1	1	0	0	14	0	0	2	0	4	0	1	1	1	2	0	3	2	2	0	10
122200	14 Oct 25	08:44:00	1	0	60	0	Ct	0	0	1	0	1	4	0	2	0	0	0	2	0	0	1	0	0	2	0	0	1	1	0	0	2	0	1	2	0	1	1	2	0	9
122201	14 Oct 25	08:45:00	1	0	60	0	Ct	0	0	3	0	2	1	0	2	1	2	0	1	0	11	2	3	1	1	2	0	2	2	3	0	0	4	1	2	0	0	0	3	0	2
122202	14 Oct 25	08:46:00	1	0	60	0	Ct	0	0	2	0	1	10	0	2	0	2	0	3	3	0	2	4	1	4	4	0	2	0	0	0	1	0	1	3	0	0	1	0	0	4
122203	14 Oct 25	08:47:00	1	0	60	0	Ct	0	0	1	0	1	6	0	0	0	1	0	3	4	23	1	2	2	3	8	0	3	0	3	1	0	0	0	0	0	0	1	0	0	0
122204	14 Oct 25	08:48:00	1	0	60	0	Ct	0	0	1	0	1	4	0	0	0	9	1	3	2	18	1	2	0	3	4	0	3	3	2	3	1	0	2	2	0	0	0	3	0	1
122205	14 Oct 25	08:49:00	1	0	60	0	Ct	0	0	3	0	0	7	0	0	0	2	1	2	3	0	1	2	2	2	2	0	2	0	3	2	1	0	0	0	0	0	1	2	0	3
122206	14 Oct 25	08:50:00	1	0	60	0	Ct	0	0	0	0	2	7	0	0	0	2	2	3	1	0	5	1	10	1	3	0	3	0	3	1	1	0	0	3	0	1	1	0	0	1
122207	14 Oct 25	08:51:00	1	0	60	0	Ct	0	0	0	0	1	13	0	0	0	2	2	3	3	0	3	1	0	1	2	0	1	0	3	2	2	0	0	3	0	2	1	0	0	3
122208	14 Oct 25	08:52:00	1	0	60	0	Ct	0	0	0	0	0	8	0	0	0	1	0	2	1	1	1	2	0	2	1	0	2	2	3	6	1	0	0	3	0	0	0	0	0	3
122209	14 Oct 25	08:53:00	1	0	60	0	Ct	0	0	0	0	1	0	0	0	0	3	0	2	4	8	1	1	5	1	1	0	2	1	0	1	1	0	1	2	0	0	1	0	0	1
122210	14 Oct 25	08:54:00	1	0	60	0	Ct	0	0	0	0	1	1	0	0	0	3	0	2	0	1	1	3	0	3	1	0	3	0	0	2	1	0	1	2	0	2	0	0	0	4
122211	14 Oct 25	08:55:00	1	0	60	0	Ct	0	0	0	0	1	8	0	0	0	2	2	5	3	1	1	1	4	2	1	0	1	2	2	0	1	0	1	10	0	1	1	0	0	4
122212	14 Oct 25	08:56:00	1	0	60	0	Ct	0	0	0	0	2	11	0	0	0	3	1	0	1	0	2	1	2	3	1	0	2	0	0	1	4	0	1	6	0	0	0	0	2	3
122213	14 Oct 25	08:57:00	1	0	60	0	Ct	0	0	0	0	1	14	0	0	0	3	2	1	0	0	2	3	0	4	1	0	2	2	3	2	0	0	2	2	0	0	0	0	8	2
122214	14 Oct 25	08:58:00	1	0	60	0	Ct	0	0	2	0	2	12	0	4	0	2	2	3	0	1	1	1	0	3	0	0	3	1	5	1	0	0	2	4	0	1	1	0	1	3
122215	14 Oct 25	08:59:00	1	0	60	0	Ct	0	0	1	0	2	7	0	2	0	2	2	2	0	0	1	3	0	2	4	0	1	0	25	1	1	0	1	2	3	2	4	0	3	4
122216	14 Oct 25	09:00:00	1	0	60	0	Ct	0	0	1	0	2	7	0	0	0	2	3	2	0	0	1	1	0	1	1	0	2	0	1	2	1	0	1	3	0	2	1	0	0	1
122217	14 Oct 25	09:01:00	1	0	60	0	Ct	0	0	1	0	15	2	0	0	0	2	0	3	0	0	4	1	0	2	2	0	2	2	2	2	2	0	1	3	0	1	0	0	1	2
122218	14 Oct 25	09:02:00	1	0	60	0	Ct	0	0	1	0	21	6	0	0	2	3	2	2	0	0	2	2	0	1	1	0	2	3	1	1	0	0	1	2	0	3	1	0	2	3
122219	14 Oct 25	09:03:00	1	0	60	0	Ct	0	0	1	6	4	21	0	0	0	2	2	3	0	3	3	1	0	1	2	0	1	0	2	3	2	0	0	4	0	0	2	0	2	2
122220	14 Oct 25	09:04:00	1	0	60	0	Ct	0	0	0	2	1	0	0	0	1	2	2	7	0	0	1	1	0	0	1	0	0	0	8	2	2	0	1	2	0	0	0	0	1	1
122221	14 Oct 25	09:05:00	1	0	60	0	Ct	0	0	1	2	2	0	0	0	1	2	0	4	0	5	4	0	0	1	3	0	2	2	12	1	6	0	2	2	0	23	1	0	1	1
122222	14 Oct 25	09:06:00	1	0	60	0	Ct	0	0	0	2	4	7	0	0	0	1	0	2	0	8	1	4	0	2	1	0	2	1	12	2	1	0	0	1	0	9	2	0	0	2
122223	14 Oct 25	09:07:00	1	0	60	0	Ct	0	0	0	3	2	2	0	0	0	2	0	1	0	0	2	9	0	2	2	0	2	4	0	0	1	2	0	3	2	7	4	0	2	0
122224	14 Oct 25	09:08:00	1	0	60	0	Ct	0	0	0	4	1	0	0	0	0	2	2	2	0	0	1	0	1	2	0	0	3	1	0	2	2	3	0	2	0	0	0	0	1	1
122225	14 Oct 25	09:09:00	1	0	60	0	Ct	0	0	1	3	1	0	0	0	0	3	2	2	0	0	0	0	0	3	0	0	1	1	0	1	3	2	0	3	0	1	1	0	1	3
122226	14 Oct 25	09:10:00	1	0	60	0	Ct	0	0	1	2	2	3	0	0	0	1	3	1	0	3	1	0	0	3	2	0	2	3	0	2	4	2	0	2	0	3	0	0	4	5
122227	14 Oct 25	09:11:00	1	0	60	0	Ct	0	0	2	1	2	3	0	0	0	3	2	2	0	10	2	0	0	1	4	0	2	2	1	1	2	2	0	2	0	1	2	1	20	3
122228	14 Oct 25	09:12:00	1	0	60	0	Ct	0	0	1	2	3	4	0	0	0	1	5	2	0	14	1	2	0	1	1	0	2	1	0	1	1	1	0	2	0	2	2	3	14	4
122229	14 Oct 25	09:13:00	1	0	60	0	Ct	0	0	0	2	1	6	0	2	0	2	1	1	0	24	2	1	0	0	0	0	1	1	0	1	1	2	1	0	0	16	2	0	23	4
122230	14 Oct 25	09:14:00	1	0	60	0	Ct	0	0	0	1	2	0	0	5	0	1	6	1	1	4	0	5	0	0	0	0	1	0	0	1	4	3	1	1	0	7	0	1	27	4
122231	14 Oct 25	09:15:00	1	0	60	0	Ct	0	0	0	1	1	0	2	2	0	1	1	1	2	0	1	3	2	0	0	0	2	1	0	0	6	2	1	2	0	0	0	0	6	4
122232	14 Oct 25	09:16:00	1	0	60	0	Ct	0	0	0	2	1	2	0	1	0	4	0	4	3	8	0	4	4	0	1	0	7	1	3	1	0	1	2	2	0	3	0	0	0	4
122233	14 Oct 25	09:17:00	1	0	60	0	Ct	0	0	0	3	4	4	2	1	0	2	1	1	2	0	0	1	1	0	0	0	4	1	3	1	2	2	3	3	2	0	3	0	0	3
122234	14 Oct 25	09:18:00	1	0	60	0	Ct	0	0	0	3	1	8	0	1	0	2	1	2	2	0	0	1	0	0	0	0	3	15	3	3	3	1	2	1	0	0	3	0	0	4
122235	14 Oct 25	09:19:00	1	0	60	0	Ct	0	0	0	4	0	2	0	1	0	0	1	4	2	0	0	0	5	0	0	0	3	2	1	4	1	0	1	3	0	0	0	0	0	4
122236	14 Oct 25	09:20:00	1	0	60	0	Ct	0	0	0	2	2	0	0	2	0	2	1	0	1	6	0	0	1	0	0	0	1	4	3	1	1	1	3	2	0	2	2	0	0	2
122237	14 Oct 25	09:21:00	1	0	60	0	Ct	0	0	0	3	3	3	0	0	0	3	2	0	1	0	0	2	5	0	4	0	1	0	0	3	0	1	1	2	0	0	1	0	0	0
122238	14 Oct 25	09:22:00	1	0	60	0	Ct	0	0	0	3	1	0	0	2	0	0	2	4	0	0	0	3	3	0	3	0	3	1	1	2	0	1	1	4	0	0	1	0	0	2
122239	14 Oct 25	09:23:00	1	0	60	0	Ct	0	0	0	0	1	6	0	3	0	2	0	1	0	0	0	1	2	0	2	0	2	0	2	1	0	2	1	2	0	1	0	0	0	9
122240	14 Oct 25	09:24:00	1	0	60	0	Ct	0	0	0	3	1	16	0	1	0	2	0	1	11	0	0	3	7	0	3	0	1	1	4	0	0	0	1	1	0	0	0	0	0	1
122241	14 Oct 25	09:25:00	1	0	60	0	Ct	0	0	0	3	2	4	0	3	2	2	0	1	0	0	0	1	0	0	2	0	3	0	4	1	0	1	1	2	0	2	4	0	0	1
122242	14 Oct 25	09:26:00	1	0	60	0	Ct	0	0	0	1	2	1	0	2	3	3	1	0	0	0	0	2	0	0	2	0	0	0	7	1	0	1	1	3	0	2	4	1	0	1
122243	14 Oct 25	09:27:00	1	0	60	0	Ct	0	0	0	3	2	3	0	2	1	0	2	2	0	0	0	2	1	0	2	0	3	0	0	1	0	5	2	2	0	2	0	3	0	1
122244	14 Oct 25	09:28:00	1	0	60	0	Ct	0	0	0	0	1	0	0	0	1	1	1	0	0	0	0	0	0	0	2	0	1	0	10	1	0	5	1	3	0	1	1	2	2	2
122245	14 Oct 25	09:29:00	1	0	60	0	Ct	0	0	0	4	5	4	0	4	2	2	0	0	0	0	0	0	0	0	3	0	2	0	0	1	3	2	4	1	0	0	1	1	2	1
122246	14 Oct 25	09:30:00	1	0	60	0	Ct	0	0	0	1	8	5	0	0	0	1	0	0	0	0	0	2	0	0	2	0	3	0	2	1	1	4	0	4	0	0	0	1	2	4
122247	14 Oct 25	09:31:00	1	0	60	0	Ct	0	0	2	3	1	0	0	1	3	1	0	0	0	3	0	1	0	0	1	0	4	0	2	2	3	1	3	3	0	0	2	2	2	3
122248	14 Oct 25	09:32:00	1	0	60	0	Ct	0	0	1	2	2	0	0	0	1	0	2	0	0	0	0	1	0	0	1	0	3	0	2	1	2	0	0	4	0	0	5	0	2	1
122249	14 Oct 25	09:33:00	1	0	60	0	Ct	0	0	1	4	1	0	2	0	5	0	1	0	0	0	0	1	0	2	1	0	6	0	2	0	1	1	1	16	0	1	9	0	0	0
122250	14 Oct 25	09:34:00	1	0	60	0	Ct	0	0	0	2	3	0	0	0	3	0	1	0	0	0	3	1	0	2	1	0	2	0	0	0	1	0	10	4	0	0	1	0	1	1
122251	14 Oct 25	09:35:00	1	0	60	0	Ct	0	0	1	3	1	0	0	3	1	1	0	0	0	0	0	6	0	2	1	0	2	0	5	1	5	2	0	2	3	0	0	0	5	1
122252	14 Oct 25	09:36:00	1	0	60	0	Ct	0	0	1	3	1	0	0	1	2	1	3	0	0	1	0	1	0	0	1	0	2	0	7	1	2	2	0	1	1	0	0	0	1	0
122253	14 Oct 25	09:37:00	1	0	60	0	Ct	0	0	0	2	2	0	0	1	2	1	1	0	0	0	0	0	0	1	1	0	2	4	22	2	1	1	0	3	3	0	3	0	2	1
122254	14 Oct 25	09:38:00	1	0	60	0	Ct	0	0	0	1	1	0	0	2	2	4	3	2	0	0	0	0	0	0	0	0	2	1	33	3	1	1	0	2	3	2	1	0	6	1
122255	14 Oct 25	09:39:00	1	0	60	0	Ct	0	0	1	4	1	0	0	6	0	2	1	0	0	4	0	0	0	0	1	0	2	1	28	2	1	2	0	2	0	2	0	6	0	1
122256	14 Oct 25	09:40:00	1	0	60	0	Ct	0	0	0	1	0	0	0	2	2	5	2	0	0	0	0	0	0	0	2	0	1	1	14	1	2	1	0	3	1	0	0	0	4	2
122257	14 Oct 25	09:41:00	1	0	60	0	Ct	0	0	1	2	2	0	0	1	1	2	2	0	0	0	0	1	2	0	2	0	0	2	0	1	1	1	0	6	3	0	0	0	1	1
122258	14 Oct 25	09:42:00	1	0	60	0	Ct	0	0	0	2	1	0	0	1	4	4	1	0	0	5	1	3	1	0	1	0	0	1	0	2	0	1	0	3	2	0	0	0	1	2
122259	14 Oct 25	09:43:00	1	0	60	0	Ct	0	0	0	4	1	2	0	2	1	3	6	0	0	8	1	3	0	0	0	0	0	3	0	0	0	2	0	2	1	0	3	0	0	0
122260	14 Oct 25	09:44:00	1	0	60	0	Ct	0	0	0	1	1	3	0	0	1	2	0	0	3	4	0	3	0	0	1	0	0	1	0	0	1	0	0	1	2	0	2	0	0	0
122261	14 Oct 25	09:45:00	1	0	60	0	Ct	0	0	0	0	2	1	0	0	0	3	1	0	3	0	0	1	0	0	2	0	0	2	0	2	1	1	1	4	2	0	3	0	0	1
122262	14 Oct 25	09:46:00	1	0	60	0	Ct	0	0	0	3	1	1	0	4	1	2	1	0	2	0	0	2	0	0	4	0	0	1	0	1	2	1	1	2	2	0	1	0	0	3
122263	14 Oct 25	09:47:00	1	0	60	0	Ct	0	0	0	2	1	6	0	0	6	2	0	0	2	1	0	0	0	0	2	0	0	1	0	1	1	2	0	2	2	4	1	0	0	1
122264	14 Oct 25	09:48:00	1	0	60	0	Ct	0	0	0	2	2	4	0	2	4	0	0	1	1	0	0	3	0	0	2	0	0	2	1	2	1	2	1	1	3	2	2	0	0	1
122265	14 Oct 25	09:49:00	1	0	60	0	Ct	0	0	1	2	0	0	0	6	5	1	0	0	2	0	0	2	0	0	2	0	0	1	4	2	2	3	1	3	1	3	1	0	0	2
122266	14 Oct 25	09:50:00	1	0	60	0	Ct	0	0	0	2	3	7	0	2	1	1	0	0	0	3	0	2	0	0	1	0	0	3	2	2	1	1	0	2	1	0	1	0	0	2
122267	14 Oct 25	09:51:00	1	0	60	0	Ct	0	0	1	3	2	0	0	1	1	0	0	0	0	1	0	0	0	0	1	0	0	1	4	1	1	0	0	2	1	0	1	0	0	2
122268	14 Oct 25	09:52:00	1	0	60	0	Ct	0	0	0	1	4	2	0	0	1	0	0	1	0	0	0	2	0	0	1	0	0	4	5	0	1	0	2	1	3	0	1	0	0	2
122269	14 Oct 25	09:53:00	1	0	60	0	Ct	0	0	0	2	1	4	0	0	0	0	0	0	1	2	0	4	0	0	1	0	0	1	4	0	1	0	1	0	1	0	1	0	0	1
122270	14 Oct 25	09:54:00	1	0	60	0	Ct	0	0	0	2	2	3	0	0	7	0	0	0	4	0	0	1	0	0	2	0	0	1	1	2	0	2	3	3	2	0	1	0	0	1
122271	14 Oct 25	09:55:00	1	0	60	0	Ct	0	0	0	2	2	2	0	0	5	0	0	0	1	3	0	2	0	3	1	0	0	0	6	1	9	1	1	9	0	0	3	0	0	2
122272	14 Oct 25	09:56:00	1	0	60	0	Ct	0	0	0	0	2	0	0	0	2	0	0	0	2	0	0	1	0	1	0	0	0	0	0	2	0	1	5	17	1	0	1	0	0	1
122273	14 Oct 25	09:57:00	1	0	60	0	Ct	0	0	0	1	4	4	0	0	2	0	0	0	2	2	0	2	0	1	0	0	0	1	7	1	0	2	1	12	1	0	0	0	0	1
122274	14 Oct 25	09:58:00	1	0	60	0	Ct	0	0	0	2	0	1	0	0	1	0	0	0	3	0	0	2	0	4	0	0	0	1	1	0	0	0	1	6	1	1	1	0	4	1
122275	14 Oct 25	09:59:00	1	0	60	0	Ct	0	0	0	3	0	3	1	0	4	0	0	0	2	7	0	1	0	6	0	0	0	1	7	1	1	0	1	1	2	2	0	0	2	1
122276	14 Oct 25	10:00:00	1	0	60	0	Ct	0	0	0	3	2	2	3	0	0	0	0	0	0	0	0	0	0	6	0	0	0	2	7	1	3	2	2	0	2	2	1	0	1	4
122277	14 Oct 25	10:01:00	1	0	60	0	Ct	0	0	0	0	1	0	3	0	3	0	0	1	1	5	0	1	0	3	1	0	0	3	4	1	9	1	4	3	4	0	0	0	2	2
122278	14 Oct 25	10:02:00	1	0	60	0	Ct	0	0	0	3	0	0	3	0	0	0	0	0	4	2	0	2	0	3	1	0	0	1	0	2	0	1	1	3	0	0	2	0	1	2
122279	14 Oct 25	10:03:00	1	0	60	0	Ct	0	0	0	1	2	0	1	0	3	1	0	1	1	0	0	1	2	5	2	0	0	5	2	0	2	1	3	16	3	0	6	0	3	4
122280	14 Oct 25	10:04:00	1	0	60	0	Ct	0	0	1	2	1	0	0	0	0	1	0	0	1	3	0	1	0	2	1	0	0	1	3	1	1	0	4	2	2	0	0	0	2	4
122281	14 Oct 25	10:05:00	1	0	60	0	Ct	0	0	1	1	3	0	3	0	0	0	0	0	1	0	0	0	0	3	1	0	0	3	4	2	1	1	1	2	0	2	0	0	0	1
122282	14 Oct 25	10:06:00	1	0	60	0	Ct	0	0	1	1	1	0	4	0	0	2	0	0	3	0	0	1	0	3	0	0	0	1	1	0	1	2	2	2	0	0	0	0	3	4
122283	14 Oct 25	10:07:00	1	0	60	0	Ct	0	1	1	1	1	0	1	0	1	0	0	3	6	5	0	1	0	1	2	0	2	1	7	3	1	2	2	2	1	4	2	0	3	3
122284	14 Oct 25	10:08:00	1	0	60	0	Ct	0	1	0	2	12	0	0	0	2	0	0	6	7	6	0	2	3	3	0	0	0	4	7	0	0	1	0	2	3	1	0	0	3	0
122285	14 Oct 25	10:09:00	1	0	60	0	Ct	0	1	0	1	9	0	2	0	1	0	0	1	0	14	0	0	0	2	0	0	0	2	4	3	0	2	0	2	1	1	0	3	0	0
122286	14 Oct 25	10:10:00	1	0	60	0	Ct	0	1	0	3	0	0	0	0	2	0	0	3	0	11	0	2	0	3	0	0	0	8	1	2	0	1	0	2	1	0	2	0	1	0
122287	14 Oct 25	10:11:00	1	0	60	0	Ct	0	1	0	1	0	0	0	0	1	0	0	0	0	0	0	0	0	1	0	0	0	3	0	2	0	2	0	2	0	1	0	0	0	0
122288	14 Oct 25	10:12:00	1	0	60	0	Ct	0	1	0	3	0	0	0	0	1	2	0	0	0	21	0	0	0	0	0	0	0	0	0	0	0	2	0	0	0	0	0	0	0	0
122289	14 Oct 25	10:13:00	1	0	60	0	Ct	0	1	0	2	7	2	0	0	1	4	0	1	0	17	0	4	0	0	4	0	0	2	0	0	0	0	0	0	0	0	1	0	0	0
122290	14 Oct 25	10:14:00	1	0	60	0	Ct	0	1	0	1	1	0	0	0	0	0	0	0	0	1	0	0	0	0	0	0	0	1	0	0	0	0	0	0	0	3	4	0	0	0
122291	14 Oct 25	10:15:00	1	0	60	0	Ct	0	1	0	1	0	5	0	0	0	1	0	0	0	2	2	0	0	0	0	0	0	0	0	12	0	0	0	0	0	0	0	0	0	1
122292	14 Oct 25	10:16:00	1	0	60	0	Ct	0	1	0	2	0	0	0	0	1	0	0	0	0	3	0	0	0	2	0	0	0	1	0	0	0	0	0	0	0	0	0	0	0	0
122293	14 Oct 25	10:17:00	1	0	60	0	Ct	0	1	0	2	0	4	2	0	1	0	0	0	0	0	0	0	0	2	0	0	0	1	0	0	0	0	0	0	0	0	0	0	0	0
122294	14 Oct 25	10:18:00	1	0	60	0	Ct	0	1	2	0	0	4	39	0	1	0	0	0	0	0	0	0	0	2	0	0	0	1	4	0	0	0	0	0	0	2	3	4	0	0
122295	14 Oct 25	10:19:00	1	0	60	0	Ct	0	1	2	1	0	0	4	0	2	0	0	4	0	3	0	0	0	1	0	0	0	0	0	0	0	3	0	0	0	0	5	4	0	0
122296	14 Oct 25	10:20:00	1	0	60	0	Ct	0	1	1	1	0	0	21	0	0	0	0	0	0	6	0	0	2	3	0	0	0	3	3	0	0	6	0	0	0	0	0	0	0	0
122297	14 Oct 25	10:21:00	1	0	60	0	Ct	0	1	0	2	0	0	6	0	0	0	0	0	0	0	0	1	2	1	0	0	0	1	3	0	0	0	0	0	0	0	0	0	0	0
122298	14 Oct 25	10:22:00	1	0	60	0	Ct	0	1	2	1	0	0	0	0	0	0	0	0	0	0	0	0	0	1	1	0	0	1	22	0	0	1	0	0	0	0	0	0	2	0
122299	14 Oct 25	10:23:00	1	0	60	0	Ct	0	1	1	0	0	0	0	0	0	0	0	1	0	0	0	0	0	2	0	0	1	0	0	2	0	4	0	0	0	1	0	0	1	0
122300	14 Oct 25	10:24:00	1	0	60	0	Ct	0	1	2	2	1	0	0	0	0	0	0	0	0	0	0	0	0	2	0	0	0	0	0	0	0	1	0	0	0	1	0	0	0	0
122301	14 Oct 25	10:25:00	1	0	60	0	Ct	0	1	2	0	0	0	0	0	0	0	0	1	0	0	0	0	0	2	0	0	0	1	0	14	0	0	0	0	0	0	0	0	0	0
122302	14 Oct 25	10:26:00	1	0	60	0	Ct	0	1	3	1	0	0	0	0	0	1	0	0	0	0	0	0	1	2	0	0	0	1	2	0	0	0	0	0	0	0	0	0	0	0
122303	14 Oct 25	10:27:00	1	0	60	0	Ct	0	1	0	1	0	0	1	0	0	1	0	1	0	0	0	0	0	1	0	0	0	3	0	0	0	0	0	0	0	0	0	0	0	0
122304	14 Oct 25	10:28:00	1	0	60	0	Ct	0	1	0	2	0	0	0	0	1	0	0	1	0	0	0	0	0	1	0	0	0	6	2	0	0	0	0	0	0	5	0	0	0	0
122305	14 Oct 25	10:29:00	1	0	60	0	Ct	0	1	0	1	2	0	0	0	1	0	0	0	0	0	0	0	0	2	0	0	0	12	0	1	0	0	0	0	0	6	3	0	0	0
122306	14 Oct 25	10:30:00	1	0	60	0	Ct	0	1	0	1	0	0	3	0	4	0	0	2	0	0	0	0	0	1	0	0	0	4	0	0	0	0	0	0	0	1	0	0	0	0
122307	14 Oct 25	10:31:00	1	0	60	0	Ct	0	1	0	1	0	0	0	0	1	0	0	0	0	0	0	0	0	0	0	0	0	0	0	0	0	0	0	0	0	0	0	0	0	0
122308	14 Oct 25	10:32:00	1	0	60	0	Ct	0	1	0	3	0	0	2	0	1	0	0	2	2	0	0	0	0	0	0	0	0	0	0	0	0	0	0	0	0	0	0	0	0	0
122309	14 Oct 25	10:33:00	1	0	60	0	Ct	0	1	0	1	1	0	0	0	0	0	0	3	1	0	0	0	0	1	0	0	0	0	0	0	0	0	0	0	0	0	0	0	0	0
122310	14 Oct 25	10:34:00	1	0	60	0	Ct	0	1	0	2	0	0	3	0	4	0	0	1	0	0	0	0	0	0	0	0	0	0	0	0	0	0	0	0	0	1	0	0	0	0
122311	14 Oct 25	10:35:00	1	0	60	0	Ct	0	1	0	2	1	0	2	0	0	0	0	1	0	0	0	0	0	0	0	0	0	1	0	0	0	0	0	0	0	3	0	0	0	0
122312	14 Oct 25	10:36:00	1	0	60	0	Ct	0	1	0	2	0	0	0	0	0	0	0	2	0	0	0	0	0	3	0	0	0	2	0	0	0	0	0	0	0	1	0	0	0	0
122313	14 Oct 25	10:37:00	1	0	60	0	Ct	0	1	0	2	0	0	1	0	0	1	0	4	0	0	0	0	0	0	0	0	0	2	0	0	0	0	0	0	0	0	3	0	0	0
122314	14 Oct 25	10:38:00	1	0	60	0	Ct	0	1	0	2	0	0	4	0	0	1	0	2	0	0	0	0	0	1	1	0	0	2	0	0	0	0	0	0	0	1	4	0	0	0
122315	14 Oct 25	10:39:00	1	0	60	0	Ct	0	1	0	3	0	0	0	0	0	0	0	2	0	0	0	0	0	2	0	0	0	0	0	1	0	0	0	0	0	5	0	0	0	0
122316	14 Oct 25	10:40:00	1	0	60	0	Ct	0	1	0	3	0	0	2	0	0	0	0	2	0	0	0	0	0	3	6	0	0	2	0	1	0	0	0	0	0	9	0	0	0	0
122317	14 Oct 25	10:41:00	1	0	60	0	Ct	0	1	0	2	0	0	2	0	0	0	0	0	0	0	0	0	0	0	14	0	0	2	0	0	0	0	0	0	0	0	0	0	0	0
122318	14 Oct 25	10:42:00	1	0	60	0	Ct	0	1	0	3	0	0	1	0	0	6	0	0	0	0	0	0	0	1	5	0	0	0	28	0	0	0	0	0	0	2	0	0	0	0
122319	14 Oct 25	10:43:00	1	0	60	0	Ct	0	1	0	5	0	0	1	0	2	0	0	0	0	0	0	0	0	0	0	0	0	1	18	0	0	0	0	0	0	1	0	1	0	0
122320	14 Oct 25	10:44:00	1	0	60	0	Ct	0	1	0	2	0	0	3	0	0	0	0	0	0	0	0	3	0	1	1	0	0	2	0	0	0	0	0	0	0	0	0	1	0	0
122321	14 Oct 25	10:45:00	1	0	60	0	Ct	0	1	1	0	0	0	2	0	0	0	0	0	0	0	0	0	0	2	1	0	0	1	0	0	0	0	0	0	0	0	29	0	0	0
122322	14 Oct 25	10:46:00	1	0	60	0	Ct	0	1	1	2	2	0	1	0	0	0	0	0	0	0	0	0	0	2	0	0	0	3	0	0	0	0	0	0	0	0	2	0	0	0
122323	14 Oct 25	10:47:00	1	0	60	0	Ct	0	1	0	2	0	0	1	0	1	8	0	0	0	0	0	0	0	3	0	0	0	2	0	1	0	0	0	0	0	0	0	0	0	0
122324	14 Oct 25	10:48:00	1	0	60	0	Ct	0	1	0	2	0	0	3	0	1	0	0	0	0	0	0	0	0	2	0	0	0	0	0	1	0	0	0	0	0	0	1	0	0	0
122325	14 Oct 25	10:49:00	1	0	60	0	Ct	0	1	0	1	0	0	1	0	2	0	0	0	0	0	0	0	0	2	0	0	0	0	0	0	0	0	0	0	0	0	5	5	0	0
122326	14 Oct 25	10:50:00	1	0	60	0	Ct	0	1	0	3	0	0	1	0	1	0	0	0	0	0	0	0	0	2	0	0	0	0	0	0	0	0	0	0	0	0	29	1	0	0
122327	14 Oct 25	10:51:00	1	0	60	0	Ct	0	1	2	2	0	6	3	0	1	0	0	2	0	0	0	0	0	2	0	0	0	3	0	3	0	0	0	0	0	2	0	0	0	0
122328	14 Oct 25	10:52:00	1	0	60	0	Ct	0	1	2	2	3	10	2	0	3	0	0	4	0	5	0	0	0	1	0	0	0	1	0	1	0	0	0	0	0	4	1	2	0	0
122329	14 Oct 25	10:53:00	1	0	60	0	Ct	0	1	2	4	0	2	2	0	0	0	0	5	0	6	0	0	0	2	0	0	0	1	0	2	0	0	0	0	0	5	0	0	0	0
122330	14 Oct 25	10:54:00	1	0	60	0	Ct	0	1	1	1	0	0	0	0	3	0	0	3	0	0	0	0	0	0	0	0	0	7	4	1	0	0	0	0	0	2	0	0	0	0
122331	14 Oct 25	10:55:00	1	0	60	0	Ct	0	1	2	1	0	11	3	0	1	0	0	2	0	0	0	0	0	2	1	0	0	1	2	6	0	0	0	0	0	0	0	0	0	0
122332	14 Oct 25	10:56:00	1	0	60	0	Ct	0	1	2	1	0	6	2	0	1	0	0	1	0	0	0	0	0	1	0	0	0	4	0	4	0	0	0	0	0	0	6	2	0	0
122333	14 Oct 25	10:57:00	1	0	60	0	Ct	0	1	1	1	0	1	2	0	0	0	0	3	0	0	0	0	0	2	0	0	0	0	0	0	0	0	0	0	0	1	23	1	0	0
122334	14 Oct 25	10:58:00	1	0	60	0	Ct	0	1	3	2	0	5	3	0	2	0	0	2	0	0	0	0	0	1	0	0	0	1	0	0	0	0	0	0	0	1	0	0	0	0
122335	14 Oct 25	10:59:00	1	0	60	0	Ct	0	1	1	3	2	3	2	0	2	0	0	2	0	0	0	0	0	2	0	0	0	1	3	2	0	0	0	0	0	0	0	0	0	0
122336	14 Oct 25	11:00:00	1	0	60	0	Ct	0	1	1	2	0	1	3	0	2	0	0	3	0	0	0	0	0	7	0	0	0	2	2	1	0	0	0	0	0	0	0	0	0	0
122337	14 Oct 25	11:01:00	1	0	60	0	Ct	0	1	1	1	0	0	3	0	0	0	0	2	0	0	0	0	0	25	0	0	0	2	0	0	0	0	0	0	0	0	0	0	0	0
122338	14 Oct 25	11:02:00	1	0	60	0	Ct	0	1	1	0	0	2	2	0	0	0	0	3	0	1	0	0	0	7	0	0	0	1	0	0	0	0	0	0	0	0	1	0	0	0
122339	14 Oct 25	11:03:00	1	0	60	0	Ct	0	1	0	2	0	0	2	0	0	0	0	3	0	0	0	0	0	3	0	0	0	3	0	0	0	0	0	0	0	0	2	0	0	0
122340	14 Oct 25	11:04:00	1	0	60	0	Ct	0	1	0	1	1	0	2	0	0	1	0	1	0	0	0	0	0	3	5	0	0	0	0	3	0	0	0	0	0	0	5	0	0	0
122341	14 Oct 25	11:05:00	1	0	60	0	Ct	0	1	0	0	0	0	2	0	1	3	0	4	0	0	0	0	0	2	0	0	0	1	0	0	0	0	0	0	0	0	0	0	0	0
122342	14 Oct 25	11:06:00	1	0	60	0	Ct	0	1	0	1	0	0	2	0	1	1	0	2	0	4	0	0	0	1	0	0	0	2	1	1	0	0	0	0	0	0	0	0	0	0
122343	14 Oct 25	11:07:00	1	0	60	0	Ct	0	1	0	1	1	0	1	0	0	2	0	3	0	0	0	0	0	0	0	0	0	1	1	0	0	0	0	0	0	0	3	4	0	0
122344	14 Oct 25	11:08:00	1	0	60	0	Ct	0	1	0	1	8	0	1	0	0	0	0	1	0	0	0	0	0	2	0	0	0	2	3	9	0	0	0	0	0	0	0	1	0	0
122345	14 Oct 25	11:09:00	1	0	60	0	Ct	0	1	0	0	0	0	1	0	0	2	0	4	0	0	0	0	0	2	0	0	0	2	5	28	0	0	0	0	0	0	8	0	0	0
122346	14 Oct 25	11:10:00	1	0	60	0	Ct	0	1	0	1	8	0	4	0	0	2	0	1	0	0	0	0	0	1	0	0	0	1	0	22	0	0	0	0	0	0	1	0	0	0
122347	14 Oct 25	11:11:00	1	0	60	0	Ct	0	1	0	1	1	0	3	0	1	0	0	2	0	0	0	2	0	1	0	0	0	0	1	10	0	0	0	0	0	5	0	0	0	0
122348	14 Oct 25	11:12:00	1	0	60	0	Ct	0	1	0	3	1	0	1	0	1	0	0	2	0	0	0	0	0	1	0	0	0	1	0	4	0	0	0	0	0	1	0	0	0	0
122349	14 Oct 25	11:13:00	1	0	60	0	Ct	0	1	0	2	0	0	1	0	2	0	0	1	0	0	0	0	0	0	0	0	0	1	2	0	0	0	0	0	0	0	5	0	0	0
122350	14 Oct 25	11:14:00	1	0	60	0	Ct	0	1	0	3	2	13	4	0	3	0	0	0	0	0	0	0	0	1	0	0	0	1	0	1	0	0	0	0	0	0	3	0	0	0
122351	14 Oct 25	11:15:00	1	0	60	0	Ct	0	1	0	2	4	1	8	0	2	0	0	0	0	0	0	0	0	2	0	0	0	2	3	1	0	0	0	0	0	0	6	0	0	0
122352	14 Oct 25	11:16:00	1	0	60	0	Ct	0	1	0	3	1	1	2	0	0	2	0	0	0	1	0	0	0	3	0	0	0	0	7	0	0	0	0	0	0	0	11	0	0	0
122353	14 Oct 25	11:17:00	1	0	60	0	Ct	0	1	0	0	2	4	1	0	0	3	0	0	0	2	0	0	0	1	2	0	0	0	0	1	0	0	0	0	0	0	3	0	0	0
122354	14 Oct 25	11:18:00	1	0	60	0	Ct	0	1	0	0	18	1	5	0	0	0	0	0	0	1	0	0	0	3	0	0	0	2	0	1	0	0	0	0	0	0	0	0	0	0
122355	14 Oct 25	11:19:00	1	0	60	0	Ct	0	1	0	0	1	0	2	0	0	0	0	0	0	0	0	0	0	2	0	0	0	1	0	0	0	0	0	0	0	0	0	0	0	0
122356	14 Oct 25	11:20:00	1	0	60	0	Ct	0	1	0	4	0	2	3	0	0	0	0	0	0	0	0	0	0	2	0	0	0	3	0	0	0	0	0	0	0	0	0	0	0	0
122357	14 Oct 25	11:21:00	1	0	60	0	Ct	0	1	0	1	0	7	3	0	0	0	0	3	0	6	0	0	0	3	0	0	0	1	0	0	0	0	0	0	0	0	0	0	0	0
122358	14 Oct 25	11:22:00	1	0	60	0	Ct	0	1	0	2	0	1	5	0	0	0	0	0	0	1	0	0	0	1	0	0	0	3	0	0	0	0	0	0	0	0	0	0	0	0
122359	14 Oct 25	11:23:00	1	0	60	0	Ct	0	1	0	1	2	1	1	0	0	0	0	0	1	0	0	0	0	2	3	0	0	2	0	0	0	0	0	0	0	0	1	0	0	0
122360	14 Oct 25	11:24:00	1	0	60	0	Ct	0	1	0	2	1	0	2	0	0	0	0	0	0	0	0	0	0	0	0	0	0	2	0	1	0	0	0	0	0	0	3	0	0	0
122361	14 Oct 25	11:25:00	1	0	60	0	Ct	0	1	0	1	0	0	2	0	0	0	0	0	0	4	0	0	0	1	0	0	0	1	0	4	0	0	0	0	0	0	2	0	0	0
122362	14 Oct 25	11:26:00	1	0	60	0	Ct	0	1	0	3	0	0	2	0	0	0	0	5	0	0	0	0	2	3	9	0	0	1	0	2	0	0	0	0	0	0	0	0	0	0
122363	14 Oct 25	11:27:00	1	0	60	0	Ct	0	1	0	1	1	0	3	0	0	0	0	1	0	6	0	0	1	3	17	0	0	2	0	2	0	0	0	0	0	0	0	0	0	0
122364	14 Oct 25	11:28:00	1	0	60	0	Ct	0	1	0	1	0	0	1	0	0	0	0	2	0	3	0	0	3	2	10	0	0	1	0	1	0	0	0	0	0	0	0	0	0	0
122365	14 Oct 25	11:29:00	1	0	60	0	Ct	0	1	0	2	0	0	1	0	2	0	0	5	0	0	0	0	0	2	2	0	0	4	0	1	0	0	0	0	0	1	0	0	0	0
122366	14 Oct 25	11:30:00	1	0	60	0	Ct	0	1	0	2	0	0	2	0	0	0	0	1	0	11	0	0	0	2	0	0	0	0	0	2	0	0	0	0	0	0	0	0	0	0
122367	14 Oct 25	11:31:00	1	0	60	0	Ct	0	1	0	2	1	0	3	0	0	0	0	0	0	14	0	0	0	2	0	0	0	0	0	0	0	0	0	0	0	0	0	0	0	0
122368	14 Oct 25	11:32:00	1	0	60	0	Ct	0	1	0	1	3	0	0	0	0	0	0	0	0	6	0	0	0	2	0	0	0	1	0	2	0	0	0	0	0	0	3	0	0	0
122369	14 Oct 25	11:33:00	1	0	60	0	Ct	0	1	1	1	1	5	5	0	0	0	0	0	0	0	0	0	0	2	0	0	0	1	0	1	0	0	0	0	0	0	5	0	0	0
122370	14 Oct 25	11:34:00	1	0	60	0	Ct	0	1	1	2	3	1	1	0	0	0	0	0	0	0	0	0	0	2	0	0	0	0	0	0	0	0	0	0	0	0	0	0	0	0
122371	14 Oct 25	11:35:00	1	0	60	0	Ct	0	1	1	1	1	2	3	0	0	0	0	0	0	0	0	0	0	1	0	0	0	1	0	1	0	0	0	0	0	0	0	0	0	0
122372	14 Oct 25	11:36:00	1	0	60	0	Ct	0	1	3	1	1	5	7	0	0	0	0	0	0	3	0	0	0	1	0	0	0	0	0	0	0	0	0	0	0	0	0	0	0	0
122373	14 Oct 25	11:37:00	1	0	60	0	Ct	0	1	1	1	3	0	2	0	0	0	0	0	0	5	0	0	0	0	0	0	0	1	0	0	0	0	0	0	0	0	0	0	0	0
122374	14 Oct 25	11:38:00	1	0	60	0	Ct	0	1	0	2	2	0	1	0	0	0	0	0	0	0	0	0	0	0	3	0	0	0	0	0	0	0	0	0	0	0	0	0	0	0
122375	14 Oct 25	11:39:00	1	0	60	0	Ct	0	1	3	2	3	6	3	0	0	0	0	0	0	8	0	0	0	0	0	0	0	0	0	0	0	0	0	0	0	2	2	0	0	0
122376	14 Oct 25	11:40:00	1	0	60	0	Ct	0	1	0	1	1	0	2	0	0	0	0	0	0	1	0	0	0	0	0	0	0	0	0	1	0	0	0	0	0	1	0	0	0	0
122377	14 Oct 25	11:41:00	1	0	60	0	Ct	0	1	0	0	1	0	2	0	0	0	0	1	0	0	0	0	0	4	0	0	0	0	0	0	0	0	0	0	0	0	0	0	0	0
122378	14 Oct 25	11:42:00	1	0	60	0	Ct	0	1	2	2	2	3	1	0	0	0	0	0	0	1	0	0	0	1	0	0	0	0	0	5	0	0	0	0	0	0	0	0	0	0
122379	14 Oct 25	11:43:00	1	0	60	0	Ct	0	1	1	2	2	4	1	0	0	0	0	0	0	0	0	0	0	1	2	0	0	0	0	1	0	0	0	0	0	0	0	0	0	0
122380	14 Oct 25	11:44:00	1	0	60	0	Ct	0	1	1	0	1	1	2	0	0	0	0	0	0	0	1	0	0	1	0	0	0	0	1	1	0	0	0	0	0	0	2	0	0	0
122381	14 Oct 25	11:45:00	1	0	60	0	Ct	0	1	2	1	1	0	2	0	0	0	0	0	0	0	2	0	0	5	0	0	1	0	5	16	0	0	0	0	0	0	6	0	0	0
122382	14 Oct 25	11:46:00	1	0	60	0	Ct	0	1	1	1	2	0	0	0	0	0	0	0	0	0	0	0	0	2	1	0	0	0	0	19	0	0	0	0	0	0	2	0	0	0
122383	14 Oct 25	11:47:00	1	0	60	0	Ct	0	1	2	1	3	0	2	0	0	0	0	0	0	0	1	0	0	2	3	0	0	1	0	1	0	0	0	0	0	0	0	0	0	0
122384	14 Oct 25	11:48:00	1	0	60	0	Ct	0	1	0	1	2	0	2	0	0	0	0	0	0	0	1	0	0	1	0	0	0	1	0	0	0	0	0	0	0	0	1	0	0	0
122385	14 Oct 25	11:49:00	1	0	60	0	Ct	0	1	1	2	1	0	2	0	0	0	0	0	0	0	2	0	0	3	0	0	0	2	0	1	0	0	0	0	0	0	3	0	0	0
122386	14 Oct 25	11:50:00	1	0	60	0	Ct	0	1	1	3	2	0	2	0	0	0	0	0	0	0	3	0	0	2	0	0	0	1	1	1	0	0	0	0	0	0	4	0	0	0
122387	14 Oct 25	11:51:00	1	0	60	0	Ct	0	1	0	1	2	0	1	0	0	0	0	0	0	0	2	0	0	1	0	0	0	4	0	0	0	0	0	0	0	0	0	0	0	0
122388	14 Oct 25	11:52:00	1	0	60	0	Ct	0	1	0	1	2	0	1	0	0	0	0	0	0	0	2	0	0	4	0	0	2	1	0	1	0	0	0	0	0	0	0	0	0	0
122389	14 Oct 25	11:53:00	1	0	60	0	Ct	0	1	0	3	0	0	3	0	0	0	0	0	0	0	3	0	0	2	0	0	0	1	0	1	0	0	0	0	0	0	0	0	0	0
122390	14 Oct 25	11:54:00	1	0	60	0	Ct	0	1	0	0	0	0	1	0	0	0	0	0	0	3	3	0	0	1	0	0	2	1	0	2	0	0	0	0	0	1	15	0	0	0
122391	14 Oct 25	11:55:00	1	0	60	0	Ct	0	1	0	2	2	8	0	0	0	0	0	0	0	1	1	0	0	0	0	0	0	2	0	0	0	0	0	0	0	0	0	0	0	0
122392	14 Oct 25	11:56:00	1	0	60	0	Ct	0	1	5	0	3	2	3	0	0	0	0	1	0	1	2	0	0	2	0	0	0	3	0	1	0	0	0	0	0	0	0	0	0	0
122393	14 Oct 25	11:57:00	1	0	60	0	Ct	0	1	1	3	4	3	1	0	0	0	0	2	0	0	0	0	0	1	0	0	0	2	0	3	0	0	0	0	0	0	4	0	0	0
122394	14 Oct 25	11:58:00	1	0	60	0	Ct	0	1	2	3	2	0	2	0	0	0	0	0	0	0	3	0	0	2	0	0	0	0	0	0	0	0	0	0	0	0	0	0	0	0
122395	14 Oct 25	11:59:00	1	0	60	0	Ct	0	1	0	0	2	1	3	0	0	0	0	0	0	0	1	0	0	2	0	0	0	1	0	0	0	0	0	0	0	0	8	0	0	0
122396	14 Oct 25	12:00:00	1	0	60	0	Ct	0	1	0	2	2	1	2	0	2	0	0	0	0	0	3	0	0	0	0	0	0	4	0	0	0	0	0	0	0	0	0	0	0	0
122397	14 Oct 25	12:01:00	1	0	60	0	Ct	0	1	0	1	1	2	1	0	0	0	0	0	0	0	1	0	0	2	5	0	0	4	0	2	0	0	0	0	0	0	0	0	0	0
122398	14 Oct 25	12:02:00	1	0	60	0	Ct	0	1	0	1	2	2	0	0	2	0	0	0	0	0	1	0	0	2	0	0	0	0	0	0	0	0	0	0	0	2	0	0	0	0
122399	14 Oct 25	12:03:00	1	0	60	0	Ct	0	1	0	0	2	0	4	0	1	0	0	0	0	5	2	0	0	2	0	0	0	0	0	1	0	0	0	0	0	0	0	0	0	0
122400	14 Oct 25	12:04:00	1	0	60	0	Ct	0	1	0	2	1	2	2	0	1	0	0	2	0	0	3	0	0	0	1	0	0	2	0	0	0	0	0	0	0	0	0	0	0	0
122401	14 Oct 25	12:05:00	1	0	60	0	Ct	0	1	0	1	3	1	2	0	0	0	0	2	0	0	1	0	0	1	0	0	2	2	0	3	0	0	0	0	0	0	0	0	0	0
122402	14 Oct 25	12:06:00	1	0	60	0	Ct	0	1	0	1	1	3	2	0	0	0	0	2	0	0	2	0	0	3	6	0	0	0	0	3	0	0	0	0	1	2	0	0	0	0
122403	14 Oct 25	12:07:00	1	0	60	0	Ct	0	1	0	3	1	0	0	0	0	0	0	1	0	0	1	0	0	2	0	0	2	1	0	0	0	0	0	0	1	0	0	0	0	0
122404	14 Oct 25	12:08:00	1	0	60	0	Ct	0	1	0	0	2	2	0	0	0	0	0	3	0	0	1	0	0	3	0	0	3	0	0	0	0	0	0	0	0	1	1	0	0	0
122405	14 Oct 25	12:09:00	1	0	60	0	Ct	0	1	0	1	2	1	2	0	0	1	0	2	0	0	1	0	0	1	0	0	3	0	0	0	0	0	0	0	0	2	0	0	0	0
122406	14 Oct 25	12:10:00	1	0	60	0	Ct	0	1	0	1	2	0	5	0	0	0	0	3	0	0	3	0	0	1	0	0	1	1	0	0	0	0	0	0	0	2	4	0	0	0
122407	14 Oct 25	12:11:00	1	0	60	0	Ct	0	1	0	2	2	3	1	0	0	0	0	1	0	0	3	0	0	0	1	0	3	1	0	0	0	0	0	0	0	1	0	0	0	0
122408	14 Oct 25	12:12:00	1	0	60	0	Ct	0	1	0	1	2	0	1	0	0	0	0	3	0	0	1	0	0	0	0	0	3	0	0	0	0	0	0	0	0	3	4	0	0	0
122409	14 Oct 25	12:13:00	1	0	60	0	Ct	0	1	0	1	1	0	2	0	0	0	0	1	0	0	2	0	0	1	0	0	2	0	0	0	0	0	0	0	0	0	0	0	0	0
122410	14 Oct 25	12:14:00	1	0	60	0	Ct	0	1	1	2	1	0	1	0	0	0	0	1	0	0	3	0	0	0	0	0	4	0	0	0	0	0	0	0	0	2	0	0	0	0
122411	14 Oct 25	12:15:00	1	0	60	0	Ct	0	1	1	3	2	0	8	0	0	0	0	0	0	0	2	0	0	0	0	0	3	0	0	0	0	0	0	0	0	3	0	0	0	0
122412	14 Oct 25	12:16:00	1	0	60	0	Ct	0	1	1	0	2	0	2	0	0	0	0	0	0	0	2	0	0	0	0	0	3	1	0	1	0	0	0	0	0	0	0	0	0	0
122413	14 Oct 25	12:17:00	1	0	60	0	Ct	0	1	2	1	4	1	2	0	0	0	0	0	0	0	2	1	0	0	0	0	2	1	0	1	0	0	0	0	0	1	0	0	0	0
122414	14 Oct 25	12:18:00	1	0	60	0	Ct	0	1	3	2	2	1	2	0	0	0	0	0	0	0	3	1	0	0	0	0	2	2	0	2	0	0	0	0	0	1	3	0	0	0
122415	14 Oct 25	12:19:00	1	0	60	0	Ct	0	1	2	1	2	1	2	0	0	0	0	0	0	0	2	0	0	0	0	0	3	5	0	2	0	0	0	0	0	0	0	0	0	0
122416	14 Oct 25	12:20:00	1	0	60	0	Ct	0	1	1	2	1	0	2	0	0	0	0	0	0	0	0	0	0	0	0	0	3	0	0	1	0	0	0	0	0	2	0	0	0	0
122417	14 Oct 25	12:21:00	1	0	60	0	Ct	0	1	1	1	1	0	1	0	0	0	0	0	0	0	2	0	0	0	0	0	2	0	0	1	0	0	0	0	0	1	0	0	0	0
122418	14 Oct 25	12:22:00	1	0	60	0	Ct	0	1	2	0	1	1	1	0	0	0	0	0	0	4	1	1	0	0	0	0	3	4	0	2	0	0	0	0	0	2	0	0	0	0
122419	14 Oct 25	12:23:00	1	0	60	0	Ct	0	1	1	0	0	0	0	0	0	0	0	0	0	3	1	0	0	0	0	0	3	1	0	0	0	0	0	0	0	5	2	0	0	0
122420	14 Oct 25	12:24:00	1	0	60	0	Ct	0	1	0	0	7	6	2	0	0	0	0	0	0	1	0	0	0	0	0	0	3	0	0	2	0	0	0	0	0	1	0	0	0	0
122421	14 Oct 25	12:25:00	1	0	60	0	Ct	0	1	0	0	1	2	2	0	0	0	0	0	0	0	2	0	0	0	0	0	2	0	0	1	0	0	0	0	0	1	0	0	0	0
122422	14 Oct 25	12:26:00	1	0	60	0	Ct	0	1	0	0	1	1	13	0	0	0	0	0	0	0	2	0	0	0	0	0	3	0	0	1	0	0	0	0	0	0	0	0	0	0
122423	14 Oct 25	12:27:00	1	0	60	0	Ct	0	1	0	0	2	1	1	0	0	0	0	0	0	0	2	0	0	0	6	0	3	0	0	1	0	0	0	0	0	1	0	0	0	0
122424	14 Oct 25	12:28:00	1	0	60	0	Ct	0	1	0	0	2	1	1	0	0	0	0	0	0	0	2	0	0	0	0	0	3	0	0	1	0	0	0	0	0	1	0	0	0	0
122425	14 Oct 25	12:29:00	1	0	60	0	Ct	0	1	4	1	2	2	1	0	0	0	0	0	0	0	0	0	0	0	1	0	1	0	2	1	0	0	0	0	0	2	0	0	0	0
122426	14 Oct 25	12:30:00	1	0	60	0	Ct	0	1	0	0	2	5	3	0	0	0	0	0	0	0	0	0	0	0	4	0	1	2	0	1	0	0	0	0	0	0	1	0	0	0
122427	14 Oct 25	12:31:00	1	0	60	0	Ct	0	1	0	0	1	0	2	0	0	0	0	0	0	0	0	0	0	0	5	0	1	2	1	0	0	0	0	0	0	4	3	0	0	0
122428	14 Oct 25	12:32:00	1	0	60	0	Ct	0	1	0	0	2	3	0	0	0	0	0	0	0	0	2	0	0	0	3	0	3	2	0	0	0	0	0	0	0	0	0	0	0	0
122429	14 Oct 25	12:33:00	1	0	60	0	Ct	0	1	0	0	1	24	4	0	0	0	0	0	0	0	3	0	0	0	0	0	2	2	0	0	0	0	0	0	0	2	0	0	0	0
122430	14 Oct 25	12:34:00	1	0	60	0	Ct	0	1	0	0	1	1	3	0	0	0	0	0	0	0	2	2	0	0	0	0	1	1	0	3	0	0	0	0	0	0	0	0	0	0
122431	14 Oct 25	12:35:00	1	0	60	0	Ct	0	1	0	0	1	0	1	0	0	0	0	0	0	0	2	0	0	0	0	0	3	2	0	4	0	0	0	0	0	0	0	0	0	0
122432	14 Oct 25	12:36:00	1	0	60	0	Ct	0	1	0	0	1	0	2	0	0	0	0	0	0	0	1	0	0	0	0	0	1	0	0	0	0	0	0	0	0	1	5	0	0	0
122433	14 Oct 25	12:37:00	1	0	60	0	Ct	0	1	0	0	2	0	4	0	0	0	0	0	0	0	1	0	0	0	0	0	3	3	0	0	0	0	0	0	1	0	0	0	0	0
122434	14 Oct 25	12:38:00	1	0	60	0	Ct	0	1	0	0	2	0	1	0	0	0	0	0	0	0	1	0	0	0	0	0	0	0	0	11	0	0	0	0	1	0	0	0	0	0
122435	14 Oct 25	12:39:00	1	0	60	0	Ct	0	1	0	0	2	0	1	0	0	0	0	0	0	0	1	0	0	0	0	0	0	2	0	0	0	0	0	0	0	4	0	0	0	0
122436	14 Oct 25	12:40:00	1	0	60	0	Ct	0	1	0	0	1	2	2	0	0	0	0	1	0	0	1	0	0	0	0	0	0	2	0	0	0	0	0	0	1	0	0	0	0	0
122437	14 Oct 25	12:41:00	1	0	60	0	Ct	0	1	0	0	2	0	2	0	0	0	0	4	0	0	2	0	0	0	0	0	0	1	0	0	0	0	0	0	0	3	0	0	0	0
122438	14 Oct 25	12:42:00	1	0	60	0	Ct	0	1	0	0	2	2	0	0	0	0	0	2	0	0	0	0	0	2	0	0	0	2	0	0	0	0	0	0	0	6	0	0	0	0
122439	14 Oct 25	12:43:00	1	0	60	0	Ct	0	1	0	0	2	0	2	0	0	0	0	9	0	1	0	0	0	0	0	0	0	0	0	2	0	0	0	0	0	8	1	0	0	0
122440	14 Oct 25	12:44:00	1	0	60	0	Ct	0	1	0	0	2	0	1	0	0	0	0	3	0	3	0	0	0	2	0	0	0	3	0	0	0	0	0	0	0	1	1	0	0	0
122441	14 Oct 25	12:45:00	1	0	60	0	Ct	0	1	0	0	1	1	3	0	0	0	0	1	0	0	2	0	0	1	0	0	0	1	0	2	0	0	0	0	0	0	3	0	0	0
122442	14 Oct 25	12:46:00	1	0	60	0	Ct	0	1	0	0	0	0	1	0	0	0	0	0	0	4	1	0	0	1	0	0	0	1	1	2	0	0	0	0	0	1	6	0	0	0
122443	14 Oct 25	12:47:00	1	0	60	0	Ct	0	1	0	0	0	0	2	0	0	0	0	3	0	0	1	0	0	0	0	0	0	0	0	1	0	0	0	0	0	0	8	0	0	0
122444	14 Oct 25	12:48:00	1	0	60	0	Ct	0	1	0	0	0	0	0	0	0	0	0	2	0	1	2	0	0	1	0	0	0	0	1	2	0	0	0	0	0	0	2	0	0	0
122445	14 Oct 25	12:49:00	1	0	60	0	Ct	0	1	0	0	3	3	0	0	0	0	0	3	0	6	2	0	0	1	2	0	0	4	0	0	0	0	0	0	0	0	0	0	0	0
122446	14 Oct 25	12:50:00	1	0	60	0	Ct	0	1	0	0	2	5	2	0	0	0	0	1	0	5	1	0	0	2	0	0	0	0	0	1	0	0	0	0	0	0	0	0	0	0
122447	14 Oct 25	12:51:00	1	0	60	0	Ct	0	1	0	0	2	0	0	0	0	0	0	1	0	2	0	0	0	2	4	0	0	0	0	2	0	0	0	0	0	1	0	0	0	0
122448	14 Oct 25	12:52:00	1	0	60	0	Ct	0	1	0	0	1	3	1	0	0	0	0	2	0	0	2	0	0	0	0	0	0	2	0	1	0	0	0	0	0	0	0	0	0	0
122449	14 Oct 25	12:53:00	1	0	60	0	Ct	0	1	0	0	6	1	1	0	0	0	0	2	0	3	1	0	0	1	0	0	0	2	0	2	0	0	0	0	0	2	0	0	0	0
122450	14 Oct 25	12:54:00	1	0	60	0	Ct	0	1	0	0	11	0	2	0	0	0	0	2	0	0	0	0	0	1	1	0	0	4	0	0	0	0	0	0	0	6	0	0	0	0
122451	14 Oct 25	12:55:00	1	0	60	0	Ct	0	1	0	0	0	0	3	0	0	0	0	1	0	0	0	0	0	1	0	0	0	0	0	1	0	0	0	0	0	0	0	0	0	0
122452	14 Oct 25	12:56:00	1	0	60	0	Ct	0	1	1	0	0	0	0	0	0	0	0	4	0	0	0	0	0	1	0	0	0	1	0	3	0	0	0	0	0	0	0	0	0	0
122453	14 Oct 25	12:57:00	1	0	60	0	Ct	0	1	0	0	2	0	1	0	0	0	0	1	0	0	0	0	0	0	0	0	0	5	0	3	0	0	0	0	0	1	0	0	0	0
122454	14 Oct 25	12:58:00	1	0	60	0	Ct	0	1	1	0	0	0	4	0	0	0	0	0	0	0	0	0	0	0	0	0	0	1	0	1	0	0	0	0	0	1	0	0	0	0
122455	14 Oct 25	12:59:00	1	0	60	0	Ct	0	1	1	0	2	0	2	0	0	0	0	3	0	0	1	0	0	1	7	0	0	1	0	0	0	0	0	0	0	0	0	0	0	0
122456	14 Oct 25	13:00:00	1	0	60	0	Ct	0	1	1	0	2	0	1	0	0	0	0	2	0	0	2	0	0	0	0	0	0	0	0	0	0	0	0	0	0	0	0	0	0	0
122457	14 Oct 25	13:01:00	1	0	60	0	Ct	0	1	1	0	1	4	2	0	0	0	0	2	0	0	0	0	0	1	0	0	0	0	0	0	0	0	0	0	0	1	0	0	0	0
122458	14 Oct 25	13:02:00	1	0	60	0	Ct	0	1	1	0	1	6	2	0	0	0	0	2	0	0	6	0	0	1	0	0	0	1	0	0	0	0	0	0	0	0	0	0	0	0
122459	14 Oct 25	13:03:00	1	0	60	0	Ct	0	1	1	0	6	1	1	0	0	0	0	0	0	0	0	0	0	0	0	0	0	3	0	0	0	0	0	0	0	0	0	0	0	0
122460	14 Oct 25	13:04:00	1	0	60	0	Ct	0	1	0	0	2	0	4	0	0	0	0	1	0	0	0	0	0	0	0	0	0	0	0	0	0	0	0	0	0	0	0	0	0	0
122461	14 Oct 25	13:05:00	1	0	60	0	Ct	0	1	2	0	1	0	0	0	0	0	0	2	0	0	2	0	0	0	0	0	0	0	0	0	0	0	0	0	0	0	0	0	0	0
122462	14 Oct 25	13:06:00	1	0	60	0	Ct	0	1	5	0	1	2	0	0	0	0	0	2	0	0	2	0	0	0	0	0	0	0	0	0	0	0	0	0	0	1	2	0	0	0
122463	14 Oct 25	13:07:00	1	0	60	0	Ct	0	1	0	0	2	2	1	0	0	0	0	0	0	0	1	0	0	0	1	0	0	0	0	0	0	0	0	0	0	0	3	0	0	0
122464	14 Oct 25	13:08:00	1	0	60	0	Ct	0	1	2	0	1	0	2	0	0	0	0	26	0	0	2	0	0	0	0	0	0	0	0	0	0	0	0	0	0	6	5	0	0	0
122465	14 Oct 25	13:09:00	1	0	60	0	Ct	0	1	0	9	0	0	3	0	0	0	0	0	0	0	1	0	0	0	1	0	0	2	0	4	0	0	0	0	0	3	0	0	0	0
122466	14 Oct 25	13:10:00	1	0	60	0	Ct	0	1	0	0	2	0	2	0	0	0	0	0	0	0	1	0	0	0	0	0	0	1	0	0	0	0	0	0	0	0	0	0	0	0
122467	14 Oct 25	13:11:00	1	0	60	0	Ct	0	1	0	0	0	0	2	0	0	1	0	0	0	0	0	0	8	1	0	0	0	0	0	1	0	0	0	0	0	0	0	0	0	0
122468	14 Oct 25	13:12:00	1	0	60	0	Ct	0	1	0	0	0	0	1	0	0	0	0	0	0	0	1	0	31	0	1	0	0	0	0	1	0	0	0	0	0	0	11	0	0	0
122469	14 Oct 25	13:13:00	1	0	60	0	Ct	0	1	0	0	2	2	3	0	0	0	0	0	0	2	2	0	4	0	1	0	0	1	0	0	0	0	0	0	0	0	4	0	0	0
122470	14 Oct 25	13:14:00	1	0	60	0	Ct	0	1	0	0	1	1	1	0	0	0	0	0	0	8	1	0	0	1	1	0	0	2	0	4	0	0	0	0	0	2	9	0	0	0
122471	14 Oct 25	13:15:00	1	0	60	0	Ct	0	1	0	0	2	2	0	0	0	0	0	0	0	1	0	0	1	1	1	0	0	0	0	0	0	0	0	0	0	0	1	0	0	0
122472	14 Oct 25	13:16:00	1	0	60	0	Ct	0	1	0	0	4	0	2	0	0	0	0	0	0	0	2	1	18	1	2	0	0	0	10	1	0	0	0	0	0	12	0	0	0	0
122473	14 Oct 25	13:17:00	1	0	60	0	Ct	0	1	0	0	4	0	0	0	0	0	0	0	0	4	1	1	0	1	2	0	0	2	0	1	0	0	0	0	0	7	0	0	0	0
122474	14 Oct 25	13:18:00	1	0	60	0	Ct	0	1	0	0	3	11	1	0	0	0	0	0	0	1	1	0	0	1	3	0	0	0	0	0	0	0	0	0	0	0	0	0	0	0
122475	14 Oct 25	13:19:00	1	0	60	0	Ct	0	1	2	0	15	3	1	0	0	0	0	0	0	2	1	0	0	10	3	0	0	1	7	1	0	0	0	0	0	0	0	0	0	0
122476	14 Oct 25	13:20:00	1	0	60	0	Ct	0	1	1	0	9	0	2	0	0	0	0	0	0	2	2	0	4	2	1	0	2	3	19	1	0	0	0	0	0	0	0	0	0	0
122477	14 Oct 25	13:21:00	1	0	60	0	Ct	0	1	1	0	3	0	1	0	0	0	0	0	0	0	1	0	1	0	1	0	2	5	10	0	0	0	0	0	0	0	0	0	0	0
122478	14 Oct 25	13:22:00	1	0	60	0	Ct	0	1	2	0	0	0	2	0	0	0	0	0	0	3	0	0	0	0	2	0	5	0	1	1	0	0	0	0	0	0	0	0	0	0
122479	14 Oct 25	13:23:00	1	0	60	0	Ct	0	1	2	0	2	0	2	0	0	0	0	0	0	0	0	0	0	0	3	0	0	1	2	1	0	0	0	0	0	0	0	0	0	0
122480	14 Oct 25	13:24:00	1	0	60	0	Ct	0	1	0	0	0	5	0	0	0	0	0	0	0	1	1	0	0	0	1	0	3	1	4	0	0	0	0	0	0	0	0	0	0	0
122481	14 Oct 25	13:25:00	1	0	60	0	Ct	0	1	0	0	2	3	2	0	0	0	0	0	0	4	0	0	0	0	2	0	1	0	0	0	0	0	0	0	0	0	0	0	0	0
122482	14 Oct 25	13:26:00	1	0	60	0	Ct	0	1	0	0	1	1	4	0	0	0	0	0	0	2	3	0	0	0	2	0	2	0	2	2	0	0	0	0	0	0	3	0	0	0
122483	14 Oct 25	13:27:00	1	0	60	0	Ct	0	1	0	0	1	1	1	0	0	0	0	0	0	3	0	0	0	0	2	0	0	1	2	0	0	0	0	0	0	0	6	0	0	0
122484	14 Oct 25	13:28:00	1	0	60	0	Ct	0	1	0	0	3	0	1	0	0	0	0	0	0	1	0	0	0	0	1	0	3	2	2	3	0	0	0	0	0	0	0	0	0	0
122485	14 Oct 25	13:29:00	1	0	60	0	Ct	0	1	0	0	2	1	2	0	0	0	0	0	0	3	0	0	0	0	4	0	2	1	3	1	0	0	0	0	0	0	0	0	0	0
122486	14 Oct 25	13:30:00	1	0	60	0	Ct	0	1	0	0	1	0	1	0	0	0	0	0	0	0	1	0	1	0	2	0	2	2	1	0	0	0	0	0	0	0	2	0	0	0
122487	14 Oct 25	13:31:00	1	0	60	0	Ct	0	1	0	0	1	0	0	0	0	0	0	0	0	0	1	0	0	0	2	0	2	2	1	1	0	0	0	0	0	0	25	0	0	0
122488	14 Oct 25	13:32:00	1	0	60	0	Ct	0	1	0	0	1	0	0	0	0	0	0	0	0	0	0	0	0	0	1	0	3	1	0	0	0	0	0	0	0	0	5	0	0	0
122489	14 Oct 25	13:33:00	1	0	60	0	Ct	0	1	1	0	0	0	0	0	0	0	0	0	0	0	2	0	0	0	6	0	2	2	0	0	0	0	0	0	0	0	9	0	0	0
122490	14 Oct 25	13:34:00	1	0	60	0	Ct	0	1	3	0	1	0	0	0	0	0	0	0	0	0	0	0	0	0	1	0	2	1	0	1	0	0	0	0	0	0	0	0	0	0
122491	14 Oct 25	13:35:00	1	0	60	0	Ct	0	1	0	0	2	5	2	0	0	0	0	0	0	1	0	0	1	0	3	0	3	0	0	1	0	0	0	0	0	0	0	0	0	0
122492	14 Oct 25	13:36:00	1	0	60	0	Ct	0	1	1	0	0	19	0	0	0	0	0	0	0	7	0	0	0	0	13	0	1	2	0	0	0	0	0	0	0	0	0	0	0	0
122493	14 Oct 25	13:37:00	1	0	60	0	Ct	0	1	0	0	1	3	1	0	0	0	0	0	0	0	0	0	0	0	2	0	2	1	0	2	0	0	0	0	0	2	0	0	0	0
122494	14 Oct 25	13:38:00	1	0	60	0	Ct	0	1	1	0	3	0	1	0	0	0	0	0	0	2	0	0	0	0	3	0	2	1	0	1	0	0	0	0	0	0	0	0	0	0
122495	14 Oct 25	13:39:00	1	0	60	0	Ct	0	1	0	0	1	11	2	0	0	0	0	0	0	0	0	0	0	0	2	0	0	1	0	2	0	0	0	0	0	0	0	0	0	0
122496	14 Oct 25	13:40:00	1	0	60	0	Ct	0	1	0	0	0	1	3	0	0	0	0	0	0	1	0	0	0	0	2	0	0	1	0	1	0	0	0	0	0	0	0	0	0	0
122497	14 Oct 25	13:41:00	1	0	60	0	Ct	0	1	0	0	1	0	2	0	0	0	0	0	0	1	0	0	0	0	0	0	0	1	0	1	0	0	0	0	0	0	0	0	0	0
122498	14 Oct 25	13:42:00	1	0	60	0	Ct	0	1	0	0	28	0	1	0	0	0	0	0	0	0	0	0	0	0	0	0	2	1	2	1	0	0	0	0	0	0	0	0	0	0
122499	14 Oct 25	13:43:00	1	0	60	0	Ct	0	1	0	0	2	0	0	0	0	0	0	0	0	0	0	0	0	1	2	0	1	0	2	1	0	0	0	0	0	0	0	0	0	0
122500	14 Oct 25	13:44:00	1	0	60	0	Ct	0	1	2	0	2	1	0	0	0	0	0	0	0	6	0	0	0	0	3	0	0	2	1	0	0	0	0	0	0	0	0	0	0	0
122501	14 Oct 25	13:45:00	1	0	60	0	Ct	0	1	1	0	3	0	0	0	0	0	0	0	0	0	0	0	0	0	1	0	0	1	1	0	0	0	0	0	0	4	1	0	0	0
122502	14 Oct 25	13:46:00	1	0	60	0	Ct	0	1	1	0	0	2	0	0	0	0	0	0	0	0	0	0	0	0	3	0	0	1	2	2	0	0	0	0	0	0	1	0	0	0
122503	14 Oct 25	13:47:00	1	0	60	0	Ct	0	1	2	0	16	5	0	0	0	0	0	0	0	0	0	0	0	0	2	0	0	1	3	2	0	0	0	0	0	2	3	0	0	0
122504	14 Oct 25	13:48:00	1	0	60	0	Ct	0	1	1	0	32	1	0	0	0	0	0	0	0	0	0	0	0	0	1	0	0	0	1	1	0	0	0	0	0	0	0	0	0	0
122505	14 Oct 25	13:49:00	1	0	60	0	Ct	0	1	1	0	11	1	0	2	0	0	0	1	0	0	0	0	0	0	1	0	0	0	1	1	0	0	0	0	0	1	1	0	0	0
122506	14 Oct 25	13:50:00	1	0	60	0	Ct	0	1	2	0	1	2	0	0	0	0	0	0	0	0	0	0	0	0	3	0	0	1	3	0	0	0	0	0	0	1	4	0	0	0
122507	14 Oct 25	13:51:00	1	0	60	0	Ct	0	1	2	0	2	0	0	0	0	0	0	0	0	0	0	0	0	0	1	0	0	0	4	0	4	0	0	0	0	0	0	0	0	0
122508	14 Oct 25	13:52:00	1	0	60	0	Ct	0	1	0	0	3	0	4	0	0	0	0	0	0	0	0	0	0	0	1	0	0	0	2	0	0	0	0	0	0	0	0	0	0	0
122509	14 Oct 25	13:53:00	1	0	60	0	Ct	0	1	0	0	1	0	1	0	0	0	0	0	0	8	0	0	0	0	4	0	0	1	3	2	0	0	2	0	0	0	6	0	0	0
122510	14 Oct 25	13:54:00	1	0	60	0	Ct	0	1	0	0	3	0	3	0	0	0	0	0	0	18	0	0	0	0	1	0	0	2	2	1	0	0	0	0	0	1	1	0	0	0
122511	14 Oct 25	13:55:00	1	0	60	0	Ct	0	1	0	0	4	4	1	0	0	0	0	17	0	5	0	0	0	0	1	0	0	0	1	2	0	0	2	0	0	1	0	0	0	0
122512	14 Oct 25	13:56:00	1	0	60	0	Ct	0	1	0	0	2	2	0	0	0	0	0	28	0	0	0	0	0	0	1	0	0	1	2	0	0	0	1	0	0	0	0	0	0	0
122513	14 Oct 25	13:57:00	1	0	60	0	Ct	0	1	0	0	2	0	2	0	0	0	0	1	0	0	0	0	0	1	2	0	1	1	2	2	0	0	1	0	0	1	0	0	0	0
122514	14 Oct 25	13:58:00	1	0	60	0	Ct	0	1	0	0	1	3	2	0	0	0	0	0	0	0	0	0	0	0	2	0	2	1	2	1	2	0	2	0	0	1	0	0	0	0
122515	14 Oct 25	13:59:00	1	0	60	0	Ct	0	1	0	0	3	5	2	0	0	0	0	0	0	0	0	0	0	3	1	0	0	2	3	1	1	0	2	0	0	0	0	0	0	0
122516	14 Oct 25	14:00:00	1	0	60	0	Ct	0	1	0	0	3	0	0	0	0	0	0	0	0	0	0	0	0	0	0	0	2	0	0	1	2	0	2	0	0	2	0	0	0	0
122517	14 Oct 25	14:01:00	1	0	60	0	Ct	0	1	0	0	1	1	1	0	0	0	0	0	0	0	0	0	0	2	0	0	2	0	3	1	2	0	2	0	0	2	0	0	0	0
122518	14 Oct 25	14:02:00	1	0	60	0	Ct	0	1	0	0	1	1	3	2	0	0	0	0	0	1	0	0	1	2	0	0	6	2	4	1	1	0	1	0	0	0	0	0	0	0
122519	14 Oct 25	14:03:00	1	0	60	0	Ct	0	1	0	0	1	0	1	1	0	1	0	0	0	0	0	0	0	1	0	0	2	3	1	0	3	0	2	0	0	2	0	0	0	0
122520	14 Oct 25	14:04:00	1	0	60	0	Ct	0	1	0	0	1	1	1	1	0	0	0	0	0	0	0	0	0	2	3	0	2	2	1	1	2	0	2	0	0	0	0	0	0	0
122521	14 Oct 25	14:05:00	1	0	60	0	Ct	0	1	0	0	2	10	0	0	0	0	0	0	0	0	0	0	0	1	0	0	1	0	4	2	1	0	2	0	0	0	5	0	0	0
122522	14 Oct 25	14:06:00	1	0	60	0	Ct	0	1	0	0	1	1	0	1	0	0	0	0	0	3	0	0	0	2	1	0	3	2	2	1	3	0	1	0	0	1	1	0	0	0
122523	14 Oct 25	14:07:00	1	0	60	0	Ct	0	1	0	0	1	0	1	0	0	0	0	0	0	0	0	0	0	3	0	0	0	0	2	1	3	0	2	0	0	0	0	0	0	0
122524	14 Oct 25	14:08:00	1	0	60	0	Ct	0	1	0	0	2	3	1	0	0	0	0	1	0	0	0	0	0	1	2	0	0	0	0	1	2	0	4	0	0	0	0	0	0	0
122525	14 Oct 25	14:09:00	1	0	60	0	Ct	0	1	0	0	0	1	1	2	0	0	0	4	0	1	0	0	0	0	0	0	1	3	2	0	2	0	1	0	0	3	0	0	0	0
122526	14 Oct 25	14:10:00	1	0	60	0	Ct	0	1	0	0	0	0	3	0	0	0	0	0	0	1	0	0	0	2	0	0	1	1	1	1	2	0	3	0	0	1	0	0	0	0
122527	14 Oct 25	14:11:00	1	0	60	0	Ct	0	1	0	0	0	0	7	1	0	0	0	0	0	0	0	0	0	2	0	0	1	0	2	2	2	0	2	0	0	2	0	0	0	0
122528	14 Oct 25	14:12:00	1	0	60	0	Ct	0	1	0	0	0	0	1	2	0	0	0	0	0	0	0	0	0	1	0	0	3	1	3	1	2	0	1	0	0	3	0	0	0	0
122529	14 Oct 25	14:13:00	1	0	60	0	Ct	0	1	0	0	1	0	0	2	0	0	0	0	0	0	0	0	0	3	0	0	2	0	4	1	1	0	2	0	0	2	0	0	0	0
122530	14 Oct 25	14:14:00	1	0	60	0	Ct	0	1	0	0	2	1	1	1	0	0	0	0	0	0	0	0	0	2	0	0	2	2	1	3	2	0	2	0	0	2	0	0	0	0
122531	14 Oct 25	14:15:00	1	0	60	0	Ct	0	1	0	0	15	0	1	0	0	0	0	0	0	0	0	0	0	1	0	0	2	2	3	1	1	0	1	0	0	0	0	0	0	0
122532	14 Oct 25	14:16:00	1	0	60	0	Ct	0	1	0	0	12	0	1	1	0	0	0	0	0	0	0	0	0	1	0	0	1	0	0	0	3	0	2	0	0	0	0	0	0	0
122533	14 Oct 25	14:17:00	1	0	60	0	Ct	0	1	0	0	3	0	1	2	0	8	0	0	0	0	0	0	0	2	0	0	2	0	0	0	3	0	2	0	0	1	2	0	0	0
122534	14 Oct 25	14:18:00	1	0	60	0	Ct	0	1	0	0	1	0	0	0	0	9	0	0	0	0	0	0	0	3	0	0	1	0	2	1	2	0	4	0	0	0	9	0	0	0
122535	14 Oct 25	14:19:00	1	0	60	0	Ct	0	1	0	0	1	6	0	4	0	7	0	0	0	0	0	0	0	1	0	0	0	1	3	1	3	0	2	0	0	1	0	0	0	0
122536	14 Oct 25	14:20:00	1	0	60	0	Ct	0	1	0	0	1	2	0	0	0	19	0	0	0	0	0	0	0	2	2	0	0	1	1	1	2	0	2	0	0	0	0	0	0	0
122537	14 Oct 25	14:21:00	1	0	60	0	Ct	0	1	0	0	2	1	1	0	0	0	0	0	0	0	0	0	0	0	2	0	2	1	0	0	2	0	2	0	0	0	0	0	0	0
122538	14 Oct 25	14:22:00	1	0	60	0	Ct	0	1	0	0	2	0	1	1	0	0	0	0	0	0	0	0	0	0	6	0	0	0	2	0	2	0	0	0	0	1	4	0	0	0
122539	14 Oct 25	14:23:00	1	0	60	0	Ct	0	1	0	0	3	0	0	1	0	0	0	0	0	0	0	0	0	4	1	0	0	3	0	1	1	0	2	0	0	0	20	0	0	0
122540	14 Oct 25	14:24:00	1	0	60	0	Ct	0	1	0	0	1	0	0	2	0	0	0	0	0	0	0	0	0	2	6	0	0	0	0	1	1	0	7	0	0	5	4	0	0	0
122541	14 Oct 25	14:25:00	1	0	60	0	Ct	0	1	0	0	2	0	3	1	0	0	0	0	0	0	0	0	0	1	3	0	0	1	4	2	5	0	1	0	0	0	0	0	0	0
122542	14 Oct 25	14:26:00	1	0	60	0	Ct	0	1	0	0	1	1	1	1	0	0	0	0	0	0	0	0	0	2	2	0	0	0	4	1	5	0	1	0	0	0	0	0	0	2
122543	14 Oct 25	14:27:00	1	0	60	0	Ct	0	1	0	0	1	0	2	2	0	0	0	0	0	4	0	0	0	1	1	0	0	1	2	0	2	0	2	0	0	0	0	0	0	0
122544	14 Oct 25	14:28:00	1	0	60	0	Ct	0	1	0	0	1	0	0	2	0	0	0	0	0	0	0	0	0	2	2	0	0	2	2	1	2	0	1	0	0	1	0	2	0	0
122545	14 Oct 25	14:29:00	1	0	60	0	Ct	0	1	0	0	0	2	0	1	0	0	0	0	0	0	0	0	0	1	0	0	0	2	0	0	1	0	0	0	0	2	2	0	0	0
122546	14 Oct 25	14:30:00	1	0	60	0	Ct	0	1	0	0	0	0	0	1	0	0	0	0	0	0	0	0	0	1	1	0	0	2	0	0	1	0	1	0	0	0	0	0	0	0
122547	14 Oct 25	14:31:00	1	0	60	0	Ct	0	1	0	0	0	0	0	1	0	0	0	0	0	0	0	0	0	5	2	0	0	4	2	0	2	0	2	0	0	0	0	0	0	0
122548	14 Oct 25	14:32:00	1	0	60	0	Ct	0	1	0	0	0	0	2	0	0	0	0	0	0	0	0	0	0	0	1	0	0	7	2	0	2	0	2	0	0	0	4	2	0	0
122549	14 Oct 25	14:33:00	1	0	60	0	Ct	0	1	0	0	11	0	1	3	0	0	0	0	0	0	0	0	2	2	2	0	0	0	0	0	1	0	2	0	0	1	2	3	0	0
122550	14 Oct 25	14:34:00	1	0	60	0	Ct	0	1	0	0	3	0	2	2	0	0	0	0	0	0	0	0	0	1	8	0	0	2	0	0	2	0	1	0	0	0	15	0	0	2
122551	14 Oct 25	14:35:00	1	0	60	0	Ct	0	1	0	0	0	1	0	3	0	0	0	0	0	0	0	0	0	1	1	0	1	0	0	0	2	0	2	0	0	1	6	3	0	0
122552	14 Oct 25	14:36:00	1	0	60	0	Ct	0	1	0	0	3	1	0	0	0	0	0	0	0	0	0	0	2	3	1	0	1	0	0	0	3	0	0	0	0	0	0	1	0	1
122553	14 Oct 25	14:37:00	1	0	60	0	Ct	0	1	0	1	4	0	1	0	0	0	0	0	0	0	0	0	0	2	1	0	2	0	0	1	2	0	2	0	0	0	0	2	0	0
122554	14 Oct 25	14:38:00	1	0	60	0	Ct	0	1	0	0	0	0	1	2	0	0	0	0	0	0	0	0	0	2	3	0	0	0	0	1	2	0	1	0	0	0	0	1	0	0
122555	14 Oct 25	14:39:00	1	0	60	0	Ct	0	1	0	0	1	8	2	2	0	0	0	0	0	0	0	0	0	1	1	0	2	0	0	4	2	0	2	0	0	0	1	1	0	0
122556	14 Oct 25	14:40:00	1	0	60	0	Ct	0	1	0	0	0	2	1	1	0	0	0	0	0	0	0	0	0	2	1	0	1	4	0	1	2	0	0	0	0	0	0	1	0	0
122557	14 Oct 25	14:41:00	1	0	60	0	Ct	0	1	0	0	1	2	2	0	0	0	0	0	0	0	0	0	0	0	0	0	1	0	0	0	0	0	0	0	0	0	3	2	0	0
122558	14 Oct 25	14:42:00	1	0	60	0	Ct	0	1	0	0	0	1	1	3	0	0	0	0	0	0	0	0	0	2	0	0	2	2	0	0	0	0	0	0	0	0	0	0	0	0
122559	14 Oct 25	14:43:00	1	0	60	0	Ct	0	1	0	0	0	0	1	1	0	0	0	0	0	0	0	0	0	1	3	0	0	1	2	0	0	0	0	0	0	0	0	2	0	5
122560	14 Oct 25	14:44:00	1	0	60	0	Ct	0	1	0	0	0	0	0	0	0	0	0	0	0	0	0	0	0	0	0	0	1	3	3	0	3	0	0	0	0	0	0	0	0	0
122561	14 Oct 25	14:45:00	1	0	60	0	Ct	0	1	0	0	1	0	0	2	0	0	0	0	0	0	0	0	0	1	1	0	2	2	0	0	2	0	1	0	0	1	5	0	0	0
122562	14 Oct 25	14:46:00	1	0	60	0	Ct	0	1	0	0	1	0	1	1	0	0	0	0	0	0	0	0	0	2	0	0	3	2	0	0	5	0	1	0	0	1	27	0	0	2
122563	14 Oct 25	14:47:00	1	0	60	0	Ct	0	1	0	0	2	0	2	1	0	0	0	2	0	0	0	0	0	1	0	0	2	4	3	0	3	0	1	0	0	2	4	0	0	1
122564	14 Oct 25	14:48:00	1	0	60	0	Ct	0	1	0	0	0	0	3	1	0	0	0	1	0	0	0	0	0	3	0	0	2	5	2	0	1	0	1	0	0	2	0	2	0	0
122565	14 Oct 25	14:49:00	1	0	60	0	Ct	0	1	0	0	3	0	1	1	0	0	0	2	0	0	0	0	0	3	0	0	1	2	2	0	2	0	1	0	0	0	0	1	0	0
122566	14 Oct 25	14:50:00	1	0	60	0	Ct	0	1	0	0	0	0	3	1	0	0	0	0	0	0	0	0	0	2	0	0	1	2	1	0	2	0	1	0	0	2	0	2	0	0
122567	14 Oct 25	14:51:00	1	0	60	0	Ct	0	1	0	0	2	0	2	1	0	1	0	1	0	0	0	0	0	0	0	0	2	2	1	0	2	0	1	0	0	1	0	2	0	0
122568	14 Oct 25	14:52:00	1	0	60	0	Ct	0	1	0	0	2	2	4	1	0	0	0	2	0	0	0	0	0	2	0	0	2	1	1	0	3	0	2	0	0	0	0	2	0	0
122569	14 Oct 25	14:53:00	1	0	60	0	Ct	0	1	0	0	1	10	2	0	0	0	0	1	0	0	0	0	0	1	0	0	1	5	1	0	0	0	4	0	0	0	0	0	0	0
122570	14 Oct 25	14:54:00	1	0	60	0	Ct	0	1	0	0	2	0	2	1	0	0	0	1	0	0	0	0	0	1	0	0	0	4	0	0	0	0	1	0	0	0	0	0	0	0
122571	14 Oct 25	14:55:00	1	0	60	0	Ct	0	1	0	0	1	2	2	1	0	0	0	1	0	0	0	0	0	3	0	0	5	2	2	0	2	0	0	0	0	1	7	0	0	0
122572	14 Oct 25	14:56:00	1	0	60	0	Ct	0	1	1	1	1	2	0	1	0	0	0	1	0	0	0	0	0	1	1	0	1	2	2	0	1	0	1	0	0	0	0	0	0	4
122573	14 Oct 25	14:57:00	1	0	60	0	Ct	0	1	1	0	1	1	2	0	0	0	0	5	0	0	0	0	0	0	2	0	4	1	0	0	0	0	2	0	0	1	0	0	0	1
122574	14 Oct 25	14:58:00	1	0	60	0	Ct	0	1	0	0	2	1	1	0	0	0	0	1	0	8	0	0	0	0	0	0	2	1	0	0	2	0	0	0	0	1	1	1	0	2
122575	14 Oct 25	14:59:00	1	0	60	0	Ct	0	1	0	0	0	1	2	0	0	0	0	0	0	0	0	0	0	1	2	0	2	1	0	0	2	0	10	0	0	0	9	1	0	0
122576	14 Oct 25	15:00:00	1	0	60	0	Ct	0	1	0	3	1	1	2	0	0	0	0	0	1	0	0	0	0	1	2	0	3	1	0	0	2	0	0	0	0	13	29	0	0	6
122577	14 Oct 25	15:01:00	1	0	60	0	Ct	0	1	0	2	1	3	1	0	0	0	0	3	0	0	0	0	0	2	2	0	2	2	0	0	4	0	0	0	0	12	1	0	0	0
122578	14 Oct 25	15:02:00	1	0	60	0	Ct	0	1	0	0	0	2	2	0	0	0	0	0	0	0	0	0	0	3	2	0	1	0	0	1	1	0	1	0	0	1	0	0	0	0
122579	14 Oct 25	15:03:00	1	0	60	0	Ct	0	1	0	0	0	0	0	0	0	0	0	0	0	0	0	0	0	1	1	0	1	1	0	0	1	0	1	0	0	0	0	0	0	0
122580	14 Oct 25	15:04:00	1	0	60	0	Ct	0	1	0	0	0	0	0	0	0	0	0	0	0	0	0	0	0	2	0	0	4	2	0	0	1	0	2	0	0	0	0	1	0	0
122581	14 Oct 25	15:05:00	1	0	60	0	Ct	0	1	0	0	1	6	0	1	0	0	0	0	0	0	0	0	0	1	2	0	1	2	0	1	2	0	1	0	0	0	0	1	0	0
122582	14 Oct 25	15:06:00	1	0	60	0	Ct	0	1	0	1	2	0	2	1	0	0	0	0	4	0	0	0	0	1	0	0	1	2	0	1	2	0	2	0	0	0	0	0	1	0
122583	14 Oct 25	15:07:00	1	0	60	0	Ct	0	1	0	0	2	0	1	4	0	0	0	0	3	0	0	0	0	0	1	0	2	1	0	0	2	0	1	0	0	6	0	1	1	0
122584	14 Oct 25	15:08:00	1	0	60	0	Ct	0	1	0	0	0	2	1	3	0	0	0	0	15	0	0	0	0	1	2	0	2	1	0	0	1	0	3	0	0	0	0	2	0	0
122585	14 Oct 25	15:09:00	1	0	60	0	Ct	0	1	0	0	2	0	1	0	0	0	0	0	1	2	0	0	0	3	2	0	1	1	0	0	0	0	2	0	0	1	0	1	0	0
122586	14 Oct 25	15:10:00	1	0	60	0	Ct	0	1	0	6	17	0	1	0	0	0	0	0	0	0	0	0	0	1	1	0	1	1	0	1	0	0	0	0	0	1	0	2	0	0
122587	14 Oct 25	15:11:00	1	0	60	0	Ct	0	1	0	31	0	0	4	0	0	0	0	0	0	0	0	0	0	2	0	0	2	1	0	1	0	0	0	0	0	0	0	2	0	2
122588	14 Oct 25	15:12:00	1	0	60	0	Ct	0	1	0	23	0	0	1	0	0	0	0	0	0	0	0	0	0	2	0	0	2	1	0	0	2	0	0	0	0	1	1	0	0	0
122589	14 Oct 25	15:13:00	1	0	60	0	Ct	0	1	0	0	1	2	3	0	0	0	0	0	0	0	0	0	0	1	1	0	1	0	0	0	2	0	0	0	0	0	1	1	0	0
122590	14 Oct 25	15:14:00	1	0	60	0	Ct	0	1	0	0	1	1	2	0	0	0	0	0	0	3	0	0	0	0	3	0	1	1	3	0	1	0	0	0	0	2	1	0	0	0
122591	14 Oct 25	15:15:00	1	0	60	0	Ct	0	1	2	0	1	1	3	0	0	0	0	0	0	0	0	0	0	0	1	0	0	3	4	0	2	0	0	0	0	2	0	0	0	0
122592	14 Oct 25	15:16:00	1	0	60	0	Ct	0	1	0	0	0	0	3	0	0	0	0	0	2	0	0	0	0	0	1	0	0	1	0	1	1	0	1	0	0	0	0	1	0	0
122593	14 Oct 25	15:17:00	1	0	60	0	Ct	0	1	0	0	2	1	1	0	0	0	0	0	0	0	0	0	0	2	0	0	0	0	0	1	2	0	1	0	0	0	0	0	0	0
122594	14 Oct 25	15:18:00	1	0	60	0	Ct	0	1	0	0	0	1	3	1	0	0	0	0	0	0	0	0	0	0	0	0	1	0	2	1	1	0	0	0	0	0	0	0	0	0
122595	14 Oct 25	15:19:00	1	0	60	0	Ct	0	1	2	0	0	5	3	1	0	0	0	0	0	0	0	0	0	1	0	0	3	0	0	1	0	0	0	0	0	0	4	0	0	0
122596	14 Oct 25	15:20:00	1	0	60	0	Ct	0	1	0	0	0	2	4	0	0	0	0	0	0	0	0	0	0	0	0	0	2	3	0	0	0	0	1	0	0	4	0	0	0	0
122597	14 Oct 25	15:21:00	1	0	60	0	Ct	0	1	0	0	1	3	0	1	0	0	0	0	0	1	0	0	0	1	0	0	1	1	0	2	0	0	0	0	0	1	0	0	0	0
122598	14 Oct 25	15:22:00	1	0	60	0	Ct	0	1	0	0	2	2	0	1	0	0	0	0	0	0	0	0	0	0	1	0	1	3	0	0	0	0	0	0	0	0	0	0	0	0
122599	14 Oct 25	15:23:00	1	0	60	0	Ct	0	1	0	0	1	1	0	0	0	0	0	0	0	0	0	0	0	1	5	0	1	1	0	0	15	0	0	0	0	0	0	0	0	1
122600	14 Oct 25	15:24:00	1	0	60	0	Ct	0	1	0	2	1	2	0	3	0	0	0	0	0	0	0	0	0	18	1	0	1	1	3	2	1	0	0	0	0	1	0	1	0	2
122601	14 Oct 25	15:25:00	1	0	60	0	Ct	0	1	0	0	0	0	0	1	0	0	0	0	0	0	0	0	0	0	0	0	0	1	0	1	3	0	0	0	0	16	2	1	0	0
122602	14 Oct 25	15:26:00	1	0	60	0	Ct	0	1	0	0	0	0	0	1	0	0	0	0	0	0	0	0	0	1	0	0	0	2	0	2	1	0	0	0	0	3	2	1	0	0
122603	14 Oct 25	15:27:00	1	0	60	0	Ct	0	1	0	0	0	0	2	3	0	0	0	0	0	0	0	0	0	7	0	0	0	0	0	1	0	0	0	0	0	0	1	1	0	0
122604	14 Oct 25	15:28:00	1	0	60	0	Ct	0	1	0	0	1	0	0	0	0	0	0	0	5	0	0	0	0	7	0	0	0	1	0	0	0	0	0	0	0	0	1	0	0	0
122605	14 Oct 25	15:29:00	1	0	60	0	Ct	0	1	0	0	1	0	2	0	0	0	0	0	5	0	0	0	0	1	2	0	0	0	1	1	0	0	0	0	0	0	0	0	0	0
122606	14 Oct 25	15:30:00	1	0	60	0	Ct	0	1	0	2	2	0	2	0	0	0	0	0	1	0	0	0	0	1	3	0	0	1	0	1	0	0	0	0	0	2	3	0	0	0
122607	14 Oct 25	15:31:00	1	0	60	0	Ct	0	1	0	0	2	0	1	0	0	2	0	0	3	0	0	0	0	2	1	0	0	0	0	1	0	0	0	0	0	0	0	2	0	0
122608	14 Oct 25	15:32:00	1	0	60	0	Ct	0	1	0	4	2	0	1	0	0	0	0	0	0	0	0	0	0	3	1	0	0	2	0	1	0	1	0	0	0	2	0	0	0	0
122609	14 Oct 25	15:33:00	1	0	60	0	Ct	0	1	0	0	1	0	0	0	0	1	0	0	0	0	0	0	0	1	1	0	0	1	0	1	0	0	0	0	0	1	0	0	0	0
122610	14 Oct 25	15:34:00	1	0	60	0	Ct	0	1	0	2	4	0	4	3	0	4	0	1	9	0	0	0	0	1	0	0	0	1	0	0	0	0	0	0	0	0	0	2	0	0
122611	14 Oct 25	15:35:00	1	0	60	0	Ct	0	1	0	1	1	0	1	1	0	9	0	1	0	0	0	0	2	2	0	0	0	1	3	0	0	0	0	0	0	2	0	3	0	0
122612	14 Oct 25	15:36:00	1	0	60	0	Ct	0	1	0	4	4	0	3	0	0	18	0	0	0	0	0	0	6	1	0	0	2	3	3	1	0	0	0	0	0	2	0	2	0	0
122613	14 Oct 25	15:37:00	1	0	60	0	Ct	0	1	0	5	0	0	4	0	0	21	0	0	7	0	0	0	0	1	0	0	3	0	2	2	0	0	1	0	0	1	1	2	0	0
122614	14 Oct 25	15:38:00	1	0	60	0	Ct	0	1	0	1	2	0	2	1	0	6	0	0	0	0	0	0	0	2	0	0	1	0	5	1	0	0	2	0	0	4	10	0	0	0
122615	14 Oct 25	15:39:00	1	0	60	0	Ct	0	1	0	3	1	0	1	1	0	1	0	0	0	0	0	0	0	1	0	0	2	5	1	1	0	0	1	0	3	0	7	0	0	0
122616	14 Oct 25	15:40:00	1	0	60	0	Ct	0	1	0	3	7	0	0	1	0	5	0	0	1	0	0	0	0	0	0	0	1	1	2	0	0	0	1	0	7	1	0	5	0	0
122617	14 Oct 25	15:41:00	1	0	60	0	Ct	0	1	0	1	0	0	0	0	0	0	0	3	0	0	0	0	1	2	0	0	2	0	1	0	0	0	1	0	9	2	0	1	0	0
122618	14 Oct 25	15:42:00	1	0	60	0	Ct	0	1	0	3	1	0	0	1	0	0	0	2	0	0	0	0	3	1	0	0	0	0	2	1	0	0	1	0	7	1	0	1	0	0
122619	14 Oct 25	15:43:00	1	0	60	0	Ct	0	1	2	2	1	0	2	2	0	0	0	5	0	0	0	0	2	0	0	0	0	0	4	4	0	1	5	0	5	3	0	6	0	0
122620	14 Oct 25	15:44:00	1	0	60	0	Ct	0	1	0	3	5	0	1	0	0	0	0	1	0	0	0	0	0	2	0	0	2	0	1	1	0	0	2	0	0	2	0	2	0	0
122621	14 Oct 25	15:45:00	1	0	60	0	Ct	0	1	0	3	0	0	3	1	0	0	0	5	0	0	0	0	0	2	0	0	0	1	0	2	0	0	3	0	3	1	0	0	0	0
122622	14 Oct 25	15:46:00	1	0	60	0	Ct	0	1	1	1	0	3	5	0	0	0	0	1	0	0	0	0	0	0	0	0	1	6	0	4	0	0	0	0	1	0	0	0	0	0
122623	14 Oct 25	15:47:00	1	0	60	0	Ct	0	1	2	2	0	1	3	0	0	0	0	3	0	0	0	3	0	1	0	0	1	0	0	0	0	0	2	0	1	2	0	0	0	0
122624	14 Oct 25	15:48:00	1	0	60	0	Ct	0	1	1	1	3	1	2	0	0	0	0	2	0	0	0	2	0	1	0	0	0	0	3	0	0	0	0	0	1	0	0	0	0	0
122625	14 Oct 25	15:49:00	1	0	60	0	Ct	0	1	0	4	0	0	0	0	0	0	0	1	0	0	0	0	0	0	0	0	0	3	1	0	0	0	2	0	2	1	2	0	0	0
122626	14 Oct 25	15:50:00	1	0	60	0	Ct	0	1	0	1	0	3	0	0	0	0	0	2	0	0	0	0	0	0	1	0	2	1	0	0	0	0	1	0	2	4	0	0	0	0
122627	14 Oct 25	15:51:00	1	0	60	0	Ct	0	1	1	2	1	1	2	1	0	0	0	1	0	0	0	0	0	0	1	0	1	3	0	0	0	0	0	0	0	1	0	0	0	0
122628	14 Oct 25	15:52:00	1	0	60	0	Ct	0	1	1	3	1	0	1	1	0	0	0	4	0	5	0	0	0	1	1	0	1	1	2	0	0	0	1	0	2	1	0	1	0	0
122629	14 Oct 25	15:53:00	1	0	60	0	Ct	0	1	1	1	0	0	1	1	0	0	0	1	0	2	0	0	0	0	1	0	0	0	0	1	0	0	1	0	2	1	7	0	0	0
122630	14 Oct 25	15:54:00	1	0	60	0	Ct	0	1	1	4	2	4	0	0	0	0	0	2	3	0	0	0	0	0	0	0	0	1	0	1	0	0	0	0	2	3	0	3	0	0
122631	14 Oct 25	15:55:00	1	0	60	0	Ct	0	1	0	1	2	0	0	0	0	0	0	2	4	0	0	0	0	0	3	0	0	0	0	1	0	0	1	0	2	0	2	3	0	5
122632	14 Oct 25	15:56:00	1	0	60	0	Ct	0	1	0	3	15	1	2	0	0	0	0	2	1	0	0	0	0	0	2	0	0	1	0	1	0	0	0	0	4	0	0	0	0	1
122633	14 Oct 25	15:57:00	1	0	60	0	Ct	0	1	0	1	2	2	0	0	0	0	0	2	1	0	0	0	0	1	2	0	0	2	2	0	0	0	1	0	2	2	0	1	0	1
122634	14 Oct 25	15:58:00	1	0	60	0	Ct	0	1	0	2	1	1	0	0	0	0	0	2	1	2	0	0	0	2	1	0	0	0	0	2	0	0	0	0	1	1	2	0	0	4
122635	14 Oct 25	15:59:00	1	0	60	0	Ct	0	1	0	5	2	0	3	0	0	0	0	1	0	3	0	0	0	1	1	0	0	0	0	3	0	0	3	0	3	1	18	0	0	0
122636	14 Oct 25	16:00:00	1	0	60	0	Ct	0	1	0	3	1	0	2	1	0	0	0	4	0	6	0	0	0	2	2	0	0	0	0	1	0	0	0	0	2	3	11	1	0	0
122637	14 Oct 25	16:01:00	1	0	60	0	Ct	0	1	0	2	3	0	4	0	0	0	0	0	2	15	0	1	0	1	1	0	0	1	0	0	0	0	6	0	4	0	0	2	0	1
122638	14 Oct 25	16:02:00	1	0	60	0	Ct	0	1	0	4	0	2	2	0	0	0	0	1	1	1	0	1	0	1	3	0	0	1	0	1	0	0	2	0	2	0	1	1	0	1
122639	14 Oct 25	16:03:00	1	0	60	0	Ct	0	1	0	1	2	1	2	0	0	0	0	4	4	1	0	0	0	1	5	0	2	0	0	0	0	0	2	0	0	1	3	0	0	1
122640	14 Oct 25	16:04:00	1	0	60	0	Ct	0	1	0	4	0	0	3	0	0	0	0	1	0	0	0	0	1	3	1	0	0	1	0	2	0	0	1	0	2	0	0	16	0	7
122641	14 Oct 25	16:05:00	1	0	60	0	Ct	0	1	0	2	0	0	4	0	0	0	0	0	1	0	0	0	0	2	0	0	0	3	0	0	0	0	3	0	9	0	0	11	0	0
122642	14 Oct 25	16:06:00	1	0	60	0	Ct	0	1	0	1	0	0	2	0	0	0	0	0	0	0	0	0	0	1	0	0	0	1	0	1	0	0	1	0	3	2	0	2	0	0
122643	14 Oct 25	16:07:00	1	0	60	0	Ct	0	1	0	0	1	0	1	0	0	0	0	0	0	0	0	0	1	3	1	0	1	1	0	1	0	0	1	0	2	4	0	2	0	1
122644	14 Oct 25	16:08:00	1	0	60	0	Ct	0	1	0	0	2	2	2	0	0	0	0	0	0	0	0	0	0	0	2	0	1	2	0	0	0	0	1	0	2	1	1	3	0	5
122645	14 Oct 25	16:09:00	1	0	60	0	Ct	0	1	0	0	1	1	2	0	0	0	1	1	0	0	0	0	1	1	2	0	0	0	0	0	0	0	1	0	2	5	1	1	0	0
122646	14 Oct 25	16:10:00	1	0	60	0	Ct	0	1	2	1	2	0	0	0	0	0	0	4	0	0	0	0	0	0	2	0	0	7	2	1	0	0	0	0	1	11	0	2	0	0
122647	14 Oct 25	16:11:00	1	0	60	0	Ct	0	1	2	1	0	1	0	0	0	0	0	3	5	0	0	0	0	0	0	0	0	0	6	0	0	0	2	0	8	0	2	1	0	0
122648	14 Oct 25	16:12:00	1	0	60	0	Ct	0	1	1	0	0	9	0	1	0	0	0	2	2	0	0	0	2	1	5	0	0	0	0	1	0	0	3	0	0	2	0	1	0	0
122649	14 Oct 25	16:13:00	1	0	60	0	Ct	0	1	1	2	0	1	2	4	0	0	0	1	1	0	0	0	0	0	0	0	0	0	0	1	0	0	0	0	2	0	0	0	0	0
122650	14 Oct 25	16:14:00	1	0	60	0	Ct	0	1	2	3	0	0	0	6	0	1	0	4	0	0	0	0	0	1	0	0	0	0	4	1	0	0	0	0	2	0	0	1	0	1
122651	14 Oct 25	16:15:00	1	0	60	0	Ct	0	1	1	2	0	0	3	1	0	0	0	1	1	0	0	0	3	0	1	0	0	0	2	0	0	0	0	0	1	3	0	3	0	2
122652	14 Oct 25	16:16:00	1	0	60	0	Ct	0	1	1	3	0	0	2	2	0	0	0	1	0	0	0	0	0	0	0	0	0	2	0	0	0	0	0	0	0	0	0	0	0	2
122653	14 Oct 25	16:17:00	1	0	60	0	Ct	0	1	2	0	0	0	3	4	0	0	0	3	3	3	0	0	0	1	0	0	0	0	0	0	0	0	0	0	4	0	3	5	0	3
122654	14 Oct 25	16:18:00	1	0	60	0	Ct	0	1	0	0	0	0	2	0	0	0	0	1	2	0	0	0	0	1	0	0	2	1	0	1	0	0	1	0	4	0	2	1	0	3
122655	14 Oct 25	16:19:00	1	0	60	0	Ct	0	1	0	3	0	0	2	0	0	1	0	3	1	2	0	0	1	0	0	0	0	5	2	0	0	0	1	0	2	0	1	1	0	0
122656	14 Oct 25	16:20:00	1	0	60	0	Ct	0	1	0	1	0	0	1	0	0	0	0	1	1	1	0	0	1	0	0	0	0	0	1	0	0	0	0	0	2	4	0	0	0	0
122657	14 Oct 25	16:21:00	1	0	60	0	Ct	0	1	4	0	0	0	3	0	0	0	0	0	0	1	0	0	0	2	2	0	1	1	2	0	0	0	0	0	1	0	2	0	0	2
122658	14 Oct 25	16:22:00	1	0	60	0	Ct	0	1	1	0	1	0	0	0	0	0	0	0	2	0	0	0	0	0	2	0	2	2	3	1	0	0	0	0	0	1	5	0	0	1
122659	14 Oct 25	16:23:00	1	0	60	0	Ct	0	1	2	3	0	0	1	0	0	0	0	0	1	0	0	0	0	1	2	0	1	0	2	0	0	0	0	0	1	3	7	2	0	0
122660	14 Oct 25	16:24:00	1	0	60	0	Ct	0	1	1	0	0	0	4	0	0	1	0	3	5	0	0	0	0	2	1	0	2	5	1	0	0	0	0	0	0	0	0	1	0	0
122661	14 Oct 25	16:25:00	1	0	60	0	Ct	0	1	0	1	2	0	3	0	0	0	0	4	3	0	0	0	0	2	3	0	2	4	0	2	0	0	0	0	2	0	0	1	0	1
122662	14 Oct 25	16:26:00	1	0	60	0	Ct	0	1	1	5	1	0	2	0	0	1	0	0	2	0	0	0	0	0	2	0	1	1	2	9	0	0	0	0	2	0	0	0	0	4
122663	14 Oct 25	16:27:00	1	0	60	0	Ct	0	1	1	2	2	0	5	0	0	0	0	0	2	3	0	0	0	0	1	0	2	10	0	2	0	0	0	0	2	1	0	0	0	2
122664	14 Oct 25	16:28:00	1	0	60	0	Ct	0	1	1	3	2	0	3	0	0	0	0	0	1	4	0	0	0	0	2	0	1	2	0	13	0	0	0	0	1	0	0	0	0	0
122665	14 Oct 25	16:29:00	1	0	60	0	Ct	0	1	0	2	2	0	3	0	0	0	0	0	0	3	0	0	0	0	2	0	1	0	0	0	0	0	1	0	2	1	0	0	0	0
122666	14 Oct 25	16:30:00	1	0	60	0	Ct	0	1	0	4	2	0	1	0	0	1	0	0	22	6	0	0	0	0	2	0	1	1	0	3	0	0	1	0	1	0	0	0	0	0
122667	14 Oct 25	16:31:00	1	0	60	0	Ct	0	1	0	2	1	0	2	0	0	3	0	0	2	3	0	0	0	0	2	0	1	2	2	2	0	0	0	0	2	0	2	1	0	2
122668	14 Oct 25	16:32:00	1	0	60	0	Ct	0	1	0	1	0	1	2	0	0	2	0	0	3	2	0	0	0	2	2	0	1	0	3	3	0	0	1	0	2	0	8	0	0	1
122669	14 Oct 25	16:33:00	1	0	60	0	Ct	0	1	0	0	1	2	1	0	0	2	0	0	6	5	2	0	0	2	3	0	2	0	0	5	0	0	2	0	1	9	4	2	0	0
122670	14 Oct 25	16:34:00	1	0	60	0	Ct	0	1	1	5	4	0	1	0	0	2	0	2	2	1	1	0	0	1	1	0	2	0	0	0	0	0	2	0	0	1	0	1	0	0
122671	14 Oct 25	16:35:00	1	0	60	0	Ct	0	1	0	1	1	0	2	0	0	4	0	3	1	2	2	0	0	0	0	0	2	0	1	0	0	0	0	0	0	0	0	0	0	0
122672	14 Oct 25	16:36:00	1	0	60	0	Ct	0	1	1	1	6	2	0	0	0	2	0	3	4	4	3	0	0	2	0	0	0	0	2	0	0	0	2	0	1	0	1	2	0	0
122673	14 Oct 25	16:37:00	1	0	60	0	Ct	0	1	0	0	1	4	1	0	0	2	0	4	1	14	3	0	1	2	1	0	0	1	1	0	0	0	2	0	1	3	0	0	0	0
122674	14 Oct 25	16:38:00	1	0	60	0	Ct	0	1	0	2	0	2	4	0	0	1	0	3	2	1	2	0	0	1	2	0	0	0	1	1	0	0	2	0	1	0	1	0	0	0
122675	14 Oct 25	16:39:00	1	0	60	0	Ct	0	1	0	0	2	0	1	0	0	0	0	1	0	3	3	0	0	2	3	0	0	2	2	0	0	0	0	0	2	1	0	0	0	0
122676	14 Oct 25	16:40:00	1	0	60	0	Ct	0	1	1	0	2	1	0	0	0	0	0	1	1	8	1	0	0	2	1	0	2	0	0	0	0	0	2	0	0	0	1	2	0	0
122677	14 Oct 25	16:41:00	1	0	60	0	Ct	0	1	0	1	1	1	3	0	0	0	0	1	0	2	5	0	0	1	1	0	1	0	0	0	0	0	0	0	2	1	1	0	0	0
122678	14 Oct 25	16:42:00	1	0	60	0	Ct	0	1	1	3	3	1	1	0	0	0	0	2	0	20	3	0	0	1	1	0	1	1	0	0	0	0	0	0	1	0	0	2	0	1
122679	14 Oct 25	16:43:00	1	0	60	0	Ct	0	1	1	1	1	6	0	0	0	0	0	1	0	4	1	1	0	0	6	0	0	2	2	0	0	0	0	0	3	0	9	1	0	2
122680	14 Oct 25	16:44:00	1	0	60	0	Ct	0	1	1	2	2	2	3	0	0	1	0	1	0	5	1	0	0	0	2	0	2	0	0	0	0	0	2	0	0	2	1	1	0	1
122681	14 Oct 25	16:45:00	1	0	60	0	Ct	0	1	1	1	1	3	2	0	0	1	0	1	0	0	2	0	0	0	2	0	0	4	3	0	0	0	0	0	1	1	1	0	0	2
122682	14 Oct 25	16:46:00	1	0	60	0	Ct	0	1	2	3	2	0	2	0	0	1	0	4	5	2	2	0	0	0	1	0	3	2	1	0	0	0	1	0	2	4	3	0	0	2
122683	14 Oct 25	16:47:00	1	0	60	0	Ct	0	1	1	2	4	9	2	0	0	4	1	3	8	4	3	0	0	0	0	0	3	0	1	0	0	0	2	0	3	11	0	0	0	1
122684	14 Oct 25	16:48:00	1	0	60	0	Ct	0	1	0	0	3	16	2	0	0	1	0	3	2	2	2	0	0	0	1	0	1	1	0	0	0	0	2	0	0	3	2	0	0	3
122685	14 Oct 25	16:49:00	1	0	60	0	Ct	0	1	0	3	1	9	3	0	0	0	0	0	3	1	4	0	0	0	2	0	0	10	3	0	0	0	1	0	0	1	3	2	0	2
122686	14 Oct 25	16:50:00	1	0	60	0	Ct	0	1	0	2	18	4	2	0	0	0	0	0	1	1	1	0	0	0	3	0	2	1	1	0	0	0	1	0	3	1	1	1	0	2
122687	14 Oct 25	16:51:00	1	0	60	0	Ct	0	1	0	1	5	4	1	0	0	0	0	0	3	3	0	1	0	0	2	0	2	0	0	3	0	0	0	0	4	0	1	1	0	3
122688	14 Oct 25	16:52:00	1	0	60	0	Ct	0	1	2	1	2	7	2	0	0	0	0	0	3	1	1	0	0	1	1	0	1	1	0	0	0	0	0	0	1	1	1	2	0	3
122689	14 Oct 25	16:53:00	1	0	60	0	Ct	0	1	1	3	2	5	1	0	0	0	0	0	1	3	2	0	0	2	1	0	2	5	0	0	0	0	3	0	1	0	1	0	0	3
122690	14 Oct 25	16:54:00	1	0	60	0	Ct	0	1	1	1	0	0	2	0	0	1	0	0	5	0	2	0	0	1	0	0	3	2	1	0	0	0	0	0	1	0	2	1	0	4
122691	14 Oct 25	16:55:00	1	0	60	0	Ct	0	1	1	1	1	20	2	0	0	3	1	4	2	2	0	0	0	2	0	0	1	21	2	0	0	0	1	0	0	1	3	0	0	1
122692	14 Oct 25	16:56:00	1	0	60	0	Ct	0	1	0	2	1	4	0	0	0	0	0	5	1	5	3	0	0	1	0	0	1	1	0	2	1	0	0	0	0	1	1	0	0	2
122693	14 Oct 25	16:57:00	1	0	60	0	Ct	0	1	0	2	1	0	1	0	0	2	0	1	3	3	1	0	0	1	2	0	3	4	0	0	1	0	0	0	0	1	0	0	0	2
122694	14 Oct 25	16:58:00	1	0	60	0	Ct	0	1	0	1	1	0	3	0	0	0	0	0	0	1	2	0	0	1	0	0	1	0	1	1	3	0	0	0	3	1	2	0	0	1
122695	14 Oct 25	16:59:00	1	0	60	0	Ct	0	1	0	2	0	0	1	0	0	0	0	2	4	0	3	0	0	2	0	0	2	7	3	3	2	0	0	0	2	0	1	0	0	3
122696	14 Oct 25	17:00:00	1	0	60	0	Ct	0	1	0	0	0	0	2	0	0	1	0	2	2	1	2	0	0	1	0	0	0	2	1	0	2	0	0	0	1	0	1	0	0	4
122697	14 Oct 25	17:01:00	1	0	60	0	Ct	0	1	0	0	0	17	3	0	0	3	0	4	3	0	1	0	0	2	2	0	2	4	0	3	3	0	0	0	2	0	1	0	0	7
122698	14 Oct 25	17:02:00	1	0	60	0	Ct	0	1	0	0	0	10	1	0	0	0	0	2	1	1	2	0	2	1	2	0	0	1	0	0	1	0	0	0	0	1	3	0	0	2
122699	14 Oct 25	17:03:00	1	0	60	0	Ct	0	1	0	2	1	1	10	0	0	0	0	1	2	5	1	0	1	1	1	0	0	4	2	0	2	0	0	0	5	0	0	2	0	1
122700	14 Oct 25	17:04:00	1	0	60	0	Ct	0	1	0	2	2	3	1	0	0	0	0	0	1	2	1	0	1	0	2	0	1	3	1	0	2	0	0	0	1	1	0	0	0	3
122701	14 Oct 25	17:05:00	1	0	60	0	Ct	0	1	0	1	2	3	1	0	0	0	0	1	1	0	3	0	3	1	1	0	3	1	1	0	1	0	2	0	0	0	1	1	0	3
122702	14 Oct 25	17:06:00	1	0	60	0	Ct	0	1	1	2	1	0	1	0	0	0	0	2	2	3	2	0	9	1	2	0	1	1	0	0	1	0	2	0	0	5	1	1	0	1
122703	14 Oct 25	17:07:00	1	0	60	0	Ct	0	1	1	1	1	3	2	0	0	1	0	2	2	1	0	0	0	2	2	0	2	1	2	1	2	0	0	0	0	0	1	1	0	2
122704	14 Oct 25	17:08:00	1	0	60	0	Ct	0	1	0	3	3	3	2	0	0	1	0	3	1	2	0	0	2	1	1	0	1	1	2	1	2	0	0	0	0	3	1	0	0	2
122705	14 Oct 25	17:09:00	1	0	60	0	Ct	0	1	0	2	2	1	2	2	0	0	0	0	0	2	0	0	1	1	3	0	2	1	1	1	2	0	0	0	0	1	2	0	0	2
122706	14 Oct 25	17:10:00	1	0	60	0	Ct	0	1	0	3	2	2	1	0	0	0	0	1	0	0	0	1	1	0	1	0	1	3	1	0	3	0	2	0	0	3	1	0	0	2
122707	14 Oct 25	17:11:00	1	0	60	0	Ct	0	1	0	2	0	1	1	2	0	0	0	1	3	3	0	1	2	2	0	0	2	1	2	1	0	0	0	0	0	6	2	1	0	1
122708	14 Oct 25	17:12:00	1	0	60	0	Ct	0	1	0	1	0	0	0	3	0	1	0	0	1	1	1	9	0	1	0	0	0	3	4	0	0	0	2	0	0	2	0	0	0	3
122709	14 Oct 25	17:13:00	1	0	60	0	Ct	0	1	0	1	2	0	0	1	0	2	0	1	0	0	1	0	1	1	0	0	2	1	2	1	0	0	3	0	2	0	0	0	0	2
122710	14 Oct 25	17:14:00	1	0	60	0	Ct	0	1	0	2	2	1	1	1	0	2	0	1	1	1	1	0	2	1	1	0	0	3	2	0	0	0	0	0	3	0	0	2	0	2
122711	14 Oct 25	17:15:00	1	0	60	0	Ct	0	1	0	2	0	0	0	0	0	1	1	2	5	0	2	0	3	2	1	0	0	0	0	2	0	0	0	0	4	0	0	2	0	1
122712	14 Oct 25	17:16:00	1	0	60	0	Ct	0	1	0	3	3	1	1	1	0	0	0	6	5	3	0	0	0	0	0	0	2	2	0	0	0	0	0	0	1	1	0	1	1	2
122713	14 Oct 25	17:17:00	1	0	60	0	Ct	0	1	0	4	1	10	9	3	0	0	1	0	2	0	0	0	1	2	0	0	0	0	0	1	0	0	0	0	2	0	0	0	1	2
122714	14 Oct 25	17:18:00	1	0	60	0	Ct	0	1	0	3	2	10	2	1	0	0	0	1	2	2	0	0	3	2	0	0	1	1	3	4	0	0	0	0	1	0	0	1	0	1
122715	14 Oct 25	17:19:00	1	0	60	0	Ct	0	1	0	1	1	0	3	1	0	0	0	2	4	0	0	0	4	3	0	0	1	1	5	2	0	0	0	0	3	0	0	1	0	1
122716	14 Oct 25	17:20:00	1	0	60	0	Ct	0	1	0	0	0	1	2	2	0	0	0	2	3	0	2	2	0	1	2	0	1	0	1	1	0	2	0	0	1	0	0	0	0	3
122717	14 Oct 25	17:21:00	1	0	60	0	Ct	0	1	0	2	0	1	3	1	0	0	0	4	0	3	2	0	0	1	1	0	2	0	1	1	0	0	0	2	0	0	9	0	2	1
122718	14 Oct 25	17:22:00	1	0	60	0	Ct	0	1	0	5	2	5	3	1	0	0	2	4	2	0	0	0	0	1	3	0	1	2	0	0	0	0	0	0	0	3	0	0	1	2
122719	14 Oct 25	17:23:00	1	0	60	0	Ct	0	1	0	2	1	1	2	0	0	0	2	3	6	0	2	0	0	2	0	0	3	2	3	1	0	0	0	2	2	2	0	0	1	4
122720	14 Oct 25	17:24:00	1	0	60	0	Ct	0	1	0	3	18	0	0	3	0	0	2	2	1	0	1	1	0	1	0	0	1	0	1	1	0	0	0	1	3	0	0	0	1	2
122721	14 Oct 25	17:25:00	1	0	60	0	Ct	0	1	0	2	0	0	0	1	0	0	2	1	0	0	4	0	0	1	1	0	2	1	1	0	0	0	0	3	1	0	0	2	1	1
122722	14 Oct 25	17:26:00	1	0	60	0	Ct	0	1	0	3	0	0	1	1	0	2	2	0	0	0	1	0	1	2	0	0	2	2	1	0	0	0	0	4	1	0	0	2	0	4
122723	14 Oct 25	17:27:00	1	0	60	0	Ct	0	1	0	2	0	0	2	4	0	0	2	4	0	0	2	0	0	1	0	0	0	1	1	0	0	0	0	3	2	0	0	1	2	5
122724	14 Oct 25	17:28:00	1	0	60	0	Ct	0	1	0	2	5	0	4	2	0	0	1	2	0	0	2	0	0	1	3	0	0	1	0	0	0	0	1	3	2	3	0	1	1	2
122725	14 Oct 25	17:29:00	1	0	60	0	Ct	0	1	0	1	2	0	8	5	0	0	1	12	1	0	2	0	0	0	1	0	0	2	2	0	0	0	1	4	3	0	0	2	2	2
122726	14 Oct 25	17:30:00	1	0	60	0	Ct	0	1	0	0	2	0	2	0	0	0	2	1	1	3	2	0	0	1	1	0	0	0	1	0	0	0	2	3	0	0	0	1	0	0
122727	14 Oct 25	17:31:00	1	0	60	0	Ct	0	1	0	2	0	0	1	1	0	0	0	2	0	33	1	1	0	1	1	0	0	2	0	0	0	0	1	3	1	0	0	2	0	0
122728	14 Oct 25	17:32:00	1	0	60	0	Ct	0	1	0	7	2	0	1	2	0	0	1	2	1	25	1	10	0	1	1	0	0	1	1	0	0	0	1	3	1	1	0	2	2	0
122729	14 Oct 25	17:33:00	1	0	60	0	Ct	0	1	0	3	2	2	1	1	0	0	2	1	0	23	2	1	0	1	4	0	2	1	1	2	0	0	3	5	1	0	0	1	0	0
122730	14 Oct 25	17:34:00	1	0	60	0	Ct	0	1	0	1	2	1	2	1	0	0	1	0	0	29	2	1	0	2	2	0	0	1	1	1	2	0	1	3	1	3	1	1	0	0
122731	14 Oct 25	17:35:00	1	0	60	0	Ct	0	1	0	3	2	0	1	1	0	0	3	0	0	30	0	2	0	2	1	0	2	0	2	1	0	0	0	4	0	9	1	0	0	3
122732	14 Oct 25	17:36:00	1	0	60	0	Ct	0	1	0	3	3	4	1	1	0	0	2	0	0	24	1	1	0	1	3	0	3	0	0	1	2	0	0	3	0	0	0	0	0	0
122733	14 Oct 25	17:37:00	1	0	60	0	Ct	0	1	0	2	3	1	2	1	0	0	1	0	0	11	3	0	0	1	10	0	0	0	0	2	7	0	0	1	2	2	2	1	0	0
122734	14 Oct 25	17:38:00	1	0	60	0	Ct	0	1	0	2	1	1	4	1	0	0	2	3	0	22	1	0	0	0	0	0	0	5	4	1	2	0	0	15	0	3	1	2	0	0
122735	14 Oct 25	17:39:00	1	0	60	0	Ct	0	1	0	2	1	2	3	0	1	0	1	3	3	35	1	0	0	2	1	0	2	3	0	12	2	0	0	3	0	0	2	2	0	0
122736	14 Oct 25	17:40:00	1	0	60	0	Ct	0	1	0	2	2	0	1	0	0	2	2	0	2	4	2	2	0	1	1	0	2	1	1	2	0	0	1	3	0	0	1	3	0	3
122737	14 Oct 25	17:41:00	1	0	60	0	Ct	0	1	0	1	3	0	1	0	1	0	2	4	2	6	2	0	0	1	5	0	1	1	1	0	2	0	1	3	0	0	0	3	0	1
122738	14 Oct 25	17:42:00	1	0	60	0	Ct	0	1	0	2	1	0	4	0	0	0	1	3	1	9	0	0	0	0	0	0	0	0	2	0	2	0	1	3	0	0	1	1	0	0
122739	14 Oct 25	17:43:00	1	0	60	0	Ct	0	1	0	4	2	0	3	0	0	0	0	1	1	1	1	0	0	0	0	0	3	2	2	2	3	0	1	4	0	0	0	0	0	2
122740	14 Oct 25	17:44:00	1	0	60	0	Ct	0	1	0	2	3	0	1	0	1	0	1	3	1	2	1	0	1	0	0	0	1	1	3	1	2	0	2	2	0	0	0	0	0	2
122741	14 Oct 25	17:45:00	1	0	60	0	Ct	0	1	0	0	1	0	3	1	1	0	0	2	2	4	0	0	2	2	0	0	1	1	2	1	3	0	0	1	2	2	0	0	0	3
122742	14 Oct 25	17:46:00	1	0	60	0	Ct	0	1	0	0	2	0	1	0	0	0	2	1	7	0	0	0	0	1	0	0	3	0	0	2	1	0	0	4	0	0	0	1	0	1
122743	14 Oct 25	17:47:00	1	0	60	0	Ct	0	1	0	0	2	0	5	1	0	0	0	3	1	0	2	0	6	1	0	0	1	0	3	0	3	0	1	4	0	1	3	0	0	1
122744	14 Oct 25	17:48:00	1	0	60	0	Ct	0	1	0	2	0	1	2	2	0	0	2	9	2	0	1	0	5	0	1	0	1	0	0	1	0	0	2	4	0	2	1	2	0	2
122745	14 Oct 25	17:49:00	1	0	60	0	Ct	0	1	0	1	1	3	1	20	10	0	2	4	2	0	1	0	0	0	1	0	2	0	0	0	0	0	0	2	0	1	1	1	0	1
122746	14 Oct 25	17:50:00	1	0	60	0	Ct	0	1	0	3	1	2	3	34	41	0	2	3	0	0	2	0	2	0	1	0	1	0	0	0	0	0	0	6	0	0	1	1	0	0
122747	14 Oct 25	17:51:00	1	0	60	0	Ct	0	1	0	2	1	1	2	8	42	0	1	1	4	0	1	0	1	0	2	0	1	1	0	0	0	0	0	4	2	0	0	0	0	1
122748	14 Oct 25	17:52:00	1	0	60	0	Ct	0	1	0	1	2	4	2	2	6	0	1	0	2	6	0	0	0	0	2	0	4	1	0	2	3	0	0	1	5	0	0	2	0	1
122749	14 Oct 25	17:53:00	1	0	60	0	Ct	0	1	0	6	1	2	2	1	0	0	2	3	1	0	0	0	1	0	2	0	0	0	0	0	2	1	0	5	0	0	1	0	0	0
122750	14 Oct 25	17:54:00	1	0	60	0	Ct	0	1	0	1	2	0	2	5	0	0	1	2	1	0	0	0	1	0	0	0	4	2	0	2	2	1	0	3	2	1	0	0	0	5
122751	14 Oct 25	17:55:00	1	0	60	0	Ct	0	1	0	2	0	2	2	1	0	0	2	1	0	1	0	0	8	0	1	0	1	0	0	0	3	1	0	4	0	0	0	0	0	0
122752	14 Oct 25	17:56:00	1	0	60	0	Ct	0	1	0	2	0	0	0	2	1	0	1	1	0	1	1	0	0	0	0	0	3	2	0	0	4	3	0	4	0	2	0	1	2	0
122753	14 Oct 25	17:57:00	1	0	60	0	Ct	0	1	1	1	9	0	3	0	7	0	2	0	0	0	1	0	1	0	0	0	2	1	0	1	1	2	0	1	0	0	0	0	1	0
122754	14 Oct 25	17:58:00	1	0	60	0	Ct	0	1	1	0	2	0	2	1	21	0	0	0	0	2	1	0	1	0	0	0	0	3	0	1	0	3	0	3	2	0	0	1	1	3
122755	14 Oct 25	17:59:00	1	0	60	0	Ct	0	1	0	2	1	3	3	1	9	0	1	0	0	0	2	0	1	0	1	0	1	0	2	1	0	2	1	1	0	0	0	2	1	1
122756	14 Oct 25	18:00:00	1	0	60	0	Ct	0	1	2	2	0	0	4	0	0	0	1	0	0	0	1	0	2	1	0	0	1	2	1	0	0	2	1	1	0	0	0	3	1	4
122757	14 Oct 25	18:01:00	1	0	60	0	Ct	0	1	2	5	2	0	1	1	0	0	2	0	0	0	1	0	2	1	0	0	2	1	0	0	0	3	2	2	0	0	0	9	2	2
122758	14 Oct 25	18:02:00	1	0	60	0	Ct	0	1	2	1	2	1	1	0	0	0	1	2	0	6	0	0	1	0	1	0	0	1	0	0	2	3	1	3	0	0	0	1	1	2
122759	14 Oct 25	18:03:00	1	0	60	0	Ct	0	1	0	0	2	1	2	0	0	0	2	2	3	1	2	1	0	1	1	0	0	1	0	0	2	1	3	4	0	2	0	2	1	2
122760	14 Oct 25	18:04:00	1	0	60	0	Ct	0	1	2	0	1	1	3	0	0	0	1	1	0	1	0	1	4	1	1	0	0	1	2	0	0	2	0	2	0	1	0	2	1	2
122761	14 Oct 25	18:05:00	1	0	60	0	Ct	0	1	1	1	2	21	2	2	0	0	2	1	2	3	0	2	1	1	0	0	0	1	5	0	1	3	2	4	2	0	0	0	2	0
122762	14 Oct 25	18:06:00	1	0	60	0	Ct	0	1	1	2	1	2	1	0	0	0	2	0	0	0	1	0	1	2	0	0	0	0	1	1	2	1	1	23	0	5	2	1	1	0
122763	14 Oct 25	18:07:00	1	0	60	0	Ct	0	1	2	1	0	0	1	1	1	1	0	0	17	3	1	0	0	0	3	0	2	6	3	4	2	4	1	3	2	3	0	2	3	3
122764	14 Oct 25	18:08:00	1	0	60	0	Ct	0	0	0	0	0	1	1	1	0	0	0	2	4	4	2	0	2	5	3	0	3	3	3	1	5	4	0	4	3	0	0	4	5	3
122765	14 Oct 25	18:09:00	1	0	60	0	Ct	0	0	3	0	2	4	1	1	0	0	4	4	2	5	4	0	2	3	2	0	4	1	6	4	3	3	0	0	3	2	0	4	5	6
122766	14 Oct 25	18:10:00	1	0	60	0	Ct	0	0	1	0	5	6	7	0	0	4	6	3	4	4	0	4	2	4	3	0	4	2	6	3	3	3	0	3	1	2	3	4	1	4
122767	14 Oct 25	18:11:00	1	0	60	0	Ct	0	0	2	3	2	16	5	0	1	4	4	4	4	5	4	3	2	4	3	0	7	3	4	1	3	5	2	4	2	3	5	5	3	4
122768	14 Oct 25	18:12:00	1	0	60	0	Ct	0	0	2	3	2	13	3	2	2	3	4	2	2	0	1	3	3	3	3	0	4	1	4	3	4	3	3	2	0	4	2	3	2	4
122769	14 Oct 25	18:13:00	1	0	60	0	Ct	0	0	2	4	3	16	7	0	2	4	4	2	4	3	4	2	1	4	4	0	4	2	4	2	1	3	4	4	2	2	2	3	3	3
122770	14 Oct 25	18:14:00	1	0	60	0	Ct	0	0	2	4	4	9	6	0	2	3	4	6	1	0	4	2	2	3	1	0	6	1	4	3	1	3	3	4	4	2	2	1	2	6
122771	14 Oct 25	18:15:00	1	0	60	0	Ct	0	0	2	3	0	9	3	0	2	4	0	2	2	8	4	2	2	4	3	0	4	2	4	3	2	3	3	2	4	3	2	2	2	4
122772	14 Oct 25	18:16:00	1	0	60	0	Ct	0	0	1	3	0	14	4	0	2	3	2	1	2	5	2	3	2	3	3	0	4	1	2	4	0	3	3	4	2	1	0	2	2	2
122773	14 Oct 25	18:17:00	1	0	60	0	Ct	0	0	1	2	4	16	3	0	3	4	3	2	0	0	0	1	0	1	2	0	4	3	2	3	0	2	2	0	1	2	1	2	4	1
122774	14 Oct 25	18:18:00	1	0	60	0	Ct	0	0	2	3	2	2	4	0	1	4	4	2	2	0	6	2	2	0	2	0	4	1	2	2	2	2	1	2	2	2	2	2	3	3
122775	14 Oct 25	18:19:00	1	0	60	0	Ct	0	0	0	4	4	15	3	0	2	2	3	0	3	0	3	4	0	3	3	0	3	2	4	1	0	1	2	4	2	2	2	1	2	2
122776	14 Oct 25	18:20:00	1	0	60	0	Ct	0	0	0	4	2	33	0	4	1	3	3	2	2	0	1	4	0	3	2	0	4	1	4	1	1	3	2	3	1	0	1	1	2	5
122777	14 Oct 25	18:21:00	1	0	60	0	Ct	0	0	3	4	4	18	1	2	2	0	3	3	2	0	2	2	1	4	1	0	3	1	2	2	1	3	2	3	3	2	3	4	2	1
122778	14 Oct 25	18:22:00	1	0	60	0	Ct	0	0	0	5	2	4	2	2	1	1	2	2	2	0	3	2	1	4	1	0	2	2	1	3	1	3	1	2	1	4	0	2	2	4
122779	14 Oct 25	18:23:00	1	0	60	0	Ct	0	0	0	2	4	8	2	1	3	5	5	2	0	6	1	2	0	3	2	0	3	0	3	3	3	1	2	2	2	1	1	1	6	2
122780	14 Oct 25	18:24:00	1	0	60	0	Ct	0	0	0	3	0	5	3	2	1	3	2	2	2	3	3	3	1	4	1	0	4	1	3	2	0	2	3	3	1	2	1	2	1	2
122781	14 Oct 25	18:25:00	1	0	60	0	Ct	0	0	1	4	1	4	4	2	1	3	1	2	2	4	1	2	1	1	1	0	3	1	2	1	2	1	2	4	2	1	2	2	2	3
122782	14 Oct 25	18:26:00	1	0	60	0	Ct	0	0	1	3	3	1	2	2	1	3	2	2	2	9	2	4	0	3	2	0	5	2	3	2	2	2	2	4	1	2	2	3	2	1
122783	14 Oct 25	18:27:00	1	0	60	0	Ct	0	0	2	4	0	2	3	1	2	3	3	2	3	5	3	2	1	2	3	0	5	2	1	1	2	2	2	1	1	2	1	0	1	1
122784	14 Oct 25	18:28:00	1	0	60	0	Ct	0	0	1	3	0	1	1	1	1	2	3	2	1	2	3	1	1	3	2	0	4	1	5	2	2	2	2	4	3	1	2	0	1	2
122785	14 Oct 25	18:29:00	1	0	60	0	Ct	0	0	0	2	4	13	2	2	1	3	1	3	2	3	2	6	1	3	4	0	3	1	7	0	2	2	1	3	2	2	1	3	2	2
122786	14 Oct 25	18:30:00	1	0	60	0	Ct	0	0	2	3	0	2	1	1	3	3	1	3	1	6	2	2	2	2	1	0	3	2	1	0	2	1	3	3	3	1	1	3	2	3
122787	14 Oct 25	18:31:00	1	0	60	0	Ct	0	0	2	0	0	1	3	2	1	2	1	2	1	4	2	2	1	3	2	0	3	2	3	3	1	1	2	4	2	2	2	0	0	2
122788	14 Oct 25	18:32:00	1	0	60	0	Ct	0	0	1	0	3	0	2	0	2	2	1	2	6	3	1	4	1	3	2	0	1	2	1	2	1	1	3	2	1	1	2	2	1	2
122789	14 Oct 25	18:33:00	1	0	60	0	Ct	0	0	3	1	3	2	1	4	1	1	2	1	5	3	2	2	0	1	2	0	2	1	4	3	2	2	2	4	2	1	1	0	2	3
122790	14 Oct 25	18:34:00	1	0	60	0	Ct	0	0	1	3	3	0	1	5	2	0	1	0	5	0	2	2	0	2	2	0	4	2	3	2	1	2	1	2	2	1	1	6	1	0
122791	14 Oct 25	18:35:00	1	0	60	0	Ct	0	0	2	4	4	0	2	2	1	0	2	1	4	1	2	0	0	4	2	0	3	0	3	2	1	1	1	4	0	0	1	3	1	3
122792	14 Oct 25	18:36:00	1	0	60	0	Ct	0	0	1	2	3	0	3	2	1	1	1	4	3	2	1	2	0	1	2	0	2	3	4	2	1	3	2	4	1	3	1	2	0	1
122793	14 Oct 25	18:37:00	1	0	60	0	Ct	0	0	0	0	4	0	3	2	6	4	4	2	1	2	1	1	0	2	1	0	2	2	1	1	1	3	3	3	3	1	1	3	0	3
122794	14 Oct 25	18:38:00	1	0	60	0	Ct	0	0	0	3	4	0	2	5	2	1	3	4	1	0	2	3	2	4	2	0	3	1	1	1	1	1	4	3	1	4	1	0	6	1
122795	14 Oct 25	18:39:00	1	0	60	0	Ct	0	0	2	1	4	0	2	1	2	0	5	1	3	4	3	3	1	3	1	0	2	3	2	1	1	3	2	3	0	1	3	1	1	0
122796	14 Oct 25	18:40:00	1	0	60	0	Ct	0	0	0	2	3	0	2	2	0	2	2	4	3	3	2	1	0	1	2	0	1	1	3	1	2	1	2	1	0	1	2	2	2	0
122797	14 Oct 25	18:41:00	1	0	60	0	Ct	0	0	2	0	3	0	2	2	2	4	2	2	2	1	2	2	0	3	2	0	2	0	3	2	3	2	3	1	0	0	1	2	2	3
122798	14 Oct 25	18:42:00	1	0	60	0	Ct	0	0	0	2	2	0	3	2	1	2	3	1	3	2	2	1	1	3	2	0	3	1	0	1	3	4	3	2	0	2	1	3	1	2
122799	14 Oct 25	18:43:00	1	0	60	0	Ct	0	0	1	0	4	0	1	2	1	3	4	1	1	1	2	0	1	1	1	0	3	2	1	1	2	2	4	2	3	0	3	6	0	1
122800	14 Oct 25	18:44:00	1	0	60	0	Ct	0	0	1	1	2	0	2	1	2	2	3	3	1	2	3	2	0	2	2	0	2	1	4	1	1	2	1	1	2	3	0	1	1	2
122801	14 Oct 25	18:45:00	1	0	60	0	Ct	0	0	0	2	2	0	3	1	7	1	3	2	1	3	4	2	5	2	2	0	3	1	1	3	1	2	1	0	2	1	1	2	2	5
122802	14 Oct 25	18:46:00	1	0	60	0	Ct	0	0	0	3	3	0	1	1	1	3	2	1	2	2	1	2	0	2	1	0	2	0	5	0	2	3	2	0	1	4	1	3	2	2
122803	14 Oct 25	18:47:00	1	0	60	0	Ct	0	0	1	1	2	0	3	2	1	4	1	2	2	1	2	4	1	2	1	0	3	1	4	3	3	0	1	1	0	2	1	1	2	3
122804	14 Oct 25	18:48:00	1	0	60	0	Ct	0	0	3	2	2	0	1	2	2	1	2	1	0	1	0	1	1	16	2	0	1	1	2	0	2	3	2	2	5	1	2	0	1	2
122805	14 Oct 25	18:49:00	1	0	60	0	Ct	0	0	2	1	2	0	3	1	0	2	2	1	6	1	1	1	0	3	1	0	2	0	2	2	0	3	1	3	3	2	1	0	1	1
122806	14 Oct 25	18:50:00	1	0	60	0	Ct	0	0	1	3	1	0	1	1	0	0	3	4	2	1	2	1	3	2	3	0	2	1	2	0	0	1	3	3	0	2	1	1	1	1
122807	14 Oct 25	18:51:00	1	0	60	0	Ct	0	0	3	0	6	0	2	2	1	0	2	1	3	2	1	2	0	2	2	0	2	1	2	2	1	1	2	4	0	1	2	0	0	2
122808	14 Oct 25	18:52:00	1	0	60	0	Ct	0	0	0	1	1	2	1	0	3	1	2	1	0	0	1	2	0	2	1	0	1	1	0	3	2	3	3	4	0	1	0	0	0	1
122809	14 Oct 25	18:53:00	1	0	60	0	Ct	0	0	0	2	1	5	2	1	2	1	3	1	3	5	1	2	1	3	0	0	3	1	3	1	1	2	1	3	0	2	1	0	3	4
122810	14 Oct 25	18:54:00	1	0	60	0	Ct	0	0	0	3	1	3	1	2	1	4	0	1	1	2	2	3	1	2	0	0	2	1	2	1	0	0	2	1	3	2	0	1	2	0
122811	14 Oct 25	18:55:00	1	0	60	0	Ct	0	0	2	2	2	3	2	1	1	2	1	2	1	4	1	1	1	3	1	0	3	2	2	0	2	0	2	3	1	1	0	1	3	3
122812	14 Oct 25	18:56:00	1	0	60	0	Ct	0	0	0	2	2	2	0	0	1	2	1	11	2	1	2	1	0	2	1	0	3	1	0	3	2	2	2	2	2	1	0	0	1	1
122813	14 Oct 25	18:57:00	1	0	60	0	Ct	0	0	2	1	2	3	1	2	2	4	1	1	2	6	2	4	1	1	1	0	3	1	1	1	2	1	0	2	1	2	0	0	1	2
122814	14 Oct 25	18:58:00	1	0	60	0	Ct	0	0	0	2	1	1	3	2	3	2	1	1	17	1	2	1	0	2	1	0	2	5	3	2	3	2	3	2	1	0	1	1	0	3
122815	14 Oct 25	18:59:00	1	0	60	0	Ct	0	0	2	1	1	3	4	1	2	2	6	4	1	1	2	1	0	2	1	0	4	1	2	3	1	1	2	3	6	0	2	1	2	4
122816	14 Oct 25	19:00:00	1	0	60	0	Ct	0	0	0	1	2	5	1	1	1	3	5	2	1	6	1	3	0	3	1	0	1	2	2	0	0	1	2	3	1	4	0	0	1	3
122817	14 Oct 25	19:01:00	1	0	60	0	Ct	0	0	0	2	4	3	2	1	0	3	3	2	2	8	3	2	0	3	2	0	0	1	5	1	0	3	1	3	1	0	1	1	1	0
122818	14 Oct 25	19:02:00	1	0	60	0	Ct	0	0	2	2	1	2	1	3	1	3	1	1	2	1	1	2	1	3	1	0	2	1	0	1	0	2	1	4	1	4	2	6	2	2
122819	14 Oct 25	19:03:00	1	0	60	0	Ct	0	0	2	2	0	1	2	0	1	2	2	3	2	1	2	1	1	3	2	0	2	0	2	3	1	2	6	5	2	1	1	3	2	2
122820	14 Oct 25	19:04:00	1	0	60	0	Ct	0	0	0	3	2	8	3	1	3	1	1	2	1	4	1	1	1	0	2	0	2	1	2	1	1	0	1	3	1	3	0	2	1	0
122821	14 Oct 25	19:05:00	1	0	60	0	Ct	0	0	1	3	2	1	3	1	0	0	3	1	1	1	2	0	2	2	1	0	0	1	1	0	1	2	1	2	2	1	0	1	0	5
122822	14 Oct 25	19:06:00	1	0	60	0	Ct	0	0	1	3	1	1	1	1	1	0	1	2	1	0	2	2	1	2	2	0	2	0	3	1	3	1	3	3	1	2	0	2	1	2
122823	14 Oct 25	19:07:00	1	0	60	0	Ct	0	0	0	3	3	6	2	0	2	2	1	0	0	2	2	3	0	1	5	0	9	1	1	4	2	2	4	2	1	2	2	2	2	0
122824	14 Oct 25	19:08:00	1	0	60	0	Ct	0	0	0	32	3	0	3	2	1	3	1	2	0	4	1	1	1	3	2	0	2	0	1	0	2	1	3	3	0	3	0	5	2	3
122825	14 Oct 25	19:09:00	1	0	60	0	Ct	0	0	0	5	0	3	2	2	2	2	1	5	1	0	4	1	1	0	2	0	2	2	3	3	0	0	0	2	0	2	2	1	1	2
122826	14 Oct 25	19:10:00	1	0	60	0	Ct	0	0	0	1	0	0	3	5	1	2	1	1	1	2	2	1	1	0	0	0	2	1	2	1	9	1	3	1	2	2	0	8	1	3
122827	14 Oct 25	19:11:00	1	0	60	0	Ct	0	0	0	3	2	1	1	1	1	2	2	2	4	2	3	2	0	0	2	0	2	2	4	3	1	3	3	4	3	1	2	18	1	2
122828	14 Oct 25	19:12:00	1	0	60	0	Ct	0	0	0	2	2	4	1	2	0	3	2	1	2	5	2	2	1	3	0	0	2	1	2	1	2	2	3	3	2	1	0	12	1	2
122829	14 Oct 25	19:13:00	1	0	60	0	Ct	0	0	0	1	1	0	1	2	3	3	1	2	1	3	2	2	0	2	2	0	2	1	4	2	1	2	2	3	1	0	2	2	1	4
122830	14 Oct 25	19:14:00	1	0	60	0	Ct	0	0	2	1	1	9	2	2	1	2	1	2	2	2	3	4	2	2	1	0	0	1	1	0	4	1	4	3	1	0	0	2	1	2
122831	14 Oct 25	19:15:00	1	0	60	0	Ct	0	0	0	3	0	1	3	0	2	2	1	0	1	3	1	3	0	2	1	0	0	1	1	2	1	2	3	2	1	0	1	2	1	1
122832	14 Oct 25	19:16:00	1	0	60	0	Ct	0	0	1	2	1	0	2	2	1	2	1	1	1	3	2	3	0	2	0	0	2	1	2	2	1	3	3	3	2	1	0	7	1	0
122833	14 Oct 25	19:17:00	1	0	60	0	Ct	0	0	1	3	1	1	2	1	1	3	2	3	4	3	2	1	1	3	0	0	4	2	2	2	2	2	1	3	1	1	1	2	1	0
122834	14 Oct 25	19:18:00	1	0	60	0	Ct	0	0	2	2	1	0	0	0	3	3	2	1	1	0	2	3	4	2	2	0	2	0	4	2	1	2	2	2	2	3	1	1	0	2
122835	14 Oct 25	19:19:00	1	0	60	0	Ct	0	0	1	2	2	0	0	2	1	1	1	2	0	0	1	0	0	2	0	0	2	2	3	2	2	2	5	1	0	0	0	2	2	2
122836	14 Oct 25	19:20:00	1	0	60	0	Ct	0	0	1	2	2	3	0	2	2	1	3	3	2	4	2	1	1	3	0	0	2	0	8	0	0	0	0	1	1	1	1	0	1	0
122837	14 Oct 25	19:21:00	1	0	60	0	Ct	0	0	1	3	1	1	2	3	1	2	0	1	2	3	2	1	7	2	0	0	2	3	1	0	2	1	3	1	1	1	1	1	2	1
122838	14 Oct 25	19:22:00	1	0	60	0	Ct	0	0	0	2	2	2	1	0	3	3	0	2	2	0	4	4	0	2	1	0	3	0	2	2	0	2	2	0	1	2	3	3	0	0
122839	14 Oct 25	19:23:00	1	0	60	0	Ct	0	0	1	0	2	3	2	2	4	4	1	0	1	1	2	1	1	6	1	0	1	1	1	0	2	2	1	2	1	2	0	2	0	2
122840	14 Oct 25	19:24:00	1	0	60	0	Ct	0	0	1	2	2	1	0	1	1	2	1	3	0	4	1	2	0	1	2	0	2	1	4	1	3	1	3	2	1	0	3	1	3	0
122841	14 Oct 25	19:25:00	1	0	60	0	Ct	0	0	2	2	1	4	16	0	1	3	0	1	2	1	0	2	1	2	1	0	2	1	4	3	1	1	1	3	1	2	0	2	0	1
122842	14 Oct 25	19:26:00	1	0	60	0	Ct	0	0	1	0	1	5	1	1	1	3	0	1	3	1	1	2	0	1	1	0	1	5	1	2	1	1	2	2	1	1	1	3	0	3
122843	14 Oct 25	19:27:00	1	0	60	0	Ct	0	0	1	0	6	1	2	4	2	2	1	7	1	1	2	2	1	2	1	0	2	0	2	2	2	2	0	2	0	1	0	1	0	1
122844	14 Oct 25	19:28:00	1	0	60	0	Ct	0	0	2	1	1	0	3	3	2	1	1	0	0	1	2	2	2	2	1	0	2	1	4	4	1	2	0	7	2	2	0	3	0	2
122845	14 Oct 25	19:29:00	1	0	60	0	Ct	0	0	0	1	1	4	1	3	1	1	2	1	5	2	2	1	0	1	1	0	3	1	2	1	0	4	0	3	2	0	1	1	2	3
122846	14 Oct 25	19:30:00	1	0	60	0	Ct	0	0	0	2	2	0	2	0	2	1	2	1	2	2	3	2	2	2	2	0	3	1	1	0	1	0	0	4	1	0	1	2	0	3
122847	14 Oct 25	19:31:00	1	0	60	0	Ct	0	0	0	0	1	1	2	3	1	0	1	3	2	2	0	1	0	2	2	0	1	1	4	2	1	0	2	3	1	1	0	1	0	2
122848	14 Oct 25	19:32:00	1	0	60	0	Ct	0	0	0	0	2	2	1	1	5	0	1	2	1	0	2	1	1	1	2	0	1	0	1	1	2	1	2	2	2	0	0	3	2	1
122849	14 Oct 25	19:33:00	1	0	60	0	Ct	0	0	1	3	1	3	1	0	2	0	1	2	0	0	2	1	4	2	1	0	1	3	1	1	0	2	2	1	2	0	0	2	2	3
122850	14 Oct 25	19:34:00	1	0	60	0	Ct	0	0	1	4	0	2	5	2	1	1	2	1	4	2	2	2	1	2	1	0	1	1	6	2	3	2	1	2	1	0	0	3	1	1
122851	14 Oct 25	19:35:00	1	0	60	0	Ct	0	0	0	2	1	1	3	1	1	3	2	2	3	1	1	0	1	2	2	0	0	9	5	1	0	1	0	1	0	2	1	1	2	1
122852	14 Oct 25	19:36:00	1	0	60	0	Ct	0	0	0	2	3	0	1	1	1	3	2	1	1	0	3	3	0	2	1	0	1	1	1	3	0	2	1	1	2	4	1	0	1	1
122853	14 Oct 25	19:37:00	1	0	60	0	Ct	0	0	2	3	2	6	3	4	1	3	0	2	4	4	2	2	1	2	2	0	4	1	2	0	0	2	3	3	0	2	1	1	2	1
122854	14 Oct 25	19:38:00	1	0	60	0	Ct	0	0	0	3	1	0	2	1	0	3	2	1	1	4	3	3	2	3	0	0	1	1	6	1	0	1	3	2	2	3	2	1	2	4
122855	14 Oct 25	19:39:00	1	0	60	0	Ct	0	0	0	1	2	0	1	2	3	2	1	1	0	1	2	0	2	1	1	0	2	1	2	0	0	1	2	3	5	3	2	4	3	4
122856	14 Oct 25	19:40:00	1	0	60	0	Ct	0	0	1	2	1	0	3	0	0	2	4	4	1	2	2	1	0	0	0	0	1	2	3	1	3	3	1	3	7	2	2	1	2	4
122857	14 Oct 25	19:41:00	1	0	60	0	Ct	0	0	1	3	2	0	1	3	3	2	1	1	2	1	2	1	3	1	0	0	4	1	4	1	3	1	1	2	1	1	1	2	1	4
122858	14 Oct 25	19:42:00	1	0	60	0	Ct	0	0	0	3	2	0	3	0	0	2	2	2	2	5	0	2	0	2	2	0	2	2	6	3	2	2	1	3	3	1	5	1	2	2
122859	14 Oct 25	19:43:00	1	0	60	0	Ct	0	0	0	3	2	0	4	1	1	2	2	2	2	0	1	2	2	3	2	0	4	1	8	1	1	2	1	2	1	3	0	0	1	5
122860	14 Oct 25	19:44:00	1	0	60	0	Ct	0	0	1	2	2	0	1	1	2	3	1	2	0	1	1	0	3	3	3	0	2	3	2	2	0	2	1	0	1	1	0	0	0	1
122861	14 Oct 25	19:45:00	1	0	60	0	Ct	0	0	1	3	2	0	3	1	0	2	0	3	0	2	6	1	0	2	3	0	2	2	2	3	0	0	1	3	1	1	0	3	0	2
122862	14 Oct 25	19:46:00	1	0	60	0	Ct	0	0	0	4	2	0	1	0	7	2	2	2	0	1	0	2	0	3	0	0	1	3	4	1	1	1	2	2	1	2	0	1	1	1
122863	14 Oct 25	19:47:00	1	0	60	0	Ct	0	0	1	1	2	0	1	4	1	2	2	1	1	2	2	1	2	2	2	0	2	2	6	1	1	2	2	3	2	1	0	0	0	4
122864	14 Oct 25	19:48:00	1	0	60	0	Ct	0	0	2	2	3	0	3	3	1	3	0	0	1	0	2	1	0	2	2	0	1	1	4	1	1	1	1	2	1	0	0	1	1	2
122865	14 Oct 25	19:49:00	1	0	60	0	Ct	0	0	1	1	3	0	2	1	1	2	1	2	2	1	2	1	2	2	3	0	1	0	3	1	1	2	3	3	1	0	0	3	1	2
122866	14 Oct 25	19:50:00	1	0	60	0	Ct	0	0	3	2	2	2	1	5	2	1	1	2	2	2	2	3	1	1	1	0	2	0	2	1	0	1	2	3	1	2	0	2	0	6
122867	14 Oct 25	19:51:00	1	0	60	0	Ct	0	0	0	1	0	1	2	2	1	0	1	0	1	0	1	2	0	3	1	0	2	0	0	1	0	3	1	5	1	0	1	0	1	3
122868	14 Oct 25	19:52:00	1	0	60	0	Ct	0	0	0	1	2	1	0	1	3	1	1	0	0	2	1	0	0	2	0	0	1	2	0	1	0	2	2	2	11	0	2	1	2	6
122869	14 Oct 25	19:53:00	1	0	60	0	Ct	0	0	0	4	2	1	2	1	3	3	2	4	1	0	2	3	0	3	1	0	1	1	7	1	0	2	2	0	10	3	1	1	1	3
122870	14 Oct 25	19:54:00	1	0	60	0	Ct	0	0	0	3	1	0	2	4	2	1	0	2	1	0	2	1	0	3	1	0	2	3	2	1	5	2	4	2	1	1	1	0	1	5
122871	14 Oct 25	19:55:00	1	0	60	0	Ct	0	0	1	1	2	4	1	1	1	0	0	1	3	1	1	1	1	4	2	0	1	3	2	12	1	2	2	2	1	1	1	0	0	2
122872	14 Oct 25	19:56:00	1	0	60	0	Ct	0	0	1	1	0	0	2	1	1	0	2	2	2	0	1	2	1	2	2	0	1	1	3	7	2	2	1	3	0	3	1	0	1	2
122873	14 Oct 25	19:57:00	1	0	60	0	Ct	0	0	2	3	1	2	1	2	0	2	1	1	2	3	0	1	2	2	1	0	1	1	0	2	1	2	0	3	1	0	2	2	3	2
122874	14 Oct 25	19:58:00	1	0	60	0	Ct	0	0	2	0	3	1	2	0	3	1	1	4	1	0	0	2	5	1	2	0	3	1	2	1	1	2	2	1	6	1	1	5	2	3
122875	14 Oct 25	19:59:00	1	0	60	0	Ct	0	0	1	2	1	6	1	0	2	2	1	1	1	0	2	1	0	2	0	0	2	0	2	1	0	2	1	2	0	1	2	2	2	3
122876	14 Oct 25	20:00:00	1	0	60	0	Ct	0	0	0	2	1	0	1	0	1	3	0	0	1	0	1	10	0	2	0	0	2	3	2	1	2	2	2	2	2	1	0	2	1	2
122877	14 Oct 25	20:01:00	1	0	60	0	Ct	0	0	2	0	2	0	1	2	0	2	3	0	0	0	2	2	1	1	0	0	2	1	3	2	0	2	0	1	1	0	0	2	2	2
122878	14 Oct 25	20:02:00	1	0	60	0	Ct	0	0	0	4	2	2	2	0	0	3	2	0	0	0	2	1	3	1	1	0	3	1	2	1	0	2	2	3	0	1	1	2	0	3
122879	14 Oct 25	20:03:00	1	0	60	0	Ct	0	0	2	1	1	3	3	0	0	0	6	1	4	5	3	3	1	3	0	0	1	7	4	2	0	1	2	3	2	1	2	3	3	2
122880	14 Oct 25	20:04:00	1	0	60	0	Ct	0	0	2	3	0	2	2	2	12	0	1	0	1	2	1	1	3	3	0	0	1	3	2	3	0	10	2	1	1	1	1	0	3	1
122881	14 Oct 25	20:05:00	1	0	60	0	Ct	0	0	0	3	0	3	3	1	2	1	1	0	1	0	1	1	1	2	0	0	3	1	2	1	0	2	1	0	4	1	1	0	1	1
122882	14 Oct 25	20:06:00	1	0	60	0	Ct	0	0	0	2	1	0	2	2	3	2	1	3	4	2	1	1	1	2	1	0	2	1	1	0	3	4	0	2	2	1	1	0	1	2
122883	14 Oct 25	20:07:00	1	0	60	0	Ct	0	0	2	3	3	1	4	1	2	5	1	3	5	4	3	3	0	1	1	0	3	2	12	2	1	3	1	0	1	2	0	1	2	0
122884	14 Oct 25	20:08:00	1	0	60	0	Ct	0	0	0	0	2	0	2	2	3	2	1	2	0	3	5	2	1	1	3	0	2	2	7	2	3	1	1	2	2	2	0	2	2	2
122885	14 Oct 25	20:09:00	1	0	60	0	Ct	0	0	2	1	1	0	1	5	2	3	3	2	2	2	5	3	1	2	1	0	2	1	3	1	0	2	2	5	3	0	0	1	0	2
122886	14 Oct 25	20:10:00	1	0	60	0	Ct	0	0	0	1	1	0	2	5	1	3	3	2	2	6	5	2	0	1	4	0	3	1	1	1	4	2	3	2	2	1	0	2	1	2
122887	14 Oct 25	20:11:00	1	0	60	0	Ct	0	0	1	3	0	0	3	0	1	2	3	4	0	5	2	3	1	4	1	0	3	1	1	2	1	2	1	2	4	2	2	3	3	0
122888	14 Oct 25	20:12:00	1	0	60	0	Ct	0	0	1	3	0	0	2	0	1	3	2	2	1	2	4	2	1	2	1	0	2	2	3	1	2	3	1	2	1	1	1	2	3	2
122889	14 Oct 25	20:13:00	1	0	60	0	Ct	0	0	2	3	4	0	1	1	1	6	1	2	2	0	1	2	0	1	1	0	2	1	1	0	1	1	2	2	2	2	2	5	2	4
122890	14 Oct 25	20:14:00	1	0	60	0	Ct	0	0	2	4	3	0	2	2	0	2	3	4	2	0	2	1	1	2	2	0	0	6	1	1	4	2	3	2	0	4	2	5	0	2
122891	14 Oct 25	20:15:00	1	0	60	0	Ct	0	0	2	1	3	0	2	4	0	2	1	2	1	0	0	2	4	2	0	0	2	1	2	1	0	2	0	2	3	0	1	1	4	5
122892	14 Oct 25	20:16:00	1	0	60	0	Ct	0	0	0	4	0	0	0	1	0	2	2	1	0	1	2	1	1	3	1	0	2	1	4	2	2	1	1	2	2	1	0	1	2	0
122893	14 Oct 25	20:17:00	1	0	60	0	Ct	0	0	0	2	0	0	1	1	1	2	2	2	1	1	1	2	0	2	1	0	2	0	2	1	0	2	1	3	4	1	3	1	1	2
122894	14 Oct 25	20:18:00	1	0	60	0	Ct	0	0	2	1	2	0	2	1	2	3	2	0	2	1	4	2	0	2	2	0	3	4	2	1	1	2	2	0	1	2	1	1	1	1
122895	14 Oct 25	20:19:00	1	0	60	0	Ct	0	0	0	0	3	0	0	2	2	1	2	3	1	0	1	1	0	0	1	0	1	0	3	3	1	1	3	2	0	1	0	2	1	0
122896	14 Oct 25	20:20:00	1	0	60	0	Ct	0	0	0	2	2	6	3	2	3	0	1	0	4	2	2	1	5	2	2	0	2	4	1	1	1	2	1	3	9	1	1	1	1	1
122897	14 Oct 25	20:21:00	1	0	60	0	Ct	0	0	1	4	0	1	1	6	1	2	2	6	2	0	2	1	2	2	5	0	1	1	5	3	1	3	0	3	0	1	2	0	1	1
122898	14 Oct 25	20:22:00	1	0	60	0	Ct	0	0	1	1	8	1	2	1	2	1	0	0	1	4	1	3	0	2	1	0	1	1	1	1	0	3	2	2	0	2	1	3	0	1
122899	14 Oct 25	20:23:00	1	0	60	0	Ct	0	0	1	1	0	4	1	1	2	0	1	2	2	0	3	1	1	3	0	0	1	1	3	1	2	1	1	3	0	0	1	10	0	2
122900	14 Oct 25	20:24:00	1	0	60	0	Ct	0	0	1	2	4	2	2	4	1	0	2	1	5	3	1	1	1	2	1	0	2	1	4	1	2	1	1	2	0	0	1	6	1	2
122901	14 Oct 25	20:25:00	1	0	60	0	Ct	0	0	1	0	0	1	1	0	3	3	1	0	1	1	1	2	0	2	1	0	2	1	4	2	2	3	3	1	2	2	0	0	1	3
122902	14 Oct 25	20:26:00	1	0	60	0	Ct	0	0	3	1	0	0	1	3	1	1	1	2	4	0	2	1	0	6	4	0	1	0	2	1	1	3	1	0	3	0	0	0	1	0
122903	14 Oct 25	20:27:00	1	0	60	0	Ct	0	0	0	3	4	2	1	2	1	0	2	1	2	5	2	0	1	4	1	0	1	1	1	0	1	2	1	3	0	1	0	1	1	2
122904	14 Oct 25	20:28:00	1	0	60	0	Ct	0	0	0	3	4	0	2	6	2	2	3	1	0	58	0	0	0	4	0	0	3	2	1	4	1	3	1	3	0	1	0	2	1	1
122905	14 Oct 25	20:29:00	1	0	60	0	Ct	0	0	2	3	4	0	1	2	3	1	2	2	0	24	3	1	1	2	0	0	1	1	3	0	0	2	1	0	2	2	0	0	1	1
122906	14 Oct 25	20:30:00	1	0	60	0	Ct	0	0	0	3	5	3	2	0	1	0	0	3	1	1	2	1	3	2	2	0	3	0	1	2	0	2	4	2	2	1	0	4	0	1
122907	14 Oct 25	20:31:00	1	0	60	0	Ct	0	0	2	1	5	2	2	2	2	0	0	1	2	0	3	1	0	3	1	0	2	1	2	1	0	2	0	2	4	1	0	2	3	2
122908	14 Oct 25	20:32:00	1	0	60	0	Ct	0	0	3	3	3	2	2	3	1	3	2	2	2	3	2	3	1	4	4	0	3	1	1	2	0	0	0	0	2	1	1	3	1	2
122909	14 Oct 25	20:33:00	1	0	60	0	Ct	0	0	0	3	5	1	1	0	4	3	1	3	2	3	2	1	1	4	2	0	3	2	6	1	3	1	0	0	1	0	0	1	1	0
122910	14 Oct 25	20:34:00	1	0	60	0	Ct	0	0	0	2	2	0	1	0	1	5	2	2	2	0	0	0	5	3	1	0	3	2	0	1	1	2	1	1	3	1	1	0	2	2
122911	14 Oct 25	20:35:00	1	0	60	0	Ct	0	0	0	2	4	2	3	0	1	3	1	2	0	0	2	3	9	4	2	0	2	1	0	0	1	2	3	3	1	1	0	2	1	3
122912	14 Oct 25	20:36:00	1	0	60	0	Ct	0	0	2	4	2	0	1	0	1	0	2	2	0	0	3	2	1	3	1	0	7	1	0	0	0	3	1	1	3	0	1	0	1	0
122913	14 Oct 25	20:37:00	1	0	60	0	Ct	0	0	1	2	4	3	2	0	2	2	2	0	0	0	1	2	2	2	2	0	2	1	2	1	1	2	3	2	1	2	1	1	2	3
122914	14 Oct 25	20:38:00	1	0	60	0	Ct	0	0	1	3	3	3	2	4	1	3	2	2	0	0	2	1	4	2	1	0	2	1	2	2	2	2	2	3	0	1	1	1	2	5
122915	14 Oct 25	20:39:00	1	0	60	0	Ct	0	0	1	1	2	0	0	0	2	2	1	2	2	0	1	3	2	0	2	0	3	1	3	2	1	2	1	3	0	3	2	3	2	2
122916	14 Oct 25	20:40:00	1	0	60	0	Ct	0	0	1	2	4	0	1	2	3	2	1	2	0	0	0	2	1	2	3	0	3	1	0	0	6	2	1	3	0	1	1	2	1	2
122917	14 Oct 25	20:41:00	1	0	60	0	Ct	0	0	0	4	2	0	2	3	2	1	1	2	0	0	0	2	1	1	3	0	2	2	1	2	0	1	1	3	2	2	0	1	0	1
122918	14 Oct 25	20:42:00	1	0	60	0	Ct	0	0	0	2	1	0	2	4	1	0	0	4	0	6	3	1	1	3	2	0	0	1	0	2	1	1	0	1	2	1	0	3	2	2
122919	14 Oct 25	20:43:00	1	0	60	0	Ct	0	0	0	2	2	0	1	3	2	1	2	0	1	0	2	1	4	2	0	0	2	0	2	2	2	1	0	3	1	0	0	1	2	1
122920	14 Oct 25	20:44:00	1	0	60	0	Ct	0	0	1	1	2	0	5	1	1	1	0	2	1	3	1	1	1	3	0	0	2	1	2	2	3	0	1	1	1	4	1	2	1	3
122921	14 Oct 25	20:45:00	1	0	60	0	Ct	0	0	1	3	1	0	2	2	0	1	1	3	2	0	2	1	0	3	1	0	1	0	3	2	8	1	1	3	2	0	1	1	2	2
122922	14 Oct 25	20:46:00	1	0	60	0	Ct	0	0	1	3	3	0	3	1	0	2	2	2	1	3	2	3	1	1	0	0	1	1	3	3	4	3	1	1	1	0	0	1	1	2
122923	14 Oct 25	20:47:00	1	0	60	0	Ct	0	0	1	2	1	0	0	0	2	1	1	2	2	0	2	2	0	3	3	0	4	1	1	1	3	2	2	3	0	0	2	2	4	1
122924	14 Oct 25	20:48:00	1	0	60	0	Ct	0	0	0	2	1	0	1	2	0	3	2	2	1	0	2	1	1	2	0	0	2	2	4	3	3	0	1	0	1	0	3	0	0	1
122925	14 Oct 25	20:49:00	1	0	60	0	Ct	0	0	2	2	1	0	2	2	0	2	1	2	2	5	1	2	0	2	1	0	3	2	3	2	2	1	1	0	2	0	3	0	0	1
122926	14 Oct 25	20:50:00	1	0	60	0	Ct	0	0	1	2	3	0	1	2	0	2	1	2	2	1	1	3	1	3	2	0	1	2	2	0	3	2	2	2	3	0	0	4	0	2
122927	14 Oct 25	20:51:00	1	0	60	0	Ct	0	0	1	0	3	0	2	2	4	1	1	0	2	2	1	0	3	3	0	0	2	1	3	1	4	2	1	2	2	1	2	2	2	2
122928	14 Oct 25	20:52:00	1	0	60	0	Ct	0	0	1	2	1	0	1	2	1	3	2	3	0	0	2	3	4	3	3	0	3	1	5	1	4	3	1	2	1	1	4	1	1	0
122929	14 Oct 25	20:53:00	1	0	60	0	Ct	0	0	0	2	2	0	3	1	2	3	0	2	3	3	1	3	0	1	1	0	2	0	1	1	1	3	4	2	2	2	1	1	1	2
122930	14 Oct 25	20:54:00	1	0	60	0	Ct	0	0	1	1	3	0	1	0	1	0	2	2	1	0	1	0	4	2	2	0	2	3	1	7	3	3	4	0	1	12	3	1	1	1
122931	14 Oct 25	20:55:00	1	0	60	0	Ct	0	0	1	3	3	0	2	1	1	0	2	2	2	2	2	2	2	1	1	0	2	2	4	11	2	4	2	0	0	11	0	1	1	3
122932	14 Oct 25	20:56:00	1	0	60	0	Ct	0	0	1	1	2	0	7	2	1	0	2	3	1	3	3	2	1	2	1	0	1	1	4	3	2	3	1	0	2	2	2	2	2	2
122933	14 Oct 25	20:57:00	1	0	60	0	Ct	0	0	1	1	3	0	2	1	1	2	0	4	1	3	1	2	1	3	2	0	2	1	1	3	2	2	2	3	0	1	1	1	1	3
122934	14 Oct 25	20:58:00	1	0	60	0	Ct	0	0	0	2	2	0	1	1	0	2	1	2	1	9	3	1	0	2	2	0	1	1	8	7	2	3	1	2	2	1	0	6	1	0
122935	14 Oct 25	20:59:00	1	0	60	0	Ct	0	0	0	2	2	0	2	0	6	21	5	2	2	0	2	1	3	1	1	0	4	2	4	1	1	2	1	5	2	1	0	1	0	3
122936	14 Oct 25	21:00:00	1	0	60	0	Ct	0	0	2	1	3	0	3	0	2	4	0	2	2	1	1	1	1	4	2	0	2	0	4	3	3	3	1	2	1	0	0	4	0	1
122937	14 Oct 25	21:01:00	1	0	60	0	Ct	0	0	1	3	2	1	2	0	0	2	2	3	1	1	3	2	1	0	2	0	4	2	1	1	2	1	1	3	0	1	0	2	3	1
122938	14 Oct 25	21:02:00	1	0	60	0	Ct	0	0	0	1	0	2	1	0	0	3	1	2	1	1	1	0	1	3	1	0	3	1	3	1	0	3	8	2	1	2	0	1	2	2
122939	14 Oct 25	21:03:00	1	0	60	0	Ct	0	0	1	3	3	0	4	2	2	0	1	0	0	1	1	2	1	3	1	0	3	4	1	1	0	2	1	10	0	2	0	7	0	2
122940	14 Oct 25	21:04:00	1	0	60	0	Ct	0	0	0	2	2	2	2	0	0	0	1	1	0	0	0	1	0	3	1	0	1	1	2	1	0	3	1	3	0	2	1	1	0	1
122941	14 Oct 25	21:05:00	1	0	60	0	Ct	0	0	1	3	3	0	2	2	2	0	0	2	1	0	0	2	0	2	1	0	1	1	1	4	0	2	2	2	1	1	3	4	1	1
122942	14 Oct 25	21:06:00	1	0	60	0	Ct	0	0	2	2	2	3	1	4	1	0	1	1	1	1	4	2	0	1	2	0	3	1	0	4	2	14	1	3	2	1	7	2	3	1
122943	14 Oct 25	21:07:00	1	0	60	0	Ct	0	0	1	2	2	2	2	0	3	0	1	4	2	1	2	0	1	2	1	0	1	3	2	1	2	2	1	3	0	2	0	2	1	2
122944	14 Oct 25	21:08:00	1	0	60	0	Ct	0	0	1	3	2	3	2	3	1	2	3	1	2	2	5	0	1	3	1	0	3	1	0	1	1	2	1	5	2	0	5	0	2	1
122945	14 Oct 25	21:09:00	1	0	60	0	Ct	0	0	1	2	2	1	1	1	2	2	1	3	1	1	1	0	2	1	1	0	2	1	5	1	3	3	2	2	2	1	0	4	3	2
122946	14 Oct 25	21:10:00	1	0	60	0	Ct	0	0	2	3	0	1	1	1	1	1	2	8	1	1	2	4	0	3	1	0	5	1	3	3	2	2	1	3	2	4	0	2	0	1
122947	14 Oct 25	21:11:00	1	0	60	0	Ct	0	0	0	3	1	2	3	0	1	3	4	1	1	2	1	0	1	2	0	0	3	1	1	1	1	2	0	2	2	1	1	2	0	2
122948	14 Oct 25	21:12:00	1	0	60	0	Ct	0	0	2	3	2	0	1	5	3	3	2	3	1	2	3	2	1	0	2	0	3	2	5	4	0	2	0	3	2	0	4	0	0	4
122949	14 Oct 25	21:13:00	1	0	60	0	Ct	0	0	1	4	1	3	1	4	1	3	2	3	1	3	1	0	0	1	1	0	3	1	2	3	2	3	3	2	1	11	1	3	0	0
122950	14 Oct 25	21:14:00	1	0	60	0	Ct	0	0	1	2	2	3	2	2	1	2	0	1	2	1	2	1	0	3	2	0	3	1	7	2	3	1	1	0	0	1	1	1	2	0
122951	14 Oct 25	21:15:00	1	0	60	0	Ct	0	0	3	3	2	2	4	1	1	3	0	1	2	1	1	1	0	2	2	0	4	3	2	4	2	3	0	3	0	2	0	0	1	0
122952	14 Oct 25	21:16:00	1	0	60	0	Ct	0	0	0	6	4	2	2	1	1	2	0	1	2	0	2	1	1	1	1	0	2	0	3	0	0	2	2	2	2	1	1	1	3	2
122953	14 Oct 25	21:17:00	1	0	60	0	Ct	0	0	2	4	2	1	2	3	2	1	0	5	2	1	2	0	1	2	1	0	3	2	3	1	0	3	1	1	1	2	2	2	1	0
122954	14 Oct 25	21:18:00	1	0	60	0	Ct	0	0	1	4	1	0	1	2	1	1	2	5	3	2	1	1	2	3	1	0	2	2	1	3	0	3	2	0	2	1	1	3	0	2
122955	14 Oct 25	21:19:00	1	0	60	0	Ct	0	0	2	2	3	14	0	0	2	0	4	1	1	3	3	1	1	2	1	0	0	1	0	2	0	1	3	2	1	1	1	1	2	1
122956	14 Oct 25	21:20:00	1	0	60	0	Ct	0	0	2	2	2	4	2	2	3	4	1	3	3	1	1	2	1	2	1	0	2	2	0	1	0	3	4	3	3	0	1	0	2	0
122957	14 Oct 25	21:21:00	1	0	60	0	Ct	0	0	0	4	1	0	2	0	1	2	3	4	2	0	1	14	4	2	0	0	3	1	0	1	0	4	1	2	2	2	0	0	1	1
122958	14 Oct 25	21:22:00	1	0	60	0	Ct	0	0	1	2	3	3	2	0	1	1	2	1	3	2	2	6	0	2	2	0	2	1	2	2	2	2	2	3	1	2	1	1	0	0
122959	14 Oct 25	21:23:00	1	0	60	0	Ct	0	0	2	0	3	3	1	3	0	0	0	0	4	2	2	4	8	1	2	0	5	1	5	0	0	1	4	2	0	0	2	2	2	1
122960	14 Oct 25	21:24:00	1	0	60	0	Ct	0	0	1	4	3	1	2	3	5	0	0	0	1	1	2	2	1	1	2	0	3	1	6	1	0	2	2	3	2	1	1	1	2	3
122961	14 Oct 25	21:25:00	1	0	60	0	Ct	0	0	7	3	3	5	1	1	5	0	0	0	1	3	2	3	0	1	1	0	1	1	3	3	2	2	2	4	1	0	1	2	1	0
122962	14 Oct 25	21:26:00	1	0	60	0	Ct	0	0	0	3	3	2	1	1	2	0	2	1	1	2	1	2	2	3	1	0	3	2	4	2	2	3	4	3	1	4	0	2	2	2
122963	14 Oct 25	21:27:00	1	0	60	0	Ct	0	0	3	4	2	7	3	1	2	2	3	1	2	1	2	2	1	2	2	0	3	4	9	0	2	2	1	6	2	1	5	0	5	2
122964	14 Oct 25	21:28:00	1	0	60	0	Ct	0	0	1	3	1	2	1	3	2	2	1	3	1	2	4	2	4	4	2	0	4	2	1	3	2	2	2	3	1	2	1	2	0	7
122965	14 Oct 25	21:29:00	1	0	60	0	Ct	0	0	0	3	3	1	0	0	2	2	2	4	0	1	2	1	3	4	0	0	1	5	2	2	1	2	1	1	3	0	2	2	2	2
122966	14 Oct 25	21:30:00	1	0	60	0	Ct	0	0	1	2	2	1	1	1	4	3	2	2	1	1	1	1	0	3	2	0	1	3	0	2	2	3	1	3	3	2	0	1	1	2
122967	14 Oct 25	21:31:00	1	0	60	0	Ct	0	0	0	3	2	3	3	2	0	2	1	3	1	0	2	2	1	2	1	0	3	3	0	1	2	2	0	4	2	2	2	1	0	1
122968	14 Oct 25	21:32:00	1	0	60	0	Ct	0	0	2	2	2	1	1	1	2	3	2	2	0	2	2	2	3	3	3	0	2	3	1	3	3	2	0	2	2	1	3	1	0	1
122969	14 Oct 25	21:33:00	1	0	60	0	Ct	0	0	0	4	1	2	2	0	0	2	1	4	1	1	5	1	0	2	1	0	4	1	3	1	0	2	2	3	3	1	2	2	1	2
122970	14 Oct 25	21:34:00	1	0	60	0	Ct	0	0	0	3	0	1	7	2	1	2	2	2	5	2	2	2	0	2	1	0	3	2	3	1	0	3	2	0	2	2	1	1	4	3
122971	14 Oct 25	21:35:00	1	0	60	0	Ct	0	0	1	3	3	2	1	2	1	3	2	3	1	0	1	1	0	3	2	0	4	1	7	0	0	2	2	0	1	3	0	2	3	3
122972	14 Oct 25	21:36:00	1	0	60	0	Ct	0	0	1	1	2	2	3	2	1	1	2	3	2	0	1	1	2	3	1	0	4	1	0	1	0	2	2	0	2	0	0	1	1	3
122973	14 Oct 25	21:37:00	1	0	60	0	Ct	0	0	1	0	1	3	2	1	0	2	1	3	2	1	1	2	1	1	3	0	4	3	1	0	1	3	0	0	3	1	0	3	4	0
122974	14 Oct 25	21:38:00	1	0	60	0	Ct	0	0	1	1	3	2	3	2	3	0	3	3	2	2	1	5	2	0	3	0	3	1	7	1	4	1	1	0	5	1	0	4	1	2
122975	14 Oct 25	21:39:00	1	0	60	0	Ct	0	0	1	1	0	3	1	3	3	0	2	3	2	1	2	2	1	5	1	0	4	2	3	1	2	2	1	3	3	2	0	1	0	4
122976	14 Oct 25	21:40:00	1	0	60	0	Ct	0	0	2	0	1	1	4	1	1	0	0	1	3	2	3	1	2	3	1	0	1	3	1	3	7	2	1	4	2	1	2	2	0	3
122977	14 Oct 25	21:41:00	1	0	60	0	Ct	0	0	0	3	2	2	2	4	2	0	2	6	6	1	2	1	1	3	2	0	2	2	4	2	1	2	0	3	2	0	2	1	8	2
122978	14 Oct 25	21:42:00	1	0	60	0	Ct	0	0	2	2	2	3	2	1	1	0	2	3	1	1	3	1	1	2	2	0	5	1	4	3	0	3	0	6	2	0	1	2	3	1
122979	14 Oct 25	21:43:00	1	0	60	0	Ct	0	0	0	3	1	2	2	2	1	1	0	3	1	0	1	2	1	1	3	0	1	1	6	2	0	4	0	2	1	0	2	0	0	3
122980	14 Oct 25	21:44:00	1	0	60	0	Ct	0	0	0	2	6	5	1	1	1	2	0	3	1	3	3	2	0	2	2	0	5	0	11	2	1	3	0	2	1	2	1	0	4	1
122981	14 Oct 25	21:45:00	1	0	60	0	Ct	0	0	0	2	3	0	5	0	1	3	1	2	0	1	3	1	1	3	1	0	2	4	9	1	2	2	3	3	0	3	0	0	0	1
122982	14 Oct 25	21:46:00	1	0	60	0	Ct	0	0	0	3	4	0	2	2	1	0	2	2	4	2	2	1	0	3	2	0	3	1	1	1	1	5	2	6	0	1	0	1	0	2
122983	14 Oct 25	21:47:00	1	0	60	0	Ct	0	0	0	1	8	0	3	1	2	1	3	0	6	8	2	3	0	4	1	0	4	2	2	2	0	3	1	2	1	1	0	3	0	1
122984	14 Oct 25	21:48:00	1	0	60	0	Ct	0	0	1	2	2	0	1	0	1	3	1	1	1	2	1	2	2	3	2	0	4	1	2	2	0	3	3	4	1	1	0	1	0	6
122985	14 Oct 25	21:49:00	1	0	60	0	Ct	0	0	1	1	3	0	2	0	0	3	3	3	0	2	1	3	1	3	2	0	2	4	19	1	0	3	2	3	1	1	2	4	0	1
122986	14 Oct 25	21:50:00	1	0	60	0	Ct	0	0	0	2	3	0	2	0	1	0	3	4	2	1	3	3	1	3	3	0	4	1	9	1	2	4	3	9	1	1	0	1	0	0
122987	14 Oct 25	21:51:00	1	0	60	0	Ct	0	0	3	2	3	4	2	0	1	1	0	2	1	0	1	1	0	3	0	0	2	1	3	1	2	3	1	4	2	2	0	2	1	1
122988	14 Oct 25	21:52:00	1	0	60	0	Ct	0	0	1	4	2	0	2	1	1	2	2	3	2	0	0	2	4	3	1	0	2	2	2	2	2	2	1	4	0	1	0	1	3	1
122989	14 Oct 25	21:53:00	1	0	60	0	Ct	0	0	1	3	2	1	2	0	2	3	3	1	0	2	0	4	2	4	1	0	4	1	1	2	1	3	1	2	1	4	1	3	1	1
122990	14 Oct 25	21:54:00	1	0	60	0	Ct	0	0	2	1	3	4	2	0	1	2	0	2	1	0	1	1	1	2	6	0	3	1	0	2	0	2	2	4	2	0	1	2	1	3
122991	14 Oct 25	21:55:00	1	0	60	0	Ct	0	0	1	1	2	0	5	2	1	0	2	2	2	0	1	1	1	3	2	0	3	1	2	1	3	3	3	4	0	2	1	1	2	1
122992	14 Oct 25	21:56:00	1	0	60	0	Ct	0	0	2	0	2	7	1	0	0	0	2	3	1	2	0	2	1	0	2	0	5	1	1	2	0	3	1	3	0	2	3	2	1	2
122993	14 Oct 25	21:57:00	1	0	60	0	Ct	0	0	2	1	5	2	3	2	1	2	1	3	1	1	2	2	0	5	2	0	3	2	2	3	0	1	2	4	0	1	1	3	0	0
122994	14 Oct 25	21:58:00	1	0	60	0	Ct	0	0	2	2	3	1	1	2	3	2	2	0	2	3	1	1	0	0	2	0	4	1	1	1	2	2	5	4	0	0	1	3	1	2
122995	14 Oct 25	21:59:00	1	0	60	0	Ct	0	0	1	0	2	0	3	0	1	3	2	3	0	1	1	1	0	0	1	0	3	3	2	1	0	2	2	0	1	1	1	1	1	3
122996	14 Oct 25	22:00:00	1	0	60	0	Ct	0	0	1	3	1	0	2	2	2	2	2	4	3	2	3	0	2	0	2	0	3	1	2	1	0	1	1	5	2	1	0	4	1	2
122997	14 Oct 25	22:01:00	1	0	60	0	Ct	0	0	2	3	3	1	2	2	1	3	2	1	1	1	3	2	1	4	1	0	1	1	2	1	0	4	4	3	1	1	1	3	1	3
122998	14 Oct 25	22:02:00	1	0	60	0	Ct	0	0	1	2	5	1	2	2	1	3	0	1	1	3	3	2	1	4	0	0	1	2	4	1	0	6	2	3	2	0	1	1	1	1
122999	14 Oct 25	22:03:00	1	0	60	0	Ct	0	0	0	2	3	0	2	1	0	1	1	2	4	1	1	0	2	4	1	0	2	0	5	1	3	2	1	1	2	1	0	2	1	1
123000	14 Oct 25	22:04:00	1	0	60	0	Ct	0	0	0	1	3	0	1	0	3	0	3	1	1	2	4	1	1	1	2	0	2	0	10	1	1	2	1	0	2	0	2	1	3	2
123001	14 Oct 25	22:05:00	1	0	60	0	Ct	0	0	1	1	2	2	2	0	2	0	2	0	2	1	2	1	1	3	0	0	3	2	1	1	2	2	1	1	3	1	0	3	0	2
123002	14 Oct 25	22:06:00	1	0	60	0	Ct	0	0	1	3	3	3	1	0	1	1	3	0	1	1	1	3	1	3	2	0	0	1	4	3	2	2	3	5	2	1	0	1	2	3
123003	14 Oct 25	22:07:00	1	0	60	0	Ct	0	0	1	1	3	2	8	2	1	2	2	3	1	2	3	1	2	1	2	0	2	1	3	3	0	4	1	2	2	1	2	0	0	0
123004	14 Oct 25	22:08:00	1	0	60	0	Ct	0	0	1	2	0	0	3	4	2	4	4	3	0	1	2	1	0	4	0	0	3	4	3	2	0	2	2	3	2	1	0	1	1	0
123005	14 Oct 25	22:09:00	1	0	60	0	Ct	0	0	1	1	5	0	2	0	2	2	2	3	0	1	2	1	1	1	0	0	2	1	2	2	0	1	2	4	1	2	2	3	1	3
123006	14 Oct 25	22:10:00	1	0	60	0	Ct	0	0	0	0	3	1	2	2	2	0	2	4	0	0	4	3	1	2	0	0	3	1	5	1	0	3	1	4	2	0	1	0	2	1
123007	14 Oct 25	22:11:00	1	0	60	0	Ct	0	0	2	2	3	4	1	3	1	0	3	2	2	1	0	1	1	2	0	0	3	0	3	2	0	0	4	2	0	2	0	0	1	2
123008	14 Oct 25	22:12:00	1	0	60	0	Ct	0	0	1	2	2	3	1	1	1	0	3	2	5	4	2	3	3	3	1	0	2	2	12	3	0	3	2	3	2	1	0	1	1	1
123009	14 Oct 25	22:13:00	1	0	60	0	Ct	0	0	2	2	3	4	13	1	3	0	2	4	2	1	2	1	0	3	3	0	3	1	0	1	0	3	2	2	0	2	1	2	2	6
123010	14 Oct 25	22:14:00	1	0	60	0	Ct	0	0	2	2	3	0	2	9	2	0	1	3	4	1	1	3	1	14	1	0	3	4	3	2	3	0	1	2	1	1	1	3	2	2
123011	14 Oct 25	22:15:00	1	0	60	0	Ct	0	0	1	3	2	1	3	3	2	1	2	4	3	0	3	1	2	3	2	0	3	1	0	2	3	3	0	2	2	1	2	1	0	4
123012	14 Oct 25	22:16:00	1	0	60	0	Ct	0	0	0	2	5	0	2	1	0	2	1	3	1	1	3	1	0	3	1	0	3	2	0	1	2	2	1	3	1	1	0	2	0	3
123013	14 Oct 25	22:17:00	1	0	60	0	Ct	0	0	0	3	5	5	2	0	1	2	2	2	2	1	2	1	5	3	1	0	3	1	4	0	2	3	1	3	0	3	1	3	0	1
123014	14 Oct 25	22:18:00	1	0	60	0	Ct	0	0	0	0	1	1	0	2	2	1	4	1	2	1	4	3	1	3	2	0	2	1	4	0	4	0	3	5	0	0	2	3	0	3
123015	14 Oct 25	22:19:00	1	0	60	0	Ct	0	0	1	1	7	1	2	3	2	0	2	2	2	1	1	3	0	3	2	0	2	2	4	1	4	1	2	2	2	2	0	2	0	0
123016	14 Oct 25	22:20:00	1	0	60	0	Ct	0	0	1	1	2	3	1	1	0	0	2	0	1	2	3	1	0	6	1	0	4	1	7	4	2	4	3	2	4	2	2	5	2	3
123017	14 Oct 25	22:21:00	1	0	60	0	Ct	0	0	0	2	2	0	5	5	3	0	1	0	2	1	2	1	1	3	0	0	1	2	0	1	2	3	0	2	2	2	0	1	4	1
123018	14 Oct 25	22:22:00	1	0	60	0	Ct	0	0	3	3	3	1	2	1	1	2	2	3	1	1	2	2	3	1	2	0	2	1	2	0	2	2	1	2	2	0	1	2	2	2
123019	14 Oct 25	22:23:00	1	0	60	0	Ct	0	0	2	1	3	0	0	2	2	3	0	11	2	2	1	1	0	5	0	0	4	1	2	1	3	3	1	3	3	1	1	1	0	2
123020	14 Oct 25	22:24:00	1	0	60	0	Ct	0	0	4	2	2	2	2	2	1	2	1	3	1	0	0	4	2	2	2	0	4	1	1	2	2	2	1	2	2	1	0	4	3	0
123021	14 Oct 25	22:25:00	1	0	60	0	Ct	0	0	2	1	2	0	2	2	3	2	1	3	1	3	0	2	2	0	1	0	4	2	2	1	3	2	2	0	2	1	1	0	1	3
123022	14 Oct 25	22:26:00	1	0	60	0	Ct	0	0	2	0	3	0	1	1	2	3	3	3	2	0	0	1	1	3	1	0	3	2	7	1	3	2	2	2	4	1	1	0	1	0
123023	14 Oct 25	22:27:00	1	0	60	0	Ct	0	0	1	1	0	0	2	1	1	0	0	2	3	1	0	4	1	1	3	0	4	0	6	2	2	3	3	2	3	0	0	2	2	0
123024	14 Oct 25	22:28:00	1	0	60	0	Ct	0	0	0	3	0	0	2	0	1	0	2	1	1	1	0	5	0	0	3	0	3	4	4	5	2	2	2	0	1	0	0	4	0	4
123025	14 Oct 25	22:29:00	1	0	60	0	Ct	0	0	1	0	2	0	14	1	1	2	2	1	3	1	0	2	0	6	1	0	3	1	4	1	3	1	4	0	2	0	0	3	2	3
123026	14 Oct 25	22:30:00	1	0	60	0	Ct	0	0	1	2	1	0	3	1	1	3	3	3	1	0	1	1	1	2	0	0	2	1	6	1	0	3	1	0	0	0	2	4	2	3
123027	14 Oct 25	22:31:00	1	0	60	0	Ct	0	0	2	2	2	0	5	1	1	2	1	1	1	1	2	0	0	2	1	0	4	1	5	3	2	2	1	0	1	0	1	3	5	3
123028	14 Oct 25	22:32:00	1	0	60	0	Ct	0	0	3	1	3	0	3	0	9	0	2	1	0	1	2	1	1	3	3	0	3	0	1	0	1	3	1	0	2	3	0	1	0	4
123029	14 Oct 25	22:33:00	1	0	60	0	Ct	0	0	1	2	1	0	1	5	1	0	3	2	0	1	2	2	0	2	0	0	3	1	2	3	3	1	1	0	2	2	0	1	3	0
123030	14 Oct 25	22:34:00	1	0	60	0	Ct	0	0	2	2	2	8	2	6	1	3	5	3	3	2	3	2	1	1	0	0	3	2	3	1	3	2	2	2	1	2	1	2	2	2
123031	14 Oct 25	22:35:00	1	0	60	0	Ct	0	0	0	1	3	1	3	5	3	4	3	3	3	3	1	3	3	0	0	0	4	1	1	1	1	2	1	4	6	1	1	2	0	2
123032	14 Oct 25	22:36:00	1	0	60	0	Ct	0	0	1	2	2	7	1	0	1	4	1	1	1	2	3	1	0	0	2	0	3	1	1	2	3	2	2	4	1	1	0	2	2	5
123033	14 Oct 25	22:37:00	1	0	60	0	Ct	0	0	0	0	3	0	1	3	1	3	4	0	2	0	2	2	0	0	2	0	3	1	5	1	2	3	5	4	2	2	2	1	1	1
123034	14 Oct 25	22:38:00	1	0	60	0	Ct	0	0	1	1	2	3	2	3	1	1	4	2	1	0	1	0	1	2	2	0	3	1	1	1	3	3	2	3	0	4	0	2	3	1
123035	14 Oct 25	22:39:00	1	0	60	0	Ct	0	0	0	3	1	2	1	2	1	0	1	2	1	2	4	1	1	1	2	0	4	1	6	1	0	2	1	3	0	0	1	3	3	2
123036	14 Oct 25	22:40:00	1	0	60	0	Ct	0	0	2	3	0	2	1	11	0	2	2	3	1	3	1	6	0	0	1	0	3	2	5	1	0	3	1	4	1	2	2	5	2	3
123037	14 Oct 25	22:41:00	1	0	60	0	Ct	0	0	0	2	0	1	3	5	3	2	2	2	1	2	1	3	0	1	1	0	4	0	0	1	1	3	4	2	4	3	2	3	2	2
123038	14 Oct 25	22:42:00	1	0	60	0	Ct	0	0	0	2	1	0	2	2	3	2	1	2	1	0	3	3	1	3	2	0	3	0	0	1	2	2	2	2	1	1	0	4	0	0
123039	14 Oct 25	22:43:00	1	0	60	0	Ct	0	0	0	0	1	1	3	4	3	2	3	2	2	2	3	2	2	0	1	0	3	4	5	1	1	2	2	1	3	1	2	1	2	2
123040	14 Oct 25	22:44:00	1	0	60	0	Ct	0	0	0	0	2	2	2	2	3	0	1	4	1	3	2	3	2	0	2	0	1	20	2	2	3	2	1	0	5	1	1	3	1	0
123041	14 Oct 25	22:45:00	1	0	60	0	Ct	0	0	0	1	0	3	2	1	1	0	0	2	0	1	2	2	1	0	1	0	2	11	2	1	2	2	1	1	2	2	2	3	0	3
123042	14 Oct 25	22:46:00	1	0	60	0	Ct	0	0	0	2	0	10	2	0	3	2	1	3	1	3	3	2	2	0	3	0	2	0	2	2	0	2	6	6	2	1	1	3	1	3
123043	14 Oct 25	22:47:00	1	0	60	0	Ct	0	0	0	2	0	4	4	12	2	0	2	1	2	2	2	1	2	0	2	0	2	2	2	3	0	2	0	2	0	0	0	3	2	2
123044	14 Oct 25	22:48:00	1	0	60	0	Ct	0	0	2	3	2	5	3	7	2	0	3	1	1	4	2	2	1	0	1	0	1	0	4	0	0	2	2	3	3	2	1	1	1	1
123045	14 Oct 25	22:49:00	1	0	60	0	Ct	0	0	0	1	0	1	0	1	2	0	3	1	2	1	3	3	0	0	1	0	5	1	5	2	1	1	2	2	1	2	1	0	0	1
123046	14 Oct 25	22:50:00	1	0	60	0	Ct	0	0	4	3	0	2	0	4	3	0	2	0	0	1	1	0	3	2	2	0	3	1	0	1	3	3	2	6	2	2	0	0	0	2
123047	14 Oct 25	22:51:00	1	0	60	0	Ct	0	0	1	0	0	2	3	6	1	0	2	0	4	0	3	2	0	1	1	0	3	1	3	1	0	0	2	2	1	0	0	3	2	0
123048	14 Oct 25	22:52:00	1	0	60	0	Ct	0	0	3	2	0	2	1	1	6	0	2	2	4	8	3	0	1	4	3	0	4	2	2	1	0	2	5	2	2	0	0	2	0	0
123049	14 Oct 25	22:53:00	1	0	60	0	Ct	0	0	1	1	0	12	2	2	2	1	3	1	0	1	2	0	0	0	1	0	4	0	2	2	0	3	3	3	2	2	1	1	5	1
123050	14 Oct 25	22:54:00	1	0	60	0	Ct	0	0	0	2	0	6	3	1	4	0	2	2	1	0	2	1	0	2	1	0	3	1	4	2	0	2	0	6	1	2	1	2	2	3
123051	14 Oct 25	22:55:00	1	0	60	0	Ct	0	0	0	1	0	13	1	4	3	0	1	2	1	0	5	6	0	0	1	0	3	2	2	2	0	1	2	2	2	1	0	3	0	2
123052	14 Oct 25	22:56:00	1	0	60	0	Ct	0	0	0	0	0	10	2	0	0	0	0	2	1	3	2	1	1	0	1	0	3	0	1	2	0	2	1	3	0	1	0	4	0	4
123053	14 Oct 25	22:57:00	1	0	60	0	Ct	0	0	2	0	2	12	2	2	1	0	3	3	2	1	2	1	0	0	1	0	3	1	2	3	1	1	2	0	1	2	2	1	2	2
123054	14 Oct 25	22:58:00	1	0	60	0	Ct	0	0	0	0	0	13	1	1	3	0	1	1	2	2	2	3	1	0	1	0	3	19	4	1	3	2	4	1	2	1	0	0	0	1
123055	14 Oct 25	22:59:00	1	0	60	0	Ct	0	0	1	2	0	19	2	1	0	0	3	2	2	2	1	2	0	0	1	0	1	18	3	2	3	2	0	2	2	1	3	2	2	1
123056	14 Oct 25	23:00:00	1	0	60	0	Ct	0	0	1	6	0	4	1	1	3	2	0	1	2	3	2	2	1	3	2	0	2	11	3	0	3	1	2	1	1	1	1	1	2	0
123057	14 Oct 25	23:01:00	1	0	60	0	Ct	0	0	0	3	1	12	2	2	0	0	2	0	2	1	2	1	0	1	1	0	1	0	1	1	3	2	2	4	3	0	0	3	0	0
123058	14 Oct 25	23:02:00	1	0	60	0	Ct	0	0	3	2	1	15	2	0	0	6	2	2	4	2	0	1	0	0	1	0	4	0	3	3	1	1	2	3	0	0	2	2	3	2
123059	14 Oct 25	23:03:00	1	0	60	0	Ct	0	0	0	3	0	34	2	0	0	0	2	4	1	0	3	1	0	1	2	0	2	0	2	3	0	2	2	3	0	0	1	2	1	1
123060	14 Oct 25	23:04:00	1	0	60	0	Ct	0	0	0	1	0	19	3	0	0	0	1	1	1	2	1	1	0	0	1	0	3	0	2	1	2	2	1	3	0	3	2	0	1	0
123061	14 Oct 25	23:05:00	1	0	60	0	Ct	0	0	1	2	0	9	3	2	0	0	3	1	1	4	1	15	0	0	1	0	2	1	4	2	0	0	2	2	0	1	2	0	2	1
123062	14 Oct 25	23:06:00	1	0	60	0	Ct	0	0	1	4	0	5	1	1	0	0	1	1	1	0	0	3	0	2	2	0	12	1	4	1	0	2	5	2	0	0	0	1	0	2
123063	14 Oct 25	23:07:00	1	0	60	0	Ct	0	0	0	2	0	1	1	5	0	0	3	1	2	1	2	1	0	0	0	0	3	2	0	2	0	2	3	3	2	1	1	2	1	0
123064	14 Oct 25	23:08:00	1	0	60	0	Ct	0	0	0	2	0	5	1	2	0	0	3	2	3	1	2	2	0	3	2	0	3	1	4	2	1	1	1	2	1	3	1	3	1	1
123065	14 Oct 25	23:09:00	1	0	60	0	Ct	0	0	1	2	1	2	3	1	0	0	4	1	0	0	2	2	0	0	1	0	3	0	9	2	0	2	1	8	2	0	1	0	0	0
123066	14 Oct 25	23:10:00	1	0	60	0	Ct	0	0	6	2	0	5	2	1	0	0	4	2	0	2	2	1	0	0	0	0	3	0	2	2	1	3	5	1	0	0	2	2	1	3
123067	14 Oct 25	23:11:00	1	0	60	0	Ct	0	0	0	1	0	6	1	3	0	0	3	4	0	2	1	3	0	0	0	0	2	2	5	1	1	2	1	4	2	2	0	3	1	3
123068	14 Oct 25	23:12:00	1	0	60	0	Ct	0	0	0	2	2	2	1	1	0	0	3	0	0	2	4	9	2	0	0	0	3	0	2	0	0	3	1	1	2	0	0	3	4	2
123069	14 Oct 25	23:13:00	1	0	60	0	Ct	0	0	0	1	1	0	2	1	0	0	3	8	1	2	1	2	0	0	2	0	4	0	2	0	3	3	1	1	7	0	1	1	1	3
123070	14 Oct 25	23:14:00	1	0	60	0	Ct	0	0	0	1	0	3	1	1	0	0	2	11	1	2	1	1	0	0	1	0	3	3	3	0	1	2	2	2	4	1	0	5	2	0
123071	14 Oct 25	23:15:00	1	0	60	0	Ct	0	0	0	2	0	6	1	1	0	0	2	0	4	1	1	0	2	0	3	0	3	0	2	2	2	2	0	3	3	1	0	1	1	1
123072	14 Oct 25	23:16:00	1	0	60	0	Ct	0	0	0	0	0	2	1	0	0	0	2	1	1	1	1	2	2	0	0	0	2	2	5	0	1	2	0	3	3	2	0	1	2	2
123073	14 Oct 25	23:17:00	1	0	60	0	Ct	0	0	2	0	1	0	0	0	0	0	3	3	1	3	0	1	0	0	0	0	2	0	0	3	0	2	2	3	3	1	0	1	1	1
123074	14 Oct 25	23:18:00	1	0	60	0	Ct	0	0	0	0	2	1	2	1	0	0	1	2	20	2	3	1	0	0	0	0	0	0	0	3	0	2	0	3	1	1	1	2	1	1
123075	14 Oct 25	23:19:00	1	0	60	0	Ct	0	0	0	0	2	1	3	1	0	0	1	2	20	4	2	1	0	2	2	0	3	0	5	3	0	2	6	3	2	1	2	2	1	2
123076	14 Oct 25	23:20:00	1	0	60	0	Ct	0	0	0	0	0	0	0	6	0	0	2	1	4	2	3	2	1	3	0	0	2	0	0	4	1	2	4	2	5	1	2	1	0	0
123077	14 Oct 25	23:21:00	1	0	60	0	Ct	0	0	0	0	0	0	1	1	0	0	3	2	1	2	2	0	1	2	2	0	2	0	1	3	2	2	2	3	3	4	0	1	2	3
123078	14 Oct 25	23:22:00	1	0	60	0	Ct	0	0	0	3	0	4	3	2	0	0	2	1	2	6	2	2	0	4	1	0	3	0	7	3	1	2	2	3	1	0	0	1	0	3
123079	14 Oct 25	23:23:00	1	0	60	0	Ct	0	0	1	1	0	2	3	0	0	0	1	3	2	4	3	2	0	3	2	0	1	0	0	3	0	2	9	2	5	0	6	0	1	1
123080	14 Oct 25	23:24:00	1	0	60	0	Ct	0	0	1	2	2	0	2	2	0	0	3	1	2	1	2	1	0	0	0	0	1	2	3	2	1	2	0	1	3	0	0	2	1	0
123081	14 Oct 25	23:25:00	1	0	60	0	Ct	0	0	0	2	0	1	2	0	0	0	4	2	0	3	2	1	0	0	2	0	4	0	1	6	1	3	2	3	1	0	2	4	2	2
123082	14 Oct 25	23:26:00	1	0	60	0	Ct	0	0	0	3	2	2	0	1	0	0	4	1	1	1	0	1	0	0	2	0	3	0	2	3	1	2	2	6	1	1	0	2	1	2
123083	14 Oct 25	23:27:00	1	0	60	0	Ct	0	0	0	1	1	0	1	3	0	0	1	0	0	1	0	1	0	0	2	0	0	0	1	2	1	2	2	4	2	2	0	3	0	1
123084	14 Oct 25	23:28:00	1	0	60	0	Ct	0	0	0	0	0	0	2	1	0	0	3	0	6	0	2	0	1	2	0	0	1	0	4	2	0	1	2	8	2	2	1	1	0	1
123085	14 Oct 25	23:29:00	1	0	60	0	Ct	0	0	1	1	0	0	1	1	0	0	2	3	0	2	2	1	1	2	0	0	2	2	3	1	0	2	1	1	3	1	2	3	0	0
123086	14 Oct 25	23:30:00	1	0	60	0	Ct	0	0	0	1	0	0	4	1	0	0	2	0	1	0	1	2	0	2	0	0	3	0	4	2	0	2	1	2	2	1	0	0	0	3
123087	14 Oct 25	23:31:00	1	0	60	0	Ct	0	0	0	2	1	0	1	2	0	0	2	0	1	1	2	11	0	2	2	0	2	0	3	2	3	1	2	0	0	4	1	4	1	1
123088	14 Oct 25	23:32:00	1	0	60	0	Ct	0	0	1	0	0	0	1	3	0	0	1	0	0	1	1	1	0	6	1	0	3	0	0	2	0	2	0	2	1	2	0	2	1	2
123089	14 Oct 25	23:33:00	1	0	60	0	Ct	0	0	1	1	0	0	2	1	0	0	2	0	0	1	1	0	0	4	2	0	2	0	3	1	0	2	0	2	2	2	1	2	2	3
123090	14 Oct 25	23:34:00	1	0	60	0	Ct	0	0	0	0	3	1	1	1	0	0	2	0	0	1	1	1	0	0	1	0	3	0	22	2	0	0	0	1	2	0	0	3	0	2
123091	14 Oct 25	23:35:00	1	0	60	0	Ct	0	0	1	0	0	1	1	0	0	0	2	0	0	2	2	2	2	0	1	0	3	0	14	2	0	1	2	0	1	2	1	2	2	2
123092	14 Oct 25	23:36:00	1	0	60	0	Ct	0	0	1	0	0	2	1	3	0	0	1	0	0	6	2	0	0	0	1	0	1	0	16	2	0	1	3	1	0	0	3	1	1	5
123093	14 Oct 25	23:37:00	1	0	60	0	Ct	0	0	0	0	1	1	1	0	0	0	2	1	1	1	1	2	2	0	0	0	1	0	15	2	0	1	0	2	6	0	1	1	1	3
123094	14 Oct 25	23:38:00	1	0	60	0	Ct	0	0	0	0	2	2	2	0	0	0	2	2	1	0	2	1	1	0	0	0	3	1	14	4	0	0	2	8	0	0	3	1	3	4
123095	14 Oct 25	23:39:00	1	0	60	0	Ct	0	0	1	0	1	0	2	1	0	0	1	1	0	1	3	3	2	0	0	0	2	2	16	4	0	1	0	7	2	0	2	3	0	1
123096	14 Oct 25	23:40:00	1	0	60	0	Ct	0	0	1	0	0	3	1	1	0	0	3	2	0	3	2	1	0	0	0	0	2	1	12	0	0	4	0	3	1	0	2	2	0	1
123097	14 Oct 25	23:41:00	1	0	60	0	Ct	0	0	0	2	2	1	0	0	0	0	2	2	0	1	3	1	3	3	0	0	0	0	24	3	0	2	3	2	2	0	0	0	0	1
123098	14 Oct 25	23:42:00	1	0	60	0	Ct	0	0	0	1	0	5	2	3	0	0	2	1	2	2	3	2	0	2	0	0	2	0	7	2	0	3	2	3	0	0	0	0	0	2
123099	14 Oct 25	23:43:00	1	0	60	0	Ct	0	0	0	1	0	2	1	0	0	0	2	1	0	3	2	1	0	0	0	0	5	2	0	3	0	3	2	4	0	2	0	3	0	3
123100	14 Oct 25	23:44:00	1	0	60	0	Ct	0	0	0	1	0	0	2	0	0	0	1	5	0	3	1	1	0	0	0	0	0	0	5	2	0	2	1	0	7	0	0	0	0	2
123101	14 Oct 25	23:45:00	1	0	60	0	Ct	0	0	0	2	0	2	1	0	0	0	1	0	0	1	1	1	0	0	0	0	0	0	2	0	0	3	0	3	2	0	1	0	0	5
123102	14 Oct 25	23:46:00	1	0	60	0	Ct	0	0	1	4	0	1	2	1	0	0	1	1	0	1	2	1	0	0	2	0	0	0	1	3	0	2	2	5	0	1	1	0	0	1
123103	14 Oct 25	23:47:00	1	0	60	0	Ct	0	0	1	0	0	3	2	2	0	0	2	0	0	2	3	1	0	0	1	0	0	0	5	2	1	2	0	1	0	2	0	0	1	0
123104	14 Oct 25	23:48:00	1	0	60	0	Ct	0	0	0	2	0	5	2	1	0	0	0	1	0	0	1	1	0	0	1	0	0	0	2	2	0	4	0	1	0	0	1	0	6	0
123105	14 Oct 25	23:49:00	1	0	60	0	Ct	0	0	2	0	0	2	1	2	0	0	0	0	1	0	2	3	0	0	3	0	0	0	3	1	4	0	0	3	1	3	1	0	0	2
123106	14 Oct 25	23:50:00	1	0	60	0	Ct	0	0	3	1	4	0	1	2	0	0	2	0	1	0	2	1	0	0	3	0	4	0	2	3	6	2	0	0	2	3	0	0	0	2
123107	14 Oct 25	23:51:00	1	0	60	0	Ct	0	0	0	3	0	0	2	0	0	0	2	0	3	0	2	0	0	1	1	0	4	0	3	2	1	2	0	1	0	3	0	1	0	1
123108	14 Oct 25	23:52:00	1	0	60	0	Ct	0	0	0	0	2	0	1	1	0	0	1	0	2	0	2	0	0	0	1	0	6	0	6	2	2	2	0	0	3	2	1	1	0	1
123109	14 Oct 25	23:53:00	1	0	60	0	Ct	0	0	1	0	18	0	1	0	0	0	2	0	3	2	1	1	0	0	2	0	1	0	0	1	3	1	3	0	17	2	1	0	0	2
123110	14 Oct 25	23:54:00	1	0	60	0	Ct	0	0	0	0	6	0	0	0	0	0	4	0	2	0	1	0	0	0	0	0	5	0	1	2	2	1	2	0	0	1	0	1	0	1
123111	14 Oct 25	23:55:00	1	0	60	0	Ct	0	0	2	1	1	0	6	0	0	0	2	0	0	3	2	4	0	0	1	0	7	1	2	2	3	1	0	0	1	1	0	1	0	1
123112	14 Oct 25	23:56:00	1	0	60	0	Ct	0	0	2	4	0	0	4	1	0	0	3	0	0	3	2	3	0	0	2	0	5	0	5	2	1	2	1	1	1	0	1	4	3	0
123113	14 Oct 25	23:57:00	1	0	60	0	Ct	0	0	1	0	2	0	1	2	0	0	2	0	1	1	0	2	0	0	2	0	4	0	2	2	3	2	2	0	5	2	1	1	0	3
123114	14 Oct 25	23:58:00	1	0	60	0	Ct	0	0	1	0	0	0	2	2	0	0	1	0	0	0	2	2	0	0	1	0	3	0	4	2	3	2	2	0	1	2	3	2	0	2
123115	14 Oct 25	23:59:00	1	0	60	0	Ct	0	0	0	0	0	0	2	1	0	0	2	0	0	0	0	0	0	0	10	0	2	0	1	2	2	3	0	1	0	2	2	0	0	2
123116	15 Oct 25	00:00:00	1	0	60	0	Ct	0	0	0	0	1	0	1	1	0	0	2	0	0	0	0	6	0	0	0	0	3	2	3	1	1	2	2	3	1	1	0	1	0	5
123117	15 Oct 25	00:01:00	1	0	60	0	Ct	0	0	0	0	1	0	2	2	0	0	1	0	0	0	0	1	0	2	0	0	3	0	3	0	3	2	3	35	0	0	0	2	0	0
123118	15 Oct 25	00:02:00	1	0	60	0	Ct	0	0	0	0	0	0	6	1	0	0	1	0	0	3	3	2	0	1	0	0	4	0	2	2	3	2	0	13	2	9	0	2	0	3
123119	15 Oct 25	00:03:00	1	0	60	0	Ct	0	0	0	0	1	0	1	1	0	0	2	1	0	0	2	1	0	2	2	0	2	0	4	3	2	1	0	0	10	0	2	3	0	2
123120	15 Oct 25	00:04:00	1	0	60	0	Ct	0	0	0	0	0	0	2	2	0	0	2	2	0	0	2	3	0	0	2	0	1	2	0	1	2	1	0	0	2	0	1	1	0	3
123121	15 Oct 25	00:05:00	1	0	60	0	Ct	0	0	0	0	0	0	1	0	0	0	1	0	0	0	2	1	0	0	2	0	1	2	2	2	3	2	0	0	3	2	3	2	0	3
123122	15 Oct 25	00:06:00	1	0	60	0	Ct	0	0	0	0	0	0	2	5	0	0	0	0	0	0	2	3	0	0	4	0	5	0	4	1	2	1	2	0	1	3	0	3	0	2
123123	15 Oct 25	00:07:00	1	0	60	0	Ct	0	0	0	0	0	0	2	21	0	0	1	1	0	4	3	2	0	0	18	0	2	0	0	3	3	2	0	0	0	0	0	0	0	1
123124	15 Oct 25	00:08:00	1	0	60	0	Ct	0	0	0	0	0	0	1	22	0	0	1	1	0	1	2	2	0	6	14	0	0	0	0	1	1	2	1	0	2	0	0	2	0	3
123125	15 Oct 25	00:09:00	1	0	60	0	Ct	0	0	0	0	0	0	8	0	0	0	2	0	0	4	2	1	0	2	17	0	1	0	3	2	2	1	0	0	1	3	2	2	0	2
123126	15 Oct 25	00:10:00	1	0	60	0	Ct	0	0	0	0	0	0	4	0	0	0	1	0	0	0	2	2	0	2	0	0	0	2	9	2	5	2	0	0	1	0	0	2	0	2
123127	15 Oct 25	00:11:00	1	0	60	0	Ct	0	0	0	0	0	0	4	0	0	0	4	0	0	2	2	0	0	2	0	0	0	1	0	2	0	2	1	0	3	4	0	0	0	0
123128	15 Oct 25	00:12:00	1	0	60	0	Ct	0	0	0	0	2	0	2	0	0	0	0	0	0	1	1	0	0	5	7	0	0	2	0	1	2	1	3	0	0	12	0	2	0	2
123129	15 Oct 25	00:13:00	1	0	60	0	Ct	0	0	0	0	2	0	2	0	0	0	4	1	0	0	1	0	0	0	7	0	3	0	0	1	1	3	5	0	3	1	0	4	0	1
123130	15 Oct 25	00:14:00	1	0	60	0	Ct	0	0	0	1	0	0	1	0	0	0	1	1	0	1	0	1	0	0	0	0	2	0	0	2	1	3	0	0	1	0	0	1	0	0
123131	15 Oct 25	00:15:00	1	0	60	0	Ct	0	0	1	3	3	0	1	0	0	0	1	0	0	0	2	2	0	0	0	0	2	0	0	1	1	2	0	0	3	3	0	2	0	1
123132	15 Oct 25	00:16:00	1	0	60	0	Ct	0	0	1	2	1	0	2	0	0	0	1	0	0	2	2	4	0	2	0	0	4	0	0	1	0	2	0	0	0	1	0	2	0	1
123133	15 Oct 25	00:17:00	1	0	60	0	Ct	0	0	0	0	1	0	0	0	0	0	1	2	0	2	3	2	0	0	0	0	2	0	0	2	1	2	2	0	1	1	0	0	0	1
123134	15 Oct 25	00:18:00	1	0	60	0	Ct	0	0	0	0	0	0	2	0	0	0	0	0	0	32	1	2	0	0	0	0	0	0	0	2	2	1	0	0	2	1	0	1	0	0
123135	15 Oct 25	00:19:00	1	0	60	0	Ct	0	0	0	0	3	1	1	0	0	0	0	2	0	33	1	0	0	2	0	0	2	0	0	0	0	0	0	0	1	1	0	5	0	1
123136	15 Oct 25	00:20:00	1	0	60	0	Ct	0	0	0	0	0	0	3	0	0	0	0	1	0	35	1	1	0	0	0	0	3	0	0	2	3	2	0	0	1	0	0	0	0	1
123137	15 Oct 25	00:21:00	1	0	60	0	Ct	0	0	0	0	0	0	3	0	0	0	0	0	0	6	2	1	0	0	0	0	3	0	0	2	2	2	1	0	1	1	0	3	0	2
123138	15 Oct 25	00:22:00	1	0	60	0	Ct	0	0	0	0	0	6	1	0	0	0	0	0	0	2	0	0	0	0	0	0	0	0	0	0	1	2	0	0	0	2	0	1	0	0
123139	15 Oct 25	00:23:00	1	0	60	0	Ct	0	0	0	0	0	6	1	0	0	0	2	0	0	0	2	0	4	0	0	0	0	0	0	0	1	2	0	0	0	4	0	0	0	0
123140	15 Oct 25	00:24:00	1	0	60	0	Ct	0	0	0	0	0	2	3	0	0	0	3	0	0	1	2	0	0	0	5	0	0	0	2	0	1	0	0	0	5	1	0	0	0	0
123141	15 Oct 25	00:25:00	1	0	60	0	Ct	0	0	0	0	0	0	1	0	0	0	2	0	0	2	1	4	0	0	9	0	0	0	3	1	1	2	0	0	1	2	0	0	0	0
123142	15 Oct 25	00:26:00	1	0	60	0	Ct	0	0	0	0	0	0	5	0	0	0	4	0	0	5	0	0	2	0	8	0	0	0	3	3	2	2	2	0	1	1	0	0	0	2
123143	15 Oct 25	00:27:00	1	0	60	0	Ct	0	0	0	0	1	0	6	0	0	0	2	1	0	0	0	4	0	0	0	0	0	0	1	2	2	2	0	0	1	0	0	1	0	2
123144	15 Oct 25	00:28:00	1	0	60	0	Ct	0	0	0	0	0	0	1	2	0	0	3	0	0	2	0	4	0	0	0	0	0	0	2	1	2	2	0	0	0	3	0	11	0	2
123145	15 Oct 25	00:29:00	1	0	60	0	Ct	0	0	0	0	0	5	1	1	0	0	1	0	0	2	0	4	0	0	0	0	0	6	1	2	1	3	0	0	2	3	0	2	0	1
123146	15 Oct 25	00:30:00	1	0	60	0	Ct	0	0	0	0	0	0	3	0	0	0	2	0	0	1	0	5	0	0	0	0	0	0	1	1	2	2	0	0	1	3	0	0	0	3
123147	15 Oct 25	00:31:00	1	0	60	0	Ct	0	0	0	0	0	0	1	0	0	0	1	0	0	2	0	0	0	0	0	0	0	0	3	2	1	2	0	0	6	1	0	1	0	2
123148	15 Oct 25	00:32:00	1	0	60	0	Ct	0	0	0	0	0	0	2	0	0	0	1	0	0	0	1	0	0	0	0	0	0	1	1	2	1	5	0	0	8	0	0	9	0	0
123149	15 Oct 25	00:33:00	1	0	60	0	Ct	0	0	0	0	0	0	1	0	0	0	2	2	0	2	5	1	0	4	0	0	0	1	5	1	1	1	0	0	5	1	0	1	0	0
123150	15 Oct 25	00:34:00	1	0	60	0	Ct	0	0	0	0	0	0	0	0	0	0	8	3	0	2	3	2	0	2	0	0	4	1	3	2	1	1	2	0	2	0	0	2	0	2
123151	15 Oct 25	00:35:00	1	0	60	0	Ct	0	0	0	0	0	0	4	0	0	0	1	1	0	3	2	0	0	0	0	0	2	0	2	3	3	0	5	0	1	3	0	2	0	2
123152	15 Oct 25	00:36:00	1	0	60	0	Ct	0	0	0	0	2	0	3	0	0	0	1	1	0	1	3	0	0	0	0	0	0	1	16	1	1	1	0	0	0	2	0	3	0	1
123153	15 Oct 25	00:37:00	1	0	60	0	Ct	0	0	0	0	0	0	1	0	0	0	1	0	0	1	1	0	0	0	0	0	3	1	10	2	1	0	0	0	4	0	0	1	0	1
123154	15 Oct 25	00:38:00	1	0	60	0	Ct	0	0	0	0	0	0	1	0	0	0	1	0	0	0	1	0	1	0	0	0	3	1	15	1	2	0	0	0	1	2	0	0	0	0
123155	15 Oct 25	00:39:00	1	0	60	0	Ct	0	0	0	0	0	0	1	0	0	0	0	1	0	1	0	0	1	0	0	0	2	1	12	0	0	0	0	0	3	0	0	0	0	3
123156	15 Oct 25	00:40:00	1	0	60	0	Ct	0	0	0	0	0	0	2	0	0	0	2	1	1	1	0	0	0	0	0	0	2	0	1	1	2	0	0	0	1	0	0	1	0	2
123157	15 Oct 25	00:41:00	1	0	60	0	Ct	0	0	2	0	0	0	3	0	0	0	1	0	1	0	0	0	0	0	0	0	0	0	0	3	3	2	0	0	1	1	0	22	0	0
123158	15 Oct 25	00:42:00	1	0	60	0	Ct	0	0	1	0	0	3	2	0	0	0	1	0	1	2	0	0	0	0	0	0	0	0	0	1	0	2	0	0	1	1	0	17	0	1
123159	15 Oct 25	00:43:00	1	0	60	0	Ct	0	0	0	0	1	2	2	0	0	0	1	0	2	0	0	0	0	0	0	0	0	0	3	2	0	3	0	0	3	1	0	0	0	2
123160	15 Oct 25	00:44:00	1	0	60	0	Ct	0	0	0	0	0	6	3	0	0	0	4	0	0	4	0	0	0	0	0	0	0	0	1	0	1	2	0	0	1	0	0	2	0	3
123161	15 Oct 25	00:45:00	1	0	60	0	Ct	0	0	0	0	0	4	1	0	0	0	2	0	1	1	0	0	0	0	0	0	0	0	6	1	2	2	0	0	1	1	0	0	0	0
123162	15 Oct 25	00:46:00	1	0	60	0	Ct	0	0	0	0	0	0	2	0	0	0	3	0	3	3	0	0	0	0	0	0	1	0	14	2	3	2	0	0	4	3	0	0	0	0
123163	15 Oct 25	00:47:00	1	0	60	0	Ct	0	0	0	0	0	5	4	0	0	0	1	2	4	2	0	0	0	0	0	0	0	1	8	2	1	2	0	0	4	1	0	2	0	1
123164	15 Oct 25	00:48:00	1	0	60	0	Ct	0	0	0	0	1	6	0	0	0	0	1	0	2	0	0	0	0	0	0	0	0	3	4	3	2	1	0	0	0	1	0	1	0	3
123165	15 Oct 25	00:49:00	1	0	60	0	Ct	0	0	1	0	0	1	3	0	0	0	3	0	2	1	0	0	0	0	0	0	0	2	0	2	1	1	2	0	0	0	0	1	0	1
123166	15 Oct 25	00:50:00	1	0	60	0	Ct	0	0	1	0	2	0	2	0	0	0	3	0	2	2	0	0	0	0	0	0	0	1	0	1	0	1	1	0	0	0	0	1	0	2
123167	15 Oct 25	00:51:00	1	0	60	0	Ct	0	0	0	0	0	0	1	0	0	0	2	0	0	0	0	0	0	0	0	0	0	1	0	2	0	2	2	0	0	0	0	3	0	1
123168	15 Oct 25	00:52:00	1	0	60	0	Ct	0	0	0	0	0	1	2	0	0	0	2	0	2	2	0	0	0	0	0	0	0	4	0	0	0	2	0	0	3	2	0	0	0	0
123169	15 Oct 25	00:53:00	1	0	60	0	Ct	0	0	0	0	0	10	4	0	0	0	6	0	0	0	0	0	3	3	0	0	0	2	0	2	0	1	0	0	7	3	0	0	0	2
123170	15 Oct 25	00:54:00	1	0	60	0	Ct	0	0	0	0	0	8	0	0	0	0	0	0	0	0	0	0	0	2	0	0	0	2	0	1	0	2	0	0	0	1	0	4	0	0
123171	15 Oct 25	00:55:00	1	0	60	0	Ct	0	0	0	0	3	4	3	0	0	0	1	0	2	1	0	0	0	3	0	0	0	4	0	0	0	1	0	0	13	0	0	1	0	3
123172	15 Oct 25	00:56:00	1	0	60	0	Ct	0	0	0	0	4	5	1	0	0	0	2	0	3	0	0	0	0	1	0	0	0	1	0	1	2	1	0	0	0	0	0	1	0	0
123173	15 Oct 25	00:57:00	1	0	60	0	Ct	0	0	0	0	2	12	2	0	0	0	3	0	1	2	0	0	0	0	0	0	0	1	0	1	2	1	0	0	1	0	0	1	0	2
123174	15 Oct 25	00:58:00	1	0	60	0	Ct	0	0	0	0	1	11	1	0	0	0	2	0	1	1	0	0	1	0	0	0	0	2	4	0	0	0	0	0	7	0	1	3	0	0
123175	15 Oct 25	00:59:00	1	0	60	0	Ct	0	0	0	0	3	5	1	0	0	0	1	0	1	0	0	0	1	0	0	0	0	2	0	0	3	2	2	0	18	1	0	1	0	2
123176	15 Oct 25	01:00:00	1	0	60	0	Ct	0	0	0	0	3	6	2	0	0	0	2	2	3	1	0	0	0	0	0	0	0	6	0	2	0	2	2	0	16	0	1	2	0	1
123177	15 Oct 25	01:01:00	1	0	60	0	Ct	0	0	1	0	4	7	0	0	0	0	2	4	3	1	0	0	0	0	0	0	2	1	1	2	0	1	2	0	15	0	3	1	0	2
123178	15 Oct 25	01:02:00	1	0	60	0	Ct	0	0	1	0	1	3	1	0	0	0	1	0	4	2	0	0	0	0	0	0	4	2	1	2	0	6	0	0	2	0	0	1	0	0
123179	15 Oct 25	01:03:00	1	0	60	0	Ct	0	0	0	0	4	0	2	0	0	0	0	0	0	0	0	0	0	0	0	0	2	1	0	0	0	1	2	0	2	0	0	0	0	0
123180	15 Oct 25	01:04:00	1	0	60	0	Ct	0	0	2	0	2	0	1	0	0	0	1	0	0	1	0	0	0	0	0	0	0	0	0	0	1	1	0	0	1	9	3	2	0	1
123181	15 Oct 25	01:05:00	1	0	60	0	Ct	0	0	0	0	2	0	2	0	0	0	2	0	0	0	0	0	0	0	0	0	0	1	5	0	5	1	0	0	1	0	1	1	0	0
123182	15 Oct 25	01:06:00	1	0	60	0	Ct	0	0	1	0	1	2	1	0	0	0	1	0	0	0	0	0	0	0	0	0	0	1	8	0	0	2	0	0	0	0	2	3	0	0
123183	15 Oct 25	01:07:00	1	0	60	0	Ct	0	0	1	0	4	0	2	0	0	0	1	0	0	1	0	0	0	0	0	0	0	2	6	0	0	2	0	0	4	0	2	1	0	0
123184	15 Oct 25	01:08:00	1	0	60	0	Ct	0	0	0	0	2	0	0	0	0	0	1	0	0	1	0	0	0	2	0	0	0	0	4	0	0	2	0	0	2	3	2	1	0	3
123185	15 Oct 25	01:09:00	1	0	60	0	Ct	0	0	2	0	3	2	1	0	0	0	1	0	1	0	0	0	0	0	0	0	0	2	9	0	0	2	0	0	0	2	2	1	0	0
123186	15 Oct 25	01:10:00	1	0	60	0	Ct	0	0	1	0	3	0	2	0	0	0	3	0	3	1	0	0	0	0	0	0	0	1	2	0	0	1	0	0	1	1	2	4	0	4
123187	15 Oct 25	01:11:00	1	0	60	0	Ct	0	0	0	0	3	3	2	0	0	0	1	0	0	2	0	0	0	0	0	0	0	1	4	0	0	2	0	0	1	0	1	13	0	1
123188	15 Oct 25	01:12:00	1	0	60	0	Ct	0	0	2	0	1	0	1	0	0	0	2	0	0	0	0	0	0	0	0	0	0	1	2	0	0	1	0	0	4	2	0	24	0	1
123189	15 Oct 25	01:13:00	1	0	60	0	Ct	0	0	1	0	2	1	1	0	0	0	2	0	0	1	0	0	0	0	0	0	0	2	8	0	0	3	0	0	4	2	1	25	0	3
123190	15 Oct 25	01:14:00	1	0	60	0	Ct	0	0	1	0	1	4	3	0	0	0	1	0	0	0	0	0	0	0	0	0	0	1	1	0	0	2	0	0	2	4	0	18	0	0
123191	15 Oct 25	01:15:00	1	0	60	0	Ct	0	0	0	0	1	0	1	0	0	0	1	0	0	2	0	0	0	0	0	0	0	1	5	0	0	1	0	0	3	4	1	3	0	0
123192	15 Oct 25	01:16:00	1	0	60	0	Ct	0	0	0	0	1	2	2	0	0	0	2	0	0	0	0	0	0	0	0	0	0	1	5	0	0	0	0	0	0	2	3	5	0	18
123193	15 Oct 25	01:17:00	1	0	60	0	Ct	0	0	0	0	1	0	0	0	0	0	2	0	0	1	0	0	0	0	0	0	2	2	0	0	0	1	0	0	0	1	1	1	0	12
123194	15 Oct 25	01:18:00	1	0	60	0	Ct	0	0	0	0	2	6	2	0	0	0	0	0	0	1	0	0	0	0	0	0	0	1	2	0	0	2	0	0	0	1	1	4	0	0
123195	15 Oct 25	01:19:00	1	0	60	0	Ct	0	0	0	0	2	0	3	0	0	0	1	0	0	0	0	0	0	0	0	0	0	2	1	0	0	1	0	0	0	0	2	3	0	0
123196	15 Oct 25	01:20:00	1	0	60	0	Ct	0	0	0	0	3	0	3	0	0	0	1	0	2	2	0	0	0	0	0	0	0	1	2	3	1	2	0	0	0	1	3	0	0	1
123197	15 Oct 25	01:21:00	1	0	60	0	Ct	0	0	0	0	1	0	1	0	0	0	2	0	2	0	0	0	0	0	0	0	0	1	0	0	1	2	0	0	0	0	1	3	0	4
123198	15 Oct 25	01:22:00	1	0	60	0	Ct	0	0	0	0	1	0	2	0	0	0	1	0	1	1	0	0	0	0	0	0	0	1	0	0	2	1	0	0	0	0	0	1	0	1
123199	15 Oct 25	01:23:00	1	0	60	0	Ct	0	0	0	0	1	0	3	0	0	0	3	0	1	2	0	0	0	0	0	0	0	0	0	0	1	2	0	0	0	0	2	2	0	6
123200	15 Oct 25	01:24:00	1	0	60	0	Ct	0	0	0	0	1	0	1	0	0	0	0	0	2	0	0	0	0	0	0	0	0	0	0	0	9	2	0	0	1	0	5	1	0	3
123201	15 Oct 25	01:25:00	1	0	60	0	Ct	0	0	0	0	2	0	2	0	0	0	0	0	1	0	0	0	0	0	0	0	0	4	0	0	1	1	0	0	1	0	0	1	0	1
123202	15 Oct 25	01:26:00	1	0	60	0	Ct	0	0	0	0	2	0	1	0	0	0	1	2	1	0	0	0	0	0	0	0	0	1	0	0	1	2	0	0	1	0	2	1	0	2
123203	15 Oct 25	01:27:00	1	0	60	0	Ct	0	0	0	0	4	4	1	0	0	0	0	3	0	3	0	0	0	0	0	0	0	1	0	0	3	3	0	0	0	4	1	0	0	0
123204	15 Oct 25	01:28:00	1	0	60	0	Ct	0	0	0	0	2	0	3	0	0	0	0	2	1	0	0	0	0	1	0	0	0	1	0	0	0	1	0	0	1	0	1	1	0	3
123205	15 Oct 25	01:29:00	1	0	60	0	Ct	0	0	0	0	2	2	2	0	0	0	0	2	1	4	0	0	0	2	0	0	0	1	0	0	0	1	0	0	0	2	1	0	0	0
123206	15 Oct 25	01:30:00	1	0	60	0	Ct	0	0	0	0	1	0	2	0	0	0	0	0	5	2	0	0	0	0	0	0	0	1	0	1	0	0	0	0	17	2	0	7	0	1
123207	15 Oct 25	01:31:00	1	0	60	0	Ct	0	0	0	0	3	0	3	0	0	0	0	0	1	1	0	0	0	0	0	0	0	1	0	0	2	0	0	0	0	1	0	1	0	1
123208	15 Oct 25	01:32:00	1	0	60	0	Ct	0	0	2	0	0	0	1	0	0	0	0	0	2	1	0	0	0	0	0	0	0	2	0	2	0	1	0	0	0	12	0	0	0	2
123209	15 Oct 25	01:33:00	1	0	60	0	Ct	0	0	0	0	1	0	1	0	0	0	2	0	1	3	0	0	0	0	0	0	0	2	0	0	0	2	2	0	0	8	0	1	0	4
123210	15 Oct 25	01:34:00	1	0	60	0	Ct	0	0	0	0	2	0	0	0	0	0	0	0	1	3	0	0	0	0	0	0	0	1	0	3	5	1	0	0	0	3	0	3	0	1
123211	15 Oct 25	01:35:00	1	0	60	0	Ct	0	0	0	0	1	0	0	0	0	0	0	0	2	3	0	0	0	2	0	0	0	0	0	0	0	1	0	0	0	1	0	2	0	0
123212	15 Oct 25	01:36:00	1	0	60	0	Ct	0	0	0	0	2	0	3	0	0	0	0	0	0	1	0	0	0	0	0	0	0	1	0	2	1	1	0	0	0	0	0	3	0	2
123213	15 Oct 25	01:37:00	1	0	60	0	Ct	0	0	0	0	0	0	2	0	0	0	0	0	4	1	0	0	0	0	0	0	0	0	0	2	1	2	0	0	0	4	0	2	0	1
123214	15 Oct 25	01:38:00	1	0	60	0	Ct	0	0	2	0	0	0	1	0	0	0	0	0	0	2	0	0	0	0	0	0	0	2	0	3	0	3	0	0	0	0	0	0	0	0
123215	15 Oct 25	01:39:00	1	0	60	0	Ct	0	0	0	0	2	12	2	0	0	0	1	0	0	0	0	0	0	0	0	0	0	0	0	0	0	1	0	0	1	1	0	2	0	3
123216	15 Oct 25	01:40:00	1	0	60	0	Ct	0	0	0	0	1	15	1	0	0	0	1	0	0	1	0	0	0	0	0	0	0	3	0	2	0	3	0	0	2	1	0	1	0	0
123217	15 Oct 25	01:41:00	1	0	60	0	Ct	0	0	0	0	1	6	2	0	0	0	1	0	0	1	0	0	0	0	0	0	0	0	0	9	0	3	0	0	1	0	0	9	0	0
123218	15 Oct 25	01:42:00	1	0	60	0	Ct	0	0	0	0	1	0	3	0	0	0	0	0	0	2	0	0	0	2	0	0	0	1	0	0	0	2	0	0	3	0	0	32	0	0
123219	15 Oct 25	01:43:00	1	0	60	0	Ct	0	0	0	0	0	0	2	0	0	0	0	0	0	1	0	0	0	2	0	0	0	0	0	0	0	1	0	0	1	0	0	0	0	0
123220	15 Oct 25	01:44:00	1	0	60	0	Ct	0	0	0	0	0	1	1	0	0	0	0	8	0	1	0	0	0	2	0	0	0	1	0	0	2	3	0	0	1	0	0	1	0	0
123221	15 Oct 25	01:45:00	1	0	60	0	Ct	0	0	0	0	0	4	0	0	0	0	0	0	0	1	0	0	0	2	0	0	0	1	0	0	2	2	0	0	2	2	0	1	0	0
123222	15 Oct 25	01:46:00	1	0	60	0	Ct	0	0	0	0	0	16	1	0	0	0	0	0	1	1	0	0	4	0	0	0	0	1	4	0	2	2	0	0	1	0	0	2	0	3
123223	15 Oct 25	01:47:00	1	0	60	0	Ct	0	0	0	0	0	4	0	0	0	0	0	0	1	2	0	0	0	0	0	0	0	3	16	2	0	2	0	0	3	2	0	3	0	4
123224	15 Oct 25	01:48:00	1	0	60	0	Ct	0	0	0	0	0	5	1	0	0	0	0	0	0	1	0	0	0	0	0	0	0	0	13	2	1	2	0	0	1	1	0	0	0	2
123225	15 Oct 25	01:49:00	1	0	60	0	Ct	0	0	0	0	0	5	3	0	0	0	0	2	0	4	0	0	0	2	0	0	0	0	21	1	1	2	0	0	1	0	0	1	0	6
123226	15 Oct 25	01:50:00	1	0	60	0	Ct	0	0	0	0	0	3	1	0	0	0	0	0	0	0	0	0	0	0	0	0	0	1	26	0	1	2	0	0	1	0	0	1	0	3
123227	15 Oct 25	01:51:00	1	0	60	0	Ct	0	0	0	0	0	7	1	0	0	0	0	0	0	0	0	0	0	0	0	0	0	2	1	2	1	2	0	0	0	3	0	0	0	1
123228	15 Oct 25	01:52:00	1	0	60	0	Ct	0	0	0	0	0	2	2	0	0	0	0	0	0	4	0	0	0	0	0	0	0	0	0	2	1	0	0	0	0	0	0	0	0	2
123229	15 Oct 25	01:53:00	1	0	60	0	Ct	0	0	0	0	0	1	3	0	0	0	0	0	0	1	0	0	0	0	0	0	0	0	0	0	5	2	0	0	17	3	0	3	0	0
123230	15 Oct 25	01:54:00	1	0	60	0	Ct	0	0	0	0	0	4	20	0	0	0	0	2	0	2	0	0	0	0	0	0	0	3	1	0	1	0	0	0	0	1	0	10	0	2
123231	15 Oct 25	01:55:00	1	0	60	0	Ct	0	0	0	0	0	1	2	0	0	0	0	0	1	1	0	0	0	0	0	0	0	4	0	2	2	2	0	0	0	0	0	16	0	0
123232	15 Oct 25	01:56:00	1	0	60	0	Ct	0	0	0	0	0	11	0	0	0	0	0	0	2	0	0	0	0	0	0	0	0	4	13	1	1	2	0	0	1	0	0	2	0	2
123233	15 Oct 25	01:57:00	1	0	60	0	Ct	0	0	0	0	2	8	0	0	0	0	0	0	0	0	0	0	0	0	0	0	0	2	22	2	1	0	4	0	1	1	0	0	0	0
123234	15 Oct 25	01:58:00	1	0	60	0	Ct	0	0	0	0	0	2	1	0	0	0	2	2	2	0	0	0	0	2	0	0	0	3	19	0	3	1	0	0	0	0	0	1	0	3
123235	15 Oct 25	01:59:00	1	0	60	0	Ct	0	0	0	0	1	3	1	0	0	0	2	2	2	1	0	0	0	0	0	0	0	0	12	0	2	1	0	0	0	3	0	0	0	0
123236	15 Oct 25	02:00:00	1	0	60	0	Ct	0	0	0	0	0	23	3	0	0	0	0	1	3	0	0	0	0	0	0	0	2	3	2	0	1	1	0	0	0	10	0	0	0	0
123237	15 Oct 25	02:01:00	1	0	60	0	Ct	0	0	0	0	0	14	2	0	0	0	0	0	0	2	0	0	0	0	0	0	0	1	32	2	0	1	0	0	0	3	0	1	0	1
123238	15 Oct 25	02:02:00	1	0	60	0	Ct	0	0	0	0	3	13	2	0	0	0	0	0	1	0	0	0	0	0	0	0	2	4	29	2	1	0	0	0	0	2	0	1	0	0
123239	15 Oct 25	02:03:00	1	0	60	0	Ct	0	0	0	0	0	15	2	0	0	0	0	0	2	0	0	0	0	0	0	0	3	0	26	0	2	2	0	0	0	1	0	2	0	0
123240	15 Oct 25	02:04:00	1	0	60	0	Ct	0	0	0	0	0	16	2	0	0	0	0	0	0	0	0	0	0	0	0	0	1	1	19	0	0	0	0	0	0	7	0	2	0	0
123241	15 Oct 25	02:05:00	1	0	60	0	Ct	0	0	0	0	0	10	1	0	0	0	0	0	0	0	0	0	0	0	0	0	0	0	0	3	0	0	0	0	2	1	0	1	0	1
123242	15 Oct 25	02:06:00	1	0	60	0	Ct	0	0	0	0	0	1	1	0	0	0	0	0	0	0	0	0	0	2	0	0	0	0	0	0	0	0	0	0	2	3	0	0	0	3
123243	15 Oct 25	02:07:00	1	0	60	0	Ct	0	0	0	0	0	6	0	0	0	0	0	0	0	0	0	0	0	1	0	0	0	0	0	0	0	0	0	0	1	0	0	3	0	1
123244	15 Oct 25	02:08:00	1	0	60	0	Ct	0	0	0	0	0	2	1	0	0	0	0	0	0	0	0	0	0	0	0	0	0	2	0	3	0	2	0	0	1	0	0	3	0	0
123245	15 Oct 25	02:09:00	1	0	60	0	Ct	0	0	0	0	0	3	2	0	0	0	0	0	0	0	0	0	1	0	0	0	0	0	1	0	0	0	0	0	1	2	0	3	0	2
123246	15 Oct 25	02:10:00	1	0	60	0	Ct	0	0	1	0	1	2	1	0	0	0	0	0	0	0	0	0	2	0	0	0	0	2	12	0	0	0	0	0	1	0	0	5	0	0
123247	15 Oct 25	02:11:00	1	0	60	0	Ct	0	0	3	0	1	1	1	0	0	0	0	0	0	3	0	0	4	0	0	0	0	0	0	4	0	1	0	0	1	0	0	4	0	0
123248	15 Oct 25	02:12:00	1	0	60	0	Ct	0	0	0	0	0	4	1	0	0	0	0	0	0	2	0	0	0	0	0	0	0	0	0	2	0	1	0	0	0	0	0	12	0	0
123249	15 Oct 25	02:13:00	1	0	60	0	Ct	0	0	0	0	0	0	1	0	0	0	2	0	0	0	0	0	1	0	0	0	0	0	0	0	1	3	3	0	2	0	0	5	0	0
123250	15 Oct 25	02:14:00	1	0	60	0	Ct	0	0	0	0	0	0	4	0	0	0	2	0	0	0	0	0	0	0	0	0	0	0	0	0	0	0	0	0	0	1	0	2	0	0
123251	15 Oct 25	02:15:00	1	0	60	0	Ct	0	0	0	0	0	2	2	0	0	0	2	0	0	1	0	0	0	0	0	0	0	0	0	0	2	2	0	0	0	0	0	2	0	0
123252	15 Oct 25	02:16:00	1	0	60	0	Ct	0	0	0	0	0	0	2	0	0	0	5	0	0	2	0	0	0	0	0	0	0	0	0	0	2	0	0	0	0	8	0	2	0	1
123253	15 Oct 25	02:17:00	1	0	60	0	Ct	0	0	0	0	0	4	2	0	0	0	1	0	0	0	0	0	0	0	0	0	0	3	0	1	1	0	0	0	0	8	0	0	0	3
123254	15 Oct 25	02:18:00	1	0	60	0	Ct	0	0	2	0	0	11	0	0	0	0	3	3	0	1	0	0	0	0	0	0	0	2	0	1	0	0	0	0	0	1	0	2	0	1
123255	15 Oct 25	02:19:00	1	0	60	0	Ct	0	0	2	0	0	4	1	0	0	0	2	0	0	1	0	0	0	0	0	0	0	0	0	0	1	0	2	0	0	7	0	1	0	2
123256	15 Oct 25	02:20:00	1	0	60	0	Ct	0	0	0	0	0	0	3	0	0	0	2	2	0	0	0	0	0	0	0	0	0	2	0	1	1	1	0	0	0	1	0	0	0	0
123257	15 Oct 25	02:21:00	1	0	60	0	Ct	0	0	0	0	0	0	13	0	0	0	3	0	2	2	0	0	0	0	0	0	0	0	0	5	1	1	0	0	0	1	0	7	0	2
123258	15 Oct 25	02:22:00	1	0	60	0	Ct	0	0	0	0	0	2	7	0	0	0	4	0	1	1	0	0	0	0	0	0	0	0	0	3	1	0	1	0	0	2	0	1	0	0
123259	15 Oct 25	02:23:00	1	0	60	0	Ct	0	0	0	0	0	2	2	0	0	0	1	0	1	5	0	0	0	0	0	0	2	0	0	0	4	0	1	0	1	0	0	1	0	5
123260	15 Oct 25	02:24:00	1	0	60	0	Ct	0	0	0	0	0	0	2	0	0	0	2	0	1	0	0	0	0	0	0	0	2	0	0	0	0	0	0	0	1	2	0	6	0	3
123261	15 Oct 25	02:25:00	1	0	60	0	Ct	0	0	0	0	0	0	0	0	0	0	2	0	0	2	0	0	0	0	0	0	0	0	0	0	0	0	0	0	0	0	0	1	0	3
123262	15 Oct 25	02:26:00	1	0	60	0	Ct	0	0	0	0	0	4	2	0	0	0	2	0	0	1	0	0	0	0	0	0	0	0	0	0	0	0	0	0	0	0	0	0	0	2
123263	15 Oct 25	02:27:00	1	0	60	0	Ct	0	0	0	0	0	0	5	0	0	0	1	0	0	3	0	0	0	0	0	0	0	0	3	3	0	0	0	0	0	0	0	3	0	1
123264	15 Oct 25	02:28:00	1	0	60	0	Ct	0	0	0	0	0	0	2	0	0	0	2	0	0	1	0	0	0	0	0	0	0	5	0	1	1	0	0	0	1	0	0	2	0	2
123265	15 Oct 25	02:29:00	1	0	60	0	Ct	0	0	0	0	0	0	1	0	0	0	2	0	0	1	0	0	0	0	0	0	0	0	0	2	1	1	0	0	1	1	0	0	0	0
123266	15 Oct 25	02:30:00	1	0	60	0	Ct	0	0	0	0	0	0	2	0	0	0	1	0	0	0	0	0	0	0	0	0	0	0	0	2	1	1	0	0	0	3	0	0	0	0
123267	15 Oct 25	02:31:00	1	0	60	0	Ct	0	0	0	0	0	0	0	0	0	0	1	0	0	1	0	0	0	0	0	0	0	0	0	2	1	1	0	0	0	2	0	0	0	0
123268	15 Oct 25	02:32:00	1	0	60	0	Ct	0	0	0	0	0	0	1	0	0	0	2	0	0	0	0	0	0	0	0	0	0	0	0	2	0	1	0	0	0	20	0	3	0	0
123269	15 Oct 25	02:33:00	1	0	60	0	Ct	0	0	0	0	0	0	2	0	0	0	0	0	0	1	0	0	0	0	0	0	0	5	0	1	4	0	0	0	0	9	0	1	0	2
123270	15 Oct 25	02:34:00	1	0	60	0	Ct	0	0	0	0	0	0	1	0	0	0	0	0	0	0	0	0	0	0	0	0	0	0	0	2	4	0	0	0	0	0	0	2	0	0
123271	15 Oct 25	02:35:00	1	0	60	0	Ct	0	0	0	0	0	0	1	0	0	0	3	0	0	0	0	0	0	0	0	0	0	0	0	1	0	1	0	0	0	3	0	1	0	0
123272	15 Oct 25	02:36:00	1	0	60	0	Ct	0	0	0	0	1	0	3	0	0	0	2	0	0	0	0	0	0	0	0	0	0	0	0	6	0	1	0	0	0	1	0	1	0	1
123273	15 Oct 25	02:37:00	1	0	60	0	Ct	0	0	0	0	0	0	0	0	0	0	2	1	0	0	0	0	0	4	0	0	0	0	0	4	4	2	0	0	0	0	0	0	0	1
123274	15 Oct 25	02:38:00	1	0	60	0	Ct	0	0	0	0	0	0	2	0	0	0	0	0	0	0	0	0	0	2	0	0	0	0	0	2	2	2	0	0	0	0	0	1	0	2
123275	15 Oct 25	02:39:00	1	0	60	0	Ct	0	0	0	0	0	0	0	0	0	0	0	0	0	1	0	0	0	0	0	0	0	0	0	5	0	2	0	0	0	0	0	1	0	2
123276	15 Oct 25	02:40:00	1	0	60	0	Ct	0	0	0	0	0	0	0	0	0	0	0	0	0	0	0	0	0	0	0	0	0	0	0	1	1	2	0	0	0	6	0	0	0	1
123277	15 Oct 25	02:41:00	1	0	60	0	Ct	0	0	0	0	0	0	0	0	0	0	1	0	0	1	0	0	0	0	1	0	0	0	0	3	1	1	0	0	0	1	1	1	0	1
123278	15 Oct 25	02:42:00	1	0	60	0	Ct	0	0	0	0	0	0	0	0	0	0	0	0	0	2	0	0	0	0	0	0	0	0	0	2	0	2	0	0	2	3	1	15	0	0
123279	15 Oct 25	02:43:00	1	0	60	0	Ct	0	0	0	0	0	5	1	0	0	0	1	0	0	1	0	0	0	0	1	0	0	0	0	1	2	2	0	0	0	0	3	1	0	0
123280	15 Oct 25	02:44:00	1	0	60	0	Ct	0	0	0	0	2	10	2	0	0	0	3	0	0	2	0	0	0	0	0	0	0	4	5	2	1	2	0	0	1	3	1	2	0	0
123281	15 Oct 25	02:45:00	1	0	60	0	Ct	0	0	0	0	4	3	2	0	0	0	3	0	0	11	0	0	0	0	0	0	0	0	3	2	0	1	1	0	1	1	1	4	0	2
123282	15 Oct 25	02:46:00	1	0	60	0	Ct	0	0	0	0	0	6	1	0	0	0	1	0	0	8	0	0	0	0	0	0	0	0	0	1	0	2	2	0	9	1	3	3	0	1
123283	15 Oct 25	02:47:00	1	0	60	0	Ct	0	0	0	0	1	4	1	0	0	0	1	1	0	0	0	0	0	0	0	0	0	0	0	1	0	2	0	0	12	0	1	3	0	1
123284	15 Oct 25	02:48:00	1	0	60	0	Ct	0	0	0	0	1	6	1	0	0	0	2	0	0	1	0	0	0	0	0	0	0	3	0	1	0	2	0	0	31	2	2	1	0	0
123285	15 Oct 25	02:49:00	1	0	60	0	Ct	0	0	2	0	0	0	2	0	0	0	2	0	0	1	0	0	0	0	0	0	0	0	0	1	0	1	2	0	26	1	1	0	0	1
123286	15 Oct 25	02:50:00	1	0	60	0	Ct	0	0	2	0	0	6	3	0	0	0	1	0	0	2	0	0	0	0	0	0	0	3	0	1	0	2	0	0	0	3	0	4	0	1
123287	15 Oct 25	02:51:00	1	0	60	0	Ct	0	0	0	0	0	1	23	0	0	0	0	0	0	3	0	0	0	0	0	0	0	0	0	2	0	1	0	0	0	3	1	3	0	3
123288	15 Oct 25	02:52:00	1	0	60	0	Ct	0	0	4	0	0	0	37	0	0	0	1	0	0	2	0	0	0	0	0	0	0	3	0	1	0	2	0	0	0	1	1	7	0	3
123289	15 Oct 25	02:53:00	1	0	60	0	Ct	0	0	1	0	0	0	16	0	0	0	2	0	0	0	0	0	0	0	0	0	0	3	0	1	4	2	0	0	0	0	2	5	0	1
123290	15 Oct 25	02:54:00	1	0	60	0	Ct	0	0	1	0	0	0	0	0	0	0	1	0	0	0	0	0	0	0	0	0	0	0	0	1	2	1	0	0	0	0	4	7	0	1
123291	15 Oct 25	02:55:00	1	0	60	0	Ct	0	0	2	0	0	0	2	0	0	0	2	0	0	2	0	0	0	4	0	0	0	8	0	0	2	2	0	0	0	0	1	2	0	2
123292	15 Oct 25	02:56:00	1	0	60	0	Ct	0	0	0	0	0	0	3	0	0	0	1	0	0	0	0	0	0	0	0	0	0	1	0	1	2	1	0	0	0	0	1	3	0	7
123293	15 Oct 25	02:57:00	1	0	60	0	Ct	0	0	0	0	0	0	2	0	0	0	2	0	5	2	0	0	0	0	0	0	0	2	0	5	0	1	0	0	0	0	0	2	0	0
123294	15 Oct 25	02:58:00	1	0	60	0	Ct	0	0	0	0	1	0	2	0	0	0	2	0	1	2	0	0	0	0	0	0	0	2	0	2	1	1	0	0	0	1	1	1	0	0
123295	15 Oct 25	02:59:00	1	0	60	0	Ct	0	0	0	0	0	0	1	0	0	0	2	0	2	2	0	0	0	0	0	0	0	2	0	2	2	1	0	0	0	0	2	1	0	0
123296	15 Oct 25	03:00:00	1	0	60	0	Ct	0	0	0	0	3	0	1	0	0	0	2	0	2	1	0	0	0	0	0	0	0	2	0	1	1	1	0	0	0	1	2	0	0	1
123297	15 Oct 25	03:01:00	1	0	60	0	Ct	0	0	0	0	0	0	2	0	0	0	3	0	2	1	0	0	0	0	0	0	0	2	0	2	0	1	0	0	0	0	1	1	0	2
123298	15 Oct 25	03:02:00	1	0	60	0	Ct	0	0	0	0	0	0	2	0	0	0	1	0	2	0	0	0	0	0	0	0	0	4	0	1	0	2	0	0	0	0	1	1	0	3
123299	15 Oct 25	03:03:00	1	0	60	0	Ct	0	0	0	0	2	0	2	0	0	0	0	2	1	1	0	0	0	0	0	0	0	0	0	1	1	1	0	0	0	1	3	0	0	0
123300	15 Oct 25	03:04:00	1	0	60	0	Ct	0	0	0	0	0	0	2	0	0	0	0	0	0	1	0	0	0	0	0	0	0	1	0	0	0	2	0	0	0	4	1	2	0	1
123301	15 Oct 25	03:05:00	1	0	60	0	Ct	0	0	0	0	3	0	3	0	0	0	2	0	3	0	0	0	0	0	0	0	0	1	0	2	2	2	0	0	0	0	0	1	0	3
123302	15 Oct 25	03:06:00	1	0	60	0	Ct	0	0	0	0	2	0	1	0	0	0	0	0	0	4	0	0	2	0	0	0	0	3	0	2	1	2	0	0	0	0	2	2	0	0
123303	15 Oct 25	03:07:00	1	0	60	0	Ct	0	0	0	0	3	0	1	0	0	0	4	1	0	0	0	0	0	0	0	0	0	4	0	0	0	2	0	0	0	0	2	0	0	2
123304	15 Oct 25	03:08:00	1	0	60	0	Ct	0	0	0	0	3	0	2	0	0	0	9	0	3	1	0	0	0	0	0	0	0	1	0	0	1	1	0	0	0	1	0	2	0	0
123305	15 Oct 25	03:09:00	1	0	60	0	Ct	0	0	0	0	3	0	1	0	0	0	2	0	1	2	0	0	0	2	2	0	0	2	0	2	0	2	0	0	0	0	0	1	0	6
123306	15 Oct 25	03:10:00	1	0	60	0	Ct	0	0	2	0	6	0	1	0	0	0	0	0	0	0	0	0	0	2	0	0	0	1	0	1	2	1	0	0	0	0	1	2	0	0
123307	15 Oct 25	03:11:00	1	0	60	0	Ct	0	0	3	0	1	0	6	0	0	0	0	0	0	0	0	0	0	0	0	0	0	1	0	2	0	1	0	0	0	3	0	3	0	0
123308	15 Oct 25	03:12:00	1	0	60	0	Ct	0	0	0	0	1	0	1	0	0	0	0	0	0	1	0	0	0	2	0	0	0	2	0	1	0	2	0	0	0	4	0	0	0	0
123309	15 Oct 25	03:13:00	1	0	60	0	Ct	0	0	2	0	2	0	0	0	0	0	0	0	0	1	0	0	0	3	0	0	0	1	0	2	0	0	0	0	0	2	0	2	0	0
123310	15 Oct 25	03:14:00	1	0	60	0	Ct	0	0	1	0	2	0	0	0	0	0	0	0	0	1	0	0	0	3	0	0	0	2	0	19	0	1	0	0	0	0	1	1	0	0
123311	15 Oct 25	03:15:00	1	0	60	0	Ct	0	0	1	0	1	0	0	0	0	0	0	0	1	0	0	0	0	0	0	0	0	1	0	6	0	1	0	0	0	1	1	0	0	0
123312	15 Oct 25	03:16:00	1	0	60	0	Ct	0	0	4	0	2	0	3	0	0	0	0	0	0	0	0	0	0	0	0	0	0	2	0	1	0	1	0	0	0	1	0	8	0	1
123313	15 Oct 25	03:17:00	1	0	60	0	Ct	0	0	0	0	1	0	2	0	0	0	0	1	1	0	0	0	0	0	0	0	0	1	0	2	0	2	0	0	0	1	0	20	0	0
123314	15 Oct 25	03:18:00	1	0	60	0	Ct	0	0	0	0	2	0	0	0	0	0	0	1	2	3	0	0	0	0	0	0	0	1	4	3	0	1	0	0	0	0	0	1	0	4
123315	15 Oct 25	03:19:00	1	0	60	0	Ct	0	0	0	0	3	0	2	0	0	0	0	0	3	1	0	0	0	1	0	0	3	0	2	2	0	1	0	0	0	2	0	4	0	1
123316	15 Oct 25	03:20:00	1	0	60	0	Ct	0	0	0	0	1	0	1	0	0	0	0	0	2	2	0	0	0	0	0	0	0	1	4	1	0	0	0	0	0	1	0	1	0	2
123317	15 Oct 25	03:21:00	1	0	60	0	Ct	0	0	0	0	3	0	2	0	0	0	0	0	1	0	0	0	0	0	0	0	0	1	0	2	2	1	0	0	0	2	0	2	0	1
123318	15 Oct 25	03:22:00	1	0	60	0	Ct	0	0	0	0	1	0	2	0	0	0	0	0	4	1	0	0	0	0	0	0	0	1	0	1	1	0	1	0	0	0	0	2	0	6
123319	15 Oct 25	03:23:00	1	0	60	0	Ct	0	0	0	0	2	0	2	0	0	0	0	0	1	0	0	0	0	0	0	0	0	0	0	2	3	2	1	0	0	0	0	0	0	6
123320	15 Oct 25	03:24:00	1	0	60	0	Ct	0	0	0	0	2	0	0	0	0	2	0	0	1	2	0	0	0	0	0	0	0	1	0	1	1	0	0	0	0	7	0	2	0	0
123321	15 Oct 25	03:25:00	1	0	60	0	Ct	0	0	0	0	2	0	1	0	0	0	0	0	1	4	0	0	0	3	0	0	0	1	0	2	0	2	0	0	3	0	0	0	0	2
123322	15 Oct 25	03:26:00	1	0	60	0	Ct	0	0	0	0	1	0	2	0	0	0	0	0	1	0	0	0	0	0	0	0	0	1	0	1	0	0	2	0	0	0	0	1	0	1
123323	15 Oct 25	03:27:00	1	0	60	0	Ct	0	0	0	0	2	0	1	0	0	0	0	0	0	1	0	0	0	0	0	0	0	1	0	2	2	2	0	0	0	2	0	0	0	4
123324	15 Oct 25	03:28:00	1	0	60	0	Ct	0	0	0	0	1	0	1	0	0	0	0	0	0	2	2	0	0	0	0	0	0	1	0	0	4	1	0	0	0	1	0	0	0	2
123325	15 Oct 25	03:29:00	1	0	60	0	Ct	0	0	0	0	3	0	2	0	0	0	0	0	0	0	0	0	0	0	0	0	0	2	0	0	1	0	0	0	0	3	0	3	0	1
123326	15 Oct 25	03:30:00	1	0	60	0	Ct	0	0	0	0	3	0	0	0	0	0	0	0	0	1	0	0	0	0	0	0	0	1	0	0	1	0	0	0	0	0	0	0	0	3
123327	15 Oct 25	03:31:00	1	0	60	0	Ct	0	0	0	0	1	0	2	0	0	0	0	0	1	1	0	0	0	0	0	0	0	1	0	0	1	5	0	0	0	2	1	1	0	0
123328	15 Oct 25	03:32:00	1	0	60	0	Ct	0	0	0	0	0	0	2	0	0	0	0	0	1	1	0	0	0	0	0	0	0	2	0	0	0	0	0	0	0	2	1	2	0	0
123329	15 Oct 25	03:33:00	1	0	60	0	Ct	0	0	0	0	0	0	2	0	0	0	0	0	0	1	2	0	0	0	1	0	0	0	0	0	0	1	0	0	0	1	1	0	0	0
123330	15 Oct 25	03:34:00	1	0	60	0	Ct	0	0	0	0	0	0	0	0	0	0	0	0	0	0	1	0	0	0	2	0	0	0	0	0	1	2	0	0	0	0	0	0	0	4
123331	15 Oct 25	03:35:00	1	0	60	0	Ct	0	0	0	0	0	0	1	0	0	0	0	0	1	0	2	0	0	0	0	0	0	1	0	0	2	1	0	0	0	5	1	4	0	2
123332	15 Oct 25	03:36:00	1	0	60	0	Ct	0	0	0	0	0	0	2	0	0	0	0	0	1	0	1	0	0	0	0	0	0	2	0	0	1	2	0	0	0	1	1	6	0	0
123333	15 Oct 25	03:37:00	1	0	60	0	Ct	0	0	0	0	0	0	4	0	0	0	0	0	0	0	1	0	0	0	0	0	0	0	0	0	2	0	0	0	0	1	1	3	0	2
123334	15 Oct 25	03:38:00	1	0	60	0	Ct	0	0	0	0	0	0	0	0	0	0	0	0	0	0	1	0	0	0	2	0	0	1	0	0	0	0	0	0	0	0	0	6	0	2
123335	15 Oct 25	03:39:00	1	0	60	0	Ct	0	0	0	0	0	0	0	0	0	0	0	0	1	0	0	0	0	0	1	0	0	1	0	0	1	0	0	0	0	1	1	1	0	0
123336	15 Oct 25	03:40:00	1	0	60	0	Ct	0	0	0	0	0	0	0	0	0	0	0	0	0	0	0	0	0	0	2	0	0	1	0	0	1	2	0	0	0	0	2	0	0	0
123337	15 Oct 25	03:41:00	1	0	60	0	Ct	0	0	0	0	0	0	0	0	0	0	0	0	0	0	0	0	0	0	0	0	0	1	0	3	0	2	0	0	0	0	0	0	0	0
123338	15 Oct 25	03:42:00	1	0	60	0	Ct	0	0	0	0	0	0	0	0	0	0	0	0	0	0	0	0	0	0	0	0	0	1	0	18	2	0	0	0	0	0	1	1	0	0
123339	15 Oct 25	03:43:00	1	0	60	0	Ct	0	0	0	0	0	0	0	0	0	0	0	0	0	0	0	0	0	0	0	0	0	0	0	0	0	1	0	0	0	0	1	1	0	0
123340	15 Oct 25	03:44:00	1	0	60	0	Ct	0	0	0	0	0	0	2	0	0	0	0	0	0	0	0	0	0	0	0	0	0	4	0	0	3	1	0	0	0	2	0	2	0	0
123341	15 Oct 25	03:45:00	1	0	60	0	Ct	0	0	0	0	0	0	2	0	0	0	0	0	0	2	0	0	0	0	0	0	0	0	0	0	1	1	0	0	2	0	0	0	0	0
123342	15 Oct 25	03:46:00	1	0	60	0	Ct	0	0	0	0	0	0	2	0	0	0	0	0	0	0	0	0	0	0	0	0	0	1	0	27	1	1	0	0	0	1	0	0	0	0
123343	15 Oct 25	03:47:00	1	0	60	0	Ct	0	0	0	0	0	0	2	0	0	0	0	2	0	2	0	0	0	0	0	0	0	1	0	28	1	1	0	0	0	1	1	0	0	0
123344	15 Oct 25	03:48:00	1	0	60	0	Ct	0	0	0	0	0	0	3	0	0	0	0	0	0	0	0	0	0	0	0	0	0	1	0	22	0	1	3	0	2	1	0	0	0	0
123345	15 Oct 25	03:49:00	1	0	60	0	Ct	0	0	0	0	0	0	1	0	0	0	0	0	0	1	0	0	0	0	0	0	0	0	0	16	0	2	1	0	0	0	1	0	0	0
123346	15 Oct 25	03:50:00	1	0	60	0	Ct	0	0	0	0	0	3	2	0	0	0	0	1	0	0	0	0	0	0	0	0	0	2	0	4	0	0	3	0	0	0	4	0	0	0
123347	15 Oct 25	03:51:00	1	0	60	0	Ct	0	0	0	0	0	11	1	0	0	0	0	0	0	2	0	0	0	0	0	0	0	1	0	0	2	1	4	0	2	0	0	0	0	0
123348	15 Oct 25	03:52:00	1	0	60	0	Ct	0	0	0	0	0	9	1	0	0	0	0	0	0	0	0	0	0	0	0	0	0	2	0	0	1	5	2	0	0	2	1	0	0	2
123349	15 Oct 25	03:53:00	1	0	60	0	Ct	0	0	1	0	0	19	0	0	0	0	0	0	0	0	0	0	0	0	0	0	0	0	0	0	0	1	2	0	0	1	5	0	0	3
123350	15 Oct 25	03:54:00	1	0	60	0	Ct	0	0	1	0	0	39	4	0	0	0	0	1	0	1	0	0	0	0	0	0	0	0	0	0	2	4	3	0	0	0	0	3	0	3
123351	15 Oct 25	03:55:00	1	0	60	0	Ct	0	0	2	0	0	24	1	0	0	0	0	2	0	1	0	0	0	0	0	0	0	0	0	0	2	1	0	0	0	0	0	6	0	1
123352	15 Oct 25	03:56:00	1	0	60	0	Ct	0	0	0	0	0	20	1	0	0	0	0	0	0	1	0	0	0	0	0	0	0	0	0	11	3	1	0	0	0	0	2	0	0	3
123353	15 Oct 25	03:57:00	1	0	60	0	Ct	0	0	3	0	0	26	0	0	0	0	0	0	0	1	0	0	0	0	0	0	0	0	0	2	3	0	3	0	0	0	0	0	0	1
123354	15 Oct 25	03:58:00	1	0	60	0	Ct	0	0	1	0	0	16	2	0	0	0	0	0	0	0	0	0	0	0	0	0	0	0	0	0	0	2	0	0	0	4	0	0	0	3
123355	15 Oct 25	03:59:00	1	0	60	0	Ct	0	0	1	0	0	1	2	0	0	0	0	0	0	0	0	0	0	0	0	0	0	2	0	0	2	0	0	0	0	1	1	0	0	4
123356	15 Oct 25	04:00:00	1	0	60	0	Ct	0	0	0	0	0	0	2	0	0	0	3	0	0	0	0	0	0	0	0	0	0	1	0	3	1	2	0	0	0	1	0	0	0	2
123357	15 Oct 25	04:01:00	1	0	60	0	Ct	0	0	0	0	0	0	0	0	0	0	0	0	0	0	0	0	0	0	0	0	0	2	0	0	1	1	0	0	0	2	0	0	0	2
123358	15 Oct 25	04:02:00	1	0	60	0	Ct	0	0	0	0	0	0	0	0	0	0	2	0	0	0	0	0	0	0	0	0	0	2	0	3	0	1	0	0	0	2	0	0	0	0
123359	15 Oct 25	04:03:00	1	0	60	0	Ct	0	0	0	0	0	1	2	0	0	0	0	0	0	0	0	0	0	0	0	0	0	2	0	0	0	0	0	0	0	2	0	0	0	3
123360	15 Oct 25	04:04:00	1	0	60	0	Ct	0	0	0	0	0	0	1	0	0	0	1	0	0	0	0	0	0	0	0	0	0	2	0	0	0	1	0	0	0	0	0	0	0	0
123361	15 Oct 25	04:05:00	1	0	60	0	Ct	0	0	0	0	0	0	2	0	0	0	1	0	0	0	0	0	0	0	0	0	0	2	0	3	0	2	0	2	0	0	0	0	0	0
123362	15 Oct 25	04:06:00	1	0	60	0	Ct	0	0	0	0	0	0	0	0	0	0	0	0	0	0	0	0	0	0	0	0	0	1	0	6	0	1	0	0	0	0	0	0	0	0
123363	15 Oct 25	04:07:00	1	0	60	0	Ct	0	0	0	0	0	6	2	0	0	0	0	0	0	0	0	0	0	0	0	0	0	1	0	0	0	0	0	0	0	1	0	0	0	0
123364	15 Oct 25	04:08:00	1	0	60	0	Ct	0	0	0	0	0	5	0	0	0	0	0	0	0	0	0	0	0	0	0	0	0	1	0	0	0	1	0	1	0	0	0	0	0	0
123365	15 Oct 25	04:09:00	1	0	60	0	Ct	0	0	0	0	0	0	0	0	0	0	0	0	0	0	0	0	0	0	0	0	0	0	0	0	4	1	0	0	0	4	0	0	0	0
123366	15 Oct 25	04:10:00	1	0	60	0	Ct	0	0	0	0	0	0	0	0	0	0	0	0	0	0	0	0	0	0	0	0	0	1	0	0	3	0	0	0	0	1	0	0	0	0
123367	15 Oct 25	04:11:00	1	0	60	0	Ct	0	0	0	0	0	2	0	0	0	0	0	0	0	3	0	0	0	0	0	0	0	1	0	0	1	2	0	0	0	1	0	0	0	0
123368	15 Oct 25	04:12:00	1	0	60	0	Ct	0	0	1	0	0	2	0	0	0	0	0	0	0	3	0	0	0	0	0	0	0	0	0	0	2	2	0	2	0	1	0	0	0	0
123369	15 Oct 25	04:13:00	1	0	60	0	Ct	0	0	1	0	0	3	0	0	0	0	0	0	0	3	0	2	0	0	0	0	0	1	0	0	0	0	0	1	0	1	0	0	0	0
123370	15 Oct 25	04:14:00	1	0	60	0	Ct	0	0	0	0	0	0	1	0	0	0	0	0	0	1	0	0	2	0	0	0	0	2	0	0	1	0	0	0	0	0	0	0	0	0
123371	15 Oct 25	04:15:00	1	0	60	0	Ct	0	0	0	0	0	0	2	0	0	0	0	0	0	1	0	1	1	0	0	0	0	0	0	0	1	2	0	0	0	0	0	0	0	0
123372	15 Oct 25	04:16:00	1	0	60	0	Ct	0	0	1	0	0	0	3	0	0	0	0	0	0	1	0	3	0	0	0	0	0	0	0	0	1	0	0	0	0	0	0	0	0	2
123373	15 Oct 25	04:17:00	1	0	60	0	Ct	0	0	0	0	0	1	1	0	0	0	0	0	0	0	0	0	0	0	0	0	0	1	0	1	3	0	0	0	0	0	0	0	0	1
123374	15 Oct 25	04:18:00	1	0	60	0	Ct	0	0	6	0	0	4	1	0	0	0	0	0	0	2	0	0	0	0	0	0	0	0	0	4	1	4	0	0	0	5	0	0	0	2
123375	15 Oct 25	04:19:00	1	0	60	0	Ct	0	0	0	0	0	1	1	0	0	0	0	0	0	3	0	0	0	0	0	0	0	1	0	0	1	0	0	0	0	0	0	0	0	1
123376	15 Oct 25	04:20:00	1	0	60	0	Ct	0	0	1	0	0	0	1	0	0	0	0	0	0	0	0	0	0	0	0	0	0	1	0	0	2	2	1	0	0	0	0	0	0	1
123377	15 Oct 25	04:21:00	1	0	60	0	Ct	0	0	1	0	0	0	2	0	0	0	0	0	0	2	0	0	0	0	0	0	0	3	0	0	1	0	0	0	0	5	0	0	0	3
123378	15 Oct 25	04:22:00	1	0	60	0	Ct	0	0	0	0	0	0	1	0	0	0	0	0	0	1	0	0	0	0	0	0	0	1	0	1	9	1	0	0	0	2	0	0	0	1
123379	15 Oct 25	04:23:00	1	0	60	0	Ct	0	0	0	0	0	0	1	0	0	0	0	0	0	1	0	0	0	0	0	0	0	1	0	0	13	0	0	0	0	1	0	0	0	3
123380	15 Oct 25	04:24:00	1	0	60	0	Ct	0	0	0	0	0	16	2	0	0	0	0	0	0	0	0	0	0	0	0	0	0	0	0	2	2	1	0	0	0	0	0	0	0	0
123381	15 Oct 25	04:25:00	1	0	60	0	Ct	0	0	0	0	0	2	2	0	0	0	0	0	0	5	0	0	0	0	0	0	0	0	0	0	0	0	2	0	0	0	0	0	0	3
123382	15 Oct 25	04:26:00	1	0	60	0	Ct	0	0	1	0	0	1	0	0	0	0	0	0	4	2	0	0	0	0	0	0	0	2	0	1	0	0	2	0	0	0	0	0	0	1
123383	15 Oct 25	04:27:00	1	0	60	0	Ct	0	0	1	0	0	0	0	0	0	0	0	2	2	0	0	0	0	0	5	0	0	0	0	7	1	2	2	0	0	0	0	0	0	0
123384	15 Oct 25	04:28:00	1	0	60	0	Ct	0	0	1	0	0	0	2	0	0	0	0	2	0	0	0	0	0	0	2	0	0	0	0	3	0	0	0	0	0	1	0	0	0	0
123385	15 Oct 25	04:29:00	1	0	60	0	Ct	0	0	2	0	0	0	0	0	0	0	0	0	2	0	0	0	0	0	7	0	0	2	0	4	1	0	0	0	0	1	0	0	0	0
123386	15 Oct 25	04:30:00	1	0	60	0	Ct	0	0	0	0	0	0	3	0	0	0	0	0	1	0	0	0	0	0	2	0	0	1	0	0	0	0	0	0	0	3	0	0	0	0
123387	15 Oct 25	04:31:00	1	0	60	0	Ct	0	0	1	0	0	0	0	0	0	0	0	0	0	0	0	0	0	0	0	0	0	1	0	0	0	1	0	0	0	2	0	0	0	0
123388	15 Oct 25	04:32:00	1	0	60	0	Ct	0	0	0	0	0	0	2	0	0	0	0	0	0	3	0	0	0	0	0	0	0	2	0	3	0	0	0	0	0	0	0	0	0	0
123389	15 Oct 25	04:33:00	1	0	60	0	Ct	0	0	0	0	0	0	0	0	0	0	0	0	1	0	0	0	0	2	0	0	0	1	0	2	1	1	0	0	0	1	0	0	0	0
123390	15 Oct 25	04:34:00	1	0	60	0	Ct	0	0	0	0	0	25	0	0	0	0	0	0	22	0	0	0	0	0	0	0	0	1	0	3	2	0	1	0	0	0	0	0	0	0
123391	15 Oct 25	04:35:00	1	0	60	0	Ct	0	0	1	0	0	10	0	0	0	0	0	0	27	2	0	0	0	2	0	0	0	2	0	4	0	1	0	0	0	0	0	0	0	0
123392	15 Oct 25	04:36:00	1	0	60	0	Ct	0	0	0	0	0	22	2	0	0	0	0	0	0	0	0	0	0	2	0	0	0	1	0	1	0	1	0	0	0	0	0	0	0	0
123393	15 Oct 25	04:37:00	1	0	60	0	Ct	0	0	0	0	0	21	2	0	0	0	0	0	0	0	0	0	0	2	0	0	0	1	0	0	0	0	0	0	0	1	0	0	0	0
123394	15 Oct 25	04:38:00	1	0	60	0	Ct	0	0	0	0	0	25	0	0	0	0	0	0	0	0	0	0	0	3	0	0	0	1	0	0	1	1	0	0	0	0	0	0	0	0
123395	15 Oct 25	04:39:00	1	0	60	0	Ct	0	0	0	0	0	27	0	0	0	0	0	0	0	0	0	0	0	3	0	0	0	0	0	0	3	0	0	0	0	0	0	0	0	0
123396	15 Oct 25	04:40:00	1	0	60	0	Ct	0	0	0	0	0	3	2	0	0	0	0	0	0	0	0	5	0	1	0	0	0	1	0	0	3	1	0	0	0	0	0	0	0	0
123397	15 Oct 25	04:41:00	1	0	60	0	Ct	0	0	0	0	0	6	1	0	0	0	0	0	0	0	0	0	0	2	0	0	0	1	0	0	1	1	0	0	0	9	0	0	0	0
123398	15 Oct 25	04:42:00	1	0	60	0	Ct	0	0	0	0	0	0	1	0	0	0	0	0	2	0	0	0	0	4	0	0	0	2	0	0	0	1	0	0	0	0	0	0	0	3
123399	15 Oct 25	04:43:00	1	0	60	0	Ct	0	0	0	0	2	9	2	0	0	0	0	0	0	1	0	2	0	2	0	0	0	1	0	0	2	0	0	0	0	0	0	0	0	0
123400	15 Oct 25	04:44:00	1	0	60	0	Ct	0	0	0	0	0	11	1	0	0	0	0	0	1	1	0	2	0	2	0	0	0	1	0	0	1	0	0	0	0	0	0	0	0	3
123401	15 Oct 25	04:45:00	1	0	60	0	Ct	0	0	0	0	0	5	2	0	0	0	0	0	0	1	0	2	0	1	0	0	0	0	0	0	0	1	0	0	0	7	0	0	0	1
123402	15 Oct 25	04:46:00	1	0	60	0	Ct	0	0	0	0	0	5	1	0	0	0	0	0	0	1	0	2	0	4	0	0	0	1	0	2	1	1	0	0	0	0	0	0	0	5
123403	15 Oct 25	04:47:00	1	0	60	0	Ct	0	0	0	0	0	1	2	0	0	0	0	0	0	1	0	3	0	2	0	0	0	0	0	2	1	0	0	0	0	1	0	0	0	0
123404	15 Oct 25	04:48:00	1	0	60	0	Ct	0	0	0	0	0	0	0	0	0	0	0	0	0	1	0	2	0	1	0	0	0	1	1	4	0	1	0	0	0	6	0	0	0	0
123405	15 Oct 25	04:49:00	1	0	60	0	Ct	0	0	0	0	0	0	0	0	0	0	0	0	0	1	0	3	0	3	0	0	0	1	4	2	0	1	0	0	0	5	0	0	0	0
123406	15 Oct 25	04:50:00	1	0	60	0	Ct	0	0	0	0	0	0	0	0	0	0	0	0	1	1	0	1	0	1	0	0	0	1	7	0	0	0	0	0	0	2	0	0	0	0
123407	15 Oct 25	04:51:00	1	0	60	0	Ct	0	0	0	0	0	0	0	0	0	0	0	0	0	0	0	1	0	1	0	0	0	0	2	1	0	1	0	0	0	0	0	0	0	0
123408	15 Oct 25	04:52:00	1	0	60	0	Ct	0	0	0	0	0	10	0	0	0	0	0	0	0	1	0	1	0	2	0	0	2	0	5	0	2	1	0	0	0	2	0	0	0	0
123409	15 Oct 25	04:53:00	1	0	60	0	Ct	0	0	0	0	0	1	0	0	0	0	0	0	0	2	0	2	0	3	0	0	1	0	3	0	1	0	0	0	0	6	0	0	0	0
123410	15 Oct 25	04:54:00	1	0	60	0	Ct	0	0	0	0	0	2	2	0	0	0	0	0	0	0	0	3	0	2	0	0	4	0	3	10	4	1	0	0	0	0	0	0	0	0
123411	15 Oct 25	04:55:00	1	0	60	0	Ct	0	0	0	0	0	0	0	0	0	0	0	0	0	4	0	1	0	1	0	0	4	0	6	1	0	1	0	0	0	0	0	0	0	0
123412	15 Oct 25	04:56:00	1	0	60	0	Ct	0	0	0	0	0	1	2	0	0	0	0	0	0	1	0	0	0	2	0	0	4	0	2	1	2	1	0	0	0	0	1	0	0	0
123413	15 Oct 25	04:57:00	1	0	60	0	Ct	0	0	0	0	0	0	0	0	0	0	0	0	0	0	0	6	0	3	0	0	4	0	10	1	0	2	0	0	0	2	2	0	0	0
123414	15 Oct 25	04:58:00	1	0	60	0	Ct	0	0	0	0	0	0	0	0	0	0	0	0	0	0	0	2	0	2	0	0	2	0	5	6	0	1	0	0	0	0	2	0	0	0
123415	15 Oct 25	04:59:00	1	0	60	0	Ct	0	0	0	0	0	1	0	0	0	0	0	0	0	2	0	2	0	3	2	0	4	0	2	2	0	2	0	0	0	0	2	0	0	0
123416	15 Oct 25	05:00:00	1	0	60	0	Ct	0	0	0	0	0	3	0	0	0	0	0	0	1	1	0	2	0	2	0	0	3	0	6	2	0	0	0	0	0	0	0	0	0	0
123417	15 Oct 25	05:01:00	1	0	60	0	Ct	0	0	0	0	0	0	0	0	0	0	0	0	2	1	0	1	0	1	0	0	3	0	1	1	0	1	0	0	0	3	2	0	0	0
123418	15 Oct 25	05:02:00	1	0	60	0	Ct	0	0	0	0	0	6	0	0	0	0	0	0	0	2	0	2	0	0	0	0	2	1	6	2	0	0	0	0	0	1	1	0	0	0
123419	15 Oct 25	05:03:00	1	0	60	0	Ct	0	0	0	0	0	0	0	0	0	0	0	0	0	1	0	1	0	3	0	0	3	1	3	1	0	0	0	1	0	1	1	0	0	0
123420	15 Oct 25	05:04:00	1	0	60	0	Ct	0	0	0	0	0	3	0	0	0	0	0	0	1	0	0	1	0	1	0	0	3	4	3	3	0	2	0	0	1	0	1	0	0	0
123421	15 Oct 25	05:05:00	1	0	60	0	Ct	0	0	0	0	0	0	0	0	0	0	0	0	0	2	0	2	0	3	2	0	4	1	2	1	0	0	0	0	1	0	1	0	0	2
123422	15 Oct 25	05:06:00	1	0	60	0	Ct	0	0	0	0	0	0	1	0	0	0	0	0	0	2	0	0	0	2	0	0	4	0	1	1	0	0	0	0	2	3	0	0	0	3
123423	15 Oct 25	05:07:00	1	0	60	0	Ct	0	0	0	0	0	2	1	0	0	0	0	0	0	1	0	0	0	1	0	0	2	0	3	1	3	1	0	0	1	3	2	0	0	2
123424	15 Oct 25	05:08:00	1	0	60	0	Ct	0	0	0	0	0	1	0	0	0	0	0	5	1	0	0	2	0	3	0	0	2	0	1	3	0	1	0	0	2	2	0	0	0	2
123425	15 Oct 25	05:09:00	1	0	60	0	Ct	0	0	0	0	0	2	0	0	0	0	0	0	0	1	0	3	0	5	0	0	4	0	4	2	0	0	0	0	0	1	0	0	0	4
123426	15 Oct 25	05:10:00	1	0	60	0	Ct	0	0	0	0	0	0	3	0	0	0	0	6	0	0	0	1	0	1	1	0	1	2	2	1	0	2	1	0	0	5	0	0	0	5
123427	15 Oct 25	05:11:00	1	0	60	0	Ct	0	0	0	0	0	0	0	0	0	0	0	0	0	1	0	2	0	3	2	0	4	1	1	2	0	0	4	0	0	5	0	0	0	5
123428	15 Oct 25	05:12:00	1	0	60	0	Ct	0	0	0	0	0	2	0	0	0	0	0	0	0	1	0	3	0	2	3	0	3	0	1	2	0	0	3	0	0	0	1	0	0	2
123429	15 Oct 25	05:13:00	1	0	60	0	Ct	0	0	0	0	0	0	0	0	0	0	0	0	0	1	0	3	0	2	2	0	2	6	3	0	0	1	0	1	0	0	3	0	0	4
123430	15 Oct 25	05:14:00	1	0	60	0	Ct	0	0	1	0	0	16	0	0	0	0	0	0	0	1	0	2	0	2	4	0	2	0	2	1	0	1	0	1	0	0	2	0	0	1
123431	15 Oct 25	05:15:00	1	0	60	0	Ct	0	0	1	0	0	7	0	0	0	0	0	0	0	0	0	1	0	2	2	0	2	0	3	1	0	0	0	0	0	0	1	0	0	2
123432	15 Oct 25	05:16:00	1	0	60	0	Ct	0	0	0	2	0	4	0	0	0	0	0	0	0	1	0	9	0	3	1	0	1	1	1	2	0	0	0	0	0	0	0	0	0	0
123433	15 Oct 25	05:17:00	1	0	60	0	Ct	0	0	0	0	0	1	0	0	0	0	0	0	0	1	0	0	0	2	1	0	1	1	5	1	0	2	0	0	0	2	0	0	0	3
123434	15 Oct 25	05:18:00	1	0	60	0	Ct	0	0	0	2	0	1	0	0	0	0	0	0	1	1	0	0	0	1	0	0	2	4	1	2	0	0	2	0	0	0	0	0	0	0
123435	15 Oct 25	05:19:00	1	0	60	0	Ct	0	0	0	1	0	0	0	0	0	0	0	0	10	1	0	0	0	0	0	0	1	0	2	1	0	0	0	0	0	0	0	0	0	0
123436	15 Oct 25	05:20:00	1	0	60	0	Ct	0	0	0	0	0	0	0	0	0	0	0	0	22	1	0	0	0	2	0	0	2	3	0	2	0	0	0	0	0	0	1	0	0	0
123437	15 Oct 25	05:21:00	1	0	60	0	Ct	0	0	0	0	0	1	0	0	0	0	0	0	32	1	0	0	0	3	0	0	4	3	3	1	0	1	0	0	0	0	1	0	0	0
123438	15 Oct 25	05:22:00	1	0	60	0	Ct	0	0	0	0	0	4	0	0	0	0	0	0	4	1	0	0	0	2	0	0	2	3	6	1	0	0	0	0	0	0	2	0	0	0
123439	15 Oct 25	05:23:00	1	0	60	0	Ct	0	0	0	0	0	0	0	0	0	0	0	0	0	1	0	0	0	3	0	0	2	2	1	0	0	1	0	0	0	0	2	0	0	0
123440	15 Oct 25	05:24:00	1	0	60	0	Ct	0	0	0	0	0	2	0	0	0	0	0	0	0	2	0	0	0	2	0	0	2	1	0	0	0	0	0	0	0	0	1	0	0	0
123441	15 Oct 25	05:25:00	1	0	60	0	Ct	0	0	0	0	0	0	0	0	0	0	0	0	0	0	0	0	0	2	0	0	3	0	0	0	0	0	0	0	0	0	1	0	0	0
123442	15 Oct 25	05:26:00	1	0	60	0	Ct	0	0	0	0	0	0	0	0	0	0	0	0	0	1	0	0	0	1	0	0	1	0	1	0	0	0	0	0	0	0	2	0	0	0
123443	15 Oct 25	05:27:00	1	0	60	0	Ct	0	0	0	0	0	0	0	0	0	0	0	0	0	1	0	0	0	1	0	0	2	3	0	0	0	1	0	0	0	0	2	0	0	0
123444	15 Oct 25	05:28:00	1	0	60	0	Ct	0	0	0	0	0	0	0	0	0	0	0	0	0	3	0	0	0	2	0	0	3	2	0	0	0	0	0	0	0	0	1	0	2	0
123445	15 Oct 25	05:29:00	1	0	60	0	Ct	0	0	0	0	0	0	0	0	0	0	0	0	0	0	0	0	0	1	0	0	2	2	0	0	0	0	0	0	0	0	0	0	1	0
123446	15 Oct 25	05:30:00	1	0	60	0	Ct	0	0	0	0	0	0	0	0	0	0	0	0	0	2	0	0	0	2	0	0	2	4	0	0	5	0	3	0	0	3	0	0	5	0
123447	15 Oct 25	05:31:00	1	0	60	0	Ct	0	0	0	0	0	9	0	0	0	0	0	0	0	0	0	0	0	3	0	0	1	2	0	0	0	1	4	0	0	0	1	0	9	0
123448	15 Oct 25	05:32:00	1	0	60	0	Ct	0	0	0	0	0	23	0	0	0	0	0	0	0	1	0	0	0	3	0	0	1	0	0	0	0	11	3	0	0	0	0	0	0	0
123449	15 Oct 25	05:33:00	1	0	60	0	Ct	0	0	0	1	0	6	0	0	0	0	0	0	0	0	0	0	0	2	0	0	2	1	0	0	0	3	2	0	0	0	4	0	0	0
123450	15 Oct 25	05:34:00	1	0	60	0	Ct	0	0	0	2	0	1	0	0	0	0	0	0	0	0	0	0	0	0	0	0	1	1	0	2	0	1	1	0	0	0	0	0	0	0
123451	15 Oct 25	05:35:00	1	0	60	0	Ct	0	0	0	0	0	1	0	0	0	0	0	0	0	0	0	2	0	2	0	0	2	1	0	0	0	0	2	0	0	0	0	0	0	0
123452	15 Oct 25	05:36:00	1	0	60	0	Ct	0	0	0	2	0	0	0	0	0	0	0	0	0	2	0	0	0	2	0	0	0	1	0	1	0	0	2	0	0	0	0	0	0	0
123453	15 Oct 25	05:37:00	1	0	60	0	Ct	0	0	0	2	0	0	0	0	0	0	0	0	0	0	0	0	0	2	0	0	0	2	0	2	0	0	2	0	0	2	0	0	0	0
123454	15 Oct 25	05:38:00	1	0	60	0	Ct	0	0	0	2	0	0	0	0	0	0	0	0	0	0	0	0	0	1	0	0	2	0	0	1	0	0	0	0	0	0	0	0	0	0
123455	15 Oct 25	05:39:00	1	0	60	0	Ct	0	0	0	0	0	6	0	0	0	0	0	0	0	0	0	0	0	1	0	0	2	0	0	1	0	0	0	0	0	0	0	0	0	0
123456	15 Oct 25	05:40:00	1	0	60	0	Ct	0	0	0	2	0	8	0	0	0	0	0	0	0	0	0	0	0	2	0	0	1	5	0	0	0	0	0	0	0	0	0	0	0	0
123457	15 Oct 25	05:41:00	1	0	60	0	Ct	0	0	0	2	0	15	0	0	0	0	0	0	0	3	0	0	0	2	0	0	4	1	0	0	0	0	0	0	0	0	0	0	0	0
123458	15 Oct 25	05:42:00	1	0	60	0	Ct	0	0	0	3	0	22	0	0	0	0	0	0	0	0	0	0	0	1	0	0	2	1	0	0	0	0	3	0	0	0	0	0	0	0
123459	15 Oct 25	05:43:00	1	0	60	0	Ct	0	0	0	3	0	11	0	0	0	0	0	0	0	2	0	0	0	0	0	0	2	1	0	0	0	0	0	0	0	2	0	0	0	0
123460	15 Oct 25	05:44:00	1	0	60	0	Ct	0	0	0	2	0	14	0	0	0	0	0	0	0	1	0	0	0	0	0	0	1	0	0	0	0	1	0	0	2	6	0	0	0	0
123461	15 Oct 25	05:45:00	1	0	60	0	Ct	0	0	0	1	0	2	0	0	0	0	0	0	0	2	0	0	0	0	0	0	0	0	0	0	0	1	0	0	0	3	0	0	0	0
123462	15 Oct 25	05:46:00	1	0	60	0	Ct	0	0	0	3	0	12	0	0	0	0	0	0	0	0	0	0	0	0	0	0	2	3	0	0	0	1	0	0	0	3	0	0	0	0
123463	15 Oct 25	05:47:00	1	0	60	0	Ct	0	0	0	3	0	10	0	0	0	0	0	0	0	2	0	0	0	0	2	0	2	2	0	0	0	0	0	0	0	2	0	0	0	0
123464	15 Oct 25	05:48:00	1	0	60	0	Ct	0	0	0	3	0	8	0	0	0	0	0	0	0	2	0	0	0	0	0	0	0	1	0	0	0	0	0	0	0	2	0	0	0	0
123465	15 Oct 25	05:49:00	1	0	60	0	Ct	0	0	0	3	0	3	0	0	0	0	0	0	0	1	0	0	0	1	0	0	2	2	0	0	0	0	0	0	0	1	0	0	0	0
123466	15 Oct 25	05:50:00	1	0	60	0	Ct	0	0	0	4	0	3	0	0	0	0	0	0	1	2	0	0	0	2	0	0	3	1	0	0	0	0	0	0	0	2	0	0	0	0
123467	15 Oct 25	05:51:00	1	0	60	0	Ct	0	0	0	1	0	2	0	0	0	0	0	0	1	2	0	0	0	0	0	0	1	1	0	0	0	0	0	0	0	3	0	0	0	0
123468	15 Oct 25	05:52:00	1	0	60	0	Ct	0	0	0	1	0	9	0	0	0	0	0	0	0	1	0	0	0	12	0	0	1	0	0	0	0	0	0	0	0	0	0	0	0	0
123469	15 Oct 25	05:53:00	1	0	60	0	Ct	0	0	0	3	0	5	0	0	0	0	0	0	0	2	0	0	0	16	0	0	1	2	0	0	0	0	0	0	0	0	0	0	0	0
123470	15 Oct 25	05:54:00	1	0	60	0	Ct	0	0	0	2	0	5	0	0	0	0	0	0	0	2	0	0	0	15	0	0	0	1	0	0	0	0	0	0	0	2	0	0	0	0
123471	15 Oct 25	05:55:00	1	0	60	0	Ct	0	0	0	1	0	8	0	0	0	0	0	0	0	2	0	0	0	8	0	0	0	2	0	0	0	0	0	0	0	2	0	0	2	0
123472	15 Oct 25	05:56:00	1	0	60	0	Ct	0	0	0	5	1	7	0	0	0	0	0	0	0	3	0	0	0	0	0	0	0	0	0	0	0	0	0	0	0	0	0	0	0	0
123473	15 Oct 25	05:57:00	1	0	60	0	Ct	0	0	0	2	0	5	0	0	0	0	0	0	0	1	0	0	0	0	0	0	0	2	0	0	0	0	0	0	0	0	0	0	0	0
123474	15 Oct 25	05:58:00	1	0	60	0	Ct	0	0	0	6	0	0	0	0	0	0	0	0	0	0	0	0	0	0	0	0	0	3	0	0	0	0	0	0	0	0	0	0	0	0
123475	15 Oct 25	05:59:00	1	0	60	0	Ct	0	0	0	1	0	0	0	0	0	0	0	0	0	1	0	0	0	0	0	0	0	1	0	0	0	0	0	0	0	0	0	0	0	0
123476	15 Oct 25	06:00:00	1	0	60	0	Ct	0	0	0	3	0	2	0	0	0	0	0	0	0	0	0	0	0	0	0	0	0	1	0	0	0	0	3	0	0	0	0	0	0	0
123477	15 Oct 25	06:01:00	1	0	60	0	Ct	0	0	0	3	0	1	0	0	0	0	0	0	0	0	0	0	0	0	0	0	0	0	0	0	0	0	0	0	0	0	0	0	0	0
123478	15 Oct 25	06:02:00	1	0	60	0	Ct	0	0	0	1	0	2	0	0	0	0	0	0	0	0	0	0	0	0	0	0	0	2	0	0	0	0	0	0	0	1	0	1	0	0
123479	15 Oct 25	06:03:00	1	0	60	0	Ct	0	0	0	3	0	0	0	0	0	0	0	0	0	0	0	0	0	0	0	0	0	0	0	0	0	0	0	0	0	0	0	0	0	0
123480	15 Oct 25	06:04:00	1	0	60	0	Ct	0	0	0	4	0	2	0	0	0	0	0	0	0	1	0	0	0	0	0	0	0	4	0	0	0	0	0	0	0	0	0	0	0	0
123481	15 Oct 25	06:05:00	1	0	60	0	Ct	0	0	0	1	1	3	0	0	0	0	0	0	0	0	0	0	0	0	0	0	0	0	0	0	0	0	0	0	0	0	0	0	0	0
123482	15 Oct 25	06:06:00	1	0	60	0	Ct	0	0	0	3	5	1	0	0	0	0	0	0	0	1	0	0	0	0	0	0	0	1	0	0	0	0	0	0	0	0	0	0	0	0
123483	15 Oct 25	06:07:00	1	0	60	0	Ct	0	0	0	1	0	1	0	0	0	0	0	0	0	1	0	0	0	0	0	0	0	2	0	0	0	0	0	0	0	0	0	0	0	0
123484	15 Oct 25	06:08:00	1	0	60	0	Ct	0	0	0	0	0	8	0	0	0	0	0	0	0	0	0	0	0	0	0	0	0	0	0	0	0	0	0	0	0	0	2	0	0	0
123485	15 Oct 25	06:09:00	1	0	60	0	Ct	0	0	0	4	0	0	0	0	0	0	0	0	0	0	0	0	0	0	0	0	0	0	0	0	0	0	0	0	0	0	1	0	0	0
123486	15 Oct 25	06:10:00	1	0	60	0	Ct	0	0	0	3	0	5	0	0	0	0	0	0	0	0	0	0	0	0	0	0	0	2	0	0	0	0	0	0	0	0	0	0	0	0
123487	15 Oct 25	06:11:00	1	0	60	0	Ct	0	0	1	3	0	1	0	0	0	0	0	0	0	0	0	0	0	0	0	0	0	1	0	0	0	0	0	0	0	0	1	0	0	0
123488	15 Oct 25	06:12:00	1	0	60	0	Ct	0	0	1	3	0	1	0	0	0	0	0	0	0	2	0	0	0	0	0	0	0	1	0	0	0	0	0	0	0	0	0	0	2	0
123489	15 Oct 25	06:13:00	1	0	60	0	Ct	0	0	0	2	0	0	0	0	0	0	0	0	0	1	0	0	0	3	0	0	0	2	0	0	0	0	0	0	0	0	0	0	0	0
123490	15 Oct 25	06:14:00	1	0	60	0	Ct	0	0	3	0	0	1	0	0	0	0	0	0	0	0	0	0	0	5	2	0	0	0	0	0	0	0	0	0	0	0	0	0	1	0
123491	15 Oct 25	06:15:00	1	0	60	0	Ct	0	0	1	0	0	0	0	0	0	0	0	0	0	1	0	0	0	1	0	0	0	0	0	0	0	0	0	0	0	0	0	0	1	0
123492	15 Oct 25	06:16:00	1	0	60	0	Ct	0	0	1	5	0	0	0	0	0	0	0	0	0	2	0	0	0	3	2	0	0	0	0	0	0	0	0	0	0	0	0	0	0	0
123493	15 Oct 25	06:17:00	1	0	60	0	Ct	0	0	1	3	0	3	0	0	0	0	0	0	0	1	0	0	0	2	2	0	0	3	0	0	0	0	0	0	0	0	0	0	0	0
123494	15 Oct 25	06:18:00	1	0	60	0	Ct	0	0	0	3	0	0	0	0	0	0	0	0	2	0	0	0	0	0	0	0	0	1	0	0	0	0	0	0	0	0	0	2	0	0
123495	15 Oct 25	06:19:00	1	0	60	0	Ct	0	0	0	2	0	1	0	0	0	0	0	0	0	2	0	0	0	0	0	0	0	0	0	0	0	0	0	0	0	0	0	2	0	0
123496	15 Oct 25	06:20:00	1	0	60	0	Ct	0	0	0	3	0	0	0	0	0	0	0	0	0	0	0	0	0	2	0	0	0	0	0	0	0	0	0	0	0	0	0	0	0	0
123497	15 Oct 25	06:21:00	1	0	60	0	Ct	0	0	0	2	0	2	0	0	0	0	0	0	0	2	0	0	0	10	0	0	0	0	0	0	0	0	0	0	0	0	0	0	0	0
123498	15 Oct 25	06:22:00	1	0	60	0	Ct	0	0	0	3	0	0	0	0	0	0	0	0	0	2	0	0	0	20	2	0	0	0	0	4	0	0	0	0	0	0	0	0	0	0
123499	15 Oct 25	06:23:00	1	0	60	0	Ct	0	0	0	2	0	2	0	0	0	0	0	0	0	0	0	0	0	3	0	0	0	0	0	2	0	0	0	0	0	0	0	0	0	0
123500	15 Oct 25	06:24:00	1	0	60	0	Ct	0	0	0	2	0	2	0	0	0	0	0	0	0	0	0	0	0	0	0	0	0	0	0	2	0	0	0	0	0	0	0	2	0	0
123501	15 Oct 25	06:25:00	1	0	60	0	Ct	0	0	0	1	0	4	0	0	0	0	0	0	0	2	0	0	0	1	0	0	0	0	0	0	0	0	0	0	0	0	0	0	0	0
123502	15 Oct 25	06:26:00	1	0	60	0	Ct	0	0	0	3	0	4	0	0	0	0	0	0	0	3	0	2	0	1	0	0	0	0	0	0	0	0	0	0	0	0	0	0	0	0
123503	15 Oct 25	06:27:00	1	0	60	0	Ct	0	0	0	2	0	0	0	0	0	0	0	0	0	0	0	0	0	0	0	0	0	0	0	0	0	0	0	0	0	1	0	2	0	0
123504	15 Oct 25	06:28:00	1	0	60	0	Ct	0	0	0	0	0	2	0	0	0	0	0	0	4	0	0	0	0	0	0	0	2	0	0	2	0	0	0	0	0	3	0	2	0	0
123505	15 Oct 25	06:29:00	1	0	60	0	Ct	0	0	0	2	0	4	0	0	0	0	0	0	1	1	0	3	0	0	0	0	0	0	0	0	0	0	0	0	0	0	0	0	0	0
123506	15 Oct 25	06:30:00	1	0	60	0	Ct	0	0	0	1	0	5	0	0	0	0	0	0	1	1	0	0	0	1	0	0	0	0	0	0	0	0	0	0	0	0	0	0	0	0
123507	15 Oct 25	06:31:00	1	0	60	0	Ct	0	0	0	1	0	1	0	0	0	0	0	0	1	0	0	0	0	1	0	0	0	0	0	0	0	0	0	0	0	0	0	0	0	0
123508	15 Oct 25	06:32:00	1	0	60	0	Ct	0	0	0	3	0	0	0	0	0	0	0	0	1	1	0	0	0	0	0	0	0	0	0	0	0	0	0	0	0	0	1	0	0	0
123509	15 Oct 25	06:33:00	1	0	60	0	Ct	0	0	0	2	0	0	0	0	0	0	0	0	0	2	0	0	0	0	0	0	0	4	0	0	0	0	0	0	0	0	3	2	0	0
123510	15 Oct 25	06:34:00	1	0	60	0	Ct	0	0	0	2	2	0	0	0	0	0	0	3	0	3	0	0	0	0	0	0	0	0	2	0	0	0	0	0	0	0	0	4	0	0
123511	15 Oct 25	06:35:00	1	0	60	0	Ct	0	0	0	2	0	0	0	0	0	0	0	2	0	0	0	0	0	2	0	0	0	1	3	0	0	0	0	0	0	2	1	1	0	0
123512	15 Oct 25	06:36:00	1	0	60	0	Ct	0	0	0	4	0	0	0	0	0	0	0	0	0	2	0	0	1	3	0	0	0	3	0	0	0	0	0	0	0	1	1	0	0	0
123513	15 Oct 25	06:37:00	1	0	60	0	Ct	0	0	0	3	0	0	0	0	0	0	0	0	0	1	0	0	3	3	0	0	0	1	0	0	0	0	0	0	0	0	2	0	0	0
123514	15 Oct 25	06:38:00	1	0	60	0	Ct	0	0	0	0	0	0	0	0	0	0	0	0	0	6	0	0	0	4	0	0	0	2	0	0	0	0	0	0	0	0	1	0	0	0
123515	15 Oct 25	06:39:00	1	0	60	0	Ct	0	0	0	1	0	0	0	0	0	0	0	2	0	0	0	0	0	4	0	0	0	1	5	2	0	0	0	0	0	1	0	0	0	0
123516	15 Oct 25	06:40:00	1	0	60	0	Ct	0	0	0	2	0	0	0	0	0	2	0	0	0	0	0	0	4	3	0	0	0	3	3	0	0	0	0	0	0	1	0	0	1	0
123517	15 Oct 25	06:41:00	1	0	60	0	Ct	0	0	0	0	0	0	0	0	0	0	0	0	0	2	0	0	1	2	0	0	0	0	8	0	0	0	0	0	0	0	0	0	0	0
123518	15 Oct 25	06:42:00	1	0	60	0	Ct	0	0	0	1	0	0	0	0	0	0	0	0	0	0	0	0	1	3	0	0	0	4	6	0	0	0	0	0	0	0	0	0	0	0
123519	15 Oct 25	06:43:00	1	0	60	0	Ct	0	0	0	0	0	0	0	0	0	0	0	0	0	0	0	0	0	3	0	0	0	2	3	0	0	0	0	0	0	0	0	0	0	0
123520	15 Oct 25	06:44:00	1	0	60	0	Ct	0	0	0	0	0	1	0	0	0	0	0	0	0	0	0	0	2	2	0	0	0	1	3	0	0	0	0	0	0	3	0	0	0	0
123521	15 Oct 25	06:45:00	1	0	60	0	Ct	0	0	0	3	0	0	0	0	0	0	0	0	0	0	0	0	4	2	0	0	0	1	2	1	0	0	0	0	0	0	2	1	0	0
123522	15 Oct 25	06:46:00	1	0	60	0	Ct	0	0	0	2	0	0	0	0	0	0	0	0	0	0	0	0	0	2	0	0	0	2	1	2	0	0	0	0	0	9	3	1	0	0
123523	15 Oct 25	06:47:00	1	0	60	0	Ct	0	0	0	0	0	0	0	0	0	0	1	0	0	1	0	0	0	2	0	0	0	0	4	0	0	0	0	0	0	2	2	2	0	0
123524	15 Oct 25	06:48:00	1	0	60	0	Ct	0	0	2	3	0	0	0	0	0	0	2	0	0	1	0	0	0	13	0	0	0	2	4	0	0	0	1	0	0	0	1	1	2	0
123525	15 Oct 25	06:49:00	1	0	60	0	Ct	0	0	1	2	1	0	0	0	0	0	2	0	0	4	0	1	0	2	0	0	0	1	2	0	0	0	2	0	0	0	1	1	0	0
123526	15 Oct 25	06:50:00	1	0	60	0	Ct	0	0	9	1	3	0	0	0	0	0	2	0	0	2	0	1	0	1	0	0	0	0	4	1	0	0	1	0	0	0	0	1	0	0
123527	15 Oct 25	06:51:00	1	0	60	0	Ct	0	0	0	1	0	0	0	0	0	0	1	0	0	10	0	0	0	2	0	0	0	1	4	0	0	0	2	0	0	4	0	1	0	0
123528	15 Oct 25	06:52:00	1	0	60	0	Ct	0	0	0	1	0	1	0	0	0	0	3	0	0	2	0	0	0	3	0	0	0	3	0	0	0	0	3	0	0	0	0	8	0	0
123529	15 Oct 25	06:53:00	1	0	60	0	Ct	0	0	1	1	0	0	0	0	0	0	2	0	0	2	0	0	0	2	0	0	0	2	1	0	0	0	0	0	0	2	1	2	0	0
123530	15 Oct 25	06:54:00	1	0	60	0	Ct	0	0	1	1	1	0	0	0	0	0	1	0	0	3	0	0	0	1	0	0	0	1	2	0	0	0	0	0	0	0	0	0	0	0
123531	15 Oct 25	06:55:00	1	0	60	0	Ct	0	0	1	16	3	0	0	0	0	0	2	0	0	0	0	0	0	2	0	0	0	0	3	0	0	0	0	0	0	0	0	6	0	0
123532	15 Oct 25	06:56:00	1	0	60	0	Ct	0	0	1	18	1	0	0	0	0	0	2	0	0	2	0	0	1	1	0	0	0	2	6	0	3	0	0	0	0	0	1	4	2	0
123533	15 Oct 25	06:57:00	1	0	60	0	Ct	0	0	2	2	2	0	0	0	0	0	1	0	0	0	0	0	1	2	0	0	0	1	1	0	2	0	0	0	0	1	0	2	0	0
123534	15 Oct 25	06:58:00	1	0	60	0	Ct	0	0	1	0	2	0	0	0	0	0	2	0	0	2	0	0	0	1	0	0	0	0	2	0	2	0	0	0	0	12	1	1	0	0
123535	15 Oct 25	06:59:00	1	0	60	0	Ct	0	0	2	0	3	0	0	0	0	0	2	0	0	0	0	0	0	2	0	0	0	0	6	0	2	0	0	0	0	1	2	0	0	0
123536	15 Oct 25	07:00:00	1	0	60	0	Ct	0	0	0	0	1	0	0	0	0	0	0	0	0	1	0	0	0	0	0	0	0	1	6	0	1	0	0	0	0	2	4	3	0	0
123537	15 Oct 25	07:01:00	1	0	60	0	Ct	0	0	2	0	3	0	0	0	0	0	1	0	0	1	0	0	0	0	0	0	0	1	4	0	2	0	0	0	0	1	0	1	2	0
123538	15 Oct 25	07:02:00	1	0	60	0	Ct	0	0	1	0	2	0	0	0	0	0	2	0	0	0	0	0	2	2	0	0	0	0	1	0	2	0	0	1	0	2	0	3	0	0
123539	15 Oct 25	07:03:00	1	0	60	0	Ct	0	0	0	0	2	1	0	0	0	0	3	0	0	3	0	0	2	3	0	0	0	1	1	0	3	0	0	0	0	2	0	2	1	0
123540	15 Oct 25	07:04:00	1	0	60	0	Ct	0	0	1	0	1	9	0	0	0	0	0	0	0	1	0	0	0	1	0	0	0	1	4	0	1	0	0	0	0	1	0	3	1	0
123541	15 Oct 25	07:05:00	1	0	60	0	Ct	0	0	2	0	2	13	0	0	0	0	3	0	0	53	0	0	0	2	0	0	0	0	3	0	2	0	0	0	0	24	0	2	0	0
123542	15 Oct 25	07:06:00	1	0	60	0	Ct	0	0	1	0	1	2	0	0	0	0	1	0	0	0	0	0	0	1	0	0	0	4	1	0	2	0	0	0	0	10	0	0	0	0
123543	15 Oct 25	07:07:00	1	0	60	0	Ct	0	0	2	0	2	4	0	0	0	0	2	0	0	0	0	0	0	1	0	0	0	2	4	0	3	0	0	0	0	0	0	1	0	0
123544	15 Oct 25	07:08:00	1	0	60	0	Ct	0	0	1	0	2	11	0	0	0	0	1	3	0	0	0	0	0	1	0	0	0	1	9	0	1	0	2	0	0	0	2	2	0	0
123545	15 Oct 25	07:09:00	1	0	60	0	Ct	0	0	2	0	1	6	0	0	0	0	1	0	0	0	0	2	0	1	0	0	0	0	4	0	4	0	1	0	0	2	2	1	0	0
123546	15 Oct 25	07:10:00	1	0	60	0	Ct	0	0	3	0	4	3	0	0	0	0	1	1	0	1	0	1	0	2	0	0	0	2	2	0	1	0	1	0	0	2	1	0	0	0
123547	15 Oct 25	07:11:00	1	0	60	0	Ct	0	0	6	0	2	20	0	0	0	0	1	1	0	0	0	3	0	3	0	0	0	4	0	1	2	0	2	0	0	0	3	0	0	0
123548	15 Oct 25	07:12:00	1	0	60	0	Ct	0	0	0	0	1	11	0	0	0	0	0	3	0	0	0	3	0	2	0	0	0	1	0	4	2	0	1	2	0	6	2	0	0	0
123549	15 Oct 25	07:13:00	1	0	60	0	Ct	0	0	1	0	2	7	0	0	0	0	12	6	0	0	0	2	0	0	0	0	0	1	7	0	1	0	0	2	0	1	0	0	0	0
123550	15 Oct 25	07:14:00	1	0	60	0	Ct	0	0	0	0	2	6	0	0	0	0	2	1	0	0	0	2	0	0	0	0	0	0	10	3	0	0	1	0	0	2	1	0	0	0
123551	15 Oct 25	07:15:00	1	0	60	0	Ct	0	0	1	0	0	11	0	0	0	0	1	2	0	0	0	3	0	3	0	0	0	0	1	2	0	0	1	0	0	4	1	0	0	0
123552	15 Oct 25	07:16:00	1	0	60	0	Ct	0	0	1	0	2	18	0	0	0	0	2	3	0	0	0	2	0	3	0	0	0	0	0	1	3	0	3	0	0	1	0	0	0	0
123553	15 Oct 25	07:17:00	1	0	60	0	Ct	0	0	2	0	3	2	0	0	0	0	0	0	0	0	0	1	0	3	0	0	2	0	0	0	1	0	0	0	0	4	0	0	0	0
123554	15 Oct 25	07:18:00	1	0	60	0	Ct	0	0	1	0	1	4	0	0	0	0	1	0	0	0	0	2	2	2	0	0	1	0	0	2	4	0	0	1	0	2	0	0	0	0
123555	15 Oct 25	07:19:00	1	0	60	0	Ct	0	0	0	0	0	1	0	0	0	0	1	0	0	1	0	1	3	2	0	0	2	0	0	1	1	0	0	2	0	1	3	0	0	0
123556	15 Oct 25	07:20:00	1	0	60	0	Ct	0	0	0	0	2	0	0	0	0	0	2	0	0	1	0	4	0	2	0	0	0	0	0	0	2	1	0	5	0	1	2	0	0	0
123557	15 Oct 25	07:21:00	1	0	60	0	Ct	0	0	0	0	1	6	0	0	0	0	2	0	0	1	0	3	2	2	0	0	0	0	0	0	0	0	0	2	0	0	1	0	0	0
123558	15 Oct 25	07:22:00	1	0	60	0	Ct	0	0	0	0	1	3	0	0	0	0	1	0	0	0	0	1	0	2	0	0	0	0	0	0	3	0	0	3	0	5	3	0	0	0
123559	15 Oct 25	07:23:00	1	0	60	0	Ct	0	0	0	0	1	0	0	0	0	0	1	0	0	3	0	3	0	5	0	0	0	0	0	0	1	0	0	2	0	1	1	0	0	0
123560	15 Oct 25	07:24:00	1	0	60	0	Ct	0	0	0	0	1	4	0	0	0	0	1	0	0	0	0	3	1	2	0	0	0	0	0	2	1	0	0	1	0	1	5	0	0	0
123561	15 Oct 25	07:25:00	1	0	60	0	Ct	0	0	0	0	3	1	0	0	0	0	0	0	0	1	0	2	0	1	0	0	0	0	0	0	1	0	0	3	0	0	1	1	2	0
123562	15 Oct 25	07:26:00	1	0	60	0	Ct	0	0	0	0	1	0	2	0	0	0	2	0	0	3	3	2	0	1	0	0	0	0	0	1	2	0	0	2	6	4	0	1	2	0
123563	15 Oct 25	07:27:00	1	0	60	0	Ct	0	0	1	0	1	0	0	4	0	0	2	0	0	1	0	1	1	3	0	0	0	0	0	0	0	0	0	4	0	1	1	1	1	0
123564	15 Oct 25	07:28:00	1	0	60	0	Ct	0	0	1	0	1	4	0	0	0	0	2	0	0	2	0	3	6	2	0	0	0	0	0	0	1	2	0	3	0	2	0	2	0	0
123565	15 Oct 25	07:29:00	1	0	60	0	Ct	0	0	2	0	1	3	0	0	0	0	0	0	0	1	0	1	0	0	0	0	0	0	0	0	2	0	0	2	0	0	0	1	0	0
123566	15 Oct 25	07:30:00	1	0	60	0	Ct	0	0	0	0	4	0	0	3	0	0	4	0	0	5	2	1	0	3	3	0	0	0	0	0	1	0	0	3	0	1	0	3	2	0
123567	15 Oct 25	07:31:00	1	0	60	0	Ct	0	0	0	0	1	0	0	1	0	0	3	0	0	1	2	1	0	1	2	0	0	0	0	0	10	1	0	3	0	0	0	0	2	0
123568	15 Oct 25	07:32:00	1	0	60	0	Ct	0	0	0	0	2	2	0	0	0	0	2	0	0	1	3	1	0	3	1	0	2	0	0	0	1	7	0	2	0	3	0	0	0	0
123569	15 Oct 25	07:33:00	1	0	60	0	Ct	0	0	1	0	2	5	0	0	0	0	2	0	0	1	2	1	1	2	1	0	3	0	0	0	2	0	0	3	0	1	0	2	1	0
123570	15 Oct 25	07:34:00	1	0	60	0	Ct	0	0	0	0	1	0	0	0	0	0	8	0	0	0	1	2	3	2	10	0	3	0	0	0	0	1	0	2	0	3	0	2	1	0
123571	15 Oct 25	07:35:00	1	0	60	0	Ct	0	0	0	0	1	1	0	0	0	0	1	0	0	1	2	0	1	5	1	0	3	0	0	0	1	0	0	1	0	2	0	3	2	0
123572	15 Oct 25	07:36:00	1	0	60	0	Ct	0	0	0	0	0	0	0	0	0	0	0	6	0	0	2	1	1	3	1	0	2	0	0	0	0	0	0	2	0	1	0	3	1	0
123573	15 Oct 25	07:37:00	1	0	60	0	Ct	0	0	0	0	1	3	3	0	0	0	0	0	0	2	4	3	3	1	1	0	3	0	0	0	2	0	0	2	0	0	0	1	1	0
123574	15 Oct 25	07:38:00	1	0	60	0	Ct	0	0	0	0	3	8	1	0	0	0	1	0	0	0	2	2	1	3	1	0	1	0	0	0	2	0	0	4	0	0	0	2	2	0
123575	15 Oct 25	07:39:00	1	0	60	0	Ct	0	0	2	0	1	10	4	0	0	0	2	3	0	0	1	2	1	2	2	0	2	1	0	0	0	0	0	3	0	1	0	2	2	0
123576	15 Oct 25	07:40:00	1	0	60	0	Ct	0	0	1	0	1	1	4	0	0	0	0	0	0	0	2	1	1	2	2	0	2	4	0	0	1	2	4	2	0	0	0	1	2	0
123577	15 Oct 25	07:41:00	1	0	60	0	Ct	0	0	2	0	1	0	2	0	0	0	0	0	0	1	2	2	2	1	2	0	3	0	0	0	2	0	0	3	0	1	0	3	2	0
123578	15 Oct 25	07:42:00	1	0	60	0	Ct	0	0	1	0	1	0	5	2	0	0	0	0	0	0	2	2	3	2	1	0	2	0	0	0	2	0	0	2	2	2	0	1	1	0
123579	15 Oct 25	07:43:00	1	0	60	0	Ct	0	0	3	0	1	1	2	2	0	0	1	0	0	1	2	0	2	0	2	0	1	0	0	0	2	0	0	3	0	0	0	11	1	0
123580	15 Oct 25	07:44:00	1	0	60	0	Ct	0	0	1	0	1	0	2	2	0	0	2	0	0	1	5	2	2	3	1	0	2	4	0	0	0	0	0	3	0	1	0	2	2	0
123581	15 Oct 25	07:45:00	1	0	60	0	Ct	0	0	1	0	1	0	2	2	0	0	1	0	0	1	1	3	2	1	1	0	1	3	0	0	2	1	0	2	0	1	0	2	2	0
123582	15 Oct 25	07:46:00	1	0	60	0	Ct	0	0	1	0	3	1	3	3	0	0	0	0	1	2	1	2	2	0	1	0	1	5	0	0	2	1	0	2	0	2	0	1	1	0
123583	15 Oct 25	07:47:00	1	0	60	0	Ct	0	0	0	0	1	2	1	3	0	0	0	0	1	0	2	0	0	0	2	0	1	2	0	0	1	0	0	1	0	1	0	3	2	0
123584	15 Oct 25	07:48:00	1	0	60	0	Ct	0	0	1	0	6	4	2	7	0	0	0	0	2	0	3	1	0	0	0	0	2	3	0	0	1	0	0	1	0	1	1	1	0	0
123585	15 Oct 25	07:49:00	1	0	60	0	Ct	0	0	0	0	1	4	2	4	0	0	1	0	2	0	1	2	1	0	2	0	1	3	0	0	1	0	0	3	0	1	1	4	2	0
123586	15 Oct 25	07:50:00	1	0	60	0	Ct	0	0	4	0	0	0	17	2	0	0	2	0	2	2	3	1	7	0	1	0	2	5	5	0	0	1	0	2	0	2	0	3	1	0
123587	15 Oct 25	07:51:00	1	0	60	0	Ct	0	0	0	0	0	0	2	4	0	0	1	0	2	1	0	2	1	0	1	0	3	2	1	0	0	1	0	3	0	2	0	1	2	0
123588	15 Oct 25	07:52:00	1	0	60	0	Ct	0	0	0	0	2	5	2	3	0	0	1	0	3	5	2	1	1	0	1	0	2	1	4	0	0	1	0	2	0	1	0	2	2	0
123589	15 Oct 25	07:53:00	1	0	60	0	Ct	0	0	0	0	2	3	3	1	0	0	0	0	0	0	1	2	4	0	2	0	2	2	6	0	0	1	0	3	0	2	0	2	3	0
123590	15 Oct 25	07:54:00	1	0	60	0	Ct	0	0	0	0	0	3	3	1	0	0	1	0	1	0	2	2	0	0	1	0	2	1	7	0	0	2	0	2	0	1	0	1	0	0
123591	15 Oct 25	07:55:00	1	0	60	0	Ct	0	0	0	0	0	0	2	0	0	0	3	2	0	0	2	1	4	0	1	0	3	6	2	0	0	0	1	3	0	1	0	2	2	0
123592	15 Oct 25	07:56:00	1	0	60	0	Ct	0	0	0	0	6	3	5	2	0	0	1	2	2	2	1	1	2	0	2	0	0	1	4	0	0	1	0	2	0	0	0	0	1	0
123593	15 Oct 25	07:57:00	1	0	60	0	Ct	0	0	0	1	3	0	3	1	0	3	0	0	0	3	2	1	15	0	3	0	2	0	4	0	0	1	2	3	2	3	0	2	1	0
123594	15 Oct 25	07:58:00	1	0	60	0	Ct	0	0	2	4	4	14	1	3	0	0	2	1	3	0	2	0	3	0	1	0	2	1	2	0	0	1	0	0	1	1	0	1	1	0
123595	15 Oct 25	07:59:00	1	0	60	0	Ct	0	0	1	0	0	20	2	1	0	0	2	0	1	1	1	0	7	0	1	0	1	1	4	1	0	1	0	1	0	1	0	16	2	0
123596	15 Oct 25	08:00:00	1	0	60	0	Ct	0	0	0	0	0	16	1	1	0	0	1	0	1	1	2	0	0	0	2	0	1	1	5	2	1	1	0	2	0	1	0	2	1	0
123597	15 Oct 25	08:01:00	1	0	60	0	Ct	0	0	1	0	0	14	2	1	0	0	4	1	2	1	3	2	0	0	1	0	1	1	2	4	0	2	0	2	3	3	0	3	0	0
123598	15 Oct 25	08:02:00	1	0	60	0	Ct	0	0	0	0	0	0	2	0	0	0	1	0	2	0	3	1	0	0	1	0	3	0	5	2	1	0	0	2	1	0	0	0	0	0
123599	15 Oct 25	08:03:00	1	0	60	0	Ct	0	0	0	0	0	2	3	1	0	0	1	0	1	3	1	1	0	0	1	0	1	0	3	2	1	1	0	1	2	1	0	2	0	0
123600	15 Oct 25	08:04:00	1	0	60	0	Ct	0	0	0	0	0	0	2	1	0	0	2	2	3	0	1	0	0	0	2	0	1	2	2	0	0	0	0	2	0	6	0	0	1	0
123601	15 Oct 25	08:05:00	1	0	60	0	Ct	0	0	0	0	0	4	2	1	0	0	0	5	2	1	2	0	0	0	1	0	2	3	2	2	1	1	0	3	2	29	0	3	0	0
123602	15 Oct 25	08:06:00	1	0	60	0	Ct	0	0	0	0	5	1	1	2	0	0	1	2	1	2	2	0	0	0	1	0	4	0	1	1	1	1	0	1	1	1	0	3	0	0
123603	15 Oct 25	08:07:00	1	0	60	0	Ct	0	0	0	0	0	1	2	1	0	0	0	0	1	2	3	0	0	0	1	0	2	4	1	2	1	0	0	1	2	2	0	1	0	4
123604	15 Oct 25	08:08:00	1	0	60	0	Ct	0	0	0	0	2	1	1	0	0	0	0	0	2	1	1	0	0	0	3	0	1	0	1	1	1	0	0	2	1	0	0	0	1	4
123605	15 Oct 25	08:09:00	1	0	60	0	Ct	0	0	0	0	1	3	2	1	1	0	1	0	0	1	2	1	0	0	2	0	1	0	1	1	1	0	0	3	2	0	0	1	0	0
123606	15 Oct 25	08:10:00	1	0	60	0	Ct	0	0	0	0	1	3	2	1	1	0	0	0	1	1	1	2	0	0	2	0	1	2	0	1	2	0	0	3	2	1	0	3	0	0
123607	15 Oct 25	08:11:00	1	0	60	0	Ct	0	0	0	0	2	6	0	2	0	0	0	0	3	1	5	2	2	7	1	0	1	12	0	2	1	1	0	2	1	0	0	2	0	0
123608	15 Oct 25	08:12:00	1	0	60	0	Ct	0	0	0	0	0	6	0	1	0	0	2	0	0	1	1	0	1	3	1	0	2	4	0	3	2	0	0	1	1	1	0	3	0	0
123609	15 Oct 25	08:13:00	1	0	60	0	Ct	0	0	0	0	0	6	4	5	0	0	1	0	0	0	2	3	0	3	2	0	2	0	1	2	10	0	0	0	2	0	0	0	0	0
123610	15 Oct 25	08:14:00	1	0	60	0	Ct	0	0	0	0	0	9	0	2	0	2	0	0	1	0	1	3	2	4	0	0	2	0	0	1	1	5	0	2	1	0	0	1	0	0
123611	15 Oct 25	08:15:00	1	0	60	0	Ct	0	0	0	0	2	3	0	1	0	0	0	0	2	1	0	2	1	4	1	0	2	0	0	0	2	1	0	3	1	2	0	1	1	0
123612	15 Oct 25	08:16:00	1	0	60	0	Ct	0	0	0	0	3	0	1	4	0	4	0	0	3	1	1	3	1	1	1	0	2	1	3	3	2	0	0	2	3	2	0	2	0	0
123613	15 Oct 25	08:17:00	1	0	60	0	Ct	0	0	0	0	0	4	2	1	0	0	0	0	2	0	1	2	1	4	1	0	3	1	0	1	1	0	0	2	1	5	0	4	0	0
123614	15 Oct 25	08:18:00	1	0	60	0	Ct	0	0	0	0	0	5	2	2	0	0	0	0	2	1	4	3	1	1	1	0	1	1	0	3	2	1	0	5	1	6	0	1	0	0
123615	15 Oct 25	08:19:00	1	0	60	0	Ct	0	0	0	0	1	0	3	2	0	0	0	0	9	1	1	1	1	2	1	0	2	2	0	2	1	1	0	1	2	0	0	7	0	2
123616	15 Oct 25	08:20:00	1	0	60	0	Ct	0	0	0	0	3	4	2	0	0	2	0	0	2	1	2	3	0	2	0	0	1	2	6	2	1	0	0	2	1	3	0	9	0	3
123617	15 Oct 25	08:21:00	1	0	60	0	Ct	0	0	0	0	3	0	1	2	0	0	0	0	2	1	1	4	0	4	1	0	1	8	2	2	2	2	0	2	1	4	0	11	0	3
123618	15 Oct 25	08:22:00	1	0	60	0	Ct	0	0	0	0	3	5	3	1	0	0	0	0	1	1	3	3	0	2	1	0	1	2	9	1	1	0	0	5	2	1	0	2	12	4
123619	15 Oct 25	08:23:00	1	0	60	0	Ct	0	0	0	0	3	0	1	2	0	0	0	0	2	2	3	4	1	2	2	0	2	1	2	0	1	0	0	0	1	1	0	0	14	2
123620	15 Oct 25	08:24:00	1	0	60	0	Ct	0	0	0	0	2	3	1	0	0	1	0	1	2	1	1	3	1	1	2	0	3	1	1	0	2	0	0	2	1	1	0	0	2	2
123621	15 Oct 25	08:25:00	1	0	60	0	Ct	0	0	0	0	4	0	2	2	0	1	0	1	1	1	0	3	2	2	1	0	0	2	2	7	1	0	0	1	1	0	0	5	3	2
123622	15 Oct 25	08:26:00	1	0	60	0	Ct	0	0	2	0	1	1	3	1	0	1	2	0	2	0	0	0	0	1	2	0	1	1	4	0	1	0	0	1	2	0	0	3	3	2
123623	15 Oct 25	08:27:00	1	0	60	0	Ct	0	0	2	1	4	0	1	1	0	1	2	2	2	0	0	0	1	1	1	0	2	5	2	1	2	1	0	3	2	2	0	1	3	6
123624	15 Oct 25	08:28:00	1	0	60	0	Ct	0	0	1	0	1	0	2	3	0	2	0	0	0	0	0	0	1	1	1	0	2	16	0	0	1	1	1	1	5	1	0	1	2	2
123625	15 Oct 25	08:29:00	1	0	60	0	Ct	0	0	0	0	4	0	2	2	0	3	2	0	2	0	0	0	1	2	0	0	1	0	3	0	1	3	0	2	0	1	0	1	2	2
123626	15 Oct 25	08:30:00	1	0	60	0	Ct	0	0	0	2	0	0	2	1	0	2	0	0	1	0	0	4	0	1	1	0	1	0	4	0	2	0	0	3	1	0	0	2	2	3
123627	15 Oct 25	08:31:00	1	0	60	0	Ct	0	0	0	3	3	0	3	3	0	1	0	0	2	0	0	2	1	1	2	0	2	0	5	2	0	0	0	1	2	0	0	0	1	2
123628	15 Oct 25	08:32:00	1	0	60	0	Ct	0	0	0	1	1	0	0	0	0	2	0	1	0	0	0	0	0	2	1	0	1	0	1	6	9	1	0	3	2	1	0	1	2	2
123629	15 Oct 25	08:33:00	1	0	60	0	Ct	0	0	0	2	2	0	3	2	0	1	0	2	0	2	0	0	0	2	2	0	1	0	2	2	15	0	0	2	1	1	0	1	2	1
123630	15 Oct 25	08:34:00	1	0	60	0	Ct	0	0	0	1	1	0	0	0	0	2	0	2	0	1	0	0	3	3	0	0	2	0	12	1	1	0	0	2	1	1	0	0	1	2
123631	15 Oct 25	08:35:00	1	0	60	0	Ct	0	0	0	0	2	0	2	0	0	3	0	4	0	0	0	0	2	3	2	0	0	0	7	2	0	0	0	1	1	2	0	1	1	2
123632	15 Oct 25	08:36:00	1	0	60	0	Ct	0	0	0	2	3	0	2	0	0	2	0	0	0	0	0	2	0	2	1	0	0	0	10	0	0	0	0	2	0	5	0	0	0	2
123633	15 Oct 25	08:37:00	1	0	60	0	Ct	0	0	0	4	1	0	1	5	0	3	0	0	3	0	0	0	1	0	1	0	0	0	2	1	0	0	0	5	2	1	0	3	0	1
123634	15 Oct 25	08:38:00	1	0	60	0	Ct	0	0	0	4	0	0	1	3	0	0	0	0	1	0	0	0	0	2	2	0	0	0	3	2	0	0	0	2	1	2	0	2	2	0
123635	15 Oct 25	08:39:00	1	0	60	0	Ct	0	0	0	1	2	3	1	0	0	2	0	0	1	0	0	0	0	11	1	0	2	0	4	1	0	0	0	1	2	2	0	2	0	7
123636	15 Oct 25	08:40:00	1	0	60	0	Ct	0	0	0	2	1	4	1	2	0	3	0	0	0	0	0	2	0	0	2	0	2	0	0	1	0	0	0	1	1	1	0	1	3	4
123637	15 Oct 25	08:41:00	1	0	60	0	Ct	0	0	0	4	2	2	2	3	0	1	0	0	0	0	0	1	1	0	0	0	2	0	0	1	0	2	1	1	1	2	0	1	2	7
123638	15 Oct 25	08:42:00	1	0	60	0	Ct	0	0	0	2	3	3	1	2	0	1	0	0	4	0	0	3	2	2	0	0	2	0	1	0	0	0	0	1	1	1	0	10	2	3
123639	15 Oct 25	08:43:00	1	0	60	0	Ct	0	0	0	4	1	4	1	1	0	2	0	0	0	0	0	0	1	2	0	0	0	0	0	0	1	0	1	3	0	1	0	0	2	0
123640	15 Oct 25	08:44:00	1	0	60	0	Ct	0	0	0	3	3	0	1	0	0	1	0	0	0	0	0	0	0	2	2	0	0	0	0	3	2	0	2	0	0	1	0	2	0	1
123641	15 Oct 25	08:45:00	1	0	60	0	Ct	0	0	0	2	1	3	3	2	0	1	0	0	0	0	0	0	1	3	2	0	0	0	0	2	1	0	0	1	1	0	0	4	2	1
123642	15 Oct 25	08:46:00	1	0	60	0	Ct	0	0	0	5	2	2	1	1	0	3	0	0	0	0	1	3	1	0	2	0	0	0	0	2	0	1	2	2	1	0	1	3	0	2
123643	15 Oct 25	08:47:00	1	0	60	0	Ct	0	0	0	6	2	0	1	1	0	0	0	0	0	0	3	3	2	1	1	0	0	0	0	1	0	2	0	3	0	3	2	2	1	0
123644	15 Oct 25	08:48:00	1	0	60	0	Ct	0	0	0	4	1	0	0	1	0	2	0	0	0	0	1	3	0	11	1	0	0	0	1	2	0	0	0	10	0	0	0	2	1	1
123645	15 Oct 25	08:49:00	1	0	60	0	Ct	0	0	2	1	1	0	0	3	0	0	0	0	0	2	0	1	1	16	2	0	0	0	0	1	1	0	2	1	0	6	1	1	2	0
123646	15 Oct 25	08:50:00	1	0	60	0	Ct	0	0	1	0	1	3	0	1	0	2	0	0	0	2	2	2	2	2	2	0	0	0	0	1	1	1	4	2	0	2	0	1	2	2
123647	15 Oct 25	08:51:00	1	0	60	0	Ct	0	0	1	2	1	1	2	0	0	2	0	0	0	1	1	2	0	3	1	0	0	0	0	0	1	1	2	2	0	0	0	2	1	0
123648	15 Oct 25	08:52:00	1	0	60	0	Ct	0	0	2	0	0	0	1	2	0	2	0	2	0	0	0	2	0	2	1	0	0	0	0	1	1	0	2	2	0	0	0	2	2	0
123649	15 Oct 25	08:53:00	1	0	60	0	Ct	0	0	1	2	1	1	2	1	0	1	0	0	0	0	0	1	10	2	1	0	0	0	1	1	1	0	1	2	0	2	1	3	1	0
123650	15 Oct 25	08:54:00	1	0	60	0	Ct	0	0	0	1	2	3	0	3	0	2	4	1	0	0	0	0	1	2	1	0	0	0	0	1	0	0	1	6	0	2	5	1	0	0
123651	15 Oct 25	08:55:00	1	0	60	0	Ct	0	0	1	1	1	7	0	1	0	2	3	0	0	0	0	0	0	0	1	0	0	0	1	2	0	0	3	2	0	1	1	2	0	0
123652	15 Oct 25	08:56:00	1	0	60	0	Ct	0	0	0	3	2	2	0	1	0	0	3	2	0	0	0	2	0	2	3	0	0	2	2	1	1	2	1	4	0	0	0	3	1	0
123653	15 Oct 25	08:57:00	1	0	60	0	Ct	0	0	0	0	1	0	0	0	0	1	2	0	0	0	0	0	14	4	1	0	0	2	16	1	2	0	1	1	0	2	2	1	1	0
123654	15 Oct 25	08:58:00	1	0	60	0	Ct	0	0	0	5	3	0	0	0	0	2	2	0	0	0	0	1	0	2	0	0	0	8	6	2	0	0	1	1	0	1	0	1	0	0
123655	15 Oct 25	08:59:00	1	0	60	0	Ct	0	0	0	1	4	0	0	1	2	0	1	0	0	0	0	0	16	1	0	0	0	1	15	1	0	0	1	3	0	2	0	0	1	0
123656	15 Oct 25	09:00:00	1	0	60	0	Ct	0	0	0	3	1	6	0	1	0	0	2	0	0	0	0	1	2	2	0	0	0	1	21	1	0	0	1	2	0	0	2	0	4	0
123657	15 Oct 25	09:01:00	1	0	60	0	Ct	0	0	2	1	2	2	0	5	0	0	2	0	0	2	0	2	0	2	0	0	1	2	33	1	2	0	12	1	0	0	1	0	8	0
123658	15 Oct 25	09:02:00	1	0	60	0	Ct	0	0	1	1	2	12	0	1	0	1	2	0	0	0	0	2	0	2	0	0	3	3	13	1	0	1	9	1	1	1	2	2	10	0
123659	15 Oct 25	09:03:00	1	0	60	0	Ct	0	0	0	0	1	3	0	0	0	1	1	0	0	0	0	1	0	1	0	0	0	2	2	1	0	1	0	1	1	2	1	2	19	2
123660	15 Oct 25	09:04:00	1	0	60	0	Ct	0	0	0	1	1	0	2	0	0	2	1	0	0	0	0	2	0	0	0	0	0	0	2	2	0	0	2	3	1	1	7	3	0	2
123661	15 Oct 25	09:05:00	1	0	60	0	Ct	0	0	0	2	2	4	0	2	4	3	1	0	0	0	0	2	0	0	0	0	0	2	7	5	1	0	2	2	1	2	1	1	0	0
123662	15 Oct 25	09:06:00	1	0	60	0	Ct	0	0	0	1	2	2	0	0	0	1	1	0	0	0	0	1	0	1	0	0	0	1	6	1	2	0	1	1	0	2	1	13	0	3
123663	15 Oct 25	09:07:00	1	0	60	0	Ct	0	0	0	2	0	1	0	1	2	1	1	0	0	0	0	0	2	2	0	0	1	1	9	2	2	1	2	1	1	0	2	11	0	1
123664	15 Oct 25	09:08:00	1	0	60	0	Ct	0	0	0	1	1	0	0	1	2	1	0	0	0	0	2	0	9	1	0	0	2	2	4	2	2	1	0	3	0	1	0	3	0	2
123665	15 Oct 25	09:09:00	1	0	60	0	Ct	0	0	2	3	1	1	0	0	2	0	0	0	0	0	2	0	1	4	0	0	1	1	2	0	0	0	1	1	8	0	1	8	0	4
123666	15 Oct 25	09:10:00	1	0	60	0	Ct	0	0	0	2	3	0	0	0	2	0	2	0	0	0	2	0	3	2	0	0	1	1	7	0	1	0	1	3	10	0	0	0	0	1
123667	15 Oct 25	09:11:00	1	0	60	0	Ct	0	0	0	1	2	0	1	0	2	0	1	0	0	0	3	2	0	3	0	0	0	0	3	1	2	0	0	1	3	1	0	3	0	0
123668	15 Oct 25	09:12:00	1	0	60	0	Ct	0	0	0	0	1	0	1	1	3	2	2	2	0	1	3	0	2	2	0	0	0	3	7	0	1	0	1	1	5	5	1	0	0	4
123669	15 Oct 25	09:13:00	1	0	60	0	Ct	0	0	0	1	2	0	2	1	1	2	2	0	0	0	3	3	1	2	0	0	0	0	1	0	2	0	2	2	1	1	2	0	0	2
123670	15 Oct 25	09:14:00	1	0	60	0	Ct	0	0	0	2	3	0	0	1	2	1	3	0	0	1	1	0	1	1	0	0	0	1	0	1	0	0	1	0	1	1	0	0	0	2
123671	15 Oct 25	09:15:00	1	0	60	0	Ct	0	0	0	1	2	0	0	0	2	0	1	2	0	2	1	1	0	1	0	0	0	1	4	1	0	0	1	0	0	2	2	2	0	0
123672	15 Oct 25	09:16:00	1	0	60	0	Ct	0	0	0	0	1	0	0	1	6	2	2	0	0	1	2	2	2	1	0	0	0	4	4	2	0	0	1	0	3	1	0	1	0	2
123673	15 Oct 25	09:17:00	1	0	60	0	Ct	0	0	0	0	1	0	0	1	2	1	0	0	0	1	2	0	1	1	0	0	0	1	2	1	0	3	3	0	1	2	4	1	1	2
123674	15 Oct 25	09:18:00	1	0	60	0	Ct	0	0	1	0	2	10	0	2	1	1	2	0	0	2	2	3	1	0	0	0	2	2	7	2	0	0	1	2	0	1	1	3	0	1
123675	15 Oct 25	09:19:00	1	0	60	0	Ct	0	0	1	2	1	0	0	1	3	1	0	0	0	0	2	4	0	3	0	0	2	0	2	1	0	1	1	1	0	0	0	1	0	0
123676	15 Oct 25	09:20:00	1	0	60	0	Ct	0	0	0	3	3	0	0	2	1	2	0	0	0	1	1	0	2	2	0	0	0	3	1	1	0	0	1	2	0	2	0	6	0	2
123677	15 Oct 25	09:21:00	1	0	60	0	Ct	0	0	0	2	1	1	0	1	1	1	2	0	0	2	1	0	0	2	0	0	0	5	2	1	0	0	1	3	1	4	3	1	0	1
123678	15 Oct 25	09:22:00	1	0	60	0	Ct	0	0	0	3	1	2	0	20	1	0	1	0	1	1	1	1	0	2	0	0	0	3	1	1	1	0	2	1	1	0	2	0	2	6
123679	15 Oct 25	09:23:00	1	0	60	0	Ct	0	0	0	2	1	4	0	13	2	0	1	0	0	0	2	2	0	2	0	0	0	1	3	1	1	0	1	1	2	0	2	0	6	3
123680	15 Oct 25	09:24:00	1	0	60	0	Ct	0	0	2	7	1	7	0	4	3	0	0	0	3	1	4	1	3	3	0	0	2	2	2	1	5	0	1	3	3	0	0	0	0	2
123681	15 Oct 25	09:25:00	1	0	60	0	Ct	0	0	0	2	4	0	0	1	2	0	1	0	9	1	1	2	1	2	0	0	0	1	2	1	5	0	1	4	0	2	1	1	10	2
123682	15 Oct 25	09:26:00	1	0	60	0	Ct	0	0	0	2	4	3	0	0	2	0	1	0	4	1	3	1	0	2	0	0	0	1	5	1	1	0	6	0	0	0	0	4	2	0
123683	15 Oct 25	09:27:00	1	0	60	0	Ct	0	0	0	4	1	3	0	0	1	0	1	0	1	2	2	2	0	2	1	0	2	0	3	2	2	1	2	2	4	0	0	2	2	1
123684	15 Oct 25	09:28:00	1	0	60	0	Ct	0	0	0	3	2	0	0	0	1	0	2	0	1	2	5	1	0	2	0	0	0	0	5	0	0	0	0	0	1	1	0	0	1	3
123685	15 Oct 25	09:29:00	1	0	60	0	Ct	0	0	0	2	1	2	0	0	1	0	1	0	2	0	3	1	2	1	2	0	0	2	2	0	1	0	2	0	3	0	1	2	2	1
123686	15 Oct 25	09:30:00	1	0	60	0	Ct	0	0	0	2	3	0	0	0	2	0	1	0	1	0	2	4	1	0	0	0	0	2	2	0	1	2	6	0	0	0	1	1	2	0
123687	15 Oct 25	09:31:00	1	0	60	0	Ct	0	0	0	1	1	4	0	0	2	0	1	0	2	0	1	1	0	0	3	0	0	6	2	1	0	0	0	0	1	0	0	1	1	0
123688	15 Oct 25	09:32:00	1	0	60	0	Ct	0	0	0	1	2	0	0	0	2	0	1	2	3	0	2	2	0	0	2	0	0	0	9	1	1	0	5	0	6	3	2	2	1	1
123689	15 Oct 25	09:33:00	1	0	60	0	Ct	0	0	0	1	0	0	0	0	1	0	0	0	1	3	1	0	0	2	0	0	0	2	1	0	3	1	1	0	3	2	1	1	3	0
123690	15 Oct 25	09:34:00	1	0	60	0	Ct	0	0	0	5	1	0	0	0	0	0	1	0	2	0	2	1	0	2	0	0	0	0	2	0	0	2	1	0	2	1	0	2	0	1
123691	15 Oct 25	09:35:00	1	0	60	0	Ct	0	0	0	1	1	0	0	0	1	0	1	0	2	1	2	3	0	2	0	0	0	3	4	2	10	0	1	0	1	0	0	1	1	1
123692	15 Oct 25	09:36:00	1	0	60	0	Ct	0	0	0	0	4	0	0	0	2	0	2	0	2	1	0	1	0	4	0	0	0	0	1	0	5	0	1	0	9	2	1	1	2	2
123693	15 Oct 25	09:37:00	1	0	60	0	Ct	0	0	0	0	0	0	0	0	2	0	0	0	1	0	0	1	0	1	0	0	1	2	1	0	1	1	3	0	5	1	0	0	2	2
123694	15 Oct 25	09:38:00	1	0	60	0	Ct	0	0	0	1	4	0	0	0	2	0	3	0	17	0	0	2	0	1	0	0	1	0	2	0	1	0	0	0	1	0	1	0	1	2
123695	15 Oct 25	09:39:00	1	0	60	0	Ct	0	0	0	1	0	0	0	0	3	0	0	0	11	0	2	2	0	2	2	0	0	4	7	0	2	0	2	0	0	1	0	3	0	1
123696	15 Oct 25	09:40:00	1	0	60	0	Ct	0	0	0	2	0	0	0	0	1	0	0	0	22	0	1	2	1	1	0	0	0	1	2	0	3	0	1	0	0	2	0	0	0	2
123697	15 Oct 25	09:41:00	1	0	60	0	Ct	0	0	0	2	2	0	0	0	2	0	0	0	9	0	1	0	0	1	2	0	1	0	1	0	2	0	2	0	0	1	0	2	3	1
123698	15 Oct 25	09:42:00	1	0	60	0	Ct	0	0	0	1	2	0	0	0	2	0	0	0	2	0	0	0	1	2	0	0	2	1	2	0	0	0	1	0	6	2	0	3	1	3
123699	15 Oct 25	09:43:00	1	0	60	0	Ct	0	0	0	1	2	0	0	0	1	0	0	0	1	0	0	0	1	1	0	0	0	1	1	0	2	0	1	0	20	3	0	2	2	0
123700	15 Oct 25	09:44:00	1	0	60	0	Ct	0	0	0	0	0	6	0	0	1	0	1	0	2	0	0	0	1	1	0	0	2	1	1	1	2	0	0	0	3	1	1	3	1	0
123701	15 Oct 25	09:45:00	1	0	60	0	Ct	0	0	0	3	2	0	0	0	3	0	1	0	1	1	0	0	2	2	0	0	0	3	2	1	2	0	2	0	2	0	2	0	1	0
123702	15 Oct 25	09:46:00	1	0	60	0	Ct	0	0	2	2	1	2	0	0	2	0	0	0	1	1	0	0	1	0	0	0	0	2	3	3	0	0	1	0	1	2	0	0	0	0
123703	15 Oct 25	09:47:00	1	0	60	0	Ct	0	0	2	1	1	0	0	0	1	0	2	0	1	1	0	1	0	1	0	0	0	0	3	0	2	0	1	0	1	2	2	2	0	0
123704	15 Oct 25	09:48:00	1	0	60	0	Ct	0	0	0	0	3	2	0	0	4	0	0	0	0	1	0	2	0	3	0	0	2	0	2	0	0	0	0	0	1	1	1	0	0	0
123705	15 Oct 25	09:49:00	1	0	60	0	Ct	0	0	1	0	1	2	0	0	1	0	0	0	0	1	0	2	2	2	0	0	0	0	4	0	1	2	1	0	2	0	1	0	3	0
123706	15 Oct 25	09:50:00	1	0	60	0	Ct	0	0	1	0	1	0	0	0	0	0	0	0	0	0	0	4	1	3	2	0	0	1	1	0	0	0	1	0	1	0	0	5	1	0
123707	15 Oct 25	09:51:00	1	0	60	0	Ct	0	0	1	0	9	4	0	0	2	0	0	0	2	1	0	0	0	1	0	0	3	3	2	0	0	0	1	0	2	0	0	2	1	0
123708	15 Oct 25	09:52:00	1	0	60	0	Ct	0	0	0	0	8	0	0	0	3	0	0	0	1	1	0	0	0	1	1	0	0	1	3	0	0	0	2	0	1	0	0	0	1	0
123709	15 Oct 25	09:53:00	1	0	60	0	Ct	0	0	1	0	1	0	0	0	1	0	0	2	4	31	0	0	0	2	1	0	0	0	1	0	0	0	2	0	1	5	0	0	2	0
123710	15 Oct 25	09:54:00	1	0	60	0	Ct	0	0	1	0	1	3	0	0	2	0	0	0	1	9	0	0	1	1	2	0	0	1	3	0	2	2	0	0	1	4	0	0	2	2
123711	15 Oct 25	09:55:00	1	0	60	0	Ct	0	0	1	0	3	0	0	0	1	0	0	0	1	13	0	0	1	3	1	0	1	2	2	0	1	0	2	0	0	28	1	0	1	2
123712	15 Oct 25	09:56:00	1	0	60	0	Ct	0	0	2	0	1	3	0	0	5	0	0	1	1	20	0	2	0	2	2	0	0	1	4	0	1	0	1	0	0	10	1	0	0	1
123713	15 Oct 25	09:57:00	1	0	60	0	Ct	0	0	1	0	2	2	0	0	1	0	0	0	1	16	0	1	0	0	2	0	0	1	2	0	1	2	2	0	3	0	1	0	0	2
123714	15 Oct 25	09:58:00	1	0	60	0	Ct	0	0	1	0	4	0	0	0	6	0	0	7	1	24	0	2	0	2	2	0	0	0	10	0	0	0	1	0	0	4	1	0	0	1
123715	15 Oct 25	09:59:00	1	0	60	0	Ct	0	0	2	0	7	2	0	0	14	0	0	2	1	22	2	3	0	2	0	0	0	2	2	0	0	1	1	0	1	0	0	0	0	2
123716	15 Oct 25	10:00:00	1	0	60	0	Ct	0	0	2	0	2	1	0	0	4	0	0	2	1	25	2	1	0	0	1	0	0	2	2	0	0	0	0	0	0	0	1	1	0	1
123717	15 Oct 25	10:01:00	1	0	60	0	Ct	0	0	1	0	6	0	0	0	2	0	0	0	1	24	2	0	0	0	1	0	0	0	2	0	2	0	1	0	0	0	0	1	0	1
123718	15 Oct 25	10:02:00	1	0	60	0	Ct	0	0	1	0	2	3	0	0	1	0	0	0	1	39	2	2	0	0	2	0	0	1	1	0	0	0	2	0	0	0	1	2	0	2
123719	15 Oct 25	10:03:00	1	0	60	0	Ct	0	0	1	0	2	3	0	0	1	0	0	0	1	14	2	0	0	0	2	0	0	1	1	0	0	0	2	0	0	0	1	2	0	1
123720	15 Oct 25	10:04:00	1	0	60	0	Ct	0	0	1	0	1	5	0	0	1	0	0	0	1	26	2	2	2	0	1	0	0	1	3	0	0	0	5	0	1	9	0	0	0	2
123721	15 Oct 25	10:05:00	1	0	60	0	Ct	0	0	0	0	1	1	0	0	1	0	0	0	1	24	1	1	1	1	1	0	0	0	5	0	2	0	1	0	1	0	1	0	0	2
123722	15 Oct 25	10:06:00	1	0	60	0	Ct	0	0	3	0	1	0	0	0	1	0	0	0	1	0	2	0	3	4	2	0	0	0	2	0	1	0	2	0	0	0	1	0	0	3
123723	15 Oct 25	10:07:00	1	0	60	0	Ct	0	1	1	0	2	4	0	0	0	0	0	2	1	0	0	1	2	2	1	0	0	0	0	1	2	0	0	0	1	0	1	2	1	0
123724	15 Oct 25	10:08:00	1	0	60	0	Ct	0	1	2	2	0	3	5	0	1	1	0	1	0	0	1	1	0	2	0	0	0	0	3	0	0	0	0	0	0	0	0	0	0	2
123725	15 Oct 25	10:09:00	1	0	60	0	Ct	0	1	0	0	0	0	0	0	1	1	0	1	0	0	0	0	0	0	5	0	0	0	1	0	2	0	1	0	0	4	0	0	0	7
123726	15 Oct 25	10:10:00	1	0	60	0	Ct	0	1	7	0	0	0	0	0	2	0	0	0	0	0	1	0	0	0	0	0	0	1	7	0	2	0	1	0	0	0	6	0	0	1
123727	15 Oct 25	10:11:00	1	0	60	0	Ct	0	1	1	0	23	0	0	0	2	0	0	1	0	0	0	0	4	3	0	0	0	1	0	0	1	0	9	0	0	0	5	0	0	0
123728	15 Oct 25	10:12:00	1	0	60	0	Ct	0	1	2	0	9	0	0	0	0	4	0	0	0	3	0	0	0	0	0	0	0	0	2	0	1	0	0	0	0	3	0	0	0	5
123729	15 Oct 25	10:13:00	1	0	60	0	Ct	0	1	1	3	0	0	0	0	1	1	0	6	0	4	2	0	0	0	0	0	0	0	0	0	0	1	0	0	0	10	2	0	0	2
123730	15 Oct 25	10:14:00	1	0	60	0	Ct	0	1	3	0	0	0	0	0	1	0	0	1	0	0	2	0	0	0	1	0	0	2	2	0	0	0	2	0	0	3	0	0	0	0
123731	15 Oct 25	10:15:00	1	0	60	0	Ct	0	1	2	0	0	0	0	0	0	1	0	0	0	0	1	0	0	0	0	0	0	4	0	0	0	1	0	0	0	0	0	0	0	0
123732	15 Oct 25	10:16:00	1	0	60	0	Ct	0	1	1	0	0	0	0	0	1	1	0	0	0	0	0	0	0	0	0	0	0	0	2	0	0	0	0	0	0	0	0	0	0	0
123733	15 Oct 25	10:17:00	1	0	60	0	Ct	0	1	2	0	0	0	0	0	1	0	0	1	0	0	0	0	0	0	0	0	0	0	0	5	0	0	0	0	0	6	0	0	0	0
123734	15 Oct 25	10:18:00	1	0	60	0	Ct	0	1	0	0	0	0	0	0	0	0	0	0	0	0	0	0	0	0	0	0	0	0	0	0	0	0	0	0	0	16	0	0	0	0
123735	15 Oct 25	10:19:00	1	0	60	0	Ct	0	1	0	0	0	0	0	0	0	0	0	0	0	0	1	0	0	0	2	0	0	0	0	0	0	0	0	0	0	0	0	0	0	0
123736	15 Oct 25	10:20:00	1	0	60	0	Ct	0	1	0	0	0	6	0	0	1	0	0	6	0	0	0	0	0	0	4	0	0	0	0	0	0	0	0	0	0	0	0	0	0	0
123737	15 Oct 25	10:21:00	1	0	60	0	Ct	0	1	0	0	0	0	0	0	1	0	0	16	0	1	0	0	0	0	1	0	0	0	0	0	0	0	0	0	0	7	0	0	0	0
123738	15 Oct 25	10:22:00	1	0	60	0	Ct	0	1	1	0	0	0	0	0	1	0	0	0	0	0	0	0	0	0	0	0	0	0	0	0	0	0	4	0	0	6	5	0	0	0
123739	15 Oct 25	10:23:00	1	0	60	0	Ct	0	1	2	0	0	0	0	0	1	1	0	0	0	0	0	0	0	5	0	0	0	0	0	0	0	0	0	0	0	1	0	0	0	0
123740	15 Oct 25	10:24:00	1	0	60	0	Ct	0	1	2	0	0	0	0	0	1	1	0	1	0	0	0	0	0	2	0	0	2	0	0	0	0	0	0	0	0	0	0	0	0	0
123741	15 Oct 25	10:25:00	1	0	60	0	Ct	0	1	1	0	0	2	0	0	1	0	0	0	0	0	0	0	0	0	0	0	0	2	0	0	0	0	0	0	0	3	0	0	0	0
123742	15 Oct 25	10:26:00	1	0	60	0	Ct	0	1	0	0	0	1	0	0	0	0	0	1	0	5	0	0	0	0	0	0	0	0	0	0	0	1	1	0	0	1	3	0	0	0
123743	15 Oct 25	10:27:00	1	0	60	0	Ct	0	1	0	0	0	0	0	0	0	0	0	0	0	2	0	0	0	0	0	0	2	1	0	0	0	1	1	0	0	1	0	0	0	0
123744	15 Oct 25	10:28:00	1	0	60	0	Ct	0	1	0	0	0	3	0	0	2	0	0	0	0	0	0	0	0	5	1	0	0	2	0	0	0	0	0	0	0	1	0	0	0	0
123745	15 Oct 25	10:29:00	1	0	60	0	Ct	0	1	0	0	0	7	0	0	0	0	0	0	0	1	0	0	0	2	1	0	0	0	0	0	0	4	0	0	0	0	0	0	0	0
123746	15 Oct 25	10:30:00	1	0	60	0	Ct	0	1	0	0	3	0	0	0	0	1	0	0	0	0	0	0	0	4	0	0	0	0	0	3	0	0	0	0	0	0	4	0	0	0
123747	15 Oct 25	10:31:00	1	0	60	0	Ct	0	1	1	0	0	0	0	0	2	1	0	0	0	0	0	0	0	6	0	0	0	1	0	0	0	0	0	0	0	2	0	0	0	0
123748	15 Oct 25	10:32:00	1	0	60	0	Ct	0	1	1	0	0	0	0	0	5	0	0	0	0	1	0	0	0	3	0	0	0	2	0	0	0	0	0	0	0	0	1	0	0	0
123749	15 Oct 25	10:33:00	1	0	60	0	Ct	0	1	1	0	0	0	0	0	0	0	0	0	3	0	0	0	0	4	0	0	0	0	2	0	0	0	0	0	0	0	2	0	0	0
123750	15 Oct 25	10:34:00	1	0	60	0	Ct	0	1	2	0	0	0	0	0	1	0	0	0	0	0	0	0	0	3	1	0	0	1	1	0	0	0	0	0	0	0	1	0	0	0
123751	15 Oct 25	10:35:00	1	0	60	0	Ct	0	1	1	0	0	0	0	0	2	0	1	0	0	0	0	0	0	3	2	0	0	2	0	0	0	0	0	0	0	3	0	0	0	0
123752	15 Oct 25	10:36:00	1	0	60	0	Ct	0	1	0	0	0	0	0	0	0	0	0	0	0	0	0	0	0	4	0	0	0	3	0	0	0	0	0	0	0	0	3	0	0	0
123753	15 Oct 25	10:37:00	1	0	60	0	Ct	0	1	2	1	0	0	0	0	2	0	0	0	0	0	0	0	0	2	0	0	0	2	1	0	0	0	0	0	0	2	0	0	0	0
123754	15 Oct 25	10:38:00	1	0	60	0	Ct	0	1	0	0	0	0	0	0	0	0	0	0	0	0	0	0	0	3	0	0	2	2	0	0	0	0	0	0	0	0	0	0	0	0
123755	15 Oct 25	10:39:00	1	0	60	0	Ct	0	1	0	0	0	0	0	0	0	0	0	0	0	0	0	0	0	3	0	0	0	2	0	0	0	0	0	0	0	0	1	0	0	0
123756	15 Oct 25	10:40:00	1	0	60	0	Ct	0	1	0	0	0	0	0	0	0	0	0	1	0	0	0	0	0	3	7	0	2	1	0	0	0	0	0	0	0	0	0	0	0	0
123757	15 Oct 25	10:41:00	1	0	60	0	Ct	0	1	2	0	2	0	0	0	0	2	1	1	0	0	0	0	0	4	5	0	2	1	0	0	0	0	0	0	0	2	3	0	0	0
123758	15 Oct 25	10:42:00	1	0	60	0	Ct	0	1	1	0	0	2	0	0	0	2	0	0	0	0	0	0	0	3	3	0	2	1	0	0	0	3	0	0	0	1	0	0	0	0
123759	15 Oct 25	10:43:00	1	0	60	0	Ct	0	1	2	1	0	0	0	0	0	0	0	0	0	0	0	0	4	3	3	0	2	2	0	0	0	0	0	0	0	5	0	0	0	0
123760	15 Oct 25	10:44:00	1	0	60	0	Ct	0	1	1	1	0	1	0	0	0	0	0	9	0	2	0	0	0	3	1	0	2	5	0	0	0	0	0	0	0	0	2	0	0	0
123761	15 Oct 25	10:45:00	1	0	60	0	Ct	0	1	2	0	2	2	0	0	0	1	0	1	0	1	0	0	0	3	7	0	1	1	0	0	0	0	0	0	0	0	1	0	0	0
123762	15 Oct 25	10:46:00	1	0	60	0	Ct	0	1	0	0	0	2	0	0	0	0	0	1	0	0	0	0	0	4	4	0	1	8	0	0	0	1	0	0	0	2	2	0	0	0
123763	15 Oct 25	10:47:00	1	0	60	0	Ct	0	1	0	0	0	3	0	0	0	0	0	0	0	3	0	0	0	4	0	0	2	0	0	0	0	0	0	0	0	2	0	0	0	0
123764	15 Oct 25	10:48:00	1	0	60	0	Ct	0	1	0	0	0	0	0	0	0	0	0	0	0	3	0	0	0	2	0	0	0	0	0	0	0	2	0	0	0	1	1	0	0	0
123765	15 Oct 25	10:49:00	1	0	60	0	Ct	0	1	1	0	0	0	0	0	0	0	0	1	0	0	0	0	0	4	0	0	2	0	0	0	0	0	0	0	0	0	5	0	0	0
123766	15 Oct 25	10:50:00	1	0	60	0	Ct	0	1	1	0	0	2	0	0	0	0	0	0	0	0	0	0	0	2	1	0	0	0	0	0	0	0	0	0	0	1	0	0	0	0
123767	15 Oct 25	10:51:00	1	0	60	0	Ct	0	1	0	0	0	4	0	0	0	3	0	0	0	0	0	0	0	3	0	0	2	1	0	0	0	0	0	0	0	0	1	0	0	0
123768	15 Oct 25	10:52:00	1	0	60	0	Ct	0	1	0	0	0	4	0	0	0	2	0	0	0	0	0	0	0	3	0	0	0	1	0	0	0	0	0	0	0	2	2	0	0	0
123769	15 Oct 25	10:53:00	1	0	60	0	Ct	0	1	0	0	0	0	0	0	0	2	0	1	0	2	0	0	0	2	0	0	0	2	0	0	0	0	0	0	0	2	1	0	0	0
123770	15 Oct 25	10:54:00	1	0	60	0	Ct	0	1	0	2	0	0	0	0	0	0	0	6	0	0	2	0	0	2	0	0	0	2	0	0	0	0	0	0	0	0	0	0	0	0
123771	15 Oct 25	10:55:00	1	0	60	0	Ct	0	1	1	0	0	0	0	0	0	0	0	0	0	1	0	0	0	2	0	0	0	1	0	0	0	1	0	0	0	0	0	0	0	0
123772	15 Oct 25	10:56:00	1	0	60	0	Ct	0	1	1	0	1	0	0	0	0	0	0	0	0	3	0	0	0	1	1	0	0	2	0	0	0	1	0	0	0	2	3	0	0	0
123773	15 Oct 25	10:57:00	1	0	60	0	Ct	0	1	1	0	0	4	0	0	0	0	0	1	0	2	0	0	0	4	6	0	2	2	0	0	0	0	0	0	0	1	1	0	0	0
123774	15 Oct 25	10:58:00	1	0	60	0	Ct	0	1	0	0	0	1	0	0	0	2	0	0	0	2	0	0	0	2	12	0	0	0	0	0	0	0	0	0	0	1	0	0	0	0
123775	15 Oct 25	10:59:00	1	0	60	0	Ct	0	1	0	2	0	8	0	0	0	0	0	2	0	2	0	0	0	3	5	0	3	1	0	0	0	0	0	0	0	1	0	0	0	0
123776	15 Oct 25	11:00:00	1	0	60	0	Ct	0	1	0	0	0	5	0	0	0	0	0	1	0	2	0	0	0	2	1	0	1	7	0	0	0	0	0	0	0	2	3	0	0	0
123777	15 Oct 25	11:01:00	1	0	60	0	Ct	0	1	0	0	0	4	0	0	0	0	0	0	0	2	0	0	0	1	3	0	2	2	2	0	0	0	0	0	0	1	5	0	0	0
123778	15 Oct 25	11:02:00	1	0	60	0	Ct	0	1	1	0	0	2	0	0	0	1	0	0	0	4	0	0	0	6	1	0	2	2	0	0	0	0	0	0	0	1	0	0	0	0
123779	15 Oct 25	11:03:00	1	0	60	0	Ct	0	1	0	0	0	0	0	0	0	2	0	0	0	2	0	0	0	3	5	0	0	1	2	0	0	0	0	0	0	1	2	0	0	0
123780	15 Oct 25	11:04:00	1	0	60	0	Ct	0	1	0	0	0	3	0	0	0	0	0	2	0	3	0	0	0	3	0	0	1	1	3	0	0	0	0	0	0	2	0	0	0	0
123781	15 Oct 25	11:05:00	1	0	60	0	Ct	0	1	0	0	0	0	0	0	0	1	0	0	0	2	1	0	0	1	2	0	0	1	0	0	0	0	0	0	0	2	0	0	0	0
123782	15 Oct 25	11:06:00	1	0	60	0	Ct	0	1	1	0	0	2	0	0	0	1	0	4	0	0	1	0	0	4	0	0	0	0	1	0	0	0	0	0	0	2	0	0	0	0
123783	15 Oct 25	11:07:00	1	0	60	0	Ct	0	1	1	0	0	1	0	0	0	0	0	0	0	1	0	0	3	3	0	0	1	0	2	0	0	0	0	0	0	2	0	0	0	0
123784	15 Oct 25	11:08:00	1	0	60	0	Ct	0	1	0	0	1	3	0	0	0	0	0	0	0	1	0	0	1	3	0	0	3	0	3	0	0	0	0	0	0	0	1	0	0	0
123785	15 Oct 25	11:09:00	1	0	60	0	Ct	0	1	0	0	1	0	0	0	0	2	0	0	0	0	0	0	2	2	0	0	2	0	11	2	0	0	0	0	0	2	1	0	0	0
123786	15 Oct 25	11:10:00	1	0	60	0	Ct	0	1	0	0	0	0	0	0	0	0	0	0	0	1	0	0	0	4	0	0	3	0	27	0	0	0	0	0	0	1	1	0	0	0
123787	15 Oct 25	11:11:00	1	0	60	0	Ct	0	1	0	0	1	0	0	0	0	0	0	0	0	3	0	0	0	0	0	0	1	0	12	0	0	3	0	0	0	2	1	0	0	0
123788	15 Oct 25	11:12:00	1	0	60	0	Ct	0	1	0	0	0	0	0	0	0	0	0	0	0	2	0	0	0	0	2	0	1	0	0	0	0	1	0	0	0	2	0	0	0	0
123789	15 Oct 25	11:13:00	1	0	60	0	Ct	0	1	0	4	12	0	0	0	0	0	0	0	0	1	0	0	0	2	1	0	2	1	0	0	0	0	0	0	0	1	2	0	0	0
123790	15 Oct 25	11:14:00	1	0	60	0	Ct	0	1	0	0	13	0	0	0	0	0	0	0	0	2	0	0	2	0	2	0	0	1	0	0	0	1	0	0	0	0	3	0	0	0
123791	15 Oct 25	11:15:00	1	0	60	0	Ct	0	1	0	0	12	0	0	0	0	0	0	0	0	3	0	0	2	0	3	0	0	1	0	0	0	0	0	0	0	2	1	0	0	0
123792	15 Oct 25	11:16:00	1	0	60	0	Ct	0	1	0	0	8	0	0	0	0	0	0	0	0	0	0	0	3	2	2	0	2	1	0	0	0	1	0	0	0	1	1	0	0	0
123793	15 Oct 25	11:17:00	1	0	60	0	Ct	0	1	0	0	13	0	0	0	0	0	0	2	0	2	0	0	4	1	1	0	2	0	0	0	0	0	0	0	0	2	1	0	0	0
123794	15 Oct 25	11:18:00	1	0	60	0	Ct	0	1	0	0	15	0	0	0	0	0	0	1	0	3	0	0	3	1	2	0	2	2	3	0	0	0	0	0	0	0	0	0	0	0
123795	15 Oct 25	11:19:00	1	0	60	0	Ct	0	1	0	0	0	0	0	0	0	0	0	0	0	2	0	0	2	3	2	0	0	1	0	0	0	0	0	0	0	1	0	0	0	0
123796	15 Oct 25	11:20:00	1	0	60	0	Ct	0	1	0	0	0	0	0	0	0	0	0	0	0	0	0	0	1	3	3	0	3	2	2	0	0	0	0	0	0	1	0	0	0	0
123797	15 Oct 25	11:21:00	1	0	60	0	Ct	0	1	0	0	0	0	0	0	0	0	0	0	0	0	0	0	0	2	1	0	3	2	0	0	0	0	0	0	0	0	1	0	0	0
123798	15 Oct 25	11:22:00	1	0	60	0	Ct	0	1	0	0	0	1	0	0	0	0	0	0	0	0	0	0	2	3	3	0	0	2	0	0	0	0	0	0	0	1	0	0	0	0
123799	15 Oct 25	11:23:00	1	0	60	0	Ct	0	1	0	0	4	2	0	0	0	0	0	0	0	0	0	0	2	3	2	0	0	2	0	0	0	2	0	0	0	1	0	0	0	0
123800	15 Oct 25	11:24:00	1	0	60	0	Ct	0	1	0	0	0	2	0	0	0	0	0	0	0	0	0	0	1	0	0	0	0	1	0	0	0	0	0	0	0	2	1	0	0	0
123801	15 Oct 25	11:25:00	1	0	60	0	Ct	0	1	0	0	1	1	1	0	0	0	0	0	0	2	0	0	0	4	2	0	0	1	0	0	0	0	0	0	0	0	0	0	0	0
123802	15 Oct 25	11:26:00	1	0	60	0	Ct	0	1	0	0	1	1	1	0	0	0	0	0	0	2	0	0	1	2	2	0	0	1	0	0	0	0	0	0	0	1	0	0	0	0
123803	15 Oct 25	11:27:00	1	0	60	0	Ct	0	1	0	0	1	1	0	0	0	0	0	0	0	1	0	0	1	1	2	0	2	1	0	0	0	0	0	0	0	0	0	0	0	0
123804	15 Oct 25	11:28:00	1	0	60	0	Ct	0	1	0	0	3	3	0	3	0	2	0	0	0	1	0	0	0	2	1	0	0	0	0	0	0	0	0	0	0	1	0	0	0	0
123805	15 Oct 25	11:29:00	1	0	60	0	Ct	0	1	0	0	0	3	0	0	0	0	0	2	0	3	2	0	1	3	2	0	2	0	0	0	0	0	0	0	0	0	2	0	0	0
123806	15 Oct 25	11:30:00	1	0	60	0	Ct	0	1	0	5	1	1	0	1	0	0	0	2	0	1	2	0	5	3	3	0	2	0	0	0	0	0	0	0	0	1	4	0	0	0
123807	15 Oct 25	11:31:00	1	0	60	0	Ct	0	1	0	0	1	3	0	1	0	0	0	3	0	1	2	0	1	2	1	0	2	2	0	0	0	1	0	0	0	0	0	0	0	0
123808	15 Oct 25	11:32:00	1	0	60	0	Ct	0	1	0	0	2	3	0	0	0	0	0	2	0	1	2	0	1	2	2	0	3	1	0	0	0	0	0	0	0	1	0	0	0	0
123809	15 Oct 25	11:33:00	1	0	60	0	Ct	0	1	0	2	1	3	0	0	0	0	0	2	0	2	2	0	0	1	2	0	1	2	0	0	0	0	0	0	0	1	0	0	0	0
123810	15 Oct 25	11:34:00	1	0	60	0	Ct	0	1	0	1	1	1	0	0	0	0	0	1	0	2	2	0	4	3	2	0	3	2	0	4	0	0	0	0	0	1	1	0	0	0
123811	15 Oct 25	11:35:00	1	0	60	0	Ct	0	1	0	0	2	0	0	0	0	1	0	3	0	1	1	0	1	0	2	0	2	0	0	0	0	0	0	0	0	1	1	0	0	0
123812	15 Oct 25	11:36:00	1	0	60	0	Ct	0	1	0	0	2	0	0	0	3	0	0	1	0	2	1	0	2	2	1	0	2	0	0	0	0	0	0	0	0	1	2	0	0	0
123813	15 Oct 25	11:37:00	1	0	60	0	Ct	0	1	0	2	1	0	0	0	0	0	0	1	0	2	2	0	1	3	2	0	3	1	0	0	0	0	0	0	0	1	0	0	0	0
123814	15 Oct 25	11:38:00	1	0	60	0	Ct	0	1	0	0	1	2	0	0	0	0	0	1	0	1	2	0	0	4	2	0	3	3	0	0	0	0	0	0	0	1	2	0	0	0
123815	15 Oct 25	11:39:00	1	0	60	0	Ct	0	1	1	1	3	0	0	0	0	0	0	2	0	5	2	0	0	1	1	0	1	1	0	0	0	0	0	0	0	1	2	0	0	0
123816	15 Oct 25	11:40:00	1	0	60	0	Ct	0	1	1	0	3	1	1	0	0	4	0	2	0	1	1	0	4	4	0	0	1	2	0	0	0	0	0	0	0	1	2	0	0	0
123817	15 Oct 25	11:41:00	1	0	60	0	Ct	0	1	3	0	2	0	0	0	0	3	0	2	0	0	3	0	1	2	0	0	1	2	0	0	0	0	0	0	0	0	1	0	0	0
123818	15 Oct 25	11:42:00	1	0	60	0	Ct	0	1	2	3	3	2	1	0	0	2	0	1	0	0	1	0	2	2	1	0	0	2	0	0	0	0	0	0	0	1	0	0	0	0
123819	15 Oct 25	11:43:00	1	0	60	0	Ct	0	1	3	0	3	1	0	1	0	2	0	3	0	9	3	0	2	2	1	0	4	1	0	0	0	0	0	0	0	1	0	0	0	0
123820	15 Oct 25	11:44:00	1	0	60	0	Ct	0	1	1	1	1	4	1	0	0	1	0	0	0	0	1	0	1	2	2	0	1	1	0	0	0	0	0	0	0	0	0	0	0	0
123821	15 Oct 25	11:45:00	1	0	60	0	Ct	0	1	1	0	7	1	1	1	0	0	0	3	0	1	1	0	1	0	1	0	2	1	0	0	0	0	0	0	0	0	0	0	0	0
123822	15 Oct 25	11:46:00	1	0	60	0	Ct	0	1	0	0	2	1	2	0	0	0	0	1	0	1	1	0	1	3	1	0	0	2	0	0	0	0	0	0	0	1	0	0	0	0
123823	15 Oct 25	11:47:00	1	0	60	0	Ct	0	1	1	0	3	3	0	10	0	0	0	1	0	0	1	0	4	1	7	0	0	3	0	0	0	0	0	0	0	1	3	0	0	0
123824	15 Oct 25	11:48:00	1	0	60	0	Ct	0	1	1	1	1	2	0	6	0	0	0	1	0	2	0	0	0	3	1	0	1	1	0	0	0	0	0	0	0	0	1	0	0	0
123825	15 Oct 25	11:49:00	1	0	60	0	Ct	0	1	0	2	3	0	0	0	0	1	0	3	0	0	1	0	0	2	1	0	2	1	0	0	0	0	0	0	0	0	2	0	0	0
123826	15 Oct 25	11:50:00	1	0	60	0	Ct	0	1	2	3	1	0	0	2	0	0	0	2	0	9	2	0	0	3	2	0	3	0	0	0	0	0	0	0	0	3	1	0	0	0
123827	15 Oct 25	11:51:00	1	0	60	0	Ct	0	1	2	3	1	0	0	1	0	0	0	2	0	5	1	0	0	2	1	0	0	0	0	0	0	0	0	0	0	0	1	0	0	0
123828	15 Oct 25	11:52:00	1	0	60	0	Ct	0	1	2	1	3	2	0	2	0	0	0	2	0	3	2	0	0	4	3	0	0	0	0	0	0	0	0	0	0	1	1	0	0	0
123829	15 Oct 25	11:53:00	1	0	60	0	Ct	0	1	1	5	1	0	0	2	0	0	0	2	0	3	2	0	0	2	1	0	2	2	0	5	0	0	0	0	0	0	1	0	0	0
123830	15 Oct 25	11:54:00	1	0	60	0	Ct	0	1	1	2	1	3	0	0	0	0	0	1	0	1	2	0	0	2	1	0	4	2	0	0	0	0	0	0	0	0	0	0	0	0
123831	15 Oct 25	11:55:00	1	0	60	0	Ct	0	1	1	4	0	0	0	1	0	0	0	1	0	3	2	0	0	3	2	0	0	0	0	2	0	0	0	0	0	10	1	0	0	0
123832	15 Oct 25	11:56:00	1	0	60	0	Ct	0	1	0	1	2	3	0	0	0	0	0	0	0	0	1	0	0	3	2	0	2	2	0	1	0	0	0	0	0	1	0	0	0	0
123833	15 Oct 25	11:57:00	1	0	60	0	Ct	0	1	1	2	1	1	0	2	0	0	0	0	0	1	3	0	0	2	1	0	1	0	0	0	0	0	0	0	0	1	2	0	0	0
123834	15 Oct 25	11:58:00	1	0	60	0	Ct	0	1	1	4	4	1	0	0	0	2	0	1	0	2	1	0	0	3	2	0	1	3	0	0	0	0	0	0	0	3	6	0	0	0
123835	15 Oct 25	11:59:00	1	0	60	0	Ct	0	1	0	3	9	0	0	0	0	1	0	2	0	2	3	0	0	2	1	0	1	7	0	0	0	0	0	0	0	0	1	0	0	0
123836	15 Oct 25	12:00:00	1	0	60	0	Ct	0	1	1	3	20	1	0	0	0	0	0	2	0	0	1	0	0	1	3	0	2	0	0	0	0	0	0	0	0	1	0	0	0	0
123837	15 Oct 25	12:01:00	1	0	60	0	Ct	0	1	1	2	1	2	0	0	0	1	0	5	0	0	2	0	0	3	0	0	1	1	3	0	0	0	0	0	0	4	0	0	0	0
123838	15 Oct 25	12:02:00	1	0	60	0	Ct	0	1	1	4	3	1	0	0	0	0	0	2	0	1	1	0	0	2	0	0	1	2	1	0	0	0	0	0	0	0	0	0	0	0
123839	15 Oct 25	12:03:00	1	0	60	0	Ct	0	1	1	3	2	3	0	0	0	0	0	2	0	1	0	0	0	1	1	0	0	1	4	0	0	0	0	0	0	0	0	0	0	0
123840	15 Oct 25	12:04:00	1	0	60	0	Ct	0	1	1	4	1	2	0	0	0	0	0	2	0	0	3	0	0	2	1	0	1	3	3	0	0	0	0	0	0	2	0	0	0	0
123841	15 Oct 25	12:05:00	1	0	60	0	Ct	0	1	0	3	2	3	0	0	0	0	0	2	0	0	2	0	0	2	0	0	3	1	1	2	0	0	0	0	0	2	0	0	0	0
123842	15 Oct 25	12:06:00	1	0	60	0	Ct	0	1	1	1	2	2	0	0	0	0	0	4	0	0	1	0	0	2	1	0	2	2	0	1	2	0	0	0	0	1	0	0	0	0
123843	15 Oct 25	12:07:00	1	0	60	0	Ct	0	1	1	4	2	0	0	0	0	0	0	2	0	1	2	0	0	2	1	0	0	0	0	0	0	0	0	0	0	0	0	0	0	0
123844	15 Oct 25	12:08:00	1	0	60	0	Ct	0	1	0	0	14	1	0	0	0	0	0	3	0	2	2	0	0	2	0	0	0	1	0	0	0	0	0	0	0	14	2	0	0	0
123845	15 Oct 25	12:09:00	1	0	60	0	Ct	0	1	0	2	7	2	0	0	0	0	0	1	0	1	2	0	0	3	1	0	2	1	0	0	0	0	0	0	0	1	2	0	0	0
123846	15 Oct 25	12:10:00	1	0	60	0	Ct	0	1	2	2	2	0	0	2	0	0	0	2	0	1	0	0	0	1	2	0	0	2	0	2	0	0	0	0	0	1	0	0	0	0
123847	15 Oct 25	12:11:00	1	0	60	0	Ct	0	1	2	0	2	0	0	1	0	0	0	4	0	0	2	0	0	0	1	0	0	1	0	0	1	0	0	0	0	0	0	0	0	0
123848	15 Oct 25	12:12:00	1	0	60	0	Ct	0	1	0	0	2	1	0	1	0	0	0	2	0	0	2	0	0	3	0	0	0	1	0	2	0	0	0	0	0	0	1	0	0	0
123849	15 Oct 25	12:13:00	1	0	60	0	Ct	0	1	3	0	0	0	0	1	0	0	0	0	0	1	3	0	0	1	1	0	0	0	0	1	0	0	0	0	0	1	0	0	0	0
123850	15 Oct 25	12:14:00	1	0	60	0	Ct	0	1	1	2	1	0	0	1	0	0	0	3	0	1	4	0	0	2	2	0	1	0	0	1	0	0	0	0	0	0	0	0	0	0
123851	15 Oct 25	12:15:00	1	0	60	0	Ct	0	1	0	2	1	0	0	1	0	0	0	2	0	2	3	0	0	4	1	0	2	0	0	2	0	0	0	0	0	0	0	0	0	0
123852	15 Oct 25	12:16:00	1	0	60	0	Ct	0	1	2	3	2	0	0	1	0	0	0	3	0	3	0	0	0	1	1	0	4	0	0	2	1	0	0	0	0	5	1	0	0	0
123853	15 Oct 25	12:17:00	1	0	60	0	Ct	0	1	1	1	2	0	0	1	0	0	0	2	0	1	0	0	0	2	2	0	2	1	0	1	1	0	0	0	0	1	1	0	0	0
123854	15 Oct 25	12:18:00	1	0	60	0	Ct	0	1	0	4	3	3	0	1	0	0	0	1	0	1	1	0	0	0	0	0	0	1	0	1	0	0	0	0	0	0	3	0	0	0
123855	15 Oct 25	12:19:00	1	0	60	0	Ct	0	1	1	1	2	2	0	0	0	0	0	2	0	3	0	0	0	0	0	0	1	0	0	3	0	0	0	0	0	6	0	0	0	0
123856	15 Oct 25	12:20:00	1	0	60	0	Ct	0	1	1	0	5	2	0	0	0	0	0	2	0	3	2	0	0	0	1	0	1	0	0	2	0	0	0	0	0	24	1	0	0	0
123857	15 Oct 25	12:21:00	1	0	60	0	Ct	0	1	0	0	2	0	0	1	0	2	0	1	0	1	1	0	0	0	0	0	0	0	0	1	0	0	0	0	0	1	0	0	0	0
123858	15 Oct 25	12:22:00	1	0	60	0	Ct	0	1	0	1	0	3	0	1	0	1	0	1	0	2	1	0	0	2	1	0	2	1	0	2	0	0	0	0	0	2	1	0	0	0
123859	15 Oct 25	12:23:00	1	0	60	0	Ct	0	1	0	3	2	2	0	0	0	0	0	0	0	1	4	0	0	1	1	0	0	1	0	2	0	0	0	0	0	0	0	0	0	0
123860	15 Oct 25	12:24:00	1	0	60	0	Ct	0	1	0	1	2	0	0	2	0	0	0	0	0	3	3	0	0	3	1	0	1	2	0	0	0	0	0	0	0	0	0	0	0	0
123861	15 Oct 25	12:25:00	1	0	60	0	Ct	0	1	0	0	2	0	0	0	0	11	0	0	0	0	2	0	0	1	0	0	1	2	0	1	0	0	0	0	0	5	0	0	0	0
123862	15 Oct 25	12:26:00	1	0	60	0	Ct	0	1	0	2	1	0	0	0	0	0	0	1	0	1	0	0	0	0	13	0	1	2	0	1	0	0	0	0	0	1	1	0	0	0
123863	15 Oct 25	12:27:00	1	0	60	0	Ct	0	1	0	4	2	0	0	0	0	0	0	0	0	1	2	0	0	0	12	0	3	0	0	1	0	0	0	0	0	1	1	0	0	0
123864	15 Oct 25	12:28:00	1	0	60	0	Ct	0	1	0	0	6	0	0	0	0	0	0	0	0	1	2	0	0	1	2	0	2	1	0	0	0	0	0	0	0	0	1	0	0	0
123865	15 Oct 25	12:29:00	1	0	60	0	Ct	0	1	0	0	2	0	0	1	0	0	0	0	0	0	3	0	0	3	1	0	1	1	0	0	0	0	0	0	0	2	0	0	0	0
123866	15 Oct 25	12:30:00	1	0	60	0	Ct	0	1	0	1	1	0	0	0	0	0	0	2	0	2	0	0	0	2	1	0	0	1	0	0	0	0	0	0	0	2	2	0	0	0
123867	15 Oct 25	12:31:00	1	0	60	0	Ct	0	1	0	1	1	0	0	0	0	0	0	1	0	1	2	0	0	2	1	0	0	1	0	4	0	0	0	0	0	0	0	0	0	0
123868	15 Oct 25	12:32:00	1	0	60	0	Ct	0	1	1	0	3	0	0	0	0	0	0	2	0	2	2	0	0	3	2	0	2	1	0	1	0	0	0	0	0	0	1	0	0	0
123869	15 Oct 25	12:33:00	1	0	60	0	Ct	0	1	2	2	1	0	0	0	0	0	0	3	0	2	1	0	0	3	2	0	1	1	0	9	0	0	0	0	0	0	0	0	0	0
123870	15 Oct 25	12:34:00	1	0	60	0	Ct	0	1	0	2	1	0	0	0	0	0	0	2	0	1	2	0	0	2	1	0	1	0	0	4	0	6	0	0	0	0	1	0	0	0
123871	15 Oct 25	12:35:00	1	0	60	0	Ct	0	1	0	7	2	0	0	0	0	0	0	2	0	3	2	0	0	2	2	0	1	0	0	2	0	0	0	0	0	3	1	0	0	0
123872	15 Oct 25	12:36:00	1	0	60	0	Ct	0	1	0	2	2	0	0	0	0	0	0	2	0	1	1	0	0	2	4	0	4	0	0	3	0	0	0	0	0	1	0	0	0	0
123873	15 Oct 25	12:37:00	1	0	60	0	Ct	0	1	0	2	2	0	0	4	0	0	0	1	0	1	2	0	0	2	1	0	2	0	0	1	0	0	0	0	0	9	0	0	0	0
123874	15 Oct 25	12:38:00	1	0	60	0	Ct	0	1	0	2	2	0	0	1	0	0	0	0	0	2	2	0	0	0	0	0	1	0	0	0	0	0	0	0	0	2	1	0	0	0
123875	15 Oct 25	12:39:00	1	0	60	0	Ct	0	1	1	1	9	0	0	2	0	0	0	0	0	2	1	0	0	2	9	0	1	2	0	1	0	0	0	0	0	2	0	0	0	0
123876	15 Oct 25	12:40:00	1	0	60	0	Ct	0	1	2	0	4	0	0	0	0	2	0	0	0	0	2	0	0	0	3	0	2	0	0	1	0	0	0	0	0	1	0	0	0	0
123877	15 Oct 25	12:41:00	1	0	60	0	Ct	0	1	2	2	2	0	0	1	0	2	0	0	0	0	0	0	0	2	1	0	2	0	0	0	3	0	0	0	0	0	0	0	0	0
123878	15 Oct 25	12:42:00	1	0	60	0	Ct	0	1	0	2	2	0	0	1	0	2	0	0	0	0	0	0	0	2	1	0	2	0	0	1	0	0	0	0	0	0	0	0	0	0
123879	15 Oct 25	12:43:00	1	0	60	0	Ct	0	1	0	0	5	2	0	1	0	1	0	2	4	1	1	0	0	0	1	0	1	0	0	1	0	0	0	0	0	1	0	0	0	0
123880	15 Oct 25	12:44:00	1	0	60	0	Ct	0	1	0	0	5	1	0	1	0	0	0	3	0	2	2	0	0	0	0	0	1	0	0	1	0	0	0	0	0	1	0	0	0	0
123881	15 Oct 25	12:45:00	1	0	60	0	Ct	0	1	0	0	2	5	0	1	0	0	0	3	1	2	3	0	0	0	0	0	2	0	0	1	0	0	0	0	0	2	0	0	0	0
123882	15 Oct 25	12:46:00	1	0	60	0	Ct	0	1	0	0	3	1	0	0	0	1	0	0	2	1	1	0	0	0	0	0	3	0	0	1	0	0	0	0	0	2	0	0	0	0
123883	15 Oct 25	12:47:00	1	0	60	0	Ct	0	1	0	1	1	1	0	1	0	0	0	0	0	3	2	0	0	0	1	0	3	0	0	1	2	0	0	0	0	0	0	0	0	0
123884	15 Oct 25	12:48:00	1	0	60	0	Ct	0	1	0	2	1	3	0	1	0	0	0	0	2	0	1	0	0	0	2	0	3	0	0	0	0	0	0	0	0	0	0	0	0	0
123885	15 Oct 25	12:49:00	1	0	60	0	Ct	0	1	0	1	2	0	0	1	0	0	0	0	2	2	2	0	0	0	0	0	1	0	0	1	0	0	0	0	0	0	0	0	0	0
123886	15 Oct 25	12:50:00	1	0	60	0	Ct	0	1	0	0	1	0	0	1	0	0	0	1	2	12	2	0	0	0	2	0	2	0	0	0	0	0	0	0	0	0	0	0	0	0
123887	15 Oct 25	12:51:00	1	0	60	0	Ct	0	1	0	1	1	0	0	0	0	0	0	0	2	2	1	0	0	0	1	0	2	0	0	1	0	0	0	0	0	0	1	0	0	0
123888	15 Oct 25	12:52:00	1	0	60	0	Ct	0	1	0	5	2	0	0	3	0	0	0	2	2	1	2	0	0	0	0	0	0	0	0	0	0	2	0	0	0	0	1	0	0	0
123889	15 Oct 25	12:53:00	1	0	60	0	Ct	0	1	0	2	1	1	0	0	0	0	0	0	2	0	2	0	0	3	0	0	0	0	0	0	0	0	0	0	0	1	1	0	0	0
123890	15 Oct 25	12:54:00	1	0	60	0	Ct	0	1	0	2	0	0	0	1	0	0	0	0	2	0	2	0	0	0	0	0	0	0	0	0	0	0	0	0	0	1	1	0	0	0
123891	15 Oct 25	12:55:00	1	0	60	0	Ct	0	1	0	1	2	1	0	2	0	0	0	0	2	0	2	0	0	2	0	0	0	1	0	0	2	0	0	0	0	2	0	0	0	0
123892	15 Oct 25	12:56:00	1	0	60	0	Ct	0	1	0	15	2	0	0	0	0	0	0	0	2	0	2	0	0	2	2	0	3	3	0	2	2	0	0	0	0	0	0	0	0	0
123893	15 Oct 25	12:57:00	1	0	60	0	Ct	0	1	1	4	2	3	0	0	0	0	0	0	0	1	0	0	0	2	2	0	2	0	0	0	1	0	0	0	0	2	0	0	0	0
123894	15 Oct 25	12:58:00	1	0	60	0	Ct	0	1	1	0	2	1	0	0	0	0	0	0	1	0	2	0	0	3	2	0	0	0	0	0	1	0	0	0	0	2	0	0	0	0
123895	15 Oct 25	12:59:00	1	0	60	0	Ct	0	1	1	2	2	5	0	0	0	0	0	0	1	2	2	0	0	2	0	0	2	0	0	0	1	0	0	0	0	2	4	0	0	0
123896	15 Oct 25	13:00:00	1	0	60	0	Ct	0	1	0	0	1	0	0	0	0	0	0	0	2	0	0	0	0	2	0	0	0	0	0	0	0	0	0	0	0	0	9	0	0	0
123897	15 Oct 25	13:01:00	1	0	60	0	Ct	0	1	3	3	2	6	0	0	0	0	0	0	0	4	2	0	0	3	2	0	0	0	0	0	1	0	0	0	0	0	1	0	0	0
123898	15 Oct 25	13:02:00	1	0	60	0	Ct	0	1	0	1	1	0	0	0	0	0	0	0	0	1	0	0	0	1	1	0	2	4	0	2	1	0	0	0	0	1	1	0	0	0
123899	15 Oct 25	13:03:00	1	0	60	0	Ct	0	1	1	2	1	0	0	0	0	0	0	0	0	2	0	0	0	2	2	0	2	0	0	2	0	0	0	0	0	1	6	0	0	0
123900	15 Oct 25	13:04:00	1	0	60	0	Ct	0	1	2	1	3	0	0	0	0	0	0	0	0	1	3	0	0	2	1	0	1	0	0	0	1	0	0	0	0	0	6	0	0	0
123901	15 Oct 25	13:05:00	1	0	60	0	Ct	0	1	1	6	0	3	3	0	0	0	0	0	0	0	0	0	0	3	0	0	3	0	0	0	1	0	0	0	0	1	0	0	0	0
123902	15 Oct 25	13:06:00	1	0	60	0	Ct	0	1	2	2	1	7	0	0	0	0	0	0	0	1	1	0	0	1	1	0	1	2	0	0	1	0	0	0	0	3	3	0	0	0
123903	15 Oct 25	13:07:00	1	0	60	0	Ct	0	1	1	2	1	3	0	0	0	0	0	0	0	0	2	0	0	2	0	0	2	0	0	0	1	0	0	0	0	0	1	0	0	0
123904	15 Oct 25	13:08:00	1	0	60	0	Ct	0	1	1	2	2	5	0	0	0	0	0	0	0	0	1	0	0	1	2	0	2	2	0	0	1	0	0	0	0	2	0	0	0	0
123905	15 Oct 25	13:09:00	1	0	60	0	Ct	0	1	1	5	2	4	0	0	0	0	0	0	0	1	0	0	0	2	7	0	2	1	0	0	0	0	0	0	0	0	0	0	0	0
123906	15 Oct 25	13:10:00	1	0	60	0	Ct	0	1	1	1	2	2	5	0	0	0	0	0	0	0	2	0	0	2	1	0	2	1	0	0	0	0	0	0	0	3	0	0	0	0
123907	15 Oct 25	13:11:00	1	0	60	0	Ct	0	1	3	3	2	2	0	0	0	0	0	0	0	1	0	0	0	1	3	0	2	1	0	0	0	0	0	0	0	0	0	0	0	0
123908	15 Oct 25	13:12:00	1	0	60	0	Ct	0	1	1	1	1	1	3	0	0	0	0	0	0	3	0	0	0	0	1	0	2	0	0	0	0	0	0	0	0	1	0	0	0	0
123909	15 Oct 25	13:13:00	1	0	60	0	Ct	0	1	0	1	0	1	1	0	0	1	0	3	0	0	0	0	0	2	1	0	2	0	0	0	2	0	0	0	0	0	2	0	0	0
123910	15 Oct 25	13:14:00	1	0	60	0	Ct	0	1	1	1	0	0	2	0	0	0	0	1	0	2	0	0	0	3	1	0	1	2	0	0	1	0	0	0	0	0	0	0	0	0
123911	15 Oct 25	13:15:00	1	0	60	0	Ct	0	1	0	1	2	0	1	0	0	0	0	2	0	1	2	0	0	0	0	0	1	1	0	0	1	0	0	0	0	2	1	0	0	0
123912	15 Oct 25	13:16:00	1	0	60	0	Ct	0	1	8	2	0	0	2	0	0	0	0	1	0	2	0	0	0	4	2	0	2	1	0	0	0	0	0	0	0	0	0	0	0	0
123913	15 Oct 25	13:17:00	1	0	60	0	Ct	0	1	0	0	0	0	2	0	0	0	0	1	0	1	2	0	0	3	3	0	1	3	0	0	0	0	0	0	0	1	1	0	0	0
123914	15 Oct 25	13:18:00	1	0	60	0	Ct	0	1	0	2	2	0	2	0	0	1	0	2	0	1	0	0	0	2	2	0	0	2	0	0	0	0	0	0	0	1	0	0	0	0
123915	15 Oct 25	13:19:00	1	0	60	0	Ct	0	1	0	2	2	0	2	0	0	28	0	1	0	0	2	0	0	0	3	0	0	0	0	0	0	0	0	0	0	0	1	0	0	0
123916	15 Oct 25	13:20:00	1	0	60	0	Ct	0	1	0	2	3	0	2	0	0	13	0	1	0	1	2	0	0	1	2	0	0	0	0	0	0	0	0	0	0	2	0	0	0	0
123917	15 Oct 25	13:21:00	1	0	60	0	Ct	0	1	0	1	1	3	2	0	0	0	0	0	0	1	1	0	0	4	1	0	1	0	0	0	0	0	0	0	0	10	0	0	0	0
123918	15 Oct 25	13:22:00	1	0	60	0	Ct	0	1	0	3	1	0	2	0	0	0	0	0	0	4	1	0	0	1	2	0	2	0	0	0	0	0	0	0	0	2	1	0	0	0
123919	15 Oct 25	13:23:00	1	0	60	0	Ct	0	1	0	0	1	2	1	0	0	0	0	0	0	0	2	0	0	11	2	0	3	1	0	0	2	0	0	0	0	1	1	0	0	0
123920	15 Oct 25	13:24:00	1	0	60	0	Ct	0	1	0	0	1	6	2	0	0	0	0	0	0	0	5	0	0	2	0	0	2	8	3	0	0	0	0	0	0	1	1	0	0	0
123921	15 Oct 25	13:25:00	1	0	60	0	Ct	0	1	1	0	2	2	2	0	0	0	0	0	0	0	1	0	0	1	1	0	1	1	0	0	0	0	0	0	0	2	1	0	0	0
123922	15 Oct 25	13:26:00	1	0	60	0	Ct	0	1	0	0	0	1	4	0	0	0	0	0	0	0	2	0	0	2	0	0	0	3	1	0	3	0	0	0	0	1	0	0	0	0
123923	15 Oct 25	13:27:00	1	0	60	0	Ct	0	1	1	0	1	2	1	0	0	0	0	0	0	0	0	0	0	1	0	0	0	0	2	0	0	2	0	0	0	1	0	0	0	0
123924	15 Oct 25	13:28:00	1	0	60	0	Ct	0	1	0	0	0	6	2	0	0	2	0	0	0	0	0	0	0	1	0	0	2	1	4	0	0	0	0	0	0	1	6	0	0	0
123925	15 Oct 25	13:29:00	1	0	60	0	Ct	0	1	0	3	1	1	2	0	0	1	0	0	0	7	0	0	0	2	0	0	3	3	4	0	0	0	0	0	0	1	5	0	0	0
123926	15 Oct 25	13:30:00	1	0	60	0	Ct	0	1	1	1	2	0	2	0	0	0	0	0	0	0	0	0	0	4	0	0	2	2	2	0	0	0	0	0	0	0	0	0	0	0
123927	15 Oct 25	13:31:00	1	0	60	0	Ct	0	1	0	0	0	0	3	0	0	0	0	0	0	1	0	0	0	1	0	0	3	0	1	0	2	0	0	0	0	1	0	0	0	0
123928	15 Oct 25	13:32:00	1	0	60	0	Ct	0	1	6	1	1	0	2	0	0	0	0	0	0	1	1	0	0	1	6	0	1	0	0	0	1	0	0	0	0	0	0	0	0	0
123929	15 Oct 25	13:33:00	1	0	60	0	Ct	0	1	0	4	2	0	2	0	0	0	0	0	0	2	0	0	0	1	3	0	2	2	0	7	0	0	0	0	0	2	1	0	0	0
123930	15 Oct 25	13:34:00	1	0	60	0	Ct	0	1	1	0	2	0	3	0	0	0	0	0	0	0	0	0	0	1	0	0	2	4	0	0	2	0	0	0	0	0	0	0	0	0
123931	15 Oct 25	13:35:00	1	0	60	0	Ct	0	1	2	3	1	0	1	0	0	3	0	0	0	1	2	0	0	2	4	0	3	0	0	0	0	0	0	0	0	0	1	0	0	0
123932	15 Oct 25	13:36:00	1	0	60	0	Ct	0	1	0	1	1	0	2	0	0	1	0	0	0	2	1	0	0	3	4	0	2	0	3	0	0	0	0	0	0	2	0	0	0	0
123933	15 Oct 25	13:37:00	1	0	60	0	Ct	0	1	2	3	1	8	2	0	0	0	0	1	0	2	2	0	0	2	1	0	0	0	11	0	0	0	0	0	0	2	1	0	0	0
123934	15 Oct 25	13:38:00	1	0	60	0	Ct	0	1	0	2	3	2	1	0	0	0	0	0	0	2	0	0	0	2	2	0	0	1	3	2	0	0	0	0	0	1	0	0	0	0
123935	15 Oct 25	13:39:00	1	0	60	0	Ct	0	1	0	2	1	0	4	0	0	0	0	0	0	1	0	1	0	0	1	0	1	2	0	0	0	0	0	0	0	0	0	0	0	0
123936	15 Oct 25	13:40:00	1	0	60	0	Ct	0	1	1	0	4	8	2	0	0	0	0	0	0	3	0	0	0	2	2	0	1	6	0	0	0	0	0	0	0	2	4	0	0	0
123937	15 Oct 25	13:41:00	1	0	60	0	Ct	0	1	1	4	2	0	4	0	0	0	0	0	0	1	0	0	0	4	1	0	0	1	5	2	0	8	0	0	0	0	0	0	0	0
123938	15 Oct 25	13:42:00	1	0	60	0	Ct	0	1	0	0	0	0	2	0	0	0	0	0	0	1	0	0	0	2	0	0	0	0	23	1	0	0	0	0	0	0	1	0	0	0
123939	15 Oct 25	13:43:00	1	0	60	0	Ct	0	1	2	2	3	5	3	0	0	0	0	2	0	0	0	0	0	1	0	0	0	1	13	0	0	0	0	0	0	0	0	0	0	0
123940	15 Oct 25	13:44:00	1	0	60	0	Ct	0	1	1	1	1	0	2	0	0	0	0	5	0	0	3	0	0	2	0	0	2	13	1	0	0	0	0	0	0	1	0	0	0	0
123941	15 Oct 25	13:45:00	1	0	60	0	Ct	0	1	1	0	0	0	2	0	0	1	0	0	0	1	0	0	0	1	0	0	4	0	0	0	0	0	0	0	0	0	0	0	0	0
123942	15 Oct 25	13:46:00	1	0	60	0	Ct	0	1	1	0	3	11	2	0	0	0	0	0	0	1	2	0	0	1	0	0	2	3	0	0	0	0	0	0	0	0	10	0	0	0
123943	15 Oct 25	13:47:00	1	0	60	0	Ct	0	1	0	0	6	4	2	0	0	0	0	0	0	2	0	0	0	1	0	0	2	0	0	0	2	0	0	0	0	0	1	0	0	0
123944	15 Oct 25	13:48:00	1	0	60	0	Ct	0	1	1	0	1	0	1	0	0	0	0	0	0	1	0	0	0	1	0	0	0	1	0	0	0	0	0	0	0	0	0	0	0	0
123945	15 Oct 25	13:49:00	1	0	60	0	Ct	0	1	0	0	1	0	4	0	0	0	0	0	0	0	2	0	0	2	0	0	0	2	1	0	0	0	0	0	0	5	1	0	0	0
123946	15 Oct 25	13:50:00	1	0	60	0	Ct	0	1	1	0	2	0	1	0	0	0	0	0	0	0	0	0	0	1	0	0	0	0	0	0	0	0	0	0	0	0	0	0	0	0
123947	15 Oct 25	13:51:00	1	0	60	0	Ct	0	1	1	0	1	1	3	0	0	0	0	0	3	2	2	0	0	2	0	0	0	0	1	0	0	0	0	0	0	0	0	0	0	0
123948	15 Oct 25	13:52:00	1	0	60	0	Ct	0	1	0	0	3	1	2	0	0	0	0	0	0	0	2	0	0	2	0	0	1	3	0	0	0	0	0	0	0	2	3	0	0	0
123949	15 Oct 25	13:53:00	1	0	60	0	Ct	0	1	3	0	1	1	4	0	0	0	0	0	0	1	2	0	0	1	0	0	4	0	0	0	0	1	0	0	0	3	1	0	0	0
123950	15 Oct 25	13:54:00	1	0	60	0	Ct	0	1	1	0	2	0	1	0	0	0	0	0	2	0	1	0	0	1	1	0	0	1	0	0	3	0	0	0	0	1	1	0	0	0
123951	15 Oct 25	13:55:00	1	0	60	0	Ct	0	1	0	0	1	0	3	0	0	0	0	0	3	1	1	0	0	1	1	0	0	7	1	0	2	0	0	0	0	0	1	0	0	0
123952	15 Oct 25	13:56:00	1	0	60	0	Ct	0	1	0	0	1	0	3	0	0	0	0	0	2	1	0	0	0	1	1	0	2	0	0	2	2	0	0	0	0	1	1	0	0	0
123953	15 Oct 25	13:57:00	1	0	60	0	Ct	0	1	0	3	2	0	0	0	0	1	0	0	1	2	1	0	0	0	0	0	2	2	0	1	1	0	0	0	0	0	0	0	0	0
123954	15 Oct 25	13:58:00	1	0	60	0	Ct	0	1	0	0	0	0	2	0	0	0	0	0	2	1	3	0	0	0	0	0	3	1	0	0	2	0	0	0	0	0	0	0	0	0
123955	15 Oct 25	13:59:00	1	0	60	0	Ct	0	1	2	0	1	0	0	0	0	0	0	0	1	1	0	0	0	3	0	0	2	1	0	0	1	0	0	0	0	0	0	0	0	0
123956	15 Oct 25	14:00:00	1	0	60	0	Ct	0	1	0	0	0	0	0	0	0	0	0	15	2	0	2	0	0	1	0	0	0	0	6	0	0	0	0	0	0	0	1	0	0	0
123957	15 Oct 25	14:01:00	1	0	60	0	Ct	0	1	0	1	7	1	0	0	0	1	0	2	1	0	1	0	0	2	1	0	1	0	3	2	2	0	0	0	0	1	1	0	0	0
123958	15 Oct 25	14:02:00	1	0	60	0	Ct	0	1	0	0	1	3	1	0	0	6	0	0	2	0	2	0	0	2	1	0	1	0	0	0	1	0	0	0	0	0	0	0	0	0
123959	15 Oct 25	14:03:00	1	0	60	0	Ct	0	1	0	0	3	0	1	0	0	1	0	0	0	0	2	0	0	0	1	0	0	1	5	1	0	0	0	0	0	0	1	0	0	0
123960	15 Oct 25	14:04:00	1	0	60	0	Ct	0	1	0	0	2	1	2	0	0	2	0	0	0	0	0	0	0	1	0	0	1	1	0	0	2	0	0	0	0	2	0	0	0	0
123961	15 Oct 25	14:05:00	1	0	60	0	Ct	0	1	0	1	1	0	1	0	0	0	2	0	0	0	0	0	0	1	0	0	1	2	0	0	1	0	0	0	0	1	0	0	0	0
123962	15 Oct 25	14:06:00	1	0	60	0	Ct	0	1	0	0	2	4	2	0	0	1	0	0	0	0	2	0	0	0	0	0	0	2	0	0	0	0	0	0	0	0	1	0	0	0
123963	15 Oct 25	14:07:00	1	0	60	0	Ct	0	1	0	0	2	0	1	0	0	0	0	0	0	0	2	0	0	0	0	0	1	1	2	0	0	0	0	0	0	0	0	0	0	0
123964	15 Oct 25	14:08:00	1	0	60	0	Ct	0	1	0	0	0	0	2	0	0	0	0	0	0	0	0	0	0	0	0	0	1	1	2	0	0	0	0	0	0	1	0	0	0	0
123965	15 Oct 25	14:09:00	1	0	60	0	Ct	0	1	1	0	0	0	3	0	0	2	0	0	0	2	1	0	0	0	0	0	2	0	3	0	0	0	0	0	1	0	0	0	0	0
123966	15 Oct 25	14:10:00	1	0	60	0	Ct	0	1	1	0	2	0	3	0	0	1	0	0	0	1	3	0	0	0	0	0	1	1	1	0	0	0	0	0	2	1	1	0	0	0
123967	15 Oct 25	14:11:00	1	0	60	0	Ct	0	1	2	0	3	1	2	0	0	0	0	0	0	2	1	0	0	0	1	0	2	2	3	0	0	0	0	0	0	1	0	0	0	0
123968	15 Oct 25	14:12:00	1	0	60	0	Ct	0	1	1	0	1	5	3	0	0	0	0	0	0	1	2	0	0	0	10	0	1	0	2	0	0	0	0	0	2	0	0	0	0	0
123969	15 Oct 25	14:13:00	1	0	60	0	Ct	0	1	1	0	0	2	2	0	0	0	0	0	0	2	2	0	0	0	1	0	0	0	1	0	0	0	0	0	0	0	1	0	0	0
123970	15 Oct 25	14:14:00	1	0	60	0	Ct	0	1	1	2	3	0	1	0	0	0	0	0	0	0	0	0	0	1	1	0	0	3	1	0	0	0	0	0	0	0	0	0	0	0
123971	15 Oct 25	14:15:00	1	0	60	0	Ct	0	1	1	0	1	12	2	0	0	0	0	0	0	2	0	0	0	1	0	0	0	1	2	0	0	0	0	0	0	0	1	0	0	0
123972	15 Oct 25	14:16:00	1	0	60	0	Ct	0	1	0	0	6	14	4	0	0	1	0	0	0	2	0	0	0	0	0	0	0	4	3	0	0	0	0	0	0	4	0	0	0	0
123973	15 Oct 25	14:17:00	1	0	60	0	Ct	0	1	0	0	1	5	1	0	0	0	0	0	0	2	0	0	0	2	0	0	0	1	2	0	0	0	0	0	0	2	2	0	0	0
123974	15 Oct 25	14:18:00	1	0	60	0	Ct	0	1	0	0	5	8	2	0	0	2	0	0	0	1	0	0	0	0	0	0	2	0	4	0	0	0	0	0	0	3	0	0	0	0
123975	15 Oct 25	14:19:00	1	0	60	0	Ct	0	1	0	0	10	9	3	0	0	0	0	0	0	0	0	0	0	3	0	0	2	0	0	0	0	0	0	0	0	1	0	0	0	0
123976	15 Oct 25	14:20:00	1	0	60	0	Ct	0	1	1	0	5	15	1	0	0	0	0	0	0	0	2	0	0	2	1	0	1	0	1	0	2	0	0	0	0	0	1	0	0	0
123977	15 Oct 25	14:21:00	1	0	60	0	Ct	0	1	1	0	6	7	0	0	0	0	0	0	0	1	1	0	0	2	1	0	2	0	0	0	0	0	0	0	0	0	1	0	0	0
123978	15 Oct 25	14:22:00	1	0	60	0	Ct	0	1	1	0	2	12	2	0	0	0	0	0	0	0	1	0	0	2	2	0	2	0	2	0	0	0	0	0	0	0	2	0	0	0
123979	15 Oct 25	14:23:00	1	0	60	0	Ct	0	1	0	0	1	9	2	0	0	0	0	0	0	0	0	0	0	2	2	0	2	0	1	0	0	0	0	0	0	0	0	0	0	0
123980	15 Oct 25	14:24:00	1	0	60	0	Ct	0	1	0	0	1	4	2	0	0	0	0	0	0	1	3	0	0	1	1	0	3	0	7	0	2	0	0	0	0	2	0	0	0	0
123981	15 Oct 25	14:25:00	1	0	60	0	Ct	0	1	1	0	1	9	2	0	0	0	0	0	0	1	1	0	0	2	2	0	2	0	3	0	2	0	0	0	0	2	1	0	0	0
123982	15 Oct 25	14:26:00	1	0	60	0	Ct	0	1	1	0	1	9	2	0	0	0	0	1	0	1	0	0	0	1	0	0	0	0	4	0	2	0	0	0	0	1	0	0	0	0
123983	15 Oct 25	14:27:00	1	0	60	0	Ct	0	1	1	0	3	14	1	0	0	0	0	0	0	1	1	0	0	1	0	0	1	5	0	0	0	0	0	0	0	2	0	0	0	0
123984	15 Oct 25	14:28:00	1	0	60	0	Ct	0	1	1	0	3	8	2	0	0	0	0	2	0	0	2	0	0	2	1	0	1	1	0	0	2	0	0	0	0	0	15	0	0	0
123985	15 Oct 25	14:29:00	1	0	60	0	Ct	0	1	2	0	1	9	7	0	0	0	0	6	0	0	1	0	0	2	0	0	3	0	0	6	0	0	0	0	0	21	2	0	0	0
123986	15 Oct 25	14:30:00	1	0	60	0	Ct	0	1	1	0	2	8	1	0	0	0	0	1	0	0	1	0	0	1	0	0	1	0	0	1	2	0	0	0	0	28	1	0	0	0
123987	15 Oct 25	14:31:00	1	0	60	0	Ct	0	1	1	0	8	4	2	0	0	0	0	0	0	2	0	0	0	1	1	0	5	1	0	0	1	0	0	0	0	14	0	0	0	0
123988	15 Oct 25	14:32:00	1	0	60	0	Ct	0	1	0	0	3	3	9	0	0	5	0	0	0	1	0	0	0	0	1	0	0	2	0	0	3	0	0	0	2	7	5	0	0	0
123989	15 Oct 25	14:33:00	1	0	60	0	Ct	0	1	2	0	0	4	2	1	0	0	0	0	0	1	0	0	0	0	0	0	2	2	0	0	0	0	0	0	1	3	3	0	0	0
123990	15 Oct 25	14:34:00	1	0	60	0	Ct	0	1	2	0	0	1	1	1	0	1	0	1	0	2	0	0	0	0	0	0	2	0	0	1	0	0	0	0	0	1	0	0	0	0
123991	15 Oct 25	14:35:00	1	0	60	0	Ct	0	1	2	1	0	2	1	2	0	0	0	3	0	1	0	0	0	0	0	0	0	1	0	3	0	0	0	0	0	2	2	0	0	0
123992	15 Oct 25	14:36:00	1	0	60	0	Ct	0	1	1	0	1	1	2	0	0	0	0	0	0	0	0	0	0	0	0	0	2	1	0	1	0	0	0	0	0	0	2	0	0	0
123993	15 Oct 25	14:37:00	1	0	60	0	Ct	0	1	0	0	2	1	2	0	0	0	0	0	0	0	1	1	0	0	0	0	2	0	0	2	1	0	0	0	0	1	0	0	0	0
123994	15 Oct 25	14:38:00	1	0	60	0	Ct	0	1	0	0	2	3	0	1	0	0	0	0	0	0	1	1	0	0	0	0	1	2	0	0	2	0	0	0	0	3	1	0	0	0
123995	15 Oct 25	14:39:00	1	0	60	0	Ct	0	1	0	0	1	0	2	1	0	0	0	0	0	0	0	0	0	2	0	0	2	1	0	2	0	0	0	0	0	1	1	0	0	0
123996	15 Oct 25	14:40:00	1	0	60	0	Ct	0	1	0	0	2	1	2	0	0	0	0	0	0	1	0	0	0	4	0	0	1	1	0	1	0	0	0	0	0	3	0	0	0	0
123997	15 Oct 25	14:41:00	1	0	60	0	Ct	0	1	4	0	2	0	2	0	0	0	0	0	0	1	1	0	0	2	2	0	2	1	0	1	2	0	0	0	0	1	2	0	0	0
123998	15 Oct 25	14:42:00	1	0	60	0	Ct	0	1	0	0	9	0	2	0	0	0	0	0	0	0	1	0	0	2	0	0	2	1	0	0	1	0	0	0	0	2	1	0	0	0
123999	15 Oct 25	14:43:00	1	0	60	0	Ct	0	1	1	0	14	2	1	0	0	0	0	0	0	4	0	0	0	1	1	0	0	0	0	1	1	0	0	0	0	2	0	0	0	0
124000	15 Oct 25	14:44:00	1	0	60	0	Ct	0	1	1	0	22	0	2	0	0	0	0	0	0	1	1	0	0	2	1	0	0	0	0	1	0	0	0	0	0	0	0	0	0	0
124001	15 Oct 25	14:45:00	1	0	60	0	Ct	0	1	1	0	0	1	1	0	0	1	0	0	0	1	1	0	0	1	3	0	1	0	3	0	2	0	0	0	0	1	0	0	0	0
124002	15 Oct 25	14:46:00	1	0	60	0	Ct	0	1	0	1	1	4	2	0	0	0	0	0	1	5	2	1	0	1	2	0	1	0	2	1	0	0	0	0	0	5	2	0	0	0
124003	15 Oct 25	14:47:00	1	0	60	0	Ct	0	1	0	0	1	3	2	0	0	0	0	0	1	2	0	1	0	1	1	0	0	0	0	1	0	0	0	0	0	0	0	0	0	0
124004	15 Oct 25	14:48:00	1	0	60	0	Ct	0	1	0	2	2	0	2	0	0	0	0	0	2	1	0	0	0	2	2	0	0	0	2	1	2	0	0	0	0	2	0	0	0	0
124005	15 Oct 25	14:49:00	1	0	60	0	Ct	0	1	0	2	1	0	3	0	0	0	0	0	2	2	0	0	0	2	1	0	0	1	3	3	0	0	0	0	0	11	0	0	0	0
124006	15 Oct 25	14:50:00	1	0	60	0	Ct	0	1	1	0	1	0	17	0	0	0	0	0	2	3	0	0	0	1	1	0	1	1	0	25	1	0	0	0	0	0	1	0	0	0
124007	15 Oct 25	14:51:00	1	0	60	0	Ct	0	1	0	0	2	0	2	0	0	0	0	1	1	2	0	0	3	3	2	0	2	0	3	9	1	0	0	0	0	0	2	0	0	0
124008	15 Oct 25	14:52:00	1	0	60	0	Ct	0	1	0	0	1	0	2	0	0	0	0	0	2	0	2	2	2	1	1	0	1	0	0	0	0	1	0	0	0	0	0	0	0	0
124009	15 Oct 25	14:53:00	1	0	60	0	Ct	0	1	0	0	1	3	0	0	0	0	0	0	1	1	0	1	0	1	1	0	2	6	2	0	3	13	0	0	0	1	0	0	0	0
124010	15 Oct 25	14:54:00	1	0	60	0	Ct	0	1	0	0	0	6	4	0	0	0	0	0	2	1	1	0	2	3	1	0	2	0	0	0	2	1	0	0	0	0	1	0	0	0
124011	15 Oct 25	14:55:00	1	0	60	0	Ct	0	1	1	0	1	3	0	1	0	0	0	0	3	2	1	0	1	0	1	0	1	1	2	3	1	0	0	0	0	1	1	0	0	0
124012	15 Oct 25	14:56:00	1	0	60	0	Ct	0	1	0	0	4	3	2	1	0	1	0	0	2	1	1	0	1	3	2	0	4	1	0	2	0	0	0	0	1	3	4	0	0	0
124013	15 Oct 25	14:57:00	1	0	60	0	Ct	0	1	0	0	2	6	1	0	0	0	0	0	1	0	1	0	1	2	1	0	0	2	0	1	0	0	0	0	0	0	1	0	0	0
124014	15 Oct 25	14:58:00	1	0	60	0	Ct	0	1	0	0	2	1	4	0	0	0	0	0	0	3	2	0	1	1	2	0	1	2	0	2	2	2	0	0	1	4	0	0	0	0
124015	15 Oct 25	14:59:00	1	0	60	0	Ct	0	1	0	0	0	0	3	3	0	0	0	0	1	2	1	0	2	3	1	0	3	1	0	1	1	8	0	0	4	1	0	0	0	0
124016	15 Oct 25	15:00:00	1	0	60	0	Ct	0	1	0	0	3	10	1	0	0	0	0	0	1	2	1	0	1	2	1	0	3	4	0	1	2	0	0	0	0	1	1	0	0	0
124017	15 Oct 25	15:01:00	1	0	60	0	Ct	0	1	0	0	4	0	1	3	0	1	0	0	15	3	1	0	0	1	2	0	2	8	0	1	3	0	2	0	0	1	1	0	0	0
124018	15 Oct 25	15:02:00	1	0	60	0	Ct	0	1	0	0	1	0	2	1	0	2	0	0	28	0	1	0	0	0	1	0	2	1	0	1	0	0	2	0	0	0	2	0	0	0
124019	15 Oct 25	15:03:00	1	0	60	0	Ct	0	1	0	0	1	0	2	0	0	1	0	0	32	0	3	0	0	2	2	0	0	2	0	1	1	0	0	0	0	2	0	0	0	0
124020	15 Oct 25	15:04:00	1	0	60	0	Ct	0	1	0	0	1	0	3	0	0	0	0	0	18	0	1	0	0	1	1	0	0	0	0	1	1	0	0	0	0	0	0	0	0	0
124021	15 Oct 25	15:05:00	1	0	60	0	Ct	0	1	0	0	2	10	1	3	0	0	1	0	0	1	1	0	0	2	1	0	0	1	0	0	0	0	1	0	0	4	2	0	0	0
124022	15 Oct 25	15:06:00	1	0	60	0	Ct	0	1	0	0	1	2	3	7	0	0	0	0	1	0	1	1	0	2	2	0	2	1	0	1	2	0	1	0	0	0	0	0	0	0
124023	15 Oct 25	15:07:00	1	0	60	0	Ct	0	1	0	0	2	2	3	1	0	0	0	0	0	0	0	1	0	2	1	0	1	0	0	0	3	0	0	0	0	1	0	0	0	0
124024	15 Oct 25	15:08:00	1	0	60	0	Ct	0	1	1	0	2	5	0	1	0	0	0	4	1	0	2	0	0	1	1	0	1	0	0	1	2	2	1	0	0	12	0	0	0	0
124025	15 Oct 25	15:09:00	1	0	60	0	Ct	0	1	0	0	0	6	2	2	0	0	0	0	0	2	0	0	0	2	0	0	2	2	0	0	0	0	1	0	0	24	0	0	0	0
124026	15 Oct 25	15:10:00	1	0	60	0	Ct	0	1	1	0	1	2	2	1	0	2	0	1	0	1	0	3	0	2	2	0	0	0	0	0	0	0	1	0	0	15	0	0	0	0
124027	15 Oct 25	15:11:00	1	0	60	0	Ct	0	1	1	0	3	1	4	0	0	1	0	1	0	2	0	1	0	2	2	0	0	3	1	1	2	0	3	0	3	3	0	0	0	0
124028	15 Oct 25	15:12:00	1	0	60	0	Ct	0	1	2	0	1	1	2	0	0	0	0	3	0	0	0	2	0	2	2	0	0	0	1	1	2	0	2	0	0	1	1	0	0	0
124029	15 Oct 25	15:13:00	1	0	60	0	Ct	0	1	0	0	5	1	3	1	0	3	0	2	0	0	0	1	0	3	1	0	1	0	0	1	3	0	10	0	13	0	2	0	0	0
124030	15 Oct 25	15:14:00	1	0	60	0	Ct	0	1	2	2	1	0	2	1	0	2	0	3	0	2	0	2	0	0	0	0	2	0	0	1	3	1	0	0	35	1	0	0	0	0
124031	15 Oct 25	15:15:00	1	0	60	0	Ct	0	1	1	2	4	0	3	1	0	0	0	4	0	2	0	3	0	2	1	0	3	0	0	2	2	0	7	0	3	0	0	0	0	0
124032	15 Oct 25	15:16:00	1	0	60	0	Ct	0	1	0	0	10	2	3	1	0	0	0	6	0	2	0	1	0	1	1	0	0	0	0	0	2	0	0	0	7	2	0	0	0	0
124033	15 Oct 25	15:17:00	1	0	60	0	Ct	0	1	0	4	4	2	3	3	0	0	0	14	0	1	0	2	0	0	1	0	2	0	0	0	2	0	2	0	5	3	4	0	0	0
124034	15 Oct 25	15:18:00	1	0	60	0	Ct	0	1	0	1	1	0	2	3	0	0	0	0	0	0	0	2	0	0	1	0	2	2	0	0	2	0	0	0	0	5	1	0	0	0
124035	15 Oct 25	15:19:00	1	0	60	0	Ct	0	1	1	0	1	0	2	0	0	0	0	1	1	2	0	1	0	2	0	0	2	0	0	0	2	0	2	0	1	1	1	0	0	0
124036	15 Oct 25	15:20:00	1	0	60	0	Ct	0	1	1	0	2	0	1	0	0	0	0	2	1	0	2	2	0	0	0	0	2	0	0	0	1	0	2	4	1	3	0	0	0	0
124037	15 Oct 25	15:21:00	1	0	60	0	Ct	0	1	1	0	1	0	6	1	0	0	0	2	3	1	1	1	0	2	0	0	3	0	0	0	0	0	2	0	0	1	1	0	0	0
124038	15 Oct 25	15:22:00	1	0	60	0	Ct	0	1	1	0	2	0	0	2	0	0	0	2	0	1	1	2	0	1	0	0	4	1	3	0	3	0	2	0	0	1	0	0	0	0
124039	15 Oct 25	15:23:00	1	0	60	0	Ct	0	1	1	0	1	0	1	1	0	0	0	1	1	1	0	4	0	2	0	0	2	3	0	0	1	0	0	0	0	5	0	0	0	0
124040	15 Oct 25	15:24:00	1	0	60	0	Ct	0	1	1	0	1	0	2	0	0	0	0	4	3	3	0	2	0	3	0	0	1	0	0	0	0	3	0	0	0	1	0	0	0	0
124041	15 Oct 25	15:25:00	1	0	60	0	Ct	0	1	0	0	1	0	1	1	0	0	0	1	3	0	0	1	0	1	0	0	4	1	0	0	4	0	1	0	0	2	0	0	0	2
124042	15 Oct 25	15:26:00	1	0	60	0	Ct	0	1	0	0	1	0	2	1	0	1	0	2	2	0	0	1	0	0	0	0	1	0	0	0	2	0	1	0	0	16	3	0	0	0
124043	15 Oct 25	15:27:00	1	0	60	0	Ct	0	1	0	0	1	0	1	1	0	0	0	4	1	2	0	3	0	2	0	0	1	2	0	0	1	0	4	0	0	0	0	0	0	0
124044	15 Oct 25	15:28:00	1	0	60	0	Ct	0	1	0	1	2	0	2	2	0	0	0	1	2	1	0	1	0	0	0	0	0	0	0	0	2	0	4	0	0	1	0	0	0	0
124045	15 Oct 25	15:29:00	1	0	60	0	Ct	0	1	0	1	2	0	2	2	0	0	0	1	0	0	2	1	0	2	0	0	2	0	0	0	0	0	2	0	0	3	1	0	0	0
124046	15 Oct 25	15:30:00	1	0	60	0	Ct	0	1	0	0	1	0	2	0	0	0	0	2	0	1	0	3	0	2	0	0	0	0	0	0	0	0	2	0	0	1	1	0	0	0
124047	15 Oct 25	15:31:00	1	0	60	0	Ct	0	1	2	1	1	2	0	0	0	0	0	2	1	1	0	2	0	2	0	0	0	0	0	0	2	0	4	0	0	0	0	0	0	0
124048	15 Oct 25	15:32:00	1	0	60	0	Ct	0	1	1	1	1	2	0	0	0	0	0	1	0	0	0	0	0	2	0	0	0	0	0	0	1	0	3	0	0	0	5	0	0	0
124049	15 Oct 25	15:33:00	1	0	60	0	Ct	0	1	0	0	0	1	2	0	0	0	0	2	2	9	0	2	0	1	0	0	0	0	1	0	1	0	3	2	0	0	0	0	0	0
124050	15 Oct 25	15:34:00	1	0	60	0	Ct	0	1	2	2	0	0	0	0	0	0	0	1	7	4	0	1	0	0	0	0	2	0	4	0	5	0	0	0	0	0	0	0	0	0
124051	15 Oct 25	15:35:00	1	0	60	0	Ct	0	1	1	3	1	3	2	0	0	0	0	5	34	17	0	0	0	0	1	0	1	0	0	0	2	0	1	0	0	2	0	0	0	0
124052	15 Oct 25	15:36:00	1	0	60	0	Ct	0	1	0	2	0	3	0	0	0	0	0	2	4	0	0	0	0	0	0	0	2	0	2	0	0	0	2	1	0	0	0	0	0	0
124053	15 Oct 25	15:37:00	1	0	60	0	Ct	0	1	0	3	1	1	0	0	0	0	1	3	3	0	0	0	0	0	4	0	1	1	2	2	0	0	3	1	0	0	0	0	0	0
124054	15 Oct 25	15:38:00	1	0	60	0	Ct	0	1	0	1	2	3	2	0	0	0	0	3	2	1	0	1	0	0	0	0	1	2	1	3	1	0	2	3	0	1	1	0	0	0
124055	15 Oct 25	15:39:00	1	0	60	0	Ct	0	1	2	2	4	0	0	0	0	0	0	1	0	6	0	1	0	1	1	0	1	1	1	0	3	0	3	2	0	2	0	0	0	0
124056	15 Oct 25	15:40:00	1	0	60	0	Ct	0	1	0	0	0	0	1	0	0	0	0	0	0	2	0	1	0	1	3	0	1	2	2	0	4	0	2	1	0	4	1	0	0	0
124057	15 Oct 25	15:41:00	1	0	60	0	Ct	0	1	1	4	0	1	2	0	0	0	0	0	0	2	0	1	0	2	2	0	2	0	0	0	1	0	1	3	0	0	12	0	0	0
124058	15 Oct 25	15:42:00	1	0	60	0	Ct	0	1	0	3	1	0	3	0	0	0	0	0	1	2	0	2	0	2	3	0	2	3	1	0	0	0	1	2	0	0	3	0	0	0
124059	15 Oct 25	15:43:00	1	0	60	0	Ct	0	1	0	4	3	0	3	0	0	0	0	0	0	2	0	1	0	0	1	0	1	0	1	0	1	0	1	4	0	0	0	0	0	0
124060	15 Oct 25	15:44:00	1	0	60	0	Ct	0	1	1	3	1	0	2	0	0	0	0	5	0	0	1	1	0	0	1	0	1	2	0	2	3	0	1	2	0	0	4	0	0	0
124061	15 Oct 25	15:45:00	1	0	60	0	Ct	0	1	1	4	1	1	2	0	0	0	0	1	0	3	1	1	0	0	0	0	2	1	0	2	2	0	2	5	0	0	0	0	0	0
124062	15 Oct 25	15:46:00	1	0	60	0	Ct	0	1	3	3	2	0	0	0	0	0	0	1	0	3	0	5	0	1	1	0	2	0	2	2	0	0	0	2	0	8	1	0	0	0
124063	15 Oct 25	15:47:00	1	0	60	0	Ct	0	1	0	0	1	0	0	0	0	0	0	3	1	0	0	1	0	2	1	0	3	3	0	0	0	0	0	2	0	2	0	0	0	0
124064	15 Oct 25	15:48:00	1	0	60	0	Ct	0	1	1	3	1	0	1	0	0	0	0	2	0	1	2	1	0	1	1	0	3	0	0	2	0	0	1	2	0	2	7	0	0	0
124065	15 Oct 25	15:49:00	1	0	60	0	Ct	0	1	1	2	3	2	1	0	0	0	0	3	0	0	0	0	0	3	1	0	1	0	1	1	2	0	2	3	0	0	1	6	0	0
124066	15 Oct 25	15:50:00	1	0	60	0	Ct	0	1	0	3	10	0	0	0	0	0	0	1	1	3	0	1	0	1	4	0	2	0	1	0	1	0	2	3	0	0	0	0	0	1
124067	15 Oct 25	15:51:00	1	0	60	0	Ct	0	1	1	2	1	0	2	0	0	0	1	3	0	0	0	0	0	1	1	0	2	0	0	1	1	0	2	3	0	1	0	0	0	1
124068	15 Oct 25	15:52:00	1	0	60	0	Ct	0	1	4	0	2	0	2	0	0	0	0	2	0	0	0	0	0	2	0	0	2	0	0	1	0	0	3	3	0	0	0	0	0	2
124069	15 Oct 25	15:53:00	1	0	60	0	Ct	0	1	1	0	2	3	4	0	0	0	1	2	0	2	0	0	0	3	0	0	0	0	0	3	1	0	2	3	0	17	1	0	0	0
124070	15 Oct 25	15:54:00	1	0	60	0	Ct	0	1	1	0	0	0	1	0	0	0	0	1	0	2	0	0	0	1	0	0	2	0	3	2	1	0	3	3	0	31	0	0	0	0
124071	15 Oct 25	15:55:00	1	0	60	0	Ct	0	1	2	0	0	1	1	0	0	0	0	0	1	2	0	0	0	1	0	0	0	0	1	1	3	0	0	2	0	0	0	0	0	0
124072	15 Oct 25	15:56:00	1	0	60	0	Ct	0	1	1	1	1	3	1	0	0	0	0	2	0	1	0	0	0	2	0	0	0	0	0	0	2	0	1	3	0	0	0	0	0	0
124073	15 Oct 25	15:57:00	1	0	60	0	Ct	0	1	2	3	1	1	1	0	0	0	1	1	0	0	0	0	0	1	0	0	0	2	1	0	1	0	1	2	0	5	0	0	0	0
124074	15 Oct 25	15:58:00	1	0	60	0	Ct	0	1	0	3	0	3	0	0	0	0	1	2	5	1	0	1	0	1	0	0	0	0	1	1	2	0	4	2	0	0	0	0	0	1
124075	15 Oct 25	15:59:00	1	0	60	0	Ct	0	1	0	2	0	0	1	0	0	0	2	3	14	1	0	0	0	2	0	0	0	1	3	1	3	0	2	3	0	0	0	0	0	0
124076	15 Oct 25	16:00:00	1	0	60	0	Ct	0	1	0	1	0	2	1	0	0	0	1	0	0	2	0	0	0	2	0	0	0	0	1	2	3	0	2	2	0	0	0	0	0	0
124077	15 Oct 25	16:01:00	1	0	60	0	Ct	0	1	0	6	0	0	0	0	0	0	5	0	0	0	2	0	0	2	0	0	1	1	1	2	0	0	1	2	2	4	0	0	0	0
124078	15 Oct 25	16:02:00	1	0	60	0	Ct	0	1	0	1	0	0	0	0	0	0	0	0	0	0	2	2	0	1	0	0	1	1	0	2	1	0	2	1	0	1	0	0	0	0
124079	15 Oct 25	16:03:00	1	0	60	0	Ct	0	1	0	3	8	1	0	0	0	0	1	0	0	3	1	1	0	2	6	0	2	0	1	2	0	0	1	3	0	0	0	0	0	2
124080	15 Oct 25	16:04:00	1	0	60	0	Ct	0	1	0	1	1	1	0	0	0	0	2	0	0	1	2	1	0	1	2	0	1	2	1	1	0	0	3	1	0	0	0	0	0	0
124081	15 Oct 25	16:05:00	1	0	60	0	Ct	0	1	1	2	0	3	2	0	0	0	1	0	0	2	1	0	0	1	1	0	1	2	2	0	2	0	1	5	0	0	0	0	0	1
124082	15 Oct 25	16:06:00	1	0	60	0	Ct	0	1	1	2	1	0	0	0	0	0	3	3	0	2	1	3	0	2	0	0	2	2	1	0	2	0	2	3	0	2	0	0	0	0
124083	15 Oct 25	16:07:00	1	0	60	0	Ct	0	1	1	1	1	0	0	0	0	0	1	2	0	3	6	1	0	2	1	0	2	0	2	0	2	0	1	2	0	3	0	0	0	3
124084	15 Oct 25	16:08:00	1	0	60	0	Ct	0	1	1	2	6	0	0	0	0	0	2	0	1	1	1	1	0	0	1	0	0	4	1	0	8	0	0	2	0	1	0	0	0	0
124085	15 Oct 25	16:09:00	1	0	60	0	Ct	0	1	1	3	4	0	3	0	0	0	1	0	3	1	3	2	0	0	0	0	1	4	5	1	2	0	0	13	0	0	0	0	0	0
124086	15 Oct 25	16:10:00	1	0	60	0	Ct	0	1	1	2	6	0	1	0	0	0	0	0	1	2	1	3	0	0	0	0	1	0	1	0	2	4	1	2	0	0	0	0	0	2
124087	15 Oct 25	16:11:00	1	0	60	0	Ct	0	1	1	2	1	0	0	0	0	0	2	4	1	0	1	4	0	0	0	0	2	0	1	0	1	0	2	2	0	0	0	0	0	0
124088	15 Oct 25	16:12:00	1	0	60	0	Ct	0	1	1	4	1	0	0	0	0	1	2	2	1	1	1	2	0	1	2	0	0	2	2	0	0	0	7	2	0	0	0	0	0	0
124089	15 Oct 25	16:13:00	1	0	60	0	Ct	0	1	0	3	1	0	0	1	0	1	1	2	2	2	0	2	0	0	0	0	0	1	1	0	0	0	1	4	0	0	3	0	0	0
124090	15 Oct 25	16:14:00	1	0	60	0	Ct	0	1	0	3	2	0	0	3	0	2	2	2	2	2	0	6	0	1	1	0	2	0	1	1	1	0	0	2	0	0	0	1	0	0
124091	15 Oct 25	16:15:00	1	0	60	0	Ct	0	1	0	0	1	0	0	2	0	3	1	2	1	0	2	10	0	2	2	0	0	2	1	1	5	0	0	1	0	0	0	2	0	1
124092	15 Oct 25	16:16:00	1	0	60	0	Ct	0	1	0	2	1	0	0	0	0	1	1	1	1	2	1	34	0	1	3	0	1	0	1	1	0	0	1	2	0	2	0	0	0	1
124093	15 Oct 25	16:17:00	1	0	60	0	Ct	0	1	0	2	1	0	0	2	0	0	2	3	1	1	2	1	0	1	1	0	1	0	4	1	0	0	0	1	0	1	2	0	0	0
124094	15 Oct 25	16:18:00	1	0	60	0	Ct	0	1	0	3	0	0	0	2	0	0	1	2	0	2	1	2	0	2	1	0	0	1	6	1	3	0	2	3	0	1	0	0	0	0
124095	15 Oct 25	16:19:00	1	0	60	0	Ct	0	1	0	4	2	0	0	1	0	0	1	2	2	0	2	2	0	1	1	0	0	2	3	0	0	0	2	1	0	0	0	0	0	0
124096	15 Oct 25	16:20:00	1	0	60	0	Ct	0	1	0	1	2	0	0	0	0	0	1	1	0	0	0	0	0	2	2	0	2	0	0	0	3	0	2	3	0	0	0	0	0	1
124097	15 Oct 25	16:21:00	1	0	60	0	Ct	0	1	0	2	0	0	0	0	0	0	1	1	0	0	0	2	0	1	2	0	2	2	2	1	0	0	1	1	0	0	0	0	0	0
124098	15 Oct 25	16:22:00	1	0	60	0	Ct	0	1	0	1	2	0	0	1	0	0	2	7	0	0	0	2	0	1	1	0	2	0	1	1	0	0	3	2	0	7	1	0	0	0
124099	15 Oct 25	16:23:00	1	0	60	0	Ct	0	1	0	1	1	0	0	1	0	0	1	0	0	0	2	0	0	0	0	0	2	3	4	1	1	0	0	2	0	16	0	0	0	2
124100	15 Oct 25	16:24:00	1	0	60	0	Ct	0	1	0	3	0	0	0	0	0	0	0	0	0	0	0	0	0	1	0	0	2	0	0	2	1	0	2	4	0	2	0	1	0	0
124101	15 Oct 25	16:25:00	1	0	60	0	Ct	0	1	0	2	0	1	0	1	0	0	3	1	0	2	0	0	0	0	1	0	1	1	3	1	0	0	1	1	0	2	0	0	0	0
124102	15 Oct 25	16:26:00	1	0	60	0	Ct	0	1	2	1	2	1	0	2	0	0	1	0	0	1	1	0	0	0	0	0	2	3	0	1	2	0	2	0	0	2	1	2	0	0
124103	15 Oct 25	16:27:00	1	0	60	0	Ct	0	1	1	1	5	12	0	1	0	0	1	0	0	1	1	0	0	2	0	0	2	0	0	0	1	0	1	0	0	0	0	2	0	6
124104	15 Oct 25	16:28:00	1	0	60	0	Ct	0	1	1	2	4	1	0	1	0	0	1	0	0	0	2	0	0	0	0	0	0	0	0	0	4	0	3	0	0	1	0	1	0	1
124105	15 Oct 25	16:29:00	1	0	60	0	Ct	0	1	1	1	3	3	0	1	0	0	0	0	0	0	1	0	0	3	0	0	1	1	0	0	0	0	1	1	0	0	0	3	0	0
124106	15 Oct 25	16:30:00	1	0	60	0	Ct	0	1	1	1	1	8	1	1	0	0	1	0	0	0	1	0	0	0	1	0	3	1	0	0	1	1	2	4	0	5	1	2	0	1
124107	15 Oct 25	16:31:00	1	0	60	0	Ct	0	1	0	2	2	1	1	1	0	0	1	0	0	0	2	0	0	2	1	0	3	0	0	0	1	0	1	2	0	2	1	1	0	0
124108	15 Oct 25	16:32:00	1	0	60	0	Ct	0	1	0	2	6	0	0	1	0	1	1	0	0	0	0	0	0	2	3	0	1	0	0	0	3	0	2	2	0	0	0	3	0	1
124109	15 Oct 25	16:33:00	1	0	60	0	Ct	0	1	0	1	2	0	0	0	0	15	1	0	0	1	2	0	0	2	2	0	2	2	0	0	0	0	1	2	0	2	0	2	0	0
124110	15 Oct 25	16:34:00	1	0	60	0	Ct	0	1	0	1	1	0	0	0	0	6	1	0	0	0	1	0	0	1	3	0	1	1	0	0	4	0	3	2	0	1	0	1	0	0
124111	15 Oct 25	16:35:00	1	0	60	0	Ct	0	1	0	1	1	0	0	0	0	0	14	0	0	1	1	0	0	1	2	0	4	2	0	1	0	0	0	3	0	0	1	1	0	4
124112	15 Oct 25	16:36:00	1	0	60	0	Ct	0	1	1	1	0	0	0	0	0	2	6	0	0	0	0	0	0	0	1	0	2	1	0	1	0	0	0	2	0	0	1	1	0	3
124113	15 Oct 25	16:37:00	1	0	60	0	Ct	0	1	1	3	1	0	0	0	0	0	1	0	1	0	0	0	0	0	1	0	3	1	0	4	0	0	0	6	0	2	0	1	0	3
124114	15 Oct 25	16:38:00	1	0	60	0	Ct	0	1	1	1	0	0	0	0	0	0	1	0	3	0	1	0	0	0	0	0	1	1	2	1	0	0	2	0	0	9	0	1	0	3
124115	15 Oct 25	16:39:00	1	0	60	0	Ct	0	1	1	3	0	0	0	0	0	1	1	0	2	2	2	0	0	0	3	0	2	0	2	1	3	0	1	2	0	0	1	1	0	3
124116	15 Oct 25	16:40:00	1	0	60	0	Ct	0	1	4	1	1	3	0	0	0	0	0	0	1	2	1	0	0	0	0	0	2	2	0	1	2	0	2	1	0	0	2	2	0	1
124117	15 Oct 25	16:41:00	1	0	60	0	Ct	0	1	4	2	0	2	0	0	0	0	1	0	1	3	0	0	0	0	2	0	1	0	5	1	2	0	2	1	0	0	3	2	0	3
124118	15 Oct 25	16:42:00	1	0	60	0	Ct	0	1	1	2	1	1	0	0	0	0	1	0	2	2	1	0	0	1	3	0	1	2	1	2	1	0	0	0	0	10	0	1	0	2
124119	15 Oct 25	16:43:00	1	0	60	0	Ct	0	1	0	1	0	1	0	0	0	0	1	0	1	1	3	0	0	0	2	0	2	1	3	1	0	0	2	3	0	1	0	1	0	2
124120	15 Oct 25	16:44:00	1	0	60	0	Ct	0	1	0	3	0	2	0	0	0	0	0	0	2	1	2	0	0	2	1	0	2	0	3	1	2	0	2	2	0	0	0	2	0	4
124121	15 Oct 25	16:45:00	1	0	60	0	Ct	0	1	0	4	2	0	0	0	0	0	0	0	1	1	2	0	0	1	1	0	0	0	2	2	1	0	0	1	0	1	0	1	0	2
124122	15 Oct 25	16:46:00	1	0	60	0	Ct	0	1	0	2	1	4	0	0	0	0	0	0	3	1	1	0	0	1	1	0	0	0	6	1	1	0	1	2	0	1	1	3	0	3
124123	15 Oct 25	16:47:00	1	0	60	0	Ct	0	1	0	3	1	0	0	0	0	0	0	0	0	1	1	0	0	2	1	0	0	0	1	1	0	0	0	1	0	1	0	0	0	6
124124	15 Oct 25	16:48:00	1	0	60	0	Ct	0	1	0	2	2	0	1	0	0	0	0	2	1	1	2	0	0	0	0	0	2	0	0	1	2	0	0	1	0	0	8	1	0	1
124125	15 Oct 25	16:49:00	1	0	60	0	Ct	0	1	1	5	1	1	0	0	0	0	0	3	1	1	1	0	0	0	0	0	2	0	3	1	1	0	2	0	0	0	0	1	0	2
124126	15 Oct 25	16:50:00	1	0	60	0	Ct	0	1	1	2	1	0	1	0	0	1	0	1	7	1	2	0	0	0	3	0	2	0	0	1	1	0	1	8	0	4	0	2	1	3
124127	15 Oct 25	16:51:00	1	0	60	0	Ct	0	1	0	1	1	0	0	0	0	1	0	2	10	2	0	0	2	1	1	0	3	0	0	1	0	0	2	11	1	1	0	1	1	1
124128	15 Oct 25	16:52:00	1	0	60	0	Ct	0	1	2	0	0	0	0	0	0	0	0	3	1	2	1	0	0	1	1	0	2	0	0	1	1	0	0	3	1	0	2	1	0	3
124129	15 Oct 25	16:53:00	1	0	60	0	Ct	0	1	0	0	0	0	4	0	0	0	0	1	1	1	0	1	0	2	1	0	2	0	3	0	1	0	2	3	0	1	0	1	2	1
124130	15 Oct 25	16:54:00	1	0	60	0	Ct	0	1	1	0	1	0	1	0	0	1	0	3	1	0	2	1	0	1	1	0	2	0	2	0	0	0	3	3	0	0	1	2	0	3
124131	15 Oct 25	16:55:00	1	0	60	0	Ct	0	1	0	1	2	0	1	0	0	0	0	1	1	1	1	1	0	2	2	0	0	0	1	0	7	0	1	3	2	0	0	1	0	0
124132	15 Oct 25	16:56:00	1	0	60	0	Ct	0	1	0	1	2	3	2	0	0	1	1	0	1	2	0	2	0	2	1	0	0	0	1	0	0	0	1	4	1	1	1	1	0	1
124133	15 Oct 25	16:57:00	1	0	60	0	Ct	0	1	1	3	1	1	2	0	0	0	1	0	0	0	1	0	0	1	0	0	2	2	1	1	0	2	0	3	1	0	1	2	3	2
124134	15 Oct 25	16:58:00	1	0	60	0	Ct	0	1	0	0	2	0	2	0	0	0	1	1	0	0	2	2	0	1	0	0	2	1	1	2	0	0	1	2	2	3	0	2	2	1
124135	15 Oct 25	16:59:00	1	0	60	0	Ct	0	1	0	4	11	1	1	0	0	0	1	2	2	3	1	0	0	1	0	0	3	1	2	0	1	1	1	2	0	0	0	2	3	2
124136	15 Oct 25	17:00:00	1	0	60	0	Ct	0	1	0	0	1	0	2	0	0	0	1	1	1	0	1	2	0	2	0	0	1	4	1	1	0	1	1	3	2	3	6	1	0	2
124137	15 Oct 25	17:01:00	1	0	60	0	Ct	0	1	0	0	2	2	2	0	0	2	1	1	1	1	0	2	0	2	3	0	1	0	1	0	1	0	1	2	2	0	2	5	2	0
124138	15 Oct 25	17:02:00	1	0	60	0	Ct	0	1	0	0	1	2	1	3	0	0	3	0	0	1	0	1	0	1	0	0	2	1	0	2	0	0	0	3	2	0	0	1	0	2
124139	15 Oct 25	17:03:00	1	0	60	0	Ct	0	1	0	1	4	3	2	0	0	1	1	2	1	1	2	1	0	0	0	0	1	1	0	0	2	0	0	1	4	4	4	0	0	0
124140	15 Oct 25	17:04:00	1	0	60	0	Ct	0	1	0	2	2	4	3	0	0	1	1	1	4	1	1	1	0	1	0	0	0	1	2	2	2	0	0	2	3	3	0	0	0	1
124141	15 Oct 25	17:05:00	1	0	60	0	Ct	0	1	0	0	0	0	2	1	2	0	1	0	1	2	2	0	2	1	0	0	4	0	4	1	1	0	0	2	0	2	0	0	0	0
124142	15 Oct 25	17:06:00	1	0	60	0	Ct	0	1	0	2	2	0	2	1	2	0	1	0	1	0	2	0	0	1	2	0	2	0	2	2	0	0	2	7	5	1	1	0	0	2
124143	15 Oct 25	17:07:00	1	0	60	0	Ct	0	1	0	3	2	1	3	1	0	0	0	2	1	0	2	1	0	1	1	0	1	0	1	2	1	0	2	2	4	4	0	0	0	1
124144	15 Oct 25	17:08:00	1	0	60	0	Ct	0	1	0	2	2	2	1	1	0	0	2	2	0	0	2	1	0	2	0	0	2	0	8	0	4	0	2	2	4	4	0	2	0	1
124145	15 Oct 25	17:09:00	1	0	60	0	Ct	0	1	1	2	0	5	2	2	0	0	0	3	1	0	0	0	0	0	3	0	1	0	1	7	0	0	3	2	2	0	0	1	0	1
124146	15 Oct 25	17:10:00	1	0	60	0	Ct	0	1	1	1	0	1	2	0	0	0	0	0	1	1	2	0	0	0	1	0	2	1	2	2	0	0	2	4	2	5	0	0	0	1
124147	15 Oct 25	17:11:00	1	0	60	0	Ct	0	1	1	4	0	1	0	2	0	0	4	1	0	2	0	0	0	2	2	0	2	1	3	1	0	0	2	2	8	5	0	1	0	3
124148	15 Oct 25	17:12:00	1	0	60	0	Ct	0	1	1	1	6	4	1	2	0	0	2	2	1	2	1	0	0	2	4	0	0	8	0	1	3	0	0	2	2	2	0	2	0	4
124149	15 Oct 25	17:13:00	1	0	60	0	Ct	0	1	1	6	3	2	1	0	0	0	0	0	0	3	1	0	0	2	2	0	0	2	0	2	2	0	2	0	2	1	0	1	0	1
124150	15 Oct 25	17:14:00	1	0	60	0	Ct	0	1	1	2	1	1	2	1	0	0	0	0	14	1	0	0	0	1	0	0	1	0	0	0	1	0	1	2	3	0	2	2	0	1
124151	15 Oct 25	17:15:00	1	0	60	0	Ct	0	1	0	3	3	2	2	0	0	0	0	0	3	1	0	0	1	0	1	0	1	1	2	1	0	0	1	2	2	1	0	1	1	1
124152	15 Oct 25	17:16:00	1	0	60	0	Ct	0	1	1	1	1	1	2	1	0	0	2	0	3	2	0	0	2	1	0	0	1	0	1	0	0	0	1	2	1	2	3	1	1	2
124153	15 Oct 25	17:17:00	1	0	60	0	Ct	0	1	0	2	1	2	0	1	0	0	2	3	0	1	0	0	0	1	1	0	1	0	1	1	0	0	1	2	0	0	1	1	2	2
124154	15 Oct 25	17:18:00	1	0	60	0	Ct	0	1	10	1	2	5	2	0	0	0	1	2	4	0	0	0	0	0	1	0	1	0	2	1	0	0	0	3	2	1	0	0	2	3
124155	15 Oct 25	17:19:00	1	0	60	0	Ct	0	1	0	1	0	2	18	1	0	0	3	2	3	1	0	0	1	1	0	0	1	0	1	0	1	0	2	2	2	0	0	0	0	2
124156	15 Oct 25	17:20:00	1	0	60	0	Ct	0	1	0	0	3	0	4	1	0	0	3	3	3	1	0	0	3	2	2	0	0	0	1	1	3	0	0	10	1	1	2	2	0	0
124157	15 Oct 25	17:21:00	1	0	60	0	Ct	0	1	0	0	1	0	4	0	0	0	1	9	2	1	0	0	3	2	0	0	1	0	0	2	4	0	1	1	0	0	2	0	0	2
124158	15 Oct 25	17:22:00	1	0	60	0	Ct	0	1	0	0	2	0	0	2	0	0	1	2	1	1	0	0	3	1	1	0	1	0	4	0	2	0	2	1	0	0	0	0	0	2
124159	15 Oct 25	17:23:00	1	0	60	0	Ct	0	1	1	0	0	0	2	0	0	1	3	1	0	4	1	0	1	1	6	0	0	0	1	0	0	0	1	2	6	1	1	0	0	2
124160	15 Oct 25	17:24:00	1	0	60	0	Ct	0	1	0	2	0	0	2	1	0	1	1	0	0	1	1	0	0	2	3	0	2	0	2	0	3	4	0	6	3	4	0	0	0	2
124161	15 Oct 25	17:25:00	1	0	60	0	Ct	0	1	0	1	0	0	2	2	0	0	1	0	1	3	1	0	0	1	2	0	1	0	0	0	0	7	1	0	2	0	2	5	0	2
124162	15 Oct 25	17:26:00	1	0	60	0	Ct	0	1	0	0	2	0	2	0	0	3	1	2	0	2	1	0	0	2	1	0	1	0	2	0	2	2	0	0	2	3	1	0	0	1
124163	15 Oct 25	17:27:00	1	0	60	0	Ct	0	1	0	0	7	0	2	1	0	0	1	3	1	1	2	3	0	1	5	0	2	0	1	0	0	0	0	0	1	1	0	0	0	7
124164	15 Oct 25	17:28:00	1	0	60	0	Ct	0	1	0	0	5	0	2	0	0	0	1	4	0	6	2	0	0	1	2	0	4	0	1	1	0	0	0	0	0	1	0	0	0	3
124165	15 Oct 25	17:29:00	1	0	60	0	Ct	0	1	0	0	3	0	2	0	0	0	1	0	0	1	1	1	3	1	0	0	3	0	2	1	6	0	1	0	2	1	1	1	2	0
124166	15 Oct 25	17:30:00	1	0	60	0	Ct	0	1	0	0	1	0	2	1	0	1	2	1	1	1	2	1	1	1	1	0	2	0	0	0	0	0	0	1	2	3	0	0	0	1
124167	15 Oct 25	17:31:00	1	0	60	0	Ct	0	1	0	0	3	1	2	2	0	0	1	3	0	1	2	2	2	0	0	0	3	0	2	1	0	0	0	2	2	0	0	2	2	1
124168	15 Oct 25	17:32:00	1	0	60	0	Ct	0	1	0	0	0	1	1	1	0	1	1	1	0	0	0	1	3	0	0	0	1	0	1	0	0	0	2	4	3	0	0	1	1	0
124169	15 Oct 25	17:33:00	1	0	60	0	Ct	0	1	0	0	0	0	0	0	0	0	0	3	0	0	2	1	2	0	0	0	3	0	1	0	1	0	0	2	2	0	1	0	1	1
124170	15 Oct 25	17:34:00	1	0	60	0	Ct	0	1	0	1	0	3	0	0	0	0	0	2	0	0	1	1	0	0	0	0	2	0	1	0	2	0	1	4	3	1	0	3	0	1
124171	15 Oct 25	17:35:00	1	0	60	0	Ct	0	1	0	1	0	0	0	0	0	0	1	4	0	1	1	1	0	0	0	0	0	0	2	1	2	0	0	1	1	2	2	1	0	0
124172	15 Oct 25	17:36:00	1	0	60	0	Ct	0	1	1	0	0	0	0	6	0	0	0	1	0	1	3	0	1	0	0	0	0	0	1	1	1	0	0	2	2	7	0	1	0	4
124173	15 Oct 25	17:37:00	1	0	60	0	Ct	0	1	1	1	0	0	3	1	0	4	1	1	0	0	2	1	1	0	0	0	1	4	2	0	0	0	0	3	1	0	0	2	1	0
124174	15 Oct 25	17:38:00	1	0	60	0	Ct	0	1	0	2	1	3	4	1	0	1	1	1	0	0	1	1	1	1	2	0	1	0	2	0	1	0	0	2	3	1	0	1	1	1
124175	15 Oct 25	17:39:00	1	0	60	0	Ct	0	1	0	2	2	3	6	1	0	0	3	0	0	2	1	2	0	1	5	0	2	2	2	0	1	0	0	2	0	1	0	1	0	5
124176	15 Oct 25	17:40:00	1	0	60	0	Ct	0	1	0	1	2	0	1	0	0	1	2	0	0	0	1	2	0	3	4	0	0	0	1	0	0	0	0	3	2	0	0	1	1	1
124177	15 Oct 25	17:41:00	1	0	60	0	Ct	0	1	0	3	1	2	3	2	0	1	2	0	0	2	1	1	0	1	1	0	2	1	5	0	2	0	0	3	1	2	0	2	1	1
124178	15 Oct 25	17:42:00	1	0	60	0	Ct	0	1	0	0	2	0	1	1	0	0	2	5	0	1	2	1	0	2	0	0	1	1	0	0	0	0	0	3	0	2	1	4	2	1
124179	15 Oct 25	17:43:00	1	0	60	0	Ct	0	1	0	0	1	0	1	1	0	0	1	2	0	2	1	5	0	3	1	0	2	2	0	0	0	0	0	1	0	0	3	4	2	0
124180	15 Oct 25	17:44:00	1	0	60	0	Ct	0	1	0	1	2	0	1	0	0	0	2	0	0	1	0	0	0	3	0	0	0	5	0	0	0	0	1	2	1	0	1	2	1	3
124181	15 Oct 25	17:45:00	1	0	60	0	Ct	0	1	0	1	1	0	2	0	0	0	1	1	0	3	2	1	0	1	0	0	1	0	2	0	1	0	2	4	1	0	0	2	1	2
124182	15 Oct 25	17:46:00	1	0	60	0	Ct	0	1	0	1	1	0	2	0	0	0	2	0	0	0	1	1	0	1	2	0	0	0	0	0	1	0	0	1	2	0	0	2	2	1
124183	15 Oct 25	17:47:00	1	0	60	0	Ct	0	1	0	1	1	0	4	1	0	0	2	0	0	2	2	0	0	0	2	0	1	0	0	1	0	0	1	2	0	1	0	1	0	3
124184	15 Oct 25	17:48:00	1	0	60	0	Ct	0	1	0	4	16	0	1	1	0	0	2	0	0	0	2	0	0	2	2	0	1	0	0	2	0	0	1	3	2	0	2	0	0	1
124185	15 Oct 25	17:49:00	1	0	60	0	Ct	0	1	1	3	9	0	1	1	0	1	3	0	0	1	1	0	0	1	1	0	0	0	0	2	3	0	0	3	0	1	5	0	1	0
124186	15 Oct 25	17:50:00	1	0	60	0	Ct	0	1	1	1	1	0	0	12	0	1	2	3	0	1	2	2	0	1	0	0	1	0	2	0	6	0	2	2	2	2	8	0	1	6
124187	15 Oct 25	17:51:00	1	0	60	0	Ct	0	1	0	2	0	0	7	1	0	1	1	4	0	2	1	0	0	1	0	0	1	0	0	0	0	0	0	2	3	1	0	0	1	14
124188	15 Oct 25	17:52:00	1	0	60	0	Ct	0	1	0	0	2	0	1	2	0	1	1	2	0	1	1	0	0	1	1	0	2	0	0	0	0	0	1	2	1	1	0	0	1	1
124189	15 Oct 25	17:53:00	1	0	60	0	Ct	0	1	0	2	14	0	0	1	0	0	0	2	0	0	2	1	0	1	2	0	2	0	0	0	0	0	1	4	1	0	0	0	1	1
124190	15 Oct 25	17:54:00	1	0	60	0	Ct	0	1	0	1	24	0	0	0	0	0	1	2	0	0	1	1	0	2	1	0	1	0	1	0	0	0	0	0	2	2	0	2	0	3
124191	15 Oct 25	17:55:00	1	0	60	0	Ct	0	1	1	2	15	0	0	0	0	0	1	0	0	1	1	1	0	0	1	0	2	0	1	0	2	0	0	0	0	0	0	0	1	2
124192	15 Oct 25	17:56:00	1	0	60	0	Ct	0	1	1	2	6	0	0	4	0	2	0	2	0	0	2	1	0	1	1	0	2	1	0	0	1	1	0	0	5	1	0	0	0	1
124193	15 Oct 25	17:57:00	1	0	60	0	Ct	0	1	0	1	6	0	0	1	1	0	2	3	2	2	1	0	0	1	4	0	1	0	0	0	0	0	0	0	2	2	0	0	0	3
124194	15 Oct 25	17:58:00	1	0	60	0	Ct	0	1	0	1	1	0	0	1	0	0	1	2	0	2	1	0	0	2	1	0	3	6	0	2	1	0	1	2	3	1	1	0	0	1
124195	15 Oct 25	17:59:00	1	0	60	0	Ct	0	1	0	2	1	0	0	1	0	1	0	4	1	2	0	0	0	1	2	0	1	0	0	1	0	0	1	2	0	1	6	2	3	2
124196	15 Oct 25	18:00:00	1	0	60	0	Ct	0	1	0	1	1	0	0	1	0	1	0	2	2	0	1	0	0	0	4	0	0	1	4	2	1	0	1	2	0	2	1	3	1	5
124197	15 Oct 25	18:01:00	1	0	60	0	Ct	0	1	4	1	1	0	0	1	0	0	0	1	2	1	1	0	0	2	0	0	0	1	2	3	1	0	1	2	0	0	0	2	1	2
124198	15 Oct 25	18:02:00	1	0	60	0	Ct	0	1	0	1	2	0	0	1	0	0	0	1	2	3	0	0	0	2	2	0	0	0	11	3	0	0	1	2	0	0	0	0	0	1
124199	15 Oct 25	18:03:00	1	0	60	0	Ct	0	1	0	1	5	0	0	0	0	3	0	2	1	3	1	0	0	0	1	0	2	1	14	0	0	0	2	2	4	0	0	2	1	2
124200	15 Oct 25	18:04:00	1	0	60	0	Ct	0	1	0	2	2	0	2	0	0	0	0	1	0	1	1	0	0	2	0	0	2	2	7	2	0	0	1	3	2	0	3	1	3	1
124201	15 Oct 25	18:05:00	1	0	60	0	Ct	0	1	0	1	1	0	1	1	1	1	0	0	1	1	2	0	0	0	1	0	0	5	0	1	1	0	0	1	2	1	0	0	2	0
124202	15 Oct 25	18:06:00	1	0	60	0	Ct	0	1	0	1	1	0	1	1	0	0	0	4	2	1	0	0	0	0	1	0	4	0	3	1	1	0	0	5	0	0	7	2	2	4
124203	15 Oct 25	18:07:00	1	0	60	0	Ct	0	1	1	3	4	0	0	0	0	1	1	1	4	9	2	1	0	4	7	0	5	1	4	0	1	0	1	3	6	1	1	2	3	2
124204	15 Oct 25	18:08:00	1	0	60	0	Ct	0	0	0	5	4	0	0	0	0	0	6	2	2	4	2	3	0	6	2	0	5	4	6	7	4	0	0	3	6	3	1	1	4	4
124205	15 Oct 25	18:09:00	1	0	60	0	Ct	0	0	1	4	5	10	4	0	0	0	6	35	3	7	0	3	0	4	1	0	6	2	6	2	2	0	0	2	3	1	0	5	2	4
124206	15 Oct 25	18:10:00	1	0	60	0	Ct	0	0	1	5	4	3	4	6	0	2	3	3	2	4	3	2	0	6	3	0	4	2	5	1	2	0	2	5	5	3	4	2	2	4
124207	15 Oct 25	18:11:00	1	0	60	0	Ct	0	0	3	3	4	1	3	6	0	3	4	5	2	3	4	0	0	5	2	0	3	2	6	1	1	0	2	3	3	1	3	4	2	4
124208	15 Oct 25	18:12:00	1	0	60	0	Ct	0	0	1	3	5	9	3	3	2	4	2	3	2	2	5	4	0	3	2	0	4	2	4	1	2	3	2	6	1	3	2	3	2	4
124209	15 Oct 25	18:13:00	1	0	60	0	Ct	0	0	1	4	4	6	2	5	2	4	1	4	2	1	2	3	2	4	8	0	5	0	5	1	2	0	4	2	1	1	1	3	4	5
124210	15 Oct 25	18:14:00	1	0	60	0	Ct	0	0	1	3	0	0	3	3	3	3	1	2	1	3	3	4	0	5	18	0	5	2	3	3	0	0	2	3	4	2	0	3	3	3
124211	15 Oct 25	18:15:00	1	0	60	0	Ct	0	0	1	4	4	5	2	4	3	1	2	4	3	1	2	2	0	2	4	0	4	1	2	1	2	0	3	2	2	1	1	2	1	2
124212	15 Oct 25	18:16:00	1	0	60	0	Ct	0	0	1	1	4	6	2	3	2	2	2	3	2	2	4	1	0	3	1	0	3	4	3	0	1	0	2	2	2	2	1	2	3	3
124213	15 Oct 25	18:17:00	1	0	60	0	Ct	0	0	1	3	3	0	2	4	3	3	2	1	0	0	5	3	0	3	3	0	3	1	2	4	2	0	3	3	0	0	1	3	2	3
124214	15 Oct 25	18:18:00	1	0	60	0	Ct	0	0	0	1	4	0	2	2	3	3	2	4	4	2	2	3	0	3	1	0	3	2	3	2	3	0	3	4	7	0	3	2	2	5
124215	15 Oct 25	18:19:00	1	0	60	0	Ct	0	0	0	2	3	3	4	4	1	1	0	5	1	2	3	1	0	3	3	0	4	1	2	1	0	0	1	3	2	2	1	2	1	2
124216	15 Oct 25	18:20:00	1	0	60	0	Ct	0	0	0	2	3	0	3	2	1	3	2	2	1	1	5	3	0	2	2	0	2	2	2	2	1	0	1	1	3	1	1	4	1	1
124217	15 Oct 25	18:21:00	1	0	60	0	Ct	0	0	1	3	3	8	2	2	4	3	2	3	2	1	3	2	0	5	2	0	3	1	3	3	1	0	2	2	2	1	1	1	1	2
124218	15 Oct 25	18:22:00	1	0	60	0	Ct	0	0	1	2	3	5	2	3	2	2	2	3	1	1	3	1	1	3	2	0	3	5	2	2	2	0	1	3	2	2	2	5	2	3
124219	15 Oct 25	18:23:00	1	0	60	0	Ct	0	0	0	2	4	11	2	4	1	3	2	0	2	3	1	4	0	3	2	0	3	0	1	1	1	0	1	3	2	2	0	3	0	3
124220	15 Oct 25	18:24:00	1	0	60	0	Ct	0	0	0	1	1	7	2	3	2	0	2	2	2	1	3	2	2	2	2	0	3	0	5	2	2	0	3	3	4	0	0	2	2	4
124221	15 Oct 25	18:25:00	1	0	60	0	Ct	0	0	1	2	2	15	2	2	2	2	1	2	2	1	3	1	2	3	2	0	4	1	2	1	1	2	2	2	2	2	1	3	3	2
124222	15 Oct 25	18:26:00	1	0	60	0	Ct	0	0	1	2	4	7	2	2	1	3	3	0	1	2	3	1	1	2	1	0	3	0	3	1	0	2	2	1	3	2	1	1	2	2
124223	15 Oct 25	18:27:00	1	0	60	0	Ct	0	0	1	1	1	1	2	2	2	2	2	2	1	0	2	2	6	1	2	0	1	0	2	2	0	0	1	1	1	3	0	1	2	2
124224	15 Oct 25	18:28:00	1	0	60	0	Ct	0	0	1	1	2	7	2	5	1	1	2	4	2	2	2	3	1	3	1	0	0	1	4	3	2	0	2	3	7	1	2	1	0	2
124225	15 Oct 25	18:29:00	1	0	60	0	Ct	0	0	1	2	1	9	2	1	1	0	1	1	1	0	2	1	15	3	1	0	3	2	2	2	2	6	2	1	2	2	5	4	1	3
124226	15 Oct 25	18:30:00	1	0	60	0	Ct	0	0	1	2	2	14	3	3	2	0	1	5	0	0	2	1	2	3	1	0	3	1	2	2	0	1	2	3	1	2	1	7	1	2
124227	15 Oct 25	18:31:00	1	0	60	0	Ct	0	0	2	1	3	10	2	0	2	0	1	2	2	1	3	4	1	2	2	0	3	2	3	1	2	5	1	2	0	0	1	3	2	0
124228	15 Oct 25	18:32:00	1	0	60	0	Ct	0	0	1	1	2	1	2	3	1	2	2	0	2	2	3	3	2	3	1	0	3	1	1	1	2	2	3	3	1	0	1	1	2	4
124229	15 Oct 25	18:33:00	1	0	60	0	Ct	0	0	1	1	2	0	3	2	1	2	2	2	1	1	1	2	1	4	0	0	2	1	3	2	1	0	2	2	2	2	1	2	3	0
124230	15 Oct 25	18:34:00	1	0	60	0	Ct	0	0	1	2	2	6	1	5	1	1	1	5	2	2	3	2	1	5	0	0	2	1	1	1	2	0	2	4	1	1	0	2	1	3
124231	15 Oct 25	18:35:00	1	0	60	0	Ct	0	0	1	2	2	0	2	2	4	1	2	3	1	1	2	2	1	5	2	0	3	2	3	1	1	0	2	4	0	0	1	2	1	2
124232	15 Oct 25	18:36:00	1	0	60	0	Ct	0	0	3	1	1	0	1	1	4	0	1	3	2	2	2	2	1	4	3	0	3	1	2	1	3	1	2	3	2	2	0	2	1	2
124233	15 Oct 25	18:37:00	1	0	60	0	Ct	0	0	2	3	3	3	3	2	3	1	2	3	1	1	4	2	0	5	1	0	2	1	3	3	1	0	2	2	2	2	0	1	1	1
124234	15 Oct 25	18:38:00	1	0	60	0	Ct	0	0	1	2	1	2	1	2	1	3	1	2	1	1	3	2	2	4	1	0	2	1	3	1	1	1	2	0	2	2	1	3	1	2
124235	15 Oct 25	18:39:00	1	0	60	0	Ct	0	0	1	1	1	0	3	2	2	2	1	0	0	1	2	0	1	3	2	0	2	1	0	3	1	0	1	0	1	2	1	2	2	1
124236	15 Oct 25	18:40:00	1	0	60	0	Ct	0	0	1	2	1	0	2	2	1	2	1	2	0	3	3	3	5	2	2	0	1	0	5	2	2	1	2	0	2	1	0	3	0	1
124237	15 Oct 25	18:41:00	1	0	60	0	Ct	0	0	1	3	2	0	3	2	1	2	2	2	2	0	2	4	4	3	1	0	3	2	2	2	2	0	2	0	3	2	1	0	2	3
124238	15 Oct 25	18:42:00	1	0	60	0	Ct	0	0	2	1	2	0	3	2	2	0	2	2	2	1	3	3	0	2	2	0	3	1	1	2	1	0	2	0	2	2	1	0	2	1
124239	15 Oct 25	18:43:00	1	0	60	0	Ct	0	0	0	1	2	0	3	1	4	1	1	3	1	1	1	1	1	2	2	0	4	2	3	1	2	0	2	2	2	0	0	3	1	3
124240	15 Oct 25	18:44:00	1	0	60	0	Ct	0	0	2	2	2	5	1	0	1	3	1	2	2	1	2	2	0	2	1	0	1	1	3	1	1	1	2	1	0	2	1	0	1	1
124241	15 Oct 25	18:45:00	1	0	60	0	Ct	0	0	1	0	2	0	2	2	2	2	3	0	3	2	1	2	4	3	3	0	2	1	2	2	1	0	1	1	3	1	1	0	2	1
124242	15 Oct 25	18:46:00	1	0	60	0	Ct	0	0	1	2	4	0	2	1	1	0	2	3	1	1	3	0	1	1	1	0	3	1	2	0	2	0	2	2	3	1	1	2	2	1
124243	15 Oct 25	18:47:00	1	0	60	0	Ct	0	0	2	1	2	0	2	1	2	0	1	2	1	2	2	3	1	2	1	0	3	2	3	2	2	0	1	2	1	0	1	2	0	2
124244	15 Oct 25	18:48:00	1	0	60	0	Ct	0	0	1	0	1	0	1	2	2	0	2	2	2	3	3	1	0	3	1	0	3	1	1	1	0	0	1	2	3	1	1	2	2	0
124245	15 Oct 25	18:49:00	1	0	60	0	Ct	0	0	0	3	2	0	2	1	1	0	2	3	1	1	4	2	2	3	3	0	1	1	0	0	2	0	2	3	2	1	1	1	1	2
124246	15 Oct 25	18:50:00	1	0	60	0	Ct	0	0	3	2	1	0	1	2	2	1	3	1	0	1	2	1	5	3	1	0	2	1	2	2	2	0	1	2	2	2	1	1	2	3
124247	15 Oct 25	18:51:00	1	0	60	0	Ct	0	0	1	2	1	0	3	3	0	2	2	1	2	0	2	4	1	3	1	0	1	1	2	1	1	0	1	2	2	1	1	3	1	1
124248	15 Oct 25	18:52:00	1	0	60	0	Ct	0	0	0	1	1	0	1	1	2	1	2	1	2	1	2	0	1	2	2	0	2	1	1	0	2	0	1	3	0	0	0	2	3	3
124249	15 Oct 25	18:53:00	1	0	60	0	Ct	0	0	1	0	2	0	4	0	2	2	2	2	0	1	3	0	0	3	2	0	2	1	2	2	0	0	2	2	7	2	0	3	1	2
124250	15 Oct 25	18:54:00	1	0	60	0	Ct	0	0	1	0	2	0	2	2	3	0	1	0	1	1	2	3	1	2	2	0	2	2	2	2	1	0	1	19	2	0	0	2	1	1
124251	15 Oct 25	18:55:00	1	0	60	0	Ct	0	0	0	2	4	0	2	1	1	0	2	0	2	2	2	2	0	3	0	0	1	2	3	0	1	0	1	1	1	1	2	1	1	2
124252	15 Oct 25	18:56:00	1	0	60	0	Ct	0	0	0	1	2	0	4	1	1	2	2	0	0	1	2	1	2	4	2	0	2	1	3	2	1	0	1	3	3	2	1	2	1	0
124253	15 Oct 25	18:57:00	1	0	60	0	Ct	0	0	0	1	1	0	2	0	3	1	2	0	0	1	3	1	0	3	2	0	1	2	1	2	1	3	1	3	3	1	1	0	1	2
124254	15 Oct 25	18:58:00	1	0	60	0	Ct	0	0	0	1	3	0	1	0	2	2	0	2	1	3	1	3	1	2	2	0	3	1	0	1	1	0	3	2	1	2	1	2	1	0
124255	15 Oct 25	18:59:00	1	0	60	0	Ct	0	0	1	1	1	0	1	3	1	1	1	1	3	1	3	2	1	3	1	0	3	1	0	1	1	0	1	2	2	1	1	3	0	2
124256	15 Oct 25	19:00:00	1	0	60	0	Ct	0	0	1	1	2	0	2	2	1	1	1	1	2	1	2	3	1	3	1	0	3	0	3	2	2	0	1	4	0	2	2	2	0	2
124257	15 Oct 25	19:01:00	1	0	60	0	Ct	0	0	0	1	3	0	2	2	1	2	1	2	2	0	2	2	0	2	1	0	3	2	1	2	2	0	2	2	0	1	1	4	1	3
124258	15 Oct 25	19:02:00	1	0	60	0	Ct	0	0	0	0	1	0	3	2	1	4	2	2	2	0	2	1	1	3	1	0	0	1	1	2	1	1	1	2	0	1	1	2	2	2
124259	15 Oct 25	19:03:00	1	0	60	0	Ct	0	0	1	1	2	0	2	3	1	2	2	2	1	0	2	2	1	2	2	0	0	2	1	1	2	0	2	5	0	2	2	1	1	4
124260	15 Oct 25	19:04:00	1	0	60	0	Ct	0	0	1	1	2	0	1	2	1	0	1	4	1	1	1	3	3	1	2	0	1	1	1	2	2	0	2	3	1	1	1	1	0	5
124261	15 Oct 25	19:05:00	1	0	60	0	Ct	0	0	2	1	1	3	1	2	1	0	1	1	1	2	0	1	1	2	0	0	3	1	2	1	1	1	2	3	3	0	1	2	0	3
124262	15 Oct 25	19:06:00	1	0	60	0	Ct	0	0	1	3	1	4	2	1	3	5	1	3	2	1	0	4	1	3	1	0	4	1	1	0	0	0	1	2	1	0	1	0	0	2
124263	15 Oct 25	19:07:00	1	0	60	0	Ct	0	0	0	2	0	7	1	1	1	2	2	2	1	2	3	1	0	2	2	0	3	2	3	4	4	0	1	2	3	0	0	0	3	2
124264	15 Oct 25	19:08:00	1	0	60	0	Ct	0	0	1	3	2	6	1	1	1	2	1	2	2	0	3	1	1	2	1	0	5	2	2	1	0	0	1	2	2	0	0	2	1	2
124265	15 Oct 25	19:09:00	1	0	60	0	Ct	0	0	1	2	2	0	3	1	1	0	0	0	6	0	2	0	0	3	1	0	3	1	0	0	1	0	2	0	0	0	1	3	1	4
124266	15 Oct 25	19:10:00	1	0	60	0	Ct	0	0	1	1	2	2	1	1	3	1	2	0	2	3	2	2	1	1	4	0	2	2	3	0	1	0	2	3	0	0	1	2	4	0
124267	15 Oct 25	19:11:00	1	0	60	0	Ct	0	0	1	2	1	0	3	1	2	1	1	7	0	0	3	2	1	1	3	0	3	0	1	1	2	0	2	3	2	1	1	2	2	1
124268	15 Oct 25	19:12:00	1	0	60	0	Ct	0	0	0	1	2	1	1	2	1	0	1	12	0	2	1	2	1	1	2	0	3	0	4	4	3	0	2	2	0	1	0	1	1	0
124269	15 Oct 25	19:13:00	1	0	60	0	Ct	0	0	2	2	3	2	1	3	1	0	2	1	1	1	2	1	0	17	1	0	1	2	3	1	2	0	1	3	3	2	2	2	0	0
124270	15 Oct 25	19:14:00	1	0	60	0	Ct	0	0	0	2	2	0	2	0	4	0	1	2	2	1	2	2	0	1	1	0	5	1	2	1	1	2	2	1	2	2	1	1	1	2
124271	15 Oct 25	19:15:00	1	0	60	0	Ct	0	0	0	2	1	2	1	0	1	0	1	3	1	4	1	3	0	3	2	0	3	1	0	2	2	1	2	1	2	0	0	2	0	2
124272	15 Oct 25	19:16:00	1	0	60	0	Ct	0	0	2	1	1	1	2	2	1	0	1	3	3	0	4	3	0	2	1	0	3	1	3	1	3	0	2	4	3	2	0	1	0	2
124273	15 Oct 25	19:17:00	1	0	60	0	Ct	0	0	0	4	2	0	1	2	0	2	1	3	2	1	3	1	0	2	2	0	2	0	1	2	2	0	2	2	1	1	0	3	2	3
124274	15 Oct 25	19:18:00	1	0	60	0	Ct	0	0	2	1	1	5	2	3	2	0	2	3	1	1	1	1	0	2	0	0	1	1	3	0	1	0	1	1	1	2	1	1	1	2
124275	15 Oct 25	19:19:00	1	0	60	0	Ct	0	0	1	1	1	3	2	2	0	2	0	2	2	0	2	2	3	3	1	0	3	4	1	1	3	0	3	0	1	1	1	1	2	0
124276	15 Oct 25	19:20:00	1	0	60	0	Ct	0	0	1	1	3	0	1	1	2	0	2	2	1	5	2	1	1	2	1	0	1	1	0	0	1	4	2	2	0	0	2	2	2	3
124277	15 Oct 25	19:21:00	1	0	60	0	Ct	0	0	0	0	2	0	2	2	2	1	0	1	1	3	2	1	1	4	1	0	3	3	3	1	0	1	1	2	6	1	0	1	1	1
124278	15 Oct 25	19:22:00	1	0	60	0	Ct	0	0	3	2	1	0	4	1	1	2	1	2	0	0	5	1	1	3	2	0	0	0	4	2	0	0	1	0	1	1	1	1	2	2
124279	15 Oct 25	19:23:00	1	0	60	0	Ct	0	0	0	0	2	0	2	2	1	1	2	1	1	3	2	1	0	2	0	0	2	2	1	0	0	0	1	0	4	2	1	2	2	3
124280	15 Oct 25	19:24:00	1	0	60	0	Ct	0	0	1	3	1	0	0	1	2	0	2	2	1	3	2	0	1	3	0	0	1	0	2	1	3	0	2	2	18	1	1	2	0	3
124281	15 Oct 25	19:25:00	1	0	60	0	Ct	0	0	2	0	1	0	2	1	3	2	2	2	0	0	2	1	0	2	2	0	1	2	2	1	0	0	1	3	2	1	0	2	2	0
124282	15 Oct 25	19:26:00	1	0	60	0	Ct	0	0	0	0	2	0	1	3	3	1	4	1	1	0	1	1	1	1	1	0	2	1	2	2	0	1	3	1	1	1	0	1	0	0
124283	15 Oct 25	19:27:00	1	0	60	0	Ct	0	0	1	0	0	0	4	0	5	1	5	2	1	1	2	3	2	1	2	0	3	1	4	1	2	0	2	4	0	2	2	2	1	0
124284	15 Oct 25	19:28:00	1	0	60	0	Ct	0	0	0	0	2	0	0	1	0	1	2	1	1	1	1	6	3	1	2	0	2	0	2	0	1	0	1	2	2	2	1	2	2	0
124285	15 Oct 25	19:29:00	1	0	60	0	Ct	0	0	0	1	5	0	4	1	1	0	1	1	2	1	2	2	0	2	1	0	3	27	1	2	2	0	1	1	1	0	0	1	2	1
124286	15 Oct 25	19:30:00	1	0	60	0	Ct	0	0	1	4	3	0	2	0	2	1	2	1	1	1	2	3	1	2	1	0	3	26	1	1	2	0	3	2	4	0	2	2	3	1
124287	15 Oct 25	19:31:00	1	0	60	0	Ct	0	0	2	0	2	0	2	7	2	0	2	2	0	4	2	1	1	1	1	0	2	3	1	0	0	0	2	3	0	0	1	1	2	1
124288	15 Oct 25	19:32:00	1	0	60	0	Ct	0	0	1	2	2	0	1	1	1	0	1	1	1	2	2	3	1	4	1	0	2	0	1	1	3	0	4	1	0	0	0	1	3	2
124289	15 Oct 25	19:33:00	1	0	60	0	Ct	0	0	2	1	2	5	3	1	2	0	2	2	1	1	2	0	1	1	0	0	1	1	2	1	0	0	1	2	0	2	1	1	2	1
124290	15 Oct 25	19:34:00	1	0	60	0	Ct	0	0	1	1	2	0	2	3	0	0	1	2	1	1	2	3	0	0	1	0	1	1	1	1	0	0	2	2	4	1	2	1	1	4
124291	15 Oct 25	19:35:00	1	0	60	0	Ct	0	0	1	2	1	4	2	0	1	1	2	0	3	4	3	1	0	3	1	0	2	2	1	1	0	0	1	0	5	0	0	2	2	0
124292	15 Oct 25	19:36:00	1	0	60	0	Ct	0	0	0	2	2	2	10	1	2	1	2	2	3	2	0	2	0	3	1	0	2	1	1	1	0	0	1	2	0	1	2	0	1	0
124293	15 Oct 25	19:37:00	1	0	60	0	Ct	0	0	0	2	0	0	2	2	3	3	1	2	0	3	2	1	0	3	1	0	4	2	3	2	0	0	2	2	0	1	0	2	2	4
124294	15 Oct 25	19:38:00	1	0	60	0	Ct	0	0	0	2	0	0	3	2	1	2	2	1	2	2	3	1	0	2	1	0	2	0	3	1	0	0	2	0	0	0	1	5	2	1
124295	15 Oct 25	19:39:00	1	0	60	0	Ct	0	0	0	1	2	0	1	2	0	2	5	0	1	1	1	2	0	2	1	0	0	4	1	0	1	0	0	2	0	0	0	2	0	1
124296	15 Oct 25	19:40:00	1	0	60	0	Ct	0	0	0	1	0	0	2	1	0	2	2	0	0	1	2	2	0	3	1	0	1	2	0	0	1	0	2	2	0	0	0	1	2	4
124297	15 Oct 25	19:41:00	1	0	60	0	Ct	0	0	1	2	3	1	2	0	1	3	6	0	2	2	4	3	0	2	2	0	2	2	2	1	1	0	1	2	2	1	0	1	1	1
124298	15 Oct 25	19:42:00	1	0	60	0	Ct	0	0	0	1	2	3	1	3	1	2	2	2	3	0	2	4	0	2	1	0	2	3	0	1	0	0	2	1	1	1	0	0	2	0
124299	15 Oct 25	19:43:00	1	0	60	0	Ct	0	0	1	2	2	0	1	1	1	0	2	3	1	1	4	2	0	2	1	0	0	1	0	1	1	0	1	2	2	0	1	0	2	1
124300	15 Oct 25	19:44:00	1	0	60	0	Ct	0	0	1	0	2	0	2	1	1	0	4	0	1	0	3	3	0	2	1	0	3	1	2	1	2	0	0	1	3	1	2	1	1	2
124301	15 Oct 25	19:45:00	1	0	60	0	Ct	0	0	1	1	6	0	2	4	2	0	2	2	5	1	3	1	0	3	1	0	1	3	1	3	1	3	2	2	2	0	0	1	0	2
124302	15 Oct 25	19:46:00	1	0	60	0	Ct	0	0	1	3	1	0	2	1	7	1	3	1	1	0	1	3	0	3	0	0	3	3	3	1	1	0	1	3	0	1	1	2	0	2
124303	15 Oct 25	19:47:00	1	0	60	0	Ct	0	0	0	2	3	0	2	0	1	1	2	3	3	0	1	0	0	3	2	0	2	1	2	0	0	0	2	2	2	1	1	1	0	1
124304	15 Oct 25	19:48:00	1	0	60	0	Ct	0	0	0	0	0	0	3	2	3	3	2	1	2	0	2	2	0	2	1	0	3	1	3	3	2	0	1	0	0	0	1	0	2	3
124305	15 Oct 25	19:49:00	1	0	60	0	Ct	0	0	2	0	1	0	1	1	2	3	2	0	1	1	0	1	0	2	2	0	2	0	1	0	1	0	2	2	1	0	0	2	1	2
124306	15 Oct 25	19:50:00	1	0	60	0	Ct	0	0	1	2	3	0	2	2	2	1	3	3	1	1	0	0	0	3	3	0	2	2	1	3	2	0	1	2	3	0	2	7	1	4
124307	15 Oct 25	19:51:00	1	0	60	0	Ct	0	0	1	1	1	0	1	0	2	1	1	2	0	0	1	2	0	2	2	0	2	1	4	1	1	0	1	1	2	0	0	13	2	2
124308	15 Oct 25	19:52:00	1	0	60	0	Ct	0	0	0	1	2	0	1	1	2	3	3	3	1	0	5	2	0	1	0	0	3	5	2	2	1	0	2	0	2	1	2	14	0	2
124309	15 Oct 25	19:53:00	1	0	60	0	Ct	0	0	0	2	2	0	2	1	1	2	2	3	1	0	3	1	0	2	2	0	3	0	6	1	0	0	1	2	0	1	1	1	0	0
124310	15 Oct 25	19:54:00	1	0	60	0	Ct	0	0	0	1	3	0	2	1	1	0	2	1	1	2	2	3	0	3	3	0	1	1	4	2	2	0	1	4	1	2	0	2	0	2
124311	15 Oct 25	19:55:00	1	0	60	0	Ct	0	0	2	0	2	0	2	1	3	2	0	2	4	1	2	1	0	2	1	0	3	1	0	2	0	0	2	3	1	1	0	2	0	1
124312	15 Oct 25	19:56:00	1	0	60	0	Ct	0	0	0	0	1	0	4	3	1	2	2	1	2	1	1	4	0	3	1	0	2	2	5	2	2	0	1	2	2	2	0	2	4	1
124313	15 Oct 25	19:57:00	1	0	60	0	Ct	0	0	2	0	1	0	0	1	5	1	3	2	1	0	2	1	0	3	1	0	1	1	6	1	1	0	2	1	1	1	0	1	2	0
124314	15 Oct 25	19:58:00	1	0	60	0	Ct	0	0	0	1	3	0	2	1	0	0	3	0	2	1	2	3	0	3	0	0	2	0	1	1	0	0	3	2	2	2	0	2	1	1
124315	15 Oct 25	19:59:00	1	0	60	0	Ct	0	0	1	1	2	0	0	1	1	0	3	1	1	1	2	2	0	3	0	0	0	13	2	6	4	0	1	2	2	1	3	0	2	2
124316	15 Oct 25	20:00:00	1	0	60	0	Ct	0	0	1	1	2	0	1	1	1	1	4	1	2	0	2	2	0	1	1	0	1	2	2	6	1	0	2	2	2	0	0	2	0	0
124317	15 Oct 25	20:01:00	1	0	60	0	Ct	0	0	2	3	2	0	7	1	3	1	2	2	1	2	0	2	1	1	0	0	0	2	1	3	1	0	1	4	2	1	0	2	2	1
124318	15 Oct 25	20:02:00	1	0	60	0	Ct	0	0	1	1	1	0	2	4	2	1	3	0	1	1	2	1	0	1	2	0	3	1	5	4	1	0	2	2	3	2	0	2	2	2
124319	15 Oct 25	20:03:00	1	0	60	0	Ct	0	0	1	2	3	4	3	0	2	3	2	2	1	1	2	2	0	3	2	0	2	0	3	0	1	0	2	3	3	0	0	0	1	1
124320	15 Oct 25	20:04:00	1	0	60	0	Ct	0	0	1	2	1	2	2	3	1	0	2	1	0	3	2	1	0	2	2	0	1	0	0	0	1	0	2	4	3	2	1	2	2	1
124321	15 Oct 25	20:05:00	1	0	60	0	Ct	0	0	1	4	2	0	1	1	17	0	1	1	0	1	2	2	0	2	0	0	2	0	7	2	1	0	1	2	2	1	1	0	2	0
124322	15 Oct 25	20:06:00	1	0	60	0	Ct	0	0	1	3	2	5	1	1	1	1	2	2	0	2	2	4	0	3	1	0	2	1	3	3	2	0	3	4	1	2	2	3	2	0
124323	15 Oct 25	20:07:00	1	0	60	0	Ct	0	0	1	1	1	0	2	1	1	1	2	0	0	0	3	1	0	1	1	0	3	9	1	1	0	0	2	3	4	0	1	1	2	0
124324	15 Oct 25	20:08:00	1	0	60	0	Ct	0	0	0	1	1	3	1	1	0	0	3	1	2	0	2	0	2	3	1	0	3	1	4	0	2	0	1	2	2	2	1	2	0	3
124325	15 Oct 25	20:09:00	1	0	60	0	Ct	0	0	1	0	2	0	2	1	1	0	1	3	1	3	1	0	0	3	1	0	2	1	1	0	2	0	0	3	3	1	2	1	2	2
124326	15 Oct 25	20:10:00	1	0	60	0	Ct	0	0	1	0	1	2	2	1	1	1	2	2	2	0	2	1	0	1	1	0	3	1	1	2	1	0	0	2	1	3	4	3	1	7
124327	15 Oct 25	20:11:00	1	0	60	0	Ct	0	0	0	3	1	0	1	0	1	0	1	1	0	3	3	1	0	2	0	0	1	1	2	3	2	0	0	2	3	1	0	1	1	1
124328	15 Oct 25	20:12:00	1	0	60	0	Ct	0	0	1	1	2	0	3	0	1	2	1	2	2	1	2	1	0	2	0	0	0	0	2	3	0	0	0	1	3	1	1	1	0	1
124329	15 Oct 25	20:13:00	1	0	60	0	Ct	0	0	1	1	2	2	2	0	1	2	3	3	2	2	2	2	0	3	2	0	4	0	1	1	1	0	1	4	1	0	1	2	0	3
124330	15 Oct 25	20:14:00	1	0	60	0	Ct	0	0	1	1	1	3	1	1	2	3	3	3	2	0	1	1	0	2	1	0	2	2	2	3	1	0	3	2	0	1	3	2	2	3
124331	15 Oct 25	20:15:00	1	0	60	0	Ct	0	0	1	1	2	0	2	1	1	0	1	0	1	0	0	1	0	1	1	0	4	0	1	1	0	0	1	2	2	1	2	1	2	2
124332	15 Oct 25	20:16:00	1	0	60	0	Ct	0	0	1	0	0	0	2	0	3	1	1	1	2	3	1	2	0	3	1	0	1	2	1	2	0	0	0	4	1	2	0	0	1	3
124333	15 Oct 25	20:17:00	1	0	60	0	Ct	0	0	1	0	0	0	1	0	0	2	2	2	1	0	2	2	0	2	1	0	3	0	0	1	1	0	3	3	2	0	3	1	2	4
124334	15 Oct 25	20:18:00	1	0	60	0	Ct	0	0	1	2	1	0	3	2	2	1	1	4	1	1	2	1	2	1	0	0	2	3	7	1	2	0	1	2	2	0	0	3	3	2
124335	15 Oct 25	20:19:00	1	0	60	0	Ct	0	0	1	2	1	2	1	0	1	1	2	1	0	0	0	2	1	3	3	0	3	2	4	2	2	0	1	1	2	0	1	2	1	0
124336	15 Oct 25	20:20:00	1	0	60	0	Ct	0	0	0	1	2	5	1	2	2	1	1	2	0	2	2	3	5	3	0	0	2	1	1	2	1	0	2	0	2	0	0	1	0	1
124337	15 Oct 25	20:21:00	1	0	60	0	Ct	0	0	0	3	2	3	2	1	1	0	2	3	1	2	2	3	0	2	1	0	2	1	1	2	0	0	1	0	2	3	0	1	1	5
124338	15 Oct 25	20:22:00	1	0	60	0	Ct	0	0	0	3	2	0	1	2	2	0	2	0	1	0	2	2	3	1	2	0	2	1	1	1	1	0	3	0	1	2	1	1	1	0
124339	15 Oct 25	20:23:00	1	0	60	0	Ct	0	0	0	0	2	1	2	1	2	0	2	2	0	1	2	2	0	2	0	0	2	1	3	5	1	0	1	2	2	2	1	1	10	2
124340	15 Oct 25	20:24:00	1	0	60	0	Ct	0	0	2	3	2	1	1	1	1	0	1	1	1	1	2	4	0	2	0	0	2	0	4	1	1	0	2	2	1	1	0	2	1	0
124341	15 Oct 25	20:25:00	1	0	60	0	Ct	0	0	3	1	1	0	2	0	1	0	1	1	1	1	0	2	1	2	2	0	1	1	1	1	1	0	3	1	2	11	3	0	1	2
124342	15 Oct 25	20:26:00	1	0	60	0	Ct	0	0	1	2	2	0	2	0	0	0	2	0	2	0	2	3	1	2	2	0	2	0	1	0	2	0	1	2	1	2	1	3	1	3
124343	15 Oct 25	20:27:00	1	0	60	0	Ct	0	0	1	2	3	0	2	1	1	1	2	2	2	0	2	3	3	2	2	0	0	3	3	2	1	0	1	0	0	4	1	1	0	0
124344	15 Oct 25	20:28:00	1	0	60	0	Ct	0	0	0	3	2	0	1	1	1	2	2	2	1	1	0	3	0	2	1	0	0	0	4	2	1	0	1	2	2	1	0	2	0	1
124345	15 Oct 25	20:29:00	1	0	60	0	Ct	0	0	1	1	3	3	2	1	1	2	2	3	2	1	1	3	2	3	1	0	0	0	2	0	0	0	2	17	3	2	1	1	2	2
124346	15 Oct 25	20:30:00	1	0	60	0	Ct	0	0	2	1	3	6	2	1	4	1	2	1	2	2	2	2	0	2	1	0	2	1	1	4	0	0	1	4	2	0	0	2	0	0
124347	15 Oct 25	20:31:00	1	0	60	0	Ct	0	0	1	1	2	1	1	6	0	1	1	2	2	2	2	1	4	2	2	0	0	2	3	0	0	0	2	2	2	1	2	1	0	2
124348	15 Oct 25	20:32:00	1	0	60	0	Ct	0	0	1	0	1	2	2	3	3	1	2	3	1	1	3	3	0	2	1	0	0	0	0	2	0	0	3	2	2	1	2	0	2	10
124349	15 Oct 25	20:33:00	1	0	60	0	Ct	0	0	1	1	2	1	4	1	1	2	2	0	1	2	2	2	1	2	2	0	0	0	0	1	0	0	2	2	6	0	0	1	1	2
124350	15 Oct 25	20:34:00	1	0	60	0	Ct	0	0	0	2	1	0	1	2	3	3	2	0	1	0	3	3	1	2	1	0	2	0	0	2	0	0	2	3	2	0	1	3	1	1
124351	15 Oct 25	20:35:00	1	0	60	0	Ct	0	0	1	8	2	3	4	1	1	2	1	1	1	0	2	2	3	1	1	0	0	4	0	1	3	0	2	4	0	0	0	1	1	1
124352	15 Oct 25	20:36:00	1	0	60	0	Ct	0	0	1	5	1	2	1	1	3	1	2	2	1	0	4	2	0	2	1	0	2	0	2	3	2	0	2	3	4	0	0	0	1	2
124353	15 Oct 25	20:37:00	1	0	60	0	Ct	0	0	1	2	2	0	1	2	1	0	2	5	2	3	3	3	0	2	1	0	4	1	1	4	1	0	2	2	3	0	2	1	1	1
124354	15 Oct 25	20:38:00	1	0	60	0	Ct	0	0	0	2	2	2	2	0	2	3	3	1	0	0	2	3	5	2	1	0	2	22	4	4	2	0	1	2	1	0	1	2	2	0
124355	15 Oct 25	20:39:00	1	0	60	0	Ct	0	0	0	1	2	2	2	2	0	2	1	2	1	2	3	2	4	0	2	0	2	1	4	2	2	0	3	2	1	0	0	3	0	3
124356	15 Oct 25	20:40:00	1	0	60	0	Ct	0	0	0	2	2	7	3	0	2	3	1	2	0	0	3	3	0	1	1	0	4	3	4	2	0	0	1	2	2	0	0	3	0	0
124357	15 Oct 25	20:41:00	1	0	60	0	Ct	0	0	0	3	2	0	1	2	1	2	0	2	0	0	3	1	2	2	1	0	4	1	3	1	0	0	1	3	3	1	0	1	1	2
124358	15 Oct 25	20:42:00	1	0	60	0	Ct	0	0	0	6	6	3	1	1	3	0	3	2	0	0	3	0	2	2	0	0	3	2	3	3	1	0	1	1	3	2	0	1	1	0
124359	15 Oct 25	20:43:00	1	0	60	0	Ct	0	0	3	1	3	1	1	0	2	0	3	2	2	1	3	3	1	3	1	0	4	1	2	1	2	0	3	2	2	1	1	0	2	0
124360	15 Oct 25	20:44:00	1	0	60	0	Ct	0	0	3	1	2	2	1	1	2	0	2	5	1	1	1	5	0	3	1	0	4	1	1	2	1	0	1	1	2	2	1	2	0	3
124361	15 Oct 25	20:45:00	1	0	60	0	Ct	0	0	1	1	1	0	2	3	1	2	2	2	2	0	4	5	0	1	3	0	4	1	2	0	2	0	1	2	2	1	2	0	0	2
124362	15 Oct 25	20:46:00	1	0	60	0	Ct	0	0	1	0	0	4	1	3	3	3	2	2	0	0	1	2	2	0	1	0	2	1	2	2	1	0	2	2	2	0	2	1	2	2
124363	15 Oct 25	20:47:00	1	0	60	0	Ct	0	0	1	1	4	0	2	1	2	1	3	0	2	0	3	1	1	1	1	0	4	1	4	3	2	0	2	1	2	0	1	3	0	2
124364	15 Oct 25	20:48:00	1	0	60	0	Ct	0	0	1	1	1	0	1	1	3	0	2	2	1	2	2	4	0	4	3	0	3	1	2	1	0	0	3	21	3	1	0	3	0	1
124365	15 Oct 25	20:49:00	1	0	60	0	Ct	0	0	1	1	3	0	3	1	1	0	1	1	1	5	2	2	1	3	0	0	2	1	5	2	1	0	3	9	1	1	1	3	0	1
124366	15 Oct 25	20:50:00	1	0	60	0	Ct	0	0	1	1	0	0	2	1	2	0	3	2	1	6	2	3	2	4	1	0	2	1	0	2	1	0	2	5	1	0	1	1	0	1
124367	15 Oct 25	20:51:00	1	0	60	0	Ct	0	0	0	1	0	0	1	1	2	0	1	3	1	2	2	5	0	3	1	0	2	0	5	1	2	0	1	2	1	1	0	3	0	2
124368	15 Oct 25	20:52:00	1	0	60	0	Ct	0	0	0	3	3	1	2	1	2	2	2	0	1	1	1	3	2	3	1	0	4	1	1	3	1	0	3	3	6	2	0	1	2	2
124369	15 Oct 25	20:53:00	1	0	60	0	Ct	0	0	0	1	0	10	1	2	1	1	3	0	1	0	2	1	2	3	1	0	3	5	0	1	1	0	2	3	1	1	1	1	0	2
124370	15 Oct 25	20:54:00	1	0	60	0	Ct	0	0	2	1	2	29	3	2	0	1	1	0	1	1	3	2	0	2	1	0	4	3	2	1	2	0	2	2	1	2	0	9	0	2
124371	15 Oct 25	20:55:00	1	0	60	0	Ct	0	0	2	3	2	5	1	1	2	0	2	2	1	1	2	4	0	3	2	0	3	1	5	2	0	0	1	1	5	1	1	3	0	2
124372	15 Oct 25	20:56:00	1	0	60	0	Ct	0	0	1	3	4	1	2	2	1	0	1	2	1	0	3	4	1	2	2	0	3	1	1	2	9	0	1	3	4	1	0	5	0	0
124373	15 Oct 25	20:57:00	1	0	60	0	Ct	0	0	2	3	1	3	1	1	1	0	2	3	0	2	2	9	1	2	1	0	4	1	3	1	1	0	2	2	2	0	0	2	2	0
124374	15 Oct 25	20:58:00	1	0	60	0	Ct	0	0	0	4	2	3	4	1	1	5	2	2	2	1	1	1	4	2	1	0	1	1	1	2	2	0	1	1	1	1	0	1	2	0
124375	15 Oct 25	20:59:00	1	0	60	0	Ct	0	0	2	2	0	2	3	2	1	5	2	2	2	2	2	2	1	8	1	0	4	2	4	2	1	0	2	3	3	1	0	2	2	0
124376	15 Oct 25	21:00:00	1	0	60	0	Ct	0	0	1	2	2	2	2	2	1	1	3	2	1	0	3	3	2	5	1	0	3	1	2	2	2	0	2	1	0	2	1	2	1	0
124377	15 Oct 25	21:01:00	1	0	60	0	Ct	0	0	1	3	1	1	2	3	3	0	2	1	1	2	3	3	1	1	1	0	2	1	2	3	1	0	1	0	2	1	2	2	2	0
124378	15 Oct 25	21:02:00	1	0	60	0	Ct	0	0	2	2	2	3	13	1	1	0	2	1	0	1	3	3	1	2	1	0	3	1	1	2	3	0	0	0	2	3	1	2	2	0
124379	15 Oct 25	21:03:00	1	0	60	0	Ct	0	0	0	1	3	0	1	1	2	1	2	0	0	1	2	1	0	2	2	0	3	0	0	2	1	0	3	1	0	1	1	0	1	0
124380	15 Oct 25	21:04:00	1	0	60	0	Ct	0	0	1	0	1	2	2	2	0	1	5	1	0	0	2	2	1	3	1	0	2	1	0	1	1	0	2	2	1	1	0	2	1	7
124381	15 Oct 25	21:05:00	1	0	60	0	Ct	0	0	1	2	2	5	4	4	0	0	4	3	0	3	2	2	1	3	2	0	3	1	0	2	2	0	1	2	6	0	0	0	4	0
124382	15 Oct 25	21:06:00	1	0	60	0	Ct	0	0	1	2	2	0	3	1	2	0	4	3	0	1	0	2	0	2	1	0	3	2	2	2	0	0	0	2	0	0	1	1	1	4
124383	15 Oct 25	21:07:00	1	0	60	0	Ct	0	0	0	0	3	4	1	1	1	0	3	1	1	0	0	2	3	2	1	0	2	1	0	2	2	0	0	1	2	0	0	9	2	4
124384	15 Oct 25	21:08:00	1	0	60	0	Ct	0	0	1	2	2	0	1	0	1	0	2	0	1	1	2	1	1	4	1	0	3	1	0	2	1	0	0	2	1	2	2	4	2	3
124385	15 Oct 25	21:09:00	1	0	60	0	Ct	0	0	0	2	1	0	2	4	2	2	2	3	0	2	1	0	1	3	1	0	2	1	0	2	6	0	3	1	1	1	1	3	1	1
124386	15 Oct 25	21:10:00	1	0	60	0	Ct	0	0	0	3	2	0	2	0	1	3	3	1	0	2	2	1	0	2	1	0	2	1	1	1	1	0	2	2	2	2	1	3	2	4
124387	15 Oct 25	21:11:00	1	0	60	0	Ct	0	0	0	3	3	0	3	3	1	2	2	5	1	1	2	0	0	3	1	0	3	2	2	1	1	0	1	2	2	2	2	2	1	2
124388	15 Oct 25	21:12:00	1	0	60	0	Ct	0	0	2	3	3	0	0	1	0	3	2	1	1	2	1	3	4	2	2	0	3	0	3	1	1	0	1	3	3	2	1	1	2	3
124389	15 Oct 25	21:13:00	1	0	60	0	Ct	0	0	0	3	2	3	1	0	1	2	2	3	2	1	2	7	6	4	2	0	1	1	2	1	2	0	1	3	2	1	0	1	1	1
124390	15 Oct 25	21:14:00	1	0	60	0	Ct	0	0	3	0	3	5	2	0	1	0	1	2	2	1	2	2	5	4	1	0	2	1	7	1	1	0	2	4	2	2	1	4	0	4
124391	15 Oct 25	21:15:00	1	0	60	0	Ct	0	0	2	2	1	5	1	0	2	4	3	2	2	2	3	2	1	3	0	0	2	0	2	5	1	0	2	2	2	1	0	2	1	0
124392	15 Oct 25	21:16:00	1	0	60	0	Ct	0	0	0	2	2	2	1	2	3	1	2	2	1	0	3	2	0	4	2	0	3	3	2	2	1	0	1	2	1	1	2	3	2	1
124393	15 Oct 25	21:17:00	1	0	60	0	Ct	0	0	0	1	2	3	3	1	2	3	2	0	1	1	1	3	1	2	0	0	1	2	1	1	0	0	2	3	3	1	1	1	1	0
124394	15 Oct 25	21:18:00	1	0	60	0	Ct	0	0	2	3	4	4	2	3	1	1	2	1	1	2	0	3	2	1	2	0	1	1	4	0	1	0	1	1	3	0	0	3	1	1
124395	15 Oct 25	21:19:00	1	0	60	0	Ct	0	0	2	0	2	0	2	3	0	2	2	3	4	1	2	3	0	4	2	0	3	1	2	2	1	0	2	2	2	2	0	2	1	1
124396	15 Oct 25	21:20:00	1	0	60	0	Ct	0	0	0	2	2	0	1	5	0	1	2	1	2	0	4	1	0	1	2	0	3	0	5	1	3	0	3	2	1	2	0	1	4	0
124397	15 Oct 25	21:21:00	1	0	60	0	Ct	0	0	1	4	2	4	2	1	2	3	1	4	0	1	2	2	1	1	1	0	3	1	3	1	0	0	3	2	3	1	1	0	1	0
124398	15 Oct 25	21:22:00	1	0	60	0	Ct	0	0	0	3	2	2	1	1	1	1	2	4	1	1	3	3	4	3	2	0	3	1	3	2	4	0	2	1	1	0	1	0	1	1
124399	15 Oct 25	21:23:00	1	0	60	0	Ct	0	0	1	2	2	4	2	2	1	0	2	4	1	1	4	1	2	3	2	0	3	2	3	2	4	0	1	4	3	2	0	0	4	3
124400	15 Oct 25	21:24:00	1	0	60	0	Ct	0	0	3	1	3	4	3	1	1	0	2	4	0	2	3	1	5	2	2	0	2	0	2	1	2	0	1	2	2	1	1	0	0	3
124401	15 Oct 25	21:25:00	1	0	60	0	Ct	0	0	2	1	2	1	1	7	1	0	2	3	1	0	1	1	3	2	0	0	3	4	3	2	1	0	1	2	3	1	1	0	1	2
124402	15 Oct 25	21:26:00	1	0	60	0	Ct	0	0	0	1	2	3	2	1	1	1	2	3	0	0	2	1	0	1	0	0	7	2	5	4	1	0	2	2	2	5	1	1	0	2
124403	15 Oct 25	21:27:00	1	0	60	0	Ct	0	0	2	2	3	2	4	1	6	1	2	3	2	3	0	1	4	2	2	0	2	3	2	2	1	0	1	1	1	2	1	7	0	1
124404	15 Oct 25	21:28:00	1	0	60	0	Ct	0	0	1	3	5	0	3	1	4	0	2	3	1	1	0	2	0	2	0	0	3	1	1	1	8	0	2	2	3	0	3	1	1	1
124405	15 Oct 25	21:29:00	1	0	60	0	Ct	0	0	3	2	3	0	2	1	4	2	3	3	1	1	2	2	1	2	0	0	3	0	2	2	1	0	2	3	2	3	1	2	1	3
124406	15 Oct 25	21:30:00	1	0	60	0	Ct	0	0	1	1	2	0	3	2	3	8	2	3	1	1	2	7	0	2	1	0	4	0	4	1	0	0	1	3	2	1	0	1	2	0
124407	15 Oct 25	21:31:00	1	0	60	0	Ct	0	0	3	0	3	0	3	2	2	0	2	2	1	1	2	2	0	3	3	0	3	2	2	1	2	0	3	0	2	2	1	5	2	0
124408	15 Oct 25	21:32:00	1	0	60	0	Ct	0	0	2	0	1	0	0	1	1	1	2	2	3	3	4	2	0	3	2	0	3	0	3	2	1	0	2	4	2	1	1	1	2	2
124409	15 Oct 25	21:33:00	1	0	60	0	Ct	0	0	1	1	3	0	1	1	2	1	2	3	1	1	2	2	0	2	0	0	1	1	1	1	1	8	2	2	2	1	2	0	1	3
124410	15 Oct 25	21:34:00	1	0	60	0	Ct	0	0	2	2	2	0	2	2	2	1	1	2	2	1	0	2	0	3	0	0	1	1	1	2	2	0	1	1	2	0	1	0	0	3
124411	15 Oct 25	21:35:00	1	0	60	0	Ct	0	0	0	1	2	0	1	0	1	2	2	2	1	1	0	1	0	3	1	0	3	0	4	1	2	0	2	2	4	0	2	0	2	4
124412	15 Oct 25	21:36:00	1	0	60	0	Ct	0	0	0	2	3	0	2	1	3	4	3	3	1	4	2	3	1	2	4	0	3	1	2	1	0	0	1	0	3	0	0	0	1	0
124413	15 Oct 25	21:37:00	1	0	60	0	Ct	0	0	0	2	2	2	3	1	1	0	2	2	3	0	2	2	1	3	2	0	3	2	1	3	1	0	2	2	2	0	1	0	2	0
124414	15 Oct 25	21:38:00	1	0	60	0	Ct	0	0	0	2	2	3	2	4	1	2	2	1	0	5	1	1	0	2	1	0	3	2	2	0	0	0	1	0	3	0	1	3	2	1
124415	15 Oct 25	21:39:00	1	0	60	0	Ct	0	0	2	3	4	1	1	2	2	1	2	1	1	2	3	1	0	2	2	0	3	0	2	0	0	0	2	2	2	0	1	2	0	1
124416	15 Oct 25	21:40:00	1	0	60	0	Ct	0	0	1	2	2	0	1	2	0	0	5	3	3	2	4	3	3	3	1	0	3	10	4	4	0	0	1	2	3	0	1	0	1	1
124417	15 Oct 25	21:41:00	1	0	60	0	Ct	0	0	1	1	3	4	2	0	1	1	3	0	0	0	4	5	0	3	1	0	3	5	3	2	0	0	1	1	2	0	1	2	1	2
124418	15 Oct 25	21:42:00	1	0	60	0	Ct	0	0	1	3	3	6	2	2	3	2	3	1	4	0	8	2	1	1	2	0	3	2	0	1	0	0	2	1	0	0	0	2	2	2
124419	15 Oct 25	21:43:00	1	0	60	0	Ct	0	0	0	3	1	2	2	1	5	2	3	2	1	0	3	4	2	2	2	0	2	3	3	1	0	0	2	2	0	3	0	1	1	1
124420	15 Oct 25	21:44:00	1	0	60	0	Ct	0	0	1	1	2	1	3	0	4	1	2	2	0	1	4	2	0	1	2	0	1	1	0	2	0	0	2	0	3	3	2	1	1	1
124421	15 Oct 25	21:45:00	1	0	60	0	Ct	0	0	3	2	3	0	2	1	4	0	2	2	0	1	2	4	0	4	1	0	4	1	0	1	0	0	1	2	1	1	1	2	2	1
124422	15 Oct 25	21:46:00	1	0	60	0	Ct	0	0	1	2	0	6	1	5	4	0	1	3	2	1	3	0	0	5	1	0	3	2	0	2	0	0	2	0	1	3	3	5	1	1
124423	15 Oct 25	21:47:00	1	0	60	0	Ct	0	0	7	2	3	0	2	1	0	3	2	2	2	10	3	0	0	3	2	0	4	1	2	2	0	0	1	0	2	0	1	1	1	0
124424	15 Oct 25	21:48:00	1	0	60	0	Ct	0	0	5	2	1	0	3	1	1	1	2	1	1	0	2	0	0	2	2	0	2	2	2	1	2	0	2	2	0	0	1	3	1	1
124425	15 Oct 25	21:49:00	1	0	60	0	Ct	0	0	0	2	3	0	3	0	1	0	3	3	2	0	2	2	4	2	2	0	2	1	6	2	3	0	1	2	4	0	0	4	3	3
124426	15 Oct 25	21:50:00	1	0	60	0	Ct	0	0	1	1	2	0	2	0	3	0	3	2	0	1	2	1	2	2	2	0	1	1	2	3	2	2	0	2	3	0	1	1	1	3
124427	15 Oct 25	21:51:00	1	0	60	0	Ct	0	0	1	1	2	0	2	0	2	0	3	4	1	2	2	1	3	3	4	0	3	3	2	1	3	16	0	3	1	4	1	1	1	2
124428	15 Oct 25	21:52:00	1	0	60	0	Ct	0	0	0	3	2	0	2	1	3	0	2	5	1	0	4	1	0	1	1	0	3	0	5	1	0	13	0	1	3	1	0	2	3	1
124429	15 Oct 25	21:53:00	1	0	60	0	Ct	0	0	1	3	1	0	1	1	0	0	1	4	1	1	2	2	0	4	1	0	2	2	1	1	2	9	1	3	0	1	2	1	1	1
124430	15 Oct 25	21:54:00	1	0	60	0	Ct	0	0	2	1	2	3	1	2	2	0	2	3	0	1	2	1	1	2	0	0	1	0	1	1	1	0	1	1	1	1	1	3	2	1
124431	15 Oct 25	21:55:00	1	0	60	0	Ct	0	0	2	0	2	2	2	2	3	0	2	2	2	1	2	3	0	3	1	0	0	3	1	3	1	0	1	1	1	3	1	2	2	1
124432	15 Oct 25	21:56:00	1	0	60	0	Ct	0	0	1	0	4	2	3	2	1	2	2	0	4	0	2	2	2	2	3	0	2	0	6	2	8	0	2	2	3	1	0	2	0	3
124433	15 Oct 25	21:57:00	1	0	60	0	Ct	0	0	1	0	1	1	3	1	3	2	2	2	3	2	2	1	0	3	2	0	1	1	0	1	2	2	2	4	0	1	1	3	0	1
124434	15 Oct 25	21:58:00	1	0	60	0	Ct	0	0	0	1	2	2	2	2	3	2	2	6	1	1	5	2	0	5	0	0	2	2	2	2	1	1	1	2	4	1	1	0	0	4
124435	15 Oct 25	21:59:00	1	0	60	0	Ct	0	0	0	2	1	4	3	5	2	1	0	3	1	2	4	1	1	10	1	0	4	1	4	2	1	0	2	1	3	2	1	0	0	2
124436	15 Oct 25	22:00:00	1	0	60	0	Ct	0	0	1	1	3	3	2	1	1	4	1	3	3	2	2	2	4	2	2	0	2	1	1	2	1	0	3	0	3	2	2	1	0	0
124437	15 Oct 25	22:01:00	1	0	60	0	Ct	0	0	1	3	2	4	4	0	1	1	2	2	1	4	1	2	3	3	1	0	2	1	0	3	2	0	1	1	2	9	0	2	0	0
124438	15 Oct 25	22:02:00	1	0	60	0	Ct	0	0	0	2	3	2	2	3	2	0	2	3	0	1	3	1	1	0	1	0	3	1	1	1	0	0	2	5	3	0	0	2	0	5
124439	15 Oct 25	22:03:00	1	0	60	0	Ct	0	0	0	1	3	5	0	0	1	1	1	4	1	1	3	3	2	2	2	0	2	1	8	1	1	0	3	3	1	2	0	2	0	1
124440	15 Oct 25	22:04:00	1	0	60	0	Ct	0	0	1	1	2	0	0	0	1	1	2	1	2	1	3	2	2	0	1	0	2	2	4	1	1	0	2	2	3	2	0	4	2	2
124441	15 Oct 25	22:05:00	1	0	60	0	Ct	0	0	2	0	2	7	0	4	2	2	1	2	0	1	2	1	1	3	1	0	3	1	1	2	1	0	2	2	2	6	0	1	2	1
124442	15 Oct 25	22:06:00	1	0	60	0	Ct	0	0	2	3	2	3	1	0	2	0	3	1	2	0	2	1	0	5	1	0	3	0	2	2	1	0	2	2	4	0	0	4	1	3
124443	15 Oct 25	22:07:00	1	0	60	0	Ct	0	0	0	3	2	2	1	1	1	0	2	3	2	1	3	2	4	2	0	0	2	1	6	2	1	0	2	2	2	1	0	1	2	5
124444	15 Oct 25	22:08:00	1	0	60	0	Ct	0	0	1	1	0	2	0	1	1	0	2	2	3	1	1	0	1	9	1	0	2	1	5	1	0	0	2	4	1	2	2	5	2	1
124445	15 Oct 25	22:09:00	1	0	60	0	Ct	0	0	1	0	0	2	1	10	1	1	4	3	2	0	3	9	2	3	1	0	2	2	2	3	0	0	2	2	2	1	1	2	2	3
124446	15 Oct 25	22:10:00	1	0	60	0	Ct	0	0	1	2	1	0	2	3	1	4	2	3	1	1	2	2	1	5	2	0	3	1	2	0	0	0	2	3	2	0	2	2	0	1
124447	15 Oct 25	22:11:00	1	0	60	0	Ct	0	0	1	2	2	8	4	1	1	2	1	3	0	0	1	1	0	2	2	0	2	1	2	3	0	0	1	2	2	3	1	0	6	0
124448	15 Oct 25	22:12:00	1	0	60	0	Ct	0	0	4	0	2	2	4	0	1	1	4	1	1	1	1	2	0	2	1	0	4	2	2	2	0	0	3	3	2	1	2	4	2	1
124449	15 Oct 25	22:13:00	1	0	60	0	Ct	0	0	2	3	2	0	2	1	2	0	6	0	1	0	4	0	2	2	1	0	1	2	0	0	0	0	1	2	0	2	0	1	2	3
124450	15 Oct 25	22:14:00	1	0	60	0	Ct	0	0	0	0	1	0	2	2	1	1	4	0	1	1	3	3	1	1	1	0	1	0	4	4	0	0	2	2	0	3	1	1	2	0
124451	15 Oct 25	22:15:00	1	0	60	0	Ct	0	0	0	1	2	1	1	1	1	1	2	2	2	1	3	2	3	1	2	0	0	2	3	3	0	0	2	1	0	2	2	2	1	3
124452	15 Oct 25	22:16:00	1	0	60	0	Ct	0	0	0	1	2	0	2	1	2	1	1	3	1	3	3	4	1	0	1	0	3	1	3	1	0	0	1	0	0	1	0	19	1	3
124453	15 Oct 25	22:17:00	1	0	60	0	Ct	0	0	0	2	2	7	2	0	0	0	3	1	0	1	2	2	1	0	1	0	3	1	1	3	1	0	2	2	0	1	0	3	0	4
124454	15 Oct 25	22:18:00	1	0	60	0	Ct	0	0	0	1	1	4	1	2	2	2	1	0	1	0	2	2	2	1	1	0	3	0	4	1	1	0	1	4	3	1	0	1	6	1
124455	15 Oct 25	22:19:00	1	0	60	0	Ct	0	0	1	0	0	0	2	3	1	0	2	2	2	2	2	0	0	2	0	0	2	0	1	1	1	0	2	1	1	1	1	2	1	2
124456	15 Oct 25	22:20:00	1	0	60	0	Ct	0	0	2	1	1	2	2	2	1	1	3	4	0	2	0	1	1	5	0	0	3	0	2	2	2	0	1	3	1	2	1	1	6	1
124457	15 Oct 25	22:21:00	1	0	60	0	Ct	0	0	1	1	3	0	3	2	3	0	1	2	1	2	0	1	2	2	1	0	4	2	0	2	0	0	1	3	2	2	0	3	0	0
124458	15 Oct 25	22:22:00	1	0	60	0	Ct	0	0	1	1	2	1	2	1	1	0	3	3	1	2	0	2	5	4	3	0	3	2	6	0	0	0	1	3	2	3	0	2	1	2
124459	15 Oct 25	22:23:00	1	0	60	0	Ct	0	0	0	1	2	2	6	2	2	0	3	1	1	0	0	0	4	2	1	0	4	2	3	14	3	2	5	2	1	1	0	1	2	3
124460	15 Oct 25	22:24:00	1	0	60	0	Ct	0	0	1	0	3	1	1	0	2	1	2	0	3	1	0	2	0	0	1	0	4	1	3	1	1	2	2	0	0	3	0	2	2	7
124461	15 Oct 25	22:25:00	1	0	60	0	Ct	0	0	1	0	0	0	2	1	4	1	2	2	0	2	3	0	0	0	0	0	3	2	2	2	1	0	3	1	3	1	0	1	1	0
124462	15 Oct 25	22:26:00	1	0	60	0	Ct	0	0	0	2	2	3	1	1	1	1	3	2	0	0	2	0	2	0	2	0	0	1	1	4	1	0	2	2	1	1	0	0	1	5
124463	15 Oct 25	22:27:00	1	0	60	0	Ct	0	0	1	3	1	3	3	2	1	1	2	1	1	0	3	0	1	0	3	0	4	1	1	2	1	0	2	2	3	1	0	2	1	3
124464	15 Oct 25	22:28:00	1	0	60	0	Ct	0	0	0	1	2	3	1	2	1	2	2	1	1	1	2	0	1	2	2	0	1	2	2	2	2	0	1	1	1	2	1	1	2	1
124465	15 Oct 25	22:29:00	1	0	60	0	Ct	0	0	1	2	1	6	2	4	2	2	2	0	1	1	2	3	3	3	0	0	2	1	2	1	1	0	1	0	2	1	1	2	2	3
124466	15 Oct 25	22:30:00	1	0	60	0	Ct	0	0	1	0	1	1	4	2	2	0	2	0	1	1	3	1	5	3	0	0	4	2	3	1	2	0	2	0	1	3	4	1	1	2
124467	15 Oct 25	22:31:00	1	0	60	0	Ct	0	0	1	0	8	0	3	0	3	1	2	0	1	1	2	1	2	6	1	0	4	0	2	1	0	0	1	2	3	0	1	0	2	1
124468	15 Oct 25	22:32:00	1	0	60	0	Ct	0	0	2	1	3	0	0	1	2	2	3	1	2	1	3	3	3	4	1	0	1	1	1	2	1	0	2	3	0	1	7	2	2	2
124469	15 Oct 25	22:33:00	1	0	60	0	Ct	0	0	2	2	3	0	3	1	1	2	1	5	2	1	0	2	2	4	1	0	3	1	3	4	0	0	2	1	0	1	1	1	1	0
124470	15 Oct 25	22:34:00	1	0	60	0	Ct	0	0	0	1	2	0	3	1	1	2	2	3	0	1	2	3	1	3	1	0	3	0	1	1	2	0	2	3	0	1	1	0	1	0
124471	15 Oct 25	22:35:00	1	0	60	0	Ct	0	0	2	1	6	0	1	2	1	0	1	3	0	2	1	1	0	3	2	0	3	1	3	2	0	0	1	1	0	1	0	0	3	2
124472	15 Oct 25	22:36:00	1	0	60	0	Ct	0	0	2	1	1	0	0	2	1	1	1	2	0	0	2	2	0	2	1	0	1	0	0	2	1	0	2	2	1	1	0	0	1	0
124473	15 Oct 25	22:37:00	1	0	60	0	Ct	0	0	2	3	1	0	1	1	1	1	2	3	1	4	2	1	0	0	2	0	2	7	3	2	1	0	2	2	2	1	0	1	1	2
124474	15 Oct 25	22:38:00	1	0	60	0	Ct	0	0	1	1	2	0	4	2	1	1	2	2	1	0	2	0	0	1	2	0	3	0	7	1	0	0	1	2	1	3	0	1	1	3
124475	15 Oct 25	22:39:00	1	0	60	0	Ct	0	0	1	2	1	0	2	1	3	1	2	0	2	1	1	1	0	2	2	0	2	1	2	1	2	0	2	1	2	1	2	3	0	2
124476	15 Oct 25	22:40:00	1	0	60	0	Ct	0	0	1	2	3	4	2	2	0	0	2	3	2	1	3	2	0	0	0	0	2	0	1	1	0	0	2	2	1	1	1	1	0	6
124477	15 Oct 25	22:41:00	1	0	60	0	Ct	0	0	2	2	4	0	1	1	2	1	0	3	2	0	2	2	0	0	2	0	3	1	1	2	3	0	2	6	1	1	0	1	0	0
124478	15 Oct 25	22:42:00	1	0	60	0	Ct	0	0	0	1	2	3	3	0	1	0	3	2	1	0	2	2	1	0	1	0	2	1	2	1	1	0	1	0	0	1	0	2	1	3
124479	15 Oct 25	22:43:00	1	0	60	0	Ct	0	0	1	2	2	1	0	2	1	2	1	1	2	5	2	2	2	0	1	0	1	2	2	1	0	0	0	2	1	7	2	2	2	2
124480	15 Oct 25	22:44:00	1	0	60	0	Ct	0	0	1	0	3	0	2	1	0	4	2	1	4	1	6	0	0	0	2	0	4	1	3	1	2	0	3	0	2	1	2	2	3	2
124481	15 Oct 25	22:45:00	1	0	60	0	Ct	0	0	0	3	1	5	2	1	2	2	3	0	0	1	1	1	0	0	2	0	3	1	1	1	3	0	2	4	2	4	2	2	3	0
124482	15 Oct 25	22:46:00	1	0	60	0	Ct	0	0	1	2	1	6	1	1	3	1	1	3	0	1	3	2	0	2	1	0	2	1	2	2	1	0	1	4	1	2	0	2	1	3
124483	15 Oct 25	22:47:00	1	0	60	0	Ct	0	0	1	2	4	0	2	1	3	1	4	1	1	0	1	1	0	4	1	0	2	1	5	2	1	0	1	4	1	2	1	4	1	1
124484	15 Oct 25	22:48:00	1	0	60	0	Ct	0	0	0	3	2	8	2	0	2	1	3	2	2	2	3	1	0	0	1	0	2	1	2	2	2	0	1	7	2	0	1	2	1	11
124485	15 Oct 25	22:49:00	1	0	60	0	Ct	0	0	0	1	2	1	3	1	0	0	3	0	1	0	1	1	0	0	2	0	3	2	1	1	1	0	4	2	1	1	0	1	0	2
124486	15 Oct 25	22:50:00	1	0	60	0	Ct	0	0	1	1	1	0	0	1	1	0	3	0	1	3	2	1	3	3	0	0	1	0	2	2	1	0	2	2	1	1	1	0	1	4
124487	15 Oct 25	22:51:00	1	0	60	0	Ct	0	0	0	2	2	1	1	0	3	0	1	0	0	1	1	1	2	0	1	0	2	2	1	2	1	0	1	1	3	1	0	0	1	1
124488	15 Oct 25	22:52:00	1	0	60	0	Ct	0	0	1	1	4	0	3	1	2	2	2	0	2	3	4	2	0	0	0	0	2	0	3	1	8	0	2	1	1	0	1	1	0	0
124489	15 Oct 25	22:53:00	1	0	60	0	Ct	0	0	0	0	3	0	2	1	0	2	3	0	3	0	1	2	0	0	2	0	2	0	1	3	0	0	1	3	0	0	1	1	0	1
124490	15 Oct 25	22:54:00	1	0	60	0	Ct	0	0	3	3	3	0	1	1	3	0	1	0	1	1	2	2	0	0	1	0	1	0	4	2	1	0	2	2	0	1	0	0	0	2
124491	15 Oct 25	22:55:00	1	0	60	0	Ct	0	0	1	2	1	0	2	1	4	2	3	2	0	0	1	2	4	3	2	0	1	1	4	1	1	0	2	0	0	0	1	0	6	1
124492	15 Oct 25	22:56:00	1	0	60	0	Ct	0	0	1	1	2	6	3	0	14	2	1	2	2	2	2	2	1	2	1	0	3	0	1	1	1	0	1	1	2	2	0	2	4	0
124493	15 Oct 25	22:57:00	1	0	60	0	Ct	0	0	0	0	2	1	2	2	0	0	2	0	0	1	1	4	2	0	1	0	2	1	1	3	1	0	1	2	3	1	3	1	0	2
124494	15 Oct 25	22:58:00	1	0	60	0	Ct	0	0	2	1	2	4	1	0	1	0	2	3	1	3	2	4	0	0	3	0	3	1	1	2	1	0	1	0	2	1	1	1	0	1
124495	15 Oct 25	22:59:00	1	0	60	0	Ct	0	0	3	2	2	5	1	3	1	0	4	0	2	2	2	1	0	0	1	0	2	1	2	1	1	9	5	2	1	1	0	2	0	3
124496	15 Oct 25	23:00:00	1	0	60	0	Ct	0	0	1	0	1	5	2	1	1	0	4	2	2	0	2	3	0	0	1	0	3	0	9	2	0	6	1	1	2	2	2	0	0	2
124497	15 Oct 25	23:01:00	1	0	60	0	Ct	0	0	1	0	1	4	2	1	0	0	4	0	1	0	1	2	1	0	1	0	3	1	3	2	1	1	3	4	2	1	1	1	1	0
124498	15 Oct 25	23:02:00	1	0	60	0	Ct	0	0	1	0	1	0	2	1	1	0	3	0	1	2	1	2	1	2	0	0	2	1	3	1	2	0	1	1	1	1	0	1	0	2
124499	15 Oct 25	23:03:00	1	0	60	0	Ct	0	0	0	0	3	1	1	1	0	0	2	0	1	0	3	0	0	4	1	0	0	0	2	0	1	2	1	2	1	3	0	2	3	2
124500	15 Oct 25	23:04:00	1	0	60	0	Ct	0	0	1	0	0	0	1	0	0	0	1	0	2	0	3	1	1	5	1	0	2	1	1	1	1	0	1	2	1	1	0	1	0	4
124501	15 Oct 25	23:05:00	1	0	60	0	Ct	0	0	1	0	2	1	2	1	0	0	1	0	1	0	2	2	3	0	1	0	2	2	2	1	1	0	2	2	2	0	0	3	0	2
124502	15 Oct 25	23:06:00	1	0	60	0	Ct	0	0	1	2	2	3	1	2	0	0	3	0	1	1	1	2	0	2	1	0	4	1	1	2	0	0	2	2	2	2	1	4	0	2
124503	15 Oct 25	23:07:00	1	0	60	0	Ct	0	0	1	2	1	4	1	4	0	2	3	0	0	0	4	1	0	0	4	0	3	4	2	2	0	0	1	3	2	1	1	1	0	0
124504	15 Oct 25	23:08:00	1	0	60	0	Ct	0	0	1	2	1	0	2	1	0	1	2	0	1	1	3	0	2	0	1	0	3	0	2	1	0	0	1	1	0	1	2	2	0	0
124505	15 Oct 25	23:09:00	1	0	60	0	Ct	0	0	1	2	4	3	2	0	0	0	2	0	0	0	2	2	1	0	1	0	2	2	0	4	2	0	1	2	1	1	0	1	2	0
124506	15 Oct 25	23:10:00	1	0	60	0	Ct	0	0	1	1	2	0	2	0	0	2	2	0	0	0	2	2	0	0	1	0	3	0	2	2	1	0	1	3	0	1	0	2	2	3
124507	15 Oct 25	23:11:00	1	0	60	0	Ct	0	0	1	1	2	0	3	1	0	1	2	2	3	1	3	1	2	0	2	0	1	3	1	2	1	0	1	1	0	1	3	2	4	6
124508	15 Oct 25	23:12:00	1	0	60	0	Ct	0	0	1	2	1	0	2	2	0	2	1	0	1	1	2	0	1	0	0	0	3	0	2	1	1	0	1	0	1	1	1	0	1	6
124509	15 Oct 25	23:13:00	1	0	60	0	Ct	0	0	0	3	5	0	6	1	0	1	2	2	1	2	2	0	1	0	2	0	2	0	2	0	0	0	1	2	2	2	1	1	2	4
124510	15 Oct 25	23:14:00	1	0	60	0	Ct	0	0	0	2	0	0	1	0	0	1	2	1	1	0	1	3	1	0	0	0	3	0	2	4	0	0	1	1	0	1	3	2	1	2
124511	15 Oct 25	23:15:00	1	0	60	0	Ct	0	0	1	1	0	0	1	3	0	1	2	0	0	2	4	2	1	5	2	0	2	0	0	2	0	0	1	2	0	1	0	1	2	2
124512	15 Oct 25	23:16:00	1	0	60	0	Ct	0	0	1	1	2	1	1	1	0	0	1	0	0	0	1	1	1	1	2	0	3	0	0	2	0	0	1	1	3	1	2	2	0	3
124513	15 Oct 25	23:17:00	1	0	60	0	Ct	0	0	1	1	2	2	2	1	0	0	1	0	1	0	2	4	1	2	1	0	3	1	0	0	0	0	0	2	2	2	1	1	1	0
124514	15 Oct 25	23:18:00	1	0	60	0	Ct	0	0	1	1	8	3	2	0	0	1	2	0	0	0	2	0	3	0	2	0	3	1	0	4	5	0	1	2	5	1	0	0	2	1
124515	15 Oct 25	23:19:00	1	0	60	0	Ct	0	0	0	2	8	0	3	0	0	2	2	0	0	3	3	0	1	0	1	0	2	0	0	1	1	0	3	3	2	0	2	0	2	2
124516	15 Oct 25	23:20:00	1	0	60	0	Ct	0	0	1	2	1	2	2	0	0	1	2	0	0	2	2	1	1	2	1	0	4	2	1	2	1	0	1	1	3	0	0	0	0	2
124517	15 Oct 25	23:21:00	1	0	60	0	Ct	0	0	1	1	1	1	1	1	0	0	2	0	0	1	0	2	2	2	0	0	3	1	2	0	2	0	2	0	3	1	0	0	0	3
124518	15 Oct 25	23:22:00	1	0	60	0	Ct	0	0	1	0	2	0	2	2	0	0	1	0	2	0	1	2	0	0	2	0	4	1	1	1	0	0	2	2	3	0	1	0	0	2
124519	15 Oct 25	23:23:00	1	0	60	0	Ct	0	0	0	0	1	1	1	1	0	0	1	0	1	0	2	1	0	0	3	0	1	0	0	1	1	0	1	2	4	1	0	0	0	1
124520	15 Oct 25	23:24:00	1	0	60	0	Ct	0	0	0	2	1	4	0	1	0	1	0	0	4	0	4	5	0	0	4	0	0	0	0	1	1	0	2	2	1	1	0	1	0	1
124521	15 Oct 25	23:25:00	1	0	60	0	Ct	0	0	0	3	0	1	2	1	0	1	0	0	0	2	5	1	0	0	1	0	0	0	4	2	1	0	0	1	1	1	0	2	0	1
124522	15 Oct 25	23:26:00	1	0	60	0	Ct	0	0	1	1	3	5	2	2	0	0	1	1	2	1	3	2	2	0	1	0	2	0	2	0	1	0	0	1	0	0	1	0	0	0
124523	15 Oct 25	23:27:00	1	0	60	0	Ct	0	0	1	1	0	1	3	3	0	2	1	0	1	1	4	1	1	0	1	0	3	0	4	1	0	0	2	1	0	0	2	3	0	3
124524	15 Oct 25	23:28:00	1	0	60	0	Ct	0	0	0	2	2	5	1	1	0	0	2	0	2	1	3	1	2	0	2	0	2	1	8	0	1	0	1	2	1	2	1	1	0	2
124525	15 Oct 25	23:29:00	1	0	60	0	Ct	0	0	1	1	5	1	2	1	0	0	3	0	2	3	2	1	0	2	1	0	3	1	2	2	1	0	2	2	3	2	0	3	0	2
124526	15 Oct 25	23:30:00	1	0	60	0	Ct	0	0	1	1	1	20	2	3	0	1	2	0	2	1	3	2	0	7	2	0	2	2	2	2	0	0	2	1	1	2	1	2	0	2
124527	15 Oct 25	23:31:00	1	0	60	0	Ct	0	0	1	1	2	7	2	1	0	2	2	0	2	1	3	3	0	2	1	0	4	1	3	2	1	0	1	2	2	1	1	0	0	2
124528	15 Oct 25	23:32:00	1	0	60	0	Ct	0	0	1	0	0	0	1	2	0	1	2	0	0	1	3	2	0	0	0	0	4	3	2	2	1	0	0	2	2	2	0	3	0	3
124529	15 Oct 25	23:33:00	1	0	60	0	Ct	0	0	0	0	2	0	3	0	0	2	1	0	0	3	2	0	0	5	1	0	3	1	1	1	1	0	1	16	3	1	0	2	2	1
124530	15 Oct 25	23:34:00	1	0	60	0	Ct	0	0	0	0	2	5	3	0	0	1	1	0	0	1	3	2	0	2	1	0	4	3	0	1	1	0	3	19	0	1	2	0	0	0
124531	15 Oct 25	23:35:00	1	0	60	0	Ct	0	0	1	1	1	4	2	0	0	0	1	0	1	1	3	2	0	0	1	0	2	0	3	2	1	0	2	1	3	2	0	2	2	1
124532	15 Oct 25	23:36:00	1	0	60	0	Ct	0	0	1	0	5	1	2	0	0	1	0	0	2	2	3	1	0	0	1	0	3	2	1	0	2	0	3	2	4	2	1	0	2	0
124533	15 Oct 25	23:37:00	1	0	60	0	Ct	0	0	1	1	1	0	2	3	0	1	2	0	0	0	4	1	0	0	6	0	1	1	1	3	1	0	2	2	2	3	0	2	1	0
124534	15 Oct 25	23:38:00	1	0	60	0	Ct	0	0	1	0	4	0	1	4	0	0	2	1	2	0	5	3	0	0	8	0	0	1	2	2	0	0	1	2	1	2	1	4	2	0
124535	15 Oct 25	23:39:00	1	0	60	0	Ct	0	0	0	0	5	0	1	2	0	0	3	1	1	1	3	1	0	0	1	0	1	4	0	0	0	0	1	1	0	1	0	1	1	2
124536	15 Oct 25	23:40:00	1	0	60	0	Ct	0	0	3	0	2	0	1	1	0	0	2	0	1	0	3	1	0	0	1	0	1	1	0	1	1	0	2	0	1	1	0	3	2	1
124537	15 Oct 25	23:41:00	1	0	60	0	Ct	0	0	1	0	9	0	3	6	0	0	1	0	1	4	1	1	0	0	1	0	4	3	2	0	1	0	2	0	2	0	0	1	4	2
124538	15 Oct 25	23:42:00	1	0	60	0	Ct	0	0	0	0	15	0	2	3	0	0	2	0	1	1	3	0	0	0	0	0	3	1	1	1	0	0	1	2	1	0	0	3	0	0
124539	15 Oct 25	23:43:00	1	0	60	0	Ct	0	0	0	0	2	2	3	1	0	0	6	0	1	2	3	2	0	0	5	0	3	1	2	3	0	0	0	1	0	3	0	1	0	1
124540	15 Oct 25	23:44:00	1	0	60	0	Ct	0	0	0	1	1	3	2	1	0	0	2	0	0	1	1	3	0	2	1	0	1	1	1	1	1	0	1	1	0	3	0	1	1	1
124541	15 Oct 25	23:45:00	1	0	60	0	Ct	0	0	0	2	1	0	1	0	0	0	3	0	1	1	1	0	0	0	1	0	3	1	1	1	1	0	1	0	0	1	2	0	1	0
124542	15 Oct 25	23:46:00	1	0	60	0	Ct	0	0	0	2	1	0	1	1	0	0	1	0	1	1	4	0	1	0	1	0	3	1	1	2	0	0	1	1	2	3	0	0	0	2
124543	15 Oct 25	23:47:00	1	0	60	0	Ct	0	0	2	2	2	3	0	0	0	0	2	0	1	4	4	2	1	0	2	0	1	2	1	1	2	0	3	2	4	2	1	2	0	1
124544	15 Oct 25	23:48:00	1	0	60	0	Ct	0	0	1	1	2	0	7	0	0	0	1	0	3	3	3	2	2	0	1	0	2	0	1	4	0	0	1	2	2	0	0	2	0	5
124545	15 Oct 25	23:49:00	1	0	60	0	Ct	0	0	1	2	1	2	0	0	0	0	1	0	2	4	3	2	2	0	0	0	1	0	2	4	1	0	2	1	3	0	0	0	0	3
124546	15 Oct 25	23:50:00	1	0	60	0	Ct	0	0	1	0	1	2	3	1	0	0	2	0	1	3	3	1	1	0	0	0	4	0	3	2	1	0	2	2	2	0	2	3	0	0
124547	15 Oct 25	23:51:00	1	0	60	0	Ct	0	0	2	0	2	0	2	3	0	0	2	0	1	1	3	1	1	0	0	0	1	0	1	3	1	0	1	0	5	0	0	1	1	0
124548	15 Oct 25	23:52:00	1	0	60	0	Ct	0	0	0	0	0	2	0	1	0	0	1	2	2	3	2	0	0	0	1	0	2	0	1	2	1	0	2	3	1	0	1	2	2	2
124549	15 Oct 25	23:53:00	1	0	60	0	Ct	0	0	0	0	0	0	3	2	0	0	1	0	0	0	2	0	2	0	2	0	3	0	1	1	0	0	0	4	2	0	0	2	1	1
124550	15 Oct 25	23:54:00	1	0	60	0	Ct	0	0	1	0	0	2	1	1	0	0	2	0	0	2	2	0	2	2	1	0	0	0	2	2	0	0	1	1	0	0	2	1	0	1
124551	15 Oct 25	23:55:00	1	0	60	0	Ct	0	0	0	0	0	0	2	0	0	0	3	2	1	1	1	0	7	0	1	0	3	0	2	2	2	1	2	2	3	0	0	3	2	2
124552	15 Oct 25	23:56:00	1	0	60	0	Ct	0	0	0	0	1	0	1	0	0	0	1	0	2	2	3	11	1	0	0	0	2	0	1	2	0	0	1	2	3	0	0	2	2	1
124553	15 Oct 25	23:57:00	1	0	60	0	Ct	0	0	0	0	1	0	2	4	0	2	2	0	4	2	3	2	6	0	0	0	1	0	3	0	11	0	1	1	3	0	4	2	0	1
124554	15 Oct 25	23:58:00	1	0	60	0	Ct	0	0	0	0	0	0	3	0	0	0	0	0	0	1	3	3	1	0	0	0	0	1	0	2	0	1	2	11	2	0	2	0	0	0
124555	15 Oct 25	23:59:00	1	0	60	0	Ct	0	0	0	0	0	0	1	0	0	0	2	0	0	1	2	0	0	0	2	0	0	1	0	1	2	0	0	1	2	0	1	2	0	3
124556	16 Oct 25	00:00:00	1	0	60	0	Ct	0	0	0	0	0	0	4	0	0	0	0	0	2	0	2	2	2	0	2	0	8	0	0	2	0	1	2	0	2	0	2	0	0	0
124557	16 Oct 25	00:01:00	1	0	60	0	Ct	0	0	0	0	0	0	1	0	0	1	1	0	1	0	3	0	1	0	1	0	0	0	0	1	1	0	1	1	1	0	0	0	0	3
124558	16 Oct 25	00:02:00	1	0	60	0	Ct	0	0	0	0	0	0	0	0	0	1	0	0	0	3	2	1	0	0	1	0	0	0	0	0	0	0	1	1	3	0	1	1	0	2
124559	16 Oct 25	00:03:00	1	0	60	0	Ct	0	0	0	2	0	0	2	0	0	0	2	0	0	1	2	1	1	0	2	0	0	1	0	1	1	0	0	3	4	0	0	0	1	1
124560	16 Oct 25	00:04:00	1	0	60	0	Ct	0	0	1	0	0	0	2	0	0	0	0	0	0	2	2	0	0	0	3	0	0	2	0	1	0	0	0	20	2	0	2	0	2	2
124561	16 Oct 25	00:05:00	1	0	60	0	Ct	0	0	1	0	0	2	2	0	0	1	0	0	0	1	2	1	0	1	15	0	0	3	0	1	0	0	1	7	2	0	0	2	0	2
124562	16 Oct 25	00:06:00	1	0	60	0	Ct	0	0	2	0	0	0	3	0	0	2	0	0	1	1	1	0	0	0	28	0	2	0	0	1	0	0	1	8	3	0	1	0	0	2
124563	16 Oct 25	00:07:00	1	0	60	0	Ct	0	0	2	0	0	0	1	0	0	0	2	0	2	0	1	1	4	0	2	0	1	0	0	1	1	0	2	0	0	0	0	0	0	2
124564	16 Oct 25	00:08:00	1	0	60	0	Ct	0	0	0	2	0	0	2	0	0	0	0	0	0	3	1	0	1	0	0	0	0	0	0	5	0	0	0	0	3	0	0	0	0	0
124565	16 Oct 25	00:09:00	1	0	60	0	Ct	0	0	0	2	0	0	2	0	0	0	0	0	1	1	2	0	1	0	0	0	0	0	0	2	0	0	1	2	8	0	0	2	0	1
124566	16 Oct 25	00:10:00	1	0	60	0	Ct	0	0	1	1	0	0	1	0	0	0	0	0	0	1	4	0	1	0	2	0	0	0	0	0	7	0	3	26	1	0	0	3	0	0
124567	16 Oct 25	00:11:00	1	0	60	0	Ct	0	0	3	3	0	0	2	0	0	0	0	0	0	1	3	0	0	0	2	0	0	0	0	1	4	0	0	4	2	0	0	0	0	0
124568	16 Oct 25	00:12:00	1	0	60	0	Ct	0	0	1	0	0	0	4	0	0	1	0	0	1	0	4	0	2	0	0	0	0	0	0	0	1	5	0	0	2	0	1	3	0	0
124569	16 Oct 25	00:13:00	1	0	60	0	Ct	0	0	0	0	0	1	2	0	0	2	0	0	1	1	3	0	3	0	0	0	1	0	0	0	2	0	0	0	2	0	0	0	0	2
124570	16 Oct 25	00:14:00	1	0	60	0	Ct	0	0	0	0	0	0	3	0	0	1	0	0	1	0	1	0	3	0	0	0	1	0	0	0	0	0	1	0	1	5	6	3	2	0
124571	16 Oct 25	00:15:00	1	0	60	0	Ct	0	0	1	0	2	0	2	0	0	2	2	0	0	2	0	0	1	0	0	0	0	0	0	0	0	0	1	0	1	0	0	1	0	0
124572	16 Oct 25	00:16:00	1	0	60	0	Ct	0	0	1	0	0	0	1	0	0	1	4	0	1	0	2	0	0	0	0	0	0	0	0	0	0	0	2	0	1	0	0	0	0	0
124573	16 Oct 25	00:17:00	1	0	60	0	Ct	0	0	0	0	0	0	3	0	0	2	2	0	0	2	0	0	0	0	0	0	0	0	2	2	1	0	2	0	2	0	0	0	0	0
124574	16 Oct 25	00:18:00	1	0	60	0	Ct	0	0	0	0	0	6	1	0	0	1	2	0	0	1	0	0	0	0	0	0	0	0	0	1	0	0	1	0	2	0	1	0	0	1
124575	16 Oct 25	00:19:00	1	0	60	0	Ct	0	0	0	0	0	5	1	0	0	0	2	0	2	1	1	0	0	0	0	0	0	0	3	2	2	0	1	0	4	3	0	0	0	7
124576	16 Oct 25	00:20:00	1	0	60	0	Ct	0	0	0	0	0	16	2	0	0	0	2	2	1	0	0	0	0	0	0	0	1	0	0	2	0	0	0	0	4	0	2	0	0	3
124577	16 Oct 25	00:21:00	1	0	60	0	Ct	0	0	1	0	0	13	2	0	0	0	1	2	4	2	0	0	0	0	2	0	0	2	0	2	0	0	1	0	1	1	0	2	0	0
124578	16 Oct 25	00:22:00	1	0	60	0	Ct	0	0	1	2	0	16	4	0	0	0	2	0	0	0	0	0	0	2	2	0	0	1	0	0	2	0	1	0	1	0	0	4	0	2
124579	16 Oct 25	00:23:00	1	0	60	0	Ct	0	0	0	1	0	7	1	0	0	0	3	0	0	0	0	0	0	0	0	0	0	2	0	1	0	0	2	0	0	3	2	0	0	1
124580	16 Oct 25	00:24:00	1	0	60	0	Ct	0	0	0	1	0	1	1	0	0	0	3	0	0	2	0	0	0	0	2	0	0	0	0	2	0	0	2	0	0	2	1	0	0	0
124581	16 Oct 25	00:25:00	1	0	60	0	Ct	0	0	0	0	0	0	2	0	0	0	3	0	0	1	0	0	0	0	2	0	2	2	0	1	0	0	1	0	0	0	0	0	0	1
124582	16 Oct 25	00:26:00	1	0	60	0	Ct	0	0	0	0	0	0	2	0	0	0	3	0	1	1	0	0	0	0	0	0	0	0	0	1	0	0	1	0	0	0	0	1	0	0
124583	16 Oct 25	00:27:00	1	0	60	0	Ct	0	0	0	0	0	0	0	0	0	0	5	0	2	1	0	0	0	2	0	0	0	0	0	2	0	0	2	0	1	0	0	3	0	0
124584	16 Oct 25	00:28:00	1	0	60	0	Ct	0	0	0	0	0	0	2	0	0	0	5	0	1	1	0	0	0	0	0	0	0	0	0	0	0	0	0	0	1	2	0	2	0	1
124585	16 Oct 25	00:29:00	1	0	60	0	Ct	0	0	0	0	0	1	2	0	0	0	4	0	1	1	0	0	0	0	0	0	0	0	0	0	0	0	0	0	0	1	0	1	0	2
124586	16 Oct 25	00:30:00	1	0	60	0	Ct	0	0	0	2	0	11	3	0	0	0	3	0	0	1	0	4	0	4	0	0	0	0	0	0	0	0	0	0	0	0	0	2	0	1
124587	16 Oct 25	00:31:00	1	0	60	0	Ct	0	0	0	2	0	11	2	0	0	0	1	0	0	1	0	0	0	2	0	0	0	0	0	0	1	0	0	0	0	0	0	0	0	3
124588	16 Oct 25	00:32:00	1	0	60	0	Ct	0	0	0	0	0	30	1	0	0	0	3	0	2	1	0	0	0	2	2	0	0	0	0	1	0	0	1	0	0	2	0	0	0	2
124589	16 Oct 25	00:33:00	1	0	60	0	Ct	0	0	0	1	0	25	3	0	0	0	3	0	3	1	0	0	0	0	0	0	0	0	0	3	2	0	6	0	0	3	0	1	0	0
124590	16 Oct 25	00:34:00	1	0	60	0	Ct	0	0	0	1	0	23	3	0	0	0	2	0	1	2	0	0	0	0	0	0	2	0	0	3	4	0	0	0	3	2	0	0	0	1
124591	16 Oct 25	00:35:00	1	0	60	0	Ct	0	0	0	0	0	3	3	0	0	0	1	0	2	0	0	0	0	0	2	0	0	0	0	2	2	0	0	0	0	1	0	1	0	1
124592	16 Oct 25	00:36:00	1	0	60	0	Ct	0	0	0	0	1	3	2	0	0	0	2	0	2	2	0	0	0	0	0	0	0	0	0	1	0	0	0	0	0	2	0	0	0	4
124593	16 Oct 25	00:37:00	1	0	60	0	Ct	0	0	0	0	0	0	1	0	0	0	2	0	0	1	0	0	0	0	0	0	4	0	0	3	0	0	0	0	0	0	0	1	0	3
124594	16 Oct 25	00:38:00	1	0	60	0	Ct	0	0	0	1	0	3	3	0	0	0	3	0	8	0	0	0	1	0	0	0	1	0	0	2	0	0	0	0	0	0	0	0	0	0
124595	16 Oct 25	00:39:00	1	0	60	0	Ct	0	0	0	2	0	1	1	0	0	0	0	0	10	0	0	0	1	0	0	0	1	0	0	2	0	0	0	0	0	2	0	0	0	2
124596	16 Oct 25	00:40:00	1	0	60	0	Ct	0	0	0	0	0	1	3	0	0	0	3	0	4	0	0	0	0	0	0	0	4	0	0	2	0	0	0	0	0	2	0	0	0	0
124597	16 Oct 25	00:41:00	1	0	60	0	Ct	0	0	0	0	0	2	2	0	0	0	2	0	5	0	0	0	0	0	0	0	0	0	0	0	0	0	0	0	0	3	0	1	0	3
124598	16 Oct 25	00:42:00	1	0	60	0	Ct	0	0	0	0	0	3	1	0	0	0	3	0	5	1	0	0	0	0	0	0	0	0	0	1	0	0	0	0	0	2	0	2	0	1
124599	16 Oct 25	00:43:00	1	0	60	0	Ct	0	0	0	0	0	0	1	0	0	0	1	0	3	3	0	0	1	0	0	0	0	0	0	1	0	0	0	0	0	2	0	1	0	1
124600	16 Oct 25	00:44:00	1	0	60	0	Ct	0	0	0	0	0	2	1	0	0	0	2	1	2	1	0	0	1	0	3	0	0	0	0	2	0	0	2	0	0	1	0	2	0	2
124601	16 Oct 25	00:45:00	1	0	60	0	Ct	0	0	0	0	0	1	2	0	0	0	2	0	5	2	0	0	4	0	1	0	0	1	0	1	0	0	0	0	0	1	0	1	0	1
124602	16 Oct 25	00:46:00	1	0	60	0	Ct	0	0	0	0	0	2	2	0	0	0	2	0	4	8	0	0	1	1	1	0	0	2	0	1	0	0	0	0	0	3	1	1	0	2
124603	16 Oct 25	00:47:00	1	0	60	0	Ct	0	0	0	0	0	2	2	0	0	0	1	0	2	1	0	0	0	0	2	0	0	3	0	0	1	0	0	0	0	2	0	0	0	1
124604	16 Oct 25	00:48:00	1	0	60	0	Ct	0	0	0	0	0	1	2	0	0	0	1	0	3	2	0	0	1	0	3	0	0	5	0	1	0	0	0	0	0	2	0	0	0	2
124605	16 Oct 25	00:49:00	1	0	60	0	Ct	0	0	0	1	0	0	0	0	0	0	3	0	2	0	0	0	1	0	0	0	0	2	0	2	2	0	0	0	0	0	0	0	0	0
124606	16 Oct 25	00:50:00	1	0	60	0	Ct	0	0	0	2	0	0	2	0	0	0	1	0	2	1	0	0	1	0	0	0	0	1	2	0	0	0	0	0	0	2	0	0	0	0
124607	16 Oct 25	00:51:00	1	0	60	0	Ct	0	0	0	0	0	0	1	0	0	0	2	2	2	2	0	0	3	0	0	0	0	4	1	2	0	0	0	0	0	11	0	1	0	0
124608	16 Oct 25	00:52:00	1	0	60	0	Ct	0	0	0	0	0	8	2	0	0	0	3	0	2	1	0	0	1	0	0	0	0	3	2	2	0	0	0	0	0	1	0	0	0	0
124609	16 Oct 25	00:53:00	1	0	60	0	Ct	0	0	0	0	0	9	1	0	0	0	1	6	3	2	0	0	0	2	0	0	0	1	0	2	0	0	0	0	0	3	0	1	0	0
124610	16 Oct 25	00:54:00	1	0	60	0	Ct	0	0	0	0	0	0	2	0	0	0	1	0	1	0	0	0	0	0	0	0	0	2	0	2	4	1	0	0	0	3	0	0	0	0
124611	16 Oct 25	00:55:00	1	0	60	0	Ct	0	0	1	0	0	0	3	0	0	0	2	0	3	4	0	0	0	0	0	0	0	1	0	3	0	1	0	0	0	1	0	2	0	1
124612	16 Oct 25	00:56:00	1	0	60	0	Ct	0	0	1	0	0	0	1	0	0	0	5	0	1	1	0	0	0	0	4	0	1	2	0	2	5	0	0	0	0	1	0	1	0	1
124613	16 Oct 25	00:57:00	1	0	60	0	Ct	0	0	2	0	0	3	1	0	0	0	2	0	2	3	0	0	0	0	0	0	1	1	0	1	3	0	0	0	0	1	0	0	0	3
124614	16 Oct 25	00:58:00	1	0	60	0	Ct	0	0	2	0	0	4	0	0	0	0	1	0	4	0	0	0	0	0	0	0	0	2	0	2	2	2	0	0	0	2	0	0	0	1
124615	16 Oct 25	00:59:00	1	0	60	0	Ct	0	0	0	0	0	0	1	0	0	0	2	0	2	1	0	0	0	0	0	0	0	2	0	1	0	0	0	0	3	1	0	1	0	2
124616	16 Oct 25	01:00:00	1	0	60	0	Ct	0	0	0	0	0	0	1	0	0	0	2	0	3	1	0	0	0	0	0	0	0	1	0	2	2	0	0	0	4	0	1	0	0	1
124617	16 Oct 25	01:01:00	1	0	60	0	Ct	0	0	3	0	0	7	1	0	0	0	2	0	0	1	0	0	0	0	0	0	0	1	1	2	2	0	0	0	1	0	3	2	0	1
124618	16 Oct 25	01:02:00	1	0	60	0	Ct	0	0	1	0	0	5	2	0	0	0	3	0	1	2	0	0	0	0	0	0	0	1	2	1	1	1	0	0	3	3	0	1	0	0
124619	16 Oct 25	01:03:00	1	0	60	0	Ct	0	0	0	0	0	6	1	0	0	0	1	0	1	0	0	0	0	0	0	0	0	1	1	5	2	0	0	0	3	4	2	1	0	4
124620	16 Oct 25	01:04:00	1	0	60	0	Ct	0	0	0	0	0	5	2	0	0	0	2	1	0	3	0	0	0	0	0	0	0	1	0	13	1	2	0	0	3	1	0	0	0	1
124621	16 Oct 25	01:05:00	1	0	60	0	Ct	0	0	0	0	0	2	0	0	0	0	2	1	0	0	0	0	0	0	0	0	0	1	2	3	3	0	0	0	2	1	2	3	0	1
124622	16 Oct 25	01:06:00	1	0	60	0	Ct	0	0	0	0	0	4	2	0	0	0	2	0	0	0	0	0	0	0	0	0	0	1	2	1	1	0	0	0	3	0	1	2	0	1
124623	16 Oct 25	01:07:00	1	0	60	0	Ct	0	0	0	0	0	1	0	0	0	0	2	0	4	0	0	0	0	0	0	0	0	1	4	1	1	0	0	0	2	0	0	1	0	0
124624	16 Oct 25	01:08:00	1	0	60	0	Ct	0	0	0	0	0	0	0	0	0	0	1	0	4	0	0	0	0	0	0	0	0	1	1	0	2	0	0	0	3	0	2	2	0	1
124625	16 Oct 25	01:09:00	1	0	60	0	Ct	0	0	0	0	0	0	0	0	0	0	1	0	3	0	0	0	0	0	0	0	0	1	6	0	2	0	0	0	3	0	1	1	0	0
124626	16 Oct 25	01:10:00	1	0	60	0	Ct	0	0	0	0	0	0	0	0	0	0	0	0	1	0	0	0	1	0	0	0	0	0	1	0	2	0	0	0	5	0	2	3	0	0
124627	16 Oct 25	01:11:00	1	0	60	0	Ct	0	0	0	0	0	0	0	0	0	1	0	0	0	0	0	0	0	0	0	0	0	2	5	1	1	0	0	0	2	0	2	13	0	0
124628	16 Oct 25	01:12:00	1	0	60	0	Ct	0	0	0	0	0	0	0	0	0	0	2	0	2	0	0	0	4	0	0	0	0	0	2	0	1	0	2	0	0	0	1	1	0	0
124629	16 Oct 25	01:13:00	1	0	60	0	Ct	0	0	0	0	0	0	0	0	0	0	2	0	0	0	0	0	1	0	0	0	2	0	1	0	4	0	1	0	2	0	1	12	0	0
124630	16 Oct 25	01:14:00	1	0	60	0	Ct	0	0	0	0	0	0	0	0	0	0	0	0	0	3	0	0	1	0	0	0	3	0	3	0	2	0	5	0	3	0	1	8	0	0
124631	16 Oct 25	01:15:00	1	0	60	0	Ct	0	0	0	0	0	0	0	0	0	0	2	0	0	2	0	0	1	0	0	0	0	1	2	0	1	0	2	0	4	0	0	3	0	0
124632	16 Oct 25	01:16:00	1	0	60	0	Ct	0	0	0	0	0	0	0	0	0	0	0	0	2	4	0	0	3	0	0	0	2	1	4	0	1	0	0	0	2	0	1	1	0	0
124633	16 Oct 25	01:17:00	1	0	60	0	Ct	0	0	0	0	0	0	0	0	0	0	0	1	6	1	0	0	1	0	0	0	0	3	6	0	1	0	0	0	2	0	0	1	0	0
124634	16 Oct 25	01:18:00	1	0	60	0	Ct	0	0	0	0	0	0	0	0	0	0	2	1	0	2	0	0	5	0	4	0	2	1	1	0	2	0	0	0	2	0	0	0	0	1
124635	16 Oct 25	01:19:00	1	0	60	0	Ct	0	0	0	0	0	0	0	0	0	2	0	0	0	1	0	0	0	4	0	0	0	0	2	0	1	0	0	0	3	0	1	0	0	1
124636	16 Oct 25	01:20:00	1	0	60	0	Ct	0	0	0	0	0	0	0	0	0	0	0	0	3	0	0	0	0	2	0	0	0	1	1	0	1	0	0	0	0	0	1	0	0	1
124637	16 Oct 25	01:21:00	1	0	60	0	Ct	0	0	1	0	0	0	0	0	0	0	0	0	3	1	0	0	0	0	0	0	0	2	1	0	1	0	0	0	2	0	2	0	0	6
124638	16 Oct 25	01:22:00	1	0	60	0	Ct	0	0	2	0	0	0	0	0	0	0	0	0	2	2	0	0	0	0	0	0	0	1	2	2	0	0	0	0	2	5	1	0	0	1
124639	16 Oct 25	01:23:00	1	0	60	0	Ct	0	0	1	0	0	0	0	0	0	0	2	0	0	1	0	0	0	3	0	0	0	3	2	0	1	0	0	0	5	0	1	0	0	3
124640	16 Oct 25	01:24:00	1	0	60	0	Ct	0	0	1	0	0	0	0	0	0	0	0	0	2	1	0	0	0	0	0	0	0	1	2	0	2	0	0	0	5	0	1	2	0	1
124641	16 Oct 25	01:25:00	1	0	60	0	Ct	0	0	1	0	0	0	0	0	0	0	0	0	3	2	0	0	0	0	0	0	0	0	2	0	1	0	0	0	3	0	10	0	0	2
124642	16 Oct 25	01:26:00	1	0	60	0	Ct	0	0	1	0	0	0	0	0	0	0	0	0	4	1	0	0	0	0	0	0	0	2	0	0	1	0	4	0	2	0	8	3	0	0
124643	16 Oct 25	01:27:00	1	0	60	0	Ct	0	0	1	0	0	0	0	0	0	0	0	0	0	2	0	0	0	0	0	0	0	1	1	0	1	0	0	0	3	0	0	2	0	0
124644	16 Oct 25	01:28:00	1	0	60	0	Ct	0	0	2	0	0	0	0	0	0	0	0	0	4	0	0	0	1	0	0	0	0	1	1	0	3	0	0	0	1	0	3	0	0	1
124645	16 Oct 25	01:29:00	1	0	60	0	Ct	0	0	0	0	0	0	0	0	0	0	0	0	0	1	0	0	1	0	0	0	0	1	5	0	1	0	0	0	3	2	1	0	0	1
124646	16 Oct 25	01:30:00	1	0	60	0	Ct	0	0	2	0	0	0	0	0	0	0	0	0	0	1	0	0	2	0	1	0	0	1	0	0	2	0	0	0	1	0	0	1	0	0
124647	16 Oct 25	01:31:00	1	0	60	0	Ct	0	0	0	0	0	0	0	0	0	0	0	0	0	0	0	0	3	0	1	0	0	1	1	0	3	0	0	0	0	0	2	11	0	2
124648	16 Oct 25	01:32:00	1	0	60	0	Ct	0	0	0	0	0	0	1	0	0	0	0	0	2	1	0	0	1	0	2	0	1	3	1	0	4	0	0	0	2	0	1	14	0	0
124649	16 Oct 25	01:33:00	1	0	60	0	Ct	0	0	0	0	0	0	0	1	0	0	0	0	0	2	0	0	1	0	0	0	0	0	3	0	0	0	1	0	2	6	1	0	0	2
124650	16 Oct 25	01:34:00	1	0	60	0	Ct	0	0	0	0	0	0	2	1	0	0	2	0	0	0	0	0	0	0	0	0	0	1	0	0	0	0	2	0	2	3	0	0	0	1
124651	16 Oct 25	01:35:00	1	0	60	0	Ct	0	0	0	0	0	0	0	2	0	0	0	0	0	0	0	0	0	0	0	0	0	1	0	0	2	0	0	0	1	3	0	0	0	2
124652	16 Oct 25	01:36:00	1	0	60	0	Ct	0	0	0	0	0	0	0	0	0	0	0	0	0	1	0	0	1	0	1	0	0	0	0	0	0	0	0	0	2	1	0	2	0	3
124653	16 Oct 25	01:37:00	1	0	60	0	Ct	0	0	0	0	0	0	0	0	0	0	0	0	3	0	0	0	0	0	0	0	0	2	0	0	0	0	0	0	1	1	0	1	0	1
124654	16 Oct 25	01:38:00	1	0	60	0	Ct	0	0	0	0	0	0	0	0	0	0	0	0	1	1	0	0	0	0	0	0	0	1	0	0	0	0	0	0	2	1	0	1	0	1
124655	16 Oct 25	01:39:00	1	0	60	0	Ct	0	0	0	0	0	0	0	0	0	0	0	0	1	2	0	0	0	0	0	0	0	2	0	0	0	0	0	0	1	0	2	3	0	1
124656	16 Oct 25	01:40:00	1	0	60	0	Ct	0	0	0	0	0	0	0	0	0	0	3	2	0	1	0	0	0	0	0	0	0	2	0	0	0	0	0	0	2	1	0	1	0	3
124657	16 Oct 25	01:41:00	1	0	60	0	Ct	0	0	0	0	0	0	0	2	0	0	3	0	3	1	0	0	0	0	0	0	0	1	0	2	0	0	0	0	2	2	0	0	0	1
124658	16 Oct 25	01:42:00	1	0	60	0	Ct	0	0	0	0	0	0	0	0	0	0	2	0	2	1	0	0	0	0	0	0	0	1	0	0	0	0	0	0	2	1	0	3	0	6
124659	16 Oct 25	01:43:00	1	0	60	0	Ct	0	0	0	0	0	0	0	2	0	0	2	0	0	1	0	0	0	0	0	0	0	0	0	0	3	0	0	0	1	2	0	1	0	3
124660	16 Oct 25	01:44:00	1	0	60	0	Ct	0	0	0	0	0	0	0	0	0	0	2	0	0	0	0	0	0	0	0	0	0	2	0	0	1	0	0	0	2	1	0	3	0	0
124661	16 Oct 25	01:45:00	1	0	60	0	Ct	0	0	0	0	0	0	0	0	0	0	2	0	0	0	0	0	0	0	0	0	1	1	0	0	1	0	0	0	1	1	0	0	0	1
124662	16 Oct 25	01:46:00	1	0	60	0	Ct	0	0	0	0	0	0	0	0	0	0	3	0	0	1	0	0	0	0	0	0	1	1	0	0	2	0	0	0	0	0	1	1	0	2
124663	16 Oct 25	01:47:00	1	0	60	0	Ct	0	0	0	0	0	0	0	0	0	0	3	0	0	0	0	0	0	0	0	0	0	1	0	0	1	0	0	0	0	0	0	1	0	2
124664	16 Oct 25	01:48:00	1	0	60	0	Ct	0	0	0	0	0	0	0	0	0	0	3	0	0	0	0	0	0	0	0	0	0	1	0	0	0	0	0	0	17	0	0	10	0	0
124665	16 Oct 25	01:49:00	1	0	60	0	Ct	0	0	0	0	0	0	0	0	0	0	2	0	0	1	0	0	0	0	0	0	0	0	0	0	2	0	0	0	4	0	0	1	0	1
124666	16 Oct 25	01:50:00	1	0	60	0	Ct	0	0	0	0	0	0	0	0	0	0	2	0	0	2	0	0	0	0	0	0	0	1	0	0	2	0	0	0	0	0	0	1	0	4
124667	16 Oct 25	01:51:00	1	0	60	0	Ct	0	0	0	0	0	0	0	0	0	0	1	0	0	0	0	0	0	0	0	0	0	1	0	0	1	0	0	0	0	0	0	0	0	2
124668	16 Oct 25	01:52:00	1	0	60	0	Ct	0	0	0	0	0	0	0	0	0	0	4	0	3	1	0	0	0	0	0	0	0	0	0	0	0	0	0	0	0	0	0	0	0	0
124669	16 Oct 25	01:53:00	1	0	60	0	Ct	0	0	0	0	0	0	0	0	0	0	1	0	4	0	0	0	3	0	0	0	0	2	0	0	0	0	0	0	0	0	0	0	0	0
124670	16 Oct 25	01:54:00	1	0	60	0	Ct	0	0	0	0	0	0	0	0	0	0	2	0	2	1	0	0	0	0	0	0	0	0	0	0	1	0	0	0	0	0	0	0	0	2
124671	16 Oct 25	01:55:00	1	0	60	0	Ct	0	0	2	0	0	0	0	0	0	0	0	0	6	2	0	0	0	0	0	0	0	0	0	0	1	0	0	0	0	3	0	0	0	3
124672	16 Oct 25	01:56:00	1	0	60	0	Ct	0	0	3	0	0	0	0	0	0	0	2	0	1	1	0	0	1	0	0	0	0	0	0	0	1	0	2	0	0	2	0	0	0	1
124673	16 Oct 25	01:57:00	1	0	60	0	Ct	0	0	1	0	0	0	0	2	0	0	2	0	4	2	0	0	3	0	0	0	0	0	0	0	1	0	1	0	0	3	0	0	0	1
124674	16 Oct 25	01:58:00	1	0	60	0	Ct	0	0	0	0	0	0	0	2	0	0	1	0	4	0	0	0	1	0	0	0	0	0	0	0	2	0	1	0	0	1	0	0	0	0
124675	16 Oct 25	01:59:00	1	0	60	0	Ct	0	0	25	0	0	0	0	4	0	0	2	0	3	0	0	0	2	0	1	0	0	0	0	0	1	0	0	0	0	0	0	0	0	2
124676	16 Oct 25	02:00:00	1	0	60	0	Ct	0	0	1	0	0	0	0	3	0	0	2	0	2	0	0	0	0	0	0	0	0	1	0	0	1	0	0	0	0	0	0	0	0	1
124677	16 Oct 25	02:01:00	1	0	60	0	Ct	0	0	1	0	0	0	0	3	0	0	1	0	3	2	0	0	1	0	0	0	0	11	3	0	0	0	0	0	0	0	0	2	0	4
124678	16 Oct 25	02:02:00	1	0	60	0	Ct	0	0	0	0	0	2	0	3	0	0	1	0	6	2	0	0	2	0	0	0	0	0	2	0	0	0	0	0	0	1	0	2	0	2
124679	16 Oct 25	02:03:00	1	0	60	0	Ct	0	0	0	0	0	2	0	2	0	0	2	0	4	1	0	0	1	0	0	0	0	0	4	0	0	0	0	0	0	1	0	2	0	1
124680	16 Oct 25	02:04:00	1	0	60	0	Ct	0	0	0	0	0	4	0	0	0	0	1	0	1	2	0	0	3	0	0	0	0	0	4	0	0	0	0	0	0	1	0	1	0	0
124681	16 Oct 25	02:05:00	1	0	60	0	Ct	0	0	0	0	0	0	0	0	0	0	2	0	3	1	0	0	0	0	0	0	0	0	5	0	0	0	0	0	0	1	0	2	0	0
124682	16 Oct 25	02:06:00	1	0	60	0	Ct	0	0	2	0	0	0	0	3	0	0	1	0	1	1	0	0	1	2	2	0	0	4	3	0	0	0	0	0	0	0	0	0	0	1
124683	16 Oct 25	02:07:00	1	0	60	0	Ct	0	0	0	0	0	0	0	3	0	0	1	0	2	1	0	0	0	3	0	0	0	0	2	0	0	0	0	0	0	2	0	0	0	0
124684	16 Oct 25	02:08:00	1	0	60	0	Ct	0	0	0	0	0	1	0	1	0	0	1	0	4	1	0	0	1	2	1	0	0	0	5	0	0	0	0	0	0	1	0	0	0	0
124685	16 Oct 25	02:09:00	1	0	60	0	Ct	0	0	0	0	0	6	4	1	0	0	2	0	2	2	0	0	2	4	0	0	0	0	2	0	2	0	0	0	0	2	0	0	0	0
124686	16 Oct 25	02:10:00	1	0	60	0	Ct	0	0	0	0	0	5	0	1	0	0	1	2	2	1	0	0	0	2	0	0	2	0	2	0	1	0	0	0	0	1	0	0	0	5
124687	16 Oct 25	02:11:00	1	0	60	0	Ct	0	0	0	0	0	0	0	2	0	0	2	2	0	0	0	0	2	3	1	0	0	0	4	0	2	0	0	0	0	2	0	0	0	10
124688	16 Oct 25	02:12:00	1	0	60	0	Ct	0	0	0	0	0	3	0	0	0	0	1	0	3	2	0	0	0	4	0	0	0	0	1	0	3	0	0	0	0	1	2	2	0	3
124689	16 Oct 25	02:13:00	1	0	60	0	Ct	0	0	0	0	0	3	0	0	0	0	0	0	0	2	0	0	0	2	0	0	0	0	7	0	1	0	0	0	0	1	2	1	0	0
124690	16 Oct 25	02:14:00	1	0	60	0	Ct	0	0	0	0	0	2	0	1	0	0	0	0	1	3	0	0	0	1	0	0	0	0	2	0	2	0	0	0	0	1	2	2	0	0
124691	16 Oct 25	02:15:00	1	0	60	0	Ct	0	0	0	0	2	0	0	2	0	0	2	0	3	3	0	0	0	3	0	0	0	0	3	0	1	0	0	0	0	3	0	2	0	0
124692	16 Oct 25	02:16:00	1	0	60	0	Ct	0	0	0	0	1	0	0	5	0	0	2	2	6	1	0	0	0	3	0	0	0	0	2	3	11	0	0	0	0	0	1	0	0	1
124693	16 Oct 25	02:17:00	1	0	60	0	Ct	0	0	0	0	2	0	0	0	0	0	2	0	1	1	0	0	0	1	0	0	0	0	0	0	0	0	0	0	0	0	0	0	0	2
124694	16 Oct 25	02:18:00	1	0	60	0	Ct	0	0	0	0	0	0	0	2	0	0	1	0	0	6	0	0	0	2	0	0	0	0	2	0	2	0	0	0	0	0	1	0	0	2
124695	16 Oct 25	02:19:00	1	0	60	0	Ct	0	0	0	0	0	0	0	1	0	0	2	0	0	0	0	0	0	3	0	0	0	0	7	0	0	0	0	0	0	1	1	0	0	1
124696	16 Oct 25	02:20:00	1	0	60	0	Ct	0	0	0	0	2	0	0	2	0	0	1	0	1	1	0	0	0	2	0	0	0	0	18	0	1	0	0	0	0	24	0	0	0	3
124697	16 Oct 25	02:21:00	1	0	60	0	Ct	0	0	0	0	0	0	0	1	0	0	2	0	1	0	0	0	0	2	0	0	0	0	6	0	1	0	0	0	0	6	1	0	0	2
124698	16 Oct 25	02:22:00	1	0	60	0	Ct	0	0	0	0	0	0	0	1	0	0	1	0	1	2	0	0	0	2	0	0	0	0	2	0	1	0	0	0	0	1	2	0	0	0
124699	16 Oct 25	02:23:00	1	0	60	0	Ct	0	0	0	0	0	0	0	0	0	0	2	0	2	0	0	0	0	2	2	0	0	0	0	0	1	0	0	0	0	5	4	0	0	1
124700	16 Oct 25	02:24:00	1	0	60	0	Ct	0	0	0	0	0	0	1	0	0	0	1	0	2	1	0	0	0	2	2	0	0	1	0	0	0	0	0	0	0	0	1	0	0	3
124701	16 Oct 25	02:25:00	1	0	60	0	Ct	0	0	0	0	0	0	0	0	0	0	2	0	10	0	0	0	0	2	0	0	0	0	0	1	2	0	0	0	0	3	0	0	0	1
124702	16 Oct 25	02:26:00	1	0	60	0	Ct	0	0	0	0	0	0	0	0	0	0	1	0	3	3	0	0	0	1	0	0	0	2	0	3	1	0	0	0	0	0	3	2	0	0
124703	16 Oct 25	02:27:00	1	0	60	0	Ct	0	0	0	0	0	0	0	0	0	0	1	0	0	0	0	0	0	1	0	0	0	4	0	2	0	0	0	0	0	3	0	1	0	0
124704	16 Oct 25	02:28:00	1	0	60	0	Ct	0	0	0	0	0	0	0	0	0	0	0	0	1	2	0	0	0	1	0	0	0	0	0	6	1	0	0	0	0	0	0	0	0	2
124705	16 Oct 25	02:29:00	1	0	60	0	Ct	0	0	0	0	0	0	0	0	0	0	0	0	2	2	0	0	0	4	0	0	0	0	0	4	1	0	0	0	0	0	0	1	0	1
124706	16 Oct 25	02:30:00	1	0	60	0	Ct	0	0	0	0	0	0	2	0	0	0	0	0	1	2	0	0	0	1	0	0	0	4	0	3	0	0	0	0	0	2	0	1	0	0
124707	16 Oct 25	02:31:00	1	0	60	0	Ct	0	0	0	0	3	0	0	3	0	0	1	0	2	1	0	0	0	2	0	0	1	4	0	3	2	0	0	0	0	0	0	0	0	4
124708	16 Oct 25	02:32:00	1	0	60	0	Ct	0	0	0	0	0	0	0	2	0	0	1	0	1	0	0	0	0	2	0	0	0	1	0	2	1	0	0	0	0	3	1	1	0	1
124709	16 Oct 25	02:33:00	1	0	60	0	Ct	0	0	0	0	2	0	0	1	0	0	0	0	0	1	0	0	0	2	0	0	0	1	0	0	0	0	0	0	0	0	1	0	0	0
124710	16 Oct 25	02:34:00	1	0	60	0	Ct	0	0	0	0	3	0	0	1	0	0	3	0	0	0	0	0	0	2	0	0	0	1	0	1	0	0	0	0	0	0	1	0	0	0
124711	16 Oct 25	02:35:00	1	0	60	0	Ct	0	0	0	0	3	0	0	2	0	0	1	0	0	0	0	0	0	2	0	0	0	1	0	2	0	0	0	0	0	1	2	0	0	2
124712	16 Oct 25	02:36:00	1	0	60	0	Ct	0	0	0	0	0	12	0	4	0	0	1	0	1	1	0	0	0	3	0	0	0	1	0	2	1	0	0	0	0	1	0	0	0	0
124713	16 Oct 25	02:37:00	1	0	60	0	Ct	0	0	0	0	0	33	0	2	0	0	2	0	1	1	0	0	0	2	0	0	0	0	0	1	1	0	0	0	0	0	0	0	0	0
124714	16 Oct 25	02:38:00	1	0	60	0	Ct	0	0	2	0	2	19	0	2	0	0	3	0	1	0	0	0	0	0	0	0	0	6	0	2	1	0	0	0	0	0	0	12	0	0
124715	16 Oct 25	02:39:00	1	0	60	0	Ct	0	0	1	0	0	1	0	0	0	0	3	0	6	3	0	0	0	2	0	0	0	3	0	2	1	0	0	0	2	2	1	13	0	0
124716	16 Oct 25	02:40:00	1	0	60	0	Ct	0	0	0	0	1	4	1	0	0	0	1	0	3	2	0	0	0	0	0	0	0	0	0	0	2	0	0	0	2	0	2	3	0	1
124717	16 Oct 25	02:41:00	1	0	60	0	Ct	0	0	1	0	0	7	0	0	0	0	2	0	2	0	0	0	0	0	0	0	0	1	0	1	2	0	0	0	3	1	0	3	0	1
124718	16 Oct 25	02:42:00	1	0	60	0	Ct	0	0	0	0	0	1	0	0	0	0	3	0	0	0	0	0	0	0	0	0	0	3	0	2	1	0	0	0	2	0	1	0	0	2
124719	16 Oct 25	02:43:00	1	0	60	0	Ct	0	0	0	0	0	3	0	0	0	0	1	0	0	0	0	0	0	0	0	0	0	0	0	1	1	0	0	0	2	0	3	2	0	1
124720	16 Oct 25	02:44:00	1	0	60	0	Ct	0	0	2	0	0	6	4	0	0	0	2	0	0	1	0	0	0	0	0	0	0	0	0	2	0	0	0	0	2	6	1	7	0	2
124721	16 Oct 25	02:45:00	1	0	60	0	Ct	0	0	0	0	0	2	3	0	0	0	3	0	0	2	0	0	0	2	0	0	0	2	0	0	0	0	0	0	2	12	3	0	0	1
124722	16 Oct 25	02:46:00	1	0	60	0	Ct	0	0	0	0	0	1	0	0	0	0	3	0	0	1	0	0	0	2	0	0	0	3	0	3	0	0	0	0	2	1	2	0	0	7
124723	16 Oct 25	02:47:00	1	0	60	0	Ct	0	0	0	0	0	0	0	0	0	0	1	3	5	1	0	0	0	0	0	0	0	0	0	3	1	0	0	0	2	0	1	2	0	3
124724	16 Oct 25	02:48:00	1	0	60	0	Ct	0	0	0	0	0	0	0	1	0	0	0	0	0	2	0	0	0	1	3	0	0	3	0	1	0	0	0	0	2	0	0	0	0	1
124725	16 Oct 25	02:49:00	1	0	60	0	Ct	0	0	0	0	0	8	0	5	0	0	1	0	0	1	0	0	0	1	1	0	0	0	4	2	1	0	2	0	0	2	1	1	0	4
124726	16 Oct 25	02:50:00	1	0	60	0	Ct	0	0	0	0	0	2	0	1	0	0	1	0	3	2	0	0	0	2	0	0	0	3	5	1	0	0	3	0	3	0	0	4	0	1
124727	16 Oct 25	02:51:00	1	0	60	0	Ct	0	0	0	0	0	3	0	1	0	0	1	0	1	0	0	0	0	0	0	0	0	1	4	1	0	0	2	0	2	0	4	1	0	2
124728	16 Oct 25	02:52:00	1	0	60	0	Ct	0	0	0	0	0	2	0	0	0	0	3	0	3	0	0	0	0	0	0	0	0	2	2	1	0	0	2	0	1	0	1	10	0	0
124729	16 Oct 25	02:53:00	1	0	60	0	Ct	0	0	0	0	0	0	0	1	0	0	1	0	2	2	0	0	0	0	0	0	0	1	4	1	0	0	3	0	1	1	1	1	0	1
124730	16 Oct 25	02:54:00	1	0	60	0	Ct	0	0	0	0	0	4	0	1	0	0	2	0	0	0	0	0	0	0	0	0	0	0	2	2	1	0	0	0	2	0	0	3	0	1
124731	16 Oct 25	02:55:00	1	0	60	0	Ct	0	0	0	0	0	8	0	0	0	0	2	0	0	0	0	0	0	0	0	0	0	0	0	1	1	0	3	0	1	0	0	3	0	1
124732	16 Oct 25	02:56:00	1	0	60	0	Ct	0	0	0	0	0	1	0	2	0	0	4	0	0	0	0	0	0	2	0	0	0	2	7	0	1	0	3	0	2	0	0	1	0	0
124733	16 Oct 25	02:57:00	1	0	60	0	Ct	0	0	0	0	0	2	0	3	0	0	1	0	1	0	0	0	0	2	0	0	0	0	2	0	0	0	0	0	0	0	0	0	0	0
124734	16 Oct 25	02:58:00	1	0	60	0	Ct	0	0	0	0	0	0	0	0	0	0	2	0	2	0	0	0	0	0	0	0	0	2	2	2	1	0	0	0	0	5	0	0	0	1
124735	16 Oct 25	02:59:00	1	0	60	0	Ct	0	0	0	1	0	0	0	0	0	0	1	0	3	2	0	0	0	0	0	0	0	3	0	2	2	0	0	0	0	0	2	0	0	2
124736	16 Oct 25	03:00:00	1	0	60	0	Ct	0	0	0	0	0	0	0	0	0	0	1	0	3	3	0	0	0	0	0	0	0	0	2	6	5	0	0	0	0	0	0	0	0	1
124737	16 Oct 25	03:01:00	1	0	60	0	Ct	0	0	0	0	0	0	0	4	0	0	1	0	1	1	0	0	0	0	0	0	0	0	2	2	0	0	0	0	0	6	0	1	0	0
124738	16 Oct 25	03:02:00	1	0	60	0	Ct	0	0	0	0	0	0	0	3	0	0	0	0	2	2	0	0	0	1	0	0	0	0	0	1	0	0	0	0	0	1	0	3	0	2
124739	16 Oct 25	03:03:00	1	0	60	0	Ct	0	0	0	0	0	0	0	0	0	0	1	0	0	1	0	0	0	0	0	0	0	0	2	1	0	0	0	0	3	0	1	3	0	0
124740	16 Oct 25	03:04:00	1	0	60	0	Ct	0	0	0	0	0	0	0	0	0	0	2	0	0	1	0	0	0	0	0	0	0	0	0	2	0	0	0	0	0	0	0	1	0	3
124741	16 Oct 25	03:05:00	1	0	60	0	Ct	0	0	0	0	0	0	0	0	0	0	1	0	0	3	0	0	0	0	0	0	0	0	0	2	0	0	0	0	0	2	4	0	0	13
124742	16 Oct 25	03:06:00	1	0	60	0	Ct	0	0	0	0	0	0	0	0	0	0	1	0	0	1	0	0	0	0	0	0	0	1	0	2	0	0	0	0	2	1	0	0	0	15
124743	16 Oct 25	03:07:00	1	0	60	0	Ct	0	0	0	0	0	0	0	0	0	0	0	0	0	1	0	0	0	2	0	0	0	1	0	1	0	0	0	0	2	0	1	0	0	0
124744	16 Oct 25	03:08:00	1	0	60	0	Ct	0	0	0	0	0	0	0	0	0	0	0	0	0	1	0	0	0	2	2	0	0	0	0	2	0	0	0	0	1	0	1	1	0	4
124745	16 Oct 25	03:09:00	1	0	60	0	Ct	0	0	0	0	0	0	0	0	0	0	2	0	0	0	0	0	0	0	2	0	0	0	0	1	2	0	0	0	1	0	0	4	0	1
124746	16 Oct 25	03:10:00	1	0	60	0	Ct	0	0	0	0	0	0	0	0	0	0	4	0	0	0	0	0	1	0	3	0	0	2	0	1	2	0	0	0	0	0	0	0	0	7
124747	16 Oct 25	03:11:00	1	0	60	0	Ct	0	0	0	0	0	0	3	0	0	0	3	0	0	0	0	0	1	0	0	0	3	2	0	3	1	0	0	0	0	0	1	0	0	4
124748	16 Oct 25	03:12:00	1	0	60	0	Ct	0	0	0	0	0	0	3	1	0	0	2	0	0	1	0	0	0	0	4	0	0	1	0	2	2	0	0	0	0	0	0	0	0	5
124749	16 Oct 25	03:13:00	1	0	60	0	Ct	0	0	0	0	0	0	1	3	0	0	0	0	0	2	0	0	0	0	1	0	2	2	0	1	0	0	0	0	0	0	0	0	0	0
124750	16 Oct 25	03:14:00	1	0	60	0	Ct	0	0	0	0	0	0	0	1	0	0	0	0	1	1	0	0	1	0	2	0	4	1	0	2	3	0	0	0	1	0	0	0	0	0
124751	16 Oct 25	03:15:00	1	0	60	0	Ct	0	0	0	0	0	0	3	1	0	0	0	0	0	1	0	0	1	0	1	0	0	1	0	1	0	0	0	0	2	0	5	0	0	0
124752	16 Oct 25	03:16:00	1	0	60	0	Ct	0	0	0	0	0	0	2	1	0	0	3	0	1	1	0	0	0	0	0	0	0	2	0	0	1	0	0	0	0	0	1	0	0	0
124753	16 Oct 25	03:17:00	1	0	60	0	Ct	0	0	0	0	0	0	3	1	0	0	2	0	4	0	0	0	0	0	0	0	0	1	0	2	5	0	0	0	0	0	1	0	0	0
124754	16 Oct 25	03:18:00	1	0	60	0	Ct	0	0	0	0	0	0	2	2	0	0	2	0	2	0	0	0	0	3	0	0	0	1	0	1	1	0	0	0	0	5	0	1	0	0
124755	16 Oct 25	03:19:00	1	0	60	0	Ct	0	0	0	0	0	0	3	0	0	0	1	0	0	0	0	0	0	0	0	0	0	1	0	1	2	0	0	0	0	0	1	1	0	0
124756	16 Oct 25	03:20:00	1	0	60	0	Ct	0	0	0	0	0	0	2	0	0	0	2	0	1	1	0	0	0	0	0	0	0	3	0	1	1	0	0	0	0	1	1	1	0	0
124757	16 Oct 25	03:21:00	1	0	60	0	Ct	0	0	0	0	0	0	2	0	0	0	1	0	6	1	0	0	0	0	0	0	0	1	0	0	0	0	0	0	0	0	1	0	0	0
124758	16 Oct 25	03:22:00	1	0	60	0	Ct	0	0	0	0	0	0	3	0	0	0	2	0	1	1	0	0	0	0	0	0	0	0	0	2	0	0	0	0	0	0	0	0	0	0
124759	16 Oct 25	03:23:00	1	0	60	0	Ct	0	0	0	0	0	0	1	0	0	0	0	0	1	1	0	0	0	0	0	0	0	0	0	1	2	0	0	0	0	0	0	0	0	0
124760	16 Oct 25	03:24:00	1	0	60	0	Ct	0	0	0	0	0	0	3	0	0	0	2	0	1	1	0	0	0	0	0	0	0	0	0	0	1	0	0	0	0	0	1	0	0	0
124761	16 Oct 25	03:25:00	1	0	60	0	Ct	0	0	0	0	0	0	4	0	0	0	0	0	0	1	0	0	0	0	0	0	0	0	0	0	0	0	0	0	0	0	0	0	0	0
124762	16 Oct 25	03:26:00	1	0	60	0	Ct	0	0	0	0	0	0	2	0	0	0	0	0	1	0	0	0	0	0	0	0	0	1	0	3	1	0	0	0	0	0	0	0	0	0
124763	16 Oct 25	03:27:00	1	0	60	0	Ct	0	0	0	0	0	0	3	0	0	0	0	2	2	1	0	0	0	0	0	0	0	1	1	37	0	0	0	0	0	0	0	2	0	0
124764	16 Oct 25	03:28:00	1	0	60	0	Ct	0	0	0	0	0	0	4	1	0	0	0	0	1	2	0	0	0	0	0	0	0	0	1	8	0	0	0	0	0	0	0	3	0	0
124765	16 Oct 25	03:29:00	1	0	60	0	Ct	0	0	0	0	0	0	2	3	0	0	0	0	0	0	0	0	0	0	0	0	0	0	0	0	2	0	0	0	0	0	1	0	0	0
124766	16 Oct 25	03:30:00	1	0	60	0	Ct	0	0	0	0	0	0	2	3	0	0	0	0	0	1	0	0	0	0	0	0	0	1	1	0	1	0	0	0	2	6	2	0	0	0
124767	16 Oct 25	03:31:00	1	0	60	0	Ct	0	0	0	0	0	0	1	2	0	0	0	0	0	1	0	0	0	0	0	0	0	1	4	0	1	0	0	0	1	4	1	0	0	0
124768	16 Oct 25	03:32:00	1	0	60	0	Ct	0	0	0	0	0	0	2	2	0	0	0	0	0	0	0	0	0	0	0	0	0	0	4	0	0	1	0	0	0	0	0	0	0	0
124769	16 Oct 25	03:33:00	1	0	60	0	Ct	0	0	0	0	0	0	1	1	0	0	0	0	0	2	0	0	0	0	0	0	0	1	4	0	2	0	0	0	0	3	0	0	0	0
124770	16 Oct 25	03:34:00	1	0	60	0	Ct	0	0	0	0	0	0	2	1	0	0	0	0	0	0	0	0	1	0	0	0	0	0	2	0	0	0	0	0	0	0	0	0	0	0
124771	16 Oct 25	03:35:00	1	0	60	0	Ct	0	0	2	0	0	0	2	1	0	0	0	0	0	1	0	0	1	0	0	0	0	1	1	0	1	0	0	0	0	0	1	0	0	0
124772	16 Oct 25	03:36:00	1	0	60	0	Ct	0	0	3	0	0	0	1	1	0	0	0	0	0	1	0	0	2	0	0	0	0	0	0	0	1	0	0	0	0	0	1	0	0	0
124773	16 Oct 25	03:37:00	1	0	60	0	Ct	0	0	2	0	0	0	3	1	0	0	0	0	0	0	0	0	3	1	0	0	0	0	1	0	0	0	0	0	0	1	0	0	0	0
124774	16 Oct 25	03:38:00	1	0	60	0	Ct	0	0	0	0	0	0	2	2	0	0	0	0	0	0	0	0	3	1	0	0	0	2	2	3	0	0	0	0	0	4	0	0	0	0
124775	16 Oct 25	03:39:00	1	0	60	0	Ct	0	0	0	0	0	0	1	3	0	0	0	0	1	1	0	0	0	2	0	0	0	1	1	0	0	0	0	0	0	0	0	1	0	0
124776	16 Oct 25	03:40:00	1	0	60	0	Ct	0	0	0	0	0	0	2	1	0	0	0	0	0	1	0	0	1	0	0	0	0	2	3	0	0	0	0	0	0	0	0	1	0	0
124777	16 Oct 25	03:41:00	1	0	60	0	Ct	0	0	0	0	0	3	1	1	0	0	0	0	0	0	0	0	2	0	0	0	0	0	2	0	0	0	0	0	0	0	1	0	0	0
124778	16 Oct 25	03:42:00	1	0	60	0	Ct	0	0	0	0	0	0	1	3	0	0	0	0	4	0	0	0	1	0	0	0	0	1	1	2	1	0	0	0	2	0	3	0	0	0
124779	16 Oct 25	03:43:00	1	0	60	0	Ct	0	0	1	2	0	0	1	0	0	0	0	0	1	0	0	0	2	0	0	0	0	1	3	1	1	0	0	0	1	0	0	0	0	0
124780	16 Oct 25	03:44:00	1	0	60	0	Ct	0	0	1	0	0	0	4	0	0	0	0	0	0	0	0	0	4	2	1	0	0	0	2	1	0	0	0	0	3	0	0	0	0	0
124781	16 Oct 25	03:45:00	1	0	60	0	Ct	0	0	0	1	0	0	2	0	0	0	1	0	1	0	0	0	0	0	3	0	0	1	2	1	0	0	0	0	1	0	2	0	0	0
124782	16 Oct 25	03:46:00	1	0	60	0	Ct	0	0	1	3	0	0	1	0	0	0	2	0	1	2	0	0	1	0	2	0	0	3	0	1	0	0	0	0	3	0	0	0	0	0
124783	16 Oct 25	03:47:00	1	0	60	0	Ct	0	0	7	2	0	0	3	0	0	0	0	0	1	62	0	0	1	0	1	0	0	2	2	0	0	0	0	0	0	0	0	0	0	0
124784	16 Oct 25	03:48:00	1	0	60	0	Ct	0	0	0	0	0	0	1	0	0	0	4	0	0	65	0	0	2	2	2	0	0	0	1	2	0	0	0	0	0	3	2	0	0	0
124785	16 Oct 25	03:49:00	1	0	60	0	Ct	0	0	0	0	0	0	2	0	0	0	3	0	0	68	0	0	0	1	1	0	0	2	0	4	2	0	0	0	0	1	0	0	0	0
124786	16 Oct 25	03:50:00	1	0	60	0	Ct	0	0	0	0	0	0	2	1	0	0	1	0	0	2	0	0	8	2	1	0	0	0	10	0	0	0	0	0	2	0	0	0	0	0
124787	16 Oct 25	03:51:00	1	0	60	0	Ct	0	0	0	0	0	0	1	2	0	0	1	0	0	1	0	0	0	2	2	0	0	2	16	1	2	0	0	0	0	1	0	0	0	0
124788	16 Oct 25	03:52:00	1	0	60	0	Ct	0	0	0	0	0	0	2	0	0	0	2	0	0	2	0	0	5	4	1	0	0	1	19	4	0	0	0	0	0	4	0	0	0	0
124789	16 Oct 25	03:53:00	1	0	60	0	Ct	0	0	0	0	0	0	2	0	0	0	2	0	0	1	0	0	2	3	2	0	0	0	5	0	0	0	0	0	0	1	0	4	0	0
124790	16 Oct 25	03:54:00	1	0	60	0	Ct	0	0	0	0	0	0	2	0	0	0	2	0	2	6	0	0	0	2	1	0	0	0	0	0	0	0	0	0	0	0	2	1	0	0
124791	16 Oct 25	03:55:00	1	0	60	0	Ct	0	0	0	0	0	0	2	0	0	0	1	0	5	0	0	0	0	1	1	0	0	0	0	0	0	0	0	0	0	0	0	1	0	0
124792	16 Oct 25	03:56:00	1	0	60	0	Ct	0	0	0	0	0	0	2	3	0	0	1	0	2	0	0	0	0	3	3	0	0	0	0	0	2	0	0	0	0	11	0	1	0	0
124793	16 Oct 25	03:57:00	1	0	60	0	Ct	0	0	0	0	0	0	1	0	0	0	0	4	0	1	0	0	0	1	1	0	0	0	0	0	3	0	0	0	0	1	0	2	0	0
124794	16 Oct 25	03:58:00	1	0	60	0	Ct	0	0	0	0	0	0	1	0	0	0	0	0	1	1	0	0	0	3	1	0	0	0	1	2	0	0	0	0	0	1	0	1	0	0
124795	16 Oct 25	03:59:00	1	0	60	0	Ct	0	0	0	0	0	0	1	0	0	0	2	0	1	1	0	0	0	1	2	0	0	0	0	2	0	0	2	0	0	2	0	0	0	0
124796	16 Oct 25	04:00:00	1	0	60	0	Ct	0	0	0	0	0	0	0	2	0	0	6	0	1	1	0	0	0	3	1	0	0	0	0	0	2	0	0	0	0	0	1	0	0	0
124797	16 Oct 25	04:01:00	1	0	60	0	Ct	0	0	0	0	0	0	1	2	0	0	11	0	2	1	0	0	0	2	1	0	0	0	0	2	1	0	0	0	0	3	0	0	0	0
124798	16 Oct 25	04:02:00	1	0	60	0	Ct	0	0	0	0	0	0	2	1	0	0	0	0	0	1	0	0	0	2	1	0	0	0	1	2	2	0	0	0	0	3	1	0	0	0
124799	16 Oct 25	04:03:00	1	0	60	0	Ct	0	0	0	0	0	0	6	1	0	0	2	0	0	1	0	0	1	2	1	0	0	0	0	1	0	0	0	0	0	1	0	0	0	0
124800	16 Oct 25	04:04:00	1	0	60	0	Ct	0	0	0	0	0	0	1	1	0	0	0	0	0	1	0	0	0	2	1	0	0	0	0	2	0	0	0	0	0	0	0	0	0	0
124801	16 Oct 25	04:05:00	1	0	60	0	Ct	0	0	0	0	0	0	2	2	0	0	0	0	0	1	0	0	0	1	2	0	0	0	0	2	0	0	0	0	0	0	1	0	0	0
124802	16 Oct 25	04:06:00	1	0	60	0	Ct	0	0	1	0	0	0	3	1	0	0	0	0	0	1	0	0	0	2	0	0	0	0	1	1	0	0	0	0	0	2	0	0	0	0
124803	16 Oct 25	04:07:00	1	0	60	0	Ct	0	0	1	0	0	0	2	3	0	0	0	0	0	0	0	0	0	2	2	0	0	0	0	1	0	0	0	0	0	1	0	0	0	0
124804	16 Oct 25	04:08:00	1	0	60	0	Ct	0	0	2	0	0	0	1	2	0	0	0	0	0	1	0	0	0	1	1	0	0	0	0	2	2	0	0	0	0	1	0	0	0	0
124805	16 Oct 25	04:09:00	1	0	60	0	Ct	0	0	0	0	0	0	2	3	0	0	0	0	0	0	0	0	0	3	1	0	0	0	0	1	1	0	0	0	0	1	0	0	0	0
124806	16 Oct 25	04:10:00	1	0	60	0	Ct	0	0	0	0	0	0	1	1	0	0	0	0	0	2	0	0	0	1	2	0	0	0	0	3	1	0	2	0	0	3	0	0	0	0
124807	16 Oct 25	04:11:00	1	0	60	0	Ct	0	0	0	0	0	0	1	1	0	0	0	0	0	1	0	0	0	1	1	0	0	0	0	0	1	0	3	0	0	0	0	1	0	0
124808	16 Oct 25	04:12:00	1	0	60	0	Ct	0	0	0	0	0	0	0	0	0	0	0	0	0	1	0	0	0	1	0	0	0	0	0	1	0	0	1	0	0	0	0	1	0	0
124809	16 Oct 25	04:13:00	1	0	60	0	Ct	0	0	1	0	0	0	0	1	0	0	0	0	0	1	0	0	0	2	2	0	0	0	0	0	0	0	2	0	2	0	0	0	0	0
124810	16 Oct 25	04:14:00	1	0	60	0	Ct	0	0	1	0	0	1	2	1	0	0	0	0	2	0	0	0	0	1	0	0	0	0	14	0	1	0	1	0	0	0	0	0	0	0
124811	16 Oct 25	04:15:00	1	0	60	0	Ct	0	0	0	0	0	0	1	0	0	0	0	2	2	2	0	0	0	2	0	0	0	0	5	0	1	0	3	0	0	1	0	0	0	0
124812	16 Oct 25	04:16:00	1	0	60	0	Ct	0	0	0	0	0	0	2	0	0	0	0	0	0	13	0	0	0	2	0	0	0	0	1	0	1	0	1	0	0	2	0	0	0	0
124813	16 Oct 25	04:17:00	1	0	60	0	Ct	0	0	3	0	0	0	2	0	0	0	0	0	0	1	0	0	0	2	0	0	0	0	1	0	1	0	1	0	0	0	1	0	0	0
124814	16 Oct 25	04:18:00	1	0	60	0	Ct	0	0	0	0	0	0	1	0	0	0	0	0	0	0	0	0	0	2	0	0	0	0	0	0	2	0	1	0	2	1	0	0	0	0
124815	16 Oct 25	04:19:00	1	0	60	0	Ct	0	0	0	0	0	0	2	1	0	0	0	0	0	0	0	0	0	1	0	0	0	0	2	0	0	0	1	0	0	0	1	0	0	0
124816	16 Oct 25	04:20:00	1	0	60	0	Ct	0	0	0	0	0	0	2	1	0	0	0	0	0	0	0	0	0	2	0	0	0	0	4	0	0	0	1	0	0	3	0	0	0	0
124817	16 Oct 25	04:21:00	1	0	60	0	Ct	0	0	0	0	0	0	1	0	0	0	0	0	0	6	0	0	0	1	0	0	0	0	7	0	2	0	1	0	0	1	2	0	0	0
124818	16 Oct 25	04:22:00	1	0	60	0	Ct	0	0	0	0	0	0	2	2	0	0	0	0	0	0	0	0	0	1	0	0	0	2	1	0	0	0	2	0	0	10	0	0	0	0
124819	16 Oct 25	04:23:00	1	0	60	0	Ct	0	0	0	0	0	0	2	1	0	0	0	0	0	2	0	0	0	2	0	0	0	1	6	0	1	0	0	0	0	16	1	0	0	0
124820	16 Oct 25	04:24:00	1	0	60	0	Ct	0	0	0	0	0	0	1	1	0	0	0	0	0	0	0	0	0	4	0	0	0	0	7	0	1	0	1	0	0	5	0	0	0	0
124821	16 Oct 25	04:25:00	1	0	60	0	Ct	0	0	0	0	0	0	1	1	0	0	0	0	0	1	0	0	0	2	0	0	0	1	3	0	0	0	1	0	0	3	0	0	0	0
124822	16 Oct 25	04:26:00	1	0	60	0	Ct	0	0	0	0	0	2	2	1	0	0	0	0	0	1	0	0	0	2	0	0	1	2	4	0	0	0	0	0	0	0	0	0	0	0
124823	16 Oct 25	04:27:00	1	0	60	0	Ct	0	0	0	0	0	2	1	0	0	0	0	0	0	0	1	0	0	0	0	0	0	1	2	0	1	0	0	0	0	5	1	2	0	0
124824	16 Oct 25	04:28:00	1	0	60	0	Ct	0	0	0	0	0	3	1	0	0	0	0	0	0	2	1	0	0	2	0	0	0	3	10	0	7	0	0	0	0	2	1	0	0	0
124825	16 Oct 25	04:29:00	1	0	60	0	Ct	0	0	0	0	0	0	2	0	0	0	0	0	0	1	0	0	0	2	0	0	0	4	2	0	9	0	0	0	0	0	1	0	0	0
124826	16 Oct 25	04:30:00	1	0	60	0	Ct	0	0	0	0	0	0	1	0	0	0	0	0	0	0	0	0	1	2	0	0	0	0	5	0	0	0	0	0	0	2	0	0	0	0
124827	16 Oct 25	04:31:00	1	0	60	0	Ct	0	0	0	0	0	0	2	0	0	0	0	0	0	3	0	0	1	2	0	0	0	0	2	0	1	0	0	0	0	0	1	0	0	0
124828	16 Oct 25	04:32:00	1	0	60	0	Ct	0	0	0	0	0	0	1	0	0	0	0	0	0	1	0	0	2	0	0	0	0	0	6	0	1	0	0	0	0	0	1	0	0	0
124829	16 Oct 25	04:33:00	1	0	60	0	Ct	0	0	0	0	0	0	2	0	0	0	0	0	0	0	0	0	1	1	1	0	0	0	1	2	1	0	0	0	0	1	2	0	0	0
124830	16 Oct 25	04:34:00	1	0	60	0	Ct	0	0	0	0	0	0	1	0	0	0	0	0	0	2	0	0	4	2	0	0	0	1	3	0	1	0	0	0	0	1	0	0	0	0
124831	16 Oct 25	04:35:00	1	0	60	0	Ct	0	0	0	0	0	0	2	0	0	0	0	0	0	1	0	0	0	2	0	0	0	1	1	0	0	0	0	0	0	0	1	0	0	0
124832	16 Oct 25	04:36:00	1	0	60	0	Ct	0	0	0	0	0	0	1	0	0	0	0	0	0	0	0	0	1	1	0	0	0	1	0	0	0	0	0	0	0	0	1	0	0	0
124833	16 Oct 25	04:37:00	1	0	60	0	Ct	0	0	0	0	0	0	1	0	0	0	0	0	0	1	0	0	2	2	0	0	0	1	0	0	1	0	0	0	0	1	0	0	0	0
124834	16 Oct 25	04:38:00	1	0	60	0	Ct	0	0	0	0	0	0	4	0	0	0	0	0	0	0	0	0	0	0	0	0	0	1	0	0	1	0	2	0	0	1	0	0	0	0
124835	16 Oct 25	04:39:00	1	0	60	0	Ct	0	0	0	0	0	0	1	0	0	0	0	0	0	0	0	0	3	0	1	0	0	1	0	0	0	0	0	0	0	2	0	0	0	0
124836	16 Oct 25	04:40:00	1	0	60	0	Ct	0	0	0	0	0	0	0	1	0	0	0	0	0	0	0	0	1	0	0	0	0	1	0	0	1	0	1	0	0	1	1	0	0	0
124837	16 Oct 25	04:41:00	1	0	60	0	Ct	0	0	0	0	0	0	1	2	0	0	0	0	0	0	0	0	0	1	0	0	0	2	0	0	1	0	1	0	3	4	0	0	0	0
124838	16 Oct 25	04:42:00	1	0	60	0	Ct	0	0	0	0	0	0	1	1	0	0	0	0	0	0	0	0	0	3	4	0	0	0	0	0	0	0	0	0	0	1	0	0	0	0
124839	16 Oct 25	04:43:00	1	0	60	0	Ct	0	0	0	0	0	0	1	2	0	0	0	0	0	1	0	0	1	1	2	0	0	1	0	0	1	0	0	0	0	0	0	0	0	0
124840	16 Oct 25	04:44:00	1	0	60	0	Ct	0	0	0	0	0	0	1	0	0	0	0	0	0	1	0	0	2	2	0	0	0	1	0	0	1	0	0	0	0	0	0	0	0	0
124841	16 Oct 25	04:45:00	1	0	60	0	Ct	0	0	0	0	0	0	0	2	0	0	0	0	0	0	0	0	1	1	0	0	0	1	0	0	0	0	0	0	0	0	0	0	0	0
124842	16 Oct 25	04:46:00	1	0	60	0	Ct	0	0	0	0	0	0	1	0	0	0	0	0	0	0	0	0	0	3	0	0	0	1	0	0	0	0	0	0	0	0	0	0	0	0
124843	16 Oct 25	04:47:00	1	0	60	0	Ct	0	0	0	0	0	0	2	0	0	0	0	0	0	0	0	0	1	3	0	0	0	0	0	0	0	0	0	0	0	0	0	0	0	0
124844	16 Oct 25	04:48:00	1	0	60	0	Ct	0	0	0	0	0	0	1	0	0	0	0	0	0	0	0	0	1	2	0	0	0	1	0	0	5	0	0	0	0	4	0	0	0	0
124845	16 Oct 25	04:49:00	1	0	60	0	Ct	0	0	0	0	0	0	0	0	0	0	0	0	0	0	0	0	1	2	4	0	0	15	0	0	0	0	0	0	0	0	0	0	0	0
124846	16 Oct 25	04:50:00	1	0	60	0	Ct	0	0	0	0	0	1	0	0	0	0	0	0	0	0	0	0	2	1	0	0	0	0	0	0	0	0	2	0	0	0	0	0	0	0
124847	16 Oct 25	04:51:00	1	0	60	0	Ct	0	0	0	0	0	10	0	0	0	0	0	0	0	0	0	0	1	3	0	0	0	1	0	0	0	0	0	0	0	0	0	0	0	0
124848	16 Oct 25	04:52:00	1	0	60	0	Ct	0	0	0	0	0	4	0	0	0	0	0	0	0	0	0	0	2	1	0	0	0	0	0	0	0	0	0	0	0	0	0	0	0	0
124849	16 Oct 25	04:53:00	1	0	60	0	Ct	0	0	0	0	0	0	0	0	0	0	0	0	0	2	0	0	0	2	0	0	0	0	0	0	0	0	0	0	0	0	10	0	0	0
124850	16 Oct 25	04:54:00	1	0	60	0	Ct	0	0	0	0	0	0	0	0	0	0	0	0	0	3	0	0	0	1	0	0	0	0	0	0	0	0	0	0	0	0	0	0	0	0
124851	16 Oct 25	04:55:00	1	0	60	0	Ct	0	0	0	0	0	0	0	0	0	0	0	0	0	1	0	0	0	2	4	0	0	0	0	0	0	0	0	0	0	0	1	0	0	0
124852	16 Oct 25	04:56:00	1	0	60	0	Ct	0	0	0	0	3	0	0	0	0	0	0	0	0	1	0	0	0	1	1	0	0	0	0	0	1	0	0	0	0	0	1	0	0	0
124853	16 Oct 25	04:57:00	1	0	60	0	Ct	0	0	0	0	0	0	0	0	0	0	0	0	0	1	0	2	0	1	0	0	0	0	0	0	1	0	0	0	0	0	8	0	0	0
124854	16 Oct 25	04:58:00	1	0	60	0	Ct	0	0	2	0	0	0	0	0	0	0	0	0	0	1	0	1	0	2	0	0	0	0	0	0	0	0	0	0	0	0	0	0	0	0
124855	16 Oct 25	04:59:00	1	0	60	0	Ct	0	0	1	0	0	4	0	0	0	0	0	0	0	1	0	0	0	2	1	0	0	0	0	0	0	0	0	0	0	0	0	0	0	0
124856	16 Oct 25	05:00:00	1	0	60	0	Ct	0	0	1	0	0	5	0	0	0	0	0	0	0	3	0	0	0	1	1	0	0	0	0	0	0	0	0	0	0	0	0	0	0	0
124857	16 Oct 25	05:01:00	1	0	60	0	Ct	0	0	0	0	0	5	0	0	0	0	0	2	0	2	0	0	0	2	0	0	3	0	0	0	0	0	0	0	0	0	1	0	0	0
124858	16 Oct 25	05:02:00	1	0	60	0	Ct	0	0	1	0	0	7	0	0	0	0	0	6	0	1	0	0	0	1	0	0	3	0	0	0	1	0	0	0	0	0	2	0	0	0
124859	16 Oct 25	05:03:00	1	0	60	0	Ct	0	0	0	0	0	0	0	0	0	0	0	0	0	1	0	0	0	2	0	0	2	0	0	0	1	0	0	0	0	0	3	0	0	0
124860	16 Oct 25	05:04:00	1	0	60	0	Ct	0	0	1	0	0	0	0	0	0	0	0	0	0	2	0	1	0	2	0	0	0	0	0	0	1	0	0	0	0	0	1	0	0	0
124861	16 Oct 25	05:05:00	1	0	60	0	Ct	0	0	1	0	0	3	0	0	0	0	0	0	0	2	0	0	0	0	0	0	0	0	0	0	0	0	0	0	0	0	3	0	0	0
124862	16 Oct 25	05:06:00	1	0	60	0	Ct	0	0	1	0	0	4	0	0	0	0	0	0	0	1	0	0	0	0	0	0	1	0	0	0	1	0	0	0	0	0	2	0	0	0
124863	16 Oct 25	05:07:00	1	0	60	0	Ct	0	0	2	0	0	2	0	0	0	0	0	0	0	1	0	0	0	2	2	0	0	0	0	0	1	0	0	0	0	0	1	0	0	0
124864	16 Oct 25	05:08:00	1	0	60	0	Ct	0	0	0	0	0	1	0	0	0	0	0	0	0	0	0	0	0	0	0	0	0	0	0	0	12	0	0	0	0	1	2	0	0	0
124865	16 Oct 25	05:09:00	1	0	60	0	Ct	0	0	0	0	0	0	0	0	0	0	0	0	0	2	0	0	0	0	0	0	0	0	0	0	2	0	2	0	0	0	1	0	0	0
124866	16 Oct 25	05:10:00	1	0	60	0	Ct	0	0	2	0	0	0	0	0	0	0	0	0	0	0	4	0	0	2	0	0	0	0	0	0	0	0	3	0	0	0	0	0	0	0
124867	16 Oct 25	05:11:00	1	0	60	0	Ct	0	0	0	0	0	6	0	0	0	0	0	0	0	0	0	0	0	9	0	0	0	1	0	0	1	0	1	0	0	1	4	0	0	0
124868	16 Oct 25	05:12:00	1	0	60	0	Ct	0	0	0	0	0	2	0	0	0	0	0	0	0	24	0	0	0	30	0	0	0	1	0	0	1	0	0	0	0	0	1	0	0	0
124869	16 Oct 25	05:13:00	1	0	60	0	Ct	0	0	1	0	0	0	0	0	0	0	0	0	0	2	0	0	0	2	0	0	0	1	0	0	2	0	2	0	0	0	1	0	0	0
124870	16 Oct 25	05:14:00	1	0	60	0	Ct	0	0	1	0	0	0	0	0	0	0	0	0	0	0	0	0	0	6	0	0	0	1	0	0	0	0	1	0	0	3	0	0	0	0
124871	16 Oct 25	05:15:00	1	0	60	0	Ct	0	0	2	0	0	1	0	0	0	0	0	0	1	9	0	0	0	4	0	0	0	1	0	0	0	0	2	0	0	0	0	0	0	0
124872	16 Oct 25	05:16:00	1	0	60	0	Ct	0	0	1	0	0	3	0	0	0	0	0	0	1	1	0	0	0	0	0	0	0	1	0	0	0	0	2	0	0	6	0	0	0	0
124873	16 Oct 25	05:17:00	1	0	60	0	Ct	0	0	0	0	0	25	0	0	0	0	0	0	0	1	0	0	0	0	0	0	0	0	0	0	0	0	0	0	0	2	0	0	0	0
124874	16 Oct 25	05:18:00	1	0	60	0	Ct	0	0	1	0	0	2	0	0	0	0	0	0	0	0	0	0	3	0	0	0	0	1	0	0	0	0	3	0	0	2	0	0	0	0
124875	16 Oct 25	05:19:00	1	0	60	0	Ct	0	0	1	0	0	1	0	0	0	0	0	0	0	0	0	0	0	0	0	0	0	0	0	0	0	0	2	0	0	0	0	0	0	0
124876	16 Oct 25	05:20:00	1	0	60	0	Ct	0	0	0	0	0	5	0	0	0	0	0	0	0	0	0	0	0	0	0	0	0	1	0	0	0	0	2	0	2	2	0	0	0	0
124877	16 Oct 25	05:21:00	1	0	60	0	Ct	0	0	0	0	0	3	0	0	0	0	0	0	0	2	0	0	0	0	0	0	0	0	0	0	0	0	1	0	0	0	0	0	0	0
124878	16 Oct 25	05:22:00	1	0	60	0	Ct	0	0	0	0	0	1	0	0	0	0	0	0	0	0	0	0	0	0	0	0	0	3	0	0	0	0	0	0	0	0	0	0	0	0
124879	16 Oct 25	05:23:00	1	0	60	0	Ct	0	0	0	0	0	2	0	0	0	0	0	0	0	2	0	0	0	2	0	0	0	0	0	0	0	0	2	0	0	0	2	0	0	0
124880	16 Oct 25	05:24:00	1	0	60	0	Ct	0	0	0	0	0	1	0	0	0	0	0	0	0	1	0	0	0	0	0	0	0	2	0	0	0	0	1	0	0	3	2	0	0	0
124881	16 Oct 25	05:25:00	1	0	60	0	Ct	0	0	0	0	0	3	0	0	0	0	0	0	0	2	0	0	0	2	0	0	0	0	0	0	2	0	1	0	0	0	1	0	0	0
124882	16 Oct 25	05:26:00	1	0	60	0	Ct	0	0	0	0	0	0	0	0	0	0	0	0	0	0	0	0	0	2	0	0	0	0	0	0	0	0	1	0	0	2	1	0	0	0
124883	16 Oct 25	05:27:00	1	0	60	0	Ct	0	0	0	0	0	3	0	0	0	0	0	0	1	1	0	0	0	0	0	0	0	0	0	0	0	0	0	0	0	1	15	0	0	0
124884	16 Oct 25	05:28:00	1	0	60	0	Ct	0	0	0	0	0	0	0	0	0	0	0	0	1	1	0	0	0	2	0	0	0	0	0	0	0	0	0	0	0	2	15	0	0	0
124885	16 Oct 25	05:29:00	1	0	60	0	Ct	0	0	0	0	0	1	0	0	0	0	0	0	3	1	0	0	0	0	0	0	0	0	0	0	0	0	0	0	0	1	2	0	0	0
124886	16 Oct 25	05:30:00	1	0	60	0	Ct	0	0	0	0	0	4	0	0	0	0	0	0	2	1	0	0	0	0	0	0	0	1	0	0	0	0	1	0	0	0	1	0	0	0
124887	16 Oct 25	05:31:00	1	0	60	0	Ct	0	0	0	0	0	0	0	0	0	0	0	0	2	2	0	0	0	0	0	0	0	1	0	0	0	0	1	0	0	3	0	0	0	0
124888	16 Oct 25	05:32:00	1	0	60	0	Ct	0	0	0	0	0	0	0	0	0	0	0	0	3	0	0	0	0	0	0	0	0	1	0	0	0	0	1	0	0	2	0	0	0	0
124889	16 Oct 25	05:33:00	1	0	60	0	Ct	0	0	0	0	0	2	0	0	0	0	0	0	29	1	0	0	0	0	0	0	0	1	0	0	0	0	2	0	0	2	0	0	0	0
124890	16 Oct 25	05:34:00	1	0	60	0	Ct	0	0	0	0	0	7	0	0	0	0	0	0	1	0	0	0	0	0	0	0	0	0	0	0	0	0	4	0	0	1	0	0	0	0
124891	16 Oct 25	05:35:00	1	0	60	0	Ct	0	0	0	0	0	11	0	0	0	0	0	0	0	0	0	0	0	0	0	0	0	1	0	0	0	0	1	0	0	4	0	0	0	0
124892	16 Oct 25	05:36:00	1	0	60	0	Ct	0	0	0	0	0	4	0	0	0	0	0	0	0	2	0	0	0	0	0	0	0	1	0	0	2	0	1	0	0	1	0	0	0	0
124893	16 Oct 25	05:37:00	1	0	60	0	Ct	0	0	0	0	0	5	0	0	0	0	0	0	0	0	3	0	0	0	0	0	0	1	0	0	0	0	2	0	0	2	0	0	0	0
124894	16 Oct 25	05:38:00	1	0	60	0	Ct	0	0	0	0	0	3	0	0	0	0	0	0	0	0	0	0	0	0	0	0	0	1	0	0	2	0	1	0	0	0	0	0	0	0
124895	16 Oct 25	05:39:00	1	0	60	0	Ct	0	0	0	0	0	5	0	0	0	0	0	0	0	1	0	0	0	0	0	0	0	1	0	0	0	0	1	0	0	0	3	0	0	0
124896	16 Oct 25	05:40:00	1	0	60	0	Ct	0	0	0	0	0	23	0	0	0	0	0	0	0	1	0	0	0	0	0	0	0	1	0	0	0	0	1	0	0	2	2	0	0	0
124897	16 Oct 25	05:41:00	1	0	60	0	Ct	0	0	0	0	0	36	0	0	0	0	0	0	0	3	0	2	0	0	0	0	0	1	0	0	0	0	2	0	0	5	2	0	0	0
124898	16 Oct 25	05:42:00	1	0	60	0	Ct	0	0	0	0	0	11	0	0	0	0	0	0	0	0	0	0	0	0	0	0	0	1	0	0	0	0	1	0	0	2	1	0	2	0
124899	16 Oct 25	05:43:00	1	0	60	0	Ct	0	0	0	0	0	5	0	0	0	0	0	0	0	0	0	0	0	0	0	0	0	0	0	0	0	0	2	0	0	0	0	0	0	0
124900	16 Oct 25	05:44:00	1	0	60	0	Ct	0	0	0	0	0	0	0	0	0	0	0	0	0	0	0	0	0	0	0	0	0	0	0	0	0	0	1	0	0	0	1	0	0	0
124901	16 Oct 25	05:45:00	1	0	60	0	Ct	0	0	0	0	0	0	0	0	0	0	0	0	0	0	0	0	0	0	0	0	0	1	0	0	0	0	0	0	0	1	0	0	0	0
124902	16 Oct 25	05:46:00	1	0	60	0	Ct	0	0	0	0	0	0	0	0	0	0	0	0	0	0	0	0	0	0	0	0	0	1	0	0	0	0	1	0	0	0	1	0	0	0
124903	16 Oct 25	05:47:00	1	0	60	0	Ct	0	0	0	0	0	1	0	0	0	0	0	0	0	0	0	0	0	0	0	0	0	0	0	0	0	0	8	0	0	2	0	0	0	0
124904	16 Oct 25	05:48:00	1	0	60	0	Ct	0	0	0	0	0	2	0	0	0	0	0	0	0	0	0	0	0	0	0	0	0	0	0	0	0	0	0	0	0	2	0	0	0	0
124905	16 Oct 25	05:49:00	1	0	60	0	Ct	0	0	0	0	0	19	0	0	0	0	0	0	0	0	0	0	0	0	0	0	0	0	0	0	0	0	0	0	0	1	0	0	2	0
124906	16 Oct 25	05:50:00	1	0	60	0	Ct	0	0	0	0	0	18	0	0	0	0	0	0	0	0	0	0	0	0	0	0	0	0	0	0	0	0	0	0	0	0	0	0	0	0
124907	16 Oct 25	05:51:00	1	0	60	0	Ct	0	0	0	0	0	17	0	0	0	0	0	0	0	1	0	0	0	0	0	0	0	0	0	0	0	0	0	0	0	0	0	0	1	0
124908	16 Oct 25	05:52:00	1	0	60	0	Ct	0	0	0	0	0	1	0	0	0	0	0	0	0	0	0	0	0	0	0	0	0	1	0	0	0	0	0	0	0	0	0	0	3	0
124909	16 Oct 25	05:53:00	1	0	60	0	Ct	0	0	0	0	0	1	0	0	0	0	0	0	0	4	0	0	0	1	0	0	0	1	0	0	0	0	0	0	0	0	0	0	0	0
124910	16 Oct 25	05:54:00	1	0	60	0	Ct	0	0	0	0	0	11	0	0	0	0	0	0	0	0	0	0	0	2	1	0	0	8	0	0	0	0	0	0	0	0	0	0	0	0
124911	16 Oct 25	05:55:00	1	0	60	0	Ct	0	0	0	0	0	0	0	0	0	0	0	0	0	1	0	0	0	0	1	0	0	2	0	0	0	0	0	0	0	0	0	0	0	0
124912	16 Oct 25	05:56:00	1	0	60	0	Ct	0	0	0	0	0	1	0	0	0	0	0	0	0	1	0	0	0	0	0	0	0	1	0	0	0	0	0	0	0	0	1	0	0	0
124913	16 Oct 25	05:57:00	1	0	60	0	Ct	0	0	0	0	0	2	0	0	0	0	0	0	0	0	0	0	0	4	0	0	0	0	0	0	0	0	0	0	0	0	1	0	0	0
124914	16 Oct 25	05:58:00	1	0	60	0	Ct	0	0	0	0	0	2	0	0	0	0	0	0	0	2	0	0	0	0	0	0	0	0	0	0	0	0	0	0	0	1	0	0	0	0
124915	16 Oct 25	05:59:00	1	0	60	0	Ct	0	0	0	0	0	7	0	0	0	0	0	0	0	4	0	0	0	0	0	0	0	0	0	2	0	0	0	0	0	2	0	0	0	0
124916	16 Oct 25	06:00:00	1	0	60	0	Ct	0	0	0	0	3	4	0	0	0	0	0	0	0	0	0	0	0	0	0	0	0	0	0	0	0	0	0	0	0	9	0	0	0	0
124917	16 Oct 25	06:01:00	1	0	60	0	Ct	0	0	0	0	3	1	0	0	0	0	0	0	0	2	0	0	0	0	0	0	0	3	0	0	0	0	0	0	0	3	0	0	0	0
124918	16 Oct 25	06:02:00	1	0	60	0	Ct	0	0	0	0	0	3	0	0	0	0	0	0	0	1	0	0	0	0	4	0	0	4	0	0	0	0	0	0	0	0	0	0	0	0
124919	16 Oct 25	06:03:00	1	0	60	0	Ct	0	0	0	0	0	0	0	0	0	0	0	1	0	1	0	0	0	0	0	0	0	0	0	0	0	0	6	0	0	0	0	0	0	0
124920	16 Oct 25	06:04:00	1	0	60	0	Ct	0	0	0	0	0	3	0	0	0	0	0	1	0	1	0	0	0	2	0	0	0	0	0	0	0	0	1	0	0	0	1	0	0	0
124921	16 Oct 25	06:05:00	1	0	60	0	Ct	0	0	0	0	0	3	0	0	0	0	0	0	0	0	0	0	0	0	0	0	0	0	0	0	0	0	0	0	0	0	1	0	0	0
124922	16 Oct 25	06:06:00	1	0	60	0	Ct	0	0	0	0	0	0	0	0	0	0	0	0	3	0	0	0	0	0	0	0	0	0	0	0	0	0	0	0	0	0	0	0	0	0
124923	16 Oct 25	06:07:00	1	0	60	0	Ct	0	0	0	0	0	2	0	0	0	0	0	0	3	0	0	0	0	0	0	0	0	0	0	0	0	0	0	0	0	1	0	0	0	0
124924	16 Oct 25	06:08:00	1	0	60	0	Ct	0	0	0	0	0	2	0	0	0	0	0	0	0	0	0	0	0	0	0	0	0	0	0	0	0	0	0	0	0	2	0	0	0	0
124925	16 Oct 25	06:09:00	1	0	60	0	Ct	0	0	0	0	0	2	0	0	0	0	0	0	3	0	0	1	0	1	0	0	0	0	0	0	0	0	0	0	0	3	4	0	0	0
124926	16 Oct 25	06:10:00	1	0	60	0	Ct	0	0	0	0	0	5	0	0	0	0	0	0	1	1	0	1	0	2	0	0	0	0	0	0	0	0	0	0	0	0	1	0	0	0
124927	16 Oct 25	06:11:00	1	0	60	0	Ct	0	0	0	0	0	0	0	0	0	0	0	0	2	1	0	2	0	4	0	0	0	0	0	0	0	0	0	0	0	0	5	0	5	0
124928	16 Oct 25	06:12:00	1	0	60	0	Ct	0	0	1	0	0	3	0	0	0	0	0	0	2	1	0	1	0	2	0	0	0	0	0	0	0	0	0	0	0	0	1	0	1	0
124929	16 Oct 25	06:13:00	1	0	60	0	Ct	0	0	2	0	0	4	0	0	0	0	0	0	1	0	0	3	0	2	0	0	0	0	0	0	0	0	0	0	0	0	0	0	5	0
124930	16 Oct 25	06:14:00	1	0	60	0	Ct	0	0	2	0	0	3	0	0	0	0	0	0	1	1	0	2	0	3	0	0	0	0	0	0	0	0	0	0	0	0	0	0	0	0
124931	16 Oct 25	06:15:00	1	0	60	0	Ct	0	0	0	0	0	0	0	0	0	0	0	0	1	0	0	2	0	2	0	0	0	0	0	0	0	0	0	0	0	0	0	0	0	0
124932	16 Oct 25	06:16:00	1	0	60	0	Ct	0	0	3	0	0	5	0	0	0	0	0	0	2	1	0	0	0	3	0	0	0	0	0	0	0	0	0	0	0	1	0	0	0	0
124933	16 Oct 25	06:17:00	1	0	60	0	Ct	0	0	4	1	0	2	0	0	0	0	0	0	1	1	0	0	0	3	0	0	0	0	0	0	0	0	0	0	0	0	0	0	1	0
124934	16 Oct 25	06:18:00	1	0	60	0	Ct	0	0	2	1	0	1	0	0	0	0	0	0	1	0	0	0	0	2	0	0	0	0	0	0	2	0	0	0	0	0	4	0	0	0
124935	16 Oct 25	06:19:00	1	0	60	0	Ct	0	0	0	1	0	1	0	0	0	0	0	0	3	1	0	1	0	5	0	0	0	0	0	0	1	0	0	0	0	2	0	0	0	0
124936	16 Oct 25	06:20:00	1	0	60	0	Ct	0	0	1	1	0	0	0	0	0	0	0	0	1	0	0	2	0	1	0	0	0	0	0	0	2	0	0	0	0	13	0	0	0	0
124937	16 Oct 25	06:21:00	1	0	60	0	Ct	0	0	1	1	0	2	0	0	0	0	0	0	0	2	0	3	0	2	0	0	0	0	0	0	2	0	0	0	0	0	0	0	0	0
124938	16 Oct 25	06:22:00	1	0	60	0	Ct	0	0	0	0	0	1	0	0	0	0	0	3	1	0	0	2	2	2	2	0	0	0	0	0	1	0	0	0	0	0	0	0	0	0
124939	16 Oct 25	06:23:00	1	0	60	0	Ct	0	0	2	5	0	0	0	0	0	0	0	4	2	4	0	1	2	6	0	0	0	0	0	0	1	0	0	0	0	0	0	0	0	0
124940	16 Oct 25	06:24:00	1	0	60	0	Ct	0	0	0	0	1	2	0	0	0	0	0	0	0	0	0	7	0	1	0	0	0	0	0	0	2	0	0	0	0	0	0	0	0	0
124941	16 Oct 25	06:25:00	1	0	60	0	Ct	0	0	0	0	2	0	0	0	0	0	0	0	0	3	0	0	1	1	0	0	0	0	0	0	2	0	0	0	0	2	0	0	0	0
124942	16 Oct 25	06:26:00	1	0	60	0	Ct	0	0	1	0	2	2	0	0	0	0	0	0	2	3	0	3	0	1	0	0	0	0	0	0	1	0	0	0	0	0	0	0	0	0
124943	16 Oct 25	06:27:00	1	0	60	0	Ct	0	0	1	0	1	3	0	0	0	0	0	0	0	0	0	0	0	2	0	0	0	0	0	0	0	0	0	0	0	2	0	0	0	0
124944	16 Oct 25	06:28:00	1	0	60	0	Ct	0	0	1	0	3	1	0	0	0	0	0	0	1	0	0	0	5	2	0	0	0	0	0	0	3	0	0	0	0	1	0	0	0	0
124945	16 Oct 25	06:29:00	1	0	60	0	Ct	0	0	1	0	2	1	0	0	0	0	0	0	5	0	0	0	0	2	0	0	0	0	0	0	7	0	0	0	0	1	0	0	0	0
124946	16 Oct 25	06:30:00	1	0	60	0	Ct	0	0	1	0	2	3	0	0	0	0	0	0	1	1	0	0	5	2	0	0	0	0	0	0	0	0	0	0	0	2	0	0	0	0
124947	16 Oct 25	06:31:00	1	0	60	0	Ct	0	0	1	0	2	2	0	0	0	0	0	0	0	0	0	4	2	2	0	0	0	0	0	0	0	0	0	0	0	1	0	0	0	0
124948	16 Oct 25	06:32:00	1	0	60	0	Ct	0	0	0	0	2	0	0	0	0	0	0	0	0	1	0	2	0	3	0	0	0	0	0	0	3	0	0	0	0	0	0	0	0	0
124949	16 Oct 25	06:33:00	1	0	60	0	Ct	0	0	0	0	2	4	0	0	0	0	0	0	0	0	0	21	3	1	0	0	0	0	0	0	0	0	0	0	0	4	0	0	0	0
124950	16 Oct 25	06:34:00	1	0	60	0	Ct	0	0	0	0	2	6	0	0	0	0	0	0	2	1	0	0	1	0	0	0	0	0	0	0	0	0	0	0	0	2	0	0	0	0
124951	16 Oct 25	06:35:00	1	0	60	0	Ct	0	0	0	0	2	0	0	0	0	0	0	0	1	0	0	0	0	3	0	0	0	0	0	0	1	0	0	0	0	1	0	0	0	0
124952	16 Oct 25	06:36:00	1	0	60	0	Ct	0	0	0	0	1	2	0	0	0	0	0	0	5	0	0	0	0	1	0	0	0	0	0	0	1	0	0	0	0	2	0	0	0	0
124953	16 Oct 25	06:37:00	1	0	60	0	Ct	0	0	0	3	4	0	0	0	0	0	0	0	4	0	0	4	0	1	0	0	0	0	0	0	3	0	0	2	0	1	0	0	0	0
124954	16 Oct 25	06:38:00	1	0	60	0	Ct	0	0	0	2	3	0	0	0	0	0	0	0	2	0	0	8	0	1	0	0	0	0	1	0	2	0	0	0	0	0	0	0	0	0
124955	16 Oct 25	06:39:00	1	0	60	0	Ct	0	0	2	0	1	0	0	0	0	0	0	0	2	0	0	3	1	3	0	0	0	0	11	0	1	0	0	0	0	0	0	0	0	0
124956	16 Oct 25	06:40:00	1	0	60	0	Ct	0	0	0	0	2	0	0	0	0	0	0	0	0	0	0	0	1	1	0	0	1	0	7	0	2	0	0	0	0	7	0	0	1	0
124957	16 Oct 25	06:41:00	1	0	60	0	Ct	0	0	0	0	1	0	0	0	0	0	0	0	0	0	0	0	0	2	0	0	3	0	0	0	2	0	0	0	0	2	0	0	1	0
124958	16 Oct 25	06:42:00	1	0	60	0	Ct	0	0	0	0	2	0	0	0	0	0	0	0	0	0	0	0	3	1	0	0	3	0	10	0	1	0	0	1	0	2	0	0	2	0
124959	16 Oct 25	06:43:00	1	0	60	0	Ct	0	0	0	0	2	0	0	0	0	0	0	0	0	0	0	0	1	1	0	0	2	0	2	0	0	0	0	4	0	1	0	0	1	0
124960	16 Oct 25	06:44:00	1	0	60	0	Ct	0	0	3	0	2	0	0	0	0	0	0	0	1	0	0	0	0	1	0	0	0	0	1	0	2	0	0	0	0	2	0	0	1	0
124961	16 Oct 25	06:45:00	1	0	60	0	Ct	0	0	0	0	2	0	0	0	0	0	0	0	2	0	0	0	1	1	0	0	0	0	1	0	1	0	0	0	0	0	0	0	2	0
124962	16 Oct 25	06:46:00	1	0	60	0	Ct	0	0	1	0	1	0	0	0	0	0	0	0	0	0	0	0	1	2	0	0	0	0	4	0	3	0	0	0	0	0	0	0	0	0
124963	16 Oct 25	06:47:00	1	0	60	0	Ct	0	0	1	0	1	0	0	0	0	0	0	0	0	0	0	0	0	1	0	0	0	0	2	0	1	0	0	0	0	0	0	0	0	0
124964	16 Oct 25	06:48:00	1	0	60	0	Ct	0	0	0	0	2	0	0	0	0	0	0	0	0	6	3	0	1	1	0	0	0	0	4	0	0	0	0	0	0	1	1	0	1	0
124965	16 Oct 25	06:49:00	1	0	60	0	Ct	0	0	0	0	0	0	0	0	0	0	0	0	0	0	0	0	0	2	0	0	0	0	4	0	1	0	0	1	0	0	1	0	0	0
124966	16 Oct 25	06:50:00	1	0	60	0	Ct	0	0	0	0	3	0	0	0	0	0	0	0	3	0	0	0	2	1	0	0	0	0	1	0	0	0	0	0	0	1	0	0	0	0
124967	16 Oct 25	06:51:00	1	0	60	0	Ct	0	0	0	0	0	0	0	0	0	0	0	0	1	0	0	0	1	2	0	0	0	0	3	0	2	0	0	0	0	0	0	0	0	0
124968	16 Oct 25	06:52:00	1	0	60	0	Ct	0	0	0	0	1	0	0	0	0	0	0	0	1	0	0	0	0	2	0	0	0	0	4	0	2	0	0	0	0	0	5	0	0	0
124969	16 Oct 25	06:53:00	1	0	60	0	Ct	0	0	0	0	0	0	0	0	0	0	0	0	2	0	0	0	1	3	0	0	0	0	1	0	1	0	0	0	0	0	1	0	0	0
124970	16 Oct 25	06:54:00	1	0	60	0	Ct	0	0	0	0	2	0	0	0	0	0	0	0	2	0	0	0	0	2	0	0	0	0	3	0	0	0	0	1	0	0	1	0	0	0
124971	16 Oct 25	06:55:00	1	0	60	0	Ct	0	0	2	0	1	1	0	0	0	0	0	0	2	0	0	0	0	1	0	0	0	0	2	0	1	0	4	1	0	0	0	0	0	0
124972	16 Oct 25	06:56:00	1	0	60	0	Ct	0	0	0	0	2	6	0	0	0	0	0	0	0	0	0	0	1	2	0	0	0	0	2	0	1	0	0	0	0	1	0	0	0	0
124973	16 Oct 25	06:57:00	1	0	60	0	Ct	0	0	0	0	2	0	0	0	0	0	0	0	4	0	0	0	3	2	0	0	0	0	2	0	0	0	0	0	0	0	1	0	0	0
124974	16 Oct 25	06:58:00	1	0	60	0	Ct	0	0	0	0	0	0	0	0	0	0	0	0	0	0	0	1	0	2	0	0	0	0	0	0	0	0	0	0	0	1	0	0	0	0
124975	16 Oct 25	06:59:00	1	0	60	0	Ct	0	0	0	0	1	3	0	0	0	0	0	0	0	0	0	1	0	1	0	0	0	0	0	0	0	0	0	3	0	2	0	0	0	0
124976	16 Oct 25	07:00:00	1	0	60	0	Ct	0	0	0	0	3	2	0	0	0	0	0	0	2	0	0	0	0	1	5	0	0	0	0	0	0	0	0	0	2	1	0	0	0	0
124977	16 Oct 25	07:01:00	1	0	60	0	Ct	0	0	0	0	1	2	0	0	0	0	2	0	3	0	0	0	1	2	1	0	0	0	0	0	0	0	0	0	0	0	0	0	0	0
124978	16 Oct 25	07:02:00	1	0	60	0	Ct	0	0	0	0	3	0	0	0	0	0	3	0	2	0	0	0	0	1	1	0	0	0	0	0	1	0	2	0	2	3	0	0	0	0
124979	16 Oct 25	07:03:00	1	0	60	0	Ct	0	0	0	0	1	2	0	0	0	0	2	0	2	0	0	0	2	0	2	0	0	0	0	0	0	0	1	0	0	0	0	0	0	0
124980	16 Oct 25	07:04:00	1	0	60	0	Ct	0	0	0	0	3	2	0	0	0	0	1	0	1	0	0	0	0	4	3	0	0	0	0	0	3	0	1	0	0	1	0	0	1	0
124981	16 Oct 25	07:05:00	1	0	60	0	Ct	0	0	0	0	1	4	0	0	0	0	3	0	1	0	0	0	0	2	1	0	0	3	0	0	0	0	1	0	0	1	0	0	1	1
124982	16 Oct 25	07:06:00	1	0	60	0	Ct	0	0	0	0	1	0	0	0	0	0	2	0	1	2	0	0	0	2	3	0	0	1	0	0	1	0	1	0	0	2	1	0	2	2
124983	16 Oct 25	07:07:00	1	0	60	0	Ct	0	0	0	0	2	0	0	0	0	0	2	0	2	5	0	0	0	1	1	0	0	0	0	0	1	0	0	0	0	0	1	2	0	0
124984	16 Oct 25	07:08:00	1	0	60	0	Ct	0	0	0	0	0	1	0	0	0	0	2	0	0	2	0	0	0	1	2	0	0	2	0	0	2	0	1	0	0	2	1	2	0	0
124985	16 Oct 25	07:09:00	1	0	60	0	Ct	0	0	0	0	3	3	0	0	0	0	0	0	1	0	0	0	0	2	1	0	0	4	0	0	0	0	1	0	0	1	1	2	0	0
124986	16 Oct 25	07:10:00	1	0	60	0	Ct	0	0	0	0	1	1	0	0	0	0	2	0	1	0	0	0	0	3	3	0	0	1	0	0	1	0	0	0	0	0	0	5	0	0
124987	16 Oct 25	07:11:00	1	0	60	0	Ct	0	0	0	0	1	1	2	0	0	0	2	0	1	1	1	0	0	2	2	0	0	3	0	0	0	0	2	0	0	0	1	2	0	0
124988	16 Oct 25	07:12:00	1	0	60	0	Ct	0	0	0	0	1	0	0	0	0	0	2	0	0	1	1	0	0	3	1	0	0	1	0	0	1	0	1	0	0	2	0	0	4	2
124989	16 Oct 25	07:13:00	1	0	60	0	Ct	0	0	0	0	2	5	0	0	0	0	1	0	0	2	3	0	0	1	2	0	1	1	0	0	0	0	1	0	0	1	0	1	2	0
124990	16 Oct 25	07:14:00	1	0	60	0	Ct	0	0	0	0	2	0	2	0	0	0	1	0	0	1	3	0	0	1	1	0	0	1	0	0	2	0	1	0	0	3	0	1	2	1
124991	16 Oct 25	07:15:00	1	0	60	0	Ct	0	0	0	0	1	0	2	0	0	0	2	0	0	3	3	0	0	1	1	0	0	1	0	0	1	0	2	2	0	1	3	3	1	3
124992	16 Oct 25	07:16:00	1	0	60	0	Ct	0	0	0	0	1	0	2	0	0	0	1	0	1	0	2	0	0	0	2	0	0	3	0	0	0	0	5	0	0	2	0	1	2	2
124993	16 Oct 25	07:17:00	1	0	60	0	Ct	0	0	0	0	1	0	3	0	0	0	1	0	2	2	4	0	0	0	1	0	0	5	0	0	0	0	2	0	0	2	0	2	1	0
124994	16 Oct 25	07:18:00	1	0	60	0	Ct	0	0	0	0	2	0	2	0	0	0	2	0	1	1	2	2	0	0	2	0	0	1	0	3	0	0	0	2	0	2	0	3	1	0
124995	16 Oct 25	07:19:00	1	0	60	0	Ct	0	0	1	0	1	0	2	0	0	0	2	0	1	0	3	2	0	0	1	0	0	1	0	3	2	0	2	0	0	0	0	2	1	0
124996	16 Oct 25	07:20:00	1	0	60	0	Ct	0	0	21	0	1	0	2	0	0	0	1	0	2	1	2	1	0	0	2	0	0	0	0	2	0	0	0	2	0	0	1	2	2	0
124997	16 Oct 25	07:21:00	1	0	60	0	Ct	0	0	2	0	2	0	2	0	0	0	2	0	1	1	3	3	0	0	1	0	0	1	0	3	0	0	2	3	0	9	1	2	0	0
124998	16 Oct 25	07:22:00	1	0	60	0	Ct	0	0	1	0	0	0	2	0	0	0	1	5	3	2	2	0	0	0	2	0	0	1	0	2	0	0	3	10	3	2	2	2	2	0
124999	16 Oct 25	07:23:00	1	0	60	0	Ct	0	0	1	0	0	0	2	0	0	0	1	1	19	0	4	0	0	0	1	0	0	1	0	1	1	0	1	0	0	1	1	1	2	1
125000	16 Oct 25	07:24:00	1	0	60	0	Ct	0	0	2	0	2	0	1	0	0	0	5	0	3	0	3	0	0	0	1	0	0	0	0	3	1	0	0	0	0	1	0	2	1	0
125001	16 Oct 25	07:25:00	1	0	60	0	Ct	0	0	1	0	2	0	2	0	0	0	1	0	1	0	2	1	0	0	1	0	0	1	0	1	1	0	0	0	0	0	0	3	0	0
125002	16 Oct 25	07:26:00	1	0	60	0	Ct	0	0	2	0	1	0	1	0	0	0	1	0	1	0	2	1	0	0	1	0	0	1	0	1	3	0	0	2	0	0	5	4	0	0
125003	16 Oct 25	07:27:00	1	0	60	0	Ct	0	0	7	0	1	0	2	0	0	0	1	0	1	2	3	0	0	0	0	0	0	0	0	1	1	0	0	2	0	2	0	1	2	0
125004	16 Oct 25	07:28:00	1	0	60	0	Ct	0	0	1	0	0	0	2	0	0	0	1	2	2	0	2	1	0	0	2	0	0	0	0	1	9	0	0	1	0	1	2	2	0	0
125005	16 Oct 25	07:29:00	1	0	60	0	Ct	0	0	2	0	3	0	1	0	0	0	4	1	1	1	1	1	0	0	1	0	0	0	0	2	2	0	0	2	0	0	1	1	0	0
125006	16 Oct 25	07:30:00	1	0	60	0	Ct	0	0	0	0	14	0	5	0	0	0	2	1	2	0	2	1	0	0	1	0	0	6	0	2	1	0	0	3	0	0	0	2	1	0
125007	16 Oct 25	07:31:00	1	0	60	0	Ct	0	0	1	0	2	0	2	0	0	0	0	0	0	0	2	0	0	0	2	0	0	3	0	1	1	0	0	5	3	2	0	5	0	0
125008	16 Oct 25	07:32:00	1	0	60	0	Ct	0	0	1	0	0	0	2	0	0	0	1	0	2	0	2	3	0	0	0	0	0	0	0	2	0	0	0	2	0	2	0	2	0	0
125009	16 Oct 25	07:33:00	1	0	60	0	Ct	0	0	1	0	2	0	1	0	0	0	1	1	0	0	2	1	0	0	1	0	0	1	0	2	2	0	0	2	0	0	0	2	0	1
125010	16 Oct 25	07:34:00	1	0	60	0	Ct	0	0	2	0	1	0	2	0	0	0	1	0	0	1	2	0	0	0	2	0	0	0	0	2	1	0	0	3	0	1	0	0	0	4
125011	16 Oct 25	07:35:00	1	0	60	0	Ct	0	0	1	0	1	4	2	0	0	0	0	0	0	0	2	0	0	0	2	0	0	1	0	2	0	0	0	2	0	0	0	0	0	1
125012	16 Oct 25	07:36:00	1	0	60	0	Ct	0	0	2	0	0	5	1	0	0	0	4	0	0	1	2	1	0	0	0	0	0	3	0	0	1	0	0	2	0	1	0	4	0	2
125013	16 Oct 25	07:37:00	1	0	60	0	Ct	0	0	1	0	4	2	3	0	0	0	2	0	0	2	3	2	0	0	1	0	0	1	0	2	0	0	0	2	0	1	1	6	0	2
125014	16 Oct 25	07:38:00	1	0	60	0	Ct	0	0	1	0	1	2	4	0	0	0	2	0	0	1	3	1	11	0	2	0	0	2	0	2	0	0	0	3	0	2	1	4	0	0
125015	16 Oct 25	07:39:00	1	0	60	0	Ct	0	0	0	0	2	6	1	0	0	0	1	0	0	0	2	2	1	0	1	0	0	0	0	3	1	0	0	3	2	1	1	1	0	0
125016	16 Oct 25	07:40:00	1	0	60	0	Ct	0	0	1	0	2	0	14	0	0	0	1	0	0	2	1	1	1	0	1	0	0	1	0	1	1	0	0	2	1	0	0	1	0	0
125017	16 Oct 25	07:41:00	1	0	60	0	Ct	0	0	0	0	1	2	0	0	0	0	1	0	0	2	3	3	1	0	1	0	0	1	0	1	0	0	0	1	1	0	1	0	0	0
125018	16 Oct 25	07:42:00	1	0	60	0	Ct	0	0	0	0	1	0	1	0	0	0	0	0	0	1	2	2	0	0	0	0	0	3	0	2	0	0	0	5	8	1	3	0	0	0
125019	16 Oct 25	07:43:00	1	0	60	0	Ct	0	0	1	0	0	2	2	0	0	0	0	0	0	1	4	1	1	0	2	0	0	0	0	1	2	0	2	2	1	1	1	0	0	0
125020	16 Oct 25	07:44:00	1	0	60	0	Ct	0	0	1	0	1	2	2	0	0	0	3	0	0	0	1	2	2	0	1	0	0	0	0	2	0	0	0	1	6	2	3	1	0	0
125021	16 Oct 25	07:45:00	1	0	60	0	Ct	0	0	0	0	3	0	2	0	0	0	2	0	0	0	2	0	2	0	1	0	0	0	0	2	0	0	0	3	1	1	0	2	0	0
125022	16 Oct 25	07:46:00	1	0	60	0	Ct	0	0	7	0	1	4	3	0	0	0	0	2	0	0	2	1	5	4	1	0	0	0	0	0	1	0	2	2	2	0	0	3	0	0
125023	16 Oct 25	07:47:00	1	0	60	0	Ct	0	0	0	0	1	1	1	0	0	0	3	0	0	0	2	2	1	5	1	0	0	0	0	3	5	0	6	3	3	22	1	2	0	0
125024	16 Oct 25	07:48:00	1	0	60	0	Ct	0	0	0	0	2	0	1	0	0	0	1	0	0	0	2	3	0	2	0	0	0	0	0	2	5	0	3	2	2	5	0	2	0	0
125025	16 Oct 25	07:49:00	1	0	60	0	Ct	0	0	0	0	1	1	0	0	0	0	1	3	0	4	3	2	6	3	1	0	1	0	1	2	2	0	1	1	3	2	0	4	0	0
125026	16 Oct 25	07:50:00	1	0	60	0	Ct	0	0	1	0	1	3	0	0	0	0	1	4	0	0	2	1	0	2	2	0	0	2	3	2	1	0	1	1	3	0	0	2	0	0
125027	16 Oct 25	07:51:00	1	0	60	0	Ct	0	0	0	0	0	2	0	0	0	0	1	0	0	1	0	2	0	1	0	0	0	0	4	1	0	0	1	3	1	0	0	0	0	0
125028	16 Oct 25	07:52:00	1	0	60	0	Ct	0	0	0	0	0	2	2	0	0	0	3	0	0	0	3	2	0	2	0	0	0	2	4	0	0	0	2	2	2	1	0	2	0	0
125029	16 Oct 25	07:53:00	1	0	60	0	Ct	0	0	0	0	0	0	2	0	0	0	1	0	0	2	2	1	2	2	0	0	0	0	5	0	1	0	1	3	1	1	0	2	0	0
125030	16 Oct 25	07:54:00	1	0	60	0	Ct	0	0	2	0	1	0	2	0	0	0	2	0	0	0	1	1	2	3	0	0	0	1	2	0	1	0	1	2	3	0	0	2	0	0
125031	16 Oct 25	07:55:00	1	0	60	0	Ct	0	0	0	2	2	0	0	0	0	0	1	0	0	3	1	3	0	1	0	0	0	1	5	1	0	0	1	1	2	3	0	1	0	0
125032	16 Oct 25	07:56:00	1	0	60	0	Ct	0	0	1	0	1	0	2	0	0	0	1	0	0	0	3	0	0	4	2	0	0	1	0	1	0	0	3	2	2	1	0	0	0	0
125033	16 Oct 25	07:57:00	1	0	60	0	Ct	0	0	0	2	2	1	2	2	0	0	1	0	0	6	2	0	0	2	2	0	0	1	2	3	1	0	2	3	0	6	0	3	0	0
125034	16 Oct 25	07:58:00	1	0	60	0	Ct	0	0	0	0	1	0	2	3	0	0	0	0	0	2	2	0	0	1	1	0	2	2	1	1	2	0	1	2	2	1	0	3	1	0
125035	16 Oct 25	07:59:00	1	0	60	0	Ct	0	0	0	0	1	4	0	1	0	0	1	0	0	1	2	0	0	1	1	0	4	1	1	4	0	0	1	2	2	0	0	1	2	1
125036	16 Oct 25	08:00:00	1	0	60	0	Ct	0	0	0	0	0	0	2	1	0	0	1	0	1	0	1	1	0	2	1	0	1	0	2	1	1	0	1	3	2	2	0	2	3	2
125037	16 Oct 25	08:01:00	1	0	60	0	Ct	0	0	4	0	1	4	2	2	0	0	3	0	1	1	2	1	0	0	1	0	3	1	0	2	2	0	2	2	3	1	0	3	2	3
125038	16 Oct 25	08:02:00	1	0	60	0	Ct	0	0	2	0	1	0	1	1	0	0	2	0	2	0	3	2	0	0	1	0	4	1	2	4	2	0	1	1	1	0	0	2	2	4
125039	16 Oct 25	08:03:00	1	0	60	0	Ct	0	0	1	0	4	2	2	2	0	0	0	0	2	2	3	2	0	2	2	0	2	2	4	4	1	0	2	1	2	0	0	1	3	2
125040	16 Oct 25	08:04:00	1	0	60	0	Ct	0	0	1	0	1	0	2	1	0	0	0	0	2	2	2	2	0	1	1	0	2	0	1	1	1	0	2	3	1	1	0	0	1	6
125041	16 Oct 25	08:05:00	1	0	60	0	Ct	0	0	1	0	1	3	2	1	2	0	0	0	1	0	2	1	0	2	1	0	3	0	5	2	0	0	0	3	1	3	0	0	2	2
125042	16 Oct 25	08:06:00	1	0	60	0	Ct	0	0	1	0	3	6	0	6	0	0	0	0	1	1	2	2	0	2	1	0	1	2	0	1	0	0	2	2	1	0	0	0	2	6
125043	16 Oct 25	08:07:00	1	0	60	0	Ct	0	0	1	0	0	0	1	1	0	0	0	0	2	0	2	2	0	2	1	0	1	1	0	2	0	0	1	1	1	1	0	3	1	1
125044	16 Oct 25	08:08:00	1	0	60	0	Ct	0	0	1	0	0	2	0	2	0	0	2	1	1	0	3	1	0	2	1	0	3	2	1	0	0	0	1	2	3	1	0	0	0	3
125045	16 Oct 25	08:09:00	1	0	60	0	Ct	0	0	1	1	0	1	2	2	0	0	0	0	2	0	1	1	0	2	1	0	2	0	0	1	2	0	1	2	1	0	0	1	1	3
125046	16 Oct 25	08:10:00	1	0	60	0	Ct	0	0	0	1	3	6	0	2	0	0	0	0	0	1	2	2	0	2	1	0	1	1	1	1	0	0	1	2	1	1	0	3	1	3
125047	16 Oct 25	08:11:00	1	0	60	0	Ct	0	0	0	0	2	0	0	1	0	0	2	0	0	0	3	2	0	1	0	0	1	3	3	2	1	0	6	2	1	1	0	1	3	6
125048	16 Oct 25	08:12:00	1	0	60	0	Ct	0	0	0	0	1	1	1	2	0	0	1	0	1	2	2	1	0	1	0	0	3	1	1	0	1	0	1	2	1	0	0	3	1	1
125049	16 Oct 25	08:13:00	1	0	60	0	Ct	0	0	0	0	1	2	1	1	0	0	2	0	0	3	2	2	0	2	2	0	1	1	2	1	1	0	2	2	1	3	0	2	1	1
125050	16 Oct 25	08:14:00	1	0	60	0	Ct	0	0	0	0	1	0	3	1	0	0	1	0	1	0	2	3	0	0	1	0	2	1	6	7	2	0	1	3	4	0	0	0	7	3
125051	16 Oct 25	08:15:00	1	0	60	0	Ct	0	0	1	3	2	0	1	1	0	0	0	0	1	0	0	6	0	2	1	0	3	0	3	1	1	0	0	0	1	0	0	0	1	2
125052	16 Oct 25	08:16:00	1	0	60	0	Ct	0	0	1	0	0	0	1	0	0	0	1	0	0	1	2	1	0	0	0	0	1	1	1	2	1	0	1	0	2	0	0	0	0	2
125053	16 Oct 25	08:17:00	1	0	60	0	Ct	0	0	0	0	2	0	2	3	0	0	2	0	2	3	3	1	0	2	2	0	2	0	4	2	1	0	1	2	0	1	0	3	1	0
125054	16 Oct 25	08:18:00	1	0	60	0	Ct	0	0	0	0	1	0	2	0	0	0	1	0	2	4	0	2	0	2	1	0	2	0	3	1	0	0	6	1	0	2	0	3	2	4
125055	16 Oct 25	08:19:00	1	0	60	0	Ct	0	0	0	0	2	0	3	2	0	0	0	0	1	0	2	1	2	0	1	0	3	0	5	8	0	0	1	2	0	2	0	0	1	3
125056	16 Oct 25	08:20:00	1	0	60	0	Ct	0	0	0	0	1	0	4	1	0	0	0	0	0	2	3	1	1	2	1	0	1	0	3	1	0	0	1	2	2	2	0	0	1	2
125057	16 Oct 25	08:21:00	1	0	60	0	Ct	0	0	1	0	1	1	1	2	0	0	0	0	0	0	2	4	1	0	1	0	2	1	5	0	0	0	1	2	0	2	0	3	1	1
125058	16 Oct 25	08:22:00	1	0	60	0	Ct	0	0	1	1	3	2	1	1	0	0	0	0	1	0	2	1	1	2	1	0	5	1	1	1	0	0	1	1	1	0	0	2	1	0
125059	16 Oct 25	08:23:00	1	0	60	0	Ct	0	0	1	1	1	1	0	1	0	0	0	0	2	12	1	1	2	2	6	0	2	0	1	1	0	0	0	4	1	2	0	1	1	1
125060	16 Oct 25	08:24:00	1	0	60	0	Ct	0	0	1	0	1	0	0	3	0	0	0	0	1	2	2	8	0	0	1	0	1	2	2	1	1	0	2	2	11	1	0	0	1	1
125061	16 Oct 25	08:25:00	1	0	60	0	Ct	0	0	1	0	1	4	1	1	0	0	0	0	0	0	3	2	0	2	3	0	2	4	1	1	0	0	1	1	2	2	0	1	0	2
125062	16 Oct 25	08:26:00	1	0	60	0	Ct	0	0	0	2	1	1	2	1	0	0	0	0	1	1	1	1	1	2	3	0	1	0	9	0	1	2	1	3	0	0	0	4	0	1
125063	16 Oct 25	08:27:00	1	0	60	0	Ct	0	0	3	2	2	2	2	1	0	0	1	2	0	0	2	2	2	3	13	0	2	0	0	0	1	0	2	2	1	2	0	2	0	2
125064	16 Oct 25	08:28:00	1	0	60	0	Ct	0	0	0	3	1	1	2	0	0	0	1	3	1	12	1	3	2	3	10	0	1	1	4	2	1	0	3	0	2	0	0	2	0	2
125065	16 Oct 25	08:29:00	1	0	60	0	Ct	0	0	1	2	1	3	2	2	0	0	2	1	3	6	2	3	0	0	12	0	2	2	0	2	1	0	2	1	1	10	0	1	0	2
125066	16 Oct 25	08:30:00	1	0	60	0	Ct	0	0	2	1	2	0	0	2	0	0	1	0	2	2	2	3	1	1	14	0	2	3	0	2	1	0	1	9	1	16	0	0	0	2
125067	16 Oct 25	08:31:00	1	0	60	0	Ct	0	0	0	2	0	4	1	2	0	0	4	9	0	2	2	2	1	2	12	0	2	0	2	2	1	0	1	6	1	0	0	2	0	1
125068	16 Oct 25	08:32:00	1	0	60	0	Ct	0	0	4	2	0	3	2	1	0	0	2	0	1	1	1	3	0	2	7	0	2	0	17	2	0	0	2	0	1	4	2	2	0	2
125069	16 Oct 25	08:33:00	1	0	60	0	Ct	0	0	0	2	2	0	2	0	1	0	0	1	1	1	2	1	0	2	2	0	2	1	18	2	0	0	1	21	4	1	0	3	1	0
125070	16 Oct 25	08:34:00	1	0	60	0	Ct	0	0	4	1	1	2	2	1	1	2	0	0	2	0	2	1	3	1	2	0	1	0	15	1	1	0	0	1	3	5	0	1	1	1
125071	16 Oct 25	08:35:00	1	0	60	0	Ct	0	0	3	2	1	0	1	1	0	0	2	2	0	0	3	0	6	1	0	0	1	2	12	2	0	0	3	3	1	1	2	1	0	2
125072	16 Oct 25	08:36:00	1	0	60	0	Ct	0	0	1	2	2	6	2	2	2	3	2	1	4	0	2	1	1	2	1	0	2	3	3	2	1	0	0	1	1	0	0	14	1	1
125073	16 Oct 25	08:37:00	1	0	60	0	Ct	0	0	0	3	0	0	2	0	1	1	1	1	0	0	2	2	1	1	0	0	1	0	0	1	0	0	1	3	2	0	0	4	0	3
125074	16 Oct 25	08:38:00	1	0	60	0	Ct	0	0	2	1	0	2	2	0	3	3	2	3	0	0	2	0	0	2	0	0	2	0	2	1	0	0	1	1	15	3	0	0	0	1
125075	16 Oct 25	08:39:00	1	0	60	0	Ct	0	0	0	2	2	3	2	0	0	0	0	0	0	0	2	1	0	0	0	0	1	0	3	1	1	0	1	3	4	3	0	0	0	4
125076	16 Oct 25	08:40:00	1	0	60	0	Ct	0	0	0	1	0	3	1	1	0	2	0	0	0	1	2	4	0	0	0	0	3	0	4	1	1	0	1	1	1	1	0	0	0	0
125077	16 Oct 25	08:41:00	1	0	60	0	Ct	0	0	0	1	1	0	2	1	0	0	0	0	1	1	2	2	0	2	0	0	1	1	2	2	2	0	2	1	1	3	0	0	0	2
125078	16 Oct 25	08:42:00	1	0	60	0	Ct	0	0	0	2	1	0	1	1	0	0	0	0	2	0	2	1	1	0	0	0	2	0	2	2	15	0	3	2	1	0	3	0	0	5
125079	16 Oct 25	08:43:00	1	0	60	0	Ct	0	0	0	1	1	2	1	1	1	0	1	0	0	0	2	0	2	1	0	0	2	1	0	1	2	0	0	2	1	3	2	1	0	2
125080	16 Oct 25	08:44:00	1	0	60	0	Ct	0	0	0	2	2	3	0	0	4	0	2	0	0	1	1	0	1	1	0	0	2	1	4	1	2	0	1	6	2	1	2	3	0	3
125081	16 Oct 25	08:45:00	1	0	60	0	Ct	0	0	0	2	1	2	0	0	1	0	2	0	0	0	2	1	0	3	1	0	1	1	2	1	1	0	0	0	0	0	1	2	0	1
125082	16 Oct 25	08:46:00	1	0	60	0	Ct	0	0	1	1	0	0	2	0	3	0	1	1	0	1	2	1	0	1	0	0	3	6	1	1	0	0	4	2	0	0	0	2	0	4
125083	16 Oct 25	08:47:00	1	0	60	0	Ct	0	0	1	2	1	4	1	0	0	0	3	0	0	5	1	1	0	4	2	0	0	1	6	0	1	0	1	1	0	0	0	2	0	2
125084	16 Oct 25	08:48:00	1	0	60	0	Ct	0	0	1	1	1	0	2	0	1	0	1	1	0	0	2	2	0	0	1	0	3	0	2	0	1	0	0	1	0	2	0	1	0	1
125085	16 Oct 25	08:49:00	1	0	60	0	Ct	0	0	1	2	2	0	5	2	2	0	1	0	0	0	2	2	0	1	0	0	1	1	0	0	0	0	3	3	0	1	1	2	0	3
125086	16 Oct 25	08:50:00	1	0	60	0	Ct	0	0	2	1	1	0	2	2	2	0	2	0	0	0	2	3	0	1	0	0	1	2	2	1	3	0	1	2	0	0	1	2	0	2
125087	16 Oct 25	08:51:00	1	0	60	0	Ct	0	0	2	1	1	0	1	2	2	0	1	0	0	2	1	1	3	2	0	0	3	1	1	1	0	0	1	2	0	0	3	1	0	2
125088	16 Oct 25	08:52:00	1	0	60	0	Ct	0	0	1	0	5	0	3	1	2	0	2	0	0	0	0	1	0	1	0	0	1	1	2	2	1	0	1	1	0	2	0	6	0	1
125089	16 Oct 25	08:53:00	1	0	60	0	Ct	0	0	1	2	2	6	3	2	2	0	1	0	0	0	2	1	2	1	2	0	2	0	0	1	0	0	1	2	0	0	1	1	0	3
125090	16 Oct 25	08:54:00	1	0	60	0	Ct	0	0	0	1	5	9	2	2	2	0	1	0	0	1	2	2	1	2	3	0	2	1	7	3	0	0	1	3	0	0	1	4	0	2
125091	16 Oct 25	08:55:00	1	0	60	0	Ct	0	0	0	1	6	7	1	2	1	0	2	0	0	0	2	10	0	3	2	0	1	0	0	1	1	0	1	2	0	2	0	1	0	2
125092	16 Oct 25	08:56:00	1	0	60	0	Ct	0	0	0	1	0	5	1	0	1	0	1	0	0	2	3	2	0	2	2	0	2	1	2	2	0	0	2	8	0	2	2	0	0	2
125093	16 Oct 25	08:57:00	1	0	60	0	Ct	0	0	0	1	1	0	1	0	2	2	1	0	0	1	2	2	0	2	1	0	2	2	1	1	1	0	9	19	0	0	0	1	0	1
125094	16 Oct 25	08:58:00	1	0	60	0	Ct	0	0	3	2	1	6	2	0	1	0	2	0	0	0	2	0	0	0	0	0	3	0	2	0	1	0	1	0	0	2	0	3	0	0
125095	16 Oct 25	08:59:00	1	0	60	0	Ct	0	0	1	1	1	7	0	0	1	2	3	1	0	1	3	2	2	0	1	0	1	0	2	1	0	0	2	0	0	3	1	1	0	1
125096	16 Oct 25	09:00:00	1	0	60	0	Ct	0	0	0	2	1	4	0	0	1	2	1	1	0	1	1	1	1	3	2	0	3	0	0	2	0	0	2	2	0	1	0	1	0	0
125097	16 Oct 25	09:01:00	1	0	60	0	Ct	0	0	2	2	1	27	0	0	1	2	1	4	0	0	1	2	1	2	1	0	1	0	0	2	1	0	2	2	0	0	0	0	0	1
125098	16 Oct 25	09:02:00	1	0	60	0	Ct	0	0	1	2	7	4	0	2	2	1	2	2	0	2	1	1	0	1	1	0	1	0	1	2	1	0	1	3	0	4	1	0	0	1
125099	16 Oct 25	09:03:00	1	0	60	0	Ct	0	0	1	1	1	5	0	0	2	2	0	4	0	0	2	1	0	1	1	0	0	0	1	4	2	0	1	1	0	0	1	3	0	2
125100	16 Oct 25	09:04:00	1	0	60	0	Ct	0	0	1	1	1	3	0	0	0	0	2	2	0	1	2	1	0	2	2	0	0	0	1	1	1	0	1	2	0	0	0	1	5	0
125101	16 Oct 25	09:05:00	1	0	60	0	Ct	0	0	2	2	2	1	0	0	2	2	2	1	0	0	1	8	0	1	0	0	0	1	2	1	2	0	0	2	0	0	0	0	2	2
125102	16 Oct 25	09:06:00	1	0	60	0	Ct	0	0	1	2	1	3	0	2	1	0	2	2	0	0	1	10	0	2	1	0	0	1	1	0	1	0	1	1	0	1	0	0	2	1
125103	16 Oct 25	09:07:00	1	0	60	0	Ct	0	0	2	2	1	6	0	0	1	1	2	3	0	0	2	0	0	2	1	0	0	1	3	2	1	0	0	1	0	2	0	0	3	0
125104	16 Oct 25	09:08:00	1	0	60	0	Ct	0	0	0	2	3	0	0	0	2	2	1	2	0	0	2	1	0	0	3	0	0	2	0	0	1	0	6	2	0	6	0	0	2	1
125105	16 Oct 25	09:09:00	1	0	60	0	Ct	0	0	0	2	1	5	0	0	1	2	2	2	0	2	2	0	0	2	2	0	0	1	1	1	1	0	1	1	0	4	0	0	1	0
125106	16 Oct 25	09:10:00	1	0	60	0	Ct	0	0	2	1	0	6	0	0	3	2	0	2	0	1	2	1	0	2	1	0	0	2	3	2	0	0	1	0	0	0	1	0	0	1
125107	16 Oct 25	09:11:00	1	0	60	0	Ct	0	0	2	1	1	2	0	0	3	1	1	3	0	1	4	2	0	0	0	0	0	1	2	0	0	0	1	0	2	3	1	0	1	1
125108	16 Oct 25	09:12:00	1	0	60	0	Ct	0	0	0	2	2	1	0	0	2	1	1	1	0	1	2	3	0	0	1	0	0	2	1	1	1	0	1	1	0	0	1	0	2	0
125109	16 Oct 25	09:13:00	1	0	60	0	Ct	0	0	0	2	3	0	0	0	0	3	1	1	0	1	4	3	0	1	1	0	0	1	2	1	0	0	1	1	0	1	1	0	0	0
125110	16 Oct 25	09:14:00	1	0	60	0	Ct	0	0	3	2	1	2	0	0	3	2	1	3	0	0	1	2	0	2	1	0	0	0	2	2	1	0	1	2	0	1	0	0	1	2
125111	16 Oct 25	09:15:00	1	0	60	0	Ct	0	0	2	2	0	6	0	0	3	0	1	2	0	2	2	2	0	2	1	0	0	0	0	1	2	0	2	1	0	0	0	0	1	1
125112	16 Oct 25	09:16:00	1	0	60	0	Ct	0	0	4	1	0	5	0	0	1	2	0	1	0	0	2	1	0	3	1	0	3	1	1	1	1	0	1	2	0	1	0	0	0	1
125113	16 Oct 25	09:17:00	1	0	60	0	Ct	0	0	0	1	1	0	0	0	1	1	1	9	0	1	0	1	0	1	1	0	0	1	4	1	1	0	2	2	0	0	0	0	2	2
125114	16 Oct 25	09:18:00	1	0	60	0	Ct	0	0	0	0	1	0	0	0	1	1	0	0	0	0	3	1	0	2	1	0	1	2	0	0	1	0	4	2	0	2	0	0	1	2
125115	16 Oct 25	09:19:00	1	0	60	0	Ct	0	0	0	2	0	3	0	0	6	2	2	1	4	0	2	3	0	0	2	0	0	1	0	1	0	0	0	2	0	1	1	0	1	3
125116	16 Oct 25	09:20:00	1	0	60	0	Ct	0	0	0	2	1	0	0	0	1	0	0	0	8	2	0	0	3	2	1	0	0	0	0	2	0	0	2	2	0	7	0	3	1	2
125117	16 Oct 25	09:21:00	1	0	60	0	Ct	0	0	0	2	1	1	0	0	6	0	5	0	3	1	2	1	0	2	1	0	0	0	0	0	0	0	2	1	0	3	1	3	1	0
125118	16 Oct 25	09:22:00	1	0	60	0	Ct	0	0	0	2	0	2	0	0	0	1	1	0	1	0	1	3	2	3	1	0	0	1	0	2	1	0	1	1	0	1	1	2	0	5
125119	16 Oct 25	09:23:00	1	0	60	0	Ct	0	0	2	1	1	0	0	0	2	2	1	0	2	4	3	3	3	1	0	0	0	1	0	2	1	0	0	2	0	0	0	2	0	2
125120	16 Oct 25	09:24:00	1	0	60	0	Ct	0	0	0	2	1	3	0	0	1	2	2	0	1	0	2	0	3	2	1	0	0	0	0	1	1	0	1	1	0	3	2	1	0	0
125121	16 Oct 25	09:25:00	1	0	60	0	Ct	0	0	0	1	1	0	0	0	1	1	1	0	2	0	1	3	1	1	1	0	5	1	0	0	0	0	1	2	0	0	0	0	0	1
125122	16 Oct 25	09:26:00	1	0	60	0	Ct	0	0	0	0	4	9	0	0	1	0	0	0	2	0	0	3	0	2	1	0	1	1	0	2	1	0	1	1	0	2	1	0	0	1
125123	16 Oct 25	09:27:00	1	0	60	0	Ct	0	0	0	0	2	5	0	0	0	1	2	0	2	1	2	2	1	0	5	0	0	0	0	0	1	0	0	2	0	2	0	0	0	0
125124	16 Oct 25	09:28:00	1	0	60	0	Ct	0	0	0	2	1	4	0	0	4	4	2	0	1	4	3	1	1	3	7	0	2	3	0	1	0	0	0	1	0	3	1	0	0	3
125125	16 Oct 25	09:29:00	1	0	60	0	Ct	0	0	0	0	1	0	0	1	0	2	1	0	2	1	1	1	4	1	1	0	0	2	0	0	2	0	1	2	0	1	0	0	0	1
125126	16 Oct 25	09:30:00	1	0	60	0	Ct	0	0	0	2	1	0	0	1	2	2	2	0	1	0	3	1	0	2	0	0	3	1	0	6	2	0	1	1	0	0	0	0	0	4
125127	16 Oct 25	09:31:00	1	0	60	0	Ct	0	0	0	2	2	0	0	3	1	1	2	0	1	0	1	1	0	2	0	0	1	1	0	1	0	0	2	0	0	1	3	0	0	1
125128	16 Oct 25	09:32:00	1	0	60	0	Ct	0	0	0	1	1	0	0	0	1	1	1	0	1	1	0	2	0	2	0	0	0	1	0	1	1	0	1	0	0	1	1	2	0	3
125129	16 Oct 25	09:33:00	1	0	60	0	Ct	0	0	0	2	2	0	0	0	1	2	2	0	1	1	0	3	2	2	0	0	0	1	0	1	0	0	1	2	0	0	0	3	0	1
125130	16 Oct 25	09:34:00	1	0	60	0	Ct	0	0	0	2	1	0	0	0	2	2	1	0	3	2	1	1	3	1	0	0	0	0	0	0	0	0	2	2	0	1	0	0	0	1
125131	16 Oct 25	09:35:00	1	0	60	0	Ct	0	0	0	0	1	0	0	0	2	1	1	0	0	0	1	1	1	0	0	0	0	1	0	2	1	0	1	2	0	1	2	2	0	1
125132	16 Oct 25	09:36:00	1	0	60	0	Ct	0	0	0	4	1	5	0	0	0	0	1	0	1	1	0	2	0	1	0	0	0	0	0	1	1	0	4	3	0	0	1	2	0	4
125133	16 Oct 25	09:37:00	1	0	60	0	Ct	0	0	0	2	0	5	0	0	0	2	2	1	1	2	2	1	1	2	0	0	0	0	2	1	1	0	2	1	0	0	0	3	0	0
125134	16 Oct 25	09:38:00	1	0	60	0	Ct	0	0	0	1	1	0	0	0	0	1	1	0	2	1	2	0	0	2	0	0	0	0	4	3	0	0	1	1	0	1	1	1	0	3
125135	16 Oct 25	09:39:00	1	0	60	0	Ct	0	0	0	3	2	1	0	0	0	0	1	0	1	5	1	1	0	0	1	0	4	0	6	1	0	0	2	3	0	1	0	2	0	4
125136	16 Oct 25	09:40:00	1	0	60	0	Ct	0	0	0	1	1	0	0	0	4	0	0	4	1	0	2	2	0	2	0	0	1	0	4	2	0	0	0	0	0	1	0	1	0	1
125137	16 Oct 25	09:41:00	1	0	60	0	Ct	0	0	0	2	2	3	0	0	1	2	2	2	1	0	0	1	0	0	0	0	1	0	2	1	2	0	1	2	0	1	1	1	0	2
125138	16 Oct 25	09:42:00	1	0	60	0	Ct	0	0	0	1	1	0	0	0	0	1	1	0	0	18	2	2	0	4	1	0	0	1	1	0	1	0	2	1	0	2	0	0	0	2
125139	16 Oct 25	09:43:00	1	0	60	0	Ct	0	0	0	1	1	4	0	0	5	1	1	0	0	9	0	0	0	20	2	0	1	1	6	0	1	0	1	1	0	0	0	3	0	2
125140	16 Oct 25	09:44:00	1	0	60	0	Ct	0	0	0	1	3	3	0	0	1	0	0	2	1	9	0	2	1	28	1	0	0	0	4	2	0	0	1	2	0	0	0	0	0	0
125141	16 Oct 25	09:45:00	1	0	60	0	Ct	0	0	0	1	1	0	0	0	2	2	0	0	1	4	1	0	0	31	1	0	2	3	3	1	0	0	1	1	0	0	1	2	0	0
125142	16 Oct 25	09:46:00	1	0	60	0	Ct	0	0	0	0	1	0	0	0	1	1	3	0	1	0	2	0	1	0	1	0	2	1	1	1	6	0	1	3	0	1	0	3	0	0
125143	16 Oct 25	09:47:00	1	0	60	0	Ct	0	0	0	1	1	2	0	0	1	0	0	0	0	1	0	1	1	0	1	0	2	2	3	2	1	0	2	2	0	1	0	2	0	0
125144	16 Oct 25	09:48:00	1	0	60	0	Ct	0	0	0	2	1	8	0	0	3	1	0	0	2	0	0	0	3	2	1	0	3	0	2	1	2	0	2	2	0	2	0	0	0	1
125145	16 Oct 25	09:49:00	1	0	60	0	Ct	0	0	2	4	1	2	0	0	1	0	0	0	2	1	0	0	1	0	2	0	2	0	1	1	1	0	2	1	0	1	0	1	0	6
125146	16 Oct 25	09:50:00	1	0	60	0	Ct	0	0	0	1	1	0	0	0	0	0	0	0	1	7	0	1	1	1	0	0	2	1	2	2	1	0	4	0	0	2	4	0	0	0
125147	16 Oct 25	09:51:00	1	0	60	0	Ct	0	0	2	3	1	6	0	0	1	2	2	0	1	2	0	1	0	2	1	0	1	3	1	1	0	0	0	4	0	0	1	0	0	1
125148	16 Oct 25	09:52:00	1	0	60	0	Ct	0	0	2	4	1	0	0	0	1	2	0	0	1	1	0	2	2	2	2	0	2	1	2	2	3	0	1	13	0	1	4	0	0	1
125149	16 Oct 25	09:53:00	1	0	60	0	Ct	0	0	1	1	0	1	0	0	0	1	0	0	1	3	0	0	1	2	2	0	2	2	3	1	0	0	2	4	0	0	0	1	2	0
125150	16 Oct 25	09:54:00	1	0	60	0	Ct	0	0	0	0	2	0	0	0	0	1	0	0	1	1	0	2	0	3	1	0	2	1	0	2	0	0	2	5	0	1	1	3	0	4
125151	16 Oct 25	09:55:00	1	0	60	0	Ct	0	0	0	0	0	1	0	0	0	2	0	0	1	2	0	0	1	1	0	0	4	0	1	1	0	0	1	13	0	0	0	1	0	6
125152	16 Oct 25	09:56:00	1	0	60	0	Ct	0	0	0	0	0	7	0	0	0	1	0	3	1	0	0	0	0	2	1	0	2	0	2	2	1	0	1	2	0	3	1	2	0	1
125153	16 Oct 25	09:57:00	1	0	60	0	Ct	0	0	0	2	0	1	2	0	0	3	0	0	1	2	0	1	1	2	1	0	2	0	0	1	1	0	1	0	0	0	1	3	2	2
125154	16 Oct 25	09:58:00	1	0	60	0	Ct	0	0	0	0	0	0	0	0	0	2	0	0	0	0	0	1	0	2	2	0	2	0	2	0	1	0	1	0	0	3	0	0	1	2
125155	16 Oct 25	09:59:00	1	0	60	0	Ct	0	0	0	0	2	0	3	0	0	0	0	0	0	0	0	2	2	1	1	0	3	1	1	0	1	0	1	0	0	0	0	0	2	2
125156	16 Oct 25	10:00:00	1	0	60	0	Ct	0	0	0	2	2	0	2	0	0	0	0	0	0	0	0	2	0	2	2	0	2	1	2	0	1	0	1	0	0	1	0	0	2	0
125157	16 Oct 25	10:01:00	1	0	60	0	Ct	0	0	0	1	0	0	5	0	0	0	0	0	0	1	0	1	1	2	0	0	3	0	2	0	0	0	1	0	0	2	3	0	1	3
125158	16 Oct 25	10:02:00	1	0	60	0	Ct	0	0	0	3	3	0	2	0	0	2	0	0	1	1	0	1	1	0	1	0	1	3	4	0	1	0	2	0	0	2	2	0	3	1
125159	16 Oct 25	10:03:00	1	0	60	0	Ct	0	0	3	0	4	0	4	0	0	0	0	0	2	0	0	2	2	1	2	0	3	1	3	0	0	0	1	0	0	1	1	0	1	1
125160	16 Oct 25	10:04:00	1	0	60	0	Ct	0	0	1	0	1	5	1	0	0	0	0	0	1	0	0	1	0	1	0	0	1	0	5	0	1	0	1	0	0	1	1	0	2	0
125161	16 Oct 25	10:05:00	1	0	60	0	Ct	0	0	1	0	1	2	3	0	0	1	0	0	3	0	2	0	0	2	3	0	2	1	0	0	0	0	1	0	0	1	0	0	1	1
125162	16 Oct 25	10:06:00	1	0	60	0	Ct	0	0	0	0	1	0	3	0	0	2	0	0	1	2	0	1	3	1	1	0	0	1	1	0	1	0	2	0	0	0	6	1	1	4
125163	16 Oct 25	10:07:00	1	0	60	0	Ct	0	1	2	3	0	1	2	0	0	1	0	2	0	0	0	5	0	1	2	0	0	1	0	0	0	0	2	0	0	0	1	2	2	1
125164	16 Oct 25	10:08:00	1	0	60	0	Ct	0	1	1	1	0	4	1	0	1	0	0	3	0	0	0	4	0	2	1	0	0	1	0	0	0	0	2	0	0	0	2	0	1	0
125165	16 Oct 25	10:09:00	1	0	60	0	Ct	0	1	2	2	0	0	0	0	1	0	0	2	0	0	0	0	0	2	0	0	0	1	1	0	0	2	1	0	0	0	0	1	0	0
125166	16 Oct 25	10:10:00	1	0	60	0	Ct	0	1	2	2	0	0	0	0	0	0	0	4	0	0	0	2	0	0	0	0	0	2	0	0	0	0	19	0	0	0	0	0	0	0
125167	16 Oct 25	10:11:00	1	0	60	0	Ct	0	1	3	1	1	0	0	0	0	4	0	0	2	1	0	0	0	0	0	0	0	0	0	0	0	0	0	0	0	0	0	0	0	0
125168	16 Oct 25	10:12:00	1	0	60	0	Ct	0	1	1	1	0	0	0	0	0	1	0	0	0	8	0	0	0	2	1	0	0	0	0	0	0	0	0	0	0	0	2	0	0	0
125169	16 Oct 25	10:13:00	1	0	60	0	Ct	0	1	2	1	0	0	0	0	0	0	0	0	0	2	0	0	0	4	2	0	0	0	0	0	0	0	0	0	0	1	3	0	0	0
125170	16 Oct 25	10:14:00	1	0	60	0	Ct	0	1	4	1	0	0	0	0	2	0	0	0	0	0	0	0	0	0	0	0	0	0	0	0	0	0	0	0	0	0	0	0	0	0
125171	16 Oct 25	10:15:00	1	0	60	0	Ct	0	1	2	1	1	0	0	0	0	1	0	2	0	0	0	0	0	0	0	0	0	0	0	0	0	0	0	0	0	1	6	0	0	0
125172	16 Oct 25	10:16:00	1	0	60	0	Ct	0	1	2	1	7	0	0	0	0	0	0	0	0	0	0	0	0	0	5	0	0	0	0	0	0	0	0	0	0	1	0	2	0	0
125173	16 Oct 25	10:17:00	1	0	60	0	Ct	0	1	1	0	2	0	0	0	0	1	0	0	0	0	0	0	0	1	0	0	0	0	0	0	0	0	0	0	0	0	0	0	0	0
125174	16 Oct 25	10:18:00	1	0	60	0	Ct	0	1	1	0	1	0	0	0	0	2	0	2	0	0	0	0	0	0	1	0	0	0	0	0	0	0	0	0	0	0	2	0	0	0
125175	16 Oct 25	10:19:00	1	0	60	0	Ct	0	1	2	0	0	0	0	0	0	2	0	0	0	0	0	0	0	0	0	0	0	0	0	0	0	0	0	0	0	0	0	0	0	0
125176	16 Oct 25	10:20:00	1	0	60	0	Ct	0	1	2	0	0	0	0	0	0	0	0	0	0	0	0	0	2	0	0	0	0	0	0	0	0	0	0	0	0	0	0	0	0	0
125177	16 Oct 25	10:21:00	1	0	60	0	Ct	0	1	1	4	0	0	0	0	0	1	0	0	0	0	0	0	0	0	0	0	0	0	0	0	0	0	0	0	0	0	2	0	0	0
125178	16 Oct 25	10:22:00	1	0	60	0	Ct	0	1	1	0	0	0	0	0	0	0	0	0	0	0	0	0	0	3	1	0	0	0	0	0	0	0	0	0	0	0	1	0	0	0
125179	16 Oct 25	10:23:00	1	0	60	0	Ct	0	1	0	0	0	0	0	0	0	0	0	1	0	0	0	0	0	3	1	0	0	3	0	0	0	0	0	0	0	0	0	0	0	0
125180	16 Oct 25	10:24:00	1	0	60	0	Ct	0	1	0	0	0	0	0	0	0	0	0	1	0	0	0	0	0	3	3	0	0	0	0	0	0	1	0	0	0	0	0	0	0	0
125181	16 Oct 25	10:25:00	1	0	60	0	Ct	0	1	0	0	0	2	0	0	0	2	0	1	0	0	0	0	0	1	0	0	0	0	0	0	0	0	0	0	0	0	1	0	0	0
125182	16 Oct 25	10:26:00	1	0	60	0	Ct	0	1	0	0	0	0	0	0	0	1	0	0	0	0	0	0	0	0	0	0	0	0	0	0	0	0	0	0	0	0	1	0	0	0
125183	16 Oct 25	10:27:00	1	0	60	0	Ct	0	1	0	0	0	0	0	0	0	0	0	0	0	0	0	0	0	1	0	0	0	0	0	0	0	1	0	0	0	1	0	0	0	0
125184	16 Oct 25	10:28:00	1	0	60	0	Ct	0	1	1	0	2	0	0	0	0	0	0	2	0	0	0	1	0	0	0	0	0	0	0	0	0	5	0	0	0	2	0	0	0	0
125185	16 Oct 25	10:29:00	1	0	60	0	Ct	0	1	1	1	8	0	0	0	0	2	0	1	0	0	0	0	0	0	1	0	0	0	0	0	0	0	0	0	0	0	3	0	0	0
125186	16 Oct 25	10:30:00	1	0	60	0	Ct	0	1	0	1	0	0	0	0	0	2	0	0	0	0	0	0	0	0	5	0	0	0	0	0	0	0	0	0	0	0	1	0	0	0
125187	16 Oct 25	10:31:00	1	0	60	0	Ct	0	1	0	0	0	0	0	0	0	0	0	2	0	0	0	0	0	1	0	0	0	0	0	0	0	0	2	0	0	0	2	0	0	0
125188	16 Oct 25	10:32:00	1	0	60	0	Ct	0	1	1	1	0	0	0	0	0	2	0	0	0	0	0	0	0	1	0	0	0	0	0	0	0	0	0	0	0	0	2	0	0	0
125189	16 Oct 25	10:33:00	1	0	60	0	Ct	0	1	0	1	0	0	0	0	0	1	0	0	0	0	0	0	0	3	2	0	0	0	0	0	0	0	0	0	0	0	1	0	0	0
125190	16 Oct 25	10:34:00	1	0	60	0	Ct	0	1	0	1	0	2	0	0	0	0	0	0	0	0	0	0	0	2	2	0	0	0	0	0	0	0	0	0	0	0	2	0	0	0
125191	16 Oct 25	10:35:00	1	0	60	0	Ct	0	1	1	3	0	0	0	0	0	0	0	1	0	0	0	0	0	0	0	0	2	0	0	0	0	0	2	0	0	0	0	0	0	0
125192	16 Oct 25	10:36:00	1	0	60	0	Ct	0	1	1	1	0	2	0	0	0	2	0	0	0	0	0	0	0	0	2	0	0	0	0	0	0	0	0	0	0	0	0	0	0	0
125193	16 Oct 25	10:37:00	1	0	60	0	Ct	0	1	1	3	0	0	0	0	0	0	0	2	0	0	0	0	0	0	0	0	2	0	0	0	0	0	0	0	0	0	0	0	0	0
125194	16 Oct 25	10:38:00	1	0	60	0	Ct	0	1	2	2	0	2	0	0	0	1	0	4	0	0	0	0	0	1	0	0	0	0	0	0	0	0	0	0	0	0	2	0	0	0
125195	16 Oct 25	10:39:00	1	0	60	0	Ct	0	1	1	2	0	4	0	0	0	0	0	2	0	0	0	0	0	2	0	0	0	0	0	0	0	0	0	0	0	0	2	0	0	0
125196	16 Oct 25	10:40:00	1	0	60	0	Ct	0	1	1	2	2	1	0	0	0	3	0	1	0	0	0	0	0	2	11	0	0	0	0	0	0	0	0	0	0	0	0	0	0	0
125197	16 Oct 25	10:41:00	1	0	60	0	Ct	0	1	0	1	5	8	0	1	0	0	0	0	0	0	0	0	0	0	0	0	0	0	0	0	0	0	0	0	0	0	0	0	0	0
125198	16 Oct 25	10:42:00	1	0	60	0	Ct	0	1	1	2	1	5	0	1	0	0	0	1	0	0	0	0	0	1	3	0	0	0	0	0	0	0	0	0	0	2	0	0	0	0
125199	16 Oct 25	10:43:00	1	0	60	0	Ct	0	1	0	1	0	2	0	0	0	2	0	1	0	0	0	0	0	0	1	0	0	0	0	0	0	0	0	0	0	1	0	0	0	0
125200	16 Oct 25	10:44:00	1	0	60	0	Ct	0	1	1	1	0	1	0	1	0	0	0	0	0	4	0	0	0	0	2	0	0	0	0	0	0	0	0	0	0	3	0	0	0	0
125201	16 Oct 25	10:45:00	1	0	60	0	Ct	0	1	1	2	0	3	0	1	0	1	0	0	0	22	0	0	0	0	0	0	0	0	0	0	0	0	3	0	0	0	0	0	0	0
125202	16 Oct 25	10:46:00	1	0	60	0	Ct	0	1	0	2	1	1	0	0	0	1	0	12	0	32	0	0	0	0	1	0	0	0	0	0	0	0	0	0	0	0	4	0	0	0
125203	16 Oct 25	10:47:00	1	0	60	0	Ct	0	1	0	3	0	0	0	0	0	0	0	3	0	0	0	0	0	3	9	0	0	0	0	0	0	0	0	0	0	0	1	0	0	0
125204	16 Oct 25	10:48:00	1	0	60	0	Ct	0	1	3	1	0	0	0	0	0	0	0	1	0	0	0	0	0	2	3	0	0	0	0	0	0	0	0	0	0	0	0	0	0	0
125205	16 Oct 25	10:49:00	1	0	60	0	Ct	0	1	1	2	0	0	0	0	0	0	0	2	0	0	0	0	0	2	0	0	0	0	0	0	0	0	0	0	0	2	0	0	0	0
125206	16 Oct 25	10:50:00	1	0	60	0	Ct	0	1	0	2	0	0	0	0	0	0	0	5	0	0	0	0	0	2	1	0	0	0	0	0	0	0	0	0	0	2	0	0	0	0
125207	16 Oct 25	10:51:00	1	0	60	0	Ct	0	1	2	0	0	3	1	0	0	0	0	1	0	0	0	0	0	2	0	0	0	0	0	0	0	0	0	0	0	1	0	0	0	0
125208	16 Oct 25	10:52:00	1	0	60	0	Ct	0	1	2	1	1	1	2	0	0	0	0	2	0	0	1	0	0	1	1	0	0	0	0	0	0	0	2	0	0	0	0	0	0	0
125209	16 Oct 25	10:53:00	1	0	60	0	Ct	0	1	3	1	0	0	3	0	0	0	0	2	0	0	0	0	0	3	2	0	0	0	0	0	0	0	0	0	0	0	3	0	0	0
125210	16 Oct 25	10:54:00	1	0	60	0	Ct	0	1	6	2	0	0	5	0	0	0	0	2	0	0	0	0	0	3	4	0	0	0	0	0	0	0	0	0	0	0	2	0	0	0
125211	16 Oct 25	10:55:00	1	0	60	0	Ct	0	1	0	3	0	0	2	0	0	0	0	2	0	0	2	0	0	4	2	0	0	0	0	0	0	0	0	0	0	3	1	0	0	0
125212	16 Oct 25	10:56:00	1	0	60	0	Ct	0	1	0	1	0	0	2	0	0	0	0	3	0	1	2	0	0	1	1	0	2	0	0	0	0	0	0	0	0	0	0	0	0	0
125213	16 Oct 25	10:57:00	1	0	60	0	Ct	0	1	0	1	0	0	1	0	0	0	0	5	0	2	2	0	0	2	2	0	3	0	0	0	0	0	0	0	0	0	0	0	0	0
125214	16 Oct 25	10:58:00	1	0	60	0	Ct	0	1	1	0	0	2	1	0	0	0	0	2	0	0	1	1	0	2	1	0	1	0	0	0	0	0	0	0	0	0	0	0	0	0
125215	16 Oct 25	10:59:00	1	0	60	0	Ct	0	1	1	2	0	1	3	0	0	0	0	2	0	0	4	0	6	2	1	0	0	0	0	0	0	0	0	0	0	0	0	0	0	0
125216	16 Oct 25	11:00:00	1	0	60	0	Ct	0	1	1	3	0	1	2	0	0	0	0	2	0	0	2	0	0	2	2	0	3	0	0	0	0	0	0	0	0	8	0	0	0	0
125217	16 Oct 25	11:01:00	1	0	60	0	Ct	0	1	0	2	0	1	2	0	0	0	0	2	0	0	3	0	0	0	2	0	2	0	0	0	0	0	0	0	0	1	1	0	0	0
125218	16 Oct 25	11:02:00	1	0	60	0	Ct	0	1	1	1	1	3	3	0	0	0	0	1	0	0	3	0	2	1	1	0	2	0	0	0	0	0	0	0	0	0	9	0	0	0
125219	16 Oct 25	11:03:00	1	0	60	0	Ct	0	1	2	2	2	3	1	0	0	1	0	2	0	0	2	0	0	2	1	0	0	0	0	0	0	0	0	0	0	2	0	0	0	0
125220	16 Oct 25	11:04:00	1	0	60	0	Ct	0	1	0	3	0	4	3	0	0	2	0	2	0	0	1	0	0	2	3	0	2	0	0	0	0	0	0	0	0	0	1	0	0	0
125221	16 Oct 25	11:05:00	1	0	60	0	Ct	0	1	0	2	1	2	1	0	0	0	0	1	0	0	2	0	0	1	2	0	0	0	0	0	0	0	0	0	0	0	1	0	0	0
125222	16 Oct 25	11:06:00	1	0	60	0	Ct	0	1	0	1	3	0	2	0	0	0	0	0	0	0	0	0	0	1	1	0	1	0	0	0	0	0	0	0	0	0	1	0	0	0
125223	16 Oct 25	11:07:00	1	0	60	0	Ct	0	1	0	1	1	0	2	0	0	1	0	0	0	0	2	0	0	1	1	0	1	0	0	0	0	0	0	0	0	0	0	0	0	0
125224	16 Oct 25	11:08:00	1	0	60	0	Ct	0	1	2	1	3	0	2	0	0	0	0	1	0	0	2	0	0	1	2	0	0	0	0	0	0	0	0	0	0	2	0	0	0	0
125225	16 Oct 25	11:09:00	1	0	60	0	Ct	0	1	2	1	1	0	3	0	0	0	0	3	0	0	2	0	0	2	1	0	1	0	1	0	0	0	4	0	0	1	0	0	0	0
125226	16 Oct 25	11:10:00	1	0	60	0	Ct	0	1	1	1	2	0	1	0	0	0	0	0	0	0	3	0	0	2	1	0	1	0	0	0	0	0	0	0	0	0	4	0	0	0
125227	16 Oct 25	11:11:00	1	0	60	0	Ct	0	1	1	1	3	0	2	0	0	0	0	2	0	0	3	0	0	2	3	0	0	0	0	0	0	7	0	0	0	0	0	0	0	0
125228	16 Oct 25	11:12:00	1	0	60	0	Ct	0	1	1	4	1	0	4	0	0	0	0	2	0	0	2	0	0	2	1	0	0	0	0	0	0	5	0	0	0	0	0	0	0	0
125229	16 Oct 25	11:13:00	1	0	60	0	Ct	0	1	0	1	2	0	3	0	0	0	0	1	0	0	3	0	0	1	1	0	0	0	0	0	0	0	0	0	0	3	4	0	0	0
125230	16 Oct 25	11:14:00	1	0	60	0	Ct	0	1	1	4	3	0	1	0	0	0	0	1	0	0	2	0	0	2	2	0	0	0	1	0	0	0	0	0	0	3	0	0	0	0
125231	16 Oct 25	11:15:00	1	0	60	0	Ct	0	1	1	4	0	0	3	0	0	0	0	3	0	0	2	0	0	0	1	0	0	0	0	0	0	0	0	0	0	2	1	0	0	0
125232	16 Oct 25	11:16:00	1	0	60	0	Ct	0	1	1	1	0	0	2	0	0	0	0	2	0	0	3	0	0	1	1	0	0	0	0	0	0	0	0	0	0	0	0	0	0	0
125233	16 Oct 25	11:17:00	1	0	60	0	Ct	0	1	2	0	0	1	3	0	0	0	0	1	0	0	2	0	0	2	1	0	0	0	0	0	0	0	0	0	0	0	3	0	0	0
125234	16 Oct 25	11:18:00	1	0	60	0	Ct	0	1	1	1	0	0	2	0	0	0	0	0	0	0	2	0	0	2	0	0	0	0	0	0	0	0	0	0	0	2	0	0	0	0
125235	16 Oct 25	11:19:00	1	0	60	0	Ct	0	1	1	1	0	0	4	0	0	0	0	0	0	0	1	0	0	2	3	0	0	0	0	0	0	0	0	0	0	0	0	0	0	0
125236	16 Oct 25	11:20:00	1	0	60	0	Ct	0	1	1	2	0	0	3	0	0	0	0	5	0	0	3	0	0	2	3	0	0	0	0	0	0	0	0	0	0	0	0	0	0	0
125237	16 Oct 25	11:21:00	1	0	60	0	Ct	0	1	0	2	2	0	3	0	0	0	0	5	0	0	2	0	0	1	2	0	0	0	0	0	0	0	0	0	0	0	0	0	0	0
125238	16 Oct 25	11:22:00	1	0	60	0	Ct	0	1	0	3	3	3	2	0	0	0	0	4	0	0	2	0	0	2	1	0	0	3	0	0	0	0	0	0	0	0	1	0	0	0
125239	16 Oct 25	11:23:00	1	0	60	0	Ct	0	1	0	1	2	0	2	0	0	0	0	0	0	0	2	0	0	1	2	0	0	0	0	0	0	0	0	0	0	1	1	0	0	0
125240	16 Oct 25	11:24:00	1	0	60	0	Ct	0	1	0	0	2	0	1	0	0	0	0	0	0	0	1	0	0	2	1	0	0	0	0	0	0	0	0	0	0	4	0	0	0	0
125241	16 Oct 25	11:25:00	1	0	60	0	Ct	0	1	0	2	2	0	0	0	0	0	0	0	8	0	2	0	0	2	1	0	0	2	0	0	0	0	0	0	0	1	2	0	0	0
125242	16 Oct 25	11:26:00	1	0	60	0	Ct	0	1	2	1	1	0	0	0	0	0	0	0	2	0	1	0	0	1	2	0	0	1	0	0	0	0	0	0	0	1	1	0	0	0
125243	16 Oct 25	11:27:00	1	0	60	0	Ct	0	1	0	0	3	0	2	0	0	0	0	0	2	0	2	0	0	3	1	0	0	2	0	0	0	0	0	0	0	0	0	0	0	0
125244	16 Oct 25	11:28:00	1	0	60	0	Ct	0	1	0	1	1	0	0	0	0	0	0	0	0	0	3	0	0	1	2	0	0	3	0	0	0	0	0	0	0	0	0	0	0	0
125245	16 Oct 25	11:29:00	1	0	60	0	Ct	0	1	0	1	2	0	2	0	0	0	0	0	2	0	4	0	0	1	1	0	0	1	0	0	0	0	0	0	0	1	0	0	0	0
125246	16 Oct 25	11:30:00	1	0	60	0	Ct	0	1	1	2	1	0	4	0	0	0	0	0	0	0	2	0	0	2	5	0	0	1	0	0	0	0	0	0	0	0	0	0	0	0
125247	16 Oct 25	11:31:00	1	0	60	0	Ct	0	1	1	1	0	0	4	0	0	0	0	0	0	0	2	0	0	2	3	0	0	0	0	0	0	0	0	0	0	1	0	0	0	0
125248	16 Oct 25	11:32:00	1	0	60	0	Ct	0	1	0	3	1	0	2	1	0	0	0	0	1	0	1	0	0	2	1	0	0	0	0	0	0	0	0	0	0	2	0	0	0	0
125249	16 Oct 25	11:33:00	1	0	60	0	Ct	0	1	2	1	2	0	0	2	0	0	0	0	6	0	2	0	0	3	1	0	0	0	0	0	0	0	0	0	0	0	0	0	0	0
125250	16 Oct 25	11:34:00	1	0	60	0	Ct	0	1	0	2	2	0	2	1	0	0	0	0	4	0	1	0	0	0	1	0	0	0	0	0	1	0	0	0	0	0	0	0	0	0
125251	16 Oct 25	11:35:00	1	0	60	0	Ct	0	1	2	1	0	0	2	0	0	0	0	0	3	0	1	0	0	3	0	0	0	0	0	0	1	0	0	0	0	0	0	0	0	0
125252	16 Oct 25	11:36:00	1	0	60	0	Ct	0	1	1	1	0	0	0	3	0	0	0	0	0	0	1	0	0	2	1	0	0	0	0	0	0	0	0	0	0	1	1	0	0	0
125253	16 Oct 25	11:37:00	1	0	60	0	Ct	0	1	2	1	0	0	2	3	0	0	0	0	1	0	2	0	0	1	1	0	0	0	0	0	2	0	0	0	0	3	18	0	0	0
125254	16 Oct 25	11:38:00	1	0	60	0	Ct	0	1	0	1	1	0	2	1	0	0	0	3	1	0	1	0	0	9	2	0	0	2	0	0	0	0	0	0	0	1	18	0	0	0
125255	16 Oct 25	11:39:00	1	0	60	0	Ct	0	1	1	0	3	0	1	1	0	0	0	0	0	0	1	0	0	2	4	0	0	0	0	0	2	0	0	0	0	1	1	0	0	0
125256	16 Oct 25	11:40:00	1	0	60	0	Ct	0	1	0	1	2	0	1	0	0	0	0	0	0	0	3	0	0	1	0	0	0	0	0	0	0	0	0	0	0	0	1	0	0	0
125257	16 Oct 25	11:41:00	1	0	60	0	Ct	0	1	0	1	1	0	2	0	0	0	0	3	0	0	1	0	0	2	1	0	0	1	0	0	0	0	0	0	0	0	1	0	0	0
125258	16 Oct 25	11:42:00	1	0	60	0	Ct	0	1	0	1	2	4	2	0	0	0	0	0	0	0	3	0	0	2	2	0	0	1	0	0	0	0	0	0	0	1	1	0	0	0
125259	16 Oct 25	11:43:00	1	0	60	0	Ct	0	1	0	1	2	0	2	0	0	0	0	0	0	0	2	0	0	1	1	0	0	0	0	0	0	0	0	0	0	0	0	0	0	0
125260	16 Oct 25	11:44:00	1	0	60	0	Ct	0	1	2	0	0	0	1	0	0	0	0	0	0	0	2	0	0	1	1	0	0	2	0	0	0	0	0	0	0	4	0	0	0	0
125261	16 Oct 25	11:45:00	1	0	60	0	Ct	0	1	1	0	2	4	2	0	0	0	0	0	0	0	1	0	0	0	1	0	0	2	0	0	0	0	0	0	0	0	3	0	0	0
125262	16 Oct 25	11:46:00	1	0	60	0	Ct	0	1	1	0	1	2	3	0	0	0	0	2	0	0	0	0	0	0	0	0	0	0	0	0	0	0	0	0	0	2	2	0	0	0
125263	16 Oct 25	11:47:00	1	0	60	0	Ct	0	1	0	1	2	0	0	0	0	0	0	6	0	1	0	0	0	0	1	0	0	1	0	0	0	0	0	0	0	0	0	0	0	0
125264	16 Oct 25	11:48:00	1	0	60	0	Ct	0	1	0	1	3	0	3	3	0	0	0	1	0	1	2	0	0	2	2	0	0	1	0	0	0	0	0	0	0	0	1	0	0	0
125265	16 Oct 25	11:49:00	1	0	60	0	Ct	0	1	0	2	1	5	2	0	0	0	0	0	0	0	4	0	0	0	1	0	0	3	0	0	0	2	0	0	0	1	1	0	0	0
125266	16 Oct 25	11:50:00	1	0	60	0	Ct	0	1	2	1	1	6	2	2	0	0	0	0	0	0	2	0	0	0	1	0	0	2	0	0	0	0	0	0	0	2	0	0	0	0
125267	16 Oct 25	11:51:00	1	0	60	0	Ct	0	1	1	3	0	5	4	1	0	0	0	0	0	0	1	0	0	1	3	0	0	0	0	0	0	3	0	0	0	0	0	0	0	0
125268	16 Oct 25	11:52:00	1	0	60	0	Ct	0	1	1	2	2	4	2	1	0	0	0	0	0	0	1	0	0	3	2	0	0	2	0	0	0	1	0	0	0	0	0	0	0	0
125269	16 Oct 25	11:53:00	1	0	60	0	Ct	0	1	1	0	0	0	1	0	0	0	0	0	0	0	1	0	0	1	2	0	0	0	0	0	0	3	0	0	0	0	0	0	0	0
125270	16 Oct 25	11:54:00	1	0	60	0	Ct	0	1	1	1	1	0	1	0	0	0	0	0	0	0	5	0	0	0	0	0	0	0	0	0	0	0	0	0	0	2	0	0	0	0
125271	16 Oct 25	11:55:00	1	0	60	0	Ct	0	1	0	6	0	0	2	1	0	0	0	0	0	0	3	0	0	3	2	0	0	0	0	0	0	0	0	0	0	0	1	0	0	0
125272	16 Oct 25	11:56:00	1	0	60	0	Ct	0	1	1	1	0	1	1	3	0	0	0	0	0	0	2	0	0	2	1	0	0	0	0	0	0	0	0	0	0	0	2	0	0	0
125273	16 Oct 25	11:57:00	1	0	60	0	Ct	0	1	1	3	0	0	1	0	0	0	0	3	0	0	2	0	0	2	0	0	0	0	0	0	0	1	0	0	0	1	1	0	0	0
125274	16 Oct 25	11:58:00	1	0	60	0	Ct	0	1	0	2	1	0	2	0	0	0	0	5	0	0	2	0	0	1	0	0	0	0	0	0	0	0	0	0	0	1	0	0	0	0
125275	16 Oct 25	11:59:00	1	0	60	0	Ct	0	1	0	1	0	5	1	2	0	0	0	0	0	0	3	0	0	2	0	0	0	1	0	0	0	0	0	0	0	2	1	0	0	0
125276	16 Oct 25	12:00:00	1	0	60	0	Ct	0	1	0	1	0	0	3	2	0	0	0	0	0	0	3	0	0	2	1	0	0	1	0	0	0	0	0	0	0	1	0	0	0	0
125277	16 Oct 25	12:01:00	1	0	60	0	Ct	0	1	0	0	4	0	1	2	0	0	0	0	0	0	3	0	0	2	1	0	0	0	0	0	0	0	0	0	0	1	2	0	0	0
125278	16 Oct 25	12:02:00	1	0	60	0	Ct	0	1	0	2	1	0	1	2	0	0	0	0	0	0	1	0	0	1	2	0	0	1	0	0	0	0	0	0	0	2	1	0	0	0
125279	16 Oct 25	12:03:00	1	0	60	0	Ct	0	1	1	1	2	0	2	1	0	0	0	0	0	0	3	0	0	0	1	0	0	4	0	0	0	0	0	0	0	2	4	0	0	0
125280	16 Oct 25	12:04:00	1	0	60	0	Ct	0	1	1	1	1	3	0	0	0	0	0	0	0	0	1	0	0	12	1	0	0	1	0	0	0	0	0	0	0	0	0	0	0	0
125281	16 Oct 25	12:05:00	1	0	60	0	Ct	0	1	0	2	2	1	3	2	0	0	0	0	0	0	3	0	0	2	2	0	0	1	0	0	0	0	0	0	0	0	0	0	0	0
125282	16 Oct 25	12:06:00	1	0	60	0	Ct	0	1	0	1	3	2	0	0	0	0	0	0	0	0	2	0	0	1	2	0	0	1	0	0	0	0	0	0	0	0	0	0	0	0
125283	16 Oct 25	12:07:00	1	0	60	0	Ct	0	1	0	0	2	3	3	1	0	0	0	0	0	0	1	0	0	2	3	0	0	2	0	0	0	0	0	0	0	2	0	0	0	0
125284	16 Oct 25	12:08:00	1	0	60	0	Ct	0	1	0	0	1	1	2	4	0	0	0	0	0	0	2	0	0	2	2	0	0	0	0	0	0	0	0	0	0	5	2	0	0	0
125285	16 Oct 25	12:09:00	1	0	60	0	Ct	0	1	0	0	3	1	1	1	0	0	0	0	0	0	2	0	0	1	3	0	0	0	0	0	0	0	0	0	0	3	1	0	0	0
125286	16 Oct 25	12:10:00	1	0	60	0	Ct	0	1	1	2	5	0	3	0	0	0	0	0	0	0	2	0	0	2	4	0	0	0	0	0	0	0	0	0	0	0	1	0	0	0
125287	16 Oct 25	12:11:00	1	0	60	0	Ct	0	1	1	0	2	3	3	1	0	0	0	0	0	0	3	0	0	1	1	0	0	3	0	0	0	0	0	0	0	0	2	0	0	0
125288	16 Oct 25	12:12:00	1	0	60	0	Ct	0	1	2	2	1	0	2	1	0	0	0	0	0	0	1	0	0	2	4	0	0	2	0	0	0	0	0	0	0	3	0	0	0	0
125289	16 Oct 25	12:13:00	1	0	60	0	Ct	0	1	1	1	2	0	2	1	0	0	0	0	0	0	1	2	0	1	0	0	0	0	0	0	0	0	0	0	0	1	1	0	0	0
125290	16 Oct 25	12:14:00	1	0	60	0	Ct	0	1	1	1	2	0	2	1	0	0	0	0	0	0	2	0	0	2	1	0	0	0	0	0	0	0	0	0	0	1	0	0	0	0
125291	16 Oct 25	12:15:00	1	0	60	0	Ct	0	1	1	5	1	0	0	0	0	0	0	2	0	0	2	0	0	0	1	0	0	0	3	0	0	0	0	0	0	1	0	0	0	0
125292	16 Oct 25	12:16:00	1	0	60	0	Ct	0	1	7	0	2	0	3	0	0	0	0	0	0	0	0	1	0	2	0	0	0	0	2	0	0	0	0	0	0	0	3	0	0	0
125293	16 Oct 25	12:17:00	1	0	60	0	Ct	0	1	0	1	2	0	1	2	0	0	0	2	0	0	1	1	0	2	1	0	0	0	0	0	0	0	0	0	0	0	0	0	0	0
125294	16 Oct 25	12:18:00	1	0	60	0	Ct	0	1	1	2	2	2	3	0	0	0	0	0	0	0	2	0	0	1	1	0	0	0	0	0	0	0	0	0	0	1	2	0	0	0
125295	16 Oct 25	12:19:00	1	0	60	0	Ct	0	1	0	0	2	1	2	0	0	0	0	0	0	0	2	0	0	2	1	0	0	0	0	0	0	0	0	0	0	0	1	0	0	0
125296	16 Oct 25	12:20:00	1	0	60	0	Ct	0	1	1	0	1	6	2	0	0	0	0	0	0	0	2	0	0	1	1	0	0	0	0	0	0	0	0	0	0	10	0	0	0	0
125297	16 Oct 25	12:21:00	1	0	60	0	Ct	0	1	0	1	2	2	1	0	0	0	0	0	0	1	1	0	0	0	1	0	0	0	0	0	0	0	0	0	0	2	0	0	0	0
125298	16 Oct 25	12:22:00	1	0	60	0	Ct	0	1	1	1	1	1	1	0	0	0	0	0	0	1	2	0	0	0	0	0	0	0	0	0	0	0	0	0	0	1	1	0	0	0
125299	16 Oct 25	12:23:00	1	0	60	0	Ct	0	1	0	1	0	0	2	0	0	0	0	0	0	0	2	0	0	0	2	0	0	0	0	0	0	0	0	0	0	1	0	0	0	0
125300	16 Oct 25	12:24:00	1	0	60	0	Ct	0	1	0	1	2	0	2	0	0	0	0	0	0	3	2	0	0	2	1	0	0	0	0	0	0	0	0	0	0	0	1	0	0	0
125301	16 Oct 25	12:25:00	1	0	60	0	Ct	0	1	0	1	2	6	2	0	0	0	0	2	0	2	2	0	0	1	0	0	0	0	0	0	0	0	0	0	0	0	1	0	0	0
125302	16 Oct 25	12:26:00	1	0	60	0	Ct	0	1	0	1	1	1	0	0	0	0	0	1	0	2	2	0	0	0	5	0	0	0	0	0	0	0	0	0	0	6	1	0	0	0
125303	16 Oct 25	12:27:00	1	0	60	0	Ct	0	1	0	1	1	2	1	0	0	0	0	2	0	3	0	0	0	0	5	0	0	0	0	0	0	0	0	0	0	5	1	0	0	0
125304	16 Oct 25	12:28:00	1	0	60	0	Ct	0	1	0	1	3	2	3	0	0	0	0	1	0	4	0	0	0	0	0	0	0	0	0	0	0	0	0	0	0	3	0	0	0	0
125305	16 Oct 25	12:29:00	1	0	60	0	Ct	0	1	0	1	16	3	2	0	0	0	0	4	0	1	2	0	0	0	1	0	0	0	0	0	0	1	0	0	0	1	0	0	0	0
125306	16 Oct 25	12:30:00	1	0	60	0	Ct	0	1	1	0	3	0	0	0	0	0	0	0	0	1	1	0	0	0	1	0	0	0	0	0	0	0	0	0	0	1	0	0	0	0
125307	16 Oct 25	12:31:00	1	0	60	0	Ct	0	1	0	0	2	0	0	0	0	0	0	0	0	1	2	0	0	1	0	0	0	0	0	0	0	0	0	0	0	0	1	0	0	0
125308	16 Oct 25	12:32:00	1	0	60	0	Ct	0	1	2	0	2	4	3	0	0	0	0	2	0	1	1	0	0	3	2	0	0	0	0	0	0	0	0	0	0	0	2	0	0	0
125309	16 Oct 25	12:33:00	1	0	60	0	Ct	0	1	1	2	0	7	1	4	0	0	0	0	0	0	1	0	0	1	0	0	0	0	0	0	0	5	0	0	0	0	5	0	0	0
125310	16 Oct 25	12:34:00	1	0	60	0	Ct	0	1	2	4	4	0	3	1	0	0	0	5	0	1	0	0	0	3	0	0	0	0	0	0	0	0	0	0	0	4	9	0	0	0
125311	16 Oct 25	12:35:00	1	0	60	0	Ct	0	1	0	0	34	0	3	1	0	0	0	7	0	2	2	0	0	2	0	0	0	0	0	0	0	0	0	0	0	1	1	0	0	0
125312	16 Oct 25	12:36:00	1	0	60	0	Ct	0	1	0	2	1	1	2	2	0	0	0	8	0	1	0	0	0	0	1	0	0	0	0	0	0	0	0	0	0	1	0	0	0	0
125313	16 Oct 25	12:37:00	1	0	60	0	Ct	0	1	0	0	2	2	2	2	0	0	0	0	0	3	0	0	0	0	1	0	0	0	0	0	0	0	0	0	0	0	0	0	0	0
125314	16 Oct 25	12:38:00	1	0	60	0	Ct	0	1	0	4	1	0	2	1	0	0	0	0	0	2	2	0	0	1	1	0	0	0	0	0	0	0	0	0	0	2	0	0	0	0
125315	16 Oct 25	12:39:00	1	0	60	0	Ct	0	1	1	0	3	0	2	1	0	0	0	0	0	1	0	1	0	1	1	0	0	0	0	0	0	0	0	0	0	2	0	0	0	0
125316	16 Oct 25	12:40:00	1	0	60	0	Ct	0	1	2	1	2	1	2	2	0	0	0	0	0	3	2	1	0	2	2	0	0	0	2	0	0	0	0	0	0	0	0	0	0	0
125317	16 Oct 25	12:41:00	1	0	60	0	Ct	0	1	2	1	1	3	2	0	0	0	0	0	0	2	0	0	0	1	0	0	0	0	0	0	0	0	0	0	0	2	0	0	0	0
125318	16 Oct 25	12:42:00	1	0	60	0	Ct	0	1	1	1	3	5	2	2	0	0	0	0	0	4	0	1	0	2	1	0	0	0	0	0	0	0	0	0	0	3	0	0	0	0
125319	16 Oct 25	12:43:00	1	0	60	0	Ct	0	1	0	1	1	0	1	0	0	0	0	0	0	2	2	1	0	1	0	0	0	0	0	0	0	0	0	0	0	2	0	0	0	0
125320	16 Oct 25	12:44:00	1	0	60	0	Ct	0	1	0	2	0	0	4	0	0	0	0	0	0	2	2	0	0	1	0	0	0	1	0	0	0	0	0	0	0	0	1	0	0	0
125321	16 Oct 25	12:45:00	1	0	60	0	Ct	0	1	0	1	0	0	2	0	0	0	0	0	0	0	2	2	0	2	0	0	0	1	0	0	0	0	0	0	0	1	1	0	0	0
125322	16 Oct 25	12:46:00	1	0	60	0	Ct	0	1	0	1	2	0	2	0	0	0	0	0	0	0	2	0	0	1	0	0	0	2	0	0	0	0	0	0	0	0	0	0	0	0
125323	16 Oct 25	12:47:00	1	0	60	0	Ct	0	1	0	2	5	0	2	0	0	0	0	0	0	0	0	3	0	1	0	0	0	0	0	0	0	0	0	0	0	1	0	0	0	0
125324	16 Oct 25	12:48:00	1	0	60	0	Ct	0	1	0	1	7	0	6	2	0	0	0	0	0	0	2	1	0	1	0	0	0	0	0	0	0	0	0	0	0	1	1	0	0	0
125325	16 Oct 25	12:49:00	1	0	60	0	Ct	0	1	0	4	0	1	2	0	0	0	0	0	0	0	0	2	0	2	0	0	0	1	0	0	0	0	0	0	0	2	1	0	0	0
125326	16 Oct 25	12:50:00	1	0	60	0	Ct	0	1	0	1	1	1	3	0	0	0	0	0	0	0	0	2	0	1	0	0	0	1	0	0	0	0	0	0	0	3	0	0	0	0
125327	16 Oct 25	12:51:00	1	0	60	0	Ct	0	1	5	1	2	2	1	1	0	0	0	0	0	0	2	2	0	1	0	0	0	0	0	0	0	0	0	0	0	0	0	0	0	0
125328	16 Oct 25	12:52:00	1	0	60	0	Ct	0	1	2	0	1	0	1	1	0	0	0	4	0	0	1	2	0	1	0	0	0	0	0	0	0	0	0	0	0	0	0	0	0	0
125329	16 Oct 25	12:53:00	1	0	60	0	Ct	0	1	0	0	0	1	2	1	0	0	0	0	0	0	1	1	0	1	1	0	0	2	0	0	0	0	0	0	0	1	0	0	0	0
125330	16 Oct 25	12:54:00	1	0	60	0	Ct	0	1	1	1	0	0	3	0	0	0	0	0	0	0	1	1	0	1	1	0	0	0	0	0	0	0	0	0	0	3	0	0	0	0
125331	16 Oct 25	12:55:00	1	0	60	0	Ct	0	1	1	1	0	0	3	2	0	0	0	0	0	5	1	2	0	1	2	0	0	2	0	0	0	0	0	0	0	1	0	0	0	0
125332	16 Oct 25	12:56:00	1	0	60	0	Ct	0	1	2	2	1	0	2	0	0	0	0	1	0	1	2	1	0	1	1	0	0	0	0	0	0	0	0	0	0	0	0	0	0	0
125333	16 Oct 25	12:57:00	1	0	60	0	Ct	0	1	1	2	0	0	1	1	0	0	0	0	0	2	2	0	0	1	1	0	0	2	0	0	0	0	0	0	0	3	0	0	0	0
125334	16 Oct 25	12:58:00	1	0	60	0	Ct	0	1	1	1	1	0	2	0	0	0	0	0	0	1	0	2	0	1	0	0	0	2	0	0	0	0	0	0	0	1	0	0	0	0
125335	16 Oct 25	12:59:00	1	0	60	0	Ct	0	1	1	1	2	0	2	1	0	0	0	0	0	2	0	0	0	2	2	0	0	0	0	0	0	1	0	0	0	1	0	0	0	0
125336	16 Oct 25	13:00:00	1	0	60	0	Ct	0	1	1	1	2	0	2	0	0	0	0	0	0	1	0	0	0	2	0	0	0	1	0	0	0	2	0	0	0	2	0	0	0	0
125337	16 Oct 25	13:01:00	1	0	60	0	Ct	0	1	2	5	2	0	3	2	0	0	0	0	0	1	0	5	1	1	2	0	0	1	0	0	0	0	0	0	0	0	1	0	0	0
125338	16 Oct 25	13:02:00	1	0	60	0	Ct	0	1	0	1	0	1	2	0	0	0	0	0	0	0	2	0	0	1	3	0	1	0	0	0	2	0	0	0	0	0	0	0	0	0
125339	16 Oct 25	13:03:00	1	0	60	0	Ct	0	1	0	0	1	2	3	0	0	0	0	0	0	1	0	0	4	1	1	0	1	0	0	0	0	0	0	0	0	0	5	0	0	0
125340	16 Oct 25	13:04:00	1	0	60	0	Ct	0	1	1	1	2	4	2	0	0	0	0	0	0	2	1	0	0	0	0	0	0	1	0	0	0	0	0	0	0	0	0	0	0	0
125341	16 Oct 25	13:05:00	1	0	60	0	Ct	0	1	0	0	2	0	0	0	0	0	0	0	0	2	1	0	0	1	0	0	0	3	0	0	0	0	0	0	0	0	1	0	0	0
125342	16 Oct 25	13:06:00	1	0	60	0	Ct	0	1	0	2	1	0	0	0	0	0	0	0	0	0	2	0	0	1	1	0	0	0	0	0	0	0	0	0	0	3	0	0	0	0
125343	16 Oct 25	13:07:00	1	0	60	0	Ct	0	1	0	1	2	0	0	0	0	0	0	0	0	0	3	0	0	1	5	0	0	5	0	0	0	0	0	0	0	2	0	0	0	0
125344	16 Oct 25	13:08:00	1	0	60	0	Ct	0	1	0	1	6	0	0	0	0	0	0	0	0	2	3	0	0	0	2	0	0	1	0	1	0	0	0	0	0	2	1	0	0	0
125345	16 Oct 25	13:09:00	1	0	60	0	Ct	0	1	0	0	2	0	0	0	0	0	0	4	0	1	2	0	0	0	0	0	0	3	0	2	0	0	0	0	0	2	3	0	0	0
125346	16 Oct 25	13:10:00	1	0	60	0	Ct	0	1	1	0	2	0	1	0	0	0	0	0	0	2	2	0	0	0	1	0	0	1	0	0	0	0	0	0	0	1	2	0	0	0
125347	16 Oct 25	13:11:00	1	0	60	0	Ct	0	1	1	1	1	0	2	2	0	0	0	2	0	1	2	0	0	1	1	0	0	3	0	16	0	0	0	0	0	0	0	0	0	0
125348	16 Oct 25	13:12:00	1	0	60	0	Ct	0	1	1	2	1	0	1	0	0	0	0	0	0	1	1	0	0	2	1	0	0	0	0	11	0	0	0	0	0	4	1	0	0	0
125349	16 Oct 25	13:13:00	1	0	60	0	Ct	0	1	1	1	1	0	3	1	0	0	0	0	0	1	2	0	0	2	0	0	0	0	0	3	0	0	0	0	0	0	0	0	0	0
125350	16 Oct 25	13:14:00	1	0	60	0	Ct	0	1	0	0	2	3	2	3	0	0	0	0	0	0	1	0	0	1	0	0	0	3	0	3	0	0	0	0	0	0	0	0	0	0
125351	16 Oct 25	13:15:00	1	0	60	0	Ct	0	1	5	0	0	0	2	0	0	0	0	0	0	0	2	1	0	1	0	0	0	0	0	0	0	0	0	0	0	2	1	0	0	0
125352	16 Oct 25	13:16:00	1	0	60	0	Ct	0	1	1	0	1	0	2	1	0	0	0	0	0	0	2	0	0	1	0	0	0	0	0	0	0	0	0	0	0	1	3	0	0	0
125353	16 Oct 25	13:17:00	1	0	60	0	Ct	0	1	2	1	6	0	2	1	0	0	0	0	0	2	2	0	0	1	0	0	0	1	0	0	0	0	0	0	0	3	3	0	0	0
125354	16 Oct 25	13:18:00	1	0	60	0	Ct	0	1	1	0	2	0	3	0	0	0	0	8	0	2	2	0	0	2	0	0	0	5	0	2	0	0	0	0	0	1	1	0	0	0
125355	16 Oct 25	13:19:00	1	0	60	0	Ct	0	1	1	0	0	0	1	0	0	0	0	1	0	3	3	0	1	1	0	0	0	0	0	0	0	0	0	0	0	0	0	0	0	0
125356	16 Oct 25	13:20:00	1	0	60	0	Ct	0	1	0	0	1	0	2	0	0	0	0	1	0	2	2	0	0	2	0	0	0	2	0	2	0	0	0	0	0	0	0	0	0	0
125357	16 Oct 25	13:21:00	1	0	60	0	Ct	0	1	1	0	1	0	2	0	0	0	0	0	0	1	4	0	0	1	0	0	0	0	0	0	0	0	0	0	0	0	0	0	0	0
125358	16 Oct 25	13:22:00	1	0	60	0	Ct	0	1	1	0	1	0	3	2	0	0	0	7	0	3	0	0	0	2	0	0	0	0	0	0	0	0	0	0	0	2	1	0	0	0
125359	16 Oct 25	13:23:00	1	0	60	0	Ct	0	1	2	0	2	1	3	0	0	0	0	8	0	0	3	0	0	2	0	0	0	0	0	1	0	0	0	0	0	2	0	0	0	0
125360	16 Oct 25	13:24:00	1	0	60	0	Ct	0	1	1	0	2	2	1	2	0	0	0	4	0	0	0	0	0	0	0	0	0	0	0	1	0	0	0	0	0	2	0	0	0	0
125361	16 Oct 25	13:25:00	1	0	60	0	Ct	0	1	2	0	3	2	1	1	0	0	0	0	0	1	1	0	0	1	0	0	0	0	0	0	0	0	0	0	0	1	0	0	0	0
125362	16 Oct 25	13:26:00	1	0	60	0	Ct	0	1	0	2	0	3	2	1	0	0	0	1	0	1	3	0	0	1	0	0	0	1	0	0	0	0	0	0	0	0	0	0	0	0
125363	16 Oct 25	13:27:00	1	0	60	0	Ct	0	1	0	2	1	3	2	0	0	0	0	0	0	4	1	0	0	1	0	0	0	1	0	0	0	0	0	0	0	0	0	0	0	0
125364	16 Oct 25	13:28:00	1	0	60	0	Ct	0	1	0	2	2	3	1	1	0	0	0	0	0	1	2	0	0	0	0	0	0	1	0	0	0	0	0	0	0	1	0	0	0	0
125365	16 Oct 25	13:29:00	1	0	60	0	Ct	0	1	3	2	1	1	1	1	0	0	0	0	0	0	1	0	0	2	0	0	0	1	0	0	0	0	0	0	0	2	0	0	0	0
125366	16 Oct 25	13:30:00	1	0	60	0	Ct	0	1	1	1	0	0	4	2	0	0	0	0	0	1	2	0	0	0	0	0	0	3	0	0	0	0	0	0	0	1	0	0	0	0
125367	16 Oct 25	13:31:00	1	0	60	0	Ct	0	1	2	0	5	2	2	0	0	0	1	0	0	1	2	0	0	2	0	0	0	0	0	0	0	0	0	0	0	2	1	0	0	0
125368	16 Oct 25	13:32:00	1	0	60	0	Ct	0	1	0	1	6	0	1	0	0	0	0	0	0	1	2	0	0	1	0	0	0	0	0	0	0	0	2	0	0	0	1	0	0	0
125369	16 Oct 25	13:33:00	1	0	60	0	Ct	0	1	1	1	3	0	1	0	0	0	0	0	0	1	2	0	0	2	5	0	0	1	0	2	0	0	0	0	0	2	1	0	0	0
125370	16 Oct 25	13:34:00	1	0	60	0	Ct	0	1	1	2	3	0	2	2	0	0	1	0	0	1	0	0	1	1	1	0	0	1	0	1	2	0	3	0	0	0	0	0	0	0
125371	16 Oct 25	13:35:00	1	0	60	0	Ct	0	1	0	5	1	0	2	0	0	0	0	1	0	2	2	0	0	1	3	0	0	1	0	1	2	0	0	0	0	2	1	0	0	0
125372	16 Oct 25	13:36:00	1	0	60	0	Ct	0	1	0	4	0	0	2	1	0	0	1	0	0	1	0	0	0	0	1	0	0	0	0	2	2	0	0	0	0	2	0	0	0	0
125373	16 Oct 25	13:37:00	1	0	60	0	Ct	0	1	0	1	0	0	1	0	0	0	1	0	0	0	0	0	0	0	1	0	2	4	0	1	1	0	2	0	0	0	0	0	0	0
125374	16 Oct 25	13:38:00	1	0	60	0	Ct	0	1	1	0	0	3	1	0	0	0	1	0	0	0	0	0	1	0	2	0	2	0	0	1	2	0	2	0	0	4	2	0	0	0
125375	16 Oct 25	13:39:00	1	0	60	0	Ct	0	1	1	1	0	1	3	2	0	0	0	0	0	0	0	0	0	0	5	0	1	0	0	0	2	0	0	0	0	0	1	0	0	0
125376	16 Oct 25	13:40:00	1	0	60	0	Ct	0	1	0	0	0	3	3	1	0	0	1	0	0	2	0	0	0	1	1	0	3	1	0	0	3	0	0	0	0	1	0	0	0	0
125377	16 Oct 25	13:41:00	1	0	60	0	Ct	0	1	0	2	0	1	2	2	0	0	2	0	0	3	0	0	0	0	2	0	1	1	0	2	2	0	2	0	0	2	13	0	0	0
125378	16 Oct 25	13:42:00	1	0	60	0	Ct	0	1	0	1	0	1	1	1	0	0	0	0	0	1	0	0	0	1	2	0	2	2	0	0	2	8	0	0	0	0	5	0	0	0
125379	16 Oct 25	13:43:00	1	0	60	0	Ct	0	1	0	0	0	1	4	1	0	0	2	5	0	1	1	0	0	1	2	0	2	0	0	3	1	0	0	0	0	0	2	0	0	0
125380	16 Oct 25	13:44:00	1	0	60	0	Ct	0	1	0	0	0	5	2	1	0	0	1	0	0	0	1	0	0	1	0	0	3	0	0	0	3	0	0	0	0	0	0	0	0	0
125381	16 Oct 25	13:45:00	1	0	60	0	Ct	0	1	0	3	2	2	3	1	0	0	1	0	0	3	2	0	0	1	2	0	1	2	0	1	2	0	1	0	0	0	0	0	0	0
125382	16 Oct 25	13:46:00	1	0	60	0	Ct	0	1	0	0	2	0	2	1	0	0	2	0	0	2	3	0	0	1	5	0	2	0	0	1	3	1	1	0	0	2	0	0	0	0
125383	16 Oct 25	13:47:00	1	0	60	0	Ct	0	1	0	1	0	0	1	1	0	0	1	0	0	0	1	0	0	0	17	0	1	1	0	2	3	0	1	0	0	2	0	0	0	0
125384	16 Oct 25	13:48:00	1	0	60	0	Ct	0	1	1	0	1	0	3	1	0	0	1	0	0	0	1	0	0	2	1	0	2	0	0	2	0	0	1	0	0	0	6	0	0	0
125385	16 Oct 25	13:49:00	1	0	60	0	Ct	0	1	1	1	0	2	3	0	0	0	2	4	0	2	1	0	0	2	0	0	1	1	0	1	1	0	2	0	0	0	2	0	0	0
125386	16 Oct 25	13:50:00	1	0	60	0	Ct	0	1	0	1	0	5	2	1	0	0	1	2	0	1	2	0	0	4	0	0	2	2	0	1	1	0	1	0	0	1	1	0	0	0
125387	16 Oct 25	13:51:00	1	0	60	0	Ct	0	1	1	1	3	0	0	0	0	0	2	0	0	1	3	2	0	2	0	0	1	1	0	1	1	2	1	0	0	2	0	0	0	0
125388	16 Oct 25	13:52:00	1	0	60	0	Ct	0	1	1	3	0	3	0	0	0	0	2	1	0	1	3	1	0	1	1	0	0	1	0	1	0	0	1	0	0	1	2	0	0	0
125389	16 Oct 25	13:53:00	1	0	60	0	Ct	0	1	0	0	0	1	2	1	0	0	2	1	0	2	1	0	0	1	0	0	0	1	0	0	2	1	1	0	0	1	7	0	0	0
125390	16 Oct 25	13:54:00	1	0	60	0	Ct	0	1	1	2	0	5	0	1	0	0	0	1	0	1	2	0	1	1	1	0	0	1	0	0	2	0	2	0	0	0	9	0	0	0
125391	16 Oct 25	13:55:00	1	0	60	0	Ct	0	1	1	0	0	1	2	1	0	0	2	2	0	1	2	0	1	0	0	0	0	1	0	0	0	0	2	0	0	0	0	0	0	0
125392	16 Oct 25	13:56:00	1	0	60	0	Ct	0	1	1	0	0	0	1	1	0	0	1	3	0	0	3	0	1	1	0	0	0	0	0	0	0	0	2	0	0	0	0	0	0	0
125393	16 Oct 25	13:57:00	1	0	60	0	Ct	0	1	1	2	1	2	1	1	0	0	2	3	0	0	4	0	2	1	0	0	0	2	0	0	2	0	2	0	0	1	0	0	0	0
125394	16 Oct 25	13:58:00	1	0	60	0	Ct	0	1	0	0	3	0	2	0	0	0	1	2	0	0	2	0	1	2	0	0	0	0	0	0	0	0	4	0	0	0	0	0	0	0
125395	16 Oct 25	13:59:00	1	0	60	0	Ct	0	1	1	1	0	0	0	0	0	0	2	1	0	0	2	0	3	1	0	0	0	0	0	0	2	0	3	0	0	2	1	0	0	0
125396	16 Oct 25	14:00:00	1	0	60	0	Ct	0	1	2	2	0	3	3	0	0	0	1	2	0	1	1	0	2	1	0	0	0	0	0	0	2	3	2	0	0	1	1	0	0	0
125397	16 Oct 25	14:01:00	1	0	60	0	Ct	0	1	0	0	0	0	0	0	0	0	0	2	0	1	0	0	1	0	0	0	0	0	0	0	1	0	1	0	0	1	0	0	0	0
125398	16 Oct 25	14:02:00	1	0	60	0	Ct	0	1	0	0	2	0	4	0	0	0	1	2	0	4	0	0	0	1	1	0	0	1	0	0	2	0	3	0	0	4	0	0	0	0
125399	16 Oct 25	14:03:00	1	0	60	0	Ct	0	1	0	1	2	3	0	1	0	0	0	1	0	1	2	0	0	0	1	0	0	0	0	0	1	0	1	0	0	0	0	0	0	0
125400	16 Oct 25	14:04:00	1	0	60	0	Ct	0	1	2	1	2	4	0	0	0	0	1	5	0	3	2	0	0	1	2	0	0	1	0	0	0	0	1	0	0	2	0	0	0	0
125401	16 Oct 25	14:05:00	1	0	60	0	Ct	0	1	0	1	3	1	1	0	0	0	1	2	0	2	2	0	0	0	2	0	0	0	0	0	0	0	1	0	0	0	0	0	0	0
125402	16 Oct 25	14:06:00	1	0	60	0	Ct	0	1	1	0	3	0	0	0	0	0	2	1	0	0	2	0	1	0	1	0	0	0	0	0	3	0	4	0	0	0	0	0	0	0
125403	16 Oct 25	14:07:00	1	0	60	0	Ct	0	1	0	2	2	0	2	0	0	0	2	2	0	2	1	0	2	1	3	0	0	0	0	0	0	0	1	0	0	3	0	0	0	0
125404	16 Oct 25	14:08:00	1	0	60	0	Ct	0	1	0	0	6	3	2	0	0	0	1	1	0	0	2	0	2	1	1	0	0	0	0	0	2	0	2	0	0	0	0	0	0	0
125405	16 Oct 25	14:09:00	1	0	60	0	Ct	0	1	0	1	0	9	2	0	0	0	1	3	0	0	3	0	1	2	5	0	0	0	0	1	2	0	3	0	0	5	0	0	0	0
125406	16 Oct 25	14:10:00	1	0	60	0	Ct	0	1	0	2	0	0	0	2	0	0	2	2	0	2	1	0	1	2	0	0	0	0	0	2	1	0	2	0	0	16	1	0	0	0
125407	16 Oct 25	14:11:00	1	0	60	0	Ct	0	1	0	1	0	1	0	0	0	0	0	8	0	0	1	0	1	1	3	0	0	0	0	1	0	0	1	0	0	4	5	0	0	0
125408	16 Oct 25	14:12:00	1	0	60	0	Ct	0	1	0	0	0	1	0	1	0	0	0	2	0	0	2	0	1	1	4	0	0	0	0	2	1	0	3	0	0	1	2	0	0	0
125409	16 Oct 25	14:13:00	1	0	60	0	Ct	0	1	0	0	0	7	0	8	0	0	1	2	0	0	2	0	0	1	1	0	0	0	0	2	0	0	1	0	0	0	1	0	0	0
125410	16 Oct 25	14:14:00	1	0	60	0	Ct	0	1	0	0	0	0	2	1	0	0	3	1	0	0	1	0	1	7	1	0	0	0	0	0	0	0	2	0	0	1	3	0	0	0
125411	16 Oct 25	14:15:00	1	0	60	0	Ct	0	1	0	1	1	4	2	3	0	0	1	1	0	0	1	0	0	0	0	0	0	0	0	2	0	0	0	0	0	2	1	0	0	0
125412	16 Oct 25	14:16:00	1	0	60	0	Ct	0	1	0	2	0	2	1	0	0	0	4	0	0	0	0	0	0	1	0	0	0	0	0	2	2	0	2	0	0	1	0	0	0	0
125413	16 Oct 25	14:17:00	1	0	60	0	Ct	0	1	0	1	0	3	2	0	0	0	1	1	0	0	2	0	1	4	0	0	0	1	0	0	2	0	0	0	0	1	4	0	0	0
125414	16 Oct 25	14:18:00	1	0	60	0	Ct	0	1	0	0	0	1	2	0	0	0	2	2	0	0	3	0	1	0	2	0	0	1	0	2	0	0	0	0	0	1	1	0	0	0
125415	16 Oct 25	14:19:00	1	0	60	0	Ct	0	1	0	2	0	0	2	0	0	0	2	1	0	0	1	0	1	0	1	0	0	0	0	2	2	0	0	0	0	2	0	0	0	0
125416	16 Oct 25	14:20:00	1	0	60	0	Ct	0	1	0	1	2	0	0	1	0	0	1	3	0	0	3	0	1	0	3	0	0	2	0	1	1	0	5	0	0	1	0	0	0	0
125417	16 Oct 25	14:21:00	1	0	60	0	Ct	0	1	0	0	0	0	3	1	0	0	2	2	0	0	2	0	3	2	1	0	0	1	0	1	1	0	5	0	0	0	0	0	0	0
125418	16 Oct 25	14:22:00	1	0	60	0	Ct	0	1	1	0	0	0	2	2	0	0	1	1	0	0	3	0	0	2	1	0	1	1	0	0	2	0	1	0	0	1	0	0	0	0
125419	16 Oct 25	14:23:00	1	0	60	0	Ct	0	1	0	0	0	0	5	1	0	0	1	2	0	2	1	0	1	0	8	0	1	2	0	0	1	0	2	0	0	2	0	0	0	0
125420	16 Oct 25	14:24:00	1	0	60	0	Ct	0	1	2	0	0	0	1	7	0	0	2	2	0	2	1	0	2	2	0	0	0	0	0	0	1	0	0	0	0	0	0	0	0	0
125421	16 Oct 25	14:25:00	1	0	60	0	Ct	0	1	1	1	1	0	1	1	0	0	0	0	0	1	1	0	3	1	1	0	1	1	0	0	3	0	4	0	0	1	1	0	0	0
125422	16 Oct 25	14:26:00	1	0	60	0	Ct	0	1	1	0	0	0	2	1	0	0	0	2	0	1	0	0	0	0	4	0	2	2	0	0	1	0	1	0	0	1	0	0	0	0
125423	16 Oct 25	14:27:00	1	0	60	0	Ct	0	1	0	0	0	0	2	0	0	0	2	2	0	2	2	0	0	2	9	0	1	0	0	0	0	0	2	0	0	2	0	0	0	0
125424	16 Oct 25	14:28:00	1	0	60	0	Ct	0	1	0	1	1	0	2	3	0	0	2	2	0	2	2	0	0	2	5	0	2	0	0	0	0	1	3	0	0	1	0	0	0	0
125425	16 Oct 25	14:29:00	1	0	60	0	Ct	0	1	0	1	0	0	2	1	0	0	2	1	0	0	1	0	0	1	2	0	0	2	0	0	2	1	3	0	0	0	0	0	0	0
125426	16 Oct 25	14:30:00	1	0	60	0	Ct	0	1	0	1	0	6	2	0	0	0	2	8	0	1	2	0	2	1	1	0	3	0	0	0	0	6	0	0	0	0	0	0	0	0
125427	16 Oct 25	14:31:00	1	0	60	0	Ct	0	1	0	1	0	1	2	0	0	0	3	2	0	2	3	0	0	1	1	0	1	1	0	0	1	1	1	0	0	2	0	0	0	0
125428	16 Oct 25	14:32:00	1	0	60	0	Ct	0	1	0	1	3	0	2	3	0	0	1	2	0	0	0	0	1	1	4	0	2	1	2	0	1	0	1	0	0	1	0	0	0	0
125429	16 Oct 25	14:33:00	1	0	60	0	Ct	0	1	0	1	7	2	1	1	0	0	3	0	0	0	0	0	1	0	2	0	0	0	3	0	2	0	2	0	0	1	0	0	0	0
125430	16 Oct 25	14:34:00	1	0	60	0	Ct	0	1	0	1	1	3	2	2	0	0	1	0	0	1	3	0	3	2	2	0	1	0	5	0	0	0	1	0	0	0	0	0	0	0
125431	16 Oct 25	14:35:00	1	0	60	0	Ct	0	1	0	1	0	1	1	5	0	0	1	0	0	1	1	0	1	0	1	0	2	2	0	0	1	0	1	0	0	2	0	0	0	0
125432	16 Oct 25	14:36:00	1	0	60	0	Ct	0	1	1	0	8	0	2	2	0	0	2	0	0	0	2	0	0	2	2	0	1	3	0	0	2	0	1	0	0	1	0	0	0	0
125433	16 Oct 25	14:37:00	1	0	60	0	Ct	0	1	2	0	1	0	0	1	0	0	1	1	0	0	2	0	1	1	1	0	2	0	2	0	2	0	3	0	0	1	4	0	0	0
125434	16 Oct 25	14:38:00	1	0	60	0	Ct	0	1	1	0	0	0	3	1	0	0	1	1	0	0	2	0	1	0	1	0	1	1	0	0	0	0	1	0	0	0	19	0	0	0
125435	16 Oct 25	14:39:00	1	0	60	0	Ct	0	1	1	0	0	0	1	1	0	0	1	2	0	1	1	0	0	1	3	0	1	2	0	0	0	0	1	0	0	0	8	0	0	0
125436	16 Oct 25	14:40:00	1	0	60	0	Ct	0	1	0	0	0	0	1	1	0	0	1	2	0	1	1	0	1	1	1	0	3	1	0	0	0	0	2	0	0	1	0	0	0	0
125437	16 Oct 25	14:41:00	1	0	60	0	Ct	0	1	0	0	0	0	3	2	0	0	1	2	0	3	1	1	0	2	2	0	4	3	0	0	0	0	3	0	0	1	0	0	1	0
125438	16 Oct 25	14:42:00	1	0	60	0	Ct	0	1	1	0	0	0	1	1	0	0	0	2	0	2	0	1	0	2	2	0	1	0	0	0	0	0	1	0	0	0	0	0	1	0
125439	16 Oct 25	14:43:00	1	0	60	0	Ct	0	1	0	0	0	0	2	2	0	0	1	0	0	1	0	0	0	0	5	0	0	0	0	0	0	0	0	0	0	1	1	0	0	0
125440	16 Oct 25	14:44:00	1	0	60	0	Ct	0	1	0	0	0	0	0	1	0	0	1	0	0	1	0	1	0	2	0	0	2	1	0	0	0	2	0	0	0	0	1	0	0	0
125441	16 Oct 25	14:45:00	1	0	60	0	Ct	0	1	0	1	0	1	2	0	0	0	2	8	0	1	0	1	0	1	1	0	0	1	0	0	0	0	3	0	0	1	0	0	0	0
125442	16 Oct 25	14:46:00	1	0	60	0	Ct	0	1	0	0	1	2	2	0	0	0	2	0	0	3	0	2	1	1	6	0	0	1	3	0	0	0	2	0	0	1	0	0	0	0
125443	16 Oct 25	14:47:00	1	0	60	0	Ct	0	1	2	0	2	0	0	0	0	0	3	0	0	1	2	4	0	1	0	0	0	3	2	0	0	0	1	0	0	0	0	0	0	0
125444	16 Oct 25	14:48:00	1	0	60	0	Ct	0	1	0	0	1	2	0	0	0	0	14	1	0	5	0	0	0	1	1	0	0	3	2	0	2	0	1	0	0	0	0	0	0	0
125445	16 Oct 25	14:49:00	1	0	60	0	Ct	0	1	0	2	2	1	0	0	0	0	3	2	0	0	2	2	4	0	0	0	1	2	1	0	2	1	1	0	0	0	0	0	0	0
125446	16 Oct 25	14:50:00	1	0	60	0	Ct	0	1	0	4	2	1	0	0	0	0	2	1	0	0	1	0	2	2	0	0	1	0	0	0	0	0	2	0	0	2	1	0	0	0
125447	16 Oct 25	14:51:00	1	0	60	0	Ct	0	1	0	0	0	2	2	0	0	0	1	1	0	1	0	0	8	0	0	0	2	0	0	0	2	0	2	0	0	1	0	0	0	0
125448	16 Oct 25	14:52:00	1	0	60	0	Ct	0	1	2	0	0	1	1	0	0	0	1	1	0	1	0	0	0	0	0	0	1	1	0	1	0	0	2	0	0	1	0	0	0	0
125449	16 Oct 25	14:53:00	1	0	60	0	Ct	0	1	0	2	2	0	3	0	0	0	1	1	0	1	3	0	0	0	0	0	1	1	2	1	2	0	3	0	0	1	2	0	0	0
125450	16 Oct 25	14:54:00	1	0	60	0	Ct	0	1	1	1	1	3	2	0	0	0	1	1	0	2	0	0	0	2	0	0	0	0	1	0	0	0	0	0	0	3	0	0	0	0
125451	16 Oct 25	14:55:00	1	0	60	0	Ct	0	1	1	2	1	2	2	2	0	0	0	3	0	22	0	0	0	2	1	0	1	2	2	2	0	0	2	0	0	0	0	0	1	0
125452	16 Oct 25	14:56:00	1	0	60	0	Ct	0	1	1	2	0	0	2	2	0	0	1	1	0	20	0	0	6	1	1	0	1	0	2	6	0	0	0	0	0	1	2	0	1	0
125453	16 Oct 25	14:57:00	1	0	60	0	Ct	0	1	1	1	0	0	1	3	0	0	0	0	0	0	3	0	3	0	2	0	1	1	3	1	0	0	1	0	0	0	0	0	0	0
125454	16 Oct 25	14:58:00	1	0	60	0	Ct	0	1	2	1	1	1	2	1	0	0	0	0	0	1	1	0	1	2	3	0	2	0	1	0	1	0	1	0	0	1	0	0	2	0
125455	16 Oct 25	14:59:00	1	0	60	0	Ct	0	1	1	1	1	2	2	3	0	2	0	0	0	3	0	0	1	1	0	0	1	1	0	0	1	0	0	0	0	11	0	0	0	0
125456	16 Oct 25	15:00:00	1	0	60	0	Ct	0	1	1	1	1	1	1	0	0	0	1	2	0	0	1	0	1	1	1	0	0	1	3	2	0	0	0	0	0	11	0	0	0	0
125457	16 Oct 25	15:01:00	1	0	60	0	Ct	0	1	0	1	1	1	2	0	0	1	1	3	0	1	2	0	0	2	1	0	2	0	0	0	0	0	0	0	0	3	0	0	0	0
125458	16 Oct 25	15:02:00	1	0	60	0	Ct	0	1	0	2	4	0	2	0	0	1	2	0	0	2	2	0	0	0	0	0	1	2	2	0	0	0	0	0	0	17	0	0	0	0
125459	16 Oct 25	15:03:00	1	0	60	0	Ct	0	1	0	0	2	0	4	0	0	2	1	1	0	1	4	0	0	1	0	0	12	5	0	0	0	0	0	0	0	2	1	0	0	0
125460	16 Oct 25	15:04:00	1	0	60	0	Ct	0	1	5	1	3	0	2	0	0	2	1	0	0	2	0	0	2	1	1	0	2	1	0	0	0	0	0	0	0	0	0	0	0	0
125461	16 Oct 25	15:05:00	1	0	60	0	Ct	0	1	0	3	2	0	1	2	0	1	1	0	0	1	0	0	7	2	0	0	2	1	0	0	2	0	1	0	0	0	1	0	1	0
125462	16 Oct 25	15:06:00	1	0	60	0	Ct	0	1	0	0	0	0	2	0	0	3	2	0	0	1	2	0	0	1	0	0	2	0	0	0	0	0	1	0	0	3	2	0	0	0
125463	16 Oct 25	15:07:00	1	0	60	0	Ct	0	1	0	2	2	0	1	2	0	1	1	0	0	1	2	0	2	1	0	0	3	0	2	0	2	0	0	0	0	5	1	0	0	0
125464	16 Oct 25	15:08:00	1	0	60	0	Ct	0	1	0	1	2	1	2	0	0	2	1	0	0	0	0	0	0	0	1	0	2	0	2	0	2	0	4	0	0	1	0	2	0	0
125465	16 Oct 25	15:09:00	1	0	60	0	Ct	0	1	0	1	3	3	3	3	0	2	2	0	0	0	0	0	1	1	1	0	1	0	0	0	0	0	1	0	0	0	0	0	3	0
125466	16 Oct 25	15:10:00	1	0	60	0	Ct	0	1	1	1	2	0	3	0	0	0	0	0	0	0	0	0	1	2	0	0	2	1	3	0	4	0	0	0	0	1	1	0	0	0
125467	16 Oct 25	15:11:00	1	0	60	0	Ct	0	1	0	0	3	0	1	0	0	0	1	0	0	4	0	0	2	2	2	0	2	1	1	0	1	0	2	0	0	1	1	0	0	0
125468	16 Oct 25	15:12:00	1	0	60	0	Ct	0	1	1	0	2	0	2	0	0	0	1	0	0	1	2	0	3	0	0	0	4	2	3	0	0	1	1	0	0	0	3	0	1	0
125469	16 Oct 25	15:13:00	1	0	60	0	Ct	0	1	0	0	5	0	4	0	0	0	2	0	0	2	2	0	0	1	0	0	0	2	0	0	6	0	1	0	0	0	0	0	0	0
125470	16 Oct 25	15:14:00	1	0	60	0	Ct	0	1	0	0	3	0	3	0	0	0	3	0	0	2	0	0	1	1	0	0	0	0	3	0	4	0	1	0	0	1	1	0	0	0
125471	16 Oct 25	15:15:00	1	0	60	0	Ct	0	1	0	0	0	0	2	1	0	0	0	0	0	1	2	0	3	1	0	0	0	2	0	0	1	0	1	0	0	2	0	0	2	0
125472	16 Oct 25	15:16:00	1	0	60	0	Ct	0	1	2	0	1	3	1	1	0	0	9	0	0	2	2	0	1	1	0	0	2	1	1	0	1	0	5	0	0	2	0	0	0	0
125473	16 Oct 25	15:17:00	1	0	60	0	Ct	0	1	7	1	2	2	2	1	0	1	5	0	0	0	2	0	1	0	0	0	0	2	4	0	2	0	1	0	0	1	0	0	0	0
125474	16 Oct 25	15:18:00	1	0	60	0	Ct	0	1	0	0	1	1	0	0	0	1	1	0	0	2	2	0	0	0	0	0	0	1	0	0	1	1	2	0	0	0	1	0	0	0
125475	16 Oct 25	15:19:00	1	0	60	0	Ct	0	1	0	1	1	0	2	1	0	0	1	0	0	2	1	0	0	1	0	0	0	1	2	0	2	3	2	0	0	2	0	0	0	0
125476	16 Oct 25	15:20:00	1	0	60	0	Ct	0	1	0	3	3	0	2	0	0	0	1	0	0	0	1	0	0	0	0	0	2	0	1	0	0	5	2	0	0	0	0	0	0	0
125477	16 Oct 25	15:21:00	1	0	60	0	Ct	0	1	0	0	1	0	2	1	0	1	4	0	0	0	1	3	0	1	0	0	0	1	1	2	0	1	1	0	0	0	0	0	1	0
125478	16 Oct 25	15:22:00	1	0	60	0	Ct	0	1	0	0	2	1	1	1	0	1	1	8	0	0	1	0	0	1	0	0	1	1	0	0	0	0	0	0	0	0	0	0	1	0
125479	16 Oct 25	15:23:00	1	0	60	0	Ct	0	1	0	0	1	1	2	0	0	1	2	2	0	0	5	0	0	2	1	0	1	0	2	2	0	0	1	0	0	1	12	0	3	0
125480	16 Oct 25	15:24:00	1	0	60	0	Ct	0	1	0	0	3	0	2	0	0	1	1	2	0	1	2	0	0	1	2	0	2	1	1	0	0	0	1	0	0	1	0	0	0	0
125481	16 Oct 25	15:25:00	1	0	60	0	Ct	0	1	0	0	1	0	2	0	0	0	2	1	0	1	1	0	0	1	0	0	2	3	0	1	2	0	1	0	0	0	0	0	0	0
125482	16 Oct 25	15:26:00	1	0	60	0	Ct	0	1	0	1	12	0	2	0	0	0	3	1	0	0	2	0	0	0	2	0	1	1	2	1	1	0	1	0	0	2	0	0	1	0
125483	16 Oct 25	15:27:00	1	0	60	0	Ct	0	1	1	2	1	0	3	0	0	0	1	1	0	0	2	0	0	2	0	0	2	2	1	1	1	0	0	0	0	0	0	0	6	0
125484	16 Oct 25	15:28:00	1	0	60	0	Ct	0	1	1	0	1	0	1	0	0	0	1	0	0	0	2	0	0	7	1	0	8	0	4	1	0	0	2	0	0	0	0	0	0	0
125485	16 Oct 25	15:29:00	1	0	60	0	Ct	0	1	1	1	1	0	1	0	0	0	1	0	0	0	2	0	0	1	0	0	3	1	1	0	0	0	0	0	0	0	1	0	0	0
125486	16 Oct 25	15:30:00	1	0	60	0	Ct	0	1	3	0	1	0	2	0	0	0	1	1	0	2	2	0	0	1	0	0	1	1	2	0	0	0	2	0	0	0	0	0	0	0
125487	16 Oct 25	15:31:00	1	0	60	0	Ct	0	1	0	2	1	0	2	1	0	0	2	1	0	1	1	0	0	1	0	0	1	0	0	0	2	0	3	0	0	1	8	0	1	0
125488	16 Oct 25	15:32:00	1	0	60	0	Ct	0	1	1	1	0	0	1	1	0	0	1	2	0	1	2	0	0	1	0	0	1	2	2	0	0	0	1	0	1	0	0	0	2	0
125489	16 Oct 25	15:33:00	1	0	60	0	Ct	0	1	1	0	0	0	2	1	0	0	2	2	0	0	1	0	0	1	0	0	1	2	1	0	0	0	1	0	1	4	0	0	0	0
125490	16 Oct 25	15:34:00	1	0	60	0	Ct	0	1	0	9	0	0	2	1	0	0	2	1	0	0	2	0	0	1	0	0	1	0	0	0	0	0	3	0	0	0	0	0	1	0
125491	16 Oct 25	15:35:00	1	0	60	0	Ct	0	1	1	1	0	0	4	1	0	0	2	4	0	0	3	0	0	1	2	0	0	0	3	0	0	0	1	0	0	0	0	0	0	0
125492	16 Oct 25	15:36:00	1	0	60	0	Ct	0	1	1	1	0	0	2	1	0	0	1	2	0	0	2	0	0	1	10	0	0	8	2	0	0	0	1	0	0	1	0	0	0	0
125493	16 Oct 25	15:37:00	1	0	60	0	Ct	0	1	0	1	0	0	2	0	0	0	3	2	0	0	4	1	0	1	0	0	2	0	2	1	0	0	1	0	0	1	0	0	0	0
125494	16 Oct 25	15:38:00	1	0	60	0	Ct	0	1	0	0	2	0	1	2	0	0	1	4	0	0	1	1	0	0	0	0	1	1	1	2	0	0	1	0	0	0	0	0	1	0
125495	16 Oct 25	15:39:00	1	0	60	0	Ct	0	1	0	0	3	0	2	1	0	0	1	3	0	0	2	2	0	1	0	0	1	5	1	2	2	0	2	0	0	2	0	2	0	0
125496	16 Oct 25	15:40:00	1	0	60	0	Ct	0	1	0	0	2	0	2	2	0	0	1	3	0	0	0	2	0	1	0	0	3	2	1	0	2	0	1	0	0	1	1	0	0	0
125497	16 Oct 25	15:41:00	1	0	60	0	Ct	0	1	0	3	1	0	1	0	0	0	0	1	0	0	2	1	0	0	0	0	1	0	0	0	0	0	2	0	0	0	0	2	0	0
125498	16 Oct 25	15:42:00	1	0	60	0	Ct	0	1	0	0	2	0	1	1	0	5	1	2	0	0	1	2	0	1	1	0	2	1	1	2	0	0	1	0	0	0	1	1	0	0
125499	16 Oct 25	15:43:00	1	0	60	0	Ct	0	1	0	0	2	0	3	0	0	2	2	2	0	0	1	1	1	0	0	0	2	1	4	0	0	0	0	0	0	0	5	2	0	0
125500	16 Oct 25	15:44:00	1	0	60	0	Ct	0	1	0	1	1	3	0	0	0	2	1	1	0	2	0	2	0	0	0	0	2	0	0	2	0	0	1	0	0	0	0	1	0	0
125501	16 Oct 25	15:45:00	1	0	60	0	Ct	0	1	0	1	4	1	2	0	0	1	1	2	0	1	1	1	0	0	3	0	0	0	0	1	0	0	2	0	0	0	0	3	0	0
125502	16 Oct 25	15:46:00	1	0	60	0	Ct	0	1	0	2	2	1	2	1	0	2	2	1	0	2	3	1	0	0	6	0	2	1	2	4	0	0	0	0	0	3	1	2	1	1
125503	16 Oct 25	15:47:00	1	0	60	0	Ct	0	1	0	0	1	0	2	1	0	0	15	0	0	2	1	2	1	1	5	0	1	1	1	0	2	0	0	0	0	0	0	1	1	0
125504	16 Oct 25	15:48:00	1	0	60	0	Ct	0	1	0	1	1	0	3	1	0	0	1	2	0	1	1	0	0	2	6	0	2	2	1	0	1	0	0	0	0	1	0	0	0	0
125505	16 Oct 25	15:49:00	1	0	60	0	Ct	0	1	0	2	0	0	3	1	0	3	1	1	0	0	1	1	0	1	2	0	4	4	2	2	1	0	0	0	0	2	0	0	0	0
125506	16 Oct 25	15:50:00	1	0	60	0	Ct	0	1	0	3	3	0	2	2	0	1	2	1	0	0	1	1	0	0	0	0	5	1	0	0	1	0	2	0	0	1	2	0	0	1
125507	16 Oct 25	15:51:00	1	0	60	0	Ct	0	1	0	2	2	0	1	1	0	0	2	0	0	0	2	2	0	0	0	0	1	1	0	0	0	0	2	0	0	1	6	0	0	0
125508	16 Oct 25	15:52:00	1	0	60	0	Ct	0	1	0	1	2	0	2	3	0	1	1	0	0	2	2	2	0	2	0	0	3	1	1	0	0	0	2	0	0	17	2	0	0	0
125509	16 Oct 25	15:53:00	1	0	60	0	Ct	0	1	0	1	1	0	1	0	0	1	1	2	0	2	2	2	0	1	0	0	1	2	1	0	0	0	0	0	0	2	1	0	0	3
125510	16 Oct 25	15:54:00	1	0	60	0	Ct	0	1	0	4	0	0	2	1	0	0	4	2	0	2	2	1	0	0	0	0	0	0	2	1	0	0	1	0	0	1	1	1	0	1
125511	16 Oct 25	15:55:00	1	0	60	0	Ct	0	1	0	1	2	0	2	1	0	0	1	3	0	2	2	0	0	0	0	0	0	2	3	2	1	0	2	0	0	1	0	1	0	0
125512	16 Oct 25	15:56:00	1	0	60	0	Ct	0	1	0	0	2	0	3	1	0	0	3	0	0	0	2	2	0	0	0	0	1	2	1	1	1	0	0	0	0	1	0	2	0	0
125513	16 Oct 25	15:57:00	1	0	60	0	Ct	0	1	0	0	5	0	4	0	0	0	2	1	0	0	3	2	0	0	0	0	3	2	1	1	0	0	1	0	0	8	0	2	0	0
125514	16 Oct 25	15:58:00	1	0	60	0	Ct	0	1	0	1	2	7	2	1	0	3	2	2	0	0	1	2	2	1	0	0	3	1	1	1	0	0	1	0	0	12	2	1	0	0
125515	16 Oct 25	15:59:00	1	0	60	0	Ct	0	1	0	1	2	2	1	0	2	0	1	1	0	0	0	2	0	0	0	0	3	0	3	2	0	0	2	0	0	1	0	0	0	0
125516	16 Oct 25	16:00:00	1	0	60	0	Ct	0	1	0	1	1	0	0	1	0	3	1	1	0	0	0	2	0	0	0	0	0	2	1	0	0	0	0	0	0	0	0	0	0	0
125517	16 Oct 25	16:01:00	1	0	60	0	Ct	0	1	0	2	1	0	1	2	0	1	1	0	0	0	1	2	0	0	0	0	1	2	2	0	0	0	0	0	0	2	1	0	0	0
125518	16 Oct 25	16:02:00	1	0	60	0	Ct	0	1	0	2	2	1	0	0	0	0	1	0	0	0	2	1	2	0	0	0	1	0	0	0	0	4	2	0	0	0	0	0	0	0
125519	16 Oct 25	16:03:00	1	0	60	0	Ct	0	1	0	1	2	2	2	0	0	0	2	0	0	0	1	1	0	2	0	0	1	0	0	0	0	0	2	0	0	0	0	0	0	0
125520	16 Oct 25	16:04:00	1	0	60	0	Ct	0	1	0	1	2	2	1	1	0	0	1	0	0	2	1	2	2	1	0	0	1	0	0	0	0	1	0	0	0	0	0	0	0	0
125521	16 Oct 25	16:05:00	1	0	60	0	Ct	0	1	0	2	2	2	0	2	0	0	1	2	0	2	2	2	0	2	0	0	2	2	2	0	0	0	2	0	0	0	0	0	0	0
125522	16 Oct 25	16:06:00	1	0	60	0	Ct	0	1	0	2	2	11	1	2	0	1	0	1	0	1	1	1	2	2	0	0	2	1	2	0	0	0	0	0	0	0	1	0	0	0
125523	16 Oct 25	16:07:00	1	0	60	0	Ct	0	1	0	2	1	5	1	1	0	0	0	2	0	2	2	1	0	2	0	0	2	1	1	0	0	0	1	0	1	0	0	0	0	0
125524	16 Oct 25	16:08:00	1	0	60	0	Ct	0	1	0	1	2	0	2	0	4	2	2	6	0	0	2	3	1	1	0	0	1	4	3	0	0	0	1	0	3	0	1	1	0	0
125525	16 Oct 25	16:09:00	1	0	60	0	Ct	0	1	0	3	1	0	5	2	0	1	1	0	0	2	2	2	0	1	0	0	2	1	0	0	0	0	0	0	0	0	1	2	0	0
125526	16 Oct 25	16:10:00	1	0	60	0	Ct	0	1	0	0	2	0	2	0	0	0	1	2	0	0	3	0	1	1	0	0	2	1	4	0	0	0	0	0	1	0	0	2	0	0
125527	16 Oct 25	16:11:00	1	0	60	0	Ct	0	1	0	0	1	0	2	0	0	0	0	3	0	0	1	2	1	1	0	0	5	0	0	0	0	0	0	0	1	3	0	1	0	0
125528	16 Oct 25	16:12:00	1	0	60	0	Ct	0	1	1	0	1	1	1	0	0	0	1	5	0	0	2	1	1	1	1	0	2	3	3	0	0	0	0	0	2	0	0	0	0	0
125529	16 Oct 25	16:13:00	1	0	60	0	Ct	0	1	0	0	1	0	2	0	10	0	1	2	0	0	2	2	0	2	0	0	1	1	2	0	0	0	0	0	1	1	1	0	0	0
125530	16 Oct 25	16:14:00	1	0	60	0	Ct	0	1	1	0	2	1	2	0	13	1	2	1	0	0	2	1	0	1	0	0	5	1	0	0	0	0	1	0	1	0	3	0	0	0
125531	16 Oct 25	16:15:00	1	0	60	0	Ct	0	1	1	2	1	0	3	0	0	1	1	1	0	2	1	0	0	2	2	0	0	0	0	0	0	0	1	0	2	1	1	0	0	0
125532	16 Oct 25	16:16:00	1	0	60	0	Ct	0	1	7	2	2	0	3	0	0	0	1	3	0	2	2	0	0	1	0	0	4	2	0	0	0	0	1	0	1	0	0	0	0	0
125533	16 Oct 25	16:17:00	1	0	60	0	Ct	0	1	0	0	0	0	2	0	0	0	2	0	0	1	2	0	0	2	1	0	1	4	0	0	0	2	0	0	0	0	0	1	0	0
125534	16 Oct 25	16:18:00	1	0	60	0	Ct	0	1	0	2	2	0	1	0	4	0	2	2	0	2	0	0	0	1	0	0	1	0	3	0	0	0	1	0	1	1	0	1	0	0
125535	16 Oct 25	16:19:00	1	0	60	0	Ct	0	1	1	1	1	0	2	0	1	0	1	1	0	1	0	0	0	1	0	0	0	2	0	0	2	0	1	0	1	1	0	0	0	0
125536	16 Oct 25	16:20:00	1	0	60	0	Ct	0	1	1	0	3	0	3	0	2	1	2	2	0	1	3	0	0	1	0	0	0	1	0	0	0	0	0	0	0	3	0	0	0	0
125537	16 Oct 25	16:21:00	1	0	60	0	Ct	0	1	0	1	25	2	2	0	0	1	0	1	0	1	3	0	0	2	0	0	0	2	2	0	1	3	0	0	3	2	0	2	0	0
125538	16 Oct 25	16:22:00	1	0	60	0	Ct	0	1	0	0	8	4	2	0	0	0	0	1	0	0	6	0	0	1	0	0	0	0	1	0	1	2	0	0	2	0	2	2	0	0
125539	16 Oct 25	16:23:00	1	0	60	0	Ct	0	1	0	3	1	0	0	0	0	2	0	3	0	0	0	0	0	2	0	0	0	0	1	0	0	0	0	0	1	2	13	1	0	0
125540	16 Oct 25	16:24:00	1	0	60	0	Ct	0	1	1	0	1	1	2	0	0	0	0	2	0	2	0	0	0	1	0	0	0	1	0	0	1	0	0	0	2	1	0	1	0	0
125541	16 Oct 25	16:25:00	1	0	60	0	Ct	0	1	0	1	2	1	2	0	0	0	1	3	0	1	0	0	0	1	0	0	4	1	0	0	2	0	0	0	1	0	3	3	0	0
125542	16 Oct 25	16:26:00	1	0	60	0	Ct	0	1	0	1	2	0	2	0	0	1	2	0	0	2	0	0	0	2	0	0	1	0	2	0	0	0	0	0	2	0	0	2	0	0
125543	16 Oct 25	16:27:00	1	0	60	0	Ct	0	1	0	3	6	0	2	0	0	2	1	0	0	1	1	0	0	0	0	0	2	1	1	0	0	0	0	0	2	1	0	0	0	0
125544	16 Oct 25	16:28:00	1	0	60	0	Ct	0	1	0	1	2	3	0	0	0	0	1	1	0	1	2	0	0	0	1	0	0	1	1	2	0	0	0	0	3	0	0	0	0	0
125545	16 Oct 25	16:29:00	1	0	60	0	Ct	0	1	0	0	3	7	0	0	0	2	0	1	0	1	2	0	0	0	7	0	0	1	1	2	2	0	0	0	2	1	0	2	0	0
125546	16 Oct 25	16:30:00	1	0	60	0	Ct	0	1	0	1	3	3	0	0	0	0	1	5	0	2	0	4	0	2	0	0	0	1	1	0	0	0	0	0	0	30	0	1	0	0
125547	16 Oct 25	16:31:00	1	0	60	0	Ct	0	1	1	1	0	2	0	1	0	1	0	1	0	1	1	0	0	2	1	0	0	1	0	0	2	0	0	0	2	25	0	0	0	0
125548	16 Oct 25	16:32:00	1	0	60	0	Ct	0	1	1	0	1	0	0	2	0	1	1	2	1	2	2	0	0	4	0	0	2	3	1	0	0	0	0	0	1	5	0	0	2	0
125549	16 Oct 25	16:33:00	1	0	60	0	Ct	0	1	1	1	10	5	0	2	0	0	0	2	0	0	2	0	0	2	2	0	2	0	1	0	2	0	2	0	2	2	0	0	0	0
125550	16 Oct 25	16:34:00	1	0	60	0	Ct	0	1	1	2	2	2	0	2	0	0	0	0	0	4	2	0	0	2	0	0	0	0	0	0	0	0	1	0	3	0	4	2	0	0
125551	16 Oct 25	16:35:00	1	0	60	0	Ct	0	1	2	2	1	13	0	0	0	0	0	1	0	0	0	0	2	1	0	0	2	2	0	0	0	0	1	0	2	0	0	4	1	0
125552	16 Oct 25	16:36:00	1	0	60	0	Ct	0	1	2	21	1	1	0	0	0	4	0	0	1	0	0	1	0	2	0	0	1	2	1	0	1	0	1	0	3	0	0	0	3	0
125553	16 Oct 25	16:37:00	1	0	60	0	Ct	0	1	1	2	1	1	2	0	0	0	3	0	6	3	2	1	0	1	0	0	1	0	1	0	1	0	2	0	0	2	4	0	0	0
125554	16 Oct 25	16:38:00	1	0	60	0	Ct	0	1	1	1	3	1	0	0	0	0	2	0	2	0	2	1	1	1	0	0	1	1	0	1	0	0	1	0	3	0	0	3	2	0
125555	16 Oct 25	16:39:00	1	0	60	0	Ct	0	1	2	1	1	14	0	0	0	1	1	0	27	1	2	2	1	1	0	0	3	1	0	1	2	0	0	0	2	0	0	2	0	0
125556	16 Oct 25	16:40:00	1	0	60	0	Ct	0	1	2	1	0	20	0	0	0	1	1	0	21	3	1	0	0	2	0	0	0	0	0	2	0	0	1	0	1	5	0	4	0	0
125557	16 Oct 25	16:41:00	1	0	60	0	Ct	0	1	0	3	1	15	0	0	0	1	2	3	1	1	1	0	0	1	1	0	1	2	1	0	1	0	0	0	0	2	1	1	2	0
125558	16 Oct 25	16:42:00	1	0	60	0	Ct	0	1	0	0	1	1	0	0	3	0	1	0	1	0	1	0	1	1	0	0	0	1	2	2	1	1	2	0	2	1	2	1	0	1
125559	16 Oct 25	16:43:00	1	0	60	0	Ct	0	1	0	0	3	1	0	0	0	0	1	0	2	0	1	1	3	1	2	0	1	2	0	1	0	0	0	0	1	0	1	4	0	1
125560	16 Oct 25	16:44:00	1	0	60	0	Ct	0	1	2	2	2	1	0	0	0	0	1	0	1	1	0	1	0	1	0	0	1	2	0	1	2	0	2	0	3	0	1	0	0	3
125561	16 Oct 25	16:45:00	1	0	60	0	Ct	0	1	1	1	2	2	0	0	0	1	1	0	8	2	2	1	0	1	1	0	1	0	0	0	2	0	1	0	3	4	1	0	2	9
125562	16 Oct 25	16:46:00	1	0	60	0	Ct	0	1	1	1	2	1	0	0	0	2	1	0	1	0	2	1	0	1	1	0	2	0	0	2	0	0	2	0	2	1	0	0	0	13
125563	16 Oct 25	16:47:00	1	0	60	0	Ct	0	1	1	0	2	0	0	3	2	1	3	0	2	1	3	3	0	2	0	0	2	1	0	2	2	0	0	0	1	1	4	0	0	2
125564	16 Oct 25	16:48:00	1	0	60	0	Ct	0	1	0	1	2	1	0	1	0	0	1	0	1	1	3	1	0	2	0	0	1	1	0	1	0	0	0	0	1	0	0	1	0	2
125565	16 Oct 25	16:49:00	1	0	60	0	Ct	0	1	0	2	2	0	0	1	0	2	2	0	3	1	2	2	0	1	0	0	0	0	0	2	0	0	0	0	1	1	0	2	1	0
125566	16 Oct 25	16:50:00	1	0	60	0	Ct	0	1	0	6	2	0	0	2	0	1	1	0	2	2	2	2	0	3	0	0	1	1	0	1	0	0	0	0	2	0	0	0	1	2
125567	16 Oct 25	16:51:00	1	0	60	0	Ct	0	1	0	2	12	0	0	2	1	0	1	0	2	1	1	2	0	1	0	0	1	1	0	1	0	0	0	0	3	5	0	1	0	1
125568	16 Oct 25	16:52:00	1	0	60	0	Ct	0	1	0	1	2	0	0	1	2	0	3	0	3	2	3	1	2	1	0	0	2	0	2	2	1	0	0	0	2	6	0	0	0	0
125569	16 Oct 25	16:53:00	1	0	60	0	Ct	0	1	0	1	2	0	0	5	0	0	0	2	3	2	2	0	0	1	0	0	2	1	1	0	1	0	1	0	1	0	0	0	0	0
125570	16 Oct 25	16:54:00	1	0	60	0	Ct	0	1	0	0	1	0	0	1	0	0	1	1	3	0	2	0	0	1	0	0	2	1	3	0	0	0	1	0	1	0	0	1	0	0
125571	16 Oct 25	16:55:00	1	0	60	0	Ct	0	1	0	1	2	0	0	0	0	1	1	1	0	2	2	0	0	2	0	0	1	0	2	2	0	0	1	0	0	1	0	1	0	0
125572	16 Oct 25	16:56:00	1	0	60	0	Ct	0	1	0	0	1	0	0	1	2	1	1	1	0	4	0	2	0	3	0	0	1	0	2	1	0	0	2	0	11	0	0	0	0	2
125573	16 Oct 25	16:57:00	1	0	60	0	Ct	0	1	1	1	1	1	2	1	7	0	4	2	1	1	1	0	0	2	0	0	1	0	0	0	1	0	1	0	1	2	0	0	0	0
125574	16 Oct 25	16:58:00	1	0	60	0	Ct	0	1	0	0	1	0	3	1	3	0	8	2	2	4	1	3	0	3	0	0	1	0	3	1	0	0	0	0	1	0	0	0	0	0
125575	16 Oct 25	16:59:00	1	0	60	0	Ct	0	1	2	0	2	0	3	1	0	0	1	1	2	1	1	0	0	2	0	0	1	1	2	1	2	2	1	0	0	0	0	1	2	0
125576	16 Oct 25	17:00:00	1	0	60	0	Ct	0	1	0	1	3	0	2	0	0	1	0	2	1	0	2	2	0	2	0	0	0	1	3	1	1	4	2	0	0	1	0	1	0	2
125577	16 Oct 25	17:01:00	1	0	60	0	Ct	0	1	1	0	0	0	2	1	0	1	3	3	2	1	2	1	0	1	1	0	2	0	3	3	0	0	2	0	2	1	0	1	2	0
125578	16 Oct 25	17:02:00	1	0	60	0	Ct	0	1	1	1	0	1	1	1	0	0	0	0	2	2	2	1	0	1	1	0	4	2	1	0	2	0	3	0	2	7	0	1	2	3
125579	16 Oct 25	17:03:00	1	0	60	0	Ct	0	1	0	0	2	2	1	9	0	0	3	0	1	1	1	1	0	1	4	0	1	1	1	0	1	0	1	0	3	1	0	0	2	2
125580	16 Oct 25	17:04:00	1	0	60	0	Ct	0	1	1	2	2	2	3	0	0	0	0	0	0	0	1	1	0	2	0	0	0	1	0	2	1	0	0	0	0	0	1	1	1	0
125581	16 Oct 25	17:05:00	1	0	60	0	Ct	0	1	1	2	1	2	2	0	0	0	2	1	2	1	1	2	0	0	0	0	0	0	1	1	0	0	0	0	1	0	0	0	1	1
125582	16 Oct 25	17:06:00	1	0	60	0	Ct	0	1	1	2	2	3	7	1	0	1	0	0	2	1	1	1	0	1	1	0	2	2	1	1	0	3	0	0	1	1	2	0	1	1
125583	16 Oct 25	17:07:00	1	0	60	0	Ct	0	1	1	0	2	0	2	0	0	0	1	0	2	1	1	0	0	1	0	0	2	2	0	1	0	1	1	0	1	1	1	0	0	2
125584	16 Oct 25	17:08:00	1	0	60	0	Ct	0	1	0	0	3	3	2	1	0	1	0	0	2	1	2	3	0	2	0	0	2	0	0	1	0	0	1	0	0	0	0	0	1	3
125585	16 Oct 25	17:09:00	1	0	60	0	Ct	0	1	0	1	2	0	2	0	0	0	0	0	2	0	3	0	0	1	3	0	2	0	0	0	0	0	3	0	1	10	1	0	0	2
125586	16 Oct 25	17:10:00	1	0	60	0	Ct	0	1	1	0	0	0	1	2	0	1	0	8	1	3	0	2	0	1	0	0	0	0	2	0	0	0	1	0	1	5	0	0	0	3
125587	16 Oct 25	17:11:00	1	0	60	0	Ct	0	1	0	1	10	2	2	0	0	3	0	1	1	2	2	2	0	2	0	0	1	1	0	0	0	0	3	0	1	0	0	0	1	0
125588	16 Oct 25	17:12:00	1	0	60	0	Ct	0	1	1	1	14	0	3	1	0	0	0	3	2	0	0	2	0	1	0	0	1	1	2	0	0	0	1	1	2	3	0	0	0	1
125589	16 Oct 25	17:13:00	1	0	60	0	Ct	0	1	2	1	2	0	3	1	0	0	0	3	1	1	0	4	0	0	0	0	0	0	0	2	0	0	0	1	4	1	0	2	1	2
125590	16 Oct 25	17:14:00	1	0	60	0	Ct	0	1	1	0	0	0	2	1	0	1	0	1	0	3	2	1	0	2	0	0	0	0	2	1	0	0	1	2	2	2	0	0	2	4
125591	16 Oct 25	17:15:00	1	0	60	0	Ct	0	1	0	4	3	0	2	2	0	2	0	1	0	1	0	2	0	9	0	0	1	0	0	2	0	1	3	1	1	0	1	0	2	2
125592	16 Oct 25	17:16:00	1	0	60	0	Ct	0	1	1	1	2	0	3	0	0	0	0	2	2	2	2	1	0	1	0	0	1	0	0	1	2	4	1	2	1	1	0	0	0	2
125593	16 Oct 25	17:17:00	1	0	60	0	Ct	0	1	1	1	2	0	1	2	0	0	0	0	2	2	2	2	0	1	0	0	2	0	0	2	2	0	1	4	2	1	0	2	1	2
125594	16 Oct 25	17:18:00	1	0	60	0	Ct	0	1	0	0	6	0	2	1	0	3	0	0	0	0	3	0	0	2	2	0	1	0	0	1	2	0	0	2	2	0	0	2	1	1
125595	16 Oct 25	17:19:00	1	0	60	0	Ct	0	1	0	1	0	0	3	1	0	1	0	6	3	0	2	0	0	1	0	0	1	0	0	2	0	2	1	3	2	0	0	0	1	1
125596	16 Oct 25	17:20:00	1	0	60	0	Ct	0	1	0	1	0	0	1	3	0	0	0	3	1	0	2	0	0	0	1	0	0	0	0	2	0	0	2	1	2	2	0	1	1	2
125597	16 Oct 25	17:21:00	1	0	60	0	Ct	0	1	0	1	0	0	2	0	0	3	1	5	1	0	2	2	0	1	1	0	2	0	0	1	0	0	1	2	1	1	0	0	1	1
125598	16 Oct 25	17:22:00	1	0	60	0	Ct	0	1	0	1	1	0	1	0	0	12	0	0	3	0	1	2	0	1	0	0	0	0	0	2	5	0	5	5	1	0	0	2	2	2
125599	16 Oct 25	17:23:00	1	0	60	0	Ct	0	1	0	1	2	0	0	0	0	2	1	6	1	0	1	0	0	1	0	0	0	0	0	0	0	0	0	3	2	0	1	1	1	2
125600	16 Oct 25	17:24:00	1	0	60	0	Ct	0	1	0	0	3	0	4	0	1	2	1	2	2	0	2	1	0	1	0	0	2	0	2	0	0	1	1	2	1	1	1	0	2	5
125601	16 Oct 25	17:25:00	1	0	60	0	Ct	0	1	0	0	2	0	2	0	0	0	1	3	2	0	3	2	0	2	0	0	2	0	0	0	0	1	0	4	3	0	1	0	0	2
125602	16 Oct 25	17:26:00	1	0	60	0	Ct	0	1	0	1	1	0	3	0	0	0	1	2	1	0	2	3	0	4	0	0	2	0	2	1	0	1	0	3	0	1	0	0	1	2
125603	16 Oct 25	17:27:00	1	0	60	0	Ct	0	1	0	0	3	0	2	0	3	0	1	1	2	2	2	0	0	0	0	0	0	0	1	2	0	0	0	2	0	0	0	0	0	0
125604	16 Oct 25	17:28:00	1	0	60	0	Ct	0	1	0	2	7	0	2	0	20	0	3	4	1	1	2	0	0	2	0	0	1	2	2	1	0	0	0	3	0	1	1	0	0	0
125605	16 Oct 25	17:29:00	1	0	60	0	Ct	0	1	0	0	0	2	1	2	2	0	1	2	2	1	2	1	0	0	0	0	0	0	1	1	0	0	0	3	0	0	1	0	2	0
125606	16 Oct 25	17:30:00	1	0	60	0	Ct	0	1	1	1	1	0	3	0	1	2	1	2	2	0	2	1	0	1	0	0	1	0	0	0	1	0	0	3	0	1	3	0	0	0
125607	16 Oct 25	17:31:00	1	0	60	0	Ct	0	1	0	1	1	2	3	0	0	0	0	0	2	3	2	1	0	1	0	0	2	1	0	0	1	3	1	0	0	2	0	0	0	0
125608	16 Oct 25	17:32:00	1	0	60	0	Ct	0	1	0	1	1	2	2	0	5	0	0	0	1	0	2	0	0	0	0	0	1	2	0	0	1	2	1	4	2	0	0	0	0	0
125609	16 Oct 25	17:33:00	1	0	60	0	Ct	0	1	0	1	3	2	3	2	14	0	0	2	3	0	2	2	0	1	0	0	3	6	0	0	1	0	1	2	1	0	0	0	0	0
125610	16 Oct 25	17:34:00	1	0	60	0	Ct	0	1	0	1	1	2	2	0	0	0	0	4	4	1	0	2	0	1	8	0	1	0	0	0	1	0	2	5	2	0	0	0	0	0
125611	16 Oct 25	17:35:00	1	0	60	0	Ct	0	1	0	0	1	1	0	0	0	0	0	1	1	2	1	1	0	0	5	0	1	0	3	0	1	0	2	2	2	1	0	2	0	0
125612	16 Oct 25	17:36:00	1	0	60	0	Ct	0	1	0	0	1	1	0	0	0	0	0	3	2	1	2	1	0	2	1	0	2	0	0	0	2	2	1	2	2	2	0	2	0	0
125613	16 Oct 25	17:37:00	1	0	60	0	Ct	0	1	0	1	1	0	0	0	0	1	0	0	2	1	1	0	0	1	0	0	1	0	0	0	0	0	0	4	0	0	0	1	0	0
125614	16 Oct 25	17:38:00	1	0	60	0	Ct	0	1	0	1	1	0	3	0	0	1	0	2	1	2	0	0	0	1	0	0	4	0	0	0	2	0	2	3	2	0	0	1	0	0
125615	16 Oct 25	17:39:00	1	0	60	0	Ct	0	1	0	0	2	0	0	0	0	1	0	2	1	1	2	2	0	2	1	0	1	0	2	0	0	0	1	4	2	1	0	0	0	1
125616	16 Oct 25	17:40:00	1	0	60	0	Ct	0	1	0	1	0	4	0	0	0	1	0	2	0	2	2	3	0	2	2	0	0	1	1	0	0	1	1	3	2	3	0	0	0	5
125617	16 Oct 25	17:41:00	1	0	60	0	Ct	0	1	0	0	3	0	1	0	1	0	0	3	0	0	2	2	0	1	4	0	0	1	0	1	2	0	1	2	1	1	0	2	0	0
125618	16 Oct 25	17:42:00	1	0	60	0	Ct	0	1	0	0	0	4	0	0	3	0	0	1	0	2	2	1	0	2	1	0	2	2	0	1	0	0	0	3	1	1	0	2	0	1
125619	16 Oct 25	17:43:00	1	0	60	0	Ct	0	1	0	1	12	1	5	0	23	2	0	2	0	2	2	2	0	0	2	0	1	1	0	1	0	0	1	5	0	1	0	3	0	2
125620	16 Oct 25	17:44:00	1	0	60	0	Ct	0	1	0	1	1	0	2	0	36	1	0	2	0	2	2	1	0	1	1	0	0	1	0	1	0	1	1	3	2	0	0	2	0	1
125621	16 Oct 25	17:45:00	1	0	60	0	Ct	0	1	0	1	2	0	2	0	17	0	0	3	1	0	0	2	0	1	1	0	1	2	0	4	0	5	1	3	1	0	0	1	0	1
125622	16 Oct 25	17:46:00	1	0	60	0	Ct	0	1	1	1	2	0	3	0	1	0	0	5	0	2	0	2	0	1	1	0	1	0	0	1	1	0	2	3	1	1	0	2	0	2
125623	16 Oct 25	17:47:00	1	0	60	0	Ct	0	1	0	1	2	0	4	0	0	0	0	1	4	1	2	2	0	2	4	0	2	1	0	1	1	0	4	3	0	0	0	0	0	3
125624	16 Oct 25	17:48:00	1	0	60	0	Ct	0	1	0	2	1	0	2	0	0	0	0	1	5	3	2	1	0	0	2	0	0	1	0	0	0	1	8	3	0	0	0	0	0	1
125625	16 Oct 25	17:49:00	1	0	60	0	Ct	0	1	0	0	2	0	2	0	0	0	0	0	1	2	1	0	0	1	2	0	1	1	0	1	2	0	1	3	0	1	0	0	0	2
125626	16 Oct 25	17:50:00	1	0	60	0	Ct	0	1	0	0	0	0	1	0	0	3	0	0	0	2	3	0	0	3	3	0	1	1	0	1	0	0	7	1	2	4	0	0	2	6
125627	16 Oct 25	17:51:00	1	0	60	0	Ct	0	1	0	1	2	0	2	0	0	0	0	1	0	1	1	0	0	1	1	0	0	1	0	0	4	0	2	4	2	7	3	0	2	0
125628	16 Oct 25	17:52:00	1	0	60	0	Ct	0	1	0	0	0	0	3	0	0	0	0	1	0	0	2	0	0	0	2	0	2	1	0	0	0	0	1	1	2	3	1	0	3	3
125629	16 Oct 25	17:53:00	1	0	60	0	Ct	0	1	0	1	2	0	2	0	2	0	0	2	3	3	1	0	0	1	1	0	5	1	0	0	0	1	0	1	1	0	1	1	0	1
125630	16 Oct 25	17:54:00	1	0	60	0	Ct	0	1	0	0	1	0	3	0	0	0	0	1	2	2	4	1	0	2	1	0	0	1	0	0	0	0	1	4	2	1	1	0	0	2
125631	16 Oct 25	17:55:00	1	0	60	0	Ct	0	1	0	3	1	32	2	0	0	0	1	2	0	1	2	2	0	1	2	0	0	3	0	0	0	0	2	2	1	0	0	0	0	2
125632	16 Oct 25	17:56:00	1	0	60	0	Ct	0	1	0	2	1	4	0	0	1	0	0	1	1	2	2	0	0	1	4	0	0	1	0	0	2	0	0	4	1	0	0	0	0	0
125633	16 Oct 25	17:57:00	1	0	60	0	Ct	0	1	0	6	4	0	3	0	0	1	1	4	2	2	1	2	0	0	2	0	0	1	0	0	0	1	1	2	0	1	0	0	0	1
125634	16 Oct 25	17:58:00	1	0	60	0	Ct	0	1	0	0	1	0	1	0	0	1	1	3	1	2	3	1	0	1	1	0	2	1	0	0	0	0	0	5	2	1	2	1	1	2
125635	16 Oct 25	17:59:00	1	0	60	0	Ct	0	1	0	1	1	0	2	0	1	0	0	7	1	1	1	1	0	1	3	0	1	0	0	0	0	0	0	3	1	0	0	1	0	0
125636	16 Oct 25	18:00:00	1	0	60	0	Ct	0	1	0	2	0	0	1	0	0	0	1	3	5	1	3	2	0	1	2	0	2	2	0	0	0	0	0	2	0	2	2	1	1	2
125637	16 Oct 25	18:01:00	1	0	60	0	Ct	0	1	0	1	1	1	1	0	1	1	2	2	0	1	1	2	0	1	1	0	1	1	0	0	0	5	1	2	0	4	1	3	0	0
125638	16 Oct 25	18:02:00	1	0	60	0	Ct	0	1	0	0	1	1	2	2	0	1	1	2	0	1	0	1	0	0	3	0	3	0	1	0	0	1	1	2	0	0	1	2	0	2
125639	16 Oct 25	18:03:00	1	0	60	0	Ct	0	1	0	1	0	0	3	1	0	0	0	0	0	2	0	1	0	1	2	0	2	2	1	2	2	3	1	2	0	10	0	0	0	2
125640	16 Oct 25	18:04:00	1	0	60	0	Ct	0	1	2	1	1	0	1	1	0	0	0	1	2	2	1	1	0	1	1	0	2	0	0	2	2	0	1	0	0	36	0	0	1	0
125641	16 Oct 25	18:05:00	1	0	60	0	Ct	0	1	1	1	2	0	2	0	0	0	12	2	11	1	2	1	0	1	1	0	2	2	0	1	0	1	0	0	0	13	0	0	1	1
125642	16 Oct 25	18:06:00	1	0	60	0	Ct	0	1	2	3	2	0	3	0	0	3	1	2	0	1	0	2	0	1	1	0	2	0	0	1	2	0	0	0	1	2	4	1	0	0
125643	16 Oct 25	18:07:00	1	0	60	0	Ct	0	1	3	6	5	0	3	2	2	0	4	1	2	0	1	7	0	2	0	0	2	1	3	2	2	0	3	1	1	2	2	2	3	1
125644	16 Oct 25	18:08:00	1	0	60	0	Ct	0	0	2	2	5	0	1	0	0	2	3	3	2	2	2	4	0	2	2	0	2	12	6	1	0	0	2	4	0	1	0	3	2	0
125645	16 Oct 25	18:09:00	1	0	60	0	Ct	0	0	1	8	4	0	0	3	0	1	1	4	3	0	1	2	0	4	4	0	5	1	6	3	6	0	3	3	2	2	3	2	2	4
125646	16 Oct 25	18:10:00	1	0	60	0	Ct	0	0	1	5	5	0	0	3	0	4	3	3	3	2	1	4	0	1	1	0	5	1	4	3	4	0	1	2	3	0	4	5	2	3
125647	16 Oct 25	18:11:00	1	0	60	0	Ct	0	0	1	5	3	0	4	3	1	3	3	3	2	3	2	3	0	4	2	0	3	2	4	1	2	0	1	3	1	2	1	4	2	3
125648	16 Oct 25	18:12:00	1	0	60	0	Ct	0	0	1	5	4	0	3	2	0	1	3	0	4	4	2	2	0	3	1	0	3	1	2	3	3	0	2	3	3	0	2	3	1	2
125649	16 Oct 25	18:13:00	1	0	60	0	Ct	0	0	2	3	4	0	4	3	2	2	2	4	1	2	4	3	2	2	2	0	3	3	6	3	2	0	1	3	1	0	1	2	2	4
125650	16 Oct 25	18:14:00	1	0	60	0	Ct	0	0	1	4	2	0	2	3	0	2	3	2	1	3	3	5	0	3	1	0	3	2	2	2	2	0	1	2	1	2	2	2	4	4
125651	16 Oct 25	18:15:00	1	0	60	0	Ct	0	0	1	3	3	0	1	2	3	3	3	0	2	3	2	2	2	3	1	0	2	1	2	3	0	0	1	3	2	2	2	1	1	4
125652	16 Oct 25	18:16:00	1	0	60	0	Ct	0	0	0	3	4	0	4	3	0	2	2	2	1	0	2	0	2	1	2	0	4	2	4	1	0	0	1	3	2	2	2	2	2	2
125653	16 Oct 25	18:17:00	1	0	60	0	Ct	0	0	0	3	2	0	1	2	2	0	2	3	3	3	2	2	2	0	2	0	2	1	3	2	2	0	0	2	3	1	0	0	2	3
125654	16 Oct 25	18:18:00	1	0	60	0	Ct	0	0	1	4	2	0	1	2	3	3	2	1	1	0	3	1	2	2	3	0	3	2	2	1	3	0	4	2	1	2	0	2	1	3
125655	16 Oct 25	18:19:00	1	0	60	0	Ct	0	0	0	2	2	0	4	2	2	2	1	3	2	2	3	3	1	3	2	0	2	0	4	3	2	0	1	3	4	2	1	2	3	2
125656	16 Oct 25	18:20:00	1	0	60	0	Ct	0	0	2	4	1	0	3	3	2	2	2	2	1	2	3	3	2	1	1	0	3	1	3	0	1	0	1	2	1	0	1	1	1	2
125657	16 Oct 25	18:21:00	1	0	60	0	Ct	0	0	2	1	3	0	2	3	2	1	1	4	1	0	3	3	2	2	1	0	4	1	3	1	1	0	2	2	2	2	2	3	0	1
125658	16 Oct 25	18:22:00	1	0	60	0	Ct	0	0	2	2	3	0	2	2	1	1	1	3	2	1	3	3	0	2	1	0	3	2	1	2	1	0	3	3	2	1	1	1	3	2
125659	16 Oct 25	18:23:00	1	0	60	0	Ct	0	0	2	2	3	0	1	2	2	2	0	5	0	1	4	3	0	2	1	0	3	1	1	4	2	0	1	1	1	2	1	2	1	0
125660	16 Oct 25	18:24:00	1	0	60	0	Ct	0	0	1	1	0	0	3	3	2	1	4	2	2	2	5	3	0	3	3	0	5	1	4	1	3	0	2	1	2	1	1	2	2	3
125661	16 Oct 25	18:25:00	1	0	60	0	Ct	0	0	1	2	2	0	2	0	3	0	4	1	1	3	2	2	1	1	1	0	5	0	10	4	1	0	1	3	1	0	1	2	2	4
125662	16 Oct 25	18:26:00	1	0	60	0	Ct	0	0	2	2	2	0	1	2	1	0	3	2	0	1	3	2	2	3	2	0	2	2	1	1	2	0	1	2	2	1	0	1	2	3
125663	16 Oct 25	18:27:00	1	0	60	0	Ct	0	0	0	1	3	0	2	2	1	2	2	3	1	0	3	3	0	3	2	0	3	0	2	1	2	0	2	3	2	3	0	2	2	1
125664	16 Oct 25	18:28:00	1	0	60	0	Ct	0	0	0	2	3	0	2	1	3	0	2	2	2	0	2	4	2	2	1	0	3	0	1	2	1	0	2	2	2	1	1	1	1	3
125665	16 Oct 25	18:29:00	1	0	60	0	Ct	0	0	0	1	2	0	2	2	1	2	2	4	4	2	2	2	3	2	3	0	5	1	2	1	1	0	1	2	2	1	1	2	2	2
125666	16 Oct 25	18:30:00	1	0	60	0	Ct	0	0	0	1	2	0	2	2	0	2	2	3	1	5	3	1	0	2	2	0	4	1	3	1	3	0	2	1	1	1	0	2	0	2
125667	16 Oct 25	18:31:00	1	0	60	0	Ct	0	0	0	2	2	0	3	0	4	0	1	4	2	0	3	3	1	2	2	0	2	0	3	2	3	0	4	2	1	2	2	1	0	6
125668	16 Oct 25	18:32:00	1	0	60	0	Ct	0	0	1	2	2	0	2	1	2	1	2	2	1	2	4	1	1	2	1	0	2	4	5	1	1	0	1	4	0	3	0	2	1	2
125669	16 Oct 25	18:33:00	1	0	60	0	Ct	0	0	1	3	3	3	3	1	1	3	1	1	2	1	2	2	1	2	1	0	2	0	2	2	2	0	2	3	2	1	1	1	1	2
125670	16 Oct 25	18:34:00	1	0	60	0	Ct	0	0	2	2	4	5	2	1	2	1	2	3	2	1	3	4	1	2	1	0	2	2	1	1	2	0	2	1	1	2	1	0	2	2
125671	16 Oct 25	18:35:00	1	0	60	0	Ct	0	0	0	2	2	6	2	2	2	2	2	0	0	2	2	3	0	3	0	0	4	0	1	1	3	0	1	2	2	1	0	0	1	5
125672	16 Oct 25	18:36:00	1	0	60	0	Ct	0	0	2	1	3	4	2	1	1	1	1	1	1	2	2	2	0	2	0	0	2	1	3	1	1	2	1	3	2	1	1	1	1	1
125673	16 Oct 25	18:37:00	1	0	60	0	Ct	0	0	6	2	3	0	2	2	4	1	2	4	3	2	1	2	0	2	3	0	4	1	5	0	1	0	2	1	0	2	1	3	5	3
125674	16 Oct 25	18:38:00	1	0	60	0	Ct	0	0	1	3	2	2	1	1	3	2	3	1	0	0	3	1	0	2	1	0	3	2	1	2	2	0	2	1	2	2	0	2	0	1
125675	16 Oct 25	18:39:00	1	0	60	0	Ct	0	0	1	1	3	5	2	3	2	2	2	3	2	0	2	2	3	1	2	0	3	0	1	5	0	1	1	3	2	2	0	2	1	1
125676	16 Oct 25	18:40:00	1	0	60	0	Ct	0	0	1	3	1	2	2	2	3	2	2	2	1	2	3	6	0	2	1	0	2	0	3	2	0	0	3	3	2	1	2	0	1	1
125677	16 Oct 25	18:41:00	1	0	60	0	Ct	0	0	1	1	3	0	3	1	1	0	1	4	1	0	3	1	2	4	3	0	4	0	3	1	0	0	1	1	2	2	1	0	1	4
125678	16 Oct 25	18:42:00	1	0	60	0	Ct	0	0	0	2	1	2	2	3	2	2	1	2	2	1	2	3	1	2	4	0	3	1	1	1	2	0	2	2	2	1	1	0	1	2
125679	16 Oct 25	18:43:00	1	0	60	0	Ct	0	0	3	1	2	0	3	3	2	1	1	12	2	1	3	5	3	1	2	0	1	0	4	1	2	0	0	2	2	1	0	3	1	2
125680	16 Oct 25	18:44:00	1	0	60	0	Ct	0	0	0	1	2	2	2	2	1	3	2	2	1	1	2	1	1	1	3	0	3	2	1	2	2	0	0	2	1	2	2	2	1	1
125681	16 Oct 25	18:45:00	1	0	60	0	Ct	0	0	1	1	2	0	2	1	1	0	2	2	1	1	0	2	0	3	2	0	2	1	2	1	1	0	1	1	3	2	1	1	1	1
125682	16 Oct 25	18:46:00	1	0	60	0	Ct	0	0	2	1	2	2	2	1	3	2	2	1	3	1	1	3	0	2	2	0	2	1	3	0	1	0	1	2	0	2	0	1	4	2
125683	16 Oct 25	18:47:00	1	0	60	0	Ct	0	0	1	0	1	1	2	2	1	5	2	3	2	1	2	1	0	1	2	0	1	2	2	2	2	0	3	1	1	2	0	1	1	3
125684	16 Oct 25	18:48:00	1	0	60	0	Ct	0	0	1	0	2	9	4	0	1	3	2	2	1	0	2	3	0	2	1	0	3	2	0	1	0	0	4	1	1	1	0	0	2	1
125685	16 Oct 25	18:49:00	1	0	60	0	Ct	0	0	0	1	0	2	2	1	2	0	2	3	0	0	3	2	3	2	1	0	2	1	1	2	1	0	2	2	4	1	1	3	2	4
125686	16 Oct 25	18:50:00	1	0	60	0	Ct	0	0	0	3	1	0	2	1	1	2	1	0	2	0	2	3	2	2	2	0	3	1	2	2	2	0	1	2	2	0	1	2	2	2
125687	16 Oct 25	18:51:00	1	0	60	0	Ct	0	0	1	2	3	1	1	5	3	1	1	4	1	1	2	3	0	1	0	0	2	1	3	1	2	0	2	1	4	0	3	1	1	1
125688	16 Oct 25	18:52:00	1	0	60	0	Ct	0	0	2	21	1	2	3	3	1	1	1	1	1	5	2	1	1	2	0	0	3	0	1	3	1	0	2	2	2	2	1	3	2	2
125689	16 Oct 25	18:53:00	1	0	60	0	Ct	0	0	2	2	3	1	1	1	1	1	1	3	1	4	2	3	2	1	0	0	3	1	6	1	0	0	0	2	0	1	1	1	1	2
125690	16 Oct 25	18:54:00	1	0	60	0	Ct	0	0	1	0	0	5	2	2	1	0	2	4	1	0	3	3	1	1	0	0	2	1	3	2	1	0	8	2	4	1	1	2	0	3
125691	16 Oct 25	18:55:00	1	0	60	0	Ct	0	0	0	3	1	4	2	2	2	1	2	1	1	1	3	3	0	2	0	0	3	1	2	3	2	0	3	0	2	2	1	1	0	1
125692	16 Oct 25	18:56:00	1	0	60	0	Ct	0	0	1	2	3	2	2	1	1	2	2	1	2	1	1	2	1	2	2	0	2	2	3	1	4	0	2	3	2	1	1	2	1	2
125693	16 Oct 25	18:57:00	1	0	60	0	Ct	0	0	1	2	2	6	2	2	2	0	2	3	1	1	1	1	0	1	2	0	3	1	0	2	1	0	3	2	1	1	0	1	1	1
125694	16 Oct 25	18:58:00	1	0	60	0	Ct	0	0	1	1	1	9	2	1	0	0	2	0	2	0	3	0	0	1	2	0	3	0	3	0	3	0	2	2	1	1	1	1	0	1
125695	16 Oct 25	18:59:00	1	0	60	0	Ct	0	0	0	2	1	3	2	2	2	0	2	2	2	2	3	2	0	2	1	0	1	1	1	1	1	0	0	2	1	2	0	1	2	1
125696	16 Oct 25	19:00:00	1	0	60	0	Ct	0	0	0	1	3	2	3	2	1	1	2	3	0	0	3	2	1	2	3	0	3	1	1	1	1	0	2	2	3	1	1	2	0	10
125697	16 Oct 25	19:01:00	1	0	60	0	Ct	0	0	2	1	1	34	1	0	1	1	2	2	3	1	4	2	3	1	1	0	3	0	4	1	5	0	1	2	2	2	2	5	0	2
125698	16 Oct 25	19:02:00	1	0	60	0	Ct	0	0	0	2	1	24	2	0	1	0	1	1	1	1	3	1	6	2	1	0	3	1	3	1	5	0	1	4	0	1	1	4	2	1
125699	16 Oct 25	19:03:00	1	0	60	0	Ct	0	0	1	1	3	4	8	0	1	0	2	1	1	2	4	2	0	2	1	0	3	1	3	1	1	0	6	2	2	1	0	2	1	4
125700	16 Oct 25	19:04:00	1	0	60	0	Ct	0	0	0	1	0	3	1	0	1	0	2	2	1	0	2	1	7	2	3	0	2	0	2	1	2	0	1	3	1	0	3	1	2	3
125701	16 Oct 25	19:05:00	1	0	60	0	Ct	0	0	1	1	3	3	2	1	1	0	1	3	1	0	3	1	1	1	1	0	3	0	1	0	1	0	1	2	1	0	1	1	1	2
125702	16 Oct 25	19:06:00	1	0	60	0	Ct	0	0	1	1	0	0	1	2	2	1	2	1	1	2	3	2	0	2	2	0	3	1	5	3	1	0	1	3	3	2	1	4	2	5
125703	16 Oct 25	19:07:00	1	0	60	0	Ct	0	0	0	1	0	6	2	1	1	0	1	1	1	0	4	2	0	1	2	0	4	1	4	1	1	0	1	3	3	2	0	2	1	3
125704	16 Oct 25	19:08:00	1	0	60	0	Ct	0	0	2	2	3	7	2	2	0	1	1	1	0	1	2	1	0	2	1	0	3	2	2	3	3	0	1	2	1	0	1	1	1	3
125705	16 Oct 25	19:09:00	1	0	60	0	Ct	0	0	0	1	2	0	2	0	3	2	1	4	1	2	2	2	1	3	2	0	2	1	0	1	10	0	1	3	1	0	1	2	2	0
125706	16 Oct 25	19:10:00	1	0	60	0	Ct	0	0	5	1	1	0	1	0	1	1	1	3	1	0	1	2	1	2	0	0	3	1	0	0	1	0	2	1	1	0	0	0	2	3
125707	16 Oct 25	19:11:00	1	0	60	0	Ct	0	0	1	2	4	5	2	0	1	1	1	2	1	0	2	2	0	1	1	0	1	2	0	0	2	0	2	1	3	1	0	1	1	3
125708	16 Oct 25	19:12:00	1	0	60	0	Ct	0	0	1	0	1	0	2	2	2	0	0	2	2	0	3	0	0	2	1	0	2	0	0	1	0	0	1	5	2	1	1	0	1	2
125709	16 Oct 25	19:13:00	1	0	60	0	Ct	0	0	0	1	2	1	1	1	1	2	1	2	1	1	2	2	0	2	0	0	3	6	1	1	1	0	1	1	1	0	1	2	2	2
125710	16 Oct 25	19:14:00	1	0	60	0	Ct	0	0	0	1	5	0	2	1	5	1	2	1	1	2	3	3	0	3	0	0	4	2	3	1	3	0	1	2	1	1	2	2	2	4
125711	16 Oct 25	19:15:00	1	0	60	0	Ct	0	0	2	0	2	0	1	1	0	0	2	2	1	1	3	0	1	1	2	0	2	0	2	1	1	3	2	2	6	1	0	1	0	0
125712	16 Oct 25	19:16:00	1	0	60	0	Ct	0	0	1	2	2	0	2	2	1	0	2	3	1	0	2	0	2	0	1	0	1	2	5	1	2	0	3	0	0	2	2	2	1	4
125713	16 Oct 25	19:17:00	1	0	60	0	Ct	0	0	0	2	1	4	2	2	2	2	1	0	0	1	2	1	0	1	1	0	1	0	1	1	1	1	3	1	3	1	1	0	1	3
125714	16 Oct 25	19:18:00	1	0	60	0	Ct	0	0	0	5	1	3	1	1	2	0	2	0	1	1	1	2	0	2	1	0	2	1	3	1	1	0	1	1	0	1	0	3	1	2
125715	16 Oct 25	19:19:00	1	0	60	0	Ct	0	0	0	1	3	0	2	0	2	1	1	2	2	1	4	1	3	4	2	0	0	3	3	2	4	0	2	0	1	1	0	1	1	3
125716	16 Oct 25	19:20:00	1	0	60	0	Ct	0	0	0	2	1	0	1	0	0	1	1	1	0	3	2	1	1	1	1	0	1	0	1	2	1	0	1	0	1	1	0	1	1	1
125717	16 Oct 25	19:21:00	1	0	60	0	Ct	0	0	0	2	2	0	2	1	4	0	2	1	2	1	1	4	6	3	2	0	3	1	3	1	2	0	2	0	2	1	0	2	0	2
125718	16 Oct 25	19:22:00	1	0	60	0	Ct	0	0	4	3	2	4	2	3	1	0	1	0	1	0	3	2	0	1	1	0	2	1	2	1	3	0	0	2	2	2	0	5	1	2
125719	16 Oct 25	19:23:00	1	0	60	0	Ct	0	0	0	1	2	0	1	0	1	0	3	2	1	1	2	1	0	2	2	0	2	0	2	1	0	0	3	0	3	1	0	4	0	2
125720	16 Oct 25	19:24:00	1	0	60	0	Ct	0	0	1	2	1	0	3	1	1	0	2	9	2	2	2	0	1	2	1	0	2	1	2	1	2	0	1	1	1	1	1	4	1	3
125721	16 Oct 25	19:25:00	1	0	60	0	Ct	0	0	2	1	1	0	3	0	3	0	1	2	1	2	4	2	3	2	1	0	2	1	3	2	0	0	4	2	2	0	1	1	1	3
125722	16 Oct 25	19:26:00	1	0	60	0	Ct	0	0	2	1	1	0	1	1	2	0	1	2	1	3	2	0	0	2	2	0	3	1	2	1	0	0	3	2	3	1	1	0	4	1
125723	16 Oct 25	19:27:00	1	0	60	0	Ct	0	0	2	2	3	0	2	0	1	0	2	3	1	1	2	0	1	3	2	0	1	4	2	2	2	0	1	3	1	3	1	2	1	3
125724	16 Oct 25	19:28:00	1	0	60	0	Ct	0	0	1	2	4	0	2	0	2	0	1	2	0	1	4	3	1	2	1	0	2	1	2	10	1	0	2	4	0	1	2	2	2	1
125725	16 Oct 25	19:29:00	1	0	60	0	Ct	0	0	0	0	2	0	1	0	0	1	1	2	2	2	1	1	1	0	2	0	2	2	1	10	2	0	1	1	5	1	3	1	2	3
125726	16 Oct 25	19:30:00	1	0	60	0	Ct	0	0	2	1	1	0	0	2	1	3	2	2	1	0	2	2	3	0	1	0	2	1	0	1	1	0	3	2	3	1	0	2	0	0
125727	16 Oct 25	19:31:00	1	0	60	0	Ct	0	0	0	1	2	0	2	0	1	0	2	1	2	1	4	1	4	2	0	0	2	0	1	2	3	0	1	1	3	1	4	2	0	3
125728	16 Oct 25	19:32:00	1	0	60	0	Ct	0	0	1	1	1	4	3	1	1	0	1	2	2	0	2	1	4	3	1	0	2	0	3	2	2	0	2	2	3	2	0	2	0	1
125729	16 Oct 25	19:33:00	1	0	60	0	Ct	0	0	1	3	1	2	1	1	2	2	3	1	0	7	2	2	0	2	1	0	2	0	6	2	2	0	2	2	1	1	2	1	0	0
125730	16 Oct 25	19:34:00	1	0	60	0	Ct	0	0	0	2	1	0	2	1	1	2	1	1	2	3	2	2	1	1	2	0	0	4	1	1	2	0	2	3	1	1	2	1	1	0
125731	16 Oct 25	19:35:00	1	0	60	0	Ct	0	0	0	2	3	4	2	1	0	2	2	2	1	1	2	3	1	1	1	0	0	1	1	5	2	0	1	3	0	0	2	0	0	5
125732	16 Oct 25	19:36:00	1	0	60	0	Ct	0	0	2	1	5	3	3	0	1	0	1	1	2	2	4	0	0	2	1	0	0	1	1	1	0	0	3	3	0	0	4	0	2	5
125733	16 Oct 25	19:37:00	1	0	60	0	Ct	0	0	0	2	0	1	2	1	3	0	2	1	1	0	2	2	0	1	1	0	0	2	1	1	0	0	1	3	0	3	0	4	1	1
125734	16 Oct 25	19:38:00	1	0	60	0	Ct	0	0	1	0	0	1	5	1	1	2	2	2	1	0	2	2	0	2	1	0	4	1	3	0	1	0	2	2	1	2	0	2	2	1
125735	16 Oct 25	19:39:00	1	0	60	0	Ct	0	0	1	1	0	5	1	2	1	3	2	2	0	1	3	2	0	1	0	0	0	1	3	0	5	0	3	3	1	2	1	1	1	0
125736	16 Oct 25	19:40:00	1	0	60	0	Ct	0	0	0	1	2	0	1	3	2	0	2	1	0	1	3	1	0	1	1	0	0	1	2	2	1	0	2	2	1	1	2	0	1	3
125737	16 Oct 25	19:41:00	1	0	60	0	Ct	0	0	0	0	2	3	2	1	2	2	2	7	0	1	2	2	0	2	1	0	0	2	3	3	1	0	2	2	1	1	0	2	1	3
125738	16 Oct 25	19:42:00	1	0	60	0	Ct	0	0	0	2	0	9	2	1	1	0	1	3	1	5	2	2	0	2	1	0	0	0	2	2	4	0	3	3	2	1	0	2	1	4
125739	16 Oct 25	19:43:00	1	0	60	0	Ct	0	0	4	1	0	0	1	1	2	2	1	3	3	0	4	1	0	1	2	0	0	0	4	2	1	0	0	1	0	1	2	1	2	2
125740	16 Oct 25	19:44:00	1	0	60	0	Ct	0	0	1	0	4	0	1	1	1	0	1	1	1	0	3	0	3	2	1	0	0	0	3	1	1	0	2	1	1	1	0	2	0	0
125741	16 Oct 25	19:45:00	1	0	60	0	Ct	0	0	1	0	5	2	1	1	0	0	2	2	1	2	2	1	1	1	3	0	2	0	1	2	0	0	2	0	4	1	0	3	0	6
125742	16 Oct 25	19:46:00	1	0	60	0	Ct	0	0	1	0	2	0	4	2	2	1	2	1	0	2	2	3	2	2	2	0	0	2	2	0	1	0	2	0	0	2	1	1	0	2
125743	16 Oct 25	19:47:00	1	0	60	0	Ct	0	0	1	2	0	1	3	1	0	1	2	2	0	0	4	3	0	2	1	0	0	1	3	1	0	0	1	2	2	2	2	2	0	3
125744	16 Oct 25	19:48:00	1	0	60	0	Ct	0	0	0	3	2	1	1	3	0	0	2	0	1	0	0	2	0	2	1	0	0	1	1	3	1	0	2	2	1	1	2	16	1	1
125745	16 Oct 25	19:49:00	1	0	60	0	Ct	0	0	1	1	2	0	3	1	0	0	0	2	1	2	0	2	0	1	2	0	4	1	2	2	1	0	2	2	2	1	1	18	1	1
125746	16 Oct 25	19:50:00	1	0	60	0	Ct	0	0	1	1	2	0	0	0	2	2	2	2	0	0	1	4	1	1	0	0	3	1	1	0	1	0	2	2	1	2	0	4	0	3
125747	16 Oct 25	19:51:00	1	0	60	0	Ct	0	0	7	1	0	1	2	1	2	2	2	0	0	1	1	1	1	4	1	0	3	1	2	2	1	0	1	3	1	1	1	2	0	1
125748	16 Oct 25	19:52:00	1	0	60	0	Ct	0	0	0	1	1	6	2	1	1	0	1	1	2	0	2	0	1	1	1	0	3	3	2	1	2	0	4	3	1	1	1	2	0	1
125749	16 Oct 25	19:53:00	1	0	60	0	Ct	0	0	1	1	4	0	2	1	1	0	2	2	2	0	1	0	0	2	2	0	3	0	1	2	2	0	1	2	2	1	0	2	2	2
125750	16 Oct 25	19:54:00	1	0	60	0	Ct	0	0	1	0	2	0	5	2	1	2	2	2	1	1	2	1	2	1	2	0	1	1	2	2	0	0	1	1	1	2	1	2	0	1
125751	16 Oct 25	19:55:00	1	0	60	0	Ct	0	0	0	1	1	1	1	2	1	0	1	2	0	1	2	1	0	2	2	0	2	0	0	0	5	0	2	2	0	1	0	1	0	0
125752	16 Oct 25	19:56:00	1	0	60	0	Ct	0	0	1	2	2	3	2	2	2	0	1	1	2	0	1	2	1	1	0	0	3	2	3	2	2	0	2	2	3	2	0	1	0	2
125753	16 Oct 25	19:57:00	1	0	60	0	Ct	0	0	3	2	2	1	2	1	1	1	1	3	1	2	2	2	1	2	1	0	2	0	1	0	1	0	2	1	0	1	0	1	1	1
125754	16 Oct 25	19:58:00	1	0	60	0	Ct	0	0	0	1	5	1	1	0	1	1	1	1	2	1	1	0	0	2	1	0	4	4	1	1	1	0	2	3	1	0	0	7	1	2
125755	16 Oct 25	19:59:00	1	0	60	0	Ct	0	0	1	1	2	2	1	1	1	0	0	4	0	2	1	4	1	1	1	0	3	0	1	1	1	0	1	0	2	0	0	5	1	1
125756	16 Oct 25	20:00:00	1	0	60	0	Ct	0	0	1	1	3	1	2	0	2	0	1	3	1	0	4	1	0	1	2	0	3	1	3	1	0	0	2	0	2	2	1	3	1	1
125757	16 Oct 25	20:01:00	1	0	60	0	Ct	0	0	1	1	2	6	1	4	2	0	1	0	1	2	3	1	0	1	1	0	1	1	2	1	1	0	1	2	2	0	0	3	3	0
125758	16 Oct 25	20:02:00	1	0	60	0	Ct	0	0	1	0	2	0	2	0	2	1	1	1	2	0	4	2	0	1	2	0	2	0	2	2	3	0	2	1	2	1	2	3	2	1
125759	16 Oct 25	20:03:00	1	0	60	0	Ct	0	0	4	0	1	3	1	2	1	1	2	1	1	1	4	1	0	1	2	0	2	0	2	3	1	0	3	2	2	3	0	1	1	0
125760	16 Oct 25	20:04:00	1	0	60	0	Ct	0	0	7	0	2	1	2	0	0	1	3	2	0	0	3	2	0	2	1	0	2	1	3	0	1	2	1	2	2	1	2	2	1	0
125761	16 Oct 25	20:05:00	1	0	60	0	Ct	0	0	0	1	2	0	1	4	1	1	2	2	2	1	3	2	0	1	2	0	1	0	2	1	2	0	1	2	1	0	1	2	1	1
125762	16 Oct 25	20:06:00	1	0	60	0	Ct	0	0	0	1	2	0	1	1	1	1	1	2	2	2	3	1	0	1	1	0	2	0	4	1	2	0	1	2	2	2	1	1	1	1
125763	16 Oct 25	20:07:00	1	0	60	0	Ct	0	0	0	1	1	0	2	3	1	1	2	1	1	0	2	2	0	3	1	0	1	1	2	2	1	1	1	2	3	0	2	1	3	2
125764	16 Oct 25	20:08:00	1	0	60	0	Ct	0	0	0	1	2	0	3	1	2	0	0	1	2	0	2	2	1	2	1	0	2	1	2	1	1	0	2	2	1	1	1	0	1	1
125765	16 Oct 25	20:09:00	1	0	60	0	Ct	0	0	2	4	1	1	2	1	2	1	1	0	2	0	3	1	1	0	2	0	3	0	2	2	2	0	3	1	0	1	0	4	0	6
125766	16 Oct 25	20:10:00	1	0	60	0	Ct	0	0	1	0	3	0	2	1	1	1	2	2	0	0	4	2	0	1	1	0	1	1	1	1	2	0	1	1	2	1	2	2	1	1
125767	16 Oct 25	20:11:00	1	0	60	0	Ct	0	0	1	0	2	1	2	2	1	0	2	2	0	2	2	2	3	1	0	0	3	0	4	2	1	0	2	1	2	0	0	3	3	2
125768	16 Oct 25	20:12:00	1	0	60	0	Ct	0	0	0	2	4	0	2	1	0	0	1	2	2	1	2	3	0	2	2	0	2	0	1	1	1	0	1	1	2	0	1	2	0	2
125769	16 Oct 25	20:13:00	1	0	60	0	Ct	0	0	1	2	1	0	1	1	1	2	2	1	1	1	2	2	1	3	1	0	2	2	5	1	0	0	1	1	1	1	2	2	1	1
125770	16 Oct 25	20:14:00	1	0	60	0	Ct	0	0	3	1	1	0	3	1	1	0	1	1	1	0	2	3	2	1	1	0	2	3	2	1	1	0	1	0	1	1	3	0	2	3
125771	16 Oct 25	20:15:00	1	0	60	0	Ct	0	0	2	0	2	0	2	1	1	0	1	1	0	0	4	2	1	1	1	0	2	0	3	1	1	0	0	1	4	2	1	0	0	1
125772	16 Oct 25	20:16:00	1	0	60	0	Ct	0	0	0	2	1	0	4	2	2	0	2	3	2	2	0	1	0	1	0	0	3	0	1	1	2	0	2	5	2	2	0	1	0	1
125773	16 Oct 25	20:17:00	1	0	60	0	Ct	0	0	2	1	3	0	2	1	2	0	0	2	2	2	0	1	0	3	2	0	2	1	3	2	2	0	2	2	7	2	0	1	0	2
125774	16 Oct 25	20:18:00	1	0	60	0	Ct	0	0	1	1	8	0	2	1	2	0	2	2	1	0	3	2	0	2	0	0	2	2	2	2	1	0	1	1	2	2	0	1	1	0
125775	16 Oct 25	20:19:00	1	0	60	0	Ct	0	0	1	1	5	0	2	1	1	0	4	3	1	1	2	2	0	1	1	0	1	0	4	1	1	0	2	0	1	1	1	5	1	0
125776	16 Oct 25	20:20:00	1	0	60	0	Ct	0	0	3	3	6	0	2	1	3	0	1	1	0	0	3	2	0	3	2	0	2	1	9	3	1	0	0	2	2	1	0	4	0	1
125777	16 Oct 25	20:21:00	1	0	60	0	Ct	0	0	1	1	4	0	1	2	1	1	1	2	1	0	1	3	0	2	5	0	2	2	2	1	1	0	2	1	0	1	1	2	0	2
125778	16 Oct 25	20:22:00	1	0	60	0	Ct	0	0	0	2	1	0	1	1	0	2	0	2	1	2	2	0	0	2	1	0	1	2	4	1	2	0	2	1	2	2	1	1	0	3
125779	16 Oct 25	20:23:00	1	0	60	0	Ct	0	0	1	2	3	0	1	0	2	3	0	2	0	1	3	0	0	1	0	0	1	1	2	1	1	0	1	1	1	0	1	1	0	2
125780	16 Oct 25	20:24:00	1	0	60	0	Ct	0	0	4	1	2	0	1	2	2	2	0	2	0	0	1	2	1	1	0	0	0	0	2	2	0	0	3	1	2	0	1	2	0	0
125781	16 Oct 25	20:25:00	1	0	60	0	Ct	0	0	0	2	4	0	1	2	2	3	2	0	1	0	2	1	0	1	2	0	1	0	2	1	0	0	0	2	1	1	1	2	0	2
125782	16 Oct 25	20:26:00	1	0	60	0	Ct	0	0	2	0	2	0	2	0	1	1	1	0	1	3	1	1	1	1	0	0	1	1	2	3	3	0	2	3	1	1	0	3	2	1
125783	16 Oct 25	20:27:00	1	0	60	0	Ct	0	0	1	0	3	0	3	1	1	0	2	2	0	0	2	2	0	2	2	0	1	0	1	2	2	0	3	2	1	0	1	2	1	1
125784	16 Oct 25	20:28:00	1	0	60	0	Ct	0	0	0	2	2	0	0	1	1	0	1	3	4	3	2	2	1	2	1	0	1	1	1	2	1	1	1	2	0	1	2	1	2	2
125785	16 Oct 25	20:29:00	1	0	60	0	Ct	0	0	0	1	0	0	2	1	1	1	3	3	1	6	2	1	0	2	1	0	2	2	6	1	1	0	2	4	1	2	1	1	1	2
125786	16 Oct 25	20:30:00	1	0	60	0	Ct	0	0	4	1	0	0	2	1	1	1	4	0	0	1	3	1	0	1	6	0	2	1	0	1	1	0	1	2	2	1	1	1	2	0
125787	16 Oct 25	20:31:00	1	0	60	0	Ct	0	0	1	1	0	4	2	1	0	0	1	2	1	2	2	1	0	1	1	0	2	2	1	1	1	0	2	4	3	2	1	2	2	1
125788	16 Oct 25	20:32:00	1	0	60	0	Ct	0	0	0	1	2	6	1	0	2	0	3	4	2	2	1	1	0	3	1	0	1	1	6	3	0	0	2	3	2	1	0	1	2	2
125789	16 Oct 25	20:33:00	1	0	60	0	Ct	0	0	0	2	3	4	5	2	1	0	4	0	1	2	2	2	0	3	2	0	2	5	0	3	2	0	1	3	2	1	0	0	1	0
125790	16 Oct 25	20:34:00	1	0	60	0	Ct	0	0	4	1	2	1	2	2	2	0	2	2	1	1	1	3	4	2	1	0	3	0	2	2	2	0	1	2	1	1	2	0	2	1
125791	16 Oct 25	20:35:00	1	0	60	0	Ct	0	0	1	0	0	2	3	2	2	0	2	2	1	2	2	2	0	2	1	0	2	0	1	2	0	0	3	3	2	0	1	0	0	1
125792	16 Oct 25	20:36:00	1	0	60	0	Ct	0	0	1	0	2	1	1	2	1	0	2	2	0	0	2	1	3	0	1	0	2	3	1	2	0	4	1	2	4	1	1	0	3	1
125793	16 Oct 25	20:37:00	1	0	60	0	Ct	0	0	1	0	4	1	1	2	1	0	2	0	1	1	4	1	2	2	1	0	3	0	3	1	1	3	2	0	2	2	1	0	0	5
125794	16 Oct 25	20:38:00	1	0	60	0	Ct	0	0	0	2	2	0	2	1	0	1	1	2	3	1	2	1	1	0	0	0	2	3	5	1	1	0	2	3	1	3	0	3	0	1
125795	16 Oct 25	20:39:00	1	0	60	0	Ct	0	0	3	1	0	1	0	0	1	3	2	2	0	1	2	3	0	2	1	0	1	1	0	1	1	0	2	3	2	1	0	0	2	0
125796	16 Oct 25	20:40:00	1	0	60	0	Ct	0	0	0	2	0	4	2	3	1	2	3	2	1	0	3	1	0	2	3	0	0	0	0	1	2	0	1	2	3	1	1	0	1	1
125797	16 Oct 25	20:41:00	1	0	60	0	Ct	0	0	2	2	3	0	3	1	2	1	2	2	2	1	2	1	0	3	1	0	2	2	0	0	2	0	2	2	2	1	1	3	1	2
125798	16 Oct 25	20:42:00	1	0	60	0	Ct	0	0	1	1	1	3	2	3	7	1	1	2	1	0	3	2	2	1	1	0	2	1	0	0	1	0	2	3	1	0	0	1	1	2
125799	16 Oct 25	20:43:00	1	0	60	0	Ct	0	0	0	1	4	1	1	3	3	0	0	0	0	3	2	2	0	1	2	0	2	0	3	2	1	0	2	2	0	1	0	2	1	1
125800	16 Oct 25	20:44:00	1	0	60	0	Ct	0	0	0	1	3	2	2	1	3	1	1	1	2	1	3	3	1	2	0	0	3	0	2	1	2	0	1	2	1	1	2	1	0	0
125801	16 Oct 25	20:45:00	1	0	60	0	Ct	0	0	0	2	2	0	2	1	3	0	3	4	2	0	3	1	0	2	1	0	3	1	3	1	1	14	3	2	3	0	1	3	0	0
125802	16 Oct 25	20:46:00	1	0	60	0	Ct	0	0	0	1	2	5	2	1	1	2	0	1	1	0	1	2	0	1	1	0	1	0	2	0	1	1	3	1	2	0	9	2	2	1
125803	16 Oct 25	20:47:00	1	0	60	0	Ct	0	0	1	4	4	0	1	1	2	1	0	2	0	1	3	1	1	3	1	0	2	4	1	1	1	0	5	0	1	2	0	3	1	5
125804	16 Oct 25	20:48:00	1	0	60	0	Ct	0	0	1	2	1	4	2	0	1	2	2	2	1	3	1	0	0	3	1	0	2	3	1	3	0	0	1	1	1	0	0	1	1	1
125805	16 Oct 25	20:49:00	1	0	60	0	Ct	0	0	1	2	2	3	2	3	2	0	0	0	2	1	3	0	1	2	2	0	0	2	1	2	2	0	2	2	3	1	1	2	2	1
125806	16 Oct 25	20:50:00	1	0	60	0	Ct	0	0	2	1	1	2	2	0	2	0	0	2	1	1	2	2	1	3	1	0	1	0	6	1	1	0	1	2	1	1	1	1	1	0
125807	16 Oct 25	20:51:00	1	0	60	0	Ct	0	0	0	1	3	7	2	0	3	2	2	1	1	0	2	0	0	1	2	0	2	1	2	1	1	0	3	1	8	1	1	0	0	1
125808	16 Oct 25	20:52:00	1	0	60	0	Ct	0	0	1	1	1	11	2	2	1	1	1	1	0	3	0	4	0	2	2	0	2	1	0	2	1	0	2	2	2	2	1	0	0	2
125809	16 Oct 25	20:53:00	1	0	60	0	Ct	0	0	1	2	3	5	2	1	3	1	1	0	0	1	2	2	4	2	1	0	1	0	5	3	1	0	1	3	2	2	1	0	2	4
125810	16 Oct 25	20:54:00	1	0	60	0	Ct	0	0	1	2	3	3	1	1	0	0	2	0	2	0	1	1	2	2	1	0	1	1	0	2	1	0	2	3	0	2	0	0	1	4
125811	16 Oct 25	20:55:00	1	0	60	0	Ct	0	0	6	1	3	6	6	0	2	1	1	0	1	0	1	1	1	2	0	0	2	0	3	0	2	0	2	2	0	1	1	2	2	0
125812	16 Oct 25	20:56:00	1	0	60	0	Ct	0	0	0	2	2	0	0	2	1	1	2	0	2	0	2	3	0	0	2	0	0	1	3	2	3	0	1	2	2	0	2	1	1	1
125813	16 Oct 25	20:57:00	1	0	60	0	Ct	0	0	3	2	2	3	2	2	0	0	3	2	2	2	3	0	0	3	1	0	2	1	1	1	6	0	0	1	2	0	1	3	3	1
125814	16 Oct 25	20:58:00	1	0	60	0	Ct	0	0	1	1	2	2	3	1	2	0	1	1	3	1	3	0	0	2	2	0	1	1	3	0	2	0	1	2	3	1	0	2	1	0
125815	16 Oct 25	20:59:00	1	0	60	0	Ct	0	0	1	0	1	1	1	0	1	0	1	1	1	0	3	2	0	2	2	0	2	1	2	3	3	0	3	2	0	0	2	0	1	1
125816	16 Oct 25	21:00:00	1	0	60	0	Ct	0	0	0	0	2	0	3	2	4	1	3	2	1	4	2	2	2	2	0	0	1	1	3	2	2	0	4	2	0	3	0	3	1	3
125817	16 Oct 25	21:01:00	1	0	60	0	Ct	0	0	5	2	1	1	1	1	2	1	1	2	0	2	3	2	1	1	1	0	2	1	1	1	2	0	1	1	2	1	0	0	7	1
125818	16 Oct 25	21:02:00	1	0	60	0	Ct	0	0	0	2	1	0	2	3	1	0	4	2	1	1	3	2	0	3	2	0	2	0	2	2	1	0	1	0	2	1	1	2	2	0
125819	16 Oct 25	21:03:00	1	0	60	0	Ct	0	0	1	0	2	5	2	1	1	0	3	2	1	3	3	0	1	1	2	0	3	1	0	2	2	0	2	0	2	1	1	2	3	1
125820	16 Oct 25	21:04:00	1	0	60	0	Ct	0	0	1	1	1	1	2	2	0	0	1	3	0	0	1	2	0	1	1	0	2	0	1	1	2	0	3	2	0	0	0	2	2	2
125821	16 Oct 25	21:05:00	1	0	60	0	Ct	0	0	1	2	1	0	0	2	2	1	3	3	1	0	0	1	1	1	1	0	1	1	2	3	2	0	1	1	0	1	0	1	0	2
125822	16 Oct 25	21:06:00	1	0	60	0	Ct	0	0	1	2	2	3	1	0	0	1	2	1	4	1	2	2	1	2	1	0	2	1	1	1	1	0	2	3	2	1	0	2	1	1
125823	16 Oct 25	21:07:00	1	0	60	0	Ct	0	0	0	1	0	1	2	1	0	2	1	3	1	1	3	1	2	3	0	0	4	0	3	2	3	1	2	1	3	2	0	2	1	1
125824	16 Oct 25	21:08:00	1	0	60	0	Ct	0	0	2	1	0	1	2	2	1	2	2	3	2	0	5	1	0	1	2	0	1	4	1	2	2	3	1	2	3	1	0	1	0	6
125825	16 Oct 25	21:09:00	1	0	60	0	Ct	0	0	2	4	2	4	2	2	2	1	1	2	2	0	3	2	1	2	0	0	3	1	3	1	2	1	2	2	1	0	1	2	2	1
125826	16 Oct 25	21:10:00	1	0	60	0	Ct	0	0	2	1	0	4	2	1	1	0	2	1	2	0	2	2	1	3	2	0	2	5	6	2	2	0	1	2	1	0	1	2	2	0
125827	16 Oct 25	21:11:00	1	0	60	0	Ct	0	0	0	1	4	3	2	2	1	1	1	3	1	0	2	1	0	1	2	0	4	1	1	1	2	0	2	1	2	0	1	0	1	0
125828	16 Oct 25	21:12:00	1	0	60	0	Ct	0	0	2	2	1	2	2	6	1	0	2	1	2	0	3	7	3	3	0	0	2	2	5	1	2	0	1	2	2	1	1	0	1	0
125829	16 Oct 25	21:13:00	1	0	60	0	Ct	0	0	2	1	4	2	2	1	0	2	1	1	1	3	4	2	1	2	2	0	3	1	2	2	0	0	2	1	0	2	0	1	1	1
125830	16 Oct 25	21:14:00	1	0	60	0	Ct	0	0	1	2	1	8	2	1	3	1	2	1	0	2	1	2	0	2	1	0	1	2	2	1	2	0	1	3	1	1	0	1	1	1
125831	16 Oct 25	21:15:00	1	0	60	0	Ct	0	0	1	2	2	0	2	0	2	1	1	1	1	1	3	3	0	1	1	0	3	1	2	1	1	0	4	2	3	0	2	0	2	0
125832	16 Oct 25	21:16:00	1	0	60	0	Ct	0	0	1	1	1	0	2	1	2	2	2	1	1	0	1	2	0	2	2	0	2	1	1	1	1	0	1	2	1	0	1	1	0	2
125833	16 Oct 25	21:17:00	1	0	60	0	Ct	0	0	2	1	2	2	2	1	2	1	1	0	1	3	4	1	0	1	1	0	1	2	2	2	2	0	3	2	3	2	1	1	0	0
125834	16 Oct 25	21:18:00	1	0	60	0	Ct	0	0	0	1	1	0	3	0	1	2	2	0	1	2	4	1	0	1	1	0	1	1	6	1	4	0	1	2	1	1	1	2	0	1
125835	16 Oct 25	21:19:00	1	0	60	0	Ct	0	0	3	1	2	0	5	2	1	0	2	0	2	0	4	4	1	2	1	0	2	6	0	2	3	0	1	1	1	1	2	2	0	1
125836	16 Oct 25	21:20:00	1	0	60	0	Ct	0	0	2	1	1	0	2	1	0	1	1	2	0	0	3	2	7	0	1	0	1	1	5	2	2	0	2	3	2	1	1	0	0	3
125837	16 Oct 25	21:21:00	1	0	60	0	Ct	0	0	1	1	3	0	1	1	0	1	1	2	10	3	3	1	1	4	2	0	1	0	1	1	1	0	1	1	2	1	2	2	0	1
125838	16 Oct 25	21:22:00	1	0	60	0	Ct	0	0	3	1	2	3	3	1	3	0	2	2	2	1	3	2	0	1	1	0	0	1	2	2	1	0	0	4	2	2	4	0	0	2
125839	16 Oct 25	21:23:00	1	0	60	0	Ct	0	0	0	3	1	2	2	3	0	0	1	0	2	1	2	2	2	2	0	0	3	2	0	2	2	0	3	2	2	2	1	3	0	2
125840	16 Oct 25	21:24:00	1	0	60	0	Ct	0	0	1	1	2	0	2	2	2	0	0	0	0	1	1	0	0	3	2	0	4	0	2	1	1	0	1	1	0	1	0	1	0	1
125841	16 Oct 25	21:25:00	1	0	60	0	Ct	0	0	0	2	2	0	3	2	2	0	0	0	0	0	3	2	2	2	1	0	3	1	0	1	2	0	3	3	0	2	0	0	0	3
125842	16 Oct 25	21:26:00	1	0	60	0	Ct	0	0	0	2	3	0	0	1	2	0	2	0	0	2	3	0	8	1	0	0	2	1	6	0	2	0	2	2	4	2	3	1	0	0
125843	16 Oct 25	21:27:00	1	0	60	0	Ct	0	0	1	1	1	0	0	3	2	1	1	0	0	1	2	1	1	2	1	0	2	0	1	2	3	0	1	3	2	1	0	2	0	3
125844	16 Oct 25	21:28:00	1	0	60	0	Ct	0	0	1	1	0	0	2	3	2	0	0	2	1	0	2	1	0	3	1	0	3	0	1	0	2	7	0	2	1	1	0	3	0	1
125845	16 Oct 25	21:29:00	1	0	60	0	Ct	0	0	1	2	2	1	3	3	1	1	1	3	2	1	3	0	0	1	1	0	2	1	1	3	2	8	0	2	2	1	1	0	0	1
125846	16 Oct 25	21:30:00	1	0	60	0	Ct	0	0	1	1	2	5	1	1	1	2	1	2	1	1	3	2	0	2	1	0	3	0	2	0	1	3	1	2	1	1	0	0	0	0
125847	16 Oct 25	21:31:00	1	0	60	0	Ct	0	0	0	2	0	0	1	1	1	2	2	3	1	0	1	1	0	3	1	0	1	1	2	2	2	0	1	0	1	1	1	2	0	1
125848	16 Oct 25	21:32:00	1	0	60	0	Ct	0	0	0	1	2	0	2	1	3	0	0	3	1	4	1	4	1	1	1	0	2	5	4	3	0	0	1	0	1	1	1	1	0	3
125849	16 Oct 25	21:33:00	1	0	60	0	Ct	0	0	1	0	2	5	2	0	1	0	3	4	2	1	3	1	1	1	1	0	3	1	3	2	0	0	2	2	3	2	0	4	0	2
125850	16 Oct 25	21:34:00	1	0	60	0	Ct	0	0	3	3	2	4	1	1	0	2	1	2	1	1	2	3	2	1	1	0	1	0	1	1	0	0	2	2	3	1	3	1	0	2
125851	16 Oct 25	21:35:00	1	0	60	0	Ct	0	0	1	2	2	0	2	2	4	0	0	1	13	2	2	2	0	2	2	0	2	0	1	2	2	0	1	2	0	1	0	1	0	2
125852	16 Oct 25	21:36:00	1	0	60	0	Ct	0	0	0	1	2	4	3	2	2	0	0	1	6	0	2	2	1	4	1	0	4	0	3	1	0	0	3	1	2	2	2	1	0	1
125853	16 Oct 25	21:37:00	1	0	60	0	Ct	0	0	2	1	1	1	2	2	1	1	0	0	0	1	2	2	1	3	1	0	2	0	1	2	2	0	1	2	1	2	0	2	0	2
125854	16 Oct 25	21:38:00	1	0	60	0	Ct	0	0	0	2	1	3	2	3	3	1	2	0	1	0	0	1	1	2	2	0	1	1	0	2	1	0	0	2	1	1	0	12	0	3
125855	16 Oct 25	21:39:00	1	0	60	0	Ct	0	0	2	1	2	4	2	1	2	1	2	1	1	0	0	0	1	2	1	0	2	2	7	2	2	0	0	0	3	1	3	8	0	2
125856	16 Oct 25	21:40:00	1	0	60	0	Ct	0	0	1	3	1	0	2	0	2	3	1	3	1	1	0	0	1	1	2	0	5	2	3	2	2	0	1	0	2	1	0	3	0	1
125857	16 Oct 25	21:41:00	1	0	60	0	Ct	0	0	2	0	1	3	3	1	2	2	3	2	1	1	1	2	1	2	1	0	1	2	5	3	2	0	1	0	3	2	2	4	0	2
125858	16 Oct 25	21:42:00	1	0	60	0	Ct	0	0	1	3	12	0	3	2	0	0	1	2	1	0	1	0	1	2	0	0	3	0	3	3	2	0	0	2	3	3	0	4	0	1
125859	16 Oct 25	21:43:00	1	0	60	0	Ct	0	0	2	1	2	0	1	3	0	2	1	3	1	0	2	1	2	1	1	0	2	0	3	2	2	0	3	2	1	1	1	0	0	1
125860	16 Oct 25	21:44:00	1	0	60	0	Ct	0	0	1	2	2	0	2	1	3	1	2	3	1	1	3	4	0	1	0	0	3	0	1	2	1	0	1	1	4	2	0	2	0	1
125861	16 Oct 25	21:45:00	1	0	60	0	Ct	0	0	1	2	2	0	2	2	0	0	3	1	0	1	2	3	1	1	1	0	2	2	3	1	2	0	2	3	2	2	0	3	0	1
125862	16 Oct 25	21:46:00	1	0	60	0	Ct	0	0	2	1	2	0	1	1	0	2	4	1	1	1	2	1	0	3	1	0	2	1	1	2	1	0	2	2	2	1	0	1	0	2
125863	16 Oct 25	21:47:00	1	0	60	0	Ct	0	0	1	2	1	7	2	0	0	2	1	1	0	1	2	3	2	1	1	0	3	1	1	2	1	0	1	2	1	1	0	0	0	1
125864	16 Oct 25	21:48:00	1	0	60	0	Ct	0	0	0	2	2	0	3	2	1	1	3	0	2	0	2	1	0	2	2	0	2	1	1	2	3	0	3	2	3	3	0	2	0	1
125865	16 Oct 25	21:49:00	1	0	60	0	Ct	0	0	0	2	2	0	1	1	3	0	2	4	1	1	2	2	1	2	0	0	3	1	4	4	4	0	1	3	1	3	1	2	0	1
125866	16 Oct 25	21:50:00	1	0	60	0	Ct	0	0	2	1	2	4	2	1	1	0	1	3	2	0	4	1	1	4	0	0	3	1	5	0	1	0	1	1	2	1	1	3	6	1
125867	16 Oct 25	21:51:00	1	0	60	0	Ct	0	0	1	1	2	3	1	4	2	1	2	1	2	0	1	2	2	2	0	0	1	1	1	1	4	1	2	1	3	1	0	3	2	2
125868	16 Oct 25	21:52:00	1	0	60	0	Ct	0	0	2	2	3	0	3	1	0	1	3	1	2	2	3	2	0	1	0	0	3	2	3	2	0	1	1	1	1	1	0	1	4	1
125869	16 Oct 25	21:53:00	1	0	60	0	Ct	0	0	1	2	0	4	2	3	1	0	3	3	3	2	2	1	0	2	4	0	3	0	5	2	1	0	3	2	2	2	0	1	2	3
125870	16 Oct 25	21:54:00	1	0	60	0	Ct	0	0	2	2	2	1	2	1	1	1	1	2	2	1	2	1	3	2	1	0	2	0	1	2	3	0	2	2	1	2	1	2	2	1
125871	16 Oct 25	21:55:00	1	0	60	0	Ct	0	0	1	1	2	3	1	2	1	2	2	2	2	1	3	2	0	1	0	0	2	1	1	2	0	0	4	2	2	3	0	0	5	2
125872	16 Oct 25	21:56:00	1	0	60	0	Ct	0	0	1	3	1	1	2	2	1	1	1	3	2	0	3	2	2	3	1	0	2	1	2	0	7	6	2	2	2	1	1	0	3	2
125873	16 Oct 25	21:57:00	1	0	60	0	Ct	0	0	2	2	1	2	4	1	1	0	1	1	2	1	3	2	0	3	1	0	3	3	2	3	1	0	1	2	2	2	0	1	0	0
125874	16 Oct 25	21:58:00	1	0	60	0	Ct	0	0	1	1	4	0	3	0	1	0	1	2	3	2	2	2	1	2	5	0	2	2	2	1	4	0	2	1	1	1	0	2	0	3
125875	16 Oct 25	21:59:00	1	0	60	0	Ct	0	0	0	1	1	0	1	0	1	0	1	3	1	1	2	2	1	1	3	0	1	0	3	2	1	0	1	2	1	1	0	1	1	2
125876	16 Oct 25	22:00:00	1	0	60	0	Ct	0	0	2	1	2	0	2	0	2	1	0	2	1	0	4	1	0	1	1	0	3	1	4	2	3	0	2	2	3	2	0	2	5	2
125877	16 Oct 25	22:01:00	1	0	60	0	Ct	0	0	2	2	2	2	2	0	1	1	1	3	1	1	3	0	0	0	3	0	2	1	1	1	1	1	2	2	2	2	0	1	2	4
125878	16 Oct 25	22:02:00	1	0	60	0	Ct	0	0	1	2	2	2	3	2	2	1	1	2	2	2	2	1	1	2	1	0	2	1	6	1	0	0	3	1	1	1	0	0	3	0
125879	16 Oct 25	22:03:00	1	0	60	0	Ct	0	0	0	3	2	1	3	1	0	1	1	1	6	0	2	1	2	2	0	0	4	1	2	2	0	0	3	2	4	0	1	10	1	2
125880	16 Oct 25	22:04:00	1	0	60	0	Ct	0	0	0	2	0	3	2	1	1	2	1	3	1	2	3	2	2	1	2	0	2	5	4	3	0	0	1	1	0	4	2	1	2	2
125881	16 Oct 25	22:05:00	1	0	60	0	Ct	0	0	1	0	2	4	0	0	1	1	4	1	1	1	2	3	3	1	1	0	2	1	2	1	0	0	2	2	4	3	0	1	1	2
125882	16 Oct 25	22:06:00	1	0	60	0	Ct	0	0	1	2	1	3	2	2	1	1	3	2	2	0	0	2	3	2	1	0	1	1	3	1	1	1	2	1	2	3	2	3	2	2
125883	16 Oct 25	22:07:00	1	0	60	0	Ct	0	0	0	3	1	2	2	1	0	0	2	1	1	4	3	6	1	3	1	0	3	2	0	2	2	0	2	3	2	2	1	3	2	1
125884	16 Oct 25	22:08:00	1	0	60	0	Ct	0	0	1	2	0	2	3	0	2	0	2	0	1	0	3	3	0	1	1	0	3	1	1	1	0	0	1	1	2	1	0	1	1	2
125885	16 Oct 25	22:09:00	1	0	60	0	Ct	0	0	1	2	0	0	1	1	0	1	1	0	0	3	2	2	0	1	1	0	2	1	2	5	0	0	2	1	3	1	0	1	3	2
125886	16 Oct 25	22:10:00	1	0	60	0	Ct	0	0	2	2	1	0	2	1	1	1	1	0	0	1	3	1	2	2	1	0	3	1	3	3	2	0	1	3	1	1	0	2	1	3
125887	16 Oct 25	22:11:00	1	0	60	0	Ct	0	0	2	1	3	2	2	2	1	2	2	0	2	3	2	0	1	2	1	0	1	1	2	2	0	7	4	3	2	1	1	0	2	0
125888	16 Oct 25	22:12:00	1	0	60	0	Ct	0	0	2	1	1	2	1	0	2	0	1	2	1	1	3	1	1	2	0	0	2	1	3	1	1	0	2	2	1	1	0	34	3	2
125889	16 Oct 25	22:13:00	1	0	60	0	Ct	0	0	1	2	1	2	1	2	2	0	1	0	2	0	2	3	1	2	2	0	3	1	1	2	1	0	1	2	2	2	1	16	1	3
125890	16 Oct 25	22:14:00	1	0	60	0	Ct	0	0	1	2	2	1	5	2	1	1	3	2	2	2	3	2	0	2	2	0	3	0	6	1	1	0	1	1	1	1	0	2	1	2
125891	16 Oct 25	22:15:00	1	0	60	0	Ct	0	0	1	1	1	1	3	3	3	1	2	2	2	1	4	2	0	1	1	0	1	1	1	0	2	0	1	1	3	1	2	2	3	0
125892	16 Oct 25	22:16:00	1	0	60	0	Ct	0	0	1	1	2	0	4	1	0	3	1	2	2	2	1	3	1	1	1	0	0	2	3	0	2	9	1	2	1	0	1	1	0	1
125893	16 Oct 25	22:17:00	1	0	60	0	Ct	0	0	0	4	2	0	3	2	0	1	1	2	1	0	3	2	2	3	1	0	1	0	2	1	1	0	1	2	0	1	2	1	1	2
125894	16 Oct 25	22:18:00	1	0	60	0	Ct	0	0	0	0	1	0	2	1	3	0	2	1	2	0	3	1	1	2	1	0	0	1	3	1	2	0	1	2	1	1	0	1	3	1
125895	16 Oct 25	22:19:00	1	0	60	0	Ct	0	0	2	0	2	0	3	2	1	2	4	1	1	2	0	5	2	0	1	0	3	2	1	2	1	0	3	1	2	3	0	2	1	4
125896	16 Oct 25	22:20:00	1	0	60	0	Ct	0	0	0	0	2	0	3	2	1	1	2	2	2	1	2	1	0	3	2	0	0	1	4	2	1	0	1	3	1	0	1	0	2	2
125897	16 Oct 25	22:21:00	1	0	60	0	Ct	0	0	2	0	1	0	1	3	2	0	1	1	3	1	3	1	0	2	1	0	0	1	3	2	0	1	2	0	4	3	0	7	1	1
125898	16 Oct 25	22:22:00	1	0	60	0	Ct	0	0	0	2	2	0	0	2	0	2	0	2	1	0	1	2	1	0	1	0	4	0	2	1	0	0	1	0	4	1	0	2	1	0
125899	16 Oct 25	22:23:00	1	0	60	0	Ct	0	0	1	2	2	0	1	2	3	2	2	2	1	1	4	2	0	2	1	0	4	0	4	2	4	1	2	2	2	1	0	2	4	2
125900	16 Oct 25	22:24:00	1	0	60	0	Ct	0	0	2	1	2	2	1	0	1	1	2	4	1	2	3	1	2	1	0	0	3	2	6	2	1	0	2	2	2	2	1	1	1	2
125901	16 Oct 25	22:25:00	1	0	60	0	Ct	0	0	1	2	1	3	0	0	1	1	0	3	3	2	4	0	1	2	1	0	4	0	2	1	1	0	1	2	4	2	1	2	0	1
125902	16 Oct 25	22:26:00	1	0	60	0	Ct	0	0	1	1	2	5	1	4	2	1	1	0	1	0	0	2	2	1	2	0	4	1	4	1	0	0	2	3	1	1	0	1	0	0
125903	16 Oct 25	22:27:00	1	0	60	0	Ct	0	0	2	0	1	9	2	0	2	1	1	0	1	2	0	3	2	1	1	0	4	1	1	2	2	0	2	2	4	4	2	2	2	2
125904	16 Oct 25	22:28:00	1	0	60	0	Ct	0	0	1	1	2	2	2	4	1	1	2	0	0	0	0	2	0	1	1	0	3	0	1	0	0	0	1	2	2	1	1	2	1	1
125905	16 Oct 25	22:29:00	1	0	60	0	Ct	0	0	1	1	2	11	2	1	1	0	3	0	5	1	2	1	2	1	1	0	3	2	2	2	1	0	1	2	3	2	2	1	2	2
125906	16 Oct 25	22:30:00	1	0	60	0	Ct	0	0	0	11	1	2	1	1	1	0	1	2	3	1	2	1	2	1	2	0	2	0	2	2	1	0	3	1	0	1	2	0	1	2
125907	16 Oct 25	22:31:00	1	0	60	0	Ct	0	0	2	2	3	1	5	1	1	0	0	2	2	3	3	5	2	1	1	0	5	3	0	1	3	0	2	3	3	1	2	0	0	0
125908	16 Oct 25	22:32:00	1	0	60	0	Ct	0	0	1	2	0	2	3	4	2	1	0	2	1	0	3	3	0	2	1	0	4	2	2	2	2	0	5	1	1	1	2	1	1	0
125909	16 Oct 25	22:33:00	1	0	60	0	Ct	0	0	0	2	1	4	2	0	1	1	0	0	2	0	3	2	0	1	1	0	2	0	2	2	1	0	1	0	1	1	1	1	0	3
125910	16 Oct 25	22:34:00	1	0	60	0	Ct	0	0	0	1	0	0	2	1	2	0	0	2	1	0	3	0	0	1	1	0	2	0	1	1	2	0	2	2	1	2	1	1	1	1
125911	16 Oct 25	22:35:00	1	0	60	0	Ct	0	0	0	3	2	3	2	4	2	1	2	2	1	3	3	1	0	0	2	0	6	1	3	3	2	0	2	4	2	1	1	3	2	2
125912	16 Oct 25	22:36:00	1	0	60	0	Ct	0	0	8	3	3	4	2	0	1	1	2	3	2	2	0	5	2	0	2	0	5	1	3	0	2	0	3	1	1	1	0	1	6	1
125913	16 Oct 25	22:37:00	1	0	60	0	Ct	0	0	1	2	1	0	1	2	0	0	2	1	2	1	1	5	1	0	0	0	1	1	1	2	2	0	3	3	1	1	1	1	3	1
125914	16 Oct 25	22:38:00	1	0	60	0	Ct	0	0	0	2	0	4	3	2	2	0	0	2	1	0	3	4	1	2	5	0	2	2	2	3	2	0	2	1	2	2	2	0	2	2
125915	16 Oct 25	22:39:00	1	0	60	0	Ct	0	0	0	1	2	0	1	2	2	1	0	1	2	1	3	3	0	3	0	0	3	0	2	0	2	0	3	3	3	1	3	4	0	1
125916	16 Oct 25	22:40:00	1	0	60	0	Ct	0	0	1	1	2	1	3	0	0	11	0	2	1	1	4	3	0	3	3	0	4	0	3	2	1	0	2	3	1	3	2	3	0	2
125917	16 Oct 25	22:41:00	1	0	60	0	Ct	0	0	1	2	2	1	3	0	2	11	0	1	1	2	3	0	1	2	0	0	4	1	2	3	0	0	0	3	2	2	0	7	0	2
125918	16 Oct 25	22:42:00	1	0	60	0	Ct	0	0	2	4	0	3	2	2	4	3	3	1	0	1	3	2	1	2	2	0	2	0	4	6	0	0	2	2	1	1	1	1	1	5
125919	16 Oct 25	22:43:00	1	0	60	0	Ct	0	0	2	2	1	8	2	2	0	0	0	2	0	2	3	2	1	0	2	0	2	1	2	1	0	0	2	0	2	1	0	5	0	0
125920	16 Oct 25	22:44:00	1	0	60	0	Ct	0	0	0	2	0	3	4	1	1	0	0	1	2	0	4	3	4	1	1	0	3	2	2	3	2	0	1	3	3	0	1	4	4	2
125921	16 Oct 25	22:45:00	1	0	60	0	Ct	0	0	2	3	0	7	2	0	2	0	0	2	3	3	2	3	1	3	1	0	2	1	2	3	2	4	3	1	2	0	1	2	1	1
125922	16 Oct 25	22:46:00	1	0	60	0	Ct	0	0	0	1	0	0	2	2	1	1	2	6	1	0	4	2	0	1	0	0	2	0	0	2	1	0	2	1	2	2	0	0	2	2
125923	16 Oct 25	22:47:00	1	0	60	0	Ct	0	0	1	2	0	0	2	0	1	2	2	4	2	3	2	1	1	2	3	0	2	0	1	2	3	0	2	2	3	0	0	3	1	2
125924	16 Oct 25	22:48:00	1	0	60	0	Ct	0	0	1	2	2	5	2	0	0	0	2	4	4	1	3	3	0	3	2	0	1	0	1	2	2	0	1	2	1	2	0	2	1	0
125925	16 Oct 25	22:49:00	1	0	60	0	Ct	0	0	2	0	3	0	1	8	0	1	2	1	5	1	0	0	3	1	1	0	3	1	1	1	1	0	1	2	2	1	0	1	1	5
125926	16 Oct 25	22:50:00	1	0	60	0	Ct	0	0	1	2	2	2	1	3	1	0	1	3	2	2	0	4	0	2	2	0	3	1	1	1	1	0	2	2	1	1	2	3	1	1
125927	16 Oct 25	22:51:00	1	0	60	0	Ct	0	0	1	2	3	0	1	1	1	2	1	4	1	1	2	3	0	3	1	0	3	1	2	1	0	0	2	2	1	0	0	1	0	1
125928	16 Oct 25	22:52:00	1	0	60	0	Ct	0	0	1	2	1	0	4	1	0	0	1	1	2	1	2	4	1	1	1	0	4	2	3	1	2	0	1	2	2	1	1	0	1	1
125929	16 Oct 25	22:53:00	1	0	60	0	Ct	0	0	0	1	2	0	1	2	2	0	2	1	2	1	0	3	1	1	2	0	3	0	3	2	0	0	2	2	1	2	2	0	1	2
125930	16 Oct 25	22:54:00	1	0	60	0	Ct	0	0	1	1	0	0	2	2	0	2	1	1	2	1	5	1	0	0	1	0	2	1	17	2	2	0	2	2	2	2	0	2	1	6
125931	16 Oct 25	22:55:00	1	0	60	0	Ct	0	0	1	0	1	0	2	1	0	4	1	2	2	2	3	3	0	2	0	0	3	1	0	1	1	0	3	1	0	0	1	2	0	1
125932	16 Oct 25	22:56:00	1	0	60	0	Ct	0	0	1	1	1	0	2	2	0	1	1	0	1	2	3	1	1	2	0	0	4	0	2	2	2	0	1	2	2	1	0	0	1	2
125933	16 Oct 25	22:57:00	1	0	60	0	Ct	0	0	0	0	2	0	2	1	0	1	1	0	0	3	2	2	1	3	1	0	2	4	6	1	1	0	2	3	2	2	1	1	1	3
125934	16 Oct 25	22:58:00	1	0	60	0	Ct	0	0	1	1	2	3	2	2	0	0	2	0	2	0	3	1	0	3	1	0	2	1	1	1	2	0	4	1	3	2	0	0	0	1
125935	16 Oct 25	22:59:00	1	0	60	0	Ct	0	0	0	1	2	1	2	1	0	9	1	2	1	3	4	1	2	2	1	0	3	2	1	1	2	0	3	2	2	1	1	2	0	1
125936	16 Oct 25	23:00:00	1	0	60	0	Ct	0	0	0	1	1	3	2	3	0	4	2	1	1	0	4	2	1	3	0	0	3	0	2	2	1	0	1	1	0	1	0	2	2	3
125937	16 Oct 25	23:01:00	1	0	60	0	Ct	0	0	0	0	3	0	2	1	0	0	1	3	3	0	3	2	1	1	2	0	2	0	0	1	2	0	1	2	1	1	2	0	1	4
125938	16 Oct 25	23:02:00	1	0	60	0	Ct	0	0	0	0	20	0	7	1	0	0	2	2	0	0	3	2	1	2	1	0	2	2	2	1	1	0	3	2	4	2	0	1	1	3
125939	16 Oct 25	23:03:00	1	0	60	0	Ct	0	0	1	1	1	1	2	4	0	3	2	1	4	0	1	2	0	1	1	0	3	0	2	3	0	1	2	1	2	1	0	2	1	1
125940	16 Oct 25	23:04:00	1	0	60	0	Ct	0	0	1	3	1	2	4	1	0	1	2	4	1	1	2	2	0	0	1	0	3	2	6	1	2	4	1	2	3	1	1	1	0	4
125941	16 Oct 25	23:05:00	1	0	60	0	Ct	0	0	2	3	1	2	1	3	0	1	4	2	1	1	1	2	1	0	0	0	1	1	1	1	2	0	3	2	1	1	0	3	1	2
125942	16 Oct 25	23:06:00	1	0	60	0	Ct	0	0	2	1	2	0	1	2	0	0	2	0	1	1	2	2	0	0	2	0	2	0	4	3	1	0	3	2	4	0	1	2	0	1
125943	16 Oct 25	23:07:00	1	0	60	0	Ct	0	0	1	2	0	0	1	2	0	0	2	0	1	1	3	2	0	0	1	0	2	0	3	1	1	0	2	0	3	0	0	3	2	1
125944	16 Oct 25	23:08:00	1	0	60	0	Ct	0	0	2	1	0	1	2	2	0	0	3	2	1	0	2	2	0	0	1	0	3	1	0	1	1	0	1	3	1	0	2	2	1	2
125945	16 Oct 25	23:09:00	1	0	60	0	Ct	0	0	2	0	0	2	1	2	0	1	1	2	0	2	2	0	0	0	2	0	2	1	0	1	0	1	2	3	1	0	0	5	0	1
125946	16 Oct 25	23:10:00	1	0	60	0	Ct	0	0	1	0	3	2	1	1	0	2	2	0	1	1	3	2	2	0	1	0	2	1	0	3	2	0	2	2	2	2	1	1	0	3
125947	16 Oct 25	23:11:00	1	0	60	0	Ct	0	0	0	3	2	1	4	1	0	0	2	0	1	0	2	1	1	0	1	0	1	3	0	2	1	3	0	2	0	1	1	2	0	1
125948	16 Oct 25	23:12:00	1	0	60	0	Ct	0	0	1	1	2	1	3	1	0	1	2	1	1	1	3	2	1	0	2	0	4	2	0	2	0	4	1	2	2	0	1	1	0	3
125949	16 Oct 25	23:13:00	1	0	60	0	Ct	0	0	0	3	2	0	4	0	0	1	0	1	2	0	2	2	1	0	1	0	3	1	0	2	1	0	0	2	1	2	1	0	0	1
125950	16 Oct 25	23:14:00	1	0	60	0	Ct	0	0	1	1	3	0	2	0	0	1	2	0	2	1	3	2	2	0	0	0	2	1	4	2	2	0	1	2	1	1	0	0	0	0
125951	16 Oct 25	23:15:00	1	0	60	0	Ct	0	0	1	2	2	2	1	2	0	0	1	3	3	1	3	0	0	0	3	0	3	1	8	1	0	0	1	1	2	2	2	4	0	3
125952	16 Oct 25	23:16:00	1	0	60	0	Ct	0	0	2	0	2	0	2	1	0	0	3	1	7	2	3	1	0	0	3	0	2	1	0	2	1	0	2	2	2	1	0	1	0	2
125953	16 Oct 25	23:17:00	1	0	60	0	Ct	0	0	1	0	1	0	2	1	0	0	3	0	4	0	1	1	1	0	2	0	4	1	4	1	1	0	1	3	2	2	1	1	0	2
125954	16 Oct 25	23:18:00	1	0	60	0	Ct	0	0	1	1	3	2	2	4	0	3	3	0	5	0	1	1	1	0	2	0	2	1	5	1	1	0	2	1	1	3	0	0	0	3
125955	16 Oct 25	23:19:00	1	0	60	0	Ct	0	0	0	1	3	0	1	1	0	1	2	0	7	0	3	2	0	0	2	0	2	0	3	0	0	0	2	3	2	0	2	1	0	3
125956	16 Oct 25	23:20:00	1	0	60	0	Ct	0	0	0	1	4	0	1	2	0	0	3	4	0	0	2	2	1	2	2	0	2	0	2	1	1	0	1	2	2	3	2	2	0	2
125957	16 Oct 25	23:21:00	1	0	60	0	Ct	0	0	2	1	1	0	1	1	0	0	2	0	2	0	3	2	1	0	3	0	1	1	3	1	3	0	3	1	0	0	1	1	0	1
125958	16 Oct 25	23:22:00	1	0	60	0	Ct	0	0	1	0	1	0	2	1	0	2	2	0	2	1	2	2	2	2	1	0	2	1	2	2	0	0	1	3	0	0	1	0	0	2
125959	16 Oct 25	23:23:00	1	0	60	0	Ct	0	0	0	0	1	4	1	0	0	0	2	1	0	1	1	4	1	0	3	0	0	0	2	1	0	0	3	2	2	1	0	0	0	2
125960	16 Oct 25	23:24:00	1	0	60	0	Ct	0	0	1	0	2	0	2	1	0	1	2	0	3	0	3	3	1	0	3	0	2	1	3	2	1	0	1	0	2	0	2	0	0	1
125961	16 Oct 25	23:25:00	1	0	60	0	Ct	0	0	1	2	1	0	2	3	0	3	2	0	6	4	4	2	0	0	2	0	2	3	5	1	1	0	2	3	2	1	0	2	0	2
125962	16 Oct 25	23:26:00	1	0	60	0	Ct	0	0	0	1	2	0	1	2	0	1	6	0	2	0	5	1	0	0	2	0	2	0	1	2	0	0	1	0	1	1	2	1	0	1
125963	16 Oct 25	23:27:00	1	0	60	0	Ct	0	0	2	1	2	0	2	1	0	1	3	2	1	0	3	2	0	0	2	0	3	3	0	2	0	0	1	2	2	0	1	1	0	1
125964	16 Oct 25	23:28:00	1	0	60	0	Ct	0	0	1	0	2	0	2	2	0	0	3	0	1	3	5	3	0	1	2	0	3	0	2	1	1	0	0	2	4	0	0	0	0	3
125965	16 Oct 25	23:29:00	1	0	60	0	Ct	0	0	0	0	1	0	2	1	0	0	4	5	0	1	3	2	0	0	0	0	2	0	6	2	2	0	2	2	1	0	1	0	0	3
125966	16 Oct 25	23:30:00	1	0	60	0	Ct	0	0	1	0	2	3	2	3	0	0	4	0	2	1	4	1	0	0	0	0	2	0	2	1	2	0	0	0	2	1	4	0	0	2
125967	16 Oct 25	23:31:00	1	0	60	0	Ct	0	0	1	1	2	3	2	0	0	1	2	2	0	0	4	0	0	0	1	0	2	0	2	2	0	0	1	0	1	0	0	2	0	0
125968	16 Oct 25	23:32:00	1	0	60	0	Ct	0	0	2	3	2	0	2	1	0	2	2	1	5	1	1	1	1	0	3	0	1	2	2	1	1	7	3	0	4	2	4	4	0	5
125969	16 Oct 25	23:33:00	1	0	60	0	Ct	0	0	1	4	1	3	2	2	0	1	4	2	2	1	4	1	0	2	1	0	0	0	1	3	1	2	1	0	1	4	1	6	0	1
125970	16 Oct 25	23:34:00	1	0	60	0	Ct	0	0	0	5	1	0	2	2	0	0	1	2	2	1	3	3	0	0	2	0	3	1	0	1	2	0	1	0	2	0	2	1	0	1
125971	16 Oct 25	23:35:00	1	0	60	0	Ct	0	0	0	4	1	0	2	2	0	1	2	1	2	0	3	1	0	0	3	0	4	3	0	1	0	0	0	0	1	3	1	2	0	0
125972	16 Oct 25	23:36:00	1	0	60	0	Ct	0	0	2	0	1	0	0	1	0	1	1	0	2	1	3	2	1	0	2	0	2	1	3	2	2	0	2	2	2	2	6	2	0	1
125973	16 Oct 25	23:37:00	1	0	60	0	Ct	0	0	0	0	1	2	1	2	0	1	0	1	0	0	4	2	0	0	1	0	2	2	2	2	0	0	6	0	1	2	1	3	0	1
125974	16 Oct 25	23:38:00	1	0	60	0	Ct	0	0	0	1	2	5	2	1	0	2	2	0	0	0	3	2	2	0	2	0	2	2	1	1	2	0	1	0	1	1	0	1	0	4
125975	16 Oct 25	23:39:00	1	0	60	0	Ct	0	0	0	1	4	2	2	0	0	3	3	0	0	0	2	2	0	0	1	0	3	1	1	1	0	0	1	0	1	0	0	11	0	0
125976	16 Oct 25	23:40:00	1	0	60	0	Ct	0	0	2	2	0	1	1	0	0	1	2	0	3	0	3	3	0	0	0	0	1	1	0	1	0	0	1	0	2	0	0	19	0	0
125977	16 Oct 25	23:41:00	1	0	60	0	Ct	0	0	1	2	1	0	1	3	0	1	3	0	0	1	4	3	1	0	2	0	0	1	3	1	0	0	0	0	2	0	0	2	0	0
125978	16 Oct 25	23:42:00	1	0	60	0	Ct	0	0	1	0	4	0	3	2	0	0	1	0	0	1	3	1	1	0	1	0	1	1	3	0	1	0	3	0	1	0	3	0	0	0
125979	16 Oct 25	23:43:00	1	0	60	0	Ct	0	0	0	0	2	0	2	0	0	0	3	4	0	0	3	0	1	2	2	0	2	1	2	1	2	0	2	0	0	1	0	0	0	2
125980	16 Oct 25	23:44:00	1	0	60	0	Ct	0	0	0	0	0	0	1	0	0	0	2	1	2	4	2	2	0	0	1	0	2	0	2	1	2	0	1	0	1	1	0	3	0	0
125981	16 Oct 25	23:45:00	1	0	60	0	Ct	0	0	0	2	1	0	2	3	0	2	2	9	2	0	3	1	1	0	2	0	1	1	2	2	2	0	1	0	2	1	0	3	0	0
125982	16 Oct 25	23:46:00	1	0	60	0	Ct	0	0	1	4	0	0	1	2	0	2	2	5	1	2	3	0	0	0	2	0	0	0	3	0	0	0	2	0	1	2	0	2	0	3
125983	16 Oct 25	23:47:00	1	0	60	0	Ct	0	0	1	0	1	0	2	0	0	1	2	0	0	1	1	2	0	0	1	0	0	0	0	2	1	0	3	0	3	2	0	2	0	1
125984	16 Oct 25	23:48:00	1	0	60	0	Ct	0	0	0	0	2	0	3	0	0	0	1	0	0	1	2	3	0	0	1	0	0	0	1	0	1	0	1	0	2	1	0	1	0	2
125985	16 Oct 25	23:49:00	1	0	60	0	Ct	0	0	0	0	3	0	1	0	0	0	1	0	0	0	4	1	0	0	2	0	0	1	1	1	0	0	1	0	1	1	0	3	0	3
125986	16 Oct 25	23:50:00	1	0	60	0	Ct	0	0	0	0	1	2	2	5	0	0	2	0	0	0	3	1	0	0	1	0	0	3	3	1	0	0	0	0	1	0	1	0	0	2
125987	16 Oct 25	23:51:00	1	0	60	0	Ct	0	0	0	0	2	5	6	0	0	0	3	1	2	0	2	1	0	0	1	0	0	2	1	2	2	0	2	0	1	0	0	2	0	1
125988	16 Oct 25	23:52:00	1	0	60	0	Ct	0	0	0	1	2	1	1	0	0	1	2	0	0	1	1	1	0	0	1	0	0	0	2	2	0	0	1	0	1	0	2	3	0	3
125989	16 Oct 25	23:53:00	1	0	60	0	Ct	0	0	2	0	5	4	2	1	0	0	2	0	2	1	2	11	0	0	1	0	0	0	3	1	0	0	1	0	0	0	1	3	0	1
125990	16 Oct 25	23:54:00	1	0	60	0	Ct	0	0	1	0	18	2	1	1	0	0	2	0	1	1	1	17	0	0	0	0	0	0	1	0	0	0	1	0	2	1	0	2	0	2
125991	16 Oct 25	23:55:00	1	0	60	0	Ct	0	0	3	0	0	0	1	1	0	0	1	0	3	0	2	2	0	1	1	0	4	1	1	0	0	0	1	0	1	1	1	2	0	1
125992	16 Oct 25	23:56:00	1	0	60	0	Ct	0	0	1	4	1	5	4	2	0	0	2	1	3	2	2	3	0	0	1	0	3	2	1	1	0	0	1	0	0	0	0	1	0	2
125993	16 Oct 25	23:57:00	1	0	60	0	Ct	0	0	3	3	0	1	1	1	0	1	1	3	0	2	4	0	0	2	0	0	1	1	0	1	2	0	2	0	0	1	1	0	0	0
125994	16 Oct 25	23:58:00	1	0	60	0	Ct	0	0	0	6	2	0	7	0	0	0	3	2	2	0	2	1	0	0	0	0	0	2	0	1	1	0	1	0	2	1	5	3	0	0
125995	16 Oct 25	23:59:00	1	0	60	0	Ct	0	0	1	3	1	2	2	6	0	0	2	0	18	2	6	2	0	0	2	0	2	0	0	1	2	0	2	0	0	0	4	3	0	1
125996	17 Oct 25	00:00:00	1	0	60	0	Ct	0	0	0	0	0	1	6	3	0	0	0	0	13	1	4	1	0	0	1	0	1	0	0	2	1	0	1	0	2	0	1	0	0	3
125997	17 Oct 25	00:01:00	1	0	60	0	Ct	0	0	2	0	0	1	1	0	0	0	3	0	1	1	1	2	0	0	4	0	0	1	0	1	2	0	1	0	2	4	0	0	0	0
125998	17 Oct 25	00:02:00	1	0	60	0	Ct	0	0	0	0	0	0	2	0	0	0	1	3	0	0	4	0	0	0	1	0	2	0	0	1	0	4	1	0	1	0	2	1	0	0
125999	17 Oct 25	00:03:00	1	0	60	0	Ct	0	0	0	0	0	7	1	0	0	0	2	0	0	1	2	2	0	2	2	0	5	2	3	0	1	0	1	0	1	0	0	0	0	1
126000	17 Oct 25	00:04:00	1	0	60	0	Ct	0	0	1	0	0	11	5	0	0	0	1	0	0	2	3	2	0	0	1	0	0	0	1	1	1	0	1	0	0	0	1	6	0	1
126001	17 Oct 25	00:05:00	1	0	60	0	Ct	0	0	1	0	2	9	2	0	0	0	1	0	0	1	3	1	0	0	1	0	0	1	2	1	1	0	0	0	0	0	0	0	0	1
126002	17 Oct 25	00:06:00	1	0	60	0	Ct	0	0	2	0	0	24	2	0	0	0	3	0	0	1	6	2	0	0	2	0	0	2	2	1	0	0	1	0	1	0	1	3	0	1
126003	17 Oct 25	00:07:00	1	0	60	0	Ct	0	0	0	3	0	17	2	0	0	0	2	4	0	0	3	1	0	0	0	0	2	0	2	0	1	14	16	0	2	0	0	2	0	2
126004	17 Oct 25	00:08:00	1	0	60	0	Ct	0	0	1	5	0	2	4	0	0	0	3	3	0	0	2	3	0	0	0	0	0	1	3	0	1	0	12	0	1	0	1	1	0	1
126005	17 Oct 25	00:09:00	1	0	60	0	Ct	0	0	0	0	0	2	1	0	0	0	2	2	3	2	2	2	0	0	0	0	0	1	0	0	1	0	0	0	2	0	0	0	0	1
126006	17 Oct 25	00:10:00	1	0	60	0	Ct	0	0	0	0	0	0	3	0	0	0	3	0	1	1	4	1	0	0	3	0	0	2	1	1	3	0	2	0	0	0	0	0	0	2
126007	17 Oct 25	00:11:00	1	0	60	0	Ct	0	0	0	0	0	2	2	0	0	0	1	2	1	1	2	0	0	0	2	0	0	0	2	1	0	0	2	0	0	0	1	3	0	1
126008	17 Oct 25	00:12:00	1	0	60	0	Ct	0	0	0	0	1	2	2	0	0	2	1	6	2	1	3	2	0	0	1	0	0	0	1	2	0	0	2	0	0	0	1	3	0	2
126009	17 Oct 25	00:13:00	1	0	60	0	Ct	0	0	0	0	1	4	2	0	0	1	3	0	0	3	3	0	0	0	2	0	0	0	2	1	1	0	0	0	1	0	1	2	0	0
126010	17 Oct 25	00:14:00	1	0	60	0	Ct	0	0	0	0	2	2	2	0	0	0	1	0	0	3	3	1	0	0	1	0	0	0	3	2	1	0	1	0	2	0	0	1	0	3
126011	17 Oct 25	00:15:00	1	0	60	0	Ct	0	0	0	0	2	0	4	0	0	0	0	0	0	1	3	0	0	0	0	0	0	0	1	1	0	0	1	0	2	0	0	3	0	1
126012	17 Oct 25	00:16:00	1	0	60	0	Ct	0	0	0	0	2	3	2	0	0	1	4	0	0	1	2	0	0	0	2	0	2	2	1	3	1	0	2	0	1	0	2	2	0	3
126013	17 Oct 25	00:17:00	1	0	60	0	Ct	0	0	0	0	0	1	3	0	0	0	0	0	2	1	3	0	0	0	1	0	2	3	0	0	1	0	1	0	1	0	14	0	0	2
126014	17 Oct 25	00:18:00	1	0	60	0	Ct	0	0	0	0	1	2	3	0	0	0	2	0	0	0	3	1	0	0	1	0	5	0	2	1	0	0	1	0	4	0	0	3	0	1
126015	17 Oct 25	00:19:00	1	0	60	0	Ct	0	0	0	0	1	4	3	0	0	0	3	0	0	1	2	3	0	0	5	0	0	0	2	0	2	0	0	0	2	0	0	1	0	2
126016	17 Oct 25	00:20:00	1	0	60	0	Ct	0	0	0	0	2	0	2	0	0	0	2	0	0	1	3	1	0	0	2	0	0	0	4	1	1	0	0	0	1	0	0	0	0	2
126017	17 Oct 25	00:21:00	1	0	60	0	Ct	0	0	0	1	2	0	1	0	0	3	4	0	0	1	2	2	0	0	1	0	0	0	2	1	1	0	0	0	0	0	0	0	0	6
126018	17 Oct 25	00:22:00	1	0	60	0	Ct	0	0	0	1	2	2	2	0	0	0	3	0	0	3	2	0	0	0	1	0	4	0	0	2	1	0	0	0	2	0	1	2	0	0
126019	17 Oct 25	00:23:00	1	0	60	0	Ct	0	0	0	2	0	0	5	0	0	0	3	0	2	1	3	1	0	0	1	0	2	1	0	0	1	0	0	0	4	0	0	1	0	2
126020	17 Oct 25	00:24:00	1	0	60	0	Ct	0	0	0	1	0	0	1	0	0	1	1	0	0	0	3	3	0	0	1	0	0	1	0	1	0	0	0	0	1	0	2	9	0	1
126021	17 Oct 25	00:25:00	1	0	60	0	Ct	0	0	0	1	2	0	1	0	0	1	4	1	0	0	2	1	0	0	0	0	0	0	0	1	1	0	0	0	1	0	0	4	0	2
126022	17 Oct 25	00:26:00	1	0	60	0	Ct	0	0	0	2	1	0	2	0	0	2	2	0	0	1	2	1	0	0	0	0	0	0	2	1	0	0	0	0	0	0	1	2	0	1
126023	17 Oct 25	00:27:00	1	0	60	0	Ct	0	0	0	2	1	0	1	0	0	1	2	0	0	0	3	1	0	0	0	0	0	0	2	1	0	0	0	0	1	0	0	4	0	0
126024	17 Oct 25	00:28:00	1	0	60	0	Ct	0	0	0	1	2	0	2	0	0	1	0	0	4	0	3	1	0	0	1	0	0	2	1	1	2	0	0	0	2	0	0	5	0	4
126025	17 Oct 25	00:29:00	1	0	60	0	Ct	0	0	0	4	1	0	2	0	0	1	2	0	0	1	4	1	0	0	2	0	0	0	0	1	2	0	0	0	3	0	1	9	0	1
126026	17 Oct 25	00:30:00	1	0	60	0	Ct	0	0	0	0	2	0	1	3	0	1	1	0	2	0	5	1	4	0	1	0	0	0	0	0	0	0	0	0	0	0	0	0	0	1
126027	17 Oct 25	00:31:00	1	0	60	0	Ct	0	0	2	0	1	0	4	0	0	0	3	0	0	1	3	1	0	0	2	0	0	0	1	0	0	0	0	0	2	0	1	0	0	0
126028	17 Oct 25	00:32:00	1	0	60	0	Ct	0	0	2	0	1	0	2	0	0	0	2	0	0	1	2	1	0	0	1	0	0	0	1	1	0	0	0	0	1	0	1	0	0	0
126029	17 Oct 25	00:33:00	1	0	60	0	Ct	0	0	1	0	0	0	1	0	0	0	2	0	0	0	4	3	0	0	1	0	0	1	0	1	0	0	0	0	3	0	1	0	0	0
126030	17 Oct 25	00:34:00	1	0	60	0	Ct	0	0	0	1	1	0	1	0	0	0	2	2	0	3	2	1	0	0	0	0	0	0	0	0	0	0	0	0	1	0	0	0	0	1
126031	17 Oct 25	00:35:00	1	0	60	0	Ct	0	0	0	0	2	0	2	0	0	0	1	2	0	1	4	0	0	0	2	0	0	1	0	1	2	0	0	0	3	0	1	3	0	1
126032	17 Oct 25	00:36:00	1	0	60	0	Ct	0	0	3	0	0	0	2	0	0	0	0	0	0	1	4	1	0	0	1	0	0	0	2	1	1	0	0	0	1	0	1	4	0	1
126033	17 Oct 25	00:37:00	1	0	60	0	Ct	0	0	0	0	2	0	2	0	0	0	1	0	0	1	3	0	0	0	1	0	0	0	2	2	1	0	0	0	2	0	1	1	0	3
126034	17 Oct 25	00:38:00	1	0	60	0	Ct	0	0	1	0	1	0	1	0	0	0	3	0	0	1	4	0	0	0	1	0	0	0	2	2	0	0	0	0	4	0	1	0	0	2
126035	17 Oct 25	00:39:00	1	0	60	0	Ct	0	0	1	1	3	0	3	0	0	1	3	0	0	3	3	3	2	0	1	0	0	0	0	0	0	0	0	0	0	0	1	3	0	6
126036	17 Oct 25	00:40:00	1	0	60	0	Ct	0	0	0	3	9	0	2	0	0	0	1	0	0	0	2	0	0	0	2	0	0	2	0	0	0	0	0	0	2	0	0	2	0	1
126037	17 Oct 25	00:41:00	1	0	60	0	Ct	0	0	0	0	4	0	2	0	0	0	2	0	0	0	2	0	0	0	1	0	0	1	0	0	2	0	0	0	1	0	5	0	0	2
126038	17 Oct 25	00:42:00	1	0	60	0	Ct	0	0	0	1	1	0	1	0	0	0	2	0	0	0	3	0	0	0	0	0	0	1	0	2	0	0	0	0	0	0	2	3	0	1
126039	17 Oct 25	00:43:00	1	0	60	0	Ct	0	0	3	0	0	0	3	0	0	0	2	0	0	0	2	1	0	0	1	0	0	1	0	0	0	0	0	0	1	0	1	5	0	1
126040	17 Oct 25	00:44:00	1	0	60	0	Ct	0	0	1	0	0	0	2	0	0	0	1	0	0	0	4	3	2	0	1	0	0	0	0	0	1	0	0	0	3	0	0	1	0	2
126041	17 Oct 25	00:45:00	1	0	60	0	Ct	0	0	1	0	0	0	2	0	0	0	0	0	0	0	3	1	0	4	1	0	0	0	0	0	1	0	0	0	0	3	1	3	0	1
126042	17 Oct 25	00:46:00	1	0	60	0	Ct	0	0	0	0	0	0	3	0	0	1	2	0	0	2	4	1	0	2	2	0	0	0	0	0	0	0	0	0	2	3	0	2	0	1
126043	17 Oct 25	00:47:00	1	0	60	0	Ct	0	0	0	0	0	0	1	0	0	0	0	0	0	3	3	0	0	5	2	0	0	0	0	1	0	0	0	0	2	2	0	3	0	1
126044	17 Oct 25	00:48:00	1	0	60	0	Ct	0	0	0	0	0	0	2	0	0	0	1	0	2	0	2	2	0	3	1	0	1	0	0	1	0	0	0	0	0	0	1	3	0	1
126045	17 Oct 25	00:49:00	1	0	60	0	Ct	0	0	0	0	0	0	2	0	0	0	2	0	0	5	2	0	0	4	0	0	1	0	0	0	0	0	1	0	0	1	1	5	0	0
126046	17 Oct 25	00:50:00	1	0	60	0	Ct	0	0	0	0	0	0	1	0	0	0	0	0	2	2	1	0	0	3	0	0	0	0	0	0	0	0	1	0	2	1	0	1	0	1
126047	17 Oct 25	00:51:00	1	0	60	0	Ct	0	0	0	3	0	0	2	0	0	0	1	0	0	1	5	0	0	2	0	0	0	0	0	0	0	0	0	0	0	0	1	0	0	0
126048	17 Oct 25	00:52:00	1	0	60	0	Ct	0	0	0	0	0	0	3	0	0	0	1	0	0	1	2	0	0	2	1	0	0	0	0	0	0	0	0	0	1	0	1	0	0	1
126049	17 Oct 25	00:53:00	1	0	60	0	Ct	0	0	0	0	0	0	1	0	0	0	1	0	0	1	3	0	0	2	0	0	0	0	0	0	0	0	0	0	1	0	0	0	0	3
126050	17 Oct 25	00:54:00	1	0	60	0	Ct	0	0	0	0	0	0	2	0	0	0	2	0	0	2	2	0	0	3	1	0	0	1	0	0	0	0	0	0	1	2	1	0	0	1
126051	17 Oct 25	00:55:00	1	0	60	0	Ct	0	0	0	0	8	6	1	0	0	0	2	0	0	1	4	0	0	2	0	0	0	0	0	0	0	0	0	0	2	3	1	0	0	2
126052	17 Oct 25	00:56:00	1	0	60	0	Ct	0	0	0	2	7	5	2	0	0	0	1	0	0	1	2	0	0	3	1	0	0	1	0	0	0	0	0	0	1	1	0	1	0	2
126053	17 Oct 25	00:57:00	1	0	60	0	Ct	0	0	0	0	8	0	2	0	0	0	2	0	0	3	3	0	0	2	0	0	0	0	0	0	0	0	0	0	0	2	2	3	0	0
126054	17 Oct 25	00:58:00	1	0	60	0	Ct	0	0	0	0	1	1	1	0	0	1	1	0	0	1	4	0	0	2	0	0	0	2	0	0	0	0	0	0	0	3	0	1	0	3
126055	17 Oct 25	00:59:00	1	0	60	0	Ct	0	0	0	1	0	2	2	0	0	1	1	0	0	1	1	0	0	2	2	0	0	0	0	0	0	0	0	0	0	1	0	4	0	0
126056	17 Oct 25	01:00:00	1	0	60	0	Ct	0	0	0	3	0	0	2	0	0	2	3	0	0	0	0	0	0	3	0	0	0	0	0	0	0	0	0	0	0	2	0	2	0	0
126057	17 Oct 25	01:01:00	1	0	60	0	Ct	0	0	0	0	0	1	1	0	0	1	1	0	0	1	0	0	0	2	7	0	0	0	0	0	0	0	0	0	0	0	0	2	0	0
126058	17 Oct 25	01:02:00	1	0	60	0	Ct	0	0	0	0	0	4	2	0	0	2	2	0	0	0	0	0	0	2	0	0	0	1	0	0	0	0	0	0	0	2	1	2	0	1
126059	17 Oct 25	01:03:00	1	0	60	0	Ct	0	0	0	0	0	4	2	0	0	0	1	0	0	0	0	0	0	4	2	0	0	1	0	0	0	11	0	0	2	0	1	3	0	2
126060	17 Oct 25	01:04:00	1	0	60	0	Ct	0	0	0	0	0	3	2	0	0	0	0	0	0	2	0	0	0	2	1	0	0	2	0	0	0	0	0	0	0	0	1	0	0	0
126061	17 Oct 25	01:05:00	1	0	60	0	Ct	0	0	0	0	0	0	3	0	0	0	2	1	0	1	0	0	0	1	0	0	0	0	0	0	0	0	0	0	1	0	0	0	0	0
126062	17 Oct 25	01:06:00	1	0	60	0	Ct	0	0	0	0	0	0	3	0	0	0	0	0	0	0	0	0	0	3	0	0	0	1	0	0	0	0	0	0	3	0	2	1	0	0
126063	17 Oct 25	01:07:00	1	0	60	0	Ct	0	0	0	0	0	1	1	0	0	0	1	0	0	0	0	0	2	2	1	0	0	2	0	2	0	0	0	0	1	0	0	0	0	0
126064	17 Oct 25	01:08:00	1	0	60	0	Ct	0	0	0	0	0	0	2	0	0	0	2	0	0	0	0	0	1	3	2	0	0	1	0	0	0	12	0	0	1	0	0	1	0	2
126065	17 Oct 25	01:09:00	1	0	60	0	Ct	0	0	0	0	0	0	3	0	0	0	1	0	1	1	0	0	0	1	0	0	0	1	0	2	0	8	0	0	1	0	0	0	0	5
126066	17 Oct 25	01:10:00	1	0	60	0	Ct	0	0	0	0	0	0	2	0	0	0	1	0	0	0	0	0	0	2	1	0	0	1	0	0	0	0	0	0	0	2	3	1	0	2
126067	17 Oct 25	01:11:00	1	0	60	0	Ct	0	0	0	0	0	0	2	0	0	1	1	0	0	0	0	0	0	0	0	0	0	0	0	0	0	0	0	0	0	2	1	0	0	1
126068	17 Oct 25	01:12:00	1	0	60	0	Ct	0	0	0	0	0	0	3	0	0	0	1	0	0	6	0	1	0	2	0	0	0	0	0	0	0	0	0	0	0	0	0	0	0	1
126069	17 Oct 25	01:13:00	1	0	60	0	Ct	0	0	0	0	0	0	1	0	0	0	1	0	0	1	0	1	0	0	0	0	0	0	0	0	0	0	0	0	0	2	0	0	0	1
126070	17 Oct 25	01:14:00	1	0	60	0	Ct	0	0	0	0	0	0	1	0	0	2	0	2	0	0	0	0	0	2	0	0	0	0	0	0	0	0	0	0	0	1	3	0	0	1
126071	17 Oct 25	01:15:00	1	0	60	0	Ct	0	0	1	0	0	0	0	0	0	0	0	0	0	0	0	0	1	2	2	0	0	9	0	0	0	0	0	0	0	0	0	0	0	2
126072	17 Oct 25	01:16:00	1	0	60	0	Ct	0	0	1	0	0	0	2	0	0	0	0	2	0	0	1	0	6	3	1	0	0	4	0	0	0	0	0	0	0	2	0	0	2	1
126073	17 Oct 25	01:17:00	1	0	60	0	Ct	0	0	1	0	0	0	0	0	0	1	0	1	3	0	0	0	0	2	0	0	0	2	0	0	0	0	0	0	0	2	0	0	0	2
126074	17 Oct 25	01:18:00	1	0	60	0	Ct	0	0	1	0	0	0	2	0	0	0	0	0	0	1	0	0	0	2	1	0	0	1	0	0	0	0	0	0	0	2	0	0	4	0
126075	17 Oct 25	01:19:00	1	0	60	0	Ct	0	0	1	0	0	0	1	0	0	0	1	0	0	0	0	0	0	0	0	0	0	0	0	0	0	0	0	0	0	1	0	0	3	1
126076	17 Oct 25	01:20:00	1	0	60	0	Ct	0	0	0	0	0	0	0	0	0	2	1	1	0	1	0	0	0	6	0	0	0	1	0	0	0	0	0	0	0	2	0	0	3	2
126077	17 Oct 25	01:21:00	1	0	60	0	Ct	0	0	1	0	0	0	0	0	0	0	1	2	1	2	0	0	0	1	0	0	0	1	0	0	0	0	0	0	2	2	1	1	2	1
126078	17 Oct 25	01:22:00	1	0	60	0	Ct	0	0	0	0	0	0	0	0	0	0	1	0	3	0	0	0	0	4	2	0	0	0	0	0	0	0	0	0	0	1	0	4	3	1
126079	17 Oct 25	01:23:00	1	0	60	0	Ct	0	0	0	0	0	0	0	0	0	2	0	2	1	1	0	0	0	2	1	0	0	1	0	0	0	0	0	0	0	2	0	1	1	0
126080	17 Oct 25	01:24:00	1	0	60	0	Ct	0	0	0	0	0	0	0	0	0	24	0	0	1	7	0	0	0	1	2	0	0	1	0	0	0	0	0	0	0	1	3	2	2	1
126081	17 Oct 25	01:25:00	1	0	60	0	Ct	0	0	0	0	0	0	0	0	0	1	0	0	0	1	0	0	0	2	1	0	0	0	0	0	2	0	0	0	0	1	1	0	2	2
126082	17 Oct 25	01:26:00	1	0	60	0	Ct	0	0	0	0	0	0	0	0	0	0	0	0	1	0	0	0	0	1	0	0	0	0	0	0	2	0	0	0	0	2	0	0	2	1
126083	17 Oct 25	01:27:00	1	0	60	0	Ct	0	0	0	0	0	0	0	0	0	0	0	0	0	0	0	0	0	1	2	0	0	0	0	0	0	0	0	0	0	1	0	0	2	1
126084	17 Oct 25	01:28:00	1	0	60	0	Ct	0	0	0	0	0	0	0	0	0	0	0	0	0	2	0	0	0	0	0	0	0	3	0	0	0	0	0	0	0	3	1	1	3	3
126085	17 Oct 25	01:29:00	1	0	60	0	Ct	0	0	0	0	0	0	0	0	0	0	0	0	1	1	0	0	0	1	1	0	4	0	0	0	0	0	0	0	0	0	0	1	2	2
126086	17 Oct 25	01:30:00	1	0	60	0	Ct	0	0	0	0	0	0	0	0	0	2	0	0	1	1	0	0	0	1	0	0	3	0	0	0	0	0	0	0	0	3	2	2	3	1
126087	17 Oct 25	01:31:00	1	0	60	0	Ct	0	0	0	0	0	0	0	0	0	0	0	0	2	2	0	0	0	3	0	0	1	0	0	0	0	0	0	0	0	0	0	2	1	1
126088	17 Oct 25	01:32:00	1	0	60	0	Ct	0	0	0	0	0	0	0	0	0	0	0	0	2	2	0	0	0	2	0	0	0	0	0	0	0	0	0	0	0	4	1	2	2	1
126089	17 Oct 25	01:33:00	1	0	60	0	Ct	0	0	0	0	0	0	0	0	0	0	0	0	1	1	0	0	0	1	0	0	0	0	0	0	2	0	0	0	0	1	2	0	2	1
126090	17 Oct 25	01:34:00	1	0	60	0	Ct	0	0	0	0	0	0	0	0	0	0	0	1	2	0	0	0	0	2	0	0	0	4	0	0	0	0	0	0	0	0	1	2	1	1
126091	17 Oct 25	01:35:00	1	0	60	0	Ct	0	0	0	0	0	0	0	0	0	0	0	0	1	0	0	0	0	1	0	0	3	1	0	0	2	0	0	0	0	0	0	2	1	0
126092	17 Oct 25	01:36:00	1	0	60	0	Ct	0	0	0	0	0	0	0	0	0	0	0	1	0	0	0	1	0	3	3	0	0	0	0	0	2	0	0	0	0	0	0	1	4	1
126093	17 Oct 25	01:37:00	1	0	60	0	Ct	0	0	0	0	0	0	0	0	0	0	0	1	0	1	0	3	0	3	1	0	0	0	0	0	1	2	0	0	0	0	1	2	1	1
126094	17 Oct 25	01:38:00	1	0	60	0	Ct	0	0	0	0	0	0	0	0	0	0	0	0	0	1	0	0	0	3	2	0	0	0	0	0	1	0	0	0	0	0	1	0	1	0
126095	17 Oct 25	01:39:00	1	0	60	0	Ct	0	0	0	0	0	0	0	0	0	2	0	0	0	1	0	0	0	1	1	0	0	0	0	0	1	0	0	0	0	0	0	3	1	0
126096	17 Oct 25	01:40:00	1	0	60	0	Ct	0	0	0	0	0	0	0	0	0	1	0	0	0	1	0	0	0	2	2	0	0	2	0	0	2	0	0	0	0	0	0	0	2	1
126097	17 Oct 25	01:41:00	1	0	60	0	Ct	0	0	0	0	0	0	0	0	0	0	0	3	0	1	0	0	0	5	1	0	0	2	0	0	2	0	0	0	0	1	0	0	2	5
126098	17 Oct 25	01:42:00	1	0	60	0	Ct	0	0	0	0	0	0	0	0	0	0	0	0	0	1	0	0	0	8	1	0	0	0	0	0	2	0	0	0	0	1	0	0	1	1
126099	17 Oct 25	01:43:00	1	0	60	0	Ct	0	0	0	0	0	0	0	0	0	0	0	0	0	2	0	0	2	2	0	0	0	0	0	0	2	0	0	0	0	0	1	0	0	1
126100	17 Oct 25	01:44:00	1	0	60	0	Ct	0	0	0	0	0	0	0	0	0	1	0	0	0	0	0	0	0	3	1	0	0	0	0	0	0	0	0	0	0	2	0	0	1	2
126101	17 Oct 25	01:45:00	1	0	60	0	Ct	0	0	0	0	0	0	0	0	0	0	0	0	0	1	0	0	0	2	1	0	0	0	0	0	0	0	0	0	0	2	1	0	1	2
126102	17 Oct 25	01:46:00	1	0	60	0	Ct	0	0	0	0	0	0	0	0	0	0	0	0	0	0	0	0	0	1	0	0	0	0	0	0	3	0	0	0	0	1	0	0	0	1
126103	17 Oct 25	01:47:00	1	0	60	0	Ct	0	0	2	0	0	0	0	0	0	0	0	0	0	2	0	0	0	2	1	0	0	0	0	0	1	0	0	0	0	4	2	0	2	0
126104	17 Oct 25	01:48:00	1	0	60	0	Ct	0	0	0	0	0	0	0	0	0	0	0	0	0	1	0	0	0	0	1	0	0	0	0	0	2	0	0	0	0	1	1	0	1	1
126105	17 Oct 25	01:49:00	1	0	60	0	Ct	0	0	0	0	0	0	0	0	0	0	0	0	0	0	0	0	0	1	0	0	0	0	0	0	0	0	0	0	0	1	0	1	2	1
126106	17 Oct 25	01:50:00	1	0	60	0	Ct	0	0	0	0	0	0	0	0	0	1	0	1	0	0	0	0	0	1	0	0	0	0	0	0	2	1	0	0	0	2	0	2	1	1
126107	17 Oct 25	01:51:00	1	0	60	0	Ct	0	0	0	0	0	0	0	0	0	1	0	0	0	2	0	0	0	0	1	0	0	2	0	0	1	0	0	0	0	2	0	1	1	1
126108	17 Oct 25	01:52:00	1	0	60	0	Ct	0	0	0	0	0	0	0	0	0	0	0	1	0	0	0	0	0	1	0	0	0	1	0	0	1	0	0	0	0	1	0	1	1	4
126109	17 Oct 25	01:53:00	1	0	60	0	Ct	0	0	0	0	0	0	0	0	0	0	0	0	0	1	0	0	0	7	0	0	1	2	0	0	1	0	0	0	0	1	1	0	1	3
126110	17 Oct 25	01:54:00	1	0	60	0	Ct	0	0	1	0	0	0	0	0	0	0	0	0	0	0	0	0	0	2	0	0	2	0	0	0	3	0	0	0	0	2	0	0	2	1
126111	17 Oct 25	01:55:00	1	0	60	0	Ct	0	0	3	0	0	0	0	0	0	0	0	0	2	1	0	0	0	2	0	0	3	2	0	0	1	0	0	0	0	1	0	0	1	2
126112	17 Oct 25	01:56:00	1	0	60	0	Ct	0	0	0	0	0	0	0	0	0	0	0	0	0	0	0	0	0	1	0	0	2	0	0	0	1	0	0	0	0	0	2	0	1	1
126113	17 Oct 25	01:57:00	1	0	60	0	Ct	0	0	0	0	0	0	0	0	0	0	0	0	0	0	0	0	0	0	0	0	2	0	0	0	4	0	0	0	0	0	0	0	1	1
126114	17 Oct 25	01:58:00	1	0	60	0	Ct	0	0	2	1	0	0	0	0	0	0	0	0	2	0	0	0	0	3	0	0	0	1	0	0	0	0	0	0	0	3	0	0	1	3
126115	17 Oct 25	01:59:00	1	0	60	0	Ct	0	0	0	0	0	0	0	0	0	0	0	0	0	0	0	0	0	1	0	0	0	1	1	0	0	0	0	0	0	1	0	0	0	0
126116	17 Oct 25	02:00:00	1	0	60	0	Ct	0	0	1	0	0	0	0	4	0	0	0	0	0	0	0	0	0	4	0	0	0	0	1	0	0	0	0	0	0	0	0	0	0	1
126117	17 Oct 25	02:01:00	1	0	60	0	Ct	0	0	1	1	0	0	0	0	0	0	0	0	0	0	0	0	0	2	0	0	0	0	3	0	0	0	0	0	0	2	1	1	0	0
126118	17 Oct 25	02:02:00	1	0	60	0	Ct	0	0	1	0	0	0	0	0	0	1	0	0	0	1	0	0	0	1	0	0	0	1	4	0	0	0	2	0	0	1	3	0	3	1
126119	17 Oct 25	02:03:00	1	0	60	0	Ct	0	0	0	0	0	0	0	0	0	1	0	0	0	2	0	0	0	3	0	0	0	1	11	0	2	0	0	0	0	0	1	8	1	1
126120	17 Oct 25	02:04:00	1	0	60	0	Ct	0	0	1	0	0	0	0	0	0	2	0	0	0	0	0	0	0	1	0	0	0	1	1	0	2	0	0	0	0	1	0	16	1	0
126121	17 Oct 25	02:05:00	1	0	60	0	Ct	0	0	0	0	0	0	0	0	0	0	0	0	0	1	0	0	0	1	0	0	0	2	3	0	1	0	0	0	0	2	1	22	0	0
126122	17 Oct 25	02:06:00	1	0	60	0	Ct	0	0	0	0	0	0	0	0	0	1	0	0	0	2	3	0	0	2	0	0	0	0	3	0	1	0	0	0	0	0	0	15	0	1
126123	17 Oct 25	02:07:00	1	0	60	0	Ct	0	0	0	0	0	0	0	0	0	0	0	0	0	1	0	0	0	2	0	0	0	0	2	0	0	0	2	0	0	0	0	1	0	2
126124	17 Oct 25	02:08:00	1	0	60	0	Ct	0	0	0	0	0	0	0	0	0	0	0	0	0	0	0	0	0	1	0	0	0	1	3	0	0	0	0	0	0	0	0	1	0	0
126125	17 Oct 25	02:09:00	1	0	60	0	Ct	0	0	0	0	0	0	0	0	0	0	0	0	0	1	0	0	0	1	0	0	0	2	3	0	2	0	0	0	0	0	0	2	0	1
126126	17 Oct 25	02:10:00	1	0	60	0	Ct	0	0	0	0	0	0	0	0	0	1	0	0	0	0	0	0	0	1	0	0	0	0	2	0	2	0	0	0	0	0	5	2	0	0
126127	17 Oct 25	02:11:00	1	0	60	0	Ct	0	0	0	0	0	0	0	0	0	0	0	0	0	2	3	0	0	3	0	0	0	0	2	0	0	0	0	0	0	0	0	2	0	1
126128	17 Oct 25	02:12:00	1	0	60	0	Ct	0	0	0	0	0	0	0	0	0	0	0	0	0	3	2	0	0	3	0	0	0	0	2	0	2	0	0	0	0	0	1	0	0	1
126129	17 Oct 25	02:13:00	1	0	60	0	Ct	0	0	2	0	0	0	0	0	0	0	0	0	0	0	4	0	0	1	0	0	0	0	1	0	1	0	0	0	0	0	0	2	0	1
126130	17 Oct 25	02:14:00	1	0	60	0	Ct	0	0	0	0	0	0	0	0	0	0	0	0	0	1	2	0	0	1	0	0	0	0	4	0	1	0	0	0	0	1	2	1	0	4
126131	17 Oct 25	02:15:00	1	0	60	0	Ct	0	0	2	0	0	0	0	0	0	1	0	0	2	1	3	0	0	3	0	0	0	0	2	0	1	0	0	0	0	2	2	3	0	1
126132	17 Oct 25	02:16:00	1	0	60	0	Ct	0	0	0	0	0	0	0	0	0	1	0	0	2	2	4	0	0	0	0	0	0	0	1	0	1	0	0	0	0	0	0	1	0	0
126133	17 Oct 25	02:17:00	1	0	60	0	Ct	0	0	0	0	0	0	0	0	0	0	0	0	1	0	3	0	0	2	0	0	0	0	0	0	0	0	0	0	0	0	1	5	0	1
126134	17 Oct 25	02:18:00	1	0	60	0	Ct	0	0	1	0	0	0	0	0	0	0	0	0	3	0	3	0	0	2	0	0	0	0	7	0	2	0	0	0	0	0	1	6	0	1
126135	17 Oct 25	02:19:00	1	0	60	0	Ct	0	0	2	0	0	0	0	0	0	0	0	0	1	1	3	0	0	2	0	0	0	0	1	0	0	0	0	0	0	0	1	1	0	2
126136	17 Oct 25	02:20:00	1	0	60	0	Ct	0	0	0	0	0	0	0	0	0	0	0	0	1	0	3	0	0	3	0	0	0	0	0	0	2	0	0	0	0	0	0	2	0	1
126137	17 Oct 25	02:21:00	1	0	60	0	Ct	0	0	1	0	0	0	0	0	0	0	0	2	3	1	3	0	0	1	0	0	0	0	0	0	2	0	0	0	0	0	0	1	0	1
126138	17 Oct 25	02:22:00	1	0	60	0	Ct	0	0	1	0	0	0	0	0	0	0	0	1	1	1	4	0	0	2	0	0	0	1	0	0	0	0	0	0	0	0	0	2	0	2
126139	17 Oct 25	02:23:00	1	0	60	0	Ct	0	0	0	0	0	0	0	0	0	0	0	0	6	1	4	0	0	2	0	0	0	1	0	0	0	0	2	0	0	0	0	1	0	2
126140	17 Oct 25	02:24:00	1	0	60	0	Ct	0	0	0	0	0	2	0	0	0	0	0	3	3	0	4	0	0	3	0	0	0	1	0	0	1	0	1	0	0	0	0	1	0	0
126141	17 Oct 25	02:25:00	1	0	60	0	Ct	0	0	0	0	0	0	0	0	0	0	0	9	3	0	4	0	0	2	0	0	0	1	0	0	2	0	0	0	0	0	0	0	0	1
126142	17 Oct 25	02:26:00	1	0	60	0	Ct	0	0	0	0	0	0	0	0	0	0	0	2	1	2	3	0	0	2	0	0	0	1	0	0	6	0	0	0	0	0	0	1	0	2
126143	17 Oct 25	02:27:00	1	0	60	0	Ct	0	0	0	0	0	0	0	0	0	0	0	2	0	0	3	0	0	2	0	0	0	0	0	0	2	0	0	0	0	0	0	2	0	2
126144	17 Oct 25	02:28:00	1	0	60	0	Ct	0	0	1	0	0	0	0	0	0	0	0	1	0	1	3	0	0	3	2	0	0	0	0	0	2	0	0	0	0	0	0	2	0	1
126145	17 Oct 25	02:29:00	1	0	60	0	Ct	0	0	2	0	0	0	0	0	0	0	0	1	0	1	3	0	0	2	0	0	2	0	0	0	2	0	0	0	0	0	0	1	0	1
126146	17 Oct 25	02:30:00	1	0	60	0	Ct	0	0	0	0	0	0	0	0	0	0	0	1	0	0	3	0	0	2	0	0	4	0	0	0	0	0	2	0	0	0	1	0	0	1
126147	17 Oct 25	02:31:00	1	0	60	0	Ct	0	0	1	0	0	0	0	0	0	0	0	2	0	0	4	0	0	2	0	0	2	0	0	0	0	0	0	0	0	0	0	1	0	0
126148	17 Oct 25	02:32:00	1	0	60	0	Ct	0	0	0	0	0	0	0	0	0	0	0	0	0	4	2	0	0	2	0	0	2	0	0	0	1	0	0	0	0	0	1	5	0	1
126149	17 Oct 25	02:33:00	1	0	60	0	Ct	0	0	0	0	0	0	0	0	0	0	0	0	0	0	2	0	0	2	0	0	2	1	0	0	1	0	0	0	0	0	0	1	0	1
126150	17 Oct 25	02:34:00	1	0	60	0	Ct	0	0	0	0	0	0	0	0	0	0	0	2	0	1	1	0	0	3	4	0	2	1	0	0	1	0	0	0	0	0	0	2	0	0
126151	17 Oct 25	02:35:00	1	0	60	0	Ct	0	0	6	0	0	0	0	0	0	2	0	0	4	2	4	0	0	2	1	0	3	0	0	0	4	0	0	0	0	0	0	4	0	1
126152	17 Oct 25	02:36:00	1	0	60	0	Ct	0	0	2	0	0	0	0	0	0	1	4	0	2	0	3	0	0	1	1	0	1	2	0	0	1	0	0	0	0	0	0	1	0	1
126153	17 Oct 25	02:37:00	1	0	60	0	Ct	0	0	0	0	0	0	0	0	0	0	0	0	0	0	1	0	0	1	2	0	3	2	0	0	0	0	0	0	0	0	3	0	0	5
126154	17 Oct 25	02:38:00	1	0	60	0	Ct	0	0	0	0	0	0	0	0	0	0	2	0	0	3	1	0	0	3	1	0	4	4	0	0	0	0	0	0	0	0	1	0	0	2
126155	17 Oct 25	02:39:00	1	0	60	0	Ct	0	0	0	3	0	0	0	0	0	0	1	0	2	0	3	0	0	2	1	0	2	0	0	0	2	0	0	0	0	0	1	0	0	2
126156	17 Oct 25	02:40:00	1	0	60	0	Ct	0	0	0	0	0	0	0	0	0	0	1	0	0	1	2	0	0	2	2	0	2	2	0	0	0	0	0	0	0	0	1	0	0	1
126157	17 Oct 25	02:41:00	1	0	60	0	Ct	0	0	0	0	0	0	0	0	0	0	2	0	0	2	2	0	0	3	1	0	3	0	0	0	0	0	0	0	0	0	0	0	0	1
126158	17 Oct 25	02:42:00	1	0	60	0	Ct	0	0	0	0	0	0	0	0	0	0	3	0	0	2	2	0	0	0	1	0	2	1	0	0	2	0	0	0	0	0	0	0	0	1
126159	17 Oct 25	02:43:00	1	0	60	0	Ct	0	0	0	0	0	0	0	0	0	0	2	0	0	0	2	0	0	1	2	0	2	1	0	0	1	0	0	0	0	0	0	1	0	1
126160	17 Oct 25	02:44:00	1	0	60	0	Ct	0	0	0	0	0	0	4	0	0	0	2	0	0	1	3	0	0	2	2	0	0	0	0	0	1	0	0	0	0	0	2	2	0	1
126161	17 Oct 25	02:45:00	1	0	60	0	Ct	0	0	0	0	0	0	2	0	0	0	3	0	0	4	1	0	0	3	1	0	2	2	0	0	1	0	0	0	0	0	0	3	0	0
126162	17 Oct 25	02:46:00	1	0	60	0	Ct	0	0	0	0	0	0	2	0	0	0	2	0	0	1	2	0	0	3	0	0	1	2	0	0	1	0	0	0	0	0	0	1	0	6
126163	17 Oct 25	02:47:00	1	0	60	0	Ct	0	0	0	0	0	0	2	0	0	0	2	0	0	0	2	0	0	1	0	0	1	1	0	0	0	0	0	0	0	0	0	1	0	1
126164	17 Oct 25	02:48:00	1	0	60	0	Ct	0	0	0	0	0	0	3	0	0	0	1	0	0	1	3	0	0	2	3	0	3	1	0	0	0	0	0	0	0	0	2	0	0	1
126165	17 Oct 25	02:49:00	1	0	60	0	Ct	0	0	0	0	0	0	3	0	0	0	3	0	0	0	2	0	0	3	1	0	1	0	0	0	2	0	0	0	0	0	2	1	0	1
126166	17 Oct 25	02:50:00	1	0	60	0	Ct	0	0	0	0	0	0	2	0	0	0	1	0	0	37	2	0	0	0	2	0	3	1	0	0	0	0	0	0	0	0	1	1	0	1
126167	17 Oct 25	02:51:00	1	0	60	0	Ct	0	0	0	0	0	0	3	0	0	0	1	0	0	0	4	0	0	2	1	0	2	0	0	0	4	0	0	0	0	0	2	0	0	2
126168	17 Oct 25	02:52:00	1	0	60	0	Ct	0	0	0	0	0	0	2	0	0	0	1	0	0	1	3	0	0	0	2	0	2	1	0	0	1	0	0	0	0	0	4	0	0	2
126169	17 Oct 25	02:53:00	1	0	60	0	Ct	0	0	1	0	0	0	5	0	0	0	1	0	0	0	3	0	0	2	1	0	3	0	0	0	1	0	0	0	0	0	3	0	0	1
126170	17 Oct 25	02:54:00	1	0	60	0	Ct	0	0	1	0	0	0	1	0	0	0	2	1	0	1	2	0	0	1	1	0	2	0	0	0	0	0	0	0	0	0	0	2	0	0
126171	17 Oct 25	02:55:00	1	0	60	0	Ct	0	0	0	0	0	0	4	0	0	0	1	4	0	1	2	0	0	2	1	0	2	0	0	0	1	0	0	0	0	0	4	2	0	0
126172	17 Oct 25	02:56:00	1	0	60	0	Ct	0	0	0	0	0	0	3	0	0	0	2	0	0	1	2	0	0	2	1	0	2	0	0	0	1	0	0	0	0	0	0	38	0	0
126173	17 Oct 25	02:57:00	1	0	60	0	Ct	0	0	2	0	0	0	1	0	0	0	1	3	0	1	1	0	0	1	1	0	4	1	0	0	5	0	0	0	0	0	0	13	0	0
126174	17 Oct 25	02:58:00	1	0	60	0	Ct	0	0	0	0	0	4	2	0	0	0	2	0	0	0	1	0	0	1	1	0	0	1	0	0	1	0	0	0	0	0	0	1	0	0
126175	17 Oct 25	02:59:00	1	0	60	0	Ct	0	0	0	0	0	5	3	0	0	0	21	0	0	1	2	0	0	0	1	0	0	0	0	0	0	0	2	0	0	0	1	1	0	0
126176	17 Oct 25	03:00:00	1	0	60	0	Ct	0	0	0	0	0	0	3	0	0	0	1	0	0	0	3	0	0	0	0	0	0	0	0	0	0	0	0	0	0	0	0	0	0	1
126177	17 Oct 25	03:01:00	1	0	60	0	Ct	0	0	0	0	0	0	3	0	0	0	2	0	0	1	2	0	0	2	0	0	0	2	0	0	0	0	0	0	0	0	0	0	0	2
126178	17 Oct 25	03:02:00	1	0	60	0	Ct	0	0	0	0	0	0	3	0	0	0	2	0	0	0	3	0	0	2	1	0	0	1	0	0	3	0	0	0	0	0	1	0	0	3
126179	17 Oct 25	03:03:00	1	0	60	0	Ct	0	0	0	0	0	0	3	0	0	0	2	0	0	1	2	0	0	1	1	0	0	0	0	0	2	0	0	0	0	0	0	0	0	4
126180	17 Oct 25	03:04:00	1	0	60	0	Ct	0	0	0	0	0	6	2	0	0	0	1	0	0	0	0	0	0	3	1	0	0	2	0	0	0	0	0	0	0	0	2	0	0	2
126181	17 Oct 25	03:05:00	1	0	60	0	Ct	0	0	0	0	0	3	3	0	0	0	1	0	0	0	2	0	0	2	0	0	0	3	0	0	1	0	0	0	0	0	1	0	0	2
126182	17 Oct 25	03:06:00	1	0	60	0	Ct	0	0	0	0	0	6	2	0	0	0	1	0	0	0	1	0	0	1	2	0	0	0	0	0	1	0	0	0	0	0	4	0	0	0
126183	17 Oct 25	03:07:00	1	0	60	0	Ct	0	0	0	0	0	32	3	0	0	0	1	0	0	2	3	0	0	2	0	0	0	0	0	0	2	0	0	0	0	0	0	0	0	1
126184	17 Oct 25	03:08:00	1	0	60	0	Ct	0	0	0	0	0	18	1	0	0	0	2	0	2	2	1	0	0	3	1	0	0	0	0	0	0	0	0	0	0	0	0	0	0	0
126185	17 Oct 25	03:09:00	1	0	60	0	Ct	0	0	0	0	0	0	3	0	0	0	1	0	3	3	1	0	0	0	1	0	0	0	0	0	0	0	0	0	0	0	0	0	0	3
126186	17 Oct 25	03:10:00	1	0	60	0	Ct	0	0	0	0	0	0	5	0	0	0	2	0	0	2	3	0	0	2	1	0	0	0	0	0	0	0	0	0	0	0	0	0	0	1
126187	17 Oct 25	03:11:00	1	0	60	0	Ct	0	0	0	0	0	0	5	0	0	0	0	2	0	1	3	0	0	2	3	0	0	0	0	0	0	0	0	0	0	0	0	0	0	1
126188	17 Oct 25	03:12:00	1	0	60	0	Ct	0	0	0	0	0	0	3	0	0	0	0	4	0	0	1	0	0	1	3	0	0	0	0	0	2	0	0	0	0	0	0	0	0	2
126189	17 Oct 25	03:13:00	1	0	60	0	Ct	0	0	0	0	0	0	3	0	0	0	1	0	2	0	1	0	0	2	1	0	0	0	0	0	2	0	0	0	0	0	0	0	0	1
126190	17 Oct 25	03:14:00	1	0	60	0	Ct	0	0	0	0	0	0	2	0	0	0	1	4	0	0	2	0	0	3	1	0	0	1	0	0	1	0	0	0	0	0	0	0	0	2
126191	17 Oct 25	03:15:00	1	0	60	0	Ct	0	0	0	0	0	0	3	0	0	0	3	1	0	0	2	0	0	2	2	0	0	0	0	0	1	0	0	0	0	0	0	2	0	1
126192	17 Oct 25	03:16:00	1	0	60	0	Ct	0	0	0	0	0	0	2	0	0	0	1	0	0	1	2	0	0	1	1	0	0	1	0	0	0	0	0	0	0	0	0	0	0	1
126193	17 Oct 25	03:17:00	1	0	60	0	Ct	0	0	0	0	0	0	2	0	0	0	1	1	0	0	3	0	0	3	2	0	0	0	0	0	0	0	0	0	0	0	0	9	0	1
126194	17 Oct 25	03:18:00	1	0	60	0	Ct	0	0	0	0	0	0	2	0	0	0	0	2	0	0	2	0	0	2	2	0	0	1	0	0	1	0	3	0	0	0	0	27	0	1
126195	17 Oct 25	03:19:00	1	0	60	0	Ct	0	0	0	0	0	0	3	0	0	0	0	0	0	0	3	0	0	2	1	0	0	1	0	0	0	0	0	0	0	0	0	4	0	0
126196	17 Oct 25	03:20:00	1	0	60	0	Ct	0	0	0	0	0	0	1	0	0	0	0	0	0	0	1	0	0	3	1	0	0	0	0	0	1	0	2	0	0	0	0	0	0	2
126197	17 Oct 25	03:21:00	1	0	60	0	Ct	0	0	4	0	0	0	5	0	0	0	0	0	0	0	1	0	0	3	0	0	0	0	0	0	2	0	2	0	0	0	0	0	0	2
126198	17 Oct 25	03:22:00	1	0	60	0	Ct	0	0	1	0	0	0	1	0	0	0	0	0	0	1	3	0	0	3	1	0	0	0	0	0	1	0	0	0	0	0	0	0	0	0
126199	17 Oct 25	03:23:00	1	0	60	0	Ct	0	0	3	0	0	0	2	0	0	0	0	0	0	0	3	0	0	1	2	0	0	1	0	0	0	0	0	0	0	0	0	0	0	0
126200	17 Oct 25	03:24:00	1	0	60	0	Ct	0	0	1	0	0	0	3	0	0	0	0	0	0	0	2	0	0	3	1	0	1	1	0	2	2	0	0	0	0	0	0	0	0	0
126201	17 Oct 25	03:25:00	1	0	60	0	Ct	0	0	0	0	0	0	2	0	0	0	0	0	0	0	2	0	0	4	0	0	3	0	0	1	5	0	0	0	0	0	0	0	0	2
126202	17 Oct 25	03:26:00	1	0	60	0	Ct	0	0	0	0	0	0	2	0	0	0	0	0	0	0	2	0	0	1	2	0	0	0	0	1	0	0	0	0	0	0	0	0	0	0
126203	17 Oct 25	03:27:00	1	0	60	0	Ct	0	0	0	0	0	0	2	0	0	0	0	0	0	4	2	0	0	1	0	0	2	0	0	2	0	0	0	0	0	0	0	0	0	0
126204	17 Oct 25	03:28:00	1	0	60	0	Ct	0	0	0	0	0	0	2	0	0	0	0	0	0	0	2	0	0	2	1	0	0	0	0	2	1	0	0	0	0	0	0	0	0	0
126205	17 Oct 25	03:29:00	1	0	60	0	Ct	0	0	0	0	0	0	2	0	0	0	0	1	0	0	2	0	0	1	1	0	0	0	0	1	3	0	0	0	0	0	0	0	0	0
126206	17 Oct 25	03:30:00	1	0	60	0	Ct	0	0	0	0	0	0	2	0	0	0	0	0	0	0	3	0	0	1	1	0	0	0	0	3	2	0	0	0	0	0	0	0	0	0
126207	17 Oct 25	03:31:00	1	0	60	0	Ct	0	0	0	0	0	0	3	0	0	0	0	1	0	0	2	0	0	3	2	0	0	0	0	3	1	0	0	0	0	0	0	0	0	0
126208	17 Oct 25	03:32:00	1	0	60	0	Ct	0	0	0	0	0	0	3	0	0	0	0	0	0	0	1	0	0	1	1	0	0	0	0	1	1	0	0	0	0	0	0	0	0	2
126209	17 Oct 25	03:33:00	1	0	60	0	Ct	0	0	0	0	0	4	2	0	0	0	0	0	0	0	2	0	0	2	1	0	2	0	0	1	0	0	0	0	0	0	0	0	0	0
126210	17 Oct 25	03:34:00	1	0	60	0	Ct	0	0	0	0	0	8	1	0	0	0	0	0	0	0	2	0	0	1	0	0	0	0	0	1	0	0	0	0	0	0	0	0	0	0
126211	17 Oct 25	03:35:00	1	0	60	0	Ct	0	0	0	0	0	0	3	0	0	0	0	0	0	0	1	0	0	1	0	0	0	1	0	2	1	0	0	0	0	0	0	0	0	0
126212	17 Oct 25	03:36:00	1	0	60	0	Ct	0	0	0	0	0	0	4	0	0	0	0	0	0	0	3	0	0	3	0	0	0	1	0	2	1	0	0	0	0	0	0	0	0	0
126213	17 Oct 25	03:37:00	1	0	60	0	Ct	0	0	0	0	0	0	2	0	0	0	0	0	0	0	2	0	0	1	0	0	0	2	0	4	0	0	0	0	0	0	0	0	0	0
126214	17 Oct 25	03:38:00	1	0	60	0	Ct	0	0	0	0	0	0	3	0	0	0	0	0	0	0	0	0	0	2	1	0	0	0	0	3	0	0	0	0	0	0	1	0	0	0
126215	17 Oct 25	03:39:00	1	0	60	0	Ct	0	0	0	0	0	0	2	0	0	0	0	0	0	0	2	0	0	2	1	0	0	0	3	2	0	0	0	0	0	0	6	0	0	0
126216	17 Oct 25	03:40:00	1	0	60	0	Ct	0	0	0	0	0	0	3	0	0	0	0	0	0	0	2	0	0	2	1	0	0	2	0	1	1	0	0	0	0	0	0	0	0	0
126217	17 Oct 25	03:41:00	1	0	60	0	Ct	0	0	0	0	0	0	0	0	0	0	0	0	0	0	0	0	0	2	1	0	0	0	0	1	1	0	0	0	0	0	0	0	0	2
126218	17 Oct 25	03:42:00	1	0	60	0	Ct	0	0	0	0	0	0	1	2	0	0	0	0	0	0	1	0	0	0	1	0	0	3	0	3	0	0	0	0	1	0	0	0	0	0
126219	17 Oct 25	03:43:00	1	0	60	0	Ct	0	0	2	2	0	0	2	0	0	0	0	0	0	0	3	0	0	2	0	0	0	1	0	2	0	0	0	0	1	0	0	0	0	1
126220	17 Oct 25	03:44:00	1	0	60	0	Ct	0	0	0	0	0	0	1	0	0	0	0	0	0	0	2	0	0	0	1	0	0	0	0	2	0	0	0	0	3	0	0	0	0	3
126221	17 Oct 25	03:45:00	1	0	60	0	Ct	0	0	0	0	0	0	2	0	0	0	0	0	0	0	3	0	0	3	1	0	0	2	0	0	0	0	0	0	4	0	0	0	0	2
126222	17 Oct 25	03:46:00	1	0	60	0	Ct	0	0	1	0	0	0	3	0	0	0	0	0	0	0	2	0	0	3	0	0	0	0	0	1	0	0	0	0	3	2	0	0	0	1
126223	17 Oct 25	03:47:00	1	0	60	0	Ct	0	0	2	0	0	0	3	0	0	0	0	0	0	0	1	0	0	2	0	0	0	5	0	3	1	0	0	0	1	4	0	0	0	1
126224	17 Oct 25	03:48:00	1	0	60	0	Ct	0	0	0	0	0	0	2	0	0	0	0	0	0	0	1	0	0	4	0	0	0	0	0	2	2	0	0	0	2	0	0	0	0	0
126225	17 Oct 25	03:49:00	1	0	60	0	Ct	0	0	0	0	0	0	3	0	0	0	0	0	0	0	1	0	0	3	0	0	0	1	0	2	2	0	0	0	2	0	0	0	0	1
126226	17 Oct 25	03:50:00	1	0	60	0	Ct	0	0	1	0	0	0	2	0	0	0	0	0	0	0	2	0	0	2	1	0	0	0	0	1	2	0	0	0	2	1	1	0	0	2
126227	17 Oct 25	03:51:00	1	0	60	0	Ct	0	0	0	0	0	0	2	0	0	0	0	0	0	0	0	0	0	2	1	0	0	1	0	1	1	0	0	0	2	1	1	0	0	0
126228	17 Oct 25	03:52:00	1	0	60	0	Ct	0	0	0	0	0	0	1	0	0	0	0	0	0	0	0	0	0	2	0	0	2	0	0	2	0	0	0	0	3	0	4	0	0	1
126229	17 Oct 25	03:53:00	1	0	60	0	Ct	0	0	2	0	0	0	2	0	0	0	0	0	0	0	0	0	0	2	1	0	4	1	0	1	4	0	0	0	3	0	1	0	0	1
126230	17 Oct 25	03:54:00	1	0	60	0	Ct	0	0	0	0	0	0	2	0	0	0	0	0	0	0	0	0	0	2	1	0	1	0	0	3	2	0	0	0	1	2	2	2	0	1
126231	17 Oct 25	03:55:00	1	0	60	0	Ct	0	0	0	0	0	0	2	0	0	0	0	0	0	0	2	0	0	2	1	0	3	1	0	1	2	0	0	0	3	0	0	2	0	2
126232	17 Oct 25	03:56:00	1	0	60	0	Ct	0	0	0	0	0	0	3	0	0	0	0	0	0	0	3	0	0	1	0	0	0	1	0	2	0	0	0	0	2	2	3	1	0	1
126233	17 Oct 25	03:57:00	1	0	60	0	Ct	0	0	0	0	0	0	3	0	0	0	0	0	0	0	3	0	0	0	3	0	3	0	0	3	0	0	0	0	2	0	1	2	0	0
126234	17 Oct 25	03:58:00	1	0	60	0	Ct	0	0	0	0	0	0	2	0	0	0	0	0	0	0	1	0	0	2	1	0	0	1	0	2	0	0	0	0	1	0	0	2	0	1
126235	17 Oct 25	03:59:00	1	0	60	0	Ct	0	0	1	0	0	0	2	0	0	0	0	0	0	0	1	0	0	2	1	0	0	1	0	1	0	0	0	0	1	0	2	0	0	1
126236	17 Oct 25	04:00:00	1	0	60	0	Ct	0	0	1	0	0	0	2	0	0	0	0	0	0	0	0	0	0	2	3	0	0	0	0	0	0	0	0	0	1	0	0	1	0	3
126237	17 Oct 25	04:01:00	1	0	60	0	Ct	0	0	0	0	0	0	2	0	0	0	0	0	0	0	0	0	0	1	1	0	0	1	0	1	0	0	0	0	2	1	1	0	0	1
126238	17 Oct 25	04:02:00	1	0	60	0	Ct	0	0	0	0	0	0	0	0	0	0	0	6	0	0	0	0	0	4	1	0	0	1	0	4	0	0	0	0	2	1	0	0	0	0
126239	17 Oct 25	04:03:00	1	0	60	0	Ct	0	0	0	0	0	0	2	0	0	0	0	0	0	0	0	0	0	1	1	0	0	0	0	1	0	0	0	0	2	1	0	0	0	1
126240	17 Oct 25	04:04:00	1	0	60	0	Ct	0	0	0	0	0	0	1	0	0	0	0	0	0	0	0	0	0	3	0	0	0	0	0	1	0	0	0	0	0	0	0	0	0	0
126241	17 Oct 25	04:05:00	1	0	60	0	Ct	0	0	0	0	0	0	1	0	0	0	0	0	0	0	0	0	0	1	0	0	0	0	0	2	2	0	1	0	2	2	0	0	0	0
126242	17 Oct 25	04:06:00	1	0	60	0	Ct	0	0	0	0	0	0	4	0	0	0	0	0	0	0	0	0	0	1	1	0	0	0	0	2	0	0	2	0	3	0	1	0	0	0
126243	17 Oct 25	04:07:00	1	0	60	0	Ct	0	0	0	0	0	0	1	0	0	0	0	0	0	0	0	3	0	0	1	0	0	0	0	2	1	0	0	0	1	1	2	0	0	0
126244	17 Oct 25	04:08:00	1	0	60	0	Ct	0	0	0	0	0	0	2	0	0	0	0	0	0	0	0	0	0	2	1	0	0	0	0	1	1	0	0	0	4	1	2	0	0	0
126245	17 Oct 25	04:09:00	1	0	60	0	Ct	0	0	0	0	0	0	1	0	0	0	0	0	0	0	0	0	0	2	2	0	0	0	0	3	1	0	0	0	1	0	1	0	0	0
126246	17 Oct 25	04:10:00	1	0	60	0	Ct	0	0	0	0	0	0	1	0	0	0	0	0	0	0	0	0	0	0	0	0	0	1	0	1	2	0	0	0	2	0	1	0	0	0
126247	17 Oct 25	04:11:00	1	0	60	0	Ct	0	0	0	0	0	0	1	0	0	0	0	0	0	0	0	0	0	0	0	0	0	1	0	2	2	0	0	0	2	0	2	0	0	0
126248	17 Oct 25	04:12:00	1	0	60	0	Ct	0	0	0	0	0	0	1	0	0	0	0	0	0	0	0	0	0	2	1	0	0	0	0	1	2	0	0	0	1	0	0	2	0	0
126249	17 Oct 25	04:13:00	1	0	60	0	Ct	0	0	0	1	0	0	2	0	0	0	0	0	0	0	0	0	0	2	0	0	0	1	0	2	0	0	0	0	2	0	1	2	0	0
126250	17 Oct 25	04:14:00	1	0	60	0	Ct	0	0	0	0	0	0	0	0	0	0	0	0	0	0	1	0	0	1	3	0	0	1	0	1	4	0	1	0	1	0	1	1	0	0
126251	17 Oct 25	04:15:00	1	0	60	0	Ct	0	0	0	3	0	0	2	0	0	0	0	0	0	0	2	0	0	2	0	0	0	0	0	1	6	0	1	0	0	0	0	3	0	0
126252	17 Oct 25	04:16:00	1	0	60	0	Ct	0	0	0	1	0	0	2	0	0	0	0	0	0	0	1	0	0	2	0	0	0	1	0	4	1	0	2	0	1	0	1	1	0	0
126253	17 Oct 25	04:17:00	1	0	60	0	Ct	0	0	0	0	0	0	2	0	0	0	0	0	0	0	0	0	0	2	0	0	1	1	0	0	1	0	0	0	0	0	0	2	0	0
126254	17 Oct 25	04:18:00	1	0	60	0	Ct	0	0	0	0	0	0	0	0	0	0	0	0	0	0	0	0	0	2	0	0	0	1	0	2	1	0	0	0	0	0	0	1	0	0
126255	17 Oct 25	04:19:00	1	0	60	0	Ct	0	0	0	0	0	0	0	0	0	0	0	0	0	0	0	0	0	1	0	0	0	1	0	1	1	0	0	0	0	2	0	1	0	1
126256	17 Oct 25	04:20:00	1	0	60	0	Ct	0	0	0	0	0	0	2	0	0	0	0	0	1	0	0	0	0	1	0	0	0	0	0	2	0	0	0	0	0	0	0	4	0	4
126257	17 Oct 25	04:21:00	1	0	60	0	Ct	0	0	0	0	0	0	3	0	0	0	0	0	0	0	0	0	0	1	1	0	0	0	0	2	2	0	0	0	0	0	1	1	0	2
126258	17 Oct 25	04:22:00	1	0	60	0	Ct	0	0	0	0	0	0	2	0	0	0	0	0	0	0	0	0	0	1	1	0	0	0	0	1	1	0	2	0	0	0	1	0	0	4
126259	17 Oct 25	04:23:00	1	0	60	0	Ct	0	0	0	0	0	0	3	0	0	0	0	0	2	0	0	0	0	0	1	0	0	0	0	0	1	0	3	0	0	0	1	1	0	1
126260	17 Oct 25	04:24:00	1	0	60	0	Ct	0	0	0	0	0	0	2	0	0	0	0	0	0	0	0	0	0	3	1	0	0	0	0	0	3	0	0	0	0	0	2	2	0	4
126261	17 Oct 25	04:25:00	1	0	60	0	Ct	0	0	0	0	0	0	2	0	0	0	0	0	0	0	0	0	0	1	2	0	0	1	0	1	2	0	1	0	0	0	0	0	0	4
126262	17 Oct 25	04:26:00	1	0	60	0	Ct	0	0	0	0	0	0	1	0	0	0	0	0	3	0	0	0	0	1	1	0	0	1	0	1	0	0	1	0	0	0	1	0	0	3
126263	17 Oct 25	04:27:00	1	0	60	0	Ct	0	0	0	0	0	0	2	0	0	0	0	0	3	0	0	0	0	1	1	0	0	0	0	1	0	0	1	0	0	0	0	0	0	1
126264	17 Oct 25	04:28:00	1	0	60	0	Ct	0	0	0	0	0	0	3	0	0	0	0	0	4	0	0	0	0	1	1	0	0	0	0	3	0	0	2	0	0	0	0	0	0	2
126265	17 Oct 25	04:29:00	1	0	60	0	Ct	0	0	0	0	0	0	2	0	0	0	0	0	0	0	0	0	0	2	1	0	0	0	0	0	1	0	0	0	0	0	0	0	0	4
126266	17 Oct 25	04:30:00	1	0	60	0	Ct	0	0	0	0	0	0	0	0	0	0	0	0	2	0	0	0	0	2	1	0	0	2	0	2	1	0	1	0	0	0	0	0	0	3
126267	17 Oct 25	04:31:00	1	0	60	0	Ct	0	0	0	0	0	0	0	0	0	0	0	0	0	0	0	0	0	0	0	0	0	1	0	2	1	0	1	0	0	0	0	0	0	0
126268	17 Oct 25	04:32:00	1	0	60	0	Ct	0	0	0	0	0	0	0	0	0	0	0	0	0	0	0	0	0	0	1	0	0	1	0	2	2	0	1	0	0	0	0	0	0	0
126269	17 Oct 25	04:33:00	1	0	60	0	Ct	0	0	2	0	0	0	0	0	0	0	0	0	0	0	0	0	0	2	0	0	0	2	0	2	0	0	1	0	0	0	1	0	0	1
126270	17 Oct 25	04:34:00	1	0	60	0	Ct	0	0	0	0	0	0	0	0	0	0	0	0	0	0	0	0	0	1	1	0	1	0	0	0	0	0	0	0	0	0	2	0	0	1
126271	17 Oct 25	04:35:00	1	0	60	0	Ct	0	0	0	0	0	0	0	0	0	0	0	0	0	0	0	0	0	1	1	0	2	0	0	2	1	0	0	0	0	0	3	0	0	1
126272	17 Oct 25	04:36:00	1	0	60	0	Ct	0	0	0	0	0	0	0	0	0	0	0	0	0	0	0	0	0	2	1	0	0	0	0	2	1	0	0	0	0	0	0	0	0	3
126273	17 Oct 25	04:37:00	1	0	60	0	Ct	0	0	0	0	0	0	0	0	0	0	0	0	0	0	0	0	0	0	2	0	0	0	0	1	1	0	0	0	0	0	1	0	0	1
126274	17 Oct 25	04:38:00	1	0	60	0	Ct	0	0	0	0	0	0	0	0	0	0	0	0	0	0	0	0	0	2	1	0	0	0	0	1	5	0	0	0	0	0	1	0	0	2
126275	17 Oct 25	04:39:00	1	0	60	0	Ct	0	0	0	0	0	0	0	0	0	0	0	0	4	1	0	0	0	2	2	0	0	0	0	2	0	0	1	0	0	0	0	0	0	2
126276	17 Oct 25	04:40:00	1	0	60	0	Ct	0	0	0	0	0	0	0	0	0	0	0	0	0	1	0	0	0	1	1	0	0	0	0	1	1	0	1	0	0	0	2	0	0	1
126277	17 Oct 25	04:41:00	1	0	60	0	Ct	0	0	2	0	0	0	0	0	0	0	0	0	3	1	0	0	0	2	6	0	0	0	0	2	1	0	1	0	0	0	0	0	0	1
126278	17 Oct 25	04:42:00	1	0	60	0	Ct	0	0	0	0	0	0	0	0	0	0	0	0	0	0	0	0	0	1	1	0	0	0	0	1	0	2	1	0	0	0	0	0	0	1
126279	17 Oct 25	04:43:00	1	0	60	0	Ct	0	0	0	0	0	0	0	0	0	0	0	0	0	0	0	0	0	2	0	0	0	3	0	2	0	0	2	0	0	0	0	0	0	0
126280	17 Oct 25	04:44:00	1	0	60	0	Ct	0	0	0	0	0	0	0	0	0	0	0	0	0	5	0	0	0	1	2	0	3	1	0	2	0	0	2	0	0	0	0	0	0	0
126281	17 Oct 25	04:45:00	1	0	60	0	Ct	0	0	0	0	0	0	0	0	0	0	0	0	0	1	0	0	0	0	0	0	0	0	0	1	0	10	2	0	0	0	0	0	0	0
126282	17 Oct 25	04:46:00	1	0	60	0	Ct	0	0	0	0	0	0	0	0	0	0	0	0	1	2	0	0	0	2	0	0	2	1	0	2	0	0	1	0	0	0	1	0	0	0
126283	17 Oct 25	04:47:00	1	0	60	0	Ct	0	0	0	0	0	0	0	0	0	0	0	0	0	7	0	0	0	1	1	0	0	1	0	4	0	1	1	0	0	0	1	0	0	0
126284	17 Oct 25	04:48:00	1	0	60	0	Ct	0	0	0	0	0	0	0	0	0	0	0	0	0	0	0	0	0	1	2	0	0	0	0	8	0	1	2	0	0	0	1	0	0	0
126285	17 Oct 25	04:49:00	1	0	60	0	Ct	0	0	0	0	0	0	0	0	0	0	0	0	0	1	0	0	0	0	0	0	0	0	0	1	0	0	1	0	0	0	0	0	0	0
126286	17 Oct 25	04:50:00	1	0	60	0	Ct	0	0	0	0	0	0	0	0	0	0	0	0	0	1	0	0	0	1	0	0	0	0	0	3	2	0	1	0	0	0	1	0	0	0
126287	17 Oct 25	04:51:00	1	0	60	0	Ct	0	0	0	0	0	0	0	0	0	0	0	0	3	1	0	0	0	2	0	0	0	1	0	0	2	0	2	0	0	0	0	0	0	0
126288	17 Oct 25	04:52:00	1	0	60	0	Ct	0	0	1	0	0	0	0	0	0	0	0	0	0	1	0	0	0	1	0	0	0	0	0	0	1	0	1	0	0	0	1	0	0	0
126289	17 Oct 25	04:53:00	1	0	60	0	Ct	0	0	2	0	0	0	0	0	0	0	0	1	0	0	0	0	0	0	0	0	0	0	0	0	0	0	1	0	0	0	0	0	0	1
126290	17 Oct 25	04:54:00	1	0	60	0	Ct	0	0	0	0	0	0	0	0	0	0	0	1	0	1	0	0	0	0	1	0	0	1	0	0	0	0	3	0	0	0	1	0	0	0
126291	17 Oct 25	04:55:00	1	0	60	0	Ct	0	0	0	0	0	0	0	2	0	0	0	2	0	3	0	0	0	1	1	0	0	3	0	0	0	0	1	0	0	0	0	0	0	0
126292	17 Oct 25	04:56:00	1	0	60	0	Ct	0	0	0	0	0	0	0	2	0	0	0	0	2	2	0	0	0	3	1	0	0	2	0	0	2	0	1	0	0	0	1	0	0	1
126293	17 Oct 25	04:57:00	1	0	60	0	Ct	0	0	2	0	0	0	0	5	0	0	0	3	2	1	0	0	0	0	1	0	0	0	0	0	0	0	1	0	0	0	1	0	0	0
126294	17 Oct 25	04:58:00	1	0	60	0	Ct	0	0	0	0	0	0	0	1	0	0	0	0	4	0	0	0	0	0	1	0	0	1	0	0	1	0	1	0	0	0	1	0	0	0
126295	17 Oct 25	04:59:00	1	0	60	0	Ct	0	0	2	0	0	0	0	0	0	0	0	0	2	0	0	0	0	0	4	0	0	1	0	0	0	0	2	0	0	0	0	0	0	0
126296	17 Oct 25	05:00:00	1	0	60	0	Ct	0	0	0	0	0	0	0	0	0	0	0	0	0	0	0	0	0	0	0	0	0	0	0	0	1	0	1	0	0	0	0	0	0	1
126297	17 Oct 25	05:01:00	1	0	60	0	Ct	0	0	0	0	0	0	0	0	0	0	0	0	0	0	0	0	0	0	0	0	0	0	0	0	4	0	1	0	0	0	0	0	0	0
126298	17 Oct 25	05:02:00	1	0	60	0	Ct	0	0	0	0	0	0	0	0	0	0	0	0	0	0	0	0	0	0	1	0	0	0	0	0	7	0	2	0	0	0	0	0	0	1
126299	17 Oct 25	05:03:00	1	0	60	0	Ct	0	0	0	0	0	0	0	0	0	0	0	0	0	0	0	0	0	2	0	0	0	0	0	0	0	0	1	0	0	0	0	0	0	0
126300	17 Oct 25	05:04:00	1	0	60	0	Ct	0	0	0	0	0	0	0	0	0	0	0	0	3	0	0	0	0	4	0	0	0	0	0	0	0	0	1	0	0	0	0	0	0	4
126301	17 Oct 25	05:05:00	1	0	60	0	Ct	0	0	0	0	0	0	0	0	0	0	0	0	4	0	0	2	0	2	1	0	0	0	0	0	2	0	1	0	0	0	1	0	0	6
126302	17 Oct 25	05:06:00	1	0	60	0	Ct	0	0	0	0	0	0	0	0	0	0	0	0	0	0	0	0	0	2	0	0	0	0	0	0	0	0	1	0	0	0	0	0	0	1
126303	17 Oct 25	05:07:00	1	0	60	0	Ct	0	0	0	0	0	0	0	0	0	0	0	0	0	0	0	2	0	2	0	0	0	0	0	0	1	0	0	0	0	0	0	0	0	0
126304	17 Oct 25	05:08:00	1	0	60	0	Ct	0	0	0	0	0	0	0	0	0	0	0	0	1	0	0	0	0	0	0	0	0	0	0	0	1	0	2	0	0	0	0	0	0	0
126305	17 Oct 25	05:09:00	1	0	60	0	Ct	0	0	0	0	0	0	0	0	0	0	0	0	0	2	0	3	0	0	0	0	0	0	0	0	1	0	2	0	0	0	2	0	0	0
126306	17 Oct 25	05:10:00	1	0	60	0	Ct	0	0	0	0	0	0	0	0	0	0	0	0	3	0	0	2	0	0	0	0	0	1	0	0	1	0	0	0	0	0	0	0	0	0
126307	17 Oct 25	05:11:00	1	0	60	0	Ct	0	0	0	0	0	0	0	0	0	0	0	0	0	0	0	0	0	0	0	0	0	1	0	0	0	0	3	0	0	0	0	0	0	0
126308	17 Oct 25	05:12:00	1	0	60	0	Ct	0	0	0	0	0	0	0	0	0	0	0	0	0	0	0	0	0	0	0	0	0	0	0	0	0	0	1	0	0	0	0	0	0	0
126309	17 Oct 25	05:13:00	1	0	60	0	Ct	0	0	0	0	0	0	0	2	0	0	0	0	0	0	0	0	0	2	0	0	0	4	0	0	0	0	2	0	0	0	0	0	0	0
126310	17 Oct 25	05:14:00	1	0	60	0	Ct	0	0	0	0	0	0	0	0	0	0	0	0	0	0	0	0	0	2	0	0	0	1	0	0	0	0	1	0	0	0	1	0	0	0
126311	17 Oct 25	05:15:00	1	0	60	0	Ct	0	0	0	0	0	0	0	0	0	0	0	0	1	0	0	0	0	0	0	0	0	2	0	0	0	0	1	0	0	0	0	0	0	0
126312	17 Oct 25	05:16:00	1	0	60	0	Ct	0	0	0	0	0	0	0	0	0	0	0	0	0	0	0	0	0	0	0	0	0	6	0	0	0	0	1	0	0	0	0	0	0	0
126313	17 Oct 25	05:17:00	1	0	60	0	Ct	0	0	0	0	0	0	0	0	0	0	0	0	0	0	0	0	0	0	0	0	0	0	0	0	0	0	2	0	0	0	0	0	0	0
126314	17 Oct 25	05:18:00	1	0	60	0	Ct	0	0	0	0	0	0	0	0	0	0	0	0	1	0	0	0	0	0	0	0	0	0	0	0	0	3	1	0	0	1	0	0	0	0
126315	17 Oct 25	05:19:00	1	0	60	0	Ct	0	0	0	0	0	0	0	0	0	0	0	0	2	0	0	0	0	0	2	0	0	1	0	0	0	0	1	0	0	3	0	0	0	0
126316	17 Oct 25	05:20:00	1	0	60	0	Ct	0	0	0	0	0	0	0	0	0	0	0	0	0	0	0	0	0	0	0	0	0	1	0	0	0	0	1	0	0	0	0	0	0	0
126317	17 Oct 25	05:21:00	1	0	60	0	Ct	0	0	0	0	0	0	0	0	0	0	0	0	0	0	0	0	0	0	2	0	0	0	0	0	0	0	0	0	0	0	0	0	0	0
126318	17 Oct 25	05:22:00	1	0	60	0	Ct	0	0	0	0	0	0	0	0	0	0	0	0	0	0	0	0	0	0	1	0	0	0	0	0	0	0	2	0	0	0	0	0	0	0
126319	17 Oct 25	05:23:00	1	0	60	0	Ct	0	0	0	0	0	0	0	0	0	0	0	0	0	0	0	0	0	1	1	0	0	0	0	0	1	0	1	0	0	0	0	0	0	0
126320	17 Oct 25	05:24:00	1	0	60	0	Ct	0	0	0	0	0	0	0	0	0	0	0	0	0	0	0	0	0	0	1	0	0	1	0	0	1	0	2	0	0	2	1	0	0	1
126321	17 Oct 25	05:25:00	1	0	60	0	Ct	0	0	0	0	0	0	0	0	0	0	0	0	0	0	0	0	0	4	1	0	0	1	0	0	2	0	2	0	0	3	2	1	0	5
126322	17 Oct 25	05:26:00	1	0	60	0	Ct	0	0	0	0	0	0	0	0	0	0	0	0	0	0	0	0	0	0	0	0	0	0	0	0	0	0	1	0	0	2	0	1	0	5
126323	17 Oct 25	05:27:00	1	0	60	0	Ct	0	0	1	0	0	0	0	0	0	0	0	0	0	0	0	0	0	0	1	0	0	0	0	0	0	0	1	0	0	0	1	1	0	3
126324	17 Oct 25	05:28:00	1	0	60	0	Ct	0	0	1	0	0	0	0	0	0	0	0	0	1	0	0	0	0	0	0	0	0	0	0	0	0	0	1	0	0	2	1	7	0	0
126325	17 Oct 25	05:29:00	1	0	60	0	Ct	0	0	0	0	0	0	0	0	0	0	0	0	0	0	0	0	0	0	2	0	0	0	0	0	0	0	3	0	0	0	0	4	0	1
126326	17 Oct 25	05:30:00	1	0	60	0	Ct	0	0	0	0	0	0	0	0	0	0	0	0	1	0	0	0	0	0	0	0	0	3	0	0	0	0	1	0	0	2	0	0	0	5
126327	17 Oct 25	05:31:00	1	0	60	0	Ct	0	0	3	0	0	0	0	0	0	0	0	0	1	0	0	0	0	0	2	0	0	1	0	0	0	0	1	0	0	4	0	0	0	0
126328	17 Oct 25	05:32:00	1	0	60	0	Ct	0	0	1	0	0	0	0	0	0	0	0	0	2	0	0	0	0	0	0	0	0	1	0	0	0	0	1	0	0	0	0	0	0	3
126329	17 Oct 25	05:33:00	1	0	60	0	Ct	0	0	0	0	0	0	0	0	0	0	0	0	2	0	0	0	0	0	0	0	0	2	0	0	0	0	2	0	0	0	0	0	0	4
126330	17 Oct 25	05:34:00	1	0	60	0	Ct	0	0	2	0	0	0	0	0	0	0	0	0	0	0	0	0	0	0	0	0	0	1	0	0	0	0	4	0	0	0	0	0	0	0
126331	17 Oct 25	05:35:00	1	0	60	0	Ct	0	0	2	2	0	0	0	0	0	0	0	0	2	0	0	0	0	4	0	0	0	0	0	0	0	0	1	0	0	3	0	0	0	0
126332	17 Oct 25	05:36:00	1	0	60	0	Ct	0	0	0	3	0	0	0	0	0	0	0	0	0	0	0	0	0	2	2	0	0	0	0	0	0	0	1	0	0	0	0	0	0	0
126333	17 Oct 25	05:37:00	1	0	60	0	Ct	0	0	2	2	0	0	0	0	0	0	0	0	0	0	0	0	0	4	0	0	0	0	0	0	0	0	1	0	0	0	0	0	0	0
126334	17 Oct 25	05:38:00	1	0	60	0	Ct	0	0	0	0	0	0	0	0	0	0	0	0	0	0	0	0	0	2	1	0	0	0	0	0	0	0	1	0	0	0	0	1	0	0
126335	17 Oct 25	05:39:00	1	0	60	0	Ct	0	0	1	0	0	0	0	0	0	0	0	0	0	0	0	0	0	4	1	0	0	0	0	0	0	0	0	0	0	0	0	0	0	0
126336	17 Oct 25	05:40:00	1	0	60	0	Ct	0	0	0	5	0	0	0	0	0	0	0	1	1	0	0	0	0	4	2	0	0	1	0	0	0	0	2	0	0	0	0	0	0	0
126337	17 Oct 25	05:41:00	1	0	60	0	Ct	0	0	0	2	0	0	0	0	0	0	0	4	1	0	0	0	0	4	1	0	0	1	0	0	0	0	0	0	0	0	0	0	0	0
126338	17 Oct 25	05:42:00	1	0	60	0	Ct	0	0	0	0	0	0	0	0	0	0	0	0	1	0	0	0	0	3	17	0	0	2	0	0	0	0	1	0	0	0	0	0	0	0
126339	17 Oct 25	05:43:00	1	0	60	0	Ct	0	0	0	0	0	0	0	0	0	0	0	2	2	0	0	0	0	4	3	0	0	0	0	0	2	0	0	0	0	0	0	0	0	0
126340	17 Oct 25	05:44:00	1	0	60	0	Ct	0	0	0	0	0	0	0	0	0	0	0	2	1	0	0	0	0	2	0	0	0	0	0	0	0	0	1	0	0	0	0	0	0	0
126341	17 Oct 25	05:45:00	1	0	60	0	Ct	0	0	0	0	0	0	0	0	0	0	0	1	2	0	0	0	0	2	1	0	0	0	0	0	0	0	1	0	0	0	0	1	0	0
126342	17 Oct 25	05:46:00	1	0	60	0	Ct	0	0	0	0	0	0	0	0	0	0	0	2	5	1	0	0	0	2	1	0	0	0	0	0	0	0	2	0	0	3	0	0	0	0
126343	17 Oct 25	05:47:00	1	0	60	0	Ct	0	0	0	0	0	0	0	0	0	0	0	1	0	1	0	0	0	3	0	0	0	0	0	0	0	0	0	0	0	0	0	0	0	0
126344	17 Oct 25	05:48:00	1	0	60	0	Ct	0	0	0	0	0	0	0	0	0	0	0	2	0	0	0	0	0	3	1	0	0	1	0	0	0	0	0	0	0	0	0	0	0	0
126345	17 Oct 25	05:49:00	1	0	60	0	Ct	0	0	0	0	0	0	0	0	0	0	0	0	0	3	0	0	0	3	1	0	0	0	0	0	0	0	0	0	0	0	0	0	0	0
126346	17 Oct 25	05:50:00	1	0	60	0	Ct	0	0	0	0	0	0	0	0	0	0	0	5	0	1	0	0	0	1	2	0	0	2	0	0	0	0	0	0	0	0	0	0	0	0
126347	17 Oct 25	05:51:00	1	0	60	0	Ct	0	0	0	0	0	0	0	0	0	0	0	5	5	0	0	0	0	1	1	0	0	0	0	0	0	0	2	0	0	0	0	0	0	0
126348	17 Oct 25	05:52:00	1	0	60	0	Ct	0	0	0	0	0	0	0	0	0	0	0	0	0	0	0	0	0	2	1	0	0	0	0	0	0	0	0	0	0	2	0	0	0	0
126349	17 Oct 25	05:53:00	1	0	60	0	Ct	0	0	0	0	0	15	0	0	0	0	0	0	0	0	0	0	0	2	1	0	0	0	0	0	0	0	1	0	0	0	0	0	0	0
126350	17 Oct 25	05:54:00	1	0	60	0	Ct	0	0	0	0	0	3	0	0	0	0	0	0	1	0	0	0	0	2	1	0	0	0	0	0	0	0	3	0	0	0	0	1	0	0
126351	17 Oct 25	05:55:00	1	0	60	0	Ct	0	0	0	0	0	0	0	0	0	0	0	0	1	0	0	0	0	2	0	0	0	0	0	0	0	0	0	0	0	0	0	0	0	0
126352	17 Oct 25	05:56:00	1	0	60	0	Ct	0	0	0	0	0	0	0	0	0	0	0	0	1	0	0	0	0	1	0	0	0	1	0	0	0	0	0	0	0	0	0	5	0	0
126353	17 Oct 25	05:57:00	1	0	60	0	Ct	0	0	0	0	0	0	0	0	0	0	0	0	1	0	0	0	0	1	0	0	0	2	0	0	0	0	1	0	0	0	0	0	0	0
126354	17 Oct 25	05:58:00	1	0	60	0	Ct	0	0	0	0	0	0	0	0	0	0	0	1	1	0	0	0	0	1	1	0	0	0	0	0	0	0	0	0	0	0	0	0	0	0
126355	17 Oct 25	05:59:00	1	0	60	0	Ct	0	0	0	0	0	0	0	0	0	0	0	0	3	0	0	0	0	3	2	0	0	0	0	0	0	0	0	0	0	0	0	0	0	0
126356	17 Oct 25	06:00:00	1	0	60	0	Ct	0	0	0	0	0	0	0	0	0	0	0	0	15	0	0	0	0	2	1	0	0	0	0	0	0	0	0	0	0	0	0	0	0	0
126357	17 Oct 25	06:01:00	1	0	60	0	Ct	0	0	0	0	0	0	0	0	0	0	0	0	0	0	0	0	0	2	0	0	0	0	0	0	0	0	0	0	0	6	0	2	0	0
126358	17 Oct 25	06:02:00	1	0	60	0	Ct	0	0	0	0	0	0	0	0	0	0	0	0	0	2	0	0	0	3	2	0	0	2	0	0	0	0	0	0	0	2	0	10	0	0
126359	17 Oct 25	06:03:00	1	0	60	0	Ct	0	0	0	0	0	0	0	0	0	0	0	0	0	0	0	0	0	2	0	0	0	2	0	0	0	0	0	0	0	0	0	1	0	0
126360	17 Oct 25	06:04:00	1	0	60	0	Ct	0	0	0	0	0	0	0	0	0	0	0	0	0	0	0	0	0	1	0	0	0	1	0	0	0	0	0	0	0	0	0	0	0	0
126361	17 Oct 25	06:05:00	1	0	60	0	Ct	0	0	0	0	0	0	0	0	0	0	0	0	0	0	0	0	1	2	0	0	0	0	0	0	0	0	1	0	0	0	0	0	0	0
126362	17 Oct 25	06:06:00	1	0	60	0	Ct	0	0	0	0	0	0	0	0	0	0	0	0	0	0	0	0	3	2	0	0	0	1	0	0	0	0	0	0	0	0	0	0	0	0
126363	17 Oct 25	06:07:00	1	0	60	0	Ct	0	0	0	0	0	0	0	0	0	0	0	0	0	0	0	0	0	2	1	0	0	1	0	0	0	0	0	0	0	0	0	0	0	0
126364	17 Oct 25	06:08:00	1	0	60	0	Ct	0	0	0	0	0	0	0	0	0	0	0	0	2	0	0	0	0	2	0	0	0	1	0	0	0	0	0	0	0	0	0	0	0	0
126365	17 Oct 25	06:09:00	1	0	60	0	Ct	0	0	0	0	0	0	0	0	0	0	0	0	1	0	0	0	0	2	1	0	0	0	0	0	0	0	0	0	0	0	0	0	0	0
126366	17 Oct 25	06:10:00	1	0	60	0	Ct	0	0	1	0	0	0	0	0	0	0	0	0	1	0	0	0	3	2	0	0	0	1	0	0	0	0	0	0	0	0	0	0	0	0
126367	17 Oct 25	06:11:00	1	0	60	0	Ct	0	0	1	0	0	0	0	0	0	0	0	0	0	0	0	0	3	1	1	0	0	1	0	0	0	0	0	0	0	0	0	0	0	0
126368	17 Oct 25	06:12:00	1	0	60	0	Ct	0	0	2	0	0	0	0	0	0	0	0	0	1	0	0	0	4	2	2	0	0	0	0	0	0	0	0	0	1	0	0	0	0	0
126369	17 Oct 25	06:13:00	1	0	60	0	Ct	0	0	0	0	0	0	0	0	0	0	0	0	2	0	0	0	1	1	1	0	0	1	0	0	0	0	0	0	1	0	0	0	0	0
126370	17 Oct 25	06:14:00	1	0	60	0	Ct	0	0	1	0	0	0	0	0	0	0	0	0	1	0	0	0	0	1	2	0	0	3	0	0	0	0	0	0	0	0	0	0	0	0
126371	17 Oct 25	06:15:00	1	0	60	0	Ct	0	0	0	0	0	0	0	0	0	0	0	0	1	0	0	0	0	2	0	0	0	0	0	0	0	0	0	0	0	0	0	0	0	0
126372	17 Oct 25	06:16:00	1	0	60	0	Ct	0	0	0	0	0	0	0	0	0	0	0	0	1	0	0	0	0	2	1	0	0	0	0	0	0	0	0	0	0	0	0	0	0	0
126373	17 Oct 25	06:17:00	1	0	60	0	Ct	0	0	0	0	0	0	0	0	0	0	0	1	2	0	0	0	0	1	0	0	0	2	0	0	0	0	0	0	0	0	0	0	0	0
126374	17 Oct 25	06:18:00	1	0	60	0	Ct	0	0	1	0	0	0	0	0	0	0	0	0	0	0	0	0	0	0	1	0	0	1	0	0	0	0	0	0	0	0	0	0	0	0
126375	17 Oct 25	06:19:00	1	0	60	0	Ct	0	0	8	0	0	0	0	0	0	0	0	3	2	0	0	0	0	1	1	0	0	1	0	0	0	0	0	0	0	3	0	0	0	0
126376	17 Oct 25	06:20:00	1	0	60	0	Ct	0	0	0	0	0	0	0	0	0	0	0	3	1	0	0	0	0	2	1	0	0	0	0	0	0	0	1	0	0	0	0	0	0	0
126377	17 Oct 25	06:21:00	1	0	60	0	Ct	0	0	0	0	0	0	0	0	0	0	0	2	2	0	0	0	0	1	0	0	0	0	0	0	0	0	2	0	0	0	0	0	0	0
126378	17 Oct 25	06:22:00	1	0	60	0	Ct	0	0	0	0	0	0	0	0	0	0	0	3	0	0	0	0	0	1	2	0	0	0	0	0	0	0	0	0	0	0	0	0	0	0
126379	17 Oct 25	06:23:00	1	0	60	0	Ct	0	0	0	0	0	0	0	0	0	0	0	2	1	0	0	0	0	1	1	0	0	0	0	0	0	0	0	0	0	0	0	0	0	0
126380	17 Oct 25	06:24:00	1	0	60	0	Ct	0	0	0	0	0	0	0	0	0	0	0	2	1	0	0	0	0	2	2	0	0	0	0	0	0	0	0	0	0	0	0	0	0	0
126381	17 Oct 25	06:25:00	1	0	60	0	Ct	0	0	0	0	0	0	0	0	0	0	0	1	2	0	0	0	0	2	0	0	0	0	0	0	0	0	0	0	0	0	0	0	0	0
126382	17 Oct 25	06:26:00	1	0	60	0	Ct	0	0	0	0	0	0	0	0	0	0	0	2	0	0	0	0	0	2	1	0	0	0	0	0	0	0	0	0	0	0	0	0	0	0
126383	17 Oct 25	06:27:00	1	0	60	0	Ct	0	0	0	0	0	0	0	0	0	0	0	0	1	0	0	0	0	1	2	0	0	0	0	0	0	0	0	0	2	3	0	0	0	0
126384	17 Oct 25	06:28:00	1	0	60	0	Ct	0	0	0	0	0	0	0	0	0	0	0	2	0	0	0	0	0	1	0	0	0	0	0	0	0	0	0	0	0	0	0	0	0	0
126385	17 Oct 25	06:29:00	1	0	60	0	Ct	0	0	0	0	0	0	0	2	0	0	0	2	0	0	0	0	0	2	0	0	0	0	0	0	0	0	0	0	0	0	0	0	0	0
126386	17 Oct 25	06:30:00	1	0	60	0	Ct	0	0	0	0	0	0	0	0	0	0	0	2	1	0	0	0	0	2	0	0	0	0	0	0	0	0	0	0	0	0	0	0	0	0
126387	17 Oct 25	06:31:00	1	0	60	0	Ct	0	0	0	0	0	0	0	0	0	0	0	2	2	0	0	0	0	3	0	0	0	0	0	0	0	0	0	0	0	0	0	0	0	0
126388	17 Oct 25	06:32:00	1	0	60	0	Ct	0	0	0	0	0	0	0	2	0	0	0	1	1	0	0	0	0	2	0	0	0	0	0	0	0	0	0	0	0	0	0	0	0	0
126389	17 Oct 25	06:33:00	1	0	60	0	Ct	0	0	0	0	0	0	0	0	0	0	0	2	3	0	0	0	3	1	0	0	0	0	0	0	0	0	0	0	0	0	0	0	0	0
126390	17 Oct 25	06:34:00	1	0	60	0	Ct	0	0	0	0	0	0	0	0	0	0	0	1	1	0	0	0	1	1	0	0	0	0	0	0	1	0	0	0	0	0	0	0	0	0
126391	17 Oct 25	06:35:00	1	0	60	0	Ct	0	0	0	0	0	0	0	0	0	0	0	4	0	0	0	0	3	2	0	0	0	0	0	0	2	0	0	0	0	0	0	0	0	0
126392	17 Oct 25	06:36:00	1	0	60	0	Ct	0	0	0	0	0	0	0	0	0	0	0	2	2	0	0	0	0	1	0	0	0	0	0	0	1	0	0	2	0	0	0	0	0	0
126393	17 Oct 25	06:37:00	1	0	60	0	Ct	0	0	0	0	0	0	0	0	0	0	0	2	1	0	0	0	0	2	0	0	0	0	0	0	1	0	0	1	0	1	0	0	0	0
126394	17 Oct 25	06:38:00	1	0	60	0	Ct	0	0	0	0	0	0	0	0	0	0	0	0	2	0	0	0	0	1	0	0	0	0	0	0	0	0	0	0	0	1	0	0	0	0
126395	17 Oct 25	06:39:00	1	0	60	0	Ct	0	0	0	0	0	0	0	0	0	0	0	1	0	0	0	0	2	1	0	0	0	0	0	0	0	0	0	0	0	1	0	0	0	0
126396	17 Oct 25	06:40:00	1	0	60	0	Ct	0	0	0	0	0	0	0	0	0	0	0	2	1	0	0	0	0	0	0	0	0	0	0	0	2	0	0	5	0	1	0	0	0	0
126397	17 Oct 25	06:41:00	1	0	60	0	Ct	0	0	0	0	0	0	1	0	0	0	0	0	1	0	0	0	1	1	0	0	0	2	0	0	2	0	0	0	0	1	0	0	0	0
126398	17 Oct 25	06:42:00	1	0	60	0	Ct	0	0	0	0	0	0	3	0	0	0	0	1	1	0	0	0	0	2	0	0	0	1	0	0	3	0	0	2	0	0	3	0	0	0
126399	17 Oct 25	06:43:00	1	0	60	0	Ct	0	0	0	0	0	0	3	0	0	0	0	1	2	0	0	0	0	1	0	0	0	1	0	0	1	0	0	2	0	1	1	0	0	0
126400	17 Oct 25	06:44:00	1	0	60	0	Ct	0	0	0	0	0	0	3	0	0	0	0	1	1	0	0	0	0	1	0	0	0	2	0	0	2	0	0	1	0	1	1	0	0	0
126401	17 Oct 25	06:45:00	1	0	60	0	Ct	0	0	0	0	0	0	2	0	0	0	0	2	0	0	0	0	0	0	0	0	0	1	0	0	1	0	0	2	0	0	1	0	0	0
126402	17 Oct 25	06:46:00	1	0	60	0	Ct	0	0	0	0	0	0	2	3	0	0	0	0	0	0	0	0	0	0	0	0	0	2	0	0	2	0	0	3	0	1	1	0	0	0
126403	17 Oct 25	06:47:00	1	0	60	0	Ct	0	0	0	2	0	0	3	2	0	0	0	0	0	0	0	0	0	2	0	0	0	1	0	0	0	0	0	2	0	0	1	0	0	0
126404	17 Oct 25	06:48:00	1	0	60	0	Ct	0	0	0	0	0	0	1	0	0	0	0	38	1	0	0	0	0	2	0	0	0	1	0	0	0	0	0	4	0	1	0	0	0	0
126405	17 Oct 25	06:49:00	1	0	60	0	Ct	0	0	0	0	0	0	2	0	0	0	0	2	6	0	0	0	0	2	0	0	0	0	0	0	2	0	0	2	0	2	1	0	0	0
126406	17 Oct 25	06:50:00	1	0	60	0	Ct	0	0	0	0	0	0	2	0	0	0	0	0	2	0	0	2	0	1	0	0	0	2	0	0	2	0	0	2	0	0	1	0	0	0
126407	17 Oct 25	06:51:00	1	0	60	0	Ct	0	0	0	0	0	0	2	0	0	0	0	0	3	0	0	0	0	1	0	0	0	0	0	0	0	0	0	4	0	0	8	0	0	0
126408	17 Oct 25	06:52:00	1	0	60	0	Ct	0	0	1	0	0	0	3	0	0	0	0	0	0	0	0	0	0	1	1	0	0	0	0	0	1	0	0	2	0	0	3	0	0	0
126409	17 Oct 25	06:53:00	1	0	60	0	Ct	0	0	0	0	0	5	3	0	0	0	0	0	0	0	0	0	0	2	1	0	0	0	0	0	5	0	0	2	0	0	0	2	0	0
126410	17 Oct 25	06:54:00	1	0	60	0	Ct	0	0	1	0	0	0	2	0	0	0	0	0	3	0	0	0	0	2	3	0	0	0	0	0	3	0	0	3	0	0	0	0	0	0
126411	17 Oct 25	06:55:00	1	0	60	0	Ct	0	0	0	0	0	0	3	0	0	0	0	1	2	0	0	0	0	3	1	0	3	1	0	0	1	0	0	2	0	2	0	0	0	0
126412	17 Oct 25	06:56:00	1	0	60	0	Ct	0	0	2	0	0	0	1	0	0	0	0	0	1	0	0	0	0	4	2	0	0	1	0	0	3	0	0	3	0	0	0	0	0	0
126413	17 Oct 25	06:57:00	1	0	60	0	Ct	0	0	1	2	0	0	2	0	0	0	0	0	1	0	0	0	0	1	1	0	0	0	0	0	2	0	0	2	0	0	0	0	0	0
126414	17 Oct 25	06:58:00	1	0	60	0	Ct	0	0	1	0	0	0	2	0	0	0	0	0	1	0	0	0	0	0	1	0	0	1	0	0	1	0	0	4	0	0	0	0	0	0
126415	17 Oct 25	06:59:00	1	0	60	0	Ct	0	0	2	0	0	0	2	0	0	0	0	0	2	0	0	0	0	1	1	0	0	1	0	0	1	0	0	2	0	0	0	0	0	0
126416	17 Oct 25	07:00:00	1	0	60	0	Ct	0	0	1	0	0	0	1	0	0	0	0	0	1	0	0	0	0	2	1	0	0	3	0	0	2	0	0	2	0	0	5	2	0	0
126417	17 Oct 25	07:01:00	1	0	60	0	Ct	0	0	2	0	0	0	3	0	0	0	0	0	0	0	0	0	0	1	1	0	0	0	0	0	1	0	0	2	0	0	2	2	0	0
126418	17 Oct 25	07:02:00	1	0	60	0	Ct	0	0	0	0	0	0	4	4	0	0	0	0	3	0	0	0	0	2	1	0	0	1	0	0	2	0	0	1	0	2	0	1	0	0
126419	17 Oct 25	07:03:00	1	0	60	0	Ct	0	0	0	0	0	0	2	2	0	0	0	1	7	0	0	0	0	1	0	0	0	1	0	0	0	0	0	1	0	0	0	3	0	0
126420	17 Oct 25	07:04:00	1	0	60	0	Ct	0	0	1	0	2	0	1	3	0	0	0	2	0	0	0	0	0	2	3	0	0	0	0	0	2	0	0	2	0	2	0	1	0	0
126421	17 Oct 25	07:05:00	1	0	60	0	Ct	0	0	11	0	0	0	2	3	0	0	0	2	3	0	0	0	0	2	0	0	0	0	0	0	2	0	0	2	0	2	0	3	0	0
126422	17 Oct 25	07:06:00	1	0	60	0	Ct	0	0	2	0	0	0	1	3	0	0	0	2	1	0	0	0	0	1	2	0	0	0	0	0	2	0	0	2	0	1	0	4	0	0
126423	17 Oct 25	07:07:00	1	0	60	0	Ct	0	0	3	0	0	0	2	2	0	0	0	3	2	0	0	0	0	2	0	0	0	0	0	0	1	0	0	3	0	0	0	1	0	0
126424	17 Oct 25	07:08:00	1	0	60	0	Ct	0	0	1	0	1	0	1	4	0	0	0	1	1	0	0	0	0	1	1	0	0	1	0	0	1	0	0	1	0	1	0	2	0	0
126425	17 Oct 25	07:09:00	1	0	60	0	Ct	0	0	1	4	0	0	2	1	0	0	0	1	2	0	0	0	0	2	2	0	0	1	0	0	2	0	0	2	0	2	0	2	0	0
126426	17 Oct 25	07:10:00	1	0	60	0	Ct	0	0	0	2	2	0	3	3	0	0	0	2	2	0	0	0	0	2	1	0	0	0	0	0	4	0	0	3	0	0	0	0	0	0
126427	17 Oct 25	07:11:00	1	0	60	0	Ct	0	0	0	4	0	0	2	1	0	0	0	1	1	0	0	0	0	3	1	0	4	2	1	0	2	0	0	2	0	0	1	1	0	0
126428	17 Oct 25	07:12:00	1	0	60	0	Ct	0	0	0	2	0	0	3	2	0	0	0	0	1	0	0	0	0	3	1	0	1	0	3	0	1	0	0	2	0	1	2	2	0	0
126429	17 Oct 25	07:13:00	1	0	60	0	Ct	0	0	0	2	0	0	2	1	0	0	0	4	1	0	0	0	0	0	0	0	1	0	7	0	1	0	0	2	0	1	0	2	0	0
126430	17 Oct 25	07:14:00	1	0	60	0	Ct	0	0	0	1	0	0	1	1	0	0	0	1	1	0	0	0	0	2	1	0	2	2	0	0	1	0	0	1	0	1	1	2	0	0
126431	17 Oct 25	07:15:00	1	0	60	0	Ct	0	0	0	1	0	0	0	3	0	0	0	1	4	0	0	5	0	2	5	0	2	0	0	0	2	0	0	2	0	1	0	2	0	0
126432	17 Oct 25	07:16:00	1	0	60	0	Ct	0	0	0	4	0	0	2	1	0	0	0	1	1	0	0	0	0	2	0	0	2	1	0	0	3	0	0	2	0	1	0	2	0	0
126433	17 Oct 25	07:17:00	1	0	60	0	Ct	0	0	0	2	0	0	3	1	0	0	0	1	1	0	0	0	0	1	0	0	0	1	0	0	1	0	0	4	0	1	1	2	0	0
126434	17 Oct 25	07:18:00	1	0	60	0	Ct	0	0	0	1	0	0	2	2	0	0	0	1	1	0	0	1	0	2	0	0	2	3	0	0	0	0	0	2	0	2	0	2	0	0
126435	17 Oct 25	07:19:00	1	0	60	0	Ct	0	0	0	3	0	0	2	0	0	0	0	2	0	0	0	2	0	1	0	0	0	1	0	3	3	0	0	2	0	3	1	1	0	0
126436	17 Oct 25	07:20:00	1	0	60	0	Ct	0	0	0	3	0	0	3	1	0	0	0	2	1	0	0	1	0	0	0	0	0	1	0	2	1	0	0	3	0	2	3	3	0	0
126437	17 Oct 25	07:21:00	1	0	60	0	Ct	0	0	0	1	0	0	3	2	0	0	0	1	1	0	0	0	0	1	0	0	0	0	0	1	0	0	0	1	0	1	2	0	0	0
126438	17 Oct 25	07:22:00	1	0	60	0	Ct	0	0	0	1	0	0	1	2	0	0	0	0	2	0	0	2	0	1	0	0	0	2	0	3	7	0	4	2	0	0	4	1	0	0
126439	17 Oct 25	07:23:00	1	0	60	0	Ct	0	0	0	2	0	0	2	2	0	0	0	2	1	0	0	4	0	2	0	0	0	1	0	3	1	0	0	3	0	1	0	2	0	0
126440	17 Oct 25	07:24:00	1	0	60	0	Ct	0	0	0	2	0	0	3	1	0	0	0	1	2	0	0	3	0	2	0	0	0	0	0	2	1	0	2	2	0	1	0	1	0	0
126441	17 Oct 25	07:25:00	1	0	60	0	Ct	0	0	0	2	0	0	2	1	0	0	0	3	2	0	0	3	0	2	0	0	0	0	0	2	1	0	0	0	0	1	0	4	0	0
126442	17 Oct 25	07:26:00	1	0	60	0	Ct	0	0	0	2	0	0	1	2	0	0	0	1	0	0	0	3	2	3	4	0	0	0	0	2	0	0	0	2	0	0	0	2	0	0
126443	17 Oct 25	07:27:00	1	0	60	0	Ct	0	0	2	0	0	0	1	1	0	0	0	1	1	0	0	3	0	2	6	0	2	0	0	1	2	0	0	2	0	3	2	1	0	0
126444	17 Oct 25	07:28:00	1	0	60	0	Ct	0	0	2	2	0	0	0	1	0	0	0	0	0	0	0	2	0	2	3	0	0	1	0	2	2	0	0	2	0	2	0	2	0	0
126445	17 Oct 25	07:29:00	1	0	60	0	Ct	0	0	2	0	0	0	2	2	0	0	0	1	2	0	0	2	1	2	4	0	0	1	0	1	1	0	0	5	0	0	1	2	0	0
126446	17 Oct 25	07:30:00	1	0	60	0	Ct	0	0	0	2	1	0	1	2	0	0	0	2	0	0	0	3	1	3	2	0	0	0	0	2	2	0	0	3	2	1	0	3	0	0
126447	17 Oct 25	07:31:00	1	0	60	0	Ct	0	0	2	1	1	0	2	3	0	0	1	4	1	0	0	3	0	2	2	0	0	0	0	2	0	0	0	2	3	1	0	2	0	0
126448	17 Oct 25	07:32:00	1	0	60	0	Ct	0	0	1	0	0	0	2	2	0	0	1	0	2	0	0	1	0	3	0	0	3	0	0	2	0	0	0	1	0	2	0	1	0	0
126449	17 Oct 25	07:33:00	1	0	60	0	Ct	0	0	1	1	4	0	2	1	0	0	0	0	1	0	0	1	0	1	0	0	3	0	0	1	0	0	0	2	1	3	0	2	0	0
126450	17 Oct 25	07:34:00	1	0	60	0	Ct	0	0	1	2	3	0	1	1	0	0	2	0	2	0	0	2	2	1	0	0	2	1	0	1	1	0	0	3	2	1	0	2	0	0
126451	17 Oct 25	07:35:00	1	0	60	0	Ct	0	0	1	3	3	0	4	1	0	0	3	0	1	0	0	3	1	1	0	0	2	3	0	2	1	0	0	3	1	1	0	1	0	0
126452	17 Oct 25	07:36:00	1	0	60	0	Ct	0	0	1	1	2	0	2	1	0	0	2	0	0	0	0	3	1	1	0	0	2	1	0	4	0	0	0	5	1	1	0	1	0	0
126453	17 Oct 25	07:37:00	1	0	60	0	Ct	0	0	1	1	2	0	2	2	0	0	2	0	0	0	0	2	0	1	0	0	2	1	0	1	0	0	0	0	1	1	0	13	0	0
126454	17 Oct 25	07:38:00	1	0	60	0	Ct	0	0	0	2	4	0	2	2	0	0	2	10	2	1	0	1	1	1	0	0	2	1	0	2	1	0	0	2	1	2	0	5	0	0
126455	17 Oct 25	07:39:00	1	0	60	0	Ct	0	0	3	0	2	0	1	2	0	0	2	7	0	4	0	2	5	3	0	0	2	0	0	4	1	0	0	0	2	0	0	1	0	0
126456	17 Oct 25	07:40:00	1	0	60	0	Ct	0	0	1	1	3	0	2	1	0	0	2	0	1	0	0	3	1	2	0	0	3	0	3	1	0	0	0	1	1	1	0	1	0	0
126457	17 Oct 25	07:41:00	1	0	60	0	Ct	0	0	2	3	3	0	2	2	0	0	3	0	0	2	0	1	1	3	0	0	1	1	2	1	0	0	0	1	1	2	0	0	0	0
126458	17 Oct 25	07:42:00	1	0	60	0	Ct	0	0	1	0	2	0	1	0	0	0	1	0	3	2	0	3	2	1	0	0	3	1	4	3	3	0	0	2	1	1	0	1	0	0
126459	17 Oct 25	07:43:00	1	0	60	0	Ct	0	0	0	1	1	0	2	0	0	0	2	2	0	5	0	2	0	15	0	0	2	1	2	0	4	0	0	0	1	1	0	1	0	0
126460	17 Oct 25	07:44:00	1	0	60	0	Ct	0	0	0	1	2	0	1	0	0	0	2	0	5	2	0	2	2	2	0	0	2	1	8	3	1	0	0	2	0	1	0	2	0	1
126461	17 Oct 25	07:45:00	1	0	60	0	Ct	0	0	0	1	4	0	3	0	0	0	2	0	0	1	0	2	1	0	0	0	3	2	4	2	3	0	0	1	1	0	0	1	0	3
126462	17 Oct 25	07:46:00	1	0	60	0	Ct	0	0	0	1	2	0	2	0	0	0	1	0	0	2	0	1	0	2	0	0	2	0	1	3	1	0	0	2	1	2	0	1	0	0
126463	17 Oct 25	07:47:00	1	0	60	0	Ct	0	0	0	1	2	0	2	0	0	0	1	0	1	2	0	3	1	3	0	0	1	0	2	2	1	0	0	0	2	0	0	3	0	0
126464	17 Oct 25	07:48:00	1	0	60	0	Ct	0	0	0	1	2	0	2	3	0	0	1	1	1	3	0	2	1	1	0	0	2	0	3	0	1	0	0	0	0	2	0	1	0	0
126465	17 Oct 25	07:49:00	1	0	60	0	Ct	0	0	0	1	0	0	1	2	0	2	1	0	3	2	0	3	1	2	0	0	3	0	7	1	1	0	0	1	0	2	0	1	0	0
126466	17 Oct 25	07:50:00	1	0	60	0	Ct	0	0	0	2	2	0	1	2	0	0	1	0	1	2	0	2	1	3	0	0	1	1	4	1	1	0	1	2	2	2	0	0	0	0
126467	17 Oct 25	07:51:00	1	0	60	0	Ct	0	0	0	2	1	0	2	1	0	0	1	1	1	2	0	1	3	1	0	0	1	1	1	1	1	0	1	3	1	0	0	1	0	0
126468	17 Oct 25	07:52:00	1	0	60	0	Ct	0	0	0	1	2	0	1	1	0	0	3	0	0	2	0	0	0	0	0	0	1	0	4	1	2	0	3	3	0	2	0	1	0	0
126469	17 Oct 25	07:53:00	1	0	60	0	Ct	0	0	0	2	1	0	2	2	0	0	1	0	0	1	0	3	0	3	0	0	3	1	2	1	9	0	1	0	1	0	0	9	0	0
126470	17 Oct 25	07:54:00	1	0	60	0	Ct	0	0	0	2	2	0	4	1	0	0	2	4	0	3	0	2	3	3	3	0	4	1	3	1	1	0	2	3	11	5	0	1	0	0
126471	17 Oct 25	07:55:00	1	0	60	0	Ct	0	0	0	2	3	0	3	1	0	0	1	0	0	0	0	1	1	1	32	0	1	2	2	2	1	0	1	0	0	0	3	2	0	2
126472	17 Oct 25	07:56:00	1	0	60	0	Ct	0	0	0	1	5	0	1	2	0	0	1	0	0	2	0	1	0	2	1	0	0	1	2	1	2	0	2	0	0	2	0	2	0	1
126473	17 Oct 25	07:57:00	1	0	60	0	Ct	0	0	0	1	2	0	2	1	0	0	2	0	0	0	2	2	1	2	2	0	1	0	5	2	0	0	1	2	2	0	1	1	0	0
126474	17 Oct 25	07:58:00	1	0	60	0	Ct	0	0	0	0	1	0	0	1	0	0	2	0	1	1	0	5	1	1	2	0	2	0	5	1	2	0	1	1	0	1	1	9	2	0
126475	17 Oct 25	07:59:00	1	0	60	0	Ct	0	0	0	1	2	0	1	1	0	0	1	1	3	1	0	3	0	1	1	0	1	0	3	1	1	0	2	0	2	3	4	13	0	0
126476	17 Oct 25	08:00:00	1	0	60	0	Ct	0	0	0	1	2	0	1	2	0	0	1	5	1	0	2	0	0	4	1	0	1	0	10	0	2	0	0	3	1	1	0	11	2	3
126477	17 Oct 25	08:01:00	1	0	60	0	Ct	0	0	0	1	1	0	1	0	0	1	1	0	1	2	3	0	0	1	1	0	1	0	1	3	0	0	2	0	1	0	0	1	2	2
126478	17 Oct 25	08:02:00	1	0	60	0	Ct	0	0	0	1	1	0	2	0	0	3	2	0	3	0	3	3	0	7	2	0	2	1	1	1	2	0	3	2	2	2	2	2	3	0
126479	17 Oct 25	08:03:00	1	0	60	0	Ct	0	0	0	2	1	0	1	2	0	1	0	0	1	1	3	2	0	19	2	0	2	1	1	3	0	0	1	3	0	1	0	22	3	0
126480	17 Oct 25	08:04:00	1	0	60	0	Ct	0	0	3	2	2	0	2	4	0	1	1	0	1	2	3	2	0	0	2	0	2	0	1	1	0	0	1	2	1	0	0	7	1	0
126481	17 Oct 25	08:05:00	1	0	60	0	Ct	0	0	2	2	1	0	2	1	0	0	2	0	0	1	2	2	0	0	2	0	2	0	4	1	0	0	1	2	4	4	0	3	1	2
126482	17 Oct 25	08:06:00	1	0	60	0	Ct	0	0	3	0	1	0	1	1	0	0	0	0	2	5	3	2	0	2	1	0	0	2	2	0	1	0	0	2	15	1	0	2	3	3
126483	17 Oct 25	08:07:00	1	0	60	0	Ct	0	0	1	2	3	0	1	1	0	0	1	0	1	0	4	4	1	3	2	0	1	0	4	0	2	0	1	4	0	1	2	1	3	2
126484	17 Oct 25	08:08:00	1	0	60	0	Ct	0	0	0	1	1	0	1	2	0	0	1	0	0	0	2	2	3	1	1	0	2	0	3	0	0	0	1	0	0	1	0	2	3	4
126485	17 Oct 25	08:09:00	1	0	60	0	Ct	0	0	3	2	2	0	1	1	0	0	1	0	4	3	3	2	2	2	1	0	1	1	3	2	2	0	15	2	0	0	0	2	1	4
126486	17 Oct 25	08:10:00	1	0	60	0	Ct	0	0	0	0	3	0	0	2	0	0	2	0	14	2	1	1	0	5	2	0	0	1	2	1	3	0	1	3	0	0	0	3	3	1
126487	17 Oct 25	08:11:00	1	0	60	0	Ct	0	0	0	1	1	0	0	2	0	0	2	0	3	1	3	6	1	2	0	0	0	1	4	3	0	0	1	3	0	1	2	2	1	5
126488	17 Oct 25	08:12:00	1	0	60	0	Ct	0	0	0	1	1	0	0	1	0	0	2	0	3	1	4	1	3	3	1	0	0	0	2	1	2	0	1	2	0	1	2	0	3	2
126489	17 Oct 25	08:13:00	1	0	60	0	Ct	0	0	0	2	1	0	3	1	0	0	1	0	0	2	3	2	0	2	1	0	0	0	1	1	1	0	1	2	0	1	1	0	1	1
126490	17 Oct 25	08:14:00	1	0	60	0	Ct	0	0	0	0	1	0	3	2	0	0	2	0	0	1	4	2	1	2	1	0	0	0	3	3	1	0	1	3	0	1	1	3	2	0
126491	17 Oct 25	08:15:00	1	0	60	0	Ct	0	0	2	0	1	0	0	1	3	0	1	2	0	3	2	1	1	2	1	0	0	1	1	1	0	0	8	2	0	0	0	2	1	1
126492	17 Oct 25	08:16:00	1	0	60	0	Ct	0	0	2	0	3	0	0	1	0	0	1	0	0	0	2	2	1	1	2	0	0	1	1	2	2	0	1	3	0	2	0	1	2	0
126493	17 Oct 25	08:17:00	1	0	60	0	Ct	0	0	0	4	4	0	0	3	0	0	1	0	1	0	2	2	0	1	0	0	0	0	2	5	2	0	2	3	0	3	0	2	1	2
126494	17 Oct 25	08:18:00	1	0	60	0	Ct	0	0	0	1	7	0	0	1	5	0	1	0	1	3	3	2	0	2	1	0	0	2	1	1	1	0	3	2	0	0	0	2	2	2
126495	17 Oct 25	08:19:00	1	0	60	0	Ct	0	0	1	1	1	0	2	1	0	0	1	0	0	1	1	1	1	3	0	0	0	1	3	2	1	0	1	2	0	0	0	1	2	4
126496	17 Oct 25	08:20:00	1	0	60	0	Ct	0	0	0	2	2	0	1	1	0	0	1	0	1	1	1	2	1	3	1	0	0	0	4	1	1	0	2	2	0	0	0	2	2	1
126497	17 Oct 25	08:21:00	1	0	60	0	Ct	0	0	0	1	2	0	1	1	0	0	1	1	1	0	3	1	3	2	0	0	0	0	2	1	1	0	2	4	0	1	0	2	3	1
126498	17 Oct 25	08:22:00	1	0	60	0	Ct	0	0	0	1	1	0	0	0	2	1	1	3	0	1	0	2	0	3	0	0	0	0	3	2	1	0	2	2	0	0	0	0	1	2
126499	17 Oct 25	08:23:00	1	0	60	0	Ct	0	0	0	1	2	0	1	1	0	3	1	0	1	1	2	1	0	2	1	0	0	3	1	1	0	0	1	4	0	1	0	0	2	0
126500	17 Oct 25	08:24:00	1	0	60	0	Ct	0	0	0	0	1	0	1	1	0	0	1	0	1	1	3	0	0	1	1	0	0	1	2	0	0	0	2	2	0	2	4	0	1	3
126501	17 Oct 25	08:25:00	1	0	60	0	Ct	0	0	0	0	1	0	0	1	5	0	0	1	2	2	3	1	1	2	0	0	0	0	5	2	0	0	0	3	0	1	1	2	2	1
126502	17 Oct 25	08:26:00	1	0	60	0	Ct	0	0	0	1	2	0	2	3	0	0	0	1	1	2	4	3	0	1	1	0	0	0	1	0	0	0	2	2	0	1	1	1	3	3
126503	17 Oct 25	08:27:00	1	0	60	0	Ct	0	0	0	1	1	0	0	0	0	1	1	0	1	1	3	2	2	3	1	0	0	2	3	2	0	0	1	3	0	1	1	1	2	2
126504	17 Oct 25	08:28:00	1	0	60	0	Ct	0	0	0	1	1	0	0	2	0	0	1	0	2	1	3	2	5	1	2	0	0	0	4	2	0	0	2	1	0	0	0	2	1	2
126505	17 Oct 25	08:29:00	1	0	60	0	Ct	0	0	0	0	1	0	2	0	0	1	0	0	2	1	3	2	4	1	0	0	0	1	6	1	9	0	2	3	0	2	0	0	0	1
126506	17 Oct 25	08:30:00	1	0	60	0	Ct	0	0	0	0	2	0	2	3	3	5	2	0	2	0	4	1	1	2	0	0	0	0	0	2	4	0	1	2	0	0	0	5	2	1
126507	17 Oct 25	08:31:00	1	0	60	0	Ct	0	0	0	0	0	0	3	1	8	2	0	0	0	2	3	3	1	1	0	0	1	3	3	1	5	0	1	3	2	5	0	2	1	2
126508	17 Oct 25	08:32:00	1	0	60	0	Ct	0	0	0	0	1	0	2	1	1	1	2	0	1	8	3	3	0	1	0	0	0	0	1	1	3	0	1	0	0	20	1	0	1	3
126509	17 Oct 25	08:33:00	1	0	60	0	Ct	0	0	0	0	3	0	2	2	0	1	1	0	1	0	2	0	1	2	0	0	1	0	2	4	3	0	1	1	1	3	2	3	4	1
126510	17 Oct 25	08:34:00	1	0	60	0	Ct	0	0	0	0	1	0	3	1	0	1	1	0	1	0	2	0	1	2	0	0	2	1	0	2	4	0	1	3	1	2	1	1	2	2
126511	17 Oct 25	08:35:00	1	0	60	0	Ct	0	0	0	2	1	0	2	0	0	2	1	0	1	2	2	2	0	1	0	0	3	1	0	2	32	0	3	2	0	1	0	1	1	0
126512	17 Oct 25	08:36:00	1	0	60	0	Ct	0	0	2	1	1	0	2	0	1	2	2	0	3	0	2	0	1	2	0	0	3	0	1	2	2	0	1	1	0	1	0	2	2	0
126513	17 Oct 25	08:37:00	1	0	60	0	Ct	0	0	2	1	1	0	3	3	1	1	0	0	1	2	3	2	1	2	0	0	3	3	2	1	5	0	1	4	0	0	0	2	2	3
126514	17 Oct 25	08:38:00	1	0	60	0	Ct	0	0	1	1	2	0	2	1	1	1	1	1	0	0	2	3	0	1	0	0	5	0	4	2	9	0	2	2	0	1	0	1	0	2
126515	17 Oct 25	08:39:00	1	0	60	0	Ct	0	0	0	1	2	0	2	2	3	2	2	0	1	1	3	4	0	0	0	0	2	1	1	1	2	0	2	1	0	0	0	3	2	2
126516	17 Oct 25	08:40:00	1	0	60	0	Ct	0	0	1	2	2	0	0	0	2	1	1	0	1	0	1	1	2	1	0	0	2	0	3	0	3	0	1	3	0	2	0	0	0	6
126517	17 Oct 25	08:41:00	1	0	60	0	Ct	0	0	1	1	2	0	4	0	1	2	2	0	0	1	2	2	0	3	0	0	3	0	0	1	2	0	3	3	0	0	0	2	0	1
126518	17 Oct 25	08:42:00	1	0	60	0	Ct	0	0	2	1	1	0	2	2	3	1	2	4	0	2	5	2	1	3	0	0	0	0	2	5	2	0	0	3	0	0	0	6	2	1
126519	17 Oct 25	08:43:00	1	0	60	0	Ct	0	0	0	1	1	0	2	2	1	0	2	1	0	2	4	1	2	2	0	0	0	0	2	0	1	0	1	2	0	0	0	0	1	2
126520	17 Oct 25	08:44:00	1	0	60	0	Ct	0	0	2	1	1	0	2	2	4	0	2	0	0	1	2	2	0	3	0	0	0	0	3	0	2	0	1	1	0	1	0	0	1	0
126521	17 Oct 25	08:45:00	1	0	60	0	Ct	0	0	1	1	1	0	1	0	2	2	0	2	0	0	1	0	1	2	16	0	2	0	1	1	1	0	2	1	0	3	0	2	1	2
126522	17 Oct 25	08:46:00	1	0	60	0	Ct	0	0	2	2	10	0	0	0	1	1	1	0	1	1	0	2	0	1	22	0	2	1	1	3	2	0	2	1	0	2	0	2	2	0
126523	17 Oct 25	08:47:00	1	0	60	0	Ct	0	0	2	0	14	0	3	1	2	1	1	0	3	1	2	0	0	3	10	0	2	1	0	0	1	0	2	3	0	2	0	2	1	0
126524	17 Oct 25	08:48:00	1	0	60	0	Ct	0	0	1	1	6	0	1	2	2	1	1	0	0	4	3	0	0	4	8	0	2	0	1	2	3	0	1	2	0	1	1	1	1	2
126525	17 Oct 25	08:49:00	1	0	60	0	Ct	0	0	2	0	2	0	3	1	2	1	1	2	0	0	2	1	0	1	1	0	2	0	1	1	1	0	2	2	0	2	0	0	1	2
126526	17 Oct 25	08:50:00	1	0	60	0	Ct	0	0	2	1	2	0	2	4	2	1	1	0	0	1	2	3	0	2	3	0	0	1	3	3	1	0	1	3	0	0	2	0	0	5
126527	17 Oct 25	08:51:00	1	0	60	0	Ct	0	0	0	1	2	0	1	1	2	0	2	1	0	0	0	1	2	1	3	0	1	1	1	1	0	0	1	2	0	0	1	1	0	1
126528	17 Oct 25	08:52:00	1	0	60	0	Ct	0	0	1	2	1	0	2	1	2	1	1	0	0	1	1	2	0	2	2	0	0	2	3	1	0	0	4	2	0	0	1	2	1	0
126529	17 Oct 25	08:53:00	1	0	60	0	Ct	0	0	0	1	1	0	2	1	1	1	1	0	0	2	1	4	0	2	0	0	0	0	1	1	0	0	2	2	0	0	1	1	2	1
126530	17 Oct 25	08:54:00	1	0	60	0	Ct	0	0	0	1	2	0	3	1	2	0	1	0	0	1	2	2	1	1	1	0	1	1	3	2	0	0	1	0	0	0	0	2	1	2
126531	17 Oct 25	08:55:00	1	0	60	0	Ct	0	0	0	1	2	0	3	1	1	1	2	0	0	0	2	2	1	2	1	0	3	0	1	2	0	0	1	3	0	0	0	2	1	1
126532	17 Oct 25	08:56:00	1	0	60	0	Ct	0	0	0	1	1	0	1	2	2	0	0	0	0	1	1	2	0	1	1	0	2	0	0	3	2	0	1	1	0	0	0	1	1	1
126533	17 Oct 25	08:57:00	1	0	60	0	Ct	0	0	2	0	2	0	2	3	1	1	0	0	0	0	3	1	0	1	1	0	1	0	0	0	1	0	1	1	0	0	6	3	2	1
126534	17 Oct 25	08:58:00	1	0	60	0	Ct	0	0	13	0	0	0	2	1	3	1	1	0	0	0	2	1	0	2	2	0	2	1	2	2	2	0	0	2	0	0	1	1	1	16
126535	17 Oct 25	08:59:00	1	0	60	0	Ct	0	0	0	2	2	0	3	4	1	4	0	0	0	3	2	0	0	2	1	0	2	1	1	1	2	0	2	2	0	0	0	1	1	1
126536	17 Oct 25	09:00:00	1	0	60	0	Ct	0	0	0	0	1	0	2	1	1	1	0	1	0	1	2	2	0	1	1	0	2	0	3	1	2	0	1	2	0	0	2	3	0	1
126537	17 Oct 25	09:01:00	1	0	60	0	Ct	0	0	2	0	1	0	1	3	0	2	0	3	0	1	1	2	0	2	1	0	2	0	3	1	0	0	2	2	0	0	1	13	2	1
126538	17 Oct 25	09:02:00	1	0	60	0	Ct	0	0	1	2	2	0	2	1	0	1	0	0	0	0	3	0	0	3	2	0	3	2	2	2	0	0	3	2	0	0	0	34	2	1
126539	17 Oct 25	09:03:00	1	0	60	0	Ct	0	0	1	1	1	0	1	2	3	2	0	0	3	0	3	2	0	1	2	0	2	0	4	0	2	0	1	2	0	0	0	21	0	1
126540	17 Oct 25	09:04:00	1	0	60	0	Ct	0	0	0	0	0	0	1	0	1	8	0	2	0	1	1	3	0	2	1	0	0	1	3	1	2	0	1	2	0	0	0	3	2	2
126541	17 Oct 25	09:05:00	1	0	60	0	Ct	0	0	0	1	3	0	1	1	3	1	0	1	0	1	2	1	0	0	1	0	0	0	3	0	0	0	3	5	0	0	1	3	1	17
126542	17 Oct 25	09:06:00	1	0	60	0	Ct	0	0	1	0	3	0	2	1	1	3	0	0	0	1	1	1	0	2	0	0	0	0	3	0	0	0	3	3	0	0	1	1	2	2
126543	17 Oct 25	09:07:00	1	0	60	0	Ct	0	0	0	0	2	0	2	1	3	0	2	3	2	1	2	2	2	2	1	0	0	0	1	0	0	0	2	1	0	1	0	2	2	1
126544	17 Oct 25	09:08:00	1	0	60	0	Ct	0	0	0	1	1	0	2	0	0	1	0	0	0	2	1	2	0	1	3	0	0	1	3	0	0	0	1	1	0	3	1	0	2	1
126545	17 Oct 25	09:09:00	1	0	60	0	Ct	0	0	4	2	0	0	1	2	1	1	2	13	2	1	0	3	0	1	0	0	0	0	0	1	0	0	3	2	0	2	0	0	1	2
126546	17 Oct 25	09:10:00	1	0	60	0	Ct	0	0	3	0	3	0	5	1	2	8	0	6	0	1	1	1	0	2	2	0	2	1	1	1	0	0	6	1	0	1	2	0	1	5
126547	17 Oct 25	09:11:00	1	0	60	0	Ct	0	0	2	1	1	0	1	1	4	2	8	1	2	1	3	1	0	0	3	0	0	0	8	6	0	0	1	2	0	2	0	3	1	4
126548	17 Oct 25	09:12:00	1	0	60	0	Ct	0	0	0	1	1	0	1	1	2	0	1	0	0	0	1	3	0	2	1	0	0	2	0	0	0	0	1	4	0	0	1	0	1	5
126549	17 Oct 25	09:13:00	1	0	60	0	Ct	0	0	1	1	2	0	2	0	2	1	2	2	0	1	2	4	1	0	2	0	2	1	5	1	0	0	2	2	0	1	0	0	0	2
126550	17 Oct 25	09:14:00	1	0	60	0	Ct	0	0	1	1	3	0	0	1	0	1	3	2	0	1	2	1	2	2	1	0	1	0	3	2	0	0	4	3	0	1	0	0	0	1
126551	17 Oct 25	09:15:00	1	0	60	0	Ct	0	0	1	0	1	0	1	9	3	0	2	4	0	0	0	5	0	0	1	0	3	2	2	1	0	0	1	1	0	1	2	1	2	2
126552	17 Oct 25	09:16:00	1	0	60	0	Ct	0	0	0	0	2	0	3	0	0	0	1	3	0	2	2	2	0	0	1	0	2	2	2	1	0	0	1	2	0	1	1	3	2	2
126553	17 Oct 25	09:17:00	1	0	60	0	Ct	0	0	1	0	1	0	1	1	1	5	1	1	0	1	3	3	0	0	2	0	3	0	1	1	0	0	1	1	0	1	0	1	1	4
126554	17 Oct 25	09:18:00	1	0	60	0	Ct	0	0	2	0	3	0	2	2	0	0	2	3	2	0	3	2	0	0	2	0	2	3	3	1	0	0	1	3	0	0	0	1	1	1
126555	17 Oct 25	09:19:00	1	0	60	0	Ct	0	0	1	0	2	0	3	0	3	2	0	2	0	4	1	2	0	3	10	0	2	0	0	0	0	0	1	1	0	1	1	1	3	1
126556	17 Oct 25	09:20:00	1	0	60	0	Ct	0	0	0	0	1	0	1	1	2	0	2	2	0	0	2	5	0	2	0	0	2	0	2	1	0	0	1	1	0	3	1	0	1	1
126557	17 Oct 25	09:21:00	1	0	60	0	Ct	0	0	0	0	2	13	2	1	1	0	2	0	0	0	2	2	0	1	2	0	2	0	4	2	0	0	1	2	0	0	2	1	2	2
126558	17 Oct 25	09:22:00	1	0	60	0	Ct	0	0	0	0	0	1	1	0	1	1	3	2	0	0	1	1	0	3	2	0	3	0	2	1	0	0	1	3	0	3	1	3	1	1
126559	17 Oct 25	09:23:00	1	0	60	0	Ct	0	0	2	0	1	9	2	1	2	0	1	1	0	0	2	3	0	2	1	0	0	0	1	2	0	0	2	2	0	1	0	4	1	0
126560	17 Oct 25	09:24:00	1	0	60	0	Ct	0	0	3	1	1	7	0	2	1	0	0	1	0	2	3	4	3	2	1	0	2	0	4	0	0	0	3	1	0	0	0	1	0	3
126561	17 Oct 25	09:25:00	1	0	60	0	Ct	0	0	1	2	3	2	0	0	1	0	1	1	0	0	1	2	0	2	1	0	2	0	1	1	0	0	0	15	0	0	0	2	1	1
126562	17 Oct 25	09:26:00	1	0	60	0	Ct	0	0	2	11	2	0	2	1	1	0	1	2	0	3	0	2	2	2	1	0	0	0	1	1	0	0	1	1	0	0	0	1	2	1
126563	17 Oct 25	09:27:00	1	0	60	0	Ct	0	0	0	2	1	0	1	1	0	0	0	2	0	0	1	2	1	2	1	0	0	0	0	0	0	0	0	3	0	2	0	0	1	2
126564	17 Oct 25	09:28:00	1	0	60	0	Ct	0	0	1	1	2	0	1	0	0	0	2	1	0	0	3	0	0	1	2	0	0	0	2	0	0	0	1	2	0	2	2	0	0	1
126565	17 Oct 25	09:29:00	1	0	60	0	Ct	0	0	1	1	1	0	1	0	3	0	2	1	0	3	2	0	1	0	2	0	0	1	3	0	0	0	1	3	0	2	0	0	1	2
126566	17 Oct 25	09:30:00	1	0	60	0	Ct	0	0	0	1	2	0	1	0	2	0	0	1	0	0	3	2	1	1	2	0	0	1	1	1	0	0	1	1	0	0	0	1	2	1
126567	17 Oct 25	09:31:00	1	0	60	0	Ct	0	0	1	0	1	0	2	0	1	0	0	1	0	0	2	3	1	1	1	0	0	0	4	1	0	0	2	1	0	1	0	3	1	0
126568	17 Oct 25	09:32:00	1	0	60	0	Ct	0	0	0	2	0	0	1	0	2	0	0	1	0	1	4	2	1	2	1	0	0	0	1	2	0	0	1	2	0	1	0	4	1	0
126569	17 Oct 25	09:33:00	1	0	60	0	Ct	0	0	1	0	1	0	2	0	1	0	0	1	0	3	2	2	1	3	1	0	0	1	1	1	0	0	1	3	0	0	3	1	1	0
126570	17 Oct 25	09:34:00	1	0	60	0	Ct	0	0	0	1	1	0	1	0	1	0	0	1	0	1	3	2	1	2	0	0	0	1	7	1	1	0	1	2	0	3	0	0	6	0
126571	17 Oct 25	09:35:00	1	0	60	0	Ct	0	0	5	1	1	0	1	0	3	0	0	4	0	1	2	3	2	1	0	0	0	0	28	1	2	0	2	2	0	1	0	6	12	1
126572	17 Oct 25	09:36:00	1	0	60	0	Ct	0	0	4	0	1	0	1	0	2	0	0	1	0	1	2	1	1	2	0	0	0	0	17	1	1	0	1	2	0	0	0	1	2	1
126573	17 Oct 25	09:37:00	1	0	60	0	Ct	0	0	2	1	1	17	3	0	0	0	1	1	0	2	0	3	0	0	2	0	0	0	17	0	5	0	0	2	0	2	1	2	1	0
126574	17 Oct 25	09:38:00	1	0	60	0	Ct	0	0	2	1	2	0	3	0	6	0	1	1	0	0	2	2	0	3	1	0	0	0	2	2	1	0	0	2	0	2	1	1	2	0
126575	17 Oct 25	09:39:00	1	0	60	0	Ct	0	0	3	0	0	5	0	0	1	0	0	1	0	1	1	0	0	1	1	0	0	0	0	0	1	2	0	1	0	1	0	0	0	0
126576	17 Oct 25	09:40:00	1	0	60	0	Ct	0	0	2	1	1	0	1	0	1	0	0	5	0	2	2	1	1	2	2	0	0	0	0	0	1	2	1	1	0	2	1	2	0	0
126577	17 Oct 25	09:41:00	1	0	60	0	Ct	0	0	0	2	1	2	2	0	8	0	0	7	0	0	2	1	1	2	1	0	0	0	0	1	1	0	1	2	0	0	0	4	0	0
126578	17 Oct 25	09:42:00	1	0	60	0	Ct	0	0	0	0	1	0	3	0	2	0	1	0	0	0	1	2	0	3	1	0	0	0	1	1	2	0	2	2	0	0	0	1	0	0
126579	17 Oct 25	09:43:00	1	0	60	0	Ct	0	0	0	0	1	0	2	0	1	0	1	0	1	1	2	2	0	3	1	0	0	0	3	2	0	0	1	2	0	0	0	3	0	0
126580	17 Oct 25	09:44:00	1	0	60	0	Ct	0	0	0	0	0	0	2	0	3	0	1	0	3	1	0	2	0	2	3	0	0	0	3	2	0	0	1	3	0	0	0	4	0	0
126581	17 Oct 25	09:45:00	1	0	60	0	Ct	0	0	1	0	0	3	2	0	0	0	1	0	2	1	1	1	0	2	1	0	0	2	2	0	0	0	1	2	0	0	0	2	0	0
126582	17 Oct 25	09:46:00	1	0	60	0	Ct	0	0	0	0	0	1	6	0	1	0	1	0	2	1	2	1	0	1	2	0	0	1	2	1	3	0	1	4	0	0	0	0	0	0
126583	17 Oct 25	09:47:00	1	0	60	0	Ct	0	0	0	0	2	0	1	0	1	0	2	0	1	3	2	2	0	2	1	0	0	0	2	2	2	0	1	1	0	0	1	0	0	0
126584	17 Oct 25	09:48:00	1	0	60	0	Ct	0	0	6	0	0	2	1	0	2	2	1	0	4	0	2	0	0	2	0	0	0	2	3	1	1	0	1	2	0	0	2	0	0	0
126585	17 Oct 25	09:49:00	1	0	60	0	Ct	0	0	0	0	6	4	2	0	0	1	2	0	1	2	1	1	0	0	1	0	0	1	2	1	1	0	0	3	0	0	0	0	0	0
126586	17 Oct 25	09:50:00	1	0	60	0	Ct	0	0	0	1	28	2	2	0	3	2	0	0	1	0	2	0	0	2	0	0	0	0	4	1	0	0	2	1	0	0	1	0	0	0
126587	17 Oct 25	09:51:00	1	0	60	0	Ct	0	0	0	0	0	0	0	0	0	1	0	0	2	1	2	3	0	1	2	0	0	0	3	1	0	0	1	2	0	0	0	0	0	0
126588	17 Oct 25	09:52:00	1	0	60	0	Ct	0	0	0	1	0	2	2	0	0	0	0	0	1	0	0	2	0	2	2	0	0	1	1	2	2	0	1	3	0	0	0	0	0	0
126589	17 Oct 25	09:53:00	1	0	60	0	Ct	0	0	0	0	0	3	2	0	2	0	0	0	0	0	0	2	0	1	1	0	0	1	5	1	1	0	1	1	0	0	5	0	0	0
126590	17 Oct 25	09:54:00	1	0	60	0	Ct	0	0	0	0	0	0	2	0	0	1	2	0	2	1	3	2	0	0	0	0	0	2	5	1	1	0	1	3	0	3	2	0	0	0
126591	17 Oct 25	09:55:00	1	0	60	0	Ct	0	0	0	2	0	2	1	0	0	1	0	0	1	1	1	2	0	1	0	0	1	2	3	2	1	0	1	2	0	14	0	0	0	0
126592	17 Oct 25	09:56:00	1	0	60	0	Ct	0	0	0	0	2	3	0	0	0	1	0	0	1	0	0	1	0	1	2	0	0	1	0	1	3	0	1	1	0	7	0	0	0	1
126593	17 Oct 25	09:57:00	1	0	60	0	Ct	0	0	0	0	8	0	0	0	0	2	1	0	1	4	2	7	5	1	1	0	0	1	3	0	2	0	1	2	0	0	0	0	0	1
126594	17 Oct 25	09:58:00	1	0	60	0	Ct	0	0	1	0	4	1	0	0	0	1	1	0	3	1	2	2	0	3	2	0	0	1	2	2	1	0	0	0	0	0	0	0	0	2
126595	17 Oct 25	09:59:00	1	0	60	0	Ct	0	0	1	0	17	2	0	0	0	2	0	2	1	0	1	2	0	2	1	0	0	0	3	1	0	0	2	1	0	0	0	0	0	2
126596	17 Oct 25	10:00:00	1	0	60	0	Ct	0	0	0	0	2	4	0	0	1	0	0	12	0	0	2	1	0	1	0	0	0	0	1	1	0	0	3	1	0	0	0	0	0	0
126597	17 Oct 25	10:01:00	1	0	60	0	Ct	0	0	0	0	2	0	0	0	2	1	0	1	1	1	2	2	0	2	1	0	0	0	3	0	0	0	1	1	0	0	1	0	0	2
126598	17 Oct 25	10:02:00	1	0	60	0	Ct	0	0	3	0	2	3	0	0	2	2	0	0	1	1	2	0	1	1	1	0	0	0	2	2	0	0	1	20	0	1	1	0	0	0
126599	17 Oct 25	10:03:00	1	0	60	0	Ct	0	0	1	0	0	0	0	0	1	0	0	0	2	1	1	1	1	2	1	0	0	1	5	2	2	0	3	2	0	0	1	0	0	0
126600	17 Oct 25	10:04:00	1	0	60	0	Ct	0	0	1	0	0	0	0	0	0	0	0	2	1	1	1	2	0	1	1	0	0	1	1	1	0	0	0	2	0	0	3	0	0	0
126601	17 Oct 25	10:05:00	1	0	60	0	Ct	0	0	0	0	0	0	0	0	0	0	0	0	3	0	1	0	0	3	1	0	0	0	1	1	1	0	2	3	0	0	0	0	0	0
126602	17 Oct 25	10:06:00	1	0	60	0	Ct	0	0	0	0	0	0	0	0	1	0	2	3	2	1	2	2	0	0	1	0	0	0	0	1	1	0	2	2	0	0	0	0	0	0
126603	17 Oct 25	10:07:00	1	0	60	0	Ct	0	1	3	3	6	1	0	0	1	0	1	2	0	2	1	6	1	2	1	0	0	1	2	3	4	0	1	1	0	4	0	0	0	0
126604	17 Oct 25	10:08:00	1	0	60	0	Ct	0	1	0	2	0	1	0	0	1	4	4	0	0	1	1	3	0	1	1	0	1	0	0	0	0	0	3	2	0	4	0	0	0	0
126605	17 Oct 25	10:09:00	1	0	60	0	Ct	0	1	3	0	0	3	0	0	0	0	1	5	0	0	0	0	2	4	1	0	1	2	0	0	0	0	0	3	0	0	0	0	0	0
126606	17 Oct 25	10:10:00	1	0	60	0	Ct	0	1	1	0	1	1	0	0	0	0	1	1	0	0	0	3	0	1	0	0	0	2	0	0	2	0	0	3	0	0	0	0	0	0
126607	17 Oct 25	10:11:00	1	0	60	0	Ct	0	1	1	0	0	2	0	0	0	0	2	0	0	2	0	4	1	1	0	0	0	0	0	0	0	0	0	2	0	0	0	0	0	0
126608	17 Oct 25	10:12:00	1	0	60	0	Ct	0	1	2	0	1	2	0	0	0	0	22	0	0	0	0	2	0	0	0	0	0	3	0	0	0	0	0	2	0	0	0	0	0	0
126609	17 Oct 25	10:13:00	1	0	60	0	Ct	0	1	0	0	2	2	0	0	0	0	30	0	1	0	0	0	0	1	0	0	0	0	0	0	0	0	0	0	0	2	0	0	0	0
126610	17 Oct 25	10:14:00	1	0	60	0	Ct	0	1	0	0	1	3	0	0	0	0	0	0	1	1	0	0	0	2	0	0	0	1	0	0	0	0	0	0	0	9	0	0	0	0
126611	17 Oct 25	10:15:00	1	0	60	0	Ct	0	1	2	0	4	3	0	0	0	0	0	0	3	3	0	0	0	0	0	0	0	1	0	0	0	0	0	0	0	0	0	0	0	0
126612	17 Oct 25	10:16:00	1	0	60	0	Ct	0	1	1	0	0	3	0	0	0	0	0	0	0	0	0	0	0	3	0	0	0	0	0	0	0	0	0	0	0	0	0	0	0	0
126613	17 Oct 25	10:17:00	1	0	60	0	Ct	0	1	3	0	3	0	0	0	0	0	0	0	1	1	0	0	0	0	0	0	0	0	0	1	0	0	0	0	0	0	0	0	0	0
126614	17 Oct 25	10:18:00	1	0	60	0	Ct	0	1	1	0	0	1	0	0	0	0	1	1	8	1	0	0	0	0	0	0	0	0	0	1	0	1	0	0	0	0	0	0	0	0
126615	17 Oct 25	10:19:00	1	0	60	0	Ct	0	1	2	0	0	2	0	0	0	0	1	0	0	0	0	2	0	2	0	0	0	1	0	0	0	0	0	0	0	0	1	0	0	0
126616	17 Oct 25	10:20:00	1	0	60	0	Ct	0	1	1	3	3	0	0	0	0	0	1	2	0	1	0	3	0	3	0	0	0	1	0	2	0	0	0	0	0	4	0	0	0	0
126617	17 Oct 25	10:21:00	1	0	60	0	Ct	0	1	1	0	1	0	0	0	0	0	1	0	0	1	0	2	0	0	0	0	0	0	0	0	0	3	0	0	0	0	0	0	0	0
126618	17 Oct 25	10:22:00	1	0	60	0	Ct	0	1	5	0	0	1	0	0	0	0	1	0	0	0	0	0	0	1	0	0	0	0	0	0	0	5	0	0	0	0	0	0	0	0
126619	17 Oct 25	10:23:00	1	0	60	0	Ct	0	1	3	1	0	1	0	0	0	0	1	1	0	1	0	0	0	4	0	0	0	0	0	0	0	1	0	0	0	0	0	0	0	0
126620	17 Oct 25	10:24:00	1	0	60	0	Ct	0	1	2	0	4	3	0	0	0	0	0	1	0	2	0	0	0	1	0	0	0	0	0	0	0	0	0	0	0	0	0	0	0	0
126621	17 Oct 25	10:25:00	1	0	60	0	Ct	0	1	2	0	1	2	0	0	0	0	2	3	0	0	0	0	0	3	0	0	0	0	0	0	0	0	0	0	0	0	0	0	0	0
126622	17 Oct 25	10:26:00	1	0	60	0	Ct	0	1	1	0	2	1	0	0	0	0	3	0	2	0	0	0	0	3	0	0	0	1	0	0	0	0	0	0	0	0	0	0	0	0
126623	17 Oct 25	10:27:00	1	0	60	0	Ct	0	1	1	0	1	1	0	0	0	0	0	0	3	0	0	0	0	2	0	0	0	2	0	0	0	0	0	0	0	0	0	0	0	0
126624	17 Oct 25	10:28:00	1	0	60	0	Ct	0	1	2	0	1	1	0	0	0	0	1	1	3	0	0	0	0	5	0	0	0	0	0	0	0	0	0	0	0	0	0	0	0	0
126625	17 Oct 25	10:29:00	1	0	60	0	Ct	0	1	0	0	3	0	0	0	0	2	1	1	0	0	0	0	0	2	0	0	0	2	0	0	0	0	0	0	0	0	0	0	0	0
126626	17 Oct 25	10:30:00	1	0	60	0	Ct	0	1	2	0	2	0	0	0	0	0	0	0	0	0	0	0	0	2	0	0	0	0	0	0	0	0	0	0	0	0	0	0	0	0
126627	17 Oct 25	10:31:00	1	0	60	0	Ct	0	1	1	0	2	0	0	0	0	0	0	0	0	0	0	0	0	2	4	0	0	2	0	0	0	0	0	0	0	0	0	0	0	0
126628	17 Oct 25	10:32:00	1	0	60	0	Ct	0	1	2	0	3	0	0	0	1	0	0	0	0	0	0	0	0	3	1	0	0	1	0	0	0	0	0	0	0	0	0	2	0	0
126629	17 Oct 25	10:33:00	1	0	60	0	Ct	0	1	0	0	3	0	0	0	1	0	0	0	0	0	0	0	0	2	0	0	0	0	0	0	0	0	0	0	0	0	0	2	0	0
126630	17 Oct 25	10:34:00	1	0	60	0	Ct	0	1	0	0	1	0	0	0	2	0	0	0	1	0	0	0	0	3	0	0	0	0	0	0	0	2	0	0	0	0	0	2	0	0
126631	17 Oct 25	10:35:00	1	0	60	0	Ct	0	1	1	0	2	0	0	0	0	0	0	1	2	0	0	0	0	2	0	0	0	0	0	0	0	0	0	0	0	0	2	3	0	0
126632	17 Oct 25	10:36:00	1	0	60	0	Ct	0	1	1	2	3	0	0	0	0	0	0	2	0	2	0	3	0	1	2	0	0	0	0	0	0	0	0	0	0	0	1	1	0	0
126633	17 Oct 25	10:37:00	1	0	60	0	Ct	0	1	1	0	2	0	0	0	2	0	0	3	0	1	0	0	0	1	4	0	0	2	0	0	0	0	0	0	0	0	1	4	0	0
126634	17 Oct 25	10:38:00	1	0	60	0	Ct	0	1	1	2	2	0	0	0	0	0	0	4	0	2	0	0	0	1	1	0	0	0	0	0	0	0	0	0	0	0	0	1	0	0
126635	17 Oct 25	10:39:00	1	0	60	0	Ct	0	1	2	0	3	2	0	0	1	0	0	2	0	2	0	0	0	2	0	0	0	0	0	0	0	0	0	0	0	0	5	2	0	0
126636	17 Oct 25	10:40:00	1	0	60	0	Ct	0	1	2	0	1	2	0	0	1	0	0	2	0	0	0	0	0	2	0	0	0	0	0	0	0	0	0	0	0	0	0	1	0	0
126637	17 Oct 25	10:41:00	1	0	60	0	Ct	0	1	2	1	2	4	0	0	0	0	0	2	0	0	0	0	0	3	0	0	0	0	0	0	0	0	0	0	0	0	0	0	0	0
126638	17 Oct 25	10:42:00	1	0	60	0	Ct	0	1	1	7	1	0	0	0	0	0	0	2	0	0	0	0	0	2	2	0	0	0	0	0	0	0	0	0	0	0	1	0	0	0
126639	17 Oct 25	10:43:00	1	0	60	0	Ct	0	1	0	0	0	3	0	0	1	0	0	5	0	0	0	0	0	2	0	0	0	0	0	0	0	3	0	0	0	0	1	0	0	0
126640	17 Oct 25	10:44:00	1	0	60	0	Ct	0	1	1	0	0	1	0	0	0	0	0	0	0	0	0	0	0	2	0	0	0	1	0	0	0	0	0	0	0	0	0	0	0	0
126641	17 Oct 25	10:45:00	1	0	60	0	Ct	0	1	2	3	3	0	0	0	0	0	0	1	2	0	0	0	0	1	0	0	0	2	0	0	0	0	0	0	0	0	0	0	0	0
126642	17 Oct 25	10:46:00	1	0	60	0	Ct	0	1	0	2	3	0	0	0	1	0	0	2	1	0	3	0	0	2	0	0	0	0	0	0	0	1	0	0	0	0	0	0	0	0
126643	17 Oct 25	10:47:00	1	0	60	0	Ct	0	1	1	0	3	0	0	0	0	0	0	1	0	0	0	0	0	1	1	0	0	0	0	0	0	0	0	0	0	0	0	0	0	0
126644	17 Oct 25	10:48:00	1	0	60	0	Ct	0	1	0	0	2	11	0	0	2	0	0	2	2	0	0	0	0	2	0	0	0	0	0	0	0	0	0	0	0	0	1	0	0	0
126645	17 Oct 25	10:49:00	1	0	60	0	Ct	0	1	1	0	4	0	0	0	0	0	0	1	2	0	2	0	0	2	0	0	0	0	0	0	0	3	0	0	0	4	2	0	0	0
126646	17 Oct 25	10:50:00	1	0	60	0	Ct	0	1	1	0	2	3	0	0	2	0	0	3	4	0	1	0	0	1	0	0	0	0	0	0	0	2	0	0	0	0	2	1	0	0
126647	17 Oct 25	10:51:00	1	0	60	0	Ct	0	1	1	5	2	0	0	0	2	0	0	0	0	0	2	0	0	2	6	0	0	0	0	0	0	12	0	0	0	0	2	1	0	0
126648	17 Oct 25	10:52:00	1	0	60	0	Ct	0	1	0	1	2	0	0	0	0	0	0	1	0	0	2	0	0	2	3	0	0	0	0	0	0	6	0	0	0	0	1	0	0	0
126649	17 Oct 25	10:53:00	1	0	60	0	Ct	0	1	2	0	2	2	0	0	1	0	0	2	0	0	2	0	0	3	0	0	0	0	0	0	0	1	0	0	0	0	3	0	0	0
126650	17 Oct 25	10:54:00	1	0	60	0	Ct	0	1	1	0	2	2	0	0	2	0	0	3	0	2	1	0	0	1	0	0	0	0	0	0	0	0	0	0	0	0	1	0	0	0
126651	17 Oct 25	10:55:00	1	0	60	0	Ct	0	1	0	0	2	0	0	0	3	0	0	2	0	0	2	0	0	2	0	0	0	2	0	0	0	0	0	0	0	2	1	0	0	0
126652	17 Oct 25	10:56:00	1	0	60	0	Ct	0	1	0	1	2	6	0	0	3	0	1	1	0	0	2	1	0	3	0	0	0	2	0	0	0	0	0	0	0	21	0	0	0	0
126653	17 Oct 25	10:57:00	1	0	60	0	Ct	0	1	0	0	1	0	0	0	0	0	0	4	0	2	1	1	0	3	0	0	0	2	0	0	0	0	0	0	0	22	10	0	0	0
126654	17 Oct 25	10:58:00	1	0	60	0	Ct	0	1	0	0	1	0	0	0	2	0	0	2	0	2	3	0	0	3	0	0	0	2	0	0	0	0	0	0	0	0	0	0	0	0
126655	17 Oct 25	10:59:00	1	0	60	0	Ct	0	1	0	2	1	0	0	0	2	0	0	4	1	0	3	0	0	1	0	0	0	0	0	0	0	1	0	0	0	0	0	0	0	0
126656	17 Oct 25	11:00:00	1	0	60	0	Ct	0	1	1	0	2	0	0	0	1	0	0	3	5	0	2	0	0	1	2	0	0	12	0	0	0	0	0	0	0	0	0	0	0	0
126657	17 Oct 25	11:01:00	1	0	60	0	Ct	0	1	2	0	2	3	0	0	2	0	0	0	0	2	2	0	0	2	0	0	0	4	0	0	0	0	0	0	0	0	0	0	0	0
126658	17 Oct 25	11:02:00	1	0	60	0	Ct	0	1	0	0	2	1	0	3	1	0	0	1	0	0	4	0	0	2	0	0	0	1	0	0	0	1	0	0	0	0	0	0	0	0
126659	17 Oct 25	11:03:00	1	0	60	0	Ct	0	1	2	1	2	3	0	1	1	0	0	1	0	2	1	0	0	2	0	0	0	2	0	0	0	0	0	0	0	0	0	0	0	0
126660	17 Oct 25	11:04:00	1	0	60	0	Ct	0	1	3	3	2	1	0	2	3	0	0	0	0	2	1	0	0	2	0	0	0	2	0	0	0	2	0	0	0	0	0	0	0	0
126661	17 Oct 25	11:05:00	1	0	60	0	Ct	0	1	3	0	0	5	0	2	2	0	0	2	0	2	2	0	0	1	0	0	0	1	0	0	0	0	0	0	0	0	1	0	0	0
126662	17 Oct 25	11:06:00	1	0	60	0	Ct	0	1	2	0	2	0	0	0	2	0	0	0	0	2	3	0	0	0	0	0	0	1	0	0	0	0	0	0	0	0	1	0	0	0
126663	17 Oct 25	11:07:00	1	0	60	0	Ct	0	1	1	1	2	0	0	2	2	0	0	0	0	1	1	0	0	1	0	0	0	2	0	0	0	1	0	0	0	0	2	0	0	0
126664	17 Oct 25	11:08:00	1	0	60	0	Ct	0	1	0	0	3	0	0	0	3	0	0	0	0	3	0	0	0	2	1	0	0	2	0	0	0	0	0	0	0	2	1	0	0	0
126665	17 Oct 25	11:09:00	1	0	60	0	Ct	0	1	1	0	1	3	0	1	1	0	0	0	0	2	3	0	0	1	6	0	0	0	0	0	0	1	0	0	0	0	1	0	0	0
126666	17 Oct 25	11:10:00	1	0	60	0	Ct	0	1	1	0	2	6	0	1	2	0	0	0	0	0	2	0	0	2	1	0	0	0	0	0	0	0	0	0	0	0	1	0	0	2
126667	17 Oct 25	11:11:00	1	0	60	0	Ct	0	1	0	0	1	0	0	3	1	0	0	1	0	2	3	0	0	0	0	0	0	0	0	0	0	0	0	0	0	0	0	0	0	2
126668	17 Oct 25	11:12:00	1	0	60	0	Ct	0	1	0	0	1	0	0	1	1	0	0	3	0	2	3	0	0	2	0	0	0	0	0	0	0	2	0	0	0	0	0	0	0	0
126669	17 Oct 25	11:13:00	1	0	60	0	Ct	0	1	0	0	2	1	0	1	2	0	0	0	0	0	3	0	0	2	0	0	0	0	0	0	0	0	0	0	0	0	1	0	0	0
126670	17 Oct 25	11:14:00	1	0	60	0	Ct	0	1	1	0	3	0	2	2	2	0	0	2	0	2	3	0	0	1	1	0	0	0	0	0	0	0	0	0	0	0	1	0	0	0
126671	17 Oct 25	11:15:00	1	0	60	0	Ct	0	1	2	0	15	0	0	1	1	0	0	1	0	1	1	0	0	2	0	0	0	1	0	0	0	0	0	0	0	0	6	0	0	0
126672	17 Oct 25	11:16:00	1	0	60	0	Ct	0	1	1	0	2	0	0	1	1	0	0	1	0	1	4	0	0	3	0	0	0	1	0	0	0	1	0	0	0	0	0	0	0	0
126673	17 Oct 25	11:17:00	1	0	60	0	Ct	0	1	0	0	2	6	0	2	1	0	0	2	0	3	1	0	0	2	1	0	0	0	0	0	0	0	0	0	0	0	0	0	0	0
126674	17 Oct 25	11:18:00	1	0	60	0	Ct	0	1	1	0	2	14	0	0	1	0	0	2	0	2	3	0	0	1	1	0	0	3	0	0	0	1	0	0	0	0	0	0	0	0
126675	17 Oct 25	11:19:00	1	0	60	0	Ct	0	1	1	0	2	3	0	2	1	0	0	2	0	0	2	0	0	1	0	0	0	0	0	0	0	0	0	0	0	0	0	0	0	0
126676	17 Oct 25	11:20:00	1	0	60	0	Ct	0	1	1	0	2	2	0	0	1	0	0	1	0	2	1	0	0	0	0	0	0	0	0	0	0	0	0	0	0	0	1	0	0	0
126677	17 Oct 25	11:21:00	1	0	60	0	Ct	0	1	3	0	6	0	0	2	1	0	0	1	0	2	1	0	0	0	0	0	0	0	0	0	0	0	0	0	0	0	0	0	0	0
126678	17 Oct 25	11:22:00	1	0	60	0	Ct	0	1	1	0	3	3	0	0	1	0	0	0	0	1	1	0	0	1	3	0	0	0	0	0	0	0	0	0	0	0	2	0	0	0
126679	17 Oct 25	11:23:00	1	0	60	0	Ct	0	1	1	0	2	0	0	2	1	0	0	6	0	2	1	0	0	1	0	0	0	0	0	0	0	0	0	0	0	0	1	0	0	0
126680	17 Oct 25	11:24:00	1	0	60	0	Ct	0	1	1	0	1	0	4	2	1	0	0	0	0	0	2	0	0	2	0	0	0	0	0	0	0	0	0	0	0	0	0	0	0	0
126681	17 Oct 25	11:25:00	1	0	60	0	Ct	0	1	0	1	1	2	0	2	1	0	0	0	0	1	1	0	0	2	0	0	0	1	0	0	0	0	0	0	0	0	0	0	0	0
126682	17 Oct 25	11:26:00	1	0	60	0	Ct	0	1	0	2	1	0	2	0	0	0	0	10	0	1	3	0	0	2	0	0	0	2	0	0	0	0	0	0	0	0	6	0	0	0
126683	17 Oct 25	11:27:00	1	0	60	0	Ct	0	1	1	0	2	5	4	1	0	0	0	6	0	2	4	0	0	1	1	0	0	0	0	0	0	0	0	0	0	4	0	0	0	0
126684	17 Oct 25	11:28:00	1	0	60	0	Ct	0	1	1	0	1	0	2	2	0	0	0	2	0	1	6	0	0	2	0	0	2	0	0	0	0	0	0	0	0	0	0	0	0	0
126685	17 Oct 25	11:29:00	1	0	60	0	Ct	0	1	0	5	2	0	2	1	0	0	0	0	0	2	4	0	0	2	0	0	0	0	0	0	0	0	0	0	0	0	2	2	0	0
126686	17 Oct 25	11:30:00	1	0	60	0	Ct	0	1	2	1	3	0	2	2	3	0	0	0	0	2	2	0	0	0	0	0	3	0	0	0	0	0	0	0	0	0	1	2	0	0
126687	17 Oct 25	11:31:00	1	0	60	0	Ct	0	1	1	0	2	0	2	1	4	0	0	0	0	3	0	0	0	0	0	0	1	2	0	0	0	0	0	0	0	0	0	2	0	0
126688	17 Oct 25	11:32:00	1	0	60	0	Ct	0	1	1	1	1	0	3	5	0	0	0	0	0	1	2	1	0	2	0	0	0	2	0	0	0	0	0	0	0	0	0	1	0	0
126689	17 Oct 25	11:33:00	1	0	60	0	Ct	0	1	1	0	2	0	3	0	0	0	0	0	0	5	5	7	0	2	9	0	0	0	0	0	0	0	0	0	0	0	0	0	0	0
126690	17 Oct 25	11:34:00	1	0	60	0	Ct	0	1	1	1	3	0	2	0	0	0	0	0	0	3	2	0	0	2	22	0	0	0	0	0	0	0	0	0	0	0	0	0	0	0
126691	17 Oct 25	11:35:00	1	0	60	0	Ct	0	1	1	1	0	4	3	0	0	0	0	0	0	1	2	0	0	2	0	0	0	3	0	0	0	0	0	0	0	0	0	0	0	0
126692	17 Oct 25	11:36:00	1	0	60	0	Ct	0	1	2	3	0	0	3	0	1	0	0	0	0	1	2	0	0	1	0	0	0	1	0	0	0	0	0	0	0	1	0	0	0	0
126693	17 Oct 25	11:37:00	1	0	60	0	Ct	0	1	0	1	0	0	2	0	2	0	0	0	0	1	2	0	0	1	0	0	0	1	0	0	0	0	0	0	0	1	1	0	0	0
126694	17 Oct 25	11:38:00	1	0	60	0	Ct	0	1	0	2	1	0	3	0	3	0	0	1	0	1	2	0	0	2	0	0	0	0	0	0	0	8	0	0	0	0	0	0	0	0
126695	17 Oct 25	11:39:00	1	0	60	0	Ct	0	1	3	2	2	0	2	2	1	0	0	5	0	1	0	0	0	3	0	0	0	0	0	0	0	0	0	0	0	0	0	0	0	0
126696	17 Oct 25	11:40:00	1	0	60	0	Ct	0	1	1	3	1	0	1	0	1	0	0	0	0	1	0	0	0	2	1	0	0	0	0	0	0	2	0	0	0	0	0	0	0	0
126697	17 Oct 25	11:41:00	1	0	60	0	Ct	0	1	2	3	2	2	2	2	0	0	0	2	0	1	0	0	0	1	0	0	0	0	0	0	0	0	0	0	0	0	1	0	0	0
126698	17 Oct 25	11:42:00	1	0	60	0	Ct	0	1	0	3	1	0	3	2	2	0	0	0	0	1	2	0	0	1	1	0	0	3	0	0	0	1	3	0	0	0	1	0	0	0
126699	17 Oct 25	11:43:00	1	0	60	0	Ct	0	1	3	0	1	1	3	1	0	0	0	2	0	0	1	0	0	2	0	0	0	0	0	0	0	1	4	0	0	0	0	0	0	0
126700	17 Oct 25	11:44:00	1	0	60	0	Ct	0	1	0	0	0	1	3	1	0	0	0	0	0	3	0	0	0	3	1	0	0	0	0	0	0	0	0	0	0	0	0	0	0	0
126701	17 Oct 25	11:45:00	1	0	60	0	Ct	0	1	0	2	2	0	2	3	1	0	0	0	0	1	2	0	0	2	1	0	0	1	0	0	0	1	0	0	0	1	0	0	0	0
126702	17 Oct 25	11:46:00	1	0	60	0	Ct	0	1	0	4	2	1	2	2	2	0	0	1	0	2	2	0	0	2	2	0	0	2	0	0	0	1	0	0	0	0	0	0	0	0
126703	17 Oct 25	11:47:00	1	0	60	0	Ct	0	1	0	3	2	0	2	0	0	0	0	2	0	1	2	0	0	2	2	0	0	1	0	0	0	0	0	0	0	0	0	0	0	0
126704	17 Oct 25	11:48:00	1	0	60	0	Ct	0	1	1	3	1	3	3	0	5	0	0	0	0	3	2	1	0	1	2	0	0	2	0	0	0	0	1	0	0	0	0	2	0	0
126705	17 Oct 25	11:49:00	1	0	60	0	Ct	0	1	1	3	2	1	2	0	1	0	0	2	0	4	2	1	0	2	1	0	0	2	0	0	0	0	9	0	0	0	0	1	0	0
126706	17 Oct 25	11:50:00	1	0	60	0	Ct	0	1	0	1	2	0	2	0	1	0	0	3	0	5	1	2	0	1	3	0	0	1	0	0	0	1	1	0	0	0	0	0	0	0
126707	17 Oct 25	11:51:00	1	0	60	0	Ct	0	1	2	2	4	0	3	0	3	0	0	3	0	1	2	2	0	1	2	0	0	1	0	0	0	5	1	0	0	0	0	0	0	0
126708	17 Oct 25	11:52:00	1	0	60	0	Ct	0	1	0	2	9	0	5	0	0	0	0	1	0	1	3	0	0	1	1	0	0	1	0	0	0	1	0	0	0	0	0	0	0	0
126709	17 Oct 25	11:53:00	1	0	60	0	Ct	0	1	0	2	2	0	2	0	0	0	0	3	0	1	1	3	0	1	2	0	0	2	0	0	0	0	0	0	0	2	0	0	0	0
126710	17 Oct 25	11:54:00	1	0	60	0	Ct	0	1	0	3	0	1	1	1	6	0	0	0	0	1	1	0	0	3	1	0	0	1	0	0	0	0	0	0	0	0	0	0	0	0
126711	17 Oct 25	11:55:00	1	0	60	0	Ct	0	1	0	1	0	1	3	0	1	0	0	1	0	1	1	0	0	2	1	0	0	0	0	0	0	0	0	0	0	0	1	0	0	0
126712	17 Oct 25	11:56:00	1	0	60	0	Ct	0	1	0	2	2	0	1	1	1	0	0	4	0	7	2	0	0	2	2	0	0	1	0	0	0	0	0	0	0	0	1	0	0	0
126713	17 Oct 25	11:57:00	1	0	60	0	Ct	0	1	1	3	2	0	3	1	0	0	0	2	0	14	2	0	0	1	1	0	0	1	0	0	0	0	0	0	0	0	3	0	0	0
126714	17 Oct 25	11:58:00	1	0	60	0	Ct	0	1	1	1	1	1	3	1	0	0	0	0	0	0	2	0	0	2	3	0	0	0	0	0	0	0	0	0	0	0	1	0	0	0
126715	17 Oct 25	11:59:00	1	0	60	0	Ct	0	1	1	3	1	3	3	2	4	0	0	0	0	4	2	0	0	2	2	0	0	0	0	0	0	0	0	0	0	0	1	0	0	0
