7066	26 Jul 25	09:50:00	1	0	53	0	Ct	0	0	0	3	1	3	0	0	0	9	3	1	0	1	2	3	0	2	0	0	0	1	0	0	0	2	0	2	0	0	0	0	3	1
7067	26 Jul 25	09:51:00	1	0	53	0	Ct	0	0	1	5	0	1	0	0	0	0	2	2	0	4	1	1	0	3	2	0	0	0	0	0	0	2	0	2	0	0	0	0	4	1
7068	26 Jul 25	09:52:00	1	0	53	0	Ct	0	0	2	2	1	0	0	0	0	1	2	1	0	0	2	2	1	1	1	0	0	2	0	0	0	3	0	0	0	0	2	0	2	2
7069	26 Jul 25	09:53:00	1	0	53	0	Ct	0	0	4	3	1	1	0	0	0	0	3	0	0	0	1	2	1	1	1	0	0	2	0	0	0	1	0	1	0	0	4	0	1	1
7070	26 Jul 25	09:54:00	1	0	53	0	Ct	0	0	3	3	0	1	0	0	0	5	2	0	0	0	2	0	11	2	2	0	0	3	0	0	0	1	0	1	0	0	0	0	1	0
7071	26 Jul 25	09:55:00	1	0	53	0	Ct	0	0	1	1	1	3	0	0	0	1	0	2	0	0	1	0	2	2	0	1	0	1	0	1	0	2	0	0	0	0	0	0	3	2
7072	26 Jul 25	09:56:00	1	0	53	0	Ct	0	0	1	1	0	0	1	0	0	1	0	1	0	0	1	0	1	1	0	5	0	2	0	3	0	0	0	0	0	0	1	0	2	1
7073	26 Jul 25	09:57:00	1	0	53	0	Ct	0	0	2	1	2	1	1	0	0	2	2	1	0	0	5	0	0	0	1	3	0	0	0	2	0	0	0	2	0	0	1	0	2	0
7074	26 Jul 25	09:58:00	1	0	53	0	Ct	0	0	0	1	0	0	1	0	0	1	4	0	0	0	2	1	0	0	2	3	0	0	0	2	0	1	0	1	0	0	0	0	4	0
7075	26 Jul 25	09:59:00	1	0	53	0	Ct	0	0	1	1	0	0	1	0	0	0	2	0	0	0	0	1	0	0	1	2	0	0	0	0	0	1	0	1	0	0	0	0	2	0
7076	26 Jul 25	10:00:00	1	0	53	0	Ct	0	0	1	2	0	0	0	0	0	0	2	0	0	0	1	3	0	2	0	5	0	0	0	0	0	0	0	1	0	0	0	0	4	0
7077	26 Jul 25	10:01:00	1	0	53	0	Ct	0	0	0	1	0	0	2	0	0	0	2	0	0	0	0	3	0	1	2	2	0	1	0	2	0	0	0	1	0	0	0	0	3	1
7078	26 Jul 25	10:02:00	1	0	53	0	Ct	0	0	0	0	0	0	4	0	0	0	8	0	0	0	1	1	0	0	3	3	0	5	0	2	0	0	0	0	0	0	0	0	3	1
7079	26 Jul 25	10:03:00	1	0	53	0	Ct	0	0	0	1	0	0	0	0	0	0	4	1	0	0	2	2	0	0	0	1	0	2	0	0	0	1	0	0	0	0	0	0	3	1
7080	26 Jul 25	10:04:00	1	0	53	0	Ct	0	0	0	1	0	0	2	0	0	0	3	2	0	2	1	1	0	2	2	1	0	1	0	1	0	3	0	2	0	0	0	0	1	1
7081	26 Jul 25	10:05:00	1	0	53	0	Ct	0	1	1	1	1	0	2	0	0	1	0	3	0	2	1	1	4	2	1	1	0	2	1	1	0	3	0	1	0	0	0	0	3	1
7082	26 Jul 25	10:06:00	1	0	53	0	Ct	0	1	0	0	0	0	1	0	0	0	1	1	0	0	1	1	0	1	0	1	0	0	0	0	0	0	0	0	0	0	0	0	2	1
7083	26 Jul 25	10:07:00	1	0	53	0	Ct	0	1	0	1	0	0	1	0	0	0	0	0	0	0	0	2	0	0	0	0	0	0	0	0	0	0	0	1	0	0	0	0	2	0
7084	26 Jul 25	10:08:00	1	0	53	0	Ct	0	1	0	1	0	0	1	0	0	4	0	0	0	0	0	0	0	0	0	1	0	0	0	0	0	0	2	1	0	0	0	0	1	0
7085	26 Jul 25	10:09:00	1	0	53	0	Ct	0	1	0	0	2	1	1	0	0	0	0	0	0	0	0	0	0	0	0	1	0	0	0	0	0	0	0	0	0	0	0	0	2	0
7086	26 Jul 25	10:10:00	1	0	53	0	Ct	0	1	0	0	1	0	2	0	0	0	0	1	0	0	1	0	0	0	0	0	0	1	1	0	0	0	2	0	0	0	0	0	0	0
7087	26 Jul 25	10:11:00	1	0	53	0	Ct	0	1	0	0	0	0	0	0	0	0	0	0	0	0	3	0	0	0	0	0	0	1	1	0	0	0	0	0	0	0	0	0	2	0
7088	26 Jul 25	10:12:00	1	0	53	0	Ct	0	1	0	0	0	0	0	0	0	0	0	0	0	0	0	0	0	0	0	0	0	0	0	0	0	0	0	0	0	0	0	0	0	0
7089	26 Jul 25	10:13:00	1	0	53	0	Ct	0	1	0	2	0	1	0	0	0	0	0	1	1	0	1	0	0	1	0	0	0	0	0	0	0	0	0	0	0	0	0	0	0	0
7090	26 Jul 25	10:14:00	1	0	53	0	Ct	0	1	0	1	0	1	0	0	0	0	2	1	0	0	1	0	0	0	0	0	0	0	0	0	0	0	2	1	0	0	0	0	2	0
7091	26 Jul 25	10:15:00	1	0	53	0	Ct	0	1	0	0	0	1	0	0	0	0	0	2	1	0	1	0	0	0	0	0	0	0	1	0	0	0	0	0	0	0	0	0	1	3
7092	26 Jul 25	10:16:00	1	0	53	0	Ct	0	1	0	0	0	1	0	0	0	0	1	1	1	0	3	0	0	0	0	0	0	2	4	0	0	0	0	1	0	0	1	0	0	1
7093	26 Jul 25	10:17:00	1	0	53	0	Ct	0	1	0	1	0	0	0	0	0	0	0	1	0	0	0	0	0	0	0	0	0	0	0	0	0	0	1	0	0	0	1	0	1	1
7094	26 Jul 25	10:18:00	1	0	53	0	Ct	0	1	0	4	0	1	0	0	0	0	1	0	0	0	2	0	0	0	0	2	0	1	0	0	0	0	2	0	0	0	0	0	2	1
7095	26 Jul 25	10:19:00	1	0	53	0	Ct	0	1	0	1	0	1	0	0	0	0	0	0	0	0	2	0	0	0	0	1	0	0	1	0	0	0	0	0	0	0	0	0	2	1
7096	26 Jul 25	10:20:00	1	0	53	0	Ct	0	1	0	1	0	1	0	0	0	0	0	0	3	0	0	0	0	0	0	1	0	1	0	0	0	1	1	0	0	0	0	0	1	1
7097	26 Jul 25	10:21:00	1	0	53	0	Ct	0	1	0	3	0	0	0	0	0	0	0	0	2	0	0	2	0	0	0	0	0	0	1	0	0	0	1	0	0	0	1	0	3	2
7098	26 Jul 25	10:22:00	1	0	53	0	Ct	0	1	0	5	0	0	0	0	0	0	0	0	1	0	2	1	0	0	0	0	1	0	0	0	0	0	0	0	0	0	1	0	4	0
7099	26 Jul 25	10:23:00	1	0	53	0	Ct	0	1	0	2	0	0	0	0	0	1	0	0	0	0	1	0	0	0	0	0	2	0	1	0	0	0	1	0	0	0	0	0	1	0
7100	26 Jul 25	10:24:00	1	0	53	0	Ct	0	1	0	1	0	1	0	0	0	0	0	2	2	0	1	1	0	0	0	0	3	1	1	0	0	0	1	0	0	0	1	0	1	0
7101	26 Jul 25	10:25:00	1	0	53	0	Ct	0	1	0	1	0	1	0	0	0	0	0	0	2	0	0	0	0	0	1	0	0	1	0	0	0	0	0	0	0	0	4	0	1	0
7102	26 Jul 25	10:26:00	1	0	53	0	Ct	0	1	0	1	0	0	0	0	0	0	0	0	0	0	0	0	0	0	0	0	1	0	2	0	0	0	1	0	0	0	0	0	1	0
7103	26 Jul 25	10:27:00	1	0	53	0	Ct	0	1	0	2	0	2	0	0	0	0	0	1	0	0	2	0	0	0	0	0	0	0	0	0	0	0	1	0	0	0	0	0	2	0
7104	26 Jul 25	10:28:00	1	0	53	0	Ct	0	1	0	9	0	1	0	0	0	0	0	0	1	0	1	0	0	1	0	0	0	0	0	0	0	0	1	0	0	0	1	0	1	0
7105	26 Jul 25	10:29:00	1	0	53	0	Ct	0	1	0	3	0	0	0	0	0	1	0	0	2	0	1	0	0	1	0	0	0	0	2	0	0	0	0	0	0	0	0	0	3	0
7106	26 Jul 25	10:30:00	1	0	53	0	Ct	0	1	0	1	0	2	0	0	0	0	0	0	0	0	0	0	0	0	0	0	1	0	0	0	0	0	1	0	0	0	0	0	0	1
7107	26 Jul 25	10:31:00	1	0	53	0	Ct	0	1	0	1	0	1	0	0	0	0	0	0	1	0	0	0	0	2	0	0	0	0	1	0	0	0	0	0	0	0	0	0	1	1
7108	26 Jul 25	10:32:00	1	0	53	0	Ct	0	1	0	0	0	0	0	0	0	0	0	0	0	0	0	0	0	0	0	2	0	0	3	0	0	0	0	0	0	0	0	0	0	0
7109	26 Jul 25	10:33:00	1	0	53	0	Ct	0	1	0	1	0	1	0	0	0	0	0	0	0	0	2	0	0	2	0	1	0	0	1	0	0	0	0	0	0	0	0	0	3	0
7110	26 Jul 25	10:34:00	1	0	53	0	Ct	0	1	0	1	0	2	0	0	0	0	0	0	0	0	0	0	0	2	0	1	0	0	1	0	0	0	0	0	0	0	0	0	1	2
7111	26 Jul 25	10:35:00	1	0	53	0	Ct	0	1	0	2	0	1	0	0	0	0	0	0	0	0	0	0	0	1	0	2	0	1	0	0	0	0	0	0	0	0	0	0	2	1
7112	26 Jul 25	10:36:00	1	0	53	0	Ct	0	1	0	2	0	0	0	0	0	0	0	0	0	0	0	0	0	0	0	0	0	0	0	0	0	0	0	1	0	0	0	0	2	0
7113	26 Jul 25	10:37:00	1	0	53	0	Ct	0	1	0	0	0	1	0	0	0	0	0	0	0	0	1	1	0	1	0	2	0	1	0	0	0	0	0	0	0	0	0	0	0	1
7114	26 Jul 25	10:38:00	1	0	53	0	Ct	0	1	0	1	0	1	0	0	0	0	0	0	0	0	1	1	0	0	0	1	0	0	1	0	0	0	0	0	0	0	0	0	0	1
7115	26 Jul 25	10:39:00	1	0	53	0	Ct	0	1	0	1	0	1	0	0	0	0	0	0	0	0	1	0	0	0	0	1	0	0	1	0	0	0	0	1	0	0	0	0	0	1
7116	26 Jul 25	10:40:00	1	0	53	0	Ct	0	1	0	4	0	1	0	0	0	0	0	0	0	0	3	2	0	0	0	0	0	0	0	0	0	0	0	0	0	0	0	0	1	1
7117	26 Jul 25	10:41:00	1	0	53	0	Ct	0	1	0	0	0	2	0	0	0	0	0	1	0	0	4	1	0	0	0	1	0	0	1	0	0	0	0	1	0	0	0	0	1	0
7118	26 Jul 25	10:42:00	1	0	53	0	Ct	0	1	0	1	0	0	0	0	0	0	0	0	0	0	0	0	0	0	0	0	0	0	1	0	0	0	0	0	0	0	0	0	1	0
7119	26 Jul 25	10:43:00	1	0	53	0	Ct	0	1	0	1	0	0	0	0	0	3	0	0	0	0	2	0	0	0	0	3	0	0	0	0	0	0	0	0	0	0	0	0	1	0
7120	26 Jul 25	10:44:00	1	0	53	0	Ct	0	1	0	0	0	3	0	0	0	0	0	0	0	0	0	0	0	0	0	0	0	0	0	0	0	0	0	0	0	0	0	0	0	0
7121	26 Jul 25	10:45:00	1	0	53	0	Ct	0	1	0	0	0	0	0	0	0	0	0	0	0	0	1	1	0	0	0	2	0	0	0	0	0	0	0	0	0	0	0	0	3	0
7122	26 Jul 25	10:46:00	1	0	53	0	Ct	0	1	0	1	0	0	0	0	0	0	0	0	0	0	1	0	0	0	0	0	0	0	2	0	0	0	0	0	0	0	0	0	1	0
7123	26 Jul 25	10:47:00	1	0	53	0	Ct	0	1	0	2	0	1	0	0	0	0	0	0	0	0	1	0	0	0	0	1	0	0	0	0	0	0	0	0	0	0	0	0	2	0
7124	26 Jul 25	10:48:00	1	0	53	0	Ct	0	1	0	0	0	1	0	0	0	0	0	0	0	0	0	1	0	0	0	0	0	0	0	0	0	0	0	0	0	0	0	0	2	0
7125	26 Jul 25	10:49:00	1	0	53	0	Ct	0	1	0	0	0	0	4	0	0	0	0	0	0	0	1	0	0	0	0	0	0	0	0	0	0	0	0	0	0	0	0	0	1	2
7126	26 Jul 25	10:50:00	1	0	53	0	Ct	0	1	2	0	0	1	3	0	0	0	0	0	0	0	1	0	0	0	0	0	0	0	0	0	0	0	0	0	0	0	0	0	0	0
7127	26 Jul 25	10:51:00	1	0	53	0	Ct	0	1	0	1	0	2	0	0	0	0	0	0	0	0	2	0	0	0	0	1	0	0	0	0	0	0	0	0	0	0	0	0	2	0
7128	26 Jul 25	10:52:00	1	0	53	0	Ct	0	1	0	0	0	0	0	0	0	0	0	0	0	0	0	0	0	0	0	1	0	0	0	1	0	0	0	0	0	0	0	0	0	0
7129	26 Jul 25	10:53:00	1	0	53	0	Ct	0	1	0	1	0	0	0	0	0	0	0	0	0	0	1	0	0	0	0	0	0	0	0	0	0	0	0	0	0	0	0	0	3	0
7130	26 Jul 25	10:54:00	1	0	53	0	Ct	0	1	0	0	0	0	0	0	0	0	0	0	0	0	0	0	0	0	0	1	0	0	0	0	0	0	0	0	0	0	0	0	3	0
7131	26 Jul 25	10:55:00	1	0	53	0	Ct	0	1	5	0	0	2	1	0	0	0	0	0	0	0	1	0	0	0	0	1	0	0	0	0	0	0	0	0	0	0	0	0	1	0
7132	26 Jul 25	10:56:00	1	0	53	0	Ct	0	1	0	0	0	1	0	0	0	0	0	0	0	0	0	0	0	0	0	1	0	0	0	0	0	0	0	0	0	0	0	0	3	0
7133	26 Jul 25	10:57:00	1	0	53	0	Ct	0	1	0	2	0	0	0	0	0	0	0	0	0	0	0	0	0	0	0	0	0	0	0	0	0	0	0	0	0	0	0	0	7	0
7134	26 Jul 25	10:58:00	1	0	53	0	Ct	0	1	0	0	0	1	0	0	0	0	0	0	0	0	1	0	0	0	0	1	0	0	0	0	0	0	0	0	0	0	0	0	2	0
7135	26 Jul 25	10:59:00	1	0	53	0	Ct	0	1	0	2	0	1	0	0	0	0	0	0	0	0	0	0	0	1	0	1	0	0	0	0	0	0	0	0	0	0	0	0	1	0
7136	26 Jul 25	11:00:00	1	0	53	0	Ct	0	1	0	2	0	0	0	0	0	0	0	0	0	0	0	0	0	1	0	0	0	0	0	2	0	0	0	0	0	0	0	0	1	0
7137	26 Jul 25	11:01:00	1	0	53	0	Ct	0	1	0	2	0	0	0	0	0	0	0	0	0	0	0	0	0	0	0	1	0	0	0	0	0	0	0	0	0	0	0	0	2	0
7138	26 Jul 25	11:02:00	1	0	53	0	Ct	0	1	0	1	0	0	0	0	0	0	0	0	0	0	0	0	0	2	0	0	0	0	0	0	0	0	0	0	0	0	0	0	0	0
7139	26 Jul 25	11:03:00	1	0	53	0	Ct	0	1	0	3	0	0	0	0	0	0	0	0	0	0	0	1	0	0	0	0	0	0	0	0	0	0	0	0	0	0	0	0	0	0
7140	26 Jul 25	11:04:00	1	0	53	0	Ct	0	1	0	0	0	0	0	0	0	0	0	0	0	0	0	0	0	0	0	0	0	0	0	0	0	0	0	0	0	0	0	0	2	1
7141	26 Jul 25	11:05:00	1	0	53	0	Ct	0	1	0	2	0	0	0	0	0	0	0	0	0	0	0	1	0	0	0	1	0	0	0	0	0	0	0	0	0	0	0	0	2	1
7142	26 Jul 25	11:06:00	1	0	53	0	Ct	0	1	0	2	0	0	0	0	0	0	0	2	0	0	1	0	0	1	0	1	0	0	0	0	0	0	0	0	0	0	0	0	0	0
7143	26 Jul 25	11:07:00	1	0	53	0	Ct	0	1	0	1	0	0	0	0	0	0	0	0	0	0	0	0	0	0	0	0	0	0	0	0	0	0	0	0	0	0	0	0	0	0
7144	26 Jul 25	11:08:00	1	0	53	0	Ct	0	1	0	3	0	0	0	0	0	0	0	0	0	0	1	0	0	1	0	1	0	0	0	0	0	0	0	0	0	0	0	0	1	0
7145	26 Jul 25	11:09:00	1	0	53	0	Ct	0	1	0	1	0	0	0	0	0	0	0	0	0	0	0	0	0	0	0	1	0	0	0	0	0	0	0	0	0	0	0	0	1	0
7146	26 Jul 25	11:10:00	1	0	53	0	Ct	0	1	0	2	0	0	0	0	0	0	0	0	0	0	0	1	0	0	0	0	0	0	0	0	0	0	0	0	0	0	0	0	1	0
7147	26 Jul 25	11:11:00	1	0	53	0	Ct	0	1	0	0	0	0	0	0	0	2	0	0	0	0	0	0	0	0	0	2	0	0	0	0	0	0	0	0	0	0	0	0	0	0
7148	26 Jul 25	11:12:00	1	0	53	0	Ct	0	1	0	0	0	0	0	0	0	0	0	0	0	0	0	0	1	0	0	0	0	0	0	0	0	0	0	0	0	0	0	0	2	1
7149	26 Jul 25	11:13:00	1	0	53	0	Ct	0	1	0	1	0	0	0	0	0	0	0	0	0	0	0	0	0	0	0	1	0	0	0	0	0	0	0	0	0	0	0	0	0	0
7150	26 Jul 25	11:14:00	1	0	53	0	Ct	0	1	1	1	0	0	0	0	0	0	0	0	0	0	0	0	0	0	0	0	0	0	0	0	0	0	0	0	0	0	0	0	1	0
7151	26 Jul 25	11:15:00	1	0	53	0	Ct	0	1	2	1	0	0	0	0	0	0	0	0	0	0	0	0	0	0	0	3	0	0	0	0	0	0	0	0	0	0	0	0	1	1
7152	26 Jul 25	11:16:00	1	0	53	0	Ct	0	1	0	1	0	0	0	0	0	0	0	0	0	0	0	0	0	0	0	0	0	0	0	0	0	0	0	0	0	0	0	0	0	1
7153	26 Jul 25	11:17:00	1	0	53	0	Ct	0	1	0	1	0	0	0	0	0	0	0	0	0	0	0	0	0	0	0	0	0	0	0	0	0	0	0	0	0	0	0	0	0	1
7154	26 Jul 25	11:18:00	1	0	53	0	Ct	0	1	0	0	0	0	0	0	0	0	0	0	0	0	0	0	0	0	0	1	0	0	0	0	0	0	0	0	0	0	0	0	0	0
7155	26 Jul 25	11:19:00	1	0	53	0	Ct	0	1	0	0	0	0	0	0	0	0	0	0	0	0	1	0	0	0	0	0	0	0	0	0	0	0	0	0	0	0	0	0	0	0
7156	26 Jul 25	11:20:00	1	0	53	0	Ct	0	1	0	0	0	0	0	0	0	0	0	0	0	0	1	0	0	0	0	1	0	0	0	0	0	0	0	0	0	0	0	0	0	0
7157	26 Jul 25	11:21:00	1	0	53	0	Ct	0	1	0	0	0	0	0	0	0	0	0	0	0	0	0	0	0	0	0	0	0	0	0	0	0	0	0	0	0	0	0	0	1	0
7158	26 Jul 25	11:22:00	1	0	53	0	Ct	0	1	0	0	0	0	0	0	0	0	0	0	0	0	0	0	0	0	0	0	0	0	0	0	0	0	0	0	0	0	0	0	3	0
7159	26 Jul 25	11:23:00	1	0	53	0	Ct	0	1	0	0	0	0	0	0	0	0	0	0	0	0	0	0	0	0	0	3	0	0	0	0	0	0	0	0	0	0	0	0	1	0
7160	26 Jul 25	11:24:00	1	0	53	0	Ct	0	1	0	0	0	0	0	0	0	0	0	0	0	0	0	0	0	0	0	1	0	0	0	0	0	0	0	0	0	0	0	0	1	0
7161	26 Jul 25	11:25:00	1	0	53	0	Ct	0	1	0	0	0	0	0	0	0	0	0	0	0	0	0	0	1	0	0	1	0	0	0	0	0	0	0	0	0	0	0	0	0	0
7162	26 Jul 25	11:26:00	1	0	53	0	Ct	0	1	0	0	0	0	0	0	0	0	0	0	0	0	0	0	0	0	0	0	0	0	0	0	0	0	0	0	0	0	0	0	0	0
7163	26 Jul 25	11:27:00	1	0	53	0	Ct	0	1	0	0	0	0	0	0	0	0	0	0	0	0	0	0	0	0	0	1	0	0	0	0	0	0	0	0	0	0	0	0	2	0
7164	26 Jul 25	11:28:00	1	0	53	0	Ct	0	1	0	0	0	0	0	0	0	0	0	0	0	0	0	0	0	0	0	0	0	0	0	0	0	0	0	0	0	0	0	0	1	2
7165	26 Jul 25	11:29:00	1	0	53	0	Ct	0	1	5	0	0	0	0	0	0	0	0	0	0	0	0	0	0	0	0	1	0	0	0	0	0	0	0	0	0	0	0	0	0	0
7166	26 Jul 25	11:30:00	1	0	53	0	Ct	0	1	3	0	0	0	0	0	0	0	0	0	0	0	0	0	0	0	0	0	0	0	0	0	0	0	0	0	0	0	0	0	0	0
7167	26 Jul 25	11:31:00	1	0	53	0	Ct	0	1	0	0	0	0	0	0	0	0	0	0	0	0	0	0	0	0	0	0	0	0	0	0	0	0	0	0	0	0	0	0	1	0
7168	26 Jul 25	11:32:00	1	0	53	0	Ct	0	1	0	0	0	0	0	0	0	0	0	0	0	0	1	0	0	0	0	1	0	0	0	0	0	0	0	0	0	0	0	0	0	0
7169	26 Jul 25	11:33:00	1	0	53	0	Ct	0	1	0	0	0	0	0	0	0	0	0	0	0	0	0	0	0	0	0	0	0	0	0	0	0	0	0	0	0	0	0	0	0	0
7170	26 Jul 25	11:34:00	1	0	53	0	Ct	0	1	0	0	0	0	0	1	0	0	0	0	0	0	0	0	0	0	0	0	0	0	0	0	0	0	0	0	0	0	0	0	3	1
7171	26 Jul 25	11:35:00	1	0	53	0	Ct	0	1	2	0	0	0	0	0	0	0	0	0	0	0	0	0	0	0	0	0	0	0	0	0	0	0	0	0	0	0	0	0	2	0
7172	26 Jul 25	11:36:00	1	0	53	0	Ct	0	1	0	1	0	0	0	0	0	0	0	0	0	0	0	0	0	0	0	0	0	0	0	0	0	0	0	0	0	0	0	0	1	0
7173	26 Jul 25	11:37:00	1	0	53	0	Ct	0	1	0	2	0	0	0	0	0	0	0	0	0	0	1	0	0	1	0	0	0	0	0	0	0	0	0	0	0	0	0	0	0	0
7174	26 Jul 25	11:38:00	1	0	53	0	Ct	0	1	0	0	0	0	0	0	0	0	0	0	0	0	0	0	1	0	0	3	0	0	0	0	0	0	0	0	0	0	0	0	0	1
7175	26 Jul 25	11:39:00	1	0	53	0	Ct	0	1	2	0	0	0	0	0	0	0	0	0	0	0	0	0	0	0	0	2	0	0	0	0	0	0	0	0	0	0	0	0	0	0
7176	26 Jul 25	11:40:00	1	0	53	0	Ct	0	1	0	0	0	0	0	0	0	0	0	3	0	0	0	0	0	1	0	1	0	0	0	0	0	0	0	0	0	0	0	0	1	0
7177	26 Jul 25	11:41:00	1	0	53	0	Ct	0	1	0	0	0	0	0	0	0	0	0	2	0	0	0	0	0	0	0	1	0	0	0	0	0	0	0	0	0	0	0	0	0	0
7178	26 Jul 25	11:42:00	1	0	53	0	Ct	0	1	0	0	0	0	0	0	0	0	0	10	0	0	0	0	0	0	0	1	0	0	0	0	0	0	0	0	0	0	0	0	0	0
7179	26 Jul 25	11:43:00	1	0	53	0	Ct	0	1	0	0	0	0	0	0	0	0	0	0	0	0	0	0	0	0	0	1	0	0	0	0	0	0	0	0	0	0	0	0	0	0
7180	26 Jul 25	11:44:00	1	0	53	0	Ct	0	1	0	0	0	0	0	0	0	0	0	0	0	0	0	0	0	0	0	0	0	0	0	0	0	0	0	0	0	0	0	0	0	0
7181	26 Jul 25	11:45:00	1	0	53	0	Ct	0	1	0	0	0	0	0	0	0	0	0	0	0	0	0	0	0	0	0	0	0	0	0	0	0	0	0	0	0	0	0	0	0	0
7182	26 Jul 25	11:46:00	1	0	53	0	Ct	0	1	0	0	0	0	0	0	0	0	0	0	0	0	0	0	0	0	0	0	0	0	0	0	0	0	0	0	0	0	0	0	0	0
7183	26 Jul 25	11:47:00	1	0	53	0	Ct	0	1	0	0	0	1	0	0	0	0	0	0	0	0	0	0	0	0	0	1	0	0	0	0	0	0	0	0	0	0	0	0	0	0
7184	26 Jul 25	11:48:00	1	0	53	0	Ct	0	1	0	0	0	0	0	0	0	0	0	0	0	0	0	0	0	0	0	0	0	0	0	0	0	0	0	0	0	0	0	0	0	0
7185	26 Jul 25	11:49:00	1	0	53	0	Ct	0	1	2	0	0	0	0	0	0	0	0	0	0	0	0	0	0	0	0	0	0	0	0	0	0	0	0	0	0	0	0	0	0	0
7186	26 Jul 25	11:50:00	1	0	53	0	Ct	0	1	1	0	0	0	0	0	0	0	0	0	0	0	0	0	0	0	0	1	0	0	0	0	0	0	0	0	0	0	0	0	0	0
7187	26 Jul 25	11:51:00	1	0	53	0	Ct	0	1	0	0	0	0	0	0	0	0	0	0	0	0	0	0	0	0	0	0	0	0	0	0	0	0	0	0	0	0	0	0	0	0
7188	26 Jul 25	11:52:00	1	0	53	0	Ct	0	1	0	0	0	0	0	0	0	0	0	0	0	0	0	0	0	0	0	1	0	0	0	0	0	0	0	0	0	0	0	0	1	0
7189	26 Jul 25	11:53:00	1	0	53	0	Ct	0	1	0	0	0	0	0	0	0	0	0	0	0	0	0	0	0	0	0	1	0	0	0	0	0	0	0	0	0	0	0	0	2	0
7190	26 Jul 25	11:54:00	1	0	53	0	Ct	0	1	1	0	0	0	0	0	0	0	0	0	0	0	0	0	0	0	0	0	0	0	0	0	0	0	0	0	0	0	0	0	0	0
7191	26 Jul 25	11:55:00	1	0	53	0	Ct	0	1	0	0	0	0	0	0	0	0	0	0	0	0	0	0	0	0	0	0	0	0	0	0	0	0	0	0	0	0	0	0	3	2
7192	26 Jul 25	11:56:00	1	0	53	0	Ct	0	1	0	0	0	0	0	0	0	0	0	0	0	0	0	0	0	0	0	0	0	0	0	0	0	0	0	0	0	0	0	0	1	0
7193	26 Jul 25	11:57:00	1	0	53	0	Ct	0	1	0	0	0	0	0	0	0	0	0	0	0	0	0	0	0	0	0	0	0	0	0	0	0	0	0	0	0	0	0	0	0	0
7194	26 Jul 25	11:58:00	1	0	53	0	Ct	0	1	0	0	0	1	0	0	0	0	0	0	0	0	0	0	0	0	0	0	0	0	0	0	0	0	0	0	0	0	0	0	0	0
7195	26 Jul 25	11:59:00	1	0	53	0	Ct	0	1	0	0	0	0	0	0	0	0	0	0	0	0	0	0	0	0	0	0	0	0	0	0	0	0	0	0	0	0	0	0	2	0
7196	26 Jul 25	12:00:00	1	0	53	0	Ct	0	1	0	0	0	0	0	0	0	0	0	0	0	0	0	0	0	0	0	0	0	0	0	0	0	0	0	0	0	0	0	0	0	0
7197	26 Jul 25	12:01:00	1	0	53	0	Ct	0	1	0	0	0	0	0	0	0	0	0	0	0	0	0	0	0	0	0	0	0	0	0	0	0	0	0	0	0	0	0	0	0	1
7198	26 Jul 25	12:02:00	1	0	53	0	Ct	0	1	0	0	0	0	0	0	0	0	0	0	0	0	0	0	0	0	0	1	0	0	0	0	0	0	0	0	0	0	0	0	0	0
7199	26 Jul 25	12:03:00	1	0	53	0	Ct	0	1	0	0	0	0	0	0	0	0	0	0	0	0	0	0	0	0	0	0	0	0	0	0	0	0	0	0	0	0	0	0	0	0
7200	26 Jul 25	12:04:00	1	0	53	0	Ct	0	1	0	0	0	0	0	0	0	0	0	0	0	0	0	0	0	0	0	0	0	0	0	0	0	0	0	0	0	0	0	0	0	1
7201	26 Jul 25	12:05:00	1	0	53	0	Ct	0	1	0	0	0	0	0	0	0	0	0	0	0	0	0	0	0	0	0	0	0	0	0	0	0	0	0	0	0	0	0	0	0	0
7202	26 Jul 25	12:06:00	1	0	53	0	Ct	0	1	0	0	0	0	0	0	0	0	0	0	0	0	0	0	0	0	0	1	0	0	0	0	0	0	0	0	0	0	0	0	0	0
7203	26 Jul 25	12:07:00	1	0	53	0	Ct	0	1	0	0	0	0	0	0	0	0	0	0	0	0	0	0	0	0	0	0	0	0	0	0	0	0	0	0	0	0	0	0	0	0
7204	26 Jul 25	12:08:00	1	0	53	0	Ct	0	1	0	0	0	0	0	0	0	0	0	0	0	0	0	0	0	0	0	2	0	0	0	0	0	0	0	0	0	0	0	0	0	0
7205	26 Jul 25	12:09:00	1	0	53	0	Ct	0	1	0	0	0	0	0	0	0	0	0	0	0	0	0	0	0	0	0	0	0	0	0	0	0	0	0	0	0	0	0	0	0	0
7206	26 Jul 25	12:10:00	1	0	53	0	Ct	0	1	0	0	0	0	0	0	0	0	0	1	0	0	0	0	0	1	0	0	0	0	0	0	0	0	0	0	0	0	0	0	0	0
7207	26 Jul 25	12:11:00	1	0	53	0	Ct	0	1	0	0	0	0	0	0	0	0	0	0	0	0	0	0	0	0	0	0	0	0	0	1	0	0	0	0	0	0	0	0	0	0
7208	26 Jul 25	12:12:00	1	0	53	0	Ct	0	1	0	0	0	0	0	0	1	0	0	0	0	0	0	0	0	0	0	0	0	0	0	0	0	0	0	0	0	0	0	0	0	0
7209	26 Jul 25	12:13:00	1	0	53	0	Ct	0	1	0	0	0	0	0	0	0	0	0	0	0	0	0	0	0	0	0	0	0	0	0	0	0	0	0	0	0	0	0	0	0	2
7210	26 Jul 25	12:14:00	1	0	53	0	Ct	0	1	0	0	0	0	0	0	1	0	0	0	0	0	0	0	0	1	0	1	0	0	0	1	0	0	0	0	0	0	0	0	0	0
7211	26 Jul 25	12:15:00	1	0	53	0	Ct	0	1	0	1	0	0	0	0	1	0	0	0	0	0	1	1	0	0	0	0	0	0	0	0	0	0	0	0	0	0	0	0	0	0
7212	26 Jul 25	12:16:00	1	0	53	0	Ct	0	1	0	0	0	0	0	0	2	0	0	0	0	0	0	0	0	0	0	0	0	0	0	1	0	0	0	0	0	0	0	0	0	0
7213	26 Jul 25	12:17:00	1	0	53	0	Ct	0	1	0	0	0	0	0	0	2	0	0	0	0	0	0	0	0	0	0	0	0	0	0	0	0	0	0	0	0	0	0	0	0	0
7214	26 Jul 25	12:18:00	1	0	53	0	Ct	0	1	0	0	0	0	0	0	0	0	0	0	0	0	0	0	0	0	0	0	0	0	0	0	0	0	2	0	0	0	0	0	0	0
7215	26 Jul 25	12:19:00	1	0	53	0	Ct	0	1	0	0	0	0	0	0	0	0	0	0	0	0	1	0	0	0	0	0	0	0	0	0	0	0	0	0	0	0	0	0	0	0
7216	26 Jul 25	12:20:00	1	0	53	0	Ct	0	1	0	0	0	0	0	0	1	0	0	0	0	0	1	0	0	0	0	0	0	0	0	0	0	0	0	0	0	0	0	0	0	0
7217	26 Jul 25	12:21:00	1	0	53	0	Ct	0	1	0	0	0	0	0	0	1	0	0	0	0	0	2	0	0	0	0	0	0	0	0	0	0	0	0	0	0	0	0	0	0	0
7218	26 Jul 25	12:22:00	1	0	53	0	Ct	0	1	0	0	0	0	0	0	1	0	0	0	0	0	0	0	0	0	0	0	0	0	0	0	0	0	0	0	0	0	0	0	0	0
7219	26 Jul 25	12:23:00	1	0	53	0	Ct	0	1	0	0	0	0	0	0	3	0	0	0	0	0	0	0	0	0	0	0	0	0	0	0	0	0	0	0	0	0	0	0	0	0
7220	26 Jul 25	12:24:00	1	0	53	0	Ct	0	1	0	0	0	0	0	0	3	0	0	0	0	0	0	0	0	0	0	0	0	0	0	0	0	0	4	0	0	0	0	0	0	1
7221	26 Jul 25	12:25:00	1	0	53	0	Ct	0	1	0	2	0	0	0	0	1	0	0	0	0	0	0	0	0	0	0	1	0	0	0	0	0	0	0	0	0	0	0	0	0	0
7222	26 Jul 25	12:26:00	1	0	53	0	Ct	0	1	0	0	0	0	0	0	1	0	0	0	0	0	0	0	0	0	0	0	0	0	0	0	0	0	0	0	0	0	0	0	0	0
7223	26 Jul 25	12:27:00	1	0	53	0	Ct	0	1	0	0	0	0	0	0	0	0	0	0	0	0	0	0	0	0	0	0	0	0	0	0	0	0	1	0	0	0	0	0	0	0
7224	26 Jul 25	12:28:00	1	0	53	0	Ct	0	1	0	0	0	0	0	0	2	0	0	0	0	0	1	0	0	0	0	0	0	0	0	0	0	0	0	0	0	0	0	0	0	0
7225	26 Jul 25	12:29:00	1	0	53	0	Ct	0	1	0	0	0	0	0	0	1	0	0	0	0	0	0	0	0	0	0	0	0	0	0	0	0	0	2	0	0	0	0	0	0	1
7226	26 Jul 25	12:30:00	1	0	53	0	Ct	0	1	0	0	0	0	0	0	1	0	0	7	0	0	0	0	0	0	0	0	0	0	0	0	0	0	2	0	0	0	0	0	0	0
7227	26 Jul 25	12:31:00	1	0	53	0	Ct	0	1	0	0	0	0	0	0	0	0	0	0	0	0	0	0	0	0	0	0	0	0	0	0	0	0	0	0	0	0	0	0	0	0
7228	26 Jul 25	12:32:00	1	0	53	0	Ct	0	1	0	0	0	0	0	0	0	0	0	0	0	0	0	0	0	0	0	0	0	0	0	0	0	0	2	0	0	0	0	0	0	0
7229	26 Jul 25	12:33:00	1	0	53	0	Ct	0	1	0	0	0	0	0	0	0	0	0	0	0	0	9	0	0	0	0	0	0	0	0	0	0	0	2	0	0	0	0	0	0	0
7230	26 Jul 25	12:34:00	1	0	53	0	Ct	0	1	0	0	0	0	0	0	0	0	0	3	0	0	22	0	0	0	0	0	0	0	0	0	0	0	2	0	0	0	0	0	0	0
7231	26 Jul 25	12:35:00	1	0	53	0	Ct	0	1	0	0	0	0	0	0	0	0	0	0	0	0	0	0	0	0	0	0	0	0	0	0	0	0	1	0	0	0	0	0	0	0
7232	26 Jul 25	12:36:00	1	0	53	0	Ct	0	1	0	0	0	0	0	0	0	0	0	0	0	0	12	0	0	0	0	0	0	0	0	0	0	5	0	0	0	0	0	0	0	0
7233	26 Jul 25	12:37:00	1	0	53	0	Ct	0	1	0	0	0	0	0	0	0	0	0	0	0	0	12	0	0	0	0	0	0	0	0	0	0	0	1	0	0	0	0	0	0	1
7234	26 Jul 25	12:38:00	1	0	53	0	Ct	0	1	0	0	0	0	0	0	0	0	0	0	0	0	0	0	0	0	0	0	0	0	0	0	0	0	0	0	0	0	0	0	1	0
7235	26 Jul 25	12:39:00	1	0	53	0	Ct	0	1	0	0	0	0	0	0	0	0	0	0	0	0	0	0	0	0	0	0	0	0	0	0	0	0	3	0	0	0	0	0	1	0
7236	26 Jul 25	12:40:00	1	0	53	0	Ct	0	1	0	0	0	0	0	0	0	0	0	0	0	0	0	0	0	0	0	0	0	0	0	0	0	0	0	0	0	0	0	0	0	0
7237	26 Jul 25	12:41:00	1	0	53	0	Ct	0	1	0	0	0	0	0	0	0	0	0	0	0	0	0	0	0	0	0	0	0	0	0	0	0	0	1	0	0	0	0	0	0	0
7238	26 Jul 25	12:42:00	1	0	53	0	Ct	0	1	0	0	0	0	0	0	0	0	0	0	0	0	0	0	0	0	0	0	0	0	0	0	0	0	1	0	0	0	0	0	0	0
7239	26 Jul 25	12:43:00	1	0	53	0	Ct	0	1	0	0	0	0	0	0	0	0	0	0	0	0	0	0	0	0	0	0	0	0	0	0	0	0	0	0	0	0	0	0	0	0
7240	26 Jul 25	12:44:00	1	0	53	0	Ct	0	1	0	0	0	0	0	0	0	0	0	0	0	0	0	0	0	0	0	1	0	0	0	0	0	0	0	0	0	0	0	0	0	0
7241	26 Jul 25	12:45:00	1	0	53	0	Ct	0	1	0	0	0	0	0	0	0	0	0	0	0	0	0	0	0	0	0	0	0	0	0	0	0	0	0	0	0	0	0	0	0	0
7242	26 Jul 25	12:46:00	1	0	53	0	Ct	0	1	0	0	0	0	0	0	0	0	0	0	0	0	0	0	0	0	0	0	0	0	0	0	0	0	0	0	0	0	0	0	0	0
7243	26 Jul 25	12:47:00	1	0	53	0	Ct	0	1	0	0	0	0	0	0	0	0	0	0	0	0	0	0	0	0	0	0	0	0	0	0	0	0	0	0	0	0	0	0	0	0
7244	26 Jul 25	12:48:00	1	0	53	0	Ct	0	1	0	0	0	0	0	0	0	0	0	0	0	0	0	0	0	0	0	0	0	0	0	0	0	0	0	0	0	0	0	0	0	0
7245	26 Jul 25	12:49:00	1	0	53	0	Ct	0	1	0	0	0	0	0	0	0	0	0	0	0	0	0	0	0	0	0	0	0	0	0	0	0	0	0	0	0	0	0	0	0	0
7246	26 Jul 25	12:50:00	1	0	53	0	Ct	0	1	0	0	0	0	0	0	0	0	0	0	0	0	0	0	0	0	0	0	0	0	0	0	0	0	0	0	0	0	0	0	0	0
7247	26 Jul 25	12:51:00	1	0	53	0	Ct	0	1	0	0	0	0	0	0	0	0	0	0	0	0	0	0	0	0	0	0	0	0	0	0	0	0	0	0	0	0	0	0	0	0
7248	26 Jul 25	12:52:00	1	0	53	0	Ct	0	1	0	4	0	0	0	0	0	0	0	0	0	0	0	0	0	0	0	0	0	0	0	0	0	0	0	0	0	0	0	0	0	0
7249	26 Jul 25	12:53:00	1	0	53	0	Ct	0	1	1	6	0	0	0	0	0	0	0	0	0	0	0	0	0	0	0	0	0	0	0	0	0	0	0	0	0	0	0	0	0	0
7250	26 Jul 25	12:54:00	1	0	53	0	Ct	0	1	0	0	0	0	0	0	0	0	0	0	0	0	0	0	0	0	0	0	0	0	0	0	0	0	0	0	0	0	0	0	1	0
7251	26 Jul 25	12:55:00	1	0	53	0	Ct	0	1	0	0	0	0	0	0	0	0	0	2	0	0	0	0	0	0	0	0	0	0	0	0	0	0	0	0	0	0	0	0	1	0
7252	26 Jul 25	12:56:00	1	0	53	0	Ct	0	1	0	0	0	0	0	0	0	0	0	0	0	0	0	0	0	0	0	0	0	0	0	0	0	0	0	0	0	0	0	0	1	0
7253	26 Jul 25	12:57:00	1	0	53	0	Ct	0	1	0	0	0	0	0	0	0	0	0	0	0	0	0	0	0	0	0	1	0	0	0	0	0	0	0	0	0	0	0	0	1	0
7254	26 Jul 25	12:58:00	1	0	53	0	Ct	0	1	0	0	0	0	0	0	0	0	0	1	0	0	0	0	0	0	0	0	0	0	0	0	0	0	0	0	0	0	0	0	0	0
7255	26 Jul 25	12:59:00	1	0	53	0	Ct	0	1	0	0	0	0	0	0	0	0	0	0	0	0	0	0	0	0	0	0	0	0	0	0	0	0	0	0	0	0	0	0	1	0
7256	26 Jul 25	13:00:00	1	0	53	0	Ct	0	1	0	0	0	0	0	0	0	0	0	0	0	0	0	0	0	0	0	0	0	0	0	0	0	0	0	0	0	0	0	0	0	0
7257	26 Jul 25	13:01:00	1	0	53	0	Ct	0	1	0	0	0	0	0	0	0	0	0	0	0	0	0	0	0	0	0	0	0	1	0	0	0	0	0	0	0	0	0	0	0	0
7258	26 Jul 25	13:02:00	1	0	53	0	Ct	0	1	0	0	0	0	0	0	0	0	0	2	0	0	0	0	0	0	0	0	0	0	0	0	0	0	0	0	0	0	0	0	1	0
7259	26 Jul 25	13:03:00	1	0	53	0	Ct	0	1	0	0	0	0	0	0	0	0	0	0	0	0	0	0	0	0	0	0	0	1	0	0	0	0	0	0	0	0	0	0	0	0
7260	26 Jul 25	13:04:00	1	0	53	0	Ct	0	1	0	0	0	0	0	0	0	0	0	1	0	0	0	0	0	0	0	0	0	0	0	0	0	0	0	0	0	0	0	0	0	0
7261	26 Jul 25	13:05:00	1	0	53	0	Ct	0	1	0	0	0	0	0	0	0	0	0	0	0	0	0	0	0	0	0	0	0	1	0	0	0	0	0	0	0	0	0	0	0	0
7262	26 Jul 25	13:06:00	1	0	53	0	Ct	0	1	0	0	0	0	0	0	0	0	0	0	0	0	0	0	0	0	0	0	0	1	0	0	0	0	0	0	0	0	0	0	0	0
7263	26 Jul 25	13:07:00	1	0	53	0	Ct	0	1	0	0	0	0	0	0	0	0	0	0	0	0	0	0	0	0	0	0	0	2	0	0	0	0	0	0	0	0	0	0	0	0
7264	26 Jul 25	13:08:00	1	0	53	0	Ct	0	1	0	0	0	0	0	0	0	0	0	0	0	0	0	0	0	0	0	0	0	0	0	0	0	0	0	0	0	0	0	0	0	0
7265	26 Jul 25	13:09:00	1	0	53	0	Ct	0	1	0	2	0	0	0	0	0	0	0	0	0	0	0	0	0	0	0	0	0	2	0	0	0	0	0	0	0	0	0	0	0	0
7266	26 Jul 25	13:10:00	1	0	53	0	Ct	0	1	7	0	0	0	0	0	0	0	0	0	0	0	0	0	0	0	0	0	0	0	0	0	0	0	0	0	0	0	0	0	0	0
7267	26 Jul 25	13:11:00	1	0	53	0	Ct	0	1	0	1	0	0	0	0	0	0	0	0	0	0	0	0	0	0	0	0	0	1	0	0	0	0	0	0	0	0	0	0	0	0
7268	26 Jul 25	13:12:00	1	0	53	0	Ct	0	1	0	0	0	0	0	0	0	0	0	0	0	0	0	0	0	0	0	0	0	1	0	0	0	0	0	0	0	0	0	0	0	0
7269	26 Jul 25	13:13:00	1	0	53	0	Ct	0	1	0	0	0	0	0	0	0	0	0	0	0	0	0	0	0	0	0	0	0	1	0	0	0	0	0	0	0	0	0	0	0	0
7270	26 Jul 25	13:14:00	1	0	53	0	Ct	0	1	0	0	0	0	0	0	0	0	0	0	0	0	0	0	0	2	0	0	0	2	0	0	0	0	0	0	0	0	0	0	0	0
7271	26 Jul 25	13:15:00	1	0	53	0	Ct	0	1	0	0	0	0	0	0	0	0	0	0	0	0	0	0	0	1	0	0	0	0	0	0	0	0	0	0	0	0	0	0	0	0
7272	26 Jul 25	13:16:00	1	0	53	0	Ct	0	1	0	0	0	0	0	0	0	0	0	0	0	0	0	0	0	0	0	0	0	0	0	0	0	0	0	0	0	0	0	0	0	0
7273	26 Jul 25	13:17:00	1	0	53	0	Ct	0	1	0	0	0	0	0	0	0	0	0	0	0	0	0	0	0	0	0	0	0	0	0	0	0	0	0	0	0	0	0	0	0	0
7274	26 Jul 25	13:18:00	1	0	53	0	Ct	0	1	0	0	0	0	0	0	0	0	0	0	0	0	0	0	0	0	0	0	0	1	0	0	0	0	0	0	0	0	0	0	0	0
7275	26 Jul 25	13:19:00	1	0	53	0	Ct	0	1	0	0	0	0	0	0	0	0	0	0	0	0	0	0	0	0	0	0	0	1	0	0	0	0	0	0	0	0	0	0	0	0
7276	26 Jul 25	13:20:00	1	0	53	0	Ct	0	1	0	5	0	0	0	0	0	0	0	0	0	0	0	0	0	0	0	0	0	2	0	0	0	0	0	0	0	0	0	0	0	0
7277	26 Jul 25	13:21:00	1	0	53	0	Ct	0	1	0	0	0	0	0	0	0	0	0	0	0	0	0	0	0	0	0	0	0	1	0	0	0	0	0	0	0	0	0	0	0	0
7278	26 Jul 25	13:22:00	1	0	53	0	Ct	0	1	0	0	0	0	0	0	0	0	0	0	0	0	0	0	0	0	0	0	0	1	0	0	0	0	0	0	0	0	0	0	0	0
7279	26 Jul 25	13:23:00	1	0	53	0	Ct	0	1	0	0	0	0	0	0	0	0	0	0	0	0	0	0	0	0	0	0	0	1	0	0	0	0	0	0	0	0	0	0	0	0
7280	26 Jul 25	13:24:00	1	0	53	0	Ct	0	1	0	1	0	0	0	0	0	0	0	0	0	0	0	0	7	0	0	0	0	0	0	0	0	0	0	0	0	0	0	0	0	0
7281	26 Jul 25	13:25:00	1	0	53	0	Ct	0	1	4	0	0	0	0	0	0	0	0	0	0	0	0	0	0	0	0	0	0	1	0	0	0	0	0	0	0	0	0	0	0	0
7282	26 Jul 25	13:26:00	1	0	53	0	Ct	0	1	0	0	0	0	0	0	0	0	0	0	0	0	0	0	0	0	0	0	0	1	0	0	0	0	0	0	0	0	0	0	0	0
7283	26 Jul 25	13:27:00	1	0	53	0	Ct	0	1	0	0	0	0	0	0	0	0	0	0	0	0	0	0	0	0	0	0	0	0	0	0	0	0	0	0	0	0	0	0	0	0
7284	26 Jul 25	13:28:00	1	0	53	0	Ct	0	1	0	0	0	0	0	0	0	0	0	0	0	0	0	0	0	0	0	0	0	0	0	0	0	0	0	0	0	0	0	0	0	0
7285	26 Jul 25	13:29:00	1	0	53	0	Ct	0	1	0	0	0	0	0	0	0	0	0	0	0	0	0	0	0	0	0	0	0	2	0	0	0	0	0	0	0	0	0	0	0	0
7286	26 Jul 25	13:30:00	1	0	53	0	Ct	0	1	0	0	0	0	0	0	0	0	0	0	0	0	0	0	0	0	0	0	0	1	0	0	0	0	0	0	0	0	0	0	0	0
7287	26 Jul 25	13:31:00	1	0	53	0	Ct	0	1	0	0	0	0	0	0	0	0	0	0	0	0	1	0	0	0	0	0	0	0	0	0	0	0	0	0	0	0	0	0	0	1
7288	26 Jul 25	13:32:00	1	0	53	0	Ct	0	1	0	0	0	0	0	0	0	0	0	0	0	0	0	0	0	0	0	0	0	1	0	0	0	0	0	0	0	0	0	0	0	0
7289	26 Jul 25	13:33:00	1	0	53	0	Ct	0	1	2	0	0	0	0	0	0	0	0	0	0	0	0	0	0	0	0	0	0	0	0	0	0	0	0	0	0	0	0	0	0	2
7290	26 Jul 25	13:34:00	1	0	53	0	Ct	0	1	0	0	0	0	0	0	0	0	0	2	0	0	0	0	0	0	0	0	0	0	0	0	0	0	0	0	0	0	0	0	0	1
7291	26 Jul 25	13:35:00	1	0	53	0	Ct	0	1	0	0	0	0	0	0	0	0	0	0	0	0	0	0	0	0	0	0	0	1	0	0	0	0	0	0	0	0	0	0	0	1
7292	26 Jul 25	13:36:00	1	0	53	0	Ct	0	1	0	0	0	0	0	0	0	0	0	0	0	0	0	0	0	0	0	0	0	1	0	0	0	0	0	0	0	0	0	0	0	0
7293	26 Jul 25	13:37:00	1	0	53	0	Ct	0	1	0	0	0	0	0	0	0	0	0	0	0	0	0	0	0	0	0	0	0	0	0	0	0	0	0	0	0	0	0	0	0	1
7294	26 Jul 25	13:38:00	1	0	53	0	Ct	0	1	0	0	0	0	0	0	0	0	0	0	0	0	0	0	0	0	0	0	0	1	0	0	0	0	0	0	0	0	0	0	0	2
7295	26 Jul 25	13:39:00	1	0	53	0	Ct	0	1	0	0	0	0	0	0	0	0	0	1	0	0	0	0	0	0	0	0	0	2	0	0	0	0	0	0	0	0	0	0	0	0
7296	26 Jul 25	13:40:00	1	0	53	0	Ct	0	1	0	0	0	0	0	0	0	0	0	7	0	0	0	0	0	0	0	0	0	3	0	0	0	0	0	0	0	0	0	0	0	3
7297	26 Jul 25	13:41:00	1	0	53	0	Ct	0	1	0	0	0	0	0	0	0	0	0	0	0	0	0	0	0	0	0	0	0	1	0	0	0	0	0	0	0	0	0	0	0	1
7298	26 Jul 25	13:42:00	1	0	53	0	Ct	0	1	0	0	0	0	0	0	0	0	0	2	0	0	0	9	2	0	0	0	0	0	0	0	0	0	0	0	0	0	0	0	0	1
7299	26 Jul 25	13:43:00	1	0	53	0	Ct	0	1	0	0	0	0	0	0	0	0	0	0	0	0	0	9	0	0	0	0	0	0	0	0	0	0	0	0	0	0	0	0	0	1
7300	26 Jul 25	13:44:00	1	0	53	0	Ct	0	1	0	0	0	1	0	0	0	0	0	0	0	0	0	0	0	0	0	0	0	0	0	0	0	0	0	0	0	0	0	0	0	2
7301	26 Jul 25	13:45:00	1	0	53	0	Ct	0	1	0	0	0	0	0	0	0	0	0	0	0	0	0	0	0	0	0	0	0	0	0	0	0	0	0	0	0	0	0	0	0	0
7302	26 Jul 25	13:46:00	1	0	53	0	Ct	0	1	0	0	0	0	0	0	0	0	0	0	0	0	1	0	0	0	0	0	0	0	0	0	0	0	0	0	0	0	0	0	0	1
7303	26 Jul 25	13:47:00	1	0	53	0	Ct	0	1	0	1	0	0	0	0	0	0	0	0	0	0	0	0	0	0	0	0	0	0	0	0	0	0	0	0	0	0	0	0	0	0
7304	26 Jul 25	13:48:00	1	0	53	0	Ct	0	1	0	0	0	0	0	0	0	0	0	0	0	0	0	0	0	0	0	0	0	0	0	0	0	0	0	0	0	0	0	0	0	0
7305	26 Jul 25	13:49:00	1	0	53	0	Ct	0	1	0	0	0	0	0	0	0	0	0	0	0	0	0	0	0	0	0	1	0	0	0	0	0	0	0	0	0	0	0	0	0	0
7306	26 Jul 25	13:50:00	1	0	53	0	Ct	0	1	0	0	0	0	0	0	0	0	0	0	0	0	0	0	0	0	0	0	0	0	0	0	0	0	0	0	0	0	0	0	0	0
7307	26 Jul 25	13:51:00	1	0	53	0	Ct	0	1	0	2	0	0	0	0	0	0	0	0	0	0	0	1	3	0	0	1	0	0	0	0	0	0	0	0	0	0	0	0	0	0
7308	26 Jul 25	13:52:00	1	0	53	0	Ct	0	1	0	0	0	0	0	0	0	0	0	0	0	0	0	0	0	0	0	0	0	0	0	0	0	0	0	0	0	0	0	0	0	0
7309	26 Jul 25	13:53:00	1	0	53	0	Ct	0	1	0	0	0	0	0	0	0	0	0	0	0	0	0	0	0	0	0	0	0	0	0	0	0	0	0	0	0	0	0	0	0	0
7310	26 Jul 25	13:54:00	1	0	53	0	Ct	0	1	0	0	0	0	0	0	0	0	0	1	0	0	0	0	0	0	0	0	0	0	0	0	0	0	0	0	0	0	0	0	0	0
7311	26 Jul 25	13:55:00	1	0	53	0	Ct	0	1	0	0	0	0	0	0	0	0	0	0	0	0	0	0	0	0	0	0	0	0	0	0	0	0	0	0	0	0	0	0	0	0
7312	26 Jul 25	13:56:00	1	0	53	0	Ct	0	1	0	0	0	0	0	0	0	0	0	0	0	0	0	0	0	0	0	0	0	0	0	0	0	0	0	0	0	0	0	0	0	1
7313	26 Jul 25	13:57:00	1	0	53	0	Ct	0	1	0	0	0	0	0	0	0	0	0	0	0	0	0	0	0	0	0	0	0	0	0	0	0	0	0	0	0	0	0	0	0	0
7314	26 Jul 25	13:58:00	1	0	53	0	Ct	0	1	0	0	0	0	0	0	0	0	0	0	0	0	0	0	0	0	0	1	0	0	0	0	0	0	0	0	0	0	0	0	0	0
7315	26 Jul 25	13:59:00	1	0	53	0	Ct	0	1	0	0	0	0	0	0	0	0	0	0	0	0	0	0	0	0	0	0	0	0	0	0	0	0	0	0	0	0	0	0	0	0
7316	26 Jul 25	14:00:00	1	0	53	0	Ct	0	1	0	0	0	0	0	0	0	0	0	0	0	0	0	0	0	0	0	1	0	0	0	0	0	0	0	0	0	0	0	0	0	0
7317	26 Jul 25	14:01:00	1	0	53	0	Ct	0	1	0	0	0	0	0	0	0	0	0	0	0	0	0	0	0	0	0	0	0	0	0	0	0	0	0	0	0	0	0	0	0	0
7318	26 Jul 25	14:02:00	1	0	53	0	Ct	0	1	0	0	0	0	0	0	0	0	0	0	0	0	0	0	0	0	0	0	0	0	0	0	0	0	0	0	0	0	0	0	0	0
7319	26 Jul 25	14:03:00	1	0	53	0	Ct	0	1	0	0	0	0	0	0	0	0	0	0	0	0	0	0	0	0	0	0	0	0	0	0	0	0	0	0	0	0	0	0	0	0
7320	26 Jul 25	14:04:00	1	0	53	0	Ct	0	1	0	0	0	0	0	0	0	0	0	0	0	0	0	0	0	0	0	0	0	0	0	0	0	0	0	0	0	0	0	0	0	1
7321	26 Jul 25	14:05:00	1	0	53	0	Ct	0	1	0	0	0	0	0	0	0	0	0	0	0	0	0	0	0	0	0	0	0	0	0	0	0	0	0	0	0	0	0	0	0	0
7322	26 Jul 25	14:06:00	1	0	53	0	Ct	0	1	0	0	0	0	0	0	0	0	0	0	0	0	0	0	0	0	0	0	0	0	0	0	0	0	0	0	0	0	0	0	0	0
7323	26 Jul 25	14:07:00	1	0	53	0	Ct	0	1	0	0	0	0	0	0	0	0	0	0	0	0	0	0	0	0	0	0	0	0	0	0	0	0	0	0	0	0	0	0	0	0
7324	26 Jul 25	14:08:00	1	0	53	0	Ct	0	1	0	0	0	0	0	3	0	0	0	0	0	0	0	0	0	0	0	0	0	0	0	0	0	0	0	0	0	0	0	0	0	0
7325	26 Jul 25	14:09:00	1	0	53	0	Ct	0	1	0	0	0	0	0	0	0	0	0	0	0	0	0	0	0	0	0	0	0	0	0	0	0	0	0	0	0	0	0	0	0	0
7326	26 Jul 25	14:10:00	1	0	53	0	Ct	0	1	0	0	0	0	0	0	0	0	0	0	0	0	0	0	0	0	0	0	0	0	0	0	0	0	0	0	0	0	0	0	0	0
7327	26 Jul 25	14:11:00	1	0	53	0	Ct	0	1	0	0	0	0	0	0	0	0	0	0	0	0	0	0	0	0	0	0	0	0	0	0	0	0	0	0	0	0	0	0	0	0
7328	26 Jul 25	14:12:00	1	0	53	0	Ct	0	1	0	0	0	0	0	0	0	0	0	0	0	0	0	0	0	0	0	0	0	0	0	0	0	0	0	0	0	0	0	0	0	0
7329	26 Jul 25	14:13:00	1	0	53	0	Ct	0	1	0	0	0	0	0	0	0	0	0	0	0	0	0	0	0	0	0	0	0	0	0	0	0	0	0	0	0	0	0	0	0	0
7330	26 Jul 25	14:14:00	1	0	53	0	Ct	0	1	0	0	0	0	0	0	0	0	0	0	0	0	0	0	0	0	0	0	0	0	0	0	0	0	0	0	0	0	0	0	0	0
7331	26 Jul 25	14:15:00	1	0	53	0	Ct	0	1	0	0	0	0	0	0	0	0	0	0	0	0	0	0	0	0	0	0	0	0	0	0	0	0	0	0	0	0	0	0	0	0
7332	26 Jul 25	14:16:00	1	0	53	0	Ct	0	1	0	0	0	0	0	0	0	0	0	0	0	0	0	0	0	0	0	0	0	0	0	0	0	0	0	0	0	0	0	0	0	0
7333	26 Jul 25	14:17:00	1	0	53	0	Ct	0	1	0	0	0	0	0	0	0	0	0	0	0	0	0	0	0	0	0	0	0	0	0	0	0	0	0	0	0	0	0	0	0	0
7334	26 Jul 25	14:18:00	1	0	53	0	Ct	0	1	0	0	0	0	0	0	0	0	0	0	0	1	0	0	0	0	0	0	0	0	0	0	0	0	0	0	0	0	0	0	0	0
7335	26 Jul 25	14:19:00	1	0	53	0	Ct	0	1	0	0	0	0	0	0	0	0	0	0	0	0	0	0	0	0	0	0	0	0	0	0	0	0	0	0	0	0	0	0	0	0
7336	26 Jul 25	14:20:00	1	0	53	0	Ct	0	1	0	0	0	0	0	0	0	0	0	0	0	0	0	0	0	0	0	0	0	0	0	0	0	0	0	0	0	0	0	0	0	0
7337	26 Jul 25	14:21:00	1	0	53	0	Ct	0	1	0	1	0	0	0	0	0	0	0	0	0	0	0	0	0	0	0	0	0	0	0	0	0	0	0	0	0	0	0	0	0	0
7338	26 Jul 25	14:22:00	1	0	53	0	Ct	0	1	0	0	0	0	0	0	0	0	0	0	0	0	0	0	0	0	0	0	0	0	0	0	0	0	0	0	0	0	0	0	0	0
7339	26 Jul 25	14:23:00	1	0	53	0	Ct	0	1	0	0	0	0	0	0	0	0	0	0	0	0	0	0	0	0	0	0	0	0	0	0	0	0	0	0	0	0	0	0	0	0
7340	26 Jul 25	14:24:00	1	0	53	0	Ct	0	1	0	1	0	0	0	0	0	0	0	0	0	0	0	0	0	0	0	0	0	0	0	0	0	0	0	0	0	0	0	0	0	0
7341	26 Jul 25	14:25:00	1	0	53	0	Ct	0	1	0	0	0	0	0	0	0	0	0	0	0	0	0	0	0	0	0	0	0	0	2	0	0	0	0	0	0	0	0	0	0	0
7342	26 Jul 25	14:26:00	1	0	53	0	Ct	0	1	0	0	0	0	0	0	0	0	0	0	0	0	0	0	0	0	0	0	0	0	0	0	0	0	0	0	0	0	0	0	0	0
7343	26 Jul 25	14:27:00	1	0	53	0	Ct	0	1	0	0	0	0	0	0	0	0	0	0	0	0	0	0	0	0	0	0	0	0	0	0	0	0	0	0	0	0	0	0	0	0
7344	26 Jul 25	14:28:00	1	0	53	0	Ct	0	1	0	0	0	0	0	0	0	0	0	0	0	0	0	0	0	0	0	0	0	0	0	0	0	0	0	0	0	0	0	0	0	0
7345	26 Jul 25	14:29:00	1	0	53	0	Ct	0	1	0	0	0	0	0	0	0	0	0	0	0	0	0	0	0	0	0	0	0	0	0	0	0	0	0	0	0	0	0	0	0	0
7346	26 Jul 25	14:30:00	1	0	53	0	Ct	0	1	0	0	0	0	0	0	0	0	0	0	0	0	0	0	0	0	0	0	0	0	0	0	0	0	0	0	0	0	0	0	0	0
7347	26 Jul 25	14:31:00	1	0	53	0	Ct	0	1	0	0	0	0	0	0	0	0	0	0	0	0	0	0	0	0	0	0	0	0	0	0	0	0	0	0	0	0	0	0	0	0
7348	26 Jul 25	14:32:00	1	0	53	0	Ct	0	1	0	0	0	0	0	0	0	0	0	0	0	0	0	0	0	0	0	0	0	0	0	0	0	0	0	0	0	0	0	0	0	0
7349	26 Jul 25	14:33:00	1	0	53	0	Ct	0	1	0	0	0	0	0	0	0	0	0	0	0	0	0	0	0	0	0	0	0	0	0	0	0	0	0	0	0	0	0	0	0	0
7350	26 Jul 25	14:34:00	1	0	53	0	Ct	0	1	0	0	0	0	0	0	0	0	0	0	0	0	0	0	0	0	0	0	0	0	0	0	0	0	0	0	0	0	0	0	0	0
7351	26 Jul 25	14:35:00	1	0	53	0	Ct	0	1	0	0	0	0	0	0	0	0	0	0	0	0	0	0	0	0	0	0	0	0	0	0	0	0	0	0	0	0	0	0	0	0
7352	26 Jul 25	14:36:00	1	0	53	0	Ct	0	1	0	0	0	0	0	0	0	0	0	0	0	0	0	0	0	0	0	0	0	0	0	0	0	0	0	0	0	0	0	0	0	0
7353	26 Jul 25	14:37:00	1	0	53	0	Ct	0	1	0	0	0	0	0	0	0	0	0	0	0	0	0	0	0	0	0	0	0	0	0	0	0	0	0	0	0	0	0	0	0	0
7354	26 Jul 25	14:38:00	1	0	53	0	Ct	0	1	0	0	0	0	0	0	0	0	0	0	0	0	0	0	0	0	0	0	0	0	0	0	0	0	0	0	0	0	0	0	0	0
7355	26 Jul 25	14:39:00	1	0	53	0	Ct	0	1	0	0	0	0	0	0	0	0	0	0	0	0	0	0	0	0	0	0	0	0	0	0	0	0	0	0	0	0	0	0	0	0
7356	26 Jul 25	14:40:00	1	0	53	0	Ct	0	1	0	0	0	0	0	0	0	0	0	0	0	0	0	0	0	0	0	0	0	0	0	0	0	0	0	0	0	0	0	0	0	0
7357	26 Jul 25	14:41:00	1	0	53	0	Ct	0	1	0	0	0	0	0	0	0	0	0	0	0	0	0	0	0	0	0	0	0	0	0	0	0	0	0	0	0	0	0	0	0	0
7358	26 Jul 25	14:42:00	1	0	53	0	Ct	0	1	0	0	0	0	0	0	0	0	0	0	0	0	0	0	0	1	0	0	0	0	0	0	0	0	0	0	0	0	0	0	0	0
7359	26 Jul 25	14:43:00	1	0	53	0	Ct	0	1	0	0	0	0	0	0	0	0	0	0	0	0	0	0	0	0	0	0	0	0	0	0	0	0	0	0	0	0	0	0	0	1
7360	26 Jul 25	14:44:00	1	0	53	0	Ct	0	1	0	0	0	0	0	0	0	0	0	0	0	0	0	0	0	0	0	0	0	0	0	0	0	0	0	0	0	0	0	0	0	0
7361	26 Jul 25	14:45:00	1	0	53	0	Ct	0	1	0	0	0	0	0	0	0	0	0	0	0	0	0	0	0	0	0	0	0	0	0	0	0	0	0	0	0	0	0	0	0	0
7362	26 Jul 25	14:46:00	1	0	53	0	Ct	0	1	0	0	0	0	0	0	0	7	0	0	0	0	0	0	0	0	0	0	0	1	0	0	0	0	0	0	0	0	0	0	0	2
7363	26 Jul 25	14:47:00	1	0	53	0	Ct	0	1	0	0	0	0	0	0	0	13	0	0	0	0	0	0	0	0	0	0	0	1	0	0	0	0	0	0	0	0	0	0	0	0
7364	26 Jul 25	14:48:00	1	0	53	0	Ct	0	1	0	0	0	0	0	0	0	0	0	0	0	0	1	0	0	0	0	0	0	1	0	0	0	0	0	0	0	0	0	0	0	1
7365	26 Jul 25	14:49:00	1	0	53	0	Ct	0	1	0	0	0	0	0	0	0	0	0	0	0	0	0	0	0	0	0	0	0	1	0	0	0	0	0	0	0	0	0	0	0	0
7366	26 Jul 25	14:50:00	1	0	53	0	Ct	0	1	0	0	0	0	0	0	0	0	0	0	0	0	0	0	0	0	0	0	0	2	0	0	0	0	0	0	0	0	0	0	0	0
7367	26 Jul 25	14:51:00	1	0	53	0	Ct	0	1	0	0	0	0	0	0	0	0	0	0	0	0	0	0	0	0	0	0	0	3	0	0	0	0	0	0	0	0	0	0	0	0
7368	26 Jul 25	14:52:00	1	0	53	0	Ct	0	1	0	0	0	0	0	0	0	1	0	0	0	0	0	0	0	3	0	0	0	1	0	0	0	0	0	0	0	0	0	0	0	0
7369	26 Jul 25	14:53:00	1	0	53	0	Ct	0	1	0	0	0	0	0	0	0	3	0	0	0	0	1	0	0	0	0	0	0	1	0	0	0	0	0	0	0	0	0	0	0	0
7370	26 Jul 25	14:54:00	1	0	53	0	Ct	0	1	0	0	0	0	0	0	0	0	0	0	0	0	0	0	0	0	0	0	0	0	0	0	0	0	0	0	0	0	0	0	0	0
7371	26 Jul 25	14:55:00	1	0	53	0	Ct	0	1	0	0	0	0	0	0	0	0	0	0	0	0	0	0	0	0	0	0	0	1	0	0	0	0	0	0	0	0	0	0	0	0
7372	26 Jul 25	14:56:00	1	0	53	0	Ct	0	1	0	0	0	2	0	0	0	1	0	0	0	0	0	0	0	0	0	0	0	1	0	0	0	0	0	0	0	0	0	0	0	0
7373	26 Jul 25	14:57:00	1	0	53	0	Ct	0	1	0	0	0	0	0	0	0	0	0	0	0	0	0	0	0	0	0	0	0	0	0	0	0	0	0	0	0	0	0	0	0	0
7374	26 Jul 25	14:58:00	1	0	53	0	Ct	0	1	0	0	0	0	0	0	0	0	0	0	0	0	0	0	0	0	0	0	0	0	0	0	0	0	0	0	0	0	0	0	0	0
7375	26 Jul 25	14:59:00	1	0	53	0	Ct	0	1	0	0	0	0	0	0	0	0	0	0	0	0	0	0	0	0	0	0	0	0	0	0	0	0	0	0	0	0	0	0	0	0
7376	26 Jul 25	15:00:00	1	0	53	0	Ct	0	1	0	0	0	0	0	0	0	0	0	0	0	0	0	0	0	0	0	0	0	0	0	0	0	0	0	0	0	0	0	0	0	0
7377	26 Jul 25	15:01:00	1	0	53	0	Ct	0	1	0	0	0	0	0	0	0	0	0	0	0	0	0	0	0	0	0	0	0	0	0	0	0	0	0	0	0	0	0	0	0	0
7378	26 Jul 25	15:02:00	1	0	53	0	Ct	0	1	0	0	0	0	0	0	0	0	0	0	0	0	0	0	0	0	0	0	0	1	0	0	0	0	0	0	0	0	0	0	0	0
7379	26 Jul 25	15:03:00	1	0	53	0	Ct	0	1	0	0	0	0	0	0	0	0	0	0	0	0	0	0	0	0	0	0	0	1	0	0	0	0	0	0	0	0	0	0	0	0
7380	26 Jul 25	15:04:00	1	0	53	0	Ct	0	1	0	0	0	0	0	0	0	0	0	0	0	0	0	0	0	0	0	0	0	0	0	0	0	0	0	0	0	0	0	0	0	0
7381	26 Jul 25	15:05:00	1	0	53	0	Ct	0	1	0	0	0	0	0	0	0	0	0	0	0	0	0	0	0	0	0	0	0	0	0	0	0	0	0	0	0	0	0	0	0	0
7382	26 Jul 25	15:06:00	1	0	53	0	Ct	0	1	0	0	0	0	0	0	0	0	0	0	0	0	0	0	0	0	0	0	0	0	0	0	0	0	0	0	0	0	0	0	0	0
7383	26 Jul 25	15:07:00	1	0	53	0	Ct	0	1	0	0	0	0	0	0	0	0	0	0	0	0	0	0	0	0	0	0	0	0	0	0	0	0	0	0	0	0	0	0	0	0
7384	26 Jul 25	15:08:00	1	0	53	0	Ct	0	1	0	7	0	0	0	0	0	0	0	0	0	0	0	0	0	0	0	0	0	0	0	0	0	0	0	0	0	0	0	0	0	0
7385	26 Jul 25	15:09:00	1	0	53	0	Ct	0	1	0	2	0	0	0	0	0	0	0	0	0	0	0	0	0	0	0	0	0	0	0	0	0	0	0	0	0	0	0	0	0	0
7386	26 Jul 25	15:10:00	1	0	53	0	Ct	0	1	0	0	0	0	0	0	0	0	0	0	0	0	0	0	0	0	0	0	0	2	0	0	0	0	0	0	0	0	0	0	0	0
7387	26 Jul 25	15:11:00	1	0	53	0	Ct	0	1	0	0	0	0	0	0	0	0	0	0	0	0	0	0	0	0	0	0	0	0	0	0	0	0	0	0	0	0	0	0	0	0
7388	26 Jul 25	15:12:00	1	0	53	0	Ct	0	1	0	2	0	0	0	0	0	0	0	0	0	0	0	0	0	0	0	0	0	0	0	0	0	0	0	0	0	0	0	0	0	0
7389	26 Jul 25	15:13:00	1	0	53	0	Ct	0	1	0	0	0	0	0	0	0	0	0	0	0	0	0	0	0	0	0	0	0	2	0	0	0	0	0	0	0	0	0	0	0	0
7390	26 Jul 25	15:14:00	1	0	53	0	Ct	0	1	0	0	0	0	0	0	0	0	0	0	0	0	0	0	0	0	0	0	0	4	0	0	0	0	0	0	0	0	0	0	0	0
7391	26 Jul 25	15:15:00	1	0	53	0	Ct	0	1	0	0	0	0	0	0	0	0	0	0	0	0	0	0	0	0	0	0	0	1	0	0	0	0	0	0	0	0	0	0	0	0
7392	26 Jul 25	15:16:00	1	0	53	0	Ct	0	1	0	0	0	0	0	0	0	0	0	0	0	0	0	0	0	0	0	0	0	0	0	0	0	0	0	0	0	0	0	0	0	0
7393	26 Jul 25	15:17:00	1	0	53	0	Ct	0	1	0	0	0	0	0	0	0	0	0	0	0	0	0	0	0	0	0	0	0	0	0	0	0	0	0	0	0	0	0	0	0	0
7394	26 Jul 25	15:18:00	1	0	53	0	Ct	0	1	0	0	0	0	0	0	0	0	0	0	0	0	0	0	0	0	0	0	0	0	0	0	0	0	0	0	0	0	0	0	0	0
7395	26 Jul 25	15:19:00	1	0	53	0	Ct	0	1	0	0	0	0	0	0	0	0	0	0	0	0	0	0	0	0	0	0	0	0	0	0	0	0	0	0	0	0	0	0	0	0
7396	26 Jul 25	15:20:00	1	0	53	0	Ct	0	1	0	0	0	0	0	0	0	0	0	0	0	0	0	0	0	0	0	0	0	1	0	0	0	0	0	0	0	0	0	0	0	0
7397	26 Jul 25	15:21:00	1	0	53	0	Ct	0	1	0	0	0	0	0	0	0	0	0	0	0	0	0	0	0	0	0	0	0	1	0	0	0	0	0	0	0	0	0	0	0	0
7398	26 Jul 25	15:22:00	1	0	53	0	Ct	0	1	0	0	0	0	0	0	0	0	0	0	0	0	0	0	0	0	0	0	0	0	0	0	0	0	0	0	0	0	0	0	0	0
7399	26 Jul 25	15:23:00	1	0	53	0	Ct	0	1	0	0	0	0	0	0	0	0	0	0	0	0	0	0	0	0	0	0	0	0	0	0	0	0	0	0	0	0	0	0	0	0
7400	26 Jul 25	15:24:00	1	0	53	0	Ct	0	1	0	0	0	0	0	0	0	0	0	0	0	0	0	0	0	0	0	0	0	0	0	0	0	0	0	0	0	0	0	0	0	0
7401	26 Jul 25	15:25:00	1	0	53	0	Ct	0	1	0	0	0	0	0	0	0	0	0	0	0	0	0	0	0	0	0	0	0	0	0	0	0	0	0	0	0	0	0	0	0	0
7402	26 Jul 25	15:26:00	1	0	53	0	Ct	0	1	0	0	0	0	0	0	0	0	0	0	0	0	0	0	0	0	0	0	0	0	0	0	0	0	0	0	0	0	0	0	0	0
7403	26 Jul 25	15:27:00	1	0	53	0	Ct	0	1	0	0	0	0	0	0	0	0	0	0	0	0	0	0	0	0	0	0	0	0	0	0	0	0	0	0	0	0	0	0	0	0
7404	26 Jul 25	15:28:00	1	0	53	0	Ct	0	1	0	3	0	0	0	0	0	0	0	0	0	0	0	0	0	0	0	0	0	0	0	0	0	0	0	0	0	0	0	0	0	0
7405	26 Jul 25	15:29:00	1	0	53	0	Ct	0	1	0	6	0	0	0	0	0	0	0	0	0	0	0	0	0	0	0	0	0	0	0	0	0	0	0	0	0	0	0	0	0	0
7406	26 Jul 25	15:30:00	1	0	53	0	Ct	0	1	0	1	0	0	0	0	0	0	0	0	0	0	0	0	0	0	0	0	0	0	0	0	0	0	0	0	0	0	0	0	0	0
7407	26 Jul 25	15:31:00	1	0	53	0	Ct	0	1	0	0	0	0	0	0	0	0	0	0	0	0	0	0	0	0	0	0	0	0	0	0	0	0	0	0	0	0	0	0	0	0
7408	26 Jul 25	15:32:00	1	0	53	0	Ct	0	1	0	0	0	0	0	0	0	0	0	0	0	0	0	0	0	0	0	0	0	0	0	0	0	0	0	0	0	0	0	0	0	0
7409	26 Jul 25	15:33:00	1	0	53	0	Ct	0	1	0	0	0	0	0	0	0	0	0	0	0	0	0	0	0	0	0	0	0	0	0	0	0	0	0	0	0	0	0	0	0	0
7410	26 Jul 25	15:34:00	1	0	53	0	Ct	0	1	0	1	0	0	0	0	0	0	0	0	0	0	0	0	0	0	0	0	0	0	0	0	0	0	0	0	0	0	0	0	0	0
7411	26 Jul 25	15:35:00	1	0	53	0	Ct	0	1	0	0	0	0	0	0	0	0	0	0	0	0	0	0	0	0	0	0	0	0	0	0	0	0	0	0	0	0	0	0	0	0
7412	26 Jul 25	15:36:00	1	0	53	0	Ct	0	1	0	0	0	0	0	0	0	0	0	0	0	0	0	0	0	0	0	0	0	0	0	0	0	0	0	0	0	0	0	0	0	0
7413	26 Jul 25	15:37:00	1	0	53	0	Ct	0	1	0	0	0	0	0	0	0	0	0	0	0	0	0	0	0	0	0	0	0	0	0	0	0	0	0	0	0	0	0	0	0	0
7414	26 Jul 25	15:38:00	1	0	53	0	Ct	0	1	0	0	0	0	0	0	0	0	0	0	0	0	0	0	0	0	0	1	0	0	0	0	0	0	0	0	0	0	0	0	0	0
7415	26 Jul 25	15:39:00	1	0	53	0	Ct	0	1	0	0	0	0	0	0	0	0	0	0	0	0	0	0	0	0	0	0	0	0	0	0	0	0	0	0	0	0	0	0	0	0
7416	26 Jul 25	15:40:00	1	0	53	0	Ct	0	1	0	0	0	0	0	0	0	0	0	0	0	0	0	0	0	0	0	0	0	0	0	0	0	0	0	0	0	0	0	0	0	0
7417	26 Jul 25	15:41:00	1	0	53	0	Ct	0	1	0	0	0	0	0	0	0	0	0	0	0	0	0	0	0	0	0	0	0	0	0	0	0	0	0	0	0	0	0	0	0	0
7418	26 Jul 25	15:42:00	1	0	53	0	Ct	0	1	0	0	0	0	0	4	0	0	0	0	0	0	0	0	0	0	0	0	0	0	0	0	0	0	0	0	0	0	0	0	0	0
7419	26 Jul 25	15:43:00	1	0	53	0	Ct	0	1	0	0	0	0	0	0	0	0	0	0	0	0	0	0	0	0	0	0	0	0	0	0	0	0	0	0	0	0	0	0	0	0
7420	26 Jul 25	15:44:00	1	0	53	0	Ct	0	1	0	0	0	0	0	0	0	0	0	0	0	0	0	0	0	0	0	3	0	0	0	0	0	0	0	0	0	0	0	0	0	0
7421	26 Jul 25	15:45:00	1	0	53	0	Ct	0	1	0	0	0	0	0	0	0	0	0	0	0	0	0	0	0	0	0	4	0	0	0	0	0	0	0	0	0	0	0	0	0	0
7422	26 Jul 25	15:46:00	1	0	53	0	Ct	0	1	0	0	0	0	0	0	0	0	0	0	0	0	0	0	0	0	0	0	0	0	0	0	0	0	0	0	0	0	0	0	0	0
7423	26 Jul 25	15:47:00	1	0	53	0	Ct	0	1	0	0	0	0	0	0	0	0	0	0	0	0	0	0	0	0	0	0	0	0	0	0	0	0	0	0	0	0	0	0	0	0
7424	26 Jul 25	15:48:00	1	0	53	0	Ct	0	1	0	0	0	0	0	0	0	0	0	1	0	0	0	0	0	0	0	0	0	0	0	0	0	0	0	0	0	0	0	0	0	0
7425	26 Jul 25	15:49:00	1	0	53	0	Ct	0	1	0	0	0	0	0	0	0	0	0	0	0	0	0	0	0	1	0	0	0	0	0	0	0	0	0	0	0	0	0	0	0	0
7426	26 Jul 25	15:50:00	1	0	53	0	Ct	0	1	0	0	0	0	0	0	0	0	0	4	0	0	0	0	0	0	0	0	0	0	0	0	0	0	0	0	0	0	0	0	0	0
7427	26 Jul 25	15:51:00	1	0	53	0	Ct	0	1	0	0	0	0	0	0	0	0	0	0	0	0	0	0	0	0	0	0	0	0	0	0	0	0	0	0	0	0	0	0	0	0
7428	26 Jul 25	15:52:00	1	0	53	0	Ct	0	1	0	0	0	0	0	0	0	0	0	0	0	0	0	0	0	0	0	1	0	0	0	0	0	0	0	0	0	0	0	0	0	0
7429	26 Jul 25	15:53:00	1	0	53	0	Ct	0	1	0	0	0	0	0	0	0	0	0	0	0	0	0	0	0	0	0	1	0	0	0	0	0	0	0	0	0	0	0	0	0	0
7430	26 Jul 25	15:54:00	1	0	53	0	Ct	0	1	0	0	0	0	0	0	0	0	0	0	0	0	0	0	0	0	0	0	0	0	0	0	0	1	0	0	0	0	0	0	0	0
7431	26 Jul 25	15:55:00	1	0	53	0	Ct	0	1	0	0	0	0	0	0	0	0	0	0	0	0	0	0	0	0	0	2	0	0	0	0	0	0	0	0	0	0	0	0	0	0
7432	26 Jul 25	15:56:00	1	0	53	0	Ct	0	1	0	0	0	0	0	0	0	0	0	0	0	0	0	0	0	0	0	0	0	0	0	0	0	0	0	0	0	0	0	0	0	0
7433	26 Jul 25	15:57:00	1	0	53	0	Ct	0	1	0	0	0	0	0	0	0	0	0	0	0	0	0	0	0	0	0	0	0	0	0	0	0	0	0	0	0	0	0	0	0	0
7434	26 Jul 25	15:58:00	1	0	53	0	Ct	0	1	0	0	0	0	0	0	0	0	0	0	0	0	0	0	0	0	0	0	0	0	0	0	0	0	0	0	0	0	0	0	0	0
7435	26 Jul 25	15:59:00	1	0	53	0	Ct	0	1	0	0	0	0	0	0	0	0	0	0	0	0	0	1	0	0	0	0	0	0	0	0	0	0	0	0	0	0	0	0	0	0
7436	26 Jul 25	16:00:00	1	0	53	0	Ct	0	1	0	0	0	0	0	0	0	0	0	0	0	0	0	0	0	0	0	0	0	0	0	0	0	0	0	0	0	0	0	0	0	0
7437	26 Jul 25	16:01:00	1	0	53	0	Ct	0	1	0	0	0	0	0	0	0	0	0	0	0	0	0	0	0	0	0	0	0	0	0	0	0	0	0	0	0	0	0	0	0	0
7438	26 Jul 25	16:02:00	1	0	53	0	Ct	0	1	0	0	0	0	0	0	0	0	0	0	0	0	0	0	0	0	0	0	0	0	0	1	0	0	0	0	0	0	0	0	0	0
7439	26 Jul 25	16:03:00	1	0	53	0	Ct	0	1	0	0	0	0	0	0	0	0	0	0	0	0	0	0	0	0	0	0	0	0	0	0	0	0	0	0	0	0	0	0	0	0
7440	26 Jul 25	16:04:00	1	0	53	0	Ct	0	1	0	0	0	0	0	0	0	0	0	0	0	0	0	6	0	0	0	0	0	0	0	0	0	0	0	0	0	0	0	0	0	0
7441	26 Jul 25	16:05:00	1	0	53	0	Ct	0	1	0	0	0	0	0	0	0	0	0	1	0	0	0	0	0	0	0	0	0	0	0	0	0	0	0	0	0	0	0	0	0	0
7442	26 Jul 25	16:06:00	1	0	53	0	Ct	0	1	0	0	0	0	0	0	0	0	0	0	0	0	0	0	0	0	0	0	0	0	0	0	0	0	0	0	0	0	0	0	0	0
7443	26 Jul 25	16:07:00	1	0	53	0	Ct	0	1	0	0	0	0	0	0	0	0	0	0	0	0	0	0	0	0	0	0	0	0	0	0	0	0	0	0	0	0	0	0	0	0
7444	26 Jul 25	16:08:00	1	0	53	0	Ct	0	1	0	0	0	0	0	0	0	0	0	0	0	0	0	0	0	0	0	0	0	0	0	0	0	0	0	0	0	0	0	0	0	0
7445	26 Jul 25	16:09:00	1	0	53	0	Ct	0	1	0	0	0	0	0	0	0	0	0	0	0	0	0	0	0	0	0	0	0	0	0	0	0	0	0	0	0	0	0	0	0	0
7446	26 Jul 25	16:10:00	1	0	53	0	Ct	0	1	0	0	0	0	0	0	0	0	0	0	0	0	0	0	0	1	0	0	0	0	0	0	0	0	0	0	0	0	0	0	0	0
7447	26 Jul 25	16:11:00	1	0	53	0	Ct	0	1	0	0	0	0	0	0	0	0	0	0	0	0	0	0	0	1	0	0	0	0	0	0	0	0	0	0	0	0	0	0	0	0
7448	26 Jul 25	16:12:00	1	0	53	0	Ct	0	1	0	0	0	0	0	0	0	0	0	0	0	0	0	1	0	0	0	0	0	0	0	0	0	0	0	0	0	0	0	0	0	0
7449	26 Jul 25	16:13:00	1	0	53	0	Ct	0	1	0	0	0	0	0	0	0	0	0	0	0	0	0	0	0	0	0	0	0	0	0	0	0	0	0	0	0	0	0	0	0	0
7450	26 Jul 25	16:14:00	1	0	53	0	Ct	0	1	0	0	0	0	0	0	0	0	0	0	2	0	0	0	0	0	0	0	0	0	0	0	0	0	0	0	0	0	0	0	0	0
7451	26 Jul 25	16:15:00	1	0	53	0	Ct	0	1	0	0	0	0	0	0	0	0	0	0	0	0	0	0	0	0	0	0	0	0	0	0	0	0	0	0	0	0	0	0	0	0
7452	26 Jul 25	16:16:00	1	0	53	0	Ct	0	1	0	2	0	0	0	0	0	0	0	0	0	0	0	0	0	0	0	0	0	0	0	0	0	0	0	0	0	0	0	0	0	0
7453	26 Jul 25	16:17:00	1	0	53	0	Ct	0	1	0	0	0	0	0	0	0	0	0	0	0	0	0	0	0	0	0	0	0	0	0	0	0	0	0	0	0	0	1	0	0	0
7454	26 Jul 25	16:18:00	1	0	53	0	Ct	0	1	0	0	0	0	0	0	0	0	0	0	0	0	0	0	0	0	0	0	0	0	0	0	0	0	0	0	0	0	0	0	0	0
7455	26 Jul 25	16:19:00	1	0	53	0	Ct	0	1	0	0	0	0	0	0	0	0	0	0	0	0	0	0	0	0	0	0	0	0	0	0	0	0	0	0	0	0	0	0	0	0
7456	26 Jul 25	16:20:00	1	0	53	0	Ct	0	1	0	1	0	0	0	0	0	0	0	0	0	0	0	0	0	0	0	0	0	0	0	0	0	0	0	0	0	0	0	0	0	0
7457	26 Jul 25	16:21:00	1	0	53	0	Ct	0	1	0	0	0	0	0	0	0	0	0	0	1	0	0	0	0	0	0	0	0	0	0	0	0	0	0	0	0	0	0	0	0	0
7458	26 Jul 25	16:22:00	1	0	53	0	Ct	0	1	0	0	0	0	0	0	0	0	0	0	0	0	0	0	0	0	0	0	0	0	0	0	0	0	0	0	0	0	1	0	0	0
7459	26 Jul 25	16:23:00	1	0	53	0	Ct	0	1	0	0	0	0	0	0	0	0	0	0	0	0	0	0	0	0	0	0	0	0	0	0	0	0	0	0	0	0	0	0	0	0
7460	26 Jul 25	16:24:00	1	0	53	0	Ct	0	1	0	0	0	0	0	0	0	0	0	0	0	0	0	0	0	0	0	0	0	0	0	0	0	0	0	0	0	0	1	0	0	0
7461	26 Jul 25	16:25:00	1	0	53	0	Ct	0	1	0	0	0	0	0	0	0	0	0	0	0	0	0	0	0	0	0	0	0	0	0	0	0	0	0	0	0	0	0	0	0	0
7462	26 Jul 25	16:26:00	1	0	53	0	Ct	0	1	0	0	0	0	0	0	0	0	0	0	0	0	0	0	0	0	0	0	0	0	0	0	0	0	0	0	0	0	1	0	0	0
7463	26 Jul 25	16:27:00	1	0	53	0	Ct	0	1	0	0	0	0	0	0	0	0	0	0	0	0	0	0	0	0	0	0	0	0	0	0	0	0	0	0	0	0	1	0	0	0
7464	26 Jul 25	16:28:00	1	0	53	0	Ct	0	1	0	0	0	0	0	0	0	0	0	0	0	0	0	0	0	0	0	0	0	0	0	0	0	0	0	0	0	0	0	0	0	0
7465	26 Jul 25	16:29:00	1	0	53	0	Ct	0	1	0	0	0	0	0	0	0	0	0	0	0	0	0	0	0	0	0	0	0	0	0	0	0	0	0	0	0	0	1	0	0	0
7466	26 Jul 25	16:30:00	1	0	53	0	Ct	0	1	0	0	0	0	0	0	0	0	0	0	0	0	0	0	0	0	0	0	0	1	0	0	0	0	0	0	0	0	2	0	0	0
7467	26 Jul 25	16:31:00	1	0	53	0	Ct	0	1	0	0	0	0	0	0	0	0	0	0	0	0	0	0	0	0	0	0	0	2	0	0	0	0	0	0	0	0	1	0	0	0
7468	26 Jul 25	16:32:00	1	0	53	0	Ct	0	1	0	0	0	0	0	0	0	0	0	0	0	0	1	0	0	0	0	0	0	1	0	0	0	0	0	0	0	0	1	0	0	0
7469	26 Jul 25	16:33:00	1	0	53	0	Ct	0	1	0	1	0	0	0	0	0	0	0	0	0	0	0	0	0	0	0	0	0	0	0	0	0	0	0	0	0	0	2	0	0	0
7470	26 Jul 25	16:34:00	1	0	53	0	Ct	0	1	0	0	0	0	0	0	0	0	0	0	0	0	0	0	0	0	0	0	0	1	0	0	0	0	0	0	0	0	1	0	0	0
7471	26 Jul 25	16:35:00	1	0	53	0	Ct	0	1	0	0	0	0	0	0	0	0	0	0	0	0	1	0	0	0	0	0	0	1	0	0	0	0	0	0	0	0	1	0	0	0
7472	26 Jul 25	16:36:00	1	0	53	0	Ct	0	1	0	1	0	0	0	0	0	0	0	0	0	0	0	0	0	0	0	0	0	1	0	0	0	0	0	0	0	0	0	0	0	0
7473	26 Jul 25	16:37:00	1	0	53	0	Ct	0	1	0	0	0	0	0	0	0	0	0	0	0	0	0	0	0	0	0	0	0	0	0	0	0	0	0	0	0	0	1	0	0	0
7474	26 Jul 25	16:38:00	1	0	53	0	Ct	0	1	0	0	0	0	0	0	0	0	0	0	0	0	0	0	0	0	0	0	0	2	0	0	0	0	0	0	0	0	1	0	0	0
7475	26 Jul 25	16:39:00	1	0	53	0	Ct	0	1	0	0	0	0	0	0	0	0	0	0	0	0	0	0	0	0	0	0	0	0	0	0	0	0	0	0	0	0	0	0	0	0
7476	26 Jul 25	16:40:00	1	0	53	0	Ct	0	1	0	0	0	0	0	0	0	0	0	0	0	0	0	0	0	0	0	0	0	0	0	0	0	0	0	0	0	0	0	0	0	0
7477	26 Jul 25	16:41:00	1	0	53	0	Ct	0	1	0	0	0	0	0	0	0	0	0	0	1	0	0	0	0	0	0	0	0	0	0	0	0	0	0	0	0	0	2	0	0	0
7478	26 Jul 25	16:42:00	1	0	53	0	Ct	0	1	0	0	0	0	0	0	0	0	0	2	0	0	0	0	0	0	0	0	0	0	0	0	0	0	0	0	0	0	0	0	0	0
7479	26 Jul 25	16:43:00	1	0	53	0	Ct	0	1	0	0	0	0	0	0	0	0	0	0	0	0	0	0	0	0	0	0	0	2	0	0	0	0	0	0	0	0	1	0	0	0
7480	26 Jul 25	16:44:00	1	0	53	0	Ct	0	1	0	0	0	0	0	0	0	0	0	0	0	0	0	0	0	0	0	0	0	0	0	0	0	0	0	0	0	0	0	0	0	0
7481	26 Jul 25	16:45:00	1	0	53	0	Ct	0	1	0	0	0	0	0	0	0	0	0	0	0	0	0	0	0	0	0	0	0	0	0	0	0	0	0	0	0	0	1	0	0	0
7482	26 Jul 25	16:46:00	1	0	53	0	Ct	0	1	0	0	0	0	0	0	0	0	0	0	0	0	0	0	0	0	0	0	0	0	0	0	0	0	0	0	0	0	0	0	0	0
7483	26 Jul 25	16:47:00	1	0	53	0	Ct	0	1	0	0	0	0	0	0	0	0	0	0	0	0	0	0	0	0	0	0	0	0	0	0	0	0	0	0	0	0	0	0	0	0
7484	26 Jul 25	16:48:00	1	0	53	0	Ct	0	1	0	1	0	0	0	0	0	0	0	0	0	0	0	0	0	0	0	0	0	0	0	0	0	0	0	0	0	0	0	0	0	0
7485	26 Jul 25	16:49:00	1	0	53	0	Ct	0	1	0	0	0	0	0	0	0	0	0	0	0	0	0	0	0	0	0	0	0	0	0	0	0	0	0	0	0	0	1	0	0	0
7486	26 Jul 25	16:50:00	1	0	53	0	Ct	0	1	0	0	0	0	0	0	0	0	0	0	0	0	0	0	0	0	0	8	0	0	0	0	0	0	0	0	0	0	0	0	0	0
7487	26 Jul 25	16:51:00	1	0	53	0	Ct	0	1	0	1	0	0	0	0	1	0	0	0	0	0	0	1	0	0	0	0	0	0	0	0	0	0	0	0	0	0	0	0	0	0
7488	26 Jul 25	16:52:00	1	0	53	0	Ct	0	1	0	0	0	0	0	0	0	0	0	0	0	0	0	0	0	0	0	0	0	0	0	0	0	0	0	0	0	0	0	0	0	0
7489	26 Jul 25	16:53:00	1	0	53	0	Ct	0	1	0	0	0	0	0	0	0	0	0	0	0	0	0	0	0	0	0	0	0	0	0	0	0	0	0	0	0	0	0	0	0	0
7490	26 Jul 25	16:54:00	1	0	53	0	Ct	0	1	0	1	0	0	0	0	1	0	0	0	0	0	0	0	0	0	0	1	0	0	0	0	0	0	0	0	0	0	0	0	0	0
7491	26 Jul 25	16:55:00	1	0	53	0	Ct	0	1	0	0	0	0	0	0	1	0	0	0	0	0	0	0	0	0	0	0	0	0	0	0	0	0	0	0	0	0	0	0	0	0
7492	26 Jul 25	16:56:00	1	0	53	0	Ct	0	1	0	1	0	0	0	0	0	1	0	0	0	0	0	1	0	0	0	1	0	0	0	0	0	0	0	0	0	0	0	0	0	0
7493	26 Jul 25	16:57:00	1	0	53	0	Ct	0	1	0	0	0	0	0	0	1	1	0	0	0	0	0	0	0	0	0	1	0	0	0	0	0	0	0	0	0	0	0	0	0	0
7494	26 Jul 25	16:58:00	1	0	53	0	Ct	0	1	0	0	0	0	0	0	0	1	0	0	0	0	0	0	0	0	0	0	0	0	0	0	0	0	0	0	0	0	0	0	0	0
7495	26 Jul 25	16:59:00	1	0	53	0	Ct	0	1	0	0	0	0	0	0	3	0	0	0	0	0	0	0	0	0	0	1	0	0	0	0	0	0	0	0	0	0	0	0	0	1
7496	26 Jul 25	17:00:00	1	0	53	0	Ct	0	1	0	0	0	0	0	0	0	0	0	0	0	0	0	0	0	0	0	1	0	0	0	0	0	0	0	0	0	0	0	0	0	0
7497	26 Jul 25	17:01:00	1	0	53	0	Ct	0	1	0	0	0	0	0	0	2	0	0	0	0	0	0	0	0	0	0	0	0	0	1	0	0	0	0	0	0	0	0	0	0	1
7498	26 Jul 25	17:02:00	1	0	53	0	Ct	0	1	0	0	0	0	0	0	3	0	0	0	0	0	0	0	0	0	0	0	0	0	0	0	0	0	0	0	0	0	0	0	0	1
7499	26 Jul 25	17:03:00	1	0	53	0	Ct	0	1	0	0	0	0	0	0	1	4	0	0	0	0	0	0	0	0	0	0	0	0	1	0	0	0	0	0	0	0	0	0	0	1
7500	26 Jul 25	17:04:00	1	0	53	0	Ct	0	1	0	0	0	0	0	0	2	2	0	0	0	0	0	0	0	0	0	0	0	0	0	0	0	0	0	0	0	0	0	0	0	0
7501	26 Jul 25	17:05:00	1	0	53	0	Ct	0	1	0	0	0	0	0	0	2	1	0	0	0	0	0	0	0	0	0	0	0	0	0	0	0	0	0	0	0	0	0	0	0	1
7502	26 Jul 25	17:06:00	1	0	53	0	Ct	0	1	0	0	0	0	0	0	0	1	0	0	0	0	0	0	0	0	0	0	0	0	0	0	0	0	0	0	0	0	0	0	0	0
7503	26 Jul 25	17:07:00	1	0	53	0	Ct	0	1	0	0	0	0	0	0	7	0	0	0	0	0	0	0	0	0	0	0	0	0	0	0	0	0	0	0	0	0	0	0	0	1
7504	26 Jul 25	17:08:00	1	0	53	0	Ct	0	1	0	0	0	0	0	0	1	1	0	0	0	0	0	0	0	0	0	0	0	0	0	0	0	0	0	0	0	0	0	0	0	1
7505	26 Jul 25	17:09:00	1	0	53	0	Ct	0	1	0	0	0	0	0	0	1	2	0	0	0	0	0	0	0	0	0	0	0	0	0	0	0	0	0	0	0	0	0	0	0	0
7506	26 Jul 25	17:10:00	1	0	53	0	Ct	0	1	0	1	0	0	0	0	0	1	0	0	0	0	0	0	0	0	0	0	0	0	0	0	0	0	0	0	0	0	0	0	0	1
7507	26 Jul 25	17:11:00	1	0	53	0	Ct	0	1	0	1	0	0	0	0	0	0	0	0	0	0	0	0	0	0	0	0	0	0	0	0	0	0	0	0	0	0	0	0	0	0
7508	26 Jul 25	17:12:00	1	0	53	0	Ct	0	1	0	0	0	0	0	0	0	3	0	0	0	0	0	0	0	0	0	0	0	0	0	0	0	0	0	0	0	0	0	0	0	0
7509	26 Jul 25	17:13:00	1	0	53	0	Ct	0	1	0	0	0	0	0	0	0	0	0	0	0	0	0	0	0	0	0	1	0	0	0	0	0	0	0	0	0	0	0	0	0	0
7510	26 Jul 25	17:14:00	1	0	53	0	Ct	0	1	0	0	0	0	0	0	0	0	0	0	0	0	0	0	0	0	0	0	0	0	0	0	0	0	0	0	0	0	0	0	0	0
7511	26 Jul 25	17:15:00	1	0	53	0	Ct	0	1	0	0	0	0	0	0	0	1	0	0	0	0	0	0	0	0	0	0	0	0	0	0	0	0	0	0	0	0	0	0	0	1
7512	26 Jul 25	17:16:00	1	0	53	0	Ct	0	1	0	0	0	0	0	0	0	3	0	0	0	0	0	0	0	0	0	1	0	1	0	0	0	0	0	0	0	0	0	0	0	1
7513	26 Jul 25	17:17:00	1	0	53	0	Ct	0	1	0	0	0	0	0	0	0	0	0	0	0	0	0	0	0	0	0	0	0	1	0	0	0	0	0	0	0	0	0	0	0	0
7514	26 Jul 25	17:18:00	1	0	53	0	Ct	0	1	0	3	0	0	0	0	0	2	0	0	0	0	0	0	0	0	0	0	0	1	0	0	0	0	0	0	0	0	0	0	0	1
7515	26 Jul 25	17:19:00	1	0	53	0	Ct	0	1	0	0	0	0	0	0	0	1	0	0	0	0	0	0	0	0	0	0	0	2	0	0	0	0	0	0	0	0	0	0	0	0
7516	26 Jul 25	17:20:00	1	0	53	0	Ct	0	1	0	0	0	0	0	0	0	0	0	5	0	0	0	0	0	0	0	0	0	5	0	0	0	0	0	0	0	0	0	0	0	0
7517	26 Jul 25	17:21:00	1	0	53	0	Ct	0	1	0	0	0	0	0	0	0	3	0	14	0	0	0	0	0	0	0	0	0	2	0	0	0	0	0	0	0	0	0	0	0	0
7518	26 Jul 25	17:22:00	1	0	53	0	Ct	0	1	0	0	0	0	0	0	0	0	0	7	0	0	0	0	0	0	0	0	0	1	0	0	0	0	0	0	0	0	0	0	0	0
7519	26 Jul 25	17:23:00	1	0	53	0	Ct	0	1	0	0	0	0	0	0	0	1	0	0	0	0	0	0	0	0	0	0	0	0	0	0	0	0	0	0	0	0	0	0	0	0
7520	26 Jul 25	17:24:00	1	0	53	0	Ct	0	1	0	0	0	0	0	0	0	1	0	5	0	0	0	0	0	0	0	0	0	1	0	0	0	0	0	0	0	0	0	0	0	0
7521	26 Jul 25	17:25:00	1	0	53	0	Ct	0	1	0	1	0	0	0	0	0	2	0	23	0	0	0	1	0	0	0	0	0	1	0	0	0	0	0	0	0	0	0	0	0	0
7522	26 Jul 25	17:26:00	1	0	53	0	Ct	0	1	0	0	0	0	0	0	0	1	0	14	0	0	0	0	0	0	0	0	0	0	0	0	0	0	0	0	0	0	0	0	0	0
7523	26 Jul 25	17:27:00	1	0	53	0	Ct	0	1	0	0	0	0	0	0	0	1	0	0	0	0	0	1	0	0	0	0	0	1	0	0	0	0	0	0	0	0	0	0	0	0
7524	26 Jul 25	17:28:00	1	0	53	0	Ct	0	1	0	0	0	0	0	0	0	1	0	0	0	0	0	0	0	0	0	0	0	1	0	0	0	0	0	0	0	0	0	0	0	0
7525	26 Jul 25	17:29:00	1	0	53	0	Ct	0	1	0	0	0	0	0	0	0	1	0	0	0	0	0	3	0	0	0	0	0	0	0	0	0	0	0	0	0	0	0	0	0	0
7526	26 Jul 25	17:30:00	1	0	53	0	Ct	0	1	0	0	0	0	0	0	0	2	0	0	0	0	0	3	0	0	0	0	0	0	0	0	0	0	0	0	0	0	0	0	0	1
7527	26 Jul 25	17:31:00	1	0	53	0	Ct	0	1	0	0	0	0	0	0	0	1	0	0	0	0	0	0	0	0	0	0	0	0	0	0	0	0	0	0	0	0	0	0	0	0
7528	26 Jul 25	17:32:00	1	0	53	0	Ct	0	1	0	0	0	0	0	0	0	1	0	0	0	0	0	0	0	0	0	0	0	0	0	0	0	0	0	0	0	0	0	0	0	0
7529	26 Jul 25	17:33:00	1	0	53	0	Ct	0	1	0	0	0	0	0	0	0	0	0	0	0	0	0	2	0	0	0	1	0	0	0	0	0	0	0	0	0	0	0	0	0	0
7530	26 Jul 25	17:34:00	1	0	53	0	Ct	0	1	0	0	0	0	0	0	0	2	0	0	0	0	0	1	0	0	0	0	0	0	0	0	0	0	0	0	0	0	0	0	0	1
7531	26 Jul 25	17:35:00	1	0	53	0	Ct	0	1	0	0	0	0	0	0	0	2	0	0	0	0	1	1	0	0	0	0	0	0	0	0	0	0	0	0	0	0	0	0	0	0
7532	26 Jul 25	17:36:00	1	0	53	0	Ct	0	1	0	0	0	0	0	0	0	1	0	0	0	0	0	0	0	0	0	1	0	0	0	1	0	0	0	0	0	0	0	0	0	1
7533	26 Jul 25	17:37:00	1	0	53	0	Ct	0	1	0	0	0	0	0	0	0	0	0	0	0	0	0	0	0	0	0	0	0	0	0	2	0	0	0	0	0	0	0	0	0	0
7534	26 Jul 25	17:38:00	1	0	53	0	Ct	0	1	0	0	0	0	0	0	0	1	0	0	0	0	1	0	0	0	0	0	0	0	0	1	0	0	0	0	0	0	0	0	0	0
7535	26 Jul 25	17:39:00	1	0	53	0	Ct	0	1	0	0	0	0	0	0	0	0	0	0	0	0	1	0	0	0	0	0	0	0	0	2	0	0	0	0	0	0	1	0	0	0
7536	26 Jul 25	17:40:00	1	0	53	0	Ct	0	1	0	0	0	0	0	0	0	0	0	0	0	0	0	1	0	0	0	1	0	1	0	3	0	0	0	0	0	0	0	0	0	0
7537	26 Jul 25	17:41:00	1	0	53	0	Ct	0	1	0	0	0	0	0	0	0	0	0	0	0	0	0	1	0	0	0	0	0	0	0	0	0	0	0	0	0	0	1	0	0	0
7538	26 Jul 25	17:42:00	1	0	53	0	Ct	0	1	0	0	0	2	0	0	0	2	0	0	0	0	0	0	0	0	2	0	0	1	0	0	0	0	0	0	0	0	2	0	0	0
7539	26 Jul 25	17:43:00	1	0	53	0	Ct	0	1	0	0	0	0	0	0	0	0	0	0	0	0	1	0	0	0	0	0	0	0	0	0	0	0	0	0	0	0	1	0	0	0
7540	26 Jul 25	17:44:00	1	0	53	0	Ct	0	1	0	1	0	0	0	0	0	1	0	0	0	0	0	1	0	0	2	0	0	2	0	0	0	0	0	0	0	0	0	0	0	1
7541	26 Jul 25	17:45:00	1	0	53	0	Ct	0	1	0	0	0	0	0	0	0	1	0	0	0	0	0	1	0	0	0	0	0	0	0	0	0	0	0	0	0	0	4	0	1	0
7542	26 Jul 25	17:46:00	1	0	53	0	Ct	0	1	0	0	0	0	0	0	0	0	0	0	0	0	1	1	0	0	0	0	0	0	0	0	0	0	0	0	0	0	0	0	0	0
7543	26 Jul 25	17:47:00	1	0	53	0	Ct	0	1	0	0	0	0	0	0	0	0	0	0	0	0	0	1	0	0	0	1	0	0	0	0	0	0	0	0	0	0	1	0	1	0
7544	26 Jul 25	17:48:00	1	0	53	0	Ct	0	1	0	0	0	0	0	0	0	0	0	0	0	0	0	0	0	0	2	0	0	0	0	0	0	0	0	0	0	0	0	0	0	1
7545	26 Jul 25	17:49:00	1	0	53	0	Ct	0	1	0	0	0	0	0	5	0	0	0	0	0	0	0	1	0	0	0	1	0	0	0	0	0	0	0	0	0	0	1	0	0	0
7546	26 Jul 25	17:50:00	1	0	53	0	Ct	0	1	0	0	0	0	0	0	1	0	0	0	0	0	0	0	0	0	0	0	0	0	0	0	0	0	0	0	0	0	1	0	0	0
7547	26 Jul 25	17:51:00	1	0	53	0	Ct	0	1	0	0	0	0	0	0	2	0	0	0	0	0	0	0	0	0	2	0	0	0	0	0	0	0	0	0	0	0	2	0	0	0
7548	26 Jul 25	17:52:00	1	0	53	0	Ct	0	1	0	0	0	0	0	0	4	1	0	0	0	0	0	1	0	0	0	0	0	0	0	0	0	0	0	0	0	0	5	0	0	1
7549	26 Jul 25	17:53:00	1	0	53	0	Ct	0	1	0	0	0	0	0	0	1	0	0	0	0	0	0	2	0	0	2	0	0	0	0	0	0	0	0	0	0	0	0	0	0	1
7550	26 Jul 25	17:54:00	1	0	53	0	Ct	0	1	0	0	0	0	0	0	1	1	0	0	0	0	0	0	0	0	1	0	0	0	0	0	0	0	0	0	0	0	0	0	0	0
7551	26 Jul 25	17:55:00	1	0	53	0	Ct	0	1	0	0	0	0	0	0	0	0	0	0	0	0	0	1	0	0	3	0	0	0	0	0	0	0	0	0	0	0	1	0	0	1
7552	26 Jul 25	17:56:00	1	0	53	0	Ct	0	1	0	1	0	0	0	0	0	0	0	0	0	0	1	1	0	0	1	0	0	0	0	0	0	0	0	0	0	0	1	0	0	0
7553	26 Jul 25	17:57:00	1	0	53	0	Ct	0	1	0	0	0	0	0	0	1	1	0	0	0	0	0	0	0	0	2	0	0	0	0	1	0	0	0	0	0	0	1	0	2	0
7554	26 Jul 25	17:58:00	1	0	53	0	Ct	0	1	0	3	0	0	0	0	1	1	0	0	0	0	0	1	0	0	0	0	0	0	0	0	0	0	0	0	0	0	1	0	1	0
7555	26 Jul 25	17:59:00	1	0	53	0	Ct	0	1	0	3	0	0	0	0	0	1	0	0	0	0	0	1	0	0	0	0	0	0	0	0	0	0	0	0	0	0	0	0	0	0
7556	26 Jul 25	18:00:00	1	0	53	0	Ct	0	1	0	2	0	0	0	0	1	0	0	0	0	0	0	2	0	0	0	0	0	0	0	0	0	0	0	0	0	0	0	0	0	0
7557	26 Jul 25	18:01:00	1	0	53	0	Ct	0	1	0	3	0	0	0	0	2	0	0	0	0	0	0	0	0	0	0	0	0	0	0	0	0	0	0	0	0	0	0	0	0	0
7558	26 Jul 25	18:02:00	1	0	53	0	Ct	0	1	0	2	0	0	0	0	0	3	0	0	0	0	0	0	0	0	1	0	0	0	0	0	0	0	0	0	0	0	1	0	0	0
7559	26 Jul 25	18:03:00	1	0	53	0	Ct	0	1	0	5	0	0	0	0	0	0	0	0	0	0	0	0	0	0	0	0	0	0	0	0	0	0	0	0	0	0	0	0	0	0
7560	26 Jul 25	18:04:00	1	0	53	0	Ct	0	1	0	3	0	0	0	0	0	0	0	0	0	0	0	0	0	0	1	0	0	2	0	0	0	0	0	0	0	0	0	0	1	0
7561	26 Jul 25	18:05:00	1	0	53	0	Ct	0	1	0	10	0	0	0	0	0	1	0	0	0	0	0	1	0	0	2	0	0	0	0	0	0	0	0	0	0	0	0	0	5	0
7562	26 Jul 25	18:06:00	1	0	53	0	Ct	0	0	0	0	0	0	0	0	0	0	0	0	0	0	0	1	0	0	4	0	0	0	0	0	0	0	0	0	0	0	0	0	0	3
7563	26 Jul 25	18:07:00	1	0	53	0	Ct	0	0	0	0	0	0	0	5	0	2	0	0	0	0	1	1	0	0	4	0	1	0	0	1	0	0	0	0	0	0	0	0	2	2
7564	26 Jul 25	18:08:00	1	0	53	0	Ct	0	0	0	1	0	0	0	0	0	3	0	0	0	0	2	3	2	2	5	2	1	4	0	0	0	1	0	0	0	0	0	0	5	3
7565	26 Jul 25	18:09:00	1	0	53	0	Ct	0	0	0	3	0	2	0	0	0	1	0	0	0	0	2	6	7	0	3	4	1	2	0	0	0	2	4	0	0	0	1	0	3	4
7566	26 Jul 25	18:10:00	1	0	53	0	Ct	0	0	0	5	0	3	2	0	0	3	0	0	0	0	2	3	3	5	5	3	2	2	0	0	0	1	3	0	0	0	4	0	4	1
7567	26 Jul 25	18:11:00	1	0	53	0	Ct	0	0	0	5	0	4	0	2	0	2	0	0	0	0	3	4	3	4	3	1	3	0	0	0	0	4	5	0	0	0	3	0	4	2
7568	26 Jul 25	18:12:00	1	0	53	0	Ct	0	0	1	4	0	4	3	3	0	1	0	0	1	2	3	5	6	4	5	4	2	2	0	0	0	3	0	0	0	0	4	0	5	2
7569	26 Jul 25	18:13:00	1	0	53	0	Ct	0	0	1	5	0	3	2	4	1	3	0	0	2	1	4	3	3	3	5	1	2	2	2	2	0	3	5	4	0	0	3	0	8	3
7570	26 Jul 25	18:14:00	1	0	53	0	Ct	0	0	4	6	0	2	5	1	2	0	0	0	1	2	4	5	1	4	3	3	15	2	3	2	0	1	5	1	0	0	2	0	6	2
7571	26 Jul 25	18:15:00	1	0	53	0	Ct	0	0	2	4	1	3	3	2	2	1	0	0	2	1	0	4	4	4	4	3	3	2	5	2	0	3	5	2	0	0	3	0	4	3
7572	26 Jul 25	18:16:00	1	0	53	0	Ct	0	0	2	3	1	4	1	2	3	3	0	0	2	2	3	3	1	4	3	2	5	3	4	0	0	2	2	2	0	0	2	0	5	1
7573	26 Jul 25	18:17:00	1	0	53	0	Ct	0	0	4	3	0	2	3	1	2	2	1	2	1	3	3	4	0	3	5	2	2	2	4	2	0	2	9	2	0	0	3	0	5	2
7574	26 Jul 25	18:18:00	1	0	53	0	Ct	0	0	4	4	1	0	4	0	4	1	0	1	4	3	4	4	2	3	6	6	2	0	4	1	0	2	3	2	0	0	0	0	2	2
7575	26 Jul 25	18:19:00	1	0	53	0	Ct	0	0	3	4	1	1	1	1	3	2	11	0	2	2	3	3	1	6	4	4	3	2	2	0	0	3	4	3	0	0	3	0	2	4
7576	26 Jul 25	18:20:00	1	0	53	0	Ct	0	0	5	4	0	4	0	0	3	2	4	1	4	3	4	4	2	5	5	3	4	0	0	0	0	3	5	3	0	0	2	0	3	3
7577	26 Jul 25	18:21:00	1	0	53	0	Ct	0	0	4	4	0	3	2	0	1	2	2	0	3	2	2	2	2	3	4	4	4	2	4	0	0	1	4	3	0	0	1	0	1	2
7578	26 Jul 25	18:22:00	1	0	53	0	Ct	0	0	4	4	0	2	2	0	2	2	3	0	2	1	1	5	3	2	3	1	3	2	4	0	0	2	8	3	0	0	2	0	1	2
7579	26 Jul 25	18:23:00	1	0	53	0	Ct	0	0	4	3	0	5	2	0	3	2	3	1	5	4	4	4	1	4	3	2	3	1	4	0	0	2	2	3	0	0	5	0	1	2
7580	26 Jul 25	18:24:00	1	0	53	0	Ct	0	0	4	4	0	2	0	0	1	1	3	0	2	3	3	3	1	2	3	2	1	1	2	0	0	3	5	2	0	0	1	0	4	3
7581	26 Jul 25	18:25:00	1	0	53	0	Ct	0	0	7	3	0	1	0	0	2	2	3	0	4	2	3	4	0	1	3	1	3	2	3	0	0	2	3	5	0	0	2	0	0	3
7582	26 Jul 25	18:26:00	1	0	53	0	Ct	0	0	2	3	1	1	0	4	0	2	2	0	2	2	2	3	0	2	5	2	3	2	4	0	0	3	4	2	0	0	7	0	4	2
7583	26 Jul 25	18:27:00	1	0	53	0	Ct	0	0	4	2	4	0	0	2	0	1	3	3	2	4	2	4	1	3	5	1	3	2	3	0	0	6	3	3	0	0	1	0	4	1
7584	26 Jul 25	18:28:00	1	0	53	0	Ct	0	0	3	5	5	2	0	7	3	3	4	1	3	3	2	5	1	3	2	3	4	1	4	0	0	4	2	2	0	0	3	0	4	2
7585	26 Jul 25	18:29:00	1	0	53	0	Ct	0	0	2	3	1	0	0	0	2	3	1	0	3	2	4	3	2	4	3	2	0	0	3	0	0	2	2	2	0	0	0	0	3	3
7586	26 Jul 25	18:30:00	1	0	53	0	Ct	0	0	5	3	0	3	0	3	1	2	3	0	2	4	2	4	0	4	2	3	3	2	3	0	0	7	2	3	0	0	1	0	1	2
7587	26 Jul 25	18:31:00	1	0	53	0	Ct	0	0	4	4	0	6	2	0	2	2	19	0	4	1	3	3	0	4	4	1	3	3	2	0	0	3	2	2	0	0	4	0	1	2
7588	26 Jul 25	18:32:00	1	0	53	0	Ct	0	0	3	5	0	3	2	0	0	1	0	0	4	4	2	4	1	3	3	4	3	2	3	2	0	1	7	1	0	0	4	0	3	2
7589	26 Jul 25	18:33:00	1	0	53	0	Ct	0	0	3	4	0	1	1	0	2	1	0	1	3	1	2	2	0	3	4	2	4	1	3	0	0	0	2	2	0	0	1	0	2	1
7590	26 Jul 25	18:34:00	1	0	53	0	Ct	0	0	3	4	1	2	0	0	0	1	0	1	3	3	1	2	0	5	5	2	4	1	4	0	0	3	0	1	0	0	7	0	3	3
7591	26 Jul 25	18:35:00	1	0	53	0	Ct	0	0	3	3	0	3	0	0	1	1	0	0	0	2	0	5	0	4	2	2	2	2	5	0	0	3	2	3	0	0	7	0	3	2
7592	26 Jul 25	18:36:00	1	0	53	0	Ct	0	0	3	2	0	2	0	0	4	1	0	3	2	2	0	4	0	4	4	3	2	0	2	0	0	1	1	3	0	0	4	0	3	1
7593	26 Jul 25	18:37:00	1	0	53	0	Ct	0	0	0	4	0	1	0	0	5	3	0	0	2	4	2	5	0	2	2	0	3	2	3	4	0	4	0	4	0	0	4	0	6	2
7594	26 Jul 25	18:38:00	1	0	53	0	Ct	0	0	2	1	0	1	0	1	2	6	0	1	1	4	2	3	1	2	4	2	2	1	3	0	0	2	1	2	0	0	3	0	3	5
7595	26 Jul 25	18:39:00	1	0	53	0	Ct	0	0	3	3	0	2	1	3	1	2	0	0	2	1	3	4	7	4	2	1	3	1	6	0	0	2	2	3	0	0	2	0	5	2
7596	26 Jul 25	18:40:00	1	0	53	0	Ct	0	0	2	3	0	3	0	0	2	1	0	0	3	2	1	4	2	2	3	2	2	0	3	0	0	2	2	2	0	0	0	0	4	2
7597	26 Jul 25	18:41:00	1	0	53	0	Ct	0	0	2	3	0	2	0	0	2	1	0	0	3	3	2	4	0	1	4	1	2	1	4	0	0	3	1	2	0	0	2	0	5	2
7598	26 Jul 25	18:42:00	1	0	53	0	Ct	0	0	2	1	0	1	0	1	1	0	2	0	2	5	4	5	0	3	5	0	2	2	0	0	0	1	0	2	0	0	0	0	3	2
7599	26 Jul 25	18:43:00	1	0	53	0	Ct	0	0	3	4	0	5	0	0	2	1	2	0	3	3	3	4	0	4	2	2	3	1	4	0	0	0	1	3	0	0	3	0	3	3
7600	26 Jul 25	18:44:00	1	0	53	0	Ct	0	0	1	4	0	6	0	0	2	2	3	0	5	4	2	6	0	5	2	1	2	1	2	0	0	3	1	2	0	0	2	0	3	0
7601	26 Jul 25	18:45:00	1	0	53	0	Ct	0	0	1	6	0	3	0	0	3	1	1	0	1	1	3	5	0	3	3	2	1	2	3	0	0	3	2	1	0	0	0	0	2	2
7602	26 Jul 25	18:46:00	1	0	53	0	Ct	0	0	3	3	1	1	0	0	1	4	0	0	3	2	2	5	0	3	4	2	2	0	2	0	0	2	0	3	0	0	2	0	1	3
7603	26 Jul 25	18:47:00	1	0	53	0	Ct	0	0	0	2	3	0	0	0	1	2	0	0	2	0	1	5	0	2	4	3	3	1	3	0	0	3	4	3	0	0	2	0	3	3
7604	26 Jul 25	18:48:00	1	0	53	0	Ct	0	0	3	3	1	0	0	0	0	2	0	0	2	1	1	4	0	3	4	2	3	0	3	0	0	1	0	0	0	0	1	0	1	3
7605	26 Jul 25	18:49:00	1	0	53	0	Ct	0	0	1	3	0	2	0	0	0	1	0	2	1	10	1	3	0	2	4	2	3	2	4	0	0	3	0	1	0	0	3	0	2	1
7606	26 Jul 25	18:50:00	1	0	53	0	Ct	0	0	3	1	0	5	0	0	0	3	0	0	1	5	2	4	0	4	3	1	2	1	1	0	0	3	0	4	0	0	1	0	3	0
7607	26 Jul 25	18:51:00	1	0	53	0	Ct	0	0	2	3	1	2	0	1	0	1	0	0	3	3	1	2	0	1	3	1	1	2	4	0	0	4	0	2	0	0	2	0	3	2
7608	26 Jul 25	18:52:00	1	0	53	0	Ct	0	0	3	2	0	3	0	0	0	1	0	0	4	3	1	4	0	5	3	2	2	5	3	0	0	2	0	2	0	0	1	0	2	1
7609	26 Jul 25	18:53:00	1	0	53	0	Ct	0	0	2	2	0	2	0	0	3	2	0	7	3	5	1	3	0	2	3	1	4	3	3	0	0	3	0	1	0	0	2	0	3	2
7610	26 Jul 25	18:54:00	1	0	53	0	Ct	0	0	3	10	0	2	0	0	0	2	0	1	5	1	3	4	0	3	3	1	2	6	3	0	0	2	0	3	0	0	2	0	3	2
7611	26 Jul 25	18:55:00	1	0	53	0	Ct	0	0	3	2	0	3	0	0	0	0	0	0	3	2	2	4	0	3	2	0	3	5	1	0	0	2	0	2	0	0	1	0	4	2
7612	26 Jul 25	18:56:00	1	0	53	0	Ct	0	0	0	4	0	5	0	0	2	2	0	0	3	2	2	3	0	4	4	2	4	0	3	0	0	2	0	2	0	0	2	0	2	2
7613	26 Jul 25	18:57:00	1	0	53	0	Ct	0	0	1	4	0	2	0	0	3	2	0	0	2	3	0	2	0	2	4	1	2	0	3	0	0	1	0	2	0	0	1	0	3	2
7614	26 Jul 25	18:58:00	1	0	53	0	Ct	0	0	1	2	0	1	0	0	2	2	0	0	1	2	1	5	0	3	1	1	3	0	4	0	0	2	0	4	0	0	1	0	3	2
7615	26 Jul 25	18:59:00	1	0	53	0	Ct	0	0	2	4	0	6	0	0	4	2	0	2	0	3	1	5	0	3	6	1	16	0	2	0	0	3	0	1	0	0	0	0	3	3
7616	26 Jul 25	19:00:00	1	0	53	0	Ct	0	0	2	2	0	4	0	0	2	4	0	0	2	1	2	6	0	5	4	2	12	1	4	0	0	1	0	3	0	0	1	0	3	2
7617	26 Jul 25	19:01:00	1	0	53	0	Ct	0	0	0	3	0	5	0	0	2	1	0	0	1	2	3	3	0	3	3	1	2	3	2	0	0	2	3	3	0	0	2	0	3	9
7618	26 Jul 25	19:02:00	1	0	53	0	Ct	0	0	2	5	0	1	0	2	1	3	0	0	0	5	3	3	0	2	3	2	2	0	2	0	0	2	3	2	0	0	2	0	3	11
7619	26 Jul 25	19:03:00	1	0	53	0	Ct	0	0	0	4	0	2	0	3	1	1	0	0	0	1	1	6	0	2	4	3	6	0	2	12	0	1	11	3	0	0	0	0	3	1
7620	26 Jul 25	19:04:00	1	0	53	0	Ct	0	0	3	3	0	0	0	0	1	2	0	0	0	2	3	2	0	0	4	2	4	0	1	9	0	0	5	1	0	0	0	0	4	2
7621	26 Jul 25	19:05:00	1	0	53	0	Ct	0	0	3	2	0	1	0	0	1	2	0	0	1	2	1	4	0	2	4	2	3	0	2	0	0	2	5	3	0	0	1	0	2	0
7622	26 Jul 25	19:06:00	1	0	53	0	Ct	0	0	2	3	0	1	0	0	0	3	0	0	0	2	1	3	0	2	6	2	1	0	2	14	0	0	2	3	0	0	3	0	4	1
7623	26 Jul 25	19:07:00	1	0	53	0	Ct	0	0	3	4	0	1	0	0	0	2	0	0	2	2	3	3	0	3	5	2	7	0	1	6	0	2	4	1	0	0	3	0	4	2
7624	26 Jul 25	19:08:00	1	0	53	0	Ct	0	0	4	3	0	1	1	0	0	1	0	0	2	3	2	4	0	3	5	1	2	0	3	0	0	1	3	3	0	0	1	0	3	4
7625	26 Jul 25	19:09:00	1	0	53	0	Ct	0	0	4	5	0	0	0	0	0	0	0	1	1	6	2	3	0	4	2	2	3	0	1	2	0	2	0	2	0	0	2	0	2	1
7626	26 Jul 25	19:10:00	1	0	53	0	Ct	0	0	3	3	0	0	0	0	0	5	0	2	3	8	2	5	0	3	2	4	1	0	1	1	0	0	0	3	0	0	5	0	4	3
7627	26 Jul 25	19:11:00	1	0	53	0	Ct	0	0	0	2	0	3	0	0	2	3	0	0	2	3	2	4	0	2	7	2	4	0	3	0	0	5	2	4	0	0	2	0	2	2
7628	26 Jul 25	19:12:00	1	0	53	0	Ct	0	0	2	4	0	1	1	0	0	5	0	1	1	4	4	4	0	4	4	2	3	0	3	2	0	4	9	2	0	0	1	0	4	2
7629	26 Jul 25	19:13:00	1	0	53	0	Ct	0	0	3	4	0	2	0	0	0	0	3	0	11	3	3	4	0	4	3	2	3	0	3	0	0	1	4	2	0	0	2	0	3	0
7630	26 Jul 25	19:14:00	1	0	53	0	Ct	0	0	1	2	0	1	0	0	0	3	0	2	3	3	2	5	0	3	6	3	9	0	2	3	0	2	3	1	0	0	5	0	2	2
7631	26 Jul 25	19:15:00	1	0	53	0	Ct	0	0	0	3	0	2	1	0	0	2	0	0	3	2	1	3	0	3	3	1	13	1	2	0	0	2	3	2	0	0	0	0	3	3
7632	26 Jul 25	19:16:00	1	0	53	0	Ct	0	0	2	3	0	1	2	0	0	1	0	0	0	3	1	5	0	0	3	1	4	1	0	1	0	0	1	4	0	0	3	0	2	2
7633	26 Jul 25	19:17:00	1	0	53	0	Ct	0	0	1	3	0	2	1	1	2	2	0	0	1	2	2	4	0	2	5	2	26	16	2	0	0	0	2	3	0	0	1	0	5	1
7634	26 Jul 25	19:18:00	1	0	53	0	Ct	0	0	1	3	0	2	0	3	2	1	3	0	4	2	3	4	0	3	3	1	1	4	2	0	0	2	5	2	0	0	0	0	4	3
7635	26 Jul 25	19:19:00	1	0	53	0	Ct	0	0	0	2	0	0	0	0	5	4	7	0	2	3	3	6	0	2	3	1	1	3	3	0	0	2	2	3	0	0	1	0	3	3
7636	26 Jul 25	19:20:00	1	0	53	0	Ct	0	0	0	4	0	0	0	0	2	2	0	0	2	3	2	6	0	2	5	2	3	4	2	0	0	2	4	2	0	0	2	0	4	2
7637	26 Jul 25	19:21:00	1	0	53	0	Ct	0	0	1	2	0	0	0	0	3	2	1	0	0	3	3	5	0	0	4	2	1	2	2	0	0	2	1	3	0	0	3	0	4	0
7638	26 Jul 25	19:22:00	1	0	53	0	Ct	0	0	6	2	0	0	0	0	2	2	0	0	0	4	2	3	0	0	5	2	4	3	3	0	0	2	1	2	0	0	0	0	6	3
7639	26 Jul 25	19:23:00	1	0	53	0	Ct	0	0	0	2	0	2	0	0	3	3	0	0	2	5	2	3	0	3	4	2	2	1	3	0	0	1	0	2	0	0	0	0	4	1
7640	26 Jul 25	19:24:00	1	0	53	0	Ct	0	0	0	3	0	4	0	0	2	2	0	1	0	4	1	5	0	2	4	2	1	1	2	0	0	2	2	2	0	0	0	0	4	3
7641	26 Jul 25	19:25:00	1	0	53	0	Ct	0	0	7	3	0	1	0	0	2	2	0	1	2	3	4	2	0	2	3	2	3	2	0	0	0	3	0	1	0	0	0	0	1	2
7642	26 Jul 25	19:26:00	1	0	53	0	Ct	0	0	0	4	0	3	0	0	1	0	0	0	2	2	3	4	0	3	7	2	3	1	0	0	0	1	0	2	0	0	3	0	8	2
7643	26 Jul 25	19:27:00	1	0	53	0	Ct	0	0	0	4	0	2	0	0	2	1	0	2	1	4	3	5	0	3	3	0	2	1	0	0	0	3	0	2	0	0	0	0	23	4
7644	26 Jul 25	19:28:00	1	0	53	0	Ct	0	0	1	4	0	1	0	0	0	1	0	2	3	3	2	4	0	2	4	2	2	5	0	0	0	3	2	3	0	0	0	0	2	1
7645	26 Jul 25	19:29:00	1	0	53	0	Ct	0	0	2	2	0	0	0	0	1	10	2	2	1	3	3	2	0	5	4	2	2	1	0	0	0	0	4	2	0	0	0	0	4	0
7646	26 Jul 25	19:30:00	1	0	53	0	Ct	0	0	0	5	0	1	0	0	0	1	3	1	3	3	3	4	0	1	0	2	2	2	0	0	0	2	0	2	0	0	0	0	4	4
7647	26 Jul 25	19:31:00	1	0	53	0	Ct	0	0	3	3	0	4	0	0	2	1	0	0	2	4	2	5	0	4	4	0	4	2	3	0	0	1	0	1	0	0	4	0	4	3
7648	26 Jul 25	19:32:00	1	0	53	0	Ct	0	0	0	4	0	3	0	0	2	0	0	1	5	3	1	3	0	0	4	0	3	2	1	7	0	1	0	2	0	0	3	0	5	2
7649	26 Jul 25	19:33:00	1	0	53	0	Ct	0	0	0	3	0	2	0	0	2	2	0	0	2	2	2	3	0	3	5	2	1	3	0	7	0	3	0	5	0	0	2	0	1	3
7650	26 Jul 25	19:34:00	1	0	53	0	Ct	0	0	0	4	1	4	0	0	0	1	0	0	0	4	1	4	0	2	6	2	4	2	4	6	0	3	1	1	0	0	1	0	6	3
7651	26 Jul 25	19:35:00	1	0	53	0	Ct	0	0	0	2	1	1	0	0	3	0	0	0	1	5	3	6	0	1	4	0	3	3	3	0	0	3	1	2	0	0	1	0	5	2
7652	26 Jul 25	19:36:00	1	0	53	0	Ct	0	0	0	3	0	2	0	0	4	1	0	0	4	3	4	5	0	10	5	2	3	9	2	0	0	2	3	2	0	0	12	0	5	3
7653	26 Jul 25	19:37:00	1	0	53	0	Ct	0	0	0	2	0	0	0	0	3	0	0	0	2	3	1	6	0	1	3	2	15	2	3	0	0	2	0	1	0	0	10	0	4	3
7654	26 Jul 25	19:38:00	1	0	53	0	Ct	0	0	0	2	0	5	0	0	3	1	0	0	4	3	2	5	0	3	4	3	2	2	4	0	0	2	1	1	0	0	0	0	2	0
7655	26 Jul 25	19:39:00	1	0	53	0	Ct	0	0	0	3	0	3	0	0	1	0	0	0	4	4	3	4	0	2	4	3	2	3	2	0	0	3	3	1	0	0	2	0	2	5
7656	26 Jul 25	19:40:00	1	0	53	0	Ct	0	0	0	2	0	5	0	0	0	1	0	0	2	6	3	4	0	1	2	1	2	1	2	0	0	3	1	3	0	0	4	0	2	9
7657	26 Jul 25	19:41:00	1	0	53	0	Ct	0	0	0	5	0	8	0	0	2	2	0	0	4	3	2	4	1	3	5	1	2	2	3	1	0	2	0	4	0	0	2	0	1	2
7658	26 Jul 25	19:42:00	1	0	53	0	Ct	0	0	0	7	0	4	0	0	0	1	0	2	3	3	3	6	6	4	0	1	2	4	1	0	0	2	0	2	0	0	4	0	4	5
7659	26 Jul 25	19:43:00	1	0	53	0	Ct	0	0	0	3	0	2	0	0	3	2	0	0	2	4	3	2	0	2	3	1	2	2	4	3	0	2	0	6	0	0	3	0	3	3
7660	26 Jul 25	19:44:00	1	0	53	0	Ct	0	0	0	2	0	1	0	0	3	1	1	1	5	3	0	6	0	4	3	8	0	2	3	0	0	3	3	2	0	0	3	0	4	2
7661	26 Jul 25	19:45:00	1	0	53	0	Ct	0	0	0	3	0	2	0	0	2	1	0	1	2	4	0	7	4	6	10	2	2	1	1	1	0	3	0	1	0	0	4	0	4	1
7662	26 Jul 25	19:46:00	1	0	53	0	Ct	0	0	0	3	0	1	0	0	3	2	0	2	2	2	0	5	5	5	7	2	2	1	2	7	0	3	0	3	0	0	0	0	0	2
7663	26 Jul 25	19:47:00	1	0	53	0	Ct	0	0	2	3	0	4	0	0	2	2	0	2	3	4	1	5	3	2	3	3	0	0	2	0	0	2	5	2	0	0	2	0	2	1
7664	26 Jul 25	19:48:00	1	0	53	0	Ct	0	0	3	2	0	1	0	0	3	5	0	2	3	4	7	5	3	3	3	3	10	1	1	8	0	0	4	2	0	0	1	0	3	2
7665	26 Jul 25	19:49:00	1	0	53	0	Ct	0	0	0	2	0	1	0	0	1	1	0	3	2	4	3	4	0	4	4	1	2	2	0	2	0	2	6	3	0	0	1	0	4	3
7666	26 Jul 25	19:50:00	1	0	53	0	Ct	0	0	0	1	0	2	0	0	1	6	0	3	2	5	2	5	0	1	2	2	0	4	3	0	0	7	1	2	0	0	2	0	4	2
7667	26 Jul 25	19:51:00	1	0	53	0	Ct	0	0	0	1	0	2	0	0	3	2	0	4	1	4	3	6	0	0	3	1	0	0	2	0	0	4	2	3	0	0	2	0	2	9
7668	26 Jul 25	19:52:00	1	0	53	0	Ct	0	0	0	4	0	1	0	0	3	2	0	5	1	2	4	5	3	2	6	2	3	4	3	0	0	1	4	2	0	0	1	0	1	2
7669	26 Jul 25	19:53:00	1	0	53	0	Ct	0	0	0	1	0	4	0	0	4	1	1	3	0	4	4	5	5	2	3	1	6	0	2	0	0	1	4	2	0	0	1	0	4	4
7670	26 Jul 25	19:54:00	1	0	53	0	Ct	0	0	0	3	0	2	0	0	0	2	3	3	2	4	2	6	2	2	5	2	7	2	2	1	0	3	2	2	0	0	0	0	7	4
7671	26 Jul 25	19:55:00	1	0	53	0	Ct	0	0	0	4	0	1	2	0	1	1	2	5	2	4	2	4	5	4	2	4	7	3	0	0	0	2	0	1	0	0	0	0	4	3
7672	26 Jul 25	19:56:00	1	0	53	0	Ct	0	0	0	4	0	3	1	0	3	3	0	4	2	4	2	7	3	3	0	5	4	0	1	3	0	0	2	3	0	0	1	0	4	2
7673	26 Jul 25	19:57:00	1	0	53	0	Ct	0	0	0	3	0	1	2	0	5	3	0	3	1	2	2	5	3	4	4	3	14	0	2	0	0	2	0	1	0	0	1	0	5	4
7674	26 Jul 25	19:58:00	1	0	53	0	Ct	0	0	0	1	0	1	0	0	4	1	0	5	2	3	2	3	3	3	3	3	3	3	9	1	0	3	0	1	0	0	2	0	4	1
7675	26 Jul 25	19:59:00	1	0	53	0	Ct	0	0	0	2	0	2	0	2	2	1	0	4	2	3	1	5	2	5	4	2	4	1	8	0	0	3	0	3	0	0	2	0	2	2
7676	26 Jul 25	20:00:00	1	0	53	0	Ct	0	0	0	2	0	4	1	0	3	1	0	3	1	5	0	6	1	2	3	1	4	1	0	0	0	4	0	3	0	0	1	0	3	2
7677	26 Jul 25	20:01:00	1	0	53	0	Ct	0	0	0	3	0	1	0	0	4	1	0	3	1	4	0	4	4	3	4	4	2	1	0	0	0	4	2	1	0	0	2	0	3	2
7678	26 Jul 25	20:02:00	1	0	53	0	Ct	0	0	2	2	0	2	0	1	8	2	0	5	2	2	3	6	3	1	1	2	0	0	0	0	0	0	0	1	0	0	1	0	4	3
7679	26 Jul 25	20:03:00	1	0	53	0	Ct	0	0	1	2	0	1	0	0	1	2	0	4	4	2	2	2	4	3	4	1	7	0	0	0	0	2	0	1	0	0	2	0	7	2
7680	26 Jul 25	20:04:00	1	0	53	0	Ct	0	0	0	2	0	5	0	0	0	2	0	4	5	2	2	2	3	3	2	4	10	2	0	0	0	1	0	4	0	0	3	0	9	3
7681	26 Jul 25	20:05:00	1	0	53	0	Ct	0	0	0	2	0	2	0	0	0	2	0	2	3	2	3	4	1	3	3	1	4	1	3	0	0	2	4	1	0	0	1	0	7	5
7682	26 Jul 25	20:06:00	1	0	53	0	Ct	0	0	0	5	0	2	0	0	3	2	0	5	3	4	3	5	2	4	5	2	4	0	3	0	0	4	0	3	0	0	2	0	5	5
7683	26 Jul 25	20:07:00	1	0	53	0	Ct	0	0	0	4	0	5	0	0	4	3	0	3	4	3	5	4	2	1	3	2	3	12	6	0	0	1	0	2	0	0	1	0	5	4
7684	26 Jul 25	20:08:00	1	0	53	0	Ct	0	0	0	1	0	4	0	0	4	2	0	4	3	6	2	4	2	5	4	1	5	2	5	0	0	3	5	1	0	0	0	0	5	2
7685	26 Jul 25	20:09:00	1	0	53	0	Ct	0	0	0	1	0	4	0	0	4	5	0	5	2	1	5	4	4	2	4	0	2	0	4	0	0	0	3	3	0	0	3	0	4	4
7686	26 Jul 25	20:10:00	1	0	53	0	Ct	0	0	0	1	0	3	0	0	3	2	1	5	2	3	5	4	6	5	3	1	3	2	4	0	0	1	2	3	0	0	0	0	4	0
7687	26 Jul 25	20:11:00	1	0	53	0	Ct	0	0	0	6	2	2	0	0	3	0	1	4	3	4	3	8	2	4	4	0	16	0	1	0	0	2	0	3	0	0	0	0	3	3
7688	26 Jul 25	20:12:00	1	0	53	0	Ct	0	0	0	3	0	2	0	0	4	0	0	3	1	4	3	5	2	2	3	2	1	1	1	0	0	1	5	3	0	0	3	0	5	3
7689	26 Jul 25	20:13:00	1	0	53	0	Ct	0	0	0	1	2	1	0	0	0	2	2	5	2	3	2	3	2	4	4	2	4	3	0	0	0	1	4	0	0	0	2	0	6	5
7690	26 Jul 25	20:14:00	1	0	53	0	Ct	0	0	0	0	0	0	0	0	4	0	2	4	5	2	4	7	4	5	4	2	3	0	0	0	0	1	1	1	0	0	3	0	3	3
7691	26 Jul 25	20:15:00	1	0	53	0	Ct	0	0	0	1	0	0	0	0	1	0	6	4	2	3	3	4	2	3	3	2	0	0	0	0	0	2	0	2	0	0	0	0	2	2
7692	26 Jul 25	20:16:00	1	0	53	0	Ct	0	0	1	4	0	0	0	0	1	1	0	3	0	2	3	2	3	4	4	2	2	0	0	0	0	3	0	2	0	0	2	0	2	4
7693	26 Jul 25	20:17:00	1	0	53	0	Ct	0	0	0	0	0	2	0	0	3	3	3	4	9	3	6	2	2	2	2	2	3	0	0	0	0	5	0	4	0	0	4	0	2	2
7694	26 Jul 25	20:18:00	1	0	53	0	Ct	0	0	0	0	0	2	0	0	2	3	0	5	9	4	2	3	3	2	4	1	3	0	0	0	0	5	1	2	0	0	1	0	4	2
7695	26 Jul 25	20:19:00	1	0	53	0	Ct	0	0	0	4	0	4	0	0	4	3	0	5	0	3	2	4	2	4	3	2	2	0	0	0	0	2	1	4	0	0	0	0	4	4
7696	26 Jul 25	20:20:00	1	0	53	0	Ct	0	0	0	0	0	3	0	0	6	4	0	4	1	2	1	5	6	4	4	2	4	4	0	0	0	4	0	3	0	0	1	0	1	3
7697	26 Jul 25	20:21:00	1	0	53	0	Ct	0	0	0	0	0	3	1	0	4	5	0	4	0	2	3	5	1	4	4	7	1	8	0	0	0	1	0	4	0	0	0	0	2	2
7698	26 Jul 25	20:22:00	1	0	53	0	Ct	0	0	0	3	0	0	0	0	3	2	0	4	3	2	2	5	2	3	5	4	2	6	0	0	0	1	0	3	0	0	2	0	3	4
7699	26 Jul 25	20:23:00	1	0	53	0	Ct	0	0	0	3	0	0	0	0	5	2	0	3	2	4	1	7	3	1	8	3	3	8	0	0	0	2	0	4	0	0	0	0	5	3
7700	26 Jul 25	20:24:00	1	0	53	0	Ct	0	0	0	2	0	0	0	0	3	1	0	4	2	5	3	6	3	3	3	3	0	7	0	0	0	2	0	6	0	0	1	0	6	4
7701	26 Jul 25	20:25:00	1	0	53	0	Ct	0	0	0	0	0	0	0	0	4	5	0	2	2	5	5	5	3	4	5	5	0	2	0	0	0	3	0	3	0	0	3	0	4	3
7702	26 Jul 25	20:26:00	1	0	53	0	Ct	0	0	0	2	0	0	0	0	0	2	0	5	2	5	5	3	2	1	4	11	0	2	0	0	0	1	1	1	0	0	1	0	6	3
7703	26 Jul 25	20:27:00	1	0	53	0	Ct	0	0	0	6	0	0	0	0	1	1	0	5	3	7	4	3	4	1	4	3	2	0	0	0	0	2	1	2	0	0	1	0	3	2
7704	26 Jul 25	20:28:00	1	0	53	0	Ct	0	0	0	4	0	0	0	0	2	3	0	4	2	2	3	5	3	2	6	3	14	0	0	0	0	2	0	1	0	0	12	0	3	3
7705	26 Jul 25	20:29:00	1	0	53	0	Ct	0	0	0	4	0	0	0	0	2	2	0	4	5	3	5	6	1	4	3	0	2	3	0	0	0	1	0	0	0	0	1	0	0	1
7706	26 Jul 25	20:30:00	1	0	53	0	Ct	0	0	0	3	0	0	0	0	4	4	0	3	0	3	4	5	3	5	2	3	0	6	0	0	0	3	0	4	0	0	0	0	4	2
7707	26 Jul 25	20:31:00	1	0	53	0	Ct	0	0	0	4	0	0	0	0	3	1	0	5	0	2	3	4	2	4	4	2	3	5	0	0	0	3	6	3	0	0	0	0	7	2
7708	26 Jul 25	20:32:00	1	0	53	0	Ct	0	0	0	5	0	0	0	0	4	1	0	4	0	0	1	5	3	1	4	1	13	3	0	0	0	2	3	4	0	0	1	0	5	3
7709	26 Jul 25	20:33:00	1	0	53	0	Ct	0	0	0	5	0	0	0	0	4	1	0	2	3	0	5	3	4	4	4	3	1	2	0	0	0	2	3	3	0	0	2	0	5	2
7710	26 Jul 25	20:34:00	1	0	53	0	Ct	0	0	0	3	0	0	0	0	3	2	0	5	8	0	3	5	3	5	3	4	1	2	0	0	0	0	7	3	0	0	1	0	6	2
7711	26 Jul 25	20:35:00	1	0	53	0	Ct	0	0	0	4	0	0	0	0	5	1	0	5	1	0	1	5	3	2	4	2	1	3	0	0	0	0	4	4	0	0	3	0	5	4
7712	26 Jul 25	20:36:00	1	0	53	0	Ct	0	0	0	6	0	0	0	0	3	0	0	5	2	2	6	6	4	7	1	3	3	1	0	0	0	0	5	3	0	0	5	0	6	3
7713	26 Jul 25	20:37:00	1	0	53	0	Ct	0	0	0	2	0	0	0	0	4	1	0	5	3	0	3	5	3	3	0	2	0	1	0	0	0	0	2	3	0	0	1	0	4	3
7714	26 Jul 25	20:38:00	1	0	53	0	Ct	0	0	0	3	0	0	0	0	5	3	0	4	3	0	5	0	3	6	0	2	0	2	0	0	0	0	2	4	0	0	5	0	5	2
7715	26 Jul 25	20:39:00	1	0	53	0	Ct	0	0	0	2	0	0	0	0	0	0	0	5	1	0	1	5	4	4	5	3	5	3	0	0	0	0	1	3	0	0	1	0	7	0
7716	26 Jul 25	20:40:00	1	0	53	0	Ct	0	0	0	4	0	0	0	0	0	0	0	4	2	0	0	4	3	2	4	3	1	1	0	0	0	0	0	3	0	0	0	0	5	4
7717	26 Jul 25	20:41:00	1	0	53	0	Ct	0	0	0	2	0	0	0	0	0	2	0	5	2	0	2	3	5	1	5	3	1	5	0	0	0	0	0	2	0	0	0	0	4	3
7718	26 Jul 25	20:42:00	1	0	53	0	Ct	0	0	0	0	0	0	0	0	0	2	0	5	3	0	2	1	1	3	2	3	0	0	0	0	0	0	0	2	0	0	0	0	4	3
7719	26 Jul 25	20:43:00	1	0	53	0	Ct	0	0	0	2	0	0	0	0	0	0	0	4	0	0	2	4	3	4	3	2	0	1	0	0	0	0	0	2	0	0	0	0	4	4
7720	26 Jul 25	20:44:00	1	0	53	0	Ct	0	0	0	0	0	0	0	0	0	2	0	4	3	0	3	4	4	4	3	0	3	0	0	2	0	0	0	2	0	0	0	0	4	3
7721	26 Jul 25	20:45:00	1	0	53	0	Ct	0	0	0	0	0	0	0	0	0	2	0	5	3	0	3	5	1	5	3	1	1	0	0	2	0	0	0	2	0	0	0	0	4	5
7722	26 Jul 25	20:46:00	1	0	53	0	Ct	0	0	0	0	0	0	0	0	0	0	0	6	2	0	2	4	2	4	3	1	0	8	0	0	0	2	0	3	0	0	0	0	5	2
7723	26 Jul 25	20:47:00	1	0	53	0	Ct	0	0	0	0	0	0	3	0	0	0	0	5	3	0	1	4	2	2	3	2	0	12	0	0	0	3	0	2	0	0	0	0	2	7
7724	26 Jul 25	20:48:00	1	0	53	0	Ct	0	0	0	0	0	0	2	0	0	2	0	5	2	0	3	2	4	3	7	3	4	1	0	0	0	5	0	2	0	0	0	0	3	4
7725	26 Jul 25	20:49:00	1	0	53	0	Ct	0	0	0	0	0	0	1	0	0	2	0	2	3	0	2	4	2	4	5	2	0	0	0	0	0	3	0	3	0	0	0	0	5	3
7726	26 Jul 25	20:50:00	1	0	53	0	Ct	0	0	0	0	0	0	4	0	0	3	0	1	3	0	1	5	2	4	4	3	0	0	0	0	0	3	0	2	0	0	0	0	4	3
7727	26 Jul 25	20:51:00	1	0	53	0	Ct	0	0	0	0	0	0	2	0	0	0	0	6	0	0	1	3	1	3	6	3	0	0	0	0	0	4	0	3	0	0	0	0	6	2
7728	26 Jul 25	20:52:00	1	0	53	0	Ct	0	0	0	0	0	0	0	0	0	0	0	2	4	0	4	6	3	4	4	1	0	0	0	0	0	2	0	0	0	0	0	0	3	1
7729	26 Jul 25	20:53:00	1	0	53	0	Ct	0	0	0	0	0	0	0	0	0	1	0	4	1	0	4	4	4	4	0	3	21	0	0	0	0	2	0	0	0	0	0	0	3	7
7730	26 Jul 25	20:54:00	1	0	53	0	Ct	0	0	0	0	0	0	0	0	0	0	0	5	4	0	3	1	3	1	3	1	11	0	0	0	0	4	0	0	0	0	0	0	4	4
7731	26 Jul 25	20:55:00	1	0	53	0	Ct	0	0	0	1	0	0	0	0	0	0	0	3	4	0	0	5	4	2	4	1	0	0	0	0	0	2	0	0	0	0	0	0	3	4
7732	26 Jul 25	20:56:00	1	0	53	0	Ct	0	0	0	1	0	0	0	0	0	0	0	3	2	0	3	5	4	4	4	1	0	0	0	0	0	5	0	0	0	0	0	0	4	3
7733	26 Jul 25	20:57:00	1	0	53	0	Ct	0	0	0	0	0	0	0	0	0	1	0	4	5	0	3	4	2	2	3	3	0	0	0	0	0	3	0	3	0	0	0	0	4	3
7734	26 Jul 25	20:58:00	1	0	53	0	Ct	0	0	0	0	0	0	0	0	0	0	0	4	1	0	3	4	4	4	4	0	0	0	0	0	0	2	0	4	0	0	0	0	6	5
7735	26 Jul 25	20:59:00	1	0	53	0	Ct	0	0	0	3	0	0	0	0	0	1	0	4	1	0	0	5	2	1	4	5	0	0	0	0	0	4	0	0	0	0	0	0	6	4
7736	26 Jul 25	21:00:00	1	0	53	0	Ct	0	0	0	0	0	0	0	0	0	0	0	5	2	0	2	3	3	4	0	3	0	0	0	0	0	2	0	0	0	0	0	0	6	4
7737	26 Jul 25	21:01:00	1	0	53	0	Ct	0	0	0	0	0	0	0	0	0	0	0	5	2	0	2	6	5	3	0	2	0	0	0	0	0	2	0	2	0	0	0	0	3	5
7738	26 Jul 25	21:02:00	1	0	53	0	Ct	0	0	0	2	0	0	0	0	0	1	0	4	1	0	1	3	1	5	0	3	0	0	0	0	0	2	0	5	0	0	0	0	4	2
7739	26 Jul 25	21:03:00	1	0	53	0	Ct	0	0	0	0	0	0	0	0	0	0	0	4	1	0	0	3	3	2	0	2	0	0	0	0	0	1	0	1	0	0	0	0	6	3
7740	26 Jul 25	21:04:00	1	0	53	0	Ct	0	0	0	0	0	0	0	0	0	0	0	5	2	0	2	2	4	6	0	1	0	0	0	0	0	2	0	0	0	0	0	0	4	1
7741	26 Jul 25	21:05:00	1	0	53	0	Ct	0	0	0	0	0	0	0	0	0	0	0	3	3	0	4	5	3	4	0	2	0	0	0	0	0	4	0	3	0	0	0	0	5	4
7742	26 Jul 25	21:06:00	1	0	53	0	Ct	0	0	0	0	0	0	0	0	0	0	0	1	0	0	0	2	12	0	0	1	0	0	0	0	0	2	0	4	0	0	0	0	3	5
7743	26 Jul 25	21:07:00	1	0	53	0	Ct	0	0	0	0	0	0	0	0	0	0	0	0	1	0	0	4	2	0	0	1	0	0	0	0	0	1	0	3	0	0	0	0	4	4
7744	26 Jul 25	21:08:00	1	0	53	0	Ct	0	0	0	0	0	0	0	0	0	0	0	0	0	0	3	4	3	2	0	3	0	0	0	0	0	0	0	0	0	0	0	0	4	5
7745	26 Jul 25	21:09:00	1	0	53	0	Ct	0	0	0	0	0	0	0	0	0	0	0	0	0	0	3	3	2	2	0	3	0	0	0	0	0	1	0	2	0	0	0	0	4	1
7746	26 Jul 25	21:10:00	1	0	53	0	Ct	0	0	0	0	0	0	0	0	0	1	0	0	0	0	15	1	2	2	0	2	0	0	0	0	0	3	0	2	0	0	0	0	5	5
7747	26 Jul 25	21:11:00	1	0	53	0	Ct	0	0	0	0	0	0	0	0	0	1	0	0	0	0	2	6	3	3	0	1	0	0	0	0	0	2	0	2	0	0	0	0	4	3
7748	26 Jul 25	21:12:00	1	0	53	0	Ct	0	0	0	0	0	0	0	0	0	7	0	0	0	0	2	0	0	5	0	3	0	0	0	0	0	1	0	1	0	0	0	0	4	1
7749	26 Jul 25	21:13:00	1	0	53	0	Ct	0	0	0	0	0	0	0	0	0	1	0	0	0	0	3	0	1	5	0	3	0	0	0	0	0	0	0	0	0	0	0	0	0	1
7750	26 Jul 25	21:14:00	1	0	53	0	Ct	0	0	0	0	0	0	0	0	0	0	0	0	0	0	2	0	0	1	0	0	0	0	0	0	0	2	0	0	0	0	0	0	2	3
7751	26 Jul 25	21:15:00	1	0	53	0	Ct	0	0	0	0	0	0	0	0	0	0	0	1	0	0	0	0	0	3	0	0	0	0	0	0	0	0	1	0	0	0	0	0	5	2
7752	26 Jul 25	21:16:00	1	0	53	0	Ct	0	0	0	0	0	0	8	0	0	0	0	3	0	0	1	0	0	4	0	3	0	0	0	0	0	0	0	0	0	0	0	0	4	4
7753	26 Jul 25	21:17:00	1	0	53	0	Ct	0	0	0	0	0	0	0	0	0	0	0	3	0	0	0	0	1	3	0	3	0	0	0	0	0	0	0	0	0	0	0	0	3	3
7754	26 Jul 25	21:18:00	1	0	53	0	Ct	0	0	0	0	0	0	0	0	0	0	0	0	0	0	0	1	0	3	0	2	0	0	0	0	0	0	0	0	0	0	0	0	3	3
7755	26 Jul 25	21:19:00	1	0	53	0	Ct	0	0	0	0	0	0	0	0	0	0	0	0	3	0	2	0	0	5	0	0	0	0	0	0	0	0	0	0	0	0	0	0	5	3
7756	26 Jul 25	21:20:00	1	0	53	0	Ct	0	0	0	0	0	0	0	0	0	0	0	0	2	0	6	0	0	5	0	1	0	0	0	0	0	0	0	0	0	0	0	0	2	1
7757	26 Jul 25	21:21:00	1	0	53	0	Ct	0	0	0	0	0	0	0	0	0	0	0	0	0	0	1	2	0	3	0	0	0	0	0	0	0	0	0	0	0	0	0	0	4	0
7758	26 Jul 25	21:22:00	1	0	53	0	Ct	0	0	0	2	0	0	0	0	0	0	0	0	0	0	0	0	0	3	0	0	0	0	0	0	0	0	0	1	0	0	0	0	5	0
7759	26 Jul 25	21:23:00	1	0	53	0	Ct	0	0	0	0	0	0	0	0	0	0	0	0	0	0	6	0	0	3	0	0	0	0	0	0	0	0	3	3	0	0	0	0	0	0
7760	26 Jul 25	21:24:00	1	0	53	0	Ct	0	0	0	0	0	0	0	0	0	0	0	0	0	0	7	0	0	0	0	0	0	0	0	0	0	0	0	6	0	0	0	0	2	0
7761	26 Jul 25	21:25:00	1	0	53	0	Ct	0	0	0	0	0	0	0	0	0	0	0	0	0	0	1	0	0	2	0	0	0	0	0	0	0	0	0	2	0	0	0	0	0	0
7762	26 Jul 25	21:26:00	1	0	53	0	Ct	0	0	0	0	0	0	0	0	0	0	0	0	0	0	0	0	0	4	0	0	0	0	0	0	0	0	0	4	0	0	0	0	0	0
7763	26 Jul 25	21:27:00	1	0	53	0	Ct	0	0	0	0	0	0	0	0	0	0	0	0	0	0	0	0	0	2	0	0	0	0	0	0	0	0	3	3	0	0	0	0	0	2
7764	26 Jul 25	21:28:00	1	0	53	0	Ct	0	0	0	0	0	0	0	0	0	0	0	0	0	0	0	0	0	1	0	0	0	0	0	0	0	0	3	0	0	0	0	0	0	3
7765	26 Jul 25	21:29:00	1	0	53	0	Ct	0	0	0	0	0	0	0	0	0	0	0	0	0	0	0	1	0	3	0	0	0	0	0	0	0	0	0	0	0	0	0	0	0	2
7766	26 Jul 25	21:30:00	1	0	53	0	Ct	0	0	0	0	0	0	0	0	0	0	0	0	0	0	0	0	0	2	0	0	0	0	0	0	0	0	2	0	0	0	0	0	3	4
7767	26 Jul 25	21:31:00	1	0	53	0	Ct	0	0	0	0	0	0	0	0	0	0	0	0	0	0	1	1	0	0	0	0	0	0	0	0	0	0	0	0	0	0	0	0	2	3
7768	26 Jul 25	21:32:00	1	0	53	0	Ct	0	0	0	0	0	0	0	0	0	0	0	0	0	0	0	0	0	3	0	0	0	0	0	0	0	0	0	0	0	0	0	0	0	3
7769	26 Jul 25	21:33:00	1	0	53	0	Ct	0	0	0	0	0	0	0	0	0	0	0	0	0	0	0	0	0	3	0	0	0	0	0	0	0	0	0	0	0	0	0	0	0	3
7770	26 Jul 25	21:34:00	1	0	53	0	Ct	0	0	0	0	0	0	0	0	0	0	0	0	0	0	3	0	0	1	0	0	0	0	0	0	0	0	0	0	0	0	0	0	9	1
7771	26 Jul 25	21:35:00	1	0	53	0	Ct	0	0	0	0	0	0	1	0	0	0	0	1	0	0	1	0	0	0	0	0	0	0	0	0	0	0	0	0	0	0	0	0	2	3
7772	26 Jul 25	21:36:00	1	0	53	0	Ct	0	0	0	0	0	0	0	0	0	0	0	2	0	0	0	0	0	0	0	0	0	0	0	0	0	0	0	1	0	0	0	0	5	3
7773	26 Jul 25	21:37:00	1	0	53	0	Ct	0	0	0	0	0	0	0	0	0	0	0	0	0	0	2	0	0	0	0	0	0	0	0	1	0	0	0	0	0	0	0	0	0	2
7774	26 Jul 25	21:38:00	1	0	53	0	Ct	0	0	0	0	0	0	0	0	0	0	0	0	0	0	0	2	0	0	0	0	0	0	0	0	0	0	0	0	0	0	0	0	1	2
7775	26 Jul 25	21:39:00	1	0	53	0	Ct	0	0	0	0	0	0	0	0	0	0	0	0	0	0	0	1	0	0	0	0	0	0	0	0	0	0	0	1	0	0	0	0	3	1
7776	26 Jul 25	21:40:00	1	0	53	0	Ct	0	0	0	0	0	0	0	0	0	0	0	0	0	0	0	0	0	0	0	0	0	0	0	0	0	0	0	2	0	0	0	0	1	2
7777	26 Jul 25	21:41:00	1	0	53	0	Ct	0	0	0	0	0	0	0	0	0	0	0	0	0	0	0	0	0	0	0	0	0	0	0	0	0	0	0	0	0	0	0	0	6	1
7778	26 Jul 25	21:42:00	1	0	53	0	Ct	0	0	0	0	0	0	0	0	0	0	0	0	0	0	0	0	0	0	0	0	0	0	0	0	0	0	0	3	0	0	0	0	7	0
7779	26 Jul 25	21:43:00	1	0	53	0	Ct	0	0	0	0	0	0	0	0	0	0	0	0	0	0	0	2	0	0	0	0	0	0	0	0	0	0	0	3	0	0	0	0	4	0
7780	26 Jul 25	21:44:00	1	0	53	0	Ct	0	0	0	0	0	0	0	0	0	0	0	0	0	0	0	2	0	0	0	0	0	0	0	0	0	0	0	0	0	0	0	0	5	0
7781	26 Jul 25	21:45:00	1	0	53	0	Ct	0	0	0	0	0	0	0	0	0	0	0	0	0	0	1	1	0	0	0	0	0	0	0	0	0	0	0	0	0	0	0	0	2	0
7782	26 Jul 25	21:46:00	1	0	53	0	Ct	0	0	0	0	0	0	0	0	0	0	0	0	0	0	3	3	0	0	0	0	0	0	0	0	0	0	0	0	0	0	0	0	1	0
7783	26 Jul 25	21:47:00	1	0	53	0	Ct	0	0	0	0	0	0	0	0	0	0	0	0	0	0	1	1	0	0	0	0	0	0	0	0	0	0	0	0	0	0	0	0	5	0
7784	26 Jul 25	21:48:00	1	0	53	0	Ct	0	0	0	0	0	0	0	0	0	0	0	0	0	0	1	2	0	0	0	0	0	4	0	0	0	0	0	0	0	0	0	0	4	0
7785	26 Jul 25	21:49:00	1	0	53	0	Ct	0	0	3	0	0	0	0	0	0	0	0	0	0	0	3	0	0	0	0	0	0	2	0	0	0	0	0	0	0	0	0	0	4	0
7786	26 Jul 25	21:50:00	1	0	53	0	Ct	0	0	0	0	0	0	0	0	0	0	0	0	0	0	3	0	0	0	0	0	0	3	0	0	0	0	0	0	0	0	0	0	5	0
7787	26 Jul 25	21:51:00	1	0	53	0	Ct	0	0	0	0	0	0	0	0	0	0	0	0	0	0	1	0	0	0	0	0	0	7	0	0	0	0	0	0	0	0	0	0	4	0
7788	26 Jul 25	21:52:00	1	0	53	0	Ct	0	0	0	0	0	0	0	0	0	0	0	0	0	0	2	2	0	0	0	0	0	2	0	0	0	0	0	0	0	0	0	0	2	1
7789	26 Jul 25	21:53:00	1	0	53	0	Ct	0	0	0	0	0	0	0	0	0	0	0	0	0	0	3	0	0	0	0	0	0	2	0	0	0	0	0	0	0	0	0	0	5	0
7790	26 Jul 25	21:54:00	1	0	53	0	Ct	0	0	0	0	0	0	0	0	0	0	0	0	0	0	0	0	0	0	0	0	0	4	0	1	0	0	0	0	0	0	0	0	10	0
7791	26 Jul 25	21:55:00	1	0	53	0	Ct	0	0	2	0	0	0	0	0	0	0	0	0	0	0	1	0	0	0	0	0	0	4	0	0	0	0	0	0	0	0	0	0	4	0
7792	26 Jul 25	21:56:00	1	0	53	0	Ct	0	0	0	0	0	0	0	0	0	0	0	0	0	0	0	0	0	2	0	0	0	2	0	0	0	0	0	0	0	0	0	0	4	0
7793	26 Jul 25	21:57:00	1	0	53	0	Ct	0	0	0	0	0	0	0	0	0	0	0	0	0	0	0	4	0	1	0	0	0	1	0	0	0	0	0	0	0	0	0	0	3	0
7794	26 Jul 25	21:58:00	1	0	53	0	Ct	0	0	0	0	0	0	0	0	0	0	0	0	0	0	0	0	0	0	0	0	0	1	0	0	0	0	0	4	0	0	0	0	4	0
7795	26 Jul 25	21:59:00	1	0	53	0	Ct	0	0	0	0	0	0	0	0	0	0	0	0	0	0	0	0	0	0	0	0	0	3	0	0	0	0	0	0	0	0	0	0	3	0
7796	26 Jul 25	22:00:00	1	0	53	0	Ct	0	0	0	0	0	0	0	0	0	0	0	0	0	0	0	0	0	1	0	0	0	4	0	0	0	0	0	2	0	0	0	0	3	0
7797	26 Jul 25	22:01:00	1	0	53	0	Ct	0	0	0	0	0	0	0	0	0	0	0	0	0	0	0	0	0	0	0	0	0	3	0	0	0	0	0	0	0	0	0	0	3	0
7798	26 Jul 25	22:02:00	1	0	53	0	Ct	0	0	0	0	0	0	0	0	0	0	0	1	0	0	0	0	0	0	0	0	0	9	0	0	0	0	0	1	0	0	0	0	0	2
7799	26 Jul 25	22:03:00	1	0	53	0	Ct	0	0	0	0	0	0	0	0	0	0	0	0	0	0	0	0	0	0	0	0	0	2	0	0	0	0	0	0	0	0	0	0	4	2
7800	26 Jul 25	22:04:00	1	0	53	0	Ct	0	0	0	0	0	0	0	0	0	0	0	1	0	0	0	0	0	0	0	0	0	3	0	2	0	0	0	3	0	0	0	0	1	2
7801	26 Jul 25	22:05:00	1	0	53	0	Ct	0	0	0	0	0	0	0	0	0	0	0	0	0	0	1	2	0	0	0	0	0	2	0	7	0	0	0	2	0	0	0	0	4	1
7802	26 Jul 25	22:06:00	1	0	53	0	Ct	0	0	0	0	0	0	0	0	0	0	0	0	0	0	0	1	0	0	0	0	0	7	0	1	0	0	0	3	0	0	0	0	1	3
7803	26 Jul 25	22:07:00	1	0	53	0	Ct	0	0	0	0	0	0	0	0	0	0	0	0	0	0	0	1	0	2	0	0	0	5	0	3	0	0	0	0	0	0	0	0	0	1
7804	26 Jul 25	22:08:00	1	0	53	0	Ct	0	0	0	0	0	0	0	0	0	0	0	0	0	0	0	7	0	0	0	0	0	1	0	5	0	0	0	2	0	0	0	0	0	0
7805	26 Jul 25	22:09:00	1	0	53	0	Ct	0	0	0	0	0	0	0	0	0	0	0	0	0	0	0	2	0	0	0	0	0	1	0	7	0	0	0	2	0	0	0	0	2	0
7806	26 Jul 25	22:10:00	1	0	53	0	Ct	0	0	0	0	0	0	0	0	0	0	0	0	0	0	2	2	0	0	0	0	0	8	0	0	0	0	0	3	0	0	0	0	0	0
7807	26 Jul 25	22:11:00	1	0	53	0	Ct	0	0	0	1	0	0	0	0	0	0	0	0	0	0	0	1	0	0	0	0	0	3	0	0	0	0	0	0	0	0	0	0	2	2
7808	26 Jul 25	22:12:00	1	0	53	0	Ct	0	0	0	1	0	0	1	0	0	0	0	0	0	0	0	0	0	0	0	0	0	3	1	0	0	0	0	0	0	0	0	0	4	4
7809	26 Jul 25	22:13:00	1	0	53	0	Ct	0	0	0	0	0	0	0	0	0	0	0	0	0	0	0	1	0	0	0	0	0	3	0	1	0	0	0	0	0	0	0	0	1	1
7810	26 Jul 25	22:14:00	1	0	53	0	Ct	0	0	0	0	0	0	2	0	0	0	0	0	0	0	0	0	0	0	0	0	0	2	0	0	0	0	0	0	0	0	0	0	4	2
7811	26 Jul 25	22:15:00	1	0	53	0	Ct	0	0	0	0	0	0	0	0	0	0	0	0	0	0	0	0	0	0	0	0	0	0	0	1	0	0	0	2	0	0	0	0	5	2
7812	26 Jul 25	22:16:00	1	0	53	0	Ct	0	0	0	0	0	0	0	0	0	0	0	0	0	0	0	0	0	0	0	0	0	0	0	0	0	0	0	0	0	0	0	0	2	5
7813	26 Jul 25	22:17:00	1	0	53	0	Ct	0	0	0	0	0	0	0	0	0	0	0	0	0	0	1	0	0	0	0	0	0	0	1	0	0	0	0	0	0	0	0	0	0	1
7814	26 Jul 25	22:18:00	1	0	53	0	Ct	0	0	0	0	0	0	0	0	0	0	0	0	0	0	0	0	0	2	0	0	0	0	5	0	0	0	0	0	0	0	0	0	0	4
7815	26 Jul 25	22:19:00	1	0	53	0	Ct	0	0	0	0	0	0	0	0	0	0	0	0	0	0	3	0	0	3	0	0	0	0	0	0	0	0	0	0	0	0	0	0	0	2
7816	26 Jul 25	22:20:00	1	0	53	0	Ct	0	0	0	0	0	0	0	0	0	0	0	0	0	0	0	10	0	0	0	0	0	0	0	0	0	1	0	0	0	0	0	0	0	1
7817	26 Jul 25	22:21:00	1	0	53	0	Ct	0	0	0	0	0	0	0	0	0	0	0	0	0	0	1	7	0	1	0	0	0	0	3	0	0	1	0	0	0	0	0	0	0	2
7818	26 Jul 25	22:22:00	1	0	53	0	Ct	0	0	0	0	0	0	0	0	0	0	0	0	0	0	0	0	0	4	0	0	4	0	6	0	0	0	0	1	0	0	0	0	0	0
7819	26 Jul 25	22:23:00	1	0	53	0	Ct	0	0	0	0	0	0	0	0	0	0	0	0	0	0	0	0	0	1	0	0	2	0	4	0	0	0	0	0	0	0	0	0	0	0
7820	26 Jul 25	22:24:00	1	0	53	0	Ct	0	0	0	0	0	0	2	0	0	0	0	0	0	0	3	0	0	0	0	0	0	0	5	0	0	0	0	0	0	0	0	0	0	0
7821	26 Jul 25	22:25:00	1	0	53	0	Ct	0	0	0	0	0	0	0	0	0	0	0	0	0	0	0	3	0	0	0	0	0	0	5	0	0	0	0	0	0	0	0	0	0	0
7822	26 Jul 25	22:26:00	1	0	53	0	Ct	0	0	0	0	0	0	0	0	0	0	0	0	0	0	0	0	0	0	0	0	3	0	4	0	0	0	0	0	0	0	0	0	0	0
7823	26 Jul 25	22:27:00	1	0	53	0	Ct	0	0	0	0	0	0	0	0	0	0	0	0	0	0	0	0	0	0	0	0	6	0	3	0	0	0	0	0	0	0	0	0	0	0
7824	26 Jul 25	22:28:00	1	0	53	0	Ct	0	0	0	0	0	0	0	0	0	0	0	0	0	0	0	0	0	0	1	0	0	0	4	0	0	0	0	0	0	0	0	0	0	0
7825	26 Jul 25	22:29:00	1	0	53	0	Ct	0	0	0	0	0	0	0	0	0	0	0	0	0	0	0	0	0	1	0	0	5	0	3	0	0	0	0	0	0	0	0	0	1	0
7826	26 Jul 25	22:30:00	1	0	53	0	Ct	0	0	0	0	0	0	0	0	0	0	0	0	0	0	0	0	0	4	4	0	5	0	3	1	0	0	0	2	0	0	0	0	1	0
7827	26 Jul 25	22:31:00	1	0	53	0	Ct	0	0	0	0	0	0	0	0	0	0	0	0	0	0	0	0	0	4	3	0	4	0	2	0	0	1	0	0	0	0	0	0	0	0
7828	26 Jul 25	22:32:00	1	0	53	0	Ct	0	0	0	0	0	0	0	0	0	0	0	0	0	0	0	0	0	2	6	0	2	0	6	1	0	1	2	0	0	0	0	0	0	0
7829	26 Jul 25	22:33:00	1	0	53	0	Ct	0	0	0	1	0	0	0	2	0	0	0	0	0	0	0	0	0	3	3	0	0	0	4	0	0	0	0	5	0	0	0	0	0	0
7830	26 Jul 25	22:34:00	1	0	53	0	Ct	0	0	0	0	0	0	0	0	0	0	0	0	0	0	0	0	0	2	2	0	0	0	0	0	0	0	0	0	0	0	0	0	0	0
7831	26 Jul 25	22:35:00	1	0	53	0	Ct	0	0	0	0	0	0	0	0	0	0	0	0	0	0	0	0	0	5	1	0	2	0	2	0	0	0	0	0	0	0	0	0	0	0
7832	26 Jul 25	22:36:00	1	0	53	0	Ct	0	0	0	0	0	0	0	0	0	0	0	0	0	0	0	0	0	3	0	0	0	0	4	0	0	0	0	0	0	0	0	0	0	0
7833	26 Jul 25	22:37:00	1	0	53	0	Ct	0	0	0	0	0	0	0	0	0	0	0	0	0	0	0	0	0	3	1	0	3	0	2	0	0	0	0	0	0	0	0	0	0	2
7834	26 Jul 25	22:38:00	1	0	53	0	Ct	0	0	0	0	0	0	0	0	0	0	0	0	0	0	0	0	0	2	0	0	4	0	1	0	0	0	0	0	0	0	0	0	0	0
7835	26 Jul 25	22:39:00	1	0	53	0	Ct	0	0	0	0	0	0	0	0	0	0	0	0	0	0	0	0	0	3	0	0	0	0	2	0	0	0	0	0	0	0	0	0	0	0
7836	26 Jul 25	22:40:00	1	0	53	0	Ct	0	0	0	1	0	0	0	0	0	0	0	0	0	0	0	0	0	1	0	0	0	0	1	0	0	0	0	0	0	0	0	0	1	0
7837	26 Jul 25	22:41:00	1	0	53	0	Ct	0	0	0	0	0	0	0	0	0	0	0	0	0	0	0	0	0	0	0	0	0	0	4	0	0	0	0	0	0	0	0	0	1	0
7838	26 Jul 25	22:42:00	1	0	53	0	Ct	0	0	0	0	0	0	0	0	0	0	0	0	0	0	0	0	0	0	0	0	0	0	4	0	0	0	0	0	0	0	0	0	0	4
7839	26 Jul 25	22:43:00	1	0	53	0	Ct	0	0	0	0	0	0	0	0	0	0	0	0	0	0	0	0	0	0	0	0	0	0	1	0	0	0	0	0	0	0	0	0	0	3
7840	26 Jul 25	22:44:00	1	0	53	0	Ct	0	0	0	0	0	0	0	0	0	0	0	0	0	0	0	0	0	0	0	0	0	0	2	0	0	0	0	0	0	0	0	0	0	3
7841	26 Jul 25	22:45:00	1	0	53	0	Ct	0	0	0	2	0	0	0	0	0	0	0	0	0	0	0	0	0	0	0	0	0	0	3	0	0	0	0	0	0	0	0	0	0	1
7842	26 Jul 25	22:46:00	1	0	53	0	Ct	0	0	0	0	0	0	0	0	0	0	0	0	0	0	0	0	0	0	0	0	0	0	2	0	0	2	0	0	0	0	0	0	0	0
7843	26 Jul 25	22:47:00	1	0	53	0	Ct	0	0	0	0	0	0	0	0	0	0	0	0	0	0	0	0	0	0	0	0	0	0	1	1	0	0	0	0	0	0	0	0	0	0
7844	26 Jul 25	22:48:00	1	0	53	0	Ct	0	0	0	0	0	0	0	0	0	0	0	0	0	0	1	0	0	0	0	0	0	0	0	1	0	0	0	0	0	0	0	0	0	0
7845	26 Jul 25	22:49:00	1	0	53	0	Ct	0	0	0	0	0	0	0	0	0	0	0	0	0	0	0	2	0	0	0	0	0	0	0	9	0	0	0	0	0	0	0	0	1	0
7846	26 Jul 25	22:50:00	1	0	53	0	Ct	0	0	0	0	0	0	0	0	0	0	0	0	0	0	2	0	0	0	0	0	0	0	0	0	0	0	0	0	0	0	0	0	0	0
7847	26 Jul 25	22:51:00	1	0	53	0	Ct	0	0	0	0	0	0	0	0	0	0	0	0	0	0	0	1	0	0	0	0	0	0	0	0	0	0	0	0	0	0	0	0	0	0
7848	26 Jul 25	22:52:00	1	0	53	0	Ct	0	0	0	0	0	0	0	0	0	0	0	0	0	0	1	0	0	1	0	0	0	0	0	0	0	0	0	0	0	0	0	0	0	3
7849	26 Jul 25	22:53:00	1	0	53	0	Ct	0	0	0	0	0	0	0	2	0	0	0	0	0	0	1	0	0	1	0	0	0	0	0	0	0	0	0	0	0	0	0	0	0	2
7850	26 Jul 25	22:54:00	1	0	53	0	Ct	0	0	0	0	0	0	0	0	0	0	0	0	0	0	0	0	0	0	0	0	0	0	0	0	0	2	0	0	0	0	0	0	0	2
7851	26 Jul 25	22:55:00	1	0	53	0	Ct	0	0	0	0	0	0	0	0	0	0	0	0	0	0	0	1	0	0	0	0	0	0	0	0	0	4	0	0	0	0	0	0	0	3
7852	26 Jul 25	22:56:00	1	0	53	0	Ct	0	0	2	0	0	0	0	0	0	0	0	0	0	0	0	1	0	0	0	0	0	0	0	0	0	2	5	0	0	0	0	0	0	3
7853	26 Jul 25	22:57:00	1	0	53	0	Ct	0	0	1	0	0	0	0	0	0	0	0	0	0	0	0	5	0	0	0	0	0	0	0	0	0	2	6	0	0	0	0	0	0	1
7854	26 Jul 25	22:58:00	1	0	53	0	Ct	0	0	1	0	0	0	0	0	0	0	0	0	0	0	0	2	0	0	0	0	0	0	0	0	0	3	4	0	0	0	0	0	0	2
7855	26 Jul 25	22:59:00	1	0	53	0	Ct	0	0	0	0	0	0	0	0	0	0	0	0	0	0	1	2	0	0	0	0	0	0	0	0	0	2	4	0	0	0	0	0	0	3
7856	26 Jul 25	23:00:00	1	0	53	0	Ct	0	0	0	0	0	0	0	0	0	0	0	0	0	0	5	5	0	0	0	0	0	0	0	0	0	4	4	3	0	0	0	0	0	0
7857	26 Jul 25	23:01:00	1	0	53	0	Ct	0	0	0	0	0	0	0	0	0	0	0	0	0	0	0	0	0	0	0	0	0	0	0	0	0	3	4	1	0	0	0	0	0	4
7858	26 Jul 25	23:02:00	1	0	53	0	Ct	0	0	0	0	0	0	0	0	0	0	0	0	0	0	0	0	0	0	0	0	0	0	0	0	0	4	3	0	0	0	0	0	0	1
7859	26 Jul 25	23:03:00	1	0	53	0	Ct	0	0	1	0	0	0	0	0	0	0	0	0	0	0	1	2	0	0	0	0	0	0	0	0	0	4	5	0	0	0	0	0	0	2
7860	26 Jul 25	23:04:00	1	0	53	0	Ct	0	0	1	0	0	0	0	0	0	0	0	0	0	0	1	2	0	0	0	0	0	0	0	0	0	2	4	0	0	0	0	0	1	1
7861	26 Jul 25	23:05:00	1	0	53	0	Ct	0	0	0	0	0	0	0	5	0	0	0	0	0	0	2	0	0	0	0	0	0	0	0	0	0	3	2	0	0	0	0	0	0	2
7862	26 Jul 25	23:06:00	1	0	53	0	Ct	0	0	0	0	0	0	0	2	0	0	0	0	0	0	0	2	0	0	0	0	0	0	0	0	0	4	4	0	0	0	0	0	0	0
7863	26 Jul 25	23:07:00	1	0	53	0	Ct	0	0	2	0	0	0	0	0	0	0	0	0	0	0	0	0	0	0	0	0	0	0	0	0	0	2	4	0	0	0	0	0	0	0
7864	26 Jul 25	23:08:00	1	0	53	0	Ct	0	0	1	0	0	0	0	0	0	0	0	0	0	0	1	0	0	0	0	0	0	0	0	0	0	1	1	0	0	0	0	0	0	0
7865	26 Jul 25	23:09:00	1	0	53	0	Ct	0	0	2	0	0	0	0	1	0	0	0	0	0	0	0	0	0	0	0	0	0	0	0	0	0	3	4	0	0	0	0	0	0	0
7866	26 Jul 25	23:10:00	1	0	53	0	Ct	0	0	1	0	0	0	0	0	0	0	0	2	0	0	2	1	0	0	0	0	0	0	0	0	0	3	3	0	0	0	0	0	0	0
7867	26 Jul 25	23:11:00	1	0	53	0	Ct	0	0	0	0	0	0	0	2	0	0	0	0	0	0	1	0	0	0	0	0	0	0	0	0	0	2	4	0	0	0	0	0	0	3
7868	26 Jul 25	23:12:00	1	0	53	0	Ct	0	0	0	0	0	0	0	10	0	0	0	0	0	0	5	0	0	0	0	0	0	0	0	1	0	2	1	0	0	0	0	0	0	1
7869	26 Jul 25	23:13:00	1	0	53	0	Ct	0	0	0	0	0	0	0	17	0	0	6	0	0	0	2	0	0	0	0	0	0	0	0	0	0	0	1	0	0	0	0	0	0	0
7870	26 Jul 25	23:14:00	1	0	53	0	Ct	0	0	2	2	0	0	0	7	0	0	1	0	0	0	2	0	0	0	0	0	0	0	0	0	0	2	1	0	0	0	0	0	0	1
7871	26 Jul 25	23:15:00	1	0	53	0	Ct	0	0	0	1	0	0	0	0	0	0	1	0	0	0	2	0	0	0	0	0	0	0	0	0	0	0	0	0	0	0	0	0	0	3
7872	26 Jul 25	23:16:00	1	0	53	0	Ct	0	0	0	0	0	0	0	0	0	0	2	0	0	0	2	0	0	0	0	0	0	0	0	0	0	0	0	0	0	0	0	0	0	1
7873	26 Jul 25	23:17:00	1	0	53	0	Ct	0	0	0	0	0	0	0	0	0	0	0	0	0	0	2	0	0	2	0	0	0	0	0	0	0	0	0	0	0	0	0	0	0	2
7874	26 Jul 25	23:18:00	1	0	53	0	Ct	0	0	0	0	0	0	0	0	0	0	12	0	0	0	2	0	0	0	0	0	0	0	0	0	0	3	0	0	0	0	0	0	0	2
7875	26 Jul 25	23:19:00	1	0	53	0	Ct	0	0	0	0	0	0	0	0	0	0	3	3	0	0	2	0	0	0	0	0	0	0	0	0	0	3	0	0	0	0	0	0	0	2
7876	26 Jul 25	23:20:00	1	0	53	0	Ct	0	0	0	1	0	0	0	0	0	0	1	0	0	0	3	0	0	0	0	0	0	0	0	0	0	2	0	0	0	0	0	0	0	1
7877	26 Jul 25	23:21:00	1	0	53	0	Ct	0	0	0	6	0	0	0	0	0	0	1	0	0	0	2	1	0	0	0	1	0	0	0	0	0	3	0	0	0	0	0	0	0	0
7878	26 Jul 25	23:22:00	1	0	53	0	Ct	0	0	0	1	0	0	0	0	0	0	0	3	0	0	0	1	0	0	0	3	0	0	0	0	0	2	0	0	0	0	0	0	0	0
7879	26 Jul 25	23:23:00	1	0	53	0	Ct	0	0	0	0	0	0	0	0	0	0	0	0	0	0	2	0	0	0	0	6	0	0	0	0	0	2	0	0	0	0	0	0	1	0
7880	26 Jul 25	23:24:00	1	0	53	0	Ct	0	0	0	0	0	0	0	0	0	0	0	0	0	0	0	0	0	0	0	0	0	0	0	0	0	1	0	0	0	0	0	0	0	0
7881	26 Jul 25	23:25:00	1	0	53	0	Ct	0	0	0	0	2	0	0	0	0	0	0	0	0	0	2	2	0	0	0	0	0	0	0	0	0	0	0	0	0	0	0	0	0	0
7882	26 Jul 25	23:26:00	1	0	53	0	Ct	0	0	0	0	0	0	0	0	0	0	0	0	0	0	0	1	0	0	0	0	0	0	0	1	0	0	0	0	0	0	0	0	2	0
7883	26 Jul 25	23:27:00	1	0	53	0	Ct	0	0	0	0	0	0	0	2	0	0	0	0	0	0	0	0	0	0	0	0	0	0	0	2	0	3	0	0	0	0	0	0	1	0
7884	26 Jul 25	23:28:00	1	0	53	0	Ct	0	0	0	0	0	0	0	0	0	0	0	0	0	0	2	0	0	0	0	0	0	0	0	3	0	1	0	0	0	0	0	0	5	1
7885	26 Jul 25	23:29:00	1	0	53	0	Ct	0	0	0	0	0	0	0	0	0	0	0	0	0	0	1	0	0	0	0	0	0	0	0	2	0	2	0	0	0	0	0	0	6	2
7886	26 Jul 25	23:30:00	1	0	53	0	Ct	0	0	0	0	0	0	0	0	0	0	0	0	0	0	2	0	0	0	0	0	0	0	0	2	0	2	0	0	0	0	0	0	3	0
7887	26 Jul 25	23:31:00	1	0	53	0	Ct	0	0	0	0	0	0	0	0	0	0	0	0	0	0	4	0	0	0	0	0	0	0	0	8	0	2	0	0	0	0	0	0	5	2
7888	26 Jul 25	23:32:00	1	0	53	0	Ct	0	0	0	0	0	0	0	0	0	0	0	0	0	0	0	3	0	0	0	0	0	0	0	9	0	1	0	0	0	0	0	0	1	1
7889	26 Jul 25	23:33:00	1	0	53	0	Ct	0	0	0	0	0	0	0	0	0	0	0	0	0	0	4	0	0	0	0	0	0	0	0	8	0	4	0	0	0	0	0	0	4	2
7890	26 Jul 25	23:34:00	1	0	53	0	Ct	0	0	0	0	0	0	0	0	0	0	0	0	0	0	0	0	0	0	0	0	0	0	0	3	0	2	0	0	0	0	0	0	4	2
7891	26 Jul 25	23:35:00	1	0	53	0	Ct	0	0	0	0	0	0	1	0	0	0	0	0	0	0	0	1	0	0	0	0	0	0	0	0	0	2	0	4	0	0	0	0	3	2
7892	26 Jul 25	23:36:00	1	0	53	0	Ct	0	0	0	0	0	0	1	0	0	0	0	0	0	0	1	2	0	1	0	0	0	0	0	0	0	1	0	1	0	0	0	0	4	2
7893	26 Jul 25	23:37:00	1	0	53	0	Ct	0	0	0	0	0	0	2	0	0	0	0	0	0	0	1	0	0	3	0	0	0	0	0	0	0	2	0	0	0	0	0	0	3	1
7894	26 Jul 25	23:38:00	1	0	53	0	Ct	0	0	0	0	0	0	0	0	0	0	0	0	0	0	1	0	0	2	0	0	0	0	0	0	0	2	0	0	0	0	0	0	4	0
7895	26 Jul 25	23:39:00	1	0	53	0	Ct	0	0	0	1	0	0	0	0	0	0	0	0	0	0	3	2	0	0	0	0	0	0	0	0	0	1	0	0	0	0	0	0	3	1
7896	26 Jul 25	23:40:00	1	0	53	0	Ct	0	0	0	0	0	0	1	0	0	0	0	0	0	0	2	0	0	1	0	0	0	0	0	0	0	0	0	0	0	0	0	0	4	1
7897	26 Jul 25	23:41:00	1	0	53	0	Ct	0	0	0	0	0	0	5	0	0	0	0	0	0	0	3	0	0	3	0	0	0	0	0	0	0	1	0	0	0	0	0	0	4	0
7898	26 Jul 25	23:42:00	1	0	53	0	Ct	0	0	0	1	0	0	7	0	0	0	0	2	0	0	0	0	0	4	0	0	0	0	0	4	0	1	0	0	0	0	0	0	1	0
7899	26 Jul 25	23:43:00	1	0	53	0	Ct	0	0	0	0	0	0	4	0	0	0	0	0	0	0	3	0	0	0	0	0	0	0	0	17	0	0	0	0	0	0	0	0	4	0
7900	26 Jul 25	23:44:00	1	0	53	0	Ct	0	0	0	0	0	0	1	0	0	0	0	0	0	0	1	0	0	0	0	0	0	0	0	0	0	1	5	0	0	0	0	0	1	0
7901	26 Jul 25	23:45:00	1	0	53	0	Ct	0	0	0	0	0	0	0	0	0	0	0	0	0	0	2	0	0	3	0	0	0	0	0	0	0	6	0	0	0	0	0	0	4	0
7902	26 Jul 25	23:46:00	1	0	53	0	Ct	0	0	0	2	0	0	0	0	0	0	0	1	0	0	2	0	0	1	0	0	0	0	0	0	0	0	0	0	0	0	0	0	3	0
7903	26 Jul 25	23:47:00	1	0	53	0	Ct	0	0	0	1	0	0	0	0	0	0	0	0	0	0	3	0	0	2	0	0	0	0	0	0	0	1	0	0	0	0	0	0	2	2
7904	26 Jul 25	23:48:00	1	0	53	0	Ct	0	0	0	1	0	0	0	0	0	0	0	0	0	0	2	0	0	0	0	0	0	0	0	1	0	0	0	0	0	0	0	0	3	1
7905	26 Jul 25	23:49:00	1	0	53	0	Ct	0	0	0	1	0	0	0	0	0	0	0	0	0	0	1	1	0	0	0	0	0	0	0	1	0	0	0	1	0	0	0	0	3	0
7906	26 Jul 25	23:50:00	1	0	53	0	Ct	0	0	0	0	0	0	0	0	0	0	0	0	0	0	0	1	0	3	0	0	0	0	0	0	0	0	0	0	0	0	0	0	2	3
7907	26 Jul 25	23:51:00	1	0	53	0	Ct	0	0	0	0	0	0	0	0	0	0	0	0	0	0	0	0	0	0	0	0	0	0	0	0	0	0	0	0	0	0	0	0	4	3
7908	26 Jul 25	23:52:00	1	0	53	0	Ct	0	0	0	0	0	0	0	0	0	0	0	0	0	0	0	0	0	0	0	0	0	0	0	0	0	0	0	0	0	0	0	0	3	2
7909	26 Jul 25	23:53:00	1	0	53	0	Ct	0	0	0	0	0	0	0	0	0	0	0	0	0	0	1	0	0	1	0	1	0	0	0	0	0	0	0	0	0	0	0	0	1	1
7910	26 Jul 25	23:54:00	1	0	53	0	Ct	0	0	0	0	0	0	0	0	0	0	0	0	0	0	3	0	0	1	0	3	0	0	0	0	0	0	0	0	0	0	0	0	3	1
7911	26 Jul 25	23:55:00	1	0	53	0	Ct	0	0	1	2	0	0	0	0	0	0	0	0	0	0	0	2	0	2	0	0	0	0	0	0	0	0	0	2	0	0	0	0	2	1
7912	26 Jul 25	23:56:00	1	0	53	0	Ct	0	0	1	0	0	0	0	0	0	0	0	0	0	0	1	2	0	3	0	2	0	0	0	0	0	0	0	1	0	0	0	0	4	4
7913	26 Jul 25	23:57:00	1	0	53	0	Ct	0	0	0	0	0	0	0	0	0	0	0	0	0	0	0	1	0	1	0	3	0	0	0	0	0	0	0	0	0	0	0	0	3	1
7914	26 Jul 25	23:58:00	1	0	53	0	Ct	0	0	0	0	0	0	0	0	0	0	0	0	0	0	0	2	0	2	0	1	0	0	0	0	0	0	0	2	0	0	0	0	4	1
7915	26 Jul 25	23:59:00	1	0	53	0	Ct	0	0	0	0	0	0	0	0	0	0	0	0	0	0	1	2	0	5	0	2	0	0	0	0	0	0	0	1	0	0	0	0	3	4
7916	27 Jul 25	00:00:00	1	0	53	0	Ct	0	0	0	0	0	0	0	0	0	0	0	0	0	0	0	0	0	2	0	1	0	0	0	0	0	0	0	3	0	0	0	0	4	0
7917	27 Jul 25	00:01:00	1	0	53	0	Ct	0	0	0	0	0	0	0	0	0	0	0	0	0	0	0	0	0	4	0	1	0	0	0	0	0	0	0	0	0	0	0	0	3	2
7918	27 Jul 25	00:02:00	1	0	53	0	Ct	0	0	0	0	0	0	0	0	0	0	0	1	0	0	2	1	0	1	0	5	0	0	0	0	0	2	0	0	0	0	0	0	3	0
7919	27 Jul 25	00:03:00	1	0	53	0	Ct	0	0	1	0	0	0	1	0	0	0	0	0	0	0	2	0	0	2	0	7	0	0	0	0	0	0	0	3	0	0	0	0	1	1
7920	27 Jul 25	00:04:00	1	0	53	0	Ct	0	0	0	0	0	0	0	0	0	0	0	1	0	0	0	0	0	1	0	2	0	0	0	0	0	0	0	2	0	0	0	0	2	1
7921	27 Jul 25	00:05:00	1	0	53	0	Ct	0	0	0	4	0	0	0	0	0	0	0	0	0	0	0	0	0	1	0	0	0	0	0	0	0	0	0	1	0	0	0	0	4	1
7922	27 Jul 25	00:06:00	1	0	53	0	Ct	0	0	0	1	0	0	0	0	0	0	0	0	0	0	0	0	0	3	0	0	0	0	0	0	0	1	0	8	0	0	0	0	6	2
7923	27 Jul 25	00:07:00	1	0	53	0	Ct	0	0	0	0	0	0	0	0	0	0	0	0	0	0	0	0	0	2	0	0	0	0	0	0	0	1	0	1	0	0	0	0	3	2
7924	27 Jul 25	00:08:00	1	0	53	0	Ct	0	0	0	0	0	0	0	0	0	0	0	0	0	0	3	0	0	1	0	0	0	0	0	0	0	2	0	0	0	0	0	0	3	2
7925	27 Jul 25	00:09:00	1	0	53	0	Ct	0	0	0	0	0	0	0	0	0	0	0	0	0	0	1	1	0	2	0	0	0	0	0	0	0	2	0	0	0	0	0	0	0	4
7926	27 Jul 25	00:10:00	1	0	53	0	Ct	0	0	0	0	0	0	0	0	0	0	0	0	0	0	2	0	0	0	0	0	0	0	0	1	0	0	0	0	0	0	0	0	0	1
7927	27 Jul 25	00:11:00	1	0	53	0	Ct	0	0	0	0	0	0	0	0	0	0	0	0	0	2	0	0	0	0	0	0	0	0	0	0	0	0	0	0	0	0	0	0	0	2
7928	27 Jul 25	00:12:00	1	0	53	0	Ct	0	0	0	0	0	0	0	0	0	0	0	0	0	0	1	0	0	0	0	0	0	0	0	0	0	0	0	0	0	0	0	0	0	0
7929	27 Jul 25	00:13:00	1	0	53	0	Ct	0	0	1	0	1	0	0	0	0	0	0	0	0	0	2	0	0	0	0	0	0	0	0	0	0	0	0	0	0	0	0	0	0	0
7930	27 Jul 25	00:14:00	1	0	53	0	Ct	0	0	0	0	3	0	0	0	0	0	0	0	0	0	0	0	0	1	0	0	0	0	0	0	0	0	0	0	0	0	0	0	1	0
7931	27 Jul 25	00:15:00	1	0	53	0	Ct	0	0	0	0	0	0	0	0	0	0	0	0	0	0	2	0	0	3	0	0	0	1	0	0	0	0	0	0	0	0	0	0	3	0
7932	27 Jul 25	00:16:00	1	0	53	0	Ct	0	0	0	0	0	0	0	0	0	0	0	0	0	0	2	0	0	0	0	0	0	15	0	0	0	1	0	0	0	0	0	0	2	0
7933	27 Jul 25	00:17:00	1	0	53	0	Ct	0	0	0	1	1	0	0	0	0	0	0	0	0	0	0	0	0	0	0	0	0	14	0	0	0	1	0	0	0	0	0	0	3	0
7934	27 Jul 25	00:18:00	1	0	53	0	Ct	0	0	0	0	1	0	0	0	0	0	0	0	3	1	1	2	0	1	0	0	0	17	0	0	0	1	0	0	0	0	0	0	1	1
7935	27 Jul 25	00:19:00	1	0	53	0	Ct	0	0	0	1	1	0	0	0	0	0	0	0	0	1	1	0	0	2	0	0	0	7	0	0	0	1	0	0	0	0	0	0	3	3
7936	27 Jul 25	00:20:00	1	0	53	0	Ct	0	0	0	0	2	0	0	0	0	0	0	0	0	0	0	1	0	0	0	4	0	0	0	0	0	0	0	0	0	0	0	0	2	2
7937	27 Jul 25	00:21:00	1	0	53	0	Ct	0	0	0	0	2	0	0	0	0	0	0	0	0	0	1	0	0	2	0	3	0	0	0	0	0	2	0	0	0	0	0	0	2	1
7938	27 Jul 25	00:22:00	1	0	53	0	Ct	0	0	0	1	0	0	0	0	0	0	0	0	0	0	1	2	0	1	0	3	0	0	0	1	0	2	0	0	0	0	0	0	1	0
7939	27 Jul 25	00:23:00	1	0	53	0	Ct	0	0	0	1	1	0	0	0	0	0	0	0	0	0	3	1	0	1	0	2	0	0	0	0	0	1	0	0	0	0	0	0	2	6
7940	27 Jul 25	00:24:00	1	0	53	0	Ct	0	0	0	2	0	0	0	0	0	0	0	2	0	0	1	0	0	2	0	2	0	0	0	0	0	1	0	0	0	0	0	0	4	1
7941	27 Jul 25	00:25:00	1	0	53	0	Ct	0	0	0	0	0	0	0	0	0	0	0	0	1	0	2	0	0	0	0	2	0	0	0	0	0	1	0	0	0	0	0	0	1	3
7942	27 Jul 25	00:26:00	1	0	53	0	Ct	0	0	3	0	0	0	0	0	0	0	0	0	2	0	1	0	0	3	0	1	0	0	0	0	0	5	0	3	0	0	0	0	0	0
7943	27 Jul 25	00:27:00	1	0	53	0	Ct	0	0	0	0	0	0	0	0	0	0	0	0	0	0	1	0	0	0	0	2	0	0	0	0	0	0	0	0	0	0	0	0	2	1
7944	27 Jul 25	00:28:00	1	0	53	0	Ct	0	0	0	0	0	0	0	0	0	0	0	0	0	0	1	0	0	0	0	2	0	0	0	0	0	0	0	0	0	0	0	0	3	2
7945	27 Jul 25	00:29:00	1	0	53	0	Ct	0	0	0	0	0	0	0	0	0	0	0	0	0	0	1	2	0	0	0	1	0	0	0	0	0	0	0	0	0	0	0	0	2	0
7946	27 Jul 25	00:30:00	1	0	53	0	Ct	0	0	0	0	0	0	0	0	0	0	0	0	4	0	2	0	0	0	0	1	0	0	0	0	0	3	0	0	0	0	0	0	0	0
7947	27 Jul 25	00:31:00	1	0	53	0	Ct	0	0	0	1	0	0	0	0	0	0	0	0	0	2	0	0	0	0	0	1	0	0	0	0	0	1	0	2	0	0	0	0	0	0
7948	27 Jul 25	00:32:00	1	0	53	0	Ct	0	0	0	0	1	0	0	0	0	0	0	0	0	0	0	0	0	0	0	2	0	0	0	0	0	3	0	0	0	0	0	0	0	0
7949	27 Jul 25	00:33:00	1	0	53	0	Ct	0	0	0	0	0	0	0	3	0	0	0	0	0	0	0	0	0	0	0	3	0	0	0	0	0	3	0	0	0	0	0	0	0	2
7950	27 Jul 25	00:34:00	1	0	53	0	Ct	0	0	0	0	0	0	0	0	0	0	0	0	0	0	0	1	0	0	0	3	0	0	0	0	0	2	0	1	0	0	0	0	0	1
7951	27 Jul 25	00:35:00	1	0	53	0	Ct	0	0	0	2	1	0	1	0	0	0	0	0	0	0	2	2	0	1	0	2	0	0	0	0	0	3	0	1	0	0	0	0	0	0
7952	27 Jul 25	00:36:00	1	0	53	0	Ct	0	0	0	2	2	0	0	13	0	0	0	0	0	0	1	5	0	0	0	3	0	0	0	0	0	1	0	0	0	0	0	0	0	1
7953	27 Jul 25	00:37:00	1	0	53	0	Ct	0	0	0	1	4	0	0	1	0	0	0	0	0	0	0	1	0	1	0	1	0	0	0	0	0	2	0	4	0	0	0	0	0	3
7954	27 Jul 25	00:38:00	1	0	53	0	Ct	0	0	0	0	1	0	1	0	0	0	0	0	0	0	9	4	0	0	0	1	0	0	0	0	0	0	0	1	0	0	0	0	0	2
7955	27 Jul 25	00:39:00	1	0	53	0	Ct	0	0	0	0	0	0	0	0	0	0	0	0	0	0	13	3	0	1	0	1	0	0	0	0	0	0	0	1	0	0	0	0	0	2
7956	27 Jul 25	00:40:00	1	0	53	0	Ct	0	0	0	1	0	0	0	0	0	0	0	0	0	0	3	1	0	4	0	2	0	0	0	0	0	1	0	0	0	0	0	0	0	2
7957	27 Jul 25	00:41:00	1	0	53	0	Ct	0	0	1	0	0	0	0	0	0	0	0	0	0	0	2	3	0	2	0	1	0	1	0	0	0	3	0	0	0	0	0	0	0	2
7958	27 Jul 25	00:42:00	1	0	53	0	Ct	0	0	0	1	0	0	0	0	0	0	0	0	0	0	2	2	0	2	0	0	0	0	0	0	0	2	0	0	0	0	0	0	0	0
7959	27 Jul 25	00:43:00	1	0	53	0	Ct	0	0	0	0	1	0	0	0	0	0	0	0	1	0	1	2	0	3	0	1	0	0	0	0	0	0	0	0	0	0	0	0	0	0
7960	27 Jul 25	00:44:00	1	0	53	0	Ct	0	0	1	2	0	0	0	0	0	0	0	0	0	0	1	6	0	2	0	1	0	0	0	0	0	0	0	0	0	0	0	0	0	0
7961	27 Jul 25	00:45:00	1	0	53	0	Ct	0	0	0	3	0	0	0	0	0	0	0	0	0	0	1	1	0	2	0	1	1	0	2	0	0	0	0	0	0	0	0	0	1	0
7962	27 Jul 25	00:46:00	1	0	53	0	Ct	0	0	0	0	0	0	0	0	0	0	0	0	0	0	1	1	0	2	0	3	0	0	4	0	0	0	0	2	0	0	0	0	1	4
7963	27 Jul 25	00:47:00	1	0	53	0	Ct	0	0	0	3	0	0	0	0	0	0	0	0	0	0	0	2	0	0	0	2	5	0	0	0	0	0	0	2	0	0	0	0	0	1
7964	27 Jul 25	00:48:00	1	0	53	0	Ct	0	0	0	4	0	0	0	0	0	0	0	0	0	0	0	4	0	0	0	5	5	0	0	0	0	0	0	0	0	0	0	0	0	1
7965	27 Jul 25	00:49:00	1	0	53	0	Ct	0	0	0	1	0	0	0	0	0	0	0	0	0	0	0	2	0	0	1	0	5	0	0	0	0	0	1	3	0	0	0	0	0	1
7966	27 Jul 25	00:50:00	1	0	53	0	Ct	0	0	0	2	2	0	0	0	0	0	0	0	0	0	1	3	0	0	1	2	2	0	0	0	0	0	7	0	0	0	0	0	0	3
7967	27 Jul 25	00:51:00	1	0	53	0	Ct	0	0	1	4	0	0	0	0	0	0	0	0	0	0	0	2	0	0	0	1	3	0	0	0	0	0	4	0	0	0	0	0	0	2
7968	27 Jul 25	00:52:00	1	0	53	0	Ct	0	0	0	2	0	0	0	0	0	0	0	0	0	0	0	1	0	0	2	0	3	0	0	0	0	3	1	3	0	0	0	0	0	3
7969	27 Jul 25	00:53:00	1	0	53	0	Ct	0	0	0	0	0	0	0	0	0	0	0	0	0	0	0	4	0	1	2	2	3	0	0	0	0	2	5	0	0	0	0	0	0	2
7970	27 Jul 25	00:54:00	1	0	53	0	Ct	0	0	1	0	1	0	0	0	0	0	0	0	0	0	0	3	0	3	0	1	3	0	0	0	0	0	3	0	0	0	0	0	0	2
7971	27 Jul 25	00:55:00	1	0	53	0	Ct	0	0	0	2	0	0	0	0	0	0	0	0	0	0	0	1	0	1	0	1	1	0	0	0	0	1	8	0	0	0	0	0	0	1
7972	27 Jul 25	00:56:00	1	0	53	0	Ct	0	0	2	1	0	0	0	0	0	0	0	0	0	0	0	3	0	0	0	3	13	0	0	1	0	3	2	2	0	0	0	0	0	0
7973	27 Jul 25	00:57:00	1	0	53	0	Ct	0	0	0	0	0	0	0	0	0	0	0	0	0	0	0	1	0	0	0	2	14	0	0	0	0	2	4	1	0	0	0	0	0	1
7974	27 Jul 25	00:58:00	1	0	53	0	Ct	0	0	1	0	0	0	0	0	0	0	0	0	0	0	0	2	0	0	0	1	2	0	0	1	0	1	2	0	0	0	0	0	0	1
7975	27 Jul 25	00:59:00	1	0	53	0	Ct	0	0	0	1	0	0	0	0	0	0	0	0	0	0	0	2	0	0	0	3	1	0	0	0	0	4	0	1	0	0	0	0	2	0
7976	27 Jul 25	01:00:00	1	0	53	0	Ct	0	0	1	2	0	0	0	0	0	0	0	0	0	2	0	3	0	0	0	2	2	0	0	0	0	2	2	6	0	0	0	0	0	0
7977	27 Jul 25	01:01:00	1	0	53	0	Ct	0	0	1	1	0	0	0	0	0	0	0	0	0	0	0	3	0	0	0	2	16	0	0	0	0	2	0	0	0	0	0	0	2	1
7978	27 Jul 25	01:02:00	1	0	53	0	Ct	0	0	0	2	0	0	0	0	0	0	0	0	0	0	0	3	0	0	0	0	2	0	0	0	0	3	0	0	0	0	0	0	3	2
7979	27 Jul 25	01:03:00	1	0	53	0	Ct	0	0	1	3	0	0	0	0	0	0	0	0	0	0	0	3	0	0	0	1	1	1	0	0	0	3	0	0	0	0	0	0	2	3
7980	27 Jul 25	01:04:00	1	0	53	0	Ct	0	0	0	2	0	0	0	0	0	0	0	0	0	1	0	2	0	0	0	4	0	0	0	0	0	1	0	0	0	0	0	0	4	1
7981	27 Jul 25	01:05:00	1	0	53	0	Ct	0	0	0	3	0	0	0	0	0	1	0	0	0	0	0	1	0	1	0	11	3	0	0	0	0	0	0	0	0	0	0	0	5	3
7982	27 Jul 25	01:06:00	1	0	53	0	Ct	0	0	0	1	0	0	0	0	0	1	0	0	0	0	0	1	0	1	0	1	3	0	0	0	0	0	0	0	0	0	0	0	5	2
7983	27 Jul 25	01:07:00	1	0	53	0	Ct	0	0	0	1	0	0	0	0	0	0	0	0	0	0	1	2	0	2	0	2	2	0	0	0	0	0	0	0	0	0	0	0	2	3
7984	27 Jul 25	01:08:00	1	0	53	0	Ct	0	0	0	0	0	0	0	0	0	0	0	0	0	0	0	3	0	0	0	1	3	0	0	0	0	0	0	0	0	0	0	0	3	2
7985	27 Jul 25	01:09:00	1	0	53	0	Ct	0	0	1	3	0	0	0	0	0	0	0	0	0	0	0	3	0	0	0	0	2	0	0	0	0	0	0	0	0	0	0	0	3	0
7986	27 Jul 25	01:10:00	1	0	53	0	Ct	0	0	2	2	0	0	0	0	0	2	0	0	2	0	2	2	0	0	0	0	2	0	0	0	0	4	0	0	0	0	0	0	1	0
7987	27 Jul 25	01:11:00	1	0	53	0	Ct	0	0	0	3	0	0	0	0	0	2	0	2	0	1	2	2	0	0	0	0	0	0	0	0	0	1	0	0	0	0	0	0	2	0
7988	27 Jul 25	01:12:00	1	0	53	0	Ct	0	0	0	2	0	0	0	0	0	1	0	0	0	0	2	2	0	3	0	0	1	0	0	0	0	2	0	0	0	0	0	0	3	0
7989	27 Jul 25	01:13:00	1	0	53	0	Ct	0	0	0	3	0	0	0	0	0	1	0	1	0	0	3	6	0	0	0	0	0	1	0	0	0	2	0	0	0	0	0	0	3	0
7990	27 Jul 25	01:14:00	1	0	53	0	Ct	0	0	0	3	0	0	0	0	0	1	0	0	0	0	1	4	0	1	0	0	0	0	0	0	0	2	0	0	0	0	0	0	2	0
7991	27 Jul 25	01:15:00	1	0	53	0	Ct	0	0	0	3	0	0	2	0	0	0	0	0	0	0	1	3	0	1	0	0	0	0	0	0	0	4	0	0	0	0	0	0	3	4
7992	27 Jul 25	01:16:00	1	0	53	0	Ct	0	0	0	3	0	0	0	1	0	1	0	0	1	0	3	2	0	0	0	3	0	0	0	0	0	2	0	0	0	0	0	0	2	3
7993	27 Jul 25	01:17:00	1	0	53	0	Ct	0	0	0	2	0	0	0	1	0	2	0	1	0	0	2	0	0	0	0	4	0	0	0	0	0	5	0	0	0	0	0	0	0	2
7994	27 Jul 25	01:18:00	1	0	53	0	Ct	0	0	0	4	0	0	0	0	0	1	0	6	0	0	2	3	0	0	0	5	0	0	0	0	0	7	0	1	0	0	0	0	2	3
7995	27 Jul 25	01:19:00	1	0	53	0	Ct	0	0	1	2	0	0	2	0	0	1	0	3	0	0	2	3	0	0	0	2	0	0	0	0	0	4	0	1	0	0	0	0	3	2
7996	27 Jul 25	01:20:00	1	0	53	0	Ct	0	0	0	0	1	0	4	0	0	4	0	3	0	0	0	3	0	2	0	1	0	0	0	0	0	0	0	0	0	0	0	0	4	1
7997	27 Jul 25	01:21:00	1	0	53	0	Ct	0	0	0	1	0	0	2	0	0	2	0	0	0	0	2	1	0	0	0	2	0	0	0	0	0	2	0	0	0	0	0	0	3	0
7998	27 Jul 25	01:22:00	1	0	53	0	Ct	0	0	0	2	0	0	4	0	0	3	0	0	0	0	1	1	0	2	0	0	0	0	0	0	0	2	0	0	0	0	0	0	2	0
7999	27 Jul 25	01:23:00	1	0	53	0	Ct	0	0	0	4	0	0	0	0	0	2	0	0	0	0	1	4	0	0	0	1	0	0	0	0	0	2	2	0	0	0	0	0	2	0
8000	27 Jul 25	01:24:00	1	0	53	0	Ct	0	0	0	0	0	0	1	0	0	3	0	0	0	0	0	3	0	1	0	4	0	0	0	1	0	1	2	0	0	0	0	0	3	0
8001	27 Jul 25	01:25:00	1	0	53	0	Ct	0	0	0	3	1	0	4	0	0	2	0	0	0	0	2	4	0	0	0	4	0	2	0	0	0	0	0	0	0	0	0	0	2	0
8002	27 Jul 25	01:26:00	1	0	53	0	Ct	0	0	0	2	0	0	4	0	0	3	0	0	0	0	1	3	0	0	0	1	0	4	0	1	0	0	0	0	0	0	0	0	3	0
8003	27 Jul 25	01:27:00	1	0	53	0	Ct	0	0	0	2	0	0	0	0	0	2	0	0	0	0	0	1	0	1	0	1	0	4	1	0	0	0	0	0	0	0	0	0	1	0
8004	27 Jul 25	01:28:00	1	0	53	0	Ct	0	0	0	1	0	0	4	0	0	2	0	0	0	0	0	0	0	0	0	3	0	4	0	1	0	0	0	0	0	0	0	0	3	0
8005	27 Jul 25	01:29:00	1	0	53	0	Ct	0	0	0	2	0	0	4	0	0	2	0	0	0	0	0	2	0	0	0	5	0	2	0	3	0	0	0	0	0	0	0	0	4	2
8006	27 Jul 25	01:30:00	1	0	53	0	Ct	0	0	0	1	0	0	4	0	0	3	0	0	0	0	1	0	0	0	0	1	0	2	2	4	0	0	0	0	0	0	0	0	2	2
8007	27 Jul 25	01:31:00	1	0	53	0	Ct	0	0	0	4	0	0	5	0	0	1	0	2	0	0	0	2	0	0	0	3	0	2	4	0	0	0	0	0	0	0	0	0	3	2
8008	27 Jul 25	01:32:00	1	0	53	0	Ct	0	0	0	2	0	0	3	0	0	2	0	1	0	0	0	2	0	1	0	2	0	4	2	1	0	0	0	0	0	0	0	0	5	2
8009	27 Jul 25	01:33:00	1	0	53	0	Ct	0	0	0	1	0	0	2	0	0	0	0	2	0	0	1	0	0	2	0	1	0	1	4	0	0	2	0	0	0	0	0	0	4	0
8010	27 Jul 25	01:34:00	1	0	53	0	Ct	0	0	1	1	0	0	3	0	0	1	0	3	0	0	3	0	0	3	0	0	0	2	3	0	0	3	0	2	0	0	0	0	3	4
8011	27 Jul 25	01:35:00	1	0	53	0	Ct	0	0	3	4	0	0	3	0	0	4	0	4	0	0	1	4	0	1	0	1	0	4	3	1	0	3	0	1	0	0	0	0	0	2
8012	27 Jul 25	01:36:00	1	0	53	0	Ct	0	0	1	1	0	0	4	0	0	3	0	3	1	0	2	3	0	2	0	0	0	2	5	0	0	5	0	0	0	0	0	0	0	3
8013	27 Jul 25	01:37:00	1	0	53	0	Ct	0	0	1	2	0	0	4	0	0	3	0	3	0	0	2	2	0	2	0	0	0	2	2	0	0	0	0	0	0	0	0	0	3	1
8014	27 Jul 25	01:38:00	1	0	53	0	Ct	0	0	6	1	0	0	2	0	0	1	0	4	0	0	3	0	0	0	0	1	0	1	5	0	0	1	0	0	0	0	0	0	3	0
8015	27 Jul 25	01:39:00	1	0	53	0	Ct	0	0	2	0	0	0	6	0	0	2	0	3	0	0	3	3	0	1	0	3	0	2	4	0	0	2	0	0	0	0	0	0	2	0
8016	27 Jul 25	01:40:00	1	0	53	0	Ct	0	0	0	0	0	0	5	0	0	1	0	0	0	0	0	0	0	0	0	1	0	4	3	0	0	0	0	0	0	0	0	0	2	0
8017	27 Jul 25	01:41:00	1	0	53	0	Ct	0	0	0	2	0	0	2	0	0	2	0	2	0	0	0	4	0	0	0	1	0	2	4	0	0	0	0	0	0	0	0	0	3	0
8018	27 Jul 25	01:42:00	1	0	53	0	Ct	0	0	0	2	0	0	2	0	0	1	0	2	0	0	0	2	0	0	0	0	0	2	0	0	0	2	0	0	0	0	0	0	4	1
8019	27 Jul 25	01:43:00	1	0	53	0	Ct	0	0	0	3	0	0	4	0	0	2	0	2	0	0	0	2	0	0	0	0	0	3	2	0	0	2	0	0	0	0	0	0	4	2
8020	27 Jul 25	01:44:00	1	0	53	0	Ct	0	0	0	1	0	0	5	0	0	2	0	3	1	0	0	2	0	0	0	0	0	19	0	0	0	2	0	0	0	0	0	0	3	1
8021	27 Jul 25	01:45:00	1	0	53	0	Ct	0	0	2	2	0	0	4	0	0	2	0	3	0	0	0	3	0	0	0	0	0	13	4	0	0	2	0	0	0	0	0	0	0	0
8022	27 Jul 25	01:46:00	1	0	53	0	Ct	0	0	0	2	0	0	4	0	0	1	0	3	0	0	0	4	0	0	0	0	0	3	2	0	0	0	0	0	0	0	0	0	1	0
8023	27 Jul 25	01:47:00	1	0	53	0	Ct	0	0	0	2	0	0	2	0	0	2	0	3	0	0	0	3	0	0	0	0	0	1	3	0	0	1	3	0	0	0	0	0	1	1
8024	27 Jul 25	01:48:00	1	0	53	0	Ct	0	0	0	2	0	0	3	0	0	1	0	4	0	0	0	3	0	0	0	0	0	4	3	1	0	0	3	0	0	0	0	0	0	2
8025	27 Jul 25	01:49:00	1	0	53	0	Ct	0	0	0	1	0	0	3	0	0	4	0	4	0	0	0	2	0	0	0	0	0	4	1	1	0	0	3	0	0	0	0	0	4	1
8026	27 Jul 25	01:50:00	1	0	53	0	Ct	0	0	0	3	0	0	4	0	0	2	0	2	0	0	0	0	0	0	0	0	0	2	2	0	0	0	2	0	0	0	0	0	2	0
8027	27 Jul 25	01:51:00	1	0	53	0	Ct	0	0	0	4	0	0	3	0	0	1	0	3	0	0	0	0	0	0	0	0	0	3	3	0	0	0	4	0	0	0	0	0	0	2
8028	27 Jul 25	01:52:00	1	0	53	0	Ct	0	0	0	0	0	0	3	0	0	2	0	4	0	0	0	0	0	0	0	3	0	0	1	0	0	0	4	0	0	0	0	0	3	0
8029	27 Jul 25	01:53:00	1	0	53	0	Ct	0	0	0	0	0	0	5	0	0	1	0	2	0	0	0	2	0	0	0	0	0	2	5	0	0	1	5	0	0	0	0	0	3	0
8030	27 Jul 25	01:54:00	1	0	53	0	Ct	0	0	0	1	0	0	3	0	0	1	0	3	0	0	0	4	0	0	0	1	0	0	2	0	0	1	1	0	0	0	0	0	5	3
8031	27 Jul 25	01:55:00	1	0	53	0	Ct	0	0	0	2	0	0	4	0	0	2	0	3	0	0	0	4	0	0	0	2	0	0	2	0	0	2	2	2	0	0	0	0	2	0
8032	27 Jul 25	01:56:00	1	0	53	0	Ct	0	0	0	2	0	0	3	3	0	3	0	3	0	0	0	0	0	0	0	4	0	3	3	0	0	2	2	0	0	0	0	0	2	0
8033	27 Jul 25	01:57:00	1	0	53	0	Ct	0	0	0	2	0	0	4	0	0	3	0	4	0	0	0	3	0	0	0	2	0	2	3	0	0	1	2	0	0	0	0	0	5	0
8034	27 Jul 25	01:58:00	1	0	53	0	Ct	0	0	0	2	0	0	2	0	0	10	0	4	0	0	0	3	0	0	0	0	0	2	2	0	0	0	0	0	0	0	0	0	4	0
8035	27 Jul 25	01:59:00	1	0	53	0	Ct	0	0	0	2	0	0	2	0	0	2	0	3	1	0	1	1	0	0	0	2	0	1	2	1	0	2	0	0	0	0	0	0	5	1
8036	27 Jul 25	02:00:00	1	0	53	0	Ct	0	0	0	2	0	0	3	0	0	1	0	1	0	0	1	4	0	0	0	1	0	1	3	0	0	3	0	0	0	0	0	0	3	5
8037	27 Jul 25	02:01:00	1	0	53	0	Ct	0	0	0	3	0	0	3	0	0	2	0	4	0	0	1	3	0	0	0	1	0	3	0	0	0	1	0	0	0	0	0	0	4	1
8038	27 Jul 25	02:02:00	1	0	53	0	Ct	0	0	0	1	0	0	3	0	0	21	0	3	0	0	2	0	0	0	0	1	0	1	0	0	0	2	0	0	0	0	0	0	4	0
8039	27 Jul 25	02:03:00	1	0	53	0	Ct	0	0	0	3	0	0	3	0	2	3	0	2	0	0	1	1	0	0	0	0	0	2	0	1	0	2	0	0	0	0	0	0	4	0
8040	27 Jul 25	02:04:00	1	0	53	0	Ct	0	0	0	2	0	0	4	0	0	0	0	4	0	0	3	0	0	0	0	2	0	9	0	0	0	2	0	0	0	0	0	0	4	0
8041	27 Jul 25	02:05:00	1	0	53	0	Ct	0	0	0	0	3	0	2	5	1	0	0	3	0	0	1	2	0	0	0	0	0	2	0	0	0	0	1	2	0	0	0	0	6	0
8042	27 Jul 25	02:06:00	1	0	53	0	Ct	0	0	0	3	2	0	2	1	0	0	0	3	0	0	1	3	0	0	0	0	0	0	0	0	0	3	0	3	0	0	0	0	0	0
8043	27 Jul 25	02:07:00	1	0	53	0	Ct	0	0	0	2	0	0	3	0	3	0	0	4	0	0	2	1	0	0	0	2	0	8	0	0	0	0	0	0	0	0	0	0	3	0
8044	27 Jul 25	02:08:00	1	0	53	0	Ct	0	0	0	2	0	0	2	0	0	0	0	3	0	0	0	2	0	0	0	0	0	9	0	0	0	1	0	6	0	0	0	0	3	0
8045	27 Jul 25	02:09:00	1	0	53	0	Ct	0	0	0	4	0	0	2	0	0	0	0	6	0	0	2	3	0	0	0	3	0	0	0	0	0	2	0	0	0	0	0	0	4	0
8046	27 Jul 25	02:10:00	1	0	53	0	Ct	0	0	0	2	0	0	2	0	0	0	0	2	0	0	0	1	0	0	0	1	0	0	0	1	0	2	0	0	0	0	0	0	4	0
8047	27 Jul 25	02:11:00	1	0	53	0	Ct	0	0	0	3	0	0	2	0	0	0	0	0	0	0	2	0	0	0	0	1	0	0	0	24	0	2	0	0	0	0	0	0	4	2
8048	27 Jul 25	02:12:00	1	0	53	0	Ct	0	0	1	0	0	0	4	0	0	0	0	0	0	0	2	0	0	0	0	1	0	0	0	3	0	0	0	0	0	0	0	0	3	1
8049	27 Jul 25	02:13:00	1	0	53	0	Ct	0	0	0	2	0	0	2	0	0	1	0	2	0	0	1	2	0	0	0	1	0	0	0	2	0	1	0	0	0	0	0	0	3	0
8050	27 Jul 25	02:14:00	1	0	53	0	Ct	0	0	1	0	0	0	4	0	0	0	0	4	0	0	4	3	0	0	0	0	0	0	0	0	0	2	1	0	0	0	0	0	2	0
8051	27 Jul 25	02:15:00	1	0	53	0	Ct	0	0	0	2	0	0	1	0	0	0	0	3	0	0	0	2	0	0	0	0	2	0	0	0	0	1	0	1	0	0	0	0	3	3
8052	27 Jul 25	02:16:00	1	0	53	0	Ct	0	0	0	3	0	0	0	0	0	0	0	5	0	0	0	3	0	0	0	2	3	0	0	0	0	0	0	1	0	0	0	0	0	7
8053	27 Jul 25	02:17:00	1	0	53	0	Ct	0	0	0	3	0	0	0	0	0	0	0	3	0	0	0	0	0	0	0	3	3	0	0	0	0	0	0	0	0	0	0	0	3	0
8054	27 Jul 25	02:18:00	1	0	53	0	Ct	0	0	1	2	0	0	2	0	0	0	0	3	0	0	0	2	0	0	0	5	1	0	0	0	0	0	0	0	0	0	0	0	2	0
8055	27 Jul 25	02:19:00	1	0	53	0	Ct	0	0	0	3	0	0	3	0	0	0	0	3	0	0	0	3	0	0	0	2	2	0	0	1	0	0	0	0	0	0	0	0	3	0
8056	27 Jul 25	02:20:00	1	0	53	0	Ct	0	0	0	1	0	0	3	0	0	0	0	2	0	0	2	3	0	2	0	2	2	0	0	1	0	0	0	0	0	0	0	0	2	0
8057	27 Jul 25	02:21:00	1	0	53	0	Ct	0	0	0	2	0	0	4	1	0	0	0	4	0	0	0	2	0	1	0	2	2	0	0	0	0	0	0	0	0	0	0	0	1	0
8058	27 Jul 25	02:22:00	1	0	53	0	Ct	0	0	0	1	2	0	3	0	0	0	0	2	0	0	0	0	0	0	0	2	3	0	0	0	0	0	0	0	0	0	0	0	3	0
8059	27 Jul 25	02:23:00	1	0	53	0	Ct	0	0	0	1	0	0	3	0	0	0	0	1	0	0	0	0	0	0	0	2	12	0	0	0	0	0	0	0	0	0	0	0	4	0
8060	27 Jul 25	02:24:00	1	0	53	0	Ct	0	0	0	2	0	0	2	0	0	0	0	0	0	0	0	1	0	0	0	3	2	0	0	0	0	0	0	0	0	0	0	0	1	0
8061	27 Jul 25	02:25:00	1	0	53	0	Ct	0	0	0	2	0	0	2	1	0	0	0	0	0	0	0	0	0	0	0	6	3	0	0	0	0	0	0	0	0	0	0	0	4	2
8062	27 Jul 25	02:26:00	1	0	53	0	Ct	0	0	0	0	0	0	2	0	0	0	0	0	0	0	0	1	0	0	0	6	1	0	0	1	0	0	0	0	0	0	0	0	1	0
8063	27 Jul 25	02:27:00	1	0	53	0	Ct	0	0	0	1	0	0	4	0	0	0	0	0	0	0	0	3	0	0	0	1	0	0	0	0	0	0	0	0	0	0	0	0	3	1
8064	27 Jul 25	02:28:00	1	0	53	0	Ct	0	0	0	1	0	0	0	0	0	0	0	0	0	0	0	4	0	0	0	0	0	0	0	0	0	0	0	0	0	0	0	0	5	2
8065	27 Jul 25	02:29:00	1	0	53	0	Ct	0	0	0	0	0	0	0	0	0	1	0	1	0	0	0	2	0	2	0	0	1	0	0	0	0	0	0	0	0	0	0	0	2	3
8066	27 Jul 25	02:30:00	1	0	53	0	Ct	0	0	0	2	0	0	2	0	0	0	0	1	0	0	0	1	0	0	0	0	1	0	0	0	0	0	0	0	0	0	0	0	1	0
8067	27 Jul 25	02:31:00	1	0	53	0	Ct	0	0	0	2	0	0	1	0	0	1	1	0	0	0	0	1	0	2	0	0	0	0	0	0	0	1	0	0	0	0	0	0	3	0
8068	27 Jul 25	02:32:00	1	0	53	0	Ct	0	0	0	1	0	0	0	0	0	1	10	0	0	0	0	3	0	0	0	0	1	0	0	0	0	3	0	0	0	0	0	0	3	2
8069	27 Jul 25	02:33:00	1	0	53	0	Ct	0	0	0	4	0	0	4	0	0	2	2	0	0	0	0	2	0	0	0	0	5	0	0	0	0	2	0	0	0	0	0	0	1	0
8070	27 Jul 25	02:34:00	1	0	53	0	Ct	0	0	1	1	0	0	3	0	0	2	5	0	0	0	0	3	0	0	0	0	0	0	0	0	0	2	0	0	0	0	0	0	2	0
8071	27 Jul 25	02:35:00	1	0	53	0	Ct	0	0	2	1	1	0	3	0	0	6	3	0	0	0	0	1	0	0	0	0	0	0	0	0	0	2	0	0	0	0	0	0	5	0
8072	27 Jul 25	02:36:00	1	0	53	0	Ct	0	0	0	5	6	0	1	0	0	4	0	0	0	0	0	2	0	0	0	0	0	0	0	0	0	0	5	0	0	0	0	0	2	0
8073	27 Jul 25	02:37:00	1	0	53	0	Ct	0	0	0	3	1	0	3	0	3	7	4	0	0	0	0	0	0	0	0	0	0	0	0	0	0	0	2	0	0	0	0	0	0	0
8074	27 Jul 25	02:38:00	1	0	53	0	Ct	0	0	0	6	0	0	0	0	0	2	6	0	0	0	1	0	0	0	0	0	0	0	0	0	0	0	6	0	0	0	0	0	0	0
8075	27 Jul 25	02:39:00	1	0	53	0	Ct	0	0	0	1	0	0	0	0	0	0	4	0	0	0	2	0	0	0	0	0	0	0	0	0	0	2	4	0	0	0	0	0	0	0
8076	27 Jul 25	02:40:00	1	0	53	0	Ct	0	0	0	2	0	3	0	0	0	0	4	0	0	0	1	0	0	0	0	0	0	0	0	0	0	2	2	0	0	0	0	0	0	0
8077	27 Jul 25	02:41:00	1	0	53	0	Ct	0	0	0	1	0	1	3	0	0	0	3	0	0	0	1	0	0	0	0	0	0	0	0	0	0	2	4	0	0	0	0	0	1	0
8078	27 Jul 25	02:42:00	1	0	53	0	Ct	0	0	0	3	0	0	1	0	0	0	2	0	0	0	1	5	0	0	0	0	0	0	0	0	0	1	3	0	0	0	0	0	3	1
8079	27 Jul 25	02:43:00	1	0	53	0	Ct	0	0	0	1	0	2	2	0	0	0	3	0	0	0	0	1	0	0	0	0	0	0	0	0	0	1	3	0	0	0	0	0	4	2
8080	27 Jul 25	02:44:00	1	0	53	0	Ct	0	0	0	3	0	3	3	0	0	0	2	0	0	0	1	2	0	0	0	2	0	0	0	0	0	0	5	0	0	0	0	0	4	0
8081	27 Jul 25	02:45:00	1	0	53	0	Ct	0	0	0	4	0	5	3	0	0	0	3	0	0	0	0	2	0	0	0	3	0	0	0	0	0	0	4	0	0	0	0	0	4	2
8082	27 Jul 25	02:46:00	1	0	53	0	Ct	0	0	0	3	0	1	2	0	0	0	3	0	0	0	0	3	0	0	0	2	0	0	0	0	0	1	2	0	0	0	0	0	3	3
8083	27 Jul 25	02:47:00	1	0	53	0	Ct	0	0	0	2	0	0	0	0	0	1	2	0	0	0	0	3	0	0	0	2	0	0	0	0	0	2	4	0	0	0	0	0	4	0
8084	27 Jul 25	02:48:00	1	0	53	0	Ct	0	0	1	2	0	2	1	0	0	3	3	0	0	0	0	0	0	0	0	0	0	0	0	0	0	1	0	0	0	0	0	0	4	2
8085	27 Jul 25	02:49:00	1	0	53	0	Ct	0	0	0	3	0	3	0	0	0	2	2	2	0	0	0	1	0	0	0	3	0	0	0	0	0	0	0	0	0	0	0	0	4	2
8086	27 Jul 25	02:50:00	1	0	53	0	Ct	0	0	0	0	0	3	2	0	0	4	3	0	0	0	0	0	0	1	0	1	0	0	0	0	0	0	0	0	0	0	0	0	3	1
8087	27 Jul 25	02:51:00	1	0	53	0	Ct	0	0	0	0	0	0	2	0	0	1	2	0	0	0	0	3	0	2	0	2	0	0	0	0	0	0	0	0	0	0	0	0	2	0
8088	27 Jul 25	02:52:00	1	0	53	0	Ct	0	0	0	1	0	1	2	0	0	0	3	0	0	0	0	2	0	4	2	3	0	0	0	0	0	0	0	0	0	0	0	0	3	3
8089	27 Jul 25	02:53:00	1	0	53	0	Ct	0	0	0	1	0	3	0	0	0	0	8	0	0	0	0	1	0	4	1	0	0	0	0	0	0	0	0	0	0	0	0	0	2	1
8090	27 Jul 25	02:54:00	1	0	53	0	Ct	0	0	1	2	0	1	1	0	0	0	2	0	0	0	1	4	0	2	4	0	0	0	0	0	0	0	0	0	0	0	0	0	3	3
8091	27 Jul 25	02:55:00	1	0	53	0	Ct	0	0	1	3	0	8	2	1	0	0	4	0	0	0	0	1	0	3	2	1	0	0	0	0	0	0	1	0	0	0	0	0	0	1
8092	27 Jul 25	02:56:00	1	0	53	0	Ct	0	0	0	2	0	3	1	0	0	0	2	0	0	0	0	2	0	3	4	1	0	0	0	0	0	0	0	0	0	0	0	0	0	1
8093	27 Jul 25	02:57:00	1	0	53	0	Ct	0	0	0	1	0	0	3	0	0	0	3	0	0	0	0	2	0	3	4	2	0	0	0	0	0	0	0	0	0	0	0	0	0	0
8094	27 Jul 25	02:58:00	1	0	53	0	Ct	0	0	0	2	0	1	0	0	0	0	2	0	0	0	0	2	0	0	4	2	0	0	0	1	0	0	0	0	0	0	0	0	0	1
8095	27 Jul 25	02:59:00	1	0	53	0	Ct	0	0	0	3	0	1	0	0	0	0	3	0	0	0	0	2	0	0	1	3	0	0	0	0	0	3	0	0	0	0	0	0	3	0
8096	27 Jul 25	03:00:00	1	0	53	0	Ct	0	0	3	1	0	0	3	0	0	0	1	0	0	0	0	2	0	2	3	1	0	0	0	0	0	2	0	0	0	0	0	0	1	2
8097	27 Jul 25	03:01:00	1	0	53	0	Ct	0	0	0	2	0	1	0	0	0	0	4	0	0	0	0	0	0	0	3	0	0	0	0	1	0	1	0	0	0	0	0	0	2	4
8098	27 Jul 25	03:02:00	1	0	53	0	Ct	0	0	0	0	0	2	0	3	0	0	1	0	0	0	0	2	0	0	4	0	0	0	0	1	0	1	0	0	0	0	0	0	3	0
8099	27 Jul 25	03:03:00	1	0	53	0	Ct	0	0	0	2	0	1	0	0	0	0	2	0	0	0	0	4	0	1	3	0	0	0	0	2	0	2	0	0	0	0	0	0	2	0
8100	27 Jul 25	03:04:00	1	0	53	0	Ct	0	0	5	3	0	0	0	0	0	0	3	0	0	0	0	4	0	3	0	0	0	0	0	1	0	3	0	0	0	0	0	0	2	3
8101	27 Jul 25	03:05:00	1	0	53	0	Ct	0	0	10	1	0	2	1	2	0	0	1	0	0	0	0	1	0	2	4	0	0	0	0	0	0	0	0	0	0	0	0	0	1	1
8102	27 Jul 25	03:06:00	1	0	53	0	Ct	0	0	0	3	0	3	1	0	0	0	3	0	0	0	0	2	0	0	3	3	0	0	0	0	0	0	0	0	0	0	0	0	0	0
8103	27 Jul 25	03:07:00	1	0	53	0	Ct	0	0	1	5	0	4	0	0	0	0	1	0	0	0	0	4	0	2	6	1	0	0	0	3	0	1	0	0	0	0	0	0	1	0
8104	27 Jul 25	03:08:00	1	0	53	0	Ct	0	0	0	1	0	4	10	0	0	0	2	0	0	0	0	1	0	1	3	0	0	7	0	1	0	1	0	0	0	0	0	0	3	0
8105	27 Jul 25	03:09:00	1	0	53	0	Ct	0	0	0	1	0	1	0	0	0	0	2	0	0	0	0	5	0	3	3	4	0	0	0	0	0	0	0	0	0	0	0	0	1	0
8106	27 Jul 25	03:10:00	1	0	53	0	Ct	0	0	0	3	0	2	0	0	0	0	4	0	0	0	0	4	0	0	2	5	0	0	0	0	0	0	0	0	0	0	0	0	0	0
8107	27 Jul 25	03:11:00	1	0	53	0	Ct	0	0	0	1	0	4	0	0	0	0	1	0	0	0	0	3	0	0	2	3	0	0	0	0	0	1	0	0	0	0	0	0	1	1
8108	27 Jul 25	03:12:00	1	0	53	0	Ct	0	0	0	2	0	3	0	0	0	0	0	0	0	0	0	3	0	0	2	1	0	0	0	0	0	1	2	0	0	0	0	0	0	1
8109	27 Jul 25	03:13:00	1	0	53	0	Ct	0	0	4	2	0	5	0	0	0	0	2	0	0	0	0	8	0	0	4	1	0	6	0	1	0	0	1	0	0	0	0	0	3	4
8110	27 Jul 25	03:14:00	1	0	53	0	Ct	0	0	0	0	0	1	0	0	0	0	1	0	0	0	0	0	0	0	3	2	0	0	0	3	0	1	2	0	0	0	0	0	3	1
8111	27 Jul 25	03:15:00	1	0	53	0	Ct	0	0	0	3	0	2	5	0	0	0	0	0	0	0	0	1	0	0	2	1	0	0	0	0	0	1	6	0	0	0	0	0	0	2
8112	27 Jul 25	03:16:00	1	0	53	0	Ct	0	0	0	4	0	0	0	0	0	0	5	0	0	0	0	3	0	0	3	1	0	0	0	0	0	0	3	0	0	0	0	0	0	1
8113	27 Jul 25	03:17:00	1	0	53	0	Ct	0	0	0	3	0	0	0	0	0	0	0	0	0	0	0	4	0	0	2	1	0	0	0	0	0	0	6	0	0	0	0	0	3	3
8114	27 Jul 25	03:18:00	1	0	53	0	Ct	0	0	1	3	0	2	0	0	0	1	1	0	0	0	0	3	0	0	9	0	0	0	0	0	0	0	1	0	0	0	0	0	3	2
8115	27 Jul 25	03:19:00	1	0	53	0	Ct	0	0	0	1	0	0	0	0	0	0	0	0	0	0	0	0	0	0	2	2	0	0	0	0	0	0	0	0	0	0	0	0	4	3
8116	27 Jul 25	03:20:00	1	0	53	0	Ct	0	0	0	4	0	0	0	0	0	0	1	0	0	0	0	4	0	0	1	2	0	0	0	0	0	0	0	0	0	0	0	0	2	1
8117	27 Jul 25	03:21:00	1	0	53	0	Ct	0	0	2	1	1	1	0	0	0	0	18	0	0	0	0	3	0	0	3	0	0	0	0	0	0	0	0	0	0	0	0	0	1	2
8118	27 Jul 25	03:22:00	1	0	53	0	Ct	0	0	0	3	0	1	0	0	0	0	25	0	0	0	0	4	0	0	1	1	0	0	0	0	0	0	0	0	0	0	0	0	0	0
8119	27 Jul 25	03:23:00	1	0	53	0	Ct	0	0	0	0	0	2	0	0	2	0	4	0	0	0	0	0	0	0	3	1	0	0	0	0	0	0	0	0	0	0	0	0	0	0
8120	27 Jul 25	03:24:00	1	0	53	0	Ct	0	0	0	2	0	1	0	0	0	0	2	1	0	0	0	2	0	0	6	0	0	0	0	0	0	0	0	0	0	0	0	0	0	0
8121	27 Jul 25	03:25:00	1	0	53	0	Ct	0	0	2	0	0	2	0	0	0	0	0	0	0	0	0	2	0	0	2	1	0	0	0	0	0	0	0	0	0	0	0	0	3	0
8122	27 Jul 25	03:26:00	1	0	53	0	Ct	0	0	1	0	0	1	5	0	0	0	0	0	0	0	0	0	0	0	2	2	0	0	0	0	0	3	0	0	0	0	0	0	3	2
8123	27 Jul 25	03:27:00	1	0	53	0	Ct	0	0	2	0	0	3	2	0	0	0	0	0	0	0	0	0	0	0	0	1	0	0	0	0	0	2	0	0	0	0	0	0	0	2
8124	27 Jul 25	03:28:00	1	0	53	0	Ct	0	0	0	0	0	1	2	0	0	0	0	0	0	0	1	0	0	0	0	0	0	0	0	0	0	1	0	0	0	0	0	0	3	2
8125	27 Jul 25	03:29:00	1	0	53	0	Ct	0	0	0	0	0	2	0	0	0	0	0	0	0	0	0	1	0	0	0	0	0	0	0	0	0	0	0	0	0	0	0	0	3	3
8126	27 Jul 25	03:30:00	1	0	53	0	Ct	0	0	2	0	0	2	1	0	0	0	0	0	0	0	0	1	0	0	2	0	0	0	0	0	0	0	0	0	0	0	0	0	2	2
8127	27 Jul 25	03:31:00	1	0	53	0	Ct	0	0	0	0	0	4	3	0	0	2	0	0	0	0	0	0	0	0	3	0	0	0	0	0	0	0	0	0	0	0	0	0	2	1
8128	27 Jul 25	03:32:00	1	0	53	0	Ct	0	0	0	0	0	2	7	0	0	0	0	0	0	0	0	5	0	0	2	0	0	0	0	0	0	0	0	0	0	0	0	0	1	0
8129	27 Jul 25	03:33:00	1	0	53	0	Ct	0	0	0	0	0	5	2	0	0	2	0	0	0	0	0	3	0	0	2	0	0	0	0	0	0	0	0	0	0	0	0	0	4	4
8130	27 Jul 25	03:34:00	1	0	53	0	Ct	0	0	0	0	0	3	2	0	0	4	0	0	0	0	0	4	0	0	13	0	0	0	0	0	0	0	0	0	0	0	0	0	4	2
8131	27 Jul 25	03:35:00	1	0	53	0	Ct	0	0	0	0	0	0	0	0	0	1	0	0	0	0	0	0	0	0	4	0	0	0	0	0	0	0	0	0	0	0	0	0	2	1
8132	27 Jul 25	03:36:00	1	0	53	0	Ct	0	0	0	0	0	0	0	0	0	6	0	0	0	0	0	3	0	0	2	0	0	0	0	0	0	0	0	0	0	0	0	0	0	1
8133	27 Jul 25	03:37:00	1	0	53	0	Ct	0	0	0	0	0	0	0	0	0	0	0	0	0	0	0	2	0	0	2	0	0	0	0	0	0	0	2	0	0	0	0	0	0	1
8134	27 Jul 25	03:38:00	1	0	53	0	Ct	0	0	0	0	0	0	2	0	0	0	0	0	0	0	0	1	0	0	4	0	0	0	0	0	0	0	0	0	0	0	0	0	0	0
8135	27 Jul 25	03:39:00	1	0	53	0	Ct	0	0	0	0	0	0	0	0	0	0	0	0	0	0	0	2	0	0	2	0	0	0	0	1	0	0	0	0	0	0	0	0	0	0
8136	27 Jul 25	03:40:00	1	0	53	0	Ct	0	0	0	0	0	0	0	0	0	0	0	0	0	0	0	3	0	0	2	1	0	0	0	6	0	0	0	0	0	0	0	0	0	0
8137	27 Jul 25	03:41:00	1	0	53	0	Ct	0	0	0	0	0	0	0	0	0	0	0	0	0	0	0	2	0	0	1	1	0	0	0	0	0	2	0	0	0	0	0	0	1	0
8138	27 Jul 25	03:42:00	1	0	53	0	Ct	0	0	0	2	0	0	0	0	0	0	0	0	0	0	0	2	0	0	2	0	0	0	0	1	0	0	0	0	0	0	0	0	2	1
8139	27 Jul 25	03:43:00	1	0	53	0	Ct	0	0	0	3	0	0	0	0	0	0	0	0	0	0	1	1	0	0	4	0	0	0	0	0	0	0	2	0	0	0	0	0	3	1
8140	27 Jul 25	03:44:00	1	0	53	0	Ct	0	0	0	3	1	0	0	0	0	0	0	0	0	0	0	1	0	1	2	0	0	0	0	0	0	0	0	0	0	0	0	0	2	1
8141	27 Jul 25	03:45:00	1	0	53	0	Ct	0	0	0	1	0	0	0	0	0	0	0	0	0	0	0	0	0	1	4	0	0	0	0	0	0	2	0	0	0	0	0	0	2	1
8142	27 Jul 25	03:46:00	1	0	53	0	Ct	0	0	0	0	0	1	0	0	0	0	0	0	0	0	0	3	0	0	2	0	0	0	0	0	0	2	0	0	0	0	0	0	2	1
8143	27 Jul 25	03:47:00	1	0	53	0	Ct	0	0	0	0	0	0	5	0	0	0	0	0	0	0	0	4	0	3	0	0	0	0	0	1	0	0	0	0	0	0	0	0	2	3
8144	27 Jul 25	03:48:00	1	0	53	0	Ct	0	0	3	2	0	0	3	0	0	0	0	0	0	0	0	1	0	3	0	0	0	0	0	0	0	1	0	0	0	0	0	0	2	0
8145	27 Jul 25	03:49:00	1	0	53	0	Ct	0	0	0	0	0	3	3	0	0	1	0	0	0	0	0	0	0	3	1	0	0	1	0	0	0	2	0	0	0	0	0	0	2	0
8146	27 Jul 25	03:50:00	1	0	53	0	Ct	0	0	3	0	0	0	3	0	0	1	0	0	0	0	0	1	0	1	3	0	0	0	0	0	0	2	0	0	0	0	0	0	2	0
8147	27 Jul 25	03:51:00	1	0	53	0	Ct	0	0	0	0	0	0	1	0	0	2	0	0	0	0	0	3	0	1	1	1	0	0	0	0	0	1	0	0	0	0	0	0	3	3
8148	27 Jul 25	03:52:00	1	0	53	0	Ct	0	0	0	2	0	0	3	0	0	2	0	0	0	0	0	4	0	1	0	1	0	0	0	0	0	2	0	0	0	0	0	0	2	2
8149	27 Jul 25	03:53:00	1	0	53	0	Ct	0	0	0	1	0	0	1	0	0	3	0	0	0	0	0	3	0	2	0	2	0	0	0	0	0	0	0	0	0	0	0	0	1	0
8150	27 Jul 25	03:54:00	1	0	53	0	Ct	0	0	0	0	0	0	2	0	0	1	0	0	0	0	0	2	0	1	0	2	0	0	0	4	0	2	1	0	0	0	0	0	4	3
8151	27 Jul 25	03:55:00	1	0	53	0	Ct	0	0	0	0	0	0	3	0	0	0	0	0	0	0	0	0	0	3	0	0	0	0	0	0	0	2	0	0	0	0	0	0	0	1
8152	27 Jul 25	03:56:00	1	0	53	0	Ct	0	0	1	0	0	0	5	0	0	5	0	0	0	0	0	1	0	1	0	2	0	0	0	0	0	2	0	0	0	0	0	0	0	1
8153	27 Jul 25	03:57:00	1	0	53	0	Ct	0	0	2	2	0	0	2	0	0	2	0	0	0	0	0	0	0	0	0	3	0	0	0	2	0	0	0	0	0	0	0	0	0	0
8154	27 Jul 25	03:58:00	1	0	53	0	Ct	0	0	8	0	0	0	0	0	0	0	0	0	0	0	0	2	0	0	0	2	0	0	0	0	0	2	0	0	0	0	0	0	0	0
8155	27 Jul 25	03:59:00	1	0	53	0	Ct	0	0	15	0	0	0	1	0	0	1	0	0	0	0	0	3	0	0	0	1	0	0	0	0	0	0	0	0	0	0	0	0	2	2
8156	27 Jul 25	04:00:00	1	0	53	0	Ct	0	0	1	0	0	0	1	2	0	2	0	0	0	0	1	0	0	0	0	2	0	0	0	0	0	0	0	0	0	0	0	0	1	0
8157	27 Jul 25	04:01:00	1	0	53	0	Ct	0	0	0	4	0	0	0	0	0	0	0	0	0	0	0	0	0	0	1	2	0	0	0	1	0	0	0	0	0	0	0	0	1	0
8158	27 Jul 25	04:02:00	1	0	53	0	Ct	0	0	1	1	0	0	2	0	0	0	0	0	0	0	1	0	0	0	3	0	0	0	0	0	0	0	0	0	0	0	0	0	1	0
8159	27 Jul 25	04:03:00	1	0	53	0	Ct	0	0	0	2	0	0	2	0	0	5	2	0	0	0	0	2	0	0	0	0	0	0	0	0	0	0	0	0	0	0	0	0	3	0
8160	27 Jul 25	04:04:00	1	0	53	0	Ct	0	0	0	1	0	0	1	0	0	0	9	0	0	0	0	5	0	1	0	1	0	0	0	1	0	0	0	0	0	0	0	0	2	0
8161	27 Jul 25	04:05:00	1	0	53	0	Ct	0	0	0	1	0	0	0	0	0	2	0	0	0	0	0	0	0	1	0	2	0	0	0	0	0	0	0	0	0	0	0	0	1	0
8162	27 Jul 25	04:06:00	1	0	53	0	Ct	0	0	0	0	0	0	0	0	0	7	0	0	0	0	0	3	0	1	2	2	0	0	0	0	0	0	0	0	0	0	0	0	0	0
8163	27 Jul 25	04:07:00	1	0	53	0	Ct	0	0	0	0	0	0	0	0	0	3	0	0	0	0	0	2	0	0	2	1	0	0	0	0	0	0	0	0	0	0	0	0	0	1
8164	27 Jul 25	04:08:00	1	0	53	0	Ct	0	0	0	2	0	0	0	0	0	0	0	0	0	0	0	3	0	0	0	0	0	0	0	0	0	0	0	0	0	0	0	0	0	2
8165	27 Jul 25	04:09:00	1	0	53	0	Ct	0	0	1	1	0	0	0	0	0	1	0	1	0	0	0	2	0	0	0	0	0	0	0	0	0	0	0	0	0	0	0	0	0	6
8166	27 Jul 25	04:10:00	1	0	53	0	Ct	0	0	0	0	0	0	3	0	0	0	0	4	0	0	0	1	0	0	0	0	6	0	3	0	0	0	0	0	0	0	0	0	0	2
8167	27 Jul 25	04:11:00	1	0	53	0	Ct	0	0	0	1	0	0	2	0	0	0	0	0	0	0	0	2	0	0	3	0	0	0	5	0	0	0	0	0	0	0	0	0	0	1
8168	27 Jul 25	04:12:00	1	0	53	0	Ct	0	0	0	1	0	0	0	0	0	2	0	0	0	0	0	2	0	0	3	0	0	0	2	1	0	0	0	0	0	0	0	0	0	1
8169	27 Jul 25	04:13:00	1	0	53	0	Ct	0	0	1	0	0	0	0	0	0	1	0	0	0	0	0	2	0	0	3	0	0	0	4	1	0	0	0	0	0	0	0	0	0	0
8170	27 Jul 25	04:14:00	1	0	53	0	Ct	0	0	3	0	0	0	4	0	0	3	0	0	0	0	0	2	0	0	2	0	0	0	2	0	0	0	0	0	0	0	0	0	2	0
8171	27 Jul 25	04:15:00	1	0	53	0	Ct	0	0	1	0	0	0	3	0	0	0	0	0	0	0	0	2	0	1	1	2	0	0	4	0	0	0	0	0	0	0	0	0	3	0
8172	27 Jul 25	04:16:00	1	0	53	0	Ct	0	0	0	0	0	0	1	1	0	0	0	0	0	0	0	0	0	0	1	0	0	2	5	0	0	0	0	0	0	0	0	0	3	0
8173	27 Jul 25	04:17:00	1	0	53	0	Ct	0	0	0	1	0	0	1	0	0	0	0	0	0	0	0	1	0	0	2	2	0	3	3	0	0	1	0	0	0	0	0	0	4	0
8174	27 Jul 25	04:18:00	1	0	53	0	Ct	0	0	1	1	0	0	5	0	0	0	0	0	0	0	0	1	0	0	2	0	0	0	7	0	0	3	0	0	0	0	0	0	1	1
8175	27 Jul 25	04:19:00	1	0	53	0	Ct	0	0	0	1	0	0	5	0	0	0	0	0	0	0	0	3	0	0	0	2	0	1	4	0	0	0	0	0	0	0	0	0	4	2
8176	27 Jul 25	04:20:00	1	0	53	0	Ct	0	0	0	3	0	0	3	0	0	0	0	0	0	0	0	0	0	1	2	1	0	9	2	0	0	0	0	0	0	0	0	0	0	1
8177	27 Jul 25	04:21:00	1	0	53	0	Ct	0	0	0	1	0	0	2	0	0	0	0	0	0	0	0	1	0	1	0	1	0	8	3	0	0	2	0	0	0	0	0	0	2	1
8178	27 Jul 25	04:22:00	1	0	53	0	Ct	0	0	0	0	0	0	2	0	0	0	0	0	0	0	2	4	0	1	0	2	0	5	1	0	0	1	0	0	0	0	0	0	0	1
8179	27 Jul 25	04:23:00	1	0	53	0	Ct	0	0	0	0	0	0	2	0	0	0	0	0	0	0	1	2	0	0	0	5	0	0	4	0	0	1	0	0	0	0	0	0	2	1
8180	27 Jul 25	04:24:00	1	0	53	0	Ct	0	0	0	0	0	0	0	0	0	0	0	0	0	0	0	2	0	0	0	0	0	6	4	1	0	1	0	0	0	0	0	0	0	3
8181	27 Jul 25	04:25:00	1	0	53	0	Ct	0	0	0	0	0	0	2	0	0	0	0	0	0	0	2	1	0	0	0	3	0	2	1	1	0	1	0	0	0	0	0	0	2	1
8182	27 Jul 25	04:26:00	1	0	53	0	Ct	0	0	0	0	0	0	0	0	0	0	0	0	0	0	0	1	0	0	0	1	0	2	1	3	0	3	0	1	0	0	0	0	1	2
8183	27 Jul 25	04:27:00	1	0	53	0	Ct	0	0	0	0	0	0	2	0	0	0	0	0	0	0	2	1	0	0	0	2	0	1	4	0	0	0	0	2	0	0	0	0	2	1
8184	27 Jul 25	04:28:00	1	0	53	0	Ct	0	0	0	0	0	0	3	0	0	0	0	0	0	0	4	1	0	0	0	1	0	0	2	0	0	0	0	5	0	0	0	0	2	1
8185	27 Jul 25	04:29:00	1	0	53	0	Ct	0	0	0	0	0	0	0	0	0	0	0	0	0	0	2	0	0	0	0	1	0	3	2	0	0	0	0	0	0	0	0	0	4	0
8186	27 Jul 25	04:30:00	1	0	53	0	Ct	0	0	0	0	0	0	0	0	0	0	0	0	0	0	1	3	0	0	0	1	0	9	2	0	0	0	0	2	0	0	0	0	0	0
8187	27 Jul 25	04:31:00	1	0	53	0	Ct	0	0	0	6	0	0	0	0	0	0	0	0	0	0	0	0	0	0	0	0	0	7	1	0	0	0	0	2	0	0	0	0	2	0
8188	27 Jul 25	04:32:00	1	0	53	0	Ct	0	0	0	1	0	0	0	0	0	0	0	0	0	0	0	0	0	1	0	0	0	2	5	0	0	0	0	2	0	0	0	0	0	0
8189	27 Jul 25	04:33:00	1	0	53	0	Ct	0	0	0	0	0	0	5	0	0	0	0	0	0	0	0	0	0	0	0	1	0	1	3	0	0	0	0	0	0	0	0	0	1	0
8190	27 Jul 25	04:34:00	1	0	53	0	Ct	0	0	0	0	0	0	1	0	0	0	0	2	0	0	0	0	0	0	1	3	0	0	4	2	0	0	0	0	0	0	0	0	4	0
8191	27 Jul 25	04:35:00	1	0	53	0	Ct	0	0	0	1	0	0	3	0	0	0	0	0	0	0	0	0	0	0	5	0	0	0	0	0	0	0	0	0	0	0	0	0	2	0
8192	27 Jul 25	04:36:00	1	0	53	0	Ct	0	0	0	0	0	0	2	0	0	0	0	0	0	0	0	0	0	0	0	0	0	0	1	0	0	0	0	0	0	0	0	0	1	0
8193	27 Jul 25	04:37:00	1	0	53	0	Ct	0	0	0	0	0	0	3	0	0	0	0	0	0	0	0	0	0	0	0	0	0	1	1	1	0	0	0	0	0	0	0	0	6	0
8194	27 Jul 25	04:38:00	1	0	53	0	Ct	0	0	0	0	0	0	1	0	0	0	0	0	0	0	0	2	0	0	0	0	4	8	0	0	0	0	0	0	0	0	0	0	1	0
8195	27 Jul 25	04:39:00	1	0	53	0	Ct	0	0	0	2	0	0	2	0	0	0	0	0	0	0	0	2	0	0	0	0	5	1	0	0	0	0	0	0	0	0	0	0	1	0
8196	27 Jul 25	04:40:00	1	0	53	0	Ct	0	0	0	0	0	0	1	0	0	0	0	0	0	0	0	1	0	0	0	0	3	0	0	0	0	0	0	2	0	0	0	0	0	2
8197	27 Jul 25	04:41:00	1	0	53	0	Ct	0	0	1	1	0	0	1	0	0	0	0	0	0	0	0	2	0	0	0	0	2	1	0	0	0	2	0	5	0	0	0	0	0	1
8198	27 Jul 25	04:42:00	1	0	53	0	Ct	0	0	0	1	0	0	2	0	0	0	0	0	0	0	0	3	0	0	0	0	6	0	0	0	0	3	0	0	0	0	0	0	0	0
8199	27 Jul 25	04:43:00	1	0	53	0	Ct	0	0	0	1	0	0	1	0	0	0	0	0	0	0	0	1	0	0	0	0	3	1	0	0	0	3	0	0	0	0	0	0	0	2
8200	27 Jul 25	04:44:00	1	0	53	0	Ct	0	0	0	2	0	0	1	0	0	0	0	0	0	0	0	0	0	0	0	0	4	2	0	0	0	3	0	3	0	0	0	0	0	1
8201	27 Jul 25	04:45:00	1	0	53	0	Ct	0	0	0	3	0	0	1	0	0	0	0	0	0	0	0	0	0	0	0	0	3	3	0	0	0	0	0	1	0	0	0	0	0	1
8202	27 Jul 25	04:46:00	1	0	53	0	Ct	0	0	0	3	0	0	2	0	0	1	0	0	0	0	0	0	0	0	0	0	0	2	0	0	0	0	0	1	0	0	0	0	0	0
8203	27 Jul 25	04:47:00	1	0	53	0	Ct	0	0	0	3	0	0	0	0	0	1	0	0	0	0	0	0	0	0	0	0	0	1	0	0	0	0	0	1	0	0	0	0	0	0
8204	27 Jul 25	04:48:00	1	0	53	0	Ct	0	0	0	4	0	0	2	1	0	0	0	0	0	0	0	0	0	1	0	0	0	0	0	0	0	0	0	1	0	0	0	0	0	0
8205	27 Jul 25	04:49:00	1	0	53	0	Ct	0	0	0	1	0	0	0	1	0	0	0	0	0	0	0	2	0	1	2	0	0	0	0	0	0	0	0	1	0	0	0	0	2	0
8206	27 Jul 25	04:50:00	1	0	53	0	Ct	0	0	0	0	0	0	2	0	0	0	0	0	0	0	0	2	0	6	1	0	0	1	0	0	0	0	0	3	0	0	0	0	1	0
8207	27 Jul 25	04:51:00	1	0	53	0	Ct	0	0	0	4	0	0	2	0	0	0	0	1	0	0	0	0	0	2	1	0	0	1	0	0	0	0	0	3	0	0	0	0	2	1
8208	27 Jul 25	04:52:00	1	0	53	0	Ct	0	0	0	2	0	0	2	0	0	0	0	0	0	0	0	0	0	2	3	0	0	1	0	0	0	0	0	1	0	0	0	0	5	1
8209	27 Jul 25	04:53:00	1	0	53	0	Ct	0	0	0	2	0	0	0	1	0	0	0	0	2	0	0	3	0	4	1	0	0	1	0	0	0	0	0	1	0	0	0	0	2	0
8210	27 Jul 25	04:54:00	1	0	53	0	Ct	0	0	0	4	0	0	0	5	0	0	0	0	0	0	0	1	0	2	4	0	0	4	0	0	0	0	0	3	0	0	0	0	3	3
8211	27 Jul 25	04:55:00	1	0	53	0	Ct	0	0	0	2	0	0	2	1	0	0	0	0	3	0	0	0	0	2	1	0	0	0	0	0	0	0	0	3	0	0	0	0	2	0
8212	27 Jul 25	04:56:00	1	0	53	0	Ct	0	0	0	3	0	0	1	0	0	0	0	0	6	0	0	0	0	1	2	0	0	0	0	0	0	0	0	0	0	0	0	0	3	0
8213	27 Jul 25	04:57:00	1	0	53	0	Ct	0	0	1	2	0	0	1	0	0	0	0	0	4	0	0	0	0	2	2	0	0	0	0	0	0	0	0	0	0	0	0	0	2	0
8214	27 Jul 25	04:58:00	1	0	53	0	Ct	0	0	0	2	0	0	1	0	0	0	0	0	4	0	0	0	0	1	4	0	0	0	0	0	0	0	0	0	0	0	0	0	3	0
8215	27 Jul 25	04:59:00	1	0	53	0	Ct	0	0	0	3	0	0	0	0	0	0	0	0	2	0	0	0	0	0	1	0	0	0	0	0	0	0	0	0	0	0	0	0	0	0
8216	27 Jul 25	05:00:00	1	0	53	0	Ct	0	0	0	1	0	0	0	0	0	0	0	0	4	0	0	0	0	0	1	0	0	0	0	0	0	0	0	0	0	0	0	0	0	0
8217	27 Jul 25	05:01:00	1	0	53	0	Ct	0	0	0	2	0	0	0	0	0	0	0	0	5	0	0	0	0	0	3	0	0	0	0	0	0	0	0	0	0	0	0	0	0	0
8218	27 Jul 25	05:02:00	1	0	53	0	Ct	0	0	0	0	0	0	0	0	0	0	0	0	4	0	0	3	0	0	1	0	0	0	0	0	0	0	0	0	0	0	0	0	1	2
8219	27 Jul 25	05:03:00	1	0	53	0	Ct	0	0	0	2	0	0	2	0	0	0	0	0	4	0	0	3	0	0	2	0	0	0	0	0	0	0	0	0	0	0	0	0	4	1
8220	27 Jul 25	05:04:00	1	0	53	0	Ct	0	0	0	6	0	0	3	0	0	0	0	0	2	0	0	2	0	0	1	1	0	0	0	0	0	0	0	0	0	0	0	0	2	0
8221	27 Jul 25	05:05:00	1	0	53	0	Ct	0	0	0	3	0	0	0	0	0	0	0	0	3	0	0	2	0	0	3	1	0	0	0	0	0	0	0	0	0	0	0	0	2	2
8222	27 Jul 25	05:06:00	1	0	53	0	Ct	0	0	0	1	0	0	2	1	0	0	0	0	4	0	0	0	0	1	2	0	0	0	0	0	0	0	0	0	0	0	0	0	3	1
8223	27 Jul 25	05:07:00	1	0	53	0	Ct	0	0	0	4	0	0	0	3	0	0	0	0	3	0	0	4	0	1	0	0	0	2	0	0	0	0	0	2	0	0	0	0	3	0
8224	27 Jul 25	05:08:00	1	0	53	0	Ct	0	0	0	3	0	0	0	0	0	0	0	0	1	0	0	1	0	0	1	0	0	3	0	0	0	0	0	2	0	0	0	0	2	1
8225	27 Jul 25	05:09:00	1	0	53	0	Ct	0	0	0	1	0	0	2	0	0	0	0	0	4	0	0	1	0	0	1	0	5	1	0	0	0	0	0	0	0	0	0	0	2	1
8226	27 Jul 25	05:10:00	1	0	53	0	Ct	0	0	0	3	0	0	2	0	0	0	0	0	4	0	0	1	0	0	0	0	12	5	0	0	0	0	0	0	0	0	0	0	2	2
8227	27 Jul 25	05:11:00	1	0	53	0	Ct	0	0	0	3	0	0	2	0	0	0	0	0	3	0	0	0	0	5	0	0	0	1	0	0	0	0	0	1	0	0	0	0	0	0
8228	27 Jul 25	05:12:00	1	0	53	0	Ct	0	0	0	2	0	1	2	2	0	0	0	0	4	0	0	2	0	0	0	0	0	2	0	1	0	0	0	1	0	0	0	0	0	0
8229	27 Jul 25	05:13:00	1	0	53	0	Ct	0	0	0	2	0	0	3	0	0	0	0	0	3	0	0	4	0	5	0	0	0	0	0	0	0	0	0	0	0	0	0	0	0	0
8230	27 Jul 25	05:14:00	1	0	53	0	Ct	0	0	0	1	0	0	0	0	0	0	0	0	3	0	0	0	0	1	0	0	0	0	0	0	0	0	0	0	0	0	0	0	4	0
8231	27 Jul 25	05:15:00	1	0	53	0	Ct	0	0	0	1	0	0	1	0	0	0	0	0	5	0	0	0	0	2	1	0	0	0	0	0	0	0	0	0	0	0	0	0	1	0
8232	27 Jul 25	05:16:00	1	0	53	0	Ct	0	0	0	1	0	0	4	0	0	0	0	0	2	0	0	0	0	1	1	0	0	0	0	0	0	0	0	0	0	0	0	0	4	0
8233	27 Jul 25	05:17:00	1	0	53	0	Ct	0	0	0	1	0	0	0	0	0	0	0	0	2	0	0	2	0	4	0	0	0	0	0	3	0	0	0	0	0	0	0	0	3	0
8234	27 Jul 25	05:18:00	1	0	53	0	Ct	0	0	0	0	0	0	1	0	0	0	0	0	2	0	0	0	0	1	0	0	0	0	0	0	0	0	0	0	0	0	0	0	4	0
8235	27 Jul 25	05:19:00	1	0	53	0	Ct	0	0	0	0	0	0	2	0	0	0	0	0	2	0	0	0	0	1	0	0	0	0	0	0	0	0	0	0	0	0	0	0	3	0
8236	27 Jul 25	05:20:00	1	0	53	0	Ct	0	0	0	3	0	0	2	0	0	0	0	0	2	0	2	0	0	2	0	0	0	0	0	0	0	0	0	0	0	0	0	0	1	0
8237	27 Jul 25	05:21:00	1	0	53	0	Ct	0	0	0	2	0	0	0	0	0	0	0	0	1	0	1	0	0	0	0	0	0	0	0	1	0	0	0	1	0	0	0	0	2	0
8238	27 Jul 25	05:22:00	1	0	53	0	Ct	0	0	0	4	0	0	0	0	0	0	0	0	3	0	0	0	0	0	0	0	0	0	0	0	0	0	0	6	0	0	0	0	6	0
8239	27 Jul 25	05:23:00	1	0	53	0	Ct	0	0	0	1	0	0	0	0	0	0	0	0	1	0	0	1	0	0	0	0	0	0	0	0	0	0	0	0	0	0	0	0	2	0
8240	27 Jul 25	05:24:00	1	0	53	0	Ct	0	0	0	1	0	0	0	0	0	0	0	0	2	0	0	2	0	0	0	0	0	0	0	0	0	0	0	0	0	0	0	0	2	0
8241	27 Jul 25	05:25:00	1	0	53	0	Ct	0	0	0	1	0	4	0	6	0	0	0	0	3	0	0	1	0	0	0	0	0	0	0	1	0	0	0	7	0	0	0	0	1	0
8242	27 Jul 25	05:26:00	1	0	53	0	Ct	0	0	0	2	0	0	0	19	0	0	0	0	3	0	0	2	0	0	0	0	0	0	0	0	0	0	0	10	0	0	0	0	1	1
8243	27 Jul 25	05:27:00	1	0	53	0	Ct	0	0	0	2	0	1	1	0	0	0	0	0	1	0	0	0	0	0	2	0	0	0	0	1	0	0	0	4	0	0	0	0	1	2
8244	27 Jul 25	05:28:00	1	0	53	0	Ct	0	0	0	0	0	0	3	0	0	0	0	0	1	0	0	0	0	0	2	0	0	0	0	0	0	2	0	2	0	0	0	0	2	1
8245	27 Jul 25	05:29:00	1	0	53	0	Ct	0	0	0	2	0	3	2	0	0	0	0	0	1	0	0	2	0	0	0	0	1	0	0	0	0	2	0	0	0	0	0	0	1	0
8246	27 Jul 25	05:30:00	1	0	53	0	Ct	0	0	0	3	0	2	0	0	0	0	0	0	3	0	0	1	0	0	2	1	0	0	0	0	0	0	0	0	0	0	0	0	0	0
8247	27 Jul 25	05:31:00	1	0	53	0	Ct	0	0	0	3	0	0	0	0	0	0	0	0	3	0	0	0	0	3	0	0	1	0	0	0	0	2	0	3	0	0	0	0	0	0
8248	27 Jul 25	05:32:00	1	0	53	0	Ct	0	0	0	1	0	1	2	0	0	0	0	0	3	0	1	0	0	0	0	0	0	0	0	1	0	0	0	3	0	0	0	0	0	0
8249	27 Jul 25	05:33:00	1	0	53	0	Ct	0	0	0	4	0	1	3	0	0	0	0	0	4	0	0	0	0	1	0	0	0	0	0	0	0	0	0	0	0	0	0	0	0	0
8250	27 Jul 25	05:34:00	1	0	53	0	Ct	0	0	0	1	0	2	2	0	0	0	0	0	1	0	0	0	0	2	0	0	0	0	0	1	0	0	0	0	0	0	0	0	0	1
8251	27 Jul 25	05:35:00	1	0	53	0	Ct	0	0	0	3	0	0	0	0	0	0	0	0	4	0	0	0	0	0	0	0	0	0	0	1	0	0	0	2	0	0	0	0	0	3
8252	27 Jul 25	05:36:00	1	0	53	0	Ct	0	0	0	1	0	1	0	0	0	0	0	0	3	0	0	3	0	1	0	0	0	0	0	0	0	0	0	0	0	0	0	0	3	2
8253	27 Jul 25	05:37:00	1	0	53	0	Ct	0	0	0	2	0	0	2	0	0	0	0	0	2	0	0	1	0	1	0	2	0	0	0	0	0	0	0	0	0	0	0	0	1	0
8254	27 Jul 25	05:38:00	1	0	53	0	Ct	0	0	0	2	0	0	0	0	0	0	0	0	3	0	1	1	0	0	0	14	0	0	0	0	0	0	0	1	0	0	0	0	0	2
8255	27 Jul 25	05:39:00	1	0	53	0	Ct	0	0	0	2	0	0	2	0	0	0	0	0	0	0	2	0	0	0	0	0	0	0	0	0	0	0	0	1	0	0	0	0	0	2
8256	27 Jul 25	05:40:00	1	0	53	0	Ct	0	0	1	2	0	0	0	0	0	0	0	0	2	0	0	0	0	0	0	3	0	0	0	0	0	0	0	0	0	0	0	0	0	0
8257	27 Jul 25	05:41:00	1	0	53	0	Ct	0	0	2	1	0	0	0	0	0	0	0	0	5	0	0	0	0	0	0	4	0	0	0	0	0	0	0	0	0	0	0	0	1	3
8258	27 Jul 25	05:42:00	1	0	53	0	Ct	0	0	3	3	0	3	4	0	0	0	0	0	1	0	0	0	0	3	1	22	0	0	0	0	0	0	3	1	0	0	0	0	4	1
8259	27 Jul 25	05:43:00	1	0	53	0	Ct	0	0	3	0	0	3	1	0	0	0	0	0	0	0	3	0	0	6	2	3	0	0	0	0	0	0	8	2	0	0	0	0	1	0
8260	27 Jul 25	05:44:00	1	0	53	0	Ct	0	0	5	1	0	4	0	0	0	0	0	0	3	0	3	2	0	8	2	0	0	0	0	0	0	0	5	1	0	0	0	0	2	0
8261	27 Jul 25	05:45:00	1	0	53	0	Ct	0	0	3	3	0	0	0	0	0	2	0	0	1	0	2	3	0	3	0	2	0	0	0	0	0	0	4	1	0	0	0	0	2	0
8262	27 Jul 25	05:46:00	1	0	53	0	Ct	0	0	2	2	0	2	0	0	0	0	0	6	2	0	2	2	0	3	1	5	0	0	0	0	0	0	2	1	0	0	0	0	4	2
8263	27 Jul 25	05:47:00	1	0	53	0	Ct	0	0	6	0	0	1	0	0	0	0	0	0	0	0	2	1	0	2	0	0	0	0	0	0	0	0	4	2	0	0	0	0	5	0
8264	27 Jul 25	05:48:00	1	0	53	0	Ct	0	0	5	0	0	1	3	0	0	0	0	0	2	0	2	1	0	2	2	2	0	0	0	0	0	0	1	2	0	0	0	0	2	0
8265	27 Jul 25	05:49:00	1	0	53	0	Ct	0	0	4	2	0	0	3	0	0	0	0	0	0	0	2	1	0	1	1	0	0	0	0	1	0	0	3	0	0	0	0	0	0	1
8266	27 Jul 25	05:50:00	1	0	53	0	Ct	0	0	2	0	0	0	2	0	0	0	0	0	1	0	1	2	0	1	2	3	0	0	0	2	0	0	3	3	0	0	0	0	0	1
8267	27 Jul 25	05:51:00	1	0	53	0	Ct	0	0	2	2	0	0	0	0	0	0	0	0	1	0	1	1	0	4	1	0	0	0	0	2	0	0	2	0	0	0	0	0	0	0
8268	27 Jul 25	05:52:00	1	0	53	0	Ct	0	0	3	0	0	1	2	0	0	0	0	0	4	0	1	0	0	0	0	2	1	0	0	1	0	0	4	0	0	0	0	0	0	0
8269	27 Jul 25	05:53:00	1	0	53	0	Ct	0	0	4	0	0	3	2	0	0	0	0	0	3	0	3	0	0	0	2	2	0	0	0	0	0	0	2	1	0	0	0	0	2	1
8270	27 Jul 25	05:54:00	1	0	53	0	Ct	0	0	3	0	0	3	3	0	0	0	0	0	0	0	2	3	0	0	2	2	8	0	0	1	0	0	4	1	0	0	0	0	3	1
8271	27 Jul 25	05:55:00	1	0	53	0	Ct	0	0	3	3	0	2	0	0	0	0	0	0	8	0	2	3	0	0	0	1	0	0	0	1	0	0	3	0	0	0	0	0	2	1
8272	27 Jul 25	05:56:00	1	0	53	0	Ct	0	0	2	0	0	1	3	0	0	0	0	0	1	0	2	0	0	2	0	3	0	0	0	0	0	1	4	0	0	0	0	0	3	1
8273	27 Jul 25	05:57:00	1	0	53	0	Ct	0	0	3	3	0	0	2	0	0	0	0	0	0	0	2	4	0	0	2	3	0	0	0	2	0	1	1	0	0	0	0	0	2	2
8274	27 Jul 25	05:58:00	1	0	53	0	Ct	0	0	2	0	0	0	0	0	0	0	0	0	5	0	1	0	0	1	2	1	0	0	0	0	0	2	1	0	0	0	0	0	1	0
8275	27 Jul 25	05:59:00	1	0	53	0	Ct	0	0	4	2	1	0	2	0	0	0	0	0	0	0	2	0	0	0	0	2	0	0	0	2	0	1	1	0	0	0	0	0	4	0
8276	27 Jul 25	06:00:00	1	0	53	0	Ct	0	0	4	4	1	4	2	1	0	0	0	0	4	0	1	0	0	1	0	1	0	0	0	1	0	2	3	0	0	0	5	0	2	0
8277	27 Jul 25	06:01:00	1	0	53	0	Ct	0	0	4	1	1	4	0	1	0	0	0	0	1	0	2	0	0	0	0	0	0	0	0	2	0	3	3	1	0	0	4	0	2	0
8278	27 Jul 25	06:02:00	1	0	53	0	Ct	0	0	2	2	5	2	0	0	0	0	0	0	2	0	1	0	0	0	0	1	0	0	0	1	0	0	2	1	0	0	3	0	4	0
8279	27 Jul 25	06:03:00	1	0	53	0	Ct	0	0	3	2	1	0	0	0	0	0	0	0	4	0	1	3	0	0	0	1	1	4	0	2	0	3	1	0	0	0	3	0	3	0
8280	27 Jul 25	06:04:00	1	0	53	0	Ct	0	0	2	1	4	2	0	0	0	0	1	0	0	0	1	3	0	1	0	0	0	2	0	2	0	2	2	3	0	0	4	0	1	0
8281	27 Jul 25	06:05:00	1	0	53	0	Ct	0	0	5	1	3	1	0	0	0	0	1	0	1	0	1	4	0	2	0	0	0	2	0	3	0	3	1	1	0	0	2	0	4	0
8282	27 Jul 25	06:06:00	1	0	53	0	Ct	0	0	3	2	1	2	1	1	0	0	1	0	2	0	2	1	0	3	0	1	0	3	0	1	0	2	0	1	0	0	2	0	2	0
8283	27 Jul 25	06:07:00	1	0	53	0	Ct	0	0	4	1	1	2	2	0	0	0	3	1	0	0	0	3	0	2	1	5	0	3	0	2	0	1	0	3	0	0	6	0	3	0
8284	27 Jul 25	06:08:00	1	0	53	0	Ct	0	0	3	3	1	2	1	0	0	0	9	0	0	0	2	3	0	0	1	0	0	1	0	2	0	3	0	0	0	0	3	0	0	1
8285	27 Jul 25	06:09:00	1	0	53	0	Ct	0	0	4	1	0	1	1	0	0	0	0	0	0	0	2	0	0	3	0	0	0	10	0	0	0	1	0	0	0	0	6	0	0	0
8286	27 Jul 25	06:10:00	1	0	53	0	Ct	0	0	4	0	2	0	0	0	0	0	0	2	0	0	1	0	0	0	0	0	0	2	0	2	0	0	0	2	0	0	8	0	3	1
8287	27 Jul 25	06:11:00	1	0	53	0	Ct	0	0	2	0	4	0	2	3	0	0	0	0	1	0	2	2	0	2	0	0	0	1	0	2	0	0	19	3	0	0	4	0	3	1
8288	27 Jul 25	06:12:00	1	0	53	0	Ct	0	0	3	0	6	0	3	2	0	0	0	0	0	0	1	0	0	1	0	0	0	2	0	1	0	0	1	1	0	0	2	0	3	2
8289	27 Jul 25	06:13:00	1	0	53	0	Ct	0	0	1	0	4	0	1	0	0	0	0	0	3	1	3	1	0	1	0	0	0	3	0	2	0	0	0	0	0	0	0	0	3	0
8290	27 Jul 25	06:14:00	1	0	53	0	Ct	0	0	1	3	3	0	1	0	0	0	0	0	3	1	1	3	0	3	0	0	0	5	0	1	0	0	0	0	0	0	4	0	1	2
8291	27 Jul 25	06:15:00	1	0	53	0	Ct	0	0	3	0	1	1	0	0	0	0	0	0	3	3	2	4	0	1	0	0	0	4	0	6	0	0	0	0	0	0	3	0	4	2
8292	27 Jul 25	06:16:00	1	0	53	0	Ct	0	0	1	1	4	2	0	0	0	0	0	0	1	0	0	2	0	2	0	0	0	2	0	3	0	0	0	0	0	0	3	0	1	2
8293	27 Jul 25	06:17:00	1	0	53	0	Ct	0	0	2	2	1	3	0	0	0	0	0	0	2	1	2	1	0	3	0	0	0	3	0	0	0	0	0	0	0	0	4	0	0	0
8294	27 Jul 25	06:18:00	1	0	53	0	Ct	0	0	4	3	1	0	0	0	0	0	0	0	2	3	0	0	0	0	2	0	0	3	0	1	0	0	0	0	0	0	4	0	0	0
8295	27 Jul 25	06:19:00	1	0	53	0	Ct	0	0	3	0	6	0	0	0	0	0	0	0	2	4	1	3	0	1	2	0	0	0	0	1	0	0	0	0	0	0	3	0	1	0
8296	27 Jul 25	06:20:00	1	0	53	0	Ct	0	0	0	4	4	1	0	0	0	0	0	0	1	14	1	3	0	2	5	0	0	3	0	2	0	2	0	2	0	0	2	0	4	0
8297	27 Jul 25	06:21:00	1	0	53	0	Ct	0	0	1	2	2	3	0	0	0	0	0	0	2	8	1	4	0	0	7	0	0	1	0	2	0	4	0	1	0	0	3	0	4	0
8298	27 Jul 25	06:22:00	1	0	53	0	Ct	0	0	3	1	3	0	2	0	0	0	0	0	2	2	2	2	0	0	1	0	0	0	0	2	0	2	0	4	0	0	1	0	1	0
8299	27 Jul 25	06:23:00	1	0	53	0	Ct	0	0	3	1	0	0	4	0	0	0	0	0	0	4	1	4	0	0	0	0	2	2	0	1	0	2	0	1	0	0	4	0	3	0
8300	27 Jul 25	06:24:00	1	0	53	0	Ct	0	0	2	2	1	2	2	0	0	0	0	0	2	0	0	2	0	0	0	0	8	1	0	2	0	2	0	1	0	0	2	0	2	0
8301	27 Jul 25	06:25:00	1	0	53	0	Ct	0	0	4	1	0	2	2	0	0	0	0	0	3	3	3	0	0	0	0	0	1	4	0	1	0	3	0	1	0	0	2	0	2	2
8302	27 Jul 25	06:26:00	1	0	53	0	Ct	0	0	4	4	3	0	1	0	0	0	0	0	2	2	3	1	0	0	0	0	0	2	0	3	0	1	0	0	0	0	2	0	0	0
8303	27 Jul 25	06:27:00	1	0	53	0	Ct	0	0	3	3	3	0	2	1	0	0	0	0	1	7	3	2	0	0	0	0	3	4	0	15	0	2	0	1	0	0	3	0	1	3
8304	27 Jul 25	06:28:00	1	0	53	0	Ct	0	0	2	4	4	0	1	0	0	3	0	0	2	1	3	2	0	0	0	0	10	1	0	2	0	1	0	1	0	0	1	0	0	1
8305	27 Jul 25	06:29:00	1	0	53	0	Ct	0	0	2	3	4	0	2	0	0	2	0	0	2	2	3	1	0	3	3	0	3	3	1	3	0	1	0	0	0	0	1	0	0	1
8306	27 Jul 25	06:30:00	1	0	53	0	Ct	0	0	3	10	3	0	2	3	0	4	0	0	3	0	0	2	0	2	3	0	1	2	3	1	0	1	0	0	0	0	3	0	0	1
8307	27 Jul 25	06:31:00	1	0	53	0	Ct	0	0	2	6	2	0	0	0	0	5	0	0	4	0	2	2	0	1	0	0	3	3	3	2	0	2	0	0	0	0	3	0	0	0
8308	27 Jul 25	06:32:00	1	0	53	0	Ct	0	0	2	3	0	0	2	0	0	1	2	1	1	0	1	2	0	1	0	0	4	4	2	3	0	0	0	0	0	0	3	0	0	0
8309	27 Jul 25	06:33:00	1	0	53	0	Ct	0	0	4	3	3	0	1	0	0	2	0	1	3	0	2	4	0	1	0	0	3	1	3	2	0	0	0	0	0	0	3	0	0	0
8310	27 Jul 25	06:34:00	1	0	53	0	Ct	0	0	4	5	2	0	7	0	0	2	1	0	2	0	8	2	0	2	0	0	1	0	3	1	0	0	0	0	0	0	2	0	1	0
8311	27 Jul 25	06:35:00	1	0	53	0	Ct	0	0	2	3	2	0	0	0	0	4	4	0	3	0	3	2	0	1	2	0	0	1	2	2	0	0	0	0	0	0	4	0	0	1
8312	27 Jul 25	06:36:00	1	0	53	0	Ct	0	0	4	5	3	0	2	5	0	7	4	0	1	0	1	2	0	3	1	0	0	2	4	1	0	0	0	0	0	0	1	0	1	0
8313	27 Jul 25	06:37:00	1	0	53	0	Ct	0	0	3	1	1	0	3	0	0	0	4	1	2	1	2	0	0	2	4	0	0	0	0	2	0	0	0	0	0	0	1	0	2	0
8314	27 Jul 25	06:38:00	1	0	53	0	Ct	0	0	5	2	0	0	2	0	0	2	3	3	2	0	2	3	0	2	2	3	0	0	3	1	0	0	2	1	0	0	1	0	2	2
8315	27 Jul 25	06:39:00	1	0	53	0	Ct	0	0	1	3	3	2	3	0	0	3	2	2	0	1	0	2	0	2	1	2	0	1	4	2	0	0	3	1	0	0	1	0	1	1
8316	27 Jul 25	06:40:00	1	0	53	0	Ct	0	0	2	1	3	2	2	0	0	3	4	4	2	0	1	4	0	1	1	3	0	3	5	0	0	0	1	3	0	0	1	0	1	1
8317	27 Jul 25	06:41:00	1	0	53	0	Ct	0	0	3	2	3	1	2	0	0	2	3	3	2	0	1	1	0	5	2	0	0	1	3	2	0	0	2	2	0	0	3	0	1	2
8318	27 Jul 25	06:42:00	1	0	53	0	Ct	0	0	2	2	4	3	1	0	0	4	2	2	0	0	4	0	0	3	1	2	0	0	3	1	0	0	0	1	0	0	1	0	2	0
8319	27 Jul 25	06:43:00	1	0	53	0	Ct	0	0	3	2	3	1	3	0	0	4	3	4	3	0	0	4	0	0	0	1	0	0	3	3	0	0	0	3	0	0	3	0	0	2
8320	27 Jul 25	06:44:00	1	0	53	0	Ct	0	0	2	2	2	3	1	0	0	2	1	2	1	0	1	3	0	0	0	2	0	0	4	3	0	0	0	1	0	0	3	0	2	1
8321	27 Jul 25	06:45:00	1	0	53	0	Ct	0	0	4	3	1	2	3	0	0	1	1	4	0	0	0	1	0	0	0	1	0	0	4	1	0	2	0	0	0	0	1	0	1	0
8322	27 Jul 25	06:46:00	1	0	53	0	Ct	0	0	2	2	1	0	3	0	0	4	2	4	0	0	2	5	0	2	0	4	0	0	2	0	0	0	0	2	0	0	1	0	3	1
8323	27 Jul 25	06:47:00	1	0	53	0	Ct	0	0	0	2	0	1	1	0	0	2	1	4	1	0	1	3	0	3	0	3	0	0	3	2	0	2	0	0	0	0	2	0	0	1
8324	27 Jul 25	06:48:00	1	0	53	0	Ct	0	0	1	3	1	1	2	0	1	2	3	3	1	1	1	4	0	2	0	1	0	0	2	3	0	1	0	0	0	0	3	0	1	0
8325	27 Jul 25	06:49:00	1	0	53	0	Ct	0	0	0	1	4	3	1	0	1	2	2	4	1	0	1	4	0	2	0	0	0	0	1	1	0	1	0	3	0	0	2	0	3	2
8326	27 Jul 25	06:50:00	1	0	53	0	Ct	0	0	0	2	0	1	0	0	0	2	1	2	0	0	1	1	0	2	0	2	0	0	2	2	0	2	0	1	0	0	1	0	4	0
8327	27 Jul 25	06:51:00	1	0	53	0	Ct	0	0	2	2	1	2	2	0	2	2	1	3	1	0	0	3	0	1	0	0	0	0	4	1	0	0	0	1	0	0	3	0	3	0
8328	27 Jul 25	06:52:00	1	0	53	0	Ct	0	0	10	1	3	2	1	0	3	5	2	3	2	0	1	0	0	3	0	0	0	0	2	3	0	0	4	1	0	0	2	0	2	0
8329	27 Jul 25	06:53:00	1	0	53	0	Ct	0	0	3	0	2	1	2	0	5	5	2	4	3	0	0	1	0	2	0	0	0	0	4	0	0	2	0	1	0	0	3	0	1	1
8330	27 Jul 25	06:54:00	1	0	53	0	Ct	0	0	2	1	4	0	2	0	7	4	3	3	1	0	1	3	0	4	0	0	0	2	2	2	0	0	1	1	0	0	2	0	5	1
8331	27 Jul 25	06:55:00	1	0	53	0	Ct	0	0	2	2	2	3	3	0	4	2	4	2	4	0	1	4	0	0	0	0	0	0	2	1	0	1	3	0	0	0	2	0	0	1
8332	27 Jul 25	06:56:00	1	0	53	0	Ct	0	0	0	2	2	1	2	1	3	1	5	3	3	0	1	4	0	0	0	0	0	0	3	1	0	0	3	6	0	0	4	0	0	2
8333	27 Jul 25	06:57:00	1	0	53	0	Ct	0	0	3	3	0	1	3	2	3	3	2	4	1	0	0	4	0	1	0	0	0	0	1	2	0	8	4	0	0	0	1	0	26	2
8334	27 Jul 25	06:58:00	1	0	53	0	Ct	0	0	3	2	5	2	1	1	3	2	3	1	2	0	2	5	0	1	0	0	0	0	2	1	0	0	0	1	0	0	3	0	0	0
8335	27 Jul 25	06:59:00	1	0	53	0	Ct	0	0	3	1	4	1	1	2	4	1	5	4	3	0	1	5	0	0	2	1	2	0	1	1	0	0	0	1	0	0	1	0	2	3
8336	27 Jul 25	07:00:00	1	0	53	0	Ct	0	0	2	0	1	1	2	1	5	0	2	4	4	0	1	3	0	0	2	4	5	0	0	0	0	0	0	1	0	0	4	0	0	1
8337	27 Jul 25	07:01:00	1	0	53	0	Ct	0	0	0	0	1	3	2	0	6	3	3	5	2	1	2	2	0	0	0	1	2	0	2	2	0	1	2	1	0	0	2	0	0	0
8338	27 Jul 25	07:02:00	1	0	53	0	Ct	0	0	3	2	1	3	1	0	3	1	2	5	2	1	0	2	0	1	2	1	3	0	3	0	0	2	2	1	0	0	4	0	0	0
8339	27 Jul 25	07:03:00	1	0	53	0	Ct	0	0	1	2	1	0	4	0	1	2	2	2	2	0	3	3	0	2	3	1	2	0	2	2	0	2	0	3	0	0	1	0	0	0
8340	27 Jul 25	07:04:00	1	0	53	0	Ct	0	0	2	4	4	2	3	0	4	2	2	3	2	0	2	2	0	0	4	1	1	0	3	0	0	3	2	0	0	0	0	0	0	2
8341	27 Jul 25	07:05:00	1	0	53	0	Ct	0	0	2	2	2	2	2	0	7	2	1	4	1	0	1	5	0	1	4	1	0	0	1	2	0	1	0	0	0	0	0	0	3	2
8342	27 Jul 25	07:06:00	1	0	53	0	Ct	0	0	3	3	5	0	0	0	6	1	1	3	0	1	2	4	0	3	3	0	0	0	0	1	0	2	3	3	0	0	2	0	1	0
8343	27 Jul 25	07:07:00	1	0	53	0	Ct	0	0	2	2	8	0	2	0	4	3	2	4	0	0	2	4	0	1	2	1	1	0	0	1	0	3	1	1	0	0	4	0	4	0
8344	27 Jul 25	07:08:00	1	0	53	0	Ct	0	0	3	5	6	0	3	0	5	2	2	3	0	1	3	3	0	0	3	0	1	0	0	1	0	0	0	2	0	0	0	0	1	0
8345	27 Jul 25	07:09:00	1	0	53	0	Ct	0	0	2	2	4	0	1	1	3	1	3	3	0	5	1	5	0	2	3	2	0	0	0	1	0	0	0	2	0	0	0	0	5	0
8346	27 Jul 25	07:10:00	1	0	53	0	Ct	0	0	3	2	2	0	0	3	3	2	1	3	0	3	0	3	0	2	1	1	0	2	0	2	0	2	0	2	0	0	1	0	4	2
8347	27 Jul 25	07:11:00	1	0	53	0	Ct	0	0	3	2	3	1	2	1	1	2	3	4	0	1	1	4	0	3	3	1	1	0	0	0	0	1	0	2	0	0	1	0	4	0
8348	27 Jul 25	07:12:00	1	0	53	0	Ct	0	0	2	1	1	3	1	5	4	2	2	3	1	0	3	3	0	1	2	2	0	5	0	1	0	2	0	2	0	0	0	0	3	3
8349	27 Jul 25	07:13:00	1	0	53	0	Ct	0	0	3	2	2	0	0	1	4	1	4	4	0	0	3	3	0	3	2	0	0	2	0	1	0	1	0	0	0	0	0	0	2	2
8350	27 Jul 25	07:14:00	1	0	53	0	Ct	0	0	2	1	1	0	0	0	6	3	2	3	2	0	2	1	0	2	0	0	0	1	0	0	0	0	0	2	0	0	0	0	1	1
8351	27 Jul 25	07:15:00	1	0	53	0	Ct	0	0	2	2	0	3	1	0	4	1	2	4	1	0	2	3	0	3	0	0	0	0	0	6	0	0	0	1	0	0	0	0	2	1
8352	27 Jul 25	07:16:00	1	0	53	0	Ct	0	0	0	3	0	0	2	0	1	2	2	3	0	3	2	4	0	3	0	0	0	0	0	0	0	0	0	2	0	0	0	0	4	2
8353	27 Jul 25	07:17:00	1	0	53	0	Ct	0	0	3	2	2	2	1	0	3	0	1	4	2	2	2	2	0	2	0	0	0	0	0	2	0	0	0	0	0	0	0	0	4	0
8354	27 Jul 25	07:18:00	1	0	53	0	Ct	0	0	2	1	0	0	3	0	1	2	3	3	1	0	1	3	0	1	1	0	0	0	0	1	0	1	0	0	0	0	0	0	4	0
8355	27 Jul 25	07:19:00	1	0	53	0	Ct	0	0	0	2	1	0	1	2	1	0	1	3	2	1	1	3	0	1	2	0	0	0	0	0	0	1	0	0	0	0	0	0	3	0
8356	27 Jul 25	07:20:00	1	0	53	0	Ct	0	0	1	0	3	1	4	0	2	0	3	5	1	9	1	3	0	0	1	0	0	0	0	1	0	2	0	0	0	0	0	0	2	0
8357	27 Jul 25	07:21:00	1	0	53	0	Ct	0	0	0	2	3	0	2	0	2	2	4	4	2	1	1	5	0	0	0	1	0	0	0	4	0	1	0	3	0	0	0	0	3	0
8358	27 Jul 25	07:22:00	1	0	53	0	Ct	0	0	1	1	1	1	2	0	3	2	1	4	2	6	1	4	0	0	0	0	0	0	0	18	0	1	0	0	0	0	0	0	2	0
8359	27 Jul 25	07:23:00	1	0	53	0	Ct	0	0	4	0	3	2	2	0	0	3	3	3	2	3	1	3	0	1	0	2	0	0	0	9	0	2	0	2	0	0	0	0	4	0
8360	27 Jul 25	07:24:00	1	0	53	0	Ct	0	0	2	3	1	2	0	0	5	0	2	3	0	3	0	2	0	2	1	1	0	0	0	0	0	3	0	1	0	0	0	0	1	4
8361	27 Jul 25	07:25:00	1	0	53	0	Ct	0	0	2	4	0	1	0	0	2	2	2	2	1	2	0	3	0	2	3	0	3	0	0	3	0	0	1	1	0	0	0	0	0	3
8362	27 Jul 25	07:26:00	1	0	53	0	Ct	0	0	2	2	2	2	1	0	3	4	2	1	2	4	1	3	0	2	2	2	0	0	0	3	0	1	3	2	0	0	1	0	0	5
8363	27 Jul 25	07:27:00	1	0	53	0	Ct	0	0	0	2	0	0	1	0	2	2	3	3	2	2	2	4	0	2	0	0	3	0	0	2	0	2	4	1	0	0	5	0	0	2
8364	27 Jul 25	07:28:00	1	0	53	0	Ct	0	0	2	2	2	1	1	2	2	2	2	4	2	2	1	5	0	2	0	3	1	0	0	1	0	0	2	2	0	0	6	0	0	1
8365	27 Jul 25	07:29:00	1	0	53	0	Ct	0	0	2	2	3	2	1	1	1	3	2	3	0	3	1	3	0	1	0	2	0	0	1	1	0	0	3	1	0	0	2	0	0	1
8366	27 Jul 25	07:30:00	1	0	53	0	Ct	0	0	2	11	1	2	1	2	0	1	2	3	5	3	4	4	0	2	3	1	1	0	2	0	0	0	6	1	0	0	4	0	2	3
8367	27 Jul 25	07:31:00	1	0	53	0	Ct	0	0	3	1	1	1	4	1	0	0	3	2	3	5	2	2	0	2	2	2	1	0	2	0	0	0	2	0	0	0	2	0	2	12
8368	27 Jul 25	07:32:00	1	0	53	0	Ct	0	0	3	3	2	1	1	1	0	0	2	3	2	2	3	6	0	1	1	4	0	0	2	0	0	0	2	1	0	0	4	0	5	0
8369	27 Jul 25	07:33:00	1	0	53	0	Ct	0	0	0	2	2	2	3	1	7	1	1	4	3	4	1	1	0	1	2	0	0	0	4	1	0	0	5	0	0	0	3	0	4	0
8370	27 Jul 25	07:34:00	1	0	53	0	Ct	0	0	2	2	1	1	4	2	3	3	2	3	2	3	2	4	0	1	3	0	0	0	2	1	0	0	2	0	0	0	4	0	3	0
8371	27 Jul 25	07:35:00	1	0	53	0	Ct	0	0	0	1	0	0	1	2	2	0	2	5	2	3	0	3	0	0	2	0	0	0	3	0	0	0	3	3	0	0	1	0	3	0
8372	27 Jul 25	07:36:00	1	0	53	0	Ct	0	0	2	1	2	2	4	3	3	0	2	3	2	4	2	4	0	2	1	0	0	1	3	1	0	1	1	1	0	0	4	0	1	1
8373	27 Jul 25	07:37:00	1	0	53	0	Ct	0	0	0	1	1	0	2	2	2	0	1	5	2	3	10	3	0	2	2	1	3	4	2	1	0	3	1	1	0	0	3	0	1	4
8374	27 Jul 25	07:38:00	1	0	53	0	Ct	0	0	0	2	2	4	0	1	3	0	2	3	3	3	1	5	0	2	0	2	3	5	6	1	0	18	1	3	0	0	1	0	3	1
8375	27 Jul 25	07:39:00	1	0	53	0	Ct	0	0	0	3	6	2	0	5	3	0	0	2	0	5	0	4	0	3	0	3	1	0	2	1	0	0	1	1	0	0	4	0	1	2
8376	27 Jul 25	07:40:00	1	0	53	0	Ct	0	0	2	4	0	2	1	0	1	0	2	4	0	4	0	4	0	2	0	2	3	3	6	2	0	0	3	4	0	0	3	0	0	2
8377	27 Jul 25	07:41:00	1	0	53	0	Ct	0	0	3	3	0	1	2	3	4	0	3	4	2	2	2	4	0	4	0	1	2	2	0	0	0	0	0	2	0	0	2	0	2	2
8378	27 Jul 25	07:42:00	1	0	53	0	Ct	0	0	2	3	1	0	2	1	3	0	1	5	2	3	2	3	0	1	0	1	1	2	0	0	0	2	1	2	0	0	0	0	2	2
8379	27 Jul 25	07:43:00	1	0	53	0	Ct	0	0	2	1	4	0	2	2	2	0	4	0	2	2	2	6	0	0	0	1	1	1	0	0	0	1	0	1	0	0	0	0	2	3
8380	27 Jul 25	07:44:00	1	0	53	0	Ct	0	0	3	4	2	0	4	2	6	1	7	1	3	6	1	3	0	0	1	1	2	3	0	1	0	1	1	2	0	0	2	0	2	1
8381	27 Jul 25	07:45:00	1	0	53	0	Ct	0	0	5	3	3	0	1	0	3	2	13	4	2	4	3	1	0	1	4	1	1	1	0	0	0	3	2	1	0	0	0	0	3	0
8382	27 Jul 25	07:46:00	1	0	53	0	Ct	0	0	3	3	1	2	0	2	0	1	2	5	2	3	2	2	0	2	2	1	1	0	0	3	0	2	2	0	0	0	8	0	3	0
8383	27 Jul 25	07:47:00	1	0	53	0	Ct	0	0	2	2	3	0	2	1	1	0	1	4	3	3	2	4	0	0	0	0	0	3	0	2	0	2	1	1	0	0	2	0	2	0
8384	27 Jul 25	07:48:00	1	0	53	0	Ct	0	0	2	0	0	0	0	1	3	1	1	4	2	3	4	2	0	0	3	2	0	0	0	0	0	2	2	1	0	0	0	0	0	2
8385	27 Jul 25	07:49:00	1	0	53	0	Ct	0	0	2	4	1	2	0	3	4	2	1	4	3	4	1	5	0	2	2	0	0	2	0	1	0	1	0	1	0	0	0	0	0	2
8386	27 Jul 25	07:50:00	1	0	53	0	Ct	0	0	0	5	2	0	0	4	4	2	2	4	2	4	3	2	0	3	2	0	0	0	0	1	0	0	0	1	0	0	0	0	0	4
8387	27 Jul 25	07:51:00	1	0	53	0	Ct	0	0	0	4	4	4	0	4	0	1	3	3	3	2	1	2	0	4	3	0	0	0	0	1	0	0	0	0	0	0	0	0	0	3
8388	27 Jul 25	07:52:00	1	0	53	0	Ct	0	0	0	3	1	1	0	3	0	2	2	2	4	4	4	0	0	1	3	2	0	3	0	2	0	3	0	1	0	0	0	0	1	0
8389	27 Jul 25	07:53:00	1	0	53	0	Ct	0	0	0	2	1	1	4	2	0	0	0	2	2	4	3	4	0	3	1	1	0	1	0	0	0	5	0	1	0	0	0	0	2	2
8390	27 Jul 25	07:54:00	1	0	53	0	Ct	0	0	0	3	1	0	1	2	1	1	3	0	3	2	2	3	0	1	7	1	4	0	0	0	0	1	0	2	0	0	0	0	1	3
8391	27 Jul 25	07:55:00	1	0	53	0	Ct	0	0	0	2	4	0	1	4	3	1	0	0	2	0	4	2	0	2	1	0	4	0	0	1	0	0	0	1	0	0	0	0	0	2
8392	27 Jul 25	07:56:00	1	0	53	0	Ct	0	0	0	3	1	1	0	1	2	0	2	0	2	3	2	4	0	3	0	0	1	0	0	1	0	2	1	0	0	0	0	0	3	0
8393	27 Jul 25	07:57:00	1	0	53	0	Ct	0	0	0	1	1	2	1	2	2	1	2	0	2	3	2	3	0	3	2	1	1	0	0	3	0	1	0	1	0	0	0	0	2	2
8394	27 Jul 25	07:58:00	1	0	53	0	Ct	0	0	0	1	0	0	1	1	0	1	2	0	4	2	2	5	0	3	3	3	1	0	0	1	0	1	0	1	0	0	0	0	3	1
8395	27 Jul 25	07:59:00	1	0	53	0	Ct	0	0	1	3	1	3	2	3	1	0	1	0	3	4	0	5	0	1	3	1	0	0	0	0	0	0	0	2	0	0	0	0	24	1
8396	27 Jul 25	08:00:00	1	0	53	0	Ct	0	0	3	4	1	1	1	1	2	0	2	3	2	3	2	5	0	1	0	1	0	0	0	0	0	2	0	1	0	0	0	0	9	2
8397	27 Jul 25	08:01:00	1	0	53	0	Ct	0	0	4	4	2	2	1	3	0	0	2	4	3	1	3	3	0	0	3	2	1	0	0	0	0	0	0	0	0	0	0	0	6	1
8398	27 Jul 25	08:02:00	1	0	53	0	Ct	0	0	2	2	2	2	2	1	0	0	4	3	2	1	1	6	0	0	1	0	1	4	0	0	0	1	1	2	0	0	0	0	3	1
8399	27 Jul 25	08:03:00	1	0	53	0	Ct	0	0	3	3	3	0	1	3	0	0	2	3	0	0	2	4	0	0	0	2	1	4	0	0	0	2	0	2	0	0	0	0	2	2
8400	27 Jul 25	08:04:00	1	0	53	0	Ct	0	0	1	4	3	1	2	2	0	0	0	3	3	0	2	4	0	0	0	1	3	1	0	2	0	0	4	1	0	0	0	0	8	0
8401	27 Jul 25	08:05:00	1	0	53	0	Ct	0	0	4	4	2	1	3	2	0	0	1	3	3	0	1	3	0	0	0	2	1	0	0	1	0	1	3	0	0	0	0	0	3	0
8402	27 Jul 25	08:06:00	1	0	53	0	Ct	0	0	3	3	2	1	2	4	0	0	2	4	3	0	1	2	0	1	0	1	1	3	2	1	0	0	0	1	0	0	0	0	3	1
8403	27 Jul 25	08:07:00	1	0	53	0	Ct	0	0	2	1	1	0	3	1	0	0	2	4	1	0	3	2	0	0	1	2	0	4	2	2	0	2	1	0	0	0	0	0	2	1
8404	27 Jul 25	08:08:00	1	0	53	0	Ct	0	0	3	4	2	0	3	2	0	6	2	3	4	0	1	3	0	0	1	0	0	1	3	2	0	3	2	0	0	0	0	0	3	0
8405	27 Jul 25	08:09:00	1	0	53	0	Ct	0	0	2	4	1	0	2	4	3	1	2	4	4	2	0	4	0	0	2	2	0	1	3	0	0	0	0	1	0	0	0	0	4	3
8406	27 Jul 25	08:10:00	1	0	53	0	Ct	0	0	2	3	2	0	1	1	3	1	1	3	2	3	0	4	0	3	3	2	2	0	2	1	0	1	1	0	0	0	0	0	2	0
8407	27 Jul 25	08:11:00	1	0	53	0	Ct	0	0	2	3	1	0	2	5	3	5	1	2	3	4	0	2	0	2	4	2	1	4	3	1	0	1	0	0	0	0	1	0	2	1
8408	27 Jul 25	08:12:00	1	0	53	0	Ct	0	0	1	3	2	2	0	3	0	2	1	5	2	0	2	0	0	1	3	1	2	0	2	2	0	0	0	1	0	0	2	0	2	2
8409	27 Jul 25	08:13:00	1	0	53	0	Ct	0	0	3	2	0	2	2	3	2	1	1	3	2	2	3	2	0	4	2	1	2	0	4	2	0	1	0	2	0	0	0	0	4	0
8410	27 Jul 25	08:14:00	1	0	53	0	Ct	0	0	2	1	1	0	3	2	0	4	0	3	3	3	1	4	4	2	2	2	2	0	3	1	0	0	0	0	0	0	2	0	3	0
8411	27 Jul 25	08:15:00	1	0	53	0	Ct	0	0	0	2	0	0	2	1	0	0	0	2	2	2	3	4	0	2	2	1	1	0	3	0	0	2	0	0	0	0	0	0	5	2
8412	27 Jul 25	08:16:00	1	0	53	0	Ct	0	0	0	0	3	0	2	3	0	3	0	4	3	4	3	2	3	3	1	0	0	0	3	0	0	3	0	2	0	0	1	0	1	3
8413	27 Jul 25	08:17:00	1	0	53	0	Ct	0	0	2	0	2	0	2	2	0	1	0	3	2	2	3	4	0	4	0	4	2	4	6	1	0	2	0	1	0	0	0	0	0	2
8414	27 Jul 25	08:18:00	1	0	53	0	Ct	0	0	2	1	2	0	0	3	0	1	0	4	1	5	1	3	0	2	2	13	0	4	0	1	0	1	3	1	0	0	1	0	1	0
8415	27 Jul 25	08:19:00	1	0	53	0	Ct	0	0	0	3	3	0	3	2	0	0	0	2	0	4	1	2	0	1	3	1	0	6	1	0	0	1	0	0	0	0	1	0	3	3
8416	27 Jul 25	08:20:00	1	0	53	0	Ct	0	0	0	2	2	0	2	4	0	2	1	3	0	2	3	3	0	1	0	0	0	23	3	0	0	0	0	0	0	0	2	0	4	2
8417	27 Jul 25	08:21:00	1	0	53	0	Ct	0	0	4	1	1	0	0	2	0	8	3	3	1	0	2	5	0	7	1	0	3	2	0	0	0	0	0	2	0	0	3	0	3	2
8418	27 Jul 25	08:22:00	1	0	53	0	Ct	0	0	1	2	2	0	0	8	2	8	0	2	1	0	1	4	0	3	1	0	1	2	0	0	0	0	0	0	0	0	0	0	2	1
8419	27 Jul 25	08:23:00	1	0	53	0	Ct	0	0	0	3	1	0	0	2	1	3	0	2	0	0	1	4	0	2	1	0	1	0	0	1	0	3	0	0	0	0	0	0	3	2
8420	27 Jul 25	08:24:00	1	0	53	0	Ct	0	0	0	2	1	0	0	5	2	2	0	3	0	1	1	4	0	0	0	1	3	4	0	2	0	2	0	0	0	0	0	0	4	0
8421	27 Jul 25	08:25:00	1	0	53	0	Ct	0	0	2	4	1	0	1	1	1	2	0	4	0	2	2	2	0	2	1	2	2	2	0	2	0	0	0	1	0	0	0	0	3	0
8422	27 Jul 25	08:26:00	1	0	53	0	Ct	0	0	0	3	2	0	4	2	2	3	0	0	3	3	0	4	0	0	1	1	3	2	0	4	0	3	2	2	0	0	0	0	4	0
8423	27 Jul 25	08:27:00	1	0	53	0	Ct	0	0	2	0	0	0	1	3	0	0	0	2	2	0	0	1	0	0	0	0	2	4	0	0	0	2	0	2	0	0	2	0	2	3
8424	27 Jul 25	08:28:00	1	0	53	0	Ct	0	0	2	0	1	1	2	4	0	2	0	3	1	2	1	3	0	2	0	0	2	2	0	0	0	0	0	1	0	0	2	0	0	0
8425	27 Jul 25	08:29:00	1	0	53	0	Ct	0	0	0	3	3	0	2	2	0	0	0	4	1	1	1	5	0	0	2	0	1	0	0	0	0	2	0	1	0	0	4	0	4	1
8426	27 Jul 25	08:30:00	1	0	53	0	Ct	0	0	2	3	1	0	0	3	0	2	0	4	2	3	3	1	0	1	0	2	0	0	0	2	0	4	0	2	0	0	2	0	1	2
8427	27 Jul 25	08:31:00	1	0	53	0	Ct	0	0	3	1	0	1	0	2	0	0	0	4	2	1	2	2	0	2	2	3	0	0	0	0	0	1	0	1	0	0	0	0	3	1
8428	27 Jul 25	08:32:00	1	0	53	0	Ct	0	0	2	2	0	0	0	2	0	0	0	6	1	3	5	1	1	0	0	0	0	0	0	0	0	2	1	1	0	0	1	0	2	2
8429	27 Jul 25	08:33:00	1	0	53	0	Ct	0	0	2	1	2	0	0	2	0	4	0	6	2	1	2	0	3	3	0	2	0	0	0	0	0	0	0	1	0	0	1	0	3	2
8430	27 Jul 25	08:34:00	1	0	53	0	Ct	0	0	1	0	1	0	3	0	0	0	0	4	6	0	1	1	3	0	0	2	0	1	0	0	0	5	0	2	0	0	1	0	1	2
8431	27 Jul 25	08:35:00	1	0	53	0	Ct	0	0	0	1	1	0	2	1	0	0	0	4	4	0	1	4	1	3	0	3	0	2	0	0	0	1	0	0	0	0	2	0	3	2
8432	27 Jul 25	08:36:00	1	0	53	0	Ct	0	0	1	7	2	0	3	1	2	0	0	3	4	0	0	4	3	3	0	1	0	4	0	1	0	1	0	2	0	0	3	0	4	2
8433	27 Jul 25	08:37:00	1	0	53	0	Ct	0	0	1	1	0	0	1	2	1	5	0	4	3	1	2	3	3	3	0	2	0	2	0	0	0	0	0	1	0	0	4	0	2	2
8434	27 Jul 25	08:38:00	1	0	53	0	Ct	0	0	1	1	0	0	4	2	0	1	0	2	1	0	3	6	2	1	0	2	0	1	0	0	0	0	0	2	0	0	1	0	2	2
8435	27 Jul 25	08:39:00	1	0	53	0	Ct	0	0	1	0	0	7	2	1	0	0	0	4	5	0	1	3	3	0	4	0	0	5	0	0	0	2	0	1	0	0	0	0	6	1
8436	27 Jul 25	08:40:00	1	0	53	0	Ct	0	0	1	1	0	4	3	3	0	0	0	4	1	0	1	3	3	2	2	1	0	6	0	1	0	2	0	2	0	0	3	0	3	0
8437	27 Jul 25	08:41:00	1	0	53	0	Ct	0	0	1	1	2	0	3	3	0	1	0	3	1	1	2	4	2	3	5	1	0	1	0	1	0	0	0	1	0	0	5	0	3	1
8438	27 Jul 25	08:42:00	1	0	53	0	Ct	0	0	3	1	0	2	1	3	0	2	0	1	4	2	3	5	5	3	2	1	1	0	0	2	0	1	0	0	0	0	3	0	5	0
8439	27 Jul 25	08:43:00	1	0	53	0	Ct	0	0	0	0	0	2	3	4	0	3	0	4	0	2	3	0	2	4	1	2	2	0	0	2	0	1	0	1	0	0	2	0	1	0
8440	27 Jul 25	08:44:00	1	0	53	0	Ct	0	0	0	0	1	3	2	2	0	0	0	4	0	1	1	0	3	5	2	2	3	0	0	1	0	0	0	1	0	0	2	0	0	0
8441	27 Jul 25	08:45:00	1	0	53	0	Ct	0	0	0	0	1	1	0	0	1	2	0	1	2	1	0	3	4	3	0	0	4	0	0	2	0	2	0	1	0	0	2	0	1	2
8442	27 Jul 25	08:46:00	1	0	53	0	Ct	0	0	2	0	0	2	2	0	2	2	0	0	0	0	1	4	2	2	1	0	1	0	0	1	0	3	0	2	0	0	3	0	4	1
8443	27 Jul 25	08:47:00	1	0	53	0	Ct	0	0	2	0	4	0	1	0	0	3	0	0	1	0	3	2	3	2	2	1	2	3	0	0	0	2	0	3	0	0	3	0	5	5
8444	27 Jul 25	08:48:00	1	0	53	0	Ct	0	0	0	0	0	1	1	0	0	2	0	0	2	0	1	1	2	0	5	2	2	0	0	3	0	3	1	1	0	0	2	0	0	0
8445	27 Jul 25	08:49:00	1	0	53	0	Ct	0	0	0	2	2	0	0	6	2	2	0	0	1	3	3	3	2	2	4	0	0	0	0	0	0	1	0	2	0	0	1	0	4	1
8446	27 Jul 25	08:50:00	1	0	53	0	Ct	0	0	3	4	0	1	1	4	1	1	0	0	1	2	1	2	2	1	2	2	2	0	0	1	0	2	0	2	0	0	2	0	1	2
8447	27 Jul 25	08:51:00	1	0	53	0	Ct	0	0	3	1	0	0	1	0	0	0	0	1	0	0	0	3	1	1	2	0	1	0	0	3	0	3	3	2	0	0	0	0	2	0
8448	27 Jul 25	08:52:00	1	0	53	0	Ct	0	0	3	1	1	0	0	2	0	1	0	1	0	3	3	3	3	2	3	2	1	0	0	0	0	1	3	2	0	0	2	0	2	1
8449	27 Jul 25	08:53:00	1	0	53	0	Ct	0	0	1	2	1	2	0	3	0	2	0	2	2	2	1	2	6	3	3	0	0	0	0	1	0	0	4	0	0	0	2	0	2	2
8450	27 Jul 25	08:54:00	1	0	53	0	Ct	0	0	2	2	0	1	0	2	0	1	0	0	1	0	2	7	2	1	1	1	1	0	0	0	0	3	7	1	0	0	2	0	3	3
8451	27 Jul 25	08:55:00	1	0	53	0	Ct	0	0	0	2	0	0	2	1	0	2	0	0	4	0	2	3	4	6	1	1	2	0	0	0	0	2	0	0	0	0	3	0	2	0
8452	27 Jul 25	08:56:00	1	0	53	0	Ct	0	0	0	0	0	0	0	1	0	3	0	0	2	2	0	4	3	2	3	0	2	0	0	0	0	2	0	0	0	0	0	0	1	0
8453	27 Jul 25	08:57:00	1	0	53	0	Ct	0	0	0	4	0	3	0	2	0	1	0	0	0	3	2	1	2	2	0	0	1	0	0	1	0	1	0	4	0	0	0	0	3	0
8454	27 Jul 25	08:58:00	1	0	53	0	Ct	0	0	0	3	0	0	3	0	0	0	1	0	1	0	4	3	3	4	0	0	3	1	0	1	0	2	4	1	0	0	1	0	2	3
8455	27 Jul 25	08:59:00	1	0	53	0	Ct	0	0	0	3	2	2	2	4	0	3	2	0	0	0	2	4	3	1	0	0	2	2	0	1	0	0	0	2	0	0	1	0	4	1
8456	27 Jul 25	09:00:00	1	0	53	0	Ct	0	0	0	0	1	1	1	1	0	2	0	0	0	0	2	0	0	3	0	0	2	3	0	1	0	0	0	25	0	0	1	0	4	3
8457	27 Jul 25	09:01:00	1	0	53	0	Ct	0	0	0	2	1	5	0	3	0	1	3	1	2	0	3	1	1	3	0	0	1	1	0	1	0	2	0	2	0	0	4	0	3	1
8458	27 Jul 25	09:02:00	1	0	53	0	Ct	0	0	1	1	3	0	0	1	0	1	3	0	2	0	2	3	3	2	0	0	1	3	0	1	0	0	0	2	0	0	1	0	1	1
8459	27 Jul 25	09:03:00	1	0	53	0	Ct	0	0	5	2	2	2	3	2	0	1	3	0	0	2	2	1	3	1	0	0	1	0	0	1	0	3	0	1	0	0	0	0	7	1
8460	27 Jul 25	09:04:00	1	0	53	0	Ct	0	0	4	1	0	2	2	1	0	1	2	0	1	2	0	5	3	2	1	0	3	1	0	1	0	3	0	3	0	0	0	0	0	0
8461	27 Jul 25	09:05:00	1	0	53	0	Ct	0	0	1	4	3	0	4	2	0	1	4	1	0	2	2	3	2	2	2	0	2	3	0	0	0	0	4	1	0	0	1	0	5	0
8462	27 Jul 25	09:06:00	1	0	53	0	Ct	0	0	4	3	2	1	2	1	1	0	5	4	0	3	1	4	3	2	1	0	3	2	0	1	0	4	2	3	0	0	2	0	4	1
8463	27 Jul 25	09:07:00	1	0	53	0	Ct	0	0	1	0	3	1	4	0	1	2	2	3	0	4	2	4	2	1	3	0	2	0	0	1	0	0	4	2	0	0	12	0	3	1
8464	27 Jul 25	09:08:00	1	0	53	0	Ct	0	0	4	2	1	1	2	3	3	1	1	1	2	1	2	1	2	3	1	0	1	1	0	0	0	2	3	2	0	0	3	0	1	2
8465	27 Jul 25	09:09:00	1	0	53	0	Ct	0	0	2	2	1	1	1	3	3	1	1	1	1	2	2	1	1	2	0	0	0	1	0	8	0	2	4	3	0	0	1	0	2	0
8466	27 Jul 25	09:10:00	1	0	53	0	Ct	0	0	4	4	0	3	2	3	4	2	0	0	2	1	0	2	1	3	4	0	1	1	0	2	0	1	2	0	0	0	3	0	8	0
8467	27 Jul 25	09:11:00	1	0	53	0	Ct	0	0	1	3	0	0	0	1	1	0	0	0	1	0	4	1	2	2	1	0	0	0	0	0	0	1	0	0	0	0	5	0	3	0
8468	27 Jul 25	09:12:00	1	0	53	0	Ct	0	0	1	4	0	2	1	2	3	0	2	0	1	0	5	2	3	1	1	0	0	2	0	0	0	0	0	0	0	0	2	0	3	0
8469	27 Jul 25	09:13:00	1	0	53	0	Ct	0	0	2	2	2	6	1	2	3	0	3	0	0	2	1	3	4	2	2	0	0	0	0	0	0	1	0	0	0	0	2	0	4	0
8470	27 Jul 25	09:14:00	1	0	53	0	Ct	0	0	0	0	0	0	2	1	0	3	1	0	0	0	2	4	2	2	3	0	0	2	0	0	0	0	1	0	0	0	2	0	4	0
8471	27 Jul 25	09:15:00	1	0	53	0	Ct	0	0	0	2	0	0	3	2	0	1	2	0	0	1	2	4	2	3	2	0	2	0	0	0	0	0	0	2	0	0	2	0	1	0
8472	27 Jul 25	09:16:00	1	0	53	0	Ct	0	0	0	3	0	1	3	2	2	2	1	0	1	2	3	4	3	2	0	0	0	0	1	0	0	1	0	0	0	0	0	0	0	1
8473	27 Jul 25	09:17:00	1	0	53	0	Ct	0	0	2	3	0	1	0	3	2	0	3	0	2	2	2	2	0	1	0	0	1	0	5	1	0	2	1	1	0	0	0	0	0	2
8474	27 Jul 25	09:18:00	1	0	53	0	Ct	0	0	0	1	0	2	1	3	2	0	2	0	2	3	4	2	1	2	2	0	2	0	3	1	0	1	0	3	0	0	0	0	3	0
8475	27 Jul 25	09:19:00	1	0	53	0	Ct	0	0	2	3	0	2	6	2	3	0	1	0	3	3	1	5	2	0	1	0	0	0	1	0	0	0	0	3	0	0	3	0	4	1
8476	27 Jul 25	09:20:00	1	0	53	0	Ct	0	0	0	3	0	0	4	3	3	0	1	0	0	3	0	1	2	4	1	0	0	0	3	0	0	0	0	3	0	0	3	0	4	2
8477	27 Jul 25	09:21:00	1	0	53	0	Ct	0	0	0	2	0	0	0	2	3	0	1	0	3	3	1	5	2	1	6	0	0	0	5	1	0	0	0	3	0	0	3	0	2	0
8478	27 Jul 25	09:22:00	1	0	53	0	Ct	0	0	0	0	1	0	2	2	2	3	2	0	2	2	2	2	3	0	0	0	0	0	2	2	0	1	0	2	0	0	0	0	4	0
8479	27 Jul 25	09:23:00	1	0	53	0	Ct	0	0	2	2	0	1	1	1	1	2	0	0	1	2	2	0	1	1	0	0	0	0	3	0	0	2	1	2	0	0	1	0	1	0
8480	27 Jul 25	09:24:00	1	0	53	0	Ct	0	0	3	0	0	0	1	2	4	2	0	0	2	0	2	2	4	2	0	0	0	0	4	2	0	0	1	3	0	0	0	0	3	0
8481	27 Jul 25	09:25:00	1	0	53	0	Ct	0	0	0	0	1	0	0	0	1	1	0	0	0	0	3	3	2	2	0	0	1	0	1	1	0	0	0	1	0	0	0	0	3	1
8482	27 Jul 25	09:26:00	1	0	53	0	Ct	0	0	0	0	0	0	1	2	0	2	0	2	1	0	1	4	2	0	0	0	3	0	2	1	0	0	0	2	0	0	0	0	1	1
8483	27 Jul 25	09:27:00	1	0	53	0	Ct	0	0	3	1	0	1	1	3	0	1	0	0	0	1	2	6	3	1	1	0	4	0	2	1	0	0	0	0	0	0	0	0	2	2
8484	27 Jul 25	09:28:00	1	0	53	0	Ct	0	0	0	3	1	3	0	5	1	1	0	0	2	2	3	5	1	0	1	0	1	0	2	1	0	0	0	1	0	0	0	0	3	1
8485	27 Jul 25	09:29:00	1	0	53	0	Ct	0	0	1	0	1	0	0	2	0	1	0	0	1	10	1	4	2	0	1	3	1	0	2	0	0	3	1	2	0	0	0	0	4	3
8486	27 Jul 25	09:30:00	1	0	53	0	Ct	0	0	3	0	1	0	0	2	0	1	0	0	1	2	1	3	3	3	2	1	2	0	3	0	0	5	12	2	0	0	0	0	0	0
8487	27 Jul 25	09:31:00	1	0	53	0	Ct	0	0	1	2	1	0	0	3	0	0	0	0	3	1	3	2	3	0	2	3	1	0	2	0	0	2	0	0	0	0	0	0	1	0
8488	27 Jul 25	09:32:00	1	0	53	0	Ct	0	0	0	0	3	0	0	1	1	0	0	0	2	2	3	2	3	1	2	1	2	0	2	0	0	3	0	2	0	0	0	0	0	3
8489	27 Jul 25	09:33:00	1	0	53	0	Ct	0	0	2	4	2	0	1	2	5	0	0	2	2	3	1	0	3	4	0	1	0	0	3	0	0	2	0	2	0	0	0	0	0	2
8490	27 Jul 25	09:34:00	1	0	53	0	Ct	0	0	0	2	7	0	3	3	0	0	0	3	1	2	3	4	3	2	0	1	1	0	0	0	0	2	1	3	0	0	0	0	0	0
8491	27 Jul 25	09:35:00	1	0	53	0	Ct	0	0	0	0	2	0	1	1	3	0	0	0	0	0	1	4	1	2	0	1	4	0	1	0	0	3	0	3	0	0	0	0	1	3
8492	27 Jul 25	09:36:00	1	0	53	0	Ct	0	0	1	2	2	0	3	1	5	0	0	0	2	3	3	1	1	3	0	1	3	0	0	0	0	4	0	3	0	0	0	0	3	2
8493	27 Jul 25	09:37:00	1	0	53	0	Ct	0	0	1	3	2	0	2	3	2	0	0	4	0	1	1	4	2	3	0	3	2	0	1	0	0	2	0	0	0	0	0	0	4	0
8494	27 Jul 25	09:38:00	1	0	53	0	Ct	0	0	0	2	2	0	2	5	0	0	0	3	0	4	3	3	1	0	0	0	1	0	14	0	0	0	0	1	0	0	8	0	3	3
8495	27 Jul 25	09:39:00	1	0	53	0	Ct	0	0	0	2	1	0	5	4	2	0	0	1	0	2	3	4	2	1	0	1	0	0	2	0	0	2	1	2	0	0	0	0	4	2
8496	27 Jul 25	09:40:00	1	0	53	0	Ct	0	0	0	1	3	0	2	3	0	0	0	2	1	0	2	1	2	2	0	1	0	0	2	1	0	3	0	1	0	0	1	0	2	1
8497	27 Jul 25	09:41:00	1	0	53	0	Ct	0	0	0	2	2	0	0	3	0	0	0	3	1	0	2	4	2	1	2	0	0	0	2	1	0	2	0	0	0	0	3	0	3	3
8498	27 Jul 25	09:42:00	1	0	53	0	Ct	0	0	0	3	0	0	5	6	0	3	1	4	0	0	1	4	3	1	2	0	0	0	3	1	0	4	0	1	0	0	1	0	3	2
8499	27 Jul 25	09:43:00	1	0	53	0	Ct	0	0	0	3	2	0	0	1	1	1	1	1	3	0	2	2	0	0	0	3	0	0	3	2	0	2	0	2	0	0	1	0	2	2
8500	27 Jul 25	09:44:00	1	0	53	0	Ct	0	0	2	1	5	0	0	2	2	2	2	3	2	1	1	2	0	0	1	1	0	0	2	0	0	2	0	2	0	0	6	0	4	1
8501	27 Jul 25	09:45:00	1	0	53	0	Ct	0	0	1	1	2	0	1	0	3	1	0	3	2	2	2	1	1	0	3	0	0	0	2	2	0	2	0	2	0	0	1	0	0	1
8502	27 Jul 25	09:46:00	1	0	53	0	Ct	0	0	0	2	3	0	3	2	3	0	0	4	1	1	2	2	0	0	0	1	0	0	2	0	0	2	1	0	0	0	1	0	1	2
8503	27 Jul 25	09:47:00	1	0	53	0	Ct	0	0	0	1	2	0	2	0	1	1	0	5	1	2	2	2	4	2	1	2	0	0	1	0	0	2	0	3	0	0	2	0	1	0
8504	27 Jul 25	09:48:00	1	0	53	0	Ct	0	0	0	2	0	0	2	0	0	1	0	1	1	0	0	6	4	1	1	0	0	0	1	0	0	1	0	3	0	0	2	0	0	0
8505	27 Jul 25	09:49:00	1	0	53	0	Ct	0	0	0	1	0	0	1	0	1	2	0	0	1	4	1	1	5	3	3	1	0	0	0	0	0	5	0	0	0	0	0	0	3	0
8506	27 Jul 25	09:50:00	1	0	53	0	Ct	0	0	0	2	0	0	2	2	3	2	0	1	3	3	2	5	3	1	1	1	0	0	0	0	0	1	0	0	0	0	0	0	1	0
8507	27 Jul 25	09:51:00	1	0	53	0	Ct	0	0	1	3	0	0	1	1	3	1	0	3	2	2	0	2	2	1	2	6	0	0	0	0	0	2	0	0	0	0	2	0	1	3
8508	27 Jul 25	09:52:00	1	0	53	0	Ct	0	0	4	0	0	0	3	1	1	2	0	2	0	0	2	4	2	3	0	2	2	0	4	0	0	1	0	0	0	0	2	0	4	2
8509	27 Jul 25	09:53:00	1	0	53	0	Ct	0	0	3	3	0	0	2	0	0	0	0	2	2	0	2	2	3	0	0	1	1	0	2	0	0	0	0	2	0	0	0	0	3	0
8510	27 Jul 25	09:54:00	1	0	53	0	Ct	0	0	4	3	0	0	0	3	0	2	0	0	3	0	3	2	0	3	0	2	1	0	0	2	0	2	0	1	0	0	0	0	3	0
8511	27 Jul 25	09:55:00	1	0	53	0	Ct	0	0	2	3	1	0	0	0	0	0	0	1	0	0	2	3	2	3	3	2	3	0	0	0	0	1	0	1	0	0	0	0	4	0
8512	27 Jul 25	09:56:00	1	0	53	0	Ct	0	0	0	1	0	0	1	4	0	2	0	2	1	0	3	1	3	0	4	1	0	0	0	3	0	2	0	3	0	0	0	0	1	0
8513	27 Jul 25	09:57:00	1	0	53	0	Ct	0	0	1	4	0	0	0	2	0	7	0	3	2	0	2	0	0	1	3	2	2	0	0	0	0	0	0	1	0	0	0	0	1	0
8514	27 Jul 25	09:58:00	1	0	53	0	Ct	0	0	1	2	0	0	0	3	0	2	0	2	2	1	2	4	1	0	2	0	3	0	0	1	0	0	0	3	0	0	0	0	4	2
8515	27 Jul 25	09:59:00	1	0	53	0	Ct	0	0	1	2	0	4	0	2	0	2	0	3	29	0	1	0	2	1	0	1	2	0	0	2	0	2	0	2	0	0	2	0	2	2
8516	27 Jul 25	10:00:00	1	0	53	0	Ct	0	0	1	0	0	1	0	1	0	1	0	4	15	0	2	4	6	2	0	2	2	3	0	1	0	1	1	1	0	0	4	0	3	0
8517	27 Jul 25	10:01:00	1	0	53	0	Ct	0	0	0	2	0	4	0	0	0	1	0	3	3	0	3	3	3	1	4	1	3	1	0	2	0	2	0	2	0	0	1	0	3	2
8518	27 Jul 25	10:02:00	1	0	53	0	Ct	0	0	0	1	0	0	0	1	0	2	0	3	0	0	2	2	0	1	4	0	2	3	0	1	0	0	1	2	0	0	11	0	4	1
8519	27 Jul 25	10:03:00	1	0	53	0	Ct	0	0	0	2	0	1	0	1	0	1	0	4	2	0	1	1	1	0	3	1	2	2	0	0	0	2	0	1	0	0	5	0	1	1
8520	27 Jul 25	10:04:00	1	0	53	0	Ct	0	0	0	0	0	3	0	0	2	1	0	3	1	0	0	6	2	2	2	2	1	3	0	1	0	3	0	4	0	0	0	0	2	0
8521	27 Jul 25	10:05:00	1	0	53	0	Ct	0	1	1	2	3	6	1	2	2	0	0	3	2	1	2	2	2	1	2	2	1	2	1	0	0	2	3	2	0	0	1	0	2	0
8522	27 Jul 25	10:06:00	1	0	53	0	Ct	0	1	0	3	0	0	0	0	0	0	0	3	0	0	0	0	0	0	0	0	0	0	4	0	0	1	0	1	0	0	0	0	0	1
8523	27 Jul 25	10:07:00	1	0	53	0	Ct	0	1	0	1	0	0	0	0	0	1	0	0	0	0	0	0	0	0	0	0	0	1	2	0	0	0	0	0	0	0	0	0	0	1
8524	27 Jul 25	10:08:00	1	0	53	0	Ct	0	1	0	0	0	0	0	0	0	1	0	0	0	0	0	0	0	0	0	0	0	1	0	0	0	0	0	0	0	0	0	0	0	0
8525	27 Jul 25	10:09:00	1	0	53	0	Ct	0	1	0	0	0	0	0	0	0	0	0	0	0	0	0	0	0	0	0	0	0	0	0	0	0	0	3	0	0	0	0	0	0	0
8526	27 Jul 25	10:10:00	1	0	53	0	Ct	0	1	0	1	0	0	0	0	0	0	0	1	0	0	0	0	0	0	0	0	0	1	2	0	0	0	1	0	0	0	0	0	0	0
8527	27 Jul 25	10:11:00	1	0	53	0	Ct	0	1	0	1	0	0	0	0	0	0	0	0	0	0	0	0	0	0	0	0	0	2	0	0	0	0	1	0	0	0	0	0	0	0
8528	27 Jul 25	10:12:00	1	0	53	0	Ct	0	1	0	0	0	0	0	0	0	2	0	0	0	0	0	0	0	0	0	0	0	0	0	0	0	0	0	0	0	0	0	0	0	0
8529	27 Jul 25	10:13:00	1	0	53	0	Ct	0	1	0	3	0	0	0	0	0	2	0	0	0	0	0	0	0	0	0	0	0	1	0	0	0	0	2	0	0	0	0	0	0	0
8530	27 Jul 25	10:14:00	1	0	53	0	Ct	0	1	0	1	0	0	0	0	0	0	0	0	0	0	2	0	0	0	0	0	0	0	0	0	0	0	1	0	0	0	0	0	0	0
8531	27 Jul 25	10:15:00	1	0	53	0	Ct	0	1	0	1	0	0	0	0	0	0	0	0	0	0	2	1	0	0	0	0	0	0	0	0	0	1	2	0	0	0	0	0	0	0
8532	27 Jul 25	10:16:00	1	0	53	0	Ct	0	1	0	1	0	0	0	0	0	0	0	0	0	0	2	0	0	0	0	0	0	0	0	0	0	0	1	0	0	0	0	0	0	0
8533	27 Jul 25	10:17:00	1	0	53	0	Ct	0	1	0	0	0	0	0	0	0	0	0	0	0	0	0	0	0	0	0	0	0	0	0	0	0	0	2	0	0	0	0	0	0	0
8534	27 Jul 25	10:18:00	1	0	53	0	Ct	0	1	4	0	0	0	0	0	0	0	0	0	1	0	0	0	0	0	0	0	0	2	0	0	0	0	1	0	0	0	0	0	0	0
8535	27 Jul 25	10:19:00	1	0	53	0	Ct	0	1	0	2	0	0	0	0	0	0	0	1	0	0	4	0	0	0	0	0	0	0	0	0	0	0	0	0	0	0	0	0	0	0
8536	27 Jul 25	10:20:00	1	0	53	0	Ct	0	1	0	0	0	0	0	0	0	0	0	0	1	0	1	0	0	0	0	0	0	0	0	0	0	0	1	0	0	0	0	0	0	0
8537	27 Jul 25	10:21:00	1	0	53	0	Ct	0	1	0	1	0	1	0	0	0	0	0	1	3	0	1	0	0	0	0	0	0	0	0	0	0	0	0	1	0	0	0	0	0	0
8538	27 Jul 25	10:22:00	1	0	53	0	Ct	0	1	0	1	0	0	0	0	0	0	0	0	1	0	2	0	0	0	1	2	0	0	0	0	0	0	1	0	0	0	0	0	0	0
8539	27 Jul 25	10:23:00	1	0	53	0	Ct	0	1	0	2	0	0	0	0	0	0	0	0	1	0	2	0	0	0	0	0	0	2	0	0	0	0	1	0	0	0	0	0	0	0
8540	27 Jul 25	10:24:00	1	0	53	0	Ct	0	1	0	1	0	0	0	0	0	2	0	0	0	0	2	0	0	0	0	0	0	0	2	0	0	0	0	0	0	0	0	0	0	0
8541	27 Jul 25	10:25:00	1	0	53	0	Ct	0	1	0	1	0	0	0	0	0	0	0	0	0	0	1	0	0	0	0	0	0	2	2	0	0	0	0	0	0	0	0	0	0	0
8542	27 Jul 25	10:26:00	1	0	53	0	Ct	0	1	0	3	0	0	0	0	0	0	0	0	1	0	2	0	0	0	0	0	0	0	0	0	0	0	1	0	0	0	0	0	0	0
8543	27 Jul 25	10:27:00	1	0	53	0	Ct	0	1	0	0	0	1	1	0	0	0	0	0	1	0	3	0	0	0	0	0	0	0	1	0	0	0	0	3	0	0	0	0	0	0
8544	27 Jul 25	10:28:00	1	0	53	0	Ct	0	1	0	3	0	0	1	0	0	2	0	0	0	0	1	0	0	1	0	0	0	0	1	0	0	0	0	0	0	0	0	0	0	0
8545	27 Jul 25	10:29:00	1	0	53	0	Ct	0	1	0	1	0	0	0	0	0	0	0	0	0	0	2	2	0	0	0	0	0	1	0	0	0	0	0	0	0	0	0	0	0	0
8546	27 Jul 25	10:30:00	1	0	53	0	Ct	0	1	0	3	0	0	0	0	0	0	0	0	2	0	2	0	0	0	0	0	0	2	2	0	0	0	0	0	0	0	0	0	0	1
8547	27 Jul 25	10:31:00	1	0	53	0	Ct	0	1	0	2	0	0	0	0	0	0	0	0	0	0	0	2	0	0	0	0	0	1	0	0	0	0	0	0	0	0	0	0	0	0
8548	27 Jul 25	10:32:00	1	0	53	0	Ct	0	1	0	1	0	0	0	0	0	0	0	0	1	0	2	1	0	0	0	0	0	0	0	0	0	0	0	0	0	0	0	0	0	0
8549	27 Jul 25	10:33:00	1	0	53	0	Ct	0	1	0	1	0	0	0	0	0	0	0	0	1	0	2	0	0	0	0	0	0	0	1	0	0	0	0	0	0	0	0	0	0	0
8550	27 Jul 25	10:34:00	1	0	53	0	Ct	0	1	0	2	0	1	0	0	0	2	0	0	0	0	0	0	0	0	0	0	0	1	2	0	0	0	0	0	0	0	0	0	0	0
8551	27 Jul 25	10:35:00	1	0	53	0	Ct	0	1	0	2	0	0	0	0	0	1	0	1	0	0	2	0	0	0	0	0	0	0	0	0	0	0	0	0	0	0	0	0	0	0
8552	27 Jul 25	10:36:00	1	0	53	0	Ct	0	1	0	1	0	0	0	0	0	0	0	0	0	0	3	0	0	0	0	0	0	1	0	0	0	0	0	0	0	0	0	0	0	1
8553	27 Jul 25	10:37:00	1	0	53	0	Ct	0	1	0	1	0	0	0	0	0	0	0	0	0	0	2	0	0	0	0	0	0	0	0	0	0	0	0	0	0	0	0	0	0	1
8554	27 Jul 25	10:38:00	1	0	53	0	Ct	0	1	0	2	0	0	0	0	0	0	0	0	0	0	2	0	0	0	0	0	0	0	2	0	0	0	0	0	0	0	0	0	0	1
8555	27 Jul 25	10:39:00	1	0	53	0	Ct	0	1	0	3	0	0	0	0	0	2	0	1	0	0	0	0	0	0	0	0	0	0	0	0	0	0	0	0	0	0	0	0	0	2
8556	27 Jul 25	10:40:00	1	0	53	0	Ct	0	1	0	2	0	0	0	0	0	0	0	2	0	0	1	0	0	0	0	0	0	0	1	0	0	0	0	0	0	0	0	0	0	1
8557	27 Jul 25	10:41:00	1	0	53	0	Ct	0	1	0	2	0	0	0	0	0	2	0	0	0	0	1	2	0	0	0	1	0	0	1	0	0	0	0	0	0	0	0	0	0	2
8558	27 Jul 25	10:42:00	1	0	53	0	Ct	0	1	0	2	0	0	0	0	0	0	0	0	1	0	0	0	0	0	0	0	0	0	2	0	0	0	0	0	0	0	0	0	0	0
8559	27 Jul 25	10:43:00	1	0	53	0	Ct	0	1	0	1	0	0	0	0	0	0	0	0	1	0	0	0	0	0	0	0	0	0	1	0	0	0	0	0	0	0	0	0	0	1
8560	27 Jul 25	10:44:00	1	0	53	0	Ct	0	1	0	2	0	0	0	0	0	0	0	0	0	0	2	0	0	0	0	0	0	0	0	0	0	0	0	0	0	0	0	0	0	3
8561	27 Jul 25	10:45:00	1	0	53	0	Ct	0	1	0	2	0	0	0	0	0	0	0	0	0	0	0	1	0	0	0	1	0	0	1	0	0	0	0	0	0	0	0	0	0	4
8562	27 Jul 25	10:46:00	1	0	53	0	Ct	0	1	0	1	0	0	0	0	0	0	0	2	0	0	1	1	0	0	0	0	0	0	0	0	0	0	0	0	0	0	0	0	0	2
8563	27 Jul 25	10:47:00	1	0	53	0	Ct	0	1	0	1	0	0	0	0	0	1	0	0	0	0	2	1	0	0	0	1	0	0	0	0	0	0	0	0	0	0	0	0	0	2
8564	27 Jul 25	10:48:00	1	0	53	0	Ct	0	1	0	0	0	0	0	0	0	1	0	0	0	0	1	0	0	0	0	0	0	0	0	0	0	0	0	0	0	0	0	0	0	1
8565	27 Jul 25	10:49:00	1	0	53	0	Ct	0	1	0	1	0	0	0	0	0	0	0	2	0	0	1	1	0	0	0	0	0	0	0	0	0	0	0	0	0	0	0	0	0	1
8566	27 Jul 25	10:50:00	1	0	53	0	Ct	0	1	0	1	0	0	0	0	0	0	0	1	0	0	2	1	0	0	0	0	0	0	0	0	0	0	0	0	0	0	0	0	0	0
8567	27 Jul 25	10:51:00	1	0	53	0	Ct	0	1	0	0	0	0	0	0	0	0	0	0	0	0	1	0	0	0	0	0	0	0	1	0	0	0	0	0	0	0	0	0	0	1
8568	27 Jul 25	10:52:00	1	0	53	0	Ct	0	1	0	0	0	0	0	0	0	0	0	0	0	0	0	0	0	0	0	0	0	0	1	0	0	0	0	0	0	0	0	0	0	1
8569	27 Jul 25	10:53:00	1	0	53	0	Ct	0	1	0	1	0	0	0	0	0	0	0	0	0	0	1	0	0	0	0	0	0	0	0	0	0	0	0	0	0	0	0	0	0	0
8570	27 Jul 25	10:54:00	1	0	53	0	Ct	0	1	0	0	0	0	0	0	0	1	0	0	0	1	2	0	0	0	0	2	0	0	1	0	0	0	0	0	0	0	0	0	0	0
8571	27 Jul 25	10:55:00	1	0	53	0	Ct	0	1	0	0	0	0	0	0	0	2	0	0	0	0	1	0	0	0	0	0	0	0	0	0	0	0	0	0	0	0	0	0	0	1
8572	27 Jul 25	10:56:00	1	0	53	0	Ct	0	1	0	1	0	0	0	0	0	1	0	0	0	0	1	0	0	0	0	1	0	0	1	0	0	0	0	0	0	0	0	0	0	0
8573	27 Jul 25	10:57:00	1	0	53	0	Ct	0	1	0	1	0	1	0	0	0	1	0	0	0	0	1	0	0	0	0	1	0	0	0	0	0	0	0	0	0	0	0	0	0	1
8574	27 Jul 25	10:58:00	1	0	53	0	Ct	0	1	0	0	0	0	0	0	0	1	0	0	0	0	1	0	0	0	0	2	0	0	0	0	0	0	0	0	0	0	0	0	0	0
8575	27 Jul 25	10:59:00	1	0	53	0	Ct	0	1	0	1	0	1	0	0	0	1	0	0	0	0	1	0	0	1	0	1	0	0	0	0	0	0	0	0	0	0	0	0	0	2
8576	27 Jul 25	11:00:00	1	0	53	0	Ct	0	1	0	0	0	0	0	0	0	0	0	0	0	0	2	2	0	0	0	1	0	0	0	0	0	0	0	0	0	0	0	0	0	0
8577	27 Jul 25	11:01:00	1	0	53	0	Ct	0	1	0	0	0	0	0	0	0	0	0	0	0	0	3	0	0	1	0	2	0	0	0	0	0	0	0	0	0	0	0	0	0	2
8578	27 Jul 25	11:02:00	1	0	53	0	Ct	0	1	0	0	0	1	0	0	0	2	0	0	0	0	0	0	0	1	0	0	0	0	0	0	0	0	0	0	0	0	0	0	0	2
8579	27 Jul 25	11:03:00	1	0	53	0	Ct	0	1	0	0	0	1	0	0	0	1	0	0	0	0	1	1	0	0	0	0	0	0	0	0	0	0	0	0	0	0	0	0	0	0
8580	27 Jul 25	11:04:00	1	0	53	0	Ct	0	1	0	0	0	2	0	0	0	0	0	0	0	0	2	0	0	0	0	0	0	0	0	0	0	0	0	0	0	0	0	0	0	1
8581	27 Jul 25	11:05:00	1	0	53	0	Ct	0	1	0	0	0	1	0	0	0	1	0	0	0	0	1	0	0	3	0	0	0	0	0	0	0	0	0	0	0	0	0	0	0	0
8582	27 Jul 25	11:06:00	1	0	53	0	Ct	0	1	0	0	0	3	0	0	0	3	0	0	0	0	1	0	0	1	0	1	0	0	0	0	0	0	0	0	0	0	0	0	0	0
8583	27 Jul 25	11:07:00	1	0	53	0	Ct	0	1	0	0	0	0	0	0	0	1	0	0	0	0	0	0	0	1	0	0	0	0	0	0	0	0	0	0	0	0	0	0	0	0
8584	27 Jul 25	11:08:00	1	0	53	0	Ct	0	1	0	0	0	0	0	0	0	0	0	0	0	4	0	0	0	0	0	1	0	0	0	0	0	0	0	0	0	0	0	0	0	0
8585	27 Jul 25	11:09:00	1	0	53	0	Ct	0	1	0	0	0	2	0	0	0	1	0	1	1	0	0	0	0	1	0	2	0	0	0	0	0	0	0	0	0	0	0	0	0	1
8586	27 Jul 25	11:10:00	1	0	53	0	Ct	0	1	0	0	0	1	0	0	0	1	0	0	0	0	1	0	0	1	0	1	0	0	0	0	0	0	0	0	0	0	0	0	0	1
8587	27 Jul 25	11:11:00	1	0	53	0	Ct	0	1	0	1	0	1	0	0	0	2	0	0	1	4	0	0	0	0	0	0	0	0	0	0	0	0	0	0	0	0	0	0	0	0
8588	27 Jul 25	11:12:00	1	0	53	0	Ct	0	1	0	0	0	3	0	0	0	0	0	0	0	0	1	0	0	0	0	0	0	0	0	0	0	0	0	0	0	0	0	0	0	1
8589	27 Jul 25	11:13:00	1	0	53	0	Ct	0	1	0	1	0	2	0	0	0	2	0	0	1	0	1	0	0	0	0	1	0	0	0	0	0	0	0	0	0	0	0	0	0	1
8590	27 Jul 25	11:14:00	1	0	53	0	Ct	0	1	0	2	0	2	0	0	0	0	0	0	0	6	1	0	0	0	0	1	0	0	0	0	0	0	0	0	0	0	0	0	0	1
8591	27 Jul 25	11:15:00	1	0	53	0	Ct	0	1	0	2	1	4	0	0	0	0	0	0	0	0	1	0	0	0	0	1	0	0	0	1	0	0	0	0	0	0	0	0	0	0
8592	27 Jul 25	11:16:00	1	0	53	0	Ct	0	1	0	1	0	2	0	0	0	0	0	0	0	0	0	0	0	0	0	2	0	0	0	0	0	0	0	0	0	0	0	0	0	0
8593	27 Jul 25	11:17:00	1	0	53	0	Ct	0	1	0	1	0	1	0	0	0	0	0	0	0	0	0	0	0	0	0	0	0	0	0	0	0	0	0	0	0	0	0	0	0	0
8594	27 Jul 25	11:18:00	1	0	53	0	Ct	0	1	0	1	0	3	0	0	0	0	0	0	0	0	1	0	0	0	0	1	0	0	0	0	0	0	0	0	0	0	0	0	0	0
8595	27 Jul 25	11:19:00	1	0	53	0	Ct	0	1	0	2	0	0	0	0	0	0	0	0	0	0	1	0	0	2	0	1	0	0	0	0	0	0	0	0	0	0	0	0	0	0
8596	27 Jul 25	11:20:00	1	0	53	0	Ct	0	1	0	0	0	2	0	0	0	0	0	0	0	0	0	0	0	0	0	0	0	0	0	0	0	0	0	0	0	0	0	0	0	0
8597	27 Jul 25	11:21:00	1	0	53	0	Ct	0	1	0	3	0	0	0	0	0	0	0	0	0	0	0	0	0	0	0	1	0	0	0	0	0	0	0	0	0	0	0	0	0	0
8598	27 Jul 25	11:22:00	1	0	53	0	Ct	0	1	0	0	0	1	0	0	0	0	0	2	0	0	1	0	0	0	0	1	0	0	0	0	0	0	0	0	0	0	0	0	0	0
8599	27 Jul 25	11:23:00	1	0	53	0	Ct	0	1	0	1	0	1	0	0	0	0	0	3	0	0	0	2	0	0	0	1	0	0	0	0	0	0	0	0	0	0	0	0	0	0
8600	27 Jul 25	11:24:00	1	0	53	0	Ct	0	1	0	1	0	0	2	0	0	0	0	1	0	0	0	0	0	0	0	0	0	0	0	0	0	0	0	0	0	0	0	0	1	0
8601	27 Jul 25	11:25:00	1	0	53	0	Ct	0	1	0	0	0	3	2	0	0	0	0	0	0	0	0	2	0	0	0	1	0	0	0	0	0	0	0	0	0	0	0	0	0	0
8602	27 Jul 25	11:26:00	1	0	53	0	Ct	0	1	0	0	0	1	1	0	0	0	0	0	0	0	1	1	0	0	0	0	0	0	0	0	0	0	0	0	0	0	0	0	0	0
8603	27 Jul 25	11:27:00	1	0	53	0	Ct	0	1	0	0	0	3	0	0	0	0	0	1	0	0	0	0	0	0	0	0	0	0	0	0	0	0	0	0	0	0	0	0	0	0
8604	27 Jul 25	11:28:00	1	0	53	0	Ct	0	1	0	1	0	9	0	0	0	0	0	0	0	0	0	0	0	0	0	1	0	0	0	0	0	0	0	0	0	0	0	0	0	0
8605	27 Jul 25	11:29:00	1	0	53	0	Ct	0	1	0	1	0	4	0	0	0	0	0	0	0	0	0	0	0	0	0	1	0	0	0	0	0	0	0	0	0	0	0	0	0	0
8606	27 Jul 25	11:30:00	1	0	53	0	Ct	0	1	1	1	0	1	0	0	0	0	0	0	0	0	0	0	0	0	0	1	0	0	0	0	0	0	0	0	0	0	0	0	0	0
8607	27 Jul 25	11:31:00	1	0	53	0	Ct	0	1	0	0	0	0	0	0	0	0	0	0	0	0	0	1	0	0	0	0	0	0	0	0	0	0	0	0	0	0	0	0	0	0
8608	27 Jul 25	11:32:00	1	0	53	0	Ct	0	1	0	0	0	2	0	0	0	0	0	0	0	3	0	0	0	0	0	1	0	0	0	0	0	0	0	0	0	0	0	0	0	0
8609	27 Jul 25	11:33:00	1	0	53	0	Ct	0	1	1	0	0	0	0	0	0	0	0	0	0	4	0	0	0	0	0	1	0	0	0	0	0	0	0	0	0	0	0	0	0	0
8610	27 Jul 25	11:34:00	1	0	53	0	Ct	0	1	0	0	0	1	0	0	0	0	0	2	0	0	0	0	0	0	0	1	0	0	0	0	0	0	0	0	0	0	0	0	0	0
8611	27 Jul 25	11:35:00	1	0	53	0	Ct	0	1	0	2	0	1	0	0	0	0	0	1	0	0	0	0	0	1	0	0	0	0	0	0	0	0	0	0	0	0	0	0	0	0
8612	27 Jul 25	11:36:00	1	0	53	0	Ct	0	1	0	1	0	3	0	0	0	0	0	0	0	0	0	0	1	0	0	0	0	0	0	0	0	0	0	0	0	0	0	0	0	0
8613	27 Jul 25	11:37:00	1	0	53	0	Ct	0	1	0	0	0	1	0	0	0	0	0	0	0	0	0	0	0	0	0	0	0	0	0	0	0	0	0	0	0	0	0	0	0	0
8614	27 Jul 25	11:38:00	1	0	53	0	Ct	0	1	0	1	0	0	0	0	0	0	0	1	0	0	0	0	0	1	0	0	0	0	0	0	0	0	0	0	0	0	0	0	0	0
8615	27 Jul 25	11:39:00	1	0	53	0	Ct	0	1	0	3	0	0	0	0	0	0	0	1	0	0	0	0	0	2	0	0	0	0	0	0	0	0	0	0	0	0	0	0	0	0
8616	27 Jul 25	11:40:00	1	0	53	0	Ct	0	1	7	0	0	0	0	0	0	0	0	0	0	0	0	0	0	1	0	0	0	0	0	0	0	0	0	0	0	0	0	0	0	0
8617	27 Jul 25	11:41:00	1	0	53	0	Ct	0	1	0	1	0	1	0	0	0	0	0	0	0	0	0	0	0	0	0	0	0	0	0	0	0	0	0	0	0	0	0	0	0	0
8618	27 Jul 25	11:42:00	1	0	53	0	Ct	0	1	0	1	0	0	0	0	0	0	0	0	0	0	0	0	0	0	0	0	0	0	0	0	0	0	0	0	0	0	0	0	0	0
8619	27 Jul 25	11:43:00	1	0	53	0	Ct	0	1	0	0	0	1	0	0	0	0	0	0	0	0	0	0	0	0	0	1	0	0	0	0	0	0	0	0	0	0	0	0	0	0
8620	27 Jul 25	11:44:00	1	0	53	0	Ct	0	1	0	1	0	0	0	0	0	0	0	0	0	0	0	0	0	0	0	0	0	0	0	0	0	0	0	0	0	0	0	0	0	0
8621	27 Jul 25	11:45:00	1	0	53	0	Ct	0	1	0	1	0	0	0	0	0	0	0	0	0	0	0	0	0	0	0	0	0	0	0	0	0	0	0	0	0	0	0	0	0	0
8622	27 Jul 25	11:46:00	1	0	53	0	Ct	0	1	0	0	0	0	0	0	0	0	0	0	0	0	0	1	0	0	0	0	0	0	0	0	0	0	0	0	0	0	0	0	0	0
8623	27 Jul 25	11:47:00	1	0	53	0	Ct	0	1	0	0	0	0	0	0	0	0	0	0	0	0	1	0	0	0	0	1	0	0	0	0	0	0	0	0	0	0	0	0	0	0
8624	27 Jul 25	11:48:00	1	0	53	0	Ct	0	1	0	1	0	0	0	0	0	0	0	0	0	0	0	0	0	0	0	0	0	0	0	0	0	0	0	0	0	0	0	0	0	0
8625	27 Jul 25	11:49:00	1	0	53	0	Ct	0	1	0	0	0	0	0	0	0	0	0	0	1	0	0	0	0	0	0	0	0	0	0	0	0	0	0	0	0	0	0	0	0	1
8626	27 Jul 25	11:50:00	1	0	53	0	Ct	0	1	0	1	0	2	0	0	0	0	0	0	0	0	0	0	0	0	0	0	0	0	0	0	0	0	0	0	0	0	0	0	0	0
8627	27 Jul 25	11:51:00	1	0	53	0	Ct	0	1	0	0	0	0	0	0	0	0	0	0	0	0	0	0	0	0	0	0	0	0	0	0	0	0	0	0	0	0	0	0	0	0
8628	27 Jul 25	11:52:00	1	0	53	0	Ct	0	1	0	2	0	0	0	0	0	0	0	0	0	0	0	0	0	0	0	0	0	0	0	0	0	0	0	0	0	0	0	0	0	0
8629	27 Jul 25	11:53:00	1	0	53	0	Ct	0	1	0	2	0	0	0	0	0	0	0	0	0	0	0	0	0	0	0	0	0	0	0	0	0	0	0	0	0	0	0	0	0	0
8630	27 Jul 25	11:54:00	1	0	53	0	Ct	0	1	0	1	0	0	0	0	0	0	0	0	0	0	0	0	0	0	0	0	0	0	0	0	0	0	0	0	0	0	0	0	0	0
8631	27 Jul 25	11:55:00	1	0	53	0	Ct	0	1	0	2	0	0	0	1	0	0	0	2	0	0	0	0	0	0	0	0	0	0	0	0	0	0	0	0	0	0	0	0	0	1
8632	27 Jul 25	11:56:00	1	0	53	0	Ct	0	1	0	0	0	0	0	0	0	0	0	0	0	0	0	0	0	0	0	0	0	0	0	0	0	0	0	0	0	0	0	0	0	0
8633	27 Jul 25	11:57:00	1	0	53	0	Ct	0	1	0	1	0	0	0	0	0	0	0	1	0	0	0	0	0	0	0	0	0	0	0	1	0	0	0	0	0	0	0	0	0	0
8634	27 Jul 25	11:58:00	1	0	53	0	Ct	0	1	0	0	0	0	0	0	0	0	0	0	0	0	0	0	0	0	0	0	0	0	0	0	0	0	0	0	0	0	0	0	0	1
8635	27 Jul 25	11:59:00	1	0	53	0	Ct	0	1	0	1	0	0	0	0	0	0	0	0	0	0	1	0	0	0	0	0	0	0	0	0	0	0	0	0	0	0	0	0	0	0
8636	27 Jul 25	12:00:00	1	0	53	0	Ct	0	1	0	0	0	0	0	0	0	0	0	0	0	0	0	0	0	0	0	1	0	0	0	0	0	0	0	0	0	0	0	0	1	0
8637	27 Jul 25	12:01:00	1	0	53	0	Ct	0	1	0	0	0	0	0	0	0	0	0	0	0	0	1	0	0	0	0	0	0	0	0	0	0	0	0	0	0	0	0	0	0	0
8638	27 Jul 25	12:02:00	1	0	53	0	Ct	0	1	0	0	0	0	0	0	0	0	0	2	0	0	0	0	0	0	0	1	0	0	0	0	0	0	0	0	0	0	0	0	0	0
8639	27 Jul 25	12:03:00	1	0	53	0	Ct	0	1	0	0	0	0	0	0	0	0	0	0	0	0	0	0	2	0	0	0	0	0	0	4	0	0	0	0	0	0	0	0	0	0
8640	27 Jul 25	12:04:00	1	0	53	0	Ct	0	1	0	1	0	0	0	0	1	0	0	0	0	0	0	0	0	0	0	0	0	0	0	0	0	0	0	0	0	0	0	0	0	0
8641	27 Jul 25	12:05:00	1	0	53	0	Ct	0	1	0	3	0	0	0	0	0	0	0	0	0	0	0	0	0	0	0	1	0	0	0	0	0	0	0	0	0	0	0	0	0	0
8642	27 Jul 25	12:06:00	1	0	53	0	Ct	0	1	0	2	0	0	0	0	0	0	0	0	0	0	0	0	0	0	0	0	0	0	0	0	0	0	0	0	0	0	0	0	0	0
8643	27 Jul 25	12:07:00	1	0	53	0	Ct	0	1	0	1	0	0	0	0	0	0	0	0	0	0	0	0	0	0	0	0	0	0	0	0	0	0	0	0	0	0	0	0	0	1
8644	27 Jul 25	12:08:00	1	0	53	0	Ct	0	1	0	2	0	0	0	0	0	0	0	0	0	0	0	0	0	0	0	0	0	0	0	0	0	0	0	0	0	0	0	0	0	0
8645	27 Jul 25	12:09:00	1	0	53	0	Ct	0	1	0	0	0	0	0	0	0	0	0	0	0	7	0	0	0	1	0	0	0	0	0	0	0	0	0	0	0	0	0	0	0	1
8646	27 Jul 25	12:10:00	1	0	53	0	Ct	0	1	0	0	0	0	0	0	0	0	0	0	2	1	0	0	0	0	0	0	0	0	0	0	0	0	0	0	0	0	0	0	0	0
8647	27 Jul 25	12:11:00	1	0	53	0	Ct	0	1	0	2	0	0	0	0	0	1	0	0	0	0	0	0	0	0	0	0	0	0	0	0	0	0	0	0	0	0	0	0	0	0
8648	27 Jul 25	12:12:00	1	0	53	0	Ct	0	1	0	0	0	0	0	0	0	0	0	0	0	0	0	0	0	0	0	0	0	0	0	0	0	0	0	0	0	0	0	0	0	1
8649	27 Jul 25	12:13:00	1	0	53	0	Ct	0	1	0	0	0	0	0	0	0	0	0	0	0	0	0	0	0	0	0	0	0	0	0	0	0	0	0	0	0	0	0	0	0	1
8650	27 Jul 25	12:14:00	1	0	53	0	Ct	0	1	0	1	0	0	0	0	0	0	0	0	0	0	0	0	0	0	0	0	0	0	0	0	0	0	0	0	0	0	0	0	0	0
8651	27 Jul 25	12:15:00	1	0	53	0	Ct	0	1	0	2	0	0	0	0	0	0	0	0	0	0	0	0	0	0	0	0	0	0	0	0	0	0	0	0	0	0	0	0	0	0
8652	27 Jul 25	12:16:00	1	0	53	0	Ct	0	1	0	1	0	0	0	0	0	0	0	0	0	0	0	0	0	0	0	0	0	0	0	0	0	0	0	0	0	0	0	0	0	2
8653	27 Jul 25	12:17:00	1	0	53	0	Ct	0	1	0	0	0	0	0	0	0	0	0	2	0	0	0	0	0	0	0	0	0	0	0	0	0	0	0	0	0	0	0	0	0	1
8654	27 Jul 25	12:18:00	1	0	53	0	Ct	0	1	0	1	0	0	0	0	0	0	0	0	0	0	0	0	0	0	0	0	0	0	0	0	0	0	0	0	0	0	0	0	0	0
8655	27 Jul 25	12:19:00	1	0	53	0	Ct	0	1	0	1	0	0	0	0	0	0	0	0	0	0	0	0	0	0	0	0	0	0	0	0	0	0	0	0	0	0	0	0	0	0
8656	27 Jul 25	12:20:00	1	0	53	0	Ct	0	1	0	0	0	0	0	0	0	0	0	0	0	0	0	0	0	0	0	0	0	0	0	0	0	0	0	0	0	0	0	0	0	0
8657	27 Jul 25	12:21:00	1	0	53	0	Ct	0	1	0	1	0	0	0	0	0	0	0	0	0	0	0	0	0	1	0	0	0	0	0	0	0	0	0	0	0	0	0	0	0	0
8658	27 Jul 25	12:22:00	1	0	53	0	Ct	0	1	0	0	0	0	0	0	0	0	0	0	0	0	0	0	0	2	0	0	0	0	0	0	0	0	0	0	0	0	0	0	0	0
8659	27 Jul 25	12:23:00	1	0	53	0	Ct	0	1	0	0	0	0	0	0	0	0	0	0	0	0	0	0	0	0	0	0	0	0	0	0	0	0	0	0	0	0	0	0	0	1
8660	27 Jul 25	12:24:00	1	0	53	0	Ct	0	1	0	0	0	0	0	0	0	0	0	2	0	0	0	0	0	0	0	0	0	0	0	0	0	0	0	0	0	0	0	0	0	0
8661	27 Jul 25	12:25:00	1	0	53	0	Ct	0	1	0	2	0	0	0	0	0	0	0	0	0	0	0	0	0	0	0	0	0	0	0	0	0	0	0	0	0	0	0	0	0	0
8662	27 Jul 25	12:26:00	1	0	53	0	Ct	0	1	0	0	0	0	0	0	0	0	0	0	0	0	0	0	0	0	0	0	0	0	0	0	0	0	0	0	0	0	0	0	0	0
8663	27 Jul 25	12:27:00	1	0	53	0	Ct	0	1	0	0	0	0	0	0	0	0	0	0	0	0	0	0	0	0	0	0	0	0	0	0	0	0	0	0	0	0	0	0	0	0
8664	27 Jul 25	12:28:00	1	0	53	0	Ct	0	1	0	0	0	1	0	0	0	0	0	0	0	0	0	0	0	0	0	0	0	0	1	5	0	0	0	0	0	0	0	0	0	1
8665	27 Jul 25	12:29:00	1	0	53	0	Ct	0	1	0	0	0	1	0	0	0	0	0	2	0	0	0	0	0	0	0	1	1	0	0	0	0	0	0	0	0	0	0	0	0	0
8666	27 Jul 25	12:30:00	1	0	53	0	Ct	0	1	0	2	0	0	0	0	0	0	0	0	0	0	0	0	0	0	0	0	0	0	0	0	0	0	0	0	0	0	0	0	0	0
8667	27 Jul 25	12:31:00	1	0	53	0	Ct	0	1	0	1	0	1	0	0	0	0	0	0	0	0	0	0	0	2	0	0	0	0	0	0	0	0	0	0	0	0	0	0	0	0
8668	27 Jul 25	12:32:00	1	0	53	0	Ct	0	1	0	0	0	1	0	0	0	0	0	0	0	0	0	0	0	0	0	0	0	0	0	0	0	0	0	0	0	0	0	0	0	0
8669	27 Jul 25	12:33:00	1	0	53	0	Ct	0	1	0	0	0	0	0	0	0	0	0	0	0	0	0	0	0	2	0	0	0	0	0	0	0	0	0	0	0	0	0	0	0	0
8670	27 Jul 25	12:34:00	1	0	53	0	Ct	0	1	0	0	0	0	0	0	0	0	0	0	0	0	0	0	0	0	0	0	0	0	0	0	0	0	0	0	0	0	0	0	0	0
8671	27 Jul 25	12:35:00	1	0	53	0	Ct	0	1	0	1	0	0	0	0	0	0	0	0	0	0	0	0	0	0	0	0	0	0	0	0	0	0	0	0	0	0	0	0	0	0
8672	27 Jul 25	12:36:00	1	0	53	0	Ct	0	1	0	0	0	0	0	0	0	0	0	0	0	0	0	0	0	0	0	0	0	0	0	0	0	0	0	0	0	0	0	0	0	0
8673	27 Jul 25	12:37:00	1	0	53	0	Ct	0	1	0	2	0	0	0	0	0	0	0	0	0	0	0	0	0	0	0	0	0	0	0	0	0	0	0	0	0	0	0	0	0	0
8674	27 Jul 25	12:38:00	1	0	53	0	Ct	0	1	0	0	0	0	0	0	0	0	0	0	0	0	0	0	0	0	0	0	0	0	0	0	0	0	0	0	0	0	0	0	0	0
8675	27 Jul 25	12:39:00	1	0	53	0	Ct	0	1	0	0	0	0	0	0	0	0	0	0	0	0	0	0	0	0	0	0	0	0	0	0	0	0	0	0	0	0	0	0	0	0
8676	27 Jul 25	12:40:00	1	0	53	0	Ct	0	1	0	0	0	0	0	0	0	0	0	0	0	0	0	0	0	0	0	0	0	0	0	0	0	0	0	0	0	0	0	0	0	0
8677	27 Jul 25	12:41:00	1	0	53	0	Ct	0	1	0	0	0	0	0	0	0	0	0	0	0	0	0	0	0	0	0	0	0	0	0	0	0	0	0	0	0	0	0	0	0	0
8678	27 Jul 25	12:42:00	1	0	53	0	Ct	0	1	0	0	0	1	0	0	0	0	0	0	0	0	0	0	0	0	0	0	0	0	0	0	0	0	0	0	0	0	0	0	0	0
8679	27 Jul 25	12:43:00	1	0	53	0	Ct	0	1	0	0	0	0	0	0	0	0	0	0	0	0	0	0	0	0	0	0	0	0	0	0	0	0	0	0	0	0	0	0	0	0
8680	27 Jul 25	12:44:00	1	0	53	0	Ct	0	1	0	0	0	0	0	0	0	0	0	0	0	0	0	0	0	0	0	0	0	0	0	0	0	0	0	0	0	0	0	0	0	0
8681	27 Jul 25	12:45:00	1	0	53	0	Ct	0	1	0	0	0	0	0	0	0	0	0	0	0	0	0	0	0	0	0	0	0	0	0	0	0	0	0	0	0	0	0	0	0	0
8682	27 Jul 25	12:46:00	1	0	53	0	Ct	0	1	0	0	0	0	0	0	0	0	0	0	0	0	0	0	0	0	0	0	0	0	0	0	0	0	0	0	0	0	0	0	0	0
8683	27 Jul 25	12:47:00	1	0	53	0	Ct	0	1	0	0	0	0	0	0	0	0	0	0	0	0	0	0	0	0	0	0	0	0	0	0	0	0	0	0	0	0	0	0	0	0
8684	27 Jul 25	12:48:00	1	0	53	0	Ct	0	1	0	1	0	0	0	0	0	0	0	0	0	0	0	0	0	0	0	0	0	0	0	0	0	0	0	0	0	0	0	0	0	1
8685	27 Jul 25	12:49:00	1	0	53	0	Ct	0	1	0	1	0	0	0	0	0	0	0	0	0	0	0	0	0	0	0	1	0	0	0	0	0	0	0	0	0	0	0	0	0	0
8686	27 Jul 25	12:50:00	1	0	53	0	Ct	0	1	0	0	0	0	0	0	0	0	0	1	0	0	0	0	0	0	0	0	0	0	0	0	0	0	0	0	0	0	0	0	0	0
8687	27 Jul 25	12:51:00	1	0	53	0	Ct	0	1	0	0	0	0	0	0	0	0	0	0	0	0	0	0	0	0	0	0	0	0	0	0	0	0	0	0	0	0	0	0	0	0
8688	27 Jul 25	12:52:00	1	0	53	0	Ct	0	1	0	0	0	0	0	0	0	0	0	0	0	0	0	0	0	0	0	0	0	0	0	0	0	0	0	0	0	0	0	0	0	0
8689	27 Jul 25	12:53:00	1	0	53	0	Ct	0	1	0	0	0	0	0	0	0	0	0	0	0	0	0	0	0	0	0	0	0	0	0	0	0	0	0	0	0	0	0	0	0	0
8690	27 Jul 25	12:54:00	1	0	53	0	Ct	0	1	0	0	0	0	0	0	0	0	0	0	0	0	0	0	0	1	0	0	0	0	0	0	0	0	0	0	0	0	0	0	0	0
8691	27 Jul 25	12:55:00	1	0	53	0	Ct	0	1	0	0	0	0	0	0	0	0	0	0	0	0	0	0	0	1	0	0	0	0	0	0	0	0	0	0	0	0	0	0	0	0
8692	27 Jul 25	12:56:00	1	0	53	0	Ct	0	1	0	0	0	0	0	0	0	0	0	0	0	0	0	0	0	0	0	0	0	0	0	0	0	0	0	0	0	0	0	0	0	0
8693	27 Jul 25	12:57:00	1	0	53	0	Ct	0	1	0	0	0	0	0	0	0	1	0	0	0	0	0	0	0	0	0	0	0	0	1	0	0	0	0	0	0	0	0	0	0	0
8694	27 Jul 25	12:58:00	1	0	53	0	Ct	0	1	0	1	0	0	0	0	0	0	0	1	0	0	0	0	0	0	0	0	0	0	0	0	0	0	0	0	0	0	0	0	0	0
8695	27 Jul 25	12:59:00	1	0	53	0	Ct	0	1	0	0	0	0	0	0	0	1	0	0	1	0	0	0	0	2	0	0	0	0	0	0	0	0	0	0	0	0	0	0	0	0
8696	27 Jul 25	13:00:00	1	0	53	0	Ct	0	1	0	0	0	0	0	0	0	1	0	1	0	0	0	0	0	0	0	0	0	0	0	0	0	0	0	0	0	0	0	0	0	1
8697	27 Jul 25	13:01:00	1	0	53	0	Ct	0	1	0	0	0	0	0	0	0	1	0	7	0	0	0	0	0	0	0	0	0	0	0	0	0	0	0	0	0	0	0	0	0	0
8698	27 Jul 25	13:02:00	1	0	53	0	Ct	0	1	0	2	0	0	0	0	0	0	0	0	0	0	0	0	0	0	0	0	0	0	0	0	0	0	0	0	0	0	0	0	0	0
8699	27 Jul 25	13:03:00	1	0	53	0	Ct	0	1	0	1	0	0	0	0	0	0	0	0	0	0	0	0	0	0	0	0	0	0	0	0	0	0	0	0	0	0	0	0	0	0
8700	27 Jul 25	13:04:00	1	0	53	0	Ct	0	1	0	0	0	0	0	0	0	1	0	0	0	0	0	0	0	0	0	0	0	0	0	0	0	0	0	0	0	0	0	0	0	0
8701	27 Jul 25	13:05:00	1	0	53	0	Ct	0	1	0	0	0	0	0	0	0	1	0	0	0	0	0	0	0	1	0	0	0	0	0	0	0	0	0	0	0	0	0	0	0	0
8702	27 Jul 25	13:06:00	1	0	53	0	Ct	0	1	0	0	0	0	0	0	0	3	0	0	0	0	0	0	0	0	0	0	0	0	0	0	0	0	0	0	0	0	0	0	0	0
8703	27 Jul 25	13:07:00	1	0	53	0	Ct	0	1	0	0	0	0	0	0	0	1	0	0	0	0	0	0	0	0	0	0	0	0	0	0	0	0	0	0	0	0	0	0	0	0
8704	27 Jul 25	13:08:00	1	0	53	0	Ct	0	1	0	0	0	0	0	0	0	1	0	0	0	0	0	0	0	0	0	0	0	0	0	0	0	0	0	0	0	0	0	0	0	0
8705	27 Jul 25	13:09:00	1	0	53	0	Ct	0	1	0	1	0	0	0	0	0	0	0	0	0	0	0	0	0	1	0	0	0	0	0	0	0	0	0	0	0	0	0	0	0	0
8706	27 Jul 25	13:10:00	1	0	53	0	Ct	0	1	0	1	0	0	0	0	0	1	0	0	0	0	0	0	0	0	0	0	0	0	0	0	0	0	0	0	0	0	0	0	0	0
8707	27 Jul 25	13:11:00	1	0	53	0	Ct	0	1	0	0	0	0	0	0	0	1	0	0	0	0	0	0	0	0	0	0	0	0	0	0	0	0	0	0	0	0	0	0	0	0
8708	27 Jul 25	13:12:00	1	0	53	0	Ct	0	1	0	0	0	0	0	0	0	0	0	0	0	0	0	0	0	0	0	0	0	0	0	0	0	1	0	0	0	0	0	0	0	0
8709	27 Jul 25	13:13:00	1	0	53	0	Ct	0	1	0	0	0	0	0	0	0	1	0	0	0	0	0	0	0	0	0	0	0	0	0	0	0	0	0	0	0	0	0	0	0	0
8710	27 Jul 25	13:14:00	1	0	53	0	Ct	0	1	0	0	0	0	0	0	0	0	0	0	0	0	0	0	0	0	0	0	0	0	0	0	0	0	0	0	0	0	0	0	0	0
8711	27 Jul 25	13:15:00	1	0	53	0	Ct	0	1	0	0	0	0	0	0	0	1	0	0	0	0	0	0	0	0	0	0	0	0	0	0	0	0	0	0	0	0	0	0	0	0
8712	27 Jul 25	13:16:00	1	0	53	0	Ct	0	1	0	0	0	0	0	0	0	0	0	3	0	0	0	0	0	0	0	0	0	0	0	0	0	0	0	0	0	0	0	0	0	0
8713	27 Jul 25	13:17:00	1	0	53	0	Ct	0	1	0	0	0	0	0	0	0	0	0	1	0	0	2	0	0	0	0	0	0	0	0	0	0	0	0	0	0	0	0	0	0	0
8714	27 Jul 25	13:18:00	1	0	53	0	Ct	0	1	0	0	0	0	0	0	0	0	0	0	0	0	0	0	0	0	0	0	0	0	0	0	0	0	0	0	0	0	0	0	0	0
8715	27 Jul 25	13:19:00	1	0	53	0	Ct	0	1	0	0	0	0	0	0	0	0	0	0	0	0	0	0	0	0	0	0	0	0	0	0	0	0	0	0	0	0	0	0	0	0
8716	27 Jul 25	13:20:00	1	0	53	0	Ct	0	1	0	1	0	0	0	0	0	0	0	0	0	0	0	0	0	0	0	0	0	0	0	0	0	0	0	0	0	0	0	0	0	0
8717	27 Jul 25	13:21:00	1	0	53	0	Ct	0	1	0	0	0	0	0	0	0	0	0	0	0	0	0	0	0	0	0	0	0	0	0	0	0	0	0	0	0	0	0	0	0	0
8718	27 Jul 25	13:22:00	1	0	53	0	Ct	0	1	0	0	0	0	0	0	0	0	0	0	0	0	0	0	0	0	0	0	0	0	0	0	0	0	0	0	0	0	0	0	0	0
8719	27 Jul 25	13:23:00	1	0	53	0	Ct	0	1	0	0	0	0	0	0	0	0	0	0	0	0	0	0	0	0	0	0	0	0	0	0	0	0	0	0	0	0	0	0	0	0
8720	27 Jul 25	13:24:00	1	0	53	0	Ct	0	1	0	0	0	0	0	0	0	0	0	0	0	0	1	0	0	0	0	0	0	0	0	0	0	0	0	0	0	0	0	0	0	0
8721	27 Jul 25	13:25:00	1	0	53	0	Ct	0	1	0	1	0	0	0	0	0	0	0	0	0	0	0	0	0	0	0	0	0	0	0	0	0	0	0	0	0	0	0	0	0	0
8722	27 Jul 25	13:26:00	1	0	53	0	Ct	0	1	0	0	0	0	0	0	0	0	0	0	0	0	0	0	0	0	0	0	0	0	0	0	0	0	0	0	0	0	0	0	0	0
8723	27 Jul 25	13:27:00	1	0	53	0	Ct	0	1	0	0	0	0	0	0	0	0	0	1	0	0	0	0	0	0	0	0	0	0	0	0	0	0	0	0	0	0	0	0	0	0
8724	27 Jul 25	13:28:00	1	0	53	0	Ct	0	1	0	0	0	0	0	0	0	0	0	1	0	0	0	0	0	0	0	0	0	0	0	0	0	0	0	0	0	0	0	0	0	0
8725	27 Jul 25	13:29:00	1	0	53	0	Ct	0	1	0	0	0	0	0	0	0	0	0	0	0	0	0	0	0	0	0	0	0	0	0	0	0	0	0	0	0	0	0	0	0	0
8726	27 Jul 25	13:30:00	1	0	53	0	Ct	0	1	0	0	0	0	0	0	0	0	0	0	0	0	0	0	0	0	0	0	0	0	0	0	0	0	0	0	0	0	0	0	0	0
8727	27 Jul 25	13:31:00	1	0	53	0	Ct	0	1	0	0	0	0	0	0	0	0	0	0	0	0	0	0	0	0	0	0	0	0	0	0	0	0	0	0	0	0	0	0	0	0
8728	27 Jul 25	13:32:00	1	0	53	0	Ct	0	1	0	0	0	0	0	0	0	0	0	0	0	0	0	0	0	0	0	0	0	0	0	0	0	0	0	0	0	0	0	0	0	0
8729	27 Jul 25	13:33:00	1	0	53	0	Ct	0	1	0	0	0	0	0	0	0	0	0	0	0	0	0	0	0	0	0	0	0	0	0	0	0	0	0	0	0	0	0	0	0	0
8730	27 Jul 25	13:34:00	1	0	53	0	Ct	0	1	0	0	0	0	0	0	0	0	0	0	0	0	0	0	0	0	0	0	0	0	0	0	0	0	0	0	0	0	0	0	0	0
8731	27 Jul 25	13:35:00	1	0	53	0	Ct	0	1	0	0	0	0	0	0	0	0	0	1	0	0	0	0	0	0	0	0	0	0	0	0	0	0	0	0	0	0	0	0	0	0
8732	27 Jul 25	13:36:00	1	0	53	0	Ct	0	1	0	0	0	0	0	0	0	0	0	0	0	0	0	0	0	0	0	0	0	0	0	0	0	0	0	0	0	0	0	0	0	0
8733	27 Jul 25	13:37:00	1	0	53	0	Ct	0	1	0	0	0	0	0	0	0	0	0	0	0	0	0	0	0	0	0	0	0	0	0	0	0	0	0	0	0	0	0	0	0	0
8734	27 Jul 25	13:38:00	1	0	53	0	Ct	0	1	0	0	0	0	0	0	0	0	0	4	0	0	0	0	0	0	0	0	0	0	0	0	0	0	0	0	0	0	0	0	0	0
8735	27 Jul 25	13:39:00	1	0	53	0	Ct	0	1	0	0	0	0	0	0	0	0	0	5	0	0	0	0	0	0	0	0	0	0	0	0	0	0	0	0	0	0	0	0	0	0
8736	27 Jul 25	13:40:00	1	0	53	0	Ct	0	1	0	0	0	0	0	0	0	0	0	0	0	0	0	0	0	0	0	0	0	0	0	0	0	0	0	0	0	0	0	0	0	0
8737	27 Jul 25	13:41:00	1	0	53	0	Ct	0	1	0	0	0	0	0	0	0	0	0	0	0	0	0	0	0	0	0	0	0	0	0	0	0	0	0	0	0	0	0	0	0	0
8738	27 Jul 25	13:42:00	1	0	53	0	Ct	0	1	0	0	0	0	0	0	0	0	0	1	0	0	0	0	0	0	0	0	0	0	0	0	0	0	0	0	0	0	0	0	0	0
8739	27 Jul 25	13:43:00	1	0	53	0	Ct	0	1	0	0	0	0	0	0	0	0	0	0	0	0	0	0	0	0	0	0	0	0	0	0	0	0	0	0	0	0	0	0	0	0
8740	27 Jul 25	13:44:00	1	0	53	0	Ct	0	1	0	1	0	0	0	0	0	0	0	0	0	0	0	0	0	0	0	0	0	0	0	0	0	0	0	0	0	0	0	0	0	0
8741	27 Jul 25	13:45:00	1	0	53	0	Ct	0	1	0	0	0	0	0	0	0	0	0	0	0	0	0	0	0	1	0	0	0	0	0	0	0	0	0	0	0	0	0	0	0	0
8742	27 Jul 25	13:46:00	1	0	53	0	Ct	0	1	0	0	0	0	0	0	0	0	0	0	0	0	0	0	0	1	0	0	0	0	0	0	0	0	0	0	0	0	0	0	0	0
8743	27 Jul 25	13:47:00	1	0	53	0	Ct	0	1	0	0	0	0	0	0	0	0	0	0	0	0	0	0	0	0	0	0	0	0	0	0	0	0	0	0	0	0	0	0	0	0
8744	27 Jul 25	13:48:00	1	0	53	0	Ct	0	1	0	0	0	0	0	0	0	0	0	0	0	0	0	0	0	0	0	0	0	0	0	0	0	0	0	0	0	0	0	0	0	0
8745	27 Jul 25	13:49:00	1	0	53	0	Ct	0	1	0	0	0	0	0	0	0	0	0	0	0	0	0	0	0	1	0	0	0	0	0	0	0	0	0	0	0	0	0	0	0	0
8746	27 Jul 25	13:50:00	1	0	53	0	Ct	0	1	0	0	0	0	0	0	0	0	0	0	0	0	0	0	0	0	0	0	0	0	0	0	0	0	0	0	0	0	0	0	0	0
8747	27 Jul 25	13:51:00	1	0	53	0	Ct	0	1	0	0	0	0	0	0	0	0	0	0	0	0	0	0	0	0	0	0	0	0	0	0	0	0	0	0	0	0	0	0	0	0
8748	27 Jul 25	13:52:00	1	0	53	0	Ct	0	1	0	0	0	0	0	0	0	0	0	0	0	0	0	0	0	2	0	0	0	0	0	0	0	0	0	0	0	0	0	0	0	0
8749	27 Jul 25	13:53:00	1	0	53	0	Ct	0	1	0	0	0	0	0	0	0	0	0	0	0	0	0	0	0	0	0	0	0	0	0	0	0	0	0	0	0	0	0	0	0	0
8750	27 Jul 25	13:54:00	1	0	53	0	Ct	0	1	0	0	0	0	0	0	0	0	0	0	0	0	0	0	0	0	0	0	0	0	0	0	0	0	0	0	0	0	0	0	0	0
8751	27 Jul 25	13:55:00	1	0	53	0	Ct	0	1	0	0	0	0	0	0	0	0	0	0	0	0	0	0	0	0	0	0	0	0	0	0	0	0	0	0	0	0	0	0	0	0
8752	27 Jul 25	13:56:00	1	0	53	0	Ct	0	1	0	0	0	0	0	0	0	0	0	0	0	0	0	0	0	0	0	0	0	0	0	0	0	0	0	0	0	0	0	0	0	0
8753	27 Jul 25	13:57:00	1	0	53	0	Ct	0	1	0	0	0	0	0	0	0	0	0	0	0	0	0	0	0	0	0	0	0	0	0	0	0	0	0	0	0	0	0	0	0	0
8754	27 Jul 25	13:58:00	1	0	53	0	Ct	0	1	0	0	0	0	0	0	0	0	0	0	0	0	0	0	0	0	0	0	0	0	0	0	0	0	0	0	0	0	0	0	0	0
8755	27 Jul 25	13:59:00	1	0	53	0	Ct	0	1	0	0	0	0	0	0	0	0	0	0	0	0	0	0	0	1	0	0	0	0	0	0	0	0	0	0	0	0	0	0	0	0
8756	27 Jul 25	14:00:00	1	0	53	0	Ct	0	1	0	0	0	0	0	0	0	0	0	0	0	0	0	0	0	0	0	0	1	0	0	0	0	0	0	0	0	0	0	0	0	0
8757	27 Jul 25	14:01:00	1	0	53	0	Ct	0	1	0	0	0	0	0	0	0	0	0	0	0	0	0	0	0	0	0	0	5	0	0	0	0	0	0	0	0	0	0	0	0	0
8758	27 Jul 25	14:02:00	1	0	53	0	Ct	0	1	0	0	0	0	0	0	0	0	0	0	0	0	1	0	0	0	0	0	0	0	0	0	0	0	0	0	0	0	0	0	0	0
8759	27 Jul 25	14:03:00	1	0	53	0	Ct	0	1	0	1	0	0	0	0	0	0	0	0	0	0	0	0	0	0	0	0	0	0	0	0	0	0	0	0	0	0	0	0	0	0
8760	27 Jul 25	14:04:00	1	0	53	0	Ct	0	1	0	0	0	0	0	0	0	0	0	0	0	0	0	0	0	0	0	0	0	0	0	0	0	0	0	0	0	0	0	0	0	0
8761	27 Jul 25	14:05:00	1	0	53	0	Ct	0	1	0	0	0	0	0	0	0	0	0	0	0	0	0	0	0	0	0	0	0	0	0	0	0	0	0	0	0	0	1	0	0	0
8762	27 Jul 25	14:06:00	1	0	53	0	Ct	0	1	0	0	0	0	0	0	0	0	0	0	0	0	0	0	0	0	0	0	0	0	0	0	0	0	0	0	0	0	0	0	0	0
8763	27 Jul 25	14:07:00	1	0	53	0	Ct	0	1	0	0	0	0	0	0	0	0	0	0	0	0	0	0	0	0	0	0	0	0	0	0	0	0	0	0	0	0	0	0	0	0
8764	27 Jul 25	14:08:00	1	0	53	0	Ct	0	1	0	0	0	0	0	0	0	0	0	0	0	0	0	0	0	0	0	0	0	0	0	0	0	0	0	0	0	0	0	0	0	0
8765	27 Jul 25	14:09:00	1	0	53	0	Ct	0	1	0	0	0	0	0	0	0	0	0	0	0	0	0	0	0	0	0	0	0	0	0	0	0	0	0	0	0	0	0	0	0	0
8766	27 Jul 25	14:10:00	1	0	53	0	Ct	0	1	0	0	0	0	0	0	0	0	0	0	0	0	0	0	0	0	0	0	0	0	0	0	0	0	0	0	0	0	1	0	0	0
8767	27 Jul 25	14:11:00	1	0	53	0	Ct	0	1	0	0	0	0	0	0	0	0	0	0	0	0	0	0	0	0	0	0	0	0	0	0	0	0	0	0	0	0	0	0	0	0
8768	27 Jul 25	14:12:00	1	0	53	0	Ct	0	1	0	0	0	0	0	0	0	0	0	0	0	0	0	0	0	0	0	0	0	0	0	0	0	0	0	0	0	0	0	0	0	0
8769	27 Jul 25	14:13:00	1	0	53	0	Ct	0	1	0	0	0	0	0	0	0	0	0	0	0	0	0	0	0	0	0	0	0	0	0	0	0	0	0	0	0	0	0	0	0	0
8770	27 Jul 25	14:14:00	1	0	53	0	Ct	0	1	0	0	0	0	0	0	0	0	0	0	0	0	0	0	0	0	0	0	0	0	0	0	0	0	0	0	0	0	0	0	0	0
8771	27 Jul 25	14:15:00	1	0	53	0	Ct	0	1	0	0	0	0	0	0	0	0	0	0	0	0	0	0	0	0	0	0	0	0	0	0	0	0	0	0	0	0	0	0	0	0
8772	27 Jul 25	14:16:00	1	0	53	0	Ct	0	1	0	0	0	0	0	0	0	0	0	0	0	0	0	0	0	0	0	0	0	0	0	0	0	0	0	0	0	0	0	0	0	0
8773	27 Jul 25	14:17:00	1	0	53	0	Ct	0	1	1	0	0	0	0	0	0	0	0	0	0	0	0	0	0	0	0	0	0	0	0	0	0	0	0	0	0	0	0	0	0	0
8774	27 Jul 25	14:18:00	1	0	53	0	Ct	0	1	1	0	0	0	0	0	0	0	0	0	0	0	0	0	0	0	0	0	0	0	0	0	0	0	0	0	0	0	0	0	0	0
8775	27 Jul 25	14:19:00	1	0	53	0	Ct	0	1	0	0	0	0	0	0	0	0	0	0	0	0	0	0	0	0	0	0	0	0	0	0	0	0	0	0	0	0	0	0	0	0
8776	27 Jul 25	14:20:00	1	0	53	0	Ct	0	1	0	0	0	0	0	0	0	0	0	0	0	0	0	0	0	0	0	0	0	0	0	0	0	0	0	0	0	0	0	0	0	0
8777	27 Jul 25	14:21:00	1	0	53	0	Ct	0	1	0	0	0	0	0	0	0	0	0	0	0	0	0	0	0	0	0	0	0	0	0	0	0	0	0	0	0	0	0	0	0	0
8778	27 Jul 25	14:22:00	1	0	53	0	Ct	0	1	0	0	0	0	0	0	0	0	0	0	0	0	0	0	0	0	0	0	0	0	0	0	0	0	0	0	0	0	0	0	0	0
8779	27 Jul 25	14:23:00	1	0	53	0	Ct	0	1	4	0	1	0	0	0	0	0	0	0	0	0	0	0	0	0	0	0	0	0	0	0	0	0	0	0	0	0	0	0	0	0
8780	27 Jul 25	14:24:00	1	0	53	0	Ct	0	1	4	0	0	0	0	0	0	0	0	0	0	0	0	0	0	0	0	0	0	0	0	0	0	0	0	0	0	0	0	0	0	0
8781	27 Jul 25	14:25:00	1	0	53	0	Ct	0	1	0	1	0	0	0	0	0	0	0	0	0	0	0	0	0	0	0	0	0	0	0	0	0	0	0	0	0	0	0	0	0	0
8782	27 Jul 25	14:26:00	1	0	53	0	Ct	0	1	0	4	0	0	0	0	0	0	0	0	0	0	0	0	0	0	0	0	0	0	0	0	0	0	0	0	0	0	0	0	0	0
8783	27 Jul 25	14:27:00	1	0	53	0	Ct	0	1	0	0	0	0	0	0	0	0	0	0	0	0	0	0	0	0	0	0	0	0	0	0	0	0	0	0	0	0	0	0	0	0
8784	27 Jul 25	14:28:00	1	0	53	0	Ct	0	1	0	0	0	0	0	0	0	0	0	0	1	0	0	0	0	0	0	0	0	0	0	0	0	0	0	0	0	0	0	0	0	0
8785	27 Jul 25	14:29:00	1	0	53	0	Ct	0	1	0	0	0	0	0	0	0	0	0	1	0	0	0	0	0	0	0	0	0	0	0	0	0	0	0	0	0	0	0	0	0	0
8786	27 Jul 25	14:30:00	1	0	53	0	Ct	0	1	0	0	0	0	0	0	0	0	0	4	0	0	0	0	0	0	0	0	0	0	0	0	0	0	0	0	0	0	0	0	0	0
8787	27 Jul 25	14:31:00	1	0	53	0	Ct	0	1	0	2	0	0	0	0	0	0	0	0	0	0	0	0	0	0	0	0	0	0	0	0	0	0	0	0	0	0	0	0	0	0
8788	27 Jul 25	14:32:00	1	0	53	0	Ct	0	1	1	0	0	0	0	0	0	0	0	0	0	0	0	0	0	0	0	0	0	0	0	0	0	0	0	0	0	0	0	0	0	0
8789	27 Jul 25	14:33:00	1	0	53	0	Ct	0	1	0	1	0	0	0	0	0	0	0	0	0	0	0	0	0	0	0	0	0	0	0	0	0	0	0	0	0	0	0	0	0	0
8790	27 Jul 25	14:34:00	1	0	53	0	Ct	0	1	0	1	0	0	0	0	0	0	0	0	0	0	0	0	0	0	0	0	0	0	0	0	0	0	0	0	0	0	0	0	0	0
8791	27 Jul 25	14:35:00	1	0	53	0	Ct	0	1	0	0	0	0	0	0	0	0	0	0	0	8	0	0	0	0	0	0	0	0	0	0	0	0	0	0	0	0	0	0	0	0
8792	27 Jul 25	14:36:00	1	0	53	0	Ct	0	1	0	0	0	0	0	0	0	0	0	0	0	0	0	0	0	0	0	0	0	0	0	0	0	0	0	0	0	0	0	0	0	0
8793	27 Jul 25	14:37:00	1	0	53	0	Ct	0	1	3	0	0	0	0	0	0	0	0	0	0	0	0	0	0	0	0	0	0	0	0	0	0	0	0	0	0	0	0	0	0	0
8794	27 Jul 25	14:38:00	1	0	53	0	Ct	0	1	1	0	0	0	0	0	0	0	0	0	0	0	0	0	0	0	0	0	0	0	0	0	0	0	0	0	0	0	0	0	0	0
8795	27 Jul 25	14:39:00	1	0	53	0	Ct	0	1	0	2	0	0	0	0	0	0	0	0	0	0	0	0	0	0	0	0	0	0	0	0	0	0	0	0	0	0	0	0	0	0
8796	27 Jul 25	14:40:00	1	0	53	0	Ct	0	1	0	2	0	0	0	0	0	0	0	0	0	0	0	0	0	0	0	0	0	0	0	0	0	0	0	0	0	0	0	0	0	0
8797	27 Jul 25	14:41:00	1	0	53	0	Ct	0	1	0	0	0	0	0	0	0	0	0	0	0	0	0	0	0	0	0	0	0	0	0	0	0	0	0	0	0	0	0	0	0	0
8798	27 Jul 25	14:42:00	1	0	53	0	Ct	0	1	0	0	0	0	0	0	0	0	0	0	0	0	0	0	0	0	0	0	0	0	0	0	0	0	0	0	0	0	0	0	0	0
8799	27 Jul 25	14:43:00	1	0	53	0	Ct	0	1	0	1	0	0	0	0	0	0	0	0	0	0	0	0	0	0	0	0	0	0	0	0	0	0	0	0	0	0	0	0	0	0
8800	27 Jul 25	14:44:00	1	0	53	0	Ct	0	1	0	2	0	0	0	0	0	0	0	0	0	0	0	0	0	0	0	0	0	0	0	0	0	0	0	0	0	0	0	0	0	0
8801	27 Jul 25	14:45:00	1	0	53	0	Ct	0	1	0	0	0	0	0	0	0	0	0	0	0	0	0	0	0	0	0	0	0	0	0	0	0	0	0	0	0	0	0	0	0	0
8802	27 Jul 25	14:46:00	1	0	53	0	Ct	0	1	0	0	0	0	0	0	0	0	0	0	0	0	0	0	0	0	0	0	0	0	0	0	0	0	0	0	0	0	0	0	0	0
8803	27 Jul 25	14:47:00	1	0	53	0	Ct	0	1	0	0	0	0	0	0	0	0	0	0	0	0	0	0	0	0	0	0	0	0	0	0	0	0	0	0	0	0	0	0	0	0
8804	27 Jul 25	14:48:00	1	0	53	0	Ct	0	1	0	2	0	0	0	0	0	0	0	0	0	0	0	0	0	0	0	0	0	0	0	0	0	0	0	0	0	0	0	0	0	0
8805	27 Jul 25	14:49:00	1	0	53	0	Ct	0	1	0	0	0	0	0	0	0	0	0	0	0	0	0	0	0	0	0	0	0	0	0	0	0	0	0	0	0	0	0	0	0	0
8806	27 Jul 25	14:50:00	1	0	53	0	Ct	0	1	0	0	0	0	0	0	0	0	0	0	0	0	0	0	0	0	0	0	0	0	0	3	0	0	0	0	0	0	0	0	0	0
8807	27 Jul 25	14:51:00	1	0	53	0	Ct	0	1	0	0	0	0	0	0	0	0	0	0	0	0	0	0	0	0	0	0	0	0	0	0	0	0	0	0	0	0	0	0	0	0
8808	27 Jul 25	14:52:00	1	0	53	0	Ct	0	1	0	0	0	0	0	0	0	0	0	0	0	0	0	0	0	0	0	0	0	0	0	0	0	0	0	0	0	0	0	0	0	0
8809	27 Jul 25	14:53:00	1	0	53	0	Ct	0	1	0	0	0	0	0	0	0	0	0	0	0	0	0	0	0	0	0	0	0	0	0	0	0	0	0	0	0	0	0	0	0	0
8810	27 Jul 25	14:54:00	1	0	53	0	Ct	0	1	0	0	0	0	0	0	0	0	0	0	0	0	0	0	0	0	0	0	0	0	0	0	0	0	0	0	0	0	0	0	0	0
8811	27 Jul 25	14:55:00	1	0	53	0	Ct	0	1	0	0	0	0	0	0	0	0	0	0	0	0	0	0	0	0	0	0	0	0	0	0	0	0	0	0	0	0	0	0	0	0
8812	27 Jul 25	14:56:00	1	0	53	0	Ct	0	1	0	0	0	0	0	0	0	0	0	0	0	0	0	0	0	0	0	0	0	0	0	0	0	0	0	0	0	0	0	0	0	0
8813	27 Jul 25	14:57:00	1	0	53	0	Ct	0	1	0	0	0	0	0	0	0	0	0	0	0	0	0	0	0	0	0	0	0	0	0	0	0	0	0	0	0	0	0	0	0	0
8814	27 Jul 25	14:58:00	1	0	53	0	Ct	0	1	0	0	0	0	0	0	0	0	0	0	0	0	0	0	0	0	0	0	0	0	0	0	0	0	0	0	0	0	0	0	0	0
8815	27 Jul 25	14:59:00	1	0	53	0	Ct	0	1	0	0	0	0	0	0	0	0	0	0	0	0	0	0	0	0	0	0	0	0	0	0	0	0	0	0	0	0	0	0	0	0
8816	27 Jul 25	15:00:00	1	0	53	0	Ct	0	1	0	0	0	0	0	0	0	0	0	0	0	0	0	0	0	0	0	0	0	0	0	0	0	0	0	0	0	0	0	0	0	0
8817	27 Jul 25	15:01:00	1	0	53	0	Ct	0	1	0	0	0	0	0	0	0	0	0	0	0	0	0	0	0	0	0	0	0	0	0	0	0	0	0	0	0	0	0	0	0	0
8818	27 Jul 25	15:02:00	1	0	53	0	Ct	0	1	4	0	0	0	0	0	0	0	0	0	0	0	0	0	0	0	0	0	0	0	0	0	0	0	0	0	0	0	0	0	0	0
8819	27 Jul 25	15:03:00	1	0	53	0	Ct	0	1	0	0	0	0	0	0	0	0	0	0	0	0	0	0	0	0	0	0	0	0	0	0	0	0	0	0	0	0	0	0	0	0
8820	27 Jul 25	15:04:00	1	0	53	0	Ct	0	1	0	0	0	0	0	0	0	0	0	0	0	0	11	0	0	0	0	0	0	0	0	0	0	0	0	0	0	0	0	0	0	0
8821	27 Jul 25	15:05:00	1	0	53	0	Ct	0	1	0	0	0	0	0	0	0	0	0	1	0	0	33	0	0	0	0	0	0	0	0	0	0	0	0	0	0	0	0	0	0	0
8822	27 Jul 25	15:06:00	1	0	53	0	Ct	0	1	0	0	0	0	0	0	0	0	0	0	0	0	17	0	0	0	0	0	0	0	0	0	0	0	0	0	0	0	0	0	0	0
8823	27 Jul 25	15:07:00	1	0	53	0	Ct	0	1	0	2	0	0	0	0	0	0	0	0	0	0	1	0	0	0	0	0	0	0	0	0	0	0	0	0	0	0	0	0	0	0
8824	27 Jul 25	15:08:00	1	0	53	0	Ct	0	1	0	0	0	0	0	0	0	0	0	1	0	0	0	0	0	0	0	0	0	0	0	0	0	0	0	0	0	0	0	0	0	0
8825	27 Jul 25	15:09:00	1	0	53	0	Ct	0	1	0	0	0	0	0	0	0	0	0	0	0	0	0	0	0	0	0	0	0	0	0	0	0	0	0	0	0	0	0	0	0	0
8826	27 Jul 25	15:10:00	1	0	53	0	Ct	0	1	0	0	0	0	0	0	0	0	0	0	0	0	0	0	0	0	0	0	0	0	0	0	0	0	0	0	0	0	0	0	0	0
8827	27 Jul 25	15:11:00	1	0	53	0	Ct	0	1	0	0	0	0	0	0	0	0	0	0	2	0	0	0	0	0	0	0	0	0	0	0	0	0	0	0	0	0	0	0	0	0
8828	27 Jul 25	15:12:00	1	0	53	0	Ct	0	1	0	0	0	0	0	0	0	0	0	0	1	0	5	0	0	0	0	0	0	0	0	0	0	0	0	0	0	0	0	0	0	0
8829	27 Jul 25	15:13:00	1	0	53	0	Ct	0	1	0	0	0	0	0	0	0	0	0	0	0	0	0	0	0	0	0	0	0	0	0	0	0	0	0	0	0	0	0	0	0	0
8830	27 Jul 25	15:14:00	1	0	53	0	Ct	0	1	0	0	0	0	0	0	0	0	0	0	0	0	0	0	0	0	0	0	0	1	0	0	0	0	0	0	0	0	0	0	0	0
8831	27 Jul 25	15:15:00	1	0	53	0	Ct	0	1	0	1	0	0	0	0	0	0	0	0	0	0	0	1	0	0	0	0	0	0	0	0	0	0	0	0	0	0	0	0	0	0
8832	27 Jul 25	15:16:00	1	0	53	0	Ct	0	1	0	0	0	0	0	0	0	0	0	0	0	0	0	0	0	0	0	0	0	0	0	0	0	0	0	0	0	0	0	0	0	0
8833	27 Jul 25	15:17:00	1	0	53	0	Ct	0	1	0	2	0	0	0	0	0	0	0	0	0	0	0	0	0	0	0	0	0	1	0	0	0	0	0	0	0	0	0	0	0	0
8834	27 Jul 25	15:18:00	1	0	53	0	Ct	0	1	0	0	0	0	0	0	0	0	0	0	0	0	0	0	0	0	0	0	0	0	0	0	0	0	0	0	0	0	0	0	0	0
8835	27 Jul 25	15:19:00	1	0	53	0	Ct	0	1	0	0	0	0	0	0	0	0	0	1	0	0	1	0	0	0	0	0	0	0	0	0	0	0	0	0	0	0	0	0	0	0
8836	27 Jul 25	15:20:00	1	0	53	0	Ct	0	1	0	0	0	0	0	0	0	0	0	1	0	0	0	0	0	0	0	0	0	1	0	0	0	0	0	0	0	0	0	0	0	0
8837	27 Jul 25	15:21:00	1	0	53	0	Ct	0	1	0	0	0	0	0	0	0	0	0	0	0	0	0	1	0	0	0	0	0	1	0	0	0	0	0	0	0	0	0	0	0	0
8838	27 Jul 25	15:22:00	1	0	53	0	Ct	0	1	0	0	0	0	0	0	0	0	0	0	0	0	1	0	0	0	0	0	0	2	0	0	0	0	0	0	0	0	0	0	0	0
8839	27 Jul 25	15:23:00	1	0	53	0	Ct	0	1	0	2	0	0	0	0	0	0	0	1	0	0	0	0	0	0	0	0	0	1	0	0	0	0	0	0	0	0	0	0	0	0
8840	27 Jul 25	15:24:00	1	0	53	0	Ct	0	1	0	1	0	0	0	0	0	0	0	0	0	0	1	0	0	0	0	0	0	2	0	0	0	0	0	0	0	0	0	0	0	0
8841	27 Jul 25	15:25:00	1	0	53	0	Ct	0	1	0	2	0	0	0	0	0	0	0	0	0	0	0	0	0	0	0	0	0	1	0	0	0	0	0	0	0	0	0	0	0	0
8842	27 Jul 25	15:26:00	1	0	53	0	Ct	0	1	0	0	0	0	0	0	0	0	0	0	0	0	1	0	0	0	0	0	0	2	0	0	0	0	0	0	0	0	0	0	0	0
8843	27 Jul 25	15:27:00	1	0	53	0	Ct	0	1	0	1	0	0	0	0	0	0	0	0	1	0	0	0	0	0	0	0	0	0	0	0	0	0	0	0	0	0	0	0	0	0
8844	27 Jul 25	15:28:00	1	0	53	0	Ct	0	1	0	1	0	0	0	0	0	0	0	1	1	0	1	1	0	0	0	0	0	0	0	0	0	0	0	0	0	0	0	0	0	0
8845	27 Jul 25	15:29:00	1	0	53	0	Ct	0	1	0	1	0	0	0	0	0	0	0	0	0	0	0	0	0	0	0	0	0	0	0	0	0	0	0	0	0	0	0	0	0	0
8846	27 Jul 25	15:30:00	1	0	53	0	Ct	0	1	0	0	0	0	0	0	0	0	0	0	0	0	0	0	0	0	0	0	0	0	0	0	0	0	0	0	0	0	0	0	0	0
8847	27 Jul 25	15:31:00	1	0	53	0	Ct	0	1	0	1	0	0	0	0	0	0	0	0	0	0	0	0	0	0	0	0	0	0	0	0	0	0	0	0	0	0	0	0	0	0
8848	27 Jul 25	15:32:00	1	0	53	0	Ct	0	1	0	0	0	0	0	0	0	0	0	0	0	0	1	0	0	0	0	0	0	0	0	0	0	0	0	0	0	0	0	0	0	0
8849	27 Jul 25	15:33:00	1	0	53	0	Ct	0	1	0	1	0	0	0	0	0	0	0	0	0	0	0	0	0	0	0	0	0	0	0	0	0	0	0	0	0	0	0	0	0	0
8850	27 Jul 25	15:34:00	1	0	53	0	Ct	0	1	0	1	0	0	0	0	0	0	0	0	0	0	1	1	0	0	0	0	0	0	0	0	0	0	0	0	0	0	0	0	0	0
8851	27 Jul 25	15:35:00	1	0	53	0	Ct	0	1	0	0	0	0	0	0	0	0	0	0	0	0	0	0	0	0	0	0	0	0	0	0	0	0	0	0	0	0	0	0	0	0
8852	27 Jul 25	15:36:00	1	0	53	0	Ct	0	1	0	0	0	0	0	0	0	0	0	0	0	0	1	0	0	0	0	0	0	0	0	0	0	0	0	0	0	0	0	0	0	0
8853	27 Jul 25	15:37:00	1	0	53	0	Ct	0	1	0	1	0	0	0	0	0	0	0	0	0	0	1	0	0	0	0	0	0	0	0	0	0	3	0	0	0	0	0	0	0	0
8854	27 Jul 25	15:38:00	1	0	53	0	Ct	0	1	0	1	0	0	0	0	0	0	0	0	0	0	1	0	0	0	0	0	0	0	0	0	0	0	0	0	0	0	0	0	0	0
8855	27 Jul 25	15:39:00	1	0	53	0	Ct	0	1	0	1	0	0	0	0	0	0	0	0	0	0	0	0	0	0	0	0	0	0	0	0	0	0	0	0	0	0	0	0	0	0
8856	27 Jul 25	15:40:00	1	0	53	0	Ct	0	1	0	0	0	0	0	0	0	0	0	0	2	0	2	1	0	0	0	0	0	0	0	0	0	0	0	0	0	0	0	0	0	0
8857	27 Jul 25	15:41:00	1	0	53	0	Ct	0	1	0	0	0	0	0	0	0	0	0	0	0	0	0	0	0	0	0	0	0	0	0	0	0	0	0	0	0	0	0	0	0	0
8858	27 Jul 25	15:42:00	1	0	53	0	Ct	0	1	0	1	0	0	0	0	0	0	0	0	2	0	1	0	0	0	0	0	0	0	0	0	0	0	0	0	0	0	0	0	0	0
8859	27 Jul 25	15:43:00	1	0	53	0	Ct	0	1	0	1	0	0	0	0	0	0	0	11	0	0	0	0	0	0	0	0	0	0	0	0	0	0	0	0	0	0	0	0	0	0
8860	27 Jul 25	15:44:00	1	0	53	0	Ct	0	1	0	1	0	0	0	0	0	0	0	0	0	0	0	0	0	0	0	0	0	0	0	0	0	0	0	0	0	0	0	0	0	0
8861	27 Jul 25	15:45:00	1	0	53	0	Ct	0	1	0	2	0	0	0	0	0	0	0	0	0	0	0	0	0	0	0	0	0	0	0	0	0	0	0	0	0	0	0	0	0	0
8862	27 Jul 25	15:46:00	1	0	53	0	Ct	0	1	0	2	0	0	0	0	0	0	0	0	0	0	0	0	1	0	0	0	0	0	0	0	0	0	0	0	0	0	0	0	0	0
8863	27 Jul 25	15:47:00	1	0	53	0	Ct	0	1	0	1	0	0	0	0	0	0	0	1	0	0	0	0	0	0	0	0	0	0	0	0	0	0	0	0	0	0	0	0	1	0
8864	27 Jul 25	15:48:00	1	0	53	0	Ct	0	1	0	0	0	0	0	0	0	0	0	1	0	0	0	0	0	0	0	0	0	0	0	0	0	0	0	0	0	0	0	0	1	0
8865	27 Jul 25	15:49:00	1	0	53	0	Ct	0	1	0	2	0	0	0	0	0	0	0	0	0	0	0	0	0	0	0	0	0	0	0	0	0	0	0	0	0	0	0	0	0	0
8866	27 Jul 25	15:50:00	1	0	53	0	Ct	0	1	0	0	0	0	0	0	0	0	0	0	0	0	0	0	0	0	0	0	0	0	0	0	0	0	0	0	0	0	0	0	0	0
8867	27 Jul 25	15:51:00	1	0	53	0	Ct	0	1	0	0	0	0	0	0	0	0	0	0	0	0	0	0	0	0	0	0	0	0	0	0	0	0	0	0	0	0	0	0	0	0
8868	27 Jul 25	15:52:00	1	0	53	0	Ct	0	1	0	0	0	0	0	0	0	0	0	2	0	0	1	0	0	0	0	0	0	0	0	0	0	0	0	0	0	0	0	0	0	0
8869	27 Jul 25	15:53:00	1	0	53	0	Ct	0	1	0	0	0	0	0	0	0	0	0	0	0	0	0	1	0	0	0	0	0	0	0	0	0	0	0	0	0	0	0	0	0	0
8870	27 Jul 25	15:54:00	1	0	53	0	Ct	0	1	0	0	0	0	0	0	0	0	0	1	0	0	0	1	0	0	0	0	0	0	0	0	0	0	0	0	0	0	0	0	0	0
8871	27 Jul 25	15:55:00	1	0	53	0	Ct	0	1	0	1	0	0	0	0	0	0	0	0	0	0	0	0	0	0	0	0	0	0	0	0	0	0	0	0	0	0	0	0	0	0
8872	27 Jul 25	15:56:00	1	0	53	0	Ct	0	1	0	1	0	0	0	0	0	0	0	0	0	0	0	2	0	0	0	0	0	0	0	0	0	0	0	0	0	0	0	0	0	0
8873	27 Jul 25	15:57:00	1	0	53	0	Ct	0	1	0	0	0	0	0	0	0	1	0	0	0	0	0	0	0	0	0	0	0	0	0	0	0	0	0	0	0	0	0	0	0	0
8874	27 Jul 25	15:58:00	1	0	53	0	Ct	0	1	0	0	0	0	0	0	0	2	0	0	0	0	0	1	0	0	0	0	0	0	0	0	0	0	0	0	0	0	0	0	0	0
8875	27 Jul 25	15:59:00	1	0	53	0	Ct	0	1	0	0	0	0	0	0	0	0	0	0	0	0	0	1	0	0	0	0	0	0	0	0	0	0	0	0	0	0	0	0	0	0
8876	27 Jul 25	16:00:00	1	0	53	0	Ct	0	1	0	0	0	0	0	0	0	0	0	1	0	0	0	1	0	0	0	0	0	0	0	0	0	0	0	0	0	0	0	0	0	0
8877	27 Jul 25	16:01:00	1	0	53	0	Ct	0	1	0	2	0	0	0	0	0	1	0	0	0	0	0	1	0	0	0	0	0	0	0	0	0	0	0	0	0	0	0	0	0	0
8878	27 Jul 25	16:02:00	1	0	53	0	Ct	0	1	0	0	0	0	0	0	0	1	0	0	0	0	0	1	0	0	0	0	0	0	0	0	0	0	0	0	0	0	0	0	0	0
8879	27 Jul 25	16:03:00	1	0	53	0	Ct	0	1	0	0	0	0	0	0	0	2	0	0	0	0	0	1	0	0	0	0	0	0	0	0	0	0	0	0	0	0	0	0	0	0
8880	27 Jul 25	16:04:00	1	0	53	0	Ct	0	1	0	1	0	0	0	0	0	1	0	0	0	0	0	0	0	0	0	0	0	0	0	0	0	0	0	0	0	0	0	0	0	0
8881	27 Jul 25	16:05:00	1	0	53	0	Ct	0	1	0	0	0	0	0	0	0	0	0	0	0	0	0	2	0	0	0	0	0	0	0	0	0	0	0	0	0	0	0	0	0	0
8882	27 Jul 25	16:06:00	1	0	53	0	Ct	0	1	0	0	0	0	0	0	0	1	0	0	0	0	0	0	0	0	0	0	0	0	0	0	0	0	0	0	0	0	0	0	0	0
8883	27 Jul 25	16:07:00	1	0	53	0	Ct	0	1	0	0	0	0	0	0	0	3	0	0	0	0	0	1	0	0	0	0	0	0	0	0	0	0	0	0	0	0	0	0	0	0
8884	27 Jul 25	16:08:00	1	0	53	0	Ct	0	1	0	0	0	0	0	0	0	1	0	0	0	0	0	1	0	0	0	0	0	2	0	0	0	0	0	0	0	0	0	0	0	0
8885	27 Jul 25	16:09:00	1	0	53	0	Ct	0	1	0	0	0	0	0	0	0	3	0	0	0	0	0	3	0	0	0	0	0	0	0	0	0	0	0	0	0	0	0	0	0	0
8886	27 Jul 25	16:10:00	1	0	53	0	Ct	0	1	0	2	0	0	0	0	0	1	0	0	0	0	1	0	0	0	0	0	0	1	0	0	0	0	0	0	0	0	0	0	0	0
8887	27 Jul 25	16:11:00	1	0	53	0	Ct	0	1	0	2	0	0	0	0	0	0	0	0	0	0	0	0	0	0	0	0	0	2	0	0	0	0	0	0	0	0	0	0	0	1
8888	27 Jul 25	16:12:00	1	0	53	0	Ct	0	1	0	2	0	0	0	0	0	0	0	0	0	0	1	0	0	0	0	0	0	1	0	0	0	0	0	0	0	0	0	0	0	0
8889	27 Jul 25	16:13:00	1	0	53	0	Ct	0	1	0	1	0	0	0	0	0	0	0	0	0	0	1	1	0	0	0	0	0	2	0	0	0	0	0	0	0	0	0	0	0	0
8890	27 Jul 25	16:14:00	1	0	53	0	Ct	0	1	0	0	0	0	0	0	0	1	0	1	0	0	1	0	0	0	0	0	0	1	0	0	0	0	0	0	0	0	0	0	0	1
8891	27 Jul 25	16:15:00	1	0	53	0	Ct	0	1	0	0	0	0	0	0	0	0	0	0	0	0	8	1	0	0	0	0	0	0	0	0	0	0	0	0	0	0	0	0	0	1
8892	27 Jul 25	16:16:00	1	0	53	0	Ct	0	1	0	1	0	0	0	0	0	0	0	0	0	0	1	0	0	0	0	0	0	0	0	0	0	0	0	0	0	0	0	0	0	2
8893	27 Jul 25	16:17:00	1	0	53	0	Ct	0	1	0	0	0	0	0	0	0	2	0	0	0	0	1	0	0	0	0	0	0	1	0	0	0	0	0	0	0	0	0	0	0	0
8894	27 Jul 25	16:18:00	1	0	53	0	Ct	0	1	0	0	0	0	0	0	0	0	0	0	0	0	3	1	0	0	0	0	0	0	0	0	0	0	0	0	0	0	0	0	0	0
8895	27 Jul 25	16:19:00	1	0	53	0	Ct	0	1	0	1	0	0	0	0	0	0	0	0	0	0	1	1	0	0	0	0	0	2	0	0	0	0	0	0	0	0	0	0	0	0
8896	27 Jul 25	16:20:00	1	0	53	0	Ct	0	1	0	0	0	0	0	0	0	0	0	0	0	0	2	0	0	0	0	0	0	2	0	0	0	0	0	0	0	0	0	0	0	0
8897	27 Jul 25	16:21:00	1	0	53	0	Ct	0	1	0	1	0	0	0	0	0	0	0	0	0	0	2	1	0	0	0	0	0	0	0	0	0	0	0	0	0	0	0	0	0	1
8898	27 Jul 25	16:22:00	1	0	53	0	Ct	0	1	0	1	0	0	0	0	0	0	0	1	0	0	2	1	0	0	0	0	0	3	0	0	0	0	0	0	0	0	0	0	0	0
8899	27 Jul 25	16:23:00	1	0	53	0	Ct	0	1	0	2	0	0	0	0	0	0	0	0	0	0	3	0	0	0	0	0	0	2	0	0	0	0	0	0	0	0	0	0	0	1
8900	27 Jul 25	16:24:00	1	0	53	0	Ct	0	1	0	0	0	0	0	0	0	0	0	0	0	1	1	1	0	0	0	0	0	1	0	0	0	0	0	0	0	0	0	0	0	0
8901	27 Jul 25	16:25:00	1	0	53	0	Ct	0	1	0	0	0	0	0	0	0	0	0	0	0	0	1	0	0	0	0	0	0	1	0	0	0	0	0	0	0	0	0	0	0	0
8902	27 Jul 25	16:26:00	1	0	53	0	Ct	0	1	0	0	0	0	0	0	0	0	0	0	0	0	2	1	0	0	0	0	0	1	0	0	0	0	0	0	0	0	0	0	0	0
8903	27 Jul 25	16:27:00	1	0	53	0	Ct	0	1	0	2	0	0	0	0	0	0	0	0	0	0	0	0	0	0	0	0	0	0	0	0	0	0	0	0	0	0	0	0	0	0
8904	27 Jul 25	16:28:00	1	0	53	0	Ct	0	1	0	3	0	0	0	0	0	0	0	0	0	0	1	1	0	0	0	0	0	0	0	0	0	0	0	0	0	0	0	0	0	1
8905	27 Jul 25	16:29:00	1	0	53	0	Ct	0	1	0	0	0	0	0	0	0	1	0	0	0	0	1	1	0	0	0	0	0	0	0	0	0	0	0	1	0	0	0	0	1	1
8906	27 Jul 25	16:30:00	1	0	53	0	Ct	0	1	0	1	0	0	0	0	0	1	0	1	0	0	1	0	0	0	0	0	0	0	0	0	0	0	0	0	0	0	0	0	0	0
8907	27 Jul 25	16:31:00	1	0	53	0	Ct	0	1	0	2	0	0	0	0	0	1	0	0	0	0	0	0	0	0	0	0	0	1	0	0	0	0	0	0	0	0	0	0	0	0
8908	27 Jul 25	16:32:00	1	0	53	0	Ct	0	1	0	1	0	0	0	0	0	0	0	0	0	0	1	2	0	0	0	0	0	1	0	0	0	0	0	0	0	0	0	0	0	0
8909	27 Jul 25	16:33:00	1	0	53	0	Ct	0	1	0	1	0	0	0	0	0	0	0	0	0	0	3	0	0	0	0	0	0	1	0	0	0	0	0	0	0	0	0	0	0	0
8910	27 Jul 25	16:34:00	1	0	53	0	Ct	0	1	0	1	0	0	0	0	0	0	0	0	0	0	1	0	0	0	0	0	0	1	0	0	0	0	0	0	0	0	0	0	0	0
8911	27 Jul 25	16:35:00	1	0	53	0	Ct	0	1	0	1	0	0	0	0	0	0	0	1	0	0	1	0	0	0	0	0	0	1	0	0	0	0	0	0	0	0	0	0	0	0
8912	27 Jul 25	16:36:00	1	0	53	0	Ct	0	1	0	0	0	0	0	0	0	0	0	1	0	0	2	0	0	0	0	0	0	1	0	0	0	0	0	0	0	0	0	0	1	0
8913	27 Jul 25	16:37:00	1	0	53	0	Ct	0	1	0	2	0	0	0	0	0	0	0	0	2	0	1	0	0	0	0	0	0	0	0	0	0	0	0	0	0	0	0	0	0	1
8914	27 Jul 25	16:38:00	1	0	53	0	Ct	0	1	0	1	0	0	0	0	0	0	0	0	0	0	0	0	0	0	0	0	0	0	0	0	0	0	0	0	0	0	0	0	0	1
8915	27 Jul 25	16:39:00	1	0	53	0	Ct	0	1	0	0	0	0	0	0	0	0	0	2	0	0	0	0	0	0	0	0	0	0	0	0	0	0	0	0	0	0	0	0	0	0
8916	27 Jul 25	16:40:00	1	0	53	0	Ct	0	1	0	1	0	0	0	0	0	0	0	0	0	0	2	0	0	0	0	0	0	1	0	0	0	0	0	0	0	0	0	0	0	1
8917	27 Jul 25	16:41:00	1	0	53	0	Ct	0	1	0	0	0	0	2	0	0	0	0	0	5	0	1	0	0	0	0	0	0	1	0	0	0	0	0	0	0	0	0	0	0	0
8918	27 Jul 25	16:42:00	1	0	53	0	Ct	0	1	0	1	0	0	0	0	0	0	0	0	0	0	0	2	0	0	0	0	0	0	0	0	0	0	0	0	0	0	0	0	0	0
8919	27 Jul 25	16:43:00	1	0	53	0	Ct	0	1	0	2	1	0	0	0	0	0	0	0	0	0	1	0	0	0	0	0	0	1	0	0	0	0	0	0	0	0	0	0	0	1
8920	27 Jul 25	16:44:00	1	0	53	0	Ct	0	1	0	2	0	0	0	0	0	0	0	0	0	0	0	1	0	0	0	0	0	1	0	0	0	0	0	0	0	0	0	0	0	0
8921	27 Jul 25	16:45:00	1	0	53	0	Ct	0	1	0	1	0	0	0	0	0	2	0	0	0	0	1	1	0	0	0	0	0	0	0	0	0	0	0	1	0	0	0	0	0	0
8922	27 Jul 25	16:46:00	1	0	53	0	Ct	0	1	0	1	0	0	0	0	0	0	0	0	0	0	0	0	0	0	0	0	0	1	0	0	0	0	0	0	0	0	0	0	0	0
8923	27 Jul 25	16:47:00	1	0	53	0	Ct	0	1	0	0	0	0	0	0	0	0	0	0	0	0	0	0	0	1	0	0	0	1	0	0	0	0	0	0	0	0	0	0	0	0
8924	27 Jul 25	16:48:00	1	0	53	0	Ct	0	1	0	1	0	0	0	0	0	2	0	0	0	0	0	2	0	0	0	0	0	0	0	0	0	0	0	0	0	0	0	0	0	0
8925	27 Jul 25	16:49:00	1	0	53	0	Ct	0	1	0	1	0	0	0	0	0	3	0	0	0	0	0	1	0	0	0	0	0	0	0	0	0	0	0	0	0	0	0	0	0	0
8926	27 Jul 25	16:50:00	1	0	53	0	Ct	0	1	0	1	0	0	0	0	0	0	0	0	0	0	0	0	0	0	0	0	0	0	0	0	0	0	0	0	0	0	0	0	0	0
8927	27 Jul 25	16:51:00	1	0	53	0	Ct	0	1	0	0	0	0	0	0	0	0	0	0	0	0	0	0	0	0	0	0	0	0	0	0	0	0	0	0	0	0	0	0	1	0
8928	27 Jul 25	16:52:00	1	0	53	0	Ct	0	1	0	1	0	0	0	0	0	0	0	0	0	0	0	0	0	0	0	0	0	0	0	0	0	0	0	0	0	0	0	0	1	0
8929	27 Jul 25	16:53:00	1	0	53	0	Ct	0	1	0	0	0	0	0	0	0	0	0	1	0	0	1	2	0	0	0	0	0	2	0	0	0	0	0	0	0	0	0	0	0	0
8930	27 Jul 25	16:54:00	1	0	53	0	Ct	0	1	0	0	0	0	0	0	0	1	0	0	0	0	0	0	0	0	0	0	0	2	0	0	0	0	0	0	0	0	0	0	2	0
8931	27 Jul 25	16:55:00	1	0	53	0	Ct	0	1	0	1	0	0	0	0	0	0	0	0	0	0	0	0	0	0	0	0	0	0	0	0	0	0	0	0	0	0	0	0	3	0
8932	27 Jul 25	16:56:00	1	0	53	0	Ct	0	1	0	2	0	1	0	0	0	1	0	0	0	0	1	0	0	1	0	0	0	0	0	0	0	0	0	0	0	0	0	0	2	0
8933	27 Jul 25	16:57:00	1	0	53	0	Ct	0	1	0	0	0	0	0	0	0	1	0	2	0	0	1	2	0	0	0	0	0	0	0	0	0	0	0	0	0	0	0	0	2	0
8934	27 Jul 25	16:58:00	1	0	53	0	Ct	0	1	0	0	0	0	0	0	0	0	0	0	0	0	1	2	0	0	0	0	0	2	0	0	0	0	0	0	0	0	2	0	2	0
8935	27 Jul 25	16:59:00	1	0	53	0	Ct	0	1	0	1	0	0	0	0	0	3	0	3	0	0	1	0	0	1	0	0	0	0	0	0	0	0	0	0	0	0	0	0	1	0
8936	27 Jul 25	17:00:00	1	0	53	0	Ct	0	1	0	1	0	0	1	0	0	1	0	0	0	0	0	1	0	1	0	0	0	1	0	0	0	0	0	0	0	0	0	0	2	0
8937	27 Jul 25	17:01:00	1	0	53	0	Ct	0	1	0	0	0	0	0	0	0	1	0	0	0	0	0	1	0	0	0	0	0	1	0	0	0	0	0	0	0	0	0	0	1	0
8938	27 Jul 25	17:02:00	1	0	53	0	Ct	0	1	0	1	0	0	0	0	0	0	0	0	0	0	2	1	0	0	0	0	0	0	0	0	0	0	0	0	0	0	1	0	1	0
8939	27 Jul 25	17:03:00	1	0	53	0	Ct	0	1	0	1	0	0	0	0	0	0	0	0	0	0	0	1	0	0	0	0	0	0	0	0	0	0	0	0	0	0	0	0	1	0
8940	27 Jul 25	17:04:00	1	0	53	0	Ct	0	1	0	1	0	0	0	0	0	0	0	0	0	0	0	2	0	0	0	0	0	0	1	0	0	0	0	0	0	0	0	0	2	0
8941	27 Jul 25	17:05:00	1	0	53	0	Ct	0	1	0	1	0	0	0	0	0	1	0	0	0	0	0	0	0	0	0	0	0	0	0	0	0	0	0	0	0	0	0	0	2	1
8942	27 Jul 25	17:06:00	1	0	53	0	Ct	0	1	0	0	1	0	0	0	0	0	0	0	0	0	0	0	0	0	0	0	0	0	0	0	0	0	0	0	0	0	0	0	5	0
8943	27 Jul 25	17:07:00	1	0	53	0	Ct	0	1	0	1	0	0	0	0	0	1	0	0	0	0	0	1	0	0	0	0	0	0	1	0	0	0	0	0	0	0	0	0	2	1
8944	27 Jul 25	17:08:00	1	0	53	0	Ct	0	1	0	2	0	0	0	0	0	1	0	0	0	0	1	1	0	0	0	0	0	0	1	1	0	0	0	0	0	0	0	0	1	0
8945	27 Jul 25	17:09:00	1	0	53	0	Ct	0	1	0	0	0	0	0	0	0	1	0	0	0	0	1	0	0	0	0	0	0	0	2	0	0	0	0	0	0	0	0	0	2	0
8946	27 Jul 25	17:10:00	1	0	53	0	Ct	0	1	0	0	0	0	0	0	0	0	0	0	0	0	1	0	0	0	0	0	0	0	1	0	0	0	0	0	0	0	0	0	2	0
8947	27 Jul 25	17:11:00	1	0	53	0	Ct	0	1	0	1	0	0	0	0	0	2	0	0	0	0	0	0	0	0	0	0	0	0	1	0	0	0	0	0	0	0	0	0	1	0
8948	27 Jul 25	17:12:00	1	0	53	0	Ct	0	1	0	0	0	0	0	0	0	1	0	0	0	0	1	1	0	0	0	0	0	0	0	0	0	0	0	0	0	0	0	0	0	0
8949	27 Jul 25	17:13:00	1	0	53	0	Ct	0	1	0	2	0	0	0	0	0	0	0	1	0	0	0	1	0	2	0	0	0	0	0	0	0	0	0	0	0	0	0	0	2	1
8950	27 Jul 25	17:14:00	1	0	53	0	Ct	0	1	0	0	0	0	0	0	0	2	0	0	0	0	2	0	0	1	0	0	0	0	2	0	0	0	0	0	0	0	0	0	2	1
8951	27 Jul 25	17:15:00	1	0	53	0	Ct	0	1	0	0	0	0	0	0	0	1	0	0	0	0	0	1	0	1	0	0	0	4	0	0	0	0	0	0	0	0	0	0	0	0
8952	27 Jul 25	17:16:00	1	0	53	0	Ct	0	1	0	0	0	0	0	0	0	0	0	0	0	0	2	1	0	0	0	0	0	0	1	0	0	0	0	0	0	0	0	0	1	0
8953	27 Jul 25	17:17:00	1	0	53	0	Ct	0	1	0	1	0	0	0	0	0	1	0	0	0	0	0	0	0	0	0	0	0	0	1	0	0	0	0	0	0	0	0	0	0	0
8954	27 Jul 25	17:18:00	1	0	53	0	Ct	0	1	0	1	0	0	1	0	0	0	0	0	0	0	1	1	0	0	0	0	0	1	0	0	0	0	0	0	0	0	0	0	2	0
8955	27 Jul 25	17:19:00	1	0	53	0	Ct	0	1	0	1	0	0	0	0	0	1	0	0	0	0	2	1	0	0	0	0	0	0	1	0	0	0	0	0	0	0	0	0	1	0
8956	27 Jul 25	17:20:00	1	0	53	0	Ct	0	1	0	2	0	1	0	0	0	0	0	0	0	1	0	0	0	0	0	0	0	1	3	0	0	0	0	0	0	0	0	0	2	0
8957	27 Jul 25	17:21:00	1	0	53	0	Ct	0	1	0	0	0	0	0	0	0	0	0	0	0	0	0	1	0	0	0	2	0	0	0	0	0	0	0	0	0	0	0	0	2	0
8958	27 Jul 25	17:22:00	1	0	53	0	Ct	0	1	0	0	0	0	0	0	0	0	0	0	0	0	2	1	0	1	0	0	0	0	0	0	0	0	0	0	0	0	0	0	1	0
8959	27 Jul 25	17:23:00	1	0	53	0	Ct	0	1	0	1	0	0	0	0	0	0	0	0	0	0	1	0	0	6	0	0	0	0	2	0	0	0	0	0	0	0	0	0	2	0
8960	27 Jul 25	17:24:00	1	0	53	0	Ct	0	1	0	0	0	0	0	0	0	0	0	1	0	0	3	0	0	0	0	0	0	2	1	0	0	0	0	0	0	0	0	0	1	0
8961	27 Jul 25	17:25:00	1	0	53	0	Ct	0	1	0	0	0	0	0	0	0	0	0	0	0	0	0	0	0	0	0	0	0	0	1	0	0	0	0	0	0	0	0	0	1	0
8962	27 Jul 25	17:26:00	1	0	53	0	Ct	0	1	0	0	0	0	0	0	0	0	0	2	0	0	1	2	0	0	0	0	0	0	0	0	0	0	0	0	0	0	0	0	1	0
8963	27 Jul 25	17:27:00	1	0	53	0	Ct	0	1	0	3	0	0	0	0	0	0	0	0	2	0	1	0	0	0	0	0	0	0	0	0	0	0	0	0	0	0	0	0	3	0
8964	27 Jul 25	17:28:00	1	0	53	0	Ct	0	1	0	1	0	0	0	0	0	0	0	0	0	0	0	2	0	0	0	0	0	0	1	0	0	0	0	0	0	0	0	0	2	0
8965	27 Jul 25	17:29:00	1	0	53	0	Ct	0	1	0	0	4	0	0	0	0	0	0	0	1	0	0	0	0	0	0	0	0	0	2	0	0	0	0	0	0	0	0	0	0	2
8966	27 Jul 25	17:30:00	1	0	53	0	Ct	0	1	0	2	1	0	1	0	0	0	0	0	2	0	0	2	0	0	0	0	0	0	1	0	0	0	0	0	0	0	0	0	0	0
8967	27 Jul 25	17:31:00	1	0	53	0	Ct	0	1	0	1	0	0	1	0	0	1	0	0	0	0	3	0	0	0	0	0	0	0	1	0	0	0	0	0	0	0	0	0	0	0
8968	27 Jul 25	17:32:00	1	0	53	0	Ct	0	1	0	1	0	0	0	0	0	1	0	0	2	0	0	2	0	0	0	0	0	0	0	0	0	0	0	0	0	0	0	0	1	2
8969	27 Jul 25	17:33:00	1	0	53	0	Ct	0	1	0	1	0	0	0	0	0	0	0	0	1	0	1	0	0	0	0	0	0	0	1	0	0	0	0	1	0	0	1	0	0	1
8970	27 Jul 25	17:34:00	1	0	53	0	Ct	0	1	0	1	0	0	5	0	0	0	0	4	0	0	1	1	0	0	0	0	0	0	1	0	0	0	0	0	0	0	0	0	0	0
8971	27 Jul 25	17:35:00	1	0	53	0	Ct	0	1	0	1	0	0	1	0	0	2	0	2	0	0	1	1	0	0	0	0	0	0	0	0	0	0	0	0	0	0	2	0	1	0
8972	27 Jul 25	17:36:00	1	0	53	0	Ct	0	1	0	0	0	0	0	0	0	1	0	0	0	0	0	1	0	0	0	0	0	0	1	0	0	0	0	0	0	0	1	0	0	0
8973	27 Jul 25	17:37:00	1	0	53	0	Ct	0	1	0	4	0	0	0	0	0	0	0	0	0	0	0	0	0	0	0	0	0	0	3	0	0	0	0	0	0	0	2	0	0	2
8974	27 Jul 25	17:38:00	1	0	53	0	Ct	0	1	0	3	0	3	0	0	0	0	0	0	0	0	0	1	0	0	0	0	0	0	1	0	0	0	0	0	0	0	1	0	4	0
8975	27 Jul 25	17:39:00	1	0	53	0	Ct	0	1	0	1	0	0	0	0	0	0	0	0	0	0	0	0	0	0	0	1	0	0	0	0	0	0	0	0	0	0	1	0	1	0
8976	27 Jul 25	17:40:00	1	0	53	0	Ct	0	1	0	1	0	1	1	0	0	0	0	0	0	0	0	1	0	0	0	0	0	0	0	0	0	0	0	0	0	0	3	0	2	0
8977	27 Jul 25	17:41:00	1	0	53	0	Ct	0	1	0	0	0	0	0	0	0	0	0	0	0	0	0	0	0	1	0	0	0	1	0	0	0	0	0	0	0	0	1	0	1	0
8978	27 Jul 25	17:42:00	1	0	53	0	Ct	0	1	0	1	0	0	0	0	0	0	0	0	0	0	1	2	0	2	0	0	0	1	1	0	0	0	0	0	0	0	3	0	3	0
8979	27 Jul 25	17:43:00	1	0	53	0	Ct	0	1	0	1	0	0	0	0	0	0	0	0	0	0	1	0	0	0	0	0	0	2	1	0	0	0	0	0	0	0	1	0	1	0
8980	27 Jul 25	17:44:00	1	0	53	0	Ct	0	1	0	0	0	0	0	0	0	0	0	0	0	0	1	0	0	0	0	0	0	0	0	0	0	0	0	0	0	0	1	0	0	0
8981	27 Jul 25	17:45:00	1	0	53	0	Ct	0	1	0	0	0	0	0	0	0	1	0	0	0	1	2	1	0	0	0	0	0	0	3	0	0	0	0	0	0	0	0	0	0	0
8982	27 Jul 25	17:46:00	1	0	53	0	Ct	0	1	0	2	0	0	0	0	0	3	0	0	0	0	2	1	0	0	0	0	0	1	0	0	0	0	0	0	0	0	1	0	3	0
8983	27 Jul 25	17:47:00	1	0	53	0	Ct	0	1	0	1	0	0	0	0	0	0	0	3	0	0	0	0	0	0	0	0	0	1	0	0	0	0	0	0	0	0	4	0	1	0
8984	27 Jul 25	17:48:00	1	0	53	0	Ct	0	1	0	1	0	0	0	0	0	0	0	0	0	0	0	0	0	0	0	0	0	2	0	0	0	0	0	1	0	0	0	0	0	1
8985	27 Jul 25	17:49:00	1	0	53	0	Ct	0	1	0	0	0	0	0	0	0	0	0	0	0	0	0	2	0	0	0	0	0	1	1	0	0	0	0	0	0	0	1	0	0	0
8986	27 Jul 25	17:50:00	1	0	53	0	Ct	0	1	0	1	0	3	0	0	0	0	0	0	0	0	0	1	0	0	0	0	0	1	0	0	0	0	0	0	0	0	4	0	1	2
8987	27 Jul 25	17:51:00	1	0	53	0	Ct	0	1	0	2	0	0	0	0	0	0	0	0	0	0	0	0	0	0	0	0	0	0	0	0	0	0	0	3	0	0	0	0	2	0
8988	27 Jul 25	17:52:00	1	0	53	0	Ct	0	1	0	0	0	0	0	0	0	2	0	1	0	0	0	1	0	0	0	0	0	0	1	0	0	0	0	0	0	0	1	0	1	0
8989	27 Jul 25	17:53:00	1	0	53	0	Ct	0	1	0	1	0	0	0	0	0	0	0	0	0	0	1	1	0	0	0	0	0	0	1	0	0	0	0	0	0	0	0	0	1	0
8990	27 Jul 25	17:54:00	1	0	53	0	Ct	0	1	0	1	0	0	0	0	0	1	0	0	0	0	2	0	0	0	0	0	0	1	0	0	0	0	0	0	0	0	1	0	2	0
8991	27 Jul 25	17:55:00	1	0	53	0	Ct	0	1	0	2	0	0	0	0	0	1	0	0	0	0	0	2	0	0	0	0	0	1	0	0	0	0	0	0	0	0	2	0	0	0
8992	27 Jul 25	17:56:00	1	0	53	0	Ct	0	1	0	0	0	0	0	0	0	0	0	0	0	0	2	0	0	0	0	0	0	0	1	0	0	0	0	0	0	0	0	0	0	1
8993	27 Jul 25	17:57:00	1	0	53	0	Ct	0	1	0	1	0	0	0	0	0	0	0	1	0	0	0	0	0	0	0	0	0	1	1	0	0	0	0	3	0	0	2	0	4	0
8994	27 Jul 25	17:58:00	1	0	53	0	Ct	0	1	0	1	0	0	0	0	0	0	0	0	0	0	1	0	0	0	0	0	0	1	1	0	0	0	0	0	0	0	0	0	0	1
8995	27 Jul 25	17:59:00	1	0	53	0	Ct	0	1	0	0	0	2	1	0	0	0	0	1	0	0	1	0	0	0	0	0	0	0	1	0	0	0	0	1	0	0	2	0	0	0
8996	27 Jul 25	18:00:00	1	0	53	0	Ct	0	1	0	1	0	0	0	0	0	0	0	1	0	0	2	1	0	0	0	0	0	0	2	0	0	0	0	0	0	0	0	0	0	0
8997	27 Jul 25	18:01:00	1	0	53	0	Ct	0	1	0	1	0	0	0	0	0	0	0	0	0	0	0	1	0	0	0	0	0	0	0	0	0	0	0	1	0	0	1	0	1	0
8998	27 Jul 25	18:02:00	1	0	53	0	Ct	0	1	0	0	0	0	0	0	1	0	0	0	0	0	0	1	0	0	0	0	0	0	2	0	0	0	0	0	0	0	0	0	3	0
8999	27 Jul 25	18:03:00	1	0	53	0	Ct	0	1	0	1	0	0	0	0	0	1	0	0	0	0	3	1	0	0	0	0	0	1	2	0	0	0	0	1	0	0	0	0	0	0
9000	27 Jul 25	18:04:00	1	0	53	0	Ct	0	1	0	4	0	0	0	0	0	0	0	0	0	0	1	1	0	0	0	0	0	0	0	0	0	0	0	0	0	0	1	0	2	0
9001	27 Jul 25	18:05:00	1	0	53	0	Ct	0	1	0	1	0	1	1	0	1	2	0	1	4	0	1	1	0	0	1	0	0	1	0	0	0	0	0	0	0	0	1	0	2	1
9002	27 Jul 25	18:06:00	1	0	53	0	Ct	0	0	0	13	0	0	3	0	0	0	0	0	4	1	3	4	0	3	1	0	0	2	0	2	0	0	0	0	0	0	4	0	3	1
9003	27 Jul 25	18:07:00	1	0	53	0	Ct	0	0	0	2	0	0	2	0	3	2	0	2	1	1	3	5	0	4	2	0	1	2	0	2	0	1	0	3	0	0	1	0	5	4
9004	27 Jul 25	18:08:00	1	0	53	0	Ct	0	0	1	0	2	1	3	0	2	4	0	2	1	4	4	5	0	3	5	3	1	2	0	0	0	2	2	3	0	0	0	0	5	1
9005	27 Jul 25	18:09:00	1	0	53	0	Ct	0	0	1	1	1	3	4	0	4	1	0	2	3	3	2	6	0	4	4	0	1	3	1	1	0	2	0	4	0	0	0	0	4	2
9006	27 Jul 25	18:10:00	1	0	53	0	Ct	0	0	2	1	4	2	4	1	4	1	0	5	4	3	4	5	0	3	5	5	2	3	3	1	0	2	1	4	0	0	0	0	5	1
9007	27 Jul 25	18:11:00	1	0	53	0	Ct	0	0	1	3	1	3	4	4	4	2	0	3	1	5	2	6	3	5	5	2	2	4	5	7	0	5	1	3	0	0	0	0	5	4
9008	27 Jul 25	18:12:00	1	0	53	0	Ct	0	0	1	5	6	5	5	1	2	2	0	3	5	5	4	5	1	2	4	1	4	5	5	2	0	2	0	3	0	0	2	0	5	2
9009	27 Jul 25	18:13:00	1	0	53	0	Ct	0	0	0	5	1	2	4	2	4	4	0	2	5	3	3	6	1	4	3	2	8	2	3	1	0	1	4	3	0	0	4	0	5	2
9010	27 Jul 25	18:14:00	1	0	53	0	Ct	0	0	3	4	3	1	4	2	3	3	0	5	5	4	5	5	2	4	3	3	4	1	5	2	0	3	4	5	0	0	3	0	4	2
9011	27 Jul 25	18:15:00	1	0	53	0	Ct	0	0	2	6	4	3	5	6	4	2	0	4	5	5	3	6	2	3	5	2	2	3	4	20	0	3	7	3	0	0	3	0	4	2
9012	27 Jul 25	18:16:00	1	0	53	0	Ct	0	0	3	6	2	4	2	2	4	2	0	2	4	3	3	3	3	4	4	3	3	1	3	4	0	2	3	4	0	0	2	0	4	2
9013	27 Jul 25	18:17:00	1	0	53	0	Ct	0	0	4	3	0	0	4	1	3	3	1	5	4	4	3	4	3	3	5	1	2	4	4	0	0	3	3	5	0	0	2	0	3	3
9014	27 Jul 25	18:18:00	1	0	53	0	Ct	0	0	3	4	1	3	2	2	3	3	2	5	3	2	3	4	3	2	3	3	3	3	4	0	0	0	3	3	0	0	4	0	3	2
9015	27 Jul 25	18:19:00	1	0	53	0	Ct	0	0	4	4	4	1	3	3	3	2	2	3	3	3	2	6	0	4	1	3	4	2	4	3	0	3	2	2	0	0	2	0	6	2
9016	27 Jul 25	18:20:00	1	0	53	0	Ct	0	0	2	3	3	2	5	0	3	3	1	5	4	4	2	9	0	2	3	3	1	2	3	2	0	2	3	4	0	0	2	0	5	2
9017	27 Jul 25	18:21:00	1	0	53	0	Ct	0	0	5	3	3	3	3	5	3	2	1	5	4	4	2	9	0	4	4	3	2	2	4	2	0	2	5	3	0	0	7	0	3	3
9018	27 Jul 25	18:22:00	1	0	53	0	Ct	0	0	3	5	5	1	4	3	4	4	5	2	3	5	2	5	1	2	3	2	3	1	4	1	0	1	2	3	0	0	6	0	4	2
9019	27 Jul 25	18:23:00	1	0	53	0	Ct	0	0	4	3	3	4	4	0	2	3	2	4	5	3	0	7	2	4	3	0	4	0	5	0	0	3	1	1	0	0	4	0	5	2
9020	27 Jul 25	18:24:00	1	0	53	0	Ct	0	0	3	2	2	2	4	0	3	3	2	3	4	2	5	5	4	0	4	2	2	2	2	0	0	1	3	4	0	0	1	0	5	3
9021	27 Jul 25	18:25:00	1	0	53	0	Ct	0	0	2	5	0	2	2	0	2	3	0	4	3	7	2	5	0	4	3	3	4	2	3	0	0	3	3	5	0	0	4	0	4	3
9022	27 Jul 25	18:26:00	1	0	53	0	Ct	0	0	2	3	0	4	3	0	2	2	0	4	2	1	4	6	0	4	2	2	2	1	2	0	0	2	2	1	0	0	3	0	4	2
9023	27 Jul 25	18:27:00	1	0	53	0	Ct	0	0	1	4	1	1	3	0	4	3	0	5	3	3	1	7	0	4	2	2	4	2	2	0	0	1	7	1	0	0	2	0	5	2
9024	27 Jul 25	18:28:00	1	0	53	0	Ct	0	0	3	5	2	5	4	0	3	1	1	2	2	4	3	6	6	4	5	1	2	1	2	0	0	2	5	0	0	0	3	0	6	2
9025	27 Jul 25	18:29:00	1	0	53	0	Ct	0	0	4	4	3	3	4	0	2	1	1	3	2	2	3	5	20	2	2	3	4	1	4	0	0	2	2	4	0	0	3	0	4	4
9026	27 Jul 25	18:30:00	1	0	53	0	Ct	0	0	3	4	4	2	2	0	3	2	3	4	4	3	0	5	0	3	2	3	9	5	5	0	0	3	1	2	0	0	6	0	3	3
9027	27 Jul 25	18:31:00	1	0	53	0	Ct	0	0	4	7	1	1	4	0	3	2	8	4	5	2	2	3	0	1	3	2	3	4	2	1	0	3	2	4	0	0	4	0	5	4
9028	27 Jul 25	18:32:00	1	0	53	0	Ct	0	0	3	2	3	6	0	0	4	3	3	4	4	4	3	2	0	1	5	2	2	3	3	0	0	1	0	4	0	0	1	0	5	1
9029	27 Jul 25	18:33:00	1	0	53	0	Ct	0	0	3	7	3	0	4	0	4	2	5	5	3	3	3	4	1	4	2	2	4	0	4	2	0	1	0	4	0	0	3	0	4	2
9030	27 Jul 25	18:34:00	1	0	53	0	Ct	0	0	2	4	3	0	4	0	3	1	3	2	4	4	3	6	2	3	4	2	2	3	2	0	0	3	3	2	0	0	2	0	4	2
9031	27 Jul 25	18:35:00	1	0	53	0	Ct	0	0	2	4	3	2	3	0	2	1	1	3	5	3	3	4	0	2	4	1	2	1	1	0	0	0	0	3	0	0	4	0	5	2
9032	27 Jul 25	18:36:00	1	0	53	0	Ct	0	0	3	5	3	2	1	0	4	2	0	4	2	4	2	4	0	4	4	2	3	0	8	0	0	2	2	3	0	0	3	0	2	1
9033	27 Jul 25	18:37:00	1	0	53	0	Ct	0	0	3	3	3	2	4	0	3	1	1	3	4	3	2	3	0	3	4	1	3	2	2	0	0	1	1	3	0	0	9	0	4	1
9034	27 Jul 25	18:38:00	1	0	53	0	Ct	0	0	7	3	3	1	4	0	4	2	0	4	3	3	5	5	0	3	4	1	3	3	2	0	0	2	1	3	0	0	7	0	5	3
9035	27 Jul 25	18:39:00	1	0	53	0	Ct	0	0	3	4	1	1	0	0	2	2	0	5	2	0	3	6	0	4	3	3	3	5	3	0	0	0	3	2	0	0	4	0	5	3
9036	27 Jul 25	18:40:00	1	0	53	0	Ct	0	0	2	2	1	2	6	0	3	2	0	4	4	2	1	4	0	2	3	3	10	3	3	0	0	3	2	2	0	0	5	0	3	1
9037	27 Jul 25	18:41:00	1	0	53	0	Ct	0	0	4	5	1	2	4	3	6	2	0	3	5	3	2	7	3	4	5	2	14	0	2	0	0	2	0	3	0	0	2	0	3	3
9038	27 Jul 25	18:42:00	1	0	53	0	Ct	0	0	3	5	3	0	1	0	5	2	0	3	3	4	3	5	0	6	3	1	5	1	2	0	0	2	2	2	0	0	5	0	2	2
9039	27 Jul 25	18:43:00	1	0	53	0	Ct	0	0	3	4	3	2	4	0	4	2	0	4	3	3	3	4	1	4	5	1	2	1	2	0	0	3	1	4	0	0	4	0	6	5
9040	27 Jul 25	18:44:00	1	0	53	0	Ct	0	0	2	5	2	2	3	0	6	2	0	6	5	3	4	4	0	6	3	2	3	1	2	0	0	2	3	0	0	0	2	0	6	4
9041	27 Jul 25	18:45:00	1	0	53	0	Ct	0	0	4	3	2	2	4	0	3	2	0	3	5	3	3	5	0	3	4	4	4	0	3	0	0	1	1	3	0	0	1	0	4	3
9042	27 Jul 25	18:46:00	1	0	53	0	Ct	0	0	3	4	1	0	4	0	3	2	0	4	4	3	2	4	0	3	5	1	4	3	3	0	0	2	1	4	0	0	2	0	4	2
9043	27 Jul 25	18:47:00	1	0	53	0	Ct	0	0	0	4	1	2	7	0	4	1	0	2	2	3	4	5	0	5	3	1	3	3	2	0	0	3	3	5	0	0	3	0	5	3
9044	27 Jul 25	18:48:00	1	0	53	0	Ct	0	0	2	3	1	2	9	0	5	1	0	5	4	3	2	5	0	3	4	0	2	1	3	0	0	4	3	1	0	0	5	0	5	2
9045	27 Jul 25	18:49:00	1	0	53	0	Ct	0	0	2	4	1	1	3	0	5	3	0	3	2	3	2	5	0	2	4	0	2	2	1	0	0	4	3	4	0	0	2	0	3	3
9046	27 Jul 25	18:50:00	1	0	53	0	Ct	0	0	3	3	2	1	2	0	1	1	0	4	4	3	3	5	0	3	3	2	2	2	2	0	0	3	3	4	0	0	4	0	4	2
9047	27 Jul 25	18:51:00	1	0	53	0	Ct	0	0	1	4	0	3	2	0	4	2	0	4	3	3	2	6	0	4	2	3	3	1	3	1	0	2	4	4	0	0	2	0	4	2
9048	27 Jul 25	18:52:00	1	0	53	0	Ct	0	0	3	4	2	1	3	0	3	2	0	5	3	4	3	4	0	3	4	1	3	0	2	1	0	0	0	1	0	0	3	0	3	2
9049	27 Jul 25	18:53:00	1	0	53	0	Ct	0	0	3	6	3	2	4	0	1	2	0	3	4	4	4	4	0	3	3	1	4	4	3	0	0	0	7	1	0	0	3	0	6	4
9050	27 Jul 25	18:54:00	1	0	53	0	Ct	0	0	3	4	2	3	4	0	5	2	2	5	5	3	1	6	0	3	3	1	2	4	2	0	0	2	5	3	0	0	2	0	6	0
9051	27 Jul 25	18:55:00	1	0	53	0	Ct	0	0	4	3	2	3	4	0	4	3	0	4	4	3	2	5	0	2	2	2	3	4	3	0	0	2	3	3	0	0	6	0	3	3
9052	27 Jul 25	18:56:00	1	0	53	0	Ct	0	0	2	8	3	3	3	0	4	2	0	5	3	3	0	6	0	2	5	1	3	4	4	0	0	4	4	4	0	0	3	0	4	3
9053	27 Jul 25	18:57:00	1	0	53	0	Ct	0	0	3	4	3	3	5	0	4	2	5	5	3	4	3	5	0	3	4	3	3	6	4	0	0	1	3	4	0	0	1	0	2	3
9054	27 Jul 25	18:58:00	1	0	53	0	Ct	0	0	5	5	2	2	3	0	5	2	16	4	3	2	5	4	0	3	4	3	3	2	3	0	0	4	2	3	0	0	5	0	4	3
9055	27 Jul 25	18:59:00	1	0	53	0	Ct	0	0	3	5	1	2	3	0	3	2	22	5	2	4	3	4	1	4	3	2	2	1	2	0	0	3	2	3	0	0	2	0	4	2
9056	27 Jul 25	19:00:00	1	0	53	0	Ct	0	0	3	3	2	2	3	0	4	1	5	4	3	6	3	2	6	4	2	2	3	1	2	0	0	1	4	3	0	0	1	0	5	2
9057	27 Jul 25	19:01:00	1	0	53	0	Ct	0	0	3	2	3	2	3	0	6	2	0	5	3	3	4	4	12	4	2	2	2	2	4	2	0	4	2	2	0	0	2	0	4	1
9058	27 Jul 25	19:02:00	1	0	53	0	Ct	0	0	4	0	2	6	2	2	2	3	2	5	4	3	2	5	0	2	3	0	2	5	3	0	0	2	5	2	0	0	3	0	5	3
9059	27 Jul 25	19:03:00	1	0	53	0	Ct	0	0	2	2	2	3	3	0	3	2	0	4	3	2	4	6	0	3	4	2	4	6	2	0	0	3	3	4	0	0	2	0	5	2
9060	27 Jul 25	19:04:00	1	0	53	0	Ct	0	0	3	4	3	3	3	0	1	2	0	3	3	2	5	4	1	4	3	2	2	4	3	0	0	3	4	3	0	0	4	0	6	3
9061	27 Jul 25	19:05:00	1	0	53	0	Ct	0	0	2	2	1	2	4	0	4	2	0	4	2	3	2	5	7	5	4	3	1	3	3	0	0	3	2	2	0	0	2	0	6	1
9062	27 Jul 25	19:06:00	1	0	53	0	Ct	0	0	5	3	2	1	4	0	2	3	0	3	4	4	2	4	4	1	4	1	2	2	1	0	0	1	3	1	0	0	2	0	3	5
9063	27 Jul 25	19:07:00	1	0	53	0	Ct	0	0	3	2	3	2	4	0	5	5	0	5	0	3	0	6	1	3	4	2	4	1	4	0	0	2	3	1	0	0	6	0	5	1
9064	27 Jul 25	19:08:00	1	0	53	0	Ct	0	0	2	2	3	3	4	1	6	2	0	5	2	4	2	5	0	2	3	2	2	0	3	2	0	1	1	3	0	0	1	0	5	2
9065	27 Jul 25	19:09:00	1	0	53	0	Ct	0	0	1	3	1	3	4	0	4	3	0	4	4	4	4	5	0	5	2	1	4	3	3	0	0	3	1	2	0	0	7	0	6	3
9066	27 Jul 25	19:10:00	1	0	53	0	Ct	0	0	0	4	1	4	5	1	3	3	0	4	3	3	5	4	0	2	2	3	3	1	6	0	0	3	1	7	0	0	1	0	4	3
9067	27 Jul 25	19:11:00	1	0	53	0	Ct	0	0	0	3	3	2	7	0	3	3	2	4	3	3	5	4	0	4	4	1	3	3	2	0	0	3	2	5	0	0	2	0	4	2
9068	27 Jul 25	19:12:00	1	0	53	0	Ct	0	0	2	3	1	3	3	0	5	3	0	5	3	3	4	4	0	2	2	3	6	1	2	0	0	1	1	1	0	0	4	0	7	2
9069	27 Jul 25	19:13:00	1	0	53	0	Ct	0	0	1	3	2	1	2	0	5	3	0	5	4	5	3	8	0	4	4	4	3	1	3	0	0	3	0	3	0	0	3	0	3	3
9070	27 Jul 25	19:14:00	1	0	53	0	Ct	0	0	0	3	0	4	4	0	4	2	0	5	3	2	2	6	0	2	4	2	4	1	3	7	0	4	1	3	0	0	2	0	4	3
9071	27 Jul 25	19:15:00	1	0	53	0	Ct	0	0	1	4	4	3	3	0	1	1	0	4	2	4	3	6	0	4	4	1	5	5	2	7	0	1	2	3	0	0	2	0	4	2
9072	27 Jul 25	19:16:00	1	0	53	0	Ct	0	0	1	4	2	1	3	0	2	2	0	4	3	2	4	3	7	4	5	1	3	1	3	6	0	1	1	3	0	0	2	0	6	3
9073	27 Jul 25	19:17:00	1	0	53	0	Ct	0	0	0	2	3	0	4	0	5	3	0	3	4	3	2	2	2	2	4	1	8	1	5	1	0	3	4	3	0	0	2	0	4	3
9074	27 Jul 25	19:18:00	1	0	53	0	Ct	0	0	0	11	5	2	5	0	5	1	0	5	3	2	2	6	0	2	4	2	3	2	2	0	0	0	3	5	0	0	4	0	5	3
9075	27 Jul 25	19:19:00	1	0	53	0	Ct	0	0	0	21	6	0	3	0	3	2	0	6	3	3	0	5	0	1	6	1	1	4	0	1	0	4	4	5	0	0	2	0	3	4
9076	27 Jul 25	19:20:00	1	0	53	0	Ct	0	0	0	3	3	4	4	0	4	2	0	5	3	4	0	4	0	3	3	0	5	1	1	2	0	5	3	1	0	0	2	0	6	2
9077	27 Jul 25	19:21:00	1	0	53	0	Ct	0	0	0	4	2	1	2	0	2	2	0	5	5	3	4	5	0	3	3	3	3	2	4	0	0	1	4	1	0	0	4	0	4	4
9078	27 Jul 25	19:22:00	1	0	53	0	Ct	0	0	2	2	2	3	3	0	3	1	0	3	5	3	4	5	0	1	3	2	2	3	4	1	0	2	5	3	0	0	9	0	2	4
9079	27 Jul 25	19:23:00	1	0	53	0	Ct	0	0	2	4	2	0	5	0	4	2	0	5	5	5	4	3	0	2	3	2	4	3	3	0	0	2	2	3	0	0	5	0	4	3
9080	27 Jul 25	19:24:00	1	0	53	0	Ct	0	0	0	5	1	2	4	0	3	1	2	6	7	4	2	3	0	4	3	1	4	1	1	0	0	2	3	4	0	0	3	0	3	3
9081	27 Jul 25	19:25:00	1	0	53	0	Ct	0	0	0	4	1	1	4	0	2	3	1	6	3	3	3	5	0	4	4	2	2	0	3	0	0	2	1	4	0	0	3	0	4	4
9082	27 Jul 25	19:26:00	1	0	53	0	Ct	0	0	0	4	2	0	4	0	4	3	1	5	3	5	4	5	0	3	4	3	4	4	10	0	0	4	3	3	0	0	4	0	4	4
9083	27 Jul 25	19:27:00	1	0	53	0	Ct	0	0	1	4	4	0	4	0	6	2	0	4	0	3	2	5	0	3	4	1	2	4	1	0	0	2	3	2	0	0	2	0	7	2
9084	27 Jul 25	19:28:00	1	0	53	0	Ct	0	0	3	4	3	0	4	0	3	2	0	5	1	2	3	5	0	3	3	2	1	2	0	0	0	3	2	4	0	0	3	0	6	2
9085	27 Jul 25	19:29:00	1	0	53	0	Ct	0	0	0	8	2	2	3	0	3	2	0	3	3	2	2	3	0	2	2	3	1	2	0	0	0	3	2	3	0	0	1	0	3	4
9086	27 Jul 25	19:30:00	1	0	53	0	Ct	0	0	0	8	3	1	4	0	3	2	0	4	2	4	0	3	0	5	4	0	6	2	2	0	0	2	3	5	0	0	4	0	3	3
9087	27 Jul 25	19:31:00	1	0	53	0	Ct	0	0	0	3	2	2	4	0	5	2	0	5	3	4	2	4	0	2	4	2	4	0	2	1	0	2	3	2	0	0	1	0	10	3
9088	27 Jul 25	19:32:00	1	0	53	0	Ct	0	0	0	8	2	4	3	0	0	3	0	2	4	4	3	4	0	3	3	2	3	0	3	0	0	3	4	2	0	0	3	0	5	3
9089	27 Jul 25	19:33:00	1	0	53	0	Ct	0	0	0	2	1	5	3	0	4	1	0	3	4	4	3	5	0	5	3	1	4	3	1	0	0	4	2	5	0	0	3	0	4	2
9090	27 Jul 25	19:34:00	1	0	53	0	Ct	0	0	0	3	2	1	3	0	4	0	0	5	2	4	3	5	0	3	6	2	0	6	3	0	0	4	2	5	0	0	3	0	7	3
9091	27 Jul 25	19:35:00	1	0	53	0	Ct	0	0	0	4	2	4	12	0	3	0	0	5	3	3	4	3	0	2	8	2	0	1	5	0	0	2	3	3	0	0	3	0	4	2
9092	27 Jul 25	19:36:00	1	0	53	0	Ct	0	0	0	5	1	4	3	0	2	0	0	5	4	4	3	5	0	1	4	1	4	2	2	0	0	4	0	4	0	0	1	0	5	2
9093	27 Jul 25	19:37:00	1	0	53	0	Ct	0	0	0	4	2	2	3	0	4	3	0	1	5	3	4	3	0	2	4	3	3	1	2	0	0	3	2	4	0	0	3	0	5	3
9094	27 Jul 25	19:38:00	1	0	53	0	Ct	0	0	0	3	2	0	3	0	12	3	0	3	2	3	3	5	0	3	4	1	4	0	4	0	0	3	0	4	0	0	5	0	4	3
9095	27 Jul 25	19:39:00	1	0	53	0	Ct	0	0	0	5	2	2	6	0	4	4	0	3	5	5	6	4	0	0	5	2	6	1	3	0	0	3	1	3	0	0	3	0	8	1
9096	27 Jul 25	19:40:00	1	0	53	0	Ct	0	0	0	3	1	0	2	0	4	1	0	4	2	4	4	6	0	0	5	3	1	1	1	0	0	3	1	2	0	0	2	0	3	3
9097	27 Jul 25	19:41:00	1	0	53	0	Ct	0	0	0	4	1	1	3	0	1	2	0	5	1	4	2	5	0	4	3	1	2	0	0	0	0	5	0	1	0	0	0	0	5	3
9098	27 Jul 25	19:42:00	1	0	53	0	Ct	0	0	0	1	1	1	3	0	4	3	0	3	5	5	3	4	0	3	6	2	4	0	0	0	0	3	1	2	0	0	5	0	2	3
9099	27 Jul 25	19:43:00	1	0	53	0	Ct	0	0	0	1	0	1	4	0	5	2	0	3	3	4	4	6	0	4	4	1	2	0	0	0	0	5	4	6	0	0	4	0	6	2
9100	27 Jul 25	19:44:00	1	0	53	0	Ct	0	0	0	3	2	1	4	0	1	4	0	5	4	4	3	6	0	4	4	1	0	0	0	0	0	6	0	2	0	0	5	0	6	5
9101	27 Jul 25	19:45:00	1	0	53	0	Ct	0	0	0	2	0	1	3	0	2	2	0	4	4	5	4	4	0	0	4	2	2	2	0	0	0	4	5	2	0	0	2	0	5	2
9102	27 Jul 25	19:46:00	1	0	53	0	Ct	0	0	0	0	1	0	3	0	2	3	0	5	3	2	1	4	0	2	3	4	4	0	0	0	0	2	0	5	0	0	3	0	6	2
9103	27 Jul 25	19:47:00	1	0	53	0	Ct	0	0	0	4	1	4	8	0	3	2	0	4	3	4	3	1	0	3	3	2	0	0	0	0	0	4	2	5	0	0	4	0	4	2
9104	27 Jul 25	19:48:00	1	0	53	0	Ct	0	0	0	1	4	1	4	0	3	1	0	3	2	4	3	6	0	3	4	4	2	2	0	0	0	3	3	4	0	0	4	0	5	2
9105	27 Jul 25	19:49:00	1	0	53	0	Ct	0	0	0	3	2	3	4	0	3	5	0	5	5	2	3	4	0	1	4	2	3	0	0	0	0	3	2	6	0	0	2	0	4	2
9106	27 Jul 25	19:50:00	1	0	53	0	Ct	0	0	0	3	1	1	4	0	3	3	0	4	5	4	3	5	0	6	2	1	5	0	0	0	0	3	2	4	0	0	1	0	3	2
9107	27 Jul 25	19:51:00	1	0	53	0	Ct	0	0	0	3	1	1	3	0	4	2	0	5	3	4	1	5	0	5	4	3	5	0	0	0	0	1	0	4	0	0	3	0	2	2
9108	27 Jul 25	19:52:00	1	0	53	0	Ct	0	0	0	4	2	0	4	0	3	3	0	4	2	4	2	4	0	5	4	3	4	0	0	0	0	1	0	1	0	0	3	0	2	4
9109	27 Jul 25	19:53:00	1	0	53	0	Ct	0	0	0	3	2	1	3	0	6	1	0	5	10	3	4	5	0	4	3	1	4	0	0	0	0	0	0	7	0	0	2	0	2	2
9110	27 Jul 25	19:54:00	1	0	53	0	Ct	0	0	0	4	3	4	4	0	4	1	0	5	3	4	3	6	0	2	6	3	6	0	0	1	0	2	0	5	0	0	1	0	5	4
9111	27 Jul 25	19:55:00	1	0	53	0	Ct	0	0	0	3	2	3	3	0	2	2	0	3	5	3	3	4	0	2	3	2	2	1	0	0	0	3	0	2	0	0	1	0	5	4
9112	27 Jul 25	19:56:00	1	0	53	0	Ct	0	0	0	2	1	0	3	0	4	1	0	4	4	5	3	6	0	1	4	1	3	2	0	5	0	3	0	4	0	0	3	0	4	3
9113	27 Jul 25	19:57:00	1	0	53	0	Ct	0	0	0	1	1	2	3	0	4	1	0	5	5	1	1	5	0	3	4	2	4	1	0	1	0	3	0	3	0	0	3	0	3	3
9114	27 Jul 25	19:58:00	1	0	53	0	Ct	0	0	0	0	2	0	4	0	4	1	0	4	8	4	3	6	0	3	1	2	4	2	0	0	0	1	2	4	0	0	4	0	5	3
9115	27 Jul 25	19:59:00	1	0	53	0	Ct	0	0	0	4	4	0	3	0	2	2	0	5	4	4	3	7	0	2	6	0	4	1	0	0	0	2	5	3	0	0	1	0	4	3
9116	27 Jul 25	20:00:00	1	0	53	0	Ct	0	0	0	2	2	2	0	0	3	1	0	5	6	7	4	5	0	5	4	1	5	1	0	0	0	1	0	4	0	0	1	0	6	2
9117	27 Jul 25	20:01:00	1	0	53	0	Ct	0	0	0	16	1	0	2	0	5	3	0	4	4	3	1	5	0	2	4	8	0	0	0	0	0	1	3	4	0	0	3	0	5	2
9118	27 Jul 25	20:02:00	1	0	53	0	Ct	0	0	0	1	0	2	2	0	3	0	0	5	4	4	4	6	0	3	2	3	1	3	0	0	0	4	2	4	0	0	2	0	1	3
9119	27 Jul 25	20:03:00	1	0	53	0	Ct	0	0	0	0	0	0	5	0	4	0	0	4	6	5	2	3	0	3	6	1	0	2	0	0	0	4	0	3	0	0	4	0	5	3
9120	27 Jul 25	20:04:00	1	0	53	0	Ct	0	0	0	0	0	0	3	0	5	1	0	5	3	3	1	5	0	2	2	4	0	1	0	0	0	3	0	4	0	0	3	0	5	3
9121	27 Jul 25	20:05:00	1	0	53	0	Ct	0	0	0	1	1	0	4	0	6	2	0	4	3	4	2	5	0	3	4	1	4	3	0	0	0	3	0	3	0	0	1	0	5	4
9122	27 Jul 25	20:06:00	1	0	53	0	Ct	0	0	0	1	2	0	11	0	3	1	0	6	4	5	2	5	0	4	4	1	8	1	0	0	0	5	1	2	0	0	3	0	6	3
9123	27 Jul 25	20:07:00	1	0	53	0	Ct	0	0	0	0	1	0	2	0	5	2	0	3	4	6	3	5	0	2	3	1	10	2	0	0	0	1	2	4	0	0	18	0	6	4
9124	27 Jul 25	20:08:00	1	0	53	0	Ct	0	0	0	2	0	1	0	0	4	4	0	5	4	3	4	5	0	12	4	1	7	2	0	0	0	4	0	2	0	0	3	0	6	3
9125	27 Jul 25	20:09:00	1	0	53	0	Ct	0	0	0	0	0	3	0	0	5	3	0	5	5	4	3	4	0	5	2	6	3	0	0	0	0	4	0	2	0	0	2	0	4	2
9126	27 Jul 25	20:10:00	1	0	53	0	Ct	0	0	0	2	0	3	0	0	1	2	0	6	3	4	4	6	0	3	5	3	4	0	0	1	0	3	0	2	0	0	3	0	7	4
9127	27 Jul 25	20:11:00	1	0	53	0	Ct	0	0	0	0	0	5	0	0	3	2	0	3	4	5	3	6	0	4	4	2	6	0	0	0	0	3	0	4	0	0	3	0	5	3
9128	27 Jul 25	20:12:00	1	0	53	0	Ct	0	0	0	0	0	2	0	0	4	2	0	3	7	2	3	7	0	3	4	1	2	0	0	0	0	4	0	3	0	0	2	0	5	4
9129	27 Jul 25	20:13:00	1	0	53	0	Ct	0	0	0	0	0	1	0	0	3	2	0	1	4	6	2	6	0	3	1	2	3	0	0	0	0	1	2	3	0	0	4	0	6	2
9130	27 Jul 25	20:14:00	1	0	53	0	Ct	0	0	0	0	0	2	0	0	5	2	0	6	4	2	3	5	0	4	3	2	4	0	0	0	0	4	0	1	0	0	6	0	5	4
9131	27 Jul 25	20:15:00	1	0	53	0	Ct	0	0	0	0	0	1	0	0	4	3	0	4	5	4	2	3	0	4	4	0	6	0	0	0	0	3	0	3	0	0	5	0	4	5
9132	27 Jul 25	20:16:00	1	0	53	0	Ct	0	0	0	0	0	1	0	0	4	1	0	3	1	4	3	5	0	6	4	2	5	0	0	0	0	12	0	3	0	0	1	0	4	4
9133	27 Jul 25	20:17:00	1	0	53	0	Ct	0	0	0	3	0	0	0	0	8	2	0	2	5	4	3	4	0	4	2	4	4	0	0	0	0	4	0	2	0	0	4	0	5	2
9134	27 Jul 25	20:18:00	1	0	53	0	Ct	0	0	0	3	0	0	0	0	8	1	0	4	1	3	3	4	0	2	4	3	4	0	0	0	0	3	0	3	0	0	3	0	6	5
9135	27 Jul 25	20:19:00	1	0	53	0	Ct	0	0	0	0	5	0	2	0	6	0	0	1	6	5	2	4	0	3	3	2	7	0	0	0	0	4	0	4	0	0	4	0	3	3
9136	27 Jul 25	20:20:00	1	0	53	0	Ct	0	0	0	0	0	0	0	0	5	0	0	0	6	5	2	5	0	2	2	2	9	0	0	0	0	3	0	4	0	0	2	0	4	1
9137	27 Jul 25	20:21:00	1	0	53	0	Ct	0	0	0	0	1	0	0	0	3	2	0	2	5	4	1	6	0	5	4	3	13	0	0	0	0	3	3	4	0	0	1	0	7	4
9138	27 Jul 25	20:22:00	1	0	53	0	Ct	0	0	0	0	3	0	0	0	0	3	0	0	3	5	3	5	0	3	4	3	2	0	0	0	0	3	0	6	0	0	2	0	6	4
9139	27 Jul 25	20:23:00	1	0	53	0	Ct	0	0	0	0	7	0	0	0	3	1	0	0	6	3	5	4	0	2	4	2	2	0	0	0	0	4	0	2	0	0	1	0	5	4
9140	27 Jul 25	20:24:00	1	0	53	0	Ct	0	0	0	0	1	0	0	0	3	0	0	0	4	1	2	6	0	3	4	2	2	0	1	0	0	3	0	5	0	0	4	0	5	4
9141	27 Jul 25	20:25:00	1	0	53	0	Ct	0	0	0	0	0	0	0	0	3	2	0	2	4	2	2	4	0	4	4	4	4	0	0	0	0	1	0	5	0	0	4	0	6	5
9142	27 Jul 25	20:26:00	1	0	53	0	Ct	0	0	0	1	0	0	0	0	0	2	0	0	2	5	0	6	0	2	2	5	4	0	1	0	0	1	0	5	0	0	4	0	6	2
9143	27 Jul 25	20:27:00	1	0	53	0	Ct	0	0	0	0	0	0	0	0	0	2	0	0	2	4	2	5	0	3	4	4	4	0	0	0	0	1	0	5	0	0	0	0	7	3
9144	27 Jul 25	20:28:00	1	0	53	0	Ct	0	0	0	0	0	0	0	0	1	3	0	0	2	5	0	5	0	5	4	1	5	0	0	0	0	3	0	3	0	0	0	0	6	2
9145	27 Jul 25	20:29:00	1	0	53	0	Ct	0	0	0	0	0	0	0	0	0	5	0	0	4	4	2	6	0	3	4	1	1	0	0	0	0	5	0	3	0	0	0	0	6	4
9146	27 Jul 25	20:30:00	1	0	53	0	Ct	0	0	0	0	0	0	0	0	0	0	0	0	6	5	2	5	0	0	2	2	5	0	3	0	0	9	0	4	0	0	0	0	6	4
9147	27 Jul 25	20:31:00	1	0	53	0	Ct	0	0	0	0	0	0	0	0	0	0	0	0	5	3	4	7	0	2	4	1	2	0	5	0	0	1	0	2	0	0	0	0	5	3
9148	27 Jul 25	20:32:00	1	0	53	0	Ct	0	0	0	2	0	0	0	0	0	0	0	0	3	6	3	6	0	2	3	2	10	0	3	0	0	1	0	4	0	0	0	0	2	2
9149	27 Jul 25	20:33:00	1	0	53	0	Ct	0	0	0	2	0	0	0	0	0	0	0	2	2	1	2	8	0	3	2	3	6	0	6	0	0	3	0	2	0	0	0	0	5	3
9150	27 Jul 25	20:34:00	1	0	53	0	Ct	0	0	0	1	0	0	1	0	0	0	0	3	3	4	4	5	0	7	4	3	2	0	6	0	0	2	2	2	0	0	0	0	5	3
9151	27 Jul 25	20:35:00	1	0	53	0	Ct	0	0	0	0	0	0	1	0	0	0	0	1	6	2	3	6	0	4	3	1	4	0	4	1	0	3	0	3	0	0	0	0	3	3
9152	27 Jul 25	20:36:00	1	0	53	0	Ct	0	0	0	0	0	0	0	0	0	0	0	3	4	10	2	6	0	5	3	2	10	0	5	0	0	4	0	5	0	0	0	0	5	4
9153	27 Jul 25	20:37:00	1	0	53	0	Ct	0	0	0	0	0	0	2	0	0	0	0	2	2	5	4	1	0	5	3	2	2	0	4	0	0	2	0	3	0	0	0	0	2	5
9154	27 Jul 25	20:38:00	1	0	53	0	Ct	0	0	0	0	0	0	2	0	0	0	0	0	4	0	4	0	0	2	4	1	2	0	2	2	0	4	0	4	0	0	0	0	6	4
9155	27 Jul 25	20:39:00	1	0	53	0	Ct	0	0	0	0	0	0	3	0	3	0	0	0	4	0	2	3	0	4	1	2	4	0	3	0	0	12	0	4	0	0	0	0	0	5
9156	27 Jul 25	20:40:00	1	0	53	0	Ct	0	0	0	0	0	0	4	0	0	0	0	0	4	0	3	8	0	5	3	3	4	0	6	0	0	0	0	2	0	0	0	0	5	8
9157	27 Jul 25	20:41:00	1	0	53	0	Ct	0	0	0	0	0	0	5	0	0	0	0	0	3	0	0	7	0	5	1	1	2	0	4	0	0	0	0	3	0	0	0	0	4	5
9158	27 Jul 25	20:42:00	1	0	53	0	Ct	0	0	0	1	2	0	3	2	0	0	0	0	4	0	0	6	0	5	2	2	3	0	4	0	0	3	0	2	0	0	0	0	2	3
9159	27 Jul 25	20:43:00	1	0	53	0	Ct	0	0	0	0	0	0	2	0	0	0	0	0	1	0	0	5	0	3	2	1	4	0	4	0	0	1	0	4	0	0	0	0	6	4
9160	27 Jul 25	20:44:00	1	0	53	0	Ct	0	0	0	0	0	0	0	0	0	2	0	0	0	0	0	3	0	4	0	2	3	0	2	0	0	3	0	6	0	0	0	0	4	1
9161	27 Jul 25	20:45:00	1	0	53	0	Ct	0	0	0	0	0	0	0	0	0	8	0	0	5	0	1	3	0	4	0	1	3	0	3	0	0	1	0	5	0	0	0	0	6	2
9162	27 Jul 25	20:46:00	1	0	53	0	Ct	0	0	0	1	0	0	0	0	0	3	0	0	3	0	0	3	0	3	0	0	0	0	2	0	0	0	0	3	0	0	0	0	2	4
9163	27 Jul 25	20:47:00	1	0	53	0	Ct	0	0	0	0	0	0	0	0	0	1	0	0	2	0	0	0	0	2	0	1	4	0	3	0	0	0	0	2	0	0	0	0	6	3
9164	27 Jul 25	20:48:00	1	0	53	0	Ct	0	0	0	0	0	0	0	0	0	1	0	0	4	0	0	0	0	3	0	2	3	0	3	0	0	0	0	3	0	0	0	0	7	4
9165	27 Jul 25	20:49:00	1	0	53	0	Ct	0	0	0	0	0	0	0	0	0	0	0	0	3	0	0	0	0	4	0	1	2	0	4	0	0	0	0	3	0	0	0	0	4	0
9166	27 Jul 25	20:50:00	1	0	53	0	Ct	0	0	0	0	0	0	0	0	0	7	0	0	2	0	1	11	0	3	0	2	3	0	3	0	0	0	0	2	0	0	0	0	4	5
9167	27 Jul 25	20:51:00	1	0	53	0	Ct	0	0	0	0	0	0	0	0	0	1	0	0	5	1	3	3	0	3	0	0	5	0	3	0	0	0	0	3	0	0	0	0	5	3
9168	27 Jul 25	20:52:00	1	0	53	0	Ct	0	0	0	0	0	0	0	0	0	0	0	0	5	0	2	0	0	1	0	0	2	0	2	0	0	0	0	1	0	0	0	0	3	3
9169	27 Jul 25	20:53:00	1	0	53	0	Ct	0	0	0	0	0	0	0	0	0	0	0	0	1	1	7	0	0	3	0	1	2	0	2	0	0	0	0	5	0	0	0	0	5	3
9170	27 Jul 25	20:54:00	1	0	53	0	Ct	0	0	0	0	0	0	0	0	0	0	0	0	0	0	2	0	0	2	3	0	1	0	3	0	0	0	0	2	0	0	0	0	6	5
9171	27 Jul 25	20:55:00	1	0	53	0	Ct	0	0	0	0	0	0	0	0	0	0	0	0	0	0	1	0	0	1	0	3	0	0	1	0	0	0	0	2	0	0	0	0	6	2
9172	27 Jul 25	20:56:00	1	0	53	0	Ct	0	0	0	0	0	0	0	0	0	0	0	0	1	1	0	0	0	0	0	9	0	0	3	0	0	0	0	5	0	0	0	0	6	2
9173	27 Jul 25	20:57:00	1	0	53	0	Ct	0	0	0	0	0	0	0	0	0	0	0	0	2	1	0	0	0	0	0	6	0	0	1	0	0	0	0	9	0	0	0	0	4	4
9174	27 Jul 25	20:58:00	1	0	53	0	Ct	0	0	0	0	0	0	2	0	0	0	0	0	0	0	0	2	0	0	0	0	0	0	2	0	0	0	0	0	0	0	0	0	1	4
9175	27 Jul 25	20:59:00	1	0	53	0	Ct	0	0	0	0	0	0	8	0	0	0	0	0	6	0	0	5	0	0	0	0	0	0	8	0	0	0	0	0	0	0	0	0	7	3
9176	27 Jul 25	21:00:00	1	0	53	0	Ct	0	0	0	0	0	0	3	0	4	0	0	0	5	0	0	4	0	0	0	0	0	0	0	0	0	0	0	6	0	0	0	0	3	2
9177	27 Jul 25	21:01:00	1	0	53	0	Ct	0	0	0	0	0	0	0	0	1	0	0	0	2	0	0	7	0	1	0	0	0	0	2	0	0	0	0	2	0	0	0	0	4	4
9178	27 Jul 25	21:02:00	1	0	53	0	Ct	0	0	0	0	0	0	0	0	0	2	0	0	3	0	1	4	0	3	0	0	0	0	0	0	0	0	0	5	0	0	0	0	4	5
9179	27 Jul 25	21:03:00	1	0	53	0	Ct	0	0	0	0	0	0	0	0	0	0	0	0	1	0	2	7	0	3	0	0	0	0	0	0	0	0	0	4	0	0	0	0	3	1
9180	27 Jul 25	21:04:00	1	0	53	0	Ct	0	0	0	0	0	0	0	0	0	0	0	0	2	0	1	4	0	5	0	0	0	0	0	0	0	0	0	2	0	0	0	0	1	0
9181	27 Jul 25	21:05:00	1	0	53	0	Ct	0	0	0	0	0	0	0	0	0	0	0	0	0	0	1	1	0	6	0	0	0	0	0	0	0	0	0	3	0	0	0	0	6	2
9182	27 Jul 25	21:06:00	1	0	53	0	Ct	0	0	1	0	0	0	0	0	0	0	0	0	0	0	2	0	0	5	0	0	0	0	0	0	0	0	0	4	0	0	0	0	6	4
9183	27 Jul 25	21:07:00	1	0	53	0	Ct	0	0	1	0	0	0	0	0	0	0	0	0	0	0	0	1	0	4	0	0	0	0	0	0	0	0	0	3	0	0	0	0	6	3
9184	27 Jul 25	21:08:00	1	0	53	0	Ct	0	0	0	0	0	0	0	0	0	0	0	0	0	0	2	2	0	4	0	0	0	0	0	0	0	0	0	4	0	0	0	0	2	2
9185	27 Jul 25	21:09:00	1	0	53	0	Ct	0	0	0	2	0	0	0	0	0	3	0	0	0	0	0	0	0	2	0	0	0	0	0	0	0	0	0	1	0	0	0	0	0	0
9186	27 Jul 25	21:10:00	1	0	53	0	Ct	0	0	0	1	0	0	0	0	0	0	0	0	0	0	0	3	0	2	0	0	0	0	0	0	0	0	0	3	0	0	0	0	0	0
9187	27 Jul 25	21:11:00	1	0	53	0	Ct	0	0	0	0	0	0	0	0	0	0	0	0	0	0	0	2	0	4	0	0	0	0	0	0	0	0	0	1	0	0	0	0	0	0
9188	27 Jul 25	21:12:00	1	0	53	0	Ct	0	0	0	0	0	0	0	0	0	0	0	0	0	0	0	2	0	2	0	0	0	0	0	0	0	0	0	0	0	0	0	0	0	3
9189	27 Jul 25	21:13:00	1	0	53	0	Ct	0	0	0	0	0	0	1	0	0	0	0	0	0	0	0	4	0	4	0	0	0	0	0	1	0	0	0	1	0	0	0	0	0	1
9190	27 Jul 25	21:14:00	1	0	53	0	Ct	0	0	0	0	0	0	0	4	0	0	0	0	0	0	0	2	0	1	0	0	0	0	0	0	0	0	0	3	0	0	0	0	2	0
9191	27 Jul 25	21:15:00	1	0	53	0	Ct	0	0	0	0	0	0	2	0	0	0	10	0	0	0	0	5	0	2	0	0	0	0	0	0	0	0	0	1	0	0	0	0	3	0
9192	27 Jul 25	21:16:00	1	0	53	0	Ct	0	0	0	0	0	0	0	0	0	0	4	0	2	0	0	5	0	4	0	0	0	0	0	0	0	0	0	3	0	0	0	0	1	4
9193	27 Jul 25	21:17:00	1	0	53	0	Ct	0	0	2	0	0	0	0	0	0	0	1	0	0	0	0	4	0	1	0	0	0	0	0	0	0	0	0	0	0	0	0	0	0	3
9194	27 Jul 25	21:18:00	1	0	53	0	Ct	0	0	4	0	0	0	0	0	0	0	1	0	6	0	0	3	0	2	0	0	0	0	0	0	0	0	0	0	0	0	0	0	0	3
9195	27 Jul 25	21:19:00	1	0	53	0	Ct	0	0	3	2	0	0	0	0	0	0	0	0	0	0	0	4	0	1	0	0	0	0	0	0	0	0	0	2	0	0	0	0	3	0
9196	27 Jul 25	21:20:00	1	0	53	0	Ct	0	0	0	0	0	0	0	0	0	0	4	0	0	0	0	0	0	1	0	0	0	0	0	0	0	0	0	5	0	0	0	0	1	0
9197	27 Jul 25	21:21:00	1	0	53	0	Ct	0	0	0	0	0	0	0	0	0	0	0	0	0	0	0	0	0	3	0	0	0	0	0	0	0	0	0	3	0	0	0	0	0	0
9198	27 Jul 25	21:22:00	1	0	53	0	Ct	0	0	2	0	0	0	0	0	2	0	2	0	0	0	0	1	0	2	0	0	0	0	0	0	0	0	0	2	0	0	0	0	9	0
9199	27 Jul 25	21:23:00	1	0	53	0	Ct	0	0	0	0	0	0	1	0	0	0	2	0	0	0	0	2	0	3	0	0	0	0	0	0	0	0	0	5	0	0	0	0	0	4
9200	27 Jul 25	21:24:00	1	0	53	0	Ct	0	0	0	2	0	0	0	0	0	0	0	0	0	0	0	7	0	5	0	0	0	0	0	0	0	0	0	5	0	0	0	0	0	1
9201	27 Jul 25	21:25:00	1	0	53	0	Ct	0	0	0	2	0	0	0	0	0	0	0	0	0	0	0	4	0	4	0	0	0	0	0	0	0	0	0	4	0	0	0	0	0	2
9202	27 Jul 25	21:26:00	1	0	53	0	Ct	0	0	0	0	0	0	0	0	0	0	0	2	0	0	0	3	0	4	0	0	0	0	0	3	0	0	0	2	0	0	0	0	0	0
9203	27 Jul 25	21:27:00	1	0	53	0	Ct	0	0	0	0	0	0	1	0	0	4	3	0	0	0	0	1	0	3	0	0	0	0	0	0	0	0	0	2	0	0	0	0	4	2
9204	27 Jul 25	21:28:00	1	0	53	0	Ct	0	0	0	0	0	0	0	0	0	1	5	0	0	0	0	0	0	3	0	0	0	0	0	0	0	0	0	3	0	0	0	0	2	4
9205	27 Jul 25	21:29:00	1	0	53	0	Ct	0	0	0	0	0	0	0	0	0	0	2	0	0	0	0	1	0	2	0	0	0	0	0	0	0	0	0	1	0	0	0	0	2	0
9206	27 Jul 25	21:30:00	1	0	53	0	Ct	0	0	0	0	0	0	2	0	0	0	3	2	0	0	0	0	0	4	0	0	0	0	0	0	0	0	0	3	0	0	0	0	1	0
9207	27 Jul 25	21:31:00	1	0	53	0	Ct	0	0	0	0	0	0	0	0	0	0	0	0	0	0	0	0	0	3	0	0	0	0	0	0	0	0	0	0	0	0	0	0	1	2
9208	27 Jul 25	21:32:00	1	0	53	0	Ct	0	0	0	0	0	0	0	0	0	0	0	0	0	0	0	1	0	4	0	0	2	0	0	0	0	0	0	0	0	0	0	0	0	0
9209	27 Jul 25	21:33:00	1	0	53	0	Ct	0	0	0	0	0	0	0	0	0	0	0	0	0	0	0	0	0	1	0	0	0	0	0	0	0	0	0	0	0	0	0	0	2	0
9210	27 Jul 25	21:34:00	1	0	53	0	Ct	0	0	0	0	0	0	1	0	0	0	0	0	0	0	0	0	0	3	0	0	0	0	0	0	0	0	0	0	0	0	0	0	0	0
9211	27 Jul 25	21:35:00	1	0	53	0	Ct	0	0	0	0	0	0	0	0	0	0	0	0	0	0	0	0	0	2	0	0	2	0	0	0	0	0	0	0	0	0	0	0	0	0
9212	27 Jul 25	21:36:00	1	0	53	0	Ct	0	0	0	0	0	0	0	0	0	0	0	0	0	0	0	0	0	0	0	0	0	0	0	0	0	0	0	1	0	0	0	0	0	0
9213	27 Jul 25	21:37:00	1	0	53	0	Ct	0	0	0	0	0	0	1	0	0	0	0	0	0	0	0	0	0	0	0	0	3	0	0	0	0	0	0	2	0	0	0	0	0	0
9214	27 Jul 25	21:38:00	1	0	53	0	Ct	0	0	0	0	0	0	0	0	0	0	0	0	0	0	0	0	0	2	0	0	1	0	0	0	0	0	0	1	0	0	0	0	1	1
9215	27 Jul 25	21:39:00	1	0	53	0	Ct	0	0	0	0	0	0	0	0	0	0	0	0	0	0	0	2	0	4	0	0	0	0	0	0	0	0	0	0	0	0	0	0	3	1
9216	27 Jul 25	21:40:00	1	0	53	0	Ct	0	0	0	0	0	0	0	0	0	3	0	0	0	0	0	0	0	1	0	0	0	0	0	1	0	0	0	0	0	0	0	0	0	0
9217	27 Jul 25	21:41:00	1	0	53	0	Ct	0	0	0	0	0	0	0	0	0	0	0	0	0	0	0	0	0	1	0	0	0	0	0	0	0	0	0	0	0	0	0	0	3	0
9218	27 Jul 25	21:42:00	1	0	53	0	Ct	0	0	0	0	0	0	3	0	0	0	0	0	1	0	0	0	0	6	0	0	0	0	0	0	0	0	2	0	0	0	0	0	0	0
9219	27 Jul 25	21:43:00	1	0	53	0	Ct	0	0	0	0	0	0	0	0	0	0	0	0	0	0	0	3	0	2	0	0	0	0	0	0	0	0	0	0	0	0	0	0	0	0
9220	27 Jul 25	21:44:00	1	0	53	0	Ct	0	0	0	0	0	0	0	0	0	2	0	0	0	0	0	4	0	1	0	0	0	0	0	0	0	0	0	0	0	0	0	0	0	0
9221	27 Jul 25	21:45:00	1	0	53	0	Ct	0	0	0	0	0	0	0	0	0	0	0	0	0	0	0	0	0	0	0	0	0	0	1	0	0	0	0	0	0	0	0	0	0	0
9222	27 Jul 25	21:46:00	1	0	53	0	Ct	0	0	0	0	0	0	0	0	0	0	0	0	0	0	0	0	0	0	0	0	0	0	0	0	0	0	0	2	0	0	0	0	0	0
9223	27 Jul 25	21:47:00	1	0	53	0	Ct	0	0	0	0	0	0	0	0	0	0	0	0	0	0	2	1	0	0	0	0	0	0	0	0	0	0	0	0	0	0	0	0	0	0
9224	27 Jul 25	21:48:00	1	0	53	0	Ct	0	0	0	0	0	0	3	0	0	0	0	0	0	0	2	0	0	1	0	0	0	0	0	0	0	0	0	0	0	0	0	0	0	0
9225	27 Jul 25	21:49:00	1	0	53	0	Ct	0	0	0	0	0	0	0	0	0	0	0	0	0	0	2	0	0	1	0	0	0	0	0	0	0	0	0	0	0	0	0	0	0	0
9226	27 Jul 25	21:50:00	1	0	53	0	Ct	0	0	0	3	0	0	2	0	0	3	0	0	0	0	5	0	0	3	0	0	0	0	0	0	0	0	0	0	0	0	0	0	0	3
9227	27 Jul 25	21:51:00	1	0	53	0	Ct	0	0	0	0	0	0	0	0	0	0	0	0	0	0	0	3	0	1	0	0	0	0	0	0	0	0	0	0	0	0	0	0	2	1
9228	27 Jul 25	21:52:00	1	0	53	0	Ct	0	0	0	0	0	0	0	0	0	0	0	0	0	0	0	0	0	3	0	0	0	0	0	0	0	0	0	0	0	0	0	0	2	2
9229	27 Jul 25	21:53:00	1	0	53	0	Ct	0	0	0	0	0	0	0	0	0	0	0	0	0	0	0	0	0	4	0	0	0	0	0	0	0	0	0	0	0	0	0	0	2	2
9230	27 Jul 25	21:54:00	1	0	53	0	Ct	0	0	0	0	0	0	0	0	0	0	0	0	0	0	0	1	0	1	0	0	0	0	0	0	0	0	0	0	0	0	0	0	1	2
9231	27 Jul 25	21:55:00	1	0	53	0	Ct	0	0	0	0	0	0	0	0	0	0	0	0	0	0	0	1	0	0	0	0	0	0	0	4	0	0	0	0	0	0	0	0	0	3
9232	27 Jul 25	21:56:00	1	0	53	0	Ct	0	0	0	0	0	0	0	0	0	2	0	0	0	2	0	0	0	0	0	0	0	0	0	0	0	0	0	0	0	0	0	0	0	0
9233	27 Jul 25	21:57:00	1	0	53	0	Ct	0	0	0	0	0	0	0	0	0	2	0	0	0	0	0	2	0	0	0	0	0	0	0	0	0	0	0	2	0	0	0	0	0	2
9234	27 Jul 25	21:58:00	1	0	53	0	Ct	0	0	0	0	0	0	0	0	0	0	0	0	2	0	0	0	0	0	0	0	0	0	0	0	0	0	0	0	0	0	0	0	0	4
9235	27 Jul 25	21:59:00	1	0	53	0	Ct	0	0	0	0	0	0	0	0	0	0	0	0	1	0	0	2	0	0	0	0	0	0	0	0	0	0	0	0	0	0	0	0	0	0
9236	27 Jul 25	22:00:00	1	0	53	0	Ct	0	0	0	0	0	0	0	0	0	0	0	0	0	0	0	0	0	0	0	0	0	0	0	0	0	0	0	0	0	0	0	0	0	0
9237	27 Jul 25	22:01:00	1	0	53	0	Ct	0	0	0	0	0	0	0	0	0	0	0	0	0	0	1	1	0	0	0	0	0	0	0	0	0	0	0	0	0	0	0	0	0	0
9238	27 Jul 25	22:02:00	1	0	53	0	Ct	0	0	0	0	0	0	0	0	0	0	0	0	2	0	0	1	0	0	0	0	0	0	0	0	0	0	0	0	0	0	0	0	0	1
9239	27 Jul 25	22:03:00	1	0	53	0	Ct	0	0	0	0	0	0	2	0	0	0	0	0	0	0	0	1	0	0	0	0	0	0	0	0	0	0	0	0	0	0	0	0	0	3
9240	27 Jul 25	22:04:00	1	0	53	0	Ct	0	0	0	0	0	0	0	0	0	0	0	0	0	0	0	0	0	0	0	0	0	0	0	0	0	0	0	0	0	0	0	0	0	3
9241	27 Jul 25	22:05:00	1	0	53	0	Ct	0	0	0	0	0	0	1	0	0	0	0	0	0	0	0	0	0	0	0	0	0	0	0	0	0	0	0	0	0	0	0	0	0	3
9242	27 Jul 25	22:06:00	1	0	53	0	Ct	0	0	0	0	0	0	1	0	0	0	0	0	0	0	1	3	0	0	0	0	0	0	0	0	0	0	0	0	0	0	0	0	0	3
9243	27 Jul 25	22:07:00	1	0	53	0	Ct	0	0	0	0	0	0	0	0	0	0	0	0	0	0	0	0	0	0	0	0	0	0	0	0	0	0	0	0	0	0	0	0	0	2
9244	27 Jul 25	22:08:00	1	0	53	0	Ct	0	0	0	1	0	0	0	0	0	0	0	0	0	0	0	0	0	0	0	0	0	0	0	0	0	0	0	0	0	0	0	0	0	1
9245	27 Jul 25	22:09:00	1	0	53	0	Ct	0	0	0	0	0	0	0	0	0	0	0	0	0	0	0	0	0	0	0	1	0	0	0	1	0	0	0	0	0	0	0	0	0	4
9246	27 Jul 25	22:10:00	1	0	53	0	Ct	0	0	0	1	0	0	0	0	0	0	0	0	0	0	0	1	0	0	0	0	0	0	0	1	0	0	0	0	0	0	0	0	0	4
9247	27 Jul 25	22:11:00	1	0	53	0	Ct	0	0	0	0	0	0	0	0	0	0	0	2	0	0	0	3	0	0	0	0	0	0	0	1	0	0	0	0	0	0	0	0	0	1
9248	27 Jul 25	22:12:00	1	0	53	0	Ct	0	0	0	5	0	0	0	0	0	0	0	0	0	0	0	1	0	2	0	0	0	0	0	1	0	0	0	0	0	0	0	0	0	0
9249	27 Jul 25	22:13:00	1	0	53	0	Ct	0	0	0	0	0	0	0	0	0	0	0	0	0	0	0	2	0	4	0	0	0	0	0	0	0	0	0	0	0	0	0	0	0	0
9250	27 Jul 25	22:14:00	1	0	53	0	Ct	0	0	0	0	0	0	0	0	0	0	0	0	0	0	0	1	0	0	0	0	0	0	0	0	0	0	0	0	0	0	0	0	0	0
9251	27 Jul 25	22:15:00	1	0	53	0	Ct	0	0	0	0	0	0	0	0	0	0	0	0	0	0	0	0	0	0	0	0	0	0	0	0	0	0	0	0	0	0	0	0	0	0
9252	27 Jul 25	22:16:00	1	0	53	0	Ct	0	0	0	0	0	0	0	0	0	0	2	0	0	1	0	0	0	0	0	0	0	0	0	0	0	0	0	0	0	0	0	0	0	0
9253	27 Jul 25	22:17:00	1	0	53	0	Ct	0	0	0	0	0	0	0	0	0	0	0	0	0	0	0	0	0	0	0	0	0	0	0	0	0	0	2	0	0	0	0	0	0	2
9254	27 Jul 25	22:18:00	1	0	53	0	Ct	0	0	0	0	0	0	0	0	0	0	1	0	0	0	0	0	0	0	0	0	0	0	0	0	0	0	0	0	0	0	0	0	0	6
9255	27 Jul 25	22:19:00	1	0	53	0	Ct	0	0	0	0	0	0	0	0	0	0	1	0	0	0	0	3	0	0	0	0	0	0	0	0	0	2	0	0	0	0	0	0	0	0
9256	27 Jul 25	22:20:00	1	0	53	0	Ct	0	0	0	0	0	0	0	1	0	0	0	0	0	0	0	2	0	0	0	0	0	0	0	3	0	0	0	0	0	0	0	0	0	1
9257	27 Jul 25	22:21:00	1	0	53	0	Ct	0	0	0	0	0	0	0	1	0	0	0	0	0	0	0	0	0	0	0	0	0	0	0	1	0	0	1	0	0	0	0	0	0	2
9258	27 Jul 25	22:22:00	1	0	53	0	Ct	0	0	0	0	0	0	0	0	0	0	0	0	0	0	0	0	0	0	0	0	0	0	0	3	0	0	1	0	0	0	0	0	0	0
9259	27 Jul 25	22:23:00	1	0	53	0	Ct	0	0	0	0	0	0	0	0	0	1	0	0	0	0	0	1	0	0	0	0	0	0	0	7	0	0	0	0	0	0	0	0	3	3
9260	27 Jul 25	22:24:00	1	0	53	0	Ct	0	0	0	0	0	0	0	0	0	3	0	0	0	0	0	2	0	4	0	0	0	0	0	6	0	0	4	0	0	0	0	0	5	1
9261	27 Jul 25	22:25:00	1	0	53	0	Ct	0	0	0	0	0	0	0	1	0	2	0	0	0	0	0	1	0	3	0	0	0	0	0	0	0	0	0	0	0	0	0	0	3	2
9262	27 Jul 25	22:26:00	1	0	53	0	Ct	0	0	0	0	0	0	0	1	0	3	0	0	0	0	2	0	0	2	0	0	0	0	0	0	0	0	0	0	0	0	0	0	0	2
9263	27 Jul 25	22:27:00	1	0	53	0	Ct	0	0	0	0	0	0	0	0	0	6	0	0	0	0	1	0	0	0	0	0	0	0	0	4	0	0	0	0	0	0	0	0	2	2
9264	27 Jul 25	22:28:00	1	0	53	0	Ct	0	0	0	0	0	0	0	0	0	1	0	0	0	0	0	1	0	4	0	0	2	0	0	1	0	0	0	0	0	0	0	0	0	3
9265	27 Jul 25	22:29:00	1	0	53	0	Ct	0	0	0	0	0	0	0	0	0	2	0	0	0	0	0	1	0	4	0	0	0	0	0	3	0	0	0	1	0	0	0	0	0	2
9266	27 Jul 25	22:30:00	1	0	53	0	Ct	0	0	0	0	0	0	0	0	0	4	0	0	0	0	0	0	0	1	0	0	0	0	0	0	0	0	0	0	0	0	0	0	0	3
9267	27 Jul 25	22:31:00	1	0	53	0	Ct	0	0	0	0	0	0	0	0	0	3	0	0	0	0	0	1	0	3	0	0	0	0	0	0	0	0	0	0	0	0	0	0	0	1
9268	27 Jul 25	22:32:00	1	0	53	0	Ct	0	0	0	0	0	0	0	0	0	7	0	0	0	0	0	0	0	1	0	0	6	0	0	0	0	0	0	0	0	0	0	0	0	0
9269	27 Jul 25	22:33:00	1	0	53	0	Ct	0	0	0	0	0	0	0	0	0	4	0	0	0	0	0	0	0	2	0	0	9	0	0	0	0	0	0	0	0	0	0	0	0	0
9270	27 Jul 25	22:34:00	1	0	53	0	Ct	0	0	0	0	0	0	0	0	0	5	0	0	0	1	0	0	0	3	0	0	2	0	0	0	0	0	0	4	0	0	0	0	9	1
9271	27 Jul 25	22:35:00	1	0	53	0	Ct	0	0	0	0	0	0	0	0	0	2	0	0	0	0	0	0	0	3	0	0	0	0	0	0	0	0	0	2	0	0	0	0	1	2
9272	27 Jul 25	22:36:00	1	0	53	0	Ct	0	0	0	0	0	0	0	0	0	3	0	0	0	0	0	2	0	2	0	0	0	0	0	0	0	0	0	0	0	0	0	0	0	2
9273	27 Jul 25	22:37:00	1	0	53	0	Ct	0	0	0	0	0	0	0	1	0	5	0	0	0	0	0	4	0	3	0	0	0	4	0	0	0	0	0	0	0	0	0	0	0	1
9274	27 Jul 25	22:38:00	1	0	53	0	Ct	0	0	0	0	0	0	0	0	2	4	0	0	0	0	1	3	0	3	0	0	0	3	0	0	0	0	0	0	0	0	0	0	0	1
9275	27 Jul 25	22:39:00	1	0	53	0	Ct	0	0	0	0	0	0	1	0	0	4	0	0	0	0	0	3	0	5	0	0	0	0	0	0	0	0	0	0	0	0	0	0	0	2
9276	27 Jul 25	22:40:00	1	0	53	0	Ct	0	0	0	0	0	0	2	1	0	1	0	0	0	0	0	1	0	4	0	0	0	7	0	0	0	0	0	0	0	0	0	0	0	2
9277	27 Jul 25	22:41:00	1	0	53	0	Ct	0	0	0	0	0	0	0	0	0	3	0	0	0	0	2	2	0	2	0	0	0	1	0	0	0	1	0	0	0	0	0	0	0	1
9278	27 Jul 25	22:42:00	1	0	53	0	Ct	0	0	0	0	0	0	0	0	0	1	0	0	0	0	0	2	0	4	0	0	0	0	0	0	0	1	0	0	0	0	0	0	0	0
9279	27 Jul 25	22:43:00	1	0	53	0	Ct	0	0	0	0	0	0	0	0	0	1	0	0	0	0	0	2	0	0	0	0	0	0	0	0	0	0	0	0	0	0	0	0	0	2
9280	27 Jul 25	22:44:00	1	0	53	0	Ct	0	0	0	2	0	0	0	0	0	2	0	0	0	0	0	0	0	0	0	0	0	0	0	1	0	0	0	0	0	0	0	0	0	0
9281	27 Jul 25	22:45:00	1	0	53	0	Ct	0	0	0	0	0	0	0	0	0	2	0	0	0	0	0	0	0	3	0	0	0	0	0	0	0	2	0	0	0	0	0	0	0	0
9282	27 Jul 25	22:46:00	1	0	53	0	Ct	0	0	0	0	0	0	0	0	1	4	0	0	0	0	0	0	0	3	0	0	0	0	0	0	0	1	0	0	0	0	0	0	0	1
9283	27 Jul 25	22:47:00	1	0	53	0	Ct	0	0	0	0	0	0	0	0	0	4	0	0	0	0	0	0	0	2	0	0	0	0	0	2	0	1	0	0	0	0	0	0	0	3
9284	27 Jul 25	22:48:00	1	0	53	0	Ct	0	0	0	0	0	0	0	0	0	4	0	0	0	0	0	0	0	2	0	0	0	0	0	0	0	3	0	0	0	0	0	0	0	1
9285	27 Jul 25	22:49:00	1	0	53	0	Ct	0	0	0	1	0	0	0	1	0	2	0	0	0	0	0	0	0	0	0	0	0	0	0	0	0	2	0	0	0	0	0	0	0	1
9286	27 Jul 25	22:50:00	1	0	53	0	Ct	0	0	0	1	0	0	0	1	0	2	0	0	0	0	0	0	0	2	0	0	0	0	0	0	0	2	0	0	0	0	0	0	0	2
9287	27 Jul 25	22:51:00	1	0	53	0	Ct	0	0	0	0	0	0	0	0	0	1	0	0	0	0	0	0	0	0	0	0	0	0	0	0	0	5	0	0	0	0	0	0	0	3
9288	27 Jul 25	22:52:00	1	0	53	0	Ct	0	0	0	2	0	0	0	0	0	1	0	0	0	0	0	0	0	0	0	0	0	0	0	0	0	2	0	0	0	0	0	0	0	2
9289	27 Jul 25	22:53:00	1	0	53	0	Ct	0	0	0	0	0	0	0	0	0	3	0	0	0	0	0	0	0	0	0	0	0	0	0	0	0	1	0	0	0	0	0	0	2	2
9290	27 Jul 25	22:54:00	1	0	53	0	Ct	0	0	0	0	0	0	0	0	0	2	0	2	2	0	0	0	0	0	3	0	0	0	0	0	0	4	0	0	0	0	0	0	2	0
9291	27 Jul 25	22:55:00	1	0	53	0	Ct	0	0	0	0	0	0	0	0	0	2	0	2	0	0	0	0	0	0	1	0	0	0	0	0	0	1	0	0	0	0	0	0	6	1
9292	27 Jul 25	22:56:00	1	0	53	0	Ct	0	0	0	0	0	0	0	0	0	2	0	0	0	0	0	0	0	0	0	0	0	0	0	0	0	1	0	0	0	0	0	0	1	1
9293	27 Jul 25	22:57:00	1	0	53	0	Ct	0	0	0	0	0	0	0	0	0	3	0	0	0	0	0	0	0	3	0	0	0	0	0	0	0	4	0	0	0	0	0	0	0	0
9294	27 Jul 25	22:58:00	1	0	53	0	Ct	0	0	0	0	0	0	0	0	0	1	0	0	0	0	0	0	0	1	1	0	0	0	0	1	0	2	0	0	0	0	0	0	0	1
9295	27 Jul 25	22:59:00	1	0	53	0	Ct	0	0	0	0	0	0	0	0	0	4	0	0	0	0	0	0	0	0	1	0	0	0	0	5	0	2	0	2	0	0	0	0	0	3
9296	27 Jul 25	23:00:00	1	0	53	0	Ct	0	0	0	0	0	0	0	0	0	3	0	0	0	2	0	2	0	0	3	0	0	0	2	0	0	1	0	0	0	0	0	0	0	2
9297	27 Jul 25	23:01:00	1	0	53	0	Ct	0	0	0	0	0	0	0	0	0	1	0	0	0	0	0	6	0	0	0	0	0	0	0	1	0	2	0	0	0	0	0	0	0	2
9298	27 Jul 25	23:02:00	1	0	53	0	Ct	0	0	0	0	0	0	0	0	0	1	1	0	0	0	0	0	0	0	0	0	0	0	0	6	0	2	0	0	0	0	0	0	0	2
9299	27 Jul 25	23:03:00	1	0	53	0	Ct	0	0	0	0	0	0	0	0	0	3	0	0	0	0	0	0	0	0	0	0	0	0	2	0	0	2	0	0	0	0	0	0	0	0
9300	27 Jul 25	23:04:00	1	0	53	0	Ct	0	0	0	0	0	0	0	0	0	3	0	0	0	0	0	1	0	0	0	0	0	0	0	0	0	2	0	0	0	0	0	0	0	0
9301	27 Jul 25	23:05:00	1	0	53	0	Ct	0	0	0	0	0	0	0	0	0	2	0	0	2	0	0	0	0	0	0	0	0	0	3	0	0	3	0	0	0	0	0	0	0	0
9302	27 Jul 25	23:06:00	1	0	53	0	Ct	0	0	0	2	0	0	1	0	0	4	0	0	0	0	0	0	0	0	0	0	0	0	0	0	0	3	0	0	0	0	0	0	0	0
9303	27 Jul 25	23:07:00	1	0	53	0	Ct	0	0	0	2	0	0	2	0	0	5	0	0	0	2	0	0	0	0	0	0	0	0	1	0	0	3	0	0	0	0	0	0	0	0
9304	27 Jul 25	23:08:00	1	0	53	0	Ct	0	0	0	0	0	0	0	0	0	2	0	0	0	0	0	0	0	0	0	0	0	0	0	2	0	3	0	0	0	0	0	0	0	0
9305	27 Jul 25	23:09:00	1	0	53	0	Ct	0	0	0	0	0	0	0	0	3	2	0	0	0	0	0	0	0	0	0	0	0	0	5	0	0	1	0	0	0	0	0	0	0	2
9306	27 Jul 25	23:10:00	1	0	53	0	Ct	0	0	0	0	0	0	0	1	0	3	0	1	0	0	0	0	0	0	0	0	0	4	3	1	0	2	0	0	0	0	0	0	0	0
9307	27 Jul 25	23:11:00	1	0	53	0	Ct	0	0	0	0	0	0	0	2	0	3	0	1	0	0	0	0	0	0	0	0	0	2	1	0	0	2	0	0	0	0	0	0	0	0
9308	27 Jul 25	23:12:00	1	0	53	0	Ct	0	0	0	0	0	0	0	10	1	3	1	0	0	0	0	0	0	2	0	0	0	3	3	0	0	4	0	0	0	0	0	0	0	1
9309	27 Jul 25	23:13:00	1	0	53	0	Ct	0	0	0	0	0	0	0	6	1	2	1	0	0	0	0	4	0	1	4	0	0	10	4	0	0	3	0	0	0	0	0	0	3	1
9310	27 Jul 25	23:14:00	1	0	53	0	Ct	0	0	3	0	0	0	0	2	0	2	0	0	0	0	0	0	0	1	0	0	0	20	3	0	0	1	0	0	0	0	0	0	0	3
9311	27 Jul 25	23:15:00	1	0	53	0	Ct	0	0	0	0	0	0	0	0	0	2	0	0	0	0	0	0	0	0	0	0	0	0	1	0	0	2	0	0	0	0	0	0	0	0
9312	27 Jul 25	23:16:00	1	0	53	0	Ct	0	0	0	0	0	0	0	0	0	1	0	0	0	0	0	0	0	2	0	0	0	0	3	0	0	3	0	0	0	0	0	0	0	1
9313	27 Jul 25	23:17:00	1	0	53	0	Ct	0	0	0	2	0	0	0	0	0	3	0	0	0	0	0	0	0	0	0	0	0	0	5	0	0	3	1	0	0	0	0	0	0	1
9314	27 Jul 25	23:18:00	1	0	53	0	Ct	0	0	0	0	0	0	0	0	0	3	0	0	0	0	0	1	0	0	0	0	0	0	4	0	0	1	1	0	0	0	0	0	0	0
9315	27 Jul 25	23:19:00	1	0	53	0	Ct	0	0	0	0	0	0	0	0	0	3	3	0	0	0	0	0	0	0	1	0	0	0	4	3	0	1	0	0	0	0	0	0	1	3
9316	27 Jul 25	23:20:00	1	0	53	0	Ct	0	0	0	0	0	0	0	6	0	2	2	0	0	0	1	3	0	0	0	0	0	0	2	2	0	1	0	0	0	0	0	0	0	1
9317	27 Jul 25	23:21:00	1	0	53	0	Ct	0	0	0	3	0	0	0	15	0	2	0	0	0	0	2	1	0	0	0	0	0	0	2	5	0	1	1	0	0	0	0	0	1	0
9318	27 Jul 25	23:22:00	1	0	53	0	Ct	0	0	0	13	0	0	0	7	0	1	0	0	0	0	0	0	0	0	0	0	0	0	4	0	0	2	1	0	0	0	0	0	2	2
9319	27 Jul 25	23:23:00	1	0	53	0	Ct	0	0	0	0	0	0	0	6	0	1	0	0	0	0	0	0	0	0	0	0	0	0	3	0	0	1	0	0	0	0	0	0	1	1
9320	27 Jul 25	23:24:00	1	0	53	0	Ct	0	0	0	0	0	0	0	3	0	3	0	0	0	0	0	0	0	0	0	0	0	0	3	0	0	2	0	0	0	0	0	0	5	2
9321	27 Jul 25	23:25:00	1	0	53	0	Ct	0	0	0	0	0	0	0	0	0	3	0	0	0	0	0	2	0	0	0	0	0	0	2	0	0	2	0	0	0	0	0	0	4	2
9322	27 Jul 25	23:26:00	1	0	53	0	Ct	0	0	2	1	0	0	0	0	0	3	0	0	0	0	0	0	0	0	0	0	0	0	4	0	0	5	0	0	0	0	0	0	2	3
9323	27 Jul 25	23:27:00	1	0	53	0	Ct	0	0	0	0	0	0	0	0	0	2	0	0	0	0	0	0	0	0	0	0	0	0	0	5	0	7	0	0	0	0	0	0	2	0
9324	27 Jul 25	23:28:00	1	0	53	0	Ct	0	0	0	0	0	0	0	0	0	1	0	0	0	0	0	0	0	0	0	0	0	0	4	4	0	4	0	0	0	0	0	0	3	1
9325	27 Jul 25	23:29:00	1	0	53	0	Ct	0	0	2	2	0	0	0	0	0	2	0	0	0	0	0	1	0	0	0	0	0	0	7	0	0	3	0	0	0	0	0	0	2	2
9326	27 Jul 25	23:30:00	1	0	53	0	Ct	0	0	0	0	0	0	0	0	0	5	0	1	0	1	0	2	0	0	0	0	0	0	8	0	0	5	0	0	0	0	0	0	4	0
9327	27 Jul 25	23:31:00	1	0	53	0	Ct	0	0	0	0	0	0	0	2	0	3	0	1	0	0	1	2	0	2	0	0	0	0	0	0	0	0	0	0	0	0	0	0	5	0
9328	27 Jul 25	23:32:00	1	0	53	0	Ct	0	0	2	0	0	0	0	5	0	7	0	0	0	0	0	0	0	0	0	0	0	0	0	0	0	4	0	0	0	0	0	0	3	1
9329	27 Jul 25	23:33:00	1	0	53	0	Ct	0	0	3	1	0	0	0	0	0	3	1	0	0	0	0	0	0	0	0	0	0	0	0	0	0	2	0	0	0	0	0	0	3	1
9330	27 Jul 25	23:34:00	1	0	53	0	Ct	0	0	2	0	0	0	0	0	0	4	1	0	0	1	0	0	0	0	0	0	0	0	0	0	0	4	0	0	0	0	0	0	4	0
9331	27 Jul 25	23:35:00	1	0	53	0	Ct	0	0	2	1	0	0	0	5	0	2	2	0	0	0	0	0	0	0	0	0	0	0	0	0	0	2	1	0	0	0	0	0	2	0
9332	27 Jul 25	23:36:00	1	0	53	0	Ct	0	0	4	0	0	0	0	2	0	0	0	3	0	0	0	0	0	0	0	0	1	0	0	0	0	2	0	2	0	0	0	0	0	0
9333	27 Jul 25	23:37:00	1	0	53	0	Ct	0	0	3	2	0	0	0	1	0	3	0	0	0	0	0	1	0	0	0	0	1	0	0	0	0	3	0	2	0	0	0	0	0	0
9334	27 Jul 25	23:38:00	1	0	53	0	Ct	0	0	4	0	0	0	0	0	0	1	0	2	1	0	0	3	0	0	0	0	0	0	0	0	0	0	0	2	0	0	0	0	2	0
9335	27 Jul 25	23:39:00	1	0	53	0	Ct	0	0	2	1	0	0	0	0	0	2	0	0	3	0	0	0	0	0	0	0	1	0	0	0	0	4	0	0	0	0	0	0	4	4
9336	27 Jul 25	23:40:00	1	0	53	0	Ct	0	0	5	0	0	0	0	0	0	3	0	0	0	0	0	0	0	0	0	0	0	0	0	0	0	4	0	0	0	0	0	0	2	2
9337	27 Jul 25	23:41:00	1	0	53	0	Ct	0	0	4	0	0	0	0	0	0	3	0	0	0	0	0	0	0	0	0	0	0	0	0	0	0	5	0	0	0	0	0	0	2	0
9338	27 Jul 25	23:42:00	1	0	53	0	Ct	0	0	2	0	0	0	0	0	0	2	0	0	0	0	0	6	0	0	0	0	0	0	0	0	0	2	0	1	0	0	0	0	3	1
9339	27 Jul 25	23:43:00	1	0	53	0	Ct	0	0	3	0	0	0	0	0	0	2	0	0	0	0	0	2	0	0	0	0	0	0	0	0	0	3	0	1	0	0	0	0	5	4
9340	27 Jul 25	23:44:00	1	0	53	0	Ct	0	0	3	0	2	0	0	0	0	3	0	0	0	0	0	0	0	0	2	0	0	0	0	14	0	1	0	0	0	0	0	0	2	1
9341	27 Jul 25	23:45:00	1	0	53	0	Ct	0	0	2	0	0	0	0	0	0	2	0	0	0	0	0	0	0	0	0	0	0	0	0	17	0	2	0	0	0	0	0	0	2	0
9342	27 Jul 25	23:46:00	1	0	53	0	Ct	0	0	1	0	0	0	0	0	0	3	2	2	0	0	0	0	0	0	0	0	0	0	0	26	0	5	0	0	0	0	0	0	2	1
9343	27 Jul 25	23:47:00	1	0	53	0	Ct	0	0	2	0	2	0	0	0	0	0	1	0	0	0	0	0	0	0	0	0	0	0	0	23	0	1	0	0	0	0	0	0	4	2
9344	27 Jul 25	23:48:00	1	0	53	0	Ct	0	0	2	0	1	0	0	0	0	1	0	0	0	0	0	1	0	0	0	0	0	0	0	0	0	0	0	1	0	0	0	0	4	2
9345	27 Jul 25	23:49:00	1	0	53	0	Ct	0	0	2	0	0	0	0	0	0	3	2	0	0	0	0	0	0	0	0	0	0	0	0	0	0	0	0	0	0	0	0	0	3	0
9346	27 Jul 25	23:50:00	1	0	53	0	Ct	0	0	1	0	2	0	0	0	0	2	1	0	0	0	0	0	0	0	0	0	1	0	0	0	0	0	0	1	0	0	0	0	1	0
9347	27 Jul 25	23:51:00	1	0	53	0	Ct	0	0	4	1	0	0	0	1	0	2	0	0	0	0	0	0	0	2	0	0	0	0	0	3	0	1	0	0	0	0	0	0	3	2
9348	27 Jul 25	23:52:00	1	0	53	0	Ct	0	0	2	3	0	0	0	1	0	1	0	1	0	0	0	0	0	2	0	0	0	0	0	0	0	2	0	0	0	0	0	0	4	3
9349	27 Jul 25	23:53:00	1	0	53	0	Ct	0	0	4	0	0	0	0	0	0	1	0	2	0	0	0	1	0	3	0	0	0	0	0	0	0	2	0	0	0	0	0	0	0	0
9350	27 Jul 25	23:54:00	1	0	53	0	Ct	0	0	2	0	0	0	0	3	0	2	0	0	0	0	0	0	0	3	0	0	0	0	0	1	0	1	0	0	0	0	0	0	1	2
9351	27 Jul 25	23:55:00	1	0	53	0	Ct	0	0	2	0	0	0	0	0	0	3	1	0	0	0	0	2	0	2	0	0	1	0	0	0	0	0	0	0	0	0	0	0	5	2
9352	27 Jul 25	23:56:00	1	0	53	0	Ct	0	0	2	0	0	0	0	0	0	2	1	0	0	0	0	0	0	3	0	0	2	0	0	0	0	1	0	0	0	0	0	0	4	1
9353	27 Jul 25	23:57:00	1	0	53	0	Ct	0	0	3	0	0	0	0	0	0	1	1	0	0	0	0	0	0	4	0	2	0	0	0	0	0	2	0	0	0	0	0	0	6	1
9354	27 Jul 25	23:58:00	1	0	53	0	Ct	0	0	6	0	0	0	0	0	0	1	0	0	0	0	0	0	0	2	0	0	0	0	0	2	0	5	0	0	0	0	0	0	2	2
9355	27 Jul 25	23:59:00	1	0	53	0	Ct	0	0	0	0	0	0	0	0	0	0	0	0	0	0	0	0	0	4	0	0	0	0	0	0	0	0	0	0	0	0	0	0	3	1
9356	28 Jul 25	00:00:00	1	0	53	0	Ct	0	0	0	0	0	0	0	0	1	0	0	0	0	0	0	4	0	1	0	0	2	0	0	1	0	1	0	0	0	0	0	0	2	2
9357	28 Jul 25	00:01:00	1	0	53	0	Ct	0	0	2	0	0	0	0	0	1	2	0	0	0	0	0	2	0	3	0	2	0	0	0	0	0	2	0	0	0	0	0	0	5	1
9358	28 Jul 25	00:02:00	1	0	53	0	Ct	0	0	0	0	0	0	0	0	1	2	1	0	0	0	0	0	0	3	0	0	0	0	0	0	0	4	0	0	0	0	0	0	4	4
9359	28 Jul 25	00:03:00	1	0	53	0	Ct	0	0	0	0	0	0	0	0	0	0	1	0	0	0	0	1	0	4	0	2	0	0	0	0	0	1	0	0	0	0	0	0	3	0
9360	28 Jul 25	00:04:00	1	0	53	0	Ct	0	0	0	0	0	0	1	0	0	0	0	0	0	1	0	2	0	3	0	1	0	0	0	0	0	0	0	0	0	0	0	0	4	1
9361	28 Jul 25	00:05:00	1	0	53	0	Ct	0	0	2	3	0	0	1	0	0	0	0	0	1	2	0	0	0	3	0	2	0	0	0	0	0	0	0	0	0	0	0	0	4	2
9362	28 Jul 25	00:06:00	1	0	53	0	Ct	0	0	0	0	0	0	0	0	0	4	0	0	1	1	0	2	0	3	0	1	0	0	0	0	0	0	0	0	0	0	0	0	3	2
9363	28 Jul 25	00:07:00	1	0	53	0	Ct	0	0	0	1	0	0	0	0	0	6	0	0	0	2	0	1	0	2	0	4	0	0	0	0	0	0	0	0	0	0	0	0	3	1
9364	28 Jul 25	00:08:00	1	0	53	0	Ct	0	0	2	0	0	0	0	1	0	9	0	0	0	0	0	1	0	0	0	15	0	0	0	0	0	0	0	2	0	0	0	0	3	1
9365	28 Jul 25	00:09:00	1	0	53	0	Ct	0	0	2	1	0	0	0	0	0	5	0	0	0	2	0	3	0	2	0	11	0	0	0	0	0	0	0	0	0	0	0	0	3	1
9366	28 Jul 25	00:10:00	1	0	53	0	Ct	0	0	0	0	0	0	0	1	1	2	0	0	0	0	0	3	0	2	2	0	0	0	0	0	0	0	0	0	0	0	0	0	4	0
9367	28 Jul 25	00:11:00	1	0	53	0	Ct	0	0	1	1	0	0	0	0	2	0	0	0	0	0	0	3	0	5	1	0	0	0	0	0	0	0	0	0	0	0	0	0	2	3
9368	28 Jul 25	00:12:00	1	0	53	0	Ct	0	0	1	1	0	0	0	0	0	0	1	0	0	0	0	3	0	1	0	2	0	0	0	0	0	2	0	0	0	0	0	0	2	2
9369	28 Jul 25	00:13:00	1	0	53	0	Ct	0	0	0	1	0	0	0	0	0	0	0	0	0	0	0	4	0	3	1	4	0	0	0	0	0	2	0	0	0	0	0	0	3	2
9370	28 Jul 25	00:14:00	1	0	53	0	Ct	0	0	0	4	0	0	0	0	0	0	0	0	0	0	0	3	0	2	0	1	0	0	0	0	0	2	0	0	0	0	0	0	3	1
9371	28 Jul 25	00:15:00	1	0	53	0	Ct	0	0	0	0	0	0	0	0	3	0	0	0	0	0	0	3	0	2	0	1	0	0	0	2	0	2	0	0	0	0	0	0	5	1
9372	28 Jul 25	00:16:00	1	0	53	0	Ct	0	0	0	2	0	0	0	4	3	0	0	2	0	0	0	3	0	1	0	3	0	0	0	21	0	2	0	0	0	0	0	0	3	1
9373	28 Jul 25	00:17:00	1	0	53	0	Ct	0	0	0	0	0	0	0	0	6	0	0	0	0	0	2	1	0	3	0	1	0	0	0	40	0	1	0	0	0	0	0	0	2	3
9374	28 Jul 25	00:18:00	1	0	53	0	Ct	0	0	0	1	0	0	0	0	5	0	0	0	0	0	3	2	0	1	0	0	0	0	0	7	0	2	0	0	0	0	0	0	3	1
9375	28 Jul 25	00:19:00	1	0	53	0	Ct	0	0	1	2	0	0	0	0	0	0	0	0	0	0	5	3	0	3	0	3	0	0	0	0	0	2	0	0	0	0	0	0	3	1
9376	28 Jul 25	00:20:00	1	0	53	0	Ct	0	0	2	1	0	0	0	0	3	0	0	0	0	0	3	2	0	2	0	3	0	0	0	0	0	0	0	0	0	0	0	0	4	0
9377	28 Jul 25	00:21:00	1	0	53	0	Ct	0	0	0	4	0	0	0	0	4	0	1	0	0	0	1	3	0	3	0	3	0	0	0	0	0	0	0	0	0	0	0	0	5	0
9378	28 Jul 25	00:22:00	1	0	53	0	Ct	0	0	1	0	0	0	0	0	2	0	4	0	0	0	0	1	0	2	0	1	0	0	0	0	0	1	0	0	0	0	0	0	5	1
9379	28 Jul 25	00:23:00	1	0	53	0	Ct	0	0	1	0	0	0	0	0	3	0	0	0	0	0	0	0	0	4	0	2	0	0	0	0	0	2	0	0	0	0	0	0	4	3
9380	28 Jul 25	00:24:00	1	0	53	0	Ct	0	0	1	0	0	0	0	0	3	0	0	0	0	0	0	2	0	5	0	3	0	0	0	2	0	2	0	0	0	0	0	0	2	1
9381	28 Jul 25	00:25:00	1	0	53	0	Ct	0	0	2	0	0	0	0	0	5	0	0	0	0	0	0	2	0	4	0	1	0	0	0	0	0	2	0	0	0	0	0	0	3	2
9382	28 Jul 25	00:26:00	1	0	53	0	Ct	0	0	0	3	0	0	0	0	4	2	0	0	0	0	0	2	0	2	0	1	0	0	0	1	0	3	0	0	0	0	0	0	4	3
9383	28 Jul 25	00:27:00	1	0	53	0	Ct	0	0	0	0	0	0	0	0	3	0	0	0	0	0	0	2	0	4	0	5	0	0	0	0	0	3	0	0	0	0	0	0	0	0
9384	28 Jul 25	00:28:00	1	0	53	0	Ct	0	0	2	1	0	0	0	0	4	0	0	0	0	0	0	1	0	2	0	2	0	0	0	0	0	0	0	0	0	0	0	0	5	2
9385	28 Jul 25	00:29:00	1	0	53	0	Ct	0	0	0	0	0	0	0	0	4	0	0	2	0	0	0	3	0	2	0	3	0	0	0	1	0	2	1	0	0	0	0	0	3	2
9386	28 Jul 25	00:30:00	1	0	53	0	Ct	0	0	2	2	0	0	0	0	2	0	0	0	0	0	0	2	0	0	0	2	0	0	0	1	0	2	2	0	0	0	0	0	1	0
9387	28 Jul 25	00:31:00	1	0	53	0	Ct	0	0	0	1	0	0	0	0	2	0	0	0	0	0	1	0	0	3	0	1	0	0	0	0	0	1	0	0	0	0	0	0	7	3
9388	28 Jul 25	00:32:00	1	0	53	0	Ct	0	0	2	1	0	0	0	0	4	0	0	0	0	0	0	1	0	2	0	0	0	0	0	0	0	3	0	0	0	0	0	0	3	1
9389	28 Jul 25	00:33:00	1	0	53	0	Ct	0	0	0	1	0	0	0	0	2	0	0	0	0	0	0	2	0	1	0	0	0	0	0	0	0	3	0	2	0	0	0	0	3	0
9390	28 Jul 25	00:34:00	1	0	53	0	Ct	0	0	0	0	0	0	0	0	1	0	0	0	0	4	0	0	0	4	0	0	0	0	0	0	0	0	0	2	0	0	0	0	0	1
9391	28 Jul 25	00:35:00	1	0	53	0	Ct	0	0	0	1	0	0	0	0	4	0	0	0	0	2	0	3	0	2	0	0	0	0	0	0	0	0	0	2	0	0	0	0	2	1
9392	28 Jul 25	00:36:00	1	0	53	0	Ct	0	0	0	3	0	0	0	0	3	0	0	0	0	1	0	2	0	2	0	0	0	0	0	0	0	0	2	0	0	0	0	0	4	3
9393	28 Jul 25	00:37:00	1	0	53	0	Ct	0	0	0	4	0	0	0	0	1	0	0	0	0	1	1	3	0	2	0	0	0	0	0	0	0	0	0	2	0	0	0	0	3	3
9394	28 Jul 25	00:38:00	1	0	53	0	Ct	0	0	0	0	0	0	0	0	2	0	0	0	0	2	0	4	0	2	0	0	0	0	0	0	0	0	0	0	0	0	0	0	3	2
9395	28 Jul 25	00:39:00	1	0	53	0	Ct	0	0	0	3	0	0	0	0	6	1	0	0	0	3	0	7	0	1	0	0	0	0	0	0	0	0	0	0	0	0	0	0	2	1
9396	28 Jul 25	00:40:00	1	0	53	0	Ct	0	0	1	3	0	0	0	0	4	1	0	0	0	4	0	4	0	0	2	0	0	0	0	0	0	0	0	1	0	0	0	0	1	2
9397	28 Jul 25	00:41:00	1	0	53	0	Ct	0	0	1	2	1	0	0	0	2	3	0	0	0	1	0	3	0	0	1	0	0	0	0	1	0	2	0	0	0	0	0	0	0	4
9398	28 Jul 25	00:42:00	1	0	53	0	Ct	0	0	0	1	1	0	0	0	3	0	0	1	0	0	0	2	0	0	0	1	0	0	0	0	0	0	0	0	0	0	0	0	3	2
9399	28 Jul 25	00:43:00	1	0	53	0	Ct	0	0	0	3	5	0	0	0	2	0	0	1	0	0	0	0	0	0	0	2	0	0	0	0	0	2	0	0	0	0	0	0	3	0
9400	28 Jul 25	00:44:00	1	0	53	0	Ct	0	0	1	1	0	0	0	0	1	0	0	1	0	0	0	3	0	0	0	1	0	0	0	0	0	1	0	0	0	0	0	0	6	0
9401	28 Jul 25	00:45:00	1	0	53	0	Ct	0	0	1	3	0	0	6	0	0	0	2	1	0	0	0	3	0	0	0	2	0	0	0	2	0	1	0	0	0	0	0	0	4	0
9402	28 Jul 25	00:46:00	1	0	53	0	Ct	0	0	2	2	0	0	0	0	3	0	3	0	0	0	0	1	0	1	0	1	0	0	0	0	0	2	0	0	0	0	0	0	4	0
9403	28 Jul 25	00:47:00	1	0	53	0	Ct	0	0	0	0	0	0	0	0	2	0	1	0	0	0	0	3	0	1	0	0	0	0	0	0	0	1	0	0	0	0	0	0	3	0
9404	28 Jul 25	00:48:00	1	0	53	0	Ct	0	0	1	2	0	0	0	0	0	0	2	2	0	0	0	3	0	0	0	2	0	0	0	0	0	1	0	0	0	0	0	0	3	0
9405	28 Jul 25	00:49:00	1	0	53	0	Ct	0	0	1	3	0	0	0	0	3	0	0	0	0	0	0	4	0	0	0	2	1	0	0	0	0	1	0	0	0	0	0	0	4	2
9406	28 Jul 25	00:50:00	1	0	53	0	Ct	0	0	0	4	0	0	0	0	0	0	0	0	0	0	0	1	0	0	0	2	0	0	0	0	0	1	0	0	0	0	0	0	4	0
9407	28 Jul 25	00:51:00	1	0	53	0	Ct	0	0	0	2	0	0	0	0	0	0	1	0	0	0	0	1	0	0	0	0	0	0	0	0	0	2	0	0	0	0	0	0	3	3
9408	28 Jul 25	00:52:00	1	0	53	0	Ct	0	0	3	4	0	0	0	0	0	0	4	0	0	0	0	2	0	0	0	3	0	0	0	0	0	1	0	0	0	0	0	0	4	0
9409	28 Jul 25	00:53:00	1	0	53	0	Ct	0	0	1	2	0	0	0	0	0	0	0	0	0	0	0	2	0	0	3	7	0	0	0	1	0	0	0	0	0	0	0	0	4	3
9410	28 Jul 25	00:54:00	1	0	53	0	Ct	0	0	1	1	0	0	0	0	0	0	2	0	0	0	0	2	0	0	2	2	0	0	0	1	0	2	0	0	0	0	0	0	4	2
9411	28 Jul 25	00:55:00	1	0	53	0	Ct	0	0	3	3	0	0	0	0	0	0	4	0	0	0	0	2	0	0	0	5	0	0	0	0	0	2	0	0	0	0	0	0	3	0
9412	28 Jul 25	00:56:00	1	0	53	0	Ct	0	0	0	3	0	0	0	0	0	0	1	0	0	0	0	0	0	0	0	2	0	0	0	3	0	2	0	0	0	0	0	0	3	0
9413	28 Jul 25	00:57:00	1	0	53	0	Ct	0	0	0	2	0	0	0	0	1	0	4	0	0	0	0	2	0	0	0	0	1	0	0	1	0	2	0	1	0	0	0	0	3	0
9414	28 Jul 25	00:58:00	1	0	53	0	Ct	0	0	3	2	0	0	0	1	0	0	5	0	0	0	0	0	0	0	0	3	0	0	0	0	0	4	4	0	0	0	0	0	3	0
9415	28 Jul 25	00:59:00	1	0	53	0	Ct	0	0	2	2	0	0	0	0	0	0	5	0	0	0	0	2	0	0	0	1	8	0	0	0	0	1	3	0	0	0	0	0	2	0
9416	28 Jul 25	01:00:00	1	0	53	0	Ct	0	0	2	2	0	0	0	1	0	0	1	0	0	0	0	4	0	0	0	1	0	0	0	0	0	1	2	0	0	0	0	0	2	0
9417	28 Jul 25	01:01:00	1	0	53	0	Ct	0	0	0	2	0	0	0	1	1	0	2	0	0	0	0	1	0	0	0	1	0	0	0	0	0	3	15	0	0	0	0	0	3	0
9418	28 Jul 25	01:02:00	1	0	53	0	Ct	0	0	0	2	0	0	0	0	1	0	3	0	0	0	0	2	0	2	0	3	0	0	0	2	0	1	0	0	0	0	0	0	4	0
9419	28 Jul 25	01:03:00	1	0	53	0	Ct	0	0	2	1	0	0	0	2	2	0	2	0	0	0	0	0	0	2	0	1	0	0	0	1	0	1	0	2	0	0	0	0	3	0
9420	28 Jul 25	01:04:00	1	0	53	0	Ct	0	0	0	0	0	0	0	0	6	0	3	0	0	0	0	2	0	3	0	2	0	0	0	1	0	1	0	0	0	0	0	0	3	0
9421	28 Jul 25	01:05:00	1	0	53	0	Ct	0	0	2	0	0	0	0	0	6	0	3	0	0	0	0	5	0	4	0	1	0	0	0	0	0	1	4	0	0	0	0	0	3	0
9422	28 Jul 25	01:06:00	1	0	53	0	Ct	0	0	0	3	0	0	0	0	1	0	3	0	0	0	0	0	0	3	0	3	0	0	0	1	0	0	0	0	0	0	0	0	3	0
9423	28 Jul 25	01:07:00	1	0	53	0	Ct	0	0	0	2	0	0	0	0	3	0	3	0	0	0	0	0	0	4	0	4	0	0	0	0	0	3	0	0	0	0	0	0	0	0
9424	28 Jul 25	01:08:00	1	0	53	0	Ct	0	0	0	3	0	0	0	0	1	0	3	0	0	0	0	0	0	3	0	2	0	0	0	0	0	3	9	0	0	0	0	0	3	0
9425	28 Jul 25	01:09:00	1	0	53	0	Ct	0	0	0	2	0	0	0	0	0	0	3	0	0	0	0	1	0	2	0	1	0	0	0	0	0	0	19	0	0	0	0	0	5	0
9426	28 Jul 25	01:10:00	1	0	53	0	Ct	0	0	1	1	0	0	0	0	2	0	3	0	0	0	0	3	0	2	0	2	0	0	0	0	0	0	0	1	0	0	0	0	4	0
9427	28 Jul 25	01:11:00	1	0	53	0	Ct	0	0	1	1	0	0	0	0	2	0	4	0	0	0	0	2	0	2	0	7	0	0	0	0	0	3	0	0	0	0	0	0	4	0
9428	28 Jul 25	01:12:00	1	0	53	0	Ct	0	0	0	2	0	0	0	0	3	0	2	0	0	0	0	4	0	2	0	2	0	0	0	0	0	1	0	0	0	0	0	0	3	3
9429	28 Jul 25	01:13:00	1	0	53	0	Ct	0	0	0	3	0	0	0	0	1	0	3	0	0	0	0	0	0	1	0	2	0	0	0	0	0	2	0	0	0	0	0	0	5	0
9430	28 Jul 25	01:14:00	1	0	53	0	Ct	0	0	0	0	0	0	0	0	0	0	2	0	0	0	1	5	0	3	0	1	0	0	0	29	0	0	0	0	0	0	0	0	3	0
9431	28 Jul 25	01:15:00	1	0	53	0	Ct	0	0	0	0	0	0	0	0	0	0	3	0	0	0	0	2	0	2	1	1	0	0	0	8	0	0	0	0	0	0	0	0	2	0
9432	28 Jul 25	01:16:00	1	0	53	0	Ct	0	0	0	0	0	0	0	0	0	0	2	0	0	0	0	1	0	5	2	1	0	0	0	1	0	0	0	0	0	0	0	0	5	0
9433	28 Jul 25	01:17:00	1	0	53	0	Ct	0	0	0	1	0	0	0	0	0	0	4	0	0	0	1	3	0	3	0	1	0	0	0	1	0	0	0	0	0	0	0	0	3	0
9434	28 Jul 25	01:18:00	1	0	53	0	Ct	0	0	0	1	0	0	0	0	0	0	3	0	0	0	0	3	0	3	0	1	0	0	0	0	0	0	0	0	0	0	0	0	1	0
9435	28 Jul 25	01:19:00	1	0	53	0	Ct	0	0	0	2	0	0	0	0	0	0	1	0	0	0	0	2	0	0	0	5	0	0	0	0	0	0	0	2	0	0	0	0	3	0
9436	28 Jul 25	01:20:00	1	0	53	0	Ct	0	0	0	1	0	0	0	0	0	0	2	2	0	0	0	7	0	1	0	2	0	0	0	2	0	0	0	1	0	0	0	0	0	2
9437	28 Jul 25	01:21:00	1	0	53	0	Ct	0	0	1	5	0	0	0	0	0	0	4	0	0	0	0	5	0	0	0	1	0	0	0	0	0	0	0	0	0	0	0	0	2	0
9438	28 Jul 25	01:22:00	1	0	53	0	Ct	0	0	0	2	0	0	0	0	0	0	1	0	0	0	0	5	0	0	0	0	0	0	0	0	0	0	0	0	0	0	0	0	5	0
9439	28 Jul 25	01:23:00	1	0	53	0	Ct	0	0	1	1	0	0	0	0	0	0	2	0	0	0	0	3	0	0	0	0	0	0	0	0	0	3	0	0	0	0	0	0	4	0
9440	28 Jul 25	01:24:00	1	0	53	0	Ct	0	0	2	3	0	0	0	0	0	0	4	0	0	0	0	2	0	1	0	0	0	0	0	0	0	1	0	0	0	0	0	0	5	0
9441	28 Jul 25	01:25:00	1	0	53	0	Ct	0	0	0	2	0	0	0	0	0	2	3	0	0	0	0	3	0	4	0	0	0	0	0	0	0	2	0	0	0	0	0	0	0	0
9442	28 Jul 25	01:26:00	1	0	53	0	Ct	0	0	0	1	0	0	0	0	0	0	2	0	0	0	0	0	0	2	0	2	0	0	0	0	0	2	0	0	0	0	0	0	4	0
9443	28 Jul 25	01:27:00	1	0	53	0	Ct	0	0	0	1	0	0	0	0	0	0	2	0	0	0	0	0	0	0	0	1	0	0	1	0	0	2	0	0	0	0	0	0	2	0
9444	28 Jul 25	01:28:00	1	0	53	0	Ct	0	0	1	2	2	0	0	0	0	0	3	0	0	0	0	2	0	1	0	2	0	0	0	1	0	5	0	1	0	0	0	0	3	0
9445	28 Jul 25	01:29:00	1	0	53	0	Ct	0	0	1	1	0	0	0	0	2	0	3	0	0	0	0	2	0	0	0	1	0	0	0	0	0	2	0	1	0	0	0	0	3	0
9446	28 Jul 25	01:30:00	1	0	53	0	Ct	0	0	0	4	0	0	0	0	0	0	8	0	0	0	0	2	0	0	0	0	0	0	0	0	0	4	0	2	0	0	0	0	2	1
9447	28 Jul 25	01:31:00	1	0	53	0	Ct	0	0	1	0	1	0	0	0	0	0	5	0	0	0	0	2	0	0	0	0	0	0	0	1	0	2	0	1	0	0	0	0	4	2
9448	28 Jul 25	01:32:00	1	0	53	0	Ct	0	0	1	3	1	0	0	0	0	0	3	0	0	0	0	4	0	0	0	3	0	0	2	1	0	3	0	0	0	0	0	0	6	0
9449	28 Jul 25	01:33:00	1	0	53	0	Ct	0	0	0	0	0	0	0	0	0	0	3	0	0	0	0	0	0	0	0	1	0	0	6	0	0	6	0	0	0	0	0	0	4	0
9450	28 Jul 25	01:34:00	1	0	53	0	Ct	0	0	0	0	0	0	0	0	0	0	2	0	0	0	0	4	0	0	0	3	0	0	4	0	0	8	0	0	0	0	0	0	5	0
9451	28 Jul 25	01:35:00	1	0	53	0	Ct	0	0	1	2	1	0	1	0	0	0	0	0	0	0	0	2	0	0	0	1	0	0	5	1	0	2	1	0	0	0	0	0	5	1
9452	28 Jul 25	01:36:00	1	0	53	0	Ct	0	0	3	2	0	0	0	0	0	0	2	0	0	1	0	1	0	3	0	1	0	0	2	1	0	0	3	0	0	0	0	0	5	3
9453	28 Jul 25	01:37:00	1	0	53	0	Ct	0	0	0	0	2	0	0	0	0	0	0	0	0	2	0	2	0	1	0	2	0	0	6	0	0	3	0	0	0	0	0	0	3	0
9454	28 Jul 25	01:38:00	1	0	53	0	Ct	0	0	0	2	0	0	0	0	0	0	3	0	0	0	0	2	0	3	0	2	0	0	4	0	0	1	2	0	0	0	0	0	6	2
9455	28 Jul 25	01:39:00	1	0	53	0	Ct	0	0	0	0	0	0	0	0	0	0	1	0	0	0	0	2	0	3	0	1	0	0	3	0	0	0	9	0	0	0	0	0	5	2
9456	28 Jul 25	01:40:00	1	0	53	0	Ct	0	0	2	0	2	0	0	4	0	0	2	0	0	0	0	0	0	2	0	1	0	0	2	0	0	4	0	0	0	0	0	0	1	0
9457	28 Jul 25	01:41:00	1	0	53	0	Ct	0	0	0	2	0	2	0	0	0	0	3	0	0	0	0	2	0	2	0	2	0	0	5	0	0	2	0	0	0	0	0	0	3	1
9458	28 Jul 25	01:42:00	1	0	53	0	Ct	0	0	0	3	0	0	2	0	0	0	2	0	0	0	0	0	0	3	0	1	0	0	4	2	0	3	0	0	0	0	0	0	1	2
9459	28 Jul 25	01:43:00	1	0	53	0	Ct	0	0	0	1	0	0	0	0	0	0	3	0	0	0	0	2	0	0	0	1	0	0	4	1	0	4	0	0	0	0	0	0	1	1
9460	28 Jul 25	01:44:00	1	0	53	0	Ct	0	0	0	0	0	0	0	0	0	0	0	0	0	0	0	2	0	0	0	1	0	0	4	0	0	3	0	0	0	0	0	0	2	0
9461	28 Jul 25	01:45:00	1	0	53	0	Ct	0	0	0	0	0	0	0	0	0	0	2	0	0	0	0	3	0	1	0	0	3	0	4	3	0	3	0	0	0	0	0	0	3	0
9462	28 Jul 25	01:46:00	1	0	53	0	Ct	0	0	0	2	0	0	0	0	0	0	1	0	0	0	5	3	0	1	0	0	0	0	3	2	0	4	2	0	0	0	0	0	12	0
9463	28 Jul 25	01:47:00	1	0	53	0	Ct	0	0	0	3	0	0	0	1	0	0	1	0	0	0	2	5	0	2	0	4	0	0	0	2	0	2	3	0	0	0	0	0	3	2
9464	28 Jul 25	01:48:00	1	0	53	0	Ct	0	0	0	2	0	0	0	0	0	0	1	0	0	0	0	4	0	2	0	1	0	0	3	1	0	3	0	0	0	0	0	0	0	0
9465	28 Jul 25	01:49:00	1	0	53	0	Ct	0	0	2	3	0	0	1	0	0	0	1	0	0	0	0	3	0	2	0	3	0	0	2	1	0	2	0	0	0	0	0	0	0	0
9466	28 Jul 25	01:50:00	1	0	53	0	Ct	0	0	2	2	0	0	0	0	0	0	3	0	0	0	2	1	0	1	0	0	0	0	2	1	0	3	0	0	0	0	0	0	5	0
9467	28 Jul 25	01:51:00	1	0	53	0	Ct	0	0	0	2	0	0	0	0	0	0	1	0	0	0	0	2	0	2	0	1	0	0	2	4	0	1	0	0	0	0	0	0	0	1
9468	28 Jul 25	01:52:00	1	0	53	0	Ct	0	0	0	2	0	0	0	0	0	0	2	0	0	0	0	4	0	2	0	2	0	0	0	0	0	1	0	0	0	0	0	0	0	1
9469	28 Jul 25	01:53:00	1	0	53	0	Ct	0	0	0	1	0	0	2	0	0	0	2	0	0	0	0	4	0	1	0	1	0	0	1	2	0	2	0	0	0	0	0	0	0	2
9470	28 Jul 25	01:54:00	1	0	53	0	Ct	0	0	2	2	0	2	0	0	0	0	2	0	0	0	0	2	0	0	0	1	0	0	3	3	0	2	0	0	0	0	0	0	0	0
9471	28 Jul 25	01:55:00	1	0	53	0	Ct	0	0	0	3	0	0	0	0	0	0	3	0	0	0	1	1	0	4	0	0	0	0	0	3	0	1	0	0	0	0	0	0	0	0
9472	28 Jul 25	01:56:00	1	0	53	0	Ct	0	0	2	2	0	0	0	0	0	0	0	0	0	0	1	3	0	0	0	0	0	0	0	2	0	3	0	0	0	0	0	0	0	2
9473	28 Jul 25	01:57:00	1	0	53	0	Ct	0	0	1	2	0	0	0	2	0	0	2	0	0	0	6	2	0	0	0	0	0	0	4	1	0	2	0	0	0	0	0	0	0	0
9474	28 Jul 25	01:58:00	1	0	53	0	Ct	0	0	2	1	0	0	0	0	0	0	8	0	0	0	0	3	0	1	0	0	0	0	2	3	0	2	0	0	0	0	0	0	7	2
9475	28 Jul 25	01:59:00	1	0	53	0	Ct	0	0	3	2	0	0	0	0	0	0	2	0	0	0	0	2	0	1	0	0	0	0	0	2	0	2	0	0	0	0	0	0	5	0
9476	28 Jul 25	02:00:00	1	0	53	0	Ct	0	0	0	2	0	0	0	0	0	0	5	0	0	0	0	1	0	0	0	0	0	0	0	1	0	1	0	0	0	0	0	0	4	0
9477	28 Jul 25	02:01:00	1	0	53	0	Ct	0	0	2	2	0	0	0	0	0	0	1	0	0	0	0	0	0	4	0	0	0	0	0	2	0	6	0	0	0	0	0	0	4	2
9478	28 Jul 25	02:02:00	1	0	53	0	Ct	0	0	0	2	0	0	0	0	0	0	3	0	0	0	0	0	0	1	0	0	0	0	0	2	0	3	0	0	0	0	0	0	3	0
9479	28 Jul 25	02:03:00	1	0	53	0	Ct	0	0	1	1	0	0	0	0	0	0	3	0	0	0	0	3	0	0	0	0	0	0	0	0	0	2	0	0	0	0	0	0	3	1
9480	28 Jul 25	02:04:00	1	0	53	0	Ct	0	0	1	1	0	0	0	0	0	0	2	0	0	0	0	3	0	0	0	0	0	0	0	1	0	1	0	0	0	0	0	0	3	1
9481	28 Jul 25	02:05:00	1	0	53	0	Ct	0	0	1	3	0	0	0	0	0	0	3	0	0	0	0	2	0	0	0	0	0	0	0	3	0	2	0	0	0	0	0	0	4	2
9482	28 Jul 25	02:06:00	1	0	53	0	Ct	0	0	3	1	0	0	0	0	0	0	3	0	0	0	0	5	0	0	0	0	0	0	0	2	0	1	0	0	0	0	0	0	3	1
9483	28 Jul 25	02:07:00	1	0	53	0	Ct	0	0	0	1	0	0	0	0	0	0	3	0	0	0	0	0	0	0	0	3	0	0	0	1	0	3	0	0	0	0	0	0	5	3
9484	28 Jul 25	02:08:00	1	0	53	0	Ct	0	0	0	0	0	0	0	0	0	0	2	0	0	0	1	3	0	2	0	0	0	0	0	3	0	0	0	0	0	0	0	0	2	0
9485	28 Jul 25	02:09:00	1	0	53	0	Ct	0	0	0	0	0	0	0	0	0	0	1	0	0	0	0	4	0	2	0	1	0	0	0	1	0	1	0	0	0	0	0	0	3	1
9486	28 Jul 25	02:10:00	1	0	53	0	Ct	0	0	0	0	0	0	0	1	0	0	3	0	0	0	0	0	0	3	0	0	0	0	0	0	0	4	0	0	0	0	0	0	2	2
9487	28 Jul 25	02:11:00	1	0	53	0	Ct	0	0	0	1	0	0	0	0	0	0	2	0	0	0	0	2	0	2	0	0	0	1	0	23	0	3	0	0	0	0	4	0	1	0
9488	28 Jul 25	02:12:00	1	0	53	0	Ct	0	0	0	1	0	0	0	0	0	0	1	0	0	2	0	3	0	2	0	0	0	1	0	32	0	2	0	0	0	0	0	0	12	0
9489	28 Jul 25	02:13:00	1	0	53	0	Ct	0	0	0	2	0	3	0	0	0	2	3	0	0	0	0	4	0	0	0	0	0	2	0	0	0	4	0	1	0	0	3	0	1	0
9490	28 Jul 25	02:14:00	1	0	53	0	Ct	0	0	0	1	0	0	0	0	0	0	4	0	0	0	0	2	0	0	0	0	0	0	0	1	0	2	0	1	0	0	2	0	4	0
9491	28 Jul 25	02:15:00	1	0	53	0	Ct	0	0	0	0	0	0	0	0	0	0	2	0	0	0	0	4	0	2	0	0	0	0	0	0	0	1	0	0	0	0	3	0	2	0
9492	28 Jul 25	02:16:00	1	0	53	0	Ct	0	0	0	3	0	0	0	0	0	0	2	0	0	0	0	2	0	2	0	0	0	0	0	2	0	2	0	2	0	0	4	0	2	0
9493	28 Jul 25	02:17:00	1	0	53	0	Ct	0	0	0	0	0	0	0	0	0	0	4	0	0	0	5	4	0	0	0	1	0	0	0	4	0	1	6	1	0	0	3	0	0	0
9494	28 Jul 25	02:18:00	1	0	53	0	Ct	0	0	0	2	0	0	0	0	0	0	4	0	0	0	12	0	0	0	0	5	0	0	0	1	0	1	4	0	0	0	3	0	0	0
9495	28 Jul 25	02:19:00	1	0	53	0	Ct	0	0	0	3	0	0	0	0	0	0	3	0	0	0	1	0	0	2	0	1	0	0	0	1	0	4	0	3	0	0	2	0	0	0
9496	28 Jul 25	02:20:00	1	0	53	0	Ct	0	0	0	1	0	0	0	0	0	0	3	0	0	0	0	0	0	0	0	1	0	0	0	2	0	3	0	1	0	0	3	0	0	0
9497	28 Jul 25	02:21:00	1	0	53	0	Ct	0	0	0	1	0	0	0	0	0	0	2	0	0	0	0	2	0	0	0	2	0	0	0	2	0	1	0	0	0	0	3	0	0	0
9498	28 Jul 25	02:22:00	1	0	53	0	Ct	0	0	0	1	0	0	0	0	0	0	4	0	0	0	0	3	0	3	0	0	0	0	0	2	0	1	0	0	0	0	2	0	0	0
9499	28 Jul 25	02:23:00	1	0	53	0	Ct	0	0	2	2	0	0	0	0	0	0	1	0	0	0	4	3	0	1	0	1	1	0	0	1	0	2	0	0	0	0	2	0	2	0
9500	28 Jul 25	02:24:00	1	0	53	0	Ct	0	0	0	4	0	0	1	0	0	0	1	0	0	0	2	1	0	0	0	1	1	0	0	1	0	0	0	0	0	0	4	0	3	1
9501	28 Jul 25	02:25:00	1	0	53	0	Ct	0	0	0	1	0	0	1	0	0	3	2	0	0	0	0	2	0	0	0	1	0	0	0	1	0	0	0	3	0	0	4	0	5	2
9502	28 Jul 25	02:26:00	1	0	53	0	Ct	0	0	0	1	0	0	0	0	0	1	2	0	0	0	0	4	0	3	2	2	0	0	0	2	0	0	0	1	0	0	4	0	4	4
9503	28 Jul 25	02:27:00	1	0	53	0	Ct	0	0	0	1	0	0	0	0	0	5	1	0	0	0	0	3	0	1	0	1	0	9	0	3	0	0	0	0	0	0	3	0	4	0
9504	28 Jul 25	02:28:00	1	0	53	0	Ct	0	0	0	3	0	0	0	0	0	2	1	0	0	0	1	3	0	1	0	2	0	6	0	2	0	0	0	0	0	0	2	0	3	0
9505	28 Jul 25	02:29:00	1	0	53	0	Ct	0	0	3	1	0	0	0	1	0	2	4	0	0	0	0	5	0	2	0	1	0	0	0	2	0	0	0	0	0	0	1	0	3	0
9506	28 Jul 25	02:30:00	1	0	53	0	Ct	0	0	1	0	0	0	0	0	0	1	8	0	0	0	0	3	0	2	0	1	0	0	0	1	0	0	0	0	0	0	3	0	3	0
9507	28 Jul 25	02:31:00	1	0	53	0	Ct	0	0	0	1	0	2	0	0	0	2	8	0	0	0	1	4	0	0	0	1	0	3	0	2	0	0	0	0	0	0	2	0	3	0
9508	28 Jul 25	02:32:00	1	0	53	0	Ct	0	0	0	1	0	0	0	0	0	3	6	0	0	0	0	4	0	1	0	0	0	0	0	0	0	0	0	0	0	0	4	0	2	0
9509	28 Jul 25	02:33:00	1	0	53	0	Ct	0	0	0	2	0	0	0	0	0	2	4	0	0	0	0	3	0	0	0	0	0	0	0	2	0	1	0	0	0	0	5	0	2	0
9510	28 Jul 25	02:34:00	1	0	53	0	Ct	0	0	0	1	0	0	0	0	0	2	0	0	0	0	0	2	0	0	0	0	0	0	0	2	0	1	0	0	0	0	2	0	0	0
9511	28 Jul 25	02:35:00	1	0	53	0	Ct	0	0	0	5	0	0	0	0	0	1	3	0	0	0	0	3	0	0	0	0	0	0	0	1	0	0	0	0	0	0	3	0	3	2
9512	28 Jul 25	02:36:00	1	0	53	0	Ct	0	0	0	2	0	0	0	0	0	3	2	0	0	0	0	1	0	0	0	0	0	2	0	1	0	0	0	0	0	0	3	0	4	0
9513	28 Jul 25	02:37:00	1	0	53	0	Ct	0	0	0	2	0	0	0	0	0	1	4	0	0	0	0	2	0	0	0	0	0	1	0	2	0	2	0	0	0	0	2	0	1	0
9514	28 Jul 25	02:38:00	1	0	53	0	Ct	0	0	0	1	0	0	0	0	0	7	2	0	0	0	0	0	0	0	3	0	0	2	0	1	0	4	0	0	0	0	1	0	3	3
9515	28 Jul 25	02:39:00	1	0	53	0	Ct	0	0	0	3	0	0	0	0	0	2	0	0	0	0	0	0	0	0	0	0	0	0	0	1	0	0	0	0	0	0	3	0	3	0
9516	28 Jul 25	02:40:00	1	0	53	0	Ct	0	0	0	1	0	0	0	0	0	2	2	0	0	0	0	4	0	0	1	0	0	0	0	2	0	2	0	0	0	0	2	0	3	1
9517	28 Jul 25	02:41:00	1	0	53	0	Ct	0	0	0	2	0	0	0	0	0	2	2	0	0	0	0	3	0	0	4	0	0	0	0	0	0	2	0	0	0	0	2	0	4	2
9518	28 Jul 25	02:42:00	1	0	53	0	Ct	0	0	0	5	0	0	0	0	0	2	0	0	0	0	0	3	0	0	4	0	0	0	0	3	0	2	0	0	0	0	2	0	0	2
9519	28 Jul 25	02:43:00	1	0	53	0	Ct	0	0	0	1	0	0	0	0	0	2	0	0	0	0	0	2	0	0	0	0	0	0	0	2	0	1	0	0	0	0	2	0	0	1
9520	28 Jul 25	02:44:00	1	0	53	0	Ct	0	0	0	3	0	0	0	0	0	2	0	0	0	0	0	1	0	0	0	3	0	0	0	1	0	1	0	0	0	0	1	0	1	0
9521	28 Jul 25	02:45:00	1	0	53	0	Ct	0	0	0	2	0	0	0	0	0	2	0	0	0	0	0	0	0	0	0	9	0	0	0	2	0	1	0	0	0	0	2	0	4	1
9522	28 Jul 25	02:46:00	1	0	53	0	Ct	0	0	1	3	0	0	0	0	0	3	0	0	0	0	0	3	0	0	0	0	0	0	0	0	0	3	0	0	0	0	2	0	2	1
9523	28 Jul 25	02:47:00	1	0	53	0	Ct	0	0	2	2	0	0	0	0	0	1	0	0	0	0	0	1	0	0	0	0	0	0	0	2	0	0	0	0	0	0	3	0	2	0
9524	28 Jul 25	02:48:00	1	0	53	0	Ct	0	0	0	1	0	0	0	0	0	4	0	0	0	0	0	2	0	0	0	0	0	0	0	1	0	0	0	0	0	0	2	0	4	0
9525	28 Jul 25	02:49:00	1	0	53	0	Ct	0	0	0	2	0	0	0	0	0	4	0	0	0	0	0	0	0	0	0	0	0	0	0	2	0	1	0	0	0	0	3	0	4	0
9526	28 Jul 25	02:50:00	1	0	53	0	Ct	0	0	10	1	0	0	0	2	0	0	0	0	0	0	0	4	0	0	0	0	0	0	0	2	0	3	0	1	0	0	2	0	3	0
9527	28 Jul 25	02:51:00	1	0	53	0	Ct	0	0	1	4	0	0	0	0	0	2	0	0	0	0	0	2	0	0	0	0	0	0	0	1	0	0	0	1	0	0	1	0	4	0
9528	28 Jul 25	02:52:00	1	0	53	0	Ct	0	0	11	1	0	0	0	0	0	3	0	0	0	0	0	0	0	0	0	0	0	0	0	1	0	0	0	0	0	0	2	0	4	0
9529	28 Jul 25	02:53:00	1	0	53	0	Ct	0	0	0	3	0	0	0	0	0	2	2	0	0	0	0	6	0	0	0	0	0	0	0	1	0	0	0	0	0	0	3	0	1	0
9530	28 Jul 25	02:54:00	1	0	53	0	Ct	0	0	1	5	0	0	0	0	0	4	1	0	0	0	0	4	0	0	0	0	0	0	0	2	0	0	0	0	0	0	4	0	3	0
9531	28 Jul 25	02:55:00	1	0	53	0	Ct	0	0	1	0	0	0	3	0	0	3	0	0	0	0	0	2	0	0	0	0	0	0	0	1	0	0	0	0	0	0	3	0	4	0
9532	28 Jul 25	02:56:00	1	0	53	0	Ct	0	0	0	4	0	0	0	0	0	2	0	0	0	0	0	1	0	0	0	0	0	0	0	1	0	0	0	0	0	0	0	0	4	0
9533	28 Jul 25	02:57:00	1	0	53	0	Ct	0	0	1	0	0	0	0	0	0	2	1	0	0	0	0	3	0	0	0	0	0	0	0	2	0	0	0	0	0	0	0	0	4	0
9534	28 Jul 25	02:58:00	1	0	53	0	Ct	0	0	0	4	0	0	0	0	0	2	4	0	0	0	0	0	0	0	0	0	0	0	0	0	0	0	0	0	0	0	0	0	2	0
9535	28 Jul 25	02:59:00	1	0	53	0	Ct	0	0	0	0	0	0	0	0	0	0	4	0	0	0	0	2	0	0	0	0	0	0	0	1	0	0	0	0	0	0	0	0	5	0
9536	28 Jul 25	03:00:00	1	0	53	0	Ct	0	0	0	0	2	0	1	0	0	1	0	0	0	0	0	2	0	0	0	0	0	0	0	0	0	0	0	0	0	0	0	0	2	0
9537	28 Jul 25	03:01:00	1	0	53	0	Ct	0	0	0	2	0	0	0	0	0	3	3	0	0	0	0	4	0	0	0	0	0	0	0	0	0	0	0	0	0	0	0	0	0	0
9538	28 Jul 25	03:02:00	1	0	53	0	Ct	0	0	0	3	3	0	1	0	0	0	6	0	0	0	0	4	0	0	0	0	0	0	0	1	0	2	0	0	0	0	0	0	1	0
9539	28 Jul 25	03:03:00	1	0	53	0	Ct	0	0	0	1	0	0	0	0	0	0	5	0	0	0	0	2	0	0	0	0	0	0	0	0	0	2	0	0	0	0	0	0	0	0
9540	28 Jul 25	03:04:00	1	0	53	0	Ct	0	0	0	3	1	0	0	0	0	1	2	0	0	0	0	4	0	0	0	0	0	0	0	0	0	0	0	0	0	0	0	0	0	0
9541	28 Jul 25	03:05:00	1	0	53	0	Ct	0	0	0	2	0	0	0	0	0	2	0	0	0	0	0	2	0	0	0	0	0	0	0	0	0	4	0	0	0	0	0	0	3	0
9542	28 Jul 25	03:06:00	1	0	53	0	Ct	0	0	0	0	0	0	0	0	0	1	0	0	0	0	0	3	0	0	0	0	0	0	0	1	0	2	0	0	0	0	0	0	2	0
9543	28 Jul 25	03:07:00	1	0	53	0	Ct	0	0	0	1	0	0	0	2	0	3	2	0	0	0	0	5	0	0	0	0	0	0	0	2	0	2	0	0	0	0	0	0	1	0
9544	28 Jul 25	03:08:00	1	0	53	0	Ct	0	0	0	3	0	0	0	0	0	3	2	0	0	0	0	3	0	0	0	0	0	0	0	0	0	2	0	0	0	0	0	0	4	0
9545	28 Jul 25	03:09:00	1	0	53	0	Ct	0	0	0	3	0	0	0	0	0	6	0	0	0	0	0	2	0	0	0	0	0	0	0	1	0	1	0	0	0	0	0	0	4	0
9546	28 Jul 25	03:10:00	1	0	53	0	Ct	0	0	1	2	2	0	0	0	0	3	0	0	0	0	0	2	0	0	0	0	0	0	0	2	0	3	0	0	0	0	0	0	2	0
9547	28 Jul 25	03:11:00	1	0	53	0	Ct	0	0	2	1	3	0	0	0	0	4	4	0	0	0	2	3	0	0	0	3	0	0	0	3	0	0	0	0	0	0	0	0	3	2
9548	28 Jul 25	03:12:00	1	0	53	0	Ct	0	0	0	3	0	0	0	0	0	2	1	0	0	0	0	4	0	0	0	3	0	0	0	1	0	2	0	0	0	0	0	0	4	0
9549	28 Jul 25	03:13:00	1	0	53	0	Ct	0	0	0	1	0	0	0	0	0	0	4	0	0	0	0	3	0	0	0	3	0	0	0	1	0	0	0	0	0	0	0	0	1	0
9550	28 Jul 25	03:14:00	1	0	53	0	Ct	0	0	0	3	0	0	0	0	0	1	1	0	2	0	3	1	0	0	0	2	0	0	0	0	0	0	0	0	0	0	0	0	4	0
9551	28 Jul 25	03:15:00	1	0	53	0	Ct	0	0	0	4	6	3	0	0	0	2	2	0	2	0	1	0	0	0	0	1	0	0	0	0	0	0	0	0	0	0	0	0	0	0
9552	28 Jul 25	03:16:00	1	0	53	0	Ct	0	0	0	0	0	0	0	0	0	1	1	0	1	0	0	4	0	0	0	1	0	0	0	0	0	0	0	0	0	0	0	0	0	0
9553	28 Jul 25	03:17:00	1	0	53	0	Ct	0	0	0	0	0	0	0	0	0	2	0	0	0	0	0	0	0	0	0	2	0	0	0	1	0	0	0	0	0	0	0	0	0	0
9554	28 Jul 25	03:18:00	1	0	53	0	Ct	0	0	0	1	0	0	0	0	0	1	0	0	0	0	0	0	0	2	0	2	0	0	0	2	0	0	0	0	0	0	0	0	1	0
9555	28 Jul 25	03:19:00	1	0	53	0	Ct	0	0	0	1	0	0	0	0	0	1	2	0	0	0	2	3	0	0	0	2	0	0	0	0	0	0	0	0	0	0	0	0	5	0
9556	28 Jul 25	03:20:00	1	0	53	0	Ct	0	0	0	3	0	0	0	0	0	1	1	0	0	0	0	4	0	2	0	0	0	0	0	0	0	0	0	0	0	0	0	0	3	0
9557	28 Jul 25	03:21:00	1	0	53	0	Ct	0	0	1	1	0	0	0	0	0	1	0	0	0	0	0	2	0	0	0	0	0	0	0	1	0	0	0	0	0	0	0	0	3	0
9558	28 Jul 25	03:22:00	1	0	53	0	Ct	0	0	1	2	0	0	1	0	0	1	0	0	0	0	0	1	0	5	0	2	0	0	0	0	0	0	0	0	0	0	0	0	2	0
9559	28 Jul 25	03:23:00	1	0	53	0	Ct	0	0	0	0	0	0	1	0	0	2	0	0	1	0	0	4	0	0	0	0	0	0	0	0	0	0	0	0	0	0	0	0	3	0
9560	28 Jul 25	03:24:00	1	0	53	0	Ct	0	0	0	1	0	0	0	0	0	3	0	0	0	0	0	1	0	0	0	0	0	0	0	1	0	0	0	0	0	0	0	0	2	0
9561	28 Jul 25	03:25:00	1	0	53	0	Ct	0	0	0	2	0	0	0	0	0	1	0	0	5	0	0	3	0	2	0	0	0	0	0	6	0	0	0	0	0	0	0	0	2	0
9562	28 Jul 25	03:26:00	1	0	53	0	Ct	0	0	0	0	1	0	2	0	0	2	0	0	0	0	0	0	0	1	0	0	0	0	0	8	0	0	0	0	0	0	0	0	1	0
9563	28 Jul 25	03:27:00	1	0	53	0	Ct	0	0	0	0	0	0	6	0	0	1	0	0	0	0	0	1	0	0	0	0	0	0	0	0	0	0	0	0	0	0	0	0	3	0
9564	28 Jul 25	03:28:00	1	0	53	0	Ct	0	0	0	1	0	0	2	0	0	2	0	0	0	0	0	3	0	0	0	0	0	0	0	0	0	0	0	0	0	0	0	0	2	0
9565	28 Jul 25	03:29:00	1	0	53	0	Ct	0	0	0	2	0	2	0	0	0	1	0	0	0	0	0	2	0	0	0	0	0	0	0	1	0	0	0	0	0	0	0	0	5	0
9566	28 Jul 25	03:30:00	1	0	53	0	Ct	0	0	0	3	0	0	0	0	0	0	0	0	1	0	0	2	0	0	0	0	0	0	0	1	0	0	0	0	0	0	0	0	1	0
9567	28 Jul 25	03:31:00	1	0	53	0	Ct	0	0	0	0	0	0	0	0	0	0	0	0	0	0	0	2	0	0	0	0	0	0	0	3	0	0	0	0	0	0	0	0	3	0
9568	28 Jul 25	03:32:00	1	0	53	0	Ct	0	0	0	0	0	0	0	0	0	1	0	0	0	0	0	0	0	0	0	0	0	0	0	3	0	0	0	0	0	0	0	0	3	0
9569	28 Jul 25	03:33:00	1	0	53	0	Ct	0	0	0	0	0	0	0	1	0	1	0	0	4	0	0	0	0	0	0	0	0	0	0	0	0	0	0	0	0	0	0	0	4	0
9570	28 Jul 25	03:34:00	1	0	53	0	Ct	0	0	0	1	0	0	0	2	0	0	0	0	0	0	0	0	0	0	0	0	0	0	0	0	0	0	0	0	0	0	0	0	4	0
9571	28 Jul 25	03:35:00	1	0	53	0	Ct	0	0	0	1	1	0	0	3	0	0	0	0	0	0	0	4	0	1	0	0	0	0	0	1	0	0	0	0	0	0	0	0	3	0
9572	28 Jul 25	03:36:00	1	0	53	0	Ct	0	0	0	2	0	0	0	0	0	0	0	0	0	0	0	4	0	0	4	0	0	0	1	1	0	0	0	0	0	0	0	0	2	0
9573	28 Jul 25	03:37:00	1	0	53	0	Ct	0	0	0	1	0	0	0	1	0	0	0	0	0	0	0	2	0	0	2	0	0	0	2	1	0	0	0	0	0	0	0	0	3	0
9574	28 Jul 25	03:38:00	1	0	53	0	Ct	0	0	0	1	0	0	0	0	0	0	0	0	0	0	0	1	0	3	0	0	0	0	4	0	0	0	0	0	0	0	0	0	5	0
9575	28 Jul 25	03:39:00	1	0	53	0	Ct	0	0	0	0	0	0	0	0	0	0	0	0	0	0	0	2	0	2	0	0	0	0	5	1	0	3	0	0	0	0	0	0	2	0
9576	28 Jul 25	03:40:00	1	0	53	0	Ct	0	0	0	0	1	0	0	0	0	0	0	0	0	0	0	2	0	2	0	2	0	0	3	0	0	2	0	0	0	0	0	0	2	2
9577	28 Jul 25	03:41:00	1	0	53	0	Ct	0	0	0	3	0	0	0	0	0	0	0	0	0	0	0	4	0	4	0	1	0	0	4	1	0	1	0	0	0	0	0	0	0	1
9578	28 Jul 25	03:42:00	1	0	53	0	Ct	0	0	0	2	0	0	0	0	0	0	0	0	0	0	0	1	0	2	0	0	0	0	3	0	0	1	0	0	0	0	0	0	0	4
9579	28 Jul 25	03:43:00	1	0	53	0	Ct	0	0	0	2	0	0	0	0	0	2	0	0	0	0	0	0	0	2	0	0	0	0	4	0	0	2	0	0	0	0	0	0	0	3
9580	28 Jul 25	03:44:00	1	0	53	0	Ct	0	0	0	0	0	0	0	1	0	2	0	0	0	0	0	1	0	1	0	0	0	0	2	0	0	2	0	0	0	0	0	0	1	3
9581	28 Jul 25	03:45:00	1	0	53	0	Ct	0	0	0	0	0	0	0	0	0	2	2	0	0	0	0	0	0	1	0	0	0	0	3	1	0	2	0	0	0	0	0	0	3	3
9582	28 Jul 25	03:46:00	1	0	53	0	Ct	0	0	0	2	0	0	0	0	0	1	0	2	0	0	0	0	0	0	0	2	0	0	5	1	0	1	0	0	0	0	0	0	3	2
9583	28 Jul 25	03:47:00	1	0	53	0	Ct	0	0	3	4	0	0	0	0	0	1	0	0	0	0	0	0	0	0	0	0	0	0	3	1	0	2	0	0	0	0	0	0	3	1
9584	28 Jul 25	03:48:00	1	0	53	0	Ct	0	0	2	3	0	0	0	0	0	2	0	0	0	0	0	0	0	0	0	1	0	0	3	0	0	4	0	0	0	0	0	0	1	2
9585	28 Jul 25	03:49:00	1	0	53	0	Ct	0	0	0	1	0	0	0	0	0	2	0	0	0	0	0	0	0	0	0	4	0	0	3	0	0	3	0	0	0	0	0	0	2	2
9586	28 Jul 25	03:50:00	1	0	53	0	Ct	0	0	1	2	0	0	0	0	0	2	0	0	1	0	0	3	0	0	0	1	0	0	4	0	0	2	0	0	0	0	0	0	3	2
9587	28 Jul 25	03:51:00	1	0	53	0	Ct	0	0	0	5	0	0	0	0	0	1	0	0	0	0	0	1	0	0	0	1	0	0	4	0	0	2	0	0	0	0	0	0	2	2
9588	28 Jul 25	03:52:00	1	0	53	0	Ct	0	0	0	2	0	0	0	1	0	3	0	0	0	0	0	2	0	0	0	1	0	0	1	2	0	2	0	2	0	0	0	0	2	0
9589	28 Jul 25	03:53:00	1	0	53	0	Ct	0	0	0	0	0	0	0	1	0	2	0	0	0	0	0	5	0	0	0	3	0	0	2	0	0	0	0	0	0	0	0	0	3	0
9590	28 Jul 25	03:54:00	1	0	53	0	Ct	0	0	0	0	0	0	0	0	0	0	0	0	0	0	0	2	0	0	0	0	0	0	3	1	0	0	0	0	0	0	0	0	2	1
9591	28 Jul 25	03:55:00	1	0	53	0	Ct	0	0	0	0	0	0	0	0	0	2	0	0	1	0	0	1	0	0	0	2	0	0	3	0	0	0	1	0	0	0	0	0	1	2
9592	28 Jul 25	03:56:00	1	0	53	0	Ct	0	0	0	0	0	0	0	2	0	2	3	0	7	0	0	1	0	0	0	1	0	0	2	0	0	0	0	0	0	0	0	0	0	1
9593	28 Jul 25	03:57:00	1	0	53	0	Ct	0	0	0	0	0	0	0	0	0	3	0	0	0	0	0	1	0	0	0	0	0	0	3	1	0	0	1	0	0	0	0	0	1	0
9594	28 Jul 25	03:58:00	1	0	53	0	Ct	0	0	0	0	1	0	0	0	0	2	1	0	0	0	0	0	0	0	0	0	0	0	2	1	0	2	0	0	0	0	0	0	3	1
9595	28 Jul 25	03:59:00	1	0	53	0	Ct	0	0	0	1	0	0	0	0	0	0	0	0	0	0	0	2	0	0	0	1	0	0	2	1	0	2	2	0	0	0	0	0	5	3
9596	28 Jul 25	04:00:00	1	0	53	0	Ct	0	0	0	0	0	2	0	0	0	0	0	0	0	0	0	3	0	3	0	0	0	0	2	1	0	2	0	0	0	0	0	0	1	3
9597	28 Jul 25	04:01:00	1	0	53	0	Ct	0	0	0	0	0	0	0	0	0	1	2	0	0	0	0	3	0	0	2	0	0	0	4	0	0	1	0	0	0	0	0	0	0	0
9598	28 Jul 25	04:02:00	1	0	53	0	Ct	0	0	0	0	0	0	0	2	0	0	0	0	2	0	0	1	0	0	0	1	0	0	7	0	0	1	0	0	0	0	0	0	6	0
9599	28 Jul 25	04:03:00	1	0	53	0	Ct	0	0	0	0	0	1	0	0	0	1	0	0	0	0	0	0	0	0	0	0	0	0	19	0	0	0	2	0	0	0	0	0	2	0
9600	28 Jul 25	04:04:00	1	0	53	0	Ct	0	0	1	1	0	1	1	0	0	2	1	0	0	0	0	1	0	0	0	0	0	0	0	0	0	0	0	0	0	0	0	0	3	0
9601	28 Jul 25	04:05:00	1	0	53	0	Ct	0	0	0	1	0	1	4	2	0	1	3	0	0	0	0	1	0	0	0	0	0	0	0	0	0	0	0	0	0	0	0	0	0	0
9602	28 Jul 25	04:06:00	1	0	53	0	Ct	0	0	0	2	0	1	7	0	0	0	1	0	0	0	0	1	0	2	0	0	0	0	0	0	0	0	0	0	0	0	0	0	0	4
9603	28 Jul 25	04:07:00	1	0	53	0	Ct	0	0	0	1	0	0	1	0	0	2	0	0	0	0	0	3	0	0	0	0	0	0	0	0	0	0	0	3	0	0	0	0	0	0
9604	28 Jul 25	04:08:00	1	0	53	0	Ct	0	0	0	0	0	0	0	0	0	0	0	0	2	0	0	0	0	0	0	0	0	0	0	0	0	0	0	0	0	0	0	0	1	0
9605	28 Jul 25	04:09:00	1	0	53	0	Ct	0	0	0	0	0	0	0	0	0	2	0	0	0	0	0	0	0	1	0	0	0	0	0	0	0	0	0	4	0	0	0	0	3	1
9606	28 Jul 25	04:10:00	1	0	53	0	Ct	0	0	0	3	1	0	0	0	0	2	2	1	0	0	0	4	0	3	0	0	0	0	0	0	0	0	0	1	0	0	0	0	1	3
9607	28 Jul 25	04:11:00	1	0	53	0	Ct	0	0	0	2	0	0	0	0	0	3	1	1	0	0	0	2	0	3	0	0	0	0	0	0	0	0	0	0	0	0	0	0	4	2
9608	28 Jul 25	04:12:00	1	0	53	0	Ct	0	0	0	0	0	0	0	0	0	0	2	0	0	0	1	0	0	0	0	0	0	0	0	0	0	0	0	3	0	0	0	0	4	0
9609	28 Jul 25	04:13:00	1	0	53	0	Ct	0	0	1	2	0	0	0	0	0	3	2	0	0	0	0	3	0	0	0	0	0	0	0	0	0	0	0	2	0	0	0	0	3	3
9610	28 Jul 25	04:14:00	1	0	53	0	Ct	0	0	1	0	0	0	0	0	0	1	1	1	0	0	0	6	0	2	4	0	0	0	0	0	0	0	0	1	0	0	0	0	3	3
9611	28 Jul 25	04:15:00	1	0	53	0	Ct	0	0	0	0	2	0	0	0	0	2	0	0	0	0	0	2	0	0	0	0	0	0	0	0	0	0	0	0	0	0	0	0	1	1
9612	28 Jul 25	04:16:00	1	0	53	0	Ct	0	0	1	0	0	0	0	0	0	1	0	0	0	0	0	1	0	0	0	0	0	0	0	0	0	0	0	1	0	0	0	0	0	1
9613	28 Jul 25	04:17:00	1	0	53	0	Ct	0	0	0	1	0	0	4	0	0	3	0	0	0	0	0	1	0	0	1	0	0	0	0	2	0	0	0	0	0	0	0	0	3	0
9614	28 Jul 25	04:18:00	1	0	53	0	Ct	0	0	1	0	0	0	0	1	0	1	0	0	0	0	0	0	0	1	2	0	0	0	0	2	0	0	1	0	0	0	0	0	2	0
9615	28 Jul 25	04:19:00	1	0	53	0	Ct	0	0	0	1	0	0	0	1	0	0	0	0	0	0	0	0	0	3	3	0	0	0	0	0	0	0	1	0	0	0	0	0	1	0
9616	28 Jul 25	04:20:00	1	0	53	0	Ct	0	0	0	2	0	1	0	0	0	2	0	0	0	0	0	1	0	1	1	0	0	0	0	1	0	0	0	0	0	0	0	0	3	0
9617	28 Jul 25	04:21:00	1	0	53	0	Ct	0	0	0	0	0	1	0	1	0	1	0	0	0	0	0	3	0	0	2	0	0	0	0	4	0	0	0	0	0	0	0	0	3	0
9618	28 Jul 25	04:22:00	1	0	53	0	Ct	0	0	0	0	0	0	0	1	0	0	0	1	0	0	0	0	2	1	4	0	0	0	0	1	0	0	0	0	0	0	0	0	2	0
9619	28 Jul 25	04:23:00	1	0	53	0	Ct	0	0	1	0	0	1	0	1	0	3	0	0	0	0	0	0	0	2	1	0	2	0	0	1	0	0	0	4	0	0	0	0	1	3
9620	28 Jul 25	04:24:00	1	0	53	0	Ct	0	0	1	2	0	1	0	6	0	7	0	0	2	0	0	1	0	2	22	0	1	0	0	0	0	0	0	0	0	0	0	0	2	2
9621	28 Jul 25	04:25:00	1	0	53	0	Ct	0	0	1	3	0	2	0	3	0	0	0	0	0	0	0	2	0	2	16	0	0	0	0	2	0	0	0	0	0	0	0	0	0	3
9622	28 Jul 25	04:26:00	1	0	53	0	Ct	0	0	0	2	0	0	0	0	0	2	0	0	0	0	0	0	0	1	6	0	0	0	0	0	0	0	0	0	0	0	0	0	1	0
9623	28 Jul 25	04:27:00	1	0	53	0	Ct	0	0	0	3	0	0	0	0	0	5	0	0	0	0	0	0	0	0	0	0	0	0	0	0	0	0	0	0	0	0	0	0	2	3
9624	28 Jul 25	04:28:00	1	0	53	0	Ct	0	0	0	0	0	0	0	0	0	3	0	0	0	0	0	0	0	2	0	0	0	0	0	0	0	0	0	0	0	0	0	0	3	0
9625	28 Jul 25	04:29:00	1	0	53	0	Ct	0	0	0	0	0	0	0	0	0	2	0	0	0	0	0	0	0	3	3	0	0	0	0	0	0	0	0	0	0	0	0	0	1	1
9626	28 Jul 25	04:30:00	1	0	53	0	Ct	0	0	0	0	0	0	0	0	0	1	3	0	0	0	0	0	0	1	4	0	0	0	0	2	0	0	0	0	0	0	0	0	0	1
9627	28 Jul 25	04:31:00	1	0	53	0	Ct	0	0	0	0	0	0	0	0	0	1	0	0	0	0	0	1	0	0	9	0	0	0	0	0	0	0	0	0	0	0	0	0	1	3
9628	28 Jul 25	04:32:00	1	0	53	0	Ct	0	0	0	1	0	0	0	0	0	3	0	0	0	0	0	3	0	0	3	0	0	0	0	0	0	0	0	0	0	0	0	0	2	0
9629	28 Jul 25	04:33:00	1	0	53	0	Ct	0	0	0	1	0	0	0	1	0	0	0	0	0	0	0	0	0	0	5	0	0	0	0	1	0	0	0	0	0	0	0	0	2	0
9630	28 Jul 25	04:34:00	1	0	53	0	Ct	0	0	0	0	0	0	0	0	0	0	0	0	0	0	0	1	0	0	0	0	0	0	0	1	0	0	0	0	0	0	0	0	6	0
9631	28 Jul 25	04:35:00	1	0	53	0	Ct	0	0	0	0	0	0	0	0	0	0	0	0	0	0	0	3	0	0	4	0	0	0	0	4	0	0	0	0	0	0	0	0	3	0
9632	28 Jul 25	04:36:00	1	0	53	0	Ct	0	0	0	0	0	0	0	1	0	2	0	0	0	0	0	2	0	0	2	0	0	0	0	0	0	1	1	0	0	0	0	0	3	0
9633	28 Jul 25	04:37:00	1	0	53	0	Ct	0	0	0	0	0	0	0	0	0	1	0	1	0	0	0	2	0	0	7	0	0	0	0	1	0	3	0	0	0	0	0	0	1	0
9634	28 Jul 25	04:38:00	1	0	53	0	Ct	0	0	1	1	0	0	0	0	0	2	0	1	0	0	0	0	0	1	5	0	0	0	0	1	0	4	0	0	0	0	0	0	1	0
9635	28 Jul 25	04:39:00	1	0	53	0	Ct	0	0	0	0	0	0	0	0	0	2	0	0	0	0	0	3	0	1	3	0	0	0	0	1	0	2	0	0	0	0	0	0	2	1
9636	28 Jul 25	04:40:00	1	0	53	0	Ct	0	0	0	0	0	0	0	1	0	2	1	0	1	0	0	1	0	1	3	0	0	0	0	1	0	2	0	0	0	0	0	0	0	3
9637	28 Jul 25	04:41:00	1	0	53	0	Ct	0	0	0	0	0	0	0	1	0	1	1	0	2	0	1	3	0	0	4	0	0	0	0	2	0	0	0	0	0	0	0	0	0	0
9638	28 Jul 25	04:42:00	1	0	53	0	Ct	0	0	0	0	0	0	0	0	0	2	0	0	0	0	0	0	0	0	2	0	0	0	0	0	0	0	0	0	0	0	0	0	0	1
9639	28 Jul 25	04:43:00	1	0	53	0	Ct	0	0	0	2	0	0	0	0	0	0	0	4	0	0	0	0	0	0	4	0	0	0	0	0	0	4	0	0	0	0	0	0	0	1
9640	28 Jul 25	04:44:00	1	0	53	0	Ct	0	0	0	2	2	2	0	0	0	2	0	1	0	0	3	2	0	0	3	0	0	0	0	0	0	3	0	0	0	0	0	0	0	0
9641	28 Jul 25	04:45:00	1	0	53	0	Ct	0	0	0	0	0	1	0	0	0	0	4	0	0	0	1	3	0	0	4	0	0	0	0	0	0	3	0	0	0	0	0	0	0	2
9642	28 Jul 25	04:46:00	1	0	53	0	Ct	0	0	0	0	1	0	0	0	0	2	3	0	0	0	2	0	0	0	4	0	0	0	0	0	0	2	0	1	0	0	0	0	2	1
9643	28 Jul 25	04:47:00	1	0	53	0	Ct	0	0	0	0	0	6	0	1	0	0	0	0	0	2	3	3	0	0	4	0	0	0	0	0	0	1	0	0	0	0	0	0	3	1
9644	28 Jul 25	04:48:00	1	0	53	0	Ct	0	0	0	1	2	2	1	0	0	0	1	0	0	0	3	2	0	1	4	0	0	0	0	2	0	4	0	0	0	0	0	0	0	0
9645	28 Jul 25	04:49:00	1	0	53	0	Ct	0	0	0	3	1	1	1	0	0	4	2	0	0	0	2	2	0	1	4	0	0	0	0	1	0	3	0	0	0	0	0	0	1	0
9646	28 Jul 25	04:50:00	1	0	53	0	Ct	0	0	0	0	0	2	0	0	0	2	1	0	0	0	2	2	0	3	4	0	0	0	0	0	0	1	0	0	0	0	0	0	4	3
9647	28 Jul 25	04:51:00	1	0	53	0	Ct	0	0	0	0	1	1	0	0	0	1	2	0	2	0	1	2	0	1	4	0	0	0	0	0	0	2	0	0	0	0	0	0	3	1
9648	28 Jul 25	04:52:00	1	0	53	0	Ct	0	0	0	1	0	3	0	0	0	0	1	0	0	0	4	2	0	2	4	0	0	0	0	0	0	2	1	0	0	0	0	0	0	0
9649	28 Jul 25	04:53:00	1	0	53	0	Ct	0	0	0	1	0	2	0	0	0	0	0	0	2	0	0	1	0	1	1	0	0	0	0	0	0	2	0	0	0	0	0	0	2	0
9650	28 Jul 25	04:54:00	1	0	53	0	Ct	0	0	0	0	0	2	5	0	0	0	5	0	0	0	3	1	0	0	3	0	0	0	0	0	0	1	0	0	0	0	0	0	3	0
9651	28 Jul 25	04:55:00	1	0	53	0	Ct	0	0	0	1	0	2	0	0	0	0	0	0	0	0	2	2	0	2	9	0	0	0	0	0	0	0	0	0	0	0	0	0	2	0
9652	28 Jul 25	04:56:00	1	0	53	0	Ct	0	0	0	2	0	0	0	0	0	3	0	0	0	0	2	4	0	0	2	0	0	0	0	0	0	0	2	0	0	0	0	0	5	0
9653	28 Jul 25	04:57:00	1	0	53	0	Ct	0	0	0	2	0	0	0	0	0	2	2	0	3	0	3	2	0	0	3	0	0	0	0	0	0	0	2	0	0	0	0	0	2	0
9654	28 Jul 25	04:58:00	1	0	53	0	Ct	0	0	0	2	0	1	0	0	0	4	2	0	0	0	2	0	0	0	4	0	0	0	0	0	0	0	2	0	0	0	0	0	2	0
9655	28 Jul 25	04:59:00	1	0	53	0	Ct	0	0	0	1	0	1	0	0	0	0	1	0	2	0	2	0	0	0	4	0	0	0	0	0	0	0	0	0	0	0	0	0	2	2
9656	28 Jul 25	05:00:00	1	0	53	0	Ct	0	0	1	2	0	0	0	0	0	1	3	0	9	0	3	1	0	0	3	0	0	0	0	0	0	0	2	0	0	0	0	0	1	0
9657	28 Jul 25	05:01:00	1	0	53	0	Ct	0	0	1	2	0	4	0	0	0	1	2	0	2	0	2	3	0	0	3	0	0	0	0	0	0	0	3	0	0	0	0	0	0	0
9658	28 Jul 25	05:02:00	1	0	53	0	Ct	0	0	0	0	0	1	0	1	0	0	3	0	0	0	2	2	0	0	4	0	0	0	0	1	0	0	1	0	0	0	0	0	0	2
9659	28 Jul 25	05:03:00	1	0	53	0	Ct	0	0	0	3	0	0	0	0	0	1	2	0	0	0	1	5	0	0	4	0	0	0	0	1	0	0	1	0	0	0	0	0	0	2
9660	28 Jul 25	05:04:00	1	0	53	0	Ct	0	0	3	3	0	0	0	0	0	2	3	0	1	0	3	2	0	0	5	0	0	0	0	0	0	0	4	0	0	0	0	0	0	0
9661	28 Jul 25	05:05:00	1	0	53	0	Ct	0	0	5	0	0	0	0	1	0	0	2	0	2	0	1	5	0	1	4	0	0	0	0	0	0	0	3	0	0	0	0	0	0	0
9662	28 Jul 25	05:06:00	1	0	53	0	Ct	0	0	5	2	0	0	0	3	0	0	2	0	4	0	2	1	0	3	3	0	0	0	0	0	0	0	2	0	0	0	0	0	0	2
9663	28 Jul 25	05:07:00	1	0	53	0	Ct	0	0	3	0	0	0	2	1	0	0	1	0	3	0	1	0	0	2	3	0	0	0	0	0	0	0	2	0	0	0	0	0	1	1
9664	28 Jul 25	05:08:00	1	0	53	0	Ct	0	0	3	1	6	2	0	0	0	0	2	0	2	0	2	4	0	2	1	0	2	0	0	0	0	0	0	0	0	0	0	0	2	2
9665	28 Jul 25	05:09:00	1	0	53	0	Ct	0	0	3	2	0	5	0	1	0	0	5	0	4	0	2	1	0	3	2	0	0	0	0	0	0	0	2	0	0	0	0	0	2	2
9666	28 Jul 25	05:10:00	1	0	53	0	Ct	0	0	3	2	0	3	0	4	0	0	2	0	2	0	2	0	0	0	0	0	0	0	0	0	0	0	0	0	0	0	0	0	9	2
9667	28 Jul 25	05:11:00	1	0	53	0	Ct	0	0	3	3	0	0	0	0	0	0	0	0	3	0	2	0	0	0	3	0	1	0	0	0	0	0	2	0	0	0	0	0	3	0
9668	28 Jul 25	05:12:00	1	0	53	0	Ct	0	0	3	3	0	2	0	0	0	0	0	2	2	0	2	0	0	1	3	0	9	0	0	0	0	1	0	0	0	0	0	0	2	2
9669	28 Jul 25	05:13:00	1	0	53	0	Ct	0	0	4	0	0	0	0	0	0	0	2	1	6	0	1	0	0	0	3	0	0	0	0	0	0	3	2	0	0	0	0	0	2	1
9670	28 Jul 25	05:14:00	1	0	53	0	Ct	0	0	4	3	1	2	0	0	0	0	3	1	6	0	1	0	1	2	4	0	0	0	0	0	0	3	4	0	0	0	0	0	2	2
9671	28 Jul 25	05:15:00	1	0	53	0	Ct	0	0	1	1	2	1	0	0	0	2	2	0	3	0	4	1	2	5	3	0	0	0	0	0	0	1	2	0	0	0	0	0	2	1
9672	28 Jul 25	05:16:00	1	0	53	0	Ct	0	0	1	0	2	0	0	3	0	3	2	0	2	0	1	2	0	0	4	0	0	0	0	0	0	2	2	0	0	0	0	0	1	2
9673	28 Jul 25	05:17:00	1	0	53	0	Ct	0	0	3	3	0	0	0	0	0	0	3	1	0	0	2	1	0	1	3	0	2	0	0	0	0	3	2	0	0	0	0	0	4	0
9674	28 Jul 25	05:18:00	1	0	53	0	Ct	0	0	2	0	3	0	0	0	0	0	3	0	3	0	3	1	0	0	3	0	0	0	0	0	0	3	2	0	0	0	0	0	4	1
9675	28 Jul 25	05:19:00	1	0	53	0	Ct	0	0	3	2	1	2	0	1	0	3	3	0	4	0	2	0	0	1	2	3	0	0	0	0	0	3	2	0	0	0	0	0	4	1
9676	28 Jul 25	05:20:00	1	0	53	0	Ct	0	0	3	0	0	2	0	0	0	4	1	0	3	0	2	2	0	2	3	3	0	0	0	0	0	1	0	0	0	0	0	0	0	1
9677	28 Jul 25	05:21:00	1	0	53	0	Ct	0	0	2	2	1	4	0	0	0	2	2	0	2	0	1	2	0	0	0	0	0	0	0	0	0	2	1	0	0	0	0	0	0	0
9678	28 Jul 25	05:22:00	1	0	53	0	Ct	0	0	1	2	2	3	0	0	0	2	2	0	3	0	1	0	0	1	2	2	0	3	0	0	0	4	1	0	0	0	0	0	0	0
9679	28 Jul 25	05:23:00	1	0	53	0	Ct	0	0	2	2	1	2	0	0	0	3	3	0	2	0	3	0	0	2	0	1	0	1	0	0	0	0	1	0	0	0	0	0	1	1
9680	28 Jul 25	05:24:00	1	0	53	0	Ct	0	0	2	0	0	1	0	0	0	1	1	0	2	0	4	3	0	0	2	0	0	2	0	3	0	0	2	0	0	0	0	0	2	2
9681	28 Jul 25	05:25:00	1	0	53	0	Ct	0	0	10	0	1	1	0	0	0	1	1	0	4	0	2	0	0	3	4	1	0	1	0	1	0	0	6	0	0	0	0	0	3	0
9682	28 Jul 25	05:26:00	1	0	53	0	Ct	0	0	5	0	4	1	0	0	0	4	2	0	3	0	2	0	0	1	2	0	0	9	0	1	0	0	1	0	0	0	0	0	2	0
9683	28 Jul 25	05:27:00	1	0	53	0	Ct	0	0	1	1	3	2	0	0	0	4	2	0	4	0	3	2	0	0	7	0	0	3	0	0	0	0	0	0	0	0	0	0	0	0
9684	28 Jul 25	05:28:00	1	0	53	0	Ct	0	0	2	1	4	4	0	0	0	2	4	0	3	0	1	2	0	0	3	1	0	4	0	1	0	0	0	0	0	0	0	0	1	0
9685	28 Jul 25	05:29:00	1	0	53	0	Ct	0	0	2	2	1	1	1	0	0	2	1	0	3	0	2	0	0	0	2	2	0	4	0	2	0	0	0	0	0	0	0	0	5	0
9686	28 Jul 25	05:30:00	1	0	53	0	Ct	0	0	1	1	0	1	3	2	0	1	0	0	3	0	1	5	0	0	4	1	0	4	0	2	0	3	1	0	0	0	0	0	1	0
9687	28 Jul 25	05:31:00	1	0	53	0	Ct	0	0	1	0	0	3	3	0	0	0	3	1	6	0	2	2	0	0	3	0	0	0	0	1	0	3	3	0	0	0	0	0	3	0
9688	28 Jul 25	05:32:00	1	0	53	0	Ct	0	0	2	0	0	2	2	0	0	0	4	0	5	0	0	5	0	0	3	2	1	5	0	10	0	1	0	1	0	0	0	0	1	0
9689	28 Jul 25	05:33:00	1	0	53	0	Ct	0	0	0	1	1	1	4	1	0	0	4	0	2	0	0	0	0	2	2	0	0	1	2	10	0	0	3	1	0	0	0	0	0	0
9690	28 Jul 25	05:34:00	1	0	53	0	Ct	0	0	3	3	1	0	2	0	0	0	1	0	3	0	3	1	0	0	1	0	0	2	0	11	0	1	1	2	0	0	0	0	0	0
9691	28 Jul 25	05:35:00	1	0	53	0	Ct	0	0	1	1	3	0	21	2	0	0	5	0	2	0	1	0	0	1	5	1	0	3	2	17	0	1	2	2	0	0	0	0	0	0
9692	28 Jul 25	05:36:00	1	0	53	0	Ct	0	0	0	6	3	0	6	5	0	0	4	1	3	0	4	0	0	1	1	0	0	2	3	1	0	1	3	1	0	0	0	0	1	0
9693	28 Jul 25	05:37:00	1	0	53	0	Ct	0	0	0	1	1	0	2	0	0	0	7	0	1	0	3	6	0	2	4	1	0	4	4	0	0	0	2	1	0	0	0	0	4	0
9694	28 Jul 25	05:38:00	1	0	53	0	Ct	0	0	0	1	0	0	3	0	0	0	3	0	5	0	1	1	0	2	2	3	0	3	2	0	0	1	6	1	0	0	0	0	4	0
9695	28 Jul 25	05:39:00	1	0	53	0	Ct	0	0	0	2	3	0	0	1	0	0	2	0	2	0	2	3	0	1	2	0	0	2	4	1	0	3	1	1	0	0	0	0	3	4
9696	28 Jul 25	05:40:00	1	0	53	0	Ct	0	0	0	1	0	0	0	0	0	0	2	0	2	0	2	1	0	2	1	0	0	4	2	0	0	2	1	1	0	0	0	0	5	2
9697	28 Jul 25	05:41:00	1	0	53	0	Ct	0	0	1	0	0	0	6	2	0	0	2	0	1	1	2	2	0	1	0	0	0	2	4	0	0	2	0	1	0	0	0	0	1	2
9698	28 Jul 25	05:42:00	1	0	53	0	Ct	0	0	1	1	3	0	3	1	0	0	1	0	2	0	1	3	0	0	2	0	0	3	3	0	0	3	2	2	0	0	0	0	4	2
9699	28 Jul 25	05:43:00	1	0	53	0	Ct	0	0	0	3	2	0	3	3	0	0	2	0	12	0	0	0	0	0	1	0	0	3	3	2	0	3	0	1	0	0	0	0	3	1
9700	28 Jul 25	05:44:00	1	0	53	0	Ct	0	0	3	2	1	0	4	2	0	0	1	0	0	0	1	0	0	0	2	0	7	3	1	1	0	2	2	2	0	0	0	0	4	2
9701	28 Jul 25	05:45:00	1	0	53	0	Ct	0	0	3	0	0	0	4	3	0	0	1	0	2	0	1	0	0	1	3	0	7	0	2	0	0	0	0	0	0	0	0	0	1	3
9702	28 Jul 25	05:46:00	1	0	53	0	Ct	0	0	0	1	0	2	1	4	0	0	1	0	0	0	1	1	0	2	3	0	0	2	3	1	0	1	0	1	0	0	0	0	1	5
9703	28 Jul 25	05:47:00	1	0	53	0	Ct	0	0	3	2	1	0	3	1	0	0	2	0	0	0	0	1	0	3	0	0	1	2	4	1	0	0	0	2	0	0	0	0	0	0
9704	28 Jul 25	05:48:00	1	0	53	0	Ct	0	0	1	3	1	0	3	0	0	0	2	0	3	0	1	2	0	0	1	0	0	1	3	2	0	0	0	2	0	0	0	0	0	1
9705	28 Jul 25	05:49:00	1	0	53	0	Ct	0	0	2	1	1	0	3	0	0	0	2	3	0	0	1	1	0	2	3	0	5	2	2	0	0	0	0	0	0	0	0	0	0	1
9706	28 Jul 25	05:50:00	1	0	53	0	Ct	0	0	1	1	2	0	3	2	0	0	3	0	4	0	0	4	0	1	4	0	29	2	2	1	0	0	0	1	0	0	0	0	0	2
9707	28 Jul 25	05:51:00	1	0	53	0	Ct	0	0	2	0	1	0	3	1	0	0	2	0	2	0	2	3	0	1	2	0	12	3	4	5	0	0	2	2	0	0	0	0	2	0
9708	28 Jul 25	05:52:00	1	0	53	0	Ct	0	0	4	0	1	0	4	2	0	0	0	0	2	0	2	1	0	0	4	1	1	2	2	2	0	0	3	0	0	0	0	0	3	2
9709	28 Jul 25	05:53:00	1	0	53	0	Ct	0	0	0	0	2	0	3	4	2	0	0	0	2	0	1	4	0	2	3	4	3	1	2	1	0	0	6	1	0	0	0	0	0	0
9710	28 Jul 25	05:54:00	1	0	53	0	Ct	0	0	4	0	0	0	3	5	1	1	4	0	2	0	2	1	0	1	2	2	3	1	2	0	0	0	2	3	0	0	0	0	2	0
9711	28 Jul 25	05:55:00	1	0	53	0	Ct	0	0	0	1	3	0	4	6	4	1	4	3	2	0	1	2	0	0	0	2	4	2	2	0	0	1	5	1	0	0	0	0	2	0
9712	28 Jul 25	05:56:00	1	0	53	0	Ct	0	0	2	2	3	1	2	9	1	0	3	1	2	0	2	3	0	1	5	1	3	1	0	1	0	0	0	2	0	0	1	0	1	0
9713	28 Jul 25	05:57:00	1	0	53	0	Ct	0	0	2	0	2	1	2	5	2	1	1	0	2	0	2	4	0	0	2	3	1	4	2	0	0	0	2	2	0	0	1	0	3	0
9714	28 Jul 25	05:58:00	1	0	53	0	Ct	0	0	2	1	2	1	3	2	5	3	0	0	3	0	2	2	0	3	2	3	2	2	2	0	0	0	3	1	0	0	0	0	5	0
9715	28 Jul 25	05:59:00	1	0	53	0	Ct	0	0	3	0	0	0	3	0	5	1	0	0	2	0	0	1	0	0	5	0	4	1	1	0	0	0	0	1	0	0	0	0	3	0
9716	28 Jul 25	06:00:00	1	0	53	0	Ct	0	0	2	1	2	2	2	0	2	6	0	0	3	1	1	1	0	0	2	4	1	1	0	0	0	1	1	0	0	0	0	0	2	0
9717	28 Jul 25	06:01:00	1	0	53	0	Ct	0	0	2	1	0	0	2	0	1	3	0	0	2	0	1	2	0	2	3	3	1	4	0	0	0	2	3	0	0	0	0	0	3	0
9718	28 Jul 25	06:02:00	1	0	53	0	Ct	0	0	0	2	1	5	3	2	4	1	0	0	2	2	1	1	0	0	3	1	3	1	0	0	0	1	2	1	0	0	4	0	2	0
9719	28 Jul 25	06:03:00	1	0	53	0	Ct	0	0	0	0	1	2	1	3	4	1	0	0	3	0	1	0	0	0	5	1	12	3	0	0	0	2	1	3	0	0	3	0	5	3
9720	28 Jul 25	06:04:00	1	0	53	0	Ct	0	0	0	1	0	1	2	1	3	2	1	1	2	2	1	5	0	0	4	4	2	1	0	2	0	0	5	3	0	0	3	0	4	1
9721	28 Jul 25	06:05:00	1	0	53	0	Ct	0	0	0	2	2	1	2	0	3	5	2	2	3	4	1	3	0	0	3	0	1	3	0	0	0	1	1	1	0	0	3	0	0	0
9722	28 Jul 25	06:06:00	1	0	53	0	Ct	0	0	4	3	0	0	5	0	5	2	4	4	1	3	1	5	0	0	3	1	1	3	0	0	0	0	0	0	0	0	2	0	0	0
9723	28 Jul 25	06:07:00	1	0	53	0	Ct	0	0	2	1	1	1	3	1	4	3	2	6	2	2	2	3	0	0	4	0	3	3	0	1	0	0	2	2	0	0	6	0	1	3
9724	28 Jul 25	06:08:00	1	0	53	0	Ct	0	0	3	0	3	2	3	3	3	3	1	4	4	1	0	0	0	0	2	0	3	3	0	1	0	0	1	1	0	0	2	0	3	2
9725	28 Jul 25	06:09:00	1	0	53	0	Ct	0	0	3	1	3	3	2	2	3	1	3	2	4	2	2	3	0	1	0	0	1	0	0	1	0	0	0	0	0	0	3	0	1	0
9726	28 Jul 25	06:10:00	1	0	53	0	Ct	0	0	4	3	1	1	2	4	3	0	2	4	4	0	2	5	0	0	3	1	2	2	0	1	0	0	0	0	0	0	3	0	4	0
9727	28 Jul 25	06:11:00	1	0	53	0	Ct	0	0	3	0	1	2	2	3	1	3	1	5	2	0	1	1	0	1	4	3	2	2	1	0	0	0	0	0	0	0	2	0	3	0
9728	28 Jul 25	06:12:00	1	0	53	0	Ct	0	0	2	3	0	1	2	2	1	3	2	3	2	0	2	0	0	2	2	0	3	1	1	0	0	0	0	0	0	0	2	0	2	0
9729	28 Jul 25	06:13:00	1	0	53	0	Ct	0	0	3	2	0	2	3	1	4	1	2	4	3	0	1	1	0	0	4	0	2	1	2	0	0	0	0	0	0	0	3	0	2	0
9730	28 Jul 25	06:14:00	1	0	53	0	Ct	0	0	2	2	2	4	3	5	3	2	1	4	2	2	2	0	0	1	3	1	2	1	1	2	0	0	0	0	0	0	2	0	3	3
9731	28 Jul 25	06:15:00	1	0	53	0	Ct	0	0	2	2	1	0	4	0	4	3	2	4	1	0	4	1	0	0	4	0	1	5	0	1	0	0	0	0	0	0	2	0	1	0
9732	28 Jul 25	06:16:00	1	0	53	0	Ct	0	0	3	1	5	1	4	2	0	1	3	4	2	0	0	0	0	2	1	0	1	3	0	2	0	0	0	3	0	0	0	0	3	0
9733	28 Jul 25	06:17:00	1	0	53	0	Ct	0	0	2	1	5	1	4	3	1	2	3	3	3	0	4	2	0	2	3	0	2	3	0	1	0	0	0	2	0	0	3	0	2	0
9734	28 Jul 25	06:18:00	1	0	53	0	Ct	0	0	1	1	4	2	2	4	3	1	0	2	3	0	0	1	0	1	3	0	5	2	0	0	0	0	1	3	0	0	2	0	1	0
9735	28 Jul 25	06:19:00	1	0	53	0	Ct	0	0	2	2	1	2	3	0	3	3	0	4	7	0	2	4	0	2	4	0	3	2	0	1	0	0	1	0	0	0	2	0	0	0
9736	28 Jul 25	06:20:00	1	0	53	0	Ct	0	0	1	2	1	4	3	1	1	1	3	4	1	0	3	3	0	1	1	0	1	1	0	0	0	0	1	2	0	0	4	0	0	0
9737	28 Jul 25	06:21:00	1	0	53	0	Ct	0	0	2	1	0	1	2	0	4	3	2	3	0	0	1	3	0	1	0	0	2	1	0	0	0	0	2	2	0	0	2	0	0	1
9738	28 Jul 25	06:22:00	1	0	53	0	Ct	0	0	3	3	3	2	2	3	4	1	2	4	1	0	0	2	0	0	3	0	0	0	0	1	0	1	0	1	0	0	1	0	0	2
9739	28 Jul 25	06:23:00	1	0	53	0	Ct	0	0	1	2	2	1	1	3	2	1	3	3	1	0	2	5	0	2	3	0	1	0	0	0	0	2	1	1	0	0	2	0	0	0
9740	28 Jul 25	06:24:00	1	0	53	0	Ct	0	0	0	1	0	1	3	1	3	1	2	3	0	0	2	4	0	0	1	0	2	0	0	0	0	2	2	0	0	0	3	0	3	2
9741	28 Jul 25	06:25:00	1	0	53	0	Ct	0	0	1	4	1	1	2	0	1	0	7	2	3	0	1	3	0	2	3	0	1	2	0	0	0	1	1	1	0	0	3	0	3	3
9742	28 Jul 25	06:26:00	1	0	53	0	Ct	0	0	2	1	1	1	2	2	2	0	2	4	2	0	1	2	0	0	1	1	3	1	0	2	0	1	1	5	0	0	2	0	5	2
9743	28 Jul 25	06:27:00	1	0	53	0	Ct	0	0	2	3	2	1	3	4	3	0	1	2	3	0	2	2	0	2	2	2	1	2	0	0	0	3	7	2	0	0	3	0	2	2
9744	28 Jul 25	06:28:00	1	0	53	0	Ct	0	0	4	2	2	2	3	3	2	2	2	3	1	0	0	1	0	4	0	3	1	2	0	0	0	2	3	0	0	0	3	0	1	1
9745	28 Jul 25	06:29:00	1	0	53	0	Ct	0	0	4	1	2	1	2	3	2	1	2	3	3	0	2	4	0	3	3	6	3	2	0	1	0	3	1	0	0	0	4	0	3	1
9746	28 Jul 25	06:30:00	1	0	53	0	Ct	0	0	1	2	4	0	3	1	3	0	4	3	0	1	2	3	0	1	3	29	3	3	0	3	0	2	0	2	0	0	3	0	3	3
9747	28 Jul 25	06:31:00	1	0	53	0	Ct	0	0	3	0	2	1	2	0	4	2	3	3	0	4	1	0	0	2	2	4	3	2	0	0	0	0	2	2	0	0	3	0	3	0
9748	28 Jul 25	06:32:00	1	0	53	0	Ct	0	0	1	0	2	0	0	4	0	3	3	4	0	0	1	2	0	1	1	2	2	3	0	0	0	0	0	1	0	0	3	0	2	1
9749	28 Jul 25	06:33:00	1	0	53	0	Ct	0	0	2	3	1	4	1	2	0	2	4	3	0	3	1	4	0	3	3	2	2	0	0	1	0	0	0	4	0	0	3	0	2	1
9750	28 Jul 25	06:34:00	1	0	53	0	Ct	0	0	0	3	2	0	2	1	0	2	2	3	1	0	2	4	0	3	2	3	1	1	0	0	0	0	3	2	0	0	1	0	1	0
9751	28 Jul 25	06:35:00	1	0	53	0	Ct	0	0	3	0	1	1	2	1	0	3	1	2	2	1	2	2	0	3	0	0	3	2	0	0	0	2	1	0	0	0	3	0	0	1
9752	28 Jul 25	06:36:00	1	0	53	0	Ct	0	0	2	2	0	4	1	4	0	6	1	5	1	0	1	3	0	2	0	1	3	2	0	5	0	0	1	1	0	0	3	0	3	2
9753	28 Jul 25	06:37:00	1	0	53	0	Ct	0	0	1	1	0	1	3	2	1	2	1	3	1	0	0	4	0	0	0	0	2	2	0	1	0	2	2	1	0	0	1	0	0	1
9754	28 Jul 25	06:38:00	1	0	53	0	Ct	0	0	1	2	1	0	3	0	1	9	1	4	2	2	1	3	0	0	0	1	4	1	0	1	0	0	2	1	0	0	2	0	0	0
9755	28 Jul 25	06:39:00	1	0	53	0	Ct	0	0	5	2	1	1	3	2	0	2	3	4	3	4	0	3	0	3	0	1	3	1	0	1	0	2	0	1	0	0	3	0	0	0
9756	28 Jul 25	06:40:00	1	0	53	0	Ct	0	0	2	1	0	2	1	2	3	1	3	2	2	3	0	2	0	1	0	1	9	1	0	1	0	2	1	0	0	0	1	0	1	0
9757	28 Jul 25	06:41:00	1	0	53	0	Ct	0	0	1	2	6	0	1	1	4	2	5	5	2	3	0	3	0	0	3	1	0	1	0	2	0	4	2	1	0	0	4	0	2	0
9758	28 Jul 25	06:42:00	1	0	53	0	Ct	0	0	1	3	2	0	2	1	5	2	2	5	3	2	0	4	1	4	3	0	0	0	0	1	0	0	1	0	0	0	2	0	4	0
9759	28 Jul 25	06:43:00	1	0	53	0	Ct	0	0	2	3	1	0	2	3	1	1	2	4	3	3	0	2	1	1	3	0	4	3	0	0	0	2	1	1	0	0	2	0	3	0
9760	28 Jul 25	06:44:00	1	0	53	0	Ct	0	0	2	0	0	1	2	2	2	0	6	4	0	2	1	4	0	0	3	0	2	2	0	0	0	2	0	1	0	0	2	0	2	0
9761	28 Jul 25	06:45:00	1	0	53	0	Ct	0	0	2	3	0	0	2	3	4	3	2	4	0	2	2	4	0	1	2	0	2	1	0	1	0	0	0	1	0	0	1	0	2	0
9762	28 Jul 25	06:46:00	1	0	53	0	Ct	0	0	4	4	1	2	1	3	3	1	2	3	1	3	1	5	0	2	2	0	1	3	0	1	0	0	0	2	0	0	0	0	1	0
9763	28 Jul 25	06:47:00	1	0	53	0	Ct	0	0	0	2	0	1	2	2	2	2	3	4	3	4	2	4	0	1	3	0	3	2	0	1	0	0	2	6	0	0	0	0	4	3
9764	28 Jul 25	06:48:00	1	0	53	0	Ct	0	0	2	2	2	2	1	0	2	3	2	5	2	2	2	3	0	2	2	0	1	1	0	2	0	0	0	0	0	0	0	0	2	1
9765	28 Jul 25	06:49:00	1	0	53	0	Ct	0	0	2	1	2	1	5	1	1	4	1	5	3	4	3	10	0	2	2	0	2	3	0	0	0	0	0	2	0	0	0	0	1	4
9766	28 Jul 25	06:50:00	1	0	53	0	Ct	0	0	1	3	0	6	0	4	1	1	1	5	1	3	1	3	0	0	2	3	2	2	0	2	0	0	0	4	0	0	0	0	3	7
9767	28 Jul 25	06:51:00	1	0	53	0	Ct	0	0	1	2	0	12	3	3	0	1	3	3	3	4	4	1	0	2	2	0	1	3	2	0	0	0	0	2	0	0	0	0	5	2
9768	28 Jul 25	06:52:00	1	0	53	0	Ct	0	0	1	1	2	1	3	5	0	2	1	2	0	2	3	3	0	3	2	2	0	1	2	0	0	0	3	2	0	0	3	0	3	3
9769	28 Jul 25	06:53:00	1	0	53	0	Ct	0	0	3	0	0	0	2	0	0	0	2	2	0	3	2	4	0	0	3	0	1	2	3	2	0	1	0	2	0	0	1	0	2	0
9770	28 Jul 25	06:54:00	1	0	53	0	Ct	0	0	5	2	2	2	3	0	0	0	1	6	0	3	2	3	0	4	2	0	0	1	3	2	0	3	0	1	0	0	3	0	4	2
9771	28 Jul 25	06:55:00	1	0	53	0	Ct	0	0	0	2	4	2	1	3	2	0	2	3	3	2	1	1	0	0	16	0	0	2	4	1	0	2	3	3	0	0	1	0	4	0
9772	28 Jul 25	06:56:00	1	0	53	0	Ct	0	0	1	1	1	2	2	0	4	0	4	4	2	4	3	3	0	2	4	0	0	0	5	6	0	0	3	2	0	0	3	0	2	3
9773	28 Jul 25	06:57:00	1	0	53	0	Ct	0	0	2	3	3	2	4	7	0	0	6	3	2	3	1	3	0	3	4	0	0	1	3	0	0	3	3	0	0	0	2	0	4	3
9774	28 Jul 25	06:58:00	1	0	53	0	Ct	0	0	3	3	3	3	3	2	1	0	8	3	3	4	1	4	0	3	2	0	0	1	4	0	0	2	1	0	0	0	1	0	4	0
9775	28 Jul 25	06:59:00	1	0	53	0	Ct	0	0	3	1	1	3	0	3	5	0	7	5	2	2	2	8	0	1	0	0	0	0	2	0	0	3	2	2	0	0	1	0	4	2
9776	28 Jul 25	07:00:00	1	0	53	0	Ct	0	0	3	0	1	3	0	2	1	2	3	3	2	2	2	4	0	1	3	0	1	0	3	2	0	0	1	1	0	0	2	0	3	0
9777	28 Jul 25	07:01:00	1	0	53	0	Ct	0	0	3	4	2	0	0	0	1	3	4	4	2	2	3	4	0	0	3	0	2	2	3	1	0	3	1	1	0	0	2	0	2	1
9778	28 Jul 25	07:02:00	1	0	53	0	Ct	0	0	2	5	4	5	4	2	4	2	2	3	3	3	2	3	0	0	2	0	1	0	4	1	0	1	1	2	0	0	3	0	1	3
9779	28 Jul 25	07:03:00	1	0	53	0	Ct	0	0	2	2	1	2	2	3	0	2	3	1	2	3	3	5	0	1	3	0	0	0	4	0	0	2	1	2	0	0	4	0	0	0
9780	28 Jul 25	07:04:00	1	0	53	0	Ct	0	0	1	1	1	1	3	4	1	1	4	3	4	3	2	3	0	2	4	0	1	2	3	1	0	2	0	1	0	0	2	0	10	1
9781	28 Jul 25	07:05:00	1	0	53	0	Ct	0	0	0	4	2	0	0	2	2	1	2	1	4	3	3	5	0	2	5	0	1	0	3	0	0	1	0	3	0	0	2	0	3	1
9782	28 Jul 25	07:06:00	1	0	53	0	Ct	0	0	2	3	3	1	3	2	1	3	1	3	2	5	2	4	0	1	4	0	0	1	4	1	0	2	0	3	0	0	1	0	2	2
9783	28 Jul 25	07:07:00	1	0	53	0	Ct	0	0	1	0	2	0	2	3	0	1	3	4	1	3	2	2	0	2	3	0	1	4	3	2	0	2	0	1	0	0	1	0	0	3
9784	28 Jul 25	07:08:00	1	0	53	0	Ct	0	0	2	0	0	0	2	1	0	6	2	3	3	4	2	0	0	1	4	0	2	0	2	0	0	0	0	1	0	0	1	0	0	1
9785	28 Jul 25	07:09:00	1	0	53	0	Ct	0	0	4	0	0	3	2	0	0	0	4	4	3	3	3	2	0	3	1	0	1	0	3	0	0	3	0	0	0	0	2	0	0	0
9786	28 Jul 25	07:10:00	1	0	53	0	Ct	0	0	1	2	0	4	3	0	0	0	1	4	3	4	2	2	0	0	3	0	4	2	0	0	0	1	0	0	0	0	0	0	0	1
9787	28 Jul 25	07:11:00	1	0	53	0	Ct	0	0	1	0	0	1	2	2	1	0	1	4	3	4	2	3	0	1	3	0	0	4	0	0	0	0	0	2	0	0	0	0	0	1
9788	28 Jul 25	07:12:00	1	0	53	0	Ct	0	0	3	2	0	2	3	0	0	1	2	3	4	2	2	4	0	1	1	0	2	4	0	0	0	0	0	3	0	0	0	0	2	0
9789	28 Jul 25	07:13:00	1	0	53	0	Ct	0	0	1	2	0	0	2	0	4	20	3	2	4	2	0	5	0	0	1	0	2	0	0	1	0	0	1	1	0	0	0	0	3	0
9790	28 Jul 25	07:14:00	1	0	53	0	Ct	0	0	3	3	0	2	1	0	3	3	2	4	2	2	2	3	0	3	1	0	3	2	0	1	0	0	2	5	0	0	0	0	3	0
9791	28 Jul 25	07:15:00	1	0	53	0	Ct	0	0	2	3	0	4	1	2	2	1	1	4	1	3	2	3	0	0	1	0	1	2	0	1	0	0	0	5	0	0	0	0	4	2
9792	28 Jul 25	07:16:00	1	0	53	0	Ct	0	0	2	2	0	0	1	5	2	2	2	4	2	4	4	6	0	5	2	0	1	0	0	0	0	0	0	3	0	0	0	0	0	2
9793	28 Jul 25	07:17:00	1	0	53	0	Ct	0	0	0	1	0	2	2	0	2	2	4	4	4	2	2	5	0	0	1	0	1	1	0	0	0	0	9	2	0	0	0	0	3	0
9794	28 Jul 25	07:18:00	1	0	53	0	Ct	0	0	3	0	0	2	3	3	0	3	3	1	4	4	2	4	0	3	6	0	0	2	0	0	0	1	4	2	0	0	0	0	1	0
9795	28 Jul 25	07:19:00	1	0	53	0	Ct	0	0	3	4	0	0	2	2	0	1	1	4	3	3	1	2	0	1	2	0	0	1	0	0	0	3	1	2	0	0	4	0	3	3
9796	28 Jul 25	07:20:00	1	0	53	0	Ct	0	0	2	2	6	3	2	2	0	2	2	3	3	4	1	6	0	1	4	0	3	1	0	1	0	2	1	0	0	0	4	0	3	0
9797	28 Jul 25	07:21:00	1	0	53	0	Ct	0	0	3	1	2	4	0	4	0	1	1	5	3	2	1	3	0	1	1	0	3	1	0	0	0	1	2	0	0	0	1	0	0	4
9798	28 Jul 25	07:22:00	1	0	53	0	Ct	0	0	0	3	2	2	1	0	0	1	1	2	3	4	1	5	0	1	2	6	2	1	2	2	0	2	1	0	0	0	2	0	0	0
9799	28 Jul 25	07:23:00	1	0	53	0	Ct	0	0	3	2	0	0	1	0	0	0	3	4	4	4	4	4	0	1	1	1	1	4	2	0	0	2	1	3	0	0	3	0	0	1
9800	28 Jul 25	07:24:00	1	0	53	0	Ct	0	0	0	0	0	2	1	2	3	2	2	1	7	4	1	4	1	1	3	2	1	0	2	1	0	1	1	1	0	0	1	0	4	2
9801	28 Jul 25	07:25:00	1	0	53	0	Ct	0	0	3	1	0	3	3	0	3	0	2	5	6	0	3	2	1	0	0	4	0	1	3	0	0	2	0	1	0	0	2	0	3	3
9802	28 Jul 25	07:26:00	1	0	53	0	Ct	0	0	2	1	0	3	2	2	3	2	1	4	2	4	2	2	0	1	0	0	3	1	4	0	0	1	0	3	0	0	2	0	2	1
9803	28 Jul 25	07:27:00	1	0	53	0	Ct	0	0	2	2	5	3	3	4	3	1	1	3	3	3	2	2	3	2	0	1	1	2	2	1	0	1	0	1	0	0	2	0	1	0
9804	28 Jul 25	07:28:00	1	0	53	0	Ct	0	0	2	1	2	1	2	3	4	1	1	3	1	3	3	6	3	1	3	2	3	1	5	7	0	1	0	0	0	0	2	0	4	4
9805	28 Jul 25	07:29:00	1	0	53	0	Ct	0	0	1	4	5	3	1	2	2	2	3	2	2	3	7	4	1	1	2	1	1	0	3	1	0	2	0	1	0	0	0	0	3	1
9806	28 Jul 25	07:30:00	1	0	53	0	Ct	0	0	0	2	1	2	3	3	2	2	3	3	1	4	0	4	2	1	3	0	4	1	5	0	0	2	3	1	0	0	4	0	4	0
9807	28 Jul 25	07:31:00	1	0	53	0	Ct	0	0	3	3	4	1	3	1	0	1	2	3	1	5	2	4	0	1	3	2	2	1	0	0	0	3	1	2	0	0	2	0	5	0
9808	28 Jul 25	07:32:00	1	0	53	0	Ct	0	0	1	3	1	1	3	3	0	1	4	3	2	2	2	0	0	2	6	2	3	0	2	0	0	1	0	3	0	0	1	0	3	1
9809	28 Jul 25	07:33:00	1	0	53	0	Ct	0	0	1	1	2	3	3	1	0	1	2	0	2	3	1	1	0	2	5	1	4	0	1	0	0	2	0	1	0	0	0	0	1	2
9810	28 Jul 25	07:34:00	1	0	53	0	Ct	0	0	4	1	2	5	2	1	3	2	4	3	4	0	3	2	0	3	2	1	4	1	0	0	0	3	2	1	0	0	3	0	4	1
9811	28 Jul 25	07:35:00	1	0	53	0	Ct	0	0	4	0	1	2	3	2	3	1	2	3	3	3	3	3	0	8	2	3	4	1	0	5	0	2	1	2	0	0	0	0	5	2
9812	28 Jul 25	07:36:00	1	0	53	0	Ct	0	0	7	0	2	2	3	2	4	1	3	2	2	4	4	4	0	0	5	2	1	0	0	0	0	2	2	1	0	0	0	0	3	1
9813	28 Jul 25	07:37:00	1	0	53	0	Ct	0	0	4	4	0	1	2	1	4	1	5	0	1	4	3	5	0	0	2	1	2	2	0	2	0	1	2	1	0	0	2	0	1	1
9814	28 Jul 25	07:38:00	1	0	53	0	Ct	0	0	4	2	0	0	4	4	2	1	2	3	3	3	4	3	0	4	2	1	2	0	0	0	0	2	2	1	0	0	1	0	4	0
9815	28 Jul 25	07:39:00	1	0	53	0	Ct	0	0	3	2	0	3	1	2	3	2	2	2	4	4	2	2	0	4	1	0	3	1	0	0	0	2	1	2	0	0	0	0	2	1
9816	28 Jul 25	07:40:00	1	0	53	0	Ct	0	0	3	2	0	1	1	3	0	2	1	0	2	4	1	2	0	2	0	0	3	1	0	1	0	1	1	0	0	0	0	0	1	1
9817	28 Jul 25	07:41:00	1	0	53	0	Ct	0	0	1	2	0	1	0	1	2	0	0	0	5	3	1	2	0	1	3	0	2	0	0	0	0	1	0	0	0	0	0	0	3	0
9818	28 Jul 25	07:42:00	1	0	53	0	Ct	0	0	3	4	0	1	1	1	3	0	1	0	2	3	3	0	0	1	4	0	4	1	0	0	0	2	0	0	0	0	0	0	4	3
9819	28 Jul 25	07:43:00	1	0	53	0	Ct	0	0	4	1	0	1	2	2	1	0	3	3	3	4	2	4	0	1	3	0	1	2	0	0	0	1	0	0	0	0	0	0	3	2
9820	28 Jul 25	07:44:00	1	0	53	0	Ct	0	0	3	3	2	2	2	0	1	1	3	4	5	4	2	3	0	1	5	0	2	3	0	0	0	3	0	1	0	0	0	0	4	2
9821	28 Jul 25	07:45:00	1	0	53	0	Ct	0	0	2	5	2	2	2	2	3	2	1	3	5	4	2	5	0	1	5	2	2	0	0	3	0	2	0	2	0	0	0	0	1	1
9822	28 Jul 25	07:46:00	1	0	53	0	Ct	0	0	1	2	3	0	0	0	3	1	1	4	3	3	2	2	0	1	3	1	9	0	0	6	0	0	0	0	0	0	0	0	4	1
9823	28 Jul 25	07:47:00	1	0	53	0	Ct	0	0	2	2	3	3	4	0	1	2	1	3	2	4	2	3	0	1	1	3	1	2	0	2	0	0	0	0	0	0	0	0	2	2
9824	28 Jul 25	07:48:00	1	0	53	0	Ct	0	0	4	2	0	2	2	3	0	0	3	3	0	0	3	4	0	1	3	1	5	0	0	1	0	2	0	2	0	0	0	0	1	1
9825	28 Jul 25	07:49:00	1	0	53	0	Ct	0	0	3	1	1	0	5	4	1	1	3	5	3	1	2	3	0	2	1	0	2	0	0	2	0	1	1	1	0	0	2	0	0	2
9826	28 Jul 25	07:50:00	1	0	53	0	Ct	0	0	3	1	0	0	1	2	1	2	1	4	3	1	4	4	0	1	1	0	3	0	0	1	0	2	1	1	0	0	1	0	1	0
9827	28 Jul 25	07:51:00	1	0	53	0	Ct	0	0	1	4	3	2	2	3	4	1	3	1	3	6	2	5	0	1	2	0	3	0	0	1	0	1	0	3	0	0	1	0	3	1
9828	28 Jul 25	07:52:00	1	0	53	0	Ct	0	0	2	3	1	2	1	3	4	0	1	3	3	9	2	4	0	2	1	4	3	0	0	1	0	2	2	1	0	0	2	0	5	2
9829	28 Jul 25	07:53:00	1	0	53	0	Ct	0	0	4	2	1	1	2	3	0	0	2	0	5	4	1	4	0	3	2	5	2	0	0	0	0	14	1	0	0	0	2	0	3	0
9830	28 Jul 25	07:54:00	1	0	53	0	Ct	0	0	3	2	0	3	2	2	1	1	1	3	3	3	0	11	0	0	1	3	1	0	0	2	0	1	1	0	0	0	2	0	3	1
9831	28 Jul 25	07:55:00	1	0	53	0	Ct	0	0	1	5	1	1	0	2	0	3	3	5	2	1	2	5	0	0	1	0	2	0	0	1	0	1	1	0	0	0	1	0	1	0
9832	28 Jul 25	07:56:00	1	0	53	0	Ct	0	0	0	2	0	1	2	2	1	1	3	0	1	1	1	6	0	0	1	2	0	0	0	0	0	2	1	0	0	0	2	0	4	3
9833	28 Jul 25	07:57:00	1	0	53	0	Ct	0	0	1	2	0	1	1	3	0	2	2	4	0	4	3	4	1	0	2	1	2	0	0	1	0	2	0	0	0	0	4	0	2	1
9834	28 Jul 25	07:58:00	1	0	53	0	Ct	0	0	1	3	0	2	3	1	1	1	1	2	0	2	1	5	0	4	3	2	1	1	0	0	0	0	0	3	0	0	1	0	2	3
9835	28 Jul 25	07:59:00	1	0	53	0	Ct	0	0	0	2	0	1	2	2	3	2	1	3	0	0	2	4	0	2	1	1	3	1	0	0	0	1	0	2	0	0	14	0	1	2
9836	28 Jul 25	08:00:00	1	0	53	0	Ct	0	0	2	1	0	0	1	2	1	1	0	3	1	0	3	3	2	2	4	2	1	3	1	0	0	3	0	3	0	0	2	0	1	2
9837	28 Jul 25	08:01:00	1	0	53	0	Ct	0	0	4	4	6	0	2	5	4	2	0	4	0	3	2	6	0	3	4	0	6	0	0	0	0	2	1	0	0	0	2	0	3	1
9838	28 Jul 25	08:02:00	1	0	53	0	Ct	0	0	3	0	5	0	3	3	1	1	2	2	0	2	0	3	0	3	4	0	5	0	2	0	0	0	2	1	0	0	1	0	2	0
9839	28 Jul 25	08:03:00	1	0	53	0	Ct	0	0	4	0	2	4	3	4	2	0	4	3	0	4	3	3	0	1	1	0	4	2	0	0	0	0	0	1	0	0	1	0	2	1
9840	28 Jul 25	08:04:00	1	0	53	0	Ct	0	0	3	2	3	1	3	0	2	2	0	3	0	0	3	3	0	3	1	0	3	2	0	0	0	0	0	2	0	0	2	0	0	2
9841	28 Jul 25	08:05:00	1	0	53	0	Ct	0	0	2	0	1	0	1	3	0	0	1	4	0	0	2	4	0	2	2	0	3	1	0	1	0	0	0	2	0	0	1	0	3	3
9842	28 Jul 25	08:06:00	1	0	53	0	Ct	0	0	2	0	2	0	0	1	2	1	7	3	0	1	3	2	0	2	2	0	3	1	0	2	0	2	0	1	0	0	0	0	3	1
9843	28 Jul 25	08:07:00	1	0	53	0	Ct	0	0	3	0	2	0	1	0	4	3	7	4	0	4	2	1	0	3	0	2	5	10	0	2	0	1	1	0	0	0	0	0	4	3
9844	28 Jul 25	08:08:00	1	0	53	0	Ct	0	0	3	2	2	0	1	4	2	3	3	3	0	3	3	4	0	2	2	1	3	0	0	2	0	2	1	1	0	0	0	0	2	0
9845	28 Jul 25	08:09:00	1	0	53	0	Ct	0	0	0	2	2	0	2	5	3	2	3	0	0	3	3	3	0	2	1	3	1	0	0	3	0	1	0	0	0	0	2	0	5	0
9846	28 Jul 25	08:10:00	1	0	53	0	Ct	0	0	0	1	3	0	3	0	2	2	0	0	1	4	3	3	0	0	3	0	1	1	0	2	0	2	0	0	0	0	2	0	3	3
9847	28 Jul 25	08:11:00	1	0	53	0	Ct	0	0	1	1	1	0	2	0	0	1	2	0	1	3	1	4	0	0	3	0	2	4	0	3	0	0	0	0	0	0	0	0	3	1
9848	28 Jul 25	08:12:00	1	0	53	0	Ct	0	0	5	2	2	0	1	0	0	0	2	7	1	2	2	4	0	1	0	2	0	3	0	2	0	1	3	0	0	0	0	0	4	0
9849	28 Jul 25	08:13:00	1	0	53	0	Ct	0	0	3	2	1	0	0	0	0	1	2	2	1	2	2	5	0	0	0	3	4	2	0	1	0	2	4	0	0	0	0	0	5	1
9850	28 Jul 25	08:14:00	1	0	53	0	Ct	0	0	0	1	0	0	0	0	0	2	0	2	2	4	6	4	0	3	3	2	3	1	0	3	0	2	2	0	0	0	0	0	3	2
9851	28 Jul 25	08:15:00	1	0	53	0	Ct	0	0	0	4	0	0	0	0	0	1	2	4	1	4	4	3	1	2	3	1	2	2	0	0	0	0	0	4	0	0	0	0	4	31
9852	28 Jul 25	08:16:00	1	0	53	0	Ct	0	0	0	2	0	0	1	0	1	1	0	3	0	3	3	3	6	2	2	1	0	1	0	2	0	2	2	1	0	0	0	0	3	1
9853	28 Jul 25	08:17:00	1	0	53	0	Ct	0	0	2	3	2	0	3	3	3	1	2	3	1	5	2	5	1	2	2	1	2	0	0	1	0	0	1	2	0	0	2	0	3	2
9854	28 Jul 25	08:18:00	1	0	53	0	Ct	0	0	0	0	0	0	3	3	2	1	1	3	2	0	2	3	2	2	0	0	2	0	0	0	0	2	0	3	0	0	1	0	0	3
9855	28 Jul 25	08:19:00	1	0	53	0	Ct	0	0	0	2	1	4	2	2	3	2	2	1	3	1	4	3	0	3	3	2	3	0	0	0	0	2	2	2	0	0	2	0	5	2
9856	28 Jul 25	08:20:00	1	0	53	0	Ct	0	0	0	0	1	3	4	0	3	1	3	4	1	3	1	1	0	3	2	2	3	2	0	0	0	0	0	0	0	0	4	0	2	1
9857	28 Jul 25	08:21:00	1	0	53	0	Ct	0	0	0	0	1	1	3	2	3	1	3	3	3	1	1	3	0	4	2	0	3	2	0	0	0	5	0	0	0	0	1	0	3	2
9858	28 Jul 25	08:22:00	1	0	53	0	Ct	0	0	3	1	1	3	2	8	1	2	3	1	2	0	2	4	0	0	1	0	2	1	0	5	0	2	0	3	0	0	1	0	0	2
9859	28 Jul 25	08:23:00	1	0	53	0	Ct	0	0	3	1	0	5	2	8	1	2	4	2	1	0	2	3	0	1	1	0	2	2	0	2	0	1	0	0	0	0	4	0	2	3
9860	28 Jul 25	08:24:00	1	0	53	0	Ct	0	0	2	3	0	2	3	1	1	2	3	0	2	0	1	4	0	1	1	0	2	2	0	2	0	0	0	1	0	0	4	0	4	1
9861	28 Jul 25	08:25:00	1	0	53	0	Ct	0	0	2	2	0	0	2	1	1	1	4	3	1	0	2	4	0	2	2	0	2	2	0	5	0	1	0	1	0	0	2	0	2	1
9862	28 Jul 25	08:26:00	1	0	53	0	Ct	0	0	1	1	0	0	2	5	4	1	3	4	2	0	2	1	0	2	1	0	1	0	0	0	0	1	1	1	0	0	1	0	3	2
9863	28 Jul 25	08:27:00	1	0	53	0	Ct	0	0	1	2	2	0	1	4	3	0	4	4	1	0	3	5	0	2	3	0	3	0	0	0	0	2	1	0	0	0	1	0	4	0
9864	28 Jul 25	08:28:00	1	0	53	0	Ct	0	0	2	0	0	2	3	5	1	1	4	6	3	0	2	4	0	3	2	0	4	3	0	0	0	1	2	1	0	0	1	0	4	0
9865	28 Jul 25	08:29:00	1	0	53	0	Ct	0	0	0	1	0	5	2	0	4	0	3	2	0	0	3	4	0	2	1	0	4	0	0	0	0	0	1	1	0	0	1	0	3	3
9866	28 Jul 25	08:30:00	1	0	53	0	Ct	0	0	0	3	1	1	3	1	1	0	1	2	0	0	1	4	0	3	0	0	2	2	0	0	0	0	1	3	0	0	0	0	3	2
9867	28 Jul 25	08:31:00	1	0	53	0	Ct	0	0	0	0	2	3	3	4	0	0	2	3	2	2	0	1	0	4	0	0	1	2	0	2	0	1	1	1	0	0	1	0	1	2
9868	28 Jul 25	08:32:00	1	0	53	0	Ct	0	0	2	0	2	1	2	3	0	1	1	0	0	1	0	4	0	1	2	0	1	0	0	1	0	0	0	0	0	0	2	0	4	3
9869	28 Jul 25	08:33:00	1	0	53	0	Ct	0	0	3	0	0	2	0	3	0	1	2	2	1	1	2	3	0	2	0	0	1	0	0	1	0	2	0	0	0	0	1	0	0	2
9870	28 Jul 25	08:34:00	1	0	53	0	Ct	0	0	3	0	3	1	3	1	1	1	2	0	3	3	3	4	0	2	0	0	1	0	0	1	0	3	0	1	0	0	0	0	0	1
9871	28 Jul 25	08:35:00	1	0	53	0	Ct	0	0	3	0	1	1	2	2	2	1	1	0	2	1	3	4	0	4	3	0	3	0	0	0	0	4	1	5	0	0	0	0	1	1
9872	28 Jul 25	08:36:00	1	0	53	0	Ct	0	0	2	3	0	2	0	1	2	2	2	0	0	0	3	4	0	1	0	0	4	0	0	0	0	20	0	2	0	0	0	0	1	0
9873	28 Jul 25	08:37:00	1	0	53	0	Ct	0	0	1	3	2	0	2	2	0	0	2	0	2	0	4	1	0	2	2	1	2	0	5	2	0	2	0	3	0	0	0	0	2	2
9874	28 Jul 25	08:38:00	1	0	53	0	Ct	0	0	0	2	1	1	2	5	0	0	0	0	2	1	2	2	0	1	1	3	2	1	0	1	0	2	0	1	0	0	0	0	2	3
9875	28 Jul 25	08:39:00	1	0	53	0	Ct	0	0	0	1	8	1	1	3	0	1	5	0	3	3	1	1	0	1	0	1	1	6	0	0	0	1	0	0	0	0	0	0	1	1
9876	28 Jul 25	08:40:00	1	0	53	0	Ct	0	0	0	1	0	0	2	2	0	3	3	0	3	1	4	5	0	0	0	1	2	2	4	0	0	1	0	1	0	0	0	0	4	0
9877	28 Jul 25	08:41:00	1	0	53	0	Ct	0	0	1	1	0	0	2	2	0	3	4	0	2	0	3	1	0	1	0	0	2	1	0	0	0	0	0	0	0	0	2	0	5	0
9878	28 Jul 25	08:42:00	1	0	53	0	Ct	0	0	0	1	0	0	3	0	0	6	2	0	2	0	3	3	0	3	1	4	4	0	3	1	0	2	1	2	0	0	4	0	1	0
9879	28 Jul 25	08:43:00	1	0	53	0	Ct	0	0	0	0	0	0	2	2	0	3	2	0	1	0	2	4	0	2	4	1	4	2	3	1	0	1	3	2	0	0	3	0	5	3
9880	28 Jul 25	08:44:00	1	0	53	0	Ct	0	0	0	0	0	0	1	0	0	3	2	1	1	2	1	2	0	0	2	0	5	0	5	0	0	0	1	0	0	0	1	0	2	1
9881	28 Jul 25	08:45:00	1	0	53	0	Ct	0	0	0	0	0	0	1	1	0	2	0	0	2	2	2	3	0	3	1	2	2	1	2	0	0	0	1	0	0	0	3	0	1	0
9882	28 Jul 25	08:46:00	1	0	53	0	Ct	0	0	0	3	5	0	1	1	0	2	2	3	2	0	2	2	0	3	1	2	2	0	5	0	0	0	1	0	0	0	2	0	2	1
9883	28 Jul 25	08:47:00	1	0	53	0	Ct	0	0	0	2	0	2	3	3	0	1	2	4	3	0	3	2	0	0	2	1	1	1	6	0	0	3	0	1	0	0	0	0	2	3
9884	28 Jul 25	08:48:00	1	0	53	0	Ct	0	0	1	2	2	0	2	1	0	1	2	5	2	0	1	4	0	4	1	2	9	0	4	0	0	1	2	2	0	0	0	0	5	0
9885	28 Jul 25	08:49:00	1	0	53	0	Ct	0	0	3	1	1	0	3	2	2	6	3	3	4	0	2	2	0	3	1	2	1	0	4	0	0	5	4	3	0	0	0	0	4	0
9886	28 Jul 25	08:50:00	1	0	53	0	Ct	0	0	1	2	1	0	2	1	3	0	1	3	1	0	3	7	0	3	0	2	2	1	1	1	0	2	2	1	0	0	0	0	3	0
9887	28 Jul 25	08:51:00	1	0	53	0	Ct	0	0	1	2	2	1	0	2	0	0	1	2	3	2	2	0	5	1	0	3	2	2	2	1	0	0	1	3	0	0	0	0	2	1
9888	28 Jul 25	08:52:00	1	0	53	0	Ct	0	0	1	0	1	2	0	0	2	2	0	1	3	1	4	3	1	1	0	1	4	0	2	0	0	1	1	2	0	0	0	0	3	2
9889	28 Jul 25	08:53:00	1	0	53	0	Ct	0	0	0	1	0	3	0	4	3	3	0	4	2	0	3	2	0	0	0	5	2	0	1	1	0	2	0	1	0	0	0	0	4	2
9890	28 Jul 25	08:54:00	1	0	53	0	Ct	0	0	2	2	1	2	2	2	3	1	1	3	1	0	1	4	0	2	0	2	0	0	0	0	0	1	0	2	0	0	0	0	2	1
9891	28 Jul 25	08:55:00	1	0	53	0	Ct	0	0	0	3	1	5	4	3	2	2	0	0	1	0	2	3	0	1	0	1	1	0	0	1	0	1	2	2	0	0	2	0	0	0
9892	28 Jul 25	08:56:00	1	0	53	0	Ct	0	0	0	0	0	0	2	3	3	2	0	0	3	1	2	3	0	1	0	1	2	0	0	1	0	2	0	3	0	0	0	0	2	3
9893	28 Jul 25	08:57:00	1	0	53	0	Ct	0	0	2	4	0	0	3	2	2	3	1	0	2	3	2	2	1	2	1	0	2	0	0	1	0	1	0	0	0	0	3	0	2	2
9894	28 Jul 25	08:58:00	1	0	53	0	Ct	0	0	2	1	2	2	4	3	2	3	1	0	0	1	1	3	0	0	2	2	3	0	2	2	0	1	2	0	0	0	2	0	4	2
9895	28 Jul 25	08:59:00	1	0	53	0	Ct	0	0	0	1	1	3	4	1	1	1	4	0	2	1	1	4	0	3	2	2	2	0	0	2	0	0	1	0	0	0	3	0	3	5
9896	28 Jul 25	09:00:00	1	0	53	0	Ct	0	0	0	2	0	8	3	2	1	0	1	3	4	1	2	4	0	1	3	0	3	0	0	0	0	1	1	0	0	0	2	0	3	0
9897	28 Jul 25	09:01:00	1	0	53	0	Ct	0	0	0	0	1	1	2	4	0	0	1	1	0	0	1	3	0	2	1	0	5	0	0	0	0	2	1	1	0	0	2	0	1	3
9898	28 Jul 25	09:02:00	1	0	53	0	Ct	0	0	2	0	1	0	2	0	2	0	2	0	1	0	1	1	0	1	3	5	4	0	0	1	0	2	0	2	0	0	0	0	2	1
9899	28 Jul 25	09:03:00	1	0	53	0	Ct	0	0	2	2	1	0	3	1	2	1	1	2	2	0	2	2	0	2	0	1	3	0	0	1	0	4	0	2	0	0	0	0	5	0
9900	28 Jul 25	09:04:00	1	0	53	0	Ct	0	0	4	1	3	1	1	2	1	3	1	4	2	0	1	4	0	0	1	1	3	0	0	1	0	1	0	1	0	0	2	0	5	2
9901	28 Jul 25	09:05:00	1	0	53	0	Ct	0	0	0	1	1	3	1	0	0	0	3	2	2	0	0	4	0	1	3	1	3	0	0	1	0	2	2	3	0	0	0	0	5	0
9902	28 Jul 25	09:06:00	1	0	53	0	Ct	0	0	2	0	2	2	2	0	1	0	0	3	1	0	0	1	0	0	0	1	0	0	0	2	0	2	1	2	0	0	2	0	3	0
9903	28 Jul 25	09:07:00	1	0	53	0	Ct	0	0	1	1	0	1	2	3	4	2	0	2	3	0	2	2	0	0	3	1	3	0	0	3	0	2	0	2	0	0	3	0	5	0
9904	28 Jul 25	09:08:00	1	0	53	0	Ct	0	0	2	1	2	6	1	0	1	2	0	2	1	0	3	2	0	0	3	3	2	0	0	1	0	0	0	2	0	0	0	0	4	2
9905	28 Jul 25	09:09:00	1	0	53	0	Ct	0	0	0	0	2	0	3	0	2	1	6	3	4	0	2	2	0	0	3	0	1	0	0	2	0	0	0	0	0	0	0	0	2	0
9906	28 Jul 25	09:10:00	1	0	53	0	Ct	0	0	2	3	0	3	4	0	0	2	1	0	1	1	2	1	0	0	0	1	1	0	0	2	0	1	1	2	0	0	0	0	5	0
9907	28 Jul 25	09:11:00	1	0	53	0	Ct	0	0	2	1	2	2	3	0	1	2	1	2	2	4	1	1	0	3	3	0	0	0	0	1	0	3	1	1	0	0	3	0	5	0
9908	28 Jul 25	09:12:00	1	0	53	0	Ct	0	0	0	0	2	1	0	1	0	1	2	1	1	3	1	0	0	1	3	0	0	0	0	0	0	2	0	0	0	0	4	0	3	1
9909	28 Jul 25	09:13:00	1	0	53	0	Ct	0	0	2	2	0	1	0	3	2	1	0	3	3	1	1	1	0	3	2	0	0	0	0	1	0	3	2	1	0	0	1	0	4	3
9910	28 Jul 25	09:14:00	1	0	53	0	Ct	0	0	0	3	1	3	2	1	2	1	2	1	1	0	3	4	0	2	2	1	0	0	3	1	0	0	2	2	0	0	2	0	5	2
9911	28 Jul 25	09:15:00	1	0	53	0	Ct	0	0	0	1	2	3	0	0	1	0	3	3	4	1	1	4	0	1	0	3	2	0	1	0	0	3	1	2	0	0	1	0	5	0
9912	28 Jul 25	09:16:00	1	0	53	0	Ct	0	0	1	2	2	3	2	0	0	0	4	2	0	1	1	4	0	2	0	0	2	0	4	1	0	3	0	1	0	0	3	0	1	1
9913	28 Jul 25	09:17:00	1	0	53	0	Ct	0	0	0	0	2	5	1	1	0	0	2	3	3	0	1	2	0	2	0	2	1	0	4	1	0	2	0	1	0	0	1	0	0	3
9914	28 Jul 25	09:18:00	1	0	53	0	Ct	0	0	0	3	1	1	2	0	0	2	2	2	1	0	2	3	0	1	0	2	2	0	2	0	0	1	0	2	0	0	2	0	3	0
9915	28 Jul 25	09:19:00	1	0	53	0	Ct	0	0	3	0	1	0	1	0	0	0	1	0	1	0	1	1	0	2	0	0	1	0	3	0	0	1	0	1	0	0	6	0	4	1
9916	28 Jul 25	09:20:00	1	0	53	0	Ct	0	0	1	2	0	3	0	0	0	3	9	3	0	2	1	3	0	2	0	0	0	0	3	2	0	0	0	0	0	0	0	0	4	3
9917	28 Jul 25	09:21:00	1	0	53	0	Ct	0	0	0	2	1	0	4	1	0	1	1	0	0	2	2	1	0	3	0	0	3	0	2	1	0	1	0	2	0	0	0	0	3	2
9918	28 Jul 25	09:22:00	1	0	53	0	Ct	0	0	0	0	3	2	4	3	0	2	2	0	0	0	1	2	0	3	3	0	3	0	1	0	0	0	0	1	0	0	2	0	6	2
9919	28 Jul 25	09:23:00	1	0	53	0	Ct	0	0	0	1	0	4	0	0	2	2	2	0	0	0	2	1	0	2	2	0	0	0	2	2	0	0	0	2	0	0	1	0	4	0
9920	28 Jul 25	09:24:00	1	0	53	0	Ct	0	0	0	2	0	1	3	0	3	2	3	0	0	0	1	4	0	1	2	1	4	2	1	0	0	0	0	0	0	0	1	0	5	0
9921	28 Jul 25	09:25:00	1	0	53	0	Ct	0	0	3	0	1	2	2	0	3	2	2	0	0	0	1	2	0	0	2	2	3	2	1	1	0	0	0	2	0	0	0	0	4	2
9922	28 Jul 25	09:26:00	1	0	53	0	Ct	0	0	3	0	1	0	2	0	3	2	2	0	0	0	4	3	0	2	2	2	3	2	1	0	0	0	0	2	0	0	6	0	4	2
9923	28 Jul 25	09:27:00	1	0	53	0	Ct	0	0	0	3	0	2	2	3	1	2	2	0	1	0	2	2	0	3	2	1	2	2	0	1	0	2	0	0	0	0	1	0	3	0
9924	28 Jul 25	09:28:00	1	0	53	0	Ct	0	0	2	1	0	0	0	1	1	1	2	0	1	3	0	0	0	0	2	3	0	0	0	0	0	2	0	2	0	0	2	0	0	2
9925	28 Jul 25	09:29:00	1	0	53	0	Ct	0	0	0	2	1	1	2	2	1	1	2	1	3	3	1	2	1	1	0	1	5	4	0	0	0	1	3	4	0	0	0	0	2	0
9926	28 Jul 25	09:30:00	1	0	53	0	Ct	0	0	0	2	0	4	2	1	0	0	2	2	5	2	2	2	2	3	0	1	1	2	0	1	0	3	2	1	0	0	2	0	6	0
9927	28 Jul 25	09:31:00	1	0	53	0	Ct	0	0	0	4	0	3	0	1	0	2	3	1	3	2	2	1	3	0	0	2	2	1	0	2	0	3	2	2	0	0	0	0	5	1
9928	28 Jul 25	09:32:00	1	0	53	0	Ct	0	0	0	3	0	0	2	1	0	1	4	0	2	2	1	2	0	1	0	1	0	0	0	1	0	2	0	1	0	0	0	0	2	1
9929	28 Jul 25	09:33:00	1	0	53	0	Ct	0	0	0	1	0	8	3	4	0	2	1	4	3	2	1	0	0	2	0	2	2	2	0	0	0	1	3	2	0	0	3	0	2	0
9930	28 Jul 25	09:34:00	1	0	53	0	Ct	0	0	0	3	0	1	2	2	0	1	3	1	3	3	2	3	0	5	0	2	0	1	0	1	0	2	1	1	0	0	3	0	3	0
9931	28 Jul 25	09:35:00	1	0	53	0	Ct	0	0	2	1	0	0	0	2	0	0	9	4	1	3	2	3	0	0	0	2	0	3	0	0	0	3	1	1	0	0	2	0	0	0
9932	28 Jul 25	09:36:00	1	0	53	0	Ct	0	0	2	0	0	0	3	0	0	2	2	0	2	3	1	2	2	1	2	2	0	3	0	0	0	1	0	2	0	0	0	0	0	2
9933	28 Jul 25	09:37:00	1	0	53	0	Ct	0	0	0	1	1	0	2	1	0	2	2	0	0	3	3	3	3	2	2	1	0	0	0	0	0	2	1	0	0	0	2	0	5	3
9934	28 Jul 25	09:38:00	1	0	53	0	Ct	0	0	0	1	0	0	1	0	0	2	0	4	4	4	1	1	0	2	1	3	1	6	0	0	0	1	0	0	0	0	2	0	3	0
9935	28 Jul 25	09:39:00	1	0	53	0	Ct	0	0	0	2	0	0	0	0	0	1	2	0	2	3	0	2	0	2	2	2	0	2	0	0	0	0	0	0	0	0	2	0	1	1
9936	28 Jul 25	09:40:00	1	0	53	0	Ct	0	0	0	3	0	1	1	0	0	1	1	8	3	3	0	2	1	3	4	2	0	2	0	1	0	0	0	0	0	0	3	0	1	1
9937	28 Jul 25	09:41:00	1	0	53	0	Ct	0	0	0	3	0	0	1	0	0	1	1	9	2	3	2	0	0	3	2	6	0	0	0	0	0	0	0	0	0	0	2	0	2	0
9938	28 Jul 25	09:42:00	1	0	53	0	Ct	0	0	1	0	2	0	4	0	2	0	0	0	3	3	1	0	2	2	1	3	0	0	0	2	0	0	0	0	0	0	0	0	4	5
9939	28 Jul 25	09:43:00	1	0	53	0	Ct	0	0	2	2	2	0	2	0	1	0	0	3	3	3	3	0	2	1	0	1	0	1	0	0	0	0	1	0	0	0	0	0	4	2
9940	28 Jul 25	09:44:00	1	0	53	0	Ct	0	0	0	3	2	0	3	0	1	1	0	3	3	2	1	1	0	0	0	1	0	1	0	0	0	0	8	0	0	0	3	0	3	1
9941	28 Jul 25	09:45:00	1	0	53	0	Ct	0	0	0	1	1	0	1	0	2	3	0	3	0	3	0	3	0	0	0	1	0	7	0	0	0	0	1	2	0	0	2	0	2	1
9942	28 Jul 25	09:46:00	1	0	53	0	Ct	0	0	0	0	2	0	2	1	4	0	0	1	3	3	2	1	0	0	1	2	0	6	0	0	0	2	0	2	0	0	0	0	4	1
9943	28 Jul 25	09:47:00	1	0	53	0	Ct	0	0	1	0	1	0	1	1	2	0	0	1	3	3	1	1	0	4	2	2	0	5	0	0	0	1	0	2	0	0	0	0	7	0
9944	28 Jul 25	09:48:00	1	0	53	0	Ct	0	0	1	1	0	0	1	6	1	0	1	1	3	0	2	1	0	1	1	1	2	1	0	0	0	2	1	2	0	0	0	0	2	0
9945	28 Jul 25	09:49:00	1	0	53	0	Ct	0	0	2	2	0	2	0	7	0	0	2	1	1	0	1	1	0	0	2	3	1	1	0	0	0	1	2	1	0	0	0	0	3	2
9946	28 Jul 25	09:50:00	1	0	53	0	Ct	0	0	0	0	1	1	0	2	0	0	1	0	0	0	1	4	0	3	1	2	1	2	0	2	0	0	1	1	0	0	1	0	3	1
9947	28 Jul 25	09:51:00	1	0	53	0	Ct	0	0	2	1	5	2	0	0	0	0	1	0	0	1	0	1	0	2	2	2	0	1	0	5	0	0	0	2	0	0	0	0	3	3
9948	28 Jul 25	09:52:00	1	0	53	0	Ct	0	0	0	2	1	2	2	3	1	0	1	0	5	3	1	1	0	2	1	1	0	2	0	2	0	2	0	0	0	0	0	0	4	2
9949	28 Jul 25	09:53:00	1	0	53	0	Ct	0	0	0	2	1	0	0	1	0	0	0	0	3	3	2	2	0	0	2	1	0	0	0	0	0	2	0	1	0	0	0	0	2	0
9950	28 Jul 25	09:54:00	1	0	53	0	Ct	0	0	0	2	2	0	2	2	0	0	0	0	1	2	2	2	0	1	1	0	0	2	0	0	0	1	1	0	0	0	0	0	4	0
9951	28 Jul 25	09:55:00	1	0	53	0	Ct	0	0	1	0	0	0	0	1	0	0	0	0	2	2	3	0	0	2	3	1	0	0	0	4	0	0	3	0	0	0	0	0	3	1
9952	28 Jul 25	09:56:00	1	0	53	0	Ct	0	0	1	0	2	1	2	0	0	0	0	0	6	1	3	0	0	1	0	0	0	0	0	1	0	0	1	2	0	0	1	0	4	3
9953	28 Jul 25	09:57:00	1	0	53	0	Ct	0	0	2	0	3	2	2	1	0	2	0	0	2	4	1	2	0	0	0	1	2	0	0	3	0	3	0	2	0	0	1	0	2	0
9954	28 Jul 25	09:58:00	1	0	53	0	Ct	0	0	2	0	3	2	2	3	0	2	0	0	1	2	2	3	0	2	0	4	4	0	0	2	0	0	3	0	0	0	4	0	4	0
9955	28 Jul 25	09:59:00	1	0	53	0	Ct	0	0	2	2	0	2	1	3	1	2	0	1	1	3	2	3	0	0	1	0	11	0	0	2	0	1	0	0	0	0	2	0	5	0
9956	28 Jul 25	10:00:00	1	0	53	0	Ct	0	0	2	1	3	1	1	0	3	0	0	0	1	1	0	4	0	0	2	1	4	0	0	2	0	1	1	3	0	0	2	0	1	2
9957	28 Jul 25	10:01:00	1	0	53	0	Ct	0	0	2	0	1	1	0	1	1	0	0	0	4	3	2	0	1	2	3	2	3	0	0	1	0	5	3	5	0	0	1	0	5	2
9958	28 Jul 25	10:02:00	1	0	53	0	Ct	0	0	1	3	1	1	3	1	0	0	3	0	3	3	8	0	0	3	0	0	3	0	0	0	0	1	1	3	0	0	2	0	1	0
9959	28 Jul 25	10:03:00	1	0	53	0	Ct	0	0	2	1	1	0	3	0	0	2	0	0	1	3	4	3	1	2	3	2	2	0	0	1	0	0	0	0	0	0	2	0	3	3
9960	28 Jul 25	10:04:00	1	0	53	0	Ct	0	0	1	1	2	0	1	0	0	1	0	0	2	2	2	2	6	1	1	1	2	0	0	3	0	3	1	0	0	0	3	0	4	1
9961	28 Jul 25	10:05:00	1	0	53	0	Ct	0	1	0	1	1	1	1	0	0	2	0	1	5	3	2	1	2	3	0	3	1	0	2	1	0	1	5	4	0	0	2	0	2	1
9962	28 Jul 25	10:06:00	1	0	53	0	Ct	0	1	0	0	0	0	1	0	1	0	0	1	2	0	0	0	0	0	0	1	0	0	0	1	0	0	0	0	0	0	3	0	0	0
9963	28 Jul 25	10:07:00	1	0	53	0	Ct	0	1	0	0	0	0	0	0	0	1	0	4	0	0	1	1	0	0	0	0	0	1	0	0	0	4	0	0	0	0	0	0	0	0
9964	28 Jul 25	10:08:00	1	0	53	0	Ct	0	1	0	0	0	0	0	0	0	0	0	0	1	0	0	3	0	0	0	0	0	0	0	0	0	0	0	0	0	0	0	0	0	0
9965	28 Jul 25	10:09:00	1	0	53	0	Ct	0	1	0	2	0	0	1	0	0	0	0	0	0	0	2	3	0	0	0	0	0	0	0	0	0	0	0	0	0	0	0	0	0	0
9966	28 Jul 25	10:10:00	1	0	53	0	Ct	0	1	0	0	0	0	0	0	0	0	0	0	0	0	0	0	0	0	0	0	0	0	0	0	0	0	1	0	0	0	0	0	0	0
9967	28 Jul 25	10:11:00	1	0	53	0	Ct	0	1	0	0	0	0	0	0	0	0	0	0	0	0	0	1	0	0	0	0	0	0	0	0	0	0	0	0	0	0	0	0	0	0
9968	28 Jul 25	10:12:00	1	0	53	0	Ct	0	1	0	0	0	0	0	0	0	0	0	0	0	0	0	0	0	0	0	0	0	0	0	0	0	0	0	0	0	0	0	0	0	0
9969	28 Jul 25	10:13:00	1	0	53	0	Ct	0	1	0	0	0	0	0	0	0	0	0	0	0	0	0	0	0	0	0	0	0	0	0	0	0	0	0	0	0	0	0	0	0	0
9970	28 Jul 25	10:14:00	1	0	53	0	Ct	0	1	0	1	0	0	0	0	0	0	0	0	0	0	0	0	0	0	0	0	0	0	0	0	0	0	0	0	0	0	0	0	0	0
9971	28 Jul 25	10:15:00	1	0	53	0	Ct	0	1	0	0	0	0	0	0	0	0	0	0	0	0	0	0	0	0	0	0	0	2	0	0	0	0	0	0	0	0	0	0	0	0
9972	28 Jul 25	10:16:00	1	0	53	0	Ct	0	1	0	0	0	0	0	0	0	1	0	0	0	0	0	0	1	0	0	2	0	0	0	0	0	0	0	0	0	0	0	0	0	0
9973	28 Jul 25	10:17:00	1	0	53	0	Ct	0	1	0	0	0	0	0	0	0	0	0	0	0	0	2	0	0	0	0	0	0	0	1	0	0	0	0	0	0	0	0	0	0	0
9974	28 Jul 25	10:18:00	1	0	53	0	Ct	0	1	0	0	0	0	0	0	0	0	0	2	0	0	0	0	0	0	0	0	0	0	0	0	0	0	0	0	0	0	0	0	0	0
9975	28 Jul 25	10:19:00	1	0	53	0	Ct	0	1	0	0	0	1	0	0	0	0	0	0	0	0	0	0	2	0	0	0	0	0	0	0	0	0	0	0	0	0	0	0	0	0
9976	28 Jul 25	10:20:00	1	0	53	0	Ct	0	1	0	1	0	0	0	0	0	0	0	2	0	0	1	0	0	0	0	0	0	0	0	0	0	0	0	0	0	0	0	0	0	0
9977	28 Jul 25	10:21:00	1	0	53	0	Ct	0	1	0	0	0	0	0	1	0	0	0	1	1	0	0	2	0	0	0	0	0	0	0	0	0	0	0	0	0	0	2	0	0	0
9978	28 Jul 25	10:22:00	1	0	53	0	Ct	0	1	0	0	0	0	0	0	0	0	0	0	0	0	0	1	0	0	0	0	0	0	0	0	0	0	0	0	0	0	2	0	0	0
9979	28 Jul 25	10:23:00	1	0	53	0	Ct	0	1	0	0	0	0	0	0	0	0	0	0	3	0	0	0	1	0	0	0	0	0	1	0	0	0	0	0	0	0	1	0	0	0
9980	28 Jul 25	10:24:00	1	0	53	0	Ct	0	1	0	0	0	0	0	0	0	0	0	0	0	0	0	1	1	0	0	0	0	0	0	0	0	0	0	0	0	0	0	0	1	0
9981	28 Jul 25	10:25:00	1	0	53	0	Ct	0	1	0	0	0	0	0	0	0	0	0	0	0	0	0	2	0	1	0	0	0	0	0	0	0	2	0	0	0	0	0	0	0	1
9982	28 Jul 25	10:26:00	1	0	53	0	Ct	0	1	0	0	0	0	0	0	0	1	0	0	0	0	0	0	0	0	0	0	0	0	1	0	0	1	0	0	0	0	0	0	0	0
9983	28 Jul 25	10:27:00	1	0	53	0	Ct	0	1	0	2	0	0	0	0	0	0	0	0	0	0	0	2	2	0	0	0	0	0	1	0	0	0	0	0	0	0	0	0	0	1
9984	28 Jul 25	10:28:00	1	0	53	0	Ct	0	1	1	1	0	0	0	0	0	0	0	0	1	0	0	1	2	0	0	0	0	0	0	0	0	0	0	0	0	0	0	0	0	0
9985	28 Jul 25	10:29:00	1	0	53	0	Ct	0	1	0	1	0	0	0	0	0	0	0	0	0	0	1	0	0	1	0	0	0	0	0	0	0	0	0	0	0	0	0	0	0	1
9986	28 Jul 25	10:30:00	1	0	53	0	Ct	0	1	0	4	1	0	0	0	0	2	0	0	0	0	0	0	2	0	0	0	0	0	0	0	0	0	0	0	0	0	0	0	0	1
9987	28 Jul 25	10:31:00	1	0	53	0	Ct	0	1	0	2	0	0	0	0	0	0	0	1	0	0	0	0	2	1	0	0	0	0	0	0	0	0	0	0	0	0	0	0	0	0
9988	28 Jul 25	10:32:00	1	0	53	0	Ct	0	1	0	1	0	0	0	0	0	0	0	0	0	0	0	0	0	0	0	0	0	0	0	0	0	0	0	0	0	0	0	0	0	1
9989	28 Jul 25	10:33:00	1	0	53	0	Ct	0	1	0	2	0	0	0	0	0	2	0	0	0	0	1	0	2	0	0	0	0	0	1	1	0	0	0	0	0	0	0	0	0	2
9990	28 Jul 25	10:34:00	1	0	53	0	Ct	0	1	0	2	0	0	0	0	0	0	0	0	0	0	1	2	2	0	0	0	0	0	1	0	0	0	0	0	0	0	0	0	0	0
9991	28 Jul 25	10:35:00	1	0	53	0	Ct	0	1	0	0	0	0	0	0	0	1	0	0	0	0	0	0	0	0	0	0	0	0	1	0	0	0	0	0	0	0	0	0	0	0
9992	28 Jul 25	10:36:00	1	0	53	0	Ct	0	1	0	2	0	0	0	0	0	1	0	0	0	0	0	2	1	0	0	0	0	0	1	0	0	0	0	0	0	0	0	0	0	0
9993	28 Jul 25	10:37:00	1	0	53	0	Ct	0	1	0	4	0	0	0	0	0	0	0	0	0	0	0	1	1	0	0	0	0	0	1	0	0	0	0	0	0	0	0	0	0	0
9994	28 Jul 25	10:38:00	1	0	53	0	Ct	0	1	0	1	0	0	0	0	0	0	0	0	0	0	0	1	0	0	0	0	0	0	1	0	0	0	0	0	0	0	0	0	0	0
9995	28 Jul 25	10:39:00	1	0	53	0	Ct	0	1	0	1	0	0	0	0	0	0	0	0	0	0	0	0	1	0	0	0	0	0	2	0	0	0	0	0	0	0	0	0	0	0
9996	28 Jul 25	10:40:00	1	0	53	0	Ct	0	1	0	2	0	0	0	0	0	0	0	0	0	0	0	1	0	0	0	0	0	0	0	0	0	0	0	0	0	0	0	0	0	0
9997	28 Jul 25	10:41:00	1	0	53	0	Ct	0	1	0	2	0	0	0	0	0	0	0	0	0	0	1	2	0	0	0	0	0	0	0	1	0	0	0	0	0	0	0	0	0	0
9998	28 Jul 25	10:42:00	1	0	53	0	Ct	0	1	0	1	0	0	0	0	0	0	0	1	0	0	0	0	0	0	0	0	0	0	0	0	0	0	0	0	0	0	0	0	0	2
9999	28 Jul 25	10:43:00	1	0	53	0	Ct	0	1	0	0	0	0	0	0	0	0	0	0	0	0	0	2	0	0	0	0	0	0	2	0	0	0	0	0	0	0	0	0	0	1
10000	28 Jul 25	10:44:00	1	0	53	0	Ct	0	1	0	1	0	0	0	0	0	1	0	0	0	0	0	1	1	0	0	0	0	0	0	0	0	0	0	0	0	0	0	0	0	0
10001	28 Jul 25	10:45:00	1	0	53	0	Ct	0	1	0	2	0	0	0	0	0	3	0	0	1	0	0	3	0	0	0	0	0	0	0	0	0	0	0	0	0	0	0	0	0	0
10002	28 Jul 25	10:46:00	1	0	53	0	Ct	0	1	0	2	0	0	0	0	0	0	0	0	1	0	0	1	0	0	0	0	0	0	0	0	0	0	0	0	0	0	0	0	0	1
10003	28 Jul 25	10:47:00	1	0	53	0	Ct	0	1	0	2	0	0	0	0	0	0	0	0	0	0	0	1	1	0	0	0	0	0	0	0	0	0	0	0	0	0	0	0	0	2
10004	28 Jul 25	10:48:00	1	0	53	0	Ct	0	1	0	0	0	0	0	0	0	2	0	0	0	0	0	0	0	0	0	0	0	0	0	0	0	0	0	0	0	0	0	0	0	1
10005	28 Jul 25	10:49:00	1	0	53	0	Ct	0	1	0	1	0	0	0	0	0	0	0	0	0	0	0	1	0	0	0	0	0	0	0	0	0	0	0	0	0	0	0	0	0	1
10006	28 Jul 25	10:50:00	1	0	53	0	Ct	0	1	0	2	0	0	0	0	0	1	0	0	0	0	0	1	0	0	0	0	0	0	0	0	0	0	0	0	0	0	0	0	0	0
10007	28 Jul 25	10:51:00	1	0	53	0	Ct	0	1	0	0	0	0	0	0	0	0	0	0	0	0	1	0	0	0	0	0	0	0	0	0	0	0	0	0	0	0	0	0	0	2
10008	28 Jul 25	10:52:00	1	0	53	0	Ct	0	1	0	1	0	0	0	0	0	1	0	1	4	0	0	3	0	3	0	0	0	0	0	0	0	0	0	0	0	0	0	0	0	0
10009	28 Jul 25	10:53:00	1	0	53	0	Ct	0	1	0	1	0	0	0	0	0	0	0	0	0	0	1	0	0	0	0	0	0	0	0	0	0	0	0	0	0	0	0	0	0	1
10010	28 Jul 25	10:54:00	1	0	53	0	Ct	0	1	0	0	0	0	0	0	0	2	0	0	1	0	1	1	0	0	0	0	0	0	0	0	0	0	0	0	0	0	0	0	0	1
10011	28 Jul 25	10:55:00	1	0	53	0	Ct	0	1	0	1	0	0	0	0	0	1	0	0	3	0	0	0	0	0	0	0	0	0	0	0	0	0	0	0	0	0	0	0	0	2
10012	28 Jul 25	10:56:00	1	0	53	0	Ct	0	1	0	0	0	0	0	0	0	1	1	0	1	0	0	0	0	0	0	0	0	0	0	0	0	0	0	0	0	0	0	0	0	1
10013	28 Jul 25	10:57:00	1	0	53	0	Ct	0	1	0	2	0	0	0	0	0	1	0	0	1	0	0	0	0	0	0	0	0	0	0	2	0	0	0	0	0	0	0	0	0	1
10014	28 Jul 25	10:58:00	1	0	53	0	Ct	0	1	0	0	0	0	0	0	0	3	0	0	2	0	0	0	0	1	0	0	0	0	0	0	0	0	0	0	0	0	0	0	0	1
10015	28 Jul 25	10:59:00	1	0	53	0	Ct	0	1	0	1	0	0	0	0	0	1	0	0	0	0	0	0	0	0	0	0	0	0	0	1	0	0	0	0	0	0	0	0	0	2
10016	28 Jul 25	11:00:00	1	0	53	0	Ct	0	1	0	1	0	0	0	0	0	0	0	0	2	0	0	0	0	0	0	0	0	0	0	1	0	0	0	0	0	0	0	0	0	0
10017	28 Jul 25	11:01:00	1	0	53	0	Ct	0	1	0	2	0	0	0	0	0	0	0	0	2	0	1	3	0	0	0	0	0	0	0	0	0	0	0	0	0	0	0	0	0	1
10018	28 Jul 25	11:02:00	1	0	53	0	Ct	0	1	0	0	0	0	0	0	0	0	0	0	0	0	0	0	0	1	0	0	0	0	0	0	0	0	0	0	0	0	0	0	0	1
10019	28 Jul 25	11:03:00	1	0	53	0	Ct	0	1	0	1	0	0	0	0	0	0	0	1	2	0	0	0	0	0	0	0	0	0	0	0	0	0	0	0	0	0	0	0	0	2
10020	28 Jul 25	11:04:00	1	0	53	0	Ct	0	1	0	0	0	0	0	0	0	0	0	0	2	0	0	0	0	0	0	0	0	0	0	0	0	0	0	0	0	0	0	0	0	2
10021	28 Jul 25	11:05:00	1	0	53	0	Ct	0	1	0	1	0	0	0	0	0	3	0	0	2	0	0	1	0	0	0	0	0	0	0	0	0	0	0	0	0	0	0	0	0	1
10022	28 Jul 25	11:06:00	1	0	53	0	Ct	0	1	0	0	0	0	0	0	0	1	0	0	2	0	1	0	0	0	0	0	0	0	0	0	0	0	0	0	0	0	0	0	0	1
10023	28 Jul 25	11:07:00	1	0	53	0	Ct	0	1	0	2	0	0	0	0	0	4	0	0	0	0	0	0	0	0	0	0	0	0	0	0	0	0	0	0	0	0	0	0	0	1
10024	28 Jul 25	11:08:00	1	0	53	0	Ct	0	1	0	0	0	0	0	0	0	0	0	0	2	0	0	0	0	0	0	0	0	0	0	0	0	0	0	0	0	0	0	0	0	0
10025	28 Jul 25	11:09:00	1	0	53	0	Ct	0	1	0	2	0	0	0	0	0	0	0	0	1	0	0	1	0	0	0	0	0	0	0	0	0	0	0	0	0	0	0	0	0	1
10026	28 Jul 25	11:10:00	1	0	53	0	Ct	0	1	0	2	0	0	0	0	0	0	0	0	1	0	2	0	0	0	0	0	0	0	0	0	0	0	0	0	0	0	0	0	0	1
10027	28 Jul 25	11:11:00	1	0	53	0	Ct	0	1	0	2	0	0	0	0	0	1	0	0	3	0	1	1	0	0	0	0	0	0	0	0	0	0	0	0	0	0	0	0	0	0
10028	28 Jul 25	11:12:00	1	0	53	0	Ct	0	1	0	1	0	0	0	0	0	1	0	3	0	0	0	1	0	0	0	0	0	0	0	0	0	0	0	0	0	0	0	0	0	0
10029	28 Jul 25	11:13:00	1	0	53	0	Ct	0	1	1	1	0	0	0	0	0	0	0	0	1	0	0	0	0	0	0	0	0	0	0	0	0	0	0	0	0	0	0	0	0	1
10030	28 Jul 25	11:14:00	1	0	53	0	Ct	0	1	0	1	0	0	0	0	0	0	0	0	0	0	0	0	0	0	0	0	0	0	0	0	0	0	0	0	0	0	0	0	0	0
10031	28 Jul 25	11:15:00	1	0	53	0	Ct	0	1	0	1	0	0	0	0	0	0	0	0	0	0	0	0	0	0	0	0	0	0	0	0	0	0	0	0	0	0	0	0	0	2
10032	28 Jul 25	11:16:00	1	0	53	0	Ct	0	1	0	1	0	0	0	0	0	0	0	0	0	0	0	1	0	0	0	0	0	0	0	0	0	0	0	0	0	0	0	0	0	1
10033	28 Jul 25	11:17:00	1	0	53	0	Ct	0	1	1	0	0	0	0	0	0	1	0	0	0	0	0	0	0	0	0	0	0	0	0	0	0	0	0	0	0	0	0	0	0	0
10034	28 Jul 25	11:18:00	1	0	53	0	Ct	0	1	0	1	0	0	0	0	0	1	0	0	0	0	0	0	0	1	0	0	0	0	0	0	0	0	0	0	0	0	0	0	0	2
10035	28 Jul 25	11:19:00	1	0	53	0	Ct	0	1	0	0	0	0	0	0	0	0	0	0	0	0	0	0	0	2	0	0	0	0	0	0	0	0	0	0	0	0	0	0	0	1
10036	28 Jul 25	11:20:00	1	0	53	0	Ct	0	1	0	0	0	0	0	0	0	0	0	1	1	0	0	0	0	1	0	0	0	0	0	0	0	0	0	0	0	0	0	0	0	0
10037	28 Jul 25	11:21:00	1	0	53	0	Ct	0	1	0	2	0	0	0	0	0	0	0	0	1	0	0	0	0	0	0	0	0	0	0	0	0	0	0	0	0	0	0	0	0	1
10038	28 Jul 25	11:22:00	1	0	53	0	Ct	0	1	0	1	0	0	0	0	0	0	0	0	1	0	0	0	0	0	0	0	0	0	0	0	0	0	0	0	0	0	0	0	0	2
10039	28 Jul 25	11:23:00	1	0	53	0	Ct	0	1	0	1	0	0	0	0	0	0	0	0	0	0	3	0	0	0	0	0	0	0	0	0	0	0	0	0	0	0	0	0	0	0
10040	28 Jul 25	11:24:00	1	0	53	0	Ct	0	1	0	2	0	0	0	0	0	2	0	0	1	0	0	0	0	0	0	0	0	0	0	0	0	0	0	0	0	0	0	0	0	1
10041	28 Jul 25	11:25:00	1	0	53	0	Ct	0	1	0	1	0	0	0	0	0	1	0	0	0	0	0	2	0	0	0	0	0	0	0	0	0	0	0	0	0	0	0	0	0	1
10042	28 Jul 25	11:26:00	1	0	53	0	Ct	0	1	0	2	0	0	0	0	0	0	0	1	2	0	0	0	0	1	0	0	0	0	0	0	0	0	0	0	0	0	0	0	0	1
10043	28 Jul 25	11:27:00	1	0	53	0	Ct	0	1	0	1	0	0	0	0	0	1	0	0	0	0	0	0	0	1	0	0	0	0	0	0	0	0	0	0	0	0	0	0	0	0
10044	28 Jul 25	11:28:00	1	0	53	0	Ct	0	1	0	2	0	0	0	0	0	1	0	1	0	0	1	0	0	0	0	0	0	0	0	0	0	0	0	0	0	0	0	0	0	1
10045	28 Jul 25	11:29:00	1	0	53	0	Ct	0	1	0	1	0	0	0	0	0	0	0	3	0	0	0	0	0	1	0	0	0	0	0	0	0	0	0	0	0	0	0	0	0	0
10046	28 Jul 25	11:30:00	1	0	53	0	Ct	0	1	0	0	0	0	0	0	0	0	0	0	1	0	0	1	0	2	0	0	0	0	0	0	0	0	0	0	0	0	0	0	1	0
10047	28 Jul 25	11:31:00	1	0	53	0	Ct	0	1	0	2	0	0	0	0	0	1	0	0	1	0	0	0	0	1	0	0	0	0	0	0	0	0	0	0	0	0	0	0	0	1
10048	28 Jul 25	11:32:00	1	0	53	0	Ct	0	1	0	1	0	0	0	0	0	1	0	0	2	0	0	0	0	2	0	0	0	0	0	0	0	0	0	0	0	0	0	0	0	0
10049	28 Jul 25	11:33:00	1	0	53	0	Ct	0	1	0	1	0	0	0	0	0	1	0	0	0	0	0	0	0	2	0	0	0	0	0	0	0	0	0	0	0	0	0	0	2	0
10050	28 Jul 25	11:34:00	1	0	53	0	Ct	0	1	0	1	0	0	0	0	0	1	0	0	1	0	0	1	0	0	0	0	0	0	0	0	0	0	0	0	0	0	0	0	0	1
10051	28 Jul 25	11:35:00	1	0	53	0	Ct	0	1	0	0	0	0	0	0	0	0	0	1	0	0	0	0	0	3	0	0	0	0	0	0	0	0	0	0	0	0	0	0	0	0
10052	28 Jul 25	11:36:00	1	0	53	0	Ct	0	1	0	1	0	0	0	0	0	0	0	0	1	0	0	0	0	4	0	0	0	0	0	0	0	0	0	0	0	0	0	0	0	1
10053	28 Jul 25	11:37:00	1	0	53	0	Ct	0	1	0	1	0	0	0	0	0	0	0	0	0	0	0	0	0	1	0	0	0	0	0	0	0	0	0	0	0	0	0	0	0	0
10054	28 Jul 25	11:38:00	1	0	53	0	Ct	0	1	0	0	0	0	0	0	0	0	0	0	0	0	0	0	0	0	0	0	0	0	0	0	0	0	0	0	0	0	0	0	0	0
10055	28 Jul 25	11:39:00	1	0	53	0	Ct	0	1	0	1	0	0	0	0	0	0	0	1	0	0	0	0	0	1	0	0	0	0	0	0	0	0	0	0	0	0	0	0	0	1
10056	28 Jul 25	11:40:00	1	0	53	0	Ct	0	1	0	1	0	0	0	0	0	1	0	0	0	0	0	0	0	1	0	0	0	0	0	0	0	0	0	0	0	0	0	0	0	0
10057	28 Jul 25	11:41:00	1	0	53	0	Ct	0	1	0	0	0	0	0	0	0	1	0	0	0	0	0	0	0	1	0	0	0	0	0	0	0	0	0	0	0	0	0	0	0	1
10058	28 Jul 25	11:42:00	1	0	53	0	Ct	0	1	0	0	0	0	0	0	0	0	0	0	0	0	0	0	0	0	0	0	0	0	0	0	0	0	0	0	0	0	0	0	0	0
10059	28 Jul 25	11:43:00	1	0	53	0	Ct	0	1	0	1	0	1	0	0	0	0	0	0	0	0	0	0	0	0	0	0	0	0	0	0	0	0	0	0	0	0	0	0	0	0
10060	28 Jul 25	11:44:00	1	0	53	0	Ct	0	1	0	2	0	2	0	0	0	1	0	1	0	0	0	0	0	1	0	0	0	0	0	0	0	0	0	0	0	0	0	0	0	0
10061	28 Jul 25	11:45:00	1	0	53	0	Ct	0	1	0	2	0	2	0	1	0	0	0	0	0	0	0	0	0	1	0	0	0	0	0	0	0	0	0	0	0	0	0	0	0	0
10062	28 Jul 25	11:46:00	1	0	53	0	Ct	0	1	0	2	0	0	0	0	0	3	0	0	0	0	0	0	0	0	0	0	0	0	0	0	0	0	0	0	0	0	0	0	0	0
10063	28 Jul 25	11:47:00	1	0	53	0	Ct	0	1	0	1	0	0	0	0	0	1	0	0	1	0	0	0	0	0	0	0	0	0	0	0	0	0	0	0	0	0	0	0	0	0
10064	28 Jul 25	11:48:00	1	0	53	0	Ct	0	1	0	1	0	0	0	0	0	2	0	0	0	0	0	0	0	0	0	0	0	0	0	0	0	0	0	0	0	0	0	0	0	0
10065	28 Jul 25	11:49:00	1	0	53	0	Ct	0	1	0	1	0	0	0	0	0	0	0	0	0	0	2	0	0	0	0	0	0	0	0	0	0	0	0	0	0	0	0	0	0	0
10066	28 Jul 25	11:50:00	1	0	53	0	Ct	0	1	0	0	0	0	0	0	0	2	0	0	2	0	0	0	0	0	0	0	0	0	0	0	0	0	0	0	0	0	0	0	0	0
10067	28 Jul 25	11:51:00	1	0	53	0	Ct	0	1	0	0	0	0	0	0	0	0	0	0	0	0	0	1	0	0	0	0	0	0	0	0	0	0	0	0	0	0	0	0	0	0
10068	28 Jul 25	11:52:00	1	0	53	0	Ct	0	1	0	0	0	0	0	0	0	2	0	0	1	0	0	0	0	0	0	0	0	0	0	0	0	0	0	0	0	0	0	0	0	0
10069	28 Jul 25	11:53:00	1	0	53	0	Ct	0	1	1	1	0	0	0	0	0	0	0	3	0	0	0	0	0	0	0	0	0	0	0	0	0	0	0	0	0	0	0	0	0	0
10070	28 Jul 25	11:54:00	1	0	53	0	Ct	0	1	2	0	0	0	0	0	0	0	0	1	0	0	0	0	0	0	0	0	0	0	0	0	0	0	0	0	0	0	0	0	0	0
10071	28 Jul 25	11:55:00	1	0	53	0	Ct	0	1	0	0	0	1	0	0	0	0	0	0	0	0	0	0	0	0	0	0	0	0	0	0	0	0	0	0	0	0	0	0	0	0
10072	28 Jul 25	11:56:00	1	0	53	0	Ct	0	1	0	0	0	0	0	0	0	0	0	0	0	0	17	0	0	0	0	0	0	0	0	0	0	0	0	0	0	0	0	0	0	0
10073	28 Jul 25	11:57:00	1	0	53	0	Ct	0	1	0	0	0	0	0	0	0	0	0	0	0	0	27	0	0	0	0	0	0	0	0	0	0	0	0	0	0	0	0	0	1	3
10074	28 Jul 25	11:58:00	1	0	53	0	Ct	0	1	0	0	0	0	0	0	0	0	0	2	0	0	0	0	0	1	0	0	0	0	0	0	0	0	0	0	0	0	0	0	0	0
10075	28 Jul 25	11:59:00	1	0	53	0	Ct	0	1	0	1	0	0	0	0	0	0	0	0	0	0	1	0	0	0	0	0	0	0	0	0	0	0	0	0	0	0	0	0	3	1
10076	28 Jul 25	12:00:00	1	0	53	0	Ct	0	1	0	1	0	0	0	0	0	0	0	0	2	0	0	0	0	1	0	0	0	0	0	0	0	0	0	0	0	0	0	0	0	3
10077	28 Jul 25	12:01:00	1	0	53	0	Ct	0	1	0	0	0	0	0	0	0	0	0	0	1	0	0	0	0	2	0	0	0	0	0	0	0	0	0	0	0	0	0	0	0	0
10078	28 Jul 25	12:02:00	1	0	53	0	Ct	0	1	0	0	0	8	0	0	0	0	0	0	2	0	0	0	0	1	0	0	0	0	0	0	0	0	0	0	0	0	0	0	0	0
10079	28 Jul 25	12:03:00	1	0	53	0	Ct	0	1	0	2	0	0	0	0	0	0	0	0	1	0	1	0	0	0	0	0	0	0	0	0	0	0	0	0	0	0	0	0	0	0
10080	28 Jul 25	12:04:00	1	0	53	0	Ct	0	1	0	0	0	0	0	0	0	0	0	2	0	0	0	0	0	2	0	0	0	0	0	0	0	0	0	0	0	0	0	0	0	0
10081	28 Jul 25	12:05:00	1	0	53	0	Ct	0	1	0	1	0	0	0	0	0	0	0	0	1	0	0	0	0	3	0	0	0	0	0	0	0	0	0	0	0	0	0	0	0	0
10082	28 Jul 25	12:06:00	1	0	53	0	Ct	0	1	0	2	0	0	0	0	0	0	0	0	0	0	0	0	0	1	0	0	0	0	0	0	0	0	0	0	0	0	0	0	0	0
10083	28 Jul 25	12:07:00	1	0	53	0	Ct	0	1	0	0	0	0	0	0	0	0	0	0	0	0	0	0	0	1	0	0	0	0	0	0	0	0	0	0	0	0	0	0	0	0
10084	28 Jul 25	12:08:00	1	0	53	0	Ct	0	1	0	1	0	0	0	0	0	0	0	0	0	0	0	0	0	1	0	0	0	0	0	0	0	0	0	0	0	0	0	0	0	0
10085	28 Jul 25	12:09:00	1	0	53	0	Ct	0	1	0	1	0	0	0	0	0	0	0	0	0	0	0	0	1	0	0	0	0	0	0	0	0	0	0	0	0	0	0	0	0	0
10086	28 Jul 25	12:10:00	1	0	53	0	Ct	0	1	0	1	0	0	0	0	0	0	0	0	0	0	0	0	0	0	0	0	0	0	0	0	0	0	0	0	0	0	0	0	0	0
10087	28 Jul 25	12:11:00	1	0	53	0	Ct	0	1	0	2	0	0	0	0	0	0	1	0	0	0	0	0	8	0	0	0	0	0	0	0	0	0	0	0	0	0	0	0	0	0
10088	28 Jul 25	12:12:00	1	0	53	0	Ct	0	1	0	0	0	0	0	0	0	0	1	0	0	0	0	0	0	0	0	0	0	0	0	0	0	0	0	0	0	0	0	0	0	0
10089	28 Jul 25	12:13:00	1	0	53	0	Ct	0	1	0	2	0	0	0	0	0	0	0	0	0	0	0	0	0	0	0	0	0	0	0	0	0	0	0	0	0	0	0	0	0	0
10090	28 Jul 25	12:14:00	1	0	53	0	Ct	0	1	0	0	0	0	0	0	0	0	0	0	0	0	0	0	0	0	0	0	0	0	0	0	0	0	0	0	0	0	0	0	0	0
10091	28 Jul 25	12:15:00	1	0	53	0	Ct	0	1	0	0	0	0	0	0	0	0	0	4	0	0	0	0	0	0	0	0	0	0	0	0	0	0	0	0	0	0	0	0	0	1
10092	28 Jul 25	12:16:00	1	0	53	0	Ct	0	1	0	0	0	0	0	0	0	0	0	0	0	0	0	0	0	0	0	0	0	0	0	0	0	0	0	0	0	0	0	0	0	0
10093	28 Jul 25	12:17:00	1	0	53	0	Ct	0	1	0	0	0	0	0	0	0	0	0	0	1	0	0	0	0	0	0	0	0	0	0	0	0	0	0	0	0	0	0	0	0	0
10094	28 Jul 25	12:18:00	1	0	53	0	Ct	0	1	0	1	0	0	0	0	0	0	0	0	0	0	0	0	0	0	0	0	0	0	0	0	0	0	0	0	0	0	0	0	0	0
10095	28 Jul 25	12:19:00	1	0	53	0	Ct	0	1	0	0	0	0	0	0	0	0	0	0	1	0	0	0	0	0	0	0	0	0	0	0	0	0	0	0	0	0	0	0	0	0
10096	28 Jul 25	12:20:00	1	0	53	0	Ct	0	1	0	1	0	0	0	0	0	0	0	0	0	0	0	0	0	0	0	0	0	0	0	0	0	0	0	0	0	0	0	0	0	0
10097	28 Jul 25	12:21:00	1	0	53	0	Ct	0	1	0	0	0	1	0	0	0	0	0	0	0	0	0	0	0	0	0	0	0	0	0	0	0	0	0	0	0	0	0	0	0	0
10098	28 Jul 25	12:22:00	1	0	53	0	Ct	0	1	0	0	0	0	0	0	0	0	0	2	0	0	1	0	0	0	0	0	0	0	0	0	0	0	0	0	0	0	0	0	0	0
10099	28 Jul 25	12:23:00	1	0	53	0	Ct	0	1	0	0	0	0	0	0	0	0	0	2	0	0	0	0	0	0	0	0	0	0	0	0	0	0	0	0	0	0	0	0	0	0
10100	28 Jul 25	12:24:00	1	0	53	0	Ct	0	1	0	0	0	0	0	0	0	0	0	0	0	0	2	0	0	0	0	0	0	0	0	0	0	0	0	0	0	0	0	0	0	0
10101	28 Jul 25	12:25:00	1	0	53	0	Ct	0	1	0	0	0	0	0	0	0	0	0	0	0	0	0	0	1	0	0	0	0	0	0	0	0	0	0	0	0	0	0	0	0	0
10102	28 Jul 25	12:26:00	1	0	53	0	Ct	0	1	0	0	0	0	0	0	0	0	0	0	0	0	0	0	0	0	0	0	0	0	0	0	0	0	0	0	0	0	0	0	0	0
10103	28 Jul 25	12:27:00	1	0	53	0	Ct	0	1	0	0	0	0	0	0	0	0	0	0	0	0	2	0	0	0	0	0	0	0	0	0	0	0	0	0	0	0	0	0	0	0
10104	28 Jul 25	12:28:00	1	0	53	0	Ct	0	1	0	0	0	0	0	0	0	0	0	0	0	0	0	0	0	0	0	0	0	0	0	0	0	0	0	0	0	0	0	0	0	0
10105	28 Jul 25	12:29:00	1	0	53	0	Ct	0	1	0	0	0	0	0	0	0	0	0	0	0	0	0	0	0	0	0	0	0	0	0	0	0	0	0	0	0	0	0	0	0	0
10106	28 Jul 25	12:30:00	1	0	53	0	Ct	0	1	0	0	0	0	0	0	0	0	0	0	0	0	2	0	0	0	0	0	0	0	0	0	0	0	0	0	0	0	0	0	0	0
10107	28 Jul 25	12:31:00	1	0	53	0	Ct	0	1	0	0	0	0	2	0	0	0	0	0	0	0	0	0	0	0	0	0	0	0	0	0	0	0	0	0	0	0	0	0	0	0
10108	28 Jul 25	12:32:00	1	0	53	0	Ct	0	1	2	2	0	0	0	0	0	0	0	0	0	0	0	0	0	0	0	0	0	0	0	1	0	0	0	0	0	0	0	0	0	0
10109	28 Jul 25	12:33:00	1	0	53	0	Ct	0	1	0	4	0	0	0	0	0	0	0	0	0	0	1	0	0	1	0	0	0	0	0	0	0	0	0	0	0	0	0	0	0	0
10110	28 Jul 25	12:34:00	1	0	53	0	Ct	0	1	1	2	0	0	0	0	0	0	0	0	0	0	1	0	0	0	0	0	0	0	0	0	0	0	0	0	0	0	0	0	0	0
10111	28 Jul 25	12:35:00	1	0	53	0	Ct	0	1	1	1	0	0	0	0	0	0	0	0	0	0	0	0	0	0	0	0	0	0	0	0	0	0	0	0	0	0	0	0	0	0
10112	28 Jul 25	12:36:00	1	0	53	0	Ct	0	1	0	1	0	0	0	0	0	0	0	0	0	0	0	0	0	0	0	0	0	0	0	0	0	0	0	0	0	0	0	0	0	0
10113	28 Jul 25	12:37:00	1	0	53	0	Ct	0	1	0	0	0	7	0	0	0	0	0	4	0	0	0	0	0	1	0	0	0	0	0	0	0	0	0	0	0	0	0	0	0	0
10114	28 Jul 25	12:38:00	1	0	53	0	Ct	0	1	0	1	0	0	0	0	0	0	0	0	0	0	0	0	0	1	0	0	0	0	0	0	0	0	0	0	0	0	0	0	0	0
10115	28 Jul 25	12:39:00	1	0	53	0	Ct	0	1	0	0	0	0	0	0	0	0	0	0	0	0	0	0	0	0	0	0	0	0	0	0	0	0	0	0	0	0	0	0	0	0
10116	28 Jul 25	12:40:00	1	0	53	0	Ct	0	1	0	1	0	0	0	0	0	0	0	0	0	0	0	0	0	0	0	0	0	0	0	0	0	0	0	0	0	0	0	0	0	0
10117	28 Jul 25	12:41:00	1	0	53	0	Ct	0	1	0	1	0	0	0	0	0	0	0	0	0	0	0	0	0	0	0	0	0	0	0	0	0	0	0	0	0	0	0	0	0	0
10118	28 Jul 25	12:42:00	1	0	53	0	Ct	0	1	0	0	0	0	0	0	0	0	0	0	0	0	0	0	0	0	0	0	0	0	0	0	0	0	0	0	0	0	0	0	0	0
10119	28 Jul 25	12:43:00	1	0	53	0	Ct	0	1	0	1	0	0	0	0	0	0	0	0	1	0	0	0	0	0	0	0	0	0	0	0	0	0	0	0	0	0	0	0	0	0
10120	28 Jul 25	12:44:00	1	0	53	0	Ct	0	1	0	0	0	0	0	0	0	0	0	0	0	0	1	0	0	0	0	0	0	0	0	0	0	0	0	0	0	0	0	0	0	0
10121	28 Jul 25	12:45:00	1	0	53	0	Ct	0	1	0	0	0	0	0	0	0	0	0	0	0	0	0	0	0	0	0	0	0	0	0	0	0	0	0	0	0	0	0	0	0	0
10122	28 Jul 25	12:46:00	1	0	53	0	Ct	0	1	0	1	0	0	0	0	0	0	0	0	0	0	0	0	0	0	0	0	0	0	0	0	0	0	0	0	0	0	0	0	0	0
10123	28 Jul 25	12:47:00	1	0	53	0	Ct	0	1	0	1	0	0	0	0	0	0	0	0	0	0	1	0	0	1	0	0	0	0	0	0	0	0	0	0	0	0	0	0	0	0
10124	28 Jul 25	12:48:00	1	0	53	0	Ct	0	1	0	2	0	0	0	0	0	2	0	2	0	0	1	0	0	0	0	0	0	0	0	0	0	0	0	0	0	0	0	0	0	0
10125	28 Jul 25	12:49:00	1	0	53	0	Ct	0	1	0	0	0	1	0	0	0	0	0	0	0	0	0	0	0	1	0	0	0	0	0	0	0	0	0	0	0	0	0	0	0	0
10126	28 Jul 25	12:50:00	1	0	53	0	Ct	0	1	0	0	0	0	0	0	0	0	0	0	0	0	0	0	0	4	0	0	0	0	0	0	0	0	0	0	0	0	0	0	0	0
10127	28 Jul 25	12:51:00	1	0	53	0	Ct	0	1	0	0	0	0	0	0	0	0	0	0	0	0	0	0	0	0	0	0	0	0	0	0	0	0	0	0	0	0	0	0	0	0
10128	28 Jul 25	12:52:00	1	0	53	0	Ct	0	1	0	2	0	0	0	0	0	0	0	0	0	0	0	0	0	0	0	0	0	0	0	0	0	0	0	0	0	0	0	0	0	0
10129	28 Jul 25	12:53:00	1	0	53	0	Ct	0	1	0	0	0	0	0	0	0	0	0	0	0	0	0	0	0	1	0	0	0	0	0	0	0	0	0	0	0	0	0	0	0	0
10130	28 Jul 25	12:54:00	1	0	53	0	Ct	0	1	0	0	0	0	0	0	0	0	0	0	0	0	0	0	0	0	0	0	0	0	0	0	0	0	0	0	0	0	0	0	0	0
10131	28 Jul 25	12:55:00	1	0	53	0	Ct	0	1	0	0	0	0	0	0	0	0	0	0	0	0	1	0	0	0	0	0	0	0	0	0	0	0	0	0	0	0	0	0	0	0
10132	28 Jul 25	12:56:00	1	0	53	0	Ct	0	1	0	3	0	0	0	0	0	0	0	0	0	0	0	0	0	0	0	0	0	0	0	0	0	0	0	0	0	0	0	0	0	0
10133	28 Jul 25	12:57:00	1	0	53	0	Ct	0	1	0	0	0	0	0	0	0	0	0	0	0	0	0	0	0	0	0	0	0	0	0	0	0	0	0	0	0	0	0	0	0	0
10134	28 Jul 25	12:58:00	1	0	53	0	Ct	0	1	0	0	0	0	0	0	0	0	0	0	0	0	0	4	0	0	0	0	0	0	0	0	0	0	0	0	0	0	0	0	0	0
10135	28 Jul 25	12:59:00	1	0	53	0	Ct	0	1	0	0	0	0	0	0	0	0	0	0	0	0	0	0	0	0	0	0	0	0	0	0	0	0	0	0	0	0	0	0	0	0
10136	28 Jul 25	13:00:00	1	0	53	0	Ct	0	1	0	0	0	0	0	0	0	0	0	0	0	0	0	0	0	0	0	0	0	0	0	0	0	0	0	0	0	0	0	0	0	0
10137	28 Jul 25	13:01:00	1	0	53	0	Ct	0	1	0	0	0	0	0	0	0	0	0	0	0	0	0	0	0	0	0	0	0	0	0	0	0	0	0	0	0	0	0	0	0	0
10138	28 Jul 25	13:02:00	1	0	53	0	Ct	0	1	0	0	0	0	0	0	0	0	0	0	0	0	0	0	0	0	0	0	0	0	0	0	0	0	0	0	0	0	0	0	0	0
10139	28 Jul 25	13:03:00	1	0	53	0	Ct	0	1	0	1	0	0	0	0	0	0	0	0	0	0	0	1	0	0	0	0	0	0	0	0	0	0	0	0	0	0	0	0	0	0
10140	28 Jul 25	13:04:00	1	0	53	0	Ct	0	1	0	2	0	0	0	0	0	0	0	0	0	0	0	2	0	0	0	0	0	0	0	0	0	0	0	0	0	0	0	0	0	0
10141	28 Jul 25	13:05:00	1	0	53	0	Ct	0	1	0	0	0	0	0	0	0	0	0	0	0	0	0	0	0	0	0	0	0	0	0	0	0	0	0	0	0	0	0	0	0	0
10142	28 Jul 25	13:06:00	1	0	53	0	Ct	0	1	0	0	0	0	0	0	0	0	0	0	0	0	0	0	0	0	0	0	0	0	0	0	0	0	0	0	0	0	0	0	0	0
10143	28 Jul 25	13:07:00	1	0	53	0	Ct	0	1	0	0	0	1	0	0	0	0	0	1	0	0	0	0	0	0	0	0	0	0	0	0	0	0	0	0	0	0	0	0	0	0
10144	28 Jul 25	13:08:00	1	0	53	0	Ct	0	1	0	0	0	0	0	0	0	0	0	6	0	0	0	0	0	0	0	0	0	0	0	0	0	0	0	0	0	0	0	0	0	0
10145	28 Jul 25	13:09:00	1	0	53	0	Ct	0	1	0	0	0	0	0	0	0	0	0	0	0	0	0	0	0	0	0	0	0	0	0	0	0	0	0	0	0	0	0	0	0	0
10146	28 Jul 25	13:10:00	1	0	53	0	Ct	0	1	0	0	0	0	0	0	0	0	0	0	0	0	1	0	0	0	0	0	0	0	0	0	0	0	0	0	0	0	0	0	0	0
10147	28 Jul 25	13:11:00	1	0	53	0	Ct	0	1	0	0	0	0	0	0	0	0	0	0	0	0	0	0	0	0	0	0	0	0	0	0	0	0	0	0	0	0	0	0	0	0
10148	28 Jul 25	13:12:00	1	0	53	0	Ct	0	1	0	0	0	0	0	0	0	0	0	0	0	0	0	0	0	0	0	0	0	0	0	0	0	0	0	0	0	0	0	0	0	0
10149	28 Jul 25	13:13:00	1	0	53	0	Ct	0	1	0	0	0	0	0	0	0	0	0	0	0	0	0	0	0	0	0	0	0	0	0	0	0	0	0	0	0	0	0	0	0	0
10150	28 Jul 25	13:14:00	1	0	53	0	Ct	0	1	0	4	0	0	0	0	0	0	0	0	0	0	0	0	0	0	0	0	0	0	0	0	0	0	0	0	0	0	0	0	0	0
10151	28 Jul 25	13:15:00	1	0	53	0	Ct	0	1	0	1	0	0	0	0	0	0	0	0	0	0	0	0	0	0	0	0	0	0	0	0	0	0	0	0	0	0	0	0	0	0
10152	28 Jul 25	13:16:00	1	0	53	0	Ct	0	1	0	1	0	0	0	0	0	0	0	0	0	0	0	0	0	0	0	0	0	0	0	0	0	0	0	0	0	0	0	0	0	0
10153	28 Jul 25	13:17:00	1	0	53	0	Ct	0	1	0	1	0	0	0	0	0	0	0	0	0	0	0	0	0	0	0	0	0	0	0	0	0	0	0	0	0	0	0	0	0	0
10154	28 Jul 25	13:18:00	1	0	53	0	Ct	0	1	0	1	0	0	0	0	0	0	0	0	0	0	1	0	0	0	0	0	0	0	0	0	0	0	0	0	0	0	0	0	0	0
10155	28 Jul 25	13:19:00	1	0	53	0	Ct	0	1	0	0	0	0	0	0	0	0	0	0	0	0	0	0	0	0	0	0	0	0	0	0	0	0	0	0	0	0	0	0	0	0
10156	28 Jul 25	13:20:00	1	0	53	0	Ct	0	1	0	0	0	0	0	0	0	0	0	0	0	0	0	0	0	0	0	0	0	0	0	0	0	0	0	0	0	0	0	0	0	0
10157	28 Jul 25	13:21:00	1	0	53	0	Ct	0	1	0	0	0	0	0	0	0	0	0	0	0	0	0	0	0	0	0	0	0	0	0	0	0	0	0	0	0	0	0	0	0	0
10158	28 Jul 25	13:22:00	1	0	53	0	Ct	0	1	0	0	0	0	0	0	0	0	0	0	0	0	0	0	0	0	0	0	0	0	0	0	0	0	0	0	0	0	0	0	0	0
10159	28 Jul 25	13:23:00	1	0	53	0	Ct	0	1	0	1	0	0	0	0	0	0	0	0	0	0	0	0	0	0	0	0	0	0	0	0	0	0	0	0	0	0	0	0	0	0
10160	28 Jul 25	13:24:00	1	0	53	0	Ct	0	1	0	0	0	0	0	0	0	0	0	0	0	0	0	0	0	0	0	0	0	0	0	0	0	0	0	0	0	0	0	0	0	0
10161	28 Jul 25	13:25:00	1	0	53	0	Ct	0	1	0	0	0	0	0	0	0	0	0	0	0	0	0	0	0	0	0	0	0	0	0	0	0	0	0	0	0	0	0	0	0	0
10162	28 Jul 25	13:26:00	1	0	53	0	Ct	0	1	0	1	0	0	0	0	0	0	0	0	0	0	0	0	0	0	0	0	0	0	0	0	0	0	0	0	0	0	0	0	0	0
10163	28 Jul 25	13:27:00	1	0	53	0	Ct	0	1	0	0	0	0	0	0	0	0	0	0	0	0	11	0	0	0	0	0	0	0	0	0	0	0	0	0	0	0	0	0	0	0
10164	28 Jul 25	13:28:00	1	0	53	0	Ct	0	1	0	0	0	0	0	0	0	0	0	0	0	0	1	0	0	0	0	0	0	0	0	0	0	0	0	1	0	0	0	0	0	0
10165	28 Jul 25	13:29:00	1	0	53	0	Ct	0	1	0	0	0	0	0	0	0	0	0	0	0	0	0	0	0	0	0	0	0	0	0	0	0	0	0	0	0	0	0	0	0	0
10166	28 Jul 25	13:30:00	1	0	53	0	Ct	0	1	0	0	0	0	0	0	0	0	0	0	0	0	0	0	0	0	0	0	0	0	0	0	0	0	0	0	0	0	0	0	0	0
10167	28 Jul 25	13:31:00	1	0	53	0	Ct	0	1	0	0	0	0	0	0	0	0	0	0	0	0	0	0	0	0	0	0	0	0	0	0	0	0	0	0	0	0	0	0	0	0
10168	28 Jul 25	13:32:00	1	0	53	0	Ct	0	1	0	2	0	0	0	0	0	0	0	0	0	0	1	0	0	0	0	0	0	0	0	0	0	0	0	0	0	0	0	0	0	0
10169	28 Jul 25	13:33:00	1	0	53	0	Ct	0	1	0	3	0	0	0	0	1	0	0	0	0	0	0	0	0	0	0	0	0	0	0	0	0	0	0	0	0	0	0	0	0	0
10170	28 Jul 25	13:34:00	1	0	53	0	Ct	0	1	0	0	0	0	0	0	0	0	0	0	0	0	0	0	0	0	0	0	0	0	0	0	0	0	0	0	0	0	0	0	0	0
10171	28 Jul 25	13:35:00	1	0	53	0	Ct	0	1	0	0	0	2	0	0	0	0	0	0	0	0	0	0	0	0	0	0	0	0	0	0	0	0	0	0	0	0	0	0	0	0
10172	28 Jul 25	13:36:00	1	0	53	0	Ct	0	1	0	0	0	0	0	0	0	0	0	0	0	0	0	0	0	0	0	0	0	0	0	0	0	0	0	0	0	0	0	0	0	0
10173	28 Jul 25	13:37:00	1	0	53	0	Ct	0	1	0	1	0	0	0	0	0	0	0	0	0	0	0	0	0	0	0	0	0	0	0	0	0	0	0	0	0	0	0	0	0	0
10174	28 Jul 25	13:38:00	1	0	53	0	Ct	0	1	0	1	0	0	0	0	0	0	0	0	0	0	0	0	0	0	0	0	0	0	0	0	0	0	0	0	0	0	0	0	0	0
10175	28 Jul 25	13:39:00	1	0	53	0	Ct	0	1	0	0	0	0	0	0	0	0	0	0	0	0	0	0	0	0	0	0	0	0	0	0	0	0	0	0	0	0	0	0	0	0
10176	28 Jul 25	13:40:00	1	0	53	0	Ct	0	1	0	1	0	0	0	0	0	0	0	0	0	0	0	0	0	0	0	0	0	0	0	0	0	0	0	0	0	0	0	0	0	0
10177	28 Jul 25	13:41:00	1	0	53	0	Ct	0	1	0	0	0	0	0	0	0	0	0	0	0	0	0	0	0	0	0	0	0	0	0	0	0	0	0	0	0	0	0	0	0	0
10178	28 Jul 25	13:42:00	1	0	53	0	Ct	0	1	0	0	0	0	0	0	0	0	0	0	0	0	0	0	0	0	0	0	0	0	0	0	0	0	0	0	0	0	0	0	0	0
10179	28 Jul 25	13:43:00	1	0	53	0	Ct	0	1	0	1	0	0	0	0	0	0	0	1	0	0	0	0	0	0	0	0	0	0	0	0	0	0	0	0	0	0	0	0	0	0
10180	28 Jul 25	13:44:00	1	0	53	0	Ct	0	1	0	1	0	0	0	0	0	0	0	0	0	0	0	0	0	0	0	0	0	0	0	0	0	0	0	0	0	0	0	0	0	0
10181	28 Jul 25	13:45:00	1	0	53	0	Ct	0	1	0	0	0	0	0	0	0	0	0	0	0	0	2	0	0	0	0	0	0	0	0	0	0	0	0	0	0	0	0	0	0	0
10182	28 Jul 25	13:46:00	1	0	53	0	Ct	0	1	0	0	0	0	0	0	0	0	0	0	0	0	1	0	0	0	0	0	0	0	0	0	0	0	0	0	0	0	0	0	0	0
10183	28 Jul 25	13:47:00	1	0	53	0	Ct	0	1	0	0	0	0	0	0	0	0	0	0	0	0	0	0	0	0	0	0	0	0	0	0	0	0	0	0	0	0	0	0	0	0
10184	28 Jul 25	13:48:00	1	0	53	0	Ct	0	1	0	0	0	0	0	0	0	0	0	0	0	0	0	0	0	0	0	0	0	0	0	0	0	0	0	0	0	0	0	0	0	0
10185	28 Jul 25	13:49:00	1	0	53	0	Ct	0	1	0	0	0	0	0	0	0	0	0	0	0	0	1	0	0	0	0	0	0	0	0	0	0	0	0	0	0	0	0	0	0	0
10186	28 Jul 25	13:50:00	1	0	53	0	Ct	0	1	0	0	0	0	0	0	0	0	0	0	0	0	0	0	0	0	0	0	0	0	0	0	0	0	0	0	0	0	0	0	0	0
10187	28 Jul 25	13:51:00	1	0	53	0	Ct	0	1	0	0	0	0	0	0	0	0	0	0	0	0	1	0	0	0	0	0	0	0	0	0	0	0	0	0	0	0	0	0	0	0
10188	28 Jul 25	13:52:00	1	0	53	0	Ct	0	1	0	0	0	0	0	0	0	0	0	0	0	0	0	0	0	0	0	0	0	0	0	0	0	0	0	0	0	0	0	0	0	0
10189	28 Jul 25	13:53:00	1	0	53	0	Ct	0	1	0	0	0	0	0	0	0	0	0	0	0	0	0	0	0	0	0	0	0	0	0	0	0	0	0	0	0	0	0	0	0	0
10190	28 Jul 25	13:54:00	1	0	53	0	Ct	0	1	0	0	0	0	0	0	0	0	0	0	0	0	0	0	0	0	0	0	0	0	0	0	0	0	0	0	0	0	0	0	0	0
10191	28 Jul 25	13:55:00	1	0	53	0	Ct	0	1	0	0	0	0	0	0	0	0	0	0	0	0	0	0	0	0	0	0	0	0	0	0	0	0	0	0	0	0	0	0	0	0
10192	28 Jul 25	13:56:00	1	0	53	0	Ct	0	1	0	0	0	0	0	0	0	0	1	0	0	0	0	0	0	0	0	0	0	0	0	0	0	0	0	0	0	0	0	0	0	0
10193	28 Jul 25	13:57:00	1	0	53	0	Ct	0	1	0	2	0	2	0	0	0	0	0	0	0	0	0	0	0	0	0	0	0	0	0	0	0	0	0	0	0	0	0	0	0	0
10194	28 Jul 25	13:58:00	1	0	53	0	Ct	0	1	0	0	0	2	0	0	0	0	0	0	0	0	0	0	0	0	0	0	0	0	0	0	0	0	0	0	0	0	0	0	0	0
10195	28 Jul 25	13:59:00	1	0	53	0	Ct	0	1	0	0	0	0	0	0	0	0	0	6	0	0	0	0	0	0	0	0	0	0	0	0	0	0	0	0	0	0	0	0	0	0
10196	28 Jul 25	14:00:00	1	0	53	0	Ct	0	1	0	0	0	0	0	0	0	0	0	0	0	0	0	0	0	0	0	0	0	0	1	0	0	0	0	0	0	0	0	0	0	0
10197	28 Jul 25	14:01:00	1	0	53	0	Ct	0	1	0	0	0	0	0	0	0	0	0	0	0	0	1	0	0	0	0	0	0	0	0	0	0	0	0	0	0	0	0	0	0	0
10198	28 Jul 25	14:02:00	1	0	53	0	Ct	0	1	0	0	0	0	0	0	0	0	0	0	0	0	0	0	0	0	0	0	0	0	0	0	0	0	0	0	0	0	0	0	1	0
10199	28 Jul 25	14:03:00	1	0	53	0	Ct	0	1	0	0	0	0	0	0	0	0	0	0	0	0	0	0	0	0	0	0	0	0	0	0	0	0	0	0	0	0	0	0	0	0
10200	28 Jul 25	14:04:00	1	0	53	0	Ct	0	1	0	1	0	0	0	0	0	0	0	0	0	0	0	0	0	0	0	0	0	0	0	0	0	0	0	0	0	0	0	0	0	0
10201	28 Jul 25	14:05:00	1	0	53	0	Ct	0	1	0	1	0	0	0	0	0	0	0	0	0	0	4	0	0	0	0	0	0	0	0	0	0	0	0	0	0	0	0	0	0	0
10202	28 Jul 25	14:06:00	1	0	53	0	Ct	0	1	0	0	0	0	0	0	0	0	0	0	0	0	0	0	0	0	0	0	0	0	0	0	0	0	0	0	0	0	0	0	0	0
10203	28 Jul 25	14:07:00	1	0	53	0	Ct	0	1	0	0	0	0	0	0	0	0	0	0	0	0	1	0	0	0	0	0	0	0	0	0	0	0	0	0	0	0	0	0	0	0
10204	28 Jul 25	14:08:00	1	0	53	0	Ct	0	1	0	1	0	0	0	0	0	0	0	1	0	0	0	0	0	0	0	0	0	0	0	0	0	0	0	0	0	0	0	0	0	0
10205	28 Jul 25	14:09:00	1	0	53	0	Ct	0	1	0	0	0	0	0	0	0	0	0	0	0	0	0	0	0	0	0	0	0	0	0	0	0	0	0	0	0	0	0	0	2	0
10206	28 Jul 25	14:10:00	1	0	53	0	Ct	0	1	0	1	0	0	0	0	0	0	0	4	0	0	0	0	0	0	0	0	0	0	0	0	0	0	0	0	0	0	0	0	0	0
10207	28 Jul 25	14:11:00	1	0	53	0	Ct	0	1	0	0	0	0	0	0	0	0	0	0	0	0	0	0	0	0	0	0	0	0	0	0	0	0	0	0	0	0	0	0	0	0
10208	28 Jul 25	14:12:00	1	0	53	0	Ct	0	1	0	0	0	0	0	0	0	0	0	1	0	0	0	0	0	0	0	0	0	0	0	0	0	0	0	0	0	0	0	0	0	0
10209	28 Jul 25	14:13:00	1	0	53	0	Ct	0	1	0	0	0	0	0	0	0	0	0	0	0	0	0	0	0	0	0	0	0	0	0	0	0	0	0	0	0	0	0	0	0	0
10210	28 Jul 25	14:14:00	1	0	53	0	Ct	0	1	0	0	0	0	0	0	0	0	0	0	0	0	0	0	0	0	0	0	0	0	0	0	0	0	0	0	0	0	0	0	0	0
10211	28 Jul 25	14:15:00	1	0	53	0	Ct	0	1	0	0	0	0	0	0	0	0	0	0	0	0	0	0	0	0	0	0	0	0	0	0	0	0	0	0	0	0	0	0	0	0
10212	28 Jul 25	14:16:00	1	0	53	0	Ct	0	1	0	1	0	1	0	0	0	0	0	0	0	0	0	0	0	0	0	0	0	0	0	0	0	0	0	0	0	0	0	0	0	0
10213	28 Jul 25	14:17:00	1	0	53	0	Ct	0	1	0	1	0	0	0	0	0	0	0	0	0	0	0	0	0	0	0	0	0	0	0	0	0	0	0	0	0	0	0	0	0	0
10214	28 Jul 25	14:18:00	1	0	53	0	Ct	0	1	0	0	0	0	0	0	0	0	0	0	0	0	0	0	0	0	0	0	0	0	0	0	0	0	0	0	0	0	0	0	0	0
10215	28 Jul 25	14:19:00	1	0	53	0	Ct	0	1	0	0	0	0	0	0	0	0	0	0	0	0	0	0	0	0	0	0	0	0	0	0	0	0	0	0	0	0	0	0	0	0
10216	28 Jul 25	14:20:00	1	0	53	0	Ct	0	1	0	1	0	0	0	0	0	0	0	0	0	0	0	0	0	0	0	0	0	0	0	0	0	0	0	0	0	0	0	0	0	0
10217	28 Jul 25	14:21:00	1	0	53	0	Ct	0	1	0	2	0	0	0	0	0	0	0	0	0	0	0	0	0	0	0	0	0	0	0	0	0	0	0	0	0	0	0	0	0	0
10218	28 Jul 25	14:22:00	1	0	53	0	Ct	0	1	0	1	0	0	0	0	1	0	0	0	0	0	0	0	0	0	0	0	0	0	0	0	0	0	0	0	0	0	0	0	0	0
10219	28 Jul 25	14:23:00	1	0	53	0	Ct	0	1	0	1	0	0	0	0	0	0	0	0	0	0	0	0	0	0	0	0	0	0	0	0	0	0	0	0	0	0	0	0	0	0
10220	28 Jul 25	14:24:00	1	0	53	0	Ct	0	1	0	1	0	0	0	0	0	0	0	0	0	0	0	0	0	0	0	0	0	0	0	0	0	0	0	0	0	0	0	0	0	0
10221	28 Jul 25	14:25:00	1	0	53	0	Ct	0	1	0	1	0	0	0	0	0	0	0	0	0	0	0	0	0	0	0	0	0	0	0	0	0	0	0	0	0	0	0	0	0	0
10222	28 Jul 25	14:26:00	1	0	53	0	Ct	0	1	0	1	0	0	0	0	0	0	0	0	0	0	0	0	0	0	0	0	0	0	0	0	0	0	0	0	0	0	0	0	0	1
10223	28 Jul 25	14:27:00	1	0	53	0	Ct	0	1	0	1	0	0	0	0	0	0	0	0	0	0	0	0	0	0	0	0	0	0	0	0	0	0	0	0	0	0	0	0	0	0
10224	28 Jul 25	14:28:00	1	0	53	0	Ct	0	1	0	0	0	0	0	0	0	0	0	1	0	0	0	0	0	0	0	0	0	0	0	0	0	0	0	0	0	0	0	0	0	0
10225	28 Jul 25	14:29:00	1	0	53	0	Ct	0	1	0	0	0	0	0	0	0	0	0	0	0	0	0	0	0	0	0	0	0	0	0	0	0	0	0	0	0	0	0	0	0	1
10226	28 Jul 25	14:30:00	1	0	53	0	Ct	0	1	0	0	0	0	0	0	0	0	0	0	0	0	0	0	0	0	0	0	0	0	0	0	0	0	0	0	0	0	0	0	0	0
10227	28 Jul 25	14:31:00	1	0	53	0	Ct	0	1	0	1	0	0	0	0	0	0	0	0	0	0	0	0	0	0	0	0	0	0	0	0	0	0	0	0	0	0	0	0	0	0
10228	28 Jul 25	14:32:00	1	0	53	0	Ct	0	1	0	2	0	0	0	0	0	0	0	0	0	0	0	0	0	0	0	0	0	0	0	0	0	0	0	0	0	0	0	0	0	0
10229	28 Jul 25	14:33:00	1	0	53	0	Ct	0	1	0	1	0	0	0	0	0	0	0	0	0	0	0	0	0	0	0	0	0	0	0	0	0	0	0	0	0	0	0	0	0	0
10230	28 Jul 25	14:34:00	1	0	53	0	Ct	0	1	0	2	0	0	0	0	0	0	0	0	0	0	0	0	0	0	0	0	0	0	0	0	0	0	0	0	0	0	0	0	0	0
10231	28 Jul 25	14:35:00	1	0	53	0	Ct	0	1	0	1	0	0	0	0	0	0	0	0	0	0	0	0	0	0	0	0	0	0	0	0	0	0	0	0	0	0	0	0	0	0
10232	28 Jul 25	14:36:00	1	0	53	0	Ct	0	1	0	0	0	0	0	0	0	0	0	0	0	0	0	0	0	0	0	0	0	0	0	0	0	0	0	0	0	0	0	0	0	0
10233	28 Jul 25	14:37:00	1	0	53	0	Ct	0	1	0	1	0	0	0	0	0	0	0	0	0	0	0	0	0	0	0	0	0	0	0	0	0	0	0	0	0	0	0	0	0	0
10234	28 Jul 25	14:38:00	1	0	53	0	Ct	0	1	0	1	0	0	0	0	0	0	0	0	0	0	0	0	0	0	0	0	0	0	0	0	0	0	0	0	0	0	0	0	0	0
10235	28 Jul 25	14:39:00	1	0	53	0	Ct	0	1	0	2	0	0	0	0	0	0	0	1	0	0	0	0	0	0	0	0	0	0	0	0	0	0	0	0	0	0	0	0	0	0
10236	28 Jul 25	14:40:00	1	0	53	0	Ct	0	1	0	0	0	0	0	0	0	0	0	0	0	0	0	0	0	0	0	0	0	0	0	0	0	0	0	0	0	0	0	0	0	0
10237	28 Jul 25	14:41:00	1	0	53	0	Ct	0	1	0	0	0	0	0	0	0	0	0	0	0	0	0	0	0	0	0	0	0	0	0	0	0	0	0	0	0	0	0	0	0	0
10238	28 Jul 25	14:42:00	1	0	53	0	Ct	0	1	0	1	0	0	0	0	0	0	0	0	0	0	0	0	0	0	0	0	0	0	0	0	0	0	0	0	0	0	0	0	0	0
10239	28 Jul 25	14:43:00	1	0	53	0	Ct	0	1	0	0	0	0	0	0	0	0	0	6	0	0	0	0	0	0	0	0	0	0	0	0	0	0	0	0	0	0	0	0	0	0
10240	28 Jul 25	14:44:00	1	0	53	0	Ct	0	1	0	0	0	0	0	0	0	0	0	0	0	0	0	0	0	0	0	0	0	0	0	0	0	0	0	0	0	0	0	0	0	0
10241	28 Jul 25	14:45:00	1	0	53	0	Ct	0	1	0	0	0	0	0	0	0	0	0	1	0	0	0	0	0	0	0	0	0	0	0	0	0	0	0	0	0	0	0	0	0	0
10242	28 Jul 25	14:46:00	1	0	53	0	Ct	0	1	0	1	0	0	0	0	0	0	0	0	0	0	0	0	0	0	0	0	0	0	0	0	0	0	0	0	0	0	0	0	0	0
10243	28 Jul 25	14:47:00	1	0	53	0	Ct	0	1	0	2	0	0	0	0	0	0	0	0	0	0	0	0	0	0	0	0	0	0	0	0	0	0	0	0	0	0	0	0	0	0
10244	28 Jul 25	14:48:00	1	0	53	0	Ct	0	1	0	3	0	0	0	0	0	0	0	0	0	0	0	0	0	0	0	0	0	0	0	0	0	0	0	0	0	0	0	0	0	0
10245	28 Jul 25	14:49:00	1	0	53	0	Ct	0	1	0	0	0	0	0	0	0	0	0	0	0	0	0	0	0	0	0	0	0	0	0	0	0	0	0	0	0	0	0	0	0	0
10246	28 Jul 25	14:50:00	1	0	53	0	Ct	0	1	0	0	0	0	0	0	0	0	0	0	0	0	0	0	0	0	0	0	0	0	0	0	0	0	0	0	0	0	0	0	1	0
10247	28 Jul 25	14:51:00	1	0	53	0	Ct	0	1	0	1	0	0	0	0	0	0	0	1	0	0	0	0	0	0	0	0	0	0	0	0	0	0	0	0	0	0	0	0	0	0
10248	28 Jul 25	14:52:00	1	0	53	0	Ct	0	1	0	0	0	0	0	0	0	0	0	0	0	0	0	0	0	0	0	0	0	0	0	0	0	0	0	0	0	0	0	0	0	0
10249	28 Jul 25	14:53:00	1	0	53	0	Ct	0	1	0	1	0	0	0	0	0	0	0	0	0	0	0	0	0	0	0	0	0	0	0	0	0	0	0	0	0	0	0	0	0	0
10250	28 Jul 25	14:54:00	1	0	53	0	Ct	0	1	0	0	0	0	0	0	0	0	0	0	0	0	0	1	0	0	0	0	0	0	0	0	0	0	0	0	0	0	0	0	1	0
10251	28 Jul 25	14:55:00	1	0	53	0	Ct	0	1	0	0	0	0	0	0	0	0	0	1	0	0	0	0	0	0	0	0	0	0	0	0	0	0	0	0	0	0	0	0	1	0
10252	28 Jul 25	14:56:00	1	0	53	0	Ct	0	1	0	0	0	0	0	0	0	0	0	0	0	0	0	0	0	0	0	0	0	0	0	0	0	0	0	0	0	0	0	0	0	0
10253	28 Jul 25	14:57:00	1	0	53	0	Ct	0	1	0	2	0	0	0	0	0	0	0	1	0	0	0	0	0	0	0	0	0	0	0	0	0	0	0	0	0	0	0	0	0	0
10254	28 Jul 25	14:58:00	1	0	53	0	Ct	0	1	0	0	0	0	0	0	0	0	0	0	0	0	0	0	0	0	0	0	0	0	0	0	0	0	0	0	0	0	0	0	0	0
10255	28 Jul 25	14:59:00	1	0	53	0	Ct	0	1	0	1	0	0	0	0	0	0	0	0	0	0	1	0	0	0	0	0	0	0	0	0	0	0	0	0	0	0	0	0	0	0
10256	28 Jul 25	15:00:00	1	0	53	0	Ct	0	1	0	0	0	0	0	0	0	0	0	0	0	0	0	0	0	0	0	0	0	0	0	0	0	0	0	0	0	0	0	0	0	0
10257	28 Jul 25	15:01:00	1	0	53	0	Ct	0	1	0	0	0	0	0	0	0	0	0	2	0	0	0	0	0	0	0	0	0	0	0	0	0	0	0	0	0	0	0	0	0	0
10258	28 Jul 25	15:02:00	1	0	53	0	Ct	0	1	0	0	0	0	0	0	0	0	0	0	0	0	0	0	0	0	0	0	0	0	0	0	0	0	0	0	0	0	0	0	0	0
10259	28 Jul 25	15:03:00	1	0	53	0	Ct	0	1	0	0	0	0	0	0	0	0	0	0	0	0	0	0	0	0	0	0	0	0	0	0	0	0	0	0	0	0	0	0	0	0
10260	28 Jul 25	15:04:00	1	0	53	0	Ct	0	1	0	0	0	0	0	0	0	0	0	0	0	0	6	0	0	0	0	0	0	0	0	0	0	0	0	0	0	0	0	0	0	0
10261	28 Jul 25	15:05:00	1	0	53	0	Ct	0	1	0	1	0	0	0	0	0	0	0	0	0	0	3	0	0	0	0	0	0	0	0	0	0	0	0	0	0	0	0	0	0	0
10262	28 Jul 25	15:06:00	1	0	53	0	Ct	0	1	0	0	0	0	0	0	0	0	0	0	0	0	11	0	0	0	0	0	0	0	0	0	0	0	0	0	0	0	0	0	0	0
10263	28 Jul 25	15:07:00	1	0	53	0	Ct	0	1	0	1	0	0	0	0	0	0	0	0	0	0	0	0	0	0	0	0	0	0	0	0	0	0	0	0	0	0	0	0	0	0
10264	28 Jul 25	15:08:00	1	0	53	0	Ct	0	1	0	0	0	0	0	0	0	0	0	0	0	0	0	0	0	0	0	0	0	0	0	0	0	0	0	0	0	0	0	0	0	0
10265	28 Jul 25	15:09:00	1	0	53	0	Ct	0	1	0	1	0	0	0	0	0	0	0	0	0	0	0	0	0	0	0	0	0	0	0	0	0	0	0	0	0	0	0	0	0	0
10266	28 Jul 25	15:10:00	1	0	53	0	Ct	0	1	0	0	0	0	0	0	0	0	0	0	0	0	0	0	0	0	0	0	0	0	0	0	0	0	0	0	0	0	0	0	0	0
10267	28 Jul 25	15:11:00	1	0	53	0	Ct	0	1	0	2	0	0	0	0	0	0	0	0	0	0	0	0	0	0	0	0	0	0	0	0	0	0	0	0	0	0	0	0	0	0
10268	28 Jul 25	15:12:00	1	0	53	0	Ct	0	1	0	0	0	0	0	0	0	0	0	0	0	0	0	0	0	0	0	0	0	0	0	0	0	0	0	0	0	0	0	0	0	0
10269	28 Jul 25	15:13:00	1	0	53	0	Ct	0	1	0	0	0	0	0	0	0	0	0	0	0	0	0	0	0	0	0	0	0	0	0	0	0	0	0	0	0	0	0	0	0	0
10270	28 Jul 25	15:14:00	1	0	53	0	Ct	0	1	0	0	0	0	0	0	0	0	0	0	0	0	0	0	0	0	0	0	0	0	0	0	0	0	0	0	0	0	0	0	0	0
10271	28 Jul 25	15:15:00	1	0	53	0	Ct	0	1	0	0	0	0	0	0	0	0	0	0	0	0	0	0	0	0	0	0	0	0	0	0	0	0	0	0	0	0	0	0	0	0
10272	28 Jul 25	15:16:00	1	0	53	0	Ct	0	1	0	0	0	0	0	0	0	0	0	0	0	0	0	0	0	0	0	0	0	0	0	0	0	0	0	0	0	0	0	0	0	0
10273	28 Jul 25	15:17:00	1	0	53	0	Ct	0	1	0	1	0	0	0	0	0	0	0	0	0	0	0	0	0	0	0	0	0	0	0	0	0	0	0	0	0	0	0	0	0	0
10274	28 Jul 25	15:18:00	1	0	53	0	Ct	0	1	0	1	0	0	0	0	0	0	0	0	0	0	0	0	0	0	0	0	0	0	0	0	0	0	0	0	0	0	0	0	1	0
10275	28 Jul 25	15:19:00	1	0	53	0	Ct	0	1	0	1	0	0	0	0	0	0	0	0	0	0	0	0	0	0	0	0	0	0	0	0	0	0	0	0	0	0	0	0	1	0
10276	28 Jul 25	15:20:00	1	0	53	0	Ct	0	1	0	0	0	0	0	0	0	0	0	0	0	0	4	0	0	0	0	0	0	0	0	0	0	0	0	0	0	0	0	0	2	0
10277	28 Jul 25	15:21:00	1	0	53	0	Ct	0	1	0	2	0	0	0	0	0	0	0	0	0	0	0	0	0	0	0	0	0	0	0	0	0	0	0	0	0	0	0	0	0	0
10278	28 Jul 25	15:22:00	1	0	53	0	Ct	0	1	0	2	0	0	0	0	0	0	0	0	1	0	0	0	0	0	0	0	0	0	0	0	0	0	0	0	0	0	0	0	0	0
10279	28 Jul 25	15:23:00	1	0	53	0	Ct	0	1	0	0	0	0	0	0	0	1	0	0	0	0	0	0	0	0	0	0	0	0	0	0	0	0	0	0	0	0	0	0	0	0
10280	28 Jul 25	15:24:00	1	0	53	0	Ct	0	1	0	2	0	0	0	0	0	0	0	0	0	0	0	0	0	0	0	0	0	0	0	0	0	0	0	0	0	0	0	0	0	0
10281	28 Jul 25	15:25:00	1	0	53	0	Ct	0	1	0	0	0	0	0	0	0	2	0	0	0	0	2	0	0	0	0	0	0	0	0	0	0	0	0	0	0	0	0	0	1	0
10282	28 Jul 25	15:26:00	1	0	53	0	Ct	0	1	0	0	0	0	0	0	0	0	0	0	0	0	0	0	0	0	0	0	0	0	0	0	0	0	0	0	0	0	0	0	1	0
10283	28 Jul 25	15:27:00	1	0	53	0	Ct	0	1	0	2	0	0	0	0	0	1	0	0	0	0	0	0	0	0	0	0	0	0	0	0	0	0	0	0	0	0	0	0	1	0
10284	28 Jul 25	15:28:00	1	0	53	0	Ct	0	1	0	0	0	0	0	0	0	0	0	6	0	0	0	0	0	0	0	0	0	0	0	0	0	0	0	0	0	0	0	0	1	0
10285	28 Jul 25	15:29:00	1	0	53	0	Ct	0	1	0	1	0	0	0	0	0	2	0	2	0	0	0	0	0	0	0	0	0	0	0	0	0	0	0	0	0	0	0	0	3	0
10286	28 Jul 25	15:30:00	1	0	53	0	Ct	0	1	0	2	0	0	0	0	0	1	0	2	0	0	1	1	0	0	0	0	0	0	0	0	0	0	0	0	0	0	0	0	3	0
10287	28 Jul 25	15:31:00	1	0	53	0	Ct	0	1	0	2	0	0	0	0	0	1	0	0	0	0	0	0	0	0	0	0	0	0	0	0	0	0	0	0	0	0	0	0	0	0
10288	28 Jul 25	15:32:00	1	0	53	0	Ct	0	1	0	0	0	0	0	0	0	1	0	0	0	0	0	1	0	0	0	0	0	0	0	0	0	0	0	0	0	0	0	0	2	0
10289	28 Jul 25	15:33:00	1	0	53	0	Ct	0	1	0	0	0	0	0	0	0	1	0	0	0	0	0	0	0	0	0	0	0	0	0	0	0	0	0	0	0	0	0	0	2	0
10290	28 Jul 25	15:34:00	1	0	53	0	Ct	0	1	0	0	0	0	0	0	0	2	0	0	0	0	0	0	0	0	0	0	0	0	0	0	0	0	0	0	0	0	0	0	1	0
10291	28 Jul 25	15:35:00	1	0	53	0	Ct	0	1	0	1	0	0	0	0	0	1	0	0	0	0	0	0	0	0	0	0	0	0	0	0	0	0	0	0	0	0	0	0	0	0
10292	28 Jul 25	15:36:00	1	0	53	0	Ct	0	1	0	1	0	0	0	0	0	0	0	0	0	0	0	0	0	0	0	0	0	0	0	0	0	0	0	0	0	0	0	0	1	0
10293	28 Jul 25	15:37:00	1	0	53	0	Ct	0	1	0	3	0	0	0	0	0	1	0	0	0	0	0	0	0	0	0	0	0	0	0	0	0	0	0	0	0	0	0	0	1	0
10294	28 Jul 25	15:38:00	1	0	53	0	Ct	0	1	0	1	0	0	0	0	0	1	0	0	0	0	0	0	0	0	0	0	0	0	0	0	0	0	0	0	0	0	0	0	0	0
10295	28 Jul 25	15:39:00	1	0	53	0	Ct	0	1	0	4	0	0	0	0	0	0	0	0	0	0	0	1	0	0	0	0	0	0	0	0	0	0	0	0	0	0	0	0	1	0
10296	28 Jul 25	15:40:00	1	0	53	0	Ct	0	1	0	1	0	0	0	0	0	2	0	0	0	0	0	0	0	0	0	0	0	0	0	0	0	0	0	0	0	0	0	0	3	0
10297	28 Jul 25	15:41:00	1	0	53	0	Ct	0	1	0	0	0	0	0	0	0	1	0	0	0	0	0	0	0	0	0	0	0	0	0	0	0	0	0	0	0	0	0	0	0	0
10298	28 Jul 25	15:42:00	1	0	53	0	Ct	0	1	0	0	0	0	0	0	0	2	0	0	0	0	0	0	0	0	0	0	0	0	0	0	0	0	0	0	0	0	0	0	0	0
10299	28 Jul 25	15:43:00	1	0	53	0	Ct	0	1	0	0	0	0	0	0	0	0	0	2	0	0	1	0	0	0	0	0	0	0	0	0	0	0	0	0	0	0	0	0	2	0
10300	28 Jul 25	15:44:00	1	0	53	0	Ct	0	1	0	1	0	0	0	0	0	1	0	2	0	0	0	1	0	0	0	0	0	0	0	0	0	0	0	0	0	0	0	0	2	0
10301	28 Jul 25	15:45:00	1	0	53	0	Ct	0	1	0	3	0	0	0	0	0	1	0	0	0	0	0	1	0	0	0	0	0	0	0	0	0	0	0	0	0	0	0	0	1	0
10302	28 Jul 25	15:46:00	1	0	53	0	Ct	0	1	0	1	0	0	0	0	0	1	0	0	0	0	0	1	0	0	0	0	0	0	0	0	0	0	0	0	0	0	0	0	2	0
10303	28 Jul 25	15:47:00	1	0	53	0	Ct	0	1	0	0	0	0	0	0	0	2	0	0	0	0	0	1	0	0	0	0	0	0	0	0	0	0	0	0	0	0	0	0	4	0
10304	28 Jul 25	15:48:00	1	0	53	0	Ct	0	1	0	1	0	0	0	0	0	1	0	0	0	0	0	1	0	0	0	0	0	0	0	0	0	0	0	0	0	0	0	0	1	0
10305	28 Jul 25	15:49:00	1	0	53	0	Ct	0	1	0	1	0	0	0	0	0	0	0	1	0	0	1	2	0	1	0	0	0	0	0	0	0	0	0	0	0	0	0	0	4	0
10306	28 Jul 25	15:50:00	1	0	53	0	Ct	0	1	0	1	0	0	0	0	0	0	0	0	0	0	0	0	0	0	0	0	0	0	0	0	0	0	0	0	0	0	0	0	0	0
10307	28 Jul 25	15:51:00	1	0	53	0	Ct	0	1	0	0	0	0	0	0	0	1	0	0	0	0	2	2	0	0	0	0	0	0	0	0	0	0	0	0	0	0	0	0	1	0
10308	28 Jul 25	15:52:00	1	0	53	0	Ct	0	1	0	1	0	0	0	0	0	1	0	0	0	0	0	1	0	0	0	0	0	0	0	0	0	0	0	0	0	0	0	0	0	0
10309	28 Jul 25	15:53:00	1	0	53	0	Ct	0	1	0	2	0	0	0	0	0	0	0	0	0	0	2	2	0	0	0	0	0	0	0	0	0	0	0	0	0	0	0	0	3	0
10310	28 Jul 25	15:54:00	1	0	53	0	Ct	0	1	0	0	0	0	0	0	0	1	0	0	0	0	0	0	0	0	0	0	0	0	0	0	0	0	0	0	0	0	0	0	2	0
10311	28 Jul 25	15:55:00	1	0	53	0	Ct	0	1	0	0	1	0	0	0	0	0	1	1	0	0	1	1	0	1	0	0	0	0	0	0	0	0	0	0	0	0	0	0	2	0
10312	28 Jul 25	15:56:00	1	0	53	0	Ct	0	1	0	1	0	0	0	0	0	0	0	3	0	0	0	2	0	0	0	0	0	0	0	0	0	0	0	0	0	0	0	0	1	0
10313	28 Jul 25	15:57:00	1	0	53	0	Ct	0	1	0	1	0	0	0	0	0	0	0	0	0	0	0	0	0	0	0	0	0	0	0	0	0	0	0	0	0	0	0	0	1	0
10314	28 Jul 25	15:58:00	1	0	53	0	Ct	0	1	0	1	0	0	0	0	0	1	2	0	0	0	0	0	0	0	0	0	0	0	0	0	0	0	0	0	0	0	0	0	1	0
10315	28 Jul 25	15:59:00	1	0	53	0	Ct	0	1	0	1	0	0	0	0	0	0	0	2	0	0	0	1	0	0	0	0	0	0	0	0	0	0	0	0	0	0	0	0	0	0
10316	28 Jul 25	16:00:00	1	0	53	0	Ct	0	1	0	2	0	0	0	0	0	3	0	0	0	0	0	0	0	0	0	0	0	0	0	0	0	0	0	0	0	0	0	0	1	0
10317	28 Jul 25	16:01:00	1	0	53	0	Ct	0	1	0	0	0	0	0	0	0	1	0	0	0	0	1	0	0	0	0	0	0	0	0	0	0	0	0	0	0	0	0	0	1	0
10318	28 Jul 25	16:02:00	1	0	53	0	Ct	0	1	0	1	0	0	0	0	0	0	0	0	0	0	0	0	0	0	0	0	0	0	0	0	0	0	0	0	0	0	0	0	1	0
10319	28 Jul 25	16:03:00	1	0	53	0	Ct	0	1	0	2	0	0	0	0	0	0	0	0	0	0	0	0	0	0	0	0	0	0	0	0	0	0	0	0	0	0	0	0	0	0
10320	28 Jul 25	16:04:00	1	0	53	0	Ct	0	1	0	1	0	0	0	0	0	0	0	0	0	0	0	0	0	0	0	0	0	0	0	0	0	0	0	0	0	0	0	0	1	0
10321	28 Jul 25	16:05:00	1	0	53	0	Ct	0	1	0	0	0	1	0	0	0	1	0	0	0	0	0	2	0	0	0	0	0	0	0	0	0	0	0	0	0	0	0	0	1	0
10322	28 Jul 25	16:06:00	1	0	53	0	Ct	0	1	0	1	0	0	0	0	0	0	0	0	0	0	0	2	0	0	0	0	0	0	0	0	0	0	0	0	0	0	0	0	1	0
10323	28 Jul 25	16:07:00	1	0	53	0	Ct	0	1	0	0	1	0	0	0	0	1	0	0	0	0	0	0	0	0	0	0	0	0	0	0	0	0	0	0	0	0	0	0	3	0
10324	28 Jul 25	16:08:00	1	0	53	0	Ct	0	1	0	3	0	0	0	0	0	1	0	0	0	0	0	0	0	0	0	0	0	0	0	0	0	0	0	0	0	0	0	0	0	0
10325	28 Jul 25	16:09:00	1	0	53	0	Ct	0	1	0	1	0	0	0	0	0	1	0	0	0	0	0	0	0	0	0	0	0	1	0	0	0	0	0	0	0	0	0	0	1	0
10326	28 Jul 25	16:10:00	1	0	53	0	Ct	0	1	0	1	0	0	0	0	0	0	0	0	0	0	0	0	0	0	0	0	0	1	0	0	0	0	0	0	0	0	0	0	2	0
10327	28 Jul 25	16:11:00	1	0	53	0	Ct	0	1	0	1	0	0	0	0	0	0	0	2	0	0	0	0	0	0	0	0	0	0	0	0	0	0	0	0	0	0	0	0	1	0
10328	28 Jul 25	16:12:00	1	0	53	0	Ct	0	1	0	0	5	0	0	0	0	1	0	0	0	0	3	1	0	0	0	0	0	0	0	0	0	0	0	0	0	0	0	0	1	0
10329	28 Jul 25	16:13:00	1	0	53	0	Ct	0	1	0	0	0	0	0	0	0	0	0	0	1	0	0	1	0	0	0	0	0	0	0	0	0	0	0	0	0	0	0	0	0	1
10330	28 Jul 25	16:14:00	1	0	53	0	Ct	0	1	0	0	0	0	0	0	0	1	0	0	0	0	0	1	0	1	0	0	0	0	0	0	0	0	0	0	0	0	0	0	0	0
10331	28 Jul 25	16:15:00	1	0	53	0	Ct	0	1	0	0	0	0	0	0	0	0	0	0	0	0	0	1	0	0	0	0	0	0	0	0	0	0	0	0	0	0	0	0	0	0
10332	28 Jul 25	16:16:00	1	0	53	0	Ct	0	1	0	0	0	0	0	0	0	0	0	0	0	0	0	0	0	0	0	0	0	2	1	0	0	0	0	0	0	0	0	0	0	0
10333	28 Jul 25	16:17:00	1	0	53	0	Ct	0	1	0	1	0	0	0	0	0	0	0	0	0	0	0	0	0	0	0	0	0	1	0	0	0	0	0	0	0	0	0	0	3	1
10334	28 Jul 25	16:18:00	1	0	53	0	Ct	0	1	0	1	0	1	0	0	0	1	0	0	2	0	0	0	0	0	0	0	0	1	0	0	0	0	0	0	0	0	0	0	0	0
10335	28 Jul 25	16:19:00	1	0	53	0	Ct	0	1	0	1	0	0	0	0	0	0	0	0	0	0	0	0	0	0	0	0	0	0	0	0	0	0	0	0	0	0	0	0	1	0
10336	28 Jul 25	16:20:00	1	0	53	0	Ct	0	1	0	0	0	0	0	0	0	0	0	0	0	0	0	0	0	0	0	0	0	2	0	0	0	0	0	0	0	0	0	0	1	0
10337	28 Jul 25	16:21:00	1	0	53	0	Ct	0	1	0	0	0	0	0	0	3	0	0	0	0	0	0	1	0	0	0	1	0	0	2	0	0	0	0	0	0	0	0	0	2	0
10338	28 Jul 25	16:22:00	1	0	53	0	Ct	0	1	0	2	0	0	0	0	0	0	0	0	0	0	1	0	0	0	0	1	0	1	1	0	0	0	0	0	0	0	0	0	1	0
10339	28 Jul 25	16:23:00	1	0	53	0	Ct	0	1	1	0	0	0	0	0	0	0	0	0	0	0	0	1	0	1	0	0	0	0	1	0	0	0	0	0	0	0	0	0	0	0
10340	28 Jul 25	16:24:00	1	0	53	0	Ct	0	1	0	1	0	0	0	0	0	0	0	0	0	0	0	1	0	1	0	0	0	0	0	0	0	0	0	0	0	0	0	0	1	0
10341	28 Jul 25	16:25:00	1	0	53	0	Ct	0	1	0	2	0	0	0	0	0	0	0	1	0	0	0	0	0	0	0	0	0	2	0	0	0	0	0	0	0	0	0	0	0	0
10342	28 Jul 25	16:26:00	1	0	53	0	Ct	0	1	0	1	0	0	0	0	0	0	0	0	0	0	0	0	0	0	0	0	0	2	0	0	0	0	0	0	0	0	0	0	2	0
10343	28 Jul 25	16:27:00	1	0	53	0	Ct	0	1	0	0	0	0	0	0	0	0	0	0	0	0	0	1	0	0	0	0	0	1	0	0	0	0	0	0	0	0	1	0	0	0
10344	28 Jul 25	16:28:00	1	0	53	0	Ct	0	1	0	1	0	0	2	0	0	0	0	0	0	0	0	0	0	1	0	0	0	2	2	0	0	0	0	0	0	0	0	0	1	0
10345	28 Jul 25	16:29:00	1	0	53	0	Ct	0	1	0	0	0	0	0	0	0	0	0	0	0	0	0	1	0	2	0	0	0	1	0	0	0	0	0	0	0	0	0	0	0	0
10346	28 Jul 25	16:30:00	1	0	53	0	Ct	0	1	0	0	0	0	0	0	0	0	1	0	0	0	0	4	0	1	0	0	0	2	1	0	0	0	0	0	0	0	0	0	1	0
10347	28 Jul 25	16:31:00	1	0	53	0	Ct	0	1	0	1	0	0	0	0	0	0	0	0	0	0	0	2	0	0	0	3	0	2	1	0	0	0	0	0	0	0	0	0	0	0
10348	28 Jul 25	16:32:00	1	0	53	0	Ct	0	1	0	0	0	0	0	0	0	0	1	2	0	0	0	0	0	1	0	0	0	3	0	0	0	0	0	0	0	0	0	0	0	0
10349	28 Jul 25	16:33:00	1	0	53	0	Ct	0	1	0	0	0	1	0	0	0	0	0	0	0	0	0	0	0	1	0	0	0	2	0	0	0	0	0	0	0	0	0	0	1	0
10350	28 Jul 25	16:34:00	1	0	53	0	Ct	0	1	0	0	0	0	0	0	0	0	0	0	0	0	0	0	0	3	0	0	0	3	3	0	0	0	0	0	0	0	0	0	5	1
10351	28 Jul 25	16:35:00	1	0	53	0	Ct	0	1	0	1	0	0	0	0	0	0	0	0	1	0	1	1	0	1	0	0	0	1	1	0	0	0	0	0	0	0	0	0	0	0
10352	28 Jul 25	16:36:00	1	0	53	0	Ct	0	1	0	0	0	0	0	0	0	0	0	1	0	0	0	2	0	1	0	0	0	0	0	0	0	0	0	0	0	0	0	0	2	1
10353	28 Jul 25	16:37:00	1	0	53	0	Ct	0	1	0	2	0	0	0	0	0	0	0	0	0	0	0	0	0	1	0	0	0	1	1	0	0	0	0	0	0	0	1	0	3	0
10354	28 Jul 25	16:38:00	1	0	53	0	Ct	0	1	0	0	0	0	0	0	0	0	0	0	0	0	1	1	0	0	0	0	0	1	1	0	0	0	0	0	0	0	2	0	1	2
10355	28 Jul 25	16:39:00	1	0	53	0	Ct	0	1	0	0	1	0	0	0	0	0	0	0	0	0	1	0	0	1	0	0	0	2	1	0	0	0	0	0	0	0	1	0	1	0
10356	28 Jul 25	16:40:00	1	0	53	0	Ct	0	1	0	3	1	0	0	0	0	0	0	0	0	0	1	0	0	0	0	0	0	1	0	0	0	0	0	0	0	0	0	0	0	1
10357	28 Jul 25	16:41:00	1	0	53	0	Ct	0	1	0	1	0	0	0	0	0	0	0	0	0	0	3	1	0	1	0	1	0	2	2	0	0	0	0	0	0	0	0	0	1	2
10358	28 Jul 25	16:42:00	1	0	53	0	Ct	0	1	0	1	0	0	0	0	0	0	0	0	0	0	2	0	0	0	0	0	0	1	1	0	0	0	0	0	0	0	2	0	0	1
10359	28 Jul 25	16:43:00	1	0	53	0	Ct	0	1	0	2	0	0	0	0	0	0	0	0	0	0	1	0	0	2	0	0	0	3	0	0	0	0	0	0	0	0	0	0	0	0
10360	28 Jul 25	16:44:00	1	0	53	0	Ct	0	1	0	0	0	0	0	0	0	0	0	0	0	0	1	1	0	0	0	0	0	0	0	0	0	0	0	0	0	0	1	0	0	1
10361	28 Jul 25	16:45:00	1	0	53	0	Ct	0	1	0	1	0	0	1	0	0	0	0	0	0	0	2	1	0	0	0	0	0	2	0	0	0	0	0	0	0	0	1	0	1	0
10362	28 Jul 25	16:46:00	1	0	53	0	Ct	0	1	0	1	0	0	0	0	0	2	0	0	0	0	2	1	0	0	0	0	0	1	0	0	0	0	0	0	0	0	2	0	0	0
10363	28 Jul 25	16:47:00	1	0	53	0	Ct	0	1	0	0	0	0	0	0	0	0	0	0	0	0	1	0	0	0	0	0	0	0	1	0	0	0	0	0	0	0	1	0	0	0
10364	28 Jul 25	16:48:00	1	0	53	0	Ct	0	1	0	1	0	0	0	0	0	0	0	0	0	0	1	1	0	0	0	0	0	1	1	0	0	0	0	0	0	0	0	0	0	0
10365	28 Jul 25	16:49:00	1	0	53	0	Ct	0	1	0	2	0	0	0	0	0	0	0	0	0	0	1	0	0	0	0	0	0	2	0	0	0	0	0	0	0	0	2	0	0	1
10366	28 Jul 25	16:50:00	1	0	53	0	Ct	0	1	0	0	0	0	0	0	0	0	0	0	0	0	2	0	0	0	0	0	0	2	3	0	0	0	0	0	0	0	0	0	0	1
10367	28 Jul 25	16:51:00	1	0	53	0	Ct	0	1	0	0	0	0	0	0	0	1	0	0	0	0	1	0	0	0	0	0	0	1	0	0	0	0	0	0	0	0	0	0	0	1
10368	28 Jul 25	16:52:00	1	0	53	0	Ct	0	1	0	0	0	0	0	0	0	3	0	7	0	0	3	0	0	0	0	0	0	1	1	0	0	0	0	0	0	0	2	0	0	1
10369	28 Jul 25	16:53:00	1	0	53	0	Ct	0	1	0	2	0	0	0	0	0	1	0	0	0	0	0	1	0	0	0	0	0	1	1	0	0	0	0	0	0	0	2	0	0	1
10370	28 Jul 25	16:54:00	1	0	53	0	Ct	0	1	0	0	0	0	0	0	0	2	0	0	0	0	2	0	0	0	0	0	0	0	0	0	0	0	0	0	0	0	0	0	0	0
10371	28 Jul 25	16:55:00	1	0	53	0	Ct	0	1	0	1	0	0	0	0	0	1	0	0	0	0	1	1	0	0	0	0	0	1	0	0	0	0	0	0	0	0	0	0	0	1
10372	28 Jul 25	16:56:00	1	0	53	0	Ct	0	1	0	1	0	0	0	0	0	1	0	0	0	0	2	0	0	0	0	0	0	2	2	0	0	0	0	0	0	0	0	0	0	3
10373	28 Jul 25	16:57:00	1	0	53	0	Ct	0	1	0	1	0	0	0	0	0	0	0	0	0	0	2	0	0	0	0	0	0	1	0	0	0	0	0	0	0	0	2	0	0	1
10374	28 Jul 25	16:58:00	1	0	53	0	Ct	0	1	0	0	0	0	0	0	1	2	0	1	0	0	1	0	0	0	0	0	0	1	3	0	0	0	0	0	0	0	3	0	0	1
10375	28 Jul 25	16:59:00	1	0	53	0	Ct	0	1	0	1	0	0	0	0	0	2	0	0	0	0	1	0	0	0	0	0	0	2	1	0	0	0	0	0	0	0	2	0	1	0
10376	28 Jul 25	17:00:00	1	0	53	0	Ct	0	1	0	2	0	2	0	0	2	1	0	0	0	0	2	0	0	0	0	0	0	0	0	0	0	0	0	0	0	0	1	0	0	0
10377	28 Jul 25	17:01:00	1	0	53	0	Ct	0	1	0	0	0	0	0	0	0	0	0	0	0	0	1	2	0	0	0	0	0	0	0	0	0	0	0	0	0	0	2	0	5	0
10378	28 Jul 25	17:02:00	1	0	53	0	Ct	0	1	0	1	0	1	0	0	0	1	0	0	0	0	1	0	0	0	0	0	0	1	2	0	0	0	0	0	0	0	2	0	1	0
10379	28 Jul 25	17:03:00	1	0	53	0	Ct	0	1	0	1	0	0	1	0	1	2	0	1	0	0	1	2	0	0	0	0	0	0	0	0	0	0	0	0	0	0	2	0	5	0
10380	28 Jul 25	17:04:00	1	0	53	0	Ct	0	1	0	1	0	0	0	0	0	1	0	4	0	1	2	0	0	0	0	0	0	1	0	0	0	0	0	0	0	0	0	0	0	0
10381	28 Jul 25	17:05:00	1	0	53	0	Ct	0	1	0	2	0	1	1	0	1	0	0	0	0	0	2	1	0	0	0	0	0	1	0	0	0	0	0	0	0	0	1	0	0	0
10382	28 Jul 25	17:06:00	1	0	53	0	Ct	0	1	0	1	0	0	2	0	2	1	0	0	0	0	1	2	0	0	0	0	0	2	1	0	0	0	0	0	0	0	0	0	1	0
10383	28 Jul 25	17:07:00	1	0	53	0	Ct	0	1	0	2	0	0	1	0	1	2	0	0	0	0	0	1	0	0	0	0	0	1	1	0	0	2	0	0	0	0	2	0	0	0
10384	28 Jul 25	17:08:00	1	0	53	0	Ct	0	1	0	1	0	0	1	0	1	1	0	1	0	0	1	0	0	0	0	0	0	1	1	0	0	0	0	0	0	0	1	0	0	1
10385	28 Jul 25	17:09:00	1	0	53	0	Ct	0	1	0	1	0	0	0	0	1	2	0	0	0	0	1	2	0	0	0	0	0	1	1	0	0	0	0	0	0	0	2	0	4	0
10386	28 Jul 25	17:10:00	1	0	53	0	Ct	0	1	0	1	0	0	1	0	0	1	0	2	0	0	1	1	0	0	0	0	0	1	0	0	0	0	0	0	0	0	0	0	2	0
10387	28 Jul 25	17:11:00	1	0	53	0	Ct	0	1	0	2	0	1	0	0	1	2	0	0	0	0	2	1	0	0	0	0	0	0	0	0	0	0	0	0	0	0	1	0	0	0
10388	28 Jul 25	17:12:00	1	0	53	0	Ct	0	1	0	3	0	0	1	0	0	0	0	0	0	0	2	0	0	0	0	0	0	2	0	0	0	0	0	0	0	0	5	0	0	0
10389	28 Jul 25	17:13:00	1	0	53	0	Ct	0	1	0	0	0	0	1	0	1	0	0	0	1	0	0	1	0	0	0	0	0	1	1	0	0	0	0	0	0	0	0	0	0	0
10390	28 Jul 25	17:14:00	1	0	53	0	Ct	0	1	0	1	0	0	1	0	0	1	0	0	1	0	1	1	0	0	0	0	0	1	1	0	0	0	0	0	0	0	3	0	0	0
10391	28 Jul 25	17:15:00	1	0	53	0	Ct	0	1	0	1	0	1	0	0	3	2	0	0	2	0	0	0	0	0	0	0	0	0	0	0	0	0	0	0	0	0	0	0	0	0
10392	28 Jul 25	17:16:00	1	0	53	0	Ct	0	1	0	2	0	0	2	0	1	0	0	0	0	0	2	3	0	0	0	0	0	2	2	0	0	0	0	0	0	0	0	0	2	0
10393	28 Jul 25	17:17:00	1	0	53	0	Ct	0	1	0	1	0	1	0	0	1	0	0	0	2	0	1	0	0	0	0	1	0	1	2	0	0	0	0	0	0	0	0	0	1	0
10394	28 Jul 25	17:18:00	1	0	53	0	Ct	0	1	0	0	0	0	2	0	1	0	0	0	0	0	0	0	0	0	0	0	0	1	1	0	0	0	0	0	0	0	0	0	0	1
10395	28 Jul 25	17:19:00	1	0	53	0	Ct	0	1	0	1	0	0	0	0	1	0	0	0	0	0	0	0	0	0	0	0	0	0	0	0	0	0	0	0	0	0	0	0	0	0
10396	28 Jul 25	17:20:00	1	0	53	0	Ct	0	1	0	0	0	0	0	0	1	0	0	1	2	0	0	2	0	0	0	1	0	0	0	0	0	0	0	0	0	0	0	0	1	0
10397	28 Jul 25	17:21:00	1	0	53	0	Ct	0	1	0	0	0	2	0	0	3	0	0	0	2	0	2	1	0	0	0	0	0	2	0	0	0	0	0	0	0	0	0	0	1	2
10398	28 Jul 25	17:22:00	1	0	53	0	Ct	0	1	0	1	0	2	2	0	1	1	0	0	2	0	3	0	0	0	0	0	0	0	0	0	0	0	0	0	0	0	0	0	2	1
10399	28 Jul 25	17:23:00	1	0	53	0	Ct	0	1	0	0	0	1	1	0	1	0	0	2	2	0	2	2	0	0	0	0	0	2	0	0	0	0	0	0	0	0	0	0	1	1
10400	28 Jul 25	17:24:00	1	0	53	0	Ct	0	1	0	1	0	0	2	0	2	0	0	0	1	0	1	1	0	0	0	0	0	1	0	0	0	0	0	0	0	0	0	0	1	0
10401	28 Jul 25	17:25:00	1	0	53	0	Ct	0	1	0	0	0	0	0	0	2	0	0	0	0	1	2	1	0	0	0	0	0	4	0	0	0	0	0	0	0	0	0	0	0	0
10402	28 Jul 25	17:26:00	1	0	53	0	Ct	0	1	0	1	0	0	1	0	2	0	0	0	1	0	1	0	0	0	0	0	0	0	0	0	0	0	0	0	0	0	0	0	1	1
10403	28 Jul 25	17:27:00	1	0	53	0	Ct	0	1	0	2	0	0	1	0	2	0	0	0	0	0	1	0	0	0	0	0	0	0	0	0	0	0	0	0	0	0	0	0	2	2
10404	28 Jul 25	17:28:00	1	0	53	0	Ct	0	1	0	0	1	0	1	0	2	0	0	2	2	0	2	1	0	0	0	0	0	0	0	0	0	0	0	0	0	0	1	0	3	0
10405	28 Jul 25	17:29:00	1	0	53	0	Ct	0	1	1	0	0	0	0	0	0	0	0	0	1	0	2	1	0	1	0	0	0	0	0	0	0	0	0	0	0	0	1	0	0	0
10406	28 Jul 25	17:30:00	1	0	53	0	Ct	0	1	0	1	0	1	0	0	2	0	1	1	1	0	2	0	0	2	0	0	0	0	0	0	0	0	0	0	0	0	1	0	0	1
10407	28 Jul 25	17:31:00	1	0	53	0	Ct	0	1	1	0	0	1	0	0	2	0	0	0	0	0	2	2	0	1	0	0	0	0	0	0	0	0	0	0	0	0	1	0	1	1
10408	28 Jul 25	17:32:00	1	0	53	0	Ct	0	1	0	0	0	3	1	0	2	0	0	0	0	0	1	0	0	0	0	0	0	0	0	0	0	0	0	0	0	0	0	0	1	1
10409	28 Jul 25	17:33:00	1	0	53	0	Ct	0	1	0	0	0	0	1	0	1	0	0	0	1	0	1	1	0	0	0	0	2	0	0	0	0	0	0	0	0	0	0	0	0	0
10410	28 Jul 25	17:34:00	1	0	53	0	Ct	0	1	0	0	0	0	0	0	3	0	0	0	0	0	1	1	0	1	0	0	0	0	0	0	0	0	0	0	0	0	2	0	1	1
10411	28 Jul 25	17:35:00	1	0	53	0	Ct	0	1	0	1	0	3	0	0	0	0	0	0	1	0	1	1	0	1	0	0	0	1	0	0	0	0	0	0	0	0	2	0	0	0
10412	28 Jul 25	17:36:00	1	0	53	0	Ct	0	1	0	0	0	0	1	0	2	0	0	1	0	0	1	1	0	0	0	0	0	1	0	0	0	0	0	0	0	0	0	0	1	1
10413	28 Jul 25	17:37:00	1	0	53	0	Ct	0	1	0	1	0	1	3	0	1	0	0	4	0	0	0	0	0	0	0	0	0	0	0	0	0	0	0	0	0	0	1	0	2	0
10414	28 Jul 25	17:38:00	1	0	53	0	Ct	0	1	0	1	0	0	2	0	2	0	0	0	1	0	0	1	0	0	0	0	0	0	0	0	0	0	0	0	0	0	0	0	0	0
10415	28 Jul 25	17:39:00	1	0	53	0	Ct	0	1	0	1	0	0	1	0	1	0	0	0	1	1	0	1	0	0	0	0	0	0	0	0	0	0	0	0	0	0	1	0	1	0
10416	28 Jul 25	17:40:00	1	0	53	0	Ct	0	1	0	1	0	1	0	0	3	0	0	0	1	0	1	0	0	0	0	0	0	0	4	0	0	0	0	0	0	0	0	0	0	1
10417	28 Jul 25	17:41:00	1	0	53	0	Ct	0	1	0	0	0	1	2	0	1	0	0	2	0	0	1	1	0	0	0	0	0	0	0	0	0	0	0	0	0	0	0	0	1	0
10418	28 Jul 25	17:42:00	1	0	53	0	Ct	0	1	0	2	0	2	2	0	0	0	0	1	0	0	1	1	0	0	0	0	0	4	0	0	0	0	0	0	0	0	0	0	0	1
10419	28 Jul 25	17:43:00	1	0	53	0	Ct	0	1	1	1	1	0	1	0	0	0	0	1	0	0	1	0	0	0	0	0	0	0	1	0	0	0	0	0	0	0	0	0	0	0
10420	28 Jul 25	17:44:00	1	0	53	0	Ct	0	1	0	0	1	1	1	0	0	0	0	0	0	0	1	0	0	0	0	0	0	2	1	0	0	0	0	0	0	0	0	0	0	1
10421	28 Jul 25	17:45:00	1	0	53	0	Ct	0	1	1	3	0	1	2	0	2	0	0	1	0	0	1	2	0	0	1	0	0	1	0	0	0	0	0	0	0	0	0	0	1	0
10422	28 Jul 25	17:46:00	1	0	53	0	Ct	0	1	0	1	0	1	2	0	1	1	0	2	0	0	0	0	0	0	0	1	0	1	1	0	0	0	0	0	0	0	0	0	0	1
10423	28 Jul 25	17:47:00	1	0	53	0	Ct	0	1	7	2	0	1	0	0	0	2	0	5	0	0	2	0	0	0	0	0	0	0	1	0	0	0	0	0	0	0	0	0	0	1
10424	28 Jul 25	17:48:00	1	0	53	0	Ct	0	1	15	2	0	0	0	0	0	1	0	0	0	0	0	0	0	0	0	0	0	2	2	0	0	0	0	0	0	0	0	0	1	0
10425	28 Jul 25	17:49:00	1	0	53	0	Ct	0	1	9	1	0	0	0	0	0	0	0	2	0	0	0	1	0	0	0	0	0	1	0	0	0	0	0	0	0	0	0	0	0	1
10426	28 Jul 25	17:50:00	1	0	53	0	Ct	0	1	0	2	0	0	0	0	0	2	0	1	0	1	0	1	0	0	0	0	0	2	0	0	0	0	0	0	0	0	0	0	1	0
10427	28 Jul 25	17:51:00	1	0	53	0	Ct	0	1	0	0	0	3	2	0	1	0	0	3	0	0	0	0	0	0	1	0	0	0	3	0	0	0	4	1	0	0	0	0	1	1
10428	28 Jul 25	17:52:00	1	0	53	0	Ct	0	1	0	0	1	0	1	0	1	1	0	1	0	0	1	2	0	0	0	0	0	3	0	0	0	0	0	0	0	0	0	0	1	1
10429	28 Jul 25	17:53:00	1	0	53	0	Ct	0	1	0	2	1	1	1	0	2	0	0	1	0	1	2	0	0	0	0	0	0	0	0	0	0	0	0	2	0	0	1	0	0	1
10430	28 Jul 25	17:54:00	1	0	53	0	Ct	0	1	0	1	2	0	1	0	1	1	0	0	0	0	1	0	0	0	0	1	0	1	0	0	0	0	0	0	0	0	0	0	0	0
10431	28 Jul 25	17:55:00	1	0	53	0	Ct	0	1	1	1	2	0	1	0	2	0	0	1	1	0	1	3	0	1	0	0	0	2	0	0	0	0	0	1	0	0	0	0	0	0
10432	28 Jul 25	17:56:00	1	0	53	0	Ct	0	1	0	0	0	1	2	0	1	1	0	2	1	0	1	2	0	1	0	0	0	1	0	0	0	0	0	0	0	0	0	0	2	1
10433	28 Jul 25	17:57:00	1	0	53	0	Ct	0	1	0	1	2	0	0	0	2	1	0	1	0	0	1	0	0	0	0	0	0	0	0	0	0	0	0	1	0	0	0	0	1	1
10434	28 Jul 25	17:58:00	1	0	53	0	Ct	0	1	0	1	0	2	0	0	1	2	0	3	0	0	1	1	0	0	0	0	0	1	2	0	0	0	0	1	0	0	0	0	1	1
10435	28 Jul 25	17:59:00	1	0	53	0	Ct	0	1	0	0	1	2	2	0	0	1	0	3	0	0	2	1	0	1	0	1	0	0	1	0	0	0	0	0	0	0	1	0	0	0
10436	28 Jul 25	18:00:00	1	0	53	0	Ct	0	1	0	1	3	1	2	0	1	2	0	0	1	0	0	0	0	0	0	0	0	1	0	0	0	0	0	2	0	0	0	0	2	0
10437	28 Jul 25	18:01:00	1	0	53	0	Ct	0	1	0	2	0	0	0	0	1	0	0	2	2	2	0	0	0	2	0	0	0	0	2	0	0	0	0	0	0	0	2	0	1	1
10438	28 Jul 25	18:02:00	1	0	53	0	Ct	0	1	0	0	3	1	0	0	1	1	0	3	1	0	2	1	0	0	0	0	0	2	0	0	0	0	0	1	0	0	2	0	1	3
10439	28 Jul 25	18:03:00	1	0	53	0	Ct	0	1	0	0	2	1	0	0	0	0	1	1	1	2	0	1	0	1	0	0	0	1	2	0	0	0	0	0	0	0	1	0	0	0
10440	28 Jul 25	18:04:00	1	0	53	0	Ct	0	1	0	1	4	2	1	0	1	0	0	2	0	0	2	1	0	1	0	0	0	0	0	0	0	0	0	0	0	0	1	0	0	1
10441	28 Jul 25	18:05:00	1	0	53	0	Ct	0	1	2	2	1	1	2	0	1	1	2	2	1	2	1	2	0	0	0	0	0	2	2	0	0	0	0	2	0	0	1	0	1	1
10442	28 Jul 25	18:06:00	1	0	53	0	Ct	0	0	3	4	1	0	3	0	0	2	0	0	0	1	1	3	0	1	0	3	3	2	4	1	0	0	0	1	0	0	0	0	2	3
10443	28 Jul 25	18:07:00	1	0	53	0	Ct	0	0	1	4	5	0	3	0	1	4	2	1	1	0	1	5	0	4	1	4	1	4	3	1	0	4	0	3	0	0	1	0	2	4
10444	28 Jul 25	18:08:00	1	0	53	0	Ct	0	0	4	2	4	2	5	0	1	4	4	0	4	2	3	4	0	3	2	3	0	3	4	0	0	2	2	2	0	0	0	0	0	4
10445	28 Jul 25	18:09:00	1	0	53	0	Ct	0	0	5	5	1	4	3	2	2	3	3	2	4	1	1	3	0	6	5	2	0	6	3	0	0	2	3	4	0	0	2	0	4	4
10446	28 Jul 25	18:10:00	1	0	53	0	Ct	0	0	4	3	5	3	5	2	3	4	3	4	6	1	1	5	0	4	4	5	0	3	4	0	0	3	1	5	0	0	1	0	5	4
10447	28 Jul 25	18:11:00	1	0	53	0	Ct	0	0	3	3	6	3	5	2	4	4	2	6	5	5	2	5	2	3	4	3	1	2	5	0	0	3	4	6	0	0	2	0	4	3
10448	28 Jul 25	18:12:00	1	0	53	0	Ct	0	0	5	4	3	4	3	3	3	2	4	4	5	4	4	4	0	6	4	2	1	2	4	1	0	2	5	3	0	0	3	0	6	2
10449	28 Jul 25	18:13:00	1	0	53	0	Ct	0	0	3	5	5	3	5	2	2	3	4	3	4	4	1	6	3	5	2	3	0	2	3	1	0	4	4	4	0	0	1	0	6	3
10450	28 Jul 25	18:14:00	1	0	53	0	Ct	0	0	3	6	3	3	4	2	1	2	5	6	4	2	0	4	0	4	4	3	2	1	3	0	0	4	5	4	0	0	4	0	6	3
10451	28 Jul 25	18:15:00	1	0	53	0	Ct	0	0	3	5	6	5	5	2	5	3	5	3	6	2	4	6	0	4	2	3	3	2	3	0	0	3	4	4	0	0	2	0	6	2
10452	28 Jul 25	18:16:00	1	0	53	0	Ct	0	0	5	3	1	3	2	1	5	3	3	5	4	5	3	6	0	4	4	3	2	1	4	0	0	3	2	4	0	0	4	0	4	1
10453	28 Jul 25	18:17:00	1	0	53	0	Ct	0	0	3	4	2	2	4	3	3	3	2	4	4	3	4	4	0	5	2	2	2	3	4	2	0	2	1	2	0	0	2	0	6	3
10454	28 Jul 25	18:18:00	1	0	53	0	Ct	0	0	6	3	4	3	4	2	3	2	4	4	3	2	4	4	0	4	3	3	2	2	3	0	0	2	3	4	0	0	3	0	6	3
10455	28 Jul 25	18:19:00	1	0	53	0	Ct	0	0	6	5	3	2	3	5	3	2	4	5	4	2	4	5	0	4	7	3	1	4	2	0	0	3	3	5	0	0	3	0	2	3
10456	28 Jul 25	18:20:00	1	0	53	0	Ct	0	0	3	5	2	3	3	1	2	3	2	3	5	4	1	6	0	6	4	2	1	2	3	1	0	3	5	1	0	0	3	0	4	1
10457	28 Jul 25	18:21:00	1	0	53	0	Ct	0	0	4	5	3	2	2	3	3	2	1	4	4	4	4	6	0	6	3	3	0	3	4	4	0	4	3	3	0	0	2	0	5	3
10458	28 Jul 25	18:22:00	1	0	53	0	Ct	0	0	4	4	4	1	2	5	3	2	3	4	6	3	2	5	0	6	4	4	1	1	3	0	0	4	4	4	0	0	2	0	4	3
10459	28 Jul 25	18:23:00	1	0	53	0	Ct	0	0	2	6	5	3	4	4	6	2	4	3	4	3	2	5	0	4	4	2	1	4	2	0	0	4	4	3	0	0	4	0	4	2
10460	28 Jul 25	18:24:00	1	0	53	0	Ct	0	0	5	4	3	3	0	3	6	3	5	5	4	4	4	5	2	2	6	1	0	3	2	0	0	3	4	3	0	0	2	0	4	2
10461	28 Jul 25	18:25:00	1	0	53	0	Ct	0	0	3	4	7	5	5	4	3	1	5	4	3	5	2	4	2	4	5	1	1	3	4	0	0	4	5	5	0	0	1	0	3	2
10462	28 Jul 25	18:26:00	1	0	53	0	Ct	0	0	4	2	3	2	2	8	2	2	1	5	4	5	0	7	0	4	4	2	2	2	1	3	0	4	5	3	0	0	2	0	3	3
10463	28 Jul 25	18:27:00	1	0	53	0	Ct	0	0	2	3	3	3	4	1	2	2	3	3	4	2	2	6	0	5	4	0	3	4	6	2	0	4	2	4	0	0	3	0	4	4
10464	28 Jul 25	18:28:00	1	0	53	0	Ct	0	0	4	1	5	3	3	6	2	2	3	4	2	4	3	6	0	5	4	3	5	3	2	0	0	2	5	6	0	0	1	0	5	4
10465	28 Jul 25	18:29:00	1	0	53	0	Ct	0	0	3	3	5	3	4	3	3	2	4	4	4	4	3	5	0	5	2	2	6	3	4	0	0	4	3	3	0	0	3	0	5	3
10466	28 Jul 25	18:30:00	1	0	53	0	Ct	0	0	4	3	2	3	1	6	5	2	1	4	3	3	3	6	0	4	4	2	1	1	3	0	0	4	4	2	0	0	3	0	5	4
10467	28 Jul 25	18:31:00	1	0	53	0	Ct	0	0	2	1	4	3	3	3	3	2	3	4	4	4	3	3	0	5	3	3	3	0	2	0	0	4	4	4	0	0	1	0	2	3
10468	28 Jul 25	18:32:00	1	0	53	0	Ct	0	0	5	2	0	3	4	2	2	1	3	5	3	3	3	5	0	2	2	1	4	3	4	0	0	3	2	4	0	0	2	0	3	3
10469	28 Jul 25	18:33:00	1	0	53	0	Ct	0	0	4	5	3	5	2	2	3	2	3	5	4	4	2	5	0	4	1	2	3	3	3	0	0	2	2	3	0	0	1	0	5	5
10470	28 Jul 25	18:34:00	1	0	53	0	Ct	0	0	4	2	4	0	3	3	3	2	3	5	2	3	3	6	0	3	4	4	5	4	2	0	0	4	1	4	0	0	2	0	5	4
10471	28 Jul 25	18:35:00	1	0	53	0	Ct	0	0	3	2	3	0	4	4	2	3	3	4	4	4	3	3	0	5	4	3	4	1	2	0	0	2	2	3	0	0	2	0	5	3
10472	28 Jul 25	18:36:00	1	0	53	0	Ct	0	0	2	3	4	2	3	3	3	2	2	3	3	3	2	6	0	4	2	4	3	4	3	0	0	2	3	4	0	0	1	0	0	2
10473	28 Jul 25	18:37:00	1	0	53	0	Ct	0	0	5	5	3	0	3	3	2	1	3	3	5	2	3	3	0	6	5	0	4	0	1	2	0	2	3	1	0	0	3	0	2	3
10474	28 Jul 25	18:38:00	1	0	53	0	Ct	0	0	3	6	3	1	3	3	5	3	3	4	6	4	2	4	0	3	5	5	2	1	1	2	0	0	0	5	0	0	4	0	2	4
10475	28 Jul 25	18:39:00	1	0	53	0	Ct	0	0	3	3	3	1	2	3	3	2	3	4	5	4	1	4	0	5	4	2	1	1	2	0	0	2	4	3	0	0	6	0	3	3
10476	28 Jul 25	18:40:00	1	0	53	0	Ct	0	0	4	5	3	1	2	2	3	3	4	5	2	4	3	2	0	5	3	3	2	3	3	0	0	3	0	4	0	0	4	0	4	2
10477	28 Jul 25	18:41:00	1	0	53	0	Ct	0	0	3	3	3	7	2	3	3	2	8	4	2	4	2	6	0	5	5	2	7	2	3	1	0	3	1	1	0	0	3	0	4	3
10478	28 Jul 25	18:42:00	1	0	53	0	Ct	0	0	2	4	2	4	2	2	2	4	4	4	5	5	4	5	0	5	2	2	6	2	3	0	0	2	2	4	0	0	2	0	4	3
10479	28 Jul 25	18:43:00	1	0	53	0	Ct	0	0	5	4	3	1	3	2	2	3	2	3	3	2	3	5	0	5	3	1	3	4	2	0	0	3	3	2	0	0	4	0	3	1
10480	28 Jul 25	18:44:00	1	0	53	0	Ct	0	0	3	5	4	5	3	2	4	3	2	6	4	3	4	3	0	7	4	3	8	2	4	0	0	4	2	4	0	0	3	0	4	2
10481	28 Jul 25	18:45:00	1	0	53	0	Ct	0	0	3	4	2	4	4	2	4	1	2	3	4	4	4	4	0	5	1	3	2	1	3	0	0	1	2	6	0	0	2	0	3	3
10482	28 Jul 25	18:46:00	1	0	53	0	Ct	0	0	2	3	2	3	5	2	3	0	0	5	4	4	4	5	0	5	4	2	2	0	3	4	0	2	2	4	0	0	4	0	7	3
10483	28 Jul 25	18:47:00	1	0	53	0	Ct	0	0	3	5	2	4	6	3	4	1	3	5	2	4	3	5	0	6	2	2	5	1	3	3	0	2	3	4	0	0	3	0	5	3
10484	28 Jul 25	18:48:00	1	0	53	0	Ct	0	0	4	4	2	3	6	3	3	3	9	4	6	3	3	4	0	4	4	1	5	1	4	29	0	0	3	5	0	0	0	0	8	5
10485	28 Jul 25	18:49:00	1	0	53	0	Ct	0	0	3	8	2	3	3	2	3	1	2	5	3	5	1	5	0	5	3	0	3	1	2	7	0	1	4	3	0	0	2	0	6	4
10486	28 Jul 25	18:50:00	1	0	53	0	Ct	0	0	5	4	3	2	4	1	4	2	6	3	4	4	2	5	0	4	4	2	0	5	3	0	0	1	0	1	0	0	0	0	6	2
10487	28 Jul 25	18:51:00	1	0	53	0	Ct	0	0	4	1	1	3	3	3	5	1	4	5	3	4	3	5	0	5	3	2	2	0	1	0	0	2	2	5	0	0	5	0	4	3
10488	28 Jul 25	18:52:00	1	0	53	0	Ct	0	0	3	1	4	2	8	4	3	2	2	4	3	3	2	5	0	3	4	2	1	2	4	0	0	4	1	2	0	0	2	0	4	4
10489	28 Jul 25	18:53:00	1	0	53	0	Ct	0	0	3	6	4	2	4	4	3	1	6	2	2	4	4	5	0	3	4	0	4	2	3	0	0	2	2	2	0	0	2	0	5	4
10490	28 Jul 25	18:54:00	1	0	53	0	Ct	0	0	3	3	4	4	4	4	2	1	4	4	3	3	3	5	0	5	5	2	3	1	3	0	0	2	0	5	0	0	2	0	2	3
10491	28 Jul 25	18:55:00	1	0	53	0	Ct	0	0	6	5	3	5	3	4	4	2	3	3	1	3	2	5	0	4	4	1	4	2	1	0	0	2	1	3	0	0	1	0	6	3
10492	28 Jul 25	18:56:00	1	0	53	0	Ct	0	0	3	1	1	3	5	4	4	3	3	5	2	3	2	5	0	2	4	4	2	2	3	0	0	2	2	4	0	0	2	0	4	0
10493	28 Jul 25	18:57:00	1	0	53	0	Ct	0	0	3	3	3	2	4	6	2	3	3	5	1	2	5	5	0	4	3	17	4	1	3	0	0	2	4	1	0	0	2	0	5	3
10494	28 Jul 25	18:58:00	1	0	53	0	Ct	0	0	4	2	3	3	4	5	2	1	3	5	3	3	4	2	0	3	0	3	4	5	4	0	0	3	16	3	0	0	3	0	7	3
10495	28 Jul 25	18:59:00	1	0	53	0	Ct	0	0	4	5	1	5	4	1	4	2	4	5	3	3	5	2	0	4	4	6	3	1	3	0	0	4	7	3	0	0	1	0	1	2
10496	28 Jul 25	19:00:00	1	0	53	0	Ct	0	0	3	3	2	3	4	0	3	1	5	3	5	3	3	6	0	4	6	2	3	1	1	0	0	2	1	5	0	0	4	0	4	3
10497	28 Jul 25	19:01:00	1	0	53	0	Ct	0	0	3	4	3	2	4	3	4	0	2	4	4	2	4	2	0	2	2	2	2	1	2	0	0	2	2	4	0	0	3	0	4	3
10498	28 Jul 25	19:02:00	1	0	53	0	Ct	0	0	2	3	2	1	4	3	1	1	1	5	3	3	4	6	0	4	3	3	2	3	3	0	0	3	1	3	0	0	4	0	4	3
10499	28 Jul 25	19:03:00	1	0	53	0	Ct	0	0	4	4	3	1	2	3	3	3	5	4	4	3	3	5	0	4	0	3	3	1	3	0	0	0	1	1	0	0	3	0	3	4
10500	28 Jul 25	19:04:00	1	0	53	0	Ct	0	0	2	5	2	4	2	7	4	1	6	5	5	5	4	5	0	2	5	0	4	2	4	0	0	0	2	4	0	0	3	0	4	3
10501	28 Jul 25	19:05:00	1	0	53	0	Ct	0	0	5	4	4	3	4	4	4	3	8	4	4	3	4	5	0	4	4	3	3	3	1	0	0	0	2	1	0	0	4	0	3	5
10502	28 Jul 25	19:06:00	1	0	53	0	Ct	0	0	2	4	2	5	2	3	4	1	5	4	2	4	3	5	0	4	5	1	1	2	2	0	0	2	2	4	0	0	2	0	3	4
10503	28 Jul 25	19:07:00	1	0	53	0	Ct	0	0	4	3	2	3	1	0	4	2	3	5	3	3	3	2	0	4	3	0	3	6	1	0	0	3	3	4	0	0	2	0	5	4
10504	28 Jul 25	19:08:00	1	0	53	0	Ct	0	0	3	2	3	2	7	8	4	2	0	5	3	4	2	5	0	0	3	1	4	3	5	1	0	2	3	5	0	0	3	0	6	3
10505	28 Jul 25	19:09:00	1	0	53	0	Ct	0	0	5	1	7	3	4	5	4	2	3	6	4	5	4	5	0	4	0	3	3	4	5	0	0	2	3	2	0	0	3	0	2	3
10506	28 Jul 25	19:10:00	1	0	53	0	Ct	0	0	3	4	2	2	4	5	3	1	4	5	4	5	5	4	0	3	2	0	4	2	1	0	0	4	7	1	0	0	2	0	5	2
10507	28 Jul 25	19:11:00	1	0	53	0	Ct	0	0	1	2	4	4	5	1	5	2	3	5	10	2	3	5	2	5	2	0	2	8	2	0	0	1	6	2	0	0	4	0	4	3
10508	28 Jul 25	19:12:00	1	0	53	0	Ct	0	0	3	4	4	6	2	4	0	2	3	5	6	3	4	5	0	6	3	2	6	3	3	0	0	5	1	4	0	0	7	0	3	2
10509	28 Jul 25	19:13:00	1	0	53	0	Ct	0	0	4	2	3	3	3	2	4	1	1	5	4	1	3	6	0	5	6	0	6	4	1	0	0	1	6	4	0	0	8	0	3	3
10510	28 Jul 25	19:14:00	1	0	53	0	Ct	0	0	3	2	3	4	3	1	2	1	3	4	3	3	4	6	0	4	4	2	1	2	4	0	0	3	1	3	0	0	0	0	5	2
10511	28 Jul 25	19:15:00	1	0	53	0	Ct	0	0	2	1	2	3	2	3	3	1	2	4	4	6	1	5	0	5	2	2	10	1	3	0	0	1	0	3	0	0	2	0	3	2
10512	28 Jul 25	19:16:00	1	0	53	0	Ct	0	0	0	4	4	3	3	4	5	0	1	4	3	6	4	4	0	3	5	2	2	1	3	0	0	10	1	4	0	0	4	0	3	3
10513	28 Jul 25	19:17:00	1	0	53	0	Ct	0	0	2	3	5	3	4	3	5	3	4	5	2	4	2	3	0	4	5	3	6	3	3	0	0	1	2	4	0	0	3	0	3	1
10514	28 Jul 25	19:18:00	1	0	53	0	Ct	0	0	3	4	3	1	2	3	4	3	4	5	3	6	2	4	0	3	4	2	7	8	4	1	0	3	4	2	0	0	0	0	4	1
10515	28 Jul 25	19:19:00	1	0	53	0	Ct	0	0	3	2	2	0	4	0	6	3	2	2	3	4	4	4	0	5	3	2	4	7	3	0	0	2	2	3	0	0	2	0	3	3
10516	28 Jul 25	19:20:00	1	0	53	0	Ct	0	0	2	4	1	4	4	1	4	1	3	5	3	3	3	5	0	3	4	0	1	2	0	0	0	3	2	4	0	0	4	0	4	4
10517	28 Jul 25	19:21:00	1	0	53	0	Ct	0	0	2	2	4	4	4	5	3	3	6	5	3	4	2	5	0	4	2	1	2	2	0	0	0	4	3	5	0	0	0	0	5	2
10518	28 Jul 25	19:22:00	1	0	53	0	Ct	0	0	2	0	3	0	4	2	5	2	6	4	4	4	2	7	0	6	5	0	3	2	0	0	0	3	4	1	0	0	2	0	4	2
10519	28 Jul 25	19:23:00	1	0	53	0	Ct	0	0	3	1	1	0	4	5	4	1	6	4	4	2	3	5	0	5	1	2	2	3	2	0	0	1	2	2	0	0	1	0	6	3
10520	28 Jul 25	19:24:00	1	0	53	0	Ct	0	0	4	4	3	1	3	4	3	3	2	1	1	5	4	4	0	1	3	1	4	1	6	0	0	2	2	3	0	0	4	0	4	3
10521	28 Jul 25	19:25:00	1	0	53	0	Ct	0	0	2	3	2	7	5	1	4	2	6	6	6	3	5	2	0	5	3	3	1	1	1	0	0	3	2	3	0	0	4	0	5	5
10522	28 Jul 25	19:26:00	1	0	53	0	Ct	0	0	0	5	4	3	2	2	1	1	3	5	2	4	4	3	0	5	3	3	1	1	3	0	0	2	4	4	0	0	4	0	5	2
10523	28 Jul 25	19:27:00	1	0	53	0	Ct	0	0	1	2	4	9	2	3	3	2	4	5	5	5	4	6	0	6	5	1	4	2	2	0	0	1	6	1	0	0	3	0	3	3
10524	28 Jul 25	19:28:00	1	0	53	0	Ct	0	0	3	4	4	2	4	4	3	3	4	3	4	4	2	4	0	4	5	7	1	3	5	0	0	1	6	1	0	0	3	0	5	3
10525	28 Jul 25	19:29:00	1	0	53	0	Ct	0	0	2	3	2	3	5	3	3	2	1	5	5	6	3	6	0	3	4	4	3	1	3	0	0	1	5	5	0	0	3	0	4	2
10526	28 Jul 25	19:30:00	1	0	53	0	Ct	0	0	1	4	1	4	5	3	4	2	4	4	3	3	3	0	0	3	4	6	3	3	3	0	0	0	4	2	0	0	1	0	5	4
10527	28 Jul 25	19:31:00	1	0	53	0	Ct	0	0	2	5	3	5	3	4	5	3	5	5	3	6	1	4	0	3	3	2	6	1	1	0	0	3	2	3	0	0	4	0	5	3
10528	28 Jul 25	19:32:00	1	0	53	0	Ct	0	0	2	3	2	2	2	3	3	2	3	5	4	4	2	4	0	3	1	3	6	1	2	0	0	1	5	2	0	0	3	0	4	3
10529	28 Jul 25	19:33:00	1	0	53	0	Ct	0	0	0	0	3	3	4	3	4	2	2	4	4	2	3	6	0	4	3	2	2	1	0	0	0	4	2	5	0	0	4	0	4	3
10530	28 Jul 25	19:34:00	1	0	53	0	Ct	0	0	0	3	4	5	4	4	4	3	3	4	4	2	2	4	0	4	3	2	4	1	0	0	0	1	2	5	0	0	3	0	0	4
10531	28 Jul 25	19:35:00	1	0	53	0	Ct	0	0	0	6	1	4	3	8	5	2	0	4	2	4	4	5	0	4	4	0	3	1	0	0	0	2	2	2	0	0	2	0	4	1
10532	28 Jul 25	19:36:00	1	0	53	0	Ct	0	0	0	4	1	3	3	10	3	0	0	5	3	5	2	4	0	4	3	3	3	2	0	0	0	0	3	4	0	0	2	0	6	4
10533	28 Jul 25	19:37:00	1	0	53	0	Ct	0	0	1	5	3	1	2	3	4	2	0	4	3	5	3	6	0	6	4	3	3	3	0	2	0	0	3	5	0	0	4	0	2	4
10534	28 Jul 25	19:38:00	1	0	53	0	Ct	0	0	2	2	3	2	4	9	5	1	0	6	2	4	4	6	0	5	3	1	2	1	0	0	0	0	3	6	0	0	3	0	0	4
10535	28 Jul 25	19:39:00	1	0	53	0	Ct	0	0	2	2	2	3	2	3	5	2	0	4	4	4	3	5	0	5	3	6	1	2	0	3	0	1	3	4	0	0	2	0	2	4
10536	28 Jul 25	19:40:00	1	0	53	0	Ct	0	0	4	2	2	1	4	2	6	2	0	3	5	21	3	4	0	4	4	2	2	3	0	0	0	2	4	6	0	0	2	0	5	3
10537	28 Jul 25	19:41:00	1	0	53	0	Ct	0	0	4	7	2	5	2	2	5	2	0	6	4	4	4	6	0	1	4	2	1	1	0	0	0	3	2	3	0	0	3	0	5	4
10538	28 Jul 25	19:42:00	1	0	53	0	Ct	0	0	4	8	0	4	3	2	5	2	0	6	4	3	3	6	0	4	3	7	18	2	0	1	0	2	2	2	0	0	4	0	3	5
10539	28 Jul 25	19:43:00	1	0	53	0	Ct	0	0	3	4	4	2	4	1	4	2	0	5	3	4	3	6	0	3	2	3	3	0	0	4	0	3	2	5	0	0	7	0	2	5
10540	28 Jul 25	19:44:00	1	0	53	0	Ct	0	0	5	4	0	2	4	1	4	2	0	4	5	4	3	6	0	5	4	0	1	3	0	0	0	2	1	3	0	0	4	0	2	3
10541	28 Jul 25	19:45:00	1	0	53	0	Ct	0	0	4	2	6	3	2	1	3	0	0	6	3	2	4	8	0	6	3	3	2	2	2	0	0	1	1	4	0	0	1	0	5	3
10542	28 Jul 25	19:46:00	1	0	53	0	Ct	0	0	3	2	1	3	0	5	3	0	2	5	5	4	2	5	0	6	3	1	4	0	0	0	0	4	6	2	0	0	4	0	3	5
10543	28 Jul 25	19:47:00	1	0	53	0	Ct	0	0	2	1	0	2	5	1	4	0	2	6	2	4	5	5	0	7	3	2	3	0	0	0	0	2	2	3	0	0	2	0	6	3
10544	28 Jul 25	19:48:00	1	0	53	0	Ct	0	0	4	0	0	3	4	6	3	1	1	4	3	4	3	6	0	5	4	1	4	2	0	0	0	0	1	3	0	0	4	0	4	3
10545	28 Jul 25	19:49:00	1	0	53	0	Ct	0	0	4	2	0	1	2	1	1	2	2	5	6	4	4	6	0	4	2	3	1	2	0	0	0	0	0	3	0	0	2	0	2	3
10546	28 Jul 25	19:50:00	1	0	53	0	Ct	0	0	4	0	0	4	4	0	2	3	0	4	5	2	4	5	0	3	2	2	4	4	0	0	0	0	0	3	0	0	3	0	6	4
10547	28 Jul 25	19:51:00	1	0	53	0	Ct	0	0	1	1	4	4	1	0	6	2	3	4	4	5	3	5	0	5	2	2	1	3	0	2	0	3	0	1	0	0	2	0	3	3
10548	28 Jul 25	19:52:00	1	0	53	0	Ct	0	0	2	2	1	5	3	0	6	1	0	2	2	5	3	12	0	4	4	1	3	1	0	0	0	0	0	3	0	0	2	0	4	2
10549	28 Jul 25	19:53:00	1	0	53	0	Ct	0	0	4	0	0	3	3	0	4	2	5	3	0	5	2	9	0	3	4	2	6	0	0	0	0	0	2	4	0	0	2	0	6	5
10550	28 Jul 25	19:54:00	1	0	53	0	Ct	0	0	2	4	0	1	4	0	4	1	5	5	1	4	2	7	0	5	6	1	3	4	1	0	0	1	0	4	0	0	1	0	5	1
10551	28 Jul 25	19:55:00	1	0	53	0	Ct	0	0	3	1	0	2	3	0	3	0	3	4	2	5	5	7	0	2	3	3	5	6	1	0	0	1	0	5	0	0	1	0	6	5
10552	28 Jul 25	19:56:00	1	0	53	0	Ct	0	0	2	0	0	1	2	0	4	2	2	2	1	2	3	6	0	5	5	2	4	4	0	0	0	0	0	2	0	0	1	0	4	3
10553	28 Jul 25	19:57:00	1	0	53	0	Ct	0	0	3	0	0	2	4	5	4	3	3	2	4	2	4	6	0	3	4	1	9	1	0	0	0	0	0	2	0	0	0	0	4	2
10554	28 Jul 25	19:58:00	1	0	53	0	Ct	0	0	4	0	0	3	3	0	6	2	2	6	5	4	4	5	0	6	4	0	4	3	0	0	0	3	0	3	0	0	0	0	6	1
10555	28 Jul 25	19:59:00	1	0	53	0	Ct	0	0	3	0	0	3	2	0	5	1	2	4	4	4	3	3	0	5	4	8	4	1	0	2	0	2	2	4	0	0	0	0	4	3
10556	28 Jul 25	20:00:00	1	0	53	0	Ct	0	0	2	0	0	4	3	1	3	2	4	3	3	4	3	8	0	5	6	5	2	2	0	0	0	0	0	2	0	0	0	0	3	3
10557	28 Jul 25	20:01:00	1	0	53	0	Ct	0	0	1	0	0	5	3	0	5	3	5	0	4	6	6	6	0	4	3	0	4	2	0	3	0	0	0	4	0	0	0	0	4	4
10558	28 Jul 25	20:02:00	1	0	53	0	Ct	0	0	2	0	0	3	3	0	5	1	2	0	5	3	4	6	0	5	5	2	3	3	0	0	0	0	5	5	0	0	0	0	5	3
10559	28 Jul 25	20:03:00	1	0	53	0	Ct	0	0	1	0	0	2	5	0	4	0	3	1	5	4	7	7	0	3	5	3	2	0	0	0	0	0	0	1	0	0	0	0	2	4
10560	28 Jul 25	20:04:00	1	0	53	0	Ct	0	0	1	4	0	1	4	0	2	1	0	6	8	4	2	7	0	6	4	3	2	0	0	0	0	2	0	3	0	0	0	0	6	3
10561	28 Jul 25	20:05:00	1	0	53	0	Ct	0	0	3	2	2	6	1	0	4	2	0	4	4	3	0	5	0	2	5	3	0	3	0	0	0	0	0	2	0	0	0	0	5	3
10562	28 Jul 25	20:06:00	1	0	53	0	Ct	0	0	2	0	0	2	3	0	2	0	0	4	3	4	4	7	0	4	3	9	1	3	0	0	0	0	0	3	0	0	0	0	4	2
10563	28 Jul 25	20:07:00	1	0	53	0	Ct	0	0	0	0	0	5	4	0	4	2	0	5	7	3	2	7	0	7	3	2	0	3	0	0	0	0	0	3	0	0	0	0	5	4
10564	28 Jul 25	20:08:00	1	0	53	0	Ct	0	0	0	2	0	3	1	0	2	0	0	5	3	6	3	5	0	4	4	2	5	2	0	1	0	0	0	6	0	0	0	0	3	3
10565	28 Jul 25	20:09:00	1	0	53	0	Ct	0	0	0	2	0	3	3	0	3	0	0	0	6	5	5	5	0	5	1	1	4	3	0	0	0	0	0	7	0	0	0	0	4	3
10566	28 Jul 25	20:10:00	1	0	53	0	Ct	0	0	0	0	0	2	3	0	2	0	0	0	4	6	3	4	0	5	2	3	7	2	0	1	0	0	0	3	0	0	0	0	4	4
10567	28 Jul 25	20:11:00	1	0	53	0	Ct	0	0	0	0	0	3	2	0	4	0	0	0	4	6	4	5	0	5	3	2	2	3	0	1	0	2	0	2	0	0	0	0	4	3
10568	28 Jul 25	20:12:00	1	0	53	0	Ct	0	0	0	0	0	3	0	0	3	0	0	0	4	4	16	5	0	4	2	3	5	2	0	3	0	0	0	2	0	0	0	0	4	4
10569	28 Jul 25	20:13:00	1	0	53	0	Ct	0	0	0	0	0	4	1	0	4	0	0	2	2	4	4	3	0	5	4	1	5	2	0	1	0	0	0	1	0	0	0	0	7	4
10570	28 Jul 25	20:14:00	1	0	53	0	Ct	0	0	3	0	0	3	4	0	4	0	0	0	3	3	4	5	0	4	4	2	3	1	0	1	0	0	0	3	0	0	0	0	6	0
10571	28 Jul 25	20:15:00	1	0	53	0	Ct	0	0	0	0	0	3	2	0	1	0	0	0	2	5	0	4	0	4	4	1	3	2	0	0	0	2	0	3	0	0	0	0	4	3
10572	28 Jul 25	20:16:00	1	0	53	0	Ct	0	0	0	0	0	4	3	0	2	0	0	0	2	5	0	5	0	4	4	3	4	0	0	0	0	0	2	3	0	0	0	0	4	4
10573	28 Jul 25	20:17:00	1	0	53	0	Ct	0	0	3	2	0	3	2	0	5	0	0	1	2	4	2	2	0	4	3	3	1	1	0	0	0	0	0	2	0	0	0	0	6	4
10574	28 Jul 25	20:18:00	1	0	53	0	Ct	0	0	3	4	0	3	0	3	1	2	0	0	7	4	0	5	0	5	2	3	1	0	0	0	0	2	0	3	0	0	0	0	2	2
10575	28 Jul 25	20:19:00	1	0	53	0	Ct	0	0	0	2	0	3	1	1	9	0	0	2	6	2	0	5	0	6	3	6	5	0	0	0	0	0	0	4	0	0	0	0	2	4
10576	28 Jul 25	20:20:00	1	0	53	0	Ct	0	0	0	2	0	3	4	2	2	0	0	0	5	3	2	5	0	5	5	1	5	0	0	0	0	0	0	3	0	0	0	0	4	3
10577	28 Jul 25	20:21:00	1	0	53	0	Ct	0	0	0	1	0	0	1	0	6	0	0	2	4	5	2	3	0	5	3	5	5	0	0	0	0	0	0	1	0	0	0	0	1	5
10578	28 Jul 25	20:22:00	1	0	53	0	Ct	0	0	0	1	0	4	2	0	6	0	0	0	1	4	2	6	0	7	3	1	9	0	0	0	0	0	0	2	0	0	0	0	3	5
10579	28 Jul 25	20:23:00	1	0	53	0	Ct	0	0	0	0	0	1	4	0	3	0	0	0	4	3	3	6	0	5	6	3	8	0	0	0	0	0	0	2	0	0	0	0	4	5
10580	28 Jul 25	20:24:00	1	0	53	0	Ct	0	0	0	6	0	2	0	0	5	0	0	0	5	2	3	12	0	5	5	1	12	0	0	0	0	1	0	3	0	0	0	0	6	5
10581	28 Jul 25	20:25:00	1	0	53	0	Ct	0	0	0	2	0	0	0	0	6	0	0	0	4	4	0	9	0	4	4	3	1	0	0	0	0	2	0	4	0	0	0	0	5	5
10582	28 Jul 25	20:26:00	1	0	53	0	Ct	0	0	0	0	0	0	2	0	3	0	0	0	5	3	1	6	0	5	10	0	5	0	0	0	0	3	0	4	0	0	0	0	3	4
10583	28 Jul 25	20:27:00	1	0	53	0	Ct	0	0	0	0	0	0	2	0	0	0	0	0	4	1	2	6	0	5	1	1	5	0	0	0	0	3	0	3	0	0	0	0	5	3
10584	28 Jul 25	20:28:00	1	0	53	0	Ct	0	0	0	0	0	1	0	0	1	0	0	0	4	2	0	3	0	1	2	1	3	0	0	0	0	3	0	2	0	0	0	0	5	1
10585	28 Jul 25	20:29:00	1	0	53	0	Ct	0	0	0	2	0	5	0	0	4	0	0	1	4	0	0	0	0	2	3	2	4	0	0	0	0	1	0	3	0	0	0	0	6	1
10586	28 Jul 25	20:30:00	1	0	53	0	Ct	0	0	0	2	0	4	0	0	4	0	0	0	2	0	1	7	0	4	2	2	3	0	0	0	0	2	0	5	0	0	0	0	6	4
10587	28 Jul 25	20:31:00	1	0	53	0	Ct	0	0	0	0	0	2	0	0	0	0	0	0	1	0	1	7	0	6	7	2	2	0	0	0	0	1	0	7	0	0	0	0	6	4
10588	28 Jul 25	20:32:00	1	0	53	0	Ct	0	0	0	0	0	1	3	1	0	0	0	0	3	0	0	5	0	5	3	2	4	0	0	0	0	3	0	6	0	0	0	0	8	3
10589	28 Jul 25	20:33:00	1	0	53	0	Ct	0	0	0	2	0	0	0	0	0	0	0	2	2	0	3	6	0	5	1	4	2	0	0	0	0	3	0	1	0	0	0	0	4	3
10590	28 Jul 25	20:34:00	1	0	53	0	Ct	0	0	0	0	0	0	4	0	0	0	0	1	0	0	2	5	0	9	3	9	1	0	0	0	0	2	0	4	0	0	0	0	6	2
10591	28 Jul 25	20:35:00	1	0	53	0	Ct	0	0	0	0	0	0	1	0	0	0	0	0	0	0	3	5	0	6	4	6	7	0	0	0	0	2	2	2	0	0	0	0	5	2
10592	28 Jul 25	20:36:00	1	0	53	0	Ct	0	0	0	0	0	0	0	0	0	0	0	0	0	0	2	7	0	5	2	5	5	0	0	0	0	0	0	3	0	0	0	0	4	0
10593	28 Jul 25	20:37:00	1	0	53	0	Ct	0	0	0	2	0	2	0	0	0	0	0	0	0	0	5	4	0	3	4	0	2	0	0	0	0	0	0	4	0	0	0	0	6	1
10594	28 Jul 25	20:38:00	1	0	53	0	Ct	0	0	0	0	0	2	0	0	0	0	0	0	0	0	4	6	0	5	3	0	4	0	0	0	0	0	0	2	0	0	0	0	5	4
10595	28 Jul 25	20:39:00	1	0	53	0	Ct	0	0	0	0	0	0	0	0	0	0	0	0	0	0	4	4	0	3	2	0	2	0	2	0	0	1	0	2	0	0	0	0	2	3
10596	28 Jul 25	20:40:00	1	0	53	0	Ct	0	0	0	0	0	0	0	0	0	0	0	0	0	1	4	5	0	5	2	2	0	0	1	0	0	1	0	0	0	0	0	0	4	5
10597	28 Jul 25	20:41:00	1	0	53	0	Ct	0	0	0	0	0	0	0	0	0	0	0	0	0	2	2	5	0	2	3	1	7	0	0	0	0	2	0	3	0	0	0	0	4	3
10598	28 Jul 25	20:42:00	1	0	53	0	Ct	0	0	0	4	0	0	0	0	0	0	0	0	0	0	0	6	0	4	3	1	3	0	0	0	0	1	0	3	0	0	0	0	5	3
10599	28 Jul 25	20:43:00	1	0	53	0	Ct	0	0	0	4	0	0	0	0	0	0	0	0	0	1	2	6	0	5	2	0	5	0	0	0	0	2	0	6	0	0	0	0	6	2
10600	28 Jul 25	20:44:00	1	0	53	0	Ct	0	0	0	1	0	0	0	0	0	0	0	0	2	2	3	0	0	4	3	0	2	0	0	0	0	0	0	3	0	0	0	0	4	2
10601	28 Jul 25	20:45:00	1	0	53	0	Ct	0	0	0	0	0	0	0	0	0	0	0	0	0	2	5	3	0	4	4	0	1	0	0	0	0	2	0	4	0	0	0	0	3	4
10602	28 Jul 25	20:46:00	1	0	53	0	Ct	0	0	0	0	0	0	0	1	0	0	0	0	0	1	4	7	0	3	4	0	3	0	0	0	0	1	0	5	0	0	0	0	2	3
10603	28 Jul 25	20:47:00	1	0	53	0	Ct	0	0	0	2	0	0	1	1	0	0	0	1	1	0	2	4	0	5	5	0	2	0	0	0	0	2	0	2	0	0	0	0	5	3
10604	28 Jul 25	20:48:00	1	0	53	0	Ct	0	0	0	0	0	0	1	0	0	0	0	0	0	0	2	4	0	3	10	0	1	0	0	0	0	1	0	3	0	0	0	0	3	2
10605	28 Jul 25	20:49:00	1	0	53	0	Ct	0	0	0	0	0	0	0	0	0	0	0	0	0	0	3	4	0	2	3	0	1	0	0	0	0	3	0	0	0	0	0	0	3	1
10606	28 Jul 25	20:50:00	1	0	53	0	Ct	0	0	0	0	0	0	0	0	0	0	0	6	0	0	4	9	0	4	3	0	3	0	0	2	0	3	0	0	0	0	0	0	1	4
10607	28 Jul 25	20:51:00	1	0	53	0	Ct	0	0	0	4	0	0	4	0	0	0	0	0	0	0	1	10	0	4	2	0	0	0	0	7	0	1	0	0	0	0	0	0	6	3
10608	28 Jul 25	20:52:00	1	0	53	0	Ct	0	0	0	0	0	0	2	0	0	0	0	0	0	0	0	4	1	4	1	0	0	0	0	1	0	2	0	4	0	0	0	0	4	0
10609	28 Jul 25	20:53:00	1	0	53	0	Ct	0	0	0	0	0	0	0	3	0	0	0	0	0	0	0	2	0	4	0	0	0	0	0	2	0	2	0	2	0	0	0	0	2	0
10610	28 Jul 25	20:54:00	1	0	53	0	Ct	0	0	0	0	0	0	0	1	0	0	0	0	0	0	0	8	0	3	1	0	0	0	0	4	0	0	0	4	0	0	0	0	4	3
10611	28 Jul 25	20:55:00	1	0	53	0	Ct	0	0	0	1	0	0	0	4	0	0	0	1	0	0	2	3	0	2	0	0	0	0	1	5	0	0	0	0	0	0	0	0	4	2
10612	28 Jul 25	20:56:00	1	0	53	0	Ct	0	0	0	0	0	0	0	2	0	0	0	0	0	0	1	4	0	4	0	0	0	0	0	5	0	3	0	0	0	0	0	0	5	4
10613	28 Jul 25	20:57:00	1	0	53	0	Ct	0	0	0	0	0	0	0	3	0	0	0	0	0	0	3	5	0	3	0	0	0	0	0	3	0	3	0	1	0	0	0	0	7	5
10614	28 Jul 25	20:58:00	1	0	53	0	Ct	0	0	0	0	0	0	0	0	0	0	0	0	0	0	1	4	0	5	0	0	0	0	0	3	0	1	0	0	0	0	0	0	7	3
10615	28 Jul 25	20:59:00	1	0	53	0	Ct	0	0	0	0	0	0	0	0	0	0	0	0	0	0	0	6	0	4	0	2	0	0	0	3	0	2	0	0	0	0	0	0	4	2
10616	28 Jul 25	21:00:00	1	0	53	0	Ct	0	0	0	1	0	0	0	1	0	0	0	0	0	0	8	3	0	3	0	3	0	0	0	0	0	3	0	0	0	0	0	0	3	4
10617	28 Jul 25	21:01:00	1	0	53	0	Ct	0	0	0	0	0	0	0	2	0	0	0	0	0	0	1	3	0	4	0	0	0	0	0	0	0	0	0	0	0	0	0	0	5	1
10618	28 Jul 25	21:02:00	1	0	53	0	Ct	0	0	0	0	0	0	0	2	0	0	0	0	0	2	3	2	0	4	0	0	0	0	0	0	0	1	0	0	0	0	0	0	5	0
10619	28 Jul 25	21:03:00	1	0	53	0	Ct	0	0	0	0	0	0	0	3	0	0	0	0	0	2	6	5	0	3	0	0	0	0	0	0	0	2	0	0	0	0	0	0	4	0
10620	28 Jul 25	21:04:00	1	0	53	0	Ct	0	0	0	0	0	0	0	0	0	0	0	0	0	0	4	3	0	4	0	0	4	0	0	0	0	2	0	4	0	0	0	0	7	0
10621	28 Jul 25	21:05:00	1	0	53	0	Ct	0	0	0	6	0	0	0	4	0	0	0	0	0	0	5	4	0	7	0	0	1	0	0	0	0	0	0	0	0	0	0	0	5	0
10622	28 Jul 25	21:06:00	1	0	53	0	Ct	0	0	0	0	0	0	0	2	0	0	0	0	0	2	2	4	0	6	0	0	0	0	0	0	0	0	0	0	0	0	0	0	3	0
10623	28 Jul 25	21:07:00	1	0	53	0	Ct	0	0	0	0	0	0	4	4	0	0	0	0	0	0	1	3	0	6	0	0	0	0	0	0	0	0	0	0	0	0	0	0	0	0
10624	28 Jul 25	21:08:00	1	0	53	0	Ct	0	0	0	3	0	0	4	3	0	0	0	0	0	0	3	4	0	7	0	0	0	0	0	0	0	0	0	2	0	0	0	0	4	0
10625	28 Jul 25	21:09:00	1	0	53	0	Ct	0	0	0	2	0	0	5	3	0	0	0	0	0	0	6	6	0	6	0	0	0	0	1	0	0	0	0	4	0	0	0	0	5	0
10626	28 Jul 25	21:10:00	1	0	53	0	Ct	0	0	0	6	0	0	4	7	0	0	0	0	0	0	4	5	0	5	2	0	0	0	0	0	0	0	0	4	0	0	0	0	5	6
10627	28 Jul 25	21:11:00	1	0	53	0	Ct	0	0	0	0	0	0	1	2	0	0	0	0	0	0	4	5	0	5	0	0	0	0	0	1	0	0	0	4	0	0	0	0	4	3
10628	28 Jul 25	21:12:00	1	0	53	0	Ct	0	0	0	0	0	0	0	4	0	0	0	0	0	0	2	3	0	3	0	0	0	0	0	2	0	0	0	0	0	0	0	0	6	5
10629	28 Jul 25	21:13:00	1	0	53	0	Ct	0	0	0	0	0	0	0	3	0	0	0	0	0	0	0	7	0	0	0	0	0	0	0	0	0	0	1	0	0	0	0	0	2	4
10630	28 Jul 25	21:14:00	1	0	53	0	Ct	0	0	0	0	0	0	0	2	0	0	0	0	0	0	2	5	0	3	0	0	0	0	0	0	0	0	1	2	0	0	0	0	4	4
10631	28 Jul 25	21:15:00	1	0	53	0	Ct	0	0	0	0	0	0	0	2	0	0	0	0	0	0	1	6	0	4	0	0	0	0	0	0	0	0	0	4	0	0	0	0	4	4
10632	28 Jul 25	21:16:00	1	0	53	0	Ct	0	0	0	0	0	0	0	4	0	0	0	0	0	0	2	1	0	1	0	0	0	0	0	0	0	0	0	0	0	0	0	0	3	4
10633	28 Jul 25	21:17:00	1	0	53	0	Ct	0	0	0	2	0	0	0	1	0	0	0	0	0	0	1	4	0	2	0	0	0	0	0	0	0	0	0	0	0	0	0	0	5	6
10634	28 Jul 25	21:18:00	1	0	53	0	Ct	0	0	0	0	0	0	0	3	0	0	0	0	0	0	0	4	0	6	0	0	0	0	0	0	0	0	0	2	0	0	0	0	4	5
10635	28 Jul 25	21:19:00	1	0	53	0	Ct	0	0	0	1	0	0	0	4	0	0	0	0	0	0	0	2	0	2	0	0	0	0	0	0	0	0	0	3	0	0	0	0	3	4
10636	28 Jul 25	21:20:00	1	0	53	0	Ct	0	0	0	0	0	0	0	0	0	0	0	0	0	0	0	2	0	5	0	0	0	1	0	0	0	0	0	2	0	0	0	0	4	4
10637	28 Jul 25	21:21:00	1	0	53	0	Ct	0	0	0	1	0	0	0	2	0	0	0	0	0	0	0	7	0	2	0	0	0	0	0	0	0	0	0	4	0	0	0	0	0	3
10638	28 Jul 25	21:22:00	1	0	53	0	Ct	0	0	0	1	0	0	0	2	0	0	0	0	0	0	1	0	0	6	0	0	0	0	0	0	0	0	0	3	0	0	0	0	0	2
10639	28 Jul 25	21:23:00	1	0	53	0	Ct	0	0	0	0	0	0	0	2	0	0	0	0	0	0	4	2	0	2	0	0	0	0	0	0	0	0	0	2	0	0	0	0	0	3
10640	28 Jul 25	21:24:00	1	0	53	0	Ct	0	0	2	2	0	0	0	2	0	0	0	0	0	0	3	6	0	4	0	0	0	0	0	0	0	0	0	0	0	0	0	0	0	3
10641	28 Jul 25	21:25:00	1	0	53	0	Ct	0	0	0	0	0	0	0	2	0	0	0	0	0	0	0	1	0	3	0	0	0	0	0	0	0	0	0	2	0	0	0	0	0	2
10642	28 Jul 25	21:26:00	1	0	53	0	Ct	0	0	0	0	0	0	0	2	0	0	0	0	0	0	2	2	0	1	0	0	0	0	0	0	0	0	0	5	0	0	0	0	0	2
10643	28 Jul 25	21:27:00	1	0	53	0	Ct	0	0	2	10	0	0	0	0	0	0	0	0	0	0	2	1	0	0	0	0	0	0	0	0	0	0	0	4	0	0	0	0	1	1
10644	28 Jul 25	21:28:00	1	0	53	0	Ct	0	0	2	15	0	0	0	7	0	0	0	0	0	0	0	1	0	3	0	0	0	0	0	0	0	0	0	4	0	0	0	0	0	1
10645	28 Jul 25	21:29:00	1	0	53	0	Ct	0	0	0	0	0	0	0	1	0	0	0	2	0	0	1	0	0	7	0	0	0	0	0	0	0	0	0	4	0	0	0	0	0	2
10646	28 Jul 25	21:30:00	1	0	53	0	Ct	0	0	0	0	0	0	0	1	0	0	0	0	0	0	2	0	0	4	0	0	0	0	0	0	0	0	0	2	0	0	0	0	1	3
10647	28 Jul 25	21:31:00	1	0	53	0	Ct	0	0	0	0	0	0	0	1	0	0	0	0	0	0	1	0	0	4	1	0	0	0	0	0	0	0	0	0	0	0	0	0	0	2
10648	28 Jul 25	21:32:00	1	0	53	0	Ct	0	0	1	0	0	0	0	8	0	0	0	2	0	0	0	0	0	3	0	0	0	0	0	0	0	0	0	0	0	0	0	0	0	3
10649	28 Jul 25	21:33:00	1	0	53	0	Ct	0	0	0	0	0	0	0	9	0	0	0	5	0	0	0	0	0	5	0	0	0	0	0	0	0	0	2	0	0	0	0	0	0	1
10650	28 Jul 25	21:34:00	1	0	53	0	Ct	0	0	0	0	0	0	0	3	0	0	0	4	0	0	0	0	0	2	0	0	0	0	1	0	0	0	0	0	0	0	0	0	1	3
10651	28 Jul 25	21:35:00	1	0	53	0	Ct	0	0	0	0	0	0	0	4	0	0	0	4	0	0	0	0	0	1	0	0	0	0	1	0	0	0	0	0	0	0	0	0	0	0
10652	28 Jul 25	21:36:00	1	0	53	0	Ct	0	0	0	1	0	0	0	4	0	0	0	4	0	0	0	0	0	0	0	0	0	0	0	0	0	0	0	0	0	0	0	0	0	3
10653	28 Jul 25	21:37:00	1	0	53	0	Ct	0	0	0	2	0	0	0	2	0	0	0	2	0	0	0	0	0	2	0	0	0	0	0	0	0	0	0	0	0	0	0	0	4	2
10654	28 Jul 25	21:38:00	1	0	53	0	Ct	0	0	0	0	0	0	0	2	0	0	0	0	0	0	0	0	0	5	0	0	0	0	0	0	0	0	0	0	0	0	0	0	1	3
10655	28 Jul 25	21:39:00	1	0	53	0	Ct	0	0	0	0	0	0	0	0	0	0	0	0	0	1	2	1	0	0	0	0	0	0	0	0	0	0	0	2	0	0	0	0	3	3
10656	28 Jul 25	21:40:00	1	0	53	0	Ct	0	0	0	0	0	0	0	0	0	0	0	0	0	1	0	6	0	0	0	0	0	0	0	0	0	0	0	2	0	0	0	0	0	4
10657	28 Jul 25	21:41:00	1	0	53	0	Ct	0	0	0	1	0	0	0	0	0	0	0	0	0	2	0	5	0	0	0	0	0	0	0	0	0	2	0	0	0	0	0	0	3	2
10658	28 Jul 25	21:42:00	1	0	53	0	Ct	0	0	0	1	0	0	0	0	0	0	0	0	0	0	0	5	0	0	0	0	0	0	0	0	0	0	0	0	0	0	0	0	6	2
10659	28 Jul 25	21:43:00	1	0	53	0	Ct	0	0	0	0	0	0	0	0	0	0	0	0	0	0	0	7	0	0	0	0	0	0	0	0	0	0	0	0	0	0	0	0	4	1
10660	28 Jul 25	21:44:00	1	0	53	0	Ct	0	0	0	0	0	0	0	0	0	0	0	0	0	0	0	4	0	0	0	0	0	0	0	0	0	0	0	3	0	0	0	0	1	0
10661	28 Jul 25	21:45:00	1	0	53	0	Ct	0	0	0	0	0	0	0	3	0	0	0	0	1	0	0	3	0	0	0	0	0	0	0	0	0	0	0	3	0	0	0	0	4	0
10662	28 Jul 25	21:46:00	1	0	53	0	Ct	0	0	0	0	0	0	0	2	0	0	0	0	0	0	0	2	0	2	0	0	0	0	0	0	0	0	0	0	0	0	0	0	3	0
10663	28 Jul 25	21:47:00	1	0	53	0	Ct	0	0	0	1	0	0	0	1	0	0	0	0	0	0	0	4	0	2	0	0	0	0	0	0	0	0	0	0	0	0	0	0	4	1
10664	28 Jul 25	21:48:00	1	0	53	0	Ct	0	0	0	1	0	0	0	2	0	0	0	1	0	0	0	4	0	2	0	0	0	0	0	0	0	0	0	0	0	0	0	0	4	2
10665	28 Jul 25	21:49:00	1	0	53	0	Ct	0	0	0	0	0	0	0	0	0	0	3	0	0	0	0	4	0	1	0	0	0	0	0	0	0	0	0	0	0	0	0	0	3	0
10666	28 Jul 25	21:50:00	1	0	53	0	Ct	0	0	0	0	0	0	0	0	0	0	0	0	0	0	0	5	0	3	0	0	0	0	0	0	0	0	0	0	0	0	0	0	3	1
10667	28 Jul 25	21:51:00	1	0	53	0	Ct	0	0	0	0	0	0	0	0	0	0	0	2	0	0	0	0	0	2	0	0	0	0	0	0	0	0	0	0	0	0	0	0	3	4
10668	28 Jul 25	21:52:00	1	0	53	0	Ct	0	0	0	0	0	0	0	0	0	0	0	0	0	0	0	4	0	3	0	0	0	0	0	0	0	0	0	0	0	0	0	0	3	1
10669	28 Jul 25	21:53:00	1	0	53	0	Ct	0	0	0	0	0	0	0	0	0	0	0	0	0	0	0	0	0	4	0	0	0	0	0	0	0	0	0	0	0	0	0	0	1	2
10670	28 Jul 25	21:54:00	1	0	53	0	Ct	0	0	0	0	0	0	0	0	0	0	0	2	0	0	2	7	0	5	0	0	0	0	0	0	0	0	0	1	0	0	0	0	0	0
10671	28 Jul 25	21:55:00	1	0	53	0	Ct	0	0	0	0	0	0	0	0	0	0	0	0	0	2	0	1	0	4	0	0	0	0	0	1	0	0	0	0	0	0	0	0	0	2
10672	28 Jul 25	21:56:00	1	0	53	0	Ct	0	0	0	0	0	0	0	0	0	0	0	0	1	0	0	0	0	1	0	0	0	0	0	1	0	0	0	0	0	0	0	0	0	1
10673	28 Jul 25	21:57:00	1	0	53	0	Ct	0	0	0	1	0	0	0	1	0	0	0	0	0	0	0	0	0	0	0	0	0	0	0	0	0	0	0	0	0	0	0	0	0	1
10674	28 Jul 25	21:58:00	1	0	53	0	Ct	0	0	0	1	0	0	0	0	0	0	0	0	0	0	0	5	0	0	0	0	0	0	0	0	0	0	0	2	0	0	0	0	0	0
10675	28 Jul 25	21:59:00	1	0	53	0	Ct	0	0	0	1	0	0	0	0	0	0	0	0	0	0	0	3	0	1	0	0	0	0	0	0	0	0	0	1	0	0	0	0	0	0
10676	28 Jul 25	22:00:00	1	0	53	0	Ct	0	0	0	0	0	0	0	0	0	0	0	0	0	2	0	3	0	2	0	0	0	0	0	0	0	0	0	0	0	0	0	0	0	0
10677	28 Jul 25	22:01:00	1	0	53	0	Ct	0	0	0	1	0	0	0	0	0	0	0	0	0	3	0	2	0	0	0	0	0	0	0	0	0	0	0	2	0	0	0	0	0	0
10678	28 Jul 25	22:02:00	1	0	53	0	Ct	0	0	0	0	0	0	0	0	0	0	0	0	0	4	0	0	0	0	0	0	0	0	0	0	0	0	0	1	0	0	0	0	0	0
10679	28 Jul 25	22:03:00	1	0	53	0	Ct	0	0	0	0	0	0	0	3	0	0	0	0	0	1	0	2	0	0	0	0	0	0	0	0	0	0	0	3	0	0	0	0	0	0
10680	28 Jul 25	22:04:00	1	0	53	0	Ct	0	0	0	1	0	0	0	3	0	0	0	0	0	0	0	5	0	0	0	0	0	0	0	0	0	0	0	2	0	0	0	0	0	0
10681	28 Jul 25	22:05:00	1	0	53	0	Ct	0	0	0	0	0	0	0	0	0	0	0	0	0	0	0	0	0	0	0	0	0	0	0	0	0	0	0	2	0	0	0	0	0	0
10682	28 Jul 25	22:06:00	1	0	53	0	Ct	0	0	1	0	0	0	0	1	0	0	0	0	0	0	0	0	0	0	0	0	0	0	0	0	0	0	0	0	0	0	0	0	0	0
10683	28 Jul 25	22:07:00	1	0	53	0	Ct	0	0	0	1	0	0	0	0	0	0	2	0	0	2	2	0	0	0	0	0	0	0	0	1	0	0	0	0	0	0	0	0	0	0
10684	28 Jul 25	22:08:00	1	0	53	0	Ct	0	0	0	0	0	0	0	3	0	0	2	0	0	2	2	0	0	0	4	0	0	0	0	0	0	0	0	0	0	0	0	0	0	1
10685	28 Jul 25	22:09:00	1	0	53	0	Ct	0	0	0	1	0	0	0	0	0	0	1	0	0	3	0	1	0	0	0	0	0	0	0	0	0	0	0	0	0	0	0	0	0	1
10686	28 Jul 25	22:10:00	1	0	53	0	Ct	0	0	1	0	0	0	0	0	0	0	1	0	0	3	0	0	0	2	0	0	0	0	0	0	0	0	0	0	0	0	0	0	0	0
10687	28 Jul 25	22:11:00	1	0	53	0	Ct	0	0	0	0	0	0	0	0	0	0	2	0	0	1	2	4	0	4	0	0	0	0	0	0	0	0	0	0	0	0	0	0	0	0
10688	28 Jul 25	22:12:00	1	0	53	0	Ct	0	0	0	0	0	0	0	0	0	0	4	0	0	0	2	0	0	4	0	0	0	0	0	0	0	0	0	0	0	0	0	0	0	0
10689	28 Jul 25	22:13:00	1	0	53	0	Ct	0	0	0	0	0	0	0	0	0	0	0	0	0	0	0	1	0	1	0	0	0	0	0	0	0	0	0	0	0	0	0	0	0	0
10690	28 Jul 25	22:14:00	1	0	53	0	Ct	0	0	0	0	0	0	0	0	0	0	0	0	0	1	2	6	0	2	0	0	0	0	0	0	0	0	0	0	0	0	0	0	0	0
10691	28 Jul 25	22:15:00	1	0	53	0	Ct	0	0	0	0	0	0	0	0	0	0	0	0	0	0	2	4	0	2	0	0	0	0	0	0	0	0	0	0	0	0	0	0	0	0
10692	28 Jul 25	22:16:00	1	0	53	0	Ct	0	0	0	0	0	0	0	2	0	0	0	0	0	0	1	4	0	2	0	0	0	0	0	0	0	0	0	0	0	0	0	0	1	0
10693	28 Jul 25	22:17:00	1	0	53	0	Ct	0	0	0	0	0	0	0	1	0	0	0	0	0	0	1	3	0	5	0	0	0	0	0	0	0	0	0	2	0	0	0	0	3	0
10694	28 Jul 25	22:18:00	1	0	53	0	Ct	0	0	0	0	0	0	0	4	0	0	0	0	0	0	0	3	0	2	0	0	0	0	0	0	0	0	0	3	0	0	0	0	5	1
10695	28 Jul 25	22:19:00	1	0	53	0	Ct	0	0	0	0	0	0	0	2	0	0	2	0	0	0	0	1	0	4	0	0	0	0	0	0	0	0	0	3	0	0	0	0	2	0
10696	28 Jul 25	22:20:00	1	0	53	0	Ct	0	0	0	0	0	0	0	0	0	0	3	0	0	2	0	1	0	2	0	0	0	0	0	2	0	0	0	1	0	0	0	0	5	0
10697	28 Jul 25	22:21:00	1	0	53	0	Ct	0	0	0	0	0	0	0	0	0	0	0	0	0	1	0	1	0	3	0	0	0	0	0	0	0	2	1	3	0	0	0	0	5	0
10698	28 Jul 25	22:22:00	1	0	53	0	Ct	0	0	0	1	0	0	0	0	0	0	0	0	0	0	0	5	0	5	0	0	0	0	0	0	0	0	3	6	0	0	0	0	4	0
10699	28 Jul 25	22:23:00	1	0	53	0	Ct	0	0	0	0	0	0	0	6	0	0	5	0	0	0	0	0	0	5	0	0	0	0	0	0	0	0	0	0	0	0	0	0	5	0
10700	28 Jul 25	22:24:00	1	0	53	0	Ct	0	0	0	0	0	0	0	1	0	0	2	0	0	0	0	4	0	2	0	0	0	0	0	0	0	0	3	0	0	0	0	0	3	0
10701	28 Jul 25	22:25:00	1	0	53	0	Ct	0	0	0	0	0	0	0	1	0	0	1	0	0	0	1	4	0	4	0	0	0	0	0	0	0	0	0	0	0	0	0	0	4	2
10702	28 Jul 25	22:26:00	1	0	53	0	Ct	0	0	0	0	0	0	0	0	0	0	1	0	0	0	1	1	0	3	0	0	0	0	0	0	0	0	0	2	0	0	0	0	1	0
10703	28 Jul 25	22:27:00	1	0	53	0	Ct	0	0	0	0	0	0	0	0	0	0	1	0	0	0	0	1	0	0	0	0	0	0	0	0	0	0	0	0	0	0	0	0	0	0
10704	28 Jul 25	22:28:00	1	0	53	0	Ct	0	0	0	1	0	0	0	0	0	0	0	0	0	0	0	0	0	3	0	0	0	0	0	0	0	0	0	0	0	0	0	0	0	0
10705	28 Jul 25	22:29:00	1	0	53	0	Ct	0	0	0	0	0	0	0	0	0	0	2	0	0	0	2	0	0	3	0	0	0	0	0	0	0	0	0	0	0	0	0	0	0	0
10706	28 Jul 25	22:30:00	1	0	53	0	Ct	0	0	0	0	0	0	2	0	0	0	3	0	0	0	0	0	0	3	1	0	0	0	0	0	0	0	0	0	0	0	0	0	0	0
10707	28 Jul 25	22:31:00	1	0	53	0	Ct	0	0	0	0	0	0	0	0	0	0	4	0	0	0	0	0	0	3	0	0	0	0	0	0	0	0	0	0	0	0	0	0	0	0
10708	28 Jul 25	22:32:00	1	0	53	0	Ct	0	0	0	0	0	0	0	0	0	0	4	0	0	0	0	0	0	0	0	0	0	0	0	0	0	0	0	0	0	0	0	0	0	0
10709	28 Jul 25	22:33:00	1	0	53	0	Ct	0	0	0	0	0	0	0	0	0	0	5	0	0	0	0	0	0	0	0	0	0	0	0	0	0	0	0	0	0	0	0	0	0	0
10710	28 Jul 25	22:34:00	1	0	53	0	Ct	0	0	0	1	0	0	0	0	0	0	4	0	0	0	0	0	0	2	0	0	0	0	0	0	0	0	0	0	0	0	0	0	0	0
10711	28 Jul 25	22:35:00	1	0	53	0	Ct	0	0	0	0	0	0	3	0	0	0	1	0	0	0	0	0	0	2	0	0	0	0	0	0	0	0	0	0	0	0	0	0	0	1
10712	28 Jul 25	22:36:00	1	0	53	0	Ct	0	0	0	0	0	0	2	0	0	0	0	0	0	0	0	4	0	0	0	0	0	0	0	0	0	0	0	0	0	0	0	0	0	3
10713	28 Jul 25	22:37:00	1	0	53	0	Ct	0	0	0	0	0	0	0	0	0	0	1	0	0	0	0	3	0	4	0	0	0	0	0	2	0	0	0	0	0	0	0	0	0	2
10714	28 Jul 25	22:38:00	1	0	53	0	Ct	0	0	0	0	0	0	2	0	0	0	3	0	0	0	0	0	0	2	0	0	0	0	0	0	0	0	0	0	0	0	0	0	0	1
10715	28 Jul 25	22:39:00	1	0	53	0	Ct	0	0	1	0	0	0	0	0	0	0	1	0	0	0	2	0	0	3	1	0	0	0	0	0	0	0	0	0	0	0	0	0	0	0
10716	28 Jul 25	22:40:00	1	0	53	0	Ct	0	0	0	0	0	0	0	1	0	0	2	0	0	2	0	0	0	4	0	0	0	0	0	0	0	0	0	0	0	0	0	0	0	0
10717	28 Jul 25	22:41:00	1	0	53	0	Ct	0	0	0	2	0	0	0	1	0	0	1	0	0	0	2	0	0	4	0	0	0	0	0	0	0	0	0	0	0	0	0	0	0	0
10718	28 Jul 25	22:42:00	1	0	53	0	Ct	0	0	0	0	0	0	0	1	0	0	3	0	0	0	0	4	0	1	0	0	0	0	0	0	0	0	0	0	0	0	0	0	0	0
10719	28 Jul 25	22:43:00	1	0	53	0	Ct	0	0	0	0	0	0	0	2	0	0	1	0	0	0	0	3	0	0	0	0	0	0	0	0	0	0	0	0	0	0	0	0	0	2
10720	28 Jul 25	22:44:00	1	0	53	0	Ct	0	0	2	0	0	2	0	0	0	0	1	0	0	0	0	3	0	3	0	0	0	0	0	0	0	0	0	0	0	0	0	0	0	0
10721	28 Jul 25	22:45:00	1	0	53	0	Ct	0	0	0	0	0	0	0	0	0	0	2	0	0	0	2	2	0	2	0	0	0	0	0	0	0	0	0	0	0	0	0	0	0	0
10722	28 Jul 25	22:46:00	1	0	53	0	Ct	0	0	0	0	0	0	0	1	0	0	6	0	0	2	0	4	0	4	0	0	0	0	0	0	0	0	0	0	0	0	0	0	0	0
10723	28 Jul 25	22:47:00	1	0	53	0	Ct	0	0	0	0	0	0	0	1	0	0	2	0	0	1	0	2	0	2	0	0	0	0	0	0	0	0	0	0	0	0	0	0	0	4
10724	28 Jul 25	22:48:00	1	0	53	0	Ct	0	0	0	0	0	0	0	1	0	0	2	0	0	0	0	1	0	3	0	0	0	0	0	0	0	0	0	0	0	0	0	0	0	2
10725	28 Jul 25	22:49:00	1	0	53	0	Ct	0	0	0	0	0	0	0	0	0	0	3	0	0	1	0	1	0	3	0	0	0	0	0	2	0	0	0	0	0	0	0	0	0	1
10726	28 Jul 25	22:50:00	1	0	53	0	Ct	0	0	0	0	0	0	0	1	0	0	6	0	0	0	0	0	0	1	0	0	0	0	0	0	0	0	0	0	0	0	0	0	0	1
10727	28 Jul 25	22:51:00	1	0	53	0	Ct	0	0	0	0	0	1	0	0	1	0	4	0	0	0	0	16	0	1	0	0	0	0	0	0	0	0	0	0	0	0	0	0	0	5
10728	28 Jul 25	22:52:00	1	0	53	0	Ct	0	0	0	0	0	1	0	0	0	0	1	0	0	0	0	7	0	4	0	0	0	0	0	0	0	0	0	0	0	0	0	0	0	2
10729	28 Jul 25	22:53:00	1	0	53	0	Ct	0	0	0	0	0	0	0	0	0	0	2	0	0	0	0	0	0	0	0	0	0	0	0	0	0	0	0	0	0	0	0	0	0	3
10730	28 Jul 25	22:54:00	1	0	53	0	Ct	0	0	0	0	0	0	0	0	1	0	2	0	0	0	0	0	0	0	0	0	0	0	0	0	0	0	0	0	0	0	0	0	0	3
10731	28 Jul 25	22:55:00	1	0	53	0	Ct	0	0	0	0	0	0	0	0	2	0	2	0	0	0	0	0	0	1	0	0	0	0	0	0	0	2	0	0	0	0	0	0	0	2
10732	28 Jul 25	22:56:00	1	0	53	0	Ct	0	0	0	0	0	0	0	0	1	0	1	0	0	0	0	0	0	2	0	0	0	0	0	0	0	0	0	0	0	0	0	0	0	0
10733	28 Jul 25	22:57:00	1	0	53	0	Ct	0	0	0	0	0	0	0	0	0	0	3	2	0	0	0	0	0	1	0	0	0	0	0	0	0	1	0	0	0	0	0	0	0	1
10734	28 Jul 25	22:58:00	1	0	53	0	Ct	0	0	0	0	0	0	0	0	0	0	3	0	0	0	0	0	0	3	0	0	0	0	0	0	0	3	0	0	0	0	0	0	0	0
10735	28 Jul 25	22:59:00	1	0	53	0	Ct	0	0	0	0	0	0	0	3	0	0	1	0	0	0	0	6	0	4	0	0	0	0	0	0	0	0	1	0	0	0	0	0	0	2
10736	28 Jul 25	23:00:00	1	0	53	0	Ct	0	0	0	0	0	0	0	3	0	0	1	0	0	0	2	3	0	4	0	0	0	0	0	0	0	2	1	0	0	0	0	0	1	0
10737	28 Jul 25	23:01:00	1	0	53	0	Ct	0	0	0	0	0	0	0	1	0	0	3	2	0	0	0	4	0	2	0	0	0	0	0	0	0	1	0	0	0	0	0	0	5	1
10738	28 Jul 25	23:02:00	1	0	53	0	Ct	0	0	2	0	0	0	0	0	0	0	0	2	0	0	0	3	0	5	0	0	0	0	0	0	0	3	0	0	0	0	0	0	0	2
10739	28 Jul 25	23:03:00	1	0	53	0	Ct	0	0	0	0	0	0	0	3	0	0	2	5	0	0	0	4	0	2	0	0	0	0	0	0	0	3	0	0	0	0	0	0	1	2
10740	28 Jul 25	23:04:00	1	0	53	0	Ct	0	0	0	0	0	2	0	2	1	0	1	2	0	0	4	3	0	3	0	0	0	0	0	0	0	4	0	0	0	0	0	0	0	8
10741	28 Jul 25	23:05:00	1	0	53	0	Ct	0	0	0	0	0	0	0	2	0	0	1	0	0	0	0	3	0	3	0	0	0	0	0	0	0	2	3	0	0	0	0	0	0	3
10742	28 Jul 25	23:06:00	1	0	53	0	Ct	0	0	0	0	0	0	0	2	0	0	2	0	0	0	0	4	0	2	0	0	0	0	0	0	0	1	0	0	0	0	0	0	0	1
10743	28 Jul 25	23:07:00	1	0	53	0	Ct	0	0	0	0	0	0	0	2	0	0	3	0	0	0	0	5	0	3	0	0	0	0	0	0	0	1	0	0	0	0	0	0	0	1
10744	28 Jul 25	23:08:00	1	0	53	0	Ct	0	0	0	0	0	0	0	0	0	0	1	0	0	0	0	4	0	4	0	0	0	0	0	0	0	3	2	0	0	0	0	0	0	0
10745	28 Jul 25	23:09:00	1	0	53	0	Ct	0	0	0	0	0	0	0	0	0	0	4	0	0	0	0	5	0	2	0	0	0	0	0	0	0	2	0	0	0	0	0	0	0	0
10746	28 Jul 25	23:10:00	1	0	53	0	Ct	0	0	0	0	0	0	0	0	0	0	2	0	0	0	0	2	0	4	0	0	0	0	0	0	0	3	0	1	0	0	0	0	0	2
10747	28 Jul 25	23:11:00	1	0	53	0	Ct	0	0	0	0	0	0	0	0	0	0	4	0	0	0	0	2	0	3	0	0	0	0	0	0	0	2	0	1	0	0	0	0	1	0
10748	28 Jul 25	23:12:00	1	0	53	0	Ct	0	0	0	0	0	0	0	0	0	0	2	0	0	0	0	2	0	2	0	0	0	0	0	0	0	1	0	0	0	0	0	0	0	0
10749	28 Jul 25	23:13:00	1	0	53	0	Ct	0	0	0	0	0	0	0	0	0	0	1	0	0	1	0	4	0	2	0	0	0	0	0	0	0	2	0	2	0	0	0	0	0	0
10750	28 Jul 25	23:14:00	1	0	53	0	Ct	0	0	0	0	0	0	0	2	0	0	2	0	0	1	0	5	0	3	0	0	0	0	0	0	0	3	0	0	0	0	0	0	0	0
10751	28 Jul 25	23:15:00	1	0	53	0	Ct	0	0	0	0	0	0	0	0	0	0	3	0	0	2	2	2	0	0	0	0	0	0	0	0	0	1	0	0	0	0	0	0	2	3
10752	28 Jul 25	23:16:00	1	0	53	0	Ct	0	0	0	0	0	0	0	0	0	0	3	0	0	0	0	4	0	2	0	0	0	0	0	0	0	3	0	0	0	0	0	0	0	0
10753	28 Jul 25	23:17:00	1	0	53	0	Ct	0	0	0	0	0	0	0	0	0	0	3	0	0	1	0	1	0	3	0	0	0	0	0	0	0	2	0	0	0	0	0	0	0	0
10754	28 Jul 25	23:18:00	1	0	53	0	Ct	0	0	0	0	0	0	0	0	0	0	2	0	0	0	0	3	0	4	0	0	0	0	0	0	0	0	0	0	0	0	0	0	0	0
10755	28 Jul 25	23:19:00	1	0	53	0	Ct	0	0	0	1	0	0	0	0	0	0	0	0	0	0	0	3	0	3	0	0	0	0	0	0	0	0	0	0	0	0	0	0	0	0
10756	28 Jul 25	23:20:00	1	0	53	0	Ct	0	0	0	0	0	0	0	0	0	0	0	0	0	0	0	3	0	4	0	0	0	0	2	0	0	1	0	0	0	0	0	0	0	3
10757	28 Jul 25	23:21:00	1	0	53	0	Ct	0	0	0	3	0	0	0	0	2	0	0	0	0	0	0	4	0	6	0	0	0	0	0	0	0	1	0	0	0	0	0	0	0	0
10758	28 Jul 25	23:22:00	1	0	53	0	Ct	0	0	0	3	0	0	0	0	2	0	0	0	0	0	0	5	0	4	0	0	0	0	0	0	0	1	0	0	0	0	0	0	0	1
10759	28 Jul 25	23:23:00	1	0	53	0	Ct	0	0	0	0	0	0	0	0	0	0	0	2	0	0	0	1	0	3	0	0	0	0	0	0	0	2	0	0	0	0	0	0	0	0
10760	28 Jul 25	23:24:00	1	0	53	0	Ct	0	0	0	0	0	0	0	0	0	0	0	0	0	0	0	0	0	5	0	0	0	0	0	0	0	2	0	0	0	0	0	0	0	3
10761	28 Jul 25	23:25:00	1	0	53	0	Ct	0	0	0	0	0	0	0	0	0	0	0	1	0	0	0	0	0	5	0	0	0	0	0	2	0	1	0	1	0	0	0	0	0	0
10762	28 Jul 25	23:26:00	1	0	53	0	Ct	0	0	0	0	0	0	0	0	0	0	0	1	0	0	0	3	0	3	0	0	0	0	0	1	0	2	0	2	0	0	0	0	0	2
10763	28 Jul 25	23:27:00	1	0	53	0	Ct	0	0	0	0	0	0	0	0	0	0	0	0	0	0	0	0	0	3	0	0	0	0	0	0	0	2	0	1	0	0	0	0	0	0
10764	28 Jul 25	23:28:00	1	0	53	0	Ct	0	0	0	0	0	0	0	0	0	0	0	0	0	0	0	0	0	3	0	0	0	0	0	0	0	3	0	3	0	0	0	0	0	2
10765	28 Jul 25	23:29:00	1	0	53	0	Ct	0	0	0	0	0	0	0	0	0	0	0	0	0	0	0	2	0	2	0	0	0	0	0	0	0	0	0	0	0	0	0	0	0	0
10766	28 Jul 25	23:30:00	1	0	53	0	Ct	0	0	0	0	0	0	0	0	0	0	0	0	0	0	0	2	0	5	0	0	0	0	0	0	0	0	0	0	0	0	0	0	0	1
10767	28 Jul 25	23:31:00	1	0	53	0	Ct	0	0	0	0	0	0	0	1	0	0	0	0	0	1	0	0	0	3	1	0	0	0	0	0	0	2	0	0	0	0	0	0	2	2
10768	28 Jul 25	23:32:00	1	0	53	0	Ct	0	0	0	0	0	0	0	1	0	0	5	0	0	3	2	0	0	3	1	0	0	0	0	0	0	2	0	0	0	0	2	0	0	1
10769	28 Jul 25	23:33:00	1	0	53	0	Ct	0	0	0	0	0	0	0	3	0	0	3	0	0	0	1	8	0	3	3	0	0	0	0	0	0	1	1	0	0	0	0	0	0	1
10770	28 Jul 25	23:34:00	1	0	53	0	Ct	0	0	0	0	0	0	0	0	0	0	1	0	0	2	1	0	0	3	0	0	0	0	0	0	0	3	0	0	0	0	0	0	1	3
10771	28 Jul 25	23:35:00	1	0	53	0	Ct	0	0	0	0	0	0	0	0	0	0	3	0	0	0	0	0	0	1	0	0	0	0	0	0	0	1	0	0	0	0	0	0	1	1
10772	28 Jul 25	23:36:00	1	0	53	0	Ct	0	0	0	0	0	0	1	0	1	0	2	0	0	0	0	0	0	4	0	0	0	0	0	0	0	2	0	0	0	0	0	0	3	0
10773	28 Jul 25	23:37:00	1	0	53	0	Ct	0	0	0	1	0	0	0	0	1	0	3	0	0	0	0	4	0	3	0	0	0	0	0	0	0	0	0	0	0	0	0	0	0	0
10774	28 Jul 25	23:38:00	1	0	53	0	Ct	0	0	0	0	0	0	0	0	0	0	3	0	0	0	0	1	0	4	0	0	0	0	0	0	0	2	0	0	0	0	0	0	0	2
10775	28 Jul 25	23:39:00	1	0	53	0	Ct	0	0	1	0	0	0	0	0	0	0	2	0	0	0	0	4	0	2	0	0	0	0	0	0	0	0	0	0	0	0	0	0	0	2
10776	28 Jul 25	23:40:00	1	0	53	0	Ct	0	0	0	0	0	0	0	0	0	0	2	0	0	0	0	3	0	2	0	0	0	0	0	0	0	1	0	0	0	0	0	0	0	4
10777	28 Jul 25	23:41:00	1	0	53	0	Ct	0	0	0	0	0	0	0	5	0	0	1	0	0	0	0	3	0	1	0	0	0	0	0	0	0	3	0	0	0	0	0	0	0	3
10778	28 Jul 25	23:42:00	1	0	53	0	Ct	0	0	0	0	0	0	0	0	0	0	3	0	0	0	1	5	0	1	0	0	0	0	0	0	0	2	0	0	0	0	0	0	0	2
10779	28 Jul 25	23:43:00	1	0	53	0	Ct	0	0	0	0	0	0	1	0	0	0	7	0	0	0	0	1	0	3	0	0	0	0	0	0	0	1	0	0	0	0	0	0	0	2
10780	28 Jul 25	23:44:00	1	0	53	0	Ct	0	0	0	1	0	0	1	3	0	0	3	0	0	1	0	2	0	3	0	0	0	0	0	0	0	1	2	0	0	0	0	0	0	1
10781	28 Jul 25	23:45:00	1	0	53	0	Ct	0	0	0	0	0	0	0	1	0	0	2	0	0	2	0	5	0	2	0	0	0	0	0	0	0	2	0	0	0	0	0	0	1	1
10782	28 Jul 25	23:46:00	1	0	53	0	Ct	0	0	0	0	0	0	0	1	0	0	0	0	0	5	0	1	0	3	0	0	0	0	0	0	0	1	0	0	0	0	0	0	0	2
10783	28 Jul 25	23:47:00	1	0	53	0	Ct	0	0	0	0	0	0	0	2	0	0	3	0	0	0	0	1	0	3	0	0	0	0	0	0	0	1	0	0	0	0	0	0	1	2
10784	28 Jul 25	23:48:00	1	0	53	0	Ct	0	0	0	0	0	0	0	0	0	0	2	0	0	0	0	1	0	2	0	0	0	1	0	0	0	2	0	0	0	0	0	0	0	3
10785	28 Jul 25	23:49:00	1	0	53	0	Ct	0	0	0	0	0	0	7	1	0	0	1	0	0	0	0	2	0	3	0	0	0	1	0	0	0	1	0	0	0	0	0	0	0	2
10786	28 Jul 25	23:50:00	1	0	53	0	Ct	0	0	0	0	0	0	1	1	0	0	1	0	0	0	1	2	0	4	0	0	0	2	0	0	0	0	0	1	0	0	0	0	0	2
10787	28 Jul 25	23:51:00	1	0	53	0	Ct	0	0	0	0	0	0	0	3	0	0	1	1	0	0	1	1	0	5	0	0	0	0	1	0	0	0	0	1	0	0	0	0	0	2
10788	28 Jul 25	23:52:00	1	0	53	0	Ct	0	0	0	0	0	0	0	0	0	0	1	0	0	0	0	0	0	4	0	0	0	1	0	0	0	0	0	1	0	0	0	0	0	2
10789	28 Jul 25	23:53:00	1	0	53	0	Ct	0	0	0	0	0	0	0	0	0	0	2	0	0	0	0	3	0	1	0	0	0	2	2	0	0	0	0	0	0	0	3	0	0	1
10790	28 Jul 25	23:54:00	1	0	53	0	Ct	0	0	0	0	0	0	0	5	0	0	4	0	0	0	0	3	0	0	0	0	0	2	0	0	0	0	0	0	0	0	0	0	0	1
10791	28 Jul 25	23:55:00	1	0	53	0	Ct	0	0	0	0	0	0	0	4	0	0	2	2	0	0	0	3	0	3	0	0	0	3	0	0	0	1	0	0	0	0	0	0	0	2
10792	28 Jul 25	23:56:00	1	0	53	0	Ct	0	0	1	0	0	0	0	3	0	0	5	0	0	0	0	4	0	5	0	0	0	5	0	0	0	1	0	0	0	0	0	0	0	1
10793	28 Jul 25	23:57:00	1	0	53	0	Ct	0	0	0	0	0	0	0	2	0	0	3	0	0	0	0	4	0	3	0	0	0	2	0	0	0	0	0	0	0	0	0	0	0	4
10794	28 Jul 25	23:58:00	1	0	53	0	Ct	0	0	0	0	0	0	0	5	0	0	4	0	0	0	0	4	0	0	0	0	0	0	0	0	0	2	0	0	0	0	0	0	0	2
10795	28 Jul 25	23:59:00	1	0	53	0	Ct	0	0	0	0	0	0	0	0	0	0	3	0	0	0	0	2	0	0	0	0	0	2	0	0	0	2	0	0	0	0	0	0	0	0
10796	29 Jul 25	00:00:00	1	0	53	0	Ct	0	0	0	0	0	0	0	3	0	0	2	0	3	0	0	2	0	0	0	0	0	2	0	0	0	2	0	0	0	0	0	0	0	3
10797	29 Jul 25	00:01:00	1	0	53	0	Ct	0	0	0	0	0	0	0	2	0	0	4	0	0	0	0	8	0	0	0	0	0	3	0	2	0	1	0	0	0	0	0	0	0	3
10798	29 Jul 25	00:02:00	1	0	53	0	Ct	0	0	0	0	0	0	0	2	0	0	2	0	0	0	0	4	0	2	0	0	0	6	0	0	0	0	0	0	0	0	0	0	1	2
10799	29 Jul 25	00:03:00	1	0	53	0	Ct	0	0	1	0	0	0	0	0	0	0	0	0	0	0	0	4	0	4	0	0	0	5	0	0	0	1	0	0	0	0	0	0	2	1
10800	29 Jul 25	00:04:00	1	0	53	0	Ct	0	0	0	2	0	0	0	3	0	0	2	0	0	0	0	4	0	4	0	0	0	3	0	0	0	1	0	0	0	0	0	0	0	0
10801	29 Jul 25	00:05:00	1	0	53	0	Ct	0	0	0	0	0	0	0	5	0	0	2	0	0	1	0	1	0	2	0	0	0	3	0	0	0	0	0	0	0	0	0	0	0	1
10802	29 Jul 25	00:06:00	1	0	53	0	Ct	0	0	0	0	0	0	0	4	0	0	1	0	1	1	0	5	0	3	0	0	0	2	0	0	0	0	0	0	0	0	2	0	0	2
10803	29 Jul 25	00:07:00	1	0	53	0	Ct	0	0	0	0	0	0	0	1	0	0	1	0	1	0	0	2	0	2	0	0	0	4	0	0	0	0	0	0	0	0	1	0	0	3
10804	29 Jul 25	00:08:00	1	0	53	0	Ct	0	0	0	0	0	0	0	0	0	0	0	0	0	0	0	2	0	2	0	0	0	11	0	2	0	0	0	0	0	0	2	0	0	0
10805	29 Jul 25	00:09:00	1	0	53	0	Ct	0	0	0	0	0	0	0	0	0	0	2	0	0	0	0	0	0	5	0	0	0	7	0	0	0	0	0	0	0	0	0	0	0	2
10806	29 Jul 25	00:10:00	1	0	53	0	Ct	0	0	0	0	0	0	0	0	0	0	0	0	0	0	0	0	0	3	0	0	0	3	0	0	0	0	0	0	0	0	0	0	0	2
10807	29 Jul 25	00:11:00	1	0	53	0	Ct	0	0	0	0	0	0	0	0	0	0	3	0	0	0	0	0	0	1	0	0	0	2	0	0	0	1	0	0	0	0	0	0	0	1
10808	29 Jul 25	00:12:00	1	0	53	0	Ct	0	0	1	0	0	0	0	0	0	0	4	0	2	0	0	4	0	0	0	0	0	5	0	0	0	3	0	0	0	0	0	0	1	3
10809	29 Jul 25	00:13:00	1	0	53	0	Ct	0	0	0	0	0	0	0	4	0	0	3	0	0	0	2	2	0	2	0	0	0	5	0	0	0	2	0	0	0	0	0	0	0	0
10810	29 Jul 25	00:14:00	1	0	53	0	Ct	0	0	0	0	0	0	0	0	0	0	2	0	0	0	0	3	0	5	0	0	0	4	0	0	0	1	0	0	0	0	0	0	1	3
10811	29 Jul 25	00:15:00	1	0	53	0	Ct	0	0	0	0	0	0	0	1	0	0	2	0	0	0	0	0	0	2	0	0	0	2	0	0	0	4	0	0	0	0	0	0	1	1
10812	29 Jul 25	00:16:00	1	0	53	0	Ct	0	0	0	0	0	0	0	0	0	0	4	0	0	0	0	0	0	3	0	0	1	4	0	0	0	3	0	0	0	0	0	0	0	3
10813	29 Jul 25	00:17:00	1	0	53	0	Ct	0	0	0	0	0	0	0	0	0	0	2	0	0	0	0	1	0	3	0	0	0	2	0	0	0	2	2	0	0	0	0	0	2	2
10814	29 Jul 25	00:18:00	1	0	53	0	Ct	0	0	0	0	2	0	0	0	0	0	1	0	0	0	0	1	0	2	0	0	6	4	2	0	0	4	2	0	0	0	0	0	2	1
10815	29 Jul 25	00:19:00	1	0	53	0	Ct	0	0	0	1	0	0	0	0	0	0	3	0	0	0	0	1	0	0	0	0	1	4	4	0	0	4	0	0	0	0	0	0	0	3
10816	29 Jul 25	00:20:00	1	0	53	0	Ct	0	0	0	0	0	0	0	0	0	0	5	0	0	0	0	1	0	3	0	0	0	3	5	0	0	2	0	0	0	0	0	0	0	2
10817	29 Jul 25	00:21:00	1	0	53	0	Ct	0	0	0	0	0	0	0	0	0	0	1	0	0	0	0	1	0	5	0	0	0	4	2	0	0	0	0	0	0	0	0	0	0	0
10818	29 Jul 25	00:22:00	1	0	53	0	Ct	0	0	0	0	0	0	0	0	0	0	5	0	0	0	0	1	0	4	0	0	0	2	1	0	0	3	0	0	0	0	0	0	0	2
10819	29 Jul 25	00:23:00	1	0	53	0	Ct	0	0	0	0	0	0	0	0	0	0	5	0	0	0	0	1	0	4	0	0	0	3	6	0	0	1	0	0	0	0	0	0	0	3
10820	29 Jul 25	00:24:00	1	0	53	0	Ct	0	0	0	0	0	0	0	0	0	0	2	0	0	0	0	1	0	2	0	0	0	2	1	0	0	1	0	0	0	0	0	0	0	2
10821	29 Jul 25	00:25:00	1	0	53	0	Ct	0	0	0	0	0	0	0	0	0	0	1	0	0	0	0	1	0	5	0	0	0	2	3	0	0	2	0	0	0	0	0	0	0	1
10822	29 Jul 25	00:26:00	1	0	53	0	Ct	0	0	0	0	0	0	0	1	0	0	3	0	0	0	0	2	0	5	0	0	0	3	3	0	0	3	0	0	0	0	0	0	0	2
10823	29 Jul 25	00:27:00	1	0	53	0	Ct	0	0	0	0	0	0	0	0	0	0	2	0	0	0	0	3	1	4	0	0	0	1	2	0	0	2	0	0	0	0	0	0	0	2
10824	29 Jul 25	00:28:00	1	0	53	0	Ct	0	0	0	0	2	0	0	2	0	0	2	0	0	0	0	2	1	4	0	2	0	1	4	1	0	2	0	0	0	0	0	0	0	2
10825	29 Jul 25	00:29:00	1	0	53	0	Ct	0	0	0	0	0	0	0	0	0	0	2	0	0	0	0	2	0	2	0	1	0	2	3	2	0	4	0	0	0	0	0	0	0	1
10826	29 Jul 25	00:30:00	1	0	53	0	Ct	0	0	0	0	0	0	0	2	0	0	1	0	0	0	0	4	0	4	0	1	0	2	4	1	0	1	0	0	0	0	0	0	0	2
10827	29 Jul 25	00:31:00	1	0	53	0	Ct	0	0	0	0	0	0	0	2	0	0	0	0	0	0	0	0	3	4	0	0	0	4	4	0	0	3	0	0	0	0	0	0	0	1
10828	29 Jul 25	00:32:00	1	0	53	0	Ct	0	0	0	0	2	0	0	3	0	0	4	0	0	0	0	5	0	2	2	0	0	2	3	0	0	1	0	0	0	0	0	0	0	1
10829	29 Jul 25	00:33:00	1	0	53	0	Ct	0	0	0	0	0	0	0	1	2	0	1	0	0	0	0	1	0	3	0	2	0	2	2	0	0	2	0	0	0	0	0	0	0	0
10830	29 Jul 25	00:34:00	1	0	53	0	Ct	0	0	0	0	0	0	0	1	0	0	2	2	0	0	0	0	0	3	0	2	0	2	2	0	0	2	0	0	0	0	0	0	0	2
10831	29 Jul 25	00:35:00	1	0	53	0	Ct	0	0	0	0	0	0	0	4	1	0	2	1	0	2	0	3	0	3	0	0	0	2	2	0	0	3	0	0	0	0	0	0	0	1
10832	29 Jul 25	00:36:00	1	0	53	0	Ct	0	0	0	0	0	0	0	4	2	0	2	0	0	2	0	0	0	5	4	0	0	3	4	0	0	2	0	0	0	0	0	0	0	3
10833	29 Jul 25	00:37:00	1	0	53	0	Ct	0	0	0	0	0	0	0	0	1	0	1	0	0	0	0	2	0	5	0	0	0	2	2	0	0	2	0	0	0	0	0	0	0	3
10834	29 Jul 25	00:38:00	1	0	53	0	Ct	0	0	0	0	0	0	0	0	0	0	0	0	0	0	0	2	0	4	0	0	0	0	2	0	0	0	0	0	0	0	0	0	0	1
10835	29 Jul 25	00:39:00	1	0	53	0	Ct	0	0	0	0	0	0	0	2	0	0	3	0	0	0	0	2	0	4	0	0	0	1	0	0	0	2	0	0	0	0	0	0	0	3
10836	29 Jul 25	00:40:00	1	0	53	0	Ct	0	0	0	0	0	0	0	3	0	0	1	0	0	0	0	2	0	5	0	0	0	2	0	0	0	2	0	0	0	0	0	0	0	0
10837	29 Jul 25	00:41:00	1	0	53	0	Ct	0	0	0	0	0	0	0	2	0	0	7	0	0	0	0	2	0	2	0	0	0	10	0	0	0	0	2	0	0	0	0	0	0	1
10838	29 Jul 25	00:42:00	1	0	53	0	Ct	0	0	0	0	0	0	0	2	0	0	1	0	0	0	0	2	0	3	0	0	0	0	0	0	0	1	2	0	0	0	0	0	0	0
10839	29 Jul 25	00:43:00	1	0	53	0	Ct	0	0	0	0	0	0	0	1	0	0	3	0	0	0	0	2	0	4	0	0	0	4	0	1	0	4	0	0	0	0	0	0	0	0
10840	29 Jul 25	00:44:00	1	0	53	0	Ct	0	0	0	0	0	0	0	2	0	0	1	0	0	0	2	0	0	4	0	0	0	3	0	1	0	2	0	1	0	0	0	0	0	0
10841	29 Jul 25	00:45:00	1	0	53	0	Ct	0	0	0	0	0	0	0	3	0	0	1	0	0	0	1	1	0	2	0	0	0	2	2	1	0	1	0	2	0	0	0	0	0	3
10842	29 Jul 25	00:46:00	1	0	53	0	Ct	0	0	0	0	0	0	0	7	0	0	1	0	2	0	1	1	0	4	0	0	0	1	4	1	0	1	0	0	0	0	0	0	0	0
10843	29 Jul 25	00:47:00	1	0	53	0	Ct	0	0	0	0	0	0	0	1	0	0	2	0	1	0	0	2	0	4	0	0	0	1	5	0	0	3	0	0	0	0	0	0	0	0
10844	29 Jul 25	00:48:00	1	0	53	0	Ct	0	0	0	2	0	0	0	6	0	0	2	0	0	0	0	2	0	3	0	0	2	2	2	0	0	0	0	0	0	0	0	0	0	3
10845	29 Jul 25	00:49:00	1	0	53	0	Ct	0	0	0	0	0	0	0	2	0	0	2	0	2	0	0	1	0	2	0	0	0	0	5	0	0	1	0	0	0	0	0	0	0	3
10846	29 Jul 25	00:50:00	1	0	53	0	Ct	0	0	0	0	0	0	0	4	0	0	3	0	3	0	0	0	0	1	0	0	0	2	1	0	0	1	0	0	0	0	0	0	0	1
10847	29 Jul 25	00:51:00	1	0	53	0	Ct	0	0	0	2	0	0	0	2	0	0	0	0	2	0	0	0	0	2	0	0	0	0	2	0	0	0	0	0	0	0	0	0	0	0
10848	29 Jul 25	00:52:00	1	0	53	0	Ct	0	0	0	1	0	0	0	2	0	0	3	0	4	0	0	0	0	4	0	0	0	1	0	0	0	0	0	0	0	0	0	0	0	0
10849	29 Jul 25	00:53:00	1	0	53	0	Ct	0	0	0	1	0	0	0	5	0	0	1	0	4	0	0	0	0	4	0	0	0	1	3	0	0	2	0	0	0	0	0	0	0	0
10850	29 Jul 25	00:54:00	1	0	53	0	Ct	0	0	0	0	0	0	0	2	0	0	0	0	0	0	0	0	0	3	0	0	0	0	2	0	0	0	0	0	0	0	0	0	0	0
10851	29 Jul 25	00:55:00	1	0	53	0	Ct	0	0	0	0	0	0	0	0	0	0	2	0	1	0	0	2	0	5	0	0	0	3	5	0	0	0	0	0	0	0	0	0	0	1
10852	29 Jul 25	00:56:00	1	0	53	0	Ct	0	0	0	0	0	0	0	0	4	0	0	0	0	0	0	2	0	3	0	0	0	3	4	0	0	0	0	0	0	0	0	0	3	3
10853	29 Jul 25	00:57:00	1	0	53	0	Ct	0	0	0	0	0	0	0	3	2	0	0	0	3	0	0	2	0	1	0	0	0	2	3	0	0	0	0	0	0	0	0	0	0	0
10854	29 Jul 25	00:58:00	1	0	53	0	Ct	0	0	0	0	0	0	0	0	0	0	0	0	0	0	0	3	0	1	0	0	0	3	3	0	0	0	0	0	0	0	0	0	0	0
10855	29 Jul 25	00:59:00	1	0	53	0	Ct	0	0	0	0	0	0	0	0	0	0	0	0	0	0	0	3	0	2	0	0	0	1	1	0	0	0	0	0	0	0	2	0	0	4
10856	29 Jul 25	01:00:00	1	0	53	0	Ct	0	0	0	0	0	0	0	1	0	0	0	0	0	0	0	2	0	3	0	0	0	2	0	0	0	0	0	0	0	0	0	0	0	0
10857	29 Jul 25	01:01:00	1	0	53	0	Ct	0	0	0	0	0	0	0	3	0	0	2	0	0	0	0	0	0	4	0	0	0	0	0	0	0	0	0	0	0	0	0	0	0	0
10858	29 Jul 25	01:02:00	1	0	53	0	Ct	0	0	0	0	0	0	0	0	0	0	0	0	0	0	0	3	0	2	0	0	0	0	0	0	0	0	0	0	0	0	0	0	0	1
10859	29 Jul 25	01:03:00	1	0	53	0	Ct	0	0	2	0	0	0	0	0	0	0	0	0	0	0	0	4	0	0	0	0	0	1	0	0	0	0	0	0	0	0	0	0	0	3
10860	29 Jul 25	01:04:00	1	0	53	0	Ct	0	0	0	0	0	0	0	2	0	0	2	0	0	2	0	4	0	8	0	0	0	2	0	1	0	0	0	0	0	0	0	0	0	2
10861	29 Jul 25	01:05:00	1	0	53	0	Ct	0	0	0	0	0	0	0	0	0	0	0	0	0	0	0	2	0	3	0	0	0	2	0	0	0	0	0	0	0	0	0	0	0	3
10862	29 Jul 25	01:06:00	1	0	53	0	Ct	0	0	0	0	0	0	0	0	0	0	0	0	1	0	0	1	0	1	0	0	0	0	0	1	0	0	0	0	0	0	0	0	2	0
10863	29 Jul 25	01:07:00	1	0	53	0	Ct	0	0	0	0	0	0	0	2	0	0	2	0	1	2	0	0	0	1	0	0	0	2	0	0	0	0	0	0	0	0	0	0	2	1
10864	29 Jul 25	01:08:00	1	0	53	0	Ct	0	0	0	0	0	0	0	3	0	2	5	0	4	0	0	0	0	1	0	0	0	2	0	0	0	0	0	0	0	0	0	0	0	0
10865	29 Jul 25	01:09:00	1	0	53	0	Ct	0	0	0	2	0	0	0	3	0	0	1	0	3	0	0	0	0	0	0	0	0	2	0	0	0	0	0	0	0	0	0	0	0	1
10866	29 Jul 25	01:10:00	1	0	53	0	Ct	0	0	0	2	0	0	0	0	1	0	0	0	0	0	0	1	0	0	0	0	0	2	0	0	0	2	0	0	0	0	0	0	0	0
10867	29 Jul 25	01:11:00	1	0	53	0	Ct	0	0	0	1	2	0	0	3	1	0	1	0	0	0	0	5	0	0	0	0	0	2	0	0	0	0	0	0	0	0	0	0	0	0
10868	29 Jul 25	01:12:00	1	0	53	0	Ct	0	0	0	2	0	0	0	1	0	2	0	0	1	0	1	1	0	0	0	0	0	0	0	1	0	0	0	0	0	0	0	0	0	0
10869	29 Jul 25	01:13:00	1	0	53	0	Ct	0	0	0	0	0	0	0	1	0	0	0	0	0	0	1	1	0	0	0	0	0	0	0	0	0	0	0	0	0	0	0	0	0	2
10870	29 Jul 25	01:14:00	1	0	53	0	Ct	0	0	0	0	0	0	0	6	0	2	0	0	0	0	0	5	0	0	0	0	0	1	0	0	0	0	0	0	0	0	0	0	0	0
10871	29 Jul 25	01:15:00	1	0	53	0	Ct	0	0	0	3	0	2	0	0	0	2	0	0	0	0	0	2	0	4	0	2	0	2	0	2	0	0	0	0	0	0	0	0	0	2
10872	29 Jul 25	01:16:00	1	0	53	0	Ct	0	0	0	0	0	0	0	5	0	1	0	2	0	0	0	2	0	3	0	0	0	1	0	7	0	0	0	0	0	0	0	0	0	2
10873	29 Jul 25	01:17:00	1	0	53	0	Ct	0	0	0	1	0	0	0	2	0	1	0	0	0	0	0	4	0	5	0	3	0	2	0	0	0	0	0	1	0	0	0	0	0	2
10874	29 Jul 25	01:18:00	1	0	53	0	Ct	0	0	0	0	0	0	0	0	0	2	0	0	0	0	0	2	0	3	0	1	0	1	0	2	0	0	0	0	0	0	0	0	0	0
10875	29 Jul 25	01:19:00	1	0	53	0	Ct	0	0	0	0	0	0	0	0	0	2	0	0	0	0	0	1	0	3	0	2	0	2	0	0	0	0	0	0	0	0	0	0	0	0
10876	29 Jul 25	01:20:00	1	0	53	0	Ct	0	0	0	0	0	0	0	0	0	2	2	0	0	0	0	2	0	4	0	0	0	2	0	0	0	0	0	0	0	0	0	0	0	0
10877	29 Jul 25	01:21:00	1	0	53	0	Ct	0	0	0	0	0	0	0	0	0	4	0	0	0	0	0	2	0	2	0	2	0	0	3	0	0	0	0	0	0	0	0	0	0	0
10878	29 Jul 25	01:22:00	1	0	53	0	Ct	0	0	0	0	0	2	0	0	0	3	0	0	0	0	0	3	0	1	0	2	0	0	4	0	0	2	0	0	0	0	0	0	0	2
10879	29 Jul 25	01:23:00	1	0	53	0	Ct	0	0	0	0	0	1	0	0	0	2	0	0	0	0	0	0	0	3	0	1	0	0	1	0	0	3	0	0	0	0	0	0	0	1
10880	29 Jul 25	01:24:00	1	0	53	0	Ct	0	0	2	0	0	1	0	0	0	2	0	0	0	0	0	0	0	1	0	2	0	0	2	0	0	0	0	0	0	0	0	0	0	1
10881	29 Jul 25	01:25:00	1	0	53	0	Ct	0	0	0	0	0	1	0	0	0	3	0	0	0	0	0	6	0	0	0	2	0	0	1	2	0	0	0	0	0	0	0	0	0	4
10882	29 Jul 25	01:26:00	1	0	53	0	Ct	0	0	0	0	0	1	0	0	0	3	0	0	0	0	0	5	0	0	0	2	0	0	2	0	0	0	0	0	0	0	0	0	0	3
10883	29 Jul 25	01:27:00	1	0	53	0	Ct	0	0	0	0	0	2	0	0	0	3	0	0	0	0	0	2	0	0	4	2	0	0	2	0	0	0	0	0	0	0	0	0	0	0
10884	29 Jul 25	01:28:00	1	0	53	0	Ct	0	0	0	0	0	0	0	5	0	3	0	0	0	0	0	1	0	0	0	3	0	0	0	0	0	0	0	0	0	0	0	0	0	0
10885	29 Jul 25	01:29:00	1	0	53	0	Ct	0	0	0	0	0	0	0	4	0	1	0	0	0	0	0	2	0	0	0	5	0	0	0	1	0	0	0	0	0	0	0	0	0	0
10886	29 Jul 25	01:30:00	1	0	53	0	Ct	0	0	0	0	0	0	0	3	0	2	0	0	0	0	0	0	0	0	0	1	0	0	0	0	0	0	0	0	0	0	0	0	0	0
10887	29 Jul 25	01:31:00	1	0	53	0	Ct	0	0	0	0	0	0	0	4	0	1	0	0	0	0	0	0	0	0	0	6	0	0	0	1	0	0	0	0	0	0	0	0	0	0
10888	29 Jul 25	01:32:00	1	0	53	0	Ct	0	0	0	0	0	0	0	6	0	2	1	0	0	0	0	0	0	3	0	2	0	0	0	0	0	0	0	0	0	0	0	0	0	4
10889	29 Jul 25	01:33:00	1	0	53	0	Ct	0	0	0	0	0	0	0	3	0	2	3	0	0	0	0	0	0	1	0	2	0	0	0	0	0	0	0	0	0	0	0	0	0	3
10890	29 Jul 25	01:34:00	1	0	53	0	Ct	0	0	0	0	0	0	0	2	0	1	3	0	0	0	0	0	0	1	0	4	1	0	0	0	0	0	0	0	0	0	0	0	0	1
10891	29 Jul 25	01:35:00	1	0	53	0	Ct	0	0	0	0	0	0	0	1	1	1	4	0	0	0	0	0	0	0	0	1	3	0	0	0	0	0	0	0	0	0	0	0	0	1
10892	29 Jul 25	01:36:00	1	0	53	0	Ct	0	0	0	0	0	0	0	2	2	4	6	0	0	0	0	0	0	0	0	2	0	0	0	0	0	0	0	0	0	0	0	0	0	0
10893	29 Jul 25	01:37:00	1	0	53	0	Ct	0	0	0	0	0	0	0	2	0	4	7	0	2	0	0	2	0	0	0	4	0	0	0	0	0	0	0	0	0	0	0	0	0	0
10894	29 Jul 25	01:38:00	1	0	53	0	Ct	0	0	0	0	0	0	0	0	0	3	4	0	5	0	0	0	0	1	0	0	0	0	0	0	0	0	0	0	0	0	0	0	1	0
10895	29 Jul 25	01:39:00	1	0	53	0	Ct	0	0	0	0	0	0	0	0	0	2	0	0	1	0	0	0	0	2	0	5	0	0	0	0	0	0	0	0	0	0	1	0	1	0
10896	29 Jul 25	01:40:00	1	0	53	0	Ct	0	0	0	0	0	0	0	0	0	4	2	0	0	0	0	0	0	3	1	2	0	0	0	0	0	2	0	0	0	0	1	0	0	1
10897	29 Jul 25	01:41:00	1	0	53	0	Ct	0	0	0	0	0	0	1	1	0	2	1	0	0	0	0	3	0	2	2	1	0	0	0	0	0	0	0	0	0	0	0	0	0	0
10898	29 Jul 25	01:42:00	1	0	53	0	Ct	0	0	0	2	0	0	1	0	0	7	2	0	0	0	0	8	0	1	1	0	0	0	0	0	0	2	0	0	0	0	0	0	0	2
10899	29 Jul 25	01:43:00	1	0	53	0	Ct	0	0	0	0	0	0	2	4	0	2	2	0	0	0	0	0	0	4	0	0	0	0	0	0	0	0	0	0	0	0	0	0	0	0
10900	29 Jul 25	01:44:00	1	0	53	0	Ct	0	0	0	2	0	0	0	1	0	6	2	0	1	0	0	0	0	0	0	0	0	0	0	0	0	0	0	0	0	0	0	0	0	0
10901	29 Jul 25	01:45:00	1	0	53	0	Ct	0	0	0	0	0	0	0	0	1	2	3	0	0	0	0	0	0	2	0	1	0	0	0	0	0	0	0	0	0	0	0	0	0	1
10902	29 Jul 25	01:46:00	1	0	53	0	Ct	0	0	0	0	0	0	0	4	0	2	3	0	0	0	0	7	0	3	0	4	0	0	0	0	0	0	0	0	0	0	0	0	0	2
10903	29 Jul 25	01:47:00	1	0	53	0	Ct	0	0	0	0	0	0	0	0	0	3	6	0	0	0	0	3	0	2	1	1	0	0	0	0	0	0	0	0	0	0	0	0	0	1
10904	29 Jul 25	01:48:00	1	0	53	0	Ct	0	0	0	0	0	0	0	3	0	2	3	0	0	0	0	3	0	2	1	2	0	0	0	0	0	0	0	0	0	0	0	0	0	3
10905	29 Jul 25	01:49:00	1	0	53	0	Ct	0	0	0	0	0	0	0	2	2	4	2	0	0	0	0	4	0	0	2	2	0	0	0	0	0	0	0	0	0	0	0	0	0	1
10906	29 Jul 25	01:50:00	1	0	53	0	Ct	0	0	0	0	0	0	0	1	0	2	4	0	0	0	0	3	0	0	0	2	0	0	0	0	0	1	0	0	0	0	0	0	0	2
10907	29 Jul 25	01:51:00	1	0	53	0	Ct	0	0	0	0	0	0	0	0	3	1	2	0	0	0	0	2	0	0	0	3	0	0	0	1	0	0	0	0	0	0	0	0	0	0
10908	29 Jul 25	01:52:00	1	0	53	0	Ct	0	0	0	0	0	0	0	2	0	2	2	0	0	0	0	2	0	4	3	2	0	0	0	1	0	0	0	0	0	0	0	0	0	2
10909	29 Jul 25	01:53:00	1	0	53	0	Ct	0	0	0	0	0	0	0	2	0	4	2	0	0	0	0	2	0	7	1	0	0	0	0	0	0	0	0	0	0	0	0	0	0	1
10910	29 Jul 25	01:54:00	1	0	53	0	Ct	0	0	0	0	0	0	0	0	0	3	3	0	0	0	0	2	0	0	0	3	0	0	0	0	0	0	0	0	0	0	0	0	0	2
10911	29 Jul 25	01:55:00	1	0	53	0	Ct	0	0	0	0	0	0	0	0	0	1	2	0	0	0	0	5	0	3	0	0	0	0	0	0	0	0	0	0	0	0	0	0	0	0
10912	29 Jul 25	01:56:00	1	0	53	0	Ct	0	0	0	0	0	0	0	0	0	1	4	0	0	0	0	2	0	0	0	2	0	0	0	0	0	1	0	0	0	0	0	0	0	2
10913	29 Jul 25	01:57:00	1	0	53	0	Ct	0	0	0	0	0	0	0	2	0	3	7	0	1	0	0	2	0	1	0	2	0	0	0	0	0	0	2	0	0	0	0	0	0	1
10914	29 Jul 25	01:58:00	1	0	53	0	Ct	0	0	0	0	0	0	0	2	0	1	3	0	0	0	2	3	0	1	0	1	1	0	0	0	0	4	0	0	0	0	0	0	0	0
10915	29 Jul 25	01:59:00	1	0	53	0	Ct	0	0	0	0	0	0	0	0	0	1	1	0	0	0	0	2	0	0	0	3	0	0	0	0	0	0	0	0	0	0	0	0	0	0
10916	29 Jul 25	02:00:00	1	0	53	0	Ct	0	0	0	0	2	0	0	5	0	1	2	0	1	0	0	2	0	3	0	2	0	0	0	0	0	2	0	0	0	0	0	0	2	0
10917	29 Jul 25	02:01:00	1	0	53	0	Ct	0	0	0	0	0	0	0	2	0	1	0	0	1	0	0	2	0	3	0	3	1	0	0	0	0	2	0	0	0	0	0	0	1	0
10918	29 Jul 25	02:02:00	1	0	53	0	Ct	0	0	0	0	0	0	0	1	0	0	1	0	0	0	0	2	2	1	0	0	1	0	0	0	0	3	0	0	0	0	0	0	2	0
10919	29 Jul 25	02:03:00	1	0	53	0	Ct	0	0	0	0	0	0	0	2	0	0	3	0	0	0	0	1	0	0	0	2	1	0	0	0	0	3	0	0	0	0	0	0	0	3
10920	29 Jul 25	02:04:00	1	0	53	0	Ct	0	0	0	0	0	0	0	12	0	1	1	0	0	0	0	0	0	2	0	1	0	0	0	0	0	1	0	0	0	0	0	0	0	2
10921	29 Jul 25	02:05:00	1	0	53	0	Ct	0	0	0	2	0	0	0	4	0	3	1	0	0	0	0	0	0	1	0	2	0	0	0	0	0	3	0	0	0	0	0	0	0	1
10922	29 Jul 25	02:06:00	1	0	53	0	Ct	0	0	0	1	0	0	0	4	1	3	0	0	0	0	0	1	0	0	0	2	0	0	0	0	0	2	0	0	0	0	0	0	0	1
10923	29 Jul 25	02:07:00	1	0	53	0	Ct	0	0	0	1	0	0	0	1	0	1	0	0	0	0	0	2	0	0	0	2	0	0	0	0	0	2	0	0	0	0	0	0	0	3
10924	29 Jul 25	02:08:00	1	0	53	0	Ct	0	0	0	2	0	0	0	0	0	2	2	0	0	0	0	4	0	0	0	1	0	0	0	0	0	2	0	0	0	0	0	0	0	1
10925	29 Jul 25	02:09:00	1	0	53	0	Ct	0	0	0	0	0	0	0	2	0	4	1	0	1	0	0	4	0	0	0	1	0	0	0	0	0	2	0	0	0	0	0	0	0	0
10926	29 Jul 25	02:10:00	1	0	53	0	Ct	0	0	0	0	0	0	0	5	0	1	1	0	0	0	0	2	0	0	3	2	0	0	1	0	0	2	0	0	0	0	0	0	0	1
10927	29 Jul 25	02:11:00	1	0	53	0	Ct	0	0	0	0	0	0	0	0	0	2	2	0	0	0	0	4	0	0	0	1	0	0	0	0	0	2	0	0	0	0	0	0	0	0
10928	29 Jul 25	02:12:00	1	0	53	0	Ct	0	0	0	0	0	0	0	0	0	4	3	0	0	0	0	0	0	0	0	1	0	0	0	0	0	2	0	0	0	0	0	0	0	2
10929	29 Jul 25	02:13:00	1	0	53	0	Ct	0	0	0	0	0	0	0	2	0	1	1	1	0	0	0	1	0	3	0	0	0	0	0	0	0	2	0	0	0	0	0	0	2	2
10930	29 Jul 25	02:14:00	1	0	53	0	Ct	0	0	0	0	0	0	0	6	2	1	2	0	0	0	0	5	0	4	0	0	0	0	0	0	0	2	0	0	0	0	0	0	0	0
10931	29 Jul 25	02:15:00	1	0	53	0	Ct	0	0	0	0	0	0	0	0	1	2	2	0	0	0	0	3	0	1	0	2	0	0	0	0	0	0	0	0	0	0	0	0	0	0
10932	29 Jul 25	02:16:00	1	0	53	0	Ct	0	0	0	0	0	0	0	0	2	2	3	0	0	0	0	2	0	3	0	1	0	0	0	0	0	3	0	0	0	0	0	0	0	6
10933	29 Jul 25	02:17:00	1	0	53	0	Ct	0	0	0	0	0	0	0	1	0	3	1	0	1	0	0	4	0	3	0	2	0	0	0	0	0	2	0	0	0	0	0	0	0	3
10934	29 Jul 25	02:18:00	1	0	53	0	Ct	0	0	0	0	0	0	0	3	0	2	4	0	0	2	0	4	0	2	0	1	0	0	0	0	0	2	0	0	0	0	0	0	0	2
10935	29 Jul 25	02:19:00	1	0	53	0	Ct	0	0	0	0	0	0	0	0	0	0	2	0	1	0	0	2	0	2	0	0	0	0	0	0	0	0	0	0	0	0	0	0	0	2
10936	29 Jul 25	02:20:00	1	0	53	0	Ct	0	0	0	0	0	0	0	0	0	2	3	2	0	0	0	3	0	1	0	2	0	0	0	0	0	0	0	0	0	0	0	0	0	1
10937	29 Jul 25	02:21:00	1	0	53	0	Ct	0	0	0	0	0	0	0	0	0	1	0	0	0	0	0	0	0	3	0	1	0	0	0	1	0	1	0	0	0	0	0	0	0	1
10938	29 Jul 25	02:22:00	1	0	53	0	Ct	0	0	0	0	0	2	0	0	0	2	3	1	1	0	0	0	0	3	0	1	0	0	0	2	0	1	0	0	0	0	0	0	0	2
10939	29 Jul 25	02:23:00	1	0	53	0	Ct	0	0	0	0	0	0	0	0	0	1	2	0	0	0	0	0	0	2	0	0	0	0	0	0	0	3	0	0	0	0	0	0	0	2
10940	29 Jul 25	02:24:00	1	0	53	0	Ct	0	0	0	0	0	0	0	0	0	0	1	0	0	0	0	2	0	4	0	2	0	0	0	0	0	0	0	0	0	0	0	0	0	2
10941	29 Jul 25	02:25:00	1	0	53	0	Ct	0	0	0	0	0	1	0	0	0	0	0	0	0	0	0	2	0	1	0	13	0	0	0	6	0	0	0	0	0	0	0	0	0	0
10942	29 Jul 25	02:26:00	1	0	53	0	Ct	0	0	0	0	0	2	0	1	0	0	2	0	0	0	0	0	0	0	0	4	0	0	0	5	0	1	0	0	0	0	0	0	0	1
10943	29 Jul 25	02:27:00	1	0	53	0	Ct	0	0	0	2	0	2	0	2	0	0	2	0	1	0	0	0	0	1	0	2	0	0	0	0	0	1	0	0	0	0	0	0	0	0
10944	29 Jul 25	02:28:00	1	0	53	0	Ct	0	0	0	0	0	0	0	0	0	0	2	0	0	0	0	0	0	0	0	2	0	0	0	0	0	0	0	0	0	0	0	0	0	0
10945	29 Jul 25	02:29:00	1	0	53	0	Ct	0	0	0	1	0	0	0	0	1	0	0	0	0	0	0	0	0	0	0	2	0	0	0	0	0	2	0	0	0	0	0	0	0	0
10946	29 Jul 25	02:30:00	1	0	53	0	Ct	0	0	0	1	0	0	0	0	0	0	1	0	0	0	0	0	0	0	0	2	0	0	0	0	0	1	0	0	0	0	0	0	2	0
10947	29 Jul 25	02:31:00	1	0	53	0	Ct	0	0	0	0	0	0	0	0	0	1	4	0	1	0	0	0	0	0	0	1	0	0	0	0	0	2	0	0	0	0	0	0	0	0
10948	29 Jul 25	02:32:00	1	0	53	0	Ct	0	0	0	0	0	0	0	2	0	3	1	0	0	0	0	0	0	0	0	0	0	0	0	0	0	2	0	0	0	0	0	0	0	0
10949	29 Jul 25	02:33:00	1	0	53	0	Ct	0	0	0	0	0	1	0	2	0	2	0	0	0	0	0	0	0	2	0	1	0	0	0	0	0	0	0	2	0	0	0	0	2	0
10950	29 Jul 25	02:34:00	1	0	53	0	Ct	0	0	0	0	0	1	0	0	0	2	3	0	0	0	2	1	0	0	0	1	0	0	0	0	0	2	0	0	0	0	0	0	0	0
10951	29 Jul 25	02:35:00	1	0	53	0	Ct	0	0	0	0	2	0	0	0	0	1	3	0	0	0	0	1	0	0	0	0	0	0	0	0	0	0	0	0	0	0	0	0	2	0
10952	29 Jul 25	02:36:00	1	0	53	0	Ct	0	0	0	0	0	0	0	2	0	2	2	0	0	0	0	0	0	4	0	0	0	0	0	0	0	2	0	0	0	0	0	0	0	0
10953	29 Jul 25	02:37:00	1	0	53	0	Ct	0	0	1	0	1	0	0	2	0	2	1	0	0	0	2	5	0	2	0	0	0	0	0	0	0	0	0	0	0	0	0	0	6	0
10954	29 Jul 25	02:38:00	1	0	53	0	Ct	0	0	1	0	1	0	0	1	0	2	2	0	0	0	0	0	0	2	0	0	0	0	0	0	0	0	0	0	0	0	0	0	6	0
10955	29 Jul 25	02:39:00	1	0	53	0	Ct	0	0	0	0	0	0	0	0	0	4	2	0	0	0	0	2	0	2	0	0	0	0	0	0	0	0	0	0	0	0	0	0	0	0
10956	29 Jul 25	02:40:00	1	0	53	0	Ct	0	0	0	2	0	0	0	0	0	3	2	0	0	0	0	1	0	4	0	0	0	0	0	0	0	0	0	0	0	0	0	0	0	2
10957	29 Jul 25	02:41:00	1	0	53	0	Ct	0	0	0	2	0	1	0	1	0	6	6	0	0	0	0	5	0	3	0	0	0	0	0	0	0	1	0	0	0	0	0	0	2	1
10958	29 Jul 25	02:42:00	1	0	53	0	Ct	0	0	0	0	0	1	0	1	0	1	3	0	0	0	0	0	0	3	0	0	0	0	0	0	0	0	0	0	0	0	0	0	3	0
10959	29 Jul 25	02:43:00	1	0	53	0	Ct	0	0	0	0	0	0	0	0	1	2	0	0	0	0	0	0	0	1	0	2	0	0	0	2	0	2	0	0	0	0	0	0	3	2
10960	29 Jul 25	02:44:00	1	0	53	0	Ct	0	0	0	0	0	0	0	0	0	0	2	0	0	0	1	0	0	0	0	0	0	0	0	0	0	0	0	0	0	0	0	0	1	2
10961	29 Jul 25	02:45:00	1	0	53	0	Ct	0	0	0	0	0	0	0	0	0	1	0	0	1	0	1	0	0	0	0	0	0	0	0	0	0	1	0	0	0	0	0	0	2	1
10962	29 Jul 25	02:46:00	1	0	53	0	Ct	0	0	0	0	0	0	0	0	0	0	0	0	0	0	2	3	0	0	0	0	0	0	0	0	0	1	0	0	0	0	0	0	0	0
10963	29 Jul 25	02:47:00	1	0	53	0	Ct	0	0	0	0	0	0	0	0	0	0	0	0	0	0	0	0	0	0	0	0	0	0	0	0	0	0	0	0	0	0	0	0	1	0
10964	29 Jul 25	02:48:00	1	0	53	0	Ct	0	0	0	0	0	0	0	0	0	1	3	0	0	0	0	4	0	0	0	0	0	0	0	0	0	3	0	0	0	0	0	0	5	0
10965	29 Jul 25	02:49:00	1	0	53	0	Ct	0	0	0	0	0	0	0	0	0	3	4	0	0	0	2	2	0	0	0	0	0	0	0	0	0	2	0	0	0	0	0	0	5	0
10966	29 Jul 25	02:50:00	1	0	53	0	Ct	0	0	0	0	0	0	0	0	0	2	1	0	0	0	2	1	0	1	0	0	0	0	0	0	0	0	0	0	0	0	0	0	1	2
10967	29 Jul 25	02:51:00	1	0	53	0	Ct	0	0	0	1	0	0	0	0	0	4	0	0	1	0	0	0	0	0	0	0	0	0	0	0	0	3	0	0	0	0	0	0	1	0
10968	29 Jul 25	02:52:00	1	0	53	0	Ct	0	0	0	0	0	0	0	0	0	4	2	0	0	0	0	2	0	3	0	0	0	0	0	0	0	0	0	0	0	0	0	0	1	0
10969	29 Jul 25	02:53:00	1	0	53	0	Ct	0	0	0	0	0	0	0	2	0	2	3	0	0	0	0	0	0	3	0	0	0	0	0	0	0	2	0	0	0	0	0	0	2	1
10970	29 Jul 25	02:54:00	1	0	53	0	Ct	0	0	0	0	0	0	0	0	0	3	0	0	0	0	0	0	0	3	0	0	0	0	0	0	0	0	0	0	0	0	0	0	2	0
10971	29 Jul 25	02:55:00	1	0	53	0	Ct	0	0	0	1	0	0	0	0	0	3	2	0	0	0	0	0	0	5	0	0	0	0	0	0	0	2	0	0	0	0	0	0	2	0
10972	29 Jul 25	02:56:00	1	0	53	0	Ct	0	0	0	5	0	0	0	0	0	2	2	0	0	0	0	0	0	4	0	0	0	0	0	0	0	0	0	0	0	0	0	0	2	0
10973	29 Jul 25	02:57:00	1	0	53	0	Ct	0	0	0	5	0	0	0	1	0	3	4	0	0	0	0	0	0	2	0	0	0	0	0	0	0	2	2	0	0	0	0	0	4	0
10974	29 Jul 25	02:58:00	1	0	53	0	Ct	0	0	3	3	0	0	0	2	0	4	2	0	0	0	0	5	0	2	0	0	0	0	0	0	0	2	0	0	0	0	0	0	3	0
10975	29 Jul 25	02:59:00	1	0	53	0	Ct	0	0	0	3	0	0	0	1	0	2	2	0	0	0	0	5	0	2	0	0	0	0	0	0	0	1	0	0	0	0	0	0	3	0
10976	29 Jul 25	03:00:00	1	0	53	0	Ct	0	0	0	5	0	0	0	1	0	2	4	0	0	0	2	4	0	3	1	0	0	0	0	0	0	2	3	0	0	0	0	0	3	0
10977	29 Jul 25	03:01:00	1	0	53	0	Ct	0	0	1	3	0	0	0	2	0	2	2	0	0	0	0	6	0	1	3	0	0	0	0	0	0	1	2	0	0	0	0	0	2	0
10978	29 Jul 25	03:02:00	1	0	53	0	Ct	0	0	0	2	0	0	0	0	0	1	1	0	0	0	0	4	0	2	0	0	0	0	0	0	0	0	0	0	0	0	0	0	0	2
10979	29 Jul 25	03:03:00	1	0	53	0	Ct	0	0	0	1	0	0	0	0	0	1	0	0	1	0	0	2	0	3	0	0	0	0	0	0	0	0	0	0	0	0	0	0	0	1
10980	29 Jul 25	03:04:00	1	0	53	0	Ct	0	0	0	0	0	0	0	0	0	3	3	0	0	0	0	0	0	3	0	0	0	0	0	0	0	0	0	0	0	0	0	0	2	0
10981	29 Jul 25	03:05:00	1	0	53	0	Ct	0	0	0	2	0	0	0	0	0	4	1	0	0	0	0	4	0	3	0	0	0	0	0	0	0	1	0	0	0	0	0	0	3	0
10982	29 Jul 25	03:06:00	1	0	53	0	Ct	0	0	0	0	0	0	0	0	0	2	3	0	0	0	0	2	0	1	0	0	0	0	0	0	0	2	0	0	0	0	0	0	4	2
10983	29 Jul 25	03:07:00	1	0	53	0	Ct	0	0	0	0	0	0	0	0	0	2	1	0	0	0	0	2	0	4	0	0	0	0	0	0	0	1	0	0	0	0	1	0	4	0
10984	29 Jul 25	03:08:00	1	0	53	0	Ct	0	0	0	2	0	0	0	0	0	1	0	0	0	0	0	0	0	2	0	0	0	0	0	0	0	0	0	0	0	0	1	0	5	1
10985	29 Jul 25	03:09:00	1	0	53	0	Ct	0	0	0	2	0	0	0	0	0	0	0	0	0	0	0	0	0	5	0	0	0	0	0	1	0	0	0	0	0	0	0	0	4	3
10986	29 Jul 25	03:10:00	1	0	53	0	Ct	0	0	0	3	0	0	0	0	0	0	0	0	0	0	1	0	0	3	0	0	2	0	0	1	0	0	0	2	0	0	0	0	3	0
10987	29 Jul 25	03:11:00	1	0	53	0	Ct	0	0	0	2	0	0	0	0	0	1	0	0	2	0	1	2	0	4	0	0	0	0	0	0	0	0	0	0	0	0	0	0	0	2
10988	29 Jul 25	03:12:00	1	0	53	0	Ct	0	0	0	3	0	0	0	0	0	2	1	0	0	0	0	5	0	1	0	0	0	0	0	0	0	0	0	0	0	0	0	0	4	0
10989	29 Jul 25	03:13:00	1	0	53	0	Ct	0	0	0	0	0	0	0	0	0	3	0	0	0	0	0	3	0	1	0	0	1	0	0	0	0	0	0	0	0	0	0	0	2	0
10990	29 Jul 25	03:14:00	1	0	53	0	Ct	0	0	0	4	0	0	0	0	0	2	0	0	0	0	0	4	0	0	0	0	3	0	0	0	0	2	0	0	0	0	0	0	3	2
10991	29 Jul 25	03:15:00	1	0	53	0	Ct	0	0	0	2	0	0	0	1	0	3	0	0	0	0	0	4	0	0	0	0	0	0	0	0	0	2	0	0	0	0	0	0	2	0
10992	29 Jul 25	03:16:00	1	0	53	0	Ct	0	0	0	3	0	0	0	2	0	2	0	0	0	0	0	2	0	3	0	0	0	0	0	0	0	0	0	0	0	0	0	0	2	0
10993	29 Jul 25	03:17:00	1	0	53	0	Ct	0	0	0	2	0	0	0	2	0	2	0	0	0	0	0	4	0	0	0	0	0	0	0	0	0	2	0	0	0	0	0	0	4	2
10994	29 Jul 25	03:18:00	1	0	53	0	Ct	0	0	0	1	0	0	0	0	0	1	0	0	0	2	0	1	0	1	0	0	0	0	0	0	0	0	0	0	0	0	0	0	3	1
10995	29 Jul 25	03:19:00	1	0	53	0	Ct	0	0	0	2	0	0	0	0	0	1	0	0	0	0	0	1	0	1	0	0	0	0	0	1	0	1	0	0	0	0	0	0	0	1
10996	29 Jul 25	03:20:00	1	0	53	0	Ct	0	0	0	1	0	0	0	0	0	0	0	0	0	0	0	3	0	3	0	0	0	0	0	0	0	1	0	0	0	0	0	0	1	0
10997	29 Jul 25	03:21:00	1	0	53	0	Ct	0	0	0	0	0	0	0	0	0	1	0	0	0	0	0	0	0	1	0	0	0	0	0	1	0	2	0	0	0	0	0	0	3	0
10998	29 Jul 25	03:22:00	1	0	53	0	Ct	0	0	0	0	0	0	0	1	0	2	0	0	0	0	0	1	0	4	0	0	0	0	0	1	0	0	0	0	0	0	0	0	4	0
10999	29 Jul 25	03:23:00	1	0	53	0	Ct	0	0	0	0	0	0	0	1	0	1	0	0	0	0	0	0	0	4	0	0	0	0	0	0	0	1	0	0	0	0	0	0	3	0
11000	29 Jul 25	03:24:00	1	0	53	0	Ct	0	0	0	3	0	0	0	0	0	2	0	0	1	0	0	0	0	1	0	0	0	0	0	0	0	1	0	0	0	0	0	0	0	0
11001	29 Jul 25	03:25:00	1	0	53	0	Ct	0	0	0	1	0	0	0	1	0	1	0	0	0	2	0	0	0	1	0	0	0	0	0	0	0	0	0	0	0	0	0	0	4	0
11002	29 Jul 25	03:26:00	1	0	53	0	Ct	0	0	0	4	0	0	0	0	0	1	0	0	2	0	0	0	0	4	0	0	0	0	0	0	0	0	0	0	0	0	0	0	2	0
11003	29 Jul 25	03:27:00	1	0	53	0	Ct	0	0	0	2	0	0	0	2	0	5	0	0	0	0	0	2	0	2	0	2	0	0	0	0	0	0	0	0	0	0	0	0	1	1
11004	29 Jul 25	03:28:00	1	0	53	0	Ct	0	0	0	4	0	0	0	1	0	2	0	0	0	0	0	2	0	3	3	0	0	0	0	1	0	0	0	0	0	0	0	0	6	3
11005	29 Jul 25	03:29:00	1	0	53	0	Ct	0	0	0	1	0	0	0	3	0	1	0	0	0	0	0	3	0	1	3	0	0	0	0	0	0	0	0	0	0	0	0	0	0	2
11006	29 Jul 25	03:30:00	1	0	53	0	Ct	0	0	0	3	0	0	0	3	0	1	0	0	0	0	0	3	0	2	0	0	0	0	0	0	0	0	0	0	0	0	0	0	0	0
11007	29 Jul 25	03:31:00	1	0	53	0	Ct	0	0	0	3	0	0	0	2	0	1	2	0	0	0	0	1	0	2	0	1	0	0	0	0	0	0	0	0	0	0	0	0	3	0
11008	29 Jul 25	03:32:00	1	0	53	0	Ct	0	0	0	0	0	0	0	0	0	3	3	0	0	0	0	0	0	2	0	0	0	0	0	0	0	0	0	1	0	0	0	0	2	1
11009	29 Jul 25	03:33:00	1	0	53	0	Ct	0	0	0	0	0	0	0	3	0	4	4	0	0	0	0	3	0	4	0	1	0	0	0	0	0	0	0	1	0	0	0	0	4	1
11010	29 Jul 25	03:34:00	1	0	53	0	Ct	0	0	0	2	0	0	0	9	0	3	3	0	0	0	0	2	0	0	0	0	0	0	0	0	0	0	2	1	0	0	0	0	3	2
11011	29 Jul 25	03:35:00	1	0	53	0	Ct	0	0	0	3	0	0	0	6	0	2	1	0	0	0	0	1	0	2	0	0	0	0	0	0	0	0	0	0	0	0	0	0	0	1
11012	29 Jul 25	03:36:00	1	0	53	0	Ct	0	0	0	4	0	0	0	5	0	0	0	0	0	0	0	1	0	0	0	0	0	0	0	1	0	0	0	0	0	0	0	0	3	0
11013	29 Jul 25	03:37:00	1	0	53	0	Ct	0	0	0	3	0	1	0	3	0	2	0	0	0	0	1	2	0	2	0	0	0	0	0	0	0	0	0	0	0	0	0	0	2	0
11014	29 Jul 25	03:38:00	1	0	53	0	Ct	0	0	0	1	0	1	0	4	0	2	0	0	0	0	11	1	0	0	0	0	0	0	0	0	0	1	0	1	0	0	0	0	3	1
11015	29 Jul 25	03:39:00	1	0	53	0	Ct	0	0	0	3	0	0	0	6	0	1	0	0	0	0	25	4	0	0	0	0	0	0	0	0	0	1	0	0	0	0	0	0	2	0
11016	29 Jul 25	03:40:00	1	0	53	0	Ct	0	0	0	0	0	0	0	2	0	2	0	0	0	2	24	2	0	0	0	0	0	0	0	0	0	0	0	0	0	0	0	0	2	0
11017	29 Jul 25	03:41:00	1	0	53	0	Ct	0	0	0	2	0	0	0	6	0	0	0	0	1	0	2	0	0	0	0	0	0	0	0	0	0	0	0	0	0	0	0	0	3	2
11018	29 Jul 25	03:42:00	1	0	53	0	Ct	0	0	0	0	0	0	0	1	0	4	1	0	0	0	1	0	0	0	0	0	0	0	0	0	0	1	2	0	0	0	0	0	2	0
11019	29 Jul 25	03:43:00	1	0	53	0	Ct	0	0	0	0	0	5	0	3	0	1	1	0	0	0	1	0	0	0	0	0	0	0	0	0	0	3	0	0	0	0	0	0	1	1
11020	29 Jul 25	03:44:00	1	0	53	0	Ct	0	0	0	0	0	0	0	2	0	0	1	0	0	0	3	0	0	0	0	0	0	0	0	0	0	1	0	0	0	0	0	0	0	1
11021	29 Jul 25	03:45:00	1	0	53	0	Ct	0	0	0	2	0	0	0	3	0	0	0	0	0	0	2	0	0	0	0	0	0	0	0	0	0	0	0	0	0	0	0	0	0	1
11022	29 Jul 25	03:46:00	1	0	53	0	Ct	0	0	0	0	0	0	0	2	0	0	0	0	0	0	4	2	0	2	0	0	0	0	0	0	0	2	0	0	0	0	0	0	1	0
11023	29 Jul 25	03:47:00	1	0	53	0	Ct	0	0	0	2	0	0	0	2	0	0	0	0	0	0	1	2	0	0	0	0	0	0	0	0	0	0	0	0	0	0	0	0	3	0
11024	29 Jul 25	03:48:00	1	0	53	0	Ct	0	0	0	4	0	0	0	0	0	0	0	0	0	0	0	1	0	2	0	0	0	0	0	0	0	0	0	0	0	0	0	0	3	0
11025	29 Jul 25	03:49:00	1	0	53	0	Ct	0	0	0	2	0	0	0	0	0	0	0	0	0	0	0	1	0	3	0	0	0	0	0	3	0	0	1	0	0	0	0	0	3	0
11026	29 Jul 25	03:50:00	1	0	53	0	Ct	0	0	0	2	0	0	0	4	0	0	0	0	0	0	0	1	0	4	0	0	0	0	0	1	0	0	0	0	0	0	0	0	3	0
11027	29 Jul 25	03:51:00	1	0	53	0	Ct	0	0	0	2	0	0	0	3	0	1	0	0	0	0	0	1	0	2	0	0	0	0	0	1	0	0	1	0	0	0	0	0	1	0
11028	29 Jul 25	03:52:00	1	0	53	0	Ct	0	0	0	2	0	0	0	2	0	2	0	0	0	0	1	1	0	3	0	0	0	0	0	0	0	0	0	0	0	0	0	0	2	0
11029	29 Jul 25	03:53:00	1	0	53	0	Ct	0	0	0	2	0	0	0	2	0	1	0	0	0	0	2	2	0	2	0	0	0	0	0	1	0	0	2	0	0	0	0	0	2	0
11030	29 Jul 25	03:54:00	1	0	53	0	Ct	0	0	0	0	0	0	0	0	0	0	0	0	0	0	0	2	0	3	0	0	0	0	0	2	0	0	2	0	0	0	0	0	3	0
11031	29 Jul 25	03:55:00	1	0	53	0	Ct	0	0	2	1	0	0	0	2	1	0	0	0	0	0	0	0	0	3	0	0	0	0	0	2	0	0	1	0	0	0	0	0	2	0
11032	29 Jul 25	03:56:00	1	0	53	0	Ct	0	0	0	1	0	0	0	0	1	0	0	0	0	0	0	0	0	2	0	0	0	0	0	1	0	0	0	0	0	0	0	0	2	0
11033	29 Jul 25	03:57:00	1	0	53	0	Ct	0	0	0	3	0	0	0	0	0	0	0	0	0	0	0	0	0	2	0	0	0	0	0	0	0	0	0	0	0	0	0	0	4	0
11034	29 Jul 25	03:58:00	1	0	53	0	Ct	0	0	0	3	0	0	0	1	0	0	0	0	0	0	0	0	0	2	0	0	0	0	0	2	0	0	1	0	0	0	0	0	4	0
11035	29 Jul 25	03:59:00	1	0	53	0	Ct	0	0	0	2	0	0	0	1	0	0	0	0	0	0	0	0	0	2	0	0	0	0	0	2	0	0	2	0	0	0	0	0	3	0
11036	29 Jul 25	04:00:00	1	0	53	0	Ct	0	0	0	0	0	0	0	2	0	0	0	0	0	0	2	3	0	2	0	0	0	0	0	0	0	0	2	0	0	0	0	0	6	0
11037	29 Jul 25	04:01:00	1	0	53	0	Ct	0	0	0	3	0	0	0	0	0	0	1	0	0	0	0	1	0	3	0	0	0	0	0	1	0	0	1	0	0	0	0	0	2	0
11038	29 Jul 25	04:02:00	1	0	53	0	Ct	0	0	0	2	0	0	0	2	0	0	2	0	0	0	0	1	0	2	0	0	0	0	0	1	0	0	1	0	0	0	0	0	2	0
11039	29 Jul 25	04:03:00	1	0	53	0	Ct	0	0	0	3	0	0	0	0	0	0	3	0	0	0	0	1	0	4	0	0	0	0	0	2	0	0	2	0	0	0	0	0	1	2
11040	29 Jul 25	04:04:00	1	0	53	0	Ct	0	0	0	2	0	1	0	0	0	0	3	0	0	0	0	1	0	2	2	0	0	0	0	1	0	0	0	0	0	0	0	0	2	0
11041	29 Jul 25	04:05:00	1	0	53	0	Ct	0	0	0	1	1	1	0	0	0	0	2	0	0	0	0	1	0	3	0	0	0	0	0	1	0	0	0	0	0	0	0	0	2	0
11042	29 Jul 25	04:06:00	1	0	53	0	Ct	0	0	0	0	1	1	0	0	0	0	2	0	0	0	0	1	0	2	0	0	1	0	0	0	0	2	0	0	0	0	0	0	2	0
11043	29 Jul 25	04:07:00	1	0	53	0	Ct	0	0	0	1	1	0	0	2	0	0	1	0	0	0	0	0	0	2	0	0	3	0	0	1	0	0	0	0	0	0	0	0	4	0
11044	29 Jul 25	04:08:00	1	0	53	0	Ct	0	0	2	3	1	0	0	4	0	0	4	0	0	0	0	2	0	3	0	0	0	0	0	3	0	2	0	0	0	0	0	0	4	0
11045	29 Jul 25	04:09:00	1	0	53	0	Ct	0	0	0	0	0	0	0	2	0	0	3	0	0	0	0	4	0	2	0	0	0	0	0	2	0	0	0	0	0	0	0	0	4	0
11046	29 Jul 25	04:10:00	1	0	53	0	Ct	0	0	1	4	0	0	2	2	0	0	4	0	0	0	0	1	0	0	0	0	0	0	0	2	0	0	0	0	0	0	0	0	3	0
11047	29 Jul 25	04:11:00	1	0	53	0	Ct	0	0	0	0	0	0	0	5	0	0	1	0	0	0	0	4	0	0	0	0	0	0	0	2	0	0	0	0	0	0	0	0	1	0
11048	29 Jul 25	04:12:00	1	0	53	0	Ct	0	0	1	3	0	0	0	9	0	0	1	0	0	0	0	3	0	0	0	0	1	0	0	1	0	0	0	0	0	0	0	0	0	0
11049	29 Jul 25	04:13:00	1	0	53	0	Ct	0	0	0	3	0	0	1	2	0	0	1	0	0	0	2	3	0	0	0	0	0	0	0	3	0	0	0	0	0	0	2	0	2	0
11050	29 Jul 25	04:14:00	1	0	53	0	Ct	0	0	0	0	0	0	0	2	0	0	0	0	0	0	0	2	0	3	0	0	0	0	0	0	0	0	0	0	0	0	1	0	2	0
11051	29 Jul 25	04:15:00	1	0	53	0	Ct	0	0	1	0	0	0	0	0	0	0	1	0	0	0	0	1	0	4	0	0	0	0	0	2	0	0	0	0	0	0	0	0	2	0
11052	29 Jul 25	04:16:00	1	0	53	0	Ct	0	0	4	1	0	0	0	0	0	0	1	0	0	0	0	2	0	1	0	0	1	0	0	2	0	0	0	0	0	0	0	0	2	0
11053	29 Jul 25	04:17:00	1	0	53	0	Ct	0	0	3	2	0	0	1	0	0	0	3	0	0	0	0	2	0	1	0	0	0	0	0	1	0	0	0	0	0	0	0	0	2	0
11054	29 Jul 25	04:18:00	1	0	53	0	Ct	0	0	4	1	0	0	0	0	0	0	2	0	0	0	0	1	0	2	0	0	0	0	0	0	0	0	4	0	0	0	0	0	5	0
11055	29 Jul 25	04:19:00	1	0	53	0	Ct	0	0	2	2	0	0	0	1	0	0	4	0	0	0	0	1	0	2	0	0	0	0	0	6	0	0	0	0	0	0	0	0	4	0
11056	29 Jul 25	04:20:00	1	0	53	0	Ct	0	0	3	1	0	0	0	1	0	0	1	0	0	0	0	1	0	1	0	0	0	0	0	2	0	0	0	0	0	0	0	0	3	3
11057	29 Jul 25	04:21:00	1	0	53	0	Ct	0	0	3	1	0	0	0	0	0	0	1	0	1	0	0	1	0	2	0	0	0	0	0	1	0	0	0	0	0	0	0	0	2	0
11058	29 Jul 25	04:22:00	1	0	53	0	Ct	0	0	3	2	0	0	0	0	0	0	4	0	1	0	0	1	0	3	0	0	0	0	0	1	0	0	0	0	0	0	0	0	1	1
11059	29 Jul 25	04:23:00	1	0	53	0	Ct	0	0	2	0	0	0	0	0	0	0	7	0	0	0	0	0	0	2	0	0	0	0	0	2	0	0	1	0	0	0	0	0	1	0
11060	29 Jul 25	04:24:00	1	0	53	0	Ct	0	0	4	2	0	0	0	0	0	0	2	0	0	0	0	4	0	4	0	0	2	0	0	1	0	0	4	0	0	0	0	0	1	0
11061	29 Jul 25	04:25:00	1	0	53	0	Ct	0	0	3	0	1	0	0	0	0	0	3	0	0	0	0	2	0	1	0	0	0	0	0	0	0	0	0	0	0	0	0	0	2	0
11062	29 Jul 25	04:26:00	1	0	53	0	Ct	0	0	4	2	4	0	1	0	0	0	6	0	0	0	0	1	0	0	0	0	2	0	0	2	0	0	0	0	0	0	0	0	2	0
11063	29 Jul 25	04:27:00	1	0	53	0	Ct	0	0	4	2	1	0	1	1	0	0	1	0	0	0	0	6	0	2	0	0	0	0	0	1	0	0	0	0	0	0	0	0	3	0
11064	29 Jul 25	04:28:00	1	0	53	0	Ct	0	0	4	0	3	0	1	0	0	0	3	0	0	0	0	4	0	4	0	0	0	0	0	3	0	0	2	0	0	0	0	0	3	0
11065	29 Jul 25	04:29:00	1	0	53	0	Ct	0	0	3	1	4	0	2	0	0	0	1	0	0	1	0	0	0	3	0	0	0	0	0	3	0	0	0	0	0	0	0	0	2	1
11066	29 Jul 25	04:30:00	1	0	53	0	Ct	0	0	3	1	1	0	4	0	0	0	2	0	1	0	0	3	0	1	0	0	0	0	0	3	0	0	0	0	0	0	0	0	2	1
11067	29 Jul 25	04:31:00	1	0	53	0	Ct	0	0	4	1	4	0	0	0	0	0	1	0	1	0	0	3	0	1	0	0	0	0	0	2	0	0	0	0	0	0	0	0	0	0
11068	29 Jul 25	04:32:00	1	0	53	0	Ct	0	0	4	2	1	0	0	1	0	0	2	0	1	0	0	4	0	3	0	0	0	0	0	0	0	0	0	0	0	0	0	0	0	0
11069	29 Jul 25	04:33:00	1	0	53	0	Ct	0	0	4	0	2	0	0	0	0	0	2	0	2	0	0	3	0	0	0	0	0	0	0	1	0	0	0	0	0	0	0	0	2	0
11070	29 Jul 25	04:34:00	1	0	53	0	Ct	0	0	5	0	4	0	0	0	0	0	1	0	6	1	0	3	0	2	2	0	0	0	0	2	0	0	0	0	0	0	0	0	3	3
11071	29 Jul 25	04:35:00	1	0	53	0	Ct	0	0	4	0	3	0	0	0	0	0	2	0	2	0	0	3	0	1	0	0	0	0	0	0	0	0	0	0	0	0	0	0	2	1
11072	29 Jul 25	04:36:00	1	0	53	0	Ct	0	0	7	2	3	0	0	0	0	0	1	0	1	0	0	2	0	1	0	0	0	0	0	3	0	0	0	0	0	0	0	0	1	2
11073	29 Jul 25	04:37:00	1	0	53	0	Ct	0	0	4	3	4	0	0	0	0	0	1	0	2	0	0	2	0	0	0	0	0	0	0	2	0	1	0	2	0	0	0	0	3	1
11074	29 Jul 25	04:38:00	1	0	53	0	Ct	0	0	5	1	0	0	0	0	0	0	3	0	1	0	0	2	0	0	1	0	0	0	0	2	0	1	0	0	0	0	0	0	3	1
11075	29 Jul 25	04:39:00	1	0	53	0	Ct	0	0	2	3	1	0	0	2	0	0	1	0	5	0	0	2	0	0	0	0	0	0	0	2	0	2	0	0	0	0	0	0	4	1
11076	29 Jul 25	04:40:00	1	0	53	0	Ct	0	0	2	0	1	0	0	2	0	0	3	0	4	0	0	2	0	1	0	0	0	0	0	2	0	3	0	0	0	0	0	0	2	3
11077	29 Jul 25	04:41:00	1	0	53	0	Ct	0	0	2	2	3	0	0	1	0	0	0	0	4	0	0	3	0	5	0	0	0	0	0	5	0	2	0	0	0	0	0	0	2	1
11078	29 Jul 25	04:42:00	1	0	53	0	Ct	0	0	3	3	5	0	0	1	0	0	1	0	2	0	0	3	0	4	0	0	0	0	0	0	0	1	0	0	0	0	0	0	2	2
11079	29 Jul 25	04:43:00	1	0	53	0	Ct	0	0	3	2	2	0	0	5	0	0	0	0	3	0	0	0	0	0	0	0	0	0	0	0	0	1	0	2	0	0	0	0	0	2
11080	29 Jul 25	04:44:00	1	0	53	0	Ct	0	0	4	0	3	0	0	2	0	0	2	0	2	0	0	0	0	2	0	0	0	0	0	0	0	4	0	0	0	0	0	0	2	1
11081	29 Jul 25	04:45:00	1	0	53	0	Ct	0	0	4	1	4	1	0	2	0	0	4	0	3	0	0	0	0	2	0	2	0	0	0	3	0	2	0	0	0	0	0	0	1	3
11082	29 Jul 25	04:46:00	1	0	53	0	Ct	0	0	3	2	1	1	0	2	0	0	0	0	3	0	0	1	0	2	0	3	0	0	0	2	0	3	1	0	0	0	0	0	5	2
11083	29 Jul 25	04:47:00	1	0	53	0	Ct	0	0	2	1	3	0	0	1	0	0	2	0	1	0	0	2	0	3	0	1	0	0	1	1	0	1	1	0	0	0	0	0	4	1
11084	29 Jul 25	04:48:00	1	0	53	0	Ct	0	0	3	2	1	0	0	1	0	0	3	0	4	1	3	3	0	3	0	0	0	0	1	1	0	3	0	0	0	0	0	0	3	0
11085	29 Jul 25	04:49:00	1	0	53	0	Ct	0	0	3	3	0	0	0	0	0	0	1	0	2	0	0	2	0	2	0	2	0	0	0	1	0	0	0	0	0	0	0	0	2	0
11086	29 Jul 25	04:50:00	1	0	53	0	Ct	0	0	5	1	0	0	0	2	0	0	0	0	2	1	4	2	0	1	0	0	0	0	0	3	0	2	0	0	0	0	0	0	3	0
11087	29 Jul 25	04:51:00	1	0	53	0	Ct	0	0	3	0	3	0	0	0	0	0	1	0	2	2	3	0	0	4	0	0	0	0	0	1	0	1	0	0	0	0	0	0	0	0
11088	29 Jul 25	04:52:00	1	0	53	0	Ct	0	0	1	1	1	0	0	0	0	0	1	0	4	0	1	0	0	0	0	0	0	0	0	2	0	1	0	0	0	0	0	0	3	0
11089	29 Jul 25	04:53:00	1	0	53	0	Ct	0	0	2	0	0	0	0	1	0	0	4	0	2	0	0	1	0	3	0	0	0	0	0	2	0	2	0	0	0	0	0	0	2	0
11090	29 Jul 25	04:54:00	1	0	53	0	Ct	0	0	0	1	0	0	0	0	0	0	1	0	3	0	2	2	0	1	1	0	0	0	0	2	0	1	0	0	0	0	0	0	3	4
11091	29 Jul 25	04:55:00	1	0	53	0	Ct	0	0	3	2	1	0	0	2	0	0	3	0	2	0	0	2	0	2	0	0	0	0	0	4	0	4	0	0	0	0	0	0	2	3
11092	29 Jul 25	04:56:00	1	0	53	0	Ct	0	0	1	3	5	0	6	2	0	0	4	0	2	0	0	0	0	0	0	0	0	0	0	1	0	1	0	0	0	0	2	0	3	1
11093	29 Jul 25	04:57:00	1	0	53	0	Ct	0	0	4	1	3	0	2	1	0	0	17	1	2	0	2	1	0	3	0	0	0	0	0	2	0	2	0	0	0	0	0	0	3	0
11094	29 Jul 25	04:58:00	1	0	53	0	Ct	0	0	3	2	2	0	1	1	0	0	4	1	2	0	0	2	0	3	0	2	0	0	0	1	0	0	0	0	0	0	0	0	1	0
11095	29 Jul 25	04:59:00	1	0	53	0	Ct	0	0	3	1	4	0	0	3	0	0	2	0	0	0	0	0	0	3	0	1	0	0	0	1	0	2	0	0	0	0	0	0	0	1
11096	29 Jul 25	05:00:00	1	0	53	0	Ct	0	0	5	1	4	0	0	0	0	0	1	0	1	0	1	0	0	1	0	4	0	0	0	2	0	0	0	0	0	0	0	0	0	3
11097	29 Jul 25	05:01:00	1	0	53	0	Ct	0	0	4	3	2	0	0	2	0	0	0	0	3	0	4	1	0	2	0	0	0	0	0	2	0	3	0	0	0	0	0	0	0	2
11098	29 Jul 25	05:02:00	1	0	53	0	Ct	0	0	4	0	1	0	0	2	0	0	0	0	2	0	2	3	0	1	0	0	0	0	0	3	0	2	0	0	0	0	0	0	1	0
11099	29 Jul 25	05:03:00	1	0	53	0	Ct	0	0	4	0	1	0	0	0	0	0	0	0	4	0	3	0	0	5	0	3	0	0	2	0	0	0	0	0	0	0	0	0	2	1
11100	29 Jul 25	05:04:00	1	0	53	0	Ct	0	0	2	0	1	1	0	0	0	0	0	0	2	3	3	3	0	1	0	1	1	0	4	2	0	0	0	0	0	0	0	0	1	2
11101	29 Jul 25	05:05:00	1	0	53	0	Ct	0	0	3	0	1	1	0	1	0	0	0	0	0	2	2	4	0	3	0	11	1	0	3	3	0	0	0	0	0	0	0	0	1	2
11102	29 Jul 25	05:06:00	1	0	53	0	Ct	0	0	2	3	2	2	0	0	0	0	0	0	1	0	2	1	0	3	0	13	0	0	16	1	0	0	0	0	0	0	0	0	1	1
11103	29 Jul 25	05:07:00	1	0	53	0	Ct	0	0	2	3	1	0	0	1	0	0	0	0	4	0	4	3	0	0	0	1	0	0	2	3	0	0	1	0	0	0	0	0	0	0
11104	29 Jul 25	05:08:00	1	0	53	0	Ct	0	0	1	0	1	0	0	5	0	0	0	0	1	0	2	1	0	1	0	3	0	0	3	2	0	0	1	0	0	0	0	0	3	0
11105	29 Jul 25	05:09:00	1	0	53	0	Ct	0	0	3	0	2	2	0	1	0	0	0	0	3	0	4	2	0	1	0	0	0	0	4	2	0	1	0	0	0	0	0	0	2	0
11106	29 Jul 25	05:10:00	1	0	53	0	Ct	0	0	3	0	2	2	0	1	0	0	0	0	1	0	3	1	0	2	0	4	0	0	4	3	0	1	0	0	0	0	0	0	3	0
11107	29 Jul 25	05:11:00	1	0	53	0	Ct	0	0	2	2	3	1	0	1	0	0	0	0	4	0	3	5	0	3	0	2	0	0	3	2	0	2	0	0	0	0	0	0	2	0
11108	29 Jul 25	05:12:00	1	0	53	0	Ct	0	0	3	2	0	0	0	2	1	0	1	0	1	0	4	3	0	1	0	1	0	0	3	2	0	0	0	0	0	0	0	0	3	1
11109	29 Jul 25	05:13:00	1	0	53	0	Ct	0	0	5	0	2	2	0	2	1	0	2	0	3	0	3	3	0	1	0	1	0	0	3	2	0	1	0	0	0	0	0	0	3	3
11110	29 Jul 25	05:14:00	1	0	53	0	Ct	0	0	3	2	1	0	0	0	3	0	0	0	5	1	0	1	0	1	0	3	0	0	3	1	0	0	0	0	0	0	0	0	1	0
11111	29 Jul 25	05:15:00	1	0	53	0	Ct	0	0	3	0	2	1	0	0	1	0	2	0	2	0	0	3	0	2	0	5	0	0	4	2	0	0	0	6	0	0	0	0	3	2
11112	29 Jul 25	05:16:00	1	0	53	0	Ct	0	0	2	2	2	3	0	0	0	0	3	0	1	2	1	6	0	1	0	1	0	0	2	18	0	0	0	2	0	0	0	0	3	1
11113	29 Jul 25	05:17:00	1	0	53	0	Ct	0	0	2	2	3	1	2	0	0	0	2	0	1	4	2	3	0	3	0	0	0	0	3	14	0	0	0	2	0	0	0	0	2	1
11114	29 Jul 25	05:18:00	1	0	53	0	Ct	0	0	1	2	5	1	2	1	1	0	2	0	1	0	3	3	0	1	0	2	0	0	4	2	0	0	0	9	0	0	0	0	0	2
11115	29 Jul 25	05:19:00	1	0	53	0	Ct	0	0	2	2	1	2	4	1	3	0	2	0	2	0	1	2	0	0	0	1	0	0	4	0	0	0	0	1	0	0	0	0	0	2
11116	29 Jul 25	05:20:00	1	0	53	0	Ct	0	0	2	3	1	2	2	3	0	0	5	0	2	2	3	6	0	3	0	0	1	0	5	2	0	0	0	2	0	0	0	0	0	1
11117	29 Jul 25	05:21:00	1	0	53	0	Ct	0	0	1	1	0	3	2	1	0	0	2	0	3	0	1	5	0	3	1	2	0	0	4	2	0	0	0	2	0	0	0	0	0	2
11118	29 Jul 25	05:22:00	1	0	53	0	Ct	0	0	3	2	2	3	2	0	0	0	1	0	4	0	2	1	0	1	0	0	2	0	2	2	0	2	0	2	0	0	2	0	1	2
11119	29 Jul 25	05:23:00	1	0	53	0	Ct	0	0	0	2	0	4	2	1	0	0	3	0	2	2	1	4	0	1	3	0	0	0	2	1	0	2	0	1	0	0	3	0	2	2
11120	29 Jul 25	05:24:00	1	0	53	0	Ct	0	0	2	1	4	3	3	2	0	0	5	0	3	0	1	2	0	0	0	0	1	0	2	0	0	0	0	1	0	0	2	0	2	1
11121	29 Jul 25	05:25:00	1	0	53	0	Ct	0	0	1	1	2	3	2	0	0	0	1	0	4	1	4	1	0	0	0	0	1	0	6	2	0	0	0	2	0	0	0	0	2	1
11122	29 Jul 25	05:26:00	1	0	53	0	Ct	0	0	0	2	2	1	3	1	0	0	1	0	2	2	2	1	0	0	0	0	0	0	4	1	0	0	0	0	0	0	0	0	3	1
11123	29 Jul 25	05:27:00	1	0	53	0	Ct	0	0	0	0	0	3	6	1	0	0	0	1	2	0	5	9	0	1	0	1	4	0	2	2	0	0	0	1	0	0	0	0	1	0
11124	29 Jul 25	05:28:00	1	0	53	0	Ct	0	0	1	3	2	2	1	0	2	0	1	1	4	0	1	3	0	3	0	0	5	2	2	2	0	0	0	1	0	0	4	0	2	0
11125	29 Jul 25	05:29:00	1	0	53	0	Ct	0	0	2	2	1	3	3	4	0	0	1	0	2	0	2	3	0	1	0	0	2	1	4	0	0	2	0	2	0	0	3	0	2	2
11126	29 Jul 25	05:30:00	1	0	53	0	Ct	0	0	3	1	0	2	4	3	0	0	1	0	3	0	3	1	0	3	0	0	1	0	4	2	0	1	0	3	0	0	0	0	1	4
11127	29 Jul 25	05:31:00	1	0	53	0	Ct	0	0	2	2	0	2	2	0	0	0	1	0	3	0	2	2	0	2	0	0	0	0	1	2	0	1	0	4	0	0	1	0	2	2
11128	29 Jul 25	05:32:00	1	0	53	0	Ct	0	0	3	0	3	0	4	0	0	0	0	2	3	0	1	3	0	1	0	7	0	0	5	1	0	2	0	1	0	0	0	0	2	2
11129	29 Jul 25	05:33:00	1	0	53	0	Ct	0	0	3	1	2	2	2	2	0	0	2	3	3	0	3	4	0	1	0	1	0	2	5	1	0	0	0	0	0	0	0	0	2	2
11130	29 Jul 25	05:34:00	1	0	53	0	Ct	0	0	4	3	1	3	5	0	0	0	4	0	2	0	3	2	0	3	0	1	0	2	2	1	0	1	0	3	0	0	0	0	2	1
11131	29 Jul 25	05:35:00	1	0	53	0	Ct	0	0	2	5	1	3	4	3	2	0	2	0	2	0	1	3	0	1	0	8	0	0	3	8	0	2	0	4	0	0	0	0	0	2
11132	29 Jul 25	05:36:00	1	0	53	0	Ct	0	0	1	3	1	3	1	0	2	0	1	0	3	0	4	3	0	1	0	2	0	3	2	0	0	2	0	3	0	0	0	0	0	3
11133	29 Jul 25	05:37:00	1	0	53	0	Ct	0	0	2	2	6	0	3	3	2	0	1	0	3	0	4	5	0	2	0	3	0	2	3	2	0	1	0	1	0	0	0	0	0	2
11134	29 Jul 25	05:38:00	1	0	53	0	Ct	0	0	1	1	5	0	3	0	0	0	2	0	2	0	0	1	0	1	0	4	0	5	4	4	0	0	0	3	0	0	0	0	0	0
11135	29 Jul 25	05:39:00	1	0	53	0	Ct	0	0	0	1	2	1	4	1	0	0	2	0	3	0	1	4	0	1	0	2	0	4	4	2	0	0	0	2	0	0	0	0	0	2
11136	29 Jul 25	05:40:00	1	0	53	0	Ct	0	0	0	2	5	4	4	2	0	0	0	0	4	0	1	2	0	1	0	1	0	2	2	4	0	0	0	2	0	0	0	0	3	2
11137	29 Jul 25	05:41:00	1	0	53	0	Ct	0	0	0	2	2	3	3	0	0	0	1	0	3	0	1	1	0	3	0	2	3	3	2	2	0	0	0	4	0	0	0	0	2	0
11138	29 Jul 25	05:42:00	1	0	53	0	Ct	0	0	2	0	0	2	4	1	0	0	0	0	5	0	3	2	0	1	0	4	3	2	2	1	0	0	0	2	0	0	0	0	4	4
11139	29 Jul 25	05:43:00	1	0	53	0	Ct	0	0	3	0	0	3	4	1	1	0	0	0	2	0	3	2	0	0	1	2	3	3	5	3	0	0	0	4	0	0	0	0	1	1
11140	29 Jul 25	05:44:00	1	0	53	0	Ct	0	0	2	2	0	1	3	0	2	0	0	0	2	0	2	3	0	2	0	2	2	2	3	0	0	0	0	3	0	0	0	0	2	3
11141	29 Jul 25	05:45:00	1	0	53	0	Ct	0	0	4	1	0	2	1	0	2	0	1	0	3	1	1	3	0	2	1	3	5	4	1	0	0	0	0	2	0	0	0	0	2	2
11142	29 Jul 25	05:46:00	1	0	53	0	Ct	0	0	4	1	3	2	4	0	3	1	1	0	3	2	1	2	0	3	0	4	4	2	1	2	0	0	0	3	0	0	0	0	2	1
11143	29 Jul 25	05:47:00	1	0	53	0	Ct	0	0	2	3	3	5	3	1	2	3	2	1	2	1	2	4	0	2	0	1	2	1	0	2	0	0	0	2	0	0	0	0	0	1
11144	29 Jul 25	05:48:00	1	0	53	0	Ct	0	0	4	1	1	3	4	1	3	3	0	6	2	3	3	0	0	1	0	4	1	0	2	2	0	1	4	1	0	0	0	0	3	2
11145	29 Jul 25	05:49:00	1	0	53	0	Ct	0	0	2	2	2	1	4	0	3	4	11	0	2	3	2	1	0	3	0	3	1	2	2	2	0	1	1	3	0	0	0	0	0	2
11146	29 Jul 25	05:50:00	1	0	53	0	Ct	0	0	2	2	1	2	4	3	2	2	1	3	2	3	2	1	0	4	0	0	3	3	3	1	0	2	2	4	0	0	0	0	3	0
11147	29 Jul 25	05:51:00	1	0	53	0	Ct	0	0	3	1	4	1	3	1	0	6	3	0	3	3	2	0	0	4	0	1	1	1	2	2	0	0	1	2	0	0	0	0	0	0
11148	29 Jul 25	05:52:00	1	0	53	0	Ct	0	0	1	2	1	2	3	2	3	2	1	0	3	2	0	3	1	1	0	1	2	5	3	0	0	1	3	1	0	0	0	0	2	1
11149	29 Jul 25	05:53:00	1	0	53	0	Ct	0	0	1	1	1	4	1	1	0	0	2	0	4	4	2	2	1	3	0	0	3	1	2	0	0	3	2	1	0	0	0	0	0	3
11150	29 Jul 25	05:54:00	1	0	53	0	Ct	0	0	4	0	0	2	4	0	2	2	0	0	1	3	2	5	0	3	0	0	1	4	1	2	0	0	1	1	0	0	0	0	0	0
11151	29 Jul 25	05:55:00	1	0	53	0	Ct	0	0	3	4	0	0	3	0	0	3	1	0	5	4	2	4	0	1	0	2	1	3	2	0	0	1	1	4	0	0	0	0	0	2
11152	29 Jul 25	05:56:00	1	0	53	0	Ct	0	0	2	1	1	2	5	2	2	3	1	0	2	4	1	2	0	1	0	2	3	1	3	2	0	1	1	2	0	0	0	0	2	0
11153	29 Jul 25	05:57:00	1	0	53	0	Ct	0	0	1	2	3	3	3	2	3	1	2	0	2	3	3	0	0	1	0	1	2	2	1	0	0	2	1	2	0	0	0	0	3	2
11154	29 Jul 25	05:58:00	1	0	53	0	Ct	0	0	1	2	5	4	4	2	1	3	3	0	4	3	2	3	0	2	1	2	2	2	0	0	0	1	2	2	0	0	0	0	1	0
11155	29 Jul 25	05:59:00	1	0	53	0	Ct	0	0	4	1	0	5	4	0	3	3	2	0	3	3	2	0	0	2	1	4	1	2	2	3	0	1	2	0	0	0	0	0	2	2
11156	29 Jul 25	06:00:00	1	0	53	0	Ct	0	0	2	3	0	2	5	4	2	3	1	0	3	1	3	0	0	0	0	1	3	1	2	1	0	0	0	1	0	0	2	0	2	2
11157	29 Jul 25	06:01:00	1	0	53	0	Ct	0	0	2	3	1	3	3	4	5	3	1	0	1	3	1	0	0	0	0	4	4	3	14	2	0	2	2	1	0	0	0	0	4	3
11158	29 Jul 25	06:02:00	1	0	53	0	Ct	0	0	2	4	5	3	4	2	3	2	1	0	1	4	4	2	0	2	0	2	4	3	8	1	0	2	17	4	0	0	0	0	1	0
11159	29 Jul 25	06:03:00	1	0	53	0	Ct	0	0	2	3	1	4	4	1	1	3	0	0	1	3	3	2	0	2	0	1	4	2	0	2	0	1	6	3	0	0	0	0	1	1
11160	29 Jul 25	06:04:00	1	0	53	0	Ct	0	0	5	3	0	2	3	1	2	1	1	0	1	3	4	3	0	4	0	2	4	1	2	1	0	3	2	5	0	0	0	0	3	3
11161	29 Jul 25	06:05:00	1	0	53	0	Ct	0	0	3	2	1	3	4	0	4	3	3	0	0	5	1	4	2	1	1	3	8	6	3	1	0	1	1	1	0	0	0	0	1	3
11162	29 Jul 25	06:06:00	1	0	53	0	Ct	0	0	3	2	1	3	1	2	4	2	1	0	0	4	4	4	0	1	1	3	1	2	0	2	0	0	0	1	0	0	2	0	1	2
11163	29 Jul 25	06:07:00	1	0	53	0	Ct	0	0	3	2	1	3	2	1	4	2	1	0	2	4	2	4	0	2	1	5	1	0	1	0	0	0	3	3	0	0	1	0	3	2
11164	29 Jul 25	06:08:00	1	0	53	0	Ct	0	0	1	1	0	1	2	2	4	1	0	0	2	3	3	0	0	1	4	2	2	5	0	0	0	0	2	1	0	0	3	0	2	3
11165	29 Jul 25	06:09:00	1	0	53	0	Ct	0	0	3	0	1	2	5	3	3	1	3	0	3	4	4	3	2	0	2	1	2	3	0	14	0	0	1	0	0	0	2	0	3	2
11166	29 Jul 25	06:10:00	1	0	53	0	Ct	0	0	0	0	0	2	1	5	4	3	3	0	2	1	2	5	2	2	8	2	2	3	0	0	0	2	0	2	0	0	4	0	2	1
11167	29 Jul 25	06:11:00	1	0	53	0	Ct	0	0	0	4	0	4	2	1	4	3	3	2	3	4	3	4	2	3	3	2	2	1	0	2	0	0	1	3	0	0	0	0	1	1
11168	29 Jul 25	06:12:00	1	0	53	0	Ct	0	0	3	2	2	2	3	4	2	3	3	2	3	4	1	2	1	3	1	1	1	1	0	1	0	0	3	1	0	0	1	0	0	0
11169	29 Jul 25	06:13:00	1	0	53	0	Ct	0	0	3	1	2	1	4	3	1	2	0	0	2	3	3	2	3	1	4	3	4	3	0	2	0	0	2	0	0	0	2	0	0	2
11170	29 Jul 25	06:14:00	1	0	53	0	Ct	0	0	2	2	5	3	1	2	3	1	3	0	3	3	3	2	2	1	5	2	2	2	0	1	0	2	2	0	0	0	1	0	0	0
11171	29 Jul 25	06:15:00	1	0	53	0	Ct	0	0	2	2	3	2	3	0	4	0	1	4	3	3	2	4	0	1	0	2	3	1	0	2	0	0	2	3	0	0	3	0	2	2
11172	29 Jul 25	06:16:00	1	0	53	0	Ct	0	0	3	1	3	1	4	2	4	3	0	3	3	3	0	3	0	2	2	5	1	2	0	0	0	2	3	3	0	0	2	0	2	1
11173	29 Jul 25	06:17:00	1	0	53	0	Ct	0	0	1	2	1	2	3	0	1	1	0	3	2	2	2	4	0	1	3	0	9	1	0	3	0	1	1	1	0	0	2	0	3	2
11174	29 Jul 25	06:18:00	1	0	53	0	Ct	0	0	4	1	2	2	3	0	5	2	0	4	1	3	5	1	0	1	4	0	1	2	2	1	0	4	2	1	0	0	5	0	3	2
11175	29 Jul 25	06:19:00	1	0	53	0	Ct	0	0	4	2	4	1	2	0	3	2	0	4	1	3	3	1	0	2	3	0	1	3	4	1	0	2	1	1	0	0	1	0	3	1
11176	29 Jul 25	06:20:00	1	0	53	0	Ct	0	0	3	0	2	0	4	0	4	2	0	6	2	3	3	4	0	0	4	3	4	2	2	1	0	2	5	2	0	0	2	0	2	3
11177	29 Jul 25	06:21:00	1	0	53	0	Ct	0	0	4	3	1	1	4	2	3	2	0	4	1	3	1	4	0	3	4	2	2	0	1	0	0	0	0	2	0	0	0	0	1	3
11178	29 Jul 25	06:22:00	1	0	53	0	Ct	0	0	2	2	2	1	2	1	4	1	0	6	3	5	3	3	0	2	1	2	1	2	2	0	0	1	1	2	0	0	3	0	0	2
11179	29 Jul 25	06:23:00	1	0	53	0	Ct	0	0	4	4	0	3	4	3	3	1	0	3	0	4	1	3	0	2	1	3	1	2	4	0	0	1	2	2	0	0	4	0	2	3
11180	29 Jul 25	06:24:00	1	0	53	0	Ct	0	0	3	4	0	2	0	2	1	3	0	3	0	2	3	3	0	5	4	1	4	0	3	0	0	2	1	3	0	0	3	0	0	2
11181	29 Jul 25	06:25:00	1	0	53	0	Ct	0	0	4	3	1	0	3	3	1	2	0	4	2	5	4	2	0	1	5	0	2	1	6	1	0	2	5	0	0	0	3	0	4	2
11182	29 Jul 25	06:26:00	1	0	53	0	Ct	0	0	3	2	1	0	3	5	2	3	0	4	2	5	2	2	0	2	6	0	3	1	2	0	0	0	0	3	0	0	1	0	3	2
11183	29 Jul 25	06:27:00	1	0	53	0	Ct	0	0	3	3	2	3	2	1	3	4	0	6	3	4	1	3	0	2	4	1	3	0	1	0	0	2	5	2	0	0	4	0	2	1
11184	29 Jul 25	06:28:00	1	0	53	0	Ct	0	0	4	3	2	2	1	4	0	2	0	2	3	6	1	4	0	1	2	1	2	2	0	2	0	2	2	1	0	0	1	0	4	2
11185	29 Jul 25	06:29:00	1	0	53	0	Ct	0	0	3	1	1	1	1	2	4	2	0	5	2	3	5	3	0	2	3	0	3	2	0	1	0	1	4	3	0	0	2	0	3	0
11186	29 Jul 25	06:30:00	1	0	53	0	Ct	0	0	2	1	2	2	4	2	4	2	0	4	2	2	3	5	0	0	3	1	1	1	0	0	0	1	3	0	0	0	3	0	0	0
11187	29 Jul 25	06:31:00	1	0	53	0	Ct	0	0	2	1	2	5	2	1	0	3	0	2	5	4	3	3	0	2	3	1	3	3	4	0	0	0	1	1	0	0	3	0	2	1
11188	29 Jul 25	06:32:00	1	0	53	0	Ct	0	0	3	2	3	1	2	5	4	1	0	4	3	3	1	3	0	1	3	0	2	1	5	1	0	2	3	3	0	0	1	0	1	3
11189	29 Jul 25	06:33:00	1	0	53	0	Ct	0	0	2	3	2	4	5	2	4	3	0	3	4	3	2	2	0	2	3	0	3	2	2	0	0	0	3	2	0	0	1	0	2	1
11190	29 Jul 25	06:34:00	1	0	53	0	Ct	0	0	2	2	0	4	1	2	2	1	0	4	3	3	3	3	0	2	3	0	1	0	2	0	0	2	3	4	0	0	4	0	3	4
11191	29 Jul 25	06:35:00	1	0	53	0	Ct	0	0	2	3	3	1	0	2	4	2	0	3	3	3	1	2	0	0	3	0	4	1	4	0	0	1	2	2	0	0	3	0	1	4
11192	29 Jul 25	06:36:00	1	0	53	0	Ct	0	0	1	0	2	2	3	1	1	2	0	4	3	4	2	2	0	0	1	0	2	4	4	0	0	1	1	1	0	0	1	0	0	2
11193	29 Jul 25	06:37:00	1	0	53	0	Ct	0	0	3	2	2	3	0	0	3	2	0	6	0	3	2	3	0	1	4	0	5	4	2	0	0	1	1	1	0	0	3	0	0	1
11194	29 Jul 25	06:38:00	1	0	53	0	Ct	0	0	6	2	3	4	3	0	2	1	0	2	1	2	1	3	0	2	3	0	2	1	0	1	0	0	0	0	0	0	2	0	3	1
11195	29 Jul 25	06:39:00	1	0	53	0	Ct	0	0	2	3	1	3	2	1	1	5	0	4	3	1	2	2	0	2	2	0	8	0	2	2	0	1	1	0	0	0	3	0	3	2
11196	29 Jul 25	06:40:00	1	0	53	0	Ct	0	0	4	2	1	3	0	4	3	0	0	2	0	4	3	2	0	0	4	0	2	2	3	1	0	1	3	0	0	0	3	0	3	3
11197	29 Jul 25	06:41:00	1	0	53	0	Ct	0	0	4	2	2	3	3	1	3	0	3	2	1	3	1	1	0	1	5	0	1	1	1	2	0	4	3	0	0	0	2	0	2	4
11198	29 Jul 25	06:42:00	1	0	53	0	Ct	0	0	4	2	1	2	3	1	0	3	1	3	1	3	2	4	0	2	3	1	2	2	1	0	0	2	1	2	0	0	1	0	3	1
11199	29 Jul 25	06:43:00	1	0	53	0	Ct	0	0	3	2	2	4	2	5	3	3	2	5	2	4	3	11	0	3	2	6	2	3	1	1	0	0	3	4	0	0	2	0	2	3
11200	29 Jul 25	06:44:00	1	0	53	0	Ct	0	0	3	2	1	2	3	2	6	1	1	5	3	3	3	3	0	2	5	3	3	5	2	2	0	0	2	4	0	0	3	0	2	2
11201	29 Jul 25	06:45:00	1	0	53	0	Ct	0	0	3	4	0	4	3	3	2	1	1	4	1	3	2	3	0	2	3	0	2	9	2	1	0	0	2	2	0	0	2	0	2	1
11202	29 Jul 25	06:46:00	1	0	53	0	Ct	0	0	3	0	0	0	5	0	2	2	4	5	1	5	2	4	0	2	4	0	2	25	0	3	0	0	1	4	0	0	2	0	4	0
11203	29 Jul 25	06:47:00	1	0	53	0	Ct	0	0	3	0	0	0	4	2	6	2	2	4	2	2	3	2	2	1	3	1	9	2	0	1	0	1	1	3	0	0	2	0	1	0
11204	29 Jul 25	06:48:00	1	0	53	0	Ct	0	0	0	2	3	0	4	0	3	1	1	5	0	4	3	3	0	2	2	2	2	1	1	2	0	0	2	1	0	0	2	0	2	2
11205	29 Jul 25	06:49:00	1	0	53	0	Ct	0	0	2	3	1	2	3	3	5	3	4	4	0	3	3	4	0	0	3	1	5	2	0	0	0	0	3	0	0	0	4	0	3	2
11206	29 Jul 25	06:50:00	1	0	53	0	Ct	0	0	5	3	1	0	4	1	3	1	2	4	0	3	2	5	0	1	2	3	4	0	0	1	0	3	0	0	0	0	1	0	2	3
11207	29 Jul 25	06:51:00	1	0	53	0	Ct	0	0	3	4	0	2	1	5	2	4	1	2	0	3	2	1	0	1	4	1	1	0	0	0	0	0	3	1	0	0	2	0	1	1
11208	29 Jul 25	06:52:00	1	0	53	0	Ct	0	0	4	3	2	0	3	3	0	2	1	6	0	3	2	4	0	1	3	0	4	2	0	2	0	1	1	1	0	0	3	0	3	2
11209	29 Jul 25	06:53:00	1	0	53	0	Ct	0	0	3	3	0	4	2	2	4	3	2	3	2	2	6	2	0	3	3	1	2	2	0	0	0	5	0	2	0	0	2	0	2	2
11210	29 Jul 25	06:54:00	1	0	53	0	Ct	0	0	2	0	1	2	3	2	3	1	2	3	4	4	2	0	0	3	4	1	0	5	6	0	0	3	6	0	0	0	0	0	4	1
11211	29 Jul 25	06:55:00	1	0	53	0	Ct	0	0	3	2	1	3	1	2	4	1	1	4	4	0	2	0	1	3	2	2	0	2	4	0	0	2	2	0	0	0	2	0	4	1
11212	29 Jul 25	06:56:00	1	0	53	0	Ct	0	0	3	4	0	3	3	3	1	1	4	6	2	3	1	0	1	4	1	2	3	4	1	1	0	2	0	1	0	0	1	0	3	2
11213	29 Jul 25	06:57:00	1	0	53	0	Ct	0	0	1	2	0	3	2	3	2	2	2	4	4	1	3	4	0	1	2	0	0	1	2	2	0	0	0	2	0	0	2	0	3	1
11214	29 Jul 25	06:58:00	1	0	53	0	Ct	0	0	0	2	0	2	5	1	3	0	2	4	1	4	3	4	0	0	2	1	1	0	3	2	0	2	1	1	0	0	1	0	3	2
11215	29 Jul 25	06:59:00	1	0	53	0	Ct	0	0	0	2	0	2	2	1	2	0	1	4	3	2	3	4	0	3	2	1	2	1	5	2	0	1	0	0	0	0	3	0	2	0
11216	29 Jul 25	07:00:00	1	0	53	0	Ct	0	0	1	3	0	2	4	3	2	0	3	3	3	0	3	5	0	2	4	0	3	3	3	0	0	1	1	1	0	0	4	0	0	2
11217	29 Jul 25	07:01:00	1	0	53	0	Ct	0	0	3	2	0	3	3	0	1	0	2	3	2	0	3	3	0	2	0	0	0	5	4	0	0	1	2	1	0	0	6	0	1	3
11218	29 Jul 25	07:02:00	1	0	53	0	Ct	0	0	3	3	0	1	2	2	3	0	1	6	1	0	2	2	2	0	5	0	2	3	1	0	0	3	1	3	0	0	1	0	1	2
11219	29 Jul 25	07:03:00	1	0	53	0	Ct	0	0	2	1	0	2	3	1	1	0	3	1	3	3	2	2	0	0	0	0	4	1	3	1	0	1	1	0	0	0	2	0	2	1
11220	29 Jul 25	07:04:00	1	0	53	0	Ct	0	0	2	3	1	3	2	4	2	0	2	4	2	2	3	4	0	1	1	0	2	2	3	1	0	0	1	2	0	0	0	0	4	2
11221	29 Jul 25	07:05:00	1	0	53	0	Ct	0	0	2	3	0	2	2	3	2	0	0	3	0	2	2	3	0	0	2	0	2	2	4	0	0	1	1	3	0	0	2	0	1	2
11222	29 Jul 25	07:06:00	1	0	53	0	Ct	0	0	3	2	1	3	1	4	3	0	0	1	4	3	2	5	2	1	4	0	3	0	2	0	0	2	1	2	0	0	1	0	2	2
11223	29 Jul 25	07:07:00	1	0	53	0	Ct	0	0	3	3	0	2	3	2	0	3	2	4	3	0	3	5	0	2	2	0	1	0	4	0	0	1	8	1	0	0	4	0	4	0
11224	29 Jul 25	07:08:00	1	0	53	0	Ct	0	0	2	3	1	2	0	4	2	2	2	4	2	3	3	3	0	2	3	0	1	0	2	1	0	2	1	3	0	0	1	0	2	0
11225	29 Jul 25	07:09:00	1	0	53	0	Ct	0	0	1	2	0	1	2	2	2	1	4	4	1	3	4	4	0	2	3	0	0	4	3	1	0	2	2	0	0	0	1	0	4	4
11226	29 Jul 25	07:10:00	1	0	53	0	Ct	0	0	1	2	1	2	3	3	3	3	4	3	2	3	4	4	0	2	3	0	2	0	3	0	0	1	2	1	0	0	1	0	0	2
11227	29 Jul 25	07:11:00	1	0	53	0	Ct	0	0	1	2	1	2	3	0	5	2	3	5	2	4	3	5	0	1	4	0	1	3	2	1	0	1	1	1	0	0	1	0	0	2
11228	29 Jul 25	07:12:00	1	0	53	0	Ct	0	0	0	2	1	2	3	2	3	1	2	5	3	3	2	1	0	2	5	0	3	2	1	0	0	0	1	1	0	0	0	0	3	3
11229	29 Jul 25	07:13:00	1	0	53	0	Ct	0	0	4	2	0	1	2	1	6	1	2	3	2	3	6	2	0	2	5	0	7	3	2	1	0	3	2	1	0	0	0	0	3	2
11230	29 Jul 25	07:14:00	1	0	53	0	Ct	0	0	3	2	4	3	2	4	1	2	0	3	0	5	1	4	0	4	3	0	5	2	4	2	0	3	1	4	0	0	0	0	2	2
11231	29 Jul 25	07:15:00	1	0	53	0	Ct	0	0	1	4	3	4	2	1	1	4	1	2	5	3	3	2	0	3	2	0	0	1	2	2	0	2	1	0	0	0	2	0	3	1
11232	29 Jul 25	07:16:00	1	0	53	0	Ct	0	0	2	1	1	2	3	2	5	0	0	4	1	4	0	3	0	2	2	0	1	3	1	1	0	1	1	1	0	0	2	0	1	2
11233	29 Jul 25	07:17:00	1	0	53	0	Ct	0	0	2	2	0	2	0	3	4	1	2	3	2	0	2	1	1	2	2	0	4	0	0	1	0	2	4	2	0	0	2	0	3	2
11234	29 Jul 25	07:18:00	1	0	53	0	Ct	0	0	3	0	0	5	2	3	1	2	1	4	2	0	4	2	1	1	3	0	0	0	2	2	0	0	2	3	0	0	3	0	1	2
11235	29 Jul 25	07:19:00	1	0	53	0	Ct	0	0	4	3	7	10	3	3	1	2	1	6	3	0	1	2	0	2	2	1	1	1	2	1	0	3	4	0	0	0	0	0	0	2
11236	29 Jul 25	07:20:00	1	0	53	0	Ct	0	0	3	1	4	6	3	2	0	2	4	3	4	0	4	5	1	1	4	0	2	0	0	11	0	1	4	2	0	0	1	0	1	0
11237	29 Jul 25	07:21:00	1	0	53	0	Ct	0	0	3	1	1	7	3	4	1	2	1	4	9	0	2	3	1	1	4	1	2	1	0	0	0	2	3	3	0	0	1	0	4	3
11238	29 Jul 25	07:22:00	1	0	53	0	Ct	0	0	4	3	0	3	1	4	1	1	2	1	1	1	4	4	0	0	2	0	0	5	0	0	0	1	2	1	0	0	1	0	2	2
11239	29 Jul 25	07:23:00	1	0	53	0	Ct	0	0	2	5	2	6	3	3	0	1	3	4	4	4	2	0	2	1	4	3	2	7	0	0	0	2	2	4	0	0	2	0	2	1
11240	29 Jul 25	07:24:00	1	0	53	0	Ct	0	0	3	2	1	3	2	0	0	3	2	5	1	3	5	1	3	2	3	3	2	3	0	0	0	2	4	1	0	0	0	0	1	2
11241	29 Jul 25	07:25:00	1	0	53	0	Ct	0	0	4	1	1	2	2	5	0	4	1	5	2	1	3	2	2	1	2	2	1	0	0	0	0	0	3	1	0	0	3	0	0	0
11242	29 Jul 25	07:26:00	1	0	53	0	Ct	0	0	3	1	4	1	0	5	0	2	1	8	3	3	4	1	3	3	0	2	2	0	0	0	0	0	3	1	0	0	0	0	0	2
11243	29 Jul 25	07:27:00	1	0	53	0	Ct	0	0	0	3	4	2	3	2	1	3	5	5	1	3	3	1	3	0	4	2	0	0	3	1	0	0	3	5	0	0	2	0	0	2
11244	29 Jul 25	07:28:00	1	0	53	0	Ct	0	0	1	2	2	3	2	2	1	2	2	6	3	4	3	4	3	1	1	2	2	2	1	2	0	0	2	1	0	0	3	0	0	0
11245	29 Jul 25	07:29:00	1	0	53	0	Ct	0	0	3	4	1	2	3	2	1	0	4	4	1	2	3	3	5	3	1	1	1	1	2	1	0	1	2	3	0	0	0	0	4	1
11246	29 Jul 25	07:30:00	1	0	53	0	Ct	0	0	2	1	0	0	0	4	3	0	2	2	2	0	3	5	6	1	3	1	2	4	1	2	0	1	1	2	0	0	0	0	3	3
11247	29 Jul 25	07:31:00	1	0	53	0	Ct	0	0	2	2	0	3	4	2	2	0	1	4	1	5	1	6	4	3	2	1	1	0	4	2	0	0	3	0	0	0	0	0	3	1
11248	29 Jul 25	07:32:00	1	0	53	0	Ct	0	0	3	4	0	2	2	3	3	0	0	3	2	4	0	3	2	3	2	2	1	2	1	0	0	2	2	0	0	0	2	0	3	2
11249	29 Jul 25	07:33:00	1	0	53	0	Ct	0	0	3	3	0	2	2	3	3	2	3	5	2	1	1	0	2	1	2	0	2	2	2	3	0	1	3	0	0	0	6	0	1	2
11250	29 Jul 25	07:34:00	1	0	53	0	Ct	0	0	3	2	0	0	4	1	4	2	2	6	2	4	2	4	2	2	3	0	14	2	2	2	0	3	0	1	0	0	7	0	3	3
11251	29 Jul 25	07:35:00	1	0	53	0	Ct	0	0	2	3	0	3	2	3	2	4	2	5	4	4	4	0	4	3	1	0	4	0	0	2	0	0	2	2	0	0	0	0	3	1
11252	29 Jul 25	07:36:00	1	0	53	0	Ct	0	0	2	1	2	0	0	0	4	2	1	4	3	4	1	6	4	1	3	0	8	0	0	2	0	0	2	3	0	0	2	0	2	2
11253	29 Jul 25	07:37:00	1	0	53	0	Ct	0	0	0	0	0	0	2	2	1	3	2	3	4	5	3	4	1	1	1	0	2	1	4	3	0	2	2	0	0	0	2	0	3	2
11254	29 Jul 25	07:38:00	1	0	53	0	Ct	0	0	3	3	2	0	1	2	0	0	1	4	3	4	1	0	3	2	1	0	6	2	3	1	0	1	1	0	0	0	2	0	2	0
11255	29 Jul 25	07:39:00	1	0	53	0	Ct	0	0	3	2	8	2	3	2	1	1	1	5	0	4	3	4	3	4	2	0	6	1	1	2	0	2	0	1	0	0	1	0	2	4
11256	29 Jul 25	07:40:00	1	0	53	0	Ct	0	0	4	1	1	2	1	1	1	2	1	5	2	0	1	2	3	4	2	0	1	0	0	1	0	1	3	0	0	0	1	0	1	2
11257	29 Jul 25	07:41:00	1	0	53	0	Ct	0	0	3	4	1	0	1	4	0	3	0	1	4	2	2	3	4	3	1	0	1	2	0	0	0	0	7	1	0	0	2	0	1	3
11258	29 Jul 25	07:42:00	1	0	53	0	Ct	0	0	2	1	2	3	1	0	2	0	0	6	2	6	1	1	3	1	1	2	4	3	0	1	0	0	2	5	0	0	2	0	0	3
11259	29 Jul 25	07:43:00	1	0	53	0	Ct	0	0	4	1	2	1	0	3	1	0	0	4	3	3	0	0	5	3	1	3	2	1	0	1	0	0	1	1	0	0	3	0	1	0
11260	29 Jul 25	07:44:00	1	0	53	0	Ct	0	0	0	2	4	0	2	2	0	1	0	4	1	3	3	2	2	2	2	2	2	1	0	0	0	1	3	1	0	0	2	0	6	0
11261	29 Jul 25	07:45:00	1	0	53	0	Ct	0	0	0	3	3	2	2	4	3	1	0	3	0	5	3	10	2	0	4	1	0	3	0	1	0	2	0	0	0	0	2	0	1	1
11262	29 Jul 25	07:46:00	1	0	53	0	Ct	0	0	0	1	3	0	1	4	3	2	0	5	1	4	2	2	2	2	4	0	2	0	0	2	0	1	1	2	0	0	5	0	4	2
11263	29 Jul 25	07:47:00	1	0	53	0	Ct	0	0	0	3	1	2	3	2	1	0	0	3	2	3	2	2	7	1	2	4	2	1	0	1	0	1	2	3	0	0	1	0	2	1
11264	29 Jul 25	07:48:00	1	0	53	0	Ct	0	0	1	2	1	4	1	2	1	3	2	5	4	1	4	3	3	2	1	0	3	5	1	1	0	1	3	2	0	0	3	0	4	0
11265	29 Jul 25	07:49:00	1	0	53	0	Ct	0	0	3	2	0	1	4	2	0	0	3	3	3	3	4	4	3	3	3	4	3	1	3	4	0	3	1	1	0	0	1	0	2	2
11266	29 Jul 25	07:50:00	1	0	53	0	Ct	0	0	2	0	2	0	2	0	1	0	1	4	1	4	4	4	2	0	2	1	1	2	3	1	0	1	0	3	0	0	2	0	0	3
11267	29 Jul 25	07:51:00	1	0	53	0	Ct	0	0	0	3	1	0	2	0	0	0	2	2	2	2	3	0	2	1	2	3	3	0	3	3	0	0	0	0	0	0	1	0	3	3
11268	29 Jul 25	07:52:00	1	0	53	0	Ct	0	0	2	2	1	0	1	3	0	2	3	4	4	4	5	3	3	2	3	2	1	0	2	1	0	0	2	1	0	0	3	0	5	2
11269	29 Jul 25	07:53:00	1	0	53	0	Ct	0	0	2	1	1	4	3	5	2	3	2	3	3	4	1	2	3	3	3	3	2	2	1	1	0	0	4	1	0	0	2	0	2	2
11270	29 Jul 25	07:54:00	1	0	53	0	Ct	0	0	3	0	1	1	2	5	0	3	3	3	2	4	4	5	4	5	1	2	1	0	1	1	0	3	2	0	0	0	2	0	3	1
11271	29 Jul 25	07:55:00	1	0	53	0	Ct	0	0	3	2	1	3	2	2	0	2	1	2	3	1	2	3	2	2	3	0	3	0	0	1	0	1	2	0	0	0	1	0	5	2
11272	29 Jul 25	07:56:00	1	0	53	0	Ct	0	0	4	3	1	4	3	1	0	3	1	3	2	3	3	4	4	2	2	0	2	0	2	0	0	2	2	0	0	0	2	0	2	1
11273	29 Jul 25	07:57:00	1	0	53	0	Ct	0	0	2	1	1	2	2	3	2	2	2	3	4	3	2	4	3	2	3	1	23	0	1	0	0	2	1	1	0	0	2	0	1	0
11274	29 Jul 25	07:58:00	1	0	53	0	Ct	0	0	5	1	2	2	5	4	2	1	6	4	1	3	1	5	3	2	3	2	40	0	0	0	0	1	2	2	0	0	3	0	1	0
11275	29 Jul 25	07:59:00	1	0	53	0	Ct	0	0	3	1	0	4	2	5	1	1	2	7	4	5	4	5	2	2	3	1	15	0	0	1	0	0	1	1	0	0	4	0	2	3
11276	29 Jul 25	08:00:00	1	0	53	0	Ct	0	0	3	1	0	2	1	2	4	0	1	4	3	4	0	3	3	2	2	3	2	0	0	1	0	1	2	3	0	0	1	0	2	2
11277	29 Jul 25	08:01:00	1	0	53	0	Ct	0	0	5	1	2	2	2	0	1	2	2	4	3	3	3	2	4	0	2	4	2	0	0	3	0	1	1	1	0	0	2	0	2	3
11278	29 Jul 25	08:02:00	1	0	53	0	Ct	0	0	6	1	1	0	5	2	1	2	0	4	1	2	1	3	4	1	4	0	3	2	0	2	0	2	0	1	0	0	9	0	3	1
11279	29 Jul 25	08:03:00	1	0	53	0	Ct	0	0	3	1	1	2	3	3	3	0	0	3	3	4	2	1	6	0	2	3	1	2	0	0	0	1	0	0	0	0	7	0	3	2
11280	29 Jul 25	08:04:00	1	0	53	0	Ct	0	0	3	5	2	1	4	0	2	3	1	4	2	6	2	4	2	1	3	1	3	2	0	0	0	2	1	3	0	0	4	0	2	3
11281	29 Jul 25	08:05:00	1	0	53	0	Ct	0	0	2	1	1	1	2	0	5	1	1	3	2	6	1	5	4	1	4	3	3	3	1	1	0	3	1	1	0	0	0	0	1	2
11282	29 Jul 25	08:06:00	1	0	53	0	Ct	0	0	1	0	1	1	2	1	4	1	2	2	1	6	4	3	2	0	3	1	1	2	2	1	0	2	2	0	0	0	4	0	4	1
11283	29 Jul 25	08:07:00	1	0	53	0	Ct	0	0	3	2	1	0	3	3	2	0	0	2	4	2	2	2	3	1	4	3	2	7	7	3	0	3	1	5	0	0	2	0	5	1
11284	29 Jul 25	08:08:00	1	0	53	0	Ct	0	0	3	3	0	0	3	3	2	0	2	3	1	4	3	3	2	2	3	0	3	1	2	2	0	2	1	1	0	0	1	0	3	0
11285	29 Jul 25	08:09:00	1	0	53	0	Ct	0	0	2	2	0	1	2	5	2	0	0	4	3	4	3	0	2	2	5	0	6	5	3	1	0	0	3	2	0	0	2	0	4	1
11286	29 Jul 25	08:10:00	1	0	53	0	Ct	0	0	5	3	0	0	4	3	2	0	1	2	2	3	3	0	3	5	4	2	2	4	0	1	0	0	0	1	0	0	3	0	3	3
11287	29 Jul 25	08:11:00	1	0	53	0	Ct	0	0	1	1	0	0	1	2	0	0	0	5	1	2	1	2	3	4	2	0	2	2	2	3	0	1	2	2	0	0	2	0	4	2
11288	29 Jul 25	08:12:00	1	0	53	0	Ct	0	0	3	1	0	0	0	1	2	1	1	2	2	1	0	4	2	2	2	0	3	2	0	1	0	2	0	1	0	0	2	0	3	2
11289	29 Jul 25	08:13:00	1	0	53	0	Ct	0	0	2	2	3	0	3	1	2	2	2	2	2	0	4	3	3	3	3	0	1	1	0	2	0	3	1	0	0	0	3	0	2	0
11290	29 Jul 25	08:14:00	1	0	53	0	Ct	0	0	3	0	1	0	2	5	2	1	0	1	2	0	3	3	1	0	5	0	1	0	0	0	0	0	1	1	0	0	0	0	3	3
11291	29 Jul 25	08:15:00	1	0	53	0	Ct	0	0	3	2	2	2	2	2	2	1	1	3	2	0	2	3	3	2	5	0	1	2	0	0	0	1	1	1	0	0	3	0	2	3
11292	29 Jul 25	08:16:00	1	0	53	0	Ct	0	0	1	2	2	1	3	2	4	2	0	3	0	1	2	1	3	2	7	0	1	2	0	3	0	3	2	0	0	0	1	0	0	2
11293	29 Jul 25	08:17:00	1	0	53	0	Ct	0	0	3	1	1	3	3	1	6	1	0	4	1	4	0	3	7	1	2	0	3	3	0	1	0	2	0	0	0	0	1	0	2	2
11294	29 Jul 25	08:18:00	1	0	53	0	Ct	0	0	2	1	1	4	3	3	0	2	0	5	2	5	2	4	3	3	0	0	0	8	0	0	0	2	0	3	0	0	3	0	6	0
11295	29 Jul 25	08:19:00	1	0	53	0	Ct	0	0	2	1	1	0	2	4	2	2	1	4	3	4	2	1	4	4	1	0	2	21	0	1	0	0	0	2	0	0	2	0	3	0
11296	29 Jul 25	08:20:00	1	0	53	0	Ct	0	0	1	3	2	3	2	2	1	5	1	4	3	3	2	0	3	2	2	0	3	5	0	2	0	0	3	2	0	0	3	0	5	2
11297	29 Jul 25	08:21:00	1	0	53	0	Ct	0	0	1	0	0	1	2	3	1	4	1	4	3	4	1	4	4	2	4	0	2	3	0	1	0	0	3	2	0	0	1	0	4	1
11298	29 Jul 25	08:22:00	1	0	53	0	Ct	0	0	4	1	0	1	4	3	3	3	2	5	4	2	2	1	2	0	1	0	3	0	0	2	0	1	2	0	0	0	2	0	3	1
11299	29 Jul 25	08:23:00	1	0	53	0	Ct	0	0	3	1	0	3	2	3	3	5	2	5	4	3	2	2	1	0	2	0	2	0	0	2	0	2	0	1	0	0	3	0	3	0
11300	29 Jul 25	08:24:00	1	0	53	0	Ct	0	0	4	1	0	2	4	3	2	3	3	3	4	3	2	5	0	3	2	0	2	2	0	0	0	2	1	2	0	0	4	0	4	0
11301	29 Jul 25	08:25:00	1	0	53	0	Ct	0	0	3	1	0	1	7	1	6	1	2	3	3	3	0	1	3	3	4	0	2	0	3	1	0	2	2	0	0	0	1	0	2	0
11302	29 Jul 25	08:26:00	1	0	53	0	Ct	0	0	2	0	2	2	2	1	4	0	3	4	3	4	1	4	2	4	4	2	1	0	3	2	0	1	4	12	0	0	2	0	2	3
11303	29 Jul 25	08:27:00	1	0	53	0	Ct	0	0	1	0	1	0	4	0	2	0	1	2	2	0	1	2	0	1	2	3	2	0	4	0	0	1	0	2	0	0	2	0	3	1
11304	29 Jul 25	08:28:00	1	0	53	0	Ct	0	0	0	2	0	3	6	0	0	1	1	4	1	0	2	2	5	2	3	7	2	0	2	1	0	2	0	2	0	0	1	0	2	0
11305	29 Jul 25	08:29:00	1	0	53	0	Ct	0	0	2	2	0	1	4	0	2	1	1	4	3	0	2	4	4	1	1	1	1	0	3	1	0	0	0	1	0	0	0	0	2	3
11306	29 Jul 25	08:30:00	1	0	53	0	Ct	0	0	3	1	0	0	4	1	2	3	1	3	1	3	2	2	4	1	1	0	2	0	3	0	0	1	4	3	0	0	2	0	0	1
11307	29 Jul 25	08:31:00	1	0	53	0	Ct	0	0	1	1	0	1	2	0	1	1	0	3	3	0	1	1	7	1	2	0	3	2	2	0	0	2	0	3	0	0	1	0	3	0
11308	29 Jul 25	08:32:00	1	0	53	0	Ct	0	0	0	0	0	1	4	1	1	1	0	3	3	1	1	1	3	0	2	0	3	2	3	0	0	1	0	1	0	0	2	0	2	0
11309	29 Jul 25	08:33:00	1	0	53	0	Ct	0	0	0	0	1	0	3	2	1	1	2	4	2	3	3	8	4	2	1	0	3	8	3	0	0	2	2	2	0	0	1	0	1	0
11310	29 Jul 25	08:34:00	1	0	53	0	Ct	0	0	2	4	3	3	2	2	2	1	4	0	3	4	1	2	1	3	0	1	2	6	3	2	0	2	2	0	0	0	1	0	0	0
11311	29 Jul 25	08:35:00	1	0	53	0	Ct	0	0	2	1	2	4	2	2	2	1	2	0	3	4	0	0	0	2	2	1	4	0	3	2	0	2	2	2	0	0	2	0	3	0
11312	29 Jul 25	08:36:00	1	0	53	0	Ct	0	0	2	0	1	2	3	2	0	2	3	3	4	2	4	3	0	1	0	1	3	7	1	1	0	2	0	0	0	0	0	0	1	2
11313	29 Jul 25	08:37:00	1	0	53	0	Ct	0	0	3	2	1	0	2	2	0	2	4	4	0	3	2	1	0	2	3	3	0	5	0	1	0	1	2	1	0	0	0	0	0	2
11314	29 Jul 25	08:38:00	1	0	53	0	Ct	0	0	0	0	3	0	0	3	2	1	2	1	3	3	0	3	0	6	3	3	1	2	2	2	0	2	1	2	0	0	3	0	0	3
11315	29 Jul 25	08:39:00	1	0	53	0	Ct	0	0	0	2	1	0	2	2	2	0	1	2	3	2	2	5	0	0	2	2	2	2	4	3	0	1	3	1	0	0	5	0	2	2
11316	29 Jul 25	08:40:00	1	0	53	0	Ct	0	0	3	2	1	0	2	1	2	2	1	0	0	2	3	4	1	3	1	3	1	4	2	2	0	0	1	1	0	0	5	0	3	2
11317	29 Jul 25	08:41:00	1	0	53	0	Ct	0	0	3	6	2	0	2	2	3	0	2	0	0	0	1	3	3	4	2	1	3	2	4	0	0	1	1	3	0	0	2	0	6	2
11318	29 Jul 25	08:42:00	1	0	53	0	Ct	0	0	1	0	0	0	5	3	1	0	1	0	0	0	1	2	2	1	1	0	3	2	2	1	0	1	0	1	0	0	2	0	3	1
11319	29 Jul 25	08:43:00	1	0	53	0	Ct	0	0	0	2	2	1	3	3	0	0	2	3	0	0	4	3	5	0	3	3	1	3	0	1	0	0	0	2	0	0	2	0	3	2
11320	29 Jul 25	08:44:00	1	0	53	0	Ct	0	0	1	1	5	1	2	3	0	0	2	4	2	0	1	3	0	3	7	2	2	3	1	0	0	3	0	2	0	0	2	0	3	2
11321	29 Jul 25	08:45:00	1	0	53	0	Ct	0	0	2	3	1	3	3	2	0	0	1	4	1	0	10	2	2	2	6	1	10	2	1	2	0	4	0	2	0	0	1	0	1	2
11322	29 Jul 25	08:46:00	1	0	53	0	Ct	0	0	0	3	1	0	3	3	0	0	1	3	2	0	1	4	5	3	3	0	0	2	3	0	0	3	0	3	0	0	2	0	1	1
11323	29 Jul 25	08:47:00	1	0	53	0	Ct	0	0	0	2	0	0	3	3	0	0	0	3	3	0	1	3	4	2	3	0	2	1	1	2	0	3	2	2	0	0	4	0	0	2
11324	29 Jul 25	08:48:00	1	0	53	0	Ct	0	0	0	0	0	0	1	2	0	2	1	4	1	5	1	1	5	2	1	0	4	1	3	3	0	2	0	0	0	0	2	0	2	2
11325	29 Jul 25	08:49:00	1	0	53	0	Ct	0	0	0	0	0	4	2	2	2	2	3	4	3	1	2	0	2	5	1	2	2	2	2	2	0	2	1	0	0	0	2	0	4	3
11326	29 Jul 25	08:50:00	1	0	53	0	Ct	0	0	0	0	0	2	1	4	5	2	3	0	2	0	1	3	2	5	1	3	2	3	0	2	0	0	1	2	0	0	3	0	6	1
11327	29 Jul 25	08:51:00	1	0	53	0	Ct	0	0	0	5	0	0	2	1	5	0	3	1	2	0	3	3	2	2	1	5	3	2	0	2	0	1	0	2	0	0	3	0	4	1
11328	29 Jul 25	08:52:00	1	0	53	0	Ct	0	0	2	1	0	0	2	2	2	3	2	3	1	0	2	4	2	3	2	5	1	2	0	0	0	2	0	3	0	0	3	0	6	1
11329	29 Jul 25	08:53:00	1	0	53	0	Ct	0	0	4	4	1	1	1	6	0	0	3	3	2	0	2	4	2	4	1	2	0	0	0	2	0	1	0	2	0	0	2	0	2	3
11330	29 Jul 25	08:54:00	1	0	53	0	Ct	0	0	2	1	3	2	3	1	2	3	0	3	5	3	1	3	4	3	6	2	0	3	0	2	0	0	0	3	0	0	0	0	2	0
11331	29 Jul 25	08:55:00	1	0	53	0	Ct	0	0	2	2	2	2	1	2	2	0	0	2	3	4	3	4	4	2	3	1	1	3	0	1	0	0	0	2	0	0	2	0	3	0
11332	29 Jul 25	08:56:00	1	0	53	0	Ct	0	0	3	0	1	1	0	4	1	1	1	1	1	4	2	2	1	1	2	5	1	1	0	1	0	1	0	0	0	0	3	0	3	2
11333	29 Jul 25	08:57:00	1	0	53	0	Ct	0	0	2	2	1	0	0	2	0	1	1	4	3	3	0	3	4	3	2	1	3	2	0	2	0	3	0	0	0	0	2	0	4	2
11334	29 Jul 25	08:58:00	1	0	53	0	Ct	0	0	3	0	2	0	0	3	0	1	1	1	3	4	1	2	4	2	2	2	3	1	0	1	0	0	0	2	0	0	1	0	6	2
11335	29 Jul 25	08:59:00	1	0	53	0	Ct	0	0	4	0	3	0	4	1	0	1	1	1	2	0	3	4	5	1	1	1	1	2	0	0	0	4	0	3	0	0	3	0	4	1
11336	29 Jul 25	09:00:00	1	0	53	0	Ct	0	0	0	1	1	0	3	2	0	0	1	2	1	1	3	1	3	0	4	2	1	1	0	1	0	2	0	1	0	0	0	0	2	1
11337	29 Jul 25	09:01:00	1	0	53	0	Ct	0	0	2	3	3	1	3	2	0	0	16	2	0	0	1	3	1	2	4	2	3	1	0	3	0	0	0	1	0	0	1	0	0	2
11338	29 Jul 25	09:02:00	1	0	53	0	Ct	0	0	2	2	4	2	3	1	2	1	2	0	2	2	0	4	4	1	3	1	0	2	0	1	0	1	2	0	0	0	1	0	2	1
11339	29 Jul 25	09:03:00	1	0	53	0	Ct	0	0	0	0	2	5	2	3	1	2	3	0	0	5	3	2	1	2	2	3	0	4	0	2	0	2	1	2	0	0	2	0	3	0
11340	29 Jul 25	09:04:00	1	0	53	0	Ct	0	0	0	1	0	2	5	0	2	1	2	0	0	3	1	3	4	4	5	2	1	2	0	1	0	1	2	3	0	0	0	0	3	1
11341	29 Jul 25	09:05:00	1	0	53	0	Ct	0	0	2	3	1	2	3	2	1	1	0	0	1	4	3	5	4	2	0	3	1	2	0	1	0	3	2	0	0	0	1	0	3	3
11342	29 Jul 25	09:06:00	1	0	53	0	Ct	0	0	0	1	0	1	4	4	3	2	0	0	3	3	3	1	4	2	1	2	0	1	0	1	0	2	1	0	0	0	4	0	1	0
11343	29 Jul 25	09:07:00	1	0	53	0	Ct	0	0	0	1	1	0	2	3	3	3	0	1	1	4	4	1	1	1	3	0	2	4	0	1	0	1	0	0	0	0	1	0	1	3
11344	29 Jul 25	09:08:00	1	0	53	0	Ct	0	0	3	3	0	0	2	1	1	0	0	3	5	2	3	1	1	1	1	0	3	0	0	2	0	1	1	2	0	0	5	0	0	0
11345	29 Jul 25	09:09:00	1	0	53	0	Ct	0	0	4	2	0	1	1	7	0	0	0	0	2	4	2	0	3	2	5	2	3	1	0	0	0	3	1	3	0	0	1	0	2	1
11346	29 Jul 25	09:10:00	1	0	53	0	Ct	0	0	2	1	2	3	0	4	0	1	0	0	2	2	1	5	3	3	2	7	1	4	0	0	0	1	0	4	0	0	3	0	2	1
11347	29 Jul 25	09:11:00	1	0	53	0	Ct	0	0	2	1	0	1	3	2	0	1	1	3	2	3	0	13	4	2	2	0	1	0	0	3	0	1	0	3	0	0	0	0	4	4
11348	29 Jul 25	09:12:00	1	0	53	0	Ct	0	0	1	2	0	4	3	3	2	2	0	1	4	3	0	2	2	3	0	2	2	0	0	2	0	1	0	2	0	0	0	0	4	4
11349	29 Jul 25	09:13:00	1	0	53	0	Ct	0	0	2	2	0	2	3	3	1	0	0	0	1	2	0	4	2	2	1	2	2	0	0	1	0	0	1	2	0	0	3	0	5	1
11350	29 Jul 25	09:14:00	1	0	53	0	Ct	0	0	2	1	0	5	5	3	3	1	1	0	1	6	1	0	5	4	2	2	5	0	0	3	0	0	2	1	0	0	2	0	2	2
11351	29 Jul 25	09:15:00	1	0	53	0	Ct	0	0	3	0	1	0	1	3	2	2	0	0	3	0	1	2	3	2	2	2	1	0	0	1	0	1	1	2	0	0	1	0	3	2
11352	29 Jul 25	09:16:00	1	0	53	0	Ct	0	0	2	0	3	0	2	0	0	3	0	0	3	0	1	0	3	1	2	1	1	2	0	1	0	1	0	1	0	0	2	0	3	0
11353	29 Jul 25	09:17:00	1	0	53	0	Ct	0	0	0	1	1	0	3	5	3	1	1	0	1	0	2	4	2	0	2	2	0	2	0	0	0	3	0	3	0	0	1	0	11	0
11354	29 Jul 25	09:18:00	1	0	53	0	Ct	0	0	0	1	0	0	2	1	3	0	1	0	3	0	1	0	2	1	1	0	3	0	0	0	0	3	0	2	0	0	1	0	4	0
11355	29 Jul 25	09:19:00	1	0	53	0	Ct	0	0	0	1	0	0	1	1	1	3	2	4	2	0	1	0	1	0	2	1	0	0	0	0	0	5	1	1	0	0	1	0	2	1
11356	29 Jul 25	09:20:00	1	0	53	0	Ct	0	0	0	1	0	0	5	1	1	3	1	4	1	3	3	1	1	0	2	0	4	0	0	1	0	4	1	3	0	0	3	0	3	3
11357	29 Jul 25	09:21:00	1	0	53	0	Ct	0	0	0	0	2	0	4	2	0	2	3	2	0	3	2	1	2	1	1	1	2	1	0	2	0	2	1	1	0	0	1	0	3	1
11358	29 Jul 25	09:22:00	1	0	53	0	Ct	0	0	3	0	1	0	4	0	0	1	4	3	0	3	1	3	4	3	3	2	3	3	0	0	0	2	1	2	0	0	3	0	2	2
11359	29 Jul 25	09:23:00	1	0	53	0	Ct	0	0	4	0	0	0	0	3	0	1	5	4	0	2	2	3	3	0	1	2	1	0	0	1	0	2	0	3	0	0	3	0	2	2
11360	29 Jul 25	09:24:00	1	0	53	0	Ct	0	0	3	0	2	0	4	4	1	1	0	3	2	5	1	4	2	0	2	3	3	0	0	3	0	4	0	0	0	0	2	0	1	2
11361	29 Jul 25	09:25:00	1	0	53	0	Ct	0	0	4	0	0	0	2	1	2	1	2	0	2	0	1	6	5	1	1	0	4	2	0	2	0	1	1	1	0	0	1	0	0	1
11362	29 Jul 25	09:26:00	1	0	53	0	Ct	0	0	2	1	2	0	5	3	3	3	7	1	2	0	1	0	8	2	2	3	3	0	0	0	0	1	1	0	0	0	3	0	0	1
11363	29 Jul 25	09:27:00	1	0	53	0	Ct	0	0	2	3	3	2	2	4	3	2	1	0	3	1	1	2	4	1	3	1	2	0	0	1	0	0	0	0	0	0	2	0	3	3
11364	29 Jul 25	09:28:00	1	0	53	0	Ct	0	0	1	3	5	5	0	4	2	1	3	0	0	3	2	2	2	1	2	0	0	0	0	0	0	1	0	0	0	0	2	0	3	1
11365	29 Jul 25	09:29:00	1	0	53	0	Ct	0	0	2	0	3	4	2	3	2	1	1	0	2	3	1	4	3	0	0	2	2	0	0	1	0	1	0	0	0	0	0	0	3	2
11366	29 Jul 25	09:30:00	1	0	53	0	Ct	0	0	3	2	1	0	2	3	0	2	3	0	1	3	1	2	1	4	1	3	0	0	0	3	0	2	0	0	0	0	0	0	3	3
11367	29 Jul 25	09:31:00	1	0	53	0	Ct	0	0	2	2	1	0	3	4	0	2	3	3	0	3	2	0	1	0	2	0	1	0	0	2	0	0	0	0	0	0	0	0	3	1
11368	29 Jul 25	09:32:00	1	0	53	0	Ct	0	0	3	0	1	0	3	2	0	1	3	3	0	3	0	1	3	1	2	0	3	0	0	1	0	3	4	5	0	0	0	0	2	0
11369	29 Jul 25	09:33:00	1	0	53	0	Ct	0	0	3	1	2	0	4	0	0	1	2	3	0	5	2	0	4	3	3	2	2	0	0	1	0	0	2	4	0	0	0	0	3	0
11370	29 Jul 25	09:34:00	1	0	53	0	Ct	0	0	1	2	1	0	2	2	0	1	0	2	1	2	4	2	1	0	3	2	1	1	0	0	0	1	2	3	0	0	0	0	4	0
11371	29 Jul 25	09:35:00	1	0	53	0	Ct	0	0	0	0	0	1	3	4	0	1	3	1	2	1	3	5	2	3	2	0	3	1	0	2	0	1	2	1	0	0	0	0	3	0
11372	29 Jul 25	09:36:00	1	0	53	0	Ct	0	0	1	2	0	4	1	2	0	0	2	4	0	0	1	1	12	2	4	1	0	0	1	3	0	0	0	0	0	0	0	0	6	1
11373	29 Jul 25	09:37:00	1	0	53	0	Ct	0	0	2	0	0	0	2	2	1	0	4	0	3	0	2	0	3	2	1	1	0	0	3	1	0	1	1	0	0	0	0	0	2	2
11374	29 Jul 25	09:38:00	1	0	53	0	Ct	0	0	0	4	1	0	2	2	3	2	2	2	1	0	4	2	2	2	1	2	0	0	2	3	0	0	0	3	0	0	0	0	3	3
11375	29 Jul 25	09:39:00	1	0	53	0	Ct	0	0	0	3	6	0	2	3	0	2	2	3	1	0	0	4	2	2	2	0	2	0	4	2	0	3	0	2	0	0	0	0	6	0
11376	29 Jul 25	09:40:00	1	0	53	0	Ct	0	0	0	4	2	0	2	3	2	1	2	1	0	0	1	4	4	3	2	1	0	0	3	1	0	1	0	3	0	0	0	0	4	2
11377	29 Jul 25	09:41:00	1	0	53	0	Ct	0	0	0	3	3	1	1	2	4	1	5	3	1	3	1	4	2	4	4	1	3	0	3	0	0	1	2	0	0	0	2	0	4	1
11378	29 Jul 25	09:42:00	1	0	53	0	Ct	0	0	0	1	2	2	2	0	2	1	2	1	3	0	2	4	8	3	4	0	5	0	2	2	0	1	0	0	0	0	0	0	4	1
11379	29 Jul 25	09:43:00	1	0	53	0	Ct	0	0	4	2	3	2	1	2	2	3	2	0	1	2	0	2	3	3	3	2	1	0	2	1	0	0	1	0	0	0	0	0	4	3
11380	29 Jul 25	09:44:00	1	0	53	0	Ct	0	0	1	1	0	3	1	2	1	1	1	0	0	3	2	3	5	3	2	2	2	0	3	0	0	0	0	0	0	0	0	0	2	0
11381	29 Jul 25	09:45:00	1	0	53	0	Ct	0	0	4	0	0	0	8	2	2	0	1	0	0	0	0	0	2	3	2	2	1	0	1	1	0	0	0	2	0	0	2	0	3	2
11382	29 Jul 25	09:46:00	1	0	53	0	Ct	0	0	1	1	1	0	4	0	0	4	3	0	3	0	0	5	4	3	0	4	4	0	2	1	0	1	1	3	0	0	2	0	4	0
11383	29 Jul 25	09:47:00	1	0	53	0	Ct	0	0	2	3	5	0	6	1	1	3	3	0	1	5	0	0	5	1	2	2	2	0	3	3	0	2	1	3	0	0	5	0	3	0
11384	29 Jul 25	09:48:00	1	0	53	0	Ct	0	0	3	0	8	0	3	4	0	3	3	0	0	3	2	0	1	0	1	2	2	0	0	3	0	1	0	5	0	0	1	0	1	2
11385	29 Jul 25	09:49:00	1	0	53	0	Ct	0	0	1	0	2	0	2	3	0	1	1	3	1	4	2	1	3	2	0	1	3	0	2	2	0	2	0	2	0	0	1	0	2	0
11386	29 Jul 25	09:50:00	1	0	53	0	Ct	0	0	3	0	1	0	3	3	0	0	1	2	3	3	2	0	2	4	2	0	3	0	4	3	0	2	2	1	0	0	2	0	0	2
11387	29 Jul 25	09:51:00	1	0	53	0	Ct	0	0	1	1	0	0	3	3	0	1	4	4	1	3	2	0	3	3	1	2	1	0	0	1	0	0	0	1	0	0	1	0	0	1
11388	29 Jul 25	09:52:00	1	0	53	0	Ct	0	0	3	3	0	3	2	4	0	2	1	5	2	2	1	2	4	3	4	1	1	0	2	1	0	3	0	1	0	0	2	0	8	0
11389	29 Jul 25	09:53:00	1	0	53	0	Ct	0	0	3	2	2	1	1	7	0	1	2	2	2	2	1	2	4	2	3	1	3	0	3	19	0	0	2	0	0	0	1	0	4	0
11390	29 Jul 25	09:54:00	1	0	53	0	Ct	0	0	3	0	0	2	1	1	0	0	1	3	1	0	2	2	1	3	1	1	2	0	1	0	0	1	0	2	0	0	1	0	2	2
11391	29 Jul 25	09:55:00	1	0	53	0	Ct	0	0	0	1	0	1	1	2	0	0	2	2	1	1	1	1	4	2	0	2	3	2	2	0	0	0	0	0	0	0	0	0	4	3
11392	29 Jul 25	09:56:00	1	0	53	0	Ct	0	0	1	2	2	1	3	2	0	2	3	1	2	4	0	0	2	2	0	1	3	0	3	0	0	1	0	1	0	0	0	0	4	2
11393	29 Jul 25	09:57:00	1	0	53	0	Ct	0	0	1	2	3	4	3	2	0	3	2	1	1	4	3	0	1	0	2	3	1	0	1	2	0	1	1	3	0	0	0	0	1	0
11394	29 Jul 25	09:58:00	1	0	53	0	Ct	0	0	0	0	0	4	3	0	0	1	0	3	0	4	2	1	3	1	5	2	0	0	1	1	0	2	1	5	0	0	1	0	4	0
11395	29 Jul 25	09:59:00	1	0	53	0	Ct	0	0	0	0	3	2	5	3	0	4	2	3	2	1	1	0	4	2	1	2	4	2	3	1	0	0	0	0	0	0	3	0	1	3
11396	29 Jul 25	10:00:00	1	0	53	0	Ct	0	0	1	5	2	2	2	1	0	0	0	2	3	0	3	1	2	0	2	1	2	4	0	2	0	1	0	1	0	0	2	0	3	2
11397	29 Jul 25	10:01:00	1	0	53	0	Ct	0	0	2	3	0	4	2	0	0	0	1	3	3	0	1	1	4	5	1	0	1	1	0	1	0	1	0	1	0	0	1	0	4	2
11398	29 Jul 25	10:02:00	1	0	53	0	Ct	0	0	3	2	0	4	1	3	0	1	2	3	1	0	2	1	0	1	1	1	2	4	0	0	0	2	0	3	0	0	3	0	2	3
11399	29 Jul 25	10:03:00	1	0	53	0	Ct	0	0	3	0	0	3	0	1	0	2	2	2	1	0	3	0	2	1	2	3	0	1	0	3	0	3	0	2	0	0	1	0	3	2
11400	29 Jul 25	10:04:00	1	0	53	0	Ct	0	0	1	0	1	3	0	0	2	3	2	2	2	0	0	1	2	2	0	1	0	0	0	1	0	2	0	2	0	0	4	0	2	0
11401	29 Jul 25	10:05:00	1	0	53	0	Ct	0	1	5	0	2	0	0	2	2	5	2	1	2	1	5	0	2	1	2	1	2	1	2	1	0	0	0	1	0	0	0	0	2	0
11402	29 Jul 25	10:06:00	1	0	53	0	Ct	0	1	4	1	0	0	0	2	0	3	0	4	1	0	3	1	0	0	0	0	0	0	0	1	0	0	1	0	0	0	0	0	0	0
11403	29 Jul 25	10:07:00	1	0	53	0	Ct	0	1	4	0	0	0	0	0	0	0	0	0	0	0	2	2	0	0	0	0	0	0	0	0	0	0	0	0	0	0	0	0	0	0
11404	29 Jul 25	10:08:00	1	0	53	0	Ct	0	1	0	0	0	0	0	0	0	0	0	0	0	0	2	5	0	0	0	0	0	0	0	0	0	0	0	0	0	0	0	0	0	0
11405	29 Jul 25	10:09:00	1	0	53	0	Ct	0	1	0	0	0	0	0	0	0	0	0	0	2	0	16	1	0	0	0	0	0	0	0	0	0	0	0	0	0	0	0	0	0	0
11406	29 Jul 25	10:10:00	1	0	53	0	Ct	0	1	0	0	1	0	0	0	0	0	0	0	0	0	1	0	0	0	0	0	0	0	0	0	0	0	0	0	0	0	0	0	0	0
11407	29 Jul 25	10:11:00	1	0	53	0	Ct	0	1	0	1	0	0	0	0	0	0	0	0	0	0	4	1	0	0	0	0	0	0	0	0	0	0	0	0	0	0	0	0	0	0
11408	29 Jul 25	10:12:00	1	0	53	0	Ct	0	1	0	0	0	0	0	2	0	0	0	0	0	0	0	0	0	0	0	0	0	0	0	0	0	0	0	0	0	0	0	0	0	0
11409	29 Jul 25	10:13:00	1	0	53	0	Ct	0	1	0	0	0	0	0	0	0	0	0	0	1	0	1	0	0	0	0	0	0	0	0	0	0	0	0	0	0	0	0	0	0	0
11410	29 Jul 25	10:14:00	1	0	53	0	Ct	0	1	0	0	0	0	0	0	0	0	0	0	0	0	0	0	0	0	0	0	0	0	0	0	0	0	0	0	0	0	0	0	0	0
11411	29 Jul 25	10:15:00	1	0	53	0	Ct	0	1	0	0	0	0	0	0	0	0	0	0	0	0	2	0	0	0	0	0	0	0	0	0	0	2	1	0	0	0	0	0	0	0
11412	29 Jul 25	10:16:00	1	0	53	0	Ct	0	1	0	0	0	0	0	0	0	1	0	0	0	0	1	0	0	0	0	0	0	0	0	0	0	1	0	0	0	0	0	0	0	0
11413	29 Jul 25	10:17:00	1	0	53	0	Ct	0	1	0	0	0	0	0	0	0	0	0	0	0	0	1	0	0	0	1	0	0	0	0	0	0	0	0	0	0	0	0	0	0	0
11414	29 Jul 25	10:18:00	1	0	53	0	Ct	0	1	1	0	0	0	0	0	0	0	0	0	0	0	0	0	0	0	0	0	0	0	1	0	0	0	0	0	0	0	0	0	0	0
11415	29 Jul 25	10:19:00	1	0	53	0	Ct	0	1	2	0	0	0	0	0	0	1	0	0	0	0	0	0	0	0	1	0	0	0	1	0	0	0	0	0	0	0	0	0	0	0
11416	29 Jul 25	10:20:00	1	0	53	0	Ct	0	1	0	0	0	0	0	0	0	0	0	0	0	0	0	0	0	0	0	0	0	0	0	0	0	0	0	0	0	0	0	0	0	0
11417	29 Jul 25	10:21:00	1	0	53	0	Ct	0	1	0	3	0	0	0	0	0	0	0	0	0	0	1	0	0	0	0	0	0	0	0	0	0	3	0	0	0	0	0	0	0	0
11418	29 Jul 25	10:22:00	1	0	53	0	Ct	0	1	0	1	1	0	0	0	0	0	0	0	0	0	0	0	0	0	0	0	0	0	2	0	0	1	0	0	0	0	0	0	0	0
11419	29 Jul 25	10:23:00	1	0	53	0	Ct	0	1	2	2	0	1	0	0	0	0	0	1	0	0	0	0	0	0	0	0	0	0	0	0	0	0	0	0	0	0	0	0	0	0
11420	29 Jul 25	10:24:00	1	0	53	0	Ct	0	1	3	2	0	0	0	0	0	0	0	0	4	1	1	1	0	0	0	0	0	0	0	0	0	0	0	0	0	0	0	0	0	0
11421	29 Jul 25	10:25:00	1	0	53	0	Ct	0	1	5	2	0	0	0	0	0	0	0	0	0	0	0	0	0	0	0	0	0	0	0	0	0	0	0	0	0	0	0	0	0	0
11422	29 Jul 25	10:26:00	1	0	53	0	Ct	0	1	0	2	0	0	0	0	0	0	0	0	3	0	0	3	0	1	0	0	0	0	0	0	0	0	0	0	0	0	0	0	0	0
11423	29 Jul 25	10:27:00	1	0	53	0	Ct	0	1	2	2	0	0	0	0	0	0	0	0	3	0	0	0	0	0	0	0	0	0	0	0	0	0	0	0	0	0	0	0	0	1
11424	29 Jul 25	10:28:00	1	0	53	0	Ct	0	1	0	1	0	0	0	0	0	0	0	0	0	0	1	0	0	0	0	0	0	0	0	0	0	0	0	0	0	0	0	0	0	1
11425	29 Jul 25	10:29:00	1	0	53	0	Ct	0	1	2	1	0	0	0	0	0	0	0	0	1	0	0	0	0	0	0	0	0	0	0	0	0	0	0	0	0	0	0	0	0	0
11426	29 Jul 25	10:30:00	1	0	53	0	Ct	0	1	0	2	0	1	0	0	0	0	0	0	1	0	1	0	2	0	0	0	0	0	0	0	0	0	0	0	0	0	0	0	0	1
11427	29 Jul 25	10:31:00	1	0	53	0	Ct	0	1	2	1	0	0	0	0	0	0	0	0	0	0	0	0	0	0	0	0	0	0	0	0	0	0	0	0	0	0	0	0	0	1
11428	29 Jul 25	10:32:00	1	0	53	0	Ct	0	1	3	1	0	0	0	0	0	0	0	0	0	0	0	0	0	0	0	0	0	0	0	1	0	0	0	0	0	0	0	0	0	1
11429	29 Jul 25	10:33:00	1	0	53	0	Ct	0	1	1	3	0	0	0	0	0	0	0	0	1	0	1	0	0	0	0	0	0	0	0	0	0	0	0	0	0	0	0	0	0	1
11430	29 Jul 25	10:34:00	1	0	53	0	Ct	0	1	0	0	0	0	0	0	0	0	0	0	2	0	1	0	0	0	0	0	0	0	0	2	0	0	0	0	0	0	0	0	0	1
11431	29 Jul 25	10:35:00	1	0	53	0	Ct	0	1	0	1	0	0	0	0	0	0	0	0	0	0	0	0	0	0	0	0	0	0	0	0	0	0	0	0	0	0	0	0	0	2
11432	29 Jul 25	10:36:00	1	0	53	0	Ct	0	1	0	2	0	0	0	0	0	0	0	0	0	0	0	0	0	0	0	0	0	0	0	0	0	0	0	0	0	0	0	0	0	1
11433	29 Jul 25	10:37:00	1	0	53	0	Ct	0	1	0	1	0	0	0	0	0	0	0	0	1	0	1	0	0	0	0	0	0	0	0	0	0	0	0	0	0	0	0	0	0	2
11434	29 Jul 25	10:38:00	1	0	53	0	Ct	0	1	0	1	0	0	0	0	0	0	0	0	0	0	0	0	0	0	0	0	0	0	0	0	0	0	0	0	0	0	0	0	0	2
11435	29 Jul 25	10:39:00	1	0	53	0	Ct	0	1	1	1	0	0	0	0	0	0	0	0	0	0	0	0	0	1	0	0	0	0	0	0	0	0	0	0	0	0	0	0	0	1
11436	29 Jul 25	10:40:00	1	0	53	0	Ct	0	1	0	3	0	0	0	0	0	0	0	0	0	0	2	0	0	0	0	0	0	0	0	0	0	0	0	0	0	0	0	0	0	2
11437	29 Jul 25	10:41:00	1	0	53	0	Ct	0	1	0	1	0	0	0	0	0	0	0	0	0	0	0	0	0	0	0	0	0	0	0	0	0	0	0	0	0	0	0	0	0	1
11438	29 Jul 25	10:42:00	1	0	53	0	Ct	0	1	0	0	0	0	0	0	0	0	0	0	3	0	1	0	0	0	0	0	0	0	0	0	0	0	0	0	0	0	0	0	0	2
11439	29 Jul 25	10:43:00	1	0	53	0	Ct	0	1	2	0	0	0	0	0	0	0	0	0	0	0	4	0	0	0	0	0	0	0	0	0	0	0	0	0	0	0	0	0	0	0
11440	29 Jul 25	10:44:00	1	0	53	0	Ct	0	1	0	0	0	0	2	0	0	0	0	0	0	0	0	0	0	0	0	0	0	0	0	0	0	0	0	0	0	0	0	0	0	2
11441	29 Jul 25	10:45:00	1	0	53	0	Ct	0	1	0	1	0	0	0	0	0	1	0	0	0	0	1	0	2	0	0	0	0	0	0	0	0	0	0	0	0	0	0	0	0	2
11442	29 Jul 25	10:46:00	1	0	53	0	Ct	0	1	0	1	0	0	0	0	0	0	0	0	0	0	1	0	0	0	0	0	0	0	0	0	0	0	0	0	0	0	0	0	0	2
11443	29 Jul 25	10:47:00	1	0	53	0	Ct	0	1	1	3	0	1	0	0	0	0	0	0	0	0	1	0	0	0	0	0	0	0	0	0	0	0	0	0	0	0	0	0	0	1
11444	29 Jul 25	10:48:00	1	0	53	0	Ct	0	1	1	1	0	1	0	0	0	0	0	0	0	0	1	0	0	0	0	0	0	0	0	0	0	0	0	0	0	0	0	0	0	2
11445	29 Jul 25	10:49:00	1	0	53	0	Ct	0	1	0	1	0	0	0	0	0	0	0	0	0	0	1	0	0	0	0	0	0	0	0	0	0	0	0	0	0	0	0	0	0	2
11446	29 Jul 25	10:50:00	1	0	53	0	Ct	0	1	0	2	0	0	0	0	0	0	0	0	0	0	2	1	0	0	0	0	0	0	0	0	0	0	0	0	0	0	0	0	0	2
11447	29 Jul 25	10:51:00	1	0	53	0	Ct	0	1	0	2	0	1	0	0	0	0	0	0	1	0	1	0	0	0	0	0	0	0	0	0	0	0	0	0	0	0	0	0	0	2
11448	29 Jul 25	10:52:00	1	0	53	0	Ct	0	1	0	2	0	1	0	0	0	0	0	0	4	0	1	0	0	0	1	0	0	0	0	0	0	0	0	0	0	0	0	0	0	0
11449	29 Jul 25	10:53:00	1	0	53	0	Ct	0	1	0	1	0	0	0	0	0	0	0	0	0	0	1	0	0	0	0	0	0	0	0	0	0	0	0	0	0	0	0	0	0	2
11450	29 Jul 25	10:54:00	1	0	53	0	Ct	0	1	0	1	0	3	0	0	0	0	0	0	0	0	1	0	0	0	0	0	0	0	0	0	0	0	0	0	0	0	0	0	0	2
11451	29 Jul 25	10:55:00	1	0	53	0	Ct	0	1	0	2	0	2	0	0	0	0	0	0	0	0	1	0	0	0	0	0	0	0	0	0	0	0	0	0	0	0	0	0	0	1
11452	29 Jul 25	10:56:00	1	0	53	0	Ct	0	1	0	2	0	2	0	0	0	0	0	0	0	0	0	0	0	0	0	0	0	0	0	0	0	0	0	0	0	0	0	0	0	0
11453	29 Jul 25	10:57:00	1	0	53	0	Ct	0	1	0	1	0	0	0	0	0	0	0	0	0	0	2	0	0	0	0	0	0	0	0	0	0	0	0	0	0	0	0	0	0	0
11454	29 Jul 25	10:58:00	1	0	53	0	Ct	0	1	23	3	0	0	0	0	0	0	0	0	0	0	3	0	0	0	0	0	0	0	0	0	0	0	0	0	0	0	0	0	0	0
11455	29 Jul 25	10:59:00	1	0	53	0	Ct	0	1	0	2	0	2	0	0	0	0	0	0	0	0	0	0	0	0	0	0	0	0	0	0	0	0	0	0	0	0	0	0	0	0
11456	29 Jul 25	11:00:00	1	0	53	0	Ct	0	1	0	2	0	0	0	0	0	0	0	0	0	0	0	0	0	0	0	0	0	0	0	0	0	0	0	0	0	0	0	0	0	0
11457	29 Jul 25	11:01:00	1	0	53	0	Ct	0	1	0	1	0	0	0	0	0	0	0	0	0	0	1	0	0	0	0	0	0	0	0	0	0	0	0	0	0	0	0	0	0	2
11458	29 Jul 25	11:02:00	1	0	53	0	Ct	0	1	0	1	0	2	0	0	0	0	0	0	0	0	0	0	0	0	0	0	0	0	0	0	0	0	0	0	0	0	0	0	0	2
11459	29 Jul 25	11:03:00	1	0	53	0	Ct	0	1	2	1	0	2	0	0	0	0	0	0	0	0	2	0	0	0	0	0	0	0	0	0	0	0	0	0	0	0	0	0	0	0
11460	29 Jul 25	11:04:00	1	0	53	0	Ct	0	1	0	1	0	2	0	0	0	0	0	1	0	0	1	0	0	0	0	0	0	0	0	0	0	0	0	0	0	0	0	0	0	0
11461	29 Jul 25	11:05:00	1	0	53	0	Ct	0	1	0	2	0	4	0	0	0	0	0	0	0	0	1	0	0	0	0	0	0	0	0	0	0	0	0	0	0	0	0	0	0	0
11462	29 Jul 25	11:06:00	1	0	53	0	Ct	0	1	3	1	0	2	0	0	0	0	0	0	0	0	1	0	0	0	0	0	0	0	0	0	0	0	0	0	0	0	0	0	0	0
11463	29 Jul 25	11:07:00	1	0	53	0	Ct	0	1	0	1	0	0	0	0	0	0	0	0	0	0	2	1	0	0	0	0	0	0	0	0	0	0	0	0	0	0	0	0	0	0
11464	29 Jul 25	11:08:00	1	0	53	0	Ct	0	1	0	2	0	0	0	0	0	0	0	0	0	0	0	0	0	0	0	0	0	0	0	0	0	0	0	0	0	0	0	0	0	0
11465	29 Jul 25	11:09:00	1	0	53	0	Ct	0	1	0	1	0	0	0	0	0	0	0	0	1	0	0	0	0	0	0	0	0	0	0	0	0	0	0	0	0	0	0	0	0	0
11466	29 Jul 25	11:10:00	1	0	53	0	Ct	0	1	0	1	0	2	0	0	0	0	0	0	1	0	1	0	0	0	0	0	0	0	0	0	0	0	0	0	0	0	0	0	0	0
11467	29 Jul 25	11:11:00	1	0	53	0	Ct	0	1	0	2	0	0	0	0	0	0	0	0	0	0	1	0	0	0	0	0	0	0	0	0	0	0	0	0	0	0	0	0	0	0
11468	29 Jul 25	11:12:00	1	0	53	0	Ct	0	1	0	1	0	2	0	0	0	0	0	0	0	0	0	0	0	0	0	0	0	0	0	0	0	0	0	0	0	0	0	0	0	0
11469	29 Jul 25	11:13:00	1	0	53	0	Ct	0	1	0	2	0	0	0	0	0	0	0	0	0	0	0	0	0	0	0	0	0	0	0	0	0	0	0	0	0	0	0	0	0	0
11470	29 Jul 25	11:14:00	1	0	53	0	Ct	0	1	0	1	0	2	0	0	0	0	0	0	2	0	0	0	0	0	0	0	0	0	0	0	0	0	0	0	0	0	0	0	0	0
11471	29 Jul 25	11:15:00	1	0	53	0	Ct	0	1	0	1	0	1	0	0	0	0	0	0	0	0	1	0	0	0	0	0	0	0	0	0	0	0	0	0	0	0	0	0	0	0
11472	29 Jul 25	11:16:00	1	0	53	0	Ct	0	1	0	3	0	0	0	0	0	0	0	0	0	0	0	0	0	0	0	0	0	0	0	0	0	0	0	0	0	0	0	0	0	0
11473	29 Jul 25	11:17:00	1	0	53	0	Ct	0	1	0	1	0	0	0	0	0	0	0	0	2	0	0	0	0	0	0	0	0	0	0	0	0	0	0	0	0	0	0	0	0	0
11474	29 Jul 25	11:18:00	1	0	53	0	Ct	0	1	0	3	0	0	0	0	0	0	1	0	2	0	0	0	0	0	0	0	0	0	0	0	0	0	0	0	0	0	0	0	0	0
11475	29 Jul 25	11:19:00	1	0	53	0	Ct	0	1	1	1	0	1	0	0	0	0	0	0	0	0	0	0	0	0	0	0	0	0	0	0	0	0	0	0	0	0	0	0	0	0
11476	29 Jul 25	11:20:00	1	0	53	0	Ct	0	1	0	0	0	2	0	0	0	0	0	0	0	0	0	0	0	0	0	0	0	0	0	0	0	0	0	0	0	0	0	0	0	0
11477	29 Jul 25	11:21:00	1	0	53	0	Ct	0	1	0	1	0	1	0	0	0	0	0	0	2	0	0	0	0	0	0	0	0	0	0	0	0	0	0	0	0	0	0	0	0	1
11478	29 Jul 25	11:22:00	1	0	53	0	Ct	0	1	2	0	0	2	0	0	0	0	0	0	1	0	0	0	0	0	0	0	0	0	0	0	0	0	0	0	0	0	0	0	0	0
11479	29 Jul 25	11:23:00	1	0	53	0	Ct	0	1	0	0	0	2	0	0	0	0	0	0	2	0	0	0	0	0	0	0	0	0	0	0	0	0	0	0	0	0	0	0	0	1
11480	29 Jul 25	11:24:00	1	0	53	0	Ct	0	1	0	1	0	0	0	0	0	0	0	0	0	0	0	0	0	0	1	0	0	0	0	0	0	0	0	0	0	0	0	0	0	0
11481	29 Jul 25	11:25:00	1	0	53	0	Ct	0	1	0	1	0	0	0	0	0	0	0	0	2	0	0	0	0	0	0	0	0	0	0	0	0	0	0	0	0	0	0	0	0	0
11482	29 Jul 25	11:26:00	1	0	53	0	Ct	0	1	0	1	0	0	0	0	0	0	0	0	1	0	0	0	0	0	0	0	0	0	0	0	0	0	0	0	0	0	0	0	0	0
11483	29 Jul 25	11:27:00	1	0	53	0	Ct	0	1	0	2	0	0	0	0	0	0	0	0	1	0	2	0	0	0	0	0	0	0	5	0	0	0	0	0	0	0	0	0	0	0
11484	29 Jul 25	11:28:00	1	0	53	0	Ct	0	1	0	0	0	0	0	0	0	0	0	0	1	0	0	0	0	0	0	0	0	0	0	0	0	0	0	0	0	0	0	0	0	0
11485	29 Jul 25	11:29:00	1	0	53	0	Ct	0	1	1	3	0	0	0	0	0	0	0	0	3	0	0	0	0	0	0	0	0	0	0	0	0	0	0	0	0	0	0	0	0	0
11486	29 Jul 25	11:30:00	1	0	53	0	Ct	0	1	0	1	0	0	0	0	0	0	0	0	3	0	0	0	0	0	0	0	0	0	0	0	0	0	0	0	0	0	0	0	0	0
11487	29 Jul 25	11:31:00	1	0	53	0	Ct	0	1	0	2	0	0	0	0	0	0	0	0	1	0	0	0	0	0	0	0	0	0	0	0	0	0	0	0	0	0	0	0	0	0
11488	29 Jul 25	11:32:00	1	0	53	0	Ct	0	1	0	1	0	0	0	0	0	0	0	0	2	0	0	0	0	0	0	0	0	0	1	0	0	0	0	0	0	0	0	0	0	0
11489	29 Jul 25	11:33:00	1	0	53	0	Ct	0	1	1	1	0	1	0	0	0	0	0	0	1	0	0	0	0	0	0	0	0	0	2	0	0	0	0	0	0	0	0	0	0	0
11490	29 Jul 25	11:34:00	1	0	53	0	Ct	0	1	0	0	0	0	0	0	0	0	0	0	1	0	0	0	0	0	0	0	0	0	2	0	0	0	0	0	0	0	0	0	0	0
11491	29 Jul 25	11:35:00	1	0	53	0	Ct	0	1	4	0	0	1	0	0	0	0	0	0	0	0	0	0	0	0	0	0	0	0	0	0	0	0	0	0	0	0	0	0	0	0
11492	29 Jul 25	11:36:00	1	0	53	0	Ct	0	1	0	1	0	1	0	0	0	0	0	0	0	0	0	0	0	0	0	0	0	0	0	0	0	0	0	0	0	0	0	0	0	0
11493	29 Jul 25	11:37:00	1	0	53	0	Ct	0	1	0	1	0	0	0	0	0	0	0	0	1	0	0	0	0	0	0	0	0	0	0	0	0	0	0	0	0	0	0	0	0	0
11494	29 Jul 25	11:38:00	1	0	53	0	Ct	0	1	0	1	0	1	0	0	0	0	0	0	1	0	1	0	0	0	0	0	0	0	0	0	0	0	0	0	0	0	0	0	0	1
11495	29 Jul 25	11:39:00	1	0	53	0	Ct	0	1	0	2	0	2	0	0	0	0	0	0	1	0	0	0	0	0	0	0	0	0	0	0	0	0	0	0	0	0	0	0	0	0
11496	29 Jul 25	11:40:00	1	0	53	0	Ct	0	1	0	1	0	0	0	0	0	0	0	0	0	0	0	0	0	0	0	0	0	0	0	0	0	0	0	0	0	0	0	0	0	0
11497	29 Jul 25	11:41:00	1	0	53	0	Ct	0	1	0	0	0	0	2	0	0	0	0	0	0	0	0	0	0	0	0	0	0	0	0	0	0	0	0	0	0	0	0	0	0	0
11498	29 Jul 25	11:42:00	1	0	53	0	Ct	0	1	0	1	0	0	0	0	0	0	0	0	0	0	0	0	0	0	0	0	0	0	0	0	0	0	0	0	0	0	0	0	0	0
11499	29 Jul 25	11:43:00	1	0	53	0	Ct	0	1	0	1	0	3	0	0	0	2	0	0	0	0	0	0	0	0	0	0	0	0	0	0	0	0	0	0	0	0	0	0	0	0
11500	29 Jul 25	11:44:00	1	0	53	0	Ct	0	1	0	1	0	2	0	0	0	0	0	0	0	0	0	0	0	0	0	0	0	0	0	0	0	0	0	0	0	0	0	0	0	0
11501	29 Jul 25	11:45:00	1	0	53	0	Ct	0	1	0	0	0	0	0	0	0	0	0	0	0	0	0	0	0	0	0	0	0	0	0	0	0	0	0	0	0	0	0	0	0	0
11502	29 Jul 25	11:46:00	1	0	53	0	Ct	0	1	0	0	0	1	0	0	0	0	0	0	0	0	0	0	0	0	0	0	0	0	0	0	0	0	0	0	0	0	0	0	0	0
11503	29 Jul 25	11:47:00	1	0	53	0	Ct	0	1	0	0	0	0	0	0	0	1	0	0	1	0	0	0	0	0	0	0	0	0	0	0	0	0	0	0	0	0	0	0	0	0
11504	29 Jul 25	11:48:00	1	0	53	0	Ct	0	1	0	2	0	0	0	0	0	1	0	0	0	0	0	0	0	0	0	0	0	0	0	0	0	0	0	0	0	0	0	0	0	0
11505	29 Jul 25	11:49:00	1	0	53	0	Ct	0	1	0	0	0	0	2	0	0	1	0	0	3	0	0	0	0	0	0	0	0	0	0	0	0	0	0	0	0	0	0	0	0	0
11506	29 Jul 25	11:50:00	1	0	53	0	Ct	0	1	0	2	0	0	0	0	0	2	0	0	0	0	0	0	0	0	0	0	0	0	0	0	0	0	0	0	0	0	0	0	0	0
11507	29 Jul 25	11:51:00	1	0	53	0	Ct	0	1	0	1	0	0	0	0	0	1	0	0	2	0	1	0	0	0	0	0	0	0	0	0	0	0	0	0	0	0	0	0	0	0
11508	29 Jul 25	11:52:00	1	0	53	0	Ct	0	1	0	2	0	0	0	0	0	1	0	0	1	0	0	0	0	0	0	0	0	0	0	0	0	0	0	0	0	0	0	0	0	0
11509	29 Jul 25	11:53:00	1	0	53	0	Ct	0	1	0	2	0	0	0	0	0	0	0	0	1	0	0	0	0	0	0	0	0	0	0	0	0	0	0	0	0	0	0	0	0	0
11510	29 Jul 25	11:54:00	1	0	53	0	Ct	0	1	0	4	0	0	0	0	0	1	0	0	0	0	0	0	0	0	0	0	0	0	0	0	0	0	0	0	0	0	0	0	0	0
11511	29 Jul 25	11:55:00	1	0	53	0	Ct	0	1	0	1	0	0	0	0	0	0	0	0	0	0	1	0	0	0	0	0	0	0	0	0	0	0	0	0	0	0	0	0	0	0
11512	29 Jul 25	11:56:00	1	0	53	0	Ct	0	1	0	1	0	0	0	0	0	2	0	0	1	0	14	0	0	0	0	0	0	0	0	0	0	0	0	0	0	0	0	0	0	0
11513	29 Jul 25	11:57:00	1	0	53	0	Ct	0	1	0	0	0	0	0	0	0	1	0	0	0	0	4	0	0	0	0	0	0	0	0	0	0	0	0	0	0	0	0	0	0	0
11514	29 Jul 25	11:58:00	1	0	53	0	Ct	0	1	0	3	0	0	0	0	0	1	0	0	1	0	0	0	0	0	0	0	0	0	0	0	0	0	0	0	0	0	0	0	0	0
11515	29 Jul 25	11:59:00	1	0	53	0	Ct	0	1	0	1	0	0	0	0	0	0	0	0	0	0	0	0	0	0	0	0	0	0	0	0	0	0	0	0	0	0	0	0	0	0
11516	29 Jul 25	12:00:00	1	0	53	0	Ct	0	1	0	1	0	0	0	0	0	1	0	0	0	0	0	0	0	0	0	0	0	0	0	0	0	0	0	0	0	0	0	0	0	0
11517	29 Jul 25	12:01:00	1	0	53	0	Ct	0	1	0	2	0	0	0	0	0	2	0	0	0	0	10	0	0	1	1	0	0	0	0	0	0	0	0	0	0	0	0	0	0	0
11518	29 Jul 25	12:02:00	1	0	53	0	Ct	0	1	0	1	0	0	0	0	0	0	0	0	1	0	0	0	0	0	0	0	0	0	0	0	0	0	0	0	0	0	0	0	0	0
11519	29 Jul 25	12:03:00	1	0	53	0	Ct	0	1	0	1	0	0	0	0	0	1	0	0	1	0	0	0	0	0	0	0	0	0	0	0	0	0	0	0	0	0	0	0	0	0
11520	29 Jul 25	12:04:00	1	0	53	0	Ct	0	1	0	2	0	0	0	0	0	0	0	0	1	0	0	0	0	0	0	0	0	0	0	0	0	0	0	0	0	0	0	0	0	0
11521	29 Jul 25	12:05:00	1	0	53	0	Ct	0	1	0	1	0	0	0	0	0	0	0	0	1	0	0	0	0	0	0	0	0	0	0	0	0	0	0	0	0	0	0	0	0	0
11522	29 Jul 25	12:06:00	1	0	53	0	Ct	0	1	0	1	0	1	0	0	0	1	0	0	0	0	0	0	0	0	0	0	0	0	0	0	0	0	0	0	0	0	0	0	0	0
11523	29 Jul 25	12:07:00	1	0	53	0	Ct	0	1	0	0	0	0	0	0	0	2	0	0	1	0	0	0	0	0	0	0	0	0	0	0	0	0	0	0	0	0	0	0	0	0
11524	29 Jul 25	12:08:00	1	0	53	0	Ct	0	1	0	1	0	0	0	0	0	0	0	2	1	0	0	0	0	1	0	0	0	0	0	0	0	0	0	0	0	0	0	0	0	0
11525	29 Jul 25	12:09:00	1	0	53	0	Ct	0	1	0	1	0	0	0	0	0	2	0	1	1	0	0	0	0	0	0	0	0	0	0	0	0	0	0	0	0	0	0	0	0	0
11526	29 Jul 25	12:10:00	1	0	53	0	Ct	0	1	0	0	0	0	0	0	0	0	0	0	0	0	0	0	0	0	0	0	0	0	0	0	0	0	0	0	0	0	0	0	0	0
11527	29 Jul 25	12:11:00	1	0	53	0	Ct	0	1	0	1	0	0	0	0	0	1	0	0	0	0	0	0	0	0	0	0	0	0	0	0	0	0	0	0	0	0	0	0	0	0
11528	29 Jul 25	12:12:00	1	0	53	0	Ct	0	1	0	0	0	0	0	0	0	2	0	2	1	0	0	0	0	0	0	0	0	0	0	0	0	0	0	0	0	0	0	0	0	0
11529	29 Jul 25	12:13:00	1	0	53	0	Ct	0	1	0	0	0	0	0	0	0	2	0	0	0	0	0	0	0	0	0	0	0	0	0	0	0	0	0	0	0	0	0	0	0	0
11530	29 Jul 25	12:14:00	1	0	53	0	Ct	0	1	0	0	0	0	0	0	0	1	0	0	1	0	0	0	0	0	0	0	0	0	0	0	0	0	0	0	0	0	0	0	0	0
11531	29 Jul 25	12:15:00	1	0	53	0	Ct	0	1	0	1	0	0	0	0	0	1	0	0	0	0	0	0	0	0	0	0	0	0	0	0	0	0	0	0	0	0	0	0	0	0
11532	29 Jul 25	12:16:00	1	0	53	0	Ct	0	1	0	2	0	0	0	0	0	0	0	0	0	0	0	0	0	0	0	0	0	0	0	0	0	0	0	0	0	0	0	0	0	0
11533	29 Jul 25	12:17:00	1	0	53	0	Ct	0	1	0	1	0	0	0	0	0	0	0	0	0	0	0	0	0	0	0	0	0	0	0	0	0	0	0	0	0	0	0	0	0	0
11534	29 Jul 25	12:18:00	1	0	53	0	Ct	0	1	0	1	0	0	0	0	0	0	0	0	1	0	0	0	0	0	0	0	0	0	0	1	0	0	0	0	0	0	0	0	0	0
11535	29 Jul 25	12:19:00	1	0	53	0	Ct	0	1	0	1	0	3	0	0	0	0	0	0	0	0	0	0	0	0	0	0	0	0	0	2	0	0	0	0	0	0	0	0	0	0
11536	29 Jul 25	12:20:00	1	0	53	0	Ct	0	1	0	0	0	0	0	0	0	0	0	0	0	0	0	1	2	0	0	0	0	0	0	0	0	0	0	0	0	0	0	0	0	0
11537	29 Jul 25	12:21:00	1	0	53	0	Ct	0	1	0	0	0	0	0	0	0	0	0	0	1	0	0	0	0	0	0	0	0	0	0	0	0	0	0	0	0	0	0	0	0	0
11538	29 Jul 25	12:22:00	1	0	53	0	Ct	0	1	0	2	0	0	0	0	0	0	0	0	0	0	0	0	0	0	0	0	0	0	0	0	0	0	0	0	0	0	0	0	0	0
11539	29 Jul 25	12:23:00	1	0	53	0	Ct	0	1	0	1	0	0	0	0	0	0	0	0	0	0	1	0	0	0	0	0	0	0	0	0	0	0	0	0	0	0	0	0	0	0
11540	29 Jul 25	12:24:00	1	0	53	0	Ct	0	1	0	0	0	0	0	0	0	1	0	0	0	0	0	0	0	0	0	0	0	0	0	0	0	0	0	0	0	0	0	0	0	0
11541	29 Jul 25	12:25:00	1	0	53	0	Ct	0	1	0	1	0	0	0	0	0	0	0	0	0	0	0	0	0	0	0	0	0	0	0	0	0	0	0	0	0	0	0	0	0	0
11542	29 Jul 25	12:26:00	1	0	53	0	Ct	0	1	0	1	0	0	0	0	0	1	0	0	0	0	0	0	0	0	0	0	0	0	0	0	0	0	0	0	0	0	0	0	0	0
11543	29 Jul 25	12:27:00	1	0	53	0	Ct	0	1	1	1	0	0	0	0	0	2	0	0	0	0	0	0	0	0	0	0	0	0	0	0	0	0	0	0	0	0	0	0	0	0
11544	29 Jul 25	12:28:00	1	0	53	0	Ct	0	1	0	1	0	0	0	0	0	0	0	0	1	0	0	0	0	0	0	0	0	0	0	0	0	0	0	0	0	0	0	0	0	0
11545	29 Jul 25	12:29:00	1	0	53	0	Ct	0	1	0	0	0	1	0	0	0	1	0	0	0	0	0	0	0	0	0	0	0	0	0	0	0	0	0	0	0	0	0	0	0	0
11546	29 Jul 25	12:30:00	1	0	53	0	Ct	0	1	0	2	0	0	0	0	0	1	0	0	0	0	0	0	0	0	0	0	0	0	0	0	0	0	0	0	0	0	0	0	0	2
11547	29 Jul 25	12:31:00	1	0	53	0	Ct	0	1	0	0	0	0	0	0	0	2	0	0	0	0	0	0	0	0	0	0	0	0	0	0	0	0	0	0	0	0	0	0	0	1
11548	29 Jul 25	12:32:00	1	0	53	0	Ct	0	1	0	0	0	0	0	0	0	0	0	0	0	0	0	0	0	0	0	0	0	0	0	0	0	0	0	0	0	0	0	0	0	0
11549	29 Jul 25	12:33:00	1	0	53	0	Ct	0	1	0	0	0	0	0	0	0	0	0	0	0	0	0	0	0	0	0	0	0	0	0	0	0	0	0	0	0	0	0	0	0	0
11550	29 Jul 25	12:34:00	1	0	53	0	Ct	0	1	0	0	0	0	0	0	0	0	0	0	0	0	0	0	0	0	0	0	0	0	0	0	0	0	0	0	0	0	0	0	0	0
11551	29 Jul 25	12:35:00	1	0	53	0	Ct	0	1	0	1	0	0	0	0	0	0	0	0	1	0	0	0	0	0	0	0	0	0	0	0	0	0	0	0	0	0	0	0	0	0
11552	29 Jul 25	12:36:00	1	0	53	0	Ct	0	1	0	0	0	0	0	0	0	3	0	0	0	0	1	0	0	0	0	0	0	0	0	0	0	0	0	0	0	0	0	0	0	0
11553	29 Jul 25	12:37:00	1	0	53	0	Ct	0	1	0	0	0	0	0	0	0	1	0	0	0	0	0	0	0	0	0	0	0	0	0	0	0	0	0	0	0	0	0	0	0	0
11554	29 Jul 25	12:38:00	1	0	53	0	Ct	0	1	0	2	0	0	0	0	0	0	0	0	1	0	0	0	0	0	0	0	0	0	0	0	0	0	0	0	0	0	0	0	0	1
11555	29 Jul 25	12:39:00	1	0	53	0	Ct	0	1	0	1	0	0	0	0	0	0	0	0	1	0	0	0	0	0	0	0	0	0	0	0	0	0	0	0	0	0	0	0	0	0
11556	29 Jul 25	12:40:00	1	0	53	0	Ct	0	1	0	1	0	0	0	0	0	0	0	0	0	0	4	0	0	0	0	0	0	0	0	0	0	0	0	0	0	0	0	0	0	0
11557	29 Jul 25	12:41:00	1	0	53	0	Ct	0	1	0	0	0	0	0	0	0	1	0	0	0	0	10	0	0	0	0	0	0	0	0	0	0	0	0	0	0	0	0	0	0	0
11558	29 Jul 25	12:42:00	1	0	53	0	Ct	0	1	0	0	0	0	0	0	0	2	0	0	0	0	2	0	0	0	0	0	0	0	0	0	0	0	0	0	0	0	0	0	0	1
11559	29 Jul 25	12:43:00	1	0	53	0	Ct	0	1	0	0	0	0	0	0	0	0	0	0	1	0	0	0	0	0	0	0	0	0	0	0	0	0	0	0	0	0	0	0	0	0
11560	29 Jul 25	12:44:00	1	0	53	0	Ct	0	1	0	1	0	0	0	0	0	1	0	0	0	0	0	0	0	0	0	0	0	0	0	0	0	0	0	0	0	0	0	0	0	0
11561	29 Jul 25	12:45:00	1	0	53	0	Ct	0	1	0	2	0	0	0	0	0	1	0	0	0	0	0	0	1	0	0	0	0	0	0	0	0	0	0	0	0	0	0	0	0	0
11562	29 Jul 25	12:46:00	1	0	53	0	Ct	0	1	0	0	0	0	0	0	0	0	0	0	0	0	0	0	0	0	0	0	0	0	0	0	0	0	0	0	0	0	0	0	0	0
11563	29 Jul 25	12:47:00	1	0	53	0	Ct	0	1	0	3	0	0	0	0	0	1	0	0	0	0	0	0	0	0	0	0	0	0	0	0	0	0	0	0	0	0	0	0	0	0
11564	29 Jul 25	12:48:00	1	0	53	0	Ct	0	1	0	0	0	0	0	0	0	0	0	0	0	0	0	0	0	0	0	0	0	0	0	0	0	0	0	0	0	0	0	0	0	0
11565	29 Jul 25	12:49:00	1	0	53	0	Ct	0	1	0	0	0	0	0	0	0	2	0	0	0	0	2	0	0	0	0	0	0	0	0	0	0	0	0	0	0	0	0	0	0	0
11566	29 Jul 25	12:50:00	1	0	53	0	Ct	0	1	0	1	0	0	0	0	0	2	0	0	0	0	0	0	0	0	0	0	0	0	0	0	0	0	0	0	0	0	0	0	0	0
11567	29 Jul 25	12:51:00	1	0	53	0	Ct	0	1	0	0	0	0	0	0	0	1	0	0	0	0	0	0	0	0	0	0	0	0	0	0	0	0	0	0	0	0	0	0	0	0
11568	29 Jul 25	12:52:00	1	0	53	0	Ct	0	1	0	0	0	0	0	0	0	1	0	1	0	0	0	0	0	0	0	0	0	0	0	0	0	0	0	0	0	0	0	0	0	0
11569	29 Jul 25	12:53:00	1	0	53	0	Ct	0	1	0	1	0	0	0	0	0	0	0	0	0	0	0	0	0	0	0	0	0	0	0	0	0	0	0	0	0	0	0	0	0	0
11570	29 Jul 25	12:54:00	1	0	53	0	Ct	0	1	0	2	0	0	0	0	0	1	0	0	0	0	0	0	0	0	0	0	0	0	0	0	0	0	0	0	0	0	0	0	0	0
11571	29 Jul 25	12:55:00	1	0	53	0	Ct	0	1	0	5	0	0	0	0	0	0	0	0	0	0	0	0	0	0	0	0	0	0	0	0	0	0	0	0	0	0	0	0	0	0
11572	29 Jul 25	12:56:00	1	0	53	0	Ct	0	1	0	0	0	0	0	0	0	2	0	0	0	0	0	0	0	0	0	0	0	0	0	0	0	0	0	0	0	0	0	0	0	0
11573	29 Jul 25	12:57:00	1	0	53	0	Ct	0	1	0	1	0	0	0	0	0	1	0	0	0	0	0	0	0	0	0	0	0	0	0	0	0	0	0	0	0	0	0	0	0	0
11574	29 Jul 25	12:58:00	1	0	53	0	Ct	0	1	0	1	0	0	0	0	0	1	0	0	0	0	0	0	0	0	0	0	0	0	0	0	0	0	0	0	0	0	0	0	0	0
11575	29 Jul 25	12:59:00	1	0	53	0	Ct	0	1	0	0	0	0	0	0	0	0	0	0	0	0	0	0	0	0	0	0	0	0	0	0	0	0	0	0	0	0	0	0	0	0
11576	29 Jul 25	13:00:00	1	0	53	0	Ct	0	1	0	1	0	0	0	0	0	1	0	0	0	0	0	0	0	0	0	0	0	0	0	0	0	0	0	0	0	0	0	0	0	0
11577	29 Jul 25	13:01:00	1	0	53	0	Ct	0	1	0	0	0	1	0	0	0	1	0	0	0	0	0	0	0	0	0	0	0	0	0	0	0	0	0	0	0	0	0	0	0	0
11578	29 Jul 25	13:02:00	1	0	53	0	Ct	0	1	0	1	0	0	0	0	0	0	0	1	0	0	0	0	0	0	0	0	0	0	0	0	0	0	0	0	0	0	0	0	0	0
11579	29 Jul 25	13:03:00	1	0	53	0	Ct	0	1	0	0	0	0	0	0	0	0	0	3	0	0	0	0	0	0	0	0	0	0	0	0	0	0	0	0	0	0	0	0	0	0
11580	29 Jul 25	13:04:00	1	0	53	0	Ct	0	1	0	2	0	0	0	0	0	0	0	0	0	0	0	0	0	0	0	0	0	0	0	0	0	0	0	0	0	0	0	0	0	0
11581	29 Jul 25	13:05:00	1	0	53	0	Ct	0	1	0	0	0	0	0	0	0	0	0	0	0	0	0	0	0	0	0	0	0	0	0	0	0	0	0	0	0	0	0	0	0	0
11582	29 Jul 25	13:06:00	1	0	53	0	Ct	0	1	0	1	0	0	0	0	0	0	0	3	0	0	0	0	0	0	0	0	0	0	0	0	0	0	0	0	0	0	0	0	0	0
11583	29 Jul 25	13:07:00	1	0	53	0	Ct	0	1	0	3	0	0	0	0	0	0	0	1	0	0	0	0	0	0	0	0	0	0	0	0	0	0	0	0	0	0	0	0	0	0
11584	29 Jul 25	13:08:00	1	0	53	0	Ct	0	1	0	2	0	0	0	0	0	0	0	0	0	0	0	0	0	0	0	0	0	0	0	0	0	0	0	0	0	0	0	0	0	0
11585	29 Jul 25	13:09:00	1	0	53	0	Ct	0	1	0	1	0	0	0	0	0	0	0	0	0	0	0	0	0	0	0	0	0	0	0	0	0	0	0	0	0	0	0	0	0	0
11586	29 Jul 25	13:10:00	1	0	53	0	Ct	0	1	0	0	0	0	0	0	0	1	0	0	0	0	0	0	0	0	0	0	0	0	0	0	0	0	0	0	0	0	0	0	0	0
11587	29 Jul 25	13:11:00	1	0	53	0	Ct	0	1	0	8	0	0	0	0	0	0	0	0	0	0	0	0	0	0	0	0	0	0	0	0	0	0	0	0	0	0	0	0	0	0
11588	29 Jul 25	13:12:00	1	0	53	0	Ct	0	1	0	0	0	0	0	0	0	1	0	0	0	0	0	0	0	0	0	0	0	0	0	0	0	0	0	0	0	0	0	0	0	0
11589	29 Jul 25	13:13:00	1	0	53	0	Ct	0	1	0	1	0	0	0	0	0	0	0	1	0	0	0	0	0	0	0	0	0	0	0	0	0	0	0	0	0	0	0	0	0	1
11590	29 Jul 25	13:14:00	1	0	53	0	Ct	0	1	0	0	0	0	0	0	0	1	0	0	0	0	0	0	0	0	0	0	0	0	0	0	0	0	0	0	0	0	0	0	0	0
11591	29 Jul 25	13:15:00	1	0	53	0	Ct	0	1	0	0	0	0	0	0	0	0	0	0	0	0	0	0	0	0	0	0	0	0	0	0	0	0	0	0	0	0	0	0	0	1
11592	29 Jul 25	13:16:00	1	0	53	0	Ct	0	1	0	0	0	0	0	0	0	1	0	0	0	0	0	0	0	0	0	0	0	0	0	0	0	0	0	0	0	0	0	0	0	0
11593	29 Jul 25	13:17:00	1	0	53	0	Ct	0	1	0	0	0	0	0	0	0	0	0	0	0	0	0	0	0	0	0	0	0	0	0	0	0	0	0	0	0	0	0	0	0	0
11594	29 Jul 25	13:18:00	1	0	53	0	Ct	0	1	0	0	0	0	0	0	0	1	0	0	0	0	1	0	0	0	0	0	0	0	0	0	0	0	0	0	0	0	0	0	0	0
11595	29 Jul 25	13:19:00	1	0	53	0	Ct	0	1	0	0	0	0	0	0	0	0	0	0	0	0	1	0	0	0	0	0	0	0	0	0	0	0	0	0	0	0	0	0	0	0
11596	29 Jul 25	13:20:00	1	0	53	0	Ct	0	1	0	0	0	0	0	0	0	0	0	0	0	0	0	0	0	0	0	0	0	0	0	0	0	0	0	0	0	0	0	0	0	0
11597	29 Jul 25	13:21:00	1	0	53	0	Ct	0	1	0	0	0	0	0	0	0	0	0	0	0	0	0	0	0	0	0	0	0	0	0	0	0	0	0	0	0	0	0	0	0	0
11598	29 Jul 25	13:22:00	1	0	53	0	Ct	0	1	0	1	0	0	0	0	0	0	0	0	0	0	0	0	0	0	0	0	0	0	0	0	0	0	0	0	0	0	0	0	0	0
11599	29 Jul 25	13:23:00	1	0	53	0	Ct	0	1	0	0	0	0	0	0	0	0	0	0	0	0	1	0	0	0	0	0	0	0	0	0	0	0	0	0	0	0	0	0	0	0
11600	29 Jul 25	13:24:00	1	0	53	0	Ct	0	1	0	1	0	0	0	0	0	1	0	0	0	0	0	0	0	0	0	0	0	0	0	0	0	0	0	0	0	0	0	0	0	0
11601	29 Jul 25	13:25:00	1	0	53	0	Ct	0	1	0	0	0	0	0	0	0	0	0	0	0	0	0	0	0	0	0	0	0	0	0	0	0	0	0	0	0	0	0	0	0	0
11602	29 Jul 25	13:26:00	1	0	53	0	Ct	0	1	0	1	0	0	0	0	0	1	0	0	0	0	0	0	0	0	0	0	0	0	0	0	0	0	0	0	0	0	0	0	0	1
11603	29 Jul 25	13:27:00	1	0	53	0	Ct	0	1	0	2	0	0	0	0	0	0	0	0	0	0	0	0	0	0	0	0	0	0	0	0	0	0	0	0	0	0	0	0	0	1
11604	29 Jul 25	13:28:00	1	0	53	0	Ct	0	1	0	0	0	0	0	0	0	0	0	0	0	0	2	0	0	0	0	0	0	0	0	0	0	0	0	0	0	0	0	0	0	0
11605	29 Jul 25	13:29:00	1	0	53	0	Ct	0	1	0	1	0	0	0	0	0	3	0	0	0	0	1	0	0	0	0	0	0	0	0	1	0	0	0	0	0	0	0	0	0	0
11606	29 Jul 25	13:30:00	1	0	53	0	Ct	0	1	0	1	0	0	0	0	0	0	0	0	0	0	0	0	0	0	0	0	0	0	0	0	0	0	0	0	0	0	0	0	0	1
11607	29 Jul 25	13:31:00	1	0	53	0	Ct	0	1	0	0	0	0	0	0	0	3	0	0	0	0	0	0	0	0	0	0	0	0	0	0	0	0	0	0	0	0	0	0	0	1
11608	29 Jul 25	13:32:00	1	0	53	0	Ct	0	1	0	0	0	0	0	0	0	0	0	0	0	0	0	0	0	0	0	0	0	0	0	0	0	0	0	0	0	0	0	0	0	0
11609	29 Jul 25	13:33:00	1	0	53	0	Ct	0	1	0	0	0	0	0	0	0	0	0	1	0	0	0	0	0	0	0	0	0	0	0	0	0	0	0	0	0	0	0	0	0	0
11610	29 Jul 25	13:34:00	1	0	53	0	Ct	0	1	0	0	0	0	0	0	0	0	0	0	0	0	0	0	0	0	0	0	0	0	0	0	0	0	0	0	0	0	0	0	0	0
11611	29 Jul 25	13:35:00	1	0	53	0	Ct	0	1	0	1	0	0	0	0	0	0	0	0	0	0	0	0	0	0	0	0	0	0	0	0	0	0	0	0	0	0	0	0	0	0
11612	29 Jul 25	13:36:00	1	0	53	0	Ct	0	1	0	1	0	0	0	0	0	2	0	0	0	0	0	0	0	0	0	0	0	0	0	0	0	0	0	0	0	0	0	0	0	0
11613	29 Jul 25	13:37:00	1	0	53	0	Ct	0	1	0	0	0	0	0	0	0	0	0	0	1	0	0	0	0	0	0	0	0	0	0	0	0	0	0	0	0	0	0	0	0	0
11614	29 Jul 25	13:38:00	1	0	53	0	Ct	0	1	0	0	0	0	0	0	0	0	0	0	0	0	0	0	0	0	0	0	0	0	0	0	0	0	0	0	0	0	0	0	0	0
11615	29 Jul 25	13:39:00	1	0	53	0	Ct	0	1	0	0	0	0	0	0	0	0	0	0	0	0	0	0	0	0	0	0	0	0	0	0	0	0	0	0	0	0	0	0	0	0
11616	29 Jul 25	13:40:00	1	0	53	0	Ct	0	1	0	0	0	0	0	0	0	0	0	0	0	0	0	0	0	1	0	0	0	0	0	0	0	0	0	0	0	0	0	0	0	0
11617	29 Jul 25	13:41:00	1	0	53	0	Ct	0	1	0	0	0	0	0	0	0	0	0	0	0	0	0	0	0	0	0	0	0	0	0	0	0	0	0	0	0	0	0	0	0	0
11618	29 Jul 25	13:42:00	1	0	53	0	Ct	0	1	0	0	0	0	0	0	0	0	0	1	0	0	1	0	0	0	0	0	0	0	0	0	0	0	0	0	0	0	0	0	0	0
11619	29 Jul 25	13:43:00	1	0	53	0	Ct	0	1	0	0	0	0	0	0	0	0	0	0	0	0	0	0	0	0	0	0	0	0	0	0	0	0	0	0	0	0	0	0	0	0
11620	29 Jul 25	13:44:00	1	0	53	0	Ct	0	1	0	2	0	0	0	0	0	0	0	0	0	0	0	0	0	0	0	0	0	0	0	0	0	0	0	0	0	0	0	0	0	0
11621	29 Jul 25	13:45:00	1	0	53	0	Ct	0	1	1	0	0	0	0	0	0	0	0	0	0	0	0	0	0	0	0	0	0	0	0	0	0	0	0	0	0	0	0	0	0	0
11622	29 Jul 25	13:46:00	1	0	53	0	Ct	0	1	0	1	0	0	0	0	0	0	0	0	0	0	0	0	0	0	0	0	0	0	0	0	0	0	0	0	0	0	0	0	0	0
11623	29 Jul 25	13:47:00	1	0	53	0	Ct	0	1	0	1	0	0	0	0	0	0	0	0	0	0	0	0	0	0	0	0	0	0	0	0	0	0	0	0	0	0	0	0	0	0
11624	29 Jul 25	13:48:00	1	0	53	0	Ct	0	1	0	0	0	0	0	0	0	0	0	0	0	0	0	0	0	0	0	0	0	0	0	0	0	0	0	0	0	0	0	0	0	0
11625	29 Jul 25	13:49:00	1	0	53	0	Ct	0	1	0	0	0	0	0	0	0	0	0	0	0	0	0	0	0	0	0	0	0	0	0	0	0	0	0	0	0	0	0	0	0	0
11626	29 Jul 25	13:50:00	1	0	53	0	Ct	0	1	0	0	0	0	0	0	0	0	0	0	0	1	0	0	0	1	0	0	0	0	0	0	0	0	0	0	0	0	0	0	0	0
11627	29 Jul 25	13:51:00	1	0	53	0	Ct	0	1	1	0	0	0	0	0	0	0	0	0	0	0	0	0	0	0	0	0	0	0	0	0	0	0	0	0	0	0	0	0	0	0
11628	29 Jul 25	13:52:00	1	0	53	0	Ct	0	1	0	3	0	0	0	0	0	0	0	0	0	0	0	0	0	0	0	0	0	0	0	0	0	0	0	0	0	0	0	0	0	0
11629	29 Jul 25	13:53:00	1	0	53	0	Ct	0	1	0	0	0	0	0	0	0	0	0	0	0	9	0	0	0	0	0	0	0	0	0	0	0	0	0	0	0	0	0	0	0	0
11630	29 Jul 25	13:54:00	1	0	53	0	Ct	0	1	0	1	0	0	0	0	0	0	0	1	0	5	0	0	0	0	0	0	0	0	0	0	0	0	0	0	0	0	0	0	0	0
11631	29 Jul 25	13:55:00	1	0	53	0	Ct	0	1	0	0	0	0	0	0	0	0	0	0	0	8	0	0	0	0	0	0	0	0	0	0	0	0	0	0	0	0	0	0	0	0
11632	29 Jul 25	13:56:00	1	0	53	0	Ct	0	1	0	0	0	0	0	0	0	0	0	0	0	0	0	0	0	0	0	0	0	0	0	0	0	0	0	0	0	0	0	0	0	0
11633	29 Jul 25	13:57:00	1	0	53	0	Ct	0	1	0	0	0	0	0	0	0	0	0	0	0	0	0	0	0	0	0	0	0	0	0	0	0	0	0	0	0	0	0	0	0	0
11634	29 Jul 25	13:58:00	1	0	53	0	Ct	0	1	0	1	0	0	0	0	0	0	0	0	0	0	0	0	0	0	0	0	0	0	0	0	0	0	0	0	0	0	0	0	0	0
11635	29 Jul 25	13:59:00	1	0	53	0	Ct	0	1	0	0	0	0	0	0	0	0	0	0	0	0	0	0	0	0	0	0	0	0	0	0	0	0	0	0	0	0	0	0	0	0
11636	29 Jul 25	14:00:00	1	0	53	0	Ct	0	1	0	1	0	0	0	0	0	0	0	0	0	0	0	0	0	0	0	0	0	0	0	0	0	0	0	0	0	0	0	0	0	0
11637	29 Jul 25	14:01:00	1	0	53	0	Ct	0	1	0	0	0	0	0	0	0	0	0	0	0	0	0	0	0	0	0	0	0	0	0	2	0	0	0	0	0	0	0	0	0	0
11638	29 Jul 25	14:02:00	1	0	53	0	Ct	0	1	0	0	0	0	0	0	0	0	0	0	0	0	0	0	0	0	0	0	0	0	0	0	0	0	0	0	0	0	0	0	0	0
11639	29 Jul 25	14:03:00	1	0	53	0	Ct	0	1	0	0	0	0	0	0	0	0	0	0	0	0	0	0	0	0	0	0	0	0	0	0	0	0	0	0	0	0	0	0	0	0
11640	29 Jul 25	14:04:00	1	0	53	0	Ct	0	1	0	2	0	0	0	0	0	0	0	0	0	0	0	0	0	0	0	0	0	0	0	0	0	0	0	0	0	0	0	0	0	0
11641	29 Jul 25	14:05:00	1	0	53	0	Ct	0	1	0	0	0	0	0	0	0	0	0	0	0	0	0	0	0	0	0	0	0	0	0	0	0	0	0	0	0	0	0	0	0	0
11642	29 Jul 25	14:06:00	1	0	53	0	Ct	0	1	0	2	0	0	0	0	0	0	0	0	0	0	0	0	0	0	0	0	0	0	0	0	0	0	0	0	0	0	0	0	0	0
11643	29 Jul 25	14:07:00	1	0	53	0	Ct	0	1	0	0	0	0	0	0	0	0	0	1	0	0	0	0	0	0	0	0	0	0	0	0	0	0	0	0	0	0	0	0	0	0
11644	29 Jul 25	14:08:00	1	0	53	0	Ct	0	1	0	0	0	0	0	0	0	0	0	0	0	0	0	0	0	0	0	0	0	0	0	0	0	0	0	0	0	0	0	0	0	0
11645	29 Jul 25	14:09:00	1	0	53	0	Ct	0	1	0	0	0	0	0	0	0	0	0	0	0	0	0	0	0	0	0	0	0	0	0	0	0	0	0	0	0	0	0	0	0	0
11646	29 Jul 25	14:10:00	1	0	53	0	Ct	0	1	0	0	0	0	0	0	0	0	0	0	0	0	0	0	0	0	0	0	0	0	0	0	0	0	0	0	0	0	0	0	0	0
11647	29 Jul 25	14:11:00	1	0	53	0	Ct	0	1	0	0	0	0	0	0	0	1	0	0	0	0	0	0	0	0	0	0	0	0	0	0	0	0	0	0	0	0	0	0	0	0
11648	29 Jul 25	14:12:00	1	0	53	0	Ct	0	1	0	0	0	0	0	0	0	1	0	0	0	0	0	0	0	0	0	0	0	0	0	0	0	0	0	0	0	0	0	0	0	0
11649	29 Jul 25	14:13:00	1	0	53	0	Ct	0	1	0	1	0	0	0	0	0	0	0	0	0	0	0	0	0	0	0	0	0	0	0	0	0	0	0	0	0	0	0	0	0	0
11650	29 Jul 25	14:14:00	1	0	53	0	Ct	0	1	0	3	0	1	0	0	0	0	0	0	0	0	0	0	0	0	0	0	0	0	0	0	0	0	0	0	0	0	0	0	0	0
11651	29 Jul 25	14:15:00	1	0	53	0	Ct	0	1	0	0	0	0	0	0	0	0	0	0	0	0	2	0	0	0	0	0	0	0	0	0	0	0	0	0	0	0	0	0	0	0
11652	29 Jul 25	14:16:00	1	0	53	0	Ct	0	1	0	0	0	0	0	0	0	0	0	0	0	0	3	0	0	0	0	0	0	0	0	0	0	0	0	0	0	0	0	0	0	0
11653	29 Jul 25	14:17:00	1	0	53	0	Ct	0	1	0	1	0	0	0	0	0	0	0	0	0	0	0	0	0	0	0	0	0	0	0	0	0	0	0	0	0	0	0	0	0	0
11654	29 Jul 25	14:18:00	1	0	53	0	Ct	0	1	0	0	0	0	0	0	0	0	0	0	0	0	0	0	0	0	0	0	0	0	0	0	0	0	0	0	0	0	0	0	0	0
11655	29 Jul 25	14:19:00	1	0	53	0	Ct	0	1	0	1	0	0	0	0	0	0	0	0	0	0	0	0	0	0	0	0	0	0	0	0	0	0	0	0	0	0	0	0	0	0
11656	29 Jul 25	14:20:00	1	0	53	0	Ct	0	1	0	0	0	0	0	0	0	0	0	2	0	0	1	0	0	0	0	0	0	0	0	0	0	0	0	0	0	0	0	0	0	1
11657	29 Jul 25	14:21:00	1	0	53	0	Ct	0	1	0	1	0	0	0	0	0	0	0	0	0	0	0	0	0	0	0	0	0	0	0	0	0	0	0	0	0	0	0	0	0	1
11658	29 Jul 25	14:22:00	1	0	53	0	Ct	0	1	0	1	0	0	0	0	0	0	0	0	0	0	0	0	0	0	0	0	0	0	0	0	0	0	0	0	0	0	0	0	0	0
11659	29 Jul 25	14:23:00	1	0	53	0	Ct	0	1	0	0	0	0	0	0	0	0	0	0	0	0	3	0	0	1	0	0	0	0	0	0	0	0	0	0	0	0	0	0	0	0
11660	29 Jul 25	14:24:00	1	0	53	0	Ct	0	1	0	2	0	0	0	0	0	0	0	0	0	0	6	0	0	0	0	0	0	0	0	0	0	0	0	0	0	0	0	0	0	0
11661	29 Jul 25	14:25:00	1	0	53	0	Ct	0	1	0	0	0	0	0	0	0	0	0	0	0	0	1	0	0	0	0	0	0	0	0	0	0	0	0	0	0	0	0	0	0	0
11662	29 Jul 25	14:26:00	1	0	53	0	Ct	0	1	0	1	0	0	0	0	0	0	0	0	0	0	0	0	0	0	0	0	0	0	0	0	0	0	0	0	0	0	0	0	0	0
11663	29 Jul 25	14:27:00	1	0	53	0	Ct	0	1	5	1	0	0	0	0	0	0	0	0	0	0	0	0	0	0	0	0	0	0	0	0	0	0	0	0	0	0	0	0	0	0
11664	29 Jul 25	14:28:00	1	0	53	0	Ct	0	1	3	0	0	0	0	0	0	0	0	0	0	0	0	0	0	0	0	0	0	0	0	0	0	0	0	0	0	0	0	0	0	0
11665	29 Jul 25	14:29:00	1	0	53	0	Ct	0	1	0	2	0	0	0	0	0	0	0	0	0	0	0	0	0	0	0	0	0	0	0	0	0	0	0	0	0	0	0	0	0	0
11666	29 Jul 25	14:30:00	1	0	53	0	Ct	0	1	0	0	0	0	0	0	0	0	0	0	0	0	0	0	0	1	0	0	0	0	0	0	0	0	0	0	0	0	0	0	0	0
11667	29 Jul 25	14:31:00	1	0	53	0	Ct	0	1	2	0	0	0	0	0	0	0	0	0	0	0	0	0	0	0	0	0	0	0	0	0	0	0	0	0	0	0	0	0	0	0
11668	29 Jul 25	14:32:00	1	0	53	0	Ct	0	1	0	0	0	0	0	0	0	0	0	0	0	0	0	0	0	0	0	0	0	0	0	0	0	0	0	0	0	0	0	0	0	0
11669	29 Jul 25	14:33:00	1	0	53	0	Ct	0	1	0	1	0	0	0	0	0	0	0	0	0	0	0	0	0	0	0	0	0	0	0	0	0	0	0	0	0	0	0	0	0	0
11670	29 Jul 25	14:34:00	1	0	53	0	Ct	0	1	0	1	0	0	0	0	0	0	0	0	0	0	0	0	0	0	0	0	0	0	0	0	0	0	0	0	0	0	0	0	0	0
11671	29 Jul 25	14:35:00	1	0	53	0	Ct	0	1	0	0	0	0	0	0	0	0	0	1	0	0	0	0	0	0	0	0	0	0	0	0	0	0	0	0	0	0	0	0	0	0
11672	29 Jul 25	14:36:00	1	0	53	0	Ct	0	1	0	0	0	0	0	0	0	0	0	0	0	0	0	0	0	0	0	0	0	0	0	0	0	0	0	0	0	0	0	0	0	0
11673	29 Jul 25	14:37:00	1	0	53	0	Ct	0	1	0	1	0	0	0	0	0	0	0	0	0	0	0	0	0	0	0	0	0	0	0	0	0	0	0	0	0	0	0	0	0	0
11674	29 Jul 25	14:38:00	1	0	53	0	Ct	0	1	0	1	0	0	0	0	0	0	0	0	0	0	0	0	0	0	0	0	0	0	0	0	0	0	0	0	0	0	0	0	0	0
11675	29 Jul 25	14:39:00	1	0	53	0	Ct	0	1	0	1	0	0	0	0	0	0	0	0	0	0	0	0	0	0	0	0	0	0	0	0	0	0	0	0	0	0	0	0	0	0
11676	29 Jul 25	14:40:00	1	0	53	0	Ct	0	1	0	2	0	0	0	0	0	1	0	0	0	0	0	0	0	0	0	0	0	0	0	0	0	0	0	0	0	0	0	0	0	1
11677	29 Jul 25	14:41:00	1	0	53	0	Ct	0	1	0	0	0	0	0	0	0	1	0	0	0	0	0	0	0	0	0	0	0	0	0	0	0	0	0	0	0	0	0	0	0	0
11678	29 Jul 25	14:42:00	1	0	53	0	Ct	0	1	0	0	0	0	0	0	0	0	0	0	0	0	0	0	0	0	0	0	0	0	0	0	0	0	0	0	0	0	0	0	0	1
11679	29 Jul 25	14:43:00	1	0	53	0	Ct	0	1	0	1	0	0	0	0	0	0	0	0	0	0	0	0	0	0	0	0	0	0	0	0	0	0	0	0	0	0	0	0	0	0
11680	29 Jul 25	14:44:00	1	0	53	0	Ct	0	1	0	0	0	0	0	0	0	0	0	0	0	0	0	0	0	0	0	0	0	0	0	3	0	0	0	0	0	0	0	0	0	0
11681	29 Jul 25	14:45:00	1	0	53	0	Ct	0	1	0	0	0	0	0	0	0	1	0	0	0	0	0	0	0	0	0	0	0	0	0	0	0	0	0	0	0	0	0	0	0	1
11682	29 Jul 25	14:46:00	1	0	53	0	Ct	0	1	0	0	0	0	0	0	0	0	0	0	0	0	0	0	0	0	0	0	0	0	0	0	0	0	0	0	0	0	0	0	0	0
11683	29 Jul 25	14:47:00	1	0	53	0	Ct	0	1	0	0	0	0	0	0	0	0	0	0	0	0	0	0	0	0	0	0	0	0	0	0	0	0	0	0	0	0	0	0	0	1
11684	29 Jul 25	14:48:00	1	0	53	0	Ct	0	1	0	0	0	0	0	0	0	0	0	0	0	0	0	0	0	0	0	0	0	0	0	0	0	0	0	0	0	0	0	0	0	1
11685	29 Jul 25	14:49:00	1	0	53	0	Ct	0	1	1	0	0	0	0	0	0	0	0	0	0	0	0	0	0	0	0	0	0	0	0	0	0	0	0	0	0	0	0	0	0	1
11686	29 Jul 25	14:50:00	1	0	53	0	Ct	0	1	0	1	0	0	0	0	0	0	0	0	0	0	0	0	0	0	0	0	0	0	0	0	0	0	0	0	0	0	0	0	0	1
11687	29 Jul 25	14:51:00	1	0	53	0	Ct	0	1	0	0	0	0	0	0	0	0	0	0	0	0	0	0	0	0	0	0	0	0	0	0	0	0	0	0	0	0	0	0	0	1
11688	29 Jul 25	14:52:00	1	0	53	0	Ct	0	1	0	1	0	0	0	0	0	0	0	0	0	0	0	1	0	0	0	0	0	0	0	0	0	0	0	0	0	0	0	0	0	2
11689	29 Jul 25	14:53:00	1	0	53	0	Ct	0	1	0	0	0	0	0	0	0	2	0	0	0	0	0	0	0	0	0	0	0	0	0	0	0	0	0	0	0	0	0	0	0	1
11690	29 Jul 25	14:54:00	1	0	53	0	Ct	0	1	0	0	0	0	0	0	0	0	0	0	0	0	0	0	0	0	0	0	0	0	0	0	0	0	0	0	0	0	0	0	0	1
11691	29 Jul 25	14:55:00	1	0	53	0	Ct	0	1	0	0	0	0	0	0	0	0	0	0	0	0	0	0	0	0	0	0	0	0	0	0	0	0	0	0	0	0	0	0	0	0
11692	29 Jul 25	14:56:00	1	0	53	0	Ct	0	1	0	1	0	0	0	0	0	0	0	0	0	0	0	1	0	0	0	0	0	0	0	0	0	0	0	0	0	0	0	0	0	0
11693	29 Jul 25	14:57:00	1	0	53	0	Ct	0	1	0	1	0	0	0	0	0	2	0	0	0	0	0	0	0	0	0	0	0	0	0	0	0	0	0	0	0	0	0	0	0	1
11694	29 Jul 25	14:58:00	1	0	53	0	Ct	0	1	0	0	0	0	0	0	0	1	0	0	0	0	0	0	0	0	0	0	0	0	0	0	0	0	0	0	0	0	0	0	0	0
11695	29 Jul 25	14:59:00	1	0	53	0	Ct	0	1	0	0	0	0	0	0	0	0	0	1	0	0	0	0	0	0	0	0	0	0	0	0	0	0	0	0	0	0	0	0	0	1
11696	29 Jul 25	15:00:00	1	0	53	0	Ct	0	1	0	0	0	0	0	0	0	0	0	0	0	0	1	0	0	1	0	0	0	0	0	0	0	0	0	0	0	0	0	0	0	1
11697	29 Jul 25	15:01:00	1	0	53	0	Ct	0	1	0	1	0	0	0	0	0	2	0	1	0	0	2	0	0	0	0	0	0	0	0	0	0	0	0	0	0	0	0	0	0	0
11698	29 Jul 25	15:02:00	1	0	53	0	Ct	0	1	0	0	0	0	0	0	0	1	0	0	0	0	0	0	0	0	0	0	0	0	0	0	0	0	0	0	0	0	0	0	0	0
11699	29 Jul 25	15:03:00	1	0	53	0	Ct	0	1	0	1	0	0	0	0	0	0	0	0	0	0	0	0	0	0	0	0	0	0	0	0	0	0	0	0	0	0	0	0	0	0
11700	29 Jul 25	15:04:00	1	0	53	0	Ct	0	1	0	0	0	0	0	0	0	0	0	0	0	0	0	0	0	0	0	0	0	0	0	0	0	0	0	0	0	0	0	0	0	1
11701	29 Jul 25	15:05:00	1	0	53	0	Ct	0	1	0	1	0	0	0	0	0	0	0	0	0	0	0	0	0	0	0	0	0	0	0	0	0	0	0	0	0	0	0	0	0	0
11702	29 Jul 25	15:06:00	1	0	53	0	Ct	0	1	0	0	0	0	0	0	0	2	0	0	1	0	0	0	0	0	0	0	0	0	0	0	0	0	0	0	0	0	0	0	2	0
11703	29 Jul 25	15:07:00	1	0	53	0	Ct	0	1	0	0	0	0	0	0	0	0	0	0	0	0	0	0	0	0	0	0	0	0	0	0	0	0	0	0	0	0	0	0	0	0
11704	29 Jul 25	15:08:00	1	0	53	0	Ct	0	1	0	1	0	0	0	0	0	0	0	0	0	0	0	0	0	0	0	0	0	0	0	0	0	0	0	0	0	0	0	0	0	0
11705	29 Jul 25	15:09:00	1	0	53	0	Ct	0	1	0	0	0	0	0	0	0	0	0	0	0	0	0	1	0	0	0	0	0	0	0	0	0	0	0	0	0	0	0	0	0	0
11706	29 Jul 25	15:10:00	1	0	53	0	Ct	0	1	0	2	0	0	0	0	0	0	0	0	0	0	0	0	0	0	0	0	0	0	0	0	0	0	0	0	0	0	0	0	0	0
11707	29 Jul 25	15:11:00	1	0	53	0	Ct	0	1	0	0	0	0	0	0	0	0	0	0	0	0	0	0	0	0	0	0	0	2	0	0	0	0	0	0	0	0	0	0	0	0
11708	29 Jul 25	15:12:00	1	0	53	0	Ct	0	1	0	1	0	0	0	0	0	0	0	0	0	0	0	0	0	0	0	0	0	2	0	0	0	0	0	0	0	0	0	0	0	0
11709	29 Jul 25	15:13:00	1	0	53	0	Ct	0	1	0	0	0	0	0	0	0	0	0	0	0	0	0	0	0	0	0	0	0	1	0	0	0	0	0	0	0	0	0	0	0	0
11710	29 Jul 25	15:14:00	1	0	53	0	Ct	0	1	0	0	0	0	0	0	0	0	0	0	0	0	0	0	0	0	0	0	0	0	0	0	0	0	0	0	0	0	0	0	0	0
11711	29 Jul 25	15:15:00	1	0	53	0	Ct	0	1	0	1	0	0	0	0	0	0	0	0	0	0	0	1	0	0	0	0	0	0	0	0	0	0	0	0	0	0	0	0	0	0
11712	29 Jul 25	15:16:00	1	0	53	0	Ct	0	1	0	1	0	0	0	0	0	1	0	0	0	0	0	0	0	2	0	0	0	0	0	0	0	0	0	0	0	0	0	0	0	0
11713	29 Jul 25	15:17:00	1	0	53	0	Ct	0	1	0	1	0	0	0	0	0	0	0	2	0	0	0	0	0	0	0	0	0	0	0	0	0	0	0	0	0	0	0	0	0	0
11714	29 Jul 25	15:18:00	1	0	53	0	Ct	0	1	0	1	0	0	0	0	0	0	0	0	0	0	4	1	0	0	0	0	0	0	0	0	0	0	0	0	0	0	0	0	0	1
11715	29 Jul 25	15:19:00	1	0	53	0	Ct	0	1	0	0	0	0	0	0	0	0	0	0	0	0	0	1	0	0	0	0	0	0	0	0	0	0	0	0	0	0	0	0	0	0
11716	29 Jul 25	15:20:00	1	0	53	0	Ct	0	1	0	0	0	0	0	0	0	1	0	0	0	0	0	0	0	0	0	0	0	0	0	0	0	0	0	0	0	0	0	0	0	1
11717	29 Jul 25	15:21:00	1	0	53	0	Ct	0	1	0	0	0	0	0	0	0	0	0	0	0	0	0	1	0	0	0	0	0	0	0	0	0	0	0	0	0	0	0	0	0	0
11718	29 Jul 25	15:22:00	1	0	53	0	Ct	0	1	0	3	0	0	0	0	0	0	0	0	0	0	0	1	0	0	0	0	0	0	0	0	0	0	0	0	0	0	0	0	0	0
11719	29 Jul 25	15:23:00	1	0	53	0	Ct	0	1	0	1	0	0	0	0	0	0	0	0	0	0	0	2	0	0	0	0	0	0	0	0	0	0	0	0	0	0	0	0	0	0
11720	29 Jul 25	15:24:00	1	0	53	0	Ct	0	1	0	0	0	0	0	0	0	0	0	0	0	0	0	1	0	0	0	0	0	0	0	0	0	0	0	0	0	0	0	0	0	0
11721	29 Jul 25	15:25:00	1	0	53	0	Ct	0	1	0	0	0	0	0	0	0	1	0	0	0	0	9	0	0	0	0	0	0	0	0	0	0	0	0	0	0	0	0	0	0	0
11722	29 Jul 25	15:26:00	1	0	53	0	Ct	0	1	0	0	0	0	0	0	2	0	0	0	0	0	6	2	0	0	0	0	0	0	0	0	0	0	0	0	0	0	0	0	0	1
11723	29 Jul 25	15:27:00	1	0	53	0	Ct	0	1	0	1	0	0	0	0	0	0	0	0	0	0	0	0	0	0	0	0	0	0	0	0	0	0	0	0	0	0	0	0	0	0
11724	29 Jul 25	15:28:00	1	0	53	0	Ct	0	1	0	1	0	0	0	0	0	1	0	0	0	0	0	0	0	0	0	0	0	0	0	0	0	0	0	0	0	0	0	0	0	0
11725	29 Jul 25	15:29:00	1	0	53	0	Ct	0	1	0	1	0	0	0	0	0	2	0	0	0	0	0	0	0	0	0	0	0	0	0	0	0	0	0	0	0	0	0	0	0	1
11726	29 Jul 25	15:30:00	1	0	53	0	Ct	0	1	0	1	0	0	0	0	0	0	0	0	0	0	0	2	0	0	0	0	0	0	0	0	0	0	0	0	0	0	0	0	0	0
11727	29 Jul 25	15:31:00	1	0	53	0	Ct	0	1	0	0	0	0	0	0	0	0	0	0	0	0	0	2	0	0	0	0	0	0	0	0	0	0	0	0	0	0	0	0	0	0
11728	29 Jul 25	15:32:00	1	0	53	0	Ct	0	1	0	0	0	0	0	0	0	0	0	0	0	0	0	1	0	0	0	0	0	0	0	0	0	0	0	0	0	0	0	0	0	0
11729	29 Jul 25	15:33:00	1	0	53	0	Ct	0	1	0	0	0	0	0	0	0	2	0	0	0	0	0	1	0	0	0	0	0	0	0	0	0	0	0	0	0	0	0	0	1	0
11730	29 Jul 25	15:34:00	1	0	53	0	Ct	0	1	0	1	0	0	0	0	0	1	0	0	0	0	0	0	0	1	0	0	0	0	0	0	0	0	0	0	0	0	0	0	1	0
11731	29 Jul 25	15:35:00	1	0	53	0	Ct	0	1	0	1	0	0	0	0	0	1	0	0	0	0	0	0	0	0	0	0	0	0	0	0	0	0	0	0	0	0	0	0	0	1
11732	29 Jul 25	15:36:00	1	0	53	0	Ct	0	1	0	1	0	0	0	0	0	0	0	0	0	0	0	1	0	0	0	0	0	0	0	0	0	0	0	0	0	0	0	0	0	0
11733	29 Jul 25	15:37:00	1	0	53	0	Ct	0	1	0	1	1	0	0	0	0	0	0	0	0	0	1	0	0	0	0	0	0	0	0	0	0	0	0	0	0	0	0	0	0	0
11734	29 Jul 25	15:38:00	1	0	53	0	Ct	0	1	0	0	0	0	0	0	1	2	0	0	0	0	0	0	0	0	0	0	0	0	0	0	0	0	0	0	0	0	0	0	0	0
11735	29 Jul 25	15:39:00	1	0	53	0	Ct	0	1	0	1	0	0	0	0	0	0	0	0	2	0	0	0	0	0	0	0	0	0	0	0	0	0	0	0	0	0	0	0	0	0
11736	29 Jul 25	15:40:00	1	0	53	0	Ct	0	1	0	1	0	0	0	0	0	0	0	0	1	0	0	0	0	0	0	0	0	0	0	0	0	0	0	0	0	0	0	0	0	0
11737	29 Jul 25	15:41:00	1	0	53	0	Ct	0	1	0	0	1	0	0	0	0	1	0	0	0	0	0	1	0	0	0	0	0	0	0	0	0	0	0	0	0	0	0	0	0	1
11738	29 Jul 25	15:42:00	1	0	53	0	Ct	0	1	0	0	0	0	0	0	0	0	0	0	0	0	1	1	0	0	0	0	0	0	0	0	0	0	0	0	0	0	2	0	0	3
11739	29 Jul 25	15:43:00	1	0	53	0	Ct	0	1	0	2	0	0	0	0	0	1	0	0	1	0	0	0	0	0	0	0	0	0	0	0	0	0	0	0	0	0	0	0	0	1
11740	29 Jul 25	15:44:00	1	0	53	0	Ct	0	1	0	1	0	0	0	0	0	0	0	0	0	0	0	0	0	0	0	0	0	0	0	0	0	0	0	0	0	0	0	0	0	1
11741	29 Jul 25	15:45:00	1	0	53	0	Ct	0	1	0	1	0	0	0	0	0	0	0	0	0	0	0	1	0	0	0	3	0	0	0	0	0	0	0	0	0	0	0	0	0	0
11742	29 Jul 25	15:46:00	1	0	53	0	Ct	0	1	0	2	0	0	0	0	0	0	0	3	0	0	0	1	0	0	0	1	0	0	0	0	0	0	0	0	0	0	0	0	0	0
11743	29 Jul 25	15:47:00	1	0	53	0	Ct	0	1	0	1	0	0	0	0	0	0	0	0	0	0	0	1	0	0	0	0	0	0	0	0	0	0	0	0	0	0	0	0	0	0
11744	29 Jul 25	15:48:00	1	0	53	0	Ct	0	1	0	1	0	0	0	0	0	0	0	0	0	0	0	0	0	0	0	0	0	0	0	0	0	0	0	0	0	0	0	0	0	0
11745	29 Jul 25	15:49:00	1	0	53	0	Ct	0	1	0	0	0	0	0	0	0	0	0	0	0	0	0	0	0	1	0	0	0	0	0	0	0	0	0	0	0	0	0	0	0	0
11746	29 Jul 25	15:50:00	1	0	53	0	Ct	0	1	0	2	0	0	0	0	0	0	0	1	0	0	0	0	0	0	0	0	0	0	0	0	0	0	0	0	0	0	0	0	0	0
11747	29 Jul 25	15:51:00	1	0	53	0	Ct	0	1	0	0	0	0	0	0	1	0	0	0	0	0	0	1	0	0	0	0	0	0	0	0	0	0	0	0	0	0	0	0	0	0
11748	29 Jul 25	15:52:00	1	0	53	0	Ct	0	1	0	0	0	0	0	0	0	0	0	0	0	0	0	0	0	0	0	0	0	0	0	0	0	0	0	0	0	0	0	0	0	0
11749	29 Jul 25	15:53:00	1	0	53	0	Ct	0	1	0	2	1	0	0	0	0	1	0	0	0	0	1	0	0	0	0	0	0	0	0	0	0	0	0	0	0	0	0	0	0	0
11750	29 Jul 25	15:54:00	1	0	53	0	Ct	0	1	0	0	0	0	0	0	0	0	0	0	0	0	0	0	0	0	0	0	0	0	0	0	0	0	0	0	0	0	1	0	0	0
11751	29 Jul 25	15:55:00	1	0	53	0	Ct	0	1	0	1	0	0	0	0	0	0	1	0	0	0	1	0	0	0	0	0	0	0	0	0	0	0	0	0	0	0	0	0	0	1
11752	29 Jul 25	15:56:00	1	0	53	0	Ct	0	1	0	1	2	0	0	0	0	0	0	0	0	0	1	1	0	0	0	0	0	0	0	0	0	0	0	0	0	0	0	0	0	0
11753	29 Jul 25	15:57:00	1	0	53	0	Ct	0	1	0	2	2	0	0	1	0	0	0	0	0	0	1	2	0	0	0	0	0	0	0	0	0	0	0	0	0	0	0	0	0	0
11754	29 Jul 25	15:58:00	1	0	53	0	Ct	0	1	0	2	0	0	0	0	0	1	1	0	0	0	0	0	0	0	0	0	0	0	0	0	0	0	0	0	0	0	0	0	0	0
11755	29 Jul 25	15:59:00	1	0	53	0	Ct	0	1	0	0	0	0	0	0	0	1	0	0	0	0	2	0	0	1	0	0	0	0	0	0	0	0	0	0	0	0	1	0	0	0
11756	29 Jul 25	16:00:00	1	0	53	0	Ct	0	1	0	1	0	0	0	0	0	1	0	0	0	0	1	0	0	0	0	0	0	0	0	0	0	0	0	0	0	0	0	0	0	0
11757	29 Jul 25	16:01:00	1	0	53	0	Ct	0	1	0	0	1	0	0	0	0	0	0	0	0	0	0	1	0	0	0	0	0	0	0	0	0	0	0	0	0	0	0	0	0	0
11758	29 Jul 25	16:02:00	1	0	53	0	Ct	0	1	0	2	0	0	0	0	0	1	0	0	1	0	0	0	0	1	0	3	0	0	0	0	0	0	0	0	0	0	0	0	0	0
11759	29 Jul 25	16:03:00	1	0	53	0	Ct	0	1	0	0	0	0	1	0	0	1	0	0	1	0	1	1	0	1	0	0	0	0	0	0	0	0	0	0	0	0	0	0	0	0
11760	29 Jul 25	16:04:00	1	0	53	0	Ct	0	1	0	1	0	0	0	1	0	1	0	0	0	0	2	2	0	1	0	0	0	0	0	0	0	0	0	0	0	0	0	0	0	0
11761	29 Jul 25	16:05:00	1	0	53	0	Ct	0	1	0	1	0	0	0	0	0	1	0	0	2	0	1	0	0	0	0	0	0	0	0	0	0	0	0	0	0	0	0	0	0	0
11762	29 Jul 25	16:06:00	1	0	53	0	Ct	0	1	0	0	0	0	0	0	0	1	0	0	0	0	1	1	0	0	0	0	0	0	0	0	0	0	0	0	0	0	0	0	0	0
11763	29 Jul 25	16:07:00	1	0	53	0	Ct	0	1	0	1	0	0	0	0	0	0	0	0	3	0	0	0	0	1	0	0	0	0	0	0	0	0	0	0	0	0	0	0	0	0
11764	29 Jul 25	16:08:00	1	0	53	0	Ct	0	1	0	2	0	0	0	0	0	2	0	0	1	0	2	0	0	1	0	0	0	0	0	0	0	0	0	0	0	0	0	0	0	0
11765	29 Jul 25	16:09:00	1	0	53	0	Ct	0	1	0	0	0	0	0	0	0	0	0	0	1	0	1	1	0	1	0	0	0	0	0	0	0	0	0	0	0	0	0	0	0	0
11766	29 Jul 25	16:10:00	1	0	53	0	Ct	0	1	0	1	0	0	0	0	0	3	0	0	0	0	1	1	0	1	0	0	0	0	0	0	0	0	0	0	0	0	0	0	0	0
11767	29 Jul 25	16:11:00	1	0	53	0	Ct	0	1	0	0	0	0	0	0	0	0	0	0	0	0	1	0	0	0	0	0	0	0	0	0	0	0	0	0	0	0	0	0	0	0
11768	29 Jul 25	16:12:00	1	0	53	0	Ct	0	1	0	1	0	0	0	0	0	0	0	0	0	0	0	2	0	1	0	0	0	0	0	0	0	0	0	0	0	0	0	0	0	0
11769	29 Jul 25	16:13:00	1	0	53	0	Ct	0	1	0	1	0	0	0	0	0	0	0	0	0	0	1	0	0	2	0	0	0	0	0	0	0	0	0	0	0	0	0	0	0	0
11770	29 Jul 25	16:14:00	1	0	53	0	Ct	0	1	0	1	0	0	0	0	1	0	0	2	0	0	0	0	0	1	0	0	0	0	0	1	0	0	0	0	0	0	0	0	0	0
11771	29 Jul 25	16:15:00	1	0	53	0	Ct	0	1	0	0	0	0	1	0	0	0	0	0	0	0	1	0	0	0	0	0	0	0	0	0	0	0	0	0	0	0	0	0	0	0
11772	29 Jul 25	16:16:00	1	0	53	0	Ct	0	1	0	1	0	0	0	0	0	0	0	0	3	0	1	0	0	0	0	0	0	1	0	0	0	0	0	0	0	0	0	0	0	0
11773	29 Jul 25	16:17:00	1	0	53	0	Ct	0	1	0	1	0	0	0	0	0	0	0	0	0	0	2	2	0	0	0	0	0	0	0	0	0	0	0	0	0	0	0	0	0	0
11774	29 Jul 25	16:18:00	1	0	53	0	Ct	0	1	0	1	0	0	0	0	0	0	0	2	1	0	1	0	0	0	0	0	0	1	0	0	0	0	0	0	0	0	0	0	0	0
11775	29 Jul 25	16:19:00	1	0	53	0	Ct	0	1	0	2	0	0	0	0	0	0	0	0	0	0	0	0	0	1	0	0	0	0	0	0	0	0	0	0	0	0	0	0	0	0
11776	29 Jul 25	16:20:00	1	0	53	0	Ct	0	1	0	1	0	0	0	0	0	0	0	0	1	0	0	0	0	1	0	0	0	0	0	0	0	0	0	0	0	0	0	0	0	0
11777	29 Jul 25	16:21:00	1	0	53	0	Ct	0	1	0	3	0	0	0	0	0	2	0	0	1	0	1	0	0	1	0	0	0	0	0	0	0	0	0	0	0	0	0	0	0	0
11778	29 Jul 25	16:22:00	1	0	53	0	Ct	0	1	0	2	0	0	0	0	0	0	0	3	0	0	0	0	0	1	0	0	0	0	0	0	0	0	0	0	0	0	0	0	0	0
11779	29 Jul 25	16:23:00	1	0	53	0	Ct	0	1	0	0	0	0	0	0	0	0	0	0	1	0	0	0	0	0	0	0	0	0	0	0	0	0	0	0	0	0	0	0	0	0
11780	29 Jul 25	16:24:00	1	0	53	0	Ct	0	1	0	1	0	0	0	0	0	0	0	1	0	0	1	0	0	0	0	0	0	0	0	0	0	0	0	0	0	0	0	0	0	0
11781	29 Jul 25	16:25:00	1	0	53	0	Ct	0	1	0	1	0	0	0	0	0	1	0	1	0	0	1	0	0	0	0	0	0	0	0	0	0	0	0	0	0	0	0	0	0	0
11782	29 Jul 25	16:26:00	1	0	53	0	Ct	0	1	0	1	0	0	0	0	0	1	0	1	0	0	0	1	0	0	0	0	0	0	0	0	0	0	0	0	0	0	0	0	0	0
11783	29 Jul 25	16:27:00	1	0	53	0	Ct	0	1	0	1	1	0	0	0	0	0	0	0	0	0	0	2	0	0	0	0	0	0	0	0	0	0	0	0	0	0	0	0	0	1
11784	29 Jul 25	16:28:00	1	0	53	0	Ct	0	1	0	1	0	0	0	0	0	0	0	0	0	0	0	0	0	0	0	0	0	1	0	0	0	0	0	0	0	0	0	0	0	0
11785	29 Jul 25	16:29:00	1	0	53	0	Ct	0	1	0	1	0	0	0	0	0	1	0	0	1	0	0	2	0	0	0	0	0	0	0	0	0	0	0	0	0	0	0	0	0	0
11786	29 Jul 25	16:30:00	1	0	53	0	Ct	0	1	0	0	0	0	0	0	0	1	0	0	1	0	4	0	0	0	0	0	0	1	0	1	0	0	0	0	0	0	0	0	0	0
11787	29 Jul 25	16:31:00	1	0	53	0	Ct	0	1	0	1	0	0	0	0	0	0	0	0	1	1	1	2	0	0	0	0	0	0	0	1	0	0	0	0	0	0	0	0	0	0
11788	29 Jul 25	16:32:00	1	0	53	0	Ct	0	1	0	0	0	0	0	0	0	0	0	0	0	1	1	0	0	0	0	0	0	2	0	0	0	0	0	0	0	0	0	0	0	0
11789	29 Jul 25	16:33:00	1	0	53	0	Ct	0	1	0	1	0	0	0	0	0	1	0	0	0	0	3	0	0	0	0	0	0	0	0	0	0	1	0	0	0	0	0	0	0	0
11790	29 Jul 25	16:34:00	1	0	53	0	Ct	0	1	0	0	0	0	1	0	0	2	0	1	0	0	0	2	0	0	0	0	0	0	0	0	0	0	0	0	0	0	0	0	0	0
11791	29 Jul 25	16:35:00	1	0	53	0	Ct	0	1	0	0	0	0	0	0	0	0	0	0	0	0	1	0	0	0	0	0	0	2	0	0	0	0	0	0	0	0	0	0	0	0
11792	29 Jul 25	16:36:00	1	0	53	0	Ct	0	1	0	1	0	0	0	0	0	1	0	0	0	0	0	0	0	0	0	0	0	1	0	0	0	1	0	0	0	0	0	0	1	1
11793	29 Jul 25	16:37:00	1	0	53	0	Ct	0	1	0	0	0	0	2	0	0	1	0	1	0	0	0	1	0	0	0	0	0	1	0	0	0	0	0	1	0	0	0	0	0	0
11794	29 Jul 25	16:38:00	1	0	53	0	Ct	0	1	0	1	0	0	1	0	1	1	0	0	0	0	1	1	0	0	0	0	0	1	0	0	0	0	0	0	0	0	0	0	1	1
11795	29 Jul 25	16:39:00	1	0	53	0	Ct	0	1	0	0	1	0	2	0	0	1	0	0	1	0	1	0	0	0	0	0	0	1	0	0	0	0	0	1	0	0	0	0	0	2
11796	29 Jul 25	16:40:00	1	0	53	0	Ct	0	1	0	0	0	0	7	0	0	1	0	1	1	0	1	0	0	0	0	0	0	1	0	0	0	0	0	0	0	0	0	0	0	0
11797	29 Jul 25	16:41:00	1	0	53	0	Ct	0	1	0	0	0	0	0	0	0	2	0	0	0	0	2	2	0	0	0	0	0	1	0	0	0	0	0	1	0	0	0	0	0	1
11798	29 Jul 25	16:42:00	1	0	53	0	Ct	0	1	0	1	1	0	1	0	0	0	0	0	0	0	2	2	0	0	0	0	0	1	0	0	0	0	0	0	0	0	0	0	0	1
11799	29 Jul 25	16:43:00	1	0	53	0	Ct	0	1	0	1	0	0	0	0	0	2	1	0	2	0	0	1	0	0	0	0	0	1	0	0	0	0	0	1	0	0	0	0	0	0
11800	29 Jul 25	16:44:00	1	0	53	0	Ct	0	1	0	1	0	0	1	0	1	0	0	2	0	0	0	0	0	0	0	0	0	1	0	0	0	0	0	0	0	0	0	0	0	1
11801	29 Jul 25	16:45:00	1	0	53	0	Ct	0	1	0	0	1	0	1	0	0	0	0	0	0	0	1	0	0	0	0	0	0	1	0	0	0	0	0	0	0	0	0	0	0	0
11802	29 Jul 25	16:46:00	1	0	53	0	Ct	0	1	0	0	0	0	1	0	0	0	1	0	1	0	1	1	0	0	0	0	0	2	0	0	0	0	0	0	0	0	0	0	0	1
11803	29 Jul 25	16:47:00	1	0	53	0	Ct	0	1	0	2	1	0	1	0	0	0	3	0	0	0	1	0	0	0	0	0	0	1	1	0	0	0	0	0	0	0	0	0	1	1
11804	29 Jul 25	16:48:00	1	0	53	0	Ct	0	1	0	1	1	0	3	0	0	0	0	0	0	0	1	1	0	0	0	0	0	1	0	0	0	0	0	0	0	0	0	0	0	0
11805	29 Jul 25	16:49:00	1	0	53	0	Ct	0	1	0	1	0	0	2	0	0	0	0	0	0	0	0	1	0	0	0	0	0	0	0	0	0	0	0	0	0	0	0	0	1	0
11806	29 Jul 25	16:50:00	1	0	53	0	Ct	0	1	0	2	0	0	1	0	0	0	0	0	0	0	1	0	0	0	0	0	0	2	1	0	0	0	0	0	0	0	0	0	0	1
11807	29 Jul 25	16:51:00	1	0	53	0	Ct	0	1	0	0	1	0	2	0	0	0	0	0	0	0	1	1	0	0	0	0	0	1	1	0	0	1	0	0	0	0	0	0	0	0
11808	29 Jul 25	16:52:00	1	0	53	0	Ct	0	1	0	1	1	0	1	0	0	0	0	0	0	0	1	1	0	0	0	0	0	1	0	0	0	1	0	0	0	0	0	0	0	1
11809	29 Jul 25	16:53:00	1	0	53	0	Ct	0	1	0	2	0	0	2	0	0	0	0	0	0	0	0	0	0	2	0	0	0	2	1	0	0	0	0	0	0	0	0	0	0	0
11810	29 Jul 25	16:54:00	1	0	53	0	Ct	0	1	0	1	4	0	0	0	0	2	0	0	0	0	1	0	0	0	0	0	0	1	1	0	0	0	0	0	0	0	0	0	0	0
11811	29 Jul 25	16:55:00	1	0	53	0	Ct	0	1	0	0	1	0	0	0	1	0	0	0	0	0	1	1	0	0	0	0	0	0	0	0	0	0	0	0	0	0	0	0	1	0
11812	29 Jul 25	16:56:00	1	0	53	0	Ct	0	1	0	1	1	0	0	0	0	1	0	0	0	0	0	0	0	0	0	0	0	0	2	0	0	0	0	0	0	0	0	0	0	0
11813	29 Jul 25	16:57:00	1	0	53	0	Ct	0	1	0	0	2	0	0	0	0	0	0	0	0	1	0	0	0	0	0	0	0	2	0	0	0	0	0	0	0	0	2	0	0	0
11814	29 Jul 25	16:58:00	1	0	53	0	Ct	0	1	0	1	3	0	1	0	0	0	0	0	0	0	1	1	0	0	0	0	0	1	0	0	0	0	0	0	0	0	0	0	1	0
11815	29 Jul 25	16:59:00	1	0	53	0	Ct	0	1	0	0	6	0	1	0	0	0	0	0	0	0	2	2	0	0	0	0	0	0	0	0	0	0	0	0	0	0	0	0	0	0
11816	29 Jul 25	17:00:00	1	0	53	0	Ct	0	1	0	0	6	0	2	0	0	0	0	0	0	0	1	0	0	0	0	0	0	0	0	0	0	0	0	0	0	0	1	0	0	2
11817	29 Jul 25	17:01:00	1	0	53	0	Ct	0	1	0	1	1	0	1	0	0	0	0	0	1	0	0	1	0	0	0	0	0	1	1	0	0	0	0	0	0	0	1	0	0	1
11818	29 Jul 25	17:02:00	1	0	53	0	Ct	0	1	0	2	1	1	0	0	0	1	0	0	0	2	1	1	0	0	0	0	0	1	0	0	0	0	0	3	0	0	0	0	1	1
11819	29 Jul 25	17:03:00	1	0	53	0	Ct	0	1	0	0	2	0	1	0	0	2	0	0	1	0	1	0	0	0	0	0	0	1	1	0	0	0	0	0	0	0	0	0	3	1
11820	29 Jul 25	17:04:00	1	0	53	0	Ct	0	1	0	1	3	0	1	0	0	0	0	0	0	0	0	1	0	0	0	0	0	0	0	0	0	0	0	0	0	0	0	0	0	0
11821	29 Jul 25	17:05:00	1	0	53	0	Ct	0	1	0	1	1	0	1	0	0	1	0	0	1	0	0	1	0	0	0	0	0	1	0	0	0	0	0	0	0	0	0	0	0	0
11822	29 Jul 25	17:06:00	1	0	53	0	Ct	0	1	0	1	0	0	1	0	0	0	0	0	1	2	1	0	0	0	0	0	0	2	0	0	0	0	0	0	0	0	0	0	1	0
11823	29 Jul 25	17:07:00	1	0	53	0	Ct	0	1	0	1	1	0	2	0	0	1	0	0	0	0	0	0	0	0	0	0	0	0	2	0	0	0	0	0	0	0	3	0	1	0
11824	29 Jul 25	17:08:00	1	0	53	0	Ct	0	1	0	0	1	0	1	0	0	0	0	0	0	0	0	0	0	0	0	0	0	1	0	0	0	0	0	0	0	0	1	0	0	2
11825	29 Jul 25	17:09:00	1	0	53	0	Ct	0	1	0	1	1	0	0	0	0	0	1	0	0	0	0	0	0	1	0	0	0	1	2	0	0	0	0	0	0	0	0	0	1	0
11826	29 Jul 25	17:10:00	1	0	53	0	Ct	0	1	0	1	0	0	1	0	0	0	0	0	0	0	0	1	0	0	0	0	0	2	0	0	0	0	0	0	0	0	2	0	0	0
11827	29 Jul 25	17:11:00	1	0	53	0	Ct	0	1	0	1	1	0	2	0	0	2	0	0	0	0	0	1	0	0	0	0	0	1	2	0	0	0	0	0	0	0	2	0	0	1
11828	29 Jul 25	17:12:00	1	0	53	0	Ct	0	1	0	1	1	0	2	0	0	1	0	1	0	1	1	0	0	0	0	0	0	1	0	0	0	0	0	1	0	0	1	0	2	0
11829	29 Jul 25	17:13:00	1	0	53	0	Ct	0	1	0	1	2	0	1	0	0	0	0	0	0	0	0	0	0	1	0	0	0	0	1	0	0	0	0	1	0	0	1	0	2	3
11830	29 Jul 25	17:14:00	1	0	53	0	Ct	0	1	0	5	0	0	0	0	0	0	0	0	1	0	1	0	0	0	0	0	0	0	1	0	0	0	0	0	0	0	2	0	1	0
11831	29 Jul 25	17:15:00	1	0	53	0	Ct	0	1	0	1	0	0	1	0	1	0	0	0	1	0	1	0	0	1	0	0	0	0	0	0	0	0	0	0	0	0	0	0	2	0
11832	29 Jul 25	17:16:00	1	0	53	0	Ct	0	1	0	0	0	0	1	0	0	0	0	0	1	0	1	0	0	1	0	0	0	0	2	0	0	0	0	0	0	0	0	0	1	1
11833	29 Jul 25	17:17:00	1	0	53	0	Ct	0	1	0	1	0	0	0	0	0	0	0	0	0	0	1	1	0	0	0	0	0	0	2	0	0	0	0	1	0	0	0	0	1	1
11834	29 Jul 25	17:18:00	1	0	53	0	Ct	0	1	0	2	1	0	2	0	0	0	0	0	0	0	0	0	0	0	0	0	0	0	1	0	0	0	0	2	0	0	2	0	0	0
11835	29 Jul 25	17:19:00	1	0	53	0	Ct	0	1	0	0	1	1	0	0	0	0	0	0	0	1	1	1	0	1	0	0	0	0	3	0	0	0	0	1	0	0	3	0	0	0
11836	29 Jul 25	17:20:00	1	0	53	0	Ct	0	1	0	1	0	0	0	0	0	0	0	0	0	3	0	0	0	2	0	4	0	0	1	0	0	0	0	0	0	0	3	0	0	0
11837	29 Jul 25	17:21:00	1	0	53	0	Ct	0	1	1	1	1	1	0	0	0	0	1	0	2	0	0	1	0	1	0	0	0	0	0	0	0	0	0	0	0	0	0	0	2	0
11838	29 Jul 25	17:22:00	1	0	53	0	Ct	0	1	0	0	1	0	0	0	0	0	0	0	2	0	1	0	0	0	0	0	0	2	0	0	0	0	0	0	0	0	2	0	1	1
11839	29 Jul 25	17:23:00	1	0	53	0	Ct	0	1	0	1	2	1	0	1	0	0	0	0	0	1	1	0	0	0	0	0	0	0	1	0	0	0	0	0	0	0	3	0	3	0
11840	29 Jul 25	17:24:00	1	0	53	0	Ct	0	1	0	0	0	0	0	0	0	0	0	1	1	0	0	2	0	0	0	0	0	2	1	0	0	0	0	0	0	0	2	0	1	1
11841	29 Jul 25	17:25:00	1	0	53	0	Ct	0	1	0	1	2	0	1	0	1	0	0	1	0	0	1	0	0	0	0	0	0	0	0	0	0	0	0	0	0	0	4	0	2	1
11842	29 Jul 25	17:26:00	1	0	53	0	Ct	0	1	0	1	0	0	1	0	1	0	0	0	2	0	1	1	0	0	0	0	0	0	2	0	0	0	0	1	0	0	0	0	2	0
11843	29 Jul 25	17:27:00	1	0	53	0	Ct	0	1	0	1	0	0	1	0	0	0	1	0	1	0	0	2	0	1	0	0	0	1	0	0	0	0	0	0	0	0	0	0	1	0
11844	29 Jul 25	17:28:00	1	0	53	0	Ct	0	1	0	0	0	0	2	0	1	1	0	0	0	0	0	1	0	0	0	0	0	1	0	0	0	0	0	1	0	0	2	0	1	1
11845	29 Jul 25	17:29:00	1	0	53	0	Ct	0	1	0	0	1	0	0	0	1	0	0	1	1	0	1	0	0	0	0	0	0	2	1	0	0	0	0	0	0	0	1	0	2	0
11846	29 Jul 25	17:30:00	1	0	53	0	Ct	0	1	1	1	0	1	1	0	1	0	0	0	1	0	2	0	0	0	0	0	0	1	1	0	0	0	0	1	0	0	0	0	1	0
11847	29 Jul 25	17:31:00	1	0	53	0	Ct	0	1	0	0	0	1	2	0	1	0	1	0	0	0	1	1	0	1	0	0	0	1	1	0	0	0	0	0	0	0	0	0	3	0
11848	29 Jul 25	17:32:00	1	0	53	0	Ct	0	1	0	3	1	0	3	0	2	0	0	1	0	0	1	1	0	1	0	0	0	2	0	0	0	0	0	0	0	0	1	0	2	1
11849	29 Jul 25	17:33:00	1	0	53	0	Ct	0	1	0	1	0	0	0	0	1	0	1	0	2	0	1	0	0	0	0	0	1	1	0	0	0	0	0	1	0	0	3	0	1	1
11850	29 Jul 25	17:34:00	1	0	53	0	Ct	0	1	0	0	0	0	1	0	1	0	0	0	1	0	1	1	0	0	0	0	2	1	2	0	0	0	0	1	0	0	2	0	1	0
11851	29 Jul 25	17:35:00	1	0	53	0	Ct	0	1	0	1	0	0	1	0	1	0	1	0	1	0	1	0	0	0	0	0	0	1	2	0	0	1	0	1	0	0	0	0	2	0
11852	29 Jul 25	17:36:00	1	0	53	0	Ct	0	1	0	1	1	0	0	1	0	0	1	0	1	0	0	2	0	0	0	0	1	0	0	0	0	3	0	0	0	0	2	0	2	0
11853	29 Jul 25	17:37:00	1	0	53	0	Ct	0	1	0	1	1	1	1	0	4	0	1	0	0	0	0	0	0	0	0	0	0	0	1	0	0	0	0	0	0	0	0	0	1	0
11854	29 Jul 25	17:38:00	1	0	53	0	Ct	0	1	0	1	1	1	1	1	2	1	3	0	1	0	1	0	0	3	0	0	0	1	1	0	0	0	0	1	0	0	0	0	0	0
11855	29 Jul 25	17:39:00	1	0	53	0	Ct	0	1	0	4	0	1	1	0	0	0	1	0	0	2	3	1	0	0	0	0	0	1	0	0	0	0	0	1	0	0	0	0	3	0
11856	29 Jul 25	17:40:00	1	0	53	0	Ct	0	1	0	4	0	1	1	0	1	0	3	0	1	0	0	1	0	0	0	0	0	1	0	0	0	0	0	0	0	0	2	0	1	0
11857	29 Jul 25	17:41:00	1	0	53	0	Ct	0	1	0	0	0	0	2	0	1	0	2	2	0	0	0	2	0	0	0	0	0	0	0	0	0	0	0	1	0	0	0	0	0	1
11858	29 Jul 25	17:42:00	1	0	53	0	Ct	0	1	0	1	1	0	0	0	2	0	1	0	1	0	0	0	0	0	0	0	0	1	2	0	0	0	0	1	0	0	0	0	0	1
11859	29 Jul 25	17:43:00	1	0	53	0	Ct	0	1	0	1	0	1	1	0	3	0	1	0	0	1	1	0	0	0	0	0	0	3	0	0	0	0	0	1	0	0	2	0	0	0
11860	29 Jul 25	17:44:00	1	0	53	0	Ct	0	1	0	0	1	1	1	1	1	0	0	0	0	0	0	0	0	0	3	1	0	0	1	0	0	0	0	1	0	0	0	0	1	1
11861	29 Jul 25	17:45:00	1	0	53	0	Ct	0	1	0	2	1	0	1	0	1	0	0	0	1	1	1	0	0	0	0	0	2	3	2	0	0	0	0	1	0	0	1	0	0	0
11862	29 Jul 25	17:46:00	1	0	53	0	Ct	0	1	0	1	0	2	1	0	0	0	1	1	0	0	1	2	0	0	0	1	0	1	1	0	0	0	0	2	0	0	0	0	0	1
11863	29 Jul 25	17:47:00	1	0	53	0	Ct	0	1	0	1	2	0	0	0	1	0	2	0	0	0	1	0	0	0	0	0	0	1	0	0	0	0	0	0	0	0	1	0	0	1
11864	29 Jul 25	17:48:00	1	0	53	0	Ct	0	1	0	1	0	0	2	0	2	1	2	0	0	0	0	0	0	0	0	0	0	1	0	0	0	0	0	2	0	0	2	0	2	2
11865	29 Jul 25	17:49:00	1	0	53	0	Ct	0	1	0	2	0	0	1	0	0	0	0	0	0	0	1	1	0	0	0	0	0	1	0	0	0	0	0	3	0	0	1	0	1	0
11866	29 Jul 25	17:50:00	1	0	53	0	Ct	0	1	0	0	0	1	0	0	1	1	1	1	0	0	1	1	0	0	0	0	0	1	0	0	0	0	0	0	0	0	2	0	0	1
11867	29 Jul 25	17:51:00	1	0	53	0	Ct	0	1	0	0	0	0	1	0	1	0	0	0	0	0	1	3	1	0	0	0	0	1	0	0	0	1	0	1	0	0	0	0	2	1
11868	29 Jul 25	17:52:00	1	0	53	0	Ct	0	1	0	0	1	3	1	0	1	0	1	0	2	0	0	0	0	0	0	0	0	1	0	0	0	2	0	2	0	0	2	0	2	0
11869	29 Jul 25	17:53:00	1	0	53	0	Ct	0	1	1	0	0	5	3	0	0	0	3	0	0	0	1	0	0	0	2	0	0	0	1	0	0	0	0	0	0	0	1	0	2	0
11870	29 Jul 25	17:54:00	1	0	53	0	Ct	0	1	0	0	1	3	0	0	2	0	3	1	0	2	0	0	0	0	2	0	0	1	1	0	0	0	0	0	0	0	1	0	2	0
11871	29 Jul 25	17:55:00	1	0	53	0	Ct	0	1	0	1	1	2	1	0	0	0	1	0	0	0	0	0	0	0	0	0	0	1	0	0	0	0	0	0	0	0	0	0	0	0
11872	29 Jul 25	17:56:00	1	0	53	0	Ct	0	1	0	0	1	1	1	0	0	1	2	1	1	0	0	1	0	0	0	0	0	1	0	0	0	0	0	0	0	0	1	0	0	0
11873	29 Jul 25	17:57:00	1	0	53	0	Ct	0	1	0	1	0	1	2	0	0	0	1	0	1	0	1	1	0	0	0	0	0	0	0	1	0	1	0	0	0	0	2	0	0	0
11874	29 Jul 25	17:58:00	1	0	53	0	Ct	0	1	1	0	1	0	2	1	2	1	2	0	0	0	0	0	0	0	0	0	0	0	1	0	0	1	0	0	0	0	1	0	1	0
11875	29 Jul 25	17:59:00	1	0	53	0	Ct	0	1	1	0	1	1	1	0	2	1	0	0	0	1	1	0	0	0	0	0	0	0	1	0	0	0	0	0	0	0	0	0	0	1
11876	29 Jul 25	18:00:00	1	0	53	0	Ct	0	1	0	1	0	1	1	0	2	0	1	0	0	1	3	2	0	0	0	0	0	1	0	0	0	0	0	0	0	0	2	0	3	1
11877	29 Jul 25	18:01:00	1	0	53	0	Ct	0	1	0	1	0	1	11	0	1	0	0	0	1	1	2	0	0	0	0	0	0	1	0	0	0	0	0	1	0	0	2	0	2	1
11878	29 Jul 25	18:02:00	1	0	53	0	Ct	0	1	0	1	1	0	2	1	1	0	0	0	1	0	3	0	0	0	0	0	0	0	0	0	0	0	0	1	0	0	0	0	0	1
11879	29 Jul 25	18:03:00	1	0	53	0	Ct	0	1	1	0	0	0	2	0	0	0	2	0	2	0	1	1	0	0	0	0	0	2	0	0	0	0	0	0	0	0	0	0	1	0
11880	29 Jul 25	18:04:00	1	0	53	0	Ct	0	1	0	1	0	0	2	1	0	0	2	0	0	0	0	0	0	0	0	0	0	1	0	0	0	2	0	0	0	0	0	0	5	1
11881	29 Jul 25	18:05:00	1	0	53	0	Ct	0	1	4	0	2	1	2	1	1	2	3	2	0	0	0	1	0	1	0	0	0	0	0	0	0	1	0	2	0	0	1	0	0	0
11882	29 Jul 25	18:06:00	1	0	53	0	Ct	0	0	4	0	0	3	1	2	0	0	0	1	0	1	1	1	0	1	0	0	0	0	2	1	0	0	0	4	0	0	0	0	2	2
11883	29 Jul 25	18:07:00	1	0	53	0	Ct	0	0	2	0	1	3	3	3	1	1	0	3	0	3	2	3	0	3	3	2	0	4	4	1	0	2	0	2	0	0	0	0	4	3
11884	29 Jul 25	18:08:00	1	0	53	0	Ct	0	0	5	2	5	2	4	3	2	0	3	5	0	6	2	4	2	4	3	1	2	2	1	0	0	4	1	4	0	0	0	0	1	4
11885	29 Jul 25	18:09:00	1	0	53	0	Ct	0	0	6	5	0	2	4	4	2	2	4	4	0	3	4	4	1	3	4	2	1	2	2	2	0	2	1	5	0	0	0	0	5	5
11886	29 Jul 25	18:10:00	1	0	53	0	Ct	0	0	3	4	2	2	4	5	5	2	3	6	0	4	5	6	4	2	5	3	2	4	3	2	0	3	0	5	0	0	1	0	3	3
11887	29 Jul 25	18:11:00	1	0	53	0	Ct	0	0	4	4	3	3	6	3	5	2	4	6	1	4	5	7	0	2	4	3	2	1	4	0	0	4	1	4	0	0	2	0	6	5
11888	29 Jul 25	18:12:00	1	0	53	0	Ct	0	0	3	4	6	1	5	2	3	2	2	5	3	3	3	6	3	2	4	0	2	2	5	0	0	2	1	4	0	0	1	0	4	3
11889	29 Jul 25	18:13:00	1	0	53	0	Ct	0	0	6	5	3	1	3	3	4	3	2	3	4	3	4	6	1	3	2	1	3	3	4	1	0	2	2	6	0	0	2	0	5	3
11890	29 Jul 25	18:14:00	1	0	53	0	Ct	0	0	3	5	3	3	5	5	2	3	3	3	2	5	4	6	3	2	3	1	4	2	2	0	0	4	0	6	0	0	3	0	4	4
11891	29 Jul 25	18:15:00	1	0	53	0	Ct	0	0	4	3	3	4	5	2	5	2	2	2	6	2	3	5	5	2	5	3	3	1	5	0	0	2	4	5	0	0	5	0	2	2
11892	29 Jul 25	18:16:00	1	0	53	0	Ct	0	0	4	4	3	4	5	7	6	2	4	3	4	3	4	5	3	3	4	4	4	2	4	0	0	3	2	4	0	0	4	0	4	3
11893	29 Jul 25	18:17:00	1	0	53	0	Ct	0	0	4	4	3	2	4	3	4	3	3	4	4	3	4	5	4	2	3	5	2	1	2	2	0	2	3	4	0	0	3	0	5	4
11894	29 Jul 25	18:18:00	1	0	53	0	Ct	0	0	4	8	1	2	5	2	1	2	2	5	5	3	3	5	3	3	2	5	3	2	3	1	0	2	2	5	0	0	5	0	3	2
11895	29 Jul 25	18:19:00	1	0	53	0	Ct	0	0	4	4	3	3	5	5	2	2	4	3	5	3	2	5	5	1	4	2	3	3	3	0	0	2	0	3	0	0	5	0	5	3
11896	29 Jul 25	18:20:00	1	0	53	0	Ct	0	0	4	5	3	2	5	7	0	3	0	3	2	3	4	6	0	3	2	1	4	1	1	0	0	3	1	3	0	0	5	0	4	3
11897	29 Jul 25	18:21:00	1	0	53	0	Ct	0	0	4	6	3	4	4	4	0	2	4	2	4	4	4	7	0	2	2	2	1	4	3	0	0	3	3	4	0	0	4	0	4	3
11898	29 Jul 25	18:22:00	1	0	53	0	Ct	0	0	3	3	6	3	3	3	1	3	6	7	2	3	2	3	6	2	4	2	2	2	5	2	0	3	1	2	0	0	4	0	3	3
11899	29 Jul 25	18:23:00	1	0	53	0	Ct	0	0	4	3	3	1	4	3	4	2	11	1	4	6	4	4	2	5	4	2	3	2	4	1	0	1	3	2	0	0	3	0	5	4
11900	29 Jul 25	18:24:00	1	0	53	0	Ct	0	0	2	2	2	4	4	5	3	3	8	2	4	4	2	5	4	4	2	3	4	4	5	1	0	3	1	4	0	0	2	0	3	4
11901	29 Jul 25	18:25:00	1	0	53	0	Ct	0	0	3	4	3	2	4	4	6	1	5	4	2	3	5	5	0	4	4	2	5	2	5	4	0	4	4	3	0	0	3	0	5	5
11902	29 Jul 25	18:26:00	1	0	53	0	Ct	0	0	3	5	4	2	4	6	4	2	4	4	3	3	3	5	0	3	0	2	4	4	2	2	0	2	3	5	0	0	3	0	4	5
11903	29 Jul 25	18:27:00	1	0	53	0	Ct	0	0	3	3	2	3	4	3	3	2	3	4	4	3	3	3	0	5	3	4	7	4	6	0	0	3	4	5	0	0	4	0	4	2
11904	29 Jul 25	18:28:00	1	0	53	0	Ct	0	0	9	2	3	2	3	4	3	3	4	4	4	5	3	6	3	4	1	3	4	2	2	1	0	2	2	1	0	0	7	0	4	6
11905	29 Jul 25	18:29:00	1	0	53	0	Ct	0	0	5	3	4	2	3	4	5	4	4	2	2	4	2	5	0	5	4	0	2	4	3	0	0	2	5	4	0	0	2	0	2	5
11906	29 Jul 25	18:30:00	1	0	53	0	Ct	0	0	3	4	3	3	4	1	3	1	4	2	5	3	4	6	3	4	2	1	2	3	2	1	0	2	0	3	0	0	3	0	4	6
11907	29 Jul 25	18:31:00	1	0	53	0	Ct	0	0	3	4	4	1	4	7	2	2	5	4	8	5	2	4	0	2	4	2	3	1	1	0	0	3	1	1	0	0	3	0	4	4
11908	29 Jul 25	18:32:00	1	0	53	0	Ct	0	0	5	2	4	3	3	4	4	1	2	4	5	3	3	6	0	2	3	1	2	2	1	1	0	4	0	2	0	0	2	0	6	5
11909	29 Jul 25	18:33:00	1	0	53	0	Ct	0	0	3	4	4	3	3	3	3	2	2	3	4	3	3	5	0	3	3	0	2	1	3	0	0	3	1	0	0	0	2	0	5	2
11910	29 Jul 25	18:34:00	1	0	53	0	Ct	0	0	2	3	0	1	1	2	3	4	3	3	5	2	4	4	0	3	2	1	4	5	3	4	0	6	0	2	0	0	0	0	5	3
11911	29 Jul 25	18:35:00	1	0	53	0	Ct	0	0	5	4	2	1	2	3	5	1	3	3	4	5	1	4	0	5	4	1	2	2	3	2	0	3	0	3	0	0	1	0	2	4
11912	29 Jul 25	18:36:00	1	0	53	0	Ct	0	0	2	3	4	0	2	2	0	2	2	4	4	2	2	4	0	2	4	1	2	3	3	3	0	2	0	4	0	0	2	0	4	4
11913	29 Jul 25	18:37:00	1	0	53	0	Ct	0	0	5	3	1	2	5	3	3	1	3	3	5	3	3	3	0	3	3	2	3	0	1	0	0	2	0	6	0	0	3	0	4	4
11914	29 Jul 25	18:38:00	1	0	53	0	Ct	0	0	3	1	2	2	5	1	1	2	3	2	3	3	3	4	0	3	3	2	3	3	3	1	0	3	1	1	0	0	6	0	6	4
11915	29 Jul 25	18:39:00	1	0	53	0	Ct	0	0	3	5	3	4	3	4	4	4	5	3	5	5	4	2	0	1	4	3	2	3	3	0	0	2	0	5	0	0	3	0	2	2
11916	29 Jul 25	18:40:00	1	0	53	0	Ct	0	0	2	0	2	2	3	6	1	3	4	3	3	3	2	6	0	3	4	1	3	2	2	1	0	3	1	3	0	0	2	0	4	2
11917	29 Jul 25	18:41:00	1	0	53	0	Ct	0	0	5	6	1	5	2	3	3	3	2	2	5	4	3	6	0	3	4	2	3	3	4	1	0	2	0	2	0	0	1	0	2	4
11918	29 Jul 25	18:42:00	1	0	53	0	Ct	0	0	3	2	3	5	3	5	3	2	3	5	5	2	2	5	2	3	4	2	0	2	1	2	0	2	0	3	0	0	1	0	0	2
11919	29 Jul 25	18:43:00	1	0	53	0	Ct	0	0	4	4	5	1	3	5	2	0	2	4	4	4	3	3	0	5	3	0	2	2	1	0	0	3	0	4	0	0	4	0	4	4
11920	29 Jul 25	18:44:00	1	0	53	0	Ct	0	0	4	5	5	2	4	4	3	2	5	3	2	4	2	4	0	5	3	0	4	1	2	2	0	4	2	2	0	0	2	0	5	2
11921	29 Jul 25	18:45:00	1	0	53	0	Ct	0	0	4	3	3	2	3	3	4	2	4	4	2	3	4	4	0	4	4	3	13	1	2	6	0	2	0	4	0	0	3	0	5	3
11922	29 Jul 25	18:46:00	1	0	53	0	Ct	0	0	4	4	3	2	5	3	5	1	3	4	4	2	2	2	0	4	3	2	1	3	2	0	0	1	4	2	0	0	1	0	4	4
11923	29 Jul 25	18:47:00	1	0	53	0	Ct	0	0	5	4	4	4	3	5	4	2	2	4	5	4	3	2	0	4	2	2	2	1	4	0	0	2	0	2	0	0	0	0	3	4
11924	29 Jul 25	18:48:00	1	0	53	0	Ct	0	0	5	6	2	3	3	5	2	2	1	4	5	2	3	2	0	3	3	6	3	2	4	0	0	0	0	3	0	0	1	0	5	5
11925	29 Jul 25	18:49:00	1	0	53	0	Ct	0	0	1	3	2	1	3	3	4	4	2	4	4	3	2	3	0	2	3	5	1	1	1	0	0	1	0	2	0	0	3	0	4	5
11926	29 Jul 25	18:50:00	1	0	53	0	Ct	0	0	5	3	2	1	5	3	6	1	4	4	3	4	1	4	0	0	4	4	4	2	2	0	0	1	0	5	0	0	5	0	5	5
11927	29 Jul 25	18:51:00	1	0	53	0	Ct	0	0	3	1	3	2	3	2	2	4	2	4	4	4	4	0	0	2	3	4	4	1	1	1	0	2	0	2	0	0	1	0	5	2
11928	29 Jul 25	18:52:00	1	0	53	0	Ct	0	0	4	2	3	4	5	3	0	2	2	4	4	4	3	4	0	2	3	3	1	1	0	4	0	2	0	2	0	0	3	0	4	3
11929	29 Jul 25	18:53:00	1	0	53	0	Ct	0	0	5	4	2	2	2	1	3	1	0	4	2	8	1	4	0	3	2	2	1	3	1	2	0	2	0	3	0	0	1	0	3	3
11930	29 Jul 25	18:54:00	1	0	53	0	Ct	0	0	4	2	3	6	3	4	3	2	1	4	2	2	2	6	0	3	2	1	3	2	4	2	0	1	0	5	0	0	1	0	6	3
11931	29 Jul 25	18:55:00	1	0	53	0	Ct	0	0	4	5	3	3	1	3	3	1	3	3	4	7	0	4	0	4	2	1	3	2	3	3	0	4	0	2	0	0	2	0	5	4
11932	29 Jul 25	18:56:00	1	0	53	0	Ct	0	0	3	6	2	1	4	0	5	2	2	1	4	1	1	5	0	3	5	4	2	2	1	1	0	0	1	3	0	0	2	0	2	4
11933	29 Jul 25	18:57:00	1	0	53	0	Ct	0	0	3	2	1	3	5	4	4	1	3	4	2	3	2	6	0	3	5	2	2	1	4	1	0	2	3	3	0	0	3	0	1	2
11934	29 Jul 25	18:58:00	1	0	53	0	Ct	0	0	2	4	2	3	3	2	3	3	1	2	4	5	3	5	0	6	4	1	1	1	3	2	0	2	4	4	0	0	3	0	4	4
11935	29 Jul 25	18:59:00	1	0	53	0	Ct	0	0	1	2	2	11	3	3	2	1	4	5	4	4	4	4	0	0	3	2	2	5	4	2	0	3	0	2	0	0	3	0	3	3
11936	29 Jul 25	19:00:00	1	0	53	0	Ct	0	0	3	3	4	4	8	4	4	2	6	5	4	6	3	4	0	1	2	0	3	2	3	2	0	1	0	0	0	0	2	0	4	4
11937	29 Jul 25	19:01:00	1	0	53	0	Ct	0	0	2	4	4	2	3	4	2	0	4	3	5	4	4	1	0	4	3	1	2	2	2	4	0	3	0	1	0	0	2	0	4	4
11938	29 Jul 25	19:02:00	1	0	53	0	Ct	0	0	3	2	1	4	4	4	3	0	0	5	5	4	5	1	1	2	6	1	2	9	4	0	0	7	4	1	0	0	2	0	7	3
11939	29 Jul 25	19:03:00	1	0	53	0	Ct	0	0	6	2	3	5	3	3	3	2	2	4	3	4	0	5	2	2	2	2	2	4	0	0	0	3	0	2	0	0	2	0	2	2
11940	29 Jul 25	19:04:00	1	0	53	0	Ct	0	0	2	4	3	3	4	2	4	1	2	3	3	2	1	2	0	2	3	2	3	3	4	0	0	2	0	1	0	0	3	0	2	4
11941	29 Jul 25	19:05:00	1	0	53	0	Ct	0	0	3	3	2	1	4	2	3	2	3	4	6	5	1	6	0	4	6	0	2	1	0	0	0	2	0	2	0	0	1	0	3	2
11942	29 Jul 25	19:06:00	1	0	53	0	Ct	0	0	4	2	5	0	5	2	6	1	5	5	5	3	3	2	3	4	3	5	2	2	2	0	0	2	0	3	0	0	0	0	5	4
11943	29 Jul 25	19:07:00	1	0	53	0	Ct	0	0	4	3	3	1	4	4	5	1	3	3	3	2	4	2	0	6	3	1	1	2	0	0	0	0	3	2	0	0	1	0	3	2
11944	29 Jul 25	19:08:00	1	0	53	0	Ct	0	0	5	3	3	4	2	6	4	2	5	4	4	5	3	4	0	6	4	0	3	1	2	1	0	2	4	3	0	0	4	0	4	5
11945	29 Jul 25	19:09:00	1	0	53	0	Ct	0	0	3	2	1	4	1	5	3	2	9	7	2	4	4	6	0	5	3	2	2	2	2	7	0	1	1	7	0	0	2	0	4	4
11946	29 Jul 25	19:10:00	1	0	53	0	Ct	0	0	4	3	4	3	2	6	4	2	4	3	1	4	4	2	0	0	3	3	1	2	4	0	0	1	0	4	0	0	1	0	3	2
11947	29 Jul 25	19:11:00	1	0	53	0	Ct	0	0	3	3	3	4	2	6	4	1	2	5	2	3	3	5	0	4	3	1	2	3	5	0	0	3	0	8	0	0	2	0	5	2
11948	29 Jul 25	19:12:00	1	0	53	0	Ct	0	0	1	3	8	3	4	6	6	4	6	5	2	5	4	4	0	3	3	1	3	0	3	1	0	5	0	3	0	0	1	0	4	5
11949	29 Jul 25	19:13:00	1	0	53	0	Ct	0	0	2	5	4	4	4	3	2	2	4	3	4	2	5	3	0	4	4	5	7	3	3	1	0	2	0	4	0	0	3	0	4	1
11950	29 Jul 25	19:14:00	1	0	53	0	Ct	0	0	4	2	2	4	5	3	5	2	3	4	3	3	5	4	0	3	4	6	2	1	0	0	0	3	0	5	0	0	3	0	1	4
11951	29 Jul 25	19:15:00	1	0	53	0	Ct	0	0	5	3	4	4	3	3	4	2	3	4	2	4	2	3	0	2	3	4	5	2	2	0	0	1	0	4	0	0	4	0	6	4
11952	29 Jul 25	19:16:00	1	0	53	0	Ct	0	0	3	2	2	5	3	3	5	3	2	4	2	6	3	0	0	4	1	12	2	1	2	0	0	3	0	3	0	0	3	0	8	4
11953	29 Jul 25	19:17:00	1	0	53	0	Ct	0	0	4	4	4	1	4	2	5	4	2	4	2	4	4	5	0	2	2	1	1	1	2	0	0	2	0	2	0	0	5	0	7	5
11954	29 Jul 25	19:18:00	1	0	53	0	Ct	0	0	7	2	0	3	5	5	4	3	3	3	5	2	4	6	0	2	3	1	4	3	1	0	0	1	0	5	0	0	1	0	6	2
11955	29 Jul 25	19:19:00	1	0	53	0	Ct	0	0	6	4	4	3	3	4	2	4	0	4	2	4	1	5	0	2	2	2	4	2	1	0	0	2	0	4	0	0	6	0	5	12
11956	29 Jul 25	19:20:00	1	0	53	0	Ct	0	0	4	3	0	3	5	3	4	4	4	4	2	3	2	5	0	6	2	1	2	3	0	3	0	3	0	5	0	0	4	0	3	7
11957	29 Jul 25	19:21:00	1	0	53	0	Ct	0	0	5	3	0	4	2	2	3	4	2	3	5	2	1	1	0	2	1	1	7	8	2	2	0	2	0	4	0	0	4	0	6	4
11958	29 Jul 25	19:22:00	1	0	53	0	Ct	0	0	6	2	1	3	2	2	5	3	3	6	2	3	2	2	0	2	2	3	4	2	3	3	0	2	0	4	0	0	3	0	3	5
11959	29 Jul 25	19:23:00	1	0	53	0	Ct	0	0	5	4	2	5	4	2	4	1	2	3	4	6	2	0	0	2	4	2	1	2	3	0	0	0	1	2	0	0	4	0	4	3
11960	29 Jul 25	19:24:00	1	0	53	0	Ct	0	0	3	3	3	4	1	2	4	2	2	6	4	3	3	6	0	3	0	6	2	3	1	1	0	0	1	2	0	0	3	0	5	2
11961	29 Jul 25	19:25:00	1	0	53	0	Ct	0	0	3	3	2	4	3	3	4	2	0	6	4	5	3	4	0	4	4	3	3	0	7	2	0	2	0	3	0	0	1	0	2	4
11962	29 Jul 25	19:26:00	1	0	53	0	Ct	0	0	4	4	2	4	7	0	5	4	0	4	2	4	2	4	0	2	3	3	2	2	2	2	0	2	0	1	0	0	3	0	5	4
11963	29 Jul 25	19:27:00	1	0	53	0	Ct	0	0	2	3	2	4	3	3	2	3	2	7	4	4	0	4	0	2	2	3	5	4	2	2	0	4	0	2	0	0	1	0	5	2
11964	29 Jul 25	19:28:00	1	0	53	0	Ct	0	0	3	5	1	3	7	3	5	4	2	5	2	3	6	5	0	4	4	1	1	8	0	2	0	3	0	6	0	0	3	0	4	4
11965	29 Jul 25	19:29:00	1	0	53	0	Ct	0	0	4	3	3	4	3	4	3	1	4	1	4	7	4	3	0	4	2	6	4	1	2	1	0	5	0	3	0	0	4	0	3	6
11966	29 Jul 25	19:30:00	1	0	53	0	Ct	0	0	3	3	5	2	4	1	2	4	1	4	5	4	4	1	0	3	3	1	2	2	5	1	0	5	0	3	0	0	3	0	2	5
11967	29 Jul 25	19:31:00	1	0	53	0	Ct	0	0	3	2	2	6	1	2	5	3	1	4	3	3	2	7	0	3	6	4	2	3	2	3	0	4	0	2	0	0	5	0	4	4
11968	29 Jul 25	19:32:00	1	0	53	0	Ct	0	0	2	5	1	5	1	3	3	3	5	4	4	4	2	7	0	4	3	2	2	2	3	1	0	5	0	5	0	0	4	0	5	3
11969	29 Jul 25	19:33:00	1	0	53	0	Ct	0	0	1	3	3	3	3	4	5	2	4	6	4	1	3	4	0	3	3	3	2	2	4	1	0	2	0	2	0	0	2	0	3	4
11970	29 Jul 25	19:34:00	1	0	53	0	Ct	0	0	5	5	6	3	4	3	5	3	4	3	1	2	2	5	0	2	3	2	3	2	1	1	0	5	0	4	0	0	3	0	3	4
11971	29 Jul 25	19:35:00	1	0	53	0	Ct	0	0	4	4	4	2	2	0	6	4	1	3	4	3	2	6	0	4	3	1	2	3	2	2	0	4	0	2	0	0	2	0	3	3
11972	29 Jul 25	19:36:00	1	0	53	0	Ct	0	0	4	4	1	5	1	3	3	3	2	5	5	5	2	4	0	3	3	2	1	3	3	2	0	4	0	3	0	0	0	0	2	2
11973	29 Jul 25	19:37:00	1	0	53	0	Ct	0	0	3	3	3	3	5	4	3	2	4	2	4	3	3	2	0	1	1	1	5	3	2	2	0	3	0	5	0	0	2	0	4	0
11974	29 Jul 25	19:38:00	1	0	53	0	Ct	0	0	3	3	3	4	6	5	5	2	3	1	3	5	4	2	0	6	4	1	1	3	2	2	0	3	0	4	0	0	2	0	3	4
11975	29 Jul 25	19:39:00	1	0	53	0	Ct	0	0	2	3	0	3	4	4	4	2	3	4	4	3	2	0	0	2	4	4	1	3	4	3	0	0	0	4	0	0	3	0	4	4
11976	29 Jul 25	19:40:00	1	0	53	0	Ct	0	0	5	4	0	3	3	6	2	2	5	3	5	5	2	0	0	4	4	2	2	2	3	1	0	2	0	2	0	0	3	0	3	4
11977	29 Jul 25	19:41:00	1	0	53	0	Ct	0	0	2	3	1	4	4	4	5	3	1	3	3	2	4	2	0	3	3	1	2	2	2	1	0	1	0	2	0	0	4	0	3	4
11978	29 Jul 25	19:42:00	1	0	53	0	Ct	0	0	3	3	3	2	1	4	6	2	2	5	4	5	1	3	0	3	4	2	3	2	2	1	0	1	2	4	0	0	6	0	3	2
11979	29 Jul 25	19:43:00	1	0	53	0	Ct	0	0	4	1	1	4	3	5	3	4	6	6	3	3	3	3	0	4	1	2	3	2	0	4	0	3	0	4	0	0	4	0	5	2
11980	29 Jul 25	19:44:00	1	0	53	0	Ct	0	0	3	2	1	1	4	4	5	5	4	6	2	4	2	4	0	2	2	2	2	1	0	3	0	3	0	4	0	0	0	0	5	2
11981	29 Jul 25	19:45:00	1	0	53	0	Ct	0	0	2	4	0	4	4	1	4	4	3	2	1	5	5	4	0	1	1	3	3	3	0	3	0	1	0	1	0	0	0	0	7	3
11982	29 Jul 25	19:46:00	1	0	53	0	Ct	0	0	4	3	0	4	3	4	8	1	2	6	5	4	4	3	0	3	3	3	3	2	3	0	0	2	0	3	0	0	0	0	7	2
11983	29 Jul 25	19:47:00	1	0	53	0	Ct	0	0	0	3	1	4	3	4	5	1	2	3	11	3	5	6	0	2	3	1	2	1	3	2	0	5	0	4	0	0	2	0	4	4
11984	29 Jul 25	19:48:00	1	0	53	0	Ct	0	0	0	3	2	0	1	1	8	4	1	2	7	1	3	1	0	5	4	1	2	1	4	2	0	2	0	7	0	0	2	0	8	4
11985	29 Jul 25	19:49:00	1	0	53	0	Ct	0	0	0	4	2	1	1	2	6	3	1	4	4	3	2	3	0	3	4	1	2	4	0	3	0	2	0	4	0	0	0	0	3	1
11986	29 Jul 25	19:50:00	1	0	53	0	Ct	0	0	0	2	2	1	3	2	3	2	0	4	5	4	5	4	0	3	2	1	3	3	3	2	0	3	0	4	0	0	3	0	4	5
11987	29 Jul 25	19:51:00	1	0	53	0	Ct	0	0	0	1	4	1	1	2	1	2	0	2	5	2	2	5	0	4	5	2	1	1	2	3	0	1	2	2	0	0	4	0	7	3
11988	29 Jul 25	19:52:00	1	0	53	0	Ct	0	0	0	3	2	2	3	6	5	2	1	4	3	3	3	5	0	4	3	4	2	2	2	3	0	5	0	4	0	0	4	0	4	2
11989	29 Jul 25	19:53:00	1	0	53	0	Ct	0	0	2	2	1	3	3	5	5	2	2	2	3	4	2	7	1	3	3	2	7	0	1	2	0	2	0	2	0	0	4	0	5	2
11990	29 Jul 25	19:54:00	1	0	53	0	Ct	0	0	0	6	3	2	2	3	4	3	1	3	3	3	0	4	2	3	3	1	3	4	1	2	0	1	0	3	0	0	1	0	3	4
11991	29 Jul 25	19:55:00	1	0	53	0	Ct	0	0	3	3	1	2	18	4	0	4	7	3	6	3	2	4	0	3	3	0	2	1	4	3	0	2	0	4	0	0	1	0	2	1
11992	29 Jul 25	19:56:00	1	0	53	0	Ct	0	0	3	3	2	3	6	1	2	4	1	3	6	4	1	5	0	2	4	0	7	4	1	1	0	4	0	4	0	0	5	0	1	4
11993	29 Jul 25	19:57:00	1	0	53	0	Ct	0	0	5	4	1	2	3	3	4	1	1	4	4	3	0	6	0	4	3	2	7	2	0	2	0	2	0	3	0	0	1	0	3	5
11994	29 Jul 25	19:58:00	1	0	53	0	Ct	0	0	3	2	0	10	4	5	4	1	0	3	4	3	2	5	0	8	3	1	6	3	0	1	0	0	0	5	0	0	2	0	4	4
11995	29 Jul 25	19:59:00	1	0	53	0	Ct	0	0	4	2	0	4	4	5	3	2	4	4	4	5	0	4	1	5	2	3	1	1	4	2	0	3	0	4	0	0	2	0	5	5
11996	29 Jul 25	20:00:00	1	0	53	0	Ct	0	0	2	4	0	5	3	6	7	0	1	4	1	4	3	5	0	4	4	3	4	0	0	1	0	2	0	6	0	0	2	0	6	2
11997	29 Jul 25	20:01:00	1	0	53	0	Ct	0	0	3	3	0	2	3	4	5	2	0	4	3	5	2	5	0	4	2	3	9	2	3	2	0	2	0	5	0	0	1	0	6	4
11998	29 Jul 25	20:02:00	1	0	53	0	Ct	0	0	5	4	0	2	3	5	3	0	0	2	5	3	4	3	0	3	3	4	6	3	0	3	0	1	0	3	0	0	3	0	4	4
11999	29 Jul 25	20:03:00	1	0	53	0	Ct	0	0	6	5	0	2	6	2	0	1	0	4	2	4	3	4	0	1	4	2	2	4	0	2	0	2	0	3	0	0	4	0	2	4
12000	29 Jul 25	20:04:00	1	0	53	0	Ct	0	0	2	3	2	2	4	5	0	1	1	3	6	4	2	0	0	2	4	1	3	1	0	1	0	1	0	1	0	0	2	0	3	3
12001	29 Jul 25	20:05:00	1	0	53	0	Ct	0	0	1	2	2	3	4	2	3	0	1	5	5	5	2	6	0	3	2	3	2	0	0	1	0	2	0	3	0	0	3	0	4	4
12002	29 Jul 25	20:06:00	1	0	53	0	Ct	0	0	3	2	0	4	3	4	0	4	0	4	4	3	3	5	0	5	3	4	3	8	0	1	0	2	0	3	0	0	7	0	3	2
12003	29 Jul 25	20:07:00	1	0	53	0	Ct	0	0	3	3	0	0	2	2	0	2	0	6	3	8	5	4	0	1	2	3	1	0	0	2	0	2	1	4	0	0	6	0	3	3
12004	29 Jul 25	20:08:00	1	0	53	0	Ct	0	0	1	2	0	2	3	1	0	2	2	3	5	7	5	6	0	4	3	1	2	0	0	0	0	2	1	4	0	0	3	0	7	4
12005	29 Jul 25	20:09:00	1	0	53	0	Ct	0	0	1	0	1	4	0	2	0	2	1	5	4	7	3	5	0	3	5	3	3	0	0	1	0	1	0	3	0	0	0	0	6	3
12006	29 Jul 25	20:10:00	1	0	53	0	Ct	0	0	1	1	0	4	0	3	0	2	0	4	3	9	4	6	0	2	2	4	4	0	0	5	0	1	0	4	0	0	2	0	3	5
12007	29 Jul 25	20:11:00	1	0	53	0	Ct	0	0	0	2	0	2	2	4	0	2	0	2	2	8	4	6	0	3	2	5	3	4	0	5	0	3	0	3	0	0	4	0	5	7
12008	29 Jul 25	20:12:00	1	0	53	0	Ct	0	0	2	5	0	2	2	3	2	4	0	4	9	6	4	10	0	2	3	4	4	0	2	0	0	1	0	3	0	0	2	0	4	5
12009	29 Jul 25	20:13:00	1	0	53	0	Ct	0	0	1	1	0	2	2	4	0	3	0	5	7	2	3	5	0	3	3	3	2	0	0	0	0	1	0	3	0	0	2	0	4	5
12010	29 Jul 25	20:14:00	1	0	53	0	Ct	0	0	0	3	0	4	0	1	0	4	0	3	4	2	1	1	0	4	2	2	3	0	0	0	0	3	0	5	0	0	2	0	3	6
12011	29 Jul 25	20:15:00	1	0	53	0	Ct	0	0	0	1	0	3	0	4	0	4	0	3	3	4	0	6	0	5	4	1	2	0	0	3	0	2	0	2	0	0	3	0	4	6
12012	29 Jul 25	20:16:00	1	0	53	0	Ct	0	0	0	2	0	2	0	2	0	1	0	3	2	6	2	5	0	2	3	2	3	0	0	1	0	3	0	4	0	0	4	0	6	4
12013	29 Jul 25	20:17:00	1	0	53	0	Ct	0	0	1	1	0	2	0	5	0	3	0	3	4	3	2	4	0	4	3	2	2	0	0	1	0	2	0	4	0	0	1	0	3	4
12014	29 Jul 25	20:18:00	1	0	53	0	Ct	0	0	0	0	0	1	0	1	2	2	0	4	3	3	0	6	0	3	3	3	1	0	0	1	0	3	0	3	0	0	3	0	4	4
12015	29 Jul 25	20:19:00	1	0	53	0	Ct	0	0	0	0	1	3	0	4	0	1	0	4	4	0	1	5	0	6	4	4	5	0	0	1	0	3	0	3	0	0	3	0	4	5
12016	29 Jul 25	20:20:00	1	0	53	0	Ct	0	0	0	0	0	5	0	4	0	2	0	3	1	0	2	5	0	5	1	4	3	0	0	2	0	3	0	4	0	0	3	0	4	2
12017	29 Jul 25	20:21:00	1	0	53	0	Ct	0	0	0	0	0	3	2	5	0	3	0	4	2	4	1	6	0	7	6	1	2	0	0	1	0	1	0	6	0	0	2	0	4	4
12018	29 Jul 25	20:22:00	1	0	53	0	Ct	0	0	0	4	0	3	0	5	0	3	0	7	4	8	0	6	0	8	4	8	1	0	0	2	0	2	0	0	0	0	3	0	4	3
12019	29 Jul 25	20:23:00	1	0	53	0	Ct	0	0	0	4	0	4	0	3	0	2	2	5	5	6	0	6	0	5	2	2	2	0	0	4	0	1	0	1	0	0	2	0	5	2
12020	29 Jul 25	20:24:00	1	0	53	0	Ct	0	0	0	4	0	1	4	5	0	1	6	2	4	4	0	5	0	5	1	1	1	0	0	0	0	2	0	1	0	0	4	0	1	4
12021	29 Jul 25	20:25:00	1	0	53	0	Ct	0	0	0	0	0	2	3	3	0	3	6	0	3	3	1	3	0	5	4	2	1	0	0	2	0	0	0	4	0	0	4	0	6	2
12022	29 Jul 25	20:26:00	1	0	53	0	Ct	0	0	0	2	0	4	1	2	0	4	2	0	5	0	5	4	0	2	3	3	2	0	0	1	0	1	0	2	0	0	2	0	4	6
12023	29 Jul 25	20:27:00	1	0	53	0	Ct	0	0	0	0	0	4	0	3	0	1	4	1	4	0	3	6	0	5	4	2	1	0	0	1	0	0	0	4	0	0	1	0	4	3
12024	29 Jul 25	20:28:00	1	0	53	0	Ct	0	0	0	0	0	2	0	0	0	0	7	3	5	0	2	5	0	6	3	3	2	0	0	1	0	1	0	3	0	0	0	0	3	4
12025	29 Jul 25	20:29:00	1	0	53	0	Ct	0	0	0	2	0	5	0	3	0	1	1	0	1	1	2	5	0	3	7	1	1	0	0	1	0	2	0	3	0	0	0	0	3	9
12026	29 Jul 25	20:30:00	1	0	53	0	Ct	0	0	0	3	0	2	0	2	0	2	5	2	0	0	4	6	0	5	6	6	9	0	0	0	0	2	0	4	0	0	0	0	4	3
12027	29 Jul 25	20:31:00	1	0	53	0	Ct	0	0	0	3	0	3	0	1	0	1	4	3	0	0	2	5	0	3	3	6	2	0	3	0	0	1	0	2	0	0	0	0	4	3
12028	29 Jul 25	20:32:00	1	0	53	0	Ct	0	0	0	1	0	4	0	0	0	3	3	2	8	0	0	5	0	3	4	0	3	0	0	0	0	2	0	3	0	0	0	0	6	2
12029	29 Jul 25	20:33:00	1	0	53	0	Ct	0	0	0	1	0	3	0	1	0	2	3	0	4	0	0	2	0	6	5	2	4	0	0	0	0	3	0	6	0	0	2	0	3	4
12030	29 Jul 25	20:34:00	1	0	53	0	Ct	0	0	0	1	0	3	0	0	0	2	3	0	7	0	0	6	0	3	4	3	2	0	0	0	0	0	0	6	0	0	2	0	3	3
12031	29 Jul 25	20:35:00	1	0	53	0	Ct	0	0	0	0	0	4	0	3	0	1	3	0	1	2	2	6	0	4	3	0	3	0	0	1	0	2	0	5	0	0	0	0	2	2
12032	29 Jul 25	20:36:00	1	0	53	0	Ct	0	0	0	0	0	3	0	2	0	2	4	2	0	1	1	3	0	5	3	1	2	0	0	0	0	2	0	6	0	0	0	0	4	4
12033	29 Jul 25	20:37:00	1	0	53	0	Ct	0	0	0	0	0	3	1	2	0	1	3	0	0	1	0	5	0	4	5	0	1	3	0	0	0	0	0	0	0	0	0	0	3	5
12034	29 Jul 25	20:38:00	1	0	53	0	Ct	0	0	0	1	0	2	1	0	0	1	5	0	0	0	0	3	0	3	4	3	5	0	0	0	0	2	0	2	0	0	0	0	4	4
12035	29 Jul 25	20:39:00	1	0	53	0	Ct	0	0	0	2	0	4	3	2	0	2	0	4	0	0	2	3	0	3	3	1	2	0	0	0	0	4	0	3	0	0	0	0	5	2
12036	29 Jul 25	20:40:00	1	0	53	0	Ct	0	0	0	3	0	1	4	7	0	1	4	5	0	0	1	6	0	4	5	2	3	0	0	0	0	3	0	4	0	0	0	0	4	2
12037	29 Jul 25	20:41:00	1	0	53	0	Ct	0	0	2	0	0	2	2	2	0	0	1	0	0	0	0	5	0	5	4	2	1	0	0	0	0	4	0	4	0	0	0	0	5	4
12038	29 Jul 25	20:42:00	1	0	53	0	Ct	0	0	0	0	0	2	1	6	0	2	2	0	1	0	0	5	0	5	4	0	7	0	0	0	0	2	0	5	0	0	0	0	3	3
12039	29 Jul 25	20:43:00	1	0	53	0	Ct	0	0	3	0	0	3	1	7	0	3	1	0	1	0	0	7	0	3	4	0	4	0	0	0	0	2	0	3	0	0	0	0	2	5
12040	29 Jul 25	20:44:00	1	0	53	0	Ct	0	0	0	0	0	2	0	4	0	1	0	0	0	0	2	3	0	3	3	0	1	2	0	0	0	1	0	4	0	0	0	0	1	3
12041	29 Jul 25	20:45:00	1	0	53	0	Ct	0	0	1	0	0	3	0	3	0	0	2	0	0	0	2	3	0	5	5	0	0	2	0	0	0	0	0	1	0	0	1	0	4	3
12042	29 Jul 25	20:46:00	1	0	53	0	Ct	0	0	2	2	0	6	0	2	0	1	3	0	4	0	2	6	0	3	3	3	0	0	0	0	0	3	0	1	0	0	1	0	4	3
12043	29 Jul 25	20:47:00	1	0	53	0	Ct	0	0	2	0	0	3	0	1	0	3	0	0	0	0	2	6	0	5	5	1	0	2	0	0	0	1	0	4	0	0	0	0	5	2
12044	29 Jul 25	20:48:00	1	0	53	0	Ct	0	0	5	2	0	3	0	5	0	0	0	0	0	0	2	4	0	5	3	4	0	1	0	2	0	3	0	0	0	0	0	0	4	4
12045	29 Jul 25	20:49:00	1	0	53	0	Ct	0	0	4	3	0	3	0	4	0	1	0	0	0	0	1	2	0	6	5	1	0	0	0	0	0	2	0	1	0	0	0	0	4	3
12046	29 Jul 25	20:50:00	1	0	53	0	Ct	0	0	1	3	0	2	0	3	0	1	0	0	0	0	3	4	0	3	1	0	0	2	0	0	0	1	0	3	0	0	0	0	3	2
12047	29 Jul 25	20:51:00	1	0	53	0	Ct	0	0	0	0	0	4	0	1	0	3	0	0	0	0	0	5	0	6	4	0	0	0	0	0	0	1	0	4	0	0	0	0	5	2
12048	29 Jul 25	20:52:00	1	0	53	0	Ct	0	0	0	0	0	1	0	4	0	1	0	2	0	0	0	6	0	5	2	0	0	0	0	0	0	1	0	5	0	0	0	0	6	4
12049	29 Jul 25	20:53:00	1	0	53	0	Ct	0	0	0	0	0	2	0	5	0	0	0	0	1	0	0	4	0	2	1	2	1	0	0	0	0	0	0	3	0	0	0	0	4	4
12050	29 Jul 25	20:54:00	1	0	53	0	Ct	0	0	0	3	0	3	3	6	0	0	0	0	2	0	0	6	0	3	4	2	4	0	0	0	0	0	0	1	0	0	0	0	4	2
12051	29 Jul 25	20:55:00	1	0	53	0	Ct	0	0	0	2	0	3	1	4	0	0	0	0	1	0	0	5	0	2	4	0	0	0	0	2	0	0	0	2	0	0	0	0	3	3
12052	29 Jul 25	20:56:00	1	0	53	0	Ct	0	0	0	0	0	1	2	1	0	0	0	0	1	0	0	2	0	4	6	0	0	0	0	0	0	0	0	3	0	0	0	0	2	4
12053	29 Jul 25	20:57:00	1	0	53	0	Ct	0	0	0	0	0	0	0	3	0	0	0	0	1	0	0	4	0	4	3	0	1	0	0	0	0	0	0	3	0	0	0	0	3	4
12054	29 Jul 25	20:58:00	1	0	53	0	Ct	0	0	0	0	0	1	0	3	0	0	0	0	4	0	0	4	0	3	5	0	3	0	0	0	0	0	0	3	0	0	0	0	4	7
12055	29 Jul 25	20:59:00	1	0	53	0	Ct	0	0	0	0	0	1	0	4	0	0	0	0	6	0	3	4	0	4	4	0	5	0	0	0	0	0	0	1	0	0	0	0	5	4
12056	29 Jul 25	21:00:00	1	0	53	0	Ct	0	0	0	2	0	0	0	3	0	0	0	0	0	0	3	5	0	2	4	0	1	0	0	1	0	0	0	4	0	0	0	0	5	6
12057	29 Jul 25	21:01:00	1	0	53	0	Ct	0	0	0	0	0	1	0	4	0	2	0	0	1	0	0	5	0	3	4	2	0	0	0	0	0	2	0	0	0	0	2	0	5	2
12058	29 Jul 25	21:02:00	1	0	53	0	Ct	0	0	0	0	0	0	0	2	0	1	0	0	2	0	0	0	0	2	3	0	0	0	0	0	0	2	0	2	0	0	0	0	5	2
12059	29 Jul 25	21:03:00	1	0	53	0	Ct	0	0	0	2	0	2	0	1	0	0	0	0	3	0	0	4	0	0	3	0	2	0	0	0	0	2	0	1	0	0	0	0	2	3
12060	29 Jul 25	21:04:00	1	0	53	0	Ct	0	0	0	1	0	0	0	2	0	0	0	0	1	0	0	6	0	5	4	0	2	0	0	1	0	0	0	0	0	0	0	0	3	4
12061	29 Jul 25	21:05:00	1	0	53	0	Ct	0	0	0	1	0	0	0	5	0	0	0	1	0	0	2	5	0	5	1	0	1	0	0	0	0	3	0	0	0	0	0	0	2	4
12062	29 Jul 25	21:06:00	1	0	53	0	Ct	0	0	0	3	0	0	0	6	0	0	0	0	0	0	0	6	0	3	2	0	3	0	0	0	0	1	0	0	0	0	0	0	5	4
12063	29 Jul 25	21:07:00	1	0	53	0	Ct	0	0	0	1	0	0	0	5	0	0	0	0	0	0	0	4	0	2	5	0	0	0	0	0	0	0	0	0	0	0	0	0	5	2
12064	29 Jul 25	21:08:00	1	0	53	0	Ct	0	0	0	1	0	0	0	4	0	0	0	0	0	0	1	4	0	4	2	0	0	0	0	0	0	0	0	0	0	0	0	0	2	1
12065	29 Jul 25	21:09:00	1	0	53	0	Ct	0	0	0	0	0	0	0	1	0	0	0	2	0	0	0	5	0	3	2	0	0	0	0	4	0	0	0	0	0	0	0	0	2	5
12066	29 Jul 25	21:10:00	1	0	53	0	Ct	0	0	0	0	0	0	0	3	0	0	0	0	0	0	1	2	0	3	4	0	0	0	0	0	0	0	0	1	0	0	0	0	3	4
12067	29 Jul 25	21:11:00	1	0	53	0	Ct	0	0	0	0	0	0	0	3	0	0	0	2	0	0	1	5	0	4	9	0	0	0	0	0	0	0	0	3	0	0	0	0	2	5
12068	29 Jul 25	21:12:00	1	0	53	0	Ct	0	0	0	0	0	0	0	2	0	0	0	0	0	0	3	4	0	4	3	0	0	0	0	0	0	0	0	0	0	0	0	0	5	4
12069	29 Jul 25	21:13:00	1	0	53	0	Ct	0	0	0	0	0	0	0	1	0	0	0	0	0	0	1	2	0	2	4	0	0	0	0	0	0	0	0	0	0	0	0	0	2	3
12070	29 Jul 25	21:14:00	1	0	53	0	Ct	0	0	0	2	0	0	0	5	0	0	0	0	0	0	2	7	0	1	5	0	0	0	0	4	0	0	0	0	0	0	0	0	3	3
12071	29 Jul 25	21:15:00	1	0	53	0	Ct	0	0	0	2	0	0	0	2	0	0	0	0	0	0	0	6	0	0	5	0	0	0	0	1	0	0	0	0	0	0	0	0	3	0
12072	29 Jul 25	21:16:00	1	0	53	0	Ct	0	0	0	0	0	0	0	3	0	0	0	0	0	0	0	6	0	2	3	0	0	0	0	1	0	0	0	4	0	0	0	0	4	9
12073	29 Jul 25	21:17:00	1	0	53	0	Ct	0	0	0	2	0	0	3	1	0	0	0	0	0	0	0	3	0	1	2	0	0	3	0	3	0	0	0	5	0	0	0	0	4	3
12074	29 Jul 25	21:18:00	1	0	53	0	Ct	0	0	0	1	0	0	0	1	0	0	0	0	0	0	0	1	0	4	2	0	1	1	0	0	0	0	0	4	0	0	0	0	6	6
12075	29 Jul 25	21:19:00	1	0	53	0	Ct	0	0	0	4	0	0	0	3	0	0	0	0	0	0	0	4	0	3	4	0	0	0	0	0	0	0	0	4	0	0	0	0	6	5
12076	29 Jul 25	21:20:00	1	0	53	0	Ct	0	0	0	0	0	0	0	6	0	0	0	0	0	0	2	5	0	6	2	0	0	0	0	0	0	0	0	5	0	0	0	0	5	4
12077	29 Jul 25	21:21:00	1	0	53	0	Ct	0	0	0	1	0	0	0	2	0	0	0	0	0	0	0	6	0	2	7	0	0	0	0	2	0	2	0	3	0	0	0	0	4	4
12078	29 Jul 25	21:22:00	1	0	53	0	Ct	0	0	0	0	0	0	0	4	2	0	0	0	0	0	0	6	0	5	3	0	0	0	0	2	0	0	0	0	0	0	0	0	2	5
12079	29 Jul 25	21:23:00	1	0	53	0	Ct	0	0	0	0	0	0	0	5	1	0	0	0	0	0	0	6	0	5	3	0	0	0	0	0	0	0	0	2	0	0	0	0	0	4
12080	29 Jul 25	21:24:00	1	0	53	0	Ct	0	0	0	0	0	0	0	5	0	0	0	0	0	0	0	5	0	3	2	0	0	0	0	2	0	0	0	1	0	0	0	0	4	4
12081	29 Jul 25	21:25:00	1	0	53	0	Ct	0	0	0	0	0	0	0	3	0	0	0	0	0	0	0	6	0	3	3	0	0	0	0	0	0	0	0	1	0	0	0	0	7	3
12082	29 Jul 25	21:26:00	1	0	53	0	Ct	0	0	0	0	0	0	0	4	0	0	0	0	0	0	0	6	0	5	4	0	0	0	0	0	0	0	0	0	0	0	0	0	2	4
12083	29 Jul 25	21:27:00	1	0	53	0	Ct	0	0	0	0	0	0	0	3	0	0	0	0	0	0	0	5	0	4	3	0	0	1	0	0	0	0	0	0	0	0	2	0	0	0
12084	29 Jul 25	21:28:00	1	0	53	0	Ct	0	0	0	0	0	0	0	2	0	0	0	0	0	0	0	5	0	2	2	0	0	2	0	0	0	0	0	2	0	0	0	0	0	1
12085	29 Jul 25	21:29:00	1	0	53	0	Ct	0	0	0	1	0	0	0	1	0	0	0	0	2	0	0	5	0	5	6	0	0	4	0	0	0	0	0	2	0	0	0	0	0	4
12086	29 Jul 25	21:30:00	1	0	53	0	Ct	0	0	0	0	0	0	0	1	0	0	0	0	0	0	0	6	0	0	2	0	0	3	0	0	0	0	0	5	0	0	0	0	2	3
12087	29 Jul 25	21:31:00	1	0	53	0	Ct	0	0	0	0	0	2	0	2	0	0	0	0	0	0	1	7	0	2	2	0	0	0	0	2	0	0	0	2	0	0	0	0	4	3
12088	29 Jul 25	21:32:00	1	0	53	0	Ct	0	0	0	0	0	0	0	2	0	0	0	0	0	0	0	4	0	3	2	0	0	0	0	0	0	0	0	4	0	0	0	0	5	4
12089	29 Jul 25	21:33:00	1	0	53	0	Ct	0	0	0	2	0	0	0	0	0	0	0	0	0	0	0	6	0	2	8	0	0	2	0	0	0	0	0	5	0	0	0	0	5	4
12090	29 Jul 25	21:34:00	1	0	53	0	Ct	0	0	0	1	0	0	0	1	0	0	0	0	0	0	2	2	0	1	5	0	0	3	0	0	0	0	0	2	0	0	0	0	4	3
12091	29 Jul 25	21:35:00	1	0	53	0	Ct	0	0	0	0	0	0	0	1	0	0	0	0	0	0	1	5	0	3	7	0	0	5	0	0	0	0	0	1	0	0	0	0	3	4
12092	29 Jul 25	21:36:00	1	0	53	0	Ct	0	0	0	1	0	0	0	2	0	0	0	0	0	0	0	7	0	2	0	0	0	4	0	2	0	2	0	1	0	0	0	0	4	6
12093	29 Jul 25	21:37:00	1	0	53	0	Ct	0	0	0	0	0	0	0	3	0	0	0	0	0	0	0	2	0	2	0	0	0	4	0	0	0	2	0	3	0	0	0	0	4	6
12094	29 Jul 25	21:38:00	1	0	53	0	Ct	0	0	0	1	0	0	0	3	0	0	3	0	0	0	0	4	0	4	0	0	0	3	0	1	0	0	0	2	0	0	0	0	3	4
12095	29 Jul 25	21:39:00	1	0	53	0	Ct	0	0	0	0	0	0	0	0	0	0	0	0	0	0	0	2	0	2	3	0	0	3	0	2	0	0	0	3	0	0	0	0	3	6
12096	29 Jul 25	21:40:00	1	0	53	0	Ct	0	0	0	0	0	0	0	4	0	0	0	0	0	0	0	4	0	1	2	0	0	0	0	2	0	0	0	2	0	0	0	0	4	3
12097	29 Jul 25	21:41:00	1	0	53	0	Ct	0	0	0	0	0	0	0	0	0	0	0	0	0	0	0	6	0	2	0	0	0	4	0	0	0	0	0	3	0	0	0	0	3	2
12098	29 Jul 25	21:42:00	1	0	53	0	Ct	0	0	0	0	0	0	2	0	0	0	2	0	3	0	0	6	0	3	2	0	0	3	0	1	0	0	0	1	0	0	0	0	5	1
12099	29 Jul 25	21:43:00	1	0	53	0	Ct	0	0	0	0	0	0	0	0	0	0	0	0	0	0	0	6	0	0	0	0	0	1	0	1	0	2	0	0	0	0	0	0	2	4
12100	29 Jul 25	21:44:00	1	0	53	0	Ct	0	0	0	0	0	0	0	0	0	0	1	0	0	0	0	3	0	2	0	0	2	5	0	1	0	4	0	0	0	0	0	0	5	3
12101	29 Jul 25	21:45:00	1	0	53	0	Ct	0	0	0	0	0	0	0	0	0	0	0	0	0	0	0	6	0	0	0	0	0	1	0	1	0	2	0	0	0	0	0	0	1	3
12102	29 Jul 25	21:46:00	1	0	53	0	Ct	0	0	0	0	0	0	0	0	2	0	0	0	0	0	0	4	0	1	0	0	2	2	0	0	0	3	0	2	0	0	0	0	2	5
12103	29 Jul 25	21:47:00	1	0	53	0	Ct	0	0	0	0	0	0	0	0	0	0	0	0	1	0	0	3	0	1	0	1	3	6	0	0	0	2	0	0	0	0	0	0	2	4
12104	29 Jul 25	21:48:00	1	0	53	0	Ct	0	0	0	0	0	0	0	0	0	0	1	0	2	0	0	2	0	2	0	0	3	4	0	0	0	4	0	2	0	0	0	0	4	3
12105	29 Jul 25	21:49:00	1	0	53	0	Ct	0	0	0	0	0	0	0	0	0	0	0	0	0	0	0	6	0	1	0	0	6	3	0	0	0	2	0	4	0	0	0	0	6	4
12106	29 Jul 25	21:50:00	1	0	53	0	Ct	0	0	0	0	0	0	0	0	0	0	0	0	0	0	0	2	0	0	0	0	3	4	0	1	0	0	0	0	0	0	0	0	3	3
12107	29 Jul 25	21:51:00	1	0	53	0	Ct	0	0	0	0	0	0	0	0	0	0	0	0	0	0	0	4	0	3	0	0	5	4	0	5	0	0	0	3	0	0	0	0	2	1
12108	29 Jul 25	21:52:00	1	0	53	0	Ct	0	0	0	0	0	0	0	2	0	0	0	0	0	1	0	2	2	2	0	0	2	4	0	2	0	0	0	2	0	0	0	0	5	2
12109	29 Jul 25	21:53:00	1	0	53	0	Ct	0	0	0	0	0	0	0	2	0	0	0	2	0	1	0	2	0	4	0	0	2	2	0	2	0	0	0	0	0	0	0	0	5	1
12110	29 Jul 25	21:54:00	1	0	53	0	Ct	0	0	0	0	0	0	0	4	0	0	0	2	0	0	0	2	0	3	0	0	5	2	0	2	0	0	0	1	0	0	0	0	3	4
12111	29 Jul 25	21:55:00	1	0	53	0	Ct	0	0	0	0	0	0	0	1	0	0	0	2	0	0	0	4	0	2	1	0	2	3	0	2	0	0	0	1	0	0	0	0	2	1
12112	29 Jul 25	21:56:00	1	0	53	0	Ct	0	0	0	0	0	0	0	2	0	0	0	2	0	0	0	3	0	1	6	0	1	2	0	1	0	0	0	3	0	0	0	0	2	0
12113	29 Jul 25	21:57:00	1	0	53	0	Ct	0	0	0	0	0	0	0	2	0	0	0	6	0	0	0	8	0	2	4	0	3	3	0	0	0	5	0	2	0	0	0	0	1	4
12114	29 Jul 25	21:58:00	1	0	53	0	Ct	0	0	0	0	0	0	0	0	0	0	0	8	0	0	1	1	0	1	4	0	2	3	0	1	0	3	0	4	0	0	0	0	0	0
12115	29 Jul 25	21:59:00	1	0	53	0	Ct	0	0	0	0	0	0	0	3	0	0	0	7	0	0	0	3	0	1	2	0	2	3	0	2	0	4	0	3	0	0	0	0	0	0
12116	29 Jul 25	22:00:00	1	0	53	0	Ct	0	0	0	0	0	0	0	1	0	0	0	1	0	0	0	0	0	0	0	0	2	5	0	2	0	0	0	2	0	0	0	0	0	0
12117	29 Jul 25	22:01:00	1	0	53	0	Ct	0	0	0	0	0	0	0	0	0	0	0	3	0	0	0	3	0	0	2	0	4	3	0	5	0	2	0	0	0	0	0	0	0	4
12118	29 Jul 25	22:02:00	1	0	53	0	Ct	0	0	0	0	0	0	0	0	0	0	0	5	0	0	0	0	0	0	0	0	3	3	0	1	0	4	0	3	0	0	2	0	0	5
12119	29 Jul 25	22:03:00	1	0	53	0	Ct	0	0	0	0	0	0	0	0	0	0	0	1	0	0	0	4	0	2	0	0	2	2	0	2	0	1	0	0	0	0	0	0	0	3
12120	29 Jul 25	22:04:00	1	0	53	0	Ct	0	0	0	0	0	0	0	0	0	0	0	2	0	0	0	5	0	4	0	0	2	6	0	0	0	2	0	2	0	0	0	0	0	4
12121	29 Jul 25	22:05:00	1	0	53	0	Ct	0	0	0	0	0	0	0	0	0	0	0	1	0	0	0	2	0	1	0	0	1	2	0	2	0	2	0	2	0	0	0	0	4	5
12122	29 Jul 25	22:06:00	1	0	53	0	Ct	0	0	0	0	0	0	0	0	0	0	0	2	0	0	0	1	0	1	0	0	1	4	0	0	0	0	0	0	0	0	0	0	3	2
12123	29 Jul 25	22:07:00	1	0	53	0	Ct	0	0	0	0	0	0	0	0	0	0	0	3	0	0	0	0	0	0	0	0	0	5	0	1	0	0	0	0	0	0	0	0	0	2
12124	29 Jul 25	22:08:00	1	0	53	0	Ct	0	0	0	0	0	0	0	0	0	0	0	3	0	0	0	1	0	6	0	0	0	5	0	5	0	0	0	0	0	0	0	0	3	1
12125	29 Jul 25	22:09:00	1	0	53	0	Ct	0	0	0	0	0	0	0	0	0	0	0	2	0	0	0	4	0	1	0	0	2	7	0	4	0	3	0	0	0	0	0	0	3	0
12126	29 Jul 25	22:10:00	1	0	53	0	Ct	0	0	0	0	0	0	0	0	0	0	0	0	0	0	0	5	0	3	0	0	6	12	0	1	0	4	0	0	0	0	0	0	1	0
12127	29 Jul 25	22:11:00	1	0	53	0	Ct	0	0	0	0	0	0	0	3	0	0	0	0	0	0	0	6	0	3	0	0	2	5	0	1	0	1	2	0	0	0	0	0	0	2
12128	29 Jul 25	22:12:00	1	0	53	0	Ct	0	0	0	0	0	0	0	1	0	0	0	0	3	0	0	3	0	2	0	0	1	5	0	1	0	2	0	0	0	0	0	0	3	1
12129	29 Jul 25	22:13:00	1	0	53	0	Ct	0	0	0	0	0	0	0	0	0	0	3	0	0	0	0	4	0	3	0	0	4	6	0	1	0	3	0	0	0	0	0	0	0	1
12130	29 Jul 25	22:14:00	1	0	53	0	Ct	0	0	0	0	0	0	0	0	0	0	3	0	0	2	0	3	0	2	0	0	1	3	0	3	0	2	0	2	0	0	0	0	0	2
12131	29 Jul 25	22:15:00	1	0	53	0	Ct	0	0	0	0	0	0	0	0	0	0	2	0	1	0	0	4	0	4	0	0	1	2	0	3	0	4	0	2	0	0	0	0	0	0
12132	29 Jul 25	22:16:00	1	0	53	0	Ct	0	0	0	0	0	0	0	0	0	0	0	0	2	0	0	4	0	1	0	0	3	1	0	1	0	4	0	0	0	0	0	0	0	3
12133	29 Jul 25	22:17:00	1	0	53	0	Ct	0	0	0	0	0	0	0	0	0	0	0	1	1	0	0	5	0	1	0	0	0	4	0	1	0	2	0	0	0	0	0	0	0	3
12134	29 Jul 25	22:18:00	1	0	53	0	Ct	0	0	0	0	0	0	3	0	0	0	0	1	0	0	0	5	0	0	0	0	2	3	0	1	0	6	0	0	0	0	0	0	0	0
12135	29 Jul 25	22:19:00	1	0	53	0	Ct	0	0	0	0	0	0	0	0	0	0	0	1	0	0	0	4	0	3	0	0	3	4	0	1	0	3	0	0	0	0	0	0	0	4
12136	29 Jul 25	22:20:00	1	0	53	0	Ct	0	0	0	0	0	0	0	0	0	0	0	3	0	0	0	1	0	1	1	0	4	3	1	3	0	2	1	0	0	0	0	0	0	6
12137	29 Jul 25	22:21:00	1	0	53	0	Ct	0	0	0	0	0	0	0	0	0	0	0	2	0	0	0	4	0	0	1	0	2	4	1	4	0	1	1	0	0	0	0	0	0	5
12138	29 Jul 25	22:22:00	1	0	53	0	Ct	0	0	0	0	0	0	0	0	0	0	0	3	0	0	0	8	0	3	0	0	1	1	0	2	0	2	0	0	0	0	0	0	0	7
12139	29 Jul 25	22:23:00	1	0	53	0	Ct	0	0	0	0	0	0	0	0	0	0	0	3	0	0	0	4	0	3	0	0	1	2	0	2	0	2	0	0	0	0	0	0	0	4
12140	29 Jul 25	22:24:00	1	0	53	0	Ct	0	0	0	0	0	0	0	0	0	0	0	0	0	0	0	6	0	0	0	0	0	3	0	3	0	1	2	3	0	0	0	0	1	2
12141	29 Jul 25	22:25:00	1	0	53	0	Ct	0	0	0	0	0	0	0	0	0	0	0	0	0	0	0	5	0	2	0	0	2	4	0	3	0	2	0	0	0	0	0	0	0	5
12142	29 Jul 25	22:26:00	1	0	53	0	Ct	0	0	0	1	0	0	0	0	0	0	0	0	0	0	2	6	0	2	0	0	1	1	0	2	0	1	0	4	0	0	0	0	1	3
12143	29 Jul 25	22:27:00	1	0	53	0	Ct	0	0	0	0	0	0	0	0	0	0	0	0	0	0	0	6	0	0	0	0	0	2	0	1	0	0	0	2	0	0	0	0	0	4
12144	29 Jul 25	22:28:00	1	0	53	0	Ct	0	0	0	0	0	0	1	0	0	0	0	0	0	0	0	2	0	0	0	0	1	1	2	1	0	2	0	0	0	0	0	0	0	3
12145	29 Jul 25	22:29:00	1	0	53	0	Ct	0	0	0	0	0	0	1	1	0	0	0	0	0	0	2	4	0	1	0	0	1	1	0	1	0	1	0	0	0	0	0	0	0	2
12146	29 Jul 25	22:30:00	1	0	53	0	Ct	0	0	0	0	0	0	0	0	0	0	5	0	0	0	2	5	0	1	0	0	3	2	0	2	0	2	0	0	0	0	0	0	0	1
12147	29 Jul 25	22:31:00	1	0	53	0	Ct	0	0	0	0	0	0	0	0	0	0	2	0	0	0	2	6	0	1	0	0	3	5	0	3	0	1	0	0	0	0	0	0	0	3
12148	29 Jul 25	22:32:00	1	0	53	0	Ct	0	0	0	0	0	0	0	0	0	0	0	0	0	0	2	6	0	1	0	0	0	2	0	1	0	1	0	0	0	0	0	0	0	2
12149	29 Jul 25	22:33:00	1	0	53	0	Ct	0	0	0	0	0	0	0	0	0	0	0	0	0	0	3	3	0	2	0	0	1	2	0	3	0	1	0	0	0	0	0	0	0	1
12150	29 Jul 25	22:34:00	1	0	53	0	Ct	0	0	0	0	0	0	0	0	0	0	4	0	0	1	0	3	0	0	0	0	2	2	0	0	0	1	0	0	0	0	0	0	0	2
12151	29 Jul 25	22:35:00	1	0	53	0	Ct	0	0	0	0	0	0	0	0	0	0	0	0	0	0	0	3	0	5	0	0	3	4	0	0	0	3	0	0	0	0	0	0	0	2
12152	29 Jul 25	22:36:00	1	0	53	0	Ct	0	0	0	0	0	0	0	0	0	0	2	0	0	0	2	5	0	2	0	0	1	3	0	1	0	1	0	0	0	0	0	0	0	3
12153	29 Jul 25	22:37:00	1	0	53	0	Ct	0	0	0	0	0	0	0	2	0	0	0	0	0	0	2	1	0	4	0	0	0	1	0	2	0	0	0	0	0	0	0	0	0	2
12154	29 Jul 25	22:38:00	1	0	53	0	Ct	0	0	0	0	0	0	0	2	0	0	0	0	1	2	9	5	0	1	0	0	2	3	0	1	0	3	0	0	0	0	0	0	2	2
12155	29 Jul 25	22:39:00	1	0	53	0	Ct	0	0	0	0	0	0	0	3	0	0	0	0	1	0	2	6	0	1	0	0	3	3	0	1	0	2	0	0	0	0	0	0	1	1
12156	29 Jul 25	22:40:00	1	0	53	0	Ct	0	0	0	0	0	0	0	0	0	0	0	1	0	0	2	5	0	3	0	0	4	4	0	0	0	2	0	0	0	0	0	0	0	2
12157	29 Jul 25	22:41:00	1	0	53	0	Ct	0	0	0	0	0	0	0	0	0	0	0	1	0	2	0	4	0	2	0	0	1	3	0	0	0	6	0	0	0	0	0	0	0	4
12158	29 Jul 25	22:42:00	1	0	53	0	Ct	0	0	0	0	0	0	0	0	0	0	0	0	0	0	0	5	0	2	0	0	1	2	0	0	0	4	0	0	0	0	0	0	0	1
12159	29 Jul 25	22:43:00	1	0	53	0	Ct	0	0	0	0	0	0	0	4	0	0	0	0	0	0	0	6	0	0	0	0	1	1	0	4	0	2	0	0	0	0	1	0	0	2
12160	29 Jul 25	22:44:00	1	0	53	0	Ct	0	0	0	0	0	0	0	3	0	0	0	1	0	0	0	4	0	0	0	0	1	6	0	3	0	2	0	0	0	0	1	0	0	2
12161	29 Jul 25	22:45:00	1	0	53	0	Ct	0	0	0	0	2	0	0	2	0	0	0	3	0	0	0	2	0	5	0	0	3	0	0	2	0	1	0	0	0	0	0	0	0	1
12162	29 Jul 25	22:46:00	1	0	53	0	Ct	0	0	0	0	0	0	0	0	0	0	2	1	0	0	0	2	0	1	0	0	2	2	0	2	0	2	0	0	0	0	0	0	0	2
12163	29 Jul 25	22:47:00	1	0	53	0	Ct	0	0	0	0	0	0	0	1	0	0	2	3	0	0	0	3	0	3	0	0	1	2	0	2	0	3	0	2	0	0	0	0	0	1
12164	29 Jul 25	22:48:00	1	0	53	0	Ct	0	0	0	0	0	0	0	2	0	0	4	3	0	0	0	4	0	5	0	0	2	2	0	2	0	0	0	0	0	0	2	0	0	2
12165	29 Jul 25	22:49:00	1	0	53	0	Ct	0	0	0	0	0	0	0	0	0	0	4	5	0	0	0	5	0	0	0	0	1	5	0	3	0	0	0	0	0	0	2	0	0	3
12166	29 Jul 25	22:50:00	1	0	53	0	Ct	0	0	0	0	0	0	0	0	0	0	2	2	0	0	0	2	2	0	0	0	1	0	0	0	0	0	0	0	0	0	1	0	0	3
12167	29 Jul 25	22:51:00	1	0	53	0	Ct	0	0	0	0	0	0	0	0	0	2	0	0	0	0	0	4	0	0	0	0	1	0	0	0	0	1	0	0	0	0	1	0	0	3
12168	29 Jul 25	22:52:00	1	0	53	0	Ct	0	0	0	0	0	0	0	0	0	0	0	0	0	0	0	1	0	0	0	0	3	0	0	1	0	1	0	0	0	0	3	0	1	2
12169	29 Jul 25	22:53:00	1	0	53	0	Ct	0	0	1	0	0	0	0	0	0	0	1	0	0	0	0	1	0	0	0	0	0	0	0	1	0	3	0	0	0	0	3	0	1	4
12170	29 Jul 25	22:54:00	1	0	53	0	Ct	0	0	1	0	0	0	0	0	0	0	0	3	0	0	0	1	0	0	0	0	2	0	0	7	0	2	0	0	0	0	1	0	0	1
12171	29 Jul 25	22:55:00	1	0	53	0	Ct	0	0	0	0	0	0	0	0	0	1	1	3	0	0	0	2	0	0	0	0	1	5	0	2	0	1	0	0	0	0	1	0	0	4
12172	29 Jul 25	22:56:00	1	0	53	0	Ct	0	0	0	0	0	0	0	0	0	1	0	1	0	0	0	4	0	0	0	0	0	4	0	3	0	1	0	0	0	0	1	0	0	2
12173	29 Jul 25	22:57:00	1	0	53	0	Ct	0	0	1	0	0	0	2	0	0	0	0	4	0	0	0	2	0	0	0	0	0	0	0	2	0	2	0	0	0	0	2	0	0	2
12174	29 Jul 25	22:58:00	1	0	53	0	Ct	0	0	0	0	0	0	0	1	0	3	0	0	0	0	0	0	3	0	0	0	0	0	0	1	0	2	0	0	0	0	3	0	1	3
12175	29 Jul 25	22:59:00	1	0	53	0	Ct	0	0	1	0	0	0	0	0	0	1	0	0	0	0	0	2	0	0	0	0	0	0	0	3	0	3	0	0	0	0	3	0	4	4
12176	29 Jul 25	23:00:00	1	0	53	0	Ct	0	0	0	0	0	0	0	0	0	2	0	0	0	0	0	8	0	0	0	0	0	0	0	2	0	3	0	0	0	0	3	0	4	4
12177	29 Jul 25	23:01:00	1	0	53	0	Ct	0	0	0	0	0	0	0	0	0	5	0	0	1	0	0	3	0	0	0	0	0	0	0	2	0	2	0	0	0	0	0	0	3	4
12178	29 Jul 25	23:02:00	1	0	53	0	Ct	0	0	2	0	0	0	0	3	0	3	0	0	0	0	0	0	0	0	0	0	0	0	0	2	0	4	0	0	0	0	0	0	1	2
12179	29 Jul 25	23:03:00	1	0	53	0	Ct	0	0	0	0	0	0	0	4	0	5	0	4	0	0	0	0	0	2	0	0	0	0	0	1	0	3	0	3	0	0	0	0	1	0
12180	29 Jul 25	23:04:00	1	0	53	0	Ct	0	0	2	0	0	0	0	3	0	3	0	0	0	0	0	2	0	0	0	0	0	0	0	2	0	2	0	1	0	0	0	0	4	0
12181	29 Jul 25	23:05:00	1	0	53	0	Ct	0	0	0	0	0	0	0	5	0	6	0	0	1	1	0	4	0	1	0	0	2	0	0	4	0	2	0	0	0	0	0	0	0	2
12182	29 Jul 25	23:06:00	1	0	53	0	Ct	0	0	0	0	0	0	0	0	0	4	0	0	0	1	0	2	0	3	2	0	0	0	0	3	0	1	0	2	0	0	0	0	1	4
12183	29 Jul 25	23:07:00	1	0	53	0	Ct	0	0	0	0	0	0	0	0	0	3	0	0	0	0	0	5	0	2	4	0	0	0	0	0	0	1	0	3	0	0	0	0	3	2
12184	29 Jul 25	23:08:00	1	0	53	0	Ct	0	0	0	0	0	0	0	0	0	1	0	0	0	0	0	3	0	3	1	0	0	0	0	0	0	2	0	1	0	0	0	0	2	1
12185	29 Jul 25	23:09:00	1	0	53	0	Ct	0	0	0	0	0	0	0	5	0	12	0	0	0	0	0	4	0	3	1	0	0	0	0	2	0	2	2	0	0	0	0	0	2	1
12186	29 Jul 25	23:10:00	1	0	53	0	Ct	0	0	0	0	0	0	0	3	0	2	0	0	0	0	0	2	0	6	0	0	0	3	0	1	0	2	1	0	0	0	0	0	4	1
12187	29 Jul 25	23:11:00	1	0	53	0	Ct	0	0	0	0	0	0	2	3	0	3	0	1	0	0	0	0	0	2	0	0	0	3	0	0	0	0	1	2	0	0	0	0	0	3
12188	29 Jul 25	23:12:00	1	0	53	0	Ct	0	0	0	0	0	0	0	1	0	4	0	0	0	0	1	0	0	5	0	0	0	0	0	2	0	0	0	3	0	0	0	0	0	2
12189	29 Jul 25	23:13:00	1	0	53	0	Ct	0	0	0	0	0	0	3	1	0	3	2	0	0	0	0	2	0	3	0	0	0	0	0	2	0	0	0	1	0	0	0	0	0	1
12190	29 Jul 25	23:14:00	1	0	53	0	Ct	0	0	0	0	0	0	0	1	0	1	1	0	0	0	0	3	0	4	2	0	0	2	0	2	0	0	0	0	0	0	0	0	2	0
12191	29 Jul 25	23:15:00	1	0	53	0	Ct	0	0	0	0	0	0	0	0	0	2	1	0	0	0	2	2	0	5	0	0	0	4	0	2	0	1	0	0	0	0	0	0	0	2
12192	29 Jul 25	23:16:00	1	0	53	0	Ct	0	0	0	0	0	0	0	0	0	0	0	0	0	0	0	3	0	5	0	0	0	1	0	1	0	1	0	0	0	0	0	0	0	3
12193	29 Jul 25	23:17:00	1	0	53	0	Ct	0	0	0	0	0	0	0	0	0	0	1	0	0	0	0	4	0	4	0	0	0	6	0	1	0	1	0	0	0	0	0	0	3	1
12194	29 Jul 25	23:18:00	1	0	53	0	Ct	0	0	0	0	0	0	0	0	0	0	1	0	0	0	0	0	0	2	0	1	0	7	0	1	0	1	0	0	0	0	0	0	5	3
12195	29 Jul 25	23:19:00	1	0	53	0	Ct	0	0	0	0	0	0	0	1	0	1	1	0	0	0	0	1	0	5	0	1	0	5	0	1	0	1	0	0	0	0	0	0	2	3
12196	29 Jul 25	23:20:00	1	0	53	0	Ct	0	0	0	0	2	0	2	3	0	3	2	0	1	0	0	6	0	5	0	4	0	4	0	1	0	0	0	0	0	0	0	0	3	6
12197	29 Jul 25	23:21:00	1	0	53	0	Ct	0	0	1	0	0	0	0	6	0	2	1	2	1	0	0	2	0	3	0	0	0	4	0	3	0	0	0	0	0	0	0	0	2	7
12198	29 Jul 25	23:22:00	1	0	53	0	Ct	0	0	1	0	0	0	0	1	0	3	0	0	0	0	0	1	0	2	0	2	0	1	0	1	0	0	0	1	0	0	0	0	4	3
12199	29 Jul 25	23:23:00	1	0	53	0	Ct	0	0	0	0	0	0	0	2	0	2	3	0	0	0	0	2	0	2	0	2	0	2	0	3	0	0	0	1	0	0	0	0	3	2
12200	29 Jul 25	23:24:00	1	0	53	0	Ct	0	0	0	5	0	0	0	2	0	5	1	0	0	0	1	5	0	2	0	0	0	2	0	3	0	0	0	0	0	0	0	0	4	4
12201	29 Jul 25	23:25:00	1	0	53	0	Ct	0	0	0	0	0	0	0	5	0	1	3	0	0	1	1	1	0	3	0	0	0	3	0	1	0	0	0	0	0	0	0	0	3	3
12202	29 Jul 25	23:26:00	1	0	53	0	Ct	0	0	0	0	0	0	0	3	0	1	2	0	0	0	0	1	0	0	0	0	0	3	0	2	0	2	0	0	0	0	0	0	3	1
12203	29 Jul 25	23:27:00	1	0	53	0	Ct	0	0	0	0	0	0	0	4	0	2	6	0	0	0	0	0	0	0	0	0	2	3	0	2	0	2	0	0	0	0	0	0	4	3
12204	29 Jul 25	23:28:00	1	0	53	0	Ct	0	0	0	0	0	0	0	4	0	4	2	0	0	4	0	4	0	1	0	0	0	2	0	2	0	4	0	0	0	0	0	0	3	3
12205	29 Jul 25	23:29:00	1	0	53	0	Ct	0	0	0	0	0	0	0	0	0	0	1	0	0	0	0	5	2	4	0	0	0	3	0	2	0	4	0	0	0	0	0	0	2	4
12206	29 Jul 25	23:30:00	1	0	53	0	Ct	0	0	0	0	0	0	0	3	0	3	0	0	0	0	1	3	0	2	0	0	0	3	0	1	0	2	0	0	0	0	0	0	3	1
12207	29 Jul 25	23:31:00	1	0	53	0	Ct	0	0	0	0	0	0	0	1	0	0	0	0	0	0	0	0	0	4	0	0	0	1	0	2	0	4	0	0	0	0	0	0	5	4
12208	29 Jul 25	23:32:00	1	0	53	0	Ct	0	0	0	0	0	0	0	4	0	2	1	0	0	0	0	3	0	6	0	0	2	4	0	2	0	2	0	0	0	0	0	0	3	3
12209	29 Jul 25	23:33:00	1	0	53	0	Ct	0	0	0	0	0	0	0	2	0	1	0	0	0	0	0	1	0	5	0	0	6	3	0	1	0	1	0	0	0	0	0	0	3	0
12210	29 Jul 25	23:34:00	1	0	53	0	Ct	0	0	0	0	0	0	0	0	2	3	3	0	0	0	0	0	0	3	0	0	5	3	0	2	0	2	0	0	0	0	0	0	3	4
12211	29 Jul 25	23:35:00	1	0	53	0	Ct	0	0	0	0	0	0	0	3	0	2	0	0	0	0	0	2	0	1	0	0	2	3	0	2	0	2	0	0	0	0	0	0	2	6
12212	29 Jul 25	23:36:00	1	0	53	0	Ct	0	0	0	0	0	0	0	0	0	2	0	0	0	0	0	3	0	3	1	0	6	2	0	0	0	2	0	0	0	0	0	0	5	1
12213	29 Jul 25	23:37:00	1	0	53	0	Ct	0	0	0	4	0	0	0	4	2	3	0	0	0	2	0	1	0	2	1	0	2	3	0	1	0	3	0	0	0	0	0	0	9	5
12214	29 Jul 25	23:38:00	1	0	53	0	Ct	0	0	0	0	0	0	0	2	1	2	0	0	0	0	0	0	0	3	0	0	5	2	0	2	0	2	0	0	0	0	0	0	6	3
12215	29 Jul 25	23:39:00	1	0	53	0	Ct	0	0	2	0	0	0	3	0	4	0	0	0	0	0	0	2	0	3	0	0	3	3	0	1	0	2	0	2	0	0	0	0	2	3
12216	29 Jul 25	23:40:00	1	0	53	0	Ct	0	0	0	0	0	0	1	4	1	0	0	0	1	0	1	1	0	0	3	0	2	1	0	0	0	1	0	0	0	0	0	0	3	1
12217	29 Jul 25	23:41:00	1	0	53	0	Ct	0	0	0	0	0	0	0	3	3	2	0	0	0	0	1	3	0	1	0	0	3	0	0	3	0	1	0	0	0	0	0	0	2	3
12218	29 Jul 25	23:42:00	1	0	53	0	Ct	0	0	1	1	0	0	4	1	2	4	1	0	0	0	1	0	0	5	0	0	2	2	0	3	0	0	0	0	0	0	0	0	1	3
12219	29 Jul 25	23:43:00	1	0	53	0	Ct	0	0	1	1	0	0	0	3	3	0	1	0	0	0	1	1	0	0	0	0	4	5	0	2	0	2	0	1	0	0	0	0	2	2
12220	29 Jul 25	23:44:00	1	0	53	0	Ct	0	0	0	0	0	0	3	4	1	4	1	0	0	0	0	2	0	6	0	0	2	3	0	1	0	1	0	1	0	0	0	0	5	1
12221	29 Jul 25	23:45:00	1	0	53	0	Ct	0	0	0	0	0	0	3	2	0	2	8	0	0	0	0	0	0	2	0	0	5	5	0	0	0	2	0	0	0	0	0	0	2	3
12222	29 Jul 25	23:46:00	1	0	53	0	Ct	0	0	0	0	0	0	2	4	1	0	0	2	0	0	0	0	0	5	0	0	1	4	0	1	0	1	0	0	0	0	0	0	5	1
12223	29 Jul 25	23:47:00	1	0	53	0	Ct	0	0	0	0	0	0	4	2	0	3	0	0	0	0	0	0	0	5	0	0	2	2	0	0	0	2	0	2	0	0	0	0	3	0
12224	29 Jul 25	23:48:00	1	0	53	0	Ct	0	0	0	2	0	0	3	0	0	3	0	0	0	0	0	1	0	4	0	0	2	3	0	0	0	1	0	4	0	0	0	0	3	1
12225	29 Jul 25	23:49:00	1	0	53	0	Ct	0	0	0	3	0	0	10	1	0	3	0	0	0	0	0	5	0	2	0	0	4	6	0	3	0	0	0	1	0	0	0	0	3	2
12226	29 Jul 25	23:50:00	1	0	53	0	Ct	0	0	0	2	0	0	5	2	0	1	0	0	0	0	0	0	0	1	0	0	4	2	0	1	0	2	0	3	0	0	2	0	4	3
12227	29 Jul 25	23:51:00	1	0	53	0	Ct	0	0	0	3	0	0	2	3	0	1	0	0	0	0	0	0	0	1	0	0	4	1	0	1	0	0	0	0	0	0	4	0	2	4
12228	29 Jul 25	23:52:00	1	0	53	0	Ct	0	0	0	2	0	0	2	0	0	2	0	0	0	0	0	0	0	2	0	0	1	1	0	2	0	1	0	0	0	0	0	0	6	4
12229	29 Jul 25	23:53:00	1	0	53	0	Ct	0	0	0	0	0	0	0	2	0	2	0	2	0	0	0	0	1	1	0	0	2	4	0	1	0	2	0	0	0	0	0	0	0	3
12230	29 Jul 25	23:54:00	1	0	53	0	Ct	0	0	0	2	0	0	0	1	0	4	0	2	0	0	0	0	1	2	0	0	1	4	0	2	0	2	0	0	0	0	0	0	3	4
12231	29 Jul 25	23:55:00	1	0	53	0	Ct	0	0	0	0	0	0	0	2	0	1	0	1	0	0	0	2	0	2	0	0	2	4	0	0	0	1	0	0	0	0	0	0	3	3
12232	29 Jul 25	23:56:00	1	0	53	0	Ct	0	0	0	0	0	0	0	1	1	2	0	5	0	2	0	4	0	1	0	0	3	1	0	2	0	1	0	0	0	0	0	0	4	3
12233	29 Jul 25	23:57:00	1	0	53	0	Ct	0	0	0	0	0	0	0	1	0	3	0	1	0	4	0	2	0	1	0	0	2	2	0	0	0	2	0	0	0	0	0	0	2	4
12234	29 Jul 25	23:58:00	1	0	53	0	Ct	0	0	0	0	0	0	0	1	0	2	0	3	0	2	0	2	2	4	0	0	1	7	0	0	0	2	0	0	0	0	1	0	2	2
12235	29 Jul 25	23:59:00	1	0	53	0	Ct	0	0	0	0	0	0	0	3	0	1	2	5	0	0	0	4	0	0	0	0	4	6	0	1	0	1	0	0	0	0	1	0	3	2
12236	30 Jul 25	00:00:00	1	0	53	0	Ct	0	0	0	0	0	0	0	1	0	3	2	3	0	0	0	1	0	2	0	0	2	4	0	0	0	1	0	0	0	0	0	0	4	1
12237	30 Jul 25	00:01:00	1	0	53	0	Ct	0	0	0	0	0	0	0	0	0	3	0	6	0	1	0	0	0	2	0	0	1	6	0	0	0	1	0	0	0	0	0	0	3	4
12238	30 Jul 25	00:02:00	1	0	53	0	Ct	0	0	0	0	0	0	0	2	0	2	2	5	0	1	1	0	0	2	0	0	3	3	2	0	0	1	0	0	0	0	0	0	4	3
12239	30 Jul 25	00:03:00	1	0	53	0	Ct	0	0	0	1	0	0	0	3	0	2	1	4	0	0	0	3	0	6	0	0	3	9	0	0	0	0	0	0	0	0	0	0	3	0
12240	30 Jul 25	00:04:00	1	0	53	0	Ct	0	0	0	4	0	0	0	0	0	0	8	0	1	0	0	0	0	0	0	0	2	3	0	0	0	3	0	0	0	0	0	0	3	0
12241	30 Jul 25	00:05:00	1	0	53	0	Ct	0	0	0	1	0	0	0	1	0	3	2	2	0	0	0	0	0	2	0	0	1	2	0	0	0	0	0	0	0	0	0	0	4	0
12242	30 Jul 25	00:06:00	1	0	53	0	Ct	0	0	0	0	0	0	0	1	0	1	2	2	0	0	0	0	0	1	1	0	2	2	0	0	0	0	0	0	0	0	0	0	5	0
12243	30 Jul 25	00:07:00	1	0	53	0	Ct	0	0	0	1	0	0	0	1	0	2	1	0	0	0	0	0	0	2	2	0	3	2	0	0	0	2	0	2	0	0	0	0	3	4
12244	30 Jul 25	00:08:00	1	0	53	0	Ct	0	0	0	0	0	0	0	1	0	2	0	0	1	0	0	2	0	1	0	0	0	3	0	0	0	4	0	2	0	0	0	0	3	2
12245	30 Jul 25	00:09:00	1	0	53	0	Ct	0	0	0	2	0	0	2	1	0	0	2	0	1	0	0	5	0	3	1	0	0	4	1	0	0	1	0	1	0	0	0	0	4	4
12246	30 Jul 25	00:10:00	1	0	53	0	Ct	0	0	0	0	0	0	0	2	0	1	2	0	0	0	0	5	0	2	0	0	0	0	1	0	0	2	0	0	0	0	0	0	4	3
12247	30 Jul 25	00:11:00	1	0	53	0	Ct	0	0	0	0	0	0	2	1	0	2	2	0	0	0	0	2	2	0	5	0	0	2	0	0	0	1	0	1	0	0	0	0	5	2
12248	30 Jul 25	00:12:00	1	0	53	0	Ct	0	0	0	1	0	0	2	0	0	1	2	0	0	0	0	1	0	1	0	0	0	2	0	1	0	2	0	2	0	0	0	0	4	3
12249	30 Jul 25	00:13:00	1	0	53	0	Ct	0	0	0	3	0	0	3	0	0	1	3	0	0	0	0	4	0	3	0	0	0	3	0	2	0	0	0	0	0	0	0	0	3	1
12250	30 Jul 25	00:14:00	1	0	53	0	Ct	0	0	0	2	0	0	2	0	0	1	2	0	2	0	2	0	0	1	0	0	0	1	0	4	0	0	0	2	0	0	0	0	1	2
12251	30 Jul 25	00:15:00	1	0	53	0	Ct	0	0	0	1	0	0	2	0	0	1	5	0	1	0	0	1	0	1	0	0	0	1	0	2	0	1	0	0	0	0	0	0	0	0
12252	30 Jul 25	00:16:00	1	0	53	0	Ct	0	0	0	3	0	0	1	0	0	2	2	0	0	0	0	5	0	0	0	0	0	4	0	2	0	2	0	1	0	0	0	0	0	4
12253	30 Jul 25	00:17:00	1	0	53	0	Ct	0	0	0	3	0	0	3	0	0	1	2	0	0	0	0	0	1	0	0	0	0	5	0	3	0	1	0	1	0	0	0	0	2	3
12254	30 Jul 25	00:18:00	1	0	53	0	Ct	0	0	0	3	0	0	2	0	0	0	6	0	0	0	0	6	1	3	0	0	1	2	0	4	0	3	0	0	0	0	0	0	2	4
12255	30 Jul 25	00:19:00	1	0	53	0	Ct	0	0	0	3	0	0	3	0	0	0	4	0	0	0	0	2	0	0	0	0	0	0	0	0	0	4	0	0	0	0	0	0	2	2
12256	30 Jul 25	00:20:00	1	0	53	0	Ct	0	0	0	1	0	0	3	0	0	0	3	0	0	0	0	1	0	1	0	0	0	3	2	1	0	2	1	0	0	0	0	0	5	3
12257	30 Jul 25	00:21:00	1	0	53	0	Ct	0	0	0	0	0	0	1	0	0	0	2	0	0	0	0	1	0	0	0	0	0	2	1	1	0	0	1	0	0	0	0	0	4	3
12258	30 Jul 25	00:22:00	1	0	53	0	Ct	0	0	0	3	0	0	1	8	0	0	2	0	0	0	0	0	0	0	0	0	0	2	4	3	0	1	0	0	0	0	0	0	1	2
12259	30 Jul 25	00:23:00	1	0	53	0	Ct	0	0	0	1	0	0	2	0	0	0	1	0	0	0	1	0	0	1	0	0	0	2	0	1	0	2	0	0	0	0	0	0	4	3
12260	30 Jul 25	00:24:00	1	0	53	0	Ct	0	0	0	0	0	0	5	1	0	0	4	0	0	0	0	0	0	2	0	0	0	2	0	2	0	1	0	0	0	0	0	0	0	3
12261	30 Jul 25	00:25:00	1	0	53	0	Ct	0	0	0	1	0	0	2	5	0	0	2	0	0	0	0	0	0	1	0	0	0	0	0	2	0	2	0	0	0	0	0	0	3	4
12262	30 Jul 25	00:26:00	1	0	53	0	Ct	0	0	0	0	0	0	1	2	0	0	1	0	0	0	1	4	0	0	0	0	0	5	0	2	0	0	0	0	0	0	0	0	2	3
12263	30 Jul 25	00:27:00	1	0	53	0	Ct	0	0	0	0	0	0	4	3	0	0	1	0	0	0	2	8	0	5	0	0	0	0	1	0	0	1	0	0	0	0	0	0	2	1
12264	30 Jul 25	00:28:00	1	0	53	0	Ct	0	0	0	0	0	0	3	2	0	0	2	0	0	3	1	3	0	2	0	0	0	0	0	1	0	0	0	0	0	0	0	0	2	2
12265	30 Jul 25	00:29:00	1	0	53	0	Ct	0	0	0	0	0	0	1	2	0	0	3	0	0	0	0	2	0	2	0	0	0	0	0	0	0	1	0	0	0	0	0	0	4	3
12266	30 Jul 25	00:30:00	1	0	53	0	Ct	0	0	0	0	0	0	2	2	0	2	3	0	0	3	0	6	0	3	0	0	0	0	1	0	0	0	0	0	0	0	0	0	3	2
12267	30 Jul 25	00:31:00	1	0	53	0	Ct	0	0	0	1	0	0	4	2	0	0	2	0	1	0	0	0	0	3	0	0	0	2	0	1	0	0	0	0	0	0	0	0	2	5
12268	30 Jul 25	00:32:00	1	0	53	0	Ct	0	0	0	3	0	0	5	0	0	0	2	0	0	0	0	0	0	1	0	0	0	2	0	0	0	0	0	0	0	0	0	0	3	3
12269	30 Jul 25	00:33:00	1	0	53	0	Ct	0	0	0	4	0	0	2	1	0	0	2	0	1	0	1	0	0	2	0	0	0	0	0	1	0	0	0	0	0	0	0	0	3	1
12270	30 Jul 25	00:34:00	1	0	53	0	Ct	0	0	0	2	0	0	0	2	1	0	2	0	0	0	0	1	0	1	0	0	0	0	0	3	0	0	0	0	0	0	0	0	4	2
12271	30 Jul 25	00:35:00	1	0	53	0	Ct	0	0	0	0	0	0	5	2	1	0	3	0	0	0	0	3	0	1	0	0	0	0	0	1	0	0	2	0	0	0	0	0	3	3
12272	30 Jul 25	00:36:00	1	0	53	0	Ct	0	0	0	2	0	0	2	1	0	0	0	0	0	0	5	3	0	1	0	0	0	0	0	3	0	0	0	0	0	0	0	0	3	3
12273	30 Jul 25	00:37:00	1	0	53	0	Ct	0	0	0	3	0	0	3	4	0	0	0	0	0	0	1	3	0	4	0	0	0	0	0	1	0	0	0	0	0	0	0	0	0	1
12274	30 Jul 25	00:38:00	1	0	53	0	Ct	0	0	0	2	0	0	3	6	0	0	3	2	1	0	0	3	0	1	0	0	0	0	0	5	0	1	0	0	0	0	0	0	2	0
12275	30 Jul 25	00:39:00	1	0	53	0	Ct	0	0	0	1	0	0	0	4	0	0	2	0	2	0	0	1	0	0	0	0	0	0	0	3	0	2	0	0	0	0	0	0	0	0
12276	30 Jul 25	00:40:00	1	0	53	0	Ct	0	0	0	0	0	0	3	3	0	0	1	0	0	0	0	2	0	1	0	0	0	0	0	3	0	1	0	0	0	0	0	0	0	2
12277	30 Jul 25	00:41:00	1	0	53	0	Ct	0	0	0	1	0	0	2	2	0	0	2	0	0	0	0	2	0	2	0	0	1	0	0	2	0	0	0	0	0	0	0	0	0	1
12278	30 Jul 25	00:42:00	1	0	53	0	Ct	0	0	0	3	0	0	4	2	0	0	0	2	0	0	0	0	0	1	0	0	0	0	0	2	0	2	0	0	0	0	0	0	0	1
12279	30 Jul 25	00:43:00	1	0	53	0	Ct	0	0	0	1	0	0	2	4	0	0	2	0	0	0	1	2	0	0	0	0	2	2	0	7	0	1	0	0	0	0	0	0	2	0
12280	30 Jul 25	00:44:00	1	0	53	0	Ct	0	0	0	1	0	0	5	2	0	0	1	0	0	0	0	4	0	1	0	0	0	0	0	2	0	1	0	0	0	0	0	0	0	0
12281	30 Jul 25	00:45:00	1	0	53	0	Ct	0	0	0	2	0	0	5	3	0	0	2	0	0	0	0	3	0	2	0	0	0	0	0	1	0	1	0	0	0	0	5	0	0	0
12282	30 Jul 25	00:46:00	1	0	53	0	Ct	0	0	0	4	0	0	5	3	0	0	1	0	0	0	0	4	0	3	0	0	0	0	0	3	0	1	0	0	0	0	0	0	3	0
12283	30 Jul 25	00:47:00	1	0	53	0	Ct	0	0	0	0	0	0	3	5	0	0	2	0	0	0	0	2	0	0	0	0	0	0	0	1	0	0	0	0	0	0	0	0	0	0
12284	30 Jul 25	00:48:00	1	0	53	0	Ct	0	0	0	1	0	2	4	3	0	0	0	0	0	0	0	1	0	0	0	0	0	0	0	3	0	0	0	0	0	0	0	0	3	2
12285	30 Jul 25	00:49:00	1	0	53	0	Ct	0	0	0	1	0	0	4	1	0	0	0	2	0	0	0	0	0	2	0	0	0	0	0	2	0	0	0	0	0	0	0	0	3	3
12286	30 Jul 25	00:50:00	1	0	53	0	Ct	0	0	0	1	0	0	2	2	0	0	3	0	0	0	0	1	0	5	0	0	0	0	0	2	0	0	0	0	0	0	0	0	4	4
12287	30 Jul 25	00:51:00	1	0	53	0	Ct	0	0	0	1	0	0	1	3	0	0	1	0	0	0	0	2	0	2	0	0	0	0	0	1	0	0	2	0	0	0	0	0	5	2
12288	30 Jul 25	00:52:00	1	0	53	0	Ct	0	0	0	0	0	0	3	0	0	0	3	0	0	0	0	2	0	4	0	0	0	0	2	1	0	0	0	0	0	0	0	0	3	2
12289	30 Jul 25	00:53:00	1	0	53	0	Ct	0	0	2	3	0	0	4	2	0	0	1	0	0	0	0	3	0	2	0	0	0	0	0	1	0	0	0	0	0	0	0	0	4	3
12290	30 Jul 25	00:54:00	1	0	53	0	Ct	0	0	0	2	0	0	4	2	0	0	4	0	0	0	0	3	0	1	0	0	0	0	0	0	0	0	3	0	0	0	0	0	2	2
12291	30 Jul 25	00:55:00	1	0	53	0	Ct	0	0	0	0	0	0	1	3	0	0	1	0	0	0	0	4	0	1	0	0	2	0	0	3	0	0	2	0	0	0	0	0	8	3
12292	30 Jul 25	00:56:00	1	0	53	0	Ct	0	0	0	1	0	0	1	1	0	0	3	0	0	0	0	0	0	2	0	0	0	0	0	0	0	0	0	0	0	0	0	0	11	2
12293	30 Jul 25	00:57:00	1	0	53	0	Ct	0	0	0	2	0	0	3	4	0	0	2	0	0	0	0	1	0	2	0	0	5	0	0	1	0	0	0	0	0	0	0	0	0	1
12294	30 Jul 25	00:58:00	1	0	53	0	Ct	0	0	0	0	0	0	2	3	0	0	3	3	0	0	0	0	0	1	0	0	2	0	0	1	0	0	0	0	0	0	0	0	0	1
12295	30 Jul 25	00:59:00	1	0	53	0	Ct	0	0	0	0	0	0	5	2	0	0	3	0	0	0	0	0	0	1	2	0	3	0	0	1	0	0	0	0	0	0	0	0	0	1
12296	30 Jul 25	01:00:00	1	0	53	0	Ct	0	0	0	1	0	0	5	3	0	0	0	2	0	0	0	3	0	4	0	0	0	0	0	1	0	0	0	0	0	0	0	0	3	5
12297	30 Jul 25	01:01:00	1	0	53	0	Ct	0	0	0	3	0	0	1	2	0	0	2	0	0	0	0	1	0	1	0	0	0	0	0	2	0	0	0	0	0	0	0	0	1	3
12298	30 Jul 25	01:02:00	1	0	53	0	Ct	0	0	0	0	0	0	3	3	0	0	5	0	0	0	0	3	0	0	0	0	0	0	0	1	0	0	0	0	0	0	0	0	4	4
12299	30 Jul 25	01:03:00	1	0	53	0	Ct	0	0	0	1	0	0	0	2	0	0	3	0	0	0	0	2	0	0	0	0	2	0	0	4	0	0	0	0	0	0	0	0	4	3
12300	30 Jul 25	01:04:00	1	0	53	0	Ct	0	0	0	3	0	0	1	1	0	0	2	0	0	0	0	1	0	1	1	0	0	0	0	2	0	0	0	0	0	0	0	0	4	1
12301	30 Jul 25	01:05:00	1	0	53	0	Ct	0	0	0	2	0	0	2	1	0	0	3	0	0	0	0	2	0	0	0	0	3	0	0	1	0	0	0	0	0	0	0	0	2	3
12302	30 Jul 25	01:06:00	1	0	53	0	Ct	0	0	0	1	0	0	2	0	0	0	2	0	0	0	0	2	0	0	0	0	1	0	0	0	0	0	0	0	0	0	0	0	3	1
12303	30 Jul 25	01:07:00	1	0	53	0	Ct	0	0	0	2	0	2	3	2	0	0	0	0	0	0	0	2	0	0	0	0	0	0	0	1	0	0	0	0	0	0	0	0	5	1
12304	30 Jul 25	01:08:00	1	0	53	0	Ct	0	0	0	1	0	4	2	1	0	1	0	0	1	0	0	2	4	0	0	0	0	0	0	0	0	0	0	0	0	0	0	0	7	6
12305	30 Jul 25	01:09:00	1	0	53	0	Ct	0	0	0	3	0	0	4	2	0	0	0	0	0	0	0	4	1	1	0	0	0	0	0	0	0	0	0	0	0	0	0	0	1	3
12306	30 Jul 25	01:10:00	1	0	53	0	Ct	0	0	0	1	0	0	3	5	0	0	1	0	1	0	0	2	0	1	0	0	0	0	0	0	0	0	0	1	0	0	0	0	1	3
12307	30 Jul 25	01:11:00	1	0	53	0	Ct	0	0	0	2	0	2	2	0	0	0	1	0	0	0	0	0	0	0	0	0	0	0	0	0	0	0	0	1	0	0	0	0	0	2
12308	30 Jul 25	01:12:00	1	0	53	0	Ct	0	0	0	3	1	0	5	0	0	0	1	0	0	0	0	0	0	4	0	0	0	0	0	1	0	0	0	0	0	0	0	0	0	1
12309	30 Jul 25	01:13:00	1	0	53	0	Ct	0	0	0	2	1	0	1	1	0	0	0	0	0	0	0	3	0	2	0	0	0	0	0	1	0	0	0	0	0	0	0	0	0	1
12310	30 Jul 25	01:14:00	1	0	53	0	Ct	0	0	0	4	0	0	1	0	1	0	0	1	0	0	0	1	0	2	0	0	0	0	0	2	0	0	0	0	0	0	0	0	0	4
12311	30 Jul 25	01:15:00	1	0	53	0	Ct	0	0	0	3	0	0	5	0	1	0	0	1	0	0	0	0	0	0	0	0	0	0	0	0	0	0	0	0	0	0	0	0	0	2
12312	30 Jul 25	01:16:00	1	0	53	0	Ct	0	0	0	2	0	0	1	0	0	0	2	0	0	0	0	0	0	2	0	0	0	0	0	1	0	0	0	0	0	0	0	0	7	0
12313	30 Jul 25	01:17:00	1	0	53	0	Ct	0	0	0	0	0	0	2	0	0	0	5	0	0	0	0	1	0	1	0	0	0	0	0	2	0	1	0	2	0	0	0	0	16	0
12314	30 Jul 25	01:18:00	1	0	53	0	Ct	0	0	0	1	0	0	3	0	0	0	0	0	0	0	0	3	0	2	0	0	0	0	0	1	0	3	0	0	0	0	0	0	2	0
12315	30 Jul 25	01:19:00	1	0	53	0	Ct	0	0	0	0	0	0	3	0	0	0	0	0	0	0	0	4	0	2	0	0	0	0	0	0	0	1	0	0	0	0	0	0	3	1
12316	30 Jul 25	01:20:00	1	0	53	0	Ct	0	0	0	3	0	0	1	0	0	0	0	0	1	0	0	0	0	2	0	0	0	0	0	0	0	3	0	0	0	0	0	0	3	2
12317	30 Jul 25	01:21:00	1	0	53	0	Ct	0	0	0	2	0	0	1	0	0	0	0	0	1	0	0	1	0	4	2	0	0	0	0	1	0	2	0	0	0	0	0	0	3	2
12318	30 Jul 25	01:22:00	1	0	53	0	Ct	0	0	0	1	0	0	3	0	0	0	0	0	0	0	0	3	0	1	0	0	0	0	0	2	0	1	0	0	0	0	0	0	3	3
12319	30 Jul 25	01:23:00	1	0	53	0	Ct	0	0	0	1	0	0	3	3	0	0	0	0	0	0	0	2	0	1	0	0	0	0	0	2	0	2	0	0	0	0	0	0	1	2
12320	30 Jul 25	01:24:00	1	0	53	0	Ct	0	0	0	2	0	0	2	0	0	0	0	0	0	0	0	3	0	4	1	0	0	0	0	0	0	2	0	0	0	0	0	0	0	2
12321	30 Jul 25	01:25:00	1	0	53	0	Ct	0	0	0	1	0	0	2	0	0	0	0	2	0	0	0	2	0	2	0	0	0	0	0	2	0	2	0	0	0	0	0	0	4	1
12322	30 Jul 25	01:26:00	1	0	53	0	Ct	0	0	0	1	4	0	4	0	0	0	0	0	0	0	0	2	0	1	0	0	0	0	0	0	0	0	0	1	0	0	0	0	2	2
12323	30 Jul 25	01:27:00	1	0	53	0	Ct	0	0	0	0	1	0	3	1	0	0	0	0	0	0	0	0	0	1	0	0	0	0	0	0	0	0	0	0	0	0	0	0	3	3
12324	30 Jul 25	01:28:00	1	0	53	0	Ct	0	0	0	3	1	0	0	1	0	0	0	0	0	0	0	1	0	0	0	0	0	0	0	1	0	3	0	0	0	0	0	0	2	3
12325	30 Jul 25	01:29:00	1	0	53	0	Ct	0	0	0	3	1	0	3	0	0	0	1	0	0	0	0	0	0	2	0	0	0	0	0	2	0	2	0	0	0	0	0	0	2	2
12326	30 Jul 25	01:30:00	1	0	53	0	Ct	0	0	0	0	0	0	3	0	0	0	2	0	0	0	0	1	0	4	0	0	0	0	0	1	0	3	0	0	0	0	0	0	1	3
12327	30 Jul 25	01:31:00	1	0	53	0	Ct	0	0	0	5	0	0	0	1	0	0	1	0	0	0	2	2	1	0	0	0	0	0	0	1	0	1	0	0	0	0	0	0	0	1
12328	30 Jul 25	01:32:00	1	0	53	0	Ct	0	0	0	0	0	0	2	0	0	0	5	0	0	0	1	2	1	0	1	0	0	0	0	0	0	2	4	0	0	0	0	0	3	1
12329	30 Jul 25	01:33:00	1	0	53	0	Ct	0	0	0	0	0	0	2	1	0	0	22	0	0	0	1	4	0	1	3	0	0	0	0	1	0	1	0	0	0	0	0	0	1	4
12330	30 Jul 25	01:34:00	1	0	53	0	Ct	0	0	0	0	0	0	2	2	0	0	1	0	0	0	0	3	0	1	6	0	0	0	0	3	0	1	0	0	0	0	0	0	2	0
12331	30 Jul 25	01:35:00	1	0	53	0	Ct	0	0	0	1	0	0	1	0	0	0	4	0	0	0	0	2	0	3	0	0	0	0	0	2	0	1	0	0	0	0	0	0	3	1
12332	30 Jul 25	01:36:00	1	0	53	0	Ct	0	0	0	3	0	0	1	0	1	0	0	0	1	0	0	1	0	2	0	0	0	0	0	4	0	0	0	0	0	0	0	0	0	0
12333	30 Jul 25	01:37:00	1	0	53	0	Ct	0	0	0	0	0	0	0	0	1	0	0	0	0	0	3	5	1	3	0	0	0	0	0	4	0	2	0	0	0	0	0	0	4	2
12334	30 Jul 25	01:38:00	1	0	53	0	Ct	0	0	0	3	0	0	0	0	1	0	0	0	2	0	21	2	1	3	0	0	0	0	0	2	0	2	0	0	0	0	0	0	2	1
12335	30 Jul 25	01:39:00	1	0	53	0	Ct	0	0	0	2	0	0	2	0	1	0	0	0	2	0	1	8	0	1	0	0	0	0	0	2	0	0	0	2	0	0	0	0	0	2
12336	30 Jul 25	01:40:00	1	0	53	0	Ct	0	0	0	2	0	0	2	1	0	0	2	0	2	0	0	4	0	2	0	0	0	0	0	15	0	0	0	0	0	0	0	0	1	3
12337	30 Jul 25	01:41:00	1	0	53	0	Ct	0	0	0	2	0	0	5	1	1	0	1	0	2	0	0	2	0	1	2	0	0	0	0	3	0	0	0	0	0	0	0	0	0	3
12338	30 Jul 25	01:42:00	1	0	53	0	Ct	0	0	0	1	0	0	2	0	0	0	1	0	3	0	0	4	0	1	1	0	0	0	0	2	0	0	0	0	0	0	0	0	0	3
12339	30 Jul 25	01:43:00	1	0	53	0	Ct	0	0	0	1	0	0	2	0	0	0	0	0	4	0	1	5	0	3	0	0	0	0	0	1	0	0	0	0	0	0	0	0	0	3
12340	30 Jul 25	01:44:00	1	0	53	0	Ct	0	0	0	1	0	0	2	0	0	0	9	0	1	0	1	3	0	2	0	0	0	0	0	2	0	0	0	0	0	0	0	0	0	3
12341	30 Jul 25	01:45:00	1	0	53	0	Ct	0	0	0	1	0	0	2	2	0	0	1	0	0	0	0	3	0	3	0	0	0	0	0	1	0	0	0	0	0	0	0	0	0	1
12342	30 Jul 25	01:46:00	1	0	53	0	Ct	0	0	2	0	0	0	0	0	1	0	5	0	0	0	0	1	0	3	0	0	0	0	0	3	0	0	0	0	0	0	0	0	3	0
12343	30 Jul 25	01:47:00	1	0	53	0	Ct	0	0	0	3	0	0	3	0	0	0	1	2	0	0	0	3	0	2	0	0	0	0	0	1	0	0	0	0	0	0	0	0	3	2
12344	30 Jul 25	01:48:00	1	0	53	0	Ct	0	0	0	2	0	0	2	0	0	0	2	0	0	0	0	4	0	0	0	0	0	0	0	1	0	0	0	0	0	0	5	0	2	2
12345	30 Jul 25	01:49:00	1	0	53	0	Ct	0	0	0	1	0	0	2	0	0	0	1	0	0	0	0	3	0	1	0	0	0	0	0	0	0	0	0	0	0	0	0	0	3	0
12346	30 Jul 25	01:50:00	1	0	53	0	Ct	0	0	1	2	0	0	1	1	0	0	5	0	5	0	0	3	0	1	0	0	0	0	0	0	0	0	0	0	0	0	0	0	1	2
12347	30 Jul 25	01:51:00	1	0	53	0	Ct	0	0	0	1	0	0	3	1	0	0	3	0	2	0	0	1	0	0	0	2	0	0	0	1	0	0	0	0	0	0	1	0	2	2
12348	30 Jul 25	01:52:00	1	0	53	0	Ct	0	0	2	1	0	0	2	0	0	0	5	0	2	0	2	1	0	0	0	0	0	0	0	1	0	0	0	0	0	0	2	0	3	1
12349	30 Jul 25	01:53:00	1	0	53	0	Ct	0	0	0	0	0	0	0	0	0	0	7	0	0	0	0	0	0	2	0	0	0	0	0	1	0	0	0	0	0	0	4	0	2	2
12350	30 Jul 25	01:54:00	1	0	53	0	Ct	0	0	0	2	0	0	0	0	0	0	3	0	0	0	0	0	0	3	0	0	0	0	0	2	0	0	0	0	0	0	1	0	2	1
12351	30 Jul 25	01:55:00	1	0	53	0	Ct	0	0	0	2	0	0	2	0	0	0	1	0	2	0	0	2	0	2	0	0	0	0	0	1	0	0	0	0	0	0	0	0	3	0
12352	30 Jul 25	01:56:00	1	0	53	0	Ct	0	0	0	1	0	0	0	0	0	0	1	0	0	0	0	3	0	0	0	0	0	0	0	2	0	0	0	0	0	0	0	0	3	1
12353	30 Jul 25	01:57:00	1	0	53	0	Ct	0	0	0	1	0	0	3	0	0	0	2	0	3	0	0	5	0	6	0	1	0	0	0	1	0	0	0	0	0	0	2	0	0	2
12354	30 Jul 25	01:58:00	1	0	53	0	Ct	0	0	0	2	0	0	0	0	0	0	4	0	3	0	0	2	0	3	0	1	2	0	0	2	0	0	0	0	0	0	0	0	0	2
12355	30 Jul 25	01:59:00	1	0	53	0	Ct	0	0	0	1	2	0	3	0	0	0	2	0	3	0	0	1	0	0	0	0	0	0	0	3	0	0	0	0	0	0	0	0	0	2
12356	30 Jul 25	02:00:00	1	0	53	0	Ct	0	0	0	0	0	0	3	2	0	0	0	0	4	0	0	4	0	1	0	2	0	0	0	2	0	0	2	0	0	0	0	0	0	3
12357	30 Jul 25	02:01:00	1	0	53	0	Ct	0	0	0	1	0	0	1	0	0	0	0	0	0	0	0	1	0	2	0	1	0	0	0	4	0	0	0	0	0	0	0	0	0	3
12358	30 Jul 25	02:02:00	1	0	53	0	Ct	0	0	0	3	0	0	3	0	0	0	0	0	2	0	0	1	0	2	0	2	0	0	0	3	0	0	0	0	0	0	0	0	0	2
12359	30 Jul 25	02:03:00	1	0	53	0	Ct	0	0	0	2	0	0	4	0	0	0	3	0	2	0	0	1	0	3	0	0	0	0	0	1	0	0	0	0	0	0	0	0	0	0
12360	30 Jul 25	02:04:00	1	0	53	0	Ct	0	0	0	2	0	0	1	0	0	0	10	0	2	0	1	2	0	1	0	0	0	0	0	2	0	0	0	0	0	0	0	0	0	0
12361	30 Jul 25	02:05:00	1	0	53	0	Ct	0	0	0	3	0	0	1	2	0	0	1	0	1	0	0	3	0	3	0	0	0	0	0	1	0	0	0	0	0	0	0	0	2	1
12362	30 Jul 25	02:06:00	1	0	53	0	Ct	0	0	0	2	0	0	2	1	0	0	1	0	3	0	0	3	0	1	0	0	0	0	0	2	0	0	0	0	0	0	0	0	1	2
12363	30 Jul 25	02:07:00	1	0	53	0	Ct	0	0	0	0	0	0	2	2	0	0	1	0	3	0	0	3	0	2	0	0	0	0	0	0	0	0	0	0	0	0	0	0	1	3
12364	30 Jul 25	02:08:00	1	0	53	0	Ct	0	0	0	5	0	0	1	2	0	0	2	0	3	0	0	2	0	0	0	0	0	0	0	0	0	0	0	0	0	0	0	0	1	3
12365	30 Jul 25	02:09:00	1	0	53	0	Ct	0	0	0	0	0	0	3	2	0	0	1	0	4	0	0	2	0	3	0	0	0	0	0	0	0	0	0	2	0	0	0	0	0	2
12366	30 Jul 25	02:10:00	1	0	53	0	Ct	0	0	0	3	0	0	0	2	0	0	1	0	1	0	0	2	0	1	0	0	0	0	0	0	0	0	2	0	0	0	0	0	3	1
12367	30 Jul 25	02:11:00	1	0	53	0	Ct	0	0	0	2	0	0	2	1	0	0	0	4	0	0	0	1	0	1	0	0	0	0	0	0	0	5	0	0	0	0	0	0	5	0
12368	30 Jul 25	02:12:00	1	0	53	0	Ct	0	0	0	1	0	0	1	1	0	0	0	2	0	0	0	0	0	0	0	0	0	0	1	0	0	1	0	0	0	0	0	0	4	0
12369	30 Jul 25	02:13:00	1	0	53	0	Ct	0	0	0	0	0	0	4	3	0	0	1	0	0	0	1	2	0	1	0	0	0	0	5	0	0	1	0	0	0	0	0	0	1	0
12370	30 Jul 25	02:14:00	1	0	53	0	Ct	0	0	0	0	0	0	8	0	0	0	1	0	0	0	0	3	0	1	1	0	0	0	1	0	0	3	0	0	0	0	0	0	3	3
12371	30 Jul 25	02:15:00	1	0	53	0	Ct	0	0	2	1	0	0	4	1	0	0	8	0	0	0	0	3	0	0	11	0	0	0	1	0	0	0	0	0	0	0	0	0	4	4
12372	30 Jul 25	02:16:00	1	0	53	0	Ct	0	0	0	2	0	0	2	0	0	0	2	2	2	0	0	2	0	1	6	0	0	0	0	0	0	0	0	0	0	0	0	0	3	1
12373	30 Jul 25	02:17:00	1	0	53	0	Ct	0	0	0	1	0	0	3	0	0	0	0	0	0	0	0	0	3	2	0	0	0	0	0	0	0	0	0	0	0	0	0	0	2	2
12374	30 Jul 25	02:18:00	1	0	53	0	Ct	0	0	0	0	0	0	4	0	0	0	0	0	0	0	10	2	0	0	0	0	0	0	0	0	0	0	0	0	0	0	0	0	3	1
12375	30 Jul 25	02:19:00	1	0	53	0	Ct	0	0	0	3	0	0	2	0	0	0	0	0	2	0	32	1	0	1	0	0	0	0	0	0	0	0	0	0	0	0	0	0	4	1
12376	30 Jul 25	02:20:00	1	0	53	0	Ct	0	0	0	3	1	0	5	0	0	0	0	2	1	0	9	0	0	1	0	0	0	0	0	0	0	0	0	0	0	0	0	0	4	0
12377	30 Jul 25	02:21:00	1	0	53	0	Ct	0	0	0	2	3	0	4	0	0	0	0	2	3	0	14	4	0	1	0	0	0	0	0	0	0	0	0	0	0	0	0	0	3	2
12378	30 Jul 25	02:22:00	1	0	53	0	Ct	0	0	0	1	0	0	2	0	0	0	0	0	2	0	5	2	0	3	0	0	0	0	0	0	0	0	0	0	0	0	0	0	2	3
12379	30 Jul 25	02:23:00	1	0	53	0	Ct	0	0	2	3	0	0	3	2	0	0	0	0	3	0	0	4	0	4	0	0	0	0	0	0	0	0	0	0	0	0	0	0	0	1
12380	30 Jul 25	02:24:00	1	0	53	0	Ct	0	0	0	3	0	0	4	2	0	0	0	0	6	0	0	2	0	0	0	0	0	0	0	2	0	0	0	0	0	0	0	0	3	1
12381	30 Jul 25	02:25:00	1	0	53	0	Ct	0	0	0	1	0	0	1	4	0	0	0	0	2	0	0	2	0	1	0	0	0	0	0	0	0	0	0	0	0	0	0	0	2	4
12382	30 Jul 25	02:26:00	1	0	53	0	Ct	0	0	0	2	0	0	2	3	0	0	0	0	2	0	0	4	0	0	3	0	0	0	0	1	0	0	0	0	0	0	0	0	4	3
12383	30 Jul 25	02:27:00	1	0	53	0	Ct	0	0	0	2	0	0	3	1	0	0	0	0	3	0	0	1	0	0	1	0	0	0	0	2	0	0	0	0	0	0	0	0	3	2
12384	30 Jul 25	02:28:00	1	0	53	0	Ct	0	0	0	2	0	0	0	2	0	0	0	0	3	0	0	3	0	0	0	0	0	0	0	1	0	0	0	0	0	0	0	0	1	4
12385	30 Jul 25	02:29:00	1	0	53	0	Ct	0	0	0	0	0	0	7	1	0	0	1	0	0	0	0	0	0	3	0	0	0	0	0	3	0	0	0	0	0	0	0	0	3	2
12386	30 Jul 25	02:30:00	1	0	53	0	Ct	0	0	0	2	0	0	2	4	0	0	0	0	0	0	0	0	0	1	0	0	0	0	0	3	0	0	0	0	0	0	0	0	2	3
12387	30 Jul 25	02:31:00	1	0	53	0	Ct	0	0	0	2	0	0	1	2	0	0	2	0	0	0	0	1	0	1	0	3	0	0	0	4	0	0	0	0	0	0	0	0	3	2
12388	30 Jul 25	02:32:00	1	0	53	0	Ct	0	0	0	5	0	0	1	3	0	0	2	0	0	0	0	2	0	1	0	5	0	0	0	2	0	0	0	0	0	0	0	0	4	0
12389	30 Jul 25	02:33:00	1	0	53	0	Ct	0	0	0	1	0	0	2	1	0	0	0	0	0	0	0	3	0	0	0	0	0	0	0	2	0	0	0	0	0	0	0	0	4	0
12390	30 Jul 25	02:34:00	1	0	53	0	Ct	0	0	0	0	0	0	1	4	0	0	0	0	1	0	0	4	0	1	0	3	0	0	0	4	0	0	1	0	0	0	0	0	1	0
12391	30 Jul 25	02:35:00	1	0	53	0	Ct	0	0	0	0	0	0	2	3	0	0	0	0	3	0	0	3	0	1	0	1	0	0	0	2	0	0	1	0	0	0	0	0	2	1
12392	30 Jul 25	02:36:00	1	0	53	0	Ct	0	0	0	1	0	0	1	2	0	0	0	0	0	0	0	2	0	0	0	1	0	0	0	0	0	0	1	0	0	0	0	0	3	2
12393	30 Jul 25	02:37:00	1	0	53	0	Ct	0	0	0	1	0	0	1	1	0	0	0	0	2	0	0	3	0	1	0	0	2	0	0	2	0	1	1	0	0	0	0	0	1	4
12394	30 Jul 25	02:38:00	1	0	53	0	Ct	0	0	0	0	0	0	1	3	0	0	0	0	2	0	0	4	0	1	0	0	0	0	0	1	0	2	0	0	0	0	0	0	3	2
12395	30 Jul 25	02:39:00	1	0	53	0	Ct	0	0	0	3	0	0	0	5	0	0	0	0	2	0	0	1	0	1	0	0	0	0	0	1	0	1	3	0	0	0	0	0	1	0
12396	30 Jul 25	02:40:00	1	0	53	0	Ct	0	0	1	1	0	0	0	0	0	0	0	1	3	0	0	1	0	0	0	0	0	0	0	3	0	2	1	0	0	0	0	0	3	1
12397	30 Jul 25	02:41:00	1	0	53	0	Ct	0	0	0	0	0	0	1	0	0	0	0	0	3	0	1	2	0	0	0	0	2	0	0	2	0	3	2	0	0	0	0	0	3	2
12398	30 Jul 25	02:42:00	1	0	53	0	Ct	0	0	0	0	0	0	0	0	0	0	0	3	2	0	1	3	0	0	0	0	0	0	0	2	0	1	0	0	0	0	0	0	3	0
12399	30 Jul 25	02:43:00	1	0	53	0	Ct	0	0	0	2	0	0	0	1	0	0	0	1	3	0	0	3	0	1	0	0	0	0	0	0	0	0	0	0	0	0	0	0	3	2
12400	30 Jul 25	02:44:00	1	0	53	0	Ct	0	0	0	0	0	0	2	0	0	0	0	0	2	0	0	4	0	1	0	0	0	0	0	1	0	0	0	0	0	0	0	0	2	1
12401	30 Jul 25	02:45:00	1	0	53	0	Ct	0	0	3	0	0	0	1	2	0	0	0	0	2	0	0	3	0	0	0	0	0	0	0	1	0	0	0	0	0	0	0	0	3	3
12402	30 Jul 25	02:46:00	1	0	53	0	Ct	0	0	0	1	0	0	0	6	0	0	0	2	3	0	0	5	0	0	0	0	0	0	0	2	0	0	0	0	0	0	2	0	3	1
12403	30 Jul 25	02:47:00	1	0	53	0	Ct	0	0	0	3	0	2	1	2	0	0	0	1	2	0	1	3	0	4	0	0	0	0	0	2	0	0	0	0	0	0	0	0	3	3
12404	30 Jul 25	02:48:00	1	0	53	0	Ct	0	0	4	0	0	0	2	4	0	0	0	0	3	0	1	3	0	2	0	0	0	0	0	4	0	0	0	0	0	0	0	0	2	4
12405	30 Jul 25	02:49:00	1	0	53	0	Ct	0	0	0	2	0	0	1	3	0	0	0	0	0	0	3	3	0	2	0	0	0	0	0	2	0	0	0	0	0	0	0	0	2	3
12406	30 Jul 25	02:50:00	1	0	53	0	Ct	0	0	0	1	0	0	2	1	0	0	0	0	2	0	0	3	0	12	1	0	0	0	0	3	0	0	0	0	0	0	0	0	0	2
12407	30 Jul 25	02:51:00	1	0	53	0	Ct	0	0	0	2	0	0	3	1	0	0	0	0	0	0	2	4	0	0	1	0	0	0	0	1	0	0	0	0	0	0	0	0	0	4
12408	30 Jul 25	02:52:00	1	0	53	0	Ct	0	0	0	2	3	0	4	3	0	0	0	2	0	0	1	1	0	2	0	0	0	0	0	3	0	0	0	0	0	0	0	0	4	4
12409	30 Jul 25	02:53:00	1	0	53	0	Ct	0	0	0	4	3	0	0	1	0	0	6	0	0	0	0	0	0	3	0	0	0	0	0	2	0	0	0	0	0	0	0	0	4	4
12410	30 Jul 25	02:54:00	1	0	53	0	Ct	0	0	0	3	0	0	1	1	0	0	1	0	0	0	4	2	0	1	0	0	0	0	0	2	0	0	0	0	0	0	0	0	3	2
12411	30 Jul 25	02:55:00	1	0	53	0	Ct	0	0	0	2	0	0	2	0	0	0	2	0	0	0	1	3	0	3	0	2	0	0	0	1	0	0	0	2	0	0	0	0	3	2
12412	30 Jul 25	02:56:00	1	0	53	0	Ct	0	0	0	0	0	0	0	1	0	0	2	1	0	0	2	0	0	3	0	0	1	0	0	1	0	1	0	0	0	0	0	0	0	1
12413	30 Jul 25	02:57:00	1	0	53	0	Ct	0	0	0	0	0	0	2	2	0	0	0	0	0	0	2	2	0	1	0	0	2	0	0	2	0	1	0	0	0	0	0	0	0	3
12414	30 Jul 25	02:58:00	1	0	53	0	Ct	0	0	0	0	0	0	2	1	0	0	1	0	1	0	1	1	0	1	0	0	0	0	0	3	0	0	0	0	0	0	0	0	0	2
12415	30 Jul 25	02:59:00	1	0	53	0	Ct	0	0	0	2	0	0	1	3	0	0	3	0	2	0	1	1	0	2	0	0	0	0	0	0	0	0	0	0	0	0	0	0	3	4
12416	30 Jul 25	03:00:00	1	0	53	0	Ct	0	0	0	0	0	2	1	1	0	0	0	0	1	0	2	1	0	3	0	0	0	0	0	2	0	0	0	2	0	0	0	0	0	2
12417	30 Jul 25	03:01:00	1	0	53	0	Ct	0	0	0	2	0	0	0	5	0	0	2	1	0	0	0	3	0	3	0	0	0	0	0	1	0	0	0	0	0	0	0	0	1	1
12418	30 Jul 25	03:02:00	1	0	53	0	Ct	0	0	0	3	0	0	0	1	0	0	2	0	0	0	0	1	0	0	0	0	0	0	0	1	0	0	0	0	0	0	0	0	2	1
12419	30 Jul 25	03:03:00	1	0	53	0	Ct	0	0	0	1	0	1	0	0	0	0	1	0	0	0	0	2	0	2	0	0	0	0	0	0	0	0	0	0	0	0	0	0	3	0
12420	30 Jul 25	03:04:00	1	0	53	0	Ct	0	0	0	2	0	3	0	2	0	5	3	0	2	0	0	2	0	3	0	0	0	0	0	0	0	0	0	2	0	0	0	0	2	2
12421	30 Jul 25	03:05:00	1	0	53	0	Ct	0	0	0	1	0	0	0	0	0	0	1	0	3	0	0	1	0	1	0	0	0	0	0	0	0	0	0	4	0	0	0	0	3	2
12422	30 Jul 25	03:06:00	1	0	53	0	Ct	0	0	0	1	0	0	1	1	0	0	3	0	2	0	0	0	0	0	0	0	0	0	0	3	0	0	1	2	0	0	0	0	3	2
12423	30 Jul 25	03:07:00	1	0	53	0	Ct	0	0	0	2	0	0	2	3	0	0	1	0	2	0	0	4	0	0	0	0	0	0	0	3	0	0	0	3	0	0	0	0	2	0
12424	30 Jul 25	03:08:00	1	0	53	0	Ct	0	0	0	1	0	0	0	2	0	0	1	0	5	0	0	3	0	0	0	0	0	0	0	2	0	0	1	0	0	0	0	0	3	1
12425	30 Jul 25	03:09:00	1	0	53	0	Ct	0	0	0	0	0	0	2	2	0	0	2	0	3	0	0	0	0	1	0	0	0	0	0	2	0	0	0	2	0	0	0	0	2	2
12426	30 Jul 25	03:10:00	1	0	53	0	Ct	0	0	0	0	0	0	3	2	0	0	2	0	4	0	0	1	0	1	0	0	0	0	0	2	0	0	0	3	0	0	0	0	2	1
12427	30 Jul 25	03:11:00	1	0	53	0	Ct	0	0	0	0	0	0	1	1	0	0	4	0	2	0	0	2	0	8	0	0	0	0	0	2	0	0	0	2	0	0	0	0	1	2
12428	30 Jul 25	03:12:00	1	0	53	0	Ct	0	0	0	2	0	0	2	1	0	0	1	0	4	0	0	3	0	1	0	0	0	0	0	1	0	0	0	3	0	0	0	0	5	1
12429	30 Jul 25	03:13:00	1	0	53	0	Ct	0	0	0	1	0	0	0	3	0	0	2	0	3	0	0	1	0	1	0	0	0	0	0	1	0	0	0	1	0	0	0	0	5	2
12430	30 Jul 25	03:14:00	1	0	53	0	Ct	0	0	0	2	0	0	1	0	0	0	0	0	1	0	0	2	0	2	0	0	0	0	0	1	0	0	0	0	0	0	0	0	3	4
12431	30 Jul 25	03:15:00	1	0	53	0	Ct	0	0	0	3	0	0	0	0	0	0	1	0	2	0	0	2	0	1	0	0	0	0	0	1	0	0	0	2	0	0	0	0	4	0
12432	30 Jul 25	03:16:00	1	0	53	0	Ct	0	0	0	5	0	0	0	0	0	0	3	0	2	0	0	3	0	2	0	0	0	0	0	3	0	0	0	3	0	0	0	0	4	1
12433	30 Jul 25	03:17:00	1	0	53	0	Ct	0	0	1	2	0	0	0	0	0	0	1	0	1	0	0	3	0	0	0	0	0	0	0	1	0	0	0	4	0	0	0	0	3	3
12434	30 Jul 25	03:18:00	1	0	53	0	Ct	0	0	0	3	0	0	0	0	0	0	2	1	2	0	0	4	0	2	0	0	0	0	0	1	0	0	0	4	0	0	0	0	4	1
12435	30 Jul 25	03:19:00	1	0	53	0	Ct	0	0	1	1	0	0	2	0	0	0	1	3	3	0	0	2	0	2	0	0	0	0	0	2	0	0	0	3	0	0	0	0	2	0
12436	30 Jul 25	03:20:00	1	0	53	0	Ct	0	0	0	3	0	0	3	2	0	0	0	3	3	0	0	0	0	2	0	0	4	0	0	2	0	0	0	4	0	0	0	0	3	3
12437	30 Jul 25	03:21:00	1	0	53	0	Ct	0	0	1	0	0	0	3	0	0	0	0	1	2	0	0	2	0	2	0	0	0	0	0	3	0	0	0	3	0	0	0	0	4	0
12438	30 Jul 25	03:22:00	1	0	53	0	Ct	0	0	1	5	0	0	19	0	0	0	2	0	2	1	0	2	0	2	0	0	0	0	0	3	0	0	0	1	0	0	0	0	4	3
12439	30 Jul 25	03:23:00	1	0	53	0	Ct	0	0	0	0	0	0	12	1	0	0	1	0	3	2	0	4	0	1	0	0	0	0	0	2	0	0	0	4	0	0	0	0	4	2
12440	30 Jul 25	03:24:00	1	0	53	0	Ct	0	0	0	1	0	0	0	0	0	0	0	0	2	0	0	2	0	1	0	0	0	0	0	1	0	0	0	1	0	0	0	0	3	1
12441	30 Jul 25	03:25:00	1	0	53	0	Ct	0	0	0	0	0	0	0	0	0	0	1	0	1	4	0	1	2	0	0	0	0	0	0	3	0	0	0	3	0	0	0	0	3	0
12442	30 Jul 25	03:26:00	1	0	53	0	Ct	0	0	0	0	0	0	2	0	0	0	1	0	2	0	0	0	0	0	0	0	0	0	0	4	0	0	0	1	0	0	0	0	1	0
12443	30 Jul 25	03:27:00	1	0	53	0	Ct	0	0	0	1	0	4	0	1	0	0	2	0	2	0	0	2	0	1	0	0	0	0	0	1	0	0	0	1	0	0	0	0	2	0
12444	30 Jul 25	03:28:00	1	0	53	0	Ct	0	0	0	1	0	0	0	0	0	0	1	0	3	0	0	1	0	1	0	0	0	0	0	4	0	0	0	2	0	0	0	0	2	2
12445	30 Jul 25	03:29:00	1	0	53	0	Ct	0	0	0	0	0	0	0	0	0	0	6	0	0	0	0	0	0	1	0	0	0	0	0	1	0	0	0	2	0	0	2	0	2	3
12446	30 Jul 25	03:30:00	1	0	53	0	Ct	0	0	0	2	0	2	0	0	0	0	4	0	1	0	0	2	0	1	0	0	0	0	0	0	0	0	0	6	0	0	0	0	3	1
12447	30 Jul 25	03:31:00	1	0	53	0	Ct	0	0	0	1	0	0	1	0	0	0	0	0	1	1	0	0	0	0	0	0	0	0	0	1	0	0	0	7	0	0	0	0	2	0
12448	30 Jul 25	03:32:00	1	0	53	0	Ct	0	0	0	1	0	0	0	1	0	0	0	1	2	0	0	3	0	1	0	0	0	0	0	2	0	0	0	3	0	0	0	0	2	3
12449	30 Jul 25	03:33:00	1	0	53	0	Ct	0	0	0	0	0	0	0	0	0	0	3	0	3	1	0	3	0	1	0	0	0	0	2	0	0	0	0	0	0	0	0	0	3	2
12450	30 Jul 25	03:34:00	1	0	53	0	Ct	0	0	0	0	0	0	0	0	0	0	1	0	5	0	0	2	0	2	0	0	0	0	0	1	0	0	0	2	0	0	0	0	5	1
12451	30 Jul 25	03:35:00	1	0	53	0	Ct	0	0	0	1	0	0	0	1	0	0	2	0	3	0	0	2	0	1	0	0	0	0	0	1	0	0	0	19	0	0	0	0	2	0
12452	30 Jul 25	03:36:00	1	0	53	0	Ct	0	0	0	2	0	0	0	2	0	0	0	1	0	0	0	1	0	1	0	0	0	0	3	0	0	0	0	14	0	0	0	0	3	3
12453	30 Jul 25	03:37:00	1	0	53	0	Ct	0	0	0	1	0	0	1	5	0	0	0	2	2	0	0	4	0	2	3	2	0	0	1	1	0	0	0	0	0	0	0	0	0	1
12454	30 Jul 25	03:38:00	1	0	53	0	Ct	0	0	0	0	0	0	0	4	0	0	2	0	1	0	0	0	0	2	1	0	0	0	0	2	0	0	0	0	0	0	0	0	0	2
12455	30 Jul 25	03:39:00	1	0	53	0	Ct	0	0	0	1	0	1	0	1	0	0	2	0	5	0	0	0	0	1	0	0	0	0	0	1	0	0	0	1	0	0	0	0	0	2
12456	30 Jul 25	03:40:00	1	0	53	0	Ct	0	0	0	1	0	0	0	6	0	0	0	0	1	0	0	1	0	2	0	0	0	0	0	0	0	0	0	0	0	0	0	0	2	0
12457	30 Jul 25	03:41:00	1	0	53	0	Ct	0	0	0	2	0	0	1	2	0	0	2	0	2	0	1	0	0	0	0	0	0	0	0	2	0	0	0	0	0	0	0	0	3	1
12458	30 Jul 25	03:42:00	1	0	53	0	Ct	0	0	0	1	0	1	1	2	0	0	0	0	3	0	1	0	0	0	0	0	0	0	0	1	0	0	0	0	0	0	0	0	3	5
12459	30 Jul 25	03:43:00	1	0	53	0	Ct	0	0	0	0	0	1	0	2	0	0	1	0	3	4	0	0	0	0	0	0	0	0	0	2	0	0	0	0	0	0	0	0	2	0
12460	30 Jul 25	03:44:00	1	0	53	0	Ct	0	0	0	1	0	0	0	0	0	0	1	0	1	0	0	2	0	0	0	0	0	0	0	1	0	0	0	0	0	0	0	0	2	0
12461	30 Jul 25	03:45:00	1	0	53	0	Ct	0	0	0	0	0	0	5	1	0	0	0	0	2	1	0	8	0	0	0	0	0	0	0	1	0	0	0	0	0	0	0	0	0	0
12462	30 Jul 25	03:46:00	1	0	53	0	Ct	0	0	0	1	0	0	2	1	0	0	1	0	2	0	2	1	0	1	0	0	0	0	0	1	0	0	0	0	0	0	0	0	1	0
12463	30 Jul 25	03:47:00	1	0	53	0	Ct	0	0	0	1	0	0	0	1	0	0	0	0	2	0	0	4	0	1	0	0	0	0	0	1	0	0	0	0	0	0	0	0	1	1
12464	30 Jul 25	03:48:00	1	0	53	0	Ct	0	0	0	0	0	1	0	0	0	0	0	0	1	0	0	1	0	1	0	0	0	0	0	1	0	0	0	0	0	0	0	0	1	3
12465	30 Jul 25	03:49:00	1	0	53	0	Ct	0	0	0	0	0	1	0	0	0	0	0	0	0	2	0	3	0	1	0	0	0	0	0	1	0	0	0	0	0	0	0	0	4	3
12466	30 Jul 25	03:50:00	1	0	53	0	Ct	0	0	0	0	0	3	0	0	0	0	0	0	0	0	0	9	0	3	0	1	0	0	0	1	0	2	0	0	0	0	0	0	3	0
12467	30 Jul 25	03:51:00	1	0	53	0	Ct	0	0	0	0	0	6	0	0	0	0	0	0	0	0	0	3	0	1	0	2	0	0	0	0	0	0	0	0	0	0	0	0	2	0
12468	30 Jul 25	03:52:00	1	0	53	0	Ct	0	0	0	3	0	3	0	1	0	0	0	0	0	0	0	3	0	0	0	3	1	0	0	1	0	0	0	1	0	0	0	0	2	2
12469	30 Jul 25	03:53:00	1	0	53	0	Ct	0	0	0	1	0	0	0	1	0	0	1	0	0	0	0	1	0	4	0	1	1	0	0	3	0	0	0	2	0	0	0	0	4	3
12470	30 Jul 25	03:54:00	1	0	53	0	Ct	0	0	0	0	0	0	0	2	0	0	3	0	1	0	0	4	0	1	1	0	0	0	0	1	0	2	0	0	0	0	0	0	3	3
12471	30 Jul 25	03:55:00	1	0	53	0	Ct	0	0	0	0	0	0	0	0	0	0	2	0	2	0	0	4	0	1	1	0	1	0	0	1	0	0	0	0	0	0	0	0	3	0
12472	30 Jul 25	03:56:00	1	0	53	0	Ct	0	0	0	0	0	1	0	3	0	0	0	0	1	0	0	2	0	0	0	0	0	0	0	2	0	1	0	0	0	0	0	0	2	0
12473	30 Jul 25	03:57:00	1	0	53	0	Ct	0	0	0	0	0	0	0	0	0	0	0	0	1	0	1	3	0	4	0	0	0	0	0	2	0	1	0	4	0	0	0	0	0	1
12474	30 Jul 25	03:58:00	1	0	53	0	Ct	0	0	1	0	0	6	0	1	0	0	4	0	1	0	0	4	0	1	0	2	1	0	0	0	0	0	0	0	0	0	0	0	0	2
12475	30 Jul 25	03:59:00	1	0	53	0	Ct	0	0	1	1	0	0	0	0	0	0	2	0	1	0	0	3	0	1	0	2	0	0	0	1	0	0	0	0	0	0	0	0	3	1
12476	30 Jul 25	04:00:00	1	0	53	0	Ct	0	0	0	3	0	1	0	0	0	0	3	0	3	0	0	0	0	2	0	2	0	0	0	3	0	0	0	0	0	0	0	0	2	3
12477	30 Jul 25	04:01:00	1	0	53	0	Ct	0	0	0	0	0	3	0	0	2	0	2	0	1	0	0	1	0	3	0	4	0	0	0	2	0	0	0	0	0	0	0	0	0	3
12478	30 Jul 25	04:02:00	1	0	53	0	Ct	0	0	0	0	0	1	0	2	0	0	1	0	5	0	0	1	0	2	0	4	0	0	0	1	0	0	0	0	0	0	0	0	4	3
12479	30 Jul 25	04:03:00	1	0	53	0	Ct	0	0	0	1	0	3	0	1	0	0	1	0	2	0	1	2	0	0	0	6	0	0	0	1	0	0	0	0	0	0	0	0	2	3
12480	30 Jul 25	04:04:00	1	0	53	0	Ct	0	0	0	2	0	4	0	0	0	2	2	0	0	0	2	2	0	0	0	1	0	0	0	0	0	0	0	0	0	0	0	0	3	3
12481	30 Jul 25	04:05:00	1	0	53	0	Ct	0	0	0	0	0	4	0	0	2	0	0	0	3	0	0	3	0	0	0	0	0	2	0	0	0	0	0	0	0	0	2	0	3	3
12482	30 Jul 25	04:06:00	1	0	53	0	Ct	0	0	0	0	0	1	0	1	0	6	0	0	2	0	0	2	0	0	0	0	0	0	0	0	0	0	0	0	0	0	0	0	1	2
12483	30 Jul 25	04:07:00	1	0	53	0	Ct	0	0	0	1	0	3	0	1	6	1	0	0	1	0	1	4	0	3	0	0	0	0	0	3	0	0	0	0	0	0	0	0	2	2
12484	30 Jul 25	04:08:00	1	0	53	0	Ct	0	0	0	2	0	1	0	4	3	3	0	0	1	0	0	5	0	2	0	0	1	0	0	3	0	0	0	0	0	0	0	0	2	3
12485	30 Jul 25	04:09:00	1	0	53	0	Ct	0	0	0	1	0	0	0	6	0	2	0	0	0	0	2	4	0	0	0	0	5	0	0	2	0	0	0	0	0	0	0	0	3	1
12486	30 Jul 25	04:10:00	1	0	53	0	Ct	0	0	0	2	0	1	0	2	0	4	1	0	2	0	0	2	0	1	0	0	0	2	0	4	0	0	0	0	0	0	0	0	2	3
12487	30 Jul 25	04:11:00	1	0	53	0	Ct	0	0	0	1	0	4	0	2	0	4	1	0	0	0	4	2	0	1	0	0	0	2	0	2	0	0	0	0	0	0	0	0	2	1
12488	30 Jul 25	04:12:00	1	0	53	0	Ct	0	0	0	0	0	4	0	0	0	3	0	0	2	0	4	1	0	1	0	0	0	1	0	2	0	0	0	0	0	0	0	0	0	2
12489	30 Jul 25	04:13:00	1	0	53	0	Ct	0	0	0	0	0	0	0	0	0	2	1	0	3	0	3	0	0	0	0	0	0	3	0	3	0	0	0	0	0	0	0	0	3	1
12490	30 Jul 25	04:14:00	1	0	53	0	Ct	0	0	0	0	0	2	0	2	0	3	1	0	9	0	2	1	0	0	1	0	0	3	0	1	0	0	0	0	0	0	0	0	2	0
12491	30 Jul 25	04:15:00	1	0	53	0	Ct	0	0	0	0	0	2	0	1	0	2	2	0	2	0	3	1	1	0	1	0	0	5	0	2	0	0	0	0	0	0	0	0	1	4
12492	30 Jul 25	04:16:00	1	0	53	0	Ct	0	0	0	1	0	1	0	1	0	3	2	0	0	0	2	1	1	1	0	0	3	4	0	2	0	0	0	0	0	0	0	0	3	2
12493	30 Jul 25	04:17:00	1	0	53	0	Ct	0	0	0	0	0	1	0	3	0	2	0	0	2	0	0	1	0	3	0	0	5	5	0	3	0	0	0	0	0	0	0	0	2	1
12494	30 Jul 25	04:18:00	1	0	53	0	Ct	0	0	0	0	0	2	1	0	0	5	0	0	2	0	1	2	0	2	0	2	1	4	0	1	0	0	0	0	0	0	0	0	3	1
12495	30 Jul 25	04:19:00	1	0	53	0	Ct	0	0	0	0	0	0	1	2	0	2	0	0	2	0	1	1	0	0	3	1	2	4	0	1	0	0	0	0	0	0	0	0	0	3
12496	30 Jul 25	04:20:00	1	0	53	0	Ct	0	0	0	0	0	2	2	0	0	2	0	0	0	3	4	2	0	0	0	2	1	4	0	0	0	0	0	0	0	0	0	0	0	1
12497	30 Jul 25	04:21:00	1	0	53	0	Ct	0	0	0	0	0	3	3	0	0	2	0	0	0	0	2	1	0	0	0	3	0	4	0	0	0	0	0	0	0	0	0	0	1	2
12498	30 Jul 25	04:22:00	1	0	53	0	Ct	0	0	0	1	0	2	2	0	0	2	0	0	0	0	2	2	0	0	0	4	1	4	0	0	0	0	0	0	0	0	0	0	3	3
12499	30 Jul 25	04:23:00	1	0	53	0	Ct	0	0	3	1	0	3	3	0	0	4	0	0	0	1	3	0	0	2	0	1	0	5	0	0	0	0	0	1	0	0	0	0	3	2
12500	30 Jul 25	04:24:00	1	0	53	0	Ct	0	0	0	0	0	3	3	3	0	3	0	0	0	0	1	1	0	2	0	3	0	3	0	0	0	0	0	4	0	0	0	0	3	1
12501	30 Jul 25	04:25:00	1	0	53	0	Ct	0	0	2	4	0	1	1	10	0	1	0	0	2	0	2	0	0	3	0	1	0	3	0	0	0	0	0	2	0	0	0	0	3	2
12502	30 Jul 25	04:26:00	1	0	53	0	Ct	0	0	0	1	0	0	0	0	0	2	1	0	4	0	2	0	0	1	0	2	0	1	0	0	0	0	0	3	0	0	0	0	1	3
12503	30 Jul 25	04:27:00	1	0	53	0	Ct	0	0	0	0	0	3	0	1	0	4	3	0	2	1	5	1	0	0	0	2	0	5	0	0	0	0	0	3	0	0	0	0	4	1
12504	30 Jul 25	04:28:00	1	0	53	0	Ct	0	0	0	0	0	2	0	1	0	3	3	0	3	0	1	0	0	2	0	2	0	4	0	0	0	0	0	0	0	0	2	0	5	3
12505	30 Jul 25	04:29:00	1	0	53	0	Ct	0	0	0	0	0	4	0	0	0	1	1	0	2	1	2	3	0	1	0	1	0	1	0	0	0	0	0	2	0	0	0	0	0	2
12506	30 Jul 25	04:30:00	1	0	53	0	Ct	0	0	0	2	0	4	0	1	0	4	1	0	2	0	2	3	0	2	0	0	0	2	0	0	0	0	0	4	0	0	0	0	5	0
12507	30 Jul 25	04:31:00	1	0	53	0	Ct	0	0	0	0	0	0	0	1	0	2	1	0	4	0	2	1	0	1	0	3	0	2	0	1	0	0	0	1	0	0	0	0	3	0
12508	30 Jul 25	04:32:00	1	0	53	0	Ct	0	0	0	0	0	1	0	0	0	1	1	0	2	0	1	2	0	2	0	9	0	2	0	0	0	0	1	1	0	0	0	0	1	0
12509	30 Jul 25	04:33:00	1	0	53	0	Ct	0	0	0	0	0	1	0	0	0	3	2	0	0	0	3	3	0	0	1	8	0	3	0	0	0	0	1	3	0	0	0	0	1	0
12510	30 Jul 25	04:34:00	1	0	53	0	Ct	0	0	0	2	0	2	0	0	0	1	0	0	0	0	2	0	0	1	2	0	0	5	0	1	0	1	0	7	0	0	0	0	0	3
12511	30 Jul 25	04:35:00	1	0	53	0	Ct	0	0	0	0	0	4	6	0	0	1	2	0	0	0	2	1	0	0	0	3	0	2	0	2	0	1	0	0	0	0	0	0	0	1
12512	30 Jul 25	04:36:00	1	0	53	0	Ct	0	0	0	1	0	1	9	1	0	3	1	0	0	0	2	0	0	1	0	1	0	2	0	0	0	3	0	3	0	0	0	0	2	2
12513	30 Jul 25	04:37:00	1	0	53	0	Ct	0	0	1	0	0	3	2	1	0	3	1	0	0	0	4	1	0	2	3	2	0	0	0	2	0	2	0	1	0	0	0	0	3	2
12514	30 Jul 25	04:38:00	1	0	53	0	Ct	0	0	3	1	0	2	1	2	0	1	1	0	0	0	1	2	0	0	6	0	0	4	0	0	0	1	0	2	0	0	0	0	3	5
12515	30 Jul 25	04:39:00	1	0	53	0	Ct	0	0	2	2	0	3	2	0	0	9	2	0	0	0	2	0	0	0	1	1	0	2	0	0	0	1	0	0	0	0	0	0	4	5
12516	30 Jul 25	04:40:00	1	0	53	0	Ct	0	0	0	0	0	0	2	0	0	6	0	0	0	0	3	0	0	1	0	2	0	2	0	0	0	3	0	0	0	0	0	0	5	2
12517	30 Jul 25	04:41:00	1	0	53	0	Ct	0	0	2	0	0	0	2	1	0	5	1	0	2	0	1	0	0	3	0	1	0	2	0	0	0	2	0	0	0	0	0	0	3	3
12518	30 Jul 25	04:42:00	1	0	53	0	Ct	0	0	2	0	0	1	4	0	0	4	2	0	4	0	0	0	0	1	0	0	0	2	0	0	0	0	0	0	0	0	0	0	3	1
12519	30 Jul 25	04:43:00	1	0	53	0	Ct	0	0	2	0	0	0	1	0	0	2	2	0	2	0	2	2	0	2	0	0	0	2	0	0	0	0	0	0	0	0	0	0	3	3
12520	30 Jul 25	04:44:00	1	0	53	0	Ct	0	0	2	0	0	1	3	2	0	3	2	0	9	0	0	0	0	1	0	0	0	1	0	1	0	4	0	0	0	0	0	0	1	2
12521	30 Jul 25	04:45:00	1	0	53	0	Ct	0	0	3	2	0	3	1	0	0	2	2	0	17	0	2	0	1	2	0	0	0	3	2	3	0	3	0	0	0	0	0	0	2	1
12522	30 Jul 25	04:46:00	1	0	53	0	Ct	0	0	3	1	0	3	0	0	0	5	1	0	3	0	4	2	1	1	3	0	0	5	3	2	0	1	0	0	0	0	0	0	4	3
12523	30 Jul 25	04:47:00	1	0	53	0	Ct	0	0	2	1	0	5	5	0	0	1	0	0	2	0	1	7	0	0	3	0	0	2	4	1	0	4	0	0	0	0	0	0	3	2
12524	30 Jul 25	04:48:00	1	0	53	0	Ct	0	0	3	2	0	3	2	0	0	3	2	0	3	2	1	2	0	3	3	0	0	2	6	4	0	7	0	0	0	0	0	0	4	0
12525	30 Jul 25	04:49:00	1	0	53	0	Ct	0	0	1	0	0	3	1	0	0	1	2	0	1	0	2	2	0	3	3	0	0	4	1	1	0	3	0	0	0	0	0	0	2	1
12526	30 Jul 25	04:50:00	1	0	53	0	Ct	0	0	3	0	0	3	3	0	0	2	2	0	2	0	2	3	0	1	2	0	0	3	4	0	0	4	0	0	0	0	0	0	3	1
12527	30 Jul 25	04:51:00	1	0	53	0	Ct	0	0	2	2	0	2	1	1	0	3	7	0	2	0	4	3	0	2	2	0	0	2	3	3	0	1	0	1	0	0	0	0	2	0
12528	30 Jul 25	04:52:00	1	0	53	0	Ct	0	0	3	0	0	2	0	0	0	2	3	0	2	0	2	0	0	3	0	2	0	2	3	1	0	3	0	3	0	0	0	0	2	0
12529	30 Jul 25	04:53:00	1	0	53	0	Ct	0	0	1	0	0	3	0	0	0	2	1	0	4	0	1	1	0	2	2	2	0	1	2	2	0	1	0	0	0	0	0	0	4	0
12530	30 Jul 25	04:54:00	1	0	53	0	Ct	0	0	2	0	0	3	2	2	0	3	4	0	1	0	2	0	0	3	3	3	0	2	4	0	0	2	0	0	0	0	0	0	2	0
12531	30 Jul 25	04:55:00	1	0	53	0	Ct	0	0	2	0	0	3	1	0	0	0	2	0	3	0	1	2	0	2	2	4	0	1	0	1	0	3	0	5	0	0	0	0	2	1
12532	30 Jul 25	04:56:00	1	0	53	0	Ct	0	0	3	1	0	2	2	3	1	3	1	0	2	0	4	3	0	5	4	2	0	1	2	2	0	0	0	5	0	0	0	0	2	1
12533	30 Jul 25	04:57:00	1	0	53	0	Ct	0	0	6	1	0	0	1	1	1	4	2	0	0	0	2	2	0	2	2	0	0	3	3	2	0	2	0	1	0	0	0	0	0	0
12534	30 Jul 25	04:58:00	1	0	53	0	Ct	0	0	4	1	0	3	2	4	1	3	1	0	2	0	3	0	0	0	1	3	0	5	4	3	0	3	0	1	0	0	0	0	1	2
12535	30 Jul 25	04:59:00	1	0	53	0	Ct	0	0	3	1	0	2	1	0	1	3	1	0	2	0	2	0	0	1	1	4	0	4	4	2	0	3	0	1	0	0	0	0	3	3
12536	30 Jul 25	05:00:00	1	0	53	0	Ct	0	0	3	0	0	2	3	2	0	1	0	0	2	0	1	2	0	4	5	0	2	6	3	3	0	0	1	2	0	0	1	0	2	1
12537	30 Jul 25	05:01:00	1	0	53	0	Ct	0	0	3	0	0	0	1	2	0	2	3	0	2	0	2	2	0	1	1	2	0	3	3	1	0	2	2	0	0	0	0	0	3	0
12538	30 Jul 25	05:02:00	1	0	53	0	Ct	0	0	3	0	0	3	2	2	0	4	2	0	1	0	0	0	0	0	7	0	0	3	3	0	0	1	1	1	0	0	0	0	3	1
12539	30 Jul 25	05:03:00	1	0	53	0	Ct	0	0	3	0	0	5	1	0	1	4	1	0	0	0	2	1	0	0	0	0	1	3	2	1	0	2	0	2	0	0	1	0	2	2
12540	30 Jul 25	05:04:00	1	0	53	0	Ct	0	0	3	3	0	3	2	6	0	5	0	0	1	0	0	1	0	1	2	0	3	3	1	2	0	1	0	3	0	0	0	0	3	0
12541	30 Jul 25	05:05:00	1	0	53	0	Ct	0	0	4	2	0	2	2	0	0	1	0	0	2	3	3	1	0	2	1	0	0	3	1	1	0	2	3	1	0	0	0	0	6	1
12542	30 Jul 25	05:06:00	1	0	53	0	Ct	0	0	3	1	0	2	2	0	0	2	0	0	3	5	2	0	0	0	2	2	0	1	1	0	0	0	1	1	0	0	0	0	2	2
12543	30 Jul 25	05:07:00	1	0	53	0	Ct	0	0	3	0	0	2	2	2	0	1	0	0	2	0	1	2	0	1	1	1	0	2	2	1	0	0	3	1	0	0	0	0	2	1
12544	30 Jul 25	05:08:00	1	0	53	0	Ct	0	0	2	1	0	4	0	0	0	2	0	0	5	0	4	2	0	1	1	4	0	3	1	1	0	0	2	2	0	0	0	0	1	1
12545	30 Jul 25	05:09:00	1	0	53	0	Ct	0	0	0	1	0	0	4	3	0	3	0	0	1	1	2	4	0	1	4	2	0	2	2	1	0	2	2	1	0	0	0	0	2	2
12546	30 Jul 25	05:10:00	1	0	53	0	Ct	0	0	2	0	0	0	0	1	0	2	0	0	2	4	3	2	0	1	4	2	0	2	2	3	0	0	1	1	0	0	0	0	1	0
12547	30 Jul 25	05:11:00	1	0	53	0	Ct	0	0	3	2	0	0	0	0	0	3	0	0	5	3	2	0	0	1	0	1	1	1	2	1	0	0	1	3	0	0	0	0	5	0
12548	30 Jul 25	05:12:00	1	0	53	0	Ct	0	0	4	3	0	0	1	0	0	1	0	0	1	2	3	1	0	2	1	1	13	0	2	1	0	0	1	1	0	0	0	0	4	0
12549	30 Jul 25	05:13:00	1	0	53	0	Ct	0	0	3	0	1	3	0	0	0	2	2	0	2	1	2	0	0	3	2	3	13	2	2	0	0	1	1	1	0	0	0	0	4	0
12550	30 Jul 25	05:14:00	1	0	53	0	Ct	0	0	3	2	2	5	0	0	0	0	2	0	1	2	1	0	0	2	2	4	0	2	3	0	0	1	0	1	0	0	0	0	1	0
12551	30 Jul 25	05:15:00	1	0	53	0	Ct	0	0	1	0	0	5	0	0	0	2	1	0	3	1	2	2	0	1	0	0	0	2	2	0	0	2	2	1	0	0	0	0	1	2
12552	30 Jul 25	05:16:00	1	0	53	0	Ct	0	0	3	2	0	4	0	0	0	0	1	0	1	0	1	0	0	0	2	2	0	3	3	0	0	2	3	2	0	0	0	0	2	1
12553	30 Jul 25	05:17:00	1	0	53	0	Ct	0	0	2	3	0	4	0	2	0	1	1	0	2	3	2	2	0	0	3	1	0	1	1	0	0	1	1	0	0	0	0	0	1	1
12554	30 Jul 25	05:18:00	1	0	53	0	Ct	0	0	1	0	0	1	0	4	0	0	1	0	3	2	3	0	0	1	2	2	0	1	3	1	0	2	6	2	0	0	0	0	2	1
12555	30 Jul 25	05:19:00	1	0	53	0	Ct	0	0	3	0	0	4	0	0	0	0	1	0	3	3	3	3	0	2	2	1	0	2	2	1	0	1	0	0	0	0	0	0	1	2
12556	30 Jul 25	05:20:00	1	0	53	0	Ct	0	0	3	0	0	2	0	0	1	0	2	0	0	1	2	4	0	1	2	2	0	2	4	1	0	2	1	3	0	0	0	0	0	0
12557	30 Jul 25	05:21:00	1	0	53	0	Ct	0	0	3	0	0	2	0	1	0	0	2	2	2	3	4	3	0	1	2	2	0	4	3	2	0	4	2	1	0	0	0	0	0	2
12558	30 Jul 25	05:22:00	1	0	53	0	Ct	0	0	2	0	0	3	0	2	3	1	1	2	0	4	2	3	0	1	2	1	2	0	1	1	0	0	0	1	0	0	0	0	0	0
12559	30 Jul 25	05:23:00	1	0	53	0	Ct	0	0	2	0	0	1	2	0	1	0	2	3	0	2	0	3	0	2	2	1	0	2	1	0	0	2	3	14	0	0	0	0	3	3
12560	30 Jul 25	05:24:00	1	0	53	0	Ct	0	0	2	2	0	3	1	0	0	0	1	1	0	2	0	0	0	0	4	4	0	1	4	0	0	1	4	1	0	0	0	0	3	1
12561	30 Jul 25	05:25:00	1	0	53	0	Ct	0	0	4	4	0	3	2	2	1	2	1	0	0	4	0	0	0	1	1	2	0	2	2	0	0	0	4	0	0	0	0	0	3	1
12562	30 Jul 25	05:26:00	1	0	53	0	Ct	0	0	3	1	0	1	1	0	0	2	0	0	0	3	3	1	0	1	1	1	1	2	2	0	0	0	4	0	0	0	0	0	1	1
12563	30 Jul 25	05:27:00	1	0	53	0	Ct	0	0	2	2	0	0	1	0	0	2	0	2	3	5	0	1	0	2	4	0	4	3	3	0	0	3	3	0	0	0	0	0	4	1
12564	30 Jul 25	05:28:00	1	0	53	0	Ct	0	0	2	0	0	0	1	1	0	2	1	0	1	2	0	2	0	1	2	1	4	1	3	0	0	1	1	3	0	0	0	0	3	0
12565	30 Jul 25	05:29:00	1	0	53	0	Ct	0	0	1	2	0	1	0	2	0	2	3	0	3	2	1	2	0	0	5	1	1	2	2	0	0	3	1	3	0	0	0	0	2	2
12566	30 Jul 25	05:30:00	1	0	53	0	Ct	0	0	3	0	0	2	2	3	0	0	2	0	1	4	3	3	0	2	2	1	3	2	3	0	0	2	0	2	0	0	0	0	4	2
12567	30 Jul 25	05:31:00	1	0	53	0	Ct	0	0	3	1	0	2	3	1	0	1	1	0	3	2	3	3	0	1	0	2	3	0	3	0	0	2	2	3	0	0	0	0	0	1
12568	30 Jul 25	05:32:00	1	0	53	0	Ct	0	0	3	3	0	2	4	3	0	1	1	1	2	4	3	2	0	1	0	0	1	2	4	1	0	1	1	3	0	0	0	0	1	1
12569	30 Jul 25	05:33:00	1	0	53	0	Ct	0	0	0	0	0	1	3	2	0	0	4	3	5	2	3	1	0	1	0	4	1	2	2	1	0	3	2	1	0	0	0	0	3	0
12570	30 Jul 25	05:34:00	1	0	53	0	Ct	0	0	0	0	0	0	2	4	1	0	4	3	2	2	2	0	0	0	0	0	3	2	2	0	0	0	3	3	0	0	0	0	0	0
12571	30 Jul 25	05:35:00	1	0	53	0	Ct	0	0	3	0	0	1	2	2	0	2	4	0	1	4	2	4	0	1	1	0	2	2	6	1	0	2	1	1	0	0	0	0	0	5
12572	30 Jul 25	05:36:00	1	0	53	0	Ct	0	0	0	0	0	5	2	0	0	3	2	0	0	1	5	1	0	3	1	0	2	1	0	2	0	2	3	0	0	0	0	0	4	2
12573	30 Jul 25	05:37:00	1	0	53	0	Ct	0	0	2	0	0	3	2	0	0	0	1	0	3	4	4	2	4	0	3	0	2	3	4	3	0	3	2	0	0	0	0	0	0	1
12574	30 Jul 25	05:38:00	1	0	53	0	Ct	0	0	3	0	0	2	3	2	0	0	0	0	0	3	2	1	0	0	2	1	2	4	2	2	0	1	3	0	0	0	1	0	3	1
12575	30 Jul 25	05:39:00	1	0	53	0	Ct	0	0	4	0	0	3	3	2	0	0	0	0	2	4	0	1	0	2	2	1	3	0	3	1	0	3	2	0	0	0	0	0	1	2
12576	30 Jul 25	05:40:00	1	0	53	0	Ct	0	0	2	0	0	1	1	2	0	0	0	4	0	2	0	1	0	3	4	0	3	2	4	0	0	1	3	1	0	0	0	0	0	2
12577	30 Jul 25	05:41:00	1	0	53	0	Ct	0	0	3	3	0	3	1	0	0	0	0	3	0	2	2	1	4	1	0	1	1	3	0	0	0	1	1	0	0	0	0	0	0	2
12578	30 Jul 25	05:42:00	1	0	53	0	Ct	0	0	3	1	0	3	0	1	0	0	0	5	2	1	2	2	0	1	2	2	5	3	0	2	0	3	1	2	0	0	0	0	0	2
12579	30 Jul 25	05:43:00	1	0	53	0	Ct	0	0	2	4	0	1	2	1	0	0	0	6	1	4	3	0	0	2	4	1	2	2	1	1	0	0	0	1	0	0	0	0	2	2
12580	30 Jul 25	05:44:00	1	0	53	0	Ct	0	0	3	2	0	0	1	2	1	0	2	3	5	4	1	2	6	0	2	3	1	3	1	2	0	1	1	4	0	0	0	0	2	2
12581	30 Jul 25	05:45:00	1	0	53	0	Ct	0	0	4	3	0	2	0	0	0	1	1	3	2	3	1	0	0	0	4	2	2	1	0	1	0	0	2	0	0	0	0	0	3	3
12582	30 Jul 25	05:46:00	1	0	53	0	Ct	0	0	1	0	0	0	0	4	0	4	1	7	3	4	2	0	0	2	3	4	1	1	3	1	0	0	3	1	0	0	0	0	2	4
12583	30 Jul 25	05:47:00	1	0	53	0	Ct	0	0	2	2	3	3	0	4	0	3	1	4	0	5	2	0	0	1	0	0	2	0	2	1	0	0	1	2	0	0	0	0	1	0
12584	30 Jul 25	05:48:00	1	0	53	0	Ct	0	0	2	1	0	1	2	1	0	3	4	4	1	3	2	1	0	1	2	2	1	6	1	0	0	0	2	2	0	0	0	0	1	1
12585	30 Jul 25	05:49:00	1	0	53	0	Ct	0	0	2	2	0	2	1	4	0	2	0	2	3	3	2	4	0	1	4	1	4	3	3	1	0	0	1	2	0	0	1	0	1	1
12586	30 Jul 25	05:50:00	1	0	53	0	Ct	0	0	3	1	0	2	0	1	1	0	1	3	4	0	1	2	0	1	3	1	2	4	0	0	0	1	0	1	0	0	2	0	0	1
12587	30 Jul 25	05:51:00	1	0	53	0	Ct	0	0	2	3	0	0	0	5	2	3	2	2	3	2	4	2	1	1	2	0	2	2	1	2	0	3	2	0	0	0	0	0	0	2
12588	30 Jul 25	05:52:00	1	0	53	0	Ct	0	0	3	0	1	3	1	0	4	0	1	3	1	5	3	3	1	3	2	1	2	4	2	3	0	2	2	2	0	0	0	0	1	3
12589	30 Jul 25	05:53:00	1	0	53	0	Ct	0	0	4	0	1	3	2	0	0	1	2	3	2	3	3	2	1	0	3	2	3	2	1	2	0	2	3	1	0	0	0	0	3	1
12590	30 Jul 25	05:54:00	1	0	53	0	Ct	0	0	3	1	0	0	0	2	0	0	0	4	2	3	2	2	3	0	4	1	5	1	3	1	0	1	1	3	0	0	0	0	4	3
12591	30 Jul 25	05:55:00	1	0	53	0	Ct	0	0	4	2	0	1	1	0	3	2	3	2	3	3	2	3	0	1	2	1	1	2	2	2	0	2	5	0	0	0	0	0	1	2
12592	30 Jul 25	05:56:00	1	0	53	0	Ct	0	0	2	1	0	2	3	0	2	2	0	4	2	4	2	2	0	2	2	1	2	1	4	0	0	2	2	1	0	0	2	0	2	1
12593	30 Jul 25	05:57:00	1	0	53	0	Ct	0	0	3	3	0	2	2	0	0	1	3	6	3	2	2	3	0	0	2	1	2	1	3	0	0	3	2	2	0	0	0	0	1	1
12594	30 Jul 25	05:58:00	1	0	53	0	Ct	0	0	2	0	0	1	2	1	4	1	0	1	0	2	1	4	0	2	4	2	2	4	4	1	0	1	0	3	0	0	0	0	1	1
12595	30 Jul 25	05:59:00	1	0	53	0	Ct	0	0	4	1	0	2	2	1	4	1	1	2	2	2	2	5	0	1	3	3	2	6	0	3	0	2	2	3	0	0	2	0	2	0
12596	30 Jul 25	06:00:00	1	0	53	0	Ct	0	0	2	0	0	1	3	0	4	1	0	1	1	3	2	2	0	4	2	1	4	3	2	2	0	0	4	0	0	0	0	0	2	0
12597	30 Jul 25	06:01:00	1	0	53	0	Ct	0	0	2	1	0	3	0	0	4	3	0	2	1	3	1	4	0	2	2	0	1	5	2	1	0	0	2	2	0	0	0	0	3	1
12598	30 Jul 25	06:02:00	1	0	53	0	Ct	0	0	1	1	3	3	1	1	1	1	3	4	2	2	3	2	0	2	1	2	2	2	1	1	0	0	3	2	0	0	0	0	4	1
12599	30 Jul 25	06:03:00	1	0	53	0	Ct	0	0	2	1	1	4	1	1	2	1	1	2	2	3	3	4	0	0	3	0	2	9	2	2	0	0	0	2	0	0	0	0	0	0
12600	30 Jul 25	06:04:00	1	0	53	0	Ct	0	0	2	2	2	3	1	0	2	5	1	4	1	0	3	2	0	1	2	2	5	3	0	2	0	3	4	2	0	0	0	0	3	2
12601	30 Jul 25	06:05:00	1	0	53	0	Ct	0	0	4	0	3	3	2	2	4	1	2	4	4	2	2	4	0	0	3	1	2	5	0	2	0	1	2	0	0	0	0	0	4	3
12602	30 Jul 25	06:06:00	1	0	53	0	Ct	0	0	4	0	2	1	2	3	4	0	1	4	1	5	3	2	2	2	1	2	1	2	1	1	0	1	3	3	0	0	0	0	3	2
12603	30 Jul 25	06:07:00	1	0	53	0	Ct	0	0	6	0	2	1	2	3	2	3	2	4	1	4	1	1	0	1	2	2	2	1	2	2	0	1	1	2	0	0	0	0	2	1
12604	30 Jul 25	06:08:00	1	0	53	0	Ct	0	0	4	0	1	0	2	1	2	0	1	4	3	3	5	0	0	3	2	0	2	1	2	1	0	2	5	1	0	0	1	0	3	2
12605	30 Jul 25	06:09:00	1	0	53	0	Ct	0	0	4	1	1	1	2	2	3	1	2	4	3	4	3	0	0	2	1	2	2	3	2	0	0	2	0	2	0	0	0	0	2	0
12606	30 Jul 25	06:10:00	1	0	53	0	Ct	0	0	3	2	5	2	3	2	3	4	0	5	4	1	0	3	1	4	0	1	1	2	2	2	0	1	3	0	0	0	0	0	1	1
12607	30 Jul 25	06:11:00	1	0	53	0	Ct	0	0	1	1	2	1	2	2	4	2	4	4	1	0	7	3	6	2	3	1	2	0	4	1	0	2	0	3	0	0	0	0	4	3
12608	30 Jul 25	06:12:00	1	0	53	0	Ct	0	0	2	0	3	1	1	0	7	2	2	3	1	0	1	4	4	2	3	2	1	0	3	1	0	1	0	0	0	0	0	0	2	1
12609	30 Jul 25	06:13:00	1	0	53	0	Ct	0	0	1	3	6	3	2	2	0	1	2	3	2	5	1	1	0	3	3	3	2	0	7	1	0	1	1	1	0	0	1	0	4	0
12610	30 Jul 25	06:14:00	1	0	53	0	Ct	0	0	5	1	6	0	2	0	1	0	0	3	2	2	1	5	0	2	1	1	1	0	2	3	0	0	2	1	0	0	5	0	3	3
12611	30 Jul 25	06:15:00	1	0	53	0	Ct	0	0	3	0	4	3	2	0	2	0	1	3	2	2	2	3	0	0	2	0	3	0	3	1	0	2	0	1	0	0	1	0	0	3
12612	30 Jul 25	06:16:00	1	0	53	0	Ct	0	0	2	1	4	1	0	0	3	1	1	4	2	8	2	3	0	0	4	0	1	0	1	2	0	2	2	0	0	0	0	0	3	2
12613	30 Jul 25	06:17:00	1	0	53	0	Ct	0	0	2	2	1	0	2	3	2	0	3	4	2	2	2	1	0	0	4	0	1	0	2	1	0	2	2	2	0	0	3	0	3	0
12614	30 Jul 25	06:18:00	1	0	53	0	Ct	0	0	3	1	4	3	1	2	3	2	2	2	4	6	4	8	0	0	2	0	2	0	2	1	0	1	2	3	0	0	0	0	3	1
12615	30 Jul 25	06:19:00	1	0	53	0	Ct	0	0	3	2	4	0	1	1	2	1	1	2	3	4	1	2	2	0	3	1	1	0	2	1	0	0	3	2	0	0	2	0	4	2
12616	30 Jul 25	06:20:00	1	0	53	0	Ct	0	0	2	3	3	2	0	1	2	1	2	3	0	0	3	1	0	0	3	0	2	0	0	1	0	2	3	0	0	0	1	0	2	4
12617	30 Jul 25	06:21:00	1	0	53	0	Ct	0	0	5	2	1	0	1	3	3	1	1	3	2	7	3	2	0	2	1	1	2	3	2	3	0	1	2	2	0	0	2	0	4	1
12618	30 Jul 25	06:22:00	1	0	53	0	Ct	0	0	2	3	2	0	1	2	3	1	3	3	2	3	2	2	0	0	2	0	2	2	2	0	0	4	2	2	0	0	0	0	3	3
12619	30 Jul 25	06:23:00	1	0	53	0	Ct	0	0	2	1	1	2	1	2	5	0	0	4	2	2	4	5	0	1	1	1	0	3	2	1	0	5	3	1	0	0	2	0	1	2
12620	30 Jul 25	06:24:00	1	0	53	0	Ct	0	0	4	2	1	1	1	0	4	0	1	3	2	1	3	3	0	1	2	2	2	2	1	0	0	6	2	1	0	0	3	0	1	3
12621	30 Jul 25	06:25:00	1	0	53	0	Ct	0	0	2	3	3	0	1	0	2	3	0	2	0	0	2	5	0	0	2	3	1	2	2	2	0	2	0	1	0	0	3	0	5	0
12622	30 Jul 25	06:26:00	1	0	53	0	Ct	0	0	2	2	2	1	2	0	3	0	0	2	3	0	1	2	2	3	2	1	2	1	1	0	0	1	0	4	0	0	5	0	2	3
12623	30 Jul 25	06:27:00	1	0	53	0	Ct	0	0	2	2	2	2	0	0	5	1	1	4	2	2	4	1	13	6	1	4	2	2	2	2	0	3	1	0	0	0	2	0	3	1
12624	30 Jul 25	06:28:00	1	0	53	0	Ct	0	0	1	2	4	1	4	0	3	3	1	3	1	1	1	1	2	0	0	2	1	3	1	2	0	3	1	1	0	0	5	0	3	0
12625	30 Jul 25	06:29:00	1	0	53	0	Ct	0	0	1	2	3	4	0	2	4	1	0	3	2	2	0	0	0	0	1	3	3	4	0	0	0	4	2	0	0	0	2	0	4	1
12626	30 Jul 25	06:30:00	1	0	53	0	Ct	0	0	3	1	2	1	3	2	1	2	3	2	3	4	4	1	0	2	3	2	5	3	2	0	0	3	6	1	0	0	1	0	2	1
12627	30 Jul 25	06:31:00	1	0	53	0	Ct	0	0	2	0	1	1	1	2	3	1	0	3	1	2	2	3	0	4	0	2	8	2	4	0	0	3	2	2	0	0	2	0	0	3
12628	30 Jul 25	06:32:00	1	0	53	0	Ct	0	0	3	0	1	3	2	0	2	1	1	1	0	3	4	4	0	3	3	2	4	3	2	2	0	1	3	0	0	0	3	0	0	0
12629	30 Jul 25	06:33:00	1	0	53	0	Ct	0	0	3	0	2	0	3	0	2	3	2	4	2	1	2	2	4	1	1	0	2	2	2	0	0	2	0	1	0	0	6	0	2	0
12630	30 Jul 25	06:34:00	1	0	53	0	Ct	0	0	1	2	0	0	1	0	0	2	3	6	1	1	0	0	3	1	1	1	2	4	2	1	0	1	4	1	0	0	3	0	3	3
12631	30 Jul 25	06:35:00	1	0	53	0	Ct	0	0	1	2	3	1	2	3	2	1	1	4	3	1	1	2	1	1	4	1	4	3	4	3	0	3	4	1	0	0	4	0	3	2
12632	30 Jul 25	06:36:00	1	0	53	0	Ct	0	0	2	0	2	3	0	1	0	1	2	2	0	11	2	2	4	1	1	2	1	2	3	2	0	2	4	2	0	0	1	0	3	0
12633	30 Jul 25	06:37:00	1	0	53	0	Ct	0	0	3	2	2	0	3	0	1	2	1	4	0	3	2	0	1	0	2	2	2	2	4	0	0	2	1	2	0	0	2	0	1	0
12634	30 Jul 25	06:38:00	1	0	53	0	Ct	0	0	3	4	3	0	8	1	4	1	2	2	5	1	1	2	0	0	2	3	1	3	3	3	0	0	1	3	0	0	3	0	2	0
12635	30 Jul 25	06:39:00	1	0	53	0	Ct	0	0	4	0	0	1	2	0	5	1	2	2	2	3	3	2	0	0	8	0	1	2	4	0	0	2	3	1	0	0	5	0	2	4
12636	30 Jul 25	06:40:00	1	0	53	0	Ct	0	0	3	0	3	2	3	3	2	4	2	3	2	2	3	3	0	0	6	2	2	2	2	3	0	2	1	2	0	0	2	0	3	2
12637	30 Jul 25	06:41:00	1	0	53	0	Ct	0	0	1	2	3	0	3	3	1	4	2	3	1	3	5	3	0	0	7	2	2	1	0	2	0	2	3	1	0	0	6	0	2	2
12638	30 Jul 25	06:42:00	1	0	53	0	Ct	0	0	3	3	2	4	0	1	1	1	2	2	4	3	1	3	0	0	3	3	2	1	0	2	0	0	3	0	0	0	2	0	3	0
12639	30 Jul 25	06:43:00	1	0	53	0	Ct	0	0	2	1	1	0	3	2	2	1	1	2	0	4	1	2	0	0	2	1	4	0	0	0	0	1	3	1	0	0	1	0	3	1
12640	30 Jul 25	06:44:00	1	0	53	0	Ct	0	0	2	0	3	3	3	1	2	1	0	3	3	3	1	4	0	0	3	0	1	0	2	31	0	2	1	2	0	0	2	0	2	1
12641	30 Jul 25	06:45:00	1	0	53	0	Ct	0	0	4	2	2	2	1	2	5	2	2	3	1	8	2	2	0	0	5	0	1	1	0	5	0	2	2	0	0	0	1	0	3	1
12642	30 Jul 25	06:46:00	1	0	53	0	Ct	0	0	1	2	1	4	3	1	1	2	0	2	2	1	2	2	2	0	5	0	2	1	2	0	0	1	3	3	0	0	2	0	2	1
12643	30 Jul 25	06:47:00	1	0	53	0	Ct	0	0	3	3	2	0	1	3	2	0	0	2	0	3	2	3	2	0	5	0	2	2	3	0	0	1	0	1	0	0	0	0	3	18
12644	30 Jul 25	06:48:00	1	0	53	0	Ct	0	0	3	2	0	1	4	3	3	2	0	0	0	6	1	1	5	0	3	0	1	2	3	3	0	1	4	3	0	0	1	0	3	23
12645	30 Jul 25	06:49:00	1	0	53	0	Ct	0	0	2	2	1	1	1	2	4	0	2	5	2	3	3	0	2	0	3	0	2	2	4	4	0	3	2	2	0	0	1	0	4	3
12646	30 Jul 25	06:50:00	1	0	53	0	Ct	0	0	2	0	2	0	1	5	0	0	1	5	0	3	2	0	3	0	3	0	0	1	1	2	0	1	3	2	0	0	2	0	3	1
12647	30 Jul 25	06:51:00	1	0	53	0	Ct	0	0	2	2	0	0	1	5	4	1	2	2	2	9	3	0	4	0	5	0	1	3	0	2	0	0	2	2	0	0	2	0	1	3
12648	30 Jul 25	06:52:00	1	0	53	0	Ct	0	0	3	2	2	0	3	2	3	1	1	2	3	2	1	4	4	2	2	0	3	3	0	2	0	3	1	0	0	0	2	0	0	2
12649	30 Jul 25	06:53:00	1	0	53	0	Ct	0	0	4	3	3	1	2	1	5	0	2	2	3	3	1	4	3	5	3	0	2	1	2	2	0	2	2	0	0	0	2	0	0	4
12650	30 Jul 25	06:54:00	1	0	53	0	Ct	0	0	3	1	1	3	4	3	7	1	2	3	1	1	1	4	5	0	2	0	2	1	3	2	0	2	3	0	0	0	0	0	1	4
12651	30 Jul 25	06:55:00	1	0	53	0	Ct	0	0	3	2	2	2	2	2	3	2	1	3	3	4	3	5	3	2	2	0	2	0	2	0	0	2	4	2	0	0	0	0	5	3
12652	30 Jul 25	06:56:00	1	0	53	0	Ct	0	0	2	2	1	2	2	4	2	1	3	2	4	2	3	4	4	4	3	0	0	2	0	0	0	2	2	2	0	0	1	0	3	2
12653	30 Jul 25	06:57:00	1	0	53	0	Ct	0	0	2	1	2	1	1	2	0	1	3	2	3	3	2	3	1	1	3	0	3	2	0	1	0	0	6	2	0	0	2	0	1	2
12654	30 Jul 25	06:58:00	1	0	53	0	Ct	0	0	2	1	1	2	2	0	3	2	1	3	2	1	3	2	1	0	3	0	2	5	3	3	0	2	4	1	0	0	3	0	4	2
12655	30 Jul 25	06:59:00	1	0	53	0	Ct	0	0	3	1	1	5	2	0	3	2	0	3	3	2	2	3	3	2	2	0	1	0	2	1	0	1	1	0	0	0	2	0	1	1
12656	30 Jul 25	07:00:00	1	0	53	0	Ct	0	0	3	2	0	5	1	2	4	0	2	3	5	2	3	4	3	0	2	0	1	1	1	1	0	1	1	0	0	0	5	0	3	1
12657	30 Jul 25	07:01:00	1	0	53	0	Ct	0	0	11	2	2	2	3	2	0	8	0	3	0	2	4	2	4	0	3	0	2	1	2	1	0	1	0	2	0	0	1	0	3	0
12658	30 Jul 25	07:02:00	1	0	53	0	Ct	0	0	3	1	1	4	2	3	1	0	3	0	1	2	2	2	5	0	0	1	2	0	2	2	0	3	2	1	0	0	0	0	4	0
12659	30 Jul 25	07:03:00	1	0	53	0	Ct	0	0	3	1	1	1	0	3	0	2	1	4	1	3	4	1	5	0	2	2	2	2	2	0	0	1	4	0	0	0	1	0	1	2
12660	30 Jul 25	07:04:00	1	0	53	0	Ct	0	0	3	2	2	1	0	4	2	1	2	5	0	1	1	0	3	0	3	1	1	0	2	2	0	3	3	2	0	0	3	0	3	3
12661	30 Jul 25	07:05:00	1	0	53	0	Ct	0	0	3	0	0	3	4	2	3	1	0	4	0	4	2	1	4	0	2	4	2	1	3	1	0	2	1	2	0	0	0	0	2	2
12662	30 Jul 25	07:06:00	1	0	53	0	Ct	0	0	3	1	3	1	2	2	4	0	0	3	0	1	3	0	3	0	2	2	1	2	3	1	0	1	2	2	0	0	2	0	2	2
12663	30 Jul 25	07:07:00	1	0	53	0	Ct	0	0	3	1	3	0	2	1	0	0	1	3	2	3	3	1	5	0	2	3	1	1	0	1	0	1	2	1	0	0	1	0	3	1
12664	30 Jul 25	07:08:00	1	0	53	0	Ct	0	0	2	2	4	0	1	1	5	0	1	3	3	3	0	1	0	0	2	3	8	3	1	0	0	0	0	1	0	0	3	0	3	2
12665	30 Jul 25	07:09:00	1	0	53	0	Ct	0	0	6	1	4	0	1	2	6	1	2	2	1	4	3	2	2	0	3	1	2	1	1	1	0	2	1	1	0	0	3	0	3	1
12666	30 Jul 25	07:10:00	1	0	53	0	Ct	0	0	2	3	2	0	2	3	2	2	2	3	2	4	2	2	2	0	1	1	3	3	0	1	0	2	0	2	0	0	2	0	1	1
12667	30 Jul 25	07:11:00	1	0	53	0	Ct	0	0	2	4	0	1	0	3	3	0	2	3	1	4	1	4	2	0	0	0	1	0	1	2	0	3	2	2	0	0	2	0	1	2
12668	30 Jul 25	07:12:00	1	0	53	0	Ct	0	0	1	3	0	0	0	2	0	2	1	4	4	3	2	3	5	0	2	0	3	0	2	1	0	1	4	2	0	0	1	0	4	4
12669	30 Jul 25	07:13:00	1	0	53	0	Ct	0	0	0	2	3	2	1	2	9	2	0	3	1	1	2	3	4	0	0	0	1	1	3	1	0	3	0	1	0	0	1	0	4	3
12670	30 Jul 25	07:14:00	1	0	53	0	Ct	0	0	0	2	1	1	2	2	0	1	1	4	2	2	3	5	3	1	3	0	2	1	0	1	0	2	1	3	0	0	0	0	2	3
12671	30 Jul 25	07:15:00	1	0	53	0	Ct	0	0	3	0	0	0	1	0	1	0	1	2	2	2	2	4	1	1	1	0	1	2	5	0	0	1	0	2	0	0	0	0	3	4
12672	30 Jul 25	07:16:00	1	0	53	0	Ct	0	0	1	3	3	0	0	2	3	3	2	3	3	3	3	0	2	0	3	0	2	2	3	1	0	1	3	5	0	0	1	0	3	3
12673	30 Jul 25	07:17:00	1	0	53	0	Ct	0	0	1	2	4	0	0	3	2	1	1	1	2	3	4	2	1	1	1	0	2	0	2	1	0	0	0	0	0	0	3	0	3	3
12674	30 Jul 25	07:18:00	1	0	53	0	Ct	0	0	2	1	3	0	0	0	4	1	2	4	2	6	1	1	4	2	0	0	2	2	1	0	0	0	7	0	0	0	1	0	3	2
12675	30 Jul 25	07:19:00	1	0	53	0	Ct	0	0	2	6	2	3	3	0	4	0	2	3	3	0	5	2	6	3	1	0	1	0	0	0	0	2	3	0	0	0	3	0	2	2
12676	30 Jul 25	07:20:00	1	0	53	0	Ct	0	0	3	4	1	0	1	0	3	2	3	2	1	1	3	4	3	0	2	3	2	0	0	0	0	3	3	0	0	0	2	0	2	1
12677	30 Jul 25	07:21:00	1	0	53	0	Ct	0	0	3	2	1	0	3	2	2	0	1	2	0	2	2	3	4	1	3	2	2	0	0	0	0	2	2	2	0	0	2	0	2	5
12678	30 Jul 25	07:22:00	1	0	53	0	Ct	0	0	3	3	0	0	2	2	6	2	1	3	1	2	2	5	3	2	0	1	1	0	0	1	0	0	0	1	0	0	2	0	3	3
12679	30 Jul 25	07:23:00	1	0	53	0	Ct	0	0	2	2	0	0	3	2	2	0	0	1	1	2	5	4	3	2	0	2	3	0	2	2	0	2	3	0	0	0	0	0	2	1
12680	30 Jul 25	07:24:00	1	0	53	0	Ct	0	0	2	2	1	0	4	3	4	0	0	2	0	4	3	6	3	0	0	2	2	0	2	1	0	1	0	1	0	0	1	0	1	2
12681	30 Jul 25	07:25:00	1	0	53	0	Ct	0	0	0	2	2	0	3	4	2	1	0	2	3	4	4	4	7	3	0	1	2	0	2	2	0	1	0	0	0	0	0	0	0	0
12682	30 Jul 25	07:26:00	1	0	53	0	Ct	0	0	1	2	2	0	2	2	1	0	1	2	2	2	2	3	2	1	4	2	1	2	1	3	0	0	1	0	0	0	0	0	2	3
12683	30 Jul 25	07:27:00	1	0	53	0	Ct	0	0	5	2	1	3	2	4	0	0	3	3	4	2	4	1	1	1	2	1	1	1	2	2	0	0	1	4	0	0	0	0	3	1
12684	30 Jul 25	07:28:00	1	0	53	0	Ct	0	0	3	0	3	0	1	3	0	0	0	3	1	3	3	1	3	1	3	2	2	3	4	1	0	2	0	2	0	0	1	0	2	2
12685	30 Jul 25	07:29:00	1	0	53	0	Ct	0	0	3	2	3	0	1	2	4	2	2	3	3	2	6	0	1	1	2	2	2	1	4	2	0	3	0	3	0	0	2	0	3	3
12686	30 Jul 25	07:30:00	1	0	53	0	Ct	0	0	3	1	4	2	1	3	2	1	3	2	1	4	3	3	7	0	2	4	5	2	3	1	0	1	3	0	0	0	9	0	0	1
12687	30 Jul 25	07:31:00	1	0	53	0	Ct	0	0	3	3	12	0	3	3	1	0	1	3	0	4	3	4	2	2	5	1	1	0	0	0	0	0	3	2	0	0	2	0	0	1
12688	30 Jul 25	07:32:00	1	0	53	0	Ct	0	0	3	2	4	0	2	3	2	0	2	4	3	5	1	20	3	0	0	0	1	2	3	1	0	1	3	0	0	0	3	0	3	0
12689	30 Jul 25	07:33:00	1	0	53	0	Ct	0	0	1	1	2	0	1	2	2	0	2	3	4	3	4	4	5	1	0	2	0	3	0	2	0	0	5	1	0	0	2	0	2	1
12690	30 Jul 25	07:34:00	1	0	53	0	Ct	0	0	1	3	1	2	1	2	1	2	2	2	3	4	4	2	2	2	5	2	0	0	0	1	0	1	3	2	0	0	1	0	4	0
12691	30 Jul 25	07:35:00	1	0	53	0	Ct	0	0	4	2	1	4	0	3	3	0	1	2	3	4	3	1	3	2	5	4	0	0	0	3	0	6	3	3	0	0	1	0	2	1
12692	30 Jul 25	07:36:00	1	0	53	0	Ct	0	0	3	3	2	0	0	4	4	3	1	3	2	1	4	0	3	0	1	0	0	0	6	0	0	3	4	0	0	0	1	0	5	1
12693	30 Jul 25	07:37:00	1	0	53	0	Ct	0	0	2	1	2	0	1	3	1	2	2	4	2	2	4	1	1	0	5	3	1	0	1	0	0	6	5	0	0	0	1	0	0	2
12694	30 Jul 25	07:38:00	1	0	53	0	Ct	0	0	2	3	1	3	3	2	1	1	0	4	4	2	2	4	2	0	3	1	2	0	1	0	0	3	5	1	0	0	1	0	0	0
12695	30 Jul 25	07:39:00	1	0	53	0	Ct	0	0	2	2	0	4	2	3	1	0	0	4	1	3	1	4	2	0	3	1	1	0	3	1	0	2	3	1	0	0	2	0	4	0
12696	30 Jul 25	07:40:00	1	0	53	0	Ct	0	0	3	0	2	3	2	4	4	0	2	2	1	1	2	5	2	0	2	0	1	1	1	1	0	2	4	2	0	0	2	0	4	1
12697	30 Jul 25	07:41:00	1	0	53	0	Ct	0	0	3	1	0	1	5	2	0	2	1	1	3	4	2	4	2	0	2	0	1	1	3	2	0	1	4	3	0	0	1	0	4	4
12698	30 Jul 25	07:42:00	1	0	53	0	Ct	0	0	2	3	2	1	2	0	2	1	3	0	1	2	3	3	4	0	5	0	1	2	1	1	0	2	1	5	0	0	3	0	3	1
12699	30 Jul 25	07:43:00	1	0	53	0	Ct	0	0	0	0	1	3	2	2	3	0	2	0	0	3	2	3	4	0	4	0	2	3	0	2	0	1	1	1	0	0	2	0	2	3
12700	30 Jul 25	07:44:00	1	0	53	0	Ct	0	0	3	5	1	1	3	2	0	1	3	1	0	4	2	4	0	0	6	0	10	1	1	0	0	2	2	4	0	0	4	0	2	1
12701	30 Jul 25	07:45:00	1	0	53	0	Ct	0	0	2	2	1	3	3	3	3	4	1	2	2	2	2	3	3	1	2	0	1	0	1	2	0	3	2	4	0	0	1	0	3	3
12702	30 Jul 25	07:46:00	1	0	53	0	Ct	0	0	3	8	1	1	2	3	2	13	2	3	0	1	3	3	3	1	2	0	1	0	0	2	0	1	2	1	0	0	1	0	2	2
12703	30 Jul 25	07:47:00	1	0	53	0	Ct	0	0	2	2	2	0	1	2	4	4	0	4	3	3	2	3	3	2	3	0	1	0	4	0	0	1	2	1	0	0	2	0	5	0
12704	30 Jul 25	07:48:00	1	0	53	0	Ct	0	0	3	2	4	1	1	3	5	4	0	3	2	3	3	2	1	2	2	0	2	0	4	1	0	2	1	3	0	0	1	0	3	2
12705	30 Jul 25	07:49:00	1	0	53	0	Ct	0	0	1	2	3	0	3	5	1	3	2	3	2	2	1	2	3	2	3	0	7	0	3	0	0	3	1	0	0	0	0	0	3	2
12706	30 Jul 25	07:50:00	1	0	53	0	Ct	0	0	1	3	4	1	1	2	2	1	0	4	0	2	4	3	4	0	3	0	1	0	0	0	0	0	1	0	0	0	0	0	10	1
12707	30 Jul 25	07:51:00	1	0	53	0	Ct	0	0	3	2	3	4	3	0	1	0	2	4	2	1	2	2	6	0	2	0	1	3	2	0	0	2	2	0	0	0	0	0	3	1
12708	30 Jul 25	07:52:00	1	0	53	0	Ct	0	0	3	2	2	0	1	0	0	3	1	2	4	1	4	2	2	0	2	0	1	2	0	1	0	1	1	2	0	0	0	0	1	2
12709	30 Jul 25	07:53:00	1	0	53	0	Ct	0	0	4	3	2	0	0	4	0	0	1	3	1	2	3	0	1	2	2	0	0	1	3	2	0	3	1	3	0	0	0	0	2	2
12710	30 Jul 25	07:54:00	1	0	53	0	Ct	0	0	3	1	1	0	3	3	2	0	2	3	4	0	3	4	9	0	0	0	2	1	0	0	0	1	0	1	0	0	0	0	3	2
12711	30 Jul 25	07:55:00	1	0	53	0	Ct	0	0	3	2	4	0	2	4	2	0	2	1	3	0	2	0	2	1	0	0	2	1	1	3	0	1	1	2	0	0	0	0	3	2
12712	30 Jul 25	07:56:00	1	0	53	0	Ct	0	0	4	1	1	0	2	4	2	2	1	4	4	2	2	4	3	3	3	0	1	4	4	2	0	3	3	1	0	0	0	0	3	2
12713	30 Jul 25	07:57:00	1	0	53	0	Ct	0	0	1	2	0	0	1	4	1	1	0	7	3	4	3	3	4	0	3	1	0	1	4	0	0	6	3	0	0	0	1	0	1	2
12714	30 Jul 25	07:58:00	1	0	53	0	Ct	0	0	2	2	2	0	3	2	2	4	0	4	3	2	2	0	2	0	1	1	4	1	2	1	0	4	2	2	0	0	1	0	3	2
12715	30 Jul 25	07:59:00	1	0	53	0	Ct	0	0	3	2	3	1	3	3	5	2	0	1	4	3	1	2	2	0	3	4	1	0	3	2	0	4	3	1	0	0	1	0	2	0
12716	30 Jul 25	08:00:00	1	0	53	0	Ct	0	0	0	1	4	1	0	2	1	0	0	3	2	3	2	2	6	0	3	2	2	2	3	0	0	3	3	0	0	0	2	0	3	2
12717	30 Jul 25	08:01:00	1	0	53	0	Ct	0	0	3	2	2	0	1	2	0	0	0	4	2	2	2	2	6	0	0	2	5	1	2	1	0	0	2	3	0	0	2	0	3	3
12718	30 Jul 25	08:02:00	1	0	53	0	Ct	0	0	1	3	5	1	0	4	0	1	0	2	3	0	2	5	2	0	1	5	3	2	1	0	0	2	2	1	0	0	1	0	4	3
12719	30 Jul 25	08:03:00	1	0	53	0	Ct	0	0	2	3	2	0	2	3	4	0	1	3	0	0	3	3	8	2	1	1	4	2	2	0	0	3	1	0	0	0	3	0	3	3
12720	30 Jul 25	08:04:00	1	0	53	0	Ct	0	0	4	2	1	2	2	4	3	2	2	2	0	0	2	3	5	0	2	1	6	2	2	0	0	1	0	2	0	0	1	0	2	1
12721	30 Jul 25	08:05:00	1	0	53	0	Ct	0	0	4	1	1	2	1	3	2	2	1	4	0	3	4	3	3	2	1	1	4	0	2	0	0	1	1	1	0	0	3	0	0	0
12722	30 Jul 25	08:06:00	1	0	53	0	Ct	0	0	3	0	6	1	0	3	2	1	0	2	1	4	3	0	2	0	4	0	3	0	1	0	0	2	0	0	0	0	0	0	2	2
12723	30 Jul 25	08:07:00	1	0	53	0	Ct	0	0	3	3	1	0	2	2	4	2	1	5	1	1	3	1	2	0	3	0	1	2	4	2	0	1	2	1	0	0	0	0	4	3
12724	30 Jul 25	08:08:00	1	0	53	0	Ct	0	0	2	0	1	0	1	3	3	2	1	3	1	0	4	3	3	1	3	2	2	1	1	1	0	2	2	1	0	0	0	0	3	2
12725	30 Jul 25	08:09:00	1	0	53	0	Ct	0	0	5	1	2	3	0	3	2	0	1	3	1	0	2	3	5	1	3	2	3	3	7	2	0	3	3	2	0	0	0	0	3	1
12726	30 Jul 25	08:10:00	1	0	53	0	Ct	0	0	4	1	0	1	4	7	3	4	1	4	3	0	3	3	4	4	3	1	1	4	2	1	0	0	2	3	0	0	1	0	5	1
12727	30 Jul 25	08:11:00	1	0	53	0	Ct	0	0	1	3	3	1	1	1	2	0	1	2	2	1	3	3	2	1	4	2	3	4	0	1	0	0	2	0	0	0	2	0	3	3
12728	30 Jul 25	08:12:00	1	0	53	0	Ct	0	0	2	6	2	1	3	1	1	4	3	2	2	0	1	0	2	0	4	1	2	1	0	2	0	4	4	0	0	0	0	0	3	1
12729	30 Jul 25	08:13:00	1	0	53	0	Ct	0	0	2	3	4	1	2	2	3	1	2	4	3	0	1	3	2	0	1	0	1	2	0	2	0	2	3	0	0	0	1	0	5	1
12730	30 Jul 25	08:14:00	1	0	53	0	Ct	0	0	1	2	5	2	1	3	0	0	1	2	1	0	1	4	2	0	3	2	0	2	0	1	0	3	1	3	0	0	0	0	5	2
12731	30 Jul 25	08:15:00	1	0	53	0	Ct	0	0	0	3	6	3	2	4	0	0	1	2	1	0	1	4	4	0	3	0	0	2	0	1	0	1	0	2	0	0	0	0	4	2
12732	30 Jul 25	08:16:00	1	0	53	0	Ct	0	0	0	1	5	0	2	5	0	0	1	3	2	0	3	3	3	0	1	1	3	2	0	2	0	3	2	2	0	0	0	0	5	2
12733	30 Jul 25	08:17:00	1	0	53	0	Ct	0	0	2	1	2	1	3	3	1	0	1	3	3	0	4	3	3	0	0	0	1	4	0	3	0	2	2	1	0	0	0	0	2	2
12734	30 Jul 25	08:18:00	1	0	53	0	Ct	0	0	1	3	2	2	1	2	1	0	0	3	3	0	3	5	7	0	0	3	0	1	0	2	0	2	1	3	0	0	0	0	5	1
12735	30 Jul 25	08:19:00	1	0	53	0	Ct	0	0	4	2	2	0	1	3	3	2	0	4	2	0	0	1	4	0	0	1	0	2	0	2	0	2	3	0	0	0	0	0	2	1
12736	30 Jul 25	08:20:00	1	0	53	0	Ct	0	0	4	3	1	1	2	4	3	2	1	2	1	0	2	1	3	0	0	2	2	1	0	4	0	1	4	0	0	0	1	0	4	0
12737	30 Jul 25	08:21:00	1	0	53	0	Ct	0	0	3	0	1	2	1	3	0	1	2	3	3	0	3	3	3	1	3	2	3	2	2	1	0	1	3	2	0	0	1	0	3	2
12738	30 Jul 25	08:22:00	1	0	53	0	Ct	0	0	3	3	2	4	0	2	1	2	5	1	3	0	4	0	2	3	2	2	3	0	2	2	0	2	3	2	0	0	0	0	3	2
12739	30 Jul 25	08:23:00	1	0	53	0	Ct	0	0	4	2	1	0	0	3	2	1	4	2	1	0	4	1	2	2	1	1	0	2	3	2	0	4	0	1	0	0	0	0	3	3
12740	30 Jul 25	08:24:00	1	0	53	0	Ct	0	0	1	0	5	0	2	3	3	1	2	3	3	0	2	3	4	1	2	1	2	1	1	0	0	5	0	1	0	0	0	0	4	0
12741	30 Jul 25	08:25:00	1	0	53	0	Ct	0	0	3	2	3	0	3	3	1	2	4	3	2	2	1	3	3	0	2	0	1	5	2	1	0	1	0	3	0	0	0	0	4	0
12742	30 Jul 25	08:26:00	1	0	53	0	Ct	0	0	2	1	4	3	1	3	2	0	2	4	2	6	2	2	6	2	0	1	2	1	0	2	0	4	1	1	0	0	1	0	4	10
12743	30 Jul 25	08:27:00	1	0	53	0	Ct	0	0	0	0	1	2	2	2	3	3	3	5	0	4	1	3	4	0	0	4	3	3	1	1	0	0	0	2	0	0	1	0	1	1
12744	30 Jul 25	08:28:00	1	0	53	0	Ct	0	0	2	0	2	2	3	2	1	1	1	4	3	4	2	1	0	1	2	3	2	4	0	2	0	2	0	2	0	0	3	0	2	0
12745	30 Jul 25	08:29:00	1	0	53	0	Ct	0	0	1	0	1	1	3	1	0	2	3	2	3	2	1	3	8	1	3	5	2	1	1	2	0	2	2	0	0	0	2	0	3	0
12746	30 Jul 25	08:30:00	1	0	53	0	Ct	0	0	2	2	1	0	2	3	2	2	1	3	9	2	2	1	3	2	2	0	1	1	1	1	0	3	2	2	0	0	0	0	5	0
12747	30 Jul 25	08:31:00	1	0	53	0	Ct	0	0	2	2	0	2	0	0	3	0	3	2	0	3	2	0	0	0	2	4	2	1	2	2	0	1	3	2	0	0	0	0	4	2
12748	30 Jul 25	08:32:00	1	0	53	0	Ct	0	0	0	1	5	3	1	2	2	1	2	2	3	4	2	1	2	1	0	2	1	6	1	2	0	3	1	4	0	0	0	0	1	2
12749	30 Jul 25	08:33:00	1	0	53	0	Ct	0	0	1	1	4	0	1	2	1	2	2	3	3	4	3	0	3	1	2	2	2	3	2	0	0	1	0	2	0	0	0	0	2	1
12750	30 Jul 25	08:34:00	1	0	53	0	Ct	0	0	1	0	3	1	3	2	2	1	2	1	1	4	2	1	3	0	1	5	2	0	2	1	0	2	0	3	0	0	0	0	1	3
12751	30 Jul 25	08:35:00	1	0	53	0	Ct	0	0	3	1	1	0	1	3	0	4	0	3	1	2	2	3	4	0	3	2	1	4	2	2	0	1	3	3	0	0	0	0	4	2
12752	30 Jul 25	08:36:00	1	0	53	0	Ct	0	0	2	2	1	1	1	1	3	7	0	1	0	1	3	1	2	0	0	2	1	3	3	2	0	0	2	2	0	0	0	0	3	5
12753	30 Jul 25	08:37:00	1	0	53	0	Ct	0	0	1	0	0	3	1	2	3	4	0	2	3	4	6	3	3	0	1	2	2	1	6	3	0	0	0	2	0	0	1	0	5	3
12754	30 Jul 25	08:38:00	1	0	53	0	Ct	0	0	3	2	1	4	1	3	0	3	0	3	3	3	2	2	3	0	1	0	2	2	1	3	0	2	0	4	0	0	3	0	3	3
12755	30 Jul 25	08:39:00	1	0	53	0	Ct	0	0	2	2	1	3	0	4	1	0	0	2	3	3	3	1	4	1	1	0	0	3	5	0	0	2	0	0	0	0	5	0	4	4
12756	30 Jul 25	08:40:00	1	0	53	0	Ct	0	0	4	1	2	3	2	4	1	3	2	3	2	1	1	3	4	1	1	2	3	1	1	3	0	2	1	2	0	0	0	0	3	3
12757	30 Jul 25	08:41:00	1	0	53	0	Ct	0	0	3	0	3	1	1	5	0	1	2	3	3	2	2	1	5	0	0	1	1	0	2	0	0	3	3	3	0	0	0	0	2	2
12758	30 Jul 25	08:42:00	1	0	53	0	Ct	0	0	3	2	2	3	7	4	0	0	0	4	1	2	3	0	0	0	0	3	2	1	2	0	0	2	0	2	0	0	2	0	1	2
12759	30 Jul 25	08:43:00	1	0	53	0	Ct	0	0	1	1	0	1	3	2	1	1	1	5	3	1	3	4	1	0	0	2	3	3	1	2	0	1	5	0	0	0	1	0	2	2
12760	30 Jul 25	08:44:00	1	0	53	0	Ct	0	0	3	4	0	0	4	2	1	1	2	5	0	2	1	3	3	0	2	2	2	3	0	1	0	3	3	0	0	0	3	0	2	0
12761	30 Jul 25	08:45:00	1	0	53	0	Ct	0	0	4	3	2	0	1	0	1	3	2	6	3	2	0	2	7	1	3	2	1	3	0	1	0	4	4	4	0	0	1	0	2	3
12762	30 Jul 25	08:46:00	1	0	53	0	Ct	0	0	1	2	0	0	3	2	2	0	2	1	1	1	0	1	3	1	2	1	1	2	0	3	0	1	1	1	0	0	2	0	4	1
12763	30 Jul 25	08:47:00	1	0	53	0	Ct	0	0	2	0	0	3	0	3	2	0	0	7	1	1	3	2	0	0	3	1	0	0	1	1	0	2	4	2	0	0	3	0	3	0
12764	30 Jul 25	08:48:00	1	0	53	0	Ct	0	0	3	2	1	1	0	4	1	0	0	5	1	3	2	0	0	0	1	1	2	0	1	0	0	0	3	0	0	0	2	0	3	3
12765	30 Jul 25	08:49:00	1	0	53	0	Ct	0	0	2	2	0	2	3	4	3	3	1	3	0	2	2	3	4	0	0	1	7	0	4	1	0	9	3	0	0	0	1	0	1	1
12766	30 Jul 25	08:50:00	1	0	53	0	Ct	0	0	3	0	0	3	4	3	1	1	2	3	0	2	3	1	5	1	1	0	3	1	4	0	0	0	0	2	0	0	2	0	3	0
12767	30 Jul 25	08:51:00	1	0	53	0	Ct	0	0	3	1	2	0	4	3	2	3	0	5	0	1	3	3	5	1	2	0	5	0	4	0	0	2	2	6	0	0	3	0	3	0
12768	30 Jul 25	08:52:00	1	0	53	0	Ct	0	0	2	1	2	0	1	2	0	1	2	3	0	4	1	2	4	0	0	0	2	2	4	0	0	1	6	1	0	0	1	0	3	3
12769	30 Jul 25	08:53:00	1	0	53	0	Ct	0	0	3	0	2	1	3	3	0	3	0	4	3	3	3	2	2	0	4	2	0	1	1	2	0	4	1	2	0	0	1	0	3	4
12770	30 Jul 25	08:54:00	1	0	53	0	Ct	0	0	1	1	2	0	1	3	0	1	0	3	2	2	2	1	3	0	3	1	0	0	1	1	0	2	0	4	0	0	3	0	3	1
12771	30 Jul 25	08:55:00	1	0	53	0	Ct	0	0	2	1	1	0	3	2	1	1	0	3	2	3	1	1	2	0	2	2	3	3	2	0	0	4	0	4	0	0	2	0	0	0
12772	30 Jul 25	08:56:00	1	0	53	0	Ct	0	0	4	1	1	1	3	0	0	0	1	4	0	2	1	2	5	0	3	1	1	2	2	1	0	1	0	2	0	0	1	0	2	1
12773	30 Jul 25	08:57:00	1	0	53	0	Ct	0	0	1	3	0	0	0	2	1	1	0	4	2	3	1	0	3	0	3	1	0	1	4	2	0	10	2	3	0	0	5	0	1	1
12774	30 Jul 25	08:58:00	1	0	53	0	Ct	0	0	3	0	2	2	1	4	3	1	0	2	2	5	0	2	3	0	2	4	3	3	5	1	0	7	3	3	0	0	2	0	3	1
12775	30 Jul 25	08:59:00	1	0	53	0	Ct	0	0	2	1	2	0	2	2	1	1	0	3	0	3	0	2	0	2	1	0	2	1	0	1	0	1	0	2	0	0	2	0	4	1
12776	30 Jul 25	09:00:00	1	0	53	0	Ct	0	0	2	0	0	1	2	4	2	1	0	2	3	4	0	2	3	0	2	0	1	0	0	0	0	1	2	3	0	0	1	0	3	0
12777	30 Jul 25	09:01:00	1	0	53	0	Ct	0	0	1	3	1	1	4	3	0	1	0	3	4	0	0	3	4	1	3	2	1	0	0	1	0	2	3	2	0	0	0	0	4	2
12778	30 Jul 25	09:02:00	1	0	53	0	Ct	0	0	3	0	0	1	1	1	2	1	1	1	1	1	0	2	3	0	3	2	0	0	0	0	0	1	2	2	0	0	0	0	2	0
12779	30 Jul 25	09:03:00	1	0	53	0	Ct	0	0	3	2	5	1	1	1	2	0	2	0	1	4	2	14	3	1	2	1	2	1	0	1	0	1	2	1	0	0	1	0	3	1
12780	30 Jul 25	09:04:00	1	0	53	0	Ct	0	0	0	4	4	1	2	2	0	1	1	2	1	3	2	3	2	2	0	3	0	5	0	1	0	2	1	1	0	0	1	0	2	3
12781	30 Jul 25	09:05:00	1	0	53	0	Ct	0	0	0	1	1	3	2	2	1	1	0	1	0	3	1	1	5	0	2	3	2	1	1	2	0	2	0	3	0	0	1	0	3	2
12782	30 Jul 25	09:06:00	1	0	53	0	Ct	0	0	3	0	2	1	0	4	0	2	1	4	0	3	1	1	1	1	2	4	2	3	5	1	0	3	0	3	0	0	1	0	3	1
12783	30 Jul 25	09:07:00	1	0	53	0	Ct	0	0	3	4	2	2	0	1	1	2	3	4	0	1	1	5	3	1	0	6	1	2	5	1	0	2	0	4	0	0	0	0	4	3
12784	30 Jul 25	09:08:00	1	0	53	0	Ct	0	0	3	2	3	1	0	1	4	3	3	3	3	2	11	3	1	1	0	1	0	1	2	1	0	3	2	1	0	0	2	0	4	1
12785	30 Jul 25	09:09:00	1	0	53	0	Ct	0	0	3	1	2	2	1	1	0	2	0	4	1	1	6	3	5	1	2	2	1	3	3	1	0	0	0	1	0	0	2	0	3	1
12786	30 Jul 25	09:10:00	1	0	53	0	Ct	0	0	3	0	3	2	3	2	1	1	2	3	1	1	1	3	5	0	2	3	2	2	3	1	0	1	0	2	0	0	0	0	4	2
12787	30 Jul 25	09:11:00	1	0	53	0	Ct	0	0	1	0	2	0	1	3	0	2	2	2	1	5	0	1	5	1	2	3	1	2	2	1	0	2	0	3	0	0	1	0	2	1
12788	30 Jul 25	09:12:00	1	0	53	0	Ct	0	0	0	1	2	0	2	2	0	2	1	3	2	5	0	2	2	0	4	7	2	2	2	2	0	2	3	3	0	0	0	0	2	1
12789	30 Jul 25	09:13:00	1	0	53	0	Ct	0	0	4	2	2	0	3	6	2	0	1	3	7	2	0	2	2	2	1	2	0	2	0	1	0	1	2	1	0	0	0	0	0	2
12790	30 Jul 25	09:14:00	1	0	53	0	Ct	0	0	1	1	1	0	2	3	3	1	3	2	2	4	2	1	3	1	1	3	0	1	3	0	0	3	2	1	0	0	1	0	5	0
12791	30 Jul 25	09:15:00	1	0	53	0	Ct	0	0	0	0	0	5	3	3	3	0	0	1	3	5	1	2	3	2	2	1	1	2	1	0	0	1	3	0	0	0	2	0	1	0
12792	30 Jul 25	09:16:00	1	0	53	0	Ct	0	0	0	0	1	2	0	3	4	0	4	3	4	2	1	3	4	0	2	2	1	0	4	2	0	2	3	0	0	0	1	0	1	0
12793	30 Jul 25	09:17:00	1	0	53	0	Ct	0	0	2	2	2	1	3	4	3	2	0	2	0	1	1	4	2	0	2	1	3	1	1	3	0	3	3	1	0	0	1	0	5	2
12794	30 Jul 25	09:18:00	1	0	53	0	Ct	0	0	2	3	1	0	1	5	4	5	0	3	4	2	2	2	3	0	2	2	3	2	0	1	0	1	5	1	0	0	3	0	4	0
12795	30 Jul 25	09:19:00	1	0	53	0	Ct	0	0	2	3	3	2	1	2	3	0	2	3	1	2	3	2	3	0	0	0	2	1	0	1	0	3	4	3	0	0	2	0	3	0
12796	30 Jul 25	09:20:00	1	0	53	0	Ct	0	0	1	1	1	1	1	0	3	1	2	4	0	2	4	1	3	0	1	0	0	2	0	1	0	3	3	0	0	0	4	0	6	1
12797	30 Jul 25	09:21:00	1	0	53	0	Ct	0	0	1	1	2	1	2	4	2	1	1	4	0	1	1	1	4	0	2	0	2	2	0	0	0	1	2	1	0	0	1	0	3	0
12798	30 Jul 25	09:22:00	1	0	53	0	Ct	0	0	3	0	2	2	0	4	1	0	1	4	2	3	1	1	3	0	4	1	1	3	1	2	0	2	1	1	0	0	2	0	4	0
12799	30 Jul 25	09:23:00	1	0	53	0	Ct	0	0	2	3	2	3	3	3	0	4	1	3	0	3	2	4	2	0	1	2	1	2	4	1	0	1	0	2	0	0	0	0	3	2
12800	30 Jul 25	09:24:00	1	0	53	0	Ct	0	0	3	3	3	2	1	3	2	4	1	3	2	0	3	1	2	0	2	1	1	1	2	2	0	1	0	2	0	0	0	0	2	2
12801	30 Jul 25	09:25:00	1	0	53	0	Ct	0	0	2	0	7	0	2	3	0	0	2	5	1	3	2	1	5	0	2	3	7	0	2	1	0	3	1	1	0	0	1	0	5	1
12802	30 Jul 25	09:26:00	1	0	53	0	Ct	0	0	5	3	0	1	0	9	3	0	2	2	1	2	1	2	3	0	2	2	2	2	3	0	0	2	0	3	0	0	0	0	4	0
12803	30 Jul 25	09:27:00	1	0	53	0	Ct	0	0	2	0	5	0	0	2	4	5	2	2	1	5	1	2	2	0	2	1	2	1	3	0	0	2	0	2	0	0	0	0	4	1
12804	30 Jul 25	09:28:00	1	0	53	0	Ct	0	0	4	1	1	0	4	2	3	2	1	4	2	3	0	2	1	0	2	2	3	1	0	0	0	2	0	1	0	0	0	0	5	2
12805	30 Jul 25	09:29:00	1	0	53	0	Ct	0	0	2	0	1	0	0	4	0	0	0	3	3	3	0	1	3	0	1	1	0	1	2	0	0	0	0	1	0	0	0	0	4	3
12806	30 Jul 25	09:30:00	1	0	53	0	Ct	0	0	2	2	2	0	1	3	1	2	1	4	0	3	2	0	3	0	0	1	0	1	3	0	0	1	2	1	0	0	0	0	4	1
12807	30 Jul 25	09:31:00	1	0	53	0	Ct	0	0	0	3	0	0	0	2	2	2	2	2	1	2	2	0	4	1	1	3	0	2	0	2	0	2	2	0	0	0	0	0	4	4
12808	30 Jul 25	09:32:00	1	0	53	0	Ct	0	0	1	0	1	2	1	1	2	0	2	4	2	3	2	0	3	1	2	2	4	6	2	2	0	2	2	1	0	0	0	0	4	2
12809	30 Jul 25	09:33:00	1	0	53	0	Ct	0	0	3	1	1	1	4	4	4	1	5	0	4	3	3	2	3	2	3	1	3	2	2	1	0	1	0	1	0	0	0	0	3	1
12810	30 Jul 25	09:34:00	1	0	53	0	Ct	0	0	2	0	2	1	3	2	4	0	1	1	2	3	0	4	3	1	3	1	4	1	0	2	0	4	0	1	0	0	0	0	0	0
12811	30 Jul 25	09:35:00	1	0	53	0	Ct	0	0	2	2	2	0	0	2	1	2	2	3	1	2	2	1	2	1	1	1	2	1	0	1	0	2	0	0	0	0	0	0	3	0
12812	30 Jul 25	09:36:00	1	0	53	0	Ct	0	0	2	1	2	1	3	4	0	3	0	3	3	3	1	4	0	3	1	0	1	1	0	1	0	2	0	1	0	0	0	0	3	4
12813	30 Jul 25	09:37:00	1	0	53	0	Ct	0	0	3	1	1	1	2	3	3	3	2	5	0	2	0	4	4	3	2	3	3	6	0	0	0	0	1	3	0	0	0	0	3	1
12814	30 Jul 25	09:38:00	1	0	53	0	Ct	0	0	2	0	2	0	3	5	2	1	2	5	2	2	0	1	1	5	3	0	1	1	0	1	0	2	1	2	0	0	0	0	3	0
12815	30 Jul 25	09:39:00	1	0	53	0	Ct	0	0	2	1	0	1	1	2	3	1	2	2	1	1	0	1	4	1	1	3	0	4	0	1	0	2	1	8	0	0	0	0	3	0
12816	30 Jul 25	09:40:00	1	0	53	0	Ct	0	0	1	3	2	2	2	2	1	1	2	3	3	3	2	1	5	3	2	1	1	1	1	0	0	2	0	1	0	0	2	0	3	0
12817	30 Jul 25	09:41:00	1	0	53	0	Ct	0	0	0	1	0	1	11	3	0	2	0	0	1	2	2	0	1	0	3	1	2	2	4	2	0	1	0	2	0	0	1	0	3	3
12818	30 Jul 25	09:42:00	1	0	53	0	Ct	0	0	2	2	0	2	20	3	3	0	1	4	3	0	2	4	3	1	6	1	2	1	1	1	0	2	2	2	0	0	5	0	4	3
12819	30 Jul 25	09:43:00	1	0	53	0	Ct	0	0	3	1	0	4	1	3	2	1	1	3	0	0	2	3	3	1	6	2	2	2	4	0	0	2	2	0	0	0	4	0	4	3
12820	30 Jul 25	09:44:00	1	0	53	0	Ct	0	0	2	3	1	5	2	1	1	2	1	2	3	2	2	3	3	1	5	2	2	1	4	0	0	2	0	2	0	0	3	0	2	1
12821	30 Jul 25	09:45:00	1	0	53	0	Ct	0	0	1	3	3	3	1	2	0	4	1	1	2	3	2	0	1	1	5	2	2	0	3	0	0	0	2	0	0	0	2	0	4	0
12822	30 Jul 25	09:46:00	1	0	53	0	Ct	0	0	0	3	2	5	3	4	0	0	2	2	1	1	2	0	3	0	5	2	1	0	2	3	0	4	1	2	0	0	1	0	4	2
12823	30 Jul 25	09:47:00	1	0	53	0	Ct	0	0	2	3	0	2	0	2	0	0	0	2	6	0	1	1	3	2	2	2	0	1	0	4	0	4	2	2	0	0	0	0	4	0
12824	30 Jul 25	09:48:00	1	0	53	0	Ct	0	0	1	1	1	2	1	4	2	1	1	3	0	0	1	2	4	1	1	1	2	2	2	1	0	1	1	2	0	0	4	0	4	1
12825	30 Jul 25	09:49:00	1	0	53	0	Ct	0	0	1	0	1	3	1	3	0	0	0	1	0	0	1	1	4	1	3	1	1	1	2	3	0	1	2	1	0	0	1	0	2	1
12826	30 Jul 25	09:50:00	1	0	53	0	Ct	0	0	0	1	0	4	0	4	0	0	0	4	1	0	1	2	0	1	3	3	3	1	4	3	0	1	4	1	0	0	0	0	4	1
12827	30 Jul 25	09:51:00	1	0	53	0	Ct	0	0	0	1	0	0	2	5	3	2	0	0	0	1	2	1	1	2	2	5	3	2	2	3	0	1	2	0	0	0	0	0	4	4
12828	30 Jul 25	09:52:00	1	0	53	0	Ct	0	0	0	0	0	0	0	1	0	0	0	3	1	4	1	1	3	3	3	1	2	1	1	3	0	2	1	0	0	0	0	0	3	1
12829	30 Jul 25	09:53:00	1	0	53	0	Ct	0	0	1	1	0	0	2	2	0	0	3	1	2	1	2	0	2	1	1	2	0	1	0	3	0	3	3	1	0	0	1	0	2	0
12830	30 Jul 25	09:54:00	1	0	53	0	Ct	0	0	3	2	0	0	1	1	0	2	4	2	2	6	0	1	3	0	2	2	1	1	0	0	0	1	4	2	0	0	1	0	6	0
12831	30 Jul 25	09:55:00	1	0	53	0	Ct	0	0	3	0	0	0	2	3	0	0	2	2	2	2	1	1	3	0	3	3	3	4	0	3	0	1	2	4	0	0	0	0	3	0
12832	30 Jul 25	09:56:00	1	0	53	0	Ct	0	0	1	4	0	0	3	0	2	1	0	0	3	3	2	0	1	1	3	2	2	2	0	2	0	1	1	2	0	0	2	0	2	2
12833	30 Jul 25	09:57:00	1	0	53	0	Ct	0	0	0	0	1	0	1	4	4	0	2	0	2	3	2	0	2	1	2	2	1	2	0	1	0	2	3	2	0	0	0	0	3	5
12834	30 Jul 25	09:58:00	1	0	53	0	Ct	0	0	1	2	3	0	1	1	2	1	0	0	0	2	1	3	0	1	2	4	2	4	0	0	0	3	0	3	0	0	0	0	1	1
12835	30 Jul 25	09:59:00	1	0	53	0	Ct	0	0	1	1	0	0	1	2	2	0	0	0	0	2	1	4	0	1	2	2	1	0	2	1	0	3	0	1	0	0	0	0	1	2
12836	30 Jul 25	10:00:00	1	0	53	0	Ct	0	0	2	0	1	0	1	0	2	0	0	0	2	0	0	1	1	1	2	2	2	1	1	3	0	1	1	1	0	0	0	0	3	2
12837	30 Jul 25	10:01:00	1	0	53	0	Ct	0	0	0	0	1	0	1	3	1	0	0	0	3	0	0	1	0	1	0	2	2	2	2	0	0	2	1	0	0	0	0	0	5	3
12838	30 Jul 25	10:02:00	1	0	53	0	Ct	0	0	0	0	7	0	0	2	6	1	0	0	1	0	1	2	0	1	0	2	2	0	0	1	0	1	2	2	0	0	0	0	2	1
12839	30 Jul 25	10:03:00	1	0	53	0	Ct	0	0	0	0	3	3	5	2	2	0	0	2	1	0	1	1	0	0	0	1	1	1	3	1	0	1	1	1	0	0	0	0	2	2
12840	30 Jul 25	10:04:00	1	0	53	0	Ct	0	0	1	0	3	1	4	3	0	0	2	0	2	0	0	1	0	2	2	2	1	2	3	2	0	1	0	4	0	0	3	0	3	0
12841	30 Jul 25	10:05:00	1	0	53	0	Ct	0	1	1	2	1	1	4	5	0	0	2	1	1	1	3	0	0	1	0	0	1	2	2	1	0	1	0	1	0	0	2	0	2	0
12842	30 Jul 25	10:06:00	1	0	53	0	Ct	0	1	4	1	2	0	1	0	0	0	0	1	2	0	0	0	0	0	0	0	3	2	1	0	0	1	0	0	0	0	0	0	0	0
12843	30 Jul 25	10:07:00	1	0	53	0	Ct	0	1	0	0	0	0	0	0	0	0	0	2	0	0	1	0	1	0	0	0	0	0	0	0	0	0	0	0	0	0	0	0	0	0
12844	30 Jul 25	10:08:00	1	0	53	0	Ct	0	1	0	0	0	0	0	0	0	0	0	5	0	1	0	0	0	0	0	0	0	1	0	0	0	0	0	0	0	0	0	0	0	2
12845	30 Jul 25	10:09:00	1	0	53	0	Ct	0	1	0	0	0	0	0	1	0	0	0	0	0	0	2	0	0	0	0	0	0	9	0	0	0	0	2	0	0	0	0	0	0	0
12846	30 Jul 25	10:10:00	1	0	53	0	Ct	0	1	0	0	0	0	1	0	0	0	0	0	0	0	1	0	0	0	0	0	0	0	0	0	0	2	0	0	0	0	0	0	0	0
12847	30 Jul 25	10:11:00	1	0	53	0	Ct	0	1	0	0	0	0	0	2	0	0	0	0	0	0	0	0	0	0	0	0	0	3	0	0	0	1	0	0	0	0	0	0	0	0
12848	30 Jul 25	10:12:00	1	0	53	0	Ct	0	1	0	0	0	0	0	2	0	0	0	0	0	0	0	0	0	0	0	0	0	0	0	0	0	2	0	0	0	0	0	0	0	0
12849	30 Jul 25	10:13:00	1	0	53	0	Ct	0	1	0	0	0	0	0	0	0	0	0	0	0	0	0	0	0	0	0	0	0	0	0	0	0	0	0	0	0	0	0	0	0	0
12850	30 Jul 25	10:14:00	1	0	53	0	Ct	0	1	0	0	0	0	0	0	0	0	0	0	0	0	0	0	0	0	0	0	0	0	0	0	0	0	0	0	0	0	0	0	0	0
12851	30 Jul 25	10:15:00	1	0	53	0	Ct	0	1	0	1	0	0	0	0	0	0	0	0	0	0	0	0	0	0	0	0	0	0	0	0	0	0	0	0	0	0	0	0	0	0
12852	30 Jul 25	10:16:00	1	0	53	0	Ct	0	1	0	0	0	0	0	0	0	0	0	0	0	0	0	0	0	0	0	0	0	1	0	0	0	0	0	0	0	0	0	0	0	0
12853	30 Jul 25	10:17:00	1	0	53	0	Ct	0	1	0	0	0	0	0	0	0	0	2	0	0	0	0	0	0	0	0	0	0	0	0	0	0	0	0	0	0	0	0	0	0	0
12854	30 Jul 25	10:18:00	1	0	53	0	Ct	0	1	0	0	0	0	0	0	0	0	0	0	0	0	1	1	0	0	0	0	0	0	0	0	0	0	0	0	0	0	0	0	0	0
12855	30 Jul 25	10:19:00	1	0	53	0	Ct	0	1	0	0	0	0	0	0	0	0	0	0	0	0	0	1	0	0	0	0	0	0	0	0	0	0	0	0	0	0	0	0	0	0
12856	30 Jul 25	10:20:00	1	0	53	0	Ct	0	1	0	0	0	0	0	0	0	0	0	0	1	0	2	1	0	0	0	0	0	0	2	0	0	0	0	0	0	0	1	0	1	0
12857	30 Jul 25	10:21:00	1	0	53	0	Ct	0	1	0	0	0	0	0	0	0	0	0	0	0	0	2	0	0	0	0	0	0	0	0	0	0	0	0	0	0	0	0	0	0	0
12858	30 Jul 25	10:22:00	1	0	53	0	Ct	0	1	0	0	0	0	0	0	0	0	0	0	0	0	3	0	1	0	0	0	0	0	1	0	0	0	0	0	0	0	0	0	0	0
12859	30 Jul 25	10:23:00	1	0	53	0	Ct	0	1	0	0	0	0	0	0	0	0	0	0	0	0	1	0	0	0	0	0	0	0	0	0	0	0	0	0	0	0	0	0	0	0
12860	30 Jul 25	10:24:00	1	0	53	0	Ct	0	1	0	0	0	0	0	0	0	0	0	4	0	0	0	1	0	0	0	0	0	0	0	0	0	0	0	0	0	0	0	0	0	0
12861	30 Jul 25	10:25:00	1	0	53	0	Ct	0	1	1	2	0	0	0	0	0	0	0	0	0	0	2	1	0	0	0	0	0	0	0	1	0	0	0	0	0	0	1	0	0	0
12862	30 Jul 25	10:26:00	1	0	53	0	Ct	0	1	0	1	0	0	0	0	0	0	0	0	0	0	0	3	0	0	0	0	1	0	0	0	0	0	0	0	0	0	0	0	0	0
12863	30 Jul 25	10:27:00	1	0	53	0	Ct	0	1	0	0	0	0	0	0	0	0	0	0	0	0	0	2	0	0	0	0	2	0	0	0	0	0	1	0	0	0	0	0	0	0
12864	30 Jul 25	10:28:00	1	0	53	0	Ct	0	1	2	0	0	0	0	0	0	0	0	0	0	0	2	0	0	0	0	0	0	0	0	0	0	0	0	0	0	0	0	0	0	0
12865	30 Jul 25	10:29:00	1	0	53	0	Ct	0	1	0	0	0	0	0	0	0	0	0	0	0	0	0	0	0	0	0	0	0	0	0	0	0	0	0	0	0	0	0	0	0	0
12866	30 Jul 25	10:30:00	1	0	53	0	Ct	0	1	0	0	0	0	0	0	0	0	0	0	4	0	0	0	0	0	0	0	1	0	0	0	0	0	0	0	0	0	0	0	0	0
12867	30 Jul 25	10:31:00	1	0	53	0	Ct	0	1	0	1	0	0	0	0	0	0	0	0	0	0	0	1	0	0	0	0	1	0	0	0	0	0	0	0	0	0	0	0	0	0
12868	30 Jul 25	10:32:00	1	0	53	0	Ct	0	1	0	0	0	2	0	0	0	0	0	0	1	0	0	2	0	0	0	0	0	0	0	0	0	0	0	0	0	0	0	0	0	0
12869	30 Jul 25	10:33:00	1	0	53	0	Ct	0	1	0	1	0	0	0	0	0	0	0	0	2	0	1	2	0	0	0	0	0	0	0	0	0	0	0	0	0	0	0	0	0	0
12870	30 Jul 25	10:34:00	1	0	53	0	Ct	0	1	0	2	0	0	0	0	0	0	0	0	0	0	0	1	0	0	0	0	0	0	0	0	0	0	0	0	0	0	0	0	0	1
12871	30 Jul 25	10:35:00	1	0	53	0	Ct	0	1	1	0	0	0	0	0	0	0	0	0	1	0	0	2	0	0	0	0	0	0	0	0	0	0	0	0	0	0	0	0	0	0
12872	30 Jul 25	10:36:00	1	0	53	0	Ct	0	1	2	2	0	0	0	0	0	0	0	0	0	0	0	0	0	0	0	0	0	0	0	0	0	0	0	0	0	0	0	0	0	1
12873	30 Jul 25	10:37:00	1	0	53	0	Ct	0	1	0	1	0	0	0	0	0	0	0	0	2	0	0	0	0	0	0	0	0	0	0	0	0	0	0	0	0	0	0	0	0	0
12874	30 Jul 25	10:38:00	1	0	53	0	Ct	0	1	0	3	0	0	0	0	0	2	0	0	0	0	0	0	0	0	0	0	0	0	0	0	0	0	0	0	0	0	0	0	0	1
12875	30 Jul 25	10:39:00	1	0	53	0	Ct	0	1	0	1	0	2	0	0	0	4	0	0	0	0	3	0	0	0	0	0	0	0	0	0	0	0	0	0	0	0	0	0	0	0
12876	30 Jul 25	10:40:00	1	0	53	0	Ct	0	1	1	0	0	1	0	0	0	0	0	0	0	0	0	0	0	0	0	0	0	0	0	0	0	0	0	0	0	0	0	0	0	1
12877	30 Jul 25	10:41:00	1	0	53	0	Ct	0	1	0	1	0	1	0	0	0	0	0	0	0	0	0	0	0	0	0	0	0	0	0	0	0	0	0	0	0	0	0	0	0	1
12878	30 Jul 25	10:42:00	1	0	53	0	Ct	0	1	1	0	0	0	0	0	0	0	0	0	0	0	2	0	0	0	0	0	0	0	0	0	0	0	0	0	0	0	0	0	0	1
12879	30 Jul 25	10:43:00	1	0	53	0	Ct	0	1	0	0	0	1	0	0	0	0	0	0	0	0	0	2	0	0	0	0	0	0	0	0	0	0	0	0	0	0	0	0	0	1
12880	30 Jul 25	10:44:00	1	0	53	0	Ct	0	1	0	1	0	2	0	0	0	0	0	0	0	0	0	0	0	0	0	0	0	0	0	0	0	0	0	0	0	0	0	0	0	2
12881	30 Jul 25	10:45:00	1	0	53	0	Ct	0	1	0	2	0	1	0	0	0	0	0	0	0	0	0	0	0	0	0	0	0	0	0	0	0	0	0	0	0	0	0	0	0	1
12882	30 Jul 25	10:46:00	1	0	53	0	Ct	0	1	0	1	0	0	0	0	0	1	0	0	0	0	0	1	0	0	0	0	0	0	0	0	0	0	0	0	0	0	0	0	0	1
12883	30 Jul 25	10:47:00	1	0	53	0	Ct	0	1	0	4	0	0	0	0	0	0	0	0	0	0	0	2	0	0	0	0	0	0	0	0	0	0	0	0	0	0	0	0	0	2
12884	30 Jul 25	10:48:00	1	0	53	0	Ct	0	1	0	1	0	1	0	0	0	0	0	0	1	0	0	2	0	0	0	0	0	0	0	0	0	0	0	0	0	0	0	0	0	1
12885	30 Jul 25	10:49:00	1	0	53	0	Ct	0	1	0	1	0	0	0	0	0	0	0	2	1	0	0	1	0	0	0	0	0	0	0	0	0	0	0	0	0	0	0	0	0	0
12886	30 Jul 25	10:50:00	1	0	53	0	Ct	0	1	0	2	0	1	0	0	0	0	0	0	0	0	0	0	0	0	0	0	0	0	0	0	0	0	0	0	0	0	0	0	0	0
12887	30 Jul 25	10:51:00	1	0	53	0	Ct	0	1	0	1	0	0	0	0	0	0	0	0	2	0	2	1	0	0	0	0	0	0	0	0	0	0	0	0	0	0	0	0	0	0
12888	30 Jul 25	10:52:00	1	0	53	0	Ct	0	1	0	0	0	0	0	0	0	0	0	0	2	0	2	2	0	0	0	0	0	0	0	0	0	0	0	0	0	0	0	0	0	0
12889	30 Jul 25	10:53:00	1	0	53	0	Ct	0	1	0	0	0	1	0	0	0	0	0	0	2	0	1	2	0	0	0	0	0	0	0	0	0	0	0	0	0	0	0	0	0	0
12890	30 Jul 25	10:54:00	1	0	53	0	Ct	0	1	0	1	0	1	0	0	0	0	0	1	0	0	0	0	0	0	0	0	0	0	0	0	0	0	0	0	0	0	0	0	0	2
12891	30 Jul 25	10:55:00	1	0	53	0	Ct	0	1	0	1	0	0	0	0	0	0	0	0	2	0	0	0	0	0	0	0	0	0	0	0	0	0	0	0	0	0	0	0	0	0
12892	30 Jul 25	10:56:00	1	0	53	0	Ct	0	1	0	2	0	1	0	0	0	0	1	0	0	0	0	0	0	0	0	0	0	0	0	0	0	0	0	0	0	0	0	0	0	0
12893	30 Jul 25	10:57:00	1	0	53	0	Ct	0	1	0	2	0	1	0	0	0	0	0	0	0	0	0	5	0	0	0	0	0	0	0	0	0	0	0	0	0	0	0	0	0	0
12894	30 Jul 25	10:58:00	1	0	53	0	Ct	0	1	0	0	0	2	0	0	0	0	0	0	2	0	0	2	0	0	0	0	0	0	0	0	0	0	0	0	0	0	0	0	0	0
12895	30 Jul 25	10:59:00	1	0	53	0	Ct	0	1	0	0	0	0	0	0	0	0	0	0	0	0	0	1	0	0	0	0	0	0	0	0	0	0	0	0	0	0	0	0	0	1
12896	30 Jul 25	11:00:00	1	0	53	0	Ct	0	1	0	1	0	0	0	0	0	0	0	0	2	0	0	3	0	0	0	0	0	0	0	0	0	0	0	0	0	0	0	0	0	0
12897	30 Jul 25	11:01:00	1	0	53	0	Ct	0	1	0	1	0	0	0	0	0	0	0	2	0	0	0	3	0	0	0	0	0	0	0	0	0	0	0	0	0	0	0	0	0	0
12898	30 Jul 25	11:02:00	1	0	53	0	Ct	0	1	0	1	0	0	0	0	0	0	0	0	0	0	0	0	0	0	0	0	0	0	0	0	0	0	0	0	0	0	0	0	2	0
12899	30 Jul 25	11:03:00	1	0	53	0	Ct	0	1	0	2	0	0	0	0	0	0	0	0	2	0	0	1	0	0	0	0	0	0	0	0	0	0	0	0	0	0	0	0	0	0
12900	30 Jul 25	11:04:00	1	0	53	0	Ct	0	1	0	2	0	1	0	0	0	1	0	0	1	0	0	0	0	0	0	0	0	0	0	0	0	0	0	0	0	0	0	0	0	1
12901	30 Jul 25	11:05:00	1	0	53	0	Ct	0	1	0	1	0	0	0	0	0	1	1	0	1	0	0	0	0	0	0	0	0	0	0	0	0	0	0	0	0	0	0	0	0	0
12902	30 Jul 25	11:06:00	1	0	53	0	Ct	0	1	0	1	0	1	0	0	0	0	1	0	1	0	0	0	0	0	0	0	0	0	0	0	0	0	0	0	0	0	0	0	0	0
12903	30 Jul 25	11:07:00	1	0	53	0	Ct	0	1	0	2	0	1	0	0	0	0	0	0	0	0	2	1	0	0	0	0	0	0	0	0	0	0	0	0	0	0	0	0	0	0
12904	30 Jul 25	11:08:00	1	0	53	0	Ct	0	1	0	1	0	2	0	0	0	0	0	0	3	0	0	2	0	0	0	0	0	0	0	0	0	0	0	0	0	0	0	0	0	0
12905	30 Jul 25	11:09:00	1	0	53	0	Ct	0	1	0	2	0	1	0	0	0	0	0	0	1	0	0	0	0	0	0	0	0	0	0	0	0	0	0	0	0	0	0	0	0	0
12906	30 Jul 25	11:10:00	1	0	53	0	Ct	0	1	0	0	0	1	0	0	0	0	1	3	2	0	2	1	0	1	0	0	0	0	0	0	0	0	0	0	0	0	0	0	0	0
12907	30 Jul 25	11:11:00	1	0	53	0	Ct	0	1	0	0	0	2	0	0	0	0	0	0	1	0	0	1	0	0	0	0	0	0	0	0	0	0	0	0	0	0	0	0	0	0
12908	30 Jul 25	11:12:00	1	0	53	0	Ct	0	1	0	2	0	2	0	0	0	0	0	0	0	0	0	2	0	0	0	0	0	0	0	0	0	0	0	0	0	0	0	0	0	0
12909	30 Jul 25	11:13:00	1	0	53	0	Ct	0	1	0	0	0	0	0	0	0	0	0	0	2	0	0	1	2	0	0	0	0	0	0	0	0	0	0	0	0	0	0	0	0	2
12910	30 Jul 25	11:14:00	1	0	53	0	Ct	0	1	0	0	0	1	0	0	0	0	0	1	0	0	0	0	0	0	0	0	0	0	0	0	0	0	0	0	0	0	0	0	0	0
12911	30 Jul 25	11:15:00	1	0	53	0	Ct	0	1	0	3	0	2	0	0	0	0	2	0	3	0	0	1	0	0	0	0	0	0	0	0	0	0	0	0	0	0	0	0	0	0
12912	30 Jul 25	11:16:00	1	0	53	0	Ct	0	1	0	0	0	0	0	0	0	0	0	0	1	0	1	0	0	0	0	0	0	0	0	0	0	0	0	0	0	0	0	0	0	0
12913	30 Jul 25	11:17:00	1	0	53	0	Ct	0	1	0	1	0	2	0	0	0	0	0	0	1	0	0	1	0	0	0	0	0	0	0	0	0	0	0	0	0	0	0	0	0	1
12914	30 Jul 25	11:18:00	1	0	53	0	Ct	0	1	0	1	0	1	0	0	0	0	0	0	2	0	0	2	0	0	0	0	0	1	0	0	0	0	0	0	0	0	0	0	0	0
12915	30 Jul 25	11:19:00	1	0	53	0	Ct	0	1	0	1	0	0	0	0	0	0	0	0	2	0	0	3	0	0	0	0	0	0	0	0	0	0	0	0	0	0	0	0	0	0
12916	30 Jul 25	11:20:00	1	0	53	0	Ct	0	1	0	1	0	0	0	0	0	0	0	0	1	0	0	1	0	0	0	0	0	0	0	0	0	0	0	0	0	0	0	0	0	0
12917	30 Jul 25	11:21:00	1	0	53	0	Ct	0	1	0	1	0	2	0	0	0	0	0	0	2	0	0	0	0	0	0	0	0	0	0	0	0	0	0	0	0	0	0	0	0	0
12918	30 Jul 25	11:22:00	1	0	53	0	Ct	0	1	0	1	0	1	0	0	0	0	0	0	2	0	0	1	0	0	0	0	0	0	0	0	0	0	0	0	0	0	0	0	0	0
12919	30 Jul 25	11:23:00	1	0	53	0	Ct	0	1	0	0	0	0	0	0	0	0	0	0	0	0	0	1	0	0	0	0	0	0	0	0	0	0	0	0	0	0	0	0	0	1
12920	30 Jul 25	11:24:00	1	0	53	0	Ct	0	1	0	1	0	0	0	0	0	0	0	0	1	0	0	0	0	0	0	0	0	0	0	0	0	0	0	0	0	0	0	0	0	0
12921	30 Jul 25	11:25:00	1	0	53	0	Ct	0	1	0	1	0	1	0	0	0	0	0	0	0	0	0	1	0	0	0	0	0	0	0	0	0	0	0	0	0	0	0	0	0	0
12922	30 Jul 25	11:26:00	1	0	53	0	Ct	0	1	0	0	0	1	0	0	0	0	0	0	0	0	0	1	0	0	0	0	0	0	0	0	0	0	0	0	0	0	0	0	0	0
12923	30 Jul 25	11:27:00	1	0	53	0	Ct	0	1	0	1	0	3	0	0	0	0	0	0	1	0	0	1	0	0	0	0	0	0	0	0	0	0	0	0	0	0	0	0	0	0
12924	30 Jul 25	11:28:00	1	0	53	0	Ct	0	1	0	1	0	0	0	0	0	0	0	0	1	0	0	0	0	0	0	0	0	0	0	0	0	0	0	0	0	0	0	0	0	0
12925	30 Jul 25	11:29:00	1	0	53	0	Ct	0	1	0	1	0	0	0	0	0	0	0	2	0	0	1	0	0	0	0	0	0	0	0	0	0	0	0	0	0	0	0	0	0	0
12926	30 Jul 25	11:30:00	1	0	53	0	Ct	0	1	1	1	0	0	0	0	0	0	2	0	1	0	0	0	0	0	0	0	0	0	0	0	0	0	0	0	0	0	0	0	0	0
12927	30 Jul 25	11:31:00	1	0	53	0	Ct	0	1	0	1	0	1	2	0	0	0	0	0	1	0	2	0	0	0	0	0	0	0	0	0	0	0	0	0	0	0	0	0	0	0
12928	30 Jul 25	11:32:00	1	0	53	0	Ct	0	1	2	0	0	1	0	0	0	0	0	0	1	0	0	0	0	0	0	0	0	0	0	0	0	0	0	0	0	0	0	0	0	0
12929	30 Jul 25	11:33:00	1	0	53	0	Ct	0	1	0	1	0	1	0	0	0	0	0	0	2	0	1	1	0	0	0	0	0	0	0	0	0	0	0	0	0	0	0	0	0	0
12930	30 Jul 25	11:34:00	1	0	53	0	Ct	0	1	0	1	0	0	0	0	0	0	0	0	1	0	3	0	0	0	0	0	0	0	0	0	0	0	0	0	0	0	0	0	0	0
12931	30 Jul 25	11:35:00	1	0	53	0	Ct	0	1	0	0	0	0	0	0	0	0	0	0	0	0	0	1	0	0	0	0	0	0	0	0	0	0	0	0	0	0	0	0	0	0
12932	30 Jul 25	11:36:00	1	0	53	0	Ct	0	1	0	1	0	0	0	0	0	0	0	0	1	0	0	0	0	0	0	0	0	0	0	0	0	0	0	0	0	0	0	0	0	0
12933	30 Jul 25	11:37:00	1	0	53	0	Ct	0	1	0	0	0	0	0	0	0	0	0	0	1	0	0	2	0	0	0	0	0	0	0	0	0	0	0	0	0	0	0	0	0	0
12934	30 Jul 25	11:38:00	1	0	53	0	Ct	0	1	0	2	0	1	0	0	0	0	0	1	0	0	0	0	0	0	0	0	0	0	0	0	0	0	0	0	0	0	0	0	0	0
12935	30 Jul 25	11:39:00	1	0	53	0	Ct	0	1	0	0	0	0	0	0	0	0	0	0	1	0	1	0	0	0	0	0	0	0	0	0	0	0	0	0	0	0	0	0	0	0
12936	30 Jul 25	11:40:00	1	0	53	0	Ct	0	1	0	1	0	0	0	0	0	0	0	0	0	0	0	1	0	0	0	0	0	0	0	0	0	0	0	0	0	0	0	0	0	0
12937	30 Jul 25	11:41:00	1	0	53	0	Ct	0	1	0	1	0	2	0	0	0	0	0	0	1	0	0	0	0	0	0	0	0	0	0	0	0	0	0	0	0	0	0	0	0	0
12938	30 Jul 25	11:42:00	1	0	53	0	Ct	0	1	0	0	0	0	0	0	0	0	0	0	0	0	0	3	0	0	0	0	0	0	0	0	0	0	0	0	0	0	0	0	0	0
12939	30 Jul 25	11:43:00	1	0	53	0	Ct	0	1	0	2	0	1	0	0	0	0	0	0	2	0	0	0	0	0	0	0	0	0	0	0	0	0	0	0	0	0	0	0	0	0
12940	30 Jul 25	11:44:00	1	0	53	0	Ct	0	1	0	0	0	0	0	0	0	0	0	2	0	0	0	0	0	0	0	0	0	0	0	0	0	0	0	0	0	0	0	0	0	0
12941	30 Jul 25	11:45:00	1	0	53	0	Ct	0	1	0	0	0	0	0	0	0	0	0	0	0	0	0	0	0	0	0	0	0	0	0	0	0	0	0	0	0	0	0	0	0	0
12942	30 Jul 25	11:46:00	1	0	53	0	Ct	0	1	0	0	0	1	0	0	0	0	0	0	0	0	0	3	0	0	0	0	0	0	0	0	0	0	0	0	0	0	0	0	0	0
12943	30 Jul 25	11:47:00	1	0	53	0	Ct	0	1	0	1	0	0	0	0	0	0	0	0	0	0	0	0	0	0	0	0	0	0	0	0	0	0	0	0	0	0	0	0	0	0
12944	30 Jul 25	11:48:00	1	0	53	0	Ct	0	1	0	1	0	0	0	0	0	0	0	0	0	0	0	0	0	0	0	0	0	0	0	0	0	0	0	0	0	0	0	0	0	2
12945	30 Jul 25	11:49:00	1	0	53	0	Ct	0	1	0	0	0	1	0	0	0	0	0	0	1	0	1	2	0	0	0	0	0	0	0	0	0	0	0	0	0	0	0	0	0	0
12946	30 Jul 25	11:50:00	1	0	53	0	Ct	0	1	0	4	0	2	0	0	0	0	0	0	1	0	0	0	0	0	0	0	0	0	0	0	0	0	0	0	0	0	0	0	0	1
12947	30 Jul 25	11:51:00	1	0	53	0	Ct	0	1	0	0	0	0	0	0	0	0	0	0	3	0	0	1	0	0	0	0	0	0	0	0	0	0	0	0	0	0	0	0	0	1
12948	30 Jul 25	11:52:00	1	0	53	0	Ct	0	1	0	2	0	2	0	0	0	0	0	0	1	0	0	0	0	0	0	0	0	0	0	0	0	0	0	0	0	0	0	0	0	0
12949	30 Jul 25	11:53:00	1	0	53	0	Ct	0	1	0	0	0	2	0	0	0	0	0	0	3	0	0	0	0	0	0	0	0	0	0	0	0	0	0	0	0	0	0	0	0	1
12950	30 Jul 25	11:54:00	1	0	53	0	Ct	0	1	0	1	0	1	0	0	0	0	0	0	1	0	0	1	0	3	0	0	0	0	0	0	0	0	0	0	0	0	0	0	0	1
12951	30 Jul 25	11:55:00	1	0	53	0	Ct	0	1	0	1	0	2	0	0	0	0	0	0	0	0	0	1	0	0	0	0	0	0	0	0	0	0	0	0	0	0	0	0	0	0
12952	30 Jul 25	11:56:00	1	0	53	0	Ct	0	1	0	0	0	0	0	0	0	0	0	0	0	0	0	1	0	0	0	0	0	0	0	0	0	0	0	0	0	0	0	0	0	0
12953	30 Jul 25	11:57:00	1	0	53	0	Ct	0	1	0	0	0	0	0	0	0	0	4	2	0	0	0	0	0	0	0	0	0	0	0	0	0	0	0	0	0	0	0	0	0	0
12954	30 Jul 25	11:58:00	1	0	53	0	Ct	0	1	0	2	0	0	0	0	0	0	0	0	2	0	0	0	0	1	0	0	0	0	0	0	0	0	0	0	0	0	0	0	0	1
12955	30 Jul 25	11:59:00	1	0	53	0	Ct	0	1	0	1	0	0	0	0	0	0	0	0	0	0	0	0	0	0	0	0	0	0	0	0	0	0	0	0	0	0	0	0	0	1
12956	30 Jul 25	12:00:00	1	0	53	0	Ct	0	1	0	1	0	0	0	0	0	0	0	0	0	0	0	1	0	0	0	0	0	0	0	0	0	0	0	0	0	0	0	0	0	1
12957	30 Jul 25	12:01:00	1	0	53	0	Ct	0	1	0	1	0	0	0	0	0	0	0	0	0	0	0	0	0	0	0	0	0	0	0	0	0	0	0	0	0	0	0	0	0	0
12958	30 Jul 25	12:02:00	1	0	53	0	Ct	0	1	0	2	0	0	0	0	0	0	0	0	0	0	0	0	0	0	0	0	0	0	0	0	0	0	0	0	0	0	0	0	0	1
12959	30 Jul 25	12:03:00	1	0	53	0	Ct	0	1	0	1	0	0	0	0	0	0	0	0	1	0	1	0	0	0	0	0	0	0	0	0	0	0	0	0	0	0	0	0	0	0
12960	30 Jul 25	12:04:00	1	0	53	0	Ct	0	1	0	1	0	0	0	0	0	0	0	0	1	0	0	1	0	0	0	0	0	0	0	0	0	0	0	0	0	0	0	0	0	0
12961	30 Jul 25	12:05:00	1	0	53	0	Ct	0	1	0	2	0	0	0	0	0	0	0	0	0	0	0	1	0	0	0	0	0	0	0	0	0	0	0	0	0	0	0	0	0	0
12962	30 Jul 25	12:06:00	1	0	53	0	Ct	0	1	0	1	0	0	0	0	0	0	0	0	0	0	0	1	0	0	0	0	0	0	0	0	0	0	0	0	0	0	0	0	0	0
12963	30 Jul 25	12:07:00	1	0	53	0	Ct	0	1	0	1	0	0	0	0	0	0	0	7	1	0	0	0	0	0	0	0	0	0	0	0	0	0	0	0	0	0	0	0	0	1
12964	30 Jul 25	12:08:00	1	0	53	0	Ct	0	1	0	1	0	0	0	0	0	0	0	0	0	0	0	0	0	0	0	0	0	0	0	0	0	0	0	0	0	0	0	0	0	0
12965	30 Jul 25	12:09:00	1	0	53	0	Ct	0	1	0	1	0	0	0	0	0	0	0	0	0	0	0	0	0	0	0	0	0	0	0	0	0	0	0	0	0	0	0	0	0	0
12966	30 Jul 25	12:10:00	1	0	53	0	Ct	0	1	0	0	0	0	0	0	0	0	0	0	0	0	0	1	0	2	0	0	0	0	0	0	0	0	0	0	0	0	0	0	0	0
12967	30 Jul 25	12:11:00	1	0	53	0	Ct	0	1	0	0	0	0	0	0	0	0	0	0	1	0	0	0	2	0	0	0	0	0	0	0	0	0	0	0	0	0	0	0	0	1
12968	30 Jul 25	12:12:00	1	0	53	0	Ct	0	1	0	1	0	0	0	0	0	0	0	0	2	0	0	0	0	2	0	0	0	0	0	0	0	0	0	0	0	0	0	0	0	1
12969	30 Jul 25	12:13:00	1	0	53	0	Ct	0	1	0	0	0	0	0	0	0	0	0	2	2	0	0	1	0	2	0	0	0	0	0	0	0	0	0	0	0	0	0	0	0	0
12970	30 Jul 25	12:14:00	1	0	53	0	Ct	0	1	0	1	0	0	0	0	0	0	0	0	1	0	2	1	0	1	0	0	0	0	0	0	0	0	0	0	0	0	0	0	0	0
12971	30 Jul 25	12:15:00	1	0	53	0	Ct	0	1	0	0	0	0	0	0	0	0	0	0	1	0	0	1	0	0	0	0	0	0	0	0	0	0	0	0	0	0	0	0	0	2
12972	30 Jul 25	12:16:00	1	0	53	0	Ct	0	1	2	1	0	0	0	0	0	0	0	0	0	0	0	2	0	0	0	0	0	0	0	0	0	0	0	0	0	0	0	0	0	0
12973	30 Jul 25	12:17:00	1	0	53	0	Ct	0	1	0	0	0	0	0	0	0	0	0	0	0	0	0	0	0	0	0	0	0	0	0	0	0	0	0	0	0	0	0	0	0	0
12974	30 Jul 25	12:18:00	1	0	53	0	Ct	0	1	0	0	0	0	0	0	0	0	0	0	0	0	0	0	0	0	0	0	0	0	0	0	0	0	0	0	0	0	0	0	0	0
12975	30 Jul 25	12:19:00	1	0	53	0	Ct	0	1	0	2	0	0	0	0	0	0	3	0	0	0	0	0	0	1	0	0	0	0	0	0	0	0	0	0	0	0	0	0	0	0
12976	30 Jul 25	12:20:00	1	0	53	0	Ct	0	1	0	0	0	0	0	0	0	0	0	0	0	0	0	0	0	0	0	0	0	0	0	0	0	0	0	0	0	0	0	0	0	0
12977	30 Jul 25	12:21:00	1	0	53	0	Ct	0	1	0	1	0	0	0	0	0	0	0	0	1	0	0	0	0	0	0	0	0	0	0	0	0	0	0	0	0	0	0	0	0	2
12978	30 Jul 25	12:22:00	1	0	53	0	Ct	0	1	0	1	0	2	0	0	0	0	0	0	0	2	0	1	0	0	0	0	0	0	0	0	0	0	0	0	0	0	0	0	0	0
12979	30 Jul 25	12:23:00	1	0	53	0	Ct	0	1	0	2	0	0	0	0	0	0	0	0	1	0	1	0	0	0	0	0	0	0	0	0	0	0	0	0	0	0	0	0	0	0
12980	30 Jul 25	12:24:00	1	0	53	0	Ct	0	1	0	0	0	1	0	0	0	0	1	0	0	0	0	1	0	0	0	0	0	0	0	0	0	0	0	0	0	0	0	0	0	1
12981	30 Jul 25	12:25:00	1	0	53	0	Ct	0	1	0	2	0	0	0	0	0	0	2	0	1	0	0	0	0	0	0	0	0	0	0	0	0	0	0	0	0	0	0	0	0	1
12982	30 Jul 25	12:26:00	1	0	53	0	Ct	0	1	0	0	0	0	0	0	0	0	0	0	0	0	1	0	0	0	0	0	0	0	0	0	0	0	0	0	0	0	0	0	0	0
12983	30 Jul 25	12:27:00	1	0	53	0	Ct	0	1	0	1	0	0	0	0	0	0	0	0	2	0	0	0	0	0	0	0	0	0	0	0	0	0	0	0	0	0	0	0	0	0
12984	30 Jul 25	12:28:00	1	0	53	0	Ct	0	1	0	1	0	0	0	0	0	0	0	0	1	0	0	0	0	0	0	0	0	0	0	0	0	0	0	0	0	0	0	0	0	0
12985	30 Jul 25	12:29:00	1	0	53	0	Ct	0	1	0	0	0	0	0	0	0	0	0	0	1	0	0	0	0	0	0	0	0	0	0	0	0	0	0	0	0	0	0	0	0	0
12986	30 Jul 25	12:30:00	1	0	53	0	Ct	0	1	2	1	0	2	0	1	0	0	0	0	0	0	0	1	0	0	0	0	0	0	0	1	0	0	0	0	0	0	0	0	0	1
12987	30 Jul 25	12:31:00	1	0	53	0	Ct	0	1	0	4	0	1	0	0	0	0	0	0	0	0	0	1	0	0	0	0	0	0	0	0	0	0	0	0	0	0	0	0	0	1
12988	30 Jul 25	12:32:00	1	0	53	0	Ct	0	1	0	0	0	0	0	0	0	0	0	0	1	0	0	0	3	0	0	0	0	0	0	0	0	0	0	0	0	0	0	0	0	1
12989	30 Jul 25	12:33:00	1	0	53	0	Ct	0	1	0	0	0	0	0	0	0	0	1	0	0	0	0	2	0	0	0	0	0	0	0	0	0	0	0	0	0	0	0	0	0	1
12990	30 Jul 25	12:34:00	1	0	53	0	Ct	0	1	0	1	0	0	0	0	0	0	0	0	3	0	0	0	0	0	0	0	0	0	0	0	0	0	0	0	0	0	0	0	0	0
12991	30 Jul 25	12:35:00	1	0	53	0	Ct	0	1	1	0	0	1	0	0	0	0	0	0	0	0	0	0	0	0	0	0	0	0	0	0	0	0	0	0	0	0	0	0	0	1
12992	30 Jul 25	12:36:00	1	0	53	0	Ct	0	1	0	1	0	0	0	0	0	0	0	0	1	0	1	0	0	1	0	0	0	0	0	0	0	0	0	0	0	0	0	0	0	1
12993	30 Jul 25	12:37:00	1	0	53	0	Ct	0	1	0	1	0	1	0	0	0	0	0	0	0	0	0	0	0	0	0	0	0	0	0	0	0	0	0	0	0	0	0	0	0	0
12994	30 Jul 25	12:38:00	1	0	53	0	Ct	0	1	0	3	0	0	0	0	0	0	0	0	1	0	0	3	0	0	0	0	0	0	0	0	0	0	0	0	0	0	0	0	0	0
12995	30 Jul 25	12:39:00	1	0	53	0	Ct	0	1	0	0	0	0	0	0	0	0	0	0	2	0	0	0	0	0	0	0	0	0	0	0	0	0	0	0	0	0	0	0	0	0
12996	30 Jul 25	12:40:00	1	0	53	0	Ct	0	1	0	0	0	0	0	0	0	0	0	0	1	0	0	0	0	1	0	0	0	0	0	0	0	0	0	0	0	0	0	0	0	0
12997	30 Jul 25	12:41:00	1	0	53	0	Ct	0	1	0	1	0	0	0	0	0	0	0	0	0	0	0	0	0	0	0	0	0	0	0	0	0	0	0	0	0	0	0	0	0	0
12998	30 Jul 25	12:42:00	1	0	53	0	Ct	0	1	0	0	0	2	0	0	0	0	0	0	1	0	0	0	0	0	0	0	0	0	0	0	0	0	0	0	0	0	0	0	0	0
12999	30 Jul 25	12:43:00	1	0	53	0	Ct	0	1	0	1	0	0	1	0	0	0	0	0	0	0	0	0	0	0	0	0	0	0	0	0	0	0	0	0	0	0	0	0	0	0
13000	30 Jul 25	12:44:00	1	0	53	0	Ct	0	1	0	1	0	0	0	0	0	0	0	0	0	0	0	0	0	0	0	0	0	0	0	0	0	0	0	0	0	0	0	0	0	0
13001	30 Jul 25	12:45:00	1	0	53	0	Ct	0	1	0	1	0	0	0	0	0	0	0	0	1	0	0	0	0	0	0	0	0	0	0	0	0	0	0	0	0	0	0	0	0	0
13002	30 Jul 25	12:46:00	1	0	53	0	Ct	0	1	0	0	0	1	0	0	0	0	0	0	0	0	0	1	0	0	0	0	0	0	0	0	0	0	0	0	0	0	0	0	0	1
13003	30 Jul 25	12:47:00	1	0	53	0	Ct	0	1	0	0	0	0	0	0	0	0	0	0	0	0	0	0	1	0	0	0	0	0	0	0	0	0	0	0	0	0	0	0	0	0
13004	30 Jul 25	12:48:00	1	0	53	0	Ct	0	1	0	0	0	0	0	0	0	0	0	0	0	0	0	0	0	0	0	0	0	0	0	0	0	0	0	0	0	0	0	0	0	0
13005	30 Jul 25	12:49:00	1	0	53	0	Ct	0	1	0	0	0	0	0	0	0	0	0	0	0	0	0	0	0	0	0	0	0	0	0	0	0	0	0	0	0	0	0	0	0	0
13006	30 Jul 25	12:50:00	1	0	53	0	Ct	0	1	0	0	0	1	0	0	0	0	0	0	0	0	0	1	0	0	0	0	0	0	0	0	0	0	0	0	0	0	0	0	0	0
13007	30 Jul 25	12:51:00	1	0	53	0	Ct	0	1	0	1	0	0	0	0	0	0	0	0	0	0	0	0	0	0	0	0	0	0	0	0	0	0	0	0	0	0	0	0	0	0
13008	30 Jul 25	12:52:00	1	0	53	0	Ct	0	1	0	1	0	0	0	0	0	0	2	0	0	0	0	1	2	0	0	0	0	0	0	0	0	0	0	0	0	0	0	0	0	0
13009	30 Jul 25	12:53:00	1	0	53	0	Ct	0	1	0	0	0	0	0	0	0	0	0	0	1	0	0	0	0	0	0	0	0	0	0	0	0	0	0	0	0	0	0	0	0	2
13010	30 Jul 25	12:54:00	1	0	53	0	Ct	0	1	0	0	0	0	0	0	0	0	0	0	0	0	0	0	0	0	0	0	0	0	0	0	0	0	0	0	0	0	0	0	0	0
13011	30 Jul 25	12:55:00	1	0	53	0	Ct	0	1	0	0	0	0	0	0	0	0	0	0	1	0	0	0	0	1	0	0	0	0	0	0	0	0	0	0	0	0	0	0	0	0
13012	30 Jul 25	12:56:00	1	0	53	0	Ct	0	1	1	0	0	0	0	0	0	0	0	0	0	0	0	0	0	0	0	0	0	0	0	0	0	0	0	0	0	0	0	0	0	1
13013	30 Jul 25	12:57:00	1	0	53	0	Ct	0	1	0	1	0	0	0	0	0	0	0	0	0	0	3	1	0	0	0	0	0	0	0	0	0	0	0	0	0	0	0	0	0	0
13014	30 Jul 25	12:58:00	1	0	53	0	Ct	0	1	0	1	0	0	0	0	0	0	0	0	0	0	1	0	0	0	0	0	0	0	0	0	0	0	0	0	0	0	0	0	0	1
13015	30 Jul 25	12:59:00	1	0	53	0	Ct	0	1	0	0	0	0	0	0	0	0	0	0	0	0	3	0	0	0	0	0	0	0	0	0	0	0	0	0	0	0	0	0	0	0
13016	30 Jul 25	13:00:00	1	0	53	0	Ct	0	1	0	0	0	0	0	0	0	0	0	0	0	0	0	1	0	0	0	0	0	0	0	0	0	0	0	0	0	0	0	0	0	0
13017	30 Jul 25	13:01:00	1	0	53	0	Ct	0	1	0	1	0	0	0	0	0	0	0	0	3	0	2	0	0	0	0	0	0	0	0	0	0	0	0	0	0	0	0	0	0	0
13018	30 Jul 25	13:02:00	1	0	53	0	Ct	0	1	0	1	0	0	0	0	0	0	0	5	1	0	0	0	0	0	0	0	0	0	0	0	0	0	0	0	0	0	0	0	0	0
13019	30 Jul 25	13:03:00	1	0	53	0	Ct	0	1	0	0	0	0	0	0	0	0	0	2	1	0	0	1	0	0	0	0	0	0	0	0	0	1	0	0	0	0	0	0	0	0
13020	30 Jul 25	13:04:00	1	0	53	0	Ct	0	1	0	0	0	0	0	0	0	0	0	1	0	0	0	0	0	0	0	0	0	0	0	0	0	1	0	0	0	0	0	0	0	0
13021	30 Jul 25	13:05:00	1	0	53	0	Ct	0	1	0	1	0	1	0	0	0	0	0	0	1	0	5	1	0	0	0	0	0	0	0	0	0	0	0	0	0	0	0	0	0	0
13022	30 Jul 25	13:06:00	1	0	53	0	Ct	0	1	0	1	0	0	1	0	0	0	0	2	1	0	4	0	0	0	0	0	0	0	0	0	0	0	0	0	0	0	0	0	0	3
13023	30 Jul 25	13:07:00	1	0	53	0	Ct	0	1	0	1	0	0	0	0	0	0	0	0	0	0	0	2	0	1	0	0	0	0	0	0	0	0	0	0	0	0	0	0	0	0
13024	30 Jul 25	13:08:00	1	0	53	0	Ct	0	1	0	0	0	0	0	0	0	0	0	1	0	0	0	2	0	0	0	0	0	0	0	0	0	0	0	0	0	0	0	0	0	1
13025	30 Jul 25	13:09:00	1	0	53	0	Ct	0	1	0	0	0	1	0	0	0	0	2	0	0	0	1	0	0	0	0	0	0	0	0	0	0	0	0	0	0	0	0	0	0	0
13026	30 Jul 25	13:10:00	1	0	53	0	Ct	0	1	0	0	0	0	0	0	0	0	0	0	0	0	0	0	0	2	0	0	0	0	0	0	0	0	0	0	0	0	0	0	0	1
13027	30 Jul 25	13:11:00	1	0	53	0	Ct	0	1	0	0	0	0	0	0	0	0	0	1	0	0	0	0	0	0	0	0	0	0	0	0	0	0	0	0	0	0	0	0	0	0
13028	30 Jul 25	13:12:00	1	0	53	0	Ct	0	1	0	0	0	0	0	0	0	0	0	0	0	0	0	2	0	0	0	0	0	0	0	0	0	0	0	0	0	0	0	0	0	0
13029	30 Jul 25	13:13:00	1	0	53	0	Ct	0	1	0	2	0	0	0	0	0	0	0	0	1	0	0	0	0	0	0	0	0	0	0	0	0	0	0	0	0	0	0	0	0	1
13030	30 Jul 25	13:14:00	1	0	53	0	Ct	0	1	0	1	0	0	0	0	0	0	0	0	1	0	2	0	0	0	0	0	0	0	0	0	0	0	0	0	0	0	0	0	0	0
13031	30 Jul 25	13:15:00	1	0	53	0	Ct	0	1	0	0	0	3	0	0	0	0	0	0	2	0	0	0	0	0	0	0	0	0	0	0	0	0	0	0	0	0	0	0	0	1
13032	30 Jul 25	13:16:00	1	0	53	0	Ct	0	1	0	1	0	0	0	0	0	0	0	0	0	0	0	0	0	0	0	0	0	0	0	0	0	0	0	0	0	0	0	0	0	0
13033	30 Jul 25	13:17:00	1	0	53	0	Ct	0	1	0	0	0	0	0	0	0	0	0	0	0	0	0	0	0	0	0	0	0	0	0	0	0	0	0	0	0	0	0	0	0	0
13034	30 Jul 25	13:18:00	1	0	53	0	Ct	0	1	0	0	0	0	0	0	0	0	0	0	1	0	0	0	0	0	0	0	0	0	0	0	0	0	0	0	0	0	0	0	0	0
13035	30 Jul 25	13:19:00	1	0	53	0	Ct	0	1	0	1	0	0	0	0	0	0	0	0	0	0	2	2	0	0	0	0	0	0	0	0	0	0	0	0	0	0	0	0	0	0
13036	30 Jul 25	13:20:00	1	0	53	0	Ct	0	1	0	1	0	0	0	0	0	0	0	0	1	0	0	2	0	0	0	0	0	0	0	0	0	0	0	0	0	0	0	0	0	1
13037	30 Jul 25	13:21:00	1	0	53	0	Ct	0	1	1	2	0	0	0	0	0	0	0	0	1	0	0	0	0	0	0	0	0	0	0	0	0	0	0	0	0	0	0	0	0	0
13038	30 Jul 25	13:22:00	1	0	53	0	Ct	0	1	2	1	0	1	0	0	0	0	0	0	2	0	0	0	0	0	0	0	0	0	0	0	0	0	0	0	0	0	0	0	0	1
13039	30 Jul 25	13:23:00	1	0	53	0	Ct	0	1	2	1	0	1	0	0	0	0	0	0	0	0	0	0	0	0	0	0	0	0	0	0	0	0	0	0	0	0	0	0	0	0
13040	30 Jul 25	13:24:00	1	0	53	0	Ct	0	1	0	1	0	0	0	0	0	0	0	0	0	0	0	0	0	0	0	0	0	0	0	0	0	0	0	0	0	0	0	0	0	0
13041	30 Jul 25	13:25:00	1	0	53	0	Ct	0	1	1	0	0	0	0	0	0	0	0	0	0	0	0	0	0	1	0	0	0	0	0	0	0	0	0	0	0	0	0	0	0	1
13042	30 Jul 25	13:26:00	1	0	53	0	Ct	0	1	0	0	0	0	0	0	0	0	0	0	0	0	0	0	0	0	0	0	0	0	0	0	0	0	0	0	0	0	0	0	0	0
13043	30 Jul 25	13:27:00	1	0	53	0	Ct	0	1	2	1	0	0	0	0	0	0	0	0	0	0	0	0	0	0	0	0	0	0	0	0	0	0	0	0	0	0	0	0	0	1
13044	30 Jul 25	13:28:00	1	0	53	0	Ct	0	1	0	0	0	0	0	0	0	0	0	0	0	0	0	0	0	0	0	0	0	0	0	0	0	0	0	0	0	0	0	0	0	0
13045	30 Jul 25	13:29:00	1	0	53	0	Ct	0	1	0	0	0	1	0	0	0	0	0	0	0	0	0	0	0	1	0	0	0	0	0	0	0	0	0	0	0	0	0	0	0	1
13046	30 Jul 25	13:30:00	1	0	53	0	Ct	0	1	0	1	0	0	0	0	0	0	0	0	0	0	0	0	0	0	0	0	0	0	0	0	0	0	0	0	0	0	0	0	0	0
13047	30 Jul 25	13:31:00	1	0	53	0	Ct	0	1	29	0	0	1	0	0	0	0	0	0	0	0	0	0	0	0	0	0	0	0	0	0	0	0	0	0	0	0	0	0	0	0
13048	30 Jul 25	13:32:00	1	0	53	0	Ct	0	1	30	3	0	0	0	0	0	0	0	1	0	0	0	0	0	0	0	0	0	0	0	0	0	0	0	0	0	0	0	0	0	0
13049	30 Jul 25	13:33:00	1	0	53	0	Ct	0	1	15	0	0	0	0	0	0	0	0	0	0	0	0	0	0	1	0	0	0	0	0	0	0	0	0	0	0	0	0	0	0	0
13050	30 Jul 25	13:34:00	1	0	53	0	Ct	0	1	0	0	0	0	0	0	0	0	0	1	0	0	1	0	0	0	0	0	0	0	0	0	0	0	0	0	0	0	0	0	0	0
13051	30 Jul 25	13:35:00	1	0	53	0	Ct	0	1	1	0	0	0	0	0	0	0	0	0	0	0	3	0	0	1	0	0	0	0	0	0	0	0	0	0	0	0	0	0	0	0
13052	30 Jul 25	13:36:00	1	0	53	0	Ct	0	1	0	1	0	0	0	0	0	0	1	0	2	0	0	0	0	1	0	0	0	0	0	0	0	0	0	0	0	0	0	0	0	0
13053	30 Jul 25	13:37:00	1	0	53	0	Ct	0	1	0	1	0	1	0	0	0	0	0	0	1	0	0	0	0	0	0	0	0	0	0	0	0	0	0	0	0	0	0	0	0	0
13054	30 Jul 25	13:38:00	1	0	53	0	Ct	0	1	0	0	0	0	0	0	0	0	0	0	1	0	0	0	0	0	0	0	0	0	0	0	0	0	0	0	0	0	0	0	0	0
13055	30 Jul 25	13:39:00	1	0	53	0	Ct	0	1	0	0	0	1	0	0	0	0	0	0	0	0	2	0	2	1	0	0	0	0	0	0	0	0	0	0	0	0	0	0	0	0
13056	30 Jul 25	13:40:00	1	0	53	0	Ct	0	1	0	0	0	2	0	0	0	0	0	0	0	0	0	0	0	0	0	0	0	0	0	0	0	0	0	0	0	0	0	0	0	0
13057	30 Jul 25	13:41:00	1	0	53	0	Ct	0	1	0	0	0	1	0	0	0	0	0	0	0	0	0	0	0	0	0	0	0	0	0	0	0	0	0	0	0	0	0	0	0	1
13058	30 Jul 25	13:42:00	1	0	53	0	Ct	0	1	0	4	0	0	0	0	0	0	0	0	0	0	0	0	0	1	0	0	0	0	0	0	0	0	0	0	0	0	0	0	0	0
13059	30 Jul 25	13:43:00	1	0	53	0	Ct	0	1	0	0	0	0	0	0	0	0	0	0	0	0	0	0	0	0	0	0	0	0	0	0	0	0	0	0	0	0	0	0	0	0
13060	30 Jul 25	13:44:00	1	0	53	0	Ct	0	1	0	3	0	2	0	0	0	0	0	0	0	0	0	0	0	0	0	0	0	0	0	0	0	0	0	0	0	0	0	0	0	1
13061	30 Jul 25	13:45:00	1	0	53	0	Ct	0	1	0	0	0	2	2	0	0	0	0	0	0	0	0	0	0	0	0	0	0	0	0	0	0	0	0	0	0	0	0	0	0	0
13062	30 Jul 25	13:46:00	1	0	53	0	Ct	0	1	0	0	0	0	1	0	0	0	0	0	0	0	0	0	0	0	0	0	0	0	0	0	0	0	0	0	0	0	0	0	0	1
13063	30 Jul 25	13:47:00	1	0	53	0	Ct	0	1	0	0	0	0	0	0	0	0	0	0	0	0	0	0	0	0	0	0	0	0	0	0	0	0	0	0	0	0	0	0	0	0
13064	30 Jul 25	13:48:00	1	0	53	0	Ct	0	1	0	1	0	0	0	0	0	0	0	0	0	0	0	0	0	0	0	0	0	0	0	0	0	0	0	0	0	0	0	0	0	0
13065	30 Jul 25	13:49:00	1	0	53	0	Ct	0	1	0	0	0	0	0	0	0	2	0	0	0	0	1	0	0	0	0	0	0	0	0	0	0	0	0	0	0	0	0	0	0	0
13066	30 Jul 25	13:50:00	1	0	53	0	Ct	0	1	0	0	0	0	0	0	0	1	0	0	0	0	0	0	0	0	0	0	0	0	0	0	0	0	0	0	0	0	0	0	0	0
13067	30 Jul 25	13:51:00	1	0	53	0	Ct	0	1	0	0	0	0	0	0	0	0	0	0	0	0	0	0	0	0	0	0	0	0	0	0	0	0	0	0	0	0	0	0	0	0
13068	30 Jul 25	13:52:00	1	0	53	0	Ct	0	1	0	2	0	0	0	0	0	2	0	0	0	0	0	0	0	0	0	0	0	0	0	0	0	0	0	0	0	0	0	0	0	0
13069	30 Jul 25	13:53:00	1	0	53	0	Ct	0	1	0	1	0	0	0	0	1	1	0	0	0	0	1	0	0	0	0	0	0	0	0	0	0	0	0	0	0	0	0	0	0	0
13070	30 Jul 25	13:54:00	1	0	53	0	Ct	0	1	0	1	0	0	0	1	0	0	0	0	0	0	0	0	0	0	0	0	0	0	0	0	0	0	0	0	0	0	0	0	0	0
13071	30 Jul 25	13:55:00	1	0	53	0	Ct	0	1	0	0	0	0	0	0	0	0	0	0	0	0	0	0	0	0	0	0	0	0	0	0	0	0	0	0	0	0	0	0	0	0
13072	30 Jul 25	13:56:00	1	0	53	0	Ct	0	1	0	1	0	0	0	0	0	0	0	0	0	0	2	0	0	0	0	0	0	0	0	0	0	0	0	0	0	0	0	0	0	0
13073	30 Jul 25	13:57:00	1	0	53	0	Ct	0	1	0	0	0	0	0	0	0	0	0	0	1	0	0	0	0	0	0	0	0	0	0	0	0	0	0	0	0	0	0	0	0	0
13074	30 Jul 25	13:58:00	1	0	53	0	Ct	0	1	0	0	0	0	0	0	0	0	0	0	0	0	0	0	0	0	0	0	0	0	0	0	0	0	0	0	0	0	0	0	0	0
13075	30 Jul 25	13:59:00	1	0	53	0	Ct	0	1	0	1	0	0	0	0	0	0	0	0	0	0	0	0	0	0	0	0	0	0	0	0	0	0	0	0	0	0	0	0	0	0
13076	30 Jul 25	14:00:00	1	0	53	0	Ct	0	1	0	0	0	0	0	0	0	0	0	0	0	0	0	0	0	1	0	0	0	0	0	0	0	0	0	0	0	0	0	0	0	0
13077	30 Jul 25	14:01:00	1	0	53	0	Ct	0	1	0	0	0	0	0	0	0	0	0	0	0	0	0	0	0	0	0	0	0	0	0	0	0	0	0	0	0	0	0	0	0	0
13078	30 Jul 25	14:02:00	1	0	53	0	Ct	0	1	0	1	0	0	0	0	0	0	0	0	0	0	0	0	0	0	0	0	0	0	0	0	0	0	0	0	0	0	0	0	0	0
13079	30 Jul 25	14:03:00	1	0	53	0	Ct	0	1	0	0	0	0	0	0	0	0	0	0	0	0	0	0	0	1	0	0	0	0	0	0	0	0	0	0	0	0	0	0	0	0
13080	30 Jul 25	14:04:00	1	0	53	0	Ct	0	1	0	0	0	0	0	0	0	0	0	0	0	0	0	0	0	0	0	0	0	0	0	0	0	0	0	0	0	0	0	0	0	0
13081	30 Jul 25	14:05:00	1	0	53	0	Ct	0	1	0	1	0	0	0	0	0	0	0	0	0	0	0	0	0	0	0	0	0	0	0	0	0	0	0	0	0	0	0	0	0	0
13082	30 Jul 25	14:06:00	1	0	53	0	Ct	0	1	0	0	0	0	0	1	0	0	0	0	0	0	0	0	0	0	0	0	0	0	0	0	0	0	0	0	0	0	0	0	0	1
13083	30 Jul 25	14:07:00	1	0	53	0	Ct	0	1	0	0	0	1	0	0	0	0	0	0	0	0	0	0	0	0	0	0	0	0	0	0	0	0	0	0	0	0	0	0	0	0
13084	30 Jul 25	14:08:00	1	0	53	0	Ct	0	1	0	0	0	0	0	0	0	0	0	0	0	0	0	0	0	0	0	0	0	0	0	0	0	0	0	0	0	0	0	0	0	0
13085	30 Jul 25	14:09:00	1	0	53	0	Ct	0	1	0	1	0	0	0	0	0	0	0	0	0	0	0	0	0	0	0	0	0	0	0	0	0	0	0	0	0	0	0	0	0	0
13086	30 Jul 25	14:10:00	1	0	53	0	Ct	0	1	0	0	0	0	0	0	0	0	0	0	1	0	0	0	0	0	0	0	0	0	0	0	0	0	0	0	0	0	0	0	0	0
13087	30 Jul 25	14:11:00	1	0	53	0	Ct	0	1	0	0	0	1	0	0	0	0	0	0	0	0	0	0	0	0	0	0	0	0	0	0	0	0	0	0	0	0	0	0	0	0
13088	30 Jul 25	14:12:00	1	0	53	0	Ct	0	1	0	0	0	0	0	0	0	0	0	0	1	0	0	0	0	0	0	0	0	0	0	0	0	0	0	0	0	0	0	0	0	2
13089	30 Jul 25	14:13:00	1	0	53	0	Ct	0	1	0	1	0	0	0	0	0	0	0	0	0	0	0	0	0	0	0	0	0	0	0	0	0	0	0	0	0	0	0	0	0	0
13090	30 Jul 25	14:14:00	1	0	53	0	Ct	0	1	0	1	0	0	0	0	0	0	0	0	0	0	0	0	0	0	0	0	0	0	0	0	0	0	0	0	0	0	0	0	0	1
13091	30 Jul 25	14:15:00	1	0	53	0	Ct	0	1	0	1	0	0	0	0	0	0	0	0	0	1	0	0	0	0	0	0	0	0	0	0	0	0	0	0	0	0	0	0	0	0
13092	30 Jul 25	14:16:00	1	0	53	0	Ct	0	1	0	0	0	0	0	0	0	0	0	0	0	0	1	0	0	0	0	0	0	0	0	0	0	0	0	0	0	0	0	0	0	0
13093	30 Jul 25	14:17:00	1	0	53	0	Ct	0	1	0	1	0	0	0	0	0	0	0	0	0	3	7	0	0	0	0	0	0	0	0	0	0	0	0	0	0	0	0	0	0	0
13094	30 Jul 25	14:18:00	1	0	53	0	Ct	0	1	0	1	0	0	0	0	0	0	0	0	0	0	1	0	0	0	0	0	0	0	0	0	0	0	0	0	0	0	0	0	0	0
13095	30 Jul 25	14:19:00	1	0	53	0	Ct	0	1	0	0	0	0	0	0	0	0	0	0	0	4	0	0	0	0	0	0	0	0	0	0	0	0	0	0	0	0	0	0	0	0
13096	30 Jul 25	14:20:00	1	0	53	0	Ct	0	1	0	2	0	0	0	0	0	0	0	0	0	0	0	0	0	1	0	0	0	0	0	0	0	0	0	0	0	0	0	0	0	0
13097	30 Jul 25	14:21:00	1	0	53	0	Ct	0	1	0	0	0	0	0	0	0	0	0	0	0	0	0	0	0	0	0	0	0	0	0	0	0	0	0	0	0	0	0	0	0	1
13098	30 Jul 25	14:22:00	1	0	53	0	Ct	0	1	0	6	0	0	0	0	0	0	0	0	1	0	0	0	0	0	0	0	0	0	0	0	0	0	0	0	0	0	0	0	0	0
13099	30 Jul 25	14:23:00	1	0	53	0	Ct	0	1	0	1	0	0	0	0	0	0	0	0	2	0	0	0	0	0	0	0	0	0	0	0	0	0	0	0	0	0	0	0	0	0
13100	30 Jul 25	14:24:00	1	0	53	0	Ct	0	1	0	0	0	0	0	0	0	0	0	0	1	0	0	0	0	0	0	0	0	0	0	0	0	0	0	0	0	0	0	0	0	0
13101	30 Jul 25	14:25:00	1	0	53	0	Ct	0	1	0	0	0	0	0	0	0	0	0	0	0	0	0	0	0	0	0	0	0	0	0	0	0	0	0	0	0	0	0	0	0	0
13102	30 Jul 25	14:26:00	1	0	53	0	Ct	0	1	0	0	0	0	0	0	0	0	1	0	0	0	0	0	0	1	0	0	0	0	0	0	0	0	0	0	0	0	0	0	0	0
13103	30 Jul 25	14:27:00	1	0	53	0	Ct	0	1	0	0	0	0	0	0	0	0	4	2	1	0	0	0	0	0	0	0	0	0	0	0	0	0	0	0	0	0	0	0	0	1
13104	30 Jul 25	14:28:00	1	0	53	0	Ct	0	1	0	0	0	0	0	0	0	0	0	1	0	0	0	1	0	0	0	0	0	0	0	0	0	0	0	0	0	0	0	0	0	0
13105	30 Jul 25	14:29:00	1	0	53	0	Ct	0	1	0	0	0	0	0	0	0	0	2	0	1	0	0	0	0	0	0	0	0	0	0	0	0	0	0	0	0	0	0	0	0	0
13106	30 Jul 25	14:30:00	1	0	53	0	Ct	0	1	0	1	0	0	0	0	0	0	0	1	0	0	0	1	0	0	0	0	0	0	0	0	0	0	0	0	0	0	0	0	0	1
13107	30 Jul 25	14:31:00	1	0	53	0	Ct	0	1	0	0	0	0	0	0	0	0	0	0	0	0	0	0	0	0	0	0	0	0	0	0	0	0	0	0	0	0	0	0	0	1
13108	30 Jul 25	14:32:00	1	0	53	0	Ct	0	1	0	1	0	0	0	0	0	0	0	0	0	0	0	0	0	0	0	0	0	0	0	0	0	0	0	0	0	0	0	0	0	0
13109	30 Jul 25	14:33:00	1	0	53	0	Ct	0	1	0	0	0	0	0	0	0	0	0	0	0	0	14	0	0	0	0	0	0	0	0	0	0	0	0	0	0	0	0	0	0	0
13110	30 Jul 25	14:34:00	1	0	53	0	Ct	0	1	0	0	0	1	0	0	0	0	0	0	0	0	9	0	0	0	0	0	0	0	0	0	0	0	0	0	0	0	0	0	0	0
13111	30 Jul 25	14:35:00	1	0	53	0	Ct	0	1	0	0	0	0	0	0	0	0	0	0	0	0	0	0	0	0	0	0	0	0	0	0	0	0	0	0	0	0	0	0	0	0
13112	30 Jul 25	14:36:00	1	0	53	0	Ct	0	1	0	0	0	0	0	0	0	0	0	0	0	0	1	0	0	0	0	0	0	0	0	0	0	0	0	0	0	0	0	0	0	0
13113	30 Jul 25	14:37:00	1	0	53	0	Ct	0	1	0	1	0	0	0	0	0	0	0	0	0	0	0	0	0	0	0	0	0	0	0	0	0	0	0	0	0	0	0	0	0	0
13114	30 Jul 25	14:38:00	1	0	53	0	Ct	0	1	0	1	0	0	0	0	0	0	0	0	0	0	1	0	0	0	0	0	0	0	0	0	0	0	0	0	0	0	0	0	0	0
13115	30 Jul 25	14:39:00	1	0	53	0	Ct	0	1	0	1	1	0	0	0	0	0	0	0	0	0	0	1	0	0	0	0	0	0	0	0	0	0	0	0	0	0	0	0	0	0
13116	30 Jul 25	14:40:00	1	0	53	0	Ct	0	1	0	0	0	0	0	0	0	0	0	0	0	0	1	0	0	0	0	0	0	0	0	0	0	0	0	0	0	0	0	0	0	0
13117	30 Jul 25	14:41:00	1	0	53	0	Ct	0	1	0	1	0	0	0	0	0	0	0	0	0	0	0	1	0	0	0	0	0	0	0	0	0	0	0	0	0	0	0	0	0	1
13118	30 Jul 25	14:42:00	1	0	53	0	Ct	0	1	0	1	0	0	0	0	0	0	0	0	0	0	0	0	0	0	0	0	0	0	0	0	0	0	0	0	0	0	0	0	0	0
13119	30 Jul 25	14:43:00	1	0	53	0	Ct	0	1	0	1	0	0	0	0	0	0	1	1	0	0	0	0	0	0	0	0	0	0	0	0	0	0	0	0	0	0	0	0	1	0
13120	30 Jul 25	14:44:00	1	0	53	0	Ct	0	1	0	1	0	0	0	0	0	0	1	1	0	0	0	0	0	0	0	0	0	0	0	0	0	0	0	0	0	0	0	0	0	0
13121	30 Jul 25	14:45:00	1	0	53	0	Ct	0	1	0	0	0	0	0	0	0	0	0	0	0	0	0	0	0	0	0	0	0	0	0	0	0	0	0	0	0	0	0	0	0	1
13122	30 Jul 25	14:46:00	1	0	53	0	Ct	0	1	0	1	0	0	0	0	0	0	0	0	0	0	0	0	0	0	0	0	0	0	0	0	0	0	0	0	0	0	0	0	0	0
13123	30 Jul 25	14:47:00	1	0	53	0	Ct	0	1	0	0	0	0	0	0	0	0	0	0	0	0	0	0	0	0	0	0	0	0	0	0	0	0	0	0	0	0	0	0	0	0
13124	30 Jul 25	14:48:00	1	0	53	0	Ct	0	1	0	1	0	0	0	0	0	0	0	0	0	0	0	2	0	0	0	0	0	0	0	0	0	0	0	0	0	0	0	0	0	0
13125	30 Jul 25	14:49:00	1	0	53	0	Ct	0	1	0	2	0	0	0	0	0	0	0	0	0	0	10	0	0	0	0	0	0	0	0	0	0	0	0	0	0	0	0	0	0	0
13126	30 Jul 25	14:50:00	1	0	53	0	Ct	0	1	0	0	0	0	0	0	0	0	0	0	0	0	0	1	0	0	0	0	0	0	0	0	0	0	0	0	0	0	0	0	0	0
13127	30 Jul 25	14:51:00	1	0	53	0	Ct	0	1	0	1	0	0	0	0	0	0	0	0	0	0	0	0	0	0	0	0	0	0	0	0	0	0	0	0	0	0	0	0	0	0
13128	30 Jul 25	14:52:00	1	0	53	0	Ct	0	1	0	0	0	0	0	0	0	0	8	0	0	0	0	0	0	0	0	0	0	0	0	0	0	0	0	0	0	0	0	0	0	0
13129	30 Jul 25	14:53:00	1	0	53	0	Ct	0	1	0	0	0	0	0	0	0	0	13	0	0	0	0	0	0	0	0	0	0	0	0	0	0	0	0	0	0	0	0	0	3	0
13130	30 Jul 25	14:54:00	1	0	53	0	Ct	0	1	0	0	0	0	0	0	0	0	8	3	0	0	0	0	0	0	0	0	0	1	0	0	0	0	0	0	0	0	0	0	0	1
13131	30 Jul 25	14:55:00	1	0	53	0	Ct	0	1	0	1	1	0	0	0	0	0	0	0	0	0	0	0	0	0	0	0	0	0	0	0	0	0	0	0	0	0	0	0	0	0
13132	30 Jul 25	14:56:00	1	0	53	0	Ct	0	1	0	0	0	0	1	0	0	0	0	0	0	0	0	0	0	0	0	0	0	1	0	0	0	0	0	0	0	0	0	0	0	0
13133	30 Jul 25	14:57:00	1	0	53	0	Ct	0	1	0	0	0	0	0	0	0	0	0	0	0	0	1	1	0	1	0	0	0	0	0	0	0	0	0	0	0	0	0	0	0	0
13134	30 Jul 25	14:58:00	1	0	53	0	Ct	0	1	0	1	0	0	0	0	0	0	0	0	0	0	0	0	0	0	0	0	0	0	0	0	0	0	0	0	0	0	0	0	0	0
13135	30 Jul 25	14:59:00	1	0	53	0	Ct	0	1	0	0	0	0	0	0	0	0	0	0	0	0	0	0	0	2	0	0	0	0	0	0	0	0	0	0	0	0	0	0	0	0
13136	30 Jul 25	15:00:00	1	0	53	0	Ct	0	1	0	0	0	0	0	0	0	0	0	0	0	0	0	0	0	0	0	0	0	0	0	0	0	0	0	0	0	0	0	0	0	1
13137	30 Jul 25	15:01:00	1	0	53	0	Ct	0	1	0	0	0	0	1	0	0	0	0	0	0	0	0	0	0	0	0	0	0	0	0	0	0	0	0	0	0	0	0	0	0	0
13138	30 Jul 25	15:02:00	1	0	53	0	Ct	0	1	0	2	0	0	2	0	0	0	0	0	2	0	0	0	0	0	0	0	0	0	0	0	0	0	0	0	0	0	0	0	0	0
13139	30 Jul 25	15:03:00	1	0	53	0	Ct	0	1	0	1	0	0	5	0	0	0	0	0	0	0	0	2	0	0	0	0	0	0	0	0	0	0	0	0	0	0	0	0	0	0
13140	30 Jul 25	15:04:00	1	0	53	0	Ct	0	1	0	0	0	0	0	0	0	0	0	0	0	0	0	0	0	0	0	0	0	0	0	0	0	0	0	0	0	0	0	0	0	0
13141	30 Jul 25	15:05:00	1	0	53	0	Ct	0	1	0	0	0	0	0	0	0	0	0	0	0	0	0	0	0	0	0	0	0	0	0	0	0	0	0	0	0	0	0	0	0	0
13142	30 Jul 25	15:06:00	1	0	53	0	Ct	0	1	0	1	0	0	0	0	0	0	0	0	2	0	0	0	0	0	0	0	0	0	0	0	0	0	0	0	0	0	0	0	0	1
13143	30 Jul 25	15:07:00	1	0	53	0	Ct	0	1	0	1	0	0	1	0	0	0	1	0	0	0	0	0	0	0	0	0	0	0	0	0	0	0	0	0	0	0	0	0	0	1
13144	30 Jul 25	15:08:00	1	0	53	0	Ct	0	1	0	1	0	0	0	0	0	0	0	0	0	0	0	0	0	0	0	0	0	0	0	0	0	0	0	0	0	0	0	0	0	0
13145	30 Jul 25	15:09:00	1	0	53	0	Ct	0	1	0	2	0	0	0	0	0	0	0	0	0	0	0	1	0	2	0	0	0	0	0	0	0	0	0	0	0	0	0	0	0	1
13146	30 Jul 25	15:10:00	1	0	53	0	Ct	0	1	2	0	0	0	0	0	0	0	0	0	1	0	0	2	0	3	0	0	0	0	0	0	0	0	0	0	0	0	0	0	0	0
13147	30 Jul 25	15:11:00	1	0	53	0	Ct	0	1	0	2	0	0	0	0	0	0	0	0	2	0	0	0	0	0	0	0	0	0	0	0	0	0	0	0	0	0	0	0	0	1
13148	30 Jul 25	15:12:00	1	0	53	0	Ct	0	1	0	1	0	0	0	0	0	2	0	0	0	0	0	1	0	0	0	0	0	0	0	0	0	0	0	0	0	0	0	0	0	0
13149	30 Jul 25	15:13:00	1	0	53	0	Ct	0	1	0	2	0	0	0	0	0	3	0	0	1	0	0	0	0	0	0	0	0	0	0	0	0	0	0	0	0	0	0	0	0	0
13150	30 Jul 25	15:14:00	1	0	53	0	Ct	0	1	0	0	0	0	0	0	0	0	0	2	0	0	0	1	0	0	0	0	0	0	0	0	0	0	0	0	0	0	0	0	0	1
13151	30 Jul 25	15:15:00	1	0	53	0	Ct	0	1	0	1	0	0	0	0	0	0	0	0	0	0	0	1	0	0	0	0	0	0	0	0	0	0	0	0	0	0	0	0	0	0
13152	30 Jul 25	15:16:00	1	0	53	0	Ct	0	1	0	0	0	0	0	0	0	0	0	0	0	0	0	1	0	0	0	0	0	0	0	0	0	0	0	0	0	0	0	0	0	0
13153	30 Jul 25	15:17:00	1	0	53	0	Ct	0	1	0	0	0	0	0	0	0	0	0	6	0	0	0	0	0	0	0	0	0	0	0	0	0	0	0	0	0	0	0	0	0	0
13154	30 Jul 25	15:18:00	1	0	53	0	Ct	0	1	0	1	0	0	0	0	0	0	0	2	0	0	0	0	0	0	0	0	0	0	0	0	0	0	0	0	0	0	0	0	0	0
13155	30 Jul 25	15:19:00	1	0	53	0	Ct	0	1	0	0	0	0	1	0	0	0	0	0	0	0	0	1	0	0	0	0	0	0	0	0	0	0	0	0	0	0	0	0	0	0
13156	30 Jul 25	15:20:00	1	0	53	0	Ct	0	1	0	1	0	0	0	0	0	0	0	0	0	0	0	0	0	0	0	0	0	0	0	0	0	0	0	0	0	0	0	0	0	0
13157	30 Jul 25	15:21:00	1	0	53	0	Ct	0	1	0	0	0	0	0	0	0	1	0	0	0	0	0	0	0	0	0	0	0	0	0	0	0	0	0	0	0	0	0	0	0	0
13158	30 Jul 25	15:22:00	1	0	53	0	Ct	0	1	0	0	0	0	0	1	0	2	0	0	0	0	2	1	0	1	0	0	0	0	0	0	0	0	0	0	0	0	0	0	0	0
13159	30 Jul 25	15:23:00	1	0	53	0	Ct	0	1	0	2	0	0	0	0	0	0	0	0	0	0	0	1	0	0	0	0	0	0	0	0	0	0	0	0	0	0	0	0	0	0
13160	30 Jul 25	15:24:00	1	0	53	0	Ct	0	1	0	2	0	0	0	0	0	0	0	0	0	0	0	1	0	0	0	0	0	0	0	0	0	0	0	0	0	0	0	0	0	0
13161	30 Jul 25	15:25:00	1	0	53	0	Ct	0	1	0	0	0	0	0	1	0	0	0	1	0	0	0	0	0	0	0	0	0	0	0	0	0	0	0	0	0	0	0	0	0	0
13162	30 Jul 25	15:26:00	1	0	53	0	Ct	0	1	0	0	0	0	0	0	0	0	0	0	0	0	0	1	0	0	0	0	0	0	0	0	0	0	0	0	0	0	0	0	0	0
13163	30 Jul 25	15:27:00	1	0	53	0	Ct	0	1	0	1	0	0	0	0	0	0	0	0	0	0	0	1	0	0	0	0	0	0	0	0	0	0	0	0	0	0	0	0	0	0
13164	30 Jul 25	15:28:00	1	0	53	0	Ct	0	1	0	1	0	0	0	0	0	0	0	0	0	0	0	0	0	0	0	0	0	0	0	0	0	0	0	0	0	0	0	0	0	0
13165	30 Jul 25	15:29:00	1	0	53	0	Ct	0	1	0	0	1	0	0	2	0	0	0	0	0	0	0	0	0	0	0	0	0	0	0	0	0	0	0	0	0	0	0	0	0	0
13166	30 Jul 25	15:30:00	1	0	53	0	Ct	0	1	0	1	0	0	0	0	0	0	0	0	1	0	0	1	0	0	0	0	0	0	0	0	0	0	0	0	0	0	0	0	0	0
13167	30 Jul 25	15:31:00	1	0	53	0	Ct	0	1	0	5	0	0	0	0	0	0	0	0	0	0	0	0	0	0	0	0	0	0	0	0	0	0	0	0	0	0	0	0	0	0
13168	30 Jul 25	15:32:00	1	0	53	0	Ct	0	1	0	0	0	0	0	0	0	0	0	0	0	0	0	0	0	0	0	0	0	0	0	0	0	0	0	0	0	0	0	0	0	0
13169	30 Jul 25	15:33:00	1	0	53	0	Ct	0	1	0	0	0	0	1	0	0	2	0	0	0	0	0	0	0	0	0	0	0	0	0	0	0	0	0	0	0	0	0	0	0	1
13170	30 Jul 25	15:34:00	1	0	53	0	Ct	0	1	0	1	0	0	1	0	0	1	0	0	1	0	0	0	0	0	0	0	0	0	1	0	0	0	0	0	0	0	0	0	0	0
13171	30 Jul 25	15:35:00	1	0	53	0	Ct	0	1	0	1	0	0	0	0	0	1	0	0	1	0	0	1	0	0	0	0	0	0	0	0	0	0	0	0	0	0	0	0	0	0
13172	30 Jul 25	15:36:00	1	0	53	0	Ct	0	1	0	2	0	0	0	0	0	0	0	0	1	0	0	1	0	0	0	0	0	0	1	0	0	0	0	0	0	0	0	0	0	0
13173	30 Jul 25	15:37:00	1	0	53	0	Ct	0	1	0	2	2	0	1	0	0	0	0	0	1	0	0	1	0	0	0	0	0	0	0	0	0	0	0	0	0	0	0	0	0	1
13174	30 Jul 25	15:38:00	1	0	53	0	Ct	0	1	0	5	0	0	0	1	0	0	0	0	0	0	0	1	0	0	0	0	0	0	0	0	0	0	0	0	0	0	0	0	0	0
13175	30 Jul 25	15:39:00	1	0	53	0	Ct	0	1	0	1	0	0	0	1	0	0	0	0	0	0	0	0	0	0	0	0	0	0	0	1	0	0	0	0	0	0	0	0	0	0
13176	30 Jul 25	15:40:00	1	0	53	0	Ct	0	1	0	0	0	0	2	0	0	0	0	0	0	0	0	0	0	0	0	0	0	0	0	1	0	0	0	0	0	0	0	0	0	0
13177	30 Jul 25	15:41:00	1	0	53	0	Ct	0	1	0	0	0	0	1	0	0	0	0	0	0	0	0	1	0	0	0	0	0	0	0	0	0	0	0	0	0	0	0	0	0	0
13178	30 Jul 25	15:42:00	1	0	53	0	Ct	0	1	13	1	0	0	0	0	0	0	0	0	0	0	0	0	0	0	0	0	0	0	0	0	0	0	0	0	0	0	0	0	0	0
13179	30 Jul 25	15:43:00	1	0	53	0	Ct	0	1	5	0	0	0	1	1	0	0	0	0	0	0	1	0	0	0	0	0	0	0	0	0	0	0	0	0	0	0	0	0	0	0
13180	30 Jul 25	15:44:00	1	0	53	0	Ct	0	1	0	1	0	0	1	0	0	0	0	0	0	0	0	0	0	0	0	0	0	0	0	0	0	0	0	0	0	0	0	0	0	0
13181	30 Jul 25	15:45:00	1	0	53	0	Ct	0	1	0	1	0	0	0	1	0	0	0	1	0	0	0	0	0	0	0	0	0	0	0	0	0	0	0	0	0	0	0	0	0	0
13182	30 Jul 25	15:46:00	1	0	53	0	Ct	0	1	0	4	0	0	1	1	0	0	0	0	0	0	0	0	0	0	0	0	0	0	0	0	0	0	0	0	0	0	0	0	0	0
13183	30 Jul 25	15:47:00	1	0	53	0	Ct	0	1	0	1	0	0	1	1	0	0	0	0	0	0	1	3	0	0	0	0	0	0	0	0	0	0	0	0	0	0	0	0	0	0
13184	30 Jul 25	15:48:00	1	0	53	0	Ct	0	1	0	0	0	0	2	1	0	1	0	0	0	0	0	1	0	0	0	0	0	0	0	0	0	0	0	0	0	0	0	0	0	0
13185	30 Jul 25	15:49:00	1	0	53	0	Ct	0	1	0	1	0	0	0	1	0	0	0	0	0	0	1	1	0	0	0	0	0	0	0	0	0	0	0	0	0	0	0	0	0	0
13186	30 Jul 25	15:50:00	1	0	53	0	Ct	0	1	0	1	0	0	4	2	0	0	0	0	0	0	0	0	0	0	0	0	0	0	1	0	0	0	0	0	0	0	0	0	0	0
13187	30 Jul 25	15:51:00	1	0	53	0	Ct	0	1	0	0	0	0	1	1	0	0	0	0	0	0	0	0	0	0	0	0	0	0	1	0	0	0	0	0	0	0	0	0	0	0
13188	30 Jul 25	15:52:00	1	0	53	0	Ct	0	1	0	1	0	0	1	0	0	0	0	0	0	0	1	0	0	0	0	0	0	0	0	0	0	0	0	1	0	0	0	0	0	0
13189	30 Jul 25	15:53:00	1	0	53	0	Ct	0	1	0	1	0	0	1	2	0	0	0	1	0	0	0	0	0	0	0	0	0	0	0	0	0	0	0	0	0	0	0	0	0	0
13190	30 Jul 25	15:54:00	1	0	53	0	Ct	0	1	0	0	0	0	1	1	0	0	0	0	0	0	0	1	0	0	0	0	0	0	0	0	0	0	0	0	0	0	0	0	0	0
13191	30 Jul 25	15:55:00	1	0	53	0	Ct	0	1	0	1	0	0	1	0	0	0	0	0	0	0	0	1	0	0	0	0	0	0	2	0	0	0	0	0	0	0	0	0	0	0
13192	30 Jul 25	15:56:00	1	0	53	0	Ct	0	1	0	2	0	0	1	2	0	1	0	0	0	0	0	0	0	0	0	0	0	0	0	0	0	0	0	0	0	0	0	0	0	0
13193	30 Jul 25	15:57:00	1	0	53	0	Ct	0	1	0	0	0	0	1	1	0	1	0	2	0	0	0	0	0	0	0	0	0	0	0	0	0	0	0	0	0	0	0	0	0	0
13194	30 Jul 25	15:58:00	1	0	53	0	Ct	0	1	0	1	0	0	1	0	0	1	0	0	0	0	1	0	0	0	0	0	0	0	0	0	0	0	0	0	0	0	0	0	0	0
13195	30 Jul 25	15:59:00	1	0	53	0	Ct	0	1	0	0	0	0	1	0	0	3	0	1	0	0	0	0	0	0	0	0	0	0	0	0	0	0	0	0	0	0	0	0	0	0
13196	30 Jul 25	16:00:00	1	0	53	0	Ct	0	1	0	1	0	1	1	0	0	1	0	0	1	0	1	2	0	0	0	0	0	0	0	0	0	0	0	0	0	0	0	0	0	0
13197	30 Jul 25	16:01:00	1	0	53	0	Ct	0	1	0	0	0	0	0	0	0	0	0	0	0	0	0	1	0	0	0	0	0	0	0	0	0	0	0	0	0	0	0	0	0	0
13198	30 Jul 25	16:02:00	1	0	53	0	Ct	0	1	0	1	0	0	0	0	0	2	0	0	1	0	0	0	0	0	0	0	0	0	0	0	0	0	0	0	0	0	0	0	0	0
13199	30 Jul 25	16:03:00	1	0	53	0	Ct	0	1	0	0	0	0	0	0	0	0	0	0	3	0	15	0	0	0	0	0	0	0	1	0	0	0	0	0	0	0	0	0	0	0
13200	30 Jul 25	16:04:00	1	0	53	0	Ct	0	1	0	1	1	0	2	0	0	0	0	0	0	0	1	10	0	0	0	0	0	0	2	0	0	0	0	0	0	0	0	0	0	1
13201	30 Jul 25	16:05:00	1	0	53	0	Ct	0	1	0	2	0	0	1	1	0	2	0	0	0	0	0	8	0	0	0	0	0	0	0	0	0	2	0	0	0	0	0	0	0	0
13202	30 Jul 25	16:06:00	1	0	53	0	Ct	0	1	0	1	0	0	0	0	0	0	0	0	1	0	1	0	0	0	0	0	0	2	0	0	0	0	0	0	0	0	0	0	0	0
13203	30 Jul 25	16:07:00	1	0	53	0	Ct	0	1	0	1	0	0	2	0	1	0	0	0	0	0	0	0	0	0	0	0	0	0	1	0	0	1	0	0	0	0	0	0	0	0
13204	30 Jul 25	16:08:00	1	0	53	0	Ct	0	1	0	0	0	0	2	2	0	0	0	0	1	0	0	0	0	0	0	0	0	0	0	0	0	0	0	2	0	0	0	0	0	0
13205	30 Jul 25	16:09:00	1	0	53	0	Ct	0	1	0	2	0	0	2	1	0	0	1	0	1	0	0	1	0	0	0	0	0	0	1	0	0	0	0	0	0	0	0	0	0	0
13206	30 Jul 25	16:10:00	1	0	53	0	Ct	0	1	0	0	0	0	0	0	0	1	0	0	0	0	3	0	0	0	0	0	0	0	3	0	0	0	0	0	0	0	0	0	0	0
13207	30 Jul 25	16:11:00	1	0	53	0	Ct	0	1	0	1	0	0	0	0	0	1	0	0	0	0	2	1	0	0	0	0	0	0	0	0	0	0	0	0	0	0	0	0	0	0
13208	30 Jul 25	16:12:00	1	0	53	0	Ct	0	1	0	0	0	0	0	0	0	1	0	0	0	0	1	0	0	0	0	0	0	0	1	0	0	0	0	0	0	0	0	0	0	0
13209	30 Jul 25	16:13:00	1	0	53	0	Ct	0	1	2	0	0	0	0	0	3	1	0	0	1	0	0	1	0	0	0	0	0	0	1	0	0	0	0	0	0	0	0	0	0	0
13210	30 Jul 25	16:14:00	1	0	53	0	Ct	0	1	0	0	2	0	0	2	0	4	3	0	0	0	0	1	0	0	0	0	0	0	0	0	0	0	0	0	0	0	0	0	0	0
13211	30 Jul 25	16:15:00	1	0	53	0	Ct	0	1	0	0	0	0	0	0	0	2	0	0	0	0	0	2	0	0	0	0	0	0	0	0	0	0	0	0	0	0	0	0	0	0
13212	30 Jul 25	16:16:00	1	0	53	0	Ct	0	1	0	0	1	0	0	0	1	2	0	0	0	0	0	0	0	0	0	0	0	0	2	0	0	0	0	0	0	0	0	0	0	0
13213	30 Jul 25	16:17:00	1	0	53	0	Ct	0	1	0	0	0	0	0	0	0	1	0	0	1	0	0	0	0	0	0	0	0	0	0	0	0	0	0	0	0	0	0	0	0	0
13214	30 Jul 25	16:18:00	1	0	53	0	Ct	0	1	0	0	1	0	0	0	0	0	0	0	1	0	1	0	0	0	0	0	0	0	0	0	0	0	0	0	0	0	0	0	0	0
13215	30 Jul 25	16:19:00	1	0	53	0	Ct	0	1	0	2	0	0	0	1	0	0	0	0	0	0	1	0	0	0	0	0	0	0	0	0	0	0	0	0	0	0	0	0	0	0
13216	30 Jul 25	16:20:00	1	0	53	0	Ct	0	1	0	2	0	0	0	1	0	0	0	0	2	0	4	0	0	0	0	0	0	0	0	0	0	0	0	0	0	0	0	0	0	0
13217	30 Jul 25	16:21:00	1	0	53	0	Ct	0	1	0	2	0	0	2	1	1	1	0	0	1	0	27	0	0	0	0	0	0	0	0	0	0	0	0	0	0	0	0	0	0	0
13218	30 Jul 25	16:22:00	1	0	53	0	Ct	0	1	0	3	0	0	0	1	1	0	0	2	0	0	6	4	0	0	0	0	0	0	0	0	0	1	0	0	0	0	0	0	1	0
13219	30 Jul 25	16:23:00	1	0	53	0	Ct	0	1	0	0	0	0	0	1	0	0	0	0	0	0	3	1	0	0	0	0	0	0	1	0	0	1	0	1	0	0	0	0	2	0
13220	30 Jul 25	16:24:00	1	0	53	0	Ct	0	1	0	1	0	0	0	1	0	0	0	0	0	0	4	1	0	0	0	0	0	0	0	0	0	0	0	0	0	0	0	0	0	1
13221	30 Jul 25	16:25:00	1	0	53	0	Ct	0	1	0	0	0	0	0	0	2	1	0	0	1	0	0	1	0	0	0	1	0	0	1	0	0	0	0	0	0	0	0	0	1	0
13222	30 Jul 25	16:26:00	1	0	53	0	Ct	0	1	0	0	0	0	0	3	0	1	0	0	0	2	2	0	0	0	0	0	0	0	1	0	0	1	0	0	0	0	0	0	1	1
13223	30 Jul 25	16:27:00	1	0	53	0	Ct	0	1	0	0	0	0	1	0	0	0	0	0	1	0	1	0	0	0	0	0	0	1	0	0	0	0	0	0	0	0	0	0	0	0
13224	30 Jul 25	16:28:00	1	0	53	0	Ct	0	1	0	1	0	0	1	0	0	0	0	0	0	0	0	1	0	0	0	0	0	1	0	0	0	0	0	1	0	0	0	0	2	0
13225	30 Jul 25	16:29:00	1	0	53	0	Ct	0	1	0	0	1	0	0	2	0	0	0	1	0	0	0	0	0	0	0	3	0	0	2	1	0	0	0	0	0	0	1	0	0	0
13226	30 Jul 25	16:30:00	1	0	53	0	Ct	0	1	0	1	0	0	0	1	0	0	1	0	0	0	0	1	0	0	0	0	0	0	1	1	0	0	0	0	0	0	0	0	1	0
13227	30 Jul 25	16:31:00	1	0	53	0	Ct	0	1	0	1	0	0	0	0	0	0	0	2	5	0	0	0	0	0	0	0	0	0	1	0	0	0	0	0	0	0	0	0	2	1
13228	30 Jul 25	16:32:00	1	0	53	0	Ct	0	1	0	0	0	0	0	3	0	0	0	0	0	0	0	0	0	0	0	0	0	0	0	0	0	2	0	0	0	0	0	0	1	0
13229	30 Jul 25	16:33:00	1	0	53	0	Ct	0	1	0	2	0	0	1	1	0	0	0	1	0	0	0	2	0	0	0	0	0	0	0	0	0	2	0	0	0	0	0	0	1	0
13230	30 Jul 25	16:34:00	1	0	53	0	Ct	0	1	0	1	0	0	1	0	0	0	0	0	1	0	1	1	0	1	0	0	0	0	0	0	0	0	0	0	0	0	0	0	2	0
13231	30 Jul 25	16:35:00	1	0	53	0	Ct	0	1	1	1	0	0	2	1	0	0	0	0	0	0	0	0	0	0	0	0	0	0	1	0	0	1	0	0	0	0	0	0	3	1
13232	30 Jul 25	16:36:00	1	0	53	0	Ct	0	1	0	0	0	0	1	1	0	0	0	2	0	0	1	0	0	0	0	0	0	0	1	0	0	0	0	0	0	0	0	0	1	0
13233	30 Jul 25	16:37:00	1	0	53	0	Ct	0	1	0	1	0	0	0	2	0	1	0	2	0	0	1	1	0	0	0	0	0	0	2	0	0	1	0	0	0	0	0	0	2	1
13234	30 Jul 25	16:38:00	1	0	53	0	Ct	0	1	0	0	0	0	2	1	0	1	0	0	0	0	0	0	0	0	0	0	0	0	1	0	0	2	0	0	0	0	0	0	2	0
13235	30 Jul 25	16:39:00	1	0	53	0	Ct	0	1	0	2	0	0	1	0	0	0	0	1	0	0	2	1	0	1	0	0	0	0	0	0	0	3	0	0	0	0	0	0	3	0
13236	30 Jul 25	16:40:00	1	0	53	0	Ct	0	1	0	1	0	0	1	0	0	0	0	0	0	0	0	2	1	0	0	0	0	0	1	0	0	0	0	0	0	0	0	0	2	0
13237	30 Jul 25	16:41:00	1	0	53	0	Ct	0	1	0	1	0	0	0	0	0	0	7	0	0	0	0	0	0	0	0	0	0	0	1	4	0	1	0	1	0	0	1	0	3	0
13238	30 Jul 25	16:42:00	1	0	53	0	Ct	0	1	0	2	0	0	0	0	0	0	0	0	0	0	1	0	0	0	0	0	1	0	0	0	0	1	0	1	0	0	0	0	1	1
13239	30 Jul 25	16:43:00	1	0	53	0	Ct	0	1	0	0	0	0	1	0	0	0	0	1	0	0	0	0	0	0	0	0	0	0	0	0	0	1	0	0	0	0	0	0	2	1
13240	30 Jul 25	16:44:00	1	0	53	0	Ct	0	1	0	1	0	0	2	0	1	0	0	0	0	0	0	3	0	0	0	0	0	0	0	0	0	1	0	0	0	0	0	0	1	0
13241	30 Jul 25	16:45:00	1	0	53	0	Ct	0	1	0	1	0	0	0	0	0	0	0	0	0	0	0	0	0	0	0	0	0	0	2	0	0	0	0	0	0	0	0	0	3	1
13242	30 Jul 25	16:46:00	1	0	53	0	Ct	0	1	0	0	0	0	2	0	0	0	1	0	0	0	0	0	0	0	0	0	0	0	0	0	0	1	0	1	0	0	0	0	1	0
13243	30 Jul 25	16:47:00	1	0	53	0	Ct	0	1	0	0	1	0	0	0	0	0	1	0	0	0	0	1	0	0	0	0	0	0	2	0	0	0	0	0	0	0	0	0	2	0
13244	30 Jul 25	16:48:00	1	0	53	0	Ct	0	1	0	0	0	0	4	0	0	2	1	0	0	0	0	0	0	0	0	0	0	0	1	0	0	0	0	2	0	0	1	0	1	0
13245	30 Jul 25	16:49:00	1	0	53	0	Ct	0	1	0	1	0	0	2	0	0	1	0	0	0	0	1	1	0	0	0	0	0	0	1	0	0	1	0	0	0	0	0	0	1	1
13246	30 Jul 25	16:50:00	1	0	53	0	Ct	0	1	0	1	0	0	0	0	0	0	1	0	0	0	1	0	0	0	1	0	0	0	0	0	0	1	0	0	0	0	0	0	1	0
13247	30 Jul 25	16:51:00	1	0	53	0	Ct	0	1	0	0	0	0	0	2	0	0	1	0	0	0	0	0	0	0	0	0	0	0	2	0	0	1	0	0	0	0	0	0	1	0
13248	30 Jul 25	16:52:00	1	0	53	0	Ct	0	1	0	0	0	0	0	0	0	0	1	1	0	0	0	0	0	1	0	0	0	0	2	0	0	1	0	0	0	0	0	0	2	0
13249	30 Jul 25	16:53:00	1	0	53	0	Ct	0	1	0	1	0	0	1	0	0	0	1	0	0	0	1	0	0	0	1	0	0	0	1	0	0	0	0	1	0	0	0	0	0	0
13250	30 Jul 25	16:54:00	1	0	53	0	Ct	0	1	0	2	0	0	1	2	0	3	0	0	0	0	0	2	1	0	0	0	0	0	1	0	0	0	0	0	0	0	0	0	1	0
13251	30 Jul 25	16:55:00	1	0	53	0	Ct	0	1	0	0	0	0	0	0	0	0	1	0	0	0	1	1	0	1	0	0	0	0	0	0	0	2	0	0	0	0	0	0	1	0
13252	30 Jul 25	16:56:00	1	0	53	0	Ct	0	1	0	0	0	0	0	0	0	0	2	1	1	0	2	0	0	0	0	0	0	0	2	0	0	0	0	0	0	0	0	0	2	1
13253	30 Jul 25	16:57:00	1	0	53	0	Ct	0	1	0	0	0	0	0	0	0	2	2	0	0	0	2	0	0	0	0	0	0	0	1	0	0	0	0	0	0	0	0	0	1	1
13254	30 Jul 25	16:58:00	1	0	53	0	Ct	0	1	0	1	0	0	1	1	1	1	2	0	1	0	0	0	0	0	0	1	0	0	1	0	0	0	0	0	0	0	0	0	2	0
13255	30 Jul 25	16:59:00	1	0	53	0	Ct	0	1	0	1	0	0	1	0	0	0	0	0	2	0	0	0	0	0	2	0	0	0	1	0	0	1	0	0	0	0	0	0	0	0
13256	30 Jul 25	17:00:00	1	0	53	0	Ct	0	1	0	4	0	0	0	1	0	0	2	2	0	0	0	0	0	0	0	0	1	0	0	0	0	2	0	0	0	0	0	0	0	0
13257	30 Jul 25	17:01:00	1	0	53	0	Ct	0	1	0	4	0	1	1	0	0	0	1	1	0	0	0	0	0	0	0	0	0	1	0	0	0	0	0	0	0	0	0	0	1	1
13258	30 Jul 25	17:02:00	1	0	53	0	Ct	0	1	0	1	0	0	1	0	0	0	2	1	2	0	1	0	0	0	0	0	1	0	0	0	0	0	0	0	0	0	0	0	0	0
13259	30 Jul 25	17:03:00	1	0	53	0	Ct	0	1	1	1	0	0	3	0	0	0	1	0	0	0	1	0	0	0	1	0	0	0	0	0	0	1	0	0	0	0	0	0	0	1
13260	30 Jul 25	17:04:00	1	0	53	0	Ct	0	1	0	0	0	0	2	0	0	0	3	0	0	0	1	0	0	0	0	0	0	0	0	0	0	0	0	0	0	0	0	0	1	0
13261	30 Jul 25	17:05:00	1	0	53	0	Ct	0	1	0	0	0	0	0	0	1	0	1	0	0	0	1	2	0	0	0	0	0	0	0	0	0	2	0	0	0	0	0	0	1	0
13262	30 Jul 25	17:06:00	1	0	53	0	Ct	0	1	0	2	0	0	2	0	3	0	1	0	0	0	1	1	0	0	0	0	0	0	1	0	0	1	0	0	0	0	0	0	4	0
13263	30 Jul 25	17:07:00	1	0	53	0	Ct	0	1	1	1	0	0	2	2	0	3	0	0	0	0	1	1	0	0	0	0	0	0	0	0	0	0	0	0	0	0	0	0	1	0
13264	30 Jul 25	17:08:00	1	0	53	0	Ct	0	1	0	1	0	0	0	0	2	1	1	0	1	0	0	0	0	0	0	0	0	0	0	0	0	3	0	0	0	0	0	0	0	0
13265	30 Jul 25	17:09:00	1	0	53	0	Ct	0	1	0	1	0	0	2	0	3	1	2	0	1	0	2	0	0	0	0	0	0	0	0	0	0	1	0	0	0	0	0	0	1	0
13266	30 Jul 25	17:10:00	1	0	53	0	Ct	0	1	0	0	0	0	1	1	0	1	1	0	0	0	0	0	0	1	0	0	0	1	1	0	0	0	0	0	0	0	0	0	2	1
13267	30 Jul 25	17:11:00	1	0	53	0	Ct	0	1	0	0	0	0	1	1	1	0	0	0	0	0	1	0	0	0	0	0	0	1	1	0	0	2	0	0	0	0	0	0	2	0
13268	30 Jul 25	17:12:00	1	0	53	0	Ct	0	1	0	1	0	2	0	0	0	0	0	1	1	0	1	0	0	0	1	0	0	0	0	0	0	1	0	0	0	0	1	0	1	1
13269	30 Jul 25	17:13:00	1	0	53	0	Ct	0	1	0	1	0	0	2	0	0	1	0	1	0	0	1	0	0	0	0	0	0	0	0	0	0	1	0	0	0	0	0	0	0	0
13270	30 Jul 25	17:14:00	1	0	53	0	Ct	0	1	0	0	0	0	0	0	0	3	0	0	1	0	1	0	0	0	0	0	0	0	0	0	0	0	0	0	0	0	0	0	2	1
13271	30 Jul 25	17:15:00	1	0	53	0	Ct	0	1	0	0	0	0	0	0	2	0	0	0	0	1	0	0	0	0	0	0	0	0	0	0	0	0	0	0	0	0	1	0	1	0
13272	30 Jul 25	17:16:00	1	0	53	0	Ct	0	1	2	1	2	0	0	0	1	0	0	0	0	0	1	1	0	0	0	0	0	0	0	0	0	0	0	0	0	0	0	0	0	0
13273	30 Jul 25	17:17:00	1	0	53	0	Ct	0	1	1	1	0	0	0	0	1	0	0	1	0	0	1	1	0	0	0	0	0	0	1	0	0	0	0	0	0	0	0	0	1	0
13274	30 Jul 25	17:18:00	1	0	53	0	Ct	0	1	0	0	0	0	1	0	0	1	0	0	0	0	0	0	0	0	0	0	0	0	1	0	0	0	0	0	0	0	0	0	1	1
13275	30 Jul 25	17:19:00	1	0	53	0	Ct	0	1	0	0	0	0	1	0	1	0	0	1	0	0	3	2	0	0	0	0	0	0	1	0	0	0	0	0	0	0	0	0	3	1
13276	30 Jul 25	17:20:00	1	0	53	0	Ct	0	1	0	0	0	0	0	0	0	1	0	1	0	0	0	1	0	0	0	0	0	0	0	0	0	1	0	0	0	0	0	0	0	0
13277	30 Jul 25	17:21:00	1	0	53	0	Ct	0	1	0	1	0	1	1	0	3	1	0	0	0	0	0	0	0	0	0	0	0	0	0	0	0	1	0	0	0	0	0	0	1	0
13278	30 Jul 25	17:22:00	1	0	53	0	Ct	0	1	0	0	4	0	2	0	2	1	1	0	0	0	0	0	0	0	0	0	0	0	0	0	0	1	0	0	0	0	0	0	1	0
13279	30 Jul 25	17:23:00	1	0	53	0	Ct	0	1	0	2	0	0	1	2	0	0	0	0	0	0	1	1	0	0	0	0	0	0	1	0	0	0	0	0	0	0	0	0	1	1
13280	30 Jul 25	17:24:00	1	0	53	0	Ct	0	1	0	1	0	0	2	1	1	0	1	0	0	0	1	1	0	0	1	1	1	1	0	0	0	3	0	0	0	0	0	0	2	1
13281	30 Jul 25	17:25:00	1	0	53	0	Ct	0	1	1	2	0	0	0	0	2	0	0	2	0	0	0	0	0	1	0	2	0	0	2	0	0	3	0	1	0	0	0	0	0	0
13282	30 Jul 25	17:26:00	1	0	53	0	Ct	0	1	0	3	0	0	0	1	2	0	0	3	0	0	1	0	0	0	0	0	0	1	0	0	0	0	0	0	0	0	0	0	2	1
13283	30 Jul 25	17:27:00	1	0	53	0	Ct	0	1	0	2	0	0	0	1	0	1	0	4	1	0	0	1	0	0	0	0	2	0	1	0	0	1	0	0	0	0	0	0	1	0
13284	30 Jul 25	17:28:00	1	0	53	0	Ct	0	1	1	1	0	0	1	0	0	0	1	0	0	0	0	0	0	1	1	0	0	0	0	0	0	0	0	0	0	0	0	0	0	0
13285	30 Jul 25	17:29:00	1	0	53	0	Ct	0	1	9	1	0	0	1	0	0	0	0	3	0	0	1	1	0	1	2	0	1	0	1	0	0	1	0	0	0	0	0	0	2	0
13286	30 Jul 25	17:30:00	1	0	53	0	Ct	0	1	0	0	0	1	1	0	0	0	0	2	1	0	1	0	0	0	0	0	0	1	0	0	0	0	0	0	0	0	0	0	1	0
13287	30 Jul 25	17:31:00	1	0	53	0	Ct	0	1	0	0	0	0	1	0	0	0	2	2	1	0	2	0	0	0	0	0	0	0	1	0	0	0	0	0	0	0	0	0	0	0
13288	30 Jul 25	17:32:00	1	0	53	0	Ct	0	1	0	1	0	0	1	1	3	0	0	2	1	0	2	1	0	0	0	0	0	1	1	0	0	0	0	1	0	0	0	0	1	0
13289	30 Jul 25	17:33:00	1	0	53	0	Ct	0	1	2	1	0	0	1	1	0	0	0	1	0	0	2	2	0	0	0	0	0	0	0	0	0	0	0	0	0	0	0	0	3	1
13290	30 Jul 25	17:34:00	1	0	53	0	Ct	0	1	1	1	1	2	0	0	0	0	0	2	0	0	1	0	0	0	0	0	0	1	1	0	0	0	0	0	0	0	0	0	1	0
13291	30 Jul 25	17:35:00	1	0	53	0	Ct	0	1	0	1	0	0	0	0	0	0	0	0	0	0	1	1	0	0	0	0	0	1	0	0	0	0	0	0	0	0	0	0	0	1
13292	30 Jul 25	17:36:00	1	0	53	0	Ct	0	1	0	0	0	1	2	0	0	1	1	1	0	0	1	1	0	0	0	0	0	0	1	0	0	1	0	0	0	0	0	0	0	1
13293	30 Jul 25	17:37:00	1	0	53	0	Ct	0	1	0	1	0	3	0	0	1	1	0	2	0	0	0	2	0	0	0	0	0	1	1	0	0	1	0	0	0	0	0	0	0	0
13294	30 Jul 25	17:38:00	1	0	53	0	Ct	0	1	0	1	0	1	0	0	1	0	3	1	0	1	0	0	0	0	1	0	0	1	0	0	0	0	0	0	0	0	0	0	0	0
13295	30 Jul 25	17:39:00	1	0	53	0	Ct	0	1	0	1	0	0	2	0	1	1	0	1	1	0	0	0	0	1	3	0	0	1	1	0	0	1	0	1	0	0	0	0	0	2
13296	30 Jul 25	17:40:00	1	0	53	0	Ct	0	1	3	0	0	1	1	1	1	1	0	1	1	0	0	1	0	0	1	0	0	1	1	0	0	1	0	0	0	0	0	0	1	0
13297	30 Jul 25	17:41:00	1	0	53	0	Ct	0	1	2	1	0	0	0	0	0	0	1	1	1	0	0	0	0	0	0	0	0	1	0	0	0	0	0	1	0	0	0	0	0	0
13298	30 Jul 25	17:42:00	1	0	53	0	Ct	0	1	2	1	0	0	2	2	0	0	0	1	1	0	0	1	0	0	0	0	2	0	3	0	0	0	0	1	0	0	1	0	0	1
13299	30 Jul 25	17:43:00	1	0	53	0	Ct	0	1	2	1	0	0	2	1	1	4	0	1	0	0	0	0	0	0	2	0	0	1	0	0	0	2	0	0	0	0	1	0	0	0
13300	30 Jul 25	17:44:00	1	0	53	0	Ct	0	1	1	1	0	1	1	0	1	7	0	2	0	0	0	1	0	0	0	0	2	2	0	0	0	1	1	1	0	0	0	0	1	1
13301	30 Jul 25	17:45:00	1	0	53	0	Ct	0	1	2	1	0	0	1	0	0	1	1	0	4	0	0	2	0	0	0	0	0	1	0	0	0	0	0	1	0	0	2	0	1	0
13302	30 Jul 25	17:46:00	1	0	53	0	Ct	0	1	1	0	0	0	0	0	0	0	1	1	1	1	0	0	0	0	0	0	0	1	0	0	0	0	0	1	0	0	1	0	0	0
13303	30 Jul 25	17:47:00	1	0	53	0	Ct	0	1	2	1	0	1	0	0	0	0	0	0	0	0	0	0	0	0	0	0	0	0	1	0	0	1	0	0	0	0	0	0	1	0
13304	30 Jul 25	17:48:00	1	0	53	0	Ct	0	1	2	2	0	0	0	0	0	0	0	1	1	0	1	0	0	0	0	0	0	0	1	0	0	1	0	0	0	0	4	0	3	0
13305	30 Jul 25	17:49:00	1	0	53	0	Ct	0	1	0	1	0	0	0	0	0	2	0	0	0	1	0	0	0	0	0	0	1	2	0	0	0	0	0	0	0	0	1	0	2	0
13306	30 Jul 25	17:50:00	1	0	53	0	Ct	0	1	1	0	0	3	0	2	1	1	3	1	1	0	1	0	0	0	1	1	0	1	0	0	0	0	1	0	0	0	3	0	2	0
13307	30 Jul 25	17:51:00	1	0	53	0	Ct	0	1	0	1	1	0	0	0	1	0	1	1	2	0	1	2	0	0	1	1	0	1	0	0	0	0	0	0	0	0	1	0	0	0
13308	30 Jul 25	17:52:00	1	0	53	0	Ct	0	1	3	1	0	1	2	0	0	2	1	0	0	0	1	0	0	0	0	0	0	1	0	0	0	0	0	1	0	0	4	0	0	1
13309	30 Jul 25	17:53:00	1	0	53	0	Ct	0	1	1	8	0	1	1	0	2	2	2	1	0	0	1	0	0	0	0	0	1	2	0	4	0	1	0	0	0	0	1	0	1	1
13310	30 Jul 25	17:54:00	1	0	53	0	Ct	0	1	1	6	1	0	1	0	0	1	2	0	0	0	2	0	0	0	2	0	0	1	0	1	0	0	0	1	0	0	2	0	1	0
13311	30 Jul 25	17:55:00	1	0	53	0	Ct	0	1	3	1	1	0	0	0	1	0	1	0	2	1	1	0	0	0	0	0	0	0	2	0	0	0	0	0	0	0	2	0	0	0
13312	30 Jul 25	17:56:00	1	0	53	0	Ct	0	1	0	4	0	0	0	0	2	1	2	1	1	0	3	0	0	1	0	0	0	2	1	0	0	0	0	1	0	0	0	0	0	0
13313	30 Jul 25	17:57:00	1	0	53	0	Ct	0	1	0	0	0	1	1	0	3	1	0	2	0	0	2	0	0	1	0	0	0	2	1	0	0	2	0	0	0	0	0	0	0	0
13314	30 Jul 25	17:58:00	1	0	53	0	Ct	0	1	0	1	2	0	0	0	2	0	0	1	0	1	1	0	0	0	0	0	0	1	0	0	0	2	0	1	0	0	0	0	0	0
13315	30 Jul 25	17:59:00	1	0	53	0	Ct	0	1	0	1	0	0	2	0	0	1	0	2	0	0	0	1	0	0	0	0	1	2	0	0	0	1	0	1	0	0	0	0	0	1
13316	30 Jul 25	18:00:00	1	0	53	0	Ct	0	1	0	0	2	0	1	1	0	3	0	0	0	0	2	1	0	0	0	0	0	2	0	0	0	0	0	1	0	0	0	0	0	1
13317	30 Jul 25	18:01:00	1	0	53	0	Ct	0	1	0	2	0	2	0	0	0	0	0	0	0	1	0	0	0	0	0	0	0	0	1	0	0	1	0	2	0	0	2	0	0	0
13318	30 Jul 25	18:02:00	1	0	53	0	Ct	0	1	2	0	0	0	0	0	0	1	0	0	0	3	0	0	0	0	0	0	0	1	1	0	0	0	0	0	0	0	0	0	0	0
13319	30 Jul 25	18:03:00	1	0	53	0	Ct	0	1	4	1	0	1	2	0	4	0	0	0	0	0	0	0	0	0	0	0	0	3	0	0	0	2	0	2	0	0	2	0	0	2
13320	30 Jul 25	18:04:00	1	0	53	0	Ct	0	1	2	0	2	0	2	0	1	4	0	2	1	0	0	0	0	0	0	0	0	1	1	0	0	0	0	2	0	0	1	0	0	0
13321	30 Jul 25	18:05:00	1	0	53	0	Ct	0	1	2	1	1	0	2	1	3	1	3	1	2	0	1	2	0	1	0	0	0	1	2	0	0	1	0	0	0	0	3	0	2	1
13322	30 Jul 25	18:06:00	1	0	53	0	Ct	0	0	6	4	0	0	2	2	0	2	0	0	2	1	0	0	0	0	1	0	0	0	2	0	0	3	0	1	0	0	3	0	5	2
13323	30 Jul 25	18:07:00	1	0	53	0	Ct	0	0	6	5	3	0	3	2	2	1	2	1	5	3	4	1	0	2	2	0	1	3	5	0	0	4	0	3	0	0	3	0	2	3
13324	30 Jul 25	18:08:00	1	0	53	0	Ct	0	0	4	4	1	0	4	5	4	1	1	3	5	4	4	4	0	3	2	4	2	3	2	1	0	3	2	5	0	0	2	0	4	3
13325	30 Jul 25	18:09:00	1	0	53	0	Ct	0	0	5	3	2	3	4	4	4	2	1	5	7	6	5	6	1	2	4	1	2	1	5	1	0	3	5	2	0	0	2	0	4	3
13326	30 Jul 25	18:10:00	1	0	53	0	Ct	0	0	3	2	3	2	4	4	3	2	1	6	5	5	4	4	1	3	3	3	2	4	4	1	0	2	1	3	0	0	4	0	5	4
13327	30 Jul 25	18:11:00	1	0	53	0	Ct	0	0	4	4	3	3	4	2	5	3	3	5	6	3	5	5	1	3	5	0	3	1	4	0	0	1	4	6	0	0	2	0	4	3
13328	30 Jul 25	18:12:00	1	0	53	0	Ct	0	0	5	7	3	1	2	3	3	4	6	4	5	4	3	5	3	2	2	5	3	3	5	0	0	1	0	4	0	0	4	0	4	2
13329	30 Jul 25	18:13:00	1	0	53	0	Ct	0	0	3	3	3	3	3	3	4	0	2	4	7	3	5	4	0	3	2	0	2	4	5	2	0	4	3	4	0	0	1	0	5	4
13330	30 Jul 25	18:14:00	1	0	53	0	Ct	0	0	3	5	4	1	3	3	5	1	4	3	5	3	3	6	0	2	3	0	7	2	3	1	0	2	2	3	0	0	1	0	5	4
13331	30 Jul 25	18:15:00	1	0	53	0	Ct	0	0	5	5	3	3	4	5	2	3	6	5	4	4	4	5	0	2	4	1	4	5	2	2	0	1	4	4	0	0	4	0	5	2
13332	30 Jul 25	18:16:00	1	0	53	0	Ct	0	0	3	3	4	1	3	2	4	1	4	4	6	3	4	5	1	3	4	1	3	3	2	2	0	2	4	1	0	0	3	0	5	2
13333	30 Jul 25	18:17:00	1	0	53	0	Ct	0	0	4	3	3	2	4	3	4	2	4	6	4	3	4	5	0	5	2	5	2	2	5	0	0	3	3	0	0	0	2	0	4	3
13334	30 Jul 25	18:18:00	1	0	53	0	Ct	0	0	4	5	5	2	3	3	7	3	6	3	7	2	2	5	1	4	3	3	0	3	3	0	0	4	2	4	0	0	2	0	5	3
13335	30 Jul 25	18:19:00	1	0	53	0	Ct	0	0	3	4	2	4	4	3	3	7	5	4	5	5	3	5	2	3	5	2	2	3	2	2	0	1	3	4	0	0	3	0	4	3
13336	30 Jul 25	18:20:00	1	0	53	0	Ct	0	0	3	2	3	2	4	3	4	2	3	4	5	3	4	5	3	4	3	4	3	2	2	0	0	3	4	2	0	0	2	0	5	3
13337	30 Jul 25	18:21:00	1	0	53	0	Ct	0	0	2	2	3	1	4	4	4	3	4	5	5	2	4	6	5	5	4	3	3	3	1	1	0	2	7	5	0	0	2	0	3	3
13338	30 Jul 25	18:22:00	1	0	53	0	Ct	0	0	3	3	2	0	4	4	4	1	4	5	6	4	3	6	4	4	2	3	2	1	3	3	0	2	1	4	0	0	3	0	4	2
13339	30 Jul 25	18:23:00	1	0	53	0	Ct	0	0	4	4	4	1	3	2	2	2	3	7	4	3	3	4	0	3	2	3	3	0	2	2	0	4	4	4	0	0	0	0	8	3
13340	30 Jul 25	18:24:00	1	0	53	0	Ct	0	0	4	3	4	1	3	2	4	3	4	6	4	2	3	4	0	6	4	1	5	4	3	3	0	2	0	3	0	0	2	0	5	2
13341	30 Jul 25	18:25:00	1	0	53	0	Ct	0	0	4	1	2	1	4	3	3	4	4	6	3	4	3	5	0	4	2	3	2	3	1	0	0	2	0	0	0	0	0	0	4	1
13342	30 Jul 25	18:26:00	1	0	53	0	Ct	0	0	4	3	4	0	3	2	5	2	5	6	5	5	3	5	0	6	4	2	3	3	1	0	0	3	2	2	0	0	2	0	3	2
13343	30 Jul 25	18:27:00	1	0	53	0	Ct	0	0	3	5	3	3	2	4	2	2	3	3	2	2	5	5	3	3	4	0	3	4	4	0	0	3	1	4	0	0	4	0	3	2
13344	30 Jul 25	18:28:00	1	0	53	0	Ct	0	0	3	4	4	2	3	2	6	3	4	3	4	4	4	5	0	1	1	2	4	3	1	3	0	1	4	0	0	0	3	0	2	2
13345	30 Jul 25	18:29:00	1	0	53	0	Ct	0	0	3	3	3	0	2	3	3	1	4	3	9	2	5	5	0	4	5	4	2	1	2	1	0	2	1	1	0	0	2	0	5	3
13346	30 Jul 25	18:30:00	1	0	53	0	Ct	0	0	3	4	1	4	4	3	5	3	1	4	4	3	4	4	0	4	2	0	3	4	3	1	0	3	2	5	0	0	1	0	4	2
13347	30 Jul 25	18:31:00	1	0	53	0	Ct	0	0	3	2	2	1	3	3	6	3	3	1	4	4	3	5	0	3	4	4	1	7	3	0	0	2	1	0	0	0	4	0	4	2
13348	30 Jul 25	18:32:00	1	0	53	0	Ct	0	0	4	1	3	2	2	4	6	2	5	1	3	5	4	3	0	4	3	4	2	2	3	0	0	1	2	3	0	0	2	0	3	0
13349	30 Jul 25	18:33:00	1	0	53	0	Ct	0	0	5	4	3	2	2	4	5	2	3	3	4	2	3	5	0	5	4	3	3	1	6	0	0	3	3	3	0	0	2	0	3	4
13350	30 Jul 25	18:34:00	1	0	53	0	Ct	0	0	5	2	3	2	2	3	3	2	4	3	2	2	2	5	0	5	3	4	3	2	0	0	0	1	4	2	0	0	0	0	3	2
13351	30 Jul 25	18:35:00	1	0	53	0	Ct	0	0	4	3	4	1	3	2	2	1	4	4	1	4	4	5	0	4	2	1	4	1	4	2	0	1	3	4	0	0	4	0	4	2
13352	30 Jul 25	18:36:00	1	0	53	0	Ct	0	0	5	3	6	4	4	2	3	0	3	4	2	2	3	5	0	5	3	0	5	3	2	5	0	6	2	3	0	0	2	0	3	2
13353	30 Jul 25	18:37:00	1	0	53	0	Ct	0	0	5	3	4	1	3	3	3	2	4	5	4	3	4	6	0	5	2	2	3	3	3	5	0	5	2	2	0	0	1	0	3	2
13354	30 Jul 25	18:38:00	1	0	53	0	Ct	0	0	1	1	6	2	4	2	4	4	0	6	3	3	3	2	0	5	3	2	2	1	2	1	0	4	2	2	0	0	1	0	2	2
13355	30 Jul 25	18:39:00	1	0	53	0	Ct	0	0	4	4	1	1	1	4	3	2	2	4	3	3	4	3	0	4	5	2	2	3	2	0	0	4	3	4	0	0	1	0	2	2
13356	30 Jul 25	18:40:00	1	0	53	0	Ct	0	0	4	4	5	3	4	2	4	0	2	3	4	1	4	3	0	6	3	3	1	2	2	0	0	1	2	2	0	0	4	0	4	4
13357	30 Jul 25	18:41:00	1	0	53	0	Ct	0	0	4	3	3	1	4	4	1	2	3	5	4	4	3	5	0	3	3	1	4	2	3	0	0	4	1	3	0	0	3	0	4	5
13358	30 Jul 25	18:42:00	1	0	53	0	Ct	0	0	3	2	0	3	4	3	3	2	3	4	2	3	0	3	0	3	6	3	4	3	3	0	0	2	1	2	0	0	4	0	3	3
13359	30 Jul 25	18:43:00	1	0	53	0	Ct	0	0	4	3	4	6	3	3	3	0	2	6	5	4	5	5	0	4	1	4	2	9	2	0	0	2	0	3	0	0	1	0	4	4
13360	30 Jul 25	18:44:00	1	0	53	0	Ct	0	0	2	2	2	2	2	3	1	2	4	3	3	3	3	4	0	3	4	2	2	3	3	0	0	3	2	4	0	0	1	0	3	2
13361	30 Jul 25	18:45:00	1	0	53	0	Ct	0	0	5	2	2	4	4	2	2	0	5	3	3	3	5	4	0	4	4	1	4	2	2	0	0	2	4	3	0	0	3	0	2	4
13362	30 Jul 25	18:46:00	1	0	53	0	Ct	0	0	3	4	3	7	4	3	2	1	3	4	4	5	5	4	0	5	5	2	2	2	3	0	0	2	3	1	0	0	3	0	3	3
13363	30 Jul 25	18:47:00	1	0	53	0	Ct	0	0	4	4	1	2	4	5	2	2	2	3	2	4	3	4	0	4	3	0	0	3	2	0	0	3	2	2	0	0	2	0	4	4
13364	30 Jul 25	18:48:00	1	0	53	0	Ct	0	0	2	4	3	3	4	3	2	1	5	4	3	4	4	4	0	3	4	3	3	1	2	0	0	4	2	4	0	0	2	0	3	3
13365	30 Jul 25	18:49:00	1	0	53	0	Ct	0	0	5	3	4	4	4	3	4	3	6	3	4	3	2	6	2	3	4	0	3	2	3	0	0	2	3	3	0	0	0	0	4	4
13366	30 Jul 25	18:50:00	1	0	53	0	Ct	0	0	3	3	2	2	2	2	4	5	2	3	3	3	1	7	0	4	6	0	3	3	2	1	0	2	1	4	0	0	3	0	4	3
13367	30 Jul 25	18:51:00	1	0	53	0	Ct	0	0	4	2	2	0	2	2	2	3	4	6	3	6	3	6	0	2	1	1	0	3	3	0	0	2	0	2	0	0	1	0	3	4
13368	30 Jul 25	18:52:00	1	0	53	0	Ct	0	0	3	2	1	3	0	4	4	4	2	4	3	2	4	7	0	2	3	1	3	2	5	1	0	2	0	3	0	0	2	0	3	3
13369	30 Jul 25	18:53:00	1	0	53	0	Ct	0	0	5	2	2	2	2	4	0	0	4	3	4	2	4	8	0	4	1	2	2	3	4	0	0	0	1	2	0	0	3	0	1	2
13370	30 Jul 25	18:54:00	1	0	53	0	Ct	0	0	4	2	2	2	0	3	1	4	0	3	4	1	3	6	0	4	3	3	2	2	2	0	0	2	3	2	0	0	1	0	5	3
13371	30 Jul 25	18:55:00	1	0	53	0	Ct	0	0	1	2	2	0	3	1	1	0	2	2	6	4	4	7	0	4	3	0	3	4	4	0	0	0	2	4	0	0	2	0	5	2
13372	30 Jul 25	18:56:00	1	0	53	0	Ct	0	0	4	3	3	3	2	5	5	0	2	3	3	5	3	7	0	3	2	2	2	2	2	0	0	3	2	4	0	0	5	0	4	3
13373	30 Jul 25	18:57:00	1	0	53	0	Ct	0	0	3	2	3	3	5	5	3	2	4	3	4	5	2	5	0	1	3	1	2	3	0	0	0	1	4	3	0	0	2	0	4	2
13374	30 Jul 25	18:58:00	1	0	53	0	Ct	0	0	4	3	2	1	3	5	2	0	1	3	4	2	4	7	0	2	3	2	3	3	4	0	0	0	1	5	0	0	3	0	7	4
13375	30 Jul 25	18:59:00	1	0	53	0	Ct	0	0	2	4	4	1	2	4	3	1	0	4	6	5	3	7	0	3	2	0	3	1	0	3	0	2	2	1	0	0	2	0	6	3
13376	30 Jul 25	19:00:00	1	0	53	0	Ct	0	0	2	2	1	3	4	4	2	1	4	3	3	4	1	5	0	5	3	3	3	3	0	0	0	3	3	0	0	0	2	0	5	4
13377	30 Jul 25	19:01:00	1	0	53	0	Ct	0	0	3	1	1	3	5	4	6	2	3	6	2	6	3	7	0	4	4	3	3	4	0	0	0	2	1	2	0	0	1	0	2	2
13378	30 Jul 25	19:02:00	1	0	53	0	Ct	0	0	3	4	1	2	4	1	4	3	3	5	5	3	3	6	0	4	3	1	3	3	3	0	0	2	0	3	0	0	3	0	4	2
13379	30 Jul 25	19:03:00	1	0	53	0	Ct	0	0	1	2	1	1	5	3	3	4	3	3	3	4	2	6	1	6	2	2	4	2	1	0	0	3	2	4	0	0	3	0	5	4
13380	30 Jul 25	19:04:00	1	0	53	0	Ct	0	0	2	1	3	0	2	3	2	1	4	5	5	10	2	5	3	5	0	3	0	4	3	1	0	1	2	3	0	0	3	0	3	2
13381	30 Jul 25	19:05:00	1	0	53	0	Ct	0	0	4	0	4	1	3	4	4	6	2	3	5	1	3	5	0	3	4	1	3	5	16	0	0	1	2	4	0	0	4	0	4	2
13382	30 Jul 25	19:06:00	1	0	53	0	Ct	0	0	3	4	1	2	6	4	3	2	2	1	3	4	6	4	0	4	3	3	5	10	1	0	0	3	2	3	0	0	2	0	5	5
13383	30 Jul 25	19:07:00	1	0	53	0	Ct	0	0	3	4	2	1	3	5	5	1	3	3	5	2	6	5	0	7	3	2	2	2	2	0	0	0	1	2	0	0	4	0	2	3
13384	30 Jul 25	19:08:00	1	0	53	0	Ct	0	0	5	3	3	3	4	2	0	0	2	4	5	4	6	4	0	4	4	0	1	5	2	0	0	1	4	4	0	0	4	0	4	3
13385	30 Jul 25	19:09:00	1	0	53	0	Ct	0	0	4	3	1	3	3	4	4	2	4	3	4	1	5	6	0	5	3	2	4	4	1	0	0	2	2	0	0	0	2	0	4	4
13386	30 Jul 25	19:10:00	1	0	53	0	Ct	0	0	4	8	2	2	2	3	4	4	4	4	6	4	6	4	0	2	1	2	7	4	4	0	0	3	0	2	0	0	3	0	5	2
13387	30 Jul 25	19:11:00	1	0	53	0	Ct	0	0	1	4	3	3	2	3	2	3	4	2	0	1	4	5	0	5	2	2	8	4	1	0	0	1	2	3	0	0	5	0	4	2
13388	30 Jul 25	19:12:00	1	0	53	0	Ct	0	0	2	3	2	4	2	5	3	2	3	3	2	4	5	4	0	3	3	0	4	3	4	0	0	2	2	1	0	0	3	0	3	1
13389	30 Jul 25	19:13:00	1	0	53	0	Ct	0	0	2	5	4	3	3	1	4	3	4	2	5	3	4	2	0	2	3	3	5	2	3	0	0	1	2	5	0	0	2	0	3	3
13390	30 Jul 25	19:14:00	1	0	53	0	Ct	0	0	3	3	1	2	3	3	3	2	3	4	4	4	4	5	0	3	5	2	3	3	4	0	0	3	2	4	0	0	1	0	6	1
13391	30 Jul 25	19:15:00	1	0	53	0	Ct	0	0	4	3	3	2	3	2	6	2	0	3	4	4	0	5	0	0	4	3	3	4	3	0	0	3	1	4	0	0	2	0	5	3
13392	30 Jul 25	19:16:00	1	0	53	0	Ct	0	0	1	3	1	1	3	3	5	3	4	3	7	3	2	4	0	4	4	3	2	2	3	0	0	3	3	4	0	0	3	0	5	3
13393	30 Jul 25	19:17:00	1	0	53	0	Ct	0	0	4	3	3	1	0	4	6	2	1	3	3	3	3	5	0	4	0	4	2	3	2	0	0	3	1	3	0	0	3	0	3	4
13394	30 Jul 25	19:18:00	1	0	53	0	Ct	0	0	2	3	0	2	2	3	4	4	2	3	5	2	3	4	0	3	2	2	4	1	2	0	0	1	2	2	0	0	2	0	4	4
13395	30 Jul 25	19:19:00	1	0	53	0	Ct	0	0	4	2	3	2	5	3	2	1	0	2	5	4	3	12	0	0	6	4	4	1	3	0	0	3	2	0	0	0	4	0	5	5
13396	30 Jul 25	19:20:00	1	0	53	0	Ct	0	0	3	2	4	3	1	3	4	5	4	3	3	3	3	7	0	2	2	2	2	3	1	0	0	3	2	3	0	0	8	0	5	4
13397	30 Jul 25	19:21:00	1	0	53	0	Ct	0	0	3	3	0	2	3	4	4	2	2	4	4	2	4	8	0	4	3	3	3	3	3	0	0	2	1	2	0	0	4	0	3	5
13398	30 Jul 25	19:22:00	1	0	53	0	Ct	0	0	3	3	0	1	3	2	5	4	4	3	3	3	3	7	0	2	3	1	2	2	8	0	0	2	2	0	0	0	6	0	3	4
13399	30 Jul 25	19:23:00	1	0	53	0	Ct	0	0	4	4	4	1	4	3	4	6	2	4	5	3	5	7	0	2	2	1	2	3	4	0	0	2	2	5	0	0	2	0	5	3
13400	30 Jul 25	19:24:00	1	0	53	0	Ct	0	0	3	2	3	3	4	4	2	4	1	5	5	3	3	5	0	3	4	1	3	1	4	0	0	4	2	3	0	0	6	0	3	3
13401	30 Jul 25	19:25:00	1	0	53	0	Ct	0	0	7	3	1	0	5	3	4	1	2	4	5	3	8	8	0	3	3	3	2	3	2	0	0	1	4	7	0	0	4	0	5	3
13402	30 Jul 25	19:26:00	1	0	53	0	Ct	0	0	4	3	5	2	2	3	1	3	3	4	3	2	8	6	0	3	2	1	2	1	1	0	0	2	3	5	0	0	2	0	2	2
13403	30 Jul 25	19:27:00	1	0	53	0	Ct	0	0	6	1	5	1	3	5	3	2	2	3	5	4	3	8	2	2	7	3	2	2	1	1	0	4	4	6	0	0	5	0	2	2
13404	30 Jul 25	19:28:00	1	0	53	0	Ct	0	0	4	1	2	4	2	5	3	4	2	5	4	5	5	7	0	3	6	1	1	1	6	0	0	1	2	4	0	0	5	0	2	5
13405	30 Jul 25	19:29:00	1	0	53	0	Ct	0	0	5	6	0	3	3	3	5	2	2	6	4	6	4	6	0	4	5	1	3	3	2	0	0	1	3	2	0	0	6	0	3	2
13406	30 Jul 25	19:30:00	1	0	53	0	Ct	0	0	2	1	0	1	2	2	6	3	0	4	2	3	2	5	0	3	6	1	3	4	0	0	0	1	3	2	0	0	2	0	2	3
13407	30 Jul 25	19:31:00	1	0	53	0	Ct	0	0	5	1	0	3	4	1	3	1	2	5	4	3	4	5	1	5	5	2	2	3	0	1	0	3	2	4	0	0	3	0	6	2
13408	30 Jul 25	19:32:00	1	0	53	0	Ct	0	0	2	3	0	3	3	3	2	2	5	6	6	4	3	1	0	1	5	2	1	2	2	0	0	3	4	3	0	0	1	0	4	2
13409	30 Jul 25	19:33:00	1	0	53	0	Ct	0	0	3	2	0	4	3	5	0	3	3	5	7	4	5	4	0	3	3	0	3	3	4	0	0	2	2	1	0	0	2	0	4	3
13410	30 Jul 25	19:34:00	1	0	53	0	Ct	0	0	2	3	0	4	3	4	2	2	2	2	9	3	5	6	0	4	3	0	1	3	2	0	0	3	1	2	0	0	4	0	6	2
13411	30 Jul 25	19:35:00	1	0	53	0	Ct	0	0	5	4	0	5	2	3	6	3	0	4	4	4	5	6	4	5	5	2	4	3	5	0	0	1	3	3	0	0	2	0	5	2
13412	30 Jul 25	19:36:00	1	0	53	0	Ct	0	0	2	4	0	2	2	5	5	3	0	5	5	3	4	3	0	4	4	2	2	0	1	0	0	0	1	4	0	0	3	0	5	0
13413	30 Jul 25	19:37:00	1	0	53	0	Ct	0	0	3	3	0	1	1	6	4	1	0	4	4	3	4	5	0	10	2	2	2	3	3	0	0	3	3	2	0	0	1	0	5	1
13414	30 Jul 25	19:38:00	1	0	53	0	Ct	0	0	4	4	0	1	2	6	2	2	0	3	3	0	2	6	0	5	5	1	1	5	3	0	0	1	3	4	0	0	1	0	3	3
13415	30 Jul 25	19:39:00	1	0	53	0	Ct	0	0	5	2	0	3	4	3	4	3	3	4	8	3	4	7	0	6	2	1	2	3	4	0	0	0	3	2	0	0	3	0	5	1
13416	30 Jul 25	19:40:00	1	0	53	0	Ct	0	0	2	4	0	3	3	4	4	1	5	4	7	5	2	6	0	5	3	2	4	4	3	0	0	0	4	3	0	0	4	0	4	3
13417	30 Jul 25	19:41:00	1	0	53	0	Ct	0	0	3	5	0	1	3	3	2	0	2	4	9	8	5	2	0	5	5	2	5	2	2	1	0	5	2	3	0	0	4	0	4	1
13418	30 Jul 25	19:42:00	1	0	53	0	Ct	0	0	4	3	0	3	3	4	3	0	3	2	7	4	3	6	0	5	4	2	2	2	2	0	0	3	3	5	0	0	3	0	5	5
13419	30 Jul 25	19:43:00	1	0	53	0	Ct	0	0	2	1	0	2	3	5	2	1	2	4	5	4	1	4	0	6	2	1	3	1	2	2	0	1	4	4	0	0	3	0	3	2
13420	30 Jul 25	19:44:00	1	0	53	0	Ct	0	0	2	4	0	3	3	5	1	3	0	5	2	1	4	5	0	4	2	0	4	3	1	0	0	3	4	3	0	0	2	0	4	4
13421	30 Jul 25	19:45:00	1	0	53	0	Ct	0	0	4	2	0	1	3	2	5	4	2	3	4	1	3	4	0	4	4	2	2	3	2	0	0	3	4	4	0	0	1	0	4	2
13422	30 Jul 25	19:46:00	1	0	53	0	Ct	0	0	3	3	0	4	3	3	4	4	2	3	4	4	2	5	0	3	3	1	2	2	0	0	0	2	3	4	0	0	2	0	6	3
13423	30 Jul 25	19:47:00	1	0	53	0	Ct	0	0	2	4	0	3	4	4	3	2	7	4	6	4	4	6	0	5	1	1	3	3	1	0	0	3	2	9	0	0	4	0	2	4
13424	30 Jul 25	19:48:00	1	0	53	0	Ct	0	0	2	5	0	2	4	4	6	2	0	3	5	3	3	4	0	4	4	2	3	3	0	0	0	3	0	3	0	0	1	0	5	3
13425	30 Jul 25	19:49:00	1	0	53	0	Ct	0	0	3	4	0	2	3	3	4	0	0	3	4	4	4	2	0	4	3	2	2	1	0	0	0	1	3	2	0	0	3	0	6	1
13426	30 Jul 25	19:50:00	1	0	53	0	Ct	0	0	1	3	0	3	2	4	2	2	0	3	4	3	3	4	0	4	2	2	3	2	0	0	0	2	0	5	0	0	3	0	5	3
13427	30 Jul 25	19:51:00	1	0	53	0	Ct	0	0	1	3	0	3	4	4	2	2	0	3	3	3	3	4	1	0	2	1	1	1	0	0	0	4	0	4	0	0	3	0	4	2
13428	30 Jul 25	19:52:00	1	0	53	0	Ct	0	0	0	6	0	2	2	2	4	2	0	2	4	4	1	4	0	0	3	2	5	2	0	0	0	4	2	3	0	0	4	0	4	3
13429	30 Jul 25	19:53:00	1	0	53	0	Ct	0	0	0	5	0	6	2	4	2	3	0	2	3	2	3	7	0	2	3	2	1	5	0	0	0	4	3	3	0	0	4	0	4	3
13430	30 Jul 25	19:54:00	1	0	53	0	Ct	0	0	0	3	0	5	6	1	5	1	2	5	5	4	2	4	0	4	4	1	4	1	0	0	0	1	2	3	0	0	4	0	4	2
13431	30 Jul 25	19:55:00	1	0	53	0	Ct	0	0	0	4	0	2	6	2	4	0	0	2	5	3	5	6	0	4	2	3	0	2	0	0	0	2	3	3	0	0	3	0	5	2
13432	30 Jul 25	19:56:00	1	0	53	0	Ct	0	0	0	2	0	3	7	2	7	0	4	4	4	2	7	2	0	3	4	8	1	2	1	0	0	2	4	3	0	0	4	0	5	3
13433	30 Jul 25	19:57:00	1	0	53	0	Ct	0	0	0	2	0	3	1	4	5	2	5	1	4	3	5	3	0	5	2	2	4	2	1	0	0	3	0	5	0	0	4	0	3	4
13434	30 Jul 25	19:58:00	1	0	53	0	Ct	0	0	0	4	0	0	1	4	5	1	4	3	5	3	7	4	0	3	4	2	2	3	6	0	0	2	0	5	0	0	3	0	4	4
13435	30 Jul 25	19:59:00	1	0	53	0	Ct	0	0	0	4	0	0	2	1	3	3	4	4	3	4	5	6	0	5	4	5	2	2	3	0	0	3	0	6	0	0	3	0	6	5
13436	30 Jul 25	20:00:00	1	0	53	0	Ct	0	0	0	4	0	1	4	4	3	0	2	5	3	2	6	6	0	6	5	2	4	3	6	0	0	2	0	7	0	0	5	0	4	4
13437	30 Jul 25	20:01:00	1	0	53	0	Ct	0	0	0	2	0	1	5	3	2	1	2	4	5	2	6	2	0	3	3	3	1	2	9	0	0	3	0	6	0	0	2	0	2	4
13438	30 Jul 25	20:02:00	1	0	53	0	Ct	0	0	0	5	2	0	4	4	3	2	3	3	5	5	4	5	0	4	4	2	2	2	4	0	0	2	0	4	0	0	3	0	4	5
13439	30 Jul 25	20:03:00	1	0	53	0	Ct	0	0	0	1	3	0	5	5	3	1	1	2	5	3	6	6	0	3	3	2	2	0	5	0	0	2	3	6	0	0	3	0	1	2
13440	30 Jul 25	20:04:00	1	0	53	0	Ct	0	0	2	2	0	0	4	3	4	6	3	4	4	3	5	6	0	5	3	1	2	3	2	0	0	2	3	5	0	0	4	0	1	3
13441	30 Jul 25	20:05:00	1	0	53	0	Ct	0	0	0	2	6	0	7	1	5	3	1	5	3	0	2	6	0	2	3	2	2	3	5	1	0	2	0	6	0	0	4	0	3	2
13442	30 Jul 25	20:06:00	1	0	53	0	Ct	0	0	0	3	4	0	4	5	5	1	0	3	3	4	5	5	0	4	4	2	2	1	5	2	0	2	2	2	0	0	3	0	5	4
13443	30 Jul 25	20:07:00	1	0	53	0	Ct	0	0	0	1	4	2	2	2	4	1	6	4	5	4	3	5	0	4	5	3	1	4	3	0	0	1	5	8	0	0	4	0	5	4
13444	30 Jul 25	20:08:00	1	0	53	0	Ct	0	0	0	3	2	0	1	4	4	2	2	4	5	1	3	6	0	5	3	2	4	4	1	0	0	2	4	6	0	0	3	0	5	3
13445	30 Jul 25	20:09:00	1	0	53	0	Ct	0	0	0	1	0	0	1	2	5	2	2	2	4	4	1	4	0	8	5	2	2	2	0	0	0	2	3	5	0	0	1	0	3	2
13446	30 Jul 25	20:10:00	1	0	53	0	Ct	0	0	0	0	0	0	3	4	4	4	2	5	3	3	3	0	0	6	4	4	2	1	0	0	0	1	2	2	0	0	2	0	4	4
13447	30 Jul 25	20:11:00	1	0	53	0	Ct	0	0	0	3	0	0	1	4	2	3	0	6	2	3	3	4	0	4	5	3	2	3	0	0	0	2	5	2	0	0	0	0	4	4
13448	30 Jul 25	20:12:00	1	0	53	0	Ct	0	0	0	1	0	0	0	4	2	2	5	3	3	3	4	4	0	5	3	1	2	3	0	0	0	1	3	5	0	0	0	0	5	3
13449	30 Jul 25	20:13:00	1	0	53	0	Ct	0	0	0	3	0	0	0	3	8	1	20	4	5	5	1	8	0	3	5	2	1	2	0	0	0	2	4	4	0	0	0	0	3	3
13450	30 Jul 25	20:14:00	1	0	53	0	Ct	0	0	0	4	0	0	1	2	6	1	2	5	8	3	3	7	0	4	2	1	3	2	0	0	0	3	0	4	0	0	0	0	3	1
13451	30 Jul 25	20:15:00	1	0	53	0	Ct	0	0	0	2	0	0	2	5	5	0	3	5	1	3	4	9	0	4	2	2	4	2	0	0	0	3	0	2	0	0	0	0	2	3
13452	30 Jul 25	20:16:00	1	0	53	0	Ct	0	0	0	3	0	0	0	4	4	1	1	3	3	3	5	7	0	6	3	2	8	2	0	0	0	3	0	4	0	0	0	0	2	1
13453	30 Jul 25	20:17:00	1	0	53	0	Ct	0	0	0	1	0	0	4	2	3	1	2	4	4	2	5	7	0	3	3	2	0	3	0	0	0	1	0	3	0	0	0	0	5	3
13454	30 Jul 25	20:18:00	1	0	53	0	Ct	0	0	0	3	0	0	3	3	0	1	2	2	3	2	7	9	0	4	3	2	1	1	0	0	0	1	0	5	0	0	0	0	5	2
13455	30 Jul 25	20:19:00	1	0	53	0	Ct	0	0	0	2	0	0	2	4	1	1	2	3	0	3	6	8	0	4	3	2	0	2	0	0	0	5	0	4	0	0	0	0	5	2
13456	30 Jul 25	20:20:00	1	0	53	0	Ct	0	0	0	1	0	0	1	2	4	1	2	4	4	2	3	7	0	5	4	2	2	1	0	0	0	6	0	4	0	0	0	0	5	2
13457	30 Jul 25	20:21:00	1	0	53	0	Ct	0	0	0	3	0	2	2	3	6	2	1	3	3	1	5	6	0	4	8	2	2	1	0	0	0	1	0	2	0	0	0	0	5	4
13458	30 Jul 25	20:22:00	1	0	53	0	Ct	0	0	0	0	0	0	6	2	2	0	2	2	5	3	3	6	0	3	3	2	1	2	0	4	0	4	0	0	0	0	0	0	3	2
13459	30 Jul 25	20:23:00	1	0	53	0	Ct	0	0	0	0	0	0	5	4	4	1	0	3	4	3	3	5	0	4	2	2	2	3	0	0	0	5	0	2	0	0	0	0	4	3
13460	30 Jul 25	20:24:00	1	0	53	0	Ct	0	0	0	4	0	0	3	2	2	2	0	2	3	3	4	6	0	2	4	0	2	2	0	0	0	4	0	2	0	0	0	0	4	3
13461	30 Jul 25	20:25:00	1	0	53	0	Ct	0	0	0	5	0	0	5	2	5	1	0	2	3	1	4	4	0	5	1	2	1	3	0	0	0	2	0	4	0	0	0	0	4	1
13462	30 Jul 25	20:26:00	1	0	53	0	Ct	0	0	0	1	0	0	4	2	3	1	0	3	3	4	5	5	0	5	6	0	0	3	0	0	0	5	2	4	0	0	0	0	4	4
13463	30 Jul 25	20:27:00	1	0	53	0	Ct	0	0	0	3	0	0	2	2	4	1	0	3	1	2	4	7	0	4	3	2	0	2	0	0	0	1	3	2	0	0	0	0	5	2
13464	30 Jul 25	20:28:00	1	0	53	0	Ct	0	0	0	1	2	1	3	0	5	3	1	6	2	3	3	4	0	2	2	2	0	2	0	0	0	1	3	0	0	0	0	0	3	3
13465	30 Jul 25	20:29:00	1	0	53	0	Ct	0	0	0	2	0	0	2	4	1	6	1	5	3	3	4	4	0	4	3	0	2	3	0	2	0	2	1	1	0	0	0	0	5	3
13466	30 Jul 25	20:30:00	1	0	53	0	Ct	0	0	0	2	0	0	6	3	3	2	0	4	5	2	2	6	0	2	3	0	1	1	0	0	0	4	2	3	0	0	0	0	3	1
13467	30 Jul 25	20:31:00	1	0	53	0	Ct	0	0	0	2	0	0	4	1	0	0	0	1	3	3	3	6	0	2	3	0	2	4	0	0	0	2	0	6	0	0	0	0	2	1
13468	30 Jul 25	20:32:00	1	0	53	0	Ct	0	0	0	2	0	0	1	0	0	0	2	2	0	3	0	7	0	1	1	0	0	6	0	0	0	2	0	6	0	0	0	0	4	4
13469	30 Jul 25	20:33:00	1	0	53	0	Ct	0	0	0	2	0	0	1	3	0	0	0	4	1	4	3	5	0	2	2	0	0	1	0	0	0	1	0	4	0	0	4	0	3	2
13470	30 Jul 25	20:34:00	1	0	53	0	Ct	0	0	0	1	0	0	4	3	0	0	0	2	3	0	3	6	0	4	3	2	0	5	0	1	0	8	0	3	0	0	2	0	4	3
13471	30 Jul 25	20:35:00	1	0	53	0	Ct	0	0	0	0	0	0	10	6	0	2	0	2	0	0	5	5	5	3	4	1	2	5	0	1	0	5	0	3	0	0	1	0	5	3
13472	30 Jul 25	20:36:00	1	0	53	0	Ct	0	0	0	0	0	0	3	4	0	0	0	4	0	3	4	6	3	4	4	2	3	5	0	0	0	3	0	5	0	0	1	0	4	3
13473	30 Jul 25	20:37:00	1	0	53	0	Ct	0	0	0	0	0	0	6	4	3	0	0	4	0	3	2	5	0	5	3	0	3	2	0	0	0	5	0	3	0	0	0	0	3	3
13474	30 Jul 25	20:38:00	1	0	53	0	Ct	0	0	0	1	0	0	5	5	5	0	0	2	1	4	1	3	0	5	3	2	1	3	0	0	0	3	0	3	0	0	0	0	3	4
13475	30 Jul 25	20:39:00	1	0	53	0	Ct	0	0	0	1	0	0	2	4	1	2	0	1	2	3	1	5	0	5	3	5	4	5	0	0	0	2	0	2	0	0	2	0	4	4
13476	30 Jul 25	20:40:00	1	0	53	0	Ct	0	0	0	0	0	0	1	6	0	0	0	3	1	0	4	5	0	5	2	1	4	4	0	0	0	5	0	4	0	0	2	0	3	4
13477	30 Jul 25	20:41:00	1	0	53	0	Ct	0	0	0	0	0	0	0	6	0	1	0	4	0	0	9	4	0	3	3	1	3	4	0	0	0	7	0	0	0	0	4	0	5	4
13478	30 Jul 25	20:42:00	1	0	53	0	Ct	0	0	0	0	0	0	0	5	0	3	0	5	4	0	6	6	0	9	3	0	1	4	0	0	0	2	0	2	0	0	1	0	3	3
13479	30 Jul 25	20:43:00	1	0	53	0	Ct	0	0	0	0	0	0	0	3	0	0	0	8	2	0	6	4	0	7	3	2	2	3	0	0	0	4	0	3	0	0	3	0	3	2
13480	30 Jul 25	20:44:00	1	0	53	0	Ct	0	0	0	1	0	0	0	5	0	0	0	1	4	0	5	4	0	7	3	2	2	3	0	3	0	3	0	2	0	0	3	0	4	3
13481	30 Jul 25	20:45:00	1	0	53	0	Ct	0	0	0	2	0	0	1	3	0	0	0	0	0	0	3	6	0	3	1	1	2	3	0	0	0	3	0	2	0	0	2	0	6	1
13482	30 Jul 25	20:46:00	1	0	53	0	Ct	0	0	0	0	0	0	1	2	0	0	0	5	0	0	5	3	0	4	2	3	1	2	0	1	0	2	0	5	0	0	3	0	4	5
13483	30 Jul 25	20:47:00	1	0	53	0	Ct	0	0	0	2	0	0	2	1	0	0	0	3	0	0	5	10	0	5	3	1	0	3	0	0	0	2	0	4	0	0	3	0	1	4
13484	30 Jul 25	20:48:00	1	0	53	0	Ct	0	0	0	1	0	0	1	2	0	0	0	0	0	0	5	6	0	3	3	1	1	3	0	0	0	2	0	1	0	0	1	0	2	5
13485	30 Jul 25	20:49:00	1	0	53	0	Ct	0	0	0	3	0	0	1	3	0	0	0	3	0	3	3	6	0	5	2	1	0	3	0	0	0	2	0	2	0	0	2	0	5	4
13486	30 Jul 25	20:50:00	1	0	53	0	Ct	0	0	0	0	0	0	0	3	2	0	0	0	0	2	4	5	0	7	3	2	0	0	0	0	0	2	0	1	0	0	4	0	4	4
13487	30 Jul 25	20:51:00	1	0	53	0	Ct	0	0	0	2	0	0	3	3	0	0	0	1	0	2	2	5	0	3	1	0	0	4	0	0	0	2	0	4	0	0	3	0	4	3
13488	30 Jul 25	20:52:00	1	0	53	0	Ct	0	0	0	0	0	0	1	4	0	0	0	3	0	5	5	7	0	1	0	0	0	3	0	0	0	2	0	5	0	0	9	0	3	2
13489	30 Jul 25	20:53:00	1	0	53	0	Ct	0	0	0	0	0	0	0	5	0	0	0	0	0	3	4	6	0	5	0	0	0	3	0	0	0	0	0	1	0	0	3	0	5	2
13490	30 Jul 25	20:54:00	1	0	53	0	Ct	0	0	0	0	0	0	0	6	0	0	0	0	0	1	3	6	0	4	0	0	2	3	0	0	0	3	0	4	0	0	2	0	3	3
13491	30 Jul 25	20:55:00	1	0	53	0	Ct	0	0	0	0	0	0	0	2	0	0	0	0	3	0	3	6	0	6	0	0	1	3	0	0	0	3	0	4	0	0	4	0	4	3
13492	30 Jul 25	20:56:00	1	0	53	0	Ct	0	0	4	0	0	0	0	7	0	0	0	0	2	0	2	4	0	6	0	0	2	2	0	0	0	5	0	8	0	0	7	0	3	2
13493	30 Jul 25	20:57:00	1	0	53	0	Ct	0	0	4	0	0	0	0	6	0	0	0	1	0	0	5	4	0	7	0	0	1	4	0	0	0	4	0	4	0	0	5	0	3	3
13494	30 Jul 25	20:58:00	1	0	53	0	Ct	0	0	3	0	0	0	0	4	0	0	0	1	4	0	3	4	0	7	2	0	0	2	0	0	0	4	0	4	0	0	3	0	4	3
13495	30 Jul 25	20:59:00	1	0	53	0	Ct	0	0	5	2	0	2	0	3	0	0	0	1	1	0	3	4	0	3	0	0	0	3	0	0	0	3	0	0	0	0	3	0	6	3
13496	30 Jul 25	21:00:00	1	0	53	0	Ct	0	0	6	2	0	0	0	3	0	0	0	0	2	0	4	4	0	5	0	0	1	1	0	0	0	1	0	2	0	0	6	0	4	1
13497	30 Jul 25	21:01:00	1	0	53	0	Ct	0	0	3	0	0	0	0	3	0	0	2	0	0	0	6	2	0	5	1	0	1	0	0	0	0	0	0	4	0	0	0	0	6	4
13498	30 Jul 25	21:02:00	1	0	53	0	Ct	0	0	5	0	0	0	0	3	0	0	0	0	0	0	6	5	0	3	3	0	2	0	0	0	0	3	0	2	0	0	1	0	7	4
13499	30 Jul 25	21:03:00	1	0	53	0	Ct	0	0	5	0	0	0	0	2	0	0	4	2	0	0	5	3	0	4	0	0	3	0	0	0	0	1	0	6	0	0	2	0	4	5
13500	30 Jul 25	21:04:00	1	0	53	0	Ct	0	0	6	0	0	0	1	2	0	0	3	0	0	0	4	4	0	4	1	0	2	0	0	0	0	4	0	3	0	0	3	0	4	1
13501	30 Jul 25	21:05:00	1	0	53	0	Ct	0	0	5	0	0	0	0	1	0	0	2	0	0	0	5	6	0	3	3	0	2	0	0	0	0	1	0	2	0	0	3	0	3	1
13502	30 Jul 25	21:06:00	1	0	53	0	Ct	0	0	2	0	0	0	0	3	0	0	3	0	0	0	5	4	0	4	2	0	0	0	0	0	0	0	0	2	0	0	3	0	6	2
13503	30 Jul 25	21:07:00	1	0	53	0	Ct	0	0	5	0	0	0	0	1	0	0	2	0	0	0	3	5	0	5	2	0	2	0	0	0	0	2	0	3	0	0	3	0	5	5
13504	30 Jul 25	21:08:00	1	0	53	0	Ct	0	0	4	1	0	0	2	5	0	0	1	0	2	0	2	5	0	5	5	0	1	0	0	0	0	1	0	3	0	0	3	0	4	5
13505	30 Jul 25	21:09:00	1	0	53	0	Ct	0	0	3	0	0	0	5	4	0	0	5	0	2	0	2	6	0	7	2	0	3	0	0	0	0	1	0	3	0	0	6	0	4	6
13506	30 Jul 25	21:10:00	1	0	53	0	Ct	0	0	2	0	0	0	3	3	0	0	2	2	0	0	3	2	0	7	2	0	0	0	0	0	0	2	0	2	0	0	2	0	1	6
13507	30 Jul 25	21:11:00	1	0	53	0	Ct	0	0	2	2	0	0	2	2	0	0	6	2	0	0	3	5	0	8	3	0	2	4	0	0	0	2	0	2	0	0	2	0	2	5
13508	30 Jul 25	21:12:00	1	0	53	0	Ct	0	0	0	1	0	0	4	4	0	0	4	0	0	0	4	4	0	6	4	0	0	3	0	0	0	1	0	3	0	0	3	0	3	4
13509	30 Jul 25	21:13:00	1	0	53	0	Ct	0	0	0	5	0	0	4	2	0	0	5	0	0	0	4	3	0	6	3	0	1	4	0	0	0	0	0	5	0	0	2	0	5	3
13510	30 Jul 25	21:14:00	1	0	53	0	Ct	0	0	0	2	0	0	3	3	0	0	5	2	0	0	3	4	0	4	0	0	3	2	0	0	0	0	0	7	0	0	5	0	5	4
13511	30 Jul 25	21:15:00	1	0	53	0	Ct	0	0	0	2	0	0	3	1	0	0	3	4	0	0	2	4	0	4	0	0	0	4	0	0	0	2	0	3	0	0	4	0	3	3
13512	30 Jul 25	21:16:00	1	0	53	0	Ct	0	0	2	0	0	0	0	2	0	0	3	2	0	2	4	5	0	4	0	0	0	4	0	0	0	2	1	6	0	0	1	0	4	4
13513	30 Jul 25	21:17:00	1	0	53	0	Ct	0	0	5	0	0	0	0	3	0	0	2	2	0	2	6	5	0	5	0	0	0	3	0	0	0	0	1	4	0	0	5	0	4	2
13514	30 Jul 25	21:18:00	1	0	53	0	Ct	0	0	5	0	0	0	0	1	0	0	1	2	1	2	6	4	0	3	0	0	0	2	0	0	0	0	0	5	0	0	1	0	4	3
13515	30 Jul 25	21:19:00	1	0	53	0	Ct	0	0	2	0	0	0	0	2	0	0	2	5	0	1	2	6	0	5	0	0	0	5	0	1	0	1	0	5	0	0	5	0	3	2
13516	30 Jul 25	21:20:00	1	0	53	0	Ct	0	0	2	0	0	0	0	3	0	0	3	4	2	1	2	8	0	4	0	0	0	4	0	2	0	0	0	2	0	0	2	0	3	2
13517	30 Jul 25	21:21:00	1	0	53	0	Ct	0	0	3	0	0	0	0	1	0	0	1	2	1	0	6	7	0	6	0	0	0	2	0	0	0	1	0	4	0	0	3	0	4	5
13518	30 Jul 25	21:22:00	1	0	53	0	Ct	0	0	3	0	0	0	0	1	0	0	1	4	3	0	4	7	0	6	0	0	1	5	0	0	0	0	0	5	0	0	5	0	5	2
13519	30 Jul 25	21:23:00	1	0	53	0	Ct	0	0	2	2	0	2	0	2	0	0	4	4	0	0	3	7	0	2	0	0	3	2	0	0	0	2	0	1	0	0	2	0	4	3
13520	30 Jul 25	21:24:00	1	0	53	0	Ct	0	0	2	0	0	0	0	3	0	0	2	6	2	0	4	9	0	4	1	0	1	4	0	0	0	7	0	1	0	0	2	0	4	2
13521	30 Jul 25	21:25:00	1	0	53	0	Ct	0	0	2	0	0	0	0	4	0	0	0	3	0	0	4	6	0	4	0	0	0	4	0	0	0	1	0	2	0	0	3	0	3	3
13522	30 Jul 25	21:26:00	1	0	53	0	Ct	0	0	0	0	0	0	0	4	0	0	3	5	2	0	4	4	0	1	0	0	0	3	0	0	0	1	0	4	0	0	3	0	3	5
13523	30 Jul 25	21:27:00	1	0	53	0	Ct	0	0	4	0	0	0	0	3	0	0	3	4	3	0	0	5	0	4	0	0	0	3	0	0	0	1	0	2	0	0	2	0	2	3
13524	30 Jul 25	21:28:00	1	0	53	0	Ct	0	0	3	0	0	0	0	3	0	0	2	3	4	1	1	6	0	4	0	0	0	3	0	0	0	1	0	4	0	0	1	0	2	3
13525	30 Jul 25	21:29:00	1	0	53	0	Ct	0	0	2	3	0	0	0	5	0	0	2	4	3	1	4	4	0	6	1	0	0	1	0	0	0	1	0	2	0	0	4	0	3	4
13526	30 Jul 25	21:30:00	1	0	53	0	Ct	0	0	4	3	0	0	0	1	0	0	2	4	1	0	4	4	0	5	2	0	0	2	0	0	0	0	0	1	0	0	4	0	7	2
13527	30 Jul 25	21:31:00	1	0	53	0	Ct	0	0	1	0	0	0	1	1	0	0	2	2	0	0	3	5	0	5	2	0	0	3	0	0	0	0	0	4	0	0	4	0	6	0
13528	30 Jul 25	21:32:00	1	0	53	0	Ct	0	0	2	1	0	0	5	3	0	0	3	2	2	0	3	2	0	4	1	0	0	2	0	0	0	1	0	5	0	0	3	0	5	3
13529	30 Jul 25	21:33:00	1	0	53	0	Ct	0	0	2	1	0	0	0	1	0	0	0	1	2	0	4	6	0	6	1	0	0	1	0	0	0	0	0	4	0	0	3	0	3	4
13530	30 Jul 25	21:34:00	1	0	53	0	Ct	0	0	3	4	0	0	0	3	0	0	2	1	0	0	3	5	0	2	0	0	0	2	0	2	0	1	0	1	0	0	3	0	4	3
13531	30 Jul 25	21:35:00	1	0	53	0	Ct	0	0	2	3	0	0	3	3	0	0	3	0	0	0	3	5	0	3	0	0	0	3	0	0	0	2	0	1	0	0	3	0	3	4
13532	30 Jul 25	21:36:00	1	0	53	0	Ct	0	0	3	1	0	0	3	2	0	0	1	1	0	4	2	6	0	3	0	0	0	0	0	0	0	0	0	2	0	0	3	0	4	4
13533	30 Jul 25	21:37:00	1	0	53	0	Ct	0	0	2	2	0	0	0	3	0	0	1	0	0	5	2	4	0	1	0	0	0	3	0	0	0	0	0	1	0	0	2	0	5	4
13534	30 Jul 25	21:38:00	1	0	53	0	Ct	0	0	2	3	0	0	0	2	0	0	2	0	0	2	0	1	0	4	0	0	0	8	0	0	0	0	0	4	0	0	2	0	2	3
13535	30 Jul 25	21:39:00	1	0	53	0	Ct	0	0	3	3	0	0	0	1	0	0	3	0	0	2	5	3	0	3	0	0	0	7	0	0	0	0	4	4	0	0	7	0	4	2
13536	30 Jul 25	21:40:00	1	0	53	0	Ct	0	0	1	0	0	0	1	3	0	0	2	0	0	2	4	4	0	3	0	0	0	8	0	1	0	4	3	2	0	0	4	0	4	2
13537	30 Jul 25	21:41:00	1	0	53	0	Ct	0	0	3	0	0	0	3	1	0	0	0	1	0	0	4	3	0	4	0	0	0	3	0	1	0	1	1	3	0	0	1	0	2	3
13538	30 Jul 25	21:42:00	1	0	53	0	Ct	0	0	4	0	0	0	3	0	0	0	1	1	0	0	4	5	0	3	5	0	0	5	0	2	0	0	0	2	0	0	0	0	4	3
13539	30 Jul 25	21:43:00	1	0	53	0	Ct	0	0	1	0	0	0	4	4	0	0	0	4	0	0	3	2	0	3	1	0	0	3	0	2	0	2	0	2	0	0	0	0	3	4
13540	30 Jul 25	21:44:00	1	0	53	0	Ct	0	0	2	0	0	0	2	3	0	0	0	2	0	0	1	6	0	3	0	0	0	4	0	2	0	4	0	0	0	0	0	0	3	4
13541	30 Jul 25	21:45:00	1	0	53	0	Ct	0	0	3	0	0	0	3	5	0	0	0	0	1	0	4	3	0	5	0	0	0	4	0	2	0	3	0	2	0	0	0	0	1	3
13542	30 Jul 25	21:46:00	1	0	53	0	Ct	0	0	2	0	0	0	2	1	0	0	0	0	3	0	5	5	0	4	0	0	0	4	0	1	0	2	0	2	0	0	0	0	5	4
13543	30 Jul 25	21:47:00	1	0	53	0	Ct	0	0	2	4	0	0	2	2	0	0	2	0	0	0	0	4	0	6	0	0	0	8	0	1	0	2	0	0	0	0	0	0	5	2
13544	30 Jul 25	21:48:00	1	0	53	0	Ct	0	0	3	0	0	0	3	3	0	0	1	0	0	0	4	3	0	4	0	0	0	1	0	0	0	1	0	1	0	0	0	0	7	1
13545	30 Jul 25	21:49:00	1	0	53	0	Ct	0	0	2	2	0	0	3	3	0	0	0	0	0	1	1	4	0	3	0	0	0	4	0	0	0	0	0	3	0	0	0	0	3	4
13546	30 Jul 25	21:50:00	1	0	53	0	Ct	0	0	1	2	0	0	2	1	0	0	0	0	0	4	4	5	0	2	0	0	0	4	0	0	0	0	0	2	0	0	0	0	3	2
13547	30 Jul 25	21:51:00	1	0	53	0	Ct	0	0	2	2	0	0	2	3	0	0	1	0	0	5	2	2	0	1	0	0	0	4	0	0	0	1	0	4	0	0	2	0	4	3
13548	30 Jul 25	21:52:00	1	0	53	0	Ct	0	0	1	1	0	0	4	2	0	0	1	0	0	6	1	6	0	4	0	0	0	4	0	0	0	3	0	2	0	0	1	0	6	3
13549	30 Jul 25	21:53:00	1	0	53	0	Ct	0	0	3	1	0	0	2	1	0	0	1	0	2	3	2	8	0	4	0	0	0	2	0	0	0	4	0	4	0	0	0	0	4	4
13550	30 Jul 25	21:54:00	1	0	53	0	Ct	0	0	3	4	0	0	0	3	0	0	0	0	3	5	3	9	0	4	0	0	0	2	0	0	0	3	0	3	0	0	0	0	6	3
13551	30 Jul 25	21:55:00	1	0	53	0	Ct	0	0	3	0	0	0	2	2	0	0	0	0	2	4	3	6	0	3	0	0	0	3	0	0	0	5	0	3	0	0	0	0	5	4
13552	30 Jul 25	21:56:00	1	0	53	0	Ct	0	0	3	2	0	0	4	1	0	0	0	2	0	3	3	8	0	5	0	0	0	2	0	0	0	1	0	3	0	0	0	0	5	4
13553	30 Jul 25	21:57:00	1	0	53	0	Ct	0	0	0	4	2	0	0	2	0	0	2	0	0	4	0	8	0	6	0	0	0	3	0	0	0	6	0	2	0	0	0	0	6	1
13554	30 Jul 25	21:58:00	1	0	53	0	Ct	0	0	3	1	0	0	0	3	0	7	0	0	0	3	2	3	3	3	0	0	0	3	0	0	0	10	0	0	0	0	0	0	4	4
13555	30 Jul 25	21:59:00	1	0	53	0	Ct	0	0	2	1	0	0	0	0	0	0	2	0	0	0	0	7	1	4	0	0	0	2	0	0	0	1	0	0	0	0	0	0	5	2
13556	30 Jul 25	22:00:00	1	0	53	0	Ct	0	0	1	2	0	0	0	0	0	0	1	0	0	0	2	4	0	1	0	0	0	2	0	0	0	1	0	1	0	0	0	0	4	2
13557	30 Jul 25	22:01:00	1	0	53	0	Ct	0	0	3	1	0	0	0	3	0	0	2	0	0	0	4	6	0	0	0	0	0	5	0	0	0	4	0	1	0	0	0	0	4	2
13558	30 Jul 25	22:02:00	1	0	53	0	Ct	0	0	3	0	0	0	0	1	0	0	2	0	0	0	4	6	0	2	0	0	0	5	0	0	0	0	0	0	0	0	0	0	1	2
13559	30 Jul 25	22:03:00	1	0	53	0	Ct	0	0	3	0	0	0	0	1	0	0	1	0	0	0	4	3	0	5	0	0	0	0	0	0	0	0	0	2	0	0	0	0	4	1
13560	30 Jul 25	22:04:00	1	0	53	0	Ct	0	0	2	2	0	0	0	2	0	2	0	0	0	0	3	3	0	7	0	0	0	2	0	0	0	0	0	1	0	0	0	0	4	2
13561	30 Jul 25	22:05:00	1	0	53	0	Ct	0	0	3	0	0	0	0	0	0	0	0	0	0	0	5	3	0	4	0	0	0	1	0	0	0	0	0	0	0	0	0	0	2	2
13562	30 Jul 25	22:06:00	1	0	53	0	Ct	0	0	2	0	0	0	0	1	0	2	0	1	0	0	3	5	0	5	0	0	0	5	0	0	0	0	0	8	0	0	0	0	0	3
13563	30 Jul 25	22:07:00	1	0	53	0	Ct	0	0	1	0	0	0	0	1	0	3	0	3	0	0	3	7	0	7	0	0	0	2	0	0	0	0	0	6	0	0	0	0	3	2
13564	30 Jul 25	22:08:00	1	0	53	0	Ct	0	0	4	0	0	0	0	0	0	2	0	0	0	0	3	3	0	2	0	0	0	4	0	0	0	0	0	8	0	0	0	0	5	3
13565	30 Jul 25	22:09:00	1	0	53	0	Ct	0	0	2	0	0	0	1	3	0	3	0	2	0	0	3	5	0	5	0	0	0	2	0	0	0	0	0	5	0	0	0	0	2	3
13566	30 Jul 25	22:10:00	1	0	53	0	Ct	0	0	3	0	0	0	3	1	0	1	0	0	0	0	3	7	0	3	0	0	0	3	0	0	0	0	0	1	0	0	0	0	4	3
13567	30 Jul 25	22:11:00	1	0	53	0	Ct	0	0	1	0	0	0	2	2	0	2	0	0	0	0	3	3	0	3	0	0	0	2	0	0	0	0	0	1	0	0	0	0	4	2
13568	30 Jul 25	22:12:00	1	0	53	0	Ct	0	0	0	0	0	0	4	0	0	4	0	0	0	0	4	3	0	7	0	0	0	1	0	0	0	0	0	2	0	0	0	0	3	1
13569	30 Jul 25	22:13:00	1	0	53	0	Ct	0	0	2	0	0	0	2	2	0	4	0	0	0	0	2	6	0	3	0	0	0	3	0	0	0	0	0	2	0	0	0	0	5	2
13570	30 Jul 25	22:14:00	1	0	53	0	Ct	0	0	2	0	0	0	1	1	0	6	0	0	0	0	3	5	0	1	0	0	0	4	0	0	0	0	0	3	0	0	1	0	3	1
13571	30 Jul 25	22:15:00	1	0	53	0	Ct	0	0	2	0	0	1	2	0	0	3	0	0	0	0	2	3	0	2	0	0	0	0	0	0	0	0	0	1	0	0	1	0	3	1
13572	30 Jul 25	22:16:00	1	0	53	0	Ct	0	0	0	0	0	0	4	1	0	3	2	0	0	0	3	3	0	3	0	0	0	3	0	0	0	0	0	2	0	0	2	0	4	1
13573	30 Jul 25	22:17:00	1	0	53	0	Ct	0	0	2	1	0	0	1	3	0	3	1	0	0	0	3	4	0	4	0	0	0	1	0	0	0	0	0	0	0	0	6	0	4	1
13574	30 Jul 25	22:18:00	1	0	53	0	Ct	0	0	3	2	0	0	3	3	0	7	0	0	0	0	2	0	0	4	0	0	0	2	0	1	0	0	0	1	0	0	3	0	4	4
13575	30 Jul 25	22:19:00	1	0	53	0	Ct	0	0	3	0	0	0	1	3	0	4	4	0	0	0	2	3	0	0	0	0	0	0	0	1	0	0	0	0	0	0	3	0	5	1
13576	30 Jul 25	22:20:00	1	0	53	0	Ct	0	0	8	1	0	0	4	1	0	4	5	0	1	0	2	2	0	0	2	0	0	1	0	0	0	0	0	0	0	0	3	0	4	2
13577	30 Jul 25	22:21:00	1	0	53	0	Ct	0	0	3	2	0	1	2	3	0	3	3	0	1	0	4	5	0	4	2	0	0	3	0	0	0	0	0	0	0	0	8	0	2	2
13578	30 Jul 25	22:22:00	1	0	53	0	Ct	0	0	1	0	0	0	2	2	0	3	4	0	0	0	5	4	0	2	0	0	0	2	0	0	0	0	2	3	0	0	8	0	0	1
13579	30 Jul 25	22:23:00	1	0	53	0	Ct	0	0	2	1	0	0	5	4	0	4	3	0	2	0	2	5	0	2	0	0	0	1	0	0	0	0	0	0	0	0	2	0	2	4
13580	30 Jul 25	22:24:00	1	0	53	0	Ct	0	0	1	4	0	0	2	4	0	3	5	0	0	0	3	5	0	2	0	0	2	0	0	0	0	0	2	3	0	0	0	0	3	1
13581	30 Jul 25	22:25:00	1	0	53	0	Ct	0	0	1	2	0	0	3	2	0	5	4	0	0	0	1	3	0	0	0	0	2	3	0	1	0	0	1	6	0	0	5	0	4	2
13582	30 Jul 25	22:26:00	1	0	53	0	Ct	0	0	5	0	0	1	3	1	0	2	3	0	0	0	6	6	0	0	0	0	0	1	0	2	0	2	2	3	0	0	4	0	4	1
13583	30 Jul 25	22:27:00	1	0	53	0	Ct	0	0	6	0	0	0	4	1	0	3	5	0	0	0	2	8	0	1	0	0	0	0	0	1	0	0	0	2	0	0	7	0	3	2
13584	30 Jul 25	22:28:00	1	0	53	0	Ct	0	0	6	1	0	0	5	5	0	2	5	0	0	0	2	9	0	0	0	0	0	0	0	0	0	0	0	2	0	0	5	0	5	2
13585	30 Jul 25	22:29:00	1	0	53	0	Ct	0	0	1	0	0	0	5	2	0	2	0	0	0	0	3	8	0	1	0	0	0	5	0	0	0	2	0	0	0	0	5	0	2	1
13586	30 Jul 25	22:30:00	1	0	53	0	Ct	0	0	0	0	0	0	1	7	0	2	2	0	0	0	3	6	0	2	0	0	0	0	0	0	0	4	0	5	0	0	3	0	3	0
13587	30 Jul 25	22:31:00	1	0	53	0	Ct	0	0	0	3	0	0	4	5	0	2	2	0	0	0	0	6	0	3	0	0	0	8	0	0	0	1	0	4	0	0	0	0	1	1
13588	30 Jul 25	22:32:00	1	0	53	0	Ct	0	0	0	2	0	0	3	4	0	3	3	0	0	0	2	5	0	5	0	0	0	3	0	0	0	2	0	2	0	0	0	0	4	2
13589	30 Jul 25	22:33:00	1	0	53	0	Ct	0	0	2	0	0	0	2	3	0	4	3	1	0	0	2	2	0	2	0	0	0	0	0	0	0	0	0	2	0	0	0	0	3	2
13590	30 Jul 25	22:34:00	1	0	53	0	Ct	0	0	0	0	0	0	5	7	0	2	0	1	0	1	2	4	0	5	0	0	2	2	0	0	0	2	0	4	0	0	0	0	1	3
13591	30 Jul 25	22:35:00	1	0	53	0	Ct	0	0	0	0	0	0	2	2	0	5	5	0	0	0	4	6	0	3	0	0	3	5	0	0	0	1	0	3	0	0	2	0	2	3
13592	30 Jul 25	22:36:00	1	0	53	0	Ct	0	0	2	0	0	0	8	6	0	3	3	0	0	0	2	6	0	3	0	0	2	5	0	0	0	0	0	1	0	0	0	0	5	4
13593	30 Jul 25	22:37:00	1	0	53	0	Ct	0	0	2	0	0	0	3	5	0	0	1	0	0	0	3	4	0	1	0	0	0	6	0	0	0	1	0	2	0	0	2	0	3	3
13594	30 Jul 25	22:38:00	1	0	53	0	Ct	0	0	1	0	0	0	3	4	0	6	4	4	0	0	0	5	0	3	0	0	0	3	0	0	0	1	0	2	0	0	0	0	7	3
13595	30 Jul 25	22:39:00	1	0	53	0	Ct	0	0	1	0	0	0	1	9	0	2	8	4	0	0	0	4	0	3	0	0	0	0	0	0	0	2	0	0	0	0	0	0	2	2
13596	30 Jul 25	22:40:00	1	0	53	0	Ct	0	0	0	0	0	0	3	1	0	3	4	0	0	2	0	5	0	2	0	0	0	2	0	0	0	0	0	4	0	0	3	0	0	2
13597	30 Jul 25	22:41:00	1	0	53	0	Ct	0	0	0	0	0	0	2	3	1	3	2	0	0	2	0	5	0	3	0	0	0	5	0	0	0	2	0	0	0	0	1	0	2	1
13598	30 Jul 25	22:42:00	1	0	53	0	Ct	0	0	0	0	0	0	3	1	1	3	2	0	0	2	0	5	0	3	0	0	0	3	0	1	0	1	0	0	0	0	2	0	3	2
13599	30 Jul 25	22:43:00	1	0	53	0	Ct	0	0	0	0	0	0	2	0	0	2	3	0	0	0	2	5	0	1	2	0	0	3	0	0	0	2	0	0	0	0	0	0	3	1
13600	30 Jul 25	22:44:00	1	0	53	0	Ct	0	0	0	0	0	0	2	0	0	3	0	0	0	0	1	9	0	4	1	0	0	4	0	2	0	0	0	1	0	0	0	0	2	2
13601	30 Jul 25	22:45:00	1	0	53	0	Ct	0	0	0	0	0	0	2	0	0	3	3	0	2	2	0	6	0	3	0	0	0	5	0	1	0	3	0	3	0	0	3	0	6	1
13602	30 Jul 25	22:46:00	1	0	53	0	Ct	0	0	0	0	0	0	1	0	2	3	0	0	0	1	0	3	0	1	0	0	0	5	0	0	0	1	0	3	0	0	1	0	2	3
13603	30 Jul 25	22:47:00	1	0	53	0	Ct	0	0	4	2	0	0	2	0	0	4	12	0	0	2	0	6	0	0	0	0	0	2	1	0	0	4	0	1	0	0	3	0	5	2
13604	30 Jul 25	22:48:00	1	0	53	0	Ct	0	0	4	0	0	0	2	0	1	1	2	0	0	0	0	5	0	3	0	0	0	3	1	0	0	4	0	0	0	0	0	0	8	2
13605	30 Jul 25	22:49:00	1	0	53	0	Ct	0	0	4	0	0	0	2	0	0	9	4	0	3	1	3	6	1	3	0	0	0	2	0	0	0	2	0	1	0	0	0	0	3	2
13606	30 Jul 25	22:50:00	1	0	53	0	Ct	0	0	2	0	0	0	2	0	0	2	2	0	1	0	2	7	1	2	0	0	0	1	0	0	0	1	0	0	0	0	0	0	3	6
13607	30 Jul 25	22:51:00	1	0	53	0	Ct	0	0	3	0	0	0	1	0	1	1	3	0	0	0	2	5	0	1	0	0	0	2	0	0	0	3	0	0	0	0	2	0	3	1
13608	30 Jul 25	22:52:00	1	0	53	0	Ct	0	0	3	0	0	0	2	0	0	4	3	0	1	0	1	5	0	4	0	0	0	0	0	0	0	2	0	0	0	0	1	0	3	2
13609	30 Jul 25	22:53:00	1	0	53	0	Ct	0	0	5	0	0	0	2	2	0	0	3	0	1	0	1	7	0	1	0	0	0	0	0	0	0	1	0	0	0	0	2	0	1	4
13610	30 Jul 25	22:54:00	1	0	53	0	Ct	0	0	6	0	0	0	2	4	0	1	6	0	2	1	3	14	0	3	0	0	1	2	0	0	0	0	0	0	0	0	2	0	0	3
13611	30 Jul 25	22:55:00	1	0	53	0	Ct	0	0	4	0	0	0	4	1	0	1	1	0	1	0	2	2	0	2	0	0	3	3	0	0	0	0	0	0	0	0	1	0	1	3
13612	30 Jul 25	22:56:00	1	0	53	0	Ct	0	0	7	0	0	0	3	0	0	2	0	0	6	0	0	5	0	2	0	0	3	1	0	0	0	3	0	0	0	0	5	0	2	4
13613	30 Jul 25	22:57:00	1	0	53	0	Ct	0	0	1	0	0	0	2	0	0	1	0	0	1	0	0	4	0	1	0	0	0	2	0	0	0	0	0	2	0	0	8	0	0	4
13614	30 Jul 25	22:58:00	1	0	53	0	Ct	0	0	1	0	0	0	3	0	0	1	0	0	1	0	2	1	0	4	0	0	0	2	0	0	0	1	0	1	0	0	4	0	3	2
13615	30 Jul 25	22:59:00	1	0	53	0	Ct	0	0	4	0	0	0	2	0	0	0	2	0	1	0	3	4	0	2	0	0	0	1	0	0	0	2	0	3	0	0	4	0	3	4
13616	30 Jul 25	23:00:00	1	0	53	0	Ct	0	0	2	4	0	0	2	2	0	2	0	0	0	0	6	5	0	1	0	0	1	1	0	1	0	2	0	2	0	0	3	0	2	3
13617	30 Jul 25	23:01:00	1	0	53	0	Ct	0	0	3	0	0	0	2	0	0	2	2	0	0	0	2	3	0	0	0	0	0	2	1	0	0	1	0	0	0	0	1	0	4	2
13618	30 Jul 25	23:02:00	1	0	53	0	Ct	0	0	3	0	0	0	0	0	0	1	1	0	0	0	2	3	0	0	0	0	0	3	1	1	0	1	0	2	0	0	3	0	5	2
13619	30 Jul 25	23:03:00	1	0	53	0	Ct	0	0	2	0	0	0	0	0	2	2	2	0	5	0	3	3	0	0	0	0	0	2	0	0	0	3	0	4	0	0	3	0	4	4
13620	30 Jul 25	23:04:00	1	0	53	0	Ct	0	0	2	0	0	0	0	0	0	1	3	0	4	0	4	0	0	1	0	0	0	2	0	0	0	1	0	4	0	0	2	0	3	1
13621	30 Jul 25	23:05:00	1	0	53	0	Ct	0	0	2	0	0	0	1	0	0	1	0	0	1	0	1	0	0	3	0	0	3	1	0	0	0	3	0	3	0	0	1	0	4	5
13622	30 Jul 25	23:06:00	1	0	53	0	Ct	0	0	2	0	0	0	2	0	0	2	1	0	0	0	0	0	0	2	0	0	1	2	0	0	0	1	0	4	0	0	4	0	4	4
13623	30 Jul 25	23:07:00	1	0	53	0	Ct	0	0	4	0	0	0	2	0	0	1	1	0	0	0	5	1	0	2	0	0	0	2	2	0	0	1	0	6	0	0	1	0	3	3
13624	30 Jul 25	23:08:00	1	0	53	0	Ct	0	0	2	0	0	0	4	1	1	0	0	0	2	0	3	5	0	1	0	0	0	2	2	0	0	4	0	5	0	0	2	0	2	4
13625	30 Jul 25	23:09:00	1	0	53	0	Ct	0	0	0	0	0	0	0	0	1	0	0	0	1	0	2	4	0	5	0	0	0	2	0	0	0	3	0	2	0	0	4	0	4	3
13626	30 Jul 25	23:10:00	1	0	53	0	Ct	0	0	1	0	0	0	2	0	0	0	4	0	2	0	1	4	0	2	0	0	0	3	3	0	0	0	0	1	0	0	2	0	2	3
13627	30 Jul 25	23:11:00	1	0	53	0	Ct	0	0	3	0	0	0	3	1	0	3	4	0	0	0	6	4	0	3	0	0	0	1	2	0	0	0	0	4	0	0	2	0	2	4
13628	30 Jul 25	23:12:00	1	0	53	0	Ct	0	0	5	0	1	0	3	0	0	5	3	2	0	0	2	4	0	3	0	0	0	0	3	1	0	0	0	4	0	0	1	0	2	3
13629	30 Jul 25	23:13:00	1	0	53	0	Ct	0	0	5	0	1	0	2	0	0	2	4	0	0	0	3	0	0	6	0	0	0	0	5	1	0	0	0	5	0	0	2	0	4	0
13630	30 Jul 25	23:14:00	1	0	53	0	Ct	0	0	6	2	0	0	0	0	0	0	5	0	0	0	2	2	0	1	0	0	0	1	5	0	0	0	0	6	0	0	1	0	4	3
13631	30 Jul 25	23:15:00	1	0	53	0	Ct	0	0	2	0	0	0	2	0	0	1	1	0	0	0	0	6	0	0	0	0	0	0	1	0	0	0	0	4	0	0	5	0	3	3
13632	30 Jul 25	23:16:00	1	0	53	0	Ct	0	0	4	0	0	0	1	0	0	1	2	0	2	0	1	4	0	0	0	0	0	0	4	0	0	0	0	4	0	0	8	0	4	0
13633	30 Jul 25	23:17:00	1	0	53	0	Ct	0	0	1	1	0	0	4	2	0	0	1	0	3	0	1	4	0	0	0	0	0	1	2	1	0	1	0	3	0	0	0	0	3	2
13634	30 Jul 25	23:18:00	1	0	53	0	Ct	0	0	1	0	0	0	3	0	0	0	0	0	1	2	1	5	0	2	0	0	0	0	1	1	0	1	0	1	0	0	0	0	4	3
13635	30 Jul 25	23:19:00	1	0	53	0	Ct	0	0	3	0	0	0	1	0	0	3	0	0	0	0	3	6	0	5	0	0	0	0	0	0	0	0	0	4	0	0	2	0	7	2
13636	30 Jul 25	23:20:00	1	0	53	0	Ct	0	0	3	0	0	0	2	0	0	1	3	0	2	6	2	4	0	0	0	0	0	0	0	0	0	2	0	0	0	0	0	0	1	1
13637	30 Jul 25	23:21:00	1	0	53	0	Ct	0	0	2	0	0	0	2	0	0	2	2	0	2	1	0	2	0	5	0	0	0	0	0	0	0	0	0	0	0	0	0	0	0	1
13638	30 Jul 25	23:22:00	1	0	53	0	Ct	0	0	3	0	0	0	2	0	0	0	1	0	0	0	1	5	0	2	0	0	0	0	0	0	0	0	0	2	0	0	0	0	1	1
13639	30 Jul 25	23:23:00	1	0	53	0	Ct	0	0	2	5	0	0	2	3	0	3	3	0	0	0	0	6	0	2	0	0	0	0	0	0	0	0	0	0	0	0	0	0	2	3
13640	30 Jul 25	23:24:00	1	0	53	0	Ct	0	0	1	4	0	0	0	2	0	1	2	0	1	0	1	4	0	3	1	0	0	0	0	0	0	0	0	0	0	0	0	0	3	3
13641	30 Jul 25	23:25:00	1	0	53	0	Ct	0	0	0	0	0	0	2	1	0	4	2	0	4	0	0	5	0	2	3	0	0	0	0	0	0	0	0	0	0	0	0	0	3	3
13642	30 Jul 25	23:26:00	1	0	53	0	Ct	0	0	0	3	0	0	3	1	0	0	2	0	1	0	0	4	0	4	0	0	0	0	0	0	0	1	0	0	0	0	0	0	3	3
13643	30 Jul 25	23:27:00	1	0	53	0	Ct	0	0	2	1	0	0	0	3	0	2	2	0	1	0	0	4	0	3	0	0	0	2	0	0	0	1	2	0	0	0	0	0	3	2
13644	30 Jul 25	23:28:00	1	0	53	0	Ct	0	0	2	0	0	0	0	1	0	1	0	0	1	0	0	8	0	4	0	0	0	2	0	0	0	0	0	0	0	0	0	0	2	1
13645	30 Jul 25	23:29:00	1	0	53	0	Ct	0	0	0	0	0	0	0	0	0	2	0	0	0	0	0	6	0	2	0	0	0	0	0	0	0	4	0	0	0	0	0	0	2	2
13646	30 Jul 25	23:30:00	1	0	53	0	Ct	0	0	1	0	0	0	0	0	2	1	2	0	0	0	0	3	0	5	0	0	0	0	0	0	0	0	0	0	0	0	0	0	3	3
13647	30 Jul 25	23:31:00	1	0	53	0	Ct	0	0	2	0	0	0	0	1	1	2	1	0	0	0	0	4	0	0	0	2	1	1	0	0	0	1	0	0	0	0	0	0	2	2
13648	30 Jul 25	23:32:00	1	0	53	0	Ct	0	0	4	1	0	0	4	0	3	1	1	0	0	0	0	6	1	2	0	0	1	2	0	0	0	1	0	3	0	0	0	0	3	1
13649	30 Jul 25	23:33:00	1	0	53	0	Ct	0	0	4	1	0	0	4	2	0	2	5	0	0	0	0	3	1	2	0	0	0	4	1	2	0	0	0	2	0	0	0	0	2	1
13650	30 Jul 25	23:34:00	1	0	53	0	Ct	0	0	0	0	0	0	0	2	0	1	3	0	0	0	0	1	0	4	0	1	0	2	4	2	0	0	0	3	0	0	0	0	4	1
13651	30 Jul 25	23:35:00	1	0	53	0	Ct	0	0	4	2	0	0	2	0	0	2	4	0	0	0	0	2	0	5	0	1	0	3	3	0	0	0	2	1	0	0	0	0	2	2
13652	30 Jul 25	23:36:00	1	0	53	0	Ct	0	0	3	3	0	0	2	0	0	1	5	0	0	0	0	2	0	1	0	0	0	4	1	0	0	0	0	0	0	0	0	0	5	3
13653	30 Jul 25	23:37:00	1	0	53	0	Ct	0	0	1	2	0	0	2	0	2	2	7	0	2	1	0	3	0	2	0	0	0	6	2	0	0	0	0	0	0	0	0	0	4	0
13654	30 Jul 25	23:38:00	1	0	53	0	Ct	0	0	3	2	0	0	3	2	0	1	5	0	2	1	0	3	0	2	0	3	0	3	0	1	0	0	0	0	0	0	0	0	4	0
13655	30 Jul 25	23:39:00	1	0	53	0	Ct	0	0	0	4	0	0	3	4	0	0	2	4	0	0	0	2	0	4	0	3	0	5	0	0	0	3	0	0	0	0	0	0	4	0
13656	30 Jul 25	23:40:00	1	0	53	0	Ct	0	0	1	2	0	0	1	6	0	0	3	1	4	0	1	4	0	1	0	4	0	3	0	0	0	3	0	0	0	0	0	0	0	0
13657	30 Jul 25	23:41:00	1	0	53	0	Ct	0	0	3	0	0	0	1	7	0	0	2	1	1	0	0	4	0	1	0	0	0	2	0	0	0	2	0	0	0	0	0	0	2	2
13658	30 Jul 25	23:42:00	1	0	53	0	Ct	0	0	1	0	2	0	2	0	1	0	3	0	2	0	1	5	0	1	0	1	0	3	0	0	0	3	0	0	0	0	0	0	3	2
13659	30 Jul 25	23:43:00	1	0	53	0	Ct	0	0	0	1	0	0	2	1	2	2	5	3	0	0	2	3	0	0	0	2	0	3	0	0	0	0	0	0	0	0	0	0	3	0
13660	30 Jul 25	23:44:00	1	0	53	0	Ct	0	0	0	2	0	0	2	4	0	2	1	0	1	0	2	4	0	1	0	1	0	2	0	0	0	2	0	0	0	0	0	0	7	4
13661	30 Jul 25	23:45:00	1	0	53	0	Ct	0	0	0	0	0	0	1	4	0	0	1	0	0	0	1	5	0	2	0	4	0	5	0	0	0	2	0	0	0	0	0	0	3	2
13662	30 Jul 25	23:46:00	1	0	53	0	Ct	0	0	2	0	0	0	0	2	0	0	1	0	0	0	1	4	0	1	0	2	3	4	0	0	0	4	0	0	0	0	0	0	4	1
13663	30 Jul 25	23:47:00	1	0	53	0	Ct	0	0	2	1	0	0	0	2	0	0	2	0	0	0	0	2	0	1	0	2	2	4	0	0	0	2	0	0	0	0	0	0	2	3
13664	30 Jul 25	23:48:00	1	0	53	0	Ct	0	0	0	3	0	0	3	0	0	0	2	0	0	0	0	10	0	2	0	1	0	1	0	0	0	5	0	0	0	0	0	0	5	2
13665	30 Jul 25	23:49:00	1	0	53	0	Ct	0	0	0	1	0	0	4	3	0	0	2	0	0	2	2	6	0	1	0	4	0	3	0	0	0	2	0	4	0	0	0	0	3	3
13666	30 Jul 25	23:50:00	1	0	53	0	Ct	0	0	0	0	0	0	3	0	0	0	0	0	0	0	1	6	0	0	0	4	0	3	0	0	0	1	0	2	0	0	0	0	2	2
13667	30 Jul 25	23:51:00	1	0	53	0	Ct	0	0	0	0	0	0	4	0	0	2	5	0	0	0	1	2	0	0	0	2	0	2	0	0	0	1	0	1	0	0	0	0	3	4
13668	30 Jul 25	23:52:00	1	0	53	0	Ct	0	0	0	0	0	0	12	0	0	0	3	0	0	0	0	3	0	2	0	0	0	2	0	0	0	1	0	2	0	0	0	0	2	2
13669	30 Jul 25	23:53:00	1	0	53	0	Ct	0	0	0	0	0	0	3	1	0	0	2	0	0	0	0	2	0	2	0	2	0	1	0	0	0	1	0	0	0	0	0	0	0	2
13670	30 Jul 25	23:54:00	1	0	53	0	Ct	0	0	0	0	0	0	4	3	0	0	1	0	0	0	0	2	0	1	0	1	0	0	0	0	0	1	0	0	0	0	0	0	2	4
13671	30 Jul 25	23:55:00	1	0	53	0	Ct	0	0	0	0	0	0	2	0	0	0	1	0	0	0	0	4	0	3	1	0	0	0	0	0	0	0	0	0	0	0	0	0	3	0
13672	30 Jul 25	23:56:00	1	0	53	0	Ct	0	0	2	0	0	0	0	3	0	0	2	0	0	0	0	1	0	2	1	0	0	0	0	0	0	1	0	0	0	0	0	0	1	2
13673	30 Jul 25	23:57:00	1	0	53	0	Ct	0	0	2	0	0	0	0	0	0	0	1	0	0	0	0	0	0	1	1	0	0	4	0	0	0	1	0	0	0	0	0	0	2	3
13674	30 Jul 25	23:58:00	1	0	53	0	Ct	0	0	0	0	0	0	1	0	0	0	0	0	0	0	0	3	0	5	0	0	0	8	0	0	0	1	0	0	0	0	0	0	4	3
13675	30 Jul 25	23:59:00	1	0	53	0	Ct	0	0	0	0	0	0	2	0	0	0	1	0	1	0	0	4	0	6	0	0	0	4	0	0	0	1	0	0	0	0	0	0	2	5
13676	31 Jul 25	00:00:00	1	0	53	0	Ct	0	0	0	0	0	0	0	0	0	0	0	0	0	0	0	1	0	2	0	0	0	6	0	0	0	0	0	0	0	0	0	0	2	5
13677	31 Jul 25	00:01:00	1	0	53	0	Ct	0	0	0	0	0	0	2	0	0	0	1	0	0	2	0	4	0	1	0	0	1	5	0	0	0	1	1	0	0	0	0	0	3	3
13678	31 Jul 25	00:02:00	1	0	53	0	Ct	0	0	2	0	2	0	0	4	0	0	4	1	2	1	0	8	0	2	0	0	2	3	0	0	0	1	1	0	0	0	0	0	2	4
13679	31 Jul 25	00:03:00	1	0	53	0	Ct	0	0	0	2	0	0	0	4	0	0	2	1	3	3	0	8	0	2	0	0	0	3	0	0	0	1	0	0	0	0	0	0	2	2
13680	31 Jul 25	00:04:00	1	0	53	0	Ct	0	0	0	2	0	0	2	3	0	0	4	5	1	2	0	7	0	4	0	0	0	1	0	0	0	0	0	0	0	0	0	0	2	4
13681	31 Jul 25	00:05:00	1	0	53	0	Ct	0	0	0	0	2	0	1	0	0	0	4	2	0	0	0	2	2	3	0	0	0	3	0	1	0	0	0	0	0	0	0	0	3	2
13682	31 Jul 25	00:06:00	1	0	53	0	Ct	0	0	0	0	0	0	1	0	0	0	1	1	0	1	0	6	0	3	0	0	0	3	0	1	0	0	0	0	0	0	0	0	4	1
13683	31 Jul 25	00:07:00	1	0	53	0	Ct	0	0	0	2	0	0	1	0	0	0	0	2	0	0	1	5	0	1	0	0	0	3	0	0	0	0	0	0	0	0	0	0	2	3
13684	31 Jul 25	00:08:00	1	0	53	0	Ct	0	0	0	0	0	0	1	0	0	0	0	0	0	0	1	5	0	1	0	0	0	0	0	1	0	0	0	0	0	0	0	0	3	4
13685	31 Jul 25	00:09:00	1	0	53	0	Ct	0	0	0	0	0	0	0	2	0	0	0	0	0	0	2	4	0	0	0	0	1	0	0	0	0	0	0	0	0	0	0	0	2	1
13686	31 Jul 25	00:10:00	1	0	53	0	Ct	0	0	0	0	0	0	3	0	0	0	0	0	0	0	0	4	0	0	0	0	4	0	0	0	0	0	0	0	0	0	0	0	0	2
13687	31 Jul 25	00:11:00	1	0	53	0	Ct	0	0	0	2	0	0	1	0	0	0	0	0	0	0	0	5	0	2	0	0	0	2	0	0	0	0	0	0	0	0	0	0	0	2
13688	31 Jul 25	00:12:00	1	0	53	0	Ct	0	0	0	2	0	0	1	0	0	0	0	0	1	0	0	3	0	6	0	0	0	3	0	3	0	0	0	0	0	0	0	0	3	2
13689	31 Jul 25	00:13:00	1	0	53	0	Ct	0	0	0	0	0	0	2	1	0	0	0	0	1	0	0	4	0	2	0	0	0	2	0	0	0	0	0	0	0	0	0	0	3	2
13690	31 Jul 25	00:14:00	1	0	53	0	Ct	0	0	0	1	0	0	2	0	0	0	1	0	0	0	0	3	0	3	0	0	0	2	0	0	0	0	0	0	0	0	0	0	3	3
13691	31 Jul 25	00:15:00	1	0	53	0	Ct	0	0	0	1	0	0	0	1	0	0	3	0	0	0	0	4	0	0	0	0	0	3	0	1	0	0	0	0	0	0	0	0	1	2
13692	31 Jul 25	00:16:00	1	0	53	0	Ct	0	0	0	0	0	0	0	2	0	0	4	0	1	5	0	1	0	0	0	0	0	4	0	0	0	0	0	0	0	0	0	0	3	3
13693	31 Jul 25	00:17:00	1	0	53	0	Ct	0	0	0	1	0	0	0	0	0	0	3	0	0	2	0	2	0	0	0	0	0	3	0	1	0	1	0	0	0	0	0	0	4	0
13694	31 Jul 25	00:18:00	1	0	53	0	Ct	0	0	0	1	0	0	0	0	0	0	2	0	0	3	0	4	0	0	0	0	0	3	0	0	0	2	0	0	0	0	0	0	0	3
13695	31 Jul 25	00:19:00	1	0	53	0	Ct	0	0	0	2	0	0	0	0	0	0	2	0	1	0	0	4	0	0	0	0	0	1	0	0	0	0	0	0	0	0	2	0	0	2
13696	31 Jul 25	00:20:00	1	0	53	0	Ct	0	0	0	0	0	0	0	1	0	0	3	0	2	2	0	4	0	0	0	0	0	3	0	0	0	2	0	0	0	0	0	0	2	1
13697	31 Jul 25	00:21:00	1	0	53	0	Ct	0	0	0	0	0	0	0	2	0	0	2	0	3	0	0	4	0	2	0	0	0	0	0	0	0	0	0	0	0	0	0	0	2	2
13698	31 Jul 25	00:22:00	1	0	53	0	Ct	0	0	0	0	0	0	2	0	1	0	1	0	1	2	1	2	0	2	0	0	0	2	0	0	0	4	0	0	0	0	0	0	4	0
13699	31 Jul 25	00:23:00	1	0	53	0	Ct	0	0	0	0	0	0	0	0	1	0	0	0	1	4	3	5	0	3	0	0	0	2	0	0	0	3	0	0	0	0	0	0	1	1
13700	31 Jul 25	00:24:00	1	0	53	0	Ct	0	0	2	0	0	0	1	0	0	0	2	0	0	4	2	5	0	1	0	0	1	3	3	0	0	2	0	0	0	0	0	0	0	3
13701	31 Jul 25	00:25:00	1	0	53	0	Ct	0	0	2	1	0	0	1	4	0	0	1	0	0	1	0	5	0	2	0	0	0	3	1	0	0	5	0	0	0	0	0	0	5	3
13702	31 Jul 25	00:26:00	1	0	53	0	Ct	0	0	1	1	0	0	2	4	0	0	0	0	0	2	0	4	1	3	0	0	0	0	0	0	0	4	0	0	0	0	0	0	3	4
13703	31 Jul 25	00:27:00	1	0	53	0	Ct	0	0	0	0	0	0	3	1	0	0	1	0	0	1	0	4	2	1	0	0	0	0	0	0	0	4	0	0	0	0	0	0	4	2
13704	31 Jul 25	00:28:00	1	0	53	0	Ct	0	0	0	0	0	0	2	1	0	0	0	0	0	0	0	1	5	2	0	0	0	2	0	0	0	2	0	0	0	0	0	0	3	3
13705	31 Jul 25	00:29:00	1	0	53	0	Ct	0	0	0	0	0	0	1	3	0	0	0	0	0	0	0	2	4	2	0	0	0	2	2	0	0	4	0	0	0	0	0	0	5	5
13706	31 Jul 25	00:30:00	1	0	53	0	Ct	0	0	0	0	0	0	3	4	0	0	1	0	0	0	0	4	1	3	0	0	0	2	2	0	0	2	0	0	0	0	0	0	0	3
13707	31 Jul 25	00:31:00	1	0	53	0	Ct	0	0	0	3	0	0	2	0	0	0	0	0	0	0	0	2	2	4	0	0	0	1	1	0	0	3	0	0	0	0	0	0	2	3
13708	31 Jul 25	00:32:00	1	0	53	0	Ct	0	0	0	3	0	0	1	2	0	0	1	0	0	0	2	3	3	0	0	0	0	0	0	0	0	0	0	0	0	0	0	0	0	2
13709	31 Jul 25	00:33:00	1	0	53	0	Ct	0	0	0	1	0	0	2	1	0	0	0	4	0	0	0	4	3	1	0	0	0	0	0	0	0	1	0	0	0	0	0	0	1	3
13710	31 Jul 25	00:34:00	1	0	53	0	Ct	0	0	0	2	0	0	5	2	0	0	0	0	0	2	5	2	2	2	0	0	1	0	0	0	0	1	0	0	0	0	0	0	1	3
13711	31 Jul 25	00:35:00	1	0	53	0	Ct	0	0	0	0	0	0	3	1	0	0	0	2	0	0	0	2	2	2	0	0	0	0	0	0	0	0	0	0	0	0	0	0	1	4
13712	31 Jul 25	00:36:00	1	0	53	0	Ct	0	0	0	0	0	0	1	0	0	0	1	2	1	0	0	0	0	2	0	0	0	0	0	0	0	3	0	0	0	0	0	0	3	1
13713	31 Jul 25	00:37:00	1	0	53	0	Ct	0	0	0	3	0	0	2	0	0	0	8	0	0	0	0	0	0	1	0	0	0	0	0	0	0	1	0	0	0	0	0	0	6	4
13714	31 Jul 25	00:38:00	1	0	53	0	Ct	0	0	0	0	0	0	3	0	0	0	0	0	0	0	0	0	0	2	0	0	0	0	0	0	0	1	0	0	0	0	0	0	5	1
13715	31 Jul 25	00:39:00	1	0	53	0	Ct	0	0	2	0	0	0	2	0	0	0	2	0	2	0	0	3	0	4	0	0	0	0	0	0	0	3	0	0	0	0	0	0	4	2
13716	31 Jul 25	00:40:00	1	0	53	0	Ct	0	0	1	0	0	0	1	0	0	0	5	0	1	0	0	2	0	1	0	0	0	0	0	0	0	0	0	0	0	0	0	0	1	0
13717	31 Jul 25	00:41:00	1	0	53	0	Ct	0	0	1	1	0	0	2	0	0	0	0	0	0	0	0	2	0	1	0	0	0	0	0	0	0	0	0	0	0	0	0	0	2	2
13718	31 Jul 25	00:42:00	1	0	53	0	Ct	0	0	0	1	0	0	2	0	0	0	6	0	0	0	0	3	0	3	0	0	0	1	0	1	0	2	0	0	0	0	1	0	5	4
13719	31 Jul 25	00:43:00	1	0	53	0	Ct	0	0	0	0	0	0	2	0	0	0	3	0	1	0	0	11	0	6	0	0	0	0	0	1	0	1	0	0	0	0	2	0	2	1
13720	31 Jul 25	00:44:00	1	0	53	0	Ct	0	0	0	0	0	0	4	0	0	0	6	0	1	0	0	4	0	0	0	0	0	0	0	1	0	1	0	0	0	0	0	0	5	1
13721	31 Jul 25	00:45:00	1	0	53	0	Ct	0	0	0	0	0	0	1	0	0	0	3	0	0	0	0	5	0	0	0	0	0	0	0	0	0	3	0	0	0	0	0	0	1	3
13722	31 Jul 25	00:46:00	1	0	53	0	Ct	0	0	0	0	1	0	0	0	0	0	2	2	2	0	1	2	0	0	0	0	0	0	0	0	0	1	2	0	0	0	0	0	3	3
13723	31 Jul 25	00:47:00	1	0	53	0	Ct	0	0	0	0	1	0	1	0	0	0	2	0	0	0	0	2	0	0	0	0	0	0	1	1	0	1	1	0	0	0	0	0	2	3
13724	31 Jul 25	00:48:00	1	0	53	0	Ct	0	0	0	0	0	0	4	0	0	0	2	0	0	0	0	4	0	1	0	0	2	0	0	1	0	0	0	0	0	0	0	0	4	2
13725	31 Jul 25	00:49:00	1	0	53	0	Ct	0	0	0	1	0	1	2	0	0	0	2	0	0	0	0	4	1	4	0	0	0	0	0	0	0	0	0	0	0	0	0	0	4	3
13726	31 Jul 25	00:50:00	1	0	53	0	Ct	0	0	0	1	0	1	1	2	0	0	5	0	1	0	0	4	0	3	0	0	0	0	0	1	0	1	0	0	0	0	0	0	1	4
13727	31 Jul 25	00:51:00	1	0	53	0	Ct	0	0	0	1	0	0	8	0	1	0	2	0	2	0	0	4	0	1	1	0	0	0	0	1	0	0	0	0	0	0	0	0	2	2
13728	31 Jul 25	00:52:00	1	0	53	0	Ct	0	0	0	5	0	0	7	0	1	0	0	0	2	0	0	0	0	5	1	0	1	0	0	0	0	1	0	0	0	0	0	0	1	0
13729	31 Jul 25	00:53:00	1	0	53	0	Ct	0	0	0	1	0	1	5	1	0	0	2	2	0	0	1	1	0	2	0	0	4	0	0	1	0	1	0	0	0	0	0	0	4	3
13730	31 Jul 25	00:54:00	1	0	53	0	Ct	0	0	0	2	0	1	3	2	0	0	0	3	1	0	1	3	0	3	0	0	0	0	0	0	0	2	0	0	0	0	0	0	2	1
13731	31 Jul 25	00:55:00	1	0	53	0	Ct	0	0	0	1	0	0	2	1	0	0	0	2	0	0	0	2	0	3	0	0	0	0	0	0	0	1	0	0	0	0	0	0	2	3
13732	31 Jul 25	00:56:00	1	0	53	0	Ct	0	0	0	1	0	0	1	2	0	0	0	1	0	0	0	3	0	3	0	0	1	0	0	3	0	1	0	0	0	0	0	0	2	4
13733	31 Jul 25	00:57:00	1	0	53	0	Ct	0	0	0	3	0	0	1	2	0	0	0	2	0	0	0	0	0	3	0	0	1	0	0	1	0	0	0	0	0	0	2	0	5	3
13734	31 Jul 25	00:58:00	1	0	53	0	Ct	0	0	0	0	0	0	1	1	0	0	0	2	0	0	0	1	0	0	1	0	0	0	0	1	0	0	0	0	0	0	0	0	4	2
13735	31 Jul 25	00:59:00	1	0	53	0	Ct	0	0	0	2	0	0	2	0	0	0	0	5	0	0	0	5	0	0	1	0	0	0	0	1	0	1	0	0	0	0	0	0	3	2
13736	31 Jul 25	01:00:00	1	0	53	0	Ct	0	0	0	0	0	3	0	1	0	0	0	0	0	0	0	6	0	0	0	0	0	0	0	0	0	2	0	0	0	0	0	0	4	1
13737	31 Jul 25	01:01:00	1	0	53	0	Ct	0	0	0	3	0	1	0	1	0	0	2	2	0	0	2	6	0	0	0	0	0	0	0	0	0	4	0	0	0	0	0	0	3	2
13738	31 Jul 25	01:02:00	1	0	53	0	Ct	0	0	0	0	0	0	0	1	0	0	4	0	2	0	0	3	0	0	0	0	0	1	0	0	0	3	0	0	0	0	0	0	4	0
13739	31 Jul 25	01:03:00	1	0	53	0	Ct	0	0	0	1	0	0	0	5	0	0	1	0	3	0	0	3	0	0	0	0	0	2	0	1	0	2	0	0	0	0	0	0	3	3
13740	31 Jul 25	01:04:00	1	0	53	0	Ct	0	0	0	1	0	0	0	0	0	0	1	0	3	0	0	5	0	2	0	0	1	3	0	1	0	3	0	0	0	0	0	0	3	4
13741	31 Jul 25	01:05:00	1	0	53	0	Ct	0	0	0	0	0	0	2	1	0	0	2	3	2	0	0	2	0	3	0	0	0	3	0	0	0	0	0	0	0	0	0	0	3	1
13742	31 Jul 25	01:06:00	1	0	53	0	Ct	0	0	0	3	0	0	0	1	0	0	1	0	0	1	0	2	0	0	0	0	0	3	0	1	0	2	0	0	0	0	0	0	4	0
13743	31 Jul 25	01:07:00	1	0	53	0	Ct	0	0	0	2	0	0	0	0	2	0	0	0	2	1	0	5	0	1	0	0	0	4	0	1	0	1	0	2	0	0	0	0	2	1
13744	31 Jul 25	01:08:00	1	0	53	0	Ct	0	0	0	1	0	0	0	0	0	0	3	2	1	0	0	4	0	2	0	0	0	2	0	2	0	0	0	0	0	0	0	0	1	3
13745	31 Jul 25	01:09:00	1	0	53	0	Ct	0	0	0	8	0	0	0	0	0	0	1	0	2	0	0	3	0	0	0	0	0	1	0	3	0	2	0	0	0	0	0	0	5	2
13746	31 Jul 25	01:10:00	1	0	53	0	Ct	0	0	0	2	0	0	1	0	0	0	0	0	1	0	0	3	0	0	0	0	0	2	0	0	0	1	0	0	0	0	0	0	2	3
13747	31 Jul 25	01:11:00	1	0	53	0	Ct	0	0	0	1	0	0	1	1	0	0	0	0	0	0	0	1	0	3	0	0	0	2	0	1	0	1	0	0	0	0	0	0	3	0
13748	31 Jul 25	01:12:00	1	0	53	0	Ct	0	0	0	0	0	0	0	0	0	0	1	0	0	0	0	0	0	3	0	0	0	0	0	0	0	0	0	0	0	0	0	0	4	3
13749	31 Jul 25	01:13:00	1	0	53	0	Ct	0	0	0	0	0	0	0	0	0	0	2	0	4	0	0	1	0	1	0	0	0	3	0	1	0	1	0	0	0	0	0	0	1	3
13750	31 Jul 25	01:14:00	1	0	53	0	Ct	0	0	0	0	0	1	1	0	1	0	2	0	2	0	0	6	0	2	0	0	0	1	0	0	0	1	0	0	0	0	0	0	2	2
13751	31 Jul 25	01:15:00	1	0	53	0	Ct	0	0	0	1	0	1	1	0	0	0	1	0	1	2	0	7	0	2	0	0	0	6	0	1	0	0	0	0	0	0	0	0	3	1
13752	31 Jul 25	01:16:00	1	0	53	0	Ct	0	0	0	1	0	0	1	1	1	0	0	0	0	0	0	5	0	2	6	0	2	1	0	1	0	2	1	2	0	0	0	0	2	3
13753	31 Jul 25	01:17:00	1	0	53	0	Ct	0	0	0	0	0	0	1	1	0	0	0	0	0	0	0	7	0	1	3	0	0	2	0	0	0	0	4	0	0	0	0	0	1	2
13754	31 Jul 25	01:18:00	1	0	53	0	Ct	0	0	0	0	0	0	1	1	0	0	2	0	0	2	0	4	0	0	0	0	0	1	0	3	0	2	0	0	0	0	0	0	4	2
13755	31 Jul 25	01:19:00	1	0	53	0	Ct	0	0	0	0	0	0	3	0	0	0	1	0	0	0	0	4	0	1	0	0	0	3	0	1	0	0	0	0	0	0	0	0	1	2
13756	31 Jul 25	01:20:00	1	0	53	0	Ct	0	0	0	0	0	0	0	1	0	0	1	0	0	0	0	2	0	0	0	0	2	4	0	1	0	1	0	0	0	0	0	0	1	1
13757	31 Jul 25	01:21:00	1	0	53	0	Ct	0	0	0	0	0	0	0	0	0	0	0	0	0	0	0	1	0	0	0	0	1	0	0	1	0	3	0	0	0	0	0	0	2	2
13758	31 Jul 25	01:22:00	1	0	53	0	Ct	0	0	0	0	0	0	0	2	0	0	0	0	0	0	0	4	0	2	0	0	0	0	0	0	0	2	1	2	0	0	0	0	2	1
13759	31 Jul 25	01:23:00	1	0	53	0	Ct	0	0	0	0	0	0	0	0	0	0	0	0	0	0	0	3	0	2	0	0	0	0	0	2	0	2	2	0	0	0	0	0	3	1
13760	31 Jul 25	01:24:00	1	0	53	0	Ct	0	0	0	0	0	0	0	0	0	1	0	2	0	0	0	2	0	3	0	0	0	0	0	0	0	2	0	0	0	0	0	0	3	1
13761	31 Jul 25	01:25:00	1	0	53	0	Ct	0	0	0	0	0	0	0	0	0	0	0	0	0	0	0	4	0	0	0	0	0	0	0	0	0	0	1	2	0	0	0	0	7	2
13762	31 Jul 25	01:26:00	1	0	53	0	Ct	0	0	0	0	0	0	0	0	0	0	0	0	1	0	0	3	0	0	0	0	0	0	0	1	0	1	0	0	0	0	0	0	1	1
13763	31 Jul 25	01:27:00	1	0	53	0	Ct	0	0	0	3	0	3	0	0	0	0	0	0	0	0	0	5	0	0	0	0	0	0	0	1	0	1	0	0	0	0	0	0	0	2
13764	31 Jul 25	01:28:00	1	0	53	0	Ct	0	0	0	0	0	0	0	0	0	0	0	0	0	0	0	3	1	1	0	0	1	0	0	1	0	0	0	0	0	0	0	0	5	0
13765	31 Jul 25	01:29:00	1	0	53	0	Ct	0	0	0	1	0	0	0	0	0	0	0	1	0	0	0	4	1	3	0	0	0	0	0	2	0	1	0	1	0	0	0	0	4	3
13766	31 Jul 25	01:30:00	1	0	53	0	Ct	0	0	0	0	0	0	0	0	0	2	0	2	1	0	0	2	0	1	0	0	0	2	0	2	0	2	0	0	0	0	0	0	0	3
13767	31 Jul 25	01:31:00	1	0	53	0	Ct	0	0	0	0	0	0	1	3	0	0	0	0	0	0	0	0	0	1	0	0	0	4	0	2	0	0	0	0	0	0	0	0	3	4
13768	31 Jul 25	01:32:00	1	0	53	0	Ct	0	0	0	2	0	0	4	4	3	0	0	0	1	0	0	2	0	1	0	0	0	3	0	2	0	2	0	0	0	0	0	0	2	3
13769	31 Jul 25	01:33:00	1	0	53	0	Ct	0	0	0	0	0	0	0	0	5	2	2	0	2	0	0	0	0	0	0	0	0	2	0	1	0	2	0	0	0	0	0	0	2	3
13770	31 Jul 25	01:34:00	1	0	53	0	Ct	0	0	0	0	0	0	0	3	1	0	0	1	0	0	0	1	0	0	0	0	0	3	0	0	0	1	0	4	0	0	0	0	4	2
13771	31 Jul 25	01:35:00	1	0	53	0	Ct	0	0	0	0	0	0	0	2	0	3	0	0	0	0	0	2	0	2	1	0	0	3	0	2	0	0	0	3	0	0	0	0	2	1
13772	31 Jul 25	01:36:00	1	0	53	0	Ct	0	0	0	0	0	0	0	0	2	5	0	1	0	0	0	3	0	0	6	0	1	2	0	0	0	1	0	4	0	0	0	0	1	0
13773	31 Jul 25	01:37:00	1	0	53	0	Ct	0	0	0	0	0	0	0	3	0	5	0	1	1	0	0	4	0	0	0	0	0	2	0	1	0	2	0	0	0	0	0	0	0	4
13774	31 Jul 25	01:38:00	1	0	53	0	Ct	0	0	0	1	0	0	0	0	0	3	0	0	0	0	0	2	0	1	1	0	0	5	0	1	0	0	0	0	0	0	0	0	2	3
13775	31 Jul 25	01:39:00	1	0	53	0	Ct	0	0	0	2	0	0	0	0	0	6	0	0	0	0	0	3	0	1	0	0	3	3	0	1	0	0	0	0	0	0	0	0	4	1
13776	31 Jul 25	01:40:00	1	0	53	0	Ct	0	0	0	0	0	0	0	0	0	4	0	0	1	0	0	3	0	2	0	0	4	1	0	1	0	0	0	0	0	0	0	0	1	0
13777	31 Jul 25	01:41:00	1	0	53	0	Ct	0	0	0	0	0	0	1	0	0	8	0	0	2	0	0	2	0	0	0	0	2	3	0	1	0	0	0	0	0	0	0	0	2	0
13778	31 Jul 25	01:42:00	1	0	53	0	Ct	0	0	0	0	0	0	0	0	0	3	1	0	0	0	0	4	0	0	3	0	3	1	0	3	0	1	0	0	0	0	0	0	1	0
13779	31 Jul 25	01:43:00	1	0	53	0	Ct	0	0	0	1	0	0	0	3	0	3	4	0	2	0	0	2	0	3	1	1	0	4	0	0	0	0	0	0	0	0	0	0	6	5
13780	31 Jul 25	01:44:00	1	0	53	0	Ct	0	0	0	1	0	0	1	6	0	2	2	0	3	0	1	5	0	1	0	0	0	3	0	1	0	1	0	0	0	0	0	0	3	2
13781	31 Jul 25	01:45:00	1	0	53	0	Ct	0	0	0	0	0	0	0	4	0	5	4	0	3	0	0	4	0	2	3	0	0	1	0	1	0	9	0	0	0	0	0	0	2	1
13782	31 Jul 25	01:46:00	1	0	53	0	Ct	0	0	0	0	0	0	0	3	0	3	3	0	2	0	1	4	0	3	2	0	0	1	0	0	0	0	0	0	0	0	0	0	2	4
13783	31 Jul 25	01:47:00	1	0	53	0	Ct	0	0	0	0	0	0	0	6	0	5	3	0	2	0	1	0	0	0	0	0	0	2	0	0	0	4	0	2	0	0	0	0	2	2
13784	31 Jul 25	01:48:00	1	0	53	0	Ct	0	0	0	0	0	0	0	1	0	1	4	0	5	0	0	2	0	0	0	0	0	2	0	0	0	2	0	0	0	0	0	0	2	3
13785	31 Jul 25	01:49:00	1	0	53	0	Ct	0	0	0	0	0	1	0	6	0	2	0	1	1	2	0	4	0	1	0	0	0	1	0	0	0	2	0	0	0	0	0	0	2	1
13786	31 Jul 25	01:50:00	1	0	53	0	Ct	0	0	0	0	0	0	2	3	0	2	1	2	2	2	0	2	0	1	2	0	0	4	0	0	0	2	0	0	0	0	0	0	3	1
13787	31 Jul 25	01:51:00	1	0	53	0	Ct	0	0	0	2	0	0	0	4	0	0	0	0	0	0	0	2	0	2	0	0	0	0	0	1	0	1	0	2	0	0	0	0	3	1
13788	31 Jul 25	01:52:00	1	0	53	0	Ct	0	0	0	0	0	0	2	4	0	3	0	0	3	0	0	0	0	1	1	0	0	1	0	2	0	4	0	0	0	0	0	0	0	1
13789	31 Jul 25	01:53:00	1	0	53	0	Ct	0	0	0	2	0	0	0	4	0	5	0	0	1	0	0	0	0	1	2	0	0	5	0	1	0	0	0	0	0	0	0	0	0	2
13790	31 Jul 25	01:54:00	1	0	53	0	Ct	0	0	0	1	0	0	0	2	0	1	0	0	3	0	0	2	0	2	3	0	0	3	0	1	0	1	2	0	0	0	0	0	2	1
13791	31 Jul 25	01:55:00	1	0	53	0	Ct	0	0	0	0	0	0	0	2	0	0	0	0	2	0	0	5	0	1	1	0	0	5	0	1	0	2	3	0	0	0	0	0	1	2
13792	31 Jul 25	01:56:00	1	0	53	0	Ct	0	0	0	0	0	0	1	1	0	2	0	1	3	0	0	2	0	1	5	0	0	1	0	0	0	0	3	0	0	0	0	0	3	2
13793	31 Jul 25	01:57:00	1	0	53	0	Ct	0	0	0	2	0	0	2	0	0	1	0	0	4	0	0	2	0	2	2	0	0	5	0	0	0	2	3	0	0	0	0	0	2	1
13794	31 Jul 25	01:58:00	1	0	53	0	Ct	0	0	0	0	0	0	3	1	0	2	0	0	3	0	2	4	0	2	2	0	0	5	0	2	0	0	0	0	0	0	2	0	2	1
13795	31 Jul 25	01:59:00	1	0	53	0	Ct	0	0	0	0	0	0	2	2	0	4	0	0	2	0	1	2	0	0	2	0	3	3	0	0	0	1	1	0	0	0	0	0	4	2
13796	31 Jul 25	02:00:00	1	0	53	0	Ct	0	0	0	1	0	0	3	5	0	3	0	0	3	0	0	2	0	0	3	0	3	3	0	0	0	3	0	0	0	0	0	0	2	0
13797	31 Jul 25	02:01:00	1	0	53	0	Ct	0	0	0	0	0	2	1	3	0	2	0	0	0	0	0	2	0	0	1	0	2	3	0	0	0	1	0	0	0	0	0	0	2	0
13798	31 Jul 25	02:02:00	1	0	53	0	Ct	0	0	0	0	0	0	1	1	0	0	0	0	0	4	0	2	0	2	4	0	0	2	0	1	0	0	0	0	0	0	0	0	3	2
13799	31 Jul 25	02:03:00	1	0	53	0	Ct	0	0	0	1	0	0	3	3	0	0	0	0	0	0	0	2	0	1	2	0	0	2	0	1	0	0	0	0	0	0	0	0	0	1
13800	31 Jul 25	02:04:00	1	0	53	0	Ct	0	0	2	0	0	1	3	4	0	0	0	0	0	0	0	2	0	3	2	0	0	3	0	2	0	3	0	0	0	0	0	0	1	3
13801	31 Jul 25	02:05:00	1	0	53	0	Ct	0	0	0	0	0	0	2	2	0	3	0	0	3	0	0	3	0	1	2	0	0	4	0	0	0	0	0	0	0	0	0	0	1	2
13802	31 Jul 25	02:06:00	1	0	53	0	Ct	0	0	0	0	0	0	1	3	0	4	0	0	2	1	0	2	0	1	1	0	0	3	0	1	0	2	0	0	0	0	0	0	3	2
13803	31 Jul 25	02:07:00	1	0	53	0	Ct	0	0	0	0	0	0	1	2	0	2	0	0	4	2	0	3	0	3	0	0	0	3	0	2	0	0	0	0	0	0	0	0	3	1
13804	31 Jul 25	02:08:00	1	0	53	0	Ct	0	0	0	0	0	0	3	3	0	2	0	0	1	4	0	1	0	0	3	0	0	2	0	1	0	0	0	0	0	0	0	0	0	3
13805	31 Jul 25	02:09:00	1	0	53	0	Ct	0	0	0	0	0	0	2	4	0	3	0	0	2	2	0	0	0	0	1	0	0	1	0	1	0	0	0	0	0	0	0	0	1	1
13806	31 Jul 25	02:10:00	1	0	53	0	Ct	0	0	0	0	0	0	3	1	0	0	0	2	0	0	0	0	0	1	2	0	0	2	0	1	0	0	0	0	0	0	0	0	2	3
13807	31 Jul 25	02:11:00	1	0	53	0	Ct	0	0	0	0	2	5	1	1	0	2	0	0	3	0	0	0	0	3	4	0	0	3	0	0	0	0	0	0	0	0	0	0	1	4
13808	31 Jul 25	02:12:00	1	0	53	0	Ct	0	0	0	0	0	3	2	1	0	2	0	2	4	0	0	5	0	3	4	0	0	2	0	1	0	1	0	0	0	0	0	0	1	2
13809	31 Jul 25	02:13:00	1	0	53	0	Ct	0	0	0	0	0	0	3	2	0	1	0	1	3	0	0	9	0	1	1	0	0	3	0	3	0	1	0	0	0	0	0	0	3	2
13810	31 Jul 25	02:14:00	1	0	53	0	Ct	0	0	0	0	0	0	3	2	0	3	0	0	4	0	0	4	3	2	2	0	0	2	0	1	0	0	0	2	0	0	0	0	4	1
13811	31 Jul 25	02:15:00	1	0	53	0	Ct	0	0	0	0	0	0	0	3	0	2	0	0	3	0	0	0	0	1	1	0	0	1	0	1	0	1	0	1	0	0	0	0	4	2
13812	31 Jul 25	02:16:00	1	0	53	0	Ct	0	0	0	2	0	0	3	2	0	2	0	1	5	0	0	0	2	0	2	0	0	2	0	1	0	2	0	0	0	0	0	0	3	2
13813	31 Jul 25	02:17:00	1	0	53	0	Ct	0	0	2	0	0	0	1	0	0	3	0	0	2	0	0	0	0	1	1	0	0	3	0	1	0	2	0	0	0	0	0	0	3	1
13814	31 Jul 25	02:18:00	1	0	53	0	Ct	0	0	0	0	0	0	1	2	0	0	0	0	3	0	0	0	0	1	1	0	0	3	0	0	0	1	0	0	0	0	0	0	1	1
13815	31 Jul 25	02:19:00	1	0	53	0	Ct	0	0	0	0	0	0	4	0	0	2	0	0	3	0	0	2	0	2	3	0	0	2	0	0	0	1	0	0	0	0	0	0	0	1
13816	31 Jul 25	02:20:00	1	0	53	0	Ct	0	0	0	2	0	0	2	0	0	3	0	0	2	0	0	4	0	0	1	0	0	1	0	0	0	0	0	0	0	0	0	0	2	1
13817	31 Jul 25	02:21:00	1	0	53	0	Ct	0	0	0	0	0	0	0	0	0	3	0	0	0	0	0	3	0	0	2	0	0	4	0	0	0	2	0	0	0	0	2	0	4	2
13818	31 Jul 25	02:22:00	1	0	53	0	Ct	0	0	0	0	0	0	0	0	0	2	0	0	2	0	0	3	0	1	2	0	0	0	0	0	0	2	0	0	0	0	1	0	0	0
13819	31 Jul 25	02:23:00	1	0	53	0	Ct	0	0	0	1	0	0	1	0	0	4	0	0	0	0	0	3	0	2	3	0	0	1	0	2	0	1	0	0	0	0	0	0	2	1
13820	31 Jul 25	02:24:00	1	0	53	0	Ct	0	0	0	0	0	0	1	1	0	0	0	0	3	0	0	4	0	2	3	0	0	0	1	2	0	1	0	0	0	0	0	0	4	1
13821	31 Jul 25	02:25:00	1	0	53	0	Ct	0	0	0	0	0	0	4	2	0	0	0	0	2	0	0	7	0	1	3	0	0	4	1	2	0	2	0	0	0	0	0	0	3	0
13822	31 Jul 25	02:26:00	1	0	53	0	Ct	0	0	0	1	0	0	2	2	1	0	0	0	1	0	0	2	0	0	1	0	0	2	1	1	0	2	0	0	0	0	0	0	4	3
13823	31 Jul 25	02:27:00	1	0	53	0	Ct	0	0	0	0	0	2	2	2	0	2	0	0	1	0	0	0	0	4	3	0	1	3	1	1	0	1	0	0	0	0	2	0	3	0
13824	31 Jul 25	02:28:00	1	0	53	0	Ct	0	0	0	0	0	0	2	2	0	4	0	0	2	0	0	0	0	5	6	0	1	2	0	2	0	1	0	2	0	0	1	0	2	1
13825	31 Jul 25	02:29:00	1	0	53	0	Ct	0	0	2	1	0	0	2	1	0	3	2	0	3	0	0	3	0	0	3	0	0	1	0	1	0	0	0	1	0	0	0	0	2	1
13826	31 Jul 25	02:30:00	1	0	53	0	Ct	0	0	2	3	0	0	0	1	0	1	0	0	1	0	0	3	0	0	2	0	0	3	0	1	0	1	0	2	0	0	0	0	3	3
13827	31 Jul 25	02:31:00	1	0	53	0	Ct	0	0	3	1	0	0	0	2	5	0	1	1	0	0	0	3	0	2	2	0	0	0	0	1	0	0	0	0	0	0	0	0	1	0
13828	31 Jul 25	02:32:00	1	0	53	0	Ct	0	0	4	1	0	1	0	2	0	2	3	1	0	0	0	2	0	1	3	0	0	0	0	4	0	2	0	3	0	0	0	0	4	4
13829	31 Jul 25	02:33:00	1	0	53	0	Ct	0	0	2	2	0	0	0	3	0	1	4	0	0	0	0	3	0	2	2	0	0	0	0	0	0	1	0	0	0	0	0	0	1	3
13830	31 Jul 25	02:34:00	1	0	53	0	Ct	0	0	2	0	0	0	0	0	0	0	3	0	0	0	0	4	0	1	2	0	0	0	0	1	0	0	0	0	0	0	0	0	0	1
13831	31 Jul 25	02:35:00	1	0	53	0	Ct	0	0	3	0	0	0	1	2	0	2	2	0	2	0	0	1	0	0	2	0	0	0	0	0	0	0	0	0	0	0	0	0	2	2
13832	31 Jul 25	02:36:00	1	0	53	0	Ct	0	0	2	0	0	0	2	1	0	2	4	0	0	0	0	3	0	0	1	0	0	0	0	0	0	0	0	0	0	0	0	0	2	1
13833	31 Jul 25	02:37:00	1	0	53	0	Ct	0	0	2	0	0	0	1	1	0	0	3	0	0	0	0	3	0	2	1	0	0	0	0	0	0	2	0	0	0	0	0	0	1	2
13834	31 Jul 25	02:38:00	1	0	53	0	Ct	0	0	2	2	0	0	2	0	0	2	3	0	3	0	0	4	0	3	2	0	0	0	0	2	0	0	2	0	0	0	0	0	4	2
13835	31 Jul 25	02:39:00	1	0	53	0	Ct	0	0	4	0	0	0	0	0	0	2	3	0	1	0	0	3	0	0	0	0	0	0	0	1	0	0	1	0	0	0	0	0	3	2
13836	31 Jul 25	02:40:00	1	0	53	0	Ct	0	0	4	0	0	0	0	2	0	3	1	0	2	0	0	2	0	1	0	0	0	0	0	2	0	2	0	0	0	0	0	0	0	2
13837	31 Jul 25	02:41:00	1	0	53	0	Ct	0	0	3	3	0	0	0	0	0	5	5	1	1	0	0	3	0	1	0	0	0	0	0	2	0	1	0	0	0	0	0	0	4	0
13838	31 Jul 25	02:42:00	1	0	53	0	Ct	0	0	2	1	0	0	1	0	0	3	2	1	2	0	0	2	0	2	2	0	0	3	0	1	0	2	0	0	0	0	0	0	5	1
13839	31 Jul 25	02:43:00	1	0	53	0	Ct	0	0	1	3	0	0	1	0	0	1	1	0	2	0	0	3	0	2	2	0	0	2	0	1	0	0	0	0	0	0	0	0	4	2
13840	31 Jul 25	02:44:00	1	0	53	0	Ct	0	0	2	1	0	0	3	0	0	0	1	2	2	0	0	5	0	2	2	0	0	4	0	3	0	1	0	0	0	0	0	0	4	1
13841	31 Jul 25	02:45:00	1	0	53	0	Ct	0	0	1	2	0	0	2	0	0	1	4	0	1	0	0	4	0	3	4	0	0	6	0	4	0	1	0	0	0	0	0	0	1	3
13842	31 Jul 25	02:46:00	1	0	53	0	Ct	0	0	1	0	0	0	1	0	0	2	0	0	5	0	0	1	0	1	1	0	0	3	0	2	0	0	0	0	0	0	0	0	2	1
13843	31 Jul 25	02:47:00	1	0	53	0	Ct	0	0	2	0	2	3	0	0	0	2	0	0	2	0	0	2	0	0	1	0	2	1	0	1	0	1	0	0	0	0	0	0	1	3
13844	31 Jul 25	02:48:00	1	0	53	0	Ct	0	0	5	1	0	1	0	3	0	1	1	0	1	0	0	0	0	0	3	0	0	3	0	4	0	2	0	0	0	0	0	0	0	1
13845	31 Jul 25	02:49:00	1	0	53	0	Ct	0	0	3	1	0	0	1	3	0	3	2	0	2	0	0	0	0	0	1	0	0	2	0	2	0	0	0	0	0	0	0	0	1	0
13846	31 Jul 25	02:50:00	1	0	53	0	Ct	0	0	3	0	0	0	0	0	0	1	3	0	3	0	0	3	0	1	2	0	0	3	0	0	0	1	0	0	0	0	0	0	3	2
13847	31 Jul 25	02:51:00	1	0	53	0	Ct	0	0	3	0	0	0	0	1	0	1	5	0	1	0	0	4	0	3	2	0	0	4	0	0	0	2	0	0	0	0	0	0	2	1
13848	31 Jul 25	02:52:00	1	0	53	0	Ct	0	0	2	0	0	0	0	1	0	0	2	2	3	0	2	2	0	1	1	0	0	2	0	0	0	0	0	0	0	0	0	0	2	2
13849	31 Jul 25	02:53:00	1	0	53	0	Ct	0	0	2	1	0	0	0	0	3	2	4	0	4	0	0	3	0	0	0	0	0	2	0	2	0	1	0	0	0	0	0	0	1	2
13850	31 Jul 25	02:54:00	1	0	53	0	Ct	0	0	2	3	0	0	0	0	0	1	2	0	1	0	0	3	0	4	1	0	0	2	0	3	0	3	0	0	0	0	0	0	1	1
13851	31 Jul 25	02:55:00	1	0	53	0	Ct	0	0	3	2	0	0	0	0	0	1	3	0	2	0	0	3	0	1	1	0	0	2	0	2	0	1	0	0	0	0	0	0	2	3
13852	31 Jul 25	02:56:00	1	0	53	0	Ct	0	0	2	0	0	0	0	0	0	1	1	0	3	0	2	0	0	3	4	0	1	3	0	0	0	1	0	0	0	0	0	0	0	2
13853	31 Jul 25	02:57:00	1	0	53	0	Ct	0	0	1	0	0	0	0	1	0	0	2	0	2	0	0	2	0	2	3	0	2	0	0	1	0	1	0	3	0	0	0	0	2	1
13854	31 Jul 25	02:58:00	1	0	53	0	Ct	0	0	0	1	0	0	1	4	0	0	0	0	2	0	0	2	0	2	1	0	1	1	0	0	0	0	0	0	0	0	0	0	3	2
13855	31 Jul 25	02:59:00	1	0	53	0	Ct	0	0	4	0	0	0	0	3	0	2	0	0	0	0	0	2	0	2	0	0	0	3	3	0	0	0	1	0	0	0	0	0	2	1
13856	31 Jul 25	03:00:00	1	0	53	0	Ct	0	0	4	1	0	0	0	1	0	0	2	0	2	0	0	2	0	2	0	0	0	0	0	0	0	0	1	0	0	0	2	0	2	0
13857	31 Jul 25	03:01:00	1	0	53	0	Ct	0	0	2	1	0	0	3	6	0	0	2	0	4	0	0	4	0	2	0	0	0	0	0	1	0	3	0	0	0	0	0	0	2	0
13858	31 Jul 25	03:02:00	1	0	53	0	Ct	0	0	1	1	0	0	5	2	0	2	3	0	2	0	0	1	0	3	0	0	0	0	0	0	0	0	0	0	0	0	0	0	4	0
13859	31 Jul 25	03:03:00	1	0	53	0	Ct	0	0	0	1	2	0	0	1	0	2	1	0	4	0	0	4	0	2	0	0	0	0	0	3	0	0	0	0	0	0	0	0	3	1
13860	31 Jul 25	03:04:00	1	0	53	0	Ct	0	0	4	1	0	0	0	0	0	2	1	2	3	0	0	1	0	0	0	0	0	0	0	1	0	0	0	0	0	0	0	0	3	3
13861	31 Jul 25	03:05:00	1	0	53	0	Ct	0	0	7	1	0	0	0	1	0	3	1	2	3	0	0	0	0	0	0	0	0	0	0	0	0	0	0	0	0	0	0	0	1	0
13862	31 Jul 25	03:06:00	1	0	53	0	Ct	0	0	4	1	0	0	2	1	0	3	3	4	1	0	0	4	0	0	0	0	0	1	0	2	0	0	0	0	0	0	0	0	0	2
13863	31 Jul 25	03:07:00	1	0	53	0	Ct	0	0	4	0	0	0	1	0	0	2	2	0	3	0	0	3	0	0	0	0	0	2	0	2	0	0	0	0	0	0	0	0	3	1
13864	31 Jul 25	03:08:00	1	0	53	0	Ct	0	0	5	0	0	0	2	0	0	1	1	0	2	0	0	2	0	2	0	0	0	1	0	1	0	0	0	0	0	0	0	0	5	1
13865	31 Jul 25	03:09:00	1	0	53	0	Ct	0	0	2	0	0	0	1	0	0	1	2	2	3	0	0	3	0	5	0	0	0	2	0	0	0	0	0	0	0	0	0	0	3	2
13866	31 Jul 25	03:10:00	1	0	53	0	Ct	0	0	2	0	0	0	3	1	0	2	4	0	1	0	2	3	0	2	0	0	0	0	0	0	0	0	0	0	0	0	0	0	1	0
13867	31 Jul 25	03:11:00	1	0	53	0	Ct	0	0	4	0	0	0	5	2	0	0	1	0	3	0	0	3	0	3	0	0	0	0	0	0	0	0	0	0	0	0	0	0	2	1
13868	31 Jul 25	03:12:00	1	0	53	0	Ct	0	0	3	1	0	0	2	4	0	2	1	0	0	0	0	4	0	2	0	0	0	0	0	2	0	0	0	0	0	0	0	0	1	1
13869	31 Jul 25	03:13:00	1	0	53	0	Ct	0	0	2	1	2	0	2	1	0	1	1	0	2	0	0	0	0	2	0	0	0	0	0	0	0	0	0	0	0	0	0	0	3	0
13870	31 Jul 25	03:14:00	1	0	53	0	Ct	0	0	2	2	3	0	0	0	0	2	0	0	4	0	0	3	0	2	2	0	0	3	0	0	0	0	0	0	0	0	0	0	3	2
13871	31 Jul 25	03:15:00	1	0	53	0	Ct	0	0	2	0	0	1	0	1	0	1	0	0	2	0	0	2	0	0	2	0	0	0	0	0	0	0	0	0	0	0	0	0	3	2
13872	31 Jul 25	03:16:00	1	0	53	0	Ct	0	0	2	0	0	1	0	0	0	2	0	0	3	0	0	6	0	1	0	0	0	0	0	1	0	0	1	0	0	0	0	0	3	2
13873	31 Jul 25	03:17:00	1	0	53	0	Ct	0	0	2	2	0	1	0	2	0	2	0	0	2	0	0	3	0	2	1	0	0	0	0	1	0	0	3	0	0	0	0	0	4	2
13874	31 Jul 25	03:18:00	1	0	53	0	Ct	0	0	2	3	0	0	0	1	0	0	0	0	3	0	0	2	0	2	2	0	1	0	0	1	0	0	0	0	0	0	0	0	1	0
13875	31 Jul 25	03:19:00	1	0	53	0	Ct	0	0	1	1	0	0	0	1	0	2	0	3	3	0	0	3	0	3	3	0	0	0	0	2	0	0	1	0	0	0	0	0	5	0
13876	31 Jul 25	03:20:00	1	0	53	0	Ct	0	0	0	0	0	0	0	1	0	5	0	5	5	2	0	3	0	2	2	0	1	0	0	1	0	0	2	0	0	0	0	0	3	3
13877	31 Jul 25	03:21:00	1	0	53	0	Ct	0	0	0	0	0	0	0	2	0	2	0	2	4	0	0	0	0	3	2	0	0	0	0	0	0	0	2	0	0	0	0	0	3	2
13878	31 Jul 25	03:22:00	1	0	53	0	Ct	0	0	0	0	0	0	0	0	0	3	0	0	2	0	0	0	0	2	2	0	0	0	0	1	0	0	2	0	0	0	0	0	3	1
13879	31 Jul 25	03:23:00	1	0	53	0	Ct	0	0	0	0	0	0	0	1	0	0	0	0	3	0	0	1	0	3	0	0	0	0	0	0	0	0	1	0	0	0	0	0	2	1
13880	31 Jul 25	03:24:00	1	0	53	0	Ct	0	0	3	0	0	0	0	1	0	2	3	0	2	0	0	1	0	1	0	0	0	0	0	1	0	0	0	0	0	0	0	0	0	1
13881	31 Jul 25	03:25:00	1	0	53	0	Ct	0	0	4	0	0	0	0	2	0	2	4	1	4	0	0	1	0	2	0	0	0	0	0	1	0	0	0	0	0	0	0	0	2	1
13882	31 Jul 25	03:26:00	1	0	53	0	Ct	0	0	1	0	0	0	1	1	0	7	1	1	0	0	0	1	0	2	0	0	3	0	0	0	0	0	0	1	0	0	0	0	4	0
13883	31 Jul 25	03:27:00	1	0	53	0	Ct	0	0	3	0	0	0	2	3	0	0	1	0	0	0	0	0	1	1	0	0	0	0	0	2	0	0	0	0	0	0	0	0	4	2
13884	31 Jul 25	03:28:00	1	0	53	0	Ct	0	0	1	0	0	0	0	0	0	0	1	0	0	0	0	2	5	1	0	0	0	0	0	0	0	0	0	0	0	0	0	0	3	3
13885	31 Jul 25	03:29:00	1	0	53	0	Ct	0	0	0	1	0	0	0	0	0	0	1	0	0	0	0	1	0	0	1	0	0	0	0	0	0	2	0	6	0	0	0	0	2	1
13886	31 Jul 25	03:30:00	1	0	53	0	Ct	0	0	2	2	0	0	0	4	0	0	2	0	0	0	0	0	0	0	0	0	0	0	0	0	0	0	0	0	0	0	0	0	3	0
13887	31 Jul 25	03:31:00	1	0	53	0	Ct	0	0	0	1	0	0	0	1	0	0	1	0	0	0	0	1	0	3	0	0	0	0	0	3	0	0	0	0	0	0	0	0	1	2
13888	31 Jul 25	03:32:00	1	0	53	0	Ct	0	0	1	1	0	0	0	0	0	0	3	0	3	0	0	0	1	1	6	0	0	0	0	0	0	0	1	0	0	0	2	0	1	0
13889	31 Jul 25	03:33:00	1	0	53	0	Ct	0	0	1	1	0	0	0	1	0	0	1	0	1	0	0	3	11	2	2	0	0	0	0	0	0	0	1	0	0	0	0	0	3	1
13890	31 Jul 25	03:34:00	1	0	53	0	Ct	0	0	3	0	0	0	0	1	0	2	3	0	2	0	0	0	16	4	5	0	0	0	0	1	0	0	0	0	0	0	3	0	1	2
13891	31 Jul 25	03:35:00	1	0	53	0	Ct	0	0	2	1	0	0	0	1	0	3	0	1	2	0	0	3	0	2	0	0	0	0	0	0	0	0	0	3	0	0	2	0	4	1
13892	31 Jul 25	03:36:00	1	0	53	0	Ct	0	0	0	0	0	0	0	0	0	2	0	0	2	0	0	2	0	1	4	0	0	0	0	0	0	0	0	0	0	0	0	0	2	2
13893	31 Jul 25	03:37:00	1	0	53	0	Ct	0	0	2	1	0	0	0	0	0	0	1	0	3	0	0	3	0	5	1	0	0	0	0	0	0	0	0	1	0	0	0	0	0	0
13894	31 Jul 25	03:38:00	1	0	53	0	Ct	0	0	2	1	0	0	0	2	0	0	1	0	3	0	1	2	0	2	2	0	3	0	0	1	0	0	0	0	0	0	0	0	3	1
13895	31 Jul 25	03:39:00	1	0	53	0	Ct	0	0	2	0	0	0	2	1	0	1	1	0	2	0	3	3	0	3	1	0	0	0	0	1	0	0	0	0	0	0	0	0	0	2
13896	31 Jul 25	03:40:00	1	0	53	0	Ct	0	0	2	0	0	0	0	0	0	2	0	2	2	0	3	0	0	2	3	0	0	0	0	0	0	0	0	0	0	0	0	0	2	3
13897	31 Jul 25	03:41:00	1	0	53	0	Ct	0	0	1	0	0	0	2	0	0	1	0	3	2	0	0	2	0	2	0	0	0	2	0	0	0	0	0	5	0	0	0	0	0	5
13898	31 Jul 25	03:42:00	1	0	53	0	Ct	0	0	2	2	1	0	1	0	1	0	0	1	3	0	2	1	1	1	0	0	2	0	0	0	0	0	0	0	0	0	0	0	0	3
13899	31 Jul 25	03:43:00	1	0	53	0	Ct	0	0	0	1	1	0	0	0	1	1	0	0	3	0	1	1	1	0	4	0	2	0	0	0	0	0	0	0	0	0	0	0	0	0
13900	31 Jul 25	03:44:00	1	0	53	0	Ct	0	0	0	0	0	1	0	0	0	2	0	0	4	0	0	1	1	3	1	0	0	0	0	0	0	0	0	0	0	0	0	0	0	4
13901	31 Jul 25	03:45:00	1	0	53	0	Ct	0	0	2	0	0	1	0	2	0	3	0	3	2	0	0	0	0	1	1	0	0	0	0	0	0	0	0	0	0	0	0	0	1	2
13902	31 Jul 25	03:46:00	1	0	53	0	Ct	0	0	2	1	0	0	2	2	0	2	0	1	2	0	0	1	0	1	2	0	0	0	0	0	0	0	0	0	0	0	0	0	2	1
13903	31 Jul 25	03:47:00	1	0	53	0	Ct	0	0	1	0	0	0	0	1	0	2	0	2	3	0	0	2	0	2	2	0	0	0	0	0	0	2	0	0	0	0	0	0	1	4
13904	31 Jul 25	03:48:00	1	0	53	0	Ct	0	0	0	0	0	0	0	0	0	0	0	3	9	0	1	2	0	3	1	0	0	0	0	0	0	5	0	0	0	0	0	0	0	0
13905	31 Jul 25	03:49:00	1	0	53	0	Ct	0	0	1	0	0	0	0	0	0	0	0	6	3	0	0	3	0	1	4	0	0	0	0	0	0	3	0	0	0	0	0	0	1	1
13906	31 Jul 25	03:50:00	1	0	53	0	Ct	0	0	0	1	0	0	0	0	0	0	0	7	2	0	0	2	0	4	3	0	0	0	0	0	0	0	0	0	0	0	0	0	1	3
13907	31 Jul 25	03:51:00	1	0	53	0	Ct	0	0	4	0	0	0	0	0	0	0	1	4	2	2	0	1	0	1	3	0	0	0	0	0	0	1	0	0	0	0	0	0	1	3
13908	31 Jul 25	03:52:00	1	0	53	0	Ct	0	0	3	0	0	1	0	0	0	0	1	2	2	0	0	5	1	2	2	0	2	0	0	0	0	1	0	0	0	0	0	0	2	1
13909	31 Jul 25	03:53:00	1	0	53	0	Ct	0	0	3	1	0	1	0	1	0	0	2	1	1	0	0	4	0	2	1	0	0	0	0	0	0	0	0	0	0	0	0	0	3	2
13910	31 Jul 25	03:54:00	1	0	53	0	Ct	0	0	2	3	0	0	0	1	0	0	3	1	4	0	0	2	0	2	4	0	0	0	0	0	0	2	0	0	0	0	0	0	2	2
13911	31 Jul 25	03:55:00	1	0	53	0	Ct	0	0	1	0	0	0	1	0	0	0	3	1	2	0	0	2	1	2	2	0	1	0	0	0	0	2	2	0	0	0	0	0	2	2
13912	31 Jul 25	03:56:00	1	0	53	0	Ct	0	0	0	0	0	0	1	1	0	0	3	0	1	0	0	2	1	3	1	0	2	0	0	0	0	2	0	0	0	0	0	0	3	1
13913	31 Jul 25	03:57:00	1	0	53	0	Ct	0	0	2	1	0	0	0	1	0	2	6	0	1	0	0	2	0	0	4	0	0	0	0	0	0	2	0	0	0	0	0	0	2	0
13914	31 Jul 25	03:58:00	1	0	53	0	Ct	0	0	2	0	0	0	0	1	0	1	0	0	3	0	0	3	0	2	1	0	0	0	0	0	0	2	0	0	0	0	1	0	3	2
13915	31 Jul 25	03:59:00	1	0	53	0	Ct	0	0	2	0	0	0	1	2	0	2	2	0	3	0	0	3	0	3	0	0	0	0	0	0	0	1	0	0	0	0	1	0	3	0
13916	31 Jul 25	04:00:00	1	0	53	0	Ct	0	0	2	0	0	0	2	0	0	0	2	0	3	0	0	3	0	4	0	0	0	0	0	0	0	1	0	0	0	0	0	0	1	1
13917	31 Jul 25	04:01:00	1	0	53	0	Ct	0	0	2	0	0	1	2	2	0	1	2	0	3	0	0	2	0	3	0	0	0	0	0	0	0	0	0	0	0	0	0	0	0	2
13918	31 Jul 25	04:02:00	1	0	53	0	Ct	0	0	2	2	0	1	3	0	0	3	1	0	3	0	0	2	0	2	2	0	0	0	1	0	0	1	0	0	0	0	0	0	0	2
13919	31 Jul 25	04:03:00	1	0	53	0	Ct	0	0	1	0	0	0	2	3	0	1	3	0	0	0	0	0	0	2	2	0	0	0	1	0	0	1	2	0	0	0	0	0	1	3
13920	31 Jul 25	04:04:00	1	0	53	0	Ct	0	0	0	0	0	0	0	1	0	1	1	0	0	0	0	0	0	1	3	0	0	0	0	0	0	0	0	0	0	0	0	0	3	2
13921	31 Jul 25	04:05:00	1	0	53	0	Ct	0	0	2	2	0	0	1	1	0	1	0	0	0	0	0	3	0	1	1	0	0	0	0	0	0	0	2	0	0	0	0	0	3	2
13922	31 Jul 25	04:06:00	1	0	53	0	Ct	0	0	1	0	0	0	3	1	0	0	3	3	0	0	0	4	0	1	2	0	0	0	0	0	0	0	0	0	0	0	0	0	3	3
13923	31 Jul 25	04:07:00	1	0	53	0	Ct	0	0	3	0	0	1	2	2	0	0	0	3	0	0	0	2	0	0	2	0	0	0	0	0	0	0	0	0	0	0	0	0	3	3
13924	31 Jul 25	04:08:00	1	0	53	0	Ct	0	0	0	0	0	1	0	1	0	0	0	2	0	0	0	2	0	0	1	0	0	0	0	1	0	0	0	0	0	0	0	0	3	1
13925	31 Jul 25	04:09:00	1	0	53	0	Ct	0	0	0	0	0	0	1	0	0	0	0	2	3	0	0	2	0	0	2	0	0	0	0	1	0	0	0	0	0	0	0	0	1	2
13926	31 Jul 25	04:10:00	1	0	53	0	Ct	0	0	0	2	0	0	2	0	0	0	0	3	1	0	0	3	0	0	1	0	0	0	2	2	0	0	1	0	0	0	0	0	1	1
13927	31 Jul 25	04:11:00	1	0	53	0	Ct	0	0	3	0	0	0	3	1	0	0	0	2	0	1	0	0	0	0	3	0	0	0	0	0	0	0	1	0	0	0	0	0	1	0
13928	31 Jul 25	04:12:00	1	0	53	0	Ct	0	0	1	0	0	0	3	6	0	0	0	2	1	0	0	0	0	0	3	0	0	0	0	0	0	0	0	0	0	0	0	0	3	2
13929	31 Jul 25	04:13:00	1	0	53	0	Ct	0	0	0	1	0	0	3	3	0	0	0	4	3	0	0	2	0	0	1	1	0	0	0	1	0	0	0	0	0	0	0	0	2	0
13930	31 Jul 25	04:14:00	1	0	53	0	Ct	0	0	2	1	0	0	1	1	0	0	0	1	1	0	1	0	0	0	1	1	0	0	0	4	0	0	2	0	0	0	0	0	3	3
13931	31 Jul 25	04:15:00	1	0	53	0	Ct	0	0	3	0	0	0	2	0	0	0	0	1	2	0	0	2	0	4	0	0	1	0	0	2	0	0	3	0	0	0	0	0	1	3
13932	31 Jul 25	04:16:00	1	0	53	0	Ct	0	0	2	0	0	0	3	2	2	0	0	2	2	2	0	1	0	1	1	0	0	0	1	1	0	0	0	0	0	0	0	0	2	0
13933	31 Jul 25	04:17:00	1	0	53	0	Ct	0	0	1	0	0	0	3	0	0	2	3	0	1	2	1	1	0	1	3	1	0	0	1	1	0	0	0	0	0	0	0	0	1	2
13934	31 Jul 25	04:18:00	1	0	53	0	Ct	0	0	4	1	0	0	1	3	2	0	2	4	4	2	0	1	0	0	0	3	0	0	0	0	0	0	1	0	0	0	0	0	2	1
13935	31 Jul 25	04:19:00	1	0	53	0	Ct	0	0	2	3	0	0	0	1	0	0	2	3	3	0	0	2	0	0	0	0	0	0	0	1	0	0	1	2	0	0	0	0	4	2
13936	31 Jul 25	04:20:00	1	0	53	0	Ct	0	0	1	0	0	0	0	0	0	0	2	7	2	0	0	3	0	2	0	0	1	2	0	1	0	0	2	0	0	0	0	0	1	2
13937	31 Jul 25	04:21:00	1	0	53	0	Ct	0	0	1	0	1	0	1	2	0	0	2	0	3	0	0	3	0	2	0	0	0	0	0	0	0	0	2	0	0	0	0	0	1	2
13938	31 Jul 25	04:22:00	1	0	53	0	Ct	0	0	0	0	3	0	2	0	2	1	2	2	3	0	0	3	0	1	2	0	0	0	2	0	0	0	0	0	0	0	0	0	1	1
13939	31 Jul 25	04:23:00	1	0	53	0	Ct	0	0	0	1	0	0	1	0	0	0	3	8	4	0	0	1	0	2	1	0	0	0	0	1	0	0	0	0	0	0	0	0	1	0
13940	31 Jul 25	04:24:00	1	0	53	0	Ct	0	0	2	1	0	0	0	0	0	0	2	3	3	0	2	0	0	0	1	0	0	0	0	1	0	0	0	0	0	0	0	0	0	2
13941	31 Jul 25	04:25:00	1	0	53	0	Ct	0	0	1	0	0	0	1	0	1	0	2	3	0	0	0	0	0	0	3	0	0	0	0	1	0	0	0	0	0	0	0	0	5	3
13942	31 Jul 25	04:26:00	1	0	53	0	Ct	0	0	1	0	0	0	4	1	0	1	1	0	0	0	1	0	0	2	3	0	0	0	0	0	0	0	1	0	0	0	0	0	3	1
13943	31 Jul 25	04:27:00	1	0	53	0	Ct	0	0	1	0	0	0	2	2	0	0	1	2	0	0	2	4	0	2	0	0	0	0	0	1	0	0	3	3	0	0	3	0	1	1
13944	31 Jul 25	04:28:00	1	0	53	0	Ct	0	0	1	0	0	0	3	0	0	0	1	1	0	0	0	3	0	3	0	0	0	0	0	3	0	0	1	4	0	0	0	0	0	0
13945	31 Jul 25	04:29:00	1	0	53	0	Ct	0	0	3	3	0	0	3	1	0	0	0	6	0	0	6	3	0	0	4	0	0	0	0	2	0	0	4	2	0	0	0	0	0	3
13946	31 Jul 25	04:30:00	1	0	53	0	Ct	0	0	1	1	0	0	0	1	0	0	2	3	0	0	2	0	0	2	3	0	0	0	1	12	0	0	0	0	0	0	0	0	1	1
13947	31 Jul 25	04:31:00	1	0	53	0	Ct	0	0	0	0	0	0	4	0	0	0	0	3	2	0	13	4	0	2	1	0	0	0	3	0	0	0	1	0	0	0	0	0	4	1
13948	31 Jul 25	04:32:00	1	0	53	0	Ct	0	0	0	2	0	0	2	1	0	0	0	3	4	0	3	3	0	2	1	0	0	2	0	2	0	0	0	0	0	0	0	0	1	2
13949	31 Jul 25	04:33:00	1	0	53	0	Ct	0	0	3	0	0	0	1	0	0	0	0	2	2	2	1	0	0	1	0	0	0	0	0	0	0	0	1	1	0	0	1	0	2	1
13950	31 Jul 25	04:34:00	1	0	53	0	Ct	0	0	6	4	0	0	2	1	0	0	0	3	2	0	3	1	0	3	3	0	0	3	0	0	0	0	0	1	0	0	1	0	1	1
13951	31 Jul 25	04:35:00	1	0	53	0	Ct	0	0	4	1	0	0	3	1	0	0	0	2	3	0	0	0	0	0	0	0	0	3	0	1	0	0	0	0	0	0	3	0	2	2
13952	31 Jul 25	04:36:00	1	0	53	0	Ct	0	0	3	0	0	0	3	0	0	0	0	2	2	0	3	0	0	2	0	0	0	3	0	1	0	0	0	0	0	0	5	0	2	0
13953	31 Jul 25	04:37:00	1	0	53	0	Ct	0	0	7	0	0	2	0	1	6	0	0	2	0	0	2	1	0	1	0	0	0	3	0	0	0	0	0	0	0	0	1	0	3	3
13954	31 Jul 25	04:38:00	1	0	53	0	Ct	0	0	1	0	0	1	3	1	1	0	0	4	0	1	3	0	0	1	2	0	0	4	4	2	0	0	2	0	0	0	3	0	0	0
13955	31 Jul 25	04:39:00	1	0	53	0	Ct	0	0	3	0	0	0	1	0	3	0	0	3	0	1	2	0	0	0	2	0	0	4	3	1	0	0	3	0	0	0	2	0	3	4
13956	31 Jul 25	04:40:00	1	0	53	0	Ct	0	0	2	0	0	0	1	2	0	0	0	3	0	0	0	2	0	3	0	0	0	5	3	1	0	0	3	0	0	0	2	0	1	0
13957	31 Jul 25	04:41:00	1	0	53	0	Ct	0	0	3	0	0	0	2	0	0	0	0	1	0	0	1	0	0	2	1	0	0	0	2	0	0	0	0	0	0	0	3	0	0	2
13958	31 Jul 25	04:42:00	1	0	53	0	Ct	0	0	4	0	0	0	0	1	0	0	2	5	0	0	3	1	0	1	4	0	0	2	4	0	0	1	2	1	0	0	2	0	0	3
13959	31 Jul 25	04:43:00	1	0	53	0	Ct	0	0	4	0	0	0	3	0	0	0	1	2	0	0	2	3	0	2	2	0	0	2	1	0	0	2	0	2	0	0	3	0	0	4
13960	31 Jul 25	04:44:00	1	0	53	0	Ct	0	0	2	3	0	0	1	0	0	0	0	3	0	0	4	2	0	0	0	0	0	2	1	2	0	2	0	1	0	0	3	0	2	3
13961	31 Jul 25	04:45:00	1	0	53	0	Ct	0	0	1	0	0	2	0	0	0	1	0	3	0	0	2	5	0	3	2	0	0	2	0	1	0	0	0	2	0	0	1	0	2	2
13962	31 Jul 25	04:46:00	1	0	53	0	Ct	0	0	3	2	0	0	2	1	1	1	0	2	2	0	2	2	0	0	1	0	0	2	0	0	0	0	1	0	0	0	5	0	0	0
13963	31 Jul 25	04:47:00	1	0	53	0	Ct	0	0	1	1	0	1	2	3	4	0	0	2	0	0	0	3	0	1	1	0	0	4	0	1	0	0	0	0	0	0	2	0	0	4
13964	31 Jul 25	04:48:00	1	0	53	0	Ct	0	0	1	0	0	1	0	1	6	0	0	2	0	0	0	4	0	1	0	0	0	1	0	0	0	0	1	0	0	0	1	0	0	1
13965	31 Jul 25	04:49:00	1	0	53	0	Ct	0	0	0	2	0	0	2	1	0	0	0	2	0	0	2	4	0	2	2	0	0	1	0	1	0	0	0	0	0	0	2	0	2	3
13966	31 Jul 25	04:50:00	1	0	53	0	Ct	0	0	4	1	0	4	3	0	0	0	0	3	0	0	2	3	0	1	0	0	0	1	0	0	0	2	0	0	0	0	3	0	0	2
13967	31 Jul 25	04:51:00	1	0	53	0	Ct	0	0	4	0	0	4	2	3	4	0	0	2	0	0	3	3	0	0	0	0	0	0	0	1	0	0	3	0	0	0	2	0	5	1
13968	31 Jul 25	04:52:00	1	0	53	0	Ct	0	0	3	0	0	2	1	2	3	0	0	2	1	0	2	2	0	3	3	0	1	0	2	1	0	2	1	0	0	0	3	0	3	1
13969	31 Jul 25	04:53:00	1	0	53	0	Ct	0	0	2	0	0	1	0	1	0	0	0	2	0	0	3	3	0	0	7	0	0	0	1	1	0	1	0	2	0	0	1	0	2	1
13970	31 Jul 25	04:54:00	1	0	53	0	Ct	0	0	6	2	0	0	1	0	1	0	0	3	0	0	3	1	0	0	1	0	0	0	0	1	0	2	0	0	0	0	1	0	2	1
13971	31 Jul 25	04:55:00	1	0	53	0	Ct	0	0	2	0	0	2	3	2	0	0	1	3	0	0	2	3	0	0	3	0	0	0	0	0	0	2	1	0	0	0	3	0	2	2
13972	31 Jul 25	04:56:00	1	0	53	0	Ct	0	0	2	1	0	2	2	1	0	0	2	4	1	0	3	4	0	1	4	0	0	0	0	0	0	0	3	2	0	0	0	0	1	2
13973	31 Jul 25	04:57:00	1	0	53	0	Ct	0	0	2	1	0	2	2	1	0	0	3	3	2	0	0	4	0	1	2	0	0	0	0	1	0	3	1	3	0	0	1	0	3	3
13974	31 Jul 25	04:58:00	1	0	53	0	Ct	0	0	2	1	0	2	1	0	0	0	3	1	0	0	2	0	0	2	1	0	0	0	0	0	0	1	2	0	0	0	2	0	0	0
13975	31 Jul 25	04:59:00	1	0	53	0	Ct	0	0	2	2	0	1	2	0	0	0	5	4	0	0	3	2	0	0	2	0	0	0	0	0	0	0	0	0	0	0	2	0	0	2
13976	31 Jul 25	05:00:00	1	0	53	0	Ct	0	0	3	1	0	4	1	2	0	0	4	2	0	0	3	5	0	2	1	0	0	0	0	0	0	1	3	0	0	0	3	0	3	0
13977	31 Jul 25	05:01:00	1	0	53	0	Ct	0	0	3	2	0	1	4	0	1	3	2	2	0	0	5	0	0	0	2	0	0	0	2	1	0	1	1	0	0	0	1	0	3	2
13978	31 Jul 25	05:02:00	1	0	53	0	Ct	0	0	0	1	0	0	0	0	0	1	2	3	0	0	3	2	0	1	1	0	1	0	2	2	0	2	0	0	0	0	4	0	3	0
13979	31 Jul 25	05:03:00	1	0	53	0	Ct	0	0	1	0	0	1	2	0	0	3	1	2	1	0	4	1	0	3	1	0	0	0	3	2	0	0	3	0	0	0	3	0	1	2
13980	31 Jul 25	05:04:00	1	0	53	0	Ct	0	0	1	0	0	2	1	2	2	3	0	2	1	0	4	2	0	2	2	0	0	0	0	1	0	1	1	0	0	0	2	0	3	3
13981	31 Jul 25	05:05:00	1	0	53	0	Ct	0	0	2	0	0	2	1	3	7	3	0	1	1	0	1	2	0	0	3	0	0	0	3	1	0	2	0	0	0	0	2	0	2	2
13982	31 Jul 25	05:06:00	1	0	53	0	Ct	0	0	2	1	0	1	3	1	2	2	0	3	2	0	4	2	0	0	2	0	0	0	0	0	0	2	1	0	0	0	3	0	1	0
13983	31 Jul 25	05:07:00	1	0	53	0	Ct	0	0	0	0	0	1	2	1	1	3	1	1	1	0	2	1	0	1	2	0	0	0	1	2	0	0	1	0	0	0	3	0	2	0
13984	31 Jul 25	05:08:00	1	0	53	0	Ct	0	0	0	0	1	1	1	1	0	2	0	2	0	2	1	2	0	3	0	0	0	0	3	0	0	2	4	0	0	0	2	0	1	0
13985	31 Jul 25	05:09:00	1	0	53	0	Ct	0	0	3	1	1	4	1	0	0	1	0	3	0	0	2	3	0	0	0	0	0	0	2	0	0	3	2	0	0	0	0	0	4	0
13986	31 Jul 25	05:10:00	1	0	53	0	Ct	0	0	4	0	0	3	1	0	0	2	0	3	0	0	2	4	0	1	1	0	0	0	4	0	0	2	0	0	0	0	1	0	1	0
13987	31 Jul 25	05:11:00	1	0	53	0	Ct	0	0	1	0	0	2	1	0	0	1	1	0	0	0	2	1	0	2	2	0	0	0	2	3	0	1	0	0	0	0	1	0	1	0
13988	31 Jul 25	05:12:00	1	0	53	0	Ct	0	0	2	0	0	2	3	1	0	4	1	2	0	0	2	1	0	2	2	0	0	0	2	1	0	2	2	0	0	0	0	0	3	4
13989	31 Jul 25	05:13:00	1	0	53	0	Ct	0	0	1	2	0	1	7	0	1	1	1	1	0	0	2	1	0	0	1	0	0	0	2	0	0	1	1	0	0	0	7	0	0	0
13990	31 Jul 25	05:14:00	1	0	53	0	Ct	0	0	1	0	0	3	2	2	2	1	0	4	0	0	2	2	0	0	0	0	0	0	3	1	0	2	2	2	0	0	2	0	1	3
13991	31 Jul 25	05:15:00	1	0	53	0	Ct	0	0	1	2	0	4	1	1	4	0	3	1	0	1	1	4	0	3	0	0	0	0	2	1	0	1	2	9	0	0	2	0	3	1
13992	31 Jul 25	05:16:00	1	0	53	0	Ct	0	0	2	0	0	2	3	5	2	3	1	2	2	1	1	3	0	2	0	0	0	0	3	0	0	1	0	13	0	0	1	0	2	2
13993	31 Jul 25	05:17:00	1	0	53	0	Ct	0	0	3	0	0	1	3	2	3	1	2	1	2	0	1	4	0	3	0	0	0	0	3	1	0	1	1	3	0	0	0	0	0	0
13994	31 Jul 25	05:18:00	1	0	53	0	Ct	0	0	1	0	0	0	2	3	5	4	1	2	3	0	1	0	0	2	0	0	0	0	3	2	0	1	3	1	0	0	3	0	0	0
13995	31 Jul 25	05:19:00	1	0	53	0	Ct	0	0	3	0	0	0	1	2	0	3	1	0	1	0	2	2	2	2	0	0	0	0	2	1	0	4	1	1	0	0	2	0	1	2
13996	31 Jul 25	05:20:00	1	0	53	0	Ct	0	0	0	3	0	2	2	0	3	2	2	5	0	0	4	1	0	1	0	0	0	0	2	1	0	0	1	1	0	0	1	0	1	2
13997	31 Jul 25	05:21:00	1	0	53	0	Ct	0	0	0	0	0	3	2	2	3	0	2	2	0	1	2	1	0	3	0	0	0	0	1	2	0	2	2	1	0	0	3	0	2	0
13998	31 Jul 25	05:22:00	1	0	53	0	Ct	0	0	2	1	0	2	3	0	3	1	2	1	1	2	2	1	0	3	0	0	1	0	2	0	0	0	0	2	0	0	1	0	4	2
13999	31 Jul 25	05:23:00	1	0	53	0	Ct	0	0	3	9	0	2	2	0	0	1	3	2	1	3	7	0	0	0	0	0	0	0	1	1	0	1	1	1	0	0	0	0	0	2
14000	31 Jul 25	05:24:00	1	0	53	0	Ct	0	0	2	5	0	2	0	0	2	2	2	3	0	4	3	0	0	0	0	0	0	0	3	1	0	0	2	3	0	0	3	0	5	4
14001	31 Jul 25	05:25:00	1	0	53	0	Ct	0	0	1	2	0	1	0	0	3	0	3	0	0	3	3	0	0	0	0	0	0	0	3	0	0	1	1	0	0	0	3	0	5	4
14002	31 Jul 25	05:26:00	1	0	53	0	Ct	0	0	2	0	2	1	2	2	1	2	2	3	3	4	4	0	0	1	0	0	0	0	4	0	0	1	1	0	0	0	6	0	0	6
14003	31 Jul 25	05:27:00	1	0	53	0	Ct	0	0	1	2	0	3	2	2	2	2	5	0	3	2	1	1	0	1	0	0	0	0	2	2	0	2	0	0	0	0	3	0	2	3
14004	31 Jul 25	05:28:00	1	0	53	0	Ct	0	0	2	3	0	2	2	2	1	0	4	0	3	3	2	4	0	0	5	0	1	0	2	0	0	1	1	0	0	0	5	0	0	3
14005	31 Jul 25	05:29:00	1	0	53	0	Ct	0	0	1	2	0	2	1	0	2	3	3	3	1	6	2	3	0	0	1	0	0	0	0	2	0	0	0	4	0	0	4	0	0	4
14006	31 Jul 25	05:30:00	1	0	53	0	Ct	0	0	3	2	0	2	0	2	1	1	1	4	1	2	2	3	0	0	2	0	1	0	1	0	0	2	0	4	0	0	3	0	0	4
14007	31 Jul 25	05:31:00	1	0	53	0	Ct	0	0	1	0	0	4	0	1	1	0	2	2	3	2	2	2	0	0	1	0	0	0	1	1	0	0	1	2	0	0	2	0	0	0
14008	31 Jul 25	05:32:00	1	0	53	0	Ct	0	0	1	4	0	2	1	2	3	2	5	3	1	3	4	3	0	1	1	0	0	0	2	1	0	0	6	2	0	0	2	0	0	2
14009	31 Jul 25	05:33:00	1	0	53	0	Ct	0	0	3	1	0	0	2	1	3	1	1	3	0	2	2	3	0	0	3	0	0	0	4	2	0	2	3	1	0	0	1	0	2	3
14010	31 Jul 25	05:34:00	1	0	53	0	Ct	0	0	2	1	0	3	2	1	2	3	2	3	1	6	2	3	2	0	1	0	0	0	3	0	0	0	0	3	0	0	2	0	2	3
14011	31 Jul 25	05:35:00	1	0	53	0	Ct	0	0	2	1	2	3	2	1	1	1	2	0	0	9	2	3	3	0	0	1	0	2	3	0	0	1	3	1	0	0	2	0	4	0
14012	31 Jul 25	05:36:00	1	0	53	0	Ct	0	0	1	1	1	0	3	3	0	2	0	2	0	3	2	2	4	1	0	1	0	0	2	2	0	13	2	5	0	0	1	0	4	2
14013	31 Jul 25	05:37:00	1	0	53	0	Ct	0	0	5	2	1	2	2	0	0	1	0	1	0	5	2	4	1	0	2	1	0	3	2	0	0	1	2	1	0	0	4	0	1	2
14014	31 Jul 25	05:38:00	1	0	53	0	Ct	0	0	1	0	0	3	0	1	2	0	0	1	1	5	2	3	2	0	2	2	1	3	3	1	0	3	2	1	0	0	3	0	3	2
14015	31 Jul 25	05:39:00	1	0	53	0	Ct	0	0	2	2	0	2	2	0	3	3	0	1	2	3	3	0	4	1	1	1	1	0	1	1	0	2	1	1	0	0	1	0	4	0
14016	31 Jul 25	05:40:00	1	0	53	0	Ct	0	0	1	0	0	3	1	0	3	1	0	0	1	1	3	6	5	2	1	1	3	0	2	7	0	2	3	1	0	0	4	0	1	3
14017	31 Jul 25	05:41:00	1	0	53	0	Ct	0	0	0	0	2	2	3	0	4	2	0	4	1	4	3	14	2	2	1	4	1	0	2	1	0	1	0	1	0	0	3	0	2	2
14018	31 Jul 25	05:42:00	1	0	53	0	Ct	0	0	0	0	0	3	2	0	3	1	0	3	1	4	4	6	3	0	3	0	0	0	0	1	0	2	2	3	0	0	3	0	0	1
14019	31 Jul 25	05:43:00	1	0	53	0	Ct	0	0	3	1	0	2	2	2	4	1	1	3	2	2	2	6	5	1	0	0	0	0	1	0	0	3	4	3	0	0	1	0	0	2
14020	31 Jul 25	05:44:00	1	0	53	0	Ct	0	0	3	1	0	2	0	1	2	1	1	5	0	2	1	3	6	1	1	2	1	0	4	1	0	2	5	0	0	0	1	0	3	1
14021	31 Jul 25	05:45:00	1	0	53	0	Ct	0	0	0	1	0	1	0	1	2	2	1	4	4	2	4	1	1	3	3	4	1	0	3	1	0	2	2	2	0	0	2	0	2	1
14022	31 Jul 25	05:46:00	1	0	53	0	Ct	0	0	1	1	0	3	0	2	3	2	4	2	0	3	2	1	4	3	2	0	2	0	3	1	0	0	5	0	0	0	11	0	1	1
14023	31 Jul 25	05:47:00	1	0	53	0	Ct	0	0	3	0	0	1	1	0	2	2	2	3	0	2	3	1	2	1	2	3	2	0	3	2	0	1	1	0	0	0	3	0	0	0
14024	31 Jul 25	05:48:00	1	0	53	0	Ct	0	0	3	2	0	0	2	1	4	2	2	2	0	2	2	5	4	1	3	1	1	0	1	0	0	1	0	0	0	0	2	0	4	3
14025	31 Jul 25	05:49:00	1	0	53	0	Ct	0	0	4	2	0	1	1	1	1	2	0	4	0	2	4	4	4	1	0	2	0	0	2	0	0	1	0	0	0	0	1	0	2	1
14026	31 Jul 25	05:50:00	1	0	53	0	Ct	0	0	2	0	0	4	3	2	2	0	1	2	0	2	2	4	4	1	1	2	2	0	3	1	0	0	0	0	0	0	2	0	2	2
14027	31 Jul 25	05:51:00	1	0	53	0	Ct	0	0	0	1	0	4	3	1	4	0	1	2	0	2	2	1	4	0	2	1	3	0	4	0	0	2	0	0	0	0	2	0	3	3
14028	31 Jul 25	05:52:00	1	0	53	0	Ct	0	0	0	1	0	6	1	1	1	3	2	4	0	3	2	1	4	2	1	1	4	0	6	1	0	0	0	2	0	0	3	0	0	1
14029	31 Jul 25	05:53:00	1	0	53	0	Ct	0	0	1	1	1	2	5	0	2	2	3	2	0	3	2	0	3	0	2	0	2	0	6	0	0	1	1	2	0	0	2	0	0	0
14030	31 Jul 25	05:54:00	1	0	53	0	Ct	0	0	2	1	2	0	2	0	1	2	4	0	0	4	2	4	2	1	1	0	4	0	5	1	0	0	2	2	0	0	1	0	5	3
14031	31 Jul 25	05:55:00	1	0	53	0	Ct	0	0	4	1	2	2	4	2	3	8	2	0	0	3	3	2	2	0	2	2	4	0	2	6	0	0	0	3	0	0	3	0	2	2
14032	31 Jul 25	05:56:00	1	0	53	0	Ct	0	0	2	0	6	2	0	1	4	4	0	1	2	2	1	4	4	1	0	1	1	0	2	1	0	0	0	1	0	0	1	0	1	1
14033	31 Jul 25	05:57:00	1	0	53	0	Ct	0	0	0	1	3	1	2	5	4	3	1	2	0	3	3	2	4	1	0	2	2	0	3	1	0	0	1	2	0	0	2	0	3	0
14034	31 Jul 25	05:58:00	1	0	53	0	Ct	0	0	3	1	2	0	2	2	1	0	3	2	0	3	2	2	4	2	0	4	2	1	2	0	0	0	2	2	0	0	1	0	1	0
14035	31 Jul 25	05:59:00	1	0	53	0	Ct	0	0	2	0	3	2	0	5	3	0	3	2	1	3	2	4	5	1	0	6	1	4	2	0	0	0	3	1	0	0	3	0	3	0
14036	31 Jul 25	06:00:00	1	0	53	0	Ct	0	0	0	1	0	2	1	3	3	0	1	2	3	4	2	3	2	0	0	6	2	3	3	0	0	1	3	4	0	0	0	0	1	0
14037	31 Jul 25	06:01:00	1	0	53	0	Ct	0	0	0	1	3	3	0	2	1	0	1	1	1	2	1	4	4	0	0	4	1	2	3	1	0	0	2	0	0	0	0	0	3	0
14038	31 Jul 25	06:02:00	1	0	53	0	Ct	0	0	0	2	0	1	0	4	2	0	3	3	4	1	3	3	2	1	0	5	3	2	3	1	0	1	1	0	0	0	0	0	1	0
14039	31 Jul 25	06:03:00	1	0	53	0	Ct	0	0	0	0	3	3	1	0	2	4	2	4	3	3	2	3	5	0	0	0	1	1	3	0	0	0	2	1	0	0	2	0	1	0
14040	31 Jul 25	06:04:00	1	0	53	0	Ct	0	0	2	4	2	0	2	2	0	1	1	3	4	2	3	1	3	1	0	0	1	2	2	0	0	1	3	1	0	0	3	0	4	0
14041	31 Jul 25	06:05:00	1	0	53	0	Ct	0	0	4	2	4	3	4	1	4	2	0	3	3	0	4	5	4	2	0	1	2	3	0	0	0	1	0	3	0	0	2	0	2	0
14042	31 Jul 25	06:06:00	1	0	53	0	Ct	0	0	3	3	1	4	3	1	2	1	1	1	5	3	2	3	3	1	0	4	3	2	2	1	0	0	4	2	0	0	1	0	2	2
14043	31 Jul 25	06:07:00	1	0	53	0	Ct	0	0	1	1	2	2	1	2	2	1	2	1	2	3	2	0	1	1	0	2	0	2	2	1	0	1	3	2	0	0	2	0	4	2
14044	31 Jul 25	06:08:00	1	0	53	0	Ct	0	0	6	2	6	0	3	1	1	2	0	3	4	3	3	3	3	0	1	0	0	1	2	0	0	1	3	1	0	0	1	0	2	2
14045	31 Jul 25	06:09:00	1	0	53	0	Ct	0	0	1	0	1	0	1	1	2	1	0	3	4	3	1	5	0	0	2	3	0	4	2	1	0	1	0	2	0	0	3	0	5	4
14046	31 Jul 25	06:10:00	1	0	53	0	Ct	0	0	3	1	3	1	1	1	1	2	2	4	2	3	4	5	1	2	2	3	2	0	4	2	0	0	2	3	0	0	2	0	0	1
14047	31 Jul 25	06:11:00	1	0	53	0	Ct	0	0	3	0	1	4	2	1	2	1	2	2	3	3	2	4	2	2	3	1	1	3	2	0	0	1	0	1	0	0	0	0	3	1
14048	31 Jul 25	06:12:00	1	0	53	0	Ct	0	0	2	0	2	0	2	2	1	2	2	1	1	1	3	4	1	1	3	0	2	5	4	0	0	2	2	1	0	0	0	0	3	1
14049	31 Jul 25	06:13:00	1	0	53	0	Ct	0	0	1	1	1	2	2	1	1	1	2	1	5	4	4	5	6	1	1	2	2	1	2	0	0	1	2	2	0	0	2	0	2	2
14050	31 Jul 25	06:14:00	1	0	53	0	Ct	0	0	1	0	0	6	1	0	0	2	1	3	5	4	2	4	1	2	2	0	4	0	2	0	0	1	2	1	0	0	3	0	0	3
14051	31 Jul 25	06:15:00	1	0	53	0	Ct	0	0	0	0	3	4	2	1	2	2	0	1	2	1	4	4	3	0	1	1	3	1	2	1	0	1	0	0	0	0	2	0	0	0
14052	31 Jul 25	06:16:00	1	0	53	0	Ct	0	0	1	0	3	2	3	0	3	2	0	2	2	1	2	4	4	1	1	3	2	0	2	0	0	1	3	2	0	0	2	0	3	4
14053	31 Jul 25	06:17:00	1	0	53	0	Ct	0	0	2	0	2	3	3	1	3	0	0	3	3	2	3	4	4	2	0	2	1	2	2	1	0	1	3	2	0	0	1	0	2	2
14054	31 Jul 25	06:18:00	1	0	53	0	Ct	0	0	1	3	3	1	1	3	1	2	0	4	1	3	3	4	4	1	3	0	1	3	2	0	0	0	3	2	0	0	1	0	3	2
14055	31 Jul 25	06:19:00	1	0	53	0	Ct	0	0	0	2	2	1	0	1	1	3	0	4	3	2	1	3	3	1	3	0	3	1	4	1	0	1	0	1	0	0	2	0	0	1
14056	31 Jul 25	06:20:00	1	0	53	0	Ct	0	0	1	2	3	0	2	1	0	2	0	3	2	4	3	4	3	0	2	0	0	0	4	1	0	1	0	1	0	0	2	0	1	2
14057	31 Jul 25	06:21:00	1	0	53	0	Ct	0	0	3	1	0	1	3	0	1	0	2	5	1	3	3	0	1	0	2	2	1	2	2	3	0	0	3	2	0	0	0	0	1	2
14058	31 Jul 25	06:22:00	1	0	53	0	Ct	0	0	0	0	2	0	2	2	2	2	2	2	3	3	2	3	3	1	4	1	2	2	2	0	0	1	0	2	0	0	2	0	2	2
14059	31 Jul 25	06:23:00	1	0	53	0	Ct	0	0	0	3	1	0	2	1	3	1	2	2	3	2	3	2	1	2	2	1	2	2	0	2	0	1	2	0	0	0	6	0	4	4
14060	31 Jul 25	06:24:00	1	0	53	0	Ct	0	0	0	0	3	0	2	1	4	2	2	3	4	2	2	4	4	3	3	3	1	2	3	2	0	0	2	2	0	0	3	0	4	2
14061	31 Jul 25	06:25:00	1	0	53	0	Ct	0	0	1	1	0	0	2	1	2	1	5	3	2	3	2	3	1	0	1	3	3	1	3	1	0	1	2	2	0	0	1	0	2	3
14062	31 Jul 25	06:26:00	1	0	53	0	Ct	0	0	4	1	1	0	1	3	3	1	3	2	3	3	4	5	2	1	1	4	1	4	3	1	0	1	2	6	0	0	3	0	2	1
14063	31 Jul 25	06:27:00	1	0	53	0	Ct	0	0	3	2	1	0	3	0	2	2	3	3	2	3	2	3	5	2	2	1	1	2	2	1	0	1	1	1	0	0	1	0	2	3
14064	31 Jul 25	06:28:00	1	0	53	0	Ct	0	0	4	2	0	4	2	2	0	0	1	3	2	4	1	0	1	0	3	1	1	2	2	0	0	1	1	3	0	0	3	0	4	3
14065	31 Jul 25	06:29:00	1	0	53	0	Ct	0	0	3	1	2	6	0	2	1	0	0	3	0	3	3	0	2	1	2	2	2	2	0	0	0	0	0	2	0	0	4	0	3	2
14066	31 Jul 25	06:30:00	1	0	53	0	Ct	0	0	3	0	3	1	0	2	4	2	2	2	0	4	1	4	8	1	1	1	2	2	0	0	0	1	2	3	0	0	3	0	4	1
14067	31 Jul 25	06:31:00	1	0	53	0	Ct	0	0	1	0	2	0	3	1	5	1	2	3	0	3	3	3	3	1	1	2	0	1	0	0	0	0	2	0	0	0	4	0	3	2
14068	31 Jul 25	06:32:00	1	0	53	0	Ct	0	0	4	1	4	3	1	3	4	2	5	1	2	2	3	4	2	2	1	0	2	1	2	1	0	2	0	1	0	0	3	0	3	3
14069	31 Jul 25	06:33:00	1	0	53	0	Ct	0	0	3	4	2	1	4	0	3	2	0	2	1	3	3	3	0	1	0	0	0	2	1	1	0	2	5	0	0	0	4	0	0	2
14070	31 Jul 25	06:34:00	1	0	53	0	Ct	0	0	2	1	5	1	3	3	2	2	2	0	2	2	3	5	0	0	0	0	2	1	1	1	0	2	1	0	0	0	3	0	3	1
14071	31 Jul 25	06:35:00	1	0	53	0	Ct	0	0	2	1	2	2	3	0	1	1	2	2	4	2	2	3	1	2	4	1	2	0	0	1	0	2	2	0	0	0	2	0	2	1
14072	31 Jul 25	06:36:00	1	0	53	0	Ct	0	0	3	0	2	1	1	2	3	2	3	3	3	3	2	2	2	1	2	0	2	1	3	0	0	1	2	0	0	0	3	0	3	1
14073	31 Jul 25	06:37:00	1	0	53	0	Ct	0	0	2	1	2	4	9	1	3	0	3	3	3	3	3	2	1	0	1	1	2	1	5	1	0	2	1	2	0	0	2	0	2	1
14074	31 Jul 25	06:38:00	1	0	53	0	Ct	0	0	0	0	1	1	3	1	1	2	2	2	2	2	2	2	2	0	3	1	0	5	4	1	0	1	2	4	0	0	3	0	2	4
14075	31 Jul 25	06:39:00	1	0	53	0	Ct	0	0	1	2	0	0	4	3	4	2	0	3	2	3	2	3	2	0	3	1	0	2	2	1	0	3	0	3	0	0	3	0	3	2
14076	31 Jul 25	06:40:00	1	0	53	0	Ct	0	0	2	1	2	0	2	0	1	1	2	2	0	3	0	5	6	2	1	0	1	1	5	1	0	3	3	4	0	0	2	0	3	2
14077	31 Jul 25	06:41:00	1	0	53	0	Ct	0	0	3	2	6	1	2	2	3	0	2	1	4	2	2	2	2	0	1	2	1	1	5	1	0	2	2	1	0	0	2	0	1	1
14078	31 Jul 25	06:42:00	1	0	53	0	Ct	0	0	2	1	5	2	3	1	1	2	1	2	3	1	3	1	2	0	0	0	2	2	2	2	0	0	0	0	0	0	4	0	1	2
14079	31 Jul 25	06:43:00	1	0	53	0	Ct	0	0	2	1	2	4	1	1	2	2	1	2	2	2	1	5	2	0	0	0	2	2	2	1	0	0	2	0	0	0	0	0	2	3
14080	31 Jul 25	06:44:00	1	0	53	0	Ct	0	0	1	2	1	1	2	2	0	0	1	3	2	3	1	0	6	0	0	0	2	1	3	0	0	0	3	2	0	0	1	0	4	1
14081	31 Jul 25	06:45:00	1	0	53	0	Ct	0	0	3	1	3	3	3	0	1	2	0	2	1	2	4	2	6	0	0	1	2	1	3	0	0	0	1	0	0	0	3	0	2	2
14082	31 Jul 25	06:46:00	1	0	53	0	Ct	0	0	2	0	2	2	1	0	2	1	0	1	1	2	1	0	5	2	1	3	0	1	1	0	0	0	1	2	0	0	2	0	3	2
14083	31 Jul 25	06:47:00	1	0	53	0	Ct	0	0	1	2	8	2	2	3	9	2	1	0	3	3	4	3	4	0	1	1	1	1	3	0	0	1	0	0	0	0	2	0	1	1
14084	31 Jul 25	06:48:00	1	0	53	0	Ct	0	0	0	2	8	2	3	2	6	1	0	1	5	2	3	1	3	0	0	1	1	0	4	3	0	5	0	1	0	0	3	0	3	2
14085	31 Jul 25	06:49:00	1	0	53	0	Ct	0	0	0	0	0	3	2	1	1	0	2	4	4	2	3	4	3	0	3	3	2	2	2	0	0	3	3	2	0	0	2	0	0	1
14086	31 Jul 25	06:50:00	1	0	53	0	Ct	0	0	1	2	5	1	2	0	0	4	2	1	2	1	3	4	2	0	1	0	3	1	5	2	0	3	4	1	0	0	3	0	0	2
14087	31 Jul 25	06:51:00	1	0	53	0	Ct	0	0	3	2	5	1	2	0	4	2	1	2	3	0	3	3	2	1	1	2	0	0	4	1	0	2	3	1	0	0	2	0	3	1
14088	31 Jul 25	06:52:00	1	0	53	0	Ct	0	0	1	2	3	0	3	1	3	0	2	2	4	2	2	3	1	1	3	2	1	2	1	2	0	3	2	1	0	0	4	0	2	2
14089	31 Jul 25	06:53:00	1	0	53	0	Ct	0	0	0	3	7	3	2	1	1	2	2	2	4	1	4	3	1	1	0	0	1	3	0	1	0	1	1	2	0	0	0	0	3	1
14090	31 Jul 25	06:54:00	1	0	53	0	Ct	0	0	1	1	4	1	1	0	0	1	1	1	0	4	2	1	5	2	2	2	2	2	1	1	0	0	1	4	0	0	2	0	4	3
14091	31 Jul 25	06:55:00	1	0	53	0	Ct	0	0	2	1	4	2	0	1	1	7	3	2	1	1	4	3	2	2	1	3	2	0	0	1	0	2	0	1	0	0	0	0	3	5
14092	31 Jul 25	06:56:00	1	0	53	0	Ct	0	0	1	1	1	0	0	3	3	4	3	3	2	0	2	5	5	0	1	1	1	0	0	1	0	2	1	2	0	0	2	0	4	1
14093	31 Jul 25	06:57:00	1	0	53	0	Ct	0	0	1	2	1	2	1	0	0	0	4	3	3	4	2	0	3	1	0	2	1	0	1	3	0	2	2	1	0	0	6	0	2	1
14094	31 Jul 25	06:58:00	1	0	53	0	Ct	0	0	2	1	1	1	2	0	0	0	2	4	3	3	3	3	5	0	1	0	1	4	3	0	0	1	1	1	0	0	1	0	3	2
14095	31 Jul 25	06:59:00	1	0	53	0	Ct	0	0	2	0	4	6	3	1	0	0	0	2	3	4	3	3	3	0	1	2	2	7	3	3	0	0	0	2	0	0	2	0	3	2
14096	31 Jul 25	07:00:00	1	0	53	0	Ct	0	0	2	1	5	3	1	0	0	3	0	1	1	2	2	3	0	0	2	1	1	1	3	1	0	0	0	1	0	0	2	0	3	1
14097	31 Jul 25	07:01:00	1	0	53	0	Ct	0	0	4	1	1	2	0	1	4	0	3	1	4	3	4	3	0	1	0	2	2	4	4	1	0	3	4	0	0	0	0	0	2	2
14098	31 Jul 25	07:02:00	1	0	53	0	Ct	0	0	2	2	1	2	2	3	4	1	2	1	2	2	4	3	1	1	1	3	0	4	2	2	0	1	1	2	0	0	3	0	4	2
14099	31 Jul 25	07:03:00	1	0	53	0	Ct	0	0	4	2	2	1	3	0	0	1	1	0	4	4	4	3	2	0	1	1	2	1	5	4	0	1	3	0	0	0	0	0	2	2
14100	31 Jul 25	07:04:00	1	0	53	0	Ct	0	0	1	5	3	0	1	0	4	0	2	2	2	3	1	2	4	1	0	0	2	0	2	3	0	0	5	1	0	0	2	0	0	2
14101	31 Jul 25	07:05:00	1	0	53	0	Ct	0	0	0	0	3	1	1	4	2	2	1	1	3	2	2	0	5	1	0	1	1	1	2	2	0	0	1	1	0	0	1	0	1	3
14102	31 Jul 25	07:06:00	1	0	53	0	Ct	0	0	0	1	2	1	3	1	2	0	1	4	2	3	3	0	2	0	0	1	2	2	1	3	0	1	2	4	0	0	0	0	2	2
14103	31 Jul 25	07:07:00	1	0	53	0	Ct	0	0	0	1	2	1	4	0	2	0	2	4	1	13	5	2	0	0	0	1	2	2	4	3	0	0	2	3	0	0	0	0	4	1
14104	31 Jul 25	07:08:00	1	0	53	0	Ct	0	0	0	11	5	0	3	3	5	0	2	1	4	1	3	4	0	0	0	1	1	6	1	3	0	3	3	3	0	0	3	0	2	2
14105	31 Jul 25	07:09:00	1	0	53	0	Ct	0	0	0	1	1	0	4	1	2	0	2	2	3	0	3	1	6	2	0	1	1	3	1	3	0	1	1	4	0	0	4	0	3	1
14106	31 Jul 25	07:10:00	1	0	53	0	Ct	0	0	3	2	1	3	0	1	1	4	2	4	3	1	3	1	3	1	0	2	2	1	2	3	0	1	3	3	0	0	3	0	3	2
14107	31 Jul 25	07:11:00	1	0	53	0	Ct	0	0	4	1	2	1	2	4	0	2	1	3	2	4	3	5	1	1	0	3	0	0	4	0	0	1	0	3	0	0	2	0	0	2
14108	31 Jul 25	07:12:00	1	0	53	0	Ct	0	0	4	1	3	2	1	2	2	0	0	4	1	2	4	0	5	3	0	1	0	1	0	1	0	0	0	2	0	0	0	0	3	2
14109	31 Jul 25	07:13:00	1	0	53	0	Ct	0	0	3	2	1	2	0	2	3	1	2	3	3	2	2	2	4	1	0	2	2	2	2	1	0	4	0	3	0	0	0	0	3	3
14110	31 Jul 25	07:14:00	1	0	53	0	Ct	0	0	1	1	1	3	0	2	1	1	3	1	3	1	3	2	1	2	0	0	1	2	4	2	0	2	0	3	0	0	0	0	1	2
14111	31 Jul 25	07:15:00	1	0	53	0	Ct	0	0	2	0	5	1	3	2	1	0	2	4	1	2	1	0	1	1	1	3	0	1	2	3	0	1	1	2	0	0	0	0	1	2
14112	31 Jul 25	07:16:00	1	0	53	0	Ct	0	0	1	2	2	3	1	1	3	1	3	5	3	2	1	2	2	2	3	3	3	2	2	0	0	2	2	2	0	0	2	0	0	2
14113	31 Jul 25	07:17:00	1	0	53	0	Ct	0	0	1	1	0	3	3	2	1	3	2	5	2	0	2	4	3	0	2	3	1	2	2	2	0	1	0	0	0	0	4	0	1	0
14114	31 Jul 25	07:18:00	1	0	53	0	Ct	0	0	2	2	1	2	2	2	0	1	0	5	1	1	2	4	2	1	1	3	1	1	3	2	0	3	1	1	0	0	4	0	3	3
14115	31 Jul 25	07:19:00	1	0	53	0	Ct	0	0	2	2	2	1	2	0	0	0	3	4	2	4	4	4	2	0	2	1	1	0	0	1	0	0	0	3	0	0	4	0	2	2
14116	31 Jul 25	07:20:00	1	0	53	0	Ct	0	0	2	3	3	0	3	0	2	4	1	4	2	2	6	5	2	3	4	1	0	1	3	1	0	3	3	2	0	0	4	0	2	4
14117	31 Jul 25	07:21:00	1	0	53	0	Ct	0	0	3	0	2	1	2	0	5	1	1	3	2	0	4	3	3	1	1	0	2	1	3	1	0	0	3	2	0	0	5	0	2	3
14118	31 Jul 25	07:22:00	1	0	53	0	Ct	0	0	2	1	0	1	2	0	8	1	3	2	1	3	2	4	1	1	1	0	2	2	1	0	0	0	1	1	0	0	2	0	2	3
14119	31 Jul 25	07:23:00	1	0	53	0	Ct	0	0	0	1	2	2	3	0	6	0	2	3	4	1	3	3	2	2	0	0	5	0	2	0	0	2	2	0	0	0	5	0	3	4
14120	31 Jul 25	07:24:00	1	0	53	0	Ct	0	0	1	1	0	1	2	1	3	0	2	4	4	2	1	6	2	1	0	0	1	1	3	1	0	1	1	1	0	0	4	0	3	3
14121	31 Jul 25	07:25:00	1	0	53	0	Ct	0	0	2	3	3	2	2	2	2	5	3	2	3	2	3	1	1	2	1	0	1	3	0	0	0	1	1	2	0	0	6	0	0	3
14122	31 Jul 25	07:26:00	1	0	53	0	Ct	0	0	1	1	1	0	2	3	4	0	1	3	3	2	2	4	2	0	2	0	2	2	1	1	0	1	0	3	0	0	0	0	1	2
14123	31 Jul 25	07:27:00	1	0	53	0	Ct	0	0	1	0	2	0	1	1	2	1	1	2	2	0	3	5	0	1	3	0	0	1	4	2	0	2	0	2	0	0	0	0	4	4
14124	31 Jul 25	07:28:00	1	0	53	0	Ct	0	0	1	2	1	2	1	2	1	0	1	2	0	3	3	3	0	1	0	0	2	0	3	1	0	1	0	3	0	0	0	0	3	0
14125	31 Jul 25	07:29:00	1	0	53	0	Ct	0	0	0	1	1	2	2	3	3	1	1	4	1	2	2	1	0	1	1	0	0	2	0	2	0	1	0	3	0	0	2	0	3	3
14126	31 Jul 25	07:30:00	1	0	53	0	Ct	0	0	0	5	0	1	1	1	2	1	2	2	2	0	3	4	3	0	0	2	2	3	3	0	0	0	0	2	0	0	4	0	3	3
14127	31 Jul 25	07:31:00	1	0	53	0	Ct	0	0	1	3	0	4	2	2	1	1	2	3	2	2	1	3	2	2	2	1	4	1	3	1	0	0	0	0	0	0	1	0	2	1
14128	31 Jul 25	07:32:00	1	0	53	0	Ct	0	0	3	4	1	2	0	2	3	1	5	0	3	4	3	3	3	1	1	2	0	2	3	2	0	1	1	1	0	0	2	0	4	2
14129	31 Jul 25	07:33:00	1	0	53	0	Ct	0	0	3	0	0	1	0	3	2	1	1	2	4	1	3	4	3	0	0	2	1	0	0	0	0	1	2	0	0	0	3	0	2	2
14130	31 Jul 25	07:34:00	1	0	53	0	Ct	0	0	1	3	0	5	0	1	2	0	2	3	3	0	1	2	2	0	0	1	0	0	0	0	0	2	2	1	0	0	3	0	1	1
14131	31 Jul 25	07:35:00	1	0	53	0	Ct	0	0	2	2	3	1	1	0	3	1	2	3	2	2	0	3	0	0	0	1	2	0	1	2	0	1	5	3	0	0	1	0	3	2
14132	31 Jul 25	07:36:00	1	0	53	0	Ct	0	0	3	1	0	0	2	0	0	3	4	3	1	3	2	4	0	2	0	1	1	3	2	0	0	1	0	4	0	0	2	0	1	2
14133	31 Jul 25	07:37:00	1	0	53	0	Ct	0	0	3	0	2	2	4	2	0	1	2	3	3	3	1	1	0	0	0	1	0	2	1	2	0	1	3	1	0	0	1	0	2	3
14134	31 Jul 25	07:38:00	1	0	53	0	Ct	0	0	1	2	2	2	1	2	0	0	5	3	3	3	1	2	2	1	0	0	2	2	2	0	0	1	3	0	0	0	3	0	2	2
14135	31 Jul 25	07:39:00	1	0	53	0	Ct	0	0	3	2	2	1	3	2	1	3	5	3	2	2	2	3	3	1	0	0	1	1	1	2	0	0	2	1	0	0	1	0	3	1
14136	31 Jul 25	07:40:00	1	0	53	0	Ct	0	0	2	3	2	1	2	1	3	1	3	2	8	0	1	2	2	2	0	2	1	1	3	0	0	1	2	1	0	0	1	0	3	3
14137	31 Jul 25	07:41:00	1	0	53	0	Ct	0	0	1	2	1	2	2	2	2	1	5	1	3	1	0	4	1	0	0	1	4	1	5	2	0	2	1	2	0	0	2	0	2	3
14138	31 Jul 25	07:42:00	1	0	53	0	Ct	0	0	0	1	0	2	1	4	1	2	4	3	3	2	2	3	1	1	0	1	1	0	4	0	0	1	0	3	0	0	3	0	1	2
14139	31 Jul 25	07:43:00	1	0	53	0	Ct	0	0	1	2	0	2	1	1	0	1	3	3	4	1	1	3	2	1	0	0	1	3	4	0	0	0	0	2	0	0	0	0	3	2
14140	31 Jul 25	07:44:00	1	0	53	0	Ct	0	0	0	1	1	1	1	1	2	1	2	3	4	1	3	3	3	0	3	1	2	1	3	1	0	1	0	1	0	0	1	0	2	2
14141	31 Jul 25	07:45:00	1	0	53	0	Ct	0	0	3	1	2	2	4	2	2	1	3	2	1	3	4	4	2	3	3	0	3	0	2	2	0	2	5	2	0	0	1	0	2	1
14142	31 Jul 25	07:46:00	1	0	53	0	Ct	0	0	2	1	2	2	2	1	2	2	0	4	3	3	4	4	1	2	2	1	2	0	5	1	0	0	2	2	0	0	0	0	2	2
14143	31 Jul 25	07:47:00	1	0	53	0	Ct	0	0	3	0	3	1	1	2	1	3	0	1	2	3	4	2	5	2	1	2	1	7	2	2	0	1	1	0	0	0	0	0	1	3
14144	31 Jul 25	07:48:00	1	0	53	0	Ct	0	0	3	2	1	3	2	1	2	2	0	0	2	4	1	1	2	0	1	1	4	4	3	1	0	2	1	0	0	0	1	0	3	0
14145	31 Jul 25	07:49:00	1	0	53	0	Ct	0	0	2	0	1	0	2	1	3	0	2	3	3	4	5	1	1	2	3	1	2	1	1	0	0	3	3	0	0	0	3	0	0	2
14146	31 Jul 25	07:50:00	1	0	53	0	Ct	0	0	3	1	1	1	2	0	0	0	9	2	3	2	3	5	0	0	1	0	0	1	2	1	0	1	0	2	0	0	2	0	1	2
14147	31 Jul 25	07:51:00	1	0	53	0	Ct	0	0	2	1	0	1	2	1	2	0	3	4	3	0	2	4	0	0	2	1	2	2	2	0	0	1	1	3	0	0	4	0	2	2
14148	31 Jul 25	07:52:00	1	0	53	0	Ct	0	0	2	0	0	0	1	1	2	1	3	2	1	0	2	4	1	1	3	3	1	0	1	0	0	1	2	2	0	0	7	0	1	3
14149	31 Jul 25	07:53:00	1	0	53	0	Ct	0	0	0	2	0	1	0	1	2	1	2	3	2	0	1	6	3	1	3	0	1	1	3	0	0	1	2	4	0	0	5	0	2	1
14150	31 Jul 25	07:54:00	1	0	53	0	Ct	0	0	2	1	2	4	0	2	2	0	1	2	1	1	2	3	3	4	1	1	2	2	2	0	0	0	2	5	0	0	1	0	3	2
14151	31 Jul 25	07:55:00	1	0	53	0	Ct	0	0	2	2	1	3	0	0	2	2	0	3	1	4	3	4	2	2	0	0	1	1	2	0	0	1	2	2	0	0	6	0	3	3
14152	31 Jul 25	07:56:00	1	0	53	0	Ct	0	0	4	4	0	0	0	1	0	2	0	2	3	3	2	3	5	0	2	0	0	0	4	0	0	1	0	3	0	0	0	0	2	2
14153	31 Jul 25	07:57:00	1	0	53	0	Ct	0	0	4	2	2	3	2	2	0	2	1	4	1	4	6	1	2	2	1	0	1	0	3	1	0	0	0	2	0	0	3	0	2	3
14154	31 Jul 25	07:58:00	1	0	53	0	Ct	0	0	2	0	1	2	2	0	0	1	2	2	3	2	4	3	4	0	1	0	1	0	2	2	0	1	2	3	0	0	4	0	1	1
14155	31 Jul 25	07:59:00	1	0	53	0	Ct	0	0	2	1	1	4	1	2	2	2	3	0	2	2	3	2	4	1	2	1	1	0	3	1	0	1	3	2	0	0	5	0	2	1
14156	31 Jul 25	08:00:00	1	0	53	0	Ct	0	0	0	2	2	3	4	2	2	0	2	2	4	4	2	1	4	1	2	2	0	1	1	3	0	1	1	4	0	0	2	0	0	1
14157	31 Jul 25	08:01:00	1	0	53	0	Ct	0	0	0	0	0	2	1	1	0	2	3	4	3	1	2	0	5	1	2	2	0	0	2	5	0	2	1	0	0	0	3	0	1	3
14158	31 Jul 25	08:02:00	1	0	53	0	Ct	0	0	3	0	2	4	2	1	1	2	3	2	3	2	3	1	6	1	2	2	1	0	1	2	0	2	0	2	0	0	7	0	4	2
14159	31 Jul 25	08:03:00	1	0	53	0	Ct	0	0	4	3	2	2	4	2	1	1	1	4	1	2	0	1	1	0	0	1	1	0	2	10	0	0	2	1	0	0	1	0	2	3
14160	31 Jul 25	08:04:00	1	0	53	0	Ct	0	0	2	0	2	2	4	2	1	2	2	3	3	3	3	3	4	0	2	2	1	0	2	0	0	0	3	2	0	0	2	0	4	5
14161	31 Jul 25	08:05:00	1	0	53	0	Ct	0	0	0	2	0	1	1	4	0	1	3	4	3	3	3	3	6	0	1	1	2	0	0	0	0	2	1	0	0	0	1	0	1	2
14162	31 Jul 25	08:06:00	1	0	53	0	Ct	0	0	3	0	1	0	2	0	0	1	2	5	1	1	3	2	6	0	1	1	0	0	1	2	0	0	4	3	0	0	2	0	3	4
14163	31 Jul 25	08:07:00	1	0	53	0	Ct	0	0	4	1	1	0	4	0	0	1	1	2	4	2	3	3	1	1	2	3	2	1	2	4	0	0	0	3	0	0	2	0	3	4
14164	31 Jul 25	08:08:00	1	0	53	0	Ct	0	0	2	0	2	0	3	0	0	1	2	2	3	2	3	3	0	1	1	2	0	2	2	1	0	0	3	1	0	0	2	0	3	1
14165	31 Jul 25	08:09:00	1	0	53	0	Ct	0	0	0	0	3	1	3	3	0	4	0	2	2	0	2	4	0	0	3	0	1	2	2	3	0	2	1	1	0	0	1	0	3	2
14166	31 Jul 25	08:10:00	1	0	53	0	Ct	0	0	2	1	2	2	4	1	0	2	0	1	2	1	2	2	0	0	2	2	3	0	3	2	0	1	0	0	0	0	1	0	1	2
14167	31 Jul 25	08:11:00	1	0	53	0	Ct	0	0	1	2	2	1	0	0	1	1	0	3	0	4	4	0	0	2	0	0	3	0	3	1	0	0	2	3	0	0	1	0	4	5
14168	31 Jul 25	08:12:00	1	0	53	0	Ct	0	0	1	3	2	1	0	2	1	5	0	3	0	2	2	3	1	0	3	0	2	2	2	1	0	1	1	2	0	0	3	0	1	2
14169	31 Jul 25	08:13:00	1	0	53	0	Ct	0	0	3	0	3	2	3	4	3	2	2	0	1	3	3	1	3	1	4	0	4	1	3	1	0	0	0	2	0	0	2	0	0	3
14170	31 Jul 25	08:14:00	1	0	53	0	Ct	0	0	1	1	2	0	2	1	0	1	1	0	2	5	3	1	5	1	1	0	2	2	2	2	0	1	0	1	0	0	3	0	0	3
14171	31 Jul 25	08:15:00	1	0	53	0	Ct	0	0	1	2	2	0	2	3	0	1	0	1	3	3	2	5	2	0	2	1	1	1	2	2	0	2	3	3	0	0	0	0	4	2
14172	31 Jul 25	08:16:00	1	0	53	0	Ct	0	0	1	1	0	0	1	0	3	1	0	3	3	4	1	4	3	3	1	2	0	3	0	3	0	1	1	2	0	0	3	0	4	0
14173	31 Jul 25	08:17:00	1	0	53	0	Ct	0	0	1	1	0	2	3	1	2	0	2	2	2	2	3	6	2	1	3	1	1	1	2	1	0	0	4	1	0	0	1	0	1	3
14174	31 Jul 25	08:18:00	1	0	53	0	Ct	0	0	2	3	0	0	1	1	2	1	3	1	3	3	3	4	4	1	1	2	10	4	1	2	0	0	1	2	0	0	2	0	3	2
14175	31 Jul 25	08:19:00	1	0	53	0	Ct	0	0	0	0	1	0	2	2	3	1	1	3	1	4	2	0	4	1	2	2	3	2	2	2	0	0	0	2	0	0	1	0	2	1
14176	31 Jul 25	08:20:00	1	0	53	0	Ct	0	0	1	2	2	1	2	2	3	1	0	2	1	2	2	4	1	1	1	1	2	2	2	2	0	0	0	0	0	0	1	0	4	2
14177	31 Jul 25	08:21:00	1	0	53	0	Ct	0	0	1	0	1	0	2	0	1	1	0	2	2	1	3	3	2	1	1	1	0	0	4	0	0	0	0	1	0	0	2	0	1	3
14178	31 Jul 25	08:22:00	1	0	53	0	Ct	0	0	1	2	2	0	1	0	2	4	0	2	2	2	1	3	2	0	1	1	2	2	1	3	0	0	3	2	0	0	0	0	3	2
14179	31 Jul 25	08:23:00	1	0	53	0	Ct	0	0	3	0	0	2	0	2	0	0	1	1	1	2	1	2	2	1	3	0	0	2	1	2	0	2	2	1	0	0	1	0	3	4
14180	31 Jul 25	08:24:00	1	0	53	0	Ct	0	0	0	0	4	2	3	4	0	0	3	3	0	1	2	4	3	1	3	0	0	2	2	1	0	0	3	1	0	0	1	0	3	3
14181	31 Jul 25	08:25:00	1	0	53	0	Ct	0	0	1	2	1	0	0	2	0	4	3	2	3	1	2	1	2	2	3	1	1	0	1	1	0	4	3	3	0	0	3	0	2	3
14182	31 Jul 25	08:26:00	1	0	53	0	Ct	0	0	1	1	2	1	1	0	0	3	4	1	4	0	2	2	3	0	3	1	1	1	1	2	0	3	2	1	0	0	1	0	2	1
14183	31 Jul 25	08:27:00	1	0	53	0	Ct	0	0	0	1	2	0	0	3	1	1	11	0	4	2	4	5	3	1	2	1	2	2	0	1	0	0	3	0	0	0	0	0	3	3
14184	31 Jul 25	08:28:00	1	0	53	0	Ct	0	0	5	2	1	0	0	0	3	2	3	5	3	3	6	2	5	1	4	0	2	2	4	3	0	0	3	4	0	0	1	0	0	2
14185	31 Jul 25	08:29:00	1	0	53	0	Ct	0	0	1	1	3	0	0	2	2	0	5	2	1	1	4	4	5	1	2	0	1	0	5	2	0	1	3	2	0	0	1	0	0	3
14186	31 Jul 25	08:30:00	1	0	53	0	Ct	0	0	1	3	3	0	2	0	4	1	3	2	4	4	5	2	4	8	0	1	1	0	3	0	0	2	2	1	0	0	2	0	2	1
14187	31 Jul 25	08:31:00	1	0	53	0	Ct	0	0	1	1	5	0	4	0	5	0	2	1	3	2	2	1	5	2	0	2	10	1	3	1	0	2	2	2	0	0	2	0	2	2
14188	31 Jul 25	08:32:00	1	0	53	0	Ct	0	0	2	2	2	0	1	2	2	0	2	3	3	2	4	5	1	2	0	2	0	3	2	0	0	1	1	3	0	0	2	0	3	1
14189	31 Jul 25	08:33:00	1	0	53	0	Ct	0	0	3	2	4	0	2	2	2	0	7	4	3	4	6	4	4	0	0	0	1	0	3	1	0	2	1	3	0	0	1	0	2	2
14190	31 Jul 25	08:34:00	1	0	53	0	Ct	0	0	2	0	1	1	2	2	2	4	1	2	6	3	2	2	3	0	3	3	0	0	3	2	0	4	1	2	0	0	1	0	1	3
14191	31 Jul 25	08:35:00	1	0	53	0	Ct	0	0	0	1	1	25	2	2	1	3	3	2	6	3	5	0	4	3	3	1	1	2	4	1	0	2	1	2	0	0	1	0	3	1
14192	31 Jul 25	08:36:00	1	0	53	0	Ct	0	0	0	2	4	1	2	3	4	2	0	2	6	4	2	1	1	2	0	2	2	1	6	1	0	1	3	2	0	0	1	0	1	1
14193	31 Jul 25	08:37:00	1	0	53	0	Ct	0	0	1	1	2	0	0	1	0	4	3	3	2	5	4	1	3	0	2	2	2	2	3	2	0	1	0	3	0	0	1	0	1	1
14194	31 Jul 25	08:38:00	1	0	53	0	Ct	0	0	2	2	0	0	2	2	1	1	4	5	2	8	2	1	3	3	1	0	0	0	0	1	0	1	0	0	0	0	2	0	3	3
14195	31 Jul 25	08:39:00	1	0	53	0	Ct	0	0	2	1	0	0	0	0	0	4	1	4	3	4	2	3	0	1	4	4	8	2	0	1	0	1	1	1	0	0	2	0	4	0
14196	31 Jul 25	08:40:00	1	0	53	0	Ct	0	0	2	1	1	3	0	1	0	2	3	2	3	5	3	2	1	1	6	2	2	1	1	3	0	2	1	1	0	0	1	0	3	2
14197	31 Jul 25	08:41:00	1	0	53	0	Ct	0	0	3	1	0	1	2	3	2	1	2	3	5	4	3	4	2	2	3	0	1	3	0	1	0	0	0	3	0	0	3	0	1	2
14198	31 Jul 25	08:42:00	1	0	53	0	Ct	0	0	2	1	2	0	1	5	0	3	3	0	2	3	5	6	2	1	2	2	0	1	1	0	0	0	0	0	0	0	0	0	4	1
14199	31 Jul 25	08:43:00	1	0	53	0	Ct	0	0	1	0	2	0	1	4	4	1	3	1	2	4	2	4	2	1	0	0	1	2	4	0	0	0	0	2	0	0	3	0	3	1
14200	31 Jul 25	08:44:00	1	0	53	0	Ct	0	0	2	0	0	0	0	3	1	0	3	1	1	4	3	5	0	1	2	0	1	2	2	5	0	1	2	3	0	0	1	0	3	1
14201	31 Jul 25	08:45:00	1	0	53	0	Ct	0	0	3	0	0	0	5	3	0	3	2	4	2	4	2	1	0	2	2	0	1	1	2	0	0	0	2	2	0	0	2	0	1	1
14202	31 Jul 25	08:46:00	1	0	53	0	Ct	0	0	3	0	1	0	0	2	1	1	2	4	3	2	2	5	0	0	0	0	0	1	1	0	0	2	0	1	0	0	3	0	1	0
14203	31 Jul 25	08:47:00	1	0	53	0	Ct	0	0	0	0	3	3	0	0	0	1	1	3	3	2	2	4	0	0	0	0	0	0	1	3	0	1	0	4	0	0	2	0	4	1
14204	31 Jul 25	08:48:00	1	0	53	0	Ct	0	0	1	0	1	1	0	1	1	1	1	3	3	2	0	3	0	0	3	3	1	1	1	1	0	1	0	1	0	0	3	0	3	1
14205	31 Jul 25	08:49:00	1	0	53	0	Ct	0	0	2	2	2	1	2	1	1	0	0	2	3	4	2	0	0	4	3	2	2	1	2	3	0	1	0	3	0	0	1	0	3	2
14206	31 Jul 25	08:50:00	1	0	53	0	Ct	0	0	2	0	4	0	2	8	2	1	1	2	1	3	1	0	2	2	1	2	3	1	3	1	0	1	4	1	0	0	1	0	2	1
14207	31 Jul 25	08:51:00	1	0	53	0	Ct	0	0	2	0	1	0	5	2	3	0	1	0	0	4	3	3	3	0	0	0	2	0	4	0	0	2	4	2	0	0	7	0	3	2
14208	31 Jul 25	08:52:00	1	0	53	0	Ct	0	0	1	1	0	0	3	2	4	2	2	4	4	3	2	4	4	1	0	0	2	1	1	2	0	0	2	2	0	0	4	0	0	2
14209	31 Jul 25	08:53:00	1	0	53	0	Ct	0	0	1	1	2	0	3	2	0	0	3	3	1	2	4	2	2	1	0	0	0	1	1	2	0	3	4	2	0	0	0	0	3	1
14210	31 Jul 25	08:54:00	1	0	53	0	Ct	0	0	0	1	0	0	4	3	4	3	4	3	0	1	2	2	4	1	2	2	1	1	1	1	0	0	0	0	0	0	6	0	4	0
14211	31 Jul 25	08:55:00	1	0	53	0	Ct	0	0	0	0	2	3	3	1	3	1	3	1	2	2	0	2	5	1	3	1	1	1	1	1	0	2	0	2	0	0	0	0	2	2
14212	31 Jul 25	08:56:00	1	0	53	0	Ct	0	0	1	1	0	1	2	1	1	1	3	4	2	3	1	3	2	0	1	0	3	0	3	0	0	1	0	1	0	0	4	0	1	1
14213	31 Jul 25	08:57:00	1	0	53	0	Ct	0	0	3	1	0	0	1	3	3	2	2	3	4	2	6	2	1	0	2	0	2	0	1	0	0	1	1	1	0	0	5	0	1	0
14214	31 Jul 25	08:58:00	1	0	53	0	Ct	0	0	1	1	3	0	2	0	2	2	3	0	2	3	2	8	3	0	4	0	0	1	0	1	0	0	3	1	0	0	4	0	2	1
14215	31 Jul 25	08:59:00	1	0	53	0	Ct	0	0	3	2	0	0	2	1	0	1	1	1	2	4	1	5	2	1	1	3	2	1	2	0	0	0	0	3	0	0	4	0	1	1
14216	31 Jul 25	09:00:00	1	0	53	0	Ct	0	0	1	0	1	0	3	2	1	1	1	2	2	3	4	3	3	1	1	5	1	1	0	0	0	0	0	1	0	0	5	0	2	0
14217	31 Jul 25	09:01:00	1	0	53	0	Ct	0	0	1	1	6	0	1	1	0	1	3	5	3	3	2	3	4	2	2	4	2	1	0	0	0	0	2	2	0	0	3	0	2	3
14218	31 Jul 25	09:02:00	1	0	53	0	Ct	0	0	2	3	3	2	2	2	2	2	1	3	2	3	3	1	3	0	2	3	9	2	1	2	0	0	1	1	0	0	1	0	2	2
14219	31 Jul 25	09:03:00	1	0	53	0	Ct	0	0	0	0	0	0	2	4	2	1	3	4	2	1	3	1	2	0	2	0	2	0	0	2	0	0	1	4	0	0	2	0	2	3
14220	31 Jul 25	09:04:00	1	0	53	0	Ct	0	0	26	0	0	1	4	5	3	2	3	3	4	1	4	2	2	0	0	0	2	1	0	2	0	0	1	3	0	0	3	0	3	2
14221	31 Jul 25	09:05:00	1	0	53	0	Ct	0	0	8	4	0	0	0	8	1	3	4	2	1	0	4	5	3	1	3	1	1	0	4	0	0	0	0	2	0	0	2	0	4	1
14222	31 Jul 25	09:06:00	1	0	53	0	Ct	0	0	2	0	2	0	1	2	1	2	3	3	2	1	2	3	3	0	0	0	0	0	2	0	0	1	0	3	0	0	2	0	2	0
14223	31 Jul 25	09:07:00	1	0	53	0	Ct	0	0	1	2	4	0	1	1	1	2	2	2	4	4	4	3	2	1	1	2	0	3	2	0	0	1	0	1	0	0	2	0	3	2
14224	31 Jul 25	09:08:00	1	0	53	0	Ct	0	0	1	0	0	3	1	3	3	2	1	4	2	2	3	5	1	2	2	2	1	0	2	0	0	1	0	0	0	0	2	0	2	3
14225	31 Jul 25	09:09:00	1	0	53	0	Ct	0	0	3	0	0	3	0	2	1	3	1	4	2	1	3	4	2	0	4	3	1	2	2	0	0	1	0	0	0	0	2	0	2	1
14226	31 Jul 25	09:10:00	1	0	53	0	Ct	0	0	2	0	1	0	0	4	3	2	2	3	3	0	3	1	0	1	2	2	2	3	1	0	0	1	0	1	0	0	5	0	1	0
14227	31 Jul 25	09:11:00	1	0	53	0	Ct	0	0	1	2	2	3	2	0	3	2	0	5	4	3	3	3	0	1	3	0	0	3	1	0	0	0	0	3	0	0	3	0	1	2
14228	31 Jul 25	09:12:00	1	0	53	0	Ct	0	0	0	2	1	6	3	3	3	1	0	7	2	2	3	4	4	0	2	0	0	1	6	0	0	1	0	2	0	0	1	0	4	3
14229	31 Jul 25	09:13:00	1	0	53	0	Ct	0	0	0	2	5	3	3	1	3	2	0	7	4	1	2	4	3	2	2	3	1	0	0	0	0	0	0	1	0	0	1	0	3	3
14230	31 Jul 25	09:14:00	1	0	53	0	Ct	0	0	1	1	5	0	2	2	1	0	0	4	2	2	2	4	2	2	0	4	1	1	2	0	0	0	0	2	0	0	1	0	0	3
14231	31 Jul 25	09:15:00	1	0	53	0	Ct	0	0	2	2	3	0	2	2	0	2	4	3	2	3	1	3	1	3	2	3	0	1	2	0	0	0	0	2	0	0	3	0	2	0
14232	31 Jul 25	09:16:00	1	0	53	0	Ct	0	0	3	2	3	0	3	1	3	2	3	4	2	2	3	3	3	0	3	2	1	0	0	0	0	1	0	2	0	0	5	0	4	1
14233	31 Jul 25	09:17:00	1	0	53	0	Ct	0	0	2	2	7	0	1	1	2	1	1	3	0	2	3	3	2	1	1	1	1	2	4	0	0	3	0	1	0	0	6	0	2	1
14234	31 Jul 25	09:18:00	1	0	53	0	Ct	0	0	3	0	0	3	1	2	1	2	2	0	3	3	4	1	4	1	0	2	1	1	1	0	0	2	0	4	0	0	4	0	2	2
14235	31 Jul 25	09:19:00	1	0	53	0	Ct	0	0	0	2	0	2	2	1	3	1	1	4	2	3	1	4	4	1	1	2	2	1	1	2	0	2	1	2	0	0	5	0	1	2
14236	31 Jul 25	09:20:00	1	0	53	0	Ct	0	0	3	1	0	1	1	1	0	1	2	3	2	3	1	6	3	0	4	1	2	0	3	1	0	2	0	4	0	0	2	0	3	2
14237	31 Jul 25	09:21:00	1	0	53	0	Ct	0	0	2	1	1	2	0	2	2	2	3	5	2	2	1	3	2	0	1	4	1	2	1	3	0	1	0	4	0	0	0	0	2	1
14238	31 Jul 25	09:22:00	1	0	53	0	Ct	0	0	4	1	4	1	1	2	2	2	5	6	2	2	2	2	1	1	2	4	0	0	2	2	0	1	0	3	0	0	6	0	1	3
14239	31 Jul 25	09:23:00	1	0	53	0	Ct	0	0	2	0	3	5	0	2	3	1	4	3	2	3	2	3	4	1	3	1	0	0	0	1	0	3	4	1	0	0	4	0	1	1
14240	31 Jul 25	09:24:00	1	0	53	0	Ct	0	0	0	0	4	1	0	3	1	2	5	4	0	2	1	4	1	1	1	0	0	0	1	1	0	1	0	5	0	0	3	0	2	0
14241	31 Jul 25	09:25:00	1	0	53	0	Ct	0	0	3	0	3	0	0	1	2	2	2	4	1	5	1	3	2	0	2	2	1	2	2	0	0	0	2	2	0	0	3	0	3	2
14242	31 Jul 25	09:26:00	1	0	53	0	Ct	0	0	2	0	3	1	2	0	0	0	2	4	0	4	3	2	1	1	2	3	2	2	2	0	0	1	1	4	0	0	2	0	4	1
14243	31 Jul 25	09:27:00	1	0	53	0	Ct	0	0	3	2	3	1	1	2	0	2	4	4	5	3	4	3	4	1	1	2	2	3	1	2	0	2	3	4	0	0	1	0	3	2
14244	31 Jul 25	09:28:00	1	0	53	0	Ct	0	0	3	0	1	3	1	1	0	1	3	5	3	5	6	4	2	2	3	0	0	0	0	0	0	0	0	2	0	0	2	0	0	0
14245	31 Jul 25	09:29:00	1	0	53	0	Ct	0	0	5	2	0	1	1	3	0	1	3	3	2	3	3	2	3	4	2	0	1	0	0	1	0	0	1	1	0	0	3	0	0	0
14246	31 Jul 25	09:30:00	1	0	53	0	Ct	0	0	5	0	4	0	3	3	0	3	3	3	1	3	5	3	0	5	2	0	1	0	0	1	0	3	3	1	0	0	0	0	0	1
14247	31 Jul 25	09:31:00	1	0	53	0	Ct	0	0	5	2	3	0	3	1	0	2	1	4	0	5	3	2	0	3	3	0	1	0	0	0	0	3	3	0	0	0	1	0	2	1
14248	31 Jul 25	09:32:00	1	0	53	0	Ct	0	0	1	0	1	0	1	0	0	2	4	4	4	1	2	2	0	1	2	0	0	0	2	2	0	1	0	0	0	0	0	0	3	0
14249	31 Jul 25	09:33:00	1	0	53	0	Ct	0	0	2	3	1	0	0	2	0	0	2	2	2	1	2	2	0	0	2	0	0	3	3	2	0	1	4	0	0	0	3	0	3	1
14250	31 Jul 25	09:34:00	1	0	53	0	Ct	0	0	1	3	2	0	0	1	2	2	1	3	1	2	2	4	0	1	1	0	0	2	4	2	0	0	3	0	0	0	1	0	4	3
14251	31 Jul 25	09:35:00	1	0	53	0	Ct	0	0	0	1	1	1	1	1	0	2	0	2	0	3	4	3	3	0	2	1	0	2	2	1	0	3	4	1	0	0	2	0	1	3
14252	31 Jul 25	09:36:00	1	0	53	0	Ct	0	0	1	0	0	0	2	0	0	1	3	2	1	1	2	4	2	1	3	4	0	0	3	1	0	1	0	1	0	0	4	0	0	1
14253	31 Jul 25	09:37:00	1	0	53	0	Ct	0	0	0	1	1	1	1	0	0	2	1	1	4	4	3	3	2	2	0	2	1	0	0	1	0	2	1	2	0	0	3	0	2	0
14254	31 Jul 25	09:38:00	1	0	53	0	Ct	0	0	0	0	3	0	1	2	3	1	1	4	1	3	2	5	0	3	1	1	1	1	1	1	0	2	3	3	0	0	2	0	2	0
14255	31 Jul 25	09:39:00	1	0	53	0	Ct	0	0	0	0	1	0	1	2	3	3	2	2	3	3	0	4	0	0	2	2	0	2	1	0	0	2	0	2	0	0	5	0	3	0
14256	31 Jul 25	09:40:00	1	0	53	0	Ct	0	0	0	0	1	0	2	2	4	2	2	3	3	2	1	5	0	1	2	0	0	1	0	1	0	1	2	1	0	0	2	0	3	3
14257	31 Jul 25	09:41:00	1	0	53	0	Ct	0	0	2	2	2	2	2	1	3	0	0	2	3	2	2	1	0	1	2	0	0	2	1	0	0	1	2	2	0	0	1	0	5	2
14258	31 Jul 25	09:42:00	1	0	53	0	Ct	0	0	3	0	1	0	1	2	2	7	1	3	3	1	3	0	0	0	2	0	0	2	0	1	0	0	0	1	0	0	1	0	2	2
14259	31 Jul 25	09:43:00	1	0	53	0	Ct	0	0	4	1	1	1	1	2	1	0	3	1	8	1	3	3	1	1	2	0	0	1	1	0	0	0	1	2	0	0	0	0	3	3
14260	31 Jul 25	09:44:00	1	0	53	0	Ct	0	0	1	2	1	1	2	2	2	2	3	4	5	3	0	4	7	1	3	0	2	0	2	0	0	0	1	1	0	0	3	0	2	0
14261	31 Jul 25	09:45:00	1	0	53	0	Ct	0	0	3	1	0	0	0	1	0	8	4	3	6	1	4	3	0	1	2	2	1	0	0	0	0	0	3	3	0	0	5	0	2	0
14262	31 Jul 25	09:46:00	1	0	53	0	Ct	0	0	3	1	2	0	2	1	2	2	2	2	3	1	2	4	0	0	2	2	0	0	0	0	0	1	1	1	0	0	2	0	4	0
14263	31 Jul 25	09:47:00	1	0	53	0	Ct	0	0	2	2	1	0	2	2	1	0	3	3	2	3	1	1	0	3	2	2	0	0	0	0	0	1	0	1	0	0	2	0	5	0
14264	31 Jul 25	09:48:00	1	0	53	0	Ct	0	0	3	1	1	0	0	1	1	1	1	3	5	2	3	4	0	5	3	0	2	0	1	0	0	2	1	1	0	0	1	0	4	0
14265	31 Jul 25	09:49:00	1	0	53	0	Ct	0	0	2	1	2	0	2	3	0	0	3	2	5	2	5	2	0	1	1	1	0	1	0	0	0	3	6	3	0	0	1	0	2	0
14266	31 Jul 25	09:50:00	1	0	53	0	Ct	0	0	2	1	2	1	2	1	0	2	4	4	5	2	4	2	0	1	1	1	0	1	2	0	0	0	5	2	0	0	2	0	2	4
14267	31 Jul 25	09:51:00	1	0	53	0	Ct	0	0	0	0	5	1	1	0	0	1	4	8	4	3	2	5	0	1	2	2	0	2	2	0	0	0	4	0	0	0	2	0	1	1
14268	31 Jul 25	09:52:00	1	0	53	0	Ct	0	0	0	2	1	3	2	0	0	1	3	2	2	4	3	6	0	2	3	2	1	1	2	0	0	2	3	1	0	0	3	0	2	3
14269	31 Jul 25	09:53:00	1	0	53	0	Ct	0	0	0	0	3	0	2	2	2	1	1	5	3	3	1	4	0	1	2	2	1	2	1	0	0	2	0	0	0	0	2	0	3	0
14270	31 Jul 25	09:54:00	1	0	53	0	Ct	0	0	1	0	0	1	3	2	0	1	1	6	4	3	1	5	0	1	2	5	2	2	1	0	0	1	1	2	0	0	3	0	1	1
14271	31 Jul 25	09:55:00	1	0	53	0	Ct	0	0	1	1	3	5	3	1	0	1	0	3	5	2	2	3	0	2	2	4	3	0	0	1	0	1	2	0	0	0	2	0	1	1
14272	31 Jul 25	09:56:00	1	0	53	0	Ct	0	0	3	3	0	6	0	0	2	6	0	5	1	3	1	3	0	1	1	2	1	1	2	1	0	0	1	3	0	0	2	0	0	0
14273	31 Jul 25	09:57:00	1	0	53	0	Ct	0	0	2	2	0	1	3	2	4	0	0	5	4	1	1	5	1	1	0	1	2	1	1	0	0	0	0	0	0	0	3	0	2	3
14274	31 Jul 25	09:58:00	1	0	53	0	Ct	0	0	3	0	0	0	1	2	1	1	0	3	2	1	2	3	2	1	0	2	3	1	0	0	0	1	2	1	0	0	1	0	3	2
14275	31 Jul 25	09:59:00	1	0	53	0	Ct	0	0	1	0	0	1	0	1	0	0	0	4	3	2	3	2	2	0	2	0	1	2	0	0	0	0	6	1	0	0	2	0	3	2
14276	31 Jul 25	10:00:00	1	0	53	0	Ct	0	0	2	0	0	0	0	3	0	1	1	3	2	4	1	3	2	4	1	4	0	2	0	3	0	1	2	2	0	0	1	0	1	3
14277	31 Jul 25	10:01:00	1	0	53	0	Ct	0	0	3	4	1	1	3	2	0	0	3	3	3	4	2	5	5	2	1	2	1	2	0	0	0	0	2	2	0	0	2	0	2	3
14278	31 Jul 25	10:02:00	1	0	53	0	Ct	0	0	2	3	1	0	2	3	0	2	4	4	2	2	4	4	3	2	4	2	2	2	0	0	0	2	1	3	0	0	2	0	1	1
14279	31 Jul 25	10:03:00	1	0	53	0	Ct	0	0	3	1	0	0	1	2	0	2	2	4	4	3	5	6	2	2	1	0	1	0	0	0	0	0	0	3	0	0	0	0	3	0
14280	31 Jul 25	10:04:00	1	0	53	0	Ct	0	0	1	0	4	0	1	1	0	1	2	3	1	5	3	3	0	1	2	0	0	0	0	1	0	0	0	3	0	0	2	0	2	1
14281	31 Jul 25	10:05:00	1	0	53	0	Ct	0	1	2	2	0	0	0	4	2	2	2	1	2	2	1	2	1	1	0	1	1	0	2	2	0	2	0	4	0	0	2	0	4	2
14282	31 Jul 25	10:06:00	1	0	53	0	Ct	0	1	0	1	1	1	0	0	0	0	0	0	0	0	1	1	0	0	0	2	0	0	0	0	0	0	1	2	0	0	0	0	0	0
14283	31 Jul 25	10:07:00	1	0	53	0	Ct	0	1	0	0	0	1	0	0	0	0	0	0	0	0	0	0	0	0	0	0	0	0	0	0	0	0	0	0	0	0	0	0	0	0
14284	31 Jul 25	10:08:00	1	0	53	0	Ct	0	1	0	0	3	0	0	0	0	0	1	0	0	0	0	0	0	0	0	0	0	0	0	0	0	0	1	0	0	0	0	0	0	0
14285	31 Jul 25	10:09:00	1	0	53	0	Ct	0	1	6	0	2	0	2	0	0	0	0	0	0	0	0	2	0	0	0	0	3	0	0	0	0	0	0	0	0	0	0	0	0	0
14286	31 Jul 25	10:10:00	1	0	53	0	Ct	0	1	9	0	0	0	0	1	0	0	0	0	0	0	1	0	0	0	0	0	2	0	0	0	0	0	0	0	0	0	0	0	0	0
14287	31 Jul 25	10:11:00	1	0	53	0	Ct	0	1	2	0	0	0	0	0	0	0	0	0	0	0	0	0	0	0	0	0	1	0	0	0	0	0	0	0	0	0	0	0	0	0
14288	31 Jul 25	10:12:00	1	0	53	0	Ct	0	1	0	0	0	0	0	0	0	0	0	0	0	0	0	1	0	0	0	0	0	0	0	0	0	0	0	0	0	0	2	0	0	0
14289	31 Jul 25	10:13:00	1	0	53	0	Ct	0	1	0	0	0	0	0	0	0	0	0	0	0	0	0	0	0	0	0	0	3	0	0	0	0	0	0	2	0	0	2	0	0	0
14290	31 Jul 25	10:14:00	1	0	53	0	Ct	0	1	0	0	0	0	0	0	0	0	0	0	0	0	0	0	0	0	0	0	0	0	0	0	0	0	0	0	0	0	0	0	0	0
14291	31 Jul 25	10:15:00	1	0	53	0	Ct	0	1	0	1	0	0	0	2	0	0	0	0	0	0	0	0	0	0	0	0	0	0	0	0	0	0	0	0	0	0	0	0	0	0
14292	31 Jul 25	10:16:00	1	0	53	0	Ct	0	1	2	0	0	0	0	0	0	0	0	0	0	0	0	1	0	0	0	0	0	0	0	0	0	0	0	0	0	0	0	0	0	0
14293	31 Jul 25	10:17:00	1	0	53	0	Ct	0	1	0	0	0	1	0	0	0	0	0	0	0	0	2	0	0	0	0	0	0	0	1	0	0	0	0	2	0	0	0	0	0	0
14294	31 Jul 25	10:18:00	1	0	53	0	Ct	0	1	0	2	0	0	0	0	0	0	0	0	1	0	0	2	0	0	0	0	0	0	0	0	0	0	0	0	0	0	0	0	0	0
14295	31 Jul 25	10:19:00	1	0	53	0	Ct	0	1	2	0	0	0	0	0	0	0	0	0	2	0	0	0	0	0	0	0	0	0	0	0	0	0	0	0	0	0	0	0	0	3
14296	31 Jul 25	10:20:00	1	0	53	0	Ct	0	1	0	0	0	0	0	0	0	0	0	0	2	0	0	0	0	0	0	0	0	0	0	0	0	0	0	0	0	0	0	0	0	1
14297	31 Jul 25	10:21:00	1	0	53	0	Ct	0	1	0	0	0	1	0	0	0	0	0	0	0	0	0	0	0	0	0	0	0	0	0	0	0	0	0	0	0	0	0	0	0	1
14298	31 Jul 25	10:22:00	1	0	53	0	Ct	0	1	0	2	0	0	0	0	0	0	0	0	0	0	0	0	0	0	0	0	0	0	0	0	0	0	0	1	0	0	0	0	0	0
14299	31 Jul 25	10:23:00	1	0	53	0	Ct	0	1	1	0	0	1	0	0	0	0	0	0	0	0	0	0	0	0	0	0	0	0	0	0	0	0	0	0	0	0	2	0	0	1
14300	31 Jul 25	10:24:00	1	0	53	0	Ct	0	1	0	1	0	0	0	0	0	0	0	0	0	0	1	0	0	0	0	0	0	0	0	0	0	0	0	0	0	0	0	0	0	1
14301	31 Jul 25	10:25:00	1	0	53	0	Ct	0	1	2	2	0	0	0	0	0	0	0	0	0	0	1	0	0	0	0	0	0	0	0	0	0	0	0	0	0	0	0	0	0	0
14302	31 Jul 25	10:26:00	1	0	53	0	Ct	0	1	0	2	0	1	0	0	0	0	0	0	0	0	2	0	0	0	0	0	0	0	0	0	0	0	0	0	0	0	0	0	0	1
14303	31 Jul 25	10:27:00	1	0	53	0	Ct	0	1	0	2	0	0	0	0	0	0	0	0	0	0	4	0	0	0	0	0	0	0	0	0	0	0	0	0	0	0	0	0	0	0
14304	31 Jul 25	10:28:00	1	0	53	0	Ct	0	1	0	1	0	1	0	0	0	0	0	0	0	0	0	1	0	0	0	0	0	0	0	0	0	0	0	0	0	0	0	0	0	3
14305	31 Jul 25	10:29:00	1	0	53	0	Ct	0	1	0	1	0	2	0	1	0	0	0	0	0	0	1	0	0	0	0	0	0	0	0	0	0	0	0	0	0	0	0	0	0	0
14306	31 Jul 25	10:30:00	1	0	53	0	Ct	0	1	0	0	0	0	0	0	0	0	0	0	0	0	0	0	0	0	0	0	0	0	0	0	0	0	0	0	0	0	0	0	0	1
14307	31 Jul 25	10:31:00	1	0	53	0	Ct	0	1	0	1	0	0	0	0	0	0	0	0	0	0	1	0	0	0	0	0	0	0	0	0	0	0	0	0	0	0	0	0	0	2
14308	31 Jul 25	10:32:00	1	0	53	0	Ct	0	1	0	2	0	0	0	1	0	0	0	0	0	0	1	0	0	0	0	0	0	0	0	0	0	0	0	0	0	0	0	0	0	0
14309	31 Jul 25	10:33:00	1	0	53	0	Ct	0	1	2	2	0	0	0	1	0	0	0	0	0	0	3	0	0	0	0	0	0	0	0	0	0	1	0	0	0	0	0	0	0	2
14310	31 Jul 25	10:34:00	1	0	53	0	Ct	0	1	0	0	0	0	0	1	0	0	2	0	0	0	0	0	0	0	0	0	0	0	0	0	0	0	0	0	0	0	0	0	0	1
14311	31 Jul 25	10:35:00	1	0	53	0	Ct	0	1	0	2	0	1	0	0	0	0	0	0	0	0	1	0	0	0	0	0	0	0	0	0	0	0	0	0	0	0	0	0	0	1
14312	31 Jul 25	10:36:00	1	0	53	0	Ct	0	1	0	1	0	0	0	2	0	0	0	0	0	0	0	0	0	0	0	0	0	0	0	0	0	0	0	0	0	0	0	0	0	1
14313	31 Jul 25	10:37:00	1	0	53	0	Ct	0	1	0	0	0	0	0	1	0	0	0	0	0	0	0	1	0	0	0	0	0	0	0	0	0	0	0	0	0	0	0	0	0	1
14314	31 Jul 25	10:38:00	1	0	53	0	Ct	0	1	1	3	0	0	0	1	0	0	0	0	0	0	0	1	0	0	0	0	0	0	0	0	0	2	0	0	0	0	0	0	0	0
14315	31 Jul 25	10:39:00	1	0	53	0	Ct	0	1	0	0	0	0	0	0	0	0	0	0	0	0	0	0	0	0	0	0	0	0	0	0	0	0	0	0	0	0	0	0	0	0
14316	31 Jul 25	10:40:00	1	0	53	0	Ct	0	1	0	1	0	0	0	2	0	0	0	0	0	0	0	0	0	0	0	0	0	0	0	0	0	1	0	0	0	0	0	0	0	0
14317	31 Jul 25	10:41:00	1	0	53	0	Ct	0	1	0	1	0	0	0	0	0	0	0	0	0	0	0	0	0	0	0	0	0	0	0	0	0	0	0	0	0	0	0	0	0	0
14318	31 Jul 25	10:42:00	1	0	53	0	Ct	0	1	0	1	0	2	0	1	0	0	0	0	0	0	0	0	0	0	0	0	0	0	0	0	0	0	0	0	0	0	0	0	0	0
14319	31 Jul 25	10:43:00	1	0	53	0	Ct	0	1	0	1	0	0	0	1	0	0	0	0	0	0	0	0	0	0	0	0	2	0	0	0	0	1	0	0	0	0	0	0	0	0
14320	31 Jul 25	10:44:00	1	0	53	0	Ct	0	1	0	1	0	1	0	0	0	0	0	0	0	0	0	0	1	1	0	0	0	0	0	0	0	1	0	0	0	0	0	0	0	0
14321	31 Jul 25	10:45:00	1	0	53	0	Ct	0	1	0	1	0	0	0	3	0	0	0	0	0	0	0	0	0	0	0	1	0	0	0	0	0	0	0	0	0	0	0	0	0	0
14322	31 Jul 25	10:46:00	1	0	53	0	Ct	0	1	0	1	0	0	0	1	0	0	0	0	0	0	0	0	1	0	0	0	0	0	0	0	0	0	0	0	0	0	0	0	0	0
14323	31 Jul 25	10:47:00	1	0	53	0	Ct	0	1	0	1	0	1	0	1	0	0	0	0	1	0	0	0	2	0	0	0	0	0	0	0	0	0	0	0	0	0	0	0	0	0
14324	31 Jul 25	10:48:00	1	0	53	0	Ct	0	1	0	0	0	1	0	2	0	1	0	0	0	0	3	0	3	1	0	0	0	0	0	0	0	3	0	0	0	0	0	0	0	0
14325	31 Jul 25	10:49:00	1	0	53	0	Ct	0	1	0	1	0	1	0	2	0	0	0	0	0	0	0	0	0	0	0	0	0	0	0	0	0	0	0	0	0	0	0	0	0	0
14326	31 Jul 25	10:50:00	1	0	53	0	Ct	0	1	0	3	0	1	0	0	0	0	0	0	0	0	0	0	0	0	0	0	0	0	0	0	0	0	0	0	0	0	0	0	0	0
14327	31 Jul 25	10:51:00	1	0	53	0	Ct	0	1	0	2	0	0	0	0	0	0	0	1	0	0	0	0	2	0	0	0	0	0	0	0	0	0	0	0	0	0	0	0	0	0
14328	31 Jul 25	10:52:00	1	0	53	0	Ct	0	1	0	1	0	0	0	0	0	0	0	0	0	0	0	0	0	0	0	0	0	0	0	0	0	3	0	0	0	0	0	0	0	1
14329	31 Jul 25	10:53:00	1	0	53	0	Ct	0	1	0	1	0	0	0	2	2	0	0	0	0	0	0	0	0	0	0	0	0	0	0	0	0	0	0	0	0	0	0	0	0	0
14330	31 Jul 25	10:54:00	1	0	53	0	Ct	0	1	0	0	0	1	0	0	0	0	0	0	0	0	0	0	0	0	0	0	0	0	0	0	0	0	0	0	0	0	0	0	0	0
14331	31 Jul 25	10:55:00	1	0	53	0	Ct	0	1	1	1	0	0	0	0	0	0	0	2	2	0	0	0	0	0	0	0	0	0	0	0	0	0	0	0	0	0	0	0	0	0
14332	31 Jul 25	10:56:00	1	0	53	0	Ct	0	1	0	0	0	1	0	0	0	0	0	0	0	0	0	0	0	2	0	0	0	0	0	0	0	0	0	0	0	0	0	0	0	0
14333	31 Jul 25	10:57:00	1	0	53	0	Ct	0	1	0	2	0	0	0	1	0	0	1	1	0	0	0	0	0	0	0	0	0	0	0	0	0	0	0	0	0	0	0	0	0	0
14334	31 Jul 25	10:58:00	1	0	53	0	Ct	0	1	0	0	0	1	0	1	2	0	0	0	0	0	0	0	0	0	0	0	0	0	0	0	0	1	0	0	0	0	0	0	0	0
14335	31 Jul 25	10:59:00	1	0	53	0	Ct	0	1	0	1	0	0	0	0	0	0	0	0	0	0	0	0	0	0	0	0	0	0	0	0	0	0	0	0	0	0	0	0	0	0
14336	31 Jul 25	11:00:00	1	0	53	0	Ct	0	1	0	0	0	1	2	0	0	0	0	0	0	0	0	0	0	1	0	0	0	0	0	0	0	0	0	0	0	0	0	0	0	0
14337	31 Jul 25	11:01:00	1	0	53	0	Ct	0	1	0	3	0	1	0	2	0	0	1	0	0	0	0	0	0	1	0	0	0	0	0	0	0	0	0	0	0	0	0	0	0	1
14338	31 Jul 25	11:02:00	1	0	53	0	Ct	0	1	0	1	0	1	0	0	0	0	0	0	1	0	0	0	0	0	0	0	0	0	0	0	0	1	0	0	0	0	0	0	0	0
14339	31 Jul 25	11:03:00	1	0	53	0	Ct	0	1	2	1	0	0	0	0	0	0	0	0	0	0	0	0	0	1	0	0	0	0	0	0	0	0	0	0	0	0	0	0	0	0
14340	31 Jul 25	11:04:00	1	0	53	0	Ct	0	1	0	1	0	0	0	0	0	0	0	0	0	0	0	0	0	0	0	0	0	0	0	0	0	2	0	0	0	0	0	0	0	1
14341	31 Jul 25	11:05:00	1	0	53	0	Ct	0	1	2	1	0	2	0	1	0	0	0	0	0	0	1	0	0	0	0	0	0	0	0	0	0	1	0	0	0	0	0	0	0	0
14342	31 Jul 25	11:06:00	1	0	53	0	Ct	0	1	0	0	0	1	0	1	0	0	0	0	0	0	0	1	0	0	0	0	0	0	0	0	0	0	0	0	0	0	0	0	0	0
14343	31 Jul 25	11:07:00	1	0	53	0	Ct	0	1	2	0	0	0	0	0	0	0	0	0	0	0	0	0	0	1	0	0	0	0	0	0	0	0	0	0	0	0	0	0	0	0
14344	31 Jul 25	11:08:00	1	0	53	0	Ct	0	1	0	0	0	3	0	1	0	0	0	0	0	0	0	0	0	1	0	0	0	0	0	0	0	0	0	0	0	0	0	0	0	0
14345	31 Jul 25	11:09:00	1	0	53	0	Ct	0	1	0	1	0	0	0	3	0	0	0	0	0	0	1	0	0	0	0	0	0	0	0	0	0	0	0	0	0	0	0	0	0	0
14346	31 Jul 25	11:10:00	1	0	53	0	Ct	0	1	2	2	0	0	0	0	0	0	0	0	0	0	0	0	0	0	0	0	0	0	0	0	0	1	0	0	0	0	0	0	0	2
14347	31 Jul 25	11:11:00	1	0	53	0	Ct	0	1	0	3	0	2	0	1	0	0	0	0	0	0	0	0	0	0	0	0	0	0	0	0	0	1	0	0	0	0	0	0	0	1
14348	31 Jul 25	11:12:00	1	0	53	0	Ct	0	1	0	1	0	0	0	1	0	0	0	0	0	0	0	0	0	1	0	0	0	0	0	0	0	1	0	0	0	0	0	0	0	0
14349	31 Jul 25	11:13:00	1	0	53	0	Ct	0	1	0	1	0	0	0	0	0	2	0	3	2	0	0	0	0	1	0	0	0	0	0	0	0	1	0	0	0	0	0	0	0	0
14350	31 Jul 25	11:14:00	1	0	53	0	Ct	0	1	0	3	0	0	0	0	0	0	0	0	0	0	0	3	0	1	0	0	0	0	0	0	0	0	0	0	0	0	0	0	0	1
14351	31 Jul 25	11:15:00	1	0	53	0	Ct	0	1	0	1	0	1	0	0	0	0	0	0	0	0	0	0	0	1	0	0	0	0	0	0	0	0	0	0	0	0	0	0	0	0
14352	31 Jul 25	11:16:00	1	0	53	0	Ct	0	1	0	2	0	0	0	2	0	0	0	1	0	0	0	0	0	0	0	0	0	0	0	0	0	0	0	0	0	0	0	0	0	0
14353	31 Jul 25	11:17:00	1	0	53	0	Ct	0	1	0	1	0	1	0	1	0	0	0	0	0	0	0	0	0	2	0	0	0	0	0	0	0	0	0	0	0	0	0	0	0	0
14354	31 Jul 25	11:18:00	1	0	53	0	Ct	0	1	0	1	0	1	0	2	0	0	0	1	0	0	0	0	0	0	0	0	0	0	0	0	0	0	0	0	0	0	0	0	0	0
14355	31 Jul 25	11:19:00	1	0	53	0	Ct	0	1	0	2	0	1	0	0	2	0	0	0	0	0	0	0	0	2	0	0	0	0	0	0	0	0	0	0	0	0	0	0	0	0
14356	31 Jul 25	11:20:00	1	0	53	0	Ct	0	1	0	3	0	1	0	1	0	0	0	0	0	0	0	0	0	1	0	0	0	0	0	0	0	0	0	0	0	0	0	0	0	1
14357	31 Jul 25	11:21:00	1	0	53	0	Ct	0	1	0	3	0	0	0	0	0	0	0	0	0	0	0	0	0	0	0	0	0	0	0	0	0	0	0	0	0	0	0	0	0	1
14358	31 Jul 25	11:22:00	1	0	53	0	Ct	0	1	0	1	0	0	0	0	0	0	0	0	1	0	0	0	0	0	0	0	0	0	0	0	0	0	0	0	0	0	0	0	0	2
14359	31 Jul 25	11:23:00	1	0	53	0	Ct	0	1	0	1	0	0	0	1	0	0	0	0	0	0	0	0	0	1	0	0	0	0	0	0	0	0	0	0	0	0	0	0	0	0
14360	31 Jul 25	11:24:00	1	0	53	0	Ct	0	1	0	1	0	0	0	1	0	0	0	0	0	0	0	0	0	1	0	0	0	0	0	0	0	0	0	0	0	0	0	0	0	1
14361	31 Jul 25	11:25:00	1	0	53	0	Ct	0	1	0	0	0	0	0	0	0	0	0	0	0	0	0	0	0	0	0	0	0	0	0	0	0	0	0	0	0	0	0	0	0	0
14362	31 Jul 25	11:26:00	1	0	53	0	Ct	0	1	0	1	0	0	0	3	0	0	0	0	0	0	0	0	0	1	0	0	0	0	0	0	0	0	0	0	0	0	0	0	0	1
14363	31 Jul 25	11:27:00	1	0	53	0	Ct	0	1	0	1	0	0	0	1	0	0	1	1	0	0	0	0	0	2	0	0	0	0	0	0	0	0	0	0	0	0	0	0	0	0
14364	31 Jul 25	11:28:00	1	0	53	0	Ct	0	1	0	0	0	0	0	0	0	0	0	0	0	0	0	0	0	3	0	0	0	0	0	0	0	1	0	0	0	0	0	0	0	0
14365	31 Jul 25	11:29:00	1	0	53	0	Ct	0	1	0	1	0	0	0	1	0	0	0	0	0	0	0	0	0	0	0	0	0	0	0	0	0	2	0	0	0	0	0	0	0	1
14366	31 Jul 25	11:30:00	1	0	53	0	Ct	0	1	0	0	0	0	0	1	0	0	0	0	1	0	0	0	0	0	0	0	0	0	0	0	0	0	0	0	0	0	0	0	0	0
14367	31 Jul 25	11:31:00	1	0	53	0	Ct	0	1	0	0	0	2	0	1	0	0	0	0	0	0	0	1	0	0	0	0	0	0	0	0	0	1	0	0	0	0	0	0	0	0
14368	31 Jul 25	11:32:00	1	0	53	0	Ct	0	1	0	0	0	1	0	0	0	0	0	0	0	0	0	2	0	0	0	0	0	0	0	0	0	0	0	0	0	0	0	0	0	0
14369	31 Jul 25	11:33:00	1	0	53	0	Ct	0	1	0	0	0	0	0	0	0	0	0	0	1	0	0	0	0	0	0	0	0	0	0	0	0	0	0	0	0	0	0	0	0	0
14370	31 Jul 25	11:34:00	1	0	53	0	Ct	0	1	0	0	0	0	0	0	0	0	0	0	0	0	0	0	0	0	0	0	0	0	0	0	0	1	0	0	0	0	0	0	0	0
14371	31 Jul 25	11:35:00	1	0	53	0	Ct	0	1	0	0	0	0	0	1	0	0	0	0	0	0	0	1	0	0	0	0	0	0	0	0	0	1	0	0	0	0	0	0	0	1
14372	31 Jul 25	11:36:00	1	0	53	0	Ct	0	1	0	1	0	0	0	0	0	0	0	0	0	0	0	0	0	0	0	0	0	0	0	0	0	1	0	0	0	0	0	0	0	1
14373	31 Jul 25	11:37:00	1	0	53	0	Ct	0	1	0	1	0	1	0	1	0	0	0	0	0	0	0	0	0	0	0	0	0	0	0	0	0	1	0	0	0	0	0	0	0	0
14374	31 Jul 25	11:38:00	1	0	53	0	Ct	0	1	0	0	0	0	0	2	0	0	0	0	0	0	0	0	0	1	0	0	0	0	0	0	0	1	0	0	0	0	0	0	0	0
14375	31 Jul 25	11:39:00	1	0	53	0	Ct	0	1	0	0	0	0	0	0	0	0	0	0	0	0	0	0	0	0	0	0	0	0	0	0	0	1	0	0	0	0	0	0	0	0
14376	31 Jul 25	11:40:00	1	0	53	0	Ct	0	1	0	0	0	0	0	0	0	0	0	0	0	0	0	0	0	0	0	0	0	0	0	0	0	1	0	0	0	0	0	0	0	0
14377	31 Jul 25	11:41:00	1	0	53	0	Ct	0	1	0	0	0	0	0	1	0	0	0	0	1	0	0	0	0	0	0	0	0	0	0	0	0	1	0	0	0	0	0	0	0	1
14378	31 Jul 25	11:42:00	1	0	53	0	Ct	0	1	0	1	0	0	0	2	0	0	0	0	1	0	0	0	0	2	0	0	0	0	0	0	0	0	0	0	0	0	0	0	0	1
14379	31 Jul 25	11:43:00	1	0	53	0	Ct	0	1	0	1	0	0	0	1	0	0	0	0	0	0	0	0	0	1	0	0	0	0	0	0	0	0	0	0	0	0	0	0	0	0
14380	31 Jul 25	11:44:00	1	0	53	0	Ct	0	1	0	0	0	0	0	0	0	0	0	0	0	0	0	0	0	0	0	0	0	0	0	0	0	3	0	0	0	0	0	0	0	0
14381	31 Jul 25	11:45:00	1	0	53	0	Ct	0	1	2	1	0	0	0	1	0	0	0	0	2	0	0	0	0	0	0	0	0	0	0	0	0	0	0	0	0	0	0	0	0	0
14382	31 Jul 25	11:46:00	1	0	53	0	Ct	0	1	0	0	0	0	0	1	0	0	0	0	3	0	0	0	0	2	0	0	0	1	0	0	0	0	0	0	0	0	0	0	0	0
14383	31 Jul 25	11:47:00	1	0	53	0	Ct	0	1	0	6	0	0	0	1	0	0	0	0	3	0	0	0	0	1	0	0	0	0	0	0	0	0	0	0	0	0	0	0	0	0
14384	31 Jul 25	11:48:00	1	0	53	0	Ct	0	1	0	1	0	0	0	1	0	0	0	0	0	0	0	0	0	0	0	0	0	0	0	0	0	1	0	0	0	0	0	0	0	0
14385	31 Jul 25	11:49:00	1	0	53	0	Ct	0	1	0	2	0	0	0	1	0	0	0	0	0	0	0	0	0	0	0	0	0	2	0	0	0	1	0	0	0	0	0	0	0	0
14386	31 Jul 25	11:50:00	1	0	53	0	Ct	0	1	0	1	0	1	0	0	0	0	0	0	1	0	0	0	0	0	0	0	0	1	0	0	0	1	0	0	0	0	0	0	0	0
14387	31 Jul 25	11:51:00	1	0	53	0	Ct	0	1	0	1	0	0	0	0	0	0	0	0	0	0	0	0	0	0	0	0	0	0	0	0	0	1	0	0	0	0	0	0	0	0
14388	31 Jul 25	11:52:00	1	0	53	0	Ct	0	1	0	4	0	0	0	0	0	0	0	0	2	0	0	0	0	0	0	0	0	0	0	0	0	1	0	0	0	0	0	0	0	0
14389	31 Jul 25	11:53:00	1	0	53	0	Ct	0	1	0	6	0	0	0	1	0	0	0	2	1	0	0	1	0	0	0	0	0	0	0	0	0	1	0	0	0	0	0	0	0	0
14390	31 Jul 25	11:54:00	1	0	53	0	Ct	0	1	0	1	0	0	0	1	0	0	0	0	2	0	0	0	0	0	0	0	0	0	0	0	0	1	0	0	0	0	0	0	0	0
14391	31 Jul 25	11:55:00	1	0	53	0	Ct	0	1	0	0	0	1	0	1	0	0	0	0	1	0	0	0	0	0	0	0	0	0	0	0	0	1	0	0	0	0	0	0	0	1
14392	31 Jul 25	11:56:00	1	0	53	0	Ct	0	1	0	1	0	0	0	0	0	0	0	0	0	0	0	0	0	0	0	0	0	0	0	0	0	0	0	0	0	0	0	0	0	0
14393	31 Jul 25	11:57:00	1	0	53	0	Ct	0	1	0	0	0	0	0	1	0	0	0	0	2	0	0	0	0	1	0	0	0	0	0	0	0	1	0	0	0	0	0	0	0	0
14394	31 Jul 25	11:58:00	1	0	53	0	Ct	0	1	0	0	0	0	0	0	0	0	0	0	3	0	0	0	0	0	0	0	0	0	0	0	0	0	0	0	0	0	0	0	0	0
14395	31 Jul 25	11:59:00	1	0	53	0	Ct	0	1	0	0	0	0	0	0	0	0	0	0	0	0	0	0	0	0	0	0	0	0	0	0	0	1	0	0	0	0	0	0	0	0
14396	31 Jul 25	12:00:00	1	0	53	0	Ct	0	1	0	2	0	0	0	0	0	0	0	0	2	0	0	0	0	0	0	0	0	0	0	0	0	0	0	0	0	0	0	0	0	0
14397	31 Jul 25	12:01:00	1	0	53	0	Ct	0	1	0	0	0	0	0	0	0	0	0	0	2	0	0	0	0	0	0	0	0	0	0	0	0	0	0	0	0	0	0	0	0	0
14398	31 Jul 25	12:02:00	1	0	53	0	Ct	0	1	0	0	0	0	0	0	0	0	0	0	3	0	1	0	0	0	0	0	0	0	0	0	0	0	0	0	0	0	0	0	0	0
14399	31 Jul 25	12:03:00	1	0	53	0	Ct	0	1	0	0	0	0	0	0	0	0	0	0	1	0	0	0	0	0	0	0	0	0	0	0	0	0	0	0	0	0	0	0	0	1
14400	31 Jul 25	12:04:00	1	0	53	0	Ct	0	1	0	0	0	0	0	2	0	0	2	0	1	0	0	0	0	0	0	0	0	0	0	0	0	0	0	0	0	0	0	0	0	0
14401	31 Jul 25	12:05:00	1	0	53	0	Ct	0	1	0	0	0	0	0	1	0	0	0	0	1	0	1	0	0	0	0	0	0	0	0	0	0	0	0	0	0	0	0	0	0	0
14402	31 Jul 25	12:06:00	1	0	53	0	Ct	0	1	0	1	0	0	0	1	0	0	0	0	1	0	0	0	0	1	0	0	0	0	0	0	0	0	0	0	0	0	0	0	0	0
14403	31 Jul 25	12:07:00	1	0	53	0	Ct	0	1	0	1	0	0	0	1	0	0	0	0	0	0	0	0	0	0	0	0	0	0	0	0	0	0	0	0	0	0	0	0	0	0
14404	31 Jul 25	12:08:00	1	0	53	0	Ct	0	1	0	1	0	0	0	0	0	0	0	0	0	0	0	0	0	0	0	0	0	0	0	0	0	0	0	0	0	0	0	0	0	0
14405	31 Jul 25	12:09:00	1	0	53	0	Ct	0	1	0	3	0	0	0	0	0	0	0	0	2	0	1	0	0	0	0	0	0	0	0	0	0	0	0	0	0	0	0	0	0	1
14406	31 Jul 25	12:10:00	1	0	53	0	Ct	0	1	0	1	0	0	0	0	0	0	0	0	1	0	0	0	0	0	0	0	0	0	0	0	0	3	0	0	0	0	0	0	0	2
14407	31 Jul 25	12:11:00	1	0	53	0	Ct	0	1	0	1	0	0	0	0	0	0	0	0	1	0	0	0	0	0	0	0	0	0	0	0	0	2	0	0	0	0	0	0	0	0
14408	31 Jul 25	12:12:00	1	0	53	0	Ct	0	1	0	1	0	0	0	0	0	0	0	0	1	0	2	0	3	0	0	0	0	0	0	0	0	0	0	0	0	0	0	0	0	0
14409	31 Jul 25	12:13:00	1	0	53	0	Ct	0	1	0	0	0	0	0	0	0	0	0	0	3	0	6	0	1	0	0	0	0	0	0	0	0	1	0	0	0	0	0	0	0	0
14410	31 Jul 25	12:14:00	1	0	53	0	Ct	0	1	0	2	0	0	0	0	0	0	0	0	1	0	4	0	5	0	0	0	0	0	0	0	0	0	0	0	0	0	0	0	0	0
14411	31 Jul 25	12:15:00	1	0	53	0	Ct	0	1	0	3	0	0	0	1	0	0	0	0	0	0	2	0	11	0	0	0	0	0	0	0	0	0	0	0	0	0	0	0	0	0
14412	31 Jul 25	12:16:00	1	0	53	0	Ct	0	1	0	0	0	0	0	0	0	0	0	0	0	0	2	1	8	0	0	0	0	0	0	0	0	0	0	0	0	0	0	0	0	0
14413	31 Jul 25	12:17:00	1	0	53	0	Ct	0	1	0	1	0	0	0	0	0	0	0	0	2	0	1	0	0	1	0	0	0	0	0	0	0	0	0	0	0	0	0	0	0	0
14414	31 Jul 25	12:18:00	1	0	53	0	Ct	0	1	0	0	0	0	0	0	0	0	0	0	0	0	3	0	0	2	0	0	0	0	0	0	0	2	0	0	0	0	0	0	0	0
14415	31 Jul 25	12:19:00	1	0	53	0	Ct	0	1	0	0	0	0	0	2	0	0	0	0	0	0	0	0	0	0	0	0	0	0	0	0	0	0	0	0	0	0	0	0	0	0
14416	31 Jul 25	12:20:00	1	0	53	0	Ct	0	1	0	0	0	0	0	0	0	0	0	0	0	0	0	0	0	0	0	0	0	0	0	0	0	0	0	0	0	0	0	0	0	1
14417	31 Jul 25	12:21:00	1	0	53	0	Ct	0	1	0	0	0	0	0	0	0	0	0	0	0	0	0	0	0	0	0	0	0	0	0	0	0	0	0	0	0	0	0	0	0	0
14418	31 Jul 25	12:22:00	1	0	53	0	Ct	0	1	0	0	0	0	0	0	0	0	0	0	0	0	0	0	0	0	0	0	0	0	0	0	0	1	0	0	0	0	0	0	0	0
14419	31 Jul 25	12:23:00	1	0	53	0	Ct	0	1	0	0	0	0	0	0	0	0	0	0	1	0	1	0	0	0	0	0	0	0	0	0	0	2	0	0	0	0	0	0	0	1
14420	31 Jul 25	12:24:00	1	0	53	0	Ct	0	1	0	0	0	0	0	1	0	0	0	0	0	0	1	0	0	0	0	0	0	0	0	0	0	0	0	0	0	0	0	0	0	0
14421	31 Jul 25	12:25:00	1	0	53	0	Ct	0	1	0	1	0	0	0	1	0	0	0	0	0	0	0	0	0	1	0	0	0	0	0	0	0	1	0	0	0	0	0	0	0	0
14422	31 Jul 25	12:26:00	1	0	53	0	Ct	0	1	0	1	0	0	0	2	0	0	0	0	3	0	0	0	0	0	0	0	0	0	0	0	0	0	0	0	0	0	0	0	0	0
14423	31 Jul 25	12:27:00	1	0	53	0	Ct	0	1	0	0	0	0	0	0	0	0	0	0	2	0	0	0	1	0	0	0	0	0	0	0	0	1	0	0	0	0	0	0	0	0
14424	31 Jul 25	12:28:00	1	0	53	0	Ct	0	1	0	1	0	0	0	1	0	0	0	0	1	0	0	0	0	0	0	0	0	0	0	0	0	0	0	0	0	0	0	0	0	1
14425	31 Jul 25	12:29:00	1	0	53	0	Ct	0	1	0	0	0	0	0	0	0	0	0	0	2	0	0	0	0	0	0	0	0	0	0	0	0	1	0	0	0	0	0	0	0	0
14426	31 Jul 25	12:30:00	1	0	53	0	Ct	0	1	0	1	0	0	0	0	0	0	0	0	1	0	0	0	0	0	0	0	0	0	0	0	0	0	0	0	0	0	0	0	0	0
14427	31 Jul 25	12:31:00	1	0	53	0	Ct	0	1	0	0	0	0	0	0	0	0	0	1	1	0	0	0	0	1	0	0	0	0	0	0	0	0	0	0	0	0	0	0	0	0
14428	31 Jul 25	12:32:00	1	0	53	0	Ct	0	1	0	0	0	0	0	0	0	0	0	0	2	0	0	0	0	0	0	0	0	0	0	0	0	0	0	0	0	0	0	0	0	0
14429	31 Jul 25	12:33:00	1	0	53	0	Ct	0	1	0	0	0	0	0	0	0	0	0	0	1	0	0	0	0	0	0	0	0	0	0	0	0	0	0	0	0	0	0	0	0	0
14430	31 Jul 25	12:34:00	1	0	53	0	Ct	0	1	0	0	0	0	0	0	0	0	0	0	0	0	0	0	0	0	0	0	0	0	0	0	0	0	0	0	0	0	0	0	0	0
14431	31 Jul 25	12:35:00	1	0	53	0	Ct	0	1	0	0	0	0	0	0	0	0	0	0	0	0	0	0	0	0	0	0	0	0	0	0	0	0	0	0	0	0	0	0	0	0
14432	31 Jul 25	12:36:00	1	0	53	0	Ct	0	1	0	1	0	0	0	0	0	0	0	0	2	0	0	0	0	1	0	0	0	0	0	0	0	0	0	0	0	0	0	0	0	0
14433	31 Jul 25	12:37:00	1	0	53	0	Ct	0	1	0	2	0	0	0	0	0	0	0	0	1	0	0	0	0	0	0	0	0	0	0	0	0	0	0	0	0	0	0	0	0	0
14434	31 Jul 25	12:38:00	1	0	53	0	Ct	0	1	0	2	0	0	0	0	0	0	0	4	0	0	0	0	0	0	0	0	0	0	0	0	0	0	0	0	0	0	0	0	0	0
14435	31 Jul 25	12:39:00	1	0	53	0	Ct	0	1	0	1	0	0	0	0	0	0	0	1	1	0	0	0	0	0	0	0	0	0	0	0	0	0	0	0	0	0	0	0	0	0
14436	31 Jul 25	12:40:00	1	0	53	0	Ct	0	1	0	1	0	0	0	1	0	0	0	0	2	0	1	0	0	0	0	0	0	0	0	0	0	0	0	0	0	0	0	0	0	1
14437	31 Jul 25	12:41:00	1	0	53	0	Ct	0	1	0	1	0	0	0	1	0	0	0	0	0	0	0	0	0	0	0	0	0	0	0	0	0	1	0	0	0	0	0	0	0	0
14438	31 Jul 25	12:42:00	1	0	53	0	Ct	0	1	0	2	0	0	0	0	0	0	0	2	0	0	0	0	0	0	0	0	0	0	0	0	0	2	0	0	0	0	0	0	0	0
14439	31 Jul 25	12:43:00	1	0	53	0	Ct	0	1	0	0	0	0	0	0	0	0	0	0	0	0	0	0	0	0	0	0	0	0	0	0	0	0	0	0	0	0	0	0	0	0
14440	31 Jul 25	12:44:00	1	0	53	0	Ct	0	1	0	1	0	0	0	1	0	0	0	0	1	0	1	0	0	0	0	0	0	0	0	0	0	0	0	0	0	0	0	0	0	1
14441	31 Jul 25	12:45:00	1	0	53	0	Ct	0	1	0	0	0	0	0	0	0	0	0	0	0	0	0	0	0	0	0	0	0	0	0	0	0	2	0	0	0	0	0	0	0	0
14442	31 Jul 25	12:46:00	1	0	53	0	Ct	0	1	0	0	0	0	0	2	2	0	0	0	0	0	0	0	0	0	0	0	0	0	0	0	0	1	0	0	0	0	0	0	0	0
14443	31 Jul 25	12:47:00	1	0	53	0	Ct	0	1	0	0	0	0	0	4	0	0	0	1	1	0	0	0	0	1	0	0	0	0	0	0	0	0	0	0	0	0	0	0	0	0
14444	31 Jul 25	12:48:00	1	0	53	0	Ct	0	1	0	0	0	1	0	0	0	0	0	0	0	0	0	2	0	0	0	0	0	0	0	0	0	0	0	0	0	0	0	0	0	0
14445	31 Jul 25	12:49:00	1	0	53	0	Ct	0	1	0	2	0	0	0	0	0	0	0	1	0	0	0	0	0	0	0	0	0	0	0	0	0	0	0	0	0	0	0	0	0	0
14446	31 Jul 25	12:50:00	1	0	53	0	Ct	0	1	0	0	0	0	0	0	3	0	0	0	1	0	0	0	0	0	0	0	0	0	0	0	0	1	0	0	0	0	0	0	0	0
14447	31 Jul 25	12:51:00	1	0	53	0	Ct	0	1	0	0	0	0	0	0	0	0	0	0	0	0	0	2	0	0	0	0	0	0	0	0	0	1	0	0	0	0	0	0	0	1
14448	31 Jul 25	12:52:00	1	0	53	0	Ct	0	1	0	1	0	0	0	0	0	0	2	0	0	0	0	1	0	0	0	0	0	0	0	0	0	1	0	0	0	0	0	0	0	0
14449	31 Jul 25	12:53:00	1	0	53	0	Ct	0	1	0	2	0	1	0	1	0	0	0	0	0	0	0	0	0	1	0	0	0	0	0	0	0	1	0	0	0	0	0	0	0	0
14450	31 Jul 25	12:54:00	1	0	53	0	Ct	0	1	0	0	0	0	0	0	0	0	0	0	2	0	0	0	0	0	0	0	0	0	0	0	0	1	0	0	0	0	0	0	0	1
14451	31 Jul 25	12:55:00	1	0	53	0	Ct	0	1	0	0	0	0	0	1	0	0	0	0	0	0	0	0	0	0	0	0	0	0	0	0	0	0	0	0	0	0	0	0	0	0
14452	31 Jul 25	12:56:00	1	0	53	0	Ct	0	1	0	0	0	0	0	0	0	0	0	0	1	0	0	0	0	0	0	0	0	0	0	0	0	0	0	0	0	0	0	0	0	0
14453	31 Jul 25	12:57:00	1	0	53	0	Ct	0	1	0	1	0	0	0	4	0	0	0	0	0	0	1	0	0	0	0	0	0	0	0	0	0	0	0	0	0	0	0	0	0	0
14454	31 Jul 25	12:58:00	1	0	53	0	Ct	0	1	0	0	0	0	0	0	0	0	0	0	0	0	2	0	0	0	0	0	0	0	0	0	0	2	0	0	0	0	0	0	0	0
14455	31 Jul 25	12:59:00	1	0	53	0	Ct	0	1	0	0	0	0	0	0	0	1	0	0	2	0	0	0	0	0	0	0	0	0	0	0	0	1	0	0	0	0	0	0	0	0
14456	31 Jul 25	13:00:00	1	0	53	0	Ct	0	1	0	2	0	0	0	0	0	0	0	0	1	0	0	0	0	1	0	0	0	0	0	0	0	0	0	0	0	0	0	0	0	0
14457	31 Jul 25	13:01:00	1	0	53	0	Ct	0	1	0	1	0	0	0	1	0	0	0	0	3	0	0	0	0	1	0	0	0	0	0	0	0	0	0	0	0	0	0	0	0	1
14458	31 Jul 25	13:02:00	1	0	53	0	Ct	0	1	0	1	0	0	0	0	0	0	0	0	4	0	0	1	0	0	0	0	0	0	0	0	0	1	0	0	0	0	0	0	0	0
14459	31 Jul 25	13:03:00	1	0	53	0	Ct	0	1	0	0	0	0	0	0	0	0	0	0	0	0	0	0	0	0	0	0	0	0	0	0	0	0	0	0	0	0	0	0	0	0
14460	31 Jul 25	13:04:00	1	0	53	0	Ct	0	1	0	1	0	0	0	0	0	0	0	0	1	0	0	0	0	0	0	0	0	0	0	0	0	1	0	0	0	0	0	0	0	0
14461	31 Jul 25	13:05:00	1	0	53	0	Ct	0	1	0	0	0	0	0	0	0	0	0	0	0	0	0	0	0	0	0	0	0	0	0	0	0	2	0	0	0	0	0	0	0	0
14462	31 Jul 25	13:06:00	1	0	53	0	Ct	0	1	0	0	0	0	0	0	0	0	0	0	1	0	0	0	0	0	0	0	0	0	0	0	0	0	0	0	0	0	0	0	0	0
14463	31 Jul 25	13:07:00	1	0	53	0	Ct	0	1	0	0	0	0	0	0	0	0	0	0	3	0	0	0	0	0	0	0	0	0	0	0	0	0	0	0	0	0	0	0	0	0
14464	31 Jul 25	13:08:00	1	0	53	0	Ct	0	1	0	1	0	0	0	0	0	0	0	0	1	0	6	0	0	1	0	0	0	0	0	0	0	0	0	0	0	0	0	0	0	1
14465	31 Jul 25	13:09:00	1	0	53	0	Ct	0	1	0	0	0	0	0	0	0	0	0	0	0	0	0	0	0	0	0	0	0	0	0	0	0	0	0	0	0	0	0	0	0	0
14466	31 Jul 25	13:10:00	1	0	53	0	Ct	0	1	0	0	0	0	0	0	0	0	0	0	0	0	0	0	0	0	0	0	0	0	0	0	0	0	0	0	0	0	0	0	0	0
14467	31 Jul 25	13:11:00	1	0	53	0	Ct	0	1	0	0	0	0	0	0	0	0	0	0	1	0	1	0	0	0	0	0	0	0	0	0	0	2	0	0	0	0	0	0	0	0
14468	31 Jul 25	13:12:00	1	0	53	0	Ct	0	1	0	0	0	0	0	0	0	0	0	1	0	0	0	0	0	2	0	0	0	0	0	0	0	0	0	0	0	0	0	0	0	0
14469	31 Jul 25	13:13:00	1	0	53	0	Ct	0	1	0	0	0	0	0	0	0	0	0	0	1	0	2	0	0	0	0	0	0	0	0	0	0	0	0	0	0	0	0	0	0	0
14470	31 Jul 25	13:14:00	1	0	53	0	Ct	0	1	0	0	0	0	0	0	0	0	0	0	3	0	0	0	2	1	0	0	0	0	0	0	0	0	0	0	0	0	0	0	0	0
14471	31 Jul 25	13:15:00	1	0	53	0	Ct	0	1	0	0	0	0	0	0	0	0	0	0	0	0	0	0	0	0	0	0	0	0	0	0	0	1	0	0	0	0	0	0	0	1
14472	31 Jul 25	13:16:00	1	0	53	0	Ct	0	1	0	0	0	0	0	0	0	0	0	0	0	0	1	0	0	0	0	0	0	0	0	0	0	1	0	0	0	0	0	0	0	0
14473	31 Jul 25	13:17:00	1	0	53	0	Ct	0	1	0	1	0	0	0	0	0	0	0	0	0	0	0	0	0	2	0	0	0	0	0	0	0	0	0	0	0	0	0	0	0	0
14474	31 Jul 25	13:18:00	1	0	53	0	Ct	0	1	0	1	0	0	0	1	0	0	0	0	0	0	0	0	0	0	0	0	0	0	0	0	0	1	0	0	0	0	0	0	0	0
14475	31 Jul 25	13:19:00	1	0	53	0	Ct	0	1	0	0	0	0	0	0	0	0	0	0	0	0	0	0	0	0	0	0	0	0	0	0	0	1	0	0	0	0	0	0	0	1
14476	31 Jul 25	13:20:00	1	0	53	0	Ct	0	1	0	4	0	0	0	0	0	2	0	0	0	0	0	0	0	0	0	0	0	0	0	0	0	1	0	0	0	0	0	0	0	0
14477	31 Jul 25	13:21:00	1	0	53	0	Ct	0	1	0	0	0	0	0	0	0	0	0	0	1	0	0	0	0	0	0	0	0	0	0	0	0	0	0	0	0	0	0	0	0	0
14478	31 Jul 25	13:22:00	1	0	53	0	Ct	0	1	0	2	0	0	0	0	0	1	0	3	0	0	0	0	0	0	0	0	0	0	0	0	0	0	0	0	0	0	0	0	0	0
14479	31 Jul 25	13:23:00	1	0	53	0	Ct	0	1	0	0	0	0	0	0	0	0	0	0	0	0	0	0	0	0	0	0	0	0	0	0	0	1	0	0	0	0	0	0	0	1
14480	31 Jul 25	13:24:00	1	0	53	0	Ct	0	1	0	2	0	0	0	0	0	0	0	0	1	0	0	0	0	0	0	0	0	0	0	0	0	0	0	0	0	0	0	0	0	0
14481	31 Jul 25	13:25:00	1	0	53	0	Ct	0	1	0	1	0	0	0	0	0	0	0	0	0	0	0	0	0	0	0	0	0	0	0	0	0	0	0	0	0	0	0	0	0	0
14482	31 Jul 25	13:26:00	1	0	53	0	Ct	0	1	0	1	0	0	0	0	0	0	0	0	0	0	1	0	0	0	0	0	0	0	0	0	0	0	0	0	0	0	0	0	0	0
14483	31 Jul 25	13:27:00	1	0	53	0	Ct	0	1	0	0	0	0	0	0	0	0	0	1	0	0	1	0	0	0	0	0	0	0	0	0	0	0	0	0	0	0	0	0	0	0
14484	31 Jul 25	13:28:00	1	0	53	0	Ct	0	1	0	0	0	0	0	0	0	0	0	0	0	0	0	0	0	0	0	0	0	0	0	0	0	1	0	0	0	0	0	0	0	0
14485	31 Jul 25	13:29:00	1	0	53	0	Ct	0	1	0	0	0	0	0	1	0	0	0	0	0	0	1	0	0	0	0	0	0	0	0	0	0	1	0	0	0	0	0	0	0	0
14486	31 Jul 25	13:30:00	1	0	53	0	Ct	0	1	0	1	0	0	0	1	0	0	0	0	1	0	0	0	0	0	0	0	0	0	0	0	0	0	0	0	0	0	0	0	0	0
14487	31 Jul 25	13:31:00	1	0	53	0	Ct	0	1	0	0	0	0	0	0	0	0	0	0	0	0	0	0	0	0	0	0	0	0	0	0	0	1	0	0	0	0	0	0	0	0
14488	31 Jul 25	13:32:00	1	0	53	0	Ct	0	1	0	1	0	0	0	0	0	0	0	0	0	0	0	0	0	0	0	0	0	0	0	0	0	1	0	0	0	0	0	0	0	0
14489	31 Jul 25	13:33:00	1	0	53	0	Ct	0	1	0	0	0	0	0	0	0	0	0	0	0	0	0	0	0	0	0	0	0	0	0	0	0	0	0	0	0	0	0	0	0	1
14490	31 Jul 25	13:34:00	1	0	53	0	Ct	0	1	0	0	0	0	0	0	0	0	0	2	0	0	0	0	0	0	0	0	0	0	0	0	0	2	0	0	0	0	0	0	0	0
14491	31 Jul 25	13:35:00	1	0	53	0	Ct	0	1	0	1	0	0	0	0	0	0	0	1	0	0	0	0	0	0	0	0	0	0	0	0	0	1	0	0	0	0	0	0	0	0
14492	31 Jul 25	13:36:00	1	0	53	0	Ct	0	1	0	0	0	0	0	0	0	0	0	2	0	0	0	0	0	0	0	0	0	0	0	0	0	0	0	0	0	0	0	0	0	0
14493	31 Jul 25	13:37:00	1	0	53	0	Ct	0	1	0	1	0	1	0	1	0	0	0	0	0	0	0	0	0	2	0	0	0	0	0	0	0	0	0	0	0	0	0	0	0	0
14494	31 Jul 25	13:38:00	1	0	53	0	Ct	0	1	0	0	0	0	0	2	0	0	0	1	0	0	0	0	0	0	0	0	0	0	0	0	0	0	0	0	0	0	0	0	0	0
14495	31 Jul 25	13:39:00	1	0	53	0	Ct	0	1	0	3	0	0	0	0	0	0	0	0	0	0	0	0	0	0	0	0	0	0	0	0	0	0	0	0	0	0	0	0	0	3
14496	31 Jul 25	13:40:00	1	0	53	0	Ct	0	1	0	1	0	0	0	0	0	0	0	0	0	0	0	0	0	0	0	0	0	0	0	0	0	1	0	0	0	0	0	0	0	0
14497	31 Jul 25	13:41:00	1	0	53	0	Ct	0	1	0	1	0	0	0	0	0	0	0	1	0	0	0	0	0	0	0	0	0	0	0	0	0	0	0	0	0	0	0	0	1	1
14498	31 Jul 25	13:42:00	1	0	53	0	Ct	0	1	0	0	0	0	0	0	0	0	0	0	0	0	0	0	0	1	0	0	0	0	0	0	0	0	0	0	0	0	0	0	0	0
14499	31 Jul 25	13:43:00	1	0	53	0	Ct	0	1	0	0	0	0	0	0	0	0	0	0	0	0	0	0	0	0	0	0	0	0	0	0	0	0	0	0	0	0	0	0	0	0
14500	31 Jul 25	13:44:00	1	0	53	0	Ct	0	1	0	1	0	0	0	0	0	0	0	0	0	0	0	0	0	0	0	0	0	0	0	0	0	0	0	0	0	0	0	0	1	0
14501	31 Jul 25	13:45:00	1	0	53	0	Ct	0	1	0	1	0	0	0	0	0	0	0	0	0	0	0	0	0	0	0	0	0	0	0	0	0	0	0	0	0	0	0	0	0	0
14502	31 Jul 25	13:46:00	1	0	53	0	Ct	0	1	0	2	0	0	0	1	0	0	0	0	2	0	0	0	0	0	0	0	0	0	0	0	0	0	0	0	0	0	0	0	0	0
14503	31 Jul 25	13:47:00	1	0	53	0	Ct	0	1	0	2	0	0	0	0	2	0	0	0	0	0	0	0	0	0	0	0	0	0	0	0	0	1	0	0	0	0	0	0	0	0
14504	31 Jul 25	13:48:00	1	0	53	0	Ct	0	1	0	0	0	0	0	1	0	0	0	1	0	0	0	0	0	0	0	0	0	0	0	0	0	0	0	0	0	0	0	0	0	1
14505	31 Jul 25	13:49:00	1	0	53	0	Ct	0	1	0	1	0	0	0	0	0	0	0	0	0	0	0	0	0	0	0	0	0	0	0	0	0	1	0	0	0	0	0	0	0	0
14506	31 Jul 25	13:50:00	1	0	53	0	Ct	0	1	0	2	0	0	0	0	0	0	0	0	0	0	1	0	0	0	0	0	0	0	0	0	0	0	0	0	0	0	0	0	3	1
14507	31 Jul 25	13:51:00	1	0	53	0	Ct	0	1	0	0	0	0	0	0	0	0	0	0	0	0	0	0	0	0	0	0	0	0	0	0	0	0	0	0	0	0	0	0	2	0
14508	31 Jul 25	13:52:00	1	0	53	0	Ct	0	1	1	0	0	0	0	1	0	1	0	0	0	0	0	0	0	0	0	0	0	0	0	0	0	0	0	0	0	0	0	0	0	0
14509	31 Jul 25	13:53:00	1	0	53	0	Ct	0	1	0	0	0	0	0	1	0	0	0	0	1	0	0	0	0	0	0	0	0	0	0	0	0	0	0	0	0	0	0	0	0	0
14510	31 Jul 25	13:54:00	1	0	53	0	Ct	0	1	1	1	0	0	0	0	0	3	0	0	0	0	0	0	0	0	0	0	0	0	0	0	0	0	0	0	0	0	0	0	0	1
14511	31 Jul 25	13:55:00	1	0	53	0	Ct	0	1	0	0	0	0	0	0	0	2	0	0	1	0	0	0	0	0	0	0	0	0	0	0	0	0	0	0	0	0	0	0	0	0
14512	31 Jul 25	13:56:00	1	0	53	0	Ct	0	1	0	0	0	0	0	0	0	0	0	0	0	0	1	0	0	0	0	0	0	0	0	0	0	0	0	0	0	0	0	0	0	0
14513	31 Jul 25	13:57:00	1	0	53	0	Ct	0	1	0	0	0	0	0	1	0	0	0	0	0	0	0	0	0	0	0	0	0	0	0	0	0	2	0	0	0	0	0	0	0	0
14514	31 Jul 25	13:58:00	1	0	53	0	Ct	0	1	0	1	0	0	0	1	0	0	0	1	0	0	0	0	0	0	0	0	0	0	0	0	0	1	0	0	0	0	0	0	0	0
14515	31 Jul 25	13:59:00	1	0	53	0	Ct	0	1	0	0	0	0	0	1	0	0	0	0	0	0	0	0	0	0	0	0	0	0	0	0	0	0	0	0	0	0	0	0	0	0
14516	31 Jul 25	14:00:00	1	0	53	0	Ct	0	1	0	1	0	0	0	0	0	0	0	0	0	0	0	0	0	0	0	0	0	0	0	0	0	1	0	0	0	0	0	0	0	1
14517	31 Jul 25	14:01:00	1	0	53	0	Ct	0	1	0	1	0	0	0	1	0	2	0	0	0	0	0	0	0	0	0	0	0	0	0	0	0	0	0	0	0	0	0	0	0	0
14518	31 Jul 25	14:02:00	1	0	53	0	Ct	0	1	1	0	0	0	0	0	0	1	0	0	0	0	0	0	0	0	0	0	0	0	0	0	0	0	0	0	0	0	0	0	0	1
14519	31 Jul 25	14:03:00	1	0	53	0	Ct	0	1	0	0	0	0	0	1	0	2	0	1	0	0	0	0	0	0	0	0	0	0	0	0	0	0	0	0	0	0	0	0	1	0
14520	31 Jul 25	14:04:00	1	0	53	0	Ct	0	1	0	0	0	0	0	1	0	1	0	0	0	0	4	0	0	0	0	0	0	0	0	0	0	0	0	0	0	0	0	0	0	0
14521	31 Jul 25	14:05:00	1	0	53	0	Ct	0	1	0	0	0	0	0	0	0	0	0	0	0	0	4	0	0	0	0	0	0	0	0	0	0	0	0	0	0	0	0	0	2	0
14522	31 Jul 25	14:06:00	1	0	53	0	Ct	0	1	0	0	0	0	0	0	0	0	0	0	0	0	0	0	0	0	0	0	0	0	0	0	0	1	0	0	0	0	0	0	2	0
14523	31 Jul 25	14:07:00	1	0	53	0	Ct	0	1	0	0	0	0	0	0	0	0	0	0	0	0	0	0	0	0	0	0	0	0	0	0	0	0	0	0	0	0	0	0	2	0
14524	31 Jul 25	14:08:00	1	0	53	0	Ct	0	1	0	0	0	0	0	1	0	0	3	0	0	0	0	0	0	1	0	0	0	0	0	0	0	1	0	0	0	0	0	0	2	0
14525	31 Jul 25	14:09:00	1	0	53	0	Ct	0	1	0	1	0	0	0	1	0	0	0	0	0	0	0	0	0	0	0	0	0	0	0	0	0	0	0	0	0	0	0	0	2	0
14526	31 Jul 25	14:10:00	1	0	53	0	Ct	0	1	0	1	0	0	0	0	1	0	0	0	0	0	3	0	0	1	0	0	0	0	0	0	0	0	0	0	0	0	0	0	2	0
14527	31 Jul 25	14:11:00	1	0	53	0	Ct	0	1	0	0	0	0	0	0	0	3	0	0	0	0	0	0	0	0	0	0	0	0	0	0	0	0	0	0	0	0	0	0	0	0
14528	31 Jul 25	14:12:00	1	0	53	0	Ct	0	1	0	0	0	0	0	0	0	0	0	0	0	0	0	0	1	0	0	0	0	0	0	0	0	0	0	0	0	0	0	0	1	0
14529	31 Jul 25	14:13:00	1	0	53	0	Ct	0	1	7	1	0	0	0	1	0	2	0	0	0	0	0	0	0	0	0	0	0	0	0	0	0	1	0	0	0	0	0	0	0	1
14530	31 Jul 25	14:14:00	1	0	53	0	Ct	0	1	0	0	0	0	0	0	0	1	0	3	2	0	1	0	0	0	0	0	0	0	0	0	0	0	0	0	0	0	0	0	0	0
14531	31 Jul 25	14:15:00	1	0	53	0	Ct	0	1	2	1	0	0	0	0	0	0	0	0	0	0	0	0	0	0	0	0	0	0	0	0	0	0	0	0	0	0	0	0	2	0
14532	31 Jul 25	14:16:00	1	0	53	0	Ct	0	1	2	0	0	0	0	0	0	1	0	0	0	0	0	0	0	0	0	0	0	0	0	0	0	0	0	0	0	0	0	0	1	0
14533	31 Jul 25	14:17:00	1	0	53	0	Ct	0	1	0	2	0	0	0	0	0	2	0	0	0	0	0	0	0	0	0	0	0	0	0	0	0	1	0	0	0	0	0	0	2	0
14534	31 Jul 25	14:18:00	1	0	53	0	Ct	0	1	0	1	0	0	0	0	0	1	0	0	0	0	0	0	0	0	0	0	0	0	0	0	0	0	0	0	0	0	0	0	0	0
14535	31 Jul 25	14:19:00	1	0	53	0	Ct	0	1	0	0	0	0	0	0	0	1	0	0	0	0	0	0	0	0	0	0	0	0	0	0	0	3	0	0	0	0	0	0	1	0
14536	31 Jul 25	14:20:00	1	0	53	0	Ct	0	1	0	1	0	0	0	0	0	0	0	3	0	0	0	0	0	0	0	0	0	0	0	0	0	0	0	0	0	0	0	0	0	0
14537	31 Jul 25	14:21:00	1	0	53	0	Ct	0	1	0	0	0	0	0	0	0	0	0	0	0	0	0	0	0	1	0	0	0	0	0	0	0	0	0	0	0	0	0	0	0	0
14538	31 Jul 25	14:22:00	1	0	53	0	Ct	0	1	0	0	0	0	0	1	0	2	0	0	0	0	0	0	1	0	0	0	0	0	0	0	0	0	0	0	0	0	0	0	0	0
14539	31 Jul 25	14:23:00	1	0	53	0	Ct	0	1	0	0	0	0	0	0	0	0	0	1	0	0	0	0	0	0	0	0	0	0	0	0	0	0	0	0	0	0	0	0	0	0
14540	31 Jul 25	14:24:00	1	0	53	0	Ct	0	1	0	0	1	0	0	2	2	0	0	0	0	0	0	0	0	1	0	0	0	0	0	0	0	1	0	0	0	0	0	0	0	0
14541	31 Jul 25	14:25:00	1	0	53	0	Ct	0	1	0	0	0	0	0	0	0	0	0	0	0	0	0	0	0	0	0	0	0	0	0	0	0	1	0	0	0	0	0	0	0	0
14542	31 Jul 25	14:26:00	1	0	53	0	Ct	0	1	0	1	0	0	0	3	0	0	0	0	0	0	0	0	0	1	0	0	0	0	0	0	0	0	0	0	0	0	0	0	0	1
14543	31 Jul 25	14:27:00	1	0	53	0	Ct	0	1	0	0	0	1	0	0	0	0	0	0	0	0	0	0	0	0	0	0	0	0	0	0	0	0	0	0	0	0	0	0	4	0
14544	31 Jul 25	14:28:00	1	0	53	0	Ct	0	1	0	2	1	0	0	1	0	1	0	0	1	0	0	0	0	0	0	0	0	0	0	0	0	0	0	0	0	0	0	0	1	1
14545	31 Jul 25	14:29:00	1	0	53	0	Ct	0	1	0	0	0	0	0	1	0	1	0	0	0	0	3	0	0	0	0	0	0	0	0	0	0	0	0	0	0	0	0	0	2	0
14546	31 Jul 25	14:30:00	1	0	53	0	Ct	0	1	0	2	0	0	0	0	0	0	0	0	0	0	0	0	0	3	0	0	0	0	0	0	0	0	0	0	0	0	0	0	1	0
14547	31 Jul 25	14:31:00	1	0	53	0	Ct	0	1	0	0	0	0	0	1	0	1	0	1	0	0	1	0	0	0	0	0	0	0	0	0	0	0	0	0	0	0	0	0	2	0
14548	31 Jul 25	14:32:00	1	0	53	0	Ct	0	1	0	1	0	0	0	0	0	1	0	0	0	0	0	0	0	0	0	0	0	0	0	0	0	0	0	0	0	0	0	0	3	0
14549	31 Jul 25	14:33:00	1	0	53	0	Ct	0	1	0	0	0	0	0	0	0	1	0	0	0	0	2	0	0	0	0	0	0	0	0	0	0	0	0	0	0	0	0	0	2	0
14550	31 Jul 25	14:34:00	1	0	53	0	Ct	0	1	0	1	0	0	0	0	2	1	0	1	0	0	0	0	0	0	0	0	0	0	0	0	0	0	0	0	0	0	0	0	1	0
14551	31 Jul 25	14:35:00	1	0	53	0	Ct	0	1	0	1	0	0	0	0	0	1	0	0	0	0	0	0	0	0	0	0	0	0	0	0	0	0	0	0	0	0	0	0	3	0
14552	31 Jul 25	14:36:00	1	0	53	0	Ct	0	1	0	0	0	0	0	0	0	0	0	0	0	0	0	0	0	0	0	0	0	0	0	0	0	0	0	0	0	0	0	0	1	0
14553	31 Jul 25	14:37:00	1	0	53	0	Ct	0	1	0	0	0	0	0	0	0	0	0	0	0	0	0	0	0	0	0	0	0	0	0	0	0	1	0	0	0	0	0	0	0	0
14554	31 Jul 25	14:38:00	1	0	53	0	Ct	0	1	0	0	0	0	0	0	0	0	0	0	0	0	0	0	0	0	0	0	0	0	0	0	0	0	0	1	0	0	0	0	0	0
14555	31 Jul 25	14:39:00	1	0	53	0	Ct	0	1	0	0	0	0	0	1	0	0	0	0	0	0	0	0	0	0	0	0	0	0	0	0	0	1	0	0	0	0	0	0	0	0
14556	31 Jul 25	14:40:00	1	0	53	0	Ct	0	1	0	1	0	0	0	0	0	1	0	0	0	0	0	0	0	0	0	0	0	0	0	0	0	0	0	0	0	0	0	0	0	0
14557	31 Jul 25	14:41:00	1	0	53	0	Ct	0	1	0	1	0	0	0	1	0	0	0	0	0	0	0	0	0	0	0	0	0	0	1	0	0	0	0	0	0	0	0	0	1	0
14558	31 Jul 25	14:42:00	1	0	53	0	Ct	0	1	0	2	0	0	0	0	0	1	0	0	0	0	0	0	0	0	0	0	0	0	1	0	0	0	0	0	0	0	0	0	1	1
14559	31 Jul 25	14:43:00	1	0	53	0	Ct	0	1	0	2	0	0	0	0	0	0	0	0	0	0	0	0	0	0	0	0	0	0	0	0	0	1	0	0	0	0	0	0	0	0
14560	31 Jul 25	14:44:00	1	0	53	0	Ct	0	1	0	0	0	0	0	0	0	0	0	0	0	0	3	0	0	1	0	0	0	0	0	0	0	0	0	0	0	0	0	0	1	0
14561	31 Jul 25	14:45:00	1	0	53	0	Ct	0	1	0	1	0	0	0	0	0	1	0	0	0	0	0	0	0	0	0	0	0	0	0	0	0	0	0	0	0	0	0	0	0	0
14562	31 Jul 25	14:46:00	1	0	53	0	Ct	0	1	0	0	0	1	0	0	0	0	0	0	0	0	3	0	0	0	0	0	0	0	0	0	0	0	0	0	0	0	0	0	1	0
14563	31 Jul 25	14:47:00	1	0	53	0	Ct	0	1	0	0	0	0	0	2	0	1	0	0	0	0	0	0	0	0	0	0	0	0	2	0	0	0	0	0	0	0	0	0	0	1
14564	31 Jul 25	14:48:00	1	0	53	0	Ct	0	1	0	2	0	0	0	0	0	0	0	0	0	0	0	1	0	0	0	0	0	0	0	0	0	0	0	0	0	0	0	0	0	0
14565	31 Jul 25	14:49:00	1	0	53	0	Ct	0	1	0	1	0	0	0	0	0	2	0	3	0	0	0	0	0	0	0	0	0	0	0	0	0	0	0	0	0	0	0	0	0	0
14566	31 Jul 25	14:50:00	1	0	53	0	Ct	0	1	0	0	0	0	0	0	0	0	0	0	0	0	0	0	0	0	0	0	0	0	0	0	0	0	0	0	0	0	0	0	0	1
14567	31 Jul 25	14:51:00	1	0	53	0	Ct	0	1	1	0	0	1	0	0	0	0	0	1	0	0	0	0	0	0	0	0	0	0	0	0	0	0	0	0	0	0	0	0	1	0
14568	31 Jul 25	14:52:00	1	0	53	0	Ct	0	1	0	1	0	0	0	1	0	2	0	0	0	1	0	0	0	0	0	0	0	0	0	0	0	0	0	0	0	0	0	0	1	0
14569	31 Jul 25	14:53:00	1	0	53	0	Ct	0	1	0	0	0	0	0	0	0	0	0	0	0	0	0	0	0	0	0	0	0	0	0	0	0	0	0	0	0	0	0	0	1	1
14570	31 Jul 25	14:54:00	1	0	53	0	Ct	0	1	0	0	0	0	0	0	0	0	0	0	0	0	0	0	0	0	0	0	0	0	0	0	0	0	0	0	0	0	0	0	0	0
14571	31 Jul 25	14:55:00	1	0	53	0	Ct	0	1	0	0	0	0	0	1	0	0	0	0	0	0	0	0	0	0	0	0	0	0	2	0	0	0	0	0	0	0	0	0	1	1
14572	31 Jul 25	14:56:00	1	0	53	0	Ct	0	1	0	2	0	0	0	0	1	0	0	0	0	0	0	0	0	1	0	0	0	0	0	0	0	0	0	0	0	0	0	0	0	0
14573	31 Jul 25	14:57:00	1	0	53	0	Ct	0	1	0	0	0	0	0	0	0	0	0	0	0	0	0	0	0	0	0	0	0	0	1	0	0	0	0	0	0	0	0	0	1	1
14574	31 Jul 25	14:58:00	1	0	53	0	Ct	0	1	0	1	0	0	0	0	0	0	0	0	1	0	0	0	0	0	0	0	0	0	0	0	0	0	0	0	0	0	0	0	0	0
14575	31 Jul 25	14:59:00	1	0	53	0	Ct	0	1	0	0	0	0	0	0	1	0	0	0	1	0	0	0	0	0	0	0	0	0	0	0	0	0	0	0	0	0	0	0	0	0
14576	31 Jul 25	15:00:00	1	0	53	0	Ct	0	1	0	2	0	0	0	0	0	1	0	0	0	0	0	0	0	1	0	0	0	0	0	1	0	0	0	0	0	0	0	0	0	0
14577	31 Jul 25	15:01:00	1	0	53	0	Ct	0	1	0	0	0	0	0	0	0	1	0	0	0	0	0	0	0	0	0	0	0	0	0	2	0	0	0	0	0	0	0	0	0	0
14578	31 Jul 25	15:02:00	1	0	53	0	Ct	0	1	0	1	0	0	0	0	0	0	0	0	0	0	0	0	0	1	0	0	0	0	0	0	0	0	0	0	0	0	0	0	0	0
14579	31 Jul 25	15:03:00	1	0	53	0	Ct	0	1	2	0	0	0	0	0	0	0	0	0	0	0	0	0	0	0	0	0	0	0	0	0	0	0	0	0	0	0	0	0	0	0
14580	31 Jul 25	15:04:00	1	0	53	0	Ct	0	1	0	0	0	0	0	2	0	0	0	1	0	0	0	0	0	0	0	0	0	0	1	0	0	0	0	0	0	0	0	0	0	0
14581	31 Jul 25	15:05:00	1	0	53	0	Ct	0	1	0	2	0	0	0	0	1	0	0	0	0	0	0	0	0	0	0	0	0	0	1	0	0	0	0	0	0	0	0	0	0	0
14582	31 Jul 25	15:06:00	1	0	53	0	Ct	0	1	0	1	0	0	0	1	0	0	0	0	0	0	0	0	0	0	0	0	0	0	0	0	0	0	0	0	0	0	0	0	1	0
14583	31 Jul 25	15:07:00	1	0	53	0	Ct	0	1	0	1	0	0	0	0	0	0	0	0	1	0	0	0	0	0	0	0	0	0	0	0	0	0	0	0	0	0	0	0	0	0
14584	31 Jul 25	15:08:00	1	0	53	0	Ct	0	1	1	0	0	0	0	1	0	0	0	0	0	0	2	0	0	0	0	0	0	0	1	0	0	0	0	0	0	0	0	0	1	0
14585	31 Jul 25	15:09:00	1	0	53	0	Ct	0	1	0	0	0	0	0	1	1	0	0	2	0	0	1	0	0	0	0	0	0	0	0	0	0	0	0	0	0	0	0	0	2	0
14586	31 Jul 25	15:10:00	1	0	53	0	Ct	0	1	0	0	0	0	0	0	0	1	0	0	0	0	2	0	0	0	0	0	0	0	1	0	0	1	0	0	0	0	0	0	1	0
14587	31 Jul 25	15:11:00	1	0	53	0	Ct	0	1	0	1	0	0	0	0	0	1	0	0	0	0	0	2	0	0	0	0	0	0	0	0	0	0	0	0	0	0	0	0	0	0
14588	31 Jul 25	15:12:00	1	0	53	0	Ct	0	1	0	0	0	0	0	0	0	0	0	0	0	0	0	1	0	0	0	0	0	0	0	0	0	0	0	0	0	0	0	0	0	0
14589	31 Jul 25	15:13:00	1	0	53	0	Ct	0	1	2	0	0	0	0	1	2	3	0	0	0	0	2	0	0	0	0	0	0	0	0	0	0	0	0	0	0	0	0	0	3	0
14590	31 Jul 25	15:14:00	1	0	53	0	Ct	0	1	0	0	0	0	0	0	0	1	0	0	0	0	1	0	0	0	0	0	0	0	1	0	0	0	0	0	0	0	0	0	2	0
14591	31 Jul 25	15:15:00	1	0	53	0	Ct	0	1	0	1	0	0	2	0	0	0	0	0	0	0	0	0	0	1	0	0	0	0	1	0	0	0	0	0	0	0	0	0	0	0
14592	31 Jul 25	15:16:00	1	0	53	0	Ct	0	1	0	0	0	0	0	0	0	0	0	0	0	0	2	0	0	1	0	0	0	0	0	0	0	0	0	0	0	0	0	0	0	1
14593	31 Jul 25	15:17:00	1	0	53	0	Ct	0	1	0	0	0	0	0	0	0	0	0	0	0	0	0	0	0	0	0	0	0	0	0	0	0	0	0	0	0	0	0	0	1	0
14594	31 Jul 25	15:18:00	1	0	53	0	Ct	0	1	0	0	0	0	0	0	0	0	0	0	0	0	0	1	0	1	0	0	0	0	0	0	0	0	0	0	0	0	0	0	1	0
14595	31 Jul 25	15:19:00	1	0	53	0	Ct	0	1	0	0	0	0	0	0	0	0	0	0	0	0	1	0	0	0	0	0	0	0	1	0	0	0	0	0	0	0	0	0	1	0
14596	31 Jul 25	15:20:00	1	0	53	0	Ct	0	1	0	1	0	0	0	1	1	0	0	0	0	0	1	0	0	0	0	0	0	0	1	0	0	0	0	0	0	0	0	0	3	0
14597	31 Jul 25	15:21:00	1	0	53	0	Ct	0	1	0	0	0	0	0	1	0	0	0	1	0	0	0	1	0	0	0	0	0	0	0	0	0	0	0	0	0	0	0	0	1	0
14598	31 Jul 25	15:22:00	1	0	53	0	Ct	0	1	0	1	0	0	0	0	0	0	0	0	0	0	1	0	0	0	0	0	0	0	1	0	0	1	0	0	0	0	0	0	1	0
14599	31 Jul 25	15:23:00	1	0	53	0	Ct	0	1	0	0	0	0	1	2	1	0	0	0	0	0	2	0	0	0	0	0	0	0	0	0	0	0	0	0	0	0	0	0	2	0
14600	31 Jul 25	15:24:00	1	0	53	0	Ct	0	1	0	1	0	0	0	0	0	0	0	1	0	0	3	0	0	0	0	0	0	0	0	0	0	0	0	0	0	0	0	0	0	1
14601	31 Jul 25	15:25:00	1	0	53	0	Ct	0	1	0	0	0	0	0	0	1	0	0	0	0	0	0	0	0	0	0	0	0	0	0	0	0	0	0	0	0	0	0	0	0	0
14602	31 Jul 25	15:26:00	1	0	53	0	Ct	0	1	0	0	0	0	0	0	0	0	0	0	0	0	0	0	0	0	0	0	0	0	0	0	0	0	0	0	0	0	0	0	3	0
14603	31 Jul 25	15:27:00	1	0	53	0	Ct	0	1	0	0	0	0	0	0	1	0	0	0	0	0	0	1	0	0	0	0	0	0	1	0	0	0	0	0	0	0	0	0	0	0
14604	31 Jul 25	15:28:00	1	0	53	0	Ct	0	1	0	3	0	0	0	0	1	1	0	0	0	0	0	0	0	0	0	0	0	0	1	0	0	0	0	0	0	0	0	0	1	0
14605	31 Jul 25	15:29:00	1	0	53	0	Ct	0	1	0	0	0	0	0	0	0	0	0	0	0	0	1	1	0	0	0	0	0	0	4	0	0	0	0	0	0	0	0	0	0	2
14606	31 Jul 25	15:30:00	1	0	53	0	Ct	0	1	0	2	0	0	0	0	2	0	0	0	0	0	1	0	0	0	0	0	0	0	0	0	0	0	0	0	0	0	0	0	1	0
14607	31 Jul 25	15:31:00	1	0	53	0	Ct	0	1	0	0	0	0	0	0	1	3	0	1	0	0	0	3	0	0	0	0	0	0	0	0	0	1	0	0	0	0	0	0	6	0
14608	31 Jul 25	15:32:00	1	0	53	0	Ct	0	1	1	0	0	0	0	0	0	0	0	0	0	0	1	0	0	0	0	0	0	0	1	0	0	0	0	0	0	0	0	0	2	1
14609	31 Jul 25	15:33:00	1	0	53	0	Ct	0	1	0	0	0	0	0	0	0	0	0	0	0	0	1	2	0	0	0	0	0	0	1	0	0	0	0	0	0	0	0	0	0	0
14610	31 Jul 25	15:34:00	1	0	53	0	Ct	0	1	0	0	0	1	0	0	0	0	0	0	0	0	0	2	0	0	0	0	0	0	0	0	0	2	0	0	0	0	0	0	1	1
14611	31 Jul 25	15:35:00	1	0	53	0	Ct	0	1	0	1	0	1	1	1	0	0	0	0	0	0	0	0	0	0	0	0	0	0	0	0	0	1	0	0	0	0	0	0	2	0
14612	31 Jul 25	15:36:00	1	0	53	0	Ct	0	1	0	1	0	0	0	1	0	0	2	0	0	0	0	2	0	0	0	0	0	0	0	0	0	1	0	0	0	0	0	0	1	0
14613	31 Jul 25	15:37:00	1	0	53	0	Ct	0	1	2	1	1	0	0	0	0	2	2	1	0	0	1	0	0	0	0	0	0	0	1	0	0	0	0	0	0	0	0	0	1	0
14614	31 Jul 25	15:38:00	1	0	53	0	Ct	0	1	1	0	0	0	0	0	0	2	0	0	0	0	1	0	0	0	0	0	0	0	0	0	0	0	0	0	0	0	0	0	1	0
14615	31 Jul 25	15:39:00	1	0	53	0	Ct	0	1	1	2	0	0	0	0	0	2	0	0	0	0	0	0	0	1	0	0	0	0	0	0	0	1	0	0	0	0	0	0	0	0
14616	31 Jul 25	15:40:00	1	0	53	0	Ct	0	1	2	0	0	0	0	0	0	1	0	0	0	0	1	2	0	0	0	0	0	0	0	0	0	0	0	0	0	0	0	0	1	0
14617	31 Jul 25	15:41:00	1	0	53	0	Ct	0	1	1	0	0	0	0	0	0	0	0	0	0	0	2	0	0	0	0	0	0	0	0	0	0	0	0	0	0	0	0	0	0	0
14618	31 Jul 25	15:42:00	1	0	53	0	Ct	0	1	0	0	0	0	0	0	0	0	0	0	1	0	1	2	0	0	0	0	0	0	0	0	0	0	0	0	0	0	0	0	4	0
14619	31 Jul 25	15:43:00	1	0	53	0	Ct	0	1	0	1	0	0	0	0	0	0	0	0	0	0	0	1	0	0	0	0	0	0	0	0	0	1	0	0	0	0	0	0	0	0
14620	31 Jul 25	15:44:00	1	0	53	0	Ct	0	1	1	0	0	0	0	0	0	0	0	1	0	0	2	3	0	0	0	0	0	0	0	0	0	0	0	0	0	0	0	0	1	0
14621	31 Jul 25	15:45:00	1	0	53	0	Ct	0	1	0	0	0	0	0	1	0	0	0	0	0	0	2	0	0	0	0	0	0	0	0	0	0	0	0	0	0	0	0	0	1	1
14622	31 Jul 25	15:46:00	1	0	53	0	Ct	0	1	0	0	0	0	1	0	0	0	0	1	0	0	1	0	0	1	0	0	0	0	0	0	0	1	0	0	0	0	0	0	0	0
14623	31 Jul 25	15:47:00	1	0	53	0	Ct	0	1	0	0	0	2	0	1	0	1	0	0	0	0	2	0	0	0	0	0	0	0	1	0	0	0	0	0	0	0	0	0	2	1
14624	31 Jul 25	15:48:00	1	0	53	0	Ct	0	1	0	1	0	0	0	0	0	2	0	1	0	0	1	2	0	0	0	0	0	0	0	0	0	0	0	0	0	0	0	0	0	0
14625	31 Jul 25	15:49:00	1	0	53	0	Ct	0	1	0	0	0	1	0	0	0	0	0	0	0	0	0	1	0	0	0	1	0	1	0	0	0	0	0	0	0	0	0	0	1	0
14626	31 Jul 25	15:50:00	1	0	53	0	Ct	0	1	0	0	0	0	0	0	0	0	0	0	1	0	0	2	0	0	0	0	2	0	0	0	0	0	0	0	0	0	0	0	0	0
14627	31 Jul 25	15:51:00	1	0	53	0	Ct	0	1	0	0	0	1	1	0	0	1	0	0	0	0	0	0	0	0	0	1	0	2	1	0	0	0	0	0	0	0	0	0	0	0
14628	31 Jul 25	15:52:00	1	0	53	0	Ct	0	1	0	4	0	1	0	0	0	0	0	0	5	0	0	2	0	0	0	0	1	0	1	0	0	1	0	0	0	0	0	0	0	0
14629	31 Jul 25	15:53:00	1	0	53	0	Ct	0	1	0	2	0	1	0	0	0	1	1	0	0	0	1	0	0	0	0	0	0	0	2	0	0	1	0	0	0	0	0	0	1	0
14630	31 Jul 25	15:54:00	1	0	53	0	Ct	0	1	0	1	0	0	0	0	0	0	0	0	0	0	1	1	0	0	0	0	0	0	0	0	0	0	0	0	0	0	0	0	0	0
14631	31 Jul 25	15:55:00	1	0	53	0	Ct	0	1	0	0	0	2	0	1	0	0	0	0	0	0	1	1	0	0	0	0	0	0	0	0	0	0	0	0	0	0	0	0	0	1
14632	31 Jul 25	15:56:00	1	0	53	0	Ct	0	1	0	0	0	0	0	0	0	0	0	0	0	0	2	2	0	1	0	0	0	0	1	0	0	0	0	0	0	0	0	0	1	0
14633	31 Jul 25	15:57:00	1	0	53	0	Ct	0	1	0	0	0	2	0	1	0	0	0	0	3	0	0	1	0	1	0	0	0	0	0	0	0	0	0	0	0	0	0	0	0	0
14634	31 Jul 25	15:58:00	1	0	53	0	Ct	0	1	0	1	0	1	0	0	0	1	0	0	0	0	0	0	0	0	0	0	0	0	1	0	0	0	0	0	0	0	0	0	0	0
14635	31 Jul 25	15:59:00	1	0	53	0	Ct	0	1	0	1	0	0	0	0	2	1	0	0	0	0	1	0	0	0	0	0	0	0	0	0	0	1	0	0	0	0	0	0	0	1
14636	31 Jul 25	16:00:00	1	0	53	0	Ct	0	1	0	0	0	0	0	2	0	0	0	0	0	0	1	1	0	0	0	0	0	0	2	0	0	0	0	0	0	0	0	0	6	0
14637	31 Jul 25	16:01:00	1	0	53	0	Ct	0	1	0	0	1	0	0	0	0	0	3	0	0	0	1	2	0	0	0	0	0	0	1	0	0	0	0	0	0	0	0	0	1	0
14638	31 Jul 25	16:02:00	1	0	53	0	Ct	0	1	0	1	0	0	0	0	0	0	0	1	0	0	1	2	0	2	0	0	0	0	0	0	0	0	0	0	0	0	0	0	0	0
14639	31 Jul 25	16:03:00	1	0	53	0	Ct	0	1	0	1	1	0	0	0	0	2	0	0	0	0	2	2	0	2	0	0	0	0	1	1	0	0	0	0	0	0	0	0	1	2
14640	31 Jul 25	16:04:00	1	0	53	0	Ct	0	1	0	1	0	0	0	2	0	0	0	0	1	0	1	0	0	0	0	0	0	0	1	0	0	0	0	0	0	0	0	0	1	0
14641	31 Jul 25	16:05:00	1	0	53	0	Ct	0	1	0	1	0	1	0	0	0	0	0	0	0	0	0	0	0	0	0	0	0	0	0	1	0	0	1	1	0	0	0	0	0	0
14642	31 Jul 25	16:06:00	1	0	53	0	Ct	0	1	0	1	0	0	2	0	1	0	1	0	0	0	1	0	0	0	0	0	0	0	1	0	0	1	0	1	0	0	0	0	1	0
14643	31 Jul 25	16:07:00	1	0	53	0	Ct	0	1	0	0	0	1	0	0	0	0	0	0	0	0	0	2	0	0	0	0	0	0	0	0	0	1	0	0	0	0	0	0	1	0
14644	31 Jul 25	16:08:00	1	0	53	0	Ct	0	1	0	0	0	1	0	0	0	0	0	0	0	0	1	1	0	0	0	0	0	0	0	0	0	0	0	0	0	0	0	0	1	1
14645	31 Jul 25	16:09:00	1	0	53	0	Ct	0	1	0	0	0	0	0	0	1	0	1	3	0	1	0	0	0	0	0	0	0	0	0	0	0	0	2	0	0	0	0	0	1	0
14646	31 Jul 25	16:10:00	1	0	53	0	Ct	0	1	0	0	0	1	0	1	1	1	0	1	0	0	1	0	0	0	0	0	0	0	2	0	0	2	0	0	0	0	0	0	1	0
14647	31 Jul 25	16:11:00	1	0	53	0	Ct	0	1	0	0	0	0	0	0	1	0	0	0	0	0	0	1	0	0	0	0	0	0	0	0	0	0	0	0	0	0	0	0	0	0
14648	31 Jul 25	16:12:00	1	0	53	0	Ct	0	1	1	0	0	0	0	0	1	0	1	0	0	0	0	2	0	0	0	0	0	0	1	0	0	0	0	0	0	0	0	0	0	0
14649	31 Jul 25	16:13:00	1	0	53	0	Ct	0	1	0	0	0	1	0	0	0	1	0	1	0	0	0	0	0	0	0	0	0	0	1	0	0	0	0	0	0	0	0	0	0	0
14650	31 Jul 25	16:14:00	1	0	53	0	Ct	0	1	0	0	0	0	1	0	0	0	1	0	0	0	1	0	0	0	0	0	0	0	1	0	0	1	0	0	0	0	0	0	2	0
14651	31 Jul 25	16:15:00	1	0	53	0	Ct	0	1	0	1	0	0	0	0	0	1	0	0	0	0	0	0	0	0	0	0	0	0	1	0	0	0	0	0	0	0	0	0	0	0
14652	31 Jul 25	16:16:00	1	0	53	0	Ct	0	1	0	1	0	1	0	0	1	0	0	0	1	0	0	0	0	0	0	0	0	0	0	0	0	0	0	0	0	0	0	0	1	0
14653	31 Jul 25	16:17:00	1	0	53	0	Ct	0	1	0	2	0	1	0	0	0	0	0	0	0	0	1	1	0	0	0	0	0	0	0	0	0	0	0	0	0	0	0	0	0	0
14654	31 Jul 25	16:18:00	1	0	53	0	Ct	0	1	0	0	0	1	0	1	1	0	0	0	0	2	1	0	0	0	0	0	0	0	0	0	0	0	0	0	0	0	0	0	0	0
14655	31 Jul 25	16:19:00	1	0	53	0	Ct	0	1	0	1	0	1	0	0	0	0	0	0	2	0	0	3	0	0	0	0	0	0	0	0	0	0	0	0	0	0	0	0	1	0
14656	31 Jul 25	16:20:00	1	0	53	0	Ct	0	1	0	0	0	0	0	0	3	0	1	0	2	0	0	0	0	0	0	0	0	0	0	0	0	0	0	0	0	0	0	0	0	0
14657	31 Jul 25	16:21:00	1	0	53	0	Ct	0	1	0	1	0	0	0	1	0	0	13	0	0	0	0	2	0	0	0	0	0	0	0	0	0	0	0	0	0	0	0	0	0	0
14658	31 Jul 25	16:22:00	1	0	53	0	Ct	0	1	0	3	0	0	0	0	0	0	1	0	0	1	1	1	0	0	0	0	0	0	0	0	0	0	0	0	0	0	0	0	0	0
14659	31 Jul 25	16:23:00	1	0	53	0	Ct	0	1	0	0	0	1	0	0	0	0	0	1	0	0	2	0	0	0	0	0	0	0	0	0	0	1	0	0	0	0	0	0	0	0
14660	31 Jul 25	16:24:00	1	0	53	0	Ct	0	1	0	2	1	3	0	0	0	0	0	0	1	0	1	2	0	0	0	0	0	0	0	0	0	0	0	0	0	0	0	0	0	0
14661	31 Jul 25	16:25:00	1	0	53	0	Ct	0	1	0	1	0	0	0	0	0	0	2	0	0	0	4	0	0	0	0	0	0	0	1	0	0	1	0	0	0	0	0	0	0	0
14662	31 Jul 25	16:26:00	1	0	53	0	Ct	0	1	0	0	0	1	2	0	1	1	1	0	0	0	2	0	0	0	0	0	0	0	0	0	0	0	0	0	0	0	0	0	0	0
14663	31 Jul 25	16:27:00	1	0	53	0	Ct	0	1	0	2	0	1	2	0	0	0	0	1	0	0	0	0	0	0	0	0	0	0	0	0	0	0	0	1	0	0	0	0	0	0
14664	31 Jul 25	16:28:00	1	0	53	0	Ct	0	1	1	0	0	0	13	1	1	0	2	3	4	0	0	2	0	0	0	0	0	0	1	0	0	1	0	3	0	0	0	0	0	3
14665	31 Jul 25	16:29:00	1	0	53	0	Ct	0	1	0	0	1	2	0	1	2	0	0	0	0	0	1	1	0	0	0	0	0	0	0	0	0	0	0	0	0	0	0	0	0	0
14666	31 Jul 25	16:30:00	1	0	53	0	Ct	0	1	2	1	0	1	0	0	0	0	0	1	0	0	1	2	0	0	0	0	0	0	0	0	0	0	0	0	0	0	0	0	0	0
14667	31 Jul 25	16:31:00	1	0	53	0	Ct	0	1	3	0	0	0	0	1	0	0	0	0	0	0	1	0	0	0	0	0	0	0	1	0	0	0	0	0	0	0	0	0	1	0
14668	31 Jul 25	16:32:00	1	0	53	0	Ct	0	1	2	0	0	0	0	1	0	1	0	0	1	0	2	0	0	0	0	0	1	0	0	0	0	0	0	0	0	0	0	0	0	0
14669	31 Jul 25	16:33:00	1	0	53	0	Ct	0	1	0	1	0	1	0	0	2	0	0	0	0	0	0	1	0	0	0	0	0	0	0	0	0	0	0	1	0	0	0	0	1	0
14670	31 Jul 25	16:34:00	1	0	53	0	Ct	0	1	0	1	0	1	0	0	1	0	5	0	1	0	1	0	0	0	0	0	1	0	1	0	0	0	0	0	0	0	0	0	0	0
14671	31 Jul 25	16:35:00	1	0	53	0	Ct	0	1	0	0	0	0	0	0	2	0	1	0	1	0	1	2	0	0	0	0	1	0	0	0	0	0	0	1	0	0	0	0	0	0
14672	31 Jul 25	16:36:00	1	0	53	0	Ct	0	1	0	1	0	1	0	0	0	1	0	0	2	0	0	1	0	0	0	0	0	0	0	0	0	0	0	0	0	0	0	0	0	0
14673	31 Jul 25	16:37:00	1	0	53	0	Ct	0	1	0	0	0	0	1	0	1	3	0	0	1	0	0	1	0	0	0	0	0	0	2	0	0	2	0	1	0	0	0	0	0	0
14674	31 Jul 25	16:38:00	1	0	53	0	Ct	0	1	0	0	0	0	0	1	0	0	1	0	0	0	0	0	0	0	0	0	0	0	0	0	0	2	0	0	0	0	2	0	0	0
14675	31 Jul 25	16:39:00	1	0	53	0	Ct	0	1	0	0	0	0	0	0	2	0	1	0	1	0	0	0	0	0	0	0	0	0	0	0	0	0	0	1	0	0	0	0	0	0
14676	31 Jul 25	16:40:00	1	0	53	0	Ct	0	1	0	1	0	2	0	1	0	0	1	0	0	0	0	0	0	0	0	0	0	0	0	0	0	0	0	0	0	0	0	0	0	0
14677	31 Jul 25	16:41:00	1	0	53	0	Ct	0	1	0	1	0	1	0	0	0	2	0	0	0	0	0	2	0	0	1	0	0	1	1	0	0	1	0	2	0	0	0	0	0	0
14678	31 Jul 25	16:42:00	1	0	53	0	Ct	0	1	0	0	0	0	0	1	0	0	1	0	1	0	0	0	1	0	0	0	0	0	0	0	0	0	0	1	0	0	0	0	0	0
14679	31 Jul 25	16:43:00	1	0	53	0	Ct	0	1	0	0	0	0	0	0	1	1	2	0	1	0	0	0	0	0	1	0	0	1	1	0	0	0	0	1	0	0	0	0	0	0
14680	31 Jul 25	16:44:00	1	0	53	0	Ct	0	1	0	2	0	0	0	1	1	0	2	0	0	0	2	0	0	0	0	0	0	0	0	0	0	0	0	1	0	0	0	0	0	0
14681	31 Jul 25	16:45:00	1	0	53	0	Ct	0	1	0	1	0	0	1	0	0	0	1	1	1	0	1	0	0	0	0	0	0	0	2	0	0	0	0	0	0	0	0	0	1	0
14682	31 Jul 25	16:46:00	1	0	53	0	Ct	0	1	0	0	0	0	1	0	0	0	1	0	1	0	1	0	0	0	0	0	0	0	1	0	0	0	0	0	0	0	0	0	1	0
14683	31 Jul 25	16:47:00	1	0	53	0	Ct	0	1	0	1	0	0	5	1	0	0	1	0	2	0	1	0	0	0	0	0	0	0	0	0	0	0	0	0	0	0	0	0	0	0
14684	31 Jul 25	16:48:00	1	0	53	0	Ct	0	1	3	0	0	0	0	0	0	0	1	0	1	1	0	0	0	0	0	0	0	0	0	0	0	1	0	0	0	0	0	0	0	0
14685	31 Jul 25	16:49:00	1	0	53	0	Ct	0	1	0	0	0	0	0	1	0	0	1	0	1	1	0	1	0	0	0	0	0	0	0	0	0	0	0	1	0	0	0	0	0	1
14686	31 Jul 25	16:50:00	1	0	53	0	Ct	0	1	3	1	0	0	0	0	2	0	1	0	1	0	1	3	0	0	0	0	0	0	0	0	0	0	0	0	0	0	0	0	0	0
14687	31 Jul 25	16:51:00	1	0	53	0	Ct	0	1	0	1	1	1	2	0	1	0	1	0	0	0	1	1	0	0	0	0	0	0	1	0	0	0	0	1	0	0	0	0	1	0
14688	31 Jul 25	16:52:00	1	0	53	0	Ct	0	1	0	1	0	0	0	0	0	1	1	0	1	0	0	1	0	0	0	0	0	0	0	0	0	2	0	2	0	0	0	0	0	0
14689	31 Jul 25	16:53:00	1	0	53	0	Ct	0	1	2	1	0	2	0	0	0	1	1	0	1	0	1	2	0	0	0	0	0	0	1	0	0	2	0	0	0	0	0	0	1	0
14690	31 Jul 25	16:54:00	1	0	53	0	Ct	0	1	0	2	0	0	0	0	2	1	1	1	0	1	1	3	0	0	0	0	0	0	0	0	0	0	0	1	0	0	0	0	0	0
14691	31 Jul 25	16:55:00	1	0	53	0	Ct	0	1	1	0	1	0	0	0	0	0	2	1	2	2	1	0	0	0	0	0	0	0	0	0	0	1	0	2	0	0	0	0	0	0
14692	31 Jul 25	16:56:00	1	0	53	0	Ct	0	1	2	1	0	1	0	1	0	1	1	0	0	1	1	0	2	0	0	0	0	0	0	0	0	3	0	1	0	0	0	0	0	0
14693	31 Jul 25	16:57:00	1	0	53	0	Ct	0	1	1	1	0	0	2	0	1	0	2	0	1	0	2	0	0	0	0	2	2	0	2	0	0	1	0	2	0	0	0	0	0	2
14694	31 Jul 25	16:58:00	1	0	53	0	Ct	0	1	0	0	0	1	0	0	0	0	2	0	1	0	1	0	0	1	0	0	1	3	0	0	0	0	0	0	0	0	0	0	0	0
14695	31 Jul 25	16:59:00	1	0	53	0	Ct	0	1	0	2	1	1	0	1	2	0	0	0	0	1	2	0	0	0	0	0	1	0	1	0	0	0	0	1	0	0	0	0	2	0
14696	31 Jul 25	17:00:00	1	0	53	0	Ct	0	1	0	0	0	0	0	0	2	1	1	0	0	1	2	0	0	0	0	0	0	0	1	0	0	0	0	0	0	0	0	0	1	0
14697	31 Jul 25	17:01:00	1	0	53	0	Ct	0	1	0	0	0	0	0	0	0	0	1	0	0	0	3	2	0	0	0	0	1	0	0	0	0	0	0	1	0	0	0	0	0	0
14698	31 Jul 25	17:02:00	1	0	53	0	Ct	0	1	0	1	0	0	0	1	0	0	0	0	0	0	1	1	0	0	0	0	0	2	0	0	0	0	0	1	0	0	0	0	0	1
14699	31 Jul 25	17:03:00	1	0	53	0	Ct	0	1	0	0	0	1	0	1	1	0	2	0	0	0	3	1	0	0	0	0	1	0	0	0	0	0	0	1	0	0	0	0	2	0
14700	31 Jul 25	17:04:00	1	0	53	0	Ct	0	1	0	0	0	2	0	0	0	1	1	0	0	0	1	0	0	0	0	0	1	0	0	0	0	0	0	1	0	0	0	0	1	0
14701	31 Jul 25	17:05:00	1	0	53	0	Ct	0	1	0	1	0	0	0	0	1	1	0	0	1	1	0	2	0	1	0	0	1	1	0	1	0	2	0	2	0	0	1	0	0	0
14702	31 Jul 25	17:06:00	1	0	53	0	Ct	0	1	0	0	0	0	0	0	1	0	0	0	0	0	0	1	0	0	0	0	0	0	1	0	0	0	0	1	0	0	0	0	1	0
14703	31 Jul 25	17:07:00	1	0	53	0	Ct	0	1	0	3	0	2	0	1	1	4	1	0	0	0	0	1	0	0	0	0	0	1	1	1	0	1	0	0	0	0	0	0	0	0
14704	31 Jul 25	17:08:00	1	0	53	0	Ct	0	1	0	1	0	0	0	0	2	0	1	0	0	1	3	0	1	0	0	0	1	1	0	0	0	0	0	0	0	0	0	0	1	0
14705	31 Jul 25	17:09:00	1	0	53	0	Ct	0	1	2	1	0	0	1	0	1	0	0	0	0	0	1	0	0	0	0	0	0	2	0	2	0	1	0	0	0	0	2	0	1	0
14706	31 Jul 25	17:10:00	1	0	53	0	Ct	0	1	4	1	0	0	1	1	4	0	1	0	0	0	1	5	0	0	0	0	2	1	2	0	0	0	0	0	0	0	0	0	1	0
14707	31 Jul 25	17:11:00	1	0	53	0	Ct	0	1	1	0	0	0	0	0	1	1	0	0	0	1	0	0	0	0	0	0	0	1	2	0	0	0	0	0	0	0	0	0	0	0
14708	31 Jul 25	17:12:00	1	0	53	0	Ct	0	1	1	1	0	0	0	1	0	0	1	0	0	0	0	0	0	0	1	0	2	0	0	0	0	1	0	0	0	0	0	0	0	0
14709	31 Jul 25	17:13:00	1	0	53	0	Ct	0	1	1	1	1	1	0	0	0	0	0	0	0	3	1	0	0	0	0	0	4	1	1	0	0	0	0	0	0	0	0	0	0	0
14710	31 Jul 25	17:14:00	1	0	53	0	Ct	0	1	0	0	0	0	0	0	0	1	1	0	0	1	1	0	0	0	0	0	1	1	1	0	0	0	0	0	0	0	0	0	0	0
14711	31 Jul 25	17:15:00	1	0	53	0	Ct	0	1	4	1	0	0	0	0	0	0	2	0	0	0	0	0	0	0	0	0	0	1	0	0	0	0	0	0	0	0	0	0	0	0
14712	31 Jul 25	17:16:00	1	0	53	0	Ct	0	1	0	1	1	0	1	0	0	1	1	0	0	0	0	1	0	0	0	0	1	2	0	0	0	0	2	2	0	0	0	0	0	1
14713	31 Jul 25	17:17:00	1	0	53	0	Ct	0	1	12	3	1	0	0	1	0	1	2	0	1	0	0	1	0	1	0	0	1	0	0	0	0	0	0	1	0	0	0	0	1	0
14714	31 Jul 25	17:18:00	1	0	53	0	Ct	0	1	1	1	0	0	0	0	3	1	0	0	3	0	0	2	0	0	0	0	0	1	0	0	0	1	0	2	0	0	0	0	0	0
14715	31 Jul 25	17:19:00	1	0	53	0	Ct	0	1	0	1	0	1	1	0	1	0	1	2	0	0	1	0	0	0	0	0	1	1	0	0	0	1	0	1	0	0	0	0	0	0
14716	31 Jul 25	17:20:00	1	0	53	0	Ct	0	1	0	0	1	0	0	0	0	0	0	1	0	0	1	0	0	1	0	0	0	0	0	0	0	0	0	0	0	0	0	0	1	0
14717	31 Jul 25	17:21:00	1	0	53	0	Ct	0	1	0	0	1	2	0	1	0	0	0	2	0	0	0	0	0	0	0	0	1	1	0	0	0	0	4	2	0	0	0	0	1	2
14718	31 Jul 25	17:22:00	1	0	53	0	Ct	0	1	0	0	0	1	0	0	1	0	1	1	0	0	0	0	0	0	0	0	2	1	0	0	0	2	0	2	0	0	0	0	1	0
14719	31 Jul 25	17:23:00	1	0	53	0	Ct	0	1	2	1	3	0	0	1	1	0	0	1	1	0	0	0	0	0	0	0	1	0	0	0	0	3	0	2	0	0	0	0	0	0
14720	31 Jul 25	17:24:00	1	0	53	0	Ct	0	1	0	0	0	1	0	0	0	0	2	0	0	0	2	1	0	0	0	0	0	2	0	0	0	1	0	0	0	0	0	0	0	0
14721	31 Jul 25	17:25:00	1	0	53	0	Ct	0	1	0	1	1	1	1	1	0	0	1	2	0	0	3	1	0	0	0	0	1	0	1	0	0	0	0	0	0	0	0	0	0	0
14722	31 Jul 25	17:26:00	1	0	53	0	Ct	0	1	0	0	2	0	0	0	0	1	0	1	0	0	1	0	0	0	0	1	0	1	1	0	0	1	0	0	0	0	0	0	0	0
14723	31 Jul 25	17:27:00	1	0	53	0	Ct	0	1	0	1	0	1	0	0	0	0	2	2	0	0	1	0	0	0	0	0	0	0	0	0	0	1	0	0	0	0	0	0	0	1
14724	31 Jul 25	17:28:00	1	0	53	0	Ct	0	1	0	1	1	1	0	1	0	0	4	0	1	0	2	0	0	0	0	1	0	1	0	0	0	0	0	1	0	0	0	0	2	0
14725	31 Jul 25	17:29:00	1	0	53	0	Ct	0	1	0	0	1	0	0	0	0	1	4	0	1	0	1	0	0	0	0	0	0	0	0	0	0	0	0	0	0	0	0	0	2	0
14726	31 Jul 25	17:30:00	1	0	53	0	Ct	0	1	2	0	1	0	0	0	0	0	3	0	1	0	0	0	0	0	1	0	0	1	0	0	0	0	1	2	0	0	1	0	0	0
14727	31 Jul 25	17:31:00	1	0	53	0	Ct	0	1	1	0	1	0	0	1	0	0	0	0	2	0	0	0	0	1	0	0	1	1	1	0	0	0	0	1	0	0	0	0	0	0
14728	31 Jul 25	17:32:00	1	0	53	0	Ct	0	1	1	0	0	2	0	1	0	0	1	1	1	0	0	0	0	1	1	0	2	1	0	0	0	1	2	2	0	0	0	0	0	0
14729	31 Jul 25	17:33:00	1	0	53	0	Ct	0	1	1	0	1	0	0	0	0	0	17	0	1	0	0	0	0	0	0	0	1	1	0	0	0	1	0	0	0	0	0	0	2	0
14730	31 Jul 25	17:34:00	1	0	53	0	Ct	0	1	0	1	0	1	0	1	1	0	0	2	1	0	0	2	0	0	0	0	2	0	0	0	0	0	3	2	0	0	0	0	0	0
14731	31 Jul 25	17:35:00	1	0	53	0	Ct	0	1	0	3	1	0	0	1	0	0	0	1	2	0	0	0	0	0	0	0	0	1	0	2	0	0	0	0	0	0	0	0	0	1
14732	31 Jul 25	17:36:00	1	0	53	0	Ct	0	1	0	1	1	0	0	0	0	0	2	2	0	2	2	0	0	0	0	0	1	0	0	0	0	1	0	0	0	0	0	0	0	0
14733	31 Jul 25	17:37:00	1	0	53	0	Ct	0	1	1	1	0	1	0	0	0	0	0	4	0	0	0	1	0	0	0	0	1	0	2	2	0	0	0	2	0	0	1	0	0	1
14734	31 Jul 25	17:38:00	1	0	53	0	Ct	0	1	1	0	3	0	0	0	1	1	0	1	0	0	0	1	0	1	0	0	0	2	1	0	0	0	0	0	0	0	0	0	0	0
14735	31 Jul 25	17:39:00	1	0	53	0	Ct	0	1	0	0	2	0	1	0	1	0	0	3	0	0	1	0	0	1	0	0	0	1	0	0	0	2	1	0	0	0	0	0	0	0
14736	31 Jul 25	17:40:00	1	0	53	0	Ct	0	1	0	1	1	1	0	0	0	1	0	0	0	0	1	1	0	0	0	0	0	1	0	0	0	0	1	0	0	0	1	0	0	0
14737	31 Jul 25	17:41:00	1	0	53	0	Ct	0	1	0	0	1	1	0	2	1	1	0	1	0	0	0	1	0	2	0	0	2	0	1	1	0	1	0	0	0	0	0	0	0	0
14738	31 Jul 25	17:42:00	1	0	53	0	Ct	0	1	0	0	1	1	0	0	1	0	0	0	2	0	0	0	0	0	0	0	2	1	0	0	0	1	1	0	0	0	0	0	0	0
14739	31 Jul 25	17:43:00	1	0	53	0	Ct	0	1	0	1	1	2	0	1	0	0	1	1	2	0	1	2	0	0	0	0	0	1	0	1	0	0	1	0	0	0	0	0	0	0
14740	31 Jul 25	17:44:00	1	0	53	0	Ct	0	1	1	0	3	2	0	1	0	0	1	1	0	0	1	1	0	1	0	0	0	1	0	0	0	0	3	0	0	0	0	0	0	0
14741	31 Jul 25	17:45:00	1	0	53	0	Ct	0	1	1	1	2	0	1	1	0	0	4	0	0	0	0	2	0	0	1	0	2	0	0	0	0	0	1	1	0	0	1	0	0	0
14742	31 Jul 25	17:46:00	1	0	53	0	Ct	0	1	1	1	0	0	0	0	0	0	1	0	1	0	0	1	0	0	0	0	3	0	0	1	0	1	0	2	0	0	0	0	3	0
14743	31 Jul 25	17:47:00	1	0	53	0	Ct	0	1	1	1	0	0	0	0	0	1	0	1	1	0	0	0	0	0	0	0	0	0	1	1	0	1	0	1	0	0	1	0	1	0
14744	31 Jul 25	17:48:00	1	0	53	0	Ct	0	1	2	1	0	0	0	0	0	0	1	2	0	0	1	1	0	0	0	1	4	1	1	1	0	1	0	0	0	0	2	0	0	0
14745	31 Jul 25	17:49:00	1	0	53	0	Ct	0	1	0	1	1	0	0	0	0	0	0	1	6	0	2	1	0	0	1	0	4	2	0	2	0	1	0	0	0	0	2	0	0	1
14746	31 Jul 25	17:50:00	1	0	53	0	Ct	0	1	2	0	0	1	1	0	0	1	0	2	0	0	0	0	0	0	0	0	0	2	0	0	0	0	0	0	0	0	1	0	0	1
14747	31 Jul 25	17:51:00	1	0	53	0	Ct	0	1	0	2	1	0	2	0	0	0	3	3	1	0	0	1	1	1	0	0	0	1	0	0	0	0	0	4	0	0	1	0	0	0
14748	31 Jul 25	17:52:00	1	0	53	0	Ct	0	1	0	1	1	1	1	0	0	1	2	0	1	0	1	1	0	1	0	0	2	1	0	0	0	1	0	1	0	0	0	0	0	0
14749	31 Jul 25	17:53:00	1	0	53	0	Ct	0	1	0	1	1	0	1	0	0	1	1	0	0	0	1	0	0	0	0	0	1	1	0	0	0	1	1	1	0	0	3	0	0	0
14750	31 Jul 25	17:54:00	1	0	53	0	Ct	0	1	0	2	2	0	1	1	0	0	1	1	0	0	0	0	0	0	0	0	1	0	0	1	0	0	2	1	0	0	1	0	0	0
14751	31 Jul 25	17:55:00	1	0	53	0	Ct	0	1	2	1	0	0	2	0	1	0	3	0	0	0	0	0	0	0	0	1	0	1	3	0	0	1	1	1	0	0	4	0	0	0
14752	31 Jul 25	17:56:00	1	0	53	0	Ct	0	1	0	1	1	0	0	0	1	0	0	1	1	1	1	0	0	0	1	0	0	0	0	2	0	1	0	0	0	0	1	0	0	0
14753	31 Jul 25	17:57:00	1	0	53	0	Ct	0	1	0	0	2	0	2	1	2	0	1	0	0	1	1	0	0	0	0	0	1	1	0	0	0	0	1	2	0	0	1	0	0	0
14754	31 Jul 25	17:58:00	1	0	53	0	Ct	0	1	4	0	0	0	1	0	1	1	1	0	0	0	0	0	0	1	0	0	1	2	0	2	0	2	0	0	0	0	0	0	1	0
14755	31 Jul 25	17:59:00	1	0	53	0	Ct	0	1	0	2	1	0	1	0	3	1	0	0	1	0	1	0	0	0	0	0	0	2	0	0	0	1	1	0	0	0	0	0	0	2
14756	31 Jul 25	18:00:00	1	0	53	0	Ct	0	1	0	1	2	0	0	2	3	2	4	0	2	0	1	0	0	1	1	0	0	0	0	0	0	1	1	0	0	0	1	0	1	0
14757	31 Jul 25	18:01:00	1	0	53	0	Ct	0	1	0	2	0	1	0	1	0	0	0	0	0	0	0	0	0	0	0	0	1	1	1	2	0	0	1	0	0	0	2	0	0	0
14758	31 Jul 25	18:02:00	1	0	53	0	Ct	0	1	0	0	0	0	0	0	0	0	1	0	1	0	0	0	0	1	0	0	2	0	0	1	0	0	0	0	0	0	0	0	1	0
14759	31 Jul 25	18:03:00	1	0	53	0	Ct	0	1	1	0	0	0	2	0	0	0	1	0	1	0	0	0	0	1	0	0	1	0	0	1	0	1	0	0	0	0	2	0	1	0
14760	31 Jul 25	18:04:00	1	0	53	0	Ct	0	1	1	1	0	1	0	0	0	1	0	0	0	0	0	1	0	0	0	0	3	0	0	0	0	1	0	0	0	0	2	0	0	0
14761	31 Jul 25	18:05:00	1	0	53	0	Ct	0	1	1	2	0	2	0	0	1	1	0	0	1	1	0	2	1	1	0	0	1	0	7	0	0	1	0	1	0	0	0	0	1	0
14762	31 Jul 25	18:06:00	1	0	53	0	Ct	0	0	2	4	3	2	2	0	0	3	0	2	0	0	2	5	0	0	0	0	0	0	9	1	0	0	0	12	0	0	1	0	2	2
14763	31 Jul 25	18:07:00	1	0	53	0	Ct	0	0	3	1	2	1	3	0	2	1	0	3	0	0	4	3	0	2	3	1	1	2	3	0	0	0	0	5	0	0	1	0	2	0
14764	31 Jul 25	18:08:00	1	0	53	0	Ct	0	0	3	2	2	0	4	0	1	1	1	4	0	9	3	4	0	2	0	1	2	2	1	2	0	1	0	4	0	0	3	0	5	0
14765	31 Jul 25	18:09:00	1	0	53	0	Ct	0	0	5	1	1	0	0	3	1	1	5	7	0	4	4	4	3	5	1	1	3	2	1	4	0	2	1	4	0	0	2	0	4	0
14766	31 Jul 25	18:10:00	1	0	53	0	Ct	0	0	5	3	3	0	3	3	1	3	5	4	0	4	3	4	2	4	1	2	2	6	1	1	0	1	2	5	0	0	4	0	4	2
14767	31 Jul 25	18:11:00	1	0	53	0	Ct	0	0	6	4	3	0	7	3	3	3	4	4	2	4	3	4	2	4	3	2	2	2	3	1	0	2	4	4	0	0	3	0	1	3
14768	31 Jul 25	18:12:00	1	0	53	0	Ct	0	0	3	4	2	0	5	3	3	1	4	4	4	7	1	4	2	2	2	2	3	2	4	0	0	2	4	2	0	0	0	0	2	4
14769	31 Jul 25	18:13:00	1	0	53	0	Ct	0	0	3	4	3	0	5	4	1	3	4	4	2	4	3	5	4	3	3	1	3	3	2	0	0	2	3	4	0	0	1	0	4	1
14770	31 Jul 25	18:14:00	1	0	53	0	Ct	0	0	5	5	2	1	3	3	3	3	4	6	5	6	3	5	2	3	3	3	1	1	3	0	0	1	3	3	0	0	0	0	4	2
14771	31 Jul 25	18:15:00	1	0	53	0	Ct	0	0	4	4	0	3	0	4	3	2	5	4	5	3	3	4	2	4	3	4	2	2	3	2	0	1	5	3	0	0	1	0	2	3
14772	31 Jul 25	18:16:00	1	0	53	0	Ct	0	0	4	2	2	2	4	4	4	5	2	4	5	2	3	4	4	2	3	2	4	2	3	2	0	2	2	2	0	0	3	0	6	4
14773	31 Jul 25	18:17:00	1	0	53	0	Ct	0	0	5	3	0	2	5	3	3	3	4	4	2	15	3	5	4	3	2	2	2	3	3	0	0	2	2	3	0	0	0	0	3	3
14774	31 Jul 25	18:18:00	1	0	53	0	Ct	0	0	2	4	1	0	3	1	2	0	4	3	3	2	5	5	4	5	3	1	2	2	2	0	0	2	0	4	0	0	3	0	1	4
14775	31 Jul 25	18:19:00	1	0	53	0	Ct	0	0	2	3	3	0	3	4	4	2	3	2	2	1	3	5	1	2	4	4	3	0	3	0	0	3	2	3	0	0	3	0	3	0
14776	31 Jul 25	18:20:00	1	0	53	0	Ct	0	0	4	4	2	3	2	2	3	0	1	5	3	0	3	4	2	2	3	4	2	3	4	0	0	2	4	4	0	0	4	0	2	4
14777	31 Jul 25	18:21:00	1	0	53	0	Ct	0	0	2	9	4	4	5	3	4	2	3	4	4	0	4	5	4	3	2	2	3	5	4	0	0	3	1	2	0	0	2	0	3	0
14778	31 Jul 25	18:22:00	1	0	53	0	Ct	0	0	4	1	2	2	4	3	3	2	4	2	4	0	2	5	2	1	4	1	1	2	1	0	0	1	0	0	0	0	1	0	2	4
14779	31 Jul 25	18:23:00	1	0	53	0	Ct	0	0	4	3	0	1	4	3	3	2	2	5	3	0	3	4	1	2	3	2	5	1	2	2	0	1	3	2	0	0	2	0	4	4
14780	31 Jul 25	18:24:00	1	0	53	0	Ct	0	0	3	3	3	0	3	3	4	2	2	4	4	0	4	7	2	3	4	2	6	2	2	1	0	2	6	2	0	0	2	0	4	2
14781	31 Jul 25	18:25:00	1	0	53	0	Ct	0	0	3	4	2	1	4	2	2	2	3	3	4	0	4	4	1	2	2	2	6	2	5	0	0	3	2	2	0	0	2	0	2	1
14782	31 Jul 25	18:26:00	1	0	53	0	Ct	0	0	2	4	1	1	2	2	1	2	3	3	3	1	3	5	3	3	3	2	6	3	2	0	0	2	4	2	0	0	1	0	1	1
14783	31 Jul 25	18:27:00	1	0	53	0	Ct	0	0	3	6	2	3	4	4	1	1	2	2	5	4	2	5	4	1	4	2	5	3	8	0	0	0	2	2	0	0	2	0	3	4
14784	31 Jul 25	18:28:00	1	0	53	0	Ct	0	0	3	4	1	1	5	3	5	1	3	3	3	4	3	3	5	3	2	3	2	3	1	0	0	0	0	0	0	0	1	0	5	5
14785	31 Jul 25	18:29:00	1	0	53	0	Ct	0	0	3	3	2	3	4	3	3	2	0	3	4	3	3	3	4	1	1	0	3	1	3	0	0	2	2	2	0	0	2	0	5	2
14786	31 Jul 25	18:30:00	1	0	53	0	Ct	0	0	3	3	3	2	2	2	2	3	4	2	5	5	2	4	4	2	5	3	0	2	4	0	0	1	2	0	0	0	2	0	1	5
14787	31 Jul 25	18:31:00	1	0	53	0	Ct	0	0	3	2	4	4	3	5	0	2	3	3	4	4	4	4	3	4	3	3	3	2	1	0	0	3	1	3	0	0	3	0	6	4
14788	31 Jul 25	18:32:00	1	0	53	0	Ct	0	0	2	2	0	3	3	1	2	2	4	3	4	0	3	2	3	8	5	3	2	0	3	0	0	2	5	3	0	0	4	0	3	2
14789	31 Jul 25	18:33:00	1	0	53	0	Ct	0	0	3	3	2	4	3	3	6	2	3	2	6	0	3	4	4	1	4	3	2	2	1	0	0	2	3	3	0	0	2	0	5	4
14790	31 Jul 25	18:34:00	1	0	53	0	Ct	0	0	4	1	2	1	8	0	2	1	1	3	3	2	3	3	4	2	2	0	3	2	2	0	0	2	1	5	0	0	2	0	0	1
14791	31 Jul 25	18:35:00	1	0	53	0	Ct	0	0	3	3	3	2	3	1	3	1	3	4	5	3	2	5	5	1	2	1	8	1	1	0	0	2	2	3	0	0	3	0	2	3
14792	31 Jul 25	18:36:00	1	0	53	0	Ct	0	0	4	3	2	1	5	3	4	1	2	4	4	2	5	3	3	1	3	1	2	1	2	2	0	2	3	1	0	0	3	0	4	3
14793	31 Jul 25	18:37:00	1	0	53	0	Ct	0	0	3	1	2	4	3	2	3	0	3	3	3	4	4	5	3	3	3	3	1	2	3	0	0	0	2	3	0	0	2	0	0	3
14794	31 Jul 25	18:38:00	1	0	53	0	Ct	0	0	3	3	4	2	4	2	5	3	3	3	4	2	8	4	6	1	3	4	2	2	3	0	0	1	4	1	0	0	4	0	1	4
14795	31 Jul 25	18:39:00	1	0	53	0	Ct	0	0	2	4	2	2	4	2	1	3	4	3	2	2	1	4	5	0	3	2	3	2	3	1	0	1	4	2	0	0	5	0	4	1
14796	31 Jul 25	18:40:00	1	0	53	0	Ct	0	0	3	4	3	3	3	3	5	3	4	2	4	1	4	4	3	3	2	0	2	2	3	2	0	2	3	6	0	0	3	0	4	1
14797	31 Jul 25	18:41:00	1	0	53	0	Ct	0	0	3	3	1	2	3	2	2	2	2	4	1	3	3	5	8	1	4	2	3	1	3	0	0	2	2	1	0	0	4	0	2	4
14798	31 Jul 25	18:42:00	1	0	53	0	Ct	0	0	4	2	1	3	2	4	0	3	3	3	2	1	5	2	2	2	2	0	1	2	1	0	0	2	1	1	0	0	1	0	4	3
14799	31 Jul 25	18:43:00	1	0	53	0	Ct	0	0	2	2	2	0	4	4	3	2	2	5	2	1	2	3	4	2	3	3	2	2	1	0	0	2	3	3	0	0	2	0	4	1
14800	31 Jul 25	18:44:00	1	0	53	0	Ct	0	0	4	2	1	4	4	2	1	2	2	4	5	3	2	5	2	1	3	2	2	2	2	4	0	2	5	2	0	0	3	0	3	3
14801	31 Jul 25	18:45:00	1	0	53	0	Ct	0	0	2	4	2	2	4	5	2	0	1	4	2	4	3	4	3	1	3	1	2	2	2	1	0	1	3	5	0	0	2	0	4	5
14802	31 Jul 25	18:46:00	1	0	53	0	Ct	0	0	2	3	1	2	5	4	2	2	2	3	4	5	4	3	3	2	3	3	3	3	1	0	0	0	3	2	0	0	3	0	5	1
14803	31 Jul 25	18:47:00	1	0	53	0	Ct	0	0	1	3	2	1	3	3	2	3	2	4	2	2	4	3	2	3	2	4	2	1	1	0	0	0	3	2	0	0	1	0	4	3
14804	31 Jul 25	18:48:00	1	0	53	0	Ct	0	0	3	3	3	2	2	4	3	1	1	2	4	3	3	3	6	1	2	1	2	3	4	0	0	0	3	4	0	0	1	0	1	2
14805	31 Jul 25	18:49:00	1	0	53	0	Ct	0	0	1	2	2	1	3	2	3	1	3	3	2	0	2	4	3	2	5	1	3	1	0	0	0	2	0	2	0	0	0	0	3	3
14806	31 Jul 25	18:50:00	1	0	53	0	Ct	0	0	4	4	4	1	3	3	2	2	2	2	3	0	3	2	3	1	4	2	3	2	2	0	0	1	1	3	0	0	0	0	3	3
14807	31 Jul 25	18:51:00	1	0	53	0	Ct	0	0	2	3	3	3	2	3	8	1	4	2	3	0	4	4	2	2	2	1	1	3	2	0	0	2	1	2	0	0	2	0	5	2
14808	31 Jul 25	18:52:00	1	0	53	0	Ct	0	0	4	5	1	1	4	2	7	3	2	4	3	0	3	2	4	1	4	1	1	4	2	0	0	0	1	3	0	0	1	0	6	0
14809	31 Jul 25	18:53:00	1	0	53	0	Ct	0	0	5	4	0	3	5	3	3	2	5	3	2	0	4	4	4	2	2	1	3	2	2	2	0	0	2	5	0	0	2	0	4	2
14810	31 Jul 25	18:54:00	1	0	53	0	Ct	0	0	4	3	1	3	4	2	4	2	1	3	2	0	4	5	2	1	2	1	2	3	2	0	0	0	3	3	0	0	3	0	3	3
14811	31 Jul 25	18:55:00	1	0	53	0	Ct	0	0	7	3	2	3	3	5	5	2	3	4	1	4	4	4	4	1	2	1	2	2	1	0	0	1	2	2	0	0	2	0	4	3
14812	31 Jul 25	18:56:00	1	0	53	0	Ct	0	0	4	1	2	1	2	4	4	2	1	4	4	2	4	4	3	2	2	2	3	2	1	0	0	1	6	3	0	0	3	0	4	2
14813	31 Jul 25	18:57:00	1	0	53	0	Ct	0	0	2	3	2	3	4	4	3	2	3	3	4	2	4	3	3	0	3	3	3	2	3	0	0	0	3	3	0	0	3	0	4	2
14814	31 Jul 25	18:58:00	1	0	53	0	Ct	0	0	3	2	3	2	4	4	5	3	3	4	3	4	4	3	2	3	3	2	3	3	2	0	0	2	2	3	0	0	1	0	5	3
14815	31 Jul 25	18:59:00	1	0	53	0	Ct	0	0	4	1	2	2	2	1	4	0	1	2	3	1	2	4	5	1	3	1	5	1	3	0	0	1	2	3	0	0	5	0	5	2
14816	31 Jul 25	19:00:00	1	0	53	0	Ct	0	0	4	4	6	2	3	2	3	0	2	2	3	3	4	4	2	2	2	2	0	3	2	0	0	1	2	3	0	0	3	0	6	3
14817	31 Jul 25	19:01:00	1	0	53	0	Ct	0	0	4	4	8	3	5	2	4	0	0	4	4	3	3	4	1	2	1	1	3	0	2	0	0	1	0	4	0	0	3	0	4	2
14818	31 Jul 25	19:02:00	1	0	53	0	Ct	0	0	2	2	1	1	2	2	2	4	2	3	2	0	4	2	2	2	4	0	3	2	2	0	0	2	2	3	0	0	1	0	4	3
14819	31 Jul 25	19:03:00	1	0	53	0	Ct	0	0	3	4	1	2	2	3	4	4	3	1	3	1	2	4	0	3	3	1	1	1	2	0	0	2	0	1	0	0	3	0	4	1
14820	31 Jul 25	19:04:00	1	0	53	0	Ct	0	0	2	2	1	2	4	3	2	2	2	4	3	3	2	4	2	0	2	1	3	1	4	3	0	3	2	4	0	0	4	0	1	3
14821	31 Jul 25	19:05:00	1	0	53	0	Ct	0	0	2	4	2	0	3	2	3	0	2	3	1	3	1	5	1	0	4	1	1	2	1	0	0	2	2	4	0	0	2	0	5	0
14822	31 Jul 25	19:06:00	1	0	53	0	Ct	0	0	4	4	4	2	3	4	3	1	2	3	3	4	4	3	4	1	3	2	3	1	3	0	0	2	2	4	0	0	1	0	6	3
14823	31 Jul 25	19:07:00	1	0	53	0	Ct	0	0	3	5	0	2	4	4	2	1	1	1	5	2	4	3	5	2	3	1	3	1	2	0	0	2	2	3	0	0	3	0	2	2
14824	31 Jul 25	19:08:00	1	0	53	0	Ct	0	0	3	5	0	2	4	4	4	1	4	5	2	2	3	5	5	2	4	2	2	2	3	0	0	2	2	2	0	0	1	0	6	2
14825	31 Jul 25	19:09:00	1	0	53	0	Ct	0	0	5	4	0	4	4	5	4	5	3	5	3	2	3	3	2	1	3	1	2	3	2	0	0	1	2	4	0	0	3	0	1	2
14826	31 Jul 25	19:10:00	1	0	53	0	Ct	0	0	4	2	3	1	1	5	3	5	2	3	2	3	4	6	2	3	3	2	2	7	5	2	0	2	1	2	0	0	2	0	3	3
14827	31 Jul 25	19:11:00	1	0	53	0	Ct	0	0	2	4	3	1	0	3	2	3	3	3	2	3	5	4	2	2	3	1	3	3	3	0	0	0	3	4	0	0	4	0	5	1
14828	31 Jul 25	19:12:00	1	0	53	0	Ct	0	0	3	4	2	3	3	4	3	1	2	3	2	1	4	2	2	1	4	5	3	1	3	0	0	0	3	0	0	0	2	0	1	0
14829	31 Jul 25	19:13:00	1	0	53	0	Ct	0	0	3	2	0	1	1	4	3	4	2	3	3	3	4	5	2	3	0	3	2	6	6	0	0	1	3	3	0	0	2	0	3	3
14830	31 Jul 25	19:14:00	1	0	53	0	Ct	0	0	2	4	4	1	3	1	2	4	1	4	2	3	3	5	3	1	0	0	2	2	7	0	0	1	1	1	0	0	2	0	4	3
14831	31 Jul 25	19:15:00	1	0	53	0	Ct	0	0	3	3	5	2	5	4	2	4	1	3	2	5	4	4	3	2	2	2	1	2	8	0	0	2	2	2	0	0	2	0	3	3
14832	31 Jul 25	19:16:00	1	0	53	0	Ct	0	0	2	3	2	4	4	5	4	1	3	3	3	3	3	5	6	1	2	2	2	3	6	1	0	3	1	2	0	0	4	0	5	3
14833	31 Jul 25	19:17:00	1	0	53	0	Ct	0	0	3	5	0	2	3	6	4	3	4	4	4	4	3	5	1	2	3	5	1	3	2	1	0	4	2	4	0	0	1	0	3	2
14834	31 Jul 25	19:18:00	1	0	53	0	Ct	0	0	3	3	0	2	4	4	4	2	0	4	4	0	5	4	2	3	4	4	3	3	4	2	0	2	6	4	0	0	2	0	6	2
14835	31 Jul 25	19:19:00	1	0	53	0	Ct	0	0	4	4	0	3	4	6	4	1	2	3	3	1	4	5	3	2	3	3	1	2	5	0	0	1	3	2	0	0	1	0	4	3
14836	31 Jul 25	19:20:00	1	0	53	0	Ct	0	0	2	2	2	4	0	3	2	2	2	3	3	2	2	5	3	1	2	3	2	2	3	6	0	1	2	3	0	0	0	0	5	2
14837	31 Jul 25	19:21:00	1	0	53	0	Ct	0	0	3	2	0	4	3	4	2	1	2	2	2	4	3	3	4	2	3	1	1	3	6	0	0	1	1	3	0	0	0	0	4	3
14838	31 Jul 25	19:22:00	1	0	53	0	Ct	0	0	4	4	0	5	2	5	2	2	2	3	3	2	3	4	4	1	4	0	2	3	4	0	0	1	4	3	0	0	3	0	5	2
14839	31 Jul 25	19:23:00	1	0	53	0	Ct	0	0	4	3	0	4	1	2	3	3	3	1	4	3	4	4	2	3	3	2	0	4	5	0	0	3	1	1	0	0	3	0	5	3
14840	31 Jul 25	19:24:00	1	0	53	0	Ct	0	0	4	4	0	4	3	3	3	3	1	1	3	2	4	4	2	1	2	5	6	1	4	0	0	3	2	4	0	0	3	0	2	1
14841	31 Jul 25	19:25:00	1	0	53	0	Ct	0	0	6	2	0	2	3	4	4	3	1	3	6	3	4	3	3	1	5	1	3	2	3	0	0	4	3	5	0	0	2	0	3	2
14842	31 Jul 25	19:26:00	1	0	53	0	Ct	0	0	6	3	2	2	2	6	5	2	3	5	3	3	4	5	2	1	3	3	3	1	4	0	0	4	4	3	0	0	3	0	5	3
14843	31 Jul 25	19:27:00	1	0	53	0	Ct	0	0	5	1	4	3	2	4	5	1	1	5	3	2	3	5	0	1	2	3	4	2	4	0	0	1	2	5	0	0	3	0	4	2
14844	31 Jul 25	19:28:00	1	0	53	0	Ct	0	0	3	3	2	3	1	5	5	2	2	3	2	4	4	4	2	2	5	3	3	4	1	1	0	1	3	2	0	0	4	0	4	3
14845	31 Jul 25	19:29:00	1	0	53	0	Ct	0	0	6	2	0	2	4	1	4	1	2	3	3	2	3	5	4	4	3	0	1	3	3	0	0	3	2	2	0	0	4	0	3	2
14846	31 Jul 25	19:30:00	1	0	53	0	Ct	0	0	3	3	0	3	3	3	4	0	1	3	3	3	3	7	2	3	2	0	3	2	4	0	0	0	3	2	0	0	3	0	4	3
14847	31 Jul 25	19:31:00	1	0	53	0	Ct	0	0	5	3	0	2	3	5	3	1	3	3	2	3	2	7	3	1	3	1	2	2	4	0	0	1	1	3	0	0	2	0	5	1
14848	31 Jul 25	19:32:00	1	0	53	0	Ct	0	0	4	3	0	1	4	4	4	2	3	5	4	4	3	7	2	3	2	2	3	2	5	0	0	0	1	7	0	0	2	0	4	1
14849	31 Jul 25	19:33:00	1	0	53	0	Ct	0	0	3	4	0	2	3	5	3	0	5	3	3	4	4	5	3	4	3	1	2	1	3	0	0	4	3	5	0	0	2	0	5	3
14850	31 Jul 25	19:34:00	1	0	53	0	Ct	0	0	5	4	0	2	4	3	4	2	5	3	2	3	3	8	2	4	3	4	1	1	6	0	0	4	4	7	0	0	3	0	4	1
14851	31 Jul 25	19:35:00	1	0	53	0	Ct	0	0	2	2	0	1	4	3	1	1	6	3	3	3	3	7	1	1	5	3	1	1	4	0	0	2	2	7	0	0	2	0	4	1
14852	31 Jul 25	19:36:00	1	0	53	0	Ct	0	0	5	3	0	3	2	4	5	2	4	0	4	6	4	5	1	5	3	4	2	1	2	0	0	2	0	6	0	0	2	0	5	2
14853	31 Jul 25	19:37:00	1	0	53	0	Ct	0	0	3	4	0	1	2	4	5	2	5	5	3	5	3	6	1	3	3	1	0	2	2	0	0	2	2	6	0	0	4	0	3	1
14854	31 Jul 25	19:38:00	1	0	53	0	Ct	0	0	3	2	0	1	3	1	4	2	3	4	5	3	3	6	0	1	4	3	2	0	4	0	0	3	5	4	0	0	2	0	4	1
14855	31 Jul 25	19:39:00	1	0	53	0	Ct	0	0	3	3	0	1	2	4	3	0	4	4	3	6	4	7	3	4	2	3	2	2	3	0	0	5	7	5	0	0	2	0	5	0
14856	31 Jul 25	19:40:00	1	0	53	0	Ct	0	0	2	3	0	0	3	4	4	1	5	3	4	5	3	6	4	2	2	0	1	3	3	0	0	1	4	5	0	0	3	0	2	1
14857	31 Jul 25	19:41:00	1	0	53	0	Ct	0	0	4	3	0	1	3	3	3	1	6	4	2	3	3	5	3	2	2	2	2	2	4	0	0	2	4	7	0	0	3	0	4	2
14858	31 Jul 25	19:42:00	1	0	53	0	Ct	0	0	9	3	0	1	3	4	4	2	5	1	3	3	4	5	0	2	1	1	2	4	2	0	0	1	6	6	0	0	5	0	3	2
14859	31 Jul 25	19:43:00	1	0	53	0	Ct	0	0	5	3	0	2	3	3	3	1	3	2	2	3	2	5	0	3	5	3	1	4	2	0	0	1	4	2	0	0	2	0	5	2
14860	31 Jul 25	19:44:00	1	0	53	0	Ct	0	0	2	5	0	2	1	3	4	3	4	3	3	5	2	6	0	2	3	0	5	3	4	0	0	3	4	0	0	0	1	0	3	1
14861	31 Jul 25	19:45:00	1	0	53	0	Ct	0	0	5	3	0	1	3	5	2	3	3	3	5	4	1	5	4	3	2	1	0	2	5	0	0	2	4	6	0	0	2	0	3	2
14862	31 Jul 25	19:46:00	1	0	53	0	Ct	0	0	4	4	0	0	5	2	6	4	5	2	2	3	3	6	13	2	3	0	4	1	3	0	0	3	4	4	0	0	0	0	3	3
14863	31 Jul 25	19:47:00	1	0	53	0	Ct	0	0	4	4	0	2	3	4	2	4	4	3	4	2	4	7	0	1	2	2	3	4	2	1	0	2	3	4	0	0	4	0	5	3
14864	31 Jul 25	19:48:00	1	0	53	0	Ct	0	0	2	3	0	2	3	6	4	1	5	4	4	5	5	4	0	3	1	0	4	2	4	0	0	1	5	3	0	0	3	0	5	3
14865	31 Jul 25	19:49:00	1	0	53	0	Ct	0	0	4	3	0	2	3	5	4	2	5	2	6	0	2	6	0	1	3	1	0	2	3	0	0	2	1	4	0	0	1	0	4	0
14866	31 Jul 25	19:50:00	1	0	53	0	Ct	0	0	4	3	0	1	2	2	4	2	4	3	1	2	7	5	0	0	6	1	2	5	2	0	0	0	5	4	0	0	3	0	0	1
14867	31 Jul 25	19:51:00	1	0	53	0	Ct	0	0	5	1	0	1	2	2	4	0	5	4	1	4	8	5	0	2	1	2	2	3	2	0	0	0	3	5	0	0	4	0	4	1
14868	31 Jul 25	19:52:00	1	0	53	0	Ct	0	0	3	4	0	2	5	4	4	2	2	3	3	3	7	0	0	2	7	0	2	2	2	1	0	0	3	1	0	0	1	0	6	2
14869	31 Jul 25	19:53:00	1	0	53	0	Ct	0	0	3	4	0	3	4	2	4	2	2	4	5	2	7	4	0	0	2	4	1	5	2	2	0	1	3	3	0	0	0	0	4	3
14870	31 Jul 25	19:54:00	1	0	53	0	Ct	0	0	4	4	0	1	5	5	1	3	2	3	2	2	8	3	0	2	3	0	2	3	4	0	0	1	3	5	0	0	0	0	2	1
14871	31 Jul 25	19:55:00	1	0	53	0	Ct	0	0	5	5	0	2	4	5	3	4	5	3	3	4	8	5	0	1	5	2	1	1	2	0	0	0	3	5	0	0	0	0	2	2
14872	31 Jul 25	19:56:00	1	0	53	0	Ct	0	0	4	4	0	3	4	3	3	3	2	5	3	3	6	4	0	2	5	2	3	3	4	0	0	0	2	5	0	0	0	0	7	3
14873	31 Jul 25	19:57:00	1	0	53	0	Ct	0	0	3	4	0	2	5	4	3	3	2	4	4	3	6	6	0	2	4	1	2	2	4	0	0	0	4	3	0	0	0	0	3	2
14874	31 Jul 25	19:58:00	1	0	53	0	Ct	0	0	3	4	0	2	6	2	4	0	2	4	5	2	7	5	0	3	2	4	3	2	5	0	0	2	4	1	0	0	0	0	3	3
14875	31 Jul 25	19:59:00	1	0	53	0	Ct	0	0	3	4	0	3	6	4	3	3	2	3	5	2	6	5	0	1	0	1	2	2	1	0	0	1	4	2	0	0	0	0	1	2
14876	31 Jul 25	20:00:00	1	0	53	0	Ct	0	0	5	3	0	1	3	2	4	2	1	4	4	1	4	3	0	2	0	1	0	1	4	0	0	3	4	1	0	0	0	0	5	3
14877	31 Jul 25	20:01:00	1	0	53	0	Ct	0	0	5	4	0	0	5	2	4	2	3	4	2	3	7	4	0	2	2	4	1	0	1	0	0	0	2	3	0	0	0	0	4	1
14878	31 Jul 25	20:02:00	1	0	53	0	Ct	0	0	2	2	0	0	5	1	3	3	2	2	2	4	5	7	0	1	3	1	1	1	3	0	0	1	4	4	0	0	0	0	3	0
14879	31 Jul 25	20:03:00	1	0	53	0	Ct	0	0	3	4	2	0	5	2	2	4	2	4	3	4	5	4	0	1	4	2	2	2	3	0	0	4	3	6	0	0	2	0	5	2
14880	31 Jul 25	20:04:00	1	0	53	0	Ct	0	0	5	6	0	0	4	3	4	1	6	2	4	5	5	6	0	3	5	1	3	0	4	0	0	4	2	4	0	0	5	0	5	3
14881	31 Jul 25	20:05:00	1	0	53	0	Ct	0	0	1	2	0	0	2	2	1	0	2	4	4	6	3	5	0	3	3	3	0	1	1	4	0	2	1	4	0	0	5	0	4	1
14882	31 Jul 25	20:06:00	1	0	53	0	Ct	0	0	1	4	0	0	3	2	3	3	1	3	5	4	3	5	0	2	2	0	2	2	3	0	0	1	2	6	0	0	2	0	3	3
14883	31 Jul 25	20:07:00	1	0	53	0	Ct	0	0	2	5	0	0	1	4	4	3	3	4	2	5	2	5	0	2	4	0	2	2	2	0	0	2	2	3	0	0	4	0	4	3
14884	31 Jul 25	20:08:00	1	0	53	0	Ct	0	0	5	3	0	2	2	2	3	4	2	3	4	5	2	4	0	1	4	1	1	2	6	0	0	2	2	4	0	0	3	0	3	2
14885	31 Jul 25	20:09:00	1	0	53	0	Ct	0	0	5	3	0	0	2	2	3	2	1	4	2	2	4	5	0	1	4	3	2	1	5	0	0	1	2	3	0	0	4	0	8	4
14886	31 Jul 25	20:10:00	1	0	53	0	Ct	0	0	1	4	0	0	1	5	3	3	1	5	4	4	4	4	0	2	3	1	3	0	5	0	0	2	3	5	0	0	4	0	3	1
14887	31 Jul 25	20:11:00	1	0	53	0	Ct	0	0	3	3	0	3	2	6	2	4	2	7	3	4	2	5	0	1	1	0	3	1	6	0	0	1	4	1	0	0	5	0	5	1
14888	31 Jul 25	20:12:00	1	0	53	0	Ct	0	0	5	4	0	4	4	3	3	0	3	5	3	3	2	7	0	6	3	0	2	2	4	0	0	1	2	4	0	0	5	0	5	3
14889	31 Jul 25	20:13:00	1	0	53	0	Ct	0	0	5	4	0	1	3	1	5	1	1	4	3	3	1	6	0	2	4	2	2	1	4	0	0	1	5	2	0	0	3	0	3	1
14890	31 Jul 25	20:14:00	1	0	53	0	Ct	0	0	4	4	0	0	3	4	8	1	2	5	3	4	3	6	0	1	4	0	3	1	3	0	0	2	5	2	0	0	4	0	6	2
14891	31 Jul 25	20:15:00	1	0	53	0	Ct	0	0	3	3	0	0	4	4	7	3	4	4	2	3	3	7	0	2	3	0	3	2	3	0	0	3	5	5	0	0	3	0	2	2
14892	31 Jul 25	20:16:00	1	0	53	0	Ct	0	0	3	3	0	0	4	3	5	1	4	3	1	1	2	6	0	2	4	0	2	2	2	0	0	4	4	4	0	0	1	0	5	3
14893	31 Jul 25	20:17:00	1	0	53	0	Ct	0	0	4	3	0	0	3	3	5	1	1	3	2	0	2	5	0	1	3	0	0	1	4	0	0	2	5	4	0	0	4	0	4	3
14894	31 Jul 25	20:18:00	1	0	53	0	Ct	0	0	4	2	0	1	2	5	5	0	1	3	5	0	4	4	0	4	2	1	4	3	0	0	0	2	3	3	0	0	2	0	3	3
14895	31 Jul 25	20:19:00	1	0	53	0	Ct	0	0	3	1	0	4	3	3	3	2	2	3	3	0	4	6	0	2	3	4	1	4	0	0	0	3	0	2	0	0	6	0	0	3
14896	31 Jul 25	20:20:00	1	0	53	0	Ct	0	0	2	2	0	3	4	4	5	1	1	1	3	0	2	5	0	1	3	0	4	5	0	0	0	0	1	2	0	0	3	0	2	2
14897	31 Jul 25	20:21:00	1	0	53	0	Ct	0	0	2	4	0	1	3	0	4	2	2	3	1	2	4	5	0	4	3	0	1	0	0	0	0	2	0	4	0	0	3	0	3	2
14898	31 Jul 25	20:22:00	1	0	53	0	Ct	0	0	3	5	0	1	2	4	2	1	1	4	5	2	2	4	0	2	2	0	1	1	2	0	0	1	3	4	0	0	5	0	5	1
14899	31 Jul 25	20:23:00	1	0	53	0	Ct	0	0	1	4	0	0	5	5	2	1	0	4	4	4	4	6	0	0	3	0	1	3	5	0	0	2	3	4	0	0	5	0	5	2
14900	31 Jul 25	20:24:00	1	0	53	0	Ct	0	0	1	4	0	0	3	1	3	2	2	1	5	2	3	7	0	0	2	0	3	2	3	0	0	1	4	4	0	0	1	0	3	1
14901	31 Jul 25	20:25:00	1	0	53	0	Ct	0	0	0	4	0	0	3	2	4	0	1	3	7	1	4	5	0	0	2	0	2	4	5	0	0	0	0	4	0	0	1	0	4	0
14902	31 Jul 25	20:26:00	1	0	53	0	Ct	0	0	0	5	0	0	5	0	4	0	1	2	6	2	3	6	0	3	3	0	0	2	1	0	0	1	0	2	0	0	3	0	5	1
14903	31 Jul 25	20:27:00	1	0	53	0	Ct	0	0	0	2	0	0	0	3	3	1	7	3	3	2	4	6	0	2	3	0	3	0	2	0	0	2	0	2	0	0	1	0	3	2
14904	31 Jul 25	20:28:00	1	0	53	0	Ct	0	0	5	3	0	0	2	4	5	1	7	5	6	3	2	5	0	2	2	2	3	0	2	0	0	1	0	4	0	0	4	0	2	2
14905	31 Jul 25	20:29:00	1	0	53	0	Ct	0	0	5	4	0	0	0	4	5	3	2	3	3	4	2	6	0	3	1	0	2	0	0	2	0	0	0	3	0	0	3	0	2	1
14906	31 Jul 25	20:30:00	1	0	53	0	Ct	0	0	3	5	0	0	1	4	0	3	4	3	5	2	6	6	0	1	4	0	1	0	0	0	0	2	0	4	0	0	1	0	4	2
14907	31 Jul 25	20:31:00	1	0	53	0	Ct	0	0	3	1	0	0	2	3	2	1	5	3	4	2	3	5	0	3	3	0	1	0	0	0	0	3	0	4	0	0	2	0	5	0
14908	31 Jul 25	20:32:00	1	0	53	0	Ct	0	0	4	0	0	0	3	0	4	3	5	3	2	5	6	7	0	1	4	0	3	0	0	0	0	2	0	1	0	0	1	0	4	2
14909	31 Jul 25	20:33:00	1	0	53	0	Ct	0	0	4	4	0	0	2	1	1	0	5	3	2	3	4	5	0	0	3	0	0	0	0	0	0	0	0	3	0	0	5	0	6	1
14910	31 Jul 25	20:34:00	1	0	53	0	Ct	0	0	4	2	0	0	1	6	1	3	3	3	2	4	3	5	0	2	2	0	1	2	0	1	0	1	0	4	0	0	1	0	5	3
14911	31 Jul 25	20:35:00	1	0	53	0	Ct	0	0	3	3	0	0	2	3	3	3	1	2	3	6	5	6	0	3	4	2	2	1	0	0	0	3	0	6	0	0	6	0	4	3
14912	31 Jul 25	20:36:00	1	0	53	0	Ct	0	0	2	0	0	0	4	3	1	1	3	4	0	1	5	4	0	2	5	0	1	3	0	0	0	5	0	4	0	0	0	0	4	5
14913	31 Jul 25	20:37:00	1	0	53	0	Ct	0	0	3	5	0	0	4	1	4	2	5	3	2	6	2	6	0	3	2	0	2	6	1	0	0	2	0	5	0	0	4	0	3	4
14914	31 Jul 25	20:38:00	1	0	53	0	Ct	0	0	4	4	0	0	3	0	2	2	4	4	2	1	5	6	0	2	4	0	0	0	3	0	0	0	2	4	0	0	2	0	9	0
14915	31 Jul 25	20:39:00	1	0	53	0	Ct	0	0	2	4	0	0	3	3	3	3	4	2	2	0	2	6	0	2	3	0	3	4	0	0	0	4	2	6	0	0	1	0	6	4
14916	31 Jul 25	20:40:00	1	0	53	0	Ct	0	0	2	3	0	0	2	4	0	0	1	3	5	0	4	6	0	2	5	0	0	3	6	0	0	2	5	3	0	0	2	0	5	1
14917	31 Jul 25	20:41:00	1	0	53	0	Ct	0	0	0	2	0	0	3	1	3	3	2	2	2	0	4	6	0	1	2	0	0	1	0	0	0	2	5	5	0	0	3	0	4	4
14918	31 Jul 25	20:42:00	1	0	53	0	Ct	0	0	3	1	0	0	5	1	3	5	5	2	3	5	2	4	0	1	2	0	3	5	6	0	0	0	2	1	0	0	3	0	1	2
14919	31 Jul 25	20:43:00	1	0	53	0	Ct	0	0	5	5	0	0	1	0	3	5	1	0	4	2	1	6	0	1	3	0	1	2	6	0	0	3	0	6	0	0	4	0	0	1
14920	31 Jul 25	20:44:00	1	0	53	0	Ct	0	0	2	1	0	0	3	1	2	1	3	3	2	2	4	6	0	1	2	0	0	2	6	0	0	3	0	2	0	0	2	0	0	0
14921	31 Jul 25	20:45:00	1	0	53	0	Ct	0	0	5	0	0	0	2	0	4	0	3	4	3	1	3	6	0	3	3	0	0	4	2	0	0	3	0	7	0	0	3	0	2	1
14922	31 Jul 25	20:46:00	1	0	53	0	Ct	0	0	5	3	0	0	4	1	5	3	3	1	5	5	4	7	0	3	2	0	13	2	1	0	0	2	0	6	0	0	2	0	4	6
14923	31 Jul 25	20:47:00	1	0	53	0	Ct	0	0	5	2	2	0	1	1	4	3	4	2	0	2	2	6	0	1	1	0	3	2	0	0	0	2	0	5	0	0	3	0	1	1
14924	31 Jul 25	20:48:00	1	0	53	0	Ct	0	0	1	3	0	0	2	0	4	2	2	0	0	3	3	6	0	3	4	0	1	1	0	0	0	1	0	3	0	0	3	0	1	3
14925	31 Jul 25	20:49:00	1	0	53	0	Ct	0	0	4	1	0	0	2	8	4	1	3	1	0	3	1	6	0	0	6	0	0	2	0	0	0	1	0	4	0	0	3	0	6	4
14926	31 Jul 25	20:50:00	1	0	53	0	Ct	0	0	3	0	0	0	3	2	4	3	1	0	0	4	2	6	0	2	5	0	0	2	0	0	0	4	6	2	0	0	4	0	0	3
14927	31 Jul 25	20:51:00	1	0	53	0	Ct	0	0	4	1	0	0	1	0	5	4	4	3	5	3	3	5	0	1	0	0	0	2	0	0	0	1	3	5	0	0	5	0	3	4
14928	31 Jul 25	20:52:00	1	0	53	0	Ct	0	0	2	0	0	0	4	0	4	4	2	2	3	0	2	7	0	2	0	0	0	1	0	0	0	0	1	4	0	0	4	0	4	0
14929	31 Jul 25	20:53:00	1	0	53	0	Ct	0	0	2	2	0	0	5	0	3	2	1	5	5	0	3	5	0	1	0	2	0	3	0	0	0	1	3	5	0	0	2	0	2	1
14930	31 Jul 25	20:54:00	1	0	53	0	Ct	0	0	2	1	0	0	4	0	1	2	1	3	2	0	3	6	0	4	0	0	1	3	0	0	0	4	0	4	0	0	4	0	2	2
14931	31 Jul 25	20:55:00	1	0	53	0	Ct	0	0	1	1	0	0	4	3	2	1	0	4	5	0	4	6	0	4	0	0	2	2	0	0	0	2	0	3	0	0	3	0	3	4
14932	31 Jul 25	20:56:00	1	0	53	0	Ct	0	0	3	1	0	0	4	1	2	2	1	4	0	0	4	6	0	1	0	0	2	3	0	0	0	2	0	6	0	0	1	0	2	3
14933	31 Jul 25	20:57:00	1	0	53	0	Ct	0	0	0	0	0	0	2	0	3	2	1	4	0	0	3	6	0	1	0	0	1	4	4	0	0	2	0	4	0	0	1	0	0	2
14934	31 Jul 25	20:58:00	1	0	53	0	Ct	0	0	0	0	0	0	3	0	4	3	3	4	0	0	3	6	0	4	0	0	2	3	3	0	0	0	0	1	0	0	1	0	5	2
14935	31 Jul 25	20:59:00	1	0	53	0	Ct	0	0	0	0	2	0	4	1	2	3	0	3	3	0	2	7	0	1	1	0	3	2	0	0	0	1	0	0	0	0	4	0	4	3
14936	31 Jul 25	21:00:00	1	0	53	0	Ct	0	0	0	0	0	0	3	1	4	5	2	3	2	0	3	6	0	1	3	0	3	2	0	0	0	2	0	0	0	0	3	0	4	2
14937	31 Jul 25	21:01:00	1	0	53	0	Ct	0	0	0	2	0	0	3	3	5	3	1	0	1	0	3	6	0	0	0	0	2	0	0	0	0	0	0	4	0	0	2	0	5	1
14938	31 Jul 25	21:02:00	1	0	53	0	Ct	0	0	0	2	0	0	3	1	3	5	2	1	0	0	3	6	0	2	0	0	3	0	0	0	0	0	0	1	0	0	1	0	4	2
14939	31 Jul 25	21:03:00	1	0	53	0	Ct	0	0	2	0	0	0	3	1	0	4	4	3	0	0	3	4	0	4	0	0	2	0	0	0	0	0	0	3	0	0	2	0	3	1
14940	31 Jul 25	21:04:00	1	0	53	0	Ct	0	0	2	0	0	0	2	1	2	2	0	0	0	0	3	3	0	3	0	0	0	0	0	0	0	0	0	6	0	0	0	0	3	3
14941	31 Jul 25	21:05:00	1	0	53	0	Ct	0	0	4	0	0	0	3	1	2	0	0	0	0	0	6	0	0	1	0	0	0	0	0	0	0	0	0	2	0	0	0	0	4	4
14942	31 Jul 25	21:06:00	1	0	53	0	Ct	0	0	0	0	0	0	3	0	5	4	0	0	3	0	8	4	0	1	0	0	0	0	0	0	0	0	0	5	0	0	2	0	3	2
14943	31 Jul 25	21:07:00	1	0	53	0	Ct	0	0	5	0	0	0	3	0	4	4	0	4	0	0	7	7	0	2	0	0	4	0	0	0	0	0	1	6	0	0	0	0	6	0
14944	31 Jul 25	21:08:00	1	0	53	0	Ct	0	0	2	2	0	0	2	3	3	2	4	5	0	0	8	5	0	4	0	0	0	0	0	1	0	0	3	4	0	0	0	0	4	0
14945	31 Jul 25	21:09:00	1	0	53	0	Ct	0	0	2	2	0	0	2	2	2	5	2	3	0	0	7	7	0	1	0	0	0	0	0	1	0	0	1	6	0	0	0	0	3	2
14946	31 Jul 25	21:10:00	1	0	53	0	Ct	0	0	2	2	0	0	1	2	5	2	1	4	0	0	5	6	0	0	0	0	0	0	0	0	0	0	0	3	0	0	0	0	2	2
14947	31 Jul 25	21:11:00	1	0	53	0	Ct	0	0	3	2	0	0	3	1	4	1	3	2	3	0	5	6	0	1	0	2	2	0	0	0	0	0	0	2	0	0	0	0	4	2
14948	31 Jul 25	21:12:00	1	0	53	0	Ct	0	0	3	0	0	0	3	0	3	3	1	0	5	0	4	6	0	2	0	0	0	0	0	0	0	0	0	4	0	0	0	0	5	2
14949	31 Jul 25	21:13:00	1	0	53	0	Ct	0	0	2	2	0	0	2	0	5	3	1	5	1	0	5	5	0	1	0	0	0	0	0	0	0	0	0	2	0	0	0	0	4	0
14950	31 Jul 25	21:14:00	1	0	53	0	Ct	0	0	3	2	0	0	2	3	2	1	2	3	0	0	3	7	0	1	0	0	0	0	0	0	0	1	0	5	0	0	0	0	1	2
14951	31 Jul 25	21:15:00	1	0	53	0	Ct	0	0	5	3	0	0	1	2	1	1	2	1	0	0	4	7	0	0	0	0	0	0	0	0	0	0	0	0	0	0	0	0	0	1
14952	31 Jul 25	21:16:00	1	0	53	0	Ct	0	0	2	1	0	0	0	0	1	2	4	0	0	0	3	7	0	0	0	0	0	0	0	0	0	1	0	4	0	0	0	0	0	2
14953	31 Jul 25	21:17:00	1	0	53	0	Ct	0	0	3	0	0	0	0	0	4	4	4	0	0	0	4	6	0	1	0	0	0	0	0	0	0	0	0	6	0	0	0	0	0	3
14954	31 Jul 25	21:18:00	1	0	53	0	Ct	0	0	1	0	0	0	2	1	3	2	1	0	0	0	3	6	0	2	0	0	0	0	0	2	0	1	0	6	0	0	0	0	0	2
14955	31 Jul 25	21:19:00	1	0	53	0	Ct	0	0	2	2	2	0	3	0	3	1	4	4	0	0	6	6	0	4	0	0	0	2	0	0	0	0	0	5	0	0	0	0	1	3
14956	31 Jul 25	21:20:00	1	0	53	0	Ct	0	0	2	0	2	0	0	0	2	1	3	1	0	0	2	4	0	3	0	0	0	1	0	0	0	3	0	6	0	0	0	0	0	3
14957	31 Jul 25	21:21:00	1	0	53	0	Ct	0	0	4	0	2	0	1	0	2	3	4	2	0	0	3	7	0	0	0	0	2	1	0	0	0	0	0	6	0	0	0	0	4	3
14958	31 Jul 25	21:22:00	1	0	53	0	Ct	0	0	3	0	1	0	0	1	3	2	1	5	0	0	3	5	0	2	0	0	2	0	0	1	0	2	0	5	0	0	0	0	2	3
14959	31 Jul 25	21:23:00	1	0	53	0	Ct	0	0	3	0	1	0	2	1	2	3	3	5	0	0	1	7	0	0	0	0	1	0	0	0	0	0	0	3	0	0	0	0	0	3
14960	31 Jul 25	21:24:00	1	0	53	0	Ct	0	0	2	0	0	0	3	0	3	1	3	2	0	0	4	7	0	1	0	0	0	0	0	1	0	0	0	6	0	0	0	0	0	1
14961	31 Jul 25	21:25:00	1	0	53	0	Ct	0	0	1	0	0	0	0	0	3	2	3	5	2	0	3	7	0	3	0	0	0	0	0	0	0	0	0	4	0	0	0	0	0	4
14962	31 Jul 25	21:26:00	1	0	53	0	Ct	0	0	1	4	0	0	3	2	4	0	6	3	2	0	3	6	0	0	0	0	0	0	0	0	0	0	0	4	0	0	0	0	0	2
14963	31 Jul 25	21:27:00	1	0	53	0	Ct	0	0	0	0	0	0	2	1	3	3	2	5	2	0	2	5	0	2	0	0	0	0	0	0	0	1	0	3	0	0	0	0	2	0
14964	31 Jul 25	21:28:00	1	0	53	0	Ct	0	0	2	0	0	0	3	0	0	3	2	4	0	0	4	6	0	2	0	0	0	0	0	0	0	1	1	4	0	0	0	0	4	0
14965	31 Jul 25	21:29:00	1	0	53	0	Ct	0	0	6	0	0	0	0	0	2	0	1	2	0	0	4	4	0	0	0	0	0	0	0	0	0	0	0	4	0	0	0	0	4	1
14966	31 Jul 25	21:30:00	1	0	53	0	Ct	0	0	4	0	0	0	0	1	2	1	3	2	0	0	3	6	0	1	0	0	0	0	0	0	0	0	0	5	0	0	2	0	2	1
14967	31 Jul 25	21:31:00	1	0	53	0	Ct	0	0	4	0	0	0	1	2	2	2	3	3	0	0	3	5	0	1	0	0	0	0	0	0	0	0	0	6	0	0	0	0	3	2
14968	31 Jul 25	21:32:00	1	0	53	0	Ct	0	0	2	0	0	0	4	0	1	3	1	3	1	0	2	4	0	1	0	0	0	0	0	0	0	0	0	5	0	0	2	0	4	2
14969	31 Jul 25	21:33:00	1	0	53	0	Ct	0	0	6	0	0	0	3	0	3	2	0	4	3	0	3	2	0	1	0	0	0	0	0	0	0	0	0	4	0	0	0	0	3	3
14970	31 Jul 25	21:34:00	1	0	53	0	Ct	0	0	5	0	0	0	3	0	4	1	3	3	3	0	1	6	0	2	0	0	0	0	0	0	0	0	0	3	0	0	2	0	0	3
14971	31 Jul 25	21:35:00	1	0	53	0	Ct	0	0	4	1	0	0	5	0	2	1	2	3	0	3	3	6	0	1	0	0	0	0	0	0	0	0	2	1	0	0	4	0	0	1
14972	31 Jul 25	21:36:00	1	0	53	0	Ct	0	0	2	5	0	0	4	1	5	2	0	3	0	0	4	4	0	1	0	0	0	0	0	0	0	0	0	6	0	0	2	0	0	4
14973	31 Jul 25	21:37:00	1	0	53	0	Ct	0	0	2	2	0	0	1	4	0	4	0	2	0	0	4	4	0	1	0	0	0	0	0	0	0	0	0	4	0	0	5	0	1	1
14974	31 Jul 25	21:38:00	1	0	53	0	Ct	0	0	5	1	0	0	3	1	0	2	0	4	0	0	5	5	0	0	0	0	0	0	0	2	0	0	0	7	0	0	4	0	0	2
14975	31 Jul 25	21:39:00	1	0	53	0	Ct	0	0	3	0	0	0	4	0	2	1	0	2	0	0	2	6	0	1	0	0	0	0	0	1	0	0	0	4	0	0	3	0	1	3
14976	31 Jul 25	21:40:00	1	0	53	0	Ct	0	0	2	0	0	0	1	4	4	0	0	5	0	0	4	5	0	1	0	0	0	0	0	1	0	0	0	4	0	0	5	0	0	0
14977	31 Jul 25	21:41:00	1	0	53	0	Ct	0	0	3	1	0	0	0	0	3	4	0	0	0	0	4	5	0	1	0	0	0	0	0	0	0	0	0	2	0	0	1	0	3	0
14978	31 Jul 25	21:42:00	1	0	53	0	Ct	0	0	3	2	0	0	3	0	3	2	0	3	0	0	3	4	0	1	0	0	2	0	1	2	0	0	0	3	0	0	5	0	0	3
14979	31 Jul 25	21:43:00	1	0	53	0	Ct	0	0	1	2	0	0	2	0	4	2	0	5	0	0	5	6	0	0	0	0	0	0	5	0	0	0	0	1	0	0	4	0	0	2
14980	31 Jul 25	21:44:00	1	0	53	0	Ct	0	0	0	1	0	0	1	1	2	2	0	3	0	0	2	5	0	2	0	0	8	0	3	0	0	0	0	3	0	0	4	0	2	0
14981	31 Jul 25	21:45:00	1	0	53	0	Ct	0	0	0	2	0	0	2	1	5	3	0	2	0	0	3	6	0	1	0	2	3	0	0	0	0	0	0	2	0	0	3	0	0	1
14982	31 Jul 25	21:46:00	1	0	53	0	Ct	0	0	2	1	0	0	2	0	3	4	0	0	0	0	3	5	0	2	0	1	3	0	0	0	0	0	0	2	0	0	5	0	0	1
14983	31 Jul 25	21:47:00	1	0	53	0	Ct	0	0	0	4	0	0	2	0	1	1	0	1	0	0	4	5	0	1	0	0	1	0	0	0	0	0	0	3	0	0	2	0	0	5
14984	31 Jul 25	21:48:00	1	0	53	0	Ct	0	0	0	5	0	0	2	0	0	2	0	5	1	0	0	6	0	1	0	4	1	0	0	0	0	0	0	4	0	0	5	0	0	4
14985	31 Jul 25	21:49:00	1	0	53	0	Ct	0	0	1	1	0	0	0	0	1	1	0	2	3	0	1	5	0	2	0	0	2	0	0	0	0	0	0	1	0	0	3	0	0	2
14986	31 Jul 25	21:50:00	1	0	53	0	Ct	0	0	1	4	0	0	3	0	4	1	0	3	4	0	0	5	0	1	0	1	3	0	0	0	0	0	0	3	0	0	0	0	0	5
14987	31 Jul 25	21:51:00	1	0	53	0	Ct	0	0	0	1	0	0	1	0	3	1	0	3	0	0	4	4	0	1	0	2	1	0	0	0	0	0	0	3	0	0	2	0	0	3
14988	31 Jul 25	21:52:00	1	0	53	0	Ct	0	0	0	1	0	0	2	0	4	1	2	2	0	0	2	6	0	1	2	1	2	0	0	0	0	0	0	4	0	0	3	0	0	2
14989	31 Jul 25	21:53:00	1	0	53	0	Ct	0	0	3	0	0	0	1	3	0	2	0	4	0	0	3	5	0	1	1	0	4	0	0	0	0	0	0	2	0	0	3	0	0	3
14990	31 Jul 25	21:54:00	1	0	53	0	Ct	0	0	0	0	0	0	3	0	0	0	4	4	0	0	2	6	0	3	0	2	4	0	0	0	0	0	0	3	0	0	0	0	0	2
14991	31 Jul 25	21:55:00	1	0	53	0	Ct	0	0	2	0	0	0	1	0	0	2	2	3	0	0	4	3	0	1	0	0	2	0	0	0	0	0	0	1	0	0	3	0	0	0
14992	31 Jul 25	21:56:00	1	0	53	0	Ct	0	0	2	0	0	0	2	0	0	1	6	3	0	0	3	6	0	0	0	0	0	0	0	0	0	0	0	3	0	0	2	0	0	0
14993	31 Jul 25	21:57:00	1	0	53	0	Ct	0	0	4	0	0	0	1	2	0	1	4	3	0	0	2	5	0	1	0	0	3	0	0	0	0	0	0	5	0	0	3	0	1	2
14994	31 Jul 25	21:58:00	1	0	53	0	Ct	0	0	0	0	0	0	2	0	0	1	2	3	0	0	3	5	0	3	0	0	2	0	0	2	0	0	0	1	0	0	2	0	0	2
14995	31 Jul 25	21:59:00	1	0	53	0	Ct	0	0	0	0	0	0	3	0	0	2	3	2	0	0	3	6	0	1	0	0	3	0	0	1	0	0	0	4	0	0	3	0	1	3
14996	31 Jul 25	22:00:00	1	0	53	0	Ct	0	0	0	0	1	0	0	0	0	2	3	2	0	0	3	6	0	3	0	0	2	0	0	0	0	0	0	3	0	0	3	0	2	3
14997	31 Jul 25	22:01:00	1	0	53	0	Ct	0	0	0	0	1	0	0	0	4	1	2	2	0	0	7	6	0	2	0	0	2	0	0	0	0	0	0	4	0	0	3	0	4	4
14998	31 Jul 25	22:02:00	1	0	53	0	Ct	0	0	0	4	0	0	5	0	3	2	4	4	0	0	5	5	0	4	0	0	2	0	0	0	0	0	2	5	0	0	2	0	1	0
14999	31 Jul 25	22:03:00	1	0	53	0	Ct	0	0	2	0	0	0	2	0	3	1	5	1	0	0	5	9	0	3	0	0	2	0	0	0	0	0	0	2	0	0	4	0	1	1
15000	31 Jul 25	22:04:00	1	0	53	0	Ct	0	0	2	0	0	0	2	0	0	2	3	2	0	1	8	8	0	2	0	0	2	0	0	0	0	0	0	0	0	0	2	0	3	0
15001	31 Jul 25	22:05:00	1	0	53	0	Ct	0	0	0	0	2	0	4	0	0	0	1	3	0	1	5	6	1	2	0	3	5	0	0	0	0	0	0	3	0	0	2	0	4	2
15002	31 Jul 25	22:06:00	1	0	53	0	Ct	0	0	0	0	0	0	2	0	0	2	3	3	0	0	4	7	0	3	0	1	6	0	0	0	0	0	0	3	0	0	2	0	4	1
15003	31 Jul 25	22:07:00	1	0	53	0	Ct	0	0	2	0	0	0	0	2	0	3	1	4	0	0	3	7	0	3	0	0	3	0	0	0	0	0	0	4	0	0	2	0	2	2
15004	31 Jul 25	22:08:00	1	0	53	0	Ct	0	0	3	0	0	0	1	1	0	2	4	4	1	0	5	5	0	1	0	0	1	3	0	0	0	0	0	2	0	0	1	0	4	5
15005	31 Jul 25	22:09:00	1	0	53	0	Ct	0	0	2	0	0	0	1	0	0	0	3	0	3	0	2	7	0	3	0	0	0	0	0	0	0	0	0	5	0	0	3	0	4	0
15006	31 Jul 25	22:10:00	1	0	53	0	Ct	0	0	2	0	0	0	2	1	5	3	2	3	0	0	3	6	0	1	0	0	0	0	0	0	0	0	0	1	0	0	4	0	2	3
15007	31 Jul 25	22:11:00	1	0	53	0	Ct	0	0	6	0	0	0	2	1	1	3	1	3	0	0	5	5	0	0	0	0	2	0	0	0	0	0	0	1	0	0	3	0	3	1
15008	31 Jul 25	22:12:00	1	0	53	0	Ct	0	0	0	0	0	0	3	0	0	2	3	4	0	0	2	6	0	1	0	0	0	0	0	0	0	0	0	9	0	0	4	0	3	4
15009	31 Jul 25	22:13:00	1	0	53	0	Ct	0	0	0	0	0	0	2	0	0	3	1	2	0	0	5	6	0	2	0	0	5	0	0	0	0	0	0	6	0	0	2	0	1	2
15010	31 Jul 25	22:14:00	1	0	53	0	Ct	0	0	2	0	0	0	4	1	0	3	0	3	1	0	3	5	0	1	0	0	5	0	0	0	0	0	0	7	0	0	2	0	4	4
15011	31 Jul 25	22:15:00	1	0	53	0	Ct	0	0	0	0	0	0	2	1	0	3	2	0	5	0	2	6	0	1	0	0	0	0	0	0	0	6	0	2	0	0	2	0	1	4
15012	31 Jul 25	22:16:00	1	0	53	0	Ct	0	0	2	0	0	0	1	0	0	0	1	3	0	0	3	5	0	3	0	0	1	0	0	0	0	1	0	4	0	0	2	0	2	4
15013	31 Jul 25	22:17:00	1	0	53	0	Ct	0	0	0	0	0	0	2	0	0	0	1	1	0	0	1	4	0	1	0	0	3	0	0	0	0	2	0	2	0	0	4	0	2	5
15014	31 Jul 25	22:18:00	1	0	53	0	Ct	0	0	0	0	0	0	0	0	0	3	4	1	0	0	4	4	0	3	0	0	5	0	0	0	0	0	0	2	0	0	1	0	14	4
15015	31 Jul 25	22:19:00	1	0	53	0	Ct	0	0	3	0	0	0	0	4	3	2	2	1	2	0	4	4	0	1	0	0	4	0	0	0	0	0	1	5	0	0	2	0	2	1
15016	31 Jul 25	22:20:00	1	0	53	0	Ct	0	0	3	0	0	0	0	3	4	3	3	4	3	0	2	3	0	1	0	0	2	0	0	0	0	0	1	1	0	0	3	0	0	3
15017	31 Jul 25	22:21:00	1	0	53	0	Ct	0	0	4	0	0	0	0	3	1	3	0	3	3	0	4	1	0	2	0	0	3	0	0	0	0	4	0	0	0	0	1	0	0	4
15018	31 Jul 25	22:22:00	1	0	53	0	Ct	0	0	5	0	0	0	2	0	3	1	1	2	0	0	2	4	0	0	0	0	1	0	0	0	0	2	4	0	0	0	17	0	0	3
15019	31 Jul 25	22:23:00	1	0	53	0	Ct	0	0	4	1	0	0	0	0	2	0	2	3	4	0	5	3	0	0	0	0	0	3	0	0	0	2	3	0	0	0	7	0	0	2
15020	31 Jul 25	22:24:00	1	0	53	0	Ct	0	0	3	0	0	0	1	3	2	2	1	3	2	0	7	2	0	0	0	0	0	0	0	0	0	3	0	1	0	0	3	0	0	3
15021	31 Jul 25	22:25:00	1	0	53	0	Ct	0	0	3	0	0	0	3	2	1	3	0	1	0	0	3	7	0	0	0	0	0	0	0	0	0	3	0	0	0	0	1	0	0	1
15022	31 Jul 25	22:26:00	1	0	53	0	Ct	0	0	3	0	0	0	1	1	0	5	0	3	0	0	4	4	0	3	0	0	0	0	0	0	0	0	0	3	0	0	3	0	0	0
15023	31 Jul 25	22:27:00	1	0	53	0	Ct	0	0	2	0	0	0	5	0	0	2	2	3	0	0	4	11	0	3	0	0	1	0	0	0	0	1	0	2	0	0	2	0	0	3
15024	31 Jul 25	22:28:00	1	0	53	0	Ct	0	0	2	0	0	0	2	0	0	1	1	0	2	0	4	4	0	1	0	0	1	0	0	0	0	2	0	2	0	0	2	0	0	2
15025	31 Jul 25	22:29:00	1	0	53	0	Ct	0	0	0	0	0	0	2	0	0	1	4	0	2	0	3	1	0	0	0	0	0	0	0	0	0	4	0	3	0	0	3	0	1	0
15026	31 Jul 25	22:30:00	1	0	53	0	Ct	0	0	0	0	0	0	2	0	0	1	2	0	0	0	2	3	0	1	0	0	0	0	0	0	0	5	0	3	0	0	7	0	5	3
15027	31 Jul 25	22:31:00	1	0	53	0	Ct	0	0	0	0	0	0	2	3	0	0	4	0	0	0	0	4	0	1	0	0	0	0	0	0	0	4	0	4	0	0	1	0	0	0
15028	31 Jul 25	22:32:00	1	0	53	0	Ct	0	0	0	0	0	0	0	2	0	1	2	1	0	0	2	6	0	0	0	0	0	0	0	0	0	1	0	2	0	0	3	0	1	2
15029	31 Jul 25	22:33:00	1	0	53	0	Ct	0	0	1	1	0	0	2	0	0	2	1	4	0	0	5	5	0	1	0	0	0	0	0	0	0	1	0	1	0	0	3	0	2	1
15030	31 Jul 25	22:34:00	1	0	53	0	Ct	0	0	2	0	0	0	4	0	0	1	0	2	0	0	3	5	0	1	0	0	0	0	0	0	0	2	0	2	0	0	0	0	3	1
15031	31 Jul 25	22:35:00	1	0	53	0	Ct	0	0	4	1	0	0	3	0	0	0	2	5	0	0	2	2	0	1	0	0	0	0	0	0	0	2	0	3	0	0	0	0	1	2
15032	31 Jul 25	22:36:00	1	0	53	0	Ct	0	0	4	0	0	0	3	0	0	3	3	4	0	0	1	4	0	1	0	0	0	0	0	0	0	1	0	2	0	0	3	0	3	2
15033	31 Jul 25	22:37:00	1	0	53	0	Ct	0	0	3	0	0	0	0	0	0	5	1	1	0	0	4	1	0	1	0	0	0	0	0	0	0	1	0	4	0	0	1	0	2	0
15034	31 Jul 25	22:38:00	1	0	53	0	Ct	0	0	2	0	0	0	0	0	0	1	1	0	0	0	2	5	0	2	0	0	1	0	0	0	0	1	0	2	0	0	2	0	4	0
15035	31 Jul 25	22:39:00	1	0	53	0	Ct	0	0	5	0	2	0	0	0	0	1	1	0	0	0	4	5	0	0	0	0	1	2	0	0	0	0	0	1	0	0	0	0	5	0
15036	31 Jul 25	22:40:00	1	0	53	0	Ct	0	0	1	0	0	0	0	0	0	1	2	2	0	0	3	4	0	0	0	0	0	0	0	0	0	0	0	3	0	0	0	0	2	1
15037	31 Jul 25	22:41:00	1	0	53	0	Ct	0	0	3	0	4	0	0	0	0	3	2	0	0	0	2	4	0	1	0	0	0	0	0	0	0	0	0	2	0	0	0	0	3	2
15038	31 Jul 25	22:42:00	1	0	53	0	Ct	0	0	1	0	0	0	0	0	0	1	4	0	0	0	0	5	0	1	1	0	0	0	0	0	0	0	0	0	0	0	0	0	3	1
15039	31 Jul 25	22:43:00	1	0	53	0	Ct	0	0	1	0	0	0	0	0	0	0	1	0	1	0	0	5	0	1	1	0	0	0	0	0	0	0	0	6	0	0	0	0	4	0
15040	31 Jul 25	22:44:00	1	0	53	0	Ct	0	0	3	0	0	0	0	2	0	4	1	0	1	0	2	2	0	0	0	0	1	0	0	0	0	0	0	7	0	0	1	0	4	0
15041	31 Jul 25	22:45:00	1	0	53	0	Ct	0	0	1	0	0	0	0	3	0	1	2	3	0	0	2	4	0	0	0	0	1	0	0	2	0	0	0	4	0	0	1	0	3	3
15042	31 Jul 25	22:46:00	1	0	53	0	Ct	0	0	3	0	2	0	0	1	0	2	0	2	0	0	2	0	0	0	0	0	3	0	0	1	0	0	0	4	0	0	0	0	1	1
15043	31 Jul 25	22:47:00	1	0	53	0	Ct	0	0	1	0	2	0	0	0	0	1	2	1	0	0	2	0	0	0	0	0	0	1	0	0	0	0	0	6	0	0	0	0	3	0
15044	31 Jul 25	22:48:00	1	0	53	0	Ct	0	0	3	0	0	0	0	0	0	0	0	2	0	0	1	3	0	1	0	0	0	2	0	0	0	0	0	4	0	0	0	0	3	0
15045	31 Jul 25	22:49:00	1	0	53	0	Ct	0	0	5	0	1	0	0	0	0	0	1	4	0	0	2	2	0	2	0	0	0	1	0	0	0	0	0	5	0	0	0	0	3	1
15046	31 Jul 25	22:50:00	1	0	53	0	Ct	0	0	4	0	0	0	0	0	1	1	1	1	0	0	0	3	0	0	0	0	0	0	0	0	0	0	0	4	0	0	0	0	2	1
15047	31 Jul 25	22:51:00	1	0	53	0	Ct	0	0	2	0	0	0	0	0	3	2	0	3	0	0	1	5	0	0	0	2	0	0	0	1	0	0	0	3	0	0	0	0	3	0
15048	31 Jul 25	22:52:00	1	0	53	0	Ct	0	0	2	0	0	0	0	0	1	0	0	2	0	0	2	5	0	0	0	1	0	0	0	0	0	0	0	6	0	0	0	0	2	3
15049	31 Jul 25	22:53:00	1	0	53	0	Ct	0	0	3	0	0	0	0	0	0	0	0	2	0	0	2	3	0	2	0	1	0	0	0	0	0	0	0	6	0	0	0	0	2	4
15050	31 Jul 25	22:54:00	1	0	53	0	Ct	0	0	4	0	0	0	3	0	0	0	0	2	0	0	4	8	0	1	0	0	0	0	0	0	0	0	0	3	0	0	0	0	2	3
15051	31 Jul 25	22:55:00	1	0	53	0	Ct	0	0	3	0	0	0	0	0	0	2	0	2	0	0	3	7	0	2	0	0	0	0	0	0	0	0	0	6	0	0	0	0	4	1
15052	31 Jul 25	22:56:00	1	0	53	0	Ct	0	0	0	0	0	0	3	0	0	2	0	2	0	0	3	5	0	0	0	0	0	0	0	0	0	0	0	3	0	0	0	0	1	0
15053	31 Jul 25	22:57:00	1	0	53	0	Ct	0	0	3	0	0	0	3	0	0	1	0	0	0	0	2	4	0	0	0	0	3	0	0	0	0	0	0	2	0	0	0	0	3	0
15054	31 Jul 25	22:58:00	1	0	53	0	Ct	0	0	3	0	0	0	2	3	0	1	1	0	0	3	2	6	0	1	0	0	1	0	0	0	0	0	0	2	0	0	0	0	3	0
15055	31 Jul 25	22:59:00	1	0	53	0	Ct	0	0	1	0	0	0	0	0	0	1	5	3	0	6	3	4	0	1	0	0	0	0	0	0	0	0	0	2	0	0	0	0	2	1
15056	31 Jul 25	23:00:00	1	0	53	0	Ct	0	0	2	0	0	0	0	0	1	2	0	4	0	0	2	5	0	0	0	0	0	0	0	0	0	0	0	0	0	0	0	0	3	2
15057	31 Jul 25	23:01:00	1	0	53	0	Ct	0	0	3	0	0	0	0	0	1	1	0	2	0	0	2	4	0	0	1	0	0	0	0	0	0	0	0	2	0	0	0	0	3	4
15058	31 Jul 25	23:02:00	1	0	53	0	Ct	0	0	3	0	0	0	0	0	0	2	4	3	0	0	3	4	0	0	2	0	0	0	0	0	0	3	0	0	0	0	0	0	2	1
15059	31 Jul 25	23:03:00	1	0	53	0	Ct	0	0	2	0	0	0	0	3	0	1	2	2	0	0	1	2	0	0	1	0	0	0	0	0	0	2	0	1	0	0	0	0	1	0
15060	31 Jul 25	23:04:00	1	0	53	0	Ct	0	0	2	0	0	0	0	0	0	1	1	1	0	0	4	6	0	0	0	0	0	0	0	0	0	1	0	6	0	0	0	0	0	0
15061	31 Jul 25	23:05:00	1	0	53	0	Ct	0	0	2	0	0	0	0	0	0	1	1	3	2	0	1	5	0	0	0	0	0	0	0	0	0	0	0	3	0	0	0	0	0	0
15062	31 Jul 25	23:06:00	1	0	53	0	Ct	0	0	2	0	0	0	0	0	0	0	0	1	0	0	2	11	0	0	0	0	0	0	0	0	0	0	0	1	0	0	0	0	0	2
15063	31 Jul 25	23:07:00	1	0	53	0	Ct	0	0	1	0	0	0	0	0	0	1	0	2	0	0	2	4	0	0	0	0	0	0	0	2	0	0	0	1	0	0	0	0	0	0
15064	31 Jul 25	23:08:00	1	0	53	0	Ct	0	0	2	0	0	0	0	0	0	0	2	3	0	5	1	4	0	0	0	0	0	0	0	0	0	0	0	0	0	0	0	0	0	0
15065	31 Jul 25	23:09:00	1	0	53	0	Ct	0	0	3	0	0	0	0	0	2	0	1	0	0	2	3	1	0	0	0	0	0	0	0	0	0	0	0	2	0	0	0	0	0	0
15066	31 Jul 25	23:10:00	1	0	53	0	Ct	0	0	3	0	0	0	0	0	0	0	2	0	0	0	3	1	0	1	0	0	0	0	0	3	0	0	0	4	0	0	2	0	0	3
15067	31 Jul 25	23:11:00	1	0	53	0	Ct	0	0	2	0	0	0	0	0	0	0	2	0	0	0	0	4	0	3	0	0	0	0	0	0	0	0	0	2	0	0	1	0	0	2
15068	31 Jul 25	23:12:00	1	0	53	0	Ct	0	0	0	0	0	0	0	0	0	0	2	0	0	0	2	2	0	1	0	0	0	0	0	0	0	0	0	0	0	0	1	0	0	3
15069	31 Jul 25	23:13:00	1	0	53	0	Ct	0	0	0	0	0	0	0	0	0	3	3	0	0	0	2	2	0	1	0	0	0	0	0	0	0	0	0	3	0	0	1	0	0	2
15070	31 Jul 25	23:14:00	1	0	53	0	Ct	0	0	0	0	0	0	0	0	0	1	3	0	0	0	0	3	0	1	0	0	0	0	0	0	0	0	0	2	0	0	1	0	0	2
15071	31 Jul 25	23:15:00	1	0	53	0	Ct	0	0	2	0	0	0	0	1	0	0	1	0	0	0	1	5	0	1	0	0	1	0	0	0	0	0	0	1	0	0	2	0	0	1
15072	31 Jul 25	23:16:00	1	0	53	0	Ct	0	0	5	0	0	0	0	0	0	1	2	0	0	0	5	3	0	1	0	0	3	0	0	0	0	0	0	2	0	0	2	0	1	1
15073	31 Jul 25	23:17:00	1	0	53	0	Ct	0	0	2	0	0	0	0	0	0	0	2	0	0	0	2	5	0	0	0	0	0	0	0	0	0	0	0	1	0	0	2	0	7	2
15074	31 Jul 25	23:18:00	1	0	53	0	Ct	0	0	2	0	0	0	2	0	0	2	3	3	0	0	3	3	0	0	0	0	0	0	0	0	0	0	0	3	0	0	5	0	3	0
15075	31 Jul 25	23:19:00	1	0	53	0	Ct	0	0	0	0	1	0	2	0	0	1	1	2	0	0	1	2	0	0	0	0	0	0	0	0	0	0	0	0	0	0	1	0	12	0
15076	31 Jul 25	23:20:00	1	0	53	0	Ct	0	0	1	0	3	0	0	0	0	0	1	3	0	0	2	6	0	1	0	0	0	0	0	0	0	0	0	3	0	0	0	0	5	3
15077	31 Jul 25	23:21:00	1	0	53	0	Ct	0	0	2	0	0	0	0	0	0	1	4	2	0	0	3	0	0	2	0	0	0	0	2	2	0	0	0	3	0	0	3	0	1	1
15078	31 Jul 25	23:22:00	1	0	53	0	Ct	0	0	4	2	2	0	5	0	0	1	1	2	0	0	4	4	0	1	0	0	0	0	0	0	0	1	0	0	0	0	2	0	0	4
15079	31 Jul 25	23:23:00	1	0	53	0	Ct	0	0	4	0	0	0	0	0	0	0	0	5	0	0	4	6	0	3	0	0	0	0	2	1	0	1	0	0	0	0	2	0	0	0
15080	31 Jul 25	23:24:00	1	0	53	0	Ct	0	0	1	0	0	0	1	0	0	0	0	2	0	0	6	1	0	0	1	0	0	0	4	2	0	0	0	1	0	0	2	0	0	3
15081	31 Jul 25	23:25:00	1	0	53	0	Ct	0	0	2	0	0	0	1	0	0	3	0	2	0	0	4	1	0	1	0	0	0	0	0	0	0	0	0	3	0	0	2	0	4	2
15082	31 Jul 25	23:26:00	1	0	53	0	Ct	0	0	1	0	0	0	0	2	0	0	3	2	0	0	2	2	0	0	0	0	0	0	0	0	0	0	0	1	0	0	2	0	2	3
15083	31 Jul 25	23:27:00	1	0	53	0	Ct	0	0	0	0	0	0	0	0	0	0	3	2	3	0	1	4	0	3	0	0	0	0	0	0	0	0	0	4	0	0	6	0	2	2
15084	31 Jul 25	23:28:00	1	0	53	0	Ct	0	0	1	0	0	0	0	0	0	1	1	4	4	0	2	6	0	1	0	0	0	0	0	0	0	0	0	5	0	0	2	0	4	0
15085	31 Jul 25	23:29:00	1	0	53	0	Ct	0	0	1	0	0	0	0	3	0	0	1	3	1	0	3	9	0	2	0	0	0	0	0	0	0	0	0	3	0	0	1	0	4	0
15086	31 Jul 25	23:30:00	1	0	53	0	Ct	0	0	3	0	0	0	0	1	0	2	0	3	0	0	1	6	0	0	0	2	0	0	0	0	0	0	0	5	0	0	3	0	0	0
15087	31 Jul 25	23:31:00	1	0	53	0	Ct	0	0	2	0	0	0	0	1	0	1	0	1	0	0	5	6	0	2	0	0	0	0	0	0	0	0	0	3	0	0	3	0	0	0
15088	31 Jul 25	23:32:00	1	0	53	0	Ct	0	0	1	0	0	0	0	0	0	0	1	0	1	0	4	3	0	2	0	3	0	0	0	0	0	0	0	2	0	0	4	0	0	0
15089	31 Jul 25	23:33:00	1	0	53	0	Ct	0	0	1	0	0	0	0	0	0	2	1	0	1	0	2	5	0	0	0	3	0	0	0	0	0	0	0	1	0	0	2	0	0	0
15090	31 Jul 25	23:34:00	1	0	53	0	Ct	0	0	3	0	0	0	0	0	0	0	1	0	0	0	2	5	0	2	0	4	0	0	0	0	0	0	0	3	0	0	4	0	2	0
15091	31 Jul 25	23:35:00	1	0	53	0	Ct	0	0	4	0	0	0	0	0	0	0	1	4	0	2	1	6	0	0	0	2	0	0	0	4	0	0	0	1	0	0	3	0	1	0
15092	31 Jul 25	23:36:00	1	0	53	0	Ct	0	0	2	0	0	0	0	0	0	1	5	2	0	0	3	4	0	3	0	0	0	0	2	1	0	0	0	3	0	0	1	0	1	0
15093	31 Jul 25	23:37:00	1	0	53	0	Ct	0	0	0	0	0	0	0	0	0	3	2	0	0	1	2	5	0	1	0	0	1	0	4	0	0	0	0	3	0	0	3	0	5	0
15094	31 Jul 25	23:38:00	1	0	53	0	Ct	0	0	1	0	2	0	0	0	0	2	3	3	0	1	3	5	0	0	0	2	1	0	3	0	0	0	0	0	0	0	1	0	3	1
15095	31 Jul 25	23:39:00	1	0	53	0	Ct	0	0	3	0	0	0	0	1	0	0	4	4	0	0	2	6	0	1	0	0	0	0	4	0	0	0	0	1	0	0	3	0	1	4
15096	31 Jul 25	23:40:00	1	0	53	0	Ct	0	0	0	0	0	0	0	1	2	0	1	3	0	0	3	5	0	0	0	0	0	0	4	0	0	0	0	1	0	0	4	0	0	1
15097	31 Jul 25	23:41:00	1	0	53	0	Ct	0	0	2	0	0	0	0	0	1	0	5	2	0	0	1	5	0	2	0	0	0	2	0	0	0	0	0	2	0	0	4	0	0	4
15098	31 Jul 25	23:42:00	1	0	53	0	Ct	0	0	3	0	0	0	0	0	0	0	4	3	0	0	6	5	0	1	0	0	0	0	0	0	0	0	0	1	0	0	2	0	0	1
15099	31 Jul 25	23:43:00	1	0	53	0	Ct	0	0	2	0	0	0	0	0	1	1	4	3	0	0	4	5	0	6	0	0	0	0	3	0	0	0	0	3	0	0	2	0	0	1
15100	31 Jul 25	23:44:00	1	0	53	0	Ct	0	0	2	0	0	0	0	0	0	1	1	3	0	0	4	4	0	1	0	7	0	0	0	0	0	0	0	5	0	0	1	0	2	2
15101	31 Jul 25	23:45:00	1	0	53	0	Ct	0	0	0	0	0	0	1	0	0	1	1	3	0	0	3	2	0	2	0	0	0	0	0	0	0	0	0	3	0	0	1	0	0	0
15102	31 Jul 25	23:46:00	1	0	53	0	Ct	0	0	0	0	0	0	1	0	0	0	0	0	0	0	4	2	0	1	0	1	0	0	0	0	0	0	0	6	0	0	0	0	1	0
15103	31 Jul 25	23:47:00	1	0	53	0	Ct	0	0	0	0	0	0	0	3	0	0	1	1	0	0	4	3	0	0	0	5	0	0	0	0	0	0	1	4	0	0	2	0	1	2
15104	31 Jul 25	23:48:00	1	0	53	0	Ct	0	0	0	0	0	0	0	3	0	0	1	3	0	0	6	2	0	1	0	0	0	0	0	0	0	0	0	2	0	0	1	0	0	1
15105	31 Jul 25	23:49:00	1	0	53	0	Ct	0	0	0	0	0	0	0	3	0	1	2	0	0	0	5	2	0	0	0	0	0	0	0	0	0	0	0	3	0	0	2	0	3	1
15106	31 Jul 25	23:50:00	1	0	53	0	Ct	0	0	3	0	0	0	0	2	0	0	2	0	0	0	5	5	1	1	0	0	0	0	0	3	0	0	0	4	0	0	0	0	2	3
15107	31 Jul 25	23:51:00	1	0	53	0	Ct	0	0	1	0	0	0	0	2	0	0	1	0	0	0	3	6	1	0	0	0	0	0	0	2	0	0	1	2	0	0	3	0	3	0
15108	31 Jul 25	23:52:00	1	0	53	0	Ct	0	0	1	0	0	0	0	0	0	0	3	0	0	0	2	5	0	3	0	0	0	0	0	0	0	0	0	4	0	0	1	0	2	0
15109	31 Jul 25	23:53:00	1	0	53	0	Ct	0	0	0	2	0	0	0	0	0	0	1	0	0	0	4	5	0	1	0	0	0	0	0	0	0	0	0	7	0	0	4	0	1	0
15110	31 Jul 25	23:54:00	1	0	53	0	Ct	0	0	0	0	0	0	0	3	0	0	4	1	0	0	2	0	0	0	0	0	0	0	0	0	0	0	0	3	0	0	4	0	1	3
15111	31 Jul 25	23:55:00	1	0	53	0	Ct	0	0	0	0	0	0	0	0	0	0	1	3	0	0	3	4	0	0	0	0	0	0	0	0	0	0	0	4	0	0	2	0	1	2
15112	31 Jul 25	23:56:00	1	0	53	0	Ct	0	0	3	0	0	0	0	1	0	3	1	0	0	0	3	4	0	0	0	0	0	0	0	0	0	0	0	0	0	0	4	0	1	1
15113	31 Jul 25	23:57:00	1	0	53	0	Ct	0	0	3	0	0	0	0	1	0	1	0	2	0	0	3	3	0	0	1	0	0	0	0	0	0	0	0	0	0	0	1	0	0	0
15114	31 Jul 25	23:58:00	1	0	53	0	Ct	0	0	4	2	0	0	1	0	0	1	4	1	0	0	2	3	0	0	1	0	0	1	0	1	0	0	0	2	0	0	1	0	0	0
15115	31 Jul 25	23:59:00	1	0	53	0	Ct	0	0	0	0	0	0	1	0	0	1	2	2	0	0	3	5	0	1	0	0	1	1	0	2	0	0	0	3	0	0	5	0	0	0
15116	1 Aug 25	00:00:00	1	0	53	0	Ct	0	0	0	0	0	0	2	0	0	0	2	2	0	0	3	4	0	0	0	2	2	0	0	0	0	0	0	4	0	0	2	0	2	2
15117	1 Aug 25	00:01:00	1	0	53	0	Ct	0	0	0	0	0	0	0	0	1	0	0	1	0	0	2	1	0	0	0	0	0	0	0	1	0	0	0	4	0	0	4	0	0	0
15118	1 Aug 25	00:02:00	1	0	53	0	Ct	0	0	0	0	0	0	0	4	1	0	0	1	0	0	4	3	0	1	0	3	0	0	0	1	0	0	0	5	0	0	2	0	3	0
15119	1 Aug 25	00:03:00	1	0	53	0	Ct	0	0	1	0	0	0	0	0	0	0	0	2	0	0	3	1	0	2	0	1	0	0	0	1	0	0	0	2	0	0	5	0	2	3
15120	1 Aug 25	00:04:00	1	0	53	0	Ct	0	0	1	0	0	0	0	0	0	0	0	1	0	0	3	4	0	0	0	1	0	0	0	3	0	0	0	0	0	0	4	0	1	3
15121	1 Aug 25	00:05:00	1	0	53	0	Ct	0	0	0	0	0	0	0	1	0	0	3	2	0	0	3	4	0	1	0	2	0	0	0	0	0	0	0	0	0	0	2	0	0	0
15122	1 Aug 25	00:06:00	1	0	53	0	Ct	0	0	0	0	0	0	0	0	0	0	3	0	0	0	2	9	0	0	0	5	0	0	0	1	0	0	0	1	0	0	2	0	3	0
15123	1 Aug 25	00:07:00	1	0	53	0	Ct	0	0	0	0	0	0	0	1	0	2	0	2	2	0	1	8	0	1	0	2	0	0	0	2	0	0	0	2	0	0	4	0	2	0
15124	1 Aug 25	00:08:00	1	0	53	0	Ct	0	0	0	0	1	0	0	0	0	0	0	2	0	0	1	8	0	1	0	1	0	0	0	0	0	0	0	5	0	0	4	0	3	2
15125	1 Aug 25	00:09:00	1	0	53	0	Ct	0	0	3	0	2	0	0	1	0	3	1	2	0	0	2	7	0	1	0	3	0	0	0	0	0	0	0	5	0	0	3	0	0	3
15126	1 Aug 25	00:10:00	1	0	53	0	Ct	0	0	1	0	1	0	0	0	0	2	1	4	0	0	2	5	0	0	0	0	0	0	0	0	0	0	0	1	0	0	2	0	0	1
15127	1 Aug 25	00:11:00	1	0	53	0	Ct	0	0	0	0	0	0	0	0	0	2	2	0	0	0	3	6	0	1	0	0	0	0	0	2	0	0	0	3	0	0	2	0	0	0
15128	1 Aug 25	00:12:00	1	0	53	0	Ct	0	0	0	0	0	0	0	0	0	0	4	1	0	0	4	6	0	2	0	1	0	0	0	0	0	0	0	4	0	0	1	0	0	1
15129	1 Aug 25	00:13:00	1	0	53	0	Ct	0	0	0	0	0	0	0	1	0	0	2	4	0	0	3	5	0	0	0	1	0	0	0	1	0	0	0	3	0	0	3	0	0	0
15130	1 Aug 25	00:14:00	1	0	53	0	Ct	0	0	0	0	0	0	0	3	0	6	0	4	0	1	3	5	0	1	0	0	0	0	0	1	0	0	0	1	0	0	3	0	2	2
15131	1 Aug 25	00:15:00	1	0	53	0	Ct	0	0	3	0	0	0	0	4	0	1	0	5	0	1	2	3	0	1	0	1	0	0	0	0	0	0	0	1	0	0	4	0	5	3
15132	1 Aug 25	00:16:00	1	0	53	0	Ct	0	0	5	0	0	0	0	1	0	0	4	0	0	1	2	5	3	0	0	0	0	0	0	0	0	0	0	3	0	0	4	0	0	0
15133	1 Aug 25	00:17:00	1	0	53	0	Ct	0	0	3	0	0	0	0	4	0	2	2	0	0	3	3	4	4	1	0	2	0	0	0	4	0	0	0	2	0	0	3	0	0	0
15134	1 Aug 25	00:18:00	1	0	53	0	Ct	0	0	0	0	0	0	0	1	0	0	3	1	0	0	2	5	1	1	0	1	0	2	0	2	0	0	0	3	0	0	0	0	2	3
15135	1 Aug 25	00:19:00	1	0	53	0	Ct	0	0	2	0	0	0	0	1	0	0	0	1	2	0	1	3	4	0	0	1	0	0	0	1	0	0	0	1	0	0	2	0	4	2
15136	1 Aug 25	00:20:00	1	0	53	0	Ct	0	0	3	0	0	0	0	2	0	0	0	0	0	0	3	3	1	0	0	2	0	0	0	1	0	0	0	0	0	0	1	0	1	4
15137	1 Aug 25	00:21:00	1	0	53	0	Ct	0	0	1	0	0	0	0	0	0	0	0	0	0	5	2	5	0	0	0	2	0	0	0	0	0	0	0	3	0	0	2	0	0	3
15138	1 Aug 25	00:22:00	1	0	53	0	Ct	0	0	4	0	0	0	0	2	0	0	0	0	1	3	1	5	0	1	0	1	0	0	0	0	0	0	0	2	0	0	4	0	3	3
15139	1 Aug 25	00:23:00	1	0	53	0	Ct	0	0	1	0	0	0	1	1	0	2	0	0	1	2	3	4	0	0	0	0	0	0	0	0	0	0	0	2	0	0	3	0	1	1
15140	1 Aug 25	00:24:00	1	0	53	0	Ct	0	0	2	0	0	0	1	0	0	0	0	0	0	0	3	3	0	2	0	0	0	0	0	0	0	0	0	4	0	0	4	0	2	1
15141	1 Aug 25	00:25:00	1	0	53	0	Ct	0	0	2	0	0	0	0	2	0	0	0	0	0	2	3	3	2	1	0	5	0	0	0	1	0	0	1	5	0	0	1	0	2	0
15142	1 Aug 25	00:26:00	1	0	53	0	Ct	0	0	2	0	0	0	3	2	0	2	0	2	0	2	3	4	3	1	0	4	0	0	0	0	0	0	0	3	0	0	0	0	2	1
15143	1 Aug 25	00:27:00	1	0	53	0	Ct	0	0	2	0	0	0	2	2	0	0	0	1	3	4	3	4	3	1	0	0	0	2	0	2	0	0	0	4	0	0	0	0	2	2
15144	1 Aug 25	00:28:00	1	0	53	0	Ct	0	0	0	0	0	0	0	2	0	2	3	3	0	0	0	4	4	0	0	2	0	1	0	0	0	0	0	8	0	0	3	0	0	5
15145	1 Aug 25	00:29:00	1	0	53	0	Ct	0	0	0	0	0	0	2	2	0	0	2	2	0	0	0	4	4	2	0	0	0	1	0	0	0	0	0	4	0	0	2	0	0	0
15146	1 Aug 25	00:30:00	1	0	53	0	Ct	0	0	0	0	0	0	0	1	0	0	0	0	0	0	1	1	3	0	0	0	0	0	0	0	0	0	0	5	0	0	2	0	3	1
15147	1 Aug 25	00:31:00	1	0	53	0	Ct	0	0	0	0	0	0	0	0	0	1	3	0	0	0	2	3	2	0	0	0	0	0	0	0	0	0	2	4	0	0	7	0	0	3
15148	1 Aug 25	00:32:00	1	0	53	0	Ct	0	0	0	0	0	0	8	2	0	0	1	1	0	0	2	5	3	0	0	0	0	0	0	0	0	2	0	4	0	0	0	0	3	2
15149	1 Aug 25	00:33:00	1	0	53	0	Ct	0	0	2	0	0	0	3	2	0	0	1	1	0	0	2	4	4	1	0	0	0	0	0	1	0	0	0	4	0	0	0	0	2	0
15150	1 Aug 25	00:34:00	1	0	53	0	Ct	0	0	0	0	0	0	2	2	0	2	2	0	0	0	4	3	1	0	0	0	0	0	0	1	0	2	0	1	0	0	3	0	1	1
15151	1 Aug 25	00:35:00	1	0	53	0	Ct	0	0	2	1	0	0	0	1	0	0	1	1	2	0	2	5	2	0	0	0	0	0	0	0	0	0	0	4	0	0	2	0	2	3
15152	1 Aug 25	00:36:00	1	0	53	0	Ct	0	0	2	1	0	0	0	1	0	0	1	4	3	0	2	4	3	3	0	0	0	0	0	3	0	0	0	3	0	0	0	0	1	0
15153	1 Aug 25	00:37:00	1	0	53	0	Ct	0	0	2	1	0	0	0	2	0	0	3	1	4	0	3	4	2	2	0	0	0	0	0	2	0	0	0	1	0	0	0	0	0	0
15154	1 Aug 25	00:38:00	1	0	53	0	Ct	0	0	2	0	0	0	0	1	0	1	0	0	2	0	3	4	3	2	0	1	0	0	0	1	0	0	0	3	0	0	2	0	0	0
15155	1 Aug 25	00:39:00	1	0	53	0	Ct	0	0	2	1	0	0	0	2	2	0	1	0	2	0	0	5	2	1	0	0	0	0	0	0	0	0	0	4	0	0	3	0	2	1
15156	1 Aug 25	00:40:00	1	0	53	0	Ct	0	0	1	2	0	0	0	4	1	0	2	0	2	0	3	5	3	0	0	2	0	0	0	1	0	0	0	0	0	0	0	0	1	1
15157	1 Aug 25	00:41:00	1	0	53	0	Ct	0	0	2	0	0	0	0	1	1	2	1	0	0	0	2	6	2	1	0	1	0	0	0	2	0	0	0	3	0	0	2	0	0	1
15158	1 Aug 25	00:42:00	1	0	53	0	Ct	0	0	3	0	0	0	0	2	0	0	0	0	0	0	2	2	4	1	0	0	1	0	0	3	0	0	0	3	0	0	0	0	1	0
15159	1 Aug 25	00:43:00	1	0	53	0	Ct	0	0	5	0	0	0	0	1	6	0	0	0	0	0	3	1	2	1	0	0	1	0	0	1	0	0	0	2	0	0	0	0	3	3
15160	1 Aug 25	00:44:00	1	0	53	0	Ct	0	0	0	0	0	0	0	3	0	1	2	0	0	0	1	3	2	28	0	0	0	0	0	1	0	0	0	5	0	0	2	0	3	2
15161	1 Aug 25	00:45:00	1	0	53	0	Ct	0	0	2	0	0	0	0	1	0	0	1	4	3	0	1	2	0	2	0	0	0	0	0	2	0	0	0	4	0	0	3	0	0	0
15162	1 Aug 25	00:46:00	1	0	53	0	Ct	0	0	2	0	0	0	0	2	0	0	1	0	3	1	4	6	0	1	1	0	0	0	0	0	0	0	0	10	0	0	3	0	0	1
15163	1 Aug 25	00:47:00	1	0	53	0	Ct	0	0	0	0	0	0	0	0	0	2	0	0	7	4	3	4	0	1	3	0	0	0	0	1	0	0	0	4	0	0	2	0	0	3
15164	1 Aug 25	00:48:00	1	0	53	0	Ct	0	0	0	0	0	0	0	2	0	1	0	2	0	3	3	4	2	0	1	2	0	0	0	2	0	0	0	4	0	0	3	0	0	0
15165	1 Aug 25	00:49:00	1	0	53	0	Ct	0	0	1	0	0	0	0	2	0	0	0	3	1	1	2	2	3	0	0	0	0	0	0	1	0	0	0	1	0	0	4	0	0	5
15166	1 Aug 25	00:50:00	1	0	53	0	Ct	0	0	1	0	0	0	2	2	0	0	2	4	2	2	4	2	4	1	0	2	0	0	0	0	0	0	0	1	0	0	2	0	0	0
15167	1 Aug 25	00:51:00	1	0	53	0	Ct	0	0	3	1	0	0	0	1	0	0	2	0	0	2	1	2	3	0	0	2	0	0	0	1	0	0	0	1	0	0	1	0	0	2
15168	1 Aug 25	00:52:00	1	0	53	0	Ct	0	0	0	1	0	0	0	3	0	0	0	1	0	2	0	2	3	1	0	2	0	0	4	1	0	0	0	0	0	0	0	0	1	2
15169	1 Aug 25	00:53:00	1	0	53	0	Ct	0	0	0	2	0	0	0	1	0	0	1	1	0	2	0	2	2	0	0	1	0	0	0	2	0	0	1	0	0	0	1	0	2	2
15170	1 Aug 25	00:54:00	1	0	53	0	Ct	0	0	1	1	0	0	3	3	0	0	2	0	0	0	2	4	3	1	0	0	0	0	0	0	0	0	0	2	0	0	3	0	1	0
15171	1 Aug 25	00:55:00	1	0	53	0	Ct	0	0	4	0	1	0	1	1	0	0	2	1	0	0	1	4	2	3	0	0	0	2	0	2	0	0	1	5	0	0	2	0	1	0
15172	1 Aug 25	00:56:00	1	0	53	0	Ct	0	0	0	0	1	0	2	1	0	0	1	2	0	0	2	5	5	0	0	0	0	0	0	1	0	0	0	0	0	0	2	0	1	1
15173	1 Aug 25	00:57:00	1	0	53	0	Ct	0	0	2	0	0	0	0	1	0	0	1	1	0	0	2	5	3	0	0	0	0	0	0	2	0	2	1	2	0	0	2	0	0	3
15174	1 Aug 25	00:58:00	1	0	53	0	Ct	0	0	0	0	0	0	0	1	0	3	1	0	1	0	1	4	1	3	0	0	0	0	0	0	0	0	0	3	0	0	1	0	0	3
15175	1 Aug 25	00:59:00	1	0	53	0	Ct	0	0	0	0	0	0	0	0	0	1	4	1	1	0	2	1	3	3	0	3	0	0	0	1	0	0	0	1	0	0	1	0	0	1
15176	1 Aug 25	01:00:00	1	0	53	0	Ct	0	0	0	0	0	0	0	1	0	1	1	2	2	0	3	2	2	1	0	0	0	0	0	2	0	0	0	3	0	0	0	0	0	2
15177	1 Aug 25	01:01:00	1	0	53	0	Ct	0	0	0	0	0	0	0	1	0	0	1	1	2	0	3	2	5	0	0	2	0	0	0	1	0	0	0	3	0	0	0	0	1	0
15178	1 Aug 25	01:02:00	1	0	53	0	Ct	0	0	2	2	0	0	0	1	0	0	3	3	0	0	2	4	4	0	0	2	0	0	0	2	0	0	0	1	0	0	0	0	3	2
15179	1 Aug 25	01:03:00	1	0	53	0	Ct	0	0	0	3	0	0	0	2	0	3	0	0	1	0	1	3	3	1	0	0	0	0	0	1	0	0	0	0	0	0	0	0	0	1
15180	1 Aug 25	01:04:00	1	0	53	0	Ct	0	0	0	6	0	0	0	1	0	2	3	0	1	0	3	3	4	1	0	0	0	0	0	1	0	0	0	4	0	0	0	0	3	2
15181	1 Aug 25	01:05:00	1	0	53	0	Ct	0	0	2	0	0	0	0	5	0	0	0	3	0	0	2	5	2	2	0	0	0	0	0	1	0	0	0	2	0	0	2	0	2	3
15182	1 Aug 25	01:06:00	1	0	53	0	Ct	0	0	0	2	0	0	0	1	0	1	0	3	0	0	0	3	0	2	0	0	0	0	0	2	0	0	0	3	0	0	2	0	2	0
15183	1 Aug 25	01:07:00	1	0	53	0	Ct	0	0	0	2	0	0	0	2	0	1	4	1	0	0	2	4	3	0	0	0	0	0	0	1	0	0	0	2	0	0	2	0	1	2
15184	1 Aug 25	01:08:00	1	0	53	0	Ct	0	0	1	2	1	0	0	1	0	0	3	2	0	0	3	4	3	1	0	0	0	0	0	3	0	0	0	4	0	0	7	0	2	2
15185	1 Aug 25	01:09:00	1	0	53	0	Ct	0	0	0	0	1	0	0	3	0	3	1	2	0	0	4	3	3	2	3	0	0	0	0	1	0	0	0	3	0	0	4	0	2	1
15186	1 Aug 25	01:10:00	1	0	53	0	Ct	0	0	0	0	0	0	0	2	0	0	1	2	0	0	0	1	3	1	0	0	0	0	0	2	0	0	0	3	0	0	1	0	2	1
15187	1 Aug 25	01:11:00	1	0	53	0	Ct	0	0	0	0	0	0	0	2	0	0	0	3	0	0	0	4	1	0	0	0	0	0	0	5	0	0	0	3	0	0	4	0	2	1
15188	1 Aug 25	01:12:00	1	0	53	0	Ct	0	0	0	2	0	0	0	1	0	2	2	1	0	0	2	4	1	0	0	0	0	0	0	2	0	0	0	3	0	0	3	0	2	3
15189	1 Aug 25	01:13:00	1	0	53	0	Ct	0	0	0	0	0	0	0	1	0	0	0	4	0	0	1	4	1	0	0	0	0	0	0	5	0	0	0	3	0	0	2	0	2	1
15190	1 Aug 25	01:14:00	1	0	53	0	Ct	0	0	0	0	0	0	0	2	0	0	2	1	1	0	3	3	5	2	0	0	0	0	0	4	0	0	2	3	0	0	3	0	1	3
15191	1 Aug 25	01:15:00	1	0	53	0	Ct	0	0	0	0	0	0	0	2	0	0	0	0	1	0	2	8	0	1	0	0	0	0	0	0	0	0	2	4	0	0	4	0	0	2
15192	1 Aug 25	01:16:00	1	0	53	0	Ct	0	0	1	6	0	0	0	1	0	0	1	2	2	0	1	3	0	1	0	0	0	0	0	2	0	0	1	1	0	0	1	0	2	0
15193	1 Aug 25	01:17:00	1	0	53	0	Ct	0	0	1	0	0	0	0	2	0	0	1	0	0	0	1	4	0	0	0	0	0	0	0	1	0	0	0	1	0	0	1	0	2	0
15194	1 Aug 25	01:18:00	1	0	53	0	Ct	0	0	1	1	0	0	0	3	0	0	0	3	0	0	3	4	0	0	0	0	0	0	0	3	0	0	0	4	0	0	0	0	0	0
15195	1 Aug 25	01:19:00	1	0	53	0	Ct	0	0	2	0	0	0	0	2	0	0	0	3	0	0	0	2	0	1	0	0	0	0	0	1	0	0	0	2	0	0	0	0	0	0
15196	1 Aug 25	01:20:00	1	0	53	0	Ct	0	0	1	2	0	0	0	1	0	0	0	3	1	0	1	5	0	0	1	1	0	0	0	0	0	0	0	3	0	0	0	0	0	0
15197	1 Aug 25	01:21:00	1	0	53	0	Ct	0	0	3	0	0	0	0	1	0	0	1	2	6	0	4	5	0	1	2	2	0	0	0	3	0	0	0	1	0	0	0	0	0	0
15198	1 Aug 25	01:22:00	1	0	53	0	Ct	0	0	0	3	0	0	0	0	0	0	3	2	0	0	1	4	0	1	4	3	0	0	2	2	0	0	0	3	0	0	0	0	0	2
15199	1 Aug 25	01:23:00	1	0	53	0	Ct	0	0	1	3	0	0	0	0	0	0	1	3	2	0	0	4	2	3	1	2	0	0	1	1	0	0	0	2	0	0	0	0	0	2
15200	1 Aug 25	01:24:00	1	0	53	0	Ct	0	0	2	5	0	0	1	2	0	0	2	2	0	0	1	4	3	1	0	1	0	0	0	2	0	0	0	3	0	0	1	0	0	0
15201	1 Aug 25	01:25:00	1	0	53	0	Ct	0	0	1	3	0	0	1	1	0	0	4	5	2	0	3	4	1	1	0	3	0	0	0	1	0	0	0	3	0	0	1	0	2	0
15202	1 Aug 25	01:26:00	1	0	53	0	Ct	0	0	2	4	0	0	0	0	0	0	2	3	0	0	1	1	1	1	0	1	0	0	0	1	0	0	0	0	0	0	2	0	3	3
15203	1 Aug 25	01:27:00	1	0	53	0	Ct	0	0	1	0	0	0	0	4	0	0	0	3	6	0	2	0	2	2	0	0	0	0	0	1	0	0	0	3	0	0	2	0	1	3
15204	1 Aug 25	01:28:00	1	0	53	0	Ct	0	0	0	1	0	0	0	2	0	1	0	2	1	0	3	1	3	3	0	0	0	2	0	1	0	0	0	3	0	0	1	0	2	2
15205	1 Aug 25	01:29:00	1	0	53	0	Ct	0	0	1	0	0	0	0	2	0	0	1	0	0	0	1	2	2	0	0	0	0	0	0	2	0	0	0	3	0	0	2	0	9	0
15206	1 Aug 25	01:30:00	1	0	53	0	Ct	0	0	4	1	0	0	0	0	0	0	0	1	3	0	0	4	2	1	1	0	1	0	0	1	0	0	0	2	0	0	5	0	2	1
15207	1 Aug 25	01:31:00	1	0	53	0	Ct	0	0	2	0	0	0	0	4	0	0	0	2	1	0	0	7	1	1	1	0	1	0	0	1	0	0	0	3	0	0	3	0	4	2
15208	1 Aug 25	01:32:00	1	0	53	0	Ct	0	0	2	1	0	0	0	2	0	0	0	1	0	0	0	5	1	0	0	0	1	0	0	3	0	0	0	5	0	0	4	0	2	1
15209	1 Aug 25	01:33:00	1	0	53	0	Ct	0	0	2	2	0	0	0	2	0	0	0	3	4	0	1	6	4	1	0	1	0	0	0	2	0	2	0	7	0	0	2	0	4	3
15210	1 Aug 25	01:34:00	1	0	53	0	Ct	0	0	0	0	0	0	0	2	0	0	0	3	3	0	0	4	0	1	0	1	0	0	0	1	0	2	0	4	0	0	2	0	2	2
15211	1 Aug 25	01:35:00	1	0	53	0	Ct	0	0	0	2	0	0	0	1	0	0	0	3	3	0	1	2	2	1	0	1	0	0	0	0	0	0	0	2	0	0	2	0	2	0
15212	1 Aug 25	01:36:00	1	0	53	0	Ct	0	0	0	2	0	0	0	3	0	0	1	1	3	0	1	2	1	1	0	2	0	0	0	1	0	0	2	3	0	0	4	0	3	0
15213	1 Aug 25	01:37:00	1	0	53	0	Ct	0	0	0	2	1	0	2	2	0	0	5	2	3	1	2	5	0	0	0	0	0	0	0	0	0	0	3	0	0	0	1	0	0	1
15214	1 Aug 25	01:38:00	1	0	53	0	Ct	0	0	1	1	1	0	1	7	0	0	9	2	0	1	2	3	0	1	0	0	0	0	0	1	0	0	0	0	0	0	3	0	3	2
15215	1 Aug 25	01:39:00	1	0	53	0	Ct	0	0	1	3	0	0	0	0	0	0	2	1	0	0	0	2	0	1	0	0	0	0	0	2	0	0	0	1	0	0	3	0	2	2
15216	1 Aug 25	01:40:00	1	0	53	0	Ct	0	0	2	3	2	0	0	0	1	0	2	0	0	0	1	5	0	2	0	0	0	0	0	2	0	3	1	3	0	0	1	0	2	1
15217	1 Aug 25	01:41:00	1	0	53	0	Ct	0	0	4	0	0	0	0	1	3	0	8	0	1	0	2	2	0	1	0	0	0	0	0	1	0	0	2	4	0	0	0	0	3	0
15218	1 Aug 25	01:42:00	1	0	53	0	Ct	0	0	1	2	0	0	0	3	2	0	1	1	3	0	3	5	0	1	0	0	0	0	0	0	0	0	4	1	0	0	0	0	3	0
15219	1 Aug 25	01:43:00	1	0	53	0	Ct	0	0	3	2	0	0	0	1	0	0	0	2	2	0	3	3	0	1	0	0	0	0	0	1	0	0	0	3	0	0	0	0	2	1
15220	1 Aug 25	01:44:00	1	0	53	0	Ct	0	0	1	4	0	0	0	1	0	0	0	1	2	0	0	4	0	0	0	0	0	0	0	0	0	0	0	4	0	0	4	0	4	2
15221	1 Aug 25	01:45:00	1	0	53	0	Ct	0	0	1	3	0	0	0	3	0	0	0	0	3	0	0	3	0	0	0	0	0	0	0	1	0	0	0	1	0	0	3	0	3	2
15222	1 Aug 25	01:46:00	1	0	53	0	Ct	0	0	3	5	0	0	0	3	0	1	0	3	1	0	0	2	0	1	0	0	0	0	0	0	0	0	0	2	0	0	1	0	3	0
15223	1 Aug 25	01:47:00	1	0	53	0	Ct	0	0	5	2	0	0	0	2	0	0	0	2	2	0	3	1	0	1	0	0	0	0	0	0	0	0	0	1	0	0	3	0	3	0
15224	1 Aug 25	01:48:00	1	0	53	0	Ct	0	0	3	2	0	0	0	1	0	3	1	2	1	0	1	5	0	0	0	0	0	0	0	0	0	0	0	2	0	0	1	0	2	0
15225	1 Aug 25	01:49:00	1	0	53	0	Ct	0	0	2	2	0	0	0	2	0	0	2	1	3	0	0	4	0	1	0	0	0	0	0	0	0	0	0	3	0	0	2	0	0	3
15226	1 Aug 25	01:50:00	1	0	53	0	Ct	0	0	2	1	0	0	0	1	0	0	1	4	2	0	1	1	0	1	0	0	0	0	0	0	0	0	0	3	0	0	5	0	1	3
15227	1 Aug 25	01:51:00	1	0	53	0	Ct	0	0	2	0	0	0	0	0	0	0	1	2	3	0	0	3	0	0	0	0	0	0	0	0	0	0	0	0	0	0	1	0	4	2
15228	1 Aug 25	01:52:00	1	0	53	0	Ct	0	0	0	2	0	0	0	0	0	0	1	4	2	0	0	6	0	0	0	0	0	0	0	1	0	0	0	0	0	0	1	0	0	1
15229	1 Aug 25	01:53:00	1	0	53	0	Ct	0	0	4	5	0	0	0	1	0	0	1	3	3	0	0	3	0	0	0	0	0	1	0	1	0	0	0	5	0	0	0	0	0	1
15230	1 Aug 25	01:54:00	1	0	53	0	Ct	0	0	2	1	0	0	0	2	0	0	1	2	1	0	1	3	0	2	0	0	0	1	0	0	0	0	0	4	0	0	1	0	0	0
15231	1 Aug 25	01:55:00	1	0	53	0	Ct	0	0	2	3	0	0	0	2	0	0	1	2	3	0	3	4	0	0	0	0	0	0	0	0	0	2	0	1	0	0	3	0	0	3
15232	1 Aug 25	01:56:00	1	0	53	0	Ct	0	0	3	4	0	0	0	1	0	0	2	1	4	0	2	5	0	1	0	0	0	4	0	0	0	1	0	2	0	0	2	0	0	2
15233	1 Aug 25	01:57:00	1	0	53	0	Ct	0	0	2	2	0	0	0	0	0	0	0	0	3	0	3	2	0	1	0	0	0	2	0	0	0	0	0	0	0	0	3	0	0	2
15234	1 Aug 25	01:58:00	1	0	53	0	Ct	0	0	1	1	0	0	0	2	0	0	1	0	2	0	1	2	0	0	0	0	0	1	0	0	0	0	0	2	0	0	2	0	0	1
15235	1 Aug 25	01:59:00	1	0	53	0	Ct	0	0	1	2	0	0	0	3	0	0	1	0	3	0	2	5	0	2	1	1	0	2	0	0	0	0	0	5	0	0	2	0	1	0
15236	1 Aug 25	02:00:00	1	0	53	0	Ct	0	0	0	2	0	0	0	0	0	0	0	0	0	0	1	6	0	1	1	3	0	0	0	1	0	0	0	3	0	0	0	0	0	1
15237	1 Aug 25	02:01:00	1	0	53	0	Ct	0	0	1	1	0	0	0	0	0	0	2	0	0	0	1	4	0	1	0	0	0	0	0	3	0	0	0	4	0	0	2	0	1	3
15238	1 Aug 25	02:02:00	1	0	53	0	Ct	0	0	1	2	0	0	0	1	0	0	0	0	0	0	3	5	0	0	0	0	0	0	0	0	0	0	0	5	0	0	3	0	3	1
15239	1 Aug 25	02:03:00	1	0	53	0	Ct	0	0	1	0	0	0	0	2	0	0	0	3	2	0	3	1	0	0	0	0	0	0	0	1	0	0	0	4	0	0	3	0	1	1
15240	1 Aug 25	02:04:00	1	0	53	0	Ct	0	0	3	1	0	0	0	1	2	0	0	1	0	0	4	3	0	0	0	0	0	0	0	0	0	0	0	3	0	0	3	0	3	0
15241	1 Aug 25	02:05:00	1	0	53	0	Ct	0	0	2	2	0	0	0	1	23	0	0	0	0	0	2	3	0	3	0	0	0	0	0	1	0	0	0	3	0	0	2	0	2	2
15242	1 Aug 25	02:06:00	1	0	53	0	Ct	0	0	3	2	0	0	0	3	1	0	0	0	0	0	2	3	0	3	3	0	0	0	0	0	0	0	0	2	0	0	1	0	1	0
15243	1 Aug 25	02:07:00	1	0	53	0	Ct	0	0	1	2	0	0	0	2	0	0	2	0	1	0	0	5	0	2	1	0	0	0	0	0	0	0	0	3	0	0	1	0	1	0
15244	1 Aug 25	02:08:00	1	0	53	0	Ct	0	0	1	1	0	0	1	1	0	0	1	2	2	0	0	4	0	0	1	0	0	5	0	0	0	0	0	1	0	0	2	0	9	2
15245	1 Aug 25	02:09:00	1	0	53	0	Ct	0	0	1	3	0	0	1	2	0	0	2	2	1	0	3	2	0	2	0	0	0	0	0	0	0	0	0	2	0	0	2	0	0	3
15246	1 Aug 25	02:10:00	1	0	53	0	Ct	0	0	0	1	0	0	0	0	0	0	1	0	1	0	2	2	0	0	0	0	0	0	0	0	0	0	0	4	0	0	1	0	0	0
15247	1 Aug 25	02:11:00	1	0	53	0	Ct	0	0	0	1	0	0	2	1	0	0	2	2	2	0	1	2	0	1	0	0	0	0	0	0	0	2	0	1	0	0	0	0	5	2
15248	1 Aug 25	02:12:00	1	0	53	0	Ct	0	0	0	4	0	0	0	1	0	0	0	3	2	0	3	4	0	0	0	0	0	0	0	0	0	0	0	0	0	0	0	0	4	1
15249	1 Aug 25	02:13:00	1	0	53	0	Ct	0	0	2	0	0	0	0	1	0	0	0	2	3	0	2	4	0	0	0	0	0	0	0	0	0	3	0	1	0	0	0	0	3	0
15250	1 Aug 25	02:14:00	1	0	53	0	Ct	0	0	3	1	0	0	0	3	3	0	1	6	1	0	1	5	0	0	0	0	0	0	0	0	0	2	0	3	0	0	0	0	2	0
15251	1 Aug 25	02:15:00	1	0	53	0	Ct	0	0	1	3	3	0	0	1	0	0	2	2	0	0	3	5	0	0	0	0	0	0	0	0	0	1	0	2	0	0	0	0	3	0
15252	1 Aug 25	02:16:00	1	0	53	0	Ct	0	0	0	2	0	0	0	0	0	0	0	1	1	0	2	1	0	1	0	0	0	0	0	0	0	0	0	2	0	0	0	0	0	0
15253	1 Aug 25	02:17:00	1	0	53	0	Ct	0	0	3	2	0	0	0	1	0	0	1	3	0	0	1	0	0	1	1	0	0	0	0	0	0	0	0	3	0	0	0	0	0	0
15254	1 Aug 25	02:18:00	1	0	53	0	Ct	0	0	3	1	0	0	2	1	0	0	0	3	0	0	0	2	0	1	1	0	0	0	0	0	0	0	0	0	0	0	0	0	0	0
15255	1 Aug 25	02:19:00	1	0	53	0	Ct	0	0	1	1	0	0	0	1	1	0	1	2	1	0	0	4	0	2	0	0	0	0	2	0	0	0	0	4	0	0	0	0	0	0
15256	1 Aug 25	02:20:00	1	0	53	0	Ct	0	0	3	0	0	0	0	1	1	0	0	3	2	0	2	5	0	0	3	0	0	0	5	0	0	0	0	1	0	0	0	0	0	0
15257	1 Aug 25	02:21:00	1	0	53	0	Ct	0	0	2	1	0	0	0	0	0	0	0	3	1	0	2	6	0	0	3	0	0	0	15	0	0	0	0	1	0	0	0	0	0	0
15258	1 Aug 25	02:22:00	1	0	53	0	Ct	0	0	3	3	0	0	0	0	0	0	1	1	4	0	2	5	0	0	1	0	0	0	0	0	0	1	0	2	0	0	0	0	2	0
15259	1 Aug 25	02:23:00	1	0	53	0	Ct	0	0	1	0	0	0	0	0	0	0	0	1	4	0	0	5	0	1	0	0	0	0	0	0	0	2	0	2	0	0	0	0	5	0
15260	1 Aug 25	02:24:00	1	0	53	0	Ct	0	0	0	2	0	0	0	0	0	0	0	1	1	0	0	5	0	0	0	0	0	0	0	0	0	0	0	2	0	0	6	0	0	0
15261	1 Aug 25	02:25:00	1	0	53	0	Ct	0	0	0	1	0	0	0	0	0	0	0	0	2	0	2	5	0	1	0	0	0	0	0	0	0	2	0	7	0	0	3	0	0	2
15262	1 Aug 25	02:26:00	1	0	53	0	Ct	0	0	2	2	0	0	0	0	0	0	0	1	2	0	0	5	0	1	0	1	0	0	0	0	0	2	1	2	0	0	1	0	0	2
15263	1 Aug 25	02:27:00	1	0	53	0	Ct	0	0	3	3	0	0	0	0	0	0	0	1	2	0	1	4	0	1	0	2	0	0	0	2	0	0	1	2	0	0	3	0	0	1
15264	1 Aug 25	02:28:00	1	0	53	0	Ct	0	0	3	2	0	0	0	2	0	0	0	2	2	0	0	3	0	1	0	2	0	2	0	0	0	0	0	3	0	0	2	0	2	2
15265	1 Aug 25	02:29:00	1	0	53	0	Ct	0	0	2	2	0	0	0	4	0	0	0	2	0	0	1	4	0	1	0	2	0	2	0	0	0	1	0	1	0	0	4	0	0	3
15266	1 Aug 25	02:30:00	1	0	53	0	Ct	0	0	3	2	0	0	0	3	0	0	0	3	0	0	0	4	0	1	0	1	0	0	0	1	0	2	0	3	0	0	2	0	0	1
15267	1 Aug 25	02:31:00	1	0	53	0	Ct	0	0	0	1	0	0	0	0	0	0	2	3	0	0	0	5	0	1	0	1	0	0	0	1	0	1	0	3	0	0	2	0	0	1
15268	1 Aug 25	02:32:00	1	0	53	0	Ct	0	0	1	0	0	0	0	3	0	0	2	0	0	0	0	5	0	1	0	0	0	0	0	0	0	2	0	3	0	0	2	0	0	0
15269	1 Aug 25	02:33:00	1	0	53	0	Ct	0	0	3	1	0	0	0	0	1	0	0	1	0	2	2	2	0	2	0	0	0	0	0	1	0	1	0	3	0	0	2	0	2	0
15270	1 Aug 25	02:34:00	1	0	53	0	Ct	0	0	1	2	0	0	4	2	2	0	1	2	2	0	3	3	0	1	0	0	0	0	0	2	0	0	0	1	0	0	1	0	2	3
15271	1 Aug 25	02:35:00	1	0	53	0	Ct	0	0	10	1	0	0	0	0	0	0	3	6	2	0	2	5	0	1	0	0	0	0	0	12	0	1	0	1	0	0	0	0	2	2
15272	1 Aug 25	02:36:00	1	0	53	0	Ct	0	0	6	2	2	0	2	1	0	0	1	3	0	0	0	3	0	0	0	0	0	0	0	5	0	0	0	3	0	0	2	0	0	2
15273	1 Aug 25	02:37:00	1	0	53	0	Ct	0	0	18	0	0	0	0	3	0	0	2	2	2	0	3	1	0	1	0	0	0	0	0	2	0	0	0	1	0	0	2	0	2	0
15274	1 Aug 25	02:38:00	1	0	53	0	Ct	0	0	2	2	0	0	0	1	0	0	0	2	2	0	1	1	0	1	0	0	0	0	0	1	0	0	0	2	0	0	0	0	2	0
15275	1 Aug 25	02:39:00	1	0	53	0	Ct	0	0	1	1	0	0	0	1	0	0	2	0	1	0	2	1	0	1	0	0	0	0	0	0	0	0	0	4	0	0	0	0	3	1
15276	1 Aug 25	02:40:00	1	0	53	0	Ct	0	0	0	1	2	0	0	2	0	0	1	0	2	0	1	0	0	1	0	0	0	0	0	1	0	0	0	1	0	0	0	0	1	1
15277	1 Aug 25	02:41:00	1	0	53	0	Ct	0	0	0	2	0	0	0	1	0	0	3	0	1	0	0	1	0	2	0	0	0	0	0	1	0	0	0	3	0	0	0	0	4	1
15278	1 Aug 25	02:42:00	1	0	53	0	Ct	0	0	0	2	2	0	0	0	0	0	0	0	0	1	0	1	0	1	0	0	0	0	0	1	0	0	0	3	0	0	0	0	0	2
15279	1 Aug 25	02:43:00	1	0	53	0	Ct	0	0	0	2	0	0	3	1	0	0	0	0	0	1	2	2	0	1	0	0	0	0	0	1	0	0	0	3	0	0	0	0	3	0
15280	1 Aug 25	02:44:00	1	0	53	0	Ct	0	0	0	2	0	0	0	3	0	0	0	1	0	0	1	0	0	1	0	0	0	1	0	1	0	0	0	0	0	0	0	0	2	1
15281	1 Aug 25	02:45:00	1	0	53	0	Ct	0	0	0	1	0	0	0	0	0	2	2	1	0	2	1	6	0	1	0	0	0	3	6	0	0	2	0	0	0	0	0	0	2	0
15282	1 Aug 25	02:46:00	1	0	53	0	Ct	0	0	0	0	0	0	0	0	0	0	1	0	0	1	0	3	0	0	0	0	0	0	2	0	0	0	0	0	0	0	1	0	0	2
15283	1 Aug 25	02:47:00	1	0	53	0	Ct	0	0	3	0	0	0	0	0	0	4	0	0	0	6	0	3	0	1	0	0	0	0	0	0	0	0	0	4	0	0	0	0	2	0
15284	1 Aug 25	02:48:00	1	0	53	0	Ct	0	0	3	0	0	0	0	0	5	2	0	0	0	3	1	4	0	0	0	0	0	0	0	0	0	0	0	3	0	0	0	0	0	2
15285	1 Aug 25	02:49:00	1	0	53	0	Ct	0	0	3	0	0	0	0	0	0	2	1	1	1	0	1	3	0	1	0	0	0	0	0	1	0	0	0	3	0	0	0	0	1	3
15286	1 Aug 25	02:50:00	1	0	53	0	Ct	0	0	5	0	0	0	1	0	0	0	3	0	0	0	0	2	0	0	0	0	0	0	0	2	0	0	0	3	0	0	0	0	0	1
15287	1 Aug 25	02:51:00	1	0	53	0	Ct	0	0	2	0	0	0	0	0	0	0	1	4	0	0	1	2	0	0	0	0	0	0	0	0	0	0	0	1	0	0	0	0	0	2
15288	1 Aug 25	02:52:00	1	0	53	0	Ct	0	0	1	0	0	0	1	0	0	0	0	3	1	0	0	3	0	3	0	0	0	0	0	0	0	2	0	4	0	0	0	0	1	2
15289	1 Aug 25	02:53:00	1	0	53	0	Ct	0	0	2	1	0	0	2	0	0	0	0	3	0	0	1	4	0	0	0	0	0	0	0	1	0	1	0	2	0	0	0	0	6	0
15290	1 Aug 25	02:54:00	1	0	53	0	Ct	0	0	3	1	0	0	3	0	0	0	0	2	3	0	0	0	0	1	1	1	0	0	0	0	0	1	0	3	0	0	0	0	3	0
15291	1 Aug 25	02:55:00	1	0	53	0	Ct	0	0	4	2	0	0	3	3	0	0	1	2	0	0	4	1	0	0	0	1	0	0	0	0	0	1	0	2	0	0	0	0	3	0
15292	1 Aug 25	02:56:00	1	0	53	0	Ct	0	0	2	1	0	0	3	3	0	0	0	4	0	0	1	3	0	3	0	0	0	0	0	0	0	1	0	2	0	0	0	0	3	2
15293	1 Aug 25	02:57:00	1	0	53	0	Ct	0	0	2	5	0	0	3	1	0	4	0	4	0	0	1	2	2	1	0	0	0	0	0	0	0	2	0	0	0	0	0	0	4	0
15294	1 Aug 25	02:58:00	1	0	53	0	Ct	0	0	2	1	0	0	3	2	4	0	0	2	0	0	2	4	3	1	0	0	3	0	0	0	0	0	0	2	0	0	1	0	3	0
15295	1 Aug 25	02:59:00	1	0	53	0	Ct	0	0	1	1	0	0	3	1	0	0	1	1	0	0	0	4	0	0	0	1	0	0	0	0	0	0	0	0	0	0	2	0	0	2
15296	1 Aug 25	03:00:00	1	0	53	0	Ct	0	0	2	0	0	0	2	4	0	0	0	3	0	0	0	2	0	1	0	3	0	0	0	0	0	0	0	2	0	0	0	0	0	0
15297	1 Aug 25	03:01:00	1	0	53	0	Ct	0	0	2	1	0	0	4	1	1	2	0	3	0	0	0	3	0	1	0	0	0	0	0	0	0	0	0	2	0	0	0	0	0	0
15298	1 Aug 25	03:02:00	1	0	53	0	Ct	0	0	2	0	0	0	2	2	1	4	0	2	2	0	0	5	0	0	1	0	0	0	0	0	0	0	0	2	0	0	0	0	1	0
15299	1 Aug 25	03:03:00	1	0	53	0	Ct	0	0	3	1	0	0	2	1	0	2	0	4	0	0	0	5	0	2	0	0	0	0	0	0	0	0	0	2	0	0	1	0	5	0
15300	1 Aug 25	03:04:00	1	0	53	0	Ct	0	0	3	1	0	0	3	1	0	4	0	2	0	0	0	5	0	0	0	0	0	0	0	1	0	0	0	2	0	0	1	0	5	2
15301	1 Aug 25	03:05:00	1	0	53	0	Ct	0	0	2	0	0	0	2	1	0	3	1	3	0	0	0	4	0	1	0	0	0	0	0	2	0	0	0	0	0	0	2	0	2	0
15302	1 Aug 25	03:06:00	1	0	53	0	Ct	0	0	0	1	0	0	1	0	0	3	3	1	0	0	2	4	0	0	0	0	0	0	0	0	0	0	0	2	0	0	1	0	2	0
15303	1 Aug 25	03:07:00	1	0	53	0	Ct	0	0	1	0	0	0	0	2	0	2	1	0	2	0	1	5	0	1	0	0	0	0	0	0	0	0	0	1	0	0	0	0	2	0
15304	1 Aug 25	03:08:00	1	0	53	0	Ct	0	0	2	3	0	0	0	2	0	3	2	0	2	1	3	1	0	0	0	0	0	0	0	0	0	0	0	2	0	0	1	0	1	0
15305	1 Aug 25	03:09:00	1	0	53	0	Ct	0	0	1	1	2	0	3	1	0	0	2	0	1	2	2	2	0	3	0	0	0	0	0	0	0	0	0	7	0	0	0	0	3	0
15306	1 Aug 25	03:10:00	1	0	53	0	Ct	0	0	3	1	2	0	3	0	0	1	2	0	1	1	1	2	0	1	0	0	0	0	0	0	0	0	0	2	0	0	0	0	2	2
15307	1 Aug 25	03:11:00	1	0	53	0	Ct	0	0	0	0	1	0	4	0	0	1	4	0	3	0	0	5	0	2	0	0	0	0	0	0	0	0	0	1	0	0	0	0	0	3
15308	1 Aug 25	03:12:00	1	0	53	0	Ct	0	0	4	4	2	0	2	1	0	1	2	0	2	0	0	3	0	0	0	0	0	0	0	0	0	0	0	3	0	0	0	0	0	0
15309	1 Aug 25	03:13:00	1	0	53	0	Ct	0	0	3	0	0	0	4	0	0	0	1	0	0	0	0	3	0	1	0	0	0	0	0	0	0	0	0	4	0	0	0	0	0	2
15310	1 Aug 25	03:14:00	1	0	53	0	Ct	0	0	1	2	0	0	3	1	0	5	0	0	1	0	0	2	0	1	0	0	0	0	0	0	0	0	0	0	0	0	0	0	4	2
15311	1 Aug 25	03:15:00	1	0	53	0	Ct	0	0	0	3	0	0	1	1	0	1	0	0	1	0	0	2	0	1	0	0	0	0	0	0	0	0	0	2	0	0	0	0	2	1
15312	1 Aug 25	03:16:00	1	0	53	0	Ct	0	0	0	0	0	0	1	0	0	0	0	0	0	0	0	2	0	2	0	0	0	0	0	0	0	0	0	0	0	0	0	0	1	0
15313	1 Aug 25	03:17:00	1	0	53	0	Ct	0	0	0	0	0	0	2	0	0	6	0	0	2	0	0	4	0	1	0	0	0	0	0	0	0	0	0	0	0	0	0	0	2	2
15314	1 Aug 25	03:18:00	1	0	53	0	Ct	0	0	0	1	0	0	1	0	0	3	0	1	2	0	0	3	0	0	2	0	1	0	0	0	0	0	0	0	0	0	0	0	2	0
15315	1 Aug 25	03:19:00	1	0	53	0	Ct	0	0	0	5	0	0	3	0	0	0	0	2	2	1	0	0	0	0	4	0	0	0	0	0	0	0	0	0	0	0	0	0	2	0
15316	1 Aug 25	03:20:00	1	0	53	0	Ct	0	0	0	2	0	0	2	0	0	2	0	3	0	1	0	4	0	0	1	0	0	0	0	0	0	0	0	0	0	0	0	0	0	1
15317	1 Aug 25	03:21:00	1	0	53	0	Ct	0	0	0	0	0	0	3	0	0	2	0	4	2	2	0	4	0	2	0	0	0	0	0	0	0	0	2	0	0	0	0	0	0	2
15318	1 Aug 25	03:22:00	1	0	53	0	Ct	0	0	0	0	0	0	4	0	0	1	0	2	0	2	0	4	0	2	0	0	0	0	0	0	0	0	0	0	0	0	0	0	1	1
15319	1 Aug 25	03:23:00	1	0	53	0	Ct	0	0	0	2	0	0	2	0	0	2	1	2	0	0	0	2	0	4	0	0	0	0	0	0	0	0	0	1	0	0	0	0	1	1
15320	1 Aug 25	03:24:00	1	0	53	0	Ct	0	0	2	2	0	0	0	2	0	2	1	2	3	2	1	5	1	0	0	0	0	0	0	0	0	0	0	1	0	0	0	0	2	3
15321	1 Aug 25	03:25:00	1	0	53	0	Ct	0	0	0	0	0	0	2	1	0	2	0	0	2	0	0	4	2	0	0	0	1	0	0	1	0	1	0	1	0	0	1	0	3	0
15322	1 Aug 25	03:26:00	1	0	53	0	Ct	0	0	1	1	0	0	1	1	0	4	2	0	3	0	2	4	2	0	0	0	0	0	0	0	0	0	0	1	0	0	0	0	0	0
15323	1 Aug 25	03:27:00	1	0	53	0	Ct	0	0	1	2	0	0	1	2	0	2	2	1	1	1	2	3	2	0	0	0	0	0	0	0	0	0	0	2	0	0	0	0	2	0
15324	1 Aug 25	03:28:00	1	0	53	0	Ct	0	0	0	2	0	0	1	1	0	3	1	3	1	3	1	3	3	2	0	0	0	0	0	1	0	1	0	0	0	0	0	0	0	0
15325	1 Aug 25	03:29:00	1	0	53	0	Ct	0	0	2	0	0	0	1	0	0	1	3	0	0	0	2	4	0	0	1	0	0	0	0	0	0	0	0	4	0	0	0	0	0	0
15326	1 Aug 25	03:30:00	1	0	53	0	Ct	0	0	0	1	0	0	1	2	0	3	0	0	1	2	2	5	3	3	0	0	0	0	0	0	0	0	0	2	0	0	0	0	3	0
15327	1 Aug 25	03:31:00	1	0	53	0	Ct	0	0	0	2	0	0	3	0	0	2	0	3	2	0	4	5	3	1	4	0	0	0	0	0	0	0	0	0	0	0	0	0	2	0
15328	1 Aug 25	03:32:00	1	0	53	0	Ct	0	0	2	0	0	0	1	4	1	2	1	4	1	2	3	2	1	0	1	0	0	0	0	0	0	2	0	1	0	0	0	0	4	0
15329	1 Aug 25	03:33:00	1	0	53	0	Ct	0	0	0	3	0	0	10	1	0	0	0	2	0	0	0	3	1	1	0	0	1	0	0	0	0	0	0	0	0	0	2	0	0	1
15330	1 Aug 25	03:34:00	1	0	53	0	Ct	0	0	1	1	0	0	1	0	1	0	0	7	0	0	2	2	4	1	0	0	1	0	0	0	0	0	0	1	0	0	0	0	1	1
15331	1 Aug 25	03:35:00	1	0	53	0	Ct	0	0	2	2	0	0	1	0	0	2	0	2	0	0	0	3	3	0	0	0	0	0	0	0	0	0	0	0	0	0	0	0	2	0
15332	1 Aug 25	03:36:00	1	0	53	0	Ct	0	0	2	0	0	0	4	2	0	2	0	1	0	0	0	4	2	1	2	0	0	0	0	0	0	0	0	1	0	0	0	0	1	1
15333	1 Aug 25	03:37:00	1	0	53	0	Ct	0	0	1	1	0	0	2	1	0	2	1	4	1	0	2	4	4	2	0	0	0	0	0	0	0	0	0	2	0	0	0	0	2	1
15334	1 Aug 25	03:38:00	1	0	53	0	Ct	0	0	3	2	0	0	2	0	0	0	0	0	2	0	4	1	4	0	0	0	0	0	0	0	0	0	0	0	0	0	3	0	3	0
15335	1 Aug 25	03:39:00	1	0	53	0	Ct	0	0	0	3	0	0	1	0	0	0	0	1	1	2	3	0	2	0	0	0	0	0	0	0	0	0	0	1	0	0	0	0	1	0
15336	1 Aug 25	03:40:00	1	0	53	0	Ct	0	0	1	0	0	0	2	3	0	3	0	2	0	0	0	5	2	1	4	0	0	0	0	0	0	0	0	2	0	0	0	0	1	0
15337	1 Aug 25	03:41:00	1	0	53	0	Ct	0	0	3	3	0	0	0	0	0	3	0	2	2	0	2	5	2	1	0	0	0	0	0	0	0	0	0	0	0	0	0	0	0	0
15338	1 Aug 25	03:42:00	1	0	53	0	Ct	0	0	3	4	0	0	4	0	0	2	0	0	3	0	1	4	4	0	0	0	0	0	0	0	0	0	0	0	0	0	0	0	1	0
15339	1 Aug 25	03:43:00	1	0	53	0	Ct	0	0	1	1	0	0	1	1	0	2	0	0	1	0	1	4	2	2	0	0	0	0	0	0	0	0	0	0	0	0	0	0	4	0
15340	1 Aug 25	03:44:00	1	0	53	0	Ct	0	0	2	3	0	0	3	1	0	1	0	1	1	0	0	5	2	1	0	0	0	0	0	0	0	0	0	0	0	0	0	0	2	0
15341	1 Aug 25	03:45:00	1	0	53	0	Ct	0	0	1	1	0	0	2	2	1	0	0	1	1	0	1	4	2	0	3	0	0	0	0	0	0	0	0	0	0	0	0	0	4	0
15342	1 Aug 25	03:46:00	1	0	53	0	Ct	0	0	1	0	0	0	1	2	3	2	1	0	0	0	2	6	3	1	0	0	0	0	0	0	0	0	0	0	0	0	0	0	1	0
15343	1 Aug 25	03:47:00	1	0	53	0	Ct	0	0	0	1	0	0	1	1	1	0	2	0	2	0	1	5	2	0	0	0	0	0	0	0	0	0	0	0	0	0	0	0	2	1
15344	1 Aug 25	03:48:00	1	0	53	0	Ct	0	0	0	2	0	0	1	0	3	2	0	0	0	0	1	5	2	0	0	0	0	3	0	0	0	0	0	2	0	0	0	0	3	1
15345	1 Aug 25	03:49:00	1	0	53	0	Ct	0	0	0	2	0	0	0	0	3	1	3	3	0	1	0	4	2	1	0	0	0	3	0	0	0	0	0	3	0	0	0	0	0	0
15346	1 Aug 25	03:50:00	1	0	53	0	Ct	0	0	0	0	0	0	3	3	0	3	2	2	2	3	1	1	2	0	0	0	0	1	0	0	0	0	0	2	0	0	0	0	0	1
15347	1 Aug 25	03:51:00	1	0	53	0	Ct	0	0	2	1	0	0	0	1	4	2	0	1	1	0	0	3	2	0	0	0	0	0	0	0	0	0	0	2	0	0	0	0	2	0
15348	1 Aug 25	03:52:00	1	0	53	0	Ct	0	0	3	2	0	0	2	1	3	3	0	0	3	0	1	2	3	1	0	0	0	0	0	0	0	0	0	0	0	0	0	0	1	0
15349	1 Aug 25	03:53:00	1	0	53	0	Ct	0	0	1	2	0	0	1	1	3	1	0	0	2	0	2	4	3	0	0	0	2	0	0	0	0	0	0	0	0	0	0	0	3	1
15350	1 Aug 25	03:54:00	1	0	53	0	Ct	0	0	0	1	0	0	1	2	1	1	0	1	1	0	1	4	1	1	0	0	0	0	0	0	0	0	0	1	0	0	0	0	2	5
15351	1 Aug 25	03:55:00	1	0	53	0	Ct	0	0	0	0	0	0	1	0	1	1	0	2	1	0	1	2	2	1	0	0	0	0	0	0	0	0	0	2	0	0	0	0	1	1
15352	1 Aug 25	03:56:00	1	0	53	0	Ct	0	0	0	0	0	0	2	0	1	1	0	2	0	0	0	3	2	3	0	0	0	0	0	0	0	1	0	0	0	0	0	0	1	0
15353	1 Aug 25	03:57:00	1	0	53	0	Ct	0	0	4	2	0	0	1	1	3	2	0	1	0	0	3	0	2	0	1	0	0	0	0	0	0	3	0	2	0	0	0	0	2	0
15354	1 Aug 25	03:58:00	1	0	53	0	Ct	0	0	1	0	0	0	2	0	0	0	0	0	0	0	1	1	3	0	1	0	0	0	0	0	0	0	0	0	0	0	0	0	3	0
15355	1 Aug 25	03:59:00	1	0	53	0	Ct	0	0	0	1	0	0	0	0	0	2	0	0	0	0	0	1	4	1	0	0	4	0	0	0	0	0	0	0	0	0	0	0	4	0
15356	1 Aug 25	04:00:00	1	0	53	0	Ct	0	0	0	0	0	0	2	2	0	1	0	0	0	3	0	0	1	0	0	0	1	0	2	0	0	0	2	0	0	0	0	0	1	2
15357	1 Aug 25	04:01:00	1	0	53	0	Ct	0	0	0	1	0	0	3	3	1	2	1	0	0	1	0	0	0	1	0	0	0	0	0	0	0	0	1	2	0	0	0	0	2	0
15358	1 Aug 25	04:02:00	1	0	53	0	Ct	0	0	0	0	0	0	1	2	0	1	1	1	0	2	0	0	0	1	0	0	0	0	0	0	0	0	0	3	0	0	0	0	2	1
15359	1 Aug 25	04:03:00	1	0	53	0	Ct	0	0	2	1	0	0	2	0	1	2	0	1	0	0	0	3	0	2	1	0	0	0	0	0	0	1	0	1	0	0	0	0	4	1
15360	1 Aug 25	04:04:00	1	0	53	0	Ct	0	0	3	0	0	0	2	3	0	0	1	1	0	0	0	4	0	2	2	0	0	0	0	2	0	1	1	1	0	0	2	0	2	1
15361	1 Aug 25	04:05:00	1	0	53	0	Ct	0	0	0	1	0	0	1	1	2	1	2	1	0	0	0	6	0	0	0	0	0	0	0	0	0	0	0	0	0	0	0	0	2	1
15362	1 Aug 25	04:06:00	1	0	53	0	Ct	0	0	1	2	0	0	0	1	3	1	1	2	0	0	0	1	0	2	2	0	0	0	0	0	0	0	0	0	0	0	0	0	2	0
15363	1 Aug 25	04:07:00	1	0	53	0	Ct	0	0	0	0	0	0	2	1	4	2	0	0	0	0	0	2	0	0	5	0	0	0	0	0	0	0	0	2	0	0	0	0	3	0
15364	1 Aug 25	04:08:00	1	0	53	0	Ct	0	0	0	2	0	0	0	1	1	0	0	0	0	0	0	4	0	2	3	0	0	0	0	0	0	0	0	3	0	0	0	0	0	0
15365	1 Aug 25	04:09:00	1	0	53	0	Ct	0	0	0	1	0	0	1	0	2	1	2	4	0	0	0	4	0	2	0	0	0	0	0	0	0	0	0	1	0	0	0	0	2	0
15366	1 Aug 25	04:10:00	1	0	53	0	Ct	0	0	4	0	0	0	2	0	1	4	0	4	0	0	0	5	0	0	0	0	0	0	0	0	0	0	0	0	0	0	0	0	3	0
15367	1 Aug 25	04:11:00	1	0	53	0	Ct	0	0	2	0	0	0	0	0	0	4	0	3	0	0	0	2	0	1	2	0	0	0	0	0	0	0	0	0	0	0	2	0	2	0
15368	1 Aug 25	04:12:00	1	0	53	0	Ct	0	0	2	0	0	0	2	0	3	3	2	2	0	0	0	5	0	2	2	0	1	0	2	0	0	0	0	0	0	0	0	0	2	0
15369	1 Aug 25	04:13:00	1	0	53	0	Ct	0	0	1	0	0	0	2	0	2	3	2	2	0	0	0	2	0	1	2	0	0	0	0	0	0	0	0	0	0	0	0	0	1	0
15370	1 Aug 25	04:14:00	1	0	53	0	Ct	0	0	2	0	0	0	0	0	0	5	2	0	0	0	0	3	0	0	0	0	0	0	0	0	0	0	0	0	0	0	2	0	0	0
15371	1 Aug 25	04:15:00	1	0	53	0	Ct	0	0	2	0	0	0	3	0	1	1	0	1	1	0	0	2	0	1	0	0	0	0	0	0	0	0	0	0	0	0	0	0	2	0
15372	1 Aug 25	04:16:00	1	0	53	0	Ct	0	0	0	3	0	0	2	3	1	4	0	0	0	1	0	2	0	2	0	0	0	0	0	0	0	0	0	0	0	0	4	0	4	0
15373	1 Aug 25	04:17:00	1	0	53	0	Ct	0	0	3	1	0	0	1	3	3	2	0	0	0	1	3	1	0	1	0	0	0	0	0	0	0	0	1	0	0	0	3	0	2	0
15374	1 Aug 25	04:18:00	1	0	53	0	Ct	0	0	1	0	0	0	0	0	3	2	0	0	0	0	3	1	0	0	0	0	0	0	0	0	0	0	2	0	0	0	1	0	1	0
15375	1 Aug 25	04:19:00	1	0	53	0	Ct	0	0	2	1	0	0	2	3	0	4	0	2	0	0	2	0	1	1	0	0	0	0	0	1	0	0	1	0	0	0	0	0	1	0
15376	1 Aug 25	04:20:00	1	0	53	0	Ct	0	0	0	0	0	0	1	2	0	0	0	3	0	0	2	3	1	1	0	0	0	0	0	2	0	0	1	0	0	0	0	0	2	0
15377	1 Aug 25	04:21:00	1	0	53	0	Ct	0	0	0	2	0	0	1	1	2	2	0	0	0	0	1	1	0	1	0	0	0	0	1	0	0	0	2	0	0	0	0	0	1	0
15378	1 Aug 25	04:22:00	1	0	53	0	Ct	0	0	0	2	0	0	1	1	5	0	1	0	1	1	3	3	0	0	0	0	0	0	1	0	0	0	1	0	0	0	0	0	1	0
15379	1 Aug 25	04:23:00	1	0	53	0	Ct	0	0	0	1	0	0	1	2	0	2	4	0	3	0	1	2	0	1	0	0	0	0	3	0	0	0	0	0	0	0	2	0	3	0
15380	1 Aug 25	04:24:00	1	0	53	0	Ct	0	0	0	0	0	0	1	1	0	1	2	0	1	2	2	0	0	1	0	0	0	0	4	2	0	0	2	0	0	0	2	0	2	0
15381	1 Aug 25	04:25:00	1	0	53	0	Ct	0	0	0	1	0	0	0	2	2	3	1	0	1	0	1	0	0	0	0	0	0	0	4	0	0	0	3	2	0	0	3	0	2	2
15382	1 Aug 25	04:26:00	1	0	53	0	Ct	0	0	0	1	0	0	1	4	1	2	2	1	1	0	2	2	0	1	1	0	0	0	2	0	0	0	4	2	0	0	1	0	0	0
15383	1 Aug 25	04:27:00	1	0	53	0	Ct	0	0	0	1	2	0	2	0	0	0	0	4	3	0	1	0	0	0	1	0	0	0	0	0	0	0	2	2	0	0	2	0	2	0
15384	1 Aug 25	04:28:00	1	0	53	0	Ct	0	0	0	3	0	0	0	2	0	0	1	2	2	0	0	4	0	1	0	0	0	0	0	0	0	2	5	0	0	0	3	0	1	1
15385	1 Aug 25	04:29:00	1	0	53	0	Ct	0	0	0	0	0	0	2	3	5	1	1	3	0	0	1	0	0	4	0	0	1	0	0	3	0	0	4	1	0	0	3	0	1	1
15386	1 Aug 25	04:30:00	1	0	53	0	Ct	0	0	0	0	0	0	1	1	1	1	5	0	3	0	0	2	0	0	1	0	0	0	2	3	0	0	2	1	0	0	0	0	2	0
15387	1 Aug 25	04:31:00	1	0	53	0	Ct	0	0	2	3	0	0	3	0	1	0	0	0	3	0	4	3	0	1	7	0	2	0	3	2	0	1	3	0	0	0	5	0	9	0
15388	1 Aug 25	04:32:00	1	0	53	0	Ct	0	0	0	0	0	0	1	0	3	0	0	1	1	0	1	2	0	0	1	0	0	0	3	5	0	3	0	1	0	0	3	0	2	0
15389	1 Aug 25	04:33:00	1	0	53	0	Ct	0	0	0	1	0	0	5	1	3	1	0	3	1	0	2	1	0	0	0	0	0	0	0	2	0	2	1	1	0	0	0	0	0	1
15390	1 Aug 25	04:34:00	1	0	53	0	Ct	0	0	1	1	0	0	2	2	2	0	1	1	0	0	0	5	0	1	1	0	0	0	3	2	0	2	2	2	0	0	2	0	0	0
15391	1 Aug 25	04:35:00	1	0	53	0	Ct	0	0	3	2	0	0	4	0	2	1	0	3	0	0	1	5	0	2	2	0	0	0	2	1	0	2	0	0	0	0	2	0	0	0
15392	1 Aug 25	04:36:00	1	0	53	0	Ct	0	0	0	0	0	0	3	1	2	1	0	0	0	3	1	3	0	0	1	0	0	0	3	3	0	0	0	0	0	0	0	0	0	0
15393	1 Aug 25	04:37:00	1	0	53	0	Ct	0	0	1	0	0	0	2	1	0	0	2	0	0	0	2	5	0	1	1	0	0	0	7	0	0	1	1	1	0	0	0	0	0	0
15394	1 Aug 25	04:38:00	1	0	53	0	Ct	0	0	1	0	0	0	3	1	0	3	1	2	0	0	2	2	0	2	3	0	0	0	3	1	0	1	2	0	0	0	0	0	0	0
15395	1 Aug 25	04:39:00	1	0	53	0	Ct	0	0	0	2	0	0	3	1	4	0	0	1	0	0	0	1	0	1	1	0	0	0	2	2	0	1	2	2	0	0	0	0	0	0
15396	1 Aug 25	04:40:00	1	0	53	0	Ct	0	0	0	1	0	2	0	0	3	0	0	1	0	0	2	2	0	1	3	0	0	0	2	1	0	1	3	1	0	0	0	0	1	0
15397	1 Aug 25	04:41:00	1	0	53	0	Ct	0	0	0	1	0	0	2	0	3	2	3	0	1	0	2	3	0	0	0	0	0	0	2	1	0	2	2	3	0	0	0	0	1	2
15398	1 Aug 25	04:42:00	1	0	53	0	Ct	0	0	0	0	0	0	1	0	2	2	0	0	0	0	2	0	0	0	1	0	0	0	1	3	0	0	2	0	0	0	0	0	2	4
15399	1 Aug 25	04:43:00	1	0	53	0	Ct	0	0	0	1	1	1	3	0	1	1	1	2	0	0	2	0	0	0	1	0	0	0	0	1	0	3	1	0	0	0	0	0	6	0
15400	1 Aug 25	04:44:00	1	0	53	0	Ct	0	0	1	0	0	3	1	0	0	0	0	0	4	0	1	4	0	0	0	0	1	0	1	3	0	1	1	0	0	0	2	0	4	1
15401	1 Aug 25	04:45:00	1	0	53	0	Ct	0	0	1	0	0	2	1	0	1	1	1	0	2	0	1	2	0	2	1	0	0	0	1	0	0	0	2	0	0	0	5	0	1	1
15402	1 Aug 25	04:46:00	1	0	53	0	Ct	0	0	1	1	0	4	1	0	3	4	0	0	0	0	2	0	1	2	3	0	0	0	2	0	0	0	3	0	0	0	3	0	1	0
15403	1 Aug 25	04:47:00	1	0	53	0	Ct	0	0	3	3	0	3	3	1	2	1	1	2	0	0	0	3	2	0	2	0	0	1	3	1	0	0	2	0	0	0	5	0	5	0
15404	1 Aug 25	04:48:00	1	0	53	0	Ct	0	0	0	1	0	2	2	1	3	3	2	2	0	0	0	1	2	2	1	0	0	0	5	3	0	3	1	0	0	0	4	0	1	0
15405	1 Aug 25	04:49:00	1	0	53	0	Ct	0	0	0	4	1	1	3	3	3	1	1	2	0	0	0	4	0	2	2	0	0	1	3	0	0	3	0	0	0	0	0	0	0	0
15406	1 Aug 25	04:50:00	1	0	53	0	Ct	0	0	3	1	2	0	2	0	0	1	0	0	0	0	3	2	1	1	0	0	0	0	3	1	0	2	0	0	0	0	2	0	3	0
15407	1 Aug 25	04:51:00	1	0	53	0	Ct	0	0	2	0	0	1	1	3	3	1	0	0	0	0	2	3	2	0	0	2	0	0	1	1	0	1	0	0	0	0	5	0	1	0
15408	1 Aug 25	04:52:00	1	0	53	0	Ct	0	0	1	0	0	2	2	1	2	2	0	0	0	3	1	1	0	0	0	1	0	0	1	0	0	1	1	0	0	0	2	0	1	0
15409	1 Aug 25	04:53:00	1	0	53	0	Ct	0	0	0	3	0	4	3	2	3	1	0	0	0	0	3	0	0	1	0	0	0	0	1	0	0	2	1	1	0	0	1	0	0	0
15410	1 Aug 25	04:54:00	1	0	53	0	Ct	0	0	2	0	0	5	2	0	0	0	0	0	0	0	1	0	0	2	0	0	0	0	3	1	0	0	2	3	0	0	0	0	2	0
15411	1 Aug 25	04:55:00	1	0	53	0	Ct	0	0	3	3	0	1	2	2	2	0	1	2	0	0	1	0	0	0	1	0	0	0	4	1	0	1	1	0	0	0	0	0	0	0
15412	1 Aug 25	04:56:00	1	0	53	0	Ct	0	0	1	0	0	2	1	0	3	1	1	3	0	0	0	2	0	0	0	0	0	0	2	0	0	2	0	0	0	0	0	0	0	0
15413	1 Aug 25	04:57:00	1	0	53	0	Ct	0	0	0	0	0	3	2	1	2	3	2	4	2	0	2	4	0	0	4	0	0	0	2	0	0	1	0	0	0	0	2	0	0	0
15414	1 Aug 25	04:58:00	1	0	53	0	Ct	0	0	3	0	0	4	2	0	0	2	0	2	2	0	1	0	0	0	3	0	0	0	3	0	0	2	1	0	0	0	3	0	2	0
15415	1 Aug 25	04:59:00	1	0	53	0	Ct	0	0	4	2	0	2	0	0	0	1	0	2	0	0	1	0	0	0	1	0	0	0	2	0	0	1	1	0	0	0	3	0	2	0
15416	1 Aug 25	05:00:00	1	0	53	0	Ct	0	0	1	4	0	1	2	2	2	1	3	3	2	0	2	1	0	0	0	0	0	0	0	0	0	3	1	0	0	0	3	0	1	0
15417	1 Aug 25	05:01:00	1	0	53	0	Ct	0	0	2	5	0	3	1	1	0	1	1	2	0	0	3	3	0	1	2	0	0	0	0	0	0	2	2	0	0	0	1	0	0	0
15418	1 Aug 25	05:02:00	1	0	53	0	Ct	0	0	0	1	0	1	1	1	0	2	1	0	0	1	5	0	0	0	0	0	0	0	1	0	0	3	0	0	0	0	4	0	4	0
15419	1 Aug 25	05:03:00	1	0	53	0	Ct	0	0	0	5	0	3	2	1	0	3	1	0	1	1	2	0	0	0	0	0	0	1	2	0	0	1	2	0	0	0	3	0	4	0
15420	1 Aug 25	05:04:00	1	0	53	0	Ct	0	0	0	2	2	3	0	0	0	1	0	0	2	0	2	2	0	1	0	0	0	3	2	0	0	1	1	0	0	0	2	0	2	0
15421	1 Aug 25	05:05:00	1	0	53	0	Ct	0	0	0	3	2	0	0	0	2	2	2	0	1	0	1	1	0	1	0	0	0	3	4	0	0	2	3	0	0	0	2	0	0	0
15422	1 Aug 25	05:06:00	1	0	53	0	Ct	0	0	3	3	0	2	3	0	2	1	3	2	3	0	0	0	0	1	0	0	2	3	2	0	0	0	3	0	0	0	1	0	3	0
15423	1 Aug 25	05:07:00	1	0	53	0	Ct	0	0	2	0	0	2	2	1	2	1	0	2	2	0	0	2	0	0	1	0	1	3	2	0	0	0	2	0	0	0	2	0	3	0
15424	1 Aug 25	05:08:00	1	0	53	0	Ct	0	0	2	2	0	0	3	3	3	0	0	0	2	0	1	0	0	2	1	0	0	3	2	0	0	1	1	0	0	0	3	0	2	0
15425	1 Aug 25	05:09:00	1	0	53	0	Ct	0	0	1	1	0	2	3	1	2	0	0	0	0	3	2	0	0	1	2	0	0	3	3	1	0	2	2	0	0	0	2	0	1	2
15426	1 Aug 25	05:10:00	1	0	53	0	Ct	0	0	2	0	0	3	4	3	3	3	0	0	0	7	1	1	0	1	3	0	0	2	3	1	0	0	0	0	0	0	3	0	2	0
15427	1 Aug 25	05:11:00	1	0	53	0	Ct	0	0	1	0	0	2	1	3	2	4	0	0	2	2	2	2	0	0	1	0	0	1	1	0	0	2	0	0	0	0	3	0	1	0
15428	1 Aug 25	05:12:00	1	0	53	0	Ct	0	0	1	4	0	1	3	2	3	0	0	1	3	2	2	3	0	0	0	0	0	0	2	0	0	1	0	0	0	0	0	0	3	0
15429	1 Aug 25	05:13:00	1	0	53	0	Ct	0	0	3	1	0	0	2	0	0	2	0	2	1	1	2	2	1	2	1	0	0	1	3	1	0	0	1	0	0	0	1	0	1	0
15430	1 Aug 25	05:14:00	1	0	53	0	Ct	0	0	0	0	0	1	1	0	3	3	1	3	2	0	1	4	0	1	3	0	0	2	2	1	0	0	3	0	0	0	1	0	1	0
15431	1 Aug 25	05:15:00	1	0	53	0	Ct	0	0	0	0	0	3	3	1	1	2	2	0	1	0	1	2	0	1	1	0	0	0	2	2	0	1	0	0	0	0	1	0	3	0
15432	1 Aug 25	05:16:00	1	0	53	0	Ct	0	0	2	3	0	3	1	0	0	2	2	1	0	0	2	3	2	1	1	0	0	1	2	0	0	1	0	0	0	0	2	0	3	0
15433	1 Aug 25	05:17:00	1	0	53	0	Ct	0	0	2	1	0	2	2	2	2	1	0	2	0	0	1	4	1	1	0	0	0	0	4	0	0	1	0	0	0	0	3	0	1	0
15434	1 Aug 25	05:18:00	1	0	53	0	Ct	0	0	0	0	0	1	1	1	1	2	0	1	0	0	0	3	0	1	1	0	0	0	2	1	0	1	2	0	0	0	3	0	0	0
15435	1 Aug 25	05:19:00	1	0	53	0	Ct	0	0	0	3	0	1	1	0	0	2	0	3	1	0	2	2	0	0	1	0	0	0	3	1	0	0	3	0	0	0	3	0	1	1
15436	1 Aug 25	05:20:00	1	0	53	0	Ct	0	0	1	4	0	1	0	1	0	2	0	1	1	0	2	2	0	2	1	0	0	0	2	0	0	2	2	0	0	0	1	0	2	1
15437	1 Aug 25	05:21:00	1	0	53	0	Ct	0	0	3	1	0	0	0	1	1	0	0	2	3	0	1	1	0	2	3	0	0	2	0	1	0	3	1	0	0	0	3	0	0	0
15438	1 Aug 25	05:22:00	1	0	53	0	Ct	0	0	1	0	0	0	2	2	2	2	1	2	1	3	3	2	1	1	2	0	0	1	2	2	0	0	3	4	0	0	2	0	0	2
15439	1 Aug 25	05:23:00	1	0	53	0	Ct	0	0	2	0	4	1	1	2	3	2	0	3	3	1	3	1	1	2	1	0	0	1	2	2	0	1	2	3	0	0	3	0	1	0
15440	1 Aug 25	05:24:00	1	0	53	0	Ct	0	0	3	0	0	3	1	1	2	2	4	1	0	2	1	1	0	1	1	0	0	2	4	2	0	1	2	0	0	0	2	0	2	0
15441	1 Aug 25	05:25:00	1	0	53	0	Ct	0	0	1	2	2	2	2	4	0	0	2	1	2	1	2	1	0	0	1	0	0	2	4	2	0	0	1	2	0	0	0	0	2	1
15442	1 Aug 25	05:26:00	1	0	53	0	Ct	0	0	0	0	0	2	0	2	0	3	2	4	0	3	2	2	0	0	3	0	0	0	2	1	0	1	2	2	0	0	1	0	2	1
15443	1 Aug 25	05:27:00	1	0	53	0	Ct	0	0	0	0	0	2	1	1	0	1	0	4	0	1	2	1	0	1	0	0	0	1	3	0	0	1	0	0	0	0	1	0	2	0
15444	1 Aug 25	05:28:00	1	0	53	0	Ct	0	0	0	0	0	0	3	3	2	3	0	1	1	4	1	0	2	1	1	0	0	2	5	1	0	0	1	0	0	0	3	0	1	0
15445	1 Aug 25	05:29:00	1	0	53	0	Ct	0	0	0	0	0	2	1	1	4	1	1	3	3	1	2	0	0	1	3	0	0	1	2	1	0	0	0	1	0	0	1	0	3	0
15446	1 Aug 25	05:30:00	1	0	53	0	Ct	0	0	1	0	0	5	0	1	1	2	1	0	3	2	1	3	0	0	2	0	0	1	2	1	0	2	0	2	0	0	5	0	2	1
15447	1 Aug 25	05:31:00	1	0	53	0	Ct	0	0	2	0	1	0	3	2	2	5	0	2	0	2	0	4	0	0	2	0	0	2	2	3	0	1	1	5	0	0	0	0	1	2
15448	1 Aug 25	05:32:00	1	0	53	0	Ct	0	0	4	2	1	0	3	2	2	6	1	4	2	1	2	3	0	1	2	0	0	1	3	0	0	1	0	0	0	0	8	0	1	1
15449	1 Aug 25	05:33:00	1	0	53	0	Ct	0	0	1	3	0	2	1	0	3	4	0	2	1	1	0	3	0	2	6	0	1	0	3	0	0	1	1	0	0	0	1	0	0	0
15450	1 Aug 25	05:34:00	1	0	53	0	Ct	0	0	2	6	0	2	2	2	0	4	1	3	3	0	1	2	0	0	0	0	0	2	3	2	0	1	1	1	0	0	2	0	1	0
15451	1 Aug 25	05:35:00	1	0	53	0	Ct	0	0	2	2	3	3	2	2	3	3	1	2	2	0	2	4	0	1	0	0	2	2	2	1	0	0	1	2	0	0	3	0	2	0
15452	1 Aug 25	05:36:00	1	0	53	0	Ct	0	0	2	1	0	1	0	3	6	1	0	1	2	0	0	3	0	1	0	0	7	1	0	0	0	1	1	0	0	0	2	0	1	0
15453	1 Aug 25	05:37:00	1	0	53	0	Ct	0	0	0	1	0	2	0	3	1	3	2	3	0	0	1	2	0	1	2	0	0	1	1	3	0	1	2	2	0	0	1	0	0	0
15454	1 Aug 25	05:38:00	1	0	53	0	Ct	0	0	3	1	2	1	2	1	1	1	2	3	2	0	3	2	0	4	2	0	0	3	2	1	0	0	1	0	0	0	0	0	3	0
15455	1 Aug 25	05:39:00	1	0	53	0	Ct	0	0	1	4	1	0	4	3	3	0	1	1	1	1	3	3	0	2	0	0	0	1	2	2	0	0	2	0	0	0	0	0	4	0
15456	1 Aug 25	05:40:00	1	0	53	0	Ct	0	0	2	1	1	0	3	3	1	1	1	0	1	1	1	4	0	1	1	0	0	1	2	1	0	1	1	2	0	0	1	0	3	2
15457	1 Aug 25	05:41:00	1	0	53	0	Ct	0	0	0	0	0	1	3	2	1	2	2	0	1	0	4	2	0	6	1	0	0	2	1	0	0	2	2	2	0	0	3	0	4	0
15458	1 Aug 25	05:42:00	1	0	53	0	Ct	0	0	2	0	1	3	1	4	2	2	1	0	2	0	3	4	1	2	2	1	0	3	2	1	0	2	0	2	0	0	3	0	3	0
15459	1 Aug 25	05:43:00	1	0	53	0	Ct	0	0	3	2	0	2	2	3	2	0	1	0	4	0	2	4	2	1	3	2	0	1	2	0	0	1	1	1	0	0	1	0	1	2
15460	1 Aug 25	05:44:00	1	0	53	0	Ct	0	0	1	0	0	1	2	4	3	2	1	0	0	0	3	3	2	0	3	1	0	2	0	1	0	1	0	0	0	0	1	0	0	2
15461	1 Aug 25	05:45:00	1	0	53	0	Ct	0	0	2	0	3	5	1	3	3	2	1	0	1	1	3	4	1	2	0	2	0	2	3	1	0	2	0	1	0	0	2	0	0	0
15462	1 Aug 25	05:46:00	1	0	53	0	Ct	0	0	0	0	1	2	0	4	3	2	0	2	2	1	3	3	4	3	2	9	0	0	1	1	0	1	0	0	0	0	4	0	0	0
15463	1 Aug 25	05:47:00	1	0	53	0	Ct	0	0	1	0	3	0	3	3	2	2	1	2	3	1	2	5	0	1	2	1	0	3	0	2	0	0	0	2	0	0	2	0	0	0
15464	1 Aug 25	05:48:00	1	0	53	0	Ct	0	0	2	1	2	0	0	6	5	1	1	0	3	1	1	4	0	1	2	0	0	0	1	1	0	1	2	0	0	0	1	0	1	0
15465	1 Aug 25	05:49:00	1	0	53	0	Ct	0	0	2	1	5	2	1	3	4	3	0	0	0	2	2	1	0	2	1	0	0	2	0	1	0	1	2	0	0	0	1	0	2	0
15466	1 Aug 25	05:50:00	1	0	53	0	Ct	0	0	1	0	3	1	2	3	4	2	0	0	0	3	1	0	0	0	3	0	0	1	2	2	0	2	4	5	0	0	1	0	1	0
15467	1 Aug 25	05:51:00	1	0	53	0	Ct	0	0	0	0	1	0	0	4	1	0	2	1	0	2	2	2	0	0	3	0	0	3	2	1	0	1	1	1	0	0	2	0	0	0
15468	1 Aug 25	05:52:00	1	0	53	0	Ct	0	0	0	1	0	3	2	0	0	0	1	3	0	5	2	3	0	17	0	0	0	1	2	2	0	2	1	0	0	0	3	0	0	0
15469	1 Aug 25	05:53:00	1	0	53	0	Ct	0	0	0	3	4	1	2	3	1	1	1	2	0	3	0	4	0	1	2	0	0	0	1	2	0	1	1	0	0	0	1	0	2	0
15470	1 Aug 25	05:54:00	1	0	53	0	Ct	0	0	1	1	3	1	2	0	5	1	1	3	0	4	3	2	3	2	0	0	1	2	1	1	0	0	1	0	0	0	0	0	2	0
15471	1 Aug 25	05:55:00	1	0	53	0	Ct	0	0	1	2	1	0	0	1	3	1	1	1	3	4	3	3	2	0	0	0	0	2	3	0	0	2	2	2	0	0	3	0	3	0
15472	1 Aug 25	05:56:00	1	0	53	0	Ct	0	0	2	2	1	0	2	2	3	1	1	1	3	3	2	0	4	0	0	0	0	2	0	0	0	1	1	1	0	0	1	0	3	0
15473	1 Aug 25	05:57:00	1	0	53	0	Ct	0	0	3	0	1	2	2	4	3	2	0	1	1	3	2	1	1	2	1	0	0	1	2	0	0	2	1	2	0	0	0	0	2	0
15474	1 Aug 25	05:58:00	1	0	53	0	Ct	0	0	4	2	2	3	0	3	2	0	3	0	3	2	2	4	1	4	2	1	0	1	3	0	0	0	0	2	0	0	4	0	2	0
15475	1 Aug 25	05:59:00	1	0	53	0	Ct	0	0	2	2	2	1	3	3	2	0	1	0	0	6	1	4	4	1	1	2	0	2	2	5	0	2	2	1	0	0	0	0	0	0
15476	1 Aug 25	06:00:00	1	0	53	0	Ct	0	0	2	0	3	2	3	5	3	2	0	2	1	3	2	4	0	1	4	0	0	1	3	1	0	2	1	1	0	0	2	0	4	0
15477	1 Aug 25	06:01:00	1	0	53	0	Ct	0	0	4	3	5	3	3	3	4	1	1	2	2	3	4	1	1	0	2	2	0	3	0	0	0	1	0	1	0	0	1	0	2	3
15478	1 Aug 25	06:02:00	1	0	53	0	Ct	0	0	1	0	4	2	1	1	0	1	3	2	2	2	0	1	2	0	1	1	0	1	1	1	0	2	0	1	0	0	1	0	3	2
15479	1 Aug 25	06:03:00	1	0	53	0	Ct	0	0	1	1	3	2	4	3	1	3	2	2	1	3	0	3	0	1	2	0	0	10	1	1	0	1	1	1	0	0	3	0	3	3
15480	1 Aug 25	06:04:00	1	0	53	0	Ct	0	0	1	2	4	4	1	2	0	3	0	0	2	0	1	1	1	0	2	0	0	0	1	1	0	1	2	0	0	0	1	0	1	3
15481	1 Aug 25	06:05:00	1	0	53	0	Ct	0	0	3	1	2	2	3	3	0	6	2	0	3	0	1	0	2	1	0	0	0	2	1	0	0	3	0	7	0	0	1	0	3	3
15482	1 Aug 25	06:06:00	1	0	53	0	Ct	0	0	4	0	2	2	3	4	1	1	1	3	1	3	2	3	1	0	3	0	0	1	2	1	0	1	2	0	0	0	3	0	4	0
15483	1 Aug 25	06:07:00	1	0	53	0	Ct	0	0	1	0	3	0	0	1	0	4	2	3	0	5	1	0	3	3	2	0	0	1	3	0	0	1	1	2	0	0	0	0	1	0
15484	1 Aug 25	06:08:00	1	0	53	0	Ct	0	0	2	3	4	2	3	2	0	0	0	4	0	4	4	3	4	2	2	0	0	1	2	1	0	0	0	1	0	0	0	0	1	0
15485	1 Aug 25	06:09:00	1	0	53	0	Ct	0	0	3	2	5	0	2	3	0	1	0	3	0	1	3	3	2	0	3	0	0	2	5	0	0	0	2	2	0	0	1	0	6	0
15486	1 Aug 25	06:10:00	1	0	53	0	Ct	0	0	3	2	3	1	3	5	0	2	0	2	0	0	2	1	2	0	2	1	0	1	3	0	0	1	1	2	0	0	1	0	7	0
15487	1 Aug 25	06:11:00	1	0	53	0	Ct	0	0	2	4	2	4	1	1	2	1	0	3	0	0	1	0	1	0	1	2	2	1	4	0	0	1	3	2	0	0	1	0	3	0
15488	1 Aug 25	06:12:00	1	0	53	0	Ct	0	0	2	1	2	4	2	1	2	1	0	1	2	0	1	2	1	1	3	1	3	0	2	1	0	0	2	3	0	0	1	0	1	1
15489	1 Aug 25	06:13:00	1	0	53	0	Ct	0	0	3	0	4	0	2	2	1	1	2	1	2	1	3	1	3	1	0	2	0	1	1	1	0	0	0	1	0	0	1	0	5	2
15490	1 Aug 25	06:14:00	1	0	53	0	Ct	0	0	1	2	3	0	1	2	0	2	3	2	1	3	5	2	3	0	0	0	0	1	3	1	0	0	1	4	0	0	2	0	2	1
15491	1 Aug 25	06:15:00	1	0	53	0	Ct	0	0	1	1	3	1	1	3	1	1	1	1	5	2	2	0	0	1	0	0	0	0	5	2	0	0	1	0	0	0	1	0	3	2
15492	1 Aug 25	06:16:00	1	0	53	0	Ct	0	0	1	0	2	0	3	1	0	0	2	0	0	2	2	0	1	0	0	0	0	0	1	1	0	1	2	1	0	0	0	0	3	1
15493	1 Aug 25	06:17:00	1	0	53	0	Ct	0	0	3	0	1	0	0	0	1	2	0	0	0	2	2	2	1	1	0	0	0	2	2	2	0	0	0	1	0	0	0	0	3	0
15494	1 Aug 25	06:18:00	1	0	53	0	Ct	0	0	3	2	2	0	2	0	4	0	1	2	2	0	1	4	0	0	2	0	1	2	5	0	0	2	0	1	0	0	1	0	3	1
15495	1 Aug 25	06:19:00	1	0	53	0	Ct	0	0	2	3	2	0	0	3	0	1	2	2	2	0	3	1	0	1	1	0	0	2	0	3	0	1	2	2	0	0	2	0	0	3
15496	1 Aug 25	06:20:00	1	0	53	0	Ct	0	0	0	0	1	2	0	2	0	1	1	1	2	0	2	3	0	0	5	0	0	0	0	1	0	0	3	1	0	0	1	0	0	0
15497	1 Aug 25	06:21:00	1	0	53	0	Ct	0	0	3	3	1	2	1	3	0	1	0	4	1	0	2	1	0	1	2	0	0	2	0	0	0	1	0	0	0	0	2	0	0	2
15498	1 Aug 25	06:22:00	1	0	53	0	Ct	0	0	3	0	2	1	0	2	1	1	3	1	4	4	4	2	0	0	2	5	0	2	0	0	0	1	0	1	0	0	0	0	3	0
15499	1 Aug 25	06:23:00	1	0	53	0	Ct	0	0	2	5	5	3	2	3	1	2	0	1	1	1	2	5	3	2	0	1	0	2	0	1	0	0	2	3	0	0	0	0	4	0
15500	1 Aug 25	06:24:00	1	0	53	0	Ct	0	0	2	1	1	4	2	2	1	1	3	0	0	3	2	4	1	1	0	0	0	2	1	3	0	0	3	2	0	0	0	0	4	3
15501	1 Aug 25	06:25:00	1	0	53	0	Ct	0	0	2	1	2	0	0	3	3	1	1	0	2	4	2	3	0	0	2	0	3	2	2	0	0	0	2	1	0	0	0	0	0	2
15502	1 Aug 25	06:26:00	1	0	53	0	Ct	0	0	2	2	0	4	3	5	0	1	0	2	3	0	2	2	2	1	1	0	0	5	2	3	0	0	0	1	0	0	0	0	0	1
15503	1 Aug 25	06:27:00	1	0	53	0	Ct	0	0	2	0	3	4	1	4	2	0	0	8	1	2	2	2	2	2	0	1	0	1	0	0	0	1	2	2	0	0	0	0	2	0
15504	1 Aug 25	06:28:00	1	0	53	0	Ct	0	0	3	4	2	1	3	3	1	1	1	2	2	1	3	1	0	1	3	1	1	3	0	2	0	2	1	0	0	0	0	0	4	0
15505	1 Aug 25	06:29:00	1	0	53	0	Ct	0	0	1	2	1	2	3	4	1	1	2	2	0	1	1	2	2	1	2	0	4	4	1	1	0	2	1	0	0	0	1	0	2	0
15506	1 Aug 25	06:30:00	1	0	53	0	Ct	0	0	0	4	1	1	3	5	3	2	0	3	0	3	2	5	2	1	2	3	2	0	1	0	0	6	1	2	0	0	3	0	1	0
15507	1 Aug 25	06:31:00	1	0	53	0	Ct	0	0	2	3	1	1	3	3	1	1	1	1	4	2	3	3	1	1	3	0	3	0	4	0	0	3	2	0	0	0	3	0	4	1
15508	1 Aug 25	06:32:00	1	0	53	0	Ct	0	0	0	1	4	1	2	4	0	1	0	1	3	0	2	2	5	0	1	1	2	0	1	0	0	4	0	0	0	0	1	0	3	1
15509	1 Aug 25	06:33:00	1	0	53	0	Ct	0	0	1	0	2	1	0	5	0	2	1	2	3	0	3	2	2	2	1	1	2	0	1	0	0	2	0	3	0	0	2	0	3	1
15510	1 Aug 25	06:34:00	1	0	53	0	Ct	0	0	1	0	1	0	2	4	3	6	1	3	2	3	3	1	3	0	3	1	2	2	1	0	0	2	1	1	0	0	3	0	4	0
15511	1 Aug 25	06:35:00	1	0	53	0	Ct	0	0	2	0	4	2	2	4	2	0	0	1	1	0	2	1	0	1	0	1	3	2	2	3	0	1	0	2	0	0	2	0	2	0
15512	1 Aug 25	06:36:00	1	0	53	0	Ct	0	0	0	0	0	0	2	2	6	0	1	3	4	2	3	1	0	1	0	4	0	1	2	1	0	1	0	3	0	0	1	0	0	0
15513	1 Aug 25	06:37:00	1	0	53	0	Ct	0	0	3	3	0	0	2	1	4	0	0	2	1	1	0	0	0	1	0	0	1	0	1	2	0	0	2	3	0	0	4	0	1	2
15514	1 Aug 25	06:38:00	1	0	53	0	Ct	0	0	3	4	4	0	3	1	0	3	0	2	1	0	3	3	0	0	1	1	2	2	2	0	0	3	0	2	0	0	1	0	3	1
15515	1 Aug 25	06:39:00	1	0	53	0	Ct	0	0	3	0	2	0	3	1	1	1	1	5	3	0	2	0	0	1	1	1	2	0	1	2	0	1	3	1	0	0	0	0	4	3
15516	1 Aug 25	06:40:00	1	0	53	0	Ct	0	0	0	3	4	0	0	1	3	2	3	2	1	1	1	3	0	1	0	1	3	0	0	0	0	2	3	0	0	0	1	0	2	5
15517	1 Aug 25	06:41:00	1	0	53	0	Ct	0	0	1	4	2	2	1	2	2	2	1	2	1	2	3	2	0	1	1	0	1	1	0	0	0	1	2	0	0	0	1	0	2	0
15518	1 Aug 25	06:42:00	1	0	53	0	Ct	0	0	1	3	3	1	1	3	0	1	1	3	3	2	2	1	0	0	2	1	1	1	0	2	0	1	2	0	0	0	0	0	4	1
15519	1 Aug 25	06:43:00	1	0	53	0	Ct	0	0	4	1	2	2	0	5	0	1	2	4	2	4	1	2	2	2	0	1	2	4	0	0	0	1	0	1	0	0	2	0	1	0
15520	1 Aug 25	06:44:00	1	0	53	0	Ct	0	0	2	5	0	2	2	4	2	1	1	1	0	1	0	1	0	1	3	0	0	0	0	1	0	1	1	2	0	0	2	0	2	0
15521	1 Aug 25	06:45:00	1	0	53	0	Ct	0	0	3	4	0	0	0	4	2	3	0	0	0	3	0	2	0	0	2	1	1	0	0	1	0	1	0	1	0	0	0	0	4	0
15522	1 Aug 25	06:46:00	1	0	53	0	Ct	0	0	2	2	2	1	1	3	2	0	0	1	3	3	2	2	0	0	1	0	0	2	0	0	0	1	3	0	0	0	0	0	2	3
15523	1 Aug 25	06:47:00	1	0	53	0	Ct	0	0	0	1	1	2	4	2	3	2	0	2	1	0	2	5	0	0	2	0	1	1	0	1	0	2	1	1	0	0	3	0	3	2
15524	1 Aug 25	06:48:00	1	0	53	0	Ct	0	0	2	3	1	2	2	3	1	0	0	4	2	1	2	3	0	0	4	0	4	1	1	0	0	0	1	2	0	0	3	0	2	1
15525	1 Aug 25	06:49:00	1	0	53	0	Ct	0	0	4	0	4	1	2	3	0	0	2	2	0	2	1	4	2	0	1	0	4	2	2	1	0	0	2	2	0	0	3	0	1	2
15526	1 Aug 25	06:50:00	1	0	53	0	Ct	0	0	2	1	3	3	2	5	0	1	2	1	0	0	1	3	1	0	0	0	2	1	4	0	0	0	1	0	0	0	0	0	0	2
15527	1 Aug 25	06:51:00	1	0	53	0	Ct	0	0	2	1	2	3	4	5	1	1	0	0	0	0	2	2	4	1	0	0	2	0	2	0	0	1	0	1	0	0	0	0	1	1
15528	1 Aug 25	06:52:00	1	0	53	0	Ct	0	0	1	2	0	7	4	6	2	1	1	1	2	1	2	2	3	1	0	0	1	1	2	0	0	1	0	2	0	0	2	0	2	0
15529	1 Aug 25	06:53:00	1	0	53	0	Ct	0	0	3	2	3	1	2	4	4	0	2	2	3	4	4	0	1	0	0	0	1	3	2	0	0	3	2	1	0	0	5	0	3	2
15530	1 Aug 25	06:54:00	1	0	53	0	Ct	0	0	4	2	1	1	1	3	0	1	1	2	2	3	3	4	1	0	2	0	2	0	0	0	0	0	0	2	0	0	3	0	3	1
15531	1 Aug 25	06:55:00	1	0	53	0	Ct	0	0	2	1	2	4	1	3	0	1	1	5	2	3	3	3	2	0	2	1	0	0	0	0	0	1	0	2	0	0	6	0	4	1
15532	1 Aug 25	06:56:00	1	0	53	0	Ct	0	0	3	3	3	1	2	0	0	1	1	0	2	3	2	3	3	1	0	0	4	0	0	0	0	1	0	2	0	0	2	0	1	2
15533	1 Aug 25	06:57:00	1	0	53	0	Ct	0	0	2	1	2	3	3	4	0	1	1	2	4	3	2	3	3	0	0	1	2	1	0	0	0	2	0	0	0	0	6	0	2	2
15534	1 Aug 25	06:58:00	1	0	53	0	Ct	0	0	3	0	2	2	0	3	0	1	2	1	1	1	2	2	2	0	0	2	2	3	0	0	0	0	1	0	0	0	1	0	1	2
15535	1 Aug 25	06:59:00	1	0	53	0	Ct	0	0	2	0	0	3	4	1	3	3	3	1	2	1	1	3	1	1	2	2	0	1	1	0	0	1	4	0	0	0	1	0	0	1
15536	1 Aug 25	07:00:00	1	0	53	0	Ct	0	0	0	1	1	1	2	4	1	0	1	0	2	2	2	0	2	0	2	3	1	1	3	0	0	1	2	0	0	0	3	0	0	1
15537	1 Aug 25	07:01:00	1	0	53	0	Ct	0	0	1	2	3	2	1	3	3	1	1	1	3	2	0	4	2	1	0	1	0	1	2	0	0	1	1	0	0	0	1	0	1	2
15538	1 Aug 25	07:02:00	1	0	53	0	Ct	0	0	3	0	7	2	3	3	1	2	1	1	4	1	0	0	2	1	0	0	1	1	3	0	0	2	0	1	0	0	2	0	2	2
15539	1 Aug 25	07:03:00	1	0	53	0	Ct	0	0	1	2	0	1	0	3	2	1	1	2	4	0	2	1	2	1	0	0	1	0	0	0	0	2	3	1	0	0	3	0	1	3
15540	1 Aug 25	07:04:00	1	0	53	0	Ct	0	0	1	0	0	2	2	2	3	2	0	2	2	1	0	1	0	1	1	0	1	0	2	0	0	0	3	3	0	0	2	0	1	1
15541	1 Aug 25	07:05:00	1	0	53	0	Ct	0	0	3	2	1	3	1	1	1	1	1	4	3	0	0	0	3	1	2	0	1	2	1	0	0	1	3	2	0	0	3	0	3	2
15542	1 Aug 25	07:06:00	1	0	53	0	Ct	0	0	0	0	3	1	3	0	1	0	3	0	2	0	1	0	3	2	1	3	0	0	2	0	0	0	1	4	0	0	4	0	3	2
15543	1 Aug 25	07:07:00	1	0	53	0	Ct	0	0	3	0	6	2	2	3	2	1	2	1	1	2	3	0	4	1	3	1	3	1	0	0	0	0	2	2	0	0	3	0	1	2
15544	1 Aug 25	07:08:00	1	0	53	0	Ct	0	0	1	0	0	4	1	3	0	3	3	3	3	4	0	0	2	0	2	2	1	1	2	0	0	0	2	2	0	0	0	0	4	5
15545	1 Aug 25	07:09:00	1	0	53	0	Ct	0	0	1	2	2	2	3	5	3	1	1	2	2	2	2	0	3	1	2	1	0	0	2	0	0	0	3	0	0	0	2	0	2	5
15546	1 Aug 25	07:10:00	1	0	53	0	Ct	0	0	1	2	1	2	5	3	1	0	0	1	5	2	2	2	2	2	1	1	0	0	2	0	0	1	3	3	0	0	2	0	3	2
15547	1 Aug 25	07:11:00	1	0	53	0	Ct	0	0	1	3	0	4	3	3	0	0	1	4	1	2	0	0	0	2	1	1	1	0	0	0	0	1	1	1	0	0	2	0	5	2
15548	1 Aug 25	07:12:00	1	0	53	0	Ct	0	0	3	1	1	2	3	1	0	6	1	3	1	4	3	1	3	1	2	1	2	0	2	0	0	0	0	1	0	0	1	0	3	1
15549	1 Aug 25	07:13:00	1	0	53	0	Ct	0	0	0	4	3	0	4	4	2	0	0	1	0	2	3	2	2	0	1	1	2	2	5	0	0	1	1	2	0	0	4	0	4	3
15550	1 Aug 25	07:14:00	1	0	53	0	Ct	0	0	3	1	1	0	6	0	2	0	1	1	0	0	4	1	3	1	0	3	1	0	1	0	0	1	2	0	0	0	3	0	4	1
15551	1 Aug 25	07:15:00	1	0	53	0	Ct	0	0	1	1	1	0	3	0	1	1	2	1	3	1	2	4	1	1	0	0	0	8	4	0	0	0	2	1	0	0	4	0	3	1
15552	1 Aug 25	07:16:00	1	0	53	0	Ct	0	0	2	4	1	2	2	4	0	2	1	0	3	0	3	3	2	0	0	0	1	5	2	0	0	0	1	2	0	0	0	0	4	1
15553	1 Aug 25	07:17:00	1	0	53	0	Ct	0	0	5	2	2	3	1	2	0	1	4	0	2	2	2	1	0	0	0	0	2	0	1	0	0	0	0	1	0	0	2	0	4	3
15554	1 Aug 25	07:18:00	1	0	53	0	Ct	0	0	4	3	1	4	2	5	0	3	2	2	3	1	3	0	3	0	1	0	3	3	3	0	0	3	1	0	0	0	2	0	3	0
15555	1 Aug 25	07:19:00	1	0	53	0	Ct	0	0	2	1	2	3	2	5	0	3	1	2	1	3	0	2	2	2	2	1	2	2	1	0	0	1	4	3	0	0	1	0	0	0
15556	1 Aug 25	07:20:00	1	0	53	0	Ct	0	0	2	2	1	2	4	4	1	0	0	4	2	1	1	1	0	2	1	2	1	1	2	0	0	2	0	2	0	0	2	0	2	2
15557	1 Aug 25	07:21:00	1	0	53	0	Ct	0	0	4	2	1	1	1	4	2	1	0	3	0	2	3	1	0	0	0	1	0	0	0	0	0	0	2	3	0	0	0	0	2	2
15558	1 Aug 25	07:22:00	1	0	53	0	Ct	0	0	2	0	4	2	1	4	0	2	1	3	3	3	3	1	0	2	3	0	0	0	0	0	0	2	1	1	0	0	4	0	3	2
15559	1 Aug 25	07:23:00	1	0	53	0	Ct	0	0	1	0	3	0	2	3	2	2	1	4	0	3	2	3	0	1	2	2	2	0	0	0	0	0	0	3	0	0	1	0	0	0
15560	1 Aug 25	07:24:00	1	0	53	0	Ct	0	0	3	2	0	2	3	3	3	1	0	2	2	4	0	3	0	0	2	1	1	0	2	0	0	1	2	1	0	0	2	0	3	0
15561	1 Aug 25	07:25:00	1	0	53	0	Ct	0	0	2	2	1	0	3	2	2	1	2	1	3	3	1	3	0	1	2	2	0	0	2	0	0	0	1	2	0	0	1	0	3	0
15562	1 Aug 25	07:26:00	1	0	53	0	Ct	0	0	3	4	2	0	2	2	1	3	3	3	3	1	2	1	1	0	0	3	2	0	1	0	0	2	0	2	0	0	0	0	0	0
15563	1 Aug 25	07:27:00	1	0	53	0	Ct	0	0	4	1	2	2	4	3	3	2	0	2	3	2	2	2	0	1	0	2	1	2	3	0	0	3	0	0	0	0	0	0	2	1
15564	1 Aug 25	07:28:00	1	0	53	0	Ct	0	0	1	3	2	0	1	3	0	1	0	1	1	2	2	2	2	0	0	2	1	2	0	1	0	2	0	2	0	0	0	0	4	2
15565	1 Aug 25	07:29:00	1	0	53	0	Ct	0	0	0	3	0	3	3	2	1	1	1	0	4	0	2	2	3	1	0	0	4	0	0	1	0	3	3	1	0	0	0	0	4	0
15566	1 Aug 25	07:30:00	1	0	53	0	Ct	0	0	0	2	2	1	1	3	2	1	1	0	0	3	3	1	0	2	0	0	2	1	0	0	0	0	0	0	0	0	0	0	2	3
15567	1 Aug 25	07:31:00	1	0	53	0	Ct	0	0	3	1	1	0	3	4	0	1	0	0	0	2	0	0	1	1	2	0	2	1	0	0	0	0	1	0	0	0	0	0	2	4
15568	1 Aug 25	07:32:00	1	0	53	0	Ct	0	0	3	3	2	1	1	3	0	1	0	1	0	2	1	1	1	0	2	0	1	0	2	1	0	1	3	1	0	0	0	0	1	3
15569	1 Aug 25	07:33:00	1	0	53	0	Ct	0	0	1	0	1	1	1	1	0	1	1	2	2	4	2	4	6	0	1	2	3	1	3	1	0	3	1	1	0	0	2	0	4	1
15570	1 Aug 25	07:34:00	1	0	53	0	Ct	0	0	3	0	1	2	2	4	0	1	1	3	2	3	3	3	0	1	1	1	6	1	1	0	0	1	0	5	0	0	6	0	5	1
15571	1 Aug 25	07:35:00	1	0	53	0	Ct	0	0	2	0	4	2	3	1	3	1	3	1	3	0	1	2	0	1	1	4	3	0	2	1	0	3	0	1	0	0	4	0	3	0
15572	1 Aug 25	07:36:00	1	0	53	0	Ct	0	0	3	3	1	0	1	1	2	0	3	3	1	3	0	4	0	0	3	0	3	1	1	4	0	0	1	0	0	0	4	0	4	2
15573	1 Aug 25	07:37:00	1	0	53	0	Ct	0	0	3	2	2	2	0	2	0	2	0	3	2	2	2	2	0	0	5	1	4	2	2	6	0	1	1	3	0	0	3	0	2	0
15574	1 Aug 25	07:38:00	1	0	53	0	Ct	0	0	2	0	0	2	3	2	2	2	0	2	0	2	3	5	0	1	5	2	5	6	2	1	0	2	1	3	0	0	3	0	2	0
15575	1 Aug 25	07:39:00	1	0	53	0	Ct	0	0	1	2	0	1	3	1	0	1	3	2	1	1	2	2	0	0	3	0	1	1	2	1	0	0	1	0	0	0	1	0	4	0
15576	1 Aug 25	07:40:00	1	0	53	0	Ct	0	0	0	2	0	4	2	3	0	2	2	1	3	3	3	2	0	1	3	0	5	0	2	1	0	0	2	1	0	0	2	0	3	0
15577	1 Aug 25	07:41:00	1	0	53	0	Ct	0	0	2	3	0	2	1	3	1	0	2	4	1	0	0	2	0	1	2	2	1	0	1	0	0	1	1	0	0	0	2	0	3	1
15578	1 Aug 25	07:42:00	1	0	53	0	Ct	0	0	3	1	0	1	3	2	3	2	9	2	1	4	2	2	0	0	6	1	2	0	2	0	0	1	2	0	0	0	4	0	0	0
15579	1 Aug 25	07:43:00	1	0	53	0	Ct	0	0	2	0	3	2	0	2	2	0	4	2	1	1	3	3	0	1	1	0	1	0	0	0	0	1	0	1	0	0	1	0	3	0
15580	1 Aug 25	07:44:00	1	0	53	0	Ct	0	0	0	2	5	0	2	3	1	3	2	2	0	3	4	3	0	0	2	0	2	0	0	1	0	2	0	1	0	0	3	0	4	1
15581	1 Aug 25	07:45:00	1	0	53	0	Ct	0	0	2	3	4	0	2	4	3	1	0	1	0	4	2	1	0	0	3	1	0	0	1	2	0	1	0	2	0	0	1	0	4	0
15582	1 Aug 25	07:46:00	1	0	53	0	Ct	0	0	1	0	1	0	1	3	0	0	0	0	2	6	0	4	0	1	2	1	2	1	2	1	0	3	2	0	0	0	4	0	4	1
15583	1 Aug 25	07:47:00	1	0	53	0	Ct	0	0	4	2	0	0	2	4	0	3	2	4	3	5	0	2	0	1	3	2	1	2	1	0	0	0	2	3	0	0	2	0	4	1
15584	1 Aug 25	07:48:00	1	0	53	0	Ct	0	0	2	2	1	1	1	2	3	0	1	2	3	4	0	4	0	1	1	0	0	3	2	1	0	0	3	1	0	0	2	0	2	1
15585	1 Aug 25	07:49:00	1	0	53	0	Ct	0	0	2	2	0	2	2	5	2	0	1	2	4	1	5	4	0	0	1	2	0	0	2	2	0	0	1	0	0	0	2	0	1	1
15586	1 Aug 25	07:50:00	1	0	53	0	Ct	0	0	4	1	1	2	2	2	0	0	1	3	3	5	3	1	0	1	0	0	3	0	2	1	0	0	1	2	0	0	2	0	2	0
15587	1 Aug 25	07:51:00	1	0	53	0	Ct	0	0	3	0	2	0	3	2	0	0	0	0	1	4	2	4	0	0	1	0	2	0	0	1	0	0	3	1	0	0	3	0	0	0
15588	1 Aug 25	07:52:00	1	0	53	0	Ct	0	0	1	2	2	0	1	3	0	0	0	0	2	5	2	2	0	0	2	2	2	0	2	1	0	1	2	0	0	0	1	0	1	0
15589	1 Aug 25	07:53:00	1	0	53	0	Ct	0	0	3	1	1	5	1	4	0	1	2	0	3	2	0	0	0	2	3	1	0	1	1	1	0	1	0	0	0	0	2	0	1	0
15590	1 Aug 25	07:54:00	1	0	53	0	Ct	0	0	1	4	0	0	1	5	0	0	2	0	2	4	2	2	1	0	4	1	0	1	3	2	0	0	2	2	0	0	0	0	0	0
15591	1 Aug 25	07:55:00	1	0	53	0	Ct	0	0	0	2	1	1	5	4	0	1	2	0	2	3	3	1	5	0	2	1	1	1	2	0	0	0	0	3	0	0	1	0	1	0
15592	1 Aug 25	07:56:00	1	0	53	0	Ct	0	0	4	4	4	0	3	4	3	2	3	0	2	2	4	2	3	0	1	3	2	1	0	2	0	1	1	2	0	0	2	0	1	0
15593	1 Aug 25	07:57:00	1	0	53	0	Ct	0	0	2	3	6	0	5	4	1	0	2	3	4	2	2	0	1	0	0	1	1	0	1	0	0	1	3	3	0	0	2	0	0	3
15594	1 Aug 25	07:58:00	1	0	53	0	Ct	0	0	2	1	4	5	3	2	0	0	1	2	2	1	1	4	2	0	1	1	2	0	1	1	0	0	2	2	0	0	1	0	2	1
15595	1 Aug 25	07:59:00	1	0	53	0	Ct	0	0	1	1	4	0	3	1	0	0	1	4	4	0	0	2	2	7	2	4	1	0	2	0	0	0	1	2	0	0	0	0	3	0
15596	1 Aug 25	08:00:00	1	0	53	0	Ct	0	0	4	1	3	3	2	4	0	0	0	1	3	3	3	3	7	0	1	0	2	3	3	0	0	3	2	0	0	0	0	0	3	2
15597	1 Aug 25	08:01:00	1	0	53	0	Ct	0	0	3	3	4	0	5	3	3	0	1	1	0	4	4	4	3	1	3	5	1	0	0	0	0	1	0	3	0	0	0	0	3	1
15598	1 Aug 25	08:02:00	1	0	53	0	Ct	0	0	3	2	4	3	3	4	2	0	0	3	2	1	3	3	0	2	2	1	2	2	0	2	0	4	0	2	0	0	2	0	5	0
15599	1 Aug 25	08:03:00	1	0	53	0	Ct	0	0	1	1	0	2	3	3	0	1	1	2	3	2	3	3	0	1	1	5	1	2	1	2	0	1	0	2	0	0	1	0	2	0
15600	1 Aug 25	08:04:00	1	0	53	0	Ct	0	0	0	2	2	1	2	3	0	0	3	2	1	3	4	4	0	1	0	5	1	1	2	0	0	1	0	3	0	0	2	0	2	2
15601	1 Aug 25	08:05:00	1	0	53	0	Ct	0	0	1	1	0	1	3	2	1	0	2	2	2	2	3	1	0	2	2	5	0	4	4	3	0	1	1	0	0	0	1	0	2	0
15602	1 Aug 25	08:06:00	1	0	53	0	Ct	0	0	2	2	1	1	2	3	0	0	1	2	1	2	2	1	6	2	0	2	0	1	0	1	0	1	2	0	0	0	1	0	1	0
15603	1 Aug 25	08:07:00	1	0	53	0	Ct	0	0	1	1	3	2	4	2	2	3	2	0	0	1	3	4	0	1	0	3	2	0	0	1	0	1	2	1	0	0	3	0	3	1
15604	1 Aug 25	08:08:00	1	0	53	0	Ct	0	0	5	0	2	1	5	3	4	2	0	4	1	3	2	4	0	0	2	1	0	1	1	0	0	1	0	0	0	0	3	0	3	3
15605	1 Aug 25	08:09:00	1	0	53	0	Ct	0	0	1	1	1	1	1	3	3	1	0	2	2	3	3	0	0	0	2	2	2	2	3	0	0	0	0	2	0	0	0	0	4	1
15606	1 Aug 25	08:10:00	1	0	53	0	Ct	0	0	2	0	1	0	3	4	3	0	0	2	2	3	2	3	0	1	3	1	2	0	0	0	0	0	0	1	0	0	1	0	0	0
15607	1 Aug 25	08:11:00	1	0	53	0	Ct	0	0	1	2	1	0	0	5	2	1	0	3	0	4	0	4	0	2	3	0	1	0	0	0	0	1	2	1	0	0	0	0	2	1
15608	1 Aug 25	08:12:00	1	0	53	0	Ct	0	0	3	1	1	5	1	5	1	1	2	0	3	2	0	4	0	1	2	2	0	6	3	0	0	2	1	2	0	0	1	0	4	0
15609	1 Aug 25	08:13:00	1	0	53	0	Ct	0	0	2	2	0	2	0	4	1	1	2	0	2	5	1	3	0	0	3	0	0	5	3	3	0	1	0	3	0	0	2	0	2	0
15610	1 Aug 25	08:14:00	1	0	53	0	Ct	0	0	3	2	1	1	0	5	0	1	2	0	2	2	1	1	2	2	1	3	1	3	3	5	0	0	1	1	0	0	3	0	0	0
15611	1 Aug 25	08:15:00	1	0	53	0	Ct	0	0	1	0	1	2	1	3	2	1	2	0	0	1	0	3	2	1	4	6	1	3	4	3	0	3	3	1	0	0	1	0	0	0
15612	1 Aug 25	08:16:00	1	0	53	0	Ct	0	0	3	2	3	1	4	3	3	0	1	2	0	4	3	1	4	0	2	1	0	2	5	2	0	0	3	3	0	0	0	0	1	4
15613	1 Aug 25	08:17:00	1	0	53	0	Ct	0	0	2	2	0	1	0	5	3	0	2	2	0	1	1	1	3	0	1	1	1	1	3	1	0	1	2	1	0	0	2	0	0	0
15614	1 Aug 25	08:18:00	1	0	53	0	Ct	0	0	2	1	1	0	2	2	1	1	0	3	0	0	1	4	3	1	3	2	1	0	2	2	0	1	1	1	0	0	3	0	2	0
15615	1 Aug 25	08:19:00	1	0	53	0	Ct	0	0	3	1	2	0	1	2	2	2	0	1	0	0	1	2	2	0	1	1	1	1	2	1	0	2	0	0	0	0	3	0	3	2
15616	1 Aug 25	08:20:00	1	0	53	0	Ct	0	0	1	3	0	0	2	5	0	1	0	1	3	0	0	3	0	3	2	2	1	1	4	2	0	0	1	2	0	0	3	0	1	1
15617	1 Aug 25	08:21:00	1	0	53	0	Ct	0	0	1	2	1	2	1	5	0	3	1	3	3	0	0	4	0	2	3	0	0	0	3	1	0	1	2	1	0	0	2	0	2	0
15618	1 Aug 25	08:22:00	1	0	53	0	Ct	0	0	3	2	2	0	3	5	0	0	1	3	5	3	0	3	0	3	3	2	1	0	0	2	0	2	1	3	0	0	1	0	1	0
15619	1 Aug 25	08:23:00	1	0	53	0	Ct	0	0	3	1	0	0	1	4	0	2	2	1	2	2	1	3	0	1	0	0	1	1	2	0	0	0	0	1	0	0	0	0	17	0
15620	1 Aug 25	08:24:00	1	0	53	0	Ct	0	0	2	1	3	0	1	2	0	1	1	0	3	2	1	5	0	0	3	2	1	2	2	2	0	0	0	0	0	0	3	0	6	0
15621	1 Aug 25	08:25:00	1	0	53	0	Ct	0	0	2	1	1	0	2	4	0	3	1	4	3	3	4	3	3	0	2	0	0	1	0	1	0	1	0	1	0	0	2	0	3	0
15622	1 Aug 25	08:26:00	1	0	53	0	Ct	0	0	2	3	2	0	1	2	2	1	1	1	1	0	1	3	4	2	1	1	2	0	0	1	0	2	0	2	0	0	3	0	3	1
15623	1 Aug 25	08:27:00	1	0	53	0	Ct	0	0	1	1	0	2	0	4	2	1	0	1	1	0	1	3	4	0	2	3	1	0	0	1	0	1	0	1	0	0	2	0	2	1
15624	1 Aug 25	08:28:00	1	0	53	0	Ct	0	0	0	1	0	0	1	4	2	1	3	0	1	1	2	2	2	1	3	1	1	0	0	1	0	0	1	1	0	0	4	0	2	2
15625	1 Aug 25	08:29:00	1	0	53	0	Ct	0	0	0	0	1	2	3	3	0	2	3	2	0	4	3	0	3	0	0	2	1	0	2	0	0	0	0	0	0	0	1	0	1	0
15626	1 Aug 25	08:30:00	1	0	53	0	Ct	0	0	2	0	1	2	1	3	0	2	2	2	0	2	2	1	4	0	7	0	0	0	1	2	0	0	0	2	0	0	2	0	3	0
15627	1 Aug 25	08:31:00	1	0	53	0	Ct	0	0	0	1	1	1	3	2	0	1	2	3	0	1	2	2	1	1	3	1	0	0	4	2	0	2	0	1	0	0	2	0	0	0
15628	1 Aug 25	08:32:00	1	0	53	0	Ct	0	0	3	3	2	0	2	4	0	0	1	2	3	3	1	2	0	0	1	0	0	1	1	1	0	0	0	4	0	0	3	0	1	1
15629	1 Aug 25	08:33:00	1	0	53	0	Ct	0	0	4	0	2	4	1	4	0	0	1	2	2	2	2	2	0	2	2	2	0	1	0	2	0	1	1	3	0	0	1	0	3	0
15630	1 Aug 25	08:34:00	1	0	53	0	Ct	0	0	3	3	2	2	2	4	0	2	0	3	3	2	0	1	0	3	1	2	1	1	1	5	0	0	0	2	0	0	1	0	3	1
15631	1 Aug 25	08:35:00	1	0	53	0	Ct	0	0	2	1	2	1	2	4	1	1	0	1	2	0	0	1	0	0	7	0	1	2	3	1	0	0	3	2	0	0	2	0	3	3
15632	1 Aug 25	08:36:00	1	0	53	0	Ct	0	0	2	1	3	1	0	2	2	0	3	3	2	0	1	2	0	0	4	0	3	0	1	0	0	0	3	3	0	0	1	0	2	2
15633	1 Aug 25	08:37:00	1	0	53	0	Ct	0	0	0	3	3	1	2	4	1	1	3	2	2	3	2	2	1	0	6	2	1	0	3	1	0	0	4	0	0	0	2	0	0	0
15634	1 Aug 25	08:38:00	1	0	53	0	Ct	0	0	0	3	1	0	0	4	2	0	2	3	5	1	3	4	0	0	3	1	1	1	2	2	0	0	0	0	0	0	1	0	0	1
15635	1 Aug 25	08:39:00	1	0	53	0	Ct	0	0	1	2	2	0	2	2	2	1	3	2	1	2	1	4	0	0	4	1	3	0	0	1	0	1	1	1	0	0	1	0	2	1
15636	1 Aug 25	08:40:00	1	0	53	0	Ct	0	0	2	1	1	1	4	3	0	0	0	3	1	2	1	3	0	0	2	1	3	2	3	0	0	0	4	3	0	0	2	0	1	2
15637	1 Aug 25	08:41:00	1	0	53	0	Ct	0	0	2	2	2	0	2	3	1	0	1	1	2	1	0	3	4	0	3	1	0	1	0	0	0	0	2	2	0	0	4	0	1	2
15638	1 Aug 25	08:42:00	1	0	53	0	Ct	0	0	3	2	4	2	1	2	1	1	2	3	2	3	0	2	0	2	4	2	1	2	1	1	0	0	4	2	0	0	2	0	1	1
15639	1 Aug 25	08:43:00	1	0	53	0	Ct	0	0	1	1	0	2	3	7	2	1	1	2	3	3	0	2	0	0	1	1	1	0	1	1	0	1	0	1	0	0	3	0	3	1
15640	1 Aug 25	08:44:00	1	0	53	0	Ct	0	0	2	0	6	2	3	6	2	1	0	4	1	2	2	0	1	1	0	0	1	2	2	1	0	1	0	2	0	0	3	0	2	0
15641	1 Aug 25	08:45:00	1	0	53	0	Ct	0	0	1	2	4	4	1	4	0	2	1	0	3	3	2	0	0	2	0	0	2	0	2	0	0	0	1	0	0	0	2	0	1	2
15642	1 Aug 25	08:46:00	1	0	53	0	Ct	0	0	4	2	2	0	2	4	0	1	0	3	1	5	2	1	0	1	0	2	1	1	2	1	0	0	1	0	0	0	4	0	1	1
15643	1 Aug 25	08:47:00	1	0	53	0	Ct	0	0	2	1	4	2	0	4	2	0	4	0	3	2	1	3	2	1	0	1	0	1	1	1	0	1	1	2	0	0	1	0	1	1
15644	1 Aug 25	08:48:00	1	0	53	0	Ct	0	0	1	0	3	0	2	3	1	1	0	1	2	0	2	1	2	1	0	0	0	2	0	0	0	1	2	1	0	0	3	0	2	0
15645	1 Aug 25	08:49:00	1	0	53	0	Ct	0	0	3	1	3	1	0	2	2	1	1	1	3	1	1	2	3	1	2	2	3	0	1	2	0	0	0	0	0	0	0	0	2	1
15646	1 Aug 25	08:50:00	1	0	53	0	Ct	0	0	2	1	2	4	0	3	0	1	3	0	3	3	1	3	4	0	2	3	2	0	3	0	0	0	2	1	0	0	2	0	3	2
15647	1 Aug 25	08:51:00	1	0	53	0	Ct	0	0	1	1	2	1	4	6	0	2	1	3	1	2	1	1	1	2	4	1	2	1	1	4	0	1	1	1	0	0	1	0	1	1
15648	1 Aug 25	08:52:00	1	0	53	0	Ct	0	0	0	0	3	0	2	3	0	2	0	3	2	3	2	0	2	1	3	1	1	2	1	1	0	0	0	2	0	0	1	0	0	1
15649	1 Aug 25	08:53:00	1	0	53	0	Ct	0	0	1	0	1	0	2	2	0	1	3	0	10	3	3	0	0	2	3	0	1	0	1	2	0	1	0	2	0	0	1	0	0	1
15650	1 Aug 25	08:54:00	1	0	53	0	Ct	0	0	3	2	2	0	3	2	4	1	3	0	1	0	4	1	0	0	1	0	1	3	2	1	0	0	0	2	0	0	1	0	1	1
15651	1 Aug 25	08:55:00	1	0	53	0	Ct	0	0	3	1	5	3	0	2	1	1	3	0	1	0	2	1	0	1	4	3	1	0	3	1	0	0	0	2	0	0	2	0	3	1
15652	1 Aug 25	08:56:00	1	0	53	0	Ct	0	0	2	1	3	0	1	2	2	0	6	0	3	0	2	3	0	0	4	1	2	0	1	0	0	0	1	1	0	0	2	0	3	0
15653	1 Aug 25	08:57:00	1	0	53	0	Ct	0	0	1	3	2	1	2	3	4	2	4	0	2	4	1	3	3	1	2	1	3	0	2	0	0	1	1	2	0	0	0	0	3	2
15654	1 Aug 25	08:58:00	1	0	53	0	Ct	0	0	2	1	2	1	4	3	1	1	3	0	2	1	2	3	2	0	2	2	0	1	1	0	0	1	0	0	0	0	0	0	0	0
15655	1 Aug 25	08:59:00	1	0	53	0	Ct	0	0	0	1	3	0	1	3	3	1	4	1	2	1	1	4	3	0	1	2	0	1	1	0	0	0	0	1	0	0	1	0	0	3
15656	1 Aug 25	09:00:00	1	0	53	0	Ct	0	0	5	3	1	0	0	3	1	1	3	3	2	1	2	2	3	0	3	1	0	0	0	0	0	1	0	1	0	0	1	0	0	1
15657	1 Aug 25	09:01:00	1	0	53	0	Ct	0	0	2	2	0	0	0	3	3	0	5	2	2	2	3	2	1	1	1	0	2	0	2	0	0	2	0	4	0	0	2	0	0	4
15658	1 Aug 25	09:02:00	1	0	53	0	Ct	0	0	2	4	1	0	1	4	0	1	3	1	1	4	0	0	0	2	0	0	1	1	0	0	0	1	1	4	0	0	2	0	4	0
15659	1 Aug 25	09:03:00	1	0	53	0	Ct	0	0	7	1	2	1	4	3	0	1	3	2	0	7	2	2	3	3	1	3	2	2	0	0	0	1	1	0	0	0	2	0	1	0
15660	1 Aug 25	09:04:00	1	0	53	0	Ct	0	0	2	1	2	0	0	4	0	0	2	3	5	5	1	2	1	0	5	0	2	1	0	0	0	0	0	0	0	0	2	0	1	0
15661	1 Aug 25	09:05:00	1	0	53	0	Ct	0	0	5	0	2	1	3	5	2	2	0	2	0	7	0	1	1	1	3	1	0	1	3	0	0	2	1	2	0	0	3	0	3	1
15662	1 Aug 25	09:06:00	1	0	53	0	Ct	0	0	1	3	1	0	2	4	2	2	1	1	4	3	3	3	1	1	3	1	0	0	3	0	0	1	1	3	0	0	1	0	4	2
15663	1 Aug 25	09:07:00	1	0	53	0	Ct	0	0	0	2	2	0	1	3	3	0	3	3	1	6	1	4	1	3	2	0	2	0	2	0	0	0	0	1	0	0	2	0	5	1
15664	1 Aug 25	09:08:00	1	0	53	0	Ct	0	0	3	0	3	1	1	5	2	1	3	1	4	5	0	4	2	0	2	0	1	0	0	0	0	0	0	3	0	0	2	0	0	0
15665	1 Aug 25	09:09:00	1	0	53	0	Ct	0	0	7	1	2	2	1	11	1	1	2	5	3	7	1	0	2	0	1	1	0	2	1	0	0	0	0	5	0	0	0	0	0	0
15666	1 Aug 25	09:10:00	1	0	53	0	Ct	0	0	2	3	3	3	0	4	1	3	2	2	2	3	4	1	1	1	4	1	4	1	2	0	0	0	0	2	0	0	1	0	0	0
15667	1 Aug 25	09:11:00	1	0	53	0	Ct	0	0	3	0	5	2	1	2	3	0	1	1	4	0	0	3	0	0	1	4	1	0	2	0	0	1	0	1	0	0	0	0	0	0
15668	1 Aug 25	09:12:00	1	0	53	0	Ct	0	0	3	2	3	0	1	5	3	1	2	0	3	0	2	1	1	1	3	1	2	0	3	0	0	1	1	1	0	0	0	0	3	0
15669	1 Aug 25	09:13:00	1	0	53	0	Ct	0	0	3	2	4	1	1	3	2	1	2	2	4	4	2	0	2	2	1	1	1	2	2	0	0	0	1	0	0	0	1	0	2	0
15670	1 Aug 25	09:14:00	1	0	53	0	Ct	0	0	2	0	4	0	3	2	0	1	1	0	3	1	0	0	0	0	1	2	1	1	2	0	0	0	0	0	0	0	4	0	1	0
15671	1 Aug 25	09:15:00	1	0	53	0	Ct	0	0	2	0	2	0	2	2	3	0	2	0	3	0	3	0	0	1	6	1	3	0	1	0	0	0	0	0	0	0	1	0	0	0
15672	1 Aug 25	09:16:00	1	0	53	0	Ct	0	0	3	3	2	2	1	4	0	1	1	2	2	2	3	0	3	0	1	2	0	0	2	0	0	0	0	2	0	0	1	0	4	0
15673	1 Aug 25	09:17:00	1	0	53	0	Ct	0	0	0	1	4	0	3	3	0	0	0	5	2	4	0	2	2	0	2	1	0	0	1	0	0	1	0	3	0	0	3	0	2	0
15674	1 Aug 25	09:18:00	1	0	53	0	Ct	0	0	1	4	1	1	0	0	1	0	0	3	1	3	0	1	3	0	2	1	2	1	1	0	0	1	0	3	0	0	1	0	0	0
15675	1 Aug 25	09:19:00	1	0	53	0	Ct	0	0	0	0	1	0	0	3	2	1	2	5	0	1	0	0	2	2	2	2	0	2	1	0	0	1	1	2	0	0	1	0	4	1
15676	1 Aug 25	09:20:00	1	0	53	0	Ct	0	0	2	3	2	0	1	2	0	0	3	5	2	3	3	0	2	1	3	1	1	1	0	0	0	0	0	2	0	0	1	0	2	1
15677	1 Aug 25	09:21:00	1	0	53	0	Ct	0	0	3	3	1	0	4	3	1	2	1	4	3	1	1	3	3	2	4	4	1	1	0	0	0	0	2	3	0	0	2	0	3	0
15678	1 Aug 25	09:22:00	1	0	53	0	Ct	0	0	5	1	0	0	2	4	0	0	2	2	4	3	2	2	9	1	3	1	2	1	1	0	0	0	1	0	0	0	3	0	0	0
15679	1 Aug 25	09:23:00	1	0	53	0	Ct	0	0	3	3	0	0	3	1	0	4	2	2	0	2	2	4	1	1	2	1	1	1	1	0	0	1	1	2	0	0	1	0	1	0
15680	1 Aug 25	09:24:00	1	0	53	0	Ct	0	0	3	0	0	0	2	1	0	0	1	3	0	1	0	4	2	0	3	0	0	0	3	0	0	0	2	2	0	0	0	0	4	1
15681	1 Aug 25	09:25:00	1	0	53	0	Ct	0	0	7	1	1	0	2	1	0	0	3	4	0	1	2	3	2	2	4	1	0	0	1	0	0	1	2	1	0	0	0	0	2	1
15682	1 Aug 25	09:26:00	1	0	53	0	Ct	0	0	4	3	2	0	3	0	0	1	2	1	0	3	0	1	0	0	1	0	0	1	1	0	0	1	1	0	0	0	0	0	5	0
15683	1 Aug 25	09:27:00	1	0	53	0	Ct	0	0	2	2	3	0	5	2	0	2	0	3	0	4	2	3	0	0	2	0	0	1	1	2	0	0	2	0	0	0	0	0	2	0
15684	1 Aug 25	09:28:00	1	0	53	0	Ct	0	0	1	0	4	0	3	3	0	0	0	1	0	4	2	3	0	1	1	0	1	1	2	0	0	1	3	1	0	0	0	0	0	0
15685	1 Aug 25	09:29:00	1	0	53	0	Ct	0	0	2	0	0	0	3	2	3	1	0	0	0	3	0	1	0	0	11	2	0	1	0	1	0	1	1	2	0	0	0	0	1	0
15686	1 Aug 25	09:30:00	1	0	53	0	Ct	0	0	3	1	3	0	1	3	1	0	0	1	0	4	2	2	0	1	2	1	2	0	0	2	0	2	0	1	0	0	0	0	3	0
15687	1 Aug 25	09:31:00	1	0	53	0	Ct	0	0	0	1	1	0	3	3	2	2	2	2	4	3	0	1	0	1	5	2	2	0	0	1	0	0	0	0	0	0	0	0	3	2
15688	1 Aug 25	09:32:00	1	0	53	0	Ct	0	0	0	3	2	0	2	5	3	2	2	0	2	5	0	1	2	1	0	1	2	1	0	1	0	0	2	1	0	0	0	0	2	2
15689	1 Aug 25	09:33:00	1	0	53	0	Ct	0	0	2	0	3	1	2	5	4	0	1	3	0	4	2	0	0	3	3	2	1	1	0	1	0	0	1	3	0	0	0	0	3	2
15690	1 Aug 25	09:34:00	1	0	53	0	Ct	0	0	3	1	2	0	1	2	1	0	2	2	0	3	0	3	1	3	2	1	0	0	1	0	0	0	3	0	0	0	0	0	1	0
15691	1 Aug 25	09:35:00	1	0	53	0	Ct	0	0	2	1	0	0	2	4	3	1	0	3	2	3	1	3	3	0	1	0	1	0	1	0	0	0	0	0	0	0	0	0	2	0
15692	1 Aug 25	09:36:00	1	0	53	0	Ct	0	0	0	0	0	3	1	3	7	3	3	1	3	3	1	1	1	0	1	4	0	0	3	2	0	0	1	1	0	0	0	0	3	1
15693	1 Aug 25	09:37:00	1	0	53	0	Ct	0	0	2	0	2	1	0	4	0	5	3	1	0	3	1	0	1	0	1	0	1	1	1	2	0	0	0	1	0	0	0	0	3	2
15694	1 Aug 25	09:38:00	1	0	53	0	Ct	0	0	4	3	2	1	1	4	0	4	1	1	3	2	2	1	2	2	1	0	1	1	1	1	0	0	0	3	0	0	0	0	2	0
15695	1 Aug 25	09:39:00	1	0	53	0	Ct	0	0	1	2	1	1	2	4	2	0	2	0	2	1	1	1	1	0	1	0	2	0	1	0	0	1	0	1	0	0	0	0	2	0
15696	1 Aug 25	09:40:00	1	0	53	0	Ct	0	0	0	0	2	1	2	4	2	4	1	4	1	3	1	0	1	1	3	3	1	0	0	0	0	0	0	2	0	0	0	0	2	0
15697	1 Aug 25	09:41:00	1	0	53	0	Ct	0	0	0	0	0	0	1	3	5	2	3	2	4	0	0	2	3	1	2	1	1	1	2	1	0	0	0	2	0	0	1	0	3	0
15698	1 Aug 25	09:42:00	1	0	53	0	Ct	0	0	0	3	2	0	3	3	1	4	2	0	2	0	1	3	3	1	0	1	3	1	3	1	0	2	0	3	0	0	2	0	0	2
15699	1 Aug 25	09:43:00	1	0	53	0	Ct	0	0	2	0	3	0	0	1	0	4	3	1	2	0	2	3	2	1	1	1	2	2	2	1	0	1	0	3	0	0	3	0	0	0
15700	1 Aug 25	09:44:00	1	0	53	0	Ct	0	0	3	1	2	0	3	8	0	3	5	2	1	0	0	2	0	2	2	1	0	0	0	1	0	2	0	3	0	0	1	0	6	0
15701	1 Aug 25	09:45:00	1	0	53	0	Ct	0	0	2	0	3	1	4	1	1	3	12	2	1	0	1	2	0	1	1	1	1	0	0	1	0	1	0	2	0	0	1	0	6	2
15702	1 Aug 25	09:46:00	1	0	53	0	Ct	0	0	4	2	1	1	1	1	3	2	3	2	1	0	2	3	2	1	3	1	1	0	1	0	0	1	0	0	0	0	0	0	3	0
15703	1 Aug 25	09:47:00	1	0	53	0	Ct	0	0	3	1	1	0	2	4	3	3	2	0	4	1	1	4	3	2	3	3	2	0	3	0	0	1	0	1	0	0	4	0	3	0
15704	1 Aug 25	09:48:00	1	0	53	0	Ct	0	0	3	2	0	0	0	3	4	2	3	2	3	2	2	3	0	1	3	2	2	0	0	0	0	1	1	4	0	0	1	0	1	0
15705	1 Aug 25	09:49:00	1	0	53	0	Ct	0	0	2	1	1	0	3	4	3	0	0	2	1	3	2	0	2	0	1	2	1	1	4	0	0	0	1	3	0	0	0	0	1	1
15706	1 Aug 25	09:50:00	1	0	53	0	Ct	0	0	1	1	3	0	5	0	1	1	0	2	1	0	0	1	2	3	3	8	2	1	0	1	0	3	0	2	0	0	0	0	3	1
15707	1 Aug 25	09:51:00	1	0	53	0	Ct	0	0	3	1	2	0	3	4	3	2	0	1	2	0	0	1	1	1	3	2	3	0	0	1	0	3	0	3	0	0	0	0	2	2
15708	1 Aug 25	09:52:00	1	0	53	0	Ct	0	0	2	0	4	0	1	0	4	3	3	2	0	0	0	2	3	1	1	4	3	0	2	1	0	1	0	1	0	0	0	0	2	1
15709	1 Aug 25	09:53:00	1	0	53	0	Ct	0	0	3	2	2	0	1	0	1	0	4	1	3	1	0	2	1	2	4	4	4	0	3	1	0	1	0	2	0	0	0	0	1	1
15710	1 Aug 25	09:54:00	1	0	53	0	Ct	0	0	1	0	3	0	2	5	2	3	3	0	3	4	1	3	3	0	0	4	4	0	1	0	0	0	0	0	0	0	0	0	3	0
15711	1 Aug 25	09:55:00	1	0	53	0	Ct	0	0	0	2	1	0	1	6	1	4	1	0	0	3	1	15	1	1	2	5	0	1	1	0	0	0	1	4	0	0	0	0	3	0
15712	1 Aug 25	09:56:00	1	0	53	0	Ct	0	0	1	0	1	0	2	2	0	2	1	1	3	4	0	3	2	1	2	0	1	1	1	0	0	0	0	1	0	0	0	0	2	2
15713	1 Aug 25	09:57:00	1	0	53	0	Ct	0	0	3	0	0	0	4	4	0	2	2	2	4	2	0	3	1	2	2	2	5	0	1	0	0	0	0	2	0	0	0	0	8	0
15714	1 Aug 25	09:58:00	1	0	53	0	Ct	0	0	0	2	0	0	1	2	1	4	1	1	1	3	0	0	2	0	0	2	1	0	0	0	0	2	0	2	0	0	0	0	1	0
15715	1 Aug 25	09:59:00	1	0	53	0	Ct	0	0	0	2	2	2	2	1	1	0	5	0	1	0	0	1	2	1	0	4	2	1	4	0	0	2	0	3	0	0	0	0	1	0
15716	1 Aug 25	10:00:00	1	0	53	0	Ct	0	0	0	0	1	0	2	2	0	1	2	3	2	1	0	1	1	1	0	2	1	1	0	0	0	0	1	2	0	0	0	0	1	0
15717	1 Aug 25	10:01:00	1	0	53	0	Ct	0	0	0	0	2	0	1	3	0	2	0	3	1	0	0	2	0	1	0	1	2	0	0	0	0	0	2	0	0	0	2	0	2	0
15718	1 Aug 25	10:02:00	1	0	53	0	Ct	0	0	2	0	2	0	1	4	0	1	3	2	1	2	0	1	0	0	0	2	2	0	1	0	0	1	1	0	0	0	0	0	2	0
15719	1 Aug 25	10:03:00	1	0	53	0	Ct	0	0	2	0	5	0	1	3	0	1	1	0	4	4	0	2	0	0	0	2	1	0	1	0	0	1	0	0	0	0	0	0	3	0
15720	1 Aug 25	10:04:00	1	0	53	0	Ct	0	0	4	0	0	0	1	2	0	1	1	2	4	1	1	1	0	0	2	1	1	0	1	0	0	0	0	2	0	0	2	0	1	0
15721	1 Aug 25	10:05:00	1	0	53	0	Ct	0	1	1	2	2	0	3	3	0	2	1	3	1	0	2	5	0	3	1	2	1	0	2	0	0	1	0	3	0	0	0	0	2	0
15722	1 Aug 25	10:06:00	1	0	53	0	Ct	0	1	0	0	0	0	0	0	1	1	0	1	0	0	0	4	0	0	0	0	1	2	0	0	0	2	1	1	0	0	0	0	0	1
15723	1 Aug 25	10:07:00	1	0	53	0	Ct	0	1	0	0	0	0	0	0	0	0	2	0	0	0	0	2	0	0	0	0	3	1	0	0	0	0	0	0	0	0	0	0	0	0
15724	1 Aug 25	10:08:00	1	0	53	0	Ct	0	1	0	0	0	0	0	0	0	0	3	0	2	0	0	0	0	0	0	0	6	0	0	0	0	1	0	0	0	0	0	0	0	0
15725	1 Aug 25	10:09:00	1	0	53	0	Ct	0	1	0	0	0	0	2	0	0	0	2	2	0	0	6	8	0	0	0	0	0	0	0	0	0	0	0	0	0	0	0	0	0	0
15726	1 Aug 25	10:10:00	1	0	53	0	Ct	0	1	0	0	0	0	0	0	0	0	2	0	3	0	1	0	0	0	0	0	2	0	0	0	0	0	0	1	0	0	0	0	0	0
15727	1 Aug 25	10:11:00	1	0	53	0	Ct	0	1	0	0	0	0	0	0	3	3	0	0	2	0	1	0	0	0	0	0	0	0	0	0	0	0	0	0	0	0	0	0	0	0
15728	1 Aug 25	10:12:00	1	0	53	0	Ct	0	1	0	0	0	0	0	0	0	2	0	0	2	0	0	0	0	0	0	2	0	0	0	0	0	0	0	1	0	0	0	0	0	0
15729	1 Aug 25	10:13:00	1	0	53	0	Ct	0	1	0	0	0	0	0	0	0	0	0	0	0	0	1	0	0	0	0	0	0	0	0	0	0	0	0	1	0	0	0	0	0	0
15730	1 Aug 25	10:14:00	1	0	53	0	Ct	0	1	0	0	0	0	0	0	0	0	0	0	0	0	1	0	0	0	0	0	0	0	0	0	0	0	0	5	0	0	0	0	0	0
15731	1 Aug 25	10:15:00	1	0	53	0	Ct	0	1	0	0	0	0	0	0	0	0	0	0	0	0	0	0	0	0	0	0	0	0	0	0	0	0	0	3	0	0	0	0	0	0
15732	1 Aug 25	10:16:00	1	0	53	0	Ct	0	1	0	0	0	0	0	0	0	0	0	0	0	0	0	0	0	0	0	0	2	0	0	0	0	0	0	0	0	0	0	0	0	0
15733	1 Aug 25	10:17:00	1	0	53	0	Ct	0	1	0	0	0	0	0	0	0	0	0	0	0	0	2	0	0	0	0	2	0	0	0	0	0	0	0	0	0	0	0	0	0	0
15734	1 Aug 25	10:18:00	1	0	53	0	Ct	0	1	0	0	0	0	0	0	0	0	2	0	0	0	0	0	0	0	0	0	0	1	0	0	0	0	0	0	0	0	0	0	0	0
15735	1 Aug 25	10:19:00	1	0	53	0	Ct	0	1	0	1	0	0	0	0	0	0	0	0	0	0	2	0	0	0	0	0	0	0	0	0	0	0	0	1	0	0	0	0	0	0
15736	1 Aug 25	10:20:00	1	0	53	0	Ct	0	1	0	2	0	0	0	0	0	0	0	0	3	0	0	0	0	0	0	1	0	0	0	0	0	0	0	2	0	0	0	0	0	0
15737	1 Aug 25	10:21:00	1	0	53	0	Ct	0	1	0	0	0	0	0	0	0	0	0	2	0	0	0	0	0	0	0	1	0	0	0	0	0	0	0	0	0	0	0	0	0	0
15738	1 Aug 25	10:22:00	1	0	53	0	Ct	0	1	1	0	0	0	0	1	0	0	0	2	0	0	0	0	0	0	0	2	0	1	0	0	0	0	0	0	0	0	0	0	1	0
15739	1 Aug 25	10:23:00	1	0	53	0	Ct	0	1	0	0	0	0	0	1	0	0	0	0	0	0	0	0	0	0	0	0	0	0	0	0	0	0	0	0	0	0	0	0	1	0
15740	1 Aug 25	10:24:00	1	0	53	0	Ct	0	1	0	1	0	0	0	0	0	0	0	0	0	0	0	0	0	0	0	0	0	0	0	0	0	0	0	0	0	0	0	0	1	0
15741	1 Aug 25	10:25:00	1	0	53	0	Ct	0	1	0	0	0	0	0	0	0	0	0	0	0	0	0	0	0	0	0	1	0	0	0	0	0	0	0	0	0	0	0	0	0	0
15742	1 Aug 25	10:26:00	1	0	53	0	Ct	0	1	0	1	0	0	0	0	0	0	0	0	0	0	8	0	0	0	0	1	0	0	0	0	0	0	0	0	0	0	0	0	0	0
15743	1 Aug 25	10:27:00	1	0	53	0	Ct	0	1	2	0	0	0	0	2	0	0	0	0	0	0	0	0	0	0	0	0	0	0	0	0	0	0	0	0	0	0	0	0	3	0
15744	1 Aug 25	10:28:00	1	0	53	0	Ct	0	1	0	2	0	0	0	0	0	0	0	0	0	0	0	0	0	0	0	0	0	0	1	0	0	0	0	0	0	0	0	0	4	0
15745	1 Aug 25	10:29:00	1	0	53	0	Ct	0	1	0	1	0	0	1	0	0	0	0	0	0	0	1	0	0	0	0	0	0	2	1	0	0	0	0	0	0	0	0	0	2	0
15746	1 Aug 25	10:30:00	1	0	53	0	Ct	0	1	0	1	0	0	0	0	0	0	0	0	0	0	1	0	0	0	0	0	0	1	0	0	0	0	0	0	0	0	0	0	0	1
15747	1 Aug 25	10:31:00	1	0	53	0	Ct	0	1	2	2	0	0	0	2	0	0	0	0	0	0	0	0	0	0	0	0	0	1	0	0	0	0	0	0	0	0	0	0	5	0
15748	1 Aug 25	10:32:00	1	0	53	0	Ct	0	1	1	1	0	1	0	0	0	0	0	0	0	0	1	0	0	0	0	2	0	1	0	0	0	0	0	0	0	0	0	0	3	0
15749	1 Aug 25	10:33:00	1	0	53	0	Ct	0	1	1	1	0	0	0	0	0	0	0	0	0	0	2	0	0	0	0	0	0	0	0	0	0	0	0	0	0	0	0	0	0	0
15750	1 Aug 25	10:34:00	1	0	53	0	Ct	0	1	3	1	0	0	0	0	0	0	1	0	0	0	1	0	0	0	0	1	0	0	0	0	0	0	0	0	0	0	0	0	2	1
15751	1 Aug 25	10:35:00	1	0	53	0	Ct	0	1	1	1	0	0	0	0	0	0	0	1	0	0	1	0	0	0	0	0	0	0	0	0	0	0	0	1	0	0	0	0	0	0
15752	1 Aug 25	10:36:00	1	0	53	0	Ct	0	1	1	1	0	0	0	0	0	0	0	0	0	0	1	0	0	0	0	0	0	1	1	0	0	0	0	0	0	0	0	0	2	0
15753	1 Aug 25	10:37:00	1	0	53	0	Ct	0	1	1	1	0	0	0	0	0	0	0	0	0	0	0	0	0	0	0	0	0	1	1	0	0	3	0	1	0	0	0	0	0	0
15754	1 Aug 25	10:38:00	1	0	53	0	Ct	0	1	0	3	0	0	0	0	0	0	0	0	0	0	0	0	0	0	0	0	0	0	0	0	0	2	0	0	0	0	0	0	2	0
15755	1 Aug 25	10:39:00	1	0	53	0	Ct	0	1	1	1	0	0	0	0	0	0	1	0	0	0	0	0	0	0	0	0	0	1	0	0	0	2	0	0	0	0	0	0	2	0
15756	1 Aug 25	10:40:00	1	0	53	0	Ct	0	1	3	0	0	0	0	0	0	0	0	1	0	0	0	0	1	0	0	0	0	1	0	0	0	2	0	1	0	0	0	0	2	0
15757	1 Aug 25	10:41:00	1	0	53	0	Ct	0	1	1	1	0	0	0	0	0	0	0	0	0	0	0	0	0	0	0	2	0	0	0	0	0	1	0	0	0	0	0	0	1	0
15758	1 Aug 25	10:42:00	1	0	53	0	Ct	0	1	3	1	0	0	0	0	0	0	0	0	0	0	2	0	0	0	4	0	0	2	0	0	0	1	0	0	0	0	0	0	2	0
15759	1 Aug 25	10:43:00	1	0	53	0	Ct	0	1	0	1	0	0	0	1	0	0	0	0	0	0	1	0	0	1	0	0	0	1	0	0	0	1	0	0	0	0	0	0	0	0
15760	1 Aug 25	10:44:00	1	0	53	0	Ct	0	1	0	3	0	0	0	1	0	0	0	0	0	0	0	0	0	0	0	0	0	0	0	0	0	2	2	0	0	0	0	0	3	0
15761	1 Aug 25	10:45:00	1	0	53	0	Ct	0	1	0	1	0	0	0	0	0	0	0	0	0	0	0	0	0	0	0	0	1	1	0	0	0	0	0	1	0	0	0	0	2	0
15762	1 Aug 25	10:46:00	1	0	53	0	Ct	0	1	0	2	0	0	0	1	0	0	0	0	0	0	0	0	0	0	0	1	0	0	0	0	0	0	0	0	0	0	0	0	3	0
15763	1 Aug 25	10:47:00	1	0	53	0	Ct	0	1	0	0	0	0	0	0	0	0	2	0	0	0	0	0	0	0	0	0	0	3	0	0	0	0	0	0	0	0	0	0	1	0
15764	1 Aug 25	10:48:00	1	0	53	0	Ct	0	1	0	3	0	0	0	2	0	1	0	0	0	0	1	0	0	0	0	0	0	1	0	0	0	0	0	2	0	0	0	0	1	0
15765	1 Aug 25	10:49:00	1	0	53	0	Ct	0	1	0	2	2	0	0	2	0	0	0	0	0	0	0	0	0	0	0	0	0	2	3	0	0	0	0	1	0	0	0	0	1	0
15766	1 Aug 25	10:50:00	1	0	53	0	Ct	0	1	0	2	0	0	0	0	0	0	2	0	0	0	0	0	0	0	0	2	0	1	0	0	0	0	0	2	0	0	0	0	0	0
15767	1 Aug 25	10:51:00	1	0	53	0	Ct	0	1	0	2	0	0	2	0	0	0	0	0	0	0	0	0	0	0	0	1	0	2	0	0	0	0	0	1	0	0	0	0	0	0
15768	1 Aug 25	10:52:00	1	0	53	0	Ct	0	1	0	1	0	1	0	1	0	0	0	0	0	0	0	0	0	1	0	0	0	1	1	0	0	0	0	0	0	0	0	0	0	0
15769	1 Aug 25	10:53:00	1	0	53	0	Ct	0	1	0	0	0	0	0	1	0	0	0	0	0	0	0	0	0	0	0	0	0	0	0	0	0	0	0	0	0	0	0	0	0	0
15770	1 Aug 25	10:54:00	1	0	53	0	Ct	0	1	0	0	0	1	0	0	0	0	3	0	0	0	0	0	0	0	0	1	0	1	0	0	0	0	0	3	0	0	0	0	1	0
15771	1 Aug 25	10:55:00	1	0	53	0	Ct	0	1	2	0	0	0	0	0	0	0	0	0	1	0	1	0	0	0	0	0	0	0	0	0	0	0	0	1	0	0	0	0	3	0
15772	1 Aug 25	10:56:00	1	0	53	0	Ct	0	1	0	0	0	0	0	0	0	0	0	0	0	0	0	0	0	1	0	0	0	0	0	0	0	0	0	0	0	0	0	0	1	0
15773	1 Aug 25	10:57:00	1	0	53	0	Ct	0	1	1	0	0	0	0	1	0	0	0	0	0	0	0	0	0	3	0	0	0	0	0	0	0	0	0	0	0	0	0	0	1	0
15774	1 Aug 25	10:58:00	1	0	53	0	Ct	0	1	0	0	0	1	0	1	0	0	0	0	0	0	0	0	0	0	0	0	0	1	0	0	0	0	0	0	0	0	0	0	0	0
15775	1 Aug 25	10:59:00	1	0	53	0	Ct	0	1	4	1	0	1	0	1	0	0	0	0	1	0	0	0	0	0	0	0	0	0	0	0	0	0	0	0	0	0	0	0	2	0
15776	1 Aug 25	11:00:00	1	0	53	0	Ct	0	1	1	0	0	2	0	1	0	0	0	0	0	0	1	1	0	0	0	0	0	1	0	0	0	1	0	0	0	0	0	0	3	0
15777	1 Aug 25	11:01:00	1	0	53	0	Ct	0	1	1	1	0	1	1	0	0	0	0	0	0	0	0	0	0	0	0	0	0	0	0	0	0	1	0	0	0	0	0	0	1	0
15778	1 Aug 25	11:02:00	1	0	53	0	Ct	0	1	1	0	0	0	0	1	0	0	0	0	1	0	0	0	0	0	0	0	0	0	0	0	0	2	0	0	0	0	0	0	0	0
15779	1 Aug 25	11:03:00	1	0	53	0	Ct	0	1	2	1	0	0	0	1	0	0	0	0	0	0	0	0	0	0	0	0	0	0	0	0	0	1	0	1	0	0	0	0	2	1
15780	1 Aug 25	11:04:00	1	0	53	0	Ct	0	1	1	0	0	1	0	1	0	0	0	0	0	0	0	0	0	0	0	0	0	2	0	0	0	1	0	0	0	0	0	0	3	0
15781	1 Aug 25	11:05:00	1	0	53	0	Ct	0	1	2	0	0	1	0	0	0	0	0	0	4	0	0	0	0	4	0	0	0	0	0	0	0	1	0	1	0	0	0	0	2	0
15782	1 Aug 25	11:06:00	1	0	53	0	Ct	0	1	1	1	0	0	0	0	0	0	0	0	0	0	0	0	0	0	0	0	0	1	0	0	0	1	0	2	0	0	0	0	2	0
15783	1 Aug 25	11:07:00	1	0	53	0	Ct	0	1	4	1	0	0	0	1	0	0	0	0	2	0	0	1	0	0	0	0	0	0	0	0	0	0	0	0	0	0	0	0	1	0
15784	1 Aug 25	11:08:00	1	0	53	0	Ct	0	1	0	1	1	1	0	1	0	0	0	0	0	0	0	0	0	0	0	0	0	2	0	0	0	0	0	2	0	0	0	0	0	0
15785	1 Aug 25	11:09:00	1	0	53	0	Ct	0	1	0	2	0	0	0	0	0	0	0	0	0	0	0	0	0	0	0	0	0	0	0	0	0	0	0	1	0	0	0	0	1	0
15786	1 Aug 25	11:10:00	1	0	53	0	Ct	0	1	0	2	0	1	0	0	0	0	0	0	1	0	0	0	0	0	0	0	0	1	0	0	0	1	0	1	0	0	0	0	2	0
15787	1 Aug 25	11:11:00	1	0	53	0	Ct	0	1	0	2	0	0	0	0	0	0	0	0	1	0	0	0	0	0	0	0	0	0	0	0	0	1	0	2	0	0	0	0	0	0
15788	1 Aug 25	11:12:00	1	0	53	0	Ct	0	1	0	1	0	1	0	0	0	0	0	0	1	0	0	1	1	1	0	0	0	0	0	0	0	1	0	0	0	0	0	0	0	0
15789	1 Aug 25	11:13:00	1	0	53	0	Ct	0	1	1	1	0	1	0	1	0	0	0	0	0	0	0	1	0	0	0	0	0	1	0	0	0	0	0	0	0	0	0	0	2	0
15790	1 Aug 25	11:14:00	1	0	53	0	Ct	0	1	1	1	0	0	0	0	0	0	0	0	0	0	0	0	0	0	0	0	0	0	0	0	0	2	0	1	0	0	0	0	0	0
15791	1 Aug 25	11:15:00	1	0	53	0	Ct	0	1	0	1	0	0	0	0	0	0	0	0	0	0	0	0	0	1	0	0	0	1	0	0	0	0	0	1	0	0	0	0	2	0
15792	1 Aug 25	11:16:00	1	0	53	0	Ct	0	1	0	2	0	0	0	0	0	0	0	0	2	0	0	0	0	0	0	0	0	0	0	0	0	0	0	1	0	0	0	0	0	0
15793	1 Aug 25	11:17:00	1	0	53	0	Ct	0	1	1	0	0	1	0	0	0	0	0	0	0	0	0	1	0	0	0	0	0	1	0	0	0	1	0	1	0	0	0	0	0	0
15794	1 Aug 25	11:18:00	1	0	53	0	Ct	0	1	2	1	0	1	0	0	0	0	0	0	1	0	0	1	0	0	0	0	0	2	0	0	0	1	0	2	0	0	0	0	0	0
15795	1 Aug 25	11:19:00	1	0	53	0	Ct	0	1	2	0	0	0	0	1	0	0	0	0	2	0	0	1	0	0	0	0	0	2	0	0	0	1	0	2	0	0	0	0	0	0
15796	1 Aug 25	11:20:00	1	0	53	0	Ct	0	1	2	0	0	1	0	0	0	0	0	0	2	0	1	1	0	0	0	0	0	0	1	0	0	0	0	2	0	0	0	0	0	0
15797	1 Aug 25	11:21:00	1	0	53	0	Ct	0	1	0	1	0	1	0	1	0	0	0	0	1	0	0	0	0	0	0	0	0	1	0	0	0	1	0	0	0	0	0	0	0	0
15798	1 Aug 25	11:22:00	1	0	53	0	Ct	0	1	0	1	0	0	0	0	0	0	0	0	2	0	0	0	0	0	0	0	0	1	1	0	0	0	0	2	0	0	0	0	0	1
15799	1 Aug 25	11:23:00	1	0	53	0	Ct	0	1	0	2	0	0	0	0	0	0	0	0	1	0	0	0	0	2	0	0	0	0	0	0	0	0	0	1	0	0	0	0	0	0
15800	1 Aug 25	11:24:00	1	0	53	0	Ct	0	1	3	1	0	1	0	0	0	0	0	0	1	0	0	0	0	1	0	0	0	1	0	0	0	1	0	3	0	0	0	0	0	0
15801	1 Aug 25	11:25:00	1	0	53	0	Ct	0	1	0	1	0	1	0	0	0	0	0	0	3	0	0	0	0	1	0	0	0	1	0	0	0	0	0	0	0	0	0	0	0	0
15802	1 Aug 25	11:26:00	1	0	53	0	Ct	0	1	1	1	0	0	0	1	0	0	0	0	2	0	0	0	0	1	0	0	0	1	0	0	0	0	0	0	0	0	0	0	1	0
15803	1 Aug 25	11:27:00	1	0	53	0	Ct	0	1	0	2	0	0	0	0	0	0	0	0	1	0	0	1	0	0	0	0	0	0	0	0	0	1	0	2	0	0	0	0	2	0
15804	1 Aug 25	11:28:00	1	0	53	0	Ct	0	1	1	0	0	0	0	0	0	0	0	0	1	0	0	0	0	0	0	0	0	0	0	0	0	1	0	2	0	0	0	0	1	0
15805	1 Aug 25	11:29:00	1	0	53	0	Ct	0	1	0	2	0	0	0	1	0	0	0	0	1	0	0	1	0	0	0	0	0	1	0	0	0	0	0	0	0	0	0	0	0	1
15806	1 Aug 25	11:30:00	1	0	53	0	Ct	0	1	0	0	0	1	0	0	0	0	0	0	5	0	0	1	0	0	0	0	0	0	0	0	0	1	0	2	0	0	0	0	1	0
15807	1 Aug 25	11:31:00	1	0	53	0	Ct	0	1	1	2	0	0	0	1	0	0	0	0	2	0	2	2	0	0	0	0	0	1	0	0	0	2	0	1	0	0	0	0	1	0
15808	1 Aug 25	11:32:00	1	0	53	0	Ct	0	1	1	1	0	0	0	0	0	0	0	0	0	0	0	2	0	0	0	0	0	1	0	0	0	4	0	0	0	0	0	0	1	0
15809	1 Aug 25	11:33:00	1	0	53	0	Ct	0	1	0	1	0	0	0	1	0	0	0	0	0	0	0	0	0	0	0	0	0	0	0	0	0	0	0	1	0	0	0	0	0	0
15810	1 Aug 25	11:34:00	1	0	53	0	Ct	0	1	0	0	0	0	0	0	0	0	0	0	1	0	0	0	0	1	0	0	0	0	0	0	0	0	0	2	0	0	0	0	0	0
15811	1 Aug 25	11:35:00	1	0	53	0	Ct	0	1	0	0	0	0	0	0	0	0	0	0	0	0	0	1	0	0	0	0	0	0	0	0	0	0	0	2	0	0	0	0	0	0
15812	1 Aug 25	11:36:00	1	0	53	0	Ct	0	1	0	2	0	0	0	1	0	0	0	2	2	0	0	0	0	0	0	0	0	0	0	0	0	0	0	0	0	0	0	0	0	0
15813	1 Aug 25	11:37:00	1	0	53	0	Ct	0	1	0	0	0	0	0	0	0	0	0	0	1	0	0	1	0	0	0	0	0	2	0	0	0	0	0	0	0	0	0	0	1	0
15814	1 Aug 25	11:38:00	1	0	53	0	Ct	0	1	0	0	0	0	0	0	0	0	0	0	1	0	0	0	0	0	0	0	0	0	0	0	0	1	0	0	0	0	0	0	0	0
15815	1 Aug 25	11:39:00	1	0	53	0	Ct	0	1	0	0	0	0	0	0	0	0	0	0	1	0	0	6	0	0	0	0	0	1	0	0	0	0	0	0	0	0	0	0	0	0
15816	1 Aug 25	11:40:00	1	0	53	0	Ct	0	1	0	0	0	0	0	1	0	0	0	0	3	0	0	1	0	1	1	0	0	0	0	0	0	0	0	0	0	0	0	0	2	0
15817	1 Aug 25	11:41:00	1	0	53	0	Ct	0	1	0	0	0	0	0	0	0	0	0	0	0	0	0	1	0	0	0	0	0	0	0	0	0	3	0	0	0	0	0	0	3	0
15818	1 Aug 25	11:42:00	1	0	53	0	Ct	0	1	1	0	0	4	0	0	0	0	0	1	1	0	0	0	0	0	0	0	0	0	0	0	0	0	0	0	0	0	0	0	1	0
15819	1 Aug 25	11:43:00	1	0	53	0	Ct	0	1	2	0	0	0	0	1	0	0	0	0	0	0	0	0	0	1	0	0	0	0	0	0	0	0	0	1	0	0	0	0	1	0
15820	1 Aug 25	11:44:00	1	0	53	0	Ct	0	1	1	0	0	0	0	2	0	0	0	0	1	0	0	0	0	1	0	0	0	0	0	0	0	1	0	0	0	0	0	0	2	1
15821	1 Aug 25	11:45:00	1	0	53	0	Ct	0	1	0	0	0	0	0	0	0	0	0	0	2	0	0	0	0	0	0	0	0	0	0	0	0	1	0	1	0	0	0	0	0	0
15822	1 Aug 25	11:46:00	1	0	53	0	Ct	0	1	1	0	0	0	0	0	0	0	0	2	3	0	0	0	0	0	0	0	0	0	0	0	0	1	0	0	0	0	0	0	0	0
15823	1 Aug 25	11:47:00	1	0	53	0	Ct	0	1	0	0	0	0	0	0	0	0	0	0	0	0	0	0	0	1	0	0	0	2	0	0	0	3	0	1	0	0	0	0	0	0
15824	1 Aug 25	11:48:00	1	0	53	0	Ct	0	1	1	0	0	0	0	0	0	0	0	0	2	0	0	0	0	1	0	0	0	0	0	0	0	0	0	0	0	0	0	0	0	0
15825	1 Aug 25	11:49:00	1	0	53	0	Ct	0	1	3	1	0	2	0	0	0	0	0	0	1	0	0	0	0	0	0	0	0	0	0	0	0	0	0	1	0	0	0	0	0	0
15826	1 Aug 25	11:50:00	1	0	53	0	Ct	0	1	1	1	0	1	0	2	0	0	0	1	0	0	0	0	0	1	0	0	0	1	0	0	0	1	0	1	0	0	0	0	1	0
15827	1 Aug 25	11:51:00	1	0	53	0	Ct	0	1	1	0	0	1	0	1	0	0	0	0	2	0	0	3	0	0	0	0	0	0	0	0	0	0	0	2	0	0	0	0	1	1
15828	1 Aug 25	11:52:00	1	0	53	0	Ct	0	1	1	2	0	1	0	1	0	0	0	0	0	0	0	1	0	0	1	0	0	0	0	0	0	0	0	0	0	0	0	0	0	0
15829	1 Aug 25	11:53:00	1	0	53	0	Ct	0	1	0	1	0	0	0	0	0	0	0	0	0	0	0	1	0	0	0	0	0	1	0	0	0	0	0	0	0	0	0	0	2	0
15830	1 Aug 25	11:54:00	1	0	53	0	Ct	0	1	0	1	0	2	0	1	0	0	0	0	0	0	0	0	0	0	0	0	0	0	0	0	0	1	0	1	0	0	0	0	0	0
15831	1 Aug 25	11:55:00	1	0	53	0	Ct	0	1	0	1	0	0	0	0	0	0	0	0	0	0	0	3	0	1	0	0	0	0	0	0	0	1	0	0	0	0	0	0	1	0
15832	1 Aug 25	11:56:00	1	0	53	0	Ct	0	1	0	1	0	0	0	1	0	0	0	0	0	0	0	0	0	0	0	0	0	0	0	0	0	0	0	0	0	0	0	0	1	0
15833	1 Aug 25	11:57:00	1	0	53	0	Ct	0	1	0	0	0	2	0	0	0	0	0	0	1	0	0	0	0	0	0	0	0	0	0	0	0	0	0	1	0	0	0	0	1	0
15834	1 Aug 25	11:58:00	1	0	53	0	Ct	0	1	0	1	0	2	0	0	0	0	0	0	0	0	0	0	1	0	0	0	0	0	0	0	0	2	0	0	0	0	0	0	1	2
15835	1 Aug 25	11:59:00	1	0	53	0	Ct	0	1	0	1	0	1	0	0	0	0	0	0	0	0	0	0	0	0	0	0	0	0	0	0	0	0	0	2	0	0	0	0	0	0
