"id","region_id","experiment_id","start_datetime","stop_datetime","status","Sex","Genotype","Temperature","Treatment","Environment","Light","monitor","Batch","Sleep_Fraction_All","Sleep_Time_All","Sleep_Fraction_L","Sleep_Time_L","Sleep_Fraction_D","Sleep_Time_D","Day1_latency","Day1_first_bout_length","Day1_latency_to_longest_bout","Day1_Sleep_Fraction_All","Day1_Sleep_Time_All","Day1_Sleep_Fraction_L","Day1_Sleep_Time_L","Day1_Sleep_Fraction_D","Day1_Sleep_Time_D","Day2_latency","Day2_first_bout_length","Day2_latency_to_longest_bout","Day2_Sleep_Fraction_All","Day2_Sleep_Time_All","Day2_Sleep_Fraction_L","Day2_Sleep_Time_L","Day2_Sleep_Fraction_D","Day2_Sleep_Time_D","Day3_latency","Day3_first_bout_length","Day3_latency_to_longest_bout","Day3_Sleep_Fraction_All","Day3_Sleep_Time_All","Day3_Sleep_Fraction_L","Day3_Sleep_Time_L","Day3_Sleep_Fraction_D","Day3_Sleep_Time_D","Day4_latency","Day4_first_bout_length","Day4_latency_to_longest_bout","Day4_Sleep_Fraction_All","Day4_Sleep_Time_All","Day4_Sleep_Fraction_L","Day4_Sleep_Time_L","Day4_Sleep_Fraction_D","Day4_Sleep_Time_D","Day5_latency","Day5_first_bout_length","Day5_latency_to_longest_bout","Day5_Sleep_Fraction_All","Day5_Sleep_Time_All","Day5_Sleep_Fraction_L","Day5_Sleep_Time_L","Day5_Sleep_Fraction_D","Day5_Sleep_Time_D","Day6_latency","Day6_first_bout_length","Day6_latency_to_longest_bout","Day6_Sleep_Fraction_All","Day6_Sleep_Time_All","Day6_Sleep_Fraction_L","Day6_Sleep_Time_L","Day6_Sleep_Fraction_D","Day6_Sleep_Time_D","n_Bouts_L","mean_Bout_Length_L","n_Bouts_D","mean_Bout_Length_D"
"2025-08-16 10:00:00|Monitor10.txt|02",2,"2025-08-16 10:00:00|Monitor10.txt",2025-08-16T10:00:00Z,2025-08-22T11:59:00Z,"OK","M","DGRP712","21.5C","Winter","NA","08:12","M10","Batch4c_DGRP",0.542066890406203,780.576322184932,0.720236029156543,345.713293995141,0.452951388888889,434.833333333333,0,480,61560,0.599583622484386,863.400416377516,0.775467775467775,372.224532224532,0.511458333333333,491,420,2340,56100,0.632199861207495,910.367800138792,0.877338877338877,421.122661122661,0.509375,489,660,1560,54300,0.488549618320611,703.511450381679,0.762993762993763,366.237006237006,0.351041666666667,337,900,1200,58380,0.425399028452464,612.574600971548,0.596673596673597,286.403326403326,0.339583333333333,326,120,4440,55920,0.551006245662734,793.448993754337,0.598752598752599,287.401247401247,0.527083333333333,506,900,660,5460,0.556557945870923,801.443442054129,0.711018711018711,341.288981288981,0.479166666666667,460,24,23.4930555555556,18.5,46.2072072072072
"2025-08-16 10:00:00|Monitor10.txt|03",3,"2025-08-16 10:00:00|Monitor10.txt",2025-08-16T10:00:00Z,2025-08-22T11:59:00Z,"OK","M","DGRP712","21.5C","Winter","NA","08:12","M10","Batch4c_DGRP",0.740192107394977,1065.87663464877,0.686220062478306,329.385629989587,0.7671875,736.5,420,480,71640,0.693962526023595,999.306037473976,0.735966735966736,353.264033264033,0.672916666666667,646,420,300,59400,0.723802914642609,1042.27619708536,0.752598752598753,361.247401247401,0.709375,681,840,2100,51960,0.754337265787648,1086.24566273421,0.661122661122661,317.338877338877,0.801041666666667,769,600,2040,39540,0.755725190839695,1088.24427480916,0.667359667359667,320.33264033264,0.8,768,660,3120,62760,0.721721027064539,1039.27827897294,0.638253638253638,306.361746361746,0.763541666666667,733,600,660,51180,0.791811242192922,1140.20818875781,0.663201663201663,318.336798336798,0.85625,822,33.6666666666667,13.6980198019802,41.1666666666667,22.663967611336
"2025-08-16 10:00:00|Monitor10.txt|05",5,"2025-08-16 10:00:00|Monitor10.txt",2025-08-16T10:00:00Z,2025-08-22T11:59:00Z,"OK","M","DGRP712","21.5C","Winter","NA","08:12","M10","Batch4c_DGRP",0.483971762527485,696.919338039579,0.681707740367928,327.219715376605,0.385069444444444,369.666666666667,540,300,8700,0.451075641915337,649.548924358085,0.548856548856549,263.451143451143,0.402083333333333,386,1080,2160,41400,0.512144344205413,737.487855655795,0.711018711018711,341.288981288981,0.4125,396,60,300,5640,0.482303955586398,694.517696044414,0.765072765072765,367.234927234927,0.340625,327,1860,960,12300,0.482997918112422,695.517002081888,0.769230769230769,369.230769230769,0.339583333333333,326,1200,480,15000,0.439972241498959,633.560027758501,0.582120582120582,279.417879417879,0.36875,354,1320,3360,13980,0.535739070090215,771.46426092991,0.713097713097713,342.286902286902,0.446875,429,27,20.1358024691358,42.6666666666667,20.19140625
"2025-08-16 10:00:00|Monitor10.txt|06",6,"2025-08-16 10:00:00|Monitor10.txt",2025-08-16T10:00:00Z,2025-08-22T11:59:00Z,"OK","M","DGRP712","21.5C","Winter","NA","08:12","M10","Batch4c_DGRP",0.543224163869922,782.242795972688,0.648385977091288,311.225269003818,0.490625,471,960,480,61080,0.54823039555864,789.451769604441,0.634095634095634,304.365904365904,0.505208333333333,485,180,300,42600,0.598889659958362,862.401110340042,0.731808731808732,351.268191268191,0.532291666666667,511,1260,360,8460,0.501040943789035,721.498959056211,0.646569646569647,310.35343035343,0.428125,411,720,2640,5040,0.543372657876475,782.456627342124,0.702702702702703,337.297297297297,0.463541666666667,445,480,1020,10440,0.571131158917419,822.428868841083,0.677754677754678,325.322245322245,0.517708333333333,497,420,720,9840,0.49618320610687,714.503816793893,0.494802494802495,237.505197505198,0.496875,477,30.5,18.9508196721311,43.5,18.8697318007663
"2025-08-16 10:00:00|Monitor10.txt|07",7,"2025-08-16 10:00:00|Monitor10.txt",2025-08-16T10:00:00Z,2025-08-22T11:59:00Z,"OK","M","DGRP712","21.5C","Winter","NA","08:12","M10","Batch4c_DGRP",0.517995602360838,745.913667399607,0.706004859423811,338.882332523429,0.423958333333333,407,0,360,1620,0.56557945870923,814.434420541291,0.808731808731809,388.191268191268,0.44375,426,1320,8820,1320,0.650936849410132,937.34906315059,0.920997920997921,442.079002079002,0.515625,495,1200,1560,9000,0.4941013185288,711.505898681471,0.756756756756757,363.243243243243,0.3625,348,1020,600,12240,0.38029146426093,547.619708535739,0.507276507276507,243.492723492724,0.316666666666667,304,420,1740,49320,0.448993754337266,646.551006245663,0.538461538461538,258.461538461539,0.404166666666667,388,1800,600,4380,0.568355308813324,818.431644691187,0.702702702702703,337.297297297297,0.501041666666667,481,24,22.9305555555556,47.8333333333333,17.7247386759582
"2025-08-16 10:00:00|Monitor10.txt|08",8,"2025-08-16 10:00:00|Monitor10.txt",2025-08-16T10:00:00Z,2025-08-22T11:59:00Z,"OK","M","DGRP712","21.5C","Winter","NA","08:12","M10","Batch4c_DGRP",0.533155884735563,767.744474019211,0.838250607427976,402.360291565429,0.380555555555556,365.333333333333,0,360,420,0.638445523941707,919.361554476058,0.902286902286902,433.097713097713,0.50625,486,780,9480,780,0.597501734906315,860.402498265094,0.933471933471933,448.066528066528,0.429166666666667,412,420,1020,79980,0.580846634281749,836.419153365718,0.871101871101871,418.128898128898,0.435416666666667,418,840,3600,9000,0.518390006939625,746.48160999306,0.810810810810811,389.189189189189,0.371875,357,840,5580,6660,0.514226231783484,740.485773768217,0.812889812889813,390.18711018711,0.364583333333333,350,540,300,11280,0.349757113115892,503.650242886884,0.696465696465697,334.303534303534,0.176041666666667,169,17.3333333333333,33.25,38,22.1184210526316
"2025-08-16 10:00:00|Monitor10.txt|09",9,"2025-08-16 10:00:00|Monitor10.txt",2025-08-16T10:00:00Z,2025-08-22T11:59:00Z,"OK","M","DGRP712","21.5C","Winter","NA","08:12","M10","Batch4c_DGRP",0.422983450989469,609.096169424835,0.629642485248178,302.228392919125,0.319618055555556,306.833333333333,120,1560,9180,0.666897987508675,960.333102012491,0.968814968814969,465.031185031185,0.515625,495,2100,1200,14820,0.541290770298404,779.458709229702,0.798336798336798,383.201663201663,0.4125,396,900,1560,54720,0.331020124913255,476.668979875087,0.534303534303534,256.465696465697,0.229166666666667,220,1920,1020,55440,0.301873698820264,434.69812630118,0.451143451143451,216.548856548857,0.227083333333333,218,1440,1680,11640,0.469812630117974,676.530187369882,0.64033264033264,307.359667359667,0.384375,369,3120,1080,5700,0.227619708535739,327.772380291464,0.384615384615385,184.615384615385,0.148958333333333,143,20,35.175,19.3333333333333,36.8448275862069
"2025-08-16 10:00:00|Monitor10.txt|10",10,"2025-08-16 10:00:00|Monitor10.txt",2025-08-16T10:00:00Z,2025-08-22T11:59:00Z,"OK","M","DGRP712","21.5C","Winter","NA","08:12","M10","Batch4c_DGRP",0.304710102997338,438.782548316167,0.604998264491496,290.399166955918,0.154513888888889,148.333333333333,1140,600,12000,0.482303955586398,694.517696044414,0.767151767151767,368.232848232848,0.339583333333333,326,420,1380,57360,0.427480916030534,615.57251908397,0.72972972972973,350.27027027027,0.276041666666667,265,540,1200,56580,0.270645385149202,389.729354614851,0.588357588357588,282.411642411642,0.111458333333333,107,120,600,5760,0.224843858431645,323.775156141568,0.596673596673597,286.403326403326,0.0385416666666667,37,900,600,13740,0.240111034004164,345.759888965996,0.58004158004158,278.419958419958,0.0697916666666667,67,1080,300,9720,0.183206106870229,263.81679389313,0.365904365904366,175.634095634096,0.0916666666666667,88,30.8333333333333,23.2162162162162,15.6666666666667,45.0531914893617
"2025-08-16 10:00:00|Monitor10.txt|11",11,"2025-08-16 10:00:00|Monitor10.txt",2025-08-16T10:00:00Z,2025-08-22T11:59:00Z,"OK","M","DGRP712","21.5C","Winter","NA","08:12","M10","Batch4c_DGRP",0.342090035875477,492.609651660687,0.546685178757376,262.40888580354,0.239756944444444,230.166666666667,780,600,57660,0.427480916030534,615.57251908397,0.748440748440749,359.251559251559,0.266666666666667,256,360,660,7800,0.452463566967384,651.547536433033,0.604989604989605,290.39501039501,0.376041666666667,361,1020,960,7980,0.282442748091603,406.717557251908,0.488565488565489,234.511434511435,0.179166666666667,172,300,360,15600,0.271339347675226,390.728660652325,0.440748440748441,211.559251559252,0.186458333333333,179,540,420,15000,0.315752949340736,454.684247050659,0.521829521829522,250.47817047817,0.2125,204,420,660,5160,0.302567661346287,435.697432338654,0.471933471933472,226.528066528067,0.217708333333333,209,34.6666666666667,16.1826923076923,40.8333333333333,20.9673469387755
"2025-08-16 10:00:00|Monitor10.txt|15",15,"2025-08-16 10:00:00|Monitor10.txt",2025-08-16T10:00:00Z,2025-08-22T11:59:00Z,"OK","M","DGRP712","21.5C","Winter","NA","08:12","M10","Batch4c_DGRP",0.436176368475871,628.093970605254,0.713988198542173,342.714335300243,0.297222222222222,285.333333333333,900,2040,4140,0.562803608605135,810.437196391395,0.831600831600832,399.168399168399,0.428125,411,660,540,56400,0.553782095766829,797.446217904233,0.802494802494803,385.197505197505,0.429166666666667,412,300,540,16500,0.47883414295628,689.521165857044,0.852390852390852,409.147609147609,0.291666666666667,280,1200,720,60720,0.416377515614157,599.583622484386,0.550935550935551,264.449064449064,0.348958333333333,335,300,2160,9660,0.41707147814018,600.58292852186,0.754677754677755,362.245322245322,0.247916666666667,238,1620,300,9540,0.186675919500347,268.8133240805,0.484407484407485,232.515592515593,0.0375,36,28.8333333333333,16.0057803468208,30,31.3333333333333
"2025-08-16 10:00:00|Monitor10.txt|16",16,"2025-08-16 10:00:00|Monitor10.txt",2025-08-16T10:00:00Z,2025-08-22T11:59:00Z,"OK","M","DGRP712","21.5C","Winter","NA","08:12","M10","Batch4c_DGRP",0.523897697025807,754.412683717162,0.764317945157931,366.872613675807,0.403645833333333,387.5,0,360,62640,0.673837612768911,970.326162387231,0.717255717255717,344.282744282744,0.652083333333333,626,180,2040,57300,0.598195697432339,861.401804302568,0.83991683991684,403.160083160083,0.477083333333333,458,540,2160,58500,0.480222068008328,691.519777931992,0.817047817047817,392.182952182952,0.311458333333333,299,660,300,11880,0.391394864677307,563.608605135323,0.74012474012474,355.259875259875,0.216666666666667,208,60,660,53040,0.50381679389313,725.496183206107,0.752598752598753,361.247401247401,0.379166666666667,364,780,600,8880,0.495489243580847,713.504510756419,0.715176715176715,343.284823284823,0.385416666666667,370,31,17.7365591397849,35.8333333333333,23.6093023255814
"2025-08-16 10:00:00|Monitor10.txt|17",17,"2025-08-16 10:00:00|Monitor10.txt",2025-08-16T10:00:00Z,2025-08-22T11:59:00Z,"OK","M","DGRP712","21.5C","Winter","NA","08:12","M10","Batch4c_DGRP",0.493924314315473,711.251012614281,0.755640402637973,362.707393266227,0.363020833333333,348.5,660,2400,3600,0.514920194309507,741.485079805691,0.858627858627859,412.141372141372,0.342708333333333,329,960,1860,52500,0.512838306731437,738.487161693269,0.756756756756757,363.243243243243,0.390625,375,60,840,960,0.461485079805691,664.538514920194,0.719334719334719,345.280665280665,0.332291666666667,319,60,300,3000,0.443442054129077,638.556557945871,0.677754677754678,325.322245322245,0.326041666666667,313,3660,12000,3660,0.450381679389313,648.549618320611,0.711018711018711,341.288981288981,0.319791666666667,307,480,360,900,0.580152671755725,835.419847328244,0.806652806652807,387.193347193347,0.466666666666667,448,20.5,28.3821138211382,30.3333333333333,27.4010989010989
"2025-08-16 10:00:00|Monitor10.txt|20",20,"2025-08-16 10:00:00|Monitor10.txt",2025-08-16T10:00:00Z,2025-08-22T11:59:00Z,"OK","M","DGRP712","21.5C","Winter","NA","08:12","M10","Batch4c_DGRP",0.706631176947113,1017.54889480384,0.803540437348143,385.699409927109,0.658159722222222,631.833333333333,0,900,69360,0.686328938237335,988.313671061763,0.837837837837838,402.162162162162,0.610416666666667,586,420,420,4080,0.754337265787648,1086.24566273421,0.854469854469854,410.14553014553,0.704166666666667,676,420,660,57600,0.689798750867453,993.310201249133,0.829521829521829,398.170478170478,0.619791666666667,595,60,300,8700,0.722414989590562,1040.27758501041,0.862785862785863,414.137214137214,0.652083333333333,626,480,1800,7560,0.671061762664816,966.328938237335,0.742203742203742,356.257796257796,0.635416666666667,610,600,480,40440,0.715475364330326,1030.28452463567,0.692307692307692,332.307692307692,0.727083333333333,698,27.6666666666667,16.6566265060241,44.8333333333333,20.8066914498141
"2025-08-16 10:00:00|Monitor10.txt|21",21,"2025-08-16 10:00:00|Monitor10.txt",2025-08-16T10:00:00Z,2025-08-22T11:59:00Z,"OK","M","DGRP712","21.5C","Winter","NA","08:12","M10","Batch4c_DGRP",0.542761254484435,781.576206457586,0.8750433877126,420.020826102048,0.3765625,361.5,0,2940,6120,0.528799444829979,761.47120055517,0.802494802494803,385.197505197505,0.391666666666667,376,1380,1560,47460,0.532963219986121,767.467036780014,0.862785862785863,414.137214137214,0.367708333333333,353,1200,2940,4740,0.518390006939625,746.48160999306,0.937629937629938,450.06237006237,0.308333333333333,296,0,420,3600,0.528799444829979,761.47120055517,0.9002079002079,432.099792099792,0.342708333333333,329,1080,660,1980,0.523941707147814,754.476058292852,0.837837837837838,402.162162162162,0.366666666666667,352,840,10320,840,0.623178348369188,897.376821651631,0.904365904365904,434.095634095634,0.482291666666667,463,18,31.4444444444444,29.5,28.8079096045198
"2025-08-16 10:00:00|Monitor10.txt|22",22,"2025-08-16 10:00:00|Monitor10.txt",2025-08-16T10:00:00Z,2025-08-22T11:59:00Z,"OK","M","DGRP712","21.5C","Winter","NA","08:12","M10","Batch4c_DGRP",0.410484897581298,591.09825251707,0.608122179798681,291.898646303367,0.311631944444444,299.166666666667,1200,600,60120,0.617626648160999,889.382373351839,0.877338877338877,421.122661122661,0.4875,468,720,1740,57120,0.510756419153366,735.489243580847,0.804573804573805,386.195426195426,0.363541666666667,349,420,420,4140,0.287300485773768,413.712699514226,0.513513513513514,246.486486486487,0.173958333333333,167,1020,360,85260,0.221374045801527,318.778625954199,0.316008316008316,151.683991683992,0.173958333333333,167,1860,480,9540,0.401804302567661,578.598195697432,0.559251559251559,268.440748440748,0.322916666666667,310,840,840,3480,0.42470506592644,611.575294934074,0.577962577962578,277.422037422037,0.347916666666667,334,24.6666666666667,22.5810810810811,28.1666666666667,30.3195266272189
"2025-08-16 10:00:00|Monitor10.txt|23",23,"2025-08-16 10:00:00|Monitor10.txt",2025-08-16T10:00:00Z,2025-08-22T11:59:00Z,"OK","M","DGRP712","21.5C","Winter","NA","08:12","M10","Batch4c_DGRP",0.745747020020831,1073.87570883,0.747309961818813,358.70878167303,0.744965277777778,715.166666666667,0,660,20100,0.73560027758501,1059.26439972241,0.831600831600832,399.168399168399,0.6875,660,420,780,50400,0.734212352532963,1057.26578764747,0.711018711018711,341.288981288981,0.745833333333333,716,540,1380,85860,0.684941013185288,986.315058986815,0.837837837837838,402.162162162162,0.608333333333333,584,6000,3420,54960,0.712699514226232,1026.28730048577,0.727650727650728,349.272349272349,0.705208333333333,677,360,1320,58140,0.771686328938237,1111.22831367106,0.692307692307692,332.307692307692,0.811458333333333,779,420,600,53340,0.834836918806385,1202.16516308119,0.681912681912682,327.318087318087,0.911458333333333,875,27.6666666666667,17.1144578313253,48,19.1111111111111
"2025-08-16 10:00:00|Monitor10.txt|24",24,"2025-08-16 10:00:00|Monitor10.txt",2025-08-16T10:00:00Z,2025-08-22T11:59:00Z,"OK","M","DGRP712","21.5C","Winter","NA","08:12","M10","Batch4c_DGRP",0.516375419511631,743.580604096748,0.904894133981256,434.349184311003,0.322048611111111,309.166666666667,900,1260,10440,0.536433032616239,772.463566967384,0.948024948024948,455.051975051975,0.330208333333333,317,600,3300,3960,0.534351145038168,769.465648854962,0.962577962577963,462.037422037422,0.319791666666667,307,1980,300,2340,0.616932685634976,888.383067314365,0.98960498960499,475.010395010395,0.430208333333333,413,480,300,1080,0.496877168632894,715.503122831367,0.908523908523908,436.091476091476,0.290625,279,300,420,5580,0.425399028452464,612.574600971548,0.858627858627859,412.141372141372,0.208333333333333,200,720,420,8640,0.487855655794587,702.512144344206,0.756756756756757,363.243243243243,0.353125,339,10.3333333333333,46.8709677419355,29.5,31.7966101694916
"2025-08-16 10:00:00|Monitor10.txt|27",27,"2025-08-16 10:00:00|Monitor10.txt",2025-08-16T10:00:00Z,2025-08-22T11:59:00Z,"OK","M","DGRP712","21.5C","Winter","NA","08:12","M10","Batch4c_DGRP",0.525633607221386,756.912394398797,0.696980215203055,334.550503297466,0.439930555555556,422.333333333333,420,1080,47100,0.722414989590562,1040.27758501041,0.835758835758836,401.164241164241,0.665625,639,2100,360,52020,0.73351839000694,1056.26648160999,0.733887733887734,352.266112266112,0.733333333333333,704,780,28560,780,0.519083969465649,747.480916030534,0.983367983367983,472.016632016632,0.286458333333333,275,3060,840,85980,0.225537820957668,324.774462179042,0.311850311850312,149.68814968815,0.182291666666667,175,11940,420,14880,0.478140180430257,688.52185981957,0.681912681912682,327.318087318087,0.376041666666667,361,3420,300,23760,0.476058292852186,685.523941707148,0.636174636174636,305.363825363825,0.395833333333333,380,15.3333333333333,29.0217391304348,20,48.9166666666667
"2025-08-16 10:00:00|Monitor10.txt|28",28,"2025-08-16 10:00:00|Monitor10.txt",2025-08-16T10:00:00Z,2025-08-22T11:59:00Z,"OK","M","DGRP712","21.5C","Winter","NA","08:12","M10","Batch4c_DGRP",0.355977317440111,512.60733711376,0.591461298160361,283.901423116973,0.238194444444444,228.666666666667,3660,10800,3660,0.417765440666204,601.582234559334,0.696465696465697,334.303534303534,0.278125,267,840,420,86340,0.265093684941013,381.734906315059,0.609147609147609,292.390852390852,0.0927083333333333,89,1980,3060,53340,0.347675225537821,500.652324774462,0.58004158004158,278.419958419958,0.23125,222,3900,2700,79560,0.316446911866759,455.683553088133,0.494802494802495,237.505197505198,0.227083333333333,218,360,4920,52860,0.360166551006246,518.639833448994,0.525987525987526,252.474012474012,0.277083333333333,266,4800,300,13920,0.430950728660652,620.569049271339,0.646569646569647,310.35343035343,0.322916666666667,310,18.3333333333333,50.2636363636364,18,27.8703703703704
"2025-08-16 10:00:00|Monitor10.txt|29",29,"2025-08-16 10:00:00|Monitor10.txt",2025-08-16T10:00:00Z,2025-08-22T11:59:00Z,"OK","M","DGRP712","21.5C","Winter","NA","08:12","M10","Batch4c_DGRP",0.336535123249624,484.610577479458,0.694550503297466,333.384241582784,0.157465277777778,151.166666666667,0,360,2580,0.480916030534351,692.519083969466,0.873180873180873,419.126819126819,0.284375,273,480,1140,4140,0.393476752255378,566.606523247745,0.925155925155925,444.074844074844,0.127083333333333,122,60,300,85500,0.286606523247745,412.713393476752,0.708939708939709,340.29106029106,0.075,72,2820,960,11580,0.274809160305344,395.725190839695,0.586278586278586,281.413721413721,0.11875,114,300,1860,53040,0.29146426092991,419.70853573907,0.507276507276507,243.492723492724,0.183333333333333,176,1680,1500,15600,0.293546148507981,422.706453851492,0.567567567567568,272.432432432432,0.15625,150,22.3333333333333,31.5970149253731,18.5,38.4594594594595
"2025-08-16 10:00:00|Monitor10.txt|30",30,"2025-08-16 10:00:00|Monitor10.txt",2025-08-16T10:00:00Z,2025-08-22T11:59:00Z,"OK","M","DGRP712","21.5C","Winter","NA","08:12","M10","Batch4c_DGRP",0.338155306098831,486.943640782317,0.639014231169733,306.726830961472,0.187673611111111,180.166666666667,660,1680,14460,0.506592643997224,729.493407356003,0.787941787941788,378.212058212058,0.365625,351,840,2820,11400,0.460791117279667,663.53920888272,0.831600831600832,399.168399168399,0.275,264,420,3180,420,0.358084663428175,515.641915336572,0.750519750519751,360.24948024948,0.161458333333333,155,1200,660,53220,0.230395558639833,331.76960444136,0.397089397089397,190.602910602911,0.146875,141,420,2400,4020,0.26439972241499,380.735600277585,0.536382536382536,257.463617463618,0.128125,123,600,3720,12180,0.207494795281055,298.792505204719,0.523908523908524,251.476091476092,0.0489583333333333,47,23.8333333333333,23.8461538461539,30.8333333333333,27.3945945945946
"2025-08-16 10:00:00|Monitor10.txt|32",32,"2025-08-16 10:00:00|Monitor10.txt",2025-08-16T10:00:00Z,2025-08-22T11:59:00Z,"OK","M","DGRP712","21.5C","Winter","NA","08:12","M10","Batch4c_DGRP",0.563939358870501,812.072676773522,0.955223880597015,458.507462686567,0.368229166666667,353.5,0,420,16620,0.590562109646079,850.409437890354,0.970893970893971,466.029106029106,0.4,384,600,23400,600,0.502428868841083,723.497571131159,0.977130977130977,469.022869022869,0.264583333333333,254,0,540,16440,0.527411519777932,759.472588480222,0.977130977130977,469.022869022869,0.302083333333333,290,480,840,1380,0.596113809854268,858.403886190146,0.968814968814969,465.031185031185,0.409375,393,780,420,4560,0.580846634281749,836.419153365718,0.904365904365904,434.095634095634,0.41875,402,4560,1560,9180,0.586398334489938,844.41360166551,0.929313929313929,446.070686070686,0.414583333333333,398,7.5,66.2,18.1666666666667,50.9724770642202
"2025-08-16 10:00:00|Monitor51.txt|05",5,"2025-08-16 10:00:00|Monitor51.txt",2025-08-16T10:00:00Z,2025-08-22T11:59:00Z,"OK","M","DGRP391","21.5C","Winter","NA","08:12","M51","Batch4c_DGRP",0.293253095706516,422.284457817382,0.119055883373829,57.1468240194377,0.380381944444444,365.166666666667,14820,720,16320,0.0728660652324775,104.927133934768,0.141372141372141,67.8586278586279,0.0385416666666667,37,19740,420,60840,0.189451769604441,272.810548230396,0.0374220374220374,17.962577962578,0.265625,255,12660,360,61620,0.251908396946565,362.748091603053,0.0810810810810811,38.9189189189189,0.3375,324,30960,600,55440,0.263011797362942,378.736988202637,0,0,0.394791666666667,379,9720,1500,31920,0.47675225537821,686.523247744622,0.1995841995842,95.8004158004158,0.615625,591,960,360,31200,0.504510756419153,726.495489243581,0.253638253638254,121.746361746362,0.630208333333333,605,8.5,50.6862745098039,32.5,30.2820512820513
"2025-08-16 10:00:00|Monitor51.txt|07",7,"2025-08-16 10:00:00|Monitor51.txt",2025-08-16T10:00:00Z,2025-08-22T11:59:00Z,"OK","M","DGRP391","21.5C","Winter","NA","08:12","M51","Batch4c_DGRP",0.248003703275084,357.125332716121,0.120444290177022,57.8132592849705,0.311805555555556,299.333333333333,420,420,53160,0.340041637751561,489.659958362249,0.382536382536383,183.617463617464,0.31875,306,21420,540,48060,0.109646079111728,157.890353920888,0.0187110187110187,8.98128898128898,0.155208333333333,149,21180,360,53040,0.228313671061763,328.771686328938,0.0228690228690229,10.977130977131,0.33125,318,9900,420,49200,0.23941707147814,344.760582928522,0.0977130977130977,46.9022869022869,0.310416666666667,298,11160,300,46320,0.305343511450382,439.69465648855,0.112266112266112,53.8877338877339,0.402083333333333,386,12720,480,42900,0.26439972241499,380.735600277585,0.0873180873180873,41.9126819126819,0.353125,339,13.3333333333333,35.125,44.3333333333333,21.3684210526316
"2025-08-16 10:00:00|Monitor51.txt|09",9,"2025-08-16 10:00:00|Monitor51.txt",2025-08-16T10:00:00Z,2025-08-22T11:59:00Z,"OK","M","DGRP391","21.5C","Winter","NA","08:12","M51","Batch4c_DGRP",0.547506075685685,788.408748987386,0.465463380770566,223.422422769872,0.588541666666667,565,0,360,21660,0.727272727272727,1047.27272727273,0.773388773388773,371.226611226611,0.704166666666667,676,1440,360,40740,0.489937543372658,705.510062456627,0.455301455301455,218.544698544699,0.507291666666667,487,5520,300,40260,0.583622484385843,840.416377515614,0.46985446985447,225.530145530146,0.640625,615,5460,360,41640,0.576682859125607,830.423317140875,0.417879417879418,200.582120582121,0.65625,630,3060,300,36660,0.509368494101319,733.490631505899,0.35966735966736,172.640332640333,0.584375,561,360,300,30540,0.396252602359473,570.603747397641,0.311850311850312,149.68814968815,0.438541666666667,421,28.6666666666667,14.9302325581395,49.3333333333333,19.5101351351351
"2025-08-16 10:00:00|Monitor51.txt|14",14,"2025-08-16 10:00:00|Monitor51.txt",2025-08-16T10:00:00Z,2025-08-22T11:59:00Z,"OK","M","DGRP391","21.5C","Winter","NA","08:12","M51","Batch4c_DGRP",0.390116884619836,561.768313852563,0.433182922596321,207.927802846234,0.368576388888889,353.833333333333,2400,420,44700,0.453851492019431,653.546148507981,0.542619542619543,260.45738045738,0.409375,393,360,840,43920,0.456627342123525,657.543372657877,0.517671517671518,248.482328482328,0.426041666666667,409,360,600,42600,0.332408049965302,478.667591950035,0.284823284823285,136.715176715177,0.35625,342,2640,420,44220,0.358778625954198,516.641221374046,0.407484407484407,195.592515592516,0.334375,321,300,420,41820,0.369188063844552,531.630811936155,0.372141372141372,178.627858627859,0.367708333333333,353,180,300,46500,0.369188063844552,531.630811936155,0.471933471933472,226.528066528067,0.317708333333333,305,32.3333333333333,14.5824742268041,45.6666666666667,20.6240875912409
"2025-08-16 10:00:00|Monitor51.txt|15",15,"2025-08-16 10:00:00|Monitor51.txt",2025-08-16T10:00:00Z,2025-08-22T11:59:00Z,"OK","M","DGRP391","21.5C","Winter","NA","08:12","M51","Batch4c_DGRP",0.31315819928249,450.947806966786,0.196112460951059,94.1339812565082,0.371701388888889,356.833333333333,7260,1260,53940,0.384455239417072,553.615544760583,0.357588357588358,171.642411642412,0.397916666666667,382,9540,660,46500,0.154059680777238,221.845940319223,0.170478170478171,81.8295218295218,0.145833333333333,140,22200,600,50880,0.176960444136017,254.823039555864,0.0311850311850312,14.968814968815,0.25,240,7320,360,55740,0.310201249132547,446.689798750867,0.133056133056133,63.8669438669439,0.398958333333333,383,12480,540,66180,0.433032616238723,623.566967383761,0.251559251559252,120.748440748441,0.523958333333333,503,360,360,41760,0.419153365718251,603.580846634282,0.230769230769231,110.769230769231,0.513541666666667,493,21,20.9444444444444,47.5,20.2350877192983
"2025-08-16 10:00:00|Monitor51.txt|18",18,"2025-08-16 10:00:00|Monitor51.txt",2025-08-16T10:00:00Z,2025-08-22T11:59:00Z,"OK","M","DGRP391","21.5C","Winter","NA","08:12","M51","Batch4c_DGRP",0.546695984261081,787.242217335957,0.539048941339813,258.74349184311,0.550520833333333,528.5,2040,720,15720,0.578764746703678,833.421235253296,0.64033264033264,307.359667359667,0.547916666666667,526,300,780,62460,0.555170020818876,799.444829979181,0.501039501039501,240.498960498961,0.582291666666667,559,420,840,47400,0.539208882720333,776.46079111728,0.449064449064449,215.550935550936,0.584375,561,1440,360,48000,0.505898681471201,728.494101318529,0.507276507276507,243.492723492724,0.505208333333333,485,180,420,18540,0.597501734906315,860.402498265094,0.627858627858628,301.372141372141,0.582291666666667,559,960,480,41400,0.502428868841083,723.497571131159,0.505197505197505,242.494802494803,0.501041666666667,481,30.8333333333333,17.3243243243243,38.1666666666667,22.6768558951965
"2025-08-16 10:00:00|Monitor51.txt|19",19,"2025-08-16 10:00:00|Monitor51.txt",2025-08-16T10:00:00Z,2025-08-22T11:59:00Z,"OK","M","DGRP391","21.5C","Winter","NA","08:12","M51","Batch4c_DGRP",0.470894572387455,678.088184237935,0.577924331829226,277.403679278028,0.417361111111111,400.666666666667,540,300,24780,0.444136016655101,639.555863983345,0.615384615384615,295.384615384615,0.358333333333333,344,3420,420,78060,0.474670367800139,683.5253296322,0.56964656964657,273.430353430353,0.427083333333333,410,8700,780,43020,0.545454545454545,785.454545454545,0.53014553014553,254.469854469854,0.553125,531,2640,2580,43140,0.428174878556558,616.571825121444,0.509355509355509,244.490644490645,0.3875,372,1140,360,42720,0.419847328244275,604.580152671756,0.509355509355509,244.490644490645,0.375,360,360,780,38760,0.511450381679389,736.488549618321,0.727650727650728,349.272349272349,0.403125,387,28,15.4464285714286,36.6666666666667,26.7045454545455
"2025-08-16 10:00:00|Monitor51.txt|20",20,"2025-08-16 10:00:00|Monitor51.txt",2025-08-16T10:00:00Z,2025-08-22T11:59:00Z,"OK","M","DGRP391","21.5C","Winter","NA","08:12","M51","Batch4c_DGRP",0.569147089457239,819.571808818424,0.630336688649774,302.561610551892,0.538541666666667,517,0,1380,46680,0.501040943789035,721.498959056211,0.752598752598753,361.247401247401,0.375,360,1080,420,54600,0.526717557251908,758.473282442748,0.592515592515593,284.407484407484,0.49375,474,420,840,41460,0.558639833448994,804.441360166551,0.692307692307692,332.307692307692,0.491666666666667,472,1740,300,51960,0.597501734906315,860.402498265094,0.621621621621622,298.378378378378,0.585416666666667,562,300,300,39120,0.610687022900763,879.389312977099,0.588357588357588,282.411642411642,0.621875,597,240,1080,42900,0.61970853573907,892.380291464261,0.532224532224532,255.467775467776,0.663541666666667,637,33.1666666666667,15.5025125628141,39.8333333333333,22.3430962343096
"2025-08-16 10:00:00|Monitor51.txt|21",21,"2025-08-16 10:00:00|Monitor51.txt",2025-08-16T10:00:00Z,2025-08-22T11:59:00Z,"OK","M","DGRP391","21.5C","Winter","NA","08:12","M51","Batch4c_DGRP",0.379238514060873,546.103460247657,0.194376952447067,93.3009371745922,0.471701388888889,452.833333333333,720,720,81840,0.481609993060375,693.51839000694,0.401247401247401,192.598752598753,0.521875,501,180,780,45540,0.476058292852186,685.523941707148,0.176715176715177,84.8232848232848,0.626041666666667,601,360,420,46200,0.324774462179042,467.675225537821,0.118503118503119,56.8814968814969,0.428125,411,360,600,45720,0.337265787647467,485.662734212353,0.0873180873180873,41.9126819126819,0.4625,444,1020,360,37380,0.31089521165857,447.689104788341,0.147609147609148,70.8523908523909,0.392708333333333,377,720,360,34560,0.343511450381679,494.656488549618,0.232848232848233,111.767151767152,0.398958333333333,383,19.1666666666667,30.8869565217391,35.1666666666667,23.4170616113744
"2025-08-16 10:00:00|Monitor51.txt|23",23,"2025-08-16 10:00:00|Monitor51.txt",2025-08-16T10:00:00Z,2025-08-22T11:59:00Z,"OK","M","DGRP391","21.5C","Winter","NA","08:12","M51","Batch4c_DGRP",0.532924430042819,767.41117926166,0.616452620617841,295.897257896564,0.491145833333333,471.5,960,360,53640,0.466342817487856,671.533657182512,0.64033264033264,307.359667359667,0.379166666666667,364,780,300,50400,0.506592643997224,729.493407356003,0.644490644490645,309.355509355509,0.4375,420,1260,300,15360,0.522553782095767,752.477446217904,0.592515592515593,284.407484407484,0.4875,468,420,300,22860,0.498959056210965,718.501040943789,0.571725571725572,274.428274428274,0.4625,444,2460,300,48780,0.618320610687023,890.381679389313,0.683991683991684,328.316008316008,0.585416666666667,562,360,360,44940,0.585704371963914,843.414295628036,0.567567567567568,272.432432432432,0.594791666666667,571,35.5,14.6619718309859,56.1666666666667,15.3976261127596
"2025-08-16 10:00:00|Monitor51.txt|25",25,"2025-08-16 10:00:00|Monitor51.txt",2025-08-16T10:00:00Z,2025-08-22T11:59:00Z,"OK","M","DGRP391","21.5C","Winter","NA","08:12","M51","Batch4c_DGRP",0.628283763453304,904.728619372758,0.440124956612287,211.259979173898,0.722395833333333,693.5,0,540,37020,0.709923664122137,1022.29007633588,0.711018711018711,341.288981288981,0.709375,681,180,1320,67560,0.68147120055517,981.318528799445,0.592515592515593,284.407484407484,0.726041666666667,697,6180,300,61800,0.635669673837613,915.364330326162,0.35966735966736,172.640332640333,0.773958333333333,743,720,540,36000,0.600971547536433,865.399028452464,0.357588357588358,171.642411642412,0.722916666666667,694,10200,960,60300,0.58292852185982,839.41707147814,0.313929313929314,150.686070686071,0.717708333333333,689,480,840,40440,0.558639833448994,804.441360166551,0.307692307692308,147.692307692308,0.684375,657,25.6666666666667,18.4545454545455,64.6666666666667,13.951030927835
"2025-08-16 10:00:00|Monitor51.txt|26",26,"2025-08-16 10:00:00|Monitor51.txt",2025-08-16T10:00:00Z,2025-08-22T11:59:00Z,"OK","M","DGRP391","21.5C","Winter","NA","08:12","M51","Batch4c_DGRP",0.32739266288624,471.445434556186,0.0534536619229434,25.6577577230128,0.464409722222222,445.833333333333,17280,540,68640,0.218598195697432,314.781401804303,0.051975051975052,24.948024948025,0.302083333333333,290,41220,480,62160,0.240804996530187,346.75919500347,0,0,0.361458333333333,347,16620,540,42300,0.275503122831367,396.724496877169,0.0187110187110187,8.98128898128898,0.404166666666667,388,27600,420,47100,0.365718251214434,526.634281748786,0.0228690228690229,10.977130977131,0.5375,516,15900,600,40740,0.38792505204719,558.612074947953,0.0374220374220374,17.962577962578,0.563541666666667,541,5940,420,36600,0.474670367800139,683.5253296322,0.189189189189189,90.8108108108108,0.617708333333333,593,6.33333333333333,41.7894736842105,45,25.2037037037037
"2025-08-16 10:00:00|Monitor51.txt|28",28,"2025-08-16 10:00:00|Monitor51.txt",2025-08-16T10:00:00Z,2025-08-22T11:59:00Z,"OK","M","DGRP391","21.5C","Winter","NA","08:12","M51","Batch4c_DGRP",0.248235157967828,357.458627473672,0.416869142658799,200.097188476224,0.163888888888889,157.333333333333,6180,480,13740,0.229007633587786,329.770992366412,0.482328482328482,231.517671517672,0.102083333333333,98,780,480,15960,0.116585704371964,167.883414295628,0.282744282744283,135.717255717256,0.0333333333333333,32,180,300,55440,0.161693268563498,232.838306731437,0.266112266112266,127.733887733888,0.109375,105,3240,300,23100,0.179042331714087,257.820957668286,0.322245322245322,154.677754677755,0.107291666666667,103,480,540,49980,0.323386537126995,465.676613462873,0.438669438669439,210.561330561331,0.265625,255,2700,300,15780,0.47883414295628,689.521165857044,0.704781704781705,338.295218295218,0.365625,351,30.3333333333333,17.9340659340659,30.6666666666667,28.5380434782609
"2025-08-16 10:00:00|Monitor51.txt|29",29,"2025-08-16 10:00:00|Monitor51.txt",2025-08-16T10:00:00Z,2025-08-22T11:59:00Z,"OK","M","DGRP391","21.5C","Winter","NA","08:12","M51","Batch4c_DGRP",0.423099178335841,609.262816803611,0.626171468240194,300.562304755293,0.321527777777778,308.666666666667,420,360,51300,0.570437196391395,821.429562803609,0.792099792099792,380.2079002079,0.459375,441,900,420,22200,0.412213740458015,593.587786259542,0.719334719334719,345.280665280665,0.258333333333333,248,3300,480,42060,0.371963913948647,535.628036086051,0.434511434511435,208.565488565489,0.340625,327,5880,720,22800,0.360166551006246,518.639833448994,0.604989604989605,290.39501039501,0.2375,228,1740,600,43320,0.446911866759195,643.553088133241,0.69022869022869,331.309771309771,0.325,312,1140,300,40680,0.375433726578765,540.624566273421,0.509355509355509,244.490644490645,0.308333333333333,296,29.1666666666667,16.9885714285714,32.8333333333333,28.010152284264
"2025-08-16 10:00:00|Monitor51.txt|30",30,"2025-08-16 10:00:00|Monitor51.txt",2025-08-16T10:00:00Z,2025-08-22T11:59:00Z,"OK","M","DGRP391","21.5C","Winter","NA","08:12","M51","Batch4c_DGRP",0.502835319986113,724.082860780002,0.591461298160361,283.901423116973,0.458506944444445,440.166666666667,0,360,59400,0.532963219986121,767.467036780014,0.66943866943867,321.330561330561,0.464583333333333,446,3420,420,44220,0.526717557251908,758.473282442748,0.56964656964657,273.430353430353,0.505208333333333,485,660,660,41880,0.541290770298404,779.458709229702,0.648648648648649,311.351351351351,0.4875,468,240,780,40260,0.557251908396947,802.442748091603,0.692307692307692,332.307692307692,0.489583333333333,470,480,360,43800,0.430950728660652,620.569049271339,0.449064449064449,215.550935550936,0.421875,405,420,900,41580,0.426092990978487,613.573907009022,0.513513513513514,246.486486486487,0.382291666666667,367,30.6666666666667,17.0163043478261,16.8333333333333,52.8712871287129
"2025-08-16 10:00:00|Monitor51.txt|32",32,"2025-08-16 10:00:00|Monitor51.txt",2025-08-16T10:00:00Z,2025-08-22T11:59:00Z,"OK","M","DGRP391","21.5C","Winter","NA","08:12","M51","Batch4c_DGRP",0.235736604559657,339.460710565907,0.21659146129816,103.963901423117,0.2453125,235.5,480,540,17340,0.307425399028452,442.692574600972,0.494802494802495,237.505197505198,0.213541666666667,205,13560,360,64740,0.129077029840389,185.87092297016,0.0873180873180873,41.9126819126819,0.15,144,6600,420,63060,0.131158917418459,188.868841082582,0.0893970893970894,42.9106029106029,0.152083333333333,146,10020,780,25620,0.241498959056211,347.758501040944,0.201663201663202,96.7983367983368,0.261458333333333,251,4260,540,52560,0.253990284524636,365.746009715475,0.164241164241164,78.8357588357588,0.298958333333333,287,4320,1320,55200,0.350451075641915,504.649548924358,0.25987525987526,124.740124740125,0.395833333333333,380,16.5,32.9191919191919,39,22.2777777777778
"2025-08-16 10:00:00|Monitor52.txt|03",3,"2025-08-16 10:00:00|Monitor52.txt",2025-08-16T10:00:00Z,2025-08-22T11:59:00Z,"OK","M","DGRP707","21.5C","Winter","NA","08:12","M52","Batch4c_DGRP",0.915981946533966,1319.01400300891,0.96459562651857,463.005900728914,0.891666666666667,856,0,6300,31020,0.941707147814018,1356.05829285219,0.997920997920998,479.002079002079,0.913541666666667,877,660,300,34380,0.943095072866065,1358.05690492713,0.983367983367983,472.016632016632,0.922916666666667,886,480,420,48000,0.875086745315753,1260.12491325468,0.948024948024948,455.051975051975,0.838541666666667,805,360,2700,32280,0.92088827203331,1326.07911172797,0.945945945945946,454.054054054054,0.908333333333333,872,420,6480,31800,0.929909784871617,1339.07009021513,0.964656964656965,463.035343035343,0.9125,876,900,10800,35400,0.88410825815406,1273.11589174185,0.943866943866944,453.056133056133,0.854166666666667,820,8.16666666666667,59.4081632653061,13.5,69.8395061728395
"2025-08-16 10:00:00|Monitor52.txt|05",5,"2025-08-16 10:00:00|Monitor52.txt",2025-08-16T10:00:00Z,2025-08-22T11:59:00Z,"OK","M","DGRP707","21.5C","Winter","NA","08:12","M52","Batch4c_DGRP",0.857539636616133,1234.85707672723,0.85005206525512,408.024991322458,0.861284722222222,826.833333333333,0,9840,12960,0.941013185287994,1355.05898681471,0.975051975051975,468.024948024948,0.923958333333333,887,3120,1200,41640,0.790423317140875,1138.20957668286,0.74012474012474,355.259875259875,0.815625,783,6480,4140,53820,0.850798056904927,1225.1492019431,0.817047817047817,392.182952182952,0.867708333333333,833,3300,540,7920,0.848716169326856,1222.15128383067,0.823284823284823,395.176715176715,0.861458333333333,827,900,420,48900,0.864677307425399,1245.13532269257,0.841995841995842,404.158004158004,0.876041666666667,841,1500,2880,70260,0.850104094378904,1224.14989590562,0.904365904365904,434.095634095634,0.822916666666667,790,14.8333333333333,30.6179775280899,21,45.8253968253968
"2025-08-16 10:00:00|Monitor52.txt|06",6,"2025-08-16 10:00:00|Monitor52.txt",2025-08-16T10:00:00Z,2025-08-22T11:59:00Z,"OK","M","DGRP707","21.5C","Winter","NA","08:12","M52","Batch4c_DGRP",0.782432588820738,1126.70292790186,0.90003471017008,432.016660881638,0.723611111111111,694.666666666667,1560,840,32760,0.793893129770992,1143.20610687023,0.920997920997921,442.079002079002,0.730208333333333,701,660,2880,13800,0.748091603053435,1077.25190839695,0.927234927234927,445.072765072765,0.658333333333333,632,780,660,59520,0.793893129770992,1143.20610687023,0.929313929313929,446.070686070686,0.726041666666667,697,900,720,14760,0.860513532269257,1239.13948646773,0.956340956340956,459.043659043659,0.8125,780,660,1680,48480,0.768910478834143,1107.23108952117,0.862785862785863,414.137214137214,0.721875,693,1740,7800,9600,0.729354614850798,1050.27064538515,0.802494802494803,385.197505197505,0.692708333333333,665,13.1666666666667,37.0379746835443,25.1666666666667,36.8145695364238
"2025-08-16 10:00:00|Monitor52.txt|08",8,"2025-08-16 10:00:00|Monitor52.txt",2025-08-16T10:00:00Z,2025-08-22T11:59:00Z,"OK","M","DGRP707","21.5C","Winter","NA","08:12","M52","Batch4c_DGRP",0.627820854067816,904.062029857655,0.8333911836168,400.027768136064,0.525,504,540,360,10380,0.691880638445524,996.308119361555,0.881496881496882,423.118503118503,0.596875,573,1080,1320,4620,0.65440666204025,942.34559333796,0.964656964656965,463.035343035343,0.498958333333333,479,480,720,4800,0.613462873004858,883.386537126995,0.9002079002079,432.099792099792,0.469791666666667,451,600,1440,18420,0.639833448993754,921.360166551006,0.864864864864865,415.135135135135,0.527083333333333,506,780,3780,50820,0.564885496183206,813.435114503817,0.64033264033264,307.359667359667,0.527083333333333,506,180,9420,180,0.60235947258848,867.397640527412,0.746361746361746,358.253638253638,0.530208333333333,509,14.8333333333333,35.2134831460674,31.6666666666667,28.2157894736842
"2025-08-16 10:00:00|Monitor52.txt|09",9,"2025-08-16 10:00:00|Monitor52.txt",2025-08-16T10:00:00Z,2025-08-22T11:59:00Z,"OK","M","DGRP707","21.5C","Winter","NA","08:12","M52","Batch4c_DGRP",0.912394398796436,1313.84793426687,0.95209996528983,457.007983339118,0.892534722222222,856.833333333333,0,360,67500,0.885496183206107,1275.11450381679,0.864864864864865,415.135135135135,0.895833333333333,860,480,840,68700,0.905621096460791,1304.09437890354,0.929313929313929,446.070686070686,0.89375,858,420,3480,4020,0.940319222761971,1354.05968077724,0.991683991683992,476.008316008316,0.914583333333333,878,2640,900,34920,0.916030534351145,1319.08396946565,0.979209979209979,470.02079002079,0.884375,849,1860,2580,53520,0.925052047189452,1332.07494795281,0.958419958419958,460.04158004158,0.908333333333333,872,540,20220,540,0.902151283830673,1299.09784871617,0.98960498960499,475.010395010395,0.858333333333333,824,8.83333333333333,53.2830188679245,24.1666666666667,39.1172413793103
"2025-08-16 10:00:00|Monitor52.txt|10",10,"2025-08-16 10:00:00|Monitor52.txt",2025-08-16T10:00:00Z,2025-08-22T11:59:00Z,"OK","M","DGRP707","21.5C","Winter","NA","08:12","M52","Batch4c_DGRP",0.862515912510126,1242.02291401458,0.888233252342937,426.35196112461,0.849652777777778,815.666666666667,0,1020,41940,0.857737682165163,1235.14226231783,0.891891891891892,428.108108108108,0.840625,807,600,600,9600,0.870922970159611,1254.12907702984,0.968814968814969,465.031185031185,0.821875,789,1020,660,11040,0.798750867453158,1150.20124913255,0.941787941787942,452.058212058212,0.727083333333333,698,660,1140,43080,0.845246356696739,1217.1547536433,0.873180873180873,419.126819126819,0.83125,798,420,1140,37560,0.895905621096461,1290.1040943789,0.852390852390852,409.147609147609,0.917708333333333,881,3420,540,46140,0.906315058986815,1305.09368494101,0.8004158004158,384.199584199584,0.959375,921,13.1666666666667,36.0506329113924,18.1666666666667,51.7522935779817
"2025-08-16 10:00:00|Monitor52.txt|16",16,"2025-08-16 10:00:00|Monitor52.txt",2025-08-16T10:00:00Z,2025-08-22T11:59:00Z,"OK","M","DGRP707","21.5C","Winter","NA","08:12","M52","Batch4c_DGRP",0.826408980442078,1190.02893183659,0.859076709475876,412.356820548421,0.810069444444445,777.666666666667,0,7800,8100,0.873698820263706,1258.12630117974,0.968814968814969,465.031185031185,0.826041666666667,793,7920,480,41880,0.891741845940319,1284.10825815406,0.931392931392931,447.068607068607,0.871875,837,1020,360,39600,0.851492019430951,1226.14850798057,0.837837837837838,402.162162162162,0.858333333333333,824,2820,660,39360,0.811936155447606,1169.18806384455,0.798336798336798,383.201663201663,0.81875,786,2580,300,45720,0.72588480222068,1045.27411519778,0.748440748440749,359.251559251559,0.714583333333333,686,360,4920,69060,0.803608605135323,1157.19639139486,0.869022869022869,417.130977130977,0.770833333333333,740,14.1666666666667,31.2705882352941,19.5,50.2991452991453
"2025-08-16 10:00:00|Monitor52.txt|19",19,"2025-08-16 10:00:00|Monitor52.txt",2025-08-16T10:00:00Z,2025-08-22T11:59:00Z,"OK","M","DGRP707","21.5C","Winter","NA","08:12","M52","Batch4c_DGRP",0.756741117926166,1089.70720981368,0.968413745227352,464.838597709129,0.650868055555556,624.833333333333,0,3120,17100,0.793893129770992,1143.20610687023,0.970893970893971,466.029106029106,0.705208333333333,677,1140,6540,44940,0.777238029146426,1119.22276197085,0.987525987525988,474.012474012474,0.671875,645,1020,360,1860,0.674531575294934,971.325468424705,0.981288981288981,471.018711018711,0.520833333333333,500,6120,6000,42540,0.793199167244969,1142.20680083276,0.962577962577963,462.037422037422,0.708333333333333,680,480,5880,6420,0.781401804302568,1125.2185981957,0.987525987525988,474.012474012474,0.678125,651,2520,360,43440,0.721027064538515,1038.27897293546,0.920997920997921,442.079002079002,0.620833333333333,596,5.66666666666667,82.5294117647059,30.5,31.4535519125683
"2025-08-16 10:00:00|Monitor52.txt|27",27,"2025-08-16 10:00:00|Monitor52.txt",2025-08-16T10:00:00Z,2025-08-22T11:59:00Z,"OK","M","DGRP707","21.5C","Winter","NA","08:12","M52","Batch4c_DGRP",0.796667052424488,1147.20055549126,0.922249219021173,442.679625130163,0.733854166666667,704.5,600,900,6780,0.767522553782096,1105.23247744622,0.866943866943867,416.133056133056,0.717708333333333,689,420,4680,7200,0.812630117973629,1170.18736988203,0.948024948024948,455.051975051975,0.744791666666667,715,120,2520,15120,0.805690492713394,1160.19430950729,0.96049896049896,461.039501039501,0.728125,699,60,5580,8100,0.85912560721721,1237.14087439278,0.981288981288981,471.018711018711,0.797916666666667,766,5400,300,61920,0.750173490631506,1080.24982650937,0.933471933471933,448.066528066528,0.658333333333333,632,3480,1320,66120,0.783483691880639,1128.21651630812,0.837837837837838,402.162162162162,0.75625,726,12.6666666666667,35.8421052631579,44.1666666666667,21.6
"2025-08-16 10:00:00|Monitor52.txt|31",31,"2025-08-16 10:00:00|Monitor52.txt",2025-08-16T10:00:00Z,2025-08-22T11:59:00Z,"OK","M","DGRP707","21.5C","Winter","NA","08:12","M52","Batch4c_DGRP",0.684295799097327,985.385950700151,0.944116626171468,453.175980562305,0.554340277777778,532.166666666667,0,1860,1920,0.768910478834143,1107.23108952117,0.983367983367983,472.016632016632,0.661458333333333,635,720,17520,720,0.666897987508675,960.333102012491,0.962577962577963,462.037422037422,0.51875,498,2460,1020,3600,0.587092297015961,845.412907702984,0.908523908523908,436.091476091476,0.426041666666667,409,540,28800,540,0.686328938237335,988.313671061763,0.979209979209979,470.02079002079,0.539583333333333,518,300,8460,12180,0.726578764746704,1046.27342123525,0.970893970893971,466.029106029106,0.604166666666667,580,960,23580,960,0.668285912560722,962.331714087439,0.852390852390852,409.147609147609,0.576041666666667,553,4,127.166666666667,26.6666666666667,34.3875
"2025-08-16 10:00:00|Monitor53.txt|01",1,"2025-08-16 10:00:00|Monitor53.txt",2025-08-16T10:00:00Z,2025-08-22T11:59:00Z,"OK","M","DGRP380","21.5C","Winter","NA","08:12","M53","Batch4c_DGRP",0.50028931836593,720.416618446939,0.706004859423811,338.882332523429,0.397395833333333,381.5,0,360,11220,0.506592643997224,729.493407356003,0.748440748440749,359.251559251559,0.385416666666667,370,420,300,75360,0.498265093684941,717.501734906315,0.64033264033264,307.359667359667,0.427083333333333,410,6360,300,80280,0.443442054129077,638.556557945871,0.565488565488566,271.434511434512,0.382291666666667,367,3780,2220,62700,0.509368494101319,733.490631505899,0.708939708939709,340.29106029106,0.409375,393,660,1200,57660,0.501040943789035,721.498959056211,0.675675675675676,324.324324324324,0.413541666666667,397,600,1380,55140,0.544066620402498,783.455933379598,0.898128898128898,431.101871101871,0.366666666666667,352,17.8333333333333,25.8224299065421,23,41.7246376811594
"2025-08-16 10:00:00|Monitor53.txt|04",4,"2025-08-16 10:00:00|Monitor53.txt",2025-08-16T10:00:00Z,2025-08-22T11:59:00Z,"OK","M","DGRP380","21.5C","Winter","NA","08:12","M53","Batch4c_DGRP",0.624811943062146,899.72919800949,0.705310656022215,338.549114890663,0.584548611111111,561.166666666667,0,360,58200,0.573213046495489,825.426786953505,0.652806652806653,313.347193347193,0.533333333333333,512,3780,480,56940,0.616932685634976,888.383067314365,0.632016632016632,303.367983367983,0.609375,585,2580,360,49800,0.656488549618321,945.343511450382,0.746361746361746,358.253638253638,0.611458333333333,587,4620,780,61500,0.645385149201943,929.354614850798,0.767151767151767,368.232848232848,0.584375,561,840,300,60240,0.600277585010409,864.39972241499,0.663201663201663,318.336798336798,0.56875,546,1020,1500,56760,0.657876474670368,947.34212352533,0.773388773388773,371.226611226611,0.6,576,24.6666666666667,19.4189189189189,14.8333333333333,63.4044943820225
"2025-08-16 10:00:00|Monitor53.txt|05",5,"2025-08-16 10:00:00|Monitor53.txt",2025-08-16T10:00:00Z,2025-08-22T11:59:00Z,"OK","M","DGRP380","21.5C","Winter","NA","08:12","M53","Batch4c_DGRP",0.640782316861474,922.726536280523,0.709822978132593,340.715029503645,0.60625,582,0,360,49980,0.632893823733518,911.367106176267,0.708939708939709,340.29106029106,0.594791666666667,571,2700,480,67800,0.625260235947259,900.374739764053,0.696465696465697,334.303534303534,0.589583333333333,566,5880,300,62820,0.615544760582929,886.384455239417,0.56964656964657,273.430353430353,0.638541666666667,613,660,300,52920,0.647467036780014,932.35253296322,0.746361746361746,358.253638253638,0.597916666666667,574,840,300,73020,0.64677307425399,931.353226925746,0.785862785862786,377.214137214137,0.577083333333333,554,1860,300,9360,0.678001387925052,976.321998612075,0.754677754677755,362.245322245322,0.639583333333333,614,23,22.1159420289855,24.8333333333333,36.4026845637584
"2025-08-16 10:00:00|Monitor53.txt|06",6,"2025-08-16 10:00:00|Monitor53.txt",2025-08-16T10:00:00Z,2025-08-22T11:59:00Z,"OK","M","DGRP380","21.5C","Winter","NA","08:12","M53","Batch4c_DGRP",0.719014003008911,1035.38016433283,0.791044776119403,379.701492537313,0.682986111111111,655.666666666667,0,360,43440,0.764746703678001,1101.23525329632,0.831600831600832,399.168399168399,0.73125,702,840,2700,48360,0.759888965995836,1094.240111034,0.844074844074844,405.155925155925,0.717708333333333,689,7260,420,58500,0.779319916724497,1122.22068008328,0.869022869022869,417.130977130977,0.734375,705,360,300,47640,0.713393476752255,1027.28660652325,0.833679833679834,400.16632016632,0.653125,627,1440,1620,62160,0.693962526023595,999.306037473976,0.702702702702703,337.297297297297,0.689583333333333,662,1380,1200,75420,0.603747397640527,869.39625260236,0.667359667359667,320.33264033264,0.571875,549,30.6666666666667,15.9402173913043,21.3333333333333,42.7890625
"2025-08-16 10:00:00|Monitor53.txt|07",7,"2025-08-16 10:00:00|Monitor53.txt",2025-08-16T10:00:00Z,2025-08-22T11:59:00Z,"OK","M","DGRP380","21.5C","Winter","NA","08:12","M53","Batch4c_DGRP",0.664390695521352,956.722601550746,0.781673030197848,375.203054494967,0.605729166666667,581.5,0,300,66900,0.651630811936156,938.348369188064,0.738045738045738,354.261954261954,0.608333333333333,584,480,300,59040,0.655100624566273,943.344899375434,0.796257796257796,382.203742203742,0.584375,561,1140,960,59880,0.687716863289382,990.312283136711,0.837837837837838,402.162162162162,0.6125,588,660,540,48900,0.666204024982651,959.333795975017,0.79002079002079,379.209979209979,0.604166666666667,580,1680,1320,75600,0.679389312977099,978.320610687023,0.742203742203742,356.257796257796,0.647916666666667,622,1440,420,61080,0.64677307425399,931.353226925746,0.785862785862786,377.214137214137,0.577083333333333,554,24.1666666666667,18.9793103448276,24.3333333333333,39.2054794520548
"2025-08-16 10:00:00|Monitor53.txt|08",8,"2025-08-16 10:00:00|Monitor53.txt",2025-08-16T10:00:00Z,2025-08-22T11:59:00Z,"OK","M","DGRP380","21.5C","Winter","NA","08:12","M53","Batch4c_DGRP",0.799213054044671,1150.86679782433,0.873307879208608,419.187782020132,0.762152777777778,731.666666666667,0,300,9120,0.952116585704372,1371.0478834143,0.981288981288981,471.018711018711,0.9375,900,600,5700,68580,0.786259541984733,1132.21374045802,0.866943866943867,416.133056133056,0.745833333333333,716,1200,4440,44760,0.844552394170715,1216.15544760583,0.935550935550936,449.064449064449,0.798958333333333,767,300,4260,44700,0.770992366412214,1110.22900763359,0.887733887733888,426.112266112266,0.7125,684,120,540,68640,0.706453851492019,1017.29354614851,0.727650727650728,349.272349272349,0.695833333333333,668,420,780,62640,0.734212352532963,1057.26578764747,0.837837837837838,402.162162162162,0.682291666666667,655,18.1666666666667,25.6605504587156,19.1666666666667,49.4347826086957
"2025-08-16 10:00:00|Monitor53.txt|09",9,"2025-08-16 10:00:00|Monitor53.txt",2025-08-16T10:00:00Z,2025-08-22T11:59:00Z,"OK","M","DGRP380","21.5C","Winter","NA","08:12","M53","Batch4c_DGRP",0.821779886587201,1183.36303668557,0.933703575147518,448.177716070809,0.765798611111111,735.166666666667,0,540,1860,0.864677307425399,1245.13532269257,0.891891891891892,428.108108108108,0.851041666666667,817,600,660,61740,0.852185981956975,1227.14781401804,0.885654885654886,425.114345114345,0.835416666666667,802,840,5760,58140,0.825121443442054,1188.17487855656,0.925155925155925,444.074844074844,0.775,744,1500,6900,52440,0.834142956280361,1201.16585704372,0.958419958419958,460.04158004158,0.771875,741,4260,7560,11880,0.788341429562804,1135.21165857044,0.972972972972973,467.027027027027,0.695833333333333,668,1740,2520,59700,0.766134628730049,1103.23386537127,0.966735966735967,464.033264033264,0.665625,639,14.1666666666667,31.6705882352941,23.8333333333333,40.3496503496504
"2025-08-16 10:00:00|Monitor53.txt|10",10,"2025-08-16 10:00:00|Monitor53.txt",2025-08-16T10:00:00Z,2025-08-22T11:59:00Z,"OK","M","DGRP380","21.5C","Winter","NA","08:12","M53","Batch4c_DGRP",0.676889248929522,974.720518458512,0.852828878861507,409.357861853523,0.588888888888889,565.333333333333,0,300,56820,0.674531575294934,971.325468424705,0.846153846153846,406.153846153846,0.588541666666667,565,1500,960,65280,0.684247050659264,985.315752949341,0.752598752598753,361.247401247401,0.65,624,180,300,15420,0.695350451075642,1001.30464954892,0.877338877338877,421.122661122661,0.604166666666667,580,0,840,51780,0.700208188757807,1008.29979181124,0.910602910602911,437.089397089397,0.594791666666667,571,480,360,52980,0.676613462873005,974.323386537127,0.835758835758836,401.164241164241,0.596875,573,420,960,57900,0.630811936155448,908.369188063845,0.893970893970894,429.106029106029,0.498958333333333,479,18.6666666666667,25.1696428571429,18.5,51.1711711711712
"2025-08-16 10:00:00|Monitor53.txt|12",12,"2025-08-16 10:00:00|Monitor53.txt",2025-08-16T10:00:00Z,2025-08-22T11:59:00Z,"OK","M","DGRP380","21.5C","Winter","NA","08:12","M53","Batch4c_DGRP",0.710450179377387,1023.04825830344,0.83547379382159,401.027421034363,0.647916666666667,622,0,360,71820,0.662734212352533,954.337265787647,0.765072765072765,367.234927234927,0.611458333333333,587,2100,1320,53880,0.704371963913949,1014.29562803609,0.775467775467775,372.224532224532,0.66875,642,480,360,64140,0.722414989590562,1040.27758501041,0.823284823284823,395.176715176715,0.671875,645,1620,960,61080,0.711311589174185,1024.28868841083,0.871101871101871,418.128898128898,0.63125,606,480,960,52200,0.70853573907009,1020.29146426093,0.852390852390852,409.147609147609,0.636458333333333,611,900,300,50700,0.753643303261624,1085.24635669674,0.925155925155925,444.074844074844,0.667708333333333,641,21.8333333333333,21.1908396946565,25.6666666666667,36.8246753246753
"2025-08-16 10:00:00|Monitor53.txt|15",15,"2025-08-16 10:00:00|Monitor53.txt",2025-08-16T10:00:00Z,2025-08-22T11:59:00Z,"OK","M","DGRP380","21.5C","Winter","NA","08:12","M53","Batch4c_DGRP",0.683717162365467,984.552713806272,0.848663658451926,407.358556056925,0.601215277777778,577.166666666667,0,420,53520,0.720333102012491,1037.27966689799,0.804573804573805,386.195426195426,0.678125,651,1920,840,13440,0.723108952116586,1041.27689104788,0.819126819126819,393.180873180873,0.675,648,1260,300,62220,0.716863289382373,1032.28313671062,0.844074844074844,405.155925155925,0.653125,627,1560,2460,9060,0.675225537820958,972.324774462179,0.860706860706861,413.139293139293,0.582291666666667,559,1020,420,6060,0.653712699514226,941.346287300486,0.908523908523908,436.091476091476,0.526041666666667,505,720,300,6780,0.613462873004858,883.386537126995,0.854469854469854,410.14553014553,0.492708333333333,473,14,34.6666666666667,30.8333333333333,30.3027027027027
"2025-08-16 10:00:00|Monitor53.txt|16",16,"2025-08-16 10:00:00|Monitor53.txt",2025-08-16T10:00:00Z,2025-08-22T11:59:00Z,"OK","M","DGRP380","21.5C","Winter","NA","08:12","M53","Batch4c_DGRP",0.568221270686263,818.238629788219,0.645956265185699,310.059007289136,0.529340277777778,508.166666666667,0,420,62700,0.58501040943789,842.414989590562,0.765072765072765,367.234927234927,0.494791666666667,475,1860,900,67260,0.560721721027065,807.439278278973,0.615384615384615,295.384615384615,0.533333333333333,512,1200,360,72960,0.584316446911867,841.415683553088,0.706860706860707,339.293139293139,0.522916666666667,502,420,720,61200,0.539208882720333,776.46079111728,0.498960498960499,239.50103950104,0.559375,537,600,2580,56580,0.589174184594032,848.410825815406,0.671517671517672,322.328482328482,0.547916666666667,526,840,540,77280,0.551700208188758,794.448299791811,0.61954261954262,297.380457380457,0.517708333333333,497,30.3333333333333,16.1923076923077,20.6666666666667,44.6451612903226
"2025-08-16 10:00:00|Monitor53.txt|17",17,"2025-08-16 10:00:00|Monitor53.txt",2025-08-16T10:00:00Z,2025-08-22T11:59:00Z,"OK","M","DGRP380","21.5C","Winter","NA","08:12","M53","Batch4c_DGRP",0.653165142923273,940.557805809513,0.682401943769524,327.552933009372,0.638541666666667,613,0,360,47280,0.712699514226232,1026.28730048577,0.796257796257796,382.203742203742,0.670833333333333,644,120,1740,51900,0.714781401804303,1029.2852185982,0.835758835758836,401.164241164241,0.654166666666667,628,780,480,51420,0.639139486467731,920.360860513532,0.555093555093555,266.444906444906,0.68125,654,1500,300,74340,0.630811936155448,908.369188063845,0.638253638253638,306.361746361746,0.627083333333333,602,840,420,53760,0.650242886884108,936.349757113116,0.717255717255717,344.282744282744,0.616666666666667,592,3360,420,60960,0.571825121443442,823.428174878557,0.553014553014553,265.446985446986,0.58125,558,23.8333333333333,19.4685314685315,14.8333333333333,64.1910112359551
"2025-08-16 10:00:00|Monitor53.txt|18",18,"2025-08-16 10:00:00|Monitor53.txt",2025-08-16T10:00:00Z,2025-08-22T11:59:00Z,"OK","M","DGRP380","21.5C","Winter","NA","08:12","M53","Batch4c_DGRP",0.642055317671566,924.559657447055,0.763276640055536,366.372787226657,0.581423611111111,558.166666666667,0,360,54720,0.616932685634976,888.383067314365,0.769230769230769,369.230769230769,0.540625,519,2460,2760,63840,0.647467036780014,932.35253296322,0.762993762993763,366.237006237006,0.589583333333333,566,2400,4680,50700,0.660652324774462,951.339347675226,0.744282744282744,357.255717255717,0.61875,594,900,1140,52980,0.714087439278279,1028.28591256072,0.860706860706861,413.139293139293,0.640625,615,900,360,55620,0.596113809854268,858.403886190146,0.758835758835759,364.241164241164,0.514583333333333,494,420,660,50160,0.617626648160999,889.382373351839,0.683991683991684,328.316008316008,0.584375,561,18.6666666666667,24.8928571428571,12.1666666666667,78.8493150684931
"2025-08-16 10:00:00|Monitor53.txt|22",22,"2025-08-16 10:00:00|Monitor53.txt",2025-08-16T10:00:00Z,2025-08-22T11:59:00Z,"OK","M","DGRP380","21.5C","Winter","NA","08:12","M53","Batch4c_DGRP",0.684758708482815,986.052540215253,0.820548420687261,393.863241929886,0.616840277777778,592.166666666667,0,420,70140,0.732824427480916,1055.26717557252,0.871101871101871,418.128898128898,0.663541666666667,637,0,2400,60660,0.704371963913949,1014.29562803609,0.831600831600832,399.168399168399,0.640625,615,1200,480,66780,0.662040249826509,953.337959750174,0.783783783783784,376.216216216216,0.601041666666667,577,540,840,57000,0.674531575294934,971.325468424705,0.827442827442827,397.172557172557,0.597916666666667,574,1380,780,53160,0.656488549618321,945.343511450382,0.806652806652807,387.193347193347,0.58125,558,480,2280,50400,0.679389312977099,978.320610687023,0.804573804573805,386.195426195426,0.616666666666667,592,21,27.515873015873,16.3333333333333,51.265306122449
"2025-08-16 10:00:00|Monitor53.txt|23",23,"2025-08-16 10:00:00|Monitor53.txt",2025-08-16T10:00:00Z,2025-08-22T11:59:00Z,"OK","M","DGRP380","21.5C","Winter","NA","08:12","M53","Batch4c_DGRP",0.505612776299039,728.082397870617,0.640055536272128,307.226657410621,0.438368055555556,420.833333333333,0,300,81420,0.58292852185982,839.41707147814,0.767151767151767,368.232848232848,0.490625,471,2400,4080,74460,0.560027758501041,806.439972241499,0.742203742203742,356.257796257796,0.46875,450,540,2460,52140,0.608605135322693,876.391394864677,0.829521829521829,398.170478170478,0.497916666666667,478,900,360,55500,0.508674531575295,732.491325468425,0.615384615384615,295.384615384615,0.455208333333333,437,660,420,54360,0.39764052741152,572.602359472588,0.413721413721414,198.586278586279,0.389583333333333,374,420,360,11340,0.376821651630812,542.623178348369,0.474012474012474,227.525987525988,0.328125,315,22.5,28.8666666666667,29.5,25.9322033898305
"2025-08-16 10:00:00|Monitor53.txt|25",25,"2025-08-16 10:00:00|Monitor53.txt",2025-08-16T10:00:00Z,2025-08-22T11:59:00Z,"OK","M","DGRP380","21.5C","Winter","NA","08:12","M53","Batch4c_DGRP",0.65895151024187,948.890174748293,0.874696286011801,419.854217285665,0.551041666666667,529,0,300,15600,0.607217210270645,874.392782789729,0.796257796257796,382.203742203742,0.5125,492,780,1200,51720,0.657876474670368,947.34212352533,0.85031185031185,408.149688149688,0.561458333333333,539,360,1860,53400,0.642609299097849,925.357390700902,0.862785862785863,414.137214137214,0.532291666666667,511,180,3060,50280,0.719639139486468,1036.28036086051,0.866943866943867,416.133056133056,0.645833333333333,620,4860,23580,4860,0.684247050659264,985.315752949341,0.983367983367983,472.016632016632,0.534375,513,6600,5760,53760,0.642609299097849,925.357390700902,0.887733887733888,426.112266112266,0.519791666666667,499,14.6666666666667,34.0340909090909,27.8333333333333,32.9580838323353
"2025-08-16 10:00:00|Monitor53.txt|26",26,"2025-08-16 10:00:00|Monitor53.txt",2025-08-16T10:00:00Z,2025-08-22T11:59:00Z,"OK","M","DGRP380","21.5C","Winter","NA","08:12","M53","Batch4c_DGRP",0.536859159819465,773.07719014003,0.776813606386671,372.870531065602,0.416840277777778,400.166666666667,1560,300,68640,0.577376821651631,831.422623178349,0.806652806652807,387.193347193347,0.4625,444,1620,1860,79200,0.54059680777238,778.459403192228,0.837837837837838,402.162162162162,0.391666666666667,376,1560,3300,57960,0.569049271339348,819.430950728661,0.821205821205821,394.178794178794,0.442708333333333,425,2220,1800,66000,0.47675225537821,686.523247744622,0.731808731808732,351.268191268191,0.348958333333333,335,2820,3900,7920,0.535739070090215,771.46426092991,0.821205821205821,394.178794178794,0.392708333333333,377,3840,2040,68520,0.522553782095767,752.477446217904,0.642411642411642,308.357588357588,0.4625,444,11,42.6666666666667,16.3333333333333,59.1530612244898
"2025-08-16 10:00:00|Monitor53.txt|27",27,"2025-08-16 10:00:00|Monitor53.txt",2025-08-16T10:00:00Z,2025-08-22T11:59:00Z,"OK","M","DGRP380","21.5C","Winter","NA","08:12","M53","Batch4c_DGRP",0.529684064344405,762.745052655943,0.7709128774731,370.038181187088,0.409027777777778,392.666666666667,1200,2940,64080,0.634281748785566,913.365718251214,0.819126819126819,393.180873180873,0.541666666666667,520,1140,2520,13620,0.585704371963914,843.414295628036,0.814968814968815,391.185031185031,0.470833333333333,452,480,1800,57720,0.554476058292852,798.445523941707,0.735966735966736,353.264033264033,0.463541666666667,445,2580,420,16380,0.480222068008328,691.519777931992,0.794178794178794,381.205821205821,0.322916666666667,310,2580,360,16080,0.471200555170021,678.52879944483,0.756756756756757,363.243243243243,0.328125,315,2700,360,82020,0.452463566967384,651.547536433033,0.702702702702703,337.297297297297,0.327083333333333,314,21.1666666666667,24.6692913385827,16,56.5520833333333
"2025-08-16 10:00:00|Monitor53.txt|28",28,"2025-08-16 10:00:00|Monitor53.txt",2025-08-16T10:00:00Z,2025-08-22T11:59:00Z,"OK","M","DGRP380","21.5C","Winter","NA","08:12","M53","Batch4c_DGRP",0.660803147783821,951.556532808703,0.88337382853176,424.019437695245,0.549479166666667,527.5,0,1080,7980,0.684941013185288,986.315058986815,0.875259875259875,420.12474012474,0.589583333333333,566,1800,1560,14040,0.65440666204025,942.34559333796,0.844074844074844,405.155925155925,0.559375,537,120,960,6480,0.63705759888966,917.36294240111,0.908523908523908,436.091476091476,0.501041666666667,481,1740,1320,51360,0.638445523941707,919.361554476058,0.792099792099792,380.2079002079,0.561458333333333,539,720,1140,51720,0.651630811936156,938.348369188064,0.893970893970894,429.106029106029,0.530208333333333,509,5940,540,50220,0.698126301179736,1005.30187369882,0.983367983367983,472.016632016632,0.555208333333333,533,13.1666666666667,34.3670886075949,13.6666666666667,71.3414634146341
"2025-08-16 10:00:00|Monitor53.txt|30",30,"2025-08-16 10:00:00|Monitor53.txt",2025-08-16T10:00:00Z,2025-08-22T11:59:00Z,"OK","M","DGRP380","21.5C","Winter","NA","08:12","M53","Batch4c_DGRP",0.574354820043976,827.070940863326,0.720583130857341,345.879902811524,0.501215277777778,481.166666666667,0,480,68100,0.605135322692575,871.394864677307,0.738045738045738,354.261954261954,0.538541666666667,517,3240,600,65520,0.607911172796669,875.392088827203,0.750519750519751,360.24948024948,0.536458333333333,515,420,360,18720,0.566273421235253,815.433726578765,0.704781704781705,338.295218295218,0.496875,477,420,720,19740,0.557251908396947,802.442748091603,0.817047817047817,392.182952182952,0.427083333333333,410,5220,420,58020,0.553088133240805,796.446911866759,0.598752598752599,287.401247401247,0.530208333333333,509,5520,1920,18420,0.556557945870923,801.443442054129,0.713097713097713,342.286902286902,0.478125,459,13.6666666666667,32.8414634146342,18.3333333333333,52.8727272727273
"2025-08-16 10:00:00|Monitor53.txt|31",31,"2025-08-16 10:00:00|Monitor53.txt",2025-08-16T10:00:00Z,2025-08-22T11:59:00Z,"OK","M","DGRP380","21.5C","Winter","NA","08:12","M53","Batch4c_DGRP",0.582340006943641,838.569609998843,0.741062131204443,355.709822978133,0.502951388888889,482.833333333333,2100,2580,78300,0.615544760582929,886.384455239417,0.798336798336798,383.201663201663,0.523958333333333,503,1320,1620,9660,0.59264399722415,853.407356002776,0.775467775467775,372.224532224532,0.501041666666667,481,3420,420,53340,0.580846634281749,836.419153365718,0.723492723492724,347.276507276507,0.509375,489,4800,1620,63120,0.541290770298404,779.458709229702,0.704781704781705,338.295218295218,0.459375,441,4680,300,12960,0.575988896599584,829.4240111034,0.725571725571726,348.274428274428,0.501041666666667,481,2160,300,57000,0.588480222068008,847.411519777932,0.719334719334719,345.280665280665,0.522916666666667,502,22.6666666666667,23.0441176470588,23.8333333333333,37.3986013986014
"2025-08-16 10:00:00|Monitor53.txt|32",32,"2025-08-16 10:00:00|Monitor53.txt",2025-08-16T10:00:00Z,2025-08-22T11:59:00Z,"OK","M","DGRP380","21.5C","Winter","NA","08:12","M53","Batch4c_DGRP",0.640898044207846,922.893183659299,0.669906282540785,321.555015619577,0.626388888888889,601.333333333333,540,300,64200,0.632199861207495,910.367800138792,0.681912681912682,327.318087318087,0.607291666666667,583,900,600,76560,0.648160999306037,933.351839000694,0.661122661122661,317.338877338877,0.641666666666667,616,1560,840,53100,0.617626648160999,889.382373351839,0.613305613305613,294.386694386694,0.619791666666667,595,1560,420,66720,0.620402498265094,893.379597501735,0.67983367983368,326.320166320166,0.590625,567,600,4200,73320,0.662040249826509,953.337959750174,0.667359667359667,320.33264033264,0.659375,633,540,300,62220,0.666204024982651,959.333795975017,0.719334719334719,345.280665280665,0.639583333333333,614,26.1666666666667,19.203821656051,29.5,30.8135593220339
"2025-08-16 10:00:00|Monitor54.txt|01",1,"2025-08-16 10:00:00|Monitor54.txt",2025-08-16T10:00:00Z,2025-08-22T11:59:00Z,"OK","M","DGRP437","21.5C","Winter","NA","08:12","M54","Batch4c_DGRP",0.178220113412799,256.636963314431,0.160708087469629,77.1398819854217,0.186979166666667,179.5,0,360,60420,0.204024982650937,293.795975017349,0.301455301455301,144.698544698545,0.155208333333333,149,13560,420,49440,0.192921582234559,277.807078417765,0.0540540540540541,25.9459459459459,0.2625,252,720,300,1080,0.139486467730743,200.860513532269,0.1995841995842,95.8004158004158,0.109375,105,6060,1140,43860,0.153365718251214,220.846634281749,0.195426195426195,93.8045738045738,0.132291666666667,127,1140,360,46260,0.166551006245663,239.833448993754,0.164241164241164,78.8357588357588,0.167708333333333,161,480,1020,39180,0.21235253296322,305.787647467037,0.0478170478170478,22.952182952183,0.294791666666667,283,13.5,39.7037037037037,15.8333333333333,56.7894736842105
"2025-08-16 10:00:00|Monitor54.txt|04",4,"2025-08-16 10:00:00|Monitor54.txt",2025-08-16T10:00:00Z,2025-08-22T11:59:00Z,"OK","M","DGRP437","21.5C","Winter","NA","08:12","M54","Batch4c_DGRP",0.546117347529221,786.408980442079,0.325581395348837,156.279069767442,0.656423611111111,630.166666666667,0,360,61200,0.568355308813324,818.431644691187,0.301455301455301,144.698544698545,0.702083333333333,674,9240,600,42900,0.596113809854268,858.403886190146,0.316008316008316,151.683991683992,0.736458333333333,707,540,1500,52320,0.60999306037474,878.390006939625,0.224532224532225,107.775467775468,0.803125,771,780,2520,55380,0.46911866759195,675.530881332408,0.284823284823285,136.715176715177,0.561458333333333,539,5400,900,50580,0.532269257460097,766.46773074254,0.386694386694387,185.613305613306,0.605208333333333,581,900,3480,43920,0.500346981263012,720.499653018737,0.440748440748441,211.559251559252,0.530208333333333,509,22.3333333333333,23.9477611940299,14.5,61.5172413793103
"2025-08-16 10:00:00|Monitor54.txt|05",5,"2025-08-16 10:00:00|Monitor54.txt",2025-08-16T10:00:00Z,2025-08-22T11:59:00Z,"OK","M","DGRP437","21.5C","Winter","NA","08:12","M54","Batch4c_DGRP",0.59657447054739,859.067237588242,0.406803193335647,195.265532801111,0.691493055555556,663.833333333333,0,360,34620,0.648160999306037,933.351839000694,0.376299376299376,180.623700623701,0.784375,753,2160,1860,37260,0.680777238029147,980.319222761971,0.542619542619543,260.45738045738,0.75,720,2640,960,74760,0.566967383761277,816.433032616239,0.432432432432432,207.567567567568,0.634375,609,5760,900,60420,0.600971547536433,865.399028452464,0.326403326403326,156.673596673597,0.738541666666667,709,1680,300,41400,0.600971547536433,865.399028452464,0.451143451143451,216.548856548857,0.676041666666667,649,2100,1560,54300,0.482303955586398,694.517696044414,0.316008316008316,151.683991683992,0.565625,543,22.3333333333333,24.7611940298508,24.8333333333333,34.8993288590604
"2025-08-16 10:00:00|Monitor54.txt|06",6,"2025-08-16 10:00:00|Monitor54.txt",2025-08-16T10:00:00Z,2025-08-22T11:59:00Z,"OK","M","DGRP437","21.5C","Winter","NA","08:12","M54","Batch4c_DGRP",0.766115032982294,1103.2056474945,0.531759805623048,255.244706699063,0.883333333333333,848,0,360,71760,0.813324080499653,1171.1866759195,0.523908523908524,251.476091476092,0.958333333333333,920,660,1680,44040,0.816099930603748,1175.1839000694,0.482328482328482,231.517671517672,0.983333333333333,944,720,360,38220,0.734212352532963,1057.26578764747,0.523908523908524,251.476091476092,0.839583333333333,806,600,300,73620,0.744621790423317,1072.25537820958,0.501039501039501,240.498960498961,0.866666666666667,832,2280,1140,39600,0.693268563497571,998.306731436502,0.507276507276507,243.492723492724,0.786458333333333,755,600,1020,38700,0.795975017349063,1146.20402498265,0.656964656964657,315.343035343035,0.865625,831,28.1666666666667,16.5266272189349,12.1666666666667,78.2328767123288
"2025-08-16 10:00:00|Monitor54.txt|08",8,"2025-08-16 10:00:00|Monitor54.txt",2025-08-16T10:00:00Z,2025-08-22T11:59:00Z,"OK","M","DGRP437","21.5C","Winter","NA","08:12","M54","Batch4c_DGRP",0.712533271612082,1026.0479111214,0.413745227351614,198.597709128775,0.861979166666667,827.5,0,360,43260,0.699514226231784,1007.30048577377,0.592515592515593,284.407484407484,0.753125,723,720,1800,67560,0.620402498265094,893.379597501735,0.45945945945946,220.540540540541,0.701041666666667,673,720,480,37800,0.795975017349063,1146.20402498265,0.476091476091476,228.523908523909,0.95625,918,780,360,29820,0.774462179042332,1115.22553782096,0.424116424116424,203.575883575884,0.95,912,5760,300,30540,0.738376127689105,1063.26162387231,0.332640332640333,159.66735966736,0.941666666666667,904,1020,660,37740,0.64677307425399,931.353226925746,0.201663201663202,96.7983367983368,0.869791666666667,835,20.3333333333333,26.5,17.3333333333333,50.9230769230769
"2025-08-16 10:00:00|Monitor54.txt|09",9,"2025-08-16 10:00:00|Monitor54.txt",2025-08-16T10:00:00Z,2025-08-22T11:59:00Z,"OK","M","DGRP437","21.5C","Winter","NA","08:12","M54","Batch4c_DGRP",0.6018979284805,866.73301701192,0.384935786185352,184.769177368969,0.710416666666667,682,0,480,45120,0.653712699514226,941.346287300486,0.534303534303534,256.465696465697,0.713541666666667,685,3420,540,42480,0.691880638445524,996.308119361555,0.542619542619543,260.45738045738,0.766666666666667,736,1500,360,55140,0.628036086051353,904.371963913949,0.442827442827443,212.557172557173,0.720833333333333,692,600,1380,43980,0.566967383761277,816.433032616239,0.266112266112266,127.733887733888,0.717708333333333,689,360,4260,40200,0.528105482303956,760.471894517696,0.22037422037422,105.779625779626,0.682291666666667,655,420,1140,56460,0.542678695350451,781.45732130465,0.305613305613306,146.694386694387,0.661458333333333,635,20,30.7833333333333,8,101.1875
"2025-08-16 10:00:00|Monitor54.txt|11",11,"2025-08-16 10:00:00|Monitor54.txt",2025-08-16T10:00:00Z,2025-08-22T11:59:00Z,"OK","M","DGRP437","21.5C","Winter","NA","08:12","M54","Batch4c_DGRP",0.423909269760444,610.42934845504,0.13120444290177,62.9781325928497,0.5703125,547.5,5640,420,38280,0.535739070090215,771.46426092991,0.193347193347193,92.8066528066528,0.707291666666667,679,12780,300,38760,0.551700208188758,794.448299791811,0.108108108108108,51.8918918918919,0.773958333333333,743,420,780,35220,0.39764052741152,572.602359472588,0.0748440748440749,35.9251559251559,0.559375,537,6000,300,62940,0.352532963219986,507.64746703678,0.143451143451143,68.8565488565489,0.457291666666667,439,2820,420,39420,0.396946564885496,571.603053435115,0.0623700623700624,29.9376299376299,0.564583333333333,542,3240,300,69420,0.307425399028452,442.692574600972,0.203742203742204,97.7962577962578,0.359375,345,15.3333333333333,30.7391304347826,26,36.4038461538462
"2025-08-16 10:00:00|Monitor54.txt|13",13,"2025-08-16 10:00:00|Monitor54.txt",2025-08-16T10:00:00Z,2025-08-22T11:59:00Z,"OK","M","DGRP437","21.5C","Winter","NA","08:12","M54","Batch4c_DGRP",0.510820506885777,735.581529915519,0.345019090593544,165.609163484901,0.59375,570,3060,1500,71220,0.523247744621791,753.476752255378,0.557172557172557,267.442827442828,0.50625,486,3120,360,30480,0.630117973629424,907.369882026371,0.384615384615385,184.615384615385,0.753125,723,7860,600,30720,0.64677307425399,931.353226925746,0.284823284823285,136.715176715177,0.828125,795,6960,1200,56100,0.241498959056211,347.758501040944,0.193347193347193,92.8066528066528,0.265625,255,780,3720,34800,0.431644691186676,621.568355308813,0.261954261954262,125.738045738046,0.516666666666667,496,360,420,37260,0.590562109646079,850.409437890354,0.386694386694387,185.613305613306,0.692708333333333,665,22.5,20.2814814814815,17.8333333333333,54.0654205607477
"2025-08-16 10:00:00|Monitor54.txt|21",21,"2025-08-16 10:00:00|Monitor54.txt",2025-08-16T10:00:00Z,2025-08-22T11:59:00Z,"OK","M","DGRP437","21.5C","Winter","NA","08:12","M54","Batch4c_DGRP",0.459090383057517,661.090151602824,0.431100312391531,206.928149947935,0.473090277777778,454.166666666667,840,300,54420,0.482997918112422,695.517002081888,0.478170478170478,229.52182952183,0.485416666666667,466,240,360,38880,0.584316446911867,841.415683553088,0.490644490644491,235.509355509356,0.63125,606,8640,720,40740,0.489243580846634,704.510756419153,0.490644490644491,235.509355509356,0.488541666666667,469,600,4620,600,0.38029146426093,547.619708535739,0.330561330561331,158.669438669439,0.405208333333333,389,720,3240,43620,0.414295628036086,596.585704371964,0.382536382536383,183.617463617464,0.430208333333333,413,360,4860,44040,0.403192227619709,580.59680777238,0.413721413721414,198.586278586279,0.397916666666667,382,24,18.9166666666667,25.1666666666667,38.3112582781457
"2025-08-16 10:00:00|Monitor54.txt|24",24,"2025-08-16 10:00:00|Monitor54.txt",2025-08-16T10:00:00Z,2025-08-22T11:59:00Z,"OK","M","DGRP437","21.5C","Winter","NA","08:12","M54","Batch4c_DGRP",0.622844578173822,896.896192570304,0.631377993752169,303.061437001041,0.618576388888889,593.833333333333,0,360,65640,0.621790423317141,895.378209576683,0.567567567567568,272.432432432432,0.648958333333333,623,960,300,44580,0.598195697432339,861.401804302568,0.596673596673597,286.403326403326,0.598958333333333,575,180,300,48120,0.572519083969466,824.427480916031,0.632016632016632,303.367983367983,0.542708333333333,521,9720,1380,39540,0.543372657876475,782.456627342124,0.634095634095634,304.365904365904,0.497916666666667,478,5700,1740,80580,0.686328938237335,988.313671061763,0.702702702702703,337.297297297297,0.678125,651,7980,1440,36660,0.71616932685635,1031.28383067314,0.659043659043659,316.340956340956,0.744791666666667,715,21.5,21.8062015503876,20.6666666666667,46.2016129032258
"2025-08-16 10:00:00|Monitor54.txt|25",25,"2025-08-16 10:00:00|Monitor54.txt",2025-08-16T10:00:00Z,2025-08-22T11:59:00Z,"OK","M","DGRP437","21.5C","Winter","NA","08:12","M54","Batch4c_DGRP",0.651660687420438,938.39138988543,0.439430753210691,210.926761541132,0.7578125,727.5,0,420,38580,0.777238029146426,1119.22276197085,0.673596673596674,323.326403326403,0.829166666666667,796,2460,1200,39600,0.650242886884108,936.349757113116,0.515592515592516,247.484407484408,0.717708333333333,689,2700,600,40860,0.638445523941707,919.361554476058,0.388773388773389,186.611226611227,0.763541666666667,733,4140,600,36300,0.614156835530881,884.385843164469,0.272349272349272,130.727650727651,0.785416666666667,754,600,360,40020,0.593337959750174,854.40666204025,0.37006237006237,177.629937629938,0.705208333333333,677,720,840,42000,0.635669673837613,915.364330326162,0.415800415800416,199.5841995842,0.745833333333333,716,25,24.0266666666667,6.33333333333333,130.605263157895
"2025-08-16 10:00:00|Monitor54.txt|26",26,"2025-08-16 10:00:00|Monitor54.txt",2025-08-16T10:00:00Z,2025-08-22T11:59:00Z,"OK","M","DGRP437","21.5C","Winter","NA","08:12","M54","Batch4c_DGRP",0.634417312811017,913.560930447865,0.493925720236029,237.084345713294,0.7046875,676.5,0,420,42780,0.50381679389313,725.496183206107,0.187110187110187,89.8128898128898,0.6625,636,2940,360,75300,0.625954198473283,901.374045801527,0.446985446985447,214.553014553015,0.715625,687,180,600,57840,0.619014573213047,891.380985426787,0.586278586278586,281.413721413721,0.635416666666667,610,600,420,47940,0.701596113809854,1010.29840388619,0.677754677754678,325.322245322245,0.713541666666667,685,1320,480,41760,0.720333102012491,1037.27966689799,0.51975051975052,249.48024948025,0.820833333333333,788,1380,480,49140,0.635669673837613,915.364330326162,0.546777546777547,262.453222453222,0.680208333333333,653,27,19.2654320987654,31.3333333333333,28.5744680851064
"2025-08-16 10:00:00|Monitor54.txt|27",27,"2025-08-16 10:00:00|Monitor54.txt",2025-08-16T10:00:00Z,2025-08-22T11:59:00Z,"OK","M","DGRP437","21.5C","Winter","NA","08:12","M54","Batch4c_DGRP",0.466612660571693,671.922231223238,0.461298160360986,221.423116973273,0.469270833333333,450.5,2280,600,42780,0.545454545454545,785.454545454545,0.588357588357588,282.411642411642,0.523958333333333,503,1320,420,42300,0.493407356002776,710.506592643997,0.542619542619543,260.45738045738,0.46875,450,660,540,42600,0.344205412907703,495.655794587092,0.405405405405405,194.594594594595,0.313541666666667,301,360,2220,46920,0.405274115197779,583.594725884802,0.338877338877339,162.661122661123,0.438541666666667,421,3060,540,62760,0.487161693268564,701.512838306732,0.532224532224532,255.467775467776,0.464583333333333,446,420,420,43920,0.524635669673838,755.475364330326,0.361746361746362,173.638253638254,0.60625,582,25.8333333333333,21.8516129032258,25.3333333333333,33.8355263157895
"2025-08-16 10:00:00|Monitor54.txt|29",29,"2025-08-16 10:00:00|Monitor54.txt",2025-08-16T10:00:00Z,2025-08-22T11:59:00Z,"OK","M","DGRP437","21.5C","Winter","NA","08:12","M54","Batch4c_DGRP",0.828029163291286,1192.36199513945,0.842762929538355,404.52620617841,0.820659722222222,787.833333333333,0,540,74940,0.668979875086745,963.331020124913,0.721413721413721,346.278586278586,0.642708333333333,617,360,1320,60180,0.859819569743234,1238.14018043026,0.696465696465697,334.303534303534,0.941666666666667,904,540,660,69840,0.818875780707842,1179.18112421929,0.972972972972973,467.027027027027,0.741666666666667,712,360,2280,66360,0.781401804302568,1125.2185981957,0.848232848232848,407.151767151767,0.747916666666667,718,660,5160,51780,0.913254684247051,1315.08674531575,0.906444906444906,435.093555093555,0.916666666666667,880,11340,4140,31560,0.925052047189452,1332.07494795281,0.908523908523908,436.091476091476,0.933333333333333,896,20.1666666666667,21.6776859504132,18.5,52.6666666666667
"2025-08-16 10:00:00|Monitor54.txt|31",31,"2025-08-16 10:00:00|Monitor54.txt",2025-08-16T10:00:00Z,2025-08-22T11:59:00Z,"OK","M","DGRP437","21.5C","Winter","NA","08:12","M54","Batch4c_DGRP",0.683832889711839,984.719361185048,0.605345366192294,290.565775772301,0.723090277777778,694.166666666667,0,5700,29220,0.9382373351839,1351.06176266482,0.93970893970894,451.060291060291,0.9375,900,1500,660,47040,0.634975711311589,914.365024288688,0.611226611226611,293.388773388773,0.646875,621,900,1020,30600,0.659958362248439,950.340041637752,0.573804573804574,275.426195426195,0.703125,675,1080,360,51300,0.542678695350451,781.45732130465,0.563409563409563,270.43659043659,0.532291666666667,511,8160,2760,35100,0.702290076335878,1011.29770992366,0.536382536382536,257.463617463618,0.785416666666667,754,2580,360,76140,0.623872310895212,898.376127689105,0.405405405405405,194.594594594595,0.733333333333333,704,19.1666666666667,25.3739130434783,12,78.3472222222223
"2025-08-16 10:00:00|Monitor54.txt|32",32,"2025-08-16 10:00:00|Monitor54.txt",2025-08-16T10:00:00Z,2025-08-22T11:59:00Z,"OK","M","DGRP437","21.5C","Winter","NA","08:12","M54","Batch4c_DGRP",0.821548431894457,1183.02974192802,0.72301284276293,347.046164526206,0.870833333333333,836,0,21720,29040,0.939625260235947,1353.06037473976,0.827442827442827,397.172557172557,0.995833333333333,956,7920,4560,29220,0.878556557945871,1265.12144344205,0.652806652806653,313.347193347193,0.991666666666667,952,13200,300,26520,0.978487161693269,1409.02151283831,0.93970893970894,451.060291060291,0.997916666666667,958,6000,7920,29460,0.77029840388619,1109.22970159611,0.577962577962578,277.422037422037,0.866666666666667,832,1440,1500,42960,0.637751561415684,918.362248438584,0.561330561330561,269.43866943867,0.676041666666667,649,5760,780,43920,0.724496877168633,1043.27550312283,0.77962577962578,374.220374220374,0.696875,669,14.3333333333333,35.8488372093023,12.8333333333333,71.012987012987
"2025-08-16 10:00:00|Monitor6.txt|01",1,"2025-08-16 10:00:00|Monitor6.txt",2025-08-16T10:00:00Z,2025-08-22T11:59:00Z,"OK","M","DGRP639","21.5C","Winter","NA","08:12","M6","Batch4c_DGRP",0.810207151950006,1166.69829880801,0.76258243665394,366.039569593891,0.834027777777778,800.666666666667,0,780,35160,0.785565579458709,1131.21443442054,0.812889812889813,390.18711018711,0.771875,741,720,4080,39780,0.84177654406662,1212.15822345593,0.948024948024948,455.051975051975,0.788541666666667,757,5460,720,52320,0.781401804302568,1125.2185981957,0.785862785862786,377.214137214137,0.779166666666667,748,4620,600,31920,0.84177654406662,1212.15822345593,0.715176715176715,343.284823284823,0.905208333333333,869,4200,1920,37080,0.780013879250521,1123.21998612075,0.62993762993763,302.370062370062,0.855208333333333,821,540,3780,32520,0.831367106176267,1197.16863289382,0.686070686070686,329.313929313929,0.904166666666667,868,19.3333333333333,23.6465517241379,20.6666666666667,46.3629032258065
"2025-08-16 10:00:00|Monitor6.txt|07",7,"2025-08-16 10:00:00|Monitor6.txt",2025-08-16T10:00:00Z,2025-08-22T11:59:00Z,"OK","M","DGRP639","21.5C","Winter","NA","08:12","M6","Batch4c_DGRP",0.606411294989006,873.232264784168,0.814300590072891,390.864283234988,0.502430555555556,482.333333333333,360,1980,85260,0.667591950034698,961.332408049965,0.829521829521829,398.170478170478,0.586458333333333,563,20700,420,70080,0.651630811936156,938.348369188064,0.970893970893971,466.029106029106,0.491666666666667,472,420,2640,72540,0.473976405274115,682.526023594726,0.723492723492724,347.276507276507,0.348958333333333,335,300,2100,67620,0.560721721027065,807.439278278973,0.794178794178794,381.205821205821,0.44375,426,360,900,84240,0.599583622484386,863.400416377516,0.742203742203742,356.257796257796,0.528125,507,11580,2760,61860,0.684247050659264,985.315752949341,0.821205821205821,394.178794178794,0.615625,591,21.6666666666667,21.5307692307692,31.1666666666667,30.4545454545454
"2025-08-16 10:00:00|Monitor6.txt|08",8,"2025-08-16 10:00:00|Monitor6.txt",2025-08-16T10:00:00Z,2025-08-22T11:59:00Z,"OK","M","DGRP639","21.5C","Winter","NA","08:12","M6","Batch4c_DGRP",0.614049299849555,884.230991783359,0.608122179798681,291.898646303367,0.617013888888889,592.333333333333,0,360,68100,0.780707841776544,1124.21929215822,0.831600831600832,399.168399168399,0.755208333333333,725,360,2940,65160,0.721721027064539,1039.27827897294,0.891891891891892,428.108108108108,0.636458333333333,611,360,960,60720,0.650936849410132,937.34906315059,0.713097713097713,342.286902286902,0.619791666666667,595,3180,5220,60720,0.584316446911867,841.415683553088,0.588357588357588,282.411642411642,0.582291666666667,559,180,300,68580,0.417765440666204,601.582234559334,0.205821205821206,98.7941787941788,0.523958333333333,503,420,3660,60480,0.529493407356003,762.470506592644,0.41995841995842,201.580041580042,0.584375,561,19,27.9385964912281,25.8333333333333,34.2903225806452
"2025-08-16 10:00:00|Monitor6.txt|11",11,"2025-08-16 10:00:00|Monitor6.txt",2025-08-16T10:00:00Z,2025-08-22T11:59:00Z,"OK","M","DGRP639","21.5C","Winter","NA","08:12","M6","Batch4c_DGRP",0.602939474597847,868.232843420901,0.519611246095106,249.413398125651,0.644618055555556,618.833333333333,0,360,60600,0.718251214434421,1034.28174878557,0.696465696465697,334.303534303534,0.729166666666667,700,420,3900,53400,0.732824427480916,1055.26717557252,0.648648648648649,311.351351351351,0.775,744,540,720,40740,0.613462873004858,883.386537126995,0.486486486486487,233.513513513514,0.677083333333333,650,0,1260,55920,0.446911866759195,643.553088133241,0.403326403326403,193.596673596674,0.46875,450,2040,480,71640,0.497571131158917,716.502428868841,0.367983367983368,176.632016632017,0.5625,540,2520,300,46920,0.609299097848716,877.390700902151,0.517671517671518,248.482328482328,0.655208333333333,629,31.3333333333333,15.468085106383,22.5,41.6740740740741
"2025-08-16 10:00:00|Monitor6.txt|12",12,"2025-08-16 10:00:00|Monitor6.txt",2025-08-16T10:00:00Z,2025-08-22T11:59:00Z,"OK","M","DGRP639","21.5C","Winter","NA","08:12","M6","Batch4c_DGRP",0.745168383288971,1073.04247193612,0.768483165567511,368.871919472405,0.733506944444445,704.166666666667,0,300,40260,0.785565579458709,1131.21443442054,0.821205821205821,394.178794178794,0.767708333333333,737,720,360,37800,0.74323386537127,1070.25676613463,0.762993762993763,366.237006237006,0.733333333333333,704,1080,1860,64080,0.71616932685635,1031.28383067314,0.733887733887734,352.266112266112,0.707291666666667,679,480,660,36660,0.743927827897294,1071.2560721721,0.775467775467775,372.224532224532,0.728125,699,540,5520,85200,0.745315752949341,1073.25468424705,0.756756756756757,363.243243243243,0.739583333333333,710,12720,300,64620,0.736988202637058,1061.26301179736,0.760914760914761,365.239085239085,0.725,696,26.6666666666667,16.74375,35.8333333333333,26.1813953488372
"2025-08-16 10:00:00|Monitor6.txt|15",15,"2025-08-16 10:00:00|Monitor6.txt",2025-08-16T10:00:00Z,2025-08-22T11:59:00Z,"OK","M","DGRP639","21.5C","Winter","NA","08:12","M6","Batch4c_DGRP",0.889017474829302,1280.1851637542,0.933009371745922,447.844498438042,0.867013888888889,832.333333333333,0,420,49800,0.829979181124219,1195.17002081888,0.777546777546778,373.222453222453,0.85625,822,360,9360,37860,0.931297709923664,1341.06870229008,0.981288981288981,471.018711018711,0.90625,870,3060,14820,60120,0.902151283830673,1299.09784871617,0.979209979209979,470.02079002079,0.863541666666667,829,11880,2940,40620,0.913254684247051,1315.08674531575,0.979209979209979,470.02079002079,0.880208333333333,845,300,960,60960,0.906315058986815,1305.09368494101,0.952182952182952,457.047817047817,0.883333333333333,848,420,7140,50340,0.850104094378904,1224.14989590562,0.925155925155925,444.074844074844,0.8125,780,11.8333333333333,36.5633802816902,21.6666666666667,45.3538461538462
"2025-08-16 10:00:00|Monitor6.txt|17",17,"2025-08-16 10:00:00|Monitor6.txt",2025-08-16T10:00:00Z,2025-08-22T11:59:00Z,"OK","M","DGRP639","21.5C","Winter","NA","08:12","M6","Batch4c_DGRP",0.539983798171508,777.576669366971,0.709475876431795,340.548420687261,0.455208333333333,437,0,300,11700,0.712005551700208,1025.2879944483,0.852390852390852,409.147609147609,0.641666666666667,616,1020,14100,1020,0.489243580846634,704.510756419153,0.906444906444906,435.093555093555,0.280208333333333,269,480,420,41820,0.423317140874393,609.576682859126,0.567567567567568,272.432432432432,0.351041666666667,337,360,1020,62280,0.437890353920888,630.562109646079,0.588357588357588,282.411642411642,0.3625,348,360,960,36900,0.522553782095767,752.477446217904,0.642411642411642,308.357588357588,0.4625,444,3660,480,64380,0.653712699514226,941.346287300486,0.694386694386694,333.305613305613,0.633333333333333,608,24.6666666666667,18.6081081081081,28.8333333333333,33.3352601156069
"2025-08-16 10:00:00|Monitor6.txt|18",18,"2025-08-16 10:00:00|Monitor6.txt",2025-08-16T10:00:00Z,2025-08-22T11:59:00Z,"OK","M","DGRP639","21.5C","Winter","NA","08:12","M6","Batch4c_DGRP",0.475870848281449,685.254021525287,0.518569940992711,248.913571676501,0.454513888888889,436.333333333333,900,3000,56760,0.577376821651631,831.422623178349,0.750519750519751,360.24948024948,0.490625,471,660,360,64980,0.524635669673838,755.475364330326,0.72972972972973,350.27027027027,0.421875,405,0,300,61680,0.367800138792505,529.632199861208,0.251559251559252,120.748440748441,0.426041666666667,409,420,360,57660,0.375433726578765,540.624566273421,0.415800415800416,199.5841995842,0.355208333333333,341,600,360,2400,0.489937543372658,705.510062456627,0.62993762993763,302.370062370062,0.419791666666667,403,540,540,43620,0.519777931991673,748.480222068008,0.332640332640333,159.66735966736,0.613541666666667,589,23.5,26.1489361702128,21.1666666666667,38.0866141732283
"2025-08-16 10:00:00|Monitor6.txt|20",20,"2025-08-16 10:00:00|Monitor6.txt",2025-08-16T10:00:00Z,2025-08-22T11:59:00Z,"OK","M","DGRP639","21.5C","Winter","NA","08:12","M6","Batch4c_DGRP",0.681981252169888,982.053003124638,0.645609163484901,309.892398472753,0.700173611111111,672.166666666667,1260,2940,75720,0.55794587092297,803.442054129077,0.596673596673597,286.403326403326,0.538541666666667,517,3300,420,37260,0.632893823733518,911.367106176267,0.61954261954262,297.380457380457,0.639583333333333,614,1680,1380,63960,0.721721027064539,1039.27827897294,0.686070686070686,329.313929313929,0.739583333333333,710,180,1020,66420,0.723802914642609,1042.27619708536,0.665280665280665,319.334719334719,0.753125,723,1440,480,49620,0.669673837612769,964.330326162387,0.659043659043659,316.340956340956,0.675,648,2520,420,37380,0.785565579458709,1131.21443442054,0.646569646569647,310.35343035343,0.855208333333333,821,23,20.8550724637681,30.3333333333333,30.8736263736264
"2025-08-16 10:00:00|Monitor6.txt|27",27,"2025-08-16 10:00:00|Monitor6.txt",2025-08-16T10:00:00Z,2025-08-22T11:59:00Z,"OK","M","DGRP639","21.5C","Winter","NA","08:12","M6","Batch4c_DGRP",0.877329012845735,1263.35377849786,0.79590419993058,382.034015966678,0.918055555555556,881.333333333333,600,720,37860,0.907702984038862,1307.09229701596,0.864864864864865,415.135135135135,0.929166666666667,892,2820,660,37980,0.886190145732131,1276.11380985427,0.819126819126819,393.180873180873,0.919791666666667,883,720,480,32640,0.866065232477446,1247.13393476752,0.719334719334719,345.280665280665,0.939583333333333,902,1200,780,32100,0.84941013185288,1223.15058986815,0.814968814968815,391.185031185031,0.866666666666667,832,1500,600,32820,0.885496183206107,1275.11450381679,0.785862785862786,377.214137214137,0.935416666666667,898,2340,360,34140,0.869535045107564,1252.13046495489,0.773388773388773,371.226611226611,0.917708333333333,881,29.6666666666667,15.1910112359551,14.8333333333333,64.0561797752809
"2025-08-16 10:00:00|Monitor6.txt|28",28,"2025-08-16 10:00:00|Monitor6.txt",2025-08-16T10:00:00Z,2025-08-22T11:59:00Z,"OK","M","DGRP639","21.5C","Winter","NA","08:12","M6","Batch4c_DGRP",0.41951163059831,604.096748061567,0.625477264838598,300.229087122527,0.316493055555556,303.833333333333,420,7800,14460,0.599583622484386,863.400416377516,0.923076923076923,443.076923076923,0.4375,420,1260,600,40440,0.505898681471201,728.494101318529,0.686070686070686,329.313929313929,0.415625,399,420,300,68220,0.310201249132547,446.689798750867,0.496881496881497,238.503118503119,0.216666666666667,208,1200,1380,71580,0.278972935461485,401.721027064539,0.424116424116424,203.575883575884,0.20625,198,480,6480,480,0.35322692574601,508.646773074254,0.575883575883576,276.424116424116,0.241666666666667,232,2160,1620,14280,0.46911866759195,675.530881332408,0.644490644490645,309.355509355509,0.38125,366,24.1666666666667,20.6827586206897,41.3333333333333,22.2661290322581
"2025-08-16 10:00:00|Monitor6.txt|30",30,"2025-08-16 10:00:00|Monitor6.txt",2025-08-16T10:00:00Z,2025-08-22T11:59:00Z,"OK","M","DGRP639","21.5C","Winter","NA","08:12","M6","Batch4c_DGRP",0.592176831385256,852.734637194769,0.555709822978133,266.740715029504,0.610416666666667,586,780,480,60900,0.705065926439972,1015.29493407356,0.748440748440749,359.251559251559,0.683333333333333,656,780,300,60960,0.755725190839695,1088.24427480916,0.760914760914761,365.239085239085,0.753125,723,600,4800,61260,0.625260235947259,900.374739764053,0.661122661122661,317.338877338877,0.607291666666667,583,780,420,36000,0.429562803608605,618.570437196392,0.471933471933472,226.528066528067,0.408333333333333,392,360,300,79020,0.47675225537821,686.523247744622,0.43035343035343,206.569646569647,0.5,480,840,300,43560,0.560721721027065,807.439278278973,0.261954261954262,125.738045738046,0.710416666666667,682,28.3333333333333,16.8823529411765,47,19.6028368794326
"2025-08-16 10:00:00|Monitor6.txt|31",31,"2025-08-16 10:00:00|Monitor6.txt",2025-08-16T10:00:00Z,2025-08-22T11:59:00Z,"OK","M","DGRP639","21.5C","Winter","NA","08:12","M6","Batch4c_DGRP",0.647725957643791,932.725379007059,0.504338771259979,242.08261020479,0.719444444444445,690.666666666667,0,540,63240,0.764052741151978,1100.23594725885,0.706860706860707,339.293139293139,0.792708333333333,761,2040,360,36180,0.746009715475364,1074.25399028452,0.561330561330561,269.43866943867,0.838541666666667,805,3360,780,35820,0.732824427480916,1055.26717557252,0.590436590436591,283.409563409563,0.804166666666667,772,960,360,64680,0.447605829285219,644.552394170715,0.27027027027027,129.72972972973,0.536458333333333,515,2760,360,60420,0.589174184594032,848.410825815406,0.505197505197505,242.494802494803,0.63125,606,240,540,61320,0.606523247744622,873.393476752255,0.392931392931393,188.607068607069,0.713541666666667,685,32.3333333333333,15.020618556701,26.5,34.9182389937107
"2025-08-16 10:00:00|Monitor6.txt|32",32,"2025-08-16 10:00:00|Monitor6.txt",2025-08-16T10:00:00Z,2025-08-22T11:59:00Z,"OK","M","DGRP639","21.5C","Winter","NA","08:12","M6","Batch4c_DGRP",0.714153454461289,1028.38097442426,0.77299548767789,371.037834085387,0.684722222222222,657.333333333333,0,6960,42840,0.73351839000694,1056.26648160999,0.773388773388773,371.226611226611,0.713541666666667,685,2580,540,9000,0.682165163081194,982.317834836919,0.760914760914761,365.239085239085,0.642708333333333,617,360,9120,47100,0.679389312977099,978.320610687023,0.738045738045738,354.261954261954,0.65,624,480,420,63840,0.621790423317141,895.378209576683,0.731808731808732,351.268191268191,0.566666666666667,544,180,12660,37560,0.77793199167245,1120.22206800833,0.829521829521829,398.170478170478,0.752083333333333,722,12720,360,52860,0.789035392088827,1136.21096460791,0.8004158004158,384.199584199584,0.783333333333333,752,21.6666666666667,20.0307692307692,24.8333333333333,39.6241610738255
"2025-08-16 10:00:00|Monitor7.txt|01",1,"2025-08-16 10:00:00|Monitor7.txt",2025-08-16T10:00:00Z,2025-08-22T11:59:00Z,"OK","M","DGRP732","21.5C","Winter","NA","08:12","M7","Batch4c_DGRP",0.468348570767272,674.421941904872,0.546338077056578,262.242276987157,0.429340277777778,412.166666666667,0,360,47880,0.571131158917419,822.428868841083,0.642411642411642,308.357588357588,0.535416666666667,514,3120,1800,7740,0.442748091603053,637.557251908397,0.675675675675676,324.324324324324,0.326041666666667,313,3240,660,71400,0.337265787647467,485.662734212353,0.474012474012474,227.525987525988,0.26875,258,1020,360,66660,0.464260929909785,668.53573907009,0.426195426195426,204.573804573805,0.483333333333333,464,960,960,64320,0.494795281054823,712.505204718945,0.513513513513514,246.486486486487,0.485416666666667,466,1020,360,57540,0.499653018736988,719.500346981263,0.544698544698545,261.455301455301,0.477083333333333,458,24.5,22.734693877551,28,30.7440476190476
"2025-08-16 10:00:00|Monitor7.txt|02",2,"2025-08-16 10:00:00|Monitor7.txt",2025-08-16T10:00:00Z,2025-08-22T11:59:00Z,"OK","M","DGRP732","21.5C","Winter","NA","08:12","M7","Batch4c_DGRP",0.621687304710103,895.229718782549,0.542519958347796,260.409580006942,0.661284722222222,634.833333333333,0,1200,19920,0.801526717557252,1154.19847328244,0.869022869022869,417.130977130977,0.767708333333333,737,480,2760,37380,0.614850798056905,885.385149201943,0.596673596673597,286.403326403326,0.623958333333333,599,540,600,46500,0.50381679389313,725.496183206107,0.498960498960499,239.50103950104,0.50625,486,360,360,74160,0.650936849410132,937.34906315059,0.494802494802495,237.505197505198,0.729166666666667,700,540,480,37140,0.614156835530881,884.385843164469,0.367983367983368,176.632016632017,0.7375,708,1920,480,75960,0.546148507980569,786.453851492019,0.432432432432432,207.567567567568,0.603125,579,24.6666666666667,22.2027027027027,28,31.2202380952381
"2025-08-16 10:00:00|Monitor7.txt|03",3,"2025-08-16 10:00:00|Monitor7.txt",2025-08-16T10:00:00Z,2025-08-22T11:59:00Z,"OK","M","DGRP732","21.5C","Winter","NA","08:12","M7","Batch4c_DGRP",0.496007406550168,714.250665432242,0.604651162790698,290.232558139535,0.441666666666667,424,0,360,49560,0.655794587092297,944.344205412908,0.713097713097713,342.286902286902,0.627083333333333,602,1320,840,14220,0.616238723108952,887.383761276891,0.72972972972973,350.27027027027,0.559375,537,780,360,65340,0.350451075641915,504.649548924358,0.528066528066528,253.471933471934,0.261458333333333,251,780,300,57660,0.416377515614157,599.583622484386,0.559251559251559,268.440748440748,0.344791666666667,331,480,780,61680,0.478140180430257,688.52185981957,0.61954261954262,297.380457380457,0.407291666666667,391,420,1680,70680,0.458709229701596,660.541290770298,0.476091476091476,228.523908523909,0.45,432,31.8333333333333,15.0575916230366,27.3333333333333,34.3780487804878
"2025-08-16 10:00:00|Monitor7.txt|04",4,"2025-08-16 10:00:00|Monitor7.txt",2025-08-16T10:00:00Z,2025-08-22T11:59:00Z,"OK","M","DGRP732","21.5C","Winter","NA","08:12","M7","Batch4c_DGRP",0.510126142807545,734.581645642865,0.524817771607081,251.912530371399,0.502777777777778,482.666666666667,0,360,46200,0.633587786259542,912.36641221374,0.706860706860707,339.293139293139,0.596875,573,900,420,54780,0.535045107564192,770.464954892436,0.586278586278586,281.413721413721,0.509375,489,2160,300,58680,0.446911866759195,643.553088133241,0.451143451143451,216.548856548857,0.444791666666667,427,420,480,12720,0.440666204024983,634.559333795975,0.463617463617464,222.536382536383,0.429166666666667,412,660,360,56400,0.455239417071478,655.544760582929,0.426195426195426,204.573804573805,0.469791666666667,451,840,1620,7320,0.549618320610687,791.450381679389,0.515592515592516,247.484407484408,0.566666666666667,544,22.5,28.8222222222222,24.5,31.6258503401361
"2025-08-16 10:00:00|Monitor7.txt|05",5,"2025-08-16 10:00:00|Monitor7.txt",2025-08-16T10:00:00Z,2025-08-22T11:59:00Z,"OK","M","DGRP732","21.5C","Winter","NA","08:12","M7","Batch4c_DGRP",0.309802106237704,446.115032982294,0.395001735508504,189.600833044082,0.2671875,256.5,0,360,69300,0.514920194309507,741.485079805691,0.66943866943867,321.330561330561,0.4375,420,1860,600,57420,0.446217904233171,642.553782095767,0.582120582120582,279.417879417879,0.378125,363,3480,420,23580,0.187369882026371,269.812630117974,0.343035343035343,164.656964656965,0.109375,105,8340,840,74760,0.147120055517002,211.852879944483,0.170478170478171,81.8295218295218,0.135416666666667,130,720,360,63240,0.226231783483692,325.773768216516,0.307692307692308,147.692307692308,0.185416666666667,178,1680,480,70260,0.336571825121443,484.663428174879,0.295218295218295,141.704781704782,0.357291666666667,343,21.1666666666667,24.007874015748,15.6666666666667,58.936170212766
"2025-08-16 10:00:00|Monitor7.txt|06",6,"2025-08-16 10:00:00|Monitor7.txt",2025-08-16T10:00:00Z,2025-08-22T11:59:00Z,"OK","M","DGRP732","21.5C","Winter","NA","08:12","M7","Batch4c_DGRP",0.61080893415114,879.564865177641,0.683096147171121,327.886150642138,0.574652777777778,551.666666666667,0,540,45360,0.688410825815406,991.311589174185,0.771309771309771,370.22869022869,0.646875,621,2760,2220,52680,0.650936849410132,937.34906315059,0.74012474012474,355.259875259875,0.60625,582,900,600,57240,0.621790423317141,895.378209576683,0.74012474012474,355.259875259875,0.5625,540,840,720,49620,0.558639833448994,804.441360166551,0.61954261954262,297.380457380457,0.528125,507,420,2580,51540,0.561415683553088,808.438584316447,0.634095634095634,304.365904365904,0.525,504,420,300,6600,0.584316446911867,841.415683553088,0.594594594594595,285.405405405405,0.579166666666667,556,20.5,26.1219512195122,28.6666666666667,30.8546511627907
"2025-08-16 10:00:00|Monitor7.txt|07",7,"2025-08-16 10:00:00|Monitor7.txt",2025-08-16T10:00:00Z,2025-08-22T11:59:00Z,"OK","M","DGRP732","21.5C","Winter","NA","08:12","M7","Batch4c_DGRP",0.644948501330864,928.725841916445,0.569593891010066,273.405067684832,0.682638888888889,655.333333333333,6900,3660,37980,0.649548924358085,935.350451075642,0.538461538461538,258.461538461539,0.705208333333333,677,60,300,38700,0.719639139486468,1036.28036086051,0.661122661122661,317.338877338877,0.748958333333333,719,1320,1680,37140,0.687022900763359,989.312977099237,0.602910602910603,289.397089397089,0.729166666666667,700,540,360,40380,0.615544760582929,886.384455239417,0.515592515592516,247.484407484408,0.665625,639,540,2520,50760,0.563497571131159,811.436502428869,0.536382536382536,257.463617463618,0.577083333333333,554,900,900,37020,0.632893823733518,911.367106176267,0.559251559251559,268.440748440748,0.669791666666667,643,22.6666666666667,23.5882352941177,16,55.90625
"2025-08-16 10:00:00|Monitor7.txt|08",8,"2025-08-16 10:00:00|Monitor7.txt",2025-08-16T10:00:00Z,2025-08-22T11:59:00Z,"OK","M","DGRP732","21.5C","Winter","NA","08:12","M7","Batch4c_DGRP",0.546464529568337,786.908922578405,0.625130163137799,300.062478306144,0.507118055555556,486.833333333333,0,360,59100,0.678695350451076,977.321304649549,0.781704781704782,375.218295218295,0.627083333333333,602,1200,360,47820,0.554476058292852,798.445523941707,0.646569646569647,310.35343035343,0.508333333333333,488,1020,1800,60420,0.515614156835531,742.484385843165,0.594594594594595,285.405405405405,0.476041666666667,457,660,1680,61860,0.403192227619709,580.59680777238,0.490644490644491,235.509355509356,0.359375,345,420,5820,420,0.532269257460097,766.46773074254,0.607068607068607,291.392931392931,0.494791666666667,475,60,360,44760,0.595419847328244,857.404580152672,0.632016632016632,303.367983367983,0.577083333333333,554,25,22.0533333333333,32.6666666666667,26.6785714285714
"2025-08-16 10:00:00|Monitor7.txt|09",9,"2025-08-16 10:00:00|Monitor7.txt",2025-08-16T10:00:00Z,2025-08-22T11:59:00Z,"OK","M","DGRP732","21.5C","Winter","NA","08:12","M7","Batch4c_DGRP",0.539173706746904,776.410137715542,0.591808399861159,284.068031933356,0.512847222222222,492.333333333333,0,300,19140,0.600277585010409,864.39972241499,0.621621621621622,298.378378378378,0.589583333333333,566,300,300,49200,0.653712699514226,941.346287300486,0.723492723492724,347.276507276507,0.61875,594,1680,1620,44040,0.530187369882026,763.469812630118,0.623700623700624,299.376299376299,0.483333333333333,464,540,1200,68220,0.438584316446912,631.561415683553,0.45945945945946,220.540540540541,0.428125,411,0,420,1080,0.496877168632894,715.503122831367,0.559251559251559,268.440748440748,0.465625,447,720,4980,720,0.516308119361555,743.483691880639,0.565488565488566,271.434511434512,0.491666666666667,472,26.1666666666667,19.6369426751592,33.8333333333333,26.7635467980296
"2025-08-16 10:00:00|Monitor7.txt|10",10,"2025-08-16 10:00:00|Monitor7.txt",2025-08-16T10:00:00Z,2025-08-22T11:59:00Z,"OK","M","DGRP732","21.5C","Winter","NA","08:12","M7","Batch4c_DGRP",0.492535586159009,709.251244068974,0.730996181881291,350.87816730302,0.373263888888889,358.333333333333,0,360,10920,0.647467036780014,932.35253296322,0.817047817047817,392.182952182952,0.5625,540,360,2160,2580,0.516308119361555,743.483691880639,0.985446985446985,473.014553014553,0.28125,270,600,660,11280,0.402498265093685,579.597501734906,0.854469854469854,410.14553014553,0.176041666666667,169,540,960,62760,0.374045801526718,538.625954198473,0.478170478170478,229.52182952183,0.321875,309,2880,480,70020,0.488549618320611,703.511450381679,0.636174636174636,305.363825363825,0.414583333333333,398,360,900,57600,0.526023594725885,757.473976405274,0.611226611226611,293.388773388773,0.483333333333333,464,21.8333333333333,23.1297709923664,24.1666666666667,37.8137931034483
"2025-08-16 10:00:00|Monitor7.txt|11",11,"2025-08-16 10:00:00|Monitor7.txt",2025-08-16T10:00:00Z,2025-08-22T11:59:00Z,"OK","M","DGRP732","21.5C","Winter","NA","08:12","M7","Batch4c_DGRP",0.727230644601319,1047.2121282259,0.69385629989587,333.051023950017,0.743923611111111,714.166666666667,0,300,35940,0.815405968077724,1174.18459403192,0.841995841995842,404.158004158004,0.802083333333333,770,780,2760,37140,0.776544066620403,1118.22345593338,0.825363825363825,396.174636174636,0.752083333333333,722,480,480,40740,0.709923664122137,1022.29007633588,0.696465696465697,334.303534303534,0.716666666666667,688,480,4800,37320,0.739764052741152,1065.26023594726,0.661122661122661,317.338877338877,0.779166666666667,748,6900,540,42180,0.662734212352533,954.337265787647,0.586278586278586,281.413721413721,0.701041666666667,673,4200,480,41820,0.659958362248439,950.340041637752,0.555093555093555,266.444906444906,0.7125,684,20.5,22.4552845528455,9,107.240740740741
"2025-08-16 10:00:00|Monitor7.txt|14",14,"2025-08-16 10:00:00|Monitor7.txt",2025-08-16T10:00:00Z,2025-08-22T11:59:00Z,"OK","M","DGRP732","21.5C","Winter","NA","08:12","M7","Batch4c_DGRP",0.749913204490221,1079.87501446592,0.822631030892051,394.862894828185,0.713541666666667,685,0,660,64860,0.827897293546149,1192.17210270645,0.798336798336798,383.201663201663,0.842708333333333,809,1020,780,66300,0.73560027758501,1059.26439972241,0.77962577962578,374.220374220374,0.713541666666667,685,360,5460,44520,0.780013879250521,1123.21998612075,0.931392931392931,447.068607068607,0.704166666666667,676,1260,4980,64740,0.766134628730049,1103.23386537127,0.881496881496882,423.118503118503,0.708333333333333,680,0,540,66840,0.723108952116586,1041.27689104788,0.856548856548857,411.143451143451,0.65625,630,60,1920,54720,0.666204024982651,959.333795975017,0.686070686070686,329.313929313929,0.65625,630,19.5,23.6923076923077,33,28.7373737373737
"2025-08-16 10:00:00|Monitor7.txt|15",15,"2025-08-16 10:00:00|Monitor7.txt",2025-08-16T10:00:00Z,2025-08-22T11:59:00Z,"OK","M","DGRP732","21.5C","Winter","NA","08:12","M7","Batch4c_DGRP",0.545075801411874,784.909154033098,0.589725789656369,283.068379035057,0.522743055555556,501.833333333333,1800,420,60240,0.588480222068008,847.411519777932,0.565488565488566,271.434511434512,0.6,576,2580,1440,52080,0.537820957668286,774.462179042332,0.600831600831601,288.399168399168,0.50625,486,1440,1200,56640,0.517002081887578,744.482997918113,0.523908523908524,251.476091476092,0.513541666666667,493,1200,600,57600,0.54059680777238,778.459403192228,0.602910602910603,289.397089397089,0.509375,489,600,360,40320,0.521859819569743,751.47814018043,0.621621621621622,298.378378378378,0.471875,453,2100,600,41640,0.563497571131159,811.436502428869,0.61954261954262,297.380457380457,0.535416666666667,514,29.8333333333333,16.1005586592179,25.3333333333333,37.1052631578947
"2025-08-16 10:00:00|Monitor7.txt|16",16,"2025-08-16 10:00:00|Monitor7.txt",2025-08-16T10:00:00Z,2025-08-22T11:59:00Z,"OK","M","DGRP732","21.5C","Winter","NA","08:12","M7","Batch4c_DGRP",0.702349265131351,1011.38294178914,0.807705657757723,387.698715723707,0.649652777777778,623.666666666667,600,360,37200,0.792505204718945,1141.20749479528,0.862785862785863,414.137214137214,0.757291666666667,727,840,540,47400,0.784871616932686,1130.21512838307,0.906444906444906,435.093555093555,0.723958333333333,695,8520,2580,11280,0.703678001387925,1013.29632199861,0.918918918918919,441.081081081081,0.595833333333333,572,420,1680,57780,0.667591950034698,961.332408049965,0.806652806652807,387.193347193347,0.597916666666667,574,720,300,40320,0.640527411519778,922.35947258848,0.64033264033264,307.359667359667,0.640625,615,1320,480,44040,0.625260235947259,900.374739764053,0.711018711018711,341.288981288981,0.582291666666667,559,18,24.6851851851852,26.5,36.6603773584906
"2025-08-16 10:00:00|Monitor7.txt|17",17,"2025-08-16 10:00:00|Monitor7.txt",2025-08-16T10:00:00Z,2025-08-22T11:59:00Z,"OK","M","DGRP732","21.5C","Winter","NA","08:12","M7","Batch4c_DGRP",0.398217798865872,573.433630366856,0.519611246095106,249.413398125651,0.3375,324,0,480,3480,0.631505898681471,909.368494101319,0.798336798336798,383.201663201663,0.547916666666667,526,480,420,61260,0.508674531575295,732.491325468425,0.61954261954262,297.380457380457,0.453125,435,360,480,66240,0.364330326162387,524.635669673838,0.386694386694387,185.613305613306,0.353125,339,60,300,58680,0.394864677307425,568.605135322693,0.542619542619543,260.45738045738,0.320833333333333,308,600,360,62940,0.234559333795975,337.765440666204,0.392931392931393,188.607068607069,0.155208333333333,149,540,360,67380,0.253990284524636,365.746009715475,0.372141372141372,178.627858627859,0.194791666666667,187,23.1666666666667,30.6978417266187,20.6666666666667,34.3306451612903
"2025-08-16 10:00:00|Monitor7.txt|18",18,"2025-08-16 10:00:00|Monitor7.txt",2025-08-16T10:00:00Z,2025-08-22T11:59:00Z,"OK","M","DGRP732","21.5C","Winter","NA","08:12","M7","Batch4c_DGRP",0.64228677236431,924.892952204606,0.788962165914613,378.701839639014,0.568923611111111,546.166666666667,540,2100,39360,0.793199167244969,1142.20680083276,0.95010395010395,456.049896049896,0.714583333333333,686,1020,20820,1020,0.759195003469813,1093.24080499653,0.941787941787942,452.058212058212,0.667708333333333,641,420,2820,42840,0.628036086051353,904.371963913949,0.804573804573805,386.195426195426,0.539583333333333,518,960,420,42420,0.563497571131159,811.436502428869,0.654885654885655,314.345114345114,0.517708333333333,497,120,14880,120,0.530187369882026,763.469812630118,0.683991683991684,328.316008316008,0.453125,435,540,540,3300,0.579458709229702,834.42054129077,0.696465696465697,334.303534303534,0.520833333333333,500,16,32.8541666666667,24.3333333333333,36.9315068493151
"2025-08-16 10:00:00|Monitor7.txt|19",19,"2025-08-16 10:00:00|Monitor7.txt",2025-08-16T10:00:00Z,2025-08-22T11:59:00Z,"OK","M","DGRP732","21.5C","Winter","NA","08:12","M7","Batch4c_DGRP",0.621918759402847,895.5630135401,0.645262061784103,309.725789656369,0.610243055555556,585.833333333333,0,960,55620,0.877168632893824,1263.12283136711,0.727650727650728,349.272349272349,0.952083333333333,914,420,1680,59880,0.875780707841777,1261.12421929216,0.844074844074844,405.155925155925,0.891666666666667,856,600,300,47340,0.561415683553088,808.438584316447,0.544698544698545,261.455301455301,0.569791666666667,547,1560,840,65160,0.412213740458015,593.587786259542,0.488565488565489,234.511434511435,0.373958333333333,359,720,12480,720,0.505204718945177,727.494795281055,0.607068607068607,291.392931392931,0.454166666666667,436,780,4560,66000,0.499653018736988,719.500346981263,0.659043659043659,316.340956340956,0.419791666666667,403,15.8333333333333,35.9263157894737,17.6666666666667,48.311320754717
"2025-08-16 10:00:00|Monitor7.txt|20",20,"2025-08-16 10:00:00|Monitor7.txt",2025-08-16T10:00:00Z,2025-08-22T11:59:00Z,"OK","M","DGRP732","21.5C","Winter","NA","08:12","M7","Batch4c_DGRP",0.498669135516723,718.083555144081,0.403679278028462,193.766053453662,0.546180555555556,524.333333333333,0,420,45900,0.630811936155448,908.369188063845,0.247401247401247,118.752598752599,0.822916666666667,790,1860,300,61500,0.653712699514226,941.346287300486,0.615384615384615,295.384615384615,0.672916666666667,646,600,1860,78360,0.555170020818876,799.444829979181,0.550935550935551,264.449064449064,0.557291666666667,535,660,480,71100,0.586398334489938,844.41360166551,0.48024948024948,230.519750519751,0.639583333333333,614,3420,840,67920,0.311589174184594,448.688410825815,0.133056133056133,63.8669438669439,0.401041666666667,385,420,300,70020,0.253990284524636,365.746009715475,0.395010395010395,189.60498960499,0.183333333333333,176,18.8333333333333,30.1769911504425,24.1666666666667,35.1862068965517
"2025-08-16 10:00:00|Monitor7.txt|21",21,"2025-08-16 10:00:00|Monitor7.txt",2025-08-16T10:00:00Z,2025-08-22T11:59:00Z,"OK","M","DGRP732","21.5C","Winter","NA","08:12","M7","Batch4c_DGRP",0.570651544960074,821.738224742507,0.779590419993058,374.203401596668,0.466145833333333,447.5,540,1440,39720,0.744621790423317,1072.25537820958,0.808731808731809,388.191268191268,0.7125,684,720,420,11700,0.682165163081194,982.317834836919,0.931392931392931,447.068607068607,0.557291666666667,535,1200,360,21540,0.538514920194309,775.461485079806,0.785862785862786,377.214137214137,0.414583333333333,398,1320,420,18780,0.589868147120056,849.41013185288,0.846153846153846,406.153846153846,0.461458333333333,443,420,300,64440,0.435808466342818,627.564191533657,0.617463617463617,296.382536382536,0.344791666666667,331,960,420,62880,0.430950728660652,620.569049271339,0.67983367983368,326.320166320166,0.30625,294,19.5,23.6752136752137,14.6666666666667,65.6704545454546
"2025-08-16 10:00:00|Monitor7.txt|22",22,"2025-08-16 10:00:00|Monitor7.txt",2025-08-16T10:00:00Z,2025-08-22T11:59:00Z,"OK","M","DGRP732","21.5C","Winter","NA","08:12","M7","Batch4c_DGRP",0.520425876634649,749.413262353894,0.75216938562999,361.041305102395,0.404513888888889,388.333333333333,0,540,3000,0.536433032616239,772.463566967384,0.758835758835759,364.241164241164,0.425,408,360,1020,57720,0.58501040943789,842.414989590562,0.794178794178794,381.205821205821,0.480208333333333,461,480,1020,51840,0.433032616238723,623.566967383761,0.644490644490645,309.355509355509,0.327083333333333,314,600,360,6600,0.482997918112422,695.517002081888,0.733887733887734,352.266112266112,0.357291666666667,343,660,660,2400,0.532963219986121,767.467036780014,0.769230769230769,369.230769230769,0.414583333333333,398,360,16320,360,0.551006245662734,793.448993754337,0.806652806652807,387.193347193347,0.422916666666667,406,18.5,34.2072072072072,19,41.1666666666667
"2025-08-16 10:00:00|Monitor7.txt|23",23,"2025-08-16 10:00:00|Monitor7.txt",2025-08-16T10:00:00Z,2025-08-22T11:59:00Z,"OK","M","DGRP732","21.5C","Winter","NA","08:12","M7","Batch4c_DGRP",0.587894919569494,846.568684180072,0.768136063866713,368.705310656022,0.497743055555556,477.833333333333,0,4140,41220,0.6911866759195,995.30881332408,0.735966735966736,353.264033264033,0.66875,642,900,10680,900,0.605135322692575,871.394864677307,0.831600831600832,399.168399168399,0.491666666666667,472,780,660,1500,0.503122831367106,724.496877168633,0.74012474012474,355.259875259875,0.384375,369,840,3360,61500,0.551006245662734,793.448993754337,0.781704781704782,375.218295218295,0.435416666666667,418,2640,2820,57420,0.566967383761277,816.433032616239,0.85031185031185,408.149688149688,0.425,408,120,540,50100,0.610687022900763,879.389312977099,0.66943866943867,321.330561330561,0.58125,558,18.3333333333333,25.3545454545455,17.5,54.8190476190476
"2025-08-16 10:00:00|Monitor7.txt|26",26,"2025-08-16 10:00:00|Monitor7.txt",2025-08-16T10:00:00Z,2025-08-22T11:59:00Z,"OK","M","DGRP732","21.5C","Winter","NA","08:12","M7","Batch4c_DGRP",0.534660340238398,769.910889943294,0.824713641096841,395.862547726484,0.389583333333333,374,360,360,53280,0.641221374045801,923.358778625954,0.804573804573805,386.195426195426,0.559375,537,480,1200,2400,0.639139486467731,920.360860513532,0.977130977130977,469.022869022869,0.469791666666667,451,540,15300,540,0.560721721027065,807.439278278973,0.83991683991684,403.160083160083,0.420833333333333,404,240,24240,240,0.541290770298404,779.458709229702,0.875259875259875,420.12474012474,0.373958333333333,359,540,9540,540,0.448299791811242,645.551700208189,0.79002079002079,379.209979209979,0.277083333333333,266,360,3000,16500,0.375433726578765,540.624566273421,0.652806652806653,313.347193347193,0.236458333333333,227,8.5,65.921568627451,14.3333333333333,60.906976744186
"2025-08-16 10:00:00|Monitor7.txt|27",27,"2025-08-16 10:00:00|Monitor7.txt",2025-08-16T10:00:00Z,2025-08-22T11:59:00Z,"OK","M","DGRP732","21.5C","Winter","NA","08:12","M7","Batch4c_DGRP",0.609420205994677,877.565096632334,0.776119402985075,372.537313432836,0.526041666666667,505,1680,600,68820,0.653018736988203,940.346981263012,0.692307692307692,332.307692307692,0.633333333333333,608,420,420,7800,0.634281748785566,913.365718251214,0.711018711018711,341.288981288981,0.595833333333333,572,600,300,72180,0.600971547536433,865.399028452464,0.821205821205821,394.178794178794,0.490625,471,480,960,2940,0.58501040943789,842.414989590562,0.817047817047817,392.182952182952,0.46875,450,900,540,15960,0.568355308813324,818.431644691187,0.817047817047817,392.182952182952,0.44375,426,720,420,19200,0.614850798056905,885.385149201943,0.796257796257796,382.203742203742,0.523958333333333,503,23.3333333333333,20.3714285714286,36.8333333333333,25.4162895927602
"2025-08-16 10:00:00|Monitor7.txt|28",28,"2025-08-16 10:00:00|Monitor7.txt",2025-08-16T10:00:00Z,2025-08-22T11:59:00Z,"OK","M","DGRP732","21.5C","Winter","NA","08:12","M7","Batch4c_DGRP",0.598194653396598,861.400300891101,0.894481082957307,429.350919819507,0.45,432,0,360,9420,0.657876474670368,947.34212352533,0.806652806652807,387.193347193347,0.583333333333333,560,480,360,12780,0.571825121443442,823.428174878557,0.831600831600832,399.168399168399,0.441666666666667,424,420,840,82080,0.57529493407356,828.424705065926,0.871101871101871,418.128898128898,0.427083333333333,410,21960,5880,21960,0.568355308813324,818.431644691187,0.958419958419958,460.04158004158,0.372916666666667,358,720,780,86160,0.606523247744622,873.393476752255,0.898128898128898,431.101871101871,0.460416666666667,442,33900,360,57780,0.609299097848716,877.390700902151,0.997920997920998,479.002079002079,0.414583333333333,398,12.5,30.5066666666667,31.1666666666667,33.2513368983957
"2025-08-16 10:00:00|Monitor7.txt|29",29,"2025-08-16 10:00:00|Monitor7.txt",2025-08-16T10:00:00Z,2025-08-22T11:59:00Z,"OK","M","DGRP732","21.5C","Winter","NA","08:12","M7","Batch4c_DGRP",0.534081703506539,769.077653049416,0.770565775772301,369.871572370705,0.415798611111111,399.166666666667,660,2100,58260,0.65440666204025,942.34559333796,0.810810810810811,389.189189189189,0.576041666666667,553,480,21420,480,0.630811936155448,908.369188063845,0.966735966735967,464.033264033264,0.4625,444,420,1500,5220,0.531575294934074,765.468424705066,0.773388773388773,371.226611226611,0.410416666666667,394,960,480,5940,0.450381679389313,648.549618320611,0.681912681912682,327.318087318087,0.334375,321,2040,900,10500,0.426786953504511,614.573213046495,0.621621621621622,298.378378378378,0.329166666666667,316,840,1140,53880,0.510756419153366,735.489243580847,0.767151767151767,368.232848232848,0.382291666666667,367,17.3333333333333,28.5192307692308,34.5,26.9033816425121
"2025-08-16 10:00:00|Monitor7.txt|30",30,"2025-08-16 10:00:00|Monitor7.txt",2025-08-16T10:00:00Z,2025-08-22T11:59:00Z,"OK","M","DGRP732","21.5C","Winter","NA","08:12","M7","Batch4c_DGRP",0.474945029510473,683.920842495082,0.678930926761541,325.88684484554,0.372916666666667,358,2340,2580,46200,0.557251908396947,802.442748091603,0.634095634095634,304.365904365904,0.51875,498,720,300,2160,0.453157529493407,652.546842470507,0.715176715176715,343.284823284823,0.321875,309,420,360,65820,0.455239417071478,655.544760582929,0.702702702702703,337.297297297297,0.33125,318,600,300,67800,0.439972241498959,633.560027758501,0.64033264033264,307.359667359667,0.339583333333333,326,600,600,12660,0.458015267175573,659.541984732825,0.677754677754678,325.322245322245,0.347916666666667,334,120,6960,120,0.485773768216516,699.514226231784,0.700623700623701,336.299376299376,0.378125,363,23.1666666666667,23.158273381295,31.6666666666667,27.921052631579
"2025-08-16 10:00:00|Monitor7.txt|31",31,"2025-08-16 10:00:00|Monitor7.txt",2025-08-16T10:00:00Z,2025-08-22T11:59:00Z,"OK","M","DGRP732","21.5C","Winter","NA","08:12","M7","Batch4c_DGRP",0.661497511862053,952.556417081356,0.895175286358903,429.684137452274,0.544618055555556,522.833333333333,480,2160,11640,0.62734212352533,903.372657876475,0.854469854469854,410.14553014553,0.513541666666667,493,5160,24060,5160,0.650936849410132,937.34906315059,0.981288981288981,471.018711018711,0.485416666666667,466,360,1320,6660,0.723108952116586,1041.27689104788,0.966735966735967,464.033264033264,0.601041666666667,577,480,300,63060,0.682165163081194,982.317834836919,0.931392931392931,447.068607068607,0.557291666666667,535,720,600,65880,0.683553088133241,984.316446911867,0.846153846153846,406.153846153846,0.602083333333333,578,540,900,67080,0.600277585010409,864.39972241499,0.783783783783784,376.216216216216,0.508333333333333,488,11.6666666666667,47.1,17.3333333333333,50.3557692307692
"2025-08-16 10:00:00|Monitor7.txt|32",32,"2025-08-16 10:00:00|Monitor7.txt",2025-08-16T10:00:00Z,2025-08-22T11:59:00Z,"OK","M","DGRP732","21.5C","Winter","NA","08:12","M7","Batch4c_DGRP",0.388380974424257,559.268603170929,0.502256161055189,241.082957306491,0.331423611111111,318.166666666667,1200,6000,48000,0.599583622484386,863.400416377516,0.77962577962578,374.220374220374,0.509375,489,900,300,5220,0.474670367800139,683.5253296322,0.873180873180873,419.126819126819,0.275,264,1620,300,76920,0.302567661346287,435.697432338654,0.334719334719335,160.665280665281,0.286458333333333,275,2100,300,7020,0.304649548924358,438.695350451076,0.407484407484407,195.592515592516,0.253125,243,960,300,7320,0.389312977099237,560.610687022901,0.399168399168399,191.600831600832,0.384375,369,1800,420,61320,0.258848022206801,372.741151977793,0.216216216216216,103.783783783784,0.280208333333333,269,18.8333333333333,38.3274336283186,28.3333333333333,24.7529411764706
"2025-08-16 10:00:00|Monitor8.txt|01",1,"2025-08-16 10:00:00|Monitor8.txt",2025-08-16T10:00:00Z,2025-08-22T11:59:00Z,"OK","M","DGRP374","21.5C","Winter","NA","08:12","M8","Batch4c_DGRP",0.66010878370559,950.556648536049,0.533495314127039,256.077750780979,0.7234375,694.5,2820,1440,38640,0.678695350451076,977.321304649549,0.532224532224532,255.467775467776,0.752083333333333,722,840,780,36180,0.655100624566273,943.344899375434,0.548856548856549,263.451143451143,0.708333333333333,680,5340,300,35700,0.533657182512144,768.466342817488,0.390852390852391,187.609147609148,0.605208333333333,581,780,420,59700,0.693962526023595,999.306037473976,0.644490644490645,309.355509355509,0.71875,690,960,360,58140,0.740458015267176,1066.25954198473,0.623700623700624,299.376299376299,0.798958333333333,767,3300,420,33840,0.656488549618321,945.343511450382,0.455301455301455,218.544698544699,0.757291666666667,727,35.1666666666667,13.3412322274882,34,27.5686274509804
"2025-08-16 10:00:00|Monitor8.txt|02",2,"2025-08-16 10:00:00|Monitor8.txt",2025-08-16T10:00:00Z,2025-08-22T11:59:00Z,"OK","M","DGRP374","21.5C","Winter","NA","08:12","M8","Batch4c_DGRP",0.66369633144312,955.722717278093,0.504685872960778,242.249219021173,0.743229166666667,713.5,0,480,36180,0.758501040943789,1092.24149895906,0.609147609147609,292.390852390852,0.833333333333333,800,0,360,43440,0.694656488549618,1000.30534351145,0.521829521829522,250.47817047817,0.78125,750,3180,720,35160,0.626648160999306,902.373351839001,0.492723492723493,236.507276507277,0.69375,666,3240,360,35220,0.59264399722415,853.407356002776,0.53014553014553,254.469854469854,0.623958333333333,599,4500,360,32460,0.623872310895212,898.376127689105,0.41995841995842,201.580041580042,0.726041666666667,697,1680,420,33900,0.685634975711312,987.314365024289,0.455301455301455,218.544698544699,0.801041666666667,769,27.1666666666667,17.7116564417178,33.6666666666667,27.4059405940594
"2025-08-16 10:00:00|Monitor8.txt|03",3,"2025-08-16 10:00:00|Monitor8.txt",2025-08-16T10:00:00Z,2025-08-22T11:59:00Z,"OK","M","DGRP374","21.5C","Winter","NA","08:12","M8","Batch4c_DGRP",0.524707788450411,755.579215368592,0.255119750086775,122.457480041652,0.659548611111111,633.166666666667,5280,300,71160,0.577376821651631,831.422623178349,0.367983367983368,176.632016632017,0.682291666666667,655,4080,300,57780,0.488549618320611,703.511450381679,0.155925155925156,74.8440748440749,0.655208333333333,629,5340,300,69300,0.51353226925746,739.486467730743,0.22037422037422,105.779625779626,0.660416666666667,634,5820,660,56580,0.509368494101319,733.490631505899,0.338877338877339,162.661122661123,0.594791666666667,571,4800,300,50040,0.546842470506593,787.453157529494,0.216216216216216,103.783783783784,0.7125,684,180,300,38820,0.510756419153366,735.489243580847,0.228690228690229,109.77130977131,0.652083333333333,626,27.3333333333333,17.5670731707317,42.1666666666667,22.0909090909091
"2025-08-16 10:00:00|Monitor8.txt|07",7,"2025-08-16 10:00:00|Monitor8.txt",2025-08-16T10:00:00Z,2025-08-22T11:59:00Z,"OK","M","DGRP374","21.5C","Winter","NA","08:12","M8","Batch4c_DGRP",0.883925471588936,1272.85267908807,0.855952794168691,410.857341200972,0.897916666666667,862,1620,1260,66600,0.900069396252602,1296.09993060375,0.891891891891892,428.108108108108,0.904166666666667,868,60,420,66780,0.959750173490631,1382.04024982651,0.933471933471933,448.066528066528,0.972916666666667,934,840,1680,56520,0.916030534351145,1319.08396946565,0.914760914760915,439.085239085239,0.916666666666667,880,540,300,54720,0.879250520471895,1266.12074947953,0.923076923076923,443.076923076923,0.857291666666667,823,0,420,3780,0.844552394170715,1216.15544760583,0.771309771309771,370.22869022869,0.88125,846,1140,300,15540,0.802220680083276,1155.19777931992,0.696465696465697,334.303534303534,0.855208333333333,821,15.6666666666667,31.031914893617,21.6666666666667,42.3923076923077
"2025-08-16 10:00:00|Monitor8.txt|08",8,"2025-08-16 10:00:00|Monitor8.txt",2025-08-16T10:00:00Z,2025-08-22T11:59:00Z,"OK","M","DGRP374","21.5C","Winter","NA","08:12","M8","Batch4c_DGRP",0.604559657447055,870.565906723759,0.348490107601527,167.275251648733,0.732638888888889,703.333333333333,0,300,51240,0.69882026370576,1006.30117973629,0.523908523908524,251.476091476092,0.786458333333333,755,0,420,34140,0.639833448993754,921.360166551006,0.505197505197505,242.494802494803,0.707291666666667,679,660,300,39660,0.524635669673838,755.475364330326,0.20997920997921,100.790020790021,0.682291666666667,655,420,300,31860,0.624566273421235,899.375433726579,0.334719334719335,160.665280665281,0.769791666666667,739,480,360,39840,0.551700208188758,794.448299791811,0.205821205821206,98.7941787941788,0.725,696,2040,3660,58980,0.587786259541985,846.412213740458,0.313929313929314,150.686070686071,0.725,696,20,25.0416666666667,34.3333333333333,26.4854368932039
"2025-08-16 10:00:00|Monitor8.txt|10",10,"2025-08-16 10:00:00|Monitor8.txt",2025-08-16T10:00:00Z,2025-08-22T11:59:00Z,"OK","M","DGRP374","21.5C","Winter","NA","08:12","M8","Batch4c_DGRP",0.800717509547506,1153.03321374841,0.663658451926415,318.556056924679,0.869270833333333,834.5,0,420,62040,0.752255378209577,1083.24774462179,0.636174636174636,305.363825363825,0.810416666666667,778,1320,480,54240,0.83969465648855,1209.16030534351,0.642411642411642,308.357588357588,0.938541666666667,901,60,300,49500,0.841082581540597,1211.15891741846,0.700623700623701,336.299376299376,0.911458333333333,875,840,480,34260,0.714087439278279,1028.28591256072,0.634095634095634,304.365904365904,0.754166666666667,724,1440,300,37800,0.816793893129771,1176.18320610687,0.765072765072765,367.234927234927,0.842708333333333,809,4860,360,47100,0.839000693962526,1208.16099930604,0.600831600831601,288.399168399168,0.958333333333333,920,23.1666666666667,19.5755395683453,32,29.515625
"2025-08-16 10:00:00|Monitor8.txt|11",11,"2025-08-16 10:00:00|Monitor8.txt",2025-08-16T10:00:00Z,2025-08-22T11:59:00Z,"OK","M","DGRP374","21.5C","Winter","NA","08:12","M8","Batch4c_DGRP",0.519731512556417,748.413378081241,0.384241582783756,184.435959736203,0.5875,564,300,300,47160,0.718251214434421,1034.28174878557,0.652806652806653,313.347193347193,0.751041666666667,721,240,300,51600,0.567661346287301,817.432338653713,0.498960498960499,239.50103950104,0.602083333333333,578,420,300,62640,0.367800138792505,529.632199861208,0.245322245322245,117.754677754678,0.429166666666667,412,11160,360,36120,0.431644691186676,621.568355308813,0.24948024948025,119.75051975052,0.522916666666667,502,7560,420,71520,0.515614156835531,742.484385843165,0.313929313929314,150.686070686071,0.616666666666667,592,5460,420,55020,0.516308119361555,743.483691880639,0.343035343035343,164.656964656965,0.603125,579,32.5,14.3538461538462,51,18.202614379085
"2025-08-16 10:00:00|Monitor8.txt|12",12,"2025-08-16 10:00:00|Monitor8.txt",2025-08-16T10:00:00Z,2025-08-22T11:59:00Z,"OK","M","DGRP374","21.5C","Winter","NA","08:12","M8","Batch4c_DGRP",0.686610346024766,988.718898275663,0.513710517181534,246.581048247136,0.773090277777778,742.166666666667,0,300,73920,0.668979875086745,963.331020124913,0.507276507276507,243.492723492724,0.75,720,1980,300,59520,0.666897987508675,960.333102012491,0.513513513513514,246.486486486487,0.74375,714,4020,300,51180,0.679389312977099,978.320610687023,0.513513513513514,246.486486486487,0.7625,732,1200,480,69000,0.624566273421235,899.375433726579,0.442827442827443,212.557172557173,0.715625,687,660,360,68880,0.738376127689105,1063.26162387231,0.548856548856549,263.451143451143,0.833333333333333,800,960,1020,58680,0.741845940319223,1068.25815405968,0.559251559251559,268.440748440748,0.833333333333333,800,36.3333333333333,12.9954128440367,46.6666666666667,19.7
"2025-08-16 10:00:00|Monitor8.txt|13",13,"2025-08-16 10:00:00|Monitor8.txt",2025-08-16T10:00:00Z,2025-08-22T11:59:00Z,"OK","M","DGRP374","21.5C","Winter","NA","08:12","M8","Batch4c_DGRP",0.754889480384215,1087.04085175327,0.737244012495661,353.877125997917,0.763715277777778,733.166666666667,0,420,35280,0.904233171408744,1302.09576682859,0.914760914760915,439.085239085239,0.898958333333333,863,1380,4980,33300,0.901457321304649,1298.0985426787,0.931392931392931,447.068607068607,0.886458333333333,851,900,2880,3900,0.905621096460791,1304.09437890354,0.943866943866944,453.056133056133,0.886458333333333,851,660,1980,6540,0.73351839000694,1056.26648160999,0.746361746361746,358.253638253638,0.727083333333333,698,4980,420,70860,0.601665510062457,866.398334489938,0.550935550935551,264.449064449064,0.627083333333333,602,1380,360,55680,0.483691880638446,696.516308119362,0.338877338877339,162.661122661123,0.55625,534,23.5,20.4609929078014,33.6666666666667,27.490099009901
"2025-08-16 10:00:00|Monitor8.txt|14",14,"2025-08-16 10:00:00|Monitor8.txt",2025-08-16T10:00:00Z,2025-08-22T11:59:00Z,"OK","M","DGRP374","21.5C","Winter","NA","08:12","M8","Batch4c_DGRP",0.812984608262932,1170.69783589862,0.762929538354738,366.206178410274,0.838020833333333,804.5,2220,360,44100,0.744621790423317,1072.25537820958,0.744282744282744,357.255717255717,0.744791666666667,715,900,300,7260,0.810548230395559,1167.1894517696,0.923076923076923,443.076923076923,0.754166666666667,724,120,300,32940,0.798056904927134,1149.20194309507,0.696465696465697,334.303534303534,0.848958333333333,815,360,360,31980,0.856349757113116,1233.14365024289,0.760914760914761,365.239085239085,0.904166666666667,868,1560,1680,33000,0.799444829979181,1151.20055517002,0.686070686070686,329.313929313929,0.85625,822,6360,1380,48840,0.868841082581541,1251.13115891742,0.767151767151767,368.232848232848,0.919791666666667,883,17.8333333333333,26.5140186915888,25.1666666666667,37.0993377483444
"2025-08-16 10:00:00|Monitor8.txt|15",15,"2025-08-16 10:00:00|Monitor8.txt",2025-08-16T10:00:00Z,2025-08-22T11:59:00Z,"OK","M","DGRP374","21.5C","Winter","NA","08:12","M8","Batch4c_DGRP",0.742275199629673,1068.87628746673,0.769524470669906,369.371745921555,0.728645833333333,699.5,300,300,39720,0.770992366412214,1110.22900763359,0.777546777546778,373.222453222453,0.767708333333333,737,120,780,63120,0.784871616932686,1130.21512838307,0.887733887733888,426.112266112266,0.733333333333333,704,960,300,74460,0.692574600971548,997.307425399029,0.769230769230769,369.230769230769,0.654166666666667,628,240,300,65100,0.678695350451076,977.321304649549,0.754677754677755,362.245322245322,0.640625,615,840,360,30180,0.764746703678001,1101.23525329632,0.686070686070686,329.313929313929,0.804166666666667,772,840,300,61920,0.76058292852186,1095.23941707148,0.738045738045738,354.261954261954,0.771875,741,31.1666666666667,14.5347593582888,40.5,23.1728395061728
"2025-08-16 10:00:00|Monitor8.txt|17",17,"2025-08-16 10:00:00|Monitor8.txt",2025-08-16T10:00:00Z,2025-08-22T11:59:00Z,"OK","M","DGRP374","21.5C","Winter","NA","08:12","M8","Batch4c_DGRP",0.698298808008332,1005.550283532,0.559180839986116,268.406803193336,0.767881944444445,737.166666666667,0,420,33420,0.691880638445524,996.308119361555,0.507276507276507,243.492723492724,0.784375,753,3240,540,34380,0.677307425399028,975.322692574601,0.374220374220374,179.62577962578,0.829166666666667,796,1440,360,36660,0.617626648160999,889.382373351839,0.367983367983368,176.632016632017,0.742708333333333,713,1020,420,33240,0.732130464954892,1054.26786953505,0.675675675675676,324.324324324324,0.760416666666667,730,840,300,33720,0.738376127689105,1063.26162387231,0.742203742203742,356.257796257796,0.736458333333333,707,1140,540,46380,0.732824427480916,1055.26717557252,0.69022869022869,331.309771309771,0.754166666666667,724,38.5,12.2683982683983,32.3333333333333,28.3298969072165
"2025-08-16 10:00:00|Monitor8.txt|18",18,"2025-08-16 10:00:00|Monitor8.txt",2025-08-16T10:00:00Z,2025-08-22T11:59:00Z,"OK","M","DGRP374","21.5C","Winter","NA","08:12","M8","Batch4c_DGRP",0.634185858118273,913.227635690314,0.587990281152378,282.235334953141,0.657291666666667,631,3960,1200,50340,0.60999306037474,878.390006939625,0.598752598752599,287.401247401247,0.615625,591,1680,300,38520,0.684247050659264,985.315752949341,0.708939708939709,340.29106029106,0.671875,645,4920,480,40140,0.616932685634976,888.383067314365,0.525987525987526,252.474012474012,0.6625,636,1740,1320,50460,0.579458709229702,834.42054129077,0.405405405405405,194.594594594595,0.666666666666667,640,720,300,36240,0.632199861207495,910.367800138792,0.590436590436591,283.409563409563,0.653125,627,780,540,36600,0.682165163081194,982.317834836919,0.698544698544699,335.301455301455,0.673958333333333,647,25.5,18.8954248366013,38.1666666666667,24.3886462882096
"2025-08-16 10:00:00|Monitor8.txt|19",19,"2025-08-16 10:00:00|Monitor8.txt",2025-08-16T10:00:00Z,2025-08-22T11:59:00Z,"OK","M","DGRP374","21.5C","Winter","NA","08:12","M8","Batch4c_DGRP",0.512672144427728,738.247887975929,0.304061089899341,145.949323151683,0.617013888888889,592.333333333333,2460,300,39600,0.712699514226232,1026.28730048577,0.571725571725572,274.428274428274,0.783333333333333,752,1980,480,61920,0.619014573213047,891.380985426787,0.607068607068607,291.392931392931,0.625,600,4500,540,59700,0.357390700902151,514.642609299098,0.11018711018711,52.8898128898129,0.48125,462,1920,300,41580,0.36294240111034,522.63705759889,0.0810810810810811,38.9189189189189,0.504166666666667,484,3120,360,44760,0.45176960444136,650.548230395559,0.185031185031185,88.8149688149688,0.585416666666667,562,10080,960,38940,0.571825121443442,823.428174878557,0.27027027027027,129.72972972973,0.722916666666667,694,23,19.8188405797101,44.1666666666667,21.4226415094339
"2025-08-16 10:00:00|Monitor8.txt|21",21,"2025-08-16 10:00:00|Monitor8.txt",2025-08-16T10:00:00Z,2025-08-22T11:59:00Z,"OK","M","DGRP374","21.5C","Winter","NA","08:12","M8","Batch4c_DGRP",0.518574239092698,746.746904293485,0.264838597709129,127.122526900382,0.645486111111111,619.666666666667,4260,420,61200,0.511450381679389,736.488549618321,0.384615384615385,184.615384615385,0.575,552,3420,300,59940,0.601665510062457,866.398334489938,0.45945945945946,220.540540540541,0.672916666666667,646,5280,660,72420,0.520471894517696,749.479528105482,0.330561330561331,158.669438669439,0.615625,591,11820,300,68040,0.435114503816794,626.564885496183,0.0810810810810811,38.9189189189189,0.6125,588,7500,420,71100,0.491325468424705,707.508674531575,0.0935550935550936,44.9064449064449,0.690625,663,2280,300,58140,0.550312283136711,792.449687716863,0.239085239085239,114.760914760915,0.70625,678,23.1666666666667,18.0143884892086,48.8333333333333,20.2116040955631
"2025-08-16 10:00:00|Monitor8.txt|22",22,"2025-08-16 10:00:00|Monitor8.txt",2025-08-16T10:00:00Z,2025-08-22T11:59:00Z,"OK","M","DGRP374","21.5C","Winter","NA","08:12","M8","Batch4c_DGRP",0.69934035412568,1007.05010994098,0.629989586948976,302.395001735508,0.734027777777778,704.666666666667,3600,720,53700,0.73560027758501,1059.26439972241,0.600831600831601,288.399168399168,0.803125,771,1020,360,36600,0.775156141568355,1116.22484385843,0.731808731808732,351.268191268191,0.796875,765,1020,840,39600,0.776544066620403,1118.22345593338,0.844074844074844,405.155925155925,0.742708333333333,713,180,300,55680,0.641915336571825,924.358084663428,0.611226611226611,293.388773388773,0.657291666666667,631,840,540,38520,0.640527411519778,922.35947258848,0.513513513513514,246.486486486487,0.704166666666667,676,1380,600,35220,0.625954198473283,901.374045801527,0.478170478170478,229.52182952183,0.7,672,31.5,15.2433862433862,42.1666666666667,21.6324110671937
"2025-08-16 10:00:00|Monitor8.txt|23",23,"2025-08-16 10:00:00|Monitor8.txt",2025-08-16T10:00:00Z,2025-08-22T11:59:00Z,"OK","M","DGRP374","21.5C","Winter","NA","08:12","M8","Batch4c_DGRP",0.528411063534313,760.911931489411,0.309614717112114,148.615064213815,0.637847222222222,612.333333333333,5100,300,77700,0.490631505898682,706.509368494101,0.251559251559252,120.748440748441,0.610416666666667,586,1740,300,72720,0.388619014573213,559.611380985427,0.191268191268191,91.8087318087318,0.4875,468,1920,300,56880,0.482303955586398,694.517696044414,0.384615384615385,184.615384615385,0.53125,510,180,300,37260,0.442748091603053,637.557251908397,0.272349272349272,130.727650727651,0.528125,507,1980,420,59280,0.656488549618321,945.343511450382,0.386694386694387,185.613305613306,0.791666666666667,760,60,660,44700,0.709229701596114,1021.2907702984,0.372141372141372,178.627858627859,0.878125,843,30.5,15.5573770491803,52.1666666666667,17.7188498402556
"2025-08-16 10:00:00|Monitor8.txt|24",24,"2025-08-16 10:00:00|Monitor8.txt",2025-08-16T10:00:00Z,2025-08-22T11:59:00Z,"OK","M","DGRP374","21.5C","Winter","NA","08:12","M8","Batch4c_DGRP",0.50920032403657,733.248466612661,0.483165567511281,231.919472405415,0.522222222222222,501.333333333333,0,300,44940,0.79528105482304,1145.20471894518,0.785862785862786,377.214137214137,0.8,768,1560,780,68340,0.569743233865371,820.430256766135,0.742203742203742,356.257796257796,0.483333333333333,464,2040,360,72720,0.380985426786954,548.619014573213,0.384615384615385,184.615384615385,0.379166666666667,364,2760,300,69360,0.357390700902151,514.642609299098,0.280665280665281,134.719334719335,0.395833333333333,380,3180,600,57660,0.405968077723803,584.594031922276,0.286902286902287,137.713097713098,0.465625,447,1800,300,70860,0.545454545454545,785.454545454545,0.417879417879418,200.582120582121,0.609375,585,32.6666666666667,14.9438775510204,39,23.6452991452991
"2025-08-16 10:00:00|Monitor8.txt|25",25,"2025-08-16 10:00:00|Monitor8.txt",2025-08-16T10:00:00Z,2025-08-22T11:59:00Z,"OK","M","DGRP374","21.5C","Winter","NA","08:12","M8","Batch4c_DGRP",0.732091193148941,1054.21131813448,0.745227351614023,357.709128774731,0.725520833333333,696.5,2640,1260,36120,0.757807078417765,1091.24219292158,0.758835758835759,364.241164241164,0.757291666666667,727,840,300,38640,0.732824427480916,1055.26717557252,0.798336798336798,383.201663201663,0.7,672,900,780,58080,0.64677307425399,931.353226925746,0.67983367983368,326.320166320166,0.630208333333333,605,60,420,71820,0.719639139486468,1036.28036086051,0.731808731808732,351.268191268191,0.713541666666667,685,900,360,36420,0.771686328938237,1111.22831367106,0.725571725571726,348.274428274428,0.794791666666667,763,480,300,36300,0.762664816099931,1098.2373351839,0.773388773388773,371.226611226611,0.757291666666667,727,29.5,15.5706214689266,38.3333333333333,24.4173913043478
"2025-08-16 10:00:00|Monitor8.txt|26",26,"2025-08-16 10:00:00|Monitor8.txt",2025-08-16T10:00:00Z,2025-08-22T11:59:00Z,"OK","M","DGRP374","21.5C","Winter","NA","08:12","M8","Batch4c_DGRP",0.573544728619373,825.904409211897,0.373134328358209,179.10447761194,0.673784722222222,646.833333333333,2640,420,71100,0.748091603053435,1077.25190839695,0.692307692307692,332.307692307692,0.776041666666667,745,720,300,33120,0.803608605135323,1157.19639139486,0.817047817047817,392.182952182952,0.796875,765,9420,300,61800,0.487855655794587,702.512144344206,0.108108108108108,51.8918918918919,0.678125,651,1020,360,59520,0.481609993060375,693.51839000694,0.170478170478171,81.8295218295218,0.6375,612,840,360,43440,0.453851492019431,653.546148507981,0.212058212058212,101.787941787942,0.575,552,2640,360,39480,0.464954892435809,669.535045107564,0.237006237006237,113.762993762994,0.579166666666667,556,21.1666666666667,25.1338582677165,45.1666666666667,19.2361623616236
"2025-08-16 10:00:00|Monitor8.txt|27",27,"2025-08-16 10:00:00|Monitor8.txt",2025-08-16T10:00:00Z,2025-08-22T11:59:00Z,"OK","M","DGRP374","21.5C","Winter","NA","08:12","M8","Batch4c_DGRP",0.621918759402847,895.5630135401,0.514404720583131,246.914265879903,0.675694444444445,648.666666666667,2880,960,35520,0.724496877168633,1043.27550312283,0.61954261954262,297.380457380457,0.777083333333333,746,1260,900,63480,0.674531575294934,971.325468424705,0.588357588357588,282.411642411642,0.717708333333333,689,720,540,53460,0.60235947258848,867.397640527412,0.563409563409563,270.43659043659,0.621875,597,4440,420,36420,0.470506592643997,677.529493407356,0.288981288981289,138.711018711019,0.561458333333333,539,3840,300,61200,0.634975711311589,914.365024288688,0.573804573804574,275.426195426195,0.665625,639,2520,300,35340,0.623872310895212,898.376127689105,0.451143451143451,216.548856548857,0.710416666666667,682,30.3333333333333,15.7472527472527,41.5,21.9799196787149
"2025-08-16 10:00:00|Monitor8.txt|28",28,"2025-08-16 10:00:00|Monitor8.txt",2025-08-16T10:00:00Z,2025-08-22T11:59:00Z,"OK","M","DGRP374","21.5C","Winter","NA","08:12","M8","Batch4c_DGRP",0.795162596921653,1145.03413956718,0.754599097535578,362.207566817077,0.815451388888889,782.833333333333,0,420,46560,0.791117279666898,1139.20888272033,0.773388773388773,371.226611226611,0.8,768,60,300,68160,0.809854267869535,1166.19014573213,0.731808731808732,351.268191268191,0.848958333333333,815,540,360,32100,0.83206106870229,1198.1679389313,0.827442827442827,397.172557172557,0.834375,801,1500,7680,1500,0.766828591256072,1104.23317140874,0.661122661122661,317.338877338877,0.819791666666667,787,360,300,5520,0.771686328938237,1111.22831367106,0.765072765072765,367.234927234927,0.775,744,1740,360,6180,0.79736294240111,1148.2026370576,0.762993762993763,366.237006237006,0.814583333333333,782,19.6666666666667,24.3474576271186,32.3333333333333,28.6855670103093
"2025-08-16 10:00:00|Monitor8.txt|29",29,"2025-08-16 10:00:00|Monitor8.txt",2025-08-16T10:00:00Z,2025-08-22T11:59:00Z,"OK","M","DGRP374","21.5C","Winter","NA","08:12","M8","Batch4c_DGRP",0.663580604096748,955.556069899317,0.476917736896911,228.920513710517,0.756944444444445,726.666666666667,0,360,68760,0.648854961832061,934.351145038168,0.573804573804574,275.426195426195,0.686458333333333,659,1020,3240,30780,0.68147120055517,981.318528799445,0.602910602910603,289.397089397089,0.720833333333333,692,360,600,80460,0.568355308813324,818.431644691187,0.35966735966736,172.640332640333,0.672916666666667,646,900,1140,68160,0.589174184594032,848.410825815406,0.330561330561331,158.669438669439,0.71875,690,540,360,37200,0.749479528105482,1079.25052047189,0.525987525987526,252.474012474012,0.861458333333333,827,1560,300,42900,0.742539902845246,1069.25746009715,0.465696465696466,223.534303534304,0.88125,846,26.3333333333333,17.7088607594937,46.8333333333333,19.9679715302491
"2025-08-16 10:00:00|Monitor8.txt|30",30,"2025-08-16 10:00:00|Monitor8.txt",2025-08-16T10:00:00Z,2025-08-22T11:59:00Z,"OK","M","DGRP374","21.5C","Winter","NA","08:12","M8","Batch4c_DGRP",0.727809281333179,1048.04536511978,0.672335994446373,322.721277334259,0.755555555555556,725.333333333333,3900,420,55380,0.768216516308119,1106.23178348369,0.667359667359667,320.33264033264,0.81875,786,840,1080,13680,0.8147120055517,1173.18528799445,0.862785862785863,414.137214137214,0.790625,759,360,600,74460,0.78764746703678,1134.21235253296,0.765072765072765,367.234927234927,0.798958333333333,767,420,3900,58740,0.700902151283831,1009.29909784872,0.721413721413721,346.278586278586,0.690625,663,2220,480,36960,0.666897987508675,960.333102012491,0.548856548856549,263.451143451143,0.726041666666667,697,2760,360,57480,0.628730048577377,905.371269951423,0.46985446985447,225.530145530146,0.708333333333333,680,25.8333333333333,19.3741935483871,33.3333333333333,26.81
"2025-08-16 10:00:00|Monitor8.txt|31",31,"2025-08-16 10:00:00|Monitor8.txt",2025-08-16T10:00:00Z,2025-08-22T11:59:00Z,"OK","M","DGRP374","21.5C","Winter","NA","08:12","M8","Batch4c_DGRP",0.593334104848976,854.401110982525,0.391530718500521,187.93474488025,0.694270833333333,666.5,7020,360,55380,0.64677307425399,931.353226925746,0.399168399168399,191.600831600832,0.770833333333333,740,1800,960,6000,0.580846634281749,836.419153365718,0.536382536382536,257.463617463618,0.603125,579,3120,420,60960,0.561415683553088,808.438584316447,0.338877338877339,162.661122661123,0.672916666666667,646,6060,360,47220,0.498265093684941,717.501734906315,0.251559251559252,120.748440748441,0.621875,597,0,660,37380,0.616932685634976,888.383067314365,0.403326403326403,193.596673596674,0.723958333333333,695,1920,480,33600,0.65440666204025,942.34559333796,0.417879417879418,200.582120582121,0.772916666666667,742,32.1666666666667,14.3316062176166,40,23.7
"2025-08-16 10:00:00|Monitor8.txt|32",32,"2025-08-16 10:00:00|Monitor8.txt",2025-08-16T10:00:00Z,2025-08-22T11:59:00Z,"OK","M","DGRP374","21.5C","Winter","NA","08:12","M8","Batch4c_DGRP",0.686726073371138,988.885545654438,0.590767094758764,283.568205484207,0.734722222222222,705.333333333333,0,600,36360,0.756419153365718,1089.24358084663,0.683991683991684,328.316008316008,0.792708333333333,761,0,360,33600,0.751561415683553,1082.24843858432,0.644490644490645,309.355509355509,0.805208333333333,773,1800,1380,39660,0.687022900763359,989.312977099237,0.604989604989605,290.39501039501,0.728125,699,1560,300,69240,0.662734212352533,954.337265787647,0.53014553014553,254.469854469854,0.729166666666667,700,1680,420,59220,0.64677307425399,931.353226925746,0.550935550935551,264.449064449064,0.694791666666667,667,2340,300,50820,0.616238723108952,887.383761276891,0.532224532224532,255.467775467776,0.658333333333333,632,34,13.8186274509804,35.1666666666667,26.3270142180095
"2025-08-16 10:00:00|Monitor9.txt|01",1,"2025-08-16 10:00:00|Monitor9.txt",2025-08-16T10:00:00Z,2025-08-22T11:59:00Z,"OK","M","DGRP486","21.5C","Winter","NA","08:12","M9","Batch4c_DGRP",0.705705358176137,1016.21571577364,0.761541131551545,365.539743144741,0.677777777777778,650.666666666667,3240,780,39720,0.677307425399028,975.322692574601,0.806652806652807,387.193347193347,0.6125,588,480,300,37920,0.752255378209577,1083.24774462179,0.844074844074844,405.155925155925,0.70625,678,4500,12180,37680,0.726578764746704,1046.27342123525,0.754677754677755,362.245322245322,0.7125,684,2220,600,52020,0.691880638445524,996.308119361555,0.77962577962578,374.220374220374,0.647916666666667,622,420,4200,38040,0.702290076335878,1011.29770992366,0.783783783783784,376.216216216216,0.661458333333333,635,3300,1020,38400,0.682165163081194,982.317834836919,0.594594594594595,285.405405405405,0.726041666666667,697,18.1666666666667,25.4587155963303,24,39.2847222222222
"2025-08-16 10:00:00|Monitor9.txt|03",3,"2025-08-16 10:00:00|Monitor9.txt",2025-08-16T10:00:00Z,2025-08-22T11:59:00Z,"OK","M","DGRP486","21.5C","Winter","NA","08:12","M9","Batch4c_DGRP",0.608725841916445,876.565212359681,0.793474488024991,380.867754251996,0.516319444444445,495.666666666667,0,360,10500,0.546148507980569,786.453851492019,0.673596673596674,323.326403326403,0.482291666666667,463,480,360,6360,0.60999306037474,878.390006939625,0.769230769230769,369.230769230769,0.530208333333333,509,4500,14220,85860,0.639139486467731,920.360860513532,0.781704781704782,375.218295218295,0.567708333333333,545,19980,2880,40440,0.677307425399028,975.322692574601,0.977130977130977,469.022869022869,0.527083333333333,506,4320,11460,4320,0.610687022900763,879.389312977099,0.808731808731809,388.191268191268,0.511458333333333,491,480,6060,76740,0.568355308813324,818.431644691187,0.746361746361746,358.253638253638,0.479166666666667,460,8.83333333333333,47.1509433962264,25.6666666666667,39.1038961038961
"2025-08-16 10:00:00|Monitor9.txt|04",4,"2025-08-16 10:00:00|Monitor9.txt",2025-08-16T10:00:00Z,2025-08-22T11:59:00Z,"OK","M","DGRP486","21.5C","Winter","NA","08:12","M9","Batch4c_DGRP",0.492419858812638,709.084596690198,0.614370010413051,294.897604998265,0.431423611111111,414.166666666667,4560,7140,13980,0.476058292852186,685.523941707148,0.688149688149688,330.31185031185,0.369791666666667,355,2460,4380,12000,0.427480916030534,615.57251908397,0.607068607068607,291.392931392931,0.3375,324,1260,480,45720,0.406662040249827,585.59333795975,0.671517671517672,322.328482328482,0.273958333333333,263,420,1920,12780,0.35322692574601,508.646773074254,0.594594594594595,285.405405405405,0.232291666666667,223,300,900,78000,0.603053435114504,868.396946564886,0.563409563409563,270.43659043659,0.622916666666667,598,3780,480,35760,0.687022900763359,989.312977099237,0.557172557172557,267.442827442828,0.752083333333333,722,20.5,23.0569105691057,28.3333333333333,33.1411764705882
"2025-08-16 10:00:00|Monitor9.txt|07",7,"2025-08-16 10:00:00|Monitor9.txt",2025-08-16T10:00:00Z,2025-08-22T11:59:00Z,"OK","M","DGRP486","21.5C","Winter","NA","08:12","M9","Batch4c_DGRP",0.309686378891332,445.948385603518,0.526206178410274,252.578965636932,0.201388888888889,193.333333333333,1440,300,5280,0.40735600277585,586.592643997224,0.58004158004158,278.419958419958,0.320833333333333,308,1080,300,5160,0.356696738376128,513.643303261624,0.613305613305613,294.386694386694,0.228125,219,1620,300,2220,0.279666897987509,402.720333102013,0.505197505197505,242.494802494803,0.166666666666667,160,360,1560,18960,0.317834836918806,457.682165163081,0.667359667359667,320.33264033264,0.142708333333333,137,480,480,16380,0.226925746009715,326.77307425399,0.399168399168399,191.600831600832,0.140625,135,2040,720,68340,0.269951422623178,388.730048577377,0.390852390852391,187.609147609148,0.209375,201,22.6666666666667,28.6544117647059,20.1666666666667,38.0082644628099
"2025-08-16 10:00:00|Monitor9.txt|08",8,"2025-08-16 10:00:00|Monitor9.txt",2025-08-16T10:00:00Z,2025-08-22T11:59:00Z,"OK","M","DGRP486","21.5C","Winter","NA","08:12","M9","Batch4c_DGRP",0.475986575627821,685.420668904062,0.565428670600486,271.405761888233,0.43125,414,360,360,11340,0.395558639833449,569.604441360167,0.615384615384615,295.384615384615,0.285416666666667,274,900,2340,64560,0.43442054129077,625.565579458709,0.590436590436591,283.409563409563,0.35625,342,60,300,75540,0.512838306731437,738.487161693269,0.773388773388773,371.226611226611,0.382291666666667,367,660,300,10920,0.442748091603053,637.557251908397,0.584199584199584,280.4158004158,0.371875,357,480,360,40740,0.439278278972935,632.560721721027,0.355509355509356,170.644490644491,0.48125,462,1260,600,36480,0.630811936155448,908.369188063845,0.471933471933472,226.528066528067,0.710416666666667,682,21.5,22.2945736434109,46.3333333333333,20.2302158273381
"2025-08-16 10:00:00|Monitor9.txt|09",9,"2025-08-16 10:00:00|Monitor9.txt",2025-08-16T10:00:00Z,2025-08-22T11:59:00Z,"OK","M","DGRP486","21.5C","Winter","NA","08:12","M9","Batch4c_DGRP",0.609073023955561,877.065154496007,0.561263450190906,269.406456091635,0.632986111111111,607.666666666667,0,420,72540,0.558639833448994,804.441360166551,0.413721413721414,198.586278586279,0.63125,606,660,360,70380,0.640527411519778,922.35947258848,0.582120582120582,279.417879417879,0.669791666666667,643,1140,660,77100,0.526023594725885,757.473976405274,0.517671517671518,248.482328482328,0.530208333333333,509,840,720,46020,0.557251908396947,802.442748091603,0.546777546777547,262.453222453222,0.5625,540,900,480,42720,0.699514226231784,1007.30048577377,0.656964656964657,315.343035343035,0.720833333333333,692,360,420,66660,0.673837612768911,970.326162387231,0.654885654885655,314.345114345114,0.683333333333333,656,37.3333333333333,12.5,62.3333333333333,14.8262032085562
"2025-08-16 10:00:00|Monitor9.txt|10",10,"2025-08-16 10:00:00|Monitor9.txt",2025-08-16T10:00:00Z,2025-08-22T11:59:00Z,"OK","M","DGRP486","21.5C","Winter","NA","08:12","M9","Batch4c_DGRP",0.383520425876635,552.269413262354,0.405067684831656,194.432488719195,0.372743055555556,357.833333333333,11520,300,12060,0.032616238723109,46.9673837612769,0.0873180873180873,41.9126819126819,0.00520833333333333,5,7560,1020,8820,0.557251908396947,802.442748091603,0.582120582120582,279.417879417879,0.544791666666667,523,4260,420,39720,0.4323386537127,622.567661346287,0.376299376299376,180.623700623701,0.460416666666667,442,4020,660,47940,0.417765440666204,601.582234559334,0.465696465696466,223.534303534304,0.39375,378,2220,360,42540,0.416377515614157,599.583622484386,0.476091476091476,228.523908523909,0.386458333333333,371,1560,1140,80880,0.444136016655101,639.555863983345,0.440748440748441,211.559251559252,0.445833333333333,428,21.3333333333333,25.9765625,41.1666666666667,20.9757085020243
"2025-08-16 10:00:00|Monitor9.txt|11",11,"2025-08-16 10:00:00|Monitor9.txt",2025-08-16T10:00:00Z,2025-08-22T11:59:00Z,"OK","M","DGRP486","21.5C","Winter","NA","08:12","M9","Batch4c_DGRP",0.434671912973036,625.927554681171,0.567858382506074,272.572023602916,0.368055555555556,353.333333333333,4920,2520,18000,0.523247744621791,753.476752255378,0.648648648648649,311.351351351351,0.460416666666667,442,2700,4260,7140,0.462873004857738,666.537126995142,0.654885654885655,314.345114345114,0.366666666666667,352,1260,360,86400,0.476058292852186,685.523941707148,0.413721413721414,198.586278586279,0.507291666666667,487,0,19860,0,0.499653018736988,719.500346981263,0.920997920997921,442.079002079002,0.288541666666667,277,1140,2940,81660,0.338653712699514,487.661346287301,0.467775467775468,224.532224532225,0.273958333333333,263,600,1920,600,0.307425399028452,442.692574600972,0.299376299376299,143.700623700624,0.311458333333333,299,16.8333333333333,31.4257425742574,36.6666666666667,24.2045454545455
"2025-08-16 10:00:00|Monitor9.txt|13",13,"2025-08-16 10:00:00|Monitor9.txt",2025-08-16T10:00:00Z,2025-08-22T11:59:00Z,"OK","M","DGRP486","21.5C","Winter","NA","08:12","M9","Batch4c_DGRP",0.553292443004282,796.741117926166,0.367927802846234,176.605345366192,0.646006944444444,620.166666666667,0,420,74460,0.579458709229702,834.42054129077,0.380457380457381,182.619542619543,0.679166666666667,652,9960,5940,59520,0.569049271339348,819.430950728661,0.311850311850312,149.68814968815,0.697916666666667,670,2280,2760,67260,0.615544760582929,886.384455239417,0.453222453222453,217.546777546778,0.696875,669,12420,6060,60060,0.505898681471201,728.494101318529,0.230769230769231,110.769230769231,0.64375,618,3600,6600,66060,0.476058292852186,685.523941707148,0.40956340956341,196.590436590437,0.509375,489,720,4080,51300,0.572519083969466,824.427480916031,0.41995841995842,201.580041580042,0.648958333333333,623,9.5,42.4385964912281,13.3333333333333,76.875
"2025-08-16 10:00:00|Monitor9.txt|15",15,"2025-08-16 10:00:00|Monitor9.txt",2025-08-16T10:00:00Z,2025-08-22T11:59:00Z,"OK","M","DGRP486","21.5C","Winter","NA","08:12","M9","Batch4c_DGRP",0.536859159819465,773.07719014003,0.388406803193336,186.435265532801,0.611111111111111,586.666666666667,0,360,60840,0.693962526023595,999.306037473976,0.501039501039501,240.498960498961,0.790625,759,8700,660,28560,0.584316446911867,841.415683553088,0.313929313929314,150.686070686071,0.719791666666667,691,6420,300,61680,0.455933379597502,656.544066620403,0.297297297297297,142.702702702703,0.535416666666667,514,5880,420,66360,0.467730742539903,673.53226925746,0.432432432432432,207.567567567568,0.485416666666667,466,2040,660,53280,0.530187369882026,763.469812630118,0.388773388773389,186.611226611227,0.601041666666667,577,2100,300,58320,0.489937543372658,705.510062456627,0.401247401247401,192.598752598753,0.534375,513,20.1666666666667,23.305785123967,41.8333333333333,22.589641434263
"2025-08-16 10:00:00|Monitor9.txt|16",16,"2025-08-16 10:00:00|Monitor9.txt",2025-08-16T10:00:00Z,2025-08-22T11:59:00Z,"OK","M","DGRP486","21.5C","Winter","NA","08:12","M9","Batch4c_DGRP",0.394051614396482,567.434324730934,0.72509545296772,348.045817424505,0.228472222222222,219.333333333333,1380,360,4800,0.526023594725885,757.473976405274,0.760914760914761,365.239085239085,0.408333333333333,392,60,360,10200,0.464954892435809,669.535045107564,0.752598752598753,361.247401247401,0.320833333333333,308,2280,4800,7200,0.415683553088133,598.584316446912,0.796257796257796,382.203742203742,0.225,216,900,4740,900,0.414295628036086,596.585704371964,0.85031185031185,408.149688149688,0.195833333333333,188,480,1620,3120,0.271339347675226,390.728660652325,0.708939708939709,340.29106029106,0.0520833333333333,50,900,780,24480,0.272033310201249,391.727966689799,0.478170478170478,229.52182952183,0.16875,162,18,30.0462962962963,44.3333333333333,19.7932330827067
"2025-08-16 10:00:00|Monitor9.txt|17",17,"2025-08-16 10:00:00|Monitor9.txt",2025-08-16T10:00:00Z,2025-08-22T11:59:00Z,"OK","M","DGRP486","21.5C","Winter","NA","08:12","M9","Batch4c_DGRP",0.333873394283069,480.77768776762,0.566469975702881,271.905588337383,0.217534722222222,208.833333333333,5040,600,10440,0.403886190145732,581.596113809854,0.607068607068607,291.392931392931,0.302083333333333,290,1980,960,41700,0.40735600277585,586.592643997224,0.634095634095634,304.365904365904,0.29375,282,1020,1800,41940,0.367106176266482,528.632893823734,0.650727650727651,312.349272349272,0.225,216,300,480,42300,0.331020124913255,476.668979875087,0.627858627858628,301.372141372141,0.182291666666667,175,600,3360,21360,0.270645385149202,389.729354614851,0.544698544698545,261.455301455301,0.133333333333333,128,660,780,21360,0.223455933379598,321.77654406662,0.332640332640333,159.66735966736,0.16875,162,23.3333333333333,25.4785714285715,14.8333333333333,55.5505617977528
"2025-08-16 10:00:00|Monitor9.txt|18",18,"2025-08-16 10:00:00|Monitor9.txt",2025-08-16T10:00:00Z,2025-08-22T11:59:00Z,"OK","M","DGRP486","21.5C","Winter","NA","08:12","M9","Batch4c_DGRP",0.441499826408981,635.759750028932,0.645609163484901,309.892398472753,0.339409722222222,325.833333333333,5220,600,10380,0.346287300485774,498.653712699514,0.51975051975052,249.48024948025,0.259375,249,0,2820,45840,0.440666204024983,634.559333795975,0.594594594594595,285.405405405405,0.363541666666667,349,420,3360,86220,0.465648854961832,670.534351145038,0.646569646569647,310.35343035343,0.375,360,12360,2580,45780,0.553088133240805,796.446911866759,0.854469854469854,410.14553014553,0.402083333333333,386,660,3060,63480,0.423317140874393,609.576682859126,0.627858627858628,301.372141372141,0.320833333333333,308,600,10320,600,0.419847328244275,604.580152671756,0.627858627858628,301.372141372141,0.315625,303,19.5,30.8461538461538,22.5,36.3037037037037
"2025-08-16 10:00:00|Monitor9.txt|19",19,"2025-08-16 10:00:00|Monitor9.txt",2025-08-16T10:00:00Z,2025-08-22T11:59:00Z,"OK","M","DGRP486","21.5C","Winter","NA","08:12","M9","Batch4c_DGRP",0.390579794005323,562.434903367666,0.541825754946199,260.076362374176,0.314930555555556,302.333333333333,2460,5340,2460,0.512838306731437,738.487161693269,0.765072765072765,367.234927234927,0.386458333333333,371,900,360,9240,0.412213740458015,593.587786259542,0.706860706860707,339.293139293139,0.264583333333333,254,360,5460,360,0.327550312283137,471.672449687717,0.482328482328482,231.517671517672,0.25,240,360,420,1140,0.28174878556558,405.718251214434,0.488565488565489,234.511434511435,0.178125,171,480,1920,76380,0.272727272727273,392.727272727273,0.43035343035343,206.569646569647,0.19375,186,5520,7740,5520,0.535739070090215,771.46426092991,0.374220374220374,179.62577962578,0.616666666666667,592,19.3333333333333,30.8275862068966,30.6666666666667,26.8206521739131
"2025-08-16 10:00:00|Monitor9.txt|23",23,"2025-08-16 10:00:00|Monitor9.txt",2025-08-16T10:00:00Z,2025-08-22T11:59:00Z,"OK","M","DGRP486","21.5C","Winter","NA","08:12","M9","Batch4c_DGRP",0.304247193611851,438.115958801065,0.532801110725443,255.744533148212,0.189930555555556,182.333333333333,9060,4980,9060,0.390700902151284,562.609299097849,0.488565488565489,234.511434511435,0.341666666666667,328,720,540,50160,0.371269951422623,534.628730048577,0.532224532224532,255.467775467776,0.290625,279,780,1680,10740,0.286606523247745,412.713393476752,0.83991683991684,403.160083160083,0.009375,9,420,480,41220,0.287994448299792,414.7120055517,0.536382536382536,257.463617463618,0.163541666666667,157,960,900,1920,0.233171408743928,335.766828591256,0.46985446985447,225.530145530146,0.114583333333333,110,840,600,61560,0.254684247050659,366.745315752949,0.324324324324324,155.675675675676,0.219791666666667,211,22.6666666666667,32.9632352941176,16.6666666666667,39.98
"2025-08-16 10:00:00|Monitor9.txt|26",26,"2025-08-16 10:00:00|Monitor9.txt",2025-08-16T10:00:00Z,2025-08-22T11:59:00Z,"OK","M","DGRP486","21.5C","Winter","NA","08:12","M9","Batch4c_DGRP",0.48246730702465,694.752922115496,0.645609163484901,309.892398472753,0.400868055555556,384.833333333333,0,300,18540,0.50381679389313,725.496183206107,0.623700623700624,299.376299376299,0.44375,426,2640,2580,21540,0.524635669673838,755.475364330326,0.704781704781705,338.295218295218,0.434375,417,1020,3240,74280,0.436502428868841,628.563497571131,0.559251559251559,268.440748440748,0.375,360,3660,360,17100,0.455933379597502,656.544066620403,0.694386694386694,333.305613305613,0.336458333333333,323,540,2280,81720,0.424011103400416,610.5759888966,0.654885654885655,314.345114345114,0.308333333333333,296,480,720,38580,0.549618320610687,791.450381679389,0.634095634095634,304.365904365904,0.507291666666667,487,17.8333333333333,30.6822429906542,36.5,23.9680365296804
"2025-08-16 10:00:00|Monitor9.txt|27",27,"2025-08-16 10:00:00|Monitor9.txt",2025-08-16T10:00:00Z,2025-08-22T11:59:00Z,"OK","M","DGRP486","21.5C","Winter","NA","08:12","M9","Batch4c_DGRP",0.507232959148247,730.415461173475,0.882679625130163,423.686220062478,0.319444444444444,306.666666666667,360,4020,13680,0.454545454545455,654.545454545455,0.929313929313929,446.070686070686,0.216666666666667,208,540,1260,3000,0.514920194309507,741.485079805691,0.920997920997921,442.079002079002,0.311458333333333,299,120,480,20040,0.498265093684941,717.501734906315,0.873180873180873,419.126819126819,0.310416666666667,298,180,420,7440,0.54823039555864,789.451769604441,0.896049896049896,430.10395010395,0.373958333333333,359,540,2880,20280,0.473976405274115,682.526023594726,0.933471933471933,448.066528066528,0.24375,234,840,420,1320,0.551700208188758,794.448299791811,0.733887733887734,352.266112266112,0.460416666666667,442,15,34.3555555555556,27.3333333333333,32.9329268292683
"2025-08-16 10:00:00|Monitor9.txt|28",28,"2025-08-16 10:00:00|Monitor9.txt",2025-08-16T10:00:00Z,2025-08-22T11:59:00Z,"OK","M","DGRP486","21.5C","Winter","NA","08:12","M9","Batch4c_DGRP",0.566601087837056,815.905566485361,0.370704616452621,177.938215897258,0.664583333333333,638,60,360,64020,0.625260235947259,900.374739764053,0.286902286902287,137.713097713098,0.794791666666667,763,600,840,45180,0.71616932685635,1031.28383067314,0.507276507276507,243.492723492724,0.820833333333333,788,1680,300,67440,0.614156835530881,884.385843164469,0.486486486486487,233.513513513514,0.678125,651,780,300,71820,0.448299791811242,645.551700208189,0.332640332640333,159.66735966736,0.50625,486,6960,420,69600,0.480916030534351,692.519083969466,0.257796257796258,123.742203742204,0.592708333333333,569,1740,600,12060,0.515614156835531,742.484385843165,0.357588357588358,171.642411642412,0.594791666666667,571,26.5,18.0880503144654,47.3333333333333,19.5035211267606
"2025-08-16 10:00:00|Monitor9.txt|29",29,"2025-08-16 10:00:00|Monitor9.txt",2025-08-16T10:00:00Z,2025-08-22T11:59:00Z,"OK","M","DGRP486","21.5C","Winter","NA","08:12","M9","Batch4c_DGRP",0.409674806156695,589.931720865641,0.68136063866713,327.053106560222,0.273784722222222,262.833333333333,3420,360,13800,0.349063150589868,502.65093684941,0.725571725571726,348.274428274428,0.160416666666667,154,2700,1440,10320,0.408049965301874,587.591950034698,0.794178794178794,381.205821205821,0.214583333333333,206,1380,420,2100,0.418459403192228,602.581540596808,0.841995841995842,404.158004158004,0.20625,198,600,1440,15000,0.358778625954198,516.641221374046,0.694386694386694,333.305613305613,0.190625,183,1320,420,67860,0.509368494101319,733.490631505899,0.67983367983368,326.320166320166,0.423958333333333,407,420,1500,43620,0.414295628036086,596.585704371964,0.349272349272349,167.650727650728,0.446875,429,20.3333333333333,26.1229508196721,25.5,34.8823529411765
"2025-08-16 10:00:00|Monitor9.txt|30",30,"2025-08-16 10:00:00|Monitor9.txt",2025-08-16T10:00:00Z,2025-08-22T11:59:00Z,"OK","M","DGRP486","21.5C","Winter","NA","08:12","M9","Batch4c_DGRP",0.431200092581877,620.928133317903,0.637278722665741,305.893786879556,0.328125,315,360,1080,17580,0.476058292852186,685.523941707148,0.671517671517672,322.328482328482,0.378125,363,2340,900,44640,0.431644691186676,621.568355308813,0.627858627858628,301.372141372141,0.333333333333333,320,1680,2280,48060,0.369188063844552,531.630811936155,0.615384615384615,295.384615384615,0.245833333333333,236,60,300,6960,0.444136016655101,639.555863983345,0.823284823284823,395.176715176715,0.254166666666667,244,540,1260,49440,0.37265787647467,536.627342123525,0.532224532224532,255.467775467776,0.292708333333333,281,1440,360,42900,0.492019430950729,708.507980569049,0.546777546777547,262.453222453222,0.464583333333333,446,26.5,20.4276729559748,30.6666666666667,28.6032608695652
"2025-08-16 10:00:00|Monitor9.txt|31",31,"2025-08-16 10:00:00|Monitor9.txt",2025-08-16T10:00:00Z,2025-08-22T11:59:00Z,"OK","M","DGRP486","21.5C","Winter","NA","08:12","M9","Batch4c_DGRP",0.414651082050689,597.097558152992,0.635890315862548,305.227351614023,0.303993055555556,291.833333333333,6360,4380,11280,0.514226231783484,740.485773768217,0.66943866943867,321.330561330561,0.436458333333333,419,2700,6540,10800,0.519083969465649,747.480916030534,0.746361746361746,358.253638253638,0.405208333333333,389,2220,10500,2220,0.562109646079112,809.437890353921,0.875259875259875,420.12474012474,0.405208333333333,389,660,16320,660,0.446911866759195,643.553088133241,0.825363825363825,396.174636174636,0.257291666666667,247,900,840,2100,0.236641221374046,340.763358778626,0.698544698544699,335.301455301455,0.00520833333333333,5,29520,360,58680,0.210270645385149,302.789729354615,0.00207900207900208,0.997920997920998,0.314583333333333,302,9.5,65.1578947368421,16.8333333333333,48.1386138613861
"2025-08-16 10:00:00|Monitor9.txt|32",32,"2025-08-16 10:00:00|Monitor9.txt",2025-08-16T10:00:00Z,2025-08-22T11:59:00Z,"OK","M","DGRP486","21.5C","Winter","NA","08:12","M9","Batch4c_DGRP",0.465918296493461,670.922346950584,0.716070808746963,343.713988198542,0.340798611111111,327.166666666667,9660,300,43140,0.373351839000694,537.626648160999,0.492723492723493,236.507276507277,0.313541666666667,301,8160,660,47520,0.396252602359473,570.603747397641,0.638253638253638,306.361746361746,0.275,264,1680,780,46740,0.528105482303956,760.471894517696,0.875259875259875,420.12474012474,0.354166666666667,340,480,480,40980,0.570437196391395,821.429562803609,0.920997920997921,442.079002079002,0.394791666666667,379,840,420,40980,0.431644691186676,621.568355308813,0.738045738045738,354.261954261954,0.278125,267,720,1740,41100,0.4941013185288,711.505898681471,0.623700623700624,299.376299376299,0.429166666666667,412,12.8333333333333,39.2597402597403,11.6666666666667,78.4857142857143
