37238	28 Mar 26	08:50:00	1	0	34	0	Ct	0	0	4	1	5	2	0	4	2	3	0	2	1	1	5	4	3	2	0	0	1	0	2	3	3	1	0	0	3	2	2	0	5	5
37239	28 Mar 26	08:51:00	1	0	34	0	Ct	0	0	2	3	5	3	0	4	2	1	2	2	0	1	3	4	2	4	0	4	3	0	3	3	1	1	0	0	2	1	0	0	2	2
37240	28 Mar 26	08:52:00	1	0	34	0	Ct	0	0	3	0	6	2	0	3	1	0	5	1	0	1	2	1	2	4	0	1	4	0	2	3	2	1	0	2	5	0	3	0	3	4
37241	28 Mar 26	08:53:00	1	0	34	0	Ct	0	0	3	1	2	0	0	3	0	1	0	2	0	1	3	3	3	3	0	0	3	4	1	3	2	2	0	1	2	1	2	0	5	2
37242	28 Mar 26	08:54:00	1	0	34	0	Ct	0	0	0	2	2	3	0	3	0	5	1	1	0	0	2	2	2	5	0	1	4	1	1	2	3	1	2	2	3	2	2	0	0	3
37243	28 Mar 26	08:55:00	1	0	34	0	Ct	0	0	2	0	2	1	0	3	2	3	1	1	0	0	0	3	2	2	1	2	1	0	2	3	2	2	2	4	3	1	2	0	3	4
37244	28 Mar 26	08:56:00	1	0	34	0	Ct	0	0	3	2	2	2	0	2	2	1	4	2	0	1	2	3	2	2	0	2	3	1	0	3	2	1	5	0	2	3	1	0	4	3
37245	28 Mar 26	08:57:00	1	0	34	0	Ct	0	0	3	1	3	1	0	2	2	0	1	1	4	1	3	0	2	1	1	2	0	9	1	1	2	1	2	0	2	1	0	0	7	5
37246	28 Mar 26	08:58:00	1	0	34	0	Ct	0	0	1	3	2	3	0	3	3	0	3	3	7	0	2	0	4	2	0	2	0	4	2	1	1	1	3	1	0	2	2	0	4	3
37247	28 Mar 26	08:59:00	1	0	34	0	Ct	0	0	1	1	1	2	0	2	3	0	3	2	0	0	2	2	2	3	0	2	1	0	2	2	3	2	2	1	2	1	20	0	4	2
37248	28 Mar 26	09:00:00	1	0	34	0	Ct	0	0	7	1	7	3	0	2	1	0	1	0	4	0	2	2	3	1	0	3	2	5	1	1	1	2	5	1	0	2	2	0	5	3
37249	28 Mar 26	09:01:00	1	0	34	0	Ct	0	0	2	0	4	2	0	1	2	0	1	2	0	0	2	1	2	3	1	2	6	0	2	4	3	2	3	6	2	1	1	0	4	2
37250	28 Mar 26	09:02:00	1	0	34	0	Ct	0	0	5	2	0	3	0	3	2	0	4	1	0	0	2	0	1	3	1	2	1	6	1	2	3	0	1	4	0	2	0	0	8	4
37251	28 Mar 26	09:03:00	1	0	34	0	Ct	0	0	4	1	3	0	0	2	1	0	1	2	0	0	3	1	0	3	0	1	3	6	1	3	4	0	4	1	0	1	0	0	4	5
37252	28 Mar 26	09:04:00	1	0	34	0	Ct	0	0	2	1	1	2	0	2	1	0	2	1	0	0	2	0	6	2	0	1	2	2	1	3	4	1	2	0	1	1	0	0	4	2
37253	28 Mar 26	09:05:00	1	0	34	0	Ct	0	0	3	0	1	2	0	2	0	0	2	2	0	3	4	3	2	4	0	3	1	3	2	3	1	0	2	0	1	4	0	0	5	3
37254	28 Mar 26	09:06:00	1	0	34	0	Ct	0	0	1	0	0	2	0	7	2	0	1	0	0	0	2	1	1	2	0	1	2	3	2	2	0	2	1	0	0	2	0	0	1	2
37255	28 Mar 26	09:07:00	1	0	34	0	Ct	0	0	3	1	0	1	0	4	1	0	4	2	0	0	2	1	1	4	0	1	0	3	1	2	2	2	2	2	0	1	1	0	1	1
37256	28 Mar 26	09:08:00	1	0	34	0	Ct	0	0	1	1	0	2	0	2	2	0	0	1	1	0	2	1	2	2	0	3	0	0	2	3	1	1	2	9	1	1	1	0	5	0
37257	28 Mar 26	09:09:00	1	0	34	0	Ct	0	0	2	1	1	6	0	1	4	0	1	2	0	1	1	1	2	4	0	1	2	6	3	3	3	2	1	4	2	2	2	0	2	3
37258	28 Mar 26	09:10:00	1	0	34	0	Ct	0	0	3	1	0	0	0	3	2	0	1	3	0	2	3	0	2	3	0	1	0	0	0	3	1	1	1	2	2	3	0	0	1	3
37259	28 Mar 26	09:11:00	1	0	34	0	Ct	0	0	2	2	0	1	0	3	3	0	2	2	0	6	2	2	2	3	0	1	5	0	1	4	0	0	3	0	2	0	0	0	4	4
37260	28 Mar 26	09:12:00	1	0	34	0	Ct	0	0	1	1	0	3	0	4	3	0	2	2	0	0	0	1	1	3	0	0	2	6	1	1	2	1	1	2	1	2	0	0	3	2
37261	28 Mar 26	09:13:00	1	0	34	0	Ct	0	0	3	1	0	2	0	2	3	0	1	0	1	0	3	1	5	3	0	1	1	0	2	1	3	3	3	0	0	2	0	0	3	3
37262	28 Mar 26	09:14:00	1	0	34	0	Ct	0	0	3	2	0	0	0	3	3	0	2	0	2	1	0	1	2	2	0	2	4	0	0	4	6	2	0	3	1	2	0	0	5	4
37263	28 Mar 26	09:15:00	1	0	34	0	Ct	0	0	2	2	1	0	0	2	2	0	0	1	1	0	1	3	2	1	0	1	2	0	0	2	4	1	2	0	2	0	1	0	7	0
37264	28 Mar 26	09:16:00	1	0	34	0	Ct	0	0	2	1	2	3	0	2	3	0	0	1	2	1	2	2	0	2	0	2	0	0	1	3	5	3	2	4	3	2	1	0	4	0
37265	28 Mar 26	09:17:00	1	0	34	0	Ct	0	0	4	2	2	2	0	3	2	0	2	1	0	7	0	2	2	5	0	1	1	0	1	3	2	1	1	1	2	5	1	0	5	3
37266	28 Mar 26	09:18:00	1	0	34	0	Ct	0	0	5	1	1	3	0	3	2	0	2	2	0	6	2	3	2	5	0	2	3	3	2	1	4	1	2	1	4	1	0	0	2	3
37267	28 Mar 26	09:19:00	1	0	34	0	Ct	0	0	4	0	4	3	0	1	4	0	1	1	2	1	2	2	2	2	0	1	0	6	2	1	2	0	0	2	1	0	1	0	2	3
37268	28 Mar 26	09:20:00	1	0	34	0	Ct	0	0	2	0	0	1	0	2	2	0	0	3	0	0	2	1	2	2	0	2	1	0	0	3	2	1	2	0	3	0	2	0	4	4
37269	28 Mar 26	09:21:00	1	0	34	0	Ct	0	0	4	0	3	2	0	2	1	0	2	0	0	1	3	1	2	4	0	1	4	16	2	3	4	1	1	0	3	2	1	0	3	4
37270	28 Mar 26	09:22:00	1	0	34	0	Ct	0	0	3	1	5	2	0	3	2	0	1	0	0	1	2	6	2	3	0	2	0	6	2	2	3	2	2	0	3	1	2	0	4	3
37271	28 Mar 26	09:23:00	1	0	34	0	Ct	0	0	3	1	6	2	0	3	3	0	0	2	0	4	2	1	3	5	0	2	1	0	2	3	2	1	6	2	1	1	0	0	4	2
37272	28 Mar 26	09:24:00	1	0	34	0	Ct	0	0	3	1	0	3	0	2	2	0	1	0	0	1	2	1	3	2	0	5	0	0	0	4	3	2	2	0	2	1	0	0	3	3
37273	28 Mar 26	09:25:00	1	0	34	0	Ct	0	0	2	1	0	2	0	4	3	0	0	1	0	0	2	0	3	3	0	2	1	4	2	3	3	3	2	0	1	2	0	0	5	3
37274	28 Mar 26	09:26:00	1	0	34	0	Ct	0	0	2	1	0	2	0	1	1	0	4	3	0	3	3	2	2	2	0	2	1	0	2	2	2	2	3	1	1	4	3	0	3	3
37275	28 Mar 26	09:27:00	1	0	34	0	Ct	0	0	1	1	0	2	0	4	3	0	0	1	0	3	5	1	3	6	0	1	6	3	1	3	3	3	3	0	2	3	0	0	2	4
37276	28 Mar 26	09:28:00	1	0	34	0	Ct	0	0	2	1	1	2	0	4	5	0	2	1	0	4	0	3	0	3	0	3	0	0	1	3	3	1	1	1	1	3	0	0	2	4
37277	28 Mar 26	09:29:00	1	0	34	0	Ct	0	0	4	0	4	1	0	2	0	2	2	1	0	0	1	2	1	6	0	1	2	0	2	3	0	2	2	1	2	2	6	0	5	0
37278	28 Mar 26	09:30:00	1	0	34	0	Ct	0	0	1	2	2	3	0	1	3	1	0	2	0	3	2	2	0	3	3	2	0	0	2	3	1	1	4	3	8	2	2	0	4	3
37279	28 Mar 26	09:31:00	1	0	34	0	Ct	0	0	3	1	1	2	0	2	1	0	1	1	0	1	4	2	2	3	0	1	2	0	0	1	2	3	5	4	1	3	2	0	3	4
37280	28 Mar 26	09:32:00	1	0	34	0	Ct	0	0	2	0	1	0	0	1	1	0	3	2	0	0	0	5	2	3	1	1	0	0	3	1	3	0	1	3	4	1	1	0	5	4
37281	28 Mar 26	09:33:00	1	0	34	0	Ct	0	0	3	1	1	0	0	3	1	0	1	3	0	2	0	0	1	3	0	2	3	7	2	2	3	2	1	1	0	1	6	0	4	3
37282	28 Mar 26	09:34:00	1	0	34	0	Ct	0	0	3	0	0	1	0	1	4	0	2	1	0	0	0	1	2	0	1	2	1	2	1	3	2	1	1	0	0	1	3	0	3	4
37283	28 Mar 26	09:35:00	1	0	34	0	Ct	0	0	3	1	0	0	0	1	5	0	1	1	0	0	0	2	0	5	1	0	1	0	0	1	2	4	1	0	7	1	1	0	3	2
37284	28 Mar 26	09:36:00	1	0	34	0	Ct	0	0	2	0	1	0	0	2	3	0	2	2	0	1	0	1	2	5	0	1	1	0	1	1	2	1	2	0	2	0	2	0	0	3
37285	28 Mar 26	09:37:00	1	0	34	0	Ct	0	0	2	1	4	0	0	2	4	0	3	1	0	1	0	2	4	3	1	2	3	0	2	3	6	1	2	0	4	1	4	0	2	2
37286	28 Mar 26	09:38:00	1	0	34	0	Ct	0	0	3	2	3	1	0	2	3	0	2	3	0	0	3	3	1	1	1	2	2	0	0	4	3	5	4	0	1	1	2	0	3	4
37287	28 Mar 26	09:39:00	1	0	34	0	Ct	0	0	2	2	1	0	0	2	6	1	2	4	0	0	0	1	2	3	1	1	0	0	2	2	1	2	0	0	1	0	0	0	3	2
37288	28 Mar 26	09:40:00	1	0	34	0	Ct	0	0	2	1	1	0	0	5	1	2	0	1	0	2	1	1	2	2	0	0	2	0	2	2	2	15	0	0	2	2	0	0	5	2
37289	28 Mar 26	09:41:00	1	0	34	0	Ct	0	0	2	1	3	2	0	2	2	3	1	2	0	0	2	2	1	3	1	0	0	5	3	1	2	0	1	0	3	0	0	0	3	2
37290	28 Mar 26	09:42:00	1	0	34	0	Ct	0	0	3	0	0	13	0	2	1	0	6	1	0	0	1	1	3	4	1	0	3	1	2	1	3	0	2	0	0	4	2	0	3	0
37291	28 Mar 26	09:43:00	1	0	34	0	Ct	0	0	2	1	1	0	0	0	0	0	1	2	0	0	1	3	2	3	0	2	0	0	1	3	4	2	3	0	4	2	3	0	3	1
37292	28 Mar 26	09:44:00	1	0	34	0	Ct	0	0	2	2	4	0	0	0	4	0	0	2	0	0	3	2	2	2	1	2	0	0	2	1	3	2	0	0	3	2	27	0	2	2
37293	28 Mar 26	09:45:00	1	0	34	0	Ct	0	0	2	0	2	2	0	2	0	2	3	1	0	0	1	2	1	3	1	0	2	4	2	4	3	3	0	0	3	2	0	0	2	1
37294	28 Mar 26	09:46:00	1	0	34	0	Ct	0	0	2	2	2	1	0	2	2	0	2	2	0	0	0	0	0	4	0	0	2	4	0	5	2	1	0	0	1	2	0	0	5	3
37295	28 Mar 26	09:47:00	1	0	34	0	Ct	0	0	3	1	2	5	0	2	4	1	7	1	0	0	1	1	5	3	0	0	3	7	2	2	1	2	0	2	5	2	0	0	5	2
37296	28 Mar 26	09:48:00	1	0	34	0	Ct	0	0	3	1	2	0	0	0	2	0	0	1	0	1	1	1	2	2	0	0	5	7	2	1	2	2	2	3	1	1	0	0	4	4
37297	28 Mar 26	09:49:00	1	0	34	0	Ct	0	0	3	1	3	0	0	0	1	0	0	2	0	2	0	1	2	5	0	0	0	5	0	0	0	2	0	0	3	2	0	0	3	3
37298	28 Mar 26	09:50:00	1	0	34	0	Ct	0	0	2	1	2	0	0	0	3	0	2	2	2	0	2	1	0	2	0	1	0	0	0	2	0	2	1	2	1	1	0	0	5	7
37299	28 Mar 26	09:51:00	1	0	34	0	Ct	0	0	3	0	4	0	0	4	2	0	1	3	0	1	1	2	0	4	0	1	3	0	2	0	0	3	2	1	2	1	0	0	2	3
37300	28 Mar 26	09:52:00	1	0	34	0	Ct	0	0	2	0	2	0	0	4	4	0	1	2	0	2	1	2	2	2	1	2	0	0	2	2	0	3	3	0	1	0	0	0	4	4
37301	28 Mar 26	09:53:00	1	0	34	0	Ct	0	0	2	1	2	1	0	1	0	3	1	1	0	2	5	1	2	2	1	1	3	0	3	2	1	2	2	1	0	1	0	0	2	3
37302	28 Mar 26	09:54:00	1	0	34	0	Ct	0	0	3	1	1	0	0	0	2	1	1	2	0	0	1	3	3	2	4	1	2	7	2	2	3	2	1	1	0	1	0	0	3	4
37303	28 Mar 26	09:55:00	1	0	34	0	Ct	0	0	2	2	3	0	0	3	0	2	0	0	0	0	2	1	2	6	1	4	1	1	1	4	36	0	4	0	0	0	0	0	4	3
37304	28 Mar 26	09:56:00	1	0	34	0	Ct	0	0	1	0	0	0	0	0	2	1	1	2	0	2	0	1	2	2	0	1	5	0	6	3	2	1	4	0	0	2	0	0	4	2
37305	28 Mar 26	09:57:00	1	0	34	0	Ct	0	0	3	2	2	1	0	2	2	0	1	2	0	2	0	0	3	3	1	3	2	3	2	3	1	1	4	0	0	1	0	0	4	3
37306	28 Mar 26	09:58:00	1	0	34	0	Ct	0	0	3	1	1	0	0	2	2	1	0	2	0	0	0	2	3	5	2	1	3	0	2	2	2	3	4	2	3	1	0	0	5	2
37307	28 Mar 26	09:59:00	1	0	34	0	Ct	0	0	4	3	3	2	0	3	3	2	4	2	0	0	0	1	1	2	1	2	1	1	0	3	0	1	2	1	3	0	1	0	2	0
37308	28 Mar 26	10:00:00	1	0	34	0	Ct	0	0	2	2	3	0	0	3	3	2	4	1	0	4	2	2	4	2	1	2	6	5	3	3	6	1	2	1	1	0	0	0	1	2
37309	28 Mar 26	10:01:00	1	0	34	0	Ct	0	0	3	1	4	1	0	0	1	2	0	2	0	1	1	2	1	2	1	2	4	4	2	3	1	0	1	1	1	1	0	0	6	4
37310	28 Mar 26	10:02:00	1	0	34	0	Ct	0	0	2	0	5	4	0	3	0	3	1	1	0	2	0	1	3	6	0	0	1	0	1	2	2	2	2	2	2	2	0	0	5	1
37311	28 Mar 26	10:03:00	1	0	34	0	Ct	0	0	4	0	2	0	0	1	3	2	0	2	0	1	1	1	1	1	1	0	1	0	1	2	1	2	4	18	1	3	0	0	3	2
37312	28 Mar 26	10:04:00	1	0	34	0	Ct	0	0	3	0	2	0	0	0	2	0	1	2	0	0	1	2	1	3	1	1	3	0	1	3	0	1	4	4	3	3	0	0	2	2
37313	28 Mar 26	10:05:00	1	0	34	0	Ct	0	0	4	0	1	0	0	1	1	2	1	2	0	0	0	1	0	2	0	1	1	0	3	1	0	1	2	0	2	1	3	0	4	1
37314	28 Mar 26	10:06:00	1	0	34	0	Ct	0	0	5	0	4	0	0	2	1	2	2	2	0	0	0	2	2	3	2	2	1	0	1	2	1	1	1	2	0	1	3	0	5	5
37315	28 Mar 26	10:07:00	1	0	34	0	Ct	0	0	2	0	2	2	0	2	0	3	4	0	0	2	0	2	2	2	1	3	2	0	0	2	5	1	2	0	0	1	0	0	5	2
37316	28 Mar 26	10:08:00	1	0	34	0	Ct	0	0	1	2	2	2	0	3	2	3	1	2	0	0	0	2	2	4	2	2	2	1	0	3	6	1	0	0	1	0	0	0	1	4
37317	28 Mar 26	10:09:00	1	0	34	0	Ct	0	0	5	1	2	0	0	2	3	1	5	1	0	3	0	0	0	3	1	0	3	5	0	3	5	1	1	1	1	1	1	0	3	4
37318	28 Mar 26	10:10:00	1	0	34	0	Ct	0	1	2	1	1	0	0	2	1	2	2	0	0	0	0	0	2	1	0	1	1	0	0	1	2	1	1	7	0	1	2	0	5	2
37319	28 Mar 26	10:11:00	1	0	34	0	Ct	0	1	2	0	2	0	0	1	3	0	0	0	2	0	1	0	0	1	1	0	0	0	1	0	0	1	1	2	3	0	1	0	2	2
37320	28 Mar 26	10:12:00	1	0	34	0	Ct	0	1	0	0	0	0	0	1	2	0	0	0	0	2	4	0	2	3	1	0	0	0	1	0	0	2	0	1	1	3	2	0	2	0
37321	28 Mar 26	10:13:00	1	0	34	0	Ct	0	1	0	0	2	2	0	1	0	0	1	0	0	0	3	0	5	0	0	1	1	0	3	0	0	2	2	2	0	2	0	0	2	0
37322	28 Mar 26	10:14:00	1	0	34	0	Ct	0	1	1	0	1	1	0	1	0	1	1	1	0	0	3	0	3	2	0	1	0	0	0	0	0	2	0	1	2	0	2	0	1	1
37323	28 Mar 26	10:15:00	1	0	34	0	Ct	0	1	2	2	2	2	0	1	0	1	0	2	0	0	2	2	6	3	0	0	0	0	1	2	0	2	0	3	0	5	1	0	3	1
37324	28 Mar 26	10:16:00	1	0	34	0	Ct	0	1	2	1	2	0	0	2	1	0	1	2	0	0	3	2	2	1	0	0	0	5	2	0	0	3	0	2	0	0	2	0	3	2
37325	28 Mar 26	10:17:00	1	0	34	0	Ct	0	1	2	1	2	2	0	4	1	0	1	1	0	1	3	0	3	4	0	2	0	0	1	0	0	2	0	1	2	2	1	0	2	1
37326	28 Mar 26	10:18:00	1	0	34	0	Ct	0	1	0	0	1	1	0	2	2	0	1	5	0	2	1	2	2	1	0	2	0	0	2	1	0	2	2	1	0	0	1	0	3	3
37327	28 Mar 26	10:19:00	1	0	34	0	Ct	0	1	0	2	2	3	0	1	4	0	1	1	0	0	4	2	4	3	0	2	1	0	2	3	2	3	0	4	1	2	0	0	1	3
37328	28 Mar 26	10:20:00	1	0	34	0	Ct	0	1	1	0	1	2	0	4	4	0	0	2	0	0	2	0	2	2	0	2	4	0	1	2	2	3	0	1	0	0	4	0	4	4
37329	28 Mar 26	10:21:00	1	0	34	0	Ct	0	1	1	1	2	2	0	0	4	0	0	2	0	0	2	1	1	2	0	2	3	0	2	3	2	1	1	0	1	0	1	0	3	3
37330	28 Mar 26	10:22:00	1	0	34	0	Ct	0	1	0	1	4	1	0	2	3	0	0	1	4	0	3	2	3	2	0	0	2	0	2	1	3	1	2	5	2	0	0	0	4	2
37331	28 Mar 26	10:23:00	1	0	34	0	Ct	0	1	2	2	2	1	0	0	3	0	1	1	4	0	2	2	3	3	0	2	2	0	2	0	3	0	1	2	2	2	1	0	2	2
37332	28 Mar 26	10:24:00	1	0	34	0	Ct	0	1	3	2	3	2	0	2	2	0	2	3	1	1	2	6	3	3	0	0	3	0	2	0	1	1	3	3	3	4	2	0	2	3
37333	28 Mar 26	10:25:00	1	0	34	0	Ct	0	1	1	3	1	4	0	1	2	0	2	0	0	0	2	2	0	2	0	2	2	0	2	2	0	0	1	1	1	3	0	0	2	3
37334	28 Mar 26	10:26:00	1	0	34	0	Ct	0	1	2	1	3	1	0	2	2	1	2	1	3	0	0	1	1	0	0	1	0	4	1	0	1	3	1	2	0	3	3	0	1	2
37335	28 Mar 26	10:27:00	1	0	34	0	Ct	0	1	0	2	2	2	0	1	0	3	2	1	0	4	0	0	3	2	0	1	3	1	0	1	3	2	1	3	0	1	2	0	3	0
37336	28 Mar 26	10:28:00	1	0	34	0	Ct	0	1	2	0	2	7	0	2	4	0	1	2	1	0	1	2	2	5	0	0	0	0	2	0	0	3	0	0	0	0	0	0	3	0
37337	28 Mar 26	10:29:00	1	0	34	0	Ct	0	1	2	0	1	3	0	1	1	2	1	2	1	0	2	1	2	4	0	0	2	10	3	2	0	1	0	1	0	2	1	0	3	0
37338	28 Mar 26	10:30:00	1	0	34	0	Ct	0	1	2	1	2	2	0	1	3	2	1	2	9	2	2	0	2	4	1	2	2	0	3	0	2	2	2	8	4	0	1	0	2	0
37339	28 Mar 26	10:31:00	1	0	34	0	Ct	0	1	1	1	1	1	0	3	2	2	2	3	8	2	2	0	0	1	1	1	2	0	2	0	0	2	0	0	1	2	3	0	3	0
37340	28 Mar 26	10:32:00	1	0	34	0	Ct	0	1	2	2	2	1	0	2	1	0	0	3	2	1	2	0	6	1	0	2	2	1	2	0	0	2	1	0	0	2	1	0	4	0
37341	28 Mar 26	10:33:00	1	0	34	0	Ct	0	1	2	2	0	1	0	1	3	0	0	2	0	3	3	0	1	1	2	1	1	0	2	0	0	3	0	1	2	0	0	0	3	0
37342	28 Mar 26	10:34:00	1	0	34	0	Ct	0	1	2	2	3	3	0	3	1	0	2	0	0	2	2	0	4	6	0	0	0	0	3	1	0	1	1	2	5	1	1	0	4	0
37343	28 Mar 26	10:35:00	1	0	34	0	Ct	0	1	3	1	3	3	0	2	1	2	1	0	0	1	2	0	0	3	0	2	1	0	0	3	0	3	0	0	0	1	1	0	7	0
37344	28 Mar 26	10:36:00	1	0	34	0	Ct	0	1	2	2	1	2	0	0	2	1	4	0	0	0	2	0	1	3	0	0	1	0	0	0	2	1	0	4	4	1	2	0	1	0
37345	28 Mar 26	10:37:00	1	0	34	0	Ct	0	1	1	2	2	1	0	2	3	1	1	0	0	1	3	0	3	3	1	1	1	1	0	0	2	9	0	2	0	1	2	0	3	1
37346	28 Mar 26	10:38:00	1	0	34	0	Ct	0	1	1	1	3	1	0	0	2	1	1	3	0	4	2	0	2	4	0	1	2	0	2	1	0	2	0	0	0	0	1	0	2	3
37347	28 Mar 26	10:39:00	1	0	34	0	Ct	0	1	1	0	1	4	0	2	0	0	0	1	0	0	0	2	1	2	2	2	0	1	0	1	0	3	0	3	1	1	0	0	3	2
37348	28 Mar 26	10:40:00	1	0	34	0	Ct	0	1	0	0	3	4	0	0	0	0	0	1	0	1	2	1	3	1	0	0	3	6	2	1	0	1	0	3	2	3	1	0	5	0
37349	28 Mar 26	10:41:00	1	0	34	0	Ct	0	1	2	2	3	1	0	1	0	1	0	3	0	1	1	2	2	1	0	0	2	0	2	0	0	0	0	3	1	4	1	0	0	2
37350	28 Mar 26	10:42:00	1	0	34	0	Ct	0	1	0	1	3	2	0	1	0	3	1	1	0	2	1	0	3	3	0	0	1	1	4	0	2	3	0	3	3	1	1	0	3	2
37351	28 Mar 26	10:43:00	1	0	34	0	Ct	0	1	1	1	2	1	0	2	1	1	1	1	0	2	2	1	0	2	0	0	5	5	2	0	1	0	0	1	0	0	1	0	4	0
37352	28 Mar 26	10:44:00	1	0	34	0	Ct	0	1	2	1	4	5	0	0	1	1	3	1	0	1	2	2	0	1	0	1	1	0	1	0	0	2	0	1	0	0	1	0	1	2
37353	28 Mar 26	10:45:00	1	0	34	0	Ct	0	1	1	2	4	2	0	2	1	1	2	2	0	0	2	0	1	2	1	0	0	0	1	2	0	0	0	2	0	0	2	0	4	1
37354	28 Mar 26	10:46:00	1	0	34	0	Ct	0	1	1	1	2	2	0	0	0	0	1	2	0	0	1	3	3	3	1	1	0	0	2	3	0	4	0	5	0	0	1	0	3	1
37355	28 Mar 26	10:47:00	1	0	34	0	Ct	0	1	1	3	2	2	0	2	4	0	2	1	0	0	3	0	2	3	0	1	3	0	0	0	2	7	0	2	2	3	2	0	3	2
37356	28 Mar 26	10:48:00	1	0	34	0	Ct	0	1	0	0	3	3	0	4	2	0	1	3	1	1	2	2	5	1	0	0	4	0	2	0	1	0	0	3	0	0	3	0	4	4
37357	28 Mar 26	10:49:00	1	0	34	0	Ct	0	1	0	1	1	2	0	2	1	2	1	0	1	1	2	4	3	3	0	2	3	0	3	1	2	1	3	2	3	4	1	0	4	2
37358	28 Mar 26	10:50:00	1	0	34	0	Ct	0	1	0	1	2	1	0	2	3	0	0	2	0	1	1	1	0	2	0	4	1	3	0	1	0	3	1	0	0	0	1	0	2	2
37359	28 Mar 26	10:51:00	1	0	34	0	Ct	0	1	1	2	2	4	0	2	2	0	0	2	0	1	1	1	2	4	0	0	0	0	0	0	0	2	1	2	1	0	2	0	2	2
37360	28 Mar 26	10:52:00	1	0	34	0	Ct	0	1	2	1	2	2	0	1	2	2	0	2	3	2	1	2	3	2	0	1	2	0	4	0	2	1	1	0	1	1	0	0	1	2
37361	28 Mar 26	10:53:00	1	0	34	0	Ct	0	1	0	2	0	0	0	1	4	0	0	3	1	1	1	0	2	2	0	1	0	0	0	0	0	3	1	3	1	1	0	0	1	1
37362	28 Mar 26	10:54:00	1	0	34	0	Ct	0	1	0	1	0	4	0	2	1	0	0	2	1	1	2	0	3	2	0	3	0	10	0	0	0	1	2	3	0	1	0	0	2	3
37363	28 Mar 26	10:55:00	1	0	34	0	Ct	0	1	0	1	5	1	0	1	3	0	0	3	7	2	2	0	1	4	0	2	0	0	2	0	0	2	0	1	0	1	1	0	4	2
37364	28 Mar 26	10:56:00	1	0	34	0	Ct	0	1	0	1	4	1	0	2	2	0	0	1	0	1	2	0	1	3	0	1	0	0	3	0	0	1	0	0	0	2	1	0	2	4
37365	28 Mar 26	10:57:00	1	0	34	0	Ct	0	1	0	2	2	2	0	3	1	0	0	4	0	2	2	1	2	3	0	1	0	6	1	2	0	3	0	6	0	0	0	0	0	0
37366	28 Mar 26	10:58:00	1	0	34	0	Ct	0	1	0	0	3	3	0	1	3	1	0	0	0	1	1	1	3	1	0	0	4	0	1	0	0	3	0	0	5	0	0	0	4	0
37367	28 Mar 26	10:59:00	1	0	34	0	Ct	0	1	2	0	3	2	0	2	1	1	0	1	0	0	1	1	4	2	0	0	2	0	2	4	0	1	0	1	0	0	0	0	2	2
37368	28 Mar 26	11:00:00	1	0	34	0	Ct	0	1	2	0	2	6	0	1	5	2	0	1	1	1	1	1	1	3	2	0	0	0	2	0	2	2	0	1	2	0	1	0	3	0
37369	28 Mar 26	11:01:00	1	0	34	0	Ct	0	1	0	0	3	2	0	3	1	0	0	5	2	0	2	1	0	2	0	0	1	0	0	1	3	3	0	3	3	1	0	0	4	1
37370	28 Mar 26	11:02:00	1	0	34	0	Ct	0	1	0	0	5	2	0	1	3	0	0	2	1	2	2	2	3	2	0	1	3	0	0	1	3	1	0	2	0	1	1	0	1	3
37371	28 Mar 26	11:03:00	1	0	34	0	Ct	0	1	0	0	4	2	0	0	1	2	0	2	0	0	2	1	3	4	0	1	0	0	3	1	1	2	1	3	0	0	0	0	1	0
37372	28 Mar 26	11:04:00	1	0	34	0	Ct	0	1	0	0	3	2	0	2	3	1	0	0	0	4	2	1	3	3	0	2	0	0	1	3	1	3	2	2	0	2	0	0	3	4
37373	28 Mar 26	11:05:00	1	0	34	0	Ct	0	1	2	1	2	1	0	2	0	0	0	1	0	1	2	0	3	1	0	0	1	8	2	1	0	3	0	3	1	1	0	0	2	4
37374	28 Mar 26	11:06:00	1	0	34	0	Ct	0	1	1	1	3	3	0	0	0	0	0	3	0	5	2	1	3	1	0	0	2	2	2	3	1	2	0	1	0	1	0	0	3	2
37375	28 Mar 26	11:07:00	1	0	34	0	Ct	0	1	2	2	2	3	0	4	0	2	0	1	0	0	2	2	2	2	0	1	3	0	4	1	1	2	0	2	1	1	0	0	1	0
37376	28 Mar 26	11:08:00	1	0	34	0	Ct	0	1	2	0	3	3	0	2	0	1	0	0	0	1	1	2	3	4	2	0	0	0	2	3	0	1	0	2	0	5	0	0	9	2
37377	28 Mar 26	11:09:00	1	0	34	0	Ct	0	1	0	0	1	1	0	3	2	1	0	1	0	2	0	1	4	3	0	1	2	3	3	0	2	1	0	4	0	0	0	0	3	2
37378	28 Mar 26	11:10:00	1	0	34	0	Ct	0	1	2	0	4	2	0	1	3	0	0	1	0	1	0	1	4	0	1	2	4	0	3	1	2	1	0	3	1	0	0	0	3	4
37379	28 Mar 26	11:11:00	1	0	34	0	Ct	0	1	2	0	2	1	0	0	1	0	0	2	0	2	0	2	3	0	0	0	1	0	6	2	0	1	0	1	2	1	0	0	4	5
37380	28 Mar 26	11:12:00	1	0	34	0	Ct	0	1	0	0	1	4	0	0	2	0	1	2	0	2	0	0	3	2	0	1	0	0	1	0	0	2	0	0	1	1	0	0	2	3
37381	28 Mar 26	11:13:00	1	0	34	0	Ct	0	1	2	0	3	3	0	0	1	2	0	1	0	2	0	1	2	4	0	2	0	0	0	3	0	0	0	3	3	2	3	0	5	0
37382	28 Mar 26	11:14:00	1	0	34	0	Ct	0	1	0	0	2	2	0	6	2	2	0	2	0	0	2	3	2	1	0	2	0	0	0	3	1	3	0	4	7	0	0	0	1	0
37383	28 Mar 26	11:15:00	1	0	34	0	Ct	0	1	2	0	0	2	0	0	1	2	1	2	0	0	3	1	1	0	0	1	3	0	0	4	1	0	0	3	0	2	1	0	2	2
37384	28 Mar 26	11:16:00	1	0	34	0	Ct	0	1	0	0	4	4	0	1	2	0	0	2	0	0	2	1	1	3	0	1	0	0	1	7	0	3	0	1	3	2	1	0	1	0
37385	28 Mar 26	11:17:00	1	0	34	0	Ct	0	1	0	0	1	2	0	0	2	0	0	3	0	0	2	0	1	1	2	1	0	0	1	7	0	2	0	4	2	2	1	0	2	0
37386	28 Mar 26	11:18:00	1	0	34	0	Ct	0	1	0	1	2	3	0	0	1	0	1	1	1	1	3	0	3	7	3	0	0	0	1	4	0	0	0	1	1	0	3	0	5	3
37387	28 Mar 26	11:19:00	1	0	34	0	Ct	0	1	0	1	3	2	0	3	2	0	1	2	1	1	2	2	1	1	0	0	0	2	2	3	2	2	1	2	2	0	1	0	3	3
37388	28 Mar 26	11:20:00	1	0	34	0	Ct	0	1	1	0	3	3	0	1	1	1	3	0	0	0	1	2	3	4	1	0	5	0	1	2	1	2	1	2	1	0	0	0	3	2
37389	28 Mar 26	11:21:00	1	0	34	0	Ct	0	1	2	1	2	3	0	2	0	1	1	2	1	1	1	1	2	4	0	0	1	0	2	0	1	2	3	1	1	0	0	0	2	2
37390	28 Mar 26	11:22:00	1	0	34	0	Ct	0	1	0	4	6	2	0	1	0	0	3	2	9	1	2	1	2	2	2	0	1	0	2	3	0	2	0	3	0	0	0	0	3	1
37391	28 Mar 26	11:23:00	1	0	34	0	Ct	0	1	1	1	4	1	0	2	0	0	3	2	0	0	1	0	3	2	0	1	4	0	0	5	0	0	0	6	0	0	0	0	1	1
37392	28 Mar 26	11:24:00	1	0	34	0	Ct	0	1	1	2	5	5	0	0	0	0	2	0	1	3	2	2	3	2	0	1	1	0	4	3	0	3	1	0	1	2	7	0	4	3
37393	28 Mar 26	11:25:00	1	0	34	0	Ct	0	1	0	0	1	2	0	2	0	0	3	2	2	1	1	3	2	3	0	1	0	0	4	4	0	1	2	1	0	3	0	0	3	0
37394	28 Mar 26	11:26:00	1	0	34	0	Ct	0	1	0	2	3	2	0	0	0	2	1	0	3	1	1	2	1	4	0	1	0	0	3	0	0	2	1	3	5	0	0	0	4	2
37395	28 Mar 26	11:27:00	1	0	34	0	Ct	0	1	0	0	1	1	0	5	0	2	0	1	2	0	2	1	1	1	0	0	0	0	1	1	0	1	2	3	0	2	0	0	3	1
37396	28 Mar 26	11:28:00	1	0	34	0	Ct	0	1	0	0	4	4	0	1	2	0	1	1	1	0	3	0	1	3	0	0	2	0	1	2	0	1	1	0	2	0	0	0	2	3
37397	28 Mar 26	11:29:00	1	0	34	0	Ct	0	1	0	3	2	1	0	2	0	1	1	2	1	2	2	0	2	3	0	1	4	0	2	0	0	2	1	0	1	0	1	0	4	2
37398	28 Mar 26	11:30:00	1	0	34	0	Ct	0	1	1	4	6	2	0	4	2	1	1	1	1	1	1	1	4	2	0	3	3	0	1	1	0	1	3	0	2	3	1	0	1	2
37399	28 Mar 26	11:31:00	1	0	34	0	Ct	0	1	2	2	1	2	0	2	0	2	1	2	3	0	0	1	2	0	0	0	2	0	0	4	1	1	3	0	1	0	0	0	3	0
37400	28 Mar 26	11:32:00	1	0	34	0	Ct	0	1	1	3	4	3	0	1	2	0	1	2	0	1	0	2	0	4	0	0	1	0	2	0	1	2	2	0	0	0	0	0	1	2
37401	28 Mar 26	11:33:00	1	0	34	0	Ct	0	1	0	2	4	2	0	1	0	0	0	1	0	1	0	0	1	1	0	0	1	0	1	2	0	2	1	0	1	0	0	0	1	2
37402	28 Mar 26	11:34:00	1	0	34	0	Ct	0	1	1	1	4	1	0	2	0	2	0	2	0	1	1	1	1	4	0	2	3	0	2	1	2	3	3	0	0	2	0	0	1	1
37403	28 Mar 26	11:35:00	1	0	34	0	Ct	0	1	2	0	4	4	0	2	0	1	1	1	0	0	3	0	0	2	0	1	2	1	2	2	1	0	2	0	0	1	0	0	1	2
37404	28 Mar 26	11:36:00	1	0	34	0	Ct	0	1	0	3	2	3	0	0	0	1	2	1	0	0	1	2	3	6	0	1	2	0	1	0	1	0	2	0	0	0	0	0	1	1
37405	28 Mar 26	11:37:00	1	0	34	0	Ct	0	1	3	3	0	2	0	0	1	2	1	3	0	0	2	0	3	2	0	0	0	1	0	2	0	0	2	1	4	0	0	0	2	2
37406	28 Mar 26	11:38:00	1	0	34	0	Ct	0	1	2	1	0	2	0	0	4	2	1	1	0	0	3	2	3	2	0	0	0	6	1	2	2	1	3	4	0	0	0	0	5	2
37407	28 Mar 26	11:39:00	1	0	34	0	Ct	0	1	4	1	2	0	0	0	0	2	2	2	0	0	1	1	1	1	0	0	1	2	2	4	2	3	2	4	0	0	0	0	2	2
37408	28 Mar 26	11:40:00	1	0	34	0	Ct	0	1	2	3	0	0	0	0	1	0	0	0	0	0	3	1	2	3	0	3	2	0	2	1	3	2	1	0	0	2	0	0	2	0
37409	28 Mar 26	11:41:00	1	0	34	0	Ct	0	1	0	1	2	3	0	4	0	0	0	1	0	0	2	0	2	3	1	1	2	10	0	4	1	1	1	2	0	0	0	0	6	0
37410	28 Mar 26	11:42:00	1	0	34	0	Ct	0	1	0	1	2	3	0	1	0	0	0	1	0	0	2	1	1	2	1	0	2	0	0	0	0	0	0	1	0	0	0	0	2	0
37411	28 Mar 26	11:43:00	1	0	34	0	Ct	0	1	2	1	1	2	0	2	1	2	0	1	0	0	3	0	2	3	0	0	4	0	1	2	0	2	0	0	3	0	0	0	2	1
37412	28 Mar 26	11:44:00	1	0	34	0	Ct	0	1	0	3	0	1	0	1	1	0	0	2	0	2	2	3	3	4	0	2	2	0	1	0	0	1	0	0	1	0	2	0	3	3
37413	28 Mar 26	11:45:00	1	0	34	0	Ct	0	1	1	0	1	2	0	3	2	0	0	2	0	1	1	3	1	1	0	0	0	0	0	0	0	2	0	0	4	0	0	0	4	0
37414	28 Mar 26	11:46:00	1	0	34	0	Ct	0	1	1	0	0	0	0	0	5	0	0	3	0	0	2	4	4	2	0	0	0	0	2	2	0	2	2	0	6	0	1	0	1	0
37415	28 Mar 26	11:47:00	1	0	34	0	Ct	0	1	0	0	0	2	0	0	0	0	0	2	0	0	1	6	4	4	0	1	1	0	0	2	0	3	0	0	0	0	0	0	2	1
37416	28 Mar 26	11:48:00	1	0	34	0	Ct	0	1	0	2	1	1	0	2	1	0	2	0	0	0	2	0	3	2	0	1	3	0	2	2	0	0	1	4	2	0	0	0	0	2
37417	28 Mar 26	11:49:00	1	0	34	0	Ct	0	1	2	2	3	4	0	4	1	1	1	0	0	0	2	0	2	0	0	1	0	0	0	3	0	2	2	1	0	0	0	0	2	3
37418	28 Mar 26	11:50:00	1	0	34	0	Ct	0	1	1	2	5	1	0	1	1	1	0	0	0	0	1	1	1	0	0	0	1	0	0	1	0	1	3	0	0	0	0	0	4	2
37419	28 Mar 26	11:51:00	1	0	34	0	Ct	0	1	1	2	3	1	0	2	2	0	0	0	0	0	2	1	0	0	0	0	2	0	0	1	0	2	1	0	3	0	3	0	3	0
37420	28 Mar 26	11:52:00	1	0	34	0	Ct	0	1	2	1	3	2	0	1	0	0	0	0	0	0	2	4	2	0	0	1	1	0	0	0	0	1	1	0	6	0	0	0	3	0
37421	28 Mar 26	11:53:00	1	0	34	0	Ct	0	1	0	1	2	2	0	0	3	0	0	0	0	2	2	2	2	0	0	1	0	2	0	1	0	1	2	0	1	3	1	0	3	4
37422	28 Mar 26	11:54:00	1	0	34	0	Ct	0	1	1	1	4	2	0	3	8	0	0	0	0	0	1	0	1	1	0	2	2	6	0	1	0	1	2	0	3	1	0	0	2	6
37423	28 Mar 26	11:55:00	1	0	34	0	Ct	0	1	1	3	4	2	0	3	17	0	0	0	0	2	1	0	1	1	0	0	2	2	0	2	0	2	0	1	2	0	0	0	3	3
37424	28 Mar 26	11:56:00	1	0	34	0	Ct	0	1	0	2	4	2	0	2	1	1	0	1	0	0	2	0	4	2	0	0	0	0	0	1	1	2	0	0	2	1	0	0	2	0
37425	28 Mar 26	11:57:00	1	0	34	0	Ct	0	1	0	2	2	3	0	2	2	1	0	1	0	0	1	0	0	3	0	0	0	0	0	1	0	0	0	0	3	1	4	0	3	0
37426	28 Mar 26	11:58:00	1	0	34	0	Ct	0	1	0	1	4	4	0	3	0	1	0	0	0	0	3	0	1	3	1	0	0	0	0	1	1	2	0	0	0	0	1	0	4	2
37427	28 Mar 26	11:59:00	1	0	34	0	Ct	0	1	2	1	2	2	0	2	0	2	0	0	0	1	2	0	3	3	0	0	1	0	0	2	0	2	0	0	0	2	0	0	2	0
37428	28 Mar 26	12:00:00	1	0	34	0	Ct	0	1	0	1	2	1	0	2	0	1	0	0	0	1	2	0	0	4	3	0	4	0	0	0	0	4	0	0	2	0	0	0	4	3
37429	28 Mar 26	12:01:00	1	0	34	0	Ct	0	1	2	1	2	1	0	0	0	1	0	1	0	0	0	1	2	2	0	0	2	0	0	1	0	1	0	0	0	1	1	0	5	0
37430	28 Mar 26	12:02:00	1	0	34	0	Ct	0	1	0	0	3	2	0	4	0	2	0	1	0	0	1	0	2	4	0	0	1	0	0	0	0	1	0	0	1	1	1	0	3	1
37431	28 Mar 26	12:03:00	1	0	34	0	Ct	0	1	2	0	2	3	0	1	0	0	0	3	0	1	2	0	1	4	0	0	0	0	0	2	0	3	0	0	0	0	0	0	1	2
37432	28 Mar 26	12:04:00	1	0	34	0	Ct	0	1	1	2	5	3	0	2	0	0	0	1	0	0	2	0	1	1	0	0	3	0	0	0	0	0	0	0	1	0	1	0	0	1
37433	28 Mar 26	12:05:00	1	0	34	0	Ct	0	1	3	2	6	4	0	2	0	0	0	0	0	1	0	0	3	11	0	0	0	0	0	1	0	1	1	0	3	3	0	0	0	0
37434	28 Mar 26	12:06:00	1	0	34	0	Ct	0	1	0	0	2	2	0	0	0	2	0	0	0	2	0	3	3	1	0	0	0	4	0	3	0	2	0	0	2	0	1	0	3	0
37435	28 Mar 26	12:07:00	1	0	34	0	Ct	0	1	2	1	3	2	0	3	0	0	0	1	0	2	1	1	4	0	0	1	0	0	0	2	0	2	1	0	3	0	1	0	1	0
37436	28 Mar 26	12:08:00	1	0	34	0	Ct	0	1	2	2	3	2	0	1	3	0	0	1	0	1	1	2	2	2	0	0	2	0	0	0	1	0	0	0	0	0	1	0	2	0
37437	28 Mar 26	12:09:00	1	0	34	0	Ct	0	1	0	2	3	1	0	1	1	2	0	0	0	1	2	1	0	2	0	3	1	0	2	1	1	0	1	0	0	0	2	0	1	2
37438	28 Mar 26	12:10:00	1	0	34	0	Ct	0	1	1	1	3	3	0	1	0	0	0	2	0	4	0	2	2	0	0	1	0	0	0	0	0	1	0	0	1	0	1	0	3	0
37439	28 Mar 26	12:11:00	1	0	34	0	Ct	0	1	1	2	1	1	0	0	0	0	0	0	0	1	2	1	3	1	0	1	2	0	2	0	0	3	0	1	2	0	0	0	3	0
37440	28 Mar 26	12:12:00	1	0	34	0	Ct	0	1	0	1	2	1	0	0	0	0	0	1	0	1	1	1	1	2	0	0	1	0	2	0	0	1	0	2	0	1	0	0	0	0
37441	28 Mar 26	12:13:00	1	0	34	0	Ct	0	1	0	2	3	4	0	0	2	0	0	2	0	1	1	0	2	3	0	2	0	1	0	2	0	4	0	2	0	1	0	0	2	1
37442	28 Mar 26	12:14:00	1	0	34	0	Ct	0	1	1	0	1	5	0	2	2	0	0	0	0	0	2	2	3	4	0	0	0	0	0	2	0	0	0	0	2	0	0	0	3	1
37443	28 Mar 26	12:15:00	1	0	34	0	Ct	0	1	2	1	0	1	0	0	2	2	0	2	0	1	3	3	2	0	0	0	0	0	2	0	0	2	0	0	0	0	0	0	2	2
37444	28 Mar 26	12:16:00	1	0	34	0	Ct	0	1	0	0	2	2	0	0	2	1	0	1	0	1	1	0	4	0	0	0	0	0	2	2	2	0	5	3	2	1	1	0	1	2
37445	28 Mar 26	12:17:00	1	0	34	0	Ct	0	1	1	0	0	1	0	2	0	0	0	1	0	2	2	0	0	3	3	0	2	4	2	1	0	0	0	5	0	1	0	0	3	3
37446	28 Mar 26	12:18:00	1	0	34	0	Ct	0	1	2	2	2	1	0	0	2	0	0	1	0	2	1	0	2	2	0	0	4	0	2	4	0	2	0	1	0	0	2	0	2	3
37447	28 Mar 26	12:19:00	1	0	34	0	Ct	0	1	3	0	3	1	0	0	3	0	0	0	0	0	1	0	2	0	0	0	1	5	1	0	0	2	0	3	0	0	2	0	2	0
37448	28 Mar 26	12:20:00	1	0	34	0	Ct	0	1	0	0	5	3	0	2	1	0	0	0	0	0	2	0	4	2	0	0	4	2	1	2	0	2	0	1	0	0	0	0	0	2
37449	28 Mar 26	12:21:00	1	0	34	0	Ct	0	1	0	0	1	3	0	0	2	0	0	2	0	2	0	2	2	0	0	2	1	0	0	1	2	1	2	1	0	0	2	0	4	0
37450	28 Mar 26	12:22:00	1	0	34	0	Ct	0	1	1	0	1	2	0	0	3	0	0	1	0	1	0	3	1	0	0	4	0	0	2	0	0	2	0	1	0	0	0	0	2	0
37451	28 Mar 26	12:23:00	1	0	34	0	Ct	0	1	3	0	4	1	0	3	0	0	0	0	0	1	0	1	2	1	0	5	5	0	1	2	0	3	0	4	2	3	0	0	3	2
37452	28 Mar 26	12:24:00	1	0	34	0	Ct	0	1	0	0	3	2	0	1	1	0	0	0	0	1	1	1	2	2	0	0	0	0	1	0	1	2	0	4	0	1	0	0	3	2
37453	28 Mar 26	12:25:00	1	0	34	0	Ct	0	1	2	0	1	1	0	2	1	0	0	3	0	0	2	3	2	5	0	1	0	0	2	0	3	1	0	0	0	0	2	0	2	3
37454	28 Mar 26	12:26:00	1	0	34	0	Ct	0	1	2	4	2	1	0	2	1	0	0	1	0	0	2	1	2	1	0	0	2	5	2	0	0	2	0	3	0	0	0	0	1	2
37455	28 Mar 26	12:27:00	1	0	34	0	Ct	0	1	2	0	1	2	0	2	7	0	0	2	0	0	1	4	2	1	0	0	1	5	0	0	0	1	0	0	0	2	1	0	2	2
37456	28 Mar 26	12:28:00	1	0	34	0	Ct	0	1	0	1	3	3	0	0	1	0	0	2	0	0	2	3	2	2	0	0	3	6	2	0	0	0	0	2	0	0	0	0	4	2
37457	28 Mar 26	12:29:00	1	0	34	0	Ct	0	1	2	3	0	1	0	0	1	1	0	2	0	1	1	2	2	4	0	0	0	7	1	1	0	2	0	2	1	0	0	0	2	0
37458	28 Mar 26	12:30:00	1	0	34	0	Ct	0	1	0	0	4	1	0	2	1	2	0	3	0	0	0	3	3	3	0	0	4	0	4	1	0	0	0	1	0	0	0	0	4	0
37459	28 Mar 26	12:31:00	1	0	34	0	Ct	0	1	1	0	3	2	0	2	0	0	0	1	0	0	1	1	4	2	0	0	2	0	2	1	0	0	0	0	2	0	0	0	1	0
37460	28 Mar 26	12:32:00	1	0	34	0	Ct	0	1	1	0	3	2	0	0	2	2	0	3	0	2	2	0	3	5	0	0	5	0	0	0	0	2	0	2	0	0	0	0	2	0
37461	28 Mar 26	12:33:00	1	0	34	0	Ct	0	1	1	0	2	1	0	1	1	0	0	1	0	0	2	0	2	1	0	0	0	0	1	2	0	0	0	0	0	0	0	0	2	0
37462	28 Mar 26	12:34:00	1	0	34	0	Ct	0	1	1	0	2	2	0	1	2	1	0	1	0	0	3	0	3	2	0	2	2	1	0	2	0	0	1	0	0	1	0	0	4	0
37463	28 Mar 26	12:35:00	1	0	34	0	Ct	0	1	0	0	2	1	0	2	2	0	0	2	0	0	2	0	2	2	0	1	6	0	1	0	0	1	5	1	1	1	0	0	2	0
37464	28 Mar 26	12:36:00	1	0	34	0	Ct	0	1	3	0	3	3	0	0	1	0	0	2	0	0	1	0	1	3	0	1	0	0	0	2	2	1	8	2	3	0	0	0	3	2
37465	28 Mar 26	12:37:00	1	0	34	0	Ct	0	1	0	1	1	2	0	0	5	0	0	1	0	0	3	0	3	2	0	0	0	0	2	0	0	0	0	1	1	0	0	0	2	2
37466	28 Mar 26	12:38:00	1	0	34	0	Ct	0	1	0	1	0	2	0	0	0	0	0	2	0	0	2	0	3	2	0	1	1	3	2	0	1	2	1	3	8	0	0	0	1	0
37467	28 Mar 26	12:39:00	1	0	34	0	Ct	0	1	0	2	2	3	0	0	0	1	1	1	0	1	2	2	2	4	0	2	2	0	0	0	0	1	1	1	2	0	3	0	3	1
37468	28 Mar 26	12:40:00	1	0	34	0	Ct	0	1	1	0	2	1	0	0	0	1	0	3	0	1	1	0	1	2	0	1	1	0	0	1	0	0	2	2	0	0	0	0	4	1
37469	28 Mar 26	12:41:00	1	0	34	0	Ct	0	1	2	2	3	1	0	0	1	1	0	0	0	0	0	1	3	0	0	0	0	2	0	1	0	3	0	1	0	0	1	0	0	0
37470	28 Mar 26	12:42:00	1	0	34	0	Ct	0	1	2	2	1	1	0	0	0	0	0	2	0	0	1	2	3	0	0	0	2	5	2	3	0	2	0	0	0	0	0	0	3	0
37471	28 Mar 26	12:43:00	1	0	34	0	Ct	0	1	2	3	1	4	0	0	0	1	0	0	0	0	2	2	2	2	0	0	0	1	0	3	0	0	0	4	0	0	4	0	3	1
37472	28 Mar 26	12:44:00	1	0	34	0	Ct	0	1	3	2	4	4	0	0	0	0	0	2	0	0	0	0	1	1	0	0	0	0	2	3	0	2	0	4	0	0	1	0	1	2
37473	28 Mar 26	12:45:00	1	0	34	0	Ct	0	1	1	1	3	1	0	0	1	0	0	1	0	1	0	0	1	2	0	0	1	0	0	1	0	0	2	0	0	0	2	0	0	3
37474	28 Mar 26	12:46:00	1	0	34	0	Ct	0	1	0	0	2	2	0	0	0	0	0	2	0	1	0	0	0	2	0	0	3	0	0	0	0	2	0	0	0	0	3	0	1	2
37475	28 Mar 26	12:47:00	1	0	34	0	Ct	0	1	0	2	2	3	0	1	1	0	0	2	0	0	0	4	0	3	0	0	2	0	0	0	0	2	0	0	1	0	1	0	3	0
37476	28 Mar 26	12:48:00	1	0	34	0	Ct	0	1	1	2	2	3	0	1	0	0	0	1	0	0	0	0	1	2	0	0	2	0	0	2	0	2	0	1	0	3	0	0	0	0
37477	28 Mar 26	12:49:00	1	0	34	0	Ct	0	1	1	1	2	2	0	0	1	0	0	1	0	2	0	3	3	5	0	0	1	0	0	1	0	1	1	9	0	1	0	0	0	2
37478	28 Mar 26	12:50:00	1	0	34	0	Ct	0	1	0	1	2	1	0	0	5	0	0	0	0	0	1	5	2	5	0	0	2	0	0	1	0	0	1	1	1	0	1	0	2	4
37479	28 Mar 26	12:51:00	1	0	34	0	Ct	0	1	1	0	2	2	0	0	1	0	0	1	0	1	1	1	2	3	0	0	2	0	0	2	0	0	0	1	0	0	1	0	1	3
37480	28 Mar 26	12:52:00	1	0	34	0	Ct	0	1	1	0	1	2	0	2	0	0	0	4	0	1	0	0	0	4	0	0	0	0	0	1	0	3	0	2	2	0	1	0	3	1
37481	28 Mar 26	12:53:00	1	0	34	0	Ct	0	1	0	0	4	1	0	0	0	0	0	2	0	0	0	1	3	8	0	0	0	0	0	0	1	1	0	2	2	0	1	0	2	1
37482	28 Mar 26	12:54:00	1	0	34	0	Ct	0	1	2	3	1	1	0	0	0	2	0	2	0	2	0	2	2	1	0	0	0	0	0	0	1	2	0	2	3	2	1	0	4	1
37483	28 Mar 26	12:55:00	1	0	34	0	Ct	0	1	0	3	3	0	0	0	0	1	0	2	0	0	0	2	2	2	0	0	0	1	1	0	0	2	0	1	0	0	3	0	2	0
37484	28 Mar 26	12:56:00	1	0	34	0	Ct	0	1	0	0	2	3	0	0	0	1	0	6	0	0	0	0	0	3	0	1	2	0	1	1	0	3	0	2	0	2	1	0	3	1
37485	28 Mar 26	12:57:00	1	0	34	0	Ct	0	1	1	0	2	0	0	4	1	1	0	2	0	0	0	0	3	4	0	0	2	0	0	1	0	1	0	0	1	0	1	0	4	2
37486	28 Mar 26	12:58:00	1	0	34	0	Ct	0	1	3	1	2	0	0	2	0	0	0	0	0	2	0	3	3	3	0	0	1	4	0	2	0	1	0	3	0	0	1	0	1	2
37487	28 Mar 26	12:59:00	1	0	34	0	Ct	0	1	3	3	2	0	0	2	0	2	0	3	0	1	0	0	2	1	0	0	1	3	0	0	0	2	0	2	1	0	0	0	3	1
37488	28 Mar 26	13:00:00	1	0	34	0	Ct	0	1	1	2	0	2	0	0	2	0	0	1	0	0	0	2	2	2	0	0	0	3	0	2	0	0	0	2	0	0	0	0	3	0
37489	28 Mar 26	13:01:00	1	0	34	0	Ct	0	1	0	1	2	1	0	2	0	1	0	1	0	1	0	3	0	3	0	0	0	0	0	2	0	1	0	0	1	0	1	0	4	0
37490	28 Mar 26	13:02:00	1	0	34	0	Ct	0	1	0	2	0	2	0	2	1	1	0	2	0	1	0	3	2	2	0	0	0	0	2	0	1	2	2	0	4	3	2	0	1	1
37491	28 Mar 26	13:03:00	1	0	34	0	Ct	0	1	0	2	0	1	0	0	1	2	0	2	0	0	0	0	3	2	0	0	0	0	0	2	1	2	1	0	0	1	0	0	3	3
37492	28 Mar 26	13:04:00	1	0	34	0	Ct	0	1	3	2	0	2	0	2	1	3	0	1	0	0	0	0	1	1	0	0	2	0	3	3	0	2	2	0	0	1	1	0	2	3
37493	28 Mar 26	13:05:00	1	0	34	0	Ct	0	1	1	2	1	2	0	2	2	2	0	1	0	0	0	0	3	1	0	0	1	0	0	2	2	1	1	0	0	1	1	0	3	3
37494	28 Mar 26	13:06:00	1	0	34	0	Ct	0	1	0	3	1	2	0	0	2	1	0	0	0	0	0	0	3	4	0	1	7	0	2	2	3	1	0	0	1	1	1	0	2	0
37495	28 Mar 26	13:07:00	1	0	34	0	Ct	0	1	0	4	0	2	0	0	0	1	0	0	0	0	2	4	2	1	0	0	0	0	0	0	2	1	0	0	1	0	1	0	2	2
37496	28 Mar 26	13:08:00	1	0	34	0	Ct	0	1	1	0	0	2	0	0	0	0	0	0	0	0	0	0	1	3	0	1	2	0	1	0	2	1	0	0	1	0	1	0	4	1
37497	28 Mar 26	13:09:00	1	0	34	0	Ct	0	1	1	0	0	2	0	3	0	0	0	0	0	4	0	0	1	0	0	2	3	0	1	2	0	0	3	0	2	0	0	0	2	1
37498	28 Mar 26	13:10:00	1	0	34	0	Ct	0	1	0	1	0	2	0	3	0	0	0	1	0	1	2	0	5	2	0	0	0	0	0	2	2	0	0	0	3	0	1	0	2	1
37499	28 Mar 26	13:11:00	1	0	34	0	Ct	0	1	0	2	2	3	0	1	0	0	0	1	0	0	2	0	0	4	0	1	0	0	0	2	1	0	3	2	3	0	1	0	1	3
37500	28 Mar 26	13:12:00	1	0	34	0	Ct	0	1	0	1	3	3	0	3	0	0	0	0	0	0	0	0	1	1	0	0	0	0	5	0	1	0	0	1	0	0	0	0	1	0
37501	28 Mar 26	13:13:00	1	0	34	0	Ct	0	1	0	0	1	2	0	2	0	0	0	0	0	0	2	2	2	2	0	0	4	0	1	0	1	1	0	1	2	3	0	0	4	1
37502	28 Mar 26	13:14:00	1	0	34	0	Ct	0	1	0	3	6	1	0	2	3	1	0	0	0	0	3	3	2	3	1	0	4	0	1	0	2	0	0	3	0	2	1	0	1	1
37503	28 Mar 26	13:15:00	1	0	34	0	Ct	0	1	0	0	2	5	0	3	0	1	0	1	0	0	1	0	0	0	0	0	2	0	2	0	1	0	2	0	0	0	1	0	3	0
37504	28 Mar 26	13:16:00	1	0	34	0	Ct	0	1	2	2	2	6	0	1	2	2	0	2	0	0	2	0	0	1	0	0	2	0	0	0	1	0	1	3	2	1	1	0	1	0
37505	28 Mar 26	13:17:00	1	0	34	0	Ct	0	1	2	1	2	4	0	0	1	0	0	1	0	0	2	2	1	1	0	0	0	0	0	2	0	1	1	0	3	1	1	0	1	1
37506	28 Mar 26	13:18:00	1	0	34	0	Ct	0	1	0	1	3	1	0	2	2	0	0	0	0	0	0	0	1	0	0	0	4	0	0	0	0	2	0	0	2	0	0	0	4	1
37507	28 Mar 26	13:19:00	1	0	34	0	Ct	0	1	1	0	2	1	0	2	0	1	0	1	0	0	1	1	3	0	0	1	0	0	0	0	0	0	0	2	0	0	0	0	4	0
37508	28 Mar 26	13:20:00	1	0	34	0	Ct	0	1	3	1	1	0	0	2	3	3	0	1	0	0	2	1	2	0	0	1	0	3	0	0	0	0	0	0	3	0	3	0	3	2
37509	28 Mar 26	13:21:00	1	0	34	0	Ct	0	1	1	1	5	2	0	2	1	0	0	2	0	0	2	1	2	0	0	0	0	0	0	0	0	1	0	4	0	0	0	0	3	0
37510	28 Mar 26	13:22:00	1	0	34	0	Ct	0	1	0	2	8	1	0	0	0	1	0	2	0	0	1	1	2	2	0	0	0	0	0	0	0	1	0	3	1	0	0	0	4	2
37511	28 Mar 26	13:23:00	1	0	34	0	Ct	0	1	0	1	3	1	0	0	0	8	0	0	0	0	3	2	3	0	0	0	0	6	0	3	2	0	0	2	0	0	0	0	4	1
37512	28 Mar 26	13:24:00	1	0	34	0	Ct	0	1	0	2	2	2	0	3	0	0	0	1	0	0	1	0	3	0	0	0	0	0	0	1	0	2	0	10	1	1	2	0	3	1
37513	28 Mar 26	13:25:00	1	0	34	0	Ct	0	1	0	2	3	2	0	1	0	0	0	0	0	0	2	1	4	0	0	0	1	0	0	2	3	2	0	0	0	1	1	0	3	0
37514	28 Mar 26	13:26:00	1	0	34	0	Ct	0	1	2	1	5	1	0	2	3	0	0	1	0	0	1	3	2	2	0	0	3	0	0	0	3	1	0	0	15	0	1	0	3	0
37515	28 Mar 26	13:27:00	1	0	34	0	Ct	0	1	1	1	4	1	0	2	2	0	0	2	0	0	2	3	2	1	0	0	2	0	0	0	3	0	0	0	2	0	3	0	2	0
37516	28 Mar 26	13:28:00	1	0	34	0	Ct	0	1	2	0	3	1	0	2	1	0	0	1	0	0	1	1	0	2	0	0	3	0	0	4	2	1	0	2	7	0	1	0	6	0
37517	28 Mar 26	13:29:00	1	0	34	0	Ct	0	1	1	0	6	2	0	0	1	0	0	1	0	0	0	4	2	3	0	0	0	0	0	0	0	2	0	2	0	0	0	0	1	0
37518	28 Mar 26	13:30:00	1	0	34	0	Ct	0	1	0	2	0	2	0	3	0	0	0	0	0	0	2	0	0	1	0	0	3	0	0	2	2	3	0	1	0	0	0	0	0	0
37519	28 Mar 26	13:31:00	1	0	34	0	Ct	0	1	0	0	1	1	0	1	2	0	0	0	0	1	2	0	1	0	0	0	1	0	0	0	0	2	0	0	0	0	0	0	1	2
37520	28 Mar 26	13:32:00	1	0	34	0	Ct	0	1	0	2	2	1	0	3	4	0	0	0	0	1	4	1	1	0	0	0	4	0	2	0	0	1	0	1	0	0	0	0	3	0
37521	28 Mar 26	13:33:00	1	0	34	0	Ct	0	1	2	1	0	1	0	1	3	0	0	1	0	0	1	0	2	2	0	0	2	3	1	2	3	1	0	1	1	0	1	0	4	0
37522	28 Mar 26	13:34:00	1	0	34	0	Ct	0	1	0	1	3	0	0	0	2	0	0	1	1	0	0	1	1	5	0	0	0	0	0	0	1	0	0	0	0	0	2	0	3	2
37523	28 Mar 26	13:35:00	1	0	34	0	Ct	0	1	0	0	0	2	0	2	5	0	0	2	0	1	0	0	4	2	0	0	1	0	0	2	0	1	1	0	1	0	0	0	2	0
37524	28 Mar 26	13:36:00	1	0	34	0	Ct	0	1	3	1	1	1	0	0	2	0	0	3	20	1	0	1	0	4	0	0	4	3	0	0	0	0	2	0	1	0	1	0	2	2
37525	28 Mar 26	13:37:00	1	0	34	0	Ct	0	1	2	1	3	0	0	0	1	0	0	1	4	0	3	0	0	1	2	0	3	3	2	0	3	0	0	0	0	0	1	0	2	2
37526	28 Mar 26	13:38:00	1	0	34	0	Ct	0	1	0	0	3	3	0	0	1	0	0	4	0	2	2	3	1	1	1	0	2	0	2	2	0	2	0	0	0	3	0	0	3	0
37527	28 Mar 26	13:39:00	1	0	34	0	Ct	0	1	0	0	3	1	0	2	2	0	0	0	0	1	2	14	1	4	0	0	0	5	0	0	2	0	0	2	0	0	0	0	4	2
37528	28 Mar 26	13:40:00	1	0	34	0	Ct	0	1	0	1	1	1	0	0	0	0	0	0	0	0	1	2	1	2	0	0	4	4	0	0	2	1	0	1	0	0	0	0	2	0
37529	28 Mar 26	13:41:00	1	0	34	0	Ct	0	1	0	2	0	1	0	0	0	0	0	0	0	0	2	0	3	3	0	0	1	0	0	0	4	1	0	0	1	0	0	0	4	0
37530	28 Mar 26	13:42:00	1	0	34	0	Ct	0	1	2	3	3	1	0	2	0	0	0	3	0	0	1	0	3	3	0	1	0	0	0	0	1	1	0	0	2	1	0	0	3	0
37531	28 Mar 26	13:43:00	1	0	34	0	Ct	0	1	2	2	0	5	0	2	1	0	0	2	0	0	0	1	1	2	0	0	0	0	0	1	1	2	0	0	3	1	0	0	2	2
37532	28 Mar 26	13:44:00	1	0	34	0	Ct	0	1	0	2	1	2	0	0	1	0	0	1	0	0	0	1	4	0	0	1	0	0	0	1	5	2	0	0	2	0	2	0	3	2
37533	28 Mar 26	13:45:00	1	0	34	0	Ct	0	1	1	2	1	3	0	0	1	0	0	3	0	0	2	0	0	0	0	0	2	0	0	0	3	0	0	0	0	1	1	0	3	0
37534	28 Mar 26	13:46:00	1	0	34	0	Ct	0	1	1	2	0	1	0	0	0	0	0	0	0	0	2	1	3	2	0	0	2	0	0	3	0	1	0	0	0	2	1	0	1	2
37535	28 Mar 26	13:47:00	1	0	34	0	Ct	0	1	0	0	1	3	0	0	0	0	0	0	0	0	0	1	2	0	0	0	5	0	0	0	0	3	0	0	0	0	0	0	2	0
37536	28 Mar 26	13:48:00	1	0	34	0	Ct	0	1	0	1	1	1	0	0	1	0	0	1	0	0	1	2	2	2	0	1	1	0	0	0	2	3	0	0	2	0	0	0	2	0
37537	28 Mar 26	13:49:00	1	0	34	0	Ct	0	1	2	2	2	2	0	0	2	0	0	1	0	0	1	0	0	0	0	0	0	0	0	1	3	2	0	0	0	0	1	0	0	0
37538	28 Mar 26	13:50:00	1	0	34	0	Ct	0	1	0	1	1	0	0	0	0	0	0	1	0	0	1	1	0	2	0	1	0	0	0	2	1	2	0	0	0	0	0	0	3	0
37539	28 Mar 26	13:51:00	1	0	34	0	Ct	0	1	2	0	3	2	0	0	2	1	0	2	0	0	1	1	0	1	0	0	0	0	0	1	2	1	0	0	0	0	0	0	1	2
37540	28 Mar 26	13:52:00	1	0	34	0	Ct	0	1	0	0	1	3	0	0	2	0	0	1	0	0	1	1	0	2	0	0	0	0	0	0	0	1	0	0	0	2	0	0	5	1
37541	28 Mar 26	13:53:00	1	0	34	0	Ct	0	1	0	0	1	0	0	0	3	1	0	2	0	0	1	1	2	2	0	0	0	8	0	0	0	2	0	1	0	0	0	0	3	0
37542	28 Mar 26	13:54:00	1	0	34	0	Ct	0	1	1	0	3	0	0	0	1	2	0	0	1	1	1	2	0	2	0	0	0	0	0	0	0	0	0	4	0	1	0	0	2	0
37543	28 Mar 26	13:55:00	1	0	34	0	Ct	0	1	1	1	1	0	0	0	4	4	0	0	2	3	0	2	2	2	0	0	0	0	0	0	0	1	0	3	1	0	0	0	0	0
37544	28 Mar 26	13:56:00	1	0	34	0	Ct	0	1	0	1	2	1	0	0	2	1	0	0	2	0	0	0	1	3	0	1	0	0	0	0	0	0	0	3	0	0	0	0	2	0
37545	28 Mar 26	13:57:00	1	0	34	0	Ct	0	1	1	0	5	1	0	0	0	0	0	0	0	0	0	2	2	2	0	1	6	0	0	2	0	3	0	0	0	0	0	0	3	2
37546	28 Mar 26	13:58:00	1	0	34	0	Ct	0	1	1	0	0	3	0	0	2	0	0	0	0	0	0	1	1	0	0	0	1	0	0	2	0	1	0	0	1	0	3	0	3	1
37547	28 Mar 26	13:59:00	1	0	34	0	Ct	0	1	0	1	2	2	0	0	2	0	0	0	0	2	3	0	1	0	0	1	2	3	0	1	0	0	0	0	0	0	0	0	2	2
37548	28 Mar 26	14:00:00	1	0	34	0	Ct	0	1	0	1	0	1	0	0	0	0	0	0	0	1	2	0	3	1	0	0	0	3	0	0	0	0	0	0	6	1	0	0	2	2
37549	28 Mar 26	14:01:00	1	0	34	0	Ct	0	1	0	0	3	3	0	2	2	0	0	0	0	1	2	0	1	3	0	1	1	0	0	2	0	0	0	1	1	0	0	0	4	1
37550	28 Mar 26	14:02:00	1	0	34	0	Ct	0	1	0	2	2	0	0	2	3	0	0	0	0	1	1	0	1	1	0	1	2	0	0	0	0	1	0	2	0	0	0	0	1	1
37551	28 Mar 26	14:03:00	1	0	34	0	Ct	0	1	1	0	3	1	0	3	1	0	0	0	11	0	2	1	2	2	0	1	5	0	0	0	0	1	0	1	2	0	0	0	4	2
37552	28 Mar 26	14:04:00	1	0	34	0	Ct	0	1	1	0	3	4	0	1	0	1	0	0	0	0	1	0	0	2	0	0	2	0	0	0	0	0	0	0	0	0	0	0	1	3
37553	28 Mar 26	14:05:00	1	0	34	0	Ct	0	1	0	0	4	1	0	3	2	0	0	0	0	1	1	0	2	2	0	0	0	0	0	0	0	0	0	0	7	0	0	0	2	1
37554	28 Mar 26	14:06:00	1	0	34	0	Ct	0	1	1	2	1	2	0	1	0	0	0	0	0	1	2	0	3	1	0	0	2	0	0	3	2	0	0	0	4	0	0	0	3	0
37555	28 Mar 26	14:07:00	1	0	34	0	Ct	0	1	2	2	3	3	0	0	0	0	0	0	0	1	1	0	2	1	0	3	2	0	1	0	3	0	0	0	1	0	0	0	4	0
37556	28 Mar 26	14:08:00	1	0	34	0	Ct	0	1	0	1	1	2	0	0	1	0	1	0	0	1	1	0	1	0	0	2	2	0	0	1	0	1	0	0	1	1	0	0	1	0
37557	28 Mar 26	14:09:00	1	0	34	0	Ct	0	1	2	1	3	3	0	0	2	0	0	0	0	0	1	1	3	0	0	1	0	0	1	1	1	1	0	2	0	1	0	0	0	0
37558	28 Mar 26	14:10:00	1	0	34	0	Ct	0	1	0	1	1	0	0	0	1	0	0	0	0	1	1	0	1	4	0	0	2	0	2	1	2	2	0	3	2	0	0	0	0	0
37559	28 Mar 26	14:11:00	1	0	34	0	Ct	0	1	0	1	2	0	0	2	0	0	0	0	0	1	3	0	1	2	0	1	1	0	0	1	0	0	0	0	0	0	0	0	0	0
37560	28 Mar 26	14:12:00	1	0	34	0	Ct	0	1	2	1	2	0	0	0	0	0	0	0	0	0	3	0	1	3	1	0	1	0	0	0	1	0	0	0	3	0	0	0	0	3
37561	28 Mar 26	14:13:00	1	0	34	0	Ct	0	1	3	2	1	5	0	1	2	0	0	0	0	0	1	2	1	3	1	0	0	8	0	0	0	0	0	0	1	0	0	0	0	0
37562	28 Mar 26	14:14:00	1	0	34	0	Ct	0	1	0	2	0	1	0	3	1	3	0	0	0	3	0	1	3	3	0	0	2	0	0	2	3	0	0	1	3	0	0	0	0	0
37563	28 Mar 26	14:15:00	1	0	34	0	Ct	0	1	0	1	0	0	0	2	1	3	0	1	0	0	1	1	2	3	0	0	0	0	0	0	1	2	0	0	1	0	2	0	0	0
37564	28 Mar 26	14:16:00	1	0	34	0	Ct	0	1	1	0	2	0	0	0	2	0	0	0	0	0	1	0	2	3	0	0	0	0	0	0	0	1	0	0	0	0	3	0	0	0
37565	28 Mar 26	14:17:00	1	0	34	0	Ct	0	1	2	2	1	2	0	0	3	0	0	0	0	1	0	0	1	2	0	0	3	0	0	1	4	1	0	2	2	1	0	0	0	0
37566	28 Mar 26	14:18:00	1	0	34	0	Ct	0	1	1	2	1	1	0	3	2	0	0	2	0	1	0	0	1	1	0	0	2	0	0	1	5	2	0	0	0	1	1	0	0	0
37567	28 Mar 26	14:19:00	1	0	34	0	Ct	0	1	2	0	1	2	0	1	1	0	0	2	0	1	0	1	1	0	0	0	0	0	1	0	0	0	1	0	0	0	0	0	0	0
37568	28 Mar 26	14:20:00	1	0	34	0	Ct	0	1	2	0	1	2	0	3	2	0	0	1	0	0	0	1	2	2	0	0	1	0	1	1	0	2	0	0	3	0	1	0	0	0
37569	28 Mar 26	14:21:00	1	0	34	0	Ct	0	1	0	2	0	3	0	1	1	0	0	0	0	1	0	0	1	2	0	0	4	0	0	1	2	0	0	0	0	2	0	0	0	0
37570	28 Mar 26	14:22:00	1	0	34	0	Ct	0	1	0	0	1	2	0	0	2	0	0	0	0	1	0	0	2	0	0	0	0	1	1	2	0	0	0	1	0	0	2	0	0	1
37571	28 Mar 26	14:23:00	1	0	34	0	Ct	0	1	1	0	0	2	0	0	2	0	0	0	0	0	0	0	2	0	0	0	1	0	1	1	2	0	0	1	0	0	0	0	0	1
37572	28 Mar 26	14:24:00	1	0	34	0	Ct	0	1	2	1	1	1	0	0	1	0	0	0	0	0	1	1	3	0	0	0	0	0	0	1	1	0	0	2	0	0	0	0	0	0
37573	28 Mar 26	14:25:00	1	0	34	0	Ct	0	1	1	1	0	2	0	0	2	0	0	0	0	0	2	1	1	0	0	1	0	3	0	1	0	0	0	0	0	0	0	0	0	0
37574	28 Mar 26	14:26:00	1	0	34	0	Ct	0	1	2	2	0	1	0	1	4	4	0	0	0	0	2	2	1	0	0	0	1	2	0	0	2	1	0	0	0	0	0	0	0	2
37575	28 Mar 26	14:27:00	1	0	34	0	Ct	0	1	1	0	0	2	0	1	0	0	0	0	0	0	1	0	0	0	0	0	2	1	0	0	0	1	0	0	0	0	0	0	0	0
37576	28 Mar 26	14:28:00	1	0	34	0	Ct	0	1	1	0	0	0	0	0	2	0	0	0	0	0	2	1	0	2	0	0	2	2	0	0	0	0	0	0	1	0	1	0	1	0
37577	28 Mar 26	14:29:00	1	0	34	0	Ct	0	1	1	1	0	9	0	0	3	0	0	1	0	0	1	0	3	0	0	1	4	1	0	2	1	0	0	0	1	0	1	0	1	0
37578	28 Mar 26	14:30:00	1	0	34	0	Ct	0	1	0	1	0	0	0	0	3	0	0	1	0	0	2	2	1	0	0	0	1	0	0	0	3	2	0	0	0	0	0	0	0	0
37579	28 Mar 26	14:31:00	1	0	34	0	Ct	0	1	1	3	2	0	0	0	2	0	0	2	0	0	1	3	1	0	0	0	2	0	0	2	1	0	0	1	2	0	1	0	3	0
37580	28 Mar 26	14:32:00	1	0	34	0	Ct	0	1	2	1	0	0	0	0	3	2	0	1	0	0	2	3	0	0	0	0	0	0	0	2	1	0	0	1	1	0	0	0	0	0
37581	28 Mar 26	14:33:00	1	0	34	0	Ct	0	1	1	2	0	0	0	0	3	0	0	3	0	1	0	1	0	0	0	0	2	0	0	2	3	0	0	0	2	0	1	0	0	1
37582	28 Mar 26	14:34:00	1	0	34	0	Ct	0	1	2	2	0	3	0	0	0	0	1	0	0	1	0	0	0	0	0	0	0	0	0	0	0	2	0	5	1	2	1	0	0	1
37583	28 Mar 26	14:35:00	1	0	34	0	Ct	0	1	0	1	0	0	0	0	1	0	0	1	0	0	0	0	0	0	0	0	0	2	0	1	3	1	0	1	0	1	1	0	0	2
37584	28 Mar 26	14:36:00	1	0	34	0	Ct	0	1	1	1	0	0	0	0	2	0	0	3	0	2	0	0	1	2	0	0	2	5	0	1	0	1	0	3	1	0	1	0	0	0
37585	28 Mar 26	14:37:00	1	0	34	0	Ct	0	1	1	0	1	0	0	0	2	0	0	1	0	1	0	3	1	1	0	0	0	3	0	5	0	0	1	0	2	0	0	0	0	2
37586	28 Mar 26	14:38:00	1	0	34	0	Ct	0	1	0	0	1	0	0	0	1	0	0	1	0	1	0	2	0	0	0	0	0	0	0	0	0	1	1	2	3	0	0	0	0	0
37587	28 Mar 26	14:39:00	1	0	34	0	Ct	0	1	0	0	4	1	0	0	2	0	1	1	0	0	0	1	0	0	0	0	0	0	0	1	0	1	0	3	0	0	2	0	0	3
37588	28 Mar 26	14:40:00	1	0	34	0	Ct	0	1	0	2	0	2	0	0	1	0	0	1	0	0	0	1	0	0	0	0	0	0	1	1	0	1	0	0	0	0	1	0	0	2
37589	28 Mar 26	14:41:00	1	0	34	0	Ct	0	1	2	0	0	2	0	2	1	0	0	1	0	0	1	2	2	0	0	0	0	0	1	2	0	1	0	0	3	0	1	0	0	1
37590	28 Mar 26	14:42:00	1	0	34	0	Ct	0	1	0	2	0	0	0	0	0	0	0	1	0	0	1	0	3	0	0	0	1	0	0	0	0	0	0	0	0	0	1	0	0	3
37591	28 Mar 26	14:43:00	1	0	34	0	Ct	0	1	0	2	0	0	0	0	1	0	0	0	0	0	0	0	2	0	0	0	0	0	0	4	0	0	0	0	1	0	0	0	0	1
37592	28 Mar 26	14:44:00	1	0	34	0	Ct	0	1	0	2	0	0	0	0	1	0	1	2	0	0	0	0	4	2	0	0	0	0	0	2	0	2	0	0	0	1	0	0	0	1
37593	28 Mar 26	14:45:00	1	0	34	0	Ct	0	1	1	0	0	0	0	0	0	0	0	1	0	0	2	0	3	1	0	0	0	0	0	1	0	1	0	0	1	1	3	0	0	0
37594	28 Mar 26	14:46:00	1	0	34	0	Ct	0	1	1	0	0	0	0	2	0	0	0	3	0	0	0	0	2	1	0	0	2	0	0	1	0	1	0	0	1	0	0	0	0	0
37595	28 Mar 26	14:47:00	1	0	34	0	Ct	0	1	0	2	0	0	0	0	3	0	0	1	0	2	2	0	3	0	0	0	1	0	0	0	0	0	0	0	1	0	0	0	0	0
37596	28 Mar 26	14:48:00	1	0	34	0	Ct	0	1	0	2	0	2	0	0	0	0	0	1	0	0	3	0	0	2	0	0	1	0	0	0	1	0	0	0	0	0	0	0	0	0
37597	28 Mar 26	14:49:00	1	0	34	0	Ct	0	1	0	1	0	2	0	0	0	1	0	0	0	0	1	0	0	1	0	1	0	0	0	0	1	0	0	0	0	0	0	0	0	0
37598	28 Mar 26	14:50:00	1	0	34	0	Ct	0	1	0	2	0	1	0	0	3	0	0	0	0	0	2	0	1	2	0	2	0	0	0	3	2	0	0	1	1	1	0	0	0	1
37599	28 Mar 26	14:51:00	1	0	34	0	Ct	0	1	1	1	0	1	0	0	7	0	0	0	0	1	0	0	1	0	0	0	3	0	0	0	1	0	0	0	1	1	0	0	4	6
37600	28 Mar 26	14:52:00	1	0	34	0	Ct	0	1	1	2	0	1	0	0	0	0	0	0	0	1	0	3	2	1	0	0	1	0	0	0	1	1	0	0	3	0	1	0	0	0
37601	28 Mar 26	14:53:00	1	0	34	0	Ct	0	1	0	0	0	0	0	0	3	0	0	0	0	0	0	0	1	0	0	1	0	0	0	0	0	1	0	0	0	0	3	0	0	0
37602	28 Mar 26	14:54:00	1	0	34	0	Ct	0	1	0	2	0	0	0	0	4	0	0	0	0	0	3	0	1	0	0	0	2	0	1	0	0	1	0	1	1	0	2	0	0	2
37603	28 Mar 26	14:55:00	1	0	34	0	Ct	0	1	1	2	0	1	0	0	0	0	0	0	0	0	2	0	1	1	0	1	3	1	1	0	2	1	0	0	1	0	0	0	0	0
37604	28 Mar 26	14:56:00	1	0	34	0	Ct	0	1	1	2	0	1	0	2	2	4	0	0	0	1	1	0	1	1	0	0	0	1	0	2	0	1	0	3	0	1	0	0	0	0
37605	28 Mar 26	14:57:00	1	0	34	0	Ct	0	1	0	1	0	1	0	1	4	0	0	0	0	1	3	0	1	0	0	0	0	6	0	0	0	2	0	0	1	1	0	0	0	0
37606	28 Mar 26	14:58:00	1	0	34	0	Ct	0	1	0	1	1	1	0	0	2	0	0	0	0	0	0	0	3	1	0	2	0	4	0	0	2	3	0	1	1	2	0	0	1	0
37607	28 Mar 26	14:59:00	1	0	34	0	Ct	0	1	0	2	0	0	0	0	2	0	0	0	0	0	1	0	1	1	0	0	0	6	0	0	0	2	0	3	3	0	0	0	0	0
37608	28 Mar 26	15:00:00	1	0	34	0	Ct	0	1	2	0	0	3	0	0	0	0	0	1	0	0	2	2	2	3	0	0	0	3	0	1	0	3	0	7	3	0	0	0	0	0
37609	28 Mar 26	15:01:00	1	0	34	0	Ct	0	1	0	0	0	1	0	1	3	0	0	1	0	0	3	0	3	1	0	0	0	0	0	1	0	0	0	1	0	0	0	0	0	3
37610	28 Mar 26	15:02:00	1	0	34	0	Ct	0	1	0	0	0	2	0	1	2	0	0	0	0	0	1	0	1	4	0	0	0	0	0	1	0	0	0	0	2	0	3	0	3	2
37611	28 Mar 26	15:03:00	1	0	34	0	Ct	0	1	1	0	0	2	0	0	0	0	0	0	0	0	0	0	1	4	0	0	0	0	0	1	1	1	0	2	0	0	0	0	1	0
37612	28 Mar 26	15:04:00	1	0	34	0	Ct	0	1	1	1	0	1	0	0	2	0	0	0	0	0	1	2	2	4	0	0	0	0	0	0	1	1	0	1	0	0	0	0	0	0
37613	28 Mar 26	15:05:00	1	0	34	0	Ct	0	1	0	1	0	2	0	0	1	0	0	0	0	1	0	1	1	2	0	2	4	1	0	0	0	0	0	3	1	1	0	0	1	2
37614	28 Mar 26	15:06:00	1	0	34	0	Ct	0	1	0	0	0	7	0	0	0	0	0	0	0	2	3	2	0	2	0	0	2	2	0	3	0	0	0	1	1	0	1	0	0	0
37615	28 Mar 26	15:07:00	1	0	34	0	Ct	0	1	2	0	0	2	0	0	1	0	0	0	0	0	1	1	2	1	0	0	1	0	0	0	0	0	0	0	1	0	0	0	0	2
37616	28 Mar 26	15:08:00	1	0	34	0	Ct	0	1	1	0	0	2	0	0	3	0	0	1	0	1	1	2	3	0	0	0	1	0	0	2	0	0	0	0	0	0	0	0	0	2
37617	28 Mar 26	15:09:00	1	0	34	0	Ct	0	1	1	0	0	0	0	0	0	0	0	0	0	1	0	1	3	0	1	0	1	0	0	3	2	1	0	0	2	0	0	0	0	0
37618	28 Mar 26	15:10:00	1	0	34	0	Ct	0	1	0	0	0	1	0	0	2	1	0	1	0	1	0	0	3	1	0	0	2	0	1	1	0	1	0	0	2	0	0	0	0	0
37619	28 Mar 26	15:11:00	1	0	34	0	Ct	0	1	0	1	0	0	0	0	0	0	0	0	0	0	0	1	4	2	0	0	1	0	1	0	1	2	0	0	4	0	0	0	0	0
37620	28 Mar 26	15:12:00	1	0	34	0	Ct	0	1	0	2	0	0	0	0	3	0	0	0	0	3	0	0	1	2	0	0	1	0	0	0	1	0	0	0	3	0	1	0	0	0
37621	28 Mar 26	15:13:00	1	0	34	0	Ct	0	1	2	1	0	2	0	1	1	3	0	0	0	1	0	3	1	1	0	0	1	0	0	2	2	0	0	0	0	2	0	0	0	2
37622	28 Mar 26	15:14:00	1	0	34	0	Ct	0	1	0	2	0	6	0	2	4	0	0	0	0	1	0	0	2	1	3	0	2	6	0	1	2	1	0	1	4	1	0	0	0	0
37623	28 Mar 26	15:15:00	1	0	34	0	Ct	0	1	0	2	0	0	0	1	3	0	0	0	0	1	0	0	2	2	1	0	2	0	0	1	0	1	0	0	0	1	1	0	0	1
37624	28 Mar 26	15:16:00	1	0	34	0	Ct	0	1	0	2	0	0	0	0	0	0	0	0	0	0	0	0	0	2	0	0	1	0	0	0	0	0	0	1	0	3	3	0	1	2
37625	28 Mar 26	15:17:00	1	0	34	0	Ct	0	1	1	0	1	0	0	0	2	0	0	0	0	3	0	1	2	1	0	0	0	0	0	4	0	0	0	0	2	0	2	0	0	2
37626	28 Mar 26	15:18:00	1	0	34	0	Ct	0	1	1	2	0	0	0	0	2	0	1	0	0	0	0	2	2	2	0	0	1	0	0	2	0	0	0	2	1	1	0	0	0	3
37627	28 Mar 26	15:19:00	1	0	34	0	Ct	0	1	0	2	0	0	0	2	2	0	2	1	0	0	0	0	3	1	0	0	2	6	0	3	0	0	0	1	1	1	0	0	1	0
37628	28 Mar 26	15:20:00	1	0	34	0	Ct	0	1	2	3	0	0	0	1	4	0	3	1	0	0	2	2	1	1	0	0	1	2	0	2	0	0	0	2	2	1	0	0	0	0
37629	28 Mar 26	15:21:00	1	0	34	0	Ct	0	1	0	1	0	3	0	2	2	0	0	0	0	2	1	0	1	1	0	1	2	0	0	1	0	0	0	0	0	2	0	0	0	0
37630	28 Mar 26	15:22:00	1	0	34	0	Ct	0	1	0	2	0	0	0	2	4	0	4	1	0	0	2	0	0	3	0	0	1	0	0	1	0	0	0	0	2	0	0	0	6	2
37631	28 Mar 26	15:23:00	1	0	34	0	Ct	0	1	0	0	0	0	0	0	3	0	2	1	0	0	1	0	2	1	0	0	1	0	0	1	1	0	0	0	0	0	0	0	4	0
37632	28 Mar 26	15:24:00	1	0	34	0	Ct	0	1	0	1	0	0	0	0	0	0	6	0	0	2	0	0	0	5	0	0	0	0	0	0	1	0	0	0	0	0	0	0	4	0
37633	28 Mar 26	15:25:00	1	0	34	0	Ct	0	1	2	1	0	0	0	2	0	0	2	2	0	0	0	0	2	3	1	0	1	0	2	0	0	1	0	0	1	0	0	0	2	0
37634	28 Mar 26	15:26:00	1	0	34	0	Ct	0	1	1	0	0	0	0	3	0	0	1	0	0	2	0	1	0	1	1	1	0	2	0	2	2	1	0	0	1	0	0	0	1	0
37635	28 Mar 26	15:27:00	1	0	34	0	Ct	0	1	1	0	0	0	0	2	1	0	3	2	0	0	0	0	2	4	0	0	0	2	0	0	2	0	0	0	0	0	2	0	2	0
37636	28 Mar 26	15:28:00	1	0	34	0	Ct	0	1	1	0	0	0	0	3	0	0	0	1	0	2	0	2	2	2	0	0	1	0	0	0	1	1	0	0	0	3	1	0	3	0
37637	28 Mar 26	15:29:00	1	0	34	0	Ct	0	1	1	0	0	0	0	2	1	1	2	2	0	0	1	2	1	3	0	0	2	7	0	0	4	0	0	0	0	0	5	0	1	0
37638	28 Mar 26	15:30:00	1	0	34	0	Ct	0	1	2	0	0	0	0	0	0	0	3	3	0	0	1	1	0	1	0	0	1	1	0	0	2	0	0	0	2	1	4	0	1	0
37639	28 Mar 26	15:31:00	1	0	34	0	Ct	0	1	0	0	0	0	0	2	4	1	2	2	0	2	0	0	1	1	0	0	0	0	0	2	0	2	0	1	0	1	1	0	1	0
37640	28 Mar 26	15:32:00	1	0	34	0	Ct	0	1	1	0	0	0	0	0	2	0	2	0	0	0	0	1	1	3	0	0	0	0	0	0	0	1	0	0	0	0	1	0	2	0
37641	28 Mar 26	15:33:00	1	0	34	0	Ct	0	1	2	2	0	0	0	1	0	0	0	0	0	0	0	2	2	2	0	0	0	0	0	0	2	1	0	3	0	0	0	0	2	0
37642	28 Mar 26	15:34:00	1	0	34	0	Ct	0	1	2	1	0	0	0	2	0	2	0	1	0	0	0	0	0	1	0	0	1	0	0	0	2	0	0	0	0	0	3	0	2	0
37643	28 Mar 26	15:35:00	1	0	34	0	Ct	0	1	0	1	0	0	0	0	0	2	0	2	0	1	0	0	0	3	0	0	0	0	0	1	0	1	1	0	0	0	0	0	0	0
37644	28 Mar 26	15:36:00	1	0	34	0	Ct	0	1	0	3	0	0	0	0	2	0	1	1	0	2	0	0	1	3	0	0	0	0	0	3	0	3	1	0	0	0	1	0	2	0
37645	28 Mar 26	15:37:00	1	0	34	0	Ct	0	1	0	1	0	0	0	0	2	0	1	1	0	0	1	0	1	4	0	0	2	0	0	0	0	0	0	0	0	0	1	0	3	0
37646	28 Mar 26	15:38:00	1	0	34	0	Ct	0	1	0	1	0	0	0	0	0	0	2	3	0	0	1	1	0	1	0	0	0	2	1	0	0	2	1	0	0	0	0	0	4	0
37647	28 Mar 26	15:39:00	1	0	34	0	Ct	0	1	0	3	0	0	0	0	1	0	0	0	0	0	1	2	0	1	0	0	1	0	1	0	1	2	0	0	1	0	0	0	6	0
37648	28 Mar 26	15:40:00	1	0	34	0	Ct	0	1	0	0	0	0	0	0	3	0	0	1	0	1	1	0	0	0	0	0	0	0	0	0	9	2	1	0	1	0	0	0	2	2
37649	28 Mar 26	15:41:00	1	0	34	0	Ct	0	1	0	1	0	1	0	0	15	0	2	2	0	0	0	3	0	1	0	0	1	0	0	1	0	1	2	0	2	0	0	0	2	0
37650	28 Mar 26	15:42:00	1	0	34	0	Ct	0	1	1	2	0	1	0	0	4	0	4	0	0	0	1	1	3	3	0	0	3	0	0	0	0	0	0	1	1	0	0	0	2	0
37651	28 Mar 26	15:43:00	1	0	34	0	Ct	0	1	1	1	0	1	0	0	0	1	2	2	0	1	2	1	1	2	0	0	2	0	0	1	0	1	0	1	3	0	0	0	1	1
37652	28 Mar 26	15:44:00	1	0	34	0	Ct	0	1	0	0	0	2	0	0	1	0	1	0	0	0	2	0	1	3	0	0	1	7	2	0	0	0	0	2	0	1	0	0	2	1
37653	28 Mar 26	15:45:00	1	0	34	0	Ct	0	1	2	0	0	3	0	0	2	0	1	3	0	1	1	1	2	1	0	0	3	0	1	0	0	2	0	2	0	1	0	0	4	2
37654	28 Mar 26	15:46:00	1	0	34	0	Ct	0	1	0	0	0	1	0	0	1	1	1	0	0	0	1	2	2	5	0	0	0	0	0	1	0	1	0	2	1	0	0	0	2	1
37655	28 Mar 26	15:47:00	1	0	34	0	Ct	0	1	0	0	0	3	0	0	0	0	0	0	0	1	2	0	2	3	0	0	0	0	0	1	0	3	0	0	0	0	0	0	0	0
37656	28 Mar 26	15:48:00	1	0	34	0	Ct	0	1	2	0	0	1	0	0	0	2	2	1	0	2	2	0	0	2	0	0	0	0	0	1	0	3	0	0	2	0	0	0	2	0
37657	28 Mar 26	15:49:00	1	0	34	0	Ct	0	1	0	1	0	1	0	0	1	0	2	1	0	0	2	0	0	3	0	0	0	1	1	1	0	3	0	0	1	0	0	0	1	0
37658	28 Mar 26	15:50:00	1	0	34	0	Ct	0	1	0	1	0	0	0	0	1	1	2	1	0	1	0	1	0	3	0	0	0	0	1	0	0	1	0	0	2	0	0	0	3	0
37659	28 Mar 26	15:51:00	1	0	34	0	Ct	0	1	1	2	0	0	0	0	1	0	0	2	0	1	1	1	1	0	0	0	0	0	0	0	0	1	0	0	4	0	0	0	5	1
37660	28 Mar 26	15:52:00	1	0	34	0	Ct	0	1	1	1	0	1	0	0	1	1	2	0	0	0	1	0	2	1	0	0	1	0	0	0	0	0	0	0	3	0	0	0	2	2
37661	28 Mar 26	15:53:00	1	0	34	0	Ct	0	1	0	1	0	2	0	0	2	0	0	2	3	2	0	0	0	3	0	0	1	0	0	2	0	2	0	0	0	0	0	0	2	1
37662	28 Mar 26	15:54:00	1	0	34	0	Ct	0	1	1	0	0	2	0	0	1	0	0	0	0	0	0	0	3	1	0	0	0	0	0	0	0	0	0	0	0	0	0	0	5	1
37663	28 Mar 26	15:55:00	1	0	34	0	Ct	0	1	1	0	0	1	0	0	1	2	1	0	0	3	0	0	1	2	0	0	2	0	0	0	0	0	0	0	2	0	0	0	3	1
37664	28 Mar 26	15:56:00	1	0	34	0	Ct	0	1	0	2	0	3	0	0	0	0	2	0	0	0	0	0	1	3	0	0	0	0	0	0	1	2	0	1	0	0	0	0	2	1
37665	28 Mar 26	15:57:00	1	0	34	0	Ct	0	1	2	2	0	1	0	0	6	1	2	0	0	0	0	0	1	4	0	0	1	2	1	0	0	0	0	1	3	0	2	0	0	1
37666	28 Mar 26	15:58:00	1	0	34	0	Ct	0	1	0	2	0	0	0	0	3	2	0	0	0	1	0	0	2	2	0	0	2	0	1	0	1	0	1	0	0	1	1	0	2	0
37667	28 Mar 26	15:59:00	1	0	34	0	Ct	0	1	1	1	0	0	0	0	3	2	1	0	0	1	3	0	3	1	0	0	2	1	0	2	0	2	0	0	0	1	0	0	0	1
37668	28 Mar 26	16:00:00	1	0	34	0	Ct	0	1	1	0	0	0	0	0	0	3	0	0	0	0	0	3	0	0	0	0	2	3	0	0	1	0	1	0	0	0	0	0	8	1
37669	28 Mar 26	16:01:00	1	0	34	0	Ct	0	1	0	2	0	0	0	2	0	1	3	0	0	1	0	1	0	0	0	0	0	0	0	1	0	0	0	0	0	0	0	0	3	1
37670	28 Mar 26	16:02:00	1	0	34	0	Ct	0	1	0	0	0	0	0	1	2	0	0	0	0	1	0	0	2	0	0	0	2	0	0	1	0	0	1	0	0	0	0	0	0	2
37671	28 Mar 26	16:03:00	1	0	34	0	Ct	0	1	2	0	0	2	0	1	0	0	0	0	1	0	0	3	0	2	0	0	2	0	1	2	0	0	1	0	0	0	0	0	2	1
37672	28 Mar 26	16:04:00	1	0	34	0	Ct	0	1	0	0	0	0	0	0	4	0	0	1	0	2	2	0	2	2	0	0	0	0	1	0	0	0	0	0	0	0	0	0	3	0
37673	28 Mar 26	16:05:00	1	0	34	0	Ct	0	1	0	2	0	20	0	0	4	0	0	0	0	2	1	2	0	4	2	0	3	0	0	0	0	0	2	1	0	0	0	0	2	0
37674	28 Mar 26	16:06:00	1	0	34	0	Ct	0	1	0	0	0	0	0	0	1	0	0	2	0	0	1	0	2	0	0	0	2	0	0	2	1	0	2	3	0	0	0	0	2	0
37675	28 Mar 26	16:07:00	1	0	34	0	Ct	0	1	0	0	0	0	0	0	0	0	0	0	0	0	3	0	0	4	0	0	1	0	2	0	0	0	4	2	0	0	0	0	0	0
37676	28 Mar 26	16:08:00	1	0	34	0	Ct	0	1	1	1	0	1	0	0	3	0	0	0	0	0	1	0	0	1	1	1	1	0	1	1	0	0	1	3	5	0	0	0	3	0
37677	28 Mar 26	16:09:00	1	0	34	0	Ct	0	1	1	1	0	0	0	0	1	0	1	0	0	1	2	1	0	2	3	2	1	0	2	3	0	0	4	3	0	0	0	0	2	0
37678	28 Mar 26	16:10:00	1	0	34	0	Ct	0	1	0	0	0	0	0	0	2	0	1	0	0	1	1	0	0	2	0	1	2	0	0	2	0	1	2	3	0	0	0	0	5	0
37679	28 Mar 26	16:11:00	1	0	34	0	Ct	0	1	0	0	0	1	0	0	2	0	0	1	0	0	0	1	1	2	0	0	2	0	0	1	0	1	0	0	0	0	0	0	2	0
37680	28 Mar 26	16:12:00	1	0	34	0	Ct	0	1	2	0	0	0	0	0	2	0	0	1	0	0	2	0	2	1	0	0	1	0	0	2	0	0	1	1	1	0	0	0	4	0
37681	28 Mar 26	16:13:00	1	0	34	0	Ct	0	1	0	0	0	0	0	0	2	0	1	0	0	0	2	0	1	1	0	1	1	0	1	2	0	0	0	4	2	0	1	0	2	2
37682	28 Mar 26	16:14:00	1	0	34	0	Ct	0	1	0	2	0	0	0	0	5	0	0	1	0	0	2	1	2	3	0	0	0	0	1	2	0	0	1	1	1	2	2	0	1	0
37683	28 Mar 26	16:15:00	1	0	34	0	Ct	0	1	2	0	0	0	0	0	4	0	0	1	0	0	2	0	0	3	0	0	0	0	0	0	7	0	0	0	1	0	4	0	0	0
37684	28 Mar 26	16:16:00	1	0	34	0	Ct	0	1	2	0	0	0	0	1	3	0	0	1	0	0	2	0	3	2	0	0	0	0	0	3	0	1	0	1	0	0	0	0	3	0
37685	28 Mar 26	16:17:00	1	0	34	0	Ct	0	1	0	0	0	0	0	3	1	0	0	1	0	0	1	0	0	0	0	0	0	0	0	1	0	2	0	1	0	0	2	0	4	0
37686	28 Mar 26	16:18:00	1	0	34	0	Ct	0	1	0	0	0	0	0	0	3	0	2	0	0	0	2	2	2	3	0	0	0	0	2	3	0	0	0	0	0	2	0	0	3	0
37687	28 Mar 26	16:19:00	1	0	34	0	Ct	0	1	0	0	0	0	0	0	3	0	1	0	0	0	1	1	1	2	0	1	0	0	0	1	0	0	0	1	2	0	0	0	1	0
37688	28 Mar 26	16:20:00	1	0	34	0	Ct	0	1	2	0	0	0	0	0	2	0	0	0	0	0	0	0	2	1	0	2	4	0	2	1	0	1	3	0	1	2	0	0	3	0
37689	28 Mar 26	16:21:00	1	0	34	0	Ct	0	1	0	0	0	0	0	0	1	0	1	0	0	0	0	0	2	0	0	1	1	0	0	1	0	0	1	0	2	0	0	0	1	0
37690	28 Mar 26	16:22:00	1	0	34	0	Ct	0	1	0	0	0	0	0	2	3	0	0	0	0	0	2	1	1	1	0	3	1	0	0	0	0	0	1	0	2	0	0	0	1	2
37691	28 Mar 26	16:23:00	1	0	34	0	Ct	0	1	0	0	0	0	0	0	0	0	1	0	0	0	1	1	1	2	0	2	0	0	0	0	0	0	0	0	1	0	2	0	0	0
37692	28 Mar 26	16:24:00	1	0	34	0	Ct	0	1	0	1	0	0	0	2	1	0	0	0	0	0	1	0	1	2	0	0	3	0	0	1	0	2	2	0	0	0	0	0	3	0
37693	28 Mar 26	16:25:00	1	0	34	0	Ct	0	1	0	1	0	1	0	2	1	0	0	0	0	0	0	0	1	1	0	0	0	0	0	1	0	0	0	1	2	0	3	0	1	0
37694	28 Mar 26	16:26:00	1	0	34	0	Ct	0	1	0	0	0	0	0	1	0	0	0	0	0	0	1	0	2	1	0	0	0	0	2	0	0	0	1	1	2	0	0	0	3	0
37695	28 Mar 26	16:27:00	1	0	34	0	Ct	0	1	0	0	0	1	0	1	4	0	2	0	0	0	2	0	0	2	0	0	0	0	0	0	0	0	1	0	0	0	1	0	3	0
37696	28 Mar 26	16:28:00	1	0	34	0	Ct	0	1	0	0	0	0	0	2	2	0	1	0	0	0	0	0	0	2	0	0	0	0	0	0	0	0	1	1	0	0	2	0	4	0
37697	28 Mar 26	16:29:00	1	0	34	0	Ct	0	1	2	0	0	0	0	0	1	0	2	0	0	0	2	0	0	2	0	0	0	0	2	0	2	1	0	1	0	0	0	0	4	0
37698	28 Mar 26	16:30:00	1	0	34	0	Ct	0	1	0	0	0	3	0	0	0	0	2	0	0	1	3	1	0	2	1	0	2	0	0	0	0	1	0	0	2	0	0	0	2	0
37699	28 Mar 26	16:31:00	1	0	34	0	Ct	0	1	2	0	0	0	0	0	1	0	1	0	0	1	0	0	2	1	1	0	3	1	2	0	0	1	0	0	0	0	0	0	2	0
37700	28 Mar 26	16:32:00	1	0	34	0	Ct	0	1	0	0	0	0	0	2	0	0	3	0	2	0	1	2	2	1	0	1	3	1	1	0	0	6	0	3	0	0	0	0	2	0
37701	28 Mar 26	16:33:00	1	0	34	0	Ct	0	1	0	2	0	0	0	3	0	0	0	0	1	0	2	1	3	0	0	0	1	3	1	0	1	1	0	1	1	1	0	0	3	0
37702	28 Mar 26	16:34:00	1	0	34	0	Ct	0	1	0	2	0	0	0	2	0	0	0	0	1	1	2	0	1	1	0	0	0	7	2	1	1	0	0	0	1	2	0	0	4	0
37703	28 Mar 26	16:35:00	1	0	34	0	Ct	0	1	0	1	1	1	0	1	0	0	0	0	2	1	0	0	1	1	0	0	0	2	1	4	0	0	0	1	0	0	0	0	2	0
37704	28 Mar 26	16:36:00	1	0	34	0	Ct	0	1	0	1	2	0	0	1	0	0	0	0	1	0	0	0	1	0	0	0	0	4	2	0	1	0	0	1	0	1	1	0	1	0
37705	28 Mar 26	16:37:00	1	0	34	0	Ct	0	1	0	1	0	0	0	2	0	0	0	0	0	0	0	4	2	2	1	0	0	0	0	1	0	0	0	3	0	2	0	0	1	0
37706	28 Mar 26	16:38:00	1	0	34	0	Ct	0	1	1	1	0	0	0	1	0	0	0	0	5	2	0	1	0	0	0	0	0	5	2	1	0	0	0	1	0	0	0	0	1	2
37707	28 Mar 26	16:39:00	1	0	34	0	Ct	0	1	1	2	0	0	0	3	1	0	0	0	0	1	0	0	3	3	0	4	0	0	0	2	1	1	0	1	3	0	2	0	1	1
37708	28 Mar 26	16:40:00	1	0	34	0	Ct	0	1	0	1	0	0	0	0	0	0	0	0	2	1	0	0	0	0	0	0	0	0	1	0	0	1	0	3	3	0	0	0	5	1
37709	28 Mar 26	16:41:00	1	0	34	0	Ct	0	1	0	2	0	0	0	2	1	0	0	0	0	1	0	3	0	2	0	0	0	0	1	2	0	2	0	2	1	0	0	0	4	1
37710	28 Mar 26	16:42:00	1	0	34	0	Ct	0	1	0	2	2	0	0	0	2	0	0	0	0	1	0	1	1	0	0	0	0	0	1	0	0	0	0	1	1	2	1	0	1	1
37711	28 Mar 26	16:43:00	1	0	34	0	Ct	0	1	0	0	0	0	0	0	2	0	0	0	0	0	0	0	1	0	0	0	0	0	1	0	0	2	0	0	0	0	0	0	0	0
37712	28 Mar 26	16:44:00	1	0	34	0	Ct	0	1	0	0	0	4	0	0	0	0	0	0	0	0	0	3	0	2	0	0	2	0	2	0	2	1	0	0	6	0	0	0	0	0
37713	28 Mar 26	16:45:00	1	0	34	0	Ct	0	1	0	0	0	0	0	0	0	0	0	0	0	0	1	3	0	0	1	0	1	0	0	0	0	1	0	0	0	0	0	0	1	2
37714	28 Mar 26	16:46:00	1	0	34	0	Ct	0	1	0	0	0	3	0	2	0	0	1	0	0	0	1	0	0	2	0	0	0	0	4	0	0	1	0	0	0	0	1	0	1	0
37715	28 Mar 26	16:47:00	1	0	34	0	Ct	0	1	0	0	0	4	0	0	0	2	0	0	0	0	0	0	1	1	1	0	4	2	0	0	0	1	0	0	5	0	0	0	0	0
37716	28 Mar 26	16:48:00	1	0	34	0	Ct	0	1	0	1	0	3	0	0	0	0	1	0	0	0	0	0	1	4	0	0	1	0	2	1	0	0	0	0	2	0	0	0	0	0
37717	28 Mar 26	16:49:00	1	0	34	0	Ct	0	1	1	1	0	0	0	3	0	0	2	0	0	0	0	0	0	0	0	0	3	3	2	1	0	0	0	1	0	2	0	0	0	0
37718	28 Mar 26	16:50:00	1	0	34	0	Ct	0	1	1	1	0	0	0	1	1	0	0	0	0	2	0	0	1	1	0	0	0	0	2	0	0	0	0	1	0	0	0	0	0	0
37719	28 Mar 26	16:51:00	1	0	34	0	Ct	0	1	0	1	0	1	0	0	2	1	1	0	0	1	0	0	1	2	0	1	4	0	0	0	0	0	0	0	5	4	0	0	0	0
37720	28 Mar 26	16:52:00	1	0	34	0	Ct	0	1	0	1	0	5	0	2	0	0	2	0	0	1	0	1	0	3	0	0	0	0	1	1	0	0	0	1	2	0	0	0	0	2
37721	28 Mar 26	16:53:00	1	0	34	0	Ct	0	1	1	1	1	0	0	4	0	3	0	0	0	1	0	2	1	2	0	0	0	2	1	1	1	0	0	1	0	0	0	0	5	2
37722	28 Mar 26	16:54:00	1	0	34	0	Ct	0	1	1	0	1	0	0	0	0	0	0	0	0	2	0	0	1	2	0	0	0	0	0	0	0	0	0	0	1	0	0	0	1	0
37723	28 Mar 26	16:55:00	1	0	34	0	Ct	0	1	2	0	5	0	0	0	1	0	0	0	0	1	0	2	2	1	0	0	2	2	0	0	1	0	0	2	0	0	0	0	1	0
37724	28 Mar 26	16:56:00	1	0	34	0	Ct	0	1	0	0	5	0	0	2	0	0	0	0	0	2	0	0	0	2	0	0	0	0	0	0	1	0	0	2	3	0	0	0	4	0
37725	28 Mar 26	16:57:00	1	0	34	0	Ct	0	1	0	0	2	0	0	0	4	0	1	0	0	1	0	0	2	0	0	0	0	0	0	0	0	0	0	1	1	0	0	0	1	1
37726	28 Mar 26	16:58:00	1	0	34	0	Ct	0	1	0	0	3	0	0	0	4	1	2	0	0	0	0	0	1	2	0	0	1	0	0	2	0	1	0	2	0	1	0	0	0	1
37727	28 Mar 26	16:59:00	1	0	34	0	Ct	0	1	1	0	4	0	0	0	0	1	1	0	0	3	0	0	1	0	1	1	1	0	0	0	0	1	0	3	0	1	0	0	0	0
37728	28 Mar 26	17:00:00	1	0	34	0	Ct	0	1	0	0	5	0	0	2	1	2	1	0	0	0	2	1	3	0	0	0	0	0	0	0	0	1	0	3	0	0	0	0	0	0
37729	28 Mar 26	17:01:00	1	0	34	0	Ct	0	1	0	0	2	0	0	1	3	1	0	0	0	2	0	0	2	0	0	0	2	4	0	0	0	1	0	3	1	0	0	0	0	0
37730	28 Mar 26	17:02:00	1	0	34	0	Ct	0	1	1	0	1	0	0	2	0	0	0	0	0	1	0	1	1	2	0	0	1	2	0	2	0	1	0	2	5	0	0	0	0	0
37731	28 Mar 26	17:03:00	1	0	34	0	Ct	0	1	1	0	1	0	0	0	0	0	0	0	0	1	0	0	0	2	0	1	0	0	0	0	0	1	0	6	1	0	0	0	0	0
37732	28 Mar 26	17:04:00	1	0	34	0	Ct	0	1	0	0	2	0	0	0	2	0	0	0	0	1	1	0	0	0	0	0	2	0	0	0	0	0	0	4	0	0	5	0	0	0
37733	28 Mar 26	17:05:00	1	0	34	0	Ct	0	1	0	0	2	0	0	0	2	0	0	0	0	0	2	0	3	1	0	2	0	0	0	0	0	2	0	0	0	0	0	0	0	0
37734	28 Mar 26	17:06:00	1	0	34	0	Ct	0	1	0	0	3	0	0	0	1	0	0	0	0	1	1	0	1	1	0	1	0	0	0	0	0	1	0	2	0	0	0	0	4	0
37735	28 Mar 26	17:07:00	1	0	34	0	Ct	0	1	0	0	5	0	0	3	4	0	0	0	0	1	0	0	1	2	0	0	0	0	2	0	0	3	0	1	0	0	0	0	1	0
37736	28 Mar 26	17:08:00	1	0	34	0	Ct	0	1	1	0	2	0	0	0	5	0	0	0	0	1	0	0	0	1	0	0	0	0	0	0	0	2	0	3	0	0	0	0	2	2
37737	28 Mar 26	17:09:00	1	0	34	0	Ct	0	1	2	0	2	0	0	2	0	0	0	0	0	1	0	0	3	1	0	0	2	0	0	0	0	0	0	0	0	0	0	0	3	1
37738	28 Mar 26	17:10:00	1	0	34	0	Ct	0	1	0	0	0	0	0	2	4	0	0	0	0	0	0	0	0	2	0	0	1	0	0	1	0	0	0	3	0	0	0	0	1	1
37739	28 Mar 26	17:11:00	1	0	34	0	Ct	0	1	0	0	2	0	0	0	4	0	0	0	0	1	0	1	0	2	0	0	0	0	0	1	0	0	0	3	1	0	0	0	1	0
37740	28 Mar 26	17:12:00	1	0	34	0	Ct	0	1	1	0	1	0	0	0	3	0	0	0	0	0	0	3	2	2	0	0	0	0	0	1	0	0	0	0	0	0	0	0	1	0
37741	28 Mar 26	17:13:00	1	0	34	0	Ct	0	1	2	0	3	0	0	0	1	0	0	0	0	1	1	0	2	3	0	0	0	0	0	1	0	1	0	0	2	0	0	0	2	3
37742	28 Mar 26	17:14:00	1	0	34	0	Ct	0	1	1	0	2	0	0	0	1	0	0	0	0	0	1	1	2	0	0	0	0	2	0	2	0	2	0	0	1	0	0	0	2	0
37743	28 Mar 26	17:15:00	1	0	34	0	Ct	0	1	0	0	3	0	0	0	0	0	0	0	0	0	2	0	3	0	0	0	1	2	0	1	0	2	0	0	2	0	0	0	2	2
37744	28 Mar 26	17:16:00	1	0	34	0	Ct	0	1	0	0	1	0	0	0	0	0	0	0	0	0	2	0	4	0	0	0	1	0	0	1	0	1	0	1	0	0	0	0	2	0
37745	28 Mar 26	17:17:00	1	0	34	0	Ct	0	1	0	0	3	0	0	0	2	0	0	0	0	0	2	0	3	2	1	0	0	0	0	0	0	0	0	2	3	0	0	0	3	2
37746	28 Mar 26	17:18:00	1	0	34	0	Ct	0	1	0	0	3	0	0	0	2	0	0	0	0	0	2	0	2	1	3	0	1	1	0	0	0	0	0	2	1	0	0	0	2	0
37747	28 Mar 26	17:19:00	1	0	34	0	Ct	0	1	1	1	4	0	0	0	2	0	0	0	0	1	0	0	1	3	0	0	2	2	2	2	0	0	0	2	1	0	0	0	0	0
37748	28 Mar 26	17:20:00	1	0	34	0	Ct	0	1	2	1	3	0	0	0	0	0	0	0	0	1	3	0	2	2	0	0	0	18	0	2	0	0	0	0	0	0	0	0	1	0
37749	28 Mar 26	17:21:00	1	0	34	0	Ct	0	1	0	0	0	1	0	0	0	0	0	0	0	0	2	4	0	2	0	0	1	4	0	4	0	0	0	0	1	0	3	0	2	0
37750	28 Mar 26	17:22:00	1	0	34	0	Ct	0	1	1	0	1	1	0	0	2	0	0	1	0	0	0	1	2	6	0	0	1	0	0	3	0	0	0	1	0	0	0	0	3	0
37751	28 Mar 26	17:23:00	1	0	34	0	Ct	0	1	1	2	2	2	0	0	3	0	0	0	0	0	0	1	1	2	0	0	0	3	0	1	0	0	0	2	2	0	0	0	1	0
37752	28 Mar 26	17:24:00	1	0	34	0	Ct	0	1	0	0	2	0	0	0	1	0	0	0	0	0	0	1	2	0	0	0	0	1	0	1	0	0	0	2	2	0	0	0	1	0
37753	28 Mar 26	17:25:00	1	0	34	0	Ct	0	1	0	1	2	0	0	0	3	0	0	0	0	1	0	1	1	2	0	2	3	0	0	1	0	0	0	0	0	0	0	0	2	0
37754	28 Mar 26	17:26:00	1	0	34	0	Ct	0	1	2	2	2	5	0	0	0	0	0	0	0	1	2	0	0	1	0	0	0	0	0	0	0	0	2	0	0	1	0	0	1	1
37755	28 Mar 26	17:27:00	1	0	34	0	Ct	0	1	2	1	1	1	0	0	0	0	0	0	0	1	1	0	2	3	0	1	0	0	0	0	0	0	0	0	1	1	0	0	0	1
37756	28 Mar 26	17:28:00	1	0	34	0	Ct	0	1	0	0	2	7	0	0	1	0	0	0	0	0	0	0	0	2	0	1	0	0	0	2	0	0	0	0	0	0	0	0	0	0
37757	28 Mar 26	17:29:00	1	0	34	0	Ct	0	1	1	0	2	4	0	0	0	0	0	0	0	0	0	0	2	1	2	1	1	0	0	0	1	0	4	0	0	0	0	0	0	0
37758	28 Mar 26	17:30:00	1	0	34	0	Ct	0	1	3	0	1	1	0	0	1	0	0	1	0	0	0	1	0	2	2	0	3	0	0	0	0	0	3	0	0	0	0	0	0	0
37759	28 Mar 26	17:31:00	1	0	34	0	Ct	0	1	0	0	2	4	0	0	1	0	0	0	0	1	0	3	0	0	0	0	0	0	1	0	1	0	1	0	0	0	0	0	0	0
37760	28 Mar 26	17:32:00	1	0	34	0	Ct	0	1	0	0	2	2	0	0	0	1	0	0	0	1	0	0	0	2	0	0	2	0	1	0	1	0	0	0	1	0	0	0	0	0
37761	28 Mar 26	17:33:00	1	0	34	0	Ct	0	1	0	0	3	0	0	3	0	1	0	0	0	2	0	0	0	0	0	0	1	1	1	0	0	0	1	0	0	0	0	0	0	0
37762	28 Mar 26	17:34:00	1	0	34	0	Ct	0	1	0	0	2	0	0	0	0	0	0	0	0	0	1	0	0	0	0	0	0	8	1	3	3	0	1	0	0	0	0	0	0	0
37763	28 Mar 26	17:35:00	1	0	34	0	Ct	0	1	2	0	3	1	0	0	1	0	0	0	0	0	1	0	0	0	0	0	0	0	1	1	0	0	3	0	0	0	0	0	0	1
37764	28 Mar 26	17:36:00	1	0	34	0	Ct	0	1	2	0	3	1	0	2	0	0	0	0	0	0	0	0	1	0	0	0	3	0	1	0	0	0	2	0	0	0	0	0	1	1
37765	28 Mar 26	17:37:00	1	0	34	0	Ct	0	1	0	0	3	0	0	0	1	0	0	0	0	0	0	0	1	0	2	1	1	0	2	0	0	0	2	0	0	0	0	0	1	1
37766	28 Mar 26	17:38:00	1	0	34	0	Ct	0	1	0	0	1	0	0	0	1	0	0	0	0	0	0	0	0	1	2	3	0	1	0	0	0	0	6	0	1	0	0	0	0	1
37767	28 Mar 26	17:39:00	1	0	34	0	Ct	0	1	1	0	1	0	0	0	0	0	0	0	0	0	1	1	0	1	3	1	2	0	0	0	0	0	2	2	1	1	0	0	4	2
37768	28 Mar 26	17:40:00	1	0	34	0	Ct	0	1	2	0	0	0	0	0	0	0	0	0	0	0	1	1	0	1	4	0	1	0	0	0	0	1	0	0	0	1	0	0	3	0
37769	28 Mar 26	17:41:00	1	0	34	0	Ct	0	1	1	0	1	0	0	1	0	0	0	0	1	0	2	0	0	3	0	0	0	0	0	0	0	0	4	0	0	0	0	0	0	0
37770	28 Mar 26	17:42:00	1	0	34	0	Ct	0	1	0	0	1	0	0	1	0	0	0	0	0	0	1	1	2	2	0	2	2	0	0	0	0	0	5	0	0	0	0	0	1	0
37771	28 Mar 26	17:43:00	1	0	34	0	Ct	0	1	0	0	2	1	0	1	0	1	0	0	0	0	0	1	1	1	0	0	4	1	0	1	0	0	5	0	0	0	0	0	2	4
37772	28 Mar 26	17:44:00	1	0	34	0	Ct	0	1	1	0	2	1	0	2	0	1	0	0	0	0	1	0	0	1	0	0	0	7	0	1	0	1	1	0	0	0	0	0	1	0
37773	28 Mar 26	17:45:00	1	0	34	0	Ct	0	1	1	1	2	0	0	1	0	0	0	0	0	0	1	0	0	4	0	0	0	6	0	0	0	0	1	0	0	2	0	0	2	0
37774	28 Mar 26	17:46:00	1	0	34	0	Ct	0	1	0	1	2	0	0	1	0	0	0	0	0	2	0	1	2	1	0	0	0	0	0	1	0	0	0	0	2	0	0	0	0	0
37775	28 Mar 26	17:47:00	1	0	34	0	Ct	0	1	0	0	2	0	0	0	3	0	1	0	0	0	0	0	1	5	0	0	0	0	0	1	0	0	1	0	1	1	0	0	2	0
37776	28 Mar 26	17:48:00	1	0	34	0	Ct	0	1	0	1	2	0	0	0	1	0	0	0	0	0	0	1	2	2	1	0	0	0	0	0	0	0	0	0	2	2	0	0	2	0
37777	28 Mar 26	17:49:00	1	0	34	0	Ct	0	1	2	1	0	0	0	0	1	0	0	0	0	2	1	2	0	2	1	0	0	0	0	0	0	0	0	0	3	2	3	0	2	0
37778	28 Mar 26	17:50:00	1	0	34	0	Ct	0	1	0	0	0	1	0	0	1	0	0	0	0	1	1	0	0	1	0	0	0	7	0	0	0	0	0	0	4	0	0	0	1	0
37779	28 Mar 26	17:51:00	1	0	34	0	Ct	0	1	1	0	1	1	0	0	2	0	0	0	0	0	0	2	0	3	0	0	0	2	0	0	0	2	0	1	7	0	0	0	4	0
37780	28 Mar 26	17:52:00	1	0	34	0	Ct	0	1	1	1	2	1	0	0	1	0	0	0	0	2	2	2	2	2	0	0	2	0	0	2	0	0	0	6	1	0	0	0	3	0
37781	28 Mar 26	17:53:00	1	0	34	0	Ct	0	1	0	1	2	0	0	0	2	0	0	0	5	1	0	0	1	1	0	0	0	13	0	0	0	0	0	2	2	0	0	0	4	0
37782	28 Mar 26	17:54:00	1	0	34	0	Ct	0	1	0	2	1	2	0	0	1	0	0	0	5	1	0	1	3	2	0	0	0	2	0	2	0	1	0	4	0	2	1	0	3	0
37783	28 Mar 26	17:55:00	1	0	34	0	Ct	0	1	0	0	2	1	0	0	3	0	0	0	0	0	0	0	1	0	0	0	0	3	1	2	0	0	0	1	0	0	0	0	2	0
37784	28 Mar 26	17:56:00	1	0	34	0	Ct	0	1	0	0	1	1	0	0	2	0	0	0	0	0	0	0	1	0	0	0	0	3	1	2	0	0	0	4	0	0	1	0	0	0
37785	28 Mar 26	17:57:00	1	0	34	0	Ct	0	1	0	0	0	1	0	0	0	0	0	0	1	0	0	2	2	0	0	1	2	0	0	2	1	0	0	2	0	0	1	0	3	2
37786	28 Mar 26	17:58:00	1	0	34	0	Ct	0	1	1	0	0	0	0	0	3	0	0	0	0	0	2	0	2	0	0	1	1	0	0	0	0	2	0	0	0	0	1	0	1	0
37787	28 Mar 26	17:59:00	1	0	34	0	Ct	0	1	1	0	1	2	0	0	1	0	0	0	0	1	1	0	0	0	0	0	2	0	0	2	2	0	0	0	0	0	1	0	2	2
37788	28 Mar 26	18:00:00	1	0	34	0	Ct	0	1	1	0	1	2	0	0	2	0	0	0	0	1	0	0	2	0	0	0	1	0	0	0	0	0	0	0	2	0	1	0	1	2
37789	28 Mar 26	18:01:00	1	0	34	0	Ct	0	1	1	0	2	0	0	0	1	0	0	0	0	0	1	0	0	0	0	0	0	0	0	0	0	0	0	0	1	0	0	0	3	0
37790	28 Mar 26	18:02:00	1	0	34	0	Ct	0	1	0	0	4	1	0	2	0	0	0	1	0	1	0	1	4	0	0	1	0	0	0	0	1	0	0	3	1	0	0	0	3	1
37791	28 Mar 26	18:03:00	1	0	34	0	Ct	0	1	0	0	0	0	0	0	3	1	0	0	0	2	0	1	3	0	0	1	0	0	0	1	3	0	0	1	1	0	0	0	2	1
37792	28 Mar 26	18:04:00	1	0	34	0	Ct	0	1	0	0	0	0	0	0	0	1	0	1	0	0	0	0	2	0	0	0	0	0	0	1	0	0	3	2	0	0	0	0	3	0
37793	28 Mar 26	18:05:00	1	0	34	0	Ct	0	1	0	3	0	1	0	2	0	0	0	1	0	0	0	0	2	0	0	2	1	0	0	0	0	0	1	0	1	0	0	0	12	1
37794	28 Mar 26	18:06:00	1	0	34	0	Ct	0	1	0	0	0	3	0	2	0	0	0	0	0	1	0	0	3	0	0	1	4	0	3	0	0	0	1	0	2	0	1	0	4	1
37795	28 Mar 26	18:07:00	1	0	34	0	Ct	0	1	0	0	0	3	0	1	0	0	1	1	0	2	0	0	1	1	0	0	1	0	0	0	0	0	1	0	0	0	0	0	19	0
37796	28 Mar 26	18:08:00	1	0	34	0	Ct	0	1	0	0	0	0	0	1	0	0	0	0	2	1	1	0	2	0	0	0	0	0	1	2	0	0	0	0	2	0	0	0	1	1
37797	28 Mar 26	18:09:00	1	0	34	0	Ct	0	1	0	0	0	0	0	1	0	0	0	0	0	1	1	0	0	0	0	0	0	0	1	1	1	0	0	0	0	0	0	0	0	1
37798	28 Mar 26	18:10:00	1	0	34	0	Ct	0	1	4	1	0	2	0	6	0	0	0	0	0	2	1	3	5	2	1	4	1	0	2	3	4	0	1	1	1	4	0	0	5	1
37799	28 Mar 26	18:11:00	1	0	34	0	Ct	0	0	2	2	0	2	0	5	0	0	0	0	5	3	0	2	2	1	0	1	10	0	4	5	2	0	1	0	4	1	0	0	15	1
37800	28 Mar 26	18:12:00	1	0	34	0	Ct	0	0	2	2	0	0	0	2	1	0	0	0	1	1	3	0	3	1	0	14	5	0	3	4	1	2	3	0	8	0	0	0	1	2
37801	28 Mar 26	18:13:00	1	0	34	0	Ct	0	0	1	1	0	0	0	1	6	0	0	0	0	3	0	0	2	0	0	0	9	0	0	5	2	4	2	1	1	0	0	0	0	3
37802	28 Mar 26	18:14:00	1	0	34	0	Ct	0	0	5	0	0	0	0	0	8	0	0	1	0	2	0	0	3	0	0	0	2	0	0	4	3	0	0	0	0	0	0	0	3	3
37803	28 Mar 26	18:15:00	1	0	34	0	Ct	0	0	4	1	0	0	0	0	6	0	0	4	5	2	2	0	0	0	0	0	5	0	0	2	1	0	0	0	0	0	0	0	1	3
37804	28 Mar 26	18:16:00	1	0	34	0	Ct	0	0	3	0	0	0	0	0	5	1	0	0	0	1	1	0	2	3	0	0	3	0	1	1	6	0	1	1	2	0	0	0	0	3
37805	28 Mar 26	18:17:00	1	0	34	0	Ct	0	0	4	1	0	0	0	0	3	1	1	4	0	0	4	1	4	0	0	1	2	3	1	4	2	1	1	1	0	0	0	0	0	4
37806	28 Mar 26	18:18:00	1	0	34	0	Ct	0	0	3	1	0	1	0	0	3	0	2	0	0	3	0	2	2	0	0	1	2	1	0	4	3	1	5	0	5	0	0	0	0	3
37807	28 Mar 26	18:19:00	1	0	34	0	Ct	0	0	4	0	1	5	0	1	2	2	0	2	0	2	1	0	5	0	0	5	5	2	3	3	0	4	4	3	3	1	0	0	0	4
37808	28 Mar 26	18:20:00	1	0	34	0	Ct	0	0	3	1	3	1	0	3	0	3	0	2	0	2	1	1	1	0	1	0	3	6	2	3	3	1	0	0	3	1	0	0	1	0
37809	28 Mar 26	18:21:00	1	0	34	0	Ct	0	0	2	4	2	0	0	1	5	2	3	2	0	1	4	1	1	0	2	0	3	0	3	2	6	1	0	5	5	0	0	0	0	4
37810	28 Mar 26	18:22:00	1	0	34	0	Ct	0	0	4	1	0	0	0	0	3	2	3	4	0	2	0	1	2	0	1	0	5	6	3	1	2	0	0	6	5	2	0	0	6	3
37811	28 Mar 26	18:23:00	1	0	34	0	Ct	0	0	3	1	1	0	0	0	4	1	4	1	10	2	2	0	2	0	1	0	1	0	2	4	2	0	0	3	1	3	0	0	1	1
37812	28 Mar 26	18:24:00	1	0	34	0	Ct	0	0	2	2	2	0	0	2	1	2	9	3	3	3	0	2	3	0	0	2	5	0	1	2	2	2	1	3	1	2	0	0	0	3
37813	28 Mar 26	18:25:00	1	0	34	0	Ct	0	0	3	0	0	0	0	3	2	1	5	1	4	2	0	2	0	3	0	2	3	0	1	2	3	1	3	3	7	3	0	0	0	5
37814	28 Mar 26	18:26:00	1	0	34	0	Ct	0	0	4	0	0	0	0	3	6	1	4	2	2	1	6	2	0	0	4	0	3	0	3	3	3	1	2	2	2	0	0	0	2	2
37815	28 Mar 26	18:27:00	1	0	34	0	Ct	0	0	4	1	1	0	0	1	3	3	4	5	4	1	7	2	2	0	1	0	4	0	2	3	4	3	2	4	4	2	0	0	1	1
37816	28 Mar 26	18:28:00	1	0	34	0	Ct	0	0	5	2	1	0	0	0	8	1	3	2	0	2	8	3	2	2	2	0	2	5	1	3	2	2	0	3	2	3	0	0	0	4
37817	28 Mar 26	18:29:00	1	0	34	0	Ct	0	0	2	0	4	0	0	2	9	0	2	6	5	5	3	2	3	0	1	0	3	4	0	2	2	4	1	1	2	4	2	0	2	3
37818	28 Mar 26	18:30:00	1	0	34	0	Ct	0	0	3	1	2	0	0	1	1	1	1	1	1	1	0	1	2	0	2	4	3	1	2	3	1	2	5	1	1	0	5	0	1	2
37819	28 Mar 26	18:31:00	1	0	34	0	Ct	0	0	3	1	2	0	0	1	5	0	2	2	0	0	0	4	3	2	0	1	2	9	0	3	0	2	1	5	0	1	5	0	5	3
37820	28 Mar 26	18:32:00	1	0	34	0	Ct	0	0	2	3	3	0	0	6	2	4	3	1	1	1	0	0	3	3	3	0	5	13	0	3	3	3	0	2	3	2	2	0	8	2
37821	28 Mar 26	18:33:00	1	0	34	0	Ct	0	0	3	2	2	0	0	2	2	2	3	4	2	1	0	2	2	0	0	0	3	2	2	4	2	3	1	2	0	1	0	0	5	2
37822	28 Mar 26	18:34:00	1	0	34	0	Ct	0	0	3	0	0	0	0	2	4	4	1	1	7	5	2	2	3	0	1	0	3	0	3	4	4	2	3	4	0	1	3	0	6	2
37823	28 Mar 26	18:35:00	1	0	34	0	Ct	0	0	1	3	3	0	0	3	2	5	4	2	11	2	0	4	3	0	0	6	2	0	3	4	3	1	2	2	2	2	0	0	7	1
37824	28 Mar 26	18:36:00	1	0	34	0	Ct	0	0	3	1	4	3	0	3	3	2	3	2	7	5	6	1	4	0	0	3	3	0	1	4	3	2	0	0	0	2	1	0	6	2
37825	28 Mar 26	18:37:00	1	0	34	0	Ct	0	0	3	2	1	2	0	2	1	3	2	1	0	2	3	1	3	2	0	0	4	0	2	2	4	2	0	2	3	0	2	0	3	3
37826	28 Mar 26	18:38:00	1	0	34	0	Ct	0	0	0	0	3	0	0	0	5	3	3	2	1	1	2	2	3	3	0	5	4	0	25	4	3	2	1	4	5	6	6	0	4	2
37827	28 Mar 26	18:39:00	1	0	34	0	Ct	0	0	3	0	2	0	0	0	5	1	0	3	2	3	0	3	0	1	7	8	4	1	0	2	3	1	0	5	2	3	3	0	5	3
37828	28 Mar 26	18:40:00	1	0	34	0	Ct	0	0	3	2	0	0	0	0	3	0	2	1	3	3	2	2	3	0	0	3	2	0	2	5	5	3	0	1	2	0	6	0	5	4
37829	28 Mar 26	18:41:00	1	0	34	0	Ct	0	0	2	1	2	0	0	4	5	2	3	2	1	1	2	3	3	0	0	1	0	1	3	3	4	1	4	2	4	1	3	0	5	3
37830	28 Mar 26	18:42:00	1	0	34	0	Ct	0	0	4	1	2	0	0	2	5	11	3	2	1	1	4	1	15	0	0	1	2	1	1	4	6	1	2	2	3	1	6	0	6	3
37831	28 Mar 26	18:43:00	1	0	34	0	Ct	0	0	3	6	3	0	0	2	3	4	3	3	0	2	3	1	1	0	0	8	3	0	1	4	6	18	5	5	1	2	2	0	4	4
37832	28 Mar 26	18:44:00	1	0	34	0	Ct	0	0	2	1	5	0	0	2	5	1	1	2	0	3	5	1	2	0	2	1	3	0	0	4	4	1	3	0	0	2	1	0	4	1
37833	28 Mar 26	18:45:00	1	0	34	0	Ct	0	0	3	1	2	0	0	2	5	1	1	2	0	3	2	4	2	0	1	1	0	4	1	2	2	1	2	4	1	2	2	0	9	7
37834	28 Mar 26	18:46:00	1	0	34	0	Ct	0	0	1	3	2	0	0	2	3	3	2	2	0	2	5	4	2	3	0	0	1	1	8	1	4	1	4	3	10	0	4	0	7	4
37835	28 Mar 26	18:47:00	1	0	34	0	Ct	0	0	1	3	4	0	0	3	4	1	2	3	0	2	2	7	3	2	2	0	1	4	7	2	4	2	7	4	0	2	1	0	8	2
37836	28 Mar 26	18:48:00	1	0	34	0	Ct	0	0	1	4	3	0	0	5	1	2	3	2	0	2	4	4	1	0	1	1	5	6	0	4	4	1	3	3	0	2	2	0	3	5
37837	28 Mar 26	18:49:00	1	0	34	0	Ct	0	0	2	0	3	0	0	5	2	0	2	1	0	2	1	1	2	0	3	1	5	0	0	3	3	2	5	7	5	1	2	0	3	2
37838	28 Mar 26	18:50:00	1	0	34	0	Ct	0	0	2	1	7	0	0	4	3	3	3	2	0	3	3	1	4	0	2	1	3	0	0	3	3	2	5	7	3	1	2	0	3	4
37839	28 Mar 26	18:51:00	1	0	34	0	Ct	0	0	1	3	5	1	0	1	6	3	3	3	2	6	1	1	3	14	1	0	2	0	1	3	3	2	2	13	4	2	2	0	5	4
37840	28 Mar 26	18:52:00	1	0	34	0	Ct	0	0	3	0	2	9	0	3	2	3	2	1	3	4	2	2	3	0	0	6	7	0	0	2	1	2	2	4	2	3	2	0	5	3
37841	28 Mar 26	18:53:00	1	0	34	0	Ct	0	0	1	1	3	1	0	3	2	3	0	1	4	0	4	1	1	0	3	0	0	0	2	3	4	2	2	4	2	3	3	0	4	3
37842	28 Mar 26	18:54:00	1	0	34	0	Ct	0	0	3	3	1	10	0	3	3	2	0	1	1	0	2	1	0	2	2	1	0	0	0	0	3	1	4	2	2	2	2	0	7	2
37843	28 Mar 26	18:55:00	1	0	34	0	Ct	0	0	2	3	2	0	0	2	3	2	1	1	0	0	2	6	0	2	1	1	4	4	0	3	3	3	2	1	4	0	5	0	3	5
37844	28 Mar 26	18:56:00	1	0	34	0	Ct	0	0	4	1	2	3	0	3	3	3	0	1	5	3	2	3	0	1	0	0	2	1	1	3	5	2	1	0	1	2	0	0	3	2
37845	28 Mar 26	18:57:00	1	0	34	0	Ct	0	0	1	4	3	0	0	0	6	2	2	3	3	0	2	1	1	5	0	0	2	0	3	3	3	0	2	3	0	1	3	0	4	2
37846	28 Mar 26	18:58:00	1	0	34	0	Ct	0	0	3	1	2	0	0	2	3	3	4	0	2	1	3	2	1	4	2	0	3	1	1	3	3	0	3	5	1	1	2	0	4	2
37847	28 Mar 26	18:59:00	1	0	34	0	Ct	0	0	2	1	1	0	0	2	4	2	1	3	0	2	2	1	1	4	1	4	0	0	2	2	3	1	1	3	3	4	2	0	3	0
37848	28 Mar 26	19:00:00	1	0	34	0	Ct	0	0	3	2	1	0	0	2	4	3	1	4	2	0	2	2	1	5	1	2	2	0	2	4	5	1	0	1	3	3	1	0	4	0
37849	28 Mar 26	19:01:00	1	0	34	0	Ct	0	0	2	0	3	0	0	2	3	2	2	2	0	1	4	1	1	3	1	2	4	2	1	2	4	2	3	6	2	1	4	0	3	5
37850	28 Mar 26	19:02:00	1	0	34	0	Ct	0	0	3	2	4	0	0	1	3	5	1	3	0	0	2	1	1	4	1	0	2	4	1	2	3	1	3	5	3	2	2	0	4	3
37851	28 Mar 26	19:03:00	1	0	34	0	Ct	0	0	2	4	3	0	0	4	1	2	0	3	0	1	4	0	0	4	0	0	4	0	2	5	3	0	12	1	4	1	2	0	4	2
37852	28 Mar 26	19:04:00	1	0	34	0	Ct	0	0	2	3	2	1	0	3	4	2	1	2	0	2	2	0	0	2	4	2	5	0	0	4	4	2	1	0	2	1	3	0	2	4
37853	28 Mar 26	19:05:00	1	0	34	0	Ct	0	0	2	0	3	0	0	3	4	0	0	2	0	0	2	2	2	4	0	2	4	1	0	2	3	1	2	1	3	1	6	0	2	7
37854	28 Mar 26	19:06:00	1	0	34	0	Ct	0	0	2	1	3	3	0	4	5	2	0	1	4	2	3	2	3	2	0	2	3	3	2	3	3	2	2	2	2	3	3	0	3	3
37855	28 Mar 26	19:07:00	1	0	34	0	Ct	0	0	2	0	2	0	0	3	2	0	1	2	2	1	1	0	1	4	4	1	3	0	0	4	4	1	2	5	0	3	5	0	5	7
37856	28 Mar 26	19:08:00	1	0	34	0	Ct	0	0	1	1	3	0	0	4	13	2	0	1	6	2	3	1	2	3	0	0	3	6	2	2	2	2	2	3	13	1	1	0	4	2
37857	28 Mar 26	19:09:00	1	0	34	0	Ct	0	0	1	2	3	1	0	1	2	2	1	2	3	1	0	2	0	2	0	0	2	2	2	7	5	2	3	10	1	2	3	0	3	2
37858	28 Mar 26	19:10:00	1	0	34	0	Ct	0	0	1	1	6	2	0	0	5	3	0	1	10	2	0	3	0	4	0	0	2	34	2	3	2	1	1	1	0	1	0	0	4	4
37859	28 Mar 26	19:11:00	1	0	34	0	Ct	0	0	2	2	7	2	0	1	5	3	2	1	1	2	5	1	2	4	0	3	1	0	3	4	5	1	2	4	3	1	0	0	5	1
37860	28 Mar 26	19:12:00	1	0	34	0	Ct	0	0	7	4	2	1	0	3	0	2	1	2	0	1	1	3	2	7	0	0	3	1	2	2	2	1	7	3	2	1	4	0	3	2
37861	28 Mar 26	19:13:00	1	0	34	0	Ct	0	0	2	2	4	0	0	4	5	3	2	2	0	0	2	0	3	5	0	1	4	1	1	3	2	0	3	3	1	2	2	0	4	4
37862	28 Mar 26	19:14:00	1	0	34	0	Ct	0	0	2	3	2	0	0	2	3	2	0	1	1	0	4	1	3	3	0	4	2	2	4	2	7	0	3	2	2	5	5	0	5	3
37863	28 Mar 26	19:15:00	1	0	34	0	Ct	0	0	3	1	3	0	0	2	1	5	4	2	6	2	0	1	1	3	0	3	4	3	2	3	4	1	1	1	2	1	1	0	3	3
37864	28 Mar 26	19:16:00	1	0	34	0	Ct	0	0	1	1	9	0	0	3	4	3	4	3	2	0	1	1	0	3	0	1	3	7	2	5	4	1	9	1	1	0	0	0	4	19
37865	28 Mar 26	19:17:00	1	0	34	0	Ct	0	0	2	1	3	2	0	2	2	3	3	2	1	0	0	3	0	4	2	4	0	5	2	2	2	1	9	5	1	2	1	0	5	1
37866	28 Mar 26	19:18:00	1	0	34	0	Ct	0	0	1	0	6	2	0	2	3	3	1	2	3	2	1	2	3	3	0	0	2	0	1	3	3	5	1	4	0	2	2	0	4	1
37867	28 Mar 26	19:19:00	1	0	34	0	Ct	0	0	2	2	1	0	0	3	4	2	3	4	3	2	2	3	3	4	1	4	3	4	2	4	5	4	1	0	0	1	2	0	5	2
37868	28 Mar 26	19:20:00	1	0	34	0	Ct	0	0	2	2	4	0	0	3	1	3	0	3	3	0	3	1	3	3	0	0	5	1	1	2	2	1	2	3	16	3	3	0	5	5
37869	28 Mar 26	19:21:00	1	0	34	0	Ct	0	0	5	3	3	1	0	2	0	5	2	1	6	4	2	1	1	4	1	1	0	5	3	2	4	3	4	0	1	2	1	0	7	4
37870	28 Mar 26	19:22:00	1	0	34	0	Ct	0	0	3	1	1	0	0	0	0	4	6	1	0	0	2	3	3	6	0	3	1	2	0	3	5	1	1	0	0	1	16	0	2	3
37871	28 Mar 26	19:23:00	1	0	34	0	Ct	0	0	2	1	2	0	0	3	1	4	2	2	7	2	1	1	4	3	0	4	0	0	2	6	3	1	0	3	1	2	1	0	0	5
37872	28 Mar 26	19:24:00	1	0	34	0	Ct	0	0	2	2	2	3	0	3	0	2	3	1	8	0	0	1	2	3	0	1	2	0	0	2	3	3	4	4	0	2	1	0	2	4
37873	28 Mar 26	19:25:00	1	0	34	0	Ct	0	0	2	1	4	4	0	3	2	4	1	2	0	2	2	1	3	5	1	2	2	0	3	2	3	1	4	2	1	3	0	0	6	2
37874	28 Mar 26	19:26:00	1	0	34	0	Ct	0	0	2	2	4	0	0	2	0	2	2	2	0	1	2	1	2	2	1	2	0	7	2	1	4	0	0	0	3	1	2	0	2	4
37875	28 Mar 26	19:27:00	1	0	34	0	Ct	0	0	2	2	3	0	0	2	3	4	1	2	0	0	3	2	2	3	0	4	1	0	2	4	2	3	1	2	1	2	3	0	5	5
37876	28 Mar 26	19:28:00	1	0	34	0	Ct	0	0	3	2	2	0	0	3	3	2	1	3	0	2	3	1	4	2	1	2	5	0	2	5	3	1	4	3	2	1	1	0	5	2
37877	28 Mar 26	19:29:00	1	0	34	0	Ct	0	0	1	1	4	0	0	1	4	2	2	3	1	2	2	2	0	0	1	2	3	0	2	1	5	2	2	2	1	2	4	0	4	2
37878	28 Mar 26	19:30:00	1	0	34	0	Ct	0	0	1	1	4	0	0	2	7	3	1	1	1	0	1	2	2	3	1	2	2	2	1	3	3	1	4	5	1	0	4	0	4	5
37879	28 Mar 26	19:31:00	1	0	34	0	Ct	0	0	3	1	4	0	0	3	4	2	3	2	1	2	1	2	1	5	0	1	2	2	1	2	4	0	2	4	1	2	0	0	3	3
37880	28 Mar 26	19:32:00	1	0	34	0	Ct	0	0	2	1	3	0	0	3	3	3	1	2	0	1	2	1	1	4	0	3	1	0	1	4	2	2	4	1	1	2	0	0	5	3
37881	28 Mar 26	19:33:00	1	0	34	0	Ct	0	0	3	2	3	0	0	3	2	3	1	2	0	3	0	2	1	2	0	3	4	0	3	3	4	0	4	6	2	0	1	0	6	4
37882	28 Mar 26	19:34:00	1	0	34	0	Ct	0	0	3	3	1	0	0	1	1	2	1	2	0	1	1	1	1	4	0	1	1	0	2	5	3	1	11	5	1	3	3	0	3	4
37883	28 Mar 26	19:35:00	1	0	34	0	Ct	0	0	3	2	4	0	0	3	5	2	3	1	0	3	2	0	3	2	0	2	1	5	0	3	3	2	2	5	0	2	1	0	5	2
37884	28 Mar 26	19:36:00	1	0	34	0	Ct	0	0	3	2	4	0	0	3	4	4	3	4	0	0	4	1	2	2	1	3	0	0	3	5	2	1	3	3	1	3	3	0	5	2
37885	28 Mar 26	19:37:00	1	0	34	0	Ct	0	0	3	3	6	0	0	4	2	3	1	0	0	3	6	4	2	5	2	5	3	0	1	3	4	5	4	3	1	2	1	0	3	3
37886	28 Mar 26	19:38:00	1	0	34	0	Ct	0	0	3	1	2	0	0	3	5	1	1	1	7	1	1	1	1	2	1	2	1	7	3	4	5	2	4	3	2	0	2	0	3	3
37887	28 Mar 26	19:39:00	1	0	34	0	Ct	0	0	3	0	1	0	0	4	0	2	1	1	8	2	1	1	4	3	1	0	4	0	1	2	3	3	3	5	2	3	3	0	6	3
37888	28 Mar 26	19:40:00	1	0	34	0	Ct	0	0	3	4	1	0	0	1	2	2	1	2	0	1	2	0	2	1	0	3	3	4	3	3	3	2	2	4	1	0	2	0	4	2
37889	28 Mar 26	19:41:00	1	0	34	0	Ct	0	0	2	1	2	4	0	2	0	3	0	1	2	1	4	3	1	3	1	2	1	0	0	1	3	2	1	5	2	0	0	0	6	9
37890	28 Mar 26	19:42:00	1	0	34	0	Ct	0	0	4	3	4	0	0	2	1	2	2	2	2	2	3	0	1	2	0	2	3	3	0	2	4	2	7	5	0	1	8	0	3	11
37891	28 Mar 26	19:43:00	1	0	34	0	Ct	0	0	2	2	2	1	0	3	1	3	1	3	5	3	0	2	0	2	1	2	1	0	3	0	3	19	4	1	1	1	2	0	4	2
37892	28 Mar 26	19:44:00	1	0	34	0	Ct	0	0	2	1	1	0	0	2	1	1	4	2	0	1	1	1	4	1	1	4	0	0	0	5	3	1	5	0	3	0	4	0	4	2
37893	28 Mar 26	19:45:00	1	0	34	0	Ct	0	0	4	1	2	0	0	4	2	4	4	2	0	0	0	1	2	0	3	3	2	0	1	4	4	0	3	6	2	4	0	0	4	3
37894	28 Mar 26	19:46:00	1	0	34	0	Ct	0	0	2	1	2	0	0	2	4	3	2	3	0	0	0	1	3	3	1	2	3	0	3	1	3	1	2	0	5	0	1	0	4	3
37895	28 Mar 26	19:47:00	1	0	34	0	Ct	0	0	2	2	4	0	0	0	2	0	1	3	0	1	2	1	2	4	3	1	2	3	3	4	5	1	6	3	3	5	2	0	3	3
37896	28 Mar 26	19:48:00	1	0	34	0	Ct	0	0	3	2	3	0	0	1	4	1	1	2	2	1	1	3	2	3	1	0	3	0	3	7	0	2	1	2	1	1	1	0	5	4
37897	28 Mar 26	19:49:00	1	0	34	0	Ct	0	0	4	2	1	0	0	1	0	3	0	2	1	1	3	1	3	4	3	2	5	4	2	3	2	1	5	5	5	1	4	0	3	4
37898	28 Mar 26	19:50:00	1	0	34	0	Ct	0	0	3	0	3	0	0	3	1	2	3	1	3	1	4	0	0	2	1	2	1	6	2	3	5	2	6	3	2	3	4	0	6	3
37899	28 Mar 26	19:51:00	1	0	34	0	Ct	0	0	2	2	3	0	0	2	4	3	1	1	1	1	2	3	2	1	2	4	1	0	1	4	4	2	6	5	3	2	3	0	5	1
37900	28 Mar 26	19:52:00	1	0	34	0	Ct	0	0	5	1	2	0	0	2	0	2	1	3	0	1	2	0	0	2	1	1	9	0	1	1	1	2	4	4	2	2	3	0	3	5
37901	28 Mar 26	19:53:00	1	0	34	0	Ct	0	0	1	3	4	0	0	1	4	3	1	5	3	3	3	3	2	5	2	2	2	1	1	3	1	2	1	2	0	1	3	0	0	2
37902	28 Mar 26	19:54:00	1	0	34	0	Ct	0	0	3	2	3	0	0	3	2	6	2	1	4	1	1	1	1	3	1	2	2	0	1	3	3	0	2	4	0	2	2	0	3	4
37903	28 Mar 26	19:55:00	1	0	34	0	Ct	0	0	2	1	3	0	0	3	3	1	3	5	1	2	1	2	1	4	1	2	3	3	3	4	4	3	1	3	0	2	2	0	3	3
37904	28 Mar 26	19:56:00	1	0	34	0	Ct	0	0	2	2	3	2	0	3	4	2	2	1	1	2	1	5	4	4	1	0	4	2	2	3	3	3	7	3	3	3	2	0	3	5
37905	28 Mar 26	19:57:00	1	0	34	0	Ct	0	0	2	1	2	2	0	4	1	0	1	2	0	1	2	1	2	3	2	3	4	4	5	4	3	3	2	0	2	2	2	0	4	2
37906	28 Mar 26	19:58:00	1	0	34	0	Ct	0	0	2	3	3	0	0	2	8	0	1	2	0	1	2	1	2	4	2	2	1	2	1	5	4	1	3	3	3	2	2	0	7	3
37907	28 Mar 26	19:59:00	1	0	34	0	Ct	0	0	3	0	6	0	0	2	2	0	1	1	0	0	2	1	1	3	0	2	3	2	2	2	4	1	4	1	3	3	3	0	5	4
37908	28 Mar 26	20:00:00	1	0	34	0	Ct	0	0	3	2	3	0	0	3	1	0	5	2	0	1	4	7	2	3	0	3	4	0	3	6	3	1	3	2	0	2	3	0	5	4
37909	28 Mar 26	20:01:00	1	0	34	0	Ct	0	0	1	0	4	0	0	2	1	0	0	3	3	1	3	1	4	3	0	2	3	0	2	2	3	4	2	1	3	1	3	0	6	3
37910	28 Mar 26	20:02:00	1	0	34	0	Ct	0	0	1	2	3	0	0	0	0	0	3	2	1	1	3	1	3	3	0	5	2	0	3	3	5	1	5	2	0	2	1	0	6	4
37911	28 Mar 26	20:03:00	1	0	34	0	Ct	0	0	1	1	2	0	0	8	4	0	3	1	0	2	2	2	2	2	1	2	2	0	1	2	3	2	5	5	3	1	3	0	3	4
37912	28 Mar 26	20:04:00	1	0	34	0	Ct	0	0	6	1	2	0	0	0	4	0	2	0	2	1	2	6	3	5	1	2	2	0	2	3	3	1	0	4	3	4	8	0	6	2
37913	28 Mar 26	20:05:00	1	0	34	0	Ct	0	0	5	3	7	0	0	4	4	2	2	3	0	3	2	3	3	2	0	0	4	1	0	3	3	5	1	3	2	3	1	0	5	2
37914	28 Mar 26	20:06:00	1	0	34	0	Ct	0	0	3	3	9	0	0	2	2	0	2	4	3	0	4	1	3	3	0	3	3	0	2	3	3	3	2	1	1	2	3	0	4	2
37915	28 Mar 26	20:07:00	1	0	34	0	Ct	0	0	4	1	2	0	0	2	4	0	1	5	6	2	1	3	2	4	0	2	4	4	3	4	4	2	2	1	0	3	4	0	9	1
37916	28 Mar 26	20:08:00	1	0	34	0	Ct	0	0	4	1	2	0	0	4	2	0	2	2	0	2	4	2	3	2	0	3	0	0	3	2	3	3	1	1	3	3	1	0	5	3
37917	28 Mar 26	20:09:00	1	0	34	0	Ct	0	0	2	3	6	12	0	2	3	4	2	3	0	1	1	2	1	2	0	3	0	4	2	4	2	4	1	3	0	2	2	0	4	5
37918	28 Mar 26	20:10:00	1	0	34	0	Ct	0	0	2	1	3	10	0	2	4	4	4	1	0	2	0	0	1	6	0	4	2	0	2	3	3	0	3	2	0	2	1	0	3	2
37919	28 Mar 26	20:11:00	1	0	34	0	Ct	0	0	1	1	6	0	0	1	5	3	2	2	0	1	2	2	3	3	0	0	0	0	2	3	4	0	0	3	1	1	2	0	4	4
37920	28 Mar 26	20:12:00	1	0	34	0	Ct	0	0	3	1	4	1	0	1	3	3	3	0	2	3	1	3	2	4	0	1	1	7	3	3	5	0	2	7	5	0	2	0	4	2
37921	28 Mar 26	20:13:00	1	0	34	0	Ct	0	0	1	1	4	1	0	5	3	5	2	1	3	2	1	1	2	4	0	2	2	4	2	4	3	0	1	5	2	1	2	0	6	1
37922	28 Mar 26	20:14:00	1	0	34	0	Ct	0	0	2	3	5	0	0	2	3	7	0	2	2	1	2	2	3	2	0	1	2	2	3	3	1	1	2	2	1	2	2	0	5	2
37923	28 Mar 26	20:15:00	1	0	34	0	Ct	0	0	2	1	2	0	0	2	2	4	3	4	1	2	2	1	1	3	0	2	4	0	2	2	4	0	1	0	0	0	2	0	5	2
37924	28 Mar 26	20:16:00	1	0	34	0	Ct	0	0	4	2	4	0	0	2	3	2	3	2	0	2	2	3	3	2	0	4	4	0	2	5	3	0	2	1	2	2	4	0	7	4
37925	28 Mar 26	20:17:00	1	0	34	0	Ct	0	0	4	3	5	2	0	2	3	2	2	1	0	2	3	1	1	6	0	3	3	3	2	3	4	0	11	4	2	2	2	0	4	2
37926	28 Mar 26	20:18:00	1	0	34	0	Ct	0	0	5	1	4	0	0	4	5	2	2	5	0	4	2	2	1	3	0	2	7	4	2	3	3	2	1	5	3	1	7	0	5	3
37927	28 Mar 26	20:19:00	1	0	34	0	Ct	0	0	0	2	3	0	0	3	3	1	2	2	4	2	4	2	2	4	0	1	3	1	3	9	2	1	3	6	5	3	4	0	12	4
37928	28 Mar 26	20:20:00	1	0	34	0	Ct	0	0	10	2	5	0	0	2	1	2	1	1	5	1	2	1	2	3	0	3	1	4	3	5	4	2	2	0	2	2	3	0	20	4
37929	28 Mar 26	20:21:00	1	0	34	0	Ct	0	0	2	3	3	0	0	2	5	2	3	2	2	2	6	1	3	4	2	3	3	7	3	3	3	2	5	6	2	0	1	0	4	3
37930	28 Mar 26	20:22:00	1	0	34	0	Ct	0	0	2	2	3	0	0	2	3	1	3	0	0	4	2	2	0	5	0	0	0	3	0	0	3	2	3	3	0	2	2	0	8	4
37931	28 Mar 26	20:23:00	1	0	34	0	Ct	0	0	1	2	3	2	0	3	4	0	3	5	2	1	3	4	2	4	2	2	6	0	2	2	1	1	3	1	0	2	3	0	5	3
37932	28 Mar 26	20:24:00	1	0	34	0	Ct	0	0	4	2	2	4	0	3	4	1	5	0	1	2	2	1	2	4	1	1	0	0	2	2	2	2	4	2	3	2	1	0	6	2
37933	28 Mar 26	20:25:00	1	0	34	0	Ct	0	0	2	2	3	0	0	3	8	1	4	1	0	2	1	1	2	4	0	2	0	0	2	1	5	3	1	7	0	1	2	0	5	4
37934	28 Mar 26	20:26:00	1	0	34	0	Ct	0	0	4	1	8	2	0	3	5	6	2	0	2	1	2	4	2	3	1	1	3	0	2	4	2	4	1	4	2	2	2	0	5	4
37935	28 Mar 26	20:27:00	1	0	34	0	Ct	0	0	1	1	1	6	0	3	5	2	3	2	4	2	2	1	2	3	0	2	0	1	2	4	2	1	1	4	2	1	2	0	5	4
37936	28 Mar 26	20:28:00	1	0	34	0	Ct	0	0	2	2	0	6	0	3	8	5	2	2	5	4	2	4	3	3	0	2	0	5	4	2	2	3	1	4	4	1	1	0	3	3
37937	28 Mar 26	20:29:00	1	0	34	0	Ct	0	0	4	3	1	0	0	2	3	4	3	2	5	1	0	2	2	3	7	1	3	0	0	4	10	2	1	3	0	2	1	0	3	3
37938	28 Mar 26	20:30:00	1	0	34	0	Ct	0	0	2	2	3	0	0	4	1	3	1	3	2	1	0	2	0	3	0	1	0	0	2	2	24	2	2	6	0	1	5	0	5	4
37939	28 Mar 26	20:31:00	1	0	34	0	Ct	0	0	3	3	3	0	0	1	4	1	3	2	5	1	3	1	1	2	0	1	2	1	2	5	5	3	1	1	2	1	3	0	4	2
37940	28 Mar 26	20:32:00	1	0	34	0	Ct	0	0	2	1	7	0	0	2	5	3	3	2	6	2	5	1	1	6	0	2	3	1	2	3	4	0	1	6	3	1	3	0	4	2
37941	28 Mar 26	20:33:00	1	0	34	0	Ct	0	0	2	1	3	0	0	4	4	3	3	1	4	3	2	3	3	3	0	1	2	0	2	4	6	1	2	3	3	3	1	0	8	2
37942	28 Mar 26	20:34:00	1	0	34	0	Ct	0	0	1	2	3	0	0	4	3	3	1	2	2	2	2	2	4	2	2	6	2	2	3	3	4	0	3	2	1	2	0	0	6	5
37943	28 Mar 26	20:35:00	1	0	34	0	Ct	0	0	2	2	3	0	0	5	4	3	5	3	0	3	3	2	2	2	1	2	3	0	1	2	4	1	2	2	1	2	4	0	1	3
37944	28 Mar 26	20:36:00	1	0	34	0	Ct	0	0	2	2	3	0	0	0	1	1	1	3	0	2	5	1	1	6	2	0	1	2	2	4	3	1	1	2	2	1	3	0	4	4
37945	28 Mar 26	20:37:00	1	0	34	0	Ct	0	0	2	2	5	0	0	4	4	1	1	5	4	6	2	2	0	4	0	4	2	1	1	5	3	3	1	2	4	2	1	0	6	5
37946	28 Mar 26	20:38:00	1	0	34	0	Ct	0	0	3	2	2	0	0	2	4	4	5	4	1	2	2	3	5	8	2	3	1	2	2	4	3	3	3	4	4	2	1	0	6	4
37947	28 Mar 26	20:39:00	1	0	34	0	Ct	0	0	1	4	6	2	0	0	2	2	4	3	6	3	5	2	2	3	1	2	2	0	3	2	5	3	1	2	3	2	1	0	9	5
37948	28 Mar 26	20:40:00	1	0	34	0	Ct	0	0	2	3	4	1	0	0	4	2	2	2	1	2	3	2	3	2	4	4	3	2	2	3	3	3	2	3	4	3	2	0	5	6
37949	28 Mar 26	20:41:00	1	0	34	0	Ct	0	0	2	3	5	1	0	2	1	2	2	1	0	1	2	3	2	6	2	1	5	3	2	2	2	3	2	7	2	3	2	0	5	4
37950	28 Mar 26	20:42:00	1	0	34	0	Ct	0	0	1	3	2	4	0	3	3	3	3	1	1	2	1	2	3	3	1	2	0	3	0	5	4	1	3	4	6	2	2	0	4	4
37951	28 Mar 26	20:43:00	1	0	34	0	Ct	0	0	3	2	2	4	0	5	3	1	2	2	0	1	0	2	2	4	2	1	0	1	1	1	3	4	2	4	1	2	3	0	6	1
37952	28 Mar 26	20:44:00	1	0	34	0	Ct	0	0	1	5	7	2	0	2	2	2	4	3	0	4	2	1	2	3	2	1	2	3	1	4	3	1	2	4	1	0	3	0	4	4
37953	28 Mar 26	20:45:00	1	0	34	0	Ct	0	0	2	2	2	0	0	6	3	4	3	4	0	2	1	0	1	4	2	3	1	5	2	3	5	0	1	5	0	1	2	0	6	2
37954	28 Mar 26	20:46:00	1	0	34	0	Ct	0	0	4	1	3	4	0	3	3	3	0	3	7	2	2	2	1	1	1	2	2	0	2	3	2	3	4	5	0	2	3	0	2	2
37955	28 Mar 26	20:47:00	1	0	34	0	Ct	0	0	2	2	4	3	0	4	3	4	2	2	2	2	3	0	2	5	2	1	3	2	2	2	4	3	1	12	1	2	2	0	7	2
37956	28 Mar 26	20:48:00	1	0	34	0	Ct	0	0	3	2	3	1	0	3	3	5	1	1	2	2	2	3	2	2	0	3	2	1	3	3	2	3	3	7	9	1	0	0	3	3
37957	28 Mar 26	20:49:00	1	0	34	0	Ct	0	0	3	2	2	0	0	4	4	2	5	2	2	2	2	3	0	4	2	0	4	2	2	2	5	3	0	4	5	2	5	0	4	6
37958	28 Mar 26	20:50:00	1	0	34	0	Ct	0	0	1	2	7	0	0	2	4	3	1	3	1	3	2	1	2	3	1	2	2	0	2	2	3	2	1	0	2	2	3	0	3	3
37959	28 Mar 26	20:51:00	1	0	34	0	Ct	0	0	3	4	4	0	0	2	4	1	2	3	7	3	3	1	2	6	1	0	1	6	4	4	4	3	2	2	2	2	2	0	2	4
37960	28 Mar 26	20:52:00	1	0	34	0	Ct	0	0	4	3	5	0	0	3	1	4	3	3	1	1	2	2	4	2	1	0	1	0	4	4	3	1	5	4	5	2	3	0	4	3
37961	28 Mar 26	20:53:00	1	0	34	0	Ct	0	0	1	4	3	2	0	5	4	2	1	3	0	2	3	1	2	6	1	0	1	0	1	2	2	4	2	5	2	3	8	0	5	4
37962	28 Mar 26	20:54:00	1	0	34	0	Ct	0	0	1	2	1	1	0	2	11	3	2	2	0	2	0	0	2	3	1	2	6	0	3	4	5	2	1	3	4	1	3	0	5	5
37963	28 Mar 26	20:55:00	1	0	34	0	Ct	0	0	3	3	4	3	0	1	3	3	2	2	4	2	0	2	3	1	0	1	1	2	2	3	5	3	2	4	4	1	3	0	4	3
37964	28 Mar 26	20:56:00	1	0	34	0	Ct	0	0	2	1	5	2	0	3	0	1	3	4	1	1	0	3	5	3	3	2	1	1	3	5	4	2	1	4	1	2	2	0	3	3
37965	28 Mar 26	20:57:00	1	0	34	0	Ct	0	0	2	2	5	3	0	2	2	2	0	1	3	1	0	3	2	5	1	2	2	0	5	1	8	3	2	7	2	1	7	0	4	4
37966	28 Mar 26	20:58:00	1	0	34	0	Ct	0	0	4	2	1	4	0	0	3	4	3	1	1	1	2	1	3	3	2	3	5	0	2	3	4	1	2	6	4	2	2	0	3	4
37967	28 Mar 26	20:59:00	1	0	34	0	Ct	0	0	3	3	3	2	0	2	2	4	4	8	3	1	4	3	4	5	1	5	3	0	1	3	4	3	3	6	3	2	4	0	6	4
37968	28 Mar 26	21:00:00	1	0	34	0	Ct	0	0	2	3	2	1	0	3	4	2	2	4	1	2	1	3	2	4	2	7	1	10	1	2	3	2	2	6	3	4	2	0	13	4
37969	28 Mar 26	21:01:00	1	0	34	0	Ct	0	0	4	1	3	1	0	4	3	3	2	2	2	4	1	2	3	9	1	2	5	1	3	2	5	3	1	8	2	0	2	0	5	3
37970	28 Mar 26	21:02:00	1	0	34	0	Ct	0	0	1	2	3	1	0	5	5	2	1	1	1	2	6	2	2	3	3	3	2	4	2	3	1	3	1	6	2	2	4	0	6	3
37971	28 Mar 26	21:03:00	1	0	34	0	Ct	0	0	2	2	3	3	0	2	3	1	4	2	6	2	0	1	0	5	2	6	0	0	2	4	3	10	4	1	0	2	1	0	4	4
37972	28 Mar 26	21:04:00	1	0	34	0	Ct	0	0	2	2	3	3	0	2	11	1	1	2	3	2	3	2	3	2	2	2	3	0	5	2	3	3	1	0	5	1	2	0	3	2
37973	28 Mar 26	21:05:00	1	0	34	0	Ct	0	0	4	2	3	0	0	2	4	1	0	1	2	5	3	1	1	2	1	1	5	0	3	4	4	0	3	0	2	3	2	0	7	5
37974	28 Mar 26	21:06:00	1	0	34	0	Ct	0	0	4	3	3	0	0	3	2	3	1	1	0	1	2	1	3	3	2	3	2	1	1	1	3	2	0	5	0	2	5	0	4	3
37975	28 Mar 26	21:07:00	1	0	34	0	Ct	0	0	4	3	4	0	0	3	3	2	1	4	0	2	2	5	2	5	1	3	2	8	2	3	4	2	3	0	0	2	2	0	5	3
37976	28 Mar 26	21:08:00	1	0	34	0	Ct	0	0	3	12	4	0	0	3	5	3	4	3	0	1	4	2	3	5	4	0	8	4	1	4	5	1	4	2	3	1	1	0	5	4
37977	28 Mar 26	21:09:00	1	0	34	0	Ct	0	0	5	2	5	0	0	4	3	1	3	4	0	2	2	3	2	3	1	2	0	4	3	4	4	2	2	1	1	1	3	0	5	5
37978	28 Mar 26	21:10:00	1	0	34	0	Ct	0	0	3	3	4	0	0	3	4	2	0	3	2	1	3	1	2	5	2	2	4	0	1	5	3	2	3	2	3	2	7	0	3	4
37979	28 Mar 26	21:11:00	1	0	34	0	Ct	0	0	3	2	5	4	0	9	3	2	2	3	0	1	5	2	4	3	0	1	2	0	3	2	4	1	11	4	1	2	2	0	5	4
37980	28 Mar 26	21:12:00	1	0	34	0	Ct	0	0	3	4	3	2	0	1	4	3	2	1	0	1	5	2	1	4	1	3	1	0	2	4	4	2	2	4	1	2	2	0	6	18
37981	28 Mar 26	21:13:00	1	0	34	0	Ct	0	0	3	4	6	1	0	1	3	2	1	1	1	2	3	7	3	4	1	9	0	12	3	4	3	2	3	4	1	0	2	0	6	3
37982	28 Mar 26	21:14:00	1	0	34	0	Ct	0	0	6	3	4	1	0	2	7	2	2	2	5	2	5	2	2	3	1	4	1	3	4	2	3	2	3	4	1	3	3	0	5	3
37983	28 Mar 26	21:15:00	1	0	34	0	Ct	0	0	2	2	6	1	0	0	4	3	6	2	0	0	1	2	3	3	1	3	3	0	2	1	4	0	3	5	3	2	0	0	5	2
37984	28 Mar 26	21:16:00	1	0	34	0	Ct	0	0	4	2	3	1	0	2	3	4	5	2	1	1	4	5	3	1	0	2	1	0	5	1	6	0	3	5	3	3	1	0	4	3
37985	28 Mar 26	21:17:00	1	0	34	0	Ct	0	0	1	3	1	1	0	1	3	2	1	3	1	2	3	0	3	3	1	3	3	4	2	2	3	2	6	3	2	3	3	0	6	3
37986	28 Mar 26	21:18:00	1	0	34	0	Ct	0	0	2	3	3	0	0	4	5	0	3	3	8	2	4	1	4	6	1	2	5	14	1	2	6	1	3	5	1	2	2	0	4	5
37987	28 Mar 26	21:19:00	1	0	34	0	Ct	0	0	3	2	5	5	0	1	3	2	2	3	9	3	2	2	2	2	1	2	5	4	3	2	4	1	2	3	8	0	3	0	3	3
37988	28 Mar 26	21:20:00	1	0	34	0	Ct	0	0	4	2	5	0	0	1	2	4	0	3	2	2	1	2	4	2	1	1	5	6	2	3	3	1	2	2	9	3	2	0	6	10
37989	28 Mar 26	21:21:00	1	0	34	0	Ct	0	0	4	1	2	3	0	5	4	5	4	3	0	2	2	0	2	3	1	2	3	2	1	2	3	2	6	7	2	2	3	0	8	7
37990	28 Mar 26	21:22:00	1	0	34	0	Ct	0	0	4	3	7	2	0	3	1	1	3	3	0	2	3	1	1	7	1	4	4	0	2	3	4	3	6	4	2	1	1	0	6	0
37991	28 Mar 26	21:23:00	1	0	34	0	Ct	0	0	3	2	3	2	0	3	2	0	5	1	4	0	2	2	2	5	2	1	4	0	2	3	4	2	1	6	2	2	5	0	6	4
37992	28 Mar 26	21:24:00	1	0	34	0	Ct	0	0	2	3	2	0	0	2	1	1	0	2	1	4	3	2	3	3	0	0	7	0	2	1	4	2	6	3	5	1	2	0	6	3
37993	28 Mar 26	21:25:00	1	0	34	0	Ct	0	0	5	4	6	0	0	2	2	2	2	2	0	2	2	4	1	4	1	2	2	3	2	3	3	3	2	5	2	1	1	0	10	6
37994	28 Mar 26	21:26:00	1	0	34	0	Ct	0	0	3	2	6	2	0	2	3	4	3	2	3	1	1	3	2	4	2	1	1	1	3	4	5	2	2	1	1	2	3	0	5	5
37995	28 Mar 26	21:27:00	1	0	34	0	Ct	0	0	2	4	4	2	0	2	2	3	2	2	8	2	3	1	3	4	1	1	1	5	1	4	4	1	1	4	2	1	2	0	6	5
37996	28 Mar 26	21:28:00	1	0	34	0	Ct	0	0	3	2	5	0	0	1	4	0	5	5	12	3	1	3	4	2	2	2	0	3	1	5	1	1	3	1	2	3	4	0	5	2
37997	28 Mar 26	21:29:00	1	0	34	0	Ct	0	0	2	3	6	0	0	5	4	0	1	3	3	1	2	2	2	3	0	5	1	1	0	3	3	0	1	0	2	3	2	0	6	4
37998	28 Mar 26	21:30:00	1	0	34	0	Ct	0	0	3	1	4	0	0	3	6	2	2	2	1	3	3	4	3	5	1	2	1	1	2	2	6	10	7	2	3	4	1	0	6	4
37999	28 Mar 26	21:31:00	1	0	34	0	Ct	0	0	1	2	1	0	0	1	3	2	3	2	2	2	3	1	2	4	3	2	4	4	1	2	4	1	3	2	4	1	3	0	4	5
38000	28 Mar 26	21:32:00	1	0	34	0	Ct	0	0	2	2	4	1	0	2	2	0	3	1	1	3	2	2	2	4	1	2	1	0	2	2	4	1	8	6	3	5	2	0	3	5
38001	28 Mar 26	21:33:00	1	0	34	0	Ct	0	0	3	2	4	0	0	5	4	2	2	3	1	4	2	4	0	4	2	3	1	0	2	3	4	1	2	3	2	3	1	0	3	4
38002	28 Mar 26	21:34:00	1	0	34	0	Ct	0	0	2	3	4	4	0	4	9	5	2	3	0	2	2	5	2	5	2	1	5	2	3	3	6	0	2	5	0	2	2	0	4	3
38003	28 Mar 26	21:35:00	1	0	34	0	Ct	0	0	3	0	2	1	0	2	7	5	2	2	2	1	3	0	3	3	1	4	0	1	3	2	6	1	1	4	1	2	3	0	7	2
38004	28 Mar 26	21:36:00	1	0	34	0	Ct	0	0	3	3	4	2	0	2	14	3	2	1	1	1	1	2	4	3	2	2	3	4	2	2	3	2	3	1	1	3	2	0	2	2
38005	28 Mar 26	21:37:00	1	0	34	0	Ct	0	0	3	3	2	2	0	3	3	0	0	2	6	2	2	2	5	4	2	1	2	1	3	3	3	1	0	2	4	2	4	0	4	5
38006	28 Mar 26	21:38:00	1	0	34	0	Ct	0	0	1	2	2	1	0	3	3	1	2	3	3	3	4	1	2	6	1	3	6	2	2	2	6	1	2	2	2	4	1	0	8	4
38007	28 Mar 26	21:39:00	1	0	34	0	Ct	0	0	2	2	2	5	0	1	2	4	2	3	0	2	10	1	4	3	1	1	5	1	0	2	6	2	2	2	1	2	4	0	2	4
38008	28 Mar 26	21:40:00	1	0	34	0	Ct	0	0	3	2	5	0	0	2	4	3	1	2	8	2	2	2	4	0	0	2	5	6	2	3	2	1	2	2	2	2	3	0	3	4
38009	28 Mar 26	21:41:00	1	0	34	0	Ct	0	0	2	1	4	1	0	3	4	1	1	1	0	3	6	1	3	2	1	2	0	0	1	3	1	3	2	3	2	2	4	0	4	3
38010	28 Mar 26	21:42:00	1	0	34	0	Ct	0	0	6	2	2	1	0	3	6	3	2	1	0	0	2	2	2	4	0	2	2	0	4	4	3	2	6	3	1	2	3	0	6	3
38011	28 Mar 26	21:43:00	1	0	34	0	Ct	0	0	2	2	4	0	0	3	2	2	2	2	0	3	2	1	5	2	1	4	5	0	1	3	5	3	4	6	4	1	3	0	5	1
38012	28 Mar 26	21:44:00	1	0	34	0	Ct	0	0	3	1	3	0	0	2	4	2	2	2	2	3	2	4	4	4	3	3	5	3	1	1	1	4	2	2	1	2	6	0	6	5
38013	28 Mar 26	21:45:00	1	0	34	0	Ct	0	0	3	0	4	0	0	3	3	4	1	2	2	1	1	2	1	4	0	2	5	8	1	2	1	0	4	3	1	2	2	0	4	2
38014	28 Mar 26	21:46:00	1	0	34	0	Ct	0	0	3	4	3	0	0	4	5	3	1	0	3	3	3	2	0	2	1	4	1	0	2	3	3	3	6	7	4	2	2	0	7	3
38015	28 Mar 26	21:47:00	1	0	34	0	Ct	0	0	3	2	3	0	0	3	3	2	4	2	2	1	2	1	2	4	1	2	0	5	1	1	3	2	4	1	3	1	1	0	5	4
38016	28 Mar 26	21:48:00	1	0	34	0	Ct	0	0	3	2	2	1	0	1	3	3	1	2	4	3	3	2	1	4	0	1	4	0	2	4	2	6	1	1	3	2	2	0	3	3
38017	28 Mar 26	21:49:00	1	0	34	0	Ct	0	0	3	1	5	6	0	2	6	3	1	4	2	4	6	3	2	4	1	0	0	1	2	4	2	1	3	1	4	3	2	0	5	3
38018	28 Mar 26	21:50:00	1	0	34	0	Ct	0	0	2	3	2	1	0	2	4	4	1	3	1	3	2	2	0	2	1	2	4	0	2	2	1	4	4	4	2	1	2	0	2	4
38019	28 Mar 26	21:51:00	1	0	34	0	Ct	0	0	2	2	2	5	0	2	2	2	5	1	2	2	2	3	2	2	1	4	0	0	2	3	0	2	7	3	0	2	3	0	2	4
38020	28 Mar 26	21:52:00	1	0	34	0	Ct	0	0	4	2	4	0	0	1	3	2	4	3	0	1	1	1	2	6	2	2	0	10	2	2	3	2	2	1	2	3	2	0	5	4
38021	28 Mar 26	21:53:00	1	0	34	0	Ct	0	0	4	3	3	0	0	1	6	2	2	3	1	2	2	5	2	1	0	1	8	12	2	3	1	3	1	6	6	3	1	0	7	1
38022	28 Mar 26	21:54:00	1	0	34	0	Ct	0	0	2	2	4	0	0	1	3	3	2	5	5	4	4	0	1	4	2	3	4	6	2	2	5	3	3	2	2	2	1	0	3	4
38023	28 Mar 26	21:55:00	1	0	34	0	Ct	0	0	2	1	2	0	0	3	4	3	1	2	2	0	5	1	3	3	1	2	4	0	2	3	0	1	2	5	0	6	2	0	5	3
38024	28 Mar 26	21:56:00	1	0	34	0	Ct	0	0	4	1	3	0	0	0	3	1	4	0	1	0	2	2	3	2	2	1	4	0	3	3	0	2	2	5	0	2	1	0	2	2
38025	28 Mar 26	21:57:00	1	0	34	0	Ct	0	0	1	3	2	0	0	4	5	2	0	2	0	2	2	1	1	4	1	2	4	0	1	2	0	2	3	2	0	4	2	0	5	3
38026	28 Mar 26	21:58:00	1	0	34	0	Ct	0	0	5	2	5	0	0	4	3	5	0	2	2	2	1	1	2	4	2	4	5	2	3	4	2	5	4	2	0	2	1	0	5	3
38027	28 Mar 26	21:59:00	1	0	34	0	Ct	0	0	1	2	3	0	0	4	5	2	0	2	1	2	3	2	3	4	2	0	3	2	1	2	1	0	2	13	1	1	1	0	4	6
38028	28 Mar 26	22:00:00	1	0	34	0	Ct	0	0	4	2	5	0	0	3	1	2	1	2	1	2	4	2	4	5	2	2	2	1	2	4	1	2	2	3	4	2	1	0	4	3
38029	28 Mar 26	22:01:00	1	0	34	0	Ct	0	0	4	3	0	0	0	4	11	8	2	2	1	2	3	1	3	3	1	7	1	5	2	4	3	3	0	4	4	3	0	0	4	4
38030	28 Mar 26	22:02:00	1	0	34	0	Ct	0	0	2	1	5	0	0	2	2	2	2	1	1	2	1	1	3	6	1	2	1	4	2	2	2	2	4	0	0	3	2	0	8	3
38031	28 Mar 26	22:03:00	1	0	34	0	Ct	0	0	2	3	7	0	0	2	2	4	2	2	0	1	2	3	2	2	1	3	5	3	3	2	0	2	2	0	1	2	1	0	4	4
38032	28 Mar 26	22:04:00	1	0	34	0	Ct	0	0	2	2	4	0	0	3	2	2	1	1	0	4	3	1	1	4	2	2	4	2	1	4	0	5	2	0	1	2	2	0	4	5
38033	28 Mar 26	22:05:00	1	0	34	0	Ct	0	0	3	3	3	0	0	3	4	3	2	3	2	2	2	2	2	1	1	3	2	7	1	2	2	2	1	0	4	2	2	0	4	3
38034	28 Mar 26	22:06:00	1	0	34	0	Ct	0	0	3	3	2	0	0	3	3	3	2	2	0	0	3	0	2	1	2	2	5	0	2	3	0	4	2	0	2	1	1	0	4	4
38035	28 Mar 26	22:07:00	1	0	34	0	Ct	0	0	2	3	3	0	0	3	4	2	4	3	1	2	3	6	1	3	3	3	4	2	1	3	1	2	2	3	0	2	2	0	4	4
38036	28 Mar 26	22:08:00	1	0	34	0	Ct	0	0	3	2	3	2	0	9	4	3	2	1	1	2	1	0	1	5	3	2	2	5	2	5	0	4	2	4	0	2	1	0	2	5
38037	28 Mar 26	22:09:00	1	0	34	0	Ct	0	0	2	8	4	2	0	3	3	3	0	6	0	2	7	1	2	2	0	5	2	1	1	1	0	3	1	3	0	1	1	0	3	2
38038	28 Mar 26	22:10:00	1	0	34	0	Ct	0	0	2	2	2	0	0	3	3	3	1	2	0	2	3	1	2	3	0	2	2	4	2	3	0	3	2	2	1	2	3	0	4	5
38039	28 Mar 26	22:11:00	1	0	34	0	Ct	0	0	3	2	3	1	0	2	4	1	4	2	0	3	2	0	1	2	2	3	4	1	1	3	1	2	2	3	0	2	3	0	6	4
38040	28 Mar 26	22:12:00	1	0	34	0	Ct	0	0	2	3	4	0	0	2	5	2	2	4	4	2	2	0	1	4	1	2	5	5	3	3	1	1	3	1	3	4	1	0	7	2
38041	28 Mar 26	22:13:00	1	0	34	0	Ct	0	0	6	2	6	0	0	3	7	3	3	2	20	2	2	0	2	2	1	7	0	1	0	4	1	0	2	2	2	3	1	0	4	1
38042	28 Mar 26	22:14:00	1	0	34	0	Ct	0	0	3	4	3	2	0	4	4	1	0	2	0	2	2	1	2	3	1	2	3	3	2	1	5	0	1	6	2	1	2	0	6	7
38043	28 Mar 26	22:15:00	1	0	34	0	Ct	0	0	3	3	2	1	0	2	1	3	3	2	1	2	2	1	2	3	2	1	2	3	4	3	0	2	2	1	2	0	1	0	4	2
38044	28 Mar 26	22:16:00	1	0	34	0	Ct	0	0	2	4	5	0	0	2	1	2	2	2	2	2	4	1	2	2	1	2	2	2	2	2	1	4	3	3	5	2	0	0	3	4
38045	28 Mar 26	22:17:00	1	0	34	0	Ct	0	0	2	1	2	1	0	3	6	1	0	2	2	2	3	2	2	3	2	2	4	4	3	3	3	0	3	1	3	1	6	0	4	4
38046	28 Mar 26	22:18:00	1	0	34	0	Ct	0	0	4	4	4	2	0	2	3	2	0	2	1	2	3	2	2	7	1	4	2	1	2	1	1	0	3	5	2	3	2	0	1	3
38047	28 Mar 26	22:19:00	1	0	34	0	Ct	0	0	6	5	2	0	0	3	4	3	0	2	2	2	2	4	0	4	0	2	2	2	2	2	0	1	2	3	3	2	2	0	6	3
38048	28 Mar 26	22:20:00	1	0	34	0	Ct	0	0	3	2	1	0	0	2	3	3	0	2	10	0	2	2	4	4	0	5	3	1	2	3	1	1	1	1	0	1	1	0	5	3
38049	28 Mar 26	22:21:00	1	0	34	0	Ct	0	0	2	2	3	0	0	0	6	4	3	2	3	2	1	3	2	5	1	3	2	2	2	2	7	2	3	3	3	1	1	0	3	4
38050	28 Mar 26	22:22:00	1	0	34	0	Ct	0	0	1	8	3	0	0	1	2	2	0	0	3	2	3	1	2	4	1	0	4	0	2	2	6	1	1	7	6	3	1	0	4	3
38051	28 Mar 26	22:23:00	1	0	34	0	Ct	0	0	3	0	3	0	0	1	4	1	2	3	0	3	7	2	2	2	2	3	2	0	2	3	3	3	2	4	1	0	1	0	2	5
38052	28 Mar 26	22:24:00	1	0	34	0	Ct	0	0	4	3	5	0	0	3	3	1	0	2	0	1	3	0	1	4	1	1	1	0	2	3	2	2	1	3	4	1	1	0	2	3
38053	28 Mar 26	22:25:00	1	0	34	0	Ct	0	0	3	2	5	0	0	2	3	2	0	2	0	2	3	3	2	3	2	2	1	5	0	3	2	1	0	0	1	1	1	0	4	3
38054	28 Mar 26	22:26:00	1	0	34	0	Ct	0	0	3	2	3	0	0	6	8	2	1	2	0	3	5	1	3	5	2	2	4	1	2	2	1	2	2	5	4	2	2	0	2	0
38055	28 Mar 26	22:27:00	1	0	34	0	Ct	0	0	2	3	4	0	0	3	0	1	1	2	1	16	1	3	1	3	1	0	3	0	2	3	2	0	1	2	2	2	4	0	2	4
38056	28 Mar 26	22:28:00	1	0	34	0	Ct	0	0	5	6	4	0	0	3	1	4	1	2	9	0	0	0	2	4	1	1	3	7	2	2	1	0	4	2	2	2	1	0	3	3
38057	28 Mar 26	22:29:00	1	0	34	0	Ct	0	0	2	2	4	0	0	2	2	2	1	1	0	3	2	5	0	2	2	1	4	4	2	3	1	0	3	2	1	0	4	0	7	3
38058	28 Mar 26	22:30:00	1	0	34	0	Ct	0	0	2	2	6	2	0	3	2	1	0	2	0	2	0	3	1	4	1	3	5	1	2	2	1	4	2	0	1	3	0	0	6	2
38059	28 Mar 26	22:31:00	1	0	34	0	Ct	0	0	4	3	3	4	0	3	4	1	2	2	0	2	0	2	0	3	1	3	1	0	2	2	2	1	5	0	2	3	3	0	5	2
38060	28 Mar 26	22:32:00	1	0	34	0	Ct	0	0	2	1	6	1	0	3	3	0	1	1	2	2	0	2	0	3	2	1	5	4	3	3	1	2	2	0	0	3	4	0	5	4
38061	28 Mar 26	22:33:00	1	0	34	0	Ct	0	0	4	2	6	0	0	2	4	1	0	2	6	2	2	4	2	2	1	1	1	0	2	3	8	0	2	0	0	3	2	0	5	5
38062	28 Mar 26	22:34:00	1	0	34	0	Ct	0	0	3	2	6	0	0	4	7	2	2	4	0	1	1	0	1	2	2	0	2	0	0	3	3	2	0	0	0	4	3	0	5	3
38063	28 Mar 26	22:35:00	1	0	34	0	Ct	0	0	3	3	2	0	0	1	3	12	0	2	1	4	2	1	2	4	2	3	5	0	3	3	2	2	1	0	0	0	2	0	4	4
38064	28 Mar 26	22:36:00	1	0	34	0	Ct	0	0	3	4	4	0	0	2	4	13	0	0	0	1	0	1	3	3	1	0	1	3	1	2	1	1	0	2	0	3	2	0	5	2
38065	28 Mar 26	22:37:00	1	0	34	0	Ct	0	0	2	1	5	0	0	3	2	0	2	0	1	3	1	4	2	3	3	3	5	0	2	2	0	3	0	2	0	4	3	0	4	3
38066	28 Mar 26	22:38:00	1	0	34	0	Ct	0	0	2	1	4	0	0	2	3	0	1	0	0	1	0	1	3	4	2	2	1	4	2	4	0	2	0	0	0	1	4	0	4	1
38067	28 Mar 26	22:39:00	1	0	34	0	Ct	0	0	3	2	2	0	0	2	1	0	1	3	0	1	1	2	3	4	1	2	1	3	2	3	0	2	2	4	2	4	3	0	6	4
38068	28 Mar 26	22:40:00	1	0	34	0	Ct	0	0	2	1	7	0	0	0	3	1	2	0	0	1	0	3	3	2	1	7	6	0	1	3	1	2	1	0	2	4	0	0	3	3
38069	28 Mar 26	22:41:00	1	0	34	0	Ct	0	0	2	1	4	0	0	2	6	0	2	2	0	1	2	3	2	3	2	2	2	0	3	3	0	2	3	0	1	2	1	0	6	0
38070	28 Mar 26	22:42:00	1	0	34	0	Ct	0	0	2	4	9	1	0	3	3	0	2	1	0	1	2	1	3	5	1	2	3	4	0	2	2	1	0	0	0	1	4	0	3	3
38071	28 Mar 26	22:43:00	1	0	34	0	Ct	0	0	4	4	1	3	0	2	3	4	1	0	0	2	1	3	1	2	1	1	1	0	3	3	4	3	0	0	2	1	4	0	6	4
38072	28 Mar 26	22:44:00	1	0	34	0	Ct	0	0	2	1	2	0	0	2	4	2	2	3	1	2	2	3	2	5	2	3	1	0	2	1	0	1	4	0	1	1	4	0	4	3
38073	28 Mar 26	22:45:00	1	0	34	0	Ct	0	0	2	1	2	0	0	2	3	0	2	0	1	3	0	2	0	0	0	2	0	2	1	2	0	1	1	0	5	1	2	0	3	1
38074	28 Mar 26	22:46:00	1	0	34	0	Ct	0	0	2	2	3	1	0	2	3	0	2	2	0	1	2	2	0	2	0	4	1	4	0	3	0	0	0	0	1	2	2	0	3	5
38075	28 Mar 26	22:47:00	1	0	34	0	Ct	0	0	3	1	5	0	0	3	3	0	2	1	0	2	1	0	0	2	2	2	1	3	2	2	1	3	0	0	2	4	2	0	11	3
38076	28 Mar 26	22:48:00	1	0	34	0	Ct	0	0	3	2	1	0	0	2	2	0	0	3	0	1	1	1	1	4	3	2	2	0	3	2	0	1	1	0	0	3	1	0	6	3
38077	28 Mar 26	22:49:00	1	0	34	0	Ct	0	0	3	2	3	0	0	5	9	1	1	1	0	0	0	2	1	3	2	2	0	0	1	3	0	2	0	3	0	1	2	0	3	2
38078	28 Mar 26	22:50:00	1	0	34	0	Ct	0	0	1	4	8	0	0	3	9	2	3	1	0	0	4	4	0	3	0	0	10	0	1	3	0	2	0	0	0	3	2	0	3	2
38079	28 Mar 26	22:51:00	1	0	34	0	Ct	0	0	2	0	3	0	0	2	3	1	1	0	0	1	2	3	1	3	1	4	3	0	0	3	0	1	0	0	3	3	0	0	0	4
38080	28 Mar 26	22:52:00	1	0	34	0	Ct	0	0	3	1	1	0	0	3	2	4	3	1	0	2	4	2	0	4	1	5	5	2	0	2	0	4	1	6	2	3	3	0	5	2
38081	28 Mar 26	22:53:00	1	0	34	0	Ct	0	0	3	1	1	0	0	3	4	0	5	3	1	3	6	2	1	3	3	1	3	1	0	2	0	1	1	0	3	1	1	0	4	2
38082	28 Mar 26	22:54:00	1	0	34	0	Ct	0	0	1	2	2	0	0	3	5	1	0	2	0	2	1	2	0	6	2	4	3	3	2	2	0	8	0	0	0	3	2	0	4	2
38083	28 Mar 26	22:55:00	1	0	34	0	Ct	0	0	2	0	5	0	0	2	3	3	0	1	0	3	1	1	1	3	1	2	2	0	1	1	0	1	4	0	4	1	3	0	4	0
38084	28 Mar 26	22:56:00	1	0	34	0	Ct	0	0	2	2	3	0	0	2	5	5	0	1	0	1	2	2	2	3	2	2	3	3	2	3	1	3	3	0	5	1	2	0	5	2
38085	28 Mar 26	22:57:00	1	0	34	0	Ct	0	0	2	0	4	0	0	3	1	3	2	1	0	1	3	2	2	11	1	4	2	4	2	3	1	2	3	0	0	3	2	0	5	2
38086	28 Mar 26	22:58:00	1	0	34	0	Ct	0	0	2	2	4	0	0	1	0	2	1	3	4	2	1	3	2	3	1	3	2	2	2	0	0	2	2	0	3	1	3	0	5	2
38087	28 Mar 26	22:59:00	1	0	34	0	Ct	0	0	2	2	4	2	0	0	3	1	2	0	6	0	2	1	3	3	2	2	1	0	2	2	2	3	3	0	0	4	0	0	5	4
38088	28 Mar 26	23:00:00	1	0	34	0	Ct	0	0	3	4	3	0	0	4	2	3	1	0	0	1	3	3	2	4	2	1	3	7	3	0	0	2	4	0	1	2	4	0	4	4
38089	28 Mar 26	23:01:00	1	0	34	0	Ct	0	0	2	2	2	0	0	2	3	2	1	0	2	1	1	0	2	3	2	0	2	7	3	1	0	1	6	3	3	1	1	0	3	3
38090	28 Mar 26	23:02:00	1	0	34	0	Ct	0	0	5	2	5	0	0	0	4	2	0	0	0	1	3	0	2	2	0	2	3	0	2	1	0	0	5	3	2	2	1	0	3	3
38091	28 Mar 26	23:03:00	1	0	34	0	Ct	0	0	3	0	3	0	0	1	4	3	1	0	0	1	4	0	0	4	0	0	3	6	2	2	0	0	4	0	3	2	1	0	1	1
38092	28 Mar 26	23:04:00	1	0	34	0	Ct	0	0	2	2	6	0	0	5	2	1	0	0	1	3	3	1	0	5	2	3	4	5	0	2	0	1	1	3	4	2	4	0	1	3
38093	28 Mar 26	23:05:00	1	0	34	0	Ct	0	0	1	2	2	0	0	2	2	2	1	0	1	2	0	2	1	0	0	3	4	0	3	1	0	0	2	2	3	4	0	0	0	2
38094	28 Mar 26	23:06:00	1	0	34	0	Ct	0	0	2	2	0	0	0	3	0	4	0	0	2	0	5	2	3	1	0	2	2	1	3	2	0	0	2	0	2	0	1	0	0	2
38095	28 Mar 26	23:07:00	1	0	34	0	Ct	0	0	2	0	1	0	0	0	1	2	1	0	1	1	1	0	2	4	3	2	2	5	2	1	6	0	1	7	2	2	0	0	6	4
38096	28 Mar 26	23:08:00	1	0	34	0	Ct	0	0	2	1	2	0	0	3	2	1	1	2	13	1	0	1	0	4	1	1	0	5	2	1	4	3	4	3	3	1	0	0	1	5
38097	28 Mar 26	23:09:00	1	0	34	0	Ct	0	0	1	1	3	0	0	4	1	0	2	0	1	1	0	0	0	4	2	3	8	0	0	4	3	4	1	0	3	1	2	0	2	2
38098	28 Mar 26	23:10:00	1	0	34	0	Ct	0	0	3	2	6	0	0	3	1	0	1	0	2	0	2	0	0	2	1	3	1	1	1	2	0	1	2	0	2	3	1	0	5	3
38099	28 Mar 26	23:11:00	1	0	34	0	Ct	0	0	1	1	1	0	0	2	3	1	4	0	5	2	0	3	0	5	2	1	2	5	1	2	0	3	1	1	8	5	1	0	4	1
38100	28 Mar 26	23:12:00	1	0	34	0	Ct	0	0	4	1	3	0	0	0	3	0	2	0	1	1	1	0	1	2	1	3	0	4	2	3	0	0	2	0	2	2	1	0	5	1
38101	28 Mar 26	23:13:00	1	0	34	0	Ct	0	0	3	0	2	0	0	4	2	3	3	0	0	0	2	0	1	5	1	5	2	0	2	1	1	1	0	0	0	0	1	0	2	3
38102	28 Mar 26	23:14:00	1	0	34	0	Ct	0	0	2	1	2	0	0	2	1	6	1	0	0	0	2	1	0	2	0	2	0	3	2	2	0	0	0	0	0	2	1	0	4	2
38103	28 Mar 26	23:15:00	1	0	34	0	Ct	0	0	2	1	4	0	0	3	2	0	6	0	0	4	1	2	1	0	1	3	0	2	2	0	1	1	1	0	1	2	4	0	4	2
38104	28 Mar 26	23:16:00	1	0	34	0	Ct	0	0	3	1	1	0	0	0	2	0	4	2	0	2	1	0	1	2	2	4	4	0	3	3	8	1	0	1	1	1	1	0	4	2
38105	28 Mar 26	23:17:00	1	0	34	0	Ct	0	0	2	3	2	0	0	3	3	0	4	3	0	2	1	1	0	3	0	3	0	3	2	3	6	0	1	0	1	1	2	0	2	3
38106	28 Mar 26	23:18:00	1	0	34	0	Ct	0	0	1	1	2	0	0	3	3	0	0	0	0	1	1	1	0	4	1	1	4	4	2	1	0	1	0	0	4	0	2	0	0	3
38107	28 Mar 26	23:19:00	1	0	34	0	Ct	0	0	3	1	0	0	0	2	5	0	1	1	0	3	3	2	2	4	1	2	2	4	0	2	0	2	0	0	1	0	1	0	4	3
38108	28 Mar 26	23:20:00	1	0	34	0	Ct	0	0	2	1	0	0	0	2	2	0	6	3	0	2	1	3	1	2	2	4	3	2	2	2	0	1	0	0	0	2	3	0	5	3
38109	28 Mar 26	23:21:00	1	0	34	0	Ct	0	0	2	0	0	0	0	0	4	0	9	0	0	1	2	3	0	3	0	2	1	1	2	3	0	1	0	0	3	1	3	0	3	3
38110	28 Mar 26	23:22:00	1	0	34	0	Ct	0	0	3	2	0	0	0	0	6	0	1	0	0	2	2	1	3	3	0	1	1	2	4	3	1	3	0	2	1	1	2	0	4	1
38111	28 Mar 26	23:23:00	1	0	34	0	Ct	0	0	5	1	0	0	0	0	1	0	2	0	0	0	1	1	1	2	0	0	2	0	2	3	2	3	1	1	3	1	2	0	3	6
38112	28 Mar 26	23:24:00	1	0	34	0	Ct	0	0	1	0	0	0	0	1	0	0	0	0	0	1	6	2	1	3	0	2	2	1	0	3	3	4	2	0	3	1	1	0	6	2
38113	28 Mar 26	23:25:00	1	0	34	0	Ct	0	0	3	3	0	0	0	1	4	0	10	0	0	1	0	1	1	1	0	3	4	6	0	1	2	1	2	1	0	2	0	0	4	3
38114	28 Mar 26	23:26:00	1	0	34	0	Ct	0	0	1	0	0	0	0	1	2	0	1	0	0	1	0	0	0	4	2	2	2	9	1	2	2	2	0	0	0	1	0	0	3	1
38115	28 Mar 26	23:27:00	1	0	34	0	Ct	0	0	1	0	0	0	0	4	1	0	2	0	0	2	2	1	1	4	1	2	1	3	3	2	4	2	1	2	2	1	0	0	7	1
38116	28 Mar 26	23:28:00	1	0	34	0	Ct	0	0	4	0	1	0	0	2	1	0	1	1	0	0	2	2	3	5	3	4	2	4	2	2	2	2	0	4	2	1	0	0	5	3
38117	28 Mar 26	23:29:00	1	0	34	0	Ct	0	0	1	0	1	0	0	3	0	0	1	2	0	0	0	0	3	2	1	3	1	5	2	2	0	14	0	2	2	4	4	0	3	3
38118	28 Mar 26	23:30:00	1	0	34	0	Ct	0	0	1	2	0	0	0	2	0	0	1	0	0	0	0	3	2	3	2	4	0	3	0	0	0	0	4	7	1	1	4	0	4	5
38119	28 Mar 26	23:31:00	1	0	34	0	Ct	0	0	1	2	0	0	0	2	2	0	3	0	0	1	2	2	0	5	1	2	4	10	3	3	3	0	1	6	1	0	4	0	5	3
38120	28 Mar 26	23:32:00	1	0	34	0	Ct	0	0	2	1	0	0	0	2	4	0	1	0	0	1	2	2	2	1	0	2	6	0	1	2	0	0	2	4	2	1	2	0	4	4
38121	28 Mar 26	23:33:00	1	0	34	0	Ct	0	0	2	2	0	0	0	3	4	0	4	0	0	1	0	2	1	7	1	2	1	2	0	2	0	2	2	2	2	1	1	0	4	4
38122	28 Mar 26	23:34:00	1	0	34	0	Ct	0	0	0	2	0	0	0	8	1	0	1	0	0	0	4	1	1	2	0	2	2	3	3	3	4	0	0	0	4	2	1	0	3	2
38123	28 Mar 26	23:35:00	1	0	34	0	Ct	0	0	1	0	0	0	0	4	2	0	0	2	0	1	1	2	1	2	0	1	1	0	3	5	3	1	1	9	1	2	2	0	2	2
38124	28 Mar 26	23:36:00	1	0	34	0	Ct	0	0	3	3	0	0	0	3	2	0	1	0	0	1	1	2	2	3	2	2	1	4	2	2	0	0	0	2	1	0	2	0	1	3
38125	28 Mar 26	23:37:00	1	0	34	0	Ct	0	0	4	0	0	0	0	0	2	0	0	0	1	1	0	2	1	2	2	1	2	4	0	3	1	0	0	4	0	2	0	0	0	4
38126	28 Mar 26	23:38:00	1	0	34	0	Ct	0	0	2	0	0	0	0	0	2	0	0	0	4	1	1	1	2	2	2	1	0	6	1	1	0	0	0	4	0	2	1	0	1	3
38127	28 Mar 26	23:39:00	1	0	34	0	Ct	0	0	2	0	0	0	0	0	2	0	0	0	2	0	1	2	1	3	1	1	1	0	2	1	4	0	5	0	0	2	1	0	2	1
38128	28 Mar 26	23:40:00	1	0	34	0	Ct	0	0	3	0	0	0	0	2	3	0	0	0	0	0	2	1	1	2	0	5	1	0	2	3	1	0	2	0	1	1	2	0	4	2
38129	28 Mar 26	23:41:00	1	0	34	0	Ct	0	0	2	0	0	0	0	2	2	0	0	0	3	0	0	4	0	2	4	2	4	0	2	2	0	2	6	0	2	4	2	0	5	1
38130	28 Mar 26	23:42:00	1	0	34	0	Ct	0	0	3	3	0	0	0	2	4	0	0	0	0	2	0	1	0	3	0	0	1	2	2	2	2	1	7	0	6	1	2	0	6	2
38131	28 Mar 26	23:43:00	1	0	34	0	Ct	0	0	2	0	0	0	0	1	1	2	0	0	2	1	0	1	2	4	0	2	2	1	2	2	0	0	0	2	7	2	0	0	3	1
38132	28 Mar 26	23:44:00	1	0	34	0	Ct	0	0	3	3	0	0	0	2	3	0	2	0	0	4	0	1	0	3	3	2	4	2	2	2	0	1	3	2	3	1	1	0	0	3
38133	28 Mar 26	23:45:00	1	0	34	0	Ct	0	0	1	2	0	0	0	4	3	0	1	0	0	0	2	0	0	0	1	1	1	2	0	2	5	0	3	0	1	1	3	0	0	2
38134	28 Mar 26	23:46:00	1	0	34	0	Ct	0	0	2	2	0	0	0	0	2	0	2	0	2	2	6	1	2	4	1	3	1	0	1	1	13	0	2	0	1	0	1	0	0	2
38135	28 Mar 26	23:47:00	1	0	34	0	Ct	0	0	3	0	1	0	0	5	1	0	1	0	3	3	1	0	0	0	0	0	2	0	1	1	0	2	1	0	3	1	2	0	0	5
38136	28 Mar 26	23:48:00	1	0	34	0	Ct	0	0	1	0	1	0	0	3	0	7	0	0	0	1	1	0	2	1	0	2	5	0	2	3	0	1	1	0	4	2	1	0	7	2
38137	28 Mar 26	23:49:00	1	0	34	0	Ct	0	0	2	3	3	1	0	2	1	0	7	0	1	0	0	2	2	3	1	2	2	0	1	3	1	2	5	0	1	4	1	0	2	4
38138	28 Mar 26	23:50:00	1	0	34	0	Ct	0	0	1	2	0	1	0	6	0	0	0	0	6	1	4	0	0	2	0	0	2	4	1	2	0	1	3	0	2	0	0	0	0	1
38139	28 Mar 26	23:51:00	1	0	34	0	Ct	0	0	2	1	0	0	0	2	2	0	0	0	1	1	7	1	1	2	0	2	1	1	3	2	0	2	0	0	4	2	1	0	1	2
38140	28 Mar 26	23:52:00	1	0	34	0	Ct	0	0	3	1	0	7	0	0	0	0	1	0	1	2	4	2	1	2	3	2	0	5	2	4	0	4	0	0	3	2	0	0	2	3
38141	28 Mar 26	23:53:00	1	0	34	0	Ct	0	0	3	2	0	0	0	4	1	0	0	0	0	2	1	3	1	2	1	2	1	0	1	3	1	3	0	0	1	1	3	0	4	2
38142	28 Mar 26	23:54:00	1	0	34	0	Ct	0	0	2	0	0	0	0	2	2	0	0	0	0	0	1	0	3	2	0	3	1	0	1	1	0	0	1	4	1	2	1	0	6	2
38143	28 Mar 26	23:55:00	1	0	34	0	Ct	0	0	2	1	0	0	0	0	2	0	1	0	0	0	0	2	2	2	2	3	0	0	3	2	0	1	2	2	2	1	4	0	5	2
38144	28 Mar 26	23:56:00	1	0	34	0	Ct	0	0	2	1	0	0	0	0	3	0	0	0	0	1	0	1	2	3	2	1	1	0	0	2	0	2	0	2	0	1	3	0	4	1
38145	28 Mar 26	23:57:00	1	0	34	0	Ct	0	0	0	0	0	0	0	0	3	0	1	0	0	2	0	0	1	3	1	2	2	0	2	2	5	0	3	2	0	1	2	0	8	2
38146	28 Mar 26	23:58:00	1	0	34	0	Ct	0	0	2	4	0	0	0	0	3	0	0	0	2	0	3	1	1	2	2	0	0	1	0	2	1	0	4	2	7	2	2	0	2	2
38147	28 Mar 26	23:59:00	1	0	34	0	Ct	0	0	1	0	0	0	0	0	3	0	3	0	5	1	2	0	2	3	0	3	1	4	0	2	0	0	2	2	7	1	2	0	5	5
38148	29 Mar 26	00:00:00	1	0	34	0	Ct	0	0	1	0	0	0	0	0	2	0	0	0	2	3	0	1	0	2	2	4	4	8	1	3	0	1	1	4	2	0	1	0	3	3
38149	29 Mar 26	00:01:00	1	0	34	0	Ct	0	0	2	0	0	0	0	3	3	0	0	0	0	1	0	0	0	2	1	1	3	0	1	2	5	1	2	1	0	2	4	0	4	5
38150	29 Mar 26	00:02:00	1	0	34	0	Ct	0	0	3	0	0	0	0	0	4	1	0	0	0	0	0	0	2	1	2	1	2	0	0	3	0	1	1	4	2	1	0	0	3	3
38151	29 Mar 26	00:03:00	1	0	34	0	Ct	0	0	4	0	0	0	0	3	1	0	0	0	4	0	0	0	1	3	3	2	1	0	0	3	0	1	2	2	2	2	7	0	3	3
38152	29 Mar 26	00:04:00	1	0	34	0	Ct	0	0	1	0	0	0	0	3	2	1	0	0	4	2	0	0	2	2	2	2	1	11	0	3	0	2	7	1	1	0	0	0	3	3
38153	29 Mar 26	00:05:00	1	0	34	0	Ct	0	0	3	1	0	0	0	4	2	0	0	0	0	2	1	0	0	2	1	1	0	0	0	4	0	3	1	0	3	1	0	0	2	1
38154	29 Mar 26	00:06:00	1	0	34	0	Ct	0	0	4	2	8	0	0	3	0	0	0	0	1	0	0	2	2	3	0	3	0	0	0	2	3	3	3	1	1	0	1	0	0	0
38155	29 Mar 26	00:07:00	1	0	34	0	Ct	0	0	1	0	0	0	0	2	4	0	5	0	1	1	4	0	3	5	0	1	0	6	3	4	2	2	1	4	0	1	1	0	0	1
38156	29 Mar 26	00:08:00	1	0	34	0	Ct	0	0	2	2	2	1	0	3	5	0	0	0	1	2	5	6	0	5	0	2	4	1	1	2	6	3	2	3	0	2	0	0	2	1
38157	29 Mar 26	00:09:00	1	0	34	0	Ct	0	0	3	2	0	0	0	3	0	0	1	0	0	0	2	0	0	4	0	0	3	5	2	1	3	3	1	4	9	1	0	0	1	2
38158	29 Mar 26	00:10:00	1	0	34	0	Ct	0	0	3	0	3	0	0	2	4	0	1	1	12	3	0	1	0	4	2	3	0	0	0	2	0	3	3	1	3	1	2	0	4	2
38159	29 Mar 26	00:11:00	1	0	34	0	Ct	0	0	1	2	1	0	0	1	3	0	0	0	6	1	0	3	0	4	2	3	2	2	1	2	1	1	1	0	2	1	26	0	4	2
38160	29 Mar 26	00:12:00	1	0	34	0	Ct	0	0	0	2	5	0	0	0	0	0	0	0	0	2	2	1	2	1	1	2	0	0	2	4	0	0	2	1	0	3	0	0	7	3
38161	29 Mar 26	00:13:00	1	0	34	0	Ct	0	0	2	1	7	0	0	0	1	0	0	0	1	1	0	1	1	2	2	1	1	3	2	2	1	1	4	5	0	1	2	0	7	1
38162	29 Mar 26	00:14:00	1	0	34	0	Ct	0	0	0	2	0	0	0	5	2	0	0	0	0	1	0	2	0	2	4	3	0	0	0	1	5	1	1	2	2	0	2	0	3	3
38163	29 Mar 26	00:15:00	1	0	34	0	Ct	0	0	0	1	1	0	0	0	1	0	0	0	0	0	0	1	0	5	0	3	4	0	2	4	2	2	1	5	1	1	1	0	5	1
38164	29 Mar 26	00:16:00	1	0	34	0	Ct	0	0	2	3	3	0	0	2	0	0	0	0	0	2	5	2	0	4	0	2	2	0	2	2	1	2	1	3	2	1	0	0	5	5
38165	29 Mar 26	00:17:00	1	0	34	0	Ct	0	0	4	0	0	0	0	3	1	0	1	0	0	4	0	1	0	3	1	4	1	4	2	2	4	0	2	3	2	2	0	0	4	1
38166	29 Mar 26	00:18:00	1	0	34	0	Ct	0	0	1	1	0	0	0	3	4	0	0	1	0	1	0	0	1	4	1	2	0	2	2	3	2	2	3	2	0	1	2	0	4	2
38167	29 Mar 26	00:19:00	1	0	34	0	Ct	0	0	2	1	0	0	0	2	2	1	0	0	0	1	0	0	2	3	1	3	2	4	0	2	4	2	2	3	0	1	0	0	2	2
38168	29 Mar 26	00:20:00	1	0	34	0	Ct	0	0	2	0	0	0	0	2	2	2	0	0	0	1	0	3	0	3	1	2	3	0	2	4	1	0	1	1	2	1	1	0	5	2
38169	29 Mar 26	00:21:00	1	0	34	0	Ct	0	0	1	0	0	0	0	2	0	2	1	0	0	0	0	1	0	5	1	0	1	0	0	2	2	0	1	0	1	2	3	0	4	3
38170	29 Mar 26	00:22:00	1	0	34	0	Ct	0	0	4	1	0	0	0	2	3	0	0	0	0	0	0	4	0	2	0	1	0	0	0	3	3	2	0	0	1	0	1	0	3	4
38171	29 Mar 26	00:23:00	1	0	34	0	Ct	0	0	0	0	0	0	0	0	0	0	1	0	0	0	2	0	1	1	3	3	0	5	0	4	2	1	2	1	1	2	2	0	3	3
38172	29 Mar 26	00:24:00	1	0	34	0	Ct	0	0	1	1	0	1	0	2	2	0	0	0	0	0	1	0	4	2	1	1	0	13	0	3	1	0	6	1	3	3	4	0	4	1
38173	29 Mar 26	00:25:00	1	0	34	0	Ct	0	0	3	3	0	0	0	2	2	0	2	0	0	1	4	0	1	1	1	2	0	0	0	2	0	0	1	5	0	3	1	0	4	2
38174	29 Mar 26	00:26:00	1	0	34	0	Ct	0	0	3	1	0	0	0	3	4	0	0	0	0	2	2	0	2	4	1	2	3	0	2	4	1	1	4	3	2	2	2	0	3	1
38175	29 Mar 26	00:27:00	1	0	34	0	Ct	0	0	1	1	0	2	0	3	3	0	0	0	0	2	3	3	1	2	2	2	4	0	1	4	0	0	1	0	0	2	1	0	4	2
38176	29 Mar 26	00:28:00	1	0	34	0	Ct	0	0	1	2	2	0	0	3	3	0	0	0	0	0	4	0	3	4	0	3	1	5	0	2	0	1	1	0	1	4	0	0	4	1
38177	29 Mar 26	00:29:00	1	0	34	0	Ct	0	0	1	5	1	0	0	2	3	0	0	0	0	3	1	4	1	2	1	2	5	0	2	3	1	0	3	1	1	2	1	0	2	3
38178	29 Mar 26	00:30:00	1	0	34	0	Ct	0	0	1	1	0	0	0	2	3	0	0	0	0	1	0	0	1	2	0	2	0	0	1	2	3	2	1	2	2	3	6	0	0	2
38179	29 Mar 26	00:31:00	1	0	34	0	Ct	0	0	1	3	0	4	0	1	4	0	0	1	0	0	0	1	0	2	1	4	1	0	1	1	0	1	1	0	2	1	14	0	2	4
38180	29 Mar 26	00:32:00	1	0	34	0	Ct	0	0	2	2	3	0	0	1	3	0	1	4	0	2	0	2	0	2	1	1	1	2	3	3	5	2	5	1	1	1	0	0	5	0
38181	29 Mar 26	00:33:00	1	0	34	0	Ct	0	0	2	0	2	2	0	1	2	0	1	2	0	3	0	0	0	3	1	2	2	4	2	2	3	1	1	5	2	3	2	0	3	4
38182	29 Mar 26	00:34:00	1	0	34	0	Ct	0	0	1	2	1	3	0	3	4	0	0	0	0	0	0	2	0	2	1	0	1	5	0	1	3	1	1	2	1	1	0	0	5	2
38183	29 Mar 26	00:35:00	1	0	34	0	Ct	0	0	1	2	2	0	0	2	2	0	0	2	0	1	0	1	0	3	4	3	1	0	2	2	1	2	2	2	3	4	1	0	2	0
38184	29 Mar 26	00:36:00	1	0	34	0	Ct	0	0	3	0	1	0	0	2	2	0	0	2	0	1	0	0	0	5	0	3	0	0	2	3	2	2	2	6	2	3	1	0	2	4
38185	29 Mar 26	00:37:00	1	0	34	0	Ct	0	0	3	1	3	0	0	1	2	0	0	4	0	0	1	2	1	2	1	3	0	0	1	2	2	3	1	0	2	1	0	0	2	2
38186	29 Mar 26	00:38:00	1	0	34	0	Ct	0	0	2	4	3	0	0	3	6	0	1	1	0	0	1	0	1	0	0	2	1	2	1	2	3	1	1	5	1	2	1	0	0	1
38187	29 Mar 26	00:39:00	1	0	34	0	Ct	0	0	3	0	3	0	0	1	3	1	0	2	0	1	2	0	0	3	0	8	2	0	0	3	3	0	1	3	1	2	1	0	0	1
38188	29 Mar 26	00:40:00	1	0	34	0	Ct	0	0	2	0	1	0	0	1	2	0	0	0	0	0	1	5	1	2	1	2	0	3	2	4	3	0	2	3	2	1	0	0	12	2
38189	29 Mar 26	00:41:00	1	0	34	0	Ct	0	0	0	2	2	0	0	3	0	0	0	1	0	1	0	5	2	1	2	1	1	0	2	4	0	2	2	3	1	1	0	0	1	3
38190	29 Mar 26	00:42:00	1	0	34	0	Ct	0	0	2	2	5	0	0	2	1	0	0	0	0	0	0	1	4	2	0	1	1	0	0	1	5	3	1	3	3	1	3	0	0	2
38191	29 Mar 26	00:43:00	1	0	34	0	Ct	0	0	3	2	7	0	0	0	0	0	0	0	0	0	1	0	2	2	0	1	3	1	1	1	2	1	1	1	4	1	1	0	0	2
38192	29 Mar 26	00:44:00	1	0	34	0	Ct	0	0	1	0	3	0	0	1	2	0	0	5	0	4	0	2	0	4	0	3	2	9	4	3	1	3	1	1	0	1	1	0	3	2
38193	29 Mar 26	00:45:00	1	0	34	0	Ct	0	0	2	2	2	0	0	1	2	0	0	3	0	2	0	1	2	3	0	1	3	0	2	1	4	2	0	0	1	1	0	0	1	2
38194	29 Mar 26	00:46:00	1	0	34	0	Ct	0	0	2	1	6	0	0	3	2	0	0	3	0	2	0	1	2	0	1	1	1	0	0	3	4	2	2	10	2	3	3	0	2	3
38195	29 Mar 26	00:47:00	1	0	34	0	Ct	0	0	2	0	4	5	0	4	3	0	0	2	0	0	0	0	0	1	3	3	1	0	0	5	4	0	1	4	2	0	9	0	2	3
38196	29 Mar 26	00:48:00	1	0	34	0	Ct	0	0	2	1	4	2	0	1	4	0	0	1	1	0	0	0	0	2	1	4	3	0	2	4	4	3	1	3	0	1	5	0	0	2
38197	29 Mar 26	00:49:00	1	0	34	0	Ct	0	0	4	0	5	0	0	1	5	0	0	3	0	2	0	1	0	2	1	2	2	0	0	2	5	1	2	3	1	1	1	0	0	3
38198	29 Mar 26	00:50:00	1	0	34	0	Ct	0	0	3	0	3	0	0	1	3	0	0	1	0	0	0	1	3	0	1	1	2	0	3	2	3	2	1	3	2	2	0	0	0	3
38199	29 Mar 26	00:51:00	1	0	34	0	Ct	0	0	2	0	2	0	0	0	1	0	0	2	10	4	0	1	2	4	2	0	0	7	0	2	4	1	1	1	4	1	3	0	0	2
38200	29 Mar 26	00:52:00	1	0	34	0	Ct	0	0	1	1	5	0	0	1	0	0	1	1	3	2	0	0	0	2	1	0	0	0	2	3	2	4	0	0	0	1	1	0	3	3
38201	29 Mar 26	00:53:00	1	0	34	0	Ct	0	0	2	2	3	0	0	0	2	0	0	5	0	1	0	1	1	5	2	7	0	3	2	3	2	11	4	0	2	2	0	0	0	0
38202	29 Mar 26	00:54:00	1	0	34	0	Ct	0	0	2	1	4	0	0	3	3	2	0	1	0	2	0	2	2	2	1	1	2	0	2	4	3	0	1	0	0	1	2	0	3	0
38203	29 Mar 26	00:55:00	1	0	34	0	Ct	0	0	2	0	1	3	0	0	5	0	0	1	1	1	0	1	0	3	1	4	0	0	1	4	4	1	2	0	0	2	0	0	2	2
38204	29 Mar 26	00:56:00	1	0	34	0	Ct	0	0	1	1	2	2	0	1	3	0	0	0	0	1	0	3	0	4	1	2	2	3	0	3	2	0	1	3	2	2	0	0	2	2
38205	29 Mar 26	00:57:00	1	0	34	0	Ct	0	0	1	1	3	0	0	2	4	0	0	2	0	1	0	2	2	5	1	2	0	1	2	1	6	1	1	4	3	4	5	0	0	1
38206	29 Mar 26	00:58:00	1	0	34	0	Ct	0	0	1	0	0	1	0	2	2	0	0	3	0	1	0	1	1	3	1	1	0	0	0	2	3	1	0	2	1	1	0	0	6	2
38207	29 Mar 26	00:59:00	1	0	34	0	Ct	0	0	2	1	2	8	0	1	1	0	0	2	0	5	0	0	1	3	1	2	0	4	1	3	4	1	0	1	1	2	2	0	2	3
38208	29 Mar 26	01:00:00	1	0	34	0	Ct	0	0	2	2	4	2	0	1	2	0	0	1	0	2	0	0	0	3	1	2	0	0	1	2	3	1	0	0	2	1	1	0	4	3
38209	29 Mar 26	01:01:00	1	0	34	0	Ct	0	0	2	0	2	2	0	2	2	0	0	3	0	1	0	0	1	2	1	1	0	0	0	3	4	3	0	1	3	2	1	0	8	2
38210	29 Mar 26	01:02:00	1	0	34	0	Ct	0	0	1	0	4	7	0	0	5	0	0	2	3	2	0	1	2	4	0	1	2	4	0	0	3	1	0	2	2	1	2	0	4	3
38211	29 Mar 26	01:03:00	1	0	34	0	Ct	0	0	0	0	1	2	0	0	2	0	0	2	1	1	0	3	0	3	0	3	4	3	0	2	1	0	0	1	2	0	1	0	3	2
38212	29 Mar 26	01:04:00	1	0	34	0	Ct	0	0	1	0	1	1	0	0	2	0	0	3	3	1	0	1	1	2	0	2	9	7	1	3	2	0	0	2	0	2	2	0	3	3
38213	29 Mar 26	01:05:00	1	0	34	0	Ct	0	0	1	2	3	3	0	2	5	5	0	5	3	0	0	1	1	2	0	2	1	1	1	3	4	1	2	3	0	0	1	0	9	2
38214	29 Mar 26	01:06:00	1	0	34	0	Ct	0	0	1	1	3	0	0	2	2	1	0	1	2	0	0	2	0	2	1	1	0	0	3	2	2	0	4	0	0	0	4	0	4	1
38215	29 Mar 26	01:07:00	1	0	34	0	Ct	0	0	2	0	0	3	0	3	1	3	0	4	0	0	0	2	0	3	2	2	2	0	1	0	3	0	5	2	6	0	0	0	4	0
38216	29 Mar 26	01:08:00	1	0	34	0	Ct	0	0	3	2	2	2	0	4	4	2	0	1	0	0	0	0	0	2	1	2	1	5	2	3	6	0	3	2	0	1	1	0	6	1
38217	29 Mar 26	01:09:00	1	0	34	0	Ct	0	0	3	1	0	3	0	0	3	3	0	2	0	1	0	5	1	3	1	0	1	2	1	3	4	2	3	3	2	1	0	0	3	5
38218	29 Mar 26	01:10:00	1	0	34	0	Ct	0	0	1	3	0	3	0	2	0	1	1	3	0	2	1	0	1	2	0	2	3	5	2	3	4	1	2	1	1	2	2	0	4	1
38219	29 Mar 26	01:11:00	1	0	34	0	Ct	0	0	4	2	2	2	0	2	0	3	0	3	0	1	0	0	3	1	0	0	1	0	2	1	5	2	0	5	1	1	3	0	2	1
38220	29 Mar 26	01:12:00	1	0	34	0	Ct	0	0	1	1	3	2	0	0	0	2	0	1	0	1	0	1	0	4	1	0	1	0	2	0	5	0	1	3	2	1	0	0	3	3
38221	29 Mar 26	01:13:00	1	0	34	0	Ct	0	0	3	1	0	3	0	0	7	13	0	1	0	1	0	1	0	2	1	2	0	0	2	1	2	2	2	0	3	1	4	0	3	0
38222	29 Mar 26	01:14:00	1	0	34	0	Ct	0	0	1	1	2	3	0	3	2	0	0	2	0	1	0	0	0	3	2	0	0	0	3	2	3	1	0	0	0	3	0	0	1	2
38223	29 Mar 26	01:15:00	1	0	34	0	Ct	0	0	1	1	3	2	0	1	2	0	0	2	2	2	0	1	0	2	1	2	1	2	1	3	2	0	1	1	2	1	1	0	3	1
38224	29 Mar 26	01:16:00	1	0	34	0	Ct	0	0	4	2	1	1	0	3	1	0	0	1	0	1	0	2	1	3	1	1	3	1	1	3	3	2	1	2	1	0	4	0	3	1
38225	29 Mar 26	01:17:00	1	0	34	0	Ct	0	0	1	1	1	11	0	3	0	2	2	3	2	0	0	1	2	3	4	2	2	0	1	1	1	1	1	2	2	2	0	0	4	1
38226	29 Mar 26	01:18:00	1	0	34	0	Ct	0	0	1	0	4	2	0	1	0	1	7	1	1	0	0	1	0	2	3	2	0	0	1	2	2	2	2	3	2	2	3	0	3	2
38227	29 Mar 26	01:19:00	1	0	34	0	Ct	0	0	2	1	2	3	0	1	1	1	2	2	0	0	0	1	1	3	1	3	2	0	3	1	2	0	2	3	3	3	0	0	3	0
38228	29 Mar 26	01:20:00	1	0	34	0	Ct	0	0	3	1	2	0	0	3	2	1	0	1	1	1	0	1	3	3	2	1	3	7	1	2	5	0	2	1	5	4	0	0	3	2
38229	29 Mar 26	01:21:00	1	0	34	0	Ct	0	0	2	1	0	4	0	3	1	0	0	0	0	0	0	3	1	2	1	3	0	2	2	2	3	0	1	1	1	5	0	0	3	0
38230	29 Mar 26	01:22:00	1	0	34	0	Ct	0	0	1	1	0	4	0	3	2	2	0	3	0	2	0	3	0	1	0	2	1	3	0	3	1	0	0	4	1	3	1	0	3	2
38231	29 Mar 26	01:23:00	1	0	34	0	Ct	0	0	1	1	0	2	0	4	2	1	0	2	0	0	0	0	0	1	1	1	0	5	3	3	6	0	0	1	2	0	2	0	3	0
38232	29 Mar 26	01:24:00	1	0	34	0	Ct	0	0	1	0	0	3	0	1	0	1	0	1	1	0	0	0	0	2	2	2	3	3	2	2	2	1	3	2	2	1	0	0	4	2
38233	29 Mar 26	01:25:00	1	0	34	0	Ct	0	0	3	2	0	1	0	2	3	3	0	1	3	2	0	0	1	4	1	3	1	0	1	2	3	1	1	4	0	3	1	0	4	2
38234	29 Mar 26	01:26:00	1	0	34	0	Ct	0	0	2	1	1	2	0	3	1	5	0	7	1	2	0	1	1	1	1	2	1	6	0	2	4	1	3	0	2	2	0	0	4	2
38235	29 Mar 26	01:27:00	1	0	34	0	Ct	0	0	2	2	0	3	0	3	1	3	0	2	3	2	0	1	1	2	0	1	1	3	0	2	4	1	2	6	3	2	2	0	2	3
38236	29 Mar 26	01:28:00	1	0	34	0	Ct	0	0	1	3	5	2	0	3	2	4	0	0	0	0	0	0	0	4	1	1	2	5	1	3	5	1	4	4	6	1	3	0	6	2
38237	29 Mar 26	01:29:00	1	0	34	0	Ct	0	0	2	1	1	3	0	1	2	5	0	0	0	1	0	0	0	3	2	1	7	0	2	1	3	1	2	8	0	1	0	0	1	2
38238	29 Mar 26	01:30:00	1	0	34	0	Ct	0	0	1	3	0	2	0	0	2	3	0	1	0	2	0	0	0	0	0	2	1	0	1	1	4	1	3	1	0	0	6	0	3	0
38239	29 Mar 26	01:31:00	1	0	34	0	Ct	0	0	2	1	19	6	0	1	4	2	0	2	0	0	0	2	0	2	0	2	2	0	1	2	4	2	2	0	4	0	2	0	4	2
38240	29 Mar 26	01:32:00	1	0	34	0	Ct	0	0	1	2	0	3	0	1	3	1	0	2	1	0	0	2	1	3	0	2	1	0	3	3	3	0	2	0	1	1	2	0	4	5
38241	29 Mar 26	01:33:00	1	0	34	0	Ct	0	0	2	1	0	1	0	0	3	3	0	1	0	1	0	0	1	6	0	3	2	7	1	1	1	0	3	0	5	1	0	0	4	2
38242	29 Mar 26	01:34:00	1	0	34	0	Ct	0	0	2	0	0	4	0	0	4	2	0	1	0	3	0	2	1	2	0	2	1	2	2	0	5	0	2	2	4	1	0	0	4	4
38243	29 Mar 26	01:35:00	1	0	34	0	Ct	0	0	4	2	0	2	0	2	2	5	0	1	0	1	0	0	0	2	2	2	1	0	2	2	1	0	1	4	2	2	1	0	3	0
38244	29 Mar 26	01:36:00	1	0	34	0	Ct	0	0	1	1	0	2	0	2	4	4	0	0	1	0	0	3	1	3	1	0	2	0	1	0	2	1	2	0	4	1	0	0	1	3
38245	29 Mar 26	01:37:00	1	0	34	0	Ct	0	0	4	0	0	2	0	3	3	3	0	2	2	0	0	1	1	2	2	1	2	0	2	2	5	1	1	2	0	1	0	0	0	2
38246	29 Mar 26	01:38:00	1	0	34	0	Ct	0	0	2	2	0	2	0	2	3	1	0	1	0	2	0	3	1	2	1	2	1	3	3	2	5	0	3	0	0	0	1	0	0	3
38247	29 Mar 26	01:39:00	1	0	34	0	Ct	0	0	1	0	0	1	0	4	0	2	0	3	0	0	0	0	1	4	1	2	2	6	1	1	3	0	4	0	1	0	1	0	1	2
38248	29 Mar 26	01:40:00	1	0	34	0	Ct	0	0	2	0	0	2	0	2	2	2	0	2	1	1	0	0	2	3	0	2	1	1	1	3	2	1	1	2	3	0	0	0	3	2
38249	29 Mar 26	01:41:00	1	0	34	0	Ct	0	0	1	1	0	2	0	3	0	3	0	1	0	1	0	0	2	3	1	3	1	0	0	3	3	2	2	3	2	1	0	0	5	2
38250	29 Mar 26	01:42:00	1	0	34	0	Ct	0	0	2	1	0	2	0	0	3	3	0	3	3	2	0	2	0	5	1	0	3	0	5	2	6	0	1	1	1	1	3	0	3	0
38251	29 Mar 26	01:43:00	1	0	34	0	Ct	0	0	1	1	0	2	0	0	3	4	0	2	0	3	0	1	0	1	3	2	2	0	7	1	5	0	1	3	3	0	3	0	0	0
38252	29 Mar 26	01:44:00	1	0	34	0	Ct	0	0	1	3	0	4	0	2	1	2	0	1	1	2	0	0	3	0	0	2	1	0	2	2	3	1	1	0	4	1	1	0	3	1
38253	29 Mar 26	01:45:00	1	0	34	0	Ct	0	0	2	0	0	2	0	3	4	2	0	0	4	1	0	2	2	1	1	4	0	2	0	2	3	2	2	1	0	1	1	0	3	3
38254	29 Mar 26	01:46:00	1	0	34	0	Ct	0	0	2	1	0	4	0	2	2	4	0	2	0	1	0	0	0	2	1	2	1	0	2	1	4	0	1	2	0	3	1	0	4	2
38255	29 Mar 26	01:47:00	1	0	34	0	Ct	0	0	1	1	2	5	0	1	1	2	0	1	0	0	0	0	0	2	0	2	5	2	1	3	3	2	1	2	5	1	3	0	4	2
38256	29 Mar 26	01:48:00	1	0	34	0	Ct	0	0	2	10	0	2	0	3	2	3	0	4	0	0	0	0	4	2	0	2	0	0	2	1	3	2	6	5	1	1	1	0	4	0
38257	29 Mar 26	01:49:00	1	0	34	0	Ct	0	0	1	0	0	0	0	2	1	5	0	3	0	0	0	0	0	0	1	4	0	0	1	2	2	3	1	3	2	1	2	0	5	1
38258	29 Mar 26	01:50:00	1	0	34	0	Ct	0	0	1	0	0	11	0	2	3	2	0	1	0	2	0	0	2	2	2	2	0	0	0	2	1	1	8	0	1	1	1	0	14	2
38259	29 Mar 26	01:51:00	1	0	34	0	Ct	0	0	2	0	0	3	0	1	0	0	0	2	0	1	0	1	0	2	0	1	1	0	0	2	2	2	0	1	1	2	1	0	5	2
38260	29 Mar 26	01:52:00	1	0	34	0	Ct	0	0	4	0	0	1	0	2	1	3	0	0	0	0	0	0	0	3	0	1	1	2	2	0	3	1	1	1	2	1	0	0	0	3
38261	29 Mar 26	01:53:00	1	0	34	0	Ct	0	0	1	0	1	3	0	0	2	1	0	1	0	0	0	0	0	0	0	2	1	2	1	2	3	1	6	0	0	1	0	0	0	1
38262	29 Mar 26	01:54:00	1	0	34	0	Ct	0	0	1	1	0	7	0	0	2	2	0	1	1	0	0	0	9	1	2	2	0	3	2	1	3	0	2	1	0	0	0	0	0	3
38263	29 Mar 26	01:55:00	1	0	34	0	Ct	0	0	2	0	0	4	0	0	5	2	0	2	1	1	0	1	0	3	3	2	0	2	1	7	4	1	2	3	0	4	0	0	0	3
38264	29 Mar 26	01:56:00	1	0	34	0	Ct	0	0	4	0	0	2	0	0	1	4	0	3	1	1	0	1	1	3	2	2	1	2	3	3	4	2	1	6	1	6	5	0	0	2
38265	29 Mar 26	01:57:00	1	0	34	0	Ct	0	0	2	1	1	2	0	0	3	3	0	3	6	1	0	2	1	5	1	2	1	7	1	3	3	3	2	0	6	2	3	0	0	4
38266	29 Mar 26	01:58:00	1	0	34	0	Ct	0	0	1	0	0	5	0	2	1	3	0	1	2	1	0	0	0	4	1	1	0	3	2	2	3	2	0	0	0	1	1	0	0	1
38267	29 Mar 26	01:59:00	1	0	34	0	Ct	0	0	2	0	0	2	0	1	1	0	0	0	1	0	0	0	0	2	1	0	0	0	1	2	2	1	2	0	0	1	2	0	1	2
38268	29 Mar 26	02:00:00	1	0	34	0	Ct	0	0	3	0	3	2	0	2	0	3	0	0	1	2	0	0	0	5	0	2	4	0	1	2	3	1	0	0	1	0	1	0	3	0
38269	29 Mar 26	02:01:00	1	0	34	0	Ct	0	0	1	0	26	2	0	4	2	1	0	2	2	0	0	0	1	3	2	3	0	0	2	3	3	1	1	3	1	0	2	0	1	2
38270	29 Mar 26	02:02:00	1	0	34	0	Ct	0	0	3	1	5	3	0	2	1	3	0	0	0	1	0	1	0	3	1	2	0	0	1	2	1	1	2	2	1	1	1	0	1	0
38271	29 Mar 26	02:03:00	1	0	34	0	Ct	0	0	3	0	3	1	0	0	3	0	0	1	0	1	0	2	0	3	1	2	0	0	1	1	2	0	0	0	1	1	3	0	1	0
38272	29 Mar 26	02:04:00	1	0	34	0	Ct	0	0	0	0	5	4	0	1	1	1	0	3	0	0	0	1	2	2	0	1	2	2	0	2	4	0	3	0	0	0	0	0	0	2
38273	29 Mar 26	02:05:00	1	0	34	0	Ct	0	0	2	0	1	2	0	3	0	1	0	2	0	0	0	1	2	1	0	3	2	5	0	2	5	0	1	0	2	2	1	0	0	2
38274	29 Mar 26	02:06:00	1	0	34	0	Ct	0	0	3	0	1	2	0	1	0	2	0	1	0	0	0	1	3	2	0	2	2	7	1	1	3	0	1	0	0	1	2	0	2	2
38275	29 Mar 26	02:07:00	1	0	34	0	Ct	0	0	1	0	7	1	0	3	0	1	0	1	0	0	0	0	1	4	3	2	7	25	2	2	3	0	4	2	0	2	0	0	3	3
38276	29 Mar 26	02:08:00	1	0	34	0	Ct	0	0	0	2	0	1	0	1	1	4	0	2	0	0	0	1	0	1	1	1	2	5	1	3	2	2	0	7	0	0	1	0	4	1
38277	29 Mar 26	02:09:00	1	0	34	0	Ct	0	0	1	0	1	2	0	2	3	2	0	4	0	3	0	0	0	4	1	0	1	0	1	2	3	2	1	6	1	1	2	0	3	1
38278	29 Mar 26	02:10:00	1	0	34	0	Ct	0	0	1	0	2	1	0	2	0	4	0	3	1	0	0	0	2	4	2	0	0	0	1	7	0	2	10	7	2	3	1	0	3	4
38279	29 Mar 26	02:11:00	1	0	34	0	Ct	0	0	2	0	0	1	0	0	2	4	0	2	3	0	0	3	1	1	1	0	0	0	1	3	0	1	0	7	2	2	1	0	5	2
38280	29 Mar 26	02:12:00	1	0	34	0	Ct	0	0	2	0	2	1	0	0	0	5	0	2	0	0	0	1	0	4	0	0	0	0	2	1	1	1	0	1	3	0	0	0	5	1
38281	29 Mar 26	02:13:00	1	0	34	0	Ct	0	0	2	1	0	3	0	0	3	3	0	0	0	1	0	0	0	3	0	1	2	0	2	0	1	2	3	0	1	1	4	0	2	2
38282	29 Mar 26	02:14:00	1	0	34	0	Ct	0	0	2	0	0	3	0	1	2	2	0	1	0	0	0	1	0	1	0	1	4	0	0	1	2	2	4	0	3	0	2	0	4	2
38283	29 Mar 26	02:15:00	1	0	34	0	Ct	0	0	2	0	0	2	0	1	3	1	0	0	0	0	0	0	0	2	0	3	1	0	0	2	1	2	2	0	2	4	0	0	5	2
38284	29 Mar 26	02:16:00	1	0	34	0	Ct	0	0	0	1	1	3	0	0	3	3	0	1	0	1	0	1	3	2	0	1	0	0	1	1	2	1	1	0	2	3	0	0	0	1
38285	29 Mar 26	02:17:00	1	0	34	0	Ct	0	0	1	0	2	4	0	2	2	3	0	1	2	2	0	1	1	1	0	3	1	2	3	2	6	2	2	5	4	2	0	0	1	2
38286	29 Mar 26	02:18:00	1	0	34	0	Ct	0	0	1	2	6	3	0	1	2	3	0	2	10	0	0	1	2	4	0	2	0	11	2	2	3	2	3	4	2	2	2	0	0	0
38287	29 Mar 26	02:19:00	1	0	34	0	Ct	0	0	1	0	2	6	0	2	2	4	0	2	0	0	0	1	1	3	0	3	4	0	1	3	2	1	2	2	2	1	2	0	4	3
38288	29 Mar 26	02:20:00	1	0	34	0	Ct	0	0	2	1	0	3	0	3	1	3	0	0	2	2	0	2	0	1	1	3	1	0	0	0	3	0	1	3	3	1	2	0	3	4
38289	29 Mar 26	02:21:00	1	0	34	0	Ct	0	0	2	2	0	3	0	4	1	1	0	1	1	0	0	0	1	4	1	1	0	0	2	0	3	3	1	0	3	1	1	0	5	2
38290	29 Mar 26	02:22:00	1	0	34	0	Ct	0	0	1	1	1	2	0	4	2	1	0	2	0	2	0	0	2	0	1	0	1	0	5	2	3	1	2	1	1	0	0	0	3	1
38291	29 Mar 26	02:23:00	1	0	34	0	Ct	0	0	2	4	0	2	0	3	4	1	0	0	11	1	0	1	1	4	0	0	2	0	0	1	4	1	4	2	1	1	0	0	4	2
38292	29 Mar 26	02:24:00	1	0	34	0	Ct	0	0	2	1	0	1	0	3	0	6	0	1	0	0	0	1	3	2	0	0	1	2	5	2	2	0	2	0	0	3	0	0	3	1
38293	29 Mar 26	02:25:00	1	0	34	0	Ct	0	0	3	1	0	5	0	2	0	0	0	0	0	3	0	1	3	1	1	0	3	4	0	2	1	0	2	2	0	0	3	0	3	2
38294	29 Mar 26	02:26:00	1	0	34	0	Ct	0	0	1	0	0	3	0	2	0	1	0	1	0	1	3	1	0	1	1	1	2	4	0	4	1	1	0	1	0	2	0	0	6	2
38295	29 Mar 26	02:27:00	1	0	34	0	Ct	0	0	1	1	0	1	0	5	0	1	0	0	0	0	0	2	0	3	0	4	3	0	0	2	3	1	1	1	0	0	1	0	1	0
38296	29 Mar 26	02:28:00	1	0	34	0	Ct	0	0	2	0	2	2	0	3	1	1	0	1	4	0	0	3	3	2	1	0	1	0	3	2	3	3	0	5	1	2	2	0	2	0
38297	29 Mar 26	02:29:00	1	0	34	0	Ct	0	0	3	0	0	2	0	3	1	2	0	1	2	0	0	1	0	3	1	0	2	0	3	1	4	0	1	7	0	0	0	0	2	2
38298	29 Mar 26	02:30:00	1	0	34	0	Ct	0	0	2	0	0	2	0	3	1	1	0	2	2	0	0	2	0	2	2	0	3	0	1	2	2	2	1	2	1	3	1	0	1	2
38299	29 Mar 26	02:31:00	1	0	34	0	Ct	0	0	1	0	0	3	0	2	1	1	0	0	0	1	0	1	0	2	2	0	0	0	3	1	2	2	0	0	1	0	2	0	1	2
38300	29 Mar 26	02:32:00	1	0	34	0	Ct	0	0	2	0	1	5	0	3	0	2	0	3	0	1	0	1	0	2	0	0	0	4	2	2	1	3	0	2	0	1	1	0	2	0
38301	29 Mar 26	02:33:00	1	0	34	0	Ct	0	0	1	0	0	1	0	2	2	0	0	1	2	0	0	1	0	3	0	2	0	1	2	3	3	0	1	0	1	2	2	0	2	2
38302	29 Mar 26	02:34:00	1	0	34	0	Ct	0	0	2	0	0	1	0	1	1	0	0	1	3	0	0	8	0	1	2	1	0	0	3	2	2	0	6	0	5	1	1	0	2	3
38303	29 Mar 26	02:35:00	1	0	34	0	Ct	0	0	1	0	0	3	0	3	3	0	0	0	1	0	0	0	1	2	2	0	1	0	1	1	4	0	3	0	1	2	0	0	0	0
38304	29 Mar 26	02:36:00	1	0	34	0	Ct	0	0	0	0	0	0	0	1	3	1	0	1	0	0	0	1	3	0	1	0	2	0	3	2	4	0	3	0	2	2	4	0	1	1
38305	29 Mar 26	02:37:00	1	0	34	0	Ct	0	0	2	0	0	0	0	1	2	1	0	1	4	0	0	5	1	2	0	0	0	0	3	4	2	0	0	3	2	2	0	0	1	3
38306	29 Mar 26	02:38:00	1	0	34	0	Ct	0	0	2	0	0	0	0	0	5	0	0	0	8	0	0	0	2	2	1	0	4	0	2	1	5	0	0	1	2	0	0	0	0	2
38307	29 Mar 26	02:39:00	1	0	34	0	Ct	0	0	4	3	0	0	0	3	2	2	0	1	8	0	0	0	0	2	0	1	2	0	1	2	2	1	1	1	3	1	5	0	0	3
38308	29 Mar 26	02:40:00	1	0	34	0	Ct	0	0	3	1	0	0	0	1	3	0	0	1	1	3	0	2	0	2	1	2	2	0	2	1	2	1	5	3	2	3	9	0	0	1
38309	29 Mar 26	02:41:00	1	0	34	0	Ct	0	0	2	0	0	0	0	0	2	2	0	1	0	0	0	3	0	3	0	1	0	6	2	1	1	0	4	1	3	1	0	0	0	0
38310	29 Mar 26	02:42:00	1	0	34	0	Ct	0	0	1	7	0	0	0	4	3	3	0	2	0	0	0	0	0	3	2	1	0	4	2	2	6	0	3	1	3	1	0	0	0	0
38311	29 Mar 26	02:43:00	1	0	34	0	Ct	0	0	2	1	0	0	0	1	1	2	0	1	3	0	0	0	0	3	1	2	0	0	1	3	4	0	2	3	0	1	0	0	0	0
38312	29 Mar 26	02:44:00	1	0	34	0	Ct	0	0	1	0	0	0	0	0	2	4	0	1	1	1	0	0	0	4	1	1	0	0	1	1	1	0	1	0	3	0	0	0	0	2
38313	29 Mar 26	02:45:00	1	0	34	0	Ct	0	0	3	0	0	7	0	1	1	2	0	2	1	1	0	1	2	3	2	3	0	10	1	1	5	0	1	0	1	0	1	0	0	1
38314	29 Mar 26	02:46:00	1	0	34	0	Ct	0	0	2	0	0	1	0	0	1	1	0	0	5	0	0	0	0	3	1	1	0	5	2	2	5	0	2	0	3	3	2	0	1	1
38315	29 Mar 26	02:47:00	1	0	34	0	Ct	0	0	2	0	0	2	0	3	0	3	0	1	0	3	3	0	0	3	1	1	1	0	3	3	3	0	2	1	4	1	2	0	0	3
38316	29 Mar 26	02:48:00	1	0	34	0	Ct	0	0	1	3	0	1	0	2	3	3	0	2	0	0	0	3	1	3	1	1	4	0	2	2	5	0	0	5	0	0	4	0	0	3
38317	29 Mar 26	02:49:00	1	0	34	0	Ct	0	0	2	1	0	0	0	1	2	2	0	1	13	0	0	0	1	3	2	0	0	0	2	0	2	0	2	4	0	0	2	0	1	2
38318	29 Mar 26	02:50:00	1	0	34	0	Ct	0	0	2	0	0	0	0	2	4	4	0	2	0	0	0	3	1	1	1	0	1	0	1	1	2	0	2	2	0	2	0	0	1	2
38319	29 Mar 26	02:51:00	1	0	34	0	Ct	0	0	1	1	0	0	0	5	2	2	0	0	3	0	0	1	2	0	1	0	0	11	1	1	2	1	2	0	0	0	1	0	5	1
38320	29 Mar 26	02:52:00	1	0	34	0	Ct	0	0	1	4	0	2	0	2	2	3	0	1	0	0	0	0	0	2	0	0	0	0	1	1	1	0	5	1	1	2	3	0	6	2
38321	29 Mar 26	02:53:00	1	0	34	0	Ct	0	0	2	0	0	0	0	3	2	3	0	2	0	0	0	1	0	1	7	0	0	0	2	2	2	1	3	1	1	1	1	0	5	0
38322	29 Mar 26	02:54:00	1	0	34	0	Ct	0	0	3	0	0	0	0	2	1	0	0	2	1	0	0	2	1	0	10	0	2	7	0	2	2	1	2	1	1	0	0	0	6	0
38323	29 Mar 26	02:55:00	1	0	34	0	Ct	0	0	1	0	0	0	0	3	3	4	0	0	0	1	0	1	1	1	1	2	1	2	2	3	2	2	4	2	2	3	0	0	5	2
38324	29 Mar 26	02:56:00	1	0	34	0	Ct	0	0	2	0	0	2	0	1	3	3	0	1	0	1	0	1	0	1	0	3	0	6	2	0	0	2	2	2	3	1	0	0	2	1
38325	29 Mar 26	02:57:00	1	0	34	0	Ct	0	0	1	1	0	3	0	2	1	2	0	0	2	1	0	3	0	2	0	1	0	0	0	3	0	2	1	0	0	0	0	0	4	1
38326	29 Mar 26	02:58:00	1	0	34	0	Ct	0	0	1	1	0	2	0	4	0	2	0	0	1	0	0	0	0	0	2	1	0	0	3	2	2	1	10	1	0	4	0	0	4	0
38327	29 Mar 26	02:59:00	1	0	34	0	Ct	0	0	4	0	0	0	0	1	2	0	0	0	2	2	0	3	0	1	0	0	0	5	2	2	3	3	1	5	1	6	4	0	6	0
38328	29 Mar 26	03:00:00	1	0	34	0	Ct	0	0	0	0	0	1	0	3	3	4	0	0	0	1	0	2	0	2	0	2	0	0	2	3	2	0	2	0	1	0	3	0	2	0
38329	29 Mar 26	03:01:00	1	0	34	0	Ct	0	0	0	2	0	7	0	2	2	0	0	0	0	0	0	2	1	3	0	0	0	0	1	1	5	1	4	0	3	0	0	0	2	0
38330	29 Mar 26	03:02:00	1	0	34	0	Ct	0	0	2	0	0	1	0	1	1	2	0	0	1	0	0	0	1	2	2	1	0	7	1	2	4	1	1	0	1	0	1	0	2	0
38331	29 Mar 26	03:03:00	1	0	34	0	Ct	0	0	1	1	0	2	0	2	3	3	0	3	5	0	0	1	2	2	0	3	0	9	3	0	2	1	10	0	2	0	0	0	5	1
38332	29 Mar 26	03:04:00	1	0	34	0	Ct	0	0	4	0	0	7	0	3	2	1	0	0	0	0	0	0	2	1	1	2	0	2	2	3	2	1	2	0	4	0	0	0	2	1
38333	29 Mar 26	03:05:00	1	0	34	0	Ct	0	0	1	0	0	1	0	1	4	2	0	0	2	1	0	0	0	4	0	2	0	0	1	2	1	2	2	3	2	2	0	0	7	0
38334	29 Mar 26	03:06:00	1	0	34	0	Ct	0	0	2	0	0	2	0	1	2	3	0	0	0	1	0	2	0	3	1	2	0	0	3	1	3	2	1	3	0	2	0	0	3	0
38335	29 Mar 26	03:07:00	1	0	34	0	Ct	0	0	2	0	0	1	0	2	4	3	0	2	0	0	0	2	1	1	0	1	0	3	1	3	3	1	0	2	0	1	0	0	8	3
38336	29 Mar 26	03:08:00	1	0	34	0	Ct	0	0	0	0	0	5	0	3	3	1	0	1	0	0	0	0	1	2	0	0	0	0	2	0	1	2	0	3	2	0	1	0	3	0
38337	29 Mar 26	03:09:00	1	0	34	0	Ct	0	0	2	0	0	0	0	1	0	2	0	0	2	0	0	0	0	3	0	0	0	9	2	0	4	1	0	0	0	1	1	0	2	2
38338	29 Mar 26	03:10:00	1	0	34	0	Ct	0	0	1	0	0	2	0	3	4	2	0	0	4	0	0	1	0	3	0	0	2	2	1	2	2	2	0	1	0	0	0	0	4	1
38339	29 Mar 26	03:11:00	1	0	34	0	Ct	0	0	1	2	0	4	0	1	3	2	0	3	2	0	0	0	0	0	1	2	0	0	1	3	2	2	0	1	1	1	2	0	2	0
38340	29 Mar 26	03:12:00	1	0	34	0	Ct	0	0	2	1	0	1	0	1	7	3	0	0	1	0	0	2	0	2	1	2	0	0	0	1	1	0	5	2	2	1	2	0	0	0
38341	29 Mar 26	03:13:00	1	0	34	0	Ct	0	0	1	0	0	2	0	3	4	1	0	0	4	0	0	0	0	0	1	0	0	0	2	3	0	0	1	0	0	2	3	0	5	2
38342	29 Mar 26	03:14:00	1	0	34	0	Ct	0	0	2	1	0	2	0	4	4	2	0	0	0	0	0	0	0	3	0	0	0	0	2	2	2	0	1	0	0	1	3	0	2	2
38343	29 Mar 26	03:15:00	1	0	34	0	Ct	0	0	2	0	0	2	0	1	0	2	0	0	1	0	0	0	1	1	0	1	0	4	0	2	4	0	0	0	0	0	2	0	5	4
38344	29 Mar 26	03:16:00	1	0	34	0	Ct	0	0	2	0	0	2	0	3	4	1	0	3	4	1	0	0	0	3	0	4	0	0	4	2	3	0	0	0	0	0	2	0	1	1
38345	29 Mar 26	03:17:00	1	0	34	0	Ct	0	0	1	0	0	4	0	2	2	1	0	3	0	2	0	2	1	0	0	2	0	0	0	3	4	0	2	0	0	0	1	0	5	2
38346	29 Mar 26	03:18:00	1	0	34	0	Ct	0	0	2	0	0	2	0	5	2	0	0	1	0	1	0	2	0	2	2	1	0	8	2	1	4	0	1	0	0	3	0	0	5	0
38347	29 Mar 26	03:19:00	1	0	34	0	Ct	0	0	4	0	0	4	0	1	2	2	0	2	0	0	0	1	0	1	1	2	0	0	0	1	4	0	4	0	0	1	0	0	6	2
38348	29 Mar 26	03:20:00	1	0	34	0	Ct	0	0	1	0	0	0	0	1	5	1	0	1	0	0	0	1	0	2	1	3	0	1	2	1	4	0	4	0	0	2	0	0	4	1
38349	29 Mar 26	03:21:00	1	0	34	0	Ct	0	0	3	0	0	2	0	2	1	2	0	2	0	0	0	2	0	2	0	2	0	0	1	2	4	2	3	0	1	0	0	0	4	1
38350	29 Mar 26	03:22:00	1	0	34	0	Ct	0	0	1	0	0	6	0	2	1	3	0	2	3	0	0	0	0	3	0	3	4	0	2	0	5	1	0	0	0	2	1	0	3	1
38351	29 Mar 26	03:23:00	1	0	34	0	Ct	0	0	2	1	0	2	0	2	1	2	0	1	0	1	0	1	1	2	1	3	0	0	0	3	3	6	1	0	1	1	0	0	2	0
38352	29 Mar 26	03:24:00	1	0	34	0	Ct	0	0	2	1	0	2	0	2	1	1	0	0	0	8	0	1	1	3	0	0	3	0	2	3	4	0	0	0	0	2	0	0	4	1
38353	29 Mar 26	03:25:00	1	0	34	0	Ct	0	0	3	0	0	2	0	1	0	3	0	1	0	1	0	1	0	4	1	4	1	0	1	3	3	0	1	0	0	0	1	0	3	2
38354	29 Mar 26	03:26:00	1	0	34	0	Ct	0	0	2	0	0	1	0	1	13	1	0	2	0	0	0	0	0	3	0	3	1	11	2	2	1	0	0	0	2	1	1	0	4	2
38355	29 Mar 26	03:27:00	1	0	34	0	Ct	0	0	2	0	0	2	0	3	1	1	0	0	0	1	0	0	0	2	1	2	3	0	0	2	1	0	3	0	1	0	2	0	4	1
38356	29 Mar 26	03:28:00	1	0	34	0	Ct	0	0	0	0	0	3	0	1	4	1	0	4	0	0	0	2	0	3	1	1	0	0	2	2	4	0	1	0	3	3	1	0	4	2
38357	29 Mar 26	03:29:00	1	0	34	0	Ct	0	0	1	0	0	4	0	2	1	2	0	1	0	0	0	1	1	3	1	1	0	1	2	2	2	2	3	0	1	1	1	0	3	0
38358	29 Mar 26	03:30:00	1	0	34	0	Ct	0	0	2	0	0	3	0	0	1	0	0	0	0	0	0	1	0	1	3	3	0	0	0	3	3	0	3	0	2	0	2	0	3	1
38359	29 Mar 26	03:31:00	1	0	34	0	Ct	0	0	6	0	0	3	0	2	2	0	0	5	0	0	0	1	0	3	0	1	1	0	1	2	3	0	1	3	2	1	1	0	0	2
38360	29 Mar 26	03:32:00	1	0	34	0	Ct	0	0	0	0	0	3	0	2	3	1	0	2	1	0	0	3	1	3	0	0	0	0	3	3	3	0	2	0	1	0	1	0	0	0
38361	29 Mar 26	03:33:00	1	0	34	0	Ct	0	0	2	0	0	2	0	3	3	2	0	2	2	1	0	1	0	2	0	4	3	0	3	1	2	0	3	0	3	1	2	0	2	0
38362	29 Mar 26	03:34:00	1	0	34	0	Ct	0	0	1	0	3	3	0	0	2	9	0	0	2	0	0	0	0	3	0	2	11	0	2	0	2	1	4	0	4	1	1	0	0	0
38363	29 Mar 26	03:35:00	1	0	34	0	Ct	0	0	2	0	1	3	0	2	3	0	0	0	0	0	0	3	0	2	0	1	1	0	1	0	2	1	2	0	0	2	1	0	1	2
38364	29 Mar 26	03:36:00	1	0	34	0	Ct	0	0	4	0	0	3	0	3	5	0	0	0	0	0	0	0	0	2	0	1	0	0	2	2	2	0	5	0	2	0	1	0	0	0
38365	29 Mar 26	03:37:00	1	0	34	0	Ct	0	0	1	3	0	1	0	2	2	0	0	1	2	0	0	0	0	1	0	0	0	5	2	3	0	0	4	3	1	2	2	0	0	0
38366	29 Mar 26	03:38:00	1	0	34	0	Ct	0	0	2	1	0	0	0	3	1	1	0	0	2	0	0	0	0	0	0	2	0	5	2	3	2	0	2	0	1	2	1	0	0	2
38367	29 Mar 26	03:39:00	1	0	34	0	Ct	0	0	2	1	0	3	0	0	2	2	0	0	1	0	0	4	0	3	0	0	1	0	3	2	4	0	4	0	0	2	3	0	4	3
38368	29 Mar 26	03:40:00	1	0	34	0	Ct	0	0	0	1	0	1	0	2	1	0	0	0	0	0	0	2	2	4	0	2	0	0	1	2	3	0	2	0	2	1	1	0	1	3
38369	29 Mar 26	03:41:00	1	0	34	0	Ct	0	0	5	1	0	1	0	0	3	0	0	1	0	0	0	4	4	2	0	2	0	0	1	3	2	1	1	2	1	1	1	0	2	3
38370	29 Mar 26	03:42:00	1	0	34	0	Ct	0	0	2	2	0	1	0	0	2	0	0	1	0	0	0	1	1	2	1	1	0	0	2	2	3	0	0	0	1	2	1	0	2	1
38371	29 Mar 26	03:43:00	1	0	34	0	Ct	0	0	1	0	1	1	0	0	1	0	0	1	0	0	0	0	1	3	1	2	0	0	2	1	2	0	1	0	2	0	0	0	4	0
38372	29 Mar 26	03:44:00	1	0	34	0	Ct	0	0	4	0	1	3	0	1	0	0	0	1	0	0	0	5	0	2	2	3	0	0	0	2	2	0	1	0	0	1	4	0	5	1
38373	29 Mar 26	03:45:00	1	0	34	0	Ct	0	0	2	0	0	2	0	2	2	1	0	1	0	0	0	3	2	2	0	1	1	0	0	3	1	0	7	0	1	3	5	0	5	1
38374	29 Mar 26	03:46:00	1	0	34	0	Ct	0	0	0	1	2	1	0	4	0	2	0	2	0	0	0	1	2	1	1	2	0	8	2	2	0	1	2	0	2	4	3	0	4	0
38375	29 Mar 26	03:47:00	1	0	34	0	Ct	0	0	2	2	0	2	0	1	3	1	0	0	0	2	0	0	1	1	0	5	2	0	2	1	0	1	2	0	0	2	1	0	8	0
38376	29 Mar 26	03:48:00	1	0	34	0	Ct	0	0	0	0	0	1	0	3	1	3	0	1	0	4	0	2	0	2	1	2	1	0	1	3	0	6	3	0	0	2	1	0	4	2
38377	29 Mar 26	03:49:00	1	0	34	0	Ct	0	0	3	0	0	5	0	2	2	2	0	0	0	0	0	1	0	4	0	3	2	9	1	0	0	0	3	0	2	0	2	0	4	4
38378	29 Mar 26	03:50:00	1	0	34	0	Ct	0	0	1	0	0	2	0	1	0	3	0	4	0	0	0	3	0	0	0	2	2	3	1	1	1	1	4	0	0	0	0	0	9	2
38379	29 Mar 26	03:51:00	1	0	34	0	Ct	0	0	3	0	0	12	0	0	2	1	0	0	0	0	0	0	0	0	0	4	0	0	0	4	2	0	3	0	4	0	5	0	0	1
38380	29 Mar 26	03:52:00	1	0	34	0	Ct	0	0	2	1	0	4	0	0	1	4	0	0	0	0	0	1	0	0	0	5	0	0	2	2	1	1	0	0	1	2	0	0	4	2
38381	29 Mar 26	03:53:00	1	0	34	0	Ct	0	0	2	0	0	1	0	1	3	0	0	0	0	0	0	0	1	1	0	1	0	0	2	1	3	0	0	0	0	2	1	0	3	2
38382	29 Mar 26	03:54:00	1	0	34	0	Ct	0	0	4	1	0	1	0	3	2	1	0	0	0	0	0	1	3	4	1	1	3	0	0	1	2	2	1	0	0	1	0	0	2	0
38383	29 Mar 26	03:55:00	1	0	34	0	Ct	0	0	1	0	0	1	0	4	2	1	0	0	0	0	0	2	0	2	0	1	0	0	2	1	3	0	3	0	1	1	0	0	3	2
38384	29 Mar 26	03:56:00	1	0	34	0	Ct	0	0	1	0	0	4	0	2	0	0	0	2	0	0	0	2	0	2	0	2	0	0	1	2	2	0	1	0	1	1	0	0	0	1
38385	29 Mar 26	03:57:00	1	0	34	0	Ct	0	0	0	0	0	0	0	1	3	1	0	0	3	0	0	0	0	3	1	2	0	0	1	2	1	0	1	0	0	1	1	0	0	1
38386	29 Mar 26	03:58:00	1	0	34	0	Ct	0	0	0	0	0	2	0	3	5	2	0	1	0	0	0	0	0	2	0	0	0	2	0	0	2	0	5	0	2	2	1	0	1	1
38387	29 Mar 26	03:59:00	1	0	34	0	Ct	0	0	0	0	0	3	0	2	1	1	0	0	0	0	0	0	0	2	3	3	0	4	2	1	3	1	2	0	1	3	0	0	0	3
38388	29 Mar 26	04:00:00	1	0	34	0	Ct	0	0	3	0	0	5	0	3	2	2	0	0	0	0	0	1	0	2	0	1	0	0	1	1	1	0	1	0	2	1	2	0	1	3
38389	29 Mar 26	04:01:00	1	0	34	0	Ct	0	0	2	0	0	4	0	1	0	0	0	1	0	0	0	1	0	4	2	3	0	2	1	3	5	1	3	0	1	1	5	0	4	4
38390	29 Mar 26	04:02:00	1	0	34	0	Ct	0	0	2	0	0	3	0	4	0	0	0	3	0	0	0	0	0	2	1	2	0	15	0	0	0	0	2	0	0	2	2	0	2	3
38391	29 Mar 26	04:03:00	1	0	34	0	Ct	0	0	2	0	0	0	0	3	3	0	0	0	2	0	0	1	0	3	0	2	2	0	1	0	6	0	1	0	0	1	3	0	0	2
38392	29 Mar 26	04:04:00	1	0	34	0	Ct	0	0	2	0	0	6	0	0	2	0	0	1	0	0	0	1	0	5	0	3	0	6	2	3	3	0	0	0	9	1	0	0	6	3
38393	29 Mar 26	04:05:00	1	0	34	0	Ct	0	0	3	0	0	5	0	2	2	0	0	2	0	0	0	0	0	1	1	1	0	0	1	3	2	0	0	0	2	1	2	0	5	0
38394	29 Mar 26	04:06:00	1	0	34	0	Ct	0	0	2	0	0	0	0	2	2	3	0	1	0	0	0	1	0	5	1	2	1	5	3	3	2	0	0	0	1	1	1	0	2	0
38395	29 Mar 26	04:07:00	1	0	34	0	Ct	0	0	0	0	0	1	0	2	1	1	0	1	2	0	0	0	0	4	0	2	1	1	3	2	4	0	0	0	2	4	1	0	4	2
38396	29 Mar 26	04:08:00	1	0	34	0	Ct	0	0	4	0	0	0	0	2	3	1	0	1	0	2	0	1	1	3	2	2	2	6	2	3	1	0	2	0	0	1	0	0	4	0
38397	29 Mar 26	04:09:00	1	0	34	0	Ct	0	0	3	0	0	2	0	3	18	2	0	1	0	1	0	0	4	3	1	1	0	0	1	0	0	2	1	1	2	0	0	0	6	0
38398	29 Mar 26	04:10:00	1	0	34	0	Ct	0	0	1	0	0	5	0	2	2	0	0	2	0	1	0	0	0	4	1	2	0	0	2	2	0	0	0	0	3	2	0	0	1	0
38399	29 Mar 26	04:11:00	1	0	34	0	Ct	0	0	1	0	0	2	0	2	0	0	0	0	1	0	0	1	0	3	3	3	2	0	1	3	2	0	1	0	5	1	0	0	3	2
38400	29 Mar 26	04:12:00	1	0	34	0	Ct	0	0	3	0	0	2	0	3	0	0	0	0	1	0	0	3	0	3	0	1	0	0	2	1	1	0	5	0	2	1	0	0	0	1
38401	29 Mar 26	04:13:00	1	0	34	0	Ct	0	0	1	0	0	1	0	2	0	2	0	3	0	0	0	1	0	4	2	1	1	4	1	3	1	0	2	0	5	1	0	0	0	2
38402	29 Mar 26	04:14:00	1	0	34	0	Ct	0	0	3	0	1	4	0	2	0	2	0	3	0	2	0	0	0	2	0	0	1	0	2	2	1	2	3	0	2	2	0	0	0	1
38403	29 Mar 26	04:15:00	1	0	34	0	Ct	0	0	2	0	0	2	0	1	1	0	0	2	0	1	0	2	0	3	0	1	2	0	0	1	2	0	1	1	1	0	0	0	1	2
38404	29 Mar 26	04:16:00	1	0	34	0	Ct	0	0	2	1	0	3	0	1	0	1	0	2	0	1	0	2	0	4	1	4	2	0	0	3	1	0	3	0	2	1	0	0	4	3
38405	29 Mar 26	04:17:00	1	0	34	0	Ct	0	0	2	0	0	1	0	1	1	0	0	1	0	5	0	0	0	4	0	1	0	0	0	1	2	0	2	1	1	1	1	0	2	0
38406	29 Mar 26	04:18:00	1	0	34	0	Ct	0	0	0	0	0	3	0	1	0	3	0	0	0	0	0	1	0	3	0	4	2	0	0	3	0	0	5	2	0	1	4	0	5	0
38407	29 Mar 26	04:19:00	1	0	34	0	Ct	0	0	1	0	0	7	0	1	1	2	0	3	0	0	0	0	0	5	1	3	2	0	3	1	0	1	2	4	0	1	0	0	4	2
38408	29 Mar 26	04:20:00	1	0	34	0	Ct	0	0	1	2	0	0	0	1	1	0	0	0	1	0	0	2	0	2	1	1	0	0	3	1	2	2	4	2	0	2	5	0	5	1
38409	29 Mar 26	04:21:00	1	0	34	0	Ct	0	0	0	0	0	6	0	3	4	0	0	1	3	0	0	2	0	3	1	3	0	2	1	2	0	2	0	1	2	1	2	0	4	1
38410	29 Mar 26	04:22:00	1	0	34	0	Ct	0	0	2	0	0	2	0	0	0	0	0	2	0	3	0	2	0	1	1	2	0	0	1	2	0	1	1	1	2	0	0	0	4	0
38411	29 Mar 26	04:23:00	1	0	34	0	Ct	0	0	3	0	0	3	0	2	0	0	0	1	1	0	0	1	0	2	2	1	0	0	3	2	0	0	1	0	0	1	3	0	4	0
38412	29 Mar 26	04:24:00	1	0	34	0	Ct	0	0	1	0	0	2	0	0	0	1	0	2	2	0	0	2	0	3	2	1	4	0	2	1	0	4	4	0	2	2	1	0	3	0
38413	29 Mar 26	04:25:00	1	0	34	0	Ct	0	0	1	0	0	2	0	0	1	1	1	1	2	1	0	0	0	4	2	2	1	0	1	1	0	1	2	0	0	2	2	0	4	1
38414	29 Mar 26	04:26:00	1	0	34	0	Ct	0	0	1	0	0	9	0	0	1	0	2	2	2	1	0	0	1	2	1	0	0	4	2	1	0	2	1	0	0	1	1	0	0	2
38415	29 Mar 26	04:27:00	1	0	34	0	Ct	0	0	0	0	0	2	0	0	0	1	0	6	2	0	0	0	1	2	0	4	0	6	3	2	0	1	2	0	0	2	2	0	3	1
38416	29 Mar 26	04:28:00	1	0	34	0	Ct	0	0	1	0	0	0	0	0	0	5	0	1	1	0	0	3	1	2	2	2	0	0	2	1	0	1	4	0	0	8	2	0	2	0
38417	29 Mar 26	04:29:00	1	0	34	0	Ct	0	0	4	0	0	3	0	1	3	2	0	4	0	1	0	1	0	2	1	3	0	0	3	1	2	0	1	0	0	0	1	0	1	0
38418	29 Mar 26	04:30:00	1	0	34	0	Ct	0	0	3	0	0	2	0	2	1	2	0	1	0	0	0	2	0	1	1	3	0	0	0	2	4	0	3	3	2	2	3	0	4	3
38419	29 Mar 26	04:31:00	1	0	34	0	Ct	0	0	1	0	0	2	0	3	1	2	0	0	3	0	0	0	0	2	1	3	0	0	2	2	2	0	0	0	1	1	2	0	1	2
38420	29 Mar 26	04:32:00	1	0	34	0	Ct	0	0	2	0	0	1	0	2	2	4	0	2	6	2	0	0	0	2	0	0	2	0	2	0	0	1	3	0	0	0	3	0	2	1
38421	29 Mar 26	04:33:00	1	0	34	0	Ct	0	0	1	2	0	3	0	2	0	2	0	1	4	0	0	0	0	2	1	0	0	0	1	1	3	1	2	0	1	0	1	0	1	0
38422	29 Mar 26	04:34:00	1	0	34	0	Ct	0	0	1	0	0	2	0	3	3	2	0	0	0	1	0	0	1	2	0	0	0	1	2	1	8	1	2	0	1	2	0	0	4	1
38423	29 Mar 26	04:35:00	1	0	34	0	Ct	0	0	5	0	0	3	0	2	2	2	0	3	0	0	0	0	1	4	0	0	0	8	2	1	0	1	1	0	0	2	2	0	4	1
38424	29 Mar 26	04:36:00	1	0	34	0	Ct	0	0	1	0	0	0	0	1	2	1	0	2	0	0	0	6	0	1	0	4	0	10	2	2	0	0	1	0	10	1	13	0	5	0
38425	29 Mar 26	04:37:00	1	0	34	0	Ct	0	0	5	0	0	1	0	2	2	3	0	0	0	1	0	0	0	2	2	3	0	0	3	0	0	0	1	0	0	1	0	0	2	1
38426	29 Mar 26	04:38:00	1	0	34	0	Ct	0	0	0	0	1	3	0	1	2	2	0	1	0	0	0	0	0	2	1	1	0	0	0	0	0	0	1	0	0	0	2	0	1	2
38427	29 Mar 26	04:39:00	1	0	34	0	Ct	0	0	7	1	0	1	0	0	1	0	0	1	6	0	0	0	0	3	1	2	3	0	2	3	0	0	2	0	0	0	0	0	4	1
38428	29 Mar 26	04:40:00	1	0	34	0	Ct	0	0	1	0	2	1	0	0	2	2	0	1	4	0	0	0	3	3	2	4	1	0	2	1	0	0	2	0	0	2	2	0	5	0
38429	29 Mar 26	04:41:00	1	0	34	0	Ct	0	0	2	0	3	0	0	1	4	1	0	1	2	0	0	1	1	1	1	4	2	0	0	3	0	0	4	1	1	2	1	0	5	0
38430	29 Mar 26	04:42:00	1	0	34	0	Ct	0	0	1	0	2	5	0	3	2	1	0	0	4	0	0	2	0	1	1	0	0	0	0	2	0	0	5	6	1	2	5	0	3	0
38431	29 Mar 26	04:43:00	1	0	34	0	Ct	0	0	1	0	0	0	0	2	3	1	0	0	2	0	0	2	0	4	1	2	0	6	2	1	0	0	4	5	3	2	0	0	6	2
38432	29 Mar 26	04:44:00	1	0	34	0	Ct	0	0	1	0	0	8	0	2	3	2	0	0	1	0	0	0	1	2	0	1	0	0	0	2	0	0	4	6	0	0	2	0	3	1
38433	29 Mar 26	04:45:00	1	0	34	0	Ct	0	0	1	0	0	7	0	4	2	2	0	0	1	0	0	0	1	4	1	2	0	2	2	1	0	0	1	1	0	4	0	0	4	1
38434	29 Mar 26	04:46:00	1	0	34	0	Ct	0	0	2	0	1	2	0	0	4	0	0	0	1	0	0	0	0	1	1	2	1	3	2	0	0	0	2	0	0	0	1	0	3	2
38435	29 Mar 26	04:47:00	1	0	34	0	Ct	0	0	1	0	1	3	0	2	2	1	0	0	1	0	4	1	0	2	0	3	0	0	1	1	3	1	2	0	0	2	0	0	3	3
38436	29 Mar 26	04:48:00	1	0	34	0	Ct	0	0	3	0	0	1	0	2	1	1	0	1	2	0	0	0	0	2	0	0	0	0	2	1	0	0	6	1	0	1	0	0	4	1
38437	29 Mar 26	04:49:00	1	0	34	0	Ct	0	0	1	0	0	6	0	1	1	0	0	1	0	0	0	0	0	3	0	0	0	0	1	0	4	0	1	0	0	2	0	0	4	1
38438	29 Mar 26	04:50:00	1	0	34	0	Ct	0	0	1	0	0	0	0	0	4	0	0	0	0	2	0	1	0	4	1	0	0	0	1	1	2	0	1	1	1	0	1	0	4	0
38439	29 Mar 26	04:51:00	1	0	34	0	Ct	0	0	3	0	0	2	0	1	2	0	0	0	0	0	0	0	0	2	2	3	0	0	1	2	3	0	0	0	4	2	0	0	3	1
38440	29 Mar 26	04:52:00	1	0	34	0	Ct	0	0	2	0	0	0	0	3	2	0	0	0	0	1	0	0	0	3	0	1	2	4	1	1	4	1	0	0	0	2	4	0	2	2
38441	29 Mar 26	04:53:00	1	0	34	0	Ct	0	0	1	0	0	2	0	0	3	0	0	0	0	0	0	2	0	5	2	0	0	6	1	1	3	0	1	0	0	2	0	0	7	0
38442	29 Mar 26	04:54:00	1	0	34	0	Ct	0	0	1	0	0	4	0	0	2	0	0	0	0	3	0	1	0	2	3	1	0	8	1	3	2	0	0	1	2	2	1	0	5	0
38443	29 Mar 26	04:55:00	1	0	34	0	Ct	0	0	1	0	0	0	0	0	2	1	0	1	0	2	0	1	0	0	0	0	0	0	1	2	1	1	2	1	1	1	0	0	3	1
38444	29 Mar 26	04:56:00	1	0	34	0	Ct	0	0	1	0	0	2	0	3	0	2	0	2	0	2	0	1	0	0	1	1	0	1	0	3	4	1	0	0	0	0	0	0	3	1
38445	29 Mar 26	04:57:00	1	0	34	0	Ct	0	0	3	0	0	0	0	3	0	3	0	0	1	0	0	2	0	1	3	2	0	0	2	1	5	0	0	0	7	0	0	0	1	0
38446	29 Mar 26	04:58:00	1	0	34	0	Ct	0	0	1	0	0	1	0	4	0	2	0	0	4	0	0	0	0	2	1	0	0	1	2	2	3	1	0	0	1	0	1	0	2	0
38447	29 Mar 26	04:59:00	1	0	34	0	Ct	0	0	3	1	2	24	0	4	1	2	1	0	1	0	0	1	0	1	2	1	0	0	2	2	3	3	0	0	1	2	0	0	3	2
38448	29 Mar 26	05:00:00	1	0	34	0	Ct	0	0	2	0	0	1	0	2	2	2	0	2	0	0	0	1	0	1	1	7	0	0	1	1	3	1	0	0	3	2	2	0	1	0
38449	29 Mar 26	05:01:00	1	0	34	0	Ct	0	0	1	0	0	3	0	2	4	2	1	1	0	0	0	2	0	0	0	3	2	0	0	2	4	0	0	0	2	3	0	0	2	0
38450	29 Mar 26	05:02:00	1	0	34	0	Ct	0	0	2	0	0	1	0	3	1	0	1	0	1	3	0	2	0	1	0	0	2	0	2	1	1	0	1	0	3	1	1	0	3	1
38451	29 Mar 26	05:03:00	1	0	34	0	Ct	0	0	2	0	0	0	0	2	0	0	1	0	0	0	0	5	0	1	0	1	0	0	1	1	3	1	1	0	3	1	3	0	4	1
38452	29 Mar 26	05:04:00	1	0	34	0	Ct	0	0	1	0	0	2	0	1	0	1	5	2	1	12	0	0	0	0	1	3	1	0	2	3	3	1	0	0	2	1	4	0	4	1
38453	29 Mar 26	05:05:00	1	0	34	0	Ct	0	0	1	0	0	0	0	2	3	0	1	1	2	3	0	0	0	2	1	3	4	0	1	2	2	0	1	0	2	0	1	0	2	2
38454	29 Mar 26	05:06:00	1	0	34	0	Ct	0	0	2	1	0	0	0	1	3	0	2	0	3	1	0	0	0	4	0	1	2	0	1	2	1	0	1	0	3	1	1	0	4	2
38455	29 Mar 26	05:07:00	1	0	34	0	Ct	0	0	0	0	0	2	0	2	0	0	4	0	0	0	0	0	0	1	1	0	0	2	2	1	2	0	4	0	2	1	1	0	3	0
38456	29 Mar 26	05:08:00	1	0	34	0	Ct	0	0	1	2	0	1	0	1	0	1	0	2	0	0	0	2	0	2	1	1	3	3	1	1	3	0	2	0	0	3	0	0	4	2
38457	29 Mar 26	05:09:00	1	0	34	0	Ct	0	0	2	0	0	1	0	2	4	0	0	1	0	0	0	0	0	2	1	2	1	1	0	2	3	2	2	1	1	2	0	0	4	0
38458	29 Mar 26	05:10:00	1	0	34	0	Ct	0	0	3	1	0	3	0	0	4	0	0	1	0	0	0	2	0	1	3	1	3	0	0	1	3	2	3	1	1	1	0	0	4	0
38459	29 Mar 26	05:11:00	1	0	34	0	Ct	0	0	1	0	0	2	0	3	2	0	0	0	0	0	0	2	0	2	0	6	0	0	0	10	1	1	2	1	3	0	0	0	2	2
38460	29 Mar 26	05:12:00	1	0	34	0	Ct	0	0	3	0	0	3	0	1	4	2	0	0	0	3	2	0	0	2	1	2	0	0	2	1	2	0	1	4	1	1	0	0	3	1
38461	29 Mar 26	05:13:00	1	0	34	0	Ct	0	0	3	0	0	0	0	0	1	1	0	0	0	0	0	2	0	2	1	1	0	3	2	0	3	0	2	1	1	1	0	0	4	1
38462	29 Mar 26	05:14:00	1	0	34	0	Ct	0	0	2	0	0	1	0	0	1	0	0	0	0	1	0	0	0	3	0	0	0	1	0	0	4	0	5	0	1	0	7	0	6	0
38463	29 Mar 26	05:15:00	1	0	34	0	Ct	0	0	2	0	0	1	0	0	1	0	0	0	0	0	0	1	0	1	0	0	0	8	0	0	3	0	1	0	1	0	1	0	4	1
38464	29 Mar 26	05:16:00	1	0	34	0	Ct	0	0	1	0	0	2	0	0	0	7	0	0	0	2	0	0	0	5	0	2	0	0	2	1	1	0	2	0	2	0	3	0	3	2
38465	29 Mar 26	05:17:00	1	0	34	0	Ct	0	0	1	0	0	1	0	0	3	3	0	0	0	0	0	0	0	11	0	3	0	1	0	1	3	0	2	0	0	2	1	0	5	2
38466	29 Mar 26	05:18:00	1	0	34	0	Ct	0	0	1	1	0	1	0	2	0	3	0	0	0	6	0	0	0	4	1	2	0	4	2	0	4	0	4	0	0	1	2	0	3	2
38467	29 Mar 26	05:19:00	1	0	34	0	Ct	0	0	2	0	0	2	0	1	0	2	0	1	0	0	0	0	0	1	0	4	3	10	2	0	5	0	5	0	0	0	0	0	0	1
38468	29 Mar 26	05:20:00	1	0	34	0	Ct	0	0	2	0	0	3	0	1	8	2	0	0	0	0	0	0	0	2	1	2	0	0	2	1	2	0	2	0	0	2	3	0	2	2
38469	29 Mar 26	05:21:00	1	0	34	0	Ct	0	0	1	0	1	1	0	0	3	0	0	5	0	0	0	2	0	4	0	2	0	0	0	1	4	0	1	0	0	0	1	0	3	2
38470	29 Mar 26	05:22:00	1	0	34	0	Ct	0	0	3	0	3	2	0	0	0	2	0	1	8	0	1	2	0	1	0	1	1	0	0	1	3	0	3	0	2	2	6	0	3	2
38471	29 Mar 26	05:23:00	1	0	34	0	Ct	0	0	2	0	1	2	0	3	1	4	0	0	0	0	0	0	0	3	1	1	1	0	1	2	3	0	1	0	3	0	12	0	4	2
38472	29 Mar 26	05:24:00	1	0	34	0	Ct	0	0	1	0	0	2	0	2	2	2	0	2	0	1	0	2	0	2	0	1	2	9	1	0	3	1	1	0	2	1	0	0	3	3
38473	29 Mar 26	05:25:00	1	0	34	0	Ct	0	0	1	0	5	3	0	1	1	1	0	1	0	1	1	0	0	3	3	2	3	0	2	2	1	0	0	0	1	1	0	0	3	3
38474	29 Mar 26	05:26:00	1	0	34	0	Ct	0	0	1	0	0	5	0	3	1	2	0	3	0	0	2	2	0	2	1	2	0	1	1	2	2	0	0	0	1	1	1	0	4	1
38475	29 Mar 26	05:27:00	1	0	34	0	Ct	0	0	2	0	0	3	0	2	4	3	0	2	0	0	0	1	0	1	0	2	0	8	1	0	3	0	1	0	2	0	1	0	3	2
38476	29 Mar 26	05:28:00	1	0	34	0	Ct	0	0	1	0	0	2	0	2	3	4	0	1	0	0	0	0	0	3	1	1	2	0	1	2	0	0	2	2	2	1	0	0	4	1
38477	29 Mar 26	05:29:00	1	0	34	0	Ct	0	0	2	0	0	3	0	2	1	4	0	0	0	2	0	0	0	1	0	4	1	0	4	1	0	0	3	2	2	3	2	0	4	2
38478	29 Mar 26	05:30:00	1	0	34	0	Ct	0	0	1	1	0	2	0	2	0	0	0	1	0	1	0	0	0	2	0	1	0	0	2	3	0	1	4	4	2	1	1	0	4	2
38479	29 Mar 26	05:31:00	1	0	34	0	Ct	0	0	0	0	1	2	0	2	1	2	0	1	0	2	0	0	0	1	2	2	0	0	4	1	0	1	4	3	0	1	1	0	2	2
38480	29 Mar 26	05:32:00	1	0	34	0	Ct	0	0	3	0	6	2	0	0	14	2	0	2	4	0	0	0	0	4	1	2	0	0	0	2	0	0	0	0	0	2	2	0	2	3
38481	29 Mar 26	05:33:00	1	0	34	0	Ct	0	0	2	0	2	1	0	0	4	4	0	0	0	1	1	0	0	2	1	2	0	7	1	0	0	0	1	4	2	2	0	0	4	2
38482	29 Mar 26	05:34:00	1	0	34	0	Ct	0	0	1	0	0	9	0	2	1	1	0	2	0	2	4	5	0	3	0	4	1	0	2	1	0	0	2	3	1	0	3	0	5	2
38483	29 Mar 26	05:35:00	1	0	34	0	Ct	0	0	1	0	0	0	0	0	0	1	0	1	1	1	3	0	0	2	3	0	4	0	3	2	0	0	2	5	1	1	0	0	3	4
38484	29 Mar 26	05:36:00	1	0	34	0	Ct	0	0	3	1	0	4	0	2	0	2	0	1	9	3	4	0	0	3	2	1	1	0	3	3	0	0	1	0	3	1	0	0	5	1
38485	29 Mar 26	05:37:00	1	0	34	0	Ct	0	0	2	0	0	3	0	2	0	0	0	1	1	1	0	0	0	1	1	2	3	0	1	0	0	0	2	0	2	2	1	0	4	0
38486	29 Mar 26	05:38:00	1	0	34	0	Ct	0	0	2	0	0	2	0	2	2	1	0	3	3	0	0	1	0	3	1	2	1	0	1	0	0	0	1	0	0	0	0	0	4	0
38487	29 Mar 26	05:39:00	1	0	34	0	Ct	0	0	2	0	0	2	0	2	2	5	0	1	3	0	0	0	0	2	1	2	0	0	0	3	0	0	1	0	0	0	1	0	3	1
38488	29 Mar 26	05:40:00	1	0	34	0	Ct	0	0	2	0	0	1	0	2	0	0	0	0	10	0	0	0	0	3	0	1	0	0	1	2	0	0	1	0	0	2	2	0	4	1
38489	29 Mar 26	05:41:00	1	0	34	0	Ct	0	0	0	1	0	2	0	2	1	0	0	0	0	1	2	0	2	3	2	1	2	4	4	2	0	0	2	0	0	2	1	0	5	0
38490	29 Mar 26	05:42:00	1	0	34	0	Ct	0	0	0	0	3	2	0	3	4	0	0	0	0	0	0	3	0	2	0	2	2	0	3	0	0	1	5	0	0	0	2	0	3	1
38491	29 Mar 26	05:43:00	1	0	34	0	Ct	0	0	1	0	0	2	0	2	1	0	0	3	0	1	2	3	1	1	2	1	1	0	1	2	0	0	2	0	2	0	0	0	2	2
38492	29 Mar 26	05:44:00	1	0	34	0	Ct	0	0	3	0	0	3	0	3	3	0	0	5	0	1	1	0	0	3	1	2	4	0	1	2	0	1	2	0	0	2	1	0	2	1
38493	29 Mar 26	05:45:00	1	0	34	0	Ct	0	0	2	0	0	3	0	2	4	0	0	1	0	6	0	1	1	2	1	2	3	0	0	2	0	0	0	0	2	2	2	0	0	1
38494	29 Mar 26	05:46:00	1	0	34	0	Ct	0	0	3	0	0	0	0	5	2	1	0	2	0	9	0	0	0	3	1	2	2	12	0	2	0	0	1	0	2	1	2	0	4	3
38495	29 Mar 26	05:47:00	1	0	34	0	Ct	0	0	1	0	0	0	0	2	0	1	0	0	0	0	0	3	1	3	1	1	1	0	1	3	0	0	2	0	2	0	2	0	2	2
38496	29 Mar 26	05:48:00	1	0	34	0	Ct	0	0	2	0	0	4	0	2	1	3	0	0	0	0	1	2	0	3	1	1	2	0	2	2	0	1	0	2	2	0	9	0	3	1
38497	29 Mar 26	05:49:00	1	0	34	0	Ct	0	0	1	0	1	5	0	0	2	0	0	1	0	0	2	1	2	1	1	2	5	3	2	1	0	2	1	2	4	5	1	0	4	2
38498	29 Mar 26	05:50:00	1	0	34	0	Ct	0	0	0	0	2	3	0	1	0	0	0	0	2	0	2	1	0	2	1	1	3	3	2	2	0	1	1	6	0	0	2	0	3	1
38499	29 Mar 26	05:51:00	1	0	34	0	Ct	0	0	0	0	3	0	0	4	1	0	0	0	1	0	2	2	2	2	2	3	2	4	1	1	0	2	5	0	2	2	0	0	2	1
38500	29 Mar 26	05:52:00	1	0	34	0	Ct	0	0	2	0	1	0	0	1	3	3	0	1	4	0	1	2	0	2	0	0	6	0	2	1	0	2	1	0	2	0	2	0	5	1
38501	29 Mar 26	05:53:00	1	0	34	0	Ct	0	0	1	0	2	3	0	1	2	1	0	1	1	0	4	2	0	1	0	0	0	3	2	1	0	1	1	0	3	3	3	0	2	3
38502	29 Mar 26	05:54:00	1	0	34	0	Ct	0	0	1	0	1	2	0	3	2	0	0	1	4	0	3	0	0	2	0	1	0	0	1	0	0	3	0	0	1	0	8	0	6	2
38503	29 Mar 26	05:55:00	1	0	34	0	Ct	0	0	0	0	10	0	0	2	2	1	0	0	2	2	2	0	0	2	0	2	3	0	3	2	0	1	1	0	1	2	0	0	6	0
38504	29 Mar 26	05:56:00	1	0	34	0	Ct	0	0	1	0	8	6	0	2	1	3	0	0	3	1	2	0	0	2	0	0	3	0	1	2	0	1	1	0	2	1	0	0	2	0
38505	29 Mar 26	05:57:00	1	0	34	0	Ct	0	0	1	0	2	0	0	1	1	2	0	0	0	2	0	0	0	2	1	2	1	0	1	1	0	0	0	0	0	0	0	0	0	0
38506	29 Mar 26	05:58:00	1	0	34	0	Ct	0	0	0	0	1	0	0	2	3	2	0	0	4	0	0	0	0	3	1	2	1	0	2	1	0	0	2	0	0	0	0	0	0	1
38507	29 Mar 26	05:59:00	1	0	34	0	Ct	0	0	2	0	3	3	0	2	1	2	0	0	1	4	6	0	0	1	0	1	2	0	1	2	0	0	4	0	0	2	0	0	0	2
38508	29 Mar 26	06:00:00	1	0	34	0	Ct	0	0	3	0	2	2	0	1	3	2	0	0	0	1	5	0	0	1	0	2	0	0	2	3	0	0	1	0	0	2	1	0	0	2
38509	29 Mar 26	06:01:00	1	0	34	0	Ct	0	0	0	0	2	0	0	0	3	2	0	1	0	4	3	0	0	3	2	0	2	0	3	1	1	1	0	0	0	0	0	0	0	1
38510	29 Mar 26	06:02:00	1	0	34	0	Ct	0	0	2	0	5	0	0	0	2	2	0	4	0	0	2	0	0	0	1	0	1	0	2	0	1	2	1	1	0	1	0	0	0	0
38511	29 Mar 26	06:03:00	1	0	34	0	Ct	0	0	2	0	2	1	0	2	1	4	0	0	0	0	4	0	0	2	2	3	0	0	2	0	4	1	2	0	0	5	0	0	0	0
38512	29 Mar 26	06:04:00	1	0	34	0	Ct	0	0	2	1	3	1	0	1	1	3	0	0	0	0	2	2	0	1	2	1	5	0	3	2	3	3	1	0	0	1	0	0	0	0
38513	29 Mar 26	06:05:00	1	0	34	0	Ct	0	0	2	0	1	0	0	0	18	1	0	0	0	4	4	0	0	1	1	4	0	0	2	3	8	3	2	0	2	1	0	0	0	0
38514	29 Mar 26	06:06:00	1	0	34	0	Ct	0	0	2	1	3	0	0	1	4	1	0	0	0	0	2	0	0	2	1	1	0	0	1	1	2	1	1	1	2	2	1	0	0	0
38515	29 Mar 26	06:07:00	1	0	34	0	Ct	0	0	4	1	2	2	0	0	1	2	0	0	0	0	0	4	0	2	2	1	0	0	2	2	1	2	1	8	3	1	4	0	0	0
38516	29 Mar 26	06:08:00	1	0	34	0	Ct	0	0	3	1	2	13	0	1	4	2	0	0	0	5	3	1	0	2	0	3	2	0	1	3	8	2	2	0	1	1	2	0	0	0
38517	29 Mar 26	06:09:00	1	0	34	0	Ct	0	0	1	0	1	1	0	1	2	1	0	3	0	0	1	1	0	3	0	2	0	9	0	1	2	2	2	3	3	2	3	0	0	0
38518	29 Mar 26	06:10:00	1	0	34	0	Ct	0	0	2	1	0	0	0	2	6	0	0	1	0	0	5	1	0	2	2	1	0	3	1	1	2	1	2	4	1	0	1	0	0	0
38519	29 Mar 26	06:11:00	1	0	34	0	Ct	0	0	2	1	0	0	0	0	1	2	0	0	0	0	4	1	0	1	1	2	0	4	2	1	1	0	1	3	0	0	2	0	0	0
38520	29 Mar 26	06:12:00	1	0	34	0	Ct	0	0	1	0	4	1	0	1	1	3	0	0	0	0	7	1	0	5	0	3	0	2	2	2	0	0	3	0	0	1	0	0	0	0
38521	29 Mar 26	06:13:00	1	0	34	0	Ct	0	0	2	1	3	0	0	2	0	1	0	0	0	3	3	1	0	3	2	2	0	3	4	2	2	1	1	0	3	1	1	0	1	0
38522	29 Mar 26	06:14:00	1	0	34	0	Ct	0	0	2	2	3	7	0	7	0	1	0	6	0	0	2	0	0	2	1	1	0	5	1	1	0	1	0	0	0	3	1	0	0	0
38523	29 Mar 26	06:15:00	1	0	34	0	Ct	0	0	2	0	1	0	0	3	0	0	0	2	0	1	3	0	0	3	1	4	0	0	2	1	1	0	0	0	0	2	2	0	0	2
38524	29 Mar 26	06:16:00	1	0	34	0	Ct	0	0	2	2	3	4	0	3	0	1	0	1	2	3	3	0	0	1	1	1	0	0	2	2	0	0	1	0	1	1	0	0	5	2
38525	29 Mar 26	06:17:00	1	0	34	0	Ct	0	0	2	1	1	1	0	2	0	1	0	0	0	7	3	0	0	4	0	2	2	2	2	2	2	0	0	0	3	2	0	0	1	0
38526	29 Mar 26	06:18:00	1	0	34	0	Ct	0	0	4	1	2	3	0	2	1	1	0	0	0	2	3	0	0	3	1	4	1	3	4	1	2	0	0	0	3	2	2	0	0	0
38527	29 Mar 26	06:19:00	1	0	34	0	Ct	0	0	0	3	4	2	0	2	1	1	0	1	0	0	2	0	0	4	3	1	0	9	2	0	4	0	5	0	3	2	1	0	0	0
38528	29 Mar 26	06:20:00	1	0	34	0	Ct	0	0	1	1	3	2	0	2	0	1	0	1	0	1	2	0	0	3	1	2	0	0	2	2	2	0	2	0	0	1	0	0	0	4
38529	29 Mar 26	06:21:00	1	0	34	0	Ct	0	0	1	0	3	1	0	2	0	2	0	2	1	0	2	1	0	2	2	1	0	0	2	1	3	1	2	0	1	1	1	0	0	2
38530	29 Mar 26	06:22:00	1	0	34	0	Ct	0	0	0	0	2	2	0	3	0	1	0	1	0	0	1	2	0	0	0	0	2	0	1	1	1	1	3	0	0	2	0	0	1	2
38531	29 Mar 26	06:23:00	1	0	34	0	Ct	0	0	0	0	2	5	0	15	0	1	0	1	0	0	3	0	0	2	1	0	0	0	2	2	4	0	2	0	0	1	1	0	0	0
38532	29 Mar 26	06:24:00	1	0	34	0	Ct	0	0	2	0	3	0	0	1	0	1	0	0	0	0	4	0	0	2	1	3	2	0	2	2	3	0	1	0	0	1	2	0	1	1
38533	29 Mar 26	06:25:00	1	0	34	0	Ct	0	0	1	0	3	0	0	2	0	3	0	3	0	0	10	0	0	3	1	2	3	0	3	2	3	0	1	0	0	1	0	0	0	0
38534	29 Mar 26	06:26:00	1	0	34	0	Ct	0	0	2	0	1	0	0	3	0	3	0	3	0	0	2	0	0	1	1	2	0	0	2	2	2	1	4	5	2	1	0	0	0	1
38535	29 Mar 26	06:27:00	1	0	34	0	Ct	0	0	0	0	9	1	0	2	0	5	0	3	0	0	3	1	0	5	3	1	0	0	4	5	2	3	4	2	0	0	4	0	0	1
38536	29 Mar 26	06:28:00	1	0	34	0	Ct	0	0	1	1	6	1	0	2	0	3	0	3	0	0	2	0	0	3	1	1	0	1	2	0	2	2	1	1	1	0	1	0	0	2
38537	29 Mar 26	06:29:00	1	0	34	0	Ct	0	0	1	3	3	0	0	2	0	2	0	2	0	0	2	1	0	3	2	2	0	0	2	3	5	2	1	0	0	0	2	0	2	3
38538	29 Mar 26	06:30:00	1	0	34	0	Ct	0	0	1	2	4	3	0	0	1	2	0	0	0	0	2	1	0	3	1	0	0	1	1	2	2	0	2	0	4	2	0	0	0	1
38539	29 Mar 26	06:31:00	1	0	34	0	Ct	0	0	3	3	1	1	0	0	1	1	0	2	0	0	0	1	0	3	2	2	0	0	1	3	4	1	7	0	0	0	0	0	0	0
38540	29 Mar 26	06:32:00	1	0	34	0	Ct	0	0	0	1	2	0	0	0	0	3	0	1	0	0	6	6	0	3	0	3	0	0	0	2	5	0	3	0	1	0	1	0	0	0
38541	29 Mar 26	06:33:00	1	0	34	0	Ct	0	0	2	2	3	0	0	0	0	1	0	2	0	0	4	2	1	4	1	4	1	0	2	3	4	0	3	0	1	0	2	0	2	3
38542	29 Mar 26	06:34:00	1	0	34	0	Ct	0	0	1	2	3	3	0	2	3	2	0	1	0	1	2	0	1	3	0	1	0	0	2	2	5	0	2	0	0	0	3	0	4	0
38543	29 Mar 26	06:35:00	1	0	34	0	Ct	0	0	0	0	2	8	0	2	3	5	0	1	0	0	3	0	1	2	4	3	0	0	0	2	2	0	3	0	0	0	3	0	3	0
38544	29 Mar 26	06:36:00	1	0	34	0	Ct	0	0	0	0	5	2	0	2	5	4	0	1	0	3	1	0	2	5	1	0	3	0	2	1	1	0	2	0	0	2	4	0	3	1
38545	29 Mar 26	06:37:00	1	0	34	0	Ct	0	0	2	0	0	0	0	4	3	2	0	2	3	1	0	5	0	1	1	2	4	11	5	2	3	1	0	0	1	1	1	0	2	3
38546	29 Mar 26	06:38:00	1	0	34	0	Ct	0	0	1	0	1	3	0	3	1	5	0	2	3	0	4	0	0	2	1	2	3	0	1	2	0	1	3	0	0	3	1	0	4	1
38547	29 Mar 26	06:39:00	1	0	34	0	Ct	0	0	1	0	3	0	0	2	2	2	0	2	0	0	14	2	0	2	2	3	0	0	2	2	2	0	3	0	1	2	1	0	3	0
38548	29 Mar 26	06:40:00	1	0	34	0	Ct	0	0	2	0	2	0	0	3	1	1	0	2	0	0	2	0	0	2	1	2	2	0	3	0	3	0	2	0	0	1	0	0	4	0
38549	29 Mar 26	06:41:00	1	0	34	0	Ct	0	0	1	0	5	0	0	2	0	4	0	2	0	0	3	3	0	3	1	2	2	3	2	2	2	0	2	1	0	0	0	0	2	1
38550	29 Mar 26	06:42:00	1	0	34	0	Ct	0	0	1	0	1	2	0	3	0	1	0	2	1	3	2	1	1	3	0	3	4	2	0	3	4	0	1	0	0	0	0	0	4	1
38551	29 Mar 26	06:43:00	1	0	34	0	Ct	0	0	1	0	6	2	0	2	2	2	0	0	3	0	4	19	1	2	1	0	2	1	2	1	3	0	4	0	0	1	2	0	6	1
38552	29 Mar 26	06:44:00	1	0	34	0	Ct	0	0	2	0	3	2	0	3	0	1	0	0	0	0	2	11	2	2	0	3	1	1	3	3	15	0	1	0	0	0	2	0	14	2
38553	29 Mar 26	06:45:00	1	0	34	0	Ct	0	0	3	2	2	2	0	2	0	1	0	0	0	1	2	0	0	3	0	2	0	1	1	2	2	0	5	0	0	0	2	0	2	3
38554	29 Mar 26	06:46:00	1	0	34	0	Ct	0	0	1	0	0	1	0	3	0	2	0	4	0	0	1	0	0	2	6	2	0	0	2	1	2	0	4	0	4	0	2	0	6	2
38555	29 Mar 26	06:47:00	1	0	34	0	Ct	0	0	2	2	0	5	0	3	3	3	0	1	0	0	3	22	0	1	1	3	0	0	2	3	2	0	2	0	0	2	0	0	5	0
38556	29 Mar 26	06:48:00	1	0	34	0	Ct	0	0	3	1	0	0	0	3	4	1	0	0	0	0	3	0	2	3	1	2	0	0	2	0	3	0	2	0	2	2	2	0	3	2
38557	29 Mar 26	06:49:00	1	0	34	0	Ct	0	0	1	1	2	0	0	3	3	0	0	2	0	0	6	0	3	1	1	1	0	0	3	1	1	2	2	0	2	2	2	0	3	2
38558	29 Mar 26	06:50:00	1	0	34	0	Ct	0	0	1	3	3	3	0	2	2	2	0	7	0	0	2	0	0	3	1	1	0	1	3	2	2	1	2	0	0	0	2	0	2	3
38559	29 Mar 26	06:51:00	1	0	34	0	Ct	0	0	1	0	1	0	0	2	2	1	0	0	0	0	1	2	0	3	1	3	0	2	2	1	7	0	4	0	2	1	0	0	4	1
38560	29 Mar 26	06:52:00	1	0	34	0	Ct	0	0	0	1	3	2	0	2	2	2	0	1	0	1	2	3	0	3	2	1	0	2	1	2	2	9	2	0	1	1	0	0	2	1
38561	29 Mar 26	06:53:00	1	0	34	0	Ct	0	0	1	1	0	2	0	0	0	0	0	0	0	0	1	1	2	1	1	4	0	5	2	2	2	2	4	0	2	0	2	0	4	2
38562	29 Mar 26	06:54:00	1	0	34	0	Ct	0	0	3	0	4	2	0	2	0	2	0	2	0	3	3	3	0	1	1	2	0	7	2	2	1	0	0	0	0	1	0	0	4	3
38563	29 Mar 26	06:55:00	1	0	34	0	Ct	0	0	1	0	3	3	0	2	2	2	0	1	0	0	1	3	2	2	2	1	0	0	1	2	4	0	3	0	0	2	0	0	7	8
38564	29 Mar 26	06:56:00	1	0	34	0	Ct	0	0	1	0	1	1	0	2	11	2	0	1	0	2	4	1	0	3	2	1	0	19	3	1	4	0	4	0	1	3	1	0	6	1
38565	29 Mar 26	06:57:00	1	0	34	0	Ct	0	0	0	0	4	1	0	3	3	3	0	1	0	2	4	0	0	1	0	1	0	13	1	1	2	0	3	0	2	1	0	0	3	0
38566	29 Mar 26	06:58:00	1	0	34	0	Ct	0	0	1	0	3	4	0	3	1	2	0	3	0	0	3	3	2	2	1	1	0	0	2	2	5	0	1	0	1	2	0	0	5	0
38567	29 Mar 26	06:59:00	1	0	34	0	Ct	0	0	2	0	3	2	0	1	2	1	0	1	0	0	2	0	0	3	2	1	1	0	2	2	3	1	3	0	0	1	0	0	4	0
38568	29 Mar 26	07:00:00	1	0	34	0	Ct	0	0	2	0	0	2	0	0	1	2	0	1	0	0	1	2	2	2	2	2	2	0	2	2	3	1	3	0	0	1	1	0	3	1
38569	29 Mar 26	07:01:00	1	0	34	0	Ct	0	0	1	0	1	3	0	2	0	4	0	1	0	1	8	0	0	3	0	1	0	2	2	1	2	0	1	0	0	1	0	0	3	2
38570	29 Mar 26	07:02:00	1	0	34	0	Ct	0	0	1	0	0	1	0	1	2	1	0	3	0	1	1	0	2	3	0	2	2	0	3	3	3	0	5	0	1	1	0	0	4	1
38571	29 Mar 26	07:03:00	1	0	34	0	Ct	0	0	1	0	0	1	0	2	1	2	0	0	0	6	3	1	2	2	0	1	2	0	3	4	2	0	2	0	1	2	1	0	3	0
38572	29 Mar 26	07:04:00	1	0	34	0	Ct	0	0	2	0	0	3	0	1	0	2	0	2	6	0	2	1	0	2	1	0	1	0	1	2	2	0	2	0	1	1	5	0	4	1
38573	29 Mar 26	07:05:00	1	0	34	0	Ct	0	0	0	2	0	1	0	1	0	3	0	1	0	0	1	3	2	4	1	0	2	4	2	4	1	1	3	0	2	1	0	0	4	1
38574	29 Mar 26	07:06:00	1	0	34	0	Ct	0	0	0	1	0	1	0	2	0	2	0	3	0	0	0	0	0	2	0	1	2	5	3	3	2	1	2	0	3	3	2	0	3	0
38575	29 Mar 26	07:07:00	1	0	34	0	Ct	0	0	0	0	0	0	0	4	0	3	0	1	0	0	1	0	2	1	1	0	0	3	0	4	3	0	1	0	2	0	3	0	4	1
38576	29 Mar 26	07:08:00	1	0	34	0	Ct	0	0	0	0	4	0	0	2	0	2	0	1	3	0	2	0	1	3	1	1	5	0	0	2	2	1	0	1	0	1	0	0	2	1
38577	29 Mar 26	07:09:00	1	0	34	0	Ct	0	0	2	1	2	2	0	3	0	2	0	0	0	0	2	1	2	2	2	2	0	0	2	4	2	0	10	8	1	1	0	0	5	0
38578	29 Mar 26	07:10:00	1	0	34	0	Ct	0	0	0	2	6	0	0	2	0	1	0	1	0	0	1	0	2	5	2	2	2	0	1	2	4	1	2	0	2	0	0	0	4	1
38579	29 Mar 26	07:11:00	1	0	34	0	Ct	0	0	2	0	2	1	0	2	0	0	0	2	0	0	2	0	1	2	0	3	1	0	2	2	2	4	0	1	0	4	2	0	3	1
38580	29 Mar 26	07:12:00	1	0	34	0	Ct	0	0	1	0	1	1	0	1	0	3	0	2	0	0	4	0	3	2	1	3	0	0	1	2	2	2	4	0	0	2	0	0	4	0
38581	29 Mar 26	07:13:00	1	0	34	0	Ct	0	0	3	0	3	1	0	3	0	2	0	3	0	2	2	0	0	2	2	5	0	0	2	2	2	1	3	0	0	1	0	0	3	0
38582	29 Mar 26	07:14:00	1	0	34	0	Ct	0	0	1	0	3	1	0	2	1	3	0	1	1	1	1	3	1	2	1	2	3	7	3	2	3	1	1	0	0	2	0	0	0	0
38583	29 Mar 26	07:15:00	1	0	34	0	Ct	0	0	2	0	2	0	0	3	0	2	0	1	1	1	1	0	1	3	0	2	0	3	0	2	0	2	2	0	0	2	0	0	1	0
38584	29 Mar 26	07:16:00	1	0	34	0	Ct	0	0	2	0	2	0	0	3	0	3	4	1	4	0	2	0	0	2	1	2	0	0	2	2	1	0	1	0	0	1	1	0	3	2
38585	29 Mar 26	07:17:00	1	0	34	0	Ct	0	0	2	0	0	0	0	3	0	2	0	2	0	0	1	0	0	3	1	3	6	0	0	2	5	0	3	5	0	1	0	0	4	0
38586	29 Mar 26	07:18:00	1	0	34	0	Ct	0	0	2	0	0	0	0	3	1	0	3	0	0	0	3	0	0	3	0	4	0	6	3	2	1	0	2	2	0	1	1	0	3	2
38587	29 Mar 26	07:19:00	1	0	34	0	Ct	0	0	1	0	0	4	0	2	0	1	0	0	0	0	4	0	0	2	1	2	0	0	3	2	3	0	4	0	0	3	0	0	3	1
38588	29 Mar 26	07:20:00	1	0	34	0	Ct	0	0	2	0	1	2	0	4	0	1	0	1	0	0	1	0	1	3	2	3	0	0	2	2	3	0	1	0	0	6	0	0	3	1
38589	29 Mar 26	07:21:00	1	0	34	0	Ct	0	0	2	0	0	3	0	3	2	2	0	1	0	3	2	0	1	2	0	2	0	3	2	2	2	1	2	0	0	2	0	0	3	0
38590	29 Mar 26	07:22:00	1	0	34	0	Ct	0	0	2	0	0	1	0	3	3	1	0	0	0	0	2	0	1	3	0	2	0	0	3	1	3	0	3	0	0	4	3	0	4	2
38591	29 Mar 26	07:23:00	1	0	34	0	Ct	0	0	2	1	0	2	0	1	0	1	0	0	3	0	3	0	2	1	0	2	1	2	2	3	3	1	1	0	0	1	0	0	5	2
38592	29 Mar 26	07:24:00	1	0	34	0	Ct	0	0	2	0	3	1	0	1	3	2	0	1	0	2	1	1	2	4	0	2	3	0	1	3	2	1	3	0	0	1	0	0	3	2
38593	29 Mar 26	07:25:00	1	0	34	0	Ct	0	0	2	1	6	1	0	2	1	1	0	0	0	2	4	0	0	4	1	1	0	1	2	2	4	0	2	0	1	0	1	0	2	1
38594	29 Mar 26	07:26:00	1	0	34	0	Ct	0	0	2	0	4	1	0	1	0	3	0	2	0	0	2	1	1	1	2	2	1	0	2	2	3	0	1	0	2	3	4	0	3	0
38595	29 Mar 26	07:27:00	1	0	34	0	Ct	0	0	1	3	1	2	0	4	2	4	0	4	3	0	6	0	1	4	0	3	3	0	2	4	4	1	2	0	1	2	2	0	9	1
38596	29 Mar 26	07:28:00	1	0	34	0	Ct	0	0	2	1	3	0	0	1	0	2	0	1	1	0	1	0	0	2	1	2	5	0	2	1	2	2	2	0	0	1	0	0	2	1
38597	29 Mar 26	07:29:00	1	0	34	0	Ct	0	0	1	2	1	0	0	1	2	8	0	1	2	3	4	0	0	3	1	2	0	4	2	2	2	1	4	6	4	1	0	0	4	0
38598	29 Mar 26	07:30:00	1	0	34	0	Ct	0	0	0	1	3	3	0	0	1	0	0	2	4	2	0	0	0	2	0	3	0	4	0	1	4	0	2	3	2	0	1	0	5	1
38599	29 Mar 26	07:31:00	1	0	34	0	Ct	0	0	1	2	2	1	0	0	0	0	0	4	1	1	0	0	2	2	1	2	0	0	0	2	2	0	1	1	2	0	2	0	4	3
38600	29 Mar 26	07:32:00	1	0	34	0	Ct	0	0	2	0	1	1	0	0	1	0	0	1	0	0	0	0	1	1	2	3	0	2	2	4	2	1	0	3	1	0	0	0	6	1
38601	29 Mar 26	07:33:00	1	0	34	0	Ct	0	0	2	2	1	0	0	1	0	2	0	2	15	1	1	0	3	3	0	2	0	3	2	2	2	1	1	1	1	0	0	0	4	3
38602	29 Mar 26	07:34:00	1	0	34	0	Ct	0	0	3	1	1	2	0	2	1	1	0	1	2	0	1	0	3	2	0	2	0	0	1	0	2	0	1	3	0	2	2	0	4	2
38603	29 Mar 26	07:35:00	1	0	34	0	Ct	0	0	0	0	4	3	0	1	10	2	0	2	0	1	3	0	0	1	2	3	0	0	2	1	4	0	1	0	0	0	3	0	4	2
38604	29 Mar 26	07:36:00	1	0	34	0	Ct	0	0	0	1	0	2	0	2	1	0	0	2	0	0	2	0	5	3	1	4	0	0	1	2	2	0	4	1	0	3	1	0	3	0
38605	29 Mar 26	07:37:00	1	0	34	0	Ct	0	0	0	3	0	2	0	3	2	1	0	0	0	0	3	0	1	2	2	1	0	0	2	1	4	0	1	6	1	1	3	0	5	0
38606	29 Mar 26	07:38:00	1	0	34	0	Ct	0	0	1	0	2	1	0	1	1	1	0	2	0	0	4	1	1	0	1	3	0	0	1	3	2	1	2	4	0	1	2	0	7	1
38607	29 Mar 26	07:39:00	1	0	34	0	Ct	0	0	1	0	0	12	0	1	1	0	0	1	2	0	3	2	1	1	0	2	3	0	4	0	3	2	1	2	1	2	3	0	2	1
38608	29 Mar 26	07:40:00	1	0	34	0	Ct	0	0	2	0	2	0	0	3	2	2	0	3	0	1	0	1	1	1	2	0	3	0	2	2	0	0	4	3	2	1	1	0	3	0
38609	29 Mar 26	07:41:00	1	0	34	0	Ct	0	0	3	2	6	3	0	2	2	1	0	3	0	2	2	1	0	1	1	3	1	0	1	4	3	0	2	1	0	2	3	0	0	2
38610	29 Mar 26	07:42:00	1	0	34	0	Ct	0	0	1	1	2	2	0	1	1	0	0	0	0	0	2	2	0	2	2	3	0	3	2	2	1	1	1	4	2	0	1	0	0	1
38611	29 Mar 26	07:43:00	1	0	34	0	Ct	0	0	1	1	3	2	0	3	1	0	0	6	0	1	2	1	2	1	1	3	1	3	2	2	2	1	4	1	1	1	2	0	1	2
38612	29 Mar 26	07:44:00	1	0	34	0	Ct	0	0	0	2	7	2	0	3	2	0	0	3	0	0	2	1	1	3	1	1	0	0	1	4	3	1	2	4	1	1	1	0	3	0
38613	29 Mar 26	07:45:00	1	0	34	0	Ct	0	0	0	1	2	2	0	2	1	2	0	3	0	1	1	0	2	0	0	3	1	0	2	2	3	0	3	1	3	0	2	0	2	1
38614	29 Mar 26	07:46:00	1	0	34	0	Ct	0	0	0	1	1	2	0	1	0	2	0	1	0	0	3	2	1	2	0	3	0	0	2	4	1	0	2	4	1	2	2	0	1	1
38615	29 Mar 26	07:47:00	1	0	34	0	Ct	0	0	0	1	2	2	0	2	2	2	0	1	0	0	0	0	0	1	0	3	1	0	4	2	3	0	2	0	2	1	1	0	1	3
38616	29 Mar 26	07:48:00	1	0	34	0	Ct	0	0	0	1	1	4	0	0	2	1	0	0	0	1	1	0	1	2	0	2	3	0	0	4	3	4	1	0	3	0	1	0	6	2
38617	29 Mar 26	07:49:00	1	0	34	0	Ct	0	0	3	0	2	3	0	0	4	0	0	1	0	0	0	0	0	2	1	0	2	0	1	2	4	3	2	0	3	2	1	0	3	2
38618	29 Mar 26	07:50:00	1	0	34	0	Ct	0	0	2	0	2	3	0	0	2	0	0	5	0	1	0	1	1	4	2	3	0	0	1	1	2	2	3	0	1	1	6	0	1	2
38619	29 Mar 26	07:51:00	1	0	34	0	Ct	0	0	1	0	3	1	0	0	2	2	0	1	0	0	2	1	0	2	0	2	0	0	3	3	2	0	4	0	1	1	17	0	0	3
38620	29 Mar 26	07:52:00	1	0	34	0	Ct	0	0	4	0	3	1	0	0	2	2	0	1	0	0	2	0	0	4	0	2	0	0	1	2	2	0	2	0	3	3	3	0	0	4
38621	29 Mar 26	07:53:00	1	0	34	0	Ct	0	0	2	0	4	8	0	0	2	3	0	1	0	1	0	1	4	2	0	1	1	1	2	1	2	2	2	0	2	1	2	0	0	0
38622	29 Mar 26	07:54:00	1	0	34	0	Ct	0	0	1	0	3	2	0	1	1	2	0	2	0	0	2	2	0	1	2	0	2	1	2	2	4	0	2	0	2	1	1	0	0	0
38623	29 Mar 26	07:55:00	1	0	34	0	Ct	0	0	2	0	4	2	0	3	1	1	0	2	0	1	1	0	0	3	2	2	2	0	3	3	1	2	2	2	3	2	2	0	0	1
38624	29 Mar 26	07:56:00	1	0	34	0	Ct	0	0	2	1	3	1	0	2	1	3	0	1	0	4	0	0	2	2	1	2	2	0	2	2	5	2	3	4	2	1	1	0	0	3
38625	29 Mar 26	07:57:00	1	0	34	0	Ct	0	0	2	1	0	2	0	3	3	3	0	4	0	2	0	0	0	3	1	2	1	0	2	1	4	2	1	2	2	3	1	0	0	2
38626	29 Mar 26	07:58:00	1	0	34	0	Ct	0	0	1	0	0	1	0	2	7	2	0	2	0	0	1	0	0	2	1	1	1	0	1	1	3	1	3	0	0	2	2	0	0	2
38627	29 Mar 26	07:59:00	1	0	34	0	Ct	0	0	2	1	0	2	0	3	0	3	0	1	0	0	0	0	1	3	2	1	0	0	2	3	4	1	1	2	0	0	2	0	0	2
38628	29 Mar 26	08:00:00	1	0	34	0	Ct	0	0	0	2	0	0	0	1	0	2	0	7	0	2	0	0	1	2	4	4	2	1	1	2	2	0	2	0	0	3	0	0	0	2
38629	29 Mar 26	08:01:00	1	0	34	0	Ct	0	0	2	1	0	2	0	2	0	3	0	1	0	0	3	0	1	2	0	4	0	3	2	1	3	0	2	0	0	0	2	0	0	2
38630	29 Mar 26	08:02:00	1	0	34	0	Ct	0	0	2	0	1	2	0	3	0	1	0	2	0	0	5	0	1	1	0	3	2	0	2	1	2	2	0	0	0	1	1	0	0	0
38631	29 Mar 26	08:03:00	1	0	34	0	Ct	0	0	2	1	7	3	0	1	0	1	0	4	0	2	0	0	2	2	1	2	2	12	2	2	2	1	1	0	0	1	4	0	0	2
38632	29 Mar 26	08:04:00	1	0	34	0	Ct	0	0	2	1	0	0	0	0	0	2	0	1	0	0	2	0	1	2	1	1	0	0	1	2	5	2	3	0	0	2	1	0	0	0
38633	29 Mar 26	08:05:00	1	0	34	0	Ct	0	0	2	0	1	4	0	1	3	0	0	2	0	0	0	1	0	3	0	3	0	0	2	1	3	3	0	1	3	1	1	0	2	0
38634	29 Mar 26	08:06:00	1	0	34	0	Ct	0	0	2	2	0	2	0	2	2	0	1	3	0	0	1	1	1	2	1	0	0	2	1	3	1	1	1	1	0	1	3	0	1	0
38635	29 Mar 26	08:07:00	1	0	34	0	Ct	0	0	1	1	0	0	0	3	2	0	0	3	0	0	0	0	2	0	1	0	1	0	2	0	6	1	0	2	2	0	0	0	1	2
38636	29 Mar 26	08:08:00	1	0	34	0	Ct	0	0	1	0	2	0	0	2	2	0	3	0	0	2	1	0	1	2	0	2	1	3	2	2	2	3	3	2	3	1	1	0	0	1
38637	29 Mar 26	08:09:00	1	0	34	0	Ct	0	0	0	2	0	3	0	2	3	1	2	2	0	2	0	2	2	3	0	1	2	0	0	2	3	2	3	3	1	1	0	0	0	0
38638	29 Mar 26	08:10:00	1	0	34	0	Ct	0	0	1	2	0	0	0	1	0	0	1	0	0	0	0	3	1	4	1	1	3	1	3	2	4	3	1	2	0	1	14	0	1	1
38639	29 Mar 26	08:11:00	1	0	34	0	Ct	0	0	1	1	0	0	0	2	0	0	0	1	0	0	3	1	2	1	1	1	5	0	4	1	3	1	1	6	2	1	0	0	4	2
38640	29 Mar 26	08:12:00	1	0	34	0	Ct	0	0	2	1	0	0	0	2	4	0	4	2	0	0	1	2	1	3	0	1	0	0	0	1	1	1	1	1	1	2	2	0	4	0
38641	29 Mar 26	08:13:00	1	0	34	0	Ct	0	0	1	1	0	0	0	2	1	0	2	2	0	1	0	2	2	1	1	0	0	0	1	2	3	2	1	1	0	2	2	0	2	2
38642	29 Mar 26	08:14:00	1	0	34	0	Ct	0	0	3	0	0	0	0	0	0	0	3	2	0	0	0	0	1	1	0	2	0	0	1	2	3	3	1	3	1	1	1	0	2	1
38643	29 Mar 26	08:15:00	1	0	34	0	Ct	0	0	2	0	0	0	0	1	5	0	2	2	1	1	0	0	1	3	1	0	3	0	0	2	5	0	2	4	3	0	1	0	4	0
38644	29 Mar 26	08:16:00	1	0	34	0	Ct	0	0	3	1	2	0	0	2	2	1	3	3	1	3	0	0	2	1	2	2	0	2	1	0	2	0	1	2	4	2	2	0	8	2
38645	29 Mar 26	08:17:00	1	0	34	0	Ct	0	0	2	3	0	0	0	2	1	7	4	4	0	0	2	0	0	4	0	0	1	12	1	2	3	1	2	2	2	1	2	0	5	2
38646	29 Mar 26	08:18:00	1	0	34	0	Ct	0	0	3	0	0	0	0	2	1	0	3	1	0	1	1	0	2	1	0	1	1	1	2	1	4	1	1	3	1	2	1	0	4	2
38647	29 Mar 26	08:19:00	1	0	34	0	Ct	0	0	3	0	1	0	0	3	0	1	0	1	0	0	0	0	1	3	0	3	0	2	2	2	1	2	1	7	0	1	0	0	4	3
38648	29 Mar 26	08:20:00	1	0	34	0	Ct	0	0	4	0	0	0	0	1	1	0	0	3	0	1	0	1	2	22	2	3	2	3	1	1	3	1	0	1	1	0	0	0	3	2
38649	29 Mar 26	08:21:00	1	0	34	0	Ct	0	0	2	2	0	0	0	4	2	1	0	1	0	2	0	0	1	1	2	1	1	0	1	1	4	0	1	5	0	0	3	0	3	3
38650	29 Mar 26	08:22:00	1	0	34	0	Ct	0	0	1	1	0	7	0	2	2	4	2	2	0	0	0	2	1	3	1	4	1	1	0	3	3	0	0	3	0	0	0	0	3	2
38651	29 Mar 26	08:23:00	1	0	34	0	Ct	0	0	2	2	0	1	0	2	1	2	0	2	1	0	0	1	2	3	1	2	4	0	2	1	2	1	0	0	0	1	5	0	3	3
38652	29 Mar 26	08:24:00	1	0	34	0	Ct	0	0	5	0	0	5	0	0	1	0	0	3	0	0	0	0	3	3	1	1	1	0	0	1	5	0	2	1	0	2	1	0	3	2
38653	29 Mar 26	08:25:00	1	0	34	0	Ct	0	0	2	0	0	0	0	3	4	0	0	1	0	0	0	0	1	2	2	1	5	0	2	3	1	1	4	0	0	0	2	0	4	0
38654	29 Mar 26	08:26:00	1	0	34	0	Ct	0	0	1	0	0	0	0	3	2	1	1	2	0	2	0	0	1	3	0	2	1	2	0	1	2	0	0	1	0	0	5	0	3	2
38655	29 Mar 26	08:27:00	1	0	34	0	Ct	0	0	2	0	0	0	0	3	0	2	1	1	0	1	0	0	1	1	0	4	3	3	2	2	2	0	0	0	0	0	1	0	6	2
38656	29 Mar 26	08:28:00	1	0	34	0	Ct	0	0	3	0	0	0	0	2	2	3	1	3	0	0	0	0	3	3	0	1	5	0	3	1	2	3	6	2	0	1	0	0	2	2
38657	29 Mar 26	08:29:00	1	0	34	0	Ct	0	0	3	1	0	5	0	2	3	0	0	1	0	0	0	0	0	2	1	4	0	0	2	4	4	0	2	2	0	1	0	0	5	2
38658	29 Mar 26	08:30:00	1	0	34	0	Ct	0	0	2	0	2	0	0	2	3	0	0	2	0	3	0	0	0	2	4	2	0	2	3	1	10	0	1	2	0	0	0	0	3	1
38659	29 Mar 26	08:31:00	1	0	34	0	Ct	0	0	2	2	0	0	0	1	2	0	0	3	0	1	0	0	0	4	0	1	0	5	0	3	1	0	2	3	0	2	5	0	4	3
38660	29 Mar 26	08:32:00	1	0	34	0	Ct	0	0	1	3	0	0	0	2	2	4	0	2	0	1	0	1	4	3	2	3	0	0	3	5	5	3	3	1	0	3	0	0	3	1
38661	29 Mar 26	08:33:00	1	0	34	0	Ct	0	0	2	0	1	0	0	2	4	2	0	2	0	2	0	2	0	2	1	1	0	0	3	1	3	0	1	0	0	0	0	0	0	1
38662	29 Mar 26	08:34:00	1	0	34	0	Ct	0	0	1	0	2	0	0	3	2	1	0	2	0	0	0	2	0	2	0	3	0	2	2	1	2	1	2	2	0	2	1	0	0	0
38663	29 Mar 26	08:35:00	1	0	34	0	Ct	0	0	2	0	2	0	0	4	3	5	0	1	0	0	1	0	2	2	0	1	0	3	1	4	3	0	3	0	0	0	5	0	1	0
38664	29 Mar 26	08:36:00	1	0	34	0	Ct	0	0	3	0	0	0	0	2	0	2	0	2	0	0	0	1	1	2	1	2	1	1	2	2	4	1	1	1	0	0	1	0	3	0
38665	29 Mar 26	08:37:00	1	0	34	0	Ct	0	0	1	0	2	0	0	2	1	3	0	0	0	0	0	1	1	2	0	1	1	0	1	1	4	0	2	0	0	0	1	0	3	1
38666	29 Mar 26	08:38:00	1	0	34	0	Ct	0	0	1	0	3	0	0	2	2	2	0	1	0	3	2	3	0	3	0	3	0	0	2	3	3	0	2	0	0	2	1	0	1	1
38667	29 Mar 26	08:39:00	1	0	34	0	Ct	0	0	2	0	0	0	0	0	3	2	0	0	0	1	1	4	0	1	1	2	0	0	3	2	5	0	0	0	0	1	0	0	0	1
38668	29 Mar 26	08:40:00	1	0	34	0	Ct	0	0	1	0	0	0	0	0	2	1	0	2	0	1	0	4	0	1	0	2	0	0	0	1	1	0	4	0	0	1	1	0	0	3
38669	29 Mar 26	08:41:00	1	0	34	0	Ct	0	0	1	0	0	1	0	1	1	0	0	2	0	0	0	0	0	2	1	1	2	0	0	2	3	0	2	3	0	2	0	0	0	1
38670	29 Mar 26	08:42:00	1	0	34	0	Ct	0	0	1	0	3	0	0	1	4	1	0	3	0	0	0	1	1	2	1	0	1	4	2	3	5	1	1	2	0	0	3	0	0	3
38671	29 Mar 26	08:43:00	1	0	34	0	Ct	0	0	1	0	2	9	0	0	2	2	0	2	0	0	0	0	3	0	1	0	1	1	2	2	2	0	1	0	0	8	1	0	4	3
38672	29 Mar 26	08:44:00	1	0	34	0	Ct	0	0	2	0	2	3	0	0	2	3	0	2	0	0	0	2	0	1	1	2	0	0	2	3	3	1	3	1	0	2	5	0	3	2
38673	29 Mar 26	08:45:00	1	0	34	0	Ct	0	0	2	0	3	1	0	0	2	1	0	1	0	0	0	0	2	2	2	3	2	12	3	2	3	1	2	5	0	1	1	0	4	3
38674	29 Mar 26	08:46:00	1	0	34	0	Ct	0	0	1	0	3	0	0	2	1	4	0	1	0	0	1	0	0	3	1	1	0	1	0	2	3	0	3	4	0	2	1	0	2	2
38675	29 Mar 26	08:47:00	1	0	34	0	Ct	0	0	2	0	2	0	0	1	7	2	0	0	0	0	0	3	0	1	0	2	1	10	0	1	2	1	2	1	0	2	2	0	2	1
38676	29 Mar 26	08:48:00	1	0	34	0	Ct	0	0	3	2	2	0	0	1	1	1	0	1	0	0	4	0	3	3	2	1	1	0	0	3	4	2	2	0	0	0	4	0	3	3
38677	29 Mar 26	08:49:00	1	0	34	0	Ct	0	0	1	1	2	0	0	2	5	2	0	3	0	4	1	0	4	2	1	3	0	0	2	2	5	1	4	0	0	0	0	0	4	1
38678	29 Mar 26	08:50:00	1	0	34	0	Ct	0	0	2	0	3	0	0	0	2	3	0	3	3	0	5	1	0	3	1	2	0	0	1	1	1	1	2	2	0	1	0	0	4	2
38679	29 Mar 26	08:51:00	1	0	34	0	Ct	0	0	2	0	4	0	0	2	3	1	0	1	0	3	0	1	0	1	1	1	2	0	0	2	3	1	1	1	0	3	1	0	3	1
38680	29 Mar 26	08:52:00	1	0	34	0	Ct	0	0	1	0	0	6	0	3	0	0	0	1	0	2	0	3	0	3	1	2	1	5	0	3	3	0	1	1	0	5	4	0	4	2
38681	29 Mar 26	08:53:00	1	0	34	0	Ct	0	0	2	0	3	3	0	1	2	0	0	1	0	3	0	1	0	2	1	3	0	1	0	3	4	1	2	1	2	2	2	0	4	2
38682	29 Mar 26	08:54:00	1	0	34	0	Ct	0	0	1	0	2	1	0	2	3	1	1	3	0	1	0	1	1	1	0	2	0	0	0	2	2	1	2	1	0	3	2	0	2	2
38683	29 Mar 26	08:55:00	1	0	34	0	Ct	0	0	1	1	1	1	0	2	2	3	6	1	0	1	0	5	1	0	1	0	1	0	0	1	4	3	1	3	1	1	1	0	2	2
38684	29 Mar 26	08:56:00	1	0	34	0	Ct	0	0	0	1	4	1	0	1	2	3	4	1	0	0	3	1	0	4	3	1	1	0	1	1	4	2	3	1	2	2	0	0	3	0
38685	29 Mar 26	08:57:00	1	0	34	0	Ct	0	0	1	0	3	3	0	1	2	1	1	2	0	1	1	0	2	3	1	1	3	0	1	2	6	1	3	1	2	2	0	0	3	0
38686	29 Mar 26	08:58:00	1	0	34	0	Ct	0	0	1	0	0	1	0	3	1	0	2	2	0	0	1	4	2	3	0	3	3	0	0	0	4	2	1	1	3	0	3	0	3	1
38687	29 Mar 26	08:59:00	1	0	34	0	Ct	0	0	1	0	3	0	0	2	3	3	4	1	0	0	0	0	0	1	0	1	2	0	1	1	4	2	6	5	2	2	0	0	4	3
38688	29 Mar 26	09:00:00	1	0	34	0	Ct	0	0	2	1	4	0	0	3	2	1	1	1	0	0	0	0	2	3	0	1	1	5	2	2	2	1	1	3	0	1	1	0	4	1
38689	29 Mar 26	09:01:00	1	0	34	0	Ct	0	0	2	0	2	6	0	3	3	1	3	2	1	0	3	0	3	3	0	1	3	1	0	2	1	0	1	1	2	2	2	0	4	0
38690	29 Mar 26	09:02:00	1	0	34	0	Ct	0	0	1	0	5	0	0	3	2	1	3	1	3	1	1	1	0	2	0	1	0	3	0	2	1	2	0	2	2	1	2	0	3	1
38691	29 Mar 26	09:03:00	1	0	34	0	Ct	0	0	2	0	1	0	0	0	1	2	0	4	1	1	3	2	2	0	1	3	5	0	0	3	1	1	0	1	3	1	0	0	3	2
38692	29 Mar 26	09:04:00	1	0	34	0	Ct	0	0	0	0	3	0	0	0	2	0	1	1	0	0	1	0	2	0	0	1	2	2	0	3	6	2	1	2	3	3	2	0	4	2
38693	29 Mar 26	09:05:00	1	0	34	0	Ct	0	0	2	0	4	0	0	3	1	2	5	15	2	0	3	1	2	2	0	2	2	0	2	2	5	1	1	0	2	1	2	0	2	2
38694	29 Mar 26	09:06:00	1	0	34	0	Ct	0	0	2	0	2	2	0	1	1	1	0	3	2	1	2	3	0	8	1	2	1	1	0	1	6	0	3	0	1	1	2	0	6	2
38695	29 Mar 26	09:07:00	1	0	34	0	Ct	0	0	2	0	4	0	0	1	0	1	1	1	0	26	0	1	0	1	0	4	1	0	2	3	3	0	1	2	0	0	1	0	2	1
38696	29 Mar 26	09:08:00	1	0	34	0	Ct	0	0	0	0	1	0	0	0	4	1	3	1	3	2	1	3	1	0	0	2	3	0	0	4	2	0	3	3	0	1	1	0	3	1
38697	29 Mar 26	09:09:00	1	0	34	0	Ct	0	0	2	0	1	0	0	0	0	1	1	2	2	1	4	0	3	0	1	2	3	3	2	2	4	0	1	0	2	2	1	0	5	1
38698	29 Mar 26	09:10:00	1	0	34	0	Ct	0	0	2	1	3	3	0	1	1	0	3	3	1	14	0	1	2	3	0	1	1	0	0	3	3	3	4	0	0	1	3	0	4	2
38699	29 Mar 26	09:11:00	1	0	34	0	Ct	0	0	1	2	2	0	0	3	2	1	0	1	3	4	0	1	2	1	2	1	0	2	2	2	2	1	2	0	0	1	3	0	3	4
38700	29 Mar 26	09:12:00	1	0	34	0	Ct	0	0	1	0	3	0	0	2	0	0	3	1	1	2	3	2	0	1	1	3	0	0	2	1	3	3	3	0	3	2	0	0	4	1
38701	29 Mar 26	09:13:00	1	0	34	0	Ct	0	0	0	0	2	3	0	2	2	1	2	2	1	1	3	6	1	2	4	1	2	1	1	0	4	1	2	0	4	0	0	0	4	3
38702	29 Mar 26	09:14:00	1	0	34	0	Ct	0	0	4	0	2	2	0	2	0	3	4	1	1	0	0	0	1	2	1	2	2	2	1	2	5	7	1	0	2	1	2	0	4	1
38703	29 Mar 26	09:15:00	1	0	34	0	Ct	0	0	1	0	0	0	0	2	1	1	3	1	3	0	1	1	0	3	1	5	0	0	2	2	6	2	2	0	1	1	1	0	4	1
38704	29 Mar 26	09:16:00	1	0	34	0	Ct	0	0	1	0	0	2	0	3	2	0	3	3	1	0	0	0	2	2	0	1	2	0	2	2	2	1	2	0	0	0	1	0	5	1
38705	29 Mar 26	09:17:00	1	0	34	0	Ct	0	0	2	0	3	2	0	3	2	1	1	1	2	2	0	2	0	3	1	4	2	0	1	1	3	0	4	0	1	0	1	0	3	1
38706	29 Mar 26	09:18:00	1	0	34	0	Ct	0	0	2	4	2	3	0	3	12	1	2	1	0	1	0	1	0	4	2	0	1	4	3	1	3	1	1	1	2	1	3	0	3	3
38707	29 Mar 26	09:19:00	1	0	34	0	Ct	0	0	1	2	2	2	0	1	8	0	1	2	0	1	0	0	1	1	0	2	0	5	1	1	2	1	1	1	0	3	2	0	4	0
38708	29 Mar 26	09:20:00	1	0	34	0	Ct	0	0	1	1	1	3	0	4	0	1	1	2	3	0	0	9	1	3	0	2	0	0	2	3	6	0	1	1	1	1	0	0	4	3
38709	29 Mar 26	09:21:00	1	0	34	0	Ct	0	0	3	1	1	6	0	3	0	2	3	1	9	3	0	2	0	1	2	3	0	0	3	1	4	1	0	1	1	2	2	0	4	1
38710	29 Mar 26	09:22:00	1	0	34	0	Ct	0	0	2	2	0	3	0	2	0	1	2	2	0	1	0	0	2	1	4	2	3	0	2	2	3	1	1	0	3	2	1	0	5	2
38711	29 Mar 26	09:23:00	1	0	34	0	Ct	0	0	1	0	0	2	0	0	3	1	1	1	2	0	0	2	2	1	2	0	0	9	2	2	1	1	0	3	1	0	1	0	4	1
38712	29 Mar 26	09:24:00	1	0	34	0	Ct	0	0	2	0	3	1	0	2	3	4	1	0	0	3	0	0	1	3	1	2	0	4	1	3	2	1	1	1	2	1	2	0	4	0
38713	29 Mar 26	09:25:00	1	0	34	0	Ct	0	0	4	0	2	4	0	0	2	2	2	1	0	0	4	1	1	2	1	2	0	11	2	2	4	2	0	0	1	2	1	0	4	0
38714	29 Mar 26	09:26:00	1	0	34	0	Ct	0	0	2	0	0	2	0	0	0	3	3	0	0	1	4	2	1	4	2	0	4	0	2	3	4	1	0	3	2	0	0	0	2	3
38715	29 Mar 26	09:27:00	1	0	34	0	Ct	0	0	1	0	4	2	0	2	1	0	0	1	0	1	2	1	2	0	0	11	1	2	1	4	4	0	0	1	2	2	1	0	3	1
38716	29 Mar 26	09:28:00	1	0	34	0	Ct	0	0	2	0	2	3	0	3	0	1	2	3	5	1	3	1	2	2	2	5	0	2	1	1	3	0	5	2	1	2	0	0	7	1
38717	29 Mar 26	09:29:00	1	0	34	0	Ct	0	0	3	0	1	1	0	2	0	0	1	1	1	2	3	0	2	1	1	1	3	5	2	2	2	1	1	0	1	3	2	0	2	1
38718	29 Mar 26	09:30:00	1	0	34	0	Ct	0	0	1	0	4	3	0	3	0	0	4	1	2	5	0	1	0	2	1	3	2	0	2	1	3	0	2	1	1	3	2	0	3	2
38719	29 Mar 26	09:31:00	1	0	34	0	Ct	0	0	2	0	3	1	0	2	0	0	1	2	0	0	0	1	0	3	1	0	3	0	2	2	4	3	0	1	1	3	0	0	3	1
38720	29 Mar 26	09:32:00	1	0	34	0	Ct	0	0	2	0	2	0	0	2	0	0	3	1	0	0	0	0	0	3	1	3	1	0	1	1	2	0	0	0	1	1	5	0	5	0
38721	29 Mar 26	09:33:00	1	0	34	0	Ct	0	0	3	0	2	1	0	3	0	0	2	2	0	1	2	0	0	2	2	1	1	5	2	2	2	0	3	2	1	1	4	0	2	2
38722	29 Mar 26	09:34:00	1	0	34	0	Ct	0	0	2	0	3	2	0	2	2	3	3	2	0	1	1	0	0	1	1	0	0	7	0	2	2	0	3	0	1	1	2	0	6	0
38723	29 Mar 26	09:35:00	1	0	34	0	Ct	0	0	1	0	1	2	0	3	0	3	0	1	0	0	1	0	0	2	0	3	0	0	2	1	0	0	2	0	0	0	1	0	2	0
38724	29 Mar 26	09:36:00	1	0	34	0	Ct	0	0	1	0	4	2	0	2	0	2	0	0	0	0	4	0	0	2	2	0	2	0	0	1	6	0	1	2	2	1	0	0	3	0
38725	29 Mar 26	09:37:00	1	0	34	0	Ct	0	0	2	0	3	2	0	2	1	2	0	13	0	1	1	0	0	2	1	1	1	0	1	1	3	1	3	3	1	2	2	0	3	1
38726	29 Mar 26	09:38:00	1	0	34	0	Ct	0	0	2	1	4	3	0	2	2	1	1	0	0	2	0	0	1	2	0	1	2	5	1	1	2	0	3	4	0	2	19	0	5	2
38727	29 Mar 26	09:39:00	1	0	34	0	Ct	0	0	2	0	5	1	0	3	0	2	1	0	0	1	0	0	3	2	2	1	0	4	3	1	2	0	2	3	1	3	0	0	3	1
38728	29 Mar 26	09:40:00	1	0	34	0	Ct	0	0	2	1	0	3	0	3	0	1	0	2	0	1	2	1	0	2	0	2	0	3	1	2	1	0	1	0	1	1	0	0	4	0
38729	29 Mar 26	09:41:00	1	0	34	0	Ct	0	0	3	0	4	2	0	1	0	3	1	1	1	0	2	3	0	4	1	0	1	0	2	2	0	2	5	0	0	2	0	0	3	3
38730	29 Mar 26	09:42:00	1	0	34	0	Ct	0	0	1	0	1	3	0	2	2	2	2	1	1	0	0	3	0	2	2	2	2	0	0	2	4	1	2	0	3	2	0	0	4	0
38731	29 Mar 26	09:43:00	1	0	34	0	Ct	0	0	2	0	3	3	0	2	0	1	4	0	1	1	0	0	2	3	0	2	0	16	3	5	4	0	1	0	2	1	0	0	4	2
38732	29 Mar 26	09:44:00	1	0	34	0	Ct	0	0	2	1	0	0	0	3	1	2	3	2	7	0	7	2	2	2	0	4	1	3	1	2	0	2	2	0	2	0	0	0	3	2
38733	29 Mar 26	09:45:00	1	0	34	0	Ct	0	0	2	1	2	2	0	2	2	1	1	1	11	0	1	0	0	5	0	2	2	4	0	0	4	1	1	0	2	1	0	0	4	2
38734	29 Mar 26	09:46:00	1	0	34	0	Ct	0	0	3	0	2	0	0	2	0	1	4	0	1	1	1	2	0	0	1	2	0	2	0	0	4	2	2	2	4	0	0	0	3	0
38735	29 Mar 26	09:47:00	1	0	34	0	Ct	0	0	3	0	1	0	0	3	2	1	0	1	3	1	2	0	0	1	7	2	0	4	2	3	3	2	1	0	1	1	1	0	3	2
38736	29 Mar 26	09:48:00	1	0	34	0	Ct	0	0	1	0	1	3	0	0	4	1	1	1	0	0	3	0	0	1	0	2	3	0	2	2	2	2	5	0	0	1	2	0	2	0
38737	29 Mar 26	09:49:00	1	0	34	0	Ct	0	0	2	0	0	3	0	0	1	2	0	2	5	2	0	0	0	2	1	2	2	0	3	3	4	2	1	0	0	1	3	0	2	0
38738	29 Mar 26	09:50:00	1	0	34	0	Ct	0	0	1	0	1	1	0	1	0	1	0	1	7	1	2	0	0	4	2	2	3	0	2	2	4	1	1	1	0	0	0	0	4	4
38739	29 Mar 26	09:51:00	1	0	34	0	Ct	0	0	3	0	4	2	0	2	2	1	2	2	1	0	1	0	0	2	0	4	1	3	1	0	3	0	0	0	2	2	0	0	5	3
38740	29 Mar 26	09:52:00	1	0	34	0	Ct	0	0	1	0	3	2	0	2	1	0	0	1	0	2	2	0	1	0	2	2	3	3	3	2	2	0	0	3	1	1	1	0	5	2
38741	29 Mar 26	09:53:00	1	0	34	0	Ct	0	0	2	0	1	3	0	3	3	0	2	1	1	1	0	0	4	2	2	1	0	0	1	2	3	0	1	3	2	1	7	0	4	1
38742	29 Mar 26	09:54:00	1	0	34	0	Ct	0	0	0	0	0	6	0	2	1	1	1	2	0	1	0	0	0	1	0	2	3	2	2	2	3	5	2	1	2	2	0	0	3	2
38743	29 Mar 26	09:55:00	1	0	34	0	Ct	0	0	3	1	0	3	0	0	3	1	1	1	0	1	3	0	0	5	0	2	0	3	1	3	1	1	1	2	0	0	0	0	2	2
38744	29 Mar 26	09:56:00	1	0	34	0	Ct	0	0	2	0	3	2	0	0	2	1	0	3	0	1	1	1	0	2	0	2	1	1	3	2	2	1	0	5	2	2	4	0	3	0
38745	29 Mar 26	09:57:00	1	0	34	0	Ct	0	0	3	0	2	1	0	0	0	2	0	3	4	0	2	0	0	3	1	1	1	0	2	1	4	0	2	3	2	2	3	0	5	0
38746	29 Mar 26	09:58:00	1	0	34	0	Ct	0	0	3	0	3	1	0	2	3	0	0	1	1	2	6	0	0	2	1	3	3	0	2	2	1	0	2	2	1	1	2	0	4	2
38747	29 Mar 26	09:59:00	1	0	34	0	Ct	0	0	3	1	3	1	0	1	0	1	2	3	0	1	2	0	1	2	1	5	0	0	2	1	0	0	2	1	0	0	1	0	3	1
38748	29 Mar 26	10:00:00	1	0	34	0	Ct	0	0	3	3	3	2	0	1	3	2	2	3	0	1	3	0	1	0	1	3	1	5	0	3	4	1	2	0	0	2	1	0	4	0
38749	29 Mar 26	10:01:00	1	0	34	0	Ct	0	0	3	0	2	2	0	0	3	1	1	0	0	0	3	0	1	1	1	1	1	1	2	1	5	1	4	0	3	0	2	0	1	1
38750	29 Mar 26	10:02:00	1	0	34	0	Ct	0	0	0	0	2	3	0	0	3	1	2	2	0	0	3	0	1	2	1	4	2	11	2	1	4	1	3	0	1	4	1	0	2	3
38751	29 Mar 26	10:03:00	1	0	34	0	Ct	0	0	2	2	3	2	0	0	4	2	0	1	0	3	0	0	0	2	1	1	0	8	1	1	1	2	5	0	3	1	2	0	4	0
38752	29 Mar 26	10:04:00	1	0	34	0	Ct	0	0	3	0	2	4	0	1	1	2	5	1	3	0	1	0	0	3	1	1	3	10	3	2	2	1	5	0	0	2	1	0	4	1
38753	29 Mar 26	10:05:00	1	0	34	0	Ct	0	0	2	1	0	2	0	1	2	3	1	1	5	1	2	0	3	2	0	0	2	3	4	1	3	1	1	0	0	2	3	0	2	3
38754	29 Mar 26	10:06:00	1	0	34	0	Ct	0	0	1	0	2	0	0	0	4	2	3	2	1	2	1	0	1	2	0	1	4	1	2	3	2	2	2	0	0	2	1	0	4	2
38755	29 Mar 26	10:07:00	1	0	34	0	Ct	0	0	2	1	4	0	0	0	2	0	3	1	3	1	3	0	1	1	0	1	1	0	2	3	2	1	5	0	1	1	0	0	4	0
38756	29 Mar 26	10:08:00	1	0	34	0	Ct	0	0	1	0	3	2	0	0	2	0	3	1	12	1	1	0	1	3	1	2	0	5	1	5	2	1	2	1	2	1	0	0	4	1
38757	29 Mar 26	10:09:00	1	0	34	0	Ct	0	0	2	0	2	0	0	3	2	0	7	2	21	2	0	2	0	2	1	0	0	0	0	1	2	1	0	1	1	0	2	0	4	2
38758	29 Mar 26	10:10:00	1	0	34	0	Ct	0	1	1	2	0	1	0	0	1	1	0	3	2	1	0	4	0	3	0	0	0	1	0	2	0	2	0	1	1	0	0	0	1	0
38759	29 Mar 26	10:11:00	1	0	34	0	Ct	0	1	0	3	0	0	0	0	0	0	1	0	1	0	1	1	1	2	0	0	0	2	0	0	0	2	0	0	1	0	2	0	0	0
38760	29 Mar 26	10:12:00	1	0	34	0	Ct	0	1	0	0	1	0	0	0	0	0	1	0	0	0	2	0	1	2	0	1	0	1	0	0	0	1	0	0	0	0	1	0	2	0
38761	29 Mar 26	10:13:00	1	0	34	0	Ct	0	1	0	1	3	4	0	0	1	0	0	1	0	0	2	1	2	2	0	0	0	0	0	0	0	1	0	0	0	0	1	0	0	0
38762	29 Mar 26	10:14:00	1	0	34	0	Ct	0	1	1	2	2	1	0	0	2	0	1	0	0	2	2	0	1	3	0	2	2	0	0	0	0	2	0	0	0	1	0	0	1	0
38763	29 Mar 26	10:15:00	1	0	34	0	Ct	0	1	1	1	3	2	0	0	0	2	2	0	0	1	2	0	2	2	0	0	2	0	4	2	0	2	0	0	2	0	1	0	1	0
38764	29 Mar 26	10:16:00	1	0	34	0	Ct	0	1	0	3	1	1	0	1	0	3	0	0	0	3	2	0	2	1	0	0	0	0	3	0	0	2	0	0	2	0	4	0	6	0
38765	29 Mar 26	10:17:00	1	0	34	0	Ct	0	1	2	1	3	0	0	3	0	0	2	0	1	1	2	0	4	1	0	2	0	2	0	0	0	1	0	0	2	1	1	0	3	0
38766	29 Mar 26	10:18:00	1	0	34	0	Ct	0	1	0	1	0	0	0	2	3	0	1	0	1	1	2	0	0	0	0	1	0	0	3	0	0	1	0	0	2	1	2	0	2	0
38767	29 Mar 26	10:19:00	1	0	34	0	Ct	0	1	1	0	3	1	0	2	4	0	0	1	4	0	0	0	2	3	0	3	1	0	0	0	0	2	0	0	1	0	0	0	0	4
38768	29 Mar 26	10:20:00	1	0	34	0	Ct	0	1	1	2	2	2	0	1	1	1	2	0	2	2	0	0	2	3	0	2	1	0	2	2	1	1	0	0	1	0	1	0	3	1
38769	29 Mar 26	10:21:00	1	0	34	0	Ct	0	1	0	1	2	3	0	1	1	0	3	0	1	1	0	0	2	2	0	0	0	0	3	2	1	3	0	0	0	3	1	0	3	3
38770	29 Mar 26	10:22:00	1	0	34	0	Ct	0	1	2	1	2	0	0	1	1	0	2	0	1	1	3	0	2	3	0	1	1	0	3	2	0	2	0	0	0	0	1	0	2	1
38771	29 Mar 26	10:23:00	1	0	34	0	Ct	0	1	0	1	2	0	0	1	0	1	1	0	2	1	1	0	2	2	0	2	1	0	1	2	0	2	0	0	0	0	1	0	3	0
38772	29 Mar 26	10:24:00	1	0	34	0	Ct	0	1	2	1	3	1	0	0	2	0	0	0	1	1	2	5	4	0	0	1	1	0	0	0	4	3	0	0	3	3	7	0	2	0
38773	29 Mar 26	10:25:00	1	0	34	0	Ct	0	1	0	2	2	1	0	0	2	3	3	0	0	0	3	1	0	2	0	2	2	0	0	0	0	1	0	0	2	1	3	0	2	0
38774	29 Mar 26	10:26:00	1	0	34	0	Ct	0	1	2	1	3	1	0	0	1	0	2	0	1	0	1	0	6	5	0	2	2	0	6	0	0	1	0	0	3	1	0	0	3	0
38775	29 Mar 26	10:27:00	1	0	34	0	Ct	0	1	0	1	1	2	0	2	3	1	1	0	0	0	2	1	3	3	1	0	4	2	2	2	0	2	0	1	4	0	7	0	0	0
38776	29 Mar 26	10:28:00	1	0	34	0	Ct	0	1	2	0	0	1	0	2	3	1	1	0	1	1	1	1	2	3	0	3	0	1	2	3	0	2	0	1	2	0	0	0	3	0
38777	29 Mar 26	10:29:00	1	0	34	0	Ct	0	1	0	1	2	1	0	3	1	0	2	0	1	1	2	0	4	2	2	2	0	0	2	1	0	2	0	0	1	0	0	0	3	0
38778	29 Mar 26	10:30:00	1	0	34	0	Ct	0	1	0	1	2	1	0	1	2	2	4	1	2	0	2	0	2	2	0	0	0	0	2	2	0	2	0	0	2	1	0	0	0	0
38779	29 Mar 26	10:31:00	1	0	34	0	Ct	0	1	0	2	1	2	0	0	1	2	0	2	0	0	0	3	2	2	0	0	0	0	2	1	0	2	0	0	0	0	0	0	5	0
38780	29 Mar 26	10:32:00	1	0	34	0	Ct	0	1	0	2	4	3	0	2	2	2	3	3	2	0	0	0	0	2	0	0	1	0	2	1	0	3	0	0	0	5	0	0	2	0
38781	29 Mar 26	10:33:00	1	0	34	0	Ct	0	1	1	2	1	2	0	2	2	2	1	1	0	0	0	1	0	2	0	0	3	0	2	2	0	2	1	0	1	1	0	0	3	0
38782	29 Mar 26	10:34:00	1	0	34	0	Ct	0	1	1	0	1	0	0	0	2	0	3	2	0	0	0	2	3	2	0	0	0	0	2	0	1	2	0	2	2	0	0	0	2	0
38783	29 Mar 26	10:35:00	1	0	34	0	Ct	0	1	0	0	2	1	0	4	0	0	1	2	1	0	0	1	2	2	0	0	0	0	0	2	0	2	0	0	1	0	0	0	3	1
38784	29 Mar 26	10:36:00	1	0	34	0	Ct	0	1	0	0	2	0	0	0	1	3	1	1	1	0	0	2	2	8	0	1	4	0	0	1	0	1	2	0	0	0	0	0	3	4
38785	29 Mar 26	10:37:00	1	0	34	0	Ct	0	1	0	0	3	2	0	0	1	1	2	0	0	0	0	1	4	4	0	0	2	0	4	1	0	1	0	0	2	0	1	0	3	1
38786	29 Mar 26	10:38:00	1	0	34	0	Ct	0	1	2	0	2	1	0	0	3	0	2	1	0	1	0	1	2	1	0	1	0	0	1	1	4	1	4	0	0	0	9	0	2	2
38787	29 Mar 26	10:39:00	1	0	34	0	Ct	0	1	0	0	0	4	0	2	2	2	2	2	0	1	0	1	1	1	0	1	1	0	3	3	0	1	1	0	0	0	4	0	3	3
38788	29 Mar 26	10:40:00	1	0	34	0	Ct	0	1	0	2	3	2	0	0	2	1	1	2	0	1	0	1	2	4	0	2	0	0	3	3	1	1	1	0	1	0	3	0	1	0
38789	29 Mar 26	10:41:00	1	0	34	0	Ct	0	1	2	2	3	1	0	1	0	1	1	1	0	1	0	1	2	3	0	2	0	0	2	2	1	0	1	0	3	0	3	0	3	0
38790	29 Mar 26	10:42:00	1	0	34	0	Ct	0	1	0	2	2	2	0	1	2	2	1	1	0	0	0	2	2	1	0	2	4	0	2	3	0	2	1	0	2	0	0	0	1	0
38791	29 Mar 26	10:43:00	1	0	34	0	Ct	0	1	1	3	1	2	0	2	3	1	0	1	0	1	0	1	0	0	0	1	1	0	0	1	3	2	1	0	0	0	2	0	0	0
38792	29 Mar 26	10:44:00	1	0	34	0	Ct	0	1	1	1	0	0	0	2	2	2	0	1	0	1	0	4	2	4	0	1	1	0	3	2	1	4	0	0	1	0	0	0	2	0
38793	29 Mar 26	10:45:00	1	0	34	0	Ct	0	1	0	1	2	3	0	0	2	0	2	1	0	0	0	4	0	2	0	0	0	0	2	0	0	2	0	1	1	0	3	0	1	0
38794	29 Mar 26	10:46:00	1	0	34	0	Ct	0	1	1	1	3	4	0	2	5	0	2	3	0	0	0	0	1	2	0	2	2	0	1	0	3	1	2	0	2	0	1	0	3	0
38795	29 Mar 26	10:47:00	1	0	34	0	Ct	0	1	1	2	0	1	0	3	1	2	2	0	0	0	0	0	3	3	0	1	2	0	1	0	1	2	0	0	2	0	0	0	1	0
38796	29 Mar 26	10:48:00	1	0	34	0	Ct	0	1	2	1	1	1	0	1	2	0	0	4	0	0	0	0	0	2	0	3	0	0	4	3	0	1	0	0	2	0	4	0	2	0
38797	29 Mar 26	10:49:00	1	0	34	0	Ct	0	1	2	3	3	6	0	3	2	0	2	0	0	0	1	1	2	2	0	0	3	0	1	3	0	2	0	0	0	0	0	0	2	0
38798	29 Mar 26	10:50:00	1	0	34	0	Ct	0	1	0	2	2	1	0	3	1	5	6	2	0	0	1	2	1	1	0	0	1	0	6	0	0	1	0	0	0	0	0	0	4	0
38799	29 Mar 26	10:51:00	1	0	34	0	Ct	0	1	0	2	3	2	0	3	2	2	0	1	0	0	4	2	3	4	0	1	0	0	0	0	0	2	6	1	0	0	0	0	6	0
38800	29 Mar 26	10:52:00	1	0	34	0	Ct	0	1	0	0	2	2	0	0	1	1	2	0	0	2	1	1	0	3	0	1	3	0	0	1	2	1	1	0	1	0	0	0	3	0
38801	29 Mar 26	10:53:00	1	0	34	0	Ct	0	1	1	1	4	0	0	2	1	1	2	1	0	0	2	7	3	0	0	1	0	0	1	2	0	2	2	4	2	0	0	0	4	0
38802	29 Mar 26	10:54:00	1	0	34	0	Ct	0	1	2	1	0	1	0	0	1	3	1	1	0	0	1	0	2	0	0	2	0	3	3	0	0	1	0	0	1	1	0	0	0	0
38803	29 Mar 26	10:55:00	1	0	34	0	Ct	0	1	0	0	2	3	0	0	1	4	3	1	0	0	0	5	1	4	0	1	0	2	1	0	0	2	1	0	2	1	0	0	3	0
38804	29 Mar 26	10:56:00	1	0	34	0	Ct	0	1	2	1	3	1	0	0	2	0	1	1	0	0	0	2	2	2	0	0	0	0	2	0	1	0	2	2	0	2	0	0	2	0
38805	29 Mar 26	10:57:00	1	0	34	0	Ct	0	1	0	2	1	1	0	0	1	2	1	1	0	2	0	2	2	2	0	2	0	0	3	2	0	0	2	4	0	1	0	0	2	0
38806	29 Mar 26	10:58:00	1	0	34	0	Ct	0	1	0	1	2	10	0	0	2	0	2	2	0	0	0	1	2	6	0	0	1	0	5	0	0	0	0	2	3	0	0	0	0	0
38807	29 Mar 26	10:59:00	1	0	34	0	Ct	0	1	1	0	1	1	0	0	0	2	6	1	0	0	0	0	3	2	0	1	1	0	3	1	0	0	2	3	1	0	0	0	3	0
38808	29 Mar 26	11:00:00	1	0	34	0	Ct	0	1	1	0	2	2	0	0	1	0	0	2	0	0	0	1	2	2	0	2	0	0	2	1	0	3	1	3	0	0	4	0	1	0
38809	29 Mar 26	11:01:00	1	0	34	0	Ct	0	1	0	0	2	6	0	0	2	3	0	2	0	0	0	3	1	3	0	1	3	0	0	0	0	3	1	1	1	0	0	0	2	0
38810	29 Mar 26	11:02:00	1	0	34	0	Ct	0	1	1	1	6	2	0	5	3	2	0	2	0	1	0	0	2	2	0	1	1	2	1	2	0	5	2	2	1	0	6	0	3	0
38811	29 Mar 26	11:03:00	1	0	34	0	Ct	0	1	1	1	5	1	0	0	2	1	0	3	0	0	0	1	1	1	0	2	2	0	1	1	3	0	2	2	1	0	1	0	2	3
38812	29 Mar 26	11:04:00	1	0	34	0	Ct	0	1	0	0	1	2	0	0	0	1	0	1	0	1	0	1	1	2	0	4	3	4	0	1	1	2	0	1	2	1	0	0	2	2
38813	29 Mar 26	11:05:00	1	0	34	0	Ct	0	1	0	2	2	1	0	0	2	1	3	2	0	2	0	0	1	2	0	0	0	3	1	2	1	2	0	3	0	2	0	0	2	0
38814	29 Mar 26	11:06:00	1	0	34	0	Ct	0	1	1	2	3	0	0	0	0	1	1	1	0	0	0	1	1	6	0	0	0	1	2	3	0	1	2	0	2	1	1	0	5	0
38815	29 Mar 26	11:07:00	1	0	34	0	Ct	0	1	3	3	1	2	0	0	2	2	1	0	0	2	1	2	0	1	0	0	0	0	2	1	0	3	0	3	0	0	0	0	1	0
38816	29 Mar 26	11:08:00	1	0	34	0	Ct	0	1	0	2	2	1	0	0	2	1	0	4	0	0	0	1	0	2	0	1	2	2	2	3	0	2	2	3	2	0	0	0	0	0
38817	29 Mar 26	11:09:00	1	0	34	0	Ct	0	1	0	1	5	1	0	4	3	1	0	2	0	2	2	1	2	1	0	1	2	9	3	1	0	1	1	3	0	0	0	0	4	2
38818	29 Mar 26	11:10:00	1	0	34	0	Ct	0	1	1	1	3	3	0	3	0	0	0	4	0	0	2	1	2	2	0	0	1	0	0	1	0	1	5	1	1	0	0	0	4	2
38819	29 Mar 26	11:11:00	1	0	34	0	Ct	0	1	1	0	3	3	0	2	2	0	0	2	0	0	1	2	1	2	0	1	0	0	0	2	0	2	0	3	0	1	0	0	3	0
38820	29 Mar 26	11:12:00	1	0	34	0	Ct	0	1	0	1	1	1	0	3	1	0	1	0	0	0	2	4	2	3	0	4	2	0	0	2	0	3	1	2	1	1	2	0	3	0
38821	29 Mar 26	11:13:00	1	0	34	0	Ct	0	1	3	2	2	1	0	2	1	0	2	2	0	2	2	1	2	1	0	2	0	0	2	1	0	4	0	0	1	0	1	0	3	0
38822	29 Mar 26	11:14:00	1	0	34	0	Ct	0	1	0	1	3	1	0	2	1	0	1	1	0	0	1	1	2	2	0	1	5	0	0	1	0	2	0	3	3	0	0	0	2	0
38823	29 Mar 26	11:15:00	1	0	34	0	Ct	0	1	0	2	1	2	0	2	1	3	2	1	0	2	2	0	2	3	0	2	1	0	0	0	1	1	1	3	2	0	2	0	3	0
38824	29 Mar 26	11:16:00	1	0	34	0	Ct	0	1	1	1	0	4	0	2	1	1	0	1	0	1	1	0	2	2	0	1	0	0	0	0	1	1	0	0	0	4	0	0	4	0
38825	29 Mar 26	11:17:00	1	0	34	0	Ct	0	1	2	0	2	1	0	2	2	1	2	0	0	1	1	0	2	3	0	1	0	0	0	2	0	0	0	1	0	0	6	0	3	0
38826	29 Mar 26	11:18:00	1	0	34	0	Ct	0	1	0	2	3	1	0	2	3	2	4	0	0	0	2	6	0	1	0	1	0	0	0	2	2	0	0	4	0	1	2	0	2	2
38827	29 Mar 26	11:19:00	1	0	34	0	Ct	0	1	2	0	2	2	0	2	2	0	1	2	0	2	0	1	3	2	0	1	0	0	0	4	0	0	1	2	1	1	0	0	2	0
38828	29 Mar 26	11:20:00	1	0	34	0	Ct	0	1	0	1	3	2	0	0	2	2	0	3	0	2	2	0	2	0	0	2	2	0	0	1	1	0	0	2	1	0	0	0	5	0
38829	29 Mar 26	11:21:00	1	0	34	0	Ct	0	1	3	1	3	1	0	2	0	1	0	1	0	2	1	0	2	1	0	1	2	0	0	4	1	0	1	3	0	0	0	0	3	0
38830	29 Mar 26	11:22:00	1	0	34	0	Ct	0	1	1	2	1	3	0	1	0	0	2	1	0	0	0	0	1	1	0	1	0	0	0	2	0	2	3	1	1	0	0	0	2	1
38831	29 Mar 26	11:23:00	1	0	34	0	Ct	0	1	0	0	3	6	0	2	0	1	0	2	0	0	1	0	2	3	0	1	0	6	0	0	0	0	0	2	0	0	0	0	2	1
38832	29 Mar 26	11:24:00	1	0	34	0	Ct	0	1	1	0	1	2	0	1	0	2	1	0	0	0	1	0	0	0	0	1	2	0	0	4	0	1	1	0	0	0	0	0	2	0
38833	29 Mar 26	11:25:00	1	0	34	0	Ct	0	1	1	0	0	1	0	1	2	0	1	2	0	0	1	0	1	2	0	0	4	1	0	2	1	1	0	3	0	0	0	0	3	0
38834	29 Mar 26	11:26:00	1	0	34	0	Ct	0	1	0	1	1	5	0	1	2	0	0	1	0	0	1	0	2	1	0	0	0	5	0	3	1	0	1	1	1	0	0	0	2	0
38835	29 Mar 26	11:27:00	1	0	34	0	Ct	0	1	0	1	3	2	0	0	0	0	0	2	0	0	0	1	1	3	0	1	3	3	0	2	0	3	0	0	2	0	0	0	3	0
38836	29 Mar 26	11:28:00	1	0	34	0	Ct	0	1	1	0	6	1	0	1	4	0	1	3	0	0	0	0	4	2	0	1	3	0	0	0	0	2	1	2	5	0	2	0	2	0
38837	29 Mar 26	11:29:00	1	0	34	0	Ct	0	1	1	2	1	2	0	3	0	1	2	5	0	0	0	0	2	1	0	0	2	0	0	2	1	1	1	3	1	0	0	0	2	0
38838	29 Mar 26	11:30:00	1	0	34	0	Ct	0	1	0	0	3	3	0	3	0	1	1	1	0	0	2	0	1	0	0	2	2	0	0	0	0	1	1	3	0	0	0	0	2	0
38839	29 Mar 26	11:31:00	1	0	34	0	Ct	0	1	0	2	2	3	0	3	0	0	0	4	0	1	1	1	2	4	0	0	2	0	0	2	1	2	5	5	0	0	0	0	2	0
38840	29 Mar 26	11:32:00	1	0	34	0	Ct	0	1	1	1	0	2	0	0	0	2	0	1	0	3	0	0	1	3	0	1	0	0	0	0	0	3	1	5	2	1	0	0	3	0
38841	29 Mar 26	11:33:00	1	0	34	0	Ct	0	1	1	2	1	1	0	0	0	0	0	2	0	0	0	0	3	2	0	1	0	0	0	2	2	2	2	3	0	1	0	0	2	0
38842	29 Mar 26	11:34:00	1	0	34	0	Ct	0	1	0	1	4	1	0	0	0	0	0	1	0	2	0	0	4	3	0	1	0	0	0	2	1	2	2	1	0	0	0	0	4	0
38843	29 Mar 26	11:35:00	1	0	34	0	Ct	0	1	0	1	2	1	0	1	0	0	0	1	0	0	0	0	1	1	0	1	4	0	0	0	0	2	1	0	0	1	0	0	2	0
38844	29 Mar 26	11:36:00	1	0	34	0	Ct	0	1	0	1	5	0	0	4	0	1	0	1	2	0	1	0	2	1	0	0	3	0	0	0	0	1	1	0	2	1	0	0	2	0
38845	29 Mar 26	11:37:00	1	0	34	0	Ct	0	1	2	3	2	5	0	1	0	0	0	1	0	0	1	0	3	2	0	0	0	0	0	2	0	2	0	2	4	0	0	0	5	0
38846	29 Mar 26	11:38:00	1	0	34	0	Ct	0	1	0	1	2	2	0	1	0	0	0	2	0	0	0	0	0	0	0	0	2	0	0	2	0	0	0	2	1	0	0	0	0	0
38847	29 Mar 26	11:39:00	1	0	34	0	Ct	0	1	2	0	1	4	0	4	0	0	0	2	0	0	1	0	2	2	0	0	1	0	0	4	0	0	0	2	1	0	0	0	3	0
38848	29 Mar 26	11:40:00	1	0	34	0	Ct	0	1	0	0	3	1	0	2	0	1	0	0	0	0	3	0	2	1	0	1	0	0	2	3	0	0	0	0	0	1	0	0	2	0
38849	29 Mar 26	11:41:00	1	0	34	0	Ct	0	1	0	2	1	2	0	1	0	1	0	2	0	0	0	0	2	1	0	1	0	0	2	1	0	0	0	1	0	1	0	0	3	0
38850	29 Mar 26	11:42:00	1	0	34	0	Ct	0	1	2	1	6	3	0	2	0	0	0	1	0	0	0	0	1	1	0	0	3	0	3	3	0	0	0	2	3	0	0	0	2	0
38851	29 Mar 26	11:43:00	1	0	34	0	Ct	0	1	1	1	1	1	0	2	0	0	4	1	0	0	0	0	3	2	0	0	5	0	3	2	0	2	0	2	1	0	0	0	0	0
38852	29 Mar 26	11:44:00	1	0	34	0	Ct	0	1	1	1	1	0	0	3	0	0	1	1	0	1	0	0	0	2	0	2	1	0	1	4	0	2	1	1	0	0	0	0	2	0
38853	29 Mar 26	11:45:00	1	0	34	0	Ct	0	1	1	1	2	1	0	1	0	0	0	3	0	2	0	0	0	2	0	0	0	5	3	1	2	1	0	4	2	0	0	0	2	0
38854	29 Mar 26	11:46:00	1	0	34	0	Ct	0	1	1	0	1	2	0	0	0	0	0	5	0	0	0	0	3	3	1	1	0	4	0	1	0	1	0	3	1	0	0	0	2	2
38855	29 Mar 26	11:47:00	1	0	34	0	Ct	0	1	2	1	3	0	0	2	0	0	2	1	0	0	0	0	1	1	0	1	0	0	4	0	2	0	0	3	2	0	0	0	2	2
38856	29 Mar 26	11:48:00	1	0	34	0	Ct	0	1	0	1	2	1	0	0	0	4	0	2	0	0	0	0	1	3	0	0	0	3	1	0	0	1	0	0	1	0	0	0	0	0
38857	29 Mar 26	11:49:00	1	0	34	0	Ct	0	1	3	2	2	2	0	0	0	2	0	1	0	0	0	0	2	2	0	0	3	0	0	0	0	2	0	0	1	0	0	0	4	0
38858	29 Mar 26	11:50:00	1	0	34	0	Ct	0	1	0	1	0	4	0	2	0	0	0	1	0	0	0	0	0	2	0	0	0	0	3	0	0	1	0	0	1	0	0	0	3	0
38859	29 Mar 26	11:51:00	1	0	34	0	Ct	0	1	2	3	0	1	0	2	0	2	0	0	0	1	0	3	2	3	0	0	0	0	1	0	0	1	0	0	3	0	0	0	2	1
38860	29 Mar 26	11:52:00	1	0	34	0	Ct	0	1	0	1	1	2	0	2	0	0	0	1	0	1	0	1	1	2	0	1	2	4	1	0	0	1	0	0	0	0	0	0	3	2
38861	29 Mar 26	11:53:00	1	0	34	0	Ct	0	1	2	1	2	1	0	2	0	1	1	1	0	0	0	1	2	2	0	1	0	4	0	0	1	0	0	0	1	0	0	0	2	1
38862	29 Mar 26	11:54:00	1	0	34	0	Ct	0	1	1	1	3	1	0	1	0	2	2	2	0	0	0	1	1	1	0	0	0	4	0	0	1	0	0	0	0	0	0	0	1	2
38863	29 Mar 26	11:55:00	1	0	34	0	Ct	0	1	0	2	2	1	0	3	0	0	1	0	0	0	0	0	2	0	0	0	1	0	1	2	1	0	0	0	0	0	0	0	0	0
38864	29 Mar 26	11:56:00	1	0	34	0	Ct	0	1	0	0	0	2	0	3	0	0	2	2	0	0	0	2	2	2	0	0	0	0	2	1	0	0	0	0	0	0	0	0	3	0
38865	29 Mar 26	11:57:00	1	0	34	0	Ct	0	1	1	1	2	3	0	2	0	2	2	2	3	1	0	1	3	4	3	0	1	0	0	2	0	0	0	0	0	0	0	0	1	0
38866	29 Mar 26	11:58:00	1	0	34	0	Ct	0	1	1	2	2	0	0	0	0	0	2	2	0	1	0	2	0	1	0	0	1	1	0	0	0	1	0	0	1	0	0	0	5	1
38867	29 Mar 26	11:59:00	1	0	34	0	Ct	0	1	0	1	3	1	0	0	0	3	3	2	0	1	0	1	0	1	2	0	1	0	0	0	0	2	0	0	2	0	0	0	3	1
38868	29 Mar 26	12:00:00	1	0	34	0	Ct	0	1	3	0	2	0	0	0	0	1	1	2	0	0	0	2	0	1	1	0	2	0	0	0	0	0	0	0	2	0	0	0	2	0
38869	29 Mar 26	12:01:00	1	0	34	0	Ct	0	1	1	1	3	2	0	2	0	0	4	0	0	1	0	0	2	2	0	0	0	1	0	0	0	1	0	0	2	0	0	0	3	0
38870	29 Mar 26	12:02:00	1	0	34	0	Ct	0	1	0	1	1	0	0	4	0	0	1	3	0	2	0	0	2	2	0	0	0	9	0	0	1	1	0	0	0	0	0	0	1	0
38871	29 Mar 26	12:03:00	1	0	34	0	Ct	0	1	2	2	0	1	0	2	0	0	1	1	0	0	0	0	0	2	0	0	1	1	0	2	2	0	0	0	0	0	0	0	2	0
38872	29 Mar 26	12:04:00	1	0	34	0	Ct	0	1	0	0	0	1	0	1	0	0	1	4	2	1	0	0	0	1	0	0	1	0	0	2	0	1	0	0	1	0	0	0	1	2
38873	29 Mar 26	12:05:00	1	0	34	0	Ct	0	1	0	2	1	1	0	0	0	0	0	5	0	0	0	0	3	2	0	0	2	0	0	1	0	1	0	0	1	0	1	0	1	0
38874	29 Mar 26	12:06:00	1	0	34	0	Ct	0	1	0	1	2	2	0	0	3	2	2	0	0	0	0	0	2	3	0	0	0	0	0	2	0	3	0	0	0	0	2	0	2	0
38875	29 Mar 26	12:07:00	1	0	34	0	Ct	0	1	1	3	2	1	0	0	0	2	2	1	0	1	0	0	3	4	0	1	2	3	0	0	0	0	0	0	0	0	2	0	3	0
38876	29 Mar 26	12:08:00	1	0	34	0	Ct	0	1	1	0	2	2	0	2	0	3	0	2	0	0	1	0	0	2	0	4	1	3	0	1	1	0	0	0	0	0	1	0	3	0
38877	29 Mar 26	12:09:00	1	0	34	0	Ct	0	1	0	3	1	3	0	2	0	0	0	2	0	1	1	0	1	15	0	2	0	0	0	3	3	2	0	0	0	0	2	0	4	0
38878	29 Mar 26	12:10:00	1	0	34	0	Ct	0	1	3	0	2	2	0	2	4	0	1	1	0	1	1	0	1	1	0	0	0	5	0	1	0	1	0	0	0	0	2	0	5	0
38879	29 Mar 26	12:11:00	1	0	34	0	Ct	0	1	0	0	3	0	0	2	0	0	0	1	0	0	3	0	0	1	0	1	0	0	0	2	1	3	0	0	0	0	1	0	1	0
38880	29 Mar 26	12:12:00	1	0	34	0	Ct	0	1	2	0	2	1	0	0	0	0	3	0	0	0	2	0	1	6	0	1	1	0	0	0	1	2	0	0	0	0	0	0	5	0
38881	29 Mar 26	12:13:00	1	0	34	0	Ct	0	1	1	0	2	4	0	3	0	0	0	3	0	0	2	0	2	3	0	0	4	0	0	4	2	0	0	0	0	0	0	0	4	0
38882	29 Mar 26	12:14:00	1	0	34	0	Ct	0	1	1	0	3	1	0	0	0	0	2	1	1	0	1	5	1	0	0	5	1	0	0	2	0	1	0	0	0	0	0	0	1	0
38883	29 Mar 26	12:15:00	1	0	34	0	Ct	0	1	0	0	1	0	0	2	0	0	2	1	2	0	2	0	0	1	0	1	0	0	0	0	0	2	0	0	0	0	0	0	4	0
38884	29 Mar 26	12:16:00	1	0	34	0	Ct	0	1	0	0	1	1	0	4	0	0	2	1	0	0	1	3	1	2	0	0	1	0	0	0	0	2	0	0	0	2	0	0	3	3
38885	29 Mar 26	12:17:00	1	0	34	0	Ct	0	1	0	0	3	4	0	0	0	0	2	1	0	0	1	1	1	3	0	0	3	0	0	2	2	1	0	0	3	1	0	0	2	1
38886	29 Mar 26	12:18:00	1	0	34	0	Ct	0	1	2	0	1	1	0	0	0	0	2	0	0	0	0	1	1	2	0	0	2	0	0	2	1	0	0	0	0	0	0	0	3	0
38887	29 Mar 26	12:19:00	1	0	34	0	Ct	0	1	0	0	2	3	0	3	0	0	2	4	0	0	0	3	2	1	0	0	0	0	0	2	1	1	0	0	0	0	0	0	3	0
38888	29 Mar 26	12:20:00	1	0	34	0	Ct	0	1	0	0	0	2	0	1	0	0	0	1	0	0	0	4	2	1	0	0	0	0	0	0	0	2	2	0	0	1	0	0	3	0
38889	29 Mar 26	12:21:00	1	0	34	0	Ct	0	1	1	0	0	1	0	3	0	0	2	0	0	1	0	0	1	1	0	0	0	0	0	3	0	1	2	0	0	1	0	0	2	0
38890	29 Mar 26	12:22:00	1	0	34	0	Ct	0	1	1	0	1	3	0	0	0	0	1	1	0	0	0	0	2	1	2	1	0	0	0	1	0	0	0	0	0	0	0	0	2	0
38891	29 Mar 26	12:23:00	1	0	34	0	Ct	0	1	2	2	1	2	0	0	0	0	0	2	0	0	0	0	3	3	6	3	7	2	0	1	1	0	0	0	0	0	0	0	4	1
38892	29 Mar 26	12:24:00	1	0	34	0	Ct	0	1	0	0	0	2	0	0	1	0	0	1	1	2	2	0	1	2	0	1	0	4	0	3	0	2	0	1	0	0	0	0	1	1
38893	29 Mar 26	12:25:00	1	0	34	0	Ct	0	1	0	1	1	2	0	0	1	0	0	1	0	0	1	0	0	1	0	0	0	0	0	0	1	1	0	0	0	0	0	0	0	0
38894	29 Mar 26	12:26:00	1	0	34	0	Ct	0	1	2	2	2	0	0	1	3	0	1	3	0	0	2	0	0	0	0	0	0	5	0	2	0	2	0	0	0	0	0	0	0	0
38895	29 Mar 26	12:27:00	1	0	34	0	Ct	0	1	1	1	2	1	0	1	3	0	1	1	2	1	2	0	0	4	0	0	2	3	0	2	2	1	0	0	0	0	0	0	2	0
38896	29 Mar 26	12:28:00	1	0	34	0	Ct	0	1	1	1	3	2	0	1	3	0	1	2	0	1	1	0	2	0	0	1	1	0	0	1	0	2	0	0	0	0	0	0	3	0
38897	29 Mar 26	12:29:00	1	0	34	0	Ct	0	1	0	3	2	2	0	3	2	0	2	0	0	2	3	0	2	4	0	1	0	0	0	3	1	3	0	0	0	0	0	0	1	0
38898	29 Mar 26	12:30:00	1	0	34	0	Ct	0	1	0	2	0	2	0	0	2	0	3	0	0	0	1	0	2	2	0	0	0	0	0	1	0	2	0	0	0	0	0	0	6	0
38899	29 Mar 26	12:31:00	1	0	34	0	Ct	0	1	1	2	2	3	0	4	7	0	0	2	0	3	0	0	0	2	0	0	5	0	0	1	1	2	0	0	0	0	2	0	1	1
38900	29 Mar 26	12:32:00	1	0	34	0	Ct	0	1	3	1	2	2	0	0	3	0	0	0	0	3	2	0	0	3	0	0	0	10	0	0	2	2	0	0	0	0	0	0	1	2
38901	29 Mar 26	12:33:00	1	0	34	0	Ct	0	1	0	1	1	2	0	3	4	0	2	2	0	2	0	0	0	4	0	0	1	0	0	3	2	2	0	0	0	1	0	0	1	1
38902	29 Mar 26	12:34:00	1	0	34	0	Ct	0	1	2	2	0	3	0	3	2	0	0	2	0	1	0	0	0	1	0	0	1	0	0	1	1	2	0	0	0	1	0	0	0	0
38903	29 Mar 26	12:35:00	1	0	34	0	Ct	0	1	1	2	1	1	0	0	2	0	0	0	0	1	0	0	0	2	0	0	2	0	0	2	2	0	0	0	0	0	0	0	4	0
38904	29 Mar 26	12:36:00	1	0	34	0	Ct	0	1	1	1	1	2	0	2	1	0	0	2	0	3	0	0	2	0	0	0	2	0	0	0	1	2	0	0	0	0	0	0	3	0
38905	29 Mar 26	12:37:00	1	0	34	0	Ct	0	1	0	1	4	1	0	0	2	0	1	1	0	1	1	0	1	0	0	0	0	0	0	0	0	3	0	0	0	0	0	0	10	2
38906	29 Mar 26	12:38:00	1	0	34	0	Ct	0	1	1	0	1	6	0	0	2	1	1	1	0	0	0	0	1	0	0	0	3	3	0	0	4	2	4	0	0	0	0	0	2	0
38907	29 Mar 26	12:39:00	1	0	34	0	Ct	0	1	1	0	1	1	0	3	0	2	0	1	0	1	1	0	2	0	0	0	0	0	0	0	0	1	0	0	0	0	0	0	2	0
38908	29 Mar 26	12:40:00	1	0	34	0	Ct	0	1	1	2	2	2	0	1	3	0	0	1	0	0	2	0	1	0	0	2	0	2	0	0	3	0	1	0	0	0	0	0	2	0
38909	29 Mar 26	12:41:00	1	0	34	0	Ct	0	1	1	0	2	3	0	0	2	2	0	1	0	2	1	0	3	0	0	0	0	0	0	3	3	1	7	0	0	0	0	0	1	0
38910	29 Mar 26	12:42:00	1	0	34	0	Ct	0	1	0	0	3	1	0	1	3	1	0	1	0	1	1	0	3	2	0	0	2	1	0	0	1	1	0	0	0	0	0	0	2	0
38911	29 Mar 26	12:43:00	1	0	34	0	Ct	0	1	0	0	2	1	0	3	1	0	2	1	0	0	2	0	2	2	0	0	2	1	0	2	0	1	0	0	0	0	0	0	4	0
38912	29 Mar 26	12:44:00	1	0	34	0	Ct	0	1	0	1	2	1	0	1	2	3	2	1	0	1	1	0	0	7	0	0	0	0	0	2	0	1	0	0	0	0	0	0	2	2
38913	29 Mar 26	12:45:00	1	0	34	0	Ct	0	1	0	1	3	2	0	4	2	2	0	1	0	1	0	0	0	2	0	0	1	0	0	0	0	2	0	0	0	0	0	0	2	1
38914	29 Mar 26	12:46:00	1	0	34	0	Ct	0	1	0	0	4	0	0	0	1	0	0	5	0	0	0	0	3	1	0	0	4	0	0	0	1	0	0	0	0	1	0	0	0	1
38915	29 Mar 26	12:47:00	1	0	34	0	Ct	0	1	0	1	0	2	0	1	3	0	0	2	0	1	1	0	2	1	0	1	2	0	0	0	1	0	0	0	0	1	0	0	1	2
38916	29 Mar 26	12:48:00	1	0	34	0	Ct	0	1	0	0	3	1	0	1	4	0	0	1	0	2	3	0	2	2	0	1	3	0	0	3	0	0	0	0	0	0	0	0	2	0
38917	29 Mar 26	12:49:00	1	0	34	0	Ct	0	1	0	1	1	2	0	2	0	0	1	0	0	1	0	0	0	2	0	1	3	0	0	0	0	2	0	0	0	3	0	0	3	0
38918	29 Mar 26	12:50:00	1	0	34	0	Ct	0	1	0	1	1	3	0	1	1	0	1	0	0	1	0	0	3	1	0	1	1	0	0	3	1	0	0	0	0	0	0	0	0	0
38919	29 Mar 26	12:51:00	1	0	34	0	Ct	0	1	0	0	2	1	0	1	2	0	2	0	0	1	3	0	1	3	0	0	0	0	0	0	0	0	0	0	0	1	0	0	0	2
38920	29 Mar 26	12:52:00	1	0	34	0	Ct	0	1	0	2	0	1	0	1	2	0	3	1	0	2	2	0	1	1	0	0	0	0	0	1	2	0	0	0	0	2	0	0	0	0
38921	29 Mar 26	12:53:00	1	0	34	0	Ct	0	1	0	1	0	1	0	1	1	0	1	0	0	1	1	0	1	2	0	1	0	0	1	1	3	0	0	0	0	1	0	0	0	0
38922	29 Mar 26	12:54:00	1	0	34	0	Ct	0	1	0	1	0	2	0	1	3	2	1	0	0	1	1	2	2	3	0	3	0	0	2	0	1	0	0	0	0	0	0	0	3	0
38923	29 Mar 26	12:55:00	1	0	34	0	Ct	0	1	1	0	0	1	0	1	2	1	0	1	0	0	3	0	3	1	0	1	0	0	2	2	1	0	0	0	0	0	0	0	0	1
38924	29 Mar 26	12:56:00	1	0	34	0	Ct	0	1	1	1	0	1	0	2	2	1	0	0	0	0	1	0	4	2	0	0	0	0	1	0	2	0	0	0	0	0	0	0	0	1
38925	29 Mar 26	12:57:00	1	0	34	0	Ct	0	1	2	1	0	2	0	4	2	1	0	2	0	0	2	1	4	2	0	1	0	0	2	0	1	0	0	0	0	0	0	0	3	2
38926	29 Mar 26	12:58:00	1	0	34	0	Ct	0	1	0	1	0	1	0	2	3	0	0	1	0	2	0	0	2	2	0	2	0	3	0	0	0	0	0	0	1	0	0	0	0	1
38927	29 Mar 26	12:59:00	1	0	34	0	Ct	0	1	0	1	0	3	0	0	4	0	0	2	0	1	0	0	2	1	0	1	6	2	2	1	0	0	0	0	1	0	0	0	0	2
38928	29 Mar 26	13:00:00	1	0	34	0	Ct	0	1	0	0	0	0	0	0	3	0	0	0	0	2	0	0	0	3	0	0	4	20	0	1	2	0	0	0	0	2	0	0	1	2
38929	29 Mar 26	13:01:00	1	0	34	0	Ct	0	1	0	2	1	2	0	0	0	0	0	1	0	1	0	0	3	0	0	0	1	7	0	1	1	0	0	0	2	0	0	0	0	1
38930	29 Mar 26	13:02:00	1	0	34	0	Ct	0	1	0	1	1	1	0	3	0	0	0	0	1	5	0	0	3	1	0	0	2	5	0	1	3	0	0	0	0	0	0	0	0	1
38931	29 Mar 26	13:03:00	1	0	34	0	Ct	0	1	0	1	0	1	0	1	0	0	0	2	2	0	0	0	2	2	0	0	1	14	0	0	1	0	0	0	0	0	0	0	0	1
38932	29 Mar 26	13:04:00	1	0	34	0	Ct	0	1	2	0	0	2	0	3	0	0	0	0	1	2	0	0	1	2	0	2	0	2	0	0	1	0	0	0	2	0	0	0	0	2
38933	29 Mar 26	13:05:00	1	0	34	0	Ct	0	1	0	2	0	1	0	2	0	0	0	0	14	2	0	0	0	2	0	0	2	0	0	0	2	0	0	0	0	0	0	0	1	0
38934	29 Mar 26	13:06:00	1	0	34	0	Ct	0	1	0	0	0	4	0	1	0	0	0	0	0	0	0	0	2	0	0	0	6	1	4	0	5	1	0	0	0	0	0	0	0	0
38935	29 Mar 26	13:07:00	1	0	34	0	Ct	0	1	0	0	0	1	0	1	0	0	0	0	10	1	0	0	0	0	0	1	0	16	0	0	1	2	0	0	0	0	0	0	1	0
38936	29 Mar 26	13:08:00	1	0	34	0	Ct	0	1	1	2	0	1	0	1	0	0	0	0	0	1	0	0	0	0	0	0	0	0	2	0	2	1	0	0	0	0	2	0	1	0
38937	29 Mar 26	13:09:00	1	0	34	0	Ct	0	1	2	0	1	1	0	2	0	2	0	0	2	1	0	0	0	0	0	1	0	0	0	1	0	0	0	0	1	0	0	0	0	0
38938	29 Mar 26	13:10:00	1	0	34	0	Ct	0	1	0	0	0	1	0	0	0	0	0	0	0	0	0	0	0	0	0	1	2	0	0	1	3	0	0	0	1	0	1	0	2	0
38939	29 Mar 26	13:11:00	1	0	34	0	Ct	0	1	0	0	0	3	0	1	3	0	0	0	0	1	0	0	0	0	0	1	2	0	2	0	1	1	0	0	0	0	3	0	0	0
38940	29 Mar 26	13:12:00	1	0	34	0	Ct	0	1	0	0	0	3	0	4	0	0	0	0	0	1	0	0	0	0	0	3	1	0	0	1	2	2	0	0	2	0	3	0	2	0
38941	29 Mar 26	13:13:00	1	0	34	0	Ct	0	1	0	0	0	2	0	0	0	0	0	0	0	1	0	0	0	0	0	0	0	0	2	1	2	2	6	0	0	0	0	0	1	0
38942	29 Mar 26	13:14:00	1	0	34	0	Ct	0	1	0	0	1	2	0	0	0	0	0	1	0	1	0	0	0	0	0	0	0	2	0	2	1	1	0	0	3	0	2	0	1	0
38943	29 Mar 26	13:15:00	1	0	34	0	Ct	0	1	0	0	2	1	0	0	0	0	0	2	0	1	0	1	0	2	0	2	0	5	1	1	1	1	0	0	0	2	0	0	0	0
38944	29 Mar 26	13:16:00	1	0	34	0	Ct	0	1	0	0	2	1	0	2	0	0	0	0	0	1	0	1	2	2	0	1	0	0	2	1	2	1	0	0	0	0	0	0	2	0
38945	29 Mar 26	13:17:00	1	0	34	0	Ct	0	1	0	0	2	1	0	3	1	2	0	1	0	1	0	0	1	3	0	0	0	0	2	0	1	0	0	0	1	0	0	0	9	0
38946	29 Mar 26	13:18:00	1	0	34	0	Ct	0	1	0	2	1	3	0	1	0	1	0	1	0	1	0	0	1	1	0	0	0	5	0	1	0	0	0	0	1	0	0	0	0	0
38947	29 Mar 26	13:19:00	1	0	34	0	Ct	0	1	0	0	2	3	0	2	0	0	0	0	0	2	0	0	2	1	0	0	0	1	0	2	0	2	0	0	0	0	0	0	3	0
38948	29 Mar 26	13:20:00	1	0	34	0	Ct	0	1	0	2	4	1	0	0	0	0	0	0	0	0	0	0	0	0	0	0	0	3	0	0	1	0	0	0	0	0	0	0	0	0
38949	29 Mar 26	13:21:00	1	0	34	0	Ct	0	1	0	0	1	1	0	3	0	0	0	0	0	0	0	0	0	2	0	0	0	0	0	2	1	1	0	0	0	0	0	0	0	0
38950	29 Mar 26	13:22:00	1	0	34	0	Ct	0	1	0	0	1	1	0	1	3	4	0	0	0	0	0	0	0	2	0	1	0	1	0	1	1	1	0	0	0	0	0	0	1	0
38951	29 Mar 26	13:23:00	1	0	34	0	Ct	0	1	0	0	1	0	0	0	3	0	0	0	0	0	2	0	2	1	0	1	0	0	0	1	0	1	0	0	1	0	0	0	2	0
38952	29 Mar 26	13:24:00	1	0	34	0	Ct	0	1	0	0	6	1	0	0	0	0	0	0	0	0	0	0	0	1	0	0	0	2	0	0	0	2	0	1	1	0	2	0	0	0
38953	29 Mar 26	13:25:00	1	0	34	0	Ct	0	1	0	0	2	1	0	0	1	0	0	0	0	2	0	0	2	1	0	0	0	0	1	2	0	0	0	2	1	0	0	0	0	0
38954	29 Mar 26	13:26:00	1	0	34	0	Ct	0	1	0	0	3	1	0	0	0	0	0	0	0	1	1	1	0	0	0	0	0	0	1	0	0	1	0	0	1	0	0	0	0	0
38955	29 Mar 26	13:27:00	1	0	34	0	Ct	0	1	0	0	0	1	0	0	0	0	0	0	0	0	1	1	1	3	0	2	1	4	0	0	0	0	0	1	0	0	0	0	0	0
38956	29 Mar 26	13:28:00	1	0	34	0	Ct	0	1	0	0	0	1	0	0	0	0	0	0	0	4	2	0	1	3	0	2	1	0	0	3	0	0	0	0	3	1	0	0	0	0
38957	29 Mar 26	13:29:00	1	0	34	0	Ct	0	1	0	0	1	3	0	0	0	1	0	0	0	1	0	0	0	0	0	0	0	0	0	0	0	0	0	0	1	1	3	0	0	0
38958	29 Mar 26	13:30:00	1	0	34	0	Ct	0	1	0	0	0	2	0	0	3	1	6	0	0	1	0	0	0	0	0	0	0	0	2	0	0	0	0	0	2	0	1	0	0	0
38959	29 Mar 26	13:31:00	1	0	34	0	Ct	0	1	0	0	0	2	0	0	0	0	0	0	0	0	0	0	0	0	0	0	0	12	2	0	0	0	0	4	2	0	0	0	0	0
38960	29 Mar 26	13:32:00	1	0	34	0	Ct	0	1	0	0	0	0	0	0	0	0	3	0	0	0	1	0	1	2	0	0	0	3	3	0	0	0	2	5	3	0	1	0	0	0
38961	29 Mar 26	13:33:00	1	0	34	0	Ct	0	1	0	0	0	0	0	0	0	0	0	0	0	0	1	0	3	2	0	0	0	1	1	1	0	0	0	2	3	0	0	0	1	0
38962	29 Mar 26	13:34:00	1	0	34	0	Ct	0	1	1	0	0	1	0	0	0	0	1	0	0	0	1	0	1	2	2	0	2	0	1	1	0	0	0	1	0	0	0	0	0	0
38963	29 Mar 26	13:35:00	1	0	34	0	Ct	0	1	0	1	0	0	0	0	0	0	1	0	0	0	0	0	2	3	0	2	0	0	0	1	0	0	1	3	0	0	3	0	2	0
38964	29 Mar 26	13:36:00	1	0	34	0	Ct	0	1	1	1	0	3	0	0	2	0	0	0	0	0	1	0	3	2	0	0	0	0	0	1	0	0	0	2	0	0	1	0	0	0
38965	29 Mar 26	13:37:00	1	0	34	0	Ct	0	1	0	2	0	2	0	0	2	0	0	0	0	0	1	0	1	1	0	0	0	0	3	0	0	0	0	2	0	0	0	0	0	0
38966	29 Mar 26	13:38:00	1	0	34	0	Ct	0	1	0	1	0	1	0	0	0	1	0	0	0	0	0	0	1	2	0	0	0	6	5	1	0	0	0	1	1	0	0	0	0	0
38967	29 Mar 26	13:39:00	1	0	34	0	Ct	0	1	0	1	0	2	0	0	1	1	0	0	0	2	0	0	0	2	0	0	2	2	3	1	0	0	0	3	0	0	0	0	0	0
38968	29 Mar 26	13:40:00	1	0	34	0	Ct	0	1	0	0	0	2	0	0	0	0	0	0	2	0	1	0	0	1	0	1	2	0	2	0	0	0	0	2	0	0	0	0	1	0
38969	29 Mar 26	13:41:00	1	0	34	0	Ct	0	1	0	0	0	5	0	0	0	0	0	1	0	0	2	0	0	2	0	1	0	0	0	0	1	0	0	3	0	0	0	0	0	0
38970	29 Mar 26	13:42:00	1	0	34	0	Ct	0	1	0	2	0	2	0	0	0	0	0	0	0	0	1	0	1	1	0	0	0	5	3	1	1	1	0	1	5	0	0	0	0	0
38971	29 Mar 26	13:43:00	1	0	34	0	Ct	0	1	0	2	0	1	0	0	0	0	0	0	0	0	0	0	1	0	0	0	0	0	2	0	1	1	0	0	3	0	0	0	0	0
38972	29 Mar 26	13:44:00	1	0	34	0	Ct	0	1	0	2	0	1	0	3	0	0	0	0	0	2	0	0	0	0	0	0	0	0	1	1	0	0	0	6	2	0	1	0	0	0
38973	29 Mar 26	13:45:00	1	0	34	0	Ct	0	1	0	0	0	1	0	0	2	0	0	0	0	0	0	0	3	0	0	1	0	2	2	1	0	2	0	4	2	2	0	0	0	0
38974	29 Mar 26	13:46:00	1	0	34	0	Ct	0	1	0	1	0	0	0	0	3	0	0	0	0	2	0	0	1	3	0	0	0	0	2	4	0	2	0	4	2	0	1	0	0	0
38975	29 Mar 26	13:47:00	1	0	34	0	Ct	0	1	0	2	0	2	0	1	0	0	0	0	0	0	0	0	0	0	0	1	0	0	2	4	0	0	0	2	0	0	5	0	2	0
38976	29 Mar 26	13:48:00	1	0	34	0	Ct	0	1	0	1	0	4	0	1	0	3	0	0	0	0	0	0	2	1	0	1	0	0	0	2	0	0	0	1	0	0	2	0	0	1
38977	29 Mar 26	13:49:00	1	0	34	0	Ct	0	1	1	2	0	1	0	1	0	0	0	0	0	0	0	0	0	0	1	0	0	0	0	2	0	0	0	3	0	0	3	0	0	0
38978	29 Mar 26	13:50:00	1	0	34	0	Ct	0	1	1	0	0	2	0	1	0	0	0	0	0	0	0	0	0	1	0	1	0	0	0	3	0	0	0	3	2	0	5	0	0	2
38979	29 Mar 26	13:51:00	1	0	34	0	Ct	0	1	2	0	0	2	0	1	0	0	0	0	0	0	0	1	0	1	0	3	0	9	3	3	0	0	0	0	0	0	0	0	0	0
38980	29 Mar 26	13:52:00	1	0	34	0	Ct	0	1	0	0	0	0	0	4	0	0	0	0	0	0	0	0	0	0	0	1	0	0	0	2	0	0	0	0	0	1	1	0	0	1
38981	29 Mar 26	13:53:00	1	0	34	0	Ct	0	1	0	0	0	2	0	0	0	0	0	0	0	0	0	0	4	5	0	0	0	0	0	2	0	0	0	1	0	2	0	0	0	0
38982	29 Mar 26	13:54:00	1	0	34	0	Ct	0	1	0	0	0	2	0	0	0	0	0	0	0	0	0	0	0	1	0	0	2	2	2	1	0	0	0	2	1	0	0	0	0	0
38983	29 Mar 26	13:55:00	1	0	34	0	Ct	0	1	0	3	0	2	0	0	0	0	0	0	0	0	0	10	1	0	0	0	2	0	0	2	0	0	0	1	1	0	0	0	0	0
38984	29 Mar 26	13:56:00	1	0	34	0	Ct	0	1	0	0	0	4	0	0	0	0	0	0	0	0	0	3	1	0	0	0	0	0	2	2	0	0	0	0	0	0	0	0	0	0
38985	29 Mar 26	13:57:00	1	0	34	0	Ct	0	1	0	1	0	1	0	0	0	0	0	0	0	0	0	4	0	0	0	0	2	0	0	0	0	0	0	0	0	0	0	0	0	0
38986	29 Mar 26	13:58:00	1	0	34	0	Ct	0	1	0	4	0	0	0	0	0	0	0	0	0	0	0	0	0	1	0	1	0	0	0	2	0	0	0	0	1	1	0	0	0	0
38987	29 Mar 26	13:59:00	1	0	34	0	Ct	0	1	0	0	0	0	0	0	0	0	0	0	0	0	0	0	2	5	0	1	2	0	2	1	0	0	0	0	0	1	0	0	0	0
38988	29 Mar 26	14:00:00	1	0	34	0	Ct	0	1	0	1	0	1	0	0	0	0	1	0	0	0	0	0	3	0	0	0	1	0	0	1	0	0	0	0	2	0	0	0	0	0
38989	29 Mar 26	14:01:00	1	0	34	0	Ct	0	1	0	1	0	0	0	0	0	0	0	0	0	0	0	1	1	1	0	0	0	0	1	0	0	0	0	0	0	0	0	0	0	0
38990	29 Mar 26	14:02:00	1	0	34	0	Ct	0	1	0	0	0	3	0	0	0	0	1	0	0	0	0	0	1	0	0	0	0	0	2	2	0	0	0	0	1	0	0	0	0	0
38991	29 Mar 26	14:03:00	1	0	34	0	Ct	0	1	0	0	0	1	0	0	0	2	0	0	0	0	0	3	0	2	0	0	0	0	2	2	0	0	0	0	3	0	0	0	0	0
38992	29 Mar 26	14:04:00	1	0	34	0	Ct	0	1	0	1	0	3	0	0	0	0	0	0	0	0	0	2	2	2	0	1	3	0	3	2	0	0	0	0	3	0	0	0	0	0
38993	29 Mar 26	14:05:00	1	0	34	0	Ct	0	1	0	1	0	2	0	0	0	0	1	0	0	1	0	0	1	0	0	2	0	0	0	0	0	0	0	0	0	0	0	0	0	0
38994	29 Mar 26	14:06:00	1	0	34	0	Ct	0	1	0	0	0	0	0	0	0	1	1	0	0	2	0	1	1	1	0	1	0	0	2	2	0	0	0	0	0	0	0	0	0	0
38995	29 Mar 26	14:07:00	1	0	34	0	Ct	0	1	0	2	0	2	0	0	0	1	0	0	0	0	0	1	5	0	0	1	0	0	0	2	0	0	0	1	0	0	0	0	0	0
38996	29 Mar 26	14:08:00	1	0	34	0	Ct	0	1	0	1	0	0	0	0	0	0	2	0	0	0	0	3	1	0	0	0	0	0	1	3	0	0	0	3	0	0	0	0	0	0
38997	29 Mar 26	14:09:00	1	0	34	0	Ct	0	1	0	1	0	0	0	0	0	0	0	0	0	0	0	6	1	0	0	0	0	0	1	2	0	0	0	0	0	0	4	0	0	0
38998	29 Mar 26	14:10:00	1	0	34	0	Ct	0	1	0	0	0	1	0	0	0	0	0	0	0	0	0	1	1	0	0	0	0	0	2	2	0	0	0	0	0	0	2	0	0	0
38999	29 Mar 26	14:11:00	1	0	34	0	Ct	0	1	0	0	0	0	0	0	0	0	0	0	0	2	0	0	3	0	0	0	0	0	2	0	0	2	0	0	0	0	0	0	2	0
39000	29 Mar 26	14:12:00	1	0	34	0	Ct	0	1	0	0	0	0	0	0	0	0	0	0	0	0	0	0	0	0	0	1	0	0	0	0	0	1	0	0	0	0	0	0	4	0
39001	29 Mar 26	14:13:00	1	0	34	0	Ct	0	1	0	0	0	0	0	0	0	0	0	0	0	0	0	0	3	1	0	1	2	0	0	1	0	1	0	3	0	0	2	0	1	0
39002	29 Mar 26	14:14:00	1	0	34	0	Ct	0	1	0	0	0	1	0	0	0	0	0	0	0	2	0	0	1	10	0	1	0	0	2	0	0	0	0	2	0	0	3	0	3	0
39003	29 Mar 26	14:15:00	1	0	34	0	Ct	0	1	0	0	0	1	0	0	0	0	0	0	0	0	0	1	1	2	0	1	0	0	0	0	0	0	0	1	0	0	1	0	2	0
39004	29 Mar 26	14:16:00	1	0	34	0	Ct	0	1	0	0	0	3	0	2	0	0	0	0	0	0	0	1	2	0	0	0	2	0	0	3	2	2	0	1	0	0	2	0	1	0
39005	29 Mar 26	14:17:00	1	0	34	0	Ct	0	1	2	0	0	1	0	0	2	3	0	0	0	2	0	3	1	0	0	0	0	0	0	0	0	3	0	1	0	0	0	0	0	0
39006	29 Mar 26	14:18:00	1	0	34	0	Ct	0	1	2	0	0	2	0	0	0	0	0	0	0	1	0	1	2	0	0	1	0	0	5	1	0	0	0	0	1	0	5	0	0	0
39007	29 Mar 26	14:19:00	1	0	34	0	Ct	0	1	1	0	0	2	0	3	0	0	0	0	0	0	0	0	1	0	0	1	1	0	0	3	0	1	0	1	1	0	4	0	0	0
39008	29 Mar 26	14:20:00	1	0	34	0	Ct	0	1	2	0	0	2	0	2	0	0	0	0	0	1	0	0	2	0	0	0	1	2	0	2	0	2	0	2	0	0	1	0	0	0
39009	29 Mar 26	14:21:00	1	0	34	0	Ct	0	1	0	0	0	2	0	0	1	0	0	0	0	1	0	0	2	0	0	0	1	0	3	0	0	1	0	4	0	0	1	0	6	0
39010	29 Mar 26	14:22:00	1	0	34	0	Ct	0	1	0	0	0	3	0	0	2	2	0	0	0	0	0	0	4	0	0	0	0	1	3	1	0	0	0	3	0	2	0	0	11	0
39011	29 Mar 26	14:23:00	1	0	34	0	Ct	0	1	0	0	0	2	0	2	0	0	0	0	0	3	0	0	0	1	0	0	0	11	0	3	0	0	0	5	0	0	1	0	2	2
39012	29 Mar 26	14:24:00	1	0	34	0	Ct	0	1	0	2	0	2	0	0	1	0	0	0	0	0	0	0	0	2	0	0	0	1	2	2	0	0	0	5	0	0	3	0	0	0
39013	29 Mar 26	14:25:00	1	0	34	0	Ct	0	1	0	0	0	1	0	2	0	0	0	0	0	1	0	0	1	1	0	0	0	1	1	1	0	0	0	1	0	0	1	0	0	0
39014	29 Mar 26	14:26:00	1	0	34	0	Ct	0	1	0	1	0	5	0	1	1	0	0	0	0	2	0	0	1	6	0	1	0	0	1	2	0	0	0	0	0	0	2	0	0	0
39015	29 Mar 26	14:27:00	1	0	34	0	Ct	0	1	0	1	0	1	0	2	3	2	0	0	0	0	0	0	0	8	0	2	0	0	0	3	0	0	0	0	0	0	1	0	1	0
39016	29 Mar 26	14:28:00	1	0	34	0	Ct	0	1	0	0	0	1	0	2	4	0	0	0	0	0	0	0	0	0	0	1	0	0	5	2	0	0	0	0	0	0	2	0	0	0
39017	29 Mar 26	14:29:00	1	0	34	0	Ct	0	1	0	2	0	6	0	2	1	0	0	0	0	0	0	0	0	0	0	0	0	2	1	4	0	0	0	0	0	0	1	0	1	0
39018	29 Mar 26	14:30:00	1	0	34	0	Ct	0	1	0	3	0	3	0	3	1	0	0	0	0	1	0	0	0	2	0	0	0	0	2	1	0	0	0	0	0	0	2	0	7	0
39019	29 Mar 26	14:31:00	1	0	34	0	Ct	0	1	0	2	0	1	0	0	2	0	0	0	0	1	0	0	1	0	0	0	0	0	0	2	0	2	0	1	0	0	0	0	9	0
39020	29 Mar 26	14:32:00	1	0	34	0	Ct	0	1	1	1	0	0	0	0	0	0	0	0	0	1	0	0	1	0	0	0	0	0	0	2	0	0	0	2	0	0	1	0	1	0
39021	29 Mar 26	14:33:00	1	0	34	0	Ct	0	1	1	2	0	2	0	0	2	0	0	0	1	0	0	0	0	0	0	0	0	2	0	1	0	0	0	2	0	0	1	0	0	0
39022	29 Mar 26	14:34:00	1	0	34	0	Ct	0	1	0	0	0	1	0	0	2	0	0	3	4	1	0	1	0	1	0	0	0	4	1	3	0	0	0	2	0	0	1	0	0	0
39023	29 Mar 26	14:35:00	1	0	34	0	Ct	0	1	1	1	0	0	0	2	2	0	0	0	2	1	0	0	0	0	0	0	0	0	4	3	0	0	0	2	0	0	0	0	0	1
39024	29 Mar 26	14:36:00	1	0	34	0	Ct	0	1	2	1	0	0	0	2	2	0	0	0	1	1	0	2	2	0	0	2	0	0	0	1	0	1	0	1	0	0	2	0	0	1
39025	29 Mar 26	14:37:00	1	0	34	0	Ct	0	1	2	3	0	3	0	3	0	0	0	0	1	1	0	0	0	0	1	1	2	0	0	1	0	1	0	1	0	0	2	0	0	0
39026	29 Mar 26	14:38:00	1	0	34	0	Ct	0	1	6	0	0	2	0	3	0	0	0	0	2	1	0	2	2	0	0	2	1	0	2	1	0	0	0	2	0	0	1	0	0	0
39027	29 Mar 26	14:39:00	1	0	34	0	Ct	0	1	0	2	0	1	0	0	0	0	0	0	6	1	0	0	1	0	0	1	0	0	1	0	0	0	0	3	0	0	2	0	0	0
39028	29 Mar 26	14:40:00	1	0	34	0	Ct	0	1	0	0	0	3	0	1	0	0	0	0	0	1	0	0	1	0	1	0	0	0	1	0	0	0	0	4	0	0	2	0	0	0
39029	29 Mar 26	14:41:00	1	0	34	0	Ct	0	1	0	1	0	2	0	2	0	0	0	0	0	2	0	0	1	2	1	2	0	0	0	2	0	0	0	1	0	0	4	0	0	0
39030	29 Mar 26	14:42:00	1	0	34	0	Ct	0	1	0	1	0	1	0	5	0	0	0	0	0	1	1	0	1	0	1	0	0	0	1	2	0	0	0	1	0	0	0	0	0	0
39031	29 Mar 26	14:43:00	1	0	34	0	Ct	0	1	0	1	0	1	0	2	0	0	0	0	0	1	0	0	3	0	0	0	0	0	2	1	1	1	0	1	0	0	1	0	0	0
39032	29 Mar 26	14:44:00	1	0	34	0	Ct	0	1	0	1	0	0	0	2	0	0	0	0	0	1	0	0	1	0	0	0	0	0	2	3	1	2	0	4	0	0	1	0	0	0
39033	29 Mar 26	14:45:00	1	0	34	0	Ct	0	1	0	0	0	2	0	0	0	0	0	0	0	0	0	0	5	0	6	2	0	5	1	1	0	3	0	1	0	0	4	0	1	0
39034	29 Mar 26	14:46:00	1	0	34	0	Ct	0	1	0	1	0	4	0	1	0	0	0	0	0	2	0	0	0	0	0	0	0	0	4	0	0	1	0	3	0	0	3	0	0	0
39035	29 Mar 26	14:47:00	1	0	34	0	Ct	0	1	0	1	0	0	0	2	0	0	0	0	0	0	0	0	0	0	8	0	0	2	3	0	0	0	3	1	0	1	1	0	0	0
39036	29 Mar 26	14:48:00	1	0	34	0	Ct	0	1	0	0	0	0	0	3	0	0	0	0	0	0	0	0	2	0	0	2	0	4	5	2	0	0	0	3	0	1	0	0	0	0
39037	29 Mar 26	14:49:00	1	0	34	0	Ct	0	1	0	0	0	1	0	0	0	0	0	0	0	1	0	0	1	0	0	0	0	2	2	2	0	0	0	0	0	0	2	0	0	0
39038	29 Mar 26	14:50:00	1	0	34	0	Ct	0	1	2	0	0	1	0	1	0	0	0	0	1	1	0	0	1	0	0	0	0	0	3	3	0	0	0	2	1	0	0	0	0	0
39039	29 Mar 26	14:51:00	1	0	34	0	Ct	0	1	2	0	0	0	0	1	0	0	1	0	0	0	0	0	2	2	0	2	0	2	0	3	0	0	0	0	3	0	1	0	0	0
39040	29 Mar 26	14:52:00	1	0	34	0	Ct	0	1	0	0	0	2	0	1	0	4	0	0	2	1	0	0	0	0	0	1	0	1	1	0	0	0	0	3	2	0	2	0	0	0
39041	29 Mar 26	14:53:00	1	0	34	0	Ct	0	1	0	1	0	5	0	3	0	0	0	0	0	2	0	0	2	0	0	2	0	2	4	0	1	0	0	1	3	0	1	0	0	0
39042	29 Mar 26	14:54:00	1	0	34	0	Ct	0	1	0	1	0	3	0	3	0	0	0	0	3	2	0	0	1	0	1	2	0	0	2	2	0	0	0	0	1	0	0	0	0	0
39043	29 Mar 26	14:55:00	1	0	34	0	Ct	0	1	1	1	0	0	0	0	0	0	0	0	2	1	0	0	0	0	0	0	0	0	1	2	10	0	0	0	0	0	1	0	0	0
39044	29 Mar 26	14:56:00	1	0	34	0	Ct	0	1	1	2	0	3	0	2	0	0	0	0	1	1	0	0	0	0	0	1	0	1	0	2	0	0	0	0	4	0	0	0	0	0
39045	29 Mar 26	14:57:00	1	0	34	0	Ct	0	1	0	1	0	1	0	0	0	3	0	0	1	1	0	0	1	0	0	1	1	0	0	1	0	0	0	0	0	0	0	0	0	0
39046	29 Mar 26	14:58:00	1	0	34	0	Ct	0	1	0	0	0	0	0	1	0	2	0	0	0	1	0	0	1	0	0	0	1	0	0	1	0	0	0	0	0	0	3	0	0	0
39047	29 Mar 26	14:59:00	1	0	34	0	Ct	0	1	0	2	0	1	0	1	0	1	0	0	0	1	0	0	2	0	0	0	3	0	2	1	0	0	0	0	2	0	0	0	0	0
39048	29 Mar 26	15:00:00	1	0	34	0	Ct	0	1	0	0	0	1	0	1	0	0	0	0	0	0	0	0	2	0	0	0	2	3	0	1	0	0	0	0	1	0	1	0	0	1
39049	29 Mar 26	15:01:00	1	0	34	0	Ct	0	1	0	0	0	1	0	1	0	0	0	0	0	0	0	0	2	2	0	0	1	1	3	2	0	0	0	0	2	0	1	0	0	1
39050	29 Mar 26	15:02:00	1	0	34	0	Ct	0	1	0	0	0	0	0	3	0	0	1	0	0	0	0	0	1	2	0	0	0	0	0	6	0	0	0	0	2	0	0	0	0	0
39051	29 Mar 26	15:03:00	1	0	34	0	Ct	0	1	0	0	0	0	0	0	0	0	0	0	0	0	0	0	2	0	0	1	4	0	2	3	0	0	0	0	2	0	0	0	0	1
39052	29 Mar 26	15:04:00	1	0	34	0	Ct	0	1	0	2	0	0	0	2	0	0	0	0	1	2	0	2	0	0	0	1	1	0	2	2	0	0	0	0	2	1	0	0	2	0
39053	29 Mar 26	15:05:00	1	0	34	0	Ct	0	1	0	0	0	3	0	2	0	1	0	0	0	0	0	0	0	0	0	0	0	0	0	1	0	0	0	0	1	1	0	0	0	1
39054	29 Mar 26	15:06:00	1	0	34	0	Ct	0	1	0	1	0	1	0	1	0	1	0	0	3	1	0	0	2	1	0	0	1	0	2	1	0	0	0	0	0	0	1	0	0	0
39055	29 Mar 26	15:07:00	1	0	34	0	Ct	0	1	0	1	0	2	0	2	4	0	0	0	1	1	0	10	0	0	0	1	0	0	2	1	0	0	0	0	4	2	2	0	0	0
39056	29 Mar 26	15:08:00	1	0	34	0	Ct	0	1	0	0	1	0	0	0	1	0	0	0	0	3	0	0	0	0	0	2	0	0	2	0	0	0	0	3	0	0	1	0	0	0
39057	29 Mar 26	15:09:00	1	0	34	0	Ct	0	1	0	0	0	3	0	0	0	0	0	0	1	0	0	0	0	0	0	1	0	0	1	0	0	0	0	2	2	0	2	0	0	0
39058	29 Mar 26	15:10:00	1	0	34	0	Ct	0	1	0	0	0	2	0	0	0	0	0	0	2	1	0	0	0	0	0	0	0	0	0	0	0	0	0	0	2	0	0	0	0	0
39059	29 Mar 26	15:11:00	1	0	34	0	Ct	0	1	0	0	5	3	0	2	0	0	0	0	1	0	0	0	0	0	0	0	0	0	0	2	0	0	0	0	0	0	0	0	0	0
39060	29 Mar 26	15:12:00	1	0	34	0	Ct	0	1	0	0	3	2	0	0	0	0	0	0	0	0	0	0	2	0	0	1	0	0	0	2	0	0	0	0	0	0	0	0	0	0
39061	29 Mar 26	15:13:00	1	0	34	0	Ct	0	1	0	0	5	1	0	0	0	0	0	0	0	0	0	0	2	0	0	2	0	0	0	0	0	0	0	0	0	0	0	0	0	0
39062	29 Mar 26	15:14:00	1	0	34	0	Ct	0	1	0	0	3	2	0	0	0	0	0	0	2	1	0	0	4	0	0	0	0	0	0	3	0	0	0	0	6	0	0	0	0	0
39063	29 Mar 26	15:15:00	1	0	34	0	Ct	0	1	0	0	2	3	0	0	2	0	0	0	2	3	0	0	2	0	0	1	0	0	1	2	0	0	0	0	0	0	2	0	0	0
39064	29 Mar 26	15:16:00	1	0	34	0	Ct	0	1	0	0	1	1	0	0	3	0	0	0	1	1	0	0	1	0	0	1	0	1	0	0	0	0	0	0	0	0	1	0	0	0
39065	29 Mar 26	15:17:00	1	0	34	0	Ct	0	1	0	0	2	1	0	0	0	0	0	0	1	0	0	0	0	0	0	0	0	1	1	2	0	0	0	0	1	0	1	0	0	0
39066	29 Mar 26	15:18:00	1	0	34	0	Ct	0	1	0	0	3	2	0	2	0	0	0	0	1	0	0	0	0	0	0	0	0	0	2	0	0	0	0	0	2	0	1	0	0	0
39067	29 Mar 26	15:19:00	1	0	34	0	Ct	0	1	0	0	2	1	0	3	0	0	0	0	1	3	0	0	2	0	0	1	0	0	1	2	0	0	0	0	1	0	1	0	0	0
39068	29 Mar 26	15:20:00	1	0	34	0	Ct	0	1	0	0	1	1	0	2	0	0	0	0	2	0	0	0	1	0	0	1	0	7	0	2	0	0	0	0	0	0	2	0	0	0
39069	29 Mar 26	15:21:00	1	0	34	0	Ct	0	1	0	0	2	2	0	0	0	0	0	0	0	1	3	0	1	0	0	0	0	0	0	2	2	0	0	0	1	0	0	0	0	0
39070	29 Mar 26	15:22:00	1	0	34	0	Ct	0	1	0	0	1	1	0	2	0	0	0	0	1	0	0	0	1	1	0	0	0	0	3	3	0	0	0	0	3	0	1	0	0	0
39071	29 Mar 26	15:23:00	1	0	34	0	Ct	0	1	0	0	1	2	0	0	4	0	0	0	0	0	0	0	2	2	0	0	0	0	0	2	0	0	0	0	0	1	1	0	0	0
39072	29 Mar 26	15:24:00	1	0	34	0	Ct	0	1	0	0	1	3	0	2	0	0	0	0	5	1	0	0	0	1	0	3	0	0	3	3	0	0	0	0	0	3	0	0	0	0
39073	29 Mar 26	15:25:00	1	0	34	0	Ct	0	1	0	0	2	1	0	5	1	0	0	1	0	1	0	0	2	0	0	0	0	0	5	0	0	0	0	0	2	0	0	0	0	0
39074	29 Mar 26	15:26:00	1	0	34	0	Ct	0	1	0	0	3	5	0	1	0	0	0	0	0	0	0	0	2	5	0	0	0	0	2	2	2	0	0	0	1	0	3	0	0	0
39075	29 Mar 26	15:27:00	1	0	34	0	Ct	0	1	1	0	2	1	0	0	0	0	0	0	2	2	0	0	1	2	0	0	0	0	2	0	1	0	0	0	1	0	1	0	1	0
39076	29 Mar 26	15:28:00	1	0	34	0	Ct	0	1	3	0	1	3	0	0	2	0	0	0	0	2	0	0	1	0	0	0	0	0	2	0	0	0	0	0	0	0	1	0	2	0
39077	29 Mar 26	15:29:00	1	0	34	0	Ct	0	1	0	0	4	2	0	1	0	0	0	0	3	0	0	0	4	0	0	0	0	0	2	1	0	0	0	0	0	0	0	0	3	0
39078	29 Mar 26	15:30:00	1	0	34	0	Ct	0	1	0	0	2	1	0	4	1	0	0	0	0	0	0	0	3	2	0	0	0	2	0	4	0	0	0	0	0	0	2	0	5	0
39079	29 Mar 26	15:31:00	1	0	34	0	Ct	0	1	0	0	3	6	0	0	2	0	0	0	0	0	0	0	2	1	0	0	0	1	1	0	0	0	0	0	0	0	4	0	1	0
39080	29 Mar 26	15:32:00	1	0	34	0	Ct	0	1	0	0	0	0	0	0	1	0	0	0	0	0	0	0	1	0	0	0	0	0	3	4	0	0	0	0	0	0	0	0	3	2
39081	29 Mar 26	15:33:00	1	0	34	0	Ct	0	1	0	0	1	0	0	0	2	0	0	0	0	0	0	0	0	0	0	0	0	1	0	1	0	0	0	1	0	0	1	0	2	0
39082	29 Mar 26	15:34:00	1	0	34	0	Ct	0	1	0	0	2	5	0	0	0	0	0	0	0	0	0	0	0	0	0	0	0	8	1	3	0	0	0	3	0	0	1	0	1	0
39083	29 Mar 26	15:35:00	1	0	34	0	Ct	0	1	0	0	3	0	0	2	0	0	1	0	0	0	0	0	0	0	0	0	0	0	1	3	0	0	0	3	1	0	0	0	1	0
39084	29 Mar 26	15:36:00	1	0	34	0	Ct	0	1	0	0	3	0	0	2	0	0	0	0	0	0	0	0	4	0	0	0	0	0	0	1	0	0	0	3	1	0	1	0	4	0
39085	29 Mar 26	15:37:00	1	0	34	0	Ct	0	1	0	0	1	0	0	0	0	0	0	0	2	1	0	0	2	0	0	1	0	1	1	0	0	0	0	3	0	0	1	0	0	0
39086	29 Mar 26	15:38:00	1	0	34	0	Ct	0	1	0	0	2	0	0	0	0	0	0	0	3	2	0	0	2	0	0	1	0	6	1	0	0	0	0	2	0	0	2	0	3	0
39087	29 Mar 26	15:39:00	1	0	34	0	Ct	0	1	0	0	2	0	0	2	0	0	0	0	0	1	0	0	4	0	0	0	0	0	0	2	0	0	0	1	0	2	1	0	4	0
39088	29 Mar 26	15:40:00	1	0	34	0	Ct	0	1	0	1	0	0	0	3	0	0	0	0	0	2	0	0	1	0	0	0	0	1	0	4	0	0	0	1	0	0	0	0	2	0
39089	29 Mar 26	15:41:00	1	0	34	0	Ct	0	1	0	3	2	0	0	1	0	0	0	0	0	0	0	0	0	0	0	0	0	0	1	0	0	0	0	2	0	0	0	0	4	0
39090	29 Mar 26	15:42:00	1	0	34	0	Ct	0	1	0	0	1	1	0	0	0	0	0	0	0	0	0	0	0	0	0	0	0	0	1	2	0	0	0	4	0	0	0	0	3	0
39091	29 Mar 26	15:43:00	1	0	34	0	Ct	0	1	0	2	0	0	0	3	0	0	0	0	0	0	0	1	0	0	0	0	0	0	0	2	0	0	0	0	0	1	1	0	3	2
39092	29 Mar 26	15:44:00	1	0	34	0	Ct	0	1	0	0	2	0	0	0	0	0	0	0	2	1	0	0	0	1	0	0	0	0	0	2	0	0	0	1	0	1	2	0	3	0
39093	29 Mar 26	15:45:00	1	0	34	0	Ct	0	1	0	1	4	1	0	2	0	0	0	0	2	1	1	4	0	0	0	0	0	9	0	0	0	0	0	1	0	0	0	0	2	0
39094	29 Mar 26	15:46:00	1	0	34	0	Ct	0	1	0	1	0	1	0	2	1	0	0	0	0	0	1	0	0	0	0	0	0	0	0	2	0	0	0	5	0	0	0	0	3	0
39095	29 Mar 26	15:47:00	1	0	34	0	Ct	0	1	1	1	2	1	0	1	0	0	0	0	0	2	0	3	0	0	0	0	0	1	0	0	0	0	0	3	0	0	0	0	3	0
39096	29 Mar 26	15:48:00	1	0	34	0	Ct	0	1	1	0	2	2	0	3	0	0	0	0	0	1	0	1	0	0	0	0	0	0	0	0	0	0	0	0	0	0	5	0	2	2
39097	29 Mar 26	15:49:00	1	0	34	0	Ct	0	1	0	0	5	0	0	0	0	0	0	0	0	0	0	1	0	0	0	0	0	1	0	0	0	0	0	0	0	0	2	0	3	0
39098	29 Mar 26	15:50:00	1	0	34	0	Ct	0	1	0	2	0	6	0	2	1	0	0	0	0	2	3	1	0	1	0	0	0	2	0	1	0	0	0	1	0	0	1	0	4	0
39099	29 Mar 26	15:51:00	1	0	34	0	Ct	0	1	0	0	4	3	0	1	2	0	0	0	0	0	3	0	1	0	0	0	1	1	0	2	0	0	0	2	0	0	1	0	1	0
39100	29 Mar 26	15:52:00	1	0	34	0	Ct	0	1	1	0	0	0	0	1	2	0	0	0	0	0	0	0	1	0	0	0	0	0	0	2	0	0	0	2	0	0	0	0	3	0
39101	29 Mar 26	15:53:00	1	0	34	0	Ct	0	1	0	0	2	2	0	0	4	0	0	0	1	0	0	2	0	0	0	0	1	0	0	0	0	0	0	0	0	0	1	0	3	0
39102	29 Mar 26	15:54:00	1	0	34	0	Ct	0	1	0	0	1	1	0	0	1	0	0	0	2	0	0	1	0	4	0	0	0	0	0	0	0	0	0	0	0	0	3	0	1	0
39103	29 Mar 26	15:55:00	1	0	34	0	Ct	0	1	0	0	2	1	0	0	2	1	0	0	1	0	0	0	3	1	0	0	0	0	0	0	0	0	0	0	0	0	0	0	0	0
39104	29 Mar 26	15:56:00	1	0	34	0	Ct	0	1	0	0	2	0	0	0	4	0	0	0	2	0	1	1	3	0	0	0	0	0	0	0	0	0	0	0	0	1	2	0	1	0
39105	29 Mar 26	15:57:00	1	0	34	0	Ct	0	1	0	0	1	0	0	0	0	0	0	0	2	2	2	1	0	0	0	0	0	0	0	0	0	1	0	0	0	1	1	0	2	0
39106	29 Mar 26	15:58:00	1	0	34	0	Ct	0	1	0	0	0	1	0	0	0	1	0	0	3	0	1	0	2	0	0	0	0	0	0	0	0	0	0	0	0	0	2	0	3	0
39107	29 Mar 26	15:59:00	1	0	34	0	Ct	0	1	0	1	1	0	0	2	0	3	0	0	2	1	2	0	0	0	0	0	0	0	0	0	0	0	0	0	0	0	0	0	2	2
39108	29 Mar 26	16:00:00	1	0	34	0	Ct	0	1	0	2	1	0	0	1	0	0	0	0	1	1	3	0	0	0	0	0	0	3	0	0	0	1	0	0	0	0	0	0	2	0
39109	29 Mar 26	16:01:00	1	0	34	0	Ct	0	1	0	0	0	0	0	0	0	1	0	0	0	0	2	0	0	0	0	0	0	0	0	0	1	0	4	0	0	2	0	0	2	0
39110	29 Mar 26	16:02:00	1	0	34	0	Ct	0	1	0	1	0	0	0	0	0	2	0	0	0	0	1	0	0	0	0	0	0	4	0	0	0	0	1	2	1	0	0	0	4	0
39111	29 Mar 26	16:03:00	1	0	34	0	Ct	0	1	0	2	0	0	0	0	0	0	0	0	0	1	3	0	0	2	0	0	0	2	1	0	0	0	1	0	3	0	1	0	2	0
39112	29 Mar 26	16:04:00	1	0	34	0	Ct	0	1	0	2	0	0	0	1	0	0	0	0	0	1	2	0	0	0	0	0	0	2	1	0	0	0	0	0	2	0	1	0	3	0
39113	29 Mar 26	16:05:00	1	0	34	0	Ct	0	1	0	1	1	0	0	2	0	0	0	0	1	1	2	0	2	0	0	0	0	2	0	0	0	0	1	1	2	0	0	0	1	0
39114	29 Mar 26	16:06:00	1	0	34	0	Ct	0	1	0	0	0	0	0	0	0	0	0	0	1	1	1	0	1	0	0	0	0	4	0	0	0	0	0	3	0	0	1	0	4	0
39115	29 Mar 26	16:07:00	1	0	34	0	Ct	0	1	0	0	3	0	0	0	0	0	1	0	0	1	2	0	1	0	0	0	0	2	0	0	0	0	0	2	0	1	1	0	4	2
39116	29 Mar 26	16:08:00	1	0	34	0	Ct	0	1	1	2	0	0	0	0	0	2	3	0	0	0	3	0	2	0	0	0	0	0	3	0	0	0	0	0	0	2	0	0	4	0
39117	29 Mar 26	16:09:00	1	0	34	0	Ct	0	1	1	0	0	0	0	0	0	0	1	0	0	0	1	0	1	0	0	0	0	0	2	0	0	0	0	0	1	0	1	0	3	0
39118	29 Mar 26	16:10:00	1	0	34	0	Ct	0	1	0	2	0	0	0	0	0	2	1	0	0	2	5	0	4	0	0	0	0	2	0	0	0	0	0	3	0	0	0	0	2	3
39119	29 Mar 26	16:11:00	1	0	34	0	Ct	0	1	0	1	1	0	0	3	0	1	0	0	0	0	1	0	1	0	0	0	0	0	0	0	0	0	0	1	1	1	1	0	1	0
39120	29 Mar 26	16:12:00	1	0	34	0	Ct	0	1	0	0	1	0	0	0	0	1	0	0	0	0	1	0	4	0	0	0	0	0	0	0	0	0	0	0	0	1	0	0	3	0
39121	29 Mar 26	16:13:00	1	0	34	0	Ct	0	1	0	0	0	0	0	0	0	1	0	0	0	0	1	0	0	0	0	0	0	0	0	2	0	0	0	0	0	0	1	0	3	0
39122	29 Mar 26	16:14:00	1	0	34	0	Ct	0	1	0	0	0	0	0	5	0	1	0	0	0	1	2	0	1	0	0	0	0	0	0	2	0	0	0	3	0	0	1	0	2	0
39123	29 Mar 26	16:15:00	1	0	34	0	Ct	0	1	0	0	1	0	0	1	0	0	0	0	0	1	4	0	1	0	0	0	0	0	0	3	0	0	0	1	0	0	1	0	2	0
39124	29 Mar 26	16:16:00	1	0	34	0	Ct	0	1	0	0	0	0	0	0	0	2	0	0	0	0	1	0	0	0	0	0	0	0	0	1	0	0	0	1	0	0	2	0	1	0
39125	29 Mar 26	16:17:00	1	0	34	0	Ct	0	1	0	0	1	0	0	1	0	0	0	0	3	4	2	0	0	1	0	0	0	0	0	0	0	0	2	2	0	0	1	0	5	0
39126	29 Mar 26	16:18:00	1	0	34	0	Ct	0	1	1	0	1	0	0	1	0	2	0	3	1	0	2	1	4	2	0	0	0	0	0	2	0	0	0	1	0	0	0	0	3	0
39127	29 Mar 26	16:19:00	1	0	34	0	Ct	0	1	1	0	0	0	0	2	0	0	0	0	1	0	1	1	0	0	0	2	0	0	0	2	0	0	0	0	1	1	1	0	3	0
39128	29 Mar 26	16:20:00	1	0	34	0	Ct	0	1	0	0	3	0	0	0	0	0	0	0	3	2	1	1	0	1	0	0	0	0	0	1	0	0	0	0	2	1	1	0	4	0
39129	29 Mar 26	16:21:00	1	0	34	0	Ct	0	1	0	0	3	0	0	2	0	3	0	0	1	0	2	0	0	3	0	0	0	0	0	1	0	0	0	0	2	0	2	0	1	0
39130	29 Mar 26	16:22:00	1	0	34	0	Ct	0	1	0	0	2	0	0	2	0	0	0	0	0	2	1	0	0	0	0	0	0	0	0	0	0	0	0	0	1	0	2	0	4	2
39131	29 Mar 26	16:23:00	1	0	34	0	Ct	0	1	0	0	3	0	0	0	0	1	0	0	2	0	0	0	0	0	0	0	0	0	0	3	0	0	0	0	0	0	1	0	3	0
39132	29 Mar 26	16:24:00	1	0	34	0	Ct	0	1	0	0	2	0	0	0	0	1	0	0	3	0	1	0	0	0	0	0	0	0	0	1	0	0	0	0	2	1	2	0	1	0
39133	29 Mar 26	16:25:00	1	0	34	0	Ct	0	1	2	0	1	0	0	0	0	0	0	0	2	0	2	0	0	1	0	0	0	0	0	0	0	0	0	0	0	1	0	0	2	0
39134	29 Mar 26	16:26:00	1	0	34	0	Ct	0	1	1	0	1	0	0	0	0	0	0	0	3	0	2	0	4	4	0	0	0	0	1	0	0	0	0	0	0	0	0	0	2	0
39135	29 Mar 26	16:27:00	1	0	34	0	Ct	0	1	0	0	0	0	0	0	0	2	0	1	2	0	1	0	1	0	0	0	0	2	1	3	0	0	0	0	0	0	1	0	3	0
39136	29 Mar 26	16:28:00	1	0	34	0	Ct	0	1	1	0	2	0	0	0	0	1	0	2	0	2	0	5	0	0	0	0	0	0	0	1	3	0	0	0	0	0	1	0	2	0
39137	29 Mar 26	16:29:00	1	0	34	0	Ct	0	1	1	0	0	0	0	0	0	1	0	0	2	2	4	2	0	0	0	0	0	0	0	1	2	0	0	0	0	0	0	0	0	0
39138	29 Mar 26	16:30:00	1	0	34	0	Ct	0	1	0	0	0	0	0	0	0	2	0	0	3	0	3	4	2	0	0	0	0	0	3	0	3	0	0	0	3	0	1	0	0	0
39139	29 Mar 26	16:31:00	1	0	34	0	Ct	0	1	0	0	0	0	0	3	0	0	0	0	0	2	1	0	2	0	0	0	0	2	4	0	2	0	0	0	1	0	0	0	5	0
39140	29 Mar 26	16:32:00	1	0	34	0	Ct	0	1	0	0	2	0	0	0	0	2	0	0	1	0	2	0	1	0	0	0	0	0	0	5	0	0	0	0	3	0	2	0	1	0
39141	29 Mar 26	16:33:00	1	0	34	0	Ct	0	1	0	0	0	0	0	1	0	1	0	0	3	0	0	0	1	0	0	0	0	3	2	3	0	0	0	0	3	0	0	0	6	0
39142	29 Mar 26	16:34:00	1	0	34	0	Ct	0	1	0	0	1	0	0	1	0	0	0	0	2	0	1	0	0	0	0	0	1	2	0	0	0	0	0	0	2	0	1	0	2	0
39143	29 Mar 26	16:35:00	1	0	34	0	Ct	0	1	1	0	0	3	0	0	0	0	0	0	4	0	3	0	2	1	0	0	2	0	2	0	0	0	0	0	2	0	2	0	3	0
39144	29 Mar 26	16:36:00	1	0	34	0	Ct	0	1	1	0	0	0	0	1	0	0	0	0	0	0	1	0	0	0	0	0	1	2	0	1	1	0	0	0	2	0	0	0	6	0
39145	29 Mar 26	16:37:00	1	0	34	0	Ct	0	1	0	0	4	0	0	3	0	1	0	0	0	0	2	0	1	1	0	0	0	2	0	2	1	0	0	0	0	0	0	0	1	0
39146	29 Mar 26	16:38:00	1	0	34	0	Ct	0	1	0	0	1	0	0	0	0	3	0	0	0	0	3	0	0	4	1	0	0	0	0	1	0	0	0	0	0	0	0	0	2	0
39147	29 Mar 26	16:39:00	1	0	34	0	Ct	0	1	0	0	2	0	0	0	0	1	0	0	0	0	1	0	2	0	0	0	0	0	0	0	0	0	0	0	0	0	0	0	0	1
39148	29 Mar 26	16:40:00	1	0	34	0	Ct	0	1	0	0	2	0	0	3	0	0	0	0	0	1	3	0	3	0	0	0	0	0	0	2	0	0	0	1	0	3	0	0	1	1
39149	29 Mar 26	16:41:00	1	0	34	0	Ct	0	1	0	0	1	0	0	4	0	0	0	0	0	0	1	3	2	1	0	0	0	3	0	0	0	0	0	0	3	0	0	0	4	0
39150	29 Mar 26	16:42:00	1	0	34	0	Ct	0	1	0	1	1	3	0	0	0	0	0	0	0	0	1	1	0	3	0	0	0	1	0	0	0	0	0	0	1	0	0	0	1	0
39151	29 Mar 26	16:43:00	1	0	34	0	Ct	0	1	0	1	0	1	0	2	0	0	0	0	0	0	2	0	1	0	0	0	0	0	3	0	0	0	0	0	1	0	0	0	2	0
39152	29 Mar 26	16:44:00	1	0	34	0	Ct	0	1	0	0	0	3	0	1	0	1	0	0	0	0	1	0	1	0	0	0	0	0	0	4	1	0	0	0	3	0	0	0	2	0
39153	29 Mar 26	16:45:00	1	0	34	0	Ct	0	1	0	0	1	2	0	1	0	0	0	0	1	1	1	0	2	0	0	0	0	0	0	2	1	0	0	0	1	1	0	0	2	0
39154	29 Mar 26	16:46:00	1	0	34	0	Ct	0	1	0	0	1	5	0	0	0	1	0	0	1	3	0	0	1	0	0	0	0	0	2	1	0	0	0	1	3	1	0	0	2	1
39155	29 Mar 26	16:47:00	1	0	34	0	Ct	0	1	0	0	5	0	0	0	0	0	0	0	0	1	0	0	1	0	0	0	0	0	2	3	0	1	0	1	1	0	0	0	4	1
39156	29 Mar 26	16:48:00	1	0	34	0	Ct	0	1	0	0	2	2	0	2	0	0	1	0	1	1	0	2	0	0	0	0	0	0	2	1	0	0	0	0	0	1	0	0	1	0
39157	29 Mar 26	16:49:00	1	0	34	0	Ct	0	1	0	0	1	1	0	2	0	0	0	2	2	0	0	0	1	0	0	0	0	7	1	1	0	2	0	0	0	1	0	0	2	0
39158	29 Mar 26	16:50:00	1	0	34	0	Ct	0	1	0	0	2	4	0	2	0	0	0	0	0	0	0	0	1	0	0	0	0	8	3	0	1	0	0	1	2	0	0	0	2	0
39159	29 Mar 26	16:51:00	1	0	34	0	Ct	0	1	1	0	1	3	0	0	0	0	0	0	0	1	0	0	0	0	0	0	0	5	2	2	1	0	0	2	3	0	0	0	3	0
39160	29 Mar 26	16:52:00	1	0	34	0	Ct	0	1	1	0	0	0	0	0	0	0	0	1	0	1	0	0	2	0	0	0	0	0	3	4	1	0	0	2	4	0	0	0	3	1
39161	29 Mar 26	16:53:00	1	0	34	0	Ct	0	1	0	0	2	4	0	0	0	0	0	0	0	0	2	4	2	0	0	0	0	0	3	2	0	0	0	0	0	0	0	0	5	1
39162	29 Mar 26	16:54:00	1	0	34	0	Ct	0	1	2	0	1	0	0	0	0	0	0	0	0	0	2	0	0	1	0	0	0	0	0	1	0	0	0	0	1	0	0	0	3	2
39163	29 Mar 26	16:55:00	1	0	34	0	Ct	0	1	1	0	2	0	0	0	0	0	0	0	0	1	1	3	0	4	0	0	0	2	3	0	1	0	1	0	0	0	0	0	2	2
39164	29 Mar 26	16:56:00	1	0	34	0	Ct	0	1	0	0	1	1	0	0	0	1	0	0	0	2	0	0	3	0	0	0	0	3	0	0	2	0	1	0	0	0	0	0	3	0
39165	29 Mar 26	16:57:00	1	0	34	0	Ct	0	1	0	0	1	2	0	0	0	1	0	0	0	2	1	3	2	0	0	0	1	0	0	2	1	0	0	0	1	0	0	0	2	1
39166	29 Mar 26	16:58:00	1	0	34	0	Ct	0	1	0	0	3	0	0	0	0	0	0	0	0	2	0	0	0	0	0	0	1	2	0	0	0	0	1	0	2	0	0	0	3	2
39167	29 Mar 26	16:59:00	1	0	34	0	Ct	0	1	0	0	1	0	0	0	0	0	0	0	0	0	1	0	2	1	0	0	2	3	0	2	4	0	2	1	1	0	0	0	5	1
39168	29 Mar 26	17:00:00	1	0	34	0	Ct	0	1	0	0	2	0	0	0	0	0	0	0	0	0	0	0	0	0	0	0	0	0	0	0	2	0	2	1	3	0	0	0	1	2
39169	29 Mar 26	17:01:00	1	0	34	0	Ct	0	1	0	0	2	0	0	2	0	0	0	0	0	2	2	0	4	0	0	0	0	1	0	0	2	0	2	4	3	0	0	0	0	0
39170	29 Mar 26	17:02:00	1	0	34	0	Ct	0	1	0	0	3	0	0	0	0	0	0	0	2	0	2	0	2	0	0	0	0	0	0	1	2	0	2	1	1	0	0	0	0	0
39171	29 Mar 26	17:03:00	1	0	34	0	Ct	0	1	0	0	1	0	0	0	0	1	1	0	1	0	1	0	0	0	0	0	0	0	0	1	2	0	0	5	1	0	0	0	0	0
39172	29 Mar 26	17:04:00	1	0	34	0	Ct	0	1	0	1	0	1	0	2	0	1	0	0	6	0	1	5	0	3	0	0	0	0	0	3	2	0	4	1	0	0	0	0	0	0
39173	29 Mar 26	17:05:00	1	0	34	0	Ct	0	1	0	1	0	1	0	1	0	0	0	0	8	0	0	2	2	2	0	0	0	0	0	2	1	0	2	1	0	0	0	0	0	2
39174	29 Mar 26	17:06:00	1	0	34	0	Ct	0	1	0	2	1	2	0	0	0	0	0	0	1	0	1	1	0	0	0	0	0	0	0	1	2	0	2	0	0	0	0	0	0	0
39175	29 Mar 26	17:07:00	1	0	34	0	Ct	0	1	0	0	2	1	0	0	0	0	0	0	0	1	0	0	0	0	0	0	0	0	0	0	2	0	0	2	0	0	0	0	0	2
39176	29 Mar 26	17:08:00	1	0	34	0	Ct	0	1	0	1	1	0	0	0	0	0	0	0	0	2	0	0	0	0	0	0	0	0	0	3	2	0	0	1	4	0	0	0	0	2
39177	29 Mar 26	17:09:00	1	0	34	0	Ct	0	1	0	2	1	1	0	0	4	1	0	0	0	1	1	0	0	0	0	0	0	0	0	2	0	0	0	1	0	0	0	0	1	2
39178	29 Mar 26	17:10:00	1	0	34	0	Ct	0	1	0	1	1	1	0	0	0	1	0	0	0	0	2	0	0	0	0	1	0	2	0	0	1	0	0	0	0	0	0	0	4	0
39179	29 Mar 26	17:11:00	1	0	34	0	Ct	0	1	0	1	2	1	0	0	5	2	0	0	2	0	1	0	0	0	0	0	0	0	0	0	1	0	0	3	1	0	0	0	1	0
39180	29 Mar 26	17:12:00	1	0	34	0	Ct	0	1	0	0	0	2	0	2	2	2	0	0	0	0	4	0	0	0	0	0	0	0	2	2	1	0	1	1	1	0	0	0	0	0
39181	29 Mar 26	17:13:00	1	0	34	0	Ct	0	1	0	2	2	0	0	3	0	1	0	0	0	0	2	0	0	0	0	0	0	0	1	0	3	0	0	0	1	0	0	0	2	0
39182	29 Mar 26	17:14:00	1	0	34	0	Ct	0	1	0	1	1	1	0	2	2	0	0	0	0	0	2	0	0	0	0	0	1	0	0	2	0	0	2	0	0	0	0	0	2	0
39183	29 Mar 26	17:15:00	1	0	34	0	Ct	0	1	0	0	0	3	0	0	1	0	2	0	0	0	2	0	0	0	0	0	1	0	0	0	0	1	2	0	0	0	1	0	0	0
39184	29 Mar 26	17:16:00	1	0	34	0	Ct	0	1	0	0	0	1	0	0	0	0	0	0	0	1	2	0	1	0	0	0	0	0	0	0	0	0	1	1	0	0	0	0	4	0
39185	29 Mar 26	17:17:00	1	0	34	0	Ct	0	1	0	1	2	1	0	0	4	0	1	0	0	1	1	0	1	0	0	1	0	0	0	1	0	5	1	2	0	0	0	0	2	0
39186	29 Mar 26	17:18:00	1	0	34	0	Ct	0	1	0	3	0	2	0	0	2	0	1	0	0	3	0	0	0	0	0	2	0	0	0	3	0	5	0	0	0	0	0	0	4	0
39187	29 Mar 26	17:19:00	1	0	34	0	Ct	0	1	0	1	0	4	0	0	3	0	0	0	0	0	0	0	0	1	0	0	1	0	0	0	0	0	0	0	0	0	0	0	3	0
39188	29 Mar 26	17:20:00	1	0	34	0	Ct	0	1	0	0	0	1	0	0	0	0	0	0	0	0	0	0	0	0	0	2	1	0	0	0	0	0	0	0	0	0	0	0	5	2
39189	29 Mar 26	17:21:00	1	0	34	0	Ct	0	1	0	0	0	1	0	0	4	0	0	0	0	2	0	0	0	1	0	0	0	0	0	0	0	0	0	0	0	0	0	0	2	1
39190	29 Mar 26	17:22:00	1	0	34	0	Ct	0	1	0	0	0	1	0	0	2	0	2	0	0	2	0	0	3	5	0	0	0	0	0	2	0	0	0	0	0	0	0	0	2	0
39191	29 Mar 26	17:23:00	1	0	34	0	Ct	0	1	2	0	0	1	0	0	3	0	0	0	0	0	0	0	0	2	0	0	0	0	0	1	0	0	1	0	0	0	0	0	0	0
39192	29 Mar 26	17:24:00	1	0	34	0	Ct	0	1	0	0	0	1	0	2	2	0	0	0	0	1	0	0	0	5	0	0	0	0	0	4	0	0	1	0	0	0	0	0	0	0
39193	29 Mar 26	17:25:00	1	0	34	0	Ct	0	1	0	0	0	2	0	0	1	0	0	0	0	1	0	0	0	2	0	0	0	0	0	3	0	0	2	0	0	0	0	0	1	0
39194	29 Mar 26	17:26:00	1	0	34	0	Ct	0	1	2	0	0	3	0	0	1	0	0	0	0	1	1	0	3	1	0	0	0	0	0	0	0	0	2	0	0	0	0	0	5	0
39195	29 Mar 26	17:27:00	1	0	34	0	Ct	0	1	0	0	0	0	0	0	3	0	0	0	1	1	0	0	1	4	0	0	0	0	0	0	0	0	0	0	0	0	0	0	2	0
39196	29 Mar 26	17:28:00	1	0	34	0	Ct	0	1	0	0	1	0	0	0	0	0	0	0	0	2	3	0	1	4	0	0	0	0	0	2	0	0	1	2	0	0	0	0	2	0
39197	29 Mar 26	17:29:00	1	0	34	0	Ct	0	1	0	0	2	2	0	0	2	0	0	0	1	1	3	0	1	2	0	0	0	0	0	0	0	0	1	0	0	0	0	0	2	0
39198	29 Mar 26	17:30:00	1	0	34	0	Ct	0	1	0	0	0	2	0	0	2	0	0	0	6	0	0	3	0	4	0	0	0	0	0	0	2	0	1	0	0	1	0	0	3	1
39199	29 Mar 26	17:31:00	1	0	34	0	Ct	0	1	0	0	1	2	0	0	1	0	0	0	2	0	1	1	0	3	0	0	0	1	0	0	0	0	0	0	0	3	0	0	5	2
39200	29 Mar 26	17:32:00	1	0	34	0	Ct	0	1	0	0	1	3	0	0	0	0	0	0	2	0	0	0	0	2	0	0	0	2	0	0	0	0	1	1	0	0	1	0	2	0
39201	29 Mar 26	17:33:00	1	0	34	0	Ct	0	1	0	0	1	1	0	0	0	0	0	0	1	1	0	4	0	4	0	0	0	1	0	0	2	0	0	3	0	0	0	0	1	1
39202	29 Mar 26	17:34:00	1	0	34	0	Ct	0	1	0	0	1	2	0	0	0	0	1	1	0	1	0	0	0	5	0	0	0	7	0	0	0	0	0	2	0	0	1	0	1	2
39203	29 Mar 26	17:35:00	1	0	34	0	Ct	0	1	0	0	1	2	0	0	0	2	0	0	0	0	0	0	0	4	0	0	0	0	0	0	0	0	0	1	0	0	0	0	5	0
39204	29 Mar 26	17:36:00	1	0	34	0	Ct	0	1	0	1	1	1	0	1	2	0	1	0	2	2	2	1	3	3	0	0	0	0	0	0	2	0	0	1	0	0	0	0	2	0
39205	29 Mar 26	17:37:00	1	0	34	0	Ct	0	1	0	1	0	1	0	0	0	0	3	0	0	1	1	1	1	2	0	0	1	0	1	0	0	0	0	1	0	0	1	0	3	0
39206	29 Mar 26	17:38:00	1	0	34	0	Ct	0	1	0	0	0	3	0	1	0	0	0	0	0	0	1	0	1	0	0	0	1	0	1	0	1	0	0	1	0	0	0	0	3	0
39207	29 Mar 26	17:39:00	1	0	34	0	Ct	0	1	0	0	1	1	0	1	3	0	0	0	0	1	1	0	0	0	0	0	0	0	1	0	1	0	0	1	0	0	0	0	1	0
39208	29 Mar 26	17:40:00	1	0	34	0	Ct	0	1	0	1	1	1	0	0	1	0	0	0	0	1	1	0	2	0	0	0	0	0	1	2	2	0	0	2	0	0	1	0	4	0
39209	29 Mar 26	17:41:00	1	0	34	0	Ct	0	1	0	1	0	1	0	0	2	0	0	0	0	0	2	0	0	0	0	0	0	0	0	0	2	0	0	1	0	0	0	0	1	0
39210	29 Mar 26	17:42:00	1	0	34	0	Ct	0	1	0	1	1	5	0	0	0	0	0	0	0	0	2	0	0	1	0	0	0	0	1	1	0	0	2	0	0	1	0	0	1	0
39211	29 Mar 26	17:43:00	1	0	34	0	Ct	0	1	0	2	2	0	0	0	3	0	0	0	0	0	1	0	0	0	0	0	1	0	1	0	0	0	0	0	0	2	0	0	2	0
39212	29 Mar 26	17:44:00	1	0	34	0	Ct	0	1	0	1	0	2	0	0	0	0	0	0	0	0	1	0	1	3	0	0	1	0	0	0	1	0	0	0	0	0	0	0	4	0
39213	29 Mar 26	17:45:00	1	0	34	0	Ct	0	1	0	0	0	1	0	0	0	0	0	0	0	2	1	0	1	0	0	0	0	0	0	2	2	0	0	0	0	0	0	0	4	0
39214	29 Mar 26	17:46:00	1	0	34	0	Ct	0	1	0	0	0	1	0	0	0	0	0	0	0	1	2	2	1	0	0	0	0	0	0	2	3	0	1	0	0	0	0	0	1	0
39215	29 Mar 26	17:47:00	1	0	34	0	Ct	0	1	0	2	0	0	0	0	0	0	0	0	0	1	2	1	2	0	0	0	0	0	0	0	1	0	0	2	0	0	0	0	3	0
39216	29 Mar 26	17:48:00	1	0	34	0	Ct	0	1	0	0	0	0	0	0	0	1	0	0	0	0	0	0	0	0	0	0	0	0	0	0	0	0	0	3	0	0	0	0	1	2
39217	29 Mar 26	17:49:00	1	0	34	0	Ct	0	1	0	0	2	9	0	0	0	1	0	0	0	0	1	1	0	0	0	0	0	0	0	0	0	0	2	1	0	0	0	0	4	0
39218	29 Mar 26	17:50:00	1	0	34	0	Ct	0	1	0	0	1	0	0	0	0	0	0	0	0	3	0	1	0	0	2	0	0	0	2	0	0	0	1	2	0	0	2	0	3	0
39219	29 Mar 26	17:51:00	1	0	34	0	Ct	0	1	0	0	0	1	0	0	0	0	0	0	1	1	0	1	1	0	0	0	0	0	0	0	0	0	2	0	0	0	0	0	2	0
39220	29 Mar 26	17:52:00	1	0	34	0	Ct	0	1	0	0	0	1	0	0	0	0	0	0	0	0	0	0	1	0	0	0	0	0	0	0	1	0	1	1	0	0	0	0	2	0
39221	29 Mar 26	17:53:00	1	0	34	0	Ct	0	1	0	0	0	2	0	0	0	0	0	0	0	0	0	1	0	1	0	0	0	0	0	0	2	1	1	2	0	0	1	0	2	0
39222	29 Mar 26	17:54:00	1	0	34	0	Ct	0	1	0	2	0	2	0	0	0	1	0	0	0	1	0	1	0	0	0	0	0	0	0	0	4	0	1	2	0	0	0	0	3	0
39223	29 Mar 26	17:55:00	1	0	34	0	Ct	0	1	0	0	0	1	0	0	0	0	0	0	0	1	0	0	0	2	0	0	0	0	2	0	0	0	0	1	0	0	0	0	1	3
39224	29 Mar 26	17:56:00	1	0	34	0	Ct	0	1	0	0	0	6	0	0	0	4	0	0	0	1	0	1	3	0	0	0	0	0	0	0	0	0	0	0	0	0	0	0	3	0
39225	29 Mar 26	17:57:00	1	0	34	0	Ct	0	1	1	2	0	2	0	0	0	2	0	0	0	2	0	0	1	0	3	0	0	0	0	0	0	0	2	2	0	0	0	0	2	1
39226	29 Mar 26	17:58:00	1	0	34	0	Ct	0	1	1	0	0	4	0	0	0	0	0	0	0	1	0	0	0	0	1	0	0	7	0	0	0	0	0	0	0	0	0	0	4	1
39227	29 Mar 26	17:59:00	1	0	34	0	Ct	0	1	0	1	0	1	0	0	0	0	0	0	0	1	0	3	2	0	0	0	0	4	0	0	1	0	0	1	0	0	0	0	4	0
39228	29 Mar 26	18:00:00	1	0	34	0	Ct	0	1	0	2	0	10	0	0	0	0	0	0	0	0	0	1	0	0	0	0	0	0	0	0	0	0	0	2	0	2	0	0	2	2
39229	29 Mar 26	18:01:00	1	0	34	0	Ct	0	1	3	1	0	1	0	0	0	0	0	0	1	0	0	1	0	0	0	0	0	0	1	0	1	0	0	1	0	0	0	0	2	0
39230	29 Mar 26	18:02:00	1	0	34	0	Ct	0	1	0	2	0	1	0	1	0	0	0	0	2	0	0	1	0	1	0	0	0	0	1	0	2	0	0	0	0	0	0	0	2	0
39231	29 Mar 26	18:03:00	1	0	34	0	Ct	0	1	0	0	0	5	0	3	0	0	2	0	3	0	0	0	2	0	0	0	0	0	0	0	0	0	1	0	0	0	0	0	4	1
39232	29 Mar 26	18:04:00	1	0	34	0	Ct	0	1	0	1	0	2	0	0	2	0	0	0	0	0	1	0	0	2	0	0	0	0	0	0	0	1	0	0	0	0	0	0	4	1
39233	29 Mar 26	18:05:00	1	0	34	0	Ct	0	1	0	1	0	2	0	0	2	0	0	0	1	0	2	2	2	3	0	0	0	0	0	0	0	0	1	0	1	0	0	0	5	2
39234	29 Mar 26	18:06:00	1	0	34	0	Ct	0	1	1	1	0	5	0	0	0	0	0	0	1	0	1	1	1	3	0	0	0	0	0	0	0	0	0	0	2	0	0	0	3	0
39235	29 Mar 26	18:07:00	1	0	34	0	Ct	0	1	1	0	0	0	0	0	6	0	1	0	1	2	1	0	1	3	0	0	0	0	0	0	0	0	0	0	1	0	0	0	3	0
39236	29 Mar 26	18:08:00	1	0	34	0	Ct	0	1	0	0	0	4	0	0	1	0	1	0	1	0	0	1	0	1	0	0	0	0	0	3	0	0	0	0	0	0	0	0	2	0
39237	29 Mar 26	18:09:00	1	0	34	0	Ct	0	1	0	2	0	5	0	0	5	0	1	0	0	0	1	3	2	2	0	0	0	0	3	1	2	0	0	0	0	0	0	0	4	0
39238	29 Mar 26	18:10:00	1	0	34	0	Ct	0	1	1	1	0	2	0	0	3	1	0	0	2	3	3	1	2	2	0	1	1	0	2	2	5	0	1	0	3	0	0	0	6	1
39239	29 Mar 26	18:11:00	1	0	34	0	Ct	0	0	2	2	0	8	0	0	0	0	0	0	5	3	2	0	1	1	0	3	0	3	3	3	3	0	2	0	1	1	0	0	6	2
39240	29 Mar 26	18:12:00	1	0	34	0	Ct	0	0	1	2	0	5	0	0	0	1	0	1	1	4	0	0	2	0	0	1	2	5	3	4	4	0	0	0	0	0	3	0	2	3
39241	29 Mar 26	18:13:00	1	0	34	0	Ct	0	0	1	0	0	0	0	0	2	0	0	3	4	5	0	4	1	0	0	0	3	2	1	7	2	0	0	0	0	0	0	0	0	2
39242	29 Mar 26	18:14:00	1	0	34	0	Ct	0	0	3	0	0	0	0	0	1	0	0	3	1	2	1	0	3	0	0	1	3	0	3	3	3	0	3	0	0	0	0	0	0	3
39243	29 Mar 26	18:15:00	1	0	34	0	Ct	0	0	4	0	0	0	0	0	1	0	0	7	0	1	0	9	3	0	0	2	4	2	5	1	6	0	1	0	2	0	0	0	0	2
39244	29 Mar 26	18:16:00	1	0	34	0	Ct	0	0	2	0	0	0	0	0	6	0	1	6	3	5	2	0	4	2	0	3	2	1	4	5	2	0	0	2	0	2	0	0	2	6
39245	29 Mar 26	18:17:00	1	0	34	0	Ct	0	0	2	1	0	0	0	0	1	3	2	4	2	2	0	0	1	0	0	1	0	4	4	4	4	0	20	3	2	6	0	0	4	3
39246	29 Mar 26	18:18:00	1	0	34	0	Ct	0	0	2	1	0	0	0	0	6	1	0	0	3	3	0	1	2	0	0	5	2	0	3	2	2	0	3	0	0	1	2	0	4	3
39247	29 Mar 26	18:19:00	1	0	34	0	Ct	0	0	2	2	0	0	0	1	3	0	1	2	7	1	6	0	1	0	0	0	5	6	4	0	1	0	3	2	0	2	0	0	2	5
39248	29 Mar 26	18:20:00	1	0	34	0	Ct	0	0	5	0	0	2	0	0	3	2	1	3	5	2	1	0	0	0	0	0	1	0	4	3	2	0	0	0	0	3	9	0	0	0
39249	29 Mar 26	18:21:00	1	0	34	0	Ct	0	0	1	2	0	0	0	3	7	3	3	6	2	9	0	0	2	0	0	1	2	2	4	2	3	0	0	3	1	3	0	0	0	3
39250	29 Mar 26	18:22:00	1	0	34	0	Ct	0	0	3	2	0	0	0	2	5	4	2	1	5	2	1	0	2	0	0	0	1	1	2	3	1	0	3	3	2	0	0	0	0	3
39251	29 Mar 26	18:23:00	1	0	34	0	Ct	0	0	2	1	0	0	0	7	3	3	3	1	2	3	2	0	3	2	0	0	2	0	1	2	3	0	4	5	7	2	0	0	2	4
39252	29 Mar 26	18:24:00	1	0	34	0	Ct	0	0	3	2	7	0	0	4	7	1	4	1	0	5	0	0	1	0	0	0	2	0	5	4	4	0	9	0	6	3	2	0	1	2
39253	29 Mar 26	18:25:00	1	0	34	0	Ct	0	0	3	0	0	0	0	0	3	3	0	5	0	2	1	0	0	0	0	0	2	3	3	4	4	0	3	0	2	0	0	0	6	2
39254	29 Mar 26	18:26:00	1	0	34	0	Ct	0	0	3	2	0	0	0	0	3	4	2	2	1	2	2	0	2	13	0	2	1	3	0	2	4	0	4	0	1	1	2	0	3	2
39255	29 Mar 26	18:27:00	1	0	34	0	Ct	0	0	3	0	0	0	0	0	8	2	5	1	7	2	2	0	3	1	2	1	6	0	3	5	4	2	1	3	3	2	3	0	5	3
39256	29 Mar 26	18:28:00	1	0	34	0	Ct	0	0	2	0	1	0	0	0	3	3	3	3	3	1	3	0	2	2	1	1	1	0	1	4	1	0	3	6	2	5	2	0	7	3
39257	29 Mar 26	18:29:00	1	0	34	0	Ct	0	0	2	0	1	0	0	1	9	4	3	2	1	2	0	1	1	0	4	2	3	0	2	1	4	0	4	7	2	1	1	0	6	2
39258	29 Mar 26	18:30:00	1	0	34	0	Ct	0	0	2	0	1	1	0	3	2	0	2	1	2	0	0	0	3	0	0	0	2	0	1	2	3	0	2	4	0	1	2	0	6	2
39259	29 Mar 26	18:31:00	1	0	34	0	Ct	0	0	3	0	3	0	0	1	4	0	2	2	0	4	0	0	3	2	0	0	0	0	0	4	4	0	4	0	1	2	4	0	7	1
39260	29 Mar 26	18:32:00	1	0	34	0	Ct	0	0	1	2	5	7	0	4	4	1	3	3	4	1	2	5	3	1	0	3	3	0	1	3	4	0	4	4	1	0	2	0	8	1
39261	29 Mar 26	18:33:00	1	0	34	0	Ct	0	0	1	0	5	3	0	0	4	1	3	2	2	2	5	1	0	2	0	5	3	0	2	4	5	0	4	0	1	2	4	0	5	4
39262	29 Mar 26	18:34:00	1	0	34	0	Ct	0	0	3	0	3	0	0	3	2	3	4	4	0	2	6	2	2	0	0	1	0	0	1	2	2	0	3	1	1	1	3	0	6	3
39263	29 Mar 26	18:35:00	1	0	34	0	Ct	0	0	1	1	5	0	0	2	5	3	4	2	3	1	4	0	2	1	0	0	1	1	1	3	3	0	3	4	0	0	2	0	5	0
39264	29 Mar 26	18:36:00	1	0	34	0	Ct	0	0	1	0	5	24	0	1	4	4	3	2	1	2	5	0	1	2	0	0	1	0	2	3	2	0	1	4	1	3	3	0	4	3
39265	29 Mar 26	18:37:00	1	0	34	0	Ct	0	0	3	0	2	8	0	0	3	4	1	3	0	1	8	3	4	0	0	1	1	0	2	3	4	0	3	5	1	2	1	0	4	2
39266	29 Mar 26	18:38:00	1	0	34	0	Ct	0	0	2	0	2	0	0	0	6	5	2	0	0	0	2	0	1	0	0	2	2	0	2	3	3	0	2	8	5	0	2	0	5	3
39267	29 Mar 26	18:39:00	1	0	34	0	Ct	0	0	4	0	2	0	0	2	1	0	4	1	1	1	3	0	0	6	0	0	2	0	2	3	2	0	3	4	4	1	1	0	5	2
39268	29 Mar 26	18:40:00	1	0	34	0	Ct	0	0	2	0	1	0	0	0	1	1	3	1	0	5	4	0	2	2	0	0	3	2	2	4	4	0	2	2	1	2	2	0	7	2
39269	29 Mar 26	18:41:00	1	0	34	0	Ct	0	0	4	0	4	0	0	0	3	1	3	5	0	2	3	0	1	4	0	0	3	4	3	2	6	0	1	3	2	0	2	0	3	2
39270	29 Mar 26	18:42:00	1	0	34	0	Ct	0	0	3	2	3	0	0	1	3	3	3	1	3	1	3	0	0	4	0	1	4	1	0	4	3	0	1	3	1	1	1	0	5	2
39271	29 Mar 26	18:43:00	1	0	34	0	Ct	0	0	2	2	4	0	0	1	2	2	2	1	0	3	4	1	3	2	0	0	1	9	2	3	4	0	2	2	0	3	2	0	6	4
39272	29 Mar 26	18:44:00	1	0	34	0	Ct	0	0	2	3	2	0	0	1	6	3	2	2	2	0	3	2	1	1	0	0	0	3	2	4	4	0	1	1	0	1	8	0	5	3
39273	29 Mar 26	18:45:00	1	0	34	0	Ct	0	0	2	1	2	0	0	0	3	2	3	1	2	2	4	1	1	4	0	0	0	0	3	2	4	0	2	3	1	3	1	0	4	1
39274	29 Mar 26	18:46:00	1	0	34	0	Ct	0	0	1	0	1	0	0	0	2	3	0	0	0	1	2	0	0	3	0	0	1	5	3	4	6	0	3	4	2	1	2	0	3	2
39275	29 Mar 26	18:47:00	1	0	34	0	Ct	0	0	2	0	5	0	0	2	4	4	0	1	2	3	3	1	0	3	2	0	2	14	0	7	3	0	4	1	1	1	4	0	4	2
39276	29 Mar 26	18:48:00	1	0	34	0	Ct	0	0	2	0	0	0	0	5	7	0	2	2	1	1	3	0	2	5	0	4	0	1	2	2	5	0	4	4	1	2	1	0	3	1
39277	29 Mar 26	18:49:00	1	0	34	0	Ct	0	0	1	0	2	0	0	1	3	2	1	1	0	2	3	7	2	3	0	6	3	0	1	1	2	0	7	1	1	0	0	0	4	5
39278	29 Mar 26	18:50:00	1	0	34	0	Ct	0	0	2	2	1	0	0	3	2	3	3	3	0	2	2	2	0	3	0	3	2	10	1	1	3	0	8	2	1	1	1	0	6	12
39279	29 Mar 26	18:51:00	1	0	34	0	Ct	0	0	2	2	0	0	0	2	2	0	0	2	0	4	5	2	0	5	0	0	2	12	1	2	3	0	4	1	1	1	3	0	5	1
39280	29 Mar 26	18:52:00	1	0	34	0	Ct	0	0	2	2	0	0	0	1	3	0	2	2	2	5	2	4	3	2	1	0	0	11	1	3	3	0	3	0	0	0	2	0	3	2
39281	29 Mar 26	18:53:00	1	0	34	0	Ct	0	0	3	3	1	1	0	2	3	3	0	1	0	1	2	4	2	4	1	0	5	0	2	3	3	0	3	2	2	0	0	0	3	2
39282	29 Mar 26	18:54:00	1	0	34	0	Ct	0	0	2	0	1	2	0	4	2	3	1	1	0	3	4	1	1	6	4	3	1	1	1	2	1	0	4	3	1	1	1	0	4	0
39283	29 Mar 26	18:55:00	1	0	34	0	Ct	0	0	2	3	5	4	0	2	4	3	2	4	1	2	3	2	0	3	0	0	2	12	0	3	3	0	1	3	2	0	3	0	1	1
39284	29 Mar 26	18:56:00	1	0	34	0	Ct	0	0	3	1	3	1	0	0	1	2	0	5	2	2	0	0	3	4	0	0	0	6	0	3	4	0	4	1	2	4	2	0	4	4
39285	29 Mar 26	18:57:00	1	0	34	0	Ct	0	0	2	1	4	1	0	1	3	3	0	2	3	1	4	4	1	3	0	0	1	7	0	2	4	0	2	1	4	1	2	0	7	1
39286	29 Mar 26	18:58:00	1	0	34	0	Ct	0	0	2	2	0	0	0	4	5	2	1	3	0	3	1	3	0	4	0	0	4	0	1	3	4	0	5	2	2	2	1	0	15	3
39287	29 Mar 26	18:59:00	1	0	34	0	Ct	0	0	3	2	0	0	0	3	6	3	1	1	1	2	4	3	1	4	0	0	3	4	1	2	2	0	1	3	4	2	1	0	4	2
39288	29 Mar 26	19:00:00	1	0	34	0	Ct	0	0	2	0	0	0	0	5	0	3	2	3	3	2	3	2	2	3	0	0	0	5	0	2	2	0	2	2	3	3	1	0	4	2
39289	29 Mar 26	19:01:00	1	0	34	0	Ct	0	0	4	0	0	0	0	3	3	1	3	1	0	3	4	0	1	5	0	0	1	1	1	3	3	0	3	2	2	1	2	0	3	3
39290	29 Mar 26	19:02:00	1	0	34	0	Ct	0	0	2	0	3	0	0	2	4	4	1	0	2	2	4	1	0	3	0	0	1	3	2	2	4	0	1	2	2	0	4	0	3	2
39291	29 Mar 26	19:03:00	1	0	34	0	Ct	0	0	3	0	0	0	0	2	2	3	0	0	0	2	2	2	0	4	0	0	2	3	1	2	5	0	1	3	0	0	2	0	5	3
39292	29 Mar 26	19:04:00	1	0	34	0	Ct	0	0	2	0	0	0	0	2	3	1	1	0	0	2	2	1	2	3	0	0	0	0	2	3	3	0	3	0	0	1	1	0	2	2
39293	29 Mar 26	19:05:00	1	0	34	0	Ct	0	0	3	0	1	0	0	3	3	2	1	1	0	2	5	1	0	4	0	0	0	0	2	2	3	0	2	4	0	2	0	0	5	3
39294	29 Mar 26	19:06:00	1	0	34	0	Ct	0	0	1	0	0	0	0	4	3	2	0	1	1	2	1	2	0	6	0	0	0	1	3	4	2	0	2	1	2	1	2	0	4	2
39295	29 Mar 26	19:07:00	1	0	34	0	Ct	0	0	2	0	1	0	0	2	3	2	0	0	0	1	5	0	1	0	0	0	1	2	3	3	3	0	1	2	2	1	0	0	4	2
39296	29 Mar 26	19:08:00	1	0	34	0	Ct	0	0	2	0	2	0	0	2	4	1	0	0	1	2	2	2	1	1	4	0	3	3	2	2	7	0	2	1	0	0	4	0	3	2
39297	29 Mar 26	19:09:00	1	0	34	0	Ct	0	0	1	0	3	0	0	4	4	2	0	0	1	3	4	0	1	0	0	0	1	2	3	3	1	0	2	3	1	1	0	0	3	3
39298	29 Mar 26	19:10:00	1	0	34	0	Ct	0	0	2	2	4	0	0	1	7	1	2	2	1	1	3	5	0	2	1	4	2	0	3	2	2	0	1	2	3	1	1	0	4	1
39299	29 Mar 26	19:11:00	1	0	34	0	Ct	0	0	3	3	2	0	0	2	5	2	2	3	2	1	4	2	2	3	2	0	3	0	4	3	3	0	0	3	1	1	2	0	2	1
39300	29 Mar 26	19:12:00	1	0	34	0	Ct	0	0	1	0	3	0	0	2	3	3	2	4	1	1	0	3	1	3	6	0	1	0	3	0	4	0	2	2	3	1	3	0	0	2
39301	29 Mar 26	19:13:00	1	0	34	0	Ct	0	0	4	0	2	0	0	3	5	3	2	0	2	0	5	1	3	5	3	3	2	0	2	2	3	0	1	6	1	1	0	0	3	2
39302	29 Mar 26	19:14:00	1	0	34	0	Ct	0	0	2	2	3	0	0	3	3	1	3	2	0	2	2	0	0	4	0	0	3	0	0	0	1	0	2	4	7	2	0	0	2	2
39303	29 Mar 26	19:15:00	1	0	34	0	Ct	0	0	1	1	3	0	0	2	4	2	0	2	1	2	2	6	0	4	3	0	4	5	2	3	2	0	2	0	1	1	1	0	3	2
39304	29 Mar 26	19:16:00	1	0	34	0	Ct	0	0	1	0	4	0	0	1	2	0	2	2	1	2	2	4	1	2	0	0	0	2	3	3	1	0	3	0	0	1	3	0	2	0
39305	29 Mar 26	19:17:00	1	0	34	0	Ct	0	0	0	1	3	2	0	2	3	3	1	2	0	2	1	1	2	2	3	0	1	5	2	3	4	0	0	3	9	1	1	0	6	1
39306	29 Mar 26	19:18:00	1	0	34	0	Ct	0	0	2	0	3	3	0	4	2	0	3	2	0	1	3	2	3	3	0	3	2	0	2	3	2	0	1	3	14	1	1	0	5	1
39307	29 Mar 26	19:19:00	1	0	34	0	Ct	0	0	2	0	4	0	0	0	2	3	1	0	0	2	1	1	2	4	0	0	0	0	3	4	7	0	2	4	0	0	6	0	4	2
39308	29 Mar 26	19:20:00	1	0	34	0	Ct	0	0	2	0	4	0	0	3	5	4	4	2	0	2	1	4	3	2	0	0	2	0	2	4	3	0	3	1	0	1	3	0	2	2
39309	29 Mar 26	19:21:00	1	0	34	0	Ct	0	0	3	0	2	0	0	1	2	0	5	2	0	1	2	1	3	4	0	0	2	0	3	2	2	0	0	2	0	0	3	0	6	2
39310	29 Mar 26	19:22:00	1	0	34	0	Ct	0	0	1	0	1	0	0	0	5	2	1	2	0	2	2	1	2	4	0	0	2	0	3	6	3	0	1	3	0	2	1	0	2	3
39311	29 Mar 26	19:23:00	1	0	34	0	Ct	0	0	2	0	2	0	0	1	2	0	1	1	0	2	3	1	1	2	0	5	2	2	3	0	3	0	1	3	0	2	4	0	6	1
39312	29 Mar 26	19:24:00	1	0	34	0	Ct	0	0	1	0	5	0	0	4	3	1	1	1	0	1	3	0	1	4	0	0	2	0	2	2	3	0	0	4	0	2	1	0	7	2
39313	29 Mar 26	19:25:00	1	0	34	0	Ct	0	0	1	0	4	0	0	2	2	1	0	2	0	2	3	3	1	3	0	1	7	1	2	0	4	0	2	2	3	2	0	0	5	2
39314	29 Mar 26	19:26:00	1	0	34	0	Ct	0	0	2	0	1	0	0	1	1	7	1	0	0	1	6	3	2	3	0	2	2	0	1	3	6	0	4	3	1	2	2	0	4	3
39315	29 Mar 26	19:27:00	1	0	34	0	Ct	0	0	2	0	4	0	0	4	3	5	2	1	0	1	2	2	2	5	2	10	4	0	3	1	4	0	5	1	2	1	4	0	1	3
39316	29 Mar 26	19:28:00	1	0	34	0	Ct	0	0	1	0	1	0	0	4	3	1	1	1	0	1	1	1	3	4	0	3	0	0	2	5	2	0	2	4	1	2	7	0	1	3
39317	29 Mar 26	19:29:00	1	0	34	0	Ct	0	0	3	0	2	0	0	2	3	0	3	1	4	2	4	0	4	2	2	0	2	0	2	4	3	0	5	4	4	2	3	0	5	2
39318	29 Mar 26	19:30:00	1	0	34	0	Ct	0	0	2	1	0	0	0	0	4	0	1	1	0	0	3	3	3	4	1	0	3	0	0	3	2	0	5	5	0	2	1	0	3	2
39319	29 Mar 26	19:31:00	1	0	34	0	Ct	0	0	3	2	0	0	0	0	5	2	0	2	0	2	1	1	2	5	0	0	2	4	2	2	2	0	5	1	0	1	3	0	5	2
39320	29 Mar 26	19:32:00	1	0	34	0	Ct	0	0	2	0	0	0	0	5	4	1	1	3	1	2	4	2	3	3	0	0	3	0	1	2	3	0	2	6	1	2	2	0	3	1
39321	29 Mar 26	19:33:00	1	0	34	0	Ct	0	0	2	1	1	0	0	2	5	1	1	2	5	2	4	3	3	4	2	0	2	0	4	2	2	0	1	3	2	1	2	0	2	2
39322	29 Mar 26	19:34:00	1	0	34	0	Ct	0	0	1	3	1	0	0	1	2	2	3	3	2	2	2	0	1	3	0	0	0	0	1	3	3	0	1	0	1	1	2	0	2	2
39323	29 Mar 26	19:35:00	1	0	34	0	Ct	0	0	3	4	2	0	0	3	6	2	4	1	6	2	4	2	2	5	0	0	0	0	2	4	2	0	2	1	1	0	2	0	10	3
39324	29 Mar 26	19:36:00	1	0	34	0	Ct	0	0	3	1	3	0	0	2	3	4	4	0	2	0	2	1	3	3	3	0	3	4	1	3	5	0	4	3	2	1	2	0	6	3
39325	29 Mar 26	19:37:00	1	0	34	0	Ct	0	0	1	3	2	0	0	2	4	2	2	0	4	1	4	2	2	3	2	0	2	0	1	2	4	0	2	3	4	2	2	0	2	3
39326	29 Mar 26	19:38:00	1	0	34	0	Ct	0	0	1	1	2	0	0	3	5	2	3	2	4	2	2	3	2	3	2	0	1	0	3	3	3	0	3	1	2	1	2	0	5	4
39327	29 Mar 26	19:39:00	1	0	34	0	Ct	0	0	2	1	1	0	0	1	4	4	4	3	2	2	0	1	2	3	1	1	0	4	0	3	2	0	1	3	1	3	1	0	4	3
39328	29 Mar 26	19:40:00	1	0	34	0	Ct	0	0	1	2	2	0	0	4	6	3	2	2	0	2	7	1	1	3	1	0	0	1	0	1	2	0	2	4	1	0	5	0	4	2
39329	29 Mar 26	19:41:00	1	0	34	0	Ct	0	0	5	2	3	0	0	2	2	2	4	2	1	2	3	2	2	2	1	1	4	2	1	1	1	0	4	3	0	2	3	0	5	1
39330	29 Mar 26	19:42:00	1	0	34	0	Ct	0	0	2	15	2	0	0	0	1	3	4	2	2	2	1	0	2	3	0	0	1	0	4	5	5	0	0	3	0	2	0	0	4	2
39331	29 Mar 26	19:43:00	1	0	34	0	Ct	0	0	1	2	2	0	0	3	3	3	4	2	0	1	3	2	1	1	0	0	4	0	0	2	3	0	1	4	1	0	3	0	4	3
39332	29 Mar 26	19:44:00	1	0	34	0	Ct	0	0	4	4	2	0	0	1	0	4	2	6	1	2	2	3	0	2	0	0	1	0	3	2	3	0	2	2	1	3	0	0	4	1
39333	29 Mar 26	19:45:00	1	0	34	0	Ct	0	0	2	1	2	0	0	3	1	3	2	2	2	3	0	1	2	2	3	0	1	4	2	2	4	0	3	2	0	3	0	0	4	3
39334	29 Mar 26	19:46:00	1	0	34	0	Ct	0	0	0	1	3	0	0	3	3	2	8	2	0	2	1	0	4	2	2	0	7	0	2	3	5	0	2	2	0	1	4	0	4	1
39335	29 Mar 26	19:47:00	1	0	34	0	Ct	0	0	3	2	4	0	0	2	2	3	1	2	1	3	0	1	2	4	1	0	3	2	1	2	3	0	2	2	0	1	4	0	3	2
39336	29 Mar 26	19:48:00	1	0	34	0	Ct	0	0	2	1	4	0	0	3	3	3	3	3	1	2	6	10	1	1	3	0	0	3	2	1	3	0	2	3	0	2	2	0	4	2
39337	29 Mar 26	19:49:00	1	0	34	0	Ct	0	0	2	2	2	0	0	1	3	2	2	1	4	2	2	12	1	5	1	0	5	3	2	2	4	0	1	5	1	4	1	0	4	2
39338	29 Mar 26	19:50:00	1	0	34	0	Ct	0	0	2	1	2	0	0	3	4	4	1	3	4	4	1	1	2	3	1	0	2	4	3	2	4	0	2	4	2	1	4	0	5	5
39339	29 Mar 26	19:51:00	1	0	34	0	Ct	0	0	3	1	1	0	0	2	3	1	0	0	1	4	2	0	0	3	1	0	2	1	1	2	4	0	1	3	1	2	2	0	4	2
39340	29 Mar 26	19:52:00	1	0	34	0	Ct	0	0	2	3	3	0	0	3	2	2	1	2	2	1	2	1	3	3	1	1	2	2	2	3	2	0	6	11	2	0	2	0	3	0
39341	29 Mar 26	19:53:00	1	0	34	0	Ct	0	0	2	2	2	0	0	1	5	4	1	2	2	5	2	3	3	3	1	0	1	0	2	3	3	0	6	5	4	3	1	0	5	3
39342	29 Mar 26	19:54:00	1	0	34	0	Ct	0	0	2	1	4	0	0	2	2	1	1	3	0	2	3	1	3	6	0	1	2	0	2	4	3	0	2	1	5	0	0	0	4	2
39343	29 Mar 26	19:55:00	1	0	34	0	Ct	0	0	2	1	3	0	0	2	2	4	4	2	3	2	1	1	3	2	0	0	0	0	2	4	0	0	2	3	2	2	1	0	4	2
39344	29 Mar 26	19:56:00	1	0	34	0	Ct	0	0	2	1	3	0	0	2	4	3	3	3	1	1	2	2	2	4	4	2	0	3	2	2	2	0	3	2	2	2	1	0	6	1
39345	29 Mar 26	19:57:00	1	0	34	0	Ct	0	0	3	1	1	0	0	2	3	0	3	1	0	2	1	0	1	2	1	4	0	0	2	2	3	0	2	4	4	3	4	0	7	2
39346	29 Mar 26	19:58:00	1	0	34	0	Ct	0	0	1	1	2	0	0	4	2	1	2	2	9	1	2	1	1	3	3	1	2	6	2	4	4	0	2	4	2	1	2	0	5	2
39347	29 Mar 26	19:59:00	1	0	34	0	Ct	0	0	4	2	6	0	0	1	2	3	3	1	0	2	4	3	2	1	1	0	3	3	2	3	5	0	2	2	0	2	3	0	5	1
39348	29 Mar 26	20:00:00	1	0	34	0	Ct	0	0	2	1	2	0	0	1	3	2	0	4	0	3	2	3	1	2	2	4	1	1	2	1	3	0	1	0	1	2	0	0	4	2
39349	29 Mar 26	20:01:00	1	0	34	0	Ct	0	0	3	1	4	0	0	1	4	2	0	1	5	0	1	1	1	3	1	2	1	0	2	3	3	0	1	4	2	0	0	0	6	2
39350	29 Mar 26	20:02:00	1	0	34	0	Ct	0	0	2	2	2	0	0	0	1	4	0	5	5	2	2	3	1	3	3	0	1	0	0	4	1	0	1	3	0	2	0	0	5	3
39351	29 Mar 26	20:03:00	1	0	34	0	Ct	0	0	4	1	0	4	0	2	3	1	1	2	1	2	3	1	2	3	1	0	1	0	3	3	2	0	2	1	2	2	1	0	3	3
39352	29 Mar 26	20:04:00	1	0	34	0	Ct	0	0	2	1	0	0	0	4	3	3	4	2	4	3	4	3	1	3	2	0	0	0	1	2	4	1	2	2	3	2	1	0	4	1
39353	29 Mar 26	20:05:00	1	0	34	0	Ct	0	0	2	5	2	0	0	1	3	2	3	2	2	2	5	4	4	4	1	1	2	4	2	3	3	1	3	3	0	2	3	0	3	2
39354	29 Mar 26	20:06:00	1	0	34	0	Ct	0	0	2	3	1	0	0	3	3	1	4	3	3	2	2	3	3	3	2	0	3	0	1	2	6	0	3	6	3	2	1	0	4	6
39355	29 Mar 26	20:07:00	1	0	34	0	Ct	0	0	2	2	6	0	0	4	3	0	1	1	0	2	2	1	2	3	1	1	3	2	4	5	3	0	0	1	1	1	1	0	5	3
39356	29 Mar 26	20:08:00	1	0	34	0	Ct	0	0	2	2	3	5	0	4	2	0	5	5	0	2	1	0	1	2	1	6	4	4	1	2	3	0	3	1	7	2	4	0	4	4
39357	29 Mar 26	20:09:00	1	0	34	0	Ct	0	0	0	2	0	0	0	1	2	2	1	1	0	2	4	1	0	2	3	0	0	3	3	2	3	0	2	4	13	2	2	0	5	3
39358	29 Mar 26	20:10:00	1	0	34	0	Ct	0	0	2	2	2	2	0	2	6	3	1	2	1	3	3	1	1	4	1	0	0	1	2	3	3	0	3	1	2	3	2	0	3	4
39359	29 Mar 26	20:11:00	1	0	34	0	Ct	0	0	2	2	3	10	0	3	3	1	1	1	0	1	3	2	1	3	3	3	2	4	2	4	5	0	1	3	2	2	1	0	3	3
39360	29 Mar 26	20:12:00	1	0	34	0	Ct	0	0	3	1	5	13	0	3	4	2	1	0	19	3	2	4	0	5	1	0	0	2	2	2	4	1	2	2	0	4	3	0	6	4
39361	29 Mar 26	20:13:00	1	0	34	0	Ct	0	0	1	5	2	0	0	3	3	1	1	4	45	3	3	2	2	4	1	0	6	0	1	3	8	1	3	4	2	3	1	0	4	2
39362	29 Mar 26	20:14:00	1	0	34	0	Ct	0	0	3	1	2	0	0	1	4	2	1	0	14	3	2	3	2	4	3	0	1	1	3	3	4	0	2	3	3	1	2	0	5	2
39363	29 Mar 26	20:15:00	1	0	34	0	Ct	0	0	2	1	2	0	0	2	3	3	1	2	0	1	3	0	2	3	2	4	2	0	2	2	1	0	3	2	1	2	2	0	7	2
39364	29 Mar 26	20:16:00	1	0	34	0	Ct	0	0	2	1	3	0	0	2	3	3	4	3	1	3	5	0	0	4	1	3	2	2	3	3	3	0	4	2	2	3	0	0	2	0
39365	29 Mar 26	20:17:00	1	0	34	0	Ct	0	0	3	2	1	0	0	2	3	2	2	3	3	1	0	1	2	1	1	0	1	0	3	4	0	0	2	6	2	5	3	0	1	3
39366	29 Mar 26	20:18:00	1	0	34	0	Ct	0	0	2	2	3	0	0	0	3	3	1	2	0	2	1	3	1	4	2	1	3	0	2	1	2	1	1	4	2	3	1	0	3	3
39367	29 Mar 26	20:19:00	1	0	34	0	Ct	0	0	2	1	3	0	0	1	4	2	0	2	1	3	1	1	2	2	1	2	1	1	2	1	5	1	2	4	2	2	1	0	2	1
39368	29 Mar 26	20:20:00	1	0	34	0	Ct	0	0	4	2	3	0	0	3	5	4	3	4	1	3	4	4	3	4	3	0	0	3	2	5	3	2	2	4	3	4	8	0	7	2
39369	29 Mar 26	20:21:00	1	0	34	0	Ct	0	0	2	1	1	0	0	4	3	1	3	1	0	2	2	1	4	3	1	0	4	1	2	3	5	0	2	4	3	3	2	0	4	3
39370	29 Mar 26	20:22:00	1	0	34	0	Ct	0	0	3	4	3	0	0	1	3	0	3	2	1	1	3	2	2	5	1	0	2	0	2	3	3	0	2	1	1	3	0	0	5	3
39371	29 Mar 26	20:23:00	1	0	34	0	Ct	0	0	3	1	0	0	0	4	3	5	1	3	1	1	2	1	4	2	2	0	3	0	0	2	4	0	4	2	5	2	2	0	4	2
39372	29 Mar 26	20:24:00	1	0	34	0	Ct	0	0	3	1	1	0	0	2	1	6	3	3	3	1	4	2	1	1	2	0	7	0	2	2	4	0	3	3	0	2	5	0	6	3
39373	29 Mar 26	20:25:00	1	0	34	0	Ct	0	0	2	2	3	0	0	3	1	2	3	2	2	5	2	1	2	3	1	1	1	0	2	3	7	0	4	5	0	1	1	0	7	5
39374	29 Mar 26	20:26:00	1	0	34	0	Ct	0	0	2	2	2	0	0	2	11	3	0	0	0	2	2	2	1	5	2	0	2	4	2	2	3	0	2	2	1	2	1	0	3	2
39375	29 Mar 26	20:27:00	1	0	34	0	Ct	0	0	4	1	3	0	0	2	2	4	4	1	0	1	1	8	2	3	2	0	1	0	2	3	4	0	1	4	2	1	2	0	6	5
39376	29 Mar 26	20:28:00	1	0	34	0	Ct	0	0	1	2	3	0	0	0	4	3	2	1	0	1	3	4	1	2	1	0	3	0	4	3	2	0	2	1	4	2	2	0	3	3
39377	29 Mar 26	20:29:00	1	0	34	0	Ct	0	0	2	2	4	0	0	1	5	2	4	2	2	2	1	1	4	4	0	0	0	0	1	2	3	0	5	2	3	3	1	0	7	1
39378	29 Mar 26	20:30:00	1	0	34	0	Ct	0	0	1	1	2	0	0	2	5	1	4	3	5	2	2	1	0	4	0	1	3	2	3	2	4	0	0	1	4	1	0	0	4	2
39379	29 Mar 26	20:31:00	1	0	34	0	Ct	0	0	2	1	3	0	0	3	3	3	3	2	0	2	4	2	2	4	1	2	1	1	3	3	3	0	3	1	3	2	4	0	3	2
39380	29 Mar 26	20:32:00	1	0	34	0	Ct	0	0	1	1	3	7	0	2	4	3	1	2	3	1	1	1	0	2	0	0	5	1	2	2	4	0	5	3	1	1	1	0	6	3
39381	29 Mar 26	20:33:00	1	0	34	0	Ct	0	0	2	1	4	10	0	2	4	2	0	1	0	2	4	1	1	3	3	0	1	0	2	1	4	0	1	3	3	1	2	0	5	1
39382	29 Mar 26	20:34:00	1	0	34	0	Ct	0	0	3	0	4	0	0	3	1	3	0	3	0	2	2	6	2	2	2	2	0	0	4	2	3	0	3	1	2	5	3	0	5	4
39383	29 Mar 26	20:35:00	1	0	34	0	Ct	0	0	2	0	1	0	0	3	3	4	0	1	1	4	2	4	3	5	1	0	0	0	2	3	4	0	5	3	0	2	0	0	6	1
39384	29 Mar 26	20:36:00	1	0	34	0	Ct	0	0	3	2	4	0	0	2	4	5	3	0	0	2	2	2	3	1	1	0	1	0	2	1	5	0	2	0	1	2	1	0	3	4
39385	29 Mar 26	20:37:00	1	0	34	0	Ct	0	0	2	2	0	0	0	1	4	1	1	0	3	3	3	0	1	2	2	1	1	0	1	1	4	0	1	0	3	2	2	0	4	2
39386	29 Mar 26	20:38:00	1	0	34	0	Ct	0	0	3	1	4	0	0	2	5	0	1	2	0	3	4	1	2	5	2	0	3	0	3	2	3	0	6	0	1	2	1	0	5	5
39387	29 Mar 26	20:39:00	1	0	34	0	Ct	0	0	2	1	2	0	0	4	3	2	0	4	4	3	3	2	0	3	3	1	1	3	1	2	4	1	1	5	5	2	4	0	4	3
39388	29 Mar 26	20:40:00	1	0	34	0	Ct	0	0	3	2	3	0	0	4	2	1	2	1	2	1	4	0	1	5	1	0	3	0	2	2	4	1	3	2	1	3	0	0	4	4
39389	29 Mar 26	20:41:00	1	0	34	0	Ct	0	0	1	1	2	0	0	2	2	1	0	1	0	2	2	2	2	1	3	0	3	2	2	3	5	0	2	4	3	1	0	0	4	3
39390	29 Mar 26	20:42:00	1	0	34	0	Ct	0	0	4	1	5	0	0	4	2	2	2	2	2	2	3	1	5	5	1	2	7	1	0	4	3	0	2	4	1	1	3	0	0	2
39391	29 Mar 26	20:43:00	1	0	34	0	Ct	0	0	3	1	4	0	0	2	3	1	0	4	3	2	2	0	3	1	1	0	2	2	4	1	4	0	1	2	0	1	2	0	4	3
39392	29 Mar 26	20:44:00	1	0	34	0	Ct	0	0	3	2	4	0	0	1	2	3	0	0	1	1	2	3	1	3	2	0	2	3	0	3	3	0	5	3	1	4	3	0	3	3
39393	29 Mar 26	20:45:00	1	0	34	0	Ct	0	0	0	3	1	0	0	2	0	2	1	5	0	2	2	0	2	4	1	0	1	0	0	1	3	0	3	3	2	4	1	0	3	3
39394	29 Mar 26	20:46:00	1	0	34	0	Ct	0	0	1	1	4	0	0	1	1	2	7	1	2	4	3	3	2	4	1	0	4	0	3	3	4	0	2	3	2	2	1	0	4	2
39395	29 Mar 26	20:47:00	1	0	34	0	Ct	0	0	2	2	2	0	0	3	0	3	4	2	4	3	2	0	1	3	1	0	2	1	3	4	4	0	3	4	4	2	1	0	3	1
39396	29 Mar 26	20:48:00	1	0	34	0	Ct	0	0	2	1	2	0	0	0	2	2	3	2	0	2	2	1	2	3	2	0	0	4	2	2	4	0	1	3	3	2	1	0	3	5
39397	29 Mar 26	20:49:00	1	0	34	0	Ct	0	0	2	1	2	0	0	3	3	1	1	3	0	2	3	2	1	4	1	1	2	1	1	2	4	0	3	3	2	1	0	0	3	3
39398	29 Mar 26	20:50:00	1	0	34	0	Ct	0	0	2	4	10	0	0	1	2	1	2	2	1	3	3	2	2	4	2	5	4	0	3	2	4	0	2	4	2	1	2	0	3	2
39399	29 Mar 26	20:51:00	1	0	34	0	Ct	0	0	2	1	4	1	0	3	4	2	2	3	1	0	2	3	2	4	2	1	1	0	2	1	4	0	2	0	5	2	1	0	0	3
39400	29 Mar 26	20:52:00	1	0	34	0	Ct	0	0	4	2	3	0	0	3	4	4	3	3	0	3	2	0	2	4	1	0	0	0	3	0	3	0	2	1	3	4	2	0	4	3
39401	29 Mar 26	20:53:00	1	0	34	0	Ct	0	0	1	3	4	0	0	2	2	3	2	4	1	4	4	1	2	2	1	0	3	0	0	2	5	0	2	1	3	2	0	0	3	3
39402	29 Mar 26	20:54:00	1	0	34	0	Ct	0	0	2	1	1	0	0	4	4	2	4	1	4	3	3	3	2	6	4	1	0	0	1	1	2	0	4	5	1	2	2	0	4	3
39403	29 Mar 26	20:55:00	1	0	34	0	Ct	0	0	1	1	3	0	0	2	4	2	5	2	1	2	3	1	0	3	2	0	1	0	3	2	31	0	0	4	2	1	0	0	4	3
39404	29 Mar 26	20:56:00	1	0	34	0	Ct	0	0	3	1	3	0	0	4	3	4	0	2	4	2	2	1	1	3	2	0	2	0	1	1	15	0	2	5	0	5	6	0	5	3
39405	29 Mar 26	20:57:00	1	0	34	0	Ct	0	0	2	2	1	0	0	1	3	1	2	4	0	2	3	1	1	3	2	1	2	3	2	2	2	0	3	6	2	2	2	0	3	3
39406	29 Mar 26	20:58:00	1	0	34	0	Ct	0	0	6	1	2	0	0	2	4	3	3	0	4	3	4	6	1	2	1	0	0	1	2	2	6	0	1	3	3	2	0	0	4	4
39407	29 Mar 26	20:59:00	1	0	34	0	Ct	0	0	2	2	2	0	0	4	2	1	3	2	0	0	3	1	2	5	1	1	2	0	2	3	2	0	2	2	0	3	2	0	5	2
39408	29 Mar 26	21:00:00	1	0	34	0	Ct	0	0	1	1	2	0	0	4	3	0	1	0	0	3	2	1	1	3	1	0	5	0	2	3	4	0	1	3	2	1	1	0	6	1
39409	29 Mar 26	21:01:00	1	0	34	0	Ct	0	0	3	3	3	0	0	1	4	2	3	2	0	1	3	3	3	5	1	1	8	0	2	3	5	0	1	3	1	2	2	0	7	3
39410	29 Mar 26	21:02:00	1	0	34	0	Ct	0	0	2	3	3	0	0	2	2	0	3	2	0	3	2	3	1	4	1	0	4	0	1	8	8	0	4	3	1	2	2	0	4	5
39411	29 Mar 26	21:03:00	1	0	34	0	Ct	0	0	3	2	3	0	0	3	4	0	2	2	0	2	2	2	0	3	1	2	2	0	0	1	7	0	4	5	0	3	2	0	4	3
39412	29 Mar 26	21:04:00	1	0	34	0	Ct	0	0	2	2	5	0	0	1	3	2	3	1	0	3	3	1	2	2	1	0	2	0	4	3	3	0	6	4	0	0	1	0	4	2
39413	29 Mar 26	21:05:00	1	0	34	0	Ct	0	0	4	2	5	0	0	1	6	2	2	2	0	3	2	1	2	3	3	2	1	4	2	3	2	0	2	4	0	3	0	0	3	3
39414	29 Mar 26	21:06:00	1	0	34	0	Ct	0	0	1	2	4	0	0	0	3	0	1	3	0	2	2	4	0	3	0	1	1	4	3	0	1	0	1	5	0	1	4	0	4	3
39415	29 Mar 26	21:07:00	1	0	34	0	Ct	0	0	4	2	2	0	0	4	3	3	7	5	0	4	1	0	1	4	1	1	4	0	2	3	1	0	4	2	0	3	2	0	5	5
39416	29 Mar 26	21:08:00	1	0	34	0	Ct	0	0	2	1	3	0	0	3	3	3	1	3	0	2	2	1	2	3	0	0	1	0	2	3	0	0	2	3	2	2	11	0	3	4
39417	29 Mar 26	21:09:00	1	0	34	0	Ct	0	0	3	2	2	0	0	3	6	3	3	2	0	2	4	4	2	4	1	0	0	4	2	3	1	0	2	2	1	1	1	0	4	3
39418	29 Mar 26	21:10:00	1	0	34	0	Ct	0	0	1	2	1	0	0	1	5	2	0	2	0	1	1	2	2	5	1	1	2	3	3	2	0	0	4	3	1	2	2	0	3	3
39419	29 Mar 26	21:11:00	1	0	34	0	Ct	0	0	2	2	3	0	0	3	2	1	2	2	0	2	5	2	1	3	1	1	2	0	3	1	2	0	4	4	1	1	0	0	4	4
39420	29 Mar 26	21:12:00	1	0	34	0	Ct	0	0	3	4	2	0	0	4	4	3	2	1	1	2	2	1	1	1	1	2	2	1	3	2	0	0	1	5	1	3	1	0	5	0
39421	29 Mar 26	21:13:00	1	0	34	0	Ct	0	0	2	1	3	0	0	0	2	2	1	2	5	1	3	1	3	5	2	1	0	3	2	2	6	0	1	4	5	1	2	0	5	1
39422	29 Mar 26	21:14:00	1	0	34	0	Ct	0	0	4	2	3	0	0	2	3	3	1	2	12	2	4	3	5	3	0	2	3	1	3	3	1	0	3	2	3	3	1	0	1	3
39423	29 Mar 26	21:15:00	1	0	34	0	Ct	0	0	2	2	1	0	0	4	4	3	0	2	39	1	2	1	3	1	1	0	0	0	2	3	2	0	4	4	4	2	4	0	3	2
39424	29 Mar 26	21:16:00	1	0	34	0	Ct	0	0	2	8	3	0	0	3	5	0	3	0	30	3	3	4	2	2	2	0	3	0	2	2	3	0	2	4	0	2	5	0	5	2
39425	29 Mar 26	21:17:00	1	0	34	0	Ct	0	0	2	0	2	0	0	1	2	3	2	2	14	0	2	2	1	2	1	1	4	8	0	2	1	0	0	2	2	1	2	0	4	3
39426	29 Mar 26	21:18:00	1	0	34	0	Ct	0	0	2	1	4	0	0	3	3	3	1	4	0	3	4	5	1	2	1	0	4	2	1	3	0	0	1	1	2	3	2	0	4	2
39427	29 Mar 26	21:19:00	1	0	34	0	Ct	0	0	1	3	2	0	0	3	3	2	1	1	0	2	4	1	2	4	2	0	4	0	2	3	1	0	1	1	2	2	2	0	2	3
39428	29 Mar 26	21:20:00	1	0	34	0	Ct	0	0	2	2	3	0	0	4	3	4	0	1	6	2	2	0	2	4	1	2	0	0	2	1	2	0	6	3	2	3	3	0	9	4
39429	29 Mar 26	21:21:00	1	0	34	0	Ct	0	0	1	1	2	0	0	3	1	3	2	3	0	2	3	1	1	4	1	1	2	2	2	2	1	0	0	1	1	3	2	0	4	4
39430	29 Mar 26	21:22:00	1	0	34	0	Ct	0	0	3	0	4	2	0	3	1	2	1	4	0	1	1	2	0	4	0	3	2	2	0	2	1	0	3	3	2	3	1	0	8	3
39431	29 Mar 26	21:23:00	1	0	34	0	Ct	0	0	2	1	4	0	0	3	3	3	1	2	1	2	1	1	0	2	1	1	1	5	0	2	1	0	1	2	2	2	3	0	4	4
39432	29 Mar 26	21:24:00	1	0	34	0	Ct	0	0	3	2	2	0	0	3	3	2	3	3	1	3	1	2	2	5	0	3	2	0	0	1	0	0	3	4	3	2	3	0	3	2
39433	29 Mar 26	21:25:00	1	0	34	0	Ct	0	0	2	1	4	0	0	2	4	3	4	3	6	3	2	2	3	4	1	1	0	3	1	2	7	0	2	3	0	1	3	0	4	4
39434	29 Mar 26	21:26:00	1	0	34	0	Ct	0	0	3	2	1	0	0	3	4	2	2	2	0	1	5	0	1	3	3	4	2	6	2	6	1	0	2	3	2	2	2	0	5	3
39435	29 Mar 26	21:27:00	1	0	34	0	Ct	0	0	7	2	3	0	0	4	4	3	0	0	1	2	2	1	0	2	1	3	4	1	3	3	0	0	2	2	1	2	2	0	4	2
39436	29 Mar 26	21:28:00	1	0	34	0	Ct	0	0	1	1	4	0	0	3	5	1	2	3	5	3	1	3	2	3	0	3	4	0	3	2	2	0	2	4	0	2	2	0	4	4
39437	29 Mar 26	21:29:00	1	0	34	0	Ct	0	0	1	4	3	0	0	3	6	0	2	3	0	3	3	2	3	3	2	1	3	0	2	3	0	0	2	3	4	2	1	0	2	3
39438	29 Mar 26	21:30:00	1	0	34	0	Ct	0	0	2	1	3	0	0	2	4	1	3	2	1	1	1	0	1	3	2	2	3	0	2	3	2	0	2	1	3	2	2	0	0	4
39439	29 Mar 26	21:31:00	1	0	34	0	Ct	0	0	2	2	7	0	0	1	3	0	3	3	1	2	2	3	1	4	1	2	3	0	1	2	1	0	2	3	2	2	2	0	1	3
39440	29 Mar 26	21:32:00	1	0	34	0	Ct	0	0	1	0	3	0	0	3	3	0	2	2	0	2	1	4	1	3	4	4	0	5	3	2	1	0	1	0	2	1	1	0	7	2
39441	29 Mar 26	21:33:00	1	0	34	0	Ct	0	0	2	3	3	0	0	2	3	1	2	0	0	1	5	3	1	4	11	2	3	1	2	4	1	0	1	0	1	2	2	0	3	0
39442	29 Mar 26	21:34:00	1	0	34	0	Ct	0	0	2	0	4	0	0	3	3	2	3	2	0	0	2	0	1	4	1	0	6	0	0	2	3	0	2	5	1	1	3	0	1	3
39443	29 Mar 26	21:35:00	1	0	34	0	Ct	0	0	4	2	4	0	0	4	5	3	1	0	0	3	2	0	0	3	1	2	1	0	0	2	2	0	1	5	0	1	1	0	4	3
39444	29 Mar 26	21:36:00	1	0	34	0	Ct	0	0	3	1	10	0	0	1	2	2	3	2	0	2	3	3	1	3	0	2	2	0	2	3	0	0	1	1	3	1	2	0	4	2
39445	29 Mar 26	21:37:00	1	0	34	0	Ct	0	0	3	1	2	0	0	2	3	2	4	2	0	2	2	2	1	4	1	3	1	0	2	3	0	1	4	0	3	2	1	0	5	2
39446	29 Mar 26	21:38:00	1	0	34	0	Ct	0	0	2	1	5	0	0	3	3	3	3	1	0	2	1	1	1	8	1	1	0	3	3	3	6	1	4	3	2	2	0	0	6	2
39447	29 Mar 26	21:39:00	1	0	34	0	Ct	0	0	4	0	3	0	0	3	2	3	1	1	0	6	1	2	3	2	1	0	3	0	4	2	3	0	2	2	1	1	1	0	3	3
39448	29 Mar 26	21:40:00	1	0	34	0	Ct	0	0	1	2	3	0	0	1	5	2	3	1	0	1	4	0	3	3	1	2	3	0	3	4	1	0	3	3	2	3	4	0	7	4
39449	29 Mar 26	21:41:00	1	0	34	0	Ct	0	0	1	0	3	0	0	2	3	2	1	1	0	2	3	0	1	1	1	2	0	3	4	3	0	0	2	4	1	2	1	0	6	2
39450	29 Mar 26	21:42:00	1	0	34	0	Ct	0	0	2	2	2	0	0	0	1	3	0	2	0	3	4	2	1	3	2	2	2	2	2	3	0	1	1	2	1	2	2	0	4	4
39451	29 Mar 26	21:43:00	1	0	34	0	Ct	0	0	2	1	3	0	0	3	0	1	0	5	0	1	3	2	2	2	2	3	3	0	2	3	1	0	2	7	0	2	2	0	4	3
39452	29 Mar 26	21:44:00	1	0	34	0	Ct	0	0	2	1	6	0	0	1	2	2	1	0	0	3	3	2	2	10	1	1	1	0	2	5	0	0	2	3	0	2	4	0	3	3
39453	29 Mar 26	21:45:00	1	0	34	0	Ct	0	0	2	2	4	0	0	4	3	2	0	2	3	1	2	1	0	3	1	2	1	10	2	1	0	0	1	0	0	1	1	0	2	3
39454	29 Mar 26	21:46:00	1	0	34	0	Ct	0	0	2	2	2	0	0	3	3	9	2	0	2	2	2	0	2	4	2	1	3	0	2	3	0	0	2	3	2	3	4	0	6	3
39455	29 Mar 26	21:47:00	1	0	34	0	Ct	0	0	2	1	3	0	0	1	1	0	1	0	7	1	4	3	4	3	0	3	0	0	1	1	0	0	3	3	6	3	2	0	4	3
39456	29 Mar 26	21:48:00	1	0	34	0	Ct	0	0	2	1	1	0	0	3	3	0	2	1	3	2	1	2	3	2	0	3	2	0	1	2	1	0	5	4	0	1	1	0	8	2
39457	29 Mar 26	21:49:00	1	0	34	0	Ct	0	0	2	1	1	0	0	1	1	0	1	4	4	0	5	12	1	3	1	3	1	0	1	2	0	0	2	2	2	2	2	0	6	3
39458	29 Mar 26	21:50:00	1	0	34	0	Ct	0	0	1	2	5	0	0	2	3	1	2	1	2	2	2	0	2	1	1	2	5	3	3	3	2	0	2	0	2	1	2	0	6	2
39459	29 Mar 26	21:51:00	1	0	34	0	Ct	0	0	4	0	4	0	0	2	4	0	0	4	3	1	3	1	0	5	2	2	5	1	3	2	0	0	1	1	2	2	3	0	9	4
39460	29 Mar 26	21:52:00	1	0	34	0	Ct	0	0	2	2	3	0	0	2	2	0	2	2	0	2	2	1	0	3	2	2	0	8	3	3	0	0	4	2	1	1	2	0	4	2
39461	29 Mar 26	21:53:00	1	0	34	0	Ct	0	0	2	3	4	0	0	2	3	0	5	2	0	4	1	0	2	5	0	2	3	2	1	1	0	0	0	1	0	2	1	0	4	3
39462	29 Mar 26	21:54:00	1	0	34	0	Ct	0	0	2	1	1	0	0	2	5	1	4	1	14	1	0	0	2	4	1	3	0	0	0	4	0	0	2	1	2	2	1	0	5	3
39463	29 Mar 26	21:55:00	1	0	34	0	Ct	0	0	2	2	2	0	0	0	2	6	2	1	11	2	2	0	2	1	2	2	1	0	0	3	0	0	1	1	3	4	2	0	4	2
39464	29 Mar 26	21:56:00	1	0	34	0	Ct	0	0	2	2	2	0	0	2	3	6	5	3	1	1	6	1	0	3	2	1	1	0	2	2	0	0	0	3	4	1	0	0	5	2
39465	29 Mar 26	21:57:00	1	0	34	0	Ct	0	0	1	1	1	0	0	1	3	1	1	2	0	3	2	2	1	4	1	2	3	3	0	4	0	0	2	0	0	1	1	0	4	3
39466	29 Mar 26	21:58:00	1	0	34	0	Ct	0	0	1	2	3	0	0	4	3	0	2	0	4	2	5	1	2	2	0	2	2	0	0	2	3	0	1	4	0	0	2	0	6	2
39467	29 Mar 26	21:59:00	1	0	34	0	Ct	0	0	3	0	1	0	0	3	1	0	0	2	0	1	2	1	0	2	3	1	2	0	3	2	0	0	0	1	0	4	1	0	6	2
39468	29 Mar 26	22:00:00	1	0	34	0	Ct	0	0	2	3	3	0	0	0	2	0	1	1	4	2	3	2	0	3	2	0	2	0	2	2	1	3	0	4	0	2	2	0	6	1
39469	29 Mar 26	22:01:00	1	0	34	0	Ct	0	0	2	0	5	0	0	0	2	1	3	2	1	2	1	0	1	2	2	1	0	0	0	1	0	0	0	4	2	2	2	0	5	2
39470	29 Mar 26	22:02:00	1	0	34	0	Ct	0	0	2	1	2	0	0	3	1	0	1	1	3	1	2	2	0	4	0	1	0	2	2	3	0	0	0	2	0	2	2	0	5	3
39471	29 Mar 26	22:03:00	1	0	34	0	Ct	0	0	4	1	1	0	0	2	2	0	3	0	1	4	2	1	1	2	1	3	0	0	0	2	0	0	0	2	3	1	0	0	2	3
39472	29 Mar 26	22:04:00	1	0	34	0	Ct	0	0	1	1	1	1	0	1	1	3	7	0	11	1	1	2	0	3	2	3	0	0	0	3	0	0	0	0	4	3	1	0	5	2
39473	29 Mar 26	22:05:00	1	0	34	0	Ct	0	0	1	2	1	0	0	1	0	1	2	0	3	1	0	2	0	3	1	2	0	3	2	3	0	0	0	0	2	1	1	0	5	3
39474	29 Mar 26	22:06:00	1	0	34	0	Ct	0	0	1	1	1	0	0	2	4	2	1	2	0	1	2	1	2	4	1	4	2	1	5	6	0	0	0	4	3	1	0	0	6	2
39475	29 Mar 26	22:07:00	1	0	34	0	Ct	0	0	2	2	2	0	0	3	3	1	2	2	1	2	2	1	0	2	1	1	1	0	2	3	0	0	0	2	1	3	2	0	0	3
39476	29 Mar 26	22:08:00	1	0	34	0	Ct	0	0	2	2	4	0	0	2	1	0	1	0	0	1	3	3	0	2	2	1	1	0	3	0	3	0	1	5	2	2	1	0	3	4
39477	29 Mar 26	22:09:00	1	0	34	0	Ct	0	0	3	4	5	0	0	3	5	0	1	0	0	3	2	3	2	2	1	2	2	0	4	2	0	0	5	1	0	2	1	0	3	2
39478	29 Mar 26	22:10:00	1	0	34	0	Ct	0	0	3	0	0	0	0	4	5	0	1	1	0	2	0	3	1	2	1	2	4	1	0	4	0	0	1	1	0	3	1	0	1	0
39479	29 Mar 26	22:11:00	1	0	34	0	Ct	0	0	1	3	3	0	0	2	3	0	1	0	0	3	1	1	0	2	0	2	2	3	0	1	0	0	1	3	0	3	1	0	5	2
39480	29 Mar 26	22:12:00	1	0	34	0	Ct	0	0	2	1	2	0	0	3	4	0	2	1	0	2	6	2	1	3	0	2	2	1	1	3	0	0	1	3	0	1	3	0	5	3
39481	29 Mar 26	22:13:00	1	0	34	0	Ct	0	0	2	5	5	0	0	2	0	1	1	1	0	2	2	1	0	2	1	3	1	3	0	2	1	0	0	5	0	2	1	0	6	1
39482	29 Mar 26	22:14:00	1	0	34	0	Ct	0	0	4	6	2	0	0	2	2	3	1	0	0	2	2	1	0	1	1	1	7	1	2	2	3	0	0	3	2	2	2	0	4	3
39483	29 Mar 26	22:15:00	1	0	34	0	Ct	0	0	1	2	1	0	0	4	4	1	2	0	0	1	1	3	0	3	0	3	3	0	1	2	0	0	5	2	0	2	1	0	4	2
39484	29 Mar 26	22:16:00	1	0	34	0	Ct	0	0	3	0	1	0	0	5	4	1	1	0	1	2	0	0	0	3	1	4	2	2	3	0	0	1	1	2	3	2	1	0	2	3
39485	29 Mar 26	22:17:00	1	0	34	0	Ct	0	0	1	1	1	0	0	3	3	0	1	0	11	0	2	1	1	3	1	1	1	3	0	1	0	0	1	0	1	2	0	0	6	3
39486	29 Mar 26	22:18:00	1	0	34	0	Ct	0	0	3	2	5	0	0	4	2	0	0	0	3	2	2	1	2	2	3	3	3	0	0	4	0	0	0	3	1	3	13	0	4	2
39487	29 Mar 26	22:19:00	1	0	34	0	Ct	0	0	4	1	2	0	0	3	3	0	0	0	1	2	0	3	1	2	0	3	3	2	0	4	0	0	0	1	1	0	1	0	0	3
39488	29 Mar 26	22:20:00	1	0	34	0	Ct	0	0	2	1	1	0	0	4	1	1	0	0	1	2	0	0	2	3	1	1	1	0	0	4	0	0	0	1	1	3	1	0	0	3
39489	29 Mar 26	22:21:00	1	0	34	0	Ct	0	0	2	3	0	0	0	3	2	1	0	1	0	1	1	1	1	3	1	3	0	0	0	5	0	0	1	0	3	2	0	0	1	2
39490	29 Mar 26	22:22:00	1	0	34	0	Ct	0	0	2	0	2	0	0	3	0	2	0	0	0	2	0	1	0	2	1	0	3	0	1	1	0	0	2	3	0	1	0	0	3	3
39491	29 Mar 26	22:23:00	1	0	34	0	Ct	0	0	1	1	1	0	0	1	2	1	0	0	0	0	0	0	0	5	0	2	0	1	1	3	0	0	0	15	1	2	1	0	2	1
39492	29 Mar 26	22:24:00	1	0	34	0	Ct	0	0	2	1	1	0	0	2	3	0	2	0	1	0	0	0	0	6	0	1	2	3	2	2	0	0	2	2	1	1	4	0	1	3
39493	29 Mar 26	22:25:00	1	0	34	0	Ct	0	0	2	2	0	0	0	2	2	0	3	0	0	2	7	3	0	2	0	3	1	1	1	2	0	0	1	0	2	11	1	0	1	2
39494	29 Mar 26	22:26:00	1	0	34	0	Ct	0	0	3	0	0	0	0	2	2	0	2	1	0	2	0	2	0	3	0	1	3	0	2	2	0	0	0	0	3	2	2	0	3	2
39495	29 Mar 26	22:27:00	1	0	34	0	Ct	0	0	4	0	0	0	0	3	2	2	0	6	1	2	2	3	1	3	1	1	2	2	1	1	0	0	0	4	2	2	1	0	3	3
39496	29 Mar 26	22:28:00	1	0	34	0	Ct	0	0	3	1	3	0	0	1	1	1	1	2	0	2	1	1	1	5	0	2	0	5	2	2	0	0	0	3	2	4	0	0	5	1
39497	29 Mar 26	22:29:00	1	0	34	0	Ct	0	0	2	1	3	0	0	3	3	1	1	2	0	0	0	3	1	3	1	2	1	0	5	2	0	0	0	3	0	3	2	0	3	3
39498	29 Mar 26	22:30:00	1	0	34	0	Ct	0	0	2	1	4	0	0	1	2	1	2	3	0	0	0	3	0	4	0	3	1	0	2	2	0	0	0	3	0	3	1	0	3	3
39499	29 Mar 26	22:31:00	1	0	34	0	Ct	0	0	2	0	4	0	0	1	2	2	0	0	0	2	1	2	0	2	1	0	0	0	3	2	0	0	0	1	2	2	0	0	2	3
39500	29 Mar 26	22:32:00	1	0	34	0	Ct	0	0	2	0	0	0	0	3	2	1	0	2	0	2	8	0	0	3	0	2	2	0	3	2	2	0	0	2	2	3	0	0	4	2
39501	29 Mar 26	22:33:00	1	0	34	0	Ct	0	0	10	1	0	0	0	2	0	0	0	0	0	2	0	0	1	3	3	0	1	0	0	2	0	0	0	4	4	4	0	0	3	1
39502	29 Mar 26	22:34:00	1	0	34	0	Ct	0	0	1	2	0	0	0	1	2	0	0	0	0	3	0	0	2	1	0	1	0	0	2	2	0	0	0	3	2	2	0	0	4	4
39503	29 Mar 26	22:35:00	1	0	34	0	Ct	0	0	2	1	0	0	0	1	1	0	2	0	3	2	4	7	1	1	0	4	2	0	3	0	0	0	1	5	1	1	1	0	5	4
39504	29 Mar 26	22:36:00	1	0	34	0	Ct	0	0	1	1	0	0	0	2	2	0	0	0	3	1	1	0	0	1	0	2	0	0	1	5	0	0	0	2	0	2	1	0	2	4
39505	29 Mar 26	22:37:00	1	0	34	0	Ct	0	0	1	0	0	0	0	0	2	0	2	0	5	4	0	0	0	0	1	1	2	0	3	1	0	0	1	1	0	1	1	0	1	3
39506	29 Mar 26	22:38:00	1	0	34	0	Ct	0	0	0	0	0	0	0	0	0	0	2	0	1	3	2	0	0	3	0	2	0	0	0	2	0	0	1	3	0	1	0	0	1	4
39507	29 Mar 26	22:39:00	1	0	34	0	Ct	0	0	3	0	0	0	0	0	0	1	0	0	1	1	0	5	0	2	1	1	1	3	0	2	0	0	0	4	0	2	1	0	5	3
39508	29 Mar 26	22:40:00	1	0	34	0	Ct	0	0	1	0	0	0	0	0	3	0	1	0	0	2	2	1	0	3	0	1	2	0	2	3	0	0	0	2	2	2	2	0	4	1
39509	29 Mar 26	22:41:00	1	0	34	0	Ct	0	0	6	1	2	0	0	0	0	0	0	0	0	1	3	1	0	4	0	1	4	0	2	1	0	0	2	1	1	3	0	0	4	4
39510	29 Mar 26	22:42:00	1	0	34	0	Ct	0	0	2	0	3	0	0	0	2	3	0	0	1	0	1	1	0	2	1	1	1	2	1	6	0	0	3	2	3	1	1	0	5	3
39511	29 Mar 26	22:43:00	1	0	34	0	Ct	0	0	1	1	0	0	0	0	0	1	2	0	4	0	1	2	0	3	0	2	2	3	1	0	0	2	1	2	3	1	1	0	2	2
39512	29 Mar 26	22:44:00	1	0	34	0	Ct	0	0	2	2	1	0	0	0	2	0	3	0	2	2	2	4	1	2	1	2	2	12	2	4	0	1	3	0	0	3	1	0	4	3
39513	29 Mar 26	22:45:00	1	0	34	0	Ct	0	0	2	3	0	0	0	0	1	0	0	0	2	2	2	0	2	4	0	3	0	0	1	5	0	0	1	0	1	3	0	0	4	3
39514	29 Mar 26	22:46:00	1	0	34	0	Ct	0	0	1	0	2	2	0	1	0	0	1	0	5	2	0	0	1	3	1	1	0	2	2	3	0	0	0	1	2	3	2	0	3	3
39515	29 Mar 26	22:47:00	1	0	34	0	Ct	0	0	1	2	4	0	0	1	0	0	1	0	6	2	3	0	2	2	1	0	0	0	4	3	0	0	0	1	1	3	2	0	5	3
39516	29 Mar 26	22:48:00	1	0	34	0	Ct	0	0	1	0	1	0	0	0	0	0	0	0	1	12	2	0	0	2	0	2	2	1	0	0	0	0	0	0	0	2	3	0	1	4
39517	29 Mar 26	22:49:00	1	0	34	0	Ct	0	0	4	0	2	0	0	0	2	0	0	0	4	0	3	0	1	1	0	1	0	0	0	3	0	0	0	1	3	2	0	0	5	3
39518	29 Mar 26	22:50:00	1	0	34	0	Ct	0	0	1	0	0	0	0	0	1	0	0	1	0	0	1	0	0	3	0	1	0	0	1	3	0	0	0	1	2	2	1	0	4	1
39519	29 Mar 26	22:51:00	1	0	34	0	Ct	0	0	3	0	0	0	0	4	0	0	0	0	0	2	2	0	0	3	0	2	5	0	1	3	1	0	0	0	2	0	0	0	5	2
39520	29 Mar 26	22:52:00	1	0	34	0	Ct	0	0	2	0	0	0	0	2	12	0	2	3	0	1	1	1	0	6	1	0	3	0	0	3	0	0	0	0	0	0	0	0	3	3
39521	29 Mar 26	22:53:00	1	0	34	0	Ct	0	0	3	0	0	0	0	7	7	0	1	2	0	3	4	1	0	2	0	0	2	5	0	2	0	0	0	0	4	4	2	0	5	2
39522	29 Mar 26	22:54:00	1	0	34	0	Ct	0	0	2	0	0	0	0	2	1	0	0	1	2	2	2	1	0	3	2	1	0	2	2	1	0	0	0	0	1	3	0	0	1	4
39523	29 Mar 26	22:55:00	1	0	34	0	Ct	0	0	2	0	0	0	0	3	1	1	0	1	0	1	2	0	0	3	0	1	1	3	1	1	0	0	0	0	1	2	0	0	0	0
39524	29 Mar 26	22:56:00	1	0	34	0	Ct	0	0	2	0	0	0	0	3	0	1	0	0	3	2	5	0	0	3	1	2	1	0	2	1	0	0	0	0	0	4	0	0	0	0
39525	29 Mar 26	22:57:00	1	0	34	0	Ct	0	0	2	0	0	0	0	2	5	0	0	0	4	2	1	0	0	3	1	0	1	2	1	1	0	0	0	1	2	2	0	0	2	2
39526	29 Mar 26	22:58:00	1	0	34	0	Ct	0	0	1	0	0	0	0	3	1	1	0	0	0	3	2	3	0	3	2	2	0	0	1	2	0	0	0	0	1	1	0	0	0	3
39527	29 Mar 26	22:59:00	1	0	34	0	Ct	0	0	2	0	0	0	0	3	1	0	0	0	1	2	2	0	0	1	0	3	2	0	1	4	0	0	0	0	2	1	0	0	3	4
39528	29 Mar 26	23:00:00	1	0	34	0	Ct	0	0	0	0	0	0	0	0	1	0	0	0	0	2	2	0	2	1	0	2	1	0	0	0	0	0	0	0	3	3	0	0	6	2
39529	29 Mar 26	23:01:00	1	0	34	0	Ct	0	0	1	0	0	0	0	2	3	0	0	0	0	1	2	0	1	2	0	1	2	0	1	3	0	0	1	0	0	2	1	0	4	2
39530	29 Mar 26	23:02:00	1	0	34	0	Ct	0	0	1	0	0	0	0	2	0	0	1	0	1	1	2	1	1	0	0	2	1	0	2	3	0	0	1	0	0	2	1	0	5	1
39531	29 Mar 26	23:03:00	1	0	34	0	Ct	0	0	5	0	0	0	0	2	2	2	1	0	0	2	3	1	0	1	2	1	0	0	2	2	0	0	0	1	3	3	7	0	5	3
39532	29 Mar 26	23:04:00	1	0	34	0	Ct	0	0	2	0	0	0	0	3	3	4	0	0	0	2	2	1	0	0	1	3	0	0	1	2	0	0	0	8	2	2	0	0	5	2
39533	29 Mar 26	23:05:00	1	0	34	0	Ct	0	0	3	0	0	0	0	1	3	6	0	0	0	0	2	0	0	1	0	1	0	0	1	2	0	0	0	0	1	1	2	0	6	3
39534	29 Mar 26	23:06:00	1	0	34	0	Ct	0	0	1	1	0	0	0	1	3	1	0	0	0	1	2	0	0	2	0	2	9	0	1	2	0	0	0	3	0	2	6	0	3	3
39535	29 Mar 26	23:07:00	1	0	34	0	Ct	0	0	2	1	0	0	0	0	5	0	0	0	2	0	5	3	0	2	0	0	1	1	0	3	1	0	0	0	0	2	3	0	5	1
39536	29 Mar 26	23:08:00	1	0	34	0	Ct	0	0	3	0	0	0	0	1	3	0	0	0	2	0	4	0	2	2	0	0	2	2	2	1	1	0	1	0	0	1	2	0	4	4
39537	29 Mar 26	23:09:00	1	0	34	0	Ct	0	0	2	0	0	0	0	0	1	0	3	0	2	2	0	4	0	3	0	2	2	0	1	2	0	0	1	0	0	0	1	0	1	1
39538	29 Mar 26	23:10:00	1	0	34	0	Ct	0	0	1	0	0	0	0	0	0	0	2	0	4	0	2	0	0	2	1	1	2	0	0	1	4	0	0	0	1	1	0	0	3	0
39539	29 Mar 26	23:11:00	1	0	34	0	Ct	0	0	1	0	0	0	0	0	2	5	1	0	1	1	0	3	0	3	1	3	3	0	0	3	0	0	0	0	2	2	1	0	2	1
39540	29 Mar 26	23:12:00	1	0	34	0	Ct	0	0	2	0	0	1	0	0	1	1	0	0	2	2	0	1	0	1	1	4	2	0	0	0	0	0	0	1	1	2	3	0	4	1
39541	29 Mar 26	23:13:00	1	0	34	0	Ct	0	0	2	0	0	4	0	1	1	0	0	0	5	0	0	1	0	3	0	0	2	0	1	2	0	0	2	0	2	1	1	0	4	1
39542	29 Mar 26	23:14:00	1	0	34	0	Ct	0	0	1	0	0	0	0	0	2	2	1	0	5	0	3	1	0	2	1	4	2	6	0	2	1	0	0	0	3	2	0	0	2	3
39543	29 Mar 26	23:15:00	1	0	34	0	Ct	0	0	3	0	0	0	0	0	2	1	2	0	0	3	2	1	0	3	4	2	2	2	1	0	1	0	5	0	3	2	0	0	4	1
39544	29 Mar 26	23:16:00	1	0	34	0	Ct	0	0	1	0	0	3	0	0	11	3	1	0	0	0	2	1	0	1	0	1	1	0	2	1	1	0	3	0	2	1	0	0	3	3
39545	29 Mar 26	23:17:00	1	0	34	0	Ct	0	0	1	1	0	3	0	2	1	3	3	0	0	1	0	1	0	3	0	3	0	2	2	2	0	0	0	0	0	1	0	0	4	2
39546	29 Mar 26	23:18:00	1	0	34	0	Ct	0	0	1	0	0	12	0	0	2	4	0	0	1	4	3	1	0	4	0	2	0	0	1	3	0	0	3	1	2	4	2	0	0	3
39547	29 Mar 26	23:19:00	1	0	34	0	Ct	0	0	3	0	0	1	0	5	3	1	1	0	1	2	2	1	0	3	0	0	3	1	1	1	0	0	0	0	1	0	2	0	3	1
39548	29 Mar 26	23:20:00	1	0	34	0	Ct	0	0	3	0	0	0	0	1	3	0	0	0	2	1	2	1	0	2	0	2	0	4	2	0	0	0	3	0	1	1	1	0	4	2
39549	29 Mar 26	23:21:00	1	0	34	0	Ct	0	0	0	0	0	0	0	1	2	0	0	0	1	1	2	0	0	0	0	2	0	1	0	2	0	0	0	0	0	2	1	0	2	2
39550	29 Mar 26	23:22:00	1	0	34	0	Ct	0	0	0	0	0	0	0	2	2	0	0	0	1	2	1	0	2	0	0	0	0	0	1	2	3	0	1	0	2	1	2	0	0	1
39551	29 Mar 26	23:23:00	1	0	34	0	Ct	0	0	1	0	0	4	0	1	1	0	0	0	1	3	2	9	1	3	0	0	1	0	1	0	4	0	2	1	4	1	0	0	0	1
39552	29 Mar 26	23:24:00	1	0	34	0	Ct	0	0	1	0	0	7	0	0	1	1	0	0	6	4	2	1	1	1	0	2	3	0	2	5	2	0	3	0	2	1	0	0	0	1
39553	29 Mar 26	23:25:00	1	0	34	0	Ct	0	0	0	0	0	4	0	0	2	0	0	0	2	0	2	0	1	0	0	0	1	0	1	2	3	0	6	0	9	1	0	0	0	1
39554	29 Mar 26	23:26:00	1	0	34	0	Ct	0	0	2	0	0	0	0	1	1	0	0	0	4	1	1	3	0	1	2	2	1	3	0	1	0	0	1	0	11	4	0	0	1	0
39555	29 Mar 26	23:27:00	1	0	34	0	Ct	0	0	3	0	0	0	0	3	2	0	0	0	3	1	2	2	0	3	0	1	2	0	1	2	1	0	3	1	1	1	0	0	19	0
39556	29 Mar 26	23:28:00	1	0	34	0	Ct	0	0	2	0	0	1	0	2	2	0	2	0	0	1	0	3	0	3	0	1	2	2	2	2	2	0	2	0	1	2	0	0	9	1
39557	29 Mar 26	23:29:00	1	0	34	0	Ct	0	0	4	0	0	0	0	3	3	0	0	0	1	1	4	3	1	3	0	1	5	0	1	0	0	0	2	0	0	3	3	0	1	1
39558	29 Mar 26	23:30:00	1	0	34	0	Ct	0	0	10	0	0	0	0	3	3	0	0	0	3	3	1	2	0	4	1	4	4	2	0	0	0	0	2	1	0	2	2	0	1	2
39559	29 Mar 26	23:31:00	1	0	34	0	Ct	0	0	1	0	0	0	0	1	5	0	0	0	3	1	1	0	1	2	0	2	0	0	0	4	0	0	1	0	0	1	2	0	1	3
39560	29 Mar 26	23:32:00	1	0	34	0	Ct	0	0	1	0	0	0	0	3	3	2	0	0	3	0	7	3	0	2	0	2	0	0	0	2	0	0	2	0	0	1	5	0	1	3
39561	29 Mar 26	23:33:00	1	0	34	0	Ct	0	0	3	0	0	0	0	2	2	1	0	0	2	1	2	2	1	4	0	0	2	0	0	1	0	0	3	0	0	1	1	0	2	2
39562	29 Mar 26	23:34:00	1	0	34	0	Ct	0	0	1	2	0	0	0	0	2	0	0	0	2	2	3	0	0	1	0	2	1	0	0	3	0	0	1	0	0	2	1	0	1	0
39563	29 Mar 26	23:35:00	1	0	34	0	Ct	0	0	2	0	0	0	0	2	2	1	0	0	1	3	1	0	0	4	0	2	0	1	0	1	0	0	0	0	0	1	1	0	5	3
39564	29 Mar 26	23:36:00	1	0	34	0	Ct	0	0	5	0	0	2	0	0	2	0	0	0	0	0	1	7	0	1	0	1	1	1	2	1	0	0	0	0	0	0	1	0	4	2
39565	29 Mar 26	23:37:00	1	0	34	0	Ct	0	0	1	0	0	1	0	0	2	2	1	0	0	2	0	1	0	18	0	0	1	7	0	2	0	0	0	0	0	3	0	0	3	1
39566	29 Mar 26	23:38:00	1	0	34	0	Ct	0	0	0	0	0	2	0	0	1	0	13	0	0	1	0	0	0	2	1	1	0	0	0	0	0	0	1	0	1	2	0	0	4	1
39567	29 Mar 26	23:39:00	1	0	34	0	Ct	0	0	2	0	0	1	0	0	1	0	4	0	0	0	2	0	0	2	0	1	1	0	0	2	0	0	1	0	1	2	1	0	4	0
39568	29 Mar 26	23:40:00	1	0	34	0	Ct	0	0	1	0	0	1	0	0	0	0	2	0	0	1	1	0	0	2	0	2	2	0	1	0	0	0	2	0	2	2	1	0	3	3
39569	29 Mar 26	23:41:00	1	0	34	0	Ct	0	0	1	0	0	0	0	0	0	3	0	0	0	1	1	3	1	2	0	0	1	0	1	1	0	0	2	0	2	2	0	0	2	2
39570	29 Mar 26	23:42:00	1	0	34	0	Ct	0	0	4	0	0	4	0	0	0	1	0	0	0	0	1	1	1	2	0	0	6	4	0	1	1	0	2	0	2	1	1	0	5	2
39571	29 Mar 26	23:43:00	1	0	34	0	Ct	0	0	2	0	0	0	0	0	1	1	0	0	0	2	1	0	3	2	0	2	2	4	0	2	2	0	1	0	3	1	0	0	4	1
39572	29 Mar 26	23:44:00	1	0	34	0	Ct	0	0	0	0	0	2	0	0	1	0	0	0	0	2	2	0	0	2	0	0	1	6	0	2	3	0	3	0	2	1	0	0	2	0
39573	29 Mar 26	23:45:00	1	0	34	0	Ct	0	0	1	0	0	5	0	0	1	1	1	0	0	0	1	0	0	2	0	1	1	0	3	3	0	2	1	0	2	2	0	0	3	1
39574	29 Mar 26	23:46:00	1	0	34	0	Ct	0	0	2	0	0	2	0	0	2	1	0	0	0	1	0	0	0	3	2	1	0	1	0	3	1	1	1	0	3	1	1	0	1	0
39575	29 Mar 26	23:47:00	1	0	34	0	Ct	0	0	0	0	0	0	0	0	1	0	0	0	0	1	0	4	1	2	1	0	0	2	0	1	11	1	2	0	2	1	3	0	0	4
39576	29 Mar 26	23:48:00	1	0	34	0	Ct	0	0	0	0	0	3	0	3	2	0	0	0	0	2	2	3	1	3	0	2	0	0	3	2	0	0	4	0	1	2	0	0	0	3
39577	29 Mar 26	23:49:00	1	0	34	0	Ct	0	0	0	0	0	3	0	1	4	0	0	0	0	1	1	0	3	2	0	2	2	3	1	1	0	0	2	0	1	2	0	0	0	1
39578	29 Mar 26	23:50:00	1	0	34	0	Ct	0	0	3	0	0	1	0	1	3	2	0	0	0	1	5	0	1	2	0	1	3	2	1	1	2	1	5	0	0	1	0	0	3	2
39579	29 Mar 26	23:51:00	1	0	34	0	Ct	0	0	3	1	0	2	0	1	2	0	0	0	0	1	1	2	0	0	2	1	1	0	0	1	2	0	1	0	0	2	0	0	5	2
39580	29 Mar 26	23:52:00	1	0	34	0	Ct	0	0	2	1	0	2	0	2	3	0	0	0	0	2	0	5	0	1	1	0	3	0	0	0	0	0	2	0	0	1	0	0	2	1
39581	29 Mar 26	23:53:00	1	0	34	0	Ct	0	0	1	0	0	1	0	2	1	0	0	0	0	0	3	0	1	2	0	0	2	0	0	2	0	0	1	0	0	1	0	0	1	3
39582	29 Mar 26	23:54:00	1	0	34	0	Ct	0	0	2	0	0	3	0	0	3	0	0	0	5	1	0	0	0	0	0	2	0	0	0	0	0	1	2	0	0	1	1	0	0	0
39583	29 Mar 26	23:55:00	1	0	34	0	Ct	0	0	1	0	0	3	0	1	2	1	0	0	1	1	1	0	0	1	1	1	1	2	0	1	0	0	1	3	0	1	2	0	1	4
39584	29 Mar 26	23:56:00	1	0	34	0	Ct	0	0	2	0	0	4	0	3	3	0	0	0	2	1	2	0	0	2	1	1	0	0	0	2	0	0	4	2	0	1	1	0	0	2
39585	29 Mar 26	23:57:00	1	0	34	0	Ct	0	0	1	0	2	1	0	2	3	0	0	0	0	0	2	0	0	2	0	0	4	0	0	3	0	0	0	1	3	1	3	0	0	2
39586	29 Mar 26	23:58:00	1	0	34	0	Ct	0	0	2	0	0	3	0	2	1	1	0	0	1	0	0	0	0	2	1	1	0	5	0	2	0	0	0	1	0	0	1	0	3	2
39587	29 Mar 26	23:59:00	1	0	34	0	Ct	0	0	2	1	0	3	0	0	0	0	0	0	0	0	0	0	0	2	1	2	1	3	4	1	0	0	3	7	2	1	2	0	4	0
39588	30 Mar 26	00:00:00	1	0	34	0	Ct	0	0	2	0	0	6	0	0	0	0	0	0	0	1	0	0	0	4	2	0	1	0	0	2	0	0	0	4	0	0	0	0	4	3
39589	30 Mar 26	00:01:00	1	0	34	0	Ct	0	0	1	0	0	2	0	0	3	0	0	0	0	1	1	2	2	3	1	0	0	0	0	2	0	0	0	0	0	1	0	0	6	3
39590	30 Mar 26	00:02:00	1	0	34	0	Ct	0	0	2	2	0	1	0	0	1	0	0	0	0	0	3	0	0	2	1	2	0	0	0	0	1	0	0	0	0	1	2	0	3	0
39591	30 Mar 26	00:03:00	1	0	34	0	Ct	0	0	1	0	0	2	0	0	3	2	0	0	0	0	6	1	0	3	1	1	1	0	0	4	2	1	0	0	1	1	2	0	6	0
39592	30 Mar 26	00:04:00	1	0	34	0	Ct	0	0	4	2	0	3	0	0	0	2	0	0	0	2	0	1	1	2	0	1	2	2	1	2	0	0	0	0	1	2	0	0	4	1
39593	30 Mar 26	00:05:00	1	0	34	0	Ct	0	0	1	0	0	2	0	3	2	0	0	0	0	1	2	3	0	3	0	1	0	0	0	0	0	0	1	0	3	2	3	0	5	2
39594	30 Mar 26	00:06:00	1	0	34	0	Ct	0	0	1	1	0	1	0	10	2	0	0	0	0	1	2	0	2	1	6	1	1	0	0	3	0	0	0	0	0	2	1	0	3	1
39595	30 Mar 26	00:07:00	1	0	34	0	Ct	0	0	2	1	0	3	0	1	3	0	0	0	0	0	2	0	1	2	1	0	0	0	3	3	0	0	3	0	0	2	2	0	6	3
39596	30 Mar 26	00:08:00	1	0	34	0	Ct	0	0	1	3	0	2	0	1	0	0	0	0	0	0	1	0	2	0	0	0	0	0	1	2	0	0	1	0	0	1	4	0	3	1
39597	30 Mar 26	00:09:00	1	0	34	0	Ct	0	0	2	3	0	2	0	1	2	0	0	0	0	0	2	0	0	1	2	0	1	0	0	3	0	0	0	0	0	2	2	0	5	0
39598	30 Mar 26	00:10:00	1	0	34	0	Ct	0	0	1	0	0	3	0	0	1	1	0	0	0	3	0	0	0	3	1	2	5	0	0	1	0	0	0	0	2	1	0	0	4	3
39599	30 Mar 26	00:11:00	1	0	34	0	Ct	0	0	0	0	0	3	0	1	1	1	0	0	0	1	1	0	0	3	1	3	3	0	1	3	0	0	1	0	1	1	8	0	3	2
39600	30 Mar 26	00:12:00	1	0	34	0	Ct	0	0	0	4	0	3	0	1	3	0	0	0	0	2	2	0	0	2	2	1	0	0	2	2	1	0	3	0	4	0	0	0	2	2
39601	30 Mar 26	00:13:00	1	0	34	0	Ct	0	0	1	0	0	2	0	0	0	3	0	0	0	1	2	0	0	2	3	0	0	10	0	3	2	0	0	2	5	0	1	0	5	2
39602	30 Mar 26	00:14:00	1	0	34	0	Ct	0	0	3	0	0	1	0	1	1	2	0	0	7	2	1	0	0	2	1	4	0	2	0	2	0	0	0	2	0	1	0	0	4	2
39603	30 Mar 26	00:15:00	1	0	34	0	Ct	0	0	1	1	0	3	0	2	1	0	0	0	0	0	2	0	0	1	0	1	1	2	0	1	0	0	0	0	2	0	1	0	2	3
39604	30 Mar 26	00:16:00	1	0	34	0	Ct	0	0	1	0	0	4	0	0	1	0	0	0	0	1	1	0	0	4	0	2	0	0	0	1	3	0	0	0	1	0	0	0	0	2
39605	30 Mar 26	00:17:00	1	0	34	0	Ct	0	0	3	0	0	6	0	0	1	0	0	0	0	3	2	0	0	2	0	2	0	0	1	1	1	0	0	0	0	0	3	0	0	2
39606	30 Mar 26	00:18:00	1	0	34	0	Ct	0	0	1	0	0	2	0	0	0	0	0	0	0	0	2	0	0	3	0	2	0	0	0	0	0	0	0	0	0	0	1	0	3	2
39607	30 Mar 26	00:19:00	1	0	34	0	Ct	0	0	1	1	0	3	0	1	1	0	0	0	0	1	0	0	0	3	1	2	0	0	0	2	0	1	0	0	2	0	5	0	5	0
39608	30 Mar 26	00:20:00	1	0	34	0	Ct	0	0	2	0	0	2	0	0	3	1	0	0	0	1	0	0	0	3	1	1	0	1	0	0	1	0	1	0	0	2	1	0	2	0
39609	30 Mar 26	00:21:00	1	0	34	0	Ct	0	0	0	2	0	1	0	0	2	1	0	0	0	0	1	0	0	3	2	2	0	2	0	2	1	1	0	0	0	4	1	0	3	3
39610	30 Mar 26	00:22:00	1	0	34	0	Ct	0	0	2	0	0	4	0	0	4	0	0	0	0	0	3	0	0	2	1	0	0	2	0	2	0	0	0	0	0	0	1	0	5	2
39611	30 Mar 26	00:23:00	1	0	34	0	Ct	0	0	1	2	0	1	0	0	4	0	0	0	0	0	0	0	0	3	0	0	0	0	1	2	5	0	2	0	0	4	4	0	4	2
39612	30 Mar 26	00:24:00	1	0	34	0	Ct	0	0	1	0	0	2	0	0	3	4	0	0	1	0	1	0	0	1	2	1	0	0	2	2	1	0	1	0	3	0	1	0	4	1
39613	30 Mar 26	00:25:00	1	0	34	0	Ct	0	0	3	0	0	2	0	3	1	2	0	0	1	0	3	0	0	1	0	1	0	0	0	2	2	0	2	0	1	4	2	0	2	2
39614	30 Mar 26	00:26:00	1	0	34	0	Ct	0	0	5	1	0	2	0	0	0	1	0	0	2	0	1	0	0	2	2	2	3	0	1	1	4	0	1	0	0	0	1	0	1	2
39615	30 Mar 26	00:27:00	1	0	34	0	Ct	0	0	1	2	0	0	0	2	3	0	0	0	0	1	1	0	0	1	0	0	0	3	2	0	3	0	1	0	2	1	1	0	2	1
39616	30 Mar 26	00:28:00	1	0	34	0	Ct	0	0	1	2	0	0	0	0	1	2	0	0	0	1	3	0	1	0	0	0	0	0	1	1	0	0	1	0	2	0	6	0	3	2
39617	30 Mar 26	00:29:00	1	0	34	0	Ct	0	0	0	2	0	2	0	1	4	2	0	0	0	0	0	0	0	2	0	2	0	0	1	3	4	0	2	0	0	2	1	0	6	1
39618	30 Mar 26	00:30:00	1	0	34	0	Ct	0	0	2	1	0	2	0	1	3	0	0	0	0	3	0	0	2	0	0	1	0	0	1	1	2	0	0	0	1	0	1	0	5	2
39619	30 Mar 26	00:31:00	1	0	34	0	Ct	0	0	3	2	0	3	0	0	0	0	0	2	0	0	0	0	1	2	0	3	1	0	3	3	3	0	1	0	0	0	1	0	5	2
39620	30 Mar 26	00:32:00	1	0	34	0	Ct	0	0	1	0	0	2	0	5	1	0	0	2	0	2	1	0	2	1	1	2	2	3	3	2	1	0	1	0	1	0	0	0	4	1
39621	30 Mar 26	00:33:00	1	0	34	0	Ct	0	0	1	1	0	2	0	3	3	0	0	3	0	1	1	0	2	3	0	1	3	4	1	3	3	0	1	0	1	1	0	0	4	2
39622	30 Mar 26	00:34:00	1	0	34	0	Ct	0	0	1	1	0	2	0	1	2	0	0	0	0	0	0	0	2	1	1	2	1	3	0	2	0	0	0	0	1	0	1	0	3	0
39623	30 Mar 26	00:35:00	1	0	34	0	Ct	0	0	2	0	0	2	0	5	1	0	0	0	0	1	0	0	1	1	1	2	2	0	0	2	2	0	0	0	1	1	1	0	1	1
39624	30 Mar 26	00:36:00	1	0	34	0	Ct	0	0	1	3	0	3	0	1	3	1	0	0	0	2	0	0	2	0	0	1	2	0	1	2	1	0	3	0	0	1	1	0	0	2
39625	30 Mar 26	00:37:00	1	0	34	0	Ct	0	0	1	2	0	1	0	0	1	2	0	5	0	1	4	0	2	2	0	0	4	0	1	3	0	0	0	0	0	0	3	0	12	2
39626	30 Mar 26	00:38:00	1	0	34	0	Ct	0	0	1	0	0	2	0	0	2	3	0	0	1	0	0	0	1	1	0	1	1	3	2	2	0	0	1	0	0	0	0	0	1	1
39627	30 Mar 26	00:39:00	1	0	34	0	Ct	0	0	2	3	0	1	0	0	2	0	0	1	1	0	0	0	1	1	0	2	3	1	10	4	0	0	1	0	0	0	0	0	1	2
39628	30 Mar 26	00:40:00	1	0	34	0	Ct	0	0	3	0	0	2	0	0	3	1	0	0	0	2	2	0	0	2	0	3	1	5	9	0	0	1	0	0	0	1	1	0	2	1
39629	30 Mar 26	00:41:00	1	0	34	0	Ct	0	0	0	2	0	6	0	0	4	2	0	5	0	1	2	0	3	2	1	3	3	0	0	2	0	2	0	0	0	3	0	0	0	0
39630	30 Mar 26	00:42:00	1	0	34	0	Ct	0	0	2	4	0	0	0	16	3	3	0	0	0	1	1	2	2	2	2	0	3	0	3	2	0	0	2	2	0	2	0	0	1	0
39631	30 Mar 26	00:43:00	1	0	34	0	Ct	0	0	0	1	0	3	0	0	3	0	0	0	0	1	2	2	1	4	1	1	1	0	0	1	0	0	2	0	0	1	0	0	4	1
39632	30 Mar 26	00:44:00	1	0	34	0	Ct	0	0	1	0	0	0	0	0	2	0	0	0	0	2	2	5	1	3	1	1	2	0	0	2	0	0	3	3	0	0	1	0	0	1
39633	30 Mar 26	00:45:00	1	0	34	0	Ct	0	0	4	0	0	0	0	0	1	0	0	0	3	1	2	0	0	2	0	1	0	3	2	0	0	0	1	0	0	1	1	0	0	1
39634	30 Mar 26	00:46:00	1	0	34	0	Ct	0	0	1	1	0	1	0	0	0	0	0	0	0	2	2	0	0	3	1	2	0	4	4	2	0	0	0	0	0	1	1	0	0	1
39635	30 Mar 26	00:47:00	1	0	34	0	Ct	0	0	1	0	0	0	0	0	2	0	0	0	1	1	1	0	0	1	2	2	0	2	3	4	3	0	3	0	0	1	2	0	1	0
39636	30 Mar 26	00:48:00	1	0	34	0	Ct	0	0	0	0	0	1	0	0	0	0	0	0	0	0	3	3	0	5	1	0	0	4	0	3	3	0	0	0	3	1	5	0	2	2
39637	30 Mar 26	00:49:00	1	0	34	0	Ct	0	0	2	0	0	0	0	0	14	0	0	0	0	0	0	0	0	2	0	2	0	1	1	2	3	0	1	0	2	1	4	0	2	0
39638	30 Mar 26	00:50:00	1	0	34	0	Ct	0	0	0	5	0	0	0	0	0	0	0	0	0	0	5	3	0	0	0	2	0	0	2	2	5	0	0	0	4	0	0	0	5	1
39639	30 Mar 26	00:51:00	1	0	34	0	Ct	0	0	1	11	0	3	0	0	1	0	0	0	0	0	0	0	0	4	0	0	2	1	3	0	8	0	1	0	3	1	3	0	2	1
39640	30 Mar 26	00:52:00	1	0	34	0	Ct	0	0	3	0	0	0	0	1	3	0	0	1	0	0	0	0	0	2	1	1	1	1	0	5	7	0	1	6	1	1	1	0	3	3
39641	30 Mar 26	00:53:00	1	0	34	0	Ct	0	0	0	0	0	0	0	0	1	0	0	0	0	4	0	0	0	4	1	5	0	5	2	0	3	0	1	2	1	0	2	0	4	2
39642	30 Mar 26	00:54:00	1	0	34	0	Ct	0	0	1	0	0	2	0	0	5	0	0	0	0	0	0	0	0	2	0	3	1	3	0	1	3	0	1	0	1	1	1	0	3	2
39643	30 Mar 26	00:55:00	1	0	34	0	Ct	0	0	2	0	0	1	0	0	3	0	0	0	0	2	1	0	0	3	0	2	1	3	2	1	4	0	0	0	0	1	4	0	7	1
39644	30 Mar 26	00:56:00	1	0	34	0	Ct	0	0	1	0	0	3	0	0	2	1	0	1	0	1	0	0	0	3	0	2	1	2	2	0	4	0	0	0	0	1	4	0	3	1
39645	30 Mar 26	00:57:00	1	0	34	0	Ct	0	0	2	0	0	2	0	5	1	1	0	0	0	0	0	0	0	2	1	2	2	0	0	1	6	0	0	0	0	1	1	0	2	2
39646	30 Mar 26	00:58:00	1	0	34	0	Ct	0	0	1	1	0	3	0	0	1	7	0	0	4	0	0	0	0	0	1	2	0	2	2	1	7	0	0	0	0	2	3	0	6	1
39647	30 Mar 26	00:59:00	1	0	34	0	Ct	0	0	2	1	0	3	0	0	0	4	0	0	0	0	0	0	1	4	0	1	0	0	1	1	3	0	1	0	0	1	0	0	3	1
39648	30 Mar 26	01:00:00	1	0	34	0	Ct	0	0	0	2	0	2	0	2	2	2	0	2	2	0	0	0	0	2	0	1	2	0	1	4	3	0	2	0	0	1	1	0	3	3
39649	30 Mar 26	01:01:00	1	0	34	0	Ct	0	0	0	1	0	1	0	3	2	1	0	1	0	0	0	0	0	3	0	1	0	0	2	2	5	0	1	0	0	1	0	0	0	0
39650	30 Mar 26	01:02:00	1	0	34	0	Ct	0	0	4	1	0	8	0	2	3	0	0	0	0	0	0	0	0	2	1	0	4	0	0	1	2	0	4	0	0	1	9	0	2	1
39651	30 Mar 26	01:03:00	1	0	34	0	Ct	0	0	1	2	0	5	0	1	2	2	0	1	1	0	0	0	0	3	1	2	1	3	0	2	2	0	3	0	0	0	3	0	2	0
39652	30 Mar 26	01:04:00	1	0	34	0	Ct	0	0	1	1	0	3	0	2	4	4	0	2	0	2	0	0	0	3	1	2	0	2	0	2	4	0	1	0	3	4	5	0	5	5
39653	30 Mar 26	01:05:00	1	0	34	0	Ct	0	0	1	2	0	3	0	2	3	2	0	0	0	2	0	1	0	5	0	2	2	0	1	2	4	0	2	4	2	0	2	0	2	0
39654	30 Mar 26	01:06:00	1	0	34	0	Ct	0	0	1	1	0	3	0	2	1	0	0	2	0	0	0	3	0	4	0	0	0	2	2	0	3	0	2	4	3	3	3	0	0	0
39655	30 Mar 26	01:07:00	1	0	34	0	Ct	0	0	2	0	0	1	0	3	2	1	0	0	25	1	0	1	0	5	1	0	0	7	0	1	3	0	4	0	0	1	0	0	0	2
39656	30 Mar 26	01:08:00	1	0	34	0	Ct	0	0	1	0	0	1	0	2	0	1	0	0	15	0	0	0	0	4	1	1	0	0	0	1	5	0	1	0	2	1	0	0	2	4
39657	30 Mar 26	01:09:00	1	0	34	0	Ct	0	0	0	1	0	2	0	0	4	5	0	0	5	1	0	2	0	2	1	0	0	0	0	2	2	0	3	0	3	1	0	0	1	2
39658	30 Mar 26	01:10:00	1	0	34	0	Ct	0	0	1	0	0	2	0	1	0	3	0	0	0	1	0	2	0	3	0	1	0	0	1	2	3	0	1	0	4	0	0	0	1	1
39659	30 Mar 26	01:11:00	1	0	34	0	Ct	0	0	2	1	0	2	0	2	1	2	0	0	1	0	0	4	0	6	0	2	1	0	1	1	4	1	3	0	4	0	0	0	3	3
39660	30 Mar 26	01:12:00	1	0	34	0	Ct	0	0	4	0	0	2	0	0	0	1	0	0	0	0	0	0	1	1	1	1	0	4	1	0	3	1	1	0	2	0	14	0	2	1
39661	30 Mar 26	01:13:00	1	0	34	0	Ct	0	0	1	1	0	1	0	0	1	1	0	0	0	0	0	0	1	0	1	1	0	0	2	2	1	0	0	0	2	0	0	0	3	1
39662	30 Mar 26	01:14:00	1	0	34	0	Ct	0	0	1	0	0	2	0	0	3	3	2	0	0	1	0	0	0	2	1	0	0	0	2	2	3	1	4	0	2	2	0	0	3	1
39663	30 Mar 26	01:15:00	1	0	34	0	Ct	0	0	1	0	0	2	0	0	1	1	0	4	0	0	0	0	0	0	1	0	0	0	4	2	4	0	3	0	3	0	1	0	5	1
39664	30 Mar 26	01:16:00	1	0	34	0	Ct	0	0	3	0	0	1	0	0	0	5	0	1	3	0	0	0	2	0	1	0	2	0	2	2	4	0	2	0	0	1	0	0	5	1
39665	30 Mar 26	01:17:00	1	0	34	0	Ct	0	0	2	0	0	7	0	0	1	0	0	0	2	0	0	0	2	0	1	1	3	0	2	2	3	0	1	0	0	0	1	0	2	2
39666	30 Mar 26	01:18:00	1	0	34	0	Ct	0	0	1	0	0	3	0	0	2	0	0	0	0	0	0	0	0	1	0	1	0	0	1	2	5	0	2	0	1	2	0	0	2	0
39667	30 Mar 26	01:19:00	1	0	34	0	Ct	0	0	1	1	0	2	0	0	2	4	0	0	0	0	0	0	0	5	2	3	0	4	2	2	3	1	0	0	1	0	6	0	5	2
39668	30 Mar 26	01:20:00	1	0	34	0	Ct	0	0	1	0	0	3	0	0	1	1	0	0	0	0	0	0	0	2	1	0	1	1	2	1	3	1	1	0	0	1	1	0	4	0
39669	30 Mar 26	01:21:00	1	0	34	0	Ct	0	0	1	1	0	3	0	0	2	2	0	0	1	2	0	0	3	2	4	0	0	0	2	0	6	3	2	0	0	1	1	0	4	0
39670	30 Mar 26	01:22:00	1	0	34	0	Ct	0	0	1	0	0	1	0	0	2	3	0	0	1	0	0	0	1	4	1	0	0	0	2	1	6	0	1	0	0	1	0	0	3	2
39671	30 Mar 26	01:23:00	1	0	34	0	Ct	0	0	4	7	0	3	0	0	2	3	0	0	0	0	0	0	0	1	0	0	0	7	0	1	3	0	3	0	4	0	0	0	5	0
39672	30 Mar 26	01:24:00	1	0	34	0	Ct	0	0	1	1	0	2	0	0	0	0	0	0	2	0	0	0	0	1	0	4	0	0	0	0	3	0	0	0	0	0	0	0	3	1
39673	30 Mar 26	01:25:00	1	0	34	0	Ct	0	0	2	0	0	2	0	0	0	2	0	0	2	0	0	0	0	1	0	1	0	0	3	2	2	0	1	1	0	1	0	0	3	1
39674	30 Mar 26	01:26:00	1	0	34	0	Ct	0	0	2	2	0	1	0	0	0	1	0	2	2	0	0	0	0	5	0	1	1	2	2	2	2	0	1	0	0	1	1	0	0	2
39675	30 Mar 26	01:27:00	1	0	34	0	Ct	0	0	1	1	0	2	0	1	0	3	0	0	1	0	0	0	0	2	0	4	0	1	4	2	5	0	0	0	4	1	1	0	4	3
39676	30 Mar 26	01:28:00	1	0	34	0	Ct	0	0	1	0	0	1	0	4	0	3	0	0	1	0	0	0	0	3	0	0	0	3	2	0	2	0	0	0	1	0	0	0	6	2
39677	30 Mar 26	01:29:00	1	0	34	0	Ct	0	0	1	4	0	2	0	0	0	0	0	4	1	1	0	0	0	4	0	0	1	0	2	2	4	0	0	0	0	1	2	0	3	1
39678	30 Mar 26	01:30:00	1	0	34	0	Ct	0	0	2	1	0	3	0	0	1	4	0	1	0	0	0	0	0	6	0	0	0	9	2	2	4	0	0	0	2	0	2	0	2	2
39679	30 Mar 26	01:31:00	1	0	34	0	Ct	0	0	1	0	0	2	0	0	0	1	0	3	0	1	0	0	0	4	0	0	1	0	1	3	0	0	3	0	3	0	1	0	4	0
39680	30 Mar 26	01:32:00	1	0	34	0	Ct	0	0	0	3	0	3	0	2	0	4	0	1	0	0	0	0	0	3	2	0	3	0	0	2	3	0	0	1	1	0	0	0	4	2
39681	30 Mar 26	01:33:00	1	0	34	0	Ct	0	0	2	1	0	5	0	1	0	3	0	2	0	0	0	0	0	2	1	0	0	0	0	1	3	1	1	0	2	1	2	0	4	0
39682	30 Mar 26	01:34:00	1	0	34	0	Ct	0	0	5	2	0	2	0	4	0	2	0	1	0	0	0	0	0	3	0	3	1	2	3	2	14	0	2	0	0	1	24	0	3	0
39683	30 Mar 26	01:35:00	1	0	34	0	Ct	0	0	1	0	0	1	0	3	0	1	0	0	0	0	0	1	0	1	3	1	0	3	4	1	4	0	2	3	0	0	1	0	2	0
39684	30 Mar 26	01:36:00	1	0	34	0	Ct	0	0	0	0	0	3	0	3	1	1	0	0	0	3	0	0	0	2	0	1	0	9	1	1	3	1	2	2	0	1	0	0	7	1
39685	30 Mar 26	01:37:00	1	0	34	0	Ct	0	0	1	1	0	2	0	3	2	2	0	4	0	2	0	0	0	3	1	1	0	0	2	2	1	0	1	0	0	0	0	0	1	1
39686	30 Mar 26	01:38:00	1	0	34	0	Ct	0	0	3	0	0	1	0	3	1	1	0	1	0	0	0	0	0	2	0	1	0	0	3	2	2	0	3	0	0	2	0	0	0	0
39687	30 Mar 26	01:39:00	1	0	34	0	Ct	0	0	0	3	0	2	0	3	0	1	0	0	0	0	0	0	4	1	0	0	0	0	1	1	5	0	1	0	0	1	2	0	0	3
39688	30 Mar 26	01:40:00	1	0	34	0	Ct	0	0	0	1	0	2	0	2	0	0	0	3	4	0	0	0	0	3	0	1	0	1	0	1	2	0	3	0	0	1	4	0	0	3
39689	30 Mar 26	01:41:00	1	0	34	0	Ct	0	0	0	1	0	2	0	3	0	2	0	2	0	2	0	0	0	3	0	2	1	0	9	2	3	0	1	1	0	2	0	0	0	1
39690	30 Mar 26	01:42:00	1	0	34	0	Ct	0	0	1	2	0	2	0	1	3	3	0	3	1	0	0	7	3	2	0	0	1	0	2	0	1	0	3	0	0	0	0	0	0	0
39691	30 Mar 26	01:43:00	1	0	34	0	Ct	0	0	1	2	0	3	0	1	0	2	0	2	0	0	0	0	1	4	0	0	3	3	4	2	2	0	1	1	0	0	0	0	0	0
39692	30 Mar 26	01:44:00	1	0	34	0	Ct	0	0	1	0	0	3	0	11	0	2	0	0	2	0	0	1	1	5	0	2	9	8	1	2	4	1	3	2	0	1	0	0	2	1
39693	30 Mar 26	01:45:00	1	0	34	0	Ct	0	0	2	0	0	3	0	1	3	2	0	0	3	1	0	0	1	1	1	1	0	2	2	2	2	0	4	2	0	1	0	0	0	1
39694	30 Mar 26	01:46:00	1	0	34	0	Ct	0	0	2	0	0	2	0	0	1	2	0	0	3	0	0	0	3	5	2	0	0	0	2	1	3	0	1	0	0	0	0	0	0	0
39695	30 Mar 26	01:47:00	1	0	34	0	Ct	0	0	0	0	0	2	0	0	0	0	0	10	6	1	0	0	1	3	2	1	1	4	0	1	3	0	1	0	2	0	1	0	0	0
39696	30 Mar 26	01:48:00	1	0	34	0	Ct	0	0	0	0	0	3	0	0	3	1	0	9	0	0	0	0	0	1	1	0	0	0	0	2	5	1	1	0	4	0	0	0	0	0
39697	30 Mar 26	01:49:00	1	0	34	0	Ct	0	0	1	0	0	2	0	0	4	2	0	0	1	1	0	0	0	2	1	0	0	0	2	1	3	1	1	0	2	1	1	0	0	0
39698	30 Mar 26	01:50:00	1	0	34	0	Ct	0	0	1	1	0	2	0	0	15	1	0	0	0	2	0	0	0	1	3	0	0	0	2	0	1	0	0	0	2	0	7	0	0	1
39699	30 Mar 26	01:51:00	1	0	34	0	Ct	0	0	3	1	0	3	0	0	0	1	0	0	1	1	0	0	0	0	0	0	1	0	1	0	3	0	0	0	0	1	9	0	0	2
39700	30 Mar 26	01:52:00	1	0	34	0	Ct	0	0	1	1	0	2	0	1	0	0	0	0	0	2	0	0	0	1	1	0	0	1	0	1	0	0	0	0	0	1	2	0	0	1
39701	30 Mar 26	01:53:00	1	0	34	0	Ct	0	0	1	1	0	4	0	4	0	0	0	0	1	0	0	0	0	3	0	0	0	0	1	2	3	0	0	0	0	0	4	0	0	0
39702	30 Mar 26	01:54:00	1	0	34	0	Ct	0	0	2	1	0	3	0	5	1	0	0	1	2	0	0	0	0	3	0	2	0	0	4	2	3	0	0	1	0	1	1	0	2	0
39703	30 Mar 26	01:55:00	1	0	34	0	Ct	0	0	3	0	5	3	0	3	0	1	0	2	2	3	0	0	0	4	1	1	0	0	1	0	5	0	0	1	0	0	7	0	0	1
39704	30 Mar 26	01:56:00	1	0	34	0	Ct	0	0	2	3	0	2	0	2	0	1	0	0	1	1	0	0	0	2	1	0	0	2	1	3	4	1	0	0	2	1	3	0	2	1
39705	30 Mar 26	01:57:00	1	0	34	0	Ct	0	0	0	1	0	2	0	3	0	3	0	0	0	1	0	0	0	1	0	0	0	6	0	1	4	0	0	1	0	1	0	0	0	0
39706	30 Mar 26	01:58:00	1	0	34	0	Ct	0	0	4	2	0	1	0	2	0	2	0	2	0	1	0	8	0	2	0	0	0	0	2	2	4	1	1	3	2	1	0	0	0	0
39707	30 Mar 26	01:59:00	1	0	34	0	Ct	0	0	0	0	0	0	0	3	0	1	0	2	0	1	0	2	0	0	0	0	0	2	2	0	4	0	2	3	0	0	0	0	0	0
39708	30 Mar 26	02:00:00	1	0	34	0	Ct	0	0	0	0	0	0	0	2	1	2	0	1	0	0	0	2	0	1	0	2	0	2	4	0	2	1	2	1	0	1	1	0	2	0
39709	30 Mar 26	02:01:00	1	0	34	0	Ct	0	0	1	0	0	0	0	2	0	0	0	2	0	3	0	1	0	0	0	0	0	1	0	3	3	0	2	2	0	0	1	0	2	0
39710	30 Mar 26	02:02:00	1	0	34	0	Ct	0	0	2	2	0	3	0	3	1	0	0	2	0	2	0	1	0	0	0	0	0	2	1	1	4	0	4	3	0	1	0	0	0	0
39711	30 Mar 26	02:03:00	1	0	34	0	Ct	0	0	0	2	0	0	0	3	2	0	0	2	0	2	0	7	0	1	0	2	0	0	1	2	3	3	2	3	0	1	0	0	0	0
39712	30 Mar 26	02:04:00	1	0	34	0	Ct	0	0	1	0	0	1	0	3	3	3	0	0	0	1	0	0	0	2	0	1	0	0	1	0	4	3	2	6	0	2	2	0	0	1
39713	30 Mar 26	02:05:00	1	0	34	0	Ct	0	0	2	0	0	1	0	2	2	1	0	1	6	6	0	0	0	1	0	2	0	3	0	1	3	0	2	2	0	2	1	0	0	4
39714	30 Mar 26	02:06:00	1	0	34	0	Ct	0	0	0	1	0	3	0	0	0	1	0	0	2	3	0	0	1	1	1	0	0	0	1	1	0	0	0	4	0	1	0	0	0	3
39715	30 Mar 26	02:07:00	1	0	34	0	Ct	0	0	1	1	0	1	0	0	0	1	0	1	0	2	0	0	1	5	0	1	0	3	1	1	3	0	1	1	1	0	1	0	0	0
39716	30 Mar 26	02:08:00	1	0	34	0	Ct	0	0	4	1	0	5	0	1	0	0	0	0	1	1	0	0	1	2	0	0	0	0	0	1	4	0	0	2	2	1	5	0	0	2
39717	30 Mar 26	02:09:00	1	0	34	0	Ct	0	0	0	1	0	2	0	10	0	3	0	0	12	3	0	0	0	4	0	0	2	0	0	0	5	0	0	1	3	1	4	0	1	0
39718	30 Mar 26	02:10:00	1	0	34	0	Ct	0	0	0	0	0	1	0	0	2	2	0	3	1	1	0	0	3	2	1	3	2	7	2	1	3	0	0	1	3	2	1	0	4	2
39719	30 Mar 26	02:11:00	1	0	34	0	Ct	0	0	1	1	0	0	0	0	1	1	0	0	0	2	0	0	1	4	0	0	3	6	2	1	3	0	0	1	2	2	2	0	1	2
39720	30 Mar 26	02:12:00	1	0	34	0	Ct	0	0	2	1	0	0	0	1	1	3	0	1	0	0	0	0	0	3	0	0	0	0	1	2	2	0	1	3	0	1	0	0	1	0
39721	30 Mar 26	02:13:00	1	0	34	0	Ct	0	0	1	0	0	3	0	3	1	1	0	0	0	1	0	0	0	3	0	0	0	0	0	0	2	0	1	0	3	1	2	0	0	2
39722	30 Mar 26	02:14:00	1	0	34	0	Ct	0	0	0	0	0	1	0	3	1	1	0	0	0	1	0	0	0	3	0	0	0	0	0	1	3	0	2	2	1	0	2	0	0	1
39723	30 Mar 26	02:15:00	1	0	34	0	Ct	0	0	0	1	0	2	0	1	1	0	0	1	0	0	0	0	0	2	1	0	0	1	0	1	3	0	1	7	0	1	0	0	0	1
39724	30 Mar 26	02:16:00	1	0	34	0	Ct	0	0	0	2	0	1	0	2	3	0	0	0	0	0	0	0	0	3	1	0	0	1	3	0	0	0	2	1	0	0	0	0	1	2
39725	30 Mar 26	02:17:00	1	0	34	0	Ct	0	0	0	0	0	2	0	2	3	0	0	0	0	2	0	0	0	2	2	0	3	4	3	0	1	0	1	1	0	2	0	0	0	0
39726	30 Mar 26	02:18:00	1	0	34	0	Ct	0	0	0	0	0	1	0	2	1	4	0	0	0	0	0	0	0	1	1	2	2	2	2	1	0	0	4	0	0	1	0	0	0	2
39727	30 Mar 26	02:19:00	1	0	34	0	Ct	0	0	0	1	0	3	0	2	1	0	0	2	0	0	1	0	0	2	1	0	3	0	4	1	3	0	5	0	5	2	2	0	1	0
39728	30 Mar 26	02:20:00	1	0	34	0	Ct	0	0	0	0	0	5	0	2	2	1	0	0	3	1	0	0	0	2	1	2	0	0	2	3	2	0	1	0	3	0	0	0	2	1
39729	30 Mar 26	02:21:00	1	0	34	0	Ct	0	0	0	2	0	3	0	0	1	0	0	2	0	1	0	1	0	4	1	0	5	0	6	2	2	0	0	0	0	0	0	0	0	0
39730	30 Mar 26	02:22:00	1	0	34	0	Ct	0	0	0	3	0	1	0	0	1	4	0	0	0	2	0	0	0	0	1	0	0	0	1	3	3	1	3	0	1	1	1	0	1	1
39731	30 Mar 26	02:23:00	1	0	34	0	Ct	0	0	0	2	0	2	0	0	0	2	0	1	0	1	0	0	0	2	1	0	2	4	4	2	1	0	2	0	3	1	0	0	0	0
39732	30 Mar 26	02:24:00	1	0	34	0	Ct	0	0	0	0	0	0	0	3	3	3	0	0	0	1	0	0	1	1	0	0	0	3	1	2	2	0	3	0	0	0	1	0	0	0
39733	30 Mar 26	02:25:00	1	0	34	0	Ct	0	0	0	0	0	0	0	1	1	4	0	4	0	0	0	0	0	1	0	0	0	3	0	1	2	0	1	0	0	1	2	0	0	0
39734	30 Mar 26	02:26:00	1	0	34	0	Ct	0	0	0	0	0	0	0	2	0	2	0	2	0	0	0	0	0	1	0	0	0	2	0	1	2	0	4	0	0	1	0	0	0	0
39735	30 Mar 26	02:27:00	1	0	34	0	Ct	0	0	0	0	0	1	0	0	1	1	0	0	4	0	0	0	1	6	0	0	0	0	3	0	2	0	2	0	0	2	0	0	0	2
39736	30 Mar 26	02:28:00	1	0	34	0	Ct	0	0	0	0	0	1	0	0	0	0	0	3	9	1	0	4	1	3	0	0	0	1	1	1	3	0	1	0	0	2	0	0	0	1
39737	30 Mar 26	02:29:00	1	0	34	0	Ct	0	0	1	0	0	1	0	0	0	0	0	0	2	1	0	0	0	1	1	0	0	2	2	1	3	0	1	0	0	2	0	0	0	0
39738	30 Mar 26	02:30:00	1	0	34	0	Ct	0	0	2	0	0	0	0	0	0	0	0	1	19	1	0	0	0	2	0	0	0	2	1	2	3	0	3	0	2	0	0	0	0	0
39739	30 Mar 26	02:31:00	1	0	34	0	Ct	0	0	2	1	0	0	0	0	0	1	0	2	12	1	0	1	0	3	2	0	0	0	2	1	1	0	0	0	1	2	0	0	0	1
39740	30 Mar 26	02:32:00	1	0	34	0	Ct	0	0	1	0	0	6	0	0	2	1	0	1	3	0	0	0	0	1	0	0	0	4	0	2	2	0	0	0	2	0	0	0	0	0
39741	30 Mar 26	02:33:00	1	0	34	0	Ct	0	0	3	1	0	6	0	0	1	2	0	0	0	0	0	3	0	2	0	0	0	0	1	1	3	0	0	0	1	1	0	0	0	0
39742	30 Mar 26	02:34:00	1	0	34	0	Ct	0	0	2	0	0	1	0	0	0	0	0	2	1	1	0	0	0	3	0	1	0	0	1	2	3	1	2	0	2	1	0	0	0	0
39743	30 Mar 26	02:35:00	1	0	34	0	Ct	0	0	1	1	0	2	0	5	0	0	0	0	1	2	0	1	2	1	1	1	0	1	1	1	3	0	1	0	1	1	4	0	1	0
39744	30 Mar 26	02:36:00	1	0	34	0	Ct	0	0	1	0	0	2	0	0	0	1	0	0	0	0	0	1	1	4	2	0	0	0	1	1	4	3	2	8	1	1	4	0	0	0
39745	30 Mar 26	02:37:00	1	0	34	0	Ct	0	0	1	1	0	2	0	3	2	1	0	1	2	2	0	1	0	2	1	0	0	3	2	1	3	0	1	0	1	0	3	0	0	2
39746	30 Mar 26	02:38:00	1	0	34	0	Ct	0	0	1	0	0	5	0	2	0	0	0	2	0	0	0	0	3	3	1	0	3	0	1	3	2	1	3	0	1	0	1	0	0	3
39747	30 Mar 26	02:39:00	1	0	34	0	Ct	0	0	0	0	0	2	0	1	2	0	0	2	0	0	0	1	0	4	0	0	0	4	2	1	3	0	4	1	2	0	1	0	0	2
39748	30 Mar 26	02:40:00	1	0	34	0	Ct	0	0	0	0	0	2	0	2	2	1	0	1	0	2	0	6	1	1	1	0	0	0	2	0	13	0	7	1	1	1	2	0	0	1
39749	30 Mar 26	02:41:00	1	0	34	0	Ct	0	0	1	0	0	1	0	1	1	0	0	2	0	1	0	4	3	2	1	0	0	0	2	0	1	0	1	1	0	1	0	0	0	0
39750	30 Mar 26	02:42:00	1	0	34	0	Ct	0	0	4	0	0	3	0	1	0	2	0	1	0	1	0	0	0	2	1	0	0	0	2	1	2	0	0	2	0	0	0	0	0	0
39751	30 Mar 26	02:43:00	1	0	34	0	Ct	0	0	2	0	0	5	0	0	2	0	0	3	0	1	0	1	0	4	0	0	0	0	1	0	4	0	0	4	0	0	0	0	0	0
39752	30 Mar 26	02:44:00	1	0	34	0	Ct	0	0	3	0	0	2	0	0	1	0	1	0	2	0	0	0	0	0	0	4	0	0	1	2	0	0	2	3	1	2	0	0	0	0
39753	30 Mar 26	02:45:00	1	0	34	0	Ct	0	0	0	0	0	3	0	0	1	0	0	0	6	0	1	0	1	2	1	0	0	8	0	1	0	0	2	1	1	1	0	0	3	0
39754	30 Mar 26	02:46:00	1	0	34	0	Ct	0	0	2	0	0	1	0	0	0	2	0	0	1	1	0	0	0	3	2	0	0	1	0	1	3	0	1	2	0	2	0	0	1	2
39755	30 Mar 26	02:47:00	1	0	34	0	Ct	0	0	1	0	0	4	0	0	3	0	0	1	0	0	0	0	1	2	1	4	0	0	0	0	2	0	0	3	1	0	1	0	0	0
39756	30 Mar 26	02:48:00	1	0	34	0	Ct	0	0	2	1	0	1	0	0	2	0	0	0	2	0	0	0	0	2	1	2	0	0	2	1	5	0	2	1	0	1	1	0	0	0
39757	30 Mar 26	02:49:00	1	0	34	0	Ct	0	0	1	0	0	2	0	0	3	1	0	0	0	1	0	0	0	2	1	4	0	0	1	1	2	0	1	0	0	0	3	0	3	1
39758	30 Mar 26	02:50:00	1	0	34	0	Ct	0	0	1	2	0	5	0	0	12	1	0	3	0	0	0	2	0	0	0	1	0	5	1	3	3	0	0	2	2	0	0	0	0	1
39759	30 Mar 26	02:51:00	1	0	34	0	Ct	0	0	2	0	0	1	0	0	4	0	0	0	2	0	1	2	0	0	2	0	0	0	0	2	1	0	1	0	0	0	0	0	0	1
39760	30 Mar 26	02:52:00	1	0	34	0	Ct	0	0	0	1	0	0	0	0	1	0	0	3	4	0	3	4	2	0	0	0	0	0	2	1	1	0	0	0	0	2	1	0	0	1
39761	30 Mar 26	02:53:00	1	0	34	0	Ct	0	0	1	0	0	3	0	0	2	1	0	0	4	1	3	0	0	0	0	0	0	0	1	1	3	0	2	4	1	0	0	0	0	2
39762	30 Mar 26	02:54:00	1	0	34	0	Ct	0	0	2	0	0	0	0	0	0	3	0	5	3	1	0	2	0	1	1	0	0	0	2	3	2	0	1	0	1	1	0	0	0	0
39763	30 Mar 26	02:55:00	1	0	34	0	Ct	0	0	0	0	0	0	0	0	0	0	0	14	4	0	0	0	1	3	0	0	0	0	1	2	2	0	3	0	0	1	4	0	0	0
39764	30 Mar 26	02:56:00	1	0	34	0	Ct	0	0	0	0	0	2	0	3	0	0	0	0	1	1	0	1	0	2	0	0	0	0	1	2	4	0	1	0	5	1	1	0	0	2
39765	30 Mar 26	02:57:00	1	0	34	0	Ct	0	0	1	0	0	3	0	0	2	2	0	0	2	1	0	1	0	3	0	0	0	1	1	2	12	3	1	0	2	1	0	0	0	0
39766	30 Mar 26	02:58:00	1	0	34	0	Ct	0	0	1	0	0	1	0	1	4	0	0	0	1	1	0	0	0	2	0	0	0	0	2	0	1	0	3	0	0	1	0	0	0	0
39767	30 Mar 26	02:59:00	1	0	34	0	Ct	0	0	0	0	0	3	0	2	2	1	0	0	0	1	0	1	0	2	1	0	0	1	8	0	0	0	2	4	2	3	0	0	0	0
39768	30 Mar 26	03:00:00	1	0	34	0	Ct	0	0	0	0	0	4	0	3	0	0	0	0	0	0	0	1	0	2	1	1	1	0	5	0	1	0	0	1	0	1	0	0	7	0
39769	30 Mar 26	03:01:00	1	0	34	0	Ct	0	0	3	0	0	0	0	2	1	0	0	0	0	0	0	1	0	3	1	1	1	0	0	0	3	0	0	1	0	1	4	0	3	2
39770	30 Mar 26	03:02:00	1	0	34	0	Ct	0	0	1	0	0	0	0	3	0	1	0	0	0	0	0	0	0	4	1	0	0	2	0	0	1	0	2	2	0	0	1	0	0	0
39771	30 Mar 26	03:03:00	1	0	34	0	Ct	0	0	1	0	0	3	0	1	0	1	0	2	0	1	0	0	0	2	0	0	0	1	0	1	5	0	1	3	0	1	0	0	0	1
39772	30 Mar 26	03:04:00	1	0	34	0	Ct	0	0	1	3	0	4	0	0	3	1	0	0	0	1	0	0	0	0	2	0	0	0	0	0	3	0	1	1	0	3	0	0	0	3
39773	30 Mar 26	03:05:00	1	0	34	0	Ct	0	0	2	1	0	2	0	2	1	0	0	0	0	0	0	0	0	2	0	0	0	6	2	1	3	0	0	1	0	1	0	0	0	1
39774	30 Mar 26	03:06:00	1	0	34	0	Ct	0	0	0	0	0	3	0	1	3	0	0	0	0	2	0	0	0	2	0	0	0	0	0	1	3	0	0	1	0	0	0	0	2	1
39775	30 Mar 26	03:07:00	1	0	34	0	Ct	0	0	0	3	0	3	0	0	2	0	0	0	0	0	0	0	0	3	1	0	0	0	1	1	4	0	4	2	0	0	2	0	0	0
39776	30 Mar 26	03:08:00	1	0	34	0	Ct	0	0	1	1	0	2	0	1	3	0	0	2	0	0	0	2	0	1	0	0	0	0	1	0	3	0	1	1	0	0	5	0	0	0
39777	30 Mar 26	03:09:00	1	0	34	0	Ct	0	0	0	1	0	2	0	3	1	1	0	0	0	1	0	1	0	1	0	1	0	1	2	2	3	0	0	1	3	1	0	0	0	0
39778	30 Mar 26	03:10:00	1	0	34	0	Ct	0	0	0	2	0	1	0	0	5	0	0	0	2	2	0	4	0	2	0	1	0	1	0	0	3	0	0	1	0	1	0	0	0	0
39779	30 Mar 26	03:11:00	1	0	34	0	Ct	0	0	1	1	0	0	0	0	0	0	0	2	7	2	4	0	0	1	0	0	0	0	0	0	5	0	0	1	0	1	0	0	0	1
39780	30 Mar 26	03:12:00	1	0	34	0	Ct	0	0	0	0	0	0	0	0	1	0	0	3	1	2	3	0	0	1	2	0	0	4	0	3	2	2	6	2	2	2	0	0	0	1
39781	30 Mar 26	03:13:00	1	0	34	0	Ct	0	0	1	0	0	0	0	0	2	2	0	0	1	1	0	0	0	1	1	0	0	0	0	1	0	2	2	3	1	0	3	0	0	0
39782	30 Mar 26	03:14:00	1	0	34	0	Ct	0	0	0	1	0	0	0	3	3	1	0	2	1	0	0	0	0	0	0	0	0	0	0	1	4	1	1	1	2	1	0	0	0	1
39783	30 Mar 26	03:15:00	1	0	34	0	Ct	0	0	0	0	0	1	0	0	2	3	0	2	4	1	0	0	0	0	0	4	0	0	0	3	2	0	1	0	2	0	0	0	1	1
39784	30 Mar 26	03:16:00	1	0	34	0	Ct	0	0	0	0	0	0	0	0	0	4	0	1	1	1	0	0	0	0	0	1	0	2	2	4	2	1	1	3	2	1	0	0	2	0
39785	30 Mar 26	03:17:00	1	0	34	0	Ct	0	0	0	0	0	1	0	2	0	0	0	1	0	0	0	0	0	1	0	0	0	0	1	2	1	0	4	1	2	1	0	0	2	0
39786	30 Mar 26	03:18:00	1	0	34	0	Ct	0	0	0	0	0	1	0	1	1	0	0	0	0	0	0	0	0	5	0	0	0	1	1	1	2	1	1	0	0	3	0	0	0	3
39787	30 Mar 26	03:19:00	1	0	34	0	Ct	0	0	0	1	0	4	0	3	1	0	0	1	0	0	0	0	0	2	1	0	0	0	2	2	3	1	1	4	1	1	0	0	0	2
39788	30 Mar 26	03:20:00	1	0	34	0	Ct	0	0	1	1	0	0	0	2	0	0	0	1	0	0	0	0	0	2	1	0	0	0	2	0	2	0	2	3	1	0	0	0	3	2
39789	30 Mar 26	03:21:00	1	0	34	0	Ct	0	0	1	1	0	0	0	1	0	0	0	0	3	0	0	0	0	0	4	0	0	6	3	2	10	0	3	2	2	2	1	0	2	0
39790	30 Mar 26	03:22:00	1	0	34	0	Ct	0	0	0	0	0	0	0	1	0	1	0	1	3	1	0	0	0	0	0	0	0	3	1	2	2	0	1	2	2	5	2	0	8	0
39791	30 Mar 26	03:23:00	1	0	34	0	Ct	0	0	2	0	0	0	0	2	1	1	0	5	8	1	0	0	0	1	2	1	0	0	1	1	5	1	0	3	2	4	0	0	6	0
39792	30 Mar 26	03:24:00	1	0	34	0	Ct	0	0	2	0	0	0	0	1	2	0	0	9	0	0	0	0	0	0	0	3	0	1	3	0	2	0	0	1	3	1	0	0	10	0
39793	30 Mar 26	03:25:00	1	0	34	0	Ct	0	0	1	0	0	0	0	0	3	0	0	0	0	0	0	0	0	0	2	0	1	0	3	1	2	0	0	1	1	0	0	0	3	1
39794	30 Mar 26	03:26:00	1	0	34	0	Ct	0	0	0	0	0	0	0	2	1	0	0	4	0	1	0	0	0	1	1	1	0	0	2	2	5	3	3	1	2	2	0	0	4	1
39795	30 Mar 26	03:27:00	1	0	34	0	Ct	0	0	1	0	0	0	0	1	2	0	0	1	0	1	0	0	0	0	1	0	0	1	3	1	3	0	2	2	0	2	1	0	1	1
39796	30 Mar 26	03:28:00	1	0	34	0	Ct	0	0	1	0	0	1	0	3	2	1	0	1	0	0	1	0	0	0	0	0	0	0	3	4	3	0	1	2	1	1	8	0	0	0
39797	30 Mar 26	03:29:00	1	0	34	0	Ct	0	0	1	0	0	8	0	2	3	3	0	0	0	0	0	0	0	0	0	0	0	0	3	1	4	0	7	1	3	2	3	0	1	0
39798	30 Mar 26	03:30:00	1	0	34	0	Ct	0	0	2	0	0	0	0	0	1	0	0	0	1	0	4	0	0	1	0	0	0	0	2	0	3	6	3	1	0	1	0	0	1	0
39799	30 Mar 26	03:31:00	1	0	34	0	Ct	0	0	0	0	0	2	0	0	2	0	0	0	0	0	1	0	3	1	0	0	0	0	1	2	3	0	1	1	2	1	0	0	1	0
39800	30 Mar 26	03:32:00	1	0	34	0	Ct	0	0	1	0	0	1	0	0	0	2	0	1	3	1	0	0	0	0	0	0	0	0	0	1	0	0	2	0	4	0	0	0	0	0
39801	30 Mar 26	03:33:00	1	0	34	0	Ct	0	0	0	0	0	1	0	0	0	0	0	2	0	0	0	0	0	1	1	0	10	0	1	1	3	0	2	1	3	0	0	0	1	0
39802	30 Mar 26	03:34:00	1	0	34	0	Ct	0	0	2	0	0	0	0	0	0	0	0	0	4	1	0	0	3	2	0	0	0	0	1	0	4	0	2	4	1	1	0	0	0	1
39803	30 Mar 26	03:35:00	1	0	34	0	Ct	0	0	2	0	0	2	0	0	0	1	0	2	4	0	0	0	0	3	2	0	0	0	0	0	5	0	2	5	1	1	2	0	3	2
39804	30 Mar 26	03:36:00	1	0	34	0	Ct	0	0	3	0	0	1	0	0	2	0	0	0	0	0	0	0	0	2	1	0	0	0	0	2	4	0	2	3	0	0	0	0	5	18
39805	30 Mar 26	03:37:00	1	0	34	0	Ct	0	0	1	0	0	0	0	0	0	0	0	0	0	0	0	0	0	4	0	0	0	0	0	3	1	0	0	0	0	1	0	0	0	0
39806	30 Mar 26	03:38:00	1	0	34	0	Ct	0	0	1	0	0	0	0	0	0	0	0	2	0	0	0	0	0	2	0	0	0	0	0	1	3	0	0	1	0	0	0	0	1	0
39807	30 Mar 26	03:39:00	1	0	34	0	Ct	0	0	1	0	0	1	0	1	0	0	0	1	0	0	0	0	0	3	0	0	0	0	2	0	2	0	4	1	0	1	0	0	0	0
39808	30 Mar 26	03:40:00	1	0	34	0	Ct	0	0	0	0	0	2	0	0	1	0	0	3	1	2	0	0	0	1	0	1	0	0	2	1	2	0	2	0	2	0	0	0	0	0
39809	30 Mar 26	03:41:00	1	0	34	0	Ct	0	0	0	0	0	1	0	0	1	0	0	1	5	1	0	0	0	2	1	0	0	3	0	1	2	0	1	1	1	0	0	0	0	3
39810	30 Mar 26	03:42:00	1	0	34	0	Ct	0	0	0	0	0	0	0	0	0	1	0	0	8	0	0	0	0	2	1	1	3	5	3	3	2	0	1	3	1	2	1	0	0	3
39811	30 Mar 26	03:43:00	1	0	34	0	Ct	0	0	3	0	0	0	0	1	1	1	0	0	2	2	0	0	0	1	0	0	0	0	0	3	4	0	0	1	1	0	2	0	0	1
39812	30 Mar 26	03:44:00	1	0	34	0	Ct	0	0	0	0	0	0	0	1	0	0	0	1	1	1	0	3	0	2	0	0	1	0	3	1	3	0	0	0	2	0	0	0	0	2
39813	30 Mar 26	03:45:00	1	0	34	0	Ct	0	0	0	0	0	5	0	0	1	0	0	1	0	1	0	0	0	2	0	2	0	0	1	1	3	8	0	3	1	1	0	0	0	0
39814	30 Mar 26	03:46:00	1	0	34	0	Ct	0	0	1	0	0	1	0	1	2	0	0	1	0	3	0	0	0	2	1	4	0	0	1	1	2	1	2	1	0	1	0	0	0	1
39815	30 Mar 26	03:47:00	1	0	34	0	Ct	0	0	1	1	0	2	0	4	3	0	0	3	0	1	0	3	0	2	1	1	4	0	2	2	6	0	0	2	3	0	2	0	3	1
39816	30 Mar 26	03:48:00	1	0	34	0	Ct	0	0	0	0	0	4	0	1	2	0	0	1	0	0	0	3	0	1	0	0	1	0	3	0	3	0	0	0	4	0	2	0	6	0
39817	30 Mar 26	03:49:00	1	0	34	0	Ct	0	0	0	0	0	1	0	3	1	0	0	0	0	0	0	4	0	0	2	0	0	0	0	2	2	0	0	1	1	0	2	0	0	0
39818	30 Mar 26	03:50:00	1	0	34	0	Ct	0	0	2	1	0	2	0	2	3	2	0	0	0	1	0	2	0	2	0	1	0	0	0	2	5	0	0	4	1	0	0	0	0	1
39819	30 Mar 26	03:51:00	1	0	34	0	Ct	0	0	2	0	0	13	0	0	2	4	0	0	0	0	0	0	0	3	0	1	1	5	0	0	3	0	0	0	0	1	0	0	2	1
39820	30 Mar 26	03:52:00	1	0	34	0	Ct	0	0	1	2	0	0	0	2	1	2	0	1	0	0	0	0	0	3	0	1	0	1	0	1	4	1	1	0	0	2	0	0	4	0
39821	30 Mar 26	03:53:00	1	0	34	0	Ct	0	0	1	0	0	0	0	3	3	1	0	0	0	0	0	1	0	3	1	9	0	0	2	2	6	0	2	2	0	1	0	0	5	0
39822	30 Mar 26	03:54:00	1	0	34	0	Ct	0	0	2	0	0	0	0	0	4	0	0	0	0	0	0	1	0	5	1	2	0	0	0	1	6	0	2	0	0	1	0	0	6	4
39823	30 Mar 26	03:55:00	1	0	34	0	Ct	0	0	0	2	0	0	0	2	1	0	0	1	0	0	0	4	0	3	1	1	0	0	1	2	3	0	5	2	1	1	0	0	2	0
39824	30 Mar 26	03:56:00	1	0	34	0	Ct	0	0	0	0	0	0	0	0	2	0	0	1	0	1	0	1	0	1	1	2	0	0	0	0	1	0	4	0	1	2	0	0	5	2
39825	30 Mar 26	03:57:00	1	0	34	0	Ct	0	0	1	0	0	1	0	0	2	3	0	0	0	0	0	0	0	2	0	1	0	0	1	13	1	0	4	1	0	2	0	0	6	2
39826	30 Mar 26	03:58:00	1	0	34	0	Ct	0	0	1	0	0	1	0	0	1	0	0	3	0	1	0	1	0	2	0	0	0	2	1	2	2	0	2	1	0	1	0	0	2	2
39827	30 Mar 26	03:59:00	1	0	34	0	Ct	0	0	3	0	0	0	0	0	2	0	0	0	1	2	0	2	0	2	1	0	0	1	3	2	3	0	0	0	0	0	0	0	5	3
39828	30 Mar 26	04:00:00	1	0	34	0	Ct	0	0	1	1	0	0	0	0	2	0	0	2	1	0	0	1	0	1	1	0	1	0	2	1	3	3	2	0	0	0	0	0	4	1
39829	30 Mar 26	04:01:00	1	0	34	0	Ct	0	0	4	0	0	0	0	1	2	0	0	2	3	0	0	3	0	2	1	0	4	1	2	0	5	1	2	1	0	0	0	0	5	1
39830	30 Mar 26	04:02:00	1	0	34	0	Ct	0	0	3	1	0	6	0	2	9	2	0	0	2	0	0	2	0	1	0	0	2	0	1	0	4	0	2	0	1	0	0	0	1	0
39831	30 Mar 26	04:03:00	1	0	34	0	Ct	0	0	0	1	0	2	0	11	3	3	0	2	0	1	0	2	0	3	0	0	3	4	0	1	1	0	4	0	1	3	0	0	3	1
39832	30 Mar 26	04:04:00	1	0	34	0	Ct	0	0	0	0	0	2	0	0	2	3	0	0	0	1	0	4	0	4	0	0	0	3	2	3	3	1	1	0	1	0	0	0	3	1
39833	30 Mar 26	04:05:00	1	0	34	0	Ct	0	0	1	0	0	2	0	0	2	3	0	2	1	0	0	1	0	1	0	1	5	0	0	1	0	0	2	0	2	0	0	0	6	0
39834	30 Mar 26	04:06:00	1	0	34	0	Ct	0	0	0	0	0	2	0	0	2	3	0	1	3	0	0	0	0	1	1	1	1	0	0	4	1	2	0	0	0	2	1	0	3	0
39835	30 Mar 26	04:07:00	1	0	34	0	Ct	0	0	1	0	0	2	0	0	1	2	0	0	0	0	0	5	0	0	1	0	0	0	0	2	2	0	0	0	0	1	2	0	5	0
39836	30 Mar 26	04:08:00	1	0	34	0	Ct	0	0	1	1	0	2	0	0	4	4	0	0	0	2	0	1	0	0	1	3	0	0	0	2	2	0	0	0	0	1	1	0	4	0
39837	30 Mar 26	04:09:00	1	0	34	0	Ct	0	0	1	0	0	2	0	2	2	1	0	0	0	1	0	3	0	3	0	6	10	0	1	1	2	3	0	0	0	0	4	0	2	0
39838	30 Mar 26	04:10:00	1	0	34	0	Ct	0	0	2	1	0	2	0	1	2	3	0	1	0	1	2	0	0	0	1	1	0	0	1	0	4	0	0	0	0	2	5	0	6	0
39839	30 Mar 26	04:11:00	1	0	34	0	Ct	0	0	3	3	0	2	0	0	3	2	0	4	2	1	4	1	0	1	1	0	0	4	0	0	3	0	0	2	0	1	4	0	3	2
39840	30 Mar 26	04:12:00	1	0	34	0	Ct	0	0	3	5	0	2	0	3	3	3	0	0	17	0	3	1	0	1	1	0	0	1	0	0	4	3	0	0	0	1	4	0	8	1
39841	30 Mar 26	04:13:00	1	0	34	0	Ct	0	0	0	0	0	2	0	2	1	0	0	2	0	2	0	1	0	3	1	4	0	3	0	2	3	2	3	0	0	0	0	0	3	1
39842	30 Mar 26	04:14:00	1	0	34	0	Ct	0	0	0	0	0	2	0	3	2	0	0	0	0	4	0	0	0	3	0	1	0	0	3	1	2	2	1	5	0	0	0	0	5	1
39843	30 Mar 26	04:15:00	1	0	34	0	Ct	0	0	0	0	0	2	0	3	2	0	0	0	0	1	0	0	0	1	3	0	1	6	4	0	3	0	0	3	0	1	2	0	4	0
39844	30 Mar 26	04:16:00	1	0	34	0	Ct	0	0	1	5	0	3	0	2	2	3	0	0	0	0	1	0	0	2	0	0	0	0	0	1	3	1	1	0	0	1	0	0	3	0
39845	30 Mar 26	04:17:00	1	0	34	0	Ct	0	0	2	0	0	2	0	3	6	1	0	0	0	0	1	0	0	2	0	0	1	4	0	1	2	0	0	1	0	0	0	0	4	0
39846	30 Mar 26	04:18:00	1	0	34	0	Ct	0	0	2	0	0	1	0	3	2	2	0	1	0	0	5	0	0	3	0	0	0	0	2	0	3	0	0	0	0	2	0	0	1	0
39847	30 Mar 26	04:19:00	1	0	34	0	Ct	0	0	0	0	0	2	0	3	5	2	0	0	0	0	2	0	0	2	1	1	2	5	1	1	3	2	0	4	0	2	0	0	4	2
39848	30 Mar 26	04:20:00	1	0	34	0	Ct	0	0	2	0	0	2	0	2	1	1	0	1	0	1	3	0	0	2	0	1	0	0	2	1	3	1	1	0	5	1	0	0	4	1
39849	30 Mar 26	04:21:00	1	0	34	0	Ct	0	0	2	0	0	2	0	3	6	0	0	0	0	0	3	0	0	2	0	2	0	2	0	3	3	1	0	0	0	3	0	0	2	1
39850	30 Mar 26	04:22:00	1	0	34	0	Ct	0	0	0	0	0	1	0	3	0	1	0	0	0	0	5	0	0	3	3	0	0	1	0	1	8	0	1	0	4	1	0	0	4	1
39851	30 Mar 26	04:23:00	1	0	34	0	Ct	0	0	0	0	0	1	0	3	1	1	0	0	0	2	3	0	0	1	2	0	1	1	3	2	2	2	2	0	0	1	0	0	5	0
39852	30 Mar 26	04:24:00	1	0	34	0	Ct	0	0	0	1	0	2	0	1	1	0	0	2	0	3	2	0	0	3	0	1	3	3	1	0	3	3	1	0	2	0	5	0	4	1
39853	30 Mar 26	04:25:00	1	0	34	0	Ct	0	0	1	0	0	2	0	1	2	1	0	1	1	1	1	2	1	3	2	2	0	2	8	4	2	1	1	0	3	0	2	0	3	1
39854	30 Mar 26	04:26:00	1	0	34	0	Ct	0	0	2	0	0	1	0	1	6	1	0	2	1	1	1	1	1	2	3	2	0	1	1	2	2	1	1	1	1	0	2	0	6	1
39855	30 Mar 26	04:27:00	1	0	34	0	Ct	0	0	1	0	0	1	0	1	0	0	0	1	2	0	3	0	1	1	1	1	0	0	1	1	1	2	0	0	3	3	1	0	2	2
39856	30 Mar 26	04:28:00	1	0	34	0	Ct	0	0	1	2	0	2	0	0	0	3	0	1	0	0	3	0	1	0	0	0	0	0	1	3	0	0	2	1	0	0	2	0	4	1
39857	30 Mar 26	04:29:00	1	0	34	0	Ct	0	0	3	0	0	0	0	0	0	2	0	0	0	0	3	0	10	2	1	0	0	0	2	3	4	0	0	0	0	1	4	0	4	2
39858	30 Mar 26	04:30:00	1	0	34	0	Ct	0	0	2	0	0	0	0	0	0	0	0	2	1	0	7	0	0	2	0	1	0	2	0	2	9	0	2	0	0	2	0	0	4	1
39859	30 Mar 26	04:31:00	1	0	34	0	Ct	0	0	1	1	0	0	0	0	0	1	0	0	2	1	4	0	0	2	0	2	0	5	0	0	1	3	0	0	0	0	0	0	3	0
39860	30 Mar 26	04:32:00	1	0	34	0	Ct	0	0	3	0	0	2	0	2	0	3	0	0	6	1	0	5	0	5	0	0	0	5	0	0	0	0	1	0	0	0	0	0	4	1
39861	30 Mar 26	04:33:00	1	0	34	0	Ct	0	0	0	0	0	2	0	4	0	2	2	0	7	0	1	1	0	2	1	4	0	3	0	0	0	1	0	0	0	1	0	0	6	2
39862	30 Mar 26	04:34:00	1	0	34	0	Ct	0	0	0	3	0	2	0	4	0	1	0	0	8	0	1	0	0	4	1	0	0	0	0	0	0	2	9	0	0	4	0	0	3	2
39863	30 Mar 26	04:35:00	1	0	34	0	Ct	0	0	1	2	0	1	0	2	2	0	0	0	3	0	4	4	0	3	0	0	0	10	0	0	0	0	0	0	0	1	0	0	5	3
39864	30 Mar 26	04:36:00	1	0	34	0	Ct	0	0	1	0	0	2	0	2	1	0	2	0	0	3	2	1	0	2	0	3	0	0	0	0	0	0	0	4	0	2	1	0	2	0
39865	30 Mar 26	04:37:00	1	0	34	0	Ct	0	0	0	0	0	2	0	1	1	2	0	1	0	1	3	0	0	2	0	3	1	0	0	0	0	2	0	0	0	1	0	0	5	1
39866	30 Mar 26	04:38:00	1	0	34	0	Ct	0	0	0	1	0	2	0	2	2	2	0	6	4	2	4	0	0	0	1	1	3	0	0	0	0	3	0	0	0	0	2	0	2	0
39867	30 Mar 26	04:39:00	1	0	34	0	Ct	0	0	0	2	0	4	0	1	2	3	0	2	3	5	3	0	0	2	2	0	1	0	0	1	0	2	1	0	0	1	0	0	4	2
39868	30 Mar 26	04:40:00	1	0	34	0	Ct	0	0	2	2	0	1	0	2	2	3	0	0	0	2	2	0	0	2	0	0	0	0	0	2	0	0	1	0	0	0	0	0	5	3
39869	30 Mar 26	04:41:00	1	0	34	0	Ct	0	0	1	1	0	2	0	2	3	2	0	2	0	2	7	3	0	2	0	0	0	0	0	3	0	0	0	0	0	0	0	0	3	2
39870	30 Mar 26	04:42:00	1	0	34	0	Ct	0	0	1	0	0	1	0	0	0	1	0	1	0	2	1	0	0	2	1	0	0	2	1	3	0	1	0	0	0	1	1	0	0	0
39871	30 Mar 26	04:43:00	1	0	34	0	Ct	0	0	2	0	0	3	0	0	0	1	0	0	0	2	2	2	0	4	1	0	0	0	0	1	0	0	2	0	0	0	0	0	2	0
39872	30 Mar 26	04:44:00	1	0	34	0	Ct	0	0	2	0	0	0	0	1	1	1	7	0	2	0	1	8	0	0	1	0	0	0	1	2	0	0	1	0	2	0	0	0	3	0
39873	30 Mar 26	04:45:00	1	0	34	0	Ct	0	0	3	0	0	2	0	2	5	0	0	0	3	0	1	1	0	4	0	1	0	1	0	2	0	0	1	0	0	0	0	0	2	0
39874	30 Mar 26	04:46:00	1	0	34	0	Ct	0	0	3	1	0	2	0	3	0	0	0	1	1	1	1	2	0	3	2	1	0	1	1	2	0	0	0	0	0	3	0	0	4	0
39875	30 Mar 26	04:47:00	1	0	34	0	Ct	0	0	1	1	0	1	0	2	0	0	2	1	2	2	2	1	0	3	1	0	0	0	2	2	0	0	2	0	1	2	1	0	3	2
39876	30 Mar 26	04:48:00	1	0	34	0	Ct	0	0	1	2	0	4	0	3	0	0	0	2	3	1	1	0	0	2	0	2	0	2	1	1	0	1	0	0	1	1	0	0	4	1
39877	30 Mar 26	04:49:00	1	0	34	0	Ct	0	0	0	1	0	5	0	3	0	0	3	0	0	0	4	2	0	1	3	0	0	0	0	0	0	0	3	0	0	1	0	0	4	1
39878	30 Mar 26	04:50:00	1	0	34	0	Ct	0	0	1	0	0	1	0	3	0	3	0	1	0	0	2	8	0	2	3	1	0	0	0	0	0	2	2	0	1	0	0	0	6	2
39879	30 Mar 26	04:51:00	1	0	34	0	Ct	0	0	1	1	0	0	0	1	0	0	0	0	0	2	4	2	0	3	2	3	0	0	0	3	0	0	3	0	2	1	3	0	5	2
39880	30 Mar 26	04:52:00	1	0	34	0	Ct	0	0	0	1	0	1	0	1	2	0	0	0	0	0	2	6	0	2	0	4	0	3	0	1	0	0	0	0	1	0	0	0	6	2
39881	30 Mar 26	04:53:00	1	0	34	0	Ct	0	0	1	0	0	3	0	3	3	0	0	0	0	1	3	0	0	1	0	1	0	4	1	3	3	0	1	0	2	1	0	0	4	0
39882	30 Mar 26	04:54:00	1	0	34	0	Ct	0	0	0	2	0	3	0	0	1	1	0	0	0	3	5	0	0	4	1	2	2	0	1	1	0	1	0	0	2	2	0	0	6	1
39883	30 Mar 26	04:55:00	1	0	34	0	Ct	0	0	1	0	0	3	0	0	1	0	0	1	0	0	1	0	0	2	0	1	3	0	1	1	0	1	1	0	3	0	0	0	2	1
39884	30 Mar 26	04:56:00	1	0	34	0	Ct	0	0	2	0	0	3	0	0	3	1	0	1	0	0	3	0	0	3	0	1	1	3	1	2	0	2	2	0	1	1	0	0	4	2
39885	30 Mar 26	04:57:00	1	0	34	0	Ct	0	0	2	0	0	4	0	2	1	0	0	0	0	1	4	0	0	2	1	3	1	4	2	1	0	2	1	0	3	2	0	0	2	1
39886	30 Mar 26	04:58:00	1	0	34	0	Ct	0	0	1	0	0	2	0	2	0	1	0	0	1	2	3	0	0	3	0	1	0	0	2	0	0	1	2	0	2	0	0	0	5	1
39887	30 Mar 26	04:59:00	1	0	34	0	Ct	0	0	0	1	0	3	0	4	2	0	0	0	1	0	4	0	1	3	0	3	0	0	1	0	0	1	2	0	1	0	0	0	3	1
39888	30 Mar 26	05:00:00	1	0	34	0	Ct	0	0	1	2	0	2	0	1	0	0	0	0	2	0	1	0	0	2	0	2	0	8	1	1	0	1	2	0	0	4	0	0	4	1
39889	30 Mar 26	05:01:00	1	0	34	0	Ct	0	0	0	0	0	1	0	2	1	5	0	0	2	0	2	0	2	2	1	2	0	0	0	0	1	2	1	0	0	2	0	0	5	4
39890	30 Mar 26	05:02:00	1	0	34	0	Ct	0	0	1	0	0	2	0	5	7	2	0	1	1	0	6	0	0	2	1	2	0	0	0	1	2	1	6	0	0	3	0	0	2	1
39891	30 Mar 26	05:03:00	1	0	34	0	Ct	0	0	1	0	0	1	0	3	6	0	0	0	2	0	1	2	2	3	1	1	0	0	0	1	0	2	2	0	0	0	0	0	3	1
39892	30 Mar 26	05:04:00	1	0	34	0	Ct	0	0	1	2	0	0	0	3	2	2	0	0	0	0	2	1	0	2	2	3	0	0	3	2	0	1	4	0	0	2	0	0	3	1
39893	30 Mar 26	05:05:00	1	0	34	0	Ct	0	0	1	0	0	0	0	0	0	6	0	1	0	0	1	0	0	3	0	1	0	0	2	0	0	0	2	0	0	2	0	0	5	0
39894	30 Mar 26	05:06:00	1	0	34	0	Ct	0	0	1	0	0	0	0	3	1	2	0	0	0	0	1	0	0	2	1	1	0	0	2	3	2	0	1	0	0	2	0	0	5	1
39895	30 Mar 26	05:07:00	1	0	34	0	Ct	0	0	8	0	0	3	0	3	2	1	0	1	0	0	3	0	0	1	0	1	0	0	2	2	0	1	0	0	0	3	0	0	5	1
39896	30 Mar 26	05:08:00	1	0	34	0	Ct	0	0	3	1	0	0	0	2	3	0	0	0	0	0	5	0	0	1	0	3	0	0	1	0	2	1	0	0	0	3	0	0	3	0
39897	30 Mar 26	05:09:00	1	0	34	0	Ct	0	0	0	1	0	0	0	3	5	1	0	0	0	0	2	0	0	0	0	1	0	5	2	0	0	0	3	0	0	3	0	0	4	1
39898	30 Mar 26	05:10:00	1	0	34	0	Ct	0	0	0	0	0	2	0	3	1	0	0	0	2	0	3	0	0	3	1	2	0	1	0	0	6	1	0	0	2	0	0	0	4	1
39899	30 Mar 26	05:11:00	1	0	34	0	Ct	0	0	0	1	0	0	0	2	4	0	0	0	1	0	2	0	0	2	0	1	0	0	0	2	3	2	1	0	0	0	0	0	1	2
39900	30 Mar 26	05:12:00	1	0	34	0	Ct	0	0	1	2	0	0	0	3	2	0	0	0	1	1	2	2	0	1	0	2	0	0	0	2	6	1	1	0	0	0	0	0	0	1
39901	30 Mar 26	05:13:00	1	0	34	0	Ct	0	0	1	0	0	5	0	2	2	0	0	0	0	2	4	2	0	3	0	1	0	3	2	0	6	1	3	0	0	3	0	0	3	3
39902	30 Mar 26	05:14:00	1	0	34	0	Ct	0	0	1	0	0	3	0	1	0	1	0	0	1	0	4	2	0	2	0	3	0	0	1	2	3	1	4	0	0	1	0	0	3	2
39903	30 Mar 26	05:15:00	1	0	34	0	Ct	0	0	3	0	0	2	0	0	0	2	0	2	1	0	4	3	0	3	2	2	0	0	0	0	2	0	1	0	0	2	0	0	5	1
39904	30 Mar 26	05:16:00	1	0	34	0	Ct	0	0	2	0	0	0	0	0	4	1	0	1	0	1	2	0	0	2	1	1	0	0	0	2	2	0	0	0	2	2	0	0	5	1
39905	30 Mar 26	05:17:00	1	0	34	0	Ct	0	0	2	0	0	2	0	0	0	0	0	0	0	0	1	1	0	3	1	0	1	0	0	1	2	1	1	0	1	2	0	0	5	0
39906	30 Mar 26	05:18:00	1	0	34	0	Ct	0	0	0	0	0	2	0	3	1	0	0	0	1	1	4	1	0	2	2	3	0	3	1	3	3	1	1	0	3	1	0	0	3	1
39907	30 Mar 26	05:19:00	1	0	34	0	Ct	0	0	2	1	0	2	0	1	0	0	0	1	0	1	0	0	0	3	1	2	0	6	3	0	1	1	1	0	1	0	0	0	2	1
39908	30 Mar 26	05:20:00	1	0	34	0	Ct	0	0	2	1	0	1	0	1	0	2	0	0	1	0	3	0	0	2	1	2	0	0	2	2	0	2	1	0	3	1	0	0	5	0
39909	30 Mar 26	05:21:00	1	0	34	0	Ct	0	0	1	0	0	2	0	2	0	1	0	2	0	1	3	0	0	4	2	2	1	0	2	2	0	2	0	0	1	1	4	0	6	2
39910	30 Mar 26	05:22:00	1	0	34	0	Ct	0	0	3	3	0	1	0	1	0	1	0	1	0	1	1	0	0	2	2	1	4	1	1	2	0	1	0	0	0	0	0	0	5	2
39911	30 Mar 26	05:23:00	1	0	34	0	Ct	0	0	2	1	0	0	0	1	0	0	0	1	3	0	4	0	0	2	1	2	0	4	1	2	2	0	0	0	0	0	2	0	3	2
39912	30 Mar 26	05:24:00	1	0	34	0	Ct	0	0	0	1	0	2	0	1	0	0	0	0	4	1	2	0	0	1	0	1	1	2	1	0	1	1	2	0	2	0	0	0	5	1
39913	30 Mar 26	05:25:00	1	0	34	0	Ct	0	0	0	1	0	2	0	2	0	3	0	0	0	0	3	0	0	1	1	1	1	0	1	1	0	0	1	0	1	0	0	0	4	1
39914	30 Mar 26	05:26:00	1	0	34	0	Ct	0	0	1	0	0	7	0	2	0	2	0	3	0	1	3	0	0	1	2	1	0	3	2	1	0	0	5	0	0	0	0	0	5	0
39915	30 Mar 26	05:27:00	1	0	34	0	Ct	0	0	1	0	0	3	0	2	0	0	0	0	0	0	6	0	0	1	1	1	0	0	0	3	0	1	3	0	0	0	0	0	5	0
39916	30 Mar 26	05:28:00	1	0	34	0	Ct	0	0	0	0	0	1	0	2	2	0	0	0	0	0	3	0	1	1	1	0	0	3	0	1	0	1	1	0	0	0	0	0	4	0
39917	30 Mar 26	05:29:00	1	0	34	0	Ct	0	0	2	0	0	2	0	1	1	1	0	0	3	0	2	0	1	3	1	1	0	0	0	1	0	1	6	0	0	1	0	0	3	2
39918	30 Mar 26	05:30:00	1	0	34	0	Ct	0	0	1	5	0	1	0	0	0	2	0	0	0	0	3	0	2	0	0	1	0	1	3	0	0	2	1	0	1	0	0	0	5	3
39919	30 Mar 26	05:31:00	1	0	34	0	Ct	0	0	2	0	0	4	0	0	0	3	0	1	0	1	4	0	0	1	0	0	0	0	0	0	0	16	1	0	1	0	0	0	1	0
39920	30 Mar 26	05:32:00	1	0	34	0	Ct	0	0	1	0	0	2	0	4	5	2	0	0	0	0	3	0	1	2	0	1	0	4	3	1	0	2	0	0	0	1	6	0	0	0
39921	30 Mar 26	05:33:00	1	0	34	0	Ct	0	0	1	1	0	1	0	3	0	2	0	0	0	1	1	0	0	3	1	2	0	0	0	0	0	0	0	0	0	0	0	0	1	1
39922	30 Mar 26	05:34:00	1	0	34	0	Ct	0	0	0	1	0	2	0	2	1	1	0	0	0	0	2	2	1	2	0	1	0	0	1	1	0	0	0	0	0	3	0	0	0	2
39923	30 Mar 26	05:35:00	1	0	34	0	Ct	0	0	0	0	0	1	0	1	2	1	0	0	0	0	2	0	2	3	2	1	2	0	0	2	0	1	1	0	0	1	0	0	3	3
39924	30 Mar 26	05:36:00	1	0	34	0	Ct	0	0	3	1	0	1	0	2	1	0	0	0	0	1	4	2	0	1	1	1	3	0	1	1	0	1	1	0	0	1	0	0	5	1
39925	30 Mar 26	05:37:00	1	0	34	0	Ct	0	0	0	0	0	1	0	5	1	0	0	0	0	0	0	0	0	2	2	2	2	0	1	1	0	1	1	0	0	1	0	0	3	1
39926	30 Mar 26	05:38:00	1	0	34	0	Ct	0	0	0	0	0	2	0	2	3	0	0	0	0	0	1	2	0	3	1	2	0	5	2	1	0	0	1	0	0	1	1	0	5	4
39927	30 Mar 26	05:39:00	1	0	34	0	Ct	0	0	1	0	0	1	0	7	1	0	0	1	0	0	1	3	0	2	2	1	0	2	0	1	0	1	0	0	0	1	0	0	5	2
39928	30 Mar 26	05:40:00	1	0	34	0	Ct	0	0	2	1	0	2	0	1	3	1	0	0	0	1	2	0	0	1	3	0	0	4	0	1	0	2	2	0	0	0	0	0	5	3
39929	30 Mar 26	05:41:00	1	0	34	0	Ct	0	0	0	1	0	3	0	1	0	2	0	2	0	1	0	0	0	1	2	3	0	0	0	1	0	2	4	0	0	0	0	0	4	1
39930	30 Mar 26	05:42:00	1	0	34	0	Ct	0	0	1	1	0	2	0	2	0	0	0	2	5	1	0	0	0	1	1	1	0	0	1	1	0	3	1	0	0	2	2	0	2	0
39931	30 Mar 26	05:43:00	1	0	34	0	Ct	0	0	1	0	0	3	0	2	2	0	0	2	0	0	2	0	0	2	1	1	0	0	2	2	0	1	1	0	0	1	1	0	3	0
39932	30 Mar 26	05:44:00	1	0	34	0	Ct	0	0	3	2	0	1	0	0	3	2	0	2	4	7	3	2	0	0	1	1	1	0	1	0	0	2	0	0	0	0	0	0	3	0
39933	30 Mar 26	05:45:00	1	0	34	0	Ct	0	0	1	2	0	1	0	1	3	1	0	0	1	0	2	1	0	1	1	1	6	0	0	2	0	2	1	2	0	3	1	0	3	0
39934	30 Mar 26	05:46:00	1	0	34	0	Ct	0	0	1	1	0	2	0	0	1	0	0	0	7	0	3	0	0	0	1	2	0	0	3	1	0	1	2	2	0	1	0	0	3	0
39935	30 Mar 26	05:47:00	1	0	34	0	Ct	0	0	1	1	0	0	0	0	1	1	0	0	0	0	0	2	0	3	1	2	0	0	0	2	0	1	1	4	0	1	0	0	4	0
39936	30 Mar 26	05:48:00	1	0	34	0	Ct	0	0	1	0	0	2	0	0	0	1	1	0	0	2	1	5	1	0	1	0	0	0	2	2	0	0	3	14	0	1	0	0	4	1
39937	30 Mar 26	05:49:00	1	0	34	0	Ct	0	0	0	0	0	2	0	0	1	2	2	6	0	0	2	0	1	2	0	1	0	0	0	2	0	0	1	10	0	1	0	0	5	0
39938	30 Mar 26	05:50:00	1	0	34	0	Ct	0	0	0	1	0	2	0	0	1	0	3	1	2	0	1	3	0	0	0	2	0	2	0	1	0	0	1	0	0	3	0	0	4	1
39939	30 Mar 26	05:51:00	1	0	34	0	Ct	0	0	0	1	0	3	0	0	1	0	5	2	0	0	4	1	0	3	0	1	0	15	2	1	0	0	1	0	0	0	0	0	7	0
39940	30 Mar 26	05:52:00	1	0	34	0	Ct	0	0	0	0	0	1	0	0	10	0	0	1	1	0	4	0	0	4	1	2	0	0	2	2	0	2	3	0	0	0	0	0	4	0
39941	30 Mar 26	05:53:00	1	0	34	0	Ct	0	0	0	0	0	1	0	0	0	2	0	1	0	0	2	0	0	3	1	1	0	0	1	0	0	1	1	0	0	0	0	0	4	1
39942	30 Mar 26	05:54:00	1	0	34	0	Ct	0	0	0	0	0	3	0	2	1	2	0	3	0	2	2	1	0	2	2	1	0	0	3	1	0	0	2	0	0	0	0	0	5	0
39943	30 Mar 26	05:55:00	1	0	34	0	Ct	0	0	0	0	0	2	0	3	0	5	0	2	0	1	4	0	0	3	0	0	0	4	3	2	0	2	2	0	0	1	2	0	3	4
39944	30 Mar 26	05:56:00	1	0	34	0	Ct	0	0	0	0	0	5	0	1	0	1	0	0	0	2	2	3	0	2	0	3	0	1	0	3	0	2	0	0	0	2	1	0	4	1
39945	30 Mar 26	05:57:00	1	0	34	0	Ct	0	0	0	0	0	0	0	2	0	2	0	2	1	1	3	0	0	3	0	2	0	0	1	2	0	2	3	0	0	1	1	0	4	2
39946	30 Mar 26	05:58:00	1	0	34	0	Ct	0	0	0	0	0	0	0	2	1	2	0	2	1	0	2	2	0	2	0	3	0	0	1	2	0	1	4	0	0	0	7	0	2	1
39947	30 Mar 26	05:59:00	1	0	34	0	Ct	0	0	1	0	0	1	0	2	0	3	0	2	0	0	2	2	0	3	1	2	0	3	1	0	0	1	0	0	0	2	3	0	4	1
39948	30 Mar 26	06:00:00	1	0	34	0	Ct	0	0	2	3	0	1	0	1	9	3	0	0	3	0	2	0	0	3	1	2	1	9	2	2	0	1	3	0	0	1	3	0	5	1
39949	30 Mar 26	06:01:00	1	0	34	0	Ct	0	0	1	1	0	0	0	2	0	1	0	2	0	3	1	0	1	1	1	3	0	4	2	2	0	0	1	0	0	3	0	0	4	2
39950	30 Mar 26	06:02:00	1	0	34	0	Ct	0	0	0	2	0	0	0	2	4	0	0	3	1	2	1	0	1	3	1	1	0	2	1	2	3	1	0	0	0	2	2	0	2	1
39951	30 Mar 26	06:03:00	1	0	34	0	Ct	0	0	0	0	0	1	0	2	2	1	2	1	0	1	1	0	0	4	3	2	0	1	0	2	5	2	0	0	0	1	0	0	5	6
39952	30 Mar 26	06:04:00	1	0	34	0	Ct	0	0	2	1	0	1	0	3	1	1	0	4	1	0	1	0	4	2	3	2	1	0	0	2	0	1	1	0	0	1	1	0	4	0
39953	30 Mar 26	06:05:00	1	0	34	0	Ct	0	0	1	0	0	1	0	1	0	0	1	1	0	0	2	0	4	2	1	1	1	0	1	0	0	2	6	2	0	1	1	0	2	1
39954	30 Mar 26	06:06:00	1	0	34	0	Ct	0	0	2	0	0	2	0	2	1	0	0	0	0	0	2	0	2	3	1	2	0	0	4	2	0	2	0	2	0	0	0	0	4	1
39955	30 Mar 26	06:07:00	1	0	34	0	Ct	0	0	2	0	0	3	0	3	2	0	0	1	1	0	2	0	2	2	1	1	1	0	2	2	4	0	3	0	0	2	1	0	3	2
39956	30 Mar 26	06:08:00	1	0	34	0	Ct	0	0	1	0	0	1	0	2	1	1	0	1	0	0	2	0	0	2	0	2	0	6	2	1	2	2	0	3	0	0	2	0	5	0
39957	30 Mar 26	06:09:00	1	0	34	0	Ct	0	0	1	0	0	3	0	3	0	1	0	1	1	1	1	2	0	3	0	1	0	0	1	1	1	1	0	2	2	1	0	0	4	0
39958	30 Mar 26	06:10:00	1	0	34	0	Ct	0	0	0	0	0	2	0	1	0	0	0	1	4	1	3	5	0	3	0	2	0	0	2	2	3	2	2	1	1	1	9	0	4	2
39959	30 Mar 26	06:11:00	1	0	34	0	Ct	0	0	1	0	0	2	0	3	0	0	0	2	0	0	5	0	3	3	0	0	0	0	1	1	2	1	1	2	2	1	1	0	4	2
39960	30 Mar 26	06:12:00	1	0	34	0	Ct	0	0	1	0	0	3	0	0	0	0	0	0	0	1	1	0	0	3	1	1	0	0	3	0	4	2	1	0	1	1	2	0	4	2
39961	30 Mar 26	06:13:00	1	0	34	0	Ct	0	0	1	3	0	3	0	0	1	1	0	3	0	1	2	1	1	4	1	1	0	2	0	3	2	0	1	3	2	0	0	0	4	3
39962	30 Mar 26	06:14:00	1	0	34	0	Ct	0	0	1	2	0	2	0	0	1	3	0	1	0	0	1	0	1	2	0	0	1	3	0	0	1	2	0	3	3	0	0	0	4	3
39963	30 Mar 26	06:15:00	1	0	34	0	Ct	0	0	2	2	2	2	0	2	4	2	0	1	0	0	2	0	0	2	1	2	1	1	2	0	2	3	2	5	4	1	0	0	3	1
39964	30 Mar 26	06:16:00	1	0	34	0	Ct	0	0	0	0	3	2	0	2	1	4	0	8	0	0	3	0	0	0	2	1	0	3	0	0	6	2	1	2	2	1	2	0	3	0
39965	30 Mar 26	06:17:00	1	0	34	0	Ct	0	0	1	1	0	2	0	1	2	0	0	0	0	2	2	0	0	1	2	0	0	2	1	2	3	1	3	2	1	1	2	0	3	1
39966	30 Mar 26	06:18:00	1	0	34	0	Ct	0	0	0	0	0	1	0	0	1	0	0	1	0	2	1	0	3	0	0	3	0	0	0	0	2	0	3	2	1	0	0	0	1	1
39967	30 Mar 26	06:19:00	1	0	34	0	Ct	0	0	1	0	0	5	0	0	3	0	0	0	0	1	1	0	0	2	1	0	0	0	2	0	2	1	6	1	1	1	0	0	3	0
39968	30 Mar 26	06:20:00	1	0	34	0	Ct	0	0	1	0	0	1	0	0	1	0	0	0	0	0	2	2	0	1	1	1	0	0	1	2	2	1	1	7	2	1	0	0	4	0
39969	30 Mar 26	06:21:00	1	0	34	0	Ct	0	0	0	0	0	2	0	0	5	1	0	3	3	1	2	1	0	4	1	1	0	11	8	2	2	2	2	3	3	2	0	0	0	0
39970	30 Mar 26	06:22:00	1	0	34	0	Ct	0	0	0	0	0	1	0	0	1	2	0	3	0	1	3	2	1	2	1	2	0	0	0	2	5	0	1	1	3	0	0	0	5	2
39971	30 Mar 26	06:23:00	1	0	34	0	Ct	0	0	1	1	0	2	0	0	2	3	0	0	0	0	5	1	0	2	0	1	2	3	0	2	2	1	2	1	2	1	0	0	5	0
39972	30 Mar 26	06:24:00	1	0	34	0	Ct	0	0	1	0	0	2	0	0	1	0	0	0	0	2	4	0	0	3	0	1	0	2	1	3	5	0	5	1	4	2	0	0	4	2
39973	30 Mar 26	06:25:00	1	0	34	0	Ct	0	0	2	2	0	3	0	0	5	5	0	0	0	1	1	0	0	1	0	1	0	0	1	1	3	1	5	0	2	2	0	0	3	2
39974	30 Mar 26	06:26:00	1	0	34	0	Ct	0	0	1	1	0	2	0	0	1	1	0	0	0	0	1	0	0	4	0	2	2	0	2	0	4	0	5	3	2	0	0	0	3	1
39975	30 Mar 26	06:27:00	1	0	34	0	Ct	0	0	1	1	0	4	0	2	0	1	0	0	0	0	1	1	1	1	0	1	0	8	4	2	3	1	2	1	1	1	0	0	4	1
39976	30 Mar 26	06:28:00	1	0	34	0	Ct	0	0	2	1	0	1	0	3	1	2	0	0	0	0	2	2	1	2	1	1	0	0	0	0	3	1	2	1	2	1	0	0	3	2
39977	30 Mar 26	06:29:00	1	0	34	0	Ct	0	0	0	0	0	3	0	1	1	1	0	0	0	0	4	0	0	1	1	2	3	1	0	2	3	3	2	0	1	0	0	0	5	0
39978	30 Mar 26	06:30:00	1	0	34	0	Ct	0	0	0	0	0	4	0	2	2	0	0	0	2	2	1	0	1	2	0	1	1	0	1	2	3	2	1	2	0	9	0	0	3	1
39979	30 Mar 26	06:31:00	1	0	34	0	Ct	0	0	2	2	0	2	0	3	0	0	0	0	2	3	1	1	4	4	0	1	0	0	1	0	3	0	1	1	1	0	0	0	3	1
39980	30 Mar 26	06:32:00	1	0	34	0	Ct	0	0	0	1	0	2	0	4	0	1	0	0	0	0	0	2	1	3	1	1	0	0	2	1	3	2	1	4	0	3	0	0	6	2
39981	30 Mar 26	06:33:00	1	0	34	0	Ct	0	0	3	0	0	6	0	2	1	4	0	0	0	6	2	2	1	5	1	0	0	0	0	1	5	0	3	1	2	1	0	0	4	1
39982	30 Mar 26	06:34:00	1	0	34	0	Ct	0	0	2	1	0	4	0	4	2	1	0	0	1	0	1	5	6	1	1	4	0	0	0	0	2	0	0	1	0	8	0	0	6	2
39983	30 Mar 26	06:35:00	1	0	34	0	Ct	0	0	0	0	0	1	0	2	1	2	0	0	2	0	1	2	1	1	0	2	0	6	1	0	2	0	2	4	3	0	0	0	1	1
39984	30 Mar 26	06:36:00	1	0	34	0	Ct	0	0	3	0	0	0	0	4	1	0	0	0	1	2	3	2	0	5	0	1	0	1	1	2	0	1	4	6	1	3	0	0	4	1
39985	30 Mar 26	06:37:00	1	0	34	0	Ct	0	0	2	0	0	1	0	0	1	1	0	0	2	0	3	0	0	2	0	2	0	0	1	0	1	2	3	0	1	0	0	0	5	3
39986	30 Mar 26	06:38:00	1	0	34	0	Ct	0	0	1	0	0	0	0	4	1	1	0	0	6	0	0	5	0	2	0	1	0	0	1	2	4	2	5	2	1	0	0	0	6	3
39987	30 Mar 26	06:39:00	1	0	34	0	Ct	0	0	1	5	0	2	0	2	2	4	0	0	0	0	3	0	1	3	1	1	0	0	0	1	1	2	2	0	2	0	0	0	4	2
39988	30 Mar 26	06:40:00	1	0	34	0	Ct	0	0	2	0	0	2	0	1	2	3	0	0	2	0	1	0	1	2	0	2	0	0	2	2	2	2	0	1	0	0	1	0	2	3
39989	30 Mar 26	06:41:00	1	0	34	0	Ct	0	0	0	0	0	4	0	2	2	1	0	0	2	0	1	4	1	1	0	1	0	0	2	1	2	1	1	1	0	0	2	0	3	2
39990	30 Mar 26	06:42:00	1	0	34	0	Ct	0	0	1	2	0	2	0	0	1	3	0	0	1	0	4	1	2	0	2	1	0	0	0	2	1	3	0	0	0	0	1	0	3	2
39991	30 Mar 26	06:43:00	1	0	34	0	Ct	0	0	1	1	0	0	0	0	1	1	0	0	3	1	0	0	0	2	2	1	0	0	2	2	2	3	0	1	2	3	0	0	4	0
39992	30 Mar 26	06:44:00	1	0	34	0	Ct	0	0	6	1	0	2	0	1	2	0	2	0	0	0	3	0	0	3	1	2	0	0	1	2	3	8	2	2	1	3	2	0	5	1
39993	30 Mar 26	06:45:00	1	0	34	0	Ct	0	0	0	2	0	2	0	1	0	0	0	3	0	3	2	3	1	1	1	4	0	0	3	2	3	0	1	3	3	1	2	0	5	3
39994	30 Mar 26	06:46:00	1	0	34	0	Ct	0	0	2	0	0	1	0	3	0	0	0	0	0	2	3	1	1	2	4	2	1	4	1	1	3	1	2	2	2	1	3	0	3	2
39995	30 Mar 26	06:47:00	1	0	34	0	Ct	0	0	2	1	0	4	0	1	1	2	0	0	0	1	0	4	0	2	2	1	1	0	2	3	2	1	0	6	2	1	3	0	3	1
39996	30 Mar 26	06:48:00	1	0	34	0	Ct	0	0	2	1	0	4	0	2	0	0	0	0	0	1	2	0	0	4	1	1	0	0	2	2	0	2	0	1	2	1	2	0	4	1
39997	30 Mar 26	06:49:00	1	0	34	0	Ct	0	0	2	0	0	0	0	2	0	1	2	0	0	4	2	0	0	3	2	2	0	0	1	1	2	1	1	4	0	1	2	0	4	1
39998	30 Mar 26	06:50:00	1	0	34	0	Ct	0	0	0	1	0	3	0	1	0	1	2	0	0	1	1	0	0	1	0	2	0	0	0	2	2	0	0	0	0	2	1	0	6	1
39999	30 Mar 26	06:51:00	1	0	34	0	Ct	0	0	3	2	0	2	0	2	2	0	4	0	0	2	5	0	2	2	0	2	0	1	1	2	3	2	0	0	2	1	0	0	3	1
40000	30 Mar 26	06:52:00	1	0	34	0	Ct	0	0	1	0	0	1	0	3	2	3	2	0	0	0	2	0	0	1	0	3	0	0	2	1	3	0	0	0	0	2	0	0	4	0
40001	30 Mar 26	06:53:00	1	0	34	0	Ct	0	0	2	0	0	5	0	2	0	0	0	0	2	1	3	1	0	3	0	0	0	0	2	1	1	1	0	3	2	2	0	0	4	1
40002	30 Mar 26	06:54:00	1	0	34	0	Ct	0	0	1	2	0	3	0	3	1	0	0	0	3	0	1	0	0	4	2	2	0	0	2	1	3	3	0	3	2	2	0	0	0	1
40003	30 Mar 26	06:55:00	1	0	34	0	Ct	0	0	1	5	0	5	0	2	1	3	0	0	2	0	0	0	2	1	0	3	0	0	1	0	4	2	0	0	0	1	0	0	4	0
40004	30 Mar 26	06:56:00	1	0	34	0	Ct	0	0	2	0	0	1	0	2	1	4	0	0	3	0	3	0	0	4	1	1	2	0	3	0	2	7	0	7	1	1	0	0	4	0
40005	30 Mar 26	06:57:00	1	0	34	0	Ct	0	0	2	0	0	0	0	2	2	2	0	0	1	0	1	0	4	2	1	3	3	2	2	3	0	4	2	1	0	0	4	0	3	3
40006	30 Mar 26	06:58:00	1	0	34	0	Ct	0	0	1	0	0	2	0	3	5	2	0	0	0	0	1	0	2	2	0	0	0	0	2	3	3	0	2	2	0	0	2	0	7	1
40007	30 Mar 26	06:59:00	1	0	34	0	Ct	0	0	4	0	0	1	0	2	2	2	0	2	6	3	1	0	2	3	0	0	0	2	0	2	2	2	2	3	0	0	0	0	3	0
40008	30 Mar 26	07:00:00	1	0	34	0	Ct	0	0	1	0	0	1	0	2	1	0	4	3	1	0	1	0	2	3	1	3	0	0	3	1	4	1	4	0	0	1	0	0	3	3
40009	30 Mar 26	07:01:00	1	0	34	0	Ct	0	0	2	0	0	1	0	5	0	2	4	1	0	1	0	1	2	3	1	1	0	0	1	1	2	1	2	0	1	0	0	0	2	3
40010	30 Mar 26	07:02:00	1	0	34	0	Ct	0	0	0	0	0	2	0	2	0	2	5	1	0	0	0	0	0	2	1	2	1	0	2	2	3	2	2	0	1	0	0	0	4	2
40011	30 Mar 26	07:03:00	1	0	34	0	Ct	0	0	0	0	0	1	0	2	0	0	6	2	0	1	1	0	0	4	1	1	1	4	0	1	2	2	2	0	2	0	0	0	2	1
40012	30 Mar 26	07:04:00	1	0	34	0	Ct	0	0	2	0	0	2	0	0	0	2	3	2	0	0	0	1	0	2	1	4	2	0	1	2	2	1	0	1	4	0	0	0	4	1
40013	30 Mar 26	07:05:00	1	0	34	0	Ct	0	0	1	0	0	3	0	0	2	1	3	2	0	1	1	0	2	2	0	2	1	0	2	9	2	2	0	1	1	0	0	0	2	0
40014	30 Mar 26	07:06:00	1	0	34	0	Ct	0	0	1	0	0	4	0	0	3	2	0	0	0	0	0	0	1	0	0	1	1	0	2	3	4	1	1	2	0	0	9	0	6	1
40015	30 Mar 26	07:07:00	1	0	34	0	Ct	0	0	2	1	0	1	0	0	5	2	0	1	0	0	0	0	0	0	1	0	0	0	2	0	2	2	2	2	2	0	0	0	2	1
40016	30 Mar 26	07:08:00	1	0	34	0	Ct	0	0	0	1	0	5	0	0	0	0	0	1	0	0	1	1	1	3	3	2	1	0	0	3	3	5	1	1	2	0	5	0	2	1
40017	30 Mar 26	07:09:00	1	0	34	0	Ct	0	0	1	1	0	2	0	0	0	0	0	1	0	0	1	2	1	1	2	1	0	0	4	1	3	0	1	1	0	0	7	0	6	4
40018	30 Mar 26	07:10:00	1	0	34	0	Ct	0	0	4	0	0	3	0	0	1	1	0	0	3	0	1	0	0	2	4	2	0	0	1	9	0	1	2	0	0	0	0	0	3	1
40019	30 Mar 26	07:11:00	1	0	34	0	Ct	0	0	1	0	0	5	0	0	1	0	0	1	1	1	5	0	5	2	1	3	0	4	3	0	3	2	2	3	2	0	0	0	3	0
40020	30 Mar 26	07:12:00	1	0	34	0	Ct	0	0	0	0	0	1	0	0	5	0	0	0	1	0	4	3	0	2	0	0	0	1	1	0	3	3	4	5	1	2	0	0	3	0
40021	30 Mar 26	07:13:00	1	0	34	0	Ct	0	0	1	0	0	2	0	0	2	0	0	0	3	1	2	1	1	2	1	3	0	2	0	2	2	2	1	3	2	2	2	0	3	3
40022	30 Mar 26	07:14:00	1	0	34	0	Ct	0	0	2	0	0	6	0	0	2	0	0	2	0	2	3	0	1	2	1	1	0	0	1	4	3	2	2	6	2	1	1	0	4	1
40023	30 Mar 26	07:15:00	1	0	34	0	Ct	0	0	1	0	0	0	0	1	0	1	0	0	2	1	2	2	0	2	1	1	0	1	2	1	3	2	4	3	0	4	0	0	3	1
40024	30 Mar 26	07:16:00	1	0	34	0	Ct	0	0	2	0	0	1	0	1	3	3	0	0	0	0	2	2	3	1	0	2	0	2	0	2	3	1	2	0	1	1	0	0	5	2
40025	30 Mar 26	07:17:00	1	0	34	0	Ct	0	0	3	0	0	2	0	1	1	1	0	0	0	0	2	2	1	0	0	0	0	2	2	3	2	1	0	0	3	1	0	0	2	2
40026	30 Mar 26	07:18:00	1	0	34	0	Ct	0	0	0	0	3	4	0	2	5	1	0	1	0	0	2	2	3	3	0	0	0	0	5	2	2	1	0	2	2	1	0	0	4	1
40027	30 Mar 26	07:19:00	1	0	34	0	Ct	0	0	0	0	1	2	0	1	3	2	0	0	0	3	1	1	0	1	0	2	0	0	2	2	4	1	1	1	3	0	3	0	4	2
40028	30 Mar 26	07:20:00	1	0	34	0	Ct	0	0	1	0	0	1	0	1	4	0	0	1	0	0	2	0	2	4	0	1	0	0	1	1	4	5	0	3	2	0	1	0	5	2
40029	30 Mar 26	07:21:00	1	0	34	0	Ct	0	0	1	1	0	1	0	1	2	1	0	2	0	0	6	0	3	2	0	2	0	6	3	2	2	3	1	0	0	0	0	0	2	1
40030	30 Mar 26	07:22:00	1	0	34	0	Ct	0	0	1	1	0	3	0	1	0	2	0	6	0	0	1	1	1	0	2	2	0	6	3	1	5	1	3	2	2	0	0	0	4	1
40031	30 Mar 26	07:23:00	1	0	34	0	Ct	0	0	0	1	0	1	0	2	2	0	0	1	0	3	3	3	0	1	2	0	2	1	1	1	1	2	0	0	0	0	0	0	4	1
40032	30 Mar 26	07:24:00	1	0	34	0	Ct	0	0	0	1	2	1	0	3	1	1	0	3	0	2	2	0	1	2	0	0	1	2	1	2	3	0	0	1	0	0	0	0	8	1
40033	30 Mar 26	07:25:00	1	0	34	0	Ct	0	0	2	1	0	2	0	2	3	4	0	3	0	1	0	2	1	4	0	3	0	0	4	2	7	0	3	3	0	2	0	0	3	1
40034	30 Mar 26	07:26:00	1	0	34	0	Ct	0	0	3	1	0	3	0	2	1	1	0	0	0	2	0	1	1	4	2	2	0	0	1	0	4	0	1	2	0	1	1	0	4	2
40035	30 Mar 26	07:27:00	1	0	34	0	Ct	0	0	2	0	0	2	0	3	0	15	0	0	0	0	1	0	1	3	0	0	2	0	3	1	3	2	1	0	1	1	3	0	5	2
40036	30 Mar 26	07:28:00	1	0	34	0	Ct	0	0	1	1	0	3	0	2	0	0	0	0	0	0	0	0	2	3	0	1	1	5	1	1	6	2	2	0	2	4	1	0	4	0
40037	30 Mar 26	07:29:00	1	0	34	0	Ct	0	0	2	0	0	3	0	1	0	0	0	5	0	0	0	0	1	3	2	2	0	1	1	1	2	3	1	1	2	1	0	0	3	0
40038	30 Mar 26	07:30:00	1	0	34	0	Ct	0	0	2	0	0	2	0	2	0	0	0	2	0	1	0	0	0	2	1	3	0	3	0	2	2	2	2	0	1	4	2	0	3	0
40039	30 Mar 26	07:31:00	1	0	34	0	Ct	0	0	1	0	0	2	0	3	0	1	0	0	0	0	0	1	0	2	1	1	0	0	0	4	2	0	3	1	0	1	1	0	4	3
40040	30 Mar 26	07:32:00	1	0	34	0	Ct	0	0	1	0	0	0	0	2	0	1	0	2	0	2	0	0	0	3	0	1	0	0	0	1	2	1	4	0	0	2	0	0	3	1
40041	30 Mar 26	07:33:00	1	0	34	0	Ct	0	0	3	0	0	2	0	3	0	0	0	2	0	1	0	0	1	2	2	1	1	0	0	1	5	0	2	0	1	0	0	0	5	0
40042	30 Mar 26	07:34:00	1	0	34	0	Ct	0	0	2	1	0	0	0	3	0	0	0	4	0	2	0	1	1	3	0	2	1	0	0	1	4	2	3	1	0	0	0	0	3	0
40043	30 Mar 26	07:35:00	1	0	34	0	Ct	0	0	2	1	0	2	0	1	0	0	0	0	0	0	0	1	1	2	1	1	0	4	0	1	4	0	1	3	2	1	2	0	1	2
40044	30 Mar 26	07:36:00	1	0	34	0	Ct	0	0	3	1	0	1	0	2	1	0	0	1	0	0	0	1	3	3	2	1	0	6	0	0	1	1	3	4	1	2	3	0	2	1
40045	30 Mar 26	07:37:00	1	0	34	0	Ct	0	0	2	1	0	1	0	2	0	2	0	0	0	3	0	2	1	1	2	3	3	0	2	0	0	1	2	3	0	4	0	0	1	1
40046	30 Mar 26	07:38:00	1	0	34	0	Ct	0	0	1	1	0	1	0	3	0	1	0	0	0	2	0	1	0	0	2	2	2	0	2	2	2	2	2	2	1	1	0	0	5	1
40047	30 Mar 26	07:39:00	1	0	34	0	Ct	0	0	0	1	0	0	0	0	0	3	0	4	0	1	0	0	1	2	0	2	1	2	0	0	1	2	5	2	4	1	1	0	6	2
40048	30 Mar 26	07:40:00	1	0	34	0	Ct	0	0	0	0	0	2	0	0	2	1	6	1	0	2	0	0	2	2	2	2	1	0	0	1	2	1	2	3	1	0	4	0	4	0
40049	30 Mar 26	07:41:00	1	0	34	0	Ct	0	0	2	0	0	2	0	1	0	3	1	2	0	0	0	0	0	2	1	2	2	0	1	1	2	0	2	1	1	0	2	0	3	0
40050	30 Mar 26	07:42:00	1	0	34	0	Ct	0	0	1	0	0	2	0	1	0	2	0	3	0	1	0	0	1	1	1	1	3	0	1	1	3	2	0	1	1	1	1	0	3	1
40051	30 Mar 26	07:43:00	1	0	34	0	Ct	0	0	0	1	0	4	0	2	4	0	0	1	0	1	0	0	2	2	0	0	3	0	0	2	2	2	0	0	1	0	1	0	4	3
40052	30 Mar 26	07:44:00	1	0	34	0	Ct	0	0	2	2	0	0	0	3	1	1	0	7	0	0	0	1	1	1	0	0	4	1	2	2	2	1	1	3	6	4	1	0	5	1
40053	30 Mar 26	07:45:00	1	0	34	0	Ct	0	0	0	0	0	1	0	2	1	1	0	0	0	0	0	4	2	1	2	3	3	0	2	2	3	1	1	2	3	2	0	0	6	3
40054	30 Mar 26	07:46:00	1	0	34	0	Ct	0	0	2	0	0	3	0	2	0	2	0	3	0	0	0	1	1	0	0	1	3	1	1	1	2	3	4	4	0	1	3	0	3	2
40055	30 Mar 26	07:47:00	1	0	34	0	Ct	0	0	1	0	2	1	0	2	1	2	0	0	0	0	0	0	0	3	0	0	2	0	1	2	3	3	1	0	1	5	2	0	4	3
40056	30 Mar 26	07:48:00	1	0	34	0	Ct	0	0	1	0	3	1	0	2	0	2	0	1	0	1	0	1	0	2	2	2	0	2	2	2	2	2	2	4	1	1	1	0	4	0
40057	30 Mar 26	07:49:00	1	0	34	0	Ct	0	0	2	0	0	2	0	4	2	2	0	0	0	3	0	1	0	2	0	2	2	2	1	1	3	1	1	2	3	0	8	0	4	0
40058	30 Mar 26	07:50:00	1	0	34	0	Ct	0	0	1	0	2	2	0	2	1	1	0	2	0	1	0	0	2	1	0	2	1	0	1	3	2	1	1	6	2	1	2	0	3	1
40059	30 Mar 26	07:51:00	1	0	34	0	Ct	0	0	0	1	3	1	0	0	1	2	0	2	0	0	0	0	1	2	0	6	1	0	4	2	4	0	1	4	2	2	0	0	0	1
40060	30 Mar 26	07:52:00	1	0	34	0	Ct	0	0	0	2	2	4	0	0	2	0	0	0	0	2	0	0	1	2	0	6	3	2	0	2	2	0	1	2	1	0	0	0	15	0
40061	30 Mar 26	07:53:00	1	0	34	0	Ct	0	0	0	3	4	0	0	0	1	1	0	1	0	0	0	0	2	2	1	3	0	0	2	2	4	1	10	5	2	1	0	0	4	1
40062	30 Mar 26	07:54:00	1	0	34	0	Ct	0	0	3	0	2	1	0	2	3	1	0	0	0	1	0	2	3	4	1	3	0	0	0	1	4	2	0	1	2	2	0	0	3	1
40063	30 Mar 26	07:55:00	1	0	34	0	Ct	0	0	2	0	3	1	0	2	1	0	0	0	0	0	0	0	4	2	1	2	0	0	0	2	2	1	0	3	0	2	3	0	2	1
40064	30 Mar 26	07:56:00	1	0	34	0	Ct	0	0	0	1	4	2	0	2	3	0	0	1	0	2	0	0	1	0	2	2	2	3	0	0	3	0	1	1	0	2	2	0	2	0
40065	30 Mar 26	07:57:00	1	0	34	0	Ct	0	0	0	2	5	3	0	2	1	1	0	1	0	1	0	0	2	1	2	1	1	1	0	2	4	2	0	3	2	0	0	0	3	1
40066	30 Mar 26	07:58:00	1	0	34	0	Ct	0	0	0	2	3	2	0	1	2	0	0	1	0	0	0	3	0	1	1	2	0	0	0	2	3	0	0	1	2	2	2	0	6	2
40067	30 Mar 26	07:59:00	1	0	34	0	Ct	0	0	0	0	3	3	0	1	3	1	0	2	0	1	0	0	1	1	4	1	2	0	0	1	2	0	1	1	2	1	1	0	4	1
40068	30 Mar 26	08:00:00	1	0	34	0	Ct	0	0	0	0	3	3	0	0	2	0	2	3	0	1	0	1	1	1	1	2	4	12	2	3	4	2	0	5	1	1	0	0	2	3
40069	30 Mar 26	08:01:00	1	0	34	0	Ct	0	0	0	0	0	2	0	0	2	1	2	5	0	0	0	1	1	2	2	1	1	2	0	1	1	2	0	1	1	1	1	0	5	3
40070	30 Mar 26	08:02:00	1	0	34	0	Ct	0	0	1	0	3	1	0	2	2	1	3	3	0	0	0	0	1	2	0	2	1	5	3	1	3	2	0	1	2	1	1	0	3	2
40071	30 Mar 26	08:03:00	1	0	34	0	Ct	0	0	3	1	0	1	0	2	6	3	6	1	0	0	0	0	0	3	0	1	0	0	0	4	3	1	1	1	2	1	2	0	3	1
40072	30 Mar 26	08:04:00	1	0	34	0	Ct	0	0	3	0	5	3	0	1	0	3	3	0	0	1	0	0	0	2	0	4	3	0	0	1	2	1	3	3	2	1	2	0	3	1
40073	30 Mar 26	08:05:00	1	0	34	0	Ct	0	0	1	0	3	2	0	0	3	1	5	5	0	0	0	0	1	3	2	1	1	0	2	0	1	0	3	3	0	0	2	0	3	1
40074	30 Mar 26	08:06:00	1	0	34	0	Ct	0	0	1	1	5	3	0	0	1	2	2	0	0	4	0	0	1	2	1	1	1	3	1	1	5	0	1	4	0	2	1	0	4	0
40075	30 Mar 26	08:07:00	1	0	34	0	Ct	0	0	2	1	1	2	0	0	0	0	1	0	0	1	0	0	2	2	1	1	0	2	1	2	4	2	6	0	0	1	3	0	2	1
40076	30 Mar 26	08:08:00	1	0	34	0	Ct	0	0	3	0	2	1	0	0	0	2	3	0	0	1	0	0	1	3	1	1	0	0	0	1	2	3	1	2	0	1	2	0	3	1
40077	30 Mar 26	08:09:00	1	0	34	0	Ct	0	0	0	0	3	2	0	0	0	3	0	0	0	1	0	1	2	3	1	3	0	0	0	1	2	1	2	0	3	1	1	0	4	1
40078	30 Mar 26	08:10:00	1	0	34	0	Ct	0	0	2	0	3	0	0	0	1	2	3	0	0	1	0	2	0	2	1	1	2	0	2	1	4	1	3	2	0	1	4	0	4	2
40079	30 Mar 26	08:11:00	1	0	34	0	Ct	0	0	0	0	2	0	0	0	3	1	1	0	0	0	0	2	0	2	2	1	0	1	2	3	2	1	4	2	0	2	4	0	5	1
40080	30 Mar 26	08:12:00	1	0	34	0	Ct	0	0	1	0	2	0	0	1	2	2	0	0	0	0	0	1	2	3	1	2	2	2	1	2	1	1	1	1	1	1	2	0	3	1
40081	30 Mar 26	08:13:00	1	0	34	0	Ct	0	0	1	0	2	0	0	2	0	0	3	8	0	2	0	1	0	1	1	2	0	1	1	1	3	1	3	1	3	5	2	0	3	1
40082	30 Mar 26	08:14:00	1	0	34	0	Ct	0	0	3	0	2	0	0	1	1	0	4	3	0	0	0	0	0	1	2	1	1	0	2	0	0	0	5	3	1	0	1	0	3	1
40083	30 Mar 26	08:15:00	1	0	34	0	Ct	0	0	1	0	5	0	0	2	15	1	3	1	0	0	0	0	0	3	0	2	4	0	1	2	3	0	5	2	1	0	0	0	3	0
40084	30 Mar 26	08:16:00	1	0	34	0	Ct	0	0	1	0	2	0	0	1	8	2	0	2	0	1	0	1	0	1	1	3	1	0	2	1	6	0	2	2	0	1	1	0	3	2
40085	30 Mar 26	08:17:00	1	0	34	0	Ct	0	0	1	0	2	0	0	0	0	0	4	1	0	1	0	0	1	1	1	2	0	0	2	1	2	1	0	2	0	1	1	0	2	1
40086	30 Mar 26	08:18:00	1	0	34	0	Ct	0	0	2	2	3	0	0	0	0	0	1	3	0	0	0	3	3	1	0	2	0	0	0	2	2	1	2	3	0	0	1	0	4	3
40087	30 Mar 26	08:19:00	1	0	34	0	Ct	0	0	1	0	1	2	0	0	0	1	0	3	0	2	0	0	2	1	0	0	0	0	1	2	2	1	1	0	1	2	2	0	4	2
40088	30 Mar 26	08:20:00	1	0	34	0	Ct	0	0	3	1	1	0	0	0	0	1	1	3	0	0	0	3	1	1	0	0	0	0	1	3	2	4	1	0	0	1	0	0	4	2
40089	30 Mar 26	08:21:00	1	0	34	0	Ct	0	0	0	0	3	0	0	0	0	0	2	2	0	0	0	1	1	0	0	2	1	0	2	2	3	2	1	2	1	0	0	0	4	0
40090	30 Mar 26	08:22:00	1	0	34	0	Ct	0	0	5	1	3	1	0	0	0	2	1	1	0	2	0	1	1	0	4	0	0	8	1	2	1	1	1	0	0	3	0	0	5	1
40091	30 Mar 26	08:23:00	1	0	34	0	Ct	0	0	1	1	2	2	0	0	3	0	4	2	0	1	0	3	2	2	0	1	3	2	3	2	3	3	3	3	2	2	5	0	3	2
40092	30 Mar 26	08:24:00	1	0	34	0	Ct	0	0	1	0	4	3	0	0	0	3	3	2	0	1	0	0	1	2	0	1	1	1	3	2	2	1	1	0	0	2	1	0	5	2
40093	30 Mar 26	08:25:00	1	0	34	0	Ct	0	0	0	1	6	0	0	0	0	0	2	2	0	0	2	2	1	5	0	2	3	4	2	0	2	1	1	0	4	1	0	0	5	0
40094	30 Mar 26	08:26:00	1	0	34	0	Ct	0	0	2	0	4	1	0	1	0	0	4	1	0	3	0	0	2	4	0	2	1	0	1	1	4	4	2	1	1	0	1	0	2	1
40095	30 Mar 26	08:27:00	1	0	34	0	Ct	0	0	0	0	4	1	0	1	0	1	0	0	0	0	0	2	1	1	1	1	0	0	3	0	9	0	0	0	0	1	3	0	5	0
40096	30 Mar 26	08:28:00	1	0	34	0	Ct	0	0	3	0	1	2	0	0	1	1	2	0	0	1	0	1	1	2	1	1	0	3	0	1	3	0	1	6	0	0	3	0	5	1
40097	30 Mar 26	08:29:00	1	0	34	0	Ct	0	0	0	1	4	3	0	0	0	0	4	0	0	3	0	0	3	1	1	0	2	0	0	3	4	1	2	0	0	1	1	0	4	0
40098	30 Mar 26	08:30:00	1	0	34	0	Ct	0	0	2	1	0	2	0	0	0	1	3	2	0	0	0	0	0	2	2	0	2	0	1	0	4	2	1	3	0	2	0	0	2	3
40099	30 Mar 26	08:31:00	1	0	34	0	Ct	0	0	0	1	7	1	0	0	1	1	1	0	0	0	0	2	1	3	4	0	0	0	1	3	3	2	0	0	0	2	0	0	5	1
40100	30 Mar 26	08:32:00	1	0	34	0	Ct	0	0	2	0	1	3	0	0	2	0	1	0	0	0	0	1	1	2	0	0	0	1	3	1	1	1	0	2	0	0	4	0	3	1
40101	30 Mar 26	08:33:00	1	0	34	0	Ct	0	0	2	0	5	1	0	0	1	1	0	1	0	0	0	1	0	1	1	5	1	5	1	1	3	1	0	0	0	2	2	0	3	0
40102	30 Mar 26	08:34:00	1	0	34	0	Ct	0	0	3	0	5	1	0	0	0	1	0	0	0	2	0	2	0	0	2	1	1	7	1	2	2	2	1	1	0	1	2	0	11	0
40103	30 Mar 26	08:35:00	1	0	34	0	Ct	0	0	1	0	1	2	0	0	3	2	0	1	0	1	0	1	0	2	2	3	1	1	2	2	4	2	2	3	0	1	1	0	7	0
40104	30 Mar 26	08:36:00	1	0	34	0	Ct	0	0	3	1	1	4	0	0	0	2	2	1	0	0	0	0	2	2	3	2	3	0	0	6	4	2	0	2	0	1	0	0	1	0
40105	30 Mar 26	08:37:00	1	0	34	0	Ct	0	0	1	2	0	1	0	0	1	0	2	3	0	0	0	1	0	1	1	0	1	0	2	2	1	2	2	1	0	1	1	0	1	0
40106	30 Mar 26	08:38:00	1	0	34	0	Ct	0	0	0	0	4	0	0	0	2	1	2	6	0	0	0	1	2	1	0	5	2	0	3	2	6	0	0	1	2	1	2	0	0	1
40107	30 Mar 26	08:39:00	1	0	34	0	Ct	0	0	2	1	2	0	0	0	1	1	3	2	0	1	0	1	0	1	0	0	0	0	0	1	4	0	2	2	1	1	1	0	0	0
40108	30 Mar 26	08:40:00	1	0	34	0	Ct	0	0	0	1	2	0	0	0	1	0	0	2	0	1	0	2	1	1	1	1	0	0	2	2	4	3	1	1	1	0	2	0	2	1
40109	30 Mar 26	08:41:00	1	0	34	0	Ct	0	0	2	0	4	2	0	0	0	1	1	2	0	1	0	1	3	3	1	1	0	0	2	0	2	1	1	2	0	0	2	0	2	0
40110	30 Mar 26	08:42:00	1	0	34	0	Ct	0	0	0	0	5	4	0	0	0	2	0	0	0	1	0	1	1	2	1	2	1	0	3	0	2	0	1	2	3	2	2	0	4	2
40111	30 Mar 26	08:43:00	1	0	34	0	Ct	0	0	0	0	6	0	0	0	0	2	0	0	0	2	0	0	0	2	1	1	3	0	1	3	3	0	1	1	2	0	1	0	3	2
40112	30 Mar 26	08:44:00	1	0	34	0	Ct	0	0	1	1	2	5	0	0	2	2	2	0	0	1	0	0	1	2	2	2	1	10	2	2	2	1	2	3	2	1	3	0	5	1
40113	30 Mar 26	08:45:00	1	0	34	0	Ct	0	0	1	1	1	2	0	0	3	0	1	3	0	1	0	0	3	1	0	3	3	0	0	2	3	1	3	5	0	0	3	0	2	0
40114	30 Mar 26	08:46:00	1	0	34	0	Ct	0	0	0	0	2	0	0	0	2	1	0	3	0	2	0	0	0	1	0	2	1	2	3	1	2	1	0	1	4	0	1	0	5	1
40115	30 Mar 26	08:47:00	1	0	34	0	Ct	0	0	1	0	4	1	0	0	3	2	3	0	0	1	0	0	0	1	1	0	2	0	2	2	1	3	3	8	1	2	3	0	2	2
40116	30 Mar 26	08:48:00	1	0	34	0	Ct	0	0	1	0	0	0	0	0	2	16	13	1	0	1	0	0	2	2	2	0	2	4	0	2	3	1	4	1	1	0	2	0	1	3
40117	30 Mar 26	08:49:00	1	0	34	0	Ct	0	0	2	0	4	0	0	0	3	1	0	0	0	1	0	4	1	3	1	0	2	0	0	2	2	2	3	0	0	2	2	0	2	2
40118	30 Mar 26	08:50:00	1	0	34	0	Ct	0	0	2	1	3	1	0	0	2	2	0	6	0	0	0	0	1	1	2	1	0	1	1	1	3	2	1	0	0	4	2	0	0	2
40119	30 Mar 26	08:51:00	1	0	34	0	Ct	0	0	2	1	2	4	0	2	4	1	0	1	0	1	0	0	0	3	0	3	0	0	2	2	2	2	1	0	0	2	4	0	4	2
40120	30 Mar 26	08:52:00	1	0	34	0	Ct	0	0	0	0	2	1	0	1	2	2	0	0	0	1	0	2	0	2	1	0	1	0	1	2	1	1	1	0	1	1	1	0	3	2
40121	30 Mar 26	08:53:00	1	0	34	0	Ct	0	0	2	2	4	0	0	0	3	0	2	1	0	2	0	0	0	2	0	3	0	0	2	1	4	1	1	3	4	2	0	0	2	3
40122	30 Mar 26	08:54:00	1	0	34	0	Ct	0	0	0	1	2	0	0	1	2	3	3	1	0	0	0	1	0	3	1	2	0	0	1	2	1	0	0	2	2	1	7	0	4	0
40123	30 Mar 26	08:55:00	1	0	34	0	Ct	0	0	2	1	2	0	0	3	1	4	1	0	0	0	1	1	0	1	0	1	0	11	1	1	0	1	2	1	2	1	1	0	6	1
40124	30 Mar 26	08:56:00	1	0	34	0	Ct	0	0	0	0	4	2	0	1	2	0	0	2	0	1	3	1	3	1	1	1	0	1	3	1	0	0	0	2	2	0	3	0	3	6
40125	30 Mar 26	08:57:00	1	0	34	0	Ct	0	0	2	0	4	1	0	0	1	2	0	1	0	0	18	1	1	2	0	0	2	0	1	3	0	0	0	0	1	2	0	0	3	4
40126	30 Mar 26	08:58:00	1	0	34	0	Ct	0	0	0	0	1	2	0	3	3	1	3	3	0	1	14	0	0	0	1	0	0	2	2	1	0	0	0	0	1	1	0	0	4	2
40127	30 Mar 26	08:59:00	1	0	34	0	Ct	0	0	0	0	3	2	0	2	2	2	1	3	0	0	0	2	1	1	1	2	0	1	2	1	0	1	1	3	1	1	1	0	5	1
40128	30 Mar 26	09:00:00	1	0	34	0	Ct	0	0	2	3	2	2	0	2	2	0	1	1	0	2	0	1	1	3	3	0	3	0	2	0	0	1	1	0	3	2	0	0	3	0
40129	30 Mar 26	09:01:00	1	0	34	0	Ct	0	0	3	0	5	4	0	4	0	0	2	0	0	0	0	1	0	2	0	2	2	1	3	1	1	1	1	1	2	1	0	0	1	0
40130	30 Mar 26	09:02:00	1	0	34	0	Ct	0	0	2	0	1	0	0	2	1	3	3	0	0	1	0	0	1	3	0	2	2	4	1	3	0	2	0	1	2	2	0	0	3	1
40131	30 Mar 26	09:03:00	1	0	34	0	Ct	0	0	2	0	0	2	0	0	6	2	1	2	0	1	0	0	1	1	0	2	3	3	1	0	2	2	0	0	2	2	3	0	4	1
40132	30 Mar 26	09:04:00	1	0	34	0	Ct	0	0	1	2	1	2	0	5	0	5	1	3	0	1	0	3	0	2	1	2	1	0	2	0	1	3	1	0	3	1	1	0	3	1
40133	30 Mar 26	09:05:00	1	0	34	0	Ct	0	0	0	1	0	2	0	1	0	1	2	1	0	1	5	4	0	1	1	0	0	1	1	1	0	1	3	0	0	1	2	0	4	2
40134	30 Mar 26	09:06:00	1	0	34	0	Ct	0	0	0	1	0	2	0	1	0	1	1	3	0	1	2	0	0	3	1	1	2	0	1	1	0	1	1	1	0	0	1	0	4	0
40135	30 Mar 26	09:07:00	1	0	34	0	Ct	0	0	1	3	1	4	0	0	0	2	0	1	0	2	0	0	0	1	1	1	2	2	1	0	1	2	2	1	1	3	0	0	5	1
40136	30 Mar 26	09:08:00	1	0	34	0	Ct	0	0	1	1	2	0	0	0	0	0	3	3	0	1	0	0	0	4	1	2	5	0	2	2	1	1	3	0	1	3	2	0	1	2
40137	30 Mar 26	09:09:00	1	0	34	0	Ct	0	0	0	1	1	2	0	0	0	0	1	4	0	1	0	2	0	3	1	2	0	0	3	0	0	0	1	3	0	2	0	0	3	1
40138	30 Mar 26	09:10:00	1	0	34	0	Ct	0	0	1	0	3	0	0	0	0	1	1	2	0	0	0	1	0	2	2	4	2	0	2	0	0	0	3	0	0	1	1	0	6	2
40139	30 Mar 26	09:11:00	1	0	34	0	Ct	0	0	2	0	2	0	0	0	2	1	5	0	0	0	0	0	0	1	2	2	2	5	1	0	0	0	3	0	1	0	4	0	3	2
40140	30 Mar 26	09:12:00	1	0	34	0	Ct	0	0	2	0	1	0	0	0	1	1	2	0	0	2	0	0	0	3	2	2	1	0	2	0	6	0	1	3	3	0	1	0	1	4
40141	30 Mar 26	09:13:00	1	0	34	0	Ct	0	0	1	1	2	1	0	0	0	0	1	1	0	0	0	1	0	1	2	2	0	5	2	0	4	3	1	0	0	2	1	0	3	2
40142	30 Mar 26	09:14:00	1	0	34	0	Ct	0	0	2	1	2	2	0	0	0	0	5	1	0	1	1	4	0	2	3	3	0	0	0	2	6	1	0	2	3	1	1	0	4	2
40143	30 Mar 26	09:15:00	1	0	34	0	Ct	0	0	2	0	1	2	0	0	0	1	0	0	0	1	0	2	0	5	0	2	0	7	3	0	4	1	1	0	1	0	1	0	1	2
40144	30 Mar 26	09:16:00	1	0	34	0	Ct	0	0	2	0	2	2	0	1	2	1	1	1	0	1	2	1	0	2	0	0	0	0	1	2	2	1	1	1	2	3	1	0	1	1
40145	30 Mar 26	09:17:00	1	0	34	0	Ct	0	0	2	1	4	1	0	2	2	0	1	2	0	3	0	1	1	1	3	1	0	0	3	0	2	0	1	0	0	1	2	0	1	2
40146	30 Mar 26	09:18:00	1	0	34	0	Ct	0	0	3	2	1	0	0	2	1	0	0	1	0	0	0	3	2	2	1	2	0	4	2	0	3	1	3	0	0	1	1	0	3	3
40147	30 Mar 26	09:19:00	1	0	34	0	Ct	0	0	1	1	1	3	0	2	2	0	2	4	0	0	0	0	0	1	1	2	0	0	1	1	3	1	1	0	0	1	3	0	2	1
40148	30 Mar 26	09:20:00	1	0	34	0	Ct	0	0	2	1	3	1	0	2	1	0	0	1	0	0	0	1	0	4	1	2	0	1	2	1	1	2	2	0	0	1	2	0	3	1
40149	30 Mar 26	09:21:00	1	0	34	0	Ct	0	0	2	1	0	1	0	1	0	0	0	2	1	4	0	2	1	1	1	1	0	5	2	0	2	2	1	0	0	1	1	0	4	0
40150	30 Mar 26	09:22:00	1	0	34	0	Ct	0	0	2	1	0	1	0	4	1	2	0	2	0	0	0	3	1	0	0	0	0	0	1	1	2	0	0	0	0	0	1	0	3	0
40151	30 Mar 26	09:23:00	1	0	34	0	Ct	0	0	1	1	1	0	0	1	0	0	0	2	0	1	0	0	0	2	0	0	1	0	1	1	2	2	1	0	0	3	0	0	3	0
40152	30 Mar 26	09:24:00	1	0	34	0	Ct	0	0	2	0	0	3	0	0	1	1	0	1	0	1	0	0	0	3	1	2	1	0	2	3	4	3	0	0	0	0	3	0	2	2
40153	30 Mar 26	09:25:00	1	0	34	0	Ct	0	0	2	1	1	1	0	1	4	1	0	1	0	2	0	0	0	2	2	2	2	2	0	2	2	0	1	0	0	2	3	0	3	1
40154	30 Mar 26	09:26:00	1	0	34	0	Ct	0	0	1	0	0	2	0	4	1	0	2	0	0	2	0	1	0	3	2	1	1	1	2	0	5	1	1	0	0	2	1	0	4	0
40155	30 Mar 26	09:27:00	1	0	34	0	Ct	0	0	2	0	1	2	0	2	0	1	1	0	0	1	0	1	0	2	1	4	0	2	1	1	4	0	1	0	0	0	4	0	2	2
40156	30 Mar 26	09:28:00	1	0	34	0	Ct	0	0	1	0	7	1	0	2	2	1	0	1	0	2	1	1	0	2	1	2	0	0	1	2	3	1	0	0	0	0	2	0	5	1
40157	30 Mar 26	09:29:00	1	0	34	0	Ct	0	0	1	0	2	2	0	1	2	1	1	2	0	1	6	4	0	3	0	2	0	0	2	1	9	2	0	0	0	0	2	0	5	2
40158	30 Mar 26	09:30:00	1	0	34	0	Ct	0	0	0	0	2	1	0	2	0	2	1	3	3	0	0	0	0	3	0	5	1	1	0	1	3	0	0	0	1	0	0	0	3	1
40159	30 Mar 26	09:31:00	1	0	34	0	Ct	0	0	0	2	4	2	0	3	2	0	3	1	1	2	2	3	0	3	0	0	1	1	1	2	2	1	0	0	1	2	0	0	3	1
40160	30 Mar 26	09:32:00	1	0	34	0	Ct	0	0	3	0	1	2	0	2	1	2	4	0	1	0	4	5	1	3	1	2	1	0	3	1	5	0	0	0	0	1	4	0	3	0
40161	30 Mar 26	09:33:00	1	0	34	0	Ct	0	0	1	1	4	1	0	4	3	1	1	2	0	2	0	0	1	4	2	1	1	0	2	1	2	1	1	0	0	2	1	0	4	2
40162	30 Mar 26	09:34:00	1	0	34	0	Ct	0	0	1	0	4	3	0	2	2	0	2	1	0	2	2	2	0	2	0	0	1	0	2	2	3	2	1	3	0	1	0	0	3	1
40163	30 Mar 26	09:35:00	1	0	34	0	Ct	0	0	3	0	2	6	0	2	5	2	2	1	0	0	5	2	0	3	0	2	2	0	3	0	2	2	0	0	0	0	0	0	4	1
40164	30 Mar 26	09:36:00	1	0	34	0	Ct	0	0	3	0	2	0	0	2	3	1	1	2	0	1	3	1	1	1	2	1	0	0	0	2	5	0	1	0	0	2	2	0	2	1
40165	30 Mar 26	09:37:00	1	0	34	0	Ct	0	0	2	0	1	0	0	1	0	2	2	0	0	0	1	0	1	4	1	1	0	3	0	1	3	0	3	0	0	1	0	0	3	1
40166	30 Mar 26	09:38:00	1	0	34	0	Ct	0	0	1	0	3	2	0	1	3	0	3	1	0	1	0	0	1	4	0	0	0	0	4	1	3	1	2	0	2	1	1	0	5	1
40167	30 Mar 26	09:39:00	1	0	34	0	Ct	0	0	4	1	1	1	0	1	2	0	4	2	0	1	2	0	2	1	0	0	0	0	0	2	4	1	1	0	1	1	1	0	4	0
40168	30 Mar 26	09:40:00	1	0	34	0	Ct	0	0	1	0	2	17	0	1	2	0	2	0	0	1	1	2	1	1	0	1	2	2	1	2	3	2	0	1	0	2	6	0	4	2
40169	30 Mar 26	09:41:00	1	0	34	0	Ct	0	0	2	2	0	2	0	0	2	0	1	3	0	1	2	2	2	1	1	1	2	1	2	2	2	1	1	0	0	2	1	0	2	0
40170	30 Mar 26	09:42:00	1	0	34	0	Ct	0	0	2	0	3	1	0	0	1	0	0	2	0	1	0	1	1	0	1	0	1	0	2	1	3	2	1	0	1	3	2	0	2	0
40171	30 Mar 26	09:43:00	1	0	34	0	Ct	0	0	1	0	1	2	0	0	0	1	0	0	0	1	3	1	1	1	1	0	1	0	1	0	3	1	1	0	1	1	1	0	0	0
40172	30 Mar 26	09:44:00	1	0	34	0	Ct	0	0	2	0	1	1	0	2	1	1	0	1	0	0	0	4	1	7	0	3	0	0	0	0	3	2	2	0	1	0	3	0	3	0
40173	30 Mar 26	09:45:00	1	0	34	0	Ct	0	0	0	0	3	3	0	0	2	0	0	0	0	1	0	2	0	1	1	1	0	0	1	1	3	2	0	0	1	0	1	0	3	0
40174	30 Mar 26	09:46:00	1	0	34	0	Ct	0	0	1	2	6	2	0	0	3	2	0	1	0	4	3	3	1	2	1	2	2	0	1	2	2	1	3	0	0	1	2	0	2	4
40175	30 Mar 26	09:47:00	1	0	34	0	Ct	0	0	1	1	2	2	0	2	2	2	0	1	0	1	5	0	3	2	1	1	2	0	0	0	2	1	1	0	0	2	2	0	4	3
40176	30 Mar 26	09:48:00	1	0	34	0	Ct	0	0	0	1	2	2	0	3	3	1	6	1	2	2	2	0	1	3	1	2	3	0	0	1	6	0	0	0	3	1	1	0	3	1
40177	30 Mar 26	09:49:00	1	0	34	0	Ct	0	0	1	2	2	3	0	0	2	0	1	0	16	1	1	1	0	3	0	0	3	0	0	1	2	0	0	0	2	0	1	0	3	0
40178	30 Mar 26	09:50:00	1	0	34	0	Ct	0	0	1	0	2	3	0	0	4	1	1	1	7	3	3	1	2	5	0	1	2	5	3	1	2	1	0	0	1	1	0	0	2	1
40179	30 Mar 26	09:51:00	1	0	34	0	Ct	0	0	2	1	1	2	0	0	3	0	7	2	0	1	1	1	0	2	2	2	1	0	0	2	2	0	1	0	0	3	0	0	2	0
40180	30 Mar 26	09:52:00	1	0	34	0	Ct	0	0	1	0	0	2	0	0	1	0	1	3	0	2	3	2	0	2	1	2	1	4	1	1	5	0	0	0	0	3	1	0	3	3
40181	30 Mar 26	09:53:00	1	0	34	0	Ct	0	0	3	1	2	2	0	0	0	0	0	0	0	0	3	1	2	1	0	2	0	0	3	2	3	0	0	0	2	2	4	0	3	1
40182	30 Mar 26	09:54:00	1	0	34	0	Ct	0	0	1	1	3	1	0	0	1	1	0	0	0	0	1	3	4	0	0	2	0	2	1	1	4	0	0	0	0	2	2	0	5	1
40183	30 Mar 26	09:55:00	1	0	34	0	Ct	0	0	2	1	2	1	0	0	2	5	0	1	0	0	8	0	1	2	1	3	0	3	4	1	5	0	0	0	1	1	1	0	4	0
40184	30 Mar 26	09:56:00	1	0	34	0	Ct	0	0	1	1	3	1	0	0	6	3	0	1	0	0	2	0	1	1	0	2	0	2	2	0	3	0	1	0	2	1	2	0	5	1
40185	30 Mar 26	09:57:00	1	0	34	0	Ct	0	0	1	1	0	2	0	0	4	1	0	1	0	1	2	1	0	2	0	2	4	5	1	1	3	0	7	0	1	1	1	0	3	3
40186	30 Mar 26	09:58:00	1	0	34	0	Ct	0	0	1	1	1	2	0	0	0	1	0	1	0	3	3	0	2	2	1	2	1	0	1	2	3	1	2	0	2	3	2	0	4	3
40187	30 Mar 26	09:59:00	1	0	34	0	Ct	0	0	2	0	1	1	0	0	0	0	1	0	0	1	1	2	0	2	0	2	0	0	0	1	3	0	1	0	1	2	3	0	2	2
40188	30 Mar 26	10:00:00	1	0	34	0	Ct	0	0	1	1	1	4	0	0	2	1	1	0	0	2	2	2	0	1	0	1	3	0	3	0	2	1	3	0	1	0	1	0	20	2
40189	30 Mar 26	10:01:00	1	0	34	0	Ct	0	0	0	0	2	1	0	0	1	1	2	0	0	1	2	1	0	3	0	1	0	0	2	2	1	0	3	0	1	2	2	0	5	2
40190	30 Mar 26	10:02:00	1	0	34	0	Ct	0	0	2	1	2	1	0	0	1	1	3	1	0	1	2	0	0	1	1	2	0	3	0	1	4	0	2	0	3	1	1	0	0	0
40191	30 Mar 26	10:03:00	1	0	34	0	Ct	0	0	1	1	3	1	0	0	3	3	2	8	0	0	5	0	1	0	0	0	0	0	0	2	2	1	1	0	1	2	3	0	1	1
40192	30 Mar 26	10:04:00	1	0	34	0	Ct	0	0	0	0	3	4	0	0	4	1	1	2	0	0	3	4	1	2	0	2	0	1	0	2	0	4	2	0	3	1	0	0	0	1
40193	30 Mar 26	10:05:00	1	0	34	0	Ct	0	0	1	0	0	2	0	0	2	0	5	0	0	1	1	3	0	1	0	4	1	0	2	1	0	1	3	0	2	1	2	0	0	1
40194	30 Mar 26	10:06:00	1	0	34	0	Ct	0	0	3	0	3	2	0	0	1	1	2	1	0	0	5	1	0	3	1	0	2	3	2	2	0	1	2	0	0	1	0	0	0	1
40195	30 Mar 26	10:07:00	1	0	34	0	Ct	0	0	2	0	1	1	0	0	2	0	1	2	0	1	2	1	0	2	1	0	0	0	1	2	0	0	0	0	0	1	2	0	0	1
40196	30 Mar 26	10:08:00	1	0	34	0	Ct	0	0	2	2	1	2	0	0	2	0	4	0	0	1	2	2	1	2	3	0	0	0	1	1	0	1	3	0	0	1	1	0	0	0
40197	30 Mar 26	10:09:00	1	0	34	0	Ct	0	0	1	0	1	0	0	0	3	0	2	0	0	0	3	2	1	2	0	2	3	0	17	3	0	0	2	0	0	2	2	0	0	0
40198	30 Mar 26	10:10:00	1	0	34	0	Ct	0	1	0	2	2	0	0	0	1	0	3	3	0	0	3	1	2	3	0	0	0	0	2	1	0	0	1	4	0	0	1	0	0	0
40199	30 Mar 26	10:11:00	1	0	34	0	Ct	0	1	1	0	0	1	0	0	0	0	0	0	2	0	1	4	1	0	1	0	0	0	0	0	0	0	0	0	0	0	2	0	1	0
40200	30 Mar 26	10:12:00	1	0	34	0	Ct	0	1	0	0	0	2	0	2	0	5	0	1	0	0	2	0	3	3	1	0	0	0	0	0	0	0	0	2	0	0	2	0	2	0
40201	30 Mar 26	10:13:00	1	0	34	0	Ct	0	1	0	0	2	1	0	0	0	0	0	3	1	3	1	0	2	2	0	0	0	0	2	3	0	0	0	3	0	2	0	0	3	0
40202	30 Mar 26	10:14:00	1	0	34	0	Ct	0	1	2	0	2	0	0	3	0	1	1	0	2	0	2	0	3	1	1	0	1	0	1	1	1	1	0	1	3	1	2	0	1	0
40203	30 Mar 26	10:15:00	1	0	34	0	Ct	0	1	0	0	0	1	0	3	0	1	0	0	0	1	3	0	2	1	0	2	1	0	0	2	2	2	0	2	0	0	1	0	1	1
40204	30 Mar 26	10:16:00	1	0	34	0	Ct	0	1	0	0	3	0	0	2	0	0	0	0	2	1	0	0	3	2	0	1	0	0	0	1	2	2	0	3	0	0	1	0	4	4
40205	30 Mar 26	10:17:00	1	0	34	0	Ct	0	1	1	0	0	1	0	3	0	1	4	0	0	1	1	0	3	4	0	2	0	0	1	0	0	3	0	1	0	0	0	0	3	2
40206	30 Mar 26	10:18:00	1	0	34	0	Ct	0	1	1	0	4	2	0	1	0	0	1	0	1	0	4	0	1	2	0	1	0	0	3	0	0	3	0	1	1	0	2	0	2	1
40207	30 Mar 26	10:19:00	1	0	34	0	Ct	0	1	0	0	2	2	0	4	0	2	2	0	1	2	2	0	3	0	0	0	0	0	2	0	0	2	0	4	3	0	2	0	3	0
40208	30 Mar 26	10:20:00	1	0	34	0	Ct	0	1	2	0	2	0	0	1	0	4	0	0	0	0	3	1	0	3	0	0	0	0	0	0	0	2	0	2	0	1	0	0	3	0
40209	30 Mar 26	10:21:00	1	0	34	0	Ct	0	1	0	0	2	0	0	0	2	0	2	0	1	2	2	4	2	1	0	2	1	0	1	0	0	3	0	1	0	1	1	0	5	0
40210	30 Mar 26	10:22:00	1	0	34	0	Ct	0	1	0	1	3	3	0	0	2	0	0	0	0	0	2	1	2	1	0	1	1	0	1	5	2	4	0	2	0	0	2	0	3	0
40211	30 Mar 26	10:23:00	1	0	34	0	Ct	0	1	0	1	3	3	0	0	2	0	1	0	0	1	2	3	2	1	0	2	2	0	0	2	1	1	0	2	4	0	1	0	2	0
40212	30 Mar 26	10:24:00	1	0	34	0	Ct	0	1	0	2	0	1	0	1	2	0	0	0	3	1	2	1	3	2	0	1	0	0	0	3	1	2	0	1	1	0	2	0	2	0
40213	30 Mar 26	10:25:00	1	0	34	0	Ct	0	1	0	2	2	1	0	3	4	1	1	0	2	0	0	2	2	0	0	3	2	0	1	1	2	1	0	2	3	0	1	0	3	1
40214	30 Mar 26	10:26:00	1	0	34	0	Ct	0	1	0	2	1	2	0	1	1	1	1	0	2	0	4	0	1	0	0	0	0	0	2	4	1	3	0	2	0	0	0	0	3	1
40215	30 Mar 26	10:27:00	1	0	34	0	Ct	0	1	0	2	2	1	0	1	0	0	1	0	1	0	1	1	1	0	0	2	1	2	1	2	0	2	0	4	1	0	0	0	1	0
40216	30 Mar 26	10:28:00	1	0	34	0	Ct	0	1	0	2	3	0	0	1	2	0	3	0	0	1	2	2	1	0	0	0	1	4	0	3	0	2	0	1	2	0	4	0	2	0
40217	30 Mar 26	10:29:00	1	0	34	0	Ct	0	1	2	1	3	1	0	1	1	2	2	0	0	1	1	1	2	0	0	0	2	2	0	0	1	1	0	4	0	0	0	0	5	0
40218	30 Mar 26	10:30:00	1	0	34	0	Ct	0	1	2	2	3	1	0	0	2	3	1	0	3	2	2	2	1	0	0	0	0	1	0	2	0	3	0	2	3	3	2	0	2	0
40219	30 Mar 26	10:31:00	1	0	34	0	Ct	0	1	0	3	1	3	0	0	1	0	2	0	0	2	3	2	3	0	0	2	0	0	2	0	0	1	0	2	3	0	1	0	2	0
40220	30 Mar 26	10:32:00	1	0	34	0	Ct	0	1	0	2	2	3	0	3	2	3	2	0	0	3	2	1	1	0	0	0	1	0	0	3	0	3	0	1	1	1	1	0	4	0
40221	30 Mar 26	10:33:00	1	0	34	0	Ct	0	1	0	1	0	2	0	3	4	0	1	0	0	0	1	0	4	0	0	7	1	0	2	2	0	1	0	1	4	1	1	0	2	0
40222	30 Mar 26	10:34:00	1	0	34	0	Ct	0	1	3	1	0	0	0	1	0	4	0	0	0	0	2	0	1	0	0	2	0	0	1	4	0	1	0	1	1	1	0	0	2	0
40223	30 Mar 26	10:35:00	1	0	34	0	Ct	0	1	1	2	0	0	0	1	0	0	0	0	0	0	2	0	1	0	0	3	0	0	1	1	0	1	0	4	1	2	0	0	2	0
40224	30 Mar 26	10:36:00	1	0	34	0	Ct	0	1	0	1	4	0	0	0	1	2	0	0	0	0	2	0	2	0	0	2	1	0	2	2	0	2	0	2	0	0	0	0	4	2
40225	30 Mar 26	10:37:00	1	0	34	0	Ct	0	1	0	1	3	4	0	0	2	1	2	0	0	0	3	0	2	0	0	1	1	0	0	1	0	1	0	2	0	0	0	0	5	2
40226	30 Mar 26	10:38:00	1	0	34	0	Ct	0	1	0	2	3	3	0	1	5	0	1	0	0	1	1	0	1	0	0	0	0	0	0	2	0	2	0	2	2	0	2	0	3	1
40227	30 Mar 26	10:39:00	1	0	34	0	Ct	0	1	0	1	0	2	0	0	6	2	1	0	0	1	3	0	2	0	0	3	0	0	0	0	0	1	0	3	0	0	3	0	3	3
40228	30 Mar 26	10:40:00	1	0	34	0	Ct	0	1	2	3	1	2	0	5	2	1	2	0	0	1	2	0	3	0	0	1	0	0	0	4	0	0	0	2	0	0	3	0	3	2
40229	30 Mar 26	10:41:00	1	0	34	0	Ct	0	1	0	1	2	1	0	2	0	0	0	0	0	1	3	0	1	0	0	1	0	0	0	1	0	1	0	2	0	0	0	0	1	4
40230	30 Mar 26	10:42:00	1	0	34	0	Ct	0	1	0	2	3	1	0	2	2	0	0	0	0	2	1	0	3	0	0	1	1	1	0	2	0	1	0	3	0	0	1	0	7	2
40231	30 Mar 26	10:43:00	1	0	34	0	Ct	0	1	0	2	3	1	0	1	3	4	2	0	0	1	1	0	4	0	0	1	1	1	0	2	0	2	0	1	0	0	3	0	4	0
40232	30 Mar 26	10:44:00	1	0	34	0	Ct	0	1	0	2	1	3	0	2	3	0	1	0	0	1	1	0	2	0	0	1	0	0	0	3	0	3	0	2	0	2	2	0	2	2
40233	30 Mar 26	10:45:00	1	0	34	0	Ct	0	1	0	2	1	0	0	0	0	0	1	5	0	0	2	0	2	0	0	2	0	0	0	3	0	2	0	3	0	0	0	0	0	0
40234	30 Mar 26	10:46:00	1	0	34	0	Ct	0	1	0	0	2	1	0	5	2	1	2	0	0	1	1	0	1	0	0	1	1	0	0	2	0	2	0	1	0	2	2	0	5	0
40235	30 Mar 26	10:47:00	1	0	34	0	Ct	0	1	0	2	2	1	0	3	0	1	0	0	0	3	1	0	4	0	0	3	1	0	0	0	0	0	0	3	0	0	0	0	4	0
40236	30 Mar 26	10:48:00	1	0	34	0	Ct	0	1	0	0	2	2	0	4	3	0	0	0	0	0	3	0	1	0	0	0	1	0	0	3	0	2	0	1	0	1	1	0	1	0
40237	30 Mar 26	10:49:00	1	0	34	0	Ct	0	1	0	1	2	4	0	0	1	0	0	0	0	1	2	0	2	0	0	0	4	0	0	1	0	1	0	0	0	0	1	0	5	0
40238	30 Mar 26	10:50:00	1	0	34	0	Ct	0	1	0	2	5	2	0	0	2	0	2	0	0	1	2	0	0	0	0	0	3	0	0	0	0	4	0	0	0	0	0	0	5	1
40239	30 Mar 26	10:51:00	1	0	34	0	Ct	0	1	0	2	3	0	0	0	2	0	2	0	0	2	2	0	0	0	0	2	1	0	0	3	0	2	0	0	1	2	3	0	6	1
40240	30 Mar 26	10:52:00	1	0	34	0	Ct	0	1	0	1	1	0	0	0	2	1	2	1	0	1	2	0	1	0	0	0	0	0	0	2	0	1	0	0	0	0	0	0	3	0
40241	30 Mar 26	10:53:00	1	0	34	0	Ct	0	1	0	1	3	0	0	0	2	2	1	1	0	2	5	0	1	0	0	2	0	0	0	0	0	3	0	1	3	0	1	0	3	0
40242	30 Mar 26	10:54:00	1	0	34	0	Ct	0	1	0	1	1	0	0	0	0	1	2	0	0	1	1	0	0	0	0	3	2	0	0	4	0	1	0	2	1	0	5	0	2	0
40243	30 Mar 26	10:55:00	1	0	34	0	Ct	0	1	0	1	3	1	0	1	3	0	4	0	0	1	2	1	0	0	0	2	5	0	0	1	0	2	0	1	1	2	1	0	3	0
40244	30 Mar 26	10:56:00	1	0	34	0	Ct	0	1	0	1	2	1	0	4	0	2	2	0	2	3	0	0	0	0	0	2	2	0	0	0	0	2	0	1	0	2	2	0	3	0
40245	30 Mar 26	10:57:00	1	0	34	0	Ct	0	1	0	1	2	1	0	1	3	2	1	0	0	0	1	1	0	0	0	1	0	0	0	1	0	1	0	3	0	0	1	0	2	0
40246	30 Mar 26	10:58:00	1	0	34	0	Ct	0	1	0	2	2	0	0	4	2	0	2	0	0	0	1	1	0	0	0	1	3	0	0	3	1	2	0	3	0	0	1	0	3	0
40247	30 Mar 26	10:59:00	1	0	34	0	Ct	0	1	0	1	2	0	0	2	3	0	1	0	0	0	1	3	1	0	0	0	0	0	0	1	0	5	0	2	0	0	1	0	1	0
40248	30 Mar 26	11:00:00	1	0	34	0	Ct	0	1	0	1	2	2	0	1	7	2	0	0	0	0	1	0	1	0	0	0	0	0	0	0	1	2	0	2	0	0	2	0	3	0
40249	30 Mar 26	11:01:00	1	0	34	0	Ct	0	1	0	2	3	1	0	0	0	1	2	0	0	0	1	0	2	0	0	1	0	0	0	2	0	2	0	3	0	0	1	0	2	0
40250	30 Mar 26	11:02:00	1	0	34	0	Ct	0	1	0	0	2	3	0	2	4	1	1	0	0	0	2	1	2	0	0	1	0	0	0	2	0	1	0	3	0	0	1	0	5	0
40251	30 Mar 26	11:03:00	1	0	34	0	Ct	0	1	0	2	0	2	0	0	3	1	0	0	0	0	3	0	1	0	0	2	2	0	0	1	0	4	0	1	2	0	1	0	1	0
40252	30 Mar 26	11:04:00	1	0	34	0	Ct	0	1	1	1	2	1	0	0	1	1	3	0	0	0	2	0	2	0	0	1	5	3	0	2	0	2	0	2	2	0	0	0	4	3
40253	30 Mar 26	11:05:00	1	0	34	0	Ct	0	1	1	1	3	1	0	3	3	0	1	0	0	0	1	0	5	0	0	1	1	0	0	2	0	2	0	6	0	0	1	0	3	1
40254	30 Mar 26	11:06:00	1	0	34	0	Ct	0	1	0	0	2	2	0	0	1	0	2	0	0	0	2	0	3	0	0	0	1	1	0	1	0	2	0	2	0	0	0	0	3	0
40255	30 Mar 26	11:07:00	1	0	34	0	Ct	0	1	0	0	3	2	0	0	1	0	0	0	1	0	1	0	1	0	0	2	2	0	0	0	0	2	0	1	0	0	0	0	2	2
40256	30 Mar 26	11:08:00	1	0	34	0	Ct	0	1	0	2	2	0	0	1	0	1	0	0	0	0	3	0	2	0	0	0	1	0	0	3	0	0	0	2	1	0	3	0	3	2
40257	30 Mar 26	11:09:00	1	0	34	0	Ct	0	1	0	1	1	1	0	1	0	1	1	0	3	1	0	1	3	0	0	4	2	0	0	4	0	1	0	1	0	0	1	0	1	2
40258	30 Mar 26	11:10:00	1	0	34	0	Ct	0	1	0	2	2	1	0	1	2	10	2	0	1	1	1	3	2	0	0	0	3	0	0	1	0	1	0	0	0	0	1	0	3	0
40259	30 Mar 26	11:11:00	1	0	34	0	Ct	0	1	0	0	1	1	0	3	0	1	1	0	0	0	2	3	2	0	0	1	0	0	0	0	0	2	0	0	1	1	2	0	3	0
40260	30 Mar 26	11:12:00	1	0	34	0	Ct	0	1	0	1	1	2	0	3	0	2	3	0	0	0	2	2	1	0	0	1	2	0	0	0	0	2	0	0	2	1	1	0	5	2
40261	30 Mar 26	11:13:00	1	0	34	0	Ct	0	1	0	1	2	4	0	3	2	1	1	0	0	0	3	0	0	0	0	0	0	0	0	2	0	2	0	0	0	4	1	0	0	2
40262	30 Mar 26	11:14:00	1	0	34	0	Ct	0	1	0	2	3	1	0	1	3	2	0	0	0	1	0	2	2	0	0	1	0	0	0	2	0	0	0	0	2	0	1	0	2	1
40263	30 Mar 26	11:15:00	1	0	34	0	Ct	0	1	0	2	1	0	0	0	2	1	1	0	1	2	1	2	4	0	0	3	0	0	0	4	0	3	0	0	1	0	2	0	3	2
40264	30 Mar 26	11:16:00	1	0	34	0	Ct	0	1	0	2	4	3	0	1	2	0	1	0	8	0	1	0	2	0	0	2	2	0	0	2	0	1	0	1	6	0	1	0	3	2
40265	30 Mar 26	11:17:00	1	0	34	0	Ct	0	1	0	2	3	2	0	1	2	0	2	0	0	0	1	0	2	0	0	0	0	0	0	3	0	3	0	1	3	0	2	0	4	1
40266	30 Mar 26	11:18:00	1	0	34	0	Ct	0	1	0	0	3	2	0	2	2	0	2	0	0	0	2	0	1	0	0	0	0	0	0	6	0	1	0	0	0	0	3	0	1	2
40267	30 Mar 26	11:19:00	1	0	34	0	Ct	0	1	0	1	2	2	0	0	1	5	1	0	3	2	2	0	1	0	0	0	0	0	0	2	0	2	0	2	2	0	4	0	6	1
40268	30 Mar 26	11:20:00	1	0	34	0	Ct	0	1	3	1	3	0	0	3	3	0	2	0	5	1	2	0	1	0	0	0	3	0	0	0	3	1	0	0	0	0	2	0	5	0
40269	30 Mar 26	11:21:00	1	0	34	0	Ct	0	1	0	1	1	0	0	0	3	0	0	0	0	1	0	0	2	0	0	0	0	3	0	2	0	1	0	0	0	0	0	0	6	0
40270	30 Mar 26	11:22:00	1	0	34	0	Ct	0	1	0	0	2	6	0	1	0	0	2	0	1	0	1	7	0	0	0	2	3	0	0	0	0	1	0	0	0	1	2	0	3	0
40271	30 Mar 26	11:23:00	1	0	34	0	Ct	0	1	0	0	0	0	0	2	1	0	1	0	1	2	2	3	2	0	0	1	1	0	0	2	0	2	0	0	2	1	0	0	2	0
40272	30 Mar 26	11:24:00	1	0	34	0	Ct	0	1	0	1	3	2	0	1	0	6	3	1	0	0	1	4	1	0	0	1	1	0	0	2	0	1	0	0	0	0	0	0	3	0
40273	30 Mar 26	11:25:00	1	0	34	0	Ct	0	1	2	2	3	1	0	4	3	0	1	0	0	1	0	2	0	0	0	1	0	0	1	0	2	2	0	0	0	0	5	0	1	2
40274	30 Mar 26	11:26:00	1	0	34	0	Ct	0	1	0	0	2	1	0	0	0	2	2	1	1	2	0	3	0	0	0	0	0	0	0	0	3	1	0	0	0	2	1	0	2	2
40275	30 Mar 26	11:27:00	1	0	34	0	Ct	0	1	0	0	2	2	0	0	4	0	2	2	0	1	1	2	3	0	0	1	1	0	1	2	0	2	0	0	0	0	2	0	4	0
40276	30 Mar 26	11:28:00	1	0	34	0	Ct	0	1	0	1	2	2	0	2	1	0	3	1	1	0	2	1	2	0	0	1	1	5	2	0	0	2	0	0	0	2	0	0	2	1
40277	30 Mar 26	11:29:00	1	0	34	0	Ct	0	1	0	1	2	1	0	0	0	0	0	4	9	1	1	1	2	0	0	0	0	0	0	1	0	2	0	0	0	3	4	0	3	1
40278	30 Mar 26	11:30:00	1	0	34	0	Ct	0	1	0	0	2	1	0	2	1	6	0	1	0	1	1	0	2	0	0	1	0	0	0	1	0	1	0	0	1	1	0	0	6	1
40279	30 Mar 26	11:31:00	1	0	34	0	Ct	0	1	1	0	1	4	0	1	0	3	0	3	0	2	2	0	1	0	0	0	2	0	0	4	0	2	0	0	0	0	0	0	0	1
40280	30 Mar 26	11:32:00	1	0	34	0	Ct	0	1	2	0	1	6	0	3	0	0	1	1	0	1	2	1	3	0	0	0	4	0	1	0	0	2	0	0	2	0	2	0	2	0
40281	30 Mar 26	11:33:00	1	0	34	0	Ct	0	1	0	1	0	0	0	1	0	0	1	2	0	1	3	5	2	0	0	0	0	7	0	2	0	2	0	0	1	0	8	0	6	0
40282	30 Mar 26	11:34:00	1	0	34	0	Ct	0	1	0	1	0	1	0	3	0	2	0	3	0	0	0	0	1	0	0	0	0	0	0	1	0	2	0	4	2	0	1	0	1	0
40283	30 Mar 26	11:35:00	1	0	34	0	Ct	0	1	0	2	2	1	0	3	0	1	1	1	0	1	2	1	1	0	0	0	1	0	0	0	0	3	0	0	0	0	0	0	4	0
40284	30 Mar 26	11:36:00	1	0	34	0	Ct	0	1	0	0	0	1	0	1	0	0	1	0	0	2	2	1	0	0	0	0	0	0	0	1	2	2	0	2	2	0	1	0	2	0
40285	30 Mar 26	11:37:00	1	0	34	0	Ct	0	1	0	1	0	1	0	3	0	3	3	1	0	1	1	0	0	0	0	0	2	0	0	5	0	1	0	2	0	0	1	0	1	0
40286	30 Mar 26	11:38:00	1	0	34	0	Ct	0	1	0	1	3	0	0	3	0	0	2	1	0	1	0	3	1	0	0	1	2	0	0	4	0	2	0	2	0	0	1	0	3	0
40287	30 Mar 26	11:39:00	1	0	34	0	Ct	0	1	0	1	1	0	0	2	0	1	1	5	0	2	2	1	0	0	0	2	0	0	0	1	0	1	0	0	0	0	1	0	5	0
40288	30 Mar 26	11:40:00	1	0	34	0	Ct	0	1	0	2	0	0	0	2	0	1	1	2	0	1	1	1	1	0	0	0	3	0	0	1	0	2	0	0	0	0	0	0	3	0
40289	30 Mar 26	11:41:00	1	0	34	0	Ct	0	1	2	2	3	0	0	1	0	0	0	2	0	1	3	3	2	0	0	0	4	2	0	1	0	2	0	0	0	0	0	0	2	0
40290	30 Mar 26	11:42:00	1	0	34	0	Ct	0	1	0	2	1	1	0	0	2	0	0	2	0	1	3	0	0	0	0	1	0	0	0	0	0	1	0	0	0	0	2	0	2	0
40291	30 Mar 26	11:43:00	1	0	34	0	Ct	0	1	0	1	3	0	0	4	2	0	0	1	3	0	0	1	3	0	0	1	0	0	0	0	0	1	0	0	0	0	1	0	5	0
40292	30 Mar 26	11:44:00	1	0	34	0	Ct	0	1	0	1	2	2	0	2	1	2	0	1	0	0	1	1	1	0	0	0	1	2	0	1	0	1	0	0	0	0	0	0	2	0
40293	30 Mar 26	11:45:00	1	0	34	0	Ct	0	1	0	1	2	1	0	0	1	0	0	2	0	0	0	3	3	0	0	3	0	0	0	1	0	2	0	0	0	0	4	0	4	0
40294	30 Mar 26	11:46:00	1	0	34	0	Ct	0	1	0	2	1	0	0	2	0	0	0	2	0	0	1	1	3	0	0	1	1	10	0	2	2	2	0	0	1	0	1	0	2	0
40295	30 Mar 26	11:47:00	1	0	34	0	Ct	0	1	0	0	2	3	0	0	0	0	0	2	0	1	2	0	0	0	0	1	1	0	3	1	1	2	0	0	1	0	1	0	4	0
40296	30 Mar 26	11:48:00	1	0	34	0	Ct	0	1	0	2	3	2	0	2	0	0	1	1	0	1	3	1	2	0	0	0	2	0	0	2	0	1	0	0	1	0	0	0	1	3
40297	30 Mar 26	11:49:00	1	0	34	0	Ct	0	1	0	1	3	0	0	2	0	0	3	2	3	0	1	2	1	0	1	0	0	0	3	0	0	1	0	0	1	0	0	0	0	3
40298	30 Mar 26	11:50:00	1	0	34	0	Ct	0	1	0	1	3	3	0	3	0	0	1	3	7	0	3	1	2	0	1	0	1	0	2	1	0	1	0	0	0	0	1	0	5	0
40299	30 Mar 26	11:51:00	1	0	34	0	Ct	0	1	0	1	2	2	0	2	0	0	2	2	25	0	0	4	0	0	0	0	2	0	1	3	0	2	0	0	2	1	1	0	3	0
40300	30 Mar 26	11:52:00	1	0	34	0	Ct	0	1	0	1	1	2	0	0	0	0	1	1	2	0	3	0	0	0	0	1	0	0	2	0	0	2	0	0	2	0	0	0	4	0
40301	30 Mar 26	11:53:00	1	0	34	0	Ct	0	1	0	2	1	4	0	2	1	2	1	2	0	0	0	2	0	0	0	1	2	0	0	1	0	0	0	0	0	0	0	0	1	0
40302	30 Mar 26	11:54:00	1	0	34	0	Ct	0	1	0	0	1	3	0	1	0	1	1	2	0	0	0	0	1	0	0	0	4	0	0	1	0	0	0	0	0	0	0	0	4	0
40303	30 Mar 26	11:55:00	1	0	34	0	Ct	0	1	0	0	1	2	0	1	0	1	0	1	0	0	0	0	3	0	0	0	2	0	3	0	0	2	0	0	2	1	0	0	5	0
40304	30 Mar 26	11:56:00	1	0	34	0	Ct	0	1	0	0	2	1	0	1	0	0	3	1	0	0	0	0	2	0	0	0	2	0	0	0	0	1	0	0	0	0	1	0	3	0
40305	30 Mar 26	11:57:00	1	0	34	0	Ct	0	1	0	0	2	4	0	4	0	2	1	2	0	0	0	2	2	0	0	0	0	0	2	0	0	2	0	0	0	4	2	0	1	0
40306	30 Mar 26	11:58:00	1	0	34	0	Ct	0	1	0	0	2	0	0	4	0	0	1	1	0	0	0	1	1	0	0	0	0	0	3	0	0	1	0	0	1	0	0	0	1	0
40307	30 Mar 26	11:59:00	1	0	34	0	Ct	0	1	0	0	3	0	0	4	5	2	1	2	2	0	0	1	3	1	0	0	1	0	1	0	0	1	0	1	1	0	0	0	2	0
40308	30 Mar 26	12:00:00	1	0	34	0	Ct	0	1	0	0	5	0	0	3	4	1	1	1	0	0	0	0	0	0	0	0	1	0	3	4	0	1	0	0	0	0	0	0	6	0
40309	30 Mar 26	12:01:00	1	0	34	0	Ct	0	1	0	1	1	1	0	0	0	2	0	2	0	0	0	3	2	3	0	0	1	0	1	0	0	2	0	1	1	0	0	0	3	0
40310	30 Mar 26	12:02:00	1	0	34	0	Ct	0	1	0	4	3	1	0	1	0	0	0	2	0	0	2	1	2	1	0	0	1	0	0	0	0	2	0	0	1	0	0	0	3	0
40311	30 Mar 26	12:03:00	1	0	34	0	Ct	0	1	0	1	4	0	0	1	0	3	3	1	2	0	0	1	1	0	0	0	4	0	0	3	0	1	0	0	0	0	0	0	4	0
40312	30 Mar 26	12:04:00	1	0	34	0	Ct	0	1	0	1	1	1	0	0	2	0	1	1	1	0	0	3	0	0	0	0	3	3	0	1	0	2	0	0	0	0	0	0	0	0
40313	30 Mar 26	12:05:00	1	0	34	0	Ct	0	1	0	1	2	3	0	0	3	0	0	0	1	0	0	0	2	0	0	0	0	5	0	0	0	3	0	0	0	0	0	0	2	0
40314	30 Mar 26	12:06:00	1	0	34	0	Ct	0	1	0	2	1	1	0	0	5	0	2	5	0	0	0	0	1	0	0	0	0	2	0	3	0	1	0	0	2	0	0	0	3	0
40315	30 Mar 26	12:07:00	1	0	34	0	Ct	0	1	0	3	2	2	0	0	7	2	1	0	0	1	0	0	0	0	0	0	0	0	0	3	0	0	0	0	0	0	0	0	2	0
40316	30 Mar 26	12:08:00	1	0	34	0	Ct	0	1	0	1	2	1	0	0	0	2	2	3	0	1	0	1	2	0	0	0	0	0	0	0	0	11	0	0	0	0	0	0	2	0
40317	30 Mar 26	12:09:00	1	0	34	0	Ct	0	1	1	1	3	1	0	1	5	0	1	1	0	0	0	1	1	0	0	0	0	0	0	2	0	2	0	0	1	0	0	0	2	0
40318	30 Mar 26	12:10:00	1	0	34	0	Ct	0	1	3	2	1	1	0	2	2	0	1	1	0	2	0	1	2	0	0	0	0	0	0	0	0	3	0	0	1	0	0	0	2	0
40319	30 Mar 26	12:11:00	1	0	34	0	Ct	0	1	0	1	3	1	0	2	1	2	0	8	0	0	0	1	1	0	0	0	2	0	0	3	0	1	0	0	0	0	0	0	3	0
40320	30 Mar 26	12:12:00	1	0	34	0	Ct	0	1	0	1	1	0	0	0	2	0	2	0	0	0	0	2	3	0	0	0	1	0	4	3	0	1	0	0	3	0	0	0	3	0
40321	30 Mar 26	12:13:00	1	0	34	0	Ct	0	1	0	2	1	3	0	2	1	3	1	1	0	0	0	2	1	0	0	0	5	0	0	0	0	1	0	0	1	3	0	0	3	0
40322	30 Mar 26	12:14:00	1	0	34	0	Ct	0	1	0	0	2	2	0	2	2	2	5	1	0	0	0	1	1	0	0	0	4	0	0	3	0	2	0	0	0	0	0	0	1	0
40323	30 Mar 26	12:15:00	1	0	34	0	Ct	0	1	0	0	2	1	0	5	2	0	1	4	0	0	0	0	1	0	0	0	0	0	0	0	0	3	0	0	0	0	0	0	5	0
40324	30 Mar 26	12:16:00	1	0	34	0	Ct	0	1	0	0	2	2	0	0	1	1	0	1	0	0	0	0	1	0	0	0	1	0	0	0	0	2	0	0	2	0	1	0	4	0
40325	30 Mar 26	12:17:00	1	0	34	0	Ct	0	1	0	2	2	1	0	2	3	0	1	3	0	0	0	2	2	0	0	0	6	2	0	0	0	0	0	0	0	0	8	0	2	0
40326	30 Mar 26	12:18:00	1	0	34	0	Ct	0	1	0	2	1	4	0	3	0	5	6	2	0	0	0	1	0	0	0	0	3	1	0	3	9	1	0	0	2	1	0	0	2	0
40327	30 Mar 26	12:19:00	1	0	34	0	Ct	0	1	0	1	0	1	0	0	0	0	1	1	0	0	0	1	1	0	0	0	0	0	0	1	4	1	0	0	0	2	0	0	0	0
40328	30 Mar 26	12:20:00	1	0	34	0	Ct	0	1	0	1	3	2	0	1	1	1	3	1	0	3	0	0	1	0	0	0	2	0	0	1	0	3	0	0	0	2	0	0	1	0
40329	30 Mar 26	12:21:00	1	0	34	0	Ct	0	1	0	1	2	0	0	2	0	1	1	0	0	0	0	0	0	0	0	0	1	0	0	2	0	1	0	0	0	0	0	0	1	0
40330	30 Mar 26	12:22:00	1	0	34	0	Ct	0	1	0	1	3	1	0	0	0	1	4	0	0	0	4	0	1	0	0	0	1	0	0	0	0	3	0	0	1	0	0	0	0	0
40331	30 Mar 26	12:23:00	1	0	34	0	Ct	0	1	0	0	0	0	0	0	1	1	3	3	0	0	0	3	1	0	0	0	2	0	0	0	0	2	0	0	0	0	0	0	0	0
40332	30 Mar 26	12:24:00	1	0	34	0	Ct	0	1	0	3	3	0	0	0	3	3	0	1	0	0	0	2	2	0	0	0	1	0	0	4	0	1	0	0	0	1	0	0	0	0
40333	30 Mar 26	12:25:00	1	0	34	0	Ct	0	1	0	0	0	0	0	0	1	0	1	1	0	1	0	2	0	0	0	0	0	0	0	4	0	1	0	0	2	1	0	0	0	0
40334	30 Mar 26	12:26:00	1	0	34	0	Ct	0	1	0	0	3	0	0	0	3	0	0	1	0	1	0	0	2	0	0	0	5	0	0	1	0	1	0	0	1	0	0	0	0	2
40335	30 Mar 26	12:27:00	1	0	34	0	Ct	0	1	0	0	1	0	0	3	6	0	4	2	0	0	0	2	0	0	0	0	0	0	0	0	0	0	0	0	1	0	1	0	0	0
40336	30 Mar 26	12:28:00	1	0	34	0	Ct	0	1	0	0	3	0	0	2	2	0	0	3	0	0	0	2	0	0	0	0	3	0	0	0	0	2	0	0	1	1	0	0	0	0
40337	30 Mar 26	12:29:00	1	0	34	0	Ct	0	1	0	0	2	0	0	0	1	3	2	0	0	0	0	2	0	0	0	0	0	0	0	0	0	1	0	0	1	1	0	0	0	0
40338	30 Mar 26	12:30:00	1	0	34	0	Ct	0	1	0	0	2	0	0	0	2	1	1	0	0	1	0	0	0	0	0	0	1	0	0	0	0	2	0	0	0	0	0	0	0	0
40339	30 Mar 26	12:31:00	1	0	34	0	Ct	0	1	1	0	1	0	0	0	3	1	2	1	0	2	0	1	0	0	0	0	0	0	0	0	0	3	0	0	2	0	0	0	0	0
40340	30 Mar 26	12:32:00	1	0	34	0	Ct	0	1	2	0	4	0	0	0	3	0	1	3	0	1	0	3	1	0	0	0	0	0	1	0	0	2	0	0	2	0	0	0	0	0
40341	30 Mar 26	12:33:00	1	0	34	0	Ct	0	1	0	0	3	0	0	0	3	0	1	1	0	0	0	0	1	0	0	0	0	0	0	0	0	1	0	0	0	0	0	0	0	0
40342	30 Mar 26	12:34:00	1	0	34	0	Ct	0	1	0	0	2	1	0	0	2	3	2	3	0	0	0	5	0	0	0	0	3	0	0	0	0	2	0	0	3	0	0	0	0	0
40343	30 Mar 26	12:35:00	1	0	34	0	Ct	0	1	0	0	0	1	0	0	1	0	2	3	0	0	0	0	2	1	0	0	3	0	1	0	0	1	0	0	3	0	0	0	0	0
40344	30 Mar 26	12:36:00	1	0	34	0	Ct	0	1	0	0	1	1	0	0	0	0	1	2	0	0	0	2	0	0	0	0	0	0	2	0	4	0	0	0	0	0	0	0	0	0
40345	30 Mar 26	12:37:00	1	0	34	0	Ct	0	1	0	0	0	4	0	0	0	2	0	1	0	0	0	2	0	1	0	0	0	1	0	0	0	3	0	1	2	0	0	0	0	0
40346	30 Mar 26	12:38:00	1	0	34	0	Ct	0	1	0	0	0	0	0	1	2	0	1	1	0	1	0	0	0	0	0	0	0	1	3	0	0	1	0	0	1	0	0	0	0	0
40347	30 Mar 26	12:39:00	1	0	34	0	Ct	0	1	0	1	2	0	0	2	2	0	0	0	0	1	0	0	0	0	0	0	0	0	0	0	0	1	0	3	2	1	0	0	0	0
40348	30 Mar 26	12:40:00	1	0	34	0	Ct	0	1	0	2	3	1	0	0	4	0	0	3	0	2	0	0	0	1	0	0	0	0	0	0	0	2	0	0	0	2	0	0	0	1
40349	30 Mar 26	12:41:00	1	0	34	0	Ct	0	1	0	2	2	1	0	0	1	0	0	1	0	0	0	0	2	0	0	0	0	0	1	0	0	2	0	0	0	0	0	0	0	0
40350	30 Mar 26	12:42:00	1	0	34	0	Ct	0	1	0	1	2	0	0	0	3	0	0	0	0	2	0	0	2	1	0	0	3	0	1	0	1	1	0	0	0	0	0	0	0	0
40351	30 Mar 26	12:43:00	1	0	34	0	Ct	0	1	0	0	1	1	0	0	4	0	1	1	2	0	0	0	1	0	0	0	1	0	0	0	2	0	0	0	0	0	0	0	0	0
40352	30 Mar 26	12:44:00	1	0	34	0	Ct	0	1	0	0	2	1	0	0	2	0	1	3	0	0	0	0	2	0	0	0	0	0	0	0	0	0	0	0	0	0	0	0	0	0
40353	30 Mar 26	12:45:00	1	0	34	0	Ct	0	1	0	1	2	0	0	0	2	0	0	2	0	0	0	0	2	0	0	0	0	0	0	0	0	0	0	0	0	0	0	0	0	0
40354	30 Mar 26	12:46:00	1	0	34	0	Ct	0	1	0	1	2	0	0	0	2	0	0	2	4	0	0	4	2	0	0	0	0	0	1	0	0	0	0	0	0	0	0	0	0	0
40355	30 Mar 26	12:47:00	1	0	34	0	Ct	0	1	0	1	2	1	0	0	3	0	0	2	1	0	0	5	1	0	0	0	1	3	1	0	0	1	0	0	0	2	0	0	0	0
40356	30 Mar 26	12:48:00	1	0	34	0	Ct	0	1	0	1	2	2	0	0	0	0	0	1	0	2	0	0	1	0	0	0	1	0	0	0	0	2	0	0	0	0	0	0	0	3
40357	30 Mar 26	12:49:00	1	0	34	0	Ct	0	1	0	0	4	1	0	0	0	0	0	1	0	0	0	1	0	2	0	0	0	1	1	0	0	2	0	0	2	2	0	0	0	0
40358	30 Mar 26	12:50:00	1	0	34	0	Ct	0	1	0	1	2	2	0	0	4	1	0	2	0	0	0	2	0	2	0	0	0	0	1	0	0	1	0	0	0	0	0	0	0	1
40359	30 Mar 26	12:51:00	1	0	34	0	Ct	0	1	0	3	0	2	0	0	2	1	0	1	0	1	0	1	2	1	0	0	0	0	0	2	0	1	0	0	0	0	0	0	0	2
40360	30 Mar 26	12:52:00	1	0	34	0	Ct	0	1	0	0	2	2	0	0	2	0	0	1	0	0	0	0	1	0	0	0	0	1	0	1	0	1	0	0	1	0	0	0	0	0
40361	30 Mar 26	12:53:00	1	0	34	0	Ct	0	1	0	2	3	2	0	0	5	0	0	1	0	0	0	0	0	0	0	0	2	0	3	0	0	0	0	0	0	2	0	0	0	0
40362	30 Mar 26	12:54:00	1	0	34	0	Ct	0	1	0	0	3	0	0	0	5	2	0	0	0	0	0	2	2	0	0	0	1	0	1	0	0	0	0	0	0	1	5	0	0	0
40363	30 Mar 26	12:55:00	1	0	34	0	Ct	0	1	0	0	2	3	0	0	3	1	0	0	0	0	0	5	1	0	0	0	4	0	2	0	0	0	0	0	5	1	3	0	0	0
40364	30 Mar 26	12:56:00	1	0	34	0	Ct	0	1	0	0	1	1	0	0	2	0	0	1	0	0	0	1	0	0	0	0	0	0	0	0	0	0	0	0	0	0	11	0	0	0
40365	30 Mar 26	12:57:00	1	0	34	0	Ct	0	1	0	0	1	1	0	0	5	2	0	1	0	0	0	1	0	0	0	1	0	0	0	0	0	1	0	0	0	0	3	0	1	2
40366	30 Mar 26	12:58:00	1	0	34	0	Ct	0	1	0	0	1	1	0	0	2	0	0	1	0	0	0	1	0	0	0	0	0	0	2	0	0	1	0	0	0	2	1	0	0	1
40367	30 Mar 26	12:59:00	1	0	34	0	Ct	0	1	0	0	2	4	0	0	3	0	0	1	0	1	0	1	2	0	0	1	1	0	1	0	2	0	0	0	0	1	5	0	0	0
40368	30 Mar 26	13:00:00	1	0	34	0	Ct	0	1	0	1	3	4	0	0	4	0	0	3	0	1	0	0	3	0	0	0	3	0	0	0	1	2	0	0	0	0	1	0	0	0
40369	30 Mar 26	13:01:00	1	0	34	0	Ct	0	1	0	0	2	0	0	0	3	1	0	2	0	0	0	1	0	0	0	0	0	0	0	0	0	3	0	0	0	0	0	0	0	0
40370	30 Mar 26	13:02:00	1	0	34	0	Ct	0	1	0	1	1	0	0	0	0	1	0	2	0	0	0	2	0	0	0	0	1	0	0	0	1	2	0	0	0	0	0	0	0	0
40371	30 Mar 26	13:03:00	1	0	34	0	Ct	0	1	0	1	1	6	0	0	6	0	0	1	0	1	0	0	0	0	0	0	1	0	0	0	0	2	0	0	2	0	0	0	2	0
40372	30 Mar 26	13:04:00	1	0	34	0	Ct	0	1	0	1	1	2	0	0	2	0	2	2	1	1	0	0	0	0	0	0	0	0	0	0	0	1	0	0	0	0	0	0	0	0
40373	30 Mar 26	13:05:00	1	0	34	0	Ct	0	1	0	2	3	8	0	0	3	1	0	2	2	0	0	0	0	0	0	0	0	0	3	0	0	1	1	0	0	0	0	0	0	0
40374	30 Mar 26	13:06:00	1	0	34	0	Ct	0	1	0	1	1	0	0	0	0	1	0	3	0	0	0	2	0	0	0	0	0	0	2	0	2	2	0	0	0	0	0	0	0	0
40375	30 Mar 26	13:07:00	1	0	34	0	Ct	0	1	0	0	1	0	0	0	1	0	0	3	0	0	0	1	2	0	0	0	0	0	0	1	0	0	0	0	0	0	0	0	0	0
40376	30 Mar 26	13:08:00	1	0	34	0	Ct	0	1	0	1	1	0	0	2	1	1	0	1	0	0	0	0	2	0	0	0	0	1	0	0	0	1	1	0	0	0	0	0	0	0
40377	30 Mar 26	13:09:00	1	0	34	0	Ct	0	1	0	1	2	0	0	1	0	1	0	2	3	1	0	0	0	0	0	0	0	0	0	0	0	0	1	0	0	0	0	0	0	0
40378	30 Mar 26	13:10:00	1	0	34	0	Ct	0	1	0	0	1	0	0	0	2	0	2	2	1	2	0	0	0	0	0	0	0	3	0	2	0	0	1	0	0	0	0	0	5	0
40379	30 Mar 26	13:11:00	1	0	34	0	Ct	0	1	0	2	1	1	0	0	2	2	0	1	0	1	0	1	0	0	0	0	0	0	4	3	0	0	3	1	0	0	0	0	0	2
40380	30 Mar 26	13:12:00	1	0	34	0	Ct	0	1	0	1	1	1	0	0	2	1	0	1	0	2	0	1	0	0	0	0	0	0	1	0	0	0	0	1	1	0	0	0	0	0
40381	30 Mar 26	13:13:00	1	0	34	0	Ct	0	1	0	0	2	1	0	0	3	1	1	5	0	2	0	2	0	0	0	0	0	0	0	0	0	1	1	0	1	0	0	0	0	0
40382	30 Mar 26	13:14:00	1	0	34	0	Ct	0	1	0	2	1	0	0	1	1	0	2	0	0	0	0	0	0	0	0	0	0	0	0	0	0	2	2	0	3	0	0	0	0	0
40383	30 Mar 26	13:15:00	1	0	34	0	Ct	0	1	0	1	3	2	0	5	6	0	2	4	0	0	0	0	2	0	2	0	3	3	0	0	0	2	1	0	0	0	0	0	0	0
40384	30 Mar 26	13:16:00	1	0	34	0	Ct	0	1	0	1	2	1	0	2	1	0	1	1	0	0	0	0	2	0	0	0	0	5	1	4	0	1	0	0	0	0	0	0	0	0
40385	30 Mar 26	13:17:00	1	0	34	0	Ct	0	1	0	2	1	1	0	4	2	0	4	2	0	0	0	0	2	0	2	0	0	4	2	0	0	2	1	0	2	0	0	0	0	1
40386	30 Mar 26	13:18:00	1	0	34	0	Ct	0	1	0	1	0	2	0	0	1	0	2	3	0	0	0	0	2	0	0	0	2	0	0	1	0	1	0	0	1	0	0	0	0	2
40387	30 Mar 26	13:19:00	1	0	34	0	Ct	0	1	0	0	1	2	0	0	1	0	2	1	0	1	0	3	1	0	0	0	0	0	3	1	0	1	0	0	0	0	0	0	0	0
40388	30 Mar 26	13:20:00	1	0	34	0	Ct	0	1	0	1	1	0	0	3	2	0	4	4	0	0	0	0	0	0	0	0	3	0	2	2	0	4	0	0	2	3	2	0	0	0
40389	30 Mar 26	13:21:00	1	0	34	0	Ct	0	1	0	1	2	1	0	2	4	0	2	1	0	0	0	0	0	0	0	0	1	0	0	0	1	1	0	0	2	0	0	0	0	0
40390	30 Mar 26	13:22:00	1	0	34	0	Ct	0	1	0	0	1	4	0	3	1	0	1	1	1	0	0	0	0	0	0	0	0	0	0	0	0	1	0	0	0	1	0	0	0	0
40391	30 Mar 26	13:23:00	1	0	34	0	Ct	0	1	0	4	0	1	0	6	2	0	1	2	0	0	0	1	0	0	0	0	0	0	0	0	0	1	0	0	0	1	0	0	0	0
40392	30 Mar 26	13:24:00	1	0	34	0	Ct	0	1	0	1	1	3	0	0	2	0	1	1	7	1	0	2	0	0	0	0	0	0	0	0	0	1	0	0	6	2	0	0	0	0
40393	30 Mar 26	13:25:00	1	0	34	0	Ct	0	1	0	1	2	2	0	0	1	0	4	1	2	1	0	1	0	0	0	0	0	0	0	1	0	1	0	0	0	2	0	0	1	0
40394	30 Mar 26	13:26:00	1	0	34	0	Ct	0	1	0	0	0	5	0	0	2	0	0	1	0	1	0	1	1	0	0	0	0	0	0	2	0	1	0	0	0	2	0	0	0	0
40395	30 Mar 26	13:27:00	1	0	34	0	Ct	0	1	0	0	1	0	0	2	5	0	0	1	2	0	0	2	1	0	0	0	0	0	3	0	0	1	0	0	0	0	0	0	0	0
40396	30 Mar 26	13:28:00	1	0	34	0	Ct	0	1	1	0	1	0	0	2	4	0	0	2	0	1	0	0	0	0	0	0	0	0	0	1	0	1	0	0	0	0	0	0	0	0
40397	30 Mar 26	13:29:00	1	0	34	0	Ct	0	1	1	0	2	0	0	3	5	0	0	0	0	1	0	1	1	0	0	0	0	0	0	1	0	0	0	0	3	3	0	0	0	0
40398	30 Mar 26	13:30:00	1	0	34	0	Ct	0	1	0	0	0	2	0	1	1	0	1	3	1	1	0	2	2	0	0	0	0	0	2	2	0	1	0	0	1	0	0	0	0	0
40399	30 Mar 26	13:31:00	1	0	34	0	Ct	0	1	0	0	0	0	0	0	0	0	0	1	0	2	0	0	0	0	0	0	2	0	2	1	0	2	0	0	0	0	0	0	0	0
40400	30 Mar 26	13:32:00	1	0	34	0	Ct	0	1	0	0	0	1	0	0	0	0	2	4	2	0	0	0	1	0	0	0	0	0	1	0	0	1	3	0	0	0	0	0	0	0
40401	30 Mar 26	13:33:00	1	0	34	0	Ct	0	1	0	0	0	1	0	0	1	0	1	2	0	0	0	0	2	0	0	0	2	2	1	0	0	1	1	0	0	0	0	0	0	0
40402	30 Mar 26	13:34:00	1	0	34	0	Ct	0	1	0	0	0	1	0	2	0	2	1	0	0	2	0	0	1	0	0	0	0	1	1	0	0	2	4	0	0	0	0	0	0	0
40403	30 Mar 26	13:35:00	1	0	34	0	Ct	0	1	0	0	0	0	0	4	2	0	0	1	5	0	0	0	2	0	0	0	0	0	0	3	0	0	1	0	0	0	0	0	0	0
40404	30 Mar 26	13:36:00	1	0	34	0	Ct	0	1	0	1	0	3	0	4	3	0	0	0	0	0	0	0	0	0	0	0	0	0	0	1	0	0	0	0	0	0	0	0	0	0
40405	30 Mar 26	13:37:00	1	0	34	0	Ct	0	1	0	1	0	1	0	1	1	0	0	2	1	2	0	0	3	0	0	0	0	0	0	1	0	0	1	0	1	0	0	0	0	0
40406	30 Mar 26	13:38:00	1	0	34	0	Ct	0	1	0	0	0	0	0	1	7	0	3	1	0	0	0	0	1	0	0	0	3	0	2	1	0	0	2	0	0	0	0	0	0	0
40407	30 Mar 26	13:39:00	1	0	34	0	Ct	0	1	0	0	0	1	0	1	0	0	0	1	0	0	0	0	1	0	0	0	0	0	2	0	0	0	2	0	1	0	0	0	0	1
40408	30 Mar 26	13:40:00	1	0	34	0	Ct	0	1	0	0	0	1	0	1	0	0	0	0	2	0	0	0	0	0	0	0	0	0	2	0	0	0	0	0	0	0	0	0	0	0
40409	30 Mar 26	13:41:00	1	0	34	0	Ct	0	1	0	0	0	0	0	1	1	5	0	0	3	1	0	0	3	0	0	0	0	0	0	0	0	0	1	0	1	1	0	0	0	1
40410	30 Mar 26	13:42:00	1	0	34	0	Ct	0	1	0	1	0	0	0	0	2	0	1	0	1	0	0	0	0	0	0	0	0	0	0	0	0	0	2	0	2	3	0	0	0	0
40411	30 Mar 26	13:43:00	1	0	34	0	Ct	0	1	0	1	0	0	0	0	3	0	1	1	0	0	0	0	0	0	0	0	0	0	1	0	0	0	0	0	0	1	0	0	0	0
40412	30 Mar 26	13:44:00	1	0	34	0	Ct	0	1	0	0	0	1	0	2	2	0	1	2	1	0	0	1	2	0	0	0	0	0	1	0	0	0	2	1	1	4	0	0	0	1
40413	30 Mar 26	13:45:00	1	0	34	0	Ct	0	1	0	2	0	0	0	4	2	2	1	1	1	2	0	0	1	0	0	0	0	0	1	1	0	0	4	0	1	0	0	0	0	0
40414	30 Mar 26	13:46:00	1	0	34	0	Ct	0	1	0	0	0	0	0	4	2	1	0	1	0	1	0	4	2	0	0	0	0	0	0	2	0	0	1	0	4	2	0	0	0	0
40415	30 Mar 26	13:47:00	1	0	34	0	Ct	0	1	0	0	0	1	0	1	0	0	0	1	2	0	0	0	1	1	0	0	0	0	0	1	0	0	1	0	0	0	0	0	0	0
40416	30 Mar 26	13:48:00	1	0	34	0	Ct	0	1	0	0	0	2	0	0	2	2	0	0	3	1	0	0	0	2	0	0	0	0	0	1	0	0	1	0	0	0	0	0	0	0
40417	30 Mar 26	13:49:00	1	0	34	0	Ct	0	1	0	0	0	0	0	2	1	0	0	2	0	2	0	0	1	0	0	0	0	0	0	1	0	1	1	0	0	1	0	0	0	1
40418	30 Mar 26	13:50:00	1	0	34	0	Ct	0	1	0	0	0	0	0	3	0	1	0	2	0	0	0	0	1	0	0	0	0	0	0	0	0	1	2	0	0	1	0	0	0	0
40419	30 Mar 26	13:51:00	1	0	34	0	Ct	0	1	0	0	0	0	0	2	0	0	0	1	2	0	0	0	0	0	0	0	0	0	0	1	0	2	0	0	0	0	0	0	0	0
40420	30 Mar 26	13:52:00	1	0	34	0	Ct	0	1	0	0	0	0	0	1	0	0	0	1	0	1	0	0	0	2	0	0	0	0	0	2	0	2	0	0	0	0	0	0	0	0
40421	30 Mar 26	13:53:00	1	0	34	0	Ct	0	1	0	0	0	0	0	0	0	3	0	0	3	1	0	0	0	1	0	0	0	0	0	1	0	1	0	0	0	0	0	0	0	0
40422	30 Mar 26	13:54:00	1	0	34	0	Ct	0	1	0	0	0	0	0	4	0	0	0	0	0	0	0	0	0	0	0	0	0	0	0	0	0	1	0	0	0	2	0	0	0	0
40423	30 Mar 26	13:55:00	1	0	34	0	Ct	0	1	1	0	0	0	0	0	0	0	0	1	2	0	0	0	0	0	0	0	0	0	0	1	0	1	0	0	0	0	0	0	0	0
40424	30 Mar 26	13:56:00	1	0	34	0	Ct	0	1	1	0	0	0	0	1	0	0	0	1	1	0	0	0	0	2	0	0	0	0	0	2	0	2	0	0	0	0	0	0	0	0
40425	30 Mar 26	13:57:00	1	0	34	0	Ct	0	1	0	0	0	0	0	1	0	0	0	1	1	0	0	0	0	3	0	0	0	0	0	1	0	1	0	0	0	0	0	0	0	1
40426	30 Mar 26	13:58:00	1	0	34	0	Ct	0	1	0	0	0	0	0	5	0	0	0	1	1	0	0	0	0	3	0	0	0	0	0	0	0	0	0	0	0	0	0	0	0	0
40427	30 Mar 26	13:59:00	1	0	34	0	Ct	0	1	0	0	0	2	0	0	0	3	0	1	2	0	0	0	0	0	0	0	0	0	0	0	0	1	0	0	0	0	0	0	0	0
40428	30 Mar 26	14:00:00	1	0	34	0	Ct	0	1	0	0	0	0	0	2	0	0	0	1	0	0	0	0	0	1	0	0	0	0	0	0	0	1	0	0	0	0	0	0	0	0
40429	30 Mar 26	14:01:00	1	0	34	0	Ct	0	1	0	0	0	1	0	2	0	0	0	1	2	0	0	0	0	0	0	0	0	0	0	0	0	0	0	0	0	0	0	0	0	0
40430	30 Mar 26	14:02:00	1	0	34	0	Ct	0	1	0	0	0	0	0	0	0	0	0	4	1	0	0	0	1	0	0	0	0	0	0	2	0	1	0	0	0	0	0	0	0	1
40431	30 Mar 26	14:03:00	1	0	34	0	Ct	0	1	3	0	0	2	0	0	0	0	0	0	0	0	0	0	2	0	0	0	0	0	0	0	0	2	0	0	0	0	0	0	0	3
40432	30 Mar 26	14:04:00	1	0	34	0	Ct	0	1	0	2	0	1	0	0	0	0	0	1	0	0	0	0	0	0	0	0	0	0	0	0	0	2	0	0	0	0	0	0	0	0
40433	30 Mar 26	14:05:00	1	0	34	0	Ct	0	1	0	1	0	3	0	0	1	0	0	0	0	0	0	0	1	2	0	0	0	1	0	0	0	2	0	0	0	0	0	0	0	2
40434	30 Mar 26	14:06:00	1	0	34	0	Ct	0	1	0	1	0	1	0	1	1	1	0	0	0	0	0	0	2	3	0	0	0	0	0	2	0	1	0	0	0	0	0	0	0	0
40435	30 Mar 26	14:07:00	1	0	34	0	Ct	0	1	0	0	0	0	0	1	2	2	0	0	1	0	0	0	0	3	0	0	0	0	0	0	0	1	0	0	0	0	0	0	0	0
40436	30 Mar 26	14:08:00	1	0	34	0	Ct	0	1	0	2	0	0	0	1	2	0	1	2	0	1	0	0	2	2	0	2	0	0	0	0	0	1	0	0	0	0	0	0	0	1
40437	30 Mar 26	14:09:00	1	0	34	0	Ct	0	1	0	2	0	2	0	2	3	0	0	0	3	1	0	0	1	4	0	1	0	1	0	0	0	2	0	0	1	0	3	0	0	0
40438	30 Mar 26	14:10:00	1	0	34	0	Ct	0	1	0	0	0	1	0	2	2	0	3	0	2	1	0	0	1	2	0	0	0	0	0	0	0	1	0	0	0	0	0	0	0	0
40439	30 Mar 26	14:11:00	1	0	34	0	Ct	0	1	0	1	0	3	0	2	6	0	1	0	0	0	0	0	0	2	0	0	0	8	0	0	0	1	0	0	1	0	1	0	0	0
40440	30 Mar 26	14:12:00	1	0	34	0	Ct	0	1	0	1	0	3	0	0	3	0	1	0	2	0	0	2	0	1	0	0	0	0	0	3	0	0	0	0	0	0	4	0	0	0
40441	30 Mar 26	14:13:00	1	0	34	0	Ct	0	1	0	1	0	2	0	3	3	0	3	0	1	0	0	0	0	4	0	0	0	0	1	0	0	2	0	0	0	3	0	0	0	0
40442	30 Mar 26	14:14:00	1	0	34	0	Ct	0	1	0	1	0	1	0	0	1	0	3	0	0	0	0	0	0	2	0	0	0	1	0	0	0	0	1	0	0	0	0	0	0	0
40443	30 Mar 26	14:15:00	1	0	34	0	Ct	0	1	0	0	0	2	0	0	2	0	1	0	1	0	0	0	0	2	0	0	0	0	1	0	0	0	2	0	0	0	0	0	0	0
40444	30 Mar 26	14:16:00	1	0	34	0	Ct	0	1	0	0	0	2	0	2	5	0	0	0	0	1	0	0	0	5	0	0	0	0	1	0	4	0	1	0	0	2	0	0	0	2
40445	30 Mar 26	14:17:00	1	0	34	0	Ct	0	1	0	0	0	2	0	4	3	3	1	0	0	0	0	2	0	0	0	0	0	0	2	0	1	0	0	0	0	0	0	0	0	0
40446	30 Mar 26	14:18:00	1	0	34	0	Ct	0	1	0	0	0	0	0	2	2	1	2	0	0	0	0	0	0	2	0	0	0	0	0	0	4	0	2	1	0	2	0	0	0	0
40447	30 Mar 26	14:19:00	1	0	34	0	Ct	0	1	0	0	0	0	0	2	4	0	3	0	3	1	0	0	0	1	0	0	0	0	0	0	0	0	0	0	0	1	0	0	0	0
40448	30 Mar 26	14:20:00	1	0	34	0	Ct	0	1	0	0	0	0	0	0	0	0	1	0	1	0	0	0	0	0	0	0	0	1	0	0	2	0	0	0	0	0	0	0	0	0
40449	30 Mar 26	14:21:00	1	0	34	0	Ct	0	1	0	0	0	0	0	0	3	0	2	0	0	0	0	0	0	2	0	0	0	0	0	0	1	1	0	0	0	0	0	0	0	0
40450	30 Mar 26	14:22:00	1	0	34	0	Ct	0	1	0	0	0	0	0	0	4	0	0	0	1	1	0	1	0	2	0	0	0	3	2	0	1	1	0	0	0	0	0	0	0	0
40451	30 Mar 26	14:23:00	1	0	34	0	Ct	0	1	0	0	0	0	0	2	2	0	1	0	3	1	0	0	0	2	0	0	0	0	0	0	0	0	0	0	0	0	0	0	0	0
40452	30 Mar 26	14:24:00	1	0	34	0	Ct	0	1	0	0	0	0	0	0	0	0	1	0	4	2	0	0	0	4	0	0	0	0	0	0	1	0	0	0	0	0	0	0	0	0
40453	30 Mar 26	14:25:00	1	0	34	0	Ct	0	1	1	0	0	0	0	2	3	0	3	0	0	0	0	0	0	2	0	0	0	0	0	0	3	0	2	2	0	0	0	0	0	0
40454	30 Mar 26	14:26:00	1	0	34	0	Ct	0	1	1	0	0	0	0	0	1	0	0	1	0	0	0	0	0	3	0	0	0	0	0	0	2	0	1	0	0	0	0	0	0	0
40455	30 Mar 26	14:27:00	1	0	34	0	Ct	0	1	0	1	0	0	0	0	1	0	3	0	0	0	0	0	0	2	0	2	0	0	0	0	0	0	0	0	0	0	0	0	0	0
40456	30 Mar 26	14:28:00	1	0	34	0	Ct	0	1	0	0	0	0	0	3	0	1	1	2	2	0	0	0	2	1	0	0	0	0	0	0	2	0	2	0	0	0	0	0	0	0
40457	30 Mar 26	14:29:00	1	0	34	0	Ct	0	1	0	2	0	0	0	1	1	0	0	4	0	2	0	0	1	0	0	0	0	0	0	0	0	0	1	0	0	2	0	0	0	0
40458	30 Mar 26	14:30:00	1	0	34	0	Ct	0	1	0	1	0	1	0	2	0	0	0	2	2	0	0	0	0	0	0	0	0	0	0	0	1	0	2	0	0	1	0	0	0	0
40459	30 Mar 26	14:31:00	1	0	34	0	Ct	0	1	0	0	0	1	0	2	0	1	0	1	1	0	0	0	0	0	0	0	0	0	0	0	0	0	1	0	0	0	0	0	0	0
40460	30 Mar 26	14:32:00	1	0	34	0	Ct	0	1	0	0	0	3	0	5	0	1	0	1	0	0	0	0	0	0	0	0	0	0	0	0	0	0	0	0	0	0	0	0	0	0
40461	30 Mar 26	14:33:00	1	0	34	0	Ct	0	1	0	0	0	0	0	3	1	1	0	1	0	0	0	0	0	1	0	1	0	0	1	0	0	0	0	0	0	0	0	0	0	0
40462	30 Mar 26	14:34:00	1	0	34	0	Ct	0	1	0	0	0	2	0	5	1	1	0	0	0	0	0	1	0	3	0	0	1	0	0	0	0	0	0	0	0	0	0	0	0	0
40463	30 Mar 26	14:35:00	1	0	34	0	Ct	0	1	0	0	0	2	0	1	1	0	0	2	0	0	0	5	0	1	1	0	0	1	4	0	0	0	0	0	0	0	0	0	0	0
40464	30 Mar 26	14:36:00	1	0	34	0	Ct	0	1	0	0	0	4	0	0	0	0	0	1	0	1	0	0	0	1	0	0	0	25	0	0	0	0	0	0	0	0	0	0	0	0
40465	30 Mar 26	14:37:00	1	0	34	0	Ct	0	1	0	0	0	1	0	3	0	0	0	2	0	2	0	0	0	0	0	0	0	1	1	0	0	0	0	2	0	0	0	0	0	0
40466	30 Mar 26	14:38:00	1	0	34	0	Ct	0	1	0	0	0	1	0	0	0	2	0	0	0	0	0	1	0	2	0	2	0	0	0	0	0	0	0	3	1	0	0	0	0	1
40467	30 Mar 26	14:39:00	1	0	34	0	Ct	0	1	0	0	0	0	0	2	0	0	0	0	0	0	0	1	0	2	0	6	0	0	2	0	0	0	0	2	1	0	0	0	0	0
40468	30 Mar 26	14:40:00	1	0	34	0	Ct	0	1	0	0	0	2	0	1	0	0	0	0	0	0	0	2	0	2	0	0	0	0	2	0	0	1	0	3	1	0	0	0	0	0
40469	30 Mar 26	14:41:00	1	0	34	0	Ct	0	1	0	0	0	1	0	1	0	0	0	0	0	2	0	0	1	0	0	0	0	0	1	0	0	1	0	4	1	0	0	0	0	0
40470	30 Mar 26	14:42:00	1	0	34	0	Ct	0	1	0	0	0	3	0	1	0	1	0	0	0	0	0	0	1	2	0	0	0	0	1	0	0	1	0	2	0	0	0	0	0	0
40471	30 Mar 26	14:43:00	1	0	34	0	Ct	0	1	0	0	0	2	0	1	3	1	0	0	1	0	0	0	0	2	0	0	0	0	0	0	0	1	0	1	0	0	0	0	0	0
40472	30 Mar 26	14:44:00	1	0	34	0	Ct	0	1	0	0	0	0	0	0	1	0	0	0	1	0	0	0	0	2	0	0	0	0	0	0	0	1	0	0	0	0	0	0	0	0
40473	30 Mar 26	14:45:00	1	0	34	0	Ct	0	1	0	0	0	10	0	1	1	0	0	0	2	1	0	0	2	1	0	0	0	0	2	0	1	0	0	1	0	0	0	0	0	1
40474	30 Mar 26	14:46:00	1	0	34	0	Ct	0	1	2	0	0	1	0	1	5	0	0	0	1	1	0	0	2	3	0	0	0	0	1	0	0	1	0	1	0	0	0	0	0	0
40475	30 Mar 26	14:47:00	1	0	34	0	Ct	0	1	0	0	0	1	0	0	1	0	0	1	1	0	0	1	1	3	0	0	0	0	0	0	0	1	1	0	2	0	0	0	0	0
40476	30 Mar 26	14:48:00	1	0	34	0	Ct	0	1	1	0	0	3	0	0	1	0	0	2	0	0	0	2	0	2	0	0	0	0	0	0	0	2	1	0	0	0	0	0	0	1
40477	30 Mar 26	14:49:00	1	0	34	0	Ct	0	1	0	0	0	1	0	0	2	0	0	1	0	1	0	2	0	0	0	0	0	1	0	0	0	2	1	1	0	0	0	0	0	0
40478	30 Mar 26	14:50:00	1	0	34	0	Ct	0	1	0	0	0	2	0	1	1	0	0	1	3	1	0	0	0	2	0	0	0	2	0	0	2	2	2	2	0	0	0	0	0	0
40479	30 Mar 26	14:51:00	1	0	34	0	Ct	0	1	0	0	0	1	0	1	4	0	0	2	1	4	0	0	0	4	0	0	6	0	0	0	1	0	1	0	1	0	0	0	1	0
40480	30 Mar 26	14:52:00	1	0	34	0	Ct	0	1	0	0	0	1	0	2	1	0	0	0	1	0	0	0	2	2	0	0	0	0	0	1	0	0	2	0	1	2	0	0	2	3
40481	30 Mar 26	14:53:00	1	0	34	0	Ct	0	1	0	0	0	0	0	2	1	1	0	0	1	0	0	0	2	2	0	0	0	0	0	0	0	0	1	2	1	1	0	0	0	1
40482	30 Mar 26	14:54:00	1	0	34	0	Ct	0	1	0	0	0	2	0	1	1	1	0	0	1	0	0	0	0	0	0	0	0	0	0	1	0	0	1	0	1	2	0	0	0	0
40483	30 Mar 26	14:55:00	1	0	34	0	Ct	0	1	0	0	0	2	0	2	1	0	0	0	1	0	0	0	0	3	0	0	0	0	0	2	0	0	1	0	0	1	0	0	0	0
40484	30 Mar 26	14:56:00	1	0	34	0	Ct	0	1	0	0	0	1	0	1	2	0	0	0	1	0	0	2	0	2	0	0	0	0	2	3	0	0	1	1	0	2	0	0	0	0
40485	30 Mar 26	14:57:00	1	0	34	0	Ct	0	1	0	0	0	3	0	2	0	0	0	0	0	0	0	1	0	0	0	0	0	0	0	0	0	0	0	2	1	1	0	0	0	0
40486	30 Mar 26	14:58:00	1	0	34	0	Ct	0	1	0	0	0	0	0	1	2	0	0	0	0	0	0	6	0	0	0	0	0	0	2	1	0	0	0	2	2	2	0	0	0	0
40487	30 Mar 26	14:59:00	1	0	34	0	Ct	0	1	0	0	0	1	0	2	2	0	0	0	0	0	0	0	0	0	0	0	0	0	2	0	0	0	0	1	3	0	0	0	1	1
40488	30 Mar 26	15:00:00	1	0	34	0	Ct	0	1	0	0	0	2	0	0	2	0	0	1	0	0	0	0	0	3	0	0	0	0	2	4	0	0	0	3	2	1	0	0	0	2
40489	30 Mar 26	15:01:00	1	0	34	0	Ct	0	1	0	0	0	2	0	0	1	1	0	0	2	0	0	4	0	1	0	0	0	5	0	0	0	0	0	2	0	1	0	0	1	0
40490	30 Mar 26	15:02:00	1	0	34	0	Ct	0	1	0	0	0	1	0	0	0	1	0	2	1	0	0	0	0	0	0	0	1	1	1	0	0	0	3	0	0	0	0	0	0	3
40491	30 Mar 26	15:03:00	1	0	34	0	Ct	0	1	0	0	0	2	0	1	0	0	0	0	1	0	0	0	0	0	0	0	3	0	2	0	0	0	0	1	0	0	0	0	0	2
40492	30 Mar 26	15:04:00	1	0	34	0	Ct	0	1	0	0	0	0	0	2	0	0	0	0	1	0	0	0	0	1	0	0	0	1	2	0	0	0	0	1	0	0	0	0	0	1
40493	30 Mar 26	15:05:00	1	0	34	0	Ct	0	1	0	0	0	0	0	2	0	0	0	0	0	0	0	0	1	2	0	0	0	0	0	0	0	0	0	1	0	0	0	0	6	2
40494	30 Mar 26	15:06:00	1	0	34	0	Ct	0	1	0	0	0	0	0	0	1	0	0	0	0	0	0	0	1	2	0	0	0	0	0	0	0	0	0	3	1	0	0	0	0	0
40495	30 Mar 26	15:07:00	1	0	34	0	Ct	0	1	0	0	0	2	0	0	0	0	0	0	1	0	0	0	1	2	0	0	0	0	0	0	0	0	0	0	1	0	0	0	0	0
40496	30 Mar 26	15:08:00	1	0	34	0	Ct	0	1	0	1	0	1	0	2	0	0	0	0	1	0	0	0	1	2	0	5	1	0	0	0	0	0	0	0	0	0	0	0	0	0
40497	30 Mar 26	15:09:00	1	0	34	0	Ct	0	1	0	2	0	1	0	4	0	0	0	0	0	0	0	0	2	2	0	0	1	0	0	0	0	0	0	0	0	0	0	0	0	0
40498	30 Mar 26	15:10:00	1	0	34	0	Ct	0	1	0	1	0	2	0	2	0	2	0	0	1	1	0	0	1	2	0	0	3	0	0	0	0	0	0	0	0	0	0	0	0	0
40499	30 Mar 26	15:11:00	1	0	34	0	Ct	0	1	0	2	0	0	0	1	0	0	0	0	0	1	0	0	1	0	0	0	1	0	0	0	2	0	0	2	0	0	0	0	0	0
40500	30 Mar 26	15:12:00	1	0	34	0	Ct	0	1	0	0	0	1	0	1	0	0	0	0	3	0	0	0	0	1	0	0	0	0	0	4	0	0	0	2	0	0	0	0	0	0
40501	30 Mar 26	15:13:00	1	0	34	0	Ct	0	1	0	1	0	1	0	2	0	0	0	0	1	0	0	1	0	1	0	0	7	0	2	2	0	0	1	1	2	0	0	0	0	0
40502	30 Mar 26	15:14:00	1	0	34	0	Ct	0	1	0	0	0	2	0	0	0	0	0	0	0	0	0	1	1	1	0	0	5	0	0	2	0	0	5	1	1	0	0	0	0	0
40503	30 Mar 26	15:15:00	1	0	34	0	Ct	0	1	0	1	0	1	0	2	0	1	0	0	2	0	0	0	1	3	0	0	3	0	0	1	0	1	1	3	1	0	0	0	0	0
40504	30 Mar 26	15:16:00	1	0	34	0	Ct	0	1	0	0	0	2	0	2	0	1	0	0	1	0	0	0	2	2	0	0	1	0	0	2	0	1	2	2	2	0	0	0	0	0
40505	30 Mar 26	15:17:00	1	0	34	0	Ct	0	1	0	0	0	4	0	1	0	1	0	0	2	0	0	0	5	1	0	0	7	0	0	2	0	0	0	0	3	0	0	0	0	0
40506	30 Mar 26	15:18:00	1	0	34	0	Ct	0	1	0	1	0	1	0	2	0	0	0	0	5	2	0	1	2	0	0	0	3	0	3	1	0	0	0	3	5	0	0	0	0	0
40507	30 Mar 26	15:19:00	1	0	34	0	Ct	0	1	0	0	0	1	0	0	0	0	0	0	0	0	0	0	2	4	0	0	0	0	3	1	0	0	1	2	2	0	0	0	7	0
40508	30 Mar 26	15:20:00	1	0	34	0	Ct	0	1	0	1	0	7	0	0	0	0	0	0	0	0	0	1	1	2	0	0	0	4	0	1	0	0	1	0	1	0	0	0	0	0
40509	30 Mar 26	15:21:00	1	0	34	0	Ct	0	1	0	0	0	1	0	0	0	0	0	0	0	2	0	0	1	2	0	0	0	0	0	0	0	0	1	0	2	0	0	0	0	0
40510	30 Mar 26	15:22:00	1	0	34	0	Ct	0	1	0	0	0	1	0	0	0	0	0	0	1	1	0	1	1	0	0	0	0	0	0	1	0	0	0	0	0	0	0	0	0	0
40511	30 Mar 26	15:23:00	1	0	34	0	Ct	0	1	0	0	0	4	0	1	0	0	0	0	1	0	0	2	1	1	0	0	0	0	1	2	0	0	0	0	0	0	0	0	0	0
40512	30 Mar 26	15:24:00	1	0	34	0	Ct	0	1	0	0	0	0	0	3	0	2	0	0	0	1	0	0	1	2	0	0	0	0	0	0	0	0	2	0	0	0	0	0	0	0
40513	30 Mar 26	15:25:00	1	0	34	0	Ct	0	1	0	0	0	0	0	0	0	1	0	0	0	1	0	0	0	1	0	0	0	0	1	0	0	0	0	2	0	0	0	0	0	0
40514	30 Mar 26	15:26:00	1	0	34	0	Ct	0	1	0	0	0	0	0	3	0	2	0	0	0	0	0	0	3	2	0	0	2	0	1	0	0	0	0	2	0	0	0	0	0	0
40515	30 Mar 26	15:27:00	1	0	34	0	Ct	0	1	0	0	0	0	0	0	0	0	0	0	0	1	0	0	0	0	0	0	1	0	1	0	0	0	0	1	2	2	0	0	0	0
40516	30 Mar 26	15:28:00	1	0	34	0	Ct	0	1	0	0	0	0	0	3	0	0	0	0	0	1	0	0	2	1	0	0	0	0	1	0	0	0	0	2	1	0	0	0	0	0
40517	30 Mar 26	15:29:00	1	0	34	0	Ct	0	1	0	1	0	0	0	3	0	0	1	0	1	2	0	0	1	2	0	0	0	0	1	0	0	0	0	1	1	0	0	0	0	0
40518	30 Mar 26	15:30:00	1	0	34	0	Ct	0	1	0	1	0	0	0	3	0	0	0	0	0	0	0	0	1	3	0	0	1	0	0	0	0	0	0	2	0	1	0	0	0	0
40519	30 Mar 26	15:31:00	1	0	34	0	Ct	0	1	0	0	0	0	0	1	0	0	0	0	2	0	0	0	0	1	0	0	0	0	0	0	0	0	0	3	0	1	0	0	0	0
40520	30 Mar 26	15:32:00	1	0	34	0	Ct	0	1	0	0	0	0	0	1	0	0	0	2	0	2	0	0	0	3	0	0	2	0	0	2	0	0	0	0	0	0	0	0	0	0
40521	30 Mar 26	15:33:00	1	0	34	0	Ct	0	1	0	0	0	0	0	0	0	2	0	0	0	1	0	2	0	1	0	0	1	0	0	0	0	0	0	0	0	0	0	0	0	0
40522	30 Mar 26	15:34:00	1	0	34	0	Ct	0	1	0	0	0	0	0	0	0	2	0	0	0	1	0	1	2	1	0	0	3	0	2	1	0	0	0	0	0	0	0	0	0	0
40523	30 Mar 26	15:35:00	1	0	34	0	Ct	0	1	1	0	0	1	0	4	0	0	0	0	0	0	0	2	2	1	0	0	2	1	0	4	0	2	0	2	0	0	0	0	0	0
40524	30 Mar 26	15:36:00	1	0	34	0	Ct	0	1	1	0	0	1	0	1	0	2	0	2	1	0	0	2	1	2	0	0	0	0	0	0	0	0	0	2	0	1	0	0	0	0
40525	30 Mar 26	15:37:00	1	0	34	0	Ct	0	1	0	0	0	0	0	3	0	0	0	3	1	1	1	0	0	1	0	0	0	2	0	0	0	0	0	2	1	1	0	0	0	0
40526	30 Mar 26	15:38:00	1	0	34	0	Ct	0	1	0	0	0	0	0	0	2	0	0	6	0	4	1	0	0	1	0	0	0	0	0	3	0	0	0	5	1	0	0	0	0	0
40527	30 Mar 26	15:39:00	1	0	34	0	Ct	0	1	0	0	0	0	0	0	3	0	0	10	3	0	0	0	0	2	0	0	0	0	0	0	0	0	0	1	2	3	0	0	0	0
40528	30 Mar 26	15:40:00	1	0	34	0	Ct	0	1	0	0	0	1	0	0	0	0	0	5	0	0	0	0	0	1	0	0	0	0	0	2	0	0	0	1	2	1	0	0	0	0
40529	30 Mar 26	15:41:00	1	0	34	0	Ct	0	1	0	0	0	0	0	1	1	2	1	18	1	3	0	0	0	2	0	0	2	0	0	3	0	0	0	2	0	1	0	0	0	0
40530	30 Mar 26	15:42:00	1	0	34	0	Ct	0	1	0	0	0	0	0	0	1	3	4	4	1	0	0	0	1	1	0	0	2	1	0	0	0	0	0	2	0	0	0	0	0	0
40531	30 Mar 26	15:43:00	1	0	34	0	Ct	0	1	0	0	0	0	0	1	0	0	0	3	0	0	0	0	1	2	0	0	1	3	0	0	0	0	1	1	4	0	0	0	0	0
40532	30 Mar 26	15:44:00	1	0	34	0	Ct	0	1	0	0	0	0	0	2	0	0	0	0	0	0	0	0	0	2	0	0	1	0	0	0	0	0	0	0	0	0	0	0	0	0
40533	30 Mar 26	15:45:00	1	0	34	0	Ct	0	1	0	0	0	0	0	2	0	0	0	0	0	2	0	0	0	3	0	0	0	0	0	0	0	0	0	0	0	0	0	0	0	0
40534	30 Mar 26	15:46:00	1	0	34	0	Ct	0	1	0	0	0	0	0	2	0	0	0	0	1	0	0	0	1	3	0	0	0	0	0	2	0	0	0	0	1	0	2	0	0	0
40535	30 Mar 26	15:47:00	1	0	34	0	Ct	0	1	0	1	0	0	0	2	0	1	0	0	2	0	0	0	1	1	0	0	0	2	1	2	0	0	0	0	2	0	2	0	0	0
40536	30 Mar 26	15:48:00	1	0	34	0	Ct	0	1	0	1	0	0	0	2	0	1	0	0	2	2	0	0	1	2	0	0	0	0	0	2	0	0	0	0	1	0	0	0	1	0
40537	30 Mar 26	15:49:00	1	0	34	0	Ct	0	1	0	1	0	0	0	0	0	0	0	0	0	1	0	0	0	1	0	0	0	0	0	1	0	0	1	0	0	0	3	0	2	0
40538	30 Mar 26	15:50:00	1	0	34	0	Ct	0	1	0	1	0	0	0	0	0	0	0	0	0	1	0	1	0	0	0	0	0	0	2	1	2	0	0	0	0	0	0	0	2	0
40539	30 Mar 26	15:51:00	1	0	34	0	Ct	0	1	0	2	0	0	0	0	0	0	0	0	0	1	0	1	0	0	0	0	0	0	0	1	3	0	0	0	0	0	0	0	0	0
40540	30 Mar 26	15:52:00	1	0	34	0	Ct	0	1	0	1	0	0	0	4	0	0	0	0	1	1	0	1	0	0	0	0	1	0	0	0	0	0	0	0	0	0	0	0	0	0
40541	30 Mar 26	15:53:00	1	0	34	0	Ct	0	1	0	2	0	0	0	3	0	0	0	0	0	0	0	0	0	1	0	0	3	0	1	0	0	0	2	0	0	0	0	0	0	0
40542	30 Mar 26	15:54:00	1	0	34	0	Ct	0	1	0	1	0	0	0	1	0	0	0	0	2	0	0	0	0	2	0	0	2	0	0	1	0	0	0	0	0	0	0	0	2	0
40543	30 Mar 26	15:55:00	1	0	34	0	Ct	0	1	0	2	0	0	0	4	0	3	0	0	1	3	0	0	0	0	0	1	0	0	0	1	0	0	0	0	0	0	0	0	0	0
40544	30 Mar 26	15:56:00	1	0	34	0	Ct	0	1	0	0	0	0	0	1	0	1	0	0	0	0	0	0	0	1	0	0	2	0	0	0	0	2	0	0	0	2	0	0	0	0
40545	30 Mar 26	15:57:00	1	0	34	0	Ct	0	1	0	0	0	0	0	1	0	0	0	1	0	0	0	0	0	2	0	1	0	0	0	0	0	2	0	1	2	0	0	0	2	0
40546	30 Mar 26	15:58:00	1	0	34	0	Ct	0	1	0	0	0	0	0	0	0	2	0	0	0	0	0	0	2	1	0	0	0	0	0	0	0	1	0	2	0	0	0	0	0	0
40547	30 Mar 26	15:59:00	1	0	34	0	Ct	0	1	0	0	0	0	0	0	0	1	0	0	2	2	0	0	2	3	0	0	3	0	0	3	0	1	0	2	0	0	0	0	0	0
40548	30 Mar 26	16:00:00	1	0	34	0	Ct	0	1	0	1	0	0	0	3	0	1	0	0	1	0	0	0	0	5	0	0	0	0	0	1	0	1	0	1	0	0	0	0	0	0
40549	30 Mar 26	16:01:00	1	0	34	0	Ct	0	1	0	1	0	1	0	0	0	0	0	0	1	2	0	0	0	0	0	0	2	0	0	0	0	2	1	4	1	0	0	0	0	0
40550	30 Mar 26	16:02:00	1	0	34	0	Ct	0	1	0	1	0	1	0	0	0	1	0	0	1	0	0	0	0	0	0	0	0	0	0	2	0	2	0	2	1	0	0	0	0	1
40551	30 Mar 26	16:03:00	1	0	34	0	Ct	0	1	0	1	0	0	0	2	0	1	0	0	3	0	0	0	0	1	0	0	0	0	0	0	0	0	0	0	1	0	0	0	0	6
40552	30 Mar 26	16:04:00	1	0	34	0	Ct	0	1	0	0	0	0	0	0	1	0	0	0	1	1	0	0	0	0	0	0	0	0	0	0	0	0	0	1	0	0	0	0	0	12
40553	30 Mar 26	16:05:00	1	0	34	0	Ct	0	1	0	0	0	0	0	0	1	0	0	0	2	1	0	0	0	0	0	0	0	0	0	0	2	1	0	1	2	3	0	0	0	0
40554	30 Mar 26	16:06:00	1	0	34	0	Ct	0	1	0	1	0	3	0	0	3	0	0	0	2	0	0	1	1	0	0	0	0	0	0	0	1	1	0	3	1	0	0	0	0	0
40555	30 Mar 26	16:07:00	1	0	34	0	Ct	0	1	0	1	0	1	0	3	0	2	0	0	0	0	0	1	1	0	3	0	0	0	0	0	2	2	0	2	0	0	0	0	1	0
40556	30 Mar 26	16:08:00	1	0	34	0	Ct	0	1	0	0	0	4	0	0	2	0	0	0	0	0	0	0	0	0	0	0	0	0	0	1	0	3	0	1	0	0	0	0	1	0
40557	30 Mar 26	16:09:00	1	0	34	0	Ct	0	1	0	1	0	2	0	0	3	0	0	0	1	0	0	0	2	1	0	0	0	0	1	2	0	1	0	0	1	2	0	0	0	0
40558	30 Mar 26	16:10:00	1	0	34	0	Ct	0	1	0	1	0	0	0	3	0	2	0	0	1	2	0	0	0	1	0	0	0	0	2	2	0	1	0	0	0	1	0	0	0	0
40559	30 Mar 26	16:11:00	1	0	34	0	Ct	0	1	0	0	0	1	0	2	1	0	0	0	3	0	0	0	0	0	0	0	1	0	2	1	0	3	0	0	1	1	0	0	2	4
40560	30 Mar 26	16:12:00	1	0	34	0	Ct	0	1	0	0	0	2	0	1	4	0	0	0	0	0	0	1	0	0	0	0	0	0	0	0	0	2	0	0	0	0	0	0	0	0
40561	30 Mar 26	16:13:00	1	0	34	0	Ct	0	1	1	0	0	1	0	0	1	0	0	0	0	0	0	0	0	2	0	0	1	0	0	2	0	1	0	0	0	0	0	0	0	0
40562	30 Mar 26	16:14:00	1	0	34	0	Ct	0	1	1	0	0	1	0	0	2	0	0	0	2	0	0	0	0	2	0	0	0	2	0	0	0	4	0	0	1	0	0	0	0	0
40563	30 Mar 26	16:15:00	1	0	34	0	Ct	0	1	2	0	0	0	0	0	3	0	0	0	2	0	0	0	0	2	0	0	0	0	0	0	0	1	0	0	0	0	0	0	0	1
40564	30 Mar 26	16:16:00	1	0	34	0	Ct	0	1	0	0	0	0	0	2	2	0	0	0	0	0	0	0	1	2	0	0	0	4	0	0	0	1	0	0	0	0	0	0	0	0
40565	30 Mar 26	16:17:00	1	0	34	0	Ct	0	1	0	0	0	3	0	2	0	0	0	0	1	0	0	0	1	0	0	0	0	0	0	1	0	1	0	0	0	0	0	0	0	0
40566	30 Mar 26	16:18:00	1	0	34	0	Ct	0	1	0	1	0	3	0	0	2	0	0	0	0	0	0	0	0	2	0	2	0	0	1	1	0	0	1	0	1	0	0	0	0	0
40567	30 Mar 26	16:19:00	1	0	34	0	Ct	0	1	0	0	0	2	0	0	2	0	0	0	0	0	0	0	0	1	0	0	0	0	1	0	0	0	0	0	2	2	0	0	0	0
40568	30 Mar 26	16:20:00	1	0	34	0	Ct	0	1	0	1	0	0	0	0	0	0	0	0	0	0	0	0	1	0	0	1	0	0	2	0	0	0	0	0	3	0	0	0	0	0
40569	30 Mar 26	16:21:00	1	0	34	0	Ct	0	1	0	0	0	2	0	0	4	0	0	0	1	0	0	0	1	0	3	0	0	0	0	0	0	0	2	1	1	3	0	0	0	0
40570	30 Mar 26	16:22:00	1	0	34	0	Ct	0	1	0	0	0	0	0	1	1	0	0	0	1	0	0	0	2	0	0	0	0	0	0	0	0	0	0	1	0	0	0	0	0	0
40571	30 Mar 26	16:23:00	1	0	34	0	Ct	0	1	0	0	0	1	0	4	0	0	0	0	0	0	0	0	2	0	0	0	0	0	2	0	0	0	1	2	0	0	0	0	0	0
40572	30 Mar 26	16:24:00	1	0	34	0	Ct	0	1	1	0	0	0	0	3	0	0	0	0	0	0	0	0	0	0	0	0	0	0	0	0	0	0	0	2	1	0	0	0	0	0
40573	30 Mar 26	16:25:00	1	0	34	0	Ct	0	1	1	0	0	2	0	0	0	0	0	0	0	0	0	1	0	0	0	0	0	0	0	0	1	0	0	0	3	0	0	0	0	0
40574	30 Mar 26	16:26:00	1	0	34	0	Ct	0	1	0	0	0	7	0	1	0	0	0	0	0	0	0	0	6	0	0	0	0	0	0	0	0	0	0	2	0	0	0	0	0	0
40575	30 Mar 26	16:27:00	1	0	34	0	Ct	0	1	0	0	0	2	0	1	0	0	0	0	0	0	0	0	1	0	0	0	0	0	0	0	0	0	0	2	0	0	0	0	0	0
40576	30 Mar 26	16:28:00	1	0	34	0	Ct	0	1	0	0	0	1	0	1	0	0	1	0	0	1	0	1	1	0	0	0	0	0	0	0	0	0	0	0	0	0	0	0	0	0
40577	30 Mar 26	16:29:00	1	0	34	0	Ct	0	1	0	0	0	1	0	1	2	0	1	0	0	1	0	0	1	0	0	0	0	0	0	0	0	0	0	0	0	0	0	0	0	0
40578	30 Mar 26	16:30:00	1	0	34	0	Ct	0	1	0	0	0	1	0	2	2	0	0	0	0	0	0	0	0	0	0	0	0	0	0	0	0	0	0	0	0	0	0	0	0	1
40579	30 Mar 26	16:31:00	1	0	34	0	Ct	0	1	0	0	0	0	0	0	0	0	1	0	0	0	0	0	0	0	0	0	0	0	0	0	3	0	0	0	0	0	0	0	0	0
40580	30 Mar 26	16:32:00	1	0	34	0	Ct	0	1	0	0	0	1	0	0	0	0	2	0	0	0	0	0	0	0	0	0	0	0	0	0	0	0	0	0	0	0	0	0	0	2
40581	30 Mar 26	16:33:00	1	0	34	0	Ct	0	1	0	0	0	2	0	0	0	0	0	0	0	0	0	3	0	0	0	0	0	0	0	0	0	0	0	1	0	0	0	0	0	0
40582	30 Mar 26	16:34:00	1	0	34	0	Ct	0	1	0	0	0	1	0	3	0	0	4	0	0	0	0	1	0	0	0	0	0	0	0	0	0	0	0	1	4	0	0	0	0	0
40583	30 Mar 26	16:35:00	1	0	34	0	Ct	0	1	0	0	0	2	0	2	0	0	2	0	0	0	0	0	0	0	0	0	0	0	0	0	0	0	0	2	1	2	0	0	0	0
40584	30 Mar 26	16:36:00	1	0	34	0	Ct	0	1	0	0	0	1	0	1	0	0	0	0	0	1	0	0	0	0	0	0	0	0	0	0	0	0	0	0	1	0	0	0	0	2
40585	30 Mar 26	16:37:00	1	0	34	0	Ct	0	1	0	0	0	4	0	2	0	0	2	0	0	1	0	0	0	0	0	0	0	0	1	0	0	0	0	0	0	1	0	0	0	0
40586	30 Mar 26	16:38:00	1	0	34	0	Ct	0	1	0	0	0	0	0	1	0	0	2	0	0	0	0	0	0	0	0	0	0	0	1	0	0	1	0	0	1	2	0	0	0	0
40587	30 Mar 26	16:39:00	1	0	34	0	Ct	0	1	0	0	0	0	0	0	0	0	5	1	0	0	0	0	0	0	0	0	0	0	0	0	0	1	0	0	2	1	0	0	0	2
40588	30 Mar 26	16:40:00	1	0	34	0	Ct	0	1	0	0	0	4	0	1	3	0	1	0	0	0	0	0	0	0	0	0	0	0	0	0	0	0	0	0	4	0	0	0	0	2
40589	30 Mar 26	16:41:00	1	0	34	0	Ct	0	1	0	1	0	0	0	0	1	1	0	0	0	0	0	0	0	0	0	0	0	0	3	0	0	0	0	0	0	0	0	0	0	1
40590	30 Mar 26	16:42:00	1	0	34	0	Ct	0	1	0	1	0	1	0	1	0	1	0	0	0	0	0	0	1	0	0	0	0	0	1	0	0	0	0	0	1	0	0	0	0	0
40591	30 Mar 26	16:43:00	1	0	34	0	Ct	0	1	0	1	0	1	0	1	0	0	0	0	0	0	0	0	3	0	0	0	0	0	2	0	0	0	0	0	1	1	0	0	0	0
40592	30 Mar 26	16:44:00	1	0	34	0	Ct	0	1	0	1	0	2	0	0	2	0	0	0	0	0	0	0	3	0	0	0	0	0	1	0	0	1	0	0	0	1	0	0	0	0
40593	30 Mar 26	16:45:00	1	0	34	0	Ct	0	1	0	0	0	2	0	0	2	0	2	0	0	1	0	0	1	0	0	0	0	0	0	0	0	2	0	0	0	0	0	0	0	0
40594	30 Mar 26	16:46:00	1	0	34	0	Ct	0	1	0	1	0	1	0	0	1	0	1	0	0	0	0	0	0	0	0	0	0	0	0	0	0	1	0	0	0	0	0	0	3	0
40595	30 Mar 26	16:47:00	1	0	34	0	Ct	0	1	0	3	0	0	0	2	2	1	1	0	0	0	0	0	0	0	0	0	0	0	0	0	0	1	0	0	0	2	0	0	3	0
40596	30 Mar 26	16:48:00	1	0	34	0	Ct	0	1	0	0	0	2	0	2	2	0	2	0	0	2	0	0	0	0	0	0	0	0	0	0	0	3	0	1	0	0	0	0	1	1
40597	30 Mar 26	16:49:00	1	0	34	0	Ct	0	1	0	0	0	0	0	1	2	1	0	0	3	1	0	0	2	0	0	0	0	0	2	0	0	0	0	3	2	0	0	0	0	0
40598	30 Mar 26	16:50:00	1	0	34	0	Ct	0	1	0	0	0	2	0	2	1	0	0	0	0	0	0	0	0	0	0	0	0	0	0	0	0	0	0	2	0	0	0	0	0	2
40599	30 Mar 26	16:51:00	1	0	34	0	Ct	0	1	0	0	0	0	0	2	1	0	0	0	0	0	0	0	0	0	0	0	0	0	0	0	0	1	0	0	2	1	0	0	1	0
40600	30 Mar 26	16:52:00	1	0	34	0	Ct	0	1	0	0	0	0	0	2	4	0	0	0	0	2	0	0	0	0	0	0	0	0	0	0	0	1	0	0	1	0	2	0	0	0
40601	30 Mar 26	16:53:00	1	0	34	0	Ct	0	1	0	0	0	0	0	0	0	0	0	0	1	0	0	0	1	0	0	0	0	0	0	0	0	2	0	0	3	2	0	0	1	0
40602	30 Mar 26	16:54:00	1	0	34	0	Ct	0	1	0	0	0	0	0	0	3	0	0	0	1	2	0	0	1	0	0	0	0	0	0	0	0	2	0	2	4	1	2	0	0	0
40603	30 Mar 26	16:55:00	1	0	34	0	Ct	0	1	0	1	0	1	0	0	1	0	0	0	0	0	0	0	0	0	0	1	0	0	0	1	0	0	0	0	0	1	4	0	0	0
40604	30 Mar 26	16:56:00	1	0	34	0	Ct	0	1	0	1	0	1	0	0	1	0	0	0	0	0	0	0	2	0	0	0	0	0	0	2	0	0	0	0	0	0	0	0	0	0
40605	30 Mar 26	16:57:00	1	0	34	0	Ct	0	1	0	0	0	0	0	0	1	0	0	0	0	0	0	0	1	0	0	1	0	0	0	0	0	0	0	1	3	0	0	0	0	0
40606	30 Mar 26	16:58:00	1	0	34	0	Ct	0	1	0	1	0	0	0	0	1	0	0	0	0	0	0	0	3	0	0	0	0	0	0	0	0	0	0	1	0	0	2	0	0	0
40607	30 Mar 26	16:59:00	1	0	34	0	Ct	0	1	0	1	0	0	0	0	1	0	0	0	0	0	0	3	0	0	0	0	0	0	0	0	0	0	0	2	0	0	0	0	0	0
40608	30 Mar 26	17:00:00	1	0	34	0	Ct	0	1	0	0	0	0	0	0	2	0	0	0	0	0	0	0	3	0	0	0	0	0	0	3	0	0	0	0	1	0	3	0	0	0
40609	30 Mar 26	17:01:00	1	0	34	0	Ct	0	1	0	0	0	2	0	0	2	0	0	0	0	2	0	0	3	0	0	0	0	1	0	0	0	0	0	0	0	0	1	0	0	0
40610	30 Mar 26	17:02:00	1	0	34	0	Ct	0	1	0	0	0	1	0	0	1	0	0	0	0	1	0	0	1	0	0	0	0	0	0	1	0	0	0	0	0	0	0	0	0	0
40611	30 Mar 26	17:03:00	1	0	34	0	Ct	0	1	0	0	0	1	0	0	5	0	0	0	0	0	0	0	0	0	0	0	0	3	0	1	0	0	0	0	0	0	0	0	0	0
40612	30 Mar 26	17:04:00	1	0	34	0	Ct	0	1	0	0	0	0	0	0	0	1	0	0	0	0	0	0	0	0	0	0	0	0	0	0	0	0	0	0	0	0	0	0	0	1
40613	30 Mar 26	17:05:00	1	0	34	0	Ct	0	1	0	0	0	1	0	0	0	0	0	0	0	0	0	0	1	0	0	0	0	0	0	0	0	0	0	0	1	0	0	0	0	0
40614	30 Mar 26	17:06:00	1	0	34	0	Ct	0	1	0	0	0	2	0	0	0	0	0	0	0	0	0	3	1	0	0	0	0	0	0	0	1	0	0	0	3	0	0	0	0	0
40615	30 Mar 26	17:07:00	1	0	34	0	Ct	0	1	0	1	0	1	0	0	0	0	0	0	0	0	0	0	0	0	0	0	1	0	0	0	0	0	0	0	1	0	0	0	0	0
40616	30 Mar 26	17:08:00	1	0	34	0	Ct	0	1	0	1	0	3	0	0	0	4	0	0	0	0	0	0	0	0	0	0	0	0	0	1	4	0	0	0	0	0	0	0	0	0
40617	30 Mar 26	17:09:00	1	0	34	0	Ct	0	1	0	1	0	1	0	0	1	1	0	0	0	0	0	0	0	0	0	0	1	0	0	1	0	0	0	1	0	0	0	0	0	0
40618	30 Mar 26	17:10:00	1	0	34	0	Ct	0	1	0	1	0	0	0	3	0	0	0	0	0	0	0	0	0	0	0	0	0	0	0	0	0	0	0	1	0	0	0	0	0	0
40619	30 Mar 26	17:11:00	1	0	34	0	Ct	0	1	0	0	0	0	0	0	0	0	1	0	0	0	0	0	0	0	0	0	0	0	0	0	1	0	0	0	0	0	0	0	0	0
40620	30 Mar 26	17:12:00	1	0	34	0	Ct	0	1	0	2	0	0	0	2	0	1	0	0	0	0	0	0	1	0	0	0	0	0	0	0	0	1	0	0	0	0	0	0	0	0
40621	30 Mar 26	17:13:00	1	0	34	0	Ct	0	1	0	2	0	0	0	0	0	3	0	0	0	0	0	0	1	0	0	0	0	0	0	0	2	2	0	0	0	0	0	0	0	0
40622	30 Mar 26	17:14:00	1	0	34	0	Ct	0	1	0	2	0	0	0	0	0	0	0	0	0	0	0	0	1	0	0	0	0	0	0	0	0	1	0	0	0	2	0	0	0	0
40623	30 Mar 26	17:15:00	1	0	34	0	Ct	0	1	0	0	0	0	0	0	0	0	0	0	0	0	0	0	2	0	0	0	0	0	1	0	0	0	0	0	0	0	0	0	0	0
40624	30 Mar 26	17:16:00	1	0	34	0	Ct	0	1	0	2	0	0	0	0	0	0	0	0	0	3	0	0	1	0	0	0	0	0	5	0	0	0	0	1	0	0	0	0	0	0
40625	30 Mar 26	17:17:00	1	0	34	0	Ct	0	1	0	0	0	0	0	0	0	0	0	0	0	0	0	0	1	0	0	0	0	0	1	0	0	0	0	1	0	0	0	0	0	0
40626	30 Mar 26	17:18:00	1	0	34	0	Ct	0	1	0	0	0	0	0	0	0	1	0	0	0	0	0	0	1	0	0	0	0	0	1	0	0	0	0	0	0	0	0	0	0	1
40627	30 Mar 26	17:19:00	1	0	34	0	Ct	0	1	0	1	0	0	0	0	0	0	0	0	0	1	0	0	1	0	0	1	0	0	1	0	0	2	0	0	0	0	0	0	0	0
40628	30 Mar 26	17:20:00	1	0	34	0	Ct	0	1	0	2	0	0	0	0	0	1	0	0	0	2	1	1	0	0	0	1	0	0	0	0	0	0	0	0	0	0	0	0	0	0
40629	30 Mar 26	17:21:00	1	0	34	0	Ct	0	1	0	1	0	0	0	0	0	0	0	0	0	1	2	1	0	0	0	0	0	0	0	0	0	2	0	0	0	0	0	0	0	0
40630	30 Mar 26	17:22:00	1	0	34	0	Ct	0	1	0	0	0	0	0	0	0	0	0	0	0	0	0	12	0	0	0	0	0	1	0	0	0	2	0	1	0	0	0	0	0	0
40631	30 Mar 26	17:23:00	1	0	34	0	Ct	0	1	0	1	0	0	0	0	0	0	0	0	2	0	0	0	0	0	0	0	0	0	0	0	0	1	0	2	0	0	0	0	0	0
40632	30 Mar 26	17:24:00	1	0	34	0	Ct	0	1	1	1	0	0	0	0	0	1	0	1	0	2	0	0	0	0	0	0	0	1	0	0	0	1	0	1	1	0	0	0	0	0
40633	30 Mar 26	17:25:00	1	0	34	0	Ct	0	1	1	1	0	0	0	0	0	1	0	0	0	0	0	1	0	0	0	0	0	0	2	0	0	0	0	2	1	0	0	0	0	0
40634	30 Mar 26	17:26:00	1	0	34	0	Ct	0	1	0	2	0	0	0	0	0	0	0	0	0	0	0	1	0	0	1	0	0	1	0	0	0	0	0	1	0	0	0	0	0	0
40635	30 Mar 26	17:27:00	1	0	34	0	Ct	0	1	3	0	0	0	0	0	0	0	2	2	0	0	0	1	0	0	0	0	0	7	0	0	0	0	0	2	0	0	0	0	0	0
40636	30 Mar 26	17:28:00	1	0	34	0	Ct	0	1	0	0	0	0	0	0	0	0	0	0	0	0	0	1	0	0	0	0	0	0	0	0	0	0	0	1	1	0	0	0	0	0
40637	30 Mar 26	17:29:00	1	0	34	0	Ct	0	1	0	0	0	0	0	0	0	0	4	0	0	0	0	0	0	0	0	0	0	0	0	0	0	0	0	2	3	0	0	0	0	0
40638	30 Mar 26	17:30:00	1	0	34	0	Ct	0	1	0	0	0	0	0	0	0	0	4	0	0	1	1	1	0	0	0	0	0	0	0	0	0	0	0	2	1	0	0	0	0	0
40639	30 Mar 26	17:31:00	1	0	34	0	Ct	0	1	1	0	0	0	0	0	0	0	1	0	0	1	1	1	0	0	0	0	0	0	1	0	0	0	0	2	1	0	0	0	0	0
40640	30 Mar 26	17:32:00	1	0	34	0	Ct	0	1	3	0	0	0	0	0	0	0	1	0	0	0	1	1	0	0	0	0	0	0	1	0	0	0	0	0	3	0	0	0	0	2
40641	30 Mar 26	17:33:00	1	0	34	0	Ct	0	1	0	0	0	0	0	0	0	0	0	0	0	2	0	2	0	0	0	0	0	0	0	0	0	0	0	3	2	0	0	0	0	0
40642	30 Mar 26	17:34:00	1	0	34	0	Ct	0	1	0	1	0	0	0	0	0	0	0	0	0	1	0	0	2	0	0	0	0	1	0	0	0	0	0	0	3	2	0	0	0	0
40643	30 Mar 26	17:35:00	1	0	34	0	Ct	0	1	1	1	0	0	0	0	0	0	0	0	0	0	0	0	1	0	0	0	0	0	0	2	0	0	0	2	2	0	0	0	0	0
40644	30 Mar 26	17:36:00	1	0	34	0	Ct	0	1	1	0	0	0	0	2	0	0	0	0	0	0	0	2	0	0	0	0	0	1	0	0	0	1	0	0	0	0	0	0	0	0
40645	30 Mar 26	17:37:00	1	0	34	0	Ct	0	1	0	2	0	0	0	0	0	0	1	0	1	0	0	0	1	0	0	0	0	0	0	0	0	1	0	0	1	0	0	0	0	0
40646	30 Mar 26	17:38:00	1	0	34	0	Ct	0	1	0	0	0	0	0	0	0	1	0	0	0	0	0	0	1	0	0	0	0	0	0	0	0	0	0	0	2	0	0	0	0	0
40647	30 Mar 26	17:39:00	1	0	34	0	Ct	0	1	0	1	0	0	0	0	0	0	0	0	0	0	0	0	0	0	0	0	0	0	0	0	0	0	0	0	0	0	0	0	0	0
40648	30 Mar 26	17:40:00	1	0	34	0	Ct	0	1	0	1	0	0	0	0	0	1	0	0	0	0	0	0	1	0	0	0	0	0	0	0	0	0	0	3	3	0	0	0	0	0
40649	30 Mar 26	17:41:00	1	0	34	0	Ct	0	1	0	0	0	0	0	0	0	0	0	0	3	0	0	0	1	0	0	0	0	0	0	0	0	0	0	1	3	0	0	0	0	1
40650	30 Mar 26	17:42:00	1	0	34	0	Ct	0	1	0	0	0	1	0	0	0	0	0	0	0	0	0	0	0	0	0	0	0	0	0	0	0	0	0	2	0	0	0	0	0	2
40651	30 Mar 26	17:43:00	1	0	34	0	Ct	0	1	0	0	0	1	0	2	0	0	0	0	0	0	0	1	0	0	0	0	0	0	0	0	2	0	0	2	0	0	0	0	0	1
40652	30 Mar 26	17:44:00	1	0	34	0	Ct	0	1	0	1	0	0	0	0	0	0	0	0	0	0	0	1	4	0	0	0	0	0	0	0	1	0	0	1	0	0	0	0	0	0
40653	30 Mar 26	17:45:00	1	0	34	0	Ct	0	1	0	1	0	2	0	0	0	0	0	0	0	0	0	0	0	0	0	0	0	0	0	0	0	0	0	3	1	1	0	0	1	0
40654	30 Mar 26	17:46:00	1	0	34	0	Ct	0	1	0	0	0	0	0	0	1	1	0	0	0	0	0	2	0	0	0	0	0	0	0	1	0	0	0	2	1	1	0	0	1	0
40655	30 Mar 26	17:47:00	1	0	34	0	Ct	0	1	0	2	0	0	0	0	1	0	0	0	0	0	0	2	0	0	0	0	0	0	0	0	1	0	0	1	0	0	0	0	1	0
40656	30 Mar 26	17:48:00	1	0	34	0	Ct	0	1	0	1	0	1	0	0	2	1	0	0	0	1	0	1	0	0	0	0	0	0	0	0	2	0	0	1	0	0	0	0	1	0
40657	30 Mar 26	17:49:00	1	0	34	0	Ct	0	1	0	2	0	0	0	0	0	0	0	0	0	1	0	2	0	0	0	0	0	0	0	0	0	0	0	2	0	0	0	0	0	0
40658	30 Mar 26	17:50:00	1	0	34	0	Ct	0	1	0	2	0	5	0	0	3	0	0	0	0	0	0	1	0	0	0	0	0	0	0	0	0	0	0	0	2	0	0	0	1	0
40659	30 Mar 26	17:51:00	1	0	34	0	Ct	0	1	0	0	0	1	0	0	0	0	0	0	2	0	0	2	0	0	0	0	0	0	0	0	1	2	0	0	2	0	0	0	1	0
40660	30 Mar 26	17:52:00	1	0	34	0	Ct	0	1	0	1	0	0	0	0	2	0	0	0	3	0	0	0	0	0	0	0	0	0	0	0	1	2	0	2	0	0	0	0	2	0
40661	30 Mar 26	17:53:00	1	0	34	0	Ct	0	1	0	1	0	0	0	0	7	0	0	0	0	0	0	0	0	0	0	0	0	0	0	0	0	2	0	0	0	0	0	0	0	0
40662	30 Mar 26	17:54:00	1	0	34	0	Ct	0	1	0	0	0	0	0	0	2	0	0	0	1	0	0	1	0	0	0	0	0	0	0	0	1	0	0	3	0	0	0	0	0	0
40663	30 Mar 26	17:55:00	1	0	34	0	Ct	0	1	0	0	0	0	0	0	2	0	2	0	0	0	0	2	0	0	0	0	0	0	0	0	0	2	0	1	0	0	0	0	3	0
40664	30 Mar 26	17:56:00	1	0	34	0	Ct	0	1	0	0	0	0	0	0	1	0	1	0	0	0	0	2	0	0	0	0	1	0	0	0	1	1	0	2	0	0	0	0	2	0
40665	30 Mar 26	17:57:00	1	0	34	0	Ct	0	1	0	0	0	0	0	1	1	0	1	0	0	0	0	1	0	0	0	0	0	0	0	1	2	2	0	0	0	0	0	0	2	0
40666	30 Mar 26	17:58:00	1	0	34	0	Ct	0	1	0	0	0	0	0	2	0	0	0	0	1	0	0	4	0	0	0	0	0	0	0	3	0	3	0	0	0	0	0	0	2	0
40667	30 Mar 26	17:59:00	1	0	34	0	Ct	0	1	0	0	0	0	0	0	0	0	0	0	1	0	0	1	0	0	0	0	0	3	0	1	0	3	0	0	0	0	0	0	4	0
40668	30 Mar 26	18:00:00	1	0	34	0	Ct	0	1	0	0	0	0	0	0	0	0	0	0	0	0	0	0	0	0	0	0	0	3	0	1	0	1	0	0	0	0	0	0	0	0
40669	30 Mar 26	18:01:00	1	0	34	0	Ct	0	1	0	0	0	0	0	0	0	0	0	0	1	2	0	1	0	0	0	0	0	5	0	1	0	0	0	2	0	0	0	0	1	0
40670	30 Mar 26	18:02:00	1	0	34	0	Ct	0	1	0	2	0	0	0	2	1	0	0	0	0	0	0	10	0	0	0	0	0	0	0	1	0	1	0	0	0	0	0	0	4	0
40671	30 Mar 26	18:03:00	1	0	34	0	Ct	0	1	0	0	0	0	0	2	0	0	0	0	2	3	0	1	0	0	0	0	0	0	0	2	0	1	0	2	0	0	0	0	3	1
40672	30 Mar 26	18:04:00	1	0	34	0	Ct	0	1	0	0	0	0	0	2	0	1	0	0	1	1	0	0	0	0	0	0	0	4	0	2	0	2	0	3	0	0	0	0	6	0
40673	30 Mar 26	18:05:00	1	0	34	0	Ct	0	1	1	1	0	0	0	3	0	1	0	0	1	0	0	0	0	0	0	0	0	5	0	0	1	0	0	1	0	1	0	0	2	1
40674	30 Mar 26	18:06:00	1	0	34	0	Ct	0	1	1	0	0	0	0	3	2	2	0	0	1	0	0	0	1	0	0	0	0	4	0	0	2	1	0	1	0	1	0	0	2	0
40675	30 Mar 26	18:07:00	1	0	34	0	Ct	0	1	0	1	0	0	0	0	0	0	0	0	0	0	0	0	1	0	0	0	0	2	0	0	0	0	0	1	0	0	0	0	0	0
40676	30 Mar 26	18:08:00	1	0	34	0	Ct	0	1	0	0	0	0	0	1	2	0	0	0	1	0	0	1	0	0	1	0	0	0	0	0	0	1	0	1	0	0	0	0	2	2
40677	30 Mar 26	18:09:00	1	0	34	0	Ct	0	1	0	1	0	0	0	2	0	0	0	0	0	0	0	2	1	0	0	0	0	0	0	2	0	0	0	1	0	0	0	0	2	0
40678	30 Mar 26	18:10:00	1	0	34	0	Ct	0	1	0	1	0	1	0	4	0	1	0	0	1	1	0	1	4	0	0	0	0	1	1	4	1	0	0	4	1	1	0	0	4	3
40679	30 Mar 26	18:11:00	1	0	34	0	Ct	0	0	0	0	0	1	0	3	0	2	0	0	2	0	3	1	2	0	2	0	2	0	3	5	4	0	0	6	0	2	0	0	3	2
40680	30 Mar 26	18:12:00	1	0	34	0	Ct	0	0	0	3	0	0	0	1	5	0	0	0	0	4	0	6	1	0	0	0	1	1	0	3	2	0	0	2	1	3	0	0	0	2
40681	30 Mar 26	18:13:00	1	0	34	0	Ct	0	0	2	0	0	0	0	1	0	0	0	2	0	2	0	4	1	0	0	0	13	10	0	3	2	0	0	7	0	1	0	0	0	4
40682	30 Mar 26	18:14:00	1	0	34	0	Ct	0	0	2	2	0	1	0	0	1	1	0	2	6	3	0	0	2	0	7	0	2	0	0	2	2	0	0	6	0	2	3	0	4	2
40683	30 Mar 26	18:15:00	1	0	34	0	Ct	0	0	3	0	0	1	0	0	1	2	0	4	3	3	3	0	1	1	0	0	6	0	0	0	0	0	0	2	0	0	0	0	2	13
40684	30 Mar 26	18:16:00	1	0	34	0	Ct	0	0	2	0	0	3	0	0	2	0	0	1	5	2	1	0	2	0	2	0	0	0	2	3	3	1	0	0	0	2	5	0	0	3
40685	30 Mar 26	18:17:00	1	0	34	0	Ct	0	0	3	1	0	0	0	0	6	0	4	6	1	2	0	0	1	0	0	1	1	0	5	2	3	4	0	0	0	1	1	0	0	7
40686	30 Mar 26	18:18:00	1	0	34	0	Ct	0	0	4	0	0	1	0	0	1	3	3	3	0	2	0	0	3	0	2	2	3	0	2	2	4	1	0	0	0	4	3	0	7	4
40687	30 Mar 26	18:19:00	1	0	34	0	Ct	0	0	3	2	0	1	0	0	2	1	4	0	0	2	0	0	1	2	0	1	7	1	0	2	4	1	0	0	0	1	5	0	5	4
40688	30 Mar 26	18:20:00	1	0	34	0	Ct	0	0	2	1	0	5	0	0	2	3	1	7	0	1	0	0	0	4	2	0	2	0	2	1	2	1	0	0	0	1	4	0	2	3
40689	30 Mar 26	18:21:00	1	0	34	0	Ct	0	0	4	0	0	0	0	0	2	3	0	5	2	3	0	12	3	5	0	0	0	0	6	1	4	0	0	1	0	4	5	0	7	2
40690	30 Mar 26	18:22:00	1	0	34	0	Ct	0	0	3	0	0	0	0	1	3	1	0	1	5	2	0	4	2	0	0	0	6	0	1	5	3	2	0	0	1	2	1	0	8	1
40691	30 Mar 26	18:23:00	1	0	34	0	Ct	0	0	1	2	0	0	0	0	3	1	0	1	4	2	0	0	2	0	1	1	4	0	3	2	4	2	0	4	1	4	2	0	4	2
40692	30 Mar 26	18:24:00	1	0	34	0	Ct	0	0	1	0	0	0	0	2	4	4	0	3	2	0	0	0	1	0	1	7	4	0	2	5	3	2	0	4	0	1	1	0	4	0
40693	30 Mar 26	18:25:00	1	0	34	0	Ct	0	0	4	0	0	0	0	1	3	5	1	2	4	0	0	0	1	0	2	0	3	5	2	3	5	1	0	6	0	0	4	0	6	2
40694	30 Mar 26	18:26:00	1	0	34	0	Ct	0	0	2	0	0	0	0	2	4	0	5	3	0	1	0	0	6	3	3	0	4	1	0	5	3	1	0	1	0	1	2	0	3	2
40695	30 Mar 26	18:27:00	1	0	34	0	Ct	0	0	2	1	4	0	0	0	4	4	6	1	0	1	0	0	3	1	1	3	2	0	1	3	3	2	0	4	0	0	6	0	4	1
40696	30 Mar 26	18:28:00	1	0	34	0	Ct	0	0	2	1	3	4	0	3	6	2	2	5	3	3	0	1	1	4	0	3	7	0	3	1	5	2	0	3	3	2	1	0	3	4
40697	30 Mar 26	18:29:00	1	0	34	0	Ct	0	0	3	0	5	2	0	2	3	1	2	5	2	4	2	5	1	1	3	0	2	2	1	4	2	2	0	0	1	4	5	0	4	2
40698	30 Mar 26	18:30:00	1	0	34	0	Ct	0	0	4	1	2	2	0	1	5	2	3	2	1	3	0	4	2	2	4	0	3	4	0	3	3	1	0	2	3	3	2	0	8	2
40699	30 Mar 26	18:31:00	1	0	34	0	Ct	0	0	3	0	3	1	0	0	4	5	3	3	2	2	0	0	3	3	2	0	1	2	3	4	4	1	2	5	3	2	2	0	3	4
40700	30 Mar 26	18:32:00	1	0	34	0	Ct	0	0	2	0	3	0	0	1	1	3	1	4	2	2	0	0	1	4	0	0	1	0	2	3	2	1	1	5	3	3	3	0	4	2
40701	30 Mar 26	18:33:00	1	0	34	0	Ct	0	0	3	2	6	1	0	0	4	3	5	2	1	1	0	0	1	5	0	0	1	4	0	7	3	2	2	8	2	0	2	0	7	6
40702	30 Mar 26	18:34:00	1	0	34	0	Ct	0	0	2	1	2	0	0	0	4	3	0	4	5	0	0	0	4	1	3	2	3	0	6	3	3	1	0	4	2	2	2	0	5	3
40703	30 Mar 26	18:35:00	1	0	34	0	Ct	0	0	2	1	0	1	0	0	5	2	0	2	0	5	0	2	2	3	0	8	2	0	3	3	5	1	0	3	3	4	2	0	3	2
40704	30 Mar 26	18:36:00	1	0	34	0	Ct	0	0	2	0	0	1	0	0	3	1	1	8	2	4	0	0	1	0	3	3	0	0	1	2	3	0	0	5	4	1	4	0	6	1
40705	30 Mar 26	18:37:00	1	0	34	0	Ct	0	0	1	1	0	0	0	1	1	3	2	2	4	4	0	0	1	3	1	5	5	1	0	2	5	1	2	1	3	0	2	0	4	0
40706	30 Mar 26	18:38:00	1	0	34	0	Ct	0	0	2	1	0	0	0	0	1	2	2	0	1	3	0	0	2	0	2	0	1	1	0	2	2	1	1	2	2	4	3	0	5	4
40707	30 Mar 26	18:39:00	1	0	34	0	Ct	0	0	2	1	2	0	0	0	8	4	0	3	3	3	0	0	1	0	1	0	2	0	2	3	4	2	0	3	3	1	5	0	3	2
40708	30 Mar 26	18:40:00	1	0	34	0	Ct	0	0	2	4	1	0	0	0	3	2	0	0	2	2	3	0	0	0	1	0	1	0	0	3	1	0	1	4	4	3	2	0	4	2
40709	30 Mar 26	18:41:00	1	0	34	0	Ct	0	0	1	2	1	0	0	0	5	3	1	2	3	2	0	0	1	0	2	0	3	0	1	1	2	1	0	3	0	3	0	0	4	1
40710	30 Mar 26	18:42:00	1	0	34	0	Ct	0	0	2	1	2	0	0	1	3	1	0	4	3	6	0	0	0	0	1	0	1	0	1	2	2	1	0	4	2	2	2	0	2	2
40711	30 Mar 26	18:43:00	1	0	34	0	Ct	0	0	1	2	0	0	0	0	5	0	13	2	1	2	0	0	3	0	0	0	3	0	1	2	2	2	0	3	4	1	2	0	7	0
40712	30 Mar 26	18:44:00	1	0	34	0	Ct	0	0	2	2	2	0	0	0	2	0	0	3	0	1	0	0	2	2	0	1	2	0	3	2	4	2	0	3	0	2	4	0	5	2
40713	30 Mar 26	18:45:00	1	0	34	0	Ct	0	0	2	3	6	0	0	2	5	1	0	2	2	1	0	0	3	2	2	3	5	4	1	3	2	0	1	3	2	1	1	0	3	0
40714	30 Mar 26	18:46:00	1	0	34	0	Ct	0	0	2	2	8	0	0	5	3	1	0	3	2	0	0	0	1	3	2	0	5	0	3	3	2	2	1	4	1	0	3	0	6	3
40715	30 Mar 26	18:47:00	1	0	34	0	Ct	0	0	1	3	5	0	0	0	5	0	0	4	2	0	0	0	0	2	0	0	0	3	1	2	2	1	2	0	5	1	4	0	4	1
40716	30 Mar 26	18:48:00	1	0	34	0	Ct	0	0	3	1	2	0	0	0	4	1	0	0	0	4	0	0	2	3	0	1	1	0	1	3	6	2	1	5	5	2	3	0	4	1
40717	30 Mar 26	18:49:00	1	0	34	0	Ct	0	0	2	0	1	0	0	2	3	0	2	3	0	2	0	0	4	1	0	1	2	0	1	1	3	0	4	2	3	3	1	0	4	4
40718	30 Mar 26	18:50:00	1	0	34	0	Ct	0	0	2	1	3	0	0	2	3	0	2	1	1	1	0	0	2	4	0	0	3	8	0	3	5	1	4	1	0	1	1	0	6	4
40719	30 Mar 26	18:51:00	1	0	34	0	Ct	0	0	2	1	4	0	0	4	2	1	3	3	2	1	0	0	1	4	3	0	3	11	5	2	4	1	2	0	4	3	4	0	6	2
40720	30 Mar 26	18:52:00	1	0	34	0	Ct	0	0	1	2	3	0	0	2	3	3	2	6	1	18	0	0	1	3	0	0	1	0	0	2	2	2	4	0	1	1	0	0	4	1
40721	30 Mar 26	18:53:00	1	0	34	0	Ct	0	0	1	1	1	0	0	1	3	0	2	1	3	0	0	0	0	4	0	0	0	0	1	3	4	0	3	6	0	3	0	0	4	2
40722	30 Mar 26	18:54:00	1	0	34	0	Ct	0	0	1	0	4	0	0	3	5	0	3	1	1	0	0	0	3	2	0	3	1	0	13	2	3	0	1	2	0	2	2	0	3	3
40723	30 Mar 26	18:55:00	1	0	34	0	Ct	0	0	1	3	4	0	0	3	2	4	2	2	0	4	0	0	0	3	1	1	1	0	1	1	3	0	2	4	3	0	2	0	7	3
40724	30 Mar 26	18:56:00	1	0	34	0	Ct	0	0	2	2	2	0	0	2	3	2	3	1	1	0	0	0	2	6	1	1	2	0	0	3	3	0	1	3	2	2	1	0	4	1
40725	30 Mar 26	18:57:00	1	0	34	0	Ct	0	0	1	2	1	0	0	2	3	5	1	2	1	0	0	2	3	4	1	1	3	0	0	1	3	3	4	5	2	1	3	0	3	0
40726	30 Mar 26	18:58:00	1	0	34	0	Ct	0	0	3	0	1	0	0	3	3	3	1	1	0	2	2	3	1	4	1	3	8	0	2	3	3	1	4	4	1	1	2	0	5	2
40727	30 Mar 26	18:59:00	1	0	34	0	Ct	0	0	4	1	3	0	0	4	4	3	3	2	0	25	2	0	2	4	1	2	3	0	2	2	4	1	3	5	1	3	4	0	3	2
40728	30 Mar 26	19:00:00	1	0	34	0	Ct	0	0	1	1	1	0	0	0	3	1	0	4	0	0	2	0	4	1	2	2	3	0	2	3	4	0	4	4	0	2	2	0	3	0
40729	30 Mar 26	19:01:00	1	0	34	0	Ct	0	0	3	1	5	0	0	0	4	2	1	2	4	2	8	0	1	4	1	0	1	0	2	2	5	1	2	2	2	2	1	0	3	0
40730	30 Mar 26	19:02:00	1	0	34	0	Ct	0	0	2	2	4	0	0	3	3	3	2	4	0	19	3	0	1	2	1	2	0	0	1	2	7	2	2	2	2	1	1	0	4	0
40731	30 Mar 26	19:03:00	1	0	34	0	Ct	0	0	1	0	2	0	0	2	2	1	3	6	5	0	8	0	1	2	1	0	2	0	2	2	6	2	3	0	2	1	4	0	2	2
40732	30 Mar 26	19:04:00	1	0	34	0	Ct	0	0	2	2	2	0	0	2	2	3	0	0	0	0	3	0	1	4	2	5	2	0	4	3	3	2	0	1	3	1	3	0	5	2
40733	30 Mar 26	19:05:00	1	0	34	0	Ct	0	0	2	3	3	0	0	2	4	2	1	6	4	0	4	0	1	2	2	0	0	0	1	2	2	1	3	0	2	1	6	0	4	2
40734	30 Mar 26	19:06:00	1	0	34	0	Ct	0	0	2	0	6	0	0	3	1	2	5	2	3	21	5	0	1	2	2	1	0	0	3	1	1	0	1	2	2	2	4	0	5	3
40735	30 Mar 26	19:07:00	1	0	34	0	Ct	0	0	2	0	3	0	0	1	2	2	0	3	2	45	2	0	2	3	1	2	0	0	0	2	2	0	1	3	2	3	0	0	3	3
40736	30 Mar 26	19:08:00	1	0	34	0	Ct	0	0	3	3	3	0	0	0	4	0	2	2	0	44	2	0	2	4	1	0	1	4	1	2	3	0	2	5	3	0	2	0	4	2
40737	30 Mar 26	19:09:00	1	0	34	0	Ct	0	0	1	1	3	0	0	0	3	1	1	2	0	34	4	0	1	2	1	0	3	0	2	4	2	3	2	3	0	1	1	0	3	4
40738	30 Mar 26	19:10:00	1	0	34	0	Ct	0	0	2	3	3	0	0	1	1	0	0	1	0	0	5	0	2	5	5	0	2	0	1	3	3	3	4	3	0	10	1	0	5	2
40739	30 Mar 26	19:11:00	1	0	34	0	Ct	0	0	0	2	3	0	0	1	4	0	1	2	1	3	5	0	2	1	6	0	3	0	0	1	3	1	0	3	2	1	3	0	3	3
40740	30 Mar 26	19:12:00	1	0	34	0	Ct	0	0	1	1	4	2	0	2	2	19	2	1	10	0	4	0	4	4	1	1	2	0	0	2	4	2	6	4	0	1	2	0	2	3
40741	30 Mar 26	19:13:00	1	0	34	0	Ct	0	0	3	1	2	1	0	2	1	11	0	2	0	0	5	0	1	2	0	0	0	0	0	2	2	1	2	2	1	5	3	0	4	1
40742	30 Mar 26	19:14:00	1	0	34	0	Ct	0	0	1	2	2	0	0	2	1	0	0	3	0	3	3	0	3	3	0	0	2	4	2	2	2	1	3	0	2	4	4	0	5	1
40743	30 Mar 26	19:15:00	1	0	34	0	Ct	0	0	4	1	4	0	0	2	6	1	0	2	0	0	2	0	1	2	2	0	4	0	0	3	3	2	4	4	4	2	1	0	2	3
40744	30 Mar 26	19:16:00	1	0	34	0	Ct	0	0	2	3	2	0	0	0	1	2	2	3	0	1	5	0	1	4	1	0	0	1	2	3	2	1	2	2	2	3	4	0	4	2
40745	30 Mar 26	19:17:00	1	0	34	0	Ct	0	0	3	2	1	0	0	4	3	5	1	2	4	2	0	0	2	2	2	0	0	1	2	1	3	0	6	2	4	1	4	0	3	1
40746	30 Mar 26	19:18:00	1	0	34	0	Ct	0	0	2	0	2	0	0	1	2	2	2	7	2	4	0	0	0	3	0	1	3	0	1	2	2	0	4	2	2	1	0	0	5	3
40747	30 Mar 26	19:19:00	1	0	34	0	Ct	0	0	4	1	2	0	0	2	2	2	1	3	0	3	1	0	2	4	0	1	1	0	3	3	1	1	1	1	2	1	3	0	5	1
40748	30 Mar 26	19:20:00	1	0	34	0	Ct	0	0	1	2	3	0	0	2	2	3	1	3	1	2	1	0	2	2	1	0	3	0	2	2	4	2	1	0	1	1	2	0	5	3
40749	30 Mar 26	19:21:00	1	0	34	0	Ct	0	0	3	4	2	0	0	0	4	2	0	1	2	2	3	1	0	4	1	0	1	13	2	2	4	0	2	5	1	2	1	0	3	1
40750	30 Mar 26	19:22:00	1	0	34	0	Ct	0	0	3	2	1	0	0	0	2	2	3	2	1	1	1	2	2	3	0	0	3	0	1	10	2	1	2	4	1	0	3	0	4	2
40751	30 Mar 26	19:23:00	1	0	34	0	Ct	0	0	3	1	0	0	0	0	4	5	1	5	0	2	5	1	0	5	1	1	2	0	2	3	9	1	1	3	1	2	1	0	5	3
40752	30 Mar 26	19:24:00	1	0	34	0	Ct	0	0	1	0	2	0	0	2	4	1	0	2	4	4	4	2	2	2	1	0	5	0	1	3	15	2	2	2	3	0	1	0	4	3
40753	30 Mar 26	19:25:00	1	0	34	0	Ct	0	0	3	2	4	0	0	2	4	2	1	1	4	2	6	3	2	6	3	0	2	0	3	2	3	1	3	3	2	0	2	0	5	3
40754	30 Mar 26	19:26:00	1	0	34	0	Ct	0	0	2	1	4	0	0	0	4	1	3	1	0	2	3	1	4	0	2	1	2	0	0	2	4	1	2	5	2	5	2	0	2	3
40755	30 Mar 26	19:27:00	1	0	34	0	Ct	0	0	6	0	3	0	0	0	2	2	0	5	2	1	4	0	1	2	8	0	3	0	4	2	3	3	6	3	0	3	4	0	4	3
40756	30 Mar 26	19:28:00	1	0	34	0	Ct	0	0	3	1	3	0	0	0	3	1	3	2	0	2	4	2	5	2	0	0	2	2	1	1	4	0	1	0	6	2	5	0	7	2
40757	30 Mar 26	19:29:00	1	0	34	0	Ct	0	0	2	0	3	0	0	1	4	0	2	0	0	2	4	2	1	5	3	0	3	1	0	3	3	1	2	2	1	2	3	0	4	2
40758	30 Mar 26	19:30:00	1	0	34	0	Ct	0	0	7	1	4	2	0	3	2	2	1	1	0	3	2	0	1	3	3	0	0	0	1	3	5	1	3	1	2	3	3	0	3	3
40759	30 Mar 26	19:31:00	1	0	34	0	Ct	0	0	1	0	3	2	0	2	4	0	1	0	0	0	3	1	1	3	2	1	4	0	3	2	3	2	2	4	0	1	1	0	2	2
40760	30 Mar 26	19:32:00	1	0	34	0	Ct	0	0	1	3	1	0	0	2	2	1	0	1	0	0	4	2	3	3	1	1	1	0	2	3	4	3	3	1	1	3	3	0	4	2
40761	30 Mar 26	19:33:00	1	0	34	0	Ct	0	0	5	1	2	0	0	2	4	3	2	2	0	1	1	3	2	5	7	0	2	0	2	2	4	2	1	1	3	0	1	0	3	0
40762	30 Mar 26	19:34:00	1	0	34	0	Ct	0	0	4	3	2	0	0	1	4	1	0	2	0	1	6	1	2	2	2	0	8	0	2	3	3	0	1	4	0	6	2	0	2	2
40763	30 Mar 26	19:35:00	1	0	34	0	Ct	0	0	1	1	2	0	0	1	3	0	2	1	0	0	6	2	2	2	1	0	0	0	2	0	0	1	1	0	4	2	2	0	4	0
40764	30 Mar 26	19:36:00	1	0	34	0	Ct	0	0	2	1	2	0	0	4	2	1	1	1	3	2	2	2	4	4	2	0	1	1	0	2	1	1	3	1	1	1	2	0	4	3
40765	30 Mar 26	19:37:00	1	0	34	0	Ct	0	0	2	1	1	3	0	2	3	4	6	2	0	1	2	1	0	3	1	0	1	0	0	2	1	1	3	7	1	0	2	0	5	2
40766	30 Mar 26	19:38:00	1	0	34	0	Ct	0	0	3	2	0	0	0	2	3	3	2	3	3	2	2	2	0	4	2	0	4	0	2	2	2	2	1	4	1	0	0	0	4	2
40767	30 Mar 26	19:39:00	1	0	34	0	Ct	0	0	2	1	5	0	0	4	2	0	3	2	1	35	6	2	2	1	2	1	0	0	1	2	2	2	2	2	2	0	1	0	1	3
40768	30 Mar 26	19:40:00	1	0	34	0	Ct	0	0	1	0	1	0	0	0	3	1	2	3	0	6	3	3	2	2	2	0	1	0	2	2	3	1	3	2	2	1	1	0	5	2
40769	30 Mar 26	19:41:00	1	0	34	0	Ct	0	0	3	1	2	0	0	3	2	8	3	2	3	0	3	1	1	2	1	0	1	0	1	2	4	1	0	3	1	0	1	0	3	3
40770	30 Mar 26	19:42:00	1	0	34	0	Ct	0	0	3	3	3	2	0	2	4	0	0	2	4	1	3	1	2	3	2	0	7	2	1	2	4	1	3	0	0	2	1	0	6	2
40771	30 Mar 26	19:43:00	1	0	34	0	Ct	0	0	1	0	1	2	0	2	3	3	0	4	5	3	4	4	1	3	2	0	0	0	3	2	2	0	1	1	0	1	2	0	2	3
40772	30 Mar 26	19:44:00	1	0	34	0	Ct	0	0	4	1	1	0	0	2	4	2	3	2	3	3	3	0	1	3	3	0	2	2	0	2	4	0	2	2	3	1	2	0	4	5
40773	30 Mar 26	19:45:00	1	0	34	0	Ct	0	0	2	1	1	0	0	3	3	2	2	2	5	1	3	1	1	3	2	0	1	0	4	3	5	2	0	3	4	0	2	0	3	3
40774	30 Mar 26	19:46:00	1	0	34	0	Ct	0	0	1	2	2	0	0	2	2	2	0	1	2	3	5	2	0	1	2	0	3	4	3	2	2	1	1	8	2	2	3	0	2	1
40775	30 Mar 26	19:47:00	1	0	34	0	Ct	0	0	4	1	2	2	0	2	2	3	3	1	1	1	1	0	1	2	1	0	0	7	0	5	2	1	2	2	0	2	2	0	4	3
40776	30 Mar 26	19:48:00	1	0	34	0	Ct	0	0	2	1	2	2	0	2	2	0	1	2	1	1	2	1	0	1	2	1	0	0	1	1	3	3	3	5	0	3	1	0	3	2
40777	30 Mar 26	19:49:00	1	0	34	0	Ct	0	0	2	2	4	2	0	4	1	4	9	1	0	2	2	1	1	3	0	0	2	0	2	2	2	3	2	3	0	3	1	0	6	3
40778	30 Mar 26	19:50:00	1	0	34	0	Ct	0	0	1	1	1	0	0	1	4	3	1	3	1	3	1	1	1	1	0	0	4	0	1	3	3	1	1	2	3	2	4	0	3	3
40779	30 Mar 26	19:51:00	1	0	34	0	Ct	0	0	2	1	7	0	0	3	3	3	0	1	0	2	1	5	3	3	2	0	0	0	0	3	3	1	2	1	5	2	3	0	6	2
40780	30 Mar 26	19:52:00	1	0	34	0	Ct	0	0	3	2	2	5	0	4	2	5	0	2	3	3	4	2	1	3	1	0	1	0	2	2	3	1	2	4	3	2	3	0	2	2
40781	30 Mar 26	19:53:00	1	0	34	0	Ct	0	0	1	1	2	1	0	2	2	5	1	2	2	2	4	0	1	5	1	0	3	3	2	0	2	0	4	3	3	2	2	0	5	3
40782	30 Mar 26	19:54:00	1	0	34	0	Ct	0	0	3	1	2	2	0	2	4	0	4	2	0	2	3	4	2	1	1	0	4	1	0	3	3	0	2	3	2	2	0	0	5	2
40783	30 Mar 26	19:55:00	1	0	34	0	Ct	0	0	2	5	2	1	0	3	3	0	1	1	0	2	3	1	1	4	0	0	1	0	2	3	3	0	0	5	2	1	2	0	4	3
40784	30 Mar 26	19:56:00	1	0	34	0	Ct	0	0	3	2	2	3	0	2	3	3	1	3	0	0	3	1	5	1	0	0	3	0	0	3	2	0	7	4	3	0	1	0	2	3
40785	30 Mar 26	19:57:00	1	0	34	0	Ct	0	0	2	3	1	3	0	2	2	2	1	1	2	1	6	0	0	3	0	0	1	0	0	3	1	1	4	3	2	1	1	0	6	4
40786	30 Mar 26	19:58:00	1	0	34	0	Ct	0	0	2	2	2	4	0	0	3	4	3	1	0	3	5	2	2	2	2	0	1	8	0	2	2	2	2	3	6	3	2	0	4	2
40787	30 Mar 26	19:59:00	1	0	34	0	Ct	0	0	0	2	0	3	0	2	4	1	2	3	1	4	8	1	3	1	0	0	0	0	4	2	2	1	0	2	4	2	12	0	4	3
40788	30 Mar 26	20:00:00	1	0	34	0	Ct	0	0	2	2	1	2	0	3	3	2	1	2	0	0	5	1	1	2	1	0	1	0	2	1	2	2	3	3	4	3	1	0	1	3
40789	30 Mar 26	20:01:00	1	0	34	0	Ct	0	0	1	1	3	0	0	2	2	5	0	1	1	2	2	0	4	2	1	0	2	0	0	1	4	2	3	4	2	2	1	0	5	4
40790	30 Mar 26	20:02:00	1	0	34	0	Ct	0	0	3	3	5	0	0	3	4	3	1	2	1	0	5	1	2	4	0	0	1	0	0	3	2	3	1	5	2	2	2	0	3	1
40791	30 Mar 26	20:03:00	1	0	34	0	Ct	0	0	2	0	3	0	0	3	2	2	2	4	1	0	3	3	3	3	2	0	3	0	2	2	2	1	2	15	2	5	5	0	3	4
40792	30 Mar 26	20:04:00	1	0	34	0	Ct	0	0	3	1	3	0	0	2	4	2	3	3	1	3	4	5	1	2	1	0	3	0	1	2	3	2	1	3	3	1	0	0	1	0
40793	30 Mar 26	20:05:00	1	0	34	0	Ct	0	0	1	2	5	0	0	2	3	3	2	2	2	2	3	2	0	2	6	0	1	0	2	2	6	1	4	1	0	1	1	0	6	2
40794	30 Mar 26	20:06:00	1	0	34	0	Ct	0	0	1	2	3	0	0	2	4	0	0	4	1	4	1	0	4	3	1	0	1	10	3	2	6	3	1	4	1	2	2	0	4	3
40795	30 Mar 26	20:07:00	1	0	34	0	Ct	0	0	3	0	1	0	0	1	2	2	0	3	0	1	4	1	1	3	1	0	3	3	1	2	7	2	2	4	1	2	0	0	5	3
40796	30 Mar 26	20:08:00	1	0	34	0	Ct	0	0	2	0	3	1	0	2	4	1	2	3	0	1	8	1	0	4	2	0	3	3	4	3	3	2	2	1	5	3	0	0	5	2
40797	30 Mar 26	20:09:00	1	0	34	0	Ct	0	0	2	0	2	1	0	2	4	2	2	3	0	3	2	0	2	3	2	0	0	7	3	2	2	2	2	5	3	2	0	0	3	1
40798	30 Mar 26	20:10:00	1	0	34	0	Ct	0	0	3	0	4	3	0	2	4	2	1	3	6	2	6	2	0	5	1	0	0	0	1	2	4	2	2	2	0	3	3	0	5	2
40799	30 Mar 26	20:11:00	1	0	34	0	Ct	0	0	2	1	4	2	0	1	2	2	3	2	4	4	2	2	2	3	2	0	4	0	2	3	6	0	0	4	0	2	2	0	4	3
40800	30 Mar 26	20:12:00	1	0	34	0	Ct	0	0	2	1	3	6	0	1	4	2	1	2	2	1	2	0	2	3	0	1	4	0	1	2	2	2	1	2	0	3	2	0	3	3
40801	30 Mar 26	20:13:00	1	0	34	0	Ct	0	0	3	2	4	1	0	4	3	3	3	3	2	2	9	1	3	3	5	2	0	0	1	5	5	2	1	2	1	3	2	0	4	3
40802	30 Mar 26	20:14:00	1	0	34	0	Ct	0	0	3	2	1	2	0	2	3	2	1	4	2	4	5	3	4	3	0	0	0	2	1	3	2	1	2	2	1	2	3	0	3	5
40803	30 Mar 26	20:15:00	1	0	34	0	Ct	0	0	1	0	0	0	0	2	5	2	3	1	3	2	3	1	1	1	2	0	2	2	0	2	2	1	4	3	1	1	3	0	1	3
40804	30 Mar 26	20:16:00	1	0	34	0	Ct	0	0	2	1	3	0	0	3	2	0	5	1	0	2	1	2	2	1	2	0	0	3	0	4	4	1	3	1	4	1	3	0	4	5
40805	30 Mar 26	20:17:00	1	0	34	0	Ct	0	0	4	0	3	0	0	2	4	2	8	0	2	0	4	2	3	2	0	0	2	0	2	3	1	2	2	1	1	2	0	0	5	2
40806	30 Mar 26	20:18:00	1	0	34	0	Ct	0	0	3	2	2	0	0	2	5	3	8	1	2	0	2	5	3	4	2	2	1	0	3	4	1	0	1	2	3	2	0	0	2	3
40807	30 Mar 26	20:19:00	1	0	34	0	Ct	0	0	2	2	4	0	0	4	3	3	1	2	3	2	4	0	0	1	0	0	3	0	2	3	2	0	2	4	1	2	4	0	3	3
40808	30 Mar 26	20:20:00	1	0	34	0	Ct	0	0	2	1	0	0	0	2	4	2	2	1	3	3	3	1	1	4	0	1	4	0	0	3	2	0	1	4	0	2	1	0	4	2
40809	30 Mar 26	20:21:00	1	0	34	0	Ct	0	0	2	1	3	0	0	2	4	5	2	2	5	1	4	3	3	2	0	0	0	0	3	2	4	1	0	5	4	2	5	0	2	2
40810	30 Mar 26	20:22:00	1	0	34	0	Ct	0	0	1	1	3	9	0	2	2	3	4	2	4	1	3	3	2	2	1	0	0	0	2	3	3	0	3	3	2	3	1	0	6	2
40811	30 Mar 26	20:23:00	1	0	34	0	Ct	0	0	2	1	2	1	0	2	4	1	3	3	2	1	2	1	1	3	1	0	4	1	1	2	3	1	0	3	1	0	3	0	3	1
40812	30 Mar 26	20:24:00	1	0	34	0	Ct	0	0	4	1	3	4	0	3	2	3	4	1	3	0	2	1	4	2	3	0	2	0	1	2	3	1	2	4	0	3	3	0	5	1
40813	30 Mar 26	20:25:00	1	0	34	0	Ct	0	0	5	2	3	2	0	2	3	4	2	1	2	7	2	4	0	2	3	0	0	1	1	3	3	1	2	4	1	4	1	0	2	3
40814	30 Mar 26	20:26:00	1	0	34	0	Ct	0	0	3	1	3	2	0	3	3	3	0	2	2	1	2	5	2	3	1	0	2	4	0	0	2	2	0	4	0	4	5	0	3	1
40815	30 Mar 26	20:27:00	1	0	34	0	Ct	0	0	2	1	2	0	0	2	1	3	2	3	2	0	2	2	2	2	3	0	2	1	2	1	2	1	0	4	2	1	2	0	4	3
40816	30 Mar 26	20:28:00	1	0	34	0	Ct	0	0	2	1	2	1	0	3	2	2	4	1	0	1	4	1	2	2	2	0	1	2	1	2	2	0	0	4	2	2	1	0	4	3
40817	30 Mar 26	20:29:00	1	0	34	0	Ct	0	0	2	2	3	3	0	3	3	3	1	4	0	1	4	1	0	2	2	0	0	8	2	4	5	0	1	3	3	1	1	0	3	4
40818	30 Mar 26	20:30:00	1	0	34	0	Ct	0	0	3	0	3	3	0	1	4	3	1	4	0	0	4	6	2	2	1	0	2	1	1	7	3	1	1	1	2	3	1	0	2	4
40819	30 Mar 26	20:31:00	1	0	34	0	Ct	0	0	1	1	1	3	0	1	2	2	2	2	2	1	2	3	1	3	1	0	2	1	2	4	2	2	3	1	2	1	0	0	4	3
40820	30 Mar 26	20:32:00	1	0	34	0	Ct	0	0	1	1	5	4	0	2	2	1	0	4	3	19	2	2	1	4	1	0	5	0	2	1	5	1	2	3	0	0	2	0	5	3
40821	30 Mar 26	20:33:00	1	0	34	0	Ct	0	0	1	1	3	2	0	1	2	1	1	4	1	27	6	1	1	1	1	0	3	0	2	1	4	1	3	0	1	2	2	0	4	3
40822	30 Mar 26	20:34:00	1	0	34	0	Ct	0	0	2	2	2	1	0	3	4	3	0	6	1	2	3	0	1	3	1	0	1	0	0	3	2	2	2	0	0	1	0	0	3	2
40823	30 Mar 26	20:35:00	1	0	34	0	Ct	0	0	2	0	2	3	0	3	3	3	0	2	0	3	1	2	2	3	2	0	2	1	3	3	3	2	0	2	3	0	0	0	4	2
40824	30 Mar 26	20:36:00	1	0	34	0	Ct	0	0	2	1	1	0	0	1	4	1	0	2	0	0	5	2	0	2	1	0	1	1	2	2	5	1	1	3	0	3	2	0	4	4
40825	30 Mar 26	20:37:00	1	0	34	0	Ct	0	0	2	2	3	1	0	2	3	2	5	4	3	0	0	1	0	3	1	0	3	1	0	3	1	3	2	2	0	2	3	0	3	3
40826	30 Mar 26	20:38:00	1	0	34	0	Ct	0	0	2	0	2	3	0	3	3	1	6	3	2	2	4	4	1	2	0	0	2	1	2	2	3	2	4	4	2	0	2	0	7	3
40827	30 Mar 26	20:39:00	1	0	34	0	Ct	0	0	2	2	4	3	0	1	2	3	2	0	0	23	5	1	3	2	1	0	2	1	2	1	2	1	4	3	1	1	2	0	3	3
40828	30 Mar 26	20:40:00	1	0	34	0	Ct	0	0	3	0	3	0	0	3	3	0	1	1	0	0	2	0	1	3	1	0	2	6	0	3	4	1	4	7	3	2	0	0	2	4
40829	30 Mar 26	20:41:00	1	0	34	0	Ct	0	0	4	1	2	0	0	2	4	5	0	2	5	0	3	1	1	2	0	0	0	4	0	2	4	2	2	3	1	2	6	0	4	4
40830	30 Mar 26	20:42:00	1	0	34	0	Ct	0	0	3	3	1	2	0	4	4	1	1	1	3	4	5	2	2	4	2	0	0	5	1	3	4	1	4	3	1	4	1	0	3	1
40831	30 Mar 26	20:43:00	1	0	34	0	Ct	0	0	4	2	3	3	0	3	4	1	2	1	0	2	1	2	1	4	0	0	2	3	0	4	4	3	1	2	3	2	1	0	2	1
40832	30 Mar 26	20:44:00	1	0	34	0	Ct	0	0	2	1	2	0	0	2	1	2	2	3	1	2	3	2	2	3	0	0	0	4	1	3	0	1	1	3	0	2	1	0	4	4
40833	30 Mar 26	20:45:00	1	0	34	0	Ct	0	0	3	2	4	0	0	13	5	5	2	5	4	5	3	2	2	5	0	0	1	1	2	1	1	1	3	2	1	2	1	0	3	2
40834	30 Mar 26	20:46:00	1	0	34	0	Ct	0	0	2	0	6	0	0	2	3	2	4	1	0	8	0	5	1	3	2	0	4	0	1	4	3	0	1	11	2	2	2	0	6	4
40835	30 Mar 26	20:47:00	1	0	34	0	Ct	0	0	1	1	2	0	0	0	4	3	1	2	3	0	3	2	1	5	1	0	4	0	0	2	2	1	0	1	1	2	4	0	3	3
40836	30 Mar 26	20:48:00	1	0	34	0	Ct	0	0	2	0	1	0	0	3	6	2	1	0	3	1	5	3	2	4	1	0	2	8	0	4	6	0	1	3	3	2	2	0	3	1
40837	30 Mar 26	20:49:00	1	0	34	0	Ct	0	0	2	1	3	0	0	2	6	1	1	7	0	1	2	2	0	4	0	0	1	0	0	2	1	3	2	2	0	3	1	0	6	3
40838	30 Mar 26	20:50:00	1	0	34	0	Ct	0	0	2	1	2	3	0	3	3	1	2	3	2	3	1	1	0	2	2	0	0	0	1	6	2	7	1	8	1	6	4	0	4	1
40839	30 Mar 26	20:51:00	1	0	34	0	Ct	0	0	2	0	3	1	0	4	2	3	2	1	5	3	3	3	1	4	1	0	0	7	1	1	1	1	1	2	3	0	3	0	6	1
40840	30 Mar 26	20:52:00	1	0	34	0	Ct	0	0	2	2	4	0	0	1	2	4	4	1	7	3	2	4	1	3	1	0	3	0	1	2	2	3	4	3	2	2	2	0	2	3
40841	30 Mar 26	20:53:00	1	0	34	0	Ct	0	0	4	1	3	1	0	1	5	3	2	1	1	2	0	1	2	3	2	0	4	1	1	3	4	2	0	2	2	2	4	0	2	2
40842	30 Mar 26	20:54:00	1	0	34	0	Ct	0	0	2	2	3	1	0	3	2	3	1	2	2	2	5	3	0	5	2	0	2	1	1	2	3	3	0	3	3	0	1	0	4	4
40843	30 Mar 26	20:55:00	1	0	34	0	Ct	0	0	2	1	1	2	0	1	4	2	0	4	0	0	3	2	0	3	2	0	4	1	3	2	3	1	2	2	1	1	2	0	1	4
40844	30 Mar 26	20:56:00	1	0	34	0	Ct	0	0	4	1	2	1	0	2	2	2	6	2	0	0	4	1	1	3	1	0	2	2	2	2	3	1	3	5	3	1	0	0	8	2
40845	30 Mar 26	20:57:00	1	0	34	0	Ct	0	0	3	1	1	5	0	4	4	6	1	2	0	2	3	3	1	3	1	0	3	1	0	2	2	2	2	5	3	1	3	0	2	3
40846	30 Mar 26	20:58:00	1	0	34	0	Ct	0	0	2	0	2	2	0	0	6	6	0	2	1	3	2	2	1	3	2	1	3	0	0	2	4	1	1	0	3	1	1	0	4	2
40847	30 Mar 26	20:59:00	1	0	34	0	Ct	0	0	0	2	0	1	0	2	4	1	0	1	1	3	2	1	1	3	0	0	0	0	2	3	4	2	2	2	3	3	3	0	2	2
40848	30 Mar 26	21:00:00	1	0	34	0	Ct	0	0	1	1	1	3	0	3	2	2	0	1	0	2	3	0	0	3	1	0	0	0	1	2	5	2	5	3	4	2	2	0	3	3
40849	30 Mar 26	21:01:00	1	0	34	0	Ct	0	0	3	2	4	2	0	0	5	5	0	0	0	3	0	0	0	2	1	0	1	0	1	4	3	2	6	0	2	3	2	0	3	3
40850	30 Mar 26	21:02:00	1	0	34	0	Ct	0	0	2	0	1	1	0	2	1	3	2	4	0	4	5	1	1	2	0	0	3	0	0	4	1	2	1	2	3	1	3	0	5	4
40851	30 Mar 26	21:03:00	1	0	34	0	Ct	0	0	3	2	3	1	0	17	1	2	0	3	0	5	3	3	1	3	1	0	3	0	2	1	3	1	1	4	2	2	2	0	5	3
40852	30 Mar 26	21:04:00	1	0	34	0	Ct	0	0	1	2	2	4	0	2	4	1	3	2	0	1	3	7	1	2	2	0	1	6	1	3	3	2	0	3	5	4	2	0	7	2
40853	30 Mar 26	21:05:00	1	0	34	0	Ct	0	0	3	2	3	1	0	2	3	3	1	3	1	0	3	2	3	3	1	0	1	0	2	2	3	1	0	6	2	3	1	0	3	3
40854	30 Mar 26	21:06:00	1	0	34	0	Ct	0	0	3	3	2	1	0	2	2	3	1	3	5	1	3	1	3	2	0	0	0	0	1	3	3	0	1	6	1	3	2	0	2	1
40855	30 Mar 26	21:07:00	1	0	34	0	Ct	0	0	2	2	1	3	0	5	4	4	3	3	1	0	4	1	0	2	2	0	3	2	1	2	3	2	2	2	2	3	2	0	3	2
40856	30 Mar 26	21:08:00	1	0	34	0	Ct	0	0	2	0	3	7	0	2	7	3	1	3	0	1	5	2	0	2	1	0	1	0	2	2	3	3	2	0	4	2	3	0	3	4
40857	30 Mar 26	21:09:00	1	0	34	0	Ct	0	0	2	0	3	2	0	0	3	0	1	1	1	2	1	6	2	2	1	0	1	0	1	4	4	6	2	1	0	3	0	0	2	3
40858	30 Mar 26	21:10:00	1	0	34	0	Ct	0	0	4	4	1	2	0	1	6	2	2	2	1	0	3	0	2	1	3	0	0	4	4	3	3	0	1	8	3	1	1	0	0	3
40859	30 Mar 26	21:11:00	1	0	34	0	Ct	0	0	4	1	2	2	0	4	4	2	1	2	0	2	4	1	2	2	1	0	2	0	1	1	3	1	2	2	3	0	2	0	4	4
40860	30 Mar 26	21:12:00	1	0	34	0	Ct	0	0	2	2	3	1	0	2	1	1	1	3	6	2	4	2	0	5	2	0	3	2	3	3	5	2	2	2	5	2	3	0	4	3
40861	30 Mar 26	21:13:00	1	0	34	0	Ct	0	0	1	1	2	3	0	1	2	2	4	2	3	2	4	2	1	3	0	0	2	1	2	1	3	2	2	3	0	2	0	0	4	4
40862	30 Mar 26	21:14:00	1	0	34	0	Ct	0	0	4	1	5	1	0	3	3	1	4	0	2	2	3	1	0	3	2	0	0	3	1	3	4	0	3	0	2	2	2	0	3	2
40863	30 Mar 26	21:15:00	1	0	34	0	Ct	0	0	2	3	3	1	0	2	3	2	3	1	1	2	4	3	2	4	2	0	2	0	0	2	2	2	3	1	2	1	3	0	4	3
40864	30 Mar 26	21:16:00	1	0	34	0	Ct	0	0	2	1	1	2	0	4	2	0	2	2	1	2	4	1	2	2	0	0	3	0	3	1	3	1	1	2	5	0	2	0	5	2
40865	30 Mar 26	21:17:00	1	0	34	0	Ct	0	0	1	12	5	4	0	5	5	0	1	1	0	3	4	3	1	3	2	0	1	0	0	2	3	1	2	0	3	1	2	0	3	2
40866	30 Mar 26	21:18:00	1	0	34	0	Ct	0	0	3	3	2	1	0	3	4	0	4	2	0	0	2	3	1	2	1	0	0	1	1	2	1	1	4	2	3	0	2	0	5	3
40867	30 Mar 26	21:19:00	1	0	34	0	Ct	0	0	2	0	4	3	0	2	4	2	4	2	0	1	2	2	2	2	1	0	0	2	1	0	3	2	1	18	2	2	1	0	2	4
40868	30 Mar 26	21:20:00	1	0	34	0	Ct	0	0	2	0	1	1	0	2	3	3	0	1	0	1	3	2	1	2	2	0	5	1	2	1	4	1	1	0	0	0	1	0	4	2
40869	30 Mar 26	21:21:00	1	0	34	0	Ct	0	0	3	0	0	1	0	2	1	0	2	2	0	2	2	4	0	3	1	0	1	0	0	1	2	1	0	0	0	2	2	0	5	2
40870	30 Mar 26	21:22:00	1	0	34	0	Ct	0	0	3	2	3	3	0	2	5	2	3	3	0	2	3	1	1	2	1	0	2	5	0	3	2	1	1	0	3	2	0	0	2	2
40871	30 Mar 26	21:23:00	1	0	34	0	Ct	0	0	2	0	4	2	0	0	7	3	1	3	0	2	4	5	2	3	2	0	5	0	0	3	14	3	1	12	1	2	1	0	0	2
40872	30 Mar 26	21:24:00	1	0	34	0	Ct	0	0	3	1	4	2	0	1	2	1	1	2	0	3	4	2	0	2	3	0	0	0	0	4	10	0	3	2	0	3	3	0	5	3
40873	30 Mar 26	21:25:00	1	0	34	0	Ct	0	0	3	1	3	1	0	2	3	2	3	1	6	0	2	2	2	2	1	0	0	0	0	3	0	0	1	11	1	2	0	0	5	4
40874	30 Mar 26	21:26:00	1	0	34	0	Ct	0	0	2	0	1	1	0	2	4	1	2	2	30	1	2	2	1	2	1	0	0	0	1	2	0	0	1	4	3	2	0	0	5	3
40875	30 Mar 26	21:27:00	1	0	34	0	Ct	0	0	4	1	3	1	0	2	5	3	0	2	5	4	4	1	0	2	1	0	1	4	0	1	0	0	2	2	0	3	3	0	3	2
40876	30 Mar 26	21:28:00	1	0	34	0	Ct	0	0	3	1	1	2	0	2	3	0	8	5	0	1	3	1	0	2	1	0	4	3	1	2	0	4	2	0	1	1	1	0	4	1
40877	30 Mar 26	21:29:00	1	0	34	0	Ct	0	0	2	0	3	2	0	1	3	1	2	1	0	2	3	1	0	2	2	0	5	1	0	3	0	2	2	1	0	1	3	0	5	2
40878	30 Mar 26	21:30:00	1	0	34	0	Ct	0	0	3	1	4	0	0	4	3	2	2	2	0	3	5	1	0	2	1	0	2	1	0	3	0	0	0	0	5	3	1	0	2	4
40879	30 Mar 26	21:31:00	1	0	34	0	Ct	0	0	1	2	1	2	0	0	2	1	1	1	0	1	3	2	0	4	2	1	1	0	0	2	0	0	1	2	0	3	0	0	4	2
40880	30 Mar 26	21:32:00	1	0	34	0	Ct	0	0	2	0	4	0	0	0	6	0	1	2	0	1	3	1	0	3	1	0	1	5	0	2	0	0	1	0	0	1	1	0	3	0
40881	30 Mar 26	21:33:00	1	0	34	0	Ct	0	0	3	0	0	1	0	2	4	1	1	1	0	4	3	2	2	1	0	9	5	6	0	4	0	0	1	1	5	1	1	0	4	0
40882	30 Mar 26	21:34:00	1	0	34	0	Ct	0	0	2	0	1	1	0	2	4	2	1	3	0	0	4	5	3	3	1	2	0	2	0	0	0	1	0	0	0	1	0	0	4	3
40883	30 Mar 26	21:35:00	1	0	34	0	Ct	0	0	2	0	5	2	0	2	3	0	0	5	1	1	2	2	0	5	3	0	0	0	0	1	0	1	0	2	2	1	0	0	0	3
40884	30 Mar 26	21:36:00	1	0	34	0	Ct	0	0	4	0	2	2	0	4	4	1	0	1	0	1	0	2	0	4	1	0	2	0	2	4	0	0	0	0	0	3	0	0	3	3
40885	30 Mar 26	21:37:00	1	0	34	0	Ct	0	0	2	0	3	1	0	1	3	0	1	1	5	0	3	1	2	2	1	0	3	3	1	4	0	0	0	0	1	1	2	0	4	1
40886	30 Mar 26	21:38:00	1	0	34	0	Ct	0	0	1	2	1	0	0	3	3	0	1	2	4	2	0	3	1	2	0	0	2	0	1	3	2	1	2	0	3	2	1	0	3	3
40887	30 Mar 26	21:39:00	1	0	34	0	Ct	0	0	2	4	2	2	0	4	4	2	1	1	0	2	3	1	0	3	1	0	1	1	0	1	9	0	4	0	2	2	0	0	0	1
40888	30 Mar 26	21:40:00	1	0	34	0	Ct	0	0	2	1	1	1	0	0	2	0	2	2	0	2	3	2	0	2	0	0	5	1	0	5	11	1	4	0	1	2	0	0	2	4
40889	30 Mar 26	21:41:00	1	0	34	0	Ct	0	0	2	2	4	3	0	0	4	3	2	2	0	1	3	4	0	0	0	0	0	2	0	2	8	1	1	0	1	2	1	0	3	3
40890	30 Mar 26	21:42:00	1	0	34	0	Ct	0	0	2	1	4	0	0	3	5	0	2	1	0	0	1	2	3	3	1	0	0	0	0	4	3	2	2	0	2	1	1	0	3	4
40891	30 Mar 26	21:43:00	1	0	34	0	Ct	0	0	3	0	13	2	0	0	2	2	1	3	0	12	2	14	1	3	1	0	0	0	0	3	0	2	0	2	1	2	2	0	2	3
40892	30 Mar 26	21:44:00	1	0	34	0	Ct	0	0	1	0	2	0	0	0	8	1	0	2	0	2	3	0	0	2	2	0	0	3	1	2	0	1	4	0	0	1	1	0	5	2
40893	30 Mar 26	21:45:00	1	0	34	0	Ct	0	0	2	0	1	1	0	0	7	1	5	2	2	0	1	1	0	2	2	0	2	0	2	3	0	4	1	3	0	4	0	0	2	1
40894	30 Mar 26	21:46:00	1	0	34	0	Ct	0	0	1	0	2	3	0	1	4	1	2	2	6	2	0	0	0	3	1	0	0	2	1	4	0	2	0	3	3	1	2	0	2	3
40895	30 Mar 26	21:47:00	1	0	34	0	Ct	0	0	0	0	4	0	0	0	2	1	0	1	8	0	3	2	0	0	1	0	1	0	1	2	3	1	0	7	5	0	2	0	2	2
40896	30 Mar 26	21:48:00	1	0	34	0	Ct	0	0	2	0	3	2	0	4	3	2	1	0	2	1	8	1	0	4	0	0	1	0	0	4	0	0	0	1	1	1	2	0	5	1
40897	30 Mar 26	21:49:00	1	0	34	0	Ct	0	0	3	0	0	0	0	1	1	0	0	1	2	1	5	1	0	4	0	0	3	1	2	1	0	0	0	4	0	1	2	0	4	2
40898	30 Mar 26	21:50:00	1	0	34	0	Ct	0	0	1	0	0	0	0	2	4	2	1	1	2	0	4	1	1	1	3	0	3	0	0	2	0	0	6	2	2	1	9	0	5	4
40899	30 Mar 26	21:51:00	1	0	34	0	Ct	0	0	1	0	1	0	0	1	2	0	3	1	1	1	3	1	0	3	1	0	2	2	1	2	0	0	0	0	4	3	1	0	5	4
40900	30 Mar 26	21:52:00	1	0	34	0	Ct	0	0	2	0	5	4	0	3	3	0	2	0	4	3	4	3	0	2	1	0	1	1	1	2	0	0	1	2	3	1	0	0	4	5
40901	30 Mar 26	21:53:00	1	0	34	0	Ct	0	0	2	0	1	0	0	2	1	0	0	0	4	1	3	3	0	1	1	0	2	0	1	2	0	0	0	3	0	2	8	0	5	2
40902	30 Mar 26	21:54:00	1	0	34	0	Ct	0	0	2	0	3	0	0	0	4	0	0	1	1	3	2	1	1	2	1	0	5	0	0	1	0	0	0	2	2	2	1	0	4	2
40903	30 Mar 26	21:55:00	1	0	34	0	Ct	0	0	3	0	3	3	0	4	4	3	0	3	0	2	6	1	0	2	1	0	3	1	2	2	0	1	0	0	0	2	1	0	4	3
40904	30 Mar 26	21:56:00	1	0	34	0	Ct	0	0	2	0	3	0	0	1	4	1	3	1	0	2	2	1	1	1	1	0	5	2	1	2	0	0	0	0	4	1	2	0	4	3
40905	30 Mar 26	21:57:00	1	0	34	0	Ct	0	0	2	0	1	1	0	2	3	1	3	0	1	1	5	1	2	2	0	0	3	6	0	1	0	2	1	0	5	2	0	0	3	4
40906	30 Mar 26	21:58:00	1	0	34	0	Ct	0	0	2	0	3	3	0	0	4	0	2	0	2	1	3	2	3	3	1	0	1	3	6	1	0	2	1	0	2	0	2	0	4	2
40907	30 Mar 26	21:59:00	1	0	34	0	Ct	0	0	2	0	2	2	0	1	2	0	1	3	1	1	2	1	1	2	1	0	1	0	2	2	0	1	0	0	1	4	2	0	3	4
40908	30 Mar 26	22:00:00	1	0	34	0	Ct	0	0	2	1	3	2	0	1	3	1	0	9	2	4	3	2	1	3	2	0	5	3	1	2	1	2	1	0	2	1	2	0	2	3
40909	30 Mar 26	22:01:00	1	0	34	0	Ct	0	0	0	1	2	3	0	3	2	0	0	0	0	2	2	2	2	1	1	0	3	0	0	1	0	0	0	0	1	2	1	0	5	2
40910	30 Mar 26	22:02:00	1	0	34	0	Ct	0	0	1	0	1	2	0	2	2	0	1	0	1	0	3	0	2	3	0	2	5	3	0	5	0	2	1	1	2	0	2	0	2	2
40911	30 Mar 26	22:03:00	1	0	34	0	Ct	0	0	3	0	2	4	0	2	8	0	3	0	4	1	2	5	0	2	0	0	0	0	0	2	0	0	0	6	0	3	1	0	2	3
40912	30 Mar 26	22:04:00	1	0	34	0	Ct	0	0	1	0	4	1	0	3	2	1	1	0	2	3	3	5	2	3	1	0	0	0	0	3	0	0	0	0	0	2	1	0	4	2
40913	30 Mar 26	22:05:00	1	0	34	0	Ct	0	0	2	0	2	2	0	2	1	5	0	0	5	0	4	0	0	2	1	0	4	0	0	1	0	0	0	0	2	1	1	0	3	4
40914	30 Mar 26	22:06:00	1	0	34	0	Ct	0	0	3	0	2	1	0	0	3	0	6	0	0	2	5	0	2	2	0	0	0	0	0	1	1	1	3	0	0	3	1	0	3	2
40915	30 Mar 26	22:07:00	1	0	34	0	Ct	0	0	1	0	1	2	0	2	3	1	13	0	0	1	3	2	2	4	1	0	0	0	2	2	1	1	0	0	1	7	1	0	3	1
40916	30 Mar 26	22:08:00	1	0	34	0	Ct	0	0	2	0	2	1	0	4	3	0	0	0	0	1	1	3	2	1	1	0	0	2	0	1	4	0	0	0	2	1	3	0	3	3
40917	30 Mar 26	22:09:00	1	0	34	0	Ct	0	0	2	0	1	3	0	1	1	0	5	0	1	0	1	0	0	1	1	0	1	0	0	1	0	0	0	0	3	1	6	0	2	3
40918	30 Mar 26	22:10:00	1	0	34	0	Ct	0	0	3	0	0	0	0	0	12	1	0	0	1	3	3	1	1	1	2	0	3	0	0	0	0	1	0	0	2	1	0	0	7	1
40919	30 Mar 26	22:11:00	1	0	34	0	Ct	0	0	2	0	0	3	0	1	1	0	0	0	0	1	2	7	3	2	0	0	1	1	1	2	0	0	0	0	2	2	0	0	4	3
40920	30 Mar 26	22:12:00	1	0	34	0	Ct	0	0	2	0	0	1	0	0	0	1	1	0	0	1	1	28	0	1	1	1	0	1	3	2	0	0	0	0	6	1	1	0	5	3
40921	30 Mar 26	22:13:00	1	0	34	0	Ct	0	0	2	0	0	1	0	1	1	0	0	0	1	2	3	13	0	1	0	0	4	0	9	2	0	0	0	1	3	1	0	0	3	1
40922	30 Mar 26	22:14:00	1	0	34	0	Ct	0	0	1	0	1	2	0	2	1	0	0	0	4	3	2	2	0	2	2	0	2	0	0	3	0	0	0	0	2	0	1	0	2	2
40923	30 Mar 26	22:15:00	1	0	34	0	Ct	0	0	1	0	2	3	0	2	0	0	0	0	5	0	3	0	0	3	0	0	0	2	0	3	0	0	0	0	2	1	0	0	5	2
40924	30 Mar 26	22:16:00	1	0	34	0	Ct	0	0	9	5	1	0	0	0	2	0	0	0	4	2	3	0	0	1	4	0	0	3	1	2	0	1	0	0	1	1	1	0	3	1
40925	30 Mar 26	22:17:00	1	0	34	0	Ct	0	0	2	0	0	7	0	2	2	2	0	2	3	3	2	1	0	3	1	0	5	2	1	3	0	1	0	0	3	2	0	0	2	3
40926	30 Mar 26	22:18:00	1	0	34	0	Ct	0	0	0	1	0	12	0	2	2	6	1	0	0	0	2	1	0	3	1	0	1	1	0	4	0	0	0	0	2	3	0	0	2	4
40927	30 Mar 26	22:19:00	1	0	34	0	Ct	0	0	3	2	2	9	0	0	1	4	2	0	0	2	2	1	0	3	1	0	2	5	0	2	0	0	0	2	2	0	2	0	5	2
40928	30 Mar 26	22:20:00	1	0	34	0	Ct	0	0	1	1	2	1	0	0	0	0	0	0	0	2	3	1	0	2	2	0	2	3	0	0	0	0	0	0	2	2	1	0	1	2
40929	30 Mar 26	22:21:00	1	0	34	0	Ct	0	0	1	0	2	0	0	0	2	0	0	0	0	3	3	2	0	1	0	0	1	3	0	1	0	2	37	0	4	3	1	0	4	4
40930	30 Mar 26	22:22:00	1	0	34	0	Ct	0	0	3	0	3	14	0	1	6	0	0	0	0	1	2	1	0	2	0	0	2	2	0	2	0	1	8	0	0	1	6	0	2	10
40931	30 Mar 26	22:23:00	1	0	34	0	Ct	0	0	3	0	3	0	0	1	2	3	1	1	0	3	2	1	0	0	2	0	5	0	0	3	0	2	1	0	0	3	2	0	4	3
40932	30 Mar 26	22:24:00	1	0	34	0	Ct	0	0	1	2	2	0	0	2	3	2	0	0	3	0	1	1	0	3	8	0	5	0	0	1	0	0	0	0	1	0	1	0	2	1
40933	30 Mar 26	22:25:00	1	0	34	0	Ct	0	0	3	2	3	0	0	2	2	1	0	0	2	0	4	1	1	2	0	0	0	0	0	1	0	1	0	0	1	3	2	0	4	2
40934	30 Mar 26	22:26:00	1	0	34	0	Ct	0	0	1	2	2	0	0	0	3	0	0	0	4	1	5	1	1	1	1	0	0	3	1	12	0	0	0	2	2	2	1	0	2	0
40935	30 Mar 26	22:27:00	1	0	34	0	Ct	0	0	1	1	0	0	0	7	6	0	0	0	2	1	1	3	0	2	2	0	1	1	0	2	0	1	0	0	1	2	2	0	3	2
40936	30 Mar 26	22:28:00	1	0	34	0	Ct	0	0	3	1	3	0	0	4	3	0	0	0	0	0	2	2	0	1	1	0	1	2	1	1	0	0	0	0	2	1	3	0	4	0
40937	30 Mar 26	22:29:00	1	0	34	0	Ct	0	0	2	1	2	2	0	0	3	0	0	1	3	0	0	1	0	1	0	0	4	0	0	2	0	0	0	5	3	3	0	0	3	3
40938	30 Mar 26	22:30:00	1	0	34	0	Ct	0	0	2	0	2	4	0	0	4	2	0	0	2	2	2	0	0	2	2	0	1	2	5	1	0	0	0	0	1	2	1	0	1	2
40939	30 Mar 26	22:31:00	1	0	34	0	Ct	0	0	2	5	2	2	0	3	5	0	0	0	1	0	4	0	0	3	1	0	3	0	1	2	0	2	0	0	0	2	0	0	3	2
40940	30 Mar 26	22:32:00	1	0	34	0	Ct	0	0	2	10	2	1	0	2	1	0	0	0	1	0	1	0	0	2	1	0	4	0	0	2	0	1	0	0	4	1	2	0	2	1
40941	30 Mar 26	22:33:00	1	0	34	0	Ct	0	0	0	0	0	5	0	1	1	0	0	0	5	2	0	0	0	0	1	0	1	0	0	3	0	0	0	0	4	1	1	0	4	3
40942	30 Mar 26	22:34:00	1	0	34	0	Ct	0	0	2	1	0	4	0	3	4	0	0	0	1	3	0	0	0	2	1	0	3	0	0	3	0	0	0	0	3	2	1	0	5	2
40943	30 Mar 26	22:35:00	1	0	34	0	Ct	0	0	1	0	0	0	0	2	2	0	0	0	0	2	0	0	0	3	1	0	0	3	0	2	0	1	0	0	3	2	0	0	4	1
40944	30 Mar 26	22:36:00	1	0	34	0	Ct	0	0	2	2	1	2	0	3	2	0	0	0	3	1	0	1	0	3	0	0	3	0	2	2	0	2	0	0	4	0	1	0	2	1
40945	30 Mar 26	22:37:00	1	0	34	0	Ct	0	0	1	1	1	0	0	1	3	1	1	0	3	0	0	1	0	2	1	0	4	2	0	0	0	0	0	0	2	2	0	0	1	1
40946	30 Mar 26	22:38:00	1	0	34	0	Ct	0	0	7	8	0	1	0	3	2	0	1	0	2	2	3	0	0	0	1	0	3	4	0	2	0	2	0	1	1	0	2	0	0	2
40947	30 Mar 26	22:39:00	1	0	34	0	Ct	0	0	0	6	1	0	0	2	2	1	3	0	3	0	3	0	0	4	0	0	3	0	0	2	0	0	0	0	4	1	5	0	5	2
40948	30 Mar 26	22:40:00	1	0	34	0	Ct	0	0	3	1	1	2	0	1	2	0	0	0	3	0	1	0	0	1	0	0	0	3	0	3	0	0	0	0	0	1	0	0	2	2
40949	30 Mar 26	22:41:00	1	0	34	0	Ct	0	0	1	0	0	0	0	1	3	1	1	0	2	1	0	0	0	3	0	0	0	2	0	2	0	0	0	0	2	3	2	0	4	3
40950	30 Mar 26	22:42:00	1	0	34	0	Ct	0	0	2	2	3	1	0	0	4	0	0	7	2	3	3	8	0	3	1	0	2	0	0	3	0	0	0	0	3	1	0	0	5	2
40951	30 Mar 26	22:43:00	1	0	34	0	Ct	0	0	0	1	2	1	0	3	1	1	0	6	1	0	1	15	0	2	1	0	0	0	0	3	0	0	0	0	2	0	3	0	5	3
40952	30 Mar 26	22:44:00	1	0	34	0	Ct	0	0	3	4	3	1	0	0	0	0	1	0	0	1	3	0	0	1	1	3	3	6	3	2	0	3	0	0	4	1	2	0	3	2
40953	30 Mar 26	22:45:00	1	0	34	0	Ct	0	0	1	5	4	0	0	0	2	0	0	0	1	1	1	0	1	2	1	0	0	0	0	1	0	1	0	4	4	0	0	0	4	2
40954	30 Mar 26	22:46:00	1	0	34	0	Ct	0	0	1	0	0	0	0	0	2	0	0	1	0	0	4	0	2	0	0	2	2	0	0	0	0	0	0	5	0	1	0	0	2	2
40955	30 Mar 26	22:47:00	1	0	34	0	Ct	0	0	3	3	0	1	0	1	0	0	1	1	0	2	0	0	2	2	1	0	1	0	0	2	1	0	0	0	0	1	0	0	1	4
40956	30 Mar 26	22:48:00	1	0	34	0	Ct	0	0	2	3	1	0	0	0	3	0	0	12	1	0	2	0	1	1	1	0	1	0	0	2	0	0	0	0	0	2	3	0	3	3
40957	30 Mar 26	22:49:00	1	0	34	0	Ct	0	0	2	1	4	0	0	0	2	0	1	1	3	0	2	0	0	1	1	0	3	0	0	3	0	1	0	0	3	1	0	0	2	2
40958	30 Mar 26	22:50:00	1	0	34	0	Ct	0	0	1	3	1	0	0	2	3	0	0	0	5	0	2	0	0	0	0	0	1	2	0	0	0	1	0	0	2	1	4	0	3	2
40959	30 Mar 26	22:51:00	1	0	34	0	Ct	0	0	1	1	1	0	0	3	2	0	0	0	1	0	0	0	0	1	0	0	2	2	0	1	0	0	0	0	1	1	0	0	2	0
40960	30 Mar 26	22:52:00	1	0	34	0	Ct	0	0	5	3	0	0	0	1	2	2	5	0	0	2	0	0	0	0	2	0	1	2	0	1	0	0	0	0	4	0	5	0	3	0
40961	30 Mar 26	22:53:00	1	0	34	0	Ct	0	0	1	0	0	0	0	1	1	1	3	0	0	0	1	0	0	1	1	0	5	2	0	0	0	0	0	0	2	1	1	0	2	2
40962	30 Mar 26	22:54:00	1	0	34	0	Ct	0	0	2	1	0	0	0	3	0	0	0	0	7	1	3	0	1	1	1	0	1	0	0	2	0	0	0	0	3	2	1	0	4	1
40963	30 Mar 26	22:55:00	1	0	34	0	Ct	0	0	2	1	0	0	0	1	2	0	2	0	2	5	0	0	0	2	0	0	3	0	0	2	0	0	3	0	1	1	3	0	4	2
40964	30 Mar 26	22:56:00	1	0	34	0	Ct	0	0	3	0	0	0	0	3	0	1	0	0	2	1	2	0	1	1	1	0	0	6	0	2	0	0	2	0	0	1	2	0	4	1
40965	30 Mar 26	22:57:00	1	0	34	0	Ct	0	0	2	0	1	0	0	0	0	1	0	0	0	0	1	0	1	1	2	0	0	0	0	1	0	0	0	0	3	1	5	0	3	3
40966	30 Mar 26	22:58:00	1	0	34	0	Ct	0	0	3	0	2	0	0	0	1	4	0	0	1	1	1	0	2	3	1	0	4	1	3	1	3	0	0	0	1	1	1	0	6	1
40967	30 Mar 26	22:59:00	1	0	34	0	Ct	0	0	0	0	0	0	0	0	3	0	0	0	0	0	2	0	6	0	0	0	1	1	0	0	0	1	0	0	0	0	1	0	2	2
40968	30 Mar 26	23:00:00	1	0	34	0	Ct	0	0	3	0	2	0	0	0	2	0	1	0	0	0	2	2	0	3	2	0	3	3	0	2	0	3	0	0	3	4	5	0	0	2
40969	30 Mar 26	23:01:00	1	0	34	0	Ct	0	0	1	0	0	4	0	0	0	0	5	0	7	3	1	0	0	1	1	0	3	0	0	1	0	0	0	0	2	2	1	0	2	2
40970	30 Mar 26	23:02:00	1	0	34	0	Ct	0	0	4	0	0	3	0	2	0	0	0	0	2	2	1	0	1	2	1	0	1	0	0	2	0	0	0	4	1	3	3	0	2	2
40971	30 Mar 26	23:03:00	1	0	34	0	Ct	0	0	3	0	0	0	0	1	3	3	0	0	4	1	1	0	2	1	1	0	0	3	0	1	0	0	0	6	1	2	1	0	4	1
40972	30 Mar 26	23:04:00	1	0	34	0	Ct	0	0	0	0	0	0	0	1	1	1	0	0	3	0	3	0	0	0	0	0	2	0	0	0	0	0	0	0	4	0	1	0	4	1
40973	30 Mar 26	23:05:00	1	0	34	0	Ct	0	0	2	2	0	0	0	3	1	0	0	0	0	1	0	0	5	2	1	0	0	0	0	1	0	0	0	1	3	2	0	0	2	0
40974	30 Mar 26	23:06:00	1	0	34	0	Ct	0	0	0	2	0	0	0	3	2	0	0	0	0	1	4	0	0	3	0	0	4	0	0	1	0	0	0	2	2	1	2	0	4	0
40975	30 Mar 26	23:07:00	1	0	34	0	Ct	0	0	1	2	0	0	0	2	2	0	0	0	0	0	2	0	0	1	0	0	0	0	0	2	0	2	2	0	4	0	1	0	3	0
40976	30 Mar 26	23:08:00	1	0	34	0	Ct	0	0	2	1	0	0	0	3	2	0	0	0	0	0	3	0	0	2	0	0	2	0	0	0	0	0	0	1	3	1	3	0	4	2
40977	30 Mar 26	23:09:00	1	0	34	0	Ct	0	0	1	0	0	0	0	6	3	0	0	0	0	0	0	0	0	1	0	0	0	0	0	3	0	0	0	0	2	2	3	0	3	0
40978	30 Mar 26	23:10:00	1	0	34	0	Ct	0	0	1	2	0	1	0	2	2	0	2	0	1	0	1	0	1	1	2	0	0	0	0	2	0	0	0	2	4	2	1	0	3	3
40979	30 Mar 26	23:11:00	1	0	34	0	Ct	0	0	5	0	0	5	0	0	3	0	0	0	3	0	0	0	2	0	1	0	0	0	0	3	0	0	0	14	3	1	0	0	3	1
40980	30 Mar 26	23:12:00	1	0	34	0	Ct	0	0	1	3	0	0	0	0	7	0	3	0	1	1	1	0	2	1	1	0	0	1	0	3	0	0	0	2	2	1	1	0	3	0
40981	30 Mar 26	23:13:00	1	0	34	0	Ct	0	0	2	2	0	0	0	0	3	0	0	0	2	1	0	0	0	0	1	0	0	3	0	2	0	0	0	3	0	1	3	0	3	1
40982	30 Mar 26	23:14:00	1	0	34	0	Ct	0	0	1	3	0	0	0	0	3	0	1	0	1	0	0	0	1	2	0	0	0	4	0	2	0	0	0	1	2	1	2	0	3	0
40983	30 Mar 26	23:15:00	1	0	34	0	Ct	0	0	2	0	0	0	0	0	1	0	0	0	2	0	0	0	2	1	1	0	0	7	0	1	0	0	0	1	0	1	3	0	3	0
40984	30 Mar 26	23:16:00	1	0	34	0	Ct	0	0	2	3	0	0	0	0	2	0	0	0	1	0	0	0	1	0	4	0	0	0	0	2	0	0	0	3	0	2	5	0	1	3
40985	30 Mar 26	23:17:00	1	0	34	0	Ct	0	0	3	1	0	0	0	0	3	0	0	0	3	0	0	0	2	2	0	0	0	0	0	3	0	0	0	6	1	1	1	0	3	1
40986	30 Mar 26	23:18:00	1	0	34	0	Ct	0	0	2	1	0	0	0	0	4	1	2	0	2	0	0	0	0	3	1	0	0	0	0	2	0	0	0	5	0	1	2	0	4	2
40987	30 Mar 26	23:19:00	1	0	34	0	Ct	0	0	2	2	0	0	0	0	2	0	0	0	3	0	0	0	0	1	1	0	0	2	0	4	0	1	0	1	0	0	0	0	2	2
40988	30 Mar 26	23:20:00	1	0	34	0	Ct	0	0	2	0	0	0	0	0	5	0	2	0	1	4	0	0	0	1	1	0	0	1	0	2	0	1	0	0	0	0	2	0	3	5
40989	30 Mar 26	23:21:00	1	0	34	0	Ct	0	0	2	1	0	0	0	0	4	0	1	0	0	0	0	0	0	2	1	0	2	0	0	1	0	0	0	3	1	1	3	0	3	2
40990	30 Mar 26	23:22:00	1	0	34	0	Ct	0	0	3	0	0	0	0	1	2	1	0	0	0	1	0	0	0	5	0	0	4	0	0	3	0	0	0	2	5	2	0	0	3	4
40991	30 Mar 26	23:23:00	1	0	34	0	Ct	0	0	0	0	1	0	0	0	2	2	0	0	3	0	0	0	0	1	2	0	0	0	0	2	0	0	0	1	1	0	0	0	2	1
40992	30 Mar 26	23:24:00	1	0	34	0	Ct	0	0	3	0	1	0	0	0	2	0	0	0	1	1	0	0	0	3	0	0	0	0	0	0	0	0	0	0	4	1	0	0	3	2
40993	30 Mar 26	23:25:00	1	0	34	0	Ct	0	0	2	0	0	0	0	0	2	0	1	0	1	0	0	0	1	2	0	0	2	0	2	2	0	0	0	0	4	0	3	0	3	1
40994	30 Mar 26	23:26:00	1	0	34	0	Ct	0	0	1	0	0	2	0	0	4	0	3	0	5	0	1	0	0	2	0	0	0	2	0	0	0	0	0	2	5	1	2	0	4	1
40995	30 Mar 26	23:27:00	1	0	34	0	Ct	0	0	0	2	0	0	0	0	2	4	0	0	0	2	0	0	1	3	2	0	0	0	4	1	0	0	0	1	1	2	2	0	5	1
40996	30 Mar 26	23:28:00	1	0	34	0	Ct	0	0	1	0	0	0	0	1	2	0	2	0	0	2	0	0	0	1	2	0	0	0	0	2	0	0	0	4	4	0	1	0	3	1
40997	30 Mar 26	23:29:00	1	0	34	0	Ct	0	0	2	2	0	0	0	5	4	0	0	0	0	1	0	0	0	2	0	0	0	2	0	1	2	0	0	2	1	1	0	0	1	2
40998	30 Mar 26	23:30:00	1	0	34	0	Ct	0	0	2	1	0	0	0	2	5	1	2	0	1	2	0	0	0	4	1	0	2	2	0	0	4	0	0	4	1	1	1	0	1	2
40999	30 Mar 26	23:31:00	1	0	34	0	Ct	0	0	3	1	0	0	0	1	0	0	2	0	4	0	0	0	0	3	0	0	1	1	0	2	0	0	1	2	1	3	0	0	2	1
41000	30 Mar 26	23:32:00	1	0	34	0	Ct	0	0	3	1	0	0	0	0	2	0	0	0	1	0	1	6	0	2	0	0	1	0	0	2	0	0	0	0	1	0	1	0	5	1
41001	30 Mar 26	23:33:00	1	0	34	0	Ct	0	0	1	0	0	0	0	0	3	5	0	0	0	1	2	3	0	1	0	0	1	1	0	0	0	0	0	0	2	2	2	0	3	1
41002	30 Mar 26	23:34:00	1	0	34	0	Ct	0	0	5	0	0	0	0	0	4	1	0	0	0	2	0	3	1	2	1	0	3	2	0	0	0	0	0	0	3	1	1	0	5	3
41003	30 Mar 26	23:35:00	1	0	34	0	Ct	0	0	2	0	0	0	0	0	2	0	0	0	2	0	1	19	1	1	0	0	0	0	0	1	0	1	0	0	2	2	1	0	2	0
41004	30 Mar 26	23:36:00	1	0	34	0	Ct	0	0	1	0	0	0	0	0	2	0	0	0	3	2	2	0	0	3	3	0	1	0	0	1	0	0	0	0	0	2	0	0	4	3
41005	30 Mar 26	23:37:00	1	0	34	0	Ct	0	0	1	0	0	0	0	0	4	0	0	0	1	0	1	0	0	2	0	0	1	0	0	1	0	0	0	0	0	1	2	0	5	2
41006	30 Mar 26	23:38:00	1	0	34	0	Ct	0	0	0	0	0	0	0	0	2	1	0	0	0	3	0	1	1	2	1	0	1	0	0	2	0	0	0	1	1	0	0	0	8	1
41007	30 Mar 26	23:39:00	1	0	34	0	Ct	0	0	4	0	0	0	0	0	2	5	0	0	0	1	0	0	0	2	1	0	4	0	0	2	0	1	0	0	0	1	1	0	3	1
41008	30 Mar 26	23:40:00	1	0	34	0	Ct	0	0	1	0	0	1	0	0	2	2	0	0	2	0	0	0	0	6	1	0	1	3	0	2	0	1	0	0	1	1	1	0	3	0
41009	30 Mar 26	23:41:00	1	0	34	0	Ct	0	0	2	0	0	2	0	0	2	0	0	0	0	0	3	0	1	2	1	0	5	1	0	2	0	2	0	0	1	0	0	0	5	2
41010	30 Mar 26	23:42:00	1	0	34	0	Ct	0	0	1	0	0	4	0	0	2	0	0	0	0	0	3	0	1	3	2	0	3	3	0	1	0	1	0	0	2	0	1	0	2	2
41011	30 Mar 26	23:43:00	1	0	34	0	Ct	0	0	2	0	0	0	0	0	1	0	0	0	2	0	2	0	0	2	0	0	2	1	0	0	0	0	0	1	1	2	0	0	4	1
41012	30 Mar 26	23:44:00	1	0	34	0	Ct	0	0	0	0	0	0	0	0	8	1	0	0	2	0	0	0	1	2	0	0	1	0	0	0	3	0	0	0	1	1	0	0	3	2
41013	30 Mar 26	23:45:00	1	0	34	0	Ct	0	0	3	0	0	0	0	2	1	0	0	0	1	1	2	0	0	2	0	0	0	2	0	0	0	0	0	0	6	1	1	0	4	2
41014	30 Mar 26	23:46:00	1	0	34	0	Ct	0	0	1	0	0	0	0	3	0	2	0	0	0	1	0	0	0	1	1	0	0	2	0	2	0	0	0	2	0	1	3	0	4	2
41015	30 Mar 26	23:47:00	1	0	34	0	Ct	0	0	0	0	0	0	0	0	0	1	0	0	0	0	4	0	0	1	1	0	0	0	0	0	0	0	0	1	4	1	0	0	3	1
41016	30 Mar 26	23:48:00	1	0	34	0	Ct	0	0	4	0	0	0	0	2	2	4	0	0	1	0	3	0	0	4	1	0	2	3	0	0	0	0	0	1	0	1	1	0	3	0
41017	30 Mar 26	23:49:00	1	0	34	0	Ct	0	0	4	0	0	0	0	0	1	1	0	0	1	0	3	0	0	0	1	0	2	0	0	2	0	0	0	2	1	0	2	0	1	1
41018	30 Mar 26	23:50:00	1	0	34	0	Ct	0	0	1	0	0	0	0	2	3	1	0	0	2	0	4	0	0	1	0	0	5	3	0	1	0	0	0	2	3	1	1	0	4	1
41019	30 Mar 26	23:51:00	1	0	34	0	Ct	0	0	1	0	0	0	0	0	2	1	0	0	1	1	3	0	1	0	1	0	3	0	0	2	0	0	0	1	2	1	1	0	2	0
41020	30 Mar 26	23:52:00	1	0	34	0	Ct	0	0	1	0	0	0	0	1	2	0	0	0	2	1	5	0	1	1	1	0	2	0	0	2	0	0	0	0	2	2	1	0	2	0
41021	30 Mar 26	23:53:00	1	0	34	0	Ct	0	0	1	0	0	0	0	8	3	0	0	0	1	4	1	0	2	1	0	0	1	3	0	1	0	0	0	1	0	2	4	0	1	0
41022	30 Mar 26	23:54:00	1	0	34	0	Ct	0	0	1	0	0	0	0	0	6	2	0	0	5	2	1	0	2	1	2	0	2	0	0	3	0	0	0	2	2	1	1	0	3	0
41023	30 Mar 26	23:55:00	1	0	34	0	Ct	0	0	3	0	0	0	0	0	0	0	0	0	1	0	3	0	1	2	0	0	2	0	0	3	0	0	0	0	2	1	3	0	4	4
41024	30 Mar 26	23:56:00	1	0	34	0	Ct	0	0	1	0	0	0	0	0	2	1	0	0	0	2	5	0	1	3	0	0	2	0	3	1	0	0	0	1	4	1	0	0	3	0
41025	30 Mar 26	23:57:00	1	0	34	0	Ct	0	0	0	0	0	0	0	0	0	1	0	0	0	1	4	0	5	2	1	0	1	2	0	0	0	0	0	4	4	1	1	0	4	1
41026	30 Mar 26	23:58:00	1	0	34	0	Ct	0	0	1	0	0	0	0	0	5	0	0	0	0	3	3	0	2	3	0	0	1	5	0	0	1	1	0	1	2	0	1	0	5	2
41027	30 Mar 26	23:59:00	1	0	34	0	Ct	0	0	1	0	0	0	0	0	4	0	0	0	2	0	3	0	1	3	6	0	2	2	0	2	2	1	0	3	0	2	1	0	2	0
41028	31 Mar 26	00:00:00	1	0	34	0	Ct	0	0	3	0	0	0	0	0	4	0	0	0	0	2	1	0	0	0	0	0	1	1	0	2	0	1	0	5	0	0	2	0	2	3
41029	31 Mar 26	00:01:00	1	0	34	0	Ct	0	0	1	0	0	0	0	0	1	0	0	0	2	2	2	0	0	2	0	0	0	0	0	0	0	0	0	4	1	1	0	0	0	1
41030	31 Mar 26	00:02:00	1	0	34	0	Ct	0	0	0	0	0	0	0	0	2	0	0	0	3	0	0	0	0	2	3	0	0	0	0	0	0	0	0	1	2	1	0	0	0	1
41031	31 Mar 26	00:03:00	1	0	34	0	Ct	0	0	0	0	0	0	0	0	0	0	0	0	7	1	1	0	0	2	1	0	0	0	1	3	0	0	0	0	0	0	2	0	0	1
41032	31 Mar 26	00:04:00	1	0	34	0	Ct	0	0	1	0	0	0	0	0	0	0	0	0	2	1	2	0	0	1	2	0	0	3	0	0	0	0	0	2	1	0	2	0	1	4
41033	31 Mar 26	00:05:00	1	0	34	0	Ct	0	0	2	0	0	0	0	0	3	0	0	0	0	3	1	0	0	2	0	0	0	0	0	0	1	0	0	1	0	0	2	0	1	2
41034	31 Mar 26	00:06:00	1	0	34	0	Ct	0	0	1	0	0	0	0	0	3	1	0	0	0	1	2	0	0	4	0	0	10	2	0	0	1	0	0	3	0	2	1	0	1	0
41035	31 Mar 26	00:07:00	1	0	34	0	Ct	0	0	1	0	0	0	0	0	3	1	0	0	1	0	4	0	0	2	1	0	1	3	0	2	0	0	0	2	0	0	0	0	1	1
41036	31 Mar 26	00:08:00	1	0	34	0	Ct	0	0	4	0	0	0	0	0	0	0	0	0	4	1	1	1	0	3	1	0	2	0	0	0	0	0	0	1	0	2	0	0	2	2
41037	31 Mar 26	00:09:00	1	0	34	0	Ct	0	0	0	0	0	0	0	0	2	0	0	0	1	0	2	0	1	6	0	0	2	0	0	3	0	0	0	2	0	0	0	0	2	2
41038	31 Mar 26	00:10:00	1	0	34	0	Ct	0	0	0	0	0	0	0	0	2	0	0	2	1	0	3	0	1	0	0	0	0	2	0	2	0	0	0	0	1	3	0	0	2	2
41039	31 Mar 26	00:11:00	1	0	34	0	Ct	0	0	1	2	0	0	0	0	2	0	0	0	2	0	5	0	0	0	1	0	4	0	0	0	0	0	0	1	2	1	2	0	0	4
41040	31 Mar 26	00:12:00	1	0	34	0	Ct	0	0	0	1	0	0	0	0	3	0	0	0	1	2	3	0	1	2	1	0	0	0	0	0	0	0	0	10	2	4	0	0	4	2
41041	31 Mar 26	00:13:00	1	0	34	0	Ct	0	0	1	1	0	0	0	2	2	0	0	0	1	1	3	0	1	2	4	0	1	0	0	2	0	1	0	3	0	1	3	0	6	3
41042	31 Mar 26	00:14:00	1	0	34	0	Ct	0	0	2	0	0	0	0	2	2	0	0	0	2	0	4	0	0	1	0	0	1	0	0	0	0	0	0	5	1	0	0	0	2	2
41043	31 Mar 26	00:15:00	1	0	34	0	Ct	0	0	4	0	0	0	0	0	6	0	0	0	1	0	5	0	0	1	1	0	5	0	0	0	0	0	0	1	0	0	0	0	2	3
41044	31 Mar 26	00:16:00	1	0	34	0	Ct	0	0	2	0	0	0	0	0	2	0	0	0	2	3	4	0	0	0	0	0	3	0	0	3	0	0	0	2	0	3	1	0	4	3
41045	31 Mar 26	00:17:00	1	0	34	0	Ct	0	0	2	0	0	0	0	0	1	0	0	0	2	1	1	0	0	3	0	7	0	9	0	2	0	0	0	3	6	0	2	0	2	2
41046	31 Mar 26	00:18:00	1	0	34	0	Ct	0	0	1	0	0	0	0	3	2	0	0	0	0	1	0	0	2	5	0	3	6	3	0	1	1	0	0	0	0	3	3	0	4	2
41047	31 Mar 26	00:19:00	1	0	34	0	Ct	0	0	11	3	0	0	0	0	3	0	0	0	0	0	0	0	0	3	0	0	2	0	0	1	4	0	0	0	1	0	1	0	0	3
41048	31 Mar 26	00:20:00	1	0	34	0	Ct	0	0	0	0	0	0	0	1	3	3	0	0	0	0	0	0	1	2	0	0	0	0	0	1	2	0	0	1	1	1	3	0	2	3
41049	31 Mar 26	00:21:00	1	0	34	0	Ct	0	0	4	0	0	0	0	0	2	0	0	0	0	1	1	0	0	5	0	0	0	1	0	1	0	0	0	4	2	1	1	0	4	3
41050	31 Mar 26	00:22:00	1	0	34	0	Ct	0	0	4	1	0	0	0	1	5	2	0	0	3	1	2	0	1	5	1	0	0	2	0	2	5	0	0	3	2	0	2	0	4	1
41051	31 Mar 26	00:23:00	1	0	34	0	Ct	0	0	1	1	0	0	0	0	1	0	0	0	4	0	4	0	0	2	1	0	2	0	0	4	0	0	0	3	1	0	3	0	2	3
41052	31 Mar 26	00:24:00	1	0	34	0	Ct	0	0	0	0	0	0	0	4	2	0	0	0	2	0	1	0	0	3	0	0	1	0	0	1	0	1	0	37	0	0	1	0	1	2
41053	31 Mar 26	00:25:00	1	0	34	0	Ct	0	0	1	0	0	0	0	1	2	2	0	0	1	0	2	0	1	4	0	0	1	0	0	3	0	2	0	10	1	1	3	0	3	2
41054	31 Mar 26	00:26:00	1	0	34	0	Ct	0	0	1	0	0	0	0	0	3	1	0	0	0	0	0	4	0	2	0	0	0	0	0	2	0	0	0	2	0	1	1	0	0	0
41055	31 Mar 26	00:27:00	1	0	34	0	Ct	0	0	1	0	0	0	0	0	2	0	0	0	1	2	3	0	1	4	0	0	6	0	0	0	0	0	0	0	1	5	1	0	0	1
41056	31 Mar 26	00:28:00	1	0	34	0	Ct	0	0	2	0	0	0	0	0	2	1	0	0	2	1	3	0	0	0	1	0	2	0	0	2	0	0	0	3	1	1	2	0	2	2
41057	31 Mar 26	00:29:00	1	0	34	0	Ct	0	0	3	0	0	0	0	0	2	0	0	0	7	1	1	0	0	1	0	0	3	6	0	0	0	0	0	2	8	1	0	0	2	2
41058	31 Mar 26	00:30:00	1	0	34	0	Ct	0	0	3	0	0	0	0	0	1	2	0	0	0	2	2	0	0	2	0	0	3	3	0	2	0	0	0	2	0	0	1	0	5	2
41059	31 Mar 26	00:31:00	1	0	34	0	Ct	0	0	2	0	0	0	0	0	0	0	0	0	3	0	2	0	0	3	4	0	1	2	0	2	0	0	0	2	1	2	0	0	4	0
41060	31 Mar 26	00:32:00	1	0	34	0	Ct	0	0	2	0	0	0	0	0	0	0	0	0	2	1	3	0	2	2	2	0	0	5	0	2	0	0	0	0	0	0	0	0	5	1
41061	31 Mar 26	00:33:00	1	0	34	0	Ct	0	0	2	0	0	0	0	0	2	0	0	0	4	1	2	0	1	3	1	0	0	3	0	2	0	0	0	1	0	1	1	0	3	2
41062	31 Mar 26	00:34:00	1	0	34	0	Ct	0	0	2	0	0	0	0	0	1	2	0	0	1	1	4	0	0	2	0	0	0	1	0	0	0	0	0	0	1	2	0	0	3	2
41063	31 Mar 26	00:35:00	1	0	34	0	Ct	0	0	1	0	0	0	0	3	3	0	0	0	0	1	2	0	2	0	0	0	0	6	0	0	0	0	0	0	0	1	0	0	4	2
41064	31 Mar 26	00:36:00	1	0	34	0	Ct	0	0	1	0	0	0	0	1	1	1	0	0	1	0	6	0	0	2	0	0	0	4	0	0	0	0	0	0	1	1	2	0	4	1
41065	31 Mar 26	00:37:00	1	0	34	0	Ct	0	0	2	0	0	0	0	2	1	0	0	0	0	0	2	0	1	1	0	0	3	0	0	1	0	0	0	0	0	3	0	0	2	3
41066	31 Mar 26	00:38:00	1	0	34	0	Ct	0	0	2	0	0	0	0	1	3	1	0	0	0	1	4	0	1	4	1	0	0	1	0	2	0	0	0	1	0	3	2	0	0	2
41067	31 Mar 26	00:39:00	1	0	34	0	Ct	0	0	1	0	0	0	0	0	3	0	0	0	1	2	1	0	1	2	0	0	1	4	0	1	0	0	0	0	0	2	0	0	0	2
41068	31 Mar 26	00:40:00	1	0	34	0	Ct	0	0	1	0	0	0	0	0	2	1	0	0	0	0	2	0	0	2	0	0	0	0	0	0	0	0	0	0	2	0	1	0	0	2
41069	31 Mar 26	00:41:00	1	0	34	0	Ct	0	0	3	1	0	0	0	0	1	0	0	2	0	4	1	0	1	2	0	0	4	5	0	1	0	0	0	0	3	2	3	0	3	1
41070	31 Mar 26	00:42:00	1	0	34	0	Ct	0	0	4	0	0	0	0	1	3	4	0	0	0	3	2	0	2	3	0	0	3	3	0	1	0	0	0	0	12	1	1	0	0	0
41071	31 Mar 26	00:43:00	1	0	34	0	Ct	0	0	2	0	0	0	0	2	1	1	0	2	0	2	0	0	1	2	0	0	1	10	0	0	0	0	0	0	1	0	0	0	1	1
41072	31 Mar 26	00:44:00	1	0	34	0	Ct	0	0	2	0	0	0	0	0	3	2	0	0	2	0	0	0	0	0	0	0	0	0	0	0	0	0	0	0	0	0	1	0	4	2
41073	31 Mar 26	00:45:00	1	0	34	0	Ct	0	0	1	0	0	0	0	1	2	4	0	0	5	0	0	0	2	2	0	0	2	0	0	1	0	0	0	3	0	1	1	0	1	4
41074	31 Mar 26	00:46:00	1	0	34	0	Ct	0	0	0	0	0	0	0	0	3	3	0	0	4	2	2	0	1	1	1	0	2	3	0	2	1	0	0	0	1	0	2	0	3	4
41075	31 Mar 26	00:47:00	1	0	34	0	Ct	0	0	3	0	0	0	0	0	0	0	0	0	5	9	0	0	3	2	0	0	0	4	0	3	5	0	0	0	0	0	3	0	4	1
41076	31 Mar 26	00:48:00	1	0	34	0	Ct	0	0	6	0	0	0	0	0	2	0	0	0	0	0	0	0	0	2	0	0	3	0	0	0	3	0	0	0	2	0	1	0	3	0
41077	31 Mar 26	00:49:00	1	0	34	0	Ct	0	0	0	0	0	0	0	0	0	0	0	0	0	2	0	0	0	1	2	0	1	11	0	4	0	0	0	1	3	0	2	0	3	0
41078	31 Mar 26	00:50:00	1	0	34	0	Ct	0	0	2	4	0	0	0	0	0	3	0	0	0	0	0	0	0	3	0	0	2	0	0	3	0	0	0	0	2	1	2	0	4	0
41079	31 Mar 26	00:51:00	1	0	34	0	Ct	0	0	2	2	0	0	0	0	1	3	0	0	0	0	0	0	0	0	0	0	2	0	0	1	4	0	0	0	2	2	0	0	2	1
41080	31 Mar 26	00:52:00	1	0	34	0	Ct	0	0	0	0	0	0	0	0	0	1	0	0	0	0	0	0	0	1	1	0	0	0	0	1	0	0	0	0	1	1	3	0	2	2
41081	31 Mar 26	00:53:00	1	0	34	0	Ct	0	0	2	1	0	0	0	0	0	1	0	0	1	0	2	0	2	1	0	0	3	4	0	3	0	0	0	0	2	2	0	0	2	0
41082	31 Mar 26	00:54:00	1	0	34	0	Ct	0	0	2	3	0	0	0	0	2	6	0	0	1	0	3	0	0	3	1	0	1	1	0	0	8	0	0	0	1	0	1	0	3	1
41083	31 Mar 26	00:55:00	1	0	34	0	Ct	0	0	1	0	0	0	0	0	1	1	0	0	0	1	3	2	0	1	2	0	0	1	0	1	0	0	2	0	1	2	4	0	5	2
41084	31 Mar 26	00:56:00	1	0	34	0	Ct	0	0	3	0	0	0	0	0	0	1	0	0	0	0	1	4	1	2	0	0	0	1	0	1	0	0	0	0	2	0	6	0	2	1
41085	31 Mar 26	00:57:00	1	0	34	0	Ct	0	0	1	0	0	0	0	0	3	3	0	0	1	0	1	1	0	1	0	0	0	0	0	2	1	0	0	0	2	1	1	0	4	1
41086	31 Mar 26	00:58:00	1	0	34	0	Ct	0	0	2	0	0	0	0	0	2	0	0	0	0	1	0	18	1	1	0	0	0	1	0	0	4	2	0	0	2	1	0	0	4	3
41087	31 Mar 26	00:59:00	1	0	34	0	Ct	0	0	2	0	0	0	0	0	2	1	0	2	1	1	0	24	0	3	0	0	0	0	0	3	4	2	0	0	0	1	0	0	3	2
41088	31 Mar 26	01:00:00	1	0	34	0	Ct	0	0	3	0	0	0	0	4	3	0	0	2	3	0	0	0	0	2	1	0	0	1	0	1	8	0	0	0	1	0	0	0	0	1
41089	31 Mar 26	01:01:00	1	0	34	0	Ct	0	0	1	0	0	0	0	1	3	1	0	0	2	2	1	0	0	3	1	0	0	5	0	3	7	0	0	0	1	2	1	0	1	0
41090	31 Mar 26	01:02:00	1	0	34	0	Ct	0	0	2	0	0	0	0	1	1	1	0	2	1	1	3	0	0	1	0	0	0	5	0	0	4	0	0	0	1	2	1	0	2	0
41091	31 Mar 26	01:03:00	1	0	34	0	Ct	0	0	2	2	0	0	0	0	4	0	0	0	0	1	1	0	3	0	0	0	0	0	0	0	5	0	0	0	1	1	0	0	3	2
41092	31 Mar 26	01:04:00	1	0	34	0	Ct	0	0	2	1	0	0	0	0	9	0	0	0	2	1	2	0	0	4	0	0	0	0	0	2	1	0	0	0	1	2	1	0	2	2
41093	31 Mar 26	01:05:00	1	0	34	0	Ct	0	0	0	0	0	0	0	0	2	0	0	0	1	0	2	0	0	3	0	0	0	0	0	2	3	0	0	0	1	0	0	0	2	2
41094	31 Mar 26	01:06:00	1	0	34	0	Ct	0	0	3	1	0	0	0	0	0	0	0	0	2	0	1	2	0	1	0	0	3	0	0	1	3	0	0	0	2	0	1	0	3	1
41095	31 Mar 26	01:07:00	1	0	34	0	Ct	0	0	2	3	0	4	0	0	1	2	0	0	4	0	0	0	2	3	4	0	0	0	0	2	5	0	0	1	0	0	4	0	2	1
41096	31 Mar 26	01:08:00	1	0	34	0	Ct	0	0	1	0	0	0	0	0	2	2	0	0	1	0	3	0	0	3	0	0	0	2	0	3	3	0	0	3	1	1	1	0	8	2
41097	31 Mar 26	01:09:00	1	0	34	0	Ct	0	0	1	5	0	0	0	0	1	3	0	1	3	0	0	0	2	2	0	0	0	0	0	1	2	0	0	1	1	1	0	0	3	2
41098	31 Mar 26	01:10:00	1	0	34	0	Ct	0	0	5	0	0	0	0	0	0	2	0	2	0	1	2	0	0	3	1	0	0	0	0	2	2	0	2	0	1	0	0	0	2	1
41099	31 Mar 26	01:11:00	1	0	34	0	Ct	0	0	2	1	0	0	0	0	1	1	0	1	0	2	1	0	1	3	0	0	1	1	0	1	4	0	7	1	1	0	1	0	4	1
41100	31 Mar 26	01:12:00	1	0	34	0	Ct	0	0	1	1	0	0	0	0	4	0	0	0	5	0	2	0	1	5	0	0	1	2	0	3	3	0	1	4	3	0	2	0	4	1
41101	31 Mar 26	01:13:00	1	0	34	0	Ct	0	0	1	0	0	0	0	0	3	2	0	0	0	0	1	0	1	1	0	0	1	0	0	2	5	0	4	0	1	0	4	0	4	0
41102	31 Mar 26	01:14:00	1	0	34	0	Ct	0	0	0	0	0	0	0	0	2	3	0	0	0	1	0	0	0	2	0	0	0	0	0	2	2	0	2	0	0	0	1	0	2	0
41103	31 Mar 26	01:15:00	1	0	34	0	Ct	0	0	1	4	0	0	0	0	1	2	0	0	16	0	1	0	0	2	0	0	0	2	0	0	3	0	3	1	0	0	1	0	3	0
41104	31 Mar 26	01:16:00	1	0	34	0	Ct	0	0	1	1	0	1	0	0	2	3	0	0	6	2	1	0	0	2	3	0	0	2	0	1	5	0	1	2	2	3	0	0	3	0
41105	31 Mar 26	01:17:00	1	0	34	0	Ct	0	0	1	1	0	2	0	0	2	0	0	0	3	1	0	0	0	1	0	0	0	1	2	1	4	0	2	6	1	0	2	0	4	1
41106	31 Mar 26	01:18:00	1	0	34	0	Ct	0	0	0	0	0	5	0	0	1	0	0	2	7	0	0	0	0	1	1	0	2	0	1	3	2	0	2	4	1	0	1	0	4	0
41107	31 Mar 26	01:19:00	1	0	34	0	Ct	0	0	0	1	0	2	0	0	4	0	0	0	3	2	0	0	0	1	0	0	0	0	0	1	4	0	3	6	1	2	1	0	0	3
41108	31 Mar 26	01:20:00	1	0	34	0	Ct	0	0	2	0	0	3	0	0	9	0	0	0	0	2	0	1	0	3	0	0	0	4	0	1	4	0	3	1	0	1	3	0	0	0
41109	31 Mar 26	01:21:00	1	0	34	0	Ct	0	0	1	0	0	0	0	0	0	0	0	0	2	2	0	0	0	2	0	0	0	0	2	0	3	0	3	0	0	0	2	0	0	0
41110	31 Mar 26	01:22:00	1	0	34	0	Ct	0	0	4	0	0	0	0	0	0	5	0	2	0	2	0	0	0	2	1	0	0	1	0	0	5	0	12	1	0	1	0	0	1	0
41111	31 Mar 26	01:23:00	1	0	34	0	Ct	0	0	0	0	0	0	0	0	2	9	0	0	0	0	0	0	0	4	1	0	0	0	0	1	7	0	3	5	0	1	3	0	1	0
41112	31 Mar 26	01:24:00	1	0	34	0	Ct	0	0	1	1	0	0	0	0	1	0	0	0	1	0	0	0	0	3	2	0	0	2	3	0	4	0	0	0	2	4	2	0	0	2
41113	31 Mar 26	01:25:00	1	0	34	0	Ct	0	0	1	0	0	0	0	3	2	2	0	1	15	1	0	0	0	3	2	0	0	9	5	2	3	0	2	1	1	3	0	0	0	1
41114	31 Mar 26	01:26:00	1	0	34	0	Ct	0	0	0	0	0	0	0	1	2	0	0	6	12	1	2	0	0	0	1	0	0	0	0	2	3	0	1	0	4	0	0	0	2	3
41115	31 Mar 26	01:27:00	1	0	34	0	Ct	0	0	0	2	0	0	0	3	2	0	0	0	4	0	0	0	0	2	1	0	0	0	0	0	5	0	0	2	1	3	0	0	0	1
41116	31 Mar 26	01:28:00	1	0	34	0	Ct	0	0	0	7	0	0	0	2	1	1	0	1	1	0	0	2	0	6	0	0	0	2	0	3	1	0	5	1	2	0	0	0	0	1
41117	31 Mar 26	01:29:00	1	0	34	0	Ct	0	0	0	0	0	0	0	0	3	4	0	1	2	0	0	3	0	3	2	0	0	0	1	1	2	0	1	0	1	0	0	0	0	0
41118	31 Mar 26	01:30:00	1	0	34	0	Ct	0	0	0	0	0	3	0	0	4	1	0	0	2	1	0	0	0	1	0	0	0	0	1	3	3	0	3	0	2	2	2	0	0	2
41119	31 Mar 26	01:31:00	1	0	34	0	Ct	0	0	1	0	0	0	0	4	1	1	0	0	1	1	0	0	0	1	0	0	1	0	0	2	2	0	1	0	0	2	0	0	3	3
41120	31 Mar 26	01:32:00	1	0	34	0	Ct	0	0	1	0	0	0	0	0	1	3	0	0	2	2	1	0	4	0	0	0	0	0	0	1	4	2	2	0	0	1	0	0	0	2
41121	31 Mar 26	01:33:00	1	0	34	0	Ct	0	0	1	1	0	0	0	2	1	3	0	0	5	0	0	0	0	2	1	0	0	0	0	2	3	1	1	0	1	0	0	0	0	0
41122	31 Mar 26	01:34:00	1	0	34	0	Ct	0	0	3	0	0	0	0	2	3	1	0	0	2	1	0	0	0	2	1	0	0	4	0	0	4	0	2	0	2	1	2	0	0	3
41123	31 Mar 26	01:35:00	1	0	34	0	Ct	0	0	1	2	0	0	0	2	2	8	0	0	1	0	2	2	0	2	0	0	0	3	0	1	3	0	2	0	1	1	0	0	0	1
41124	31 Mar 26	01:36:00	1	0	34	0	Ct	0	0	2	0	0	0	0	7	3	1	0	0	0	0	0	0	0	1	1	0	0	0	0	2	1	2	2	1	1	2	4	0	0	2
41125	31 Mar 26	01:37:00	1	0	34	0	Ct	0	0	2	1	0	0	0	3	3	1	0	0	0	0	2	0	1	1	0	0	1	2	0	2	2	0	0	1	0	0	5	0	8	1
41126	31 Mar 26	01:38:00	1	0	34	0	Ct	0	0	2	1	0	0	0	3	4	21	0	0	1	2	0	0	0	1	1	0	1	0	0	2	2	0	3	0	1	1	0	0	0	0
41127	31 Mar 26	01:39:00	1	0	34	0	Ct	0	0	2	0	0	0	0	2	2	6	0	0	0	0	3	0	1	1	0	0	0	5	0	0	1	0	0	0	0	1	3	0	0	0
41128	31 Mar 26	01:40:00	1	0	34	0	Ct	0	0	1	1	0	2	0	0	2	1	0	0	0	1	2	0	2	3	0	0	1	2	0	3	2	0	4	1	0	1	0	0	0	0
41129	31 Mar 26	01:41:00	1	0	34	0	Ct	0	0	4	1	0	2	0	3	2	0	0	0	1	1	1	0	0	2	0	0	0	15	0	0	0	0	2	0	0	2	0	0	1	0
41130	31 Mar 26	01:42:00	1	0	34	0	Ct	0	0	1	1	0	0	0	1	2	0	0	0	2	3	1	0	0	1	1	0	0	3	0	3	3	0	1	0	0	0	0	0	0	3
41131	31 Mar 26	01:43:00	1	0	34	0	Ct	0	0	0	0	0	0	0	3	2	1	0	0	0	1	0	0	0	3	3	0	0	0	0	1	2	0	2	1	0	0	0	0	0	0
41132	31 Mar 26	01:44:00	1	0	34	0	Ct	0	0	0	0	0	0	0	0	1	0	0	0	1	0	0	0	0	4	0	0	0	0	0	2	1	1	4	0	0	1	0	0	0	0
41133	31 Mar 26	01:45:00	1	0	34	0	Ct	0	0	2	0	0	0	0	2	0	0	0	0	6	0	1	0	0	3	0	0	0	0	0	0	3	0	0	0	0	3	0	0	0	0
41134	31 Mar 26	01:46:00	1	0	34	0	Ct	0	0	2	1	0	0	0	0	0	0	0	0	0	0	2	0	0	2	0	0	0	0	0	2	2	0	4	0	0	3	0	0	0	1
41135	31 Mar 26	01:47:00	1	0	34	0	Ct	0	0	2	2	0	0	0	4	1	2	0	0	2	1	0	0	0	1	0	0	0	0	0	1	3	0	3	0	2	2	0	0	1	2
41136	31 Mar 26	01:48:00	1	0	34	0	Ct	0	0	0	1	0	0	0	3	2	2	0	0	0	1	0	3	0	2	3	0	0	2	0	1	3	0	6	7	1	0	3	0	0	1
41137	31 Mar 26	01:49:00	1	0	34	0	Ct	0	0	2	0	0	0	0	3	7	3	0	0	0	0	0	2	0	1	1	0	0	5	0	1	4	0	2	3	2	0	0	0	0	0
41138	31 Mar 26	01:50:00	1	0	34	0	Ct	0	0	0	0	0	0	0	4	0	2	0	0	0	0	0	3	0	4	0	0	0	0	0	2	1	0	1	5	1	1	0	0	2	2
41139	31 Mar 26	01:51:00	1	0	34	0	Ct	0	0	2	0	0	0	0	1	0	1	0	0	0	0	1	0	0	3	2	0	0	0	0	2	1	0	2	3	2	0	0	0	0	0
41140	31 Mar 26	01:52:00	1	0	34	0	Ct	0	0	3	0	0	0	0	2	0	2	0	0	3	0	0	0	0	1	0	0	0	6	1	1	4	1	3	2	3	0	0	0	2	1
41141	31 Mar 26	01:53:00	1	0	34	0	Ct	0	0	1	0	0	0	0	3	1	4	0	1	0	0	0	0	0	1	0	0	0	0	1	0	4	0	2	3	1	2	0	0	0	3
41142	31 Mar 26	01:54:00	1	0	34	0	Ct	0	0	1	0	0	1	0	2	2	2	0	2	0	2	0	0	0	2	0	0	0	0	0	0	3	5	3	2	2	0	0	0	0	2
41143	31 Mar 26	01:55:00	1	0	34	0	Ct	0	0	1	1	0	0	0	3	0	3	0	0	1	0	0	2	4	1	0	0	0	5	0	0	4	0	4	0	1	0	0	0	1	1
41144	31 Mar 26	01:56:00	1	0	34	0	Ct	0	0	4	0	0	3	0	2	1	1	0	0	2	1	0	0	0	3	0	0	0	1	0	1	13	0	1	4	0	0	0	0	0	3
41145	31 Mar 26	01:57:00	1	0	34	0	Ct	0	0	1	0	0	1	0	3	1	0	0	0	4	0	0	0	0	1	0	0	0	0	0	1	1	0	1	2	1	0	3	0	0	2
41146	31 Mar 26	01:58:00	1	0	34	0	Ct	0	0	4	0	0	3	0	2	0	0	0	2	1	0	0	0	0	3	0	0	1	0	0	1	13	0	1	1	0	0	0	0	0	1
41147	31 Mar 26	01:59:00	1	0	34	0	Ct	0	0	2	3	0	0	0	2	0	0	2	5	2	0	0	0	0	6	0	0	0	5	0	2	2	0	3	0	1	0	1	0	0	0
41148	31 Mar 26	02:00:00	1	0	34	0	Ct	0	0	1	1	0	3	0	3	4	3	1	0	5	0	0	0	0	0	0	0	0	0	0	1	3	0	2	1	0	3	0	0	0	0
41149	31 Mar 26	02:01:00	1	0	34	0	Ct	0	0	3	0	0	1	0	2	3	1	15	0	1	0	0	1	0	1	0	0	0	0	0	0	3	7	2	1	5	0	2	0	1	2
41150	31 Mar 26	02:02:00	1	0	34	0	Ct	0	0	1	0	0	3	0	5	1	1	0	0	1	1	0	2	0	2	1	0	0	0	0	1	1	8	0	4	0	0	2	0	3	3
41151	31 Mar 26	02:03:00	1	0	34	0	Ct	0	0	0	1	0	6	0	2	2	1	0	0	2	1	0	0	1	2	0	2	0	0	0	2	7	0	1	1	0	2	2	0	0	0
41152	31 Mar 26	02:04:00	1	0	34	0	Ct	0	0	1	0	0	1	0	0	0	2	0	0	1	2	0	5	1	1	0	3	0	2	2	1	4	3	1	1	0	1	1	0	0	4
41153	31 Mar 26	02:05:00	1	0	34	0	Ct	0	0	0	0	0	1	0	0	0	2	0	1	0	1	0	6	1	3	1	0	0	0	0	0	2	0	0	13	2	1	3	0	0	1
41154	31 Mar 26	02:06:00	1	0	34	0	Ct	0	0	0	1	0	4	0	0	1	1	0	2	0	0	0	4	0	2	0	0	0	0	0	2	2	0	2	4	1	1	3	0	0	1
41155	31 Mar 26	02:07:00	1	0	34	0	Ct	0	0	3	0	0	3	0	0	2	2	0	0	1	0	0	0	1	1	1	0	0	0	1	2	5	1	6	0	0	2	0	0	0	3
41156	31 Mar 26	02:08:00	1	0	34	0	Ct	0	0	2	0	0	3	0	0	0	2	0	0	0	2	0	2	0	3	1	0	0	0	2	3	2	0	1	0	1	0	1	0	2	3
41157	31 Mar 26	02:09:00	1	0	34	0	Ct	0	0	0	0	0	2	0	3	0	2	0	0	0	0	0	0	1	1	0	0	0	0	0	1	4	0	0	0	0	1	0	0	0	2
41158	31 Mar 26	02:10:00	1	0	34	0	Ct	0	0	1	0	0	2	0	2	1	2	0	2	2	0	0	2	1	0	0	0	0	0	3	1	1	0	2	0	0	0	0	0	0	2
41159	31 Mar 26	02:11:00	1	0	34	0	Ct	0	0	3	1	0	2	0	2	1	1	0	1	0	0	0	5	0	2	0	0	0	0	5	3	3	0	3	0	0	0	0	0	0	0
41160	31 Mar 26	02:12:00	1	0	34	0	Ct	0	0	0	1	0	1	0	2	0	3	0	0	5	2	0	4	1	2	0	0	0	0	5	0	3	0	0	0	6	0	0	0	6	2
41161	31 Mar 26	02:13:00	1	0	34	0	Ct	0	0	1	0	0	3	0	0	2	0	1	0	0	1	0	1	1	2	0	0	0	0	2	1	4	0	2	3	3	0	0	0	2	1
41162	31 Mar 26	02:14:00	1	0	34	0	Ct	0	0	1	0	0	5	0	2	1	2	0	0	0	2	0	0	1	1	1	0	0	0	1	1	17	1	2	0	0	0	1	0	0	1
41163	31 Mar 26	02:15:00	1	0	34	0	Ct	0	0	0	1	0	4	0	2	1	2	0	0	0	1	0	0	0	2	0	0	0	0	3	0	5	0	3	0	0	1	3	0	0	1
41164	31 Mar 26	02:16:00	1	0	34	0	Ct	0	0	2	1	0	2	0	1	0	0	0	0	2	0	0	3	0	1	0	0	0	0	1	1	3	0	1	0	0	0	0	0	0	1
41165	31 Mar 26	02:17:00	1	0	34	0	Ct	0	0	1	0	0	2	0	4	2	0	0	0	1	3	0	2	0	4	1	0	0	0	0	3	5	2	1	0	0	1	2	0	1	0
41166	31 Mar 26	02:18:00	1	0	34	0	Ct	0	0	2	2	0	1	0	0	2	0	0	0	3	1	0	3	1	1	0	2	0	0	4	0	3	1	1	0	0	2	2	0	0	0
41167	31 Mar 26	02:19:00	1	0	34	0	Ct	0	0	0	0	0	3	0	4	0	1	0	0	1	0	0	0	0	5	1	2	0	0	1	0	3	2	0	0	0	0	2	0	2	0
41168	31 Mar 26	02:20:00	1	0	34	0	Ct	0	0	1	2	0	3	0	2	1	2	0	0	0	0	0	2	0	2	0	1	0	0	1	0	2	0	0	0	0	1	1	0	1	2
41169	31 Mar 26	02:21:00	1	0	34	0	Ct	0	0	1	3	0	1	0	2	2	2	0	0	0	0	0	2	0	2	0	0	1	0	2	1	2	0	1	0	1	1	2	0	4	2
41170	31 Mar 26	02:22:00	1	0	34	0	Ct	0	0	3	3	0	1	0	3	1	1	0	0	0	0	0	1	0	1	1	3	0	0	0	4	3	0	0	0	2	0	0	0	1	0
41171	31 Mar 26	02:23:00	1	0	34	0	Ct	0	0	1	3	0	3	0	2	0	1	0	0	0	2	0	2	0	2	1	0	0	0	1	2	4	0	0	0	0	0	0	0	3	3
41172	31 Mar 26	02:24:00	1	0	34	0	Ct	0	0	6	1	0	1	0	0	1	2	0	0	0	0	0	2	0	1	0	0	0	0	1	0	2	0	0	0	0	0	0	0	6	1
41173	31 Mar 26	02:25:00	1	0	34	0	Ct	0	0	0	0	0	7	0	0	2	1	0	0	0	0	0	3	0	2	0	0	11	0	1	1	5	0	0	0	0	0	0	0	6	1
41174	31 Mar 26	02:26:00	1	0	34	0	Ct	0	0	0	0	0	1	0	0	1	2	0	0	0	0	0	2	0	1	2	0	1	0	3	2	0	0	0	0	0	0	2	0	3	0
41175	31 Mar 26	02:27:00	1	0	34	0	Ct	0	0	2	0	0	2	0	0	2	1	0	0	0	0	0	1	0	3	1	0	0	0	0	2	3	1	0	0	3	0	0	0	5	2
41176	31 Mar 26	02:28:00	1	0	34	0	Ct	0	0	1	0	0	0	0	2	3	3	0	0	0	2	4	1	0	3	1	0	0	0	2	1	2	0	0	0	0	1	0	0	3	3
41177	31 Mar 26	02:29:00	1	0	34	0	Ct	0	0	1	0	0	1	0	0	3	2	0	0	0	0	0	3	0	4	0	0	1	3	2	2	3	0	2	0	1	0	3	0	4	0
41178	31 Mar 26	02:30:00	1	0	34	0	Ct	0	0	0	0	0	1	0	0	2	4	0	0	2	0	1	1	0	2	1	0	0	0	1	2	1	0	2	3	5	1	1	0	6	2
41179	31 Mar 26	02:31:00	1	0	34	0	Ct	0	0	4	0	0	0	0	0	3	2	0	0	13	1	3	1	0	1	0	0	0	0	1	1	0	0	1	3	2	0	1	0	2	1
41180	31 Mar 26	02:32:00	1	0	34	0	Ct	0	0	2	0	0	1	0	2	3	1	0	0	0	1	0	5	2	4	0	1	0	0	1	1	5	0	3	2	0	4	0	0	4	1
41181	31 Mar 26	02:33:00	1	0	34	0	Ct	0	0	2	0	0	1	0	2	3	0	0	0	1	0	0	0	2	7	0	6	0	0	3	0	1	1	2	5	0	0	2	0	2	1
41182	31 Mar 26	02:34:00	1	0	34	0	Ct	0	0	1	3	0	1	0	2	1	2	0	0	2	0	0	0	0	5	0	3	0	1	3	1	2	1	2	0	2	2	3	0	4	0
41183	31 Mar 26	02:35:00	1	0	34	0	Ct	0	0	2	0	0	1	0	0	4	3	0	0	0	2	0	0	1	1	1	2	0	0	3	2	3	0	0	1	1	0	0	0	6	2
41184	31 Mar 26	02:36:00	1	0	34	0	Ct	0	0	1	1	0	1	0	1	1	2	0	0	0	1	0	0	0	1	0	5	0	0	0	1	4	0	0	1	0	1	0	0	4	2
41185	31 Mar 26	02:37:00	1	0	34	0	Ct	0	0	10	1	0	2	0	2	1	0	0	0	0	0	0	0	1	2	1	2	0	0	1	1	2	0	0	0	3	1	0	0	1	2
41186	31 Mar 26	02:38:00	1	0	34	0	Ct	0	0	0	0	0	3	0	2	2	2	0	0	0	2	0	0	1	1	1	1	0	0	3	2	1	0	0	0	3	2	0	0	3	1
41187	31 Mar 26	02:39:00	1	0	34	0	Ct	0	0	1	0	0	2	0	1	3	1	0	0	0	0	0	1	0	3	0	2	0	0	3	1	2	1	0	0	2	2	3	0	2	2
41188	31 Mar 26	02:40:00	1	0	34	0	Ct	0	0	1	1	0	1	0	0	0	5	0	0	3	1	0	5	0	3	0	2	0	1	1	1	3	0	0	0	0	1	10	0	3	1
41189	31 Mar 26	02:41:00	1	0	34	0	Ct	0	0	2	2	0	1	0	3	0	0	0	1	0	1	0	4	0	1	0	0	0	0	2	2	3	0	0	0	1	1	1	0	2	2
41190	31 Mar 26	02:42:00	1	0	34	0	Ct	0	0	3	2	0	4	0	2	0	0	0	2	0	1	0	0	0	0	2	0	0	0	3	3	4	0	0	1	2	1	4	0	1	2
41191	31 Mar 26	02:43:00	1	0	34	0	Ct	0	0	0	0	0	3	0	2	1	2	0	1	1	0	0	1	0	1	1	0	0	0	2	5	3	0	0	1	2	2	1	0	3	2
41192	31 Mar 26	02:44:00	1	0	34	0	Ct	0	0	1	0	0	2	0	1	3	2	0	1	0	0	0	0	0	0	1	0	0	0	2	0	3	1	0	2	3	2	2	0	2	1
41193	31 Mar 26	02:45:00	1	0	34	0	Ct	0	0	2	0	0	0	0	2	1	1	0	2	5	0	0	0	0	4	0	0	1	0	3	2	2	0	0	0	1	0	0	0	4	2
41194	31 Mar 26	02:46:00	1	0	34	0	Ct	0	0	2	0	0	1	0	1	2	2	0	2	7	0	0	0	0	10	1	0	0	0	1	1	3	4	1	0	4	1	1	0	3	0
41195	31 Mar 26	02:47:00	1	0	34	0	Ct	0	0	2	0	0	2	0	1	0	2	3	2	1	1	0	3	0	1	0	0	0	2	3	2	3	1	0	1	1	3	0	0	2	3
41196	31 Mar 26	02:48:00	1	0	34	0	Ct	0	0	0	0	0	0	0	2	0	0	0	2	0	0	0	1	0	0	0	0	0	2	2	0	2	1	3	0	1	1	0	0	2	0
41197	31 Mar 26	02:49:00	1	0	34	0	Ct	0	0	3	0	0	2	0	1	0	3	0	0	2	2	0	0	0	1	2	0	0	0	1	5	1	0	3	0	0	0	5	0	2	1
41198	31 Mar 26	02:50:00	1	0	34	0	Ct	0	0	3	0	0	2	0	3	1	0	0	0	1	1	0	0	0	1	0	0	0	5	0	2	1	0	0	0	0	2	0	0	5	0
41199	31 Mar 26	02:51:00	1	0	34	0	Ct	0	0	1	3	0	1	0	2	5	2	0	0	6	0	0	6	0	1	1	0	0	2	0	0	2	0	2	0	0	0	0	0	4	0
41200	31 Mar 26	02:52:00	1	0	34	0	Ct	0	0	3	1	0	1	0	1	1	3	1	2	2	1	0	3	0	2	2	0	0	0	0	2	1	0	1	1	2	0	0	0	1	0
41201	31 Mar 26	02:53:00	1	0	34	0	Ct	0	0	1	0	0	1	0	0	1	1	0	5	0	0	0	2	0	1	0	0	0	3	0	0	2	0	4	0	0	0	0	0	1	1
41202	31 Mar 26	02:54:00	1	0	34	0	Ct	0	0	1	0	0	1	0	0	3	0	0	2	1	0	0	2	1	1	0	0	0	2	3	0	3	0	1	0	3	3	0	0	2	4
41203	31 Mar 26	02:55:00	1	0	34	0	Ct	0	0	0	0	0	2	0	2	2	1	0	4	5	0	0	0	1	2	1	0	0	0	3	0	1	0	2	0	1	0	1	0	3	1
41204	31 Mar 26	02:56:00	1	0	34	0	Ct	0	0	2	0	0	0	0	2	1	3	0	0	1	0	0	0	2	1	1	0	0	0	1	2	3	0	3	1	0	0	1	0	3	1
41205	31 Mar 26	02:57:00	1	0	34	0	Ct	0	0	0	0	0	1	0	1	1	2	0	0	4	2	0	0	1	2	1	0	0	4	3	0	5	1	0	0	0	0	0	0	4	1
41206	31 Mar 26	02:58:00	1	0	34	0	Ct	0	0	0	0	0	1	0	3	1	0	0	0	3	0	0	0	1	1	0	0	0	0	0	0	0	0	0	1	0	1	0	0	2	2
41207	31 Mar 26	02:59:00	1	0	34	0	Ct	0	0	0	0	0	1	0	4	0	2	4	1	0	0	0	0	0	2	1	0	0	1	0	0	1	0	2	2	0	2	0	0	4	2
41208	31 Mar 26	03:00:00	1	0	34	0	Ct	0	0	0	0	0	2	0	1	2	2	0	0	0	2	0	1	0	1	0	0	0	0	1	2	5	0	1	0	3	0	0	0	8	4
41209	31 Mar 26	03:01:00	1	0	34	0	Ct	0	0	2	0	0	3	0	2	1	1	1	0	2	0	0	7	0	2	2	0	0	0	2	0	4	1	1	1	1	0	0	0	3	1
41210	31 Mar 26	03:02:00	1	0	34	0	Ct	0	0	2	0	0	2	0	3	1	3	0	0	2	0	0	0	0	1	1	0	0	0	1	0	1	0	1	6	3	1	0	0	2	3
41211	31 Mar 26	03:03:00	1	0	34	0	Ct	0	0	1	1	0	2	0	3	2	1	0	0	1	0	0	1	0	2	1	0	0	0	2	3	1	1	0	20	0	2	0	0	4	3
41212	31 Mar 26	03:04:00	1	0	34	0	Ct	0	0	2	1	0	4	0	0	2	0	0	0	0	1	0	0	0	0	0	0	0	5	1	0	3	0	4	1	4	0	1	0	4	1
41213	31 Mar 26	03:05:00	1	0	34	0	Ct	0	0	2	2	0	0	0	5	1	0	0	0	3	0	0	1	0	0	1	0	0	6	2	2	3	0	2	0	1	2	4	0	4	0
41214	31 Mar 26	03:06:00	1	0	34	0	Ct	0	0	0	0	0	3	0	0	1	1	0	0	0	1	0	2	0	0	0	0	0	1	0	2	3	0	5	0	1	0	1	0	2	0
41215	31 Mar 26	03:07:00	1	0	34	0	Ct	0	0	0	0	0	1	0	0	0	1	0	0	0	2	0	0	0	0	1	0	0	0	2	1	3	0	7	0	0	0	2	0	2	0
41216	31 Mar 26	03:08:00	1	0	34	0	Ct	0	0	2	0	0	2	0	0	0	0	0	0	0	1	0	2	0	0	0	0	0	0	1	1	2	0	5	3	0	1	1	0	5	0
41217	31 Mar 26	03:09:00	1	0	34	0	Ct	0	0	1	0	0	0	0	0	0	0	0	0	1	0	0	0	0	0	0	0	0	0	4	1	3	0	0	1	0	0	1	0	4	0
41218	31 Mar 26	03:10:00	1	0	34	0	Ct	0	0	1	0	0	5	0	4	2	4	2	0	2	0	0	0	0	0	0	0	0	0	2	2	2	0	3	2	0	0	0	0	3	0
41219	31 Mar 26	03:11:00	1	0	34	0	Ct	0	0	0	0	0	1	0	2	1	0	0	0	1	1	0	0	0	0	0	0	0	0	2	1	0	0	10	1	0	3	0	0	3	0
41220	31 Mar 26	03:12:00	1	0	34	0	Ct	0	0	0	1	0	4	0	1	3	0	1	0	7	2	0	0	0	0	0	0	0	1	2	2	1	0	0	0	0	0	0	0	3	1
41221	31 Mar 26	03:13:00	1	0	34	0	Ct	0	0	0	0	0	0	0	1	1	1	1	1	0	0	0	1	0	0	2	0	0	1	0	1	3	0	3	1	1	0	0	0	4	7
41222	31 Mar 26	03:14:00	1	0	34	0	Ct	0	0	0	0	0	3	0	0	3	2	1	0	3	0	0	6	0	0	0	1	0	0	0	0	1	0	0	0	3	0	0	0	2	1
41223	31 Mar 26	03:15:00	1	0	34	0	Ct	0	0	0	0	0	2	0	0	2	0	4	0	0	0	0	0	0	0	1	2	0	0	2	1	1	0	0	2	1	1	0	0	3	1
41224	31 Mar 26	03:16:00	1	0	34	0	Ct	0	0	0	0	0	1	0	0	3	0	3	3	0	0	0	2	0	0	1	3	0	0	1	1	1	0	4	0	0	0	0	0	3	0
41225	31 Mar 26	03:17:00	1	0	34	0	Ct	0	0	1	1	0	5	0	0	1	0	0	1	1	5	0	3	0	0	1	1	0	5	1	1	0	0	1	0	0	0	0	0	3	0
41226	31 Mar 26	03:18:00	1	0	34	0	Ct	0	0	1	1	0	0	0	0	4	1	5	5	0	3	0	0	0	0	2	0	0	0	2	2	0	0	2	2	1	1	0	0	4	0
41227	31 Mar 26	03:19:00	1	0	34	0	Ct	0	0	0	0	0	0	0	1	0	2	7	2	2	0	0	1	0	1	2	2	0	0	2	0	0	0	2	2	0	2	0	0	4	1
41228	31 Mar 26	03:20:00	1	0	34	0	Ct	0	0	1	0	0	1	0	2	1	3	0	0	2	1	0	0	0	0	0	4	0	0	3	2	0	0	1	0	2	0	0	0	2	1
41229	31 Mar 26	03:21:00	1	0	34	0	Ct	0	0	1	0	0	1	0	1	1	1	3	0	3	1	0	0	0	0	0	0	0	0	2	1	0	0	0	0	17	2	0	0	3	0
41230	31 Mar 26	03:22:00	1	0	34	0	Ct	0	0	1	0	0	1	0	0	0	0	5	1	3	2	0	2	2	0	0	0	0	0	2	0	0	0	1	1	1	1	0	0	3	1
41231	31 Mar 26	03:23:00	1	0	34	0	Ct	0	0	0	0	0	1	0	1	0	1	6	0	3	0	0	4	1	0	0	0	0	0	2	0	3	1	2	0	0	1	0	0	3	0
41232	31 Mar 26	03:24:00	1	0	34	0	Ct	0	0	2	0	0	1	0	2	0	3	1	0	1	0	0	0	2	0	2	0	0	8	2	0	2	1	2	0	0	0	0	0	0	0
41233	31 Mar 26	03:25:00	1	0	34	0	Ct	0	0	3	0	0	2	0	2	0	0	0	0	0	1	0	2	0	0	2	0	0	0	1	2	2	1	2	0	0	0	0	0	3	1
41234	31 Mar 26	03:26:00	1	0	34	0	Ct	0	0	1	0	0	6	0	4	1	3	0	0	0	1	0	1	2	0	1	0	0	3	2	2	2	0	1	2	0	0	3	0	3	0
41235	31 Mar 26	03:27:00	1	0	34	0	Ct	0	0	2	0	0	1	0	4	2	1	0	0	1	2	0	0	0	0	1	0	0	2	1	1	4	0	0	2	0	0	5	0	2	0
41236	31 Mar 26	03:28:00	1	0	34	0	Ct	0	0	2	0	0	2	0	1	1	1	0	1	0	1	0	3	2	1	0	5	0	1	2	2	2	0	5	2	0	0	2	0	3	0
41237	31 Mar 26	03:29:00	1	0	34	0	Ct	0	0	1	0	0	1	0	2	1	1	0	0	0	2	0	0	0	0	0	3	0	1	2	6	4	0	4	0	0	0	1	0	3	0
41238	31 Mar 26	03:30:00	1	0	34	0	Ct	0	0	4	0	0	2	0	0	4	2	0	4	0	1	0	1	1	0	1	3	0	2	2	1	2	0	0	0	0	2	0	0	3	1
41239	31 Mar 26	03:31:00	1	0	34	0	Ct	0	0	0	0	0	0	0	2	1	2	0	17	3	1	0	3	0	0	1	1	0	0	1	0	5	0	3	0	2	0	0	0	2	2
41240	31 Mar 26	03:32:00	1	0	34	0	Ct	0	0	2	0	0	8	0	3	1	1	0	0	2	1	0	0	0	0	1	3	0	0	2	1	4	0	3	0	4	2	0	0	2	0
41241	31 Mar 26	03:33:00	1	0	34	0	Ct	0	0	2	0	0	6	0	2	0	0	0	0	1	2	0	3	2	1	1	0	0	2	2	1	1	0	0	0	4	1	0	0	1	1
41242	31 Mar 26	03:34:00	1	0	34	0	Ct	0	0	0	0	0	2	0	1	0	0	0	0	1	1	0	2	1	0	1	0	0	3	2	0	3	0	1	0	1	4	0	0	0	2
41243	31 Mar 26	03:35:00	1	0	34	0	Ct	0	0	0	0	0	1	0	3	0	1	0	0	0	0	0	3	3	0	1	2	0	2	3	0	2	0	1	1	0	1	0	0	4	4
41244	31 Mar 26	03:36:00	1	0	34	0	Ct	0	0	1	0	0	2	0	1	2	3	0	0	0	0	0	1	0	0	2	2	0	0	1	2	3	0	5	0	0	1	0	0	3	0
41245	31 Mar 26	03:37:00	1	0	34	0	Ct	0	0	3	2	0	0	0	3	1	2	0	1	0	5	0	1	0	0	0	0	0	2	2	1	2	1	3	0	3	1	0	0	4	0
41246	31 Mar 26	03:38:00	1	0	34	0	Ct	0	0	1	1	0	3	0	2	3	4	0	6	0	0	0	1	0	0	0	1	0	0	2	0	2	0	2	1	1	0	4	0	0	0
41247	31 Mar 26	03:39:00	1	0	34	0	Ct	0	0	1	1	0	0	0	2	1	1	0	0	2	0	0	0	0	0	0	0	0	0	2	1	3	0	4	1	1	0	0	0	4	0
41248	31 Mar 26	03:40:00	1	0	34	0	Ct	0	0	1	0	0	2	0	3	1	1	0	1	2	1	4	3	0	0	1	3	0	3	4	1	0	1	1	0	0	0	0	0	3	2
41249	31 Mar 26	03:41:00	1	0	34	0	Ct	0	0	1	0	0	4	0	1	1	2	0	0	3	0	1	3	0	1	3	3	0	0	1	1	1	1	0	0	0	2	0	0	3	2
41250	31 Mar 26	03:42:00	1	0	34	0	Ct	0	0	0	0	0	1	0	0	4	0	0	10	2	4	4	0	0	1	1	4	0	0	3	1	1	0	3	0	1	1	0	0	5	0
41251	31 Mar 26	03:43:00	1	0	34	0	Ct	0	0	2	0	0	0	0	0	3	1	0	2	4	2	9	1	0	0	0	0	0	0	1	2	3	1	2	1	1	0	4	0	2	0
41252	31 Mar 26	03:44:00	1	0	34	0	Ct	0	0	1	0	0	3	0	0	9	1	0	3	2	0	0	5	0	0	0	0	0	0	2	2	2	1	2	2	0	0	1	0	3	0
41253	31 Mar 26	03:45:00	1	0	34	0	Ct	0	0	1	0	0	1	0	1	2	0	0	3	3	1	0	0	3	0	1	0	0	0	0	0	5	2	4	0	0	1	0	0	7	0
41254	31 Mar 26	03:46:00	1	0	34	0	Ct	0	0	3	1	0	1	0	2	0	2	0	1	1	2	0	3	0	0	0	0	0	0	1	1	4	1	1	0	3	2	5	0	2	0
41255	31 Mar 26	03:47:00	1	0	34	0	Ct	0	0	2	0	0	2	0	3	1	2	0	3	0	1	0	0	0	1	0	0	0	0	1	1	2	1	2	0	1	2	1	0	1	1
41256	31 Mar 26	03:48:00	1	0	34	0	Ct	0	0	3	0	0	1	0	0	1	1	0	0	1	1	0	0	0	1	2	5	0	5	2	1	2	1	1	0	0	0	3	0	2	1
41257	31 Mar 26	03:49:00	1	0	34	0	Ct	0	0	0	0	0	2	0	2	0	2	0	1	2	0	0	0	0	0	0	1	0	0	2	2	3	0	2	0	3	0	6	0	4	3
41258	31 Mar 26	03:50:00	1	0	34	0	Ct	0	0	0	0	0	2	0	1	0	1	0	1	6	0	0	0	0	0	1	4	0	2	2	1	4	0	0	1	0	0	1	0	4	1
41259	31 Mar 26	03:51:00	1	0	34	0	Ct	0	0	2	8	0	0	0	1	1	0	0	0	3	1	0	1	0	1	0	3	0	5	2	2	3	0	0	0	5	0	5	0	5	0
41260	31 Mar 26	03:52:00	1	0	34	0	Ct	0	0	0	0	0	2	0	1	0	2	0	0	4	1	0	1	0	0	0	0	0	6	2	3	2	0	1	0	5	0	0	0	3	2
41261	31 Mar 26	03:53:00	1	0	34	0	Ct	0	0	2	0	0	4	0	2	2	2	2	0	0	0	0	0	2	0	0	0	0	0	2	2	3	0	4	0	2	0	0	0	2	0
41262	31 Mar 26	03:54:00	1	0	34	0	Ct	0	0	2	0	0	0	0	2	2	3	4	0	3	1	0	2	1	2	0	5	0	0	0	0	3	0	0	0	1	0	1	0	3	1
41263	31 Mar 26	03:55:00	1	0	34	0	Ct	0	0	2	0	0	1	0	2	1	3	2	0	0	3	0	2	0	4	0	2	0	2	3	2	3	0	1	3	1	0	1	0	5	2
41264	31 Mar 26	03:56:00	1	0	34	0	Ct	0	0	2	0	0	2	0	1	1	1	9	0	3	0	0	0	0	1	0	1	0	2	1	0	3	0	3	0	1	1	2	0	6	1
41265	31 Mar 26	03:57:00	1	0	34	0	Ct	0	0	1	0	0	1	0	2	2	2	2	0	3	1	0	3	1	1	1	0	0	1	2	0	3	0	2	0	0	1	4	0	3	2
41266	31 Mar 26	03:58:00	1	0	34	0	Ct	0	0	1	0	0	2	0	2	0	0	0	0	1	1	0	3	0	0	0	0	0	10	3	0	4	2	1	3	3	2	2	0	2	2
41267	31 Mar 26	03:59:00	1	0	34	0	Ct	0	0	4	0	0	1	0	0	2	1	0	1	1	1	0	2	1	0	0	0	0	3	2	2	1	1	2	1	2	0	2	0	2	2
41268	31 Mar 26	04:00:00	1	0	34	0	Ct	0	0	2	0	0	0	0	3	1	3	1	0	0	0	0	0	1	0	0	0	0	4	3	1	4	0	0	0	0	0	0	0	5	0
41269	31 Mar 26	04:01:00	1	0	34	0	Ct	0	0	1	0	0	3	0	2	0	1	0	0	4	1	0	1	0	0	2	0	0	3	3	1	3	0	1	1	1	0	1	0	0	1
41270	31 Mar 26	04:02:00	1	0	34	0	Ct	0	0	2	2	0	1	0	1	0	2	0	0	3	1	3	1	0	0	0	0	0	0	3	0	2	3	2	0	3	3	0	0	0	2
41271	31 Mar 26	04:03:00	1	0	34	0	Ct	0	0	1	0	0	2	0	0	1	1	2	0	1	1	3	1	0	0	3	0	0	0	2	1	1	0	0	2	4	1	0	0	3	0
41272	31 Mar 26	04:04:00	1	0	34	0	Ct	0	0	0	0	0	1	0	3	11	2	5	0	1	2	0	1	0	0	0	0	0	2	2	1	1	0	3	0	0	0	0	0	0	0
41273	31 Mar 26	04:05:00	1	0	34	0	Ct	0	0	1	1	0	2	0	1	0	1	1	3	1	0	3	1	1	0	0	0	0	1	1	2	2	0	1	0	3	0	0	0	2	0
41274	31 Mar 26	04:06:00	1	0	34	0	Ct	0	0	1	0	0	2	0	0	2	0	2	0	1	0	0	2	1	1	0	5	0	0	2	1	2	0	1	0	0	3	0	0	2	0
41275	31 Mar 26	04:07:00	1	0	34	0	Ct	0	0	3	1	0	3	0	0	1	2	3	10	4	3	0	1	0	0	0	2	0	0	2	2	3	0	2	4	2	1	0	0	3	5
41276	31 Mar 26	04:08:00	1	0	34	0	Ct	0	0	3	0	0	0	0	0	0	2	0	3	0	1	0	0	2	0	1	0	0	0	1	0	1	0	3	0	0	2	0	0	3	2
41277	31 Mar 26	04:09:00	1	0	34	0	Ct	0	0	1	0	0	1	0	5	0	1	0	1	0	3	0	4	0	0	0	1	0	0	2	1	1	0	5	0	1	1	3	0	5	2
41278	31 Mar 26	04:10:00	1	0	34	0	Ct	0	0	2	0	0	1	0	2	1	0	0	0	0	0	0	0	2	0	0	0	0	0	2	2	0	0	1	0	3	3	0	0	5	2
41279	31 Mar 26	04:11:00	1	0	34	0	Ct	0	0	2	0	0	3	0	1	1	0	0	3	1	1	0	0	0	2	0	0	0	0	2	1	1	0	2	0	4	1	6	0	10	3
41280	31 Mar 26	04:12:00	1	0	34	0	Ct	0	0	1	0	0	2	0	4	1	1	0	0	1	1	0	0	0	0	0	3	0	0	2	0	3	0	2	0	2	0	0	0	4	1
41281	31 Mar 26	04:13:00	1	0	34	0	Ct	0	0	0	0	0	2	0	2	2	3	1	1	4	1	0	0	0	3	0	4	0	2	1	0	4	1	2	0	1	1	0	0	2	0
41282	31 Mar 26	04:14:00	1	0	34	0	Ct	0	0	1	0	0	3	0	2	2	1	1	0	4	2	0	0	0	0	2	0	0	4	2	1	3	0	0	0	3	2	0	0	1	0
41283	31 Mar 26	04:15:00	1	0	34	0	Ct	0	0	2	0	0	1	0	2	4	0	4	0	3	0	0	2	0	0	0	0	0	1	1	2	1	0	1	0	0	0	3	0	4	1
41284	31 Mar 26	04:16:00	1	0	34	0	Ct	0	0	3	0	0	2	0	0	3	1	1	0	1	0	0	1	0	0	0	0	0	0	1	3	0	0	1	1	3	3	2	0	3	0
41285	31 Mar 26	04:17:00	1	0	34	0	Ct	0	0	1	0	0	4	0	6	4	2	1	1	1	1	0	0	0	0	0	0	0	0	1	1	6	0	1	2	4	4	0	0	3	1
41286	31 Mar 26	04:18:00	1	0	34	0	Ct	0	0	1	4	0	1	0	3	2	2	1	0	1	1	0	0	0	2	1	0	0	1	0	1	1	1	0	1	0	0	0	0	1	0
41287	31 Mar 26	04:19:00	1	0	34	0	Ct	0	0	2	2	0	3	0	3	1	3	2	3	0	2	0	2	0	0	0	1	0	0	1	1	2	0	0	0	0	3	1	0	3	2
41288	31 Mar 26	04:20:00	1	0	34	0	Ct	0	0	1	3	0	0	0	1	7	1	0	3	0	1	0	0	0	0	0	1	0	0	2	3	1	0	0	0	3	3	4	0	4	0
41289	31 Mar 26	04:21:00	1	0	34	0	Ct	0	0	3	0	0	2	0	2	5	3	1	1	0	1	0	1	0	0	1	2	0	0	0	0	4	2	0	1	2	1	11	0	3	0
41290	31 Mar 26	04:22:00	1	0	34	0	Ct	0	0	0	0	0	2	0	1	3	2	0	0	0	2	0	0	0	0	0	2	0	0	3	2	2	2	0	3	0	2	1	0	0	1
41291	31 Mar 26	04:23:00	1	0	34	0	Ct	0	0	3	0	0	2	0	0	0	1	0	4	0	1	0	0	0	0	1	5	0	0	1	1	1	4	0	1	0	0	0	0	3	1
41292	31 Mar 26	04:24:00	1	0	34	0	Ct	0	0	0	0	0	1	0	0	4	2	0	1	0	0	0	0	0	0	0	9	0	3	2	2	0	2	0	2	2	2	1	0	2	1
41293	31 Mar 26	04:25:00	1	0	34	0	Ct	0	0	1	0	0	1	0	0	1	2	0	0	0	0	0	0	0	0	0	1	0	0	1	3	1	1	0	1	0	0	4	0	5	2
41294	31 Mar 26	04:26:00	1	0	34	0	Ct	0	0	1	0	0	2	0	0	0	2	1	1	0	0	0	1	0	0	0	1	0	0	2	2	2	1	0	0	0	0	1	0	2	2
41295	31 Mar 26	04:27:00	1	0	34	0	Ct	0	0	1	0	0	1	0	0	2	0	0	2	0	0	0	2	0	1	5	3	0	5	1	0	0	0	1	0	1	1	0	0	2	0
41296	31 Mar 26	04:28:00	1	0	34	0	Ct	0	0	2	0	0	3	0	0	0	0	0	3	0	2	0	2	0	0	0	2	0	1	2	2	1	0	1	0	0	0	0	0	3	1
41297	31 Mar 26	04:29:00	1	0	34	0	Ct	0	0	1	0	0	1	0	0	1	1	0	0	0	1	0	2	0	0	0	1	0	0	1	0	3	2	2	0	1	1	0	0	4	0
41298	31 Mar 26	04:30:00	1	0	34	0	Ct	0	0	1	0	0	1	0	0	1	1	1	0	0	2	0	2	0	0	0	1	0	0	1	1	3	0	1	0	0	1	0	0	3	0
41299	31 Mar 26	04:31:00	1	0	34	0	Ct	0	0	1	0	0	3	0	0	0	0	1	3	0	1	2	2	0	0	1	0	0	0	3	2	2	1	1	0	0	0	0	0	3	0
41300	31 Mar 26	04:32:00	1	0	34	0	Ct	0	0	0	0	0	1	0	0	0	1	0	2	0	1	1	2	0	0	1	2	0	2	1	1	4	1	3	0	0	1	0	0	3	3
41301	31 Mar 26	04:33:00	1	0	34	0	Ct	0	0	0	0	0	1	0	0	3	2	0	0	0	1	0	2	0	0	1	3	0	0	2	1	1	1	0	0	0	0	0	0	2	0
41302	31 Mar 26	04:34:00	1	0	34	0	Ct	0	0	1	2	0	1	0	0	3	1	0	1	0	1	2	0	0	0	0	3	1	2	2	1	2	0	1	0	0	0	3	0	2	1
41303	31 Mar 26	04:35:00	1	0	34	0	Ct	0	0	0	0	0	1	0	0	0	1	4	4	0	2	12	2	0	0	0	1	1	3	3	1	2	0	0	0	1	0	0	0	1	0
41304	31 Mar 26	04:36:00	1	0	34	0	Ct	0	0	2	0	0	0	0	0	2	2	5	13	0	0	0	1	0	0	1	0	0	0	2	0	4	0	0	0	2	0	0	0	1	0
41305	31 Mar 26	04:37:00	1	0	34	0	Ct	0	0	2	1	0	2	0	0	1	1	0	0	0	1	0	2	0	0	1	3	0	1	2	2	2	1	2	0	1	0	0	0	0	0
41306	31 Mar 26	04:38:00	1	0	34	0	Ct	0	0	1	0	0	1	0	1	1	0	5	0	0	0	6	3	0	0	0	1	0	14	3	0	0	11	3	0	0	0	0	0	2	1
41307	31 Mar 26	04:39:00	1	0	34	0	Ct	0	0	1	3	0	1	0	2	1	1	0	1	0	3	3	0	0	0	0	3	0	3	2	1	5	1	3	0	0	0	0	0	1	2
41308	31 Mar 26	04:40:00	1	0	34	0	Ct	0	0	2	1	0	1	0	2	3	0	0	0	0	1	4	1	0	1	1	0	0	0	1	1	2	0	7	0	2	0	0	0	3	2
41309	31 Mar 26	04:41:00	1	0	34	0	Ct	0	0	0	0	0	2	0	2	0	2	0	0	0	0	1	0	0	0	1	0	0	2	1	1	2	0	0	0	2	1	0	0	3	0
41310	31 Mar 26	04:42:00	1	0	34	0	Ct	0	0	4	0	0	1	0	2	0	1	1	0	0	3	0	0	0	0	0	3	0	0	2	0	2	2	1	0	0	0	0	0	3	3
41311	31 Mar 26	04:43:00	1	0	34	0	Ct	0	0	0	1	0	3	0	1	2	1	2	0	6	1	1	0	0	0	1	3	1	2	1	3	2	0	2	0	0	0	0	0	2	1
41312	31 Mar 26	04:44:00	1	0	34	0	Ct	0	0	1	1	0	0	0	1	1	0	0	1	0	0	0	2	0	0	0	0	0	10	1	1	2	1	4	0	2	0	0	0	7	2
41313	31 Mar 26	04:45:00	1	0	34	0	Ct	0	0	1	0	0	2	0	0	1	0	0	0	0	1	0	1	0	0	1	1	0	1	2	2	1	2	1	0	2	0	0	0	2	0
41314	31 Mar 26	04:46:00	1	0	34	0	Ct	0	0	2	3	0	3	0	2	1	1	0	0	0	1	0	0	0	1	0	0	1	1	1	0	2	1	4	0	2	0	0	0	3	2
41315	31 Mar 26	04:47:00	1	0	34	0	Ct	0	0	1	0	2	0	0	0	1	2	2	1	1	2	0	1	0	1	2	2	1	5	2	0	2	0	1	0	1	0	0	0	5	2
41316	31 Mar 26	04:48:00	1	0	34	0	Ct	0	0	1	0	0	0	0	0	9	3	0	0	0	0	0	0	0	0	2	3	0	0	1	0	3	1	2	0	1	0	0	0	2	2
41317	31 Mar 26	04:49:00	1	0	34	0	Ct	0	0	4	0	1	0	0	0	2	2	0	1	0	0	0	1	0	0	1	3	0	0	3	2	2	0	3	0	4	0	1	0	2	2
41318	31 Mar 26	04:50:00	1	0	34	0	Ct	0	0	0	0	0	1	0	0	2	1	1	3	0	1	0	2	0	0	0	0	0	0	3	1	2	1	2	0	2	0	6	0	4	2
41319	31 Mar 26	04:51:00	1	0	34	0	Ct	0	0	0	0	0	1	0	3	1	2	0	2	0	0	0	2	0	0	1	0	0	0	1	2	2	1	2	0	3	0	1	0	4	4
41320	31 Mar 26	04:52:00	1	0	34	0	Ct	0	0	0	0	0	2	0	1	3	1	0	3	0	0	0	1	2	0	1	1	0	5	1	2	2	0	1	0	1	0	11	0	2	1
41321	31 Mar 26	04:53:00	1	0	34	0	Ct	0	0	2	0	0	1	0	0	1	1	0	1	0	0	0	2	0	0	0	1	0	0	2	0	1	1	0	0	2	0	0	0	2	2
41322	31 Mar 26	04:54:00	1	0	34	0	Ct	0	0	1	0	0	2	0	0	2	0	0	3	0	2	0	2	2	0	1	2	0	0	2	1	1	0	0	0	2	0	0	0	2	2
41323	31 Mar 26	04:55:00	1	0	34	0	Ct	0	0	0	0	0	3	0	0	1	3	0	1	0	2	2	3	1	1	1	2	0	0	2	1	5	0	0	0	2	1	0	0	1	1
41324	31 Mar 26	04:56:00	1	0	34	0	Ct	0	0	1	0	0	5	0	1	0	0	0	1	0	2	3	0	1	0	1	0	0	2	1	2	3	0	0	0	0	0	0	0	3	2
41325	31 Mar 26	04:57:00	1	0	34	0	Ct	0	0	1	0	0	3	0	1	1	0	0	1	0	0	1	0	1	0	0	0	0	1	2	3	3	0	0	0	1	0	0	0	5	2
41326	31 Mar 26	04:58:00	1	0	34	0	Ct	0	0	2	0	0	3	0	0	4	1	0	4	0	0	0	3	0	4	1	2	1	3	0	2	1	0	1	0	2	1	0	0	2	2
41327	31 Mar 26	04:59:00	1	0	34	0	Ct	0	0	2	0	0	2	0	0	1	2	0	0	0	1	0	3	0	6	0	5	0	0	3	2	3	0	1	0	0	0	0	0	3	1
41328	31 Mar 26	05:00:00	1	0	34	0	Ct	0	0	1	1	0	1	0	2	1	4	0	0	0	1	0	0	0	11	2	1	1	0	2	1	5	0	1	0	2	2	0	0	2	2
41329	31 Mar 26	05:01:00	1	0	34	0	Ct	0	0	1	0	0	0	0	2	1	1	0	3	0	0	0	0	0	0	1	4	1	0	3	1	3	0	0	0	2	0	0	0	1	1
41330	31 Mar 26	05:02:00	1	0	34	0	Ct	0	0	3	1	0	0	0	0	0	0	0	2	3	1	2	3	0	1	1	1	4	3	1	1	3	0	2	0	0	0	0	0	2	1
41331	31 Mar 26	05:03:00	1	0	34	0	Ct	0	0	1	0	0	0	0	3	0	0	0	3	3	0	2	0	0	3	1	2	3	5	2	0	1	6	0	0	1	0	0	0	3	2
41332	31 Mar 26	05:04:00	1	0	34	0	Ct	0	0	3	0	0	2	0	2	0	0	0	1	0	1	1	2	0	0	1	5	4	0	2	1	2	1	3	0	4	0	0	0	3	2
41333	31 Mar 26	05:05:00	1	0	34	0	Ct	0	0	1	0	0	2	0	2	0	1	0	6	1	1	1	2	0	0	0	0	2	0	2	1	2	1	1	0	5	0	0	0	5	1
41334	31 Mar 26	05:06:00	1	0	34	0	Ct	0	0	1	0	0	1	0	3	0	1	0	0	0	0	0	0	0	0	0	0	0	2	0	1	1	1	1	0	0	1	0	0	5	1
41335	31 Mar 26	05:07:00	1	0	34	0	Ct	0	0	0	0	0	0	0	2	0	1	0	4	0	0	1	0	0	0	1	2	0	6	2	2	1	1	3	0	1	1	0	0	4	1
41336	31 Mar 26	05:08:00	1	0	34	0	Ct	0	0	2	0	1	2	0	0	0	3	0	21	0	0	3	0	0	0	2	0	0	0	1	2	4	0	1	0	1	0	0	0	3	1
41337	31 Mar 26	05:09:00	1	0	34	0	Ct	0	0	1	0	3	0	0	0	0	0	0	0	0	0	1	0	0	0	0	0	0	0	2	0	3	3	1	0	2	0	0	0	1	0
41338	31 Mar 26	05:10:00	1	0	34	0	Ct	0	0	3	1	0	6	0	0	0	0	0	0	0	1	0	0	0	0	0	1	0	0	1	2	0	0	2	0	0	1	0	0	2	0
41339	31 Mar 26	05:11:00	1	0	34	0	Ct	0	0	2	0	0	0	0	1	0	0	0	0	2	2	0	6	0	0	0	2	0	5	1	0	2	0	1	0	0	2	0	0	1	0
41340	31 Mar 26	05:12:00	1	0	34	0	Ct	0	0	1	1	2	0	0	1	0	1	0	0	0	1	0	2	0	0	0	3	0	0	3	0	3	2	0	0	2	3	0	0	3	0
41341	31 Mar 26	05:13:00	1	0	34	0	Ct	0	0	2	1	0	0	0	1	1	3	0	0	0	0	0	5	0	0	0	1	0	0	3	1	2	1	6	4	0	1	0	0	4	1
41342	31 Mar 26	05:14:00	1	0	34	0	Ct	0	0	0	0	1	0	0	1	4	3	0	1	3	0	4	0	0	2	1	2	0	0	2	2	3	1	1	0	0	0	0	0	2	1
41343	31 Mar 26	05:15:00	1	0	34	0	Ct	0	0	1	0	0	0	0	0	0	2	0	0	13	0	0	0	0	0	1	0	0	0	1	3	4	1	2	2	4	0	1	0	3	0
41344	31 Mar 26	05:16:00	1	0	34	0	Ct	0	0	2	0	0	0	0	0	0	0	0	1	1	0	2	1	0	0	0	1	0	0	1	2	4	0	3	0	0	0	2	0	2	1
41345	31 Mar 26	05:17:00	1	0	34	0	Ct	0	0	2	0	0	2	0	0	0	1	0	1	0	1	1	2	0	0	0	1	0	0	2	1	2	0	2	0	0	0	13	0	2	3
41346	31 Mar 26	05:18:00	1	0	34	0	Ct	0	0	0	0	0	0	0	0	0	2	0	2	2	1	2	0	0	0	2	4	0	1	2	1	6	0	0	0	0	0	2	0	4	1
41347	31 Mar 26	05:19:00	1	0	34	0	Ct	0	0	0	0	1	1	0	0	0	5	0	1	0	0	0	1	0	0	2	6	0	1	2	0	2	0	2	0	0	0	0	0	3	1
41348	31 Mar 26	05:20:00	1	0	34	0	Ct	0	0	3	1	1	1	0	4	0	2	0	0	0	0	0	0	0	0	1	1	0	0	1	0	5	1	4	0	0	2	0	0	3	3
41349	31 Mar 26	05:21:00	1	0	34	0	Ct	0	0	0	0	0	0	0	0	0	0	4	0	0	1	0	0	0	0	0	1	0	0	2	3	3	1	1	0	0	0	0	0	2	0
41350	31 Mar 26	05:22:00	1	0	34	0	Ct	0	0	0	0	0	0	0	0	0	1	0	0	0	0	1	4	0	0	5	0	1	0	2	3	2	0	0	0	0	2	1	0	1	2
41351	31 Mar 26	05:23:00	1	0	34	0	Ct	0	0	1	1	0	2	0	1	0	1	0	3	0	2	2	1	0	0	3	2	0	0	2	1	2	0	0	0	0	0	2	0	3	4
41352	31 Mar 26	05:24:00	1	0	34	0	Ct	0	0	1	1	0	2	0	2	3	2	0	1	0	0	1	1	0	0	0	2	0	0	2	0	2	0	1	0	0	1	0	0	1	0
41353	31 Mar 26	05:25:00	1	0	34	0	Ct	0	0	0	1	0	0	0	2	0	0	0	4	0	0	3	1	0	3	1	1	0	0	2	3	3	1	1	0	0	0	1	0	0	0
41354	31 Mar 26	05:26:00	1	0	34	0	Ct	0	0	4	0	0	0	0	1	0	1	0	0	0	2	3	3	0	3	1	3	1	3	2	4	4	1	0	0	0	1	0	0	0	2
41355	31 Mar 26	05:27:00	1	0	34	0	Ct	0	0	0	0	0	2	0	2	0	1	0	1	3	1	0	0	0	0	0	4	1	6	0	2	1	1	1	0	0	0	3	0	0	1
41356	31 Mar 26	05:28:00	1	0	34	0	Ct	0	0	0	0	0	2	0	3	3	0	0	4	0	1	0	1	0	0	3	3	0	1	0	0	2	2	1	0	1	1	6	0	1	3
41357	31 Mar 26	05:29:00	1	0	34	0	Ct	0	0	1	0	0	0	0	2	2	1	0	0	7	1	2	0	2	0	0	1	1	0	1	0	1	0	1	0	1	0	3	0	2	3
41358	31 Mar 26	05:30:00	1	0	34	0	Ct	0	0	3	0	0	3	0	3	0	2	0	0	0	1	3	2	0	0	1	1	0	1	1	2	2	0	0	0	1	0	1	0	3	3
41359	31 Mar 26	05:31:00	1	0	34	0	Ct	0	0	0	1	0	4	0	1	1	6	0	0	0	1	3	0	0	0	0	3	0	4	0	2	3	0	1	0	3	1	2	0	1	0
41360	31 Mar 26	05:32:00	1	0	34	0	Ct	0	0	3	0	0	4	0	2	0	3	0	0	0	0	1	0	0	0	0	0	0	4	1	0	4	0	2	0	1	1	1	0	4	0
41361	31 Mar 26	05:33:00	1	0	34	0	Ct	0	0	1	0	0	5	0	1	3	1	0	0	1	0	1	0	0	0	1	0	0	2	4	0	3	2	1	0	3	3	4	0	2	1
41362	31 Mar 26	05:34:00	1	0	34	0	Ct	0	0	0	0	0	4	0	1	1	2	0	0	0	0	3	0	0	0	0	0	0	5	3	0	4	1	0	0	0	1	2	0	4	2
41363	31 Mar 26	05:35:00	1	0	34	0	Ct	0	0	1	1	0	0	0	2	0	0	0	0	0	1	2	1	0	0	2	0	0	0	2	1	4	0	0	0	0	0	0	0	3	3
41364	31 Mar 26	05:36:00	1	0	34	0	Ct	0	0	2	1	0	3	0	2	1	0	0	0	0	1	1	2	0	0	0	1	0	3	0	2	4	3	0	0	0	1	0	0	4	2
41365	31 Mar 26	05:37:00	1	0	34	0	Ct	0	0	2	0	0	1	0	2	0	1	0	0	0	1	1	3	0	0	0	2	0	0	3	1	2	0	0	0	0	0	0	0	5	2
41366	31 Mar 26	05:38:00	1	0	34	0	Ct	0	0	2	0	0	2	0	2	1	1	1	2	0	1	4	3	0	0	0	1	0	0	1	1	2	0	1	0	1	1	0	0	6	2
41367	31 Mar 26	05:39:00	1	0	34	0	Ct	0	0	3	1	0	3	0	2	1	1	2	2	0	0	1	1	0	1	2	0	0	0	2	0	2	1	3	0	2	1	0	0	3	0
41368	31 Mar 26	05:40:00	1	0	34	0	Ct	0	0	1	0	0	1	0	1	3	0	8	1	0	1	3	0	0	0	0	0	0	1	1	0	4	0	0	1	2	5	0	0	3	0
41369	31 Mar 26	05:41:00	1	0	34	0	Ct	0	0	1	2	0	2	0	0	0	0	0	1	0	1	5	0	0	0	1	1	0	0	2	3	2	0	2	0	0	2	0	0	1	2
41370	31 Mar 26	05:42:00	1	0	34	0	Ct	0	0	3	2	0	1	0	0	6	1	0	1	0	1	7	0	0	1	1	2	0	0	2	1	4	0	3	2	3	1	0	0	3	3
41371	31 Mar 26	05:43:00	1	0	34	0	Ct	0	0	1	1	0	3	0	0	15	1	0	2	0	1	2	0	0	2	1	1	0	0	2	1	5	0	2	0	1	0	1	0	4	2
41372	31 Mar 26	05:44:00	1	0	34	0	Ct	0	0	2	0	0	1	0	0	0	0	0	0	2	1	1	4	0	0	0	1	0	0	0	2	4	1	2	0	0	0	2	0	3	2
41373	31 Mar 26	05:45:00	1	0	34	0	Ct	0	0	1	1	0	0	0	0	0	0	0	4	2	0	2	0	0	3	1	3	0	2	2	2	2	1	1	0	2	0	0	0	1	1
41374	31 Mar 26	05:46:00	1	0	34	0	Ct	0	0	2	0	0	1	0	4	0	0	0	1	3	0	2	0	0	0	0	2	0	0	2	1	1	2	1	0	2	0	0	0	2	3
41375	31 Mar 26	05:47:00	1	0	34	0	Ct	0	0	3	0	0	0	0	2	0	0	0	1	5	0	2	0	0	0	2	1	0	1	2	2	0	0	1	0	0	0	1	0	2	1
41376	31 Mar 26	05:48:00	1	0	34	0	Ct	0	0	0	0	0	0	0	3	0	0	0	2	2	1	3	1	0	0	1	3	3	0	2	1	2	1	1	0	3	1	2	0	0	5
41377	31 Mar 26	05:49:00	1	0	34	0	Ct	0	0	2	0	0	0	0	6	0	1	0	0	1	1	5	1	0	0	0	1	3	0	0	2	1	0	2	0	0	0	0	0	3	1
41378	31 Mar 26	05:50:00	1	0	34	0	Ct	0	0	2	0	0	12	0	1	0	3	0	1	0	1	1	1	0	0	3	2	1	2	2	1	3	1	1	0	0	0	0	0	1	3
41379	31 Mar 26	05:51:00	1	0	34	0	Ct	0	0	1	0	0	1	0	3	0	2	0	1	0	2	1	2	0	0	0	0	2	0	2	3	2	1	3	0	0	0	0	0	3	0
41380	31 Mar 26	05:52:00	1	0	34	0	Ct	0	0	0	2	0	0	0	2	0	0	0	0	2	1	1	0	0	0	2	0	0	0	3	4	2	0	1	0	0	2	0	0	2	2
41381	31 Mar 26	05:53:00	1	0	34	0	Ct	0	0	0	0	0	0	0	1	0	3	0	0	1	0	1	0	0	0	1	0	0	0	1	0	2	0	1	0	1	3	0	0	2	2
41382	31 Mar 26	05:54:00	1	0	34	0	Ct	0	0	0	1	0	1	0	1	0	2	0	0	0	1	2	0	0	0	1	3	0	0	0	0	3	3	1	0	0	0	0	0	4	1
41383	31 Mar 26	05:55:00	1	0	34	0	Ct	0	0	0	0	0	1	0	1	0	0	0	0	1	1	3	1	0	0	1	3	0	0	1	0	4	1	1	0	1	0	0	0	4	3
41384	31 Mar 26	05:56:00	1	0	34	0	Ct	0	0	2	0	0	1	0	4	1	0	0	0	5	1	1	5	0	0	1	2	0	0	1	0	5	0	3	0	2	6	0	0	3	3
41385	31 Mar 26	05:57:00	1	0	34	0	Ct	0	0	3	5	0	2	0	4	0	0	0	0	0	0	4	23	0	0	1	1	0	0	1	0	3	0	1	0	1	1	1	0	2	1
41386	31 Mar 26	05:58:00	1	0	34	0	Ct	0	0	0	0	0	2	0	3	1	0	0	0	0	1	4	0	0	0	1	2	0	2	1	1	2	0	2	0	2	0	3	0	2	2
41387	31 Mar 26	05:59:00	1	0	34	0	Ct	0	0	0	0	0	0	0	1	1	2	0	0	0	0	2	1	0	0	0	1	0	1	3	1	2	0	0	0	0	1	2	0	2	1
41388	31 Mar 26	06:00:00	1	0	34	0	Ct	0	0	0	0	0	1	0	3	0	2	0	0	0	1	3	0	0	0	1	6	1	0	1	0	3	1	0	0	0	2	0	0	2	3
41389	31 Mar 26	06:01:00	1	0	34	0	Ct	0	0	0	0	0	2	0	0	0	0	0	0	0	1	3	0	0	0	1	1	0	0	2	1	3	2	2	0	3	1	0	0	2	0
41390	31 Mar 26	06:02:00	1	0	34	0	Ct	0	0	2	0	0	8	0	0	0	1	0	0	3	1	2	0	0	0	1	1	0	0	0	1	3	1	0	0	3	0	0	0	4	4
41391	31 Mar 26	06:03:00	1	0	34	0	Ct	0	0	2	0	0	0	0	0	1	1	0	0	0	1	0	0	0	0	0	3	1	0	0	0	2	1	0	0	1	3	0	0	5	2
41392	31 Mar 26	06:04:00	1	0	34	0	Ct	0	0	1	0	0	0	0	0	9	1	0	0	0	2	1	1	0	0	0	3	1	0	0	1	3	1	1	0	2	1	2	0	3	1
41393	31 Mar 26	06:05:00	1	0	34	0	Ct	0	0	1	0	0	0	0	0	1	2	0	0	0	1	2	1	0	0	1	2	4	0	2	1	2	1	2	0	5	1	1	0	4	0
41394	31 Mar 26	06:06:00	1	0	34	0	Ct	0	0	0	0	0	4	0	0	1	0	1	12	0	0	4	2	0	0	1	2	0	0	1	2	1	1	2	0	1	0	0	0	5	1
41395	31 Mar 26	06:07:00	1	0	34	0	Ct	0	0	0	0	0	2	0	0	0	1	2	8	1	0	2	0	0	0	0	1	3	1	3	1	2	1	1	0	0	1	0	0	3	1
41396	31 Mar 26	06:08:00	1	0	34	0	Ct	0	0	0	0	0	2	0	0	0	0	0	3	0	1	2	0	0	0	0	1	2	0	1	3	2	2	1	0	1	3	2	0	3	1
41397	31 Mar 26	06:09:00	1	0	34	0	Ct	0	0	0	2	0	2	0	0	1	0	0	5	2	1	1	0	0	0	1	2	0	3	2	1	2	1	2	1	2	2	1	0	2	2
41398	31 Mar 26	06:10:00	1	0	34	0	Ct	0	0	2	0	0	3	0	3	1	2	0	0	0	0	1	0	0	0	1	3	0	2	3	1	1	1	1	1	0	2	1	0	3	3
41399	31 Mar 26	06:11:00	1	0	34	0	Ct	0	0	3	0	0	1	0	1	1	2	0	2	0	0	3	2	0	0	0	1	0	2	2	3	3	3	3	4	1	3	2	0	2	2
41400	31 Mar 26	06:12:00	1	0	34	0	Ct	0	0	0	2	0	2	0	3	2	4	0	0	2	0	3	0	0	0	0	3	0	7	2	2	1	6	2	0	1	1	2	0	4	2
41401	31 Mar 26	06:13:00	1	0	34	0	Ct	0	0	0	1	0	3	0	5	0	1	3	3	1	1	1	2	0	0	2	1	0	0	2	1	5	0	4	1	2	2	0	0	2	2
41402	31 Mar 26	06:14:00	1	0	34	0	Ct	0	0	0	1	2	1	0	0	7	2	2	1	0	1	3	3	0	0	1	0	0	0	2	0	2	2	1	0	0	1	1	0	4	3
41403	31 Mar 26	06:15:00	1	0	34	0	Ct	0	0	0	0	1	1	0	0	2	2	0	2	1	2	2	0	0	0	0	0	0	0	1	2	2	0	3	0	0	3	2	0	4	1
41404	31 Mar 26	06:16:00	1	0	34	0	Ct	0	0	0	0	0	1	0	0	0	1	3	1	0	1	3	1	0	0	2	2	0	0	1	0	4	0	1	0	0	3	0	0	3	2
41405	31 Mar 26	06:17:00	1	0	34	0	Ct	0	0	0	1	0	0	0	0	0	3	0	0	0	1	5	1	0	0	1	0	0	3	3	3	2	2	1	0	0	5	2	0	3	1
41406	31 Mar 26	06:18:00	1	0	34	0	Ct	0	0	2	2	0	1	0	0	0	2	0	1	1	1	4	5	0	0	1	0	0	0	0	1	2	1	5	0	0	0	1	0	2	1
41407	31 Mar 26	06:19:00	1	0	34	0	Ct	0	0	3	1	0	3	0	0	1	0	2	0	5	1	3	0	0	0	0	0	0	0	3	0	3	0	2	0	2	1	3	0	3	3
41408	31 Mar 26	06:20:00	1	0	34	0	Ct	0	0	0	0	0	3	0	0	1	0	1	1	0	1	1	0	0	0	1	0	0	0	1	1	2	1	0	0	0	0	0	0	3	2
41409	31 Mar 26	06:21:00	1	0	34	0	Ct	0	0	0	1	0	0	0	0	0	0	0	1	0	0	1	0	0	0	2	0	0	0	4	2	4	1	1	0	0	0	0	0	2	1
41410	31 Mar 26	06:22:00	1	0	34	0	Ct	0	0	0	2	0	0	0	1	1	0	0	1	2	0	1	0	0	0	0	1	0	0	2	5	3	2	0	0	0	0	0	0	5	0
41411	31 Mar 26	06:23:00	1	0	34	0	Ct	0	0	0	3	0	8	0	0	2	2	3	2	0	0	2	0	0	2	1	1	0	0	0	3	3	2	0	0	0	1	1	0	3	0
41412	31 Mar 26	06:24:00	1	0	34	0	Ct	0	0	0	0	0	5	0	0	0	1	4	0	0	1	3	0	0	0	3	1	0	0	2	1	3	0	0	0	0	1	0	0	4	0
41413	31 Mar 26	06:25:00	1	0	34	0	Ct	0	0	1	2	0	1	0	1	1	4	3	2	1	1	3	0	0	0	0	1	3	0	0	2	3	0	1	0	1	1	0	0	2	2
41414	31 Mar 26	06:26:00	1	0	34	0	Ct	0	0	1	1	0	4	0	2	0	1	0	0	3	1	3	0	0	0	1	0	1	0	1	1	3	1	1	1	0	1	0	0	1	2
41415	31 Mar 26	06:27:00	1	0	34	0	Ct	0	0	1	0	0	1	0	0	3	0	0	0	0	3	4	0	0	0	0	0	1	0	1	0	3	0	2	2	0	1	0	0	2	2
41416	31 Mar 26	06:28:00	1	0	34	0	Ct	0	0	0	1	0	1	0	2	1	1	0	3	5	0	1	0	1	0	0	3	1	0	2	1	3	0	4	0	0	0	0	0	2	1
41417	31 Mar 26	06:29:00	1	0	34	0	Ct	0	0	2	1	0	4	0	0	4	0	0	0	3	0	4	0	1	0	1	2	2	0	1	1	3	1	2	1	3	2	0	0	4	3
41418	31 Mar 26	06:30:00	1	0	34	0	Ct	0	0	1	5	0	1	0	0	0	0	0	1	4	1	1	0	1	0	1	1	2	2	1	0	16	1	1	0	3	1	0	0	2	1
41419	31 Mar 26	06:31:00	1	0	34	0	Ct	0	0	2	0	0	6	0	0	0	1	2	0	8	0	2	0	0	0	1	3	2	0	3	0	5	1	1	4	2	2	1	0	3	2
41420	31 Mar 26	06:32:00	1	0	34	0	Ct	0	0	2	0	0	3	0	0	2	1	1	0	4	1	4	0	1	0	1	3	2	3	3	1	3	1	3	0	0	0	6	0	5	3
41421	31 Mar 26	06:33:00	1	0	34	0	Ct	0	0	2	0	0	2	0	2	0	3	1	0	2	1	0	1	3	1	1	1	2	1	4	1	6	0	3	4	0	1	0	0	3	1
41422	31 Mar 26	06:34:00	1	0	34	0	Ct	0	0	0	0	0	1	0	1	0	2	2	0	2	0	1	2	1	2	0	1	3	0	3	0	2	1	2	1	0	0	1	0	4	0
41423	31 Mar 26	06:35:00	1	0	34	0	Ct	0	0	0	2	0	1	0	0	1	8	2	0	3	2	0	0	2	1	1	0	3	1	2	0	0	0	2	0	2	1	0	0	0	0
41424	31 Mar 26	06:36:00	1	0	34	0	Ct	0	0	3	0	0	1	0	0	1	0	0	0	2	1	1	0	0	1	0	1	0	0	2	0	0	0	0	0	0	0	0	0	1	2
41425	31 Mar 26	06:37:00	1	0	34	0	Ct	0	0	0	1	0	1	0	2	1	0	1	1	0	0	0	0	1	1	1	2	0	0	4	0	0	0	0	0	2	0	0	0	6	0
41426	31 Mar 26	06:38:00	1	0	34	0	Ct	0	0	2	0	0	3	0	0	0	0	2	0	2	3	2	0	0	4	0	2	0	5	0	0	0	1	0	0	2	0	0	0	3	1
41427	31 Mar 26	06:39:00	1	0	34	0	Ct	0	0	1	1	0	1	0	0	1	0	2	6	0	0	0	0	0	0	0	2	0	0	0	1	0	0	0	0	0	0	0	0	2	3
41428	31 Mar 26	06:40:00	1	0	34	0	Ct	0	0	0	1	0	1	0	5	2	1	1	2	0	2	2	0	2	0	3	3	1	0	2	1	0	2	0	1	0	0	3	0	1	4
41429	31 Mar 26	06:41:00	1	0	34	0	Ct	0	0	0	0	0	3	0	0	1	2	0	0	2	3	2	0	1	0	0	0	0	0	1	3	0	2	0	0	2	0	2	0	3	1
41430	31 Mar 26	06:42:00	1	0	34	0	Ct	0	0	0	0	0	8	0	1	5	2	0	1	0	2	0	0	0	1	2	2	2	0	1	2	0	0	1	0	1	1	1	0	3	3
41431	31 Mar 26	06:43:00	1	0	34	0	Ct	0	0	0	0	0	1	0	1	1	2	0	3	0	2	2	0	0	2	0	1	0	7	1	0	0	0	0	2	0	0	0	0	3	2
41432	31 Mar 26	06:44:00	1	0	34	0	Ct	0	0	0	1	0	2	0	3	1	1	0	4	0	2	3	0	0	3	0	2	2	1	1	2	0	1	1	0	3	0	0	0	5	3
41433	31 Mar 26	06:45:00	1	0	34	0	Ct	0	0	1	1	0	2	0	1	3	1	0	2	0	1	2	1	0	2	1	2	0	0	2	2	0	2	5	0	5	0	2	0	5	1
41434	31 Mar 26	06:46:00	1	0	34	0	Ct	0	0	1	0	0	2	0	2	3	1	0	1	2	2	0	1	0	3	1	3	0	1	1	2	0	1	1	1	1	1	0	0	6	1
41435	31 Mar 26	06:47:00	1	0	34	0	Ct	0	0	0	0	0	0	0	0	6	2	0	1	2	1	1	2	0	4	1	1	0	0	2	3	0	1	3	1	1	1	0	0	3	1
41436	31 Mar 26	06:48:00	1	0	34	0	Ct	0	0	3	0	0	2	0	0	5	0	0	1	1	1	0	4	0	1	1	1	0	0	3	2	0	0	2	0	1	2	0	0	3	0
41437	31 Mar 26	06:49:00	1	0	34	0	Ct	0	0	1	0	1	2	0	0	0	3	0	0	4	1	3	2	0	1	0	1	1	0	1	2	0	5	2	4	0	0	2	0	3	0
41438	31 Mar 26	06:50:00	1	0	34	0	Ct	0	0	2	2	0	1	0	0	3	2	0	0	0	2	0	0	0	4	1	2	0	0	2	3	0	0	0	1	3	3	0	0	3	2
41439	31 Mar 26	06:51:00	1	0	34	0	Ct	0	0	2	1	0	0	0	2	1	3	0	1	3	5	0	2	0	1	0	3	0	0	1	0	0	0	2	4	0	0	2	0	3	2
41440	31 Mar 26	06:52:00	1	0	34	0	Ct	0	0	2	1	0	2	0	2	0	2	0	1	0	0	0	0	1	2	1	2	0	4	0	2	0	3	1	6	1	0	1	0	3	1
41441	31 Mar 26	06:53:00	1	0	34	0	Ct	0	0	2	2	0	1	0	1	0	0	0	0	2	2	1	1	0	1	0	0	1	0	1	2	0	0	2	1	3	3	1	0	4	2
41442	31 Mar 26	06:54:00	1	0	34	0	Ct	0	0	2	1	0	4	0	4	0	3	0	2	0	4	3	0	1	3	0	0	0	1	2	1	0	2	2	0	2	0	1	0	2	2
41443	31 Mar 26	06:55:00	1	0	34	0	Ct	0	0	1	0	0	2	0	1	0	1	1	1	0	0	1	2	0	2	1	1	2	0	1	2	0	0	1	0	0	2	2	0	4	3
41444	31 Mar 26	06:56:00	1	0	34	0	Ct	0	0	1	3	0	2	0	2	1	1	2	2	0	1	1	5	0	2	0	1	0	1	4	1	2	1	2	1	0	1	1	0	3	1
41445	31 Mar 26	06:57:00	1	0	34	0	Ct	0	0	1	0	0	1	0	1	0	0	3	1	0	1	2	3	3	5	1	4	0	0	2	1	5	2	4	0	2	1	0	0	3	2
41446	31 Mar 26	06:58:00	1	0	34	0	Ct	0	0	1	1	1	1	0	1	1	0	1	5	1	3	1	0	0	1	0	2	0	0	3	1	4	0	3	1	4	0	7	0	6	0
41447	31 Mar 26	06:59:00	1	0	34	0	Ct	0	0	0	0	1	4	0	0	2	1	0	2	0	1	2	1	0	4	2	4	0	0	2	1	0	0	1	1	0	0	16	0	1	2
41448	31 Mar 26	07:00:00	1	0	34	0	Ct	0	0	0	2	0	2	0	2	1	1	1	1	0	1	3	1	0	2	3	3	0	0	2	2	1	1	0	3	0	0	0	0	2	3
41449	31 Mar 26	07:01:00	1	0	34	0	Ct	0	0	2	0	0	2	0	2	0	2	0	0	0	1	0	3	1	1	0	1	1	0	2	0	1	2	0	2	0	1	4	0	2	2
41450	31 Mar 26	07:02:00	1	0	34	0	Ct	0	0	2	1	2	0	0	1	4	0	0	2	0	0	3	2	0	1	1	1	0	0	2	0	3	1	3	1	0	0	2	0	3	0
41451	31 Mar 26	07:03:00	1	0	34	0	Ct	0	0	2	0	0	0	0	3	2	0	0	1	3	1	2	0	0	1	0	3	2	4	1	0	4	1	0	3	2	0	1	0	2	2
41452	31 Mar 26	07:04:00	1	0	34	0	Ct	0	0	1	1	0	2	0	3	3	1	0	0	9	0	1	2	0	1	0	1	1	0	2	0	0	0	1	3	0	0	3	0	3	3
41453	31 Mar 26	07:05:00	1	0	34	0	Ct	0	0	2	0	0	1	0	2	3	1	0	0	0	1	2	1	0	1	1	2	1	2	2	0	0	2	1	4	1	0	0	0	2	2
41454	31 Mar 26	07:06:00	1	0	34	0	Ct	0	0	1	2	0	1	0	3	3	2	0	1	0	1	2	1	2	3	0	1	1	0	4	1	0	2	0	0	3	2	4	0	2	1
41455	31 Mar 26	07:07:00	1	0	34	0	Ct	0	0	3	1	0	2	0	1	2	1	0	1	0	0	2	0	1	3	1	2	2	0	2	2	0	1	0	0	1	2	2	0	5	2
41456	31 Mar 26	07:08:00	1	0	34	0	Ct	0	0	3	2	0	1	0	0	3	1	1	10	0	0	2	2	0	2	0	1	2	0	1	1	0	2	1	0	2	1	0	0	0	2
41457	31 Mar 26	07:09:00	1	0	34	0	Ct	0	0	1	0	0	1	0	0	0	1	2	1	0	2	2	0	1	3	0	0	0	0	2	1	0	1	0	2	1	1	2	0	3	1
41458	31 Mar 26	07:10:00	1	0	34	0	Ct	0	0	2	0	0	1	0	0	1	0	1	0	0	0	2	3	1	0	1	0	0	0	3	2	0	0	4	3	0	1	3	0	4	2
41459	31 Mar 26	07:11:00	1	0	34	0	Ct	0	0	0	0	0	0	0	0	0	3	3	4	0	1	5	1	1	2	2	1	0	0	2	3	0	1	3	4	3	2	5	0	3	2
41460	31 Mar 26	07:12:00	1	0	34	0	Ct	0	0	3	3	0	3	0	2	2	2	0	2	0	2	3	2	0	4	0	3	0	0	2	1	0	0	1	1	1	0	0	0	3	2
41461	31 Mar 26	07:13:00	1	0	34	0	Ct	0	0	0	4	1	1	0	1	2	2	0	3	0	1	4	3	0	2	0	2	0	0	1	1	0	1	1	0	1	0	0	0	1	2
41462	31 Mar 26	07:14:00	1	0	34	0	Ct	0	0	3	1	5	3	0	1	2	1	1	4	0	3	3	0	0	1	1	1	0	2	3	1	0	1	4	1	0	0	1	0	3	3
41463	31 Mar 26	07:15:00	1	0	34	0	Ct	0	0	0	1	2	0	0	1	2	1	0	1	0	0	0	0	0	0	0	3	2	0	2	2	0	1	0	1	1	0	1	0	2	0
41464	31 Mar 26	07:16:00	1	0	34	0	Ct	0	0	0	0	0	1	0	0	4	1	0	4	0	1	1	2	0	0	2	1	1	0	0	0	0	1	0	0	1	0	2	0	4	0
41465	31 Mar 26	07:17:00	1	0	34	0	Ct	0	0	2	1	0	0	0	0	0	2	1	3	0	1	0	1	2	2	0	1	1	0	1	2	0	1	0	1	0	0	0	0	3	1
41466	31 Mar 26	07:18:00	1	0	34	0	Ct	0	0	3	1	0	2	0	0	1	0	0	1	0	1	2	0	0	2	0	3	3	0	1	0	1	0	0	3	0	3	0	0	3	2
41467	31 Mar 26	07:19:00	1	0	34	0	Ct	0	0	2	0	1	1	0	2	2	1	0	1	0	0	3	0	1	2	2	0	1	0	1	2	0	0	4	3	2	1	0	0	6	1
41468	31 Mar 26	07:20:00	1	0	34	0	Ct	0	0	0	0	2	2	0	2	1	2	1	2	0	0	4	3	1	2	0	4	0	4	1	0	5	0	3	2	0	1	5	0	2	2
41469	31 Mar 26	07:21:00	1	0	34	0	Ct	0	0	3	0	0	1	0	1	0	2	1	0	0	0	1	4	1	2	2	1	1	1	2	2	2	0	1	4	2	1	1	0	3	1
41470	31 Mar 26	07:22:00	1	0	34	0	Ct	0	0	1	2	2	2	0	3	2	2	0	3	0	0	2	1	2	4	0	2	1	1	1	0	0	5	1	1	0	0	1	0	2	3
41471	31 Mar 26	07:23:00	1	0	34	0	Ct	0	0	2	1	2	1	0	2	1	2	0	4	0	2	1	0	0	1	0	3	3	1	3	2	0	0	1	2	1	1	1	0	4	1
41472	31 Mar 26	07:24:00	1	0	34	0	Ct	0	0	1	0	3	0	0	2	2	2	0	2	0	1	1	0	0	2	2	2	1	9	3	2	0	2	3	0	2	1	1	0	3	3
41473	31 Mar 26	07:25:00	1	0	34	0	Ct	0	0	2	14	2	1	0	3	2	1	0	0	0	0	2	0	0	1	1	1	0	1	2	1	2	1	0	1	0	2	0	0	0	1
41474	31 Mar 26	07:26:00	1	0	34	0	Ct	0	0	1	1	1	1	0	3	2	0	0	1	0	1	3	0	0	2	0	1	0	6	3	1	1	1	1	0	0	0	3	0	0	2
41475	31 Mar 26	07:27:00	1	0	34	0	Ct	0	0	0	1	1	10	0	0	1	3	0	1	0	2	0	1	2	2	6	2	0	0	0	1	2	0	2	0	1	2	1	0	3	2
41476	31 Mar 26	07:28:00	1	0	34	0	Ct	0	0	2	0	1	3	0	1	3	1	0	2	0	1	0	0	0	2	0	0	0	1	0	1	1	0	0	2	1	1	0	0	2	1
41477	31 Mar 26	07:29:00	1	0	34	0	Ct	0	0	2	0	1	0	0	1	4	2	0	0	0	0	1	1	1	3	3	0	2	2	2	2	4	1	1	0	2	2	0	0	2	1
41478	31 Mar 26	07:30:00	1	0	34	0	Ct	0	0	2	0	0	2	0	2	3	3	0	5	0	1	0	2	0	2	3	2	2	0	2	0	2	1	2	1	2	1	2	0	4	1
41479	31 Mar 26	07:31:00	1	0	34	0	Ct	0	0	1	0	0	3	0	1	1	1	0	1	0	1	0	2	2	2	0	2	0	0	2	2	5	2	1	5	1	1	2	0	2	3
41480	31 Mar 26	07:32:00	1	0	34	0	Ct	0	0	1	2	0	1	0	0	2	0	1	2	0	1	0	1	0	2	1	2	3	0	1	0	2	0	0	2	0	2	3	0	3	2
41481	31 Mar 26	07:33:00	1	0	34	0	Ct	0	0	2	0	0	2	0	4	1	0	0	0	0	3	0	1	0	0	0	1	0	0	2	2	2	0	2	1	2	0	2	0	3	2
41482	31 Mar 26	07:34:00	1	0	34	0	Ct	0	0	1	0	0	5	0	2	2	1	0	0	0	1	0	0	0	1	1	1	0	0	1	0	4	1	1	1	0	6	3	0	2	1
41483	31 Mar 26	07:35:00	1	0	34	0	Ct	0	0	1	1	0	1	0	2	1	2	3	0	0	1	0	2	0	1	0	2	3	0	2	2	0	1	1	1	2	2	1	0	3	1
41484	31 Mar 26	07:36:00	1	0	34	0	Ct	0	0	0	0	0	2	0	2	1	2	0	3	2	2	4	2	0	2	1	4	0	9	2	3	3	0	5	1	3	1	0	0	5	1
41485	31 Mar 26	07:37:00	1	0	34	0	Ct	0	0	0	1	0	1	0	0	2	2	1	2	0	1	0	1	0	2	0	0	0	10	1	2	3	1	4	1	4	2	1	0	3	1
41486	31 Mar 26	07:38:00	1	0	34	0	Ct	0	0	0	0	0	4	0	0	2	2	1	1	4	1	0	0	2	1	1	2	2	6	0	1	2	0	0	1	1	3	1	0	4	3
41487	31 Mar 26	07:39:00	1	0	34	0	Ct	0	0	0	0	0	2	0	0	1	3	1	2	5	0	2	2	7	3	7	1	0	0	0	0	2	2	3	0	0	1	16	0	3	2
41488	31 Mar 26	07:40:00	1	0	34	0	Ct	0	0	0	1	3	0	0	0	1	2	0	0	0	0	2	2	0	2	0	2	0	0	1	3	4	1	1	0	0	0	0	0	3	1
41489	31 Mar 26	07:41:00	1	0	34	0	Ct	0	0	0	0	2	2	0	0	0	2	1	2	0	0	0	0	2	6	1	2	0	0	1	0	5	2	1	2	0	1	0	0	1	1
41490	31 Mar 26	07:42:00	1	0	34	0	Ct	0	0	0	0	1	0	0	0	0	4	0	2	0	2	0	0	2	0	0	2	2	1	0	1	2	2	0	2	1	0	0	0	4	0
41491	31 Mar 26	07:43:00	1	0	34	0	Ct	0	0	0	1	3	0	0	0	0	0	2	2	0	1	1	0	0	2	1	1	2	2	0	0	3	2	0	0	1	1	0	0	3	0
41492	31 Mar 26	07:44:00	1	0	34	0	Ct	0	0	0	1	2	0	0	0	0	1	2	1	3	0	2	0	1	3	1	1	2	0	2	1	3	1	2	3	0	0	0	0	3	0
41493	31 Mar 26	07:45:00	1	0	34	0	Ct	0	0	2	0	0	1	0	0	0	3	1	2	0	1	1	0	2	2	0	5	2	1	2	1	3	3	2	5	1	5	2	0	4	1
41494	31 Mar 26	07:46:00	1	0	34	0	Ct	0	0	2	0	0	1	0	0	0	2	1	2	1	1	0	0	3	1	0	1	0	0	3	1	4	1	3	3	0	1	1	0	5	1
41495	31 Mar 26	07:47:00	1	0	34	0	Ct	0	0	2	1	0	1	0	0	0	3	1	1	0	1	0	0	1	1	0	2	0	1	1	0	2	0	1	1	2	1	0	0	2	1
41496	31 Mar 26	07:48:00	1	0	34	0	Ct	0	0	1	0	3	2	0	0	0	2	2	1	0	1	4	0	2	3	1	2	0	2	4	2	1	0	2	1	2	1	1	0	3	2
41497	31 Mar 26	07:49:00	1	0	34	0	Ct	0	0	2	2	0	1	0	2	0	2	1	1	0	0	2	0	2	1	0	2	1	0	4	1	1	2	4	0	2	0	0	0	2	1
41498	31 Mar 26	07:50:00	1	0	34	0	Ct	0	0	2	0	2	1	0	0	2	2	3	0	0	0	1	0	0	2	0	0	1	0	2	2	4	1	1	0	0	2	1	0	4	1
41499	31 Mar 26	07:51:00	1	0	34	0	Ct	0	0	2	2	2	4	0	0	1	1	5	0	0	0	2	4	2	2	1	2	1	0	2	2	4	4	4	1	4	0	3	0	2	0
41500	31 Mar 26	07:52:00	1	0	34	0	Ct	0	0	1	0	2	1	0	0	0	2	0	2	0	2	1	1	3	2	2	1	1	0	0	2	3	0	1	0	0	0	0	0	2	1
41501	31 Mar 26	07:53:00	1	0	34	0	Ct	0	0	1	1	1	1	0	2	0	1	0	1	0	1	1	2	1	2	0	0	3	1	4	2	3	0	1	0	1	2	5	0	2	2
41502	31 Mar 26	07:54:00	1	0	34	0	Ct	0	0	1	0	2	0	0	1	1	0	0	1	0	1	2	5	0	0	1	1	1	0	2	0	3	0	1	1	1	2	1	0	4	1
41503	31 Mar 26	07:55:00	1	0	34	0	Ct	0	0	2	1	1	1	0	3	1	1	2	3	0	0	2	0	1	3	0	3	0	8	1	2	2	0	0	0	2	1	5	0	2	4
41504	31 Mar 26	07:56:00	1	0	34	0	Ct	0	0	2	0	4	0	0	3	3	1	0	2	0	0	4	5	1	1	1	2	0	0	3	0	2	0	1	1	0	1	4	0	3	2
41505	31 Mar 26	07:57:00	1	0	34	0	Ct	0	0	1	1	2	4	0	2	2	2	0	3	7	1	0	0	1	3	0	4	1	3	1	1	2	1	2	2	0	1	3	0	2	2
41506	31 Mar 26	07:58:00	1	0	34	0	Ct	0	0	1	0	0	1	0	2	4	0	0	0	0	0	3	1	1	2	0	1	0	4	3	1	0	1	1	3	2	1	2	0	0	3
41507	31 Mar 26	07:59:00	1	0	34	0	Ct	0	0	3	2	1	1	0	2	0	0	0	1	0	1	2	0	0	2	0	0	0	0	1	0	4	2	0	0	5	1	1	0	4	0
41508	31 Mar 26	08:00:00	1	0	34	0	Ct	0	0	1	0	1	0	0	2	2	2	2	2	0	2	1	0	0	3	2	1	0	0	2	0	3	1	0	0	3	0	1	0	4	2
41509	31 Mar 26	08:01:00	1	0	34	0	Ct	0	0	2	1	2	1	0	0	4	2	2	3	0	1	2	1	0	4	0	2	0	0	1	2	3	1	0	2	2	2	0	0	3	1
41510	31 Mar 26	08:02:00	1	0	34	0	Ct	0	0	3	1	3	2	0	0	1	1	0	2	0	3	2	0	3	3	1	0	2	3	2	2	3	0	0	4	1	0	1	0	2	1
41511	31 Mar 26	08:03:00	1	0	34	0	Ct	0	0	2	0	0	0	0	2	1	1	0	1	0	1	2	0	0	2	1	1	2	2	2	1	2	3	2	3	1	0	0	0	3	1
41512	31 Mar 26	08:04:00	1	0	34	0	Ct	0	0	2	1	2	1	0	0	0	5	2	1	0	1	2	0	1	2	0	2	1	0	2	2	3	1	2	1	1	0	0	0	2	2
41513	31 Mar 26	08:05:00	1	0	34	0	Ct	0	0	2	2	4	2	0	0	4	0	2	0	1	1	2	0	0	1	1	3	4	8	2	3	3	1	2	2	0	0	0	0	2	2
41514	31 Mar 26	08:06:00	1	0	34	0	Ct	0	0	2	0	2	2	0	2	1	0	2	1	1	0	2	0	0	1	0	2	0	0	3	1	3	4	1	3	0	0	2	0	2	1
41515	31 Mar 26	08:07:00	1	0	34	0	Ct	0	0	3	1	2	1	0	0	2	0	0	1	0	2	2	0	0	1	0	1	1	0	2	0	5	2	0	4	1	1	2	0	0	1
41516	31 Mar 26	08:08:00	1	0	34	0	Ct	0	0	2	1	0	1	0	0	2	0	0	2	0	1	1	1	0	2	0	1	5	4	2	3	2	0	0	1	0	0	0	0	4	4
41517	31 Mar 26	08:09:00	1	0	34	0	Ct	0	0	1	1	3	2	0	0	3	0	0	3	2	0	2	1	0	1	1	1	1	0	2	1	3	0	0	0	1	0	0	0	5	1
41518	31 Mar 26	08:10:00	1	0	34	0	Ct	0	0	3	0	3	0	0	0	2	2	0	0	0	0	2	2	1	2	2	2	1	0	2	2	5	1	0	4	0	1	0	0	1	2
41519	31 Mar 26	08:11:00	1	0	34	0	Ct	0	0	0	1	3	1	0	0	2	0	0	1	0	2	0	1	1	1	0	1	0	11	2	0	3	1	3	2	0	2	0	0	1	0
41520	31 Mar 26	08:12:00	1	0	34	0	Ct	0	0	2	1	1	2	0	0	3	1	0	0	1	1	0	0	3	1	0	0	0	0	0	1	1	1	1	0	2	1	0	0	3	0
41521	31 Mar 26	08:13:00	1	0	34	0	Ct	0	0	0	1	2	2	0	0	2	1	2	2	0	1	1	0	0	3	0	1	3	2	0	2	2	3	3	2	0	0	0	0	1	0
41522	31 Mar 26	08:14:00	1	0	34	0	Ct	0	0	2	0	1	1	0	0	1	2	1	3	2	1	2	0	0	2	1	2	0	4	0	2	0	2	1	1	1	1	1	0	5	1
41523	31 Mar 26	08:15:00	1	0	34	0	Ct	0	0	0	1	1	1	0	0	2	0	0	1	3	0	2	0	0	0	2	2	2	8	0	1	6	1	2	2	2	1	1	0	3	2
41524	31 Mar 26	08:16:00	1	0	34	0	Ct	0	0	2	1	1	3	0	0	2	0	0	2	0	1	1	0	1	3	3	2	0	1	3	0	2	1	2	2	1	1	1	0	3	0
41525	31 Mar 26	08:17:00	1	0	34	0	Ct	0	0	2	0	1	1	0	0	4	2	0	1	3	0	1	0	1	1	0	3	0	2	2	11	3	1	1	1	0	1	0	0	2	2
41526	31 Mar 26	08:18:00	1	0	34	0	Ct	0	0	2	1	6	2	0	3	2	0	1	1	4	2	1	0	3	3	0	0	0	2	1	2	4	1	2	0	3	1	1	0	3	3
41527	31 Mar 26	08:19:00	1	0	34	0	Ct	0	0	1	3	2	0	0	1	4	0	2	0	0	1	0	0	2	1	0	2	1	0	0	1	2	1	0	4	2	3	2	0	2	0
41528	31 Mar 26	08:20:00	1	0	34	0	Ct	0	0	1	0	1	1	0	1	1	1	0	2	1	0	1	0	3	4	1	2	0	0	2	1	2	1	0	3	0	1	3	0	4	1
41529	31 Mar 26	08:21:00	1	0	34	0	Ct	0	0	2	1	2	1	0	2	1	1	0	2	1	1	0	3	0	1	0	2	2	0	3	2	3	2	3	0	1	1	0	0	4	1
41530	31 Mar 26	08:22:00	1	0	34	0	Ct	0	0	1	0	3	2	0	1	2	0	0	1	1	1	3	0	1	0	1	1	0	0	2	2	1	1	1	0	2	2	1	0	2	3
41531	31 Mar 26	08:23:00	1	0	34	0	Ct	0	0	7	1	0	2	0	2	0	2	0	2	0	2	1	2	1	4	0	2	1	0	2	1	3	0	1	1	2	1	5	0	1	2
41532	31 Mar 26	08:24:00	1	0	34	0	Ct	0	0	0	1	4	2	0	1	1	1	0	1	3	0	1	0	1	3	0	2	0	0	2	0	2	3	0	0	0	1	0	0	3	1
41533	31 Mar 26	08:25:00	1	0	34	0	Ct	0	0	4	1	1	2	0	0	2	1	0	2	0	1	2	1	1	0	0	0	1	2	1	0	2	0	1	2	1	2	2	0	2	2
41534	31 Mar 26	08:26:00	1	0	34	0	Ct	0	0	3	2	3	2	0	0	2	1	0	1	1	2	0	1	0	3	0	0	0	0	1	0	2	0	0	0	0	1	0	0	4	1
41535	31 Mar 26	08:27:00	1	0	34	0	Ct	0	0	2	0	0	1	0	1	3	0	0	1	0	1	3	1	1	2	0	5	0	0	1	2	5	0	2	0	1	2	0	0	3	0
41536	31 Mar 26	08:28:00	1	0	34	0	Ct	0	0	2	1	2	2	0	0	3	2	0	1	0	2	3	0	3	2	0	1	0	0	2	1	2	1	2	0	3	0	0	0	3	2
41537	31 Mar 26	08:29:00	1	0	34	0	Ct	0	0	3	0	2	0	0	2	3	2	2	1	0	1	1	1	1	3	0	3	0	0	2	2	2	1	2	0	0	2	1	0	3	2
41538	31 Mar 26	08:30:00	1	0	34	0	Ct	0	0	2	0	0	0	0	2	2	3	1	1	2	1	1	3	0	2	1	1	0	0	1	2	0	0	2	2	0	1	3	0	1	3
41539	31 Mar 26	08:31:00	1	0	34	0	Ct	0	0	2	4	0	0	0	1	1	2	0	2	1	2	2	0	2	3	0	2	0	0	3	2	2	1	3	2	0	0	1	0	4	3
41540	31 Mar 26	08:32:00	1	0	34	0	Ct	0	0	1	0	1	1	0	1	3	1	1	1	0	1	2	0	2	2	0	1	0	0	1	2	2	2	0	2	0	3	0	0	4	2
41541	31 Mar 26	08:33:00	1	0	34	0	Ct	0	0	2	1	0	1	0	3	1	1	0	1	0	2	2	2	0	3	0	1	0	0	2	2	1	0	5	2	0	0	1	0	4	1
41542	31 Mar 26	08:34:00	1	0	34	0	Ct	0	0	2	1	1	1	0	3	0	1	0	2	0	1	0	2	0	2	0	0	0	0	2	3	4	0	0	0	2	0	2	0	0	1
41543	31 Mar 26	08:35:00	1	0	34	0	Ct	0	0	2	1	1	3	0	0	1	2	4	2	0	0	1	0	0	1	2	1	0	1	1	4	2	1	1	3	3	3	1	0	1	3
41544	31 Mar 26	08:36:00	1	0	34	0	Ct	0	0	1	0	2	1	0	0	3	1	1	1	0	2	2	6	1	1	0	2	0	0	1	0	4	1	1	1	2	0	1	0	4	2
41545	31 Mar 26	08:37:00	1	0	34	0	Ct	0	0	1	1	3	2	0	0	2	1	1	0	0	0	0	1	0	3	1	1	0	1	3	0	3	0	1	0	0	2	1	0	2	0
41546	31 Mar 26	08:38:00	1	0	34	0	Ct	0	0	3	1	2	1	0	0	1	1	0	0	0	3	1	1	1	0	0	2	0	5	3	0	4	1	3	1	0	0	1	0	6	0
41547	31 Mar 26	08:39:00	1	0	34	0	Ct	0	0	1	3	1	2	0	0	3	2	1	1	0	2	0	3	0	5	0	3	1	0	2	1	14	0	1	2	2	1	0	0	4	1
41548	31 Mar 26	08:40:00	1	0	34	0	Ct	0	0	1	1	1	0	0	0	3	2	1	1	0	0	2	1	0	1	1	4	3	0	7	1	7	1	0	0	0	2	1	0	4	1
41549	31 Mar 26	08:41:00	1	0	34	0	Ct	0	0	1	1	2	1	0	0	4	1	0	12	0	2	2	1	0	2	0	2	1	0	2	0	4	2	0	0	2	2	0	0	4	1
41550	31 Mar 26	08:42:00	1	0	34	0	Ct	0	0	0	1	2	2	0	1	1	1	2	0	0	0	2	2	1	1	1	1	1	1	2	3	3	1	3	0	0	3	2	0	1	3
41551	31 Mar 26	08:43:00	1	0	34	0	Ct	0	0	0	2	3	1	0	0	2	2	1	0	0	2	1	0	1	1	1	3	0	7	2	2	3	2	1	0	0	4	1	0	6	2
41552	31 Mar 26	08:44:00	1	0	34	0	Ct	0	0	3	1	1	1	0	3	1	0	0	2	0	0	2	0	0	1	0	1	0	2	3	1	2	1	1	0	0	2	0	0	5	2
41553	31 Mar 26	08:45:00	1	0	34	0	Ct	0	0	0	1	0	1	0	0	4	0	3	1	0	1	2	1	0	1	0	1	2	2	2	1	3	0	0	0	2	3	1	0	2	2
41554	31 Mar 26	08:46:00	1	0	34	0	Ct	0	0	2	1	1	3	0	0	1	1	1	1	0	1	3	4	1	2	1	0	0	3	1	2	4	3	0	0	1	0	2	0	2	5
41555	31 Mar 26	08:47:00	1	0	34	0	Ct	0	0	4	1	3	2	0	0	2	1	1	0	0	3	1	0	0	2	0	1	0	2	1	2	1	0	0	2	2	0	2	0	3	0
41556	31 Mar 26	08:48:00	1	0	34	0	Ct	0	0	1	2	5	1	0	0	3	0	1	1	0	2	1	2	1	1	2	1	5	5	2	0	1	1	1	1	1	1	1	0	3	0
41557	31 Mar 26	08:49:00	1	0	34	0	Ct	0	0	1	0	1	1	0	0	1	1	0	1	0	1	3	0	2	2	0	1	1	0	0	1	1	1	1	1	2	1	0	0	2	0
41558	31 Mar 26	08:50:00	1	0	34	0	Ct	0	0	3	3	4	1	0	2	3	2	0	2	0	0	4	1	0	2	0	1	2	0	2	1	2	1	2	0	0	3	0	0	2	0
41559	31 Mar 26	08:51:00	1	0	34	0	Ct	0	0	2	0	3	2	0	0	1	0	0	1	0	2	1	1	0	2	1	2	0	3	2	0	5	1	1	0	0	2	2	0	4	0
41560	31 Mar 26	08:52:00	1	0	34	0	Ct	0	0	4	0	1	1	0	16	6	2	0	1	0	1	0	0	0	1	0	2	3	0	1	3	1	1	0	0	1	1	4	0	3	0
41561	31 Mar 26	08:53:00	1	0	34	0	Ct	0	0	1	1	1	1	0	1	0	0	0	1	0	1	3	0	1	3	0	3	1	0	2	3	2	0	0	4	0	1	1	0	1	0
41562	31 Mar 26	08:54:00	1	0	34	0	Ct	0	0	2	0	5	1	0	1	2	2	0	1	0	1	1	3	1	2	2	8	3	0	0	4	0	1	2	1	0	0	2	0	3	0
41563	31 Mar 26	08:55:00	1	0	34	0	Ct	0	0	1	1	4	2	0	1	3	2	0	1	0	1	3	0	2	3	3	3	1	0	0	1	4	0	0	1	1	0	0	0	4	0
41564	31 Mar 26	08:56:00	1	0	34	0	Ct	0	0	2	2	0	0	0	1	1	1	0	2	0	0	1	4	0	1	1	1	2	1	0	0	2	0	0	0	3	0	2	0	3	0
41565	31 Mar 26	08:57:00	1	0	34	0	Ct	0	0	0	0	4	0	0	0	2	2	0	1	0	1	2	0	2	1	1	2	1	1	0	2	2	0	8	3	0	0	1	0	3	0
41566	31 Mar 26	08:58:00	1	0	34	0	Ct	0	0	2	1	2	2	0	0	3	0	0	0	0	1	1	3	0	0	1	2	0	2	0	2	3	0	0	4	0	1	3	0	3	0
41567	31 Mar 26	08:59:00	1	0	34	0	Ct	0	0	1	0	1	3	0	1	1	2	0	3	0	1	2	1	0	3	0	1	1	0	1	1	2	1	0	0	0	0	1	0	2	0
41568	31 Mar 26	09:00:00	1	0	34	0	Ct	0	0	2	2	1	1	0	1	0	1	0	1	0	1	0	0	0	2	0	3	2	1	1	1	3	1	0	0	0	0	1	0	0	2
41569	31 Mar 26	09:01:00	1	0	34	0	Ct	0	0	1	2	2	1	0	0	3	1	0	1	0	1	3	1	0	2	0	1	0	1	0	2	1	0	0	0	1	0	0	0	0	2
41570	31 Mar 26	09:02:00	1	0	34	0	Ct	0	0	3	1	3	0	0	1	1	2	0	0	0	0	0	0	0	1	0	1	0	0	2	1	4	1	1	2	2	0	3	0	2	1
41571	31 Mar 26	09:03:00	1	0	34	0	Ct	0	0	0	1	0	1	0	1	3	0	0	0	0	1	2	2	2	0	0	1	0	0	1	2	1	0	1	2	3	0	2	0	3	0
41572	31 Mar 26	09:04:00	1	0	34	0	Ct	0	0	1	0	2	2	0	0	2	2	1	1	0	2	3	1	1	1	1	1	0	2	0	2	1	0	0	1	0	3	1	0	4	1
41573	31 Mar 26	09:05:00	1	0	34	0	Ct	0	0	2	1	0	1	0	1	3	0	3	2	0	0	1	0	1	1	0	1	0	1	2	0	2	1	0	0	0	1	0	0	2	1
41574	31 Mar 26	09:06:00	1	0	34	0	Ct	0	0	0	0	0	1	0	1	1	1	1	2	2	1	0	3	1	2	1	1	2	1	0	2	4	3	0	0	0	2	2	0	4	0
41575	31 Mar 26	09:07:00	1	0	34	0	Ct	0	0	1	0	0	2	0	3	1	3	0	0	1	2	1	0	0	4	0	2	1	0	3	3	6	0	1	1	1	0	1	0	3	3
41576	31 Mar 26	09:08:00	1	0	34	0	Ct	0	0	1	0	1	1	0	3	2	2	0	1	4	2	1	0	1	1	0	1	1	0	1	1	2	1	1	3	1	1	2	0	3	0
41577	31 Mar 26	09:09:00	1	0	34	0	Ct	0	0	0	0	0	5	0	3	3	0	0	3	1	0	5	0	1	3	1	1	0	0	1	2	2	1	0	3	0	4	1	0	2	0
41578	31 Mar 26	09:10:00	1	0	34	0	Ct	0	0	1	1	6	3	0	0	3	0	1	1	0	2	0	0	0	1	0	0	0	0	1	3	4	0	1	3	1	1	1	0	3	1
41579	31 Mar 26	09:11:00	1	0	34	0	Ct	0	0	1	1	2	3	0	2	2	0	1	2	0	2	0	0	0	1	1	3	3	0	1	1	1	0	0	3	0	0	1	0	4	1
41580	31 Mar 26	09:12:00	1	0	34	0	Ct	0	0	2	1	2	3	0	2	3	0	0	0	0	1	0	0	0	3	0	3	1	0	2	2	1	0	4	0	1	1	0	0	4	1
41581	31 Mar 26	09:13:00	1	0	34	0	Ct	0	0	2	0	2	1	0	2	2	0	0	2	0	1	1	0	2	3	1	2	0	0	2	0	3	0	3	4	0	1	3	0	3	1
41582	31 Mar 26	09:14:00	1	0	34	0	Ct	0	0	0	1	0	1	0	1	2	0	0	0	0	1	1	0	0	1	1	0	0	0	2	1	5	1	0	0	0	1	4	0	5	4
41583	31 Mar 26	09:15:00	1	0	34	0	Ct	0	0	1	1	2	2	0	2	1	0	0	1	0	1	1	2	1	2	0	3	1	0	2	2	2	0	1	1	3	0	0	0	2	1
41584	31 Mar 26	09:16:00	1	0	34	0	Ct	0	0	1	1	2	1	0	2	0	2	1	2	0	2	3	1	1	2	0	0	0	0	2	5	4	1	3	1	0	0	3	0	2	1
41585	31 Mar 26	09:17:00	1	0	34	0	Ct	0	0	1	0	2	1	0	0	1	0	0	2	0	0	0	4	2	2	1	2	6	0	2	1	3	1	0	0	0	2	2	0	5	0
41586	31 Mar 26	09:18:00	1	0	34	0	Ct	0	0	3	2	0	8	0	1	5	0	0	2	0	0	4	0	1	2	2	3	1	1	1	1	4	0	0	0	0	2	0	0	2	0
41587	31 Mar 26	09:19:00	1	0	34	0	Ct	0	0	3	0	3	1	0	3	3	1	0	3	0	0	2	0	3	2	0	0	0	0	4	1	2	1	2	0	0	0	0	0	4	0
41588	31 Mar 26	09:20:00	1	0	34	0	Ct	0	0	2	1	2	1	0	0	1	1	0	1	0	2	4	0	1	2	0	0	3	1	0	2	4	1	0	4	0	4	1	0	3	4
41589	31 Mar 26	09:21:00	1	0	34	0	Ct	0	0	2	2	3	1	0	0	6	0	0	0	0	1	1	0	2	2	0	1	1	4	0	2	2	0	0	0	3	0	1	0	1	1
41590	31 Mar 26	09:22:00	1	0	34	0	Ct	0	0	0	0	0	1	0	0	2	0	0	2	0	1	1	0	1	0	0	1	3	1	0	3	2	1	0	1	2	2	1	0	1	0
41591	31 Mar 26	09:23:00	1	0	34	0	Ct	0	0	1	1	1	1	0	0	1	2	0	0	0	1	0	0	1	7	0	1	0	0	0	3	4	3	0	1	1	1	0	0	6	0
41592	31 Mar 26	09:24:00	1	0	34	0	Ct	0	0	1	3	2	2	0	1	1	1	0	1	0	3	0	0	1	3	0	3	2	0	1	2	4	1	3	1	5	1	1	0	0	0
41593	31 Mar 26	09:25:00	1	0	34	0	Ct	0	0	1	0	3	1	0	2	1	5	0	2	0	2	2	0	1	1	0	2	0	1	0	9	1	1	0	2	0	1	0	0	2	0
41594	31 Mar 26	09:26:00	1	0	34	0	Ct	0	0	1	0	1	2	0	1	2	0	0	1	0	1	1	0	1	3	3	1	3	1	1	2	4	3	2	2	3	3	3	0	3	0
41595	31 Mar 26	09:27:00	1	0	34	0	Ct	0	0	2	3	2	0	0	1	2	2	0	1	0	1	2	1	1	1	1	1	0	0	0	2	3	3	4	0	0	1	2	0	0	0
41596	31 Mar 26	09:28:00	1	0	34	0	Ct	0	0	2	3	2	2	0	4	1	1	0	2	0	1	1	1	0	2	0	0	2	2	1	2	4	1	3	0	0	2	2	0	1	0
41597	31 Mar 26	09:29:00	1	0	34	0	Ct	0	0	1	1	1	3	0	2	2	2	0	1	0	1	1	1	2	4	0	2	0	0	1	1	1	1	2	0	0	3	1	0	2	1
41598	31 Mar 26	09:30:00	1	0	34	0	Ct	0	0	1	1	4	6	0	3	2	0	0	2	0	0	2	2	1	1	0	0	0	0	3	2	2	4	1	1	0	1	3	0	3	2
41599	31 Mar 26	09:31:00	1	0	34	0	Ct	0	0	1	1	4	2	0	0	7	1	0	2	2	1	1	1	0	3	0	1	0	0	1	2	3	0	1	5	1	2	0	0	3	0
41600	31 Mar 26	09:32:00	1	0	34	0	Ct	0	0	2	1	4	1	0	2	0	1	0	2	0	0	1	1	2	3	0	2	1	0	1	2	1	0	1	1	3	2	2	0	1	0
41601	31 Mar 26	09:33:00	1	0	34	0	Ct	0	0	3	1	4	1	0	4	0	1	1	1	3	0	3	0	1	2	0	2	1	0	1	1	3	0	0	3	4	2	1	0	1	2
41602	31 Mar 26	09:34:00	1	0	34	0	Ct	0	0	0	0	2	1	0	7	0	1	0	2	4	0	4	2	2	2	0	1	0	0	0	2	1	0	0	0	2	1	0	0	4	1
41603	31 Mar 26	09:35:00	1	0	34	0	Ct	0	0	1	1	2	2	0	4	2	1	0	0	1	2	3	1	2	2	0	2	0	3	0	1	5	0	0	4	2	1	2	0	1	1
41604	31 Mar 26	09:36:00	1	0	34	0	Ct	0	0	3	1	4	2	0	1	0	0	0	0	0	0	2	1	2	6	0	2	0	1	1	1	3	1	0	1	0	4	3	0	0	0
41605	31 Mar 26	09:37:00	1	0	34	0	Ct	0	0	1	0	3	1	0	1	2	4	0	1	1	2	4	0	0	2	0	0	0	2	1	1	4	0	0	1	0	2	0	0	3	2
41606	31 Mar 26	09:38:00	1	0	34	0	Ct	0	0	2	1	1	3	0	0	2	1	0	0	0	2	1	0	0	2	0	0	0	1	0	0	4	0	0	5	1	0	1	0	2	2
41607	31 Mar 26	09:39:00	1	0	34	0	Ct	0	0	2	1	4	1	0	0	2	1	0	0	0	1	3	0	1	1	0	1	1	4	0	2	2	2	0	28	3	1	0	0	2	0
41608	31 Mar 26	09:40:00	1	0	34	0	Ct	0	0	1	3	4	1	0	0	0	0	0	0	0	1	0	0	0	3	0	2	1	0	1	1	3	4	0	4	2	1	2	0	4	2
41609	31 Mar 26	09:41:00	1	0	34	0	Ct	0	0	1	2	1	3	0	0	1	0	0	3	0	0	3	0	1	3	0	2	0	0	1	1	2	0	9	1	0	1	1	0	4	0
41610	31 Mar 26	09:42:00	1	0	34	0	Ct	0	0	0	0	4	0	0	0	2	1	0	1	0	1	6	0	1	2	0	0	1	0	2	1	1	0	0	0	1	1	0	0	4	1
41611	31 Mar 26	09:43:00	1	0	34	0	Ct	0	0	2	1	0	1	0	0	1	2	0	0	0	2	1	0	0	3	0	2	1	2	0	1	4	2	0	0	0	0	0	0	3	1
41612	31 Mar 26	09:44:00	1	0	34	0	Ct	0	0	0	1	1	1	0	0	1	2	0	1	0	2	1	2	2	0	0	4	0	6	3	0	3	0	0	0	2	0	0	0	3	1
41613	31 Mar 26	09:45:00	1	0	34	0	Ct	0	0	4	1	1	5	0	0	1	1	0	3	0	1	0	0	0	1	0	0	1	8	1	0	2	1	2	0	1	1	3	0	3	3
41614	31 Mar 26	09:46:00	1	0	34	0	Ct	0	0	0	0	1	2	0	0	2	1	0	0	0	1	0	2	1	3	0	0	0	7	1	0	3	2	1	0	1	5	0	0	3	2
41615	31 Mar 26	09:47:00	1	0	34	0	Ct	0	0	0	0	2	2	0	0	2	0	0	2	0	0	1	0	0	1	1	0	0	1	1	1	1	0	2	1	2	2	0	0	2	2
41616	31 Mar 26	09:48:00	1	0	34	0	Ct	0	0	0	0	0	1	0	0	1	2	0	1	0	1	1	2	1	2	2	3	1	0	3	2	4	1	2	0	2	0	2	0	2	1
41617	31 Mar 26	09:49:00	1	0	34	0	Ct	0	0	1	1	3	2	0	0	1	0	0	3	0	0	0	1	0	2	0	2	3	2	3	0	0	0	3	1	0	1	1	0	2	2
41618	31 Mar 26	09:50:00	1	0	34	0	Ct	0	0	1	0	1	1	0	2	0	3	0	3	0	0	0	0	0	2	0	4	1	8	3	0	3	0	3	0	0	1	0	0	3	1
41619	31 Mar 26	09:51:00	1	0	34	0	Ct	0	0	0	2	0	2	0	0	2	0	0	5	0	1	1	0	0	2	0	1	0	3	0	2	3	2	1	0	0	0	1	0	3	1
41620	31 Mar 26	09:52:00	1	0	34	0	Ct	0	0	0	1	2	4	0	0	2	2	0	1	0	2	3	1	0	2	0	2	2	0	3	0	4	0	2	0	0	4	1	0	3	1
41621	31 Mar 26	09:53:00	1	0	34	0	Ct	0	0	0	0	3	1	0	2	3	0	0	0	0	0	4	0	1	2	0	1	3	0	2	0	3	0	3	1	0	2	0	0	3	0
41622	31 Mar 26	09:54:00	1	0	34	0	Ct	0	0	0	0	1	3	0	3	1	2	0	0	0	0	4	1	1	1	0	0	5	0	1	0	2	0	2	0	2	0	3	0	9	3
41623	31 Mar 26	09:55:00	1	0	34	0	Ct	0	0	1	1	1	6	0	0	1	2	0	0	0	0	1	1	2	0	0	1	1	3	1	1	6	1	1	4	0	3	2	0	3	2
41624	31 Mar 26	09:56:00	1	0	34	0	Ct	0	0	2	0	0	1	0	0	0	3	0	2	0	1	4	6	0	1	0	2	3	0	1	1	4	1	2	1	0	0	0	0	3	1
41625	31 Mar 26	09:57:00	1	0	34	0	Ct	0	0	1	2	2	2	0	1	0	2	0	1	0	1	2	0	1	1	0	1	0	1	1	2	3	0	0	0	1	2	0	0	3	2
41626	31 Mar 26	09:58:00	1	0	34	0	Ct	0	0	0	0	0	1	0	0	0	1	0	1	3	0	2	1	1	1	0	5	2	1	0	2	4	0	0	0	0	0	0	0	4	2
41627	31 Mar 26	09:59:00	1	0	34	0	Ct	0	0	2	2	0	4	0	0	1	1	0	1	0	0	3	0	0	3	0	1	1	0	0	3	4	0	1	0	0	1	0	0	2	0
41628	31 Mar 26	10:00:00	1	0	34	0	Ct	0	0	1	0	0	1	0	0	3	1	0	1	0	0	3	0	1	2	1	1	0	0	4	0	3	0	1	0	2	3	0	0	0	0
41629	31 Mar 26	10:01:00	1	0	34	0	Ct	0	0	1	0	0	5	0	0	2	1	0	2	1	0	4	5	1	2	0	2	0	1	1	0	5	0	2	0	0	2	0	0	3	0
41630	31 Mar 26	10:02:00	1	0	34	0	Ct	0	0	1	0	7	1	0	0	1	2	0	2	3	2	1	0	1	2	1	2	0	0	1	0	3	0	0	0	1	1	2	0	2	2
41631	31 Mar 26	10:03:00	1	0	34	0	Ct	0	0	0	0	0	2	0	0	0	1	0	2	0	1	2	0	0	1	0	2	1	0	0	0	3	1	4	0	1	0	0	0	1	0
41632	31 Mar 26	10:04:00	1	0	34	0	Ct	0	0	3	0	2	2	0	0	2	3	0	1	6	0	1	0	0	4	0	1	3	0	0	2	3	0	1	0	0	1	0	0	3	1
41633	31 Mar 26	10:05:00	1	0	34	0	Ct	0	0	1	1	0	1	0	0	3	1	0	1	0	1	3	0	3	1	0	2	1	0	0	0	3	0	0	0	1	2	0	0	3	1
41634	31 Mar 26	10:06:00	1	0	34	0	Ct	0	0	1	2	3	1	0	0	1	0	0	1	0	1	1	0	1	2	3	1	0	1	1	0	2	0	0	0	2	0	0	0	3	1
41635	31 Mar 26	10:07:00	1	0	34	0	Ct	0	0	2	2	4	7	0	1	0	1	0	0	3	0	3	3	1	1	1	3	0	0	9	1	2	1	1	0	0	0	2	0	3	2
41636	31 Mar 26	10:08:00	1	0	34	0	Ct	0	0	2	0	1	2	0	1	0	2	0	3	1	0	1	2	0	2	0	5	2	0	2	3	1	1	1	1	1	0	1	0	3	1
41637	31 Mar 26	10:09:00	1	0	34	0	Ct	0	0	1	1	3	3	0	0	2	2	0	2	0	3	2	3	3	2	0	1	3	0	1	0	2	1	0	0	2	0	1	0	3	2
41638	31 Mar 26	10:10:00	1	0	34	0	Ct	0	1	1	0	0	2	0	0	5	3	1	0	1	4	0	2	1	2	0	1	0	0	2	0	2	0	1	2	1	1	3	0	1	1
41639	31 Mar 26	10:11:00	1	0	34	0	Ct	0	1	0	0	2	0	0	0	3	0	0	0	2	0	0	0	1	1	0	1	0	0	2	0	0	0	0	0	0	0	2	0	1	0
41640	31 Mar 26	10:12:00	1	0	34	0	Ct	0	1	1	3	1	0	0	0	0	0	0	0	1	4	0	0	3	1	0	0	0	0	0	0	0	0	0	0	0	0	0	0	0	0
41641	31 Mar 26	10:13:00	1	0	34	0	Ct	0	1	0	0	2	0	0	0	2	0	0	0	1	0	0	0	2	0	0	0	0	0	0	0	2	1	0	0	0	0	0	0	4	0
41642	31 Mar 26	10:14:00	1	0	34	0	Ct	0	1	0	1	1	0	0	1	1	0	0	0	0	0	2	0	2	1	0	0	0	0	0	0	1	2	0	0	0	0	0	0	1	1
41643	31 Mar 26	10:15:00	1	0	34	0	Ct	0	1	0	1	0	0	0	3	0	1	0	0	1	0	1	0	0	7	0	0	0	11	1	2	1	1	1	0	0	0	0	0	1	1
41644	31 Mar 26	10:16:00	1	0	34	0	Ct	0	1	0	2	0	0	0	0	1	0	0	0	1	0	2	0	2	1	0	1	0	0	1	1	0	1	0	2	0	0	0	0	1	0
41645	31 Mar 26	10:17:00	1	0	34	0	Ct	0	1	0	0	3	2	0	1	1	0	0	0	0	0	1	0	2	3	0	1	2	0	2	3	0	1	0	1	0	0	0	0	2	0
41646	31 Mar 26	10:18:00	1	0	34	0	Ct	0	1	1	2	1	0	0	2	3	0	0	0	0	0	2	0	2	1	0	0	0	0	2	1	1	1	0	0	3	1	0	0	1	2
41647	31 Mar 26	10:19:00	1	0	34	0	Ct	0	1	1	0	4	1	0	1	3	0	0	0	2	1	1	0	2	1	0	0	0	0	0	0	2	2	0	3	0	1	0	0	2	0
41648	31 Mar 26	10:20:00	1	0	34	0	Ct	0	1	0	4	0	1	0	3	3	0	0	0	2	1	2	0	3	1	0	0	0	0	3	1	2	2	0	3	0	2	0	0	2	1
41649	31 Mar 26	10:21:00	1	0	34	0	Ct	0	1	0	0	2	2	0	2	0	1	0	0	2	1	3	1	1	2	0	0	0	0	2	1	0	0	0	2	2	1	0	0	1	3
41650	31 Mar 26	10:22:00	1	0	34	0	Ct	0	1	0	2	1	1	0	2	3	0	0	0	1	0	2	1	3	3	0	2	1	0	2	0	1	1	0	6	0	0	0	0	1	1
41651	31 Mar 26	10:23:00	1	0	34	0	Ct	0	1	0	1	1	1	0	1	4	1	1	0	1	2	2	0	3	2	0	1	4	0	1	0	1	1	0	4	0	0	0	0	1	1
41652	31 Mar 26	10:24:00	1	0	34	0	Ct	0	1	0	3	1	3	0	1	2	2	1	0	1	0	1	0	2	4	0	2	0	1	2	2	1	2	0	2	0	0	0	0	2	2
41653	31 Mar 26	10:25:00	1	0	34	0	Ct	0	1	0	1	1	1	0	0	3	3	0	0	0	0	1	1	3	1	0	0	3	0	2	2	0	2	0	0	1	0	0	0	3	0
41654	31 Mar 26	10:26:00	1	0	34	0	Ct	0	1	0	1	1	1	0	2	3	2	4	0	4	0	1	1	2	1	0	1	0	0	2	1	1	2	0	1	1	0	0	0	6	2
41655	31 Mar 26	10:27:00	1	0	34	0	Ct	0	1	0	2	1	2	0	3	3	3	0	0	0	2	3	3	1	3	0	1	0	0	2	1	2	2	0	3	0	0	0	0	2	1
41656	31 Mar 26	10:28:00	1	0	34	0	Ct	0	1	0	1	4	0	0	2	3	0	2	0	4	1	0	1	3	1	0	1	2	0	0	1	0	2	0	2	3	0	0	0	2	1
41657	31 Mar 26	10:29:00	1	0	34	0	Ct	0	1	0	1	0	0	0	2	2	2	1	0	1	1	3	0	2	3	0	1	1	0	0	0	0	2	0	2	0	0	0	0	3	1
41658	31 Mar 26	10:30:00	1	0	34	0	Ct	0	1	0	1	2	1	0	2	3	0	2	0	0	2	2	0	3	1	0	2	1	0	0	0	0	1	0	0	0	0	0	0	2	2
41659	31 Mar 26	10:31:00	1	0	34	0	Ct	0	1	2	1	1	1	0	0	3	2	1	0	2	1	1	2	1	1	0	2	0	0	1	0	0	1	0	4	0	0	0	0	3	2
41660	31 Mar 26	10:32:00	1	0	34	0	Ct	0	1	20	1	1	0	0	0	1	0	2	0	1	1	1	2	2	1	0	0	1	0	3	0	0	0	0	1	1	2	0	0	2	2
41661	31 Mar 26	10:33:00	1	0	34	0	Ct	0	1	0	1	0	1	0	2	1	0	1	0	0	0	3	2	2	2	0	2	1	0	0	2	0	1	0	1	0	0	0	0	3	0
41662	31 Mar 26	10:34:00	1	0	34	0	Ct	0	1	0	3	0	2	0	3	1	0	1	0	1	0	3	1	2	0	0	0	3	0	0	0	0	2	0	3	1	0	0	0	2	2
41663	31 Mar 26	10:35:00	1	0	34	0	Ct	0	1	0	1	0	0	0	0	1	0	2	0	1	2	0	1	2	1	0	2	1	0	3	2	0	1	0	0	3	1	0	0	8	3
41664	31 Mar 26	10:36:00	1	0	34	0	Ct	0	1	0	1	1	0	0	3	1	0	2	0	0	0	1	2	1	1	0	0	1	1	2	0	0	1	0	1	0	2	0	0	1	2
41665	31 Mar 26	10:37:00	1	0	34	0	Ct	0	1	0	1	3	1	0	1	2	0	2	0	2	0	3	0	1	1	0	1	1	0	1	0	0	2	0	1	0	0	0	0	1	0
41666	31 Mar 26	10:38:00	1	0	34	0	Ct	0	1	0	1	3	1	0	0	4	5	1	0	2	0	2	0	2	2	0	4	0	0	4	0	0	1	0	2	0	0	0	0	3	0
41667	31 Mar 26	10:39:00	1	0	34	0	Ct	0	1	0	1	1	4	0	0	3	1	4	0	1	0	1	0	1	1	0	1	0	2	1	3	0	1	0	0	1	0	0	0	3	0
41668	31 Mar 26	10:40:00	1	0	34	0	Ct	0	1	0	0	1	2	0	1	7	0	0	0	0	1	0	0	2	2	0	0	0	5	1	2	0	2	0	3	0	0	0	0	2	0
41669	31 Mar 26	10:41:00	1	0	34	0	Ct	0	1	0	1	1	2	0	0	0	0	0	0	0	1	1	0	2	1	0	1	0	0	1	1	0	1	0	4	2	1	0	0	2	2
41670	31 Mar 26	10:42:00	1	0	34	0	Ct	0	1	0	1	3	1	0	1	1	0	0	0	0	0	1	1	1	4	0	1	1	0	0	4	0	0	0	2	1	1	0	0	1	2
41671	31 Mar 26	10:43:00	1	0	34	0	Ct	0	1	0	1	0	4	0	1	2	0	0	0	1	0	2	0	2	2	0	1	1	0	0	1	1	0	0	0	0	2	1	0	1	0
41672	31 Mar 26	10:44:00	1	0	34	0	Ct	0	1	0	1	2	0	0	2	0	0	1	0	2	1	2	0	1	0	0	1	2	0	0	0	0	1	0	3	1	2	0	0	2	1
41673	31 Mar 26	10:45:00	1	0	34	0	Ct	0	1	0	1	3	4	0	0	2	0	2	0	0	1	0	0	3	2	0	0	1	0	3	0	0	1	0	0	0	1	0	0	4	1
41674	31 Mar 26	10:46:00	1	0	34	0	Ct	0	1	0	2	0	3	0	0	3	0	1	0	0	0	3	3	4	1	0	2	0	0	1	0	0	2	0	1	1	0	0	0	1	0
41675	31 Mar 26	10:47:00	1	0	34	0	Ct	0	1	0	1	3	2	0	0	1	0	1	0	1	0	1	1	2	3	0	0	0	0	0	0	0	1	0	0	2	0	0	0	2	0
41676	31 Mar 26	10:48:00	1	0	34	0	Ct	0	1	0	1	1	4	0	0	2	0	2	0	0	0	1	0	1	1	0	2	0	0	4	0	0	1	0	2	0	0	0	0	2	0
41677	31 Mar 26	10:49:00	1	0	34	0	Ct	0	1	0	1	3	2	0	2	3	0	1	0	2	4	2	1	2	0	0	0	3	0	0	1	0	1	0	3	0	0	0	0	1	0
41678	31 Mar 26	10:50:00	1	0	34	0	Ct	0	1	0	3	1	6	0	1	1	0	0	0	0	1	2	1	1	2	0	0	1	0	0	1	0	2	0	1	0	0	0	0	0	1
41679	31 Mar 26	10:51:00	1	0	34	0	Ct	0	1	0	1	1	2	0	3	4	0	1	0	3	4	1	0	1	2	0	2	2	0	4	0	0	1	0	1	2	1	0	0	3	1
41680	31 Mar 26	10:52:00	1	0	34	0	Ct	0	1	0	1	2	1	0	3	1	0	3	0	0	1	1	0	1	1	0	2	4	0	2	0	0	0	0	4	1	2	0	0	4	0
41681	31 Mar 26	10:53:00	1	0	34	0	Ct	0	1	0	0	0	1	0	0	2	0	2	0	0	1	2	0	2	2	0	2	0	0	1	0	0	2	0	0	1	0	0	0	0	2
41682	31 Mar 26	10:54:00	1	0	34	0	Ct	0	1	0	3	1	0	0	1	5	0	2	0	0	0	1	0	0	1	0	1	3	0	1	0	0	2	0	2	0	0	0	0	6	1
41683	31 Mar 26	10:55:00	1	0	34	0	Ct	0	1	0	1	3	1	0	1	2	2	2	0	2	1	1	2	1	1	0	0	2	0	0	1	0	1	0	0	0	0	0	0	1	0
41684	31 Mar 26	10:56:00	1	0	34	0	Ct	0	1	0	2	1	1	0	2	0	0	1	0	2	0	2	1	2	1	0	1	0	0	0	1	0	2	0	0	0	0	0	0	1	0
41685	31 Mar 26	10:57:00	1	0	34	0	Ct	0	1	0	2	3	3	0	0	0	0	2	0	0	2	1	0	0	1	0	1	2	6	0	0	0	0	0	0	2	0	0	0	2	0
41686	31 Mar 26	10:58:00	1	0	34	0	Ct	0	1	0	1	1	1	0	9	2	0	2	0	0	0	1	0	0	3	0	0	2	5	0	0	0	3	0	0	1	3	0	0	3	0
41687	31 Mar 26	10:59:00	1	0	34	0	Ct	0	1	0	2	1	0	0	3	2	0	1	0	0	0	0	0	2	2	0	2	1	0	2	3	2	0	0	0	1	0	0	0	4	0
41688	31 Mar 26	11:00:00	1	0	34	0	Ct	0	1	0	2	1	1	0	2	0	0	0	0	3	1	1	0	0	4	0	1	0	0	2	2	0	1	0	0	5	1	0	0	3	0
41689	31 Mar 26	11:01:00	1	0	34	0	Ct	0	1	0	2	2	1	0	1	1	0	0	0	1	1	1	2	2	2	0	1	0	0	1	1	0	2	0	0	1	1	0	0	0	0
41690	31 Mar 26	11:02:00	1	0	34	0	Ct	0	1	0	0	0	2	0	1	1	0	2	0	2	3	1	2	0	0	0	2	2	0	2	3	0	2	0	0	0	0	0	0	4	0
41691	31 Mar 26	11:03:00	1	0	34	0	Ct	0	1	0	1	2	2	0	1	3	2	2	0	0	2	1	0	1	0	0	1	1	0	1	1	0	0	0	0	0	0	0	0	3	0
41692	31 Mar 26	11:04:00	1	0	34	0	Ct	0	1	0	1	2	4	0	2	0	0	0	0	0	0	2	5	1	0	0	4	0	0	0	0	0	1	0	1	0	0	0	0	1	0
41693	31 Mar 26	11:05:00	1	0	34	0	Ct	0	1	0	1	1	0	0	3	0	2	0	0	1	1	2	0	1	0	0	2	0	0	0	0	1	1	0	0	0	0	0	0	2	0
41694	31 Mar 26	11:06:00	1	0	34	0	Ct	0	1	0	2	0	1	0	2	0	0	2	0	0	1	0	0	1	0	0	1	0	0	0	0	0	1	0	1	0	0	0	0	1	0
41695	31 Mar 26	11:07:00	1	0	34	0	Ct	0	1	0	0	2	0	0	4	0	0	1	0	2	0	1	0	1	0	0	0	1	0	0	0	0	0	0	0	0	0	0	0	1	0
41696	31 Mar 26	11:08:00	1	0	34	0	Ct	0	1	0	2	1	3	0	3	3	0	0	0	0	0	1	0	1	0	0	2	1	0	0	0	0	1	0	0	0	0	0	0	2	0
41697	31 Mar 26	11:09:00	1	0	34	0	Ct	0	1	0	1	1	2	0	0	2	1	0	0	0	0	1	0	1	0	0	3	1	0	0	0	1	0	0	0	0	0	0	0	4	0
41698	31 Mar 26	11:10:00	1	0	34	0	Ct	0	1	0	1	2	0	0	0	2	1	0	0	0	0	2	1	1	0	0	0	3	0	0	0	0	1	0	0	0	0	0	0	2	0
41699	31 Mar 26	11:11:00	1	0	34	0	Ct	0	1	0	2	2	3	0	2	3	0	1	0	2	0	1	0	1	0	0	3	0	0	0	0	1	0	0	0	0	0	0	0	2	0
41700	31 Mar 26	11:12:00	1	0	34	0	Ct	0	1	0	1	3	1	0	1	1	0	2	0	0	0	0	2	1	0	0	0	0	0	0	0	0	1	0	0	0	0	0	0	3	0
41701	31 Mar 26	11:13:00	1	0	34	0	Ct	0	1	0	1	2	0	0	4	3	0	1	0	0	0	1	0	1	0	0	2	0	2	0	0	0	0	0	0	0	0	0	0	0	0
41702	31 Mar 26	11:14:00	1	0	34	0	Ct	0	1	0	1	2	3	0	3	2	0	2	0	1	0	0	1	1	0	0	2	0	2	0	2	0	2	0	0	0	3	0	0	3	0
41703	31 Mar 26	11:15:00	1	0	34	0	Ct	0	1	0	1	3	2	0	4	2	0	0	0	0	0	2	3	2	0	0	1	0	0	0	1	0	1	0	0	0	1	0	0	4	3
41704	31 Mar 26	11:16:00	1	0	34	0	Ct	0	1	0	2	2	0	0	1	3	0	0	0	0	2	1	0	0	0	0	0	0	2	0	0	0	1	0	0	0	0	0	0	3	0
41705	31 Mar 26	11:17:00	1	0	34	0	Ct	0	1	0	2	2	0	0	0	2	0	1	0	1	0	2	0	2	0	0	2	0	2	0	1	0	2	0	0	2	1	0	0	4	0
41706	31 Mar 26	11:18:00	1	0	34	0	Ct	0	1	0	1	1	2	0	2	2	0	1	0	1	0	0	0	2	0	0	2	0	0	0	1	0	0	0	0	0	0	0	0	0	0
41707	31 Mar 26	11:19:00	1	0	34	0	Ct	0	1	0	1	3	1	0	0	2	0	4	0	0	2	2	0	0	0	0	1	0	0	0	3	0	1	0	0	0	0	0	0	3	0
41708	31 Mar 26	11:20:00	1	0	34	0	Ct	0	1	0	1	2	1	0	0	5	0	2	0	1	1	1	0	3	0	0	1	0	0	0	0	4	0	0	0	0	0	0	0	2	0
41709	31 Mar 26	11:21:00	1	0	34	0	Ct	0	1	0	1	3	6	0	2	3	0	1	0	0	1	2	1	2	0	0	1	1	0	3	2	1	2	0	0	0	0	0	0	2	0
41710	31 Mar 26	11:22:00	1	0	34	0	Ct	0	1	0	0	1	1	0	1	2	0	2	0	1	0	1	1	1	0	0	1	5	0	1	0	6	0	0	0	0	0	0	0	2	0
41711	31 Mar 26	11:23:00	1	0	34	0	Ct	0	1	0	1	2	1	0	1	1	0	2	0	0	0	1	0	2	0	0	0	0	0	2	1	0	0	0	0	0	0	0	0	0	0
41712	31 Mar 26	11:24:00	1	0	34	0	Ct	0	1	0	1	1	1	0	3	2	0	0	0	0	0	2	0	1	0	0	0	1	0	3	1	0	1	0	0	1	0	0	0	2	0
41713	31 Mar 26	11:25:00	1	0	34	0	Ct	0	1	1	0	1	1	0	0	2	0	0	0	0	0	0	0	0	0	0	2	1	6	0	4	0	2	0	0	4	0	0	0	3	0
41714	31 Mar 26	11:26:00	1	0	34	0	Ct	0	1	0	0	0	0	0	2	2	0	0	0	0	2	3	0	0	0	0	3	1	4	2	4	0	1	0	0	0	2	0	0	0	0
41715	31 Mar 26	11:27:00	1	0	34	0	Ct	0	1	0	0	2	1	0	2	0	0	0	0	0	0	1	0	2	0	0	0	0	1	0	2	0	1	0	0	0	0	0	0	3	0
41716	31 Mar 26	11:28:00	1	0	34	0	Ct	0	1	1	0	2	1	0	2	0	0	0	0	0	0	1	0	1	4	0	0	2	0	0	2	0	4	0	0	0	0	0	0	2	0
41717	31 Mar 26	11:29:00	1	0	34	0	Ct	0	1	0	1	0	1	0	3	0	0	1	0	1	0	1	0	1	1	0	0	0	2	0	3	0	1	0	0	0	0	0	0	3	0
41718	31 Mar 26	11:30:00	1	0	34	0	Ct	0	1	0	0	0	1	0	1	0	0	2	0	3	1	2	0	2	0	0	5	3	1	0	1	1	2	0	0	2	2	0	0	0	0
41719	31 Mar 26	11:31:00	1	0	34	0	Ct	0	1	0	1	2	6	0	1	4	0	5	0	0	1	1	0	3	2	0	2	0	0	0	1	0	1	0	0	0	2	0	0	4	0
41720	31 Mar 26	11:32:00	1	0	34	0	Ct	0	1	0	2	1	1	0	3	0	0	5	0	0	1	0	0	2	5	0	4	0	0	0	0	0	2	0	0	1	0	0	0	3	0
41721	31 Mar 26	11:33:00	1	0	34	0	Ct	0	1	0	1	0	0	0	0	1	0	1	0	0	0	2	0	0	9	0	0	0	0	0	0	1	2	0	0	0	1	0	0	0	0
41722	31 Mar 26	11:34:00	1	0	34	0	Ct	0	1	0	2	2	3	0	0	1	0	0	0	0	1	0	0	2	0	0	0	0	0	0	1	0	2	0	2	1	1	0	0	4	0
41723	31 Mar 26	11:35:00	1	0	34	0	Ct	0	1	0	1	1	2	0	0	2	0	1	0	0	1	1	0	1	0	0	1	2	0	0	1	0	0	0	0	0	0	0	0	3	0
41724	31 Mar 26	11:36:00	1	0	34	0	Ct	0	1	0	2	1	1	0	1	1	0	5	0	0	2	0	0	1	0	0	1	0	0	0	0	2	1	0	0	0	0	0	0	0	0
41725	31 Mar 26	11:37:00	1	0	34	0	Ct	0	1	1	0	3	2	0	1	1	0	2	0	2	1	1	1	2	0	0	1	1	0	1	0	0	1	0	0	0	0	0	0	2	0
41726	31 Mar 26	11:38:00	1	0	34	0	Ct	0	1	1	1	0	3	0	3	1	0	1	0	0	0	2	0	1	0	0	2	1	0	4	0	0	0	0	0	0	0	0	0	9	0
41727	31 Mar 26	11:39:00	1	0	34	0	Ct	0	1	1	1	3	4	0	3	0	0	1	0	3	2	1	0	1	0	0	0	0	0	1	0	0	0	0	0	0	0	0	0	0	1
41728	31 Mar 26	11:40:00	1	0	34	0	Ct	0	1	0	1	1	4	0	6	3	0	0	0	2	1	1	1	1	0	0	1	0	0	2	0	0	1	0	0	0	0	0	0	0	0
41729	31 Mar 26	11:41:00	1	0	34	0	Ct	0	1	0	1	1	2	0	2	0	0	1	0	0	0	0	2	2	0	0	1	0	0	2	0	0	0	0	0	1	0	0	0	0	0
41730	31 Mar 26	11:42:00	1	0	34	0	Ct	0	1	2	1	2	1	0	2	0	1	2	0	0	2	1	1	2	0	0	1	0	0	0	0	0	1	0	0	0	0	0	0	1	0
41731	31 Mar 26	11:43:00	1	0	34	0	Ct	0	1	1	1	3	2	0	0	1	1	1	0	2	2	2	0	0	0	0	0	0	0	2	2	0	2	0	0	0	0	0	0	3	0
41732	31 Mar 26	11:44:00	1	0	34	0	Ct	0	1	0	1	1	1	0	2	2	2	0	0	0	0	2	0	1	0	0	1	0	0	0	0	0	2	0	0	0	1	0	0	3	0
41733	31 Mar 26	11:45:00	1	0	34	0	Ct	0	1	3	2	1	1	0	0	0	1	1	0	2	0	2	0	1	0	0	1	1	0	6	0	0	1	0	0	0	1	0	0	3	0
41734	31 Mar 26	11:46:00	1	0	34	0	Ct	0	1	0	1	0	3	0	1	2	0	2	0	1	1	1	1	2	0	0	0	0	0	0	0	0	1	0	0	1	0	0	0	2	0
41735	31 Mar 26	11:47:00	1	0	34	0	Ct	0	1	0	2	0	0	0	1	3	0	0	0	0	1	2	1	3	0	0	0	2	0	0	1	0	2	0	0	4	0	0	0	2	0
41736	31 Mar 26	11:48:00	1	0	34	0	Ct	0	1	0	1	2	2	0	1	1	0	0	0	0	1	0	0	1	0	0	0	0	0	0	1	0	1	0	0	0	0	0	0	0	0
41737	31 Mar 26	11:49:00	1	0	34	0	Ct	0	1	0	1	1	0	0	1	4	0	1	0	0	1	0	0	2	0	0	0	0	0	2	0	0	1	0	0	0	0	0	0	0	2
41738	31 Mar 26	11:50:00	1	0	34	0	Ct	0	1	0	1	1	0	0	3	1	0	1	0	0	1	2	0	1	0	0	2	0	1	0	0	0	2	0	0	0	0	0	0	0	0
41739	31 Mar 26	11:51:00	1	0	34	0	Ct	0	1	0	1	1	1	0	2	2	0	2	0	0	2	3	0	3	0	0	1	1	0	0	0	0	2	0	0	1	0	0	0	3	1
41740	31 Mar 26	11:52:00	1	0	34	0	Ct	0	1	0	1	1	0	0	2	2	0	1	0	0	0	1	0	2	0	0	1	2	0	0	2	0	0	0	0	1	0	0	0	2	0
41741	31 Mar 26	11:53:00	1	0	34	0	Ct	0	1	0	1	0	1	0	0	0	0	1	0	0	0	0	3	3	0	0	2	0	0	1	2	0	2	0	0	0	1	0	0	3	0
41742	31 Mar 26	11:54:00	1	0	34	0	Ct	0	1	0	1	6	1	0	0	1	0	0	0	0	0	1	2	0	0	0	0	0	0	2	0	0	2	0	0	0	0	0	0	5	0
41743	31 Mar 26	11:55:00	1	0	34	0	Ct	0	1	0	2	2	1	0	1	1	0	1	0	0	0	1	0	1	0	0	0	0	0	1	0	0	0	0	0	1	0	0	0	2	0
41744	31 Mar 26	11:56:00	1	0	34	0	Ct	0	1	0	1	2	0	0	4	1	0	1	0	0	0	1	3	0	0	0	3	0	0	1	0	0	1	0	0	2	1	0	0	0	0
41745	31 Mar 26	11:57:00	1	0	34	0	Ct	0	1	0	3	4	5	0	1	2	0	0	0	0	0	3	1	3	0	0	0	0	0	0	0	0	1	0	0	0	0	0	0	4	0
41746	31 Mar 26	11:58:00	1	0	34	0	Ct	0	1	0	0	0	1	0	3	2	0	2	0	1	0	2	0	1	0	0	1	0	0	2	0	0	1	0	0	0	0	0	0	2	0
41747	31 Mar 26	11:59:00	1	0	34	0	Ct	0	1	0	2	3	3	0	1	2	1	1	0	0	0	0	0	2	0	0	1	0	0	1	0	0	1	0	0	0	1	0	0	3	0
41748	31 Mar 26	12:00:00	1	0	34	0	Ct	0	1	0	1	0	0	0	2	2	0	0	0	4	0	1	0	2	0	0	2	0	0	2	0	0	0	0	0	0	1	0	0	2	0
41749	31 Mar 26	12:01:00	1	0	34	0	Ct	0	1	0	1	0	4	0	2	2	0	1	0	0	0	0	0	1	0	0	0	0	2	1	0	0	1	0	0	1	0	0	0	2	0
41750	31 Mar 26	12:02:00	1	0	34	0	Ct	0	1	0	1	0	1	0	0	0	0	1	0	1	1	0	0	2	0	0	0	0	0	0	1	0	2	0	0	2	0	0	0	0	0
41751	31 Mar 26	12:03:00	1	0	34	0	Ct	0	1	0	0	1	1	0	1	4	1	0	0	3	1	2	0	2	0	0	1	6	1	3	1	0	0	0	0	2	0	0	0	0	0
41752	31 Mar 26	12:04:00	1	0	34	0	Ct	0	1	0	0	1	0	0	1	0	2	2	0	2	0	1	0	0	0	0	2	1	0	3	0	0	2	0	0	0	0	0	0	1	0
41753	31 Mar 26	12:05:00	1	0	34	0	Ct	0	1	0	2	2	0	0	2	2	0	3	0	6	0	0	0	0	0	0	1	0	0	0	2	1	2	0	0	3	0	0	0	2	0
41754	31 Mar 26	12:06:00	1	0	34	0	Ct	0	1	0	2	1	0	0	0	0	0	3	0	0	0	0	0	0	0	0	2	0	2	0	3	0	1	0	0	1	0	0	0	3	0
41755	31 Mar 26	12:07:00	1	0	34	0	Ct	0	1	0	0	1	0	0	0	0	2	2	0	0	1	1	0	2	0	0	0	0	0	0	2	0	1	0	0	0	0	0	0	1	0
41756	31 Mar 26	12:08:00	1	0	34	0	Ct	0	1	0	1	0	0	0	1	0	0	1	0	2	2	2	0	2	0	0	2	0	7	3	1	0	0	0	0	1	0	0	0	2	0
41757	31 Mar 26	12:09:00	1	0	34	0	Ct	0	1	0	2	0	0	0	1	0	0	1	0	1	1	3	1	0	0	0	2	0	0	1	1	1	3	0	0	2	0	0	0	2	0
41758	31 Mar 26	12:10:00	1	0	34	0	Ct	0	1	0	1	2	0	0	0	0	0	1	0	2	1	2	0	2	0	0	1	0	0	4	4	0	4	0	0	0	0	0	0	0	0
41759	31 Mar 26	12:11:00	1	0	34	0	Ct	0	1	1	1	1	0	0	0	0	0	0	0	0	1	2	0	1	0	0	1	2	0	1	2	0	0	0	0	0	0	0	0	4	0
41760	31 Mar 26	12:12:00	1	0	34	0	Ct	0	1	1	2	0	0	0	0	0	0	0	0	0	0	1	1	1	0	0	2	2	0	2	1	0	1	0	0	1	0	0	0	2	0
41761	31 Mar 26	12:13:00	1	0	34	0	Ct	0	1	0	0	2	0	0	2	0	0	1	0	1	0	2	7	1	0	0	1	1	0	0	0	1	2	0	0	0	0	0	0	3	0
41762	31 Mar 26	12:14:00	1	0	34	0	Ct	0	1	0	2	0	2	0	0	0	1	0	0	2	1	1	2	2	0	0	0	0	0	3	0	0	1	0	0	1	0	0	0	3	0
41763	31 Mar 26	12:15:00	1	0	34	0	Ct	0	1	0	1	2	4	0	2	0	3	0	0	0	1	0	1	2	0	0	0	0	0	1	0	0	2	0	0	2	0	0	0	2	0
41764	31 Mar 26	12:16:00	1	0	34	0	Ct	0	1	0	1	2	3	0	2	1	0	0	0	1	1	1	0	1	0	0	2	1	0	2	1	3	0	0	0	1	0	0	0	4	0
41765	31 Mar 26	12:17:00	1	0	34	0	Ct	0	1	0	1	1	1	0	4	0	0	1	0	1	1	2	1	1	0	0	0	1	0	0	2	1	2	0	0	1	0	0	0	1	0
41766	31 Mar 26	12:18:00	1	0	34	0	Ct	0	1	0	0	0	2	0	0	3	0	1	0	0	0	2	1	2	0	0	4	1	0	1	1	0	1	0	0	0	0	0	0	1	0
41767	31 Mar 26	12:19:00	1	0	34	0	Ct	0	1	0	2	0	1	0	2	3	0	0	0	0	2	1	0	2	0	0	2	0	4	0	0	0	1	0	0	0	0	0	0	2	0
41768	31 Mar 26	12:20:00	1	0	34	0	Ct	0	1	0	0	2	2	0	3	1	0	2	0	0	0	2	2	1	0	0	0	0	0	3	0	0	1	0	0	1	0	0	0	1	0
41769	31 Mar 26	12:21:00	1	0	34	0	Ct	0	1	0	1	1	0	0	1	1	0	0	0	0	0	1	2	1	0	0	0	1	2	0	5	0	1	0	0	2	0	0	0	1	0
41770	31 Mar 26	12:22:00	1	0	34	0	Ct	0	1	0	1	3	6	0	0	0	0	0	0	1	0	3	1	1	0	0	1	1	0	0	2	0	0	0	0	2	0	0	0	3	0
41771	31 Mar 26	12:23:00	1	0	34	0	Ct	0	1	0	1	1	0	0	0	0	0	0	0	2	4	1	1	1	0	0	0	0	0	0	0	1	3	0	0	1	0	0	0	1	0
41772	31 Mar 26	12:24:00	1	0	34	0	Ct	0	1	0	0	2	2	0	0	2	0	0	0	0	1	0	1	3	0	0	1	2	0	1	1	1	2	0	0	2	0	0	0	3	0
41773	31 Mar 26	12:25:00	1	0	34	0	Ct	0	1	2	0	0	2	0	0	0	0	0	0	5	1	1	0	1	0	0	0	0	0	1	1	1	0	0	0	0	0	0	0	0	0
41774	31 Mar 26	12:26:00	1	0	34	0	Ct	0	1	0	0	1	1	0	0	0	0	1	0	0	1	1	3	2	0	0	2	0	0	0	0	0	1	0	0	0	0	0	0	0	0
41775	31 Mar 26	12:27:00	1	0	34	0	Ct	0	1	0	2	0	2	0	0	1	0	0	0	0	1	1	2	0	0	0	0	0	0	3	1	0	1	0	0	2	0	0	0	2	0
41776	31 Mar 26	12:28:00	1	0	34	0	Ct	0	1	0	1	2	3	0	0	0	0	1	0	2	2	2	3	3	0	0	0	0	0	1	1	0	0	0	0	0	0	0	0	2	0
41777	31 Mar 26	12:29:00	1	0	34	0	Ct	0	1	0	0	0	1	0	0	1	0	0	0	0	1	1	1	2	0	0	1	0	0	1	2	0	0	0	0	0	0	0	0	3	0
41778	31 Mar 26	12:30:00	1	0	34	0	Ct	0	1	0	1	0	2	0	0	0	0	1	0	0	0	1	3	2	0	0	1	0	0	0	0	0	2	0	0	1	0	0	0	1	0
41779	31 Mar 26	12:31:00	1	0	34	0	Ct	0	1	0	1	0	2	0	0	2	0	3	0	0	0	2	1	4	0	0	0	0	0	1	0	0	1	0	0	2	0	0	0	0	0
41780	31 Mar 26	12:32:00	1	0	34	0	Ct	0	1	0	1	0	2	0	0	0	0	1	0	1	0	1	0	1	0	0	0	1	0	1	1	0	3	0	0	1	0	0	0	6	0
41781	31 Mar 26	12:33:00	1	0	34	0	Ct	0	1	0	0	0	5	0	0	1	0	1	0	0	0	1	0	0	0	0	0	4	0	4	1	0	1	0	0	3	0	0	0	3	0
41782	31 Mar 26	12:34:00	1	0	34	0	Ct	0	1	0	0	0	2	0	0	0	0	1	0	0	0	0	0	0	0	0	1	0	0	0	3	0	2	0	0	0	0	0	0	1	0
41783	31 Mar 26	12:35:00	1	0	34	0	Ct	0	1	0	0	0	5	0	0	1	0	0	0	0	0	0	0	2	0	0	2	2	0	0	0	1	1	0	0	0	0	0	0	1	0
41784	31 Mar 26	12:36:00	1	0	34	0	Ct	0	1	0	0	0	3	0	0	1	0	0	0	0	0	2	0	0	0	0	1	1	0	0	0	0	1	0	0	1	0	0	0	0	0
41785	31 Mar 26	12:37:00	1	0	34	0	Ct	0	1	0	0	0	4	0	0	0	0	1	0	0	0	2	0	1	0	0	0	0	0	0	2	0	2	0	0	2	0	0	0	3	0
41786	31 Mar 26	12:38:00	1	0	34	0	Ct	0	1	0	0	0	0	0	0	2	0	1	0	0	0	1	0	0	0	0	1	0	0	0	0	0	1	0	0	2	0	0	0	1	0
41787	31 Mar 26	12:39:00	1	0	34	0	Ct	0	1	0	0	0	2	0	0	0	0	0	0	0	0	3	1	1	0	0	1	1	2	1	0	0	1	0	0	0	0	0	0	1	0
41788	31 Mar 26	12:40:00	1	0	34	0	Ct	0	1	0	0	0	0	0	0	1	0	1	0	0	0	2	3	2	0	1	0	0	1	6	2	0	1	0	0	1	0	0	0	2	0
41789	31 Mar 26	12:41:00	1	0	34	0	Ct	0	1	0	1	0	1	0	1	1	0	0	0	0	2	1	0	1	0	0	0	0	0	0	1	0	2	0	0	0	0	0	0	3	0
41790	31 Mar 26	12:42:00	1	0	34	0	Ct	0	1	0	1	0	0	0	1	0	0	0	0	0	0	1	1	1	0	0	1	0	0	4	2	0	3	0	0	1	0	0	0	2	0
41791	31 Mar 26	12:43:00	1	0	34	0	Ct	0	1	0	0	0	0	0	1	0	0	1	0	0	1	1	1	2	0	0	2	0	0	0	0	2	0	0	0	1	0	0	0	2	0
41792	31 Mar 26	12:44:00	1	0	34	0	Ct	0	1	0	1	0	3	0	1	2	0	1	0	0	2	1	1	1	0	0	1	0	2	2	0	7	0	0	0	0	0	0	0	3	0
41793	31 Mar 26	12:45:00	1	0	34	0	Ct	0	1	0	0	0	1	0	0	1	0	1	0	0	0	0	0	1	0	0	1	0	0	1	0	0	0	0	0	1	0	0	0	3	0
41794	31 Mar 26	12:46:00	1	0	34	0	Ct	0	1	0	0	0	3	0	0	0	0	2	0	0	0	2	2	1	0	0	1	0	2	0	0	0	0	0	0	1	0	0	0	3	0
41795	31 Mar 26	12:47:00	1	0	34	0	Ct	0	1	0	1	0	0	0	0	1	0	1	0	0	0	1	0	1	0	0	1	0	4	0	0	0	1	0	0	3	0	0	0	2	0
41796	31 Mar 26	12:48:00	1	0	34	0	Ct	0	1	0	0	0	1	0	0	1	0	1	0	0	0	2	0	1	0	0	0	1	2	0	0	0	0	0	0	0	0	0	0	2	0
41797	31 Mar 26	12:49:00	1	0	34	0	Ct	0	1	1	0	0	0	0	0	2	0	5	0	0	0	2	0	1	0	0	0	1	3	0	0	0	1	0	0	0	0	0	0	0	0
41798	31 Mar 26	12:50:00	1	0	34	0	Ct	0	1	1	0	0	1	0	0	1	0	6	0	0	0	2	0	0	0	0	0	2	0	0	0	0	0	0	0	1	0	0	0	2	0
41799	31 Mar 26	12:51:00	1	0	34	0	Ct	0	1	2	0	0	1	0	0	1	0	0	0	0	0	2	1	0	0	0	0	0	0	0	0	0	0	0	0	2	0	0	0	4	0
41800	31 Mar 26	12:52:00	1	0	34	0	Ct	0	1	4	1	0	2	0	0	2	0	0	0	0	0	0	1	0	0	0	0	0	0	0	0	0	0	0	0	2	0	0	0	2	0
41801	31 Mar 26	12:53:00	1	0	34	0	Ct	0	1	0	0	0	2	0	0	1	0	0	0	0	0	2	0	1	0	0	1	0	0	0	1	0	0	0	0	1	0	0	0	0	2
41802	31 Mar 26	12:54:00	1	0	34	0	Ct	0	1	0	3	0	3	0	0	3	0	0	0	0	0	1	0	1	0	0	3	0	0	0	2	0	2	0	0	0	0	0	0	2	3
41803	31 Mar 26	12:55:00	1	0	34	0	Ct	0	1	1	0	0	1	0	0	2	0	0	0	0	0	1	0	1	0	0	1	0	0	0	2	0	1	0	0	0	0	0	0	0	0
41804	31 Mar 26	12:56:00	1	0	34	0	Ct	0	1	1	3	0	0	0	0	2	0	0	0	9	0	0	1	0	0	0	1	4	0	0	0	0	2	0	0	2	0	0	0	1	0
41805	31 Mar 26	12:57:00	1	0	34	0	Ct	0	1	0	1	0	1	0	0	2	0	0	0	0	0	2	1	1	0	0	0	2	0	0	0	0	1	0	0	0	1	0	0	1	0
41806	31 Mar 26	12:58:00	1	0	34	0	Ct	0	1	0	1	0	1	0	0	1	0	0	0	0	0	1	0	0	0	0	0	0	0	0	0	1	2	0	0	1	1	0	0	4	0
41807	31 Mar 26	12:59:00	1	0	34	0	Ct	0	1	0	1	0	1	0	0	2	0	0	0	1	0	1	1	0	0	0	0	0	0	0	0	0	1	0	0	0	0	0	0	1	0
41808	31 Mar 26	13:00:00	1	0	34	0	Ct	0	1	0	0	0	1	0	0	0	0	0	0	0	0	0	2	0	0	0	1	0	0	0	0	1	0	0	0	0	0	0	0	1	0
41809	31 Mar 26	13:01:00	1	0	34	0	Ct	0	1	0	2	0	0	0	0	0	1	0	0	0	0	0	0	0	0	0	1	4	2	0	1	1	0	0	0	1	0	0	0	2	0
41810	31 Mar 26	13:02:00	1	0	34	0	Ct	0	1	0	1	0	1	0	0	0	0	0	0	1	0	0	0	1	0	0	1	0	0	0	1	0	2	0	0	2	0	0	0	1	0
41811	31 Mar 26	13:03:00	1	0	34	0	Ct	0	1	0	1	0	1	0	0	1	0	0	0	1	0	0	1	0	0	0	1	0	2	0	0	1	1	0	0	0	0	0	0	1	0
41812	31 Mar 26	13:04:00	1	0	34	0	Ct	0	1	0	1	0	0	0	0	0	0	0	0	0	0	0	1	1	0	0	1	0	0	0	0	4	1	0	0	2	0	0	0	2	0
41813	31 Mar 26	13:05:00	1	0	34	0	Ct	0	1	0	0	0	3	0	0	0	1	0	0	0	0	0	0	0	0	0	3	0	0	0	0	0	1	0	0	1	0	0	0	1	0
41814	31 Mar 26	13:06:00	1	0	34	0	Ct	0	1	0	0	0	2	0	0	4	1	0	0	1	0	0	0	1	0	0	0	0	0	0	0	3	2	0	0	0	0	0	0	2	0
41815	31 Mar 26	13:07:00	1	0	34	0	Ct	0	1	0	0	0	0	0	0	0	0	0	0	0	0	0	0	0	0	0	1	0	0	0	0	0	1	0	0	0	0	0	0	4	0
41816	31 Mar 26	13:08:00	1	0	34	0	Ct	0	1	0	0	0	1	0	0	0	0	0	0	0	0	1	0	1	0	0	2	0	0	0	0	0	1	0	0	1	0	0	0	1	0
41817	31 Mar 26	13:09:00	1	0	34	0	Ct	0	1	0	0	0	2	0	0	0	0	0	0	1	2	2	1	0	0	0	1	1	1	0	0	0	1	0	0	0	0	0	0	3	0
41818	31 Mar 26	13:10:00	1	0	34	0	Ct	0	1	0	0	0	2	0	0	0	0	0	0	0	0	1	1	2	0	0	1	2	0	0	0	0	0	0	0	0	0	0	0	1	0
41819	31 Mar 26	13:11:00	1	0	34	0	Ct	0	1	1	0	0	1	0	0	0	0	0	0	0	1	0	0	1	0	0	2	1	0	0	0	0	3	0	0	0	0	0	0	0	0
41820	31 Mar 26	13:12:00	1	0	34	0	Ct	0	1	1	0	0	3	0	0	1	3	0	0	1	0	0	3	2	0	0	2	0	0	2	0	0	0	0	0	0	1	0	0	0	0
41821	31 Mar 26	13:13:00	1	0	34	0	Ct	0	1	0	0	0	0	0	0	2	0	0	0	0	1	0	0	2	0	0	1	0	0	2	1	0	0	0	0	0	0	0	0	6	0
41822	31 Mar 26	13:14:00	1	0	34	0	Ct	0	1	0	0	0	0	0	0	0	0	0	0	0	0	0	0	2	0	0	1	0	1	2	1	0	1	0	0	0	0	0	0	2	0
41823	31 Mar 26	13:15:00	1	0	34	0	Ct	0	1	0	0	0	0	0	0	5	0	0	0	0	1	0	3	2	0	0	1	0	0	0	0	0	0	0	0	0	0	0	0	2	0
41824	31 Mar 26	13:16:00	1	0	34	0	Ct	0	1	0	0	0	2	0	0	2	0	0	0	0	0	1	0	1	0	0	1	0	1	4	0	0	1	0	0	7	3	0	0	0	0
41825	31 Mar 26	13:17:00	1	0	34	0	Ct	0	1	0	0	0	0	0	0	1	0	0	0	0	0	1	0	2	0	0	1	1	0	1	0	0	1	0	0	0	0	0	0	1	0
41826	31 Mar 26	13:18:00	1	0	34	0	Ct	0	1	0	0	0	0	0	0	2	0	0	3	1	0	0	0	1	0	0	0	0	0	1	2	3	2	0	0	0	0	0	0	1	0
41827	31 Mar 26	13:19:00	1	0	34	0	Ct	0	1	0	0	0	0	0	0	0	0	0	0	0	0	0	0	0	0	0	0	0	0	1	0	0	0	0	0	0	5	0	0	2	0
41828	31 Mar 26	13:20:00	1	0	34	0	Ct	0	1	0	0	0	0	0	0	1	0	0	0	4	0	1	0	0	0	0	0	2	0	1	0	1	2	0	0	2	0	0	0	0	0
41829	31 Mar 26	13:21:00	1	0	34	0	Ct	0	1	0	0	0	0	0	0	0	0	0	0	1	0	2	1	0	0	0	0	0	0	1	0	0	1	0	0	0	0	0	0	0	0
41830	31 Mar 26	13:22:00	1	0	34	0	Ct	0	1	0	0	0	1	0	0	1	0	0	0	2	0	1	2	0	0	0	2	2	0	1	0	0	1	0	0	0	0	0	0	1	0
41831	31 Mar 26	13:23:00	1	0	34	0	Ct	0	1	0	0	0	0	0	0	0	0	0	0	0	0	1	1	0	0	0	0	1	0	1	0	0	1	0	0	1	0	0	0	3	0
41832	31 Mar 26	13:24:00	1	0	34	0	Ct	0	1	0	0	0	1	0	0	0	0	0	0	0	0	2	1	3	0	0	0	0	0	1	1	0	0	0	0	0	1	0	0	1	0
41833	31 Mar 26	13:25:00	1	0	34	0	Ct	0	1	0	1	0	1	0	1	0	0	0	0	0	0	1	0	1	0	0	1	0	0	1	1	0	0	0	0	0	1	0	0	1	0
41834	31 Mar 26	13:26:00	1	0	34	0	Ct	0	1	0	2	0	1	0	1	0	0	0	0	2	0	0	0	1	0	0	2	0	0	0	0	0	0	0	0	0	0	0	0	1	0
41835	31 Mar 26	13:27:00	1	0	34	0	Ct	0	1	0	0	0	2	0	3	0	0	0	0	0	1	1	0	2	0	0	1	0	0	3	0	0	0	0	0	0	0	0	0	5	0
41836	31 Mar 26	13:28:00	1	0	34	0	Ct	0	1	0	0	0	1	0	0	0	0	0	0	0	3	0	0	2	0	0	0	0	0	1	0	0	0	0	0	0	4	0	0	2	0
41837	31 Mar 26	13:29:00	1	0	34	0	Ct	0	1	0	1	0	2	0	1	0	0	0	0	2	1	0	0	0	0	0	1	0	0	2	0	0	0	0	0	1	1	0	0	2	0
41838	31 Mar 26	13:30:00	1	0	34	0	Ct	0	1	0	1	0	7	0	1	0	0	0	0	0	4	2	0	2	0	0	0	0	0	0	0	1	0	0	0	1	0	0	0	0	0
41839	31 Mar 26	13:31:00	1	0	34	0	Ct	0	1	0	0	0	1	0	0	0	0	0	0	2	1	1	0	1	0	0	0	0	0	0	0	1	0	0	0	0	0	0	0	3	0
41840	31 Mar 26	13:32:00	1	0	34	0	Ct	0	1	0	0	0	3	0	0	0	0	0	0	6	0	1	0	3	0	0	0	0	0	0	0	0	1	0	0	0	0	0	0	0	0
41841	31 Mar 26	13:33:00	1	0	34	0	Ct	0	1	0	1	0	0	0	2	0	0	0	0	1	0	0	1	1	0	0	0	0	0	1	0	0	1	0	0	0	0	0	0	0	0
41842	31 Mar 26	13:34:00	1	0	34	0	Ct	0	1	0	0	0	2	0	3	0	0	0	0	0	0	0	1	0	0	0	1	0	0	1	0	0	2	0	0	1	0	0	0	0	0
41843	31 Mar 26	13:35:00	1	0	34	0	Ct	0	1	0	1	0	0	0	2	0	0	0	0	0	0	0	1	0	0	0	1	0	0	0	2	0	0	0	0	6	0	0	0	0	0
41844	31 Mar 26	13:36:00	1	0	34	0	Ct	0	1	0	1	0	4	0	3	0	0	0	0	0	1	0	1	0	0	0	1	0	0	3	2	2	1	0	0	0	0	0	0	0	0
41845	31 Mar 26	13:37:00	1	0	34	0	Ct	0	1	0	1	0	0	0	2	0	0	0	0	0	1	0	0	1	0	0	2	0	0	0	0	0	1	0	0	4	1	0	0	0	0
41846	31 Mar 26	13:38:00	1	0	34	0	Ct	0	1	0	1	0	1	0	2	0	0	0	0	0	1	0	0	1	0	0	1	0	0	0	2	0	0	0	0	0	0	0	0	0	0
41847	31 Mar 26	13:39:00	1	0	34	0	Ct	0	1	0	1	0	1	0	1	0	0	0	0	0	1	0	0	0	0	0	0	0	0	0	0	0	0	0	0	0	0	0	0	0	0
41848	31 Mar 26	13:40:00	1	0	34	0	Ct	0	1	0	0	0	0	0	0	0	0	0	0	1	0	0	0	0	0	0	1	1	0	0	0	0	0	0	0	0	4	0	0	0	0
41849	31 Mar 26	13:41:00	1	0	34	0	Ct	0	1	0	0	0	1	0	1	0	0	0	0	1	0	0	0	1	0	0	3	1	1	0	2	0	0	0	0	1	0	0	0	2	0
41850	31 Mar 26	13:42:00	1	0	34	0	Ct	0	1	0	0	0	1	0	2	0	0	0	0	0	0	0	0	0	0	0	0	3	0	0	0	0	0	0	0	0	2	0	0	0	0
41851	31 Mar 26	13:43:00	1	0	34	0	Ct	0	1	0	1	0	0	0	1	0	0	0	0	0	0	0	0	2	0	0	0	1	1	0	1	0	0	1	0	0	0	0	0	3	0
41852	31 Mar 26	13:44:00	1	0	34	0	Ct	0	1	0	1	0	2	0	2	0	0	0	0	4	0	0	0	1	0	0	1	0	0	0	1	0	0	0	0	0	0	0	0	2	0
41853	31 Mar 26	13:45:00	1	0	34	0	Ct	0	1	0	1	0	0	0	2	0	0	0	0	2	0	0	0	2	0	0	1	0	0	0	3	0	0	0	0	0	1	0	0	1	0
41854	31 Mar 26	13:46:00	1	0	34	0	Ct	0	1	0	1	0	4	0	0	0	0	0	0	1	3	0	0	2	0	0	0	0	0	0	0	0	0	0	0	0	0	0	0	1	0
41855	31 Mar 26	13:47:00	1	0	34	0	Ct	0	1	0	0	0	1	0	3	0	0	0	0	0	2	0	0	0	0	0	1	0	0	0	0	0	0	0	0	0	0	0	0	3	0
41856	31 Mar 26	13:48:00	1	0	34	0	Ct	0	1	0	0	0	0	0	2	0	0	0	0	0	1	1	0	1	0	0	3	0	0	0	0	0	0	0	0	1	0	0	0	2	0
41857	31 Mar 26	13:49:00	1	0	34	0	Ct	0	1	0	0	0	1	0	0	0	0	0	0	0	0	0	0	1	0	0	1	0	0	0	1	0	0	0	0	1	0	0	0	1	0
41858	31 Mar 26	13:50:00	1	0	34	0	Ct	0	1	0	0	0	1	0	0	0	0	0	0	0	3	1	0	1	0	0	0	0	2	0	1	0	0	0	0	0	0	0	0	1	0
41859	31 Mar 26	13:51:00	1	0	34	0	Ct	0	1	0	0	0	6	0	0	0	0	0	0	2	1	0	0	4	0	2	0	1	0	0	2	0	0	0	0	1	0	0	0	0	0
41860	31 Mar 26	13:52:00	1	0	34	0	Ct	0	1	0	0	0	0	0	0	0	0	0	0	0	2	0	0	0	0	1	0	0	0	0	0	0	0	0	0	0	3	0	0	0	0
41861	31 Mar 26	13:53:00	1	0	34	0	Ct	0	1	2	0	0	1	0	0	0	0	0	0	0	0	1	1	1	0	1	1	1	0	2	0	0	0	0	0	1	3	0	0	0	0
41862	31 Mar 26	13:54:00	1	0	34	0	Ct	0	1	0	1	0	0	0	0	0	0	0	0	0	0	0	0	1	0	0	1	0	0	1	0	0	0	0	0	0	2	0	0	0	0
41863	31 Mar 26	13:55:00	1	0	34	0	Ct	0	1	1	1	0	0	0	0	0	0	0	0	0	1	0	0	1	0	0	0	0	0	0	0	2	1	0	0	0	0	0	0	2	0
41864	31 Mar 26	13:56:00	1	0	34	0	Ct	0	1	0	0	0	3	0	0	0	0	0	0	1	1	0	0	0	0	0	0	0	0	2	0	0	1	0	0	0	0	0	0	0	0
41865	31 Mar 26	13:57:00	1	0	34	0	Ct	0	1	0	1	0	0	0	0	0	3	0	0	0	0	0	0	0	0	0	0	0	0	0	0	0	0	0	0	0	0	0	0	0	0
41866	31 Mar 26	13:58:00	1	0	34	0	Ct	0	1	1	3	0	2	0	0	0	1	0	0	0	0	0	1	1	0	0	2	0	0	1	0	0	0	0	0	0	0	0	0	0	0
41867	31 Mar 26	13:59:00	1	0	34	0	Ct	0	1	0	0	0	1	0	0	0	2	0	0	0	0	0	0	0	0	0	0	0	0	1	0	0	0	0	1	0	0	0	0	0	0
41868	31 Mar 26	14:00:00	1	0	34	0	Ct	0	1	0	0	0	2	0	0	0	0	0	0	0	0	0	1	2	0	0	0	0	0	4	1	0	0	0	0	0	0	0	0	0	0
41869	31 Mar 26	14:01:00	1	0	34	0	Ct	0	1	0	1	0	1	0	0	0	0	0	0	5	0	0	0	0	0	2	1	0	5	1	3	0	0	0	0	0	0	0	0	0	0
41870	31 Mar 26	14:02:00	1	0	34	0	Ct	0	1	0	0	0	2	0	0	0	0	0	0	0	0	0	1	1	0	0	1	0	0	1	0	0	0	0	0	1	0	0	0	0	0
41871	31 Mar 26	14:03:00	1	0	34	0	Ct	0	1	0	1	0	1	0	0	0	0	0	0	2	0	0	0	1	0	2	0	0	3	0	0	0	0	0	3	0	0	0	0	0	0
41872	31 Mar 26	14:04:00	1	0	34	0	Ct	0	1	0	0	0	0	0	0	0	0	1	0	1	0	0	0	1	0	0	1	0	0	2	0	0	0	0	0	0	0	0	0	0	0
41873	31 Mar 26	14:05:00	1	0	34	0	Ct	0	1	0	1	0	0	0	0	0	0	0	0	1	0	0	0	3	0	0	0	0	2	1	0	0	0	0	0	1	2	0	0	0	0
41874	31 Mar 26	14:06:00	1	0	34	0	Ct	0	1	0	0	0	3	0	0	0	0	0	0	0	0	0	0	1	0	0	1	0	2	0	0	0	0	0	0	0	0	0	0	0	0
41875	31 Mar 26	14:07:00	1	0	34	0	Ct	0	1	0	2	0	1	0	0	0	0	0	0	0	0	0	0	1	0	3	0	0	5	1	0	0	0	0	0	0	0	0	0	0	0
41876	31 Mar 26	14:08:00	1	0	34	0	Ct	0	1	0	1	0	2	0	0	0	0	0	0	0	0	0	3	1	0	2	0	0	10	1	0	0	0	0	0	0	2	0	0	2	0
41877	31 Mar 26	14:09:00	1	0	34	0	Ct	0	1	0	1	0	0	0	0	0	3	0	0	0	0	0	0	2	0	0	0	0	10	1	0	0	0	0	0	0	1	0	0	0	0
41878	31 Mar 26	14:10:00	1	0	34	0	Ct	0	1	0	2	0	0	0	0	0	0	2	0	0	0	0	1	1	0	1	0	0	0	1	1	0	0	0	0	2	0	0	0	1	0
41879	31 Mar 26	14:11:00	1	0	34	0	Ct	0	1	0	2	0	1	0	0	0	0	1	0	0	0	0	1	1	0	0	0	0	2	0	0	0	0	0	1	0	0	0	0	2	0
41880	31 Mar 26	14:12:00	1	0	34	0	Ct	0	1	0	2	0	2	0	0	0	0	0	0	0	0	0	0	3	0	0	0	0	0	0	0	0	0	0	0	0	4	0	0	0	0
41881	31 Mar 26	14:13:00	1	0	34	0	Ct	0	1	0	0	0	0	0	0	0	0	0	0	0	2	0	2	3	0	0	0	1	4	0	0	0	0	0	1	0	0	0	0	0	0
41882	31 Mar 26	14:14:00	1	0	34	0	Ct	0	1	0	2	0	1	0	0	0	0	0	0	0	0	0	0	2	0	0	1	0	4	0	2	0	0	0	0	1	0	0	0	1	0
41883	31 Mar 26	14:15:00	1	0	34	0	Ct	0	1	0	0	0	2	0	0	0	0	1	0	0	1	1	0	0	0	0	1	3	9	0	0	0	0	0	0	0	0	0	0	1	0
41884	31 Mar 26	14:16:00	1	0	34	0	Ct	0	1	0	2	0	0	0	0	0	0	0	0	0	1	0	2	1	0	0	0	0	3	0	0	0	1	0	0	0	0	0	0	0	0
41885	31 Mar 26	14:17:00	1	0	34	0	Ct	0	1	0	1	0	0	0	0	0	0	7	0	0	0	1	0	1	0	0	0	0	0	0	0	0	0	0	0	0	0	0	0	0	0
41886	31 Mar 26	14:18:00	1	0	34	0	Ct	0	1	1	0	0	4	0	2	0	0	1	0	0	0	1	2	0	0	0	2	0	0	0	2	0	0	0	0	0	0	0	0	0	0
41887	31 Mar 26	14:19:00	1	0	34	0	Ct	0	1	2	1	0	1	0	0	0	0	0	0	0	0	0	0	1	0	0	0	0	2	0	0	0	1	0	0	1	0	0	0	0	0
41888	31 Mar 26	14:20:00	1	0	34	0	Ct	0	1	0	1	0	0	0	1	0	0	0	0	0	0	0	1	1	0	0	0	0	0	0	0	0	0	0	0	0	0	0	0	0	0
41889	31 Mar 26	14:21:00	1	0	34	0	Ct	0	1	1	1	0	1	0	1	0	0	0	0	0	3	0	1	1	0	0	0	0	14	0	0	0	1	0	0	4	0	0	0	0	0
41890	31 Mar 26	14:22:00	1	0	34	0	Ct	0	1	0	1	0	0	0	0	0	0	1	0	0	0	0	2	2	0	0	0	0	0	0	3	0	2	0	0	0	0	0	0	0	0
41891	31 Mar 26	14:23:00	1	0	34	0	Ct	0	1	0	1	0	2	0	1	0	0	1	0	0	0	0	4	1	0	0	2	0	0	0	0	0	0	0	0	1	0	0	0	0	0
41892	31 Mar 26	14:24:00	1	0	34	0	Ct	0	1	0	1	0	0	0	1	0	0	1	0	0	0	0	0	1	0	0	0	0	0	0	0	0	1	0	0	0	0	0	0	0	0
41893	31 Mar 26	14:25:00	1	0	34	0	Ct	0	1	0	0	0	0	0	0	0	0	0	0	0	1	0	0	1	0	0	0	0	0	3	0	0	1	0	0	0	0	0	0	0	0
41894	31 Mar 26	14:26:00	1	0	34	0	Ct	0	1	0	1	0	0	0	0	0	0	1	0	0	0	0	3	0	0	0	2	0	0	1	0	0	1	0	0	0	0	0	0	0	0
41895	31 Mar 26	14:27:00	1	0	34	0	Ct	0	1	0	0	0	0	0	1	0	1	2	0	0	1	0	0	1	0	0	0	0	0	3	0	0	2	0	0	4	0	0	0	0	0
41896	31 Mar 26	14:28:00	1	0	34	0	Ct	0	1	0	0	0	1	0	1	0	2	0	0	0	0	0	0	1	0	0	0	0	0	1	0	0	0	0	0	0	0	0	0	0	0
41897	31 Mar 26	14:29:00	1	0	34	0	Ct	0	1	0	1	0	2	0	2	0	0	1	0	1	0	0	0	1	0	0	0	0	7	0	0	0	0	0	0	0	0	0	0	0	0
41898	31 Mar 26	14:30:00	1	0	34	0	Ct	0	1	0	1	0	1	0	0	0	1	0	0	5	0	0	0	1	0	0	0	0	0	0	0	0	0	0	0	2	0	0	0	0	0
41899	31 Mar 26	14:31:00	1	0	34	0	Ct	0	1	0	0	0	1	0	0	0	0	0	0	0	0	0	0	1	0	0	2	0	8	0	0	0	0	0	0	1	0	1	0	0	0
41900	31 Mar 26	14:32:00	1	0	34	0	Ct	0	1	0	0	0	1	0	0	0	0	0	0	0	0	0	0	1	0	0	1	0	0	0	0	0	0	0	0	0	0	0	0	0	0
41901	31 Mar 26	14:33:00	1	0	34	0	Ct	0	1	0	0	0	0	0	0	0	0	0	0	3	0	0	2	0	0	0	0	0	11	0	0	0	0	0	0	0	0	0	0	0	0
41902	31 Mar 26	14:34:00	1	0	34	0	Ct	0	1	0	0	0	1	0	0	0	1	0	0	0	0	0	1	0	0	0	0	0	1	0	0	0	0	0	0	0	0	0	0	0	0
41903	31 Mar 26	14:35:00	1	0	34	0	Ct	0	1	0	0	0	1	0	0	0	0	0	0	0	0	0	2	0	0	0	1	0	0	0	0	0	0	0	0	0	0	0	0	0	0
41904	31 Mar 26	14:36:00	1	0	34	0	Ct	0	1	0	0	0	1	0	0	0	0	0	0	1	0	0	2	0	0	0	1	0	0	0	0	0	0	0	0	0	0	0	0	0	1
41905	31 Mar 26	14:37:00	1	0	34	0	Ct	0	1	0	0	0	1	0	1	0	0	0	0	0	0	0	0	0	0	0	0	0	0	0	0	0	0	0	0	0	0	0	0	0	0
41906	31 Mar 26	14:38:00	1	0	34	0	Ct	0	1	0	0	0	3	0	3	0	0	0	2	0	0	0	0	0	0	0	0	0	0	0	0	0	0	0	0	0	0	0	0	0	0
41907	31 Mar 26	14:39:00	1	0	34	0	Ct	0	1	0	1	0	0	0	0	0	0	1	1	2	0	0	2	0	0	0	0	0	0	0	0	0	0	0	0	0	0	0	0	0	0
41908	31 Mar 26	14:40:00	1	0	34	0	Ct	0	1	0	1	0	1	0	0	0	4	3	2	0	0	1	1	0	0	0	0	0	0	0	0	0	1	0	0	1	3	0	0	0	0
41909	31 Mar 26	14:41:00	1	0	34	0	Ct	0	1	0	1	0	0	0	0	0	0	1	0	2	0	0	0	1	0	0	0	0	0	0	0	0	0	0	0	0	0	0	0	0	0
41910	31 Mar 26	14:42:00	1	0	34	0	Ct	0	1	0	1	0	3	0	0	3	0	0	0	0	0	0	2	2	0	0	0	0	0	0	0	0	0	0	0	1	0	0	0	0	0
41911	31 Mar 26	14:43:00	1	0	34	0	Ct	0	1	0	1	0	1	0	0	0	1	2	0	1	0	0	1	0	0	0	0	0	0	0	0	0	1	0	0	1	0	0	0	0	0
41912	31 Mar 26	14:44:00	1	0	34	0	Ct	0	1	0	0	0	2	0	0	0	0	0	0	0	0	0	1	3	0	0	0	0	0	0	0	0	0	0	0	0	0	0	0	0	0
41913	31 Mar 26	14:45:00	1	0	34	0	Ct	0	1	0	1	0	5	0	0	0	0	1	0	0	0	1	3	0	0	0	0	0	0	0	0	0	2	0	0	0	0	0	0	0	0
41914	31 Mar 26	14:46:00	1	0	34	0	Ct	0	1	0	1	0	0	0	0	0	0	0	0	1	0	1	1	0	0	0	0	0	0	0	0	0	1	0	0	0	0	0	0	0	0
41915	31 Mar 26	14:47:00	1	0	34	0	Ct	0	1	0	1	0	0	0	0	0	0	1	0	1	1	0	0	1	0	0	2	0	0	0	0	0	0	0	0	1	0	0	0	0	0
41916	31 Mar 26	14:48:00	1	0	34	0	Ct	0	1	0	2	0	1	0	0	0	0	0	0	0	1	1	0	0	0	0	1	0	0	0	3	0	0	0	0	2	0	0	0	0	0
41917	31 Mar 26	14:49:00	1	0	34	0	Ct	0	1	1	1	0	1	0	0	0	0	0	0	0	1	0	0	1	0	0	1	0	0	1	0	0	0	0	0	0	0	0	0	0	0
41918	31 Mar 26	14:50:00	1	0	34	0	Ct	0	1	1	0	0	1	0	3	0	0	0	0	0	0	0	0	1	0	0	0	0	0	1	0	0	0	0	0	0	0	0	0	0	0
41919	31 Mar 26	14:51:00	1	0	34	0	Ct	0	1	0	0	0	1	0	1	0	0	0	0	0	1	0	0	1	0	0	0	0	0	0	1	0	0	0	0	0	0	0	0	0	0
41920	31 Mar 26	14:52:00	1	0	34	0	Ct	0	1	0	0	0	5	0	3	0	0	0	0	0	0	0	0	0	0	0	1	0	0	2	1	0	0	0	0	0	0	0	0	1	0
41921	31 Mar 26	14:53:00	1	0	34	0	Ct	0	1	0	0	0	1	0	2	0	0	0	0	2	3	0	0	1	0	0	1	0	0	0	0	0	0	0	0	0	0	0	0	1	0
41922	31 Mar 26	14:54:00	1	0	34	0	Ct	0	1	0	1	0	0	0	1	0	0	0	0	1	1	0	0	1	0	0	0	0	0	0	0	0	0	0	0	1	0	0	0	7	0
41923	31 Mar 26	14:55:00	1	0	34	0	Ct	0	1	0	1	0	0	0	2	0	0	0	0	2	0	0	0	0	0	0	0	0	0	0	2	0	0	0	0	0	0	0	0	0	0
41924	31 Mar 26	14:56:00	1	0	34	0	Ct	0	1	0	1	0	0	0	0	0	0	0	0	1	0	0	0	0	0	0	0	0	0	0	2	0	0	0	0	0	1	0	0	2	0
41925	31 Mar 26	14:57:00	1	0	34	0	Ct	0	1	0	0	0	3	0	0	0	0	0	0	0	0	0	0	0	0	0	0	0	1	0	0	0	0	0	0	0	0	0	0	3	0
41926	31 Mar 26	14:58:00	1	0	34	0	Ct	0	1	0	1	0	1	0	2	0	0	0	0	0	0	0	0	0	0	0	0	0	0	0	0	0	0	0	0	0	0	0	0	4	0
41927	31 Mar 26	14:59:00	1	0	34	0	Ct	0	1	0	0	0	0	0	2	0	0	0	0	2	0	0	0	1	0	0	2	0	0	0	0	0	0	0	0	0	1	0	0	2	0
41928	31 Mar 26	15:00:00	1	0	34	0	Ct	0	1	0	3	0	1	0	2	0	0	0	0	0	0	0	0	0	0	0	0	0	3	0	0	0	0	0	0	0	1	0	0	2	0
41929	31 Mar 26	15:01:00	1	0	34	0	Ct	0	1	0	1	0	1	0	0	0	0	0	0	0	0	0	0	1	0	0	0	0	0	0	2	0	0	0	0	0	0	0	0	0	0
41930	31 Mar 26	15:02:00	1	0	34	0	Ct	0	1	0	1	0	0	0	0	0	0	0	0	0	0	0	1	0	0	0	0	0	0	0	2	0	2	0	0	0	1	0	0	0	0
41931	31 Mar 26	15:03:00	1	0	34	0	Ct	0	1	0	1	0	0	0	3	0	0	0	0	1	0	0	0	0	0	0	0	0	0	0	0	0	0	0	0	0	2	0	0	3	0
41932	31 Mar 26	15:04:00	1	0	34	0	Ct	0	1	0	1	0	0	0	1	0	0	0	0	0	0	0	2	0	0	0	0	0	0	0	1	0	0	0	0	1	0	0	0	4	0
41933	31 Mar 26	15:05:00	1	0	34	0	Ct	0	1	0	0	0	0	0	1	0	0	0	0	0	0	0	1	0	0	0	1	0	0	0	1	0	0	0	0	0	0	0	0	0	0
41934	31 Mar 26	15:06:00	1	0	34	0	Ct	0	1	0	0	0	1	0	2	0	0	0	0	1	2	0	2	1	0	0	1	0	9	0	0	0	0	0	0	0	0	0	0	1	0
41935	31 Mar 26	15:07:00	1	0	34	0	Ct	0	1	0	1	0	1	0	0	0	0	0	0	0	0	0	0	1	0	0	0	0	6	0	1	0	0	0	0	0	0	0	0	1	0
41936	31 Mar 26	15:08:00	1	0	34	0	Ct	0	1	0	0	0	0	0	0	0	0	0	0	0	2	0	0	0	0	0	0	0	0	0	1	0	1	0	0	0	0	0	0	0	0
41937	31 Mar 26	15:09:00	1	0	34	0	Ct	0	1	0	0	0	0	0	0	0	0	0	0	0	1	0	0	2	0	0	1	0	0	0	0	0	0	0	0	19	0	0	0	0	0
41938	31 Mar 26	15:10:00	1	0	34	0	Ct	0	1	0	1	0	0	0	0	0	1	0	0	3	1	0	1	0	0	0	1	0	2	0	0	0	0	0	0	0	1	0	0	0	0
41939	31 Mar 26	15:11:00	1	0	34	0	Ct	0	1	0	1	0	0	0	0	1	0	0	0	0	1	0	0	1	0	0	0	0	0	0	0	0	1	0	0	0	1	0	0	0	0
41940	31 Mar 26	15:12:00	1	0	34	0	Ct	0	1	3	1	0	0	0	0	0	1	0	0	3	0	0	1	0	0	0	1	0	0	0	0	0	0	0	0	1	5	3	0	0	0
41941	31 Mar 26	15:13:00	1	0	34	0	Ct	0	1	1	0	0	0	0	0	2	1	0	0	0	0	0	1	0	0	0	1	0	0	0	0	0	0	0	0	0	2	0	0	0	0
41942	31 Mar 26	15:14:00	1	0	34	0	Ct	0	1	0	0	0	1	0	0	0	0	0	0	0	2	0	1	1	0	0	0	0	0	0	0	0	0	0	0	5	0	0	0	0	0
41943	31 Mar 26	15:15:00	1	0	34	0	Ct	0	1	0	0	0	2	0	0	3	0	0	0	1	0	0	0	2	0	0	0	0	0	0	0	0	0	0	0	0	0	0	0	0	0
41944	31 Mar 26	15:16:00	1	0	34	0	Ct	0	1	0	0	0	3	0	0	0	0	0	0	0	1	0	1	1	0	0	0	0	0	0	0	0	0	0	0	0	0	0	0	0	0
41945	31 Mar 26	15:17:00	1	0	34	0	Ct	0	1	0	0	0	1	0	0	0	1	0	0	0	1	0	0	2	0	0	0	0	0	0	0	0	0	0	0	4	1	3	0	0	0
41946	31 Mar 26	15:18:00	1	0	34	0	Ct	0	1	0	0	0	5	0	0	0	0	0	0	0	0	0	2	1	0	0	0	0	0	0	0	0	1	0	0	2	1	0	0	0	0
41947	31 Mar 26	15:19:00	1	0	34	0	Ct	0	1	0	0	0	1	0	0	0	1	0	0	1	0	0	1	2	0	0	0	0	0	0	0	0	2	0	0	2	3	0	0	0	0
41948	31 Mar 26	15:20:00	1	0	34	0	Ct	0	1	0	0	0	1	0	0	0	0	0	0	4	0	0	0	0	0	0	0	0	0	0	0	0	0	0	0	0	0	0	0	0	0
41949	31 Mar 26	15:21:00	1	0	34	0	Ct	0	1	0	0	0	1	0	0	0	0	0	0	3	0	0	0	1	0	0	0	0	5	0	0	0	0	0	0	1	0	0	0	0	0
41950	31 Mar 26	15:22:00	1	0	34	0	Ct	0	1	0	1	0	1	0	0	0	0	0	0	1	0	0	0	0	0	0	0	0	5	0	0	0	0	0	0	0	0	0	0	0	0
41951	31 Mar 26	15:23:00	1	0	34	0	Ct	0	1	0	1	0	3	0	0	0	0	0	0	0	1	0	1	1	0	0	0	0	0	1	0	0	0	0	0	2	0	0	0	0	0
41952	31 Mar 26	15:24:00	1	0	34	0	Ct	0	1	0	0	0	0	0	0	0	0	0	0	1	1	0	3	1	0	0	0	0	0	2	0	3	0	0	0	0	0	0	0	0	0
41953	31 Mar 26	15:25:00	1	0	34	0	Ct	0	1	2	0	0	0	0	0	0	0	0	0	2	0	0	0	1	0	0	0	0	0	0	0	0	0	0	1	0	0	0	0	0	0
41954	31 Mar 26	15:26:00	1	0	34	0	Ct	0	1	0	0	0	0	0	0	0	1	0	0	0	0	0	1	1	0	0	0	0	4	0	0	1	0	0	1	1	0	0	0	0	0
41955	31 Mar 26	15:27:00	1	0	34	0	Ct	0	1	0	0	0	0	0	0	0	0	0	0	1	0	0	0	1	0	0	0	0	2	0	0	0	1	0	0	0	0	0	0	0	1
41956	31 Mar 26	15:28:00	1	0	34	0	Ct	0	1	1	0	0	0	0	0	0	0	0	0	0	0	0	0	1	0	0	0	0	0	0	0	0	0	0	0	1	0	1	0	0	3
41957	31 Mar 26	15:29:00	1	0	34	0	Ct	0	1	1	0	0	1	0	1	0	0	0	0	1	2	0	0	1	0	0	0	0	0	0	0	0	0	0	3	0	0	0	0	0	0
41958	31 Mar 26	15:30:00	1	0	34	0	Ct	0	1	0	0	0	1	0	1	0	0	0	0	0	0	0	0	0	0	0	0	0	0	0	0	0	0	0	0	0	0	0	0	0	0
41959	31 Mar 26	15:31:00	1	0	34	0	Ct	0	1	0	0	0	2	0	0	0	0	0	0	0	1	0	2	0	0	0	0	0	0	0	0	0	0	0	0	0	0	2	0	0	0
41960	31 Mar 26	15:32:00	1	0	34	0	Ct	0	1	2	0	0	2	0	0	0	0	0	0	0	1	0	1	1	0	0	0	0	0	0	0	0	0	0	1	1	0	0	0	0	2
41961	31 Mar 26	15:33:00	1	0	34	0	Ct	0	1	0	0	0	2	0	1	0	0	0	0	0	0	0	0	0	0	0	0	0	0	0	0	0	0	0	5	1	0	0	0	0	1
41962	31 Mar 26	15:34:00	1	0	34	0	Ct	0	1	0	1	0	2	0	1	0	0	0	0	0	2	0	0	1	0	0	0	0	0	0	0	0	0	0	2	0	0	0	0	0	0
41963	31 Mar 26	15:35:00	1	0	34	0	Ct	0	1	0	1	0	1	0	0	0	0	0	0	0	0	0	0	1	0	0	0	0	0	0	0	0	0	0	1	1	0	0	0	0	0
41964	31 Mar 26	15:36:00	1	0	34	0	Ct	0	1	0	1	0	2	0	0	0	0	0	0	0	0	0	0	0	0	0	0	0	0	0	1	0	0	0	1	2	0	0	0	0	0
41965	31 Mar 26	15:37:00	1	0	34	0	Ct	0	1	0	0	0	0	0	2	0	5	0	0	0	0	0	0	1	0	0	0	0	0	0	1	0	0	0	2	0	0	0	0	0	3
41966	31 Mar 26	15:38:00	1	0	34	0	Ct	0	1	2	0	0	4	0	0	0	0	0	0	2	0	0	1	1	0	0	0	0	0	0	0	0	0	0	2	0	0	0	0	0	2
41967	31 Mar 26	15:39:00	1	0	34	0	Ct	0	1	0	0	0	0	0	0	0	0	0	0	0	0	0	0	0	0	0	0	0	0	0	0	0	0	0	3	0	0	0	0	0	0
41968	31 Mar 26	15:40:00	1	0	34	0	Ct	0	1	0	0	0	0	0	0	0	0	0	0	1	1	0	0	0	0	0	0	0	0	0	1	0	0	0	0	1	0	0	0	1	0
41969	31 Mar 26	15:41:00	1	0	34	0	Ct	0	1	0	0	0	2	0	0	0	0	0	0	1	1	0	2	0	0	0	0	0	2	0	1	0	0	0	1	0	0	0	0	0	1
41970	31 Mar 26	15:42:00	1	0	34	0	Ct	0	1	1	0	0	0	0	0	0	0	0	0	0	0	0	0	0	0	0	0	0	0	0	1	0	0	0	1	0	0	0	0	0	1
41971	31 Mar 26	15:43:00	1	0	34	0	Ct	0	1	0	0	0	2	0	0	0	0	0	0	0	0	2	0	0	0	0	0	0	0	0	1	0	1	0	1	0	0	1	0	0	0
41972	31 Mar 26	15:44:00	1	0	34	0	Ct	0	1	1	0	0	0	0	0	0	0	0	0	1	1	1	1	0	0	0	0	0	0	0	3	0	0	0	1	0	0	0	0	2	0
41973	31 Mar 26	15:45:00	1	0	34	0	Ct	0	1	0	0	0	1	0	0	0	0	0	0	0	0	0	1	0	0	0	0	0	0	0	0	2	0	0	1	0	0	0	0	3	0
41974	31 Mar 26	15:46:00	1	0	34	0	Ct	0	1	0	0	0	1	0	0	0	2	0	0	0	0	0	0	0	0	0	0	0	0	0	0	1	0	0	3	0	1	0	0	0	0
41975	31 Mar 26	15:47:00	1	0	34	0	Ct	0	1	0	0	0	0	0	0	0	0	0	0	0	0	0	0	0	0	0	0	0	0	0	0	0	0	0	3	0	0	0	0	6	0
41976	31 Mar 26	15:48:00	1	0	34	0	Ct	0	1	0	0	0	0	0	0	0	0	0	0	0	1	0	0	0	0	0	0	0	3	0	0	0	0	0	1	0	0	0	0	0	0
41977	31 Mar 26	15:49:00	1	0	34	0	Ct	0	1	0	0	0	2	0	0	0	0	0	0	0	0	0	0	0	0	0	0	0	0	0	0	0	0	0	1	0	0	0	0	1	2
41978	31 Mar 26	15:50:00	1	0	34	0	Ct	0	1	0	1	0	0	0	0	0	0	0	0	0	0	0	0	0	0	0	0	0	0	0	0	1	0	0	0	2	0	0	0	0	1
41979	31 Mar 26	15:51:00	1	0	34	0	Ct	0	1	0	1	0	1	0	0	0	0	0	0	0	0	0	0	2	0	0	1	0	3	0	2	2	0	0	0	0	0	0	0	0	1
41980	31 Mar 26	15:52:00	1	0	34	0	Ct	0	1	0	0	0	1	0	0	0	0	0	0	0	2	0	0	0	0	0	2	0	1	0	0	0	0	0	2	1	0	0	0	4	0
41981	31 Mar 26	15:53:00	1	0	34	0	Ct	0	1	0	1	0	1	0	0	0	2	0	0	4	1	0	1	0	0	0	0	0	0	0	0	1	0	0	2	0	0	1	0	0	0
41982	31 Mar 26	15:54:00	1	0	34	0	Ct	0	1	0	0	0	1	0	0	0	0	0	0	0	0	0	0	1	0	0	0	0	0	0	0	0	0	0	1	3	0	0	0	0	0
41983	31 Mar 26	15:55:00	1	0	34	0	Ct	0	1	0	1	0	0	0	0	0	1	0	0	0	0	0	1	0	0	0	0	0	0	0	0	1	0	0	3	0	0	0	0	0	0
41984	31 Mar 26	15:56:00	1	0	34	0	Ct	0	1	0	1	0	0	0	0	0	0	0	0	0	0	0	0	0	0	1	0	0	0	0	0	2	0	0	0	0	4	0	0	0	0
41985	31 Mar 26	15:57:00	1	0	34	0	Ct	0	1	0	0	0	0	0	0	0	0	0	0	0	0	0	0	0	0	0	0	0	0	0	0	1	0	0	3	1	0	0	0	1	0
41986	31 Mar 26	15:58:00	1	0	34	0	Ct	0	1	0	1	0	0	0	0	0	0	0	0	0	0	0	0	0	0	0	0	0	0	0	0	0	0	0	2	0	0	0	0	0	0
41987	31 Mar 26	15:59:00	1	0	34	0	Ct	0	1	0	2	0	1	0	0	0	0	0	0	0	0	0	0	3	0	0	0	0	0	0	0	2	0	0	1	0	0	3	0	0	0
41988	31 Mar 26	16:00:00	1	0	34	0	Ct	0	1	0	3	0	2	0	0	0	0	0	0	3	0	0	0	0	0	0	0	0	1	0	0	3	0	0	0	0	2	0	0	0	0
41989	31 Mar 26	16:01:00	1	0	34	0	Ct	0	1	0	0	0	1	0	0	0	0	1	0	0	0	0	0	0	0	0	0	0	0	0	2	0	0	0	0	2	15	2	0	0	0
41990	31 Mar 26	16:02:00	1	0	34	0	Ct	0	1	0	2	0	0	0	0	0	0	0	0	0	1	0	0	0	0	0	0	0	2	0	0	0	0	0	0	4	3	2	0	0	0
41991	31 Mar 26	16:03:00	1	0	34	0	Ct	0	1	1	0	0	1	0	0	0	0	4	0	0	1	0	0	2	0	0	0	0	0	0	0	0	0	0	3	0	0	0	0	0	0
41992	31 Mar 26	16:04:00	1	0	34	0	Ct	0	1	1	0	0	3	0	0	0	0	1	0	0	0	0	0	2	0	0	0	0	0	0	1	1	0	0	2	2	0	0	0	0	2
41993	31 Mar 26	16:05:00	1	0	34	0	Ct	0	1	0	1	0	0	0	0	0	0	1	0	0	0	0	0	0	0	1	0	0	3	0	1	1	1	0	1	0	0	0	0	1	0
41994	31 Mar 26	16:06:00	1	0	34	0	Ct	0	1	0	1	0	0	0	0	0	0	1	0	0	1	0	0	1	0	0	0	0	3	0	0	1	0	0	2	0	0	0	0	3	0
41995	31 Mar 26	16:07:00	1	0	34	0	Ct	0	1	0	1	0	0	0	0	0	1	2	0	0	1	0	1	0	0	0	0	0	0	0	0	1	0	0	1	0	0	0	0	0	0
41996	31 Mar 26	16:08:00	1	0	34	0	Ct	0	1	0	2	0	1	0	1	0	2	1	0	0	0	0	0	0	0	0	0	0	0	0	0	1	0	0	0	0	0	0	0	0	1
41997	31 Mar 26	16:09:00	1	0	34	0	Ct	0	1	0	0	0	4	0	1	0	0	0	0	0	0	0	0	3	0	0	1	0	0	0	1	2	0	0	0	0	0	0	0	0	0
41998	31 Mar 26	16:10:00	1	0	34	0	Ct	0	1	0	1	0	0	0	2	0	1	1	0	0	1	0	0	1	0	0	1	0	0	0	2	1	0	0	0	0	0	0	0	0	0
41999	31 Mar 26	16:11:00	1	0	34	0	Ct	0	1	0	0	0	0	0	1	0	2	1	0	0	1	0	0	1	0	0	0	0	0	0	1	4	0	0	0	2	0	0	0	2	0
42000	31 Mar 26	16:12:00	1	0	34	0	Ct	0	1	0	1	0	0	0	0	0	0	1	0	0	0	0	0	0	0	0	0	0	0	0	0	1	0	0	0	0	0	0	0	4	0
42001	31 Mar 26	16:13:00	1	0	34	0	Ct	0	1	0	1	0	0	0	2	0	0	2	0	0	0	0	0	0	0	0	0	0	5	0	0	1	0	0	0	0	0	0	0	9	0
42002	31 Mar 26	16:14:00	1	0	34	0	Ct	0	1	0	3	0	1	0	2	0	0	0	0	0	0	0	0	0	0	0	0	0	0	0	0	1	0	0	0	0	0	0	0	1	0
42003	31 Mar 26	16:15:00	1	0	34	0	Ct	0	1	0	1	0	2	0	0	0	0	1	0	0	0	0	1	0	0	0	0	0	1	0	0	2	1	0	0	0	0	0	0	0	0
42004	31 Mar 26	16:16:00	1	0	34	0	Ct	0	1	0	0	0	0	0	0	0	0	1	0	0	1	0	0	0	0	0	1	0	0	0	0	1	0	0	0	0	0	0	0	0	2
42005	31 Mar 26	16:17:00	1	0	34	0	Ct	0	1	0	1	0	0	0	2	0	0	1	0	0	1	0	0	0	0	0	1	0	0	0	0	0	0	0	0	0	0	2	0	0	0
42006	31 Mar 26	16:18:00	1	0	34	0	Ct	0	1	0	0	0	0	0	3	0	0	0	0	0	0	0	0	0	0	0	0	0	2	0	0	1	0	0	0	2	0	1	0	0	0
42007	31 Mar 26	16:19:00	1	0	34	0	Ct	0	1	0	1	0	2	0	1	0	0	1	0	0	0	0	0	0	0	0	1	0	0	0	0	0	0	0	0	1	2	0	0	0	0
42008	31 Mar 26	16:20:00	1	0	34	0	Ct	0	1	0	1	0	1	0	0	0	0	0	0	0	0	0	0	0	0	0	1	0	1	0	2	0	0	0	0	0	0	0	0	4	0
42009	31 Mar 26	16:21:00	1	0	34	0	Ct	0	1	0	0	0	1	0	0	0	0	1	0	0	0	2	0	0	0	0	0	0	2	0	3	2	0	0	0	0	1	0	0	0	0
42010	31 Mar 26	16:22:00	1	0	34	0	Ct	0	1	0	1	0	0	0	0	0	0	3	0	0	0	1	1	0	0	0	0	0	1	0	0	1	0	0	0	0	0	0	0	0	0
42011	31 Mar 26	16:23:00	1	0	34	0	Ct	0	1	0	1	0	1	0	0	0	0	1	0	0	0	0	0	1	0	0	0	0	12	1	0	0	0	0	0	2	1	0	0	0	0
42012	31 Mar 26	16:24:00	1	0	34	0	Ct	0	1	0	0	0	0	0	0	0	0	0	0	0	2	0	1	1	0	0	0	0	12	2	0	1	0	0	2	0	1	0	0	0	0
42013	31 Mar 26	16:25:00	1	0	34	0	Ct	0	1	0	1	0	0	0	0	0	0	0	0	0	1	0	0	0	0	0	0	0	7	1	0	11	0	0	0	0	2	0	0	0	0
42014	31 Mar 26	16:26:00	1	0	34	0	Ct	0	1	0	0	0	0	0	0	0	0	0	0	0	0	1	1	0	0	0	0	0	0	0	0	0	0	0	2	1	0	0	0	0	0
42015	31 Mar 26	16:27:00	1	0	34	0	Ct	0	1	2	0	0	0	0	0	0	0	0	0	0	0	0	1	0	0	0	0	0	0	0	0	1	0	0	2	0	0	1	0	0	0
42016	31 Mar 26	16:28:00	1	0	34	0	Ct	0	1	1	0	0	1	0	0	0	0	0	0	1	1	0	0	1	0	0	0	0	0	0	0	3	0	0	0	3	1	5	0	0	0
42017	31 Mar 26	16:29:00	1	0	34	0	Ct	0	1	1	0	0	1	0	0	0	0	1	0	0	1	0	0	0	0	0	0	0	0	0	0	0	0	0	1	0	4	1	0	0	0
42018	31 Mar 26	16:30:00	1	0	34	0	Ct	0	1	0	3	0	0	0	0	0	0	0	0	0	0	0	2	0	0	0	0	0	0	0	0	0	0	0	3	0	0	0	0	0	0
42019	31 Mar 26	16:31:00	1	0	34	0	Ct	0	1	0	0	0	0	0	0	0	0	0	0	1	0	0	0	0	0	0	0	0	7	0	0	0	0	0	1	0	0	0	0	0	0
42020	31 Mar 26	16:32:00	1	0	34	0	Ct	0	1	0	0	0	0	0	0	0	0	0	0	0	1	0	0	1	0	0	0	1	1	0	0	1	0	0	1	0	0	0	0	0	0
42021	31 Mar 26	16:33:00	1	0	34	0	Ct	0	1	0	1	0	0	0	3	0	0	0	0	0	1	0	0	0	0	0	0	0	0	0	0	2	0	0	1	2	0	0	0	0	1
42022	31 Mar 26	16:34:00	1	0	34	0	Ct	0	1	0	1	0	0	0	0	0	0	0	0	2	1	0	0	0	0	0	0	1	0	0	0	2	0	0	1	1	0	0	0	0	1
42023	31 Mar 26	16:35:00	1	0	34	0	Ct	0	1	0	1	0	2	0	0	0	0	0	0	0	1	0	0	0	0	0	0	0	0	0	0	0	0	0	1	0	1	0	0	0	1
42024	31 Mar 26	16:36:00	1	0	34	0	Ct	0	1	0	1	0	0	0	0	0	0	0	0	0	0	0	0	0	0	0	0	0	0	0	0	1	0	0	2	0	2	0	0	0	0
42025	31 Mar 26	16:37:00	1	0	34	0	Ct	0	1	0	2	0	0	0	0	0	2	0	0	0	1	0	0	0	0	0	0	0	0	0	1	1	0	0	1	2	0	0	0	0	0
42026	31 Mar 26	16:38:00	1	0	34	0	Ct	0	1	0	1	0	0	0	0	0	0	0	0	0	1	0	0	1	0	0	0	0	0	0	3	0	0	0	1	1	0	0	0	0	0
42027	31 Mar 26	16:39:00	1	0	34	0	Ct	0	1	0	1	0	0	0	0	0	0	0	0	0	0	0	0	1	0	0	0	0	0	1	0	0	0	0	1	0	0	0	0	0	0
42028	31 Mar 26	16:40:00	1	0	34	0	Ct	0	1	0	1	0	0	0	2	0	0	0	4	0	0	0	0	0	0	0	0	0	4	1	0	1	0	0	0	0	0	0	0	0	0
42029	31 Mar 26	16:41:00	1	0	34	0	Ct	0	1	0	0	0	2	0	0	0	0	0	1	0	0	1	0	2	0	0	0	0	0	1	1	0	0	0	1	0	3	0	0	0	0
42030	31 Mar 26	16:42:00	1	0	34	0	Ct	0	1	0	3	0	0	0	0	0	0	0	3	0	0	1	0	1	0	1	0	0	0	0	0	1	0	0	0	4	0	0	0	0	0
42031	31 Mar 26	16:43:00	1	0	34	0	Ct	0	1	0	1	0	0	0	0	0	0	0	0	0	0	0	0	1	0	0	0	0	5	1	1	1	0	0	2	0	2	0	0	0	0
42032	31 Mar 26	16:44:00	1	0	34	0	Ct	0	1	0	2	0	0	0	2	0	0	0	6	0	0	0	0	0	0	6	0	0	3	0	0	1	0	0	1	0	0	0	0	0	0
42033	31 Mar 26	16:45:00	1	0	34	0	Ct	0	1	0	1	0	0	0	4	0	0	0	6	0	0	0	0	1	0	0	0	0	1	0	0	2	0	0	0	0	0	0	0	0	0
42034	31 Mar 26	16:46:00	1	0	34	0	Ct	0	1	0	0	0	0	0	0	0	0	0	0	0	0	0	0	2	0	0	0	0	0	0	2	2	2	0	1	0	0	0	0	0	0
42035	31 Mar 26	16:47:00	1	0	34	0	Ct	0	1	0	0	0	0	0	0	0	0	0	0	0	0	0	0	2	0	0	0	0	0	0	0	2	0	0	0	2	0	0	0	0	0
42036	31 Mar 26	16:48:00	1	0	34	0	Ct	0	1	0	0	0	0	0	0	0	0	0	0	0	1	0	1	2	0	0	0	0	0	1	1	1	1	0	0	0	0	0	0	0	0
42037	31 Mar 26	16:49:00	1	0	34	0	Ct	0	1	1	0	0	0	0	0	0	0	0	0	0	1	0	3	2	0	0	0	0	1	0	1	1	0	0	0	0	0	0	0	0	0
42038	31 Mar 26	16:50:00	1	0	34	0	Ct	0	1	2	0	0	1	0	0	0	0	0	0	0	0	0	0	0	0	0	0	0	0	1	0	1	2	0	0	3	0	0	0	0	0
42039	31 Mar 26	16:51:00	1	0	34	0	Ct	0	1	0	0	0	1	0	0	0	0	0	0	0	0	0	0	1	0	0	0	0	0	0	0	0	0	0	0	0	0	0	0	0	0
42040	31 Mar 26	16:52:00	1	0	34	0	Ct	0	1	0	0	0	0	0	0	0	0	0	0	0	0	0	1	1	0	0	0	0	0	0	0	0	0	0	0	1	0	0	0	0	0
42041	31 Mar 26	16:53:00	1	0	34	0	Ct	0	1	0	0	0	0	0	0	0	0	0	0	0	0	0	0	0	0	0	0	0	0	0	0	2	0	0	0	0	0	0	0	0	0
42042	31 Mar 26	16:54:00	1	0	34	0	Ct	0	1	1	0	0	0	0	2	0	0	0	0	0	0	0	0	0	0	1	0	0	0	0	0	0	0	0	0	0	0	0	0	0	0
42043	31 Mar 26	16:55:00	1	0	34	0	Ct	0	1	1	0	0	0	0	0	0	0	0	0	0	0	0	0	1	0	0	0	0	2	0	0	0	0	0	0	0	0	0	0	0	0
42044	31 Mar 26	16:56:00	1	0	34	0	Ct	0	1	0	0	0	0	0	0	0	0	0	0	1	0	0	0	0	1	0	0	0	0	0	0	0	0	0	0	0	0	0	0	0	0
42045	31 Mar 26	16:57:00	1	0	34	0	Ct	0	1	0	2	0	1	0	0	0	0	0	0	7	0	0	0	1	0	0	0	0	1	0	0	1	0	0	0	0	0	0	0	0	0
42046	31 Mar 26	16:58:00	1	0	34	0	Ct	0	1	0	3	0	7	0	0	0	0	0	0	3	0	0	0	0	1	0	0	0	2	0	0	2	0	0	0	1	1	0	0	0	0
42047	31 Mar 26	16:59:00	1	0	34	0	Ct	0	1	0	0	0	0	0	0	0	0	0	0	0	0	1	0	0	0	0	0	0	2	0	0	1	0	0	0	0	0	0	0	0	0
42048	31 Mar 26	17:00:00	1	0	34	0	Ct	0	1	2	0	0	1	0	2	2	0	0	0	0	0	1	0	0	0	0	0	0	0	0	0	0	0	0	0	0	1	0	0	0	0
42049	31 Mar 26	17:01:00	1	0	34	0	Ct	0	1	1	0	0	2	0	1	0	0	0	0	0	0	0	0	1	0	0	0	0	0	0	0	1	0	0	0	0	0	0	0	0	0
42050	31 Mar 26	17:02:00	1	0	34	0	Ct	0	1	1	1	0	2	0	3	0	0	0	0	0	0	0	0	0	0	0	0	0	0	0	0	1	0	0	0	0	1	0	0	0	0
42051	31 Mar 26	17:03:00	1	0	34	0	Ct	0	1	0	2	0	0	0	3	0	0	0	0	0	0	0	0	1	0	1	1	0	2	0	0	2	0	0	2	0	1	0	0	0	0
42052	31 Mar 26	17:04:00	1	0	34	0	Ct	0	1	2	1	0	0	0	0	0	0	3	0	0	0	0	0	3	0	0	0	0	1	0	2	3	0	0	0	0	0	0	0	0	0
42053	31 Mar 26	17:05:00	1	0	34	0	Ct	0	1	0	0	0	0	0	0	0	0	2	0	0	0	0	0	0	0	0	1	0	0	0	1	2	0	0	0	0	0	0	0	0	0
42054	31 Mar 26	17:06:00	1	0	34	0	Ct	0	1	0	0	0	0	0	2	0	0	0	0	0	0	0	0	1	0	0	0	0	0	0	2	1	0	0	1	0	1	0	0	0	0
42055	31 Mar 26	17:07:00	1	0	34	0	Ct	0	1	2	0	0	0	0	4	0	0	1	0	0	0	0	0	0	0	0	0	0	0	0	0	2	1	0	0	0	1	0	0	1	0
42056	31 Mar 26	17:08:00	1	0	34	0	Ct	0	1	0	0	0	0	0	5	0	0	1	0	0	0	0	0	1	0	0	0	0	0	0	0	3	0	0	0	0	0	1	0	0	1
42057	31 Mar 26	17:09:00	1	0	34	0	Ct	0	1	0	1	0	0	0	2	1	0	0	0	0	0	0	0	1	0	0	0	0	1	0	0	2	0	0	0	3	0	0	0	0	1
42058	31 Mar 26	17:10:00	1	0	34	0	Ct	0	1	0	1	0	0	0	1	1	0	0	0	0	1	0	0	0	0	0	0	0	1	0	2	1	4	0	0	0	0	0	0	0	0
42059	31 Mar 26	17:11:00	1	0	34	0	Ct	0	1	1	1	0	0	0	0	0	0	0	0	0	1	0	0	0	0	0	0	0	0	0	0	1	1	0	0	0	0	3	0	0	0
42060	31 Mar 26	17:12:00	1	0	34	0	Ct	0	1	1	1	0	2	0	3	0	0	0	0	0	0	0	0	0	0	0	0	0	0	0	0	0	0	0	0	0	0	0	0	0	3
42061	31 Mar 26	17:13:00	1	0	34	0	Ct	0	1	0	1	0	1	0	1	0	6	0	0	0	1	0	0	0	0	0	0	0	0	0	0	0	2	0	0	2	0	0	0	0	1
42062	31 Mar 26	17:14:00	1	0	34	0	Ct	0	1	0	0	0	3	0	0	0	0	0	0	0	0	0	2	0	0	0	0	0	0	0	0	0	0	0	0	0	0	0	0	0	0
42063	31 Mar 26	17:15:00	1	0	34	0	Ct	0	1	0	1	0	0	0	1	0	0	0	0	0	0	0	0	0	0	0	0	0	0	0	0	2	0	0	0	1	0	2	0	0	0
42064	31 Mar 26	17:16:00	1	0	34	0	Ct	0	1	0	0	0	1	0	1	0	1	4	0	0	1	0	1	0	0	0	0	0	2	0	0	0	0	0	0	0	1	2	0	0	0
42065	31 Mar 26	17:17:00	1	0	34	0	Ct	0	1	0	0	0	1	0	0	0	0	1	0	0	0	0	0	0	0	0	0	0	0	0	0	0	0	0	0	1	0	1	0	0	0
42066	31 Mar 26	17:18:00	1	0	34	0	Ct	0	1	0	0	0	2	0	1	0	0	3	0	0	0	0	0	0	0	0	0	0	0	0	0	0	0	0	0	1	2	0	0	0	0
42067	31 Mar 26	17:19:00	1	0	34	0	Ct	0	1	0	0	0	0	0	4	0	0	0	0	0	0	0	0	0	0	1	0	0	0	0	0	1	0	0	0	0	1	0	0	0	0
42068	31 Mar 26	17:20:00	1	0	34	0	Ct	0	1	0	1	0	3	0	0	0	0	2	0	0	0	0	1	1	0	0	0	0	0	0	0	1	0	0	0	0	0	0	0	2	0
42069	31 Mar 26	17:21:00	1	0	34	0	Ct	0	1	0	1	0	1	0	2	0	0	0	0	0	1	0	0	0	0	0	0	0	0	0	0	3	0	0	0	0	0	0	0	0	0
42070	31 Mar 26	17:22:00	1	0	34	0	Ct	0	1	0	0	0	6	0	2	0	0	1	0	0	0	0	1	0	0	0	0	0	0	0	0	0	0	0	0	1	0	0	0	0	0
42071	31 Mar 26	17:23:00	1	0	34	0	Ct	0	1	0	1	0	0	0	2	0	0	0	0	0	0	0	2	1	0	0	0	0	0	0	0	0	0	0	0	0	7	0	0	0	0
42072	31 Mar 26	17:24:00	1	0	34	0	Ct	0	1	0	1	0	2	0	2	0	0	1	0	0	0	0	0	1	0	2	0	0	0	0	1	0	0	0	0	0	1	0	0	0	0
42073	31 Mar 26	17:25:00	1	0	34	0	Ct	0	1	0	0	0	4	0	1	0	0	0	0	0	0	0	1	0	0	0	0	0	3	0	1	0	0	0	0	0	0	0	0	0	0
42074	31 Mar 26	17:26:00	1	0	34	0	Ct	0	1	0	0	0	0	0	2	0	0	0	0	0	0	0	0	1	0	0	0	0	0	0	0	0	0	0	0	0	0	0	0	0	0
42075	31 Mar 26	17:27:00	1	0	34	0	Ct	0	1	0	0	0	1	0	4	0	0	2	0	0	0	0	0	0	0	0	0	0	0	0	0	1	0	0	0	1	3	0	0	0	0
42076	31 Mar 26	17:28:00	1	0	34	0	Ct	0	1	0	2	0	2	0	3	0	0	1	0	0	0	4	0	1	0	1	0	0	2	0	1	1	0	0	0	0	0	0	0	0	0
42077	31 Mar 26	17:29:00	1	0	34	0	Ct	0	1	0	1	0	0	0	1	0	0	0	0	0	1	0	3	1	0	2	0	0	0	0	3	0	0	0	0	0	0	0	0	0	0
42078	31 Mar 26	17:30:00	1	0	34	0	Ct	0	1	0	1	0	0	0	1	0	0	0	1	0	0	0	0	0	0	0	0	0	0	0	0	0	0	0	0	0	2	0	0	0	2
42079	31 Mar 26	17:31:00	1	0	34	0	Ct	0	1	1	1	0	3	0	0	0	0	0	0	0	1	0	0	0	0	0	0	0	0	0	1	0	0	0	0	1	0	0	0	0	1
42080	31 Mar 26	17:32:00	1	0	34	0	Ct	0	1	1	2	0	4	0	2	0	0	0	2	0	0	0	0	0	0	0	0	0	2	0	0	2	2	0	0	1	0	0	0	0	0
42081	31 Mar 26	17:33:00	1	0	34	0	Ct	0	1	0	1	0	1	0	0	0	0	1	0	0	0	2	0	1	0	0	0	0	0	2	0	1	0	0	0	0	0	0	0	0	0
42082	31 Mar 26	17:34:00	1	0	34	0	Ct	0	1	0	2	0	1	0	0	1	0	0	0	0	1	0	0	0	0	0	0	0	2	0	0	1	0	0	0	0	0	0	0	0	0
42083	31 Mar 26	17:35:00	1	0	34	0	Ct	0	1	0	1	0	3	0	0	1	0	0	0	0	1	2	9	1	0	0	0	0	0	0	0	1	0	0	0	0	0	0	0	0	0
42084	31 Mar 26	17:36:00	1	0	34	0	Ct	0	1	0	1	0	1	0	0	0	0	1	0	0	0	0	2	0	0	1	0	0	0	0	1	1	1	0	0	0	0	0	0	0	0
42085	31 Mar 26	17:37:00	1	0	34	0	Ct	0	1	0	1	0	0	0	0	2	0	2	0	0	0	0	0	1	0	0	0	0	0	0	4	2	0	0	2	2	0	0	0	0	0
42086	31 Mar 26	17:38:00	1	0	34	0	Ct	0	1	0	2	0	0	0	0	4	0	3	0	0	1	0	1	0	0	0	0	0	4	0	1	3	0	0	0	0	0	0	0	1	0
42087	31 Mar 26	17:39:00	1	0	34	0	Ct	0	1	0	0	0	5	0	0	0	0	1	0	0	1	0	0	0	0	2	0	0	0	0	0	2	0	0	2	0	0	0	0	0	0
42088	31 Mar 26	17:40:00	1	0	34	0	Ct	0	1	0	1	0	2	0	0	0	0	0	0	0	0	0	3	1	0	0	0	1	4	0	0	2	0	0	1	0	0	0	0	0	0
42089	31 Mar 26	17:41:00	1	0	34	0	Ct	0	1	0	1	0	0	0	0	1	0	0	0	0	0	1	0	3	1	0	0	0	0	0	0	1	0	0	0	0	0	0	0	0	0
42090	31 Mar 26	17:42:00	1	0	34	0	Ct	0	1	0	0	0	0	0	2	2	0	1	0	0	0	3	0	1	1	1	0	0	0	1	0	2	0	0	0	0	1	0	0	0	0
42091	31 Mar 26	17:43:00	1	0	34	0	Ct	0	1	0	2	0	2	0	2	2	0	1	0	0	0	0	0	1	1	0	0	0	0	1	3	0	0	0	0	1	1	0	0	0	0
42092	31 Mar 26	17:44:00	1	0	34	0	Ct	0	1	0	1	0	0	0	1	3	0	1	0	0	0	0	0	1	1	2	0	0	0	0	2	0	0	0	0	0	2	0	0	0	0
42093	31 Mar 26	17:45:00	1	0	34	0	Ct	0	1	0	1	0	1	0	0	4	0	1	0	0	0	0	0	1	1	4	0	1	0	0	2	0	0	0	0	0	1	0	0	0	0
42094	31 Mar 26	17:46:00	1	0	34	0	Ct	0	1	0	1	0	0	0	0	2	0	1	0	0	1	0	0	0	3	0	0	0	0	0	2	0	1	0	0	0	0	0	0	0	0
42095	31 Mar 26	17:47:00	1	0	34	0	Ct	0	1	0	0	0	1	0	2	1	0	3	0	0	1	0	0	1	1	0	0	0	0	0	0	0	0	0	0	1	0	0	0	0	0
42096	31 Mar 26	17:48:00	1	0	34	0	Ct	0	1	0	2	0	1	0	1	4	0	1	0	0	1	0	0	1	1	0	0	0	0	0	0	0	0	0	0	0	1	0	0	0	0
42097	31 Mar 26	17:49:00	1	0	34	0	Ct	0	1	0	1	0	5	0	0	3	0	1	0	0	1	0	0	0	0	2	0	0	0	0	0	0	0	0	0	0	3	0	0	0	0
42098	31 Mar 26	17:50:00	1	0	34	0	Ct	0	1	0	1	0	0	0	0	2	0	1	0	0	0	0	0	2	3	0	0	0	0	0	1	0	0	0	0	0	2	0	0	0	0
42099	31 Mar 26	17:51:00	1	0	34	0	Ct	0	1	0	0	0	1	0	0	3	0	0	0	0	0	0	0	0	2	0	0	0	0	0	3	0	0	0	0	0	0	0	0	0	0
42100	31 Mar 26	17:52:00	1	0	34	0	Ct	0	1	1	1	0	3	0	0	1	0	2	0	0	0	0	0	0	0	0	0	0	0	0	0	0	0	0	0	0	0	0	0	0	0
42101	31 Mar 26	17:53:00	1	0	34	0	Ct	0	1	1	0	0	3	0	0	4	0	0	0	0	0	0	0	0	0	0	0	0	0	0	3	1	0	0	0	3	0	0	0	0	0
42102	31 Mar 26	17:54:00	1	0	34	0	Ct	0	1	0	1	0	1	0	0	0	0	0	0	0	0	0	0	0	1	0	1	0	0	0	0	0	0	0	0	0	0	0	0	0	0
42103	31 Mar 26	17:55:00	1	0	34	0	Ct	0	1	0	0	0	2	0	0	3	0	1	0	0	0	1	0	0	2	0	0	0	0	0	0	0	0	0	0	0	4	0	0	0	0
42104	31 Mar 26	17:56:00	1	0	34	0	Ct	0	1	0	1	0	1	0	0	2	0	1	0	0	0	0	0	0	1	0	1	0	0	0	0	0	1	0	0	0	0	0	0	0	0
42105	31 Mar 26	17:57:00	1	0	34	0	Ct	0	1	0	0	0	1	0	0	4	1	0	0	1	0	1	0	0	0	0	0	0	0	0	0	0	0	0	0	0	0	0	0	0	0
42106	31 Mar 26	17:58:00	1	0	34	0	Ct	0	1	0	0	0	0	0	0	0	1	1	0	0	0	0	1	0	0	0	0	0	0	0	2	0	0	0	5	0	2	0	0	0	0
42107	31 Mar 26	17:59:00	1	0	34	0	Ct	0	1	0	1	0	3	0	0	4	0	1	0	0	0	1	1	0	0	0	0	0	0	0	0	1	0	0	1	0	0	0	0	2	0
42108	31 Mar 26	18:00:00	1	0	34	0	Ct	0	1	0	0	0	1	0	0	1	1	2	0	0	0	0	0	2	0	0	0	0	0	0	0	1	0	0	3	0	0	0	0	0	0
42109	31 Mar 26	18:01:00	1	0	34	0	Ct	0	1	0	0	0	3	0	0	1	0	3	0	0	0	0	0	0	0	0	0	0	0	0	0	0	0	0	2	0	0	0	0	2	0
42110	31 Mar 26	18:02:00	1	0	34	0	Ct	0	1	1	0	0	0	0	6	0	0	2	0	0	0	0	0	4	0	0	0	0	0	0	2	0	0	0	1	2	0	0	0	0	0
42111	31 Mar 26	18:03:00	1	0	34	0	Ct	0	1	1	0	0	0	0	0	0	0	0	0	0	1	0	0	3	0	0	0	0	0	0	0	0	0	0	6	0	2	0	0	2	0
42112	31 Mar 26	18:04:00	1	0	34	0	Ct	0	1	0	0	0	1	0	0	0	0	0	0	0	1	0	0	0	3	3	0	0	0	0	0	0	0	0	0	1	1	0	0	1	0
42113	31 Mar 26	18:05:00	1	0	34	0	Ct	0	1	0	0	0	3	0	0	0	0	1	0	0	0	0	0	1	0	0	0	0	0	0	1	0	0	0	0	0	0	0	0	2	0
42114	31 Mar 26	18:06:00	1	0	34	0	Ct	0	1	1	0	0	1	0	2	2	0	0	0	0	0	0	0	0	3	0	0	0	0	0	0	1	0	0	2	0	0	0	0	0	0
42115	31 Mar 26	18:07:00	1	0	34	0	Ct	0	1	1	0	0	1	0	0	2	0	1	0	0	0	0	0	0	5	1	0	0	0	0	0	8	0	0	4	3	0	0	0	0	0
42116	31 Mar 26	18:08:00	1	0	34	0	Ct	0	1	0	0	0	1	0	0	0	0	0	0	0	0	4	0	0	4	0	0	0	0	0	2	0	0	0	2	0	0	0	0	0	0
42117	31 Mar 26	18:09:00	1	0	34	0	Ct	0	1	0	0	0	1	0	0	1	0	1	0	0	0	0	0	1	1	0	0	0	0	0	0	3	0	0	0	0	0	0	0	0	0
42118	31 Mar 26	18:10:00	1	0	34	0	Ct	0	1	0	1	0	1	0	0	3	3	3	0	0	2	2	0	1	0	0	0	0	1	0	3	3	0	0	0	2	1	0	0	0	0
42119	31 Mar 26	18:11:00	1	0	34	0	Ct	0	0	3	1	0	7	0	0	0	1	1	0	3	2	3	0	3	0	1	0	3	0	0	5	4	1	0	3	1	0	0	0	0	1
42120	31 Mar 26	18:12:00	1	0	34	0	Ct	0	0	4	1	0	0	0	0	0	1	6	0	0	1	2	0	2	1	0	0	4	2	0	4	2	2	0	2	0	0	1	0	0	3
42121	31 Mar 26	18:13:00	1	0	34	0	Ct	0	0	2	1	0	0	0	0	1	1	0	0	1	3	5	0	2	0	1	0	0	5	1	2	2	0	0	1	0	0	2	0	0	0
42122	31 Mar 26	18:14:00	1	0	34	0	Ct	0	0	0	0	0	0	0	0	4	0	1	0	0	1	1	0	2	1	1	0	1	5	2	1	0	6	0	1	0	1	0	0	0	2
42123	31 Mar 26	18:15:00	1	0	34	0	Ct	0	0	2	0	0	0	0	0	3	3	3	0	0	1	3	0	2	2	1	1	3	4	9	0	2	1	0	3	0	1	0	0	0	2
42124	31 Mar 26	18:16:00	1	0	34	0	Ct	0	0	4	0	0	3	0	0	3	1	4	0	0	4	1	0	2	1	2	0	4	4	2	2	0	1	0	2	2	0	0	0	2	2
42125	31 Mar 26	18:17:00	1	0	34	0	Ct	0	0	2	0	0	0	0	1	5	1	0	0	1	0	1	3	2	2	3	0	2	0	2	2	2	0	0	1	5	2	2	0	0	2
42126	31 Mar 26	18:18:00	1	0	34	0	Ct	0	0	3	1	0	0	0	0	2	2	3	0	3	1	3	0	0	3	2	8	2	1	3	1	2	1	0	3	3	1	0	0	1	2
42127	31 Mar 26	18:19:00	1	0	34	0	Ct	0	0	2	1	0	0	0	0	3	6	3	0	4	3	4	1	0	2	1	5	2	2	1	2	3	0	3	3	3	2	2	0	4	4
42128	31 Mar 26	18:20:00	1	0	34	0	Ct	0	0	3	2	3	1	0	4	3	3	1	0	0	5	5	5	1	2	2	1	0	0	4	2	1	0	3	3	0	2	3	0	1	3
42129	31 Mar 26	18:21:00	1	0	34	0	Ct	0	0	1	1	0	6	0	1	4	1	0	0	0	1	6	1	1	2	1	0	0	0	2	1	1	0	1	6	1	2	3	0	2	5
42130	31 Mar 26	18:22:00	1	0	34	0	Ct	0	0	2	1	0	0	0	0	6	4	5	0	0	2	1	0	1	1	1	1	2	0	1	2	4	3	0	4	3	1	2	0	5	1
42131	31 Mar 26	18:23:00	1	0	34	0	Ct	0	0	0	2	0	0	0	2	1	5	4	0	1	0	2	5	3	1	0	3	3	0	1	1	5	2	0	2	4	1	3	0	3	2
42132	31 Mar 26	18:24:00	1	0	34	0	Ct	0	0	0	1	0	0	0	1	4	2	1	2	2	1	3	4	1	0	2	4	1	0	0	2	2	2	0	1	2	3	5	0	4	4
42133	31 Mar 26	18:25:00	1	0	34	0	Ct	0	0	3	2	0	2	0	3	3	1	1	0	1	3	3	0	3	2	3	3	3	0	2	1	2	2	5	3	0	2	4	0	5	4
42134	31 Mar 26	18:26:00	1	0	34	0	Ct	0	0	0	1	0	0	0	2	2	4	2	0	2	2	4	0	2	3	1	0	2	0	2	0	3	0	0	3	0	1	1	0	3	4
42135	31 Mar 26	18:27:00	1	0	34	0	Ct	0	0	2	2	0	0	0	2	1	2	2	1	2	2	3	2	5	1	0	0	1	0	1	1	2	0	1	0	1	1	4	0	5	3
42136	31 Mar 26	18:28:00	1	0	34	0	Ct	0	0	1	3	0	1	0	3	2	2	2	0	0	1	2	0	0	3	4	0	0	2	1	2	2	0	0	0	14	2	1	0	6	3
42137	31 Mar 26	18:29:00	1	0	34	0	Ct	0	0	2	0	0	2	0	0	3	4	2	0	5	2	2	2	2	2	2	0	0	0	3	4	3	3	0	1	0	0	2	0	1	7
42138	31 Mar 26	18:30:00	1	0	34	0	Ct	0	0	3	3	0	5	0	0	3	1	1	0	3	0	3	0	0	3	1	0	2	1	1	4	2	1	0	2	0	0	1	0	5	2
42139	31 Mar 26	18:31:00	1	0	34	0	Ct	0	0	1	2	0	2	0	0	5	2	2	0	2	2	1	2	0	4	1	0	1	4	4	2	4	0	0	2	0	0	2	0	2	3
42140	31 Mar 26	18:32:00	1	0	34	0	Ct	0	0	3	0	0	8	0	3	5	0	1	0	3	1	3	2	9	3	2	1	4	13	1	1	7	1	0	0	0	0	4	0	4	1
42141	31 Mar 26	18:33:00	1	0	34	0	Ct	0	0	1	2	0	3	0	1	6	0	2	0	2	2	3	1	2	2	2	4	2	0	1	1	3	1	0	1	0	1	0	0	1	3
42142	31 Mar 26	18:34:00	1	0	34	0	Ct	0	0	2	2	0	1	0	1	3	0	0	0	1	1	4	3	2	2	1	0	3	13	0	2	3	3	0	2	0	2	2	0	2	2
42143	31 Mar 26	18:35:00	1	0	34	0	Ct	0	0	3	1	0	0	0	1	5	1	1	0	1	1	4	3	1	3	0	0	2	0	1	1	3	0	0	3	0	0	0	0	4	3
42144	31 Mar 26	18:36:00	1	0	34	0	Ct	0	0	2	1	0	0	0	0	3	1	3	0	1	1	3	2	1	4	1	0	1	0	0	1	4	1	0	1	0	1	2	0	3	1
42145	31 Mar 26	18:37:00	1	0	34	0	Ct	0	0	3	2	0	0	0	3	3	2	0	0	3	3	2	3	1	3	6	0	0	5	2	2	2	2	0	1	3	0	1	0	4	2
42146	31 Mar 26	18:38:00	1	0	34	0	Ct	0	0	3	0	0	1	0	1	3	4	1	0	1	1	3	2	1	3	1	0	0	3	0	5	4	2	0	2	1	2	1	0	4	6
42147	31 Mar 26	18:39:00	1	0	34	0	Ct	0	0	4	2	0	2	0	2	4	4	0	0	0	3	2	2	2	1	1	0	0	3	0	0	4	1	0	1	1	1	2	0	1	6
42148	31 Mar 26	18:40:00	1	0	34	0	Ct	0	0	1	1	0	0	0	2	4	3	1	5	0	3	1	0	0	3	2	0	2	2	0	2	2	3	0	3	1	2	1	0	4	2
42149	31 Mar 26	18:41:00	1	0	34	0	Ct	0	0	2	1	0	0	0	3	3	3	0	5	3	1	5	3	3	2	1	0	1	3	1	0	8	2	0	3	3	1	3	0	1	3
42150	31 Mar 26	18:42:00	1	0	34	0	Ct	0	0	3	1	0	0	0	0	3	1	3	5	1	3	4	2	3	1	1	0	2	1	3	0	2	6	0	2	1	1	1	0	6	3
42151	31 Mar 26	18:43:00	1	0	34	0	Ct	0	0	3	0	0	0	0	0	3	1	5	0	0	2	2	1	1	3	0	0	2	0	0	2	3	0	0	5	2	3	4	0	1	0
42152	31 Mar 26	18:44:00	1	0	34	0	Ct	0	0	1	0	0	3	0	0	4	2	5	0	0	2	2	2	0	3	1	0	3	0	1	1	4	1	0	1	0	4	1	0	3	4
42153	31 Mar 26	18:45:00	1	0	34	0	Ct	0	0	1	0	0	0	0	2	2	3	0	5	3	3	3	2	0	2	2	0	0	1	0	2	3	1	0	0	2	0	1	0	4	2
42154	31 Mar 26	18:46:00	1	0	34	0	Ct	0	0	1	2	0	0	0	3	2	2	0	0	4	2	1	2	2	2	2	0	0	3	2	1	2	0	0	2	3	1	3	0	2	2
42155	31 Mar 26	18:47:00	1	0	34	0	Ct	0	0	2	1	0	0	0	2	5	4	2	18	1	0	2	2	2	3	0	0	1	0	0	2	4	3	0	1	0	3	0	0	0	3
42156	31 Mar 26	18:48:00	1	0	34	0	Ct	0	0	1	0	0	0	0	2	1	2	2	18	1	0	3	1	0	2	1	0	0	4	0	1	3	0	0	0	2	2	3	0	2	3
42157	31 Mar 26	18:49:00	1	0	34	0	Ct	0	0	2	0	0	0	0	3	2	1	0	0	0	1	4	1	0	2	2	0	1	0	0	2	1	0	0	0	3	0	0	0	4	2
42158	31 Mar 26	18:50:00	1	0	34	0	Ct	0	0	3	1	0	0	0	2	4	2	0	4	4	3	4	1	1	3	2	0	0	0	3	2	2	1	0	0	2	2	3	0	4	2
42159	31 Mar 26	18:51:00	1	0	34	0	Ct	0	0	1	2	0	0	0	2	5	2	2	1	2	1	3	1	1	2	1	0	0	1	3	1	3	1	0	4	3	2	0	0	4	4
42160	31 Mar 26	18:52:00	1	0	34	0	Ct	0	0	1	0	0	2	0	3	2	1	1	4	1	1	1	2	1	1	2	0	0	2	1	0	3	4	0	3	0	2	0	0	0	3
42161	31 Mar 26	18:53:00	1	0	34	0	Ct	0	0	1	1	0	0	0	1	4	0	0	5	2	1	3	1	0	3	0	0	0	1	1	0	2	1	0	2	0	1	0	0	3	0
42162	31 Mar 26	18:54:00	1	0	34	0	Ct	0	0	2	2	0	3	0	1	6	2	1	1	3	2	3	0	2	2	1	0	2	0	4	4	4	1	0	3	0	1	2	0	2	3
42163	31 Mar 26	18:55:00	1	0	34	0	Ct	0	0	2	2	0	1	0	1	2	1	1	4	3	0	5	3	1	2	4	2	0	2	3	3	1	0	0	5	0	2	2	0	2	1
42164	31 Mar 26	18:56:00	1	0	34	0	Ct	0	0	1	2	0	0	0	3	3	3	3	3	3	3	4	3	1	3	1	3	0	5	2	1	3	2	0	3	0	2	0	0	2	2
42165	31 Mar 26	18:57:00	1	0	34	0	Ct	0	0	2	1	0	2	0	2	3	3	1	1	0	2	4	3	2	4	1	0	0	5	0	2	2	0	0	0	0	5	4	0	2	0
42166	31 Mar 26	18:58:00	1	0	34	0	Ct	0	0	2	1	0	1	0	0	4	2	1	3	0	2	4	1	2	3	2	0	2	0	2	3	5	1	0	1	2	0	3	0	2	3
42167	31 Mar 26	18:59:00	1	0	34	0	Ct	0	0	2	0	0	0	0	2	3	2	1	1	2	2	4	3	0	3	2	3	0	2	4	4	4	1	0	3	0	0	2	0	2	3
42168	31 Mar 26	19:00:00	1	0	34	0	Ct	0	0	2	3	0	2	0	1	3	2	2	3	0	1	3	2	1	1	3	0	2	1	1	2	6	2	0	0	1	2	0	0	3	2
42169	31 Mar 26	19:01:00	1	0	34	0	Ct	0	0	2	2	0	0	0	0	2	1	2	1	0	0	3	1	1	1	0	0	5	3	1	2	3	1	0	1	0	1	2	0	6	3
42170	31 Mar 26	19:02:00	1	0	34	0	Ct	0	0	2	0	0	0	0	0	4	2	2	3	1	1	3	2	1	2	1	0	0	0	1	0	4	2	0	0	0	2	4	0	4	2
42171	31 Mar 26	19:03:00	1	0	34	0	Ct	0	0	2	0	0	3	0	0	7	3	2	2	0	2	3	1	0	2	2	0	0	0	3	2	2	1	0	5	0	2	2	0	4	2
42172	31 Mar 26	19:04:00	1	0	34	0	Ct	0	0	3	1	0	1	0	1	4	1	5	3	1	1	3	1	2	2	1	0	1	0	1	2	3	0	0	1	0	1	2	0	3	2
42173	31 Mar 26	19:05:00	1	0	34	0	Ct	0	0	4	2	0	0	0	4	3	1	1	1	2	1	4	1	23	2	0	0	0	0	0	3	2	1	2	0	1	0	1	0	4	1
42174	31 Mar 26	19:06:00	1	0	34	0	Ct	0	0	2	1	0	2	0	4	3	1	2	0	1	1	0	2	0	3	1	2	0	0	2	0	5	2	0	0	0	2	4	0	4	1
42175	31 Mar 26	19:07:00	1	0	34	0	Ct	0	0	2	1	0	0	0	2	2	2	2	1	2	1	2	2	0	1	0	1	2	0	3	0	2	1	0	1	0	0	4	0	2	2
42176	31 Mar 26	19:08:00	1	0	34	0	Ct	0	0	2	0	0	3	0	3	8	1	3	3	0	0	4	4	3	2	0	1	1	0	1	2	1	1	0	4	0	1	1	0	0	1
42177	31 Mar 26	19:09:00	1	0	34	0	Ct	0	0	2	1	2	3	0	2	1	1	0	2	0	2	2	0	0	4	1	0	0	2	1	1	1	0	4	4	3	1	3	0	0	2
42178	31 Mar 26	19:10:00	1	0	34	0	Ct	0	0	2	2	0	3	0	3	3	0	0	2	1	1	1	1	2	2	1	0	0	1	0	1	4	0	1	1	23	4	0	0	2	4
42179	31 Mar 26	19:11:00	1	0	34	0	Ct	0	0	0	1	0	4	0	2	3	1	0	0	6	1	4	1	0	2	1	0	1	0	1	1	3	1	0	1	5	2	2	0	3	2
42180	31 Mar 26	19:12:00	1	0	34	0	Ct	0	0	1	1	3	3	0	3	4	1	2	3	0	2	4	2	2	2	2	0	3	0	2	2	0	1	0	0	2	1	0	0	2	1
42181	31 Mar 26	19:13:00	1	0	34	0	Ct	0	0	1	0	0	7	0	2	4	0	0	1	2	3	2	0	1	3	1	0	0	0	1	2	4	3	0	2	0	0	0	0	4	1
42182	31 Mar 26	19:14:00	1	0	34	0	Ct	0	0	1	2	4	4	0	0	3	1	2	1	2	1	4	2	0	3	0	0	0	0	0	1	3	1	0	1	1	0	0	0	1	0
42183	31 Mar 26	19:15:00	1	0	34	0	Ct	0	0	3	1	1	0	0	2	2	1	3	2	3	2	6	0	2	2	0	0	0	3	0	2	3	1	3	3	0	1	1	0	3	0
42184	31 Mar 26	19:16:00	1	0	34	0	Ct	0	0	2	1	4	3	0	2	5	2	3	3	1	1	4	2	2	5	1	0	0	8	2	2	4	1	0	3	0	1	0	0	1	1
42185	31 Mar 26	19:17:00	1	0	34	0	Ct	0	0	2	0	0	1	0	2	4	1	3	1	0	2	0	1	2	2	2	0	0	0	0	2	4	1	0	6	1	1	0	0	3	1
42186	31 Mar 26	19:18:00	1	0	34	0	Ct	0	0	2	2	3	1	0	1	3	0	2	2	0	0	3	2	0	3	0	0	0	0	3	3	3	1	0	2	2	3	3	0	5	2
42187	31 Mar 26	19:19:00	1	0	34	0	Ct	0	0	3	2	3	3	0	0	2	0	2	1	3	2	3	2	1	2	2	0	1	0	1	2	3	1	0	0	2	2	3	0	0	1
42188	31 Mar 26	19:20:00	1	0	34	0	Ct	0	0	1	1	4	1	0	3	3	2	1	3	4	0	4	1	0	4	1	0	4	6	1	2	3	1	0	1	3	2	13	0	0	1
42189	31 Mar 26	19:21:00	1	0	34	0	Ct	0	0	1	2	4	4	0	0	3	3	2	6	0	1	4	3	1	1	0	0	1	0	2	2	3	2	0	3	3	2	2	0	4	4
42190	31 Mar 26	19:22:00	1	0	34	0	Ct	0	0	2	3	4	2	0	2	3	2	1	2	0	1	2	1	0	3	0	0	0	0	1	3	4	0	0	2	3	1	4	0	4	3
42191	31 Mar 26	19:23:00	1	0	34	0	Ct	0	0	2	0	0	4	0	2	3	1	2	1	0	1	1	1	2	4	1	2	0	0	3	0	4	1	0	2	2	2	1	0	3	1
42192	31 Mar 26	19:24:00	1	0	34	0	Ct	0	0	0	2	2	1	0	1	3	3	1	3	0	3	1	0	1	1	0	0	4	0	1	1	3	0	0	2	1	2	1	0	3	3
42193	31 Mar 26	19:25:00	1	0	34	0	Ct	0	0	3	1	2	1	0	2	2	0	0	4	0	1	1	2	2	2	0	0	4	0	2	3	2	1	0	2	0	2	1	0	2	3
42194	31 Mar 26	19:26:00	1	0	34	0	Ct	0	0	2	0	1	0	0	6	4	0	2	2	0	1	4	1	3	1	2	0	1	5	1	2	7	1	0	0	0	0	0	0	2	0
42195	31 Mar 26	19:27:00	1	0	34	0	Ct	0	0	2	2	1	1	0	3	4	1	0	1	0	0	9	0	0	3	2	0	0	0	2	2	2	1	0	6	0	1	1	0	6	2
42196	31 Mar 26	19:28:00	1	0	34	0	Ct	0	0	2	1	1	1	0	1	3	3	0	1	0	3	1	1	3	2	1	0	2	3	1	3	1	0	0	0	0	4	1	0	7	2
42197	31 Mar 26	19:29:00	1	0	34	0	Ct	0	0	4	3	2	0	0	3	4	2	0	2	0	2	5	1	0	3	1	0	0	1	1	2	1	0	0	2	0	1	2	0	2	3
42198	31 Mar 26	19:30:00	1	0	34	0	Ct	0	0	1	1	2	0	0	1	4	2	0	0	0	2	5	1	3	3	1	0	2	0	2	0	3	0	0	3	0	1	4	0	0	3
42199	31 Mar 26	19:31:00	1	0	34	0	Ct	0	0	1	1	2	0	0	2	2	3	0	0	0	1	3	2	5	2	0	5	0	4	0	2	4	1	0	3	1	1	0	0	2	2
42200	31 Mar 26	19:32:00	1	0	34	0	Ct	0	0	1	2	1	0	0	2	1	2	1	1	0	2	4	1	1	3	2	0	0	0	2	1	3	0	0	3	2	0	0	0	2	1
42201	31 Mar 26	19:33:00	1	0	34	0	Ct	0	0	2	3	2	0	0	0	5	1	6	2	1	2	1	3	3	2	1	1	0	0	3	1	3	2	0	1	3	3	2	0	1	2
42202	31 Mar 26	19:34:00	1	0	34	0	Ct	0	0	1	0	5	0	0	0	2	1	2	2	2	3	1	1	2	2	1	1	2	0	2	1	3	1	0	4	0	1	3	0	4	4
42203	31 Mar 26	19:35:00	1	0	34	0	Ct	0	0	3	1	3	0	0	0	4	3	1	2	3	0	4	3	2	2	2	2	4	1	4	2	2	1	0	3	0	1	0	0	3	3
42204	31 Mar 26	19:36:00	1	0	34	0	Ct	0	0	1	1	2	2	0	1	1	0	1	2	2	1	1	0	3	2	1	0	1	1	1	1	1	1	0	0	0	1	1	0	3	2
42205	31 Mar 26	19:37:00	1	0	34	0	Ct	0	0	1	1	2	0	0	2	2	3	0	3	0	2	10	3	3	3	3	0	3	0	2	4	2	0	0	0	0	1	2	0	3	3
42206	31 Mar 26	19:38:00	1	0	34	0	Ct	0	0	1	1	7	0	0	2	1	3	1	2	10	5	0	1	1	2	1	2	6	0	1	2	5	2	0	0	1	0	1	0	3	2
42207	31 Mar 26	19:39:00	1	0	34	0	Ct	0	0	2	1	3	0	0	2	4	1	0	0	2	2	4	2	0	2	2	0	0	0	5	3	0	2	1	7	0	2	3	0	2	2
42208	31 Mar 26	19:40:00	1	0	34	0	Ct	0	0	2	1	2	0	0	0	7	5	2	0	2	1	3	1	2	3	0	0	6	0	2	1	4	0	0	3	3	2	1	0	0	0
42209	31 Mar 26	19:41:00	1	0	34	0	Ct	0	0	2	2	1	0	0	1	2	2	4	3	0	2	4	3	0	3	3	0	0	1	1	3	2	1	0	1	0	2	0	0	0	3
42210	31 Mar 26	19:42:00	1	0	34	0	Ct	0	0	0	1	3	0	0	1	3	2	1	1	0	1	1	1	2	2	3	0	0	0	3	1	4	2	0	6	0	3	2	0	0	3
42211	31 Mar 26	19:43:00	1	0	34	0	Ct	0	0	2	1	4	10	0	2	4	1	0	2	0	3	1	0	2	3	1	0	0	2	3	0	4	1	0	0	0	3	1	0	0	3
42212	31 Mar 26	19:44:00	1	0	34	0	Ct	0	0	3	0	4	0	0	1	2	4	0	0	0	2	4	2	2	1	1	2	0	2	0	1	4	1	0	4	5	1	3	0	1	3
42213	31 Mar 26	19:45:00	1	0	34	0	Ct	0	0	2	1	1	7	0	0	4	2	3	0	0	3	1	0	1	2	3	2	1	0	2	1	4	3	0	4	0	1	0	0	1	0
42214	31 Mar 26	19:46:00	1	0	34	0	Ct	0	0	4	0	1	0	0	0	2	3	4	0	2	2	3	1	0	0	0	0	2	1	2	2	4	1	0	2	2	3	2	0	3	4
42215	31 Mar 26	19:47:00	1	0	34	0	Ct	0	0	1	1	1	3	0	3	3	2	4	3	0	2	2	3	0	0	0	1	3	0	2	1	4	0	0	2	3	4	1	0	2	2
42216	31 Mar 26	19:48:00	1	0	34	0	Ct	0	0	2	2	3	0	0	2	3	0	1	2	1	0	4	0	2	2	2	6	1	3	1	1	3	0	0	0	5	3	3	0	4	1
42217	31 Mar 26	19:49:00	1	0	34	0	Ct	0	0	4	1	2	0	0	1	3	2	1	3	0	1	0	3	3	1	1	0	2	4	2	2	2	1	0	0	1	4	1	0	3	3
42218	31 Mar 26	19:50:00	1	0	34	0	Ct	0	0	2	1	3	2	0	1	5	4	0	1	2	1	1	1	2	3	3	0	1	3	0	2	2	1	0	4	1	0	5	0	3	3
42219	31 Mar 26	19:51:00	1	0	34	0	Ct	0	0	2	0	3	0	0	0	14	2	1	1	3	0	3	0	0	2	1	0	0	2	2	1	4	0	0	2	5	2	1	0	3	2
42220	31 Mar 26	19:52:00	1	0	34	0	Ct	0	0	3	2	2	1	0	0	2	1	1	3	5	1	4	5	3	3	1	0	0	4	3	0	2	1	0	3	3	0	3	0	5	2
42221	31 Mar 26	19:53:00	1	0	34	0	Ct	0	0	1	0	4	0	0	3	1	2	1	2	1	2	3	3	2	1	0	0	0	6	2	3	4	2	0	3	0	3	1	0	2	2
42222	31 Mar 26	19:54:00	1	0	34	0	Ct	0	0	1	1	3	0	0	1	3	1	2	2	5	2	5	1	1	1	2	0	0	1	3	3	2	1	0	3	0	1	1	0	0	2
42223	31 Mar 26	19:55:00	1	0	34	0	Ct	0	0	2	3	2	0	0	1	2	0	2	3	0	1	3	3	1	3	1	0	1	3	3	0	3	3	0	2	0	0	3	0	3	1
42224	31 Mar 26	19:56:00	1	0	34	0	Ct	0	0	2	1	2	0	0	2	2	2	2	2	4	1	3	3	2	3	1	0	1	0	1	2	4	2	0	2	2	0	5	0	2	3
42225	31 Mar 26	19:57:00	1	0	34	0	Ct	0	0	2	3	3	0	0	1	4	3	9	3	4	1	2	1	5	3	0	0	3	0	5	0	4	0	0	1	1	3	2	0	3	2
42226	31 Mar 26	19:58:00	1	0	34	0	Ct	0	0	2	2	1	0	0	0	3	4	4	2	1	0	3	2	0	3	2	0	3	0	0	2	1	4	0	1	2	6	2	0	4	3
42227	31 Mar 26	19:59:00	1	0	34	0	Ct	0	0	2	0	1	0	0	3	4	1	1	1	2	1	5	0	4	3	0	0	1	3	1	3	1	2	0	2	2	1	4	0	4	2
42228	31 Mar 26	20:00:00	1	0	34	0	Ct	0	0	1	1	3	0	0	2	3	0	1	2	0	1	1	1	0	3	0	0	3	2	5	3	2	0	2	3	4	2	1	0	3	0
42229	31 Mar 26	20:01:00	1	0	34	0	Ct	0	0	2	0	2	2	0	2	2	1	0	3	6	2	0	4	1	1	2	0	1	0	0	1	2	2	0	2	3	2	5	0	3	3
42230	31 Mar 26	20:02:00	1	0	34	0	Ct	0	0	3	1	2	0	0	4	1	2	3	2	4	2	3	0	0	2	1	0	2	0	4	1	0	0	0	0	1	5	0	0	3	2
42231	31 Mar 26	20:03:00	1	0	34	0	Ct	0	0	1	1	6	0	0	0	4	2	1	2	6	1	1	1	1	3	0	0	0	3	1	1	3	2	0	4	1	3	1	0	1	1
42232	31 Mar 26	20:04:00	1	0	34	0	Ct	0	0	1	1	3	0	0	0	2	3	1	0	2	1	1	1	0	2	4	0	0	3	1	2	3	0	0	0	1	2	2	0	5	1
42233	31 Mar 26	20:05:00	1	0	34	0	Ct	0	0	2	1	3	0	0	1	5	3	1	4	4	3	2	3	1	3	0	0	2	0	1	2	3	2	0	0	3	1	2	0	0	1
42234	31 Mar 26	20:06:00	1	0	34	0	Ct	0	0	2	1	2	0	0	3	4	0	1	3	0	2	3	3	0	3	1	0	0	0	3	2	4	0	0	1	0	2	1	0	0	1
42235	31 Mar 26	20:07:00	1	0	34	0	Ct	0	0	3	1	3	0	0	3	2	2	0	1	0	3	2	1	3	2	2	0	0	0	1	0	3	1	0	9	0	1	1	0	2	2
42236	31 Mar 26	20:08:00	1	0	34	0	Ct	0	0	2	1	3	0	0	3	2	0	1	0	4	3	3	1	1	4	2	3	1	2	1	0	2	2	0	3	0	3	1	0	1	3
42237	31 Mar 26	20:09:00	1	0	34	0	Ct	0	0	0	2	0	5	0	2	3	2	1	3	3	4	4	3	1	2	1	0	2	0	2	2	3	0	0	4	0	2	1	0	3	2
42238	31 Mar 26	20:10:00	1	0	34	0	Ct	0	0	2	0	3	15	0	4	2	1	0	3	2	2	1	2	2	6	0	0	1	0	2	2	3	2	0	8	0	2	1	0	1	4
42239	31 Mar 26	20:11:00	1	0	34	0	Ct	0	0	1	0	2	0	0	2	3	1	2	1	0	2	4	2	0	2	0	0	2	3	2	1	4	3	0	8	1	1	2	0	4	2
42240	31 Mar 26	20:12:00	1	0	34	0	Ct	0	0	2	1	1	0	0	0	3	0	3	2	5	3	3	1	0	2	0	0	1	1	0	2	2	2	0	1	2	1	1	0	3	3
42241	31 Mar 26	20:13:00	1	0	34	0	Ct	0	0	1	0	4	0	0	2	3	2	2	1	1	1	2	0	5	3	0	0	1	3	4	1	2	1	0	2	6	7	0	0	2	4
42242	31 Mar 26	20:14:00	1	0	34	0	Ct	0	0	2	1	3	0	0	2	3	1	2	2	0	0	2	0	1	1	0	0	1	0	2	1	0	1	0	3	4	0	0	0	3	2
42243	31 Mar 26	20:15:00	1	0	34	0	Ct	0	0	1	2	3	0	0	2	0	2	1	3	9	2	2	2	5	2	1	0	2	1	1	2	6	2	0	1	2	2	0	0	3	4
42244	31 Mar 26	20:16:00	1	0	34	0	Ct	0	0	2	1	4	0	0	2	1	3	1	3	0	2	5	0	14	3	0	0	0	3	1	3	3	1	0	2	2	2	0	0	6	2
42245	31 Mar 26	20:17:00	1	0	34	0	Ct	0	0	2	0	3	0	0	3	3	4	2	2	0	3	1	2	0	3	0	0	0	0	1	4	2	2	0	4	0	2	3	0	3	4
42246	31 Mar 26	20:18:00	1	0	34	0	Ct	0	0	3	1	1	0	0	0	2	1	0	1	4	2	0	1	0	1	1	0	0	0	2	3	2	1	0	6	0	2	2	0	2	4
42247	31 Mar 26	20:19:00	1	0	34	0	Ct	0	0	5	1	6	0	0	1	4	2	0	2	5	2	1	2	3	1	0	0	0	5	1	2	0	0	3	2	0	0	0	0	0	3
42248	31 Mar 26	20:20:00	1	0	34	0	Ct	0	0	1	1	2	1	0	2	2	2	1	2	2	2	2	0	3	2	2	0	2	2	0	2	2	3	1	0	0	2	1	0	4	0
42249	31 Mar 26	20:21:00	1	0	34	0	Ct	0	0	3	2	1	0	0	1	4	1	0	3	0	0	1	1	3	1	3	0	7	0	2	2	1	1	3	4	0	1	2	0	2	4
42250	31 Mar 26	20:22:00	1	0	34	0	Ct	0	0	3	1	6	3	0	2	1	2	3	1	4	0	2	0	2	3	0	0	1	0	1	0	2	1	1	0	2	2	2	0	4	2
42251	31 Mar 26	20:23:00	1	0	34	0	Ct	0	0	2	1	1	0	0	1	2	0	2	1	0	3	1	3	0	2	1	0	0	0	1	1	4	2	0	4	1	1	2	0	2	3
42252	31 Mar 26	20:24:00	1	0	34	0	Ct	0	0	3	1	1	0	0	1	4	3	0	2	0	2	4	2	1	3	2	0	2	4	2	1	3	0	0	0	8	0	1	0	1	1
42253	31 Mar 26	20:25:00	1	0	34	0	Ct	0	0	2	1	3	0	0	2	2	1	1	1	0	2	1	7	0	5	5	0	4	0	9	3	4	1	0	0	4	2	3	0	2	3
42254	31 Mar 26	20:26:00	1	0	34	0	Ct	0	0	2	1	4	0	0	2	2	1	1	1	0	3	2	2	1	2	3	0	1	3	0	1	4	0	0	2	1	3	4	0	2	2
42255	31 Mar 26	20:27:00	1	0	34	0	Ct	0	0	2	1	3	0	0	2	2	4	2	1	0	1	4	2	1	4	0	0	2	4	0	3	3	2	1	2	0	1	2	0	4	1
42256	31 Mar 26	20:28:00	1	0	34	0	Ct	0	0	4	1	4	6	0	2	3	2	2	1	0	0	0	7	2	2	0	0	3	6	1	4	3	3	2	5	0	2	0	0	3	2
42257	31 Mar 26	20:29:00	1	0	34	0	Ct	0	0	1	1	3	1	0	1	4	3	2	3	1	1	3	1	2	1	0	0	5	2	1	2	3	0	0	12	0	0	1	0	1	4
42258	31 Mar 26	20:30:00	1	0	34	0	Ct	0	0	2	2	2	0	0	3	2	1	5	2	1	2	3	1	2	1	0	0	2	2	1	1	2	3	0	1	3	0	0	0	4	2
42259	31 Mar 26	20:31:00	1	0	34	0	Ct	0	0	1	1	1	0	0	2	3	3	0	3	1	2	3	1	1	3	0	0	3	2	2	2	2	1	0	1	2	2	1	0	2	5
42260	31 Mar 26	20:32:00	1	0	34	0	Ct	0	0	3	1	2	0	0	2	2	1	0	2	0	2	3	3	1	1	0	0	0	0	1	1	2	2	0	3	0	0	0	0	3	4
42261	31 Mar 26	20:33:00	1	0	34	0	Ct	0	0	2	0	2	4	0	3	3	2	0	3	0	0	3	0	1	4	0	0	0	0	1	2	2	0	0	2	1	1	0	0	4	3
42262	31 Mar 26	20:34:00	1	0	34	0	Ct	0	0	4	2	1	0	0	0	1	2	2	7	4	1	3	1	0	2	0	0	3	0	2	2	3	0	0	1	1	2	2	0	3	4
42263	31 Mar 26	20:35:00	1	0	34	0	Ct	0	0	2	2	5	0	0	2	2	0	2	2	2	1	1	0	2	3	0	0	2	0	2	1	2	0	0	3	4	3	1	0	4	2
42264	31 Mar 26	20:36:00	1	0	34	0	Ct	0	0	2	0	3	0	0	0	4	0	4	1	3	2	2	1	3	2	0	0	3	0	2	1	1	1	0	3	5	3	1	0	2	0
42265	31 Mar 26	20:37:00	1	0	34	0	Ct	0	0	2	0	1	0	0	0	2	3	0	2	0	1	2	3	1	1	0	0	0	2	1	1	2	1	0	4	4	2	2	0	4	4
42266	31 Mar 26	20:38:00	1	0	34	0	Ct	0	0	5	2	1	0	0	0	0	2	2	2	0	2	2	1	0	4	2	0	1	3	1	1	3	0	0	2	4	3	1	0	1	3
42267	31 Mar 26	20:39:00	1	0	34	0	Ct	0	0	2	0	1	1	0	0	2	0	1	4	6	1	4	1	2	1	0	0	2	0	0	1	3	0	0	4	1	1	1	0	0	5
42268	31 Mar 26	20:40:00	1	0	34	0	Ct	0	0	1	1	2	12	0	1	4	1	1	3	6	2	2	0	1	5	0	0	1	0	0	2	4	0	0	3	0	1	3	0	0	2
42269	31 Mar 26	20:41:00	1	0	34	0	Ct	0	0	2	1	4	1	0	5	2	1	2	1	0	5	5	1	0	0	1	0	2	0	0	2	3	0	0	0	0	1	2	0	1	2
42270	31 Mar 26	20:42:00	1	0	34	0	Ct	0	0	1	1	2	1	0	1	1	2	1	0	0	1	2	2	4	5	2	0	1	0	2	1	2	1	0	1	0	2	1	0	3	2
42271	31 Mar 26	20:43:00	1	0	34	0	Ct	0	0	4	0	1	0	0	0	4	1	1	1	0	2	3	0	0	2	0	0	0	1	2	3	3	2	0	2	0	6	3	0	3	5
42272	31 Mar 26	20:44:00	1	0	34	0	Ct	0	0	1	2	2	0	0	3	3	0	2	1	0	3	2	2	1	2	1	0	0	0	1	2	3	2	0	3	0	2	1	0	2	2
42273	31 Mar 26	20:45:00	1	0	34	0	Ct	0	0	3	1	3	0	0	2	5	2	2	1	3	2	5	4	1	2	0	0	1	6	2	2	6	5	0	0	0	3	1	0	3	3
42274	31 Mar 26	20:46:00	1	0	34	0	Ct	0	0	1	2	3	0	0	1	1	5	1	3	0	3	2	0	0	4	1	0	0	3	2	2	3	0	0	3	1	2	1	0	1	2
42275	31 Mar 26	20:47:00	1	0	34	0	Ct	0	0	2	1	2	0	0	3	2	2	1	2	2	1	3	0	0	4	1	0	0	0	0	0	4	1	0	5	2	1	1	0	5	2
42276	31 Mar 26	20:48:00	1	0	34	0	Ct	0	0	2	3	1	0	0	2	5	0	1	3	0	1	5	3	3	2	0	0	0	0	2	0	3	0	0	1	0	4	1	0	3	2
42277	31 Mar 26	20:49:00	1	0	34	0	Ct	0	0	2	3	2	2	0	4	2	1	2	0	0	1	3	0	2	3	1	0	0	0	3	0	2	1	0	5	0	1	1	0	4	2
42278	31 Mar 26	20:50:00	1	0	34	0	Ct	0	0	2	1	2	1	0	1	3	5	4	2	2	1	4	0	0	2	1	0	3	0	2	2	3	1	0	2	3	4	0	0	3	2
42279	31 Mar 26	20:51:00	1	0	34	0	Ct	0	0	1	2	1	0	0	2	2	2	1	0	0	1	2	1	3	2	0	0	2	4	1	1	2	1	0	1	0	0	1	0	2	2
42280	31 Mar 26	20:52:00	1	0	34	0	Ct	0	0	2	1	1	0	0	2	2	2	1	0	0	0	2	3	5	3	0	0	1	5	1	3	2	2	0	0	0	4	3	0	4	4
42281	31 Mar 26	20:53:00	1	0	34	0	Ct	0	0	1	1	2	0	0	1	4	2	0	1	0	2	1	1	10	2	3	0	3	3	2	2	1	1	0	1	1	1	1	0	3	4
42282	31 Mar 26	20:54:00	1	0	34	0	Ct	0	0	2	2	2	5	0	1	3	2	0	4	0	1	1	1	0	2	1	0	3	2	2	6	2	0	0	1	0	3	1	0	1	2
42283	31 Mar 26	20:55:00	1	0	34	0	Ct	0	0	2	1	2	4	0	1	2	1	0	2	0	1	2	1	1	2	0	0	3	1	0	0	0	4	0	3	2	1	2	0	2	3
42284	31 Mar 26	20:56:00	1	0	34	0	Ct	0	0	2	3	3	2	0	2	1	1	1	2	1	4	3	0	2	2	1	0	2	0	3	2	0	1	0	2	1	0	1	0	2	3
42285	31 Mar 26	20:57:00	1	0	34	0	Ct	0	0	3	1	4	0	0	1	4	0	0	0	1	2	2	0	0	0	1	0	3	0	1	2	1	0	0	0	3	3	2	0	3	5
42286	31 Mar 26	20:58:00	1	0	34	0	Ct	0	0	2	2	2	0	0	2	4	2	1	0	0	2	2	0	3	4	0	0	2	0	4	2	0	1	0	3	2	8	0	0	0	3
42287	31 Mar 26	20:59:00	1	0	34	0	Ct	0	0	2	0	2	2	0	2	5	1	2	1	1	3	2	1	4	3	0	0	1	5	1	2	0	1	0	2	3	1	0	0	3	1
42288	31 Mar 26	21:00:00	1	0	34	0	Ct	0	0	3	1	3	0	0	2	2	1	0	1	2	2	4	1	0	4	0	0	3	1	1	2	0	3	0	3	1	2	0	0	2	5
42289	31 Mar 26	21:01:00	1	0	34	0	Ct	0	0	2	1	2	0	0	1	4	0	1	0	0	2	3	3	0	2	0	0	3	0	1	1	0	1	0	5	0	3	0	0	3	2
42290	31 Mar 26	21:02:00	1	0	34	0	Ct	0	0	2	0	4	0	0	2	2	1	2	1	0	2	3	3	0	2	2	0	2	3	1	2	2	2	0	4	1	1	0	0	1	4
42291	31 Mar 26	21:03:00	1	0	34	0	Ct	0	0	1	1	3	0	0	2	4	2	2	1	3	2	2	2	3	3	0	0	0	5	1	2	1	1	0	3	1	2	1	0	3	3
42292	31 Mar 26	21:04:00	1	0	34	0	Ct	0	0	2	1	1	0	0	1	4	3	1	2	0	2	3	4	4	2	1	0	3	0	1	2	0	0	0	1	0	5	0	0	7	4
42293	31 Mar 26	21:05:00	1	0	34	0	Ct	0	0	2	2	2	0	0	1	2	1	4	4	0	2	3	1	0	2	0	0	1	1	0	2	0	1	0	1	0	0	2	0	3	3
42294	31 Mar 26	21:06:00	1	0	34	0	Ct	0	0	3	0	7	1	0	3	3	1	5	3	0	3	2	1	1	1	0	0	2	3	1	3	0	1	2	2	3	0	1	0	2	4
42295	31 Mar 26	21:07:00	1	0	34	0	Ct	0	0	3	2	1	2	0	0	2	3	3	0	0	0	3	0	0	2	0	0	2	0	2	2	0	1	0	2	1	1	0	0	1	2
42296	31 Mar 26	21:08:00	1	0	34	0	Ct	0	0	2	0	5	0	0	3	2	2	2	5	0	2	2	1	0	0	4	0	0	0	1	0	0	0	0	3	1	1	2	0	1	3
42297	31 Mar 26	21:09:00	1	0	34	0	Ct	0	0	2	0	2	0	0	2	2	2	1	2	0	1	0	0	0	3	2	0	4	5	1	0	0	1	0	0	0	3	1	0	3	0
42298	31 Mar 26	21:10:00	1	0	34	0	Ct	0	0	3	0	1	0	0	2	5	2	0	2	0	2	0	0	0	3	0	0	2	4	3	1	0	1	0	0	1	3	1	0	4	1
42299	31 Mar 26	21:11:00	1	0	34	0	Ct	0	0	2	5	4	0	0	3	2	2	0	0	0	1	2	1	0	2	1	0	0	0	1	0	1	3	0	3	1	0	0	0	1	2
42300	31 Mar 26	21:12:00	1	0	34	0	Ct	0	0	2	3	1	1	0	4	4	0	2	10	0	0	2	0	2	1	0	0	0	0	1	1	0	0	0	2	0	0	1	0	3	4
42301	31 Mar 26	21:13:00	1	0	34	0	Ct	0	0	1	0	2	7	0	2	4	2	0	0	0	3	2	1	3	3	0	0	2	0	1	1	0	3	0	7	0	2	0	0	2	1
42302	31 Mar 26	21:14:00	1	0	34	0	Ct	0	0	2	0	2	5	0	3	1	1	1	0	3	2	1	1	3	3	0	0	2	0	1	0	0	0	0	2	0	1	0	0	5	3
42303	31 Mar 26	21:15:00	1	0	34	0	Ct	0	0	1	2	2	3	0	2	0	3	1	0	5	1	3	0	0	2	1	0	2	0	2	2	0	1	0	2	0	0	2	0	3	0
42304	31 Mar 26	21:16:00	1	0	34	0	Ct	0	0	1	1	1	0	0	2	3	2	0	2	3	5	3	1	1	2	0	0	0	6	1	0	0	0	0	1	0	2	0	0	0	0
42305	31 Mar 26	21:17:00	1	0	34	0	Ct	0	0	3	1	2	2	0	2	1	3	0	2	0	1	3	0	2	2	0	0	0	0	1	2	1	1	0	0	0	0	2	0	0	0
42306	31 Mar 26	21:18:00	1	0	34	0	Ct	0	0	2	1	2	1	0	3	4	2	2	1	1	2	2	4	2	3	1	0	0	0	1	1	0	1	0	2	1	0	1	0	2	0
42307	31 Mar 26	21:19:00	1	0	34	0	Ct	0	0	1	3	2	0	0	2	2	0	0	1	3	1	3	1	0	4	1	0	1	0	1	1	0	0	0	0	0	0	1	0	0	2
42308	31 Mar 26	21:20:00	1	0	34	0	Ct	0	0	3	2	2	0	0	3	5	0	1	1	3	6	1	1	3	1	0	0	0	0	0	1	0	0	0	2	2	0	1	0	2	3
42309	31 Mar 26	21:21:00	1	0	34	0	Ct	0	0	5	0	3	0	0	0	3	1	1	3	0	2	3	2	3	1	1	0	0	0	1	2	0	0	0	0	0	2	2	0	0	2
42310	31 Mar 26	21:22:00	1	0	34	0	Ct	0	0	2	3	0	2	0	0	3	1	2	2	0	1	3	2	0	3	0	0	3	0	1	2	0	0	0	0	0	0	17	0	0	1
42311	31 Mar 26	21:23:00	1	0	34	0	Ct	0	0	1	0	0	2	0	0	3	2	1	1	0	3	3	0	3	2	0	0	2	0	2	2	0	1	0	3	0	0	16	0	2	2
42312	31 Mar 26	21:24:00	1	0	34	0	Ct	0	0	2	0	0	1	0	1	2	2	2	2	2	1	3	2	2	2	0	0	1	2	1	1	0	1	0	4	0	4	0	0	3	0
42313	31 Mar 26	21:25:00	1	0	34	0	Ct	0	0	1	0	1	0	0	2	4	0	2	1	1	1	4	0	0	3	0	0	2	0	2	2	0	0	0	1	0	0	0	0	3	0
42314	31 Mar 26	21:26:00	1	0	34	0	Ct	0	0	2	3	3	0	0	0	3	2	2	4	3	2	0	0	3	1	1	0	1	4	2	1	0	1	0	0	2	5	2	0	0	4
42315	31 Mar 26	21:27:00	1	0	34	0	Ct	0	0	1	1	3	2	0	1	1	2	2	3	1	2	5	2	8	2	0	0	0	0	2	3	0	0	0	5	7	1	1	0	2	3
42316	31 Mar 26	21:28:00	1	0	34	0	Ct	0	0	2	1	3	3	0	1	2	1	1	0	0	1	3	1	0	0	1	0	2	1	2	3	0	2	0	0	1	0	0	0	4	2
42317	31 Mar 26	21:29:00	1	0	34	0	Ct	0	0	3	0	2	0	0	1	4	3	3	0	2	2	6	0	0	3	0	0	0	1	1	5	0	2	0	2	2	2	0	0	3	2
42318	31 Mar 26	21:30:00	1	0	34	0	Ct	0	0	1	2	3	0	0	2	2	2	1	0	2	1	4	1	2	3	1	0	3	1	2	1	0	1	0	0	3	1	1	0	2	3
42319	31 Mar 26	21:31:00	1	0	34	0	Ct	0	0	2	1	6	0	0	3	3	1	0	1	0	1	6	2	0	2	0	0	1	5	1	3	0	1	0	2	0	1	0	0	2	3
42320	31 Mar 26	21:32:00	1	0	34	0	Ct	0	0	1	0	1	4	0	2	1	2	1	1	0	3	2	0	0	3	6	3	2	1	0	2	0	1	0	3	0	2	2	0	3	2
42321	31 Mar 26	21:33:00	1	0	34	0	Ct	0	0	1	1	2	1	0	1	3	2	2	0	1	1	3	2	0	2	0	0	2	1	0	0	0	0	0	2	0	3	0	0	0	2
42322	31 Mar 26	21:34:00	1	0	34	0	Ct	0	0	3	1	5	1	0	1	1	0	4	1	0	4	3	1	0	4	0	0	2	1	1	0	0	0	0	4	5	2	0	0	3	1
42323	31 Mar 26	21:35:00	1	0	34	0	Ct	0	0	1	0	5	2	0	0	2	1	0	0	1	0	4	1	2	5	0	0	0	5	1	0	0	0	0	1	3	1	1	0	5	3
42324	31 Mar 26	21:36:00	1	0	34	0	Ct	0	0	2	0	1	2	0	1	0	2	1	0	4	1	4	0	0	3	0	0	1	7	0	3	0	0	0	1	4	1	1	0	2	2
42325	31 Mar 26	21:37:00	1	0	34	0	Ct	0	0	1	2	0	0	0	12	3	3	2	0	5	2	4	2	0	4	0	0	2	0	1	4	0	1	0	3	3	1	2	0	3	3
42326	31 Mar 26	21:38:00	1	0	34	0	Ct	0	0	1	1	1	1	0	2	1	1	2	0	4	2	4	0	0	2	0	0	0	7	0	1	0	0	0	0	2	0	2	0	1	4
42327	31 Mar 26	21:39:00	1	0	34	0	Ct	0	0	2	1	1	0	0	0	2	0	2	0	3	2	3	0	2	2	0	0	0	2	1	1	0	1	0	2	1	2	2	0	5	3
42328	31 Mar 26	21:40:00	1	0	34	0	Ct	0	0	1	0	2	1	0	1	1	1	1	0	2	0	3	0	2	1	0	0	0	1	0	2	0	3	0	2	0	2	2	0	3	3
42329	31 Mar 26	21:41:00	1	0	34	0	Ct	0	0	1	0	1	0	0	3	2	2	0	1	1	1	2	0	1	2	3	0	3	0	0	1	0	2	0	1	1	2	2	0	2	1
42330	31 Mar 26	21:42:00	1	0	34	0	Ct	0	0	1	1	2	0	0	5	2	0	1	5	2	1	6	0	0	3	17	0	1	0	1	3	0	0	0	1	1	1	2	0	6	3
42331	31 Mar 26	21:43:00	1	0	34	0	Ct	0	0	1	0	2	0	0	4	2	0	0	0	0	0	1	0	2	1	1	0	0	0	8	4	0	0	0	5	0	1	2	0	4	3
42332	31 Mar 26	21:44:00	1	0	34	0	Ct	0	0	3	2	1	0	0	2	5	2	1	0	0	0	2	2	1	2	0	0	3	2	8	0	0	1	0	2	2	2	1	0	3	9
42333	31 Mar 26	21:45:00	1	0	34	0	Ct	0	0	1	0	2	0	0	4	6	1	1	1	0	2	2	1	3	3	0	0	0	0	2	1	0	0	0	2	3	1	1	0	2	2
42334	31 Mar 26	21:46:00	1	0	34	0	Ct	0	0	0	1	0	0	0	0	15	1	0	3	5	2	4	0	0	4	0	0	2	0	0	2	0	0	0	0	2	1	4	0	2	2
42335	31 Mar 26	21:47:00	1	0	34	0	Ct	0	0	1	1	0	0	0	3	2	4	0	0	0	2	1	4	0	1	0	0	2	3	1	2	1	2	0	3	0	1	4	0	2	1
42336	31 Mar 26	21:48:00	1	0	34	0	Ct	0	0	2	0	2	0	0	1	0	2	0	1	0	2	1	1	1	4	0	0	0	2	1	0	1	2	0	2	0	4	2	0	1	4
42337	31 Mar 26	21:49:00	1	0	34	0	Ct	0	0	0	0	1	3	0	5	2	3	3	1	1	4	2	3	1	0	0	0	0	0	0	2	0	1	0	3	0	1	2	0	3	1
42338	31 Mar 26	21:50:00	1	0	34	0	Ct	0	0	2	0	3	2	0	0	1	2	1	3	0	1	2	0	1	0	0	0	0	0	0	1	0	1	0	0	0	2	3	0	0	4
42339	31 Mar 26	21:51:00	1	0	34	0	Ct	0	0	0	1	2	0	0	0	3	3	1	4	4	2	0	0	0	1	0	0	2	0	1	2	0	1	0	2	0	3	0	0	1	1
42340	31 Mar 26	21:52:00	1	0	34	0	Ct	0	0	2	0	3	0	0	2	3	2	3	1	0	2	2	7	2	1	0	0	1	0	0	0	0	1	0	0	0	3	2	0	2	5
42341	31 Mar 26	21:53:00	1	0	34	0	Ct	0	0	2	1	3	0	0	3	2	2	13	7	2	1	3	0	2	2	0	0	6	0	1	0	0	0	0	0	0	2	1	0	0	5
42342	31 Mar 26	21:54:00	1	0	34	0	Ct	0	0	4	1	3	0	0	2	0	2	1	3	1	3	0	0	2	4	3	0	4	0	0	2	0	2	0	0	0	2	3	0	0	3
42343	31 Mar 26	21:55:00	1	0	34	0	Ct	0	0	0	3	6	2	0	2	0	1	1	0	0	1	3	1	0	1	0	0	5	6	0	2	0	0	0	0	0	1	2	0	1	2
42344	31 Mar 26	21:56:00	1	0	34	0	Ct	0	0	1	2	3	0	0	0	2	2	0	0	0	3	3	0	0	2	1	0	6	1	0	0	0	2	0	0	0	1	0	0	1	2
42345	31 Mar 26	21:57:00	1	0	34	0	Ct	0	0	0	0	7	3	0	2	8	0	1	0	0	2	3	0	0	2	0	0	0	2	1	1	0	0	0	0	1	2	6	0	3	1
42346	31 Mar 26	21:58:00	1	0	34	0	Ct	0	0	0	1	3	0	0	2	1	2	1	0	0	2	3	0	0	2	0	0	1	5	0	1	0	1	0	0	2	2	16	0	3	4
42347	31 Mar 26	21:59:00	1	0	34	0	Ct	0	0	1	1	1	0	0	0	0	1	1	0	0	1	2	0	0	0	0	0	3	0	0	3	0	0	0	0	0	0	0	0	3	3
42348	31 Mar 26	22:00:00	1	0	34	0	Ct	0	0	1	1	7	0	0	1	2	0	0	0	8	1	3	1	6	2	0	0	0	4	4	0	0	0	0	0	3	0	1	0	1	1
42349	31 Mar 26	22:01:00	1	0	34	0	Ct	0	0	0	0	2	2	0	3	3	0	1	0	0	1	4	1	2	2	0	0	1	0	2	0	0	1	0	0	2	2	0	0	3	2
42350	31 Mar 26	22:02:00	1	0	34	0	Ct	0	0	1	1	2	3	0	1	2	0	0	0	20	1	1	3	0	1	0	0	1	0	0	0	0	0	0	0	1	3	0	0	1	1
42351	31 Mar 26	22:03:00	1	0	34	0	Ct	0	0	2	2	4	0	0	0	1	0	0	0	3	2	2	0	6	2	0	0	2	4	1	1	0	0	0	0	2	1	1	0	3	2
42352	31 Mar 26	22:04:00	1	0	34	0	Ct	0	0	2	1	4	0	0	0	3	1	0	0	0	2	2	0	7	4	0	0	9	4	2	1	0	0	0	0	4	1	0	0	0	2
42353	31 Mar 26	22:05:00	1	0	34	0	Ct	0	0	2	1	4	0	0	0	3	0	1	0	4	2	2	0	0	3	0	0	0	0	1	2	0	0	0	0	2	2	2	0	4	2
42354	31 Mar 26	22:06:00	1	0	34	0	Ct	0	0	6	2	2	0	0	0	3	1	0	0	0	1	1	6	0	2	0	0	2	1	0	1	0	0	0	0	2	1	2	0	2	2
42355	31 Mar 26	22:07:00	1	0	34	0	Ct	0	0	4	0	2	0	0	0	2	6	1	0	0	1	2	3	0	2	0	0	1	7	2	0	1	1	0	0	2	1	0	0	0	1
42356	31 Mar 26	22:08:00	1	0	34	0	Ct	0	0	0	1	4	0	0	0	2	0	2	0	1	1	0	0	0	2	0	0	3	0	1	2	0	1	0	0	7	1	2	0	2	1
42357	31 Mar 26	22:09:00	1	0	34	0	Ct	0	0	1	2	4	0	0	0	2	0	1	0	0	2	2	2	0	2	0	0	1	0	1	3	0	0	0	2	2	2	0	0	0	5
42358	31 Mar 26	22:10:00	1	0	34	0	Ct	0	0	1	0	1	0	0	0	2	0	0	0	0	1	5	0	0	2	0	0	1	7	1	2	1	0	0	1	1	1	3	0	3	2
42359	31 Mar 26	22:11:00	1	0	34	0	Ct	0	0	2	0	3	0	0	0	4	0	0	0	0	0	2	0	0	2	0	0	2	0	1	2	10	1	0	0	0	2	5	0	0	2
42360	31 Mar 26	22:12:00	1	0	34	0	Ct	0	0	2	1	2	0	0	2	3	0	5	0	1	1	0	0	8	1	0	0	1	0	2	1	4	0	0	0	4	5	1	0	0	2
42361	31 Mar 26	22:13:00	1	0	34	0	Ct	0	0	1	1	2	0	0	1	2	0	0	0	0	0	0	0	2	1	0	0	2	0	2	2	3	0	0	0	7	1	0	0	0	2
42362	31 Mar 26	22:14:00	1	0	34	0	Ct	0	0	1	1	1	0	0	2	1	0	0	0	0	3	4	0	0	0	0	0	3	4	1	2	8	0	0	0	0	0	1	0	0	1
42363	31 Mar 26	22:15:00	1	0	34	0	Ct	0	0	0	2	1	0	0	0	1	0	1	0	0	0	3	0	0	2	0	0	0	3	1	0	0	0	0	0	0	0	1	0	1	3
42364	31 Mar 26	22:16:00	1	0	34	0	Ct	0	0	4	1	1	7	0	0	1	0	1	0	3	1	2	0	1	1	0	0	0	3	0	2	0	0	0	0	0	0	2	0	3	2
42365	31 Mar 26	22:17:00	1	0	34	0	Ct	0	0	2	1	2	0	0	2	2	0	1	0	2	2	0	2	2	3	0	0	0	0	1	1	0	0	0	0	0	0	2	0	3	3
42366	31 Mar 26	22:18:00	1	0	34	0	Ct	0	0	1	0	2	0	0	0	1	0	1	0	2	1	2	0	2	3	0	0	2	0	1	2	0	0	0	0	0	2	2	0	2	3
42367	31 Mar 26	22:19:00	1	0	34	0	Ct	0	0	1	0	4	1	0	0	4	0	2	0	0	1	1	0	3	0	0	0	0	0	1	2	0	3	0	0	0	2	0	0	5	0
42368	31 Mar 26	22:20:00	1	0	34	0	Ct	0	0	0	1	2	0	0	2	0	0	1	0	0	1	2	0	0	0	0	0	2	0	1	3	0	0	0	0	0	2	1	0	0	3
42369	31 Mar 26	22:21:00	1	0	34	0	Ct	0	0	2	0	2	0	0	0	0	0	1	0	0	2	3	0	5	0	0	0	2	1	0	2	0	1	0	0	0	0	2	0	3	1
42370	31 Mar 26	22:22:00	1	0	34	0	Ct	0	0	2	1	0	0	0	0	2	0	0	0	0	1	0	0	1	3	0	0	0	0	0	1	0	0	0	0	0	0	2	0	4	1
42371	31 Mar 26	22:23:00	1	0	34	0	Ct	0	0	1	0	0	0	0	3	0	0	0	0	1	1	3	1	1	2	0	0	2	0	0	0	0	0	0	0	0	1	3	0	0	5
42372	31 Mar 26	22:24:00	1	0	34	0	Ct	0	0	2	0	2	0	0	1	0	2	0	0	0	0	0	2	5	5	0	0	3	0	1	1	0	0	0	0	0	0	2	0	0	2
42373	31 Mar 26	22:25:00	1	0	34	0	Ct	0	0	1	1	3	0	0	1	2	0	0	0	0	2	0	0	2	2	0	0	0	0	0	1	0	0	0	0	0	0	3	0	5	0
42374	31 Mar 26	22:26:00	1	0	34	0	Ct	0	0	1	2	2	0	0	0	1	2	0	0	0	0	1	2	1	2	0	0	0	1	0	2	0	1	0	0	0	0	2	0	3	2
42375	31 Mar 26	22:27:00	1	0	34	0	Ct	0	0	3	1	4	0	0	0	2	1	0	0	0	1	0	3	2	1	0	0	3	1	0	1	0	1	0	0	0	3	0	0	1	2
42376	31 Mar 26	22:28:00	1	0	34	0	Ct	0	0	1	0	2	0	0	1	4	1	1	0	0	1	3	0	0	2	0	0	1	0	1	3	0	1	0	0	2	1	1	0	2	3
42377	31 Mar 26	22:29:00	1	0	34	0	Ct	0	0	0	1	1	0	0	0	2	0	2	0	0	1	1	0	0	2	0	0	0	0	0	3	0	0	0	0	2	1	0	0	0	2
42378	31 Mar 26	22:30:00	1	0	34	0	Ct	0	0	2	1	1	0	0	2	0	0	0	0	0	2	2	0	0	2	0	0	3	0	0	0	0	0	0	0	1	1	1	0	0	2
42379	31 Mar 26	22:31:00	1	0	34	0	Ct	0	0	0	0	3	0	0	1	0	0	1	2	4	1	2	0	0	2	0	0	1	0	2	0	0	0	0	0	1	2	0	0	0	1
42380	31 Mar 26	22:32:00	1	0	34	0	Ct	0	0	2	2	2	0	0	1	0	1	0	0	0	4	1	0	0	3	0	0	2	0	0	2	0	0	0	0	1	1	0	0	1	0
42381	31 Mar 26	22:33:00	1	0	34	0	Ct	0	0	0	1	6	0	0	2	3	0	1	0	0	1	3	2	4	2	0	0	2	0	0	2	0	0	0	0	6	2	0	0	7	2
42382	31 Mar 26	22:34:00	1	0	34	0	Ct	0	0	1	2	3	1	0	0	1	0	0	0	0	2	2	0	1	2	0	0	1	0	0	1	0	0	0	0	3	1	0	0	0	1
42383	31 Mar 26	22:35:00	1	0	34	0	Ct	0	0	2	0	3	0	0	0	3	0	0	0	7	0	0	0	1	3	0	0	6	7	10	1	0	0	0	0	0	1	0	0	3	0
42384	31 Mar 26	22:36:00	1	0	34	0	Ct	0	0	1	1	2	0	0	0	0	3	0	0	4	0	4	1	1	2	0	0	1	0	0	2	0	0	0	0	0	0	0	0	1	2
42385	31 Mar 26	22:37:00	1	0	34	0	Ct	0	0	2	0	3	4	0	0	3	0	3	0	4	0	1	1	0	3	0	0	0	0	0	1	0	0	0	0	3	0	0	0	1	1
42386	31 Mar 26	22:38:00	1	0	34	0	Ct	0	0	0	3	1	0	0	0	2	0	2	0	1	0	0	4	0	2	0	0	3	0	0	0	0	0	0	0	0	0	0	0	2	2
42387	31 Mar 26	22:39:00	1	0	34	0	Ct	0	0	1	1	3	0	0	0	2	0	0	2	0	0	0	6	0	3	0	0	0	0	0	2	0	1	0	0	0	0	0	0	2	2
42388	31 Mar 26	22:40:00	1	0	34	0	Ct	0	0	1	0	5	0	0	0	4	0	0	0	0	2	1	2	2	1	0	0	1	0	0	2	0	0	0	0	0	0	0	0	2	2
42389	31 Mar 26	22:41:00	1	0	34	0	Ct	0	0	0	0	0	0	0	0	3	0	0	0	0	0	2	1	3	0	0	0	2	0	0	1	2	2	0	0	2	1	0	0	2	1
42390	31 Mar 26	22:42:00	1	0	34	0	Ct	0	0	0	0	2	0	0	0	2	0	0	0	1	0	0	1	1	0	0	0	0	0	0	0	0	0	0	0	3	2	0	0	3	2
42391	31 Mar 26	22:43:00	1	0	34	0	Ct	0	0	0	2	2	0	0	0	1	1	0	0	0	2	2	2	1	1	0	0	0	0	0	1	0	0	0	0	0	1	0	0	1	3
42392	31 Mar 26	22:44:00	1	0	34	0	Ct	0	0	0	1	5	0	0	1	2	1	0	0	5	1	1	3	0	0	0	0	2	0	1	1	0	0	0	0	0	3	0	0	0	3
42393	31 Mar 26	22:45:00	1	0	34	0	Ct	0	0	2	0	4	0	0	3	3	0	0	0	2	1	1	1	0	1	0	0	0	1	2	0	0	0	0	0	0	2	0	0	3	0
42394	31 Mar 26	22:46:00	1	0	34	0	Ct	0	0	0	1	4	0	0	5	1	0	1	0	0	2	2	0	0	2	0	0	2	0	0	1	0	0	0	0	0	2	0	0	1	2
42395	31 Mar 26	22:47:00	1	0	34	0	Ct	0	0	0	0	0	4	0	4	2	2	0	0	0	0	0	2	4	2	0	0	0	0	0	0	0	0	0	0	0	3	0	0	19	0
42396	31 Mar 26	22:48:00	1	0	34	0	Ct	0	0	1	0	0	0	0	0	3	0	2	3	0	0	0	2	0	2	2	0	0	1	0	2	0	0	0	0	0	0	0	0	23	5
42397	31 Mar 26	22:49:00	1	0	34	0	Ct	0	0	2	0	0	0	0	0	2	1	0	0	0	1	0	2	2	2	0	0	2	1	0	2	0	0	0	0	0	0	0	0	4	13
42398	31 Mar 26	22:50:00	1	0	34	0	Ct	0	0	0	0	0	0	0	0	2	0	0	0	0	0	0	0	1	4	0	0	0	0	1	0	0	0	0	0	0	1	0	0	0	0
42399	31 Mar 26	22:51:00	1	0	34	0	Ct	0	0	2	0	0	0	0	1	1	0	4	0	0	0	0	0	2	2	0	0	3	0	2	1	0	0	0	0	1	0	0	0	1	2
42400	31 Mar 26	22:52:00	1	0	34	0	Ct	0	0	1	0	0	0	0	1	1	0	3	0	4	0	0	1	0	3	0	0	0	0	0	0	0	0	0	0	1	2	0	0	2	3
42401	31 Mar 26	22:53:00	1	0	34	0	Ct	0	0	0	0	0	0	0	0	1	0	5	0	0	3	0	0	0	2	0	0	0	0	2	2	0	0	0	0	0	0	0	0	2	2
42402	31 Mar 26	22:54:00	1	0	34	0	Ct	0	0	3	2	0	0	0	0	0	0	1	0	0	1	0	3	0	2	0	0	0	0	0	0	0	0	0	0	0	0	0	0	3	2
42403	31 Mar 26	22:55:00	1	0	34	0	Ct	0	0	0	0	0	0	0	0	4	2	0	0	4	0	0	1	1	2	0	0	0	1	0	0	0	1	0	0	0	1	0	0	2	1
42404	31 Mar 26	22:56:00	1	0	34	0	Ct	0	0	1	1	0	0	0	0	0	1	0	0	2	0	0	0	3	2	0	0	2	0	0	3	0	0	0	0	0	1	0	0	3	2
42405	31 Mar 26	22:57:00	1	0	34	0	Ct	0	0	1	0	0	0	0	0	3	1	0	0	4	0	0	2	3	3	0	0	2	13	2	0	0	0	0	0	0	0	1	0	3	2
42406	31 Mar 26	22:58:00	1	0	34	0	Ct	0	0	2	0	0	0	0	0	0	2	0	0	1	0	0	0	1	0	0	0	2	3	0	1	0	0	0	0	0	0	0	0	3	2
42407	31 Mar 26	22:59:00	1	0	34	0	Ct	0	0	0	0	0	0	0	0	0	1	0	0	7	1	0	1	0	2	0	0	0	0	0	0	0	0	0	0	0	2	2	0	3	3
42408	31 Mar 26	23:00:00	1	0	34	0	Ct	0	0	1	0	0	0	0	0	1	0	0	0	3	1	1	1	0	1	0	0	0	14	0	0	0	0	0	0	0	1	2	0	3	2
42409	31 Mar 26	23:01:00	1	0	34	0	Ct	0	0	1	0	0	0	0	0	1	0	0	0	0	0	6	0	0	2	0	0	2	0	0	1	0	2	0	0	0	1	1	0	0	3
42410	31 Mar 26	23:02:00	1	0	34	0	Ct	0	0	1	4	0	0	0	0	0	4	0	0	0	0	0	0	1	3	0	0	1	0	0	1	0	0	0	0	0	1	2	0	2	1
42411	31 Mar 26	23:03:00	1	0	34	0	Ct	0	0	1	1	0	0	0	0	3	1	0	0	0	0	0	1	2	10	0	0	0	2	0	0	0	0	0	0	1	2	0	0	2	2
42412	31 Mar 26	23:04:00	1	0	34	0	Ct	0	0	0	0	0	0	0	0	3	0	0	0	0	3	0	0	3	9	0	0	0	1	0	0	0	0	0	1	3	0	0	0	2	2
42413	31 Mar 26	23:05:00	1	0	34	0	Ct	0	0	1	0	0	0	0	0	3	0	0	0	0	1	0	1	0	0	0	0	0	0	0	1	0	0	0	5	2	1	0	0	3	2
42414	31 Mar 26	23:06:00	1	0	34	0	Ct	0	0	1	0	0	3	0	0	0	1	0	1	2	2	0	0	1	0	0	0	3	0	0	0	0	0	0	1	2	2	0	0	1	0
42415	31 Mar 26	23:07:00	1	0	34	0	Ct	0	0	2	0	3	0	0	1	0	2	0	1	0	1	0	0	3	0	0	0	1	0	0	2	0	0	0	1	0	0	0	0	2	1
42416	31 Mar 26	23:08:00	1	0	34	0	Ct	0	0	2	0	0	0	0	0	6	0	0	0	0	0	0	2	2	1	0	0	1	0	1	1	0	0	0	0	3	0	0	0	3	0
42417	31 Mar 26	23:09:00	1	0	34	0	Ct	0	0	2	0	0	0	0	0	4	0	0	0	0	0	0	7	0	3	0	0	0	2	3	1	6	0	0	0	1	0	0	0	2	2
42418	31 Mar 26	23:10:00	1	0	34	0	Ct	0	0	1	0	0	0	0	0	0	0	0	3	0	0	0	8	0	2	0	0	0	0	0	2	0	0	0	0	0	0	0	0	0	0
42419	31 Mar 26	23:11:00	1	0	34	0	Ct	0	0	2	0	0	0	0	0	0	0	0	3	0	0	0	1	0	2	0	0	2	0	0	2	0	0	0	0	1	1	0	0	0	1
42420	31 Mar 26	23:12:00	1	0	34	0	Ct	0	0	1	0	0	0	0	4	0	0	0	2	0	0	0	4	0	0	0	0	0	2	0	3	0	0	0	0	0	2	0	0	0	1
42421	31 Mar 26	23:13:00	1	0	34	0	Ct	0	0	1	0	0	0	0	0	1	0	0	3	0	1	0	1	3	2	0	0	2	0	0	1	0	0	0	0	0	1	0	0	1	0
42422	31 Mar 26	23:14:00	1	0	34	0	Ct	0	0	1	0	0	1	0	0	0	0	3	4	0	1	0	0	1	2	0	0	1	5	2	3	0	0	0	0	0	0	0	0	2	0
42423	31 Mar 26	23:15:00	1	0	34	0	Ct	0	0	0	0	0	3	0	1	1	1	1	2	0	0	0	0	0	1	0	0	0	0	0	1	0	0	0	0	0	1	0	0	1	3
42424	31 Mar 26	23:16:00	1	0	34	0	Ct	0	0	1	0	0	2	0	0	1	2	0	3	0	0	0	0	0	2	0	0	0	0	0	2	0	0	0	0	0	1	0	0	3	2
42425	31 Mar 26	23:17:00	1	0	34	0	Ct	0	0	0	0	0	4	0	0	0	0	0	6	0	0	0	0	0	1	0	0	0	1	0	2	0	0	0	1	2	0	0	0	0	1
42426	31 Mar 26	23:18:00	1	0	34	0	Ct	0	0	1	0	0	3	0	0	1	2	0	1	2	0	0	0	1	1	0	0	3	1	0	1	0	3	0	2	0	0	0	0	2	3
42427	31 Mar 26	23:19:00	1	0	34	0	Ct	0	0	2	0	0	0	0	0	1	0	0	4	0	0	1	0	0	2	0	0	1	1	0	0	0	0	0	1	0	1	0	0	3	3
42428	31 Mar 26	23:20:00	1	0	34	0	Ct	0	0	0	0	0	0	0	1	1	1	0	1	0	0	0	0	0	1	0	0	0	1	0	0	0	0	0	4	0	3	0	0	1	0
42429	31 Mar 26	23:21:00	1	0	34	0	Ct	0	0	0	0	0	1	0	1	0	1	0	0	0	0	1	0	0	2	0	0	0	2	0	0	0	0	0	0	0	0	0	0	1	2
42430	31 Mar 26	23:22:00	1	0	34	0	Ct	0	0	0	0	0	20	0	0	0	0	0	3	0	2	0	0	0	2	0	0	1	4	0	0	0	0	0	1	0	2	0	0	1	3
42431	31 Mar 26	23:23:00	1	0	34	0	Ct	0	0	0	2	0	0	0	0	1	2	0	1	0	1	0	0	1	3	0	0	0	4	0	1	0	0	0	0	0	1	0	0	1	1
42432	31 Mar 26	23:24:00	1	0	34	0	Ct	0	0	0	0	0	0	0	1	1	2	0	1	2	2	0	0	2	2	0	0	1	0	0	2	0	0	0	0	0	1	0	0	3	2
42433	31 Mar 26	23:25:00	1	0	34	0	Ct	0	0	0	0	0	0	0	4	1	2	2	4	2	5	0	0	1	1	0	0	1	0	1	0	0	0	0	0	0	0	0	0	0	3
42434	31 Mar 26	23:26:00	1	0	34	0	Ct	0	0	0	1	0	0	0	1	2	2	2	1	0	0	0	0	2	2	0	0	0	0	0	1	2	0	0	0	0	0	0	0	0	1
42435	31 Mar 26	23:27:00	1	0	34	0	Ct	0	0	1	0	0	0	0	2	6	4	0	2	3	0	0	0	1	1	0	0	0	0	4	1	6	0	0	0	0	0	0	0	0	2
42436	31 Mar 26	23:28:00	1	0	34	0	Ct	0	0	2	0	0	0	0	0	3	4	0	0	0	0	0	0	0	0	0	0	1	1	0	1	1	0	0	0	1	0	0	0	2	4
42437	31 Mar 26	23:29:00	1	0	34	0	Ct	0	0	1	0	0	0	0	0	0	2	0	2	0	0	0	0	0	0	0	0	0	1	1	1	0	0	0	0	1	0	0	0	3	0
42438	31 Mar 26	23:30:00	1	0	34	0	Ct	0	0	1	2	0	5	0	0	2	6	0	2	0	0	0	0	0	1	0	0	0	3	0	1	0	0	0	0	0	0	0	0	3	0
42439	31 Mar 26	23:31:00	1	0	34	0	Ct	0	0	0	0	0	1	0	0	1	1	0	2	1	0	0	0	2	2	0	0	0	2	0	3	0	1	0	0	0	1	0	0	1	0
42440	31 Mar 26	23:32:00	1	0	34	0	Ct	0	0	0	0	0	0	0	1	1	2	0	1	4	1	0	0	0	0	0	0	0	0	0	1	0	0	0	0	0	4	0	0	0	2
42441	31 Mar 26	23:33:00	1	0	34	0	Ct	0	0	0	0	0	0	0	1	7	2	0	1	0	1	0	0	0	0	0	0	0	0	0	2	0	0	0	0	0	1	0	0	0	2
42442	31 Mar 26	23:34:00	1	0	34	0	Ct	0	0	1	3	0	0	0	0	0	0	0	4	2	0	0	0	0	1	0	0	0	0	0	2	0	0	0	0	0	0	1	0	2	2
42443	31 Mar 26	23:35:00	1	0	34	0	Ct	0	0	1	0	0	0	0	0	2	2	0	1	0	1	0	0	0	2	0	0	0	0	0	0	2	0	0	0	0	0	0	0	2	4
42444	31 Mar 26	23:36:00	1	0	34	0	Ct	0	0	1	0	0	3	0	0	1	2	0	2	0	0	0	0	1	2	0	0	0	0	0	0	0	0	0	0	1	0	0	0	2	4
42445	31 Mar 26	23:37:00	1	0	34	0	Ct	0	0	1	0	0	0	0	0	2	3	0	2	2	0	0	0	0	3	0	0	0	2	0	0	0	0	0	0	1	0	0	0	1	3
42446	31 Mar 26	23:38:00	1	0	34	0	Ct	0	0	1	0	0	0	0	5	1	0	0	2	0	0	0	4	0	3	0	0	0	2	0	0	1	0	0	0	0	2	0	0	3	2
42447	31 Mar 26	23:39:00	1	0	34	0	Ct	0	0	2	0	0	0	0	0	1	2	0	2	11	0	0	0	0	2	0	0	0	0	1	1	0	0	0	0	0	0	2	0	3	0
42448	31 Mar 26	23:40:00	1	0	34	0	Ct	0	0	1	0	0	0	0	0	7	2	0	2	0	3	0	0	2	1	3	0	0	3	0	2	0	0	0	0	0	0	3	0	1	0
42449	31 Mar 26	23:41:00	1	0	34	0	Ct	0	0	1	0	0	0	0	0	1	0	0	0	5	4	0	3	1	1	0	0	0	0	0	0	0	0	0	0	0	3	2	0	4	1
42450	31 Mar 26	23:42:00	1	0	34	0	Ct	0	0	0	0	0	0	0	0	0	0	0	6	2	0	0	0	3	0	0	0	0	0	0	2	6	0	0	0	0	0	0	0	4	3
42451	31 Mar 26	23:43:00	1	0	34	0	Ct	0	0	1	0	0	0	0	0	3	0	0	0	0	0	0	0	3	1	1	0	0	0	0	1	0	0	0	0	0	0	0	0	1	0
42452	31 Mar 26	23:44:00	1	0	34	0	Ct	0	0	0	0	0	0	0	0	1	1	0	1	0	0	0	0	0	1	0	0	0	4	0	2	0	0	0	1	0	0	0	0	2	1
42453	31 Mar 26	23:45:00	1	0	34	0	Ct	0	0	1	0	0	0	0	3	1	2	0	0	0	0	1	0	0	1	0	0	0	3	0	0	0	0	0	0	0	1	0	0	1	1
42454	31 Mar 26	23:46:00	1	0	34	0	Ct	0	0	2	1	0	0	0	0	0	4	0	1	0	1	0	0	0	2	0	0	0	3	0	0	1	0	0	0	0	3	0	0	2	2
42455	31 Mar 26	23:47:00	1	0	34	0	Ct	0	0	1	2	0	0	0	0	2	2	2	4	0	0	0	0	0	0	0	0	0	7	0	0	3	0	0	0	0	1	0	0	2	2
42456	31 Mar 26	23:48:00	1	0	34	0	Ct	0	0	1	0	0	0	0	0	3	1	2	0	0	0	0	0	0	2	0	0	0	0	0	1	0	0	0	0	0	1	4	0	3	0
42457	31 Mar 26	23:49:00	1	0	34	0	Ct	0	0	2	2	0	0	0	0	2	2	0	0	0	2	0	0	0	2	0	0	0	0	2	1	0	0	0	0	1	0	0	0	2	2
42458	31 Mar 26	23:50:00	1	0	34	0	Ct	0	0	0	3	0	0	0	0	0	2	0	0	0	0	0	0	1	2	0	0	0	9	2	1	0	0	0	3	1	0	0	0	3	2
42459	31 Mar 26	23:51:00	1	0	34	0	Ct	0	0	0	0	0	0	0	0	1	0	0	4	0	0	0	0	0	3	0	0	0	0	0	2	0	0	0	4	0	2	0	0	0	2
42460	31 Mar 26	23:52:00	1	0	34	0	Ct	0	0	0	0	0	0	0	0	4	0	0	16	0	0	0	0	2	2	0	0	0	1	0	1	0	0	0	3	5	0	5	0	0	2
42461	31 Mar 26	23:53:00	1	0	34	0	Ct	0	0	0	0	0	0	0	0	0	3	0	1	0	0	0	0	3	2	0	0	0	10	0	2	0	0	0	0	3	0	0	0	0	2
42462	31 Mar 26	23:54:00	1	0	34	0	Ct	0	0	0	0	0	0	0	0	1	1	0	0	0	1	0	0	1	1	0	0	0	9	0	1	0	0	0	0	2	0	0	0	1	1
42463	31 Mar 26	23:55:00	1	0	34	0	Ct	0	0	0	0	0	0	0	0	3	0	0	0	0	0	0	0	1	3	0	0	0	0	0	1	0	0	0	0	3	0	0	0	0	2
42464	31 Mar 26	23:56:00	1	0	34	0	Ct	0	0	0	0	0	0	0	0	1	1	3	0	0	0	0	0	2	3	0	0	0	3	0	1	1	0	0	0	1	0	1	0	1	3
42465	31 Mar 26	23:57:00	1	0	34	0	Ct	0	0	0	0	0	0	0	0	0	0	1	0	0	0	0	0	0	3	1	0	0	0	0	1	0	0	0	0	0	0	4	0	0	1
42466	31 Mar 26	23:58:00	1	0	34	0	Ct	0	0	0	0	0	0	0	0	0	1	0	2	0	1	0	0	0	1	0	0	0	13	0	4	5	0	0	0	0	1	4	0	4	1
42467	31 Mar 26	23:59:00	1	0	34	0	Ct	0	0	0	0	0	0	0	0	1	3	0	1	0	2	0	0	0	1	0	0	0	0	0	2	2	0	0	0	0	1	7	0	1	0
42468	1 Apr 26	00:00:00	1	0	34	0	Ct	0	0	0	1	0	0	0	0	0	0	0	0	0	0	0	0	4	0	0	0	0	0	0	3	0	0	0	0	0	1	0	0	2	1
42469	1 Apr 26	00:01:00	1	0	34	0	Ct	0	0	1	0	0	0	0	0	1	0	0	0	0	2	3	0	3	1	0	0	0	0	0	0	0	0	0	0	0	0	0	0	2	0
42470	1 Apr 26	00:02:00	1	0	34	0	Ct	0	0	2	0	0	0	0	0	0	1	0	0	0	0	0	0	2	1	0	0	0	11	0	1	0	0	0	0	0	0	1	0	2	0
42471	1 Apr 26	00:03:00	1	0	34	0	Ct	0	0	1	2	0	0	0	0	0	1	0	0	1	0	0	0	0	1	0	0	0	6	0	1	0	0	0	0	0	0	0	0	1	2
42472	1 Apr 26	00:04:00	1	0	34	0	Ct	0	0	0	1	0	0	0	0	2	1	0	0	0	0	3	0	0	1	0	0	0	2	0	1	1	0	0	0	0	2	0	0	5	0
42473	1 Apr 26	00:05:00	1	0	34	0	Ct	0	0	2	0	0	0	0	0	3	2	0	0	0	0	0	0	2	2	0	0	0	2	0	1	0	0	0	0	0	0	0	0	3	1
42474	1 Apr 26	00:06:00	1	0	34	0	Ct	0	0	1	3	0	0	0	0	0	1	0	0	0	0	0	0	8	3	0	0	0	0	0	0	2	0	0	0	0	1	0	0	2	1
42475	1 Apr 26	00:07:00	1	0	34	0	Ct	0	0	1	2	0	2	0	0	2	0	0	0	0	1	0	0	2	2	0	0	0	5	0	2	4	0	0	0	0	1	0	0	3	2
42476	1 Apr 26	00:08:00	1	0	34	0	Ct	0	0	0	6	0	2	0	0	1	0	0	0	0	1	0	0	0	0	1	1	0	0	0	2	4	0	0	0	0	4	1	0	4	1
42477	1 Apr 26	00:09:00	1	0	34	0	Ct	0	0	0	4	0	0	0	0	1	2	0	0	0	1	0	0	0	1	1	0	0	0	0	1	2	0	0	0	0	1	5	0	4	0
42478	1 Apr 26	00:10:00	1	0	34	0	Ct	0	0	0	0	0	0	0	0	2	0	0	0	1	0	0	0	0	0	0	0	0	4	0	1	0	1	0	0	0	0	0	0	2	0
42479	1 Apr 26	00:11:00	1	0	34	0	Ct	0	0	2	0	0	0	0	0	2	0	0	0	0	0	0	0	0	3	5	0	0	0	0	2	0	1	0	0	0	2	1	0	2	3
42480	1 Apr 26	00:12:00	1	0	34	0	Ct	0	0	2	0	0	0	0	0	1	1	0	0	0	0	0	0	0	1	0	0	0	0	0	1	0	0	0	0	0	3	0	0	0	1
42481	1 Apr 26	00:13:00	1	0	34	0	Ct	0	0	2	0	0	0	0	0	7	1	0	0	0	0	0	0	1	3	0	0	0	0	0	2	1	0	0	0	0	2	3	0	1	2
42482	1 Apr 26	00:14:00	1	0	34	0	Ct	0	0	0	0	0	6	0	1	5	1	0	0	0	1	1	0	2	0	0	0	0	0	0	0	2	0	0	0	0	0	0	0	4	2
42483	1 Apr 26	00:15:00	1	0	34	0	Ct	0	0	1	0	0	5	0	0	0	1	0	0	1	0	0	0	0	1	0	0	0	0	0	1	0	0	0	0	0	2	0	0	1	3
42484	1 Apr 26	00:16:00	1	0	34	0	Ct	0	0	1	0	0	1	0	0	0	2	0	0	1	1	0	0	0	2	0	0	0	0	0	2	0	0	2	3	0	0	0	0	3	1
42485	1 Apr 26	00:17:00	1	0	34	0	Ct	0	0	1	0	0	0	0	0	0	2	0	0	2	0	0	1	0	0	0	0	0	3	0	1	0	0	0	1	0	0	0	0	0	0
42486	1 Apr 26	00:18:00	1	0	34	0	Ct	0	0	1	0	0	0	0	0	0	1	0	0	0	1	0	0	1	0	0	0	0	0	0	1	2	0	0	0	0	2	0	0	5	3
42487	1 Apr 26	00:19:00	1	0	34	0	Ct	0	0	0	0	0	1	0	0	0	1	0	0	1	0	0	0	1	0	0	0	0	0	0	4	3	0	0	2	0	1	3	0	1	2
42488	1 Apr 26	00:20:00	1	0	34	0	Ct	0	0	3	3	0	0	0	0	0	1	0	0	2	0	0	0	1	10	0	0	0	0	0	1	0	0	0	1	0	0	1	0	0	2
42489	1 Apr 26	00:21:00	1	0	34	0	Ct	0	0	1	0	0	0	0	1	2	3	0	0	0	0	0	0	1	1	2	0	0	0	0	1	0	0	0	7	0	0	0	0	2	2
42490	1 Apr 26	00:22:00	1	0	34	0	Ct	0	0	3	6	0	3	0	14	0	1	0	0	1	0	0	1	0	1	0	0	0	3	0	1	0	0	0	8	0	0	1	0	3	2
42491	1 Apr 26	00:23:00	1	0	34	0	Ct	0	0	2	1	0	8	0	1	2	0	0	0	4	1	0	2	0	0	0	0	0	10	0	1	0	0	0	0	0	0	3	0	2	0
42492	1 Apr 26	00:24:00	1	0	34	0	Ct	0	0	1	0	0	0	0	4	3	1	0	0	0	0	0	0	0	0	0	0	0	0	0	0	1	1	0	0	1	3	1	0	3	1
42493	1 Apr 26	00:25:00	1	0	34	0	Ct	0	0	0	3	0	0	0	2	0	3	0	0	0	3	0	2	1	0	0	0	0	0	0	2	7	3	0	0	2	0	2	0	3	2
42494	1 Apr 26	00:26:00	1	0	34	0	Ct	0	0	2	7	0	0	0	1	0	2	0	0	0	0	0	2	0	0	0	0	0	0	0	0	0	0	0	0	1	0	1	0	1	1
42495	1 Apr 26	00:27:00	1	0	34	0	Ct	0	0	0	2	0	0	0	0	0	2	0	0	0	1	0	0	0	0	0	0	0	0	0	3	5	0	0	1	0	2	2	0	1	0
42496	1 Apr 26	00:28:00	1	0	34	0	Ct	0	0	0	1	0	0	0	0	0	1	0	0	0	0	0	0	0	0	0	0	0	1	1	0	3	0	0	4	2	0	0	0	1	0
42497	1 Apr 26	00:29:00	1	0	34	0	Ct	0	0	3	0	0	1	0	0	2	1	0	0	3	1	0	0	5	0	2	0	0	2	3	0	1	0	0	1	0	0	0	0	0	0
42498	1 Apr 26	00:30:00	1	0	34	0	Ct	0	0	1	3	0	1	0	0	2	0	6	0	6	0	0	1	1	0	1	0	0	0	1	0	0	0	0	3	0	0	0	0	2	0
42499	1 Apr 26	00:31:00	1	0	34	0	Ct	0	0	2	1	0	0	0	3	1	3	2	0	3	2	2	4	2	4	0	0	0	0	0	2	0	0	0	2	0	1	0	0	0	3
42500	1 Apr 26	00:32:00	1	0	34	0	Ct	0	0	1	0	0	0	0	0	0	2	1	0	5	1	0	8	0	1	0	0	0	0	0	0	1	0	0	1	0	1	0	0	2	2
42501	1 Apr 26	00:33:00	1	0	34	0	Ct	0	0	2	0	0	0	0	1	2	1	4	0	1	2	0	2	2	1	0	0	0	0	0	0	5	0	0	3	0	0	0	0	1	1
42502	1 Apr 26	00:34:00	1	0	34	0	Ct	0	0	1	0	0	0	0	0	1	2	7	0	0	4	0	3	0	2	0	0	0	0	1	0	0	0	0	3	0	1	0	0	0	2
42503	1 Apr 26	00:35:00	1	0	34	0	Ct	0	0	3	0	0	0	0	0	0	2	2	0	0	0	0	0	5	2	0	0	0	0	0	2	0	0	0	4	0	5	0	0	3	3
42504	1 Apr 26	00:36:00	1	0	34	0	Ct	0	0	0	0	0	0	0	0	2	1	1	0	0	0	0	0	0	1	0	0	0	0	0	1	2	0	0	1	0	3	1	0	1	1
42505	1 Apr 26	00:37:00	1	0	34	0	Ct	0	0	0	0	0	0	0	0	2	0	3	0	0	1	0	0	0	2	0	0	0	0	1	2	0	0	0	4	0	0	3	0	3	1
42506	1 Apr 26	00:38:00	1	0	34	0	Ct	0	0	0	0	0	0	0	0	2	0	1	5	1	1	0	0	1	2	0	0	0	3	6	1	0	0	0	4	0	2	0	0	1	4
42507	1 Apr 26	00:39:00	1	0	34	0	Ct	0	0	3	0	0	0	0	0	2	0	0	0	0	0	0	0	1	1	0	0	0	7	2	0	0	0	0	3	0	1	0	0	2	2
42508	1 Apr 26	00:40:00	1	0	34	0	Ct	0	0	1	0	0	0	0	0	0	1	0	0	3	0	0	5	0	2	0	0	0	0	0	1	0	0	0	2	0	1	0	0	0	3
42509	1 Apr 26	00:41:00	1	0	34	0	Ct	0	0	2	0	0	0	0	0	0	2	0	0	3	1	0	0	0	2	0	0	0	0	0	1	1	0	0	0	0	0	0	0	2	1
42510	1 Apr 26	00:42:00	1	0	34	0	Ct	0	0	1	1	0	0	0	0	2	1	0	0	3	1	0	0	0	2	0	0	0	0	0	0	0	0	0	0	0	0	4	0	0	1
42511	1 Apr 26	00:43:00	1	0	34	0	Ct	0	0	1	0	0	0	0	0	0	1	0	0	4	0	0	0	0	2	0	0	0	0	4	2	0	0	0	0	0	0	5	0	0	0
42512	1 Apr 26	00:44:00	1	0	34	0	Ct	0	0	1	0	0	0	0	0	0	2	0	0	6	2	0	0	0	2	6	0	0	0	0	0	0	0	0	0	0	0	1	0	1	2
42513	1 Apr 26	00:45:00	1	0	34	0	Ct	0	0	0	0	0	0	0	0	0	1	0	0	1	3	0	0	0	2	1	0	0	3	2	1	0	0	0	0	0	0	0	0	0	1
42514	1 Apr 26	00:46:00	1	0	34	0	Ct	0	0	1	0	0	0	0	0	0	0	0	0	0	2	0	0	0	2	0	0	0	0	0	1	0	0	0	0	0	2	0	0	0	1
42515	1 Apr 26	00:47:00	1	0	34	0	Ct	0	0	1	0	0	0	0	0	2	1	0	0	7	1	0	0	0	2	1	0	0	1	0	0	1	0	0	0	0	1	0	0	1	1
42516	1 Apr 26	00:48:00	1	0	34	0	Ct	0	0	0	0	0	1	0	6	0	0	0	0	2	0	0	0	0	1	0	0	0	11	0	0	3	0	0	0	0	1	2	0	0	0
42517	1 Apr 26	00:49:00	1	0	34	0	Ct	0	0	1	0	0	0	0	5	0	1	0	0	2	1	0	0	0	2	0	0	0	3	0	0	0	0	0	0	0	0	1	0	0	1
42518	1 Apr 26	00:50:00	1	0	34	0	Ct	0	0	1	0	0	2	0	0	1	0	0	0	3	0	0	0	0	1	5	0	0	0	0	0	0	0	0	0	0	0	1	0	0	0
42519	1 Apr 26	00:51:00	1	0	34	0	Ct	0	0	1	1	0	2	0	0	4	0	0	0	0	0	0	2	0	4	2	0	0	2	0	0	0	0	0	0	0	0	1	0	1	2
42520	1 Apr 26	00:52:00	1	0	34	0	Ct	0	0	1	3	0	4	0	0	0	3	0	0	0	0	0	0	2	1	1	0	0	0	0	0	0	0	0	0	1	2	0	0	1	1
42521	1 Apr 26	00:53:00	1	0	34	0	Ct	0	0	1	2	0	0	0	0	2	2	0	0	2	3	0	0	0	3	1	0	0	0	0	0	0	0	0	0	0	2	2	0	9	1
42522	1 Apr 26	00:54:00	1	0	34	0	Ct	0	0	1	1	0	1	0	0	1	1	0	0	27	1	0	0	0	0	0	0	0	5	1	1	0	0	0	0	0	0	0	0	1	0
42523	1 Apr 26	00:55:00	1	0	34	0	Ct	0	0	0	0	0	2	0	0	0	0	0	0	20	0	0	0	0	1	0	0	0	0	0	1	0	0	0	0	0	0	0	0	0	1
42524	1 Apr 26	00:56:00	1	0	34	0	Ct	0	0	2	0	0	0	0	0	0	1	0	0	20	0	0	3	0	2	1	0	0	0	0	0	0	0	0	0	0	2	0	0	1	0
42525	1 Apr 26	00:57:00	1	0	34	0	Ct	0	0	3	0	0	0	0	0	1	2	0	4	9	1	0	0	0	1	0	0	0	0	0	0	2	0	0	0	0	2	0	0	0	0
42526	1 Apr 26	00:58:00	1	0	34	0	Ct	0	0	2	0	0	0	0	0	4	2	0	0	0	1	0	0	0	2	0	0	0	0	0	1	0	0	0	0	0	1	0	0	3	0
42527	1 Apr 26	00:59:00	1	0	34	0	Ct	0	0	2	0	0	1	0	0	4	1	0	0	0	0	0	1	1	2	0	0	2	2	0	2	0	0	0	0	1	2	0	0	2	0
42528	1 Apr 26	01:00:00	1	0	34	0	Ct	0	0	1	0	0	1	0	0	1	1	0	0	0	0	0	0	3	2	0	0	0	0	1	0	0	2	0	0	1	1	0	0	1	0
42529	1 Apr 26	01:01:00	1	0	34	0	Ct	0	0	1	0	0	0	0	0	2	3	0	0	2	0	0	0	0	1	0	0	0	0	0	1	5	1	0	0	0	1	0	0	1	0
42530	1 Apr 26	01:02:00	1	0	34	0	Ct	0	0	2	0	0	0	0	0	2	1	0	0	0	1	0	0	0	1	0	0	0	2	0	1	2	0	0	0	0	0	0	0	2	0
42531	1 Apr 26	01:03:00	1	0	34	0	Ct	0	0	1	0	0	0	0	0	2	0	0	0	0	1	0	2	3	0	0	0	0	0	0	0	0	0	0	0	0	0	0	0	1	0
42532	1 Apr 26	01:04:00	1	0	34	0	Ct	0	0	1	0	0	0	0	0	2	2	0	0	0	0	1	0	0	0	0	0	2	2	0	1	0	0	0	0	1	0	0	0	1	0
42533	1 Apr 26	01:05:00	1	0	34	0	Ct	0	0	0	0	0	0	0	0	3	2	0	0	3	0	2	0	0	2	0	0	1	2	1	0	2	1	0	0	3	0	0	0	2	2
42534	1 Apr 26	01:06:00	1	0	34	0	Ct	0	0	2	4	0	0	0	0	2	0	0	0	0	0	0	0	0	1	0	0	0	2	0	3	0	0	0	5	1	2	0	0	0	1
42535	1 Apr 26	01:07:00	1	0	34	0	Ct	0	0	0	0	0	0	0	0	1	1	1	0	0	0	0	3	0	2	0	0	2	1	0	1	11	0	0	0	0	0	0	0	4	3
42536	1 Apr 26	01:08:00	1	0	34	0	Ct	0	0	2	3	0	3	0	0	5	2	0	0	1	0	0	0	0	2	0	0	0	0	1	0	4	0	0	0	0	0	0	0	2	0
42537	1 Apr 26	01:09:00	1	0	34	0	Ct	0	0	1	2	0	0	0	0	1	1	0	0	1	1	0	1	1	1	0	0	0	2	2	1	1	0	0	1	0	1	0	0	1	3
42538	1 Apr 26	01:10:00	1	0	34	0	Ct	0	0	2	0	0	0	0	0	3	2	0	0	2	0	0	7	2	0	0	0	0	1	0	1	0	1	0	1	3	1	0	0	1	0
42539	1 Apr 26	01:11:00	1	0	34	0	Ct	0	0	1	3	0	6	0	0	3	1	0	0	0	4	0	11	0	5	0	0	0	5	0	3	0	1	0	0	0	1	0	0	1	2
42540	1 Apr 26	01:12:00	1	0	34	0	Ct	0	0	1	1	0	0	0	0	3	0	0	0	0	0	1	2	0	0	0	0	0	1	0	0	6	3	1	0	4	1	0	0	2	0
42541	1 Apr 26	01:13:00	1	0	34	0	Ct	0	0	1	2	0	0	0	0	2	0	0	0	1	1	0	2	0	2	0	0	2	0	0	1	4	1	1	0	0	0	0	0	0	1
42542	1 Apr 26	01:14:00	1	0	34	0	Ct	0	0	1	0	0	0	0	0	0	0	0	0	0	2	0	2	1	0	0	0	0	0	0	2	2	0	0	0	0	2	0	0	3	1
42543	1 Apr 26	01:15:00	1	0	34	0	Ct	0	0	1	0	0	1	0	0	1	1	0	1	2	1	1	0	0	2	0	0	0	0	0	1	2	0	0	0	0	3	0	0	4	1
42544	1 Apr 26	01:16:00	1	0	34	0	Ct	0	0	0	2	0	1	0	0	0	1	0	5	0	0	3	0	0	4	0	0	0	0	0	0	5	2	0	0	0	0	0	0	1	0
42545	1 Apr 26	01:17:00	1	0	34	0	Ct	0	0	0	0	0	6	0	0	0	3	0	0	0	0	0	0	0	2	0	1	0	0	3	0	1	2	0	0	0	0	0	0	1	0
42546	1 Apr 26	01:18:00	1	0	34	0	Ct	0	0	2	2	0	0	0	0	0	0	0	0	0	0	0	1	3	1	0	0	0	0	0	0	0	0	0	0	0	0	0	0	1	0
42547	1 Apr 26	01:19:00	1	0	34	0	Ct	0	0	1	4	0	2	0	1	0	0	0	0	0	1	0	0	1	2	0	0	0	3	0	0	0	0	1	0	0	0	0	0	1	0
42548	1 Apr 26	01:20:00	1	0	34	0	Ct	0	0	0	0	0	0	0	0	2	1	0	0	0	0	0	1	2	0	0	0	0	0	0	0	4	1	5	0	0	0	0	0	2	0
42549	1 Apr 26	01:21:00	1	0	34	0	Ct	0	0	0	1	0	0	0	0	0	1	0	0	0	0	0	2	1	2	0	0	0	1	1	0	1	1	3	0	0	0	0	0	2	0
42550	1 Apr 26	01:22:00	1	0	34	0	Ct	0	0	1	1	0	0	0	0	4	0	0	0	0	0	0	0	0	2	0	0	0	0	1	0	0	1	2	0	0	3	0	0	5	0
42551	1 Apr 26	01:23:00	1	0	34	0	Ct	0	0	0	1	0	0	0	0	2	2	0	0	0	5	0	0	3	2	0	0	0	0	3	0	1	0	0	0	0	1	0	0	3	0
42552	1 Apr 26	01:24:00	1	0	34	0	Ct	0	0	1	0	0	0	0	0	0	1	0	0	0	7	1	0	4	1	0	0	0	0	2	0	1	0	2	0	0	1	0	0	0	0
42553	1 Apr 26	01:25:00	1	0	34	0	Ct	0	0	1	3	0	0	0	0	0	2	0	0	0	0	2	0	0	3	0	0	3	0	1	0	2	0	4	0	2	0	0	0	0	1
42554	1 Apr 26	01:26:00	1	0	34	0	Ct	0	0	0	0	0	0	0	0	2	0	0	0	1	0	1	0	0	1	0	0	1	0	18	0	0	0	4	0	0	0	0	0	0	1
42555	1 Apr 26	01:27:00	1	0	34	0	Ct	0	0	0	0	0	2	0	0	1	2	0	0	0	2	0	0	0	3	0	0	0	0	2	0	1	0	2	2	0	0	0	0	0	1
42556	1 Apr 26	01:28:00	1	0	34	0	Ct	0	0	1	0	0	3	0	0	2	1	0	0	0	3	0	10	0	3	0	0	0	1	2	0	1	0	0	0	0	0	0	0	0	0
42557	1 Apr 26	01:29:00	1	0	34	0	Ct	0	0	0	0	0	1	0	0	1	0	0	0	0	2	0	1	0	2	0	0	0	0	2	0	2	0	3	3	0	1	0	0	1	0
42558	1 Apr 26	01:30:00	1	0	34	0	Ct	0	0	0	0	0	5	0	0	2	0	0	0	6	0	0	2	0	2	0	0	0	0	0	1	0	0	0	4	0	2	0	0	3	0
42559	1 Apr 26	01:31:00	1	0	34	0	Ct	0	0	0	0	0	0	0	0	1	0	0	0	0	1	0	0	0	9	0	0	3	0	1	1	0	0	3	1	0	2	0	0	0	0
42560	1 Apr 26	01:32:00	1	0	34	0	Ct	0	0	1	0	0	0	0	0	0	0	0	0	0	0	0	0	1	1	0	0	1	2	3	0	6	3	5	2	0	0	0	0	0	0
42561	1 Apr 26	01:33:00	1	0	34	0	Ct	0	0	0	0	0	0	0	1	0	0	0	0	1	0	0	0	1	0	0	0	0	5	0	0	2	1	1	0	0	1	0	0	2	0
42562	1 Apr 26	01:34:00	1	0	34	0	Ct	0	0	0	0	0	0	0	0	0	1	0	0	2	0	0	0	0	0	0	0	0	4	4	0	3	0	4	0	0	0	0	0	1	0
42563	1 Apr 26	01:35:00	1	0	34	0	Ct	0	0	0	0	0	0	0	0	0	1	0	0	0	0	0	0	0	0	0	0	0	0	1	0	1	0	8	0	0	0	0	0	2	0
42564	1 Apr 26	01:36:00	1	0	34	0	Ct	0	0	0	0	0	0	0	1	0	2	0	0	0	0	0	0	0	0	0	0	2	0	1	1	7	0	3	1	0	1	0	0	2	0
42565	1 Apr 26	01:37:00	1	0	34	0	Ct	0	0	2	0	0	0	0	1	2	0	0	0	0	0	0	0	0	0	0	0	0	2	1	1	4	0	3	1	0	1	0	0	0	0
42566	1 Apr 26	01:38:00	1	0	34	0	Ct	0	0	1	0	0	0	0	0	2	0	0	0	0	1	0	0	0	0	0	0	0	5	2	0	1	0	1	1	2	0	0	0	0	0
42567	1 Apr 26	01:39:00	1	0	34	0	Ct	0	0	0	1	0	5	0	7	0	2	0	0	0	1	0	0	0	1	0	0	0	0	3	0	0	0	1	0	0	0	0	0	2	2
42568	1 Apr 26	01:40:00	1	0	34	0	Ct	0	0	0	2	0	0	0	0	0	2	0	0	1	1	1	0	0	1	0	0	0	3	0	0	1	1	3	0	0	0	0	0	0	0
42569	1 Apr 26	01:41:00	1	0	34	0	Ct	0	0	0	0	0	3	0	0	0	1	0	0	0	0	0	0	0	0	2	0	0	0	0	2	3	0	1	0	0	0	0	0	1	1
42570	1 Apr 26	01:42:00	1	0	34	0	Ct	0	0	0	1	0	1	0	0	2	2	0	0	4	0	2	0	0	1	1	0	0	0	0	0	2	1	1	0	0	0	0	0	4	0
42571	1 Apr 26	01:43:00	1	0	34	0	Ct	0	0	4	0	0	0	0	0	3	0	0	0	1	1	0	0	0	0	0	0	0	0	1	1	3	0	1	3	0	2	0	0	1	1
42572	1 Apr 26	01:44:00	1	0	34	0	Ct	0	0	1	0	0	3	0	0	0	1	0	0	0	0	0	0	0	2	0	0	0	0	2	0	1	0	2	0	0	1	0	0	1	1
42573	1 Apr 26	01:45:00	1	0	34	0	Ct	0	0	0	0	0	0	0	0	2	0	0	0	1	0	2	0	0	2	0	0	0	0	1	0	2	0	1	0	0	3	0	0	1	1
42574	1 Apr 26	01:46:00	1	0	34	0	Ct	0	0	1	0	0	0	0	0	3	0	0	0	3	0	1	0	0	1	0	0	0	0	1	1	1	0	3	0	0	0	0	0	0	2
42575	1 Apr 26	01:47:00	1	0	34	0	Ct	0	0	1	0	0	5	0	0	0	2	0	0	0	0	1	0	0	0	0	0	0	0	1	2	0	0	1	0	0	0	0	0	3	0
42576	1 Apr 26	01:48:00	1	0	34	0	Ct	0	0	1	0	0	5	0	0	0	2	0	0	0	0	2	0	0	0	0	0	0	0	1	1	0	0	2	0	0	0	0	0	6	3
42577	1 Apr 26	01:49:00	1	0	34	0	Ct	0	0	3	0	0	1	0	0	1	0	0	5	1	0	2	0	0	0	0	0	0	1	3	1	2	0	1	0	0	4	0	0	3	2
42578	1 Apr 26	01:50:00	1	0	34	0	Ct	0	0	0	0	0	0	0	0	1	0	0	1	5	0	0	0	0	0	3	0	0	2	0	2	0	0	2	0	0	0	0	0	1	2
42579	1 Apr 26	01:51:00	1	0	34	0	Ct	0	0	2	0	0	2	0	0	0	0	0	4	0	0	0	0	0	1	0	0	0	0	0	1	1	0	1	0	0	0	0	0	4	1
42580	1 Apr 26	01:52:00	1	0	34	0	Ct	0	0	1	0	0	0	0	0	0	0	1	4	0	0	0	0	1	1	0	0	0	3	3	0	0	0	0	0	0	1	0	0	2	2
42581	1 Apr 26	01:53:00	1	0	34	0	Ct	0	0	0	1	0	0	0	0	0	1	0	0	0	1	0	0	1	21	0	0	0	3	2	0	0	0	0	0	0	0	0	0	2	1
42582	1 Apr 26	01:54:00	1	0	34	0	Ct	0	0	2	1	0	0	0	0	0	1	0	0	2	1	1	0	0	1	0	0	0	6	0	0	1	0	2	0	0	0	0	0	3	1
42583	1 Apr 26	01:55:00	1	0	34	0	Ct	0	0	2	0	0	0	0	0	0	1	0	0	0	1	0	0	0	0	0	0	0	16	0	4	6	0	4	0	0	0	0	0	1	2
42584	1 Apr 26	01:56:00	1	0	34	0	Ct	0	0	3	0	0	5	0	0	0	1	0	0	0	0	0	0	0	0	2	0	0	2	0	1	0	0	1	0	0	0	0	0	3	1
42585	1 Apr 26	01:57:00	1	0	34	0	Ct	0	0	1	0	0	2	0	0	0	1	0	0	3	0	0	0	2	0	1	0	0	0	0	0	0	0	2	0	0	2	1	0	0	1
42586	1 Apr 26	01:58:00	1	0	34	0	Ct	0	0	0	0	0	1	0	0	0	0	1	0	2	0	0	1	0	0	0	0	0	0	1	0	0	0	1	0	0	2	0	0	1	0
42587	1 Apr 26	01:59:00	1	0	34	0	Ct	0	0	0	1	0	3	0	0	0	0	3	1	2	0	2	0	0	0	0	0	0	0	0	1	6	0	5	0	0	3	0	0	0	0
42588	1 Apr 26	02:00:00	1	0	34	0	Ct	0	0	1	0	0	0	0	0	0	2	0	0	0	0	0	0	0	2	2	0	0	0	0	1	3	0	2	0	0	0	0	0	0	0
42589	1 Apr 26	02:01:00	1	0	34	0	Ct	0	0	0	2	0	6	0	0	1	0	1	0	0	0	0	0	0	0	0	0	0	0	0	0	1	0	2	0	0	0	0	0	2	1
42590	1 Apr 26	02:02:00	1	0	34	0	Ct	0	0	1	1	0	0	0	0	0	0	0	0	0	0	0	0	0	0	0	0	0	0	0	0	1	0	1	0	0	0	0	0	1	1
42591	1 Apr 26	02:03:00	1	0	34	0	Ct	0	0	3	1	0	0	0	0	1	3	0	0	0	0	0	0	0	1	0	0	0	0	0	0	0	0	2	0	0	2	0	0	0	1
42592	1 Apr 26	02:04:00	1	0	34	0	Ct	0	0	1	1	0	0	0	0	1	1	0	0	0	0	0	0	0	3	0	0	0	0	1	1	0	0	1	0	0	3	1	0	0	0
42593	1 Apr 26	02:05:00	1	0	34	0	Ct	0	0	0	0	0	0	0	1	0	1	0	0	2	0	0	0	0	0	0	0	0	0	0	2	0	0	2	0	0	0	0	0	2	2
42594	1 Apr 26	02:06:00	1	0	34	0	Ct	0	0	0	0	0	0	0	0	1	1	0	0	3	0	0	0	0	0	2	0	0	0	0	2	0	0	0	0	1	0	0	0	2	1
42595	1 Apr 26	02:07:00	1	0	34	0	Ct	0	0	0	0	0	1	0	0	0	0	0	0	0	0	0	0	1	0	4	0	0	0	0	1	0	0	3	0	1	3	0	0	2	2
42596	1 Apr 26	02:08:00	1	0	34	0	Ct	0	0	0	6	0	5	0	0	1	0	0	0	3	0	0	0	0	0	1	0	0	0	0	1	0	0	1	0	0	0	0	0	0	1
42597	1 Apr 26	02:09:00	1	0	34	0	Ct	0	0	1	4	0	0	0	0	2	0	0	0	0	0	3	1	0	0	2	0	0	0	0	1	0	0	3	0	0	0	0	0	2	2
42598	1 Apr 26	02:10:00	1	0	34	0	Ct	0	0	0	0	0	1	0	2	0	1	0	1	0	0	1	1	0	0	1	0	0	0	0	2	0	1	2	0	0	0	0	0	7	1
42599	1 Apr 26	02:11:00	1	0	34	0	Ct	0	0	3	3	2	5	0	1	4	0	0	8	1	0	2	0	2	0	1	0	1	0	0	0	0	0	3	0	0	0	0	0	1	0
42600	1 Apr 26	02:12:00	1	0	34	0	Ct	0	0	0	0	0	1	0	0	0	2	0	1	0	0	0	0	2	0	2	0	0	0	0	0	4	0	4	0	0	0	4	0	1	1
42601	1 Apr 26	02:13:00	1	0	34	0	Ct	0	0	0	0	1	4	0	5	0	1	1	0	0	0	0	0	2	0	0	0	0	0	1	0	0	1	3	0	0	0	2	0	1	0
42602	1 Apr 26	02:14:00	1	0	34	0	Ct	0	0	0	0	2	8	0	6	0	0	2	3	25	0	1	0	0	1	0	0	0	2	0	1	1	1	4	0	0	0	0	0	2	3
42603	1 Apr 26	02:15:00	1	0	34	0	Ct	0	0	0	1	0	1	0	0	0	1	2	2	1	0	1	3	0	0	1	0	0	1	0	1	1	1	1	0	0	4	2	0	0	2
42604	1 Apr 26	02:16:00	1	0	34	0	Ct	0	0	0	0	0	4	0	0	0	1	0	0	0	1	0	0	0	1	0	0	0	0	1	1	1	0	1	0	0	1	2	0	1	1
42605	1 Apr 26	02:17:00	1	0	34	0	Ct	0	0	2	8	0	0	0	0	1	1	0	3	0	1	0	0	0	0	1	0	0	0	2	0	2	0	1	0	0	1	0	0	2	0
42606	1 Apr 26	02:18:00	1	0	34	0	Ct	0	0	0	0	0	1	0	5	0	1	0	2	2	0	0	0	0	0	0	0	0	0	1	1	0	1	2	0	0	0	0	0	2	1
42607	1 Apr 26	02:19:00	1	0	34	0	Ct	0	0	0	0	0	1	0	17	0	2	0	3	6	0	0	2	0	2	0	1	4	0	0	0	0	0	2	0	0	0	0	0	0	0
42608	1 Apr 26	02:20:00	1	0	34	0	Ct	0	0	1	0	0	0	0	13	0	2	0	2	4	0	2	1	0	0	1	0	2	0	0	0	3	0	1	0	0	1	0	0	0	3
42609	1 Apr 26	02:21:00	1	0	34	0	Ct	0	0	1	0	0	0	0	0	3	1	0	0	15	0	0	2	4	0	1	0	0	0	0	0	8	0	4	1	0	3	0	0	0	1
42610	1 Apr 26	02:22:00	1	0	34	0	Ct	0	0	0	0	0	0	0	0	1	0	1	1	1	0	0	1	3	0	0	0	0	0	0	0	8	1	1	5	1	1	0	0	0	1
42611	1 Apr 26	02:23:00	1	0	34	0	Ct	0	0	0	0	4	0	0	0	0	1	0	0	1	0	0	2	0	1	0	0	0	0	0	1	0	1	1	5	2	0	0	0	13	1
42612	1 Apr 26	02:24:00	1	0	34	0	Ct	0	0	1	0	1	0	0	0	0	0	0	4	4	0	0	2	0	0	2	0	0	0	1	0	0	0	1	2	0	1	0	0	0	1
42613	1 Apr 26	02:25:00	1	0	34	0	Ct	0	0	0	3	1	2	0	0	0	1	1	0	0	0	0	0	0	0	0	0	0	0	4	1	0	0	5	0	1	1	0	0	0	2
42614	1 Apr 26	02:26:00	1	0	34	0	Ct	0	0	0	7	6	0	0	0	0	2	4	0	0	0	0	0	0	3	1	0	1	2	0	4	0	0	4	3	2	0	0	0	1	0
42615	1 Apr 26	02:27:00	1	0	34	0	Ct	0	0	2	0	0	1	0	0	0	2	1	1	4	0	1	0	0	2	0	0	0	1	1	0	0	3	4	0	0	0	0	0	1	2
42616	1 Apr 26	02:28:00	1	0	34	0	Ct	0	0	0	0	0	1	0	0	0	1	0	0	0	0	3	0	0	0	0	0	0	1	3	1	0	10	2	0	0	0	0	0	1	0
42617	1 Apr 26	02:29:00	1	0	34	0	Ct	0	0	0	0	0	1	0	0	1	0	0	2	5	0	0	0	0	1	0	0	0	0	1	2	0	2	1	0	0	1	0	0	5	2
42618	1 Apr 26	02:30:00	1	0	34	0	Ct	0	0	0	0	0	2	0	1	4	0	0	0	3	2	1	0	0	0	0	0	0	1	0	1	0	5	2	0	0	2	0	0	3	2
42619	1 Apr 26	02:31:00	1	0	34	0	Ct	0	0	0	0	0	0	0	0	0	1	0	5	12	1	2	3	0	0	0	0	0	0	2	2	0	0	2	0	0	1	0	0	6	0
42620	1 Apr 26	02:32:00	1	0	34	0	Ct	0	0	0	1	0	1	0	0	0	1	0	2	2	0	3	1	0	0	0	0	0	4	3	0	0	0	0	0	0	1	0	0	2	3
42621	1 Apr 26	02:33:00	1	0	34	0	Ct	0	0	1	0	0	5	0	0	0	0	0	2	0	0	1	0	0	0	0	0	0	0	2	2	0	0	1	0	0	1	0	0	3	1
42622	1 Apr 26	02:34:00	1	0	34	0	Ct	0	0	2	0	0	1	0	1	0	1	0	1	0	0	0	0	0	0	0	0	0	0	2	1	0	0	1	0	0	0	0	0	0	0
42623	1 Apr 26	02:35:00	1	0	34	0	Ct	0	0	3	0	0	1	0	3	0	0	0	1	0	0	0	2	0	0	0	0	0	0	1	2	0	0	0	0	0	6	0	0	0	1
42624	1 Apr 26	02:36:00	1	0	34	0	Ct	0	0	0	0	0	0	0	0	0	1	0	0	0	0	0	2	0	0	0	0	0	1	2	1	0	0	2	0	0	6	1	0	0	3
42625	1 Apr 26	02:37:00	1	0	34	0	Ct	0	0	1	0	0	2	0	0	0	2	0	0	0	0	0	3	0	0	0	0	0	1	1	2	0	1	1	0	0	2	3	0	0	1
42626	1 Apr 26	02:38:00	1	0	34	0	Ct	0	0	1	0	0	3	0	0	0	1	0	0	0	4	0	5	0	0	1	0	0	2	0	1	0	1	1	0	0	2	0	0	0	1
42627	1 Apr 26	02:39:00	1	0	34	0	Ct	0	0	1	1	0	3	0	0	1	1	0	0	0	0	3	11	0	0	2	0	0	0	1	1	0	0	6	0	0	0	0	0	1	1
42628	1 Apr 26	02:40:00	1	0	34	0	Ct	0	0	0	0	0	7	0	0	1	3	0	0	0	0	1	10	0	0	0	0	0	0	0	1	0	0	1	0	0	0	0	0	0	0
42629	1 Apr 26	02:41:00	1	0	34	0	Ct	0	0	1	0	0	2	0	0	0	0	0	0	2	0	1	0	0	0	1	0	0	1	1	1	1	0	2	0	0	2	0	0	0	0
42630	1 Apr 26	02:42:00	1	0	34	0	Ct	0	0	0	2	0	5	0	0	0	1	0	0	3	0	0	0	0	0	0	0	0	0	1	0	10	2	3	1	0	0	0	0	0	3
42631	1 Apr 26	02:43:00	1	0	34	0	Ct	0	0	2	0	2	2	0	0	1	0	0	2	1	0	0	2	0	0	0	0	0	3	0	0	1	0	2	0	0	0	0	0	0	0
42632	1 Apr 26	02:44:00	1	0	34	0	Ct	0	0	2	2	0	3	0	0	0	1	0	6	1	1	0	0	0	0	0	0	0	0	0	0	0	0	1	1	0	1	1	0	1	2
42633	1 Apr 26	02:45:00	1	0	34	0	Ct	0	0	0	0	0	1	0	0	0	0	0	2	0	1	0	0	0	0	0	0	0	1	2	0	0	0	2	1	0	2	1	0	1	0
42634	1 Apr 26	02:46:00	1	0	34	0	Ct	0	0	0	0	0	2	0	0	2	0	0	0	3	1	0	0	0	4	2	0	6	0	0	0	2	0	1	1	0	16	0	0	4	0
42635	1 Apr 26	02:47:00	1	0	34	0	Ct	0	0	0	1	0	5	0	0	1	0	0	0	1	1	0	0	0	0	3	0	1	7	0	0	3	0	1	0	0	1	0	0	1	0
42636	1 Apr 26	02:48:00	1	0	34	0	Ct	0	0	0	0	0	3	0	0	1	0	0	0	0	0	2	0	0	0	0	0	2	6	0	0	1	0	1	0	0	3	0	0	1	0
42637	1 Apr 26	02:49:00	1	0	34	0	Ct	0	0	0	0	0	3	0	0	0	1	0	0	0	0	1	0	0	0	0	0	1	1	2	0	1	0	2	0	0	6	0	0	1	0
42638	1 Apr 26	02:50:00	1	0	34	0	Ct	0	0	0	1	0	0	0	0	0	0	0	1	1	2	0	0	0	0	0	0	0	0	1	0	0	0	1	0	0	2	0	0	0	0
42639	1 Apr 26	02:51:00	1	0	34	0	Ct	0	0	0	1	2	0	0	3	2	1	0	2	3	0	4	0	0	0	2	0	1	0	1	2	2	0	0	0	0	2	0	0	1	0
42640	1 Apr 26	02:52:00	1	0	34	0	Ct	0	0	2	2	0	0	0	1	1	1	0	0	1	0	0	3	0	0	0	0	1	4	3	2	0	1	2	1	0	3	0	0	0	1
42641	1 Apr 26	02:53:00	1	0	34	0	Ct	0	0	0	0	3	0	0	0	2	0	0	0	0	0	0	2	0	0	0	0	0	0	2	2	3	1	2	0	0	1	0	0	0	0
42642	1 Apr 26	02:54:00	1	0	34	0	Ct	0	0	1	2	0	0	0	0	2	1	0	0	3	0	0	0	0	0	0	0	0	0	0	1	3	0	2	0	0	3	0	0	0	0
42643	1 Apr 26	02:55:00	1	0	34	0	Ct	0	0	2	1	1	0	0	0	0	2	0	0	2	0	0	2	0	0	0	0	0	0	2	5	2	1	3	0	0	1	0	0	0	2
42644	1 Apr 26	02:56:00	1	0	34	0	Ct	0	0	0	1	1	0	0	0	0	2	0	0	0	0	3	3	0	0	0	0	1	0	2	2	3	0	2	0	0	0	0	0	2	1
42645	1 Apr 26	02:57:00	1	0	34	0	Ct	0	0	0	0	0	2	0	0	0	1	0	1	0	2	0	0	0	0	0	0	4	0	1	2	1	0	1	0	0	1	0	0	1	1
42646	1 Apr 26	02:58:00	1	0	34	0	Ct	0	0	1	0	0	0	0	0	1	1	0	2	0	1	0	0	0	0	0	0	1	0	1	1	3	0	5	1	0	2	0	0	0	0
42647	1 Apr 26	02:59:00	1	0	34	0	Ct	0	0	2	1	0	3	0	0	1	1	0	1	0	0	0	0	0	0	0	0	0	0	0	0	2	0	0	0	1	1	0	0	0	0
42648	1 Apr 26	03:00:00	1	0	34	0	Ct	0	0	0	0	0	0	0	0	0	1	0	0	0	1	0	0	0	0	0	0	0	2	0	0	1	0	1	0	0	0	0	0	0	0
42649	1 Apr 26	03:01:00	1	0	34	0	Ct	0	0	0	2	0	1	0	0	1	1	0	0	0	0	0	0	0	1	0	0	2	0	4	2	1	0	1	3	1	0	0	0	1	0
42650	1 Apr 26	03:02:00	1	0	34	0	Ct	0	0	0	1	0	1	0	1	2	0	0	0	0	0	0	0	0	0	3	0	0	0	0	1	0	1	3	0	0	1	0	0	7	0
42651	1 Apr 26	03:03:00	1	0	34	0	Ct	0	0	2	5	2	2	0	0	0	0	0	2	0	0	0	0	2	1	1	0	0	4	0	1	2	0	0	0	1	1	0	0	0	0
42652	1 Apr 26	03:04:00	1	0	34	0	Ct	0	0	3	1	0	0	0	1	5	0	0	0	0	4	5	6	2	0	1	0	0	0	3	1	2	2	1	0	0	0	0	0	0	0
42653	1 Apr 26	03:05:00	1	0	34	0	Ct	0	0	0	0	0	0	0	0	0	1	0	0	0	0	1	0	2	1	0	0	2	5	1	0	4	3	1	0	0	0	0	0	0	0
42654	1 Apr 26	03:06:00	1	0	34	0	Ct	0	0	0	0	0	0	0	0	0	1	0	0	0	0	0	1	6	2	0	0	1	16	1	2	2	2	2	0	0	1	0	0	0	0
42655	1 Apr 26	03:07:00	1	0	34	0	Ct	0	0	0	0	0	9	0	3	1	1	0	0	0	0	0	1	0	0	0	0	0	6	1	1	2	0	2	5	0	1	0	0	0	0
42656	1 Apr 26	03:08:00	1	0	34	0	Ct	0	0	2	0	0	0	0	2	5	1	0	0	0	0	3	0	0	0	1	0	1	5	2	0	2	0	1	0	1	7	0	0	0	2
42657	1 Apr 26	03:09:00	1	0	34	0	Ct	0	0	0	0	0	0	0	16	1	0	0	0	0	0	0	2	0	0	2	0	2	4	1	2	3	0	1	0	2	0	0	0	0	0
42658	1 Apr 26	03:10:00	1	0	34	0	Ct	0	0	0	0	1	0	0	4	0	1	0	0	1	0	1	0	0	0	1	0	1	0	0	1	2	0	3	1	3	0	0	0	0	1
42659	1 Apr 26	03:11:00	1	0	34	0	Ct	0	0	2	0	0	0	0	3	0	0	0	0	0	1	0	1	3	0	1	0	0	0	0	3	1	0	1	2	0	0	0	0	2	5
42660	1 Apr 26	03:12:00	1	0	34	0	Ct	0	0	0	0	0	0	0	4	1	1	0	0	0	0	0	4	1	0	1	0	0	0	4	0	3	0	4	1	0	0	0	0	0	0
42661	1 Apr 26	03:13:00	1	0	34	0	Ct	0	0	3	1	0	0	0	1	1	0	0	0	0	0	1	0	4	0	2	0	0	0	0	3	3	0	1	2	0	0	0	0	0	0
42662	1 Apr 26	03:14:00	1	0	34	0	Ct	0	0	2	2	1	1	0	2	3	1	0	0	0	0	1	1	0	0	1	0	0	0	2	2	4	3	1	2	0	1	0	0	0	1
42663	1 Apr 26	03:15:00	1	0	34	0	Ct	0	0	1	3	3	2	0	3	0	1	0	0	0	2	0	4	0	0	0	0	0	0	1	1	1	4	1	1	0	0	0	0	0	1
42664	1 Apr 26	03:16:00	1	0	34	0	Ct	0	0	0	1	2	0	0	1	0	0	0	0	0	0	0	1	0	0	0	0	0	2	1	2	3	0	2	2	0	0	0	0	0	2
42665	1 Apr 26	03:17:00	1	0	34	0	Ct	0	0	0	2	3	4	0	2	0	3	0	0	0	0	2	0	2	0	2	0	4	0	1	2	2	0	1	0	0	1	0	0	1	1
42666	1 Apr 26	03:18:00	1	0	34	0	Ct	0	0	1	2	1	5	0	1	0	1	0	3	0	0	0	0	6	0	1	0	0	0	2	0	1	1	1	0	0	7	0	0	0	0
42667	1 Apr 26	03:19:00	1	0	34	0	Ct	0	0	1	0	0	0	0	1	0	1	0	0	0	0	0	0	0	0	0	0	0	0	2	0	3	0	3	0	0	2	0	0	1	0
42668	1 Apr 26	03:20:00	1	0	34	0	Ct	0	0	0	0	0	0	0	2	2	0	1	0	0	0	1	0	0	0	0	0	0	0	1	0	4	2	4	0	0	1	0	0	1	0
42669	1 Apr 26	03:21:00	1	0	34	0	Ct	0	0	0	0	0	0	0	2	0	0	0	0	0	1	0	0	0	0	0	0	0	3	1	0	4	0	3	0	0	1	0	0	2	0
42670	1 Apr 26	03:22:00	1	0	34	0	Ct	0	0	0	5	0	0	0	2	0	1	0	0	0	0	0	0	0	0	8	0	1	0	2	3	1	1	2	0	0	0	0	0	0	0
42671	1 Apr 26	03:23:00	1	0	34	0	Ct	0	0	0	4	0	0	0	1	1	0	1	0	0	0	1	0	0	0	1	0	1	0	2	1	2	1	4	0	0	0	0	0	0	0
42672	1 Apr 26	03:24:00	1	0	34	0	Ct	0	0	0	0	0	0	0	2	0	0	2	1	0	5	4	0	0	0	0	0	0	2	1	1	1	0	1	0	1	1	0	0	0	0
42673	1 Apr 26	03:25:00	1	0	34	0	Ct	0	0	3	0	0	0	0	1	0	0	0	0	0	0	1	0	0	0	0	0	2	2	0	2	3	0	1	0	2	1	0	0	0	0
42674	1 Apr 26	03:26:00	1	0	34	0	Ct	0	0	1	2	5	0	0	5	2	0	0	0	0	0	2	0	0	0	0	0	0	0	2	0	2	1	1	0	0	0	0	0	0	0
42675	1 Apr 26	03:27:00	1	0	34	0	Ct	0	0	0	0	0	2	0	3	1	1	0	0	3	1	3	0	0	0	1	0	0	0	1	0	4	0	1	0	0	1	0	0	0	0
42676	1 Apr 26	03:28:00	1	0	34	0	Ct	0	0	0	0	0	4	0	3	0	0	0	0	5	3	1	0	0	0	1	0	1	2	0	0	3	0	0	0	0	0	0	0	0	1
42677	1 Apr 26	03:29:00	1	0	34	0	Ct	0	0	0	2	0	6	0	2	0	1	0	0	6	0	1	1	0	0	0	0	2	3	1	0	1	0	1	0	0	0	0	0	0	0
42678	1 Apr 26	03:30:00	1	0	34	0	Ct	0	0	0	2	0	5	0	2	0	0	0	0	0	0	0	2	0	0	0	0	2	0	2	1	2	1	3	0	0	0	0	0	0	0
42679	1 Apr 26	03:31:00	1	0	34	0	Ct	0	0	0	0	0	0	0	1	7	0	0	0	3	0	0	0	0	0	0	0	0	3	0	1	1	1	1	0	0	0	0	0	0	0
42680	1 Apr 26	03:32:00	1	0	34	0	Ct	0	0	0	0	0	0	0	3	1	0	0	0	0	0	0	0	0	0	0	0	0	2	0	0	3	1	3	0	2	0	0	0	0	0
42681	1 Apr 26	03:33:00	1	0	34	0	Ct	0	0	3	0	0	2	0	1	1	0	1	0	5	0	0	0	0	0	0	0	3	2	2	0	4	0	0	0	0	0	0	0	1	0
42682	1 Apr 26	03:34:00	1	0	34	0	Ct	0	0	0	0	0	8	0	2	0	0	1	1	0	0	0	0	0	0	0	0	0	0	2	0	2	4	0	1	0	0	0	0	1	1
42683	1 Apr 26	03:35:00	1	0	34	0	Ct	0	0	3	2	0	1	0	2	0	0	0	4	0	0	0	2	0	1	0	0	0	4	0	0	3	0	0	4	0	1	0	0	0	0
42684	1 Apr 26	03:36:00	1	0	34	0	Ct	0	0	2	0	0	0	0	1	0	2	0	0	0	0	1	1	0	0	3	0	0	0	1	2	1	1	1	2	0	0	0	0	0	0
42685	1 Apr 26	03:37:00	1	0	34	0	Ct	0	0	2	1	0	0	0	1	0	6	0	0	1	0	6	0	0	0	0	0	0	7	0	0	1	0	1	1	1	4	0	0	3	0
42686	1 Apr 26	03:38:00	1	0	34	0	Ct	0	0	2	1	0	5	0	1	0	1	0	5	2	3	0	1	0	0	0	0	0	2	0	3	0	0	2	0	1	0	0	0	2	0
42687	1 Apr 26	03:39:00	1	0	34	0	Ct	0	0	0	5	0	2	0	1	0	0	0	2	0	0	0	0	0	0	1	0	0	0	1	1	0	0	4	0	0	4	0	0	2	0
42688	1 Apr 26	03:40:00	1	0	34	0	Ct	0	0	1	0	0	1	0	3	0	1	0	0	0	3	1	0	0	0	0	1	0	2	1	2	2	0	1	0	0	1	0	0	0	0
42689	1 Apr 26	03:41:00	1	0	34	0	Ct	0	0	0	0	0	2	0	2	2	0	0	0	0	1	3	0	0	0	1	0	0	1	3	2	3	0	1	0	0	0	0	0	1	0
42690	1 Apr 26	03:42:00	1	0	34	0	Ct	0	0	1	2	0	0	0	0	0	0	1	0	0	0	2	0	0	1	1	0	0	2	1	2	3	1	1	4	0	0	0	0	4	0
42691	1 Apr 26	03:43:00	1	0	34	0	Ct	0	0	1	2	0	0	0	0	0	0	0	0	0	1	0	0	0	0	0	0	1	4	1	1	5	0	2	0	0	0	0	0	12	0
42692	1 Apr 26	03:44:00	1	0	34	0	Ct	0	0	2	10	0	1	0	1	0	0	0	0	0	1	1	0	0	0	2	0	0	0	1	0	3	0	2	0	0	3	0	0	7	0
42693	1 Apr 26	03:45:00	1	0	34	0	Ct	0	0	0	0	1	3	0	2	2	0	3	0	0	3	1	0	0	0	2	0	0	0	0	2	1	1	1	2	0	0	0	0	2	0
42694	1 Apr 26	03:46:00	1	0	34	0	Ct	0	0	1	0	2	1	0	2	0	0	0	0	0	2	0	0	0	1	2	1	0	0	0	1	4	0	3	2	0	2	0	0	0	1
42695	1 Apr 26	03:47:00	1	0	34	0	Ct	0	0	0	0	0	0	0	1	0	0	0	0	0	0	1	1	0	1	1	0	0	2	2	1	3	1	1	1	0	0	0	0	4	0
42696	1 Apr 26	03:48:00	1	0	34	0	Ct	0	0	1	0	3	1	0	1	0	0	0	0	0	0	2	2	2	0	2	0	0	0	2	2	2	0	1	0	0	0	3	0	1	0
42697	1 Apr 26	03:49:00	1	0	34	0	Ct	0	0	1	0	0	2	0	2	0	0	2	0	0	0	1	2	2	0	1	0	0	2	1	1	1	0	4	0	0	0	2	0	1	0
42698	1 Apr 26	03:50:00	1	0	34	0	Ct	0	0	0	0	2	2	0	2	2	0	11	0	0	1	1	0	0	0	1	0	0	0	1	1	2	0	0	0	0	0	0	0	0	2
42699	1 Apr 26	03:51:00	1	0	34	0	Ct	0	0	0	0	4	6	0	1	2	2	0	0	0	1	0	1	1	0	0	0	0	0	0	1	3	0	2	0	0	0	0	0	0	0
42700	1 Apr 26	03:52:00	1	0	34	0	Ct	0	0	0	0	0	4	0	0	0	2	0	0	0	0	0	1	1	3	1	0	1	0	1	1	1	0	1	0	0	1	0	0	2	1
42701	1 Apr 26	03:53:00	1	0	34	0	Ct	0	0	2	0	1	2	0	2	0	1	0	0	9	1	1	0	2	4	0	0	1	0	0	1	1	0	1	0	0	2	0	0	3	0
42702	1 Apr 26	03:54:00	1	0	34	0	Ct	0	0	0	1	0	3	0	3	0	0	1	0	8	0	1	2	2	5	1	0	1	1	2	0	3	1	1	0	0	2	0	0	0	2
42703	1 Apr 26	03:55:00	1	0	34	0	Ct	0	0	1	1	3	2	0	3	1	3	0	0	9	0	2	1	0	2	0	0	0	0	1	0	3	0	0	0	0	2	0	0	6	1
42704	1 Apr 26	03:56:00	1	0	34	0	Ct	0	0	0	0	3	2	0	1	0	0	0	4	4	0	3	5	0	1	2	0	0	0	2	0	2	0	2	0	0	0	0	0	1	0
42705	1 Apr 26	03:57:00	1	0	34	0	Ct	0	0	0	3	4	0	0	0	0	1	0	0	1	0	0	8	0	0	0	0	0	1	1	0	3	0	0	0	0	0	0	0	2	0
42706	1 Apr 26	03:58:00	1	0	34	0	Ct	0	0	0	0	3	0	0	0	2	0	0	0	2	0	0	0	0	0	0	0	1	4	0	0	3	0	1	0	0	0	0	0	1	0
42707	1 Apr 26	03:59:00	1	0	34	0	Ct	0	0	3	0	4	1	0	3	0	0	0	0	10	2	0	0	0	1	0	0	0	2	3	0	2	0	2	0	0	1	0	0	2	1
42708	1 Apr 26	04:00:00	1	0	34	0	Ct	0	0	0	7	2	4	0	0	0	2	0	0	4	0	0	0	0	0	0	0	0	0	0	0	2	0	3	0	0	1	0	0	3	1
42709	1 Apr 26	04:01:00	1	0	34	0	Ct	0	0	1	0	0	2	0	0	1	0	1	0	0	0	0	0	0	0	0	0	0	0	3	1	3	3	2	0	0	0	0	0	2	0
42710	1 Apr 26	04:02:00	1	0	34	0	Ct	0	0	1	2	0	0	0	2	0	1	3	0	0	1	2	0	0	0	1	0	1	0	1	1	5	1	0	0	0	0	0	0	0	5
42711	1 Apr 26	04:03:00	1	0	34	0	Ct	0	0	3	2	1	0	0	2	0	3	0	0	1	1	0	0	3	0	2	0	0	0	1	1	3	0	1	0	0	1	0	0	2	1
42712	1 Apr 26	04:04:00	1	0	34	0	Ct	0	0	0	1	3	0	0	1	0	0	0	4	1	4	1	0	1	0	1	0	2	0	2	2	2	1	2	0	0	3	0	0	5	1
42713	1 Apr 26	04:05:00	1	0	34	0	Ct	0	0	1	3	0	0	0	2	3	1	0	2	0	2	0	0	2	0	0	0	0	3	2	2	4	0	2	1	0	0	0	0	1	0
42714	1 Apr 26	04:06:00	1	0	34	0	Ct	0	0	0	0	0	9	0	1	0	1	0	4	2	0	0	4	0	5	0	0	0	0	1	1	1	0	2	4	0	0	0	0	1	0
42715	1 Apr 26	04:07:00	1	0	34	0	Ct	0	0	2	0	0	2	0	5	0	0	0	0	0	0	2	0	0	14	0	0	2	1	2	2	2	2	2	5	0	0	0	0	2	0
42716	1 Apr 26	04:08:00	1	0	34	0	Ct	0	0	0	4	0	0	0	0	2	4	0	5	0	0	0	2	0	3	0	0	0	0	1	2	2	4	1	2	0	2	0	0	3	0
42717	1 Apr 26	04:09:00	1	0	34	0	Ct	0	0	0	3	0	1	0	1	0	0	0	3	0	0	0	0	5	0	0	0	0	0	1	3	3	5	1	1	0	0	0	0	2	2
42718	1 Apr 26	04:10:00	1	0	34	0	Ct	0	0	1	2	0	1	0	1	3	0	0	3	0	2	0	0	1	1	0	0	0	3	0	1	1	0	2	2	0	0	0	0	2	1
42719	1 Apr 26	04:11:00	1	0	34	0	Ct	0	0	2	3	0	1	0	3	1	0	0	0	0	1	0	4	5	0	0	0	1	2	1	2	1	0	1	3	0	1	0	0	1	0
42720	1 Apr 26	04:12:00	1	0	34	0	Ct	0	0	1	2	0	2	0	2	0	1	0	5	0	1	0	3	2	0	1	0	0	9	1	1	1	1	1	4	0	1	0	0	2	0
42721	1 Apr 26	04:13:00	1	0	34	0	Ct	0	0	1	1	0	3	0	1	3	1	0	1	0	0	0	0	0	0	1	0	0	0	1	0	2	0	0	0	0	1	0	0	2	0
42722	1 Apr 26	04:14:00	1	0	34	0	Ct	0	0	0	0	0	0	0	0	1	0	0	0	0	0	0	3	3	0	1	0	0	2	2	0	0	0	2	4	0	0	0	0	0	2
42723	1 Apr 26	04:15:00	1	0	34	0	Ct	0	0	0	0	1	2	0	0	0	0	0	0	0	0	0	0	0	0	1	0	0	0	1	0	1	0	3	0	0	0	0	0	0	0
42724	1 Apr 26	04:16:00	1	0	34	0	Ct	0	0	0	3	1	2	0	2	0	0	0	0	1	1	0	1	0	0	1	0	2	0	1	0	1	0	2	1	0	0	0	0	3	1
42725	1 Apr 26	04:17:00	1	0	34	0	Ct	0	0	0	0	2	0	0	0	0	0	0	1	0	0	0	6	0	2	1	0	0	0	1	1	1	0	4	0	0	0	0	0	1	0
42726	1 Apr 26	04:18:00	1	0	34	0	Ct	0	0	1	1	1	1	0	2	1	1	0	0	0	1	1	0	0	0	0	0	2	5	6	1	1	1	5	0	0	0	0	0	1	1
42727	1 Apr 26	04:19:00	1	0	34	0	Ct	0	0	0	2	0	2	0	1	4	1	0	0	3	1	2	0	0	1	0	0	1	0	1	1	3	0	0	2	0	0	0	0	2	0
42728	1 Apr 26	04:20:00	1	0	34	0	Ct	0	0	3	0	0	3	0	1	0	1	0	6	1	2	6	0	0	0	1	0	0	2	1	2	2	0	4	2	0	1	0	0	5	0
42729	1 Apr 26	04:21:00	1	0	34	0	Ct	0	0	1	0	0	0	0	0	3	0	0	1	0	0	3	0	0	0	1	0	1	0	1	1	4	0	2	0	0	1	0	0	3	3
42730	1 Apr 26	04:22:00	1	0	34	0	Ct	0	0	0	4	0	3	0	0	2	4	0	1	6	1	0	0	0	3	2	0	0	0	1	3	4	0	1	1	0	0	2	0	1	0
42731	1 Apr 26	04:23:00	1	0	34	0	Ct	0	0	0	0	0	0	0	1	0	0	0	1	4	0	5	0	4	0	0	0	0	0	0	2	3	2	1	0	0	0	0	0	1	0
42732	1 Apr 26	04:24:00	1	0	34	0	Ct	0	0	0	1	0	1	0	1	0	0	0	2	0	0	4	0	2	1	0	0	0	11	1	0	2	1	1	0	0	0	0	0	0	0
42733	1 Apr 26	04:25:00	1	0	34	0	Ct	0	0	0	3	0	1	0	0	0	0	8	2	0	0	0	0	0	1	0	0	0	0	1	1	4	0	2	0	2	1	0	0	0	2
42734	1 Apr 26	04:26:00	1	0	34	0	Ct	0	0	3	3	1	0	0	2	0	0	0	0	1	3	1	0	0	2	0	0	0	2	1	3	4	1	3	0	0	0	0	0	2	0
42735	1 Apr 26	04:27:00	1	0	34	0	Ct	0	0	0	3	0	0	0	5	5	0	0	12	1	0	4	0	0	0	0	0	0	2	5	1	2	0	1	0	0	3	0	0	1	2
42736	1 Apr 26	04:28:00	1	0	34	0	Ct	0	0	1	0	0	0	0	0	0	2	1	2	0	1	1	0	0	2	0	0	0	0	0	0	2	0	1	0	0	1	0	0	1	2
42737	1 Apr 26	04:29:00	1	0	34	0	Ct	0	0	0	0	0	6	0	0	0	2	0	0	0	2	3	0	0	0	0	0	1	1	1	2	2	0	1	0	0	0	1	0	0	0
42738	1 Apr 26	04:30:00	1	0	34	0	Ct	0	0	1	2	0	0	0	0	0	1	0	0	0	6	1	0	1	0	0	0	1	2	1	0	1	0	1	0	0	0	0	0	1	2
42739	1 Apr 26	04:31:00	1	0	34	0	Ct	0	0	1	1	0	0	0	1	5	0	0	1	5	0	4	2	2	0	0	0	1	4	0	2	0	2	0	0	0	0	0	0	1	1
42740	1 Apr 26	04:32:00	1	0	34	0	Ct	0	0	0	0	0	0	0	9	1	1	0	0	3	0	0	1	0	0	0	0	1	0	1	0	4	1	2	0	0	0	0	0	4	2
42741	1 Apr 26	04:33:00	1	0	34	0	Ct	0	0	0	1	0	1	0	0	0	0	0	0	5	4	0	6	0	0	2	0	0	0	2	1	0	1	0	6	0	1	0	0	2	4
42742	1 Apr 26	04:34:00	1	0	34	0	Ct	0	0	1	1	1	4	0	0	0	0	0	0	1	3	0	0	0	2	1	0	0	0	2	0	3	0	1	0	0	2	0	0	1	0
42743	1 Apr 26	04:35:00	1	0	34	0	Ct	0	0	1	1	0	0	0	1	0	1	0	0	2	1	4	0	0	0	0	0	0	0	1	2	1	1	3	0	0	0	1	0	2	0
42744	1 Apr 26	04:36:00	1	0	34	0	Ct	0	0	1	1	0	3	0	0	0	1	0	0	0	1	0	0	0	2	0	0	0	2	0	0	3	0	1	0	1	1	0	0	2	0
42745	1 Apr 26	04:37:00	1	0	34	0	Ct	0	0	0	2	0	4	0	5	0	0	0	0	0	0	0	2	0	3	0	0	0	1	2	0	1	0	2	0	1	1	0	0	2	0
42746	1 Apr 26	04:38:00	1	0	34	0	Ct	0	0	1	0	0	3	0	0	3	0	1	2	0	1	0	0	0	0	0	0	0	6	1	3	0	1	0	0	0	0	0	0	4	0
42747	1 Apr 26	04:39:00	1	0	34	0	Ct	0	0	2	5	0	0	0	3	0	3	0	0	0	6	0	0	0	3	0	0	0	1	1	1	0	1	1	1	0	0	1	0	0	0
42748	1 Apr 26	04:40:00	1	0	34	0	Ct	0	0	0	0	2	0	0	2	0	2	0	1	0	4	2	2	0	0	0	0	0	0	2	2	1	0	1	1	0	0	1	0	0	2
42749	1 Apr 26	04:41:00	1	0	34	0	Ct	0	0	0	4	0	0	0	0	0	0	0	0	8	4	0	0	0	1	0	0	6	0	2	1	1	0	1	0	0	0	0	0	6	2
42750	1 Apr 26	04:42:00	1	0	34	0	Ct	0	0	2	0	0	0	0	0	0	1	2	0	0	0	0	0	0	0	0	0	4	0	0	2	0	0	3	2	0	4	0	0	2	1
42751	1 Apr 26	04:43:00	1	0	34	0	Ct	0	0	0	1	0	0	0	0	2	2	2	0	0	1	4	1	0	2	0	1	2	0	1	2	0	2	2	0	0	3	0	0	3	0
42752	1 Apr 26	04:44:00	1	0	34	0	Ct	0	0	2	2	0	0	0	1	0	2	1	3	0	0	8	0	0	2	0	0	2	0	0	1	1	4	1	0	0	0	0	0	2	0
42753	1 Apr 26	04:45:00	1	0	34	0	Ct	0	0	0	0	0	3	0	1	3	0	6	2	0	0	4	0	1	1	0	3	3	0	1	2	3	0	1	0	0	0	0	0	1	0
42754	1 Apr 26	04:46:00	1	0	34	0	Ct	0	0	1	6	2	2	0	4	0	1	2	0	0	0	1	0	2	1	0	0	0	0	1	1	2	0	3	0	0	0	0	0	0	0
42755	1 Apr 26	04:47:00	1	0	34	0	Ct	0	0	0	3	0	1	0	2	4	1	0	4	0	1	0	0	0	1	0	0	1	2	2	2	1	3	0	0	0	0	0	0	0	0
42756	1 Apr 26	04:48:00	1	0	34	0	Ct	0	0	0	0	0	7	0	2	0	1	0	3	0	0	0	0	0	3	0	2	0	4	1	1	4	0	0	0	0	1	0	0	0	2
42757	1 Apr 26	04:49:00	1	0	34	0	Ct	0	0	0	0	0	1	0	2	0	1	0	1	0	0	0	0	0	1	0	0	0	0	2	1	2	0	0	0	0	0	0	0	1	0
42758	1 Apr 26	04:50:00	1	0	34	0	Ct	0	0	0	0	0	2	0	4	0	0	0	0	0	0	0	0	0	2	0	0	2	0	0	1	2	2	2	0	0	0	0	0	1	0
42759	1 Apr 26	04:51:00	1	0	34	0	Ct	0	0	0	0	0	6	0	1	3	0	0	0	0	1	0	1	1	4	0	0	1	2	1	1	0	1	1	0	0	1	0	0	5	0
42760	1 Apr 26	04:52:00	1	0	34	0	Ct	0	0	0	0	0	4	0	4	7	2	0	0	0	1	1	0	2	2	0	0	0	3	1	2	0	0	2	0	0	0	0	0	1	1
42761	1 Apr 26	04:53:00	1	0	34	0	Ct	0	0	0	0	2	1	0	1	0	0	0	0	0	0	3	0	1	2	0	0	0	2	0	1	3	1	0	0	0	1	0	0	2	1
42762	1 Apr 26	04:54:00	1	0	34	0	Ct	0	0	0	0	0	0	0	3	0	1	0	0	0	1	3	3	2	1	2	0	0	0	0	0	1	3	1	0	0	0	0	0	2	0
42763	1 Apr 26	04:55:00	1	0	34	0	Ct	0	0	0	0	1	0	0	0	0	0	0	0	4	1	3	0	2	3	0	0	0	3	2	0	4	0	1	0	0	5	0	0	3	1
42764	1 Apr 26	04:56:00	1	0	34	0	Ct	0	0	0	0	0	0	0	4	6	0	2	1	11	2	0	0	2	4	1	0	0	3	1	0	1	1	0	0	0	0	0	0	0	1
42765	1 Apr 26	04:57:00	1	0	34	0	Ct	0	0	0	6	0	0	0	2	10	0	0	4	0	0	3	0	0	1	0	2	2	0	1	1	2	0	3	3	0	1	0	0	2	0
42766	1 Apr 26	04:58:00	1	0	34	0	Ct	0	0	3	0	1	1	0	2	2	1	2	1	2	0	2	0	4	1	0	0	8	4	2	2	0	0	1	0	0	2	0	0	2	1
42767	1 Apr 26	04:59:00	1	0	34	0	Ct	0	0	0	1	0	3	0	1	2	0	2	0	0	2	0	0	5	3	2	0	0	2	1	1	0	0	2	0	0	0	0	0	1	1
42768	1 Apr 26	05:00:00	1	0	34	0	Ct	0	0	3	1	0	0	0	2	3	0	0	1	0	1	0	0	4	1	0	0	3	3	3	0	0	1	1	0	0	4	0	0	3	0
42769	1 Apr 26	05:01:00	1	0	34	0	Ct	0	0	1	1	0	0	0	3	1	1	0	1	0	0	2	0	2	1	4	5	0	0	1	0	0	0	2	0	0	1	0	0	3	2
42770	1 Apr 26	05:02:00	1	0	34	0	Ct	0	0	0	1	0	2	0	1	1	0	1	2	0	0	1	1	0	3	0	0	0	0	2	1	1	0	1	0	0	0	0	0	1	1
42771	1 Apr 26	05:03:00	1	0	34	0	Ct	0	0	3	1	3	3	0	4	2	2	2	2	1	0	0	1	1	2	1	0	1	0	1	1	3	0	1	0	0	0	0	0	2	2
42772	1 Apr 26	05:04:00	1	0	34	0	Ct	0	0	0	1	1	0	0	2	1	0	6	0	0	0	0	3	0	2	1	0	2	0	1	0	2	3	1	0	0	2	0	0	1	0
42773	1 Apr 26	05:05:00	1	0	34	0	Ct	0	0	3	2	2	0	0	4	0	0	3	1	0	0	0	1	0	1	0	0	2	0	2	0	3	0	2	0	0	0	0	0	0	0
42774	1 Apr 26	05:06:00	1	0	34	0	Ct	0	0	0	3	2	0	0	0	0	1	0	1	3	0	0	0	0	1	0	2	1	1	0	0	2	0	1	0	0	1	0	0	0	0
42775	1 Apr 26	05:07:00	1	0	34	0	Ct	0	0	0	0	0	1	0	0	0	0	0	1	7	0	2	5	0	1	0	0	3	4	1	0	3	0	2	0	0	3	0	0	0	0
42776	1 Apr 26	05:08:00	1	0	34	0	Ct	0	0	0	3	0	2	0	0	2	0	0	0	0	1	1	2	0	1	0	0	0	0	3	0	1	0	1	0	0	5	0	0	1	0
42777	1 Apr 26	05:09:00	1	0	34	0	Ct	0	0	0	1	0	0	0	1	1	1	0	2	0	0	1	1	0	1	0	0	0	0	2	0	5	0	1	1	0	1	0	0	4	0
42778	1 Apr 26	05:10:00	1	0	34	0	Ct	0	0	0	1	0	0	0	2	2	1	0	1	0	2	4	0	0	2	1	0	0	0	1	0	3	2	1	0	0	0	0	0	1	3
42779	1 Apr 26	05:11:00	1	0	34	0	Ct	0	0	1	0	0	0	0	2	3	2	0	0	1	1	3	4	0	1	0	0	0	0	2	3	2	1	0	0	0	0	0	0	4	1
42780	1 Apr 26	05:12:00	1	0	34	0	Ct	0	0	1	1	1	0	0	1	0	1	0	0	2	0	1	0	0	2	1	0	0	0	1	0	3	0	2	0	5	0	0	0	4	1
42781	1 Apr 26	05:13:00	1	0	34	0	Ct	0	0	0	1	1	0	0	0	0	0	0	7	0	0	4	0	0	2	0	0	2	3	0	1	1	0	1	0	0	0	0	0	1	0
42782	1 Apr 26	05:14:00	1	0	34	0	Ct	0	0	1	2	2	1	0	0	2	1	1	0	0	0	0	4	0	2	2	0	1	0	4	0	1	1	1	0	0	2	0	0	0	2
42783	1 Apr 26	05:15:00	1	0	34	0	Ct	0	0	0	1	1	4	0	2	0	0	0	2	3	2	1	0	1	0	1	0	0	0	0	1	1	0	1	0	0	0	0	0	2	1
42784	1 Apr 26	05:16:00	1	0	34	0	Ct	0	0	0	0	0	5	0	1	2	0	0	2	0	0	0	1	4	2	0	0	3	0	1	1	8	0	2	0	0	1	0	0	0	1
42785	1 Apr 26	05:17:00	1	0	34	0	Ct	0	0	0	3	0	3	0	7	0	1	0	1	0	0	0	0	1	0	0	0	2	0	1	1	0	0	1	0	0	0	0	0	3	1
42786	1 Apr 26	05:18:00	1	0	34	0	Ct	0	0	0	1	0	2	0	1	2	1	0	2	0	1	0	0	0	1	0	0	0	0	0	1	0	0	0	0	0	1	0	0	1	2
42787	1 Apr 26	05:19:00	1	0	34	0	Ct	0	0	0	1	0	1	0	0	3	1	0	2	2	0	0	0	0	1	1	0	0	1	1	1	0	0	4	0	1	0	0	0	1	1
42788	1 Apr 26	05:20:00	1	0	34	0	Ct	0	0	0	2	0	7	0	0	3	1	0	0	2	0	0	2	0	1	0	0	3	0	2	1	0	0	2	0	0	1	0	0	2	0
42789	1 Apr 26	05:21:00	1	0	34	0	Ct	0	0	0	0	0	5	0	1	1	1	3	0	0	0	0	3	0	4	1	0	0	2	0	0	1	0	1	1	0	1	0	0	1	0
42790	1 Apr 26	05:22:00	1	0	34	0	Ct	0	0	0	0	0	0	0	3	2	0	1	0	0	1	4	0	0	2	0	0	0	2	0	1	10	0	1	0	0	4	0	0	1	3
42791	1 Apr 26	05:23:00	1	0	34	0	Ct	0	0	0	1	0	7	0	10	0	4	4	1	3	0	0	0	0	1	1	0	0	1	0	0	0	0	2	1	1	3	0	0	0	0
42792	1 Apr 26	05:24:00	1	0	34	0	Ct	0	0	0	0	0	6	0	2	2	1	0	3	1	1	0	1	0	2	1	0	0	0	2	0	0	0	0	0	0	3	0	0	0	2
42793	1 Apr 26	05:25:00	1	0	34	0	Ct	0	0	1	2	0	4	0	5	2	0	0	0	0	0	0	2	0	1	1	0	1	0	2	0	0	1	0	0	0	2	0	0	1	0
42794	1 Apr 26	05:26:00	1	0	34	0	Ct	0	0	0	1	0	2	0	2	0	0	5	0	0	11	0	0	0	3	1	0	0	0	1	0	0	1	5	3	0	0	0	0	3	0
42795	1 Apr 26	05:27:00	1	0	34	0	Ct	0	0	2	0	0	0	0	0	3	1	1	0	0	0	4	1	0	2	2	2	1	1	2	1	0	2	1	2	0	1	0	0	1	0
42796	1 Apr 26	05:28:00	1	0	34	0	Ct	0	0	0	2	0	0	0	0	0	0	0	2	0	0	0	4	0	2	1	0	2	0	1	1	0	0	4	2	0	0	2	0	0	2
42797	1 Apr 26	05:29:00	1	0	34	0	Ct	0	0	0	0	0	0	0	0	0	0	0	0	0	1	6	2	0	1	0	0	1	1	2	1	0	0	0	0	0	0	2	0	7	1
42798	1 Apr 26	05:30:00	1	0	34	0	Ct	0	0	0	1	0	1	0	0	2	3	0	0	0	0	2	0	0	1	0	0	1	0	1	0	0	1	6	2	0	1	0	0	2	2
42799	1 Apr 26	05:31:00	1	0	34	0	Ct	0	0	0	0	0	4	0	1	1	0	0	3	0	0	0	3	0	1	0	0	0	0	0	3	0	0	4	0	0	1	0	0	0	1
42800	1 Apr 26	05:32:00	1	0	34	0	Ct	0	0	0	1	0	9	0	2	0	1	0	0	0	2	3	1	0	2	1	1	0	2	0	2	0	1	1	0	0	0	0	0	1	1
42801	1 Apr 26	05:33:00	1	0	34	0	Ct	0	0	0	0	4	3	0	1	2	2	0	1	0	0	7	2	0	0	0	0	3	0	1	3	0	0	2	0	0	1	0	0	0	1
42802	1 Apr 26	05:34:00	1	0	34	0	Ct	0	0	0	0	3	0	0	3	3	1	0	1	0	2	1	0	0	1	2	0	0	3	1	1	0	2	0	0	0	1	0	0	0	1
42803	1 Apr 26	05:35:00	1	0	34	0	Ct	0	0	0	1	0	1	0	1	3	1	1	0	0	1	0	1	0	2	0	0	1	0	2	2	0	1	0	0	0	4	0	0	1	1
42804	1 Apr 26	05:36:00	1	0	34	0	Ct	0	0	0	0	3	0	0	0	1	0	2	0	2	0	1	0	0	2	0	0	3	1	1	3	2	0	4	1	0	2	0	0	2	0
42805	1 Apr 26	05:37:00	1	0	34	0	Ct	0	0	0	1	2	2	0	0	0	3	0	1	0	0	0	0	0	1	0	0	0	1	1	0	0	0	2	0	0	0	0	0	2	0
42806	1 Apr 26	05:38:00	1	0	34	0	Ct	0	0	0	1	0	2	0	0	3	2	0	1	2	0	2	0	0	1	14	0	1	0	2	0	2	0	3	0	0	0	0	0	2	2
42807	1 Apr 26	05:39:00	1	0	34	0	Ct	0	0	2	1	3	5	0	0	1	0	0	2	0	0	0	0	0	3	1	0	0	0	0	3	0	0	4	0	0	0	0	0	3	0
42808	1 Apr 26	05:40:00	1	0	34	0	Ct	0	0	0	2	0	1	0	2	1	0	0	2	0	0	1	0	0	0	1	2	1	0	1	0	1	1	0	0	2	0	0	0	4	3
42809	1 Apr 26	05:41:00	1	0	34	0	Ct	0	0	0	0	1	4	0	0	1	2	0	2	0	2	3	0	0	1	0	0	0	0	2	0	2	0	1	0	0	0	2	0	2	0
42810	1 Apr 26	05:42:00	1	0	34	0	Ct	0	0	0	1	2	1	0	1	1	1	0	1	5	1	3	0	0	3	2	3	0	0	0	0	4	0	3	0	0	0	3	0	4	2
42811	1 Apr 26	05:43:00	1	0	34	0	Ct	0	0	0	0	0	0	0	1	2	0	0	1	0	0	2	0	0	2	0	1	0	2	0	0	2	0	3	0	0	0	0	0	3	3
42812	1 Apr 26	05:44:00	1	0	34	0	Ct	0	0	0	1	1	0	0	4	0	0	4	0	0	1	1	0	0	4	0	1	1	0	0	1	2	3	1	0	0	0	0	0	0	3
42813	1 Apr 26	05:45:00	1	0	34	0	Ct	0	0	0	4	3	4	0	4	2	1	0	1	0	0	0	0	5	2	0	0	3	8	0	3	0	2	2	0	0	2	0	0	0	2
42814	1 Apr 26	05:46:00	1	0	34	0	Ct	0	0	0	1	0	1	0	2	1	0	6	4	0	0	0	1	2	2	0	1	0	0	0	1	0	0	2	0	0	2	0	0	1	0
42815	1 Apr 26	05:47:00	1	0	34	0	Ct	0	0	0	2	0	4	0	1	1	1	0	0	0	0	1	2	0	3	3	0	4	0	0	1	0	2	1	2	0	1	0	0	2	1
42816	1 Apr 26	05:48:00	1	0	34	0	Ct	0	0	0	1	0	1	0	3	1	2	0	1	1	2	1	0	0	1	4	0	2	4	1	0	0	0	1	0	0	1	0	0	3	0
42817	1 Apr 26	05:49:00	1	0	34	0	Ct	0	0	0	1	0	1	0	1	0	1	0	0	0	0	0	0	2	1	1	0	0	1	1	1	0	0	3	0	0	1	0	0	2	0
42818	1 Apr 26	05:50:00	1	0	34	0	Ct	0	0	0	1	0	1	0	1	0	1	0	3	3	0	0	2	4	2	0	0	0	0	2	2	2	0	1	0	0	2	0	0	1	1
42819	1 Apr 26	05:51:00	1	0	34	0	Ct	0	0	0	7	0	1	0	1	3	3	0	2	0	0	2	0	1	1	2	0	0	0	1	1	1	0	1	0	0	1	0	0	1	1
42820	1 Apr 26	05:52:00	1	0	34	0	Ct	0	0	3	3	0	2	0	0	2	0	3	0	9	0	2	1	0	7	1	0	1	0	1	1	0	0	2	0	0	0	0	0	1	0
42821	1 Apr 26	05:53:00	1	0	34	0	Ct	0	0	1	5	0	0	0	2	1	0	2	0	0	0	0	1	0	1	1	0	1	0	2	0	0	0	2	0	0	0	0	0	0	0
42822	1 Apr 26	05:54:00	1	0	34	0	Ct	0	0	0	1	0	0	0	1	0	0	0	0	1	0	1	4	4	3	0	0	1	0	0	0	0	1	1	0	0	0	0	0	0	1
42823	1 Apr 26	05:55:00	1	0	34	0	Ct	0	0	1	2	1	0	0	2	3	1	0	1	4	2	2	0	2	0	3	0	0	0	1	1	0	0	2	0	0	1	0	0	2	1
42824	1 Apr 26	05:56:00	1	0	34	0	Ct	0	0	1	0	0	0	0	2	0	3	0	1	2	2	0	1	0	2	0	0	1	2	0	0	4	2	1	0	0	2	0	0	1	1
42825	1 Apr 26	05:57:00	1	0	34	0	Ct	0	0	3	2	2	1	0	2	0	1	1	4	0	5	0	0	0	3	2	1	1	2	0	1	4	0	2	0	0	2	0	0	4	1
42826	1 Apr 26	05:58:00	1	0	34	0	Ct	0	0	1	0	1	7	0	2	0	2	0	2	0	0	3	0	0	2	1	1	2	0	0	2	3	1	2	0	0	1	0	0	1	1
42827	1 Apr 26	05:59:00	1	0	34	0	Ct	0	0	0	2	0	3	0	2	5	1	0	3	0	0	2	0	0	3	0	0	1	0	0	1	2	1	1	0	0	0	0	0	2	2
42828	1 Apr 26	06:00:00	1	0	34	0	Ct	0	0	1	0	1	0	0	2	1	0	0	0	0	2	0	0	1	2	0	0	1	0	1	1	3	1	4	0	0	0	0	0	1	2
42829	1 Apr 26	06:01:00	1	0	34	0	Ct	0	0	1	1	0	1	0	1	2	3	0	0	0	1	1	1	1	0	4	2	0	0	1	2	2	0	2	0	0	3	0	0	4	1
42830	1 Apr 26	06:02:00	1	0	34	0	Ct	0	0	1	1	0	0	0	3	2	0	3	0	4	1	1	0	1	3	0	2	1	0	1	2	2	2	1	0	0	0	0	0	3	0
42831	1 Apr 26	06:03:00	1	0	34	0	Ct	0	0	1	0	0	1	0	2	3	1	1	0	0	0	1	0	0	0	0	0	0	0	2	1	2	0	3	0	0	1	0	0	1	1
42832	1 Apr 26	06:04:00	1	0	34	0	Ct	0	0	2	0	0	3	0	2	4	0	1	0	0	0	0	0	0	2	4	0	4	0	0	2	4	1	0	0	0	1	0	0	1	2
42833	1 Apr 26	06:05:00	1	0	34	0	Ct	0	0	1	1	0	1	0	1	1	0	0	0	5	0	1	0	0	4	0	0	1	0	2	2	3	0	2	0	0	0	0	0	2	0
42834	1 Apr 26	06:06:00	1	0	34	0	Ct	0	0	2	1	0	1	0	0	0	0	0	0	1	0	0	0	0	1	1	0	1	1	1	0	2	2	2	0	0	2	0	0	1	2
42835	1 Apr 26	06:07:00	1	0	34	0	Ct	0	0	1	1	0	3	0	0	0	0	2	22	5	0	1	0	2	0	0	0	0	1	1	2	3	0	1	2	0	0	0	0	2	1
42836	1 Apr 26	06:08:00	1	0	34	0	Ct	0	0	1	1	0	0	0	0	3	2	1	6	3	0	2	1	2	4	1	0	1	3	3	0	7	0	1	1	0	0	0	0	2	3
42837	1 Apr 26	06:09:00	1	0	34	0	Ct	0	0	1	0	0	5	0	1	1	0	1	0	3	3	0	0	0	2	2	1	1	0	2	0	3	0	3	0	2	0	0	0	2	1
42838	1 Apr 26	06:10:00	1	0	34	0	Ct	0	0	0	2	0	2	0	1	1	0	0	1	4	0	2	0	0	1	1	3	2	0	1	1	3	0	1	0	1	0	0	0	1	1
42839	1 Apr 26	06:11:00	1	0	34	0	Ct	0	0	0	1	0	0	0	1	0	0	4	2	0	0	3	1	0	0	0	0	2	0	1	1	2	0	4	0	0	3	0	0	1	0
42840	1 Apr 26	06:12:00	1	0	34	0	Ct	0	0	0	0	0	0	0	1	2	1	0	0	0	0	4	3	0	0	0	5	0	5	2	2	2	1	1	1	0	1	0	0	2	0
42841	1 Apr 26	06:13:00	1	0	34	0	Ct	0	0	0	1	0	0	0	3	0	2	0	0	0	0	1	4	0	0	0	4	1	2	2	2	6	0	1	3	0	0	0	0	4	0
42842	1 Apr 26	06:14:00	1	0	34	0	Ct	0	0	0	2	0	0	0	2	0	1	0	0	1	1	3	3	0	1	4	0	1	0	1	2	2	0	2	2	0	0	0	0	1	0
42843	1 Apr 26	06:15:00	1	0	34	0	Ct	0	0	0	0	0	0	0	6	0	0	1	1	0	0	2	0	3	1	1	2	2	0	1	1	1	0	1	0	0	0	0	0	2	0
42844	1 Apr 26	06:16:00	1	0	34	0	Ct	0	0	0	0	0	0	0	1	0	1	0	0	0	1	1	0	2	0	5	0	1	0	0	0	1	1	3	1	0	0	0	0	3	0
42845	1 Apr 26	06:17:00	1	0	34	0	Ct	0	0	0	1	0	0	0	0	1	2	4	0	0	1	1	0	2	1	3	0	3	0	0	0	2	0	1	2	0	0	0	0	2	0
42846	1 Apr 26	06:18:00	1	0	34	0	Ct	0	0	0	1	2	0	0	0	0	0	3	0	0	1	0	0	3	0	0	0	0	2	3	0	2	1	1	0	0	0	0	0	2	3
42847	1 Apr 26	06:19:00	1	0	34	0	Ct	0	0	0	1	0	1	0	2	2	2	0	1	1	0	0	3	0	0	4	0	1	0	0	0	2	0	0	0	0	1	0	0	1	0
42848	1 Apr 26	06:20:00	1	0	34	0	Ct	0	0	0	1	0	1	0	2	14	0	0	2	1	0	2	7	1	1	2	0	0	0	0	2	1	1	2	0	0	2	0	0	3	1
42849	1 Apr 26	06:21:00	1	0	34	0	Ct	0	0	2	0	0	0	0	0	1	0	0	1	2	0	3	1	0	3	0	1	1	0	0	3	3	0	4	1	0	0	0	0	3	1
42850	1 Apr 26	06:22:00	1	0	34	0	Ct	0	0	1	0	1	0	0	0	0	1	3	0	3	1	2	1	0	3	1	3	4	0	6	0	2	1	2	0	0	0	0	0	1	1
42851	1 Apr 26	06:23:00	1	0	34	0	Ct	0	0	2	1	0	0	0	0	3	1	7	1	1	0	2	3	0	2	2	0	0	0	0	3	2	1	0	0	0	0	0	0	2	2
42852	1 Apr 26	06:24:00	1	0	34	0	Ct	0	0	0	2	2	0	0	1	3	1	0	2	3	0	2	1	0	0	3	0	0	0	1	3	2	0	2	0	0	2	0	0	0	3
42853	1 Apr 26	06:25:00	1	0	34	0	Ct	0	0	0	1	0	0	0	2	1	1	0	0	1	0	1	3	0	1	2	0	0	0	1	1	0	0	1	0	0	1	0	0	0	1
42854	1 Apr 26	06:26:00	1	0	34	0	Ct	0	0	0	2	2	0	0	0	3	2	0	0	0	0	1	0	0	1	0	2	0	0	0	1	0	0	0	0	0	0	0	0	0	2
42855	1 Apr 26	06:27:00	1	0	34	0	Ct	0	0	0	0	0	0	0	2	2	0	0	2	0	0	4	0	0	1	0	0	0	0	0	0	0	1	2	0	0	0	1	0	0	1
42856	1 Apr 26	06:28:00	1	0	34	0	Ct	0	0	0	2	0	0	0	0	2	2	0	1	0	0	5	1	0	3	0	0	0	0	1	1	1	2	0	0	0	1	0	0	0	3
42857	1 Apr 26	06:29:00	1	0	34	0	Ct	0	0	1	1	0	0	0	0	1	2	0	2	0	0	2	0	0	13	2	0	0	0	1	3	0	0	2	0	0	1	0	0	1	2
42858	1 Apr 26	06:30:00	1	0	34	0	Ct	0	0	0	0	1	1	0	2	0	1	0	1	0	1	0	1	0	0	2	0	1	0	1	1	0	0	1	0	9	0	0	0	2	1
42859	1 Apr 26	06:31:00	1	0	34	0	Ct	0	0	0	1	2	0	0	1	2	0	1	2	0	1	4	1	0	0	0	0	2	0	2	0	0	0	1	0	0	0	0	0	4	4
42860	1 Apr 26	06:32:00	1	0	34	0	Ct	0	0	0	1	0	1	0	3	0	1	0	3	5	0	6	0	0	0	0	0	2	0	1	0	0	0	1	0	0	1	0	0	2	1
42861	1 Apr 26	06:33:00	1	0	34	0	Ct	0	0	1	0	0	0	0	0	0	0	1	0	0	0	1	2	0	1	0	0	0	0	0	1	3	0	2	0	2	0	0	0	3	0
42862	1 Apr 26	06:34:00	1	0	34	0	Ct	0	0	2	1	0	4	0	1	0	0	0	2	0	0	2	7	0	0	6	2	0	0	1	1	0	2	3	0	0	1	0	0	0	0
42863	1 Apr 26	06:35:00	1	0	34	0	Ct	0	0	1	1	2	2	0	2	1	1	1	0	1	0	1	0	0	2	1	2	0	2	2	0	0	0	1	0	0	1	0	0	2	0
42864	1 Apr 26	06:36:00	1	0	34	0	Ct	0	0	2	1	1	0	0	1	4	0	0	0	4	0	4	1	0	4	1	0	0	0	1	2	0	0	2	0	2	0	0	0	2	3
42865	1 Apr 26	06:37:00	1	0	34	0	Ct	0	0	2	3	0	0	0	2	3	2	0	2	1	0	4	6	1	2	0	0	0	0	1	0	2	1	1	0	0	2	0	0	1	2
42866	1 Apr 26	06:38:00	1	0	34	0	Ct	0	0	2	1	0	0	0	3	0	0	3	1	0	2	3	2	0	1	1	0	0	7	2	0	1	0	2	0	2	0	0	0	4	0
42867	1 Apr 26	06:39:00	1	0	34	0	Ct	0	0	0	1	2	0	0	2	2	1	2	2	0	0	6	4	0	2	0	0	0	0	0	2	0	1	4	0	0	0	0	0	2	0
42868	1 Apr 26	06:40:00	1	0	34	0	Ct	0	0	3	1	1	0	0	0	3	1	0	2	0	0	2	0	3	2	1	1	0	0	0	1	3	0	1	0	0	1	1	0	1	2
42869	1 Apr 26	06:41:00	1	0	34	0	Ct	0	0	1	0	1	2	0	1	2	1	5	2	0	0	1	0	3	1	0	1	0	4	0	0	2	0	1	0	0	0	9	0	1	1
42870	1 Apr 26	06:42:00	1	0	34	0	Ct	0	0	0	2	0	1	0	2	4	0	0	0	0	1	2	0	0	3	1	1	1	0	4	1	3	0	1	0	0	1	0	0	4	2
42871	1 Apr 26	06:43:00	1	0	34	0	Ct	0	0	3	5	2	0	0	0	4	1	3	1	0	0	2	0	0	1	0	3	3	4	1	2	3	0	1	0	0	2	0	0	3	2
42872	1 Apr 26	06:44:00	1	0	34	0	Ct	0	0	0	0	0	4	0	3	2	1	0	2	0	0	1	0	0	1	0	0	1	0	4	1	1	0	0	0	0	2	0	0	1	1
42873	1 Apr 26	06:45:00	1	0	34	0	Ct	0	0	2	2	1	0	0	0	2	1	0	1	0	0	3	0	0	1	4	1	0	2	0	2	1	0	4	0	0	0	0	0	3	2
42874	1 Apr 26	06:46:00	1	0	34	0	Ct	0	0	2	4	1	3	0	3	1	1	2	0	4	0	2	0	4	1	0	0	0	0	0	2	2	0	1	0	0	1	0	0	0	0
42875	1 Apr 26	06:47:00	1	0	34	0	Ct	0	0	2	1	3	1	0	2	1	0	2	2	15	0	6	0	1	2	0	2	1	0	2	0	4	0	3	0	0	1	0	0	3	1
42876	1 Apr 26	06:48:00	1	0	34	0	Ct	0	0	1	2	2	2	0	0	1	0	0	1	7	0	3	1	0	2	1	0	0	6	1	0	3	0	3	0	0	1	0	0	0	3
42877	1 Apr 26	06:49:00	1	0	34	0	Ct	0	0	1	0	2	8	0	2	2	0	0	1	0	3	1	1	0	1	0	0	2	1	0	2	4	1	1	0	0	2	0	0	1	1
42878	1 Apr 26	06:50:00	1	0	34	0	Ct	0	0	0	1	2	2	0	0	2	0	0	1	0	0	3	1	0	1	0	0	3	3	1	1	2	0	1	0	0	3	0	0	1	1
42879	1 Apr 26	06:51:00	1	0	34	0	Ct	0	0	0	1	3	1	0	0	2	0	2	0	0	0	4	1	1	1	0	0	1	7	1	1	2	1	1	0	0	1	0	0	1	2
42880	1 Apr 26	06:52:00	1	0	34	0	Ct	0	0	0	1	1	3	0	0	2	1	3	4	0	0	2	3	2	0	0	0	0	4	0	1	3	0	1	0	0	0	0	0	3	2
42881	1 Apr 26	06:53:00	1	0	34	0	Ct	0	0	0	1	5	7	0	0	2	0	0	2	0	2	2	0	0	1	1	0	1	6	2	0	1	2	0	0	0	0	0	0	2	0
42882	1 Apr 26	06:54:00	1	0	34	0	Ct	0	0	1	1	4	0	0	2	0	0	4	0	1	0	6	2	0	3	0	0	1	0	1	2	3	1	1	0	1	0	0	0	0	0
42883	1 Apr 26	06:55:00	1	0	34	0	Ct	0	0	1	0	1	0	0	1	2	1	4	4	0	1	2	0	0	2	0	0	0	1	2	2	4	0	1	2	0	2	5	0	3	0
42884	1 Apr 26	06:56:00	1	0	34	0	Ct	0	0	0	1	0	0	0	0	5	0	0	2	0	0	1	0	1	2	1	0	1	0	1	1	2	0	2	0	0	0	6	0	1	2
42885	1 Apr 26	06:57:00	1	0	34	0	Ct	0	0	0	0	1	1	0	2	0	1	0	2	2	1	0	0	0	2	0	0	0	6	3	1	2	1	0	0	0	1	1	0	1	2
42886	1 Apr 26	06:58:00	1	0	34	0	Ct	0	0	0	2	2	1	0	0	0	1	1	2	4	0	3	1	0	2	0	0	1	0	0	2	2	2	4	0	0	0	0	0	0	5
42887	1 Apr 26	06:59:00	1	0	34	0	Ct	0	0	1	0	3	0	0	3	1	0	0	6	6	0	1	1	0	2	0	2	2	0	2	3	1	3	1	0	0	1	9	0	2	1
42888	1 Apr 26	07:00:00	1	0	34	0	Ct	0	0	1	1	1	0	0	1	1	0	0	1	1	0	2	0	0	3	0	0	0	0	0	1	1	0	2	1	0	5	4	0	1	2
42889	1 Apr 26	07:01:00	1	0	34	0	Ct	0	0	1	2	1	0	0	0	3	0	0	1	0	1	4	0	0	1	0	1	0	0	1	2	2	1	3	0	0	0	0	0	1	2
42890	1 Apr 26	07:02:00	1	0	34	0	Ct	0	0	0	0	1	0	0	1	0	0	0	3	0	2	0	1	1	1	0	2	0	5	1	2	2	1	2	1	0	2	0	0	1	1
42891	1 Apr 26	07:03:00	1	0	34	0	Ct	0	0	0	0	0	0	0	1	1	0	0	2	0	0	2	0	1	2	0	1	0	0	0	1	2	0	1	0	0	1	0	0	2	0
42892	1 Apr 26	07:04:00	1	0	34	0	Ct	0	0	0	1	0	1	0	0	1	0	0	1	0	0	2	1	4	5	0	0	0	0	1	0	2	0	1	0	0	4	0	0	2	1
42893	1 Apr 26	07:05:00	1	0	34	0	Ct	0	0	0	0	0	1	0	0	1	2	0	0	0	0	2	2	1	0	3	0	0	0	3	1	3	1	1	3	0	2	0	0	1	2
42894	1 Apr 26	07:06:00	1	0	34	0	Ct	0	0	0	0	0	1	0	2	0	1	0	1	0	0	0	0	0	2	1	2	0	4	1	1	2	0	1	0	0	0	0	0	4	1
42895	1 Apr 26	07:07:00	1	0	34	0	Ct	0	0	2	0	1	5	0	4	2	0	0	2	1	1	2	0	1	1	0	4	0	0	0	1	1	0	1	1	0	0	0	0	3	1
42896	1 Apr 26	07:08:00	1	0	34	0	Ct	0	0	1	1	0	1	0	1	2	0	2	1	0	3	0	2	2	1	1	1	0	0	1	0	4	1	7	3	0	1	2	0	3	1
42897	1 Apr 26	07:09:00	1	0	34	0	Ct	0	0	1	1	2	4	0	2	1	0	0	2	2	1	5	2	1	1	1	2	0	0	1	4	2	0	1	6	0	2	3	0	2	6
42898	1 Apr 26	07:10:00	1	0	34	0	Ct	0	0	0	1	0	0	0	2	4	1	0	1	6	0	3	0	0	1	1	3	0	0	3	2	4	0	4	0	0	2	2	0	2	0
42899	1 Apr 26	07:11:00	1	0	34	0	Ct	0	0	1	1	2	0	0	2	2	1	3	0	0	0	3	1	0	1	1	2	0	0	1	0	4	0	3	2	0	2	0	0	2	0
42900	1 Apr 26	07:12:00	1	0	34	0	Ct	0	0	1	0	0	0	0	1	3	2	4	5	4	0	1	0	0	1	0	3	0	2	1	0	1	0	1	4	0	0	0	0	0	0
42901	1 Apr 26	07:13:00	1	0	34	0	Ct	0	0	2	3	2	2	0	0	2	1	1	0	4	2	3	0	1	1	0	2	0	0	1	4	2	0	1	0	0	2	0	0	2	0
42902	1 Apr 26	07:14:00	1	0	34	0	Ct	0	0	0	1	2	1	0	0	0	0	5	1	2	0	4	1	2	1	3	4	0	0	0	1	2	0	1	0	0	1	0	0	1	1
42903	1 Apr 26	07:15:00	1	0	34	0	Ct	0	0	0	1	2	0	0	0	0	1	2	3	0	1	1	1	1	1	0	1	0	4	1	2	4	1	1	4	0	0	1	0	1	1
42904	1 Apr 26	07:16:00	1	0	34	0	Ct	0	0	0	1	1	3	0	0	2	0	0	3	0	4	3	0	2	6	1	5	0	0	0	0	0	0	1	2	2	0	5	0	3	1
42905	1 Apr 26	07:17:00	1	0	34	0	Ct	0	0	0	2	0	0	0	0	0	1	0	0	0	1	0	1	0	2	0	4	0	1	0	1	1	1	2	1	0	0	1	0	1	1
42906	1 Apr 26	07:18:00	1	0	34	0	Ct	0	0	0	1	3	1	0	0	3	2	1	0	0	0	2	0	0	3	0	0	2	3	2	3	2	1	2	0	1	0	0	0	1	2
42907	1 Apr 26	07:19:00	1	0	34	0	Ct	0	0	0	2	1	4	0	0	1	0	0	1	0	0	1	0	0	3	0	4	0	1	1	2	5	1	1	0	1	1	0	0	3	0
42908	1 Apr 26	07:20:00	1	0	34	0	Ct	0	0	0	1	1	2	0	1	0	0	2	1	0	0	1	1	0	2	0	9	0	0	1	2	2	0	1	1	0	0	0	0	3	2
42909	1 Apr 26	07:21:00	1	0	34	0	Ct	0	0	0	2	2	0	0	1	2	1	1	1	0	2	1	0	2	2	1	2	0	0	0	4	4	0	1	1	0	2	0	0	2	0
42910	1 Apr 26	07:22:00	1	0	34	0	Ct	0	0	3	0	3	0	0	2	2	1	2	1	0	2	3	1	0	3	0	3	2	0	0	3	2	0	1	1	0	1	0	0	2	0
42911	1 Apr 26	07:23:00	1	0	34	0	Ct	0	0	3	0	2	2	0	2	2	0	2	1	0	0	4	0	0	1	1	0	2	0	2	0	3	1	1	0	0	2	0	0	1	0
42912	1 Apr 26	07:24:00	1	0	34	0	Ct	0	0	1	0	1	7	0	2	3	0	1	2	0	1	2	2	0	3	1	0	2	0	2	0	4	0	1	0	0	0	0	0	2	2
42913	1 Apr 26	07:25:00	1	0	34	0	Ct	0	0	1	1	0	1	0	2	0	1	1	1	0	0	5	0	1	0	0	0	2	0	2	3	2	0	1	0	0	0	0	0	2	2
42914	1 Apr 26	07:26:00	1	0	34	0	Ct	0	0	0	2	1	2	0	2	2	0	0	1	0	2	2	1	1	1	1	0	0	0	0	2	1	0	1	0	2	0	1	0	3	1
42915	1 Apr 26	07:27:00	1	0	34	0	Ct	0	0	2	3	1	0	0	1	1	1	0	1	0	0	1	0	0	2	1	1	0	4	0	0	2	0	3	0	0	3	0	0	0	0
42916	1 Apr 26	07:28:00	1	0	34	0	Ct	0	0	0	2	1	0	0	3	2	3	0	1	0	0	0	1	0	2	1	0	0	2	0	0	2	0	0	0	0	2	0	0	3	2
42917	1 Apr 26	07:29:00	1	0	34	0	Ct	0	0	0	0	1	0	0	2	2	0	2	3	3	1	2	0	0	2	2	0	1	9	0	2	2	0	2	0	0	0	0	0	0	3
42918	1 Apr 26	07:30:00	1	0	34	0	Ct	0	0	3	1	0	0	0	1	1	2	1	0	2	0	5	0	4	2	1	3	0	0	0	0	3	1	3	0	0	0	0	0	0	2
42919	1 Apr 26	07:31:00	1	0	34	0	Ct	0	0	2	1	0	0	0	5	2	0	2	0	1	0	3	0	2	2	0	1	1	0	0	1	3	0	1	0	0	1	0	0	1	0
42920	1 Apr 26	07:32:00	1	0	34	0	Ct	0	0	0	0	2	1	0	2	0	1	0	0	0	0	0	0	2	2	0	0	2	0	1	0	3	0	2	3	1	2	0	0	1	0
42921	1 Apr 26	07:33:00	1	0	34	0	Ct	0	0	0	1	0	3	0	2	2	1	0	0	0	1	1	0	1	1	0	1	0	0	2	1	3	0	0	2	1	0	0	0	0	0
42922	1 Apr 26	07:34:00	1	0	34	0	Ct	0	0	0	0	1	0	0	2	2	1	1	0	0	0	6	1	0	3	0	0	0	0	0	0	2	0	2	0	0	1	0	0	1	0
42923	1 Apr 26	07:35:00	1	0	34	0	Ct	0	0	0	0	1	0	0	2	2	1	0	2	0	1	3	1	0	2	0	2	0	0	0	5	3	0	1	0	0	0	0	0	2	0
42924	1 Apr 26	07:36:00	1	0	34	0	Ct	0	0	0	1	1	2	0	3	1	0	0	2	0	1	6	0	2	1	3	1	0	0	2	1	2	1	3	0	0	0	2	0	0	0
42925	1 Apr 26	07:37:00	1	0	34	0	Ct	0	0	0	1	0	0	0	1	3	1	0	0	0	0	3	2	0	1	10	1	0	0	3	1	2	0	0	0	0	1	3	0	2	0
42926	1 Apr 26	07:38:00	1	0	34	0	Ct	0	0	0	1	1	0	0	1	0	2	3	1	0	1	3	3	0	1	1	3	0	0	0	0	2	0	1	4	2	5	0	0	4	0
42927	1 Apr 26	07:39:00	1	0	34	0	Ct	0	0	2	1	3	3	0	0	2	0	0	1	0	1	6	0	1	2	1	2	0	0	0	2	2	1	3	0	0	5	5	0	4	2
42928	1 Apr 26	07:40:00	1	0	34	0	Ct	0	0	3	1	0	0	0	0	2	2	1	2	0	1	0	1	0	0	4	0	0	0	0	1	1	0	1	0	1	1	0	0	0	0
42929	1 Apr 26	07:41:00	1	0	34	0	Ct	0	0	1	2	1	1	0	0	3	0	2	1	0	2	1	0	0	2	0	1	0	0	0	1	3	0	1	1	0	1	0	0	2	0
42930	1 Apr 26	07:42:00	1	0	34	0	Ct	0	0	0	4	1	1	0	0	1	0	0	1	0	1	2	6	1	0	0	0	1	0	2	1	2	1	1	0	0	3	3	0	0	0
42931	1 Apr 26	07:43:00	1	0	34	0	Ct	0	0	4	2	0	0	0	0	4	1	2	2	3	1	3	0	0	1	1	0	0	0	1	3	1	0	2	3	0	0	1	0	0	0
42932	1 Apr 26	07:44:00	1	0	34	0	Ct	0	0	2	0	1	0	0	0	1	1	0	0	1	0	0	2	2	3	0	0	1	0	1	0	3	1	1	1	2	4	1	0	3	0
42933	1 Apr 26	07:45:00	1	0	34	0	Ct	0	0	0	2	2	1	0	3	3	0	0	1	3	0	2	2	0	2	0	0	0	0	0	3	3	0	1	1	0	1	1	0	1	0
42934	1 Apr 26	07:46:00	1	0	34	0	Ct	0	0	4	1	1	7	0	2	4	1	2	2	0	2	4	0	2	3	0	0	2	0	3	2	4	0	1	4	0	2	0	0	1	0
42935	1 Apr 26	07:47:00	1	0	34	0	Ct	0	0	4	0	1	0	0	2	2	1	0	1	0	0	0	4	0	1	0	2	0	1	0	0	2	0	1	3	0	2	1	0	2	0
42936	1 Apr 26	07:48:00	1	0	34	0	Ct	0	0	0	1	0	4	0	0	3	2	0	1	0	1	3	1	0	2	1	0	0	0	3	1	1	0	1	2	0	1	1	0	2	1
42937	1 Apr 26	07:49:00	1	0	34	0	Ct	0	0	3	2	2	4	0	4	5	0	2	1	0	1	1	1	1	2	1	1	1	2	0	0	1	0	1	0	0	0	2	0	0	0
42938	1 Apr 26	07:50:00	1	0	34	0	Ct	0	0	0	0	0	1	0	2	1	1	0	0	0	1	2	2	2	2	2	3	0	0	0	2	3	0	1	2	0	0	0	0	1	0
42939	1 Apr 26	07:51:00	1	0	34	0	Ct	0	0	3	2	1	3	0	2	1	0	0	2	0	0	1	3	0	1	0	1	0	2	3	2	3	0	1	1	0	0	0	0	3	1
42940	1 Apr 26	07:52:00	1	0	34	0	Ct	0	0	1	0	1	5	0	2	3	1	0	1	0	1	1	2	0	4	2	0	1	2	1	1	2	0	2	0	0	0	0	0	3	2
42941	1 Apr 26	07:53:00	1	0	34	0	Ct	0	0	0	0	0	1	0	11	1	1	0	0	0	0	2	0	4	1	0	0	1	0	1	1	3	0	1	1	0	0	0	0	1	0
42942	1 Apr 26	07:54:00	1	0	34	0	Ct	0	0	2	0	1	1	0	2	1	1	2	1	0	0	0	1	0	0	0	2	0	0	0	0	1	0	1	3	1	1	0	0	1	0
42943	1 Apr 26	07:55:00	1	0	34	0	Ct	0	0	2	1	1	0	0	3	3	0	1	1	0	0	1	1	1	3	0	2	2	0	1	0	1	0	0	0	2	2	0	0	2	0
42944	1 Apr 26	07:56:00	1	0	34	0	Ct	0	0	1	4	0	2	0	0	0	0	1	2	0	2	3	0	1	4	0	2	2	0	1	0	1	0	2	0	0	1	0	0	2	2
42945	1 Apr 26	07:57:00	1	0	34	0	Ct	0	0	3	2	0	7	0	3	1	0	1	0	0	0	0	1	3	1	2	2	0	0	0	1	2	0	2	0	0	1	1	0	1	0
42946	1 Apr 26	07:58:00	1	0	34	0	Ct	0	0	0	1	1	1	0	0	3	1	0	1	0	1	1	2	2	1	2	3	0	0	1	2	3	0	1	0	0	1	1	0	2	0
42947	1 Apr 26	07:59:00	1	0	34	0	Ct	0	0	3	0	1	3	0	0	2	1	1	0	0	2	4	1	0	3	0	3	0	0	3	3	4	0	1	0	0	1	0	0	0	3
42948	1 Apr 26	08:00:00	1	0	34	0	Ct	0	0	0	0	0	5	0	3	2	2	2	0	0	1	0	0	0	2	3	0	2	0	2	0	3	1	0	0	0	2	5	0	0	0
42949	1 Apr 26	08:01:00	1	0	34	0	Ct	0	0	0	1	1	3	0	0	1	1	4	1	0	2	2	0	1	2	3	0	1	0	0	2	2	1	1	0	0	0	0	0	3	1
42950	1 Apr 26	08:02:00	1	0	34	0	Ct	0	0	0	0	2	1	0	3	2	0	2	1	0	1	3	0	2	3	2	0	0	0	0	1	2	1	1	0	0	0	0	0	1	1
42951	1 Apr 26	08:03:00	1	0	34	0	Ct	0	0	0	0	0	3	0	0	2	4	0	1	0	1	1	3	0	2	1	1	2	0	0	2	2	1	1	0	0	1	15	0	0	0
42952	1 Apr 26	08:04:00	1	0	34	0	Ct	0	0	3	2	1	9	0	0	6	1	1	1	7	1	0	0	0	2	0	1	0	4	0	1	1	1	1	0	0	0	4	0	2	0
42953	1 Apr 26	08:05:00	1	0	34	0	Ct	0	0	0	1	0	5	0	0	1	1	4	1	1	0	1	2	0	2	0	2	0	0	1	1	0	0	0	0	0	1	2	0	1	0
42954	1 Apr 26	08:06:00	1	0	34	0	Ct	0	0	0	0	2	8	0	0	2	1	0	3	1	1	0	1	0	2	0	1	0	0	1	1	1	0	3	0	2	2	0	0	2	2
42955	1 Apr 26	08:07:00	1	0	34	0	Ct	0	0	0	2	0	0	0	2	1	0	0	1	2	0	0	1	1	0	0	2	0	0	1	0	1	0	0	0	0	0	0	0	1	2
42956	1 Apr 26	08:08:00	1	0	34	0	Ct	0	0	1	1	1	9	0	0	2	1	1	1	4	2	4	0	0	2	0	2	0	0	1	1	3	0	1	1	0	0	0	0	0	0
42957	1 Apr 26	08:09:00	1	0	34	0	Ct	0	0	2	1	1	5	0	0	5	3	1	2	0	0	2	0	0	1	1	0	0	0	0	0	3	0	1	0	0	0	1	0	3	0
42958	1 Apr 26	08:10:00	1	0	34	0	Ct	0	0	1	0	1	1	0	0	0	0	0	2	0	1	0	0	1	0	0	0	0	0	0	1	1	0	1	0	0	0	0	0	1	0
42959	1 Apr 26	08:11:00	1	0	34	0	Ct	0	0	0	1	2	2	0	0	0	1	0	7	0	2	2	0	1	5	0	1	0	0	0	1	4	2	1	0	0	1	0	0	1	0
42960	1 Apr 26	08:12:00	1	0	34	0	Ct	0	0	0	0	3	2	0	3	1	0	0	1	0	0	2	0	0	2	1	1	1	0	1	1	1	1	0	0	0	1	0	0	2	2
42961	1 Apr 26	08:13:00	1	0	34	0	Ct	0	0	0	1	0	2	0	0	5	1	0	1	3	0	0	0	0	2	1	2	0	3	1	2	2	0	0	0	3	0	0	0	1	1
42962	1 Apr 26	08:14:00	1	0	34	0	Ct	0	0	0	1	2	2	0	2	2	0	1	1	0	1	4	0	0	3	1	0	0	0	3	0	1	0	1	0	4	0	3	0	2	3
42963	1 Apr 26	08:15:00	1	0	34	0	Ct	0	0	0	1	3	0	0	1	5	0	0	0	0	3	2	1	1	1	0	0	0	0	0	0	3	0	2	2	0	0	0	0	2	0
42964	1 Apr 26	08:16:00	1	0	34	0	Ct	0	0	0	1	0	0	0	9	1	0	2	0	0	0	2	3	0	3	1	3	1	0	3	1	3	0	2	0	0	1	2	0	1	2
42965	1 Apr 26	08:17:00	1	0	34	0	Ct	0	0	0	3	1	0	0	3	2	1	0	2	0	1	1	1	0	1	2	0	0	0	0	1	2	0	4	1	0	1	0	0	2	3
42966	1 Apr 26	08:18:00	1	0	34	0	Ct	0	0	0	0	0	0	0	3	3	0	0	5	0	0	2	1	0	4	0	1	1	0	1	1	1	0	1	1	0	0	0	0	3	0
42967	1 Apr 26	08:19:00	1	0	34	0	Ct	0	0	1	1	1	3	0	2	1	1	0	1	0	1	2	1	0	1	0	1	2	0	2	0	2	2	1	0	0	1	2	0	1	2
42968	1 Apr 26	08:20:00	1	0	34	0	Ct	0	0	2	0	1	0	0	1	3	0	2	3	0	1	3	4	1	2	0	1	2	0	1	0	2	0	2	1	0	1	0	0	2	0
42969	1 Apr 26	08:21:00	1	0	34	0	Ct	0	0	0	1	1	2	0	0	1	2	3	5	0	0	3	1	0	3	0	2	3	0	0	1	3	2	2	7	0	3	0	0	2	1
42970	1 Apr 26	08:22:00	1	0	34	0	Ct	0	0	2	0	2	12	0	0	2	2	0	1	0	0	1	0	0	3	1	1	1	4	0	1	2	1	1	1	0	1	0	0	1	1
42971	1 Apr 26	08:23:00	1	0	34	0	Ct	0	0	2	1	0	0	0	0	0	0	2	0	0	0	3	2	1	0	0	2	1	0	0	0	1	0	1	0	0	2	0	0	1	0
42972	1 Apr 26	08:24:00	1	0	34	0	Ct	0	0	1	2	2	0	0	0	2	1	3	0	0	0	2	1	2	1	1	1	0	1	6	1	5	1	1	2	0	3	0	0	2	0
42973	1 Apr 26	08:25:00	1	0	34	0	Ct	0	0	0	1	1	0	0	0	3	1	1	1	0	0	0	2	0	1	0	2	1	2	0	1	7	0	0	1	0	0	0	0	1	0
42974	1 Apr 26	08:26:00	1	0	34	0	Ct	0	0	0	1	9	2	0	0	1	2	0	2	0	0	0	3	0	1	0	1	0	10	0	1	2	0	1	0	0	0	4	0	3	2
42975	1 Apr 26	08:27:00	1	0	34	0	Ct	0	0	3	0	12	0	0	0	3	2	0	1	0	1	1	2	0	2	0	1	0	22	1	0	3	0	0	0	2	0	0	0	2	3
42976	1 Apr 26	08:28:00	1	0	34	0	Ct	0	0	1	0	1	2	0	0	3	2	0	1	2	1	2	1	0	0	2	0	0	2	2	2	3	0	1	0	0	3	0	0	0	2
42977	1 Apr 26	08:29:00	1	0	34	0	Ct	0	0	2	2	0	1	0	4	1	0	1	1	1	1	1	1	0	0	0	1	0	5	0	0	2	0	2	1	0	1	0	0	0	0
42978	1 Apr 26	08:30:00	1	0	34	0	Ct	0	0	1	0	1	6	0	0	2	1	3	1	1	0	3	0	3	2	0	3	0	0	2	1	2	0	1	0	0	0	0	0	1	1
42979	1 Apr 26	08:31:00	1	0	34	0	Ct	0	0	0	2	1	0	0	1	1	1	2	1	4	0	2	4	1	2	1	3	1	1	0	3	4	0	0	0	0	0	0	0	3	1
42980	1 Apr 26	08:32:00	1	0	34	0	Ct	0	0	0	1	1	0	0	0	3	2	1	0	0	1	4	0	0	1	0	2	1	6	0	1	3	0	1	0	0	1	0	0	1	2
42981	1 Apr 26	08:33:00	1	0	34	0	Ct	0	0	0	1	1	0	0	1	2	3	0	1	2	1	1	2	0	0	1	1	3	1	1	0	4	0	3	0	1	1	4	0	2	0
42982	1 Apr 26	08:34:00	1	0	34	0	Ct	0	0	0	0	0	0	0	1	1	1	0	1	0	1	0	0	1	3	0	2	1	1	4	2	1	0	0	0	1	1	0	0	3	0
42983	1 Apr 26	08:35:00	1	0	34	0	Ct	0	0	0	0	2	0	0	0	1	1	1	1	0	0	3	4	1	1	0	0	2	1	2	1	5	0	1	0	0	1	0	0	5	2
42984	1 Apr 26	08:36:00	1	0	34	0	Ct	0	0	0	2	0	0	0	0	1	4	0	0	0	0	0	3	0	1	2	0	1	1	0	0	3	1	1	0	0	2	3	0	2	2
42985	1 Apr 26	08:37:00	1	0	34	0	Ct	0	0	0	1	1	1	0	0	1	0	0	0	0	0	0	0	0	1	0	0	1	0	0	0	4	1	0	0	3	2	1	0	2	2
42986	1 Apr 26	08:38:00	1	0	34	0	Ct	0	0	0	1	1	3	0	0	2	0	3	3	0	1	1	1	1	0	1	0	0	0	0	0	2	2	2	0	0	0	3	0	0	0
42987	1 Apr 26	08:39:00	1	0	34	0	Ct	0	0	0	1	0	1	0	0	2	2	0	0	0	2	3	0	0	1	0	0	0	0	0	0	4	0	0	0	0	2	0	0	2	1
42988	1 Apr 26	08:40:00	1	0	34	0	Ct	0	0	0	1	2	2	0	0	2	2	0	2	2	0	1	0	2	2	1	0	0	0	0	0	3	0	0	0	0	1	1	0	0	1
42989	1 Apr 26	08:41:00	1	0	34	0	Ct	0	0	0	1	1	1	0	0	1	2	0	1	0	0	3	0	2	0	0	1	0	0	1	0	1	0	0	1	0	4	0	0	3	0
42990	1 Apr 26	08:42:00	1	0	34	0	Ct	0	0	0	1	3	2	0	0	1	1	0	0	0	0	1	0	0	1	0	1	0	0	2	0	1	0	2	3	0	1	0	0	3	1
42991	1 Apr 26	08:43:00	1	0	34	0	Ct	0	0	2	0	1	1	0	0	3	2	0	1	0	2	2	2	1	2	0	1	7	0	1	2	2	0	0	1	0	0	0	0	1	1
42992	1 Apr 26	08:44:00	1	0	34	0	Ct	0	0	3	0	0	0	0	0	0	1	0	0	0	2	3	1	0	2	0	3	0	0	0	1	4	1	2	1	2	1	2	0	4	0
42993	1 Apr 26	08:45:00	1	0	34	0	Ct	0	0	0	0	1	0	0	0	3	1	1	0	0	1	2	2	0	1	1	2	1	0	1	1	2	2	2	0	1	1	1	0	3	0
42994	1 Apr 26	08:46:00	1	0	34	0	Ct	0	0	2	1	0	0	0	0	3	0	0	0	0	1	2	3	0	1	0	3	2	0	1	3	3	0	0	0	0	1	3	0	2	0
42995	1 Apr 26	08:47:00	1	0	34	0	Ct	0	0	0	1	0	0	0	0	3	0	0	2	0	1	0	0	0	1	1	3	0	0	0	2	2	0	0	0	0	0	4	0	0	0
42996	1 Apr 26	08:48:00	1	0	34	0	Ct	0	0	0	0	0	0	0	0	3	0	0	1	0	0	0	4	1	4	0	0	0	0	5	0	3	0	2	0	0	2	6	0	3	0
42997	1 Apr 26	08:49:00	1	0	34	0	Ct	0	0	0	1	0	2	0	0	2	1	0	1	0	1	3	4	0	4	0	2	0	0	0	0	2	1	0	0	1	1	3	0	2	0
42998	1 Apr 26	08:50:00	1	0	34	0	Ct	0	0	0	0	0	0	0	0	3	1	0	2	0	2	1	0	0	1	0	1	2	2	1	2	1	2	2	4	1	1	0	0	3	0
42999	1 Apr 26	08:51:00	1	0	34	0	Ct	0	0	0	0	2	0	0	0	2	0	1	1	0	1	0	4	1	1	0	0	0	2	0	0	3	0	0	4	0	2	0	0	2	2
43000	1 Apr 26	08:52:00	1	0	34	0	Ct	0	0	0	2	0	0	0	0	2	1	1	3	0	0	3	0	0	1	0	0	1	1	2	4	2	0	1	1	0	2	0	0	1	1
43001	1 Apr 26	08:53:00	1	0	34	0	Ct	0	0	0	3	1	0	0	0	0	0	1	2	0	0	3	2	0	0	2	0	3	0	0	1	3	0	1	0	0	1	1	0	4	0
43002	1 Apr 26	08:54:00	1	0	34	0	Ct	0	0	2	1	0	2	0	0	2	0	2	2	7	0	2	1	1	3	0	0	1	0	3	2	2	0	2	0	0	0	0	0	0	1
43003	1 Apr 26	08:55:00	1	0	34	0	Ct	0	0	0	3	4	2	0	3	0	0	0	1	0	1	2	4	0	0	0	4	3	0	1	0	4	1	6	2	0	0	0	0	1	0
43004	1 Apr 26	08:56:00	1	0	34	0	Ct	0	0	2	1	1	0	0	0	0	1	0	1	0	1	2	0	0	3	1	0	0	0	0	0	2	0	0	0	0	4	4	0	2	1
43005	1 Apr 26	08:57:00	1	0	34	0	Ct	0	0	1	1	0	0	0	0	2	1	0	1	1	1	1	0	0	2	0	0	0	0	0	0	2	1	0	0	0	1	1	0	0	0
43006	1 Apr 26	08:58:00	1	0	34	0	Ct	0	0	0	0	0	0	0	0	2	0	1	0	0	0	1	4	1	2	0	0	2	0	0	1	3	0	2	0	0	2	3	0	0	0
43007	1 Apr 26	08:59:00	1	0	34	0	Ct	0	0	1	0	0	0	0	0	0	2	1	0	0	0	4	0	3	2	0	1	1	0	2	1	3	0	1	0	0	2	1	0	1	0
43008	1 Apr 26	09:00:00	1	0	34	0	Ct	0	0	0	1	0	0	0	0	0	0	0	0	1	1	3	1	2	1	0	2	1	0	1	1	1	0	3	0	0	3	1	0	2	0
43009	1 Apr 26	09:01:00	1	0	34	0	Ct	0	0	2	1	1	0	0	0	8	0	0	1	0	0	1	2	1	0	0	1	1	0	0	1	4	0	2	0	0	2	0	0	3	1
43010	1 Apr 26	09:02:00	1	0	34	0	Ct	0	0	2	0	1	0	0	0	0	0	4	1	0	0	1	2	1	1	0	1	0	2	0	1	2	0	0	0	1	0	2	0	3	3
43011	1 Apr 26	09:03:00	1	0	34	0	Ct	0	0	2	2	2	1	0	0	1	1	1	2	0	2	3	0	1	0	0	2	1	0	2	1	5	0	1	0	1	3	1	0	2	4
43012	1 Apr 26	09:04:00	1	0	34	0	Ct	0	0	0	1	1	2	0	0	1	0	1	3	2	1	0	0	0	3	0	2	3	0	1	1	2	0	1	0	0	2	6	0	2	0
43013	1 Apr 26	09:05:00	1	0	34	0	Ct	0	0	0	0	1	0	0	0	0	3	1	0	0	2	2	1	1	0	0	2	1	0	1	1	2	0	0	0	2	2	4	0	5	1
43014	1 Apr 26	09:06:00	1	0	34	0	Ct	0	0	0	1	1	0	0	4	0	0	0	1	0	1	2	2	1	1	1	1	0	0	1	1	3	1	3	0	5	1	0	0	4	0
43015	1 Apr 26	09:07:00	1	0	34	0	Ct	0	0	0	1	1	0	0	2	3	1	3	1	0	1	1	1	1	3	0	3	2	0	0	2	3	0	3	0	0	2	0	0	0	1
43016	1 Apr 26	09:08:00	1	0	34	0	Ct	0	0	0	0	0	1	0	2	2	1	1	0	0	3	1	1	0	2	0	1	1	8	0	1	4	0	0	0	0	1	1	0	2	2
43017	1 Apr 26	09:09:00	1	0	34	0	Ct	0	0	0	1	3	1	0	4	1	1	0	1	0	0	1	1	2	0	0	2	0	0	0	2	4	0	1	0	4	0	2	0	1	1
43018	1 Apr 26	09:10:00	1	0	34	0	Ct	0	0	0	2	2	0	0	1	2	0	0	0	0	0	0	0	0	2	1	2	2	0	0	1	1	1	1	0	0	5	0	0	1	0
43019	1 Apr 26	09:11:00	1	0	34	0	Ct	0	0	1	0	1	0	0	3	2	0	1	1	0	0	2	1	4	4	1	0	2	0	0	1	2	0	0	0	0	0	0	0	2	0
43020	1 Apr 26	09:12:00	1	0	34	0	Ct	0	0	1	1	2	4	0	0	2	1	0	0	0	1	1	1	0	1	0	0	3	0	0	0	2	0	2	0	0	2	0	0	2	2
43021	1 Apr 26	09:13:00	1	0	34	0	Ct	0	0	1	1	1	1	0	1	2	0	2	3	1	1	0	2	0	2	3	2	1	1	0	1	3	1	0	0	0	1	1	0	1	1
43022	1 Apr 26	09:14:00	1	0	34	0	Ct	0	0	2	0	0	1	0	2	1	1	1	2	3	0	2	0	3	2	0	0	1	0	3	1	3	1	2	0	11	0	1	0	2	2
43023	1 Apr 26	09:15:00	1	0	34	0	Ct	0	0	0	3	0	2	0	0	1	5	1	1	6	1	3	0	1	2	1	0	2	1	0	2	3	1	1	0	2	0	4	0	5	3
43024	1 Apr 26	09:16:00	1	0	34	0	Ct	0	0	0	0	1	0	0	0	3	2	2	2	0	0	4	0	0	2	0	3	0	2	1	0	5	0	2	0	0	0	0	0	3	1
43025	1 Apr 26	09:17:00	1	0	34	0	Ct	0	0	0	2	1	2	0	0	1	0	1	3	0	2	1	1	0	0	0	6	0	1	1	1	2	1	2	0	4	0	0	0	1	0
43026	1 Apr 26	09:18:00	1	0	34	0	Ct	0	0	0	0	0	0	0	2	1	1	0	1	0	1	1	2	3	3	0	3	0	0	1	1	2	0	2	0	1	0	0	0	1	1
43027	1 Apr 26	09:19:00	1	0	34	0	Ct	0	0	3	3	6	0	0	4	2	1	3	0	2	1	0	0	0	2	0	1	0	0	1	2	3	0	3	0	0	0	1	0	2	1
43028	1 Apr 26	09:20:00	1	0	34	0	Ct	0	0	1	0	2	0	0	0	3	2	1	0	6	2	3	1	0	0	1	3	0	2	0	4	3	0	1	0	0	1	0	0	2	1
43029	1 Apr 26	09:21:00	1	0	34	0	Ct	0	0	0	2	1	1	0	0	1	0	1	0	2	1	1	0	0	1	1	0	2	3	0	2	2	1	1	0	0	1	0	0	0	0
43030	1 Apr 26	09:22:00	1	0	34	0	Ct	0	0	4	6	1	1	0	1	1	0	2	1	0	0	3	2	2	1	0	1	2	0	0	1	4	0	2	0	0	0	0	0	2	0
43031	1 Apr 26	09:23:00	1	0	34	0	Ct	0	0	1	0	1	1	0	0	2	1	0	7	0	0	2	1	1	2	0	3	2	0	0	2	2	0	2	0	0	0	4	0	1	1
43032	1 Apr 26	09:24:00	1	0	34	0	Ct	0	0	0	3	1	1	0	2	1	0	0	1	0	3	1	3	0	2	1	4	1	0	1	0	2	0	1	0	3	0	0	0	0	1
43033	1 Apr 26	09:25:00	1	0	34	0	Ct	0	0	0	1	1	4	0	1	0	1	0	0	0	0	4	0	1	4	1	1	2	4	0	1	2	1	0	0	0	0	1	0	0	2
43034	1 Apr 26	09:26:00	1	0	34	0	Ct	0	0	0	1	1	1	0	2	0	0	0	1	0	2	1	1	0	1	0	1	1	0	4	0	3	0	1	0	0	1	1	0	0	2
43035	1 Apr 26	09:27:00	1	0	34	0	Ct	0	0	0	1	3	5	0	1	2	1	1	1	1	1	2	1	0	4	0	2	0	3	1	2	2	0	7	0	0	1	0	0	1	2
43036	1 Apr 26	09:28:00	1	0	34	0	Ct	0	0	2	0	1	0	0	1	3	0	0	2	3	0	1	7	2	1	0	4	0	0	0	1	4	0	2	0	0	2	1	0	1	0
43037	1 Apr 26	09:29:00	1	0	34	0	Ct	0	0	1	0	1	0	0	1	1	0	0	2	0	1	3	2	0	1	0	4	0	2	0	1	2	1	0	0	0	1	1	0	2	0
43038	1 Apr 26	09:30:00	1	0	34	0	Ct	0	0	2	2	1	0	0	1	5	1	0	0	3	0	1	0	0	2	0	1	2	0	0	4	2	1	3	0	0	0	1	0	1	1
43039	1 Apr 26	09:31:00	1	0	34	0	Ct	0	0	2	0	5	0	0	5	2	0	1	1	1	3	3	0	0	1	0	1	1	1	1	2	3	0	2	1	0	0	0	0	0	0
43040	1 Apr 26	09:32:00	1	0	34	0	Ct	0	0	2	1	1	0	0	2	0	0	0	0	0	0	0	2	1	1	0	1	1	0	1	3	1	1	0	0	2	0	0	0	0	0
43041	1 Apr 26	09:33:00	1	0	34	0	Ct	0	0	0	2	2	2	0	1	2	0	0	3	0	1	0	0	0	2	0	1	1	2	1	1	4	0	2	0	0	1	0	0	2	0
43042	1 Apr 26	09:34:00	1	0	34	0	Ct	0	0	0	0	2	0	0	2	1	1	0	1	0	0	0	3	0	1	0	3	0	0	0	1	4	0	1	4	0	0	0	0	1	0
43043	1 Apr 26	09:35:00	1	0	34	0	Ct	0	0	3	1	2	0	0	0	1	2	1	2	1	3	3	3	2	2	0	2	1	2	0	0	5	0	2	1	0	2	0	0	1	0
43044	1 Apr 26	09:36:00	1	0	34	0	Ct	0	0	1	3	3	0	0	1	0	0	0	2	0	0	2	3	1	1	0	2	1	0	0	1	5	1	1	0	1	1	0	0	0	0
43045	1 Apr 26	09:37:00	1	0	34	0	Ct	0	0	1	0	2	2	0	1	0	1	0	1	1	1	2	1	2	3	0	1	0	4	0	1	3	1	1	6	1	3	2	0	0	0
43046	1 Apr 26	09:38:00	1	0	34	0	Ct	0	0	1	1	1	1	0	4	0	2	2	0	2	1	1	0	1	1	0	3	1	3	0	1	1	2	1	3	3	1	0	0	1	0
43047	1 Apr 26	09:39:00	1	0	34	0	Ct	0	0	0	0	2	0	0	0	4	1	4	4	4	2	1	3	0	2	0	1	2	0	2	3	3	0	1	3	3	2	0	0	1	2
43048	1 Apr 26	09:40:00	1	0	34	0	Ct	0	0	0	0	1	3	0	1	1	1	1	1	0	2	2	0	0	1	0	2	0	2	0	1	2	1	1	0	0	0	0	0	1	2
43049	1 Apr 26	09:41:00	1	0	34	0	Ct	0	0	1	2	0	0	0	2	0	1	0	1	0	0	3	0	0	2	2	3	0	0	1	1	1	1	1	0	1	0	1	0	1	0
43050	1 Apr 26	09:42:00	1	0	34	0	Ct	0	0	1	1	3	0	0	0	0	0	1	1	0	1	1	0	0	1	0	1	1	0	0	2	5	1	1	0	0	1	2	0	2	0
43051	1 Apr 26	09:43:00	1	0	34	0	Ct	0	0	1	0	0	0	0	0	0	1	7	2	0	3	5	3	0	0	1	1	2	0	2	2	3	0	2	0	0	1	1	0	1	1
43052	1 Apr 26	09:44:00	1	0	34	0	Ct	0	0	1	1	1	0	0	0	0	1	0	0	0	0	2	3	0	3	1	3	0	7	1	4	0	0	1	1	0	0	0	0	1	1
43053	1 Apr 26	09:45:00	1	0	34	0	Ct	0	0	1	1	4	0	0	0	3	1	1	2	0	0	2	3	0	1	0	2	0	1	1	1	6	0	1	3	0	0	5	0	2	0
43054	1 Apr 26	09:46:00	1	0	34	0	Ct	0	0	2	0	2	0	0	1	1	2	2	1	0	0	1	4	0	1	0	2	4	0	1	2	2	0	0	0	0	0	1	0	0	0
43055	1 Apr 26	09:47:00	1	0	34	0	Ct	0	0	1	1	2	0	0	1	0	2	0	1	4	1	0	3	0	2	0	3	0	1	0	1	1	0	2	1	0	0	0	0	1	2
43056	1 Apr 26	09:48:00	1	0	34	0	Ct	0	0	0	3	2	0	0	2	1	0	1	1	0	0	4	1	1	1	1	0	0	8	1	2	2	0	5	2	0	1	1	0	3	0
43057	1 Apr 26	09:49:00	1	0	34	0	Ct	0	0	0	2	2	0	0	1	3	1	1	1	2	1	3	1	0	1	0	0	0	0	2	2	2	0	0	3	0	2	1	0	1	0
43058	1 Apr 26	09:50:00	1	0	34	0	Ct	0	0	2	0	2	0	0	2	1	0	2	3	8	1	1	1	0	2	0	1	5	0	0	2	2	0	2	2	0	2	0	0	1	0
43059	1 Apr 26	09:51:00	1	0	34	0	Ct	0	0	0	3	0	0	0	1	0	2	3	1	0	2	1	0	0	1	0	1	0	0	1	0	1	0	1	2	0	1	2	0	2	0
43060	1 Apr 26	09:52:00	1	0	34	0	Ct	0	0	1	0	1	0	0	1	1	0	2	2	0	0	2	0	0	1	0	2	1	0	3	2	0	0	2	2	0	1	0	0	0	0
43061	1 Apr 26	09:53:00	1	0	34	0	Ct	0	0	3	2	1	0	0	0	0	0	1	1	1	0	1	0	0	1	0	5	0	2	0	3	2	0	3	1	0	1	0	0	2	0
43062	1 Apr 26	09:54:00	1	0	34	0	Ct	0	0	0	0	3	0	0	0	0	1	1	1	0	3	2	1	1	1	0	1	0	0	1	2	2	0	1	2	0	3	0	0	5	1
43063	1 Apr 26	09:55:00	1	0	34	0	Ct	0	0	0	1	4	0	0	0	0	1	1	2	0	1	1	0	0	3	0	2	1	0	1	1	2	0	1	0	0	0	0	0	1	2
43064	1 Apr 26	09:56:00	1	0	34	0	Ct	0	0	3	1	3	0	0	0	1	1	0	2	0	0	2	0	0	2	0	0	0	0	0	2	3	1	4	0	0	0	0	0	0	2
43065	1 Apr 26	09:57:00	1	0	34	0	Ct	0	0	3	1	0	0	0	0	2	1	1	2	0	2	0	1	0	1	0	0	0	1	0	1	3	0	1	0	2	1	0	0	2	0
43066	1 Apr 26	09:58:00	1	0	34	0	Ct	0	0	0	0	1	0	0	0	2	0	1	2	10	0	2	1	0	1	1	0	1	0	0	2	2	2	1	0	0	0	2	0	2	1
43067	1 Apr 26	09:59:00	1	0	34	0	Ct	0	0	1	1	1	0	0	0	2	0	1	3	0	1	1	0	1	2	2	3	0	0	0	1	4	1	3	1	2	0	1	0	3	0
43068	1 Apr 26	10:00:00	1	0	34	0	Ct	0	0	1	1	2	0	0	0	0	3	0	1	4	0	1	5	0	1	1	0	0	0	4	2	2	0	4	0	2	2	0	0	1	0
43069	1 Apr 26	10:01:00	1	0	34	0	Ct	0	0	2	0	2	1	0	0	1	0	0	3	0	0	1	1	0	1	2	0	0	0	0	1	1	0	3	4	0	1	1	0	0	3
43070	1 Apr 26	10:02:00	1	0	34	0	Ct	0	0	0	1	0	0	0	0	0	2	0	0	0	0	2	3	2	3	0	0	0	0	0	2	4	1	2	0	0	2	3	0	0	2
43071	1 Apr 26	10:03:00	1	0	34	0	Ct	0	0	1	0	0	1	0	0	0	0	0	2	0	0	0	0	5	0	1	0	1	0	0	3	2	0	1	0	0	0	4	0	3	0
43072	1 Apr 26	10:04:00	1	0	34	0	Ct	0	0	1	1	0	2	0	0	1	1	0	1	0	1	1	6	0	1	1	0	0	2	0	0	2	0	1	0	0	1	0	0	0	1
43073	1 Apr 26	10:05:00	1	0	34	0	Ct	0	0	4	1	0	2	0	1	0	0	1	0	0	0	1	0	0	3	1	0	1	0	0	0	2	0	1	0	0	2	1	0	2	1
43074	1 Apr 26	10:06:00	1	0	34	0	Ct	0	0	0	0	2	2	0	1	3	0	3	0	0	1	3	6	0	5	0	1	1	0	0	0	3	2	0	0	0	3	2	0	4	2
43075	1 Apr 26	10:07:00	1	0	34	0	Ct	0	0	1	3	1	0	0	0	0	1	0	0	0	0	1	0	0	2	0	1	1	0	0	3	3	1	2	0	1	0	2	0	0	3
43076	1 Apr 26	10:08:00	1	0	34	0	Ct	0	0	1	1	0	1	0	0	0	1	0	3	2	1	1	3	0	5	0	3	0	6	1	2	2	0	1	1	3	0	1	0	0	3
43077	1 Apr 26	10:09:00	1	0	34	0	Ct	0	0	0	0	2	0	0	0	0	1	0	0	1	1	5	0	1	1	0	1	0	2	1	1	4	0	1	5	0	0	0	0	1	2
43078	1 Apr 26	10:10:00	1	0	34	0	Ct	0	1	0	2	1	1	0	0	0	1	1	2	3	0	1	2	0	0	0	3	2	0	0	0	0	1	0	2	0	1	0	0	2	0
43079	1 Apr 26	10:11:00	1	0	34	0	Ct	0	1	0	1	1	1	0	0	0	0	2	0	0	0	0	1	0	0	0	2	0	2	0	0	1	0	0	0	1	0	0	0	0	0
43080	1 Apr 26	10:12:00	1	0	34	0	Ct	0	1	0	0	0	0	0	0	0	0	0	2	0	0	1	4	0	0	0	0	0	5	0	0	0	0	0	0	0	0	0	0	0	0
43081	1 Apr 26	10:13:00	1	0	34	0	Ct	0	1	1	2	0	0	0	0	1	0	0	0	1	0	0	2	0	3	1	0	0	0	0	0	0	0	0	0	0	3	0	0	0	2
43082	1 Apr 26	10:14:00	1	0	34	0	Ct	0	1	1	3	1	2	0	1	0	0	1	0	2	0	1	0	0	0	1	0	0	0	0	0	0	0	0	0	0	0	1	0	3	1
43083	1 Apr 26	10:15:00	1	0	34	0	Ct	0	1	0	1	1	0	0	1	0	0	1	0	0	0	1	2	0	3	1	0	0	0	0	0	1	0	0	0	0	0	2	0	2	1
43084	1 Apr 26	10:16:00	1	0	34	0	Ct	0	1	2	2	0	0	0	0	1	0	0	0	0	0	2	0	0	0	0	0	1	0	0	2	0	0	0	0	0	0	0	0	3	2
43085	1 Apr 26	10:17:00	1	0	34	0	Ct	0	1	2	2	1	1	0	0	1	0	1	0	0	1	1	0	2	1	0	0	1	0	0	2	1	1	0	0	0	0	0	0	1	2
43086	1 Apr 26	10:18:00	1	0	34	0	Ct	0	1	0	1	1	1	0	2	1	0	0	4	0	0	1	0	0	0	0	1	1	4	0	0	1	2	0	0	0	0	0	0	3	0
43087	1 Apr 26	10:19:00	1	0	34	0	Ct	0	1	0	0	0	0	0	3	0	0	2	1	0	2	1	0	0	0	0	0	0	6	1	1	3	0	0	0	0	0	0	0	2	1
43088	1 Apr 26	10:20:00	1	0	34	0	Ct	0	1	0	1	2	1	0	0	2	0	2	1	0	0	1	0	0	0	1	0	2	0	1	1	0	0	0	0	0	1	0	0	2	0
43089	1 Apr 26	10:21:00	1	0	34	0	Ct	0	1	0	2	0	0	0	0	2	0	3	0	0	1	1	2	1	1	0	1	0	0	1	0	0	1	0	0	0	1	0	0	1	0
43090	1 Apr 26	10:22:00	1	0	34	0	Ct	0	1	0	1	1	1	0	1	2	0	3	3	0	2	2	1	1	1	1	1	1	2	1	1	1	0	0	0	0	0	4	0	2	0
43091	1 Apr 26	10:23:00	1	0	34	0	Ct	0	1	0	1	1	0	0	1	4	0	1	0	0	0	0	0	0	2	0	0	1	0	1	1	1	1	0	0	1	2	0	0	0	0
43092	1 Apr 26	10:24:00	1	0	34	0	Ct	0	1	0	1	2	0	0	3	2	0	0	2	1	0	3	4	0	1	0	2	1	0	3	0	0	0	0	0	0	2	4	0	0	0
43093	1 Apr 26	10:25:00	1	0	34	0	Ct	0	1	0	6	4	1	0	2	1	0	1	0	0	2	2	0	0	1	0	1	3	0	0	1	0	0	0	0	0	0	0	0	4	2
43094	1 Apr 26	10:26:00	1	0	34	0	Ct	0	1	0	0	1	1	0	2	1	0	0	2	2	0	4	0	0	4	0	0	0	0	0	1	1	4	0	0	0	0	0	0	1	0
43095	1 Apr 26	10:27:00	1	0	34	0	Ct	0	1	2	2	1	1	0	0	3	1	1	3	0	1	4	0	1	1	0	2	0	1	0	1	0	1	0	0	0	1	4	0	1	0
43096	1 Apr 26	10:28:00	1	0	34	0	Ct	0	1	1	1	0	1	0	2	1	0	1	2	0	1	1	0	3	2	1	1	1	0	0	0	0	0	0	0	0	0	0	0	3	1
43097	1 Apr 26	10:29:00	1	0	34	0	Ct	0	1	0	1	1	1	0	2	1	0	0	3	0	1	2	0	0	0	7	0	1	3	0	1	0	0	0	0	1	0	1	0	3	3
43098	1 Apr 26	10:30:00	1	0	34	0	Ct	0	1	0	1	1	5	0	0	2	0	0	1	0	1	3	1	0	1	2	2	0	0	0	1	2	1	0	0	0	0	1	0	2	0
43099	1 Apr 26	10:31:00	1	0	34	0	Ct	0	1	0	0	1	1	0	2	0	0	0	1	0	0	1	0	3	2	0	1	1	2	0	2	4	0	0	0	0	0	1	0	3	2
43100	1 Apr 26	10:32:00	1	0	34	0	Ct	0	1	0	2	3	3	0	0	3	0	0	0	0	0	2	0	2	4	1	1	1	0	0	0	0	2	0	0	0	0	0	0	0	1
43101	1 Apr 26	10:33:00	1	0	34	0	Ct	0	1	0	1	3	0	0	0	0	0	0	1	0	1	1	0	1	1	0	1	0	0	0	0	1	0	0	0	0	1	0	0	2	1
43102	1 Apr 26	10:34:00	1	0	34	0	Ct	0	1	0	4	2	3	0	0	2	0	0	0	0	2	2	1	0	0	0	0	1	0	0	1	1	2	0	0	0	0	0	0	4	0
43103	1 Apr 26	10:35:00	1	0	34	0	Ct	0	1	0	1	2	0	0	3	2	0	0	0	2	0	1	0	0	2	0	1	2	0	0	1	0	0	0	0	0	1	0	0	4	1
43104	1 Apr 26	10:36:00	1	0	34	0	Ct	0	1	0	6	1	0	0	0	1	0	0	1	12	2	1	0	1	3	1	1	0	0	0	1	1	1	0	0	0	1	0	0	2	1
43105	1 Apr 26	10:37:00	1	0	34	0	Ct	0	1	0	1	2	2	0	2	2	0	2	1	0	1	1	0	6	0	1	1	0	1	0	1	2	0	0	0	0	0	0	0	1	2
43106	1 Apr 26	10:38:00	1	0	34	0	Ct	0	1	1	1	1	0	0	1	6	0	0	0	6	0	0	0	2	2	0	2	2	0	2	0	2	0	0	0	0	0	1	0	4	2
43107	1 Apr 26	10:39:00	1	0	34	0	Ct	0	1	1	0	1	3	0	0	4	0	0	0	0	1	1	6	2	1	0	1	1	0	3	0	1	0	0	0	0	1	6	0	2	1
43108	1 Apr 26	10:40:00	1	0	34	0	Ct	0	1	0	1	1	2	0	0	3	0	1	2	0	1	1	0	1	2	0	2	0	0	0	0	0	0	0	0	1	1	2	0	1	3
43109	1 Apr 26	10:41:00	1	0	34	0	Ct	0	1	0	2	1	1	0	0	1	0	0	3	3	0	2	1	1	2	0	1	0	0	0	2	2	0	0	0	1	0	0	0	0	0
43110	1 Apr 26	10:42:00	1	0	34	0	Ct	0	1	0	0	2	1	0	2	1	0	0	1	1	2	1	5	1	3	0	1	0	0	2	1	0	0	0	0	0	0	1	0	2	0
43111	1 Apr 26	10:43:00	1	0	34	0	Ct	0	1	0	1	0	0	0	2	4	0	2	3	0	0	1	0	1	1	0	0	1	0	0	2	2	2	0	0	0	1	1	0	2	0
43112	1 Apr 26	10:44:00	1	0	34	0	Ct	0	1	0	4	4	3	0	3	4	0	3	0	0	2	2	0	1	1	0	1	0	0	1	0	0	0	0	0	0	0	0	0	2	0
43113	1 Apr 26	10:45:00	1	0	34	0	Ct	0	1	0	1	0	2	0	2	0	0	0	4	0	1	1	0	0	1	1	1	1	0	0	0	2	0	0	0	1	0	2	0	2	0
43114	1 Apr 26	10:46:00	1	0	34	0	Ct	0	1	0	2	1	0	0	0	2	0	2	1	0	1	1	0	1	1	3	4	0	1	0	0	0	1	0	0	0	0	0	0	0	0
43115	1 Apr 26	10:47:00	1	0	34	0	Ct	0	1	0	1	2	0	0	0	3	0	2	0	0	1	1	0	2	5	1	3	1	2	0	0	0	1	0	0	0	0	1	0	1	0
43116	1 Apr 26	10:48:00	1	0	34	0	Ct	0	1	0	2	1	0	0	2	0	0	3	1	0	1	2	0	1	0	0	1	0	0	0	2	0	1	0	0	0	2	0	0	1	0
43117	1 Apr 26	10:49:00	1	0	34	0	Ct	0	1	0	1	1	0	0	0	1	0	1	1	0	1	2	0	1	2	1	2	2	1	0	2	0	5	0	0	1	10	0	0	0	0
43118	1 Apr 26	10:50:00	1	0	34	0	Ct	0	1	0	3	1	0	0	0	1	0	0	1	0	1	1	2	1	1	0	1	0	1	0	4	0	1	0	0	1	1	0	0	1	1
43119	1 Apr 26	10:51:00	1	0	34	0	Ct	0	1	0	0	1	0	0	0	4	0	2	1	2	1	2	0	0	1	1	2	0	4	0	2	0	0	0	0	0	0	0	0	2	1
43120	1 Apr 26	10:52:00	1	0	34	0	Ct	0	1	0	0	0	0	0	0	2	0	0	0	0	0	0	0	1	2	0	2	0	4	0	0	0	1	0	0	0	1	0	0	5	0
43121	1 Apr 26	10:53:00	1	0	34	0	Ct	0	1	0	1	2	0	0	2	1	0	1	2	1	1	1	2	2	0	0	2	0	4	0	4	0	0	0	0	0	0	3	0	0	0
43122	1 Apr 26	10:54:00	1	0	34	0	Ct	0	1	0	1	2	1	0	0	1	0	1	1	0	1	1	2	2	0	0	0	0	0	0	0	0	0	0	0	0	1	1	0	0	0
43123	1 Apr 26	10:55:00	1	0	34	0	Ct	0	1	0	4	1	0	0	0	4	0	0	0	1	0	2	0	2	1	2	2	0	4	0	0	1	0	0	0	2	0	0	0	2	0
43124	1 Apr 26	10:56:00	1	0	34	0	Ct	0	1	0	1	1	1	0	0	3	4	1	0	0	0	3	0	0	1	0	3	0	0	0	0	1	0	0	0	0	0	0	0	2	0
43125	1 Apr 26	10:57:00	1	0	34	0	Ct	0	1	0	0	1	1	0	0	5	0	0	0	0	0	3	0	2	0	0	0	0	0	0	1	0	0	0	0	0	0	0	0	0	0
43126	1 Apr 26	10:58:00	1	0	34	0	Ct	0	1	0	1	0	1	0	3	2	0	0	3	0	0	2	0	2	1	1	2	0	1	0	0	0	0	0	0	1	0	0	0	0	0
43127	1 Apr 26	10:59:00	1	0	34	0	Ct	0	1	0	1	1	0	0	3	0	0	0	3	5	0	1	0	1	0	1	0	0	0	0	0	1	0	0	0	0	2	0	0	0	0
43128	1 Apr 26	11:00:00	1	0	34	0	Ct	0	1	0	2	1	0	0	2	0	0	1	2	1	1	2	0	5	2	0	2	0	0	0	2	0	5	0	0	0	5	0	0	2	2
43129	1 Apr 26	11:01:00	1	0	34	0	Ct	0	1	0	1	2	2	0	0	2	0	2	0	1	1	1	2	3	2	1	2	0	0	0	0	1	0	0	0	1	2	0	0	1	2
43130	1 Apr 26	11:02:00	1	0	34	0	Ct	0	1	0	4	1	1	0	0	2	0	1	3	1	1	0	0	1	1	1	0	2	0	0	2	0	3	0	0	3	0	0	0	2	0
43131	1 Apr 26	11:03:00	1	0	34	0	Ct	0	1	1	1	5	1	0	3	1	2	0	0	0	1	1	1	1	3	0	0	1	0	0	0	0	2	0	0	0	1	0	0	2	0
43132	1 Apr 26	11:04:00	1	0	34	0	Ct	0	1	0	4	0	4	0	1	1	1	0	0	0	1	2	0	0	1	0	1	1	0	0	0	0	2	0	0	0	0	0	0	0	0
43133	1 Apr 26	11:05:00	1	0	34	0	Ct	0	1	2	1	0	0	0	1	2	0	0	2	0	1	2	0	3	2	3	0	0	0	0	0	0	1	0	0	2	0	0	0	0	2
43134	1 Apr 26	11:06:00	1	0	34	0	Ct	0	1	0	0	0	3	0	2	1	1	1	1	0	1	2	4	3	1	0	1	1	0	0	0	0	0	0	0	1	1	0	0	1	2
43135	1 Apr 26	11:07:00	1	0	34	0	Ct	0	1	0	1	0	0	0	0	3	1	0	0	0	0	0	0	2	2	1	0	0	0	0	0	0	1	0	0	1	0	0	0	3	1
43136	1 Apr 26	11:08:00	1	0	34	0	Ct	0	1	0	1	0	1	0	3	1	0	1	0	0	3	2	1	1	1	1	1	2	0	0	0	0	1	0	0	1	3	0	0	2	2
43137	1 Apr 26	11:09:00	1	0	34	0	Ct	0	1	0	1	2	7	0	1	2	0	0	0	0	0	0	0	2	1	3	3	1	0	0	0	0	0	0	0	1	0	0	0	1	2
43138	1 Apr 26	11:10:00	1	0	34	0	Ct	0	1	0	1	1	0	0	0	1	2	0	0	0	0	2	1	1	2	0	2	0	0	0	0	0	0	0	0	0	0	0	0	4	0
43139	1 Apr 26	11:11:00	1	0	34	0	Ct	0	1	0	2	0	0	0	0	2	0	2	0	0	1	1	0	0	0	0	2	2	0	0	0	0	0	0	0	0	0	0	0	0	0
43140	1 Apr 26	11:12:00	1	0	34	0	Ct	0	1	0	1	1	0	0	0	3	0	3	3	0	2	1	0	0	2	0	1	0	0	0	0	0	1	0	0	0	0	0	0	3	2
43141	1 Apr 26	11:13:00	1	0	34	0	Ct	0	1	0	0	1	0	0	0	0	4	0	0	0	1	0	0	1	1	1	0	0	0	0	1	0	0	0	0	1	0	2	0	2	0
43142	1 Apr 26	11:14:00	1	0	34	0	Ct	0	1	0	1	2	0	0	0	0	3	1	2	0	1	2	0	1	1	0	1	0	0	0	1	0	1	0	0	0	0	5	0	1	0
43143	1 Apr 26	11:15:00	1	0	34	0	Ct	0	1	0	1	2	0	0	2	1	0	0	2	0	1	1	0	0	1	0	1	0	0	0	2	0	0	0	0	1	0	1	0	3	0
43144	1 Apr 26	11:16:00	1	0	34	0	Ct	0	1	0	0	0	0	0	1	1	0	0	1	0	1	2	0	1	0	0	1	1	0	0	0	0	0	0	0	0	0	0	0	2	0
43145	1 Apr 26	11:17:00	1	0	34	0	Ct	0	1	0	1	1	0	0	0	0	0	0	0	13	1	0	0	2	2	0	1	1	0	0	0	0	1	0	0	2	1	2	0	4	0
43146	1 Apr 26	11:18:00	1	0	34	0	Ct	0	1	0	1	2	0	0	0	3	0	0	1	2	2	1	0	0	1	0	0	1	0	0	0	0	1	0	0	2	1	0	0	3	0
43147	1 Apr 26	11:19:00	1	0	34	0	Ct	0	1	0	0	1	0	0	0	1	0	0	2	0	1	0	0	0	2	1	0	2	0	0	2	0	0	0	0	0	0	1	0	0	0
43148	1 Apr 26	11:20:00	1	0	34	0	Ct	0	1	0	1	4	3	0	0	1	0	0	3	0	2	0	1	4	1	1	3	0	0	0	1	0	1	0	0	0	0	0	0	0	0
43149	1 Apr 26	11:21:00	1	0	34	0	Ct	0	1	0	1	0	1	0	2	0	0	0	2	0	1	5	0	1	0	1	2	0	3	0	0	1	0	0	0	0	0	1	0	2	0
43150	1 Apr 26	11:22:00	1	0	34	0	Ct	0	1	0	2	2	1	0	2	2	2	1	2	0	1	3	0	2	1	0	2	0	0	2	0	0	1	0	0	1	0	0	0	0	0
43151	1 Apr 26	11:23:00	1	0	34	0	Ct	0	1	0	1	1	2	0	3	2	1	0	4	0	1	3	0	0	1	0	1	0	0	0	0	0	0	0	0	0	0	1	0	0	1
43152	1 Apr 26	11:24:00	1	0	34	0	Ct	0	1	0	2	0	3	0	3	1	1	1	3	0	2	1	1	1	0	0	2	0	2	4	0	0	2	0	0	0	0	0	0	0	1
43153	1 Apr 26	11:25:00	1	0	34	0	Ct	0	1	0	1	1	3	0	3	1	1	0	1	3	1	2	1	1	1	0	0	0	0	0	1	0	0	0	0	0	0	0	0	0	0
43154	1 Apr 26	11:26:00	1	0	34	0	Ct	0	1	0	2	3	0	0	1	1	1	0	0	0	1	1	0	0	1	0	4	0	0	0	1	0	0	0	0	2	1	0	0	1	0
43155	1 Apr 26	11:27:00	1	0	34	0	Ct	0	1	0	2	1	0	0	0	1	2	0	0	5	3	1	1	1	2	0	0	0	0	0	3	0	1	0	0	1	1	0	0	1	2
43156	1 Apr 26	11:28:00	1	0	34	0	Ct	0	1	0	1	1	0	0	0	2	0	0	1	1	1	0	0	1	1	1	2	0	0	0	2	0	1	0	0	1	0	0	0	2	0
43157	1 Apr 26	11:29:00	1	0	34	0	Ct	0	1	0	1	0	0	0	0	0	0	0	1	0	4	1	0	0	1	2	2	0	1	0	1	0	0	0	0	0	0	0	0	0	0
43158	1 Apr 26	11:30:00	1	0	34	0	Ct	0	1	0	0	1	0	0	1	3	0	0	0	0	0	1	0	3	0	0	1	1	0	0	0	0	0	0	0	0	1	0	0	1	1
43159	1 Apr 26	11:31:00	1	0	34	0	Ct	0	1	0	1	2	0	0	1	1	0	0	2	0	1	1	0	1	1	0	0	0	0	2	2	0	0	0	0	0	0	0	0	2	1
43160	1 Apr 26	11:32:00	1	0	34	0	Ct	0	1	0	2	0	0	0	2	2	0	0	1	0	2	1	2	0	2	0	1	0	1	1	1	0	0	0	0	0	0	0	0	0	1
43161	1 Apr 26	11:33:00	1	0	34	0	Ct	0	1	0	1	0	0	0	2	0	1	0	1	0	0	1	0	0	2	0	2	0	0	0	0	0	0	0	0	0	1	0	0	1	1
43162	1 Apr 26	11:34:00	1	0	34	0	Ct	0	1	0	1	0	0	0	1	0	1	0	0	0	0	1	5	1	1	3	2	0	0	0	0	0	0	0	0	0	0	0	0	2	0
43163	1 Apr 26	11:35:00	1	0	34	0	Ct	0	1	0	1	2	0	0	0	3	2	0	1	0	1	2	0	0	2	0	0	1	0	0	0	1	0	0	0	0	0	0	0	1	0
43164	1 Apr 26	11:36:00	1	0	34	0	Ct	0	1	0	0	4	0	0	0	2	1	0	2	0	0	1	0	1	1	0	2	0	0	0	0	0	1	0	0	0	1	0	0	5	1
43165	1 Apr 26	11:37:00	1	0	34	0	Ct	0	1	0	0	0	0	0	0	2	1	0	1	0	1	3	0	1	0	1	1	0	0	0	0	0	0	0	0	0	0	0	0	0	1
43166	1 Apr 26	11:38:00	1	0	34	0	Ct	0	1	0	1	2	0	0	0	1	0	0	0	0	2	2	1	0	1	0	1	0	0	0	1	0	1	0	0	1	1	0	0	0	0
43167	1 Apr 26	11:39:00	1	0	34	0	Ct	0	1	0	1	0	0	0	0	1	0	2	1	0	0	1	0	2	1	0	1	0	0	0	2	0	0	0	0	0	0	0	0	0	1
43168	1 Apr 26	11:40:00	1	0	34	0	Ct	0	1	0	0	1	0	0	2	1	0	3	1	0	2	0	1	1	1	4	1	0	0	0	1	0	0	0	0	0	0	0	0	1	2
43169	1 Apr 26	11:41:00	1	0	34	0	Ct	0	1	0	1	1	0	0	3	1	0	1	0	0	2	1	0	0	1	2	3	0	0	0	0	0	2	0	0	1	2	0	0	2	1
43170	1 Apr 26	11:42:00	1	0	34	0	Ct	0	1	0	0	0	3	0	3	2	0	0	1	0	1	2	2	0	1	0	1	0	0	0	6	0	0	0	0	0	0	0	0	1	2
43171	1 Apr 26	11:43:00	1	0	34	0	Ct	0	1	0	0	0	2	0	2	2	0	2	0	0	1	1	1	1	1	0	1	0	0	0	0	0	1	0	0	1	0	0	0	1	0
43172	1 Apr 26	11:44:00	1	0	34	0	Ct	0	1	0	1	0	0	0	0	1	0	1	1	0	0	2	1	0	1	0	1	0	0	0	0	0	0	0	0	2	0	0	0	6	0
43173	1 Apr 26	11:45:00	1	0	34	0	Ct	0	1	0	1	0	0	0	1	1	0	1	2	0	0	2	1	1	1	0	2	0	0	0	0	0	0	0	0	1	0	0	0	0	0
43174	1 Apr 26	11:46:00	1	0	34	0	Ct	0	1	0	1	0	0	0	1	3	0	0	1	0	2	2	0	1	1	0	3	0	0	0	0	0	1	0	0	0	0	0	0	0	0
43175	1 Apr 26	11:47:00	1	0	34	0	Ct	0	1	0	0	0	1	0	3	1	0	1	0	0	1	1	0	1	1	4	2	0	0	0	0	0	0	0	0	0	2	0	0	4	0
43176	1 Apr 26	11:48:00	1	0	34	0	Ct	0	1	0	1	0	2	0	1	2	0	3	0	0	1	2	2	1	1	0	0	0	1	0	0	0	0	0	0	0	0	0	0	1	0
43177	1 Apr 26	11:49:00	1	0	34	0	Ct	0	1	0	2	0	1	0	0	1	0	1	1	0	1	1	1	0	5	1	1	0	4	0	0	0	0	0	0	0	0	0	0	2	0
43178	1 Apr 26	11:50:00	1	0	34	0	Ct	0	1	0	1	0	2	0	0	2	0	0	1	4	1	0	1	2	0	0	1	0	0	0	1	0	0	0	0	5	1	0	0	4	0
43179	1 Apr 26	11:51:00	1	0	34	0	Ct	0	1	0	2	0	6	0	2	2	0	0	1	0	2	1	3	0	1	0	0	0	0	1	2	0	0	0	0	3	0	0	0	1	0
43180	1 Apr 26	11:52:00	1	0	34	0	Ct	0	1	0	0	0	1	0	2	1	0	0	1	4	1	2	0	0	2	1	2	0	4	1	1	0	1	0	0	0	0	0	0	2	0
43181	1 Apr 26	11:53:00	1	0	34	0	Ct	0	1	0	2	0	0	0	1	5	0	0	1	0	0	0	1	2	2	0	0	0	0	4	1	0	0	0	0	2	1	0	0	4	0
43182	1 Apr 26	11:54:00	1	0	34	0	Ct	0	1	0	1	1	0	0	1	0	1	0	1	5	0	2	0	1	1	0	2	0	0	0	1	0	0	0	0	2	2	0	0	2	0
43183	1 Apr 26	11:55:00	1	0	34	0	Ct	0	1	0	2	1	1	0	0	2	1	0	0	1	1	0	5	4	3	1	0	0	2	0	2	0	0	0	0	1	0	0	0	1	0
43184	1 Apr 26	11:56:00	1	0	34	0	Ct	0	1	0	0	1	2	0	2	1	0	0	1	0	1	0	0	1	0	0	0	0	2	0	0	0	0	0	0	2	3	0	0	1	2
43185	1 Apr 26	11:57:00	1	0	34	0	Ct	0	1	0	3	1	1	0	2	1	0	0	0	0	1	1	4	0	0	1	3	0	0	0	1	7	0	0	0	2	0	0	0	2	0
43186	1 Apr 26	11:58:00	1	0	34	0	Ct	0	1	0	1	3	3	0	2	0	0	0	1	0	1	2	2	0	2	0	0	0	1	0	4	0	0	0	0	0	0	0	0	2	0
43187	1 Apr 26	11:59:00	1	0	34	0	Ct	0	1	0	0	1	1	0	5	2	2	0	1	0	0	0	1	1	3	1	2	0	0	0	0	0	1	0	0	2	0	0	0	1	0
43188	1 Apr 26	12:00:00	1	0	34	0	Ct	0	1	0	2	3	1	0	0	2	3	0	1	0	1	3	0	1	0	1	0	0	1	0	0	0	0	0	0	0	1	0	0	2	0
43189	1 Apr 26	12:01:00	1	0	34	0	Ct	0	1	0	0	0	0	0	1	1	5	0	3	0	0	0	0	1	2	0	3	0	0	0	0	0	0	0	0	2	2	0	0	1	0
43190	1 Apr 26	12:02:00	1	0	34	0	Ct	0	1	0	1	2	2	0	2	2	0	0	0	0	1	0	0	2	2	0	2	0	0	0	2	0	1	0	1	2	0	0	0	2	0
43191	1 Apr 26	12:03:00	1	0	34	0	Ct	0	1	0	0	1	1	0	3	2	0	0	0	0	0	3	0	0	1	0	0	0	4	0	0	0	0	0	1	0	0	0	0	0	0
43192	1 Apr 26	12:04:00	1	0	34	0	Ct	0	1	0	2	1	0	0	3	1	1	0	0	0	1	1	0	3	1	1	0	0	1	0	0	0	0	0	0	0	0	0	0	0	0
43193	1 Apr 26	12:05:00	1	0	34	0	Ct	0	1	0	1	0	4	0	1	1	0	0	0	0	1	2	1	2	1	1	1	0	1	1	1	0	0	0	3	1	2	0	0	2	0
43194	1 Apr 26	12:06:00	1	0	34	0	Ct	0	1	0	1	1	0	0	0	2	0	0	1	0	1	2	1	1	2	0	0	0	0	2	1	0	1	0	0	0	0	0	0	5	1
43195	1 Apr 26	12:07:00	1	0	34	0	Ct	0	1	0	1	1	0	0	0	1	2	0	0	0	1	3	1	0	0	0	2	0	0	0	1	0	0	0	0	2	0	0	0	0	1
43196	1 Apr 26	12:08:00	1	0	34	0	Ct	0	1	0	1	2	0	0	4	2	0	0	1	0	1	0	3	0	0	0	0	0	0	0	2	4	1	0	0	0	2	0	0	3	0
43197	1 Apr 26	12:09:00	1	0	34	0	Ct	0	1	0	1	2	0	0	5	0	0	0	0	0	0	2	0	1	3	0	2	0	0	0	1	0	0	0	0	0	0	0	0	5	1
43198	1 Apr 26	12:10:00	1	0	34	0	Ct	0	1	0	1	2	0	0	1	1	0	0	0	0	1	0	2	1	3	0	0	0	0	0	1	0	0	0	0	0	1	0	0	4	1
43199	1 Apr 26	12:11:00	1	0	34	0	Ct	0	1	0	3	2	0	0	0	2	0	0	0	0	2	0	2	0	1	1	1	0	0	0	0	0	0	0	0	0	2	0	0	1	0
43200	1 Apr 26	12:12:00	1	0	34	0	Ct	0	1	0	1	1	0	0	0	1	0	0	1	0	0	1	0	2	1	0	1	0	0	0	2	0	0	0	0	0	0	0	0	2	0
43201	1 Apr 26	12:13:00	1	0	34	0	Ct	0	1	0	0	0	0	0	2	2	2	0	0	0	2	0	2	0	0	1	3	0	0	1	0	0	0	0	0	0	0	0	0	0	0
43202	1 Apr 26	12:14:00	1	0	34	0	Ct	0	1	0	1	0	0	0	0	3	0	0	2	0	0	1	0	0	1	0	0	1	0	1	3	0	3	0	0	1	0	0	0	0	0
43203	1 Apr 26	12:15:00	1	0	34	0	Ct	0	1	0	1	0	4	0	1	0	0	0	0	5	0	0	0	0	0	0	2	0	0	0	0	0	2	0	0	0	0	0	0	2	0
43204	1 Apr 26	12:16:00	1	0	34	0	Ct	0	1	0	2	1	0	0	0	0	0	0	2	0	0	0	0	0	1	0	0	0	0	0	0	0	0	0	0	0	2	0	0	0	3
43205	1 Apr 26	12:17:00	1	0	34	0	Ct	0	1	0	0	2	0	0	0	3	1	1	1	0	1	0	0	0	1	0	2	0	0	0	0	0	0	0	0	1	1	0	0	1	1
43206	1 Apr 26	12:18:00	1	0	34	0	Ct	0	1	0	1	2	0	0	4	2	0	1	1	0	1	0	0	2	2	0	0	0	0	0	0	0	0	0	0	1	0	0	0	1	0
43207	1 Apr 26	12:19:00	1	0	34	0	Ct	0	1	0	1	1	2	0	1	2	0	0	1	0	1	0	0	0	2	0	3	0	0	1	0	0	0	0	0	0	0	0	0	0	0
43208	1 Apr 26	12:20:00	1	0	34	0	Ct	0	1	0	1	2	3	0	1	0	0	1	1	0	2	0	0	0	1	2	0	0	0	1	0	0	2	0	0	0	0	0	0	2	0
43209	1 Apr 26	12:21:00	1	0	34	0	Ct	0	1	0	1	1	5	0	1	1	1	0	0	0	0	0	0	1	0	0	1	0	0	0	1	0	0	0	0	1	0	0	0	2	0
43210	1 Apr 26	12:22:00	1	0	34	0	Ct	0	1	2	2	0	0	0	2	0	2	5	1	0	1	0	0	0	2	0	0	0	0	0	1	0	0	0	0	1	0	0	0	2	0
43211	1 Apr 26	12:23:00	1	0	34	0	Ct	0	1	2	0	1	2	0	2	0	0	2	2	0	0	0	2	0	2	1	1	0	0	1	2	0	0	0	0	1	0	0	0	1	0
43212	1 Apr 26	12:24:00	1	0	34	0	Ct	0	1	0	0	1	2	0	1	0	0	1	2	15	0	0	0	2	3	0	1	0	0	1	2	0	0	0	0	2	0	0	0	3	2
43213	1 Apr 26	12:25:00	1	0	34	0	Ct	0	1	1	2	0	1	0	0	2	0	0	1	1	0	0	1	0	0	0	1	0	0	0	1	2	0	0	0	2	1	0	0	0	0
43214	1 Apr 26	12:26:00	1	0	34	0	Ct	0	1	1	0	0	2	0	0	1	0	0	0	0	0	0	0	2	1	0	1	0	0	3	0	0	0	0	0	2	0	0	0	0	0
43215	1 Apr 26	12:27:00	1	0	34	0	Ct	0	1	0	0	1	3	0	0	0	0	3	4	3	4	0	3	2	0	0	2	0	1	1	0	0	0	0	0	0	1	0	0	1	0
43216	1 Apr 26	12:28:00	1	0	34	0	Ct	0	1	0	1	1	2	0	1	2	0	0	1	0	0	0	2	0	3	0	0	0	0	1	1	2	0	0	0	0	0	0	0	3	0
43217	1 Apr 26	12:29:00	1	0	34	0	Ct	0	1	0	0	0	0	0	2	3	0	0	0	1	0	0	0	0	0	1	0	0	0	0	1	0	0	0	0	0	1	0	0	1	1
43218	1 Apr 26	12:30:00	1	0	34	0	Ct	0	1	0	0	2	0	0	1	1	0	1	0	0	0	0	4	0	1	0	2	0	0	0	0	0	0	0	0	0	0	0	0	1	2
43219	1 Apr 26	12:31:00	1	0	34	0	Ct	0	1	0	3	0	1	0	2	3	1	3	0	0	0	1	1	0	1	0	3	0	0	0	0	0	0	0	0	0	2	0	0	1	1
43220	1 Apr 26	12:32:00	1	0	34	0	Ct	0	1	0	1	1	0	0	1	0	0	0	5	0	0	0	0	0	3	0	2	0	0	1	0	0	0	0	0	2	0	0	0	1	0
43221	1 Apr 26	12:33:00	1	0	34	0	Ct	0	1	0	1	0	0	0	1	1	0	0	0	0	2	0	6	0	1	0	2	0	0	2	0	0	0	0	0	0	1	0	0	1	0
43222	1 Apr 26	12:34:00	1	0	34	0	Ct	0	1	0	2	2	0	0	0	2	0	1	0	2	0	0	0	2	1	1	1	0	0	0	0	0	0	0	0	0	1	0	0	3	0
43223	1 Apr 26	12:35:00	1	0	34	0	Ct	0	1	0	1	0	0	0	0	1	0	0	1	0	0	2	2	0	3	1	0	0	0	0	0	0	0	0	0	1	0	0	0	1	0
43224	1 Apr 26	12:36:00	1	0	34	0	Ct	0	1	0	0	1	0	0	2	1	0	1	2	0	0	2	0	0	0	0	2	0	0	0	0	0	0	0	3	1	0	0	0	2	0
43225	1 Apr 26	12:37:00	1	0	34	0	Ct	0	1	0	0	1	0	0	2	1	0	1	0	0	0	0	0	1	1	1	1	0	0	0	0	0	0	0	0	1	2	0	0	2	0
43226	1 Apr 26	12:38:00	1	0	34	0	Ct	0	1	0	2	2	0	0	0	1	0	0	2	0	0	0	0	1	1	0	0	0	0	3	0	0	0	0	0	0	0	0	0	2	0
43227	1 Apr 26	12:39:00	1	0	34	0	Ct	0	1	0	0	0	0	0	0	0	0	0	2	0	0	0	0	0	1	1	1	0	0	3	1	0	0	0	0	0	0	0	0	2	0
43228	1 Apr 26	12:40:00	1	0	34	0	Ct	0	1	0	2	2	3	0	0	0	1	0	0	1	1	0	0	0	0	0	2	0	0	0	1	0	0	0	0	0	0	0	0	2	0
43229	1 Apr 26	12:41:00	1	0	34	0	Ct	0	1	0	1	3	6	0	0	1	0	0	1	0	1	0	0	0	1	0	0	0	0	0	0	0	0	0	0	0	1	0	0	0	0
43230	1 Apr 26	12:42:00	1	0	34	0	Ct	0	1	0	0	0	1	0	2	1	1	1	0	1	1	0	0	2	0	0	0	0	0	0	0	0	0	0	0	0	1	0	0	3	0
43231	1 Apr 26	12:43:00	1	0	34	0	Ct	0	1	0	0	6	1	0	0	1	0	2	1	2	0	3	0	1	0	0	2	0	0	0	4	5	0	0	0	0	0	0	0	2	2
43232	1 Apr 26	12:44:00	1	0	34	0	Ct	0	1	0	0	0	0	0	0	1	0	1	1	1	1	2	0	1	0	0	1	0	0	0	2	0	0	0	0	0	0	0	0	0	1
43233	1 Apr 26	12:45:00	1	0	34	0	Ct	0	1	0	0	1	0	0	0	0	0	0	1	0	0	0	0	0	3	0	0	0	0	0	2	6	0	0	0	0	0	0	0	1	1
43234	1 Apr 26	12:46:00	1	0	34	0	Ct	0	1	0	0	1	2	0	0	3	0	0	0	0	1	0	0	0	1	0	0	0	0	0	2	0	0	0	0	0	0	0	0	1	0
43235	1 Apr 26	12:47:00	1	0	34	0	Ct	0	1	0	0	2	1	0	0	1	0	0	0	0	1	0	1	2	1	2	0	0	0	1	1	0	0	0	0	0	0	0	0	0	0
43236	1 Apr 26	12:48:00	1	0	34	0	Ct	0	1	0	0	0	3	0	0	0	0	1	0	0	0	0	1	1	1	1	1	0	0	1	0	0	0	1	0	0	0	0	0	0	0
43237	1 Apr 26	12:49:00	1	0	34	0	Ct	0	1	0	0	1	0	0	0	0	0	0	2	0	0	0	2	2	1	0	3	0	0	0	0	0	0	0	0	0	0	0	0	0	0
43238	1 Apr 26	12:50:00	1	0	34	0	Ct	0	1	0	0	1	0	0	0	1	1	2	2	0	0	0	0	1	4	0	1	0	0	2	0	0	0	0	0	0	0	0	0	0	0
43239	1 Apr 26	12:51:00	1	0	34	0	Ct	0	1	1	1	0	0	0	0	0	0	1	0	0	1	0	0	0	0	0	2	0	0	0	0	0	2	0	0	0	0	0	0	0	0
43240	1 Apr 26	12:52:00	1	0	34	0	Ct	0	1	0	2	0	0	0	0	0	1	3	2	0	1	0	0	0	0	0	1	0	0	0	0	0	0	0	0	1	0	0	0	0	0
43241	1 Apr 26	12:53:00	1	0	34	0	Ct	0	1	3	1	0	5	0	0	0	0	0	1	1	0	0	2	2	0	0	1	0	0	0	0	0	1	0	0	2	0	0	0	0	0
43242	1 Apr 26	12:54:00	1	0	34	0	Ct	0	1	2	0	2	4	0	0	0	0	0	1	0	1	0	0	0	3	2	0	0	0	0	0	0	0	0	0	0	0	0	0	0	0
43243	1 Apr 26	12:55:00	1	0	34	0	Ct	0	1	0	1	0	0	0	0	0	1	2	0	0	1	0	1	0	0	2	0	0	0	3	0	1	2	0	0	1	0	0	0	0	0
43244	1 Apr 26	12:56:00	1	0	34	0	Ct	0	1	0	1	3	1	0	0	0	1	0	0	1	0	0	2	0	2	0	0	0	0	1	0	0	1	0	0	0	0	0	0	0	0
43245	1 Apr 26	12:57:00	1	0	34	0	Ct	0	1	0	1	3	5	0	1	0	0	1	0	1	0	0	0	0	1	0	1	0	0	0	0	0	0	0	0	5	0	0	0	0	0
43246	1 Apr 26	12:58:00	1	0	34	0	Ct	0	1	0	2	1	1	0	1	0	0	2	0	0	1	0	2	0	2	0	1	0	0	0	0	1	1	0	0	1	0	0	0	0	0
43247	1 Apr 26	12:59:00	1	0	34	0	Ct	0	1	0	2	1	2	0	0	0	0	0	0	0	1	0	1	0	1	0	0	0	0	0	0	0	1	0	0	0	0	0	0	0	0
43248	1 Apr 26	13:00:00	1	0	34	0	Ct	0	1	0	1	0	1	0	0	0	3	0	0	0	0	1	0	1	4	1	2	0	0	0	0	0	1	0	0	2	0	0	0	0	0
43249	1 Apr 26	13:01:00	1	0	34	0	Ct	0	1	0	1	5	1	0	0	0	0	0	0	3	0	1	2	0	0	2	0	0	0	0	0	0	0	0	0	1	1	0	0	0	0
43250	1 Apr 26	13:02:00	1	0	34	0	Ct	0	1	0	1	2	5	0	0	0	0	1	0	10	0	0	0	0	0	0	0	0	0	0	0	0	2	0	0	3	0	0	0	0	0
43251	1 Apr 26	13:03:00	1	0	34	0	Ct	0	1	0	0	0	0	0	0	0	0	1	0	3	2	1	1	1	0	0	0	0	1	0	0	0	1	0	0	0	0	0	0	0	0
43252	1 Apr 26	13:04:00	1	0	34	0	Ct	0	1	0	2	1	0	0	0	0	0	1	0	0	0	1	1	5	0	1	0	0	0	0	0	0	0	0	0	0	0	0	0	0	0
43253	1 Apr 26	13:05:00	1	0	34	0	Ct	0	1	0	0	1	0	0	0	0	0	3	0	0	0	0	0	0	1	1	0	0	0	0	0	0	0	0	0	1	1	0	0	0	0
43254	1 Apr 26	13:06:00	1	0	34	0	Ct	0	1	0	1	1	1	0	0	0	0	2	0	2	1	2	2	0	0	1	1	0	0	0	0	0	0	0	0	1	0	0	0	0	0
43255	1 Apr 26	13:07:00	1	0	34	0	Ct	0	1	0	0	1	1	0	0	0	0	0	0	9	1	0	2	1	0	1	1	0	3	0	0	2	0	0	0	2	0	1	0	0	0
43256	1 Apr 26	13:08:00	1	0	34	0	Ct	0	1	0	6	0	0	0	0	0	0	0	0	0	0	0	0	1	0	0	2	0	0	0	0	0	0	0	0	0	1	0	0	0	0
43257	1 Apr 26	13:09:00	1	0	34	0	Ct	0	1	0	1	0	0	0	0	0	1	1	0	3	0	0	1	2	0	1	2	0	0	0	0	0	0	0	0	0	0	0	0	0	0
43258	1 Apr 26	13:10:00	1	0	34	0	Ct	0	1	0	1	0	2	0	0	0	0	0	0	0	0	0	1	0	0	0	0	0	2	1	0	0	0	0	0	0	0	0	0	0	0
43259	1 Apr 26	13:11:00	1	0	34	0	Ct	0	1	0	0	0	0	0	0	0	0	2	0	2	0	0	0	0	0	1	2	0	1	1	0	0	0	0	0	0	0	0	0	0	0
43260	1 Apr 26	13:12:00	1	0	34	0	Ct	0	1	1	0	0	0	0	0	0	0	1	0	1	0	0	3	1	0	2	0	0	2	0	0	0	0	0	0	0	0	0	0	0	0
43261	1 Apr 26	13:13:00	1	0	34	0	Ct	0	1	0	2	2	3	0	0	0	0	1	0	0	0	0	0	2	0	1	0	0	0	0	0	0	0	0	0	0	0	0	0	0	0
43262	1 Apr 26	13:14:00	1	0	34	0	Ct	0	1	2	1	0	0	0	0	0	0	0	0	0	1	0	0	2	0	1	1	0	3	0	2	0	0	0	0	0	0	4	0	0	0
43263	1 Apr 26	13:15:00	1	0	34	0	Ct	0	1	1	0	1	0	0	0	0	0	0	0	0	0	0	0	2	0	0	0	0	0	0	0	0	0	0	0	1	0	0	0	0	0
43264	1 Apr 26	13:16:00	1	0	34	0	Ct	0	1	2	0	4	2	0	0	0	1	0	0	0	0	0	0	1	0	1	1	0	0	0	0	3	0	0	0	0	0	0	0	0	0
43265	1 Apr 26	13:17:00	1	0	34	0	Ct	0	1	1	2	1	0	0	0	0	0	0	0	0	1	0	0	0	0	0	1	0	0	0	0	0	0	0	0	0	0	0	0	0	0
43266	1 Apr 26	13:18:00	1	0	34	0	Ct	0	1	0	0	2	0	0	0	0	0	1	0	0	0	0	1	1	0	0	1	0	3	0	0	0	0	0	0	1	0	0	0	0	0
43267	1 Apr 26	13:19:00	1	0	34	0	Ct	0	1	0	2	0	2	0	0	0	0	0	0	1	0	0	2	0	0	0	0	0	0	0	1	0	0	0	0	1	0	0	0	0	0
43268	1 Apr 26	13:20:00	1	0	34	0	Ct	0	1	0	1	1	1	0	0	0	1	7	0	0	0	0	0	1	0	0	0	0	0	0	2	0	0	0	0	0	0	0	0	0	0
43269	1 Apr 26	13:21:00	1	0	34	0	Ct	0	1	0	0	0	0	0	0	0	2	0	0	1	0	0	1	2	0	0	0	0	2	0	2	0	0	0	0	0	0	0	0	0	0
43270	1 Apr 26	13:22:00	1	0	34	0	Ct	0	1	0	3	0	3	0	0	0	1	2	0	0	0	0	1	0	0	0	0	0	8	0	0	0	0	0	0	0	0	0	0	0	0
43271	1 Apr 26	13:23:00	1	0	34	0	Ct	0	1	0	0	0	1	0	0	0	0	0	0	0	1	0	5	0	0	0	0	0	0	0	0	1	0	0	0	0	0	0	0	0	0
43272	1 Apr 26	13:24:00	1	0	34	0	Ct	0	1	0	0	1	5	0	0	0	0	1	1	0	0	0	1	0	0	0	0	0	0	0	0	2	0	0	0	0	0	1	0	0	0
43273	1 Apr 26	13:25:00	1	0	34	0	Ct	0	1	0	2	1	0	0	0	0	0	1	0	2	0	0	1	1	0	0	1	0	0	1	0	0	0	0	0	0	0	1	0	0	0
43274	1 Apr 26	13:26:00	1	0	34	0	Ct	0	1	0	1	3	0	0	0	0	0	1	0	0	1	0	2	0	0	0	0	0	0	0	2	0	0	0	0	0	0	0	0	0	0
43275	1 Apr 26	13:27:00	1	0	34	0	Ct	0	1	0	0	3	0	0	0	0	0	1	1	1	0	0	2	1	0	0	1	0	6	0	0	1	0	0	0	0	0	0	0	0	0
43276	1 Apr 26	13:28:00	1	0	34	0	Ct	0	1	0	0	2	0	0	0	0	0	1	1	0	0	0	1	0	0	0	1	0	0	0	1	2	0	0	0	0	0	0	0	0	0
43277	1 Apr 26	13:29:00	1	0	34	0	Ct	0	1	0	0	3	0	0	0	0	2	0	0	0	0	0	0	5	0	0	2	0	0	0	0	0	0	0	0	0	0	0	0	0	0
43278	1 Apr 26	13:30:00	1	0	34	0	Ct	0	1	0	0	2	0	0	0	0	0	0	0	0	0	0	1	0	0	0	1	0	1	0	0	0	0	0	0	0	0	0	0	0	0
43279	1 Apr 26	13:31:00	1	0	34	0	Ct	0	1	0	0	2	0	0	0	0	0	0	0	0	0	0	3	2	0	0	1	0	0	0	0	0	0	0	0	0	0	0	0	0	0
43280	1 Apr 26	13:32:00	1	0	34	0	Ct	0	1	0	0	0	0	0	0	0	1	0	0	2	1	0	5	0	0	0	0	0	2	1	0	2	0	0	0	0	0	0	0	0	0
43281	1 Apr 26	13:33:00	1	0	34	0	Ct	0	1	0	0	0	2	0	0	0	0	0	1	0	0	0	1	1	0	1	1	0	7	3	0	3	0	0	0	0	0	0	0	0	0
43282	1 Apr 26	13:34:00	1	0	34	0	Ct	0	1	0	0	2	0	0	0	0	0	1	0	0	0	0	1	1	0	0	0	0	6	0	0	0	0	0	0	0	0	0	0	0	0
43283	1 Apr 26	13:35:00	1	0	34	0	Ct	0	1	0	0	1	0	0	0	0	0	0	0	0	0	3	0	1	0	0	1	0	4	0	0	0	1	0	0	4	0	2	0	0	0
43284	1 Apr 26	13:36:00	1	0	34	0	Ct	0	1	0	0	0	0	0	0	0	0	0	0	0	0	1	2	5	0	0	0	0	4	3	0	0	0	0	0	0	0	0	0	0	0
43285	1 Apr 26	13:37:00	1	0	34	0	Ct	0	1	0	0	0	0	0	0	0	0	1	0	0	0	0	1	1	0	0	1	0	0	0	0	2	0	0	0	0	0	0	0	0	0
43286	1 Apr 26	13:38:00	1	0	34	0	Ct	0	1	0	0	0	2	0	0	0	0	1	0	0	1	2	1	0	0	1	0	0	0	0	0	0	1	0	0	0	0	0	0	0	0
43287	1 Apr 26	13:39:00	1	0	34	0	Ct	0	1	0	0	1	1	0	0	0	0	1	0	0	0	1	0	0	0	0	2	0	0	0	1	0	0	0	0	1	1	0	0	0	0
43288	1 Apr 26	13:40:00	1	0	34	0	Ct	0	1	0	0	1	0	0	0	0	1	1	0	0	1	1	0	3	0	0	0	0	0	0	0	0	1	0	0	0	0	0	0	0	0
43289	1 Apr 26	13:41:00	1	0	34	0	Ct	0	1	0	0	0	0	0	0	0	1	0	0	0	1	3	0	0	0	0	1	0	0	1	1	0	0	0	0	0	0	0	0	1	0
43290	1 Apr 26	13:42:00	1	0	34	0	Ct	0	1	0	0	2	0	0	0	0	0	0	0	0	0	1	0	0	0	0	1	0	0	2	0	1	0	0	0	0	0	0	0	0	0
43291	1 Apr 26	13:43:00	1	0	34	0	Ct	0	1	0	0	1	2	0	0	0	0	0	0	0	1	0	1	0	0	0	1	0	7	1	0	0	2	0	0	0	0	0	0	0	0
43292	1 Apr 26	13:44:00	1	0	34	0	Ct	0	1	0	1	1	2	0	0	0	1	0	0	0	0	0	1	0	0	1	0	0	0	1	1	0	0	0	0	0	3	0	0	0	0
43293	1 Apr 26	13:45:00	1	0	34	0	Ct	0	1	0	2	1	0	0	0	0	1	0	0	0	0	0	1	0	0	1	0	0	0	0	1	0	0	0	0	0	0	0	0	0	0
43294	1 Apr 26	13:46:00	1	0	34	0	Ct	0	1	0	1	3	0	0	0	0	0	0	0	1	0	0	1	2	0	0	0	0	0	1	0	0	0	0	0	0	3	0	0	0	0
43295	1 Apr 26	13:47:00	1	0	34	0	Ct	0	1	0	0	0	0	0	0	0	2	0	0	0	0	1	0	0	0	0	0	0	0	2	1	0	1	0	0	0	1	0	0	0	0
43296	1 Apr 26	13:48:00	1	0	34	0	Ct	0	1	0	0	1	0	0	0	0	0	0	0	0	1	0	1	2	0	2	0	0	2	0	1	0	0	0	0	0	1	0	0	0	0
43297	1 Apr 26	13:49:00	1	0	34	0	Ct	0	1	0	0	1	0	0	0	0	0	0	0	2	0	2	1	0	0	0	0	0	0	0	0	0	1	0	0	0	0	0	0	0	0
43298	1 Apr 26	13:50:00	1	0	34	0	Ct	0	1	0	2	0	1	0	0	0	2	0	0	0	0	0	1	1	0	0	0	0	2	0	0	4	0	0	1	0	2	0	0	0	0
43299	1 Apr 26	13:51:00	1	0	34	0	Ct	0	1	0	0	0	2	0	1	0	1	0	0	0	1	0	0	0	0	0	0	0	0	0	0	1	3	0	1	0	0	0	0	0	0
43300	1 Apr 26	13:52:00	1	0	34	0	Ct	0	1	1	1	0	0	0	1	0	0	0	0	3	0	0	2	0	0	1	0	0	0	0	0	0	0	0	1	0	0	2	0	0	0
43301	1 Apr 26	13:53:00	1	0	34	0	Ct	0	1	0	1	0	0	0	4	0	0	0	0	0	1	0	1	2	0	1	1	0	0	0	0	0	0	0	0	0	0	6	0	0	0
43302	1 Apr 26	13:54:00	1	0	34	0	Ct	0	1	1	0	0	0	0	0	0	0	0	0	1	0	0	0	3	0	0	1	0	3	0	2	0	0	0	0	0	2	1	0	1	0
43303	1 Apr 26	13:55:00	1	0	34	0	Ct	0	1	0	1	0	0	0	0	0	1	0	0	2	0	0	1	0	0	0	1	0	2	0	1	4	0	0	0	0	2	2	0	0	0
43304	1 Apr 26	13:56:00	1	0	34	0	Ct	0	1	0	3	0	0	0	2	0	0	0	0	0	1	0	0	1	0	0	3	0	0	2	0	0	1	0	0	0	3	5	0	0	0
43305	1 Apr 26	13:57:00	1	0	34	0	Ct	0	1	0	0	0	1	0	0	0	0	0	0	0	0	0	1	0	0	0	0	0	4	2	1	0	0	0	0	0	0	0	0	0	0
43306	1 Apr 26	13:58:00	1	0	34	0	Ct	0	1	0	0	0	1	0	0	0	0	0	1	0	1	2	1	1	0	2	1	0	3	3	1	2	1	0	0	0	0	4	0	0	0
43307	1 Apr 26	13:59:00	1	0	34	0	Ct	0	1	0	2	0	0	0	0	0	0	3	0	0	5	1	0	1	0	0	1	0	1	0	2	0	0	0	0	0	4	2	0	0	0
43308	1 Apr 26	14:00:00	1	0	34	0	Ct	0	1	0	3	0	0	0	0	0	1	1	0	0	1	0	1	0	0	1	1	0	0	0	2	1	0	0	0	0	0	6	0	0	0
43309	1 Apr 26	14:01:00	1	0	34	0	Ct	0	1	0	2	0	0	0	0	0	0	1	0	2	0	0	0	0	0	0	0	0	3	1	1	0	0	0	0	0	0	0	0	0	0
43310	1 Apr 26	14:02:00	1	0	34	0	Ct	0	1	0	0	0	0	0	0	0	0	1	0	0	1	1	4	1	0	0	0	0	1	1	1	0	1	0	0	0	2	3	0	0	0
43311	1 Apr 26	14:03:00	1	0	34	0	Ct	0	1	0	0	0	0	0	0	0	0	1	0	5	0	2	2	2	0	1	2	0	6	0	1	0	1	0	0	0	0	3	0	0	0
43312	1 Apr 26	14:04:00	1	0	34	0	Ct	0	1	0	2	0	0	0	0	0	0	2	0	0	0	1	3	0	0	0	0	0	0	0	0	0	2	0	0	0	1	2	0	0	0
43313	1 Apr 26	14:05:00	1	0	34	0	Ct	0	1	0	2	0	1	0	0	1	1	1	0	0	0	0	0	0	0	0	0	0	0	0	1	0	0	0	0	0	0	0	0	0	0
43314	1 Apr 26	14:06:00	1	0	34	0	Ct	0	1	0	2	0	1	0	0	1	2	0	0	0	1	1	1	1	0	0	1	0	2	0	1	0	1	0	0	0	1	0	0	0	0
43315	1 Apr 26	14:07:00	1	0	34	0	Ct	0	1	0	1	0	1	0	0	5	0	0	0	2	1	0	1	1	0	0	2	0	0	0	0	0	0	0	0	0	0	0	0	0	0
43316	1 Apr 26	14:08:00	1	0	34	0	Ct	0	1	0	0	0	5	0	0	0	0	0	0	0	0	1	1	2	0	0	0	0	0	0	0	2	0	0	0	0	0	0	0	0	0
43317	1 Apr 26	14:09:00	1	0	34	0	Ct	0	1	0	0	0	0	0	0	2	0	0	0	0	0	0	1	0	0	1	1	0	0	0	0	0	0	0	0	1	1	0	0	0	0
43318	1 Apr 26	14:10:00	1	0	34	0	Ct	0	1	0	2	0	0	0	0	0	0	0	0	0	0	1	1	0	0	0	0	0	0	1	1	0	0	0	0	0	1	5	0	0	0
43319	1 Apr 26	14:11:00	1	0	34	0	Ct	0	1	0	0	0	1	0	0	2	0	0	0	1	0	1	0	1	0	2	0	0	0	1	1	0	0	0	0	1	1	0	0	0	0
43320	1 Apr 26	14:12:00	1	0	34	0	Ct	0	1	0	0	0	3	0	0	0	0	0	0	3	0	0	1	0	0	0	1	0	0	0	0	0	1	0	6	0	0	0	0	0	0
43321	1 Apr 26	14:13:00	1	0	34	0	Ct	0	1	0	2	0	1	0	0	0	0	0	0	1	0	0	0	0	0	0	0	0	0	0	0	0	0	0	1	0	0	0	0	0	0
43322	1 Apr 26	14:14:00	1	0	34	0	Ct	0	1	0	3	0	0	0	0	2	0	0	0	2	0	2	1	1	0	0	0	0	0	0	0	1	1	0	0	2	0	0	0	0	0
43323	1 Apr 26	14:15:00	1	0	34	0	Ct	0	1	0	1	0	0	0	0	2	0	0	0	0	0	0	0	0	0	0	0	0	0	0	1	0	0	0	0	0	0	6	0	0	0
43324	1 Apr 26	14:16:00	1	0	34	0	Ct	0	1	0	1	0	5	0	0	0	0	0	0	0	0	1	1	3	0	0	0	0	0	0	1	0	0	0	0	0	0	0	0	0	0
43325	1 Apr 26	14:17:00	1	0	34	0	Ct	0	1	0	0	0	0	0	0	2	0	0	0	0	0	0	0	0	0	0	0	0	0	0	0	0	1	0	0	0	0	4	0	0	0
43326	1 Apr 26	14:18:00	1	0	34	0	Ct	0	1	1	1	0	1	0	0	2	0	0	0	2	0	0	0	2	0	0	0	0	0	0	0	0	1	0	0	0	1	5	0	0	0
43327	1 Apr 26	14:19:00	1	0	34	0	Ct	0	1	1	1	0	0	0	0	2	0	0	1	0	0	0	0	0	0	0	0	0	0	0	2	0	0	0	0	1	0	0	0	0	0
43328	1 Apr 26	14:20:00	1	0	34	0	Ct	0	1	0	1	0	1	0	0	1	0	0	0	0	0	0	0	0	0	0	0	0	0	0	0	0	2	0	0	4	0	0	0	0	0
43329	1 Apr 26	14:21:00	1	0	34	0	Ct	0	1	1	1	0	0	0	0	5	0	0	0	0	0	0	0	2	0	0	0	0	0	0	0	0	0	4	0	1	0	0	0	0	0
43330	1 Apr 26	14:22:00	1	0	34	0	Ct	0	1	6	0	0	0	0	0	1	0	0	2	1	1	0	2	0	0	0	0	0	0	0	0	0	0	0	0	0	0	2	0	0	0
43331	1 Apr 26	14:23:00	1	0	34	0	Ct	0	1	0	1	0	1	0	0	1	0	0	2	0	1	0	0	0	0	0	2	0	0	0	0	0	0	0	0	0	1	4	0	0	0
43332	1 Apr 26	14:24:00	1	0	34	0	Ct	0	1	0	0	0	1	0	0	2	0	0	0	0	0	0	1	0	0	0	0	0	3	0	0	0	0	0	0	0	0	1	0	0	0
43333	1 Apr 26	14:25:00	1	0	34	0	Ct	0	1	0	1	0	1	0	0	1	0	3	2	0	1	0	1	0	0	0	1	0	2	0	0	0	1	0	0	2	0	0	0	0	0
43334	1 Apr 26	14:26:00	1	0	34	0	Ct	0	1	0	2	0	1	0	0	1	0	1	1	0	0	0	2	3	0	0	0	0	0	0	0	0	0	0	0	0	0	1	0	0	1
43335	1 Apr 26	14:27:00	1	0	34	0	Ct	0	1	0	0	0	0	0	0	0	0	0	0	0	1	0	0	1	0	0	0	0	0	0	0	0	1	0	0	0	0	4	0	0	0
43336	1 Apr 26	14:28:00	1	0	34	0	Ct	0	1	0	0	0	0	0	0	0	0	0	0	1	3	0	1	0	0	0	1	0	0	0	0	0	1	0	0	0	0	0	0	0	0
43337	1 Apr 26	14:29:00	1	0	34	0	Ct	0	1	0	2	0	0	0	0	0	0	1	0	2	0	0	1	0	0	0	0	0	2	0	0	0	7	0	0	0	0	0	0	0	3
43338	1 Apr 26	14:30:00	1	0	34	0	Ct	0	1	3	1	0	0	0	0	0	0	1	0	7	1	0	0	0	0	0	1	0	0	0	0	3	0	0	0	0	0	0	0	0	0
43339	1 Apr 26	14:31:00	1	0	34	0	Ct	0	1	2	0	0	2	0	0	0	0	0	0	0	1	0	1	1	0	0	0	0	0	0	0	1	0	0	0	0	0	0	0	0	0
43340	1 Apr 26	14:32:00	1	0	34	0	Ct	0	1	0	1	0	0	0	0	0	3	0	0	5	0	0	0	0	0	0	0	0	0	0	0	1	0	0	0	0	0	3	0	0	0
43341	1 Apr 26	14:33:00	1	0	34	0	Ct	0	1	0	0	0	1	0	0	0	0	0	0	0	0	0	1	0	0	0	1	0	0	1	0	1	1	0	0	0	0	8	0	0	0
43342	1 Apr 26	14:34:00	1	0	34	0	Ct	0	1	2	1	0	4	0	1	0	1	0	0	0	0	0	1	1	0	0	2	0	0	0	0	0	0	0	0	0	0	4	0	0	0
43343	1 Apr 26	14:35:00	1	0	34	0	Ct	0	1	0	0	0	2	0	0	0	0	0	0	0	0	0	0	0	0	0	0	0	0	0	0	1	0	0	0	0	0	1	0	0	0
43344	1 Apr 26	14:36:00	1	0	34	0	Ct	0	1	0	2	0	0	0	0	0	0	2	0	0	0	0	1	0	0	0	1	0	0	0	0	1	0	0	0	0	0	2	0	0	0
43345	1 Apr 26	14:37:00	1	0	34	0	Ct	0	1	0	0	0	0	0	0	0	0	0	0	0	0	0	0	0	0	1	0	0	0	1	0	0	0	0	0	0	0	0	0	0	0
43346	1 Apr 26	14:38:00	1	0	34	0	Ct	0	1	0	0	0	2	0	0	0	0	0	0	0	1	0	1	1	0	0	0	0	0	0	0	1	0	0	0	0	0	0	0	0	0
43347	1 Apr 26	14:39:00	1	0	34	0	Ct	0	1	1	0	0	0	0	0	0	0	0	0	0	0	0	1	0	0	0	0	0	0	0	0	2	1	0	0	0	0	0	0	0	0
43348	1 Apr 26	14:40:00	1	0	34	0	Ct	0	1	0	1	0	0	0	0	0	0	3	0	0	0	0	0	0	0	2	0	0	0	0	0	0	0	0	0	0	0	0	0	0	0
43349	1 Apr 26	14:41:00	1	0	34	0	Ct	0	1	1	0	0	0	0	7	0	0	1	0	0	1	0	0	0	0	1	0	0	0	0	0	0	0	0	0	0	0	0	0	0	0
43350	1 Apr 26	14:42:00	1	0	34	0	Ct	0	1	0	1	0	0	0	1	0	0	7	0	0	0	0	1	2	0	0	0	0	0	0	0	0	0	0	0	0	0	0	0	0	0
43351	1 Apr 26	14:43:00	1	0	34	0	Ct	0	1	0	0	0	0	0	0	4	0	6	0	0	0	0	1	0	0	0	0	0	6	0	0	0	0	0	0	0	0	0	0	0	0
43352	1 Apr 26	14:44:00	1	0	34	0	Ct	0	1	0	2	0	0	0	0	2	0	0	0	0	2	0	3	1	0	0	0	0	0	0	0	2	0	0	0	0	0	1	0	0	0
43353	1 Apr 26	14:45:00	1	0	34	0	Ct	0	1	0	0	0	0	0	0	0	0	1	0	0	0	3	0	1	0	1	0	0	0	2	0	1	0	0	2	0	0	0	0	0	0
43354	1 Apr 26	14:46:00	1	0	34	0	Ct	0	1	5	4	0	3	0	0	1	0	1	0	0	0	1	0	1	0	0	0	0	0	2	0	1	0	0	3	0	0	0	0	0	0
43355	1 Apr 26	14:47:00	1	0	34	0	Ct	0	1	1	2	0	2	0	0	0	0	1	0	0	0	0	0	0	0	0	0	0	1	1	0	1	0	0	1	0	1	0	0	0	0
43356	1 Apr 26	14:48:00	1	0	34	0	Ct	0	1	2	0	0	0	0	0	0	3	0	0	0	1	1	0	0	0	0	0	0	0	0	0	2	0	0	3	0	1	6	0	0	0
43357	1 Apr 26	14:49:00	1	0	34	0	Ct	0	1	1	1	0	3	0	0	1	1	1	0	0	0	2	0	0	0	0	0	0	1	0	0	1	0	0	0	0	0	2	0	0	0
43358	1 Apr 26	14:50:00	1	0	34	0	Ct	0	1	0	1	0	0	0	0	2	0	0	0	0	1	0	0	1	0	2	0	0	0	0	1	1	0	0	0	0	0	1	0	0	0
43359	1 Apr 26	14:51:00	1	0	34	0	Ct	0	1	2	0	0	2	0	0	0	0	5	0	0	0	0	0	1	0	0	0	0	0	0	0	0	0	0	0	0	1	1	0	0	0
43360	1 Apr 26	14:52:00	1	0	34	0	Ct	0	1	1	1	0	1	0	0	0	0	1	0	0	1	0	0	0	0	0	0	0	2	0	0	1	0	0	0	0	0	3	0	0	0
43361	1 Apr 26	14:53:00	1	0	34	0	Ct	0	1	0	1	0	1	0	1	0	0	1	0	0	0	0	0	2	0	0	0	0	2	0	0	1	0	0	0	0	0	11	0	0	0
43362	1 Apr 26	14:54:00	1	0	34	0	Ct	0	1	0	0	0	0	0	0	2	1	0	0	1	0	0	0	0	0	0	0	0	0	0	0	0	1	0	0	0	1	6	0	0	0
43363	1 Apr 26	14:55:00	1	0	34	0	Ct	0	1	0	1	0	0	0	0	2	0	3	0	0	0	0	1	0	0	0	0	0	0	0	1	0	0	0	0	0	1	0	0	0	0
43364	1 Apr 26	14:56:00	1	0	34	0	Ct	0	1	0	0	0	2	0	0	0	2	0	0	0	0	0	0	0	0	1	0	0	0	0	0	0	0	0	0	0	0	1	0	0	0
43365	1 Apr 26	14:57:00	1	0	34	0	Ct	0	1	0	1	0	0	0	3	1	1	0	0	0	0	0	0	0	0	0	0	0	2	0	0	0	0	0	0	0	0	0	0	0	0
43366	1 Apr 26	14:58:00	1	0	34	0	Ct	0	1	0	2	0	0	0	0	0	0	1	0	0	1	0	0	0	0	0	0	0	7	0	0	0	0	0	0	0	1	2	0	0	0
43367	1 Apr 26	14:59:00	1	0	34	0	Ct	0	1	0	1	0	0	0	0	1	0	2	0	0	0	0	0	0	0	3	0	0	0	0	0	0	1	0	0	0	0	13	0	0	0
43368	1 Apr 26	15:00:00	1	0	34	0	Ct	0	1	0	2	0	3	0	0	0	0	1	0	0	1	0	0	0	0	0	0	0	0	0	0	0	0	0	0	0	3	2	0	0	0
43369	1 Apr 26	15:01:00	1	0	34	0	Ct	0	1	0	1	0	0	0	0	1	0	1	0	0	0	0	0	0	0	0	0	0	0	0	0	0	1	0	0	0	0	3	0	0	0
43370	1 Apr 26	15:02:00	1	0	34	0	Ct	0	1	0	1	0	0	0	0	2	0	0	0	0	0	0	1	0	0	0	0	0	4	0	0	0	0	0	1	0	0	0	0	0	0
43371	1 Apr 26	15:03:00	1	0	34	0	Ct	0	1	0	0	0	0	0	0	1	1	0	0	0	0	0	1	1	0	0	0	0	9	0	1	0	1	0	0	0	3	0	0	0	0
43372	1 Apr 26	15:04:00	1	0	34	0	Ct	0	1	0	1	0	0	0	0	1	2	1	0	1	1	0	2	0	0	0	0	0	1	0	0	0	1	0	0	0	0	4	0	0	0
43373	1 Apr 26	15:05:00	1	0	34	0	Ct	0	1	0	0	0	0	0	1	2	0	2	0	1	1	0	0	0	0	1	0	0	2	0	2	0	0	0	0	0	2	2	0	0	0
43374	1 Apr 26	15:06:00	1	0	34	0	Ct	0	1	0	0	0	0	0	0	1	0	2	0	1	0	0	1	0	0	0	0	0	0	0	1	0	0	0	0	0	3	0	0	0	0
43375	1 Apr 26	15:07:00	1	0	34	0	Ct	0	1	0	1	0	2	0	0	3	0	9	0	0	0	0	1	1	0	1	0	0	0	0	0	0	0	0	0	0	4	0	0	0	0
43376	1 Apr 26	15:08:00	1	0	34	0	Ct	0	1	0	0	0	0	0	0	0	0	2	0	1	0	0	0	2	0	0	0	0	0	0	0	0	0	0	0	0	0	4	0	0	0
43377	1 Apr 26	15:09:00	1	0	34	0	Ct	0	1	0	0	0	1	0	0	2	0	0	0	0	0	0	0	3	0	0	0	0	0	0	0	0	1	0	0	0	0	3	0	0	0
43378	1 Apr 26	15:10:00	1	0	34	0	Ct	0	1	0	0	0	0	0	0	2	0	1	0	1	3	0	0	0	0	0	2	0	0	4	0	1	0	0	0	0	0	1	0	0	0
43379	1 Apr 26	15:11:00	1	0	34	0	Ct	0	1	0	1	0	0	0	0	2	0	0	0	18	0	0	0	0	0	1	0	0	0	0	2	0	0	0	0	0	3	0	0	0	0
43380	1 Apr 26	15:12:00	1	0	34	0	Ct	0	1	0	1	0	1	0	0	2	1	0	5	0	0	0	0	0	0	0	0	0	0	0	0	0	0	0	0	0	2	0	0	0	0
43381	1 Apr 26	15:13:00	1	0	34	0	Ct	0	1	0	4	0	0	0	0	1	0	0	0	0	0	0	0	0	0	2	1	0	0	2	0	0	1	0	0	0	4	2	0	0	0
43382	1 Apr 26	15:14:00	1	0	34	0	Ct	0	1	0	1	0	5	0	0	0	0	0	4	0	0	0	0	0	0	1	0	0	0	1	0	0	0	0	0	0	1	0	0	0	0
43383	1 Apr 26	15:15:00	1	0	34	0	Ct	0	1	0	0	0	0	0	0	3	0	0	0	0	0	0	0	0	0	0	0	0	0	0	0	0	0	0	0	0	6	3	0	0	0
43384	1 Apr 26	15:16:00	1	0	34	0	Ct	0	1	0	1	0	0	0	0	3	0	0	0	0	0	0	0	0	0	0	0	0	0	0	0	0	0	0	0	0	3	6	0	0	0
43385	1 Apr 26	15:17:00	1	0	34	0	Ct	0	1	0	1	0	2	0	2	0	0	0	0	0	0	0	0	0	0	0	0	0	0	0	0	0	0	0	0	0	0	0	0	0	0
43386	1 Apr 26	15:18:00	1	0	34	0	Ct	0	1	0	3	0	0	0	0	9	0	0	0	0	0	0	2	0	0	0	0	0	0	1	0	0	0	0	0	0	0	0	0	0	0
43387	1 Apr 26	15:19:00	1	0	34	0	Ct	0	1	0	2	0	0	0	0	1	0	0	0	0	0	0	0	0	0	0	0	0	0	2	0	0	0	0	0	0	1	0	0	0	0
43388	1 Apr 26	15:20:00	1	0	34	0	Ct	0	1	0	2	0	1	0	0	4	0	0	0	0	0	3	0	0	0	0	3	0	0	0	0	0	1	0	0	0	2	0	0	0	0
43389	1 Apr 26	15:21:00	1	0	34	0	Ct	0	1	0	0	0	1	0	0	1	0	0	0	0	0	0	0	0	0	2	0	0	0	0	0	0	0	0	0	0	0	0	0	0	0
43390	1 Apr 26	15:22:00	1	0	34	0	Ct	0	1	0	0	0	0	0	1	0	1	4	0	0	0	0	0	0	0	0	0	0	0	0	1	0	0	0	0	0	0	0	0	0	0
43391	1 Apr 26	15:23:00	1	0	34	0	Ct	0	1	0	0	0	0	0	1	0	0	0	0	0	0	0	0	0	0	0	0	0	0	1	0	0	0	0	0	0	0	0	0	0	0
43392	1 Apr 26	15:24:00	1	0	34	0	Ct	0	1	0	0	0	0	0	2	3	0	0	0	0	0	0	0	0	0	0	0	0	0	2	1	0	0	0	0	0	2	0	0	0	0
43393	1 Apr 26	15:25:00	1	0	34	0	Ct	0	1	0	0	0	0	0	6	2	0	1	0	0	0	0	0	0	0	0	0	0	0	0	1	0	1	0	0	0	0	0	0	0	0
43394	1 Apr 26	15:26:00	1	0	34	0	Ct	0	1	1	0	0	0	0	0	0	0	2	0	0	0	0	0	0	0	1	0	0	5	0	1	0	0	0	0	0	1	0	0	0	0
43395	1 Apr 26	15:27:00	1	0	34	0	Ct	0	1	1	0	0	0	0	0	1	0	0	0	0	0	0	0	0	0	0	0	0	3	0	1	0	0	0	0	0	0	1	0	0	0
43396	1 Apr 26	15:28:00	1	0	34	0	Ct	0	1	1	0	0	0	0	0	3	0	0	0	0	0	0	0	0	0	0	0	0	0	1	0	0	2	0	0	0	0	0	0	0	0
43397	1 Apr 26	15:29:00	1	0	34	0	Ct	0	1	0	0	0	0	0	0	1	0	1	0	0	2	0	0	0	0	0	0	0	1	2	2	0	0	0	0	0	0	0	0	0	0
43398	1 Apr 26	15:30:00	1	0	34	0	Ct	0	1	0	0	0	0	0	0	3	0	0	0	0	1	0	0	0	0	0	0	0	0	0	0	0	1	0	0	0	0	0	0	0	0
43399	1 Apr 26	15:31:00	1	0	34	0	Ct	0	1	0	0	0	0	0	0	2	0	2	0	0	0	0	0	1	0	3	0	0	0	0	0	0	3	0	0	0	0	2	0	0	0
43400	1 Apr 26	15:32:00	1	0	34	0	Ct	0	1	0	0	0	1	0	1	5	0	0	0	0	0	0	0	0	0	0	0	0	0	1	1	0	0	0	0	0	0	2	0	0	0
43401	1 Apr 26	15:33:00	1	0	34	0	Ct	0	1	0	0	0	3	0	0	1	0	0	0	0	0	0	0	0	0	0	0	0	0	1	1	0	2	0	0	0	0	4	0	0	0
43402	1 Apr 26	15:34:00	1	0	34	0	Ct	0	1	0	1	0	0	0	0	0	0	0	0	1	0	0	0	0	0	0	0	0	0	0	0	0	3	0	0	0	0	1	0	0	0
43403	1 Apr 26	15:35:00	1	0	34	0	Ct	0	1	0	1	0	1	0	2	2	3	0	0	0	0	0	0	1	0	0	0	0	0	0	1	0	1	0	0	0	0	0	0	0	0
43404	1 Apr 26	15:36:00	1	0	34	0	Ct	0	1	0	0	0	0	0	2	1	5	2	0	0	0	0	0	1	0	0	0	0	0	0	2	1	8	0	0	0	0	0	0	0	0
43405	1 Apr 26	15:37:00	1	0	34	0	Ct	0	1	0	1	0	0	0	0	0	2	2	0	0	1	0	0	1	0	0	0	0	0	0	0	0	8	0	0	0	0	0	0	0	0
43406	1 Apr 26	15:38:00	1	0	34	0	Ct	0	1	0	2	0	0	0	0	0	0	0	0	0	0	0	0	0	0	0	0	0	0	0	0	0	1	0	0	0	0	0	0	0	0
43407	1 Apr 26	15:39:00	1	0	34	0	Ct	0	1	0	2	0	0	0	0	0	0	0	0	4	1	0	0	2	0	0	0	0	0	0	0	0	0	0	0	0	0	0	0	0	0
43408	1 Apr 26	15:40:00	1	0	34	0	Ct	0	1	0	0	0	1	0	0	5	0	0	0	2	0	0	0	0	0	0	0	0	0	0	0	0	0	0	0	0	0	0	0	0	0
43409	1 Apr 26	15:41:00	1	0	34	0	Ct	0	1	0	0	0	2	0	0	0	0	2	0	2	0	0	0	0	0	1	0	0	0	0	0	0	0	0	0	0	0	0	0	0	0
43410	1 Apr 26	15:42:00	1	0	34	0	Ct	0	1	0	2	0	0	0	0	0	0	0	0	7	0	0	0	1	0	1	0	0	0	0	0	0	0	0	0	0	0	0	0	0	0
43411	1 Apr 26	15:43:00	1	0	34	0	Ct	0	1	0	1	0	0	0	0	1	0	1	0	0	0	0	0	1	0	0	0	0	0	0	0	0	0	0	0	0	0	0	0	0	0
43412	1 Apr 26	15:44:00	1	0	34	0	Ct	0	1	0	0	2	0	0	0	0	0	2	0	0	0	0	0	0	0	0	0	0	0	0	0	0	0	0	0	0	0	0	0	0	0
43413	1 Apr 26	15:45:00	1	0	34	0	Ct	0	1	0	1	1	2	0	0	0	0	0	0	0	0	0	0	0	0	0	0	0	0	2	0	0	0	0	0	0	0	0	0	0	0
43414	1 Apr 26	15:46:00	1	0	34	0	Ct	0	1	0	0	0	1	0	0	0	0	0	0	0	0	0	0	0	0	0	0	0	0	1	0	0	0	0	0	0	0	0	0	0	0
43415	1 Apr 26	15:47:00	1	0	34	0	Ct	0	1	0	1	0	0	0	0	0	1	0	0	0	0	0	0	0	0	0	0	0	0	0	0	0	0	0	0	0	0	0	0	0	0
43416	1 Apr 26	15:48:00	1	0	34	0	Ct	0	1	0	2	0	0	0	0	1	0	1	0	1	2	0	0	1	0	1	0	0	0	0	0	0	0	0	0	0	2	0	0	0	0
43417	1 Apr 26	15:49:00	1	0	34	0	Ct	0	1	0	0	0	0	0	0	1	0	0	0	3	1	0	0	0	0	0	0	0	0	0	0	2	0	0	0	1	0	0	0	0	0
43418	1 Apr 26	15:50:00	1	0	34	0	Ct	0	1	0	1	0	0	0	0	1	0	1	0	0	0	1	0	0	0	0	0	0	0	0	0	0	0	0	0	0	1	0	0	0	0
43419	1 Apr 26	15:51:00	1	0	34	0	Ct	0	1	0	1	0	0	0	0	3	0	4	0	0	0	1	0	0	0	0	0	0	0	0	0	0	0	0	0	0	0	0	0	0	0
43420	1 Apr 26	15:52:00	1	0	34	0	Ct	0	1	0	0	0	0	0	0	0	0	1	0	0	0	1	0	0	0	0	0	0	0	0	0	0	0	0	0	4	0	0	0	0	0
43421	1 Apr 26	15:53:00	1	0	34	0	Ct	0	1	0	2	0	0	0	0	0	0	2	0	0	0	1	0	0	0	0	1	0	0	0	0	0	0	0	3	0	0	0	0	0	0
43422	1 Apr 26	15:54:00	1	0	34	0	Ct	0	1	0	0	0	0	0	0	0	0	1	0	0	0	0	0	1	0	3	1	0	0	0	1	0	1	0	1	0	0	0	0	0	0
43423	1 Apr 26	15:55:00	1	0	34	0	Ct	0	1	0	0	0	0	0	0	7	0	1	0	0	0	0	0	0	0	0	1	0	0	0	0	0	0	0	1	0	0	0	0	0	0
43424	1 Apr 26	15:56:00	1	0	34	0	Ct	0	1	0	0	0	0	0	0	3	0	0	0	0	0	0	0	0	0	0	0	0	1	2	2	0	0	0	0	0	2	0	0	0	0
43425	1 Apr 26	15:57:00	1	0	34	0	Ct	0	1	1	0	0	3	0	0	1	0	1	0	0	1	0	0	0	0	1	0	0	0	2	2	0	0	0	0	0	0	0	0	0	0
43426	1 Apr 26	15:58:00	1	0	34	0	Ct	0	1	1	1	0	0	0	0	3	0	0	0	0	0	0	0	0	0	0	0	0	0	0	0	0	0	0	0	0	0	0	0	0	0
43427	1 Apr 26	15:59:00	1	0	34	0	Ct	0	1	0	1	0	0	0	0	0	0	1	0	0	1	0	0	0	0	0	0	0	0	1	0	0	0	0	0	0	0	0	0	0	0
43428	1 Apr 26	16:00:00	1	0	34	0	Ct	0	1	0	2	0	0	0	0	0	0	0	0	0	0	1	0	1	0	0	0	0	0	0	0	2	0	0	0	0	0	0	0	1	0
43429	1 Apr 26	16:01:00	1	0	34	0	Ct	0	1	1	1	0	0	0	0	0	0	0	0	0	0	1	0	1	0	0	0	0	0	1	0	0	0	0	0	0	0	0	0	0	0
43430	1 Apr 26	16:02:00	1	0	34	0	Ct	0	1	3	2	0	0	0	0	0	0	0	0	0	2	0	0	0	0	0	0	0	0	0	0	0	0	0	0	0	1	0	0	0	0
43431	1 Apr 26	16:03:00	1	0	34	0	Ct	0	1	2	1	0	0	0	0	0	0	0	1	4	1	1	1	0	0	0	0	0	0	0	0	0	0	0	1	0	1	0	0	0	0
43432	1 Apr 26	16:04:00	1	0	34	0	Ct	0	1	2	1	0	0	0	4	0	0	0	2	0	1	2	0	0	0	0	0	0	0	0	0	0	0	0	1	0	0	0	0	0	0
43433	1 Apr 26	16:05:00	1	0	34	0	Ct	0	1	0	0	0	0	0	1	0	0	0	0	0	1	0	3	0	0	1	0	0	0	0	0	0	0	0	0	0	1	0	0	0	0
43434	1 Apr 26	16:06:00	1	0	34	0	Ct	0	1	0	1	0	0	0	0	0	0	0	5	0	0	0	1	2	0	1	0	0	0	0	0	0	0	0	0	0	0	0	0	0	0
43435	1 Apr 26	16:07:00	1	0	34	0	Ct	0	1	0	1	0	0	0	2	0	0	0	0	0	3	0	0	0	0	0	0	1	3	0	0	0	1	0	0	0	0	0	0	0	0
43436	1 Apr 26	16:08:00	1	0	34	0	Ct	0	1	1	0	0	1	0	0	0	0	0	0	0	0	0	0	2	0	1	0	1	0	0	0	0	1	0	0	0	0	0	0	0	0
43437	1 Apr 26	16:09:00	1	0	34	0	Ct	0	1	1	0	0	1	0	0	0	0	0	0	0	0	0	0	1	0	1	2	3	0	0	0	0	1	0	0	0	0	0	0	0	0
43438	1 Apr 26	16:10:00	1	0	34	0	Ct	0	1	0	0	0	0	0	0	0	0	0	0	0	0	0	0	0	0	0	1	0	0	0	0	0	1	0	0	0	0	0	0	0	0
43439	1 Apr 26	16:11:00	1	0	34	0	Ct	0	1	1	0	0	0	0	0	0	0	0	0	0	0	3	0	0	0	0	0	0	1	1	0	0	0	0	0	0	0	0	0	0	0
43440	1 Apr 26	16:12:00	1	0	34	0	Ct	0	1	0	0	0	0	0	0	0	0	0	0	0	0	0	0	0	0	1	0	0	2	1	0	0	0	0	2	0	0	0	0	0	0
43441	1 Apr 26	16:13:00	1	0	34	0	Ct	0	1	0	1	0	0	0	0	0	0	0	0	4	1	0	0	0	0	1	0	0	0	0	0	0	0	0	1	0	0	0	0	0	3
43442	1 Apr 26	16:14:00	1	0	34	0	Ct	0	1	0	0	0	0	0	0	0	0	0	0	0	0	0	0	2	0	1	0	0	0	0	2	0	0	0	3	0	2	0	0	1	3
43443	1 Apr 26	16:15:00	1	0	34	0	Ct	0	1	0	1	1	0	0	0	0	0	2	0	1	3	0	0	1	0	1	0	0	0	0	0	0	0	0	2	0	1	0	0	0	0
43444	1 Apr 26	16:16:00	1	0	34	0	Ct	0	1	0	0	1	0	0	0	0	0	0	0	0	3	0	0	0	0	0	0	0	1	1	0	0	1	0	0	0	1	0	0	0	0
43445	1 Apr 26	16:17:00	1	0	34	0	Ct	0	1	0	0	0	0	0	0	0	0	2	0	0	0	0	0	0	0	0	0	0	0	0	0	0	0	0	0	0	1	0	0	0	1
43446	1 Apr 26	16:18:00	1	0	34	0	Ct	0	1	0	0	0	0	0	0	0	0	0	0	3	0	0	2	0	0	0	0	0	0	2	0	0	1	0	2	0	0	0	0	0	0
43447	1 Apr 26	16:19:00	1	0	34	0	Ct	0	1	0	0	0	0	0	0	1	0	0	0	0	1	0	0	2	0	3	0	0	0	1	0	0	0	0	2	0	2	0	0	0	0
43448	1 Apr 26	16:20:00	1	0	34	0	Ct	0	1	0	0	0	0	0	0	1	0	0	0	0	0	0	0	1	0	3	0	0	0	1	0	3	2	0	1	1	1	0	0	0	0
43449	1 Apr 26	16:21:00	1	0	34	0	Ct	0	1	0	0	0	2	0	0	0	0	0	0	1	0	0	0	0	0	1	0	0	0	0	0	0	0	0	2	1	1	0	0	0	0
43450	1 Apr 26	16:22:00	1	0	34	0	Ct	0	1	1	0	0	3	0	0	0	0	0	3	0	3	0	0	1	0	0	0	0	0	0	0	0	0	0	2	0	0	0	0	0	0
43451	1 Apr 26	16:23:00	1	0	34	0	Ct	0	1	1	0	0	0	0	0	0	1	0	0	2	0	0	0	0	0	0	0	0	0	0	1	0	0	0	6	0	0	0	0	0	0
43452	1 Apr 26	16:24:00	1	0	34	0	Ct	0	1	1	0	0	0	0	1	0	0	0	2	0	0	0	0	0	0	0	0	0	1	0	3	0	0	0	2	0	2	0	0	0	0
43453	1 Apr 26	16:25:00	1	0	34	0	Ct	0	1	0	0	0	0	0	0	0	0	0	0	0	0	0	0	3	0	0	0	0	2	1	0	0	1	0	2	0	1	0	0	0	0
43454	1 Apr 26	16:26:00	1	0	34	0	Ct	0	1	0	2	0	0	0	0	0	0	0	0	0	0	0	0	0	0	0	0	0	2	0	0	0	0	0	1	0	3	0	0	0	0
43455	1 Apr 26	16:27:00	1	0	34	0	Ct	0	1	0	0	0	0	0	2	0	0	0	0	0	0	0	0	0	0	0	0	0	0	1	0	0	0	0	0	0	0	0	0	0	0
43456	1 Apr 26	16:28:00	1	0	34	0	Ct	0	1	0	1	0	0	0	0	0	0	0	0	0	0	0	0	1	0	1	0	0	0	1	0	0	0	0	2	0	1	0	0	0	0
43457	1 Apr 26	16:29:00	1	0	34	0	Ct	0	1	0	2	0	0	0	2	0	1	0	0	0	0	0	0	0	0	1	0	0	0	0	0	0	0	0	2	0	0	0	0	0	0
43458	1 Apr 26	16:30:00	1	0	34	0	Ct	0	1	0	0	1	0	0	0	2	1	3	1	0	3	0	0	0	0	0	0	0	0	1	0	0	0	0	0	0	2	0	0	0	0
43459	1 Apr 26	16:31:00	1	0	34	0	Ct	0	1	0	1	0	0	0	1	0	0	1	3	0	0	2	0	0	0	1	0	0	0	1	0	0	0	0	0	0	1	0	0	0	0
43460	1 Apr 26	16:32:00	1	0	34	0	Ct	0	1	0	0	1	0	0	3	1	0	3	4	2	0	1	0	2	0	0	0	0	4	1	0	0	0	0	2	0	0	0	0	0	0
43461	1 Apr 26	16:33:00	1	0	34	0	Ct	0	1	0	0	0	0	0	0	1	0	3	3	1	1	0	0	0	0	0	0	0	1	0	0	0	0	0	1	0	0	0	0	0	0
43462	1 Apr 26	16:34:00	1	0	34	0	Ct	0	1	0	1	0	0	0	0	2	0	1	3	0	0	0	0	2	0	1	0	0	1	0	0	0	0	0	1	0	2	0	0	0	0
43463	1 Apr 26	16:35:00	1	0	34	0	Ct	0	1	0	1	0	0	0	2	0	0	0	4	0	5	0	0	3	3	0	0	0	0	3	0	0	0	0	1	0	0	0	0	0	0
43464	1 Apr 26	16:36:00	1	0	34	0	Ct	0	1	0	1	0	0	0	10	0	0	0	2	0	0	0	0	1	0	1	0	0	0	3	0	0	0	0	2	0	1	0	0	0	0
43465	1 Apr 26	16:37:00	1	0	34	0	Ct	0	1	0	1	1	1	0	0	0	0	1	0	0	1	0	0	2	0	0	0	0	0	0	0	0	0	0	4	0	1	0	0	1	0
43466	1 Apr 26	16:38:00	1	0	34	0	Ct	0	1	0	1	0	1	0	5	0	0	1	2	0	2	0	0	1	0	1	0	0	2	0	2	1	0	0	2	0	0	0	0	1	0
43467	1 Apr 26	16:39:00	1	0	34	0	Ct	0	1	0	1	1	0	0	0	1	0	2	0	0	0	0	0	0	0	0	0	0	0	1	0	0	0	0	1	0	0	0	0	0	0
43468	1 Apr 26	16:40:00	1	0	34	0	Ct	0	1	0	0	1	0	0	3	0	0	2	0	0	0	0	0	0	0	0	0	0	1	1	1	0	1	0	0	0	0	3	0	1	0
43469	1 Apr 26	16:41:00	1	0	34	0	Ct	0	1	0	1	1	0	0	0	0	0	0	0	0	1	0	0	0	0	0	0	0	0	2	3	0	0	0	3	0	2	3	0	1	0
43470	1 Apr 26	16:42:00	1	0	34	0	Ct	0	1	0	0	2	0	0	0	0	0	0	3	0	0	2	0	0	0	0	0	0	0	1	0	0	0	0	2	0	1	0	0	0	0
43471	1 Apr 26	16:43:00	1	0	34	0	Ct	0	1	0	1	1	0	0	0	0	0	0	0	0	0	0	0	0	0	1	0	0	0	1	0	0	0	0	1	0	0	3	0	2	0
43472	1 Apr 26	16:44:00	1	0	34	0	Ct	0	1	0	1	0	0	0	0	2	0	0	0	0	3	0	0	0	0	1	0	0	0	2	0	0	0	0	1	0	2	0	0	1	0
43473	1 Apr 26	16:45:00	1	0	34	0	Ct	0	1	0	1	1	0	0	0	0	0	0	0	0	2	0	0	1	0	0	0	0	0	0	0	0	0	0	1	0	0	0	0	13	0
43474	1 Apr 26	16:46:00	1	0	34	0	Ct	0	1	2	0	1	0	0	0	0	0	0	0	0	0	0	0	0	0	0	0	0	0	0	0	0	0	0	2	0	0	2	0	0	0
43475	1 Apr 26	16:47:00	1	0	34	0	Ct	0	1	1	0	0	0	0	0	0	0	0	0	0	1	0	0	0	0	0	0	0	4	0	0	0	0	0	1	0	0	1	0	0	0
43476	1 Apr 26	16:48:00	1	0	34	0	Ct	0	1	0	0	1	4	0	0	0	1	0	0	0	0	0	0	0	0	2	0	0	1	0	0	0	0	0	4	0	0	0	0	0	0
43477	1 Apr 26	16:49:00	1	0	34	0	Ct	0	1	0	0	1	2	0	1	0	1	2	2	0	1	0	0	0	0	1	0	0	0	2	0	0	0	0	1	0	0	0	0	0	0
43478	1 Apr 26	16:50:00	1	0	34	0	Ct	0	1	0	2	1	0	0	0	0	0	0	5	0	1	0	0	0	0	0	0	0	0	0	0	0	0	0	0	0	0	0	0	1	0
43479	1 Apr 26	16:51:00	1	0	34	0	Ct	0	1	0	0	0	0	0	1	0	0	0	0	0	3	1	0	4	0	1	0	0	0	0	0	0	0	0	0	0	1	0	0	0	0
43480	1 Apr 26	16:52:00	1	0	34	0	Ct	0	1	0	1	2	1	0	0	0	0	0	0	0	6	0	0	0	1	0	0	0	0	0	0	0	0	0	2	0	2	0	0	0	2
43481	1 Apr 26	16:53:00	1	0	34	0	Ct	0	1	1	3	0	4	0	0	0	0	0	2	0	0	0	0	2	1	1	0	0	0	0	0	0	0	0	0	0	1	0	0	0	0
43482	1 Apr 26	16:54:00	1	0	34	0	Ct	0	1	0	2	0	2	0	0	0	0	0	4	0	0	0	0	1	0	0	0	0	0	0	1	0	0	0	1	0	2	0	0	0	0
43483	1 Apr 26	16:55:00	1	0	34	0	Ct	0	1	0	1	0	1	0	0	0	0	1	0	0	2	0	0	0	0	0	0	0	0	0	1	0	0	0	1	0	1	0	0	0	3
43484	1 Apr 26	16:56:00	1	0	34	0	Ct	0	1	0	1	0	0	0	1	0	0	1	0	0	1	0	0	0	0	1	0	0	0	0	2	0	0	0	0	0	0	0	0	2	0
43485	1 Apr 26	16:57:00	1	0	34	0	Ct	0	1	2	3	0	0	0	1	0	0	0	2	0	0	0	0	0	0	0	0	0	0	0	0	0	0	0	2	0	0	0	0	0	0
43486	1 Apr 26	16:58:00	1	0	34	0	Ct	0	1	1	0	0	0	0	2	0	0	0	1	0	1	0	1	1	0	1	0	0	0	0	0	0	0	0	2	0	0	0	0	0	0
43487	1 Apr 26	16:59:00	1	0	34	0	Ct	0	1	0	1	1	0	0	0	0	0	0	1	0	1	0	0	0	0	0	0	0	0	0	0	0	0	0	1	0	0	0	0	0	0
43488	1 Apr 26	17:00:00	1	0	34	0	Ct	0	1	0	0	2	0	0	1	0	0	0	0	0	0	0	0	0	3	0	0	0	0	0	0	1	0	0	3	0	0	0	0	0	0
43489	1 Apr 26	17:01:00	1	0	34	0	Ct	0	1	0	0	0	0	0	0	0	0	0	1	0	1	0	0	0	5	0	0	0	0	0	0	0	2	0	2	0	0	0	0	0	2
43490	1 Apr 26	17:02:00	1	0	34	0	Ct	0	1	0	0	2	0	0	0	0	0	0	0	0	0	0	0	0	0	1	0	0	0	0	0	0	0	0	0	0	0	1	0	0	0
43491	1 Apr 26	17:03:00	1	0	34	0	Ct	0	1	0	1	0	0	0	0	0	0	0	2	0	1	0	0	0	1	0	0	0	0	1	0	0	0	0	0	0	0	0	0	1	0
43492	1 Apr 26	17:04:00	1	0	34	0	Ct	0	1	0	1	0	0	0	0	0	0	0	0	0	1	1	0	0	1	0	0	0	0	2	0	0	1	0	3	0	0	0	0	0	0
43493	1 Apr 26	17:05:00	1	0	34	0	Ct	0	1	2	1	0	0	0	0	0	0	0	0	0	0	1	0	0	0	0	0	0	0	0	0	2	0	0	2	1	1	0	0	0	0
43494	1 Apr 26	17:06:00	1	0	34	0	Ct	0	1	1	2	1	0	0	0	0	0	0	0	0	1	2	0	0	0	0	0	0	0	0	1	0	0	0	2	0	1	0	0	0	0
43495	1 Apr 26	17:07:00	1	0	34	0	Ct	0	1	0	1	2	0	0	0	0	1	3	0	0	1	0	0	0	0	1	0	0	0	0	2	0	0	0	1	2	1	0	0	1	0
43496	1 Apr 26	17:08:00	1	0	34	0	Ct	0	1	0	0	1	0	0	0	0	1	0	0	0	0	0	0	1	0	0	0	0	0	0	0	0	1	0	0	0	0	0	0	2	0
43497	1 Apr 26	17:09:00	1	0	34	0	Ct	0	1	0	1	0	0	0	0	0	0	2	1	0	1	0	0	0	0	1	0	0	1	0	1	0	0	0	2	2	0	0	0	2	0
43498	1 Apr 26	17:10:00	1	0	34	0	Ct	0	1	0	2	1	0	0	0	0	0	0	1	0	0	0	0	2	0	1	0	0	2	0	2	0	0	0	4	0	1	0	0	0	0
43499	1 Apr 26	17:11:00	1	0	34	0	Ct	0	1	3	1	1	0	0	0	0	0	0	0	0	2	0	0	0	0	2	0	0	0	0	0	0	0	0	1	0	0	0	0	2	0
43500	1 Apr 26	17:12:00	1	0	34	0	Ct	0	1	1	1	1	0	0	0	0	0	0	4	0	1	0	0	0	0	0	0	0	0	1	1	0	0	0	2	0	3	0	0	1	0
43501	1 Apr 26	17:13:00	1	0	34	0	Ct	0	1	0	0	1	1	0	0	0	1	1	7	1	0	0	0	0	0	1	0	0	0	0	1	2	1	0	2	0	0	0	0	0	0
43502	1 Apr 26	17:14:00	1	0	34	0	Ct	0	1	0	1	1	1	0	0	0	1	0	2	2	0	0	0	0	0	0	0	0	0	1	0	0	0	0	1	0	1	0	0	0	0
43503	1 Apr 26	17:15:00	1	0	34	0	Ct	0	1	0	1	1	0	0	1	0	0	0	0	2	1	0	0	0	0	2	0	0	0	0	0	0	0	0	0	0	0	0	0	0	0
43504	1 Apr 26	17:16:00	1	0	34	0	Ct	0	1	0	1	1	0	0	0	0	0	0	0	0	0	0	0	0	0	0	0	0	0	0	2	0	0	0	2	0	0	1	0	0	0
43505	1 Apr 26	17:17:00	1	0	34	0	Ct	0	1	0	1	0	0	0	0	0	0	0	0	0	0	0	1	1	3	1	0	0	0	1	2	0	0	0	1	0	0	4	0	0	0
43506	1 Apr 26	17:18:00	1	0	34	0	Ct	0	1	0	0	4	0	0	0	0	0	0	0	0	2	0	0	1	0	1	0	0	0	2	0	2	0	0	3	0	0	2	0	1	0
43507	1 Apr 26	17:19:00	1	0	34	0	Ct	0	1	1	0	0	0	0	1	0	0	0	0	0	0	0	0	0	0	1	0	0	0	0	1	2	1	0	2	0	0	0	0	0	0
43508	1 Apr 26	17:20:00	1	0	34	0	Ct	0	1	1	1	0	0	0	0	0	0	1	0	0	2	0	0	0	0	1	0	0	0	0	2	0	0	0	1	1	0	0	0	2	0
43509	1 Apr 26	17:21:00	1	0	34	0	Ct	0	1	0	1	2	0	0	0	0	0	0	0	1	0	0	1	0	0	0	0	0	3	0	1	0	1	0	0	0	0	3	0	0	0
43510	1 Apr 26	17:22:00	1	0	34	0	Ct	0	1	2	1	0	0	0	0	0	2	1	0	0	1	0	0	0	0	2	0	0	0	0	0	0	0	0	2	0	2	0	0	1	0
43511	1 Apr 26	17:23:00	1	0	34	0	Ct	0	1	0	1	0	0	0	0	0	0	2	0	3	0	0	0	1	0	0	0	0	0	1	0	0	1	0	2	0	0	2	0	1	0
43512	1 Apr 26	17:24:00	1	0	34	0	Ct	0	1	2	1	1	0	0	0	0	0	1	2	0	1	0	0	0	0	0	0	0	1	1	0	0	0	0	0	0	0	0	0	2	0
43513	1 Apr 26	17:25:00	1	0	34	0	Ct	0	1	0	1	1	0	0	0	0	0	0	0	0	0	0	0	0	0	0	0	0	0	0	0	1	1	0	5	1	0	3	0	5	0
43514	1 Apr 26	17:26:00	1	0	34	0	Ct	0	1	0	3	0	1	0	1	0	0	3	0	0	1	1	0	1	0	2	0	0	0	0	0	0	0	0	2	0	7	4	0	2	0
43515	1 Apr 26	17:27:00	1	0	34	0	Ct	0	1	0	0	0	1	0	2	0	1	1	0	0	2	2	2	0	0	0	0	0	0	0	0	0	1	0	1	0	0	0	0	2	0
43516	1 Apr 26	17:28:00	1	0	34	0	Ct	0	1	0	1	2	0	0	0	0	0	0	1	0	0	0	0	0	1	0	0	0	0	1	0	0	0	0	1	0	0	0	0	1	0
43517	1 Apr 26	17:29:00	1	0	34	0	Ct	0	1	0	2	0	0	0	0	0	0	2	2	0	0	1	0	1	2	0	0	0	0	1	0	2	0	0	2	0	0	0	0	2	0
43518	1 Apr 26	17:30:00	1	0	34	0	Ct	0	1	0	1	1	0	0	0	0	0	0	2	0	2	0	1	0	1	1	0	0	0	0	1	0	1	0	1	0	1	0	0	2	0
43519	1 Apr 26	17:31:00	1	0	34	0	Ct	0	1	0	0	1	0	0	0	0	0	5	3	0	0	0	0	1	1	0	0	0	4	0	1	0	0	0	2	0	0	0	0	0	0
43520	1 Apr 26	17:32:00	1	0	34	0	Ct	0	1	1	0	0	0	0	0	0	0	0	1	0	0	0	0	2	0	0	0	0	3	0	1	0	0	0	5	1	1	0	0	2	0
43521	1 Apr 26	17:33:00	1	0	34	0	Ct	0	1	4	2	0	3	0	0	0	0	1	2	0	0	0	0	2	0	0	0	0	0	0	1	0	0	0	0	0	0	0	0	0	0
43522	1 Apr 26	17:34:00	1	0	34	0	Ct	0	1	0	0	1	2	0	0	0	0	2	1	0	1	0	2	0	0	0	0	0	0	0	1	0	0	0	1	1	1	0	0	1	0
43523	1 Apr 26	17:35:00	1	0	34	0	Ct	0	1	0	2	1	0	0	0	0	0	1	0	0	1	0	0	3	0	0	0	0	0	0	0	2	0	0	2	0	1	0	0	1	0
43524	1 Apr 26	17:36:00	1	0	34	0	Ct	0	1	0	3	3	0	0	0	0	1	0	0	0	0	1	2	0	0	1	0	0	0	0	0	0	0	0	1	0	1	0	0	1	0
43525	1 Apr 26	17:37:00	1	0	34	0	Ct	0	1	0	0	1	1	0	0	0	0	0	0	0	1	0	0	0	0	0	0	0	0	0	2	2	0	0	2	0	0	0	0	1	0
43526	1 Apr 26	17:38:00	1	0	34	0	Ct	0	1	0	2	3	1	0	0	0	1	2	0	2	1	2	0	1	0	0	0	0	1	0	0	0	1	0	2	3	0	0	0	1	0
43527	1 Apr 26	17:39:00	1	0	34	0	Ct	0	1	0	1	1	0	0	0	0	0	0	3	2	0	3	0	1	0	0	0	0	0	0	1	0	0	0	2	2	1	0	0	0	0
43528	1 Apr 26	17:40:00	1	0	34	0	Ct	0	1	0	0	0	0	0	0	0	0	0	4	2	0	1	0	0	0	2	0	0	0	0	2	0	0	0	0	0	0	5	0	1	0
43529	1 Apr 26	17:41:00	1	0	34	0	Ct	0	1	1	2	0	2	0	0	0	0	0	0	0	0	0	0	1	0	1	0	0	0	0	2	0	0	0	0	1	0	4	0	1	0
43530	1 Apr 26	17:42:00	1	0	34	0	Ct	0	1	1	1	1	0	0	0	0	0	0	2	2	0	1	0	0	0	0	0	0	0	0	0	0	1	0	4	0	0	3	0	2	0
43531	1 Apr 26	17:43:00	1	0	34	0	Ct	0	1	0	0	1	2	0	0	0	0	0	0	0	3	3	1	0	0	1	0	0	0	0	0	0	2	0	4	2	0	0	0	3	0
43532	1 Apr 26	17:44:00	1	0	34	0	Ct	0	1	0	3	0	0	0	1	0	0	0	1	2	0	2	0	0	0	2	0	0	2	0	0	0	0	0	2	1	1	0	0	0	0
43533	1 Apr 26	17:45:00	1	0	34	0	Ct	0	1	0	1	0	5	0	0	0	0	0	0	2	1	1	1	0	0	0	0	0	1	0	0	0	0	0	0	0	0	0	0	2	0
43534	1 Apr 26	17:46:00	1	0	34	0	Ct	0	1	0	1	0	0	0	0	0	0	0	1	2	1	1	0	2	0	1	0	0	0	4	0	0	0	0	0	0	0	0	0	0	0
43535	1 Apr 26	17:47:00	1	0	34	0	Ct	0	1	0	0	0	1	0	0	0	0	0	2	0	0	0	2	2	1	0	0	0	0	0	2	0	0	0	2	0	0	0	0	0	0
43536	1 Apr 26	17:48:00	1	0	34	0	Ct	0	1	0	1	0	2	0	1	0	0	0	0	0	1	4	0	0	0	1	0	0	0	1	1	0	0	0	4	1	2	0	0	1	0
43537	1 Apr 26	17:49:00	1	0	34	0	Ct	0	1	0	2	0	1	0	0	1	0	0	1	0	1	1	0	0	1	0	0	0	0	0	0	2	0	0	1	4	0	13	0	2	0
43538	1 Apr 26	17:50:00	1	0	34	0	Ct	0	1	4	1	0	0	0	0	0	0	0	0	0	0	3	0	0	0	1	0	0	0	0	0	0	0	0	0	0	0	0	0	3	1
43539	1 Apr 26	17:51:00	1	0	34	0	Ct	0	1	1	1	0	5	0	0	1	0	0	0	0	1	1	0	0	1	0	0	0	0	0	0	2	0	0	0	2	3	0	0	3	1
43540	1 Apr 26	17:52:00	1	0	34	0	Ct	0	1	0	1	0	1	0	1	0	0	1	2	0	0	1	0	0	3	0	0	0	0	0	1	0	0	0	0	0	0	0	0	1	0
43541	1 Apr 26	17:53:00	1	0	34	0	Ct	0	1	0	1	0	3	0	1	5	0	2	3	0	1	1	1	1	0	1	0	0	0	0	1	3	0	0	2	0	0	1	0	2	0
43542	1 Apr 26	17:54:00	1	0	34	0	Ct	0	1	0	2	0	0	0	1	2	0	1	0	0	0	2	0	0	1	0	0	0	0	0	0	1	0	0	0	1	2	2	0	1	0
43543	1 Apr 26	17:55:00	1	0	34	0	Ct	0	1	0	1	0	2	0	4	2	0	2	4	2	0	0	1	1	1	0	0	0	0	0	0	0	0	0	2	0	0	0	0	1	0
43544	1 Apr 26	17:56:00	1	0	34	0	Ct	0	1	0	0	0	6	0	1	0	0	1	2	5	0	0	0	1	2	0	0	0	1	0	0	0	0	0	1	0	0	0	0	4	0
43545	1 Apr 26	17:57:00	1	0	34	0	Ct	0	1	0	1	0	0	0	1	3	2	1	1	1	0	0	1	0	0	0	0	0	0	0	0	0	1	0	6	1	0	3	0	0	0
43546	1 Apr 26	17:58:00	1	0	34	0	Ct	0	1	0	0	0	1	0	2	2	0	1	0	0	0	1	0	0	0	1	0	0	5	0	0	0	0	0	1	0	0	4	0	2	0
43547	1 Apr 26	17:59:00	1	0	34	0	Ct	0	1	0	2	0	1	0	3	1	0	0	0	0	0	2	6	0	2	2	0	0	1	0	0	0	0	0	0	0	0	6	0	4	0
43548	1 Apr 26	18:00:00	1	0	34	0	Ct	0	1	0	2	0	0	0	0	2	0	0	1	0	0	2	6	1	0	0	0	0	0	0	0	0	0	0	0	0	0	2	0	2	0
43549	1 Apr 26	18:01:00	1	0	34	0	Ct	0	1	0	0	0	0	0	0	0	0	0	2	1	0	2	0	0	2	0	0	0	0	0	0	0	0	0	0	0	1	0	0	0	0
43550	1 Apr 26	18:02:00	1	0	34	0	Ct	0	1	0	0	1	0	0	2	0	1	1	3	1	0	2	1	0	0	1	0	0	0	0	0	0	0	0	2	0	0	0	0	2	0
43551	1 Apr 26	18:03:00	1	0	34	0	Ct	0	1	0	0	1	0	0	0	0	0	0	1	1	2	0	1	0	3	3	0	0	2	0	0	0	3	0	0	0	1	0	0	1	0
43552	1 Apr 26	18:04:00	1	0	34	0	Ct	0	1	0	0	0	0	0	0	0	1	0	3	0	0	4	1	1	1	1	0	0	2	0	0	0	0	0	2	0	0	5	0	2	0
43553	1 Apr 26	18:05:00	1	0	34	0	Ct	0	1	0	1	0	1	0	0	0	0	0	1	5	0	1	1	0	1	1	0	0	0	0	1	2	0	0	2	0	1	2	0	0	0
43554	1 Apr 26	18:06:00	1	0	34	0	Ct	0	1	0	0	0	1	0	0	0	0	1	0	0	1	0	0	0	4	1	0	0	0	0	1	1	0	0	2	0	1	0	0	5	0
43555	1 Apr 26	18:07:00	1	0	34	0	Ct	0	1	0	2	0	1	0	0	0	0	2	0	0	0	0	0	0	0	0	0	0	0	0	0	0	0	0	0	2	1	0	0	1	0
43556	1 Apr 26	18:08:00	1	0	34	0	Ct	0	1	0	1	0	7	0	0	0	0	0	2	2	0	1	0	0	2	0	0	0	0	1	0	0	0	0	0	0	0	1	0	1	0
43557	1 Apr 26	18:09:00	1	0	34	0	Ct	0	1	0	1	0	5	0	0	0	0	1	0	0	0	2	5	0	1	1	0	0	0	2	0	0	0	0	3	0	0	0	0	1	0
43558	1 Apr 26	18:10:00	1	0	34	0	Ct	0	1	1	1	0	0	0	0	2	0	2	1	0	1	1	0	2	2	1	0	0	0	1	3	1	0	0	3	1	2	0	0	1	0
43559	1 Apr 26	18:11:00	1	0	34	0	Ct	0	0	3	2	0	0	0	0	0	0	4	2	0	0	4	0	0	1	0	0	0	0	0	2	1	0	0	1	0	0	0	0	4	0
43560	1 Apr 26	18:12:00	1	0	34	0	Ct	0	0	3	2	0	0	0	0	1	1	3	2	0	3	1	1	4	1	1	0	0	0	1	1	1	1	0	0	0	3	0	0	4	0
43561	1 Apr 26	18:13:00	1	0	34	0	Ct	0	0	4	0	0	0	0	0	0	0	0	0	3	2	1	2	0	2	2	0	0	0	2	3	2	1	0	0	0	0	0	0	2	0
43562	1 Apr 26	18:14:00	1	0	34	0	Ct	0	0	1	0	0	0	0	0	3	1	2	3	3	1	0	1	0	0	0	0	0	0	2	1	1	0	6	0	18	0	0	0	2	2
43563	1 Apr 26	18:15:00	1	0	34	0	Ct	0	0	4	1	0	0	0	0	0	1	1	1	3	2	2	0	2	2	2	0	0	0	0	5	0	0	0	2	4	0	1	0	4	2
43564	1 Apr 26	18:16:00	1	0	34	0	Ct	0	0	3	1	1	3	0	0	0	5	1	3	4	0	0	2	2	1	0	0	4	1	1	1	2	0	0	0	1	3	5	0	1	2
43565	1 Apr 26	18:17:00	1	0	34	0	Ct	0	0	3	2	1	4	0	1	1	3	3	1	0	0	3	1	3	4	4	0	7	2	1	7	2	2	0	1	1	0	3	0	5	2
43566	1 Apr 26	18:18:00	1	0	34	0	Ct	0	0	3	1	2	1	0	3	3	1	4	2	0	2	0	0	2	2	0	0	2	1	3	0	2	2	0	1	0	0	0	0	3	5
43567	1 Apr 26	18:19:00	1	0	34	0	Ct	0	0	1	1	6	2	0	0	7	4	1	4	7	3	0	0	0	2	2	0	5	0	0	3	3	0	0	2	3	2	3	0	5	1
43568	1 Apr 26	18:20:00	1	0	34	0	Ct	0	0	2	0	2	3	0	0	0	0	0	2	1	1	1	3	0	1	2	0	0	1	1	0	4	1	1	7	0	2	0	0	5	4
43569	1 Apr 26	18:21:00	1	0	34	0	Ct	0	0	1	2	2	0	0	0	3	3	1	2	0	2	5	2	0	3	0	0	1	0	1	1	2	0	4	5	0	1	0	0	3	1
43570	1 Apr 26	18:22:00	1	0	34	0	Ct	0	0	2	2	5	0	0	5	1	0	5	2	2	0	3	3	4	1	3	0	3	4	2	4	3	0	2	0	0	1	0	0	5	3
43571	1 Apr 26	18:23:00	1	0	34	0	Ct	0	0	4	2	1	0	0	3	3	1	3	5	1	3	0	0	0	2	0	0	5	2	2	3	2	0	2	2	2	0	2	0	4	2
43572	1 Apr 26	18:24:00	1	0	34	0	Ct	0	0	3	3	0	0	0	2	4	3	0	2	0	1	0	1	1	1	2	0	2	9	1	1	8	0	0	3	2	0	3	0	1	5
43573	1 Apr 26	18:25:00	1	0	34	0	Ct	0	0	3	2	2	0	0	0	3	1	3	3	3	0	2	5	5	5	1	0	2	3	1	1	3	0	0	0	0	0	1	0	4	4
43574	1 Apr 26	18:26:00	1	0	34	0	Ct	0	0	3	1	0	0	0	0	5	1	3	3	3	1	4	2	0	3	2	0	0	3	1	2	4	0	0	1	2	0	4	0	2	9
43575	1 Apr 26	18:27:00	1	0	34	0	Ct	0	0	3	2	1	0	0	7	3	3	0	1	0	1	5	0	1	0	0	0	0	0	2	2	5	0	0	4	1	0	0	0	3	0
43576	1 Apr 26	18:28:00	1	0	34	0	Ct	0	0	1	1	1	0	0	7	2	1	1	1	4	2	3	2	2	2	1	0	0	4	1	1	3	0	0	3	2	0	0	0	3	1
43577	1 Apr 26	18:29:00	1	0	34	0	Ct	0	0	2	2	1	3	0	0	2	2	0	3	5	1	2	1	0	2	0	0	0	0	0	0	3	0	0	0	1	1	0	0	5	3
43578	1 Apr 26	18:30:00	1	0	34	0	Ct	0	0	3	1	3	3	0	1	3	5	1	2	3	1	4	1	0	2	0	0	2	1	2	1	5	1	0	2	6	1	3	0	4	2
43579	1 Apr 26	18:31:00	1	0	34	0	Ct	0	0	2	1	2	3	0	0	4	3	0	2	2	2	7	0	1	3	0	0	1	3	2	3	2	2	0	3	1	0	1	0	3	4
43580	1 Apr 26	18:32:00	1	0	34	0	Ct	0	0	4	0	0	2	0	0	3	3	1	2	3	1	3	4	2	3	1	0	0	0	3	3	2	2	3	3	1	1	0	0	0	0
43581	1 Apr 26	18:33:00	1	0	34	0	Ct	0	0	4	0	1	3	0	0	2	0	2	4	6	2	3	2	0	1	0	0	2	2	1	1	3	1	2	3	0	2	2	0	5	3
43582	1 Apr 26	18:34:00	1	0	34	0	Ct	0	0	1	0	4	0	0	0	5	1	2	1	3	1	0	2	4	2	1	0	1	0	1	4	4	0	0	7	0	1	1	0	3	1
43583	1 Apr 26	18:35:00	1	0	34	0	Ct	0	0	1	0	2	3	0	0	2	3	2	1	6	2	3	2	2	3	0	0	2	4	0	2	5	0	0	0	0	1	2	0	4	0
43584	1 Apr 26	18:36:00	1	0	34	0	Ct	0	0	2	0	3	5	0	2	4	0	2	5	0	3	3	2	1	1	2	0	0	2	1	0	2	1	0	1	1	1	1	0	3	2
43585	1 Apr 26	18:37:00	1	0	34	0	Ct	0	0	2	0	2	2	0	2	6	0	3	2	0	3	4	2	3	1	1	0	0	2	1	2	4	1	0	2	4	0	3	0	3	2
43586	1 Apr 26	18:38:00	1	0	34	0	Ct	0	0	2	1	1	6	0	0	2	4	3	3	0	0	3	1	0	2	1	0	5	5	1	2	2	0	0	5	1	2	0	0	1	0
43587	1 Apr 26	18:39:00	1	0	34	0	Ct	0	0	2	1	2	3	0	1	3	3	4	1	3	2	5	0	2	1	1	0	0	0	0	2	2	0	0	3	0	0	1	0	2	1
43588	1 Apr 26	18:40:00	1	0	34	0	Ct	0	0	1	0	5	2	0	0	2	0	1	0	0	2	5	1	0	1	1	0	0	3	3	2	3	3	0	2	0	0	1	0	0	2
43589	1 Apr 26	18:41:00	1	0	34	0	Ct	0	0	4	0	1	0	0	1	4	3	1	6	0	0	3	5	0	1	1	0	0	3	1	3	2	1	0	1	0	1	1	0	2	3
43590	1 Apr 26	18:42:00	1	0	34	0	Ct	0	0	2	1	2	0	0	0	3	2	0	0	0	0	0	1	1	1	2	1	0	3	0	0	1	2	0	2	0	1	1	0	0	3
43591	1 Apr 26	18:43:00	1	0	34	0	Ct	0	0	2	1	2	2	0	0	2	1	1	2	0	2	2	1	2	2	2	0	1	0	3	2	8	0	0	6	0	0	3	0	2	3
43592	1 Apr 26	18:44:00	1	0	34	0	Ct	0	0	1	0	4	1	0	1	2	2	1	2	3	0	2	1	0	1	1	0	2	0	0	1	4	1	3	4	0	1	1	0	4	5
43593	1 Apr 26	18:45:00	1	0	34	0	Ct	0	0	2	1	3	1	0	0	4	0	1	4	3	3	3	2	2	1	0	1	1	0	2	3	3	0	2	0	0	7	1	0	4	4
43594	1 Apr 26	18:46:00	1	0	34	0	Ct	0	0	3	3	3	3	0	0	3	0	2	2	0	4	4	0	1	0	1	3	0	0	2	1	3	0	0	0	0	2	12	0	5	0
43595	1 Apr 26	18:47:00	1	0	34	0	Ct	0	0	4	0	4	2	0	0	1	0	2	1	0	0	1	1	0	1	1	0	2	0	0	1	4	0	0	0	1	1	8	0	10	2
43596	1 Apr 26	18:48:00	1	0	34	0	Ct	0	0	2	1	0	3	0	5	0	1	2	1	4	1	2	1	3	5	0	0	1	2	0	3	2	1	0	2	1	1	1	0	3	0
43597	1 Apr 26	18:49:00	1	0	34	0	Ct	0	0	4	1	0	3	0	3	2	1	1	3	0	0	1	0	0	1	1	0	2	1	0	2	2	1	0	2	0	0	0	0	3	2
43598	1 Apr 26	18:50:00	1	0	34	0	Ct	0	0	1	2	2	5	0	2	3	2	2	2	5	2	4	2	0	2	1	0	0	0	0	2	0	3	0	2	0	0	3	0	2	2
43599	1 Apr 26	18:51:00	1	0	34	0	Ct	0	0	1	1	0	4	0	1	1	1	2	2	1	0	1	2	1	2	1	0	2	3	1	2	2	0	0	3	1	0	2	0	0	5
43600	1 Apr 26	18:52:00	1	0	34	0	Ct	0	0	2	4	2	1	0	6	2	2	0	3	2	1	4	2	1	0	2	0	3	1	0	2	2	1	2	1	1	0	0	0	1	4
43601	1 Apr 26	18:53:00	1	0	34	0	Ct	0	0	2	0	1	0	0	0	2	1	0	2	0	2	2	1	1	0	0	0	0	0	2	4	3	1	2	3	1	1	0	0	2	4
43602	1 Apr 26	18:54:00	1	0	34	0	Ct	0	0	2	1	1	0	0	3	2	0	0	1	0	2	0	0	0	1	0	0	2	0	0	4	3	0	0	2	2	1	3	0	1	3
43603	1 Apr 26	18:55:00	1	0	34	0	Ct	0	0	3	0	3	1	0	1	4	2	1	1	0	1	0	1	1	2	2	0	3	0	1	2	0	1	1	3	2	3	3	0	2	3
43604	1 Apr 26	18:56:00	1	0	34	0	Ct	0	0	2	1	1	3	0	0	2	3	2	0	0	2	0	0	3	2	2	0	0	0	1	3	5	1	3	1	0	0	1	0	2	3
43605	1 Apr 26	18:57:00	1	0	34	0	Ct	0	0	1	0	2	2	0	0	3	0	2	2	0	2	3	3	0	5	3	0	0	0	2	0	1	0	1	0	0	1	2	0	1	3
43606	1 Apr 26	18:58:00	1	0	34	0	Ct	0	0	2	0	2	0	0	4	3	0	1	1	3	3	1	4	1	0	1	0	0	0	0	0	2	0	0	1	1	1	2	0	2	4
43607	1 Apr 26	18:59:00	1	0	34	0	Ct	0	0	2	2	3	0	0	0	3	5	3	2	3	2	0	4	0	1	4	0	0	2	2	1	2	0	0	3	7	2	1	0	2	2
43608	1 Apr 26	19:00:00	1	0	34	0	Ct	0	0	2	0	1	0	0	0	4	6	2	2	0	1	1	0	2	2	2	0	3	2	1	2	3	2	0	0	5	1	1	0	2	2
43609	1 Apr 26	19:01:00	1	0	34	0	Ct	0	0	2	1	3	2	0	0	2	2	1	1	0	2	0	1	5	2	1	0	1	3	1	3	4	0	0	2	2	1	0	0	4	4
43610	1 Apr 26	19:02:00	1	0	34	0	Ct	0	0	3	1	2	4	0	0	2	4	1	1	0	0	2	2	0	3	0	0	0	2	1	3	1	1	2	4	0	2	3	0	3	1
43611	1 Apr 26	19:03:00	1	0	34	0	Ct	0	0	1	0	1	1	0	0	2	1	3	2	0	2	5	0	0	2	0	0	0	3	0	1	2	1	2	3	0	0	3	0	1	3
43612	1 Apr 26	19:04:00	1	0	34	0	Ct	0	0	2	2	0	1	0	0	1	0	1	1	3	3	0	2	2	2	3	0	2	1	1	3	3	1	3	3	2	0	3	0	0	1
43613	1 Apr 26	19:05:00	1	0	34	0	Ct	0	0	2	0	3	0	0	0	2	3	1	0	4	2	0	3	1	1	1	0	0	1	0	3	5	1	0	0	0	0	3	0	1	3
43614	1 Apr 26	19:06:00	1	0	34	0	Ct	0	0	2	1	2	0	0	0	4	3	3	2	0	2	1	1	0	3	0	0	4	2	3	2	4	0	9	4	0	4	0	0	3	2
43615	1 Apr 26	19:07:00	1	0	34	0	Ct	0	0	2	1	0	0	0	0	3	2	1	0	0	0	2	6	1	2	0	0	3	4	1	1	3	0	3	2	0	3	10	0	3	1
43616	1 Apr 26	19:08:00	1	0	34	0	Ct	0	0	4	1	4	1	0	3	3	0	2	3	0	1	0	0	2	2	2	0	0	0	0	3	2	1	1	0	4	1	0	0	3	2
43617	1 Apr 26	19:09:00	1	0	34	0	Ct	0	0	1	1	4	5	0	7	2	7	1	1	0	1	8	0	0	2	1	0	0	0	2	3	2	0	0	2	0	2	1	0	5	0
43618	1 Apr 26	19:10:00	1	0	34	0	Ct	0	0	1	1	2	2	0	3	2	1	0	1	0	1	2	1	0	1	2	0	0	5	0	1	3	1	0	2	0	0	0	0	2	0
43619	1 Apr 26	19:11:00	1	0	34	0	Ct	0	0	2	1	4	4	0	2	2	1	1	1	0	1	1	1	0	3	3	0	2	0	1	1	4	0	4	1	0	0	0	0	3	2
43620	1 Apr 26	19:12:00	1	0	34	0	Ct	0	0	2	0	2	1	0	0	4	1	0	2	0	1	2	1	3	0	1	0	3	0	3	2	3	3	0	0	0	0	1	0	2	2
43621	1 Apr 26	19:13:00	1	0	34	0	Ct	0	0	2	1	3	3	0	1	3	1	1	1	0	1	4	0	0	2	2	0	1	0	0	2	2	1	0	2	1	2	1	0	0	2
43622	1 Apr 26	19:14:00	1	0	34	0	Ct	0	0	2	3	2	3	0	0	1	1	0	1	5	1	3	1	1	1	1	0	0	0	0	1	2	4	3	2	0	0	0	0	0	0
43623	1 Apr 26	19:15:00	1	0	34	0	Ct	0	0	3	2	1	2	0	1	3	0	1	2	2	0	5	3	1	4	1	0	0	3	1	3	4	2	4	2	1	0	4	0	0	3
43624	1 Apr 26	19:16:00	1	0	34	0	Ct	0	0	2	1	1	4	0	0	3	1	1	2	2	3	1	0	0	1	1	0	5	2	1	1	1	0	3	0	0	1	0	0	0	0
43625	1 Apr 26	19:17:00	1	0	34	0	Ct	0	0	0	1	2	4	0	0	3	1	2	2	0	1	2	4	3	3	1	0	3	3	0	1	3	0	1	0	1	1	1	0	0	0
43626	1 Apr 26	19:18:00	1	0	34	0	Ct	0	0	4	1	3	4	0	1	3	1	2	10	2	2	5	0	3	0	0	0	1	3	1	2	4	2	0	1	3	0	0	0	0	1
43627	1 Apr 26	19:19:00	1	0	34	0	Ct	0	0	1	0	0	0	0	0	3	1	0	0	0	3	2	2	0	1	1	0	0	5	1	3	3	1	0	2	1	1	3	0	2	4
43628	1 Apr 26	19:20:00	1	0	34	0	Ct	0	0	1	1	0	0	0	3	3	1	2	2	0	1	3	0	1	2	1	0	0	0	0	1	3	1	5	6	0	0	2	0	1	0
43629	1 Apr 26	19:21:00	1	0	34	0	Ct	0	0	2	2	0	0	0	2	1	1	0	2	1	0	2	2	2	2	1	0	0	0	4	2	3	0	0	5	2	1	3	0	2	4
43630	1 Apr 26	19:22:00	1	0	34	0	Ct	0	0	1	1	0	2	0	1	2	1	0	0	1	2	0	0	1	1	0	0	2	1	1	2	6	0	3	2	1	0	0	0	4	2
43631	1 Apr 26	19:23:00	1	0	34	0	Ct	0	0	2	0	0	1	0	2	4	1	1	1	0	1	1	2	3	2	0	0	2	0	2	1	2	1	0	4	3	0	2	0	2	2
43632	1 Apr 26	19:24:00	1	0	34	0	Ct	0	0	2	2	0	1	0	2	27	3	0	3	0	2	3	1	0	1	2	0	2	0	1	2	1	0	5	1	0	1	0	0	2	2
43633	1 Apr 26	19:25:00	1	0	34	0	Ct	0	0	2	0	0	2	0	1	14	1	2	1	2	1	2	0	1	1	1	0	2	0	0	2	2	1	2	2	1	2	0	0	2	5
43634	1 Apr 26	19:26:00	1	0	34	0	Ct	0	0	3	0	0	3	0	1	2	2	2	1	6	0	0	1	4	2	3	0	3	0	0	3	2	1	3	1	1	0	4	0	3	3
43635	1 Apr 26	19:27:00	1	0	34	0	Ct	0	0	1	2	1	4	0	0	1	1	2	4	0	1	0	1	1	0	1	0	2	3	1	1	3	0	2	2	0	1	1	0	4	2
43636	1 Apr 26	19:28:00	1	0	34	0	Ct	0	0	0	0	2	2	0	4	3	0	3	3	4	1	2	3	0	1	2	0	0	0	0	2	3	0	0	3	1	4	1	0	2	4
43637	1 Apr 26	19:29:00	1	0	34	0	Ct	0	0	1	2	0	0	0	2	0	3	2	4	2	1	2	0	2	4	1	0	1	0	1	2	3	0	0	1	2	2	1	0	3	2
43638	1 Apr 26	19:30:00	1	0	34	0	Ct	0	0	0	0	3	0	0	0	1	2	4	0	1	2	1	1	2	2	0	0	1	0	2	3	3	0	0	2	1	2	1	0	3	0
43639	1 Apr 26	19:31:00	1	0	34	0	Ct	0	0	1	2	1	0	0	3	2	2	3	2	2	1	5	2	1	2	0	0	3	0	1	1	3	0	0	0	0	1	1	0	5	2
43640	1 Apr 26	19:32:00	1	0	34	0	Ct	0	0	2	1	0	0	0	3	3	1	0	0	0	1	5	0	3	2	0	0	0	0	2	3	2	2	1	5	0	1	1	0	4	1
43641	1 Apr 26	19:33:00	1	0	34	0	Ct	0	0	2	1	0	0	0	0	3	2	1	6	0	2	3	2	3	3	2	0	3	1	0	3	2	0	2	2	2	2	0	0	4	1
43642	1 Apr 26	19:34:00	1	0	34	0	Ct	0	0	2	3	2	1	0	0	3	3	0	1	0	0	3	0	0	1	0	0	2	0	1	0	1	5	4	0	1	2	2	0	3	1
43643	1 Apr 26	19:35:00	1	0	34	0	Ct	0	0	2	1	3	1	0	0	3	2	2	5	0	0	3	3	1	1	1	0	0	2	1	1	4	1	0	1	1	1	3	0	0	3
43644	1 Apr 26	19:36:00	1	0	34	0	Ct	0	0	5	1	0	0	0	0	2	1	0	0	0	1	3	0	2	2	1	0	0	0	0	2	3	0	0	1	0	1	4	0	1	5
43645	1 Apr 26	19:37:00	1	0	34	0	Ct	0	0	1	0	0	5	0	1	3	0	1	2	0	1	2	6	2	1	1	0	0	0	1	2	3	0	3	5	0	4	0	0	3	1
43646	1 Apr 26	19:38:00	1	0	34	0	Ct	0	0	1	1	0	0	0	2	3	2	2	1	0	0	2	2	0	3	1	0	2	0	0	2	4	0	0	0	0	3	0	0	4	2
43647	1 Apr 26	19:39:00	1	0	34	0	Ct	0	0	4	0	0	3	0	3	3	0	0	1	0	2	1	1	0	1	0	0	0	6	1	1	6	0	2	2	1	3	0	0	3	2
43648	1 Apr 26	19:40:00	1	0	34	0	Ct	0	0	3	1	1	1	0	2	2	2	0	2	0	2	5	1	1	3	1	0	1	0	2	1	1	2	0	0	0	2	0	0	2	1
43649	1 Apr 26	19:41:00	1	0	34	0	Ct	0	0	3	3	1	1	0	0	1	2	0	0	0	1	3	1	2	2	1	3	0	3	2	3	4	6	3	1	1	1	0	0	2	1
43650	1 Apr 26	19:42:00	1	0	34	0	Ct	0	0	1	1	0	1	0	0	4	2	0	3	0	3	2	2	2	3	1	0	0	1	0	0	2	0	3	0	0	0	0	0	2	0
43651	1 Apr 26	19:43:00	1	0	34	0	Ct	0	0	3	1	1	1	0	3	2	1	1	0	1	2	4	2	2	0	1	0	0	0	1	3	4	1	0	2	1	0	0	0	3	2
43652	1 Apr 26	19:44:00	1	0	34	0	Ct	0	0	2	1	2	3	0	1	2	0	1	1	2	1	0	1	1	2	0	0	3	0	1	3	1	1	0	3	0	0	1	0	3	1
43653	1 Apr 26	19:45:00	1	0	34	0	Ct	0	0	2	4	4	2	0	2	1	0	1	1	1	1	3	2	2	4	0	0	1	0	3	2	1	2	0	5	3	0	1	0	1	2
43654	1 Apr 26	19:46:00	1	0	34	0	Ct	0	0	2	1	1	3	0	2	4	1	9	1	1	1	5	1	0	1	0	1	1	0	0	2	6	0	0	1	4	0	0	0	0	0
43655	1 Apr 26	19:47:00	1	0	34	0	Ct	0	0	5	1	2	4	0	1	1	0	1	3	2	0	3	2	0	2	0	5	3	2	2	2	4	1	2	2	3	1	0	0	1	4
43656	1 Apr 26	19:48:00	1	0	34	0	Ct	0	0	1	2	2	1	0	2	2	1	3	1	0	3	0	4	9	1	2	0	2	0	1	3	4	0	2	4	2	2	4	0	2	4
43657	1 Apr 26	19:49:00	1	0	34	0	Ct	0	0	2	1	3	3	0	1	3	0	1	2	0	0	2	0	3	0	0	0	6	3	2	3	2	1	3	1	0	2	0	0	3	3
43658	1 Apr 26	19:50:00	1	0	34	0	Ct	0	0	2	1	0	2	0	2	2	3	0	2	0	1	6	2	3	2	1	0	0	0	2	3	3	0	2	3	0	2	0	0	4	3
43659	1 Apr 26	19:51:00	1	0	34	0	Ct	0	0	2	1	0	4	0	1	3	1	0	1	3	0	1	0	4	0	0	5	0	0	0	2	3	1	0	0	0	1	0	0	2	0
43660	1 Apr 26	19:52:00	1	0	34	0	Ct	0	0	1	2	0	0	0	3	1	1	1	0	0	1	3	1	0	1	0	1	0	0	2	2	0	2	0	0	0	0	0	0	3	0
43661	1 Apr 26	19:53:00	1	0	34	0	Ct	0	0	0	1	1	2	0	0	3	1	1	0	3	1	3	0	1	2	1	1	0	0	1	13	2	0	2	1	0	1	2	0	3	2
43662	1 Apr 26	19:54:00	1	0	34	0	Ct	0	0	3	2	1	2	0	1	3	4	0	5	0	2	3	0	2	1	6	1	0	0	1	3	4	0	2	3	0	2	1	0	3	2
43663	1 Apr 26	19:55:00	1	0	34	0	Ct	0	0	1	3	2	1	0	1	3	1	0	1	0	1	3	2	2	1	0	0	0	0	0	1	3	1	1	2	0	4	2	0	1	2
43664	1 Apr 26	19:56:00	1	0	34	0	Ct	0	0	0	2	0	0	0	3	3	2	1	1	0	1	1	1	3	2	2	4	0	8	0	3	6	2	3	0	3	1	1	0	3	4
43665	1 Apr 26	19:57:00	1	0	34	0	Ct	0	0	2	1	1	0	0	2	2	1	0	1	0	2	3	3	0	3	0	1	0	0	0	0	3	0	3	1	4	4	2	0	6	4
43666	1 Apr 26	19:58:00	1	0	34	0	Ct	0	0	2	2	1	0	0	4	3	2	4	4	0	2	0	0	0	2	0	1	4	0	3	3	2	1	2	1	1	1	2	0	2	3
43667	1 Apr 26	19:59:00	1	0	34	0	Ct	0	0	1	1	3	0	0	3	2	0	2	0	0	0	4	1	0	2	2	0	1	0	1	4	3	3	2	0	0	2	2	0	1	1
43668	1 Apr 26	20:00:00	1	0	34	0	Ct	0	0	3	0	5	0	0	1	2	1	0	0	0	2	2	3	0	5	0	1	0	6	1	1	3	0	1	1	0	2	1	0	0	2
43669	1 Apr 26	20:01:00	1	0	34	0	Ct	0	0	2	2	3	0	0	2	3	1	2	0	0	0	1	1	0	1	2	0	0	1	1	6	2	1	2	2	3	1	4	0	0	3
43670	1 Apr 26	20:02:00	1	0	34	0	Ct	0	0	4	1	1	0	0	1	5	1	0	0	2	3	4	2	0	4	1	0	0	2	2	2	4	1	1	1	3	1	0	0	0	2
43671	1 Apr 26	20:03:00	1	0	34	0	Ct	0	0	2	0	3	0	0	3	3	0	0	1	1	0	0	1	3	1	1	0	3	0	1	3	4	0	2	2	3	1	1	0	2	2
43672	1 Apr 26	20:04:00	1	0	34	0	Ct	0	0	2	0	4	0	0	2	4	2	0	1	0	1	0	0	2	1	1	0	3	1	0	1	4	1	1	1	2	1	2	0	0	3
43673	1 Apr 26	20:05:00	1	0	34	0	Ct	0	0	2	2	2	0	0	1	13	3	0	5	1	2	2	1	0	2	1	0	0	4	1	0	3	1	1	0	1	0	0	0	0	4
43674	1 Apr 26	20:06:00	1	0	34	0	Ct	0	0	1	1	2	2	0	2	3	0	0	3	0	1	2	2	1	1	0	0	0	2	2	2	3	1	3	1	0	3	0	0	1	5
43675	1 Apr 26	20:07:00	1	0	34	0	Ct	0	0	2	1	0	2	0	2	2	2	3	0	0	1	4	0	1	2	0	3	0	2	0	2	3	1	0	2	0	1	0	0	2	2
43676	1 Apr 26	20:08:00	1	0	34	0	Ct	0	0	5	0	0	0	0	1	4	0	1	0	7	1	2	1	2	5	0	1	0	8	2	1	1	0	0	2	1	0	4	0	3	3
43677	1 Apr 26	20:09:00	1	0	34	0	Ct	0	0	2	2	2	0	0	0	4	1	0	2	0	1	4	3	1	3	1	1	2	0	0	3	2	0	3	0	1	1	2	0	2	0
43678	1 Apr 26	20:10:00	1	0	34	0	Ct	0	0	2	1	2	0	0	1	2	2	2	2	0	2	0	1	1	2	0	1	4	0	2	3	0	0	3	2	0	1	0	0	4	2
43679	1 Apr 26	20:11:00	1	0	34	0	Ct	0	0	4	1	1	0	0	1	2	2	1	1	0	0	2	3	2	4	1	0	0	1	1	2	2	1	0	1	1	1	0	0	2	2
43680	1 Apr 26	20:12:00	1	0	34	0	Ct	0	0	1	2	1	0	0	1	3	1	1	0	0	4	3	1	0	2	1	2	0	0	2	1	1	1	4	0	1	3	0	0	3	3
43681	1 Apr 26	20:13:00	1	0	34	0	Ct	0	0	2	1	2	0	0	1	9	1	1	2	1	1	0	1	0	1	2	3	1	3	1	0	2	1	5	1	1	3	0	0	1	3
43682	1 Apr 26	20:14:00	1	0	34	0	Ct	0	0	3	1	2	0	0	4	2	1	2	2	2	0	3	2	0	1	2	1	0	3	1	4	8	0	17	2	0	2	0	0	4	2
43683	1 Apr 26	20:15:00	1	0	34	0	Ct	0	0	1	3	2	0	0	2	0	2	5	2	3	0	2	2	0	2	1	0	1	3	0	2	3	0	2	1	0	0	3	0	1	1
43684	1 Apr 26	20:16:00	1	0	34	0	Ct	0	0	2	1	0	0	0	1	1	2	2	1	1	1	4	1	0	1	0	4	0	1	0	1	2	0	0	3	0	4	0	0	3	1
43685	1 Apr 26	20:17:00	1	0	34	0	Ct	0	0	2	1	2	0	0	0	2	0	0	2	0	0	1	1	0	6	1	3	0	0	0	1	1	3	3	4	0	1	0	0	2	2
43686	1 Apr 26	20:18:00	1	0	34	0	Ct	0	0	4	1	3	3	0	0	3	0	1	0	2	3	2	1	0	0	3	2	1	0	0	2	2	1	3	5	1	1	1	0	2	4
43687	1 Apr 26	20:19:00	1	0	34	0	Ct	0	0	4	1	2	0	0	1	1	2	2	0	0	2	3	0	0	3	1	1	2	2	2	0	4	0	0	8	1	2	1	0	2	4
43688	1 Apr 26	20:20:00	1	0	34	0	Ct	0	0	1	0	0	4	0	2	3	1	0	4	0	2	3	3	1	4	0	0	0	1	1	1	4	0	0	2	1	1	1	0	1	2
43689	1 Apr 26	20:21:00	1	0	34	0	Ct	0	0	2	0	0	0	0	1	2	3	0	2	1	1	3	1	4	1	2	0	0	0	0	2	4	1	0	0	1	2	5	0	0	2
43690	1 Apr 26	20:22:00	1	0	34	0	Ct	0	0	3	1	2	0	0	1	3	3	0	2	0	4	4	0	0	1	2	2	0	3	2	0	4	1	0	1	1	3	1	0	2	2
43691	1 Apr 26	20:23:00	1	0	34	0	Ct	0	0	1	2	0	0	0	1	1	1	2	3	0	0	4	0	2	3	3	1	1	0	1	0	2	1	1	2	0	0	1	0	3	3
43692	1 Apr 26	20:24:00	1	0	34	0	Ct	0	0	1	1	1	0	0	0	3	1	2	2	0	3	2	0	0	2	1	1	4	0	2	2	3	0	2	2	0	0	0	0	0	1
43693	1 Apr 26	20:25:00	1	0	34	0	Ct	0	0	1	2	3	5	0	3	5	1	1	0	3	0	2	0	0	2	1	1	2	1	0	2	7	1	3	1	1	0	1	0	2	3
43694	1 Apr 26	20:26:00	1	0	34	0	Ct	0	0	1	1	0	0	0	0	2	2	0	3	0	2	3	8	0	2	3	1	1	2	1	2	5	1	0	0	1	2	1	0	2	0
43695	1 Apr 26	20:27:00	1	0	34	0	Ct	0	0	2	0	0	1	0	0	2	0	0	1	0	1	3	0	0	2	1	2	0	0	2	4	2	1	1	1	3	0	0	0	4	0
43696	1 Apr 26	20:28:00	1	0	34	0	Ct	0	0	2	0	0	1	0	2	0	0	1	4	1	1	0	0	0	2	3	1	0	0	1	1	5	0	2	2	2	2	0	0	2	3
43697	1 Apr 26	20:29:00	1	0	34	0	Ct	0	0	2	0	2	3	0	2	1	0	2	3	6	0	0	0	0	2	0	2	2	0	1	1	2	1	0	0	3	1	0	0	3	1
43698	1 Apr 26	20:30:00	1	0	34	0	Ct	0	0	2	1	2	2	0	3	3	1	2	1	2	1	2	0	0	4	1	1	0	0	2	5	4	2	0	0	1	1	0	0	7	2
43699	1 Apr 26	20:31:00	1	0	34	0	Ct	0	0	2	1	1	4	0	2	3	2	4	1	1	1	2	0	0	1	1	3	2	3	1	2	3	1	2	2	2	0	0	0	0	0
43700	1 Apr 26	20:32:00	1	0	34	0	Ct	0	0	1	4	2	3	0	0	1	1	3	0	0	0	3	0	0	0	7	2	0	5	1	2	3	0	2	3	0	3	1	0	2	2
43701	1 Apr 26	20:33:00	1	0	34	0	Ct	0	0	1	0	3	2	0	2	4	0	4	3	0	4	2	0	0	0	0	2	0	0	1	0	2	1	0	1	2	3	0	0	0	1
43702	1 Apr 26	20:34:00	1	0	34	0	Ct	0	0	3	1	5	3	0	2	3	3	5	1	0	0	1	0	0	3	0	0	0	1	1	0	1	0	0	3	1	0	0	0	0	5
43703	1 Apr 26	20:35:00	1	0	34	0	Ct	0	0	1	1	1	3	0	1	3	0	3	4	0	2	4	0	0	0	0	0	0	2	1	2	0	0	0	2	0	0	0	0	0	2
43704	1 Apr 26	20:36:00	1	0	34	0	Ct	0	0	2	0	0	4	0	2	2	0	3	0	0	1	2	0	0	0	0	0	0	0	1	1	4	0	2	2	2	2	0	0	1	2
43705	1 Apr 26	20:37:00	1	0	34	0	Ct	0	0	2	1	2	3	0	2	7	2	2	0	0	1	4	0	0	2	3	1	0	6	2	3	3	1	4	1	0	1	0	0	2	3
43706	1 Apr 26	20:38:00	1	0	34	0	Ct	0	0	0	0	0	4	0	0	5	0	3	3	0	1	1	0	0	1	0	1	0	1	1	2	3	1	1	0	1	4	0	0	3	2
43707	1 Apr 26	20:39:00	1	0	34	0	Ct	0	0	1	2	0	3	0	0	3	0	2	0	1	2	1	0	0	0	1	1	0	0	1	3	4	0	1	0	0	0	3	0	1	2
43708	1 Apr 26	20:40:00	1	0	34	0	Ct	0	0	2	1	0	3	0	0	1	0	2	0	10	0	0	0	0	2	0	2	0	0	0	2	3	2	1	3	1	1	0	0	1	5
43709	1 Apr 26	20:41:00	1	0	34	0	Ct	0	0	3	0	3	3	0	0	2	2	2	0	2	2	5	0	0	16	2	1	0	0	1	4	4	0	6	1	2	1	5	0	3	4
43710	1 Apr 26	20:42:00	1	0	34	0	Ct	0	0	1	2	2	3	0	1	1	0	2	3	0	2	3	0	0	1	3	1	0	0	2	5	2	0	1	0	3	0	0	0	1	5
43711	1 Apr 26	20:43:00	1	0	34	0	Ct	0	0	1	1	3	3	0	2	4	1	1	1	0	1	2	0	1	0	1	0	1	0	0	4	4	1	1	0	0	0	0	0	3	2
43712	1 Apr 26	20:44:00	1	0	34	0	Ct	0	0	2	0	2	5	0	0	3	1	5	0	0	0	2	0	3	5	0	0	0	0	0	0	3	1	3	1	0	4	0	0	4	2
43713	1 Apr 26	20:45:00	1	0	34	0	Ct	0	0	3	2	1	6	0	3	2	0	2	0	1	1	2	0	0	1	1	1	1	0	0	2	1	0	1	2	1	1	0	0	3	5
43714	1 Apr 26	20:46:00	1	0	34	0	Ct	0	0	2	1	1	1	0	0	3	0	3	3	5	0	4	0	1	4	3	1	5	0	1	0	4	0	0	5	1	1	0	0	1	2
43715	1 Apr 26	20:47:00	1	0	34	0	Ct	0	0	3	1	1	2	0	4	4	2	0	2	0	0	1	0	3	1	1	1	0	0	0	2	6	0	0	2	1	0	10	0	3	2
43716	1 Apr 26	20:48:00	1	0	34	0	Ct	0	0	1	3	2	1	0	2	2	1	0	1	2	2	2	0	0	2	0	1	0	0	1	2	2	0	0	3	2	3	6	0	0	0
43717	1 Apr 26	20:49:00	1	0	34	0	Ct	0	0	2	1	5	1	0	3	0	5	1	1	0	2	3	0	0	1	0	2	2	2	1	1	3	0	0	0	2	3	1	0	3	2
43718	1 Apr 26	20:50:00	1	0	34	0	Ct	0	0	2	0	3	0	0	2	3	0	2	1	0	2	3	0	0	3	0	0	0	1	1	3	3	1	0	4	2	3	0	0	4	0
43719	1 Apr 26	20:51:00	1	0	34	0	Ct	0	0	0	0	0	2	0	2	2	0	0	3	0	2	2	0	0	1	4	1	0	0	2	1	3	0	0	0	0	6	2	0	2	2
43720	1 Apr 26	20:52:00	1	0	34	0	Ct	0	0	2	1	4	3	0	2	3	1	3	0	0	1	1	0	3	1	1	1	0	5	1	2	2	1	1	3	3	1	2	0	1	2
43721	1 Apr 26	20:53:00	1	0	34	0	Ct	0	0	2	1	0	4	0	3	2	1	2	0	6	0	2	0	0	0	1	2	3	0	1	2	2	0	1	2	3	4	2	0	1	2
43722	1 Apr 26	20:54:00	1	0	34	0	Ct	0	0	2	0	3	4	0	3	3	1	2	1	1	4	4	0	3	3	0	4	0	0	1	2	1	1	4	2	3	1	7	0	1	2
43723	1 Apr 26	20:55:00	1	0	34	0	Ct	0	0	2	2	2	4	0	2	2	1	3	0	0	1	1	0	2	1	0	2	1	4	1	2	0	0	1	1	2	2	6	0	1	2
43724	1 Apr 26	20:56:00	1	0	34	0	Ct	0	0	2	0	3	3	0	1	5	0	1	3	0	0	4	0	0	2	0	1	0	1	0	3	2	1	1	2	3	14	18	0	1	4
43725	1 Apr 26	20:57:00	1	0	34	0	Ct	0	0	1	1	1	4	0	2	2	0	0	1	0	1	6	0	0	0	0	2	0	4	0	2	2	2	3	0	1	2	0	0	1	3
43726	1 Apr 26	20:58:00	1	0	34	0	Ct	0	0	2	2	0	1	0	1	1	1	0	0	5	0	5	0	2	4	4	0	0	2	1	0	3	1	1	1	0	3	0	0	2	3
43727	1 Apr 26	20:59:00	1	0	34	0	Ct	0	0	1	0	3	2	0	1	2	2	2	0	2	2	1	0	4	4	1	5	0	2	2	1	3	0	6	4	0	1	0	0	1	3
43728	1 Apr 26	21:00:00	1	0	34	0	Ct	0	0	1	1	3	6	0	1	1	1	0	2	2	0	0	0	0	1	1	3	1	0	1	3	1	0	2	4	1	5	0	0	3	3
43729	1 Apr 26	21:01:00	1	0	34	0	Ct	0	0	1	1	1	2	0	0	3	1	1	1	0	1	3	0	0	2	1	0	1	2	1	1	1	1	4	5	2	0	0	0	2	3
43730	1 Apr 26	21:02:00	1	0	34	0	Ct	0	0	2	2	0	3	0	3	2	0	0	2	1	1	1	0	0	1	0	0	3	0	2	2	1	1	3	2	1	4	0	0	4	2
43731	1 Apr 26	21:03:00	1	0	34	0	Ct	0	0	2	0	3	0	0	2	4	0	1	0	0	0	0	0	0	0	2	1	2	5	0	2	4	2	0	1	2	1	0	0	3	3
43732	1 Apr 26	21:04:00	1	0	34	0	Ct	0	0	2	1	0	0	0	1	3	7	2	4	2	2	4	0	0	1	2	1	0	0	2	0	2	2	2	0	1	9	0	0	1	3
43733	1 Apr 26	21:05:00	1	0	34	0	Ct	0	0	0	3	7	0	0	0	1	35	1	1	0	2	3	0	1	1	1	3	1	1	0	1	1	1	1	3	1	0	0	0	7	2
43734	1 Apr 26	21:06:00	1	0	34	0	Ct	0	0	1	0	3	0	0	2	3	1	3	0	0	1	3	0	3	2	1	1	1	3	2	2	3	1	3	4	0	8	0	0	4	2
43735	1 Apr 26	21:07:00	1	0	34	0	Ct	0	0	2	2	1	0	0	0	5	0	4	0	0	1	1	0	0	0	1	3	0	1	0	2	2	0	1	2	1	6	0	0	3	0
43736	1 Apr 26	21:08:00	1	0	34	0	Ct	0	0	0	2	2	1	0	3	3	0	0	1	0	1	2	0	2	2	1	1	0	2	1	2	3	1	0	1	1	3	5	0	2	2
43737	1 Apr 26	21:09:00	1	0	34	0	Ct	0	0	2	0	7	5	0	4	4	1	2	2	2	1	0	0	4	2	0	2	0	0	1	1	2	1	0	0	0	3	1	0	4	1
43738	1 Apr 26	21:10:00	1	0	34	0	Ct	0	0	1	1	3	7	0	2	10	2	1	1	0	1	2	0	4	1	1	0	0	0	0	3	2	0	0	0	2	0	0	0	2	2
43739	1 Apr 26	21:11:00	1	0	34	0	Ct	0	0	0	0	0	2	0	1	1	3	0	0	0	3	2	0	4	1	0	3	0	4	0	3	4	0	1	0	3	4	0	0	2	1
43740	1 Apr 26	21:12:00	1	0	34	0	Ct	0	0	1	1	1	0	0	2	1	0	0	0	0	3	4	0	2	1	1	0	1	2	1	4	2	0	2	0	2	5	0	0	4	4
43741	1 Apr 26	21:13:00	1	0	34	0	Ct	0	0	1	1	1	2	0	1	3	0	0	14	0	1	1	0	3	1	0	2	0	0	2	2	3	1	0	0	0	1	0	0	3	3
43742	1 Apr 26	21:14:00	1	0	34	0	Ct	0	0	1	0	1	0	0	2	2	1	1	2	0	0	1	0	0	1	0	2	0	0	1	2	2	0	0	3	0	2	1	0	3	0
43743	1 Apr 26	21:15:00	1	0	34	0	Ct	0	0	5	1	1	0	0	2	2	1	0	1	0	0	0	0	0	2	1	2	0	2	0	0	3	0	0	0	0	2	0	0	0	0
43744	1 Apr 26	21:16:00	1	0	34	0	Ct	0	0	1	1	2	0	0	1	0	0	2	2	0	0	3	0	0	1	2	2	0	0	1	0	3	1	1	2	0	3	0	0	2	0
43745	1 Apr 26	21:17:00	1	0	34	0	Ct	0	0	2	1	1	0	0	4	4	0	1	1	1	2	3	0	1	2	0	2	0	0	4	3	1	0	1	4	0	0	1	0	2	0
43746	1 Apr 26	21:18:00	1	0	34	0	Ct	0	0	1	1	2	0	0	0	1	1	0	1	0	1	1	0	0	1	1	0	0	0	0	2	3	0	0	5	1	0	2	0	2	6
43747	1 Apr 26	21:19:00	1	0	34	0	Ct	0	0	0	2	5	0	0	2	1	0	0	0	0	1	4	0	2	5	1	1	0	0	1	1	5	0	0	24	0	0	3	0	2	3
43748	1 Apr 26	21:20:00	1	0	34	0	Ct	0	0	1	2	0	0	0	0	4	1	0	0	0	0	0	0	0	2	2	2	0	0	0	0	2	0	3	5	1	1	6	0	2	2
43749	1 Apr 26	21:21:00	1	0	34	0	Ct	0	0	1	1	2	0	0	0	2	1	2	0	0	0	1	0	0	2	0	2	0	1	3	0	8	1	0	2	0	1	0	0	0	1
43750	1 Apr 26	21:22:00	1	0	34	0	Ct	0	0	2	1	1	0	0	0	1	2	2	0	0	2	1	0	0	1	2	3	0	1	0	5	2	1	0	1	0	1	0	0	2	2
43751	1 Apr 26	21:23:00	1	0	34	0	Ct	0	0	1	0	1	0	0	0	2	1	2	0	0	0	0	0	4	1	3	0	1	3	2	1	1	0	1	0	2	2	1	0	2	2
43752	1 Apr 26	21:24:00	1	0	34	0	Ct	0	0	4	1	2	1	0	2	2	2	0	0	0	0	5	0	3	3	2	4	0	1	1	2	2	0	0	3	3	2	5	0	4	2
43753	1 Apr 26	21:25:00	1	0	34	0	Ct	0	0	3	1	3	1	0	0	2	0	2	0	0	1	1	0	0	2	0	0	0	1	2	2	1	0	0	4	2	4	0	0	0	2
43754	1 Apr 26	21:26:00	1	0	34	0	Ct	0	0	2	0	2	2	0	1	4	1	1	0	0	1	1	0	0	2	0	2	0	0	0	0	2	0	1	2	0	1	2	0	3	2
43755	1 Apr 26	21:27:00	1	0	34	0	Ct	0	0	1	0	0	0	0	4	3	0	0	0	0	1	1	0	0	2	1	1	0	0	2	0	5	0	0	3	3	0	0	0	2	0
43756	1 Apr 26	21:28:00	1	0	34	0	Ct	0	0	1	1	1	0	0	2	2	1	2	0	1	1	1	0	0	4	4	1	0	2	0	1	5	2	1	1	3	2	3	0	3	2
43757	1 Apr 26	21:29:00	1	0	34	0	Ct	0	0	1	1	2	0	0	1	3	1	4	2	3	0	1	0	1	2	2	2	0	1	2	2	5	1	1	1	1	0	0	0	1	0
43758	1 Apr 26	21:30:00	1	0	34	0	Ct	0	0	0	0	1	4	0	0	3	0	3	0	0	0	0	0	3	1	2	1	8	1	0	1	3	0	2	0	2	0	0	0	0	3
43759	1 Apr 26	21:31:00	1	0	34	0	Ct	0	0	1	1	2	3	0	0	2	1	2	0	0	0	1	0	3	4	4	2	4	0	3	0	4	2	2	0	2	0	7	0	2	2
43760	1 Apr 26	21:32:00	1	0	34	0	Ct	0	0	1	1	2	1	0	0	3	0	0	0	0	1	3	0	2	3	0	0	0	0	1	3	2	1	1	1	0	0	1	0	1	3
43761	1 Apr 26	21:33:00	1	0	34	0	Ct	0	0	1	0	3	3	0	0	4	1	2	0	0	2	3	0	0	1	2	1	3	4	6	2	3	0	2	1	0	1	1	0	2	1
43762	1 Apr 26	21:34:00	1	0	34	0	Ct	0	0	2	1	2	4	0	1	0	0	0	0	0	0	0	0	7	0	0	0	0	0	2	0	0	2	0	10	1	1	5	0	3	1
43763	1 Apr 26	21:35:00	1	0	34	0	Ct	0	0	2	0	4	1	0	1	1	0	1	0	9	1	2	0	1	2	0	0	2	3	0	0	1	4	0	1	1	0	1	0	2	0
43764	1 Apr 26	21:36:00	1	0	34	0	Ct	0	0	0	1	0	3	0	1	2	2	6	0	1	1	4	0	2	3	0	0	2	0	2	3	3	1	0	2	3	0	3	0	3	2
43765	1 Apr 26	21:37:00	1	0	34	0	Ct	0	0	1	0	0	4	0	1	2	1	2	2	0	3	1	0	4	1	0	1	0	0	2	0	1	0	1	0	2	0	1	0	2	2
43766	1 Apr 26	21:38:00	1	0	34	0	Ct	0	0	0	1	0	1	0	0	2	2	0	0	5	0	2	0	1	2	0	3	2	0	1	0	0	0	1	0	2	1	0	0	4	4
43767	1 Apr 26	21:39:00	1	0	34	0	Ct	0	0	1	2	0	2	0	0	0	0	0	0	2	0	2	0	5	1	0	1	0	0	0	2	0	4	1	0	3	1	5	0	2	3
43768	1 Apr 26	21:40:00	1	0	34	0	Ct	0	0	0	1	0	0	0	0	0	2	0	1	0	1	1	0	1	3	0	1	0	2	1	1	0	0	0	0	0	0	0	0	4	2
43769	1 Apr 26	21:41:00	1	0	34	0	Ct	0	0	1	0	1	2	0	1	1	3	0	4	4	2	1	0	0	3	0	2	2	1	0	0	0	0	0	0	0	0	0	0	2	2
43770	1 Apr 26	21:42:00	1	0	34	0	Ct	0	0	0	2	2	1	0	1	0	1	1	0	3	1	2	0	0	0	0	1	0	0	2	1	1	2	0	0	1	0	0	0	1	0
43771	1 Apr 26	21:43:00	1	0	34	0	Ct	0	0	1	1	1	2	0	0	0	0	0	2	5	3	2	0	2	2	0	0	0	1	0	2	0	0	0	0	2	1	0	0	0	1
43772	1 Apr 26	21:44:00	1	0	34	0	Ct	0	0	0	1	1	3	0	1	4	0	3	0	13	1	1	0	4	1	0	1	0	0	0	2	0	0	0	0	0	1	0	0	0	2
43773	1 Apr 26	21:45:00	1	0	34	0	Ct	0	0	0	0	1	3	0	0	2	2	2	0	3	0	2	0	1	3	1	3	0	3	0	2	1	0	0	0	0	0	0	0	2	0
43774	1 Apr 26	21:46:00	1	0	34	0	Ct	0	0	0	2	1	5	0	0	1	0	1	0	4	1	0	0	0	1	1	1	2	0	1	1	0	0	0	0	0	2	0	0	2	3
43775	1 Apr 26	21:47:00	1	0	34	0	Ct	0	0	0	3	0	1	0	0	1	1	3	0	0	0	3	0	4	1	0	0	1	2	2	1	1	1	0	0	0	0	0	0	3	2
43776	1 Apr 26	21:48:00	1	0	34	0	Ct	0	0	0	1	0	2	0	0	2	0	0	0	6	4	3	0	1	3	3	2	0	1	1	2	0	0	0	1	0	0	0	0	2	1
43777	1 Apr 26	21:49:00	1	0	34	0	Ct	0	0	2	0	2	3	0	0	2	3	1	2	0	2	3	0	0	0	0	1	0	2	0	1	0	1	0	0	1	0	3	0	2	2
43778	1 Apr 26	21:50:00	1	0	34	0	Ct	0	0	0	2	0	2	0	0	2	1	0	1	2	0	1	0	2	2	0	2	0	2	0	1	0	2	0	0	1	2	0	0	2	1
43779	1 Apr 26	21:51:00	1	0	34	0	Ct	0	0	0	1	0	1	0	0	2	2	1	2	0	4	2	0	1	0	0	1	0	4	1	0	0	0	0	0	2	1	0	0	6	1
43780	1 Apr 26	21:52:00	1	0	34	0	Ct	0	0	0	4	1	1	0	0	2	0	1	1	1	0	1	0	2	0	0	0	1	8	0	1	0	2	2	0	0	5	0	0	4	2
43781	1 Apr 26	21:53:00	1	0	34	0	Ct	0	0	4	2	1	2	0	0	1	6	1	1	0	3	1	0	2	1	0	1	0	5	0	1	0	0	0	1	0	0	0	0	2	1
43782	1 Apr 26	21:54:00	1	0	34	0	Ct	0	0	1	4	0	1	0	0	2	1	2	0	0	0	1	0	2	2	0	2	0	0	0	1	0	0	0	1	0	1	0	0	5	4
43783	1 Apr 26	21:55:00	1	0	34	0	Ct	0	0	1	1	1	0	0	2	0	1	2	1	0	1	4	1	2	0	0	1	0	0	2	1	0	0	0	1	0	1	1	0	7	3
43784	1 Apr 26	21:56:00	1	0	34	0	Ct	0	0	0	5	1	1	0	2	2	1	2	4	4	1	0	6	0	0	1	2	0	1	2	1	0	1	0	1	0	2	2	0	3	3
43785	1 Apr 26	21:57:00	1	0	34	0	Ct	0	0	1	0	0	3	0	0	2	4	2	0	1	2	2	0	2	0	0	1	0	0	2	0	0	0	1	2	0	0	3	0	1	3
43786	1 Apr 26	21:58:00	1	0	34	0	Ct	0	0	2	0	2	0	0	1	1	3	2	0	0	0	0	0	2	0	5	1	0	2	0	0	0	1	1	3	0	0	2	0	0	1
43787	1 Apr 26	21:59:00	1	0	34	0	Ct	0	0	1	1	0	1	0	0	2	0	1	2	0	4	0	0	2	0	0	2	0	0	0	3	0	0	2	0	0	0	2	0	2	3
43788	1 Apr 26	22:00:00	1	0	34	0	Ct	0	0	1	1	0	1	0	0	2	3	0	1	0	0	0	0	0	0	0	1	0	0	1	1	0	2	0	0	1	2	2	0	1	2
43789	1 Apr 26	22:01:00	1	0	34	0	Ct	0	0	0	2	2	0	0	0	2	1	0	0	0	0	2	0	2	0	6	3	2	0	1	0	0	0	0	0	2	2	3	0	2	0
43790	1 Apr 26	22:02:00	1	0	34	0	Ct	0	0	0	0	1	1	0	0	3	0	1	0	0	1	2	0	2	0	2	1	0	4	1	0	0	0	0	0	1	0	2	0	0	5
43791	1 Apr 26	22:03:00	1	0	34	0	Ct	0	0	3	1	1	4	0	0	1	1	3	0	0	1	1	0	2	0	1	2	3	0	0	0	0	2	0	0	0	0	1	0	3	3
43792	1 Apr 26	22:04:00	1	0	34	0	Ct	0	0	1	1	2	0	0	0	0	0	1	0	0	0	0	0	0	1	0	2	0	0	0	1	0	0	0	0	0	0	0	0	2	1
43793	1 Apr 26	22:05:00	1	0	34	0	Ct	0	0	2	0	4	0	0	0	14	1	1	3	0	2	0	0	0	2	3	2	0	6	0	2	0	0	0	0	0	1	0	0	0	4
43794	1 Apr 26	22:06:00	1	0	34	0	Ct	0	0	1	1	1	0	0	0	3	0	1	1	0	0	0	0	0	0	0	0	0	2	0	0	0	1	0	0	0	2	0	0	2	1
43795	1 Apr 26	22:07:00	1	0	34	0	Ct	0	0	2	2	2	0	0	0	2	2	2	1	0	2	0	0	0	0	0	0	0	2	0	0	0	1	1	1	0	2	0	0	4	3
43796	1 Apr 26	22:08:00	1	0	34	0	Ct	0	0	1	2	0	0	0	0	1	1	3	0	0	0	0	0	4	0	1	2	0	4	1	0	0	1	6	2	0	1	0	0	3	3
43797	1 Apr 26	22:09:00	1	0	34	0	Ct	0	0	4	2	0	0	0	0	1	0	1	0	8	2	0	0	2	0	1	0	0	0	1	3	0	0	2	0	0	0	0	0	1	2
43798	1 Apr 26	22:10:00	1	0	34	0	Ct	0	0	3	0	1	0	0	1	4	2	2	2	7	0	0	0	2	0	2	0	0	1	0	2	0	0	0	0	0	0	5	0	3	2
43799	1 Apr 26	22:11:00	1	0	34	0	Ct	0	0	0	0	4	0	0	0	1	2	0	1	0	1	0	0	2	0	3	0	1	2	1	2	0	1	0	2	0	0	0	0	2	3
43800	1 Apr 26	22:12:00	1	0	34	0	Ct	0	0	3	1	0	3	0	0	3	0	0	3	0	2	0	0	0	0	0	0	0	0	2	1	0	1	1	0	0	2	0	0	4	3
43801	1 Apr 26	22:13:00	1	0	34	0	Ct	0	0	1	1	0	3	0	0	2	0	0	4	9	2	2	0	0	0	0	0	1	0	1	3	0	2	0	3	0	0	0	0	14	1
43802	1 Apr 26	22:14:00	1	0	34	0	Ct	0	0	3	0	1	2	0	0	2	0	0	1	3	0	1	0	1	0	0	1	1	0	1	1	0	0	0	1	1	1	0	0	11	2
43803	1 Apr 26	22:15:00	1	0	34	0	Ct	0	0	0	0	4	2	0	0	1	1	1	0	0	1	4	0	5	0	2	0	2	0	1	0	0	0	0	3	2	0	0	0	3	1
43804	1 Apr 26	22:16:00	1	0	34	0	Ct	0	0	1	2	0	0	0	4	4	1	1	0	0	0	0	0	4	0	2	0	0	3	2	0	0	2	0	3	0	1	0	0	2	4
43805	1 Apr 26	22:17:00	1	0	34	0	Ct	0	0	1	2	2	0	0	2	1	0	1	1	0	5	0	0	1	0	0	0	0	0	0	0	0	0	0	0	0	1	0	0	1	0
43806	1 Apr 26	22:18:00	1	0	34	0	Ct	0	0	1	0	1	0	0	0	2	0	2	12	0	2	0	0	0	0	0	1	0	1	2	1	1	1	0	0	1	0	0	0	0	2
43807	1 Apr 26	22:19:00	1	0	34	0	Ct	0	0	0	2	2	0	0	0	1	0	2	2	0	0	3	0	3	4	1	0	2	1	1	2	1	0	0	1	1	3	0	0	0	0
43808	1 Apr 26	22:20:00	1	0	34	0	Ct	0	0	1	0	0	0	0	0	2	0	2	1	0	2	3	0	4	8	1	2	0	2	3	0	0	0	0	3	0	0	0	0	2	1
43809	1 Apr 26	22:21:00	1	0	34	0	Ct	0	0	0	1	0	0	0	0	1	1	2	0	0	3	0	0	0	0	0	0	1	2	1	3	0	0	0	4	0	2	0	0	4	3
43810	1 Apr 26	22:22:00	1	0	34	0	Ct	0	0	1	1	0	3	0	0	0	0	2	0	0	0	0	0	0	1	0	2	1	0	1	3	0	0	0	3	1	3	0	0	1	2
43811	1 Apr 26	22:23:00	1	0	34	0	Ct	0	0	0	1	2	0	0	0	0	0	2	0	0	0	2	0	4	0	3	1	1	0	0	3	0	0	0	1	0	1	0	0	3	2
43812	1 Apr 26	22:24:00	1	0	34	0	Ct	0	0	0	1	2	0	0	0	1	0	0	0	0	1	0	0	2	0	0	5	0	0	1	1	0	0	1	0	2	0	0	0	3	2
43813	1 Apr 26	22:25:00	1	0	34	0	Ct	0	0	0	0	2	0	0	0	1	0	0	0	0	1	1	0	6	0	2	0	1	0	2	2	0	0	2	0	0	1	0	0	1	2
43814	1 Apr 26	22:26:00	1	0	34	0	Ct	0	0	0	3	1	0	0	0	1	0	1	0	7	2	0	0	5	0	1	0	3	0	2	1	0	1	0	0	0	0	0	0	0	2
43815	1 Apr 26	22:27:00	1	0	34	0	Ct	0	0	1	2	2	0	0	0	1	1	0	1	2	1	0	0	2	0	0	0	0	1	1	0	0	1	0	0	0	2	0	0	0	2
43816	1 Apr 26	22:28:00	1	0	34	0	Ct	0	0	0	1	1	0	0	0	2	1	2	1	0	1	0	0	5	0	1	1	0	6	2	0	0	1	0	0	1	1	0	0	0	2
43817	1 Apr 26	22:29:00	1	0	34	0	Ct	0	0	1	2	4	0	0	0	1	0	2	0	0	1	0	0	0	0	0	5	0	0	0	0	0	1	0	0	6	2	0	0	1	0
43818	1 Apr 26	22:30:00	1	0	34	0	Ct	0	0	0	0	0	0	0	0	0	0	0	0	0	1	0	0	0	0	2	0	0	0	1	0	0	1	0	0	3	1	3	0	3	0
43819	1 Apr 26	22:31:00	1	0	34	0	Ct	0	0	0	1	0	0	0	0	1	1	2	4	0	1	0	0	4	0	0	0	0	3	0	0	0	0	0	0	0	0	0	0	2	0
43820	1 Apr 26	22:32:00	1	0	34	0	Ct	0	0	3	3	0	0	0	0	2	0	1	8	0	2	0	0	2	0	0	0	1	0	0	0	0	4	0	0	1	1	0	0	4	4
43821	1 Apr 26	22:33:00	1	0	34	0	Ct	0	0	0	2	0	0	0	0	0	0	2	0	0	0	0	0	2	0	2	0	1	0	1	3	0	1	0	0	2	1	0	0	1	0
43822	1 Apr 26	22:34:00	1	0	34	0	Ct	0	0	0	1	0	0	0	0	3	0	2	0	0	0	0	0	0	0	0	0	2	0	2	0	0	0	0	0	1	0	1	0	1	2
43823	1 Apr 26	22:35:00	1	0	34	0	Ct	0	0	0	0	0	0	0	0	2	2	2	0	0	4	0	0	0	0	1	0	1	9	0	3	0	1	0	0	0	2	0	0	0	2
43824	1 Apr 26	22:36:00	1	0	34	0	Ct	0	0	1	0	0	0	0	0	1	5	4	0	0	1	0	0	0	0	0	1	1	2	1	1	0	0	0	0	0	1	1	0	1	1
43825	1 Apr 26	22:37:00	1	0	34	0	Ct	0	0	1	0	0	1	0	0	1	0	0	0	2	1	1	0	0	0	1	0	3	7	0	0	0	0	0	0	0	1	0	0	2	1
43826	1 Apr 26	22:38:00	1	0	34	0	Ct	0	0	0	1	1	2	0	4	2	0	2	0	0	2	0	0	0	0	1	0	0	1	1	0	0	0	0	0	3	1	0	0	4	2
43827	1 Apr 26	22:39:00	1	0	34	0	Ct	0	0	2	1	2	1	0	11	2	0	2	0	0	0	0	0	0	0	0	0	0	4	0	0	0	0	0	0	0	0	0	0	2	0
43828	1 Apr 26	22:40:00	1	0	34	0	Ct	0	0	0	0	0	0	0	0	1	0	3	0	0	1	0	3	3	0	1	1	1	2	0	2	0	1	0	0	0	0	0	0	2	3
43829	1 Apr 26	22:41:00	1	0	34	0	Ct	0	0	3	0	0	0	0	0	0	1	2	0	0	1	0	0	3	0	0	0	0	0	0	1	0	2	0	0	2	0	0	0	1	4
43830	1 Apr 26	22:42:00	1	0	34	0	Ct	0	0	3	0	1	0	0	0	1	1	2	0	3	0	0	0	1	0	1	0	0	1	0	0	0	1	0	0	1	3	0	0	1	2
43831	1 Apr 26	22:43:00	1	0	34	0	Ct	0	0	1	2	3	0	0	0	0	0	2	0	2	2	0	0	0	0	1	0	3	0	2	0	0	0	0	0	5	0	0	0	0	2
43832	1 Apr 26	22:44:00	1	0	34	0	Ct	0	0	1	1	0	0	0	0	7	0	1	0	0	4	0	0	0	0	0	1	0	0	0	0	0	1	0	0	3	0	0	0	4	0
43833	1 Apr 26	22:45:00	1	0	34	0	Ct	0	0	1	0	0	0	0	0	0	0	0	0	0	1	0	0	0	0	2	0	0	1	1	0	0	1	0	2	1	1	0	0	5	0
43834	1 Apr 26	22:46:00	1	0	34	0	Ct	0	0	3	0	0	0	0	0	0	0	2	0	0	0	0	0	0	0	1	0	1	0	1	0	0	0	0	0	0	1	0	0	3	0
43835	1 Apr 26	22:47:00	1	0	34	0	Ct	0	0	2	0	0	0	0	0	0	3	2	0	0	0	0	0	3	0	0	0	3	2	0	1	0	4	0	0	0	0	0	0	2	1
43836	1 Apr 26	22:48:00	1	0	34	0	Ct	0	0	1	0	0	0	0	0	2	0	0	0	0	2	0	0	3	0	0	0	1	1	1	0	0	1	0	4	0	2	0	0	0	2
43837	1 Apr 26	22:49:00	1	0	34	0	Ct	0	0	1	0	0	0	0	0	0	1	0	0	0	1	0	0	0	0	1	0	0	3	1	0	0	0	0	3	1	0	0	0	0	2
43838	1 Apr 26	22:50:00	1	0	34	0	Ct	0	0	1	0	0	0	0	0	3	1	0	0	12	0	0	0	1	0	1	0	1	1	0	1	0	3	0	0	2	5	1	0	0	2
43839	1 Apr 26	22:51:00	1	0	34	0	Ct	0	0	0	2	0	0	0	0	0	0	0	0	2	0	0	0	1	0	1	0	0	0	2	0	0	1	0	0	2	3	0	0	0	3
43840	1 Apr 26	22:52:00	1	0	34	0	Ct	0	0	2	2	0	0	0	0	1	0	1	0	0	0	0	0	0	0	1	0	1	0	0	1	0	1	0	0	0	0	1	0	0	0
43841	1 Apr 26	22:53:00	1	0	34	0	Ct	0	0	1	1	0	0	0	0	0	0	0	0	0	1	0	0	0	0	1	0	0	0	1	0	0	0	0	0	1	0	0	0	1	2
43842	1 Apr 26	22:54:00	1	0	34	0	Ct	0	0	0	0	0	0	0	0	0	2	0	0	0	5	0	0	3	0	0	0	0	0	0	0	0	0	0	0	1	0	0	0	1	0
43843	1 Apr 26	22:55:00	1	0	34	0	Ct	0	0	4	0	0	0	0	0	1	1	1	0	0	2	0	0	10	0	0	0	0	0	0	0	0	1	0	0	0	0	0	0	2	0
43844	1 Apr 26	22:56:00	1	0	34	0	Ct	0	0	0	1	0	0	0	0	2	4	0	0	1	0	0	0	0	0	0	0	0	3	1	0	0	0	0	0	0	6	0	0	2	2
43845	1 Apr 26	22:57:00	1	0	34	0	Ct	0	0	4	1	0	3	0	0	3	1	1	5	1	1	0	0	1	0	0	0	0	2	2	5	0	3	0	0	0	0	0	0	1	2
43846	1 Apr 26	22:58:00	1	0	34	0	Ct	0	0	0	0	0	0	0	5	2	3	0	0	0	3	0	0	4	0	0	2	0	3	1	2	0	0	0	1	0	0	0	0	3	2
43847	1 Apr 26	22:59:00	1	0	34	0	Ct	0	0	0	0	0	0	0	0	0	0	0	0	0	0	0	0	0	0	0	0	0	7	0	1	0	0	0	0	0	0	0	0	2	1
43848	1 Apr 26	23:00:00	1	0	34	0	Ct	0	0	0	0	0	0	0	1	4	2	0	0	0	0	0	0	2	0	0	0	0	2	0	0	0	3	0	0	0	0	0	0	1	3
43849	1 Apr 26	23:01:00	1	0	34	0	Ct	0	0	1	0	0	1	0	0	1	0	0	0	0	0	0	0	0	0	1	2	0	0	0	0	0	3	0	0	0	0	0	0	1	1
43850	1 Apr 26	23:02:00	1	0	34	0	Ct	0	0	6	0	0	1	0	0	0	2	0	0	0	2	0	0	0	0	0	1	0	0	0	0	0	0	0	0	0	0	0	0	0	0
43851	1 Apr 26	23:03:00	1	0	34	0	Ct	0	0	0	1	0	0	0	0	2	0	0	0	0	0	0	0	0	0	2	0	0	1	0	0	0	0	0	0	0	0	0	0	1	0
43852	1 Apr 26	23:04:00	1	0	34	0	Ct	0	0	2	1	0	0	0	0	0	0	1	0	0	0	0	0	0	0	3	0	0	0	0	3	0	0	0	0	0	8	0	0	2	0
43853	1 Apr 26	23:05:00	1	0	34	0	Ct	0	0	1	1	0	0	0	0	0	0	0	0	0	0	0	0	1	0	0	0	0	0	1	3	0	0	0	0	0	0	0	0	2	0
43854	1 Apr 26	23:06:00	1	0	34	0	Ct	0	0	0	1	0	0	0	9	0	0	8	0	1	2	0	0	2	0	1	0	0	0	0	0	0	2	0	0	0	0	0	0	0	0
43855	1 Apr 26	23:07:00	1	0	34	0	Ct	0	0	2	0	0	0	0	1	1	0	1	0	2	1	0	1	0	0	4	0	0	0	1	0	0	0	0	0	0	0	0	0	0	3
43856	1 Apr 26	23:08:00	1	0	34	0	Ct	0	0	1	1	0	0	0	1	2	0	1	0	8	1	0	0	3	0	0	0	0	2	1	0	0	0	0	0	0	0	0	0	1	1
43857	1 Apr 26	23:09:00	1	0	34	0	Ct	0	0	1	1	0	0	0	0	2	0	1	0	1	1	0	3	4	0	5	0	0	2	2	3	0	0	0	0	0	0	0	0	2	0
43858	1 Apr 26	23:10:00	1	0	34	0	Ct	0	0	0	0	0	0	0	0	0	0	0	0	0	0	0	2	2	0	0	3	0	0	0	0	0	0	0	0	0	3	0	0	1	2
43859	1 Apr 26	23:11:00	1	0	34	0	Ct	0	0	5	0	0	0	0	0	1	0	0	2	4	0	0	0	0	0	0	0	0	0	0	0	0	0	0	0	0	4	0	0	0	3
43860	1 Apr 26	23:12:00	1	0	34	0	Ct	0	0	0	2	0	0	0	0	2	2	2	2	0	1	0	0	1	0	0	2	0	3	0	0	0	0	0	1	0	5	0	0	3	3
43861	1 Apr 26	23:13:00	1	0	34	0	Ct	0	0	1	2	0	0	0	0	5	0	4	0	0	1	0	0	2	0	2	1	0	0	0	0	0	0	0	4	0	2	0	0	4	2
43862	1 Apr 26	23:14:00	1	0	34	0	Ct	0	0	1	1	0	0	0	0	4	1	0	1	0	1	0	0	2	0	0	0	0	0	1	0	0	1	1	2	0	3	0	0	0	1
43863	1 Apr 26	23:15:00	1	0	34	0	Ct	0	0	0	0	0	0	0	0	1	1	1	4	4	1	0	0	2	0	1	0	0	2	2	0	0	0	0	2	0	1	0	0	1	1
43864	1 Apr 26	23:16:00	1	0	34	0	Ct	0	0	3	0	0	0	0	0	2	0	0	0	7	0	0	0	1	0	0	0	0	0	0	0	0	3	0	2	0	0	0	0	0	1
43865	1 Apr 26	23:17:00	1	0	34	0	Ct	0	0	0	0	0	0	0	0	0	0	0	0	0	1	0	0	5	0	1	0	0	1	9	0	0	0	0	0	0	7	0	0	0	1
43866	1 Apr 26	23:18:00	1	0	34	0	Ct	0	0	1	2	0	0	0	0	0	0	3	0	0	0	0	8	0	0	1	0	0	0	0	0	0	0	0	0	0	2	0	0	0	1
43867	1 Apr 26	23:19:00	1	0	34	0	Ct	0	0	0	1	0	1	0	0	0	3	1	0	0	0	0	11	0	0	1	0	1	0	0	0	0	0	0	0	0	10	0	0	3	2
43868	1 Apr 26	23:20:00	1	0	34	0	Ct	0	0	0	0	3	1	0	0	2	3	0	1	0	0	0	0	7	0	1	0	1	0	0	0	0	0	0	0	2	0	0	0	1	1
43869	1 Apr 26	23:21:00	1	0	34	0	Ct	0	0	0	2	0	2	0	0	1	1	3	2	0	2	0	0	0	0	0	0	0	1	0	0	0	1	0	0	0	0	0	0	0	0
43870	1 Apr 26	23:22:00	1	0	34	0	Ct	0	0	3	1	0	4	0	8	3	0	0	2	0	1	0	0	2	0	0	0	0	0	0	0	0	1	0	0	0	2	0	0	0	1
43871	1 Apr 26	23:23:00	1	0	34	0	Ct	0	0	0	0	0	0	0	0	1	0	1	1	1	2	0	0	2	0	1	0	1	0	0	0	0	0	0	0	0	12	0	0	2	1
43872	1 Apr 26	23:24:00	1	0	34	0	Ct	0	0	0	0	0	1	0	0	3	0	1	1	0	1	0	0	0	0	0	0	0	0	0	1	0	1	0	0	0	10	0	0	3	3
43873	1 Apr 26	23:25:00	1	0	34	0	Ct	0	0	2	0	0	6	0	0	1	0	1	4	0	0	0	0	0	0	1	0	0	1	0	1	5	0	0	0	0	4	0	0	2	1
43874	1 Apr 26	23:26:00	1	0	34	0	Ct	0	0	0	2	0	0	0	0	12	2	1	3	0	0	0	0	3	0	0	0	0	2	0	0	0	0	0	0	0	6	0	0	1	1
43875	1 Apr 26	23:27:00	1	0	34	0	Ct	0	0	2	1	0	2	0	0	0	1	0	0	0	2	0	0	3	0	1	0	0	1	0	2	0	1	0	0	0	7	3	0	8	1
43876	1 Apr 26	23:28:00	1	0	34	0	Ct	0	0	1	0	0	2	0	0	0	2	2	2	0	0	0	0	1	0	2	0	1	2	0	0	0	0	0	0	0	1	0	0	0	1
43877	1 Apr 26	23:29:00	1	0	34	0	Ct	0	0	1	0	0	2	0	0	1	0	1	1	0	3	0	5	5	0	1	1	2	1	1	0	0	0	0	0	0	4	0	0	0	0
43878	1 Apr 26	23:30:00	1	0	34	0	Ct	0	0	1	1	0	0	0	0	5	0	2	0	0	0	0	0	0	0	0	0	0	2	0	0	0	0	0	0	0	3	0	0	0	0
43879	1 Apr 26	23:31:00	1	0	34	0	Ct	0	0	1	2	0	0	0	0	0	0	0	1	0	0	0	0	2	0	0	0	0	1	0	0	0	0	0	0	0	7	0	0	0	2
43880	1 Apr 26	23:32:00	1	0	34	0	Ct	0	0	0	0	0	4	0	0	4	0	3	1	0	1	0	0	0	0	3	0	1	1	0	0	0	0	0	0	0	1	0	0	1	2
43881	1 Apr 26	23:33:00	1	0	34	0	Ct	0	0	0	2	0	1	0	0	0	0	0	0	0	0	0	0	0	0	1	0	3	1	1	1	0	0	0	0	0	0	0	0	5	1
43882	1 Apr 26	23:34:00	1	0	34	0	Ct	0	0	0	0	0	4	0	0	1	0	0	0	0	0	0	1	0	0	0	0	1	4	2	0	0	1	0	0	0	8	0	0	0	2
43883	1 Apr 26	23:35:00	1	0	34	0	Ct	0	0	2	1	0	0	0	0	1	1	1	0	0	0	0	0	0	0	2	0	0	0	1	0	0	2	0	0	0	2	0	0	2	2
43884	1 Apr 26	23:36:00	1	0	34	0	Ct	0	0	1	1	0	0	0	0	2	1	2	0	0	3	0	2	0	0	3	0	0	0	2	0	0	0	3	0	0	0	0	0	0	2
43885	1 Apr 26	23:37:00	1	0	34	0	Ct	0	0	2	0	0	0	0	0	1	0	2	3	0	1	0	6	3	0	0	0	0	0	0	1	0	1	0	0	0	1	0	0	1	2
43886	1 Apr 26	23:38:00	1	0	34	0	Ct	0	0	3	2	0	0	0	0	0	0	2	1	1	0	0	0	2	0	1	0	0	0	0	0	0	0	0	0	0	0	0	0	0	2
43887	1 Apr 26	23:39:00	1	0	34	0	Ct	0	0	0	1	0	0	0	0	0	0	4	1	1	0	0	0	4	0	0	0	1	0	0	0	0	0	0	0	0	7	0	0	2	2
43888	1 Apr 26	23:40:00	1	0	34	0	Ct	0	0	5	0	2	0	0	0	1	0	0	0	0	0	0	0	0	0	0	1	0	1	1	0	0	0	0	0	0	3	0	0	3	2
43889	1 Apr 26	23:41:00	1	0	34	0	Ct	0	0	0	1	0	0	0	0	1	0	0	2	0	2	0	0	0	0	4	0	0	1	0	0	0	0	0	0	0	0	0	0	5	3
43890	1 Apr 26	23:42:00	1	0	34	0	Ct	0	0	1	1	0	0	0	0	0	0	0	2	0	2	0	1	0	0	1	0	0	6	0	0	0	0	0	0	0	0	0	0	3	1
43891	1 Apr 26	23:43:00	1	0	34	0	Ct	0	0	0	0	0	0	0	0	0	4	0	2	0	0	0	0	9	0	1	0	0	1	3	0	0	3	0	0	0	0	0	0	1	2
43892	1 Apr 26	23:44:00	1	0	34	0	Ct	0	0	0	1	0	0	0	0	0	0	0	0	1	2	0	1	3	0	2	0	0	0	1	0	0	0	0	0	0	0	0	0	0	0
43893	1 Apr 26	23:45:00	1	0	34	0	Ct	0	0	0	1	0	0	0	0	1	0	0	1	0	1	0	1	1	0	2	1	0	0	0	1	0	1	0	0	0	3	0	0	3	1
43894	1 Apr 26	23:46:00	1	0	34	0	Ct	0	0	0	1	0	0	0	0	1	1	0	0	0	0	0	3	0	0	2	0	0	0	0	0	0	0	0	0	0	0	0	0	0	2
43895	1 Apr 26	23:47:00	1	0	34	0	Ct	0	0	0	0	0	2	0	0	2	2	0	0	0	0	0	0	4	0	1	0	1	0	1	0	0	0	0	0	0	0	0	0	4	3
43896	1 Apr 26	23:48:00	1	0	34	0	Ct	0	0	0	2	0	3	0	0	2	0	1	0	0	1	0	0	1	0	1	0	0	0	0	1	0	4	0	0	0	0	0	0	0	0
43897	1 Apr 26	23:49:00	1	0	34	0	Ct	0	0	0	0	0	0	0	0	3	1	1	0	0	0	0	1	1	0	0	0	4	0	0	2	0	1	0	0	0	0	0	0	1	3
43898	1 Apr 26	23:50:00	1	0	34	0	Ct	0	0	0	2	0	0	0	0	1	0	0	1	0	0	0	0	0	0	2	0	0	1	1	0	0	0	0	0	0	0	0	0	6	0
43899	1 Apr 26	23:51:00	1	0	34	0	Ct	0	0	0	1	0	0	0	0	4	1	0	3	0	2	0	1	0	0	0	0	0	6	3	0	0	0	0	0	0	0	0	0	1	1
43900	1 Apr 26	23:52:00	1	0	34	0	Ct	0	0	0	0	0	0	0	0	2	0	0	1	3	2	0	0	0	0	2	0	0	2	0	0	1	0	0	0	0	0	0	0	0	1
43901	1 Apr 26	23:53:00	1	0	34	0	Ct	0	0	0	0	2	0	0	0	1	0	0	2	1	0	0	1	0	0	0	0	0	0	0	0	0	0	0	0	0	0	0	0	4	0
43902	1 Apr 26	23:54:00	1	0	34	0	Ct	0	0	0	0	2	0	0	1	3	0	2	2	4	0	0	5	0	0	2	0	0	0	0	0	0	0	0	0	0	0	0	0	1	0
43903	1 Apr 26	23:55:00	1	0	34	0	Ct	0	0	0	2	0	0	0	5	0	1	1	1	5	0	0	0	0	0	2	0	0	0	0	0	0	0	0	0	0	9	0	0	1	2
43904	1 Apr 26	23:56:00	1	0	34	0	Ct	0	0	0	0	0	0	0	0	1	2	3	0	3	0	1	0	0	0	0	0	0	0	3	0	0	0	0	0	0	0	0	0	3	1
43905	1 Apr 26	23:57:00	1	0	34	0	Ct	0	0	0	1	0	0	0	0	1	0	2	0	0	1	0	0	0	0	0	0	0	1	3	0	0	0	0	0	0	0	0	0	1	1
43906	1 Apr 26	23:58:00	1	0	34	0	Ct	0	0	0	1	0	0	0	0	1	0	4	1	0	1	0	0	0	0	0	0	0	0	1	0	0	0	0	0	0	0	0	0	2	4
43907	1 Apr 26	23:59:00	1	0	34	0	Ct	0	0	4	0	0	0	0	0	1	0	2	0	0	2	0	0	0	0	1	0	0	0	2	1	0	0	0	0	0	0	0	0	3	1
43908	2 Apr 26	00:00:00	1	0	34	0	Ct	0	0	2	1	0	0	0	0	0	0	1	3	0	2	0	0	2	0	0	0	0	1	0	0	0	0	0	0	0	0	0	0	4	2
43909	2 Apr 26	00:01:00	1	0	34	0	Ct	0	0	0	1	0	0	0	0	2	0	0	3	0	0	0	0	0	0	1	0	0	0	0	0	0	0	0	0	0	2	0	0	4	2
43910	2 Apr 26	00:02:00	1	0	34	0	Ct	0	0	1	0	2	0	0	0	0	0	0	3	0	1	0	2	0	0	3	0	0	0	0	0	0	1	0	0	0	1	0	0	2	1
43911	2 Apr 26	00:03:00	1	0	34	0	Ct	0	0	1	1	0	0	0	0	0	1	1	0	1	0	0	0	0	0	0	0	0	1	0	1	0	1	0	0	5	0	0	0	1	2
43912	2 Apr 26	00:04:00	1	0	34	0	Ct	0	0	0	1	0	0	0	0	4	0	1	0	0	0	0	0	2	1	0	0	0	0	1	1	2	0	0	0	1	0	0	0	2	1
43913	2 Apr 26	00:05:00	1	0	34	0	Ct	0	0	0	0	0	0	0	0	0	0	2	0	0	0	3	0	0	1	1	0	0	0	0	2	0	0	0	0	0	0	0	0	3	1
43914	2 Apr 26	00:06:00	1	0	34	0	Ct	0	0	1	5	0	0	0	0	1	2	0	0	0	1	0	0	0	0	0	0	0	17	0	0	0	2	0	0	0	0	0	0	3	1
43915	2 Apr 26	00:07:00	1	0	34	0	Ct	0	0	0	1	0	0	0	0	0	3	1	0	0	2	0	0	1	0	1	0	0	3	0	0	0	1	0	0	0	0	0	0	0	2
43916	2 Apr 26	00:08:00	1	0	34	0	Ct	0	0	1	0	0	0	0	0	0	1	2	0	0	1	0	0	1	0	0	0	0	0	0	0	0	0	0	0	0	1	0	0	2	1
43917	2 Apr 26	00:09:00	1	0	34	0	Ct	0	0	0	0	0	0	0	0	1	0	2	3	0	1	0	0	0	0	2	0	0	1	1	0	0	2	0	0	0	3	0	0	2	2
43918	2 Apr 26	00:10:00	1	0	34	0	Ct	0	0	0	2	0	0	0	0	2	0	2	0	3	2	0	0	0	0	0	0	0	3	1	0	0	1	0	0	0	1	0	0	1	1
43919	2 Apr 26	00:11:00	1	0	34	0	Ct	0	0	0	1	0	4	0	0	1	0	1	0	0	2	0	0	0	0	2	0	0	0	0	1	0	0	1	0	0	1	0	0	1	1
43920	2 Apr 26	00:12:00	1	0	34	0	Ct	0	0	2	0	0	2	0	0	0	1	0	0	0	0	0	2	0	0	0	0	0	0	1	0	0	0	0	0	0	2	0	0	1	1
43921	2 Apr 26	00:13:00	1	0	34	0	Ct	0	0	1	1	0	5	0	0	0	3	0	0	0	0	0	3	1	0	3	0	0	2	1	1	2	1	0	0	0	0	0	0	3	1
43922	2 Apr 26	00:14:00	1	0	34	0	Ct	0	0	0	1	0	0	0	0	1	2	0	0	0	0	0	6	0	0	0	0	0	0	1	0	1	3	0	0	0	2	0	0	1	1
43923	2 Apr 26	00:15:00	1	0	34	0	Ct	0	0	2	0	0	2	0	0	1	0	0	0	0	3	0	18	0	0	2	0	0	0	0	0	0	0	0	0	0	0	0	0	6	0
43924	2 Apr 26	00:16:00	1	0	34	0	Ct	0	0	3	0	0	0	0	0	3	0	0	0	0	0	0	0	0	1	1	0	0	0	0	0	0	1	0	0	0	0	0	0	2	0
43925	2 Apr 26	00:17:00	1	0	34	0	Ct	0	0	2	0	0	1	0	0	0	0	2	0	0	0	0	1	0	5	1	0	1	2	1	0	0	0	0	0	0	0	0	0	2	2
43926	2 Apr 26	00:18:00	1	0	34	0	Ct	0	0	0	0	0	1	0	0	1	0	1	0	0	0	0	0	0	1	2	0	0	0	0	0	0	0	0	0	0	5	0	0	1	2
43927	2 Apr 26	00:19:00	1	0	34	0	Ct	0	0	0	4	0	0	0	0	0	0	2	1	0	1	0	0	6	0	0	0	0	0	0	0	0	0	0	0	0	2	0	0	1	1
43928	2 Apr 26	00:20:00	1	0	34	0	Ct	0	0	2	0	0	0	0	6	0	0	2	4	0	2	0	0	1	0	1	0	0	3	0	0	0	0	0	0	0	0	0	0	1	1
43929	2 Apr 26	00:21:00	1	0	34	0	Ct	0	0	0	0	0	1	0	4	0	0	3	0	0	0	0	1	0	0	1	0	0	0	1	2	0	0	0	0	0	0	0	0	0	0
43930	2 Apr 26	00:22:00	1	0	34	0	Ct	0	0	0	2	0	6	0	0	0	2	2	1	0	0	0	7	0	0	2	0	0	0	0	4	0	0	0	0	0	0	0	0	0	2
43931	2 Apr 26	00:23:00	1	0	34	0	Ct	0	0	0	1	0	0	0	0	0	2	0	1	0	0	0	9	0	0	0	0	0	2	0	0	0	2	0	0	0	0	0	0	2	0
43932	2 Apr 26	00:24:00	1	0	34	0	Ct	0	0	2	1	0	0	0	0	0	0	2	0	2	0	0	1	0	0	1	0	0	1	0	0	0	5	0	0	0	1	0	0	5	3
43933	2 Apr 26	00:25:00	1	0	34	0	Ct	0	0	1	1	0	0	0	0	0	0	2	0	1	0	0	5	1	0	0	0	2	1	0	0	0	0	0	0	0	2	0	0	1	1
43934	2 Apr 26	00:26:00	1	0	34	0	Ct	0	0	0	0	0	0	0	0	0	4	3	0	4	0	0	0	5	0	2	0	1	4	0	0	0	0	0	0	0	1	0	0	0	0
43935	2 Apr 26	00:27:00	1	0	34	0	Ct	0	0	0	2	0	0	0	0	0	2	1	0	4	0	0	3	2	1	0	0	0	0	0	2	0	4	0	0	0	0	0	0	3	3
43936	2 Apr 26	00:28:00	1	0	34	0	Ct	0	0	3	1	0	0	0	0	1	0	1	0	7	0	0	0	0	0	1	0	2	2	1	0	0	0	0	0	0	0	0	0	0	1
43937	2 Apr 26	00:29:00	1	0	34	0	Ct	0	0	2	1	0	0	0	0	0	0	1	0	1	1	0	2	1	1	0	0	16	0	0	0	0	0	0	0	0	0	0	0	1	0
43938	2 Apr 26	00:30:00	1	0	34	0	Ct	0	0	0	1	0	0	0	0	2	1	1	0	0	0	0	0	4	0	0	0	0	0	0	0	0	0	1	0	0	9	0	0	0	0
43939	2 Apr 26	00:31:00	1	0	34	0	Ct	0	0	1	1	0	0	0	0	1	2	0	0	0	0	0	0	0	1	2	0	0	0	0	1	0	0	1	0	0	1	0	0	2	0
43940	2 Apr 26	00:32:00	1	0	34	0	Ct	0	0	2	0	0	0	0	0	2	2	1	0	0	1	0	1	0	1	0	0	0	0	1	1	3	0	0	0	0	1	0	0	2	0
43941	2 Apr 26	00:33:00	1	0	34	0	Ct	0	0	1	0	0	0	0	0	0	0	2	0	0	0	0	3	0	1	0	0	1	0	0	1	1	2	0	0	0	0	0	0	0	1
43942	2 Apr 26	00:34:00	1	0	34	0	Ct	0	0	0	0	0	0	0	0	2	0	3	0	0	0	0	3	0	0	0	0	0	1	0	0	0	3	0	0	0	0	0	0	4	0
43943	2 Apr 26	00:35:00	1	0	34	0	Ct	0	0	3	0	1	0	0	0	0	0	1	0	0	0	0	2	0	0	0	0	0	4	0	1	1	5	1	0	0	0	0	0	2	0
43944	2 Apr 26	00:36:00	1	0	34	0	Ct	0	0	1	0	2	0	0	0	0	0	3	11	0	0	0	0	0	0	0	0	1	0	0	0	1	0	1	1	0	0	0	0	2	0
43945	2 Apr 26	00:37:00	1	0	34	0	Ct	0	0	5	0	0	0	0	0	2	0	0	6	0	1	0	0	0	0	0	0	0	0	0	0	0	0	0	0	0	3	0	0	1	0
43946	2 Apr 26	00:38:00	1	0	34	0	Ct	0	0	1	0	0	0	0	0	0	3	4	1	0	4	0	0	3	0	1	0	0	0	0	2	0	2	0	0	0	3	0	0	3	0
43947	2 Apr 26	00:39:00	1	0	34	0	Ct	0	0	6	0	0	0	0	0	3	0	0	1	0	0	0	3	0	0	1	0	0	2	0	1	0	2	0	2	0	2	0	0	1	0
43948	2 Apr 26	00:40:00	1	0	34	0	Ct	0	0	1	0	0	0	0	0	0	0	2	0	0	0	0	8	6	0	1	0	0	1	1	0	0	0	1	3	0	3	0	0	2	0
43949	2 Apr 26	00:41:00	1	0	34	0	Ct	0	0	2	0	0	0	0	0	0	0	0	1	0	0	0	2	0	0	0	0	1	0	0	0	4	3	0	2	0	0	0	0	0	0
43950	2 Apr 26	00:42:00	1	0	34	0	Ct	0	0	1	0	0	0	0	0	0	0	0	0	0	1	0	0	0	0	1	0	1	1	0	0	2	0	0	0	2	0	0	0	0	0
43951	2 Apr 26	00:43:00	1	0	34	0	Ct	0	0	1	0	0	0	0	0	0	2	0	1	0	0	0	0	0	0	0	0	0	0	0	0	4	0	0	0	0	0	0	0	2	3
43952	2 Apr 26	00:44:00	1	0	34	0	Ct	0	0	0	0	0	0	0	0	0	4	0	1	0	0	0	3	6	0	0	0	0	0	2	0	0	0	0	0	0	0	0	0	0	1
43953	2 Apr 26	00:45:00	1	0	34	0	Ct	0	0	2	3	0	0	0	0	0	0	0	0	0	0	0	0	0	0	0	0	3	2	0	0	1	0	0	2	0	0	0	0	1	2
43954	2 Apr 26	00:46:00	1	0	34	0	Ct	0	0	1	1	0	1	0	1	0	1	0	0	0	0	3	1	0	0	1	0	0	6	0	1	2	0	0	4	0	0	0	0	2	1
43955	2 Apr 26	00:47:00	1	0	34	0	Ct	0	0	0	0	0	0	0	1	1	0	1	0	0	2	0	0	0	0	0	0	0	1	1	0	3	4	0	1	5	2	0	0	1	2
43956	2 Apr 26	00:48:00	1	0	34	0	Ct	0	0	0	2	0	2	0	0	0	0	3	0	0	0	0	0	0	0	0	0	0	0	0	0	2	2	0	7	0	2	0	0	0	1
43957	2 Apr 26	00:49:00	1	0	34	0	Ct	0	0	2	0	2	5	0	4	0	0	0	0	4	1	0	0	5	0	1	0	0	0	0	0	2	5	0	2	0	0	0	0	0	2
43958	2 Apr 26	00:50:00	1	0	34	0	Ct	0	0	0	0	0	3	0	0	0	0	1	0	19	1	0	0	0	0	1	0	0	0	0	1	3	0	3	0	0	0	0	0	0	0
43959	2 Apr 26	00:51:00	1	0	34	0	Ct	0	0	1	0	0	2	0	1	0	1	0	0	0	2	0	0	0	1	0	0	0	0	0	0	3	0	1	0	0	0	0	0	5	3
43960	2 Apr 26	00:52:00	1	0	34	0	Ct	0	0	1	2	0	0	0	1	0	2	0	0	0	0	0	0	6	0	0	0	0	1	0	1	1	0	1	0	0	0	0	0	0	1
43961	2 Apr 26	00:53:00	1	0	34	0	Ct	0	0	1	0	4	0	0	0	0	0	0	0	0	1	0	0	3	0	0	0	0	2	0	2	1	0	0	0	0	0	0	0	2	0
43962	2 Apr 26	00:54:00	1	0	34	0	Ct	0	0	0	1	1	3	0	0	0	0	1	0	1	0	0	0	1	1	1	0	0	3	0	1	0	0	0	0	0	3	0	0	1	5
43963	2 Apr 26	00:55:00	1	0	34	0	Ct	0	0	0	1	3	2	0	0	2	1	2	0	3	0	1	0	1	0	1	0	0	1	0	1	2	0	0	0	0	0	0	0	1	1
43964	2 Apr 26	00:56:00	1	0	34	0	Ct	0	0	0	0	0	2	0	3	0	0	2	0	0	0	0	0	2	0	0	0	0	1	0	1	0	0	0	0	0	1	0	0	1	2
43965	2 Apr 26	00:57:00	1	0	34	0	Ct	0	0	0	0	0	2	0	0	0	0	1	0	0	0	2	0	0	0	1	0	0	7	1	1	0	0	0	0	0	4	0	0	1	1
43966	2 Apr 26	00:58:00	1	0	34	0	Ct	0	0	0	1	0	2	0	0	0	1	0	0	1	0	0	0	0	0	1	0	0	0	0	1	0	0	0	0	0	4	0	0	1	0
43967	2 Apr 26	00:59:00	1	0	34	0	Ct	0	0	0	1	0	5	0	0	0	2	1	0	0	0	0	0	5	2	0	0	0	0	0	0	3	0	1	0	1	1	0	0	1	0
43968	2 Apr 26	01:00:00	1	0	34	0	Ct	0	0	0	0	0	0	0	0	1	0	2	0	0	1	0	0	0	0	0	0	0	4	9	0	0	0	1	0	1	0	0	0	0	1
43969	2 Apr 26	01:01:00	1	0	34	0	Ct	0	0	0	0	0	4	0	0	0	0	0	0	0	0	0	0	1	0	0	0	0	0	28	0	0	0	4	0	0	5	0	0	4	1
43970	2 Apr 26	01:02:00	1	0	34	0	Ct	0	0	0	1	0	0	0	0	1	0	2	0	0	2	0	0	0	0	1	0	0	0	0	0	0	0	1	1	0	0	0	0	2	1
43971	2 Apr 26	01:03:00	1	0	34	0	Ct	0	0	0	1	0	1	0	0	2	0	1	0	0	3	0	0	0	0	1	0	0	4	0	0	0	0	0	0	0	4	0	0	0	0
43972	2 Apr 26	01:04:00	1	0	34	0	Ct	0	0	0	0	0	5	0	0	4	3	0	0	0	1	0	0	0	0	0	0	0	2	0	0	0	2	0	0	0	0	0	0	1	0
43973	2 Apr 26	01:05:00	1	0	34	0	Ct	0	0	0	0	0	2	0	0	5	0	0	0	1	0	0	0	0	0	0	0	1	6	0	1	0	0	0	0	0	9	0	0	2	1
43974	2 Apr 26	01:06:00	1	0	34	0	Ct	0	0	0	1	0	0	0	0	3	1	0	0	0	0	0	4	0	0	0	0	0	1	0	0	0	1	4	2	1	11	0	0	1	0
43975	2 Apr 26	01:07:00	1	0	34	0	Ct	0	0	0	1	0	3	0	0	1	0	1	0	0	0	0	2	0	0	0	0	0	1	0	0	0	0	1	1	0	8	0	0	3	0
43976	2 Apr 26	01:08:00	1	0	34	0	Ct	0	0	0	0	0	2	0	0	0	0	1	0	5	0	0	4	0	0	0	0	3	1	0	1	0	0	0	0	0	0	0	0	0	0
43977	2 Apr 26	01:09:00	1	0	34	0	Ct	0	0	0	0	0	10	0	2	3	1	0	0	0	0	0	0	1	0	0	0	1	5	0	2	0	0	6	5	0	4	0	0	0	0
43978	2 Apr 26	01:10:00	1	0	34	0	Ct	0	0	0	0	0	0	0	0	1	0	0	0	0	0	5	0	2	0	0	0	4	0	0	1	0	0	1	0	0	1	0	0	0	2
43979	2 Apr 26	01:11:00	1	0	34	0	Ct	0	0	0	0	0	0	0	0	0	0	0	0	3	0	1	0	3	0	0	0	0	3	0	0	0	0	2	3	0	1	0	0	0	0
43980	2 Apr 26	01:12:00	1	0	34	0	Ct	0	0	0	0	0	0	0	0	3	0	0	0	0	0	0	0	0	0	0	0	0	5	0	0	0	0	1	0	0	4	0	0	0	0
43981	2 Apr 26	01:13:00	1	0	34	0	Ct	0	0	0	1	0	3	0	0	0	1	4	0	0	0	2	0	0	0	0	0	0	3	0	0	0	0	2	1	0	0	0	0	0	0
43982	2 Apr 26	01:14:00	1	0	34	0	Ct	0	0	0	1	0	3	0	0	0	2	1	3	0	0	1	0	0	0	0	0	0	0	0	0	0	0	0	7	0	3	0	0	0	0
43983	2 Apr 26	01:15:00	1	0	34	0	Ct	0	0	0	1	0	0	0	0	0	2	1	5	0	0	0	0	8	0	0	0	0	0	0	0	0	0	1	4	0	0	0	0	0	0
43984	2 Apr 26	01:16:00	1	0	34	0	Ct	0	0	0	1	1	5	0	0	0	0	0	0	0	0	0	0	1	0	0	0	0	0	0	0	1	0	1	0	2	0	0	0	0	0
43985	2 Apr 26	01:17:00	1	0	34	0	Ct	0	0	0	0	0	2	0	0	1	1	0	2	0	0	0	0	3	0	0	0	0	0	0	0	1	0	0	0	0	1	0	0	0	1
43986	2 Apr 26	01:18:00	1	0	34	0	Ct	0	0	0	0	0	0	0	0	1	0	2	0	0	1	0	0	0	0	0	0	0	0	0	2	8	0	6	0	0	2	0	0	2	1
43987	2 Apr 26	01:19:00	1	0	34	0	Ct	0	0	2	0	0	1	0	0	3	2	0	0	0	0	0	0	0	1	0	0	0	0	0	0	3	2	0	0	0	3	0	0	1	0
43988	2 Apr 26	01:20:00	1	0	34	0	Ct	0	0	0	2	0	0	0	0	2	1	0	0	0	0	2	0	3	0	0	0	0	4	0	0	0	0	2	0	0	7	0	0	0	0
43989	2 Apr 26	01:21:00	1	0	34	0	Ct	0	0	0	0	0	1	0	0	0	0	3	0	1	0	0	0	0	0	0	0	1	0	0	0	0	0	4	0	0	0	0	0	2	0
43990	2 Apr 26	01:22:00	1	0	34	0	Ct	0	0	0	0	0	0	0	0	1	1	1	0	9	0	0	0	1	0	0	0	0	0	0	3	1	1	0	0	0	0	0	0	3	0
43991	2 Apr 26	01:23:00	1	0	34	0	Ct	0	0	0	0	3	0	0	0	2	0	0	0	23	1	2	0	0	0	0	0	0	1	0	1	1	0	0	0	5	0	0	0	4	0
43992	2 Apr 26	01:24:00	1	0	34	0	Ct	0	0	0	3	0	0	0	0	2	0	0	0	1	0	0	0	0	0	0	0	1	2	0	1	0	1	0	0	0	0	0	0	1	0
43993	2 Apr 26	01:25:00	1	0	34	0	Ct	0	0	0	2	0	0	0	0	2	2	2	0	2	0	2	0	4	0	0	0	0	0	1	0	0	0	0	0	0	0	0	0	1	0
43994	2 Apr 26	01:26:00	1	0	34	0	Ct	0	0	0	0	0	0	0	0	2	1	3	0	2	0	4	2	1	0	0	0	0	0	0	0	0	0	0	0	0	0	0	0	0	3
43995	2 Apr 26	01:27:00	1	0	34	0	Ct	0	0	0	1	1	0	0	0	2	0	1	0	2	0	1	4	0	0	0	0	1	0	0	2	0	0	0	0	0	1	0	0	0	5
43996	2 Apr 26	01:28:00	1	0	34	0	Ct	0	0	0	1	0	0	0	0	1	1	4	0	3	0	0	0	1	0	0	0	0	5	0	2	4	0	0	0	0	5	0	0	0	1
43997	2 Apr 26	01:29:00	1	0	34	0	Ct	0	0	0	0	1	0	0	0	0	0	1	0	0	0	0	0	4	0	1	0	0	7	0	1	0	3	0	0	0	1	0	0	0	2
43998	2 Apr 26	01:30:00	1	0	34	0	Ct	0	0	0	0	0	0	0	0	0	1	3	0	0	1	0	0	0	0	1	0	0	0	4	2	0	0	0	0	0	2	0	0	0	2
43999	2 Apr 26	01:31:00	1	0	34	0	Ct	0	0	0	2	0	0	0	0	6	0	2	0	0	0	3	0	0	0	0	0	0	0	0	0	0	0	0	0	0	3	0	0	1	1
44000	2 Apr 26	01:32:00	1	0	34	0	Ct	0	0	0	2	0	1	0	0	2	0	0	0	0	0	0	0	0	0	3	0	0	4	3	0	5	0	0	1	0	6	0	0	0	4
44001	2 Apr 26	01:33:00	1	0	34	0	Ct	0	0	0	1	2	3	0	0	1	0	3	0	0	0	3	0	0	0	1	0	0	0	0	0	3	0	0	6	0	0	0	0	5	2
44002	2 Apr 26	01:34:00	1	0	34	0	Ct	0	0	0	0	0	0	0	1	1	1	1	0	0	0	0	0	1	0	1	0	0	1	0	1	2	0	0	0	0	3	0	0	1	1
44003	2 Apr 26	01:35:00	1	0	34	0	Ct	0	0	0	0	0	10	0	1	0	0	0	0	2	0	0	0	0	0	0	0	0	0	0	1	2	0	0	0	0	1	0	0	2	1
44004	2 Apr 26	01:36:00	1	0	34	0	Ct	0	0	0	1	0	0	0	5	2	0	0	0	0	0	0	0	0	0	1	0	0	1	0	0	2	0	2	0	0	3	0	0	3	0
44005	2 Apr 26	01:37:00	1	0	34	0	Ct	0	0	0	3	0	0	0	1	3	0	0	0	0	0	4	0	0	0	1	0	0	2	0	0	0	4	0	0	0	3	0	0	0	1
44006	2 Apr 26	01:38:00	1	0	34	0	Ct	0	0	2	2	0	0	0	0	0	1	0	0	0	0	3	0	0	0	2	0	0	1	5	0	3	2	2	0	0	0	0	0	5	3
44007	2 Apr 26	01:39:00	1	0	34	0	Ct	0	0	1	0	0	0	0	3	1	0	0	0	0	0	0	0	0	0	0	0	0	2	0	3	4	1	0	0	2	0	0	0	3	0
44008	2 Apr 26	01:40:00	1	0	34	0	Ct	0	0	0	0	0	0	0	0	2	0	0	0	0	0	3	0	2	0	1	0	0	0	2	0	0	2	0	3	0	2	0	0	0	1
44009	2 Apr 26	01:41:00	1	0	34	0	Ct	0	0	0	0	0	0	0	1	4	0	0	0	10	0	0	0	0	0	1	0	3	0	0	0	0	2	0	0	0	1	0	0	1	0
44010	2 Apr 26	01:42:00	1	0	34	0	Ct	0	0	0	1	1	0	0	0	1	0	0	0	1	0	0	0	2	0	0	0	0	7	0	0	0	0	0	1	0	3	0	0	6	0
44011	2 Apr 26	01:43:00	1	0	34	0	Ct	0	0	0	0	1	0	0	0	0	3	0	0	1	0	0	0	0	0	0	0	1	2	0	1	3	0	0	0	0	3	0	0	2	1
44012	2 Apr 26	01:44:00	1	0	34	0	Ct	0	0	0	0	1	0	0	0	1	0	0	0	1	3	0	0	0	0	4	0	0	0	0	0	0	8	0	0	0	1	0	0	1	2
44013	2 Apr 26	01:45:00	1	0	34	0	Ct	0	0	0	1	0	0	0	0	7	1	0	0	18	0	0	0	0	0	0	0	1	0	0	1	0	2	0	0	0	4	0	0	1	1
44014	2 Apr 26	01:46:00	1	0	34	0	Ct	0	0	0	0	0	0	0	0	1	0	0	0	10	0	0	0	7	0	1	0	0	0	1	0	0	1	0	0	0	0	0	0	0	0
44015	2 Apr 26	01:47:00	1	0	34	0	Ct	0	0	0	0	0	0	0	0	0	0	0	0	0	0	0	0	3	0	1	0	0	0	0	0	0	0	0	0	0	0	0	0	2	1
44016	2 Apr 26	01:48:00	1	0	34	0	Ct	0	0	1	1	3	0	0	2	1	0	0	0	2	0	0	1	3	0	0	0	0	0	0	0	1	0	0	0	0	0	0	0	0	1
44017	2 Apr 26	01:49:00	1	0	34	0	Ct	0	0	1	1	0	0	0	0	0	0	0	0	6	0	0	0	3	0	1	0	0	0	0	0	0	0	0	0	0	6	0	0	0	1
44018	2 Apr 26	01:50:00	1	0	34	0	Ct	0	0	1	0	2	0	0	0	3	0	0	0	0	0	0	0	5	0	0	0	0	0	0	1	0	5	0	0	0	3	0	0	1	1
44019	2 Apr 26	01:51:00	1	0	34	0	Ct	0	0	3	0	0	0	0	4	15	1	0	0	0	0	0	1	1	0	0	0	0	0	0	0	2	0	0	0	0	0	0	0	0	0
44020	2 Apr 26	01:52:00	1	0	34	0	Ct	0	0	0	7	0	0	0	2	0	0	0	0	0	0	0	8	9	0	1	0	0	2	3	1	0	0	0	0	0	0	0	0	2	1
44021	2 Apr 26	01:53:00	1	0	34	0	Ct	0	0	1	2	0	0	0	0	0	0	0	0	0	0	0	0	1	0	2	0	0	3	6	0	0	2	0	0	0	1	0	0	0	0
44022	2 Apr 26	01:54:00	1	0	34	0	Ct	0	0	1	0	0	0	0	0	0	0	0	0	0	0	0	0	2	0	1	0	0	0	2	2	0	3	0	0	0	0	0	0	0	0
44023	2 Apr 26	01:55:00	1	0	34	0	Ct	0	0	1	2	0	0	0	0	0	0	0	7	0	0	0	0	0	0	3	0	0	7	0	0	0	0	0	0	0	0	0	0	2	1
44024	2 Apr 26	01:56:00	1	0	34	0	Ct	0	0	0	0	0	0	0	0	0	0	0	0	0	1	0	0	0	0	0	0	0	0	0	1	0	0	0	0	0	0	0	0	3	1
44025	2 Apr 26	01:57:00	1	0	34	0	Ct	0	0	0	0	0	2	0	0	1	0	0	0	0	0	0	0	4	0	2	0	0	0	0	0	1	2	0	0	0	2	0	0	1	0
44026	2 Apr 26	01:58:00	1	0	34	0	Ct	0	0	2	1	0	1	0	0	4	0	2	2	0	0	4	1	0	0	2	0	0	0	0	0	0	0	2	0	0	1	0	0	2	0
44027	2 Apr 26	01:59:00	1	0	34	0	Ct	0	0	1	1	0	2	0	0	1	0	1	6	0	1	2	0	0	0	1	0	0	1	0	0	0	0	1	0	0	1	0	0	1	0
44028	2 Apr 26	02:00:00	1	0	34	0	Ct	0	0	0	0	1	1	0	0	0	1	0	2	0	0	0	0	1	0	1	0	0	2	0	0	0	3	1	1	0	0	0	0	0	0
44029	2 Apr 26	02:01:00	1	0	34	0	Ct	0	0	0	1	1	0	0	0	0	1	0	2	0	0	2	0	4	0	1	0	0	0	0	0	0	2	5	5	0	2	0	0	0	1
44030	2 Apr 26	02:02:00	1	0	34	0	Ct	0	0	0	2	2	0	0	0	0	0	0	0	0	0	1	0	1	0	0	0	0	1	2	0	0	0	1	0	0	0	0	0	0	2
44031	2 Apr 26	02:03:00	1	0	34	0	Ct	0	0	5	1	0	6	0	0	2	0	0	0	0	0	1	0	1	0	1	0	0	2	0	0	1	0	0	2	0	0	0	0	0	0
44032	2 Apr 26	02:04:00	1	0	34	0	Ct	0	0	5	0	0	2	0	0	0	0	2	0	20	1	3	0	0	0	2	0	0	3	0	0	0	0	1	2	0	5	0	0	0	1
44033	2 Apr 26	02:05:00	1	0	34	0	Ct	0	0	1	0	0	1	0	0	0	1	0	0	1	0	1	0	0	0	0	0	0	2	0	0	0	3	0	0	0	2	0	0	0	0
44034	2 Apr 26	02:06:00	1	0	34	0	Ct	0	0	0	1	0	0	0	0	0	1	0	4	1	0	0	0	0	0	0	0	0	3	0	0	0	0	4	0	0	0	0	0	0	0
44035	2 Apr 26	02:07:00	1	0	34	0	Ct	0	0	2	2	0	2	0	0	0	0	3	1	1	0	0	0	0	0	1	0	0	1	3	0	0	0	1	0	0	2	0	0	0	1
44036	2 Apr 26	02:08:00	1	0	34	0	Ct	0	0	1	2	0	7	0	0	2	0	1	0	0	0	0	0	0	0	0	0	0	0	0	0	0	0	0	0	0	0	0	0	0	0
44037	2 Apr 26	02:09:00	1	0	34	0	Ct	0	0	1	0	0	0	0	2	0	2	0	0	0	0	0	1	0	0	0	0	0	0	0	0	0	0	0	0	0	2	0	0	0	0
44038	2 Apr 26	02:10:00	1	0	34	0	Ct	0	0	0	1	0	0	0	0	0	0	0	0	0	0	0	5	0	0	1	0	0	0	1	0	0	0	0	0	0	4	0	0	0	0
44039	2 Apr 26	02:11:00	1	0	34	0	Ct	0	0	2	1	0	0	0	0	2	0	0	0	0	0	3	0	0	0	0	0	0	2	2	0	0	1	1	0	0	2	0	0	0	0
44040	2 Apr 26	02:12:00	1	0	34	0	Ct	0	0	1	5	0	0	0	0	4	0	2	0	0	0	3	0	0	0	0	0	0	0	0	0	0	1	0	0	1	1	0	0	0	0
44041	2 Apr 26	02:13:00	1	0	34	0	Ct	0	0	0	1	0	0	0	0	0	5	3	0	0	0	3	0	0	0	2	0	1	2	0	0	0	0	2	0	1	1	0	0	0	1
44042	2 Apr 26	02:14:00	1	0	34	0	Ct	0	0	0	0	0	0	0	0	1	1	2	0	0	0	0	0	0	0	2	0	1	0	0	0	0	0	0	0	0	0	0	0	0	2
44043	2 Apr 26	02:15:00	1	0	34	0	Ct	0	0	2	1	0	0	0	0	1	0	1	0	0	0	0	0	0	0	3	0	7	0	0	0	0	0	1	0	0	0	0	0	1	2
44044	2 Apr 26	02:16:00	1	0	34	0	Ct	0	0	1	1	0	8	0	0	1	0	3	0	0	0	0	6	0	0	0	0	2	0	0	0	1	0	1	0	0	0	0	0	0	1
44045	2 Apr 26	02:17:00	1	0	34	0	Ct	0	0	2	0	0	2	0	0	1	0	2	0	2	0	0	0	0	0	1	0	0	0	0	0	1	0	0	0	0	3	0	0	3	0
44046	2 Apr 26	02:18:00	1	0	34	0	Ct	0	0	1	1	0	0	0	0	5	1	1	0	0	0	0	0	0	0	2	0	0	0	2	0	5	1	0	0	0	0	0	0	0	0
44047	2 Apr 26	02:19:00	1	0	34	0	Ct	0	0	0	3	0	0	0	0	1	0	1	0	3	0	1	0	0	0	0	0	0	0	1	0	0	1	0	0	0	0	0	0	1	0
44048	2 Apr 26	02:20:00	1	0	34	0	Ct	0	0	0	1	0	0	0	1	0	0	2	0	0	0	5	0	0	0	1	0	0	1	1	1	4	0	3	0	0	0	0	0	0	0
44049	2 Apr 26	02:21:00	1	0	34	0	Ct	0	0	0	2	0	0	0	0	3	0	3	0	0	0	1	0	1	0	4	0	0	0	4	0	1	0	0	0	0	0	1	0	0	0
44050	2 Apr 26	02:22:00	1	0	34	0	Ct	0	0	0	1	1	1	0	0	1	0	0	3	4	0	0	0	0	0	2	0	0	0	3	0	0	0	0	0	0	1	0	0	0	1
44051	2 Apr 26	02:23:00	1	0	34	0	Ct	0	0	0	0	1	3	0	0	1	1	0	5	0	1	0	0	3	0	2	0	1	0	0	0	0	0	0	3	0	2	0	0	0	2
44052	2 Apr 26	02:24:00	1	0	34	0	Ct	0	0	1	0	0	5	0	0	1	1	0	1	3	0	0	1	1	0	1	0	1	0	0	1	0	0	1	1	0	1	0	0	0	0
44053	2 Apr 26	02:25:00	1	0	34	0	Ct	0	0	1	0	0	2	0	0	4	0	0	0	0	6	0	0	0	0	0	0	3	0	0	0	0	0	3	0	0	1	0	0	3	0
44054	2 Apr 26	02:26:00	1	0	34	0	Ct	0	0	0	0	1	0	0	0	1	0	0	0	0	8	0	0	0	0	1	0	0	3	1	0	0	2	1	0	0	1	0	0	0	1
44055	2 Apr 26	02:27:00	1	0	34	0	Ct	0	0	2	0	0	0	0	0	1	0	0	0	0	7	0	0	0	0	2	0	0	0	1	0	0	1	4	0	0	0	0	0	0	1
44056	2 Apr 26	02:28:00	1	0	34	0	Ct	0	0	1	1	0	0	0	0	2	1	0	0	0	12	2	2	0	0	1	0	0	3	8	1	0	0	0	0	0	0	0	0	0	1
44057	2 Apr 26	02:29:00	1	0	34	0	Ct	0	0	3	1	0	1	0	0	0	0	0	0	0	8	0	5	0	0	0	0	1	0	0	0	0	0	1	0	0	0	0	0	1	1
44058	2 Apr 26	02:30:00	1	0	34	0	Ct	0	0	1	0	0	1	0	0	3	0	0	1	0	3	0	1	2	0	0	0	0	1	0	0	0	0	2	0	0	3	0	0	0	4
44059	2 Apr 26	02:31:00	1	0	34	0	Ct	0	0	0	2	1	2	0	0	14	0	3	0	0	2	0	1	0	0	4	0	0	4	0	0	0	0	0	3	0	0	0	0	0	1
44060	2 Apr 26	02:32:00	1	0	34	0	Ct	0	0	1	0	0	0	0	0	0	4	0	0	0	0	0	2	0	0	0	0	0	0	0	0	1	0	0	0	0	2	0	0	0	1
44061	2 Apr 26	02:33:00	1	0	34	0	Ct	0	0	2	0	0	0	0	0	0	13	0	0	2	0	0	0	0	3	2	0	0	0	1	2	0	0	0	0	0	1	0	0	0	1
44062	2 Apr 26	02:34:00	1	0	34	0	Ct	0	0	1	1	1	0	0	0	1	0	0	0	0	0	1	0	1	0	2	0	0	4	0	0	0	1	0	1	0	0	0	0	0	2
44063	2 Apr 26	02:35:00	1	0	34	0	Ct	0	0	2	1	1	0	0	0	2	2	3	0	1	1	7	4	1	0	0	0	0	1	0	0	0	0	0	0	0	0	0	0	0	0
44064	2 Apr 26	02:36:00	1	0	34	0	Ct	0	0	1	0	2	0	0	0	0	1	0	1	0	0	0	0	0	0	0	0	0	1	0	0	0	5	0	0	0	4	0	0	0	0
44065	2 Apr 26	02:37:00	1	0	34	0	Ct	0	0	0	0	1	0	0	3	0	0	2	0	1	0	0	0	4	0	1	0	0	2	0	2	3	0	0	0	0	0	0	0	0	1
44066	2 Apr 26	02:38:00	1	0	34	0	Ct	0	0	0	0	1	0	0	0	2	0	2	0	0	0	0	0	1	0	0	0	0	0	0	1	1	0	0	0	0	0	0	0	0	2
44067	2 Apr 26	02:39:00	1	0	34	0	Ct	0	0	0	0	3	0	0	0	0	0	0	0	2	0	0	0	3	0	1	0	0	0	0	0	0	1	0	0	0	0	0	0	0	2
44068	2 Apr 26	02:40:00	1	0	34	0	Ct	0	0	0	0	2	0	0	0	0	0	1	0	14	0	0	0	3	0	1	0	0	0	0	0	0	0	0	0	0	0	0	0	0	0
44069	2 Apr 26	02:41:00	1	0	34	0	Ct	0	0	0	0	3	0	0	0	0	0	4	0	0	1	0	0	0	0	1	0	0	1	0	0	0	2	0	0	0	9	0	0	0	0
44070	2 Apr 26	02:42:00	1	0	34	0	Ct	0	0	0	0	2	0	0	0	0	0	2	6	1	3	0	0	0	0	0	0	0	0	2	1	0	0	0	0	0	5	0	0	0	0
44071	2 Apr 26	02:43:00	1	0	34	0	Ct	0	0	3	0	0	0	0	0	0	0	2	0	0	4	0	0	0	0	2	0	0	0	1	0	0	0	0	0	0	1	0	0	1	2
44072	2 Apr 26	02:44:00	1	0	34	0	Ct	0	0	0	0	0	0	0	0	0	4	1	0	0	0	0	0	0	0	2	0	0	6	0	1	0	0	0	0	0	1	0	0	1	0
44073	2 Apr 26	02:45:00	1	0	34	0	Ct	0	0	0	0	0	1	0	0	3	0	2	0	2	0	0	0	1	4	1	0	0	3	6	0	0	0	0	0	0	2	0	0	0	4
44074	2 Apr 26	02:46:00	1	0	34	0	Ct	0	0	1	1	0	2	0	0	2	0	0	0	8	0	0	0	2	2	0	0	0	0	2	0	0	1	0	0	0	1	0	0	0	0
44075	2 Apr 26	02:47:00	1	0	34	0	Ct	0	0	0	2	0	1	0	0	0	0	0	0	0	0	0	0	0	0	3	0	0	0	0	0	0	0	0	0	0	2	0	0	0	0
44076	2 Apr 26	02:48:00	1	0	34	0	Ct	0	0	0	0	0	0	0	0	0	0	1	0	0	0	0	0	2	0	2	0	0	0	0	0	0	1	0	0	0	2	0	0	0	5
44077	2 Apr 26	02:49:00	1	0	34	0	Ct	0	0	0	0	1	0	0	0	0	2	2	0	0	0	0	0	1	0	3	0	0	2	0	0	1	0	0	0	0	11	0	0	0	1
44078	2 Apr 26	02:50:00	1	0	34	0	Ct	0	0	0	2	2	0	0	0	1	0	1	0	0	0	0	0	1	0	2	0	0	6	0	0	5	0	0	0	1	0	0	0	0	3
44079	2 Apr 26	02:51:00	1	0	34	0	Ct	0	0	0	0	3	0	0	0	1	0	1	0	0	0	0	0	0	0	0	0	0	8	0	0	0	1	0	0	2	4	0	0	0	0
44080	2 Apr 26	02:52:00	1	0	34	0	Ct	0	0	0	4	1	0	0	0	3	0	2	3	0	0	0	0	0	0	1	0	0	5	0	0	2	0	0	0	0	0	0	0	0	1
44081	2 Apr 26	02:53:00	1	0	34	0	Ct	0	0	0	1	0	0	0	0	4	0	0	1	0	0	0	0	0	0	4	0	0	0	1	0	4	0	0	0	0	0	0	0	0	0
44082	2 Apr 26	02:54:00	1	0	34	0	Ct	0	0	0	1	0	1	0	0	2	0	2	2	0	1	0	0	2	0	3	0	0	0	2	0	6	1	0	0	0	0	0	0	0	1
44083	2 Apr 26	02:55:00	1	0	34	0	Ct	0	0	0	1	0	1	0	0	0	0	3	1	0	0	0	0	0	0	1	0	0	0	0	0	3	0	0	0	0	0	0	0	0	0
44084	2 Apr 26	02:56:00	1	0	34	0	Ct	0	0	0	0	0	0	0	0	1	0	1	0	0	0	0	0	0	0	0	0	0	0	0	2	0	0	0	0	0	0	0	0	0	0
44085	2 Apr 26	02:57:00	1	0	34	0	Ct	0	0	0	4	0	1	0	0	0	0	2	0	0	0	2	0	0	0	0	0	0	0	0	1	2	0	0	0	0	0	0	0	0	0
44086	2 Apr 26	02:58:00	1	0	34	0	Ct	0	0	0	1	0	6	0	0	0	0	1	4	0	0	0	0	0	0	0	0	0	0	0	0	0	0	3	0	1	3	0	0	0	0
44087	2 Apr 26	02:59:00	1	0	34	0	Ct	0	0	0	0	0	0	0	0	0	0	1	0	0	0	0	0	0	0	0	0	0	0	0	0	4	0	1	0	0	0	0	0	0	0
44088	2 Apr 26	03:00:00	1	0	34	0	Ct	0	0	0	0	0	2	0	0	0	0	0	0	0	0	0	0	0	0	1	0	0	2	2	1	0	2	0	3	2	1	0	0	0	0
44089	2 Apr 26	03:01:00	1	0	34	0	Ct	0	0	0	0	0	0	0	0	2	0	1	0	0	0	3	0	1	0	0	0	0	2	0	1	2	0	0	0	0	0	0	0	0	0
44090	2 Apr 26	03:02:00	1	0	34	0	Ct	0	0	0	3	0	1	0	0	4	0	2	0	0	9	0	0	3	0	1	0	0	0	0	0	0	4	0	0	0	0	0	0	0	0
44091	2 Apr 26	03:03:00	1	0	34	0	Ct	0	0	0	0	0	1	0	3	0	0	4	0	0	9	0	0	1	0	1	0	0	0	0	1	3	0	0	0	0	0	0	0	0	1
44092	2 Apr 26	03:04:00	1	0	34	0	Ct	0	0	1	0	0	0	0	2	2	0	0	5	0	10	0	0	0	0	0	0	0	0	0	0	5	1	0	0	0	0	0	0	3	0
44093	2 Apr 26	03:05:00	1	0	34	0	Ct	0	0	1	3	0	0	0	5	0	0	1	0	2	11	0	0	0	0	0	0	0	3	0	0	4	0	0	0	0	1	0	0	7	0
44094	2 Apr 26	03:06:00	1	0	34	0	Ct	0	0	0	0	0	0	0	3	6	0	6	1	0	0	0	0	1	0	1	0	0	8	0	0	0	0	0	0	0	0	0	0	0	1
44095	2 Apr 26	03:07:00	1	0	34	0	Ct	0	0	0	0	0	0	0	5	0	0	3	0	0	4	0	0	1	0	0	0	0	0	0	3	0	1	0	0	0	1	0	0	0	1
44096	2 Apr 26	03:08:00	1	0	34	0	Ct	0	0	3	1	0	2	0	0	4	0	0	0	1	7	0	0	0	0	0	0	0	2	0	0	0	0	0	0	0	1	0	0	0	1
44097	2 Apr 26	03:09:00	1	0	34	0	Ct	0	0	0	1	0	0	0	1	1	0	0	0	2	0	2	0	0	0	1	0	0	5	0	0	0	0	0	0	0	0	0	0	1	0
44098	2 Apr 26	03:10:00	1	0	34	0	Ct	0	0	0	0	0	0	0	0	2	0	0	2	0	0	2	0	2	0	0	0	0	0	0	0	2	1	0	0	0	0	0	0	0	2
44099	2 Apr 26	03:11:00	1	0	34	0	Ct	0	0	3	3	0	0	0	6	2	0	1	1	0	0	0	1	0	0	0	0	0	2	1	0	2	0	0	0	0	0	0	0	0	0
44100	2 Apr 26	03:12:00	1	0	34	0	Ct	0	0	1	0	0	0	0	0	1	1	3	0	0	0	0	0	4	0	1	0	0	1	0	0	0	4	0	0	0	0	0	0	0	0
44101	2 Apr 26	03:13:00	1	0	34	0	Ct	0	0	1	1	0	0	0	0	1	0	0	0	0	0	0	0	3	0	2	0	0	1	2	0	0	0	0	0	0	1	0	0	0	1
44102	2 Apr 26	03:14:00	1	0	34	0	Ct	0	0	4	0	0	0	0	0	0	0	0	3	0	0	0	2	0	0	0	0	0	4	0	0	0	1	0	3	0	1	0	0	0	0
44103	2 Apr 26	03:15:00	1	0	34	0	Ct	0	0	1	1	0	0	0	0	1	3	0	1	0	1	0	0	0	0	2	0	0	0	0	0	0	0	0	0	0	0	0	0	0	1
44104	2 Apr 26	03:16:00	1	0	34	0	Ct	0	0	0	0	0	0	0	0	3	2	0	2	0	0	0	0	0	0	0	0	0	0	1	0	1	0	1	0	0	0	0	0	0	0
44105	2 Apr 26	03:17:00	1	0	34	0	Ct	0	0	0	1	0	0	0	0	2	0	0	0	0	0	0	2	1	0	1	0	0	4	0	0	5	0	2	0	0	0	0	0	0	1
44106	2 Apr 26	03:18:00	1	0	34	0	Ct	0	0	0	1	0	0	0	1	0	0	0	0	0	0	0	0	0	0	1	0	3	0	0	2	0	0	0	0	0	0	0	0	0	0
44107	2 Apr 26	03:19:00	1	0	34	0	Ct	0	0	0	2	0	1	0	0	3	2	0	0	0	0	0	2	0	0	2	0	0	7	0	2	0	0	3	0	0	0	0	0	0	6
44108	2 Apr 26	03:20:00	1	0	34	0	Ct	0	0	0	0	0	1	0	0	1	0	0	2	1	0	0	0	3	0	0	2	0	4	4	1	0	0	2	0	0	2	0	0	1	0
44109	2 Apr 26	03:21:00	1	0	34	0	Ct	0	0	0	1	0	0	0	0	4	0	0	0	0	0	3	0	1	0	1	0	0	0	1	0	0	1	1	2	0	0	0	0	0	0
44110	2 Apr 26	03:22:00	1	0	34	0	Ct	0	0	0	1	0	0	0	0	3	1	0	2	1	0	2	0	0	0	3	1	0	6	0	0	4	2	3	1	0	1	0	0	0	0
44111	2 Apr 26	03:23:00	1	0	34	0	Ct	0	0	6	1	0	2	0	0	3	0	0	0	1	3	0	0	0	3	0	1	0	0	0	0	0	0	2	1	0	0	0	0	0	0
44112	2 Apr 26	03:24:00	1	0	34	0	Ct	0	0	1	1	0	3	0	0	1	0	1	0	2	3	1	0	0	2	0	0	0	2	0	0	1	0	8	0	0	0	0	0	0	0
44113	2 Apr 26	03:25:00	1	0	34	0	Ct	0	0	2	1	3	3	0	0	1	1	1	0	0	1	0	0	0	0	3	0	2	0	1	1	0	0	1	0	0	0	0	0	0	0
44114	2 Apr 26	03:26:00	1	0	34	0	Ct	0	0	0	1	1	2	0	0	0	0	3	3	0	0	0	0	1	1	0	0	0	0	1	0	1	0	0	0	0	0	0	0	0	0
44115	2 Apr 26	03:27:00	1	0	34	0	Ct	0	0	0	2	0	2	0	0	0	0	1	2	0	0	0	0	2	1	0	0	0	0	0	0	0	0	0	0	0	0	0	0	0	0
44116	2 Apr 26	03:28:00	1	0	34	0	Ct	0	0	0	0	0	5	0	0	1	2	2	4	0	0	0	0	0	0	0	0	1	2	0	0	0	0	0	0	0	0	0	0	0	0
44117	2 Apr 26	03:29:00	1	0	34	0	Ct	0	0	0	0	0	5	0	0	0	0	0	0	0	0	0	0	0	0	0	0	0	0	2	0	1	0	0	0	0	0	0	0	0	0
44118	2 Apr 26	03:30:00	1	0	34	0	Ct	0	0	0	1	0	7	0	0	0	0	0	0	0	1	0	0	0	0	0	0	0	2	2	0	0	2	0	0	0	0	0	0	0	0
44119	2 Apr 26	03:31:00	1	0	34	0	Ct	0	0	0	1	0	2	0	3	3	0	0	0	0	0	1	0	0	4	1	0	0	2	0	0	1	0	0	0	2	1	0	0	0	0
44120	2 Apr 26	03:32:00	1	0	34	0	Ct	0	0	2	1	0	5	0	0	0	1	0	0	0	1	1	0	0	1	1	0	0	2	0	1	1	1	0	0	1	0	0	0	0	0
44121	2 Apr 26	03:33:00	1	0	34	0	Ct	0	0	1	1	0	0	0	0	4	0	0	0	0	0	0	0	2	0	0	0	0	1	0	2	0	0	0	0	0	1	0	0	0	1
44122	2 Apr 26	03:34:00	1	0	34	0	Ct	0	0	0	0	0	0	0	0	2	0	0	0	0	4	0	0	2	0	0	0	0	1	0	0	0	0	1	0	0	0	0	0	0	0
44123	2 Apr 26	03:35:00	1	0	34	0	Ct	0	0	0	1	0	0	0	0	0	0	1	5	0	1	3	0	2	0	0	0	0	7	0	0	0	0	1	0	0	0	0	0	0	0
44124	2 Apr 26	03:36:00	1	0	34	0	Ct	0	0	0	1	0	0	0	1	1	0	1	1	4	0	1	0	0	0	0	0	1	0	2	0	0	0	0	0	0	1	0	0	0	0
44125	2 Apr 26	03:37:00	1	0	34	0	Ct	0	0	0	0	0	0	0	1	2	1	0	0	0	0	0	0	0	1	0	0	1	0	1	0	0	0	0	0	0	1	0	0	3	1
44126	2 Apr 26	03:38:00	1	0	34	0	Ct	0	0	0	0	0	3	0	0	1	0	2	0	0	0	0	0	1	0	1	0	0	11	0	0	0	0	0	0	0	0	0	0	6	1
44127	2 Apr 26	03:39:00	1	0	34	0	Ct	0	0	0	2	0	4	0	0	4	0	3	0	0	0	0	0	0	0	1	0	0	0	0	0	5	0	0	0	3	0	0	0	0	0
44128	2 Apr 26	03:40:00	1	0	34	0	Ct	0	0	0	1	0	5	0	0	1	0	1	0	0	6	0	0	0	1	1	0	1	1	0	0	0	2	0	0	0	0	0	0	0	0
44129	2 Apr 26	03:41:00	1	0	34	0	Ct	0	0	2	0	0	5	0	0	4	0	1	0	0	0	0	0	2	0	0	0	3	1	0	0	0	0	3	0	0	0	0	0	0	0
44130	2 Apr 26	03:42:00	1	0	34	0	Ct	0	0	3	0	0	4	0	0	0	0	2	2	0	0	0	0	2	0	0	0	1	0	0	1	0	1	1	0	0	0	0	0	0	0
44131	2 Apr 26	03:43:00	1	0	34	0	Ct	0	0	0	1	0	6	0	3	0	1	2	0	0	0	0	0	0	0	0	0	0	0	0	0	3	0	0	0	0	0	0	0	0	0
44132	2 Apr 26	03:44:00	1	0	34	0	Ct	0	0	0	1	0	1	0	0	0	0	0	0	0	0	0	0	0	0	4	0	0	1	0	1	1	0	0	0	0	2	0	0	1	0
44133	2 Apr 26	03:45:00	1	0	34	0	Ct	0	0	1	0	0	2	0	0	2	0	0	0	0	0	12	0	0	0	0	0	1	7	2	0	0	0	0	0	0	0	0	0	0	0
44134	2 Apr 26	03:46:00	1	0	34	0	Ct	0	0	1	0	0	3	0	1	2	0	0	0	0	3	5	0	2	0	2	0	0	1	3	0	26	0	0	0	0	0	0	0	0	0
44135	2 Apr 26	03:47:00	1	0	34	0	Ct	0	0	0	2	1	1	0	1	2	2	0	0	0	0	8	0	0	0	0	0	2	0	0	0	9	0	0	0	0	0	0	0	0	0
44136	2 Apr 26	03:48:00	1	0	34	0	Ct	0	0	2	0	0	4	0	2	0	0	0	0	0	1	0	0	0	0	0	0	2	0	0	0	0	0	0	0	0	0	0	0	0	1
44137	2 Apr 26	03:49:00	1	0	34	0	Ct	0	0	2	0	1	1	0	0	1	0	0	4	0	2	3	0	0	0	2	0	1	0	0	0	0	0	0	0	0	1	0	0	0	0
44138	2 Apr 26	03:50:00	1	0	34	0	Ct	0	0	0	0	2	0	0	0	1	0	0	1	0	3	2	0	0	0	1	0	0	1	0	0	0	1	1	0	0	0	0	0	0	2
44139	2 Apr 26	03:51:00	1	0	34	0	Ct	0	0	1	0	0	0	0	2	1	3	2	0	0	1	0	0	0	0	1	0	7	0	0	1	0	3	1	0	0	0	0	0	0	1
44140	2 Apr 26	03:52:00	1	0	34	0	Ct	0	0	0	5	0	2	0	2	2	1	2	0	0	6	0	0	0	0	1	0	5	1	0	1	0	1	4	0	0	0	0	0	0	0
44141	2 Apr 26	03:53:00	1	0	34	0	Ct	0	0	0	0	1	2	0	0	6	0	0	0	0	0	0	0	0	0	0	0	4	2	0	1	0	0	3	0	0	0	0	0	0	1
44142	2 Apr 26	03:54:00	1	0	34	0	Ct	0	0	0	0	0	2	0	1	1	0	1	0	0	1	2	0	0	4	2	0	0	1	0	0	1	0	0	0	0	1	0	0	2	2
44143	2 Apr 26	03:55:00	1	0	34	0	Ct	0	0	0	2	0	0	0	0	0	0	0	0	0	1	3	0	0	0	0	0	0	0	0	1	2	0	0	0	0	1	0	0	4	0
44144	2 Apr 26	03:56:00	1	0	34	0	Ct	0	0	0	0	2	4	0	0	0	0	0	0	0	0	1	0	0	0	2	0	1	0	1	0	3	1	2	0	0	3	0	0	0	0
44145	2 Apr 26	03:57:00	1	0	34	0	Ct	0	0	4	0	0	1	0	0	0	1	0	0	1	1	0	0	0	0	2	0	0	0	0	0	1	0	5	0	0	1	0	0	2	2
44146	2 Apr 26	03:58:00	1	0	34	0	Ct	0	0	1	1	1	3	0	0	3	0	0	0	5	1	0	0	0	0	1	0	0	1	0	0	0	2	1	0	0	1	0	0	1	0
44147	2 Apr 26	03:59:00	1	0	34	0	Ct	0	0	1	3	0	2	0	0	1	3	4	0	3	1	0	0	0	0	0	0	0	5	0	0	0	0	4	0	0	3	0	0	2	0
44148	2 Apr 26	04:00:00	1	0	34	0	Ct	0	0	0	5	1	1	0	0	0	0	1	0	0	0	0	0	0	1	1	0	0	1	0	0	0	0	3	0	0	0	0	0	1	0
44149	2 Apr 26	04:01:00	1	0	34	0	Ct	0	0	3	0	0	0	0	0	2	0	2	2	0	0	0	0	0	1	1	0	0	3	0	0	0	1	1	0	0	0	0	0	0	0
44150	2 Apr 26	04:02:00	1	0	34	0	Ct	0	0	2	0	1	0	0	0	2	0	2	4	1	0	0	0	0	1	0	0	1	10	0	3	0	2	1	0	0	0	0	0	0	0
44151	2 Apr 26	04:03:00	1	0	34	0	Ct	0	0	1	2	0	5	0	0	0	0	2	1	0	0	0	0	0	1	1	0	0	0	0	0	0	0	2	0	0	0	0	0	1	0
44152	2 Apr 26	04:04:00	1	0	34	0	Ct	0	0	2	1	0	2	0	0	0	1	2	0	0	1	0	0	0	0	0	0	0	2	2	1	0	0	0	0	0	0	0	0	4	0
44153	2 Apr 26	04:05:00	1	0	34	0	Ct	0	0	1	1	0	3	0	0	0	3	2	2	6	0	2	0	0	0	0	0	0	0	1	1	0	0	2	0	0	0	0	0	0	1
44154	2 Apr 26	04:06:00	1	0	34	0	Ct	0	0	1	0	1	3	0	0	0	0	6	0	0	0	0	0	0	0	2	0	0	0	1	0	0	0	1	0	0	2	0	0	0	0
44155	2 Apr 26	04:07:00	1	0	34	0	Ct	0	0	1	0	0	0	0	0	2	0	1	0	0	0	1	0	0	0	0	0	0	3	0	0	0	0	3	0	0	1	0	0	1	0
44156	2 Apr 26	04:08:00	1	0	34	0	Ct	0	0	1	1	3	1	0	1	2	0	3	1	5	1	0	0	0	0	2	0	1	2	0	0	0	0	3	0	0	3	0	0	0	0
44157	2 Apr 26	04:09:00	1	0	34	0	Ct	0	0	0	2	0	2	0	0	0	0	0	0	0	1	0	0	0	2	1	0	1	0	0	0	0	0	3	0	0	0	0	0	0	1
44158	2 Apr 26	04:10:00	1	0	34	0	Ct	0	0	4	1	3	2	0	0	2	2	0	3	0	0	0	0	0	0	0	2	1	1	0	0	2	2	0	0	0	1	0	0	0	0
44159	2 Apr 26	04:11:00	1	0	34	0	Ct	0	0	0	0	0	2	0	1	0	11	1	0	0	0	0	0	0	0	1	1	2	0	0	1	3	0	0	0	0	0	1	0	1	1
44160	2 Apr 26	04:12:00	1	0	34	0	Ct	0	0	0	3	1	0	0	0	2	0	3	0	2	0	0	0	1	0	0	0	0	0	0	2	0	1	1	0	0	0	0	0	1	0
44161	2 Apr 26	04:13:00	1	0	34	0	Ct	0	0	0	0	4	0	0	0	3	0	2	0	0	0	0	0	2	0	1	0	0	0	0	0	0	0	1	0	0	1	1	0	0	0
44162	2 Apr 26	04:14:00	1	0	34	0	Ct	0	0	0	2	1	1	0	0	1	0	2	0	0	0	0	0	2	0	1	0	1	0	0	0	0	0	1	0	0	1	0	0	0	1
44163	2 Apr 26	04:15:00	1	0	34	0	Ct	0	0	0	0	0	3	0	0	1	0	0	0	0	0	1	0	1	0	1	0	0	0	0	0	0	0	1	0	3	0	0	0	0	0
44164	2 Apr 26	04:16:00	1	0	34	0	Ct	0	0	0	0	0	3	0	0	1	0	0	2	0	0	1	0	0	0	0	0	0	0	0	0	0	0	2	0	0	0	0	0	0	0
44165	2 Apr 26	04:17:00	1	0	34	0	Ct	0	0	0	1	0	3	0	0	1	0	0	1	1	11	0	0	0	0	1	0	0	4	0	0	2	0	2	0	0	2	0	0	0	0
44166	2 Apr 26	04:18:00	1	0	34	0	Ct	0	0	0	1	0	2	0	0	1	0	0	0	0	5	4	0	0	0	2	0	0	5	0	2	1	0	1	0	0	0	0	0	0	0
44167	2 Apr 26	04:19:00	1	0	34	0	Ct	0	0	0	0	0	0	0	0	0	0	1	0	2	1	0	0	0	0	0	0	0	0	0	1	3	3	4	0	0	0	0	0	0	0
44168	2 Apr 26	04:20:00	1	0	34	0	Ct	0	0	0	2	0	1	0	0	1	0	3	0	2	4	0	0	1	0	1	0	0	0	0	0	0	0	2	0	0	7	0	0	0	0
44169	2 Apr 26	04:21:00	1	0	34	0	Ct	0	0	0	0	0	0	0	0	4	1	0	2	3	0	0	0	2	0	1	0	0	7	1	3	6	0	4	0	0	2	0	0	0	0
44170	2 Apr 26	04:22:00	1	0	34	0	Ct	0	0	0	2	1	2	0	0	0	0	3	0	1	1	0	0	0	0	1	0	0	0	16	2	1	1	2	0	0	2	2	0	0	0
44171	2 Apr 26	04:23:00	1	0	34	0	Ct	0	0	1	0	0	2	0	0	2	2	1	0	0	1	0	1	0	1	2	0	0	0	0	3	0	0	2	2	0	1	2	0	0	0
44172	2 Apr 26	04:24:00	1	0	34	0	Ct	0	0	2	1	0	6	0	0	1	2	0	0	0	0	1	3	0	0	0	0	0	0	1	0	5	0	0	2	0	0	0	0	0	0
44173	2 Apr 26	04:25:00	1	0	34	0	Ct	0	0	0	1	4	1	0	0	1	2	2	0	0	0	4	5	0	0	1	3	0	5	1	0	0	1	2	2	0	1	0	0	0	1
44174	2 Apr 26	04:26:00	1	0	34	0	Ct	0	0	0	3	0	0	0	0	2	0	0	0	0	1	0	2	0	0	1	0	0	0	0	0	4	0	0	0	0	2	0	0	2	0
44175	2 Apr 26	04:27:00	1	0	34	0	Ct	0	0	0	1	0	2	0	0	1	0	0	0	0	3	3	0	0	0	0	0	0	5	3	1	0	1	1	0	0	3	0	0	0	0
44176	2 Apr 26	04:28:00	1	0	34	0	Ct	0	0	5	1	1	0	0	0	3	0	0	2	0	0	1	1	0	0	3	0	0	5	1	3	0	0	1	0	0	3	0	0	3	0
44177	2 Apr 26	04:29:00	1	0	34	0	Ct	0	0	0	0	1	0	0	0	1	1	0	2	0	0	3	4	0	0	0	0	0	2	3	2	1	0	3	3	0	0	0	0	2	0
44178	2 Apr 26	04:30:00	1	0	34	0	Ct	0	0	1	1	1	2	0	0	3	3	0	0	0	0	2	1	0	0	3	0	0	3	3	1	2	1	1	2	0	1	0	0	1	0
44179	2 Apr 26	04:31:00	1	0	34	0	Ct	0	0	2	0	2	1	0	0	0	0	0	1	0	0	1	8	0	0	1	0	0	0	0	0	0	0	3	6	0	2	0	0	3	2
44180	2 Apr 26	04:32:00	1	0	34	0	Ct	0	0	1	2	0	0	0	0	0	0	0	3	1	2	1	0	1	2	2	0	0	0	1	0	2	4	5	0	0	1	0	0	0	1
44181	2 Apr 26	04:33:00	1	0	34	0	Ct	0	0	1	0	1	0	0	0	0	0	2	0	5	1	0	0	5	1	2	0	0	5	0	0	0	0	5	0	0	0	0	0	0	0
44182	2 Apr 26	04:34:00	1	0	34	0	Ct	0	0	1	3	1	0	0	0	0	2	2	0	0	0	3	0	1	0	0	0	0	0	0	0	0	0	2	2	0	0	0	0	6	3
44183	2 Apr 26	04:35:00	1	0	34	0	Ct	0	0	0	0	2	0	0	2	0	3	1	0	0	1	0	6	0	0	2	0	0	5	0	0	1	1	3	0	0	0	0	0	2	0
44184	2 Apr 26	04:36:00	1	0	34	0	Ct	0	0	2	2	2	0	0	0	0	2	0	3	0	1	8	6	0	0	1	0	0	0	0	0	1	1	0	1	0	0	0	0	0	1
44185	2 Apr 26	04:37:00	1	0	34	0	Ct	0	0	0	2	0	0	0	0	0	0	0	2	0	0	0	1	2	0	1	0	0	0	2	0	1	0	3	2	3	0	0	0	2	0
44186	2 Apr 26	04:38:00	1	0	34	0	Ct	0	0	0	1	0	0	0	0	0	1	1	0	1	2	0	1	0	0	0	0	0	0	0	0	4	2	0	2	0	0	0	0	1	0
44187	2 Apr 26	04:39:00	1	0	34	0	Ct	0	0	0	1	0	0	0	0	1	2	1	0	3	12	0	1	2	0	3	0	0	2	0	1	4	1	0	0	0	5	0	0	2	0
44188	2 Apr 26	04:40:00	1	0	34	0	Ct	0	0	0	1	0	0	0	0	0	0	1	0	4	1	0	0	0	0	1	0	0	3	0	0	6	0	0	0	0	1	0	0	1	1
44189	2 Apr 26	04:41:00	1	0	34	0	Ct	0	0	1	1	3	0	0	0	0	0	0	2	3	0	0	5	0	0	0	0	0	2	2	1	4	3	0	0	2	0	0	0	0	0
44190	2 Apr 26	04:42:00	1	0	34	0	Ct	0	0	1	0	0	2	0	0	0	1	0	2	4	0	0	2	0	0	2	0	0	0	1	0	0	3	1	0	0	0	0	0	0	1
44191	2 Apr 26	04:43:00	1	0	34	0	Ct	0	0	2	2	0	4	0	1	1	0	1	3	1	0	0	0	0	0	0	0	0	0	2	0	5	0	1	0	0	6	0	0	0	0
44192	2 Apr 26	04:44:00	1	0	34	0	Ct	0	0	3	0	0	0	0	1	0	1	1	1	0	0	0	0	5	0	4	0	0	4	0	0	1	0	0	5	0	0	0	0	0	0
44193	2 Apr 26	04:45:00	1	0	34	0	Ct	0	0	4	1	1	2	0	0	0	0	0	3	2	0	1	0	1	1	2	0	2	2	0	0	2	1	0	0	0	0	0	0	0	0
44194	2 Apr 26	04:46:00	1	0	34	0	Ct	0	0	0	3	2	3	0	2	2	0	0	2	0	0	1	0	1	1	0	0	2	0	0	0	3	3	1	0	1	7	0	0	0	0
44195	2 Apr 26	04:47:00	1	0	34	0	Ct	0	0	1	1	1	0	0	0	0	0	0	3	0	4	0	0	2	0	3	0	0	4	0	0	4	0	0	0	2	4	0	0	0	0
44196	2 Apr 26	04:48:00	1	0	34	0	Ct	0	0	1	0	2	0	0	10	0	0	6	0	0	1	2	1	0	7	3	0	0	0	0	0	0	0	3	1	4	2	0	0	0	0
44197	2 Apr 26	04:49:00	1	0	34	0	Ct	0	0	1	7	2	0	0	2	0	0	4	1	3	1	0	3	1	2	3	0	0	1	0	0	2	1	1	0	0	1	0	0	0	0
44198	2 Apr 26	04:50:00	1	0	34	0	Ct	0	0	4	1	0	0	0	2	0	0	4	0	0	0	0	0	0	0	1	1	0	0	0	1	1	0	0	8	0	0	3	0	0	0
44199	2 Apr 26	04:51:00	1	0	34	0	Ct	0	0	0	0	0	0	0	2	3	0	0	2	0	0	1	0	0	0	0	0	0	0	0	0	3	1	2	0	0	3	0	0	0	0
44200	2 Apr 26	04:52:00	1	0	34	0	Ct	0	0	0	2	6	0	0	1	0	0	0	0	1	0	0	0	0	0	0	0	0	1	1	0	3	0	0	0	1	0	0	0	0	0
44201	2 Apr 26	04:53:00	1	0	34	0	Ct	0	0	1	1	5	0	0	1	0	0	0	1	0	0	1	0	4	0	1	0	0	1	1	0	2	0	0	2	3	1	0	0	0	0
44202	2 Apr 26	04:54:00	1	0	34	0	Ct	0	0	6	1	1	0	0	0	0	0	2	1	0	0	1	0	1	0	2	1	1	7	0	0	2	0	1	0	27	4	0	0	1	0
44203	2 Apr 26	04:55:00	1	0	34	0	Ct	0	0	1	2	0	0	0	1	0	0	5	0	0	0	0	0	2	0	1	0	0	0	0	0	3	0	1	0	3	5	0	0	1	0
44204	2 Apr 26	04:56:00	1	0	34	0	Ct	0	0	0	1	0	0	0	1	2	0	1	0	0	0	1	2	0	0	2	0	0	0	0	0	3	0	1	0	1	1	0	0	3	0
44205	2 Apr 26	04:57:00	1	0	34	0	Ct	0	0	0	1	0	0	0	0	0	0	2	0	0	0	2	1	4	0	3	5	0	0	0	0	1	0	3	0	2	2	0	0	2	0
44206	2 Apr 26	04:58:00	1	0	34	0	Ct	0	0	0	0	0	0	0	0	0	0	2	0	0	2	0	0	2	0	2	0	0	0	2	0	6	0	1	0	0	0	0	0	2	1
44207	2 Apr 26	04:59:00	1	0	34	0	Ct	0	0	0	0	0	0	0	0	2	0	0	1	0	3	0	0	0	0	3	0	0	0	3	1	2	2	0	0	0	0	0	0	2	0
44208	2 Apr 26	05:00:00	1	0	34	0	Ct	0	0	0	3	2	0	0	0	0	0	1	1	0	0	0	0	2	0	3	0	0	0	0	0	1	0	1	0	0	0	0	0	2	2
44209	2 Apr 26	05:01:00	1	0	34	0	Ct	0	0	0	2	1	0	0	0	0	0	3	0	0	0	0	0	0	0	0	0	0	5	1	0	3	1	2	0	0	0	0	0	5	3
44210	2 Apr 26	05:02:00	1	0	34	0	Ct	0	0	0	1	3	0	0	0	2	0	2	0	0	1	0	0	0	0	1	0	0	1	1	0	2	0	1	0	0	1	0	0	2	0
44211	2 Apr 26	05:03:00	1	0	34	0	Ct	0	0	5	1	0	0	0	0	0	0	5	0	0	2	0	0	0	0	2	0	0	4	0	0	2	1	1	0	0	4	0	0	3	0
44212	2 Apr 26	05:04:00	1	0	34	0	Ct	0	0	4	2	1	0	0	0	0	0	2	13	0	3	4	0	0	0	1	0	0	0	0	0	6	2	3	0	0	4	0	0	1	0
44213	2 Apr 26	05:05:00	1	0	34	0	Ct	0	0	0	3	1	0	0	0	0	0	1	2	3	0	0	0	0	0	1	0	1	0	0	1	3	1	6	0	1	0	0	0	14	0
44214	2 Apr 26	05:06:00	1	0	34	0	Ct	0	0	2	1	1	0	0	0	0	0	0	4	0	4	2	0	3	2	2	0	2	0	0	0	2	2	2	0	2	0	0	0	0	4
44215	2 Apr 26	05:07:00	1	0	34	0	Ct	0	0	0	2	0	0	0	0	0	0	0	4	0	2	0	0	5	0	0	0	0	3	0	0	2	0	1	0	1	2	0	0	2	2
44216	2 Apr 26	05:08:00	1	0	34	0	Ct	0	0	0	0	0	0	0	0	0	0	2	2	0	0	0	0	3	0	0	0	0	4	3	0	3	0	3	0	0	0	3	0	3	13
44217	2 Apr 26	05:09:00	1	0	34	0	Ct	0	0	0	1	1	0	0	0	0	0	1	1	1	1	1	0	0	0	1	0	0	0	1	0	3	0	1	0	0	2	0	0	0	1
44218	2 Apr 26	05:10:00	1	0	34	0	Ct	0	0	2	0	1	2	0	1	0	4	1	0	0	0	0	2	2	0	0	1	0	1	1	0	6	0	4	0	0	3	0	0	0	0
44219	2 Apr 26	05:11:00	1	0	34	0	Ct	0	0	0	1	0	4	0	1	0	0	3	2	0	0	0	0	2	0	3	0	0	2	0	0	9	0	2	0	0	2	0	0	0	0
44220	2 Apr 26	05:12:00	1	0	34	0	Ct	0	0	1	0	2	0	0	0	0	0	0	0	0	0	3	0	4	0	0	0	0	0	0	0	2	0	4	0	0	1	0	0	5	0
44221	2 Apr 26	05:13:00	1	0	34	0	Ct	0	0	1	2	1	0	0	0	0	1	4	4	0	0	0	2	0	0	1	2	0	2	0	0	3	1	0	0	0	1	0	0	1	0
44222	2 Apr 26	05:14:00	1	0	34	0	Ct	0	0	4	0	0	0	0	0	0	0	1	1	0	0	0	6	0	1	0	0	0	0	0	0	0	0	0	0	0	1	0	0	3	0
44223	2 Apr 26	05:15:00	1	0	34	0	Ct	0	0	3	0	2	0	0	0	1	0	0	0	2	2	0	0	0	0	2	1	0	3	0	0	3	0	3	0	0	1	0	0	3	0
44224	2 Apr 26	05:16:00	1	0	34	0	Ct	0	0	0	1	0	2	0	0	0	3	0	0	3	2	0	1	0	0	0	5	0	1	0	0	4	1	2	0	0	1	0	0	3	0
44225	2 Apr 26	05:17:00	1	0	34	0	Ct	0	0	0	1	0	6	0	0	1	0	2	1	0	0	0	0	0	0	0	2	0	6	0	1	2	0	1	0	0	5	0	0	0	0
44226	2 Apr 26	05:18:00	1	0	34	0	Ct	0	0	0	1	1	2	0	0	2	0	4	3	0	2	0	0	0	0	0	10	0	8	1	2	7	1	3	0	0	4	0	0	0	0
44227	2 Apr 26	05:19:00	1	0	34	0	Ct	0	0	0	1	0	3	0	0	1	0	2	0	2	1	3	0	0	0	1	0	0	0	1	1	2	1	1	0	0	0	0	0	3	0
44228	2 Apr 26	05:20:00	1	0	34	0	Ct	0	0	0	2	2	0	0	0	0	0	0	1	0	0	1	0	0	0	3	1	0	0	0	0	2	0	0	0	0	0	0	0	1	0
44229	2 Apr 26	05:21:00	1	0	34	0	Ct	0	0	0	1	5	5	0	0	3	0	0	2	0	0	7	6	0	0	0	0	0	1	1	1	1	0	1	0	0	0	0	0	2	0
44230	2 Apr 26	05:22:00	1	0	34	0	Ct	0	0	0	2	1	1	0	0	2	0	0	1	0	0	0	0	0	0	1	1	0	1	1	0	8	0	1	0	0	1	0	0	2	0
44231	2 Apr 26	05:23:00	1	0	34	0	Ct	0	0	0	0	0	0	0	0	0	6	1	1	2	0	0	0	0	0	1	3	0	2	0	3	3	1	1	0	0	1	0	0	1	0
44232	2 Apr 26	05:24:00	1	0	34	0	Ct	0	0	5	0	0	0	0	3	0	2	1	1	0	0	1	0	0	0	1	0	0	2	0	2	2	2	1	0	0	0	0	0	3	0
44233	2 Apr 26	05:25:00	1	0	34	0	Ct	0	0	2	0	0	1	0	1	0	0	0	0	0	2	3	0	0	0	3	0	0	0	0	1	3	5	0	0	0	1	0	0	2	0
44234	2 Apr 26	05:26:00	1	0	34	0	Ct	0	0	2	0	0	1	0	2	1	0	0	0	1	0	3	0	0	0	1	0	0	1	0	1	1	0	2	0	0	2	0	0	0	0
44235	2 Apr 26	05:27:00	1	0	34	0	Ct	0	0	0	3	0	0	0	0	0	0	0	0	0	0	0	0	0	2	0	0	0	1	0	0	2	6	1	0	0	0	0	0	0	0
44236	2 Apr 26	05:28:00	1	0	34	0	Ct	0	0	0	2	1	0	0	2	3	0	1	2	4	0	3	0	0	0	1	0	0	0	0	0	4	0	0	0	0	0	0	0	2	0
44237	2 Apr 26	05:29:00	1	0	34	0	Ct	0	0	0	0	1	0	0	2	14	0	4	2	2	0	1	0	0	0	2	0	0	0	0	0	2	0	1	0	0	1	0	0	1	0
44238	2 Apr 26	05:30:00	1	0	34	0	Ct	0	0	0	2	2	0	0	4	0	0	1	1	0	0	2	0	0	1	1	0	0	1	0	0	4	3	5	0	0	0	0	0	3	0
44239	2 Apr 26	05:31:00	1	0	34	0	Ct	0	0	0	2	0	0	0	0	0	0	1	0	1	0	0	0	0	2	1	0	0	1	0	0	3	0	0	0	1	0	0	0	0	2
44240	2 Apr 26	05:32:00	1	0	34	0	Ct	0	0	0	0	0	0	0	2	0	0	1	1	1	0	0	0	0	2	2	0	0	0	0	2	3	0	1	1	0	0	0	0	3	0
44241	2 Apr 26	05:33:00	1	0	34	0	Ct	0	0	0	0	0	0	0	0	7	1	1	1	1	0	0	0	0	2	0	1	0	5	0	3	3	0	1	0	1	1	0	0	0	2
44242	2 Apr 26	05:34:00	1	0	34	0	Ct	0	0	0	1	3	0	0	3	9	0	0	1	0	2	3	0	0	1	0	0	4	2	0	3	2	0	0	0	0	1	0	0	0	0
44243	2 Apr 26	05:35:00	1	0	34	0	Ct	0	0	0	1	0	0	0	1	0	0	1	0	3	0	0	0	0	1	0	0	0	0	0	0	4	0	1	0	0	0	0	0	0	2
44244	2 Apr 26	05:36:00	1	0	34	0	Ct	0	0	0	1	0	0	0	2	2	1	0	0	1	0	0	0	0	2	1	0	0	0	0	0	0	2	2	0	0	2	0	0	0	0
44245	2 Apr 26	05:37:00	1	0	34	0	Ct	0	0	2	0	0	2	0	0	0	0	0	3	2	0	0	0	0	0	0	5	0	2	0	0	4	0	0	0	0	6	0	0	1	0
44246	2 Apr 26	05:38:00	1	0	34	0	Ct	0	0	3	0	0	8	0	2	2	0	1	0	0	0	0	0	0	0	0	3	0	4	1	2	2	0	0	0	0	0	0	0	3	0
44247	2 Apr 26	05:39:00	1	0	34	0	Ct	0	0	1	0	1	4	0	2	3	0	0	0	0	0	0	0	1	1	1	9	0	1	0	0	3	0	0	0	0	0	0	0	3	0
44248	2 Apr 26	05:40:00	1	0	34	0	Ct	0	0	0	3	1	4	0	2	2	1	0	0	5	0	0	0	0	2	1	1	0	6	1	2	1	0	1	0	0	0	0	0	1	0
44249	2 Apr 26	05:41:00	1	0	34	0	Ct	0	0	0	2	0	2	0	1	0	0	0	0	0	0	0	0	0	0	0	3	0	0	0	1	2	1	4	0	0	0	0	0	0	0
44250	2 Apr 26	05:42:00	1	0	34	0	Ct	0	0	0	0	1	4	0	0	0	0	5	0	0	0	0	0	0	1	4	0	1	0	0	0	1	2	4	1	0	1	0	0	0	0
44251	2 Apr 26	05:43:00	1	0	34	0	Ct	0	0	1	1	2	3	0	3	0	2	0	1	0	1	0	0	0	0	0	0	0	0	0	2	1	1	2	0	0	0	0	0	2	0
44252	2 Apr 26	05:44:00	1	0	34	0	Ct	0	0	8	2	0	0	0	1	3	1	3	1	0	1	1	0	1	0	5	0	1	0	5	3	2	0	1	1	0	1	0	0	1	0
44253	2 Apr 26	05:45:00	1	0	34	0	Ct	0	0	0	1	2	2	0	0	0	0	1	4	0	0	4	0	2	0	1	0	1	2	1	2	4	2	2	5	0	0	0	0	2	0
44254	2 Apr 26	05:46:00	1	0	34	0	Ct	0	0	0	0	1	3	0	3	0	4	0	1	3	3	0	0	1	2	0	0	0	4	0	2	0	1	1	0	1	1	0	0	1	0
44255	2 Apr 26	05:47:00	1	0	34	0	Ct	0	0	1	1	2	1	0	1	0	0	1	1	0	1	3	0	2	1	1	1	0	0	0	2	2	1	2	0	0	0	0	0	0	0
44256	2 Apr 26	05:48:00	1	0	34	0	Ct	0	0	4	5	0	0	0	2	0	2	4	0	0	0	3	0	0	0	8	5	0	0	1	2	3	1	2	0	0	3	0	0	0	0
44257	2 Apr 26	05:49:00	1	0	34	0	Ct	0	0	0	0	0	5	0	0	2	0	1	0	0	0	0	2	0	0	1	2	0	4	0	4	5	1	0	0	0	0	0	0	0	0
44258	2 Apr 26	05:50:00	1	0	34	0	Ct	0	0	0	0	0	0	0	1	0	0	0	3	0	1	4	0	3	1	0	0	2	0	2	1	4	0	0	0	1	1	0	0	1	0
44259	2 Apr 26	05:51:00	1	0	34	0	Ct	0	0	1	0	0	1	0	3	0	3	0	4	0	1	6	0	2	1	2	0	0	3	0	2	1	1	2	1	0	0	0	0	2	0
44260	2 Apr 26	05:52:00	1	0	34	0	Ct	0	0	0	0	0	0	0	1	0	0	0	1	0	0	2	0	1	0	1	0	0	14	1	3	4	0	1	0	0	2	0	0	7	0
44261	2 Apr 26	05:53:00	1	0	34	0	Ct	0	0	2	0	1	0	0	1	0	2	0	2	0	1	0	0	0	2	4	0	0	0	4	1	3	0	0	0	2	1	0	0	3	0
44262	2 Apr 26	05:54:00	1	0	34	0	Ct	0	0	1	2	1	0	0	2	0	0	0	0	0	0	0	1	0	3	0	0	0	0	0	0	2	1	0	0	0	0	0	0	2	1
44263	2 Apr 26	05:55:00	1	0	34	0	Ct	0	0	1	2	0	2	0	1	0	0	1	0	0	2	3	0	0	3	0	0	0	0	0	1	3	0	0	1	0	0	0	0	3	1
44264	2 Apr 26	05:56:00	1	0	34	0	Ct	0	0	3	1	2	4	0	1	0	3	2	0	0	0	1	0	3	3	1	2	0	0	2	1	3	0	0	0	0	0	0	0	4	2
44265	2 Apr 26	05:57:00	1	0	34	0	Ct	0	0	1	1	0	2	0	1	0	2	0	0	1	0	1	0	2	1	1	0	2	3	1	0	5	1	1	2	0	0	1	0	2	0
44266	2 Apr 26	05:58:00	1	0	34	0	Ct	0	0	0	1	1	0	0	1	1	0	1	0	1	0	4	0	5	0	0	0	0	0	0	2	3	0	0	0	0	1	4	0	0	1
44267	2 Apr 26	05:59:00	1	0	34	0	Ct	0	0	1	1	1	0	0	0	0	0	0	5	0	0	0	0	0	0	0	0	3	0	0	2	3	0	1	0	0	3	3	0	1	1
44268	2 Apr 26	06:00:00	1	0	34	0	Ct	0	0	0	2	0	1	0	0	0	0	2	0	0	0	4	0	0	0	1	2	0	2	3	0	3	0	1	0	0	2	0	0	3	0
44269	2 Apr 26	06:01:00	1	0	34	0	Ct	0	0	0	1	0	6	0	0	1	3	2	0	1	1	4	0	1	0	0	0	0	0	0	2	2	1	1	1	0	0	0	0	2	0
44270	2 Apr 26	06:02:00	1	0	34	0	Ct	0	0	1	1	0	0	0	0	0	0	3	4	6	3	1	0	2	0	2	0	0	3	0	2	2	1	2	1	0	1	2	0	4	0
44271	2 Apr 26	06:03:00	1	0	34	0	Ct	0	0	2	1	1	0	0	2	0	1	0	0	0	0	7	0	1	2	2	0	0	0	0	0	6	0	14	3	0	0	2	0	0	2
44272	2 Apr 26	06:04:00	1	0	34	0	Ct	0	0	2	3	2	3	0	1	0	1	1	0	0	0	7	1	6	1	1	0	0	10	0	0	2	0	0	0	0	1	1	0	2	0
44273	2 Apr 26	06:05:00	1	0	34	0	Ct	0	0	4	1	0	1	0	2	4	0	0	0	0	2	0	0	0	0	1	1	0	3	0	1	3	0	0	1	0	0	3	0	6	0
44274	2 Apr 26	06:06:00	1	0	34	0	Ct	0	0	3	1	2	2	0	0	2	3	2	0	0	1	1	5	0	3	0	1	0	0	0	2	2	3	2	0	0	0	1	0	2	0
44275	2 Apr 26	06:07:00	1	0	34	0	Ct	0	0	0	3	2	3	0	3	3	2	0	1	0	0	1	2	0	0	0	0	0	1	0	1	6	0	2	0	0	1	0	0	1	0
44276	2 Apr 26	06:08:00	1	0	34	0	Ct	0	0	1	4	3	3	0	1	8	0	0	1	0	4	0	0	3	1	3	0	1	0	1	0	3	1	1	0	0	2	0	0	2	0
44277	2 Apr 26	06:09:00	1	0	34	0	Ct	0	0	0	1	0	1	0	3	0	1	4	0	0	0	0	0	0	1	0	0	1	0	0	3	4	1	0	0	0	0	0	0	1	0
44278	2 Apr 26	06:10:00	1	0	34	0	Ct	0	0	0	1	1	1	0	2	0	0	1	1	3	0	0	0	0	0	0	0	0	0	0	0	2	0	1	4	0	3	0	0	4	1
44279	2 Apr 26	06:11:00	1	0	34	0	Ct	0	0	0	2	1	3	0	1	0	0	0	0	1	0	3	0	0	1	0	0	2	2	2	1	2	0	0	0	0	1	0	0	1	1
44280	2 Apr 26	06:12:00	1	0	34	0	Ct	0	0	0	1	0	4	0	1	0	1	0	3	1	0	1	0	4	3	1	0	1	1	0	0	0	0	0	1	0	2	0	0	0	2
44281	2 Apr 26	06:13:00	1	0	34	0	Ct	0	0	0	2	0	2	0	1	1	1	2	2	1	0	3	0	0	4	2	0	2	0	0	2	2	1	2	0	0	0	0	0	1	2
44282	2 Apr 26	06:14:00	1	0	34	0	Ct	0	0	0	1	0	6	0	2	4	0	3	0	1	2	0	0	0	1	2	0	0	0	2	2	4	1	0	2	0	1	0	0	1	4
44283	2 Apr 26	06:15:00	1	0	34	0	Ct	0	0	0	0	0	2	0	1	0	2	1	0	1	2	0	0	0	0	1	0	0	7	0	2	3	0	1	2	0	0	0	0	0	1
44284	2 Apr 26	06:16:00	1	0	34	0	Ct	0	0	0	0	0	3	0	1	5	3	1	0	0	0	0	0	1	3	3	1	0	0	1	0	2	0	1	1	0	0	0	0	2	4
44285	2 Apr 26	06:17:00	1	0	34	0	Ct	0	0	0	1	0	0	0	3	1	1	2	1	0	1	0	0	3	1	0	2	0	0	0	1	3	1	2	1	0	1	0	0	3	0
44286	2 Apr 26	06:18:00	1	0	34	0	Ct	0	0	0	3	0	0	0	2	1	0	1	1	0	1	0	0	0	2	0	5	0	0	0	1	2	1	0	1	0	0	0	0	1	0
44287	2 Apr 26	06:19:00	1	0	34	0	Ct	0	0	0	0	0	0	0	0	0	0	0	3	0	3	0	0	0	2	1	0	0	0	1	0	3	2	0	3	0	4	0	0	4	3
44288	2 Apr 26	06:20:00	1	0	34	0	Ct	0	0	0	1	0	0	0	0	2	0	0	1	0	3	0	1	0	0	2	1	0	0	0	0	1	1	3	0	0	2	0	0	1	0
44289	2 Apr 26	06:21:00	1	0	34	0	Ct	0	0	0	1	0	0	0	0	0	0	1	1	4	2	0	0	0	6	2	0	0	0	0	3	3	1	1	1	0	0	0	0	1	0
44290	2 Apr 26	06:22:00	1	0	34	0	Ct	0	0	0	0	0	7	0	0	1	0	2	0	11	0	0	3	0	1	0	0	0	0	0	1	3	1	0	3	3	0	0	0	1	2
44291	2 Apr 26	06:23:00	1	0	34	0	Ct	0	0	4	0	0	0	0	0	0	0	2	0	2	1	4	0	3	0	3	0	1	0	0	0	19	1	0	9	0	1	0	0	0	0
44292	2 Apr 26	06:24:00	1	0	34	0	Ct	0	0	0	1	0	0	0	2	2	1	0	0	4	0	0	0	0	1	5	0	0	1	0	1	3	0	1	3	0	1	0	0	1	1
44293	2 Apr 26	06:25:00	1	0	34	0	Ct	0	0	0	3	0	0	0	2	0	0	0	0	1	0	1	0	0	5	1	1	1	0	0	1	1	0	1	0	0	0	0	0	3	1
44294	2 Apr 26	06:26:00	1	0	34	0	Ct	0	0	0	1	0	0	0	2	1	2	3	0	1	1	0	0	0	0	1	0	2	0	0	3	4	0	4	2	1	0	0	0	6	0
44295	2 Apr 26	06:27:00	1	0	34	0	Ct	0	0	0	0	2	0	0	4	0	0	2	1	0	0	3	0	0	0	2	0	2	0	0	0	2	0	4	2	0	0	0	0	0	2
44296	2 Apr 26	06:28:00	1	0	34	0	Ct	0	0	0	3	1	0	0	1	0	0	0	0	2	0	0	0	0	1	3	0	1	0	0	6	1	0	2	0	1	2	0	0	3	0
44297	2 Apr 26	06:29:00	1	0	34	0	Ct	0	0	0	1	2	0	0	1	2	0	3	2	0	1	0	0	4	0	3	0	2	0	0	2	2	1	0	0	0	1	0	0	5	1
44298	2 Apr 26	06:30:00	1	0	34	0	Ct	0	0	0	1	2	0	0	0	4	0	1	0	3	0	0	0	0	3	1	1	4	0	1	0	2	0	3	1	0	0	0	0	0	1
44299	2 Apr 26	06:31:00	1	0	34	0	Ct	0	0	1	1	3	0	0	1	0	1	0	2	2	0	0	0	0	3	2	2	4	0	0	0	2	0	5	2	0	1	0	0	3	6
44300	2 Apr 26	06:32:00	1	0	34	0	Ct	0	0	1	1	3	3	0	0	0	0	0	6	0	0	0	0	0	0	0	1	0	3	0	2	3	0	3	0	0	0	0	0	0	1
44301	2 Apr 26	06:33:00	1	0	34	0	Ct	0	0	3	0	0	2	0	0	3	0	5	1	2	1	5	0	0	1	1	0	0	3	0	0	7	5	2	0	0	0	0	0	0	1
44302	2 Apr 26	06:34:00	1	0	34	0	Ct	0	0	1	1	0	1	0	0	9	1	0	0	0	0	3	2	0	2	0	0	1	2	1	2	1	0	1	0	0	3	0	0	5	1
44303	2 Apr 26	06:35:00	1	0	34	0	Ct	0	0	2	1	1	2	0	0	3	1	0	0	0	0	0	2	1	2	0	2	1	0	2	0	5	1	0	0	0	3	0	0	0	0
44304	2 Apr 26	06:36:00	1	0	34	0	Ct	0	0	0	1	1	0	0	0	1	0	2	2	0	0	2	3	1	0	4	0	4	0	0	2	2	0	2	0	0	1	0	0	0	0
44305	2 Apr 26	06:37:00	1	0	34	0	Ct	0	0	0	2	0	0	0	2	2	1	3	3	0	2	0	2	0	1	2	0	0	2	0	2	2	1	1	0	0	1	0	0	0	0
44306	2 Apr 26	06:38:00	1	0	34	0	Ct	0	0	0	0	0	1	0	1	3	2	2	2	2	1	1	1	2	2	3	0	0	1	1	2	2	0	1	0	2	0	0	0	4	2
44307	2 Apr 26	06:39:00	1	0	34	0	Ct	0	0	0	1	0	2	0	0	0	0	1	4	0	0	3	4	1	4	0	0	1	4	1	2	3	1	0	0	0	0	0	0	0	0
44308	2 Apr 26	06:40:00	1	0	34	0	Ct	0	0	0	2	0	2	0	0	0	0	0	3	0	1	2	9	0	0	1	0	0	0	1	2	1	2	1	0	1	1	0	0	0	0
44309	2 Apr 26	06:41:00	1	0	34	0	Ct	0	0	1	2	1	4	0	1	0	0	1	1	0	0	1	4	1	0	0	0	0	5	0	1	5	1	5	0	0	2	0	0	0	0
44310	2 Apr 26	06:42:00	1	0	34	0	Ct	0	0	0	1	0	5	0	1	0	0	1	1	0	1	0	0	2	1	2	0	0	2	1	3	2	0	1	0	0	0	0	0	0	0
44311	2 Apr 26	06:43:00	1	0	34	0	Ct	0	0	0	1	0	1	0	8	2	0	4	2	0	0	0	0	1	3	0	0	0	4	2	1	2	0	1	0	1	0	0	0	0	0
44312	2 Apr 26	06:44:00	1	0	34	0	Ct	0	0	1	1	0	1	0	3	0	1	2	3	0	0	1	0	2	1	0	0	1	4	1	3	0	0	0	0	6	0	0	0	0	0
44313	2 Apr 26	06:45:00	1	0	34	0	Ct	0	0	1	1	3	2	0	0	1	0	2	0	0	0	1	0	0	0	0	0	2	0	2	0	1	0	4	0	2	0	0	0	0	0
44314	2 Apr 26	06:46:00	1	0	34	0	Ct	0	0	1	0	2	2	0	0	1	0	2	0	0	2	0	5	2	0	2	0	2	0	0	0	3	1	1	0	0	0	0	0	0	0
44315	2 Apr 26	06:47:00	1	0	34	0	Ct	0	0	1	0	0	4	0	1	0	0	2	0	0	2	1	3	0	0	2	0	0	3	1	1	2	1	2	0	0	0	0	0	3	2
44316	2 Apr 26	06:48:00	1	0	34	0	Ct	0	0	0	1	0	1	0	0	0	1	1	0	0	3	2	4	1	3	0	0	0	2	0	1	2	0	2	0	0	1	0	0	1	1
44317	2 Apr 26	06:49:00	1	0	34	0	Ct	0	0	1	3	1	0	0	2	4	1	0	0	4	0	0	5	0	1	1	2	0	1	0	1	2	3	1	0	0	1	0	0	0	0
44318	2 Apr 26	06:50:00	1	0	34	0	Ct	0	0	2	3	7	2	0	1	3	1	1	0	10	1	3	5	0	3	6	9	0	1	0	1	2	0	1	0	0	0	0	0	0	0
44319	2 Apr 26	06:51:00	1	0	34	0	Ct	0	0	0	2	0	0	0	0	0	0	0	0	3	1	2	0	0	3	1	0	1	1	0	0	3	0	4	0	0	1	0	0	1	2
44320	2 Apr 26	06:52:00	1	0	34	0	Ct	0	0	1	1	3	3	0	0	5	1	2	1	1	0	4	0	0	0	0	1	1	2	1	1	2	0	2	0	0	1	0	0	3	2
44321	2 Apr 26	06:53:00	1	0	34	0	Ct	0	0	0	1	1	1	0	2	3	0	1	0	2	2	4	0	0	0	1	0	1	1	0	1	3	1	0	0	3	0	0	0	0	0
44322	2 Apr 26	06:54:00	1	0	34	0	Ct	0	0	0	0	1	1	0	2	1	0	1	0	2	0	4	0	0	1	1	0	0	0	0	1	1	1	3	1	1	0	0	0	4	1
44323	2 Apr 26	06:55:00	1	0	34	0	Ct	0	0	0	2	1	6	0	1	1	1	1	2	1	0	3	0	0	0	0	0	0	2	1	2	3	1	4	0	2	0	0	0	7	2
44324	2 Apr 26	06:56:00	1	0	34	0	Ct	0	0	0	0	0	2	0	2	0	0	0	0	0	0	1	0	1	2	1	0	0	0	0	1	1	1	0	3	2	0	0	0	0	2
44325	2 Apr 26	06:57:00	1	0	34	0	Ct	0	0	3	1	0	4	0	2	0	0	2	0	0	1	2	0	2	1	1	1	0	0	2	1	2	2	0	0	3	1	0	0	1	2
44326	2 Apr 26	06:58:00	1	0	34	0	Ct	0	0	2	1	0	1	0	0	0	0	0	1	0	1	2	0	0	0	1	0	0	3	1	1	4	1	0	0	0	1	0	0	2	2
44327	2 Apr 26	06:59:00	1	0	34	0	Ct	0	0	0	0	0	2	0	1	0	0	0	0	1	3	0	0	0	2	0	0	0	5	1	3	4	0	0	0	0	0	0	0	2	1
44328	2 Apr 26	07:00:00	1	0	34	0	Ct	0	0	2	1	0	3	0	1	3	0	0	0	3	0	2	0	0	1	1	0	0	0	3	2	2	1	1	0	0	0	0	0	1	0
44329	2 Apr 26	07:01:00	1	0	34	0	Ct	0	0	2	1	0	1	0	1	1	0	0	1	0	0	3	0	0	1	2	0	0	5	0	0	5	0	2	2	1	2	0	0	0	1
44330	2 Apr 26	07:02:00	1	0	34	0	Ct	0	0	0	1	1	1	0	1	0	1	0	0	2	0	2	0	0	3	2	5	1	2	0	1	4	1	3	7	0	0	0	0	0	2
44331	2 Apr 26	07:03:00	1	0	34	0	Ct	0	0	0	2	0	3	0	0	2	0	3	0	0	0	1	0	0	4	0	0	0	1	0	3	3	0	3	0	1	0	0	0	1	0
44332	2 Apr 26	07:04:00	1	0	34	0	Ct	0	0	3	2	1	1	0	0	2	1	3	0	0	1	0	0	0	1	4	0	0	2	1	4	1	1	0	1	1	0	0	0	1	1
44333	2 Apr 26	07:05:00	1	0	34	0	Ct	0	0	1	4	0	0	0	0	8	1	1	0	3	0	2	0	0	1	0	0	0	2	0	1	7	1	1	3	1	0	0	0	2	2
44334	2 Apr 26	07:06:00	1	0	34	0	Ct	0	0	3	0	0	1	0	0	1	2	2	1	9	0	2	1	0	0	1	1	0	0	0	3	3	0	0	8	0	0	0	0	0	1
44335	2 Apr 26	07:07:00	1	0	34	0	Ct	0	0	2	0	1	2	0	0	3	0	3	1	8	1	2	7	3	4	0	1	2	4	0	1	2	2	0	4	0	3	0	0	1	1
44336	2 Apr 26	07:08:00	1	0	34	0	Ct	0	0	2	6	0	0	0	1	2	0	2	0	10	0	3	0	0	1	1	0	0	1	1	2	0	4	0	1	0	0	0	0	2	1
44337	2 Apr 26	07:09:00	1	0	34	0	Ct	0	0	0	5	0	1	0	2	1	0	0	0	2	1	2	0	0	0	2	4	3	0	1	5	4	1	0	1	0	0	0	0	2	0
44338	2 Apr 26	07:10:00	1	0	34	0	Ct	0	0	3	0	3	8	0	1	1	1	2	0	4	0	3	0	1	0	0	3	2	0	0	2	4	2	1	0	1	0	0	0	4	1
44339	2 Apr 26	07:11:00	1	0	34	0	Ct	0	0	1	3	0	2	0	2	1	0	3	1	5	0	0	0	0	3	1	0	0	0	0	1	2	2	1	0	2	0	0	0	4	1
44340	2 Apr 26	07:12:00	1	0	34	0	Ct	0	0	0	3	1	0	0	1	1	0	0	0	0	1	4	0	0	3	1	0	0	1	0	2	2	1	1	0	0	1	0	0	0	0
44341	2 Apr 26	07:13:00	1	0	34	0	Ct	0	0	0	3	0	0	0	2	2	0	0	0	0	0	4	0	0	0	2	0	0	0	0	0	2	0	1	0	2	0	0	0	2	1
44342	2 Apr 26	07:14:00	1	0	34	0	Ct	0	0	2	0	0	0	0	0	5	1	1	2	0	1	0	2	0	1	1	0	0	1	0	2	1	0	0	0	0	6	0	0	3	1
44343	2 Apr 26	07:15:00	1	0	34	0	Ct	0	0	2	3	5	0	0	3	1	0	4	0	0	1	0	0	3	2	1	1	2	0	0	2	1	1	0	0	3	0	0	0	2	6
44344	2 Apr 26	07:16:00	1	0	34	0	Ct	0	0	0	1	0	0	0	3	2	4	1	1	0	2	3	0	2	2	2	2	1	1	1	1	3	2	0	0	2	0	0	0	2	0
44345	2 Apr 26	07:17:00	1	0	34	0	Ct	0	0	1	4	0	0	0	2	1	4	2	0	0	0	3	4	1	0	1	0	2	1	0	1	1	0	1	0	1	0	0	0	3	0
44346	2 Apr 26	07:18:00	1	0	34	0	Ct	0	0	2	3	1	0	0	2	2	14	1	1	0	4	2	1	0	0	0	2	0	1	0	2	0	1	4	0	0	0	0	0	1	1
44347	2 Apr 26	07:19:00	1	0	34	0	Ct	0	0	2	0	2	0	0	1	2	0	1	0	0	0	2	0	0	0	3	1	0	1	0	4	1	0	0	0	0	0	0	0	1	0
44348	2 Apr 26	07:20:00	1	0	34	0	Ct	0	0	0	1	0	0	0	2	1	0	1	0	0	0	1	0	0	3	0	2	0	4	1	1	0	2	0	0	0	0	0	0	1	2
44349	2 Apr 26	07:21:00	1	0	34	0	Ct	0	0	0	1	0	0	0	1	3	0	0	0	11	0	1	1	3	0	1	0	1	1	1	1	4	1	0	0	0	1	0	0	2	0
44350	2 Apr 26	07:22:00	1	0	34	0	Ct	0	0	1	0	0	0	0	1	0	0	1	3	2	1	2	2	0	0	2	1	0	3	1	0	1	0	0	0	0	0	0	0	0	3
44351	2 Apr 26	07:23:00	1	0	34	0	Ct	0	0	1	0	0	0	0	1	0	0	2	2	0	1	5	0	0	2	0	1	0	3	2	0	2	0	1	0	0	2	0	0	1	1
44352	2 Apr 26	07:24:00	1	0	34	0	Ct	0	0	1	1	2	0	0	0	2	1	1	2	0	1	2	0	1	0	1	3	1	2	0	1	2	0	2	0	1	0	2	0	1	3
44353	2 Apr 26	07:25:00	1	0	34	0	Ct	0	0	1	5	3	0	0	1	1	1	2	0	0	0	1	0	1	1	1	0	4	0	0	1	1	1	1	0	0	0	0	0	1	1
44354	2 Apr 26	07:26:00	1	0	34	0	Ct	0	0	2	0	1	0	0	1	2	1	1	1	0	1	2	0	1	0	1	0	1	0	0	2	2	1	0	2	1	0	0	0	2	4
44355	2 Apr 26	07:27:00	1	0	34	0	Ct	0	0	0	16	4	0	0	2	1	0	2	0	0	1	1	0	0	3	1	4	2	0	0	3	0	0	0	0	1	1	10	0	3	2
44356	2 Apr 26	07:28:00	1	0	34	0	Ct	0	0	0	8	0	2	0	0	2	1	0	0	2	1	3	0	0	1	2	1	0	3	1	1	1	0	2	1	0	1	0	0	0	2
44357	2 Apr 26	07:29:00	1	0	34	0	Ct	0	0	0	0	1	1	0	1	0	0	1	1	0	1	0	0	0	2	0	0	0	0	0	4	2	1	1	0	2	0	0	0	1	0
44358	2 Apr 26	07:30:00	1	0	34	0	Ct	0	0	1	1	4	0	0	0	0	3	1	3	0	1	3	0	0	0	0	0	0	0	0	2	0	2	1	0	1	0	0	0	2	3
44359	2 Apr 26	07:31:00	1	0	34	0	Ct	0	0	3	0	1	2	0	0	0	0	1	1	0	1	2	12	0	1	2	3	0	0	0	2	2	2	0	1	1	2	0	0	2	0
44360	2 Apr 26	07:32:00	1	0	34	0	Ct	0	0	3	0	0	0	0	2	1	0	2	0	0	1	5	5	4	0	0	0	1	0	1	3	2	1	3	1	3	2	1	0	2	1
44361	2 Apr 26	07:33:00	1	0	34	0	Ct	0	0	1	0	0	0	0	1	0	0	1	4	1	2	0	5	2	1	1	0	0	3	1	3	2	2	1	0	0	0	3	0	0	0
44362	2 Apr 26	07:34:00	1	0	34	0	Ct	0	0	0	5	0	0	0	0	2	3	3	0	0	0	0	0	2	2	1	0	0	0	0	2	0	1	1	2	0	0	4	0	2	1
44363	2 Apr 26	07:35:00	1	0	34	0	Ct	0	0	0	1	0	0	0	0	2	0	2	3	3	1	1	2	0	0	0	3	0	3	0	0	3	0	0	0	0	0	1	0	3	0
44364	2 Apr 26	07:36:00	1	0	34	0	Ct	0	0	0	0	2	0	0	3	1	0	2	0	0	0	5	0	0	0	2	1	0	0	0	1	3	0	0	0	0	0	0	0	2	0
44365	2 Apr 26	07:37:00	1	0	34	0	Ct	0	0	0	0	0	0	0	4	2	1	3	2	0	1	3	0	0	0	1	0	0	0	1	1	3	0	2	3	0	7	0	0	6	1
44366	2 Apr 26	07:38:00	1	0	34	0	Ct	0	0	0	2	0	0	0	1	1	2	2	5	0	0	0	1	0	0	1	3	0	0	3	1	3	0	1	2	0	0	0	0	1	0
44367	2 Apr 26	07:39:00	1	0	34	0	Ct	0	0	3	0	0	0	0	1	5	1	0	2	1	0	2	0	0	3	1	1	0	1	0	2	3	0	1	1	0	3	0	0	3	0
44368	2 Apr 26	07:40:00	1	0	34	0	Ct	0	0	0	2	0	0	0	0	2	0	0	0	0	2	2	0	0	2	2	2	0	0	0	0	7	0	1	0	0	6	0	0	1	0
44369	2 Apr 26	07:41:00	1	0	34	0	Ct	0	0	0	1	2	0	0	2	5	3	1	0	0	0	2	0	0	1	1	0	0	0	0	1	5	0	2	0	0	1	0	0	3	1
44370	2 Apr 26	07:42:00	1	0	34	0	Ct	0	0	4	0	2	0	0	1	3	3	3	0	0	0	3	0	0	4	0	5	0	2	0	3	4	1	4	0	0	0	0	0	1	0
44371	2 Apr 26	07:43:00	1	0	34	0	Ct	0	0	0	2	1	0	0	1	5	5	1	0	0	1	2	1	1	0	1	2	0	0	1	1	2	1	1	1	0	0	0	0	1	2
44372	2 Apr 26	07:44:00	1	0	34	0	Ct	0	0	3	1	0	0	0	1	6	1	1	1	0	0	0	1	0	1	3	0	0	0	2	1	2	0	1	1	0	1	0	0	3	2
44373	2 Apr 26	07:45:00	1	0	34	0	Ct	0	0	1	0	0	0	0	4	4	0	5	0	0	0	0	0	0	1	0	2	0	0	1	0	2	0	0	2	0	3	0	0	2	1
44374	2 Apr 26	07:46:00	1	0	34	0	Ct	0	0	0	2	0	4	0	1	3	0	3	0	0	1	0	0	1	2	0	3	0	5	1	1	2	0	0	2	0	0	0	0	0	1
44375	2 Apr 26	07:47:00	1	0	34	0	Ct	0	0	0	1	1	3	0	0	0	0	1	0	0	2	4	1	0	2	1	3	0	1	1	1	4	0	1	1	1	0	0	0	1	1
44376	2 Apr 26	07:48:00	1	0	34	0	Ct	0	0	0	1	3	2	0	1	3	1	2	1	0	0	1	4	0	0	2	0	1	1	0	0	1	1	3	0	1	1	0	0	1	0
44377	2 Apr 26	07:49:00	1	0	34	0	Ct	0	0	1	0	1	1	0	1	3	0	0	0	0	1	0	6	0	3	0	0	1	0	1	0	4	0	0	0	0	2	0	0	4	0
44378	2 Apr 26	07:50:00	1	0	34	0	Ct	0	0	0	0	4	2	0	0	2	0	0	4	0	1	4	6	3	1	2	3	0	0	1	0	3	2	0	0	0	1	4	0	1	1
44379	2 Apr 26	07:51:00	1	0	34	0	Ct	0	0	1	2	3	2	0	1	3	0	0	1	0	2	1	1	0	0	1	6	0	0	0	0	1	0	0	0	0	0	0	0	3	2
44380	2 Apr 26	07:52:00	1	0	34	0	Ct	0	0	0	0	3	0	0	2	2	4	0	3	0	3	0	0	0	1	0	2	1	0	1	1	1	0	0	0	0	0	0	0	1	3
44381	2 Apr 26	07:53:00	1	0	34	0	Ct	0	0	0	0	1	2	0	1	4	0	3	2	0	0	0	0	2	0	0	1	1	0	1	2	1	0	0	0	0	2	0	0	0	0
44382	2 Apr 26	07:54:00	1	0	34	0	Ct	0	0	3	3	0	5	0	0	1	0	1	3	0	0	0	0	4	0	1	3	0	0	0	3	1	0	0	2	2	1	0	0	2	1
44383	2 Apr 26	07:55:00	1	0	34	0	Ct	0	0	1	4	1	4	0	0	1	3	2	2	0	0	0	0	3	0	1	2	0	0	0	1	2	1	0	2	0	1	0	0	0	2
44384	2 Apr 26	07:56:00	1	0	34	0	Ct	0	0	0	1	1	1	0	0	2	2	2	0	0	2	0	0	0	2	0	0	0	0	0	2	2	1	2	0	1	2	0	0	0	1
44385	2 Apr 26	07:57:00	1	0	34	0	Ct	0	0	1	1	1	0	0	0	3	0	4	1	0	1	0	1	0	0	0	0	0	0	1	0	4	1	2	0	0	0	0	0	0	3
44386	2 Apr 26	07:58:00	1	0	34	0	Ct	0	0	1	1	1	0	0	0	4	0	2	0	0	0	0	18	0	1	0	0	2	0	0	1	1	0	4	0	0	1	0	0	1	0
44387	2 Apr 26	07:59:00	1	0	34	0	Ct	0	0	0	0	1	0	0	0	2	1	5	0	0	0	0	1	1	2	3	3	4	0	2	0	3	0	0	0	0	2	0	0	1	3
44388	2 Apr 26	08:00:00	1	0	34	0	Ct	0	0	2	0	1	0	0	1	0	0	1	0	0	2	0	1	0	0	2	0	2	2	0	0	2	0	0	0	1	0	2	0	2	0
44389	2 Apr 26	08:01:00	1	0	34	0	Ct	0	0	2	0	2	2	0	1	1	1	2	1	3	0	2	0	0	1	0	3	0	1	0	0	0	0	0	0	2	3	1	0	1	2
44390	2 Apr 26	08:02:00	1	0	34	0	Ct	0	0	1	0	0	0	0	2	0	2	1	1	1	1	0	1	1	0	2	2	0	1	2	2	1	0	0	0	1	3	0	0	3	1
44391	2 Apr 26	08:03:00	1	0	34	0	Ct	0	0	5	0	0	1	0	0	0	0	0	2	0	1	0	0	2	1	2	1	0	0	0	0	2	0	0	0	1	1	0	0	7	2
44392	2 Apr 26	08:04:00	1	0	34	0	Ct	0	0	3	0	0	0	0	1	3	0	2	0	0	0	0	0	2	1	1	1	1	0	0	2	2	0	0	0	2	1	0	0	2	0
44393	2 Apr 26	08:05:00	1	0	34	0	Ct	0	0	0	1	3	3	0	2	0	1	1	1	0	4	0	6	1	3	1	0	2	0	0	4	3	0	0	0	0	2	0	0	1	2
44394	2 Apr 26	08:06:00	1	0	34	0	Ct	0	0	0	2	0	3	0	1	2	0	0	1	2	1	2	3	0	0	0	3	1	0	0	0	4	2	0	0	0	3	0	0	1	0
44395	2 Apr 26	08:07:00	1	0	34	0	Ct	0	0	0	3	1	0	0	1	2	0	1	0	1	1	1	0	0	2	2	2	2	5	2	2	3	0	0	0	0	2	0	0	3	4
44396	2 Apr 26	08:08:00	1	0	34	0	Ct	0	0	0	1	1	0	0	0	3	0	1	2	0	1	0	1	4	0	0	3	0	3	0	2	3	1	0	0	3	0	0	0	3	0
44397	2 Apr 26	08:09:00	1	0	34	0	Ct	0	0	0	0	2	0	0	1	1	2	3	1	0	1	1	0	2	1	0	3	3	0	0	1	2	1	0	0	2	0	0	0	1	0
44398	2 Apr 26	08:10:00	1	0	34	0	Ct	0	0	3	0	6	0	0	2	5	2	0	2	0	0	2	2	0	0	1	2	0	0	0	1	1	1	0	0	0	0	0	0	5	0
44399	2 Apr 26	08:11:00	1	0	34	0	Ct	0	0	4	1	2	0	0	0	2	1	0	0	0	2	5	1	0	3	1	0	3	2	0	2	4	0	2	0	0	0	0	0	2	3
44400	2 Apr 26	08:12:00	1	0	34	0	Ct	0	0	1	1	1	0	0	0	3	0	1	2	0	1	0	1	3	4	1	0	1	1	1	0	5	2	1	0	0	0	0	0	3	1
44401	2 Apr 26	08:13:00	1	0	34	0	Ct	0	0	0	1	2	0	0	0	3	0	0	2	0	1	0	3	0	0	1	0	0	0	1	0	3	0	0	2	0	2	0	0	1	2
44402	2 Apr 26	08:14:00	1	0	34	0	Ct	0	0	1	4	4	1	0	1	1	0	0	1	0	5	1	0	0	0	1	0	0	5	0	1	1	1	0	1	0	2	0	0	2	1
44403	2 Apr 26	08:15:00	1	0	34	0	Ct	0	0	1	0	1	2	0	1	1	1	1	0	1	0	3	4	0	1	0	0	1	3	2	2	4	0	0	1	0	0	0	0	2	1
44404	2 Apr 26	08:16:00	1	0	34	0	Ct	0	0	0	2	3	9	0	1	1	0	0	0	1	2	2	2	0	2	0	0	0	0	1	1	3	1	0	2	1	1	0	0	2	4
44405	2 Apr 26	08:17:00	1	0	34	0	Ct	0	0	0	0	1	5	0	0	0	4	3	2	0	0	3	4	0	1	3	2	2	0	1	1	4	0	0	2	0	0	0	0	2	2
44406	2 Apr 26	08:18:00	1	0	34	0	Ct	0	0	0	0	0	0	0	0	2	2	3	1	3	0	2	5	0	0	0	1	2	4	0	0	1	1	0	0	2	2	0	0	3	1
44407	2 Apr 26	08:19:00	1	0	34	0	Ct	0	0	0	0	1	2	0	0	3	1	1	0	1	4	2	0	0	1	1	3	2	7	1	0	3	0	0	0	0	1	0	0	0	1
44408	2 Apr 26	08:20:00	1	0	34	0	Ct	0	0	4	3	1	1	0	2	0	0	0	0	0	1	1	1	0	0	3	3	0	4	0	2	2	1	0	0	4	0	0	0	0	1
44409	2 Apr 26	08:21:00	1	0	34	0	Ct	0	0	1	1	1	0	0	0	0	1	1	0	2	0	1	2	0	1	0	4	2	1	2	2	1	1	0	0	0	1	1	0	0	3
44410	2 Apr 26	08:22:00	1	0	34	0	Ct	0	0	0	11	0	1	0	0	5	0	1	0	0	2	0	0	7	1	1	1	1	1	0	1	4	0	1	1	0	0	2	0	3	1
44411	2 Apr 26	08:23:00	1	0	34	0	Ct	0	0	0	0	3	3	0	3	0	0	2	0	0	1	2	3	2	0	1	2	0	0	0	0	3	0	0	0	0	0	0	0	4	1
44412	2 Apr 26	08:24:00	1	0	34	0	Ct	0	0	5	0	0	2	0	0	2	0	2	0	0	0	3	0	1	1	1	0	3	0	0	0	2	0	2	9	3	0	0	0	5	1
44413	2 Apr 26	08:25:00	1	0	34	0	Ct	0	0	0	1	1	2	0	2	1	0	1	0	2	0	0	0	0	2	4	2	3	2	0	1	3	0	3	0	1	0	0	0	0	0
44414	2 Apr 26	08:26:00	1	0	34	0	Ct	0	0	3	1	0	0	0	2	1	0	0	0	6	0	2	0	1	4	0	2	0	0	0	1	3	2	0	2	0	3	0	0	3	2
44415	2 Apr 26	08:27:00	1	0	34	0	Ct	0	0	1	0	0	0	0	3	1	0	1	0	0	1	0	6	1	0	0	1	0	0	0	1	2	0	1	1	0	3	0	0	1	1
44416	2 Apr 26	08:28:00	1	0	34	0	Ct	0	0	0	2	1	0	0	1	2	1	2	1	0	1	4	1	1	0	1	0	0	1	0	1	3	0	0	0	0	1	0	0	2	0
44417	2 Apr 26	08:29:00	1	0	34	0	Ct	0	0	0	0	3	0	0	4	2	0	2	3	0	0	0	0	2	0	1	2	0	4	1	4	2	0	0	1	1	2	0	0	2	2
44418	2 Apr 26	08:30:00	1	0	34	0	Ct	0	0	3	1	1	4	0	4	0	0	0	1	0	4	2	0	0	0	0	0	3	1	0	0	2	0	0	4	1	0	0	0	0	0
44419	2 Apr 26	08:31:00	1	0	34	0	Ct	0	0	2	2	2	3	0	1	3	0	2	0	0	4	4	1	3	1	0	1	1	1	0	1	2	3	1	0	1	0	0	0	0	2
44420	2 Apr 26	08:32:00	1	0	34	0	Ct	0	0	3	0	0	4	0	1	2	0	1	0	0	0	1	0	4	1	0	1	0	0	0	1	2	1	2	4	3	0	0	0	4	0
44421	2 Apr 26	08:33:00	1	0	34	0	Ct	0	0	0	1	1	2	0	0	6	0	1	0	0	0	2	0	0	0	0	1	1	2	1	1	1	0	1	3	2	0	0	0	2	2
44422	2 Apr 26	08:34:00	1	0	34	0	Ct	0	0	0	2	3	0	0	0	2	1	4	0	0	1	4	0	1	0	0	1	1	0	1	1	1	0	0	0	0	0	0	0	1	2
44423	2 Apr 26	08:35:00	1	0	34	0	Ct	0	0	4	0	2	0	0	0	2	0	2	2	0	2	2	0	0	0	0	1	0	3	1	2	3	0	0	0	0	0	0	0	2	3
44424	2 Apr 26	08:36:00	1	0	34	0	Ct	0	0	1	1	0	4	0	0	1	0	1	2	2	0	1	4	0	2	1	2	9	1	0	2	3	0	0	1	1	1	2	0	1	2
44425	2 Apr 26	08:37:00	1	0	34	0	Ct	0	0	0	1	0	3	0	0	2	0	1	1	1	2	0	1	0	2	1	1	1	5	0	2	3	0	1	1	0	0	0	0	4	3
44426	2 Apr 26	08:38:00	1	0	34	0	Ct	0	0	1	1	0	2	0	0	1	0	1	0	1	1	0	0	0	0	0	1	2	3	0	1	1	0	1	0	2	2	1	0	0	2
44427	2 Apr 26	08:39:00	1	0	34	0	Ct	0	0	0	0	2	0	0	0	0	1	1	3	0	2	1	1	0	1	0	0	2	0	0	2	1	0	1	0	0	0	0	0	6	0
44428	2 Apr 26	08:40:00	1	0	34	0	Ct	0	0	2	0	2	0	0	1	2	1	1	0	0	0	3	0	1	3	0	2	2	0	1	1	4	1	1	0	0	0	0	0	1	1
44429	2 Apr 26	08:41:00	1	0	34	0	Ct	0	0	1	2	0	0	0	0	2	0	0	0	0	6	0	2	1	1	0	1	1	2	0	0	2	1	1	0	0	0	0	0	0	0
44430	2 Apr 26	08:42:00	1	0	34	0	Ct	0	0	0	0	4	0	0	1	2	0	0	1	0	0	1	0	2	2	0	3	0	1	1	2	3	0	1	0	0	0	0	0	2	0
44431	2 Apr 26	08:43:00	1	0	34	0	Ct	0	0	2	0	2	0	0	1	3	0	0	1	0	1	3	0	1	1	0	1	1	1	0	1	2	0	0	0	1	0	0	0	1	4
44432	2 Apr 26	08:44:00	1	0	34	0	Ct	0	0	2	0	2	1	0	0	2	0	1	1	0	2	1	2	0	1	0	0	0	0	0	1	2	0	0	3	1	0	0	0	1	0
44433	2 Apr 26	08:45:00	1	0	34	0	Ct	0	0	0	0	1	1	0	0	0	1	1	0	0	0	1	3	0	0	0	0	0	0	0	1	8	0	1	1	2	1	0	0	0	2
44434	2 Apr 26	08:46:00	1	0	34	0	Ct	0	0	0	0	1	2	0	4	1	0	0	1	2	0	2	3	1	0	0	1	3	1	0	2	3	0	1	0	2	0	0	0	0	1
44435	2 Apr 26	08:47:00	1	0	34	0	Ct	0	0	0	2	2	3	0	1	3	0	1	1	1	1	0	0	1	1	0	0	2	1	2	1	3	0	0	1	0	2	0	0	1	6
44436	2 Apr 26	08:48:00	1	0	34	0	Ct	0	0	0	0	0	0	0	4	1	0	2	0	2	0	3	0	0	0	1	1	1	1	0	1	2	0	0	2	1	1	0	0	0	1
44437	2 Apr 26	08:49:00	1	0	34	0	Ct	0	0	0	2	4	2	0	2	4	0	1	0	0	1	0	1	0	1	2	1	0	1	0	1	4	0	1	3	1	1	0	0	0	0
44438	2 Apr 26	08:50:00	1	0	34	0	Ct	0	0	1	2	3	1	0	0	1	0	1	11	0	2	1	0	2	1	0	0	0	0	0	1	3	0	2	1	1	1	1	0	0	1
44439	2 Apr 26	08:51:00	1	0	34	0	Ct	0	0	1	0	6	7	0	0	2	0	3	2	0	3	3	1	0	4	0	4	1	0	0	1	4	1	2	0	1	1	0	0	2	0
44440	2 Apr 26	08:52:00	1	0	34	0	Ct	0	0	0	1	2	2	0	0	1	1	3	0	0	0	2	0	2	1	0	1	0	3	0	1	2	0	0	0	1	1	0	0	2	3
44441	2 Apr 26	08:53:00	1	0	34	0	Ct	0	0	0	3	1	1	0	0	2	0	2	0	0	1	1	0	3	4	0	1	0	0	0	1	3	3	0	1	0	5	0	0	2	2
44442	2 Apr 26	08:54:00	1	0	34	0	Ct	0	0	0	1	1	1	0	1	0	0	3	0	0	0	4	0	2	0	0	1	0	0	1	1	1	0	1	0	0	0	0	0	2	0
44443	2 Apr 26	08:55:00	1	0	34	0	Ct	0	0	0	2	0	0	0	1	2	0	1	0	0	2	5	0	2	1	0	2	0	2	0	1	1	0	2	1	0	1	0	0	2	0
44444	2 Apr 26	08:56:00	1	0	34	0	Ct	0	0	0	2	0	3	0	0	2	0	8	0	0	1	4	0	0	0	0	2	2	3	1	2	1	1	0	1	0	0	0	0	1	0
44445	2 Apr 26	08:57:00	1	0	34	0	Ct	0	0	5	0	0	2	0	0	0	0	3	0	0	1	1	0	0	0	0	0	2	0	0	2	2	0	0	2	0	0	1	0	2	0
44446	2 Apr 26	08:58:00	1	0	34	0	Ct	0	0	1	3	0	5	0	1	2	0	4	1	0	2	2	3	0	1	2	3	0	2	0	1	3	1	2	20	0	3	6	0	2	1
44447	2 Apr 26	08:59:00	1	0	34	0	Ct	0	0	0	2	0	0	0	1	1	1	3	2	0	2	3	1	0	0	2	1	2	4	0	0	4	0	1	2	0	0	1	0	1	1
44448	2 Apr 26	09:00:00	1	0	34	0	Ct	0	0	3	3	0	2	0	0	2	0	0	1	0	2	2	0	0	3	0	0	0	4	0	0	1	0	0	2	0	0	5	0	2	2
44449	2 Apr 26	09:01:00	1	0	34	0	Ct	0	0	0	1	0	2	0	0	10	0	0	2	0	2	2	0	0	2	0	2	2	0	0	3	4	0	1	0	0	1	0	0	1	0
44450	2 Apr 26	09:02:00	1	0	34	0	Ct	0	0	3	1	1	1	0	1	0	2	0	1	0	1	4	0	0	1	1	2	0	5	1	3	3	2	1	0	1	1	3	0	2	1
44451	2 Apr 26	09:03:00	1	0	34	0	Ct	0	0	1	1	1	0	0	1	1	0	0	0	0	2	1	0	0	0	2	4	1	1	0	1	3	0	0	1	3	1	2	0	6	1
44452	2 Apr 26	09:04:00	1	0	34	0	Ct	0	0	0	0	1	0	0	2	2	0	0	0	0	3	0	0	0	0	1	2	0	0	0	1	5	0	1	2	1	1	0	0	1	2
44453	2 Apr 26	09:05:00	1	0	34	0	Ct	0	0	2	3	3	0	0	1	1	0	0	0	0	0	0	1	0	1	0	2	0	0	1	1	4	0	0	0	0	0	1	0	0	1
44454	2 Apr 26	09:06:00	1	0	34	0	Ct	0	0	0	0	1	0	0	0	2	2	0	0	0	2	0	0	0	2	0	2	0	0	0	2	4	0	0	3	0	0	0	0	1	2
44455	2 Apr 26	09:07:00	1	0	34	0	Ct	0	0	1	1	0	1	0	2	1	1	0	0	0	0	3	0	0	1	0	2	0	0	0	1	3	0	4	1	0	0	0	0	2	3
44456	2 Apr 26	09:08:00	1	0	34	0	Ct	0	0	1	0	0	6	0	0	0	1	0	2	0	0	4	1	0	2	1	2	0	0	0	2	3	2	8	0	0	0	0	0	1	1
44457	2 Apr 26	09:09:00	1	0	34	0	Ct	0	0	0	3	0	2	0	1	0	1	1	0	0	2	2	0	0	1	1	4	1	1	1	0	4	5	2	0	0	6	0	0	0	0
44458	2 Apr 26	09:10:00	1	0	34	0	Ct	0	0	2	1	0	0	0	2	2	0	3	0	0	0	0	0	0	1	0	1	1	3	1	1	1	0	2	0	0	2	0	0	0	1
44459	2 Apr 26	09:11:00	1	0	34	0	Ct	0	0	2	0	0	1	0	1	2	1	1	2	0	3	0	1	0	0	0	1	0	1	0	1	2	1	1	0	0	1	0	0	1	0
44460	2 Apr 26	09:12:00	1	0	34	0	Ct	0	0	1	0	0	5	0	0	0	0	0	1	0	0	0	0	0	2	0	0	1	3	0	0	1	1	0	0	0	9	0	0	3	1
44461	2 Apr 26	09:13:00	1	0	34	0	Ct	0	0	1	0	0	5	0	0	4	1	0	0	0	1	0	0	1	2	0	2	0	3	2	0	1	1	1	0	0	0	0	0	4	0
44462	2 Apr 26	09:14:00	1	0	34	0	Ct	0	0	1	0	0	10	0	0	1	0	1	0	0	0	0	1	0	1	5	2	2	0	0	0	2	0	2	2	1	9	1	0	1	1
44463	2 Apr 26	09:15:00	1	0	34	0	Ct	0	0	2	1	0	4	0	0	1	2	4	0	0	0	0	0	0	1	0	0	2	0	0	1	2	0	0	3	0	1	3	0	2	1
44464	2 Apr 26	09:16:00	1	0	34	0	Ct	0	0	1	1	3	2	0	0	0	1	3	1	0	3	0	2	0	0	1	1	0	0	0	2	1	0	3	0	0	6	0	0	4	1
44465	2 Apr 26	09:17:00	1	0	34	0	Ct	0	0	1	0	3	4	0	0	1	5	0	6	0	6	1	0	1	0	3	0	0	0	0	2	3	0	0	0	1	1	3	0	1	1
44466	2 Apr 26	09:18:00	1	0	34	0	Ct	0	0	1	0	1	1	0	1	1	0	1	1	0	0	5	1	0	1	0	0	2	2	1	1	4	0	0	3	2	1	0	0	1	4
44467	2 Apr 26	09:19:00	1	0	34	0	Ct	0	0	2	0	4	2	0	0	1	0	3	2	0	1	1	2	0	0	2	1	1	2	0	1	2	1	0	0	0	1	3	0	2	1
44468	2 Apr 26	09:20:00	1	0	34	0	Ct	0	0	0	0	6	0	0	0	2	0	2	0	0	2	0	1	0	1	1	2	0	1	2	3	2	0	2	0	3	1	3	0	2	1
44469	2 Apr 26	09:21:00	1	0	34	0	Ct	0	0	0	0	1	5	0	0	2	0	2	1	1	0	2	0	0	1	0	1	0	0	1	1	0	9	2	0	1	3	1	0	0	0
44470	2 Apr 26	09:22:00	1	0	34	0	Ct	0	0	2	2	1	2	0	1	2	1	4	0	1	1	0	0	2	1	2	1	0	3	0	1	1	0	1	0	0	1	0	0	0	0
44471	2 Apr 26	09:23:00	1	0	34	0	Ct	0	0	2	0	1	2	0	0	1	1	2	1	3	2	1	2	0	2	0	1	2	3	0	2	5	0	3	0	0	1	0	0	2	0
44472	2 Apr 26	09:24:00	1	0	34	0	Ct	0	0	0	1	0	2	0	0	1	0	0	0	2	0	2	4	2	0	5	2	1	0	0	0	1	1	4	0	0	2	0	0	2	0
44473	2 Apr 26	09:25:00	1	0	34	0	Ct	0	0	0	3	0	4	0	0	2	0	1	0	0	0	2	0	1	1	1	1	1	3	1	0	3	1	0	0	0	1	0	0	3	0
44474	2 Apr 26	09:26:00	1	0	34	0	Ct	0	0	3	1	0	3	0	0	1	0	0	0	0	2	1	0	0	1	0	1	1	0	2	0	19	0	4	0	0	1	0	0	1	1
44475	2 Apr 26	09:27:00	1	0	34	0	Ct	0	0	1	1	2	0	0	0	0	0	1	5	0	1	1	3	0	0	1	1	0	0	0	1	12	1	0	1	0	2	0	0	3	1
44476	2 Apr 26	09:28:00	1	0	34	0	Ct	0	0	0	2	1	0	0	1	1	0	3	0	1	0	0	0	0	1	1	0	0	0	1	3	15	1	0	0	1	0	0	0	1	2
44477	2 Apr 26	09:29:00	1	0	34	0	Ct	0	0	0	2	0	2	0	0	1	0	4	0	0	1	0	1	0	3	1	1	1	1	1	2	0	1	2	0	0	2	0	0	0	2
44478	2 Apr 26	09:30:00	1	0	34	0	Ct	0	0	0	0	0	3	0	0	0	0	1	5	0	1	1	1	2	1	1	2	0	0	0	1	0	0	1	0	2	2	0	0	2	5
44479	2 Apr 26	09:31:00	1	0	34	0	Ct	0	0	6	2	0	3	0	0	0	0	1	1	0	1	0	0	0	1	0	0	4	0	1	2	0	0	0	0	0	0	0	0	3	0
44480	2 Apr 26	09:32:00	1	0	34	0	Ct	0	0	2	0	1	2	0	1	1	0	0	0	0	1	3	3	0	3	0	3	0	3	1	2	0	0	0	0	0	0	0	0	1	2
44481	2 Apr 26	09:33:00	1	0	34	0	Ct	0	0	1	0	0	0	0	0	2	0	0	0	0	1	1	0	0	3	0	2	0	0	0	1	0	0	0	0	0	7	0	0	1	3
44482	2 Apr 26	09:34:00	1	0	34	0	Ct	0	0	0	2	0	1	0	0	2	2	0	0	0	0	0	2	1	2	0	1	0	0	0	2	0	1	0	1	0	4	0	0	1	0
44483	2 Apr 26	09:35:00	1	0	34	0	Ct	0	0	1	0	0	3	0	0	0	1	0	0	0	1	3	0	2	1	1	0	1	6	0	2	0	1	2	0	0	2	0	0	2	4
44484	2 Apr 26	09:36:00	1	0	34	0	Ct	0	0	2	1	2	0	0	0	1	3	1	0	0	1	1	0	0	0	1	2	1	0	0	3	0	0	2	1	0	0	0	0	6	0
44485	2 Apr 26	09:37:00	1	0	34	0	Ct	0	0	1	0	1	3	0	0	2	2	2	0	0	1	1	0	0	2	0	0	1	0	1	1	0	0	1	1	0	0	0	0	3	1
44486	2 Apr 26	09:38:00	1	0	34	0	Ct	0	0	0	1	0	4	0	0	1	1	1	0	0	0	1	0	1	1	5	2	1	0	1	2	0	0	3	1	0	1	0	0	2	0
44487	2 Apr 26	09:39:00	1	0	34	0	Ct	0	0	1	0	0	8	0	4	2	0	0	1	0	0	0	0	0	2	1	0	1	4	1	1	0	0	0	0	0	4	0	0	2	2
44488	2 Apr 26	09:40:00	1	0	34	0	Ct	0	0	3	0	1	0	0	0	2	0	0	1	0	0	1	0	0	0	1	3	0	0	0	1	0	0	2	2	0	0	0	0	3	1
44489	2 Apr 26	09:41:00	1	0	34	0	Ct	0	0	1	1	1	0	0	1	5	1	1	0	0	0	0	4	0	1	0	0	0	0	0	2	0	0	2	0	0	2	0	0	0	0
44490	2 Apr 26	09:42:00	1	0	34	0	Ct	0	0	0	1	1	0	0	1	4	0	1	0	0	0	1	1	0	0	0	1	0	0	2	1	0	0	0	1	0	0	0	0	3	1
44491	2 Apr 26	09:43:00	1	0	34	0	Ct	0	0	0	0	5	0	0	1	2	0	1	0	0	1	1	0	0	0	0	0	0	0	0	2	0	0	0	0	0	1	0	0	2	2
44492	2 Apr 26	09:44:00	1	0	34	0	Ct	0	0	2	0	4	0	0	0	1	2	2	0	0	2	1	7	0	2	1	0	0	0	4	1	0	0	0	0	0	3	0	0	1	1
44493	2 Apr 26	09:45:00	1	0	34	0	Ct	0	0	0	1	0	0	0	1	1	1	1	1	0	1	0	2	0	0	1	1	0	0	0	1	0	0	0	0	1	1	0	0	3	0
44494	2 Apr 26	09:46:00	1	0	34	0	Ct	0	0	3	0	0	0	0	0	3	1	3	2	0	1	5	2	0	1	1	3	0	0	1	0	0	0	0	0	3	5	0	0	2	0
44495	2 Apr 26	09:47:00	1	0	34	0	Ct	0	0	1	4	1	0	0	0	0	1	1	2	0	3	0	0	0	3	2	2	0	0	1	1	0	3	0	0	0	1	0	0	1	0
44496	2 Apr 26	09:48:00	1	0	34	0	Ct	0	0	0	2	2	3	0	0	1	0	0	1	0	3	0	0	0	2	1	1	0	0	0	3	0	0	0	0	0	0	0	0	3	0
44497	2 Apr 26	09:49:00	1	0	34	0	Ct	0	0	2	0	0	4	0	0	0	0	2	1	0	1	1	5	0	1	0	2	2	0	1	1	0	0	0	0	1	0	0	0	5	0
44498	2 Apr 26	09:50:00	1	0	34	0	Ct	0	0	1	2	0	5	0	4	0	0	0	0	0	1	2	0	0	0	2	0	1	0	0	1	0	0	0	0	1	0	0	0	1	0
44499	2 Apr 26	09:51:00	1	0	34	0	Ct	0	0	1	2	0	3	0	2	2	1	1	2	1	0	0	0	0	1	5	4	0	4	1	3	0	1	0	0	0	2	0	0	0	4
44500	2 Apr 26	09:52:00	1	0	34	0	Ct	0	0	0	1	1	3	0	1	3	1	1	1	1	1	0	0	0	1	1	1	0	2	0	1	0	0	0	0	0	1	0	0	2	1
44501	2 Apr 26	09:53:00	1	0	34	0	Ct	0	0	2	0	2	5	0	1	2	0	1	2	0	0	1	1	0	0	4	2	0	1	1	1	0	1	0	0	0	4	2	0	1	2
44502	2 Apr 26	09:54:00	1	0	34	0	Ct	0	0	0	1	0	2	0	1	2	0	0	0	2	0	2	0	0	6	1	0	0	6	0	1	0	0	2	0	0	0	2	0	0	3
44503	2 Apr 26	09:55:00	1	0	34	0	Ct	0	0	2	0	1	8	0	0	1	0	1	0	2	0	0	6	0	4	0	1	2	4	1	1	0	0	0	0	0	1	0	0	3	2
44504	2 Apr 26	09:56:00	1	0	34	0	Ct	0	0	0	1	3	0	0	1	5	0	1	0	6	1	0	6	0	3	1	0	0	2	0	2	0	1	0	0	0	2	0	0	2	3
44505	2 Apr 26	09:57:00	1	0	34	0	Ct	0	0	1	0	2	0	0	1	3	0	0	1	1	0	0	0	0	1	2	0	0	1	1	3	0	4	1	0	0	1	0	0	1	1
44506	2 Apr 26	09:58:00	1	0	34	0	Ct	0	0	0	0	0	0	0	1	1	1	0	0	0	4	0	1	0	3	1	0	1	4	1	1	0	0	1	0	0	2	5	0	4	0
44507	2 Apr 26	09:59:00	1	0	34	0	Ct	0	0	0	1	0	0	0	2	2	8	1	0	0	1	0	0	0	2	1	0	0	6	0	1	1	2	0	0	0	0	2	0	0	1
44508	2 Apr 26	10:00:00	1	0	34	0	Ct	0	0	0	1	0	0	0	0	0	2	2	1	0	0	1	3	0	2	0	0	0	0	0	2	5	1	0	0	2	2	0	0	2	0
44509	2 Apr 26	10:01:00	1	0	34	0	Ct	0	0	0	0	0	0	0	0	1	0	2	0	0	3	3	3	0	2	0	2	0	0	1	2	2	0	1	0	2	2	3	0	0	0
44510	2 Apr 26	10:02:00	1	0	34	0	Ct	0	0	0	0	0	0	0	0	1	0	2	0	0	0	1	0	0	1	1	0	0	5	3	0	0	0	0	0	0	1	1	0	1	2
44511	2 Apr 26	10:03:00	1	0	34	0	Ct	0	0	2	2	1	1	0	0	0	1	1	0	1	0	3	0	0	0	0	0	0	3	1	2	1	0	1	0	0	1	0	0	1	2
44512	2 Apr 26	10:04:00	1	0	34	0	Ct	0	0	2	1	0	6	0	0	0	0	2	0	0	1	2	2	26	3	0	1	0	0	0	0	4	0	0	0	0	0	0	0	1	1
44513	2 Apr 26	10:05:00	1	0	34	0	Ct	0	0	3	0	2	2	0	0	0	0	0	0	5	0	3	0	2	0	1	0	0	3	1	1	4	0	0	0	0	0	0	0	0	1
44514	2 Apr 26	10:06:00	1	0	34	0	Ct	0	0	1	0	0	3	0	0	0	0	0	0	0	0	2	0	1	1	0	1	0	1	0	0	6	1	0	0	0	0	0	0	2	2
44515	2 Apr 26	10:07:00	1	0	34	0	Ct	0	0	3	2	0	5	0	1	0	1	0	0	0	0	0	1	0	3	3	0	8	0	2	1	11	1	1	0	0	0	0	0	1	1
44516	2 Apr 26	10:08:00	1	0	34	0	Ct	0	0	1	1	0	4	0	0	0	0	0	0	0	0	0	1	0	2	1	0	0	0	1	0	4	0	3	0	0	0	0	0	1	0
44517	2 Apr 26	10:09:00	1	0	34	0	Ct	0	0	0	0	1	2	0	0	0	0	0	2	0	1	1	0	0	0	2	0	4	0	1	1	3	0	5	0	3	0	0	0	2	1
44518	2 Apr 26	10:10:00	1	0	34	0	Ct	0	1	1	6	0	1	0	0	2	0	0	0	0	0	0	1	0	2	0	1	0	1	1	4	0	0	1	0	1	0	0	0	1	0
44519	2 Apr 26	10:11:00	1	0	34	0	Ct	0	1	1	3	0	0	0	0	0	0	0	2	0	0	1	0	0	1	0	1	0	8	0	0	0	0	0	0	0	0	0	0	0	1
44520	2 Apr 26	10:12:00	1	0	34	0	Ct	0	1	0	0	0	0	0	0	0	0	2	0	0	5	0	4	0	2	0	0	0	0	1	0	0	0	4	0	1	0	0	0	2	0
44521	2 Apr 26	10:13:00	1	0	34	0	Ct	0	1	1	1	0	0	0	0	0	0	0	0	0	1	1	0	0	3	1	0	0	0	0	0	0	0	3	0	0	0	0	0	0	0
44522	2 Apr 26	10:14:00	1	0	34	0	Ct	0	1	1	2	0	1	0	0	0	0	0	0	0	0	1	0	0	1	2	0	0	0	0	3	0	3	0	0	0	0	0	0	5	0
44523	2 Apr 26	10:15:00	1	0	34	0	Ct	0	1	0	1	3	6	0	1	0	1	0	0	0	0	0	0	0	1	0	0	0	0	0	2	0	3	0	0	0	0	0	0	2	0
44524	2 Apr 26	10:16:00	1	0	34	0	Ct	0	1	1	2	4	1	0	1	0	0	1	0	0	2	1	0	3	0	0	0	0	0	0	2	0	5	1	0	0	0	0	0	1	1
44525	2 Apr 26	10:17:00	1	0	34	0	Ct	0	1	1	1	1	3	0	4	0	0	2	0	0	1	3	0	0	0	0	0	2	1	0	1	0	0	1	0	0	0	0	0	0	0
44526	2 Apr 26	10:18:00	1	0	34	0	Ct	0	1	0	0	0	1	0	3	0	0	5	0	0	1	1	0	0	3	0	0	1	0	0	2	0	0	0	0	0	0	0	0	0	2
44527	2 Apr 26	10:19:00	1	0	34	0	Ct	0	1	0	4	0	0	0	0	0	0	2	0	0	3	1	0	0	6	1	0	2	0	1	0	0	0	0	0	0	0	0	0	1	2
44528	2 Apr 26	10:20:00	1	0	34	0	Ct	0	1	0	4	0	2	0	1	0	0	0	5	0	0	5	0	0	0	2	0	0	0	0	1	0	0	0	0	0	0	0	0	1	2
44529	2 Apr 26	10:21:00	1	0	34	0	Ct	0	1	0	7	2	0	0	1	0	0	0	0	0	1	1	0	0	0	2	0	1	0	3	1	0	0	0	0	0	0	0	0	2	1
44530	2 Apr 26	10:22:00	1	0	34	0	Ct	0	1	0	6	0	0	0	1	0	0	0	0	0	0	0	0	0	3	14	0	0	0	0	1	0	0	0	0	0	2	0	0	1	1
44531	2 Apr 26	10:23:00	1	0	34	0	Ct	0	1	0	2	0	0	0	2	0	0	0	0	0	0	2	0	0	0	1	0	1	0	1	0	0	0	0	0	0	0	0	0	2	1
44532	2 Apr 26	10:24:00	1	0	34	0	Ct	0	1	0	2	2	0	0	3	0	0	0	1	0	1	0	0	0	2	0	0	2	0	0	1	0	0	0	0	0	0	0	0	3	0
44533	2 Apr 26	10:25:00	1	0	34	0	Ct	0	1	0	0	0	0	0	2	0	0	0	1	0	1	2	0	0	2	0	0	2	0	0	1	0	1	0	0	0	0	0	0	2	1
44534	2 Apr 26	10:26:00	1	0	34	0	Ct	0	1	0	1	0	0	0	3	0	0	0	0	0	1	2	0	0	0	1	0	2	0	0	2	0	6	0	0	0	0	0	0	1	1
44535	2 Apr 26	10:27:00	1	0	34	0	Ct	0	1	0	1	0	0	0	1	0	2	0	2	0	9	0	0	2	0	0	0	0	0	0	1	0	0	0	0	0	0	0	0	0	0
44536	2 Apr 26	10:28:00	1	0	34	0	Ct	0	1	0	1	2	2	0	0	0	0	0	0	0	0	3	0	0	0	0	0	0	0	0	1	0	1	0	0	0	0	0	0	3	0
44537	2 Apr 26	10:29:00	1	0	34	0	Ct	0	1	1	3	0	1	0	0	0	1	0	0	0	0	3	0	0	0	0	0	0	0	0	1	0	0	0	0	0	0	0	0	2	0
44538	2 Apr 26	10:30:00	1	0	34	0	Ct	0	1	1	0	1	0	0	0	0	0	0	1	0	0	0	0	0	0	4	0	1	4	0	2	0	3	0	0	0	2	0	0	3	0
44539	2 Apr 26	10:31:00	1	0	34	0	Ct	0	1	0	2	3	0	0	0	0	0	0	1	2	2	0	0	2	0	5	0	1	2	0	2	0	3	0	0	0	0	0	0	1	0
44540	2 Apr 26	10:32:00	1	0	34	0	Ct	0	1	0	1	3	0	0	0	0	0	0	0	0	1	2	0	0	0	0	0	0	1	0	0	0	6	0	1	0	0	0	0	2	0
44541	2 Apr 26	10:33:00	1	0	34	0	Ct	0	1	0	2	0	2	0	1	0	0	0	2	1	0	0	0	0	0	0	0	2	1	0	0	0	0	0	3	0	0	0	0	3	0
44542	2 Apr 26	10:34:00	1	0	34	0	Ct	0	1	0	0	0	2	0	4	0	0	0	3	0	1	1	0	2	0	1	0	4	0	0	0	0	0	0	0	0	0	0	0	1	0
44543	2 Apr 26	10:35:00	1	0	34	0	Ct	0	1	1	0	0	0	0	2	0	0	1	1	0	1	2	0	2	0	0	0	4	1	0	2	0	2	0	0	0	1	0	0	3	0
44544	2 Apr 26	10:36:00	1	0	34	0	Ct	0	1	1	1	1	0	0	0	0	0	1	5	0	0	3	0	1	0	1	0	0	1	0	1	0	5	0	1	0	0	0	0	2	0
44545	2 Apr 26	10:37:00	1	0	34	0	Ct	0	1	0	1	3	2	0	2	0	0	1	0	0	0	0	3	0	0	0	0	0	4	0	0	0	0	0	1	0	0	3	0	1	0
44546	2 Apr 26	10:38:00	1	0	34	0	Ct	0	1	0	0	1	0	0	1	0	0	1	2	0	0	2	1	0	0	0	0	2	1	0	1	0	4	0	0	0	6	0	0	0	0
44547	2 Apr 26	10:39:00	1	0	34	0	Ct	0	1	1	1	0	2	0	0	0	1	0	0	0	0	0	0	2	0	0	0	0	5	0	4	0	0	0	0	0	0	0	0	1	1
44548	2 Apr 26	10:40:00	1	0	34	0	Ct	0	1	2	2	2	2	0	1	0	0	0	0	0	1	2	2	0	0	0	0	2	2	0	0	0	1	0	0	0	2	1	0	3	2
44549	2 Apr 26	10:41:00	1	0	34	0	Ct	0	1	0	0	2	0	0	2	0	0	0	0	0	0	1	1	1	0	4	0	2	0	0	2	0	0	0	0	0	0	0	0	1	0
44550	2 Apr 26	10:42:00	1	0	34	0	Ct	0	1	0	3	1	2	0	0	0	1	0	3	0	0	3	1	0	0	0	0	0	0	0	1	0	0	0	0	0	0	0	0	3	1
44551	2 Apr 26	10:43:00	1	0	34	0	Ct	0	1	0	2	2	3	0	0	0	0	0	0	0	1	2	0	1	0	1	0	2	2	1	1	0	1	0	0	0	0	0	0	2	0
44552	2 Apr 26	10:44:00	1	0	34	0	Ct	0	1	0	1	3	2	0	2	0	0	0	2	0	1	1	0	1	3	0	0	0	4	0	0	0	0	0	0	0	0	0	0	1	0
44553	2 Apr 26	10:45:00	1	0	34	0	Ct	0	1	3	0	0	1	0	2	0	0	0	3	0	1	4	0	2	0	1	0	0	0	0	2	0	0	0	0	0	0	0	0	1	0
44554	2 Apr 26	10:46:00	1	0	34	0	Ct	0	1	3	2	0	1	0	0	0	0	2	1	0	1	1	0	2	0	0	0	3	0	0	0	0	3	0	0	0	0	0	0	0	0
44555	2 Apr 26	10:47:00	1	0	34	0	Ct	0	1	0	3	0	1	0	0	0	0	5	1	0	2	2	0	3	0	1	0	0	2	0	2	0	1	0	0	0	0	0	0	4	0
44556	2 Apr 26	10:48:00	1	0	34	0	Ct	0	1	0	0	0	0	0	0	0	0	0	0	0	0	0	0	1	0	0	0	2	0	0	0	0	4	0	0	0	0	0	0	1	0
44557	2 Apr 26	10:49:00	1	0	34	0	Ct	0	1	0	1	2	0	0	2	0	0	0	3	0	0	0	0	0	0	0	0	1	1	0	0	0	1	0	0	0	1	0	0	1	0
44558	2 Apr 26	10:50:00	1	0	34	0	Ct	0	1	0	2	1	0	0	1	0	0	0	0	0	1	2	0	1	0	1	0	0	1	2	0	0	0	0	0	0	4	0	0	5	0
44559	2 Apr 26	10:51:00	1	0	34	0	Ct	0	1	0	0	0	0	0	0	0	0	0	1	0	1	0	0	0	0	0	0	0	1	5	0	0	0	0	0	0	1	0	0	4	0
44560	2 Apr 26	10:52:00	1	0	34	0	Ct	0	1	0	1	1	3	0	0	0	0	2	2	0	3	0	0	1	0	1	0	6	0	0	0	0	3	0	0	0	2	0	0	1	0
44561	2 Apr 26	10:53:00	1	0	34	0	Ct	0	1	0	0	1	3	0	0	0	0	0	0	1	1	3	1	0	0	0	0	0	0	1	3	0	0	0	0	0	0	0	0	5	0
44562	2 Apr 26	10:54:00	1	0	34	0	Ct	0	1	0	0	0	1	0	0	0	0	0	0	1	2	2	0	1	0	1	0	0	1	0	0	0	0	0	0	0	0	0	0	0	0
44563	2 Apr 26	10:55:00	1	0	34	0	Ct	0	1	0	2	2	2	0	0	0	0	5	0	0	0	3	0	2	0	0	0	0	0	0	3	0	0	0	0	0	0	0	0	3	0
44564	2 Apr 26	10:56:00	1	0	34	0	Ct	0	1	1	1	2	0	0	0	0	0	0	0	0	1	6	0	1	0	1	0	11	1	0	0	0	1	0	0	0	1	0	0	1	0
44565	2 Apr 26	10:57:00	1	0	34	0	Ct	0	1	0	0	2	0	0	1	0	0	0	1	0	3	0	0	0	0	0	0	0	0	0	1	0	1	0	0	0	0	2	0	3	0
44566	2 Apr 26	10:58:00	1	0	34	0	Ct	0	1	1	1	1	2	0	3	0	0	0	1	0	0	0	0	1	0	1	0	1	0	0	1	0	0	0	0	0	0	0	0	2	0
44567	2 Apr 26	10:59:00	1	0	34	0	Ct	0	1	0	3	0	1	0	3	0	0	0	3	0	0	0	0	1	0	0	0	2	1	0	1	5	0	0	0	0	1	0	0	3	0
44568	2 Apr 26	11:00:00	1	0	34	0	Ct	0	1	0	2	0	0	0	2	0	0	0	0	0	1	0	0	2	0	1	0	0	0	0	1	0	0	0	0	0	0	0	0	1	0
44569	2 Apr 26	11:01:00	1	0	34	0	Ct	0	1	0	1	1	1	0	0	0	0	0	0	0	0	0	0	1	0	2	0	0	0	0	0	0	0	0	0	0	1	0	0	0	0
44570	2 Apr 26	11:02:00	1	0	34	0	Ct	0	1	0	6	3	3	0	0	0	0	1	0	3	2	0	0	4	0	0	0	0	0	0	0	0	2	0	0	0	1	0	0	2	0
44571	2 Apr 26	11:03:00	1	0	34	0	Ct	0	1	0	2	1	0	0	0	0	0	3	0	0	1	1	0	0	0	1	0	0	0	0	3	0	3	0	0	0	0	0	0	1	0
44572	2 Apr 26	11:04:00	1	0	34	0	Ct	0	1	0	0	2	2	0	2	0	0	1	0	0	5	1	0	2	0	0	0	1	1	0	1	1	0	0	0	0	0	0	0	1	0
44573	2 Apr 26	11:05:00	1	0	34	0	Ct	0	1	0	4	3	0	0	2	0	0	0	1	0	0	0	0	3	0	6	0	0	0	0	0	0	4	0	0	0	0	0	0	1	0
44574	2 Apr 26	11:06:00	1	0	34	0	Ct	0	1	0	1	0	0	0	3	0	0	0	2	0	1	1	0	0	0	0	0	0	0	0	2	0	1	0	0	0	1	0	0	4	0
44575	2 Apr 26	11:07:00	1	0	34	0	Ct	0	1	0	3	1	0	0	0	0	0	0	0	0	1	0	0	3	0	0	0	0	0	0	0	0	2	0	0	0	0	0	0	2	0
44576	2 Apr 26	11:08:00	1	0	34	0	Ct	0	1	0	3	1	0	0	0	0	0	0	0	3	2	1	0	0	0	0	0	2	1	0	2	0	0	0	0	6	0	0	0	1	0
44577	2 Apr 26	11:09:00	1	0	34	0	Ct	0	1	0	2	0	0	0	0	0	0	0	1	0	0	1	1	0	0	0	0	3	0	0	2	0	0	0	0	0	2	0	0	3	0
44578	2 Apr 26	11:10:00	1	0	34	0	Ct	0	1	0	3	0	2	0	5	0	0	0	1	0	0	0	0	1	0	0	0	0	1	0	0	0	1	0	0	1	1	0	0	1	0
44579	2 Apr 26	11:11:00	1	0	34	0	Ct	0	1	0	1	2	2	0	0	0	0	0	1	0	2	0	0	1	0	1	0	1	0	0	0	0	0	0	0	0	0	0	0	2	0
44580	2 Apr 26	11:12:00	1	0	34	0	Ct	0	1	0	0	1	0	0	0	0	0	0	0	0	1	0	0	0	0	1	0	0	1	0	0	0	0	0	0	0	1	0	0	7	0
44581	2 Apr 26	11:13:00	1	0	34	0	Ct	0	1	0	1	3	0	0	0	0	0	0	0	0	0	0	0	0	0	0	0	2	0	3	0	0	0	0	0	4	0	0	0	0	0
44582	2 Apr 26	11:14:00	1	0	34	0	Ct	0	1	0	0	1	3	0	0	0	0	0	0	0	0	1	0	1	2	2	0	0	5	0	0	0	0	0	0	3	0	0	0	4	0
44583	2 Apr 26	11:15:00	1	0	34	0	Ct	0	1	0	1	2	2	0	2	0	0	0	0	0	0	1	0	1	0	0	0	0	1	2	0	0	0	0	0	2	0	0	0	4	0
44584	2 Apr 26	11:16:00	1	0	34	0	Ct	0	1	0	1	1	1	0	3	0	0	0	0	0	1	3	0	0	0	2	0	0	0	1	0	0	0	0	0	0	1	0	0	3	0
44585	2 Apr 26	11:17:00	1	0	34	0	Ct	0	1	0	3	0	0	0	0	0	0	2	0	0	1	1	0	2	1	0	0	0	0	0	0	0	0	0	0	0	0	0	0	2	0
44586	2 Apr 26	11:18:00	1	0	34	0	Ct	0	1	0	1	1	0	0	0	0	0	0	0	0	0	4	0	1	2	0	0	2	1	8	2	0	0	0	0	0	0	0	0	1	0
44587	2 Apr 26	11:19:00	1	0	34	0	Ct	0	1	0	2	6	1	0	1	0	0	0	1	0	0	1	0	1	4	0	0	1	2	2	0	0	0	0	0	0	0	0	0	1	0
44588	2 Apr 26	11:20:00	1	0	34	0	Ct	0	1	0	4	0	1	0	0	0	0	0	1	0	0	0	0	3	0	0	0	1	0	7	0	0	0	0	0	0	0	0	0	1	0
44589	2 Apr 26	11:21:00	1	0	34	0	Ct	0	1	0	1	0	0	0	0	0	0	0	0	0	0	0	0	1	4	1	0	0	0	0	0	0	0	0	0	3	0	0	0	2	0
44590	2 Apr 26	11:22:00	1	0	34	0	Ct	0	1	3	1	0	2	0	2	0	0	0	0	1	1	3	0	0	0	0	0	0	0	0	1	0	2	0	0	0	0	0	0	1	0
44591	2 Apr 26	11:23:00	1	0	34	0	Ct	0	1	3	0	0	1	0	1	0	0	0	0	1	1	1	0	0	3	0	4	1	0	0	1	0	0	0	0	0	0	0	0	0	0
44592	2 Apr 26	11:24:00	1	0	34	0	Ct	0	1	0	1	0	0	0	1	0	0	0	0	0	1	1	0	2	3	0	0	0	0	0	0	0	0	0	0	1	0	0	0	2	0
44593	2 Apr 26	11:25:00	1	0	34	0	Ct	0	1	0	1	1	0	0	0	0	0	0	0	0	1	0	0	2	0	2	0	0	0	0	0	0	0	0	0	0	0	1	0	2	0
44594	2 Apr 26	11:26:00	1	0	34	0	Ct	0	1	0	0	0	0	0	0	0	0	0	2	0	1	1	0	1	0	1	0	0	0	0	0	0	3	0	0	0	0	1	0	0	0
44595	2 Apr 26	11:27:00	1	0	34	0	Ct	0	1	0	1	2	0	0	0	0	0	0	1	0	1	1	0	0	0	1	0	0	0	0	0	0	1	0	0	0	0	0	0	1	0
44596	2 Apr 26	11:28:00	1	0	34	0	Ct	0	1	0	0	0	0	0	0	0	0	2	0	0	0	2	0	0	0	0	0	0	2	1	5	0	0	0	0	0	0	0	0	3	0
44597	2 Apr 26	11:29:00	1	0	34	0	Ct	0	1	0	1	0	0	0	0	0	0	2	2	0	3	2	0	0	2	1	0	0	0	3	1	0	0	0	0	0	1	0	0	0	0
44598	2 Apr 26	11:30:00	1	0	34	0	Ct	0	1	0	0	0	1	0	0	0	0	1	1	0	1	0	0	1	1	1	0	1	2	0	1	0	0	0	0	2	0	0	0	3	0
44599	2 Apr 26	11:31:00	1	0	34	0	Ct	0	1	4	0	0	0	0	0	0	0	0	1	0	0	3	0	0	0	0	0	0	1	0	2	0	1	0	0	0	0	0	0	0	0
44600	2 Apr 26	11:32:00	1	0	34	0	Ct	0	1	1	0	0	3	0	2	0	0	0	1	0	0	1	0	1	0	0	0	0	0	0	0	0	2	0	0	1	0	0	0	1	0
44601	2 Apr 26	11:33:00	1	0	34	0	Ct	0	1	0	0	0	3	0	1	0	0	0	1	0	2	1	0	0	0	0	0	1	0	0	2	0	0	0	0	0	0	0	0	4	0
44602	2 Apr 26	11:34:00	1	0	34	0	Ct	0	1	0	2	0	0	0	2	0	0	0	0	0	1	5	0	2	0	0	0	3	0	0	2	0	0	0	0	0	0	0	0	3	0
44603	2 Apr 26	11:35:00	1	0	34	0	Ct	0	1	0	4	0	1	0	1	0	3	0	2	0	0	0	0	0	0	0	0	8	0	0	0	0	5	0	0	0	0	0	0	3	0
44604	2 Apr 26	11:36:00	1	0	34	0	Ct	0	1	0	0	0	2	0	1	0	0	0	3	0	2	1	0	1	4	0	0	0	2	1	1	0	1	0	0	0	0	0	0	0	0
44605	2 Apr 26	11:37:00	1	0	34	0	Ct	0	1	0	0	0	0	0	2	0	0	0	0	1	1	0	0	2	0	0	0	0	0	2	1	0	1	0	0	0	0	0	0	2	0
44606	2 Apr 26	11:38:00	1	0	34	0	Ct	0	1	0	1	0	0	0	3	0	0	0	0	0	1	0	0	0	0	0	0	0	0	4	0	0	0	0	0	0	0	0	0	1	0
44607	2 Apr 26	11:39:00	1	0	34	0	Ct	0	1	0	0	0	0	0	3	0	0	0	0	1	1	0	0	2	0	2	0	0	0	0	0	0	0	0	0	0	0	0	0	3	0
44608	2 Apr 26	11:40:00	1	0	34	0	Ct	0	1	0	0	2	0	0	0	0	0	0	0	0	2	2	0	0	4	0	0	3	0	0	2	0	0	0	0	0	0	0	0	2	0
44609	2 Apr 26	11:41:00	1	0	34	0	Ct	0	1	0	0	0	0	0	0	0	0	0	0	0	0	0	0	3	4	1	0	4	1	0	0	0	0	0	1	0	0	0	0	0	0
44610	2 Apr 26	11:42:00	1	0	34	0	Ct	0	1	0	0	0	2	0	0	0	1	0	2	0	2	1	0	0	2	1	0	2	0	0	0	0	0	0	2	0	0	0	0	0	0
44611	2 Apr 26	11:43:00	1	0	34	0	Ct	0	1	0	0	2	0	0	1	0	0	0	1	0	2	2	0	0	0	0	0	3	0	1	0	0	3	0	0	0	2	0	0	2	0
44612	2 Apr 26	11:44:00	1	0	34	0	Ct	0	1	0	0	0	0	0	2	0	0	3	0	0	0	0	0	0	0	0	0	1	0	4	3	0	3	0	0	0	0	0	0	1	0
44613	2 Apr 26	11:45:00	1	0	34	0	Ct	0	1	0	0	0	0	0	1	0	0	1	0	0	2	2	0	0	0	1	0	0	0	2	0	0	0	0	0	0	0	0	0	1	0
44614	2 Apr 26	11:46:00	1	0	34	0	Ct	0	1	0	0	0	0	0	2	0	0	0	2	0	0	1	0	0	0	0	0	2	0	2	0	0	0	0	0	0	0	0	0	1	0
44615	2 Apr 26	11:47:00	1	0	34	0	Ct	0	1	0	0	0	2	0	2	0	0	0	0	0	0	4	2	1	0	2	0	0	0	5	0	0	0	0	0	0	0	0	0	0	0
44616	2 Apr 26	11:48:00	1	0	34	0	Ct	0	1	1	0	0	1	0	0	0	1	0	0	0	1	2	0	1	0	1	0	0	0	1	0	0	0	0	0	0	2	0	0	0	0
44617	2 Apr 26	11:49:00	1	0	34	0	Ct	0	1	1	0	2	3	0	0	0	0	0	4	0	2	0	0	1	0	0	0	0	0	2	0	0	0	0	0	0	0	0	0	3	0
44618	2 Apr 26	11:50:00	1	0	34	0	Ct	0	1	1	0	0	0	0	0	0	1	0	0	0	0	4	0	1	0	3	0	1	4	0	0	0	0	0	0	0	0	0	0	1	0
44619	2 Apr 26	11:51:00	1	0	34	0	Ct	0	1	0	0	0	3	0	0	0	0	0	0	0	2	0	0	2	0	1	0	0	1	1	0	0	0	0	0	0	0	0	0	1	0
44620	2 Apr 26	11:52:00	1	0	34	0	Ct	0	1	0	0	0	1	0	0	0	0	0	3	0	0	2	0	0	1	0	0	2	0	1	2	0	2	0	0	0	0	0	0	1	0
44621	2 Apr 26	11:53:00	1	0	34	0	Ct	0	1	1	0	0	0	0	2	0	0	0	1	3	1	1	1	3	1	0	0	8	4	8	0	0	2	0	0	0	0	0	0	2	0
44622	2 Apr 26	11:54:00	1	0	34	0	Ct	0	1	3	0	1	0	0	2	0	0	0	3	1	1	0	1	1	0	5	0	2	0	0	1	0	1	0	0	0	0	0	0	1	0
44623	2 Apr 26	11:55:00	1	0	34	0	Ct	0	1	0	0	0	2	0	0	0	2	0	1	0	1	0	0	0	0	0	0	0	0	0	1	0	0	0	0	0	0	0	0	1	0
44624	2 Apr 26	11:56:00	1	0	34	0	Ct	0	1	0	0	0	0	0	0	0	4	0	0	0	1	0	0	0	0	0	0	0	0	0	1	0	0	0	0	0	0	0	0	2	0
44625	2 Apr 26	11:57:00	1	0	34	0	Ct	0	1	0	0	0	0	0	0	1	2	0	1	0	0	3	0	0	0	0	0	0	1	0	1	0	0	0	0	0	2	0	0	3	0
44626	2 Apr 26	11:58:00	1	0	34	0	Ct	0	1	0	0	0	0	0	1	1	0	0	3	0	3	0	0	0	0	0	0	0	6	2	2	0	0	0	0	0	0	1	0	0	0
44627	2 Apr 26	11:59:00	1	0	34	0	Ct	0	1	0	0	0	0	0	1	0	0	0	0	0	0	2	2	1	0	0	0	0	0	0	0	0	0	0	0	1	0	0	0	1	0
44628	2 Apr 26	12:00:00	1	0	34	0	Ct	0	1	0	0	0	0	0	2	1	0	0	1	0	0	0	0	1	0	0	0	0	0	0	2	0	0	0	0	3	0	2	0	1	0
44629	2 Apr 26	12:01:00	1	0	34	0	Ct	0	1	0	0	0	0	0	3	0	0	0	0	0	0	0	0	0	0	0	0	0	2	0	2	0	0	0	0	1	0	0	0	1	0
44630	2 Apr 26	12:02:00	1	0	34	0	Ct	0	1	0	0	1	0	0	2	0	0	0	1	0	1	0	0	1	0	3	0	0	2	0	2	0	0	0	0	1	0	0	0	1	0
44631	2 Apr 26	12:03:00	1	0	34	0	Ct	0	1	1	0	1	0	0	0	0	0	0	0	0	0	2	0	2	0	0	0	1	2	1	0	1	0	0	0	0	0	0	0	2	0
44632	2 Apr 26	12:04:00	1	0	34	0	Ct	0	1	1	0	2	2	0	0	0	0	0	0	0	1	0	0	1	0	1	0	0	1	0	1	0	0	0	0	5	0	0	0	2	0
44633	2 Apr 26	12:05:00	1	0	34	0	Ct	0	1	0	0	0	2	0	0	0	0	0	0	0	0	0	0	0	0	0	0	0	0	0	0	0	0	0	0	1	0	0	0	1	0
44634	2 Apr 26	12:06:00	1	0	34	0	Ct	0	1	0	0	1	1	0	0	0	1	1	0	0	0	2	0	0	0	0	0	2	3	0	0	0	0	0	0	1	0	0	0	1	0
44635	2 Apr 26	12:07:00	1	0	34	0	Ct	0	1	0	0	0	1	0	0	0	0	1	0	0	0	0	0	3	0	1	0	0	1	0	2	0	0	0	0	0	7	0	0	2	0
44636	2 Apr 26	12:08:00	1	0	34	0	Ct	0	1	2	0	0	2	0	1	0	0	0	0	0	0	0	0	0	0	1	0	1	0	0	2	0	0	0	0	1	4	0	0	0	0
44637	2 Apr 26	12:09:00	1	0	34	0	Ct	0	1	1	0	0	0	0	2	0	0	0	0	0	0	2	0	5	1	0	0	1	0	9	1	1	0	0	0	0	0	0	0	0	0
44638	2 Apr 26	12:10:00	1	0	34	0	Ct	0	1	2	0	0	0	0	1	0	1	0	1	0	1	1	0	2	12	0	0	0	0	0	0	1	0	0	0	3	1	0	0	0	0
44639	2 Apr 26	12:11:00	1	0	34	0	Ct	0	1	0	0	2	0	0	1	0	0	0	0	0	1	0	0	0	2	0	0	2	0	0	0	0	1	0	0	0	1	0	0	0	0
44640	2 Apr 26	12:12:00	1	0	34	0	Ct	0	1	0	0	0	3	0	3	0	0	1	0	0	0	0	0	0	1	1	0	0	0	0	1	0	1	0	0	0	2	0	0	1	0
44641	2 Apr 26	12:13:00	1	0	34	0	Ct	0	1	0	0	0	1	0	2	0	0	1	0	0	2	2	0	1	1	1	0	2	0	0	2	0	0	0	0	0	1	0	0	1	0
44642	2 Apr 26	12:14:00	1	0	34	0	Ct	0	1	0	0	0	2	0	1	0	0	0	0	0	0	3	0	0	1	0	0	1	0	0	2	0	0	0	0	1	0	0	0	1	0
44643	2 Apr 26	12:15:00	1	0	34	0	Ct	0	1	0	0	2	7	0	1	0	0	0	0	0	2	1	0	1	1	0	0	0	0	0	1	2	0	0	0	0	1	0	0	1	0
44644	2 Apr 26	12:16:00	1	0	34	0	Ct	0	1	0	0	0	6	0	0	0	0	0	0	0	1	1	0	1	1	3	0	4	0	0	0	0	2	0	0	0	0	0	0	1	0
44645	2 Apr 26	12:17:00	1	0	34	0	Ct	0	1	0	0	0	0	0	0	0	0	0	0	0	1	0	0	0	0	0	0	0	0	0	0	0	1	0	0	1	1	0	0	1	0
44646	2 Apr 26	12:18:00	1	0	34	0	Ct	0	1	0	0	0	1	0	0	0	0	0	0	0	1	0	0	1	4	1	0	0	0	0	0	0	3	0	0	0	4	0	0	0	0
44647	2 Apr 26	12:19:00	1	0	34	0	Ct	0	1	0	0	0	1	0	0	0	0	0	0	0	0	0	0	0	0	1	0	1	0	0	0	0	1	0	0	0	0	0	0	0	0
44648	2 Apr 26	12:20:00	1	0	34	0	Ct	0	1	0	0	0	0	0	0	0	0	0	0	0	0	0	0	1	0	0	0	0	0	0	1	0	1	0	0	0	0	0	0	0	0
44649	2 Apr 26	12:21:00	1	0	34	0	Ct	0	1	0	0	0	0	0	0	0	3	0	0	0	2	0	0	2	0	1	0	0	0	0	1	0	0	0	0	1	1	0	0	0	0
44650	2 Apr 26	12:22:00	1	0	34	0	Ct	0	1	0	0	0	1	0	0	0	0	0	0	0	0	0	0	0	0	0	0	0	0	0	0	0	0	0	0	2	6	0	0	1	0
44651	2 Apr 26	12:23:00	1	0	34	0	Ct	0	1	0	0	0	2	0	0	0	0	1	0	0	0	0	0	0	0	1	0	3	1	0	0	0	0	0	0	0	0	0	0	2	0
44652	2 Apr 26	12:24:00	1	0	34	0	Ct	0	1	0	0	0	2	0	0	0	1	0	0	0	1	3	0	0	0	1	0	1	1	0	0	0	1	0	0	0	0	0	0	5	0
44653	2 Apr 26	12:25:00	1	0	34	0	Ct	0	1	0	0	0	1	0	0	0	0	0	0	0	1	3	0	4	0	1	0	0	0	0	0	0	1	0	0	1	0	0	0	1	0
44654	2 Apr 26	12:26:00	1	0	34	0	Ct	0	1	0	0	0	2	0	0	0	0	0	0	0	2	3	0	1	0	0	0	0	3	0	0	0	0	0	0	1	0	0	0	0	0
44655	2 Apr 26	12:27:00	1	0	34	0	Ct	0	1	0	0	0	0	0	0	0	0	0	0	0	0	0	0	0	0	0	0	0	0	1	1	0	1	0	0	0	0	0	0	0	0
44656	2 Apr 26	12:28:00	1	0	34	0	Ct	0	1	0	0	0	0	0	0	0	0	0	0	2	0	0	0	0	0	0	0	0	0	1	2	0	1	0	0	6	0	0	0	2	0
44657	2 Apr 26	12:29:00	1	0	34	0	Ct	0	1	0	0	1	0	0	1	0	0	0	0	0	0	2	0	0	0	0	0	0	1	1	1	1	0	0	0	0	3	0	0	0	0
44658	2 Apr 26	12:30:00	1	0	34	0	Ct	0	1	0	0	1	0	0	0	0	0	0	0	0	0	1	0	0	0	0	0	0	0	0	0	0	1	0	0	0	2	0	0	2	0
44659	2 Apr 26	12:31:00	1	0	34	0	Ct	0	1	0	0	0	0	0	1	0	0	0	0	0	0	2	0	0	0	0	0	5	0	0	3	0	0	0	0	0	0	0	0	2	0
44660	2 Apr 26	12:32:00	1	0	34	0	Ct	0	1	0	0	2	0	0	1	0	0	0	0	0	1	2	0	2	0	0	0	2	0	0	0	0	1	0	0	0	0	0	0	1	0
44661	2 Apr 26	12:33:00	1	0	34	0	Ct	0	1	0	0	0	1	0	2	0	0	0	0	1	0	3	0	2	0	1	0	3	0	0	1	0	2	0	0	0	0	0	0	0	0
44662	2 Apr 26	12:34:00	1	0	34	0	Ct	0	1	0	0	2	0	0	1	0	0	0	1	1	1	1	0	0	0	0	0	0	0	0	0	0	0	0	0	0	0	0	0	0	0
44663	2 Apr 26	12:35:00	1	0	34	0	Ct	0	1	0	0	2	16	0	1	0	0	1	0	0	0	0	0	1	0	0	0	0	5	0	2	0	0	0	0	0	0	0	0	2	0
44664	2 Apr 26	12:36:00	1	0	34	0	Ct	0	1	0	0	1	1	0	1	0	0	0	2	0	0	1	0	2	0	1	0	0	0	0	0	0	0	0	0	1	1	0	0	2	0
44665	2 Apr 26	12:37:00	1	0	34	0	Ct	0	1	1	0	1	1	0	0	0	2	0	3	0	1	0	0	4	0	0	0	2	0	0	3	0	0	0	0	0	0	0	0	1	0
44666	2 Apr 26	12:38:00	1	0	34	0	Ct	0	1	1	0	1	3	0	0	0	0	0	1	0	0	1	0	0	1	1	0	1	1	0	1	0	0	0	0	0	0	0	0	3	0
44667	2 Apr 26	12:39:00	1	0	34	0	Ct	0	1	0	0	0	3	0	0	0	0	0	0	0	0	0	0	3	1	0	0	0	4	0	1	0	0	0	0	0	0	0	0	0	0
44668	2 Apr 26	12:40:00	1	0	34	0	Ct	0	1	0	0	0	1	0	0	0	0	0	0	0	1	0	0	1	2	2	0	0	0	0	1	0	0	0	0	1	0	0	0	0	0
44669	2 Apr 26	12:41:00	1	0	34	0	Ct	0	1	0	0	0	2	0	0	0	0	0	0	0	0	0	0	0	0	0	0	1	0	0	1	0	0	0	0	3	2	0	0	0	0
44670	2 Apr 26	12:42:00	1	0	34	0	Ct	0	1	0	0	0	0	0	0	0	0	0	2	0	0	0	0	2	0	0	0	1	0	0	0	0	0	0	0	3	2	0	0	0	0
44671	2 Apr 26	12:43:00	1	0	34	0	Ct	0	1	0	0	0	0	0	0	0	0	0	0	0	0	0	0	0	0	1	0	4	0	0	0	0	0	0	0	0	0	0	0	0	0
44672	2 Apr 26	12:44:00	1	0	34	0	Ct	0	1	0	0	0	1	0	0	0	1	0	0	0	1	3	0	1	0	2	0	0	0	0	2	0	0	0	0	0	3	0	0	0	0
44673	2 Apr 26	12:45:00	1	0	34	0	Ct	0	1	0	0	0	5	0	0	0	1	0	3	0	1	3	0	0	0	0	0	0	0	0	1	0	0	0	0	0	0	0	0	0	0
44674	2 Apr 26	12:46:00	1	0	34	0	Ct	0	1	0	0	0	1	0	0	0	2	0	4	0	0	0	0	2	0	3	0	0	1	0	0	0	0	0	0	1	0	0	0	0	0
44675	2 Apr 26	12:47:00	1	0	34	0	Ct	0	1	0	0	0	2	0	0	0	0	0	1	0	1	0	0	0	0	1	0	0	0	0	2	0	2	0	0	1	0	0	0	0	0
44676	2 Apr 26	12:48:00	1	0	34	0	Ct	0	1	0	0	1	1	0	0	0	0	0	2	0	1	0	0	3	0	2	0	0	0	0	0	0	0	0	0	0	0	0	0	0	0
44677	2 Apr 26	12:49:00	1	0	34	0	Ct	0	1	1	0	1	1	0	0	0	0	0	0	2	1	0	0	0	0	0	0	1	0	0	0	0	0	0	0	0	2	0	0	0	0
44678	2 Apr 26	12:50:00	1	0	34	0	Ct	0	1	0	0	3	10	0	0	0	0	0	0	0	0	0	0	1	0	1	0	2	0	0	1	0	0	0	0	0	4	0	0	0	0
44679	2 Apr 26	12:51:00	1	0	34	0	Ct	0	1	3	0	0	0	0	0	0	0	0	0	0	1	0	0	3	0	1	0	0	0	0	5	0	0	0	0	1	0	0	0	0	0
44680	2 Apr 26	12:52:00	1	0	34	0	Ct	0	1	0	0	0	0	0	0	0	1	0	1	1	2	0	0	0	0	0	0	0	0	0	1	0	0	0	0	0	0	0	0	0	0
44681	2 Apr 26	12:53:00	1	0	34	0	Ct	0	1	0	0	0	0	0	0	0	0	3	1	1	0	0	0	3	0	2	0	0	0	0	4	0	0	0	0	0	1	0	0	0	0
44682	2 Apr 26	12:54:00	1	0	34	0	Ct	0	1	0	0	0	0	0	0	0	1	0	2	2	0	0	0	0	0	1	0	0	0	0	2	0	1	0	0	0	0	0	0	0	0
44683	2 Apr 26	12:55:00	1	0	34	0	Ct	0	1	0	0	0	1	0	0	0	0	0	0	0	0	0	0	0	0	1	0	2	1	0	1	0	2	0	0	0	5	0	0	0	0
44684	2 Apr 26	12:56:00	1	0	34	0	Ct	0	1	0	0	2	4	0	0	0	2	0	0	3	0	0	0	0	0	0	0	1	0	0	1	0	1	0	0	0	6	0	0	0	0
44685	2 Apr 26	12:57:00	1	0	34	0	Ct	0	1	0	0	0	1	0	0	4	0	0	2	0	0	0	0	2	0	1	0	1	1	0	0	0	1	0	0	0	1	0	0	0	0
44686	2 Apr 26	12:58:00	1	0	34	0	Ct	0	1	0	0	3	0	0	0	1	0	0	3	0	0	0	0	0	0	0	0	0	0	0	1	4	0	0	0	0	0	1	0	0	0
44687	2 Apr 26	12:59:00	1	0	34	0	Ct	0	1	0	0	0	0	0	0	0	0	0	3	2	2	0	0	0	0	0	0	0	0	0	1	4	1	0	0	0	0	2	0	0	0
44688	2 Apr 26	13:00:00	1	0	34	0	Ct	0	1	0	0	0	0	0	0	0	1	0	3	0	0	0	0	1	0	0	0	0	0	0	0	0	0	0	0	0	0	0	0	0	0
44689	2 Apr 26	13:01:00	1	0	34	0	Ct	0	1	0	0	0	0	0	0	0	0	0	0	0	0	0	0	1	0	2	0	0	5	0	1	0	1	0	0	0	0	0	0	0	0
44690	2 Apr 26	13:02:00	1	0	34	0	Ct	0	1	0	0	0	1	0	0	0	1	0	0	0	1	0	0	0	0	0	0	0	0	0	1	0	2	0	0	1	0	0	0	0	0
44691	2 Apr 26	13:03:00	1	0	34	0	Ct	0	1	0	0	0	1	0	0	0	4	0	2	0	0	1	0	1	0	2	0	0	3	0	0	0	1	0	0	1	1	0	0	0	0
44692	2 Apr 26	13:04:00	1	0	34	0	Ct	0	1	0	0	0	0	0	0	0	1	0	0	0	0	1	0	0	0	1	0	1	0	0	0	2	0	0	0	0	0	0	0	0	0
44693	2 Apr 26	13:05:00	1	0	34	0	Ct	0	1	0	0	0	1	0	0	0	0	0	0	0	0	2	0	1	0	0	0	0	3	0	0	3	0	0	0	0	1	0	0	0	0
44694	2 Apr 26	13:06:00	1	0	34	0	Ct	0	1	0	0	0	1	0	0	0	1	0	0	0	0	0	0	1	0	0	0	0	0	0	0	0	1	0	0	0	0	0	0	0	0
44695	2 Apr 26	13:07:00	1	0	34	0	Ct	0	1	0	0	0	1	0	0	0	3	0	0	2	2	0	0	1	0	1	0	0	0	0	1	3	0	0	0	1	0	0	0	0	0
44696	2 Apr 26	13:08:00	1	0	34	0	Ct	0	1	0	0	0	1	0	0	0	0	0	0	0	1	5	0	3	0	0	0	0	0	0	1	1	1	0	0	0	0	0	0	0	0
44697	2 Apr 26	13:09:00	1	0	34	0	Ct	0	1	0	0	0	1	0	0	0	0	0	3	0	0	0	0	2	0	1	0	0	1	0	0	0	0	0	0	1	0	0	0	0	0
44698	2 Apr 26	13:10:00	1	0	34	0	Ct	0	1	1	0	0	0	0	0	0	1	3	1	0	0	0	0	2	0	1	0	0	3	0	0	0	0	0	0	1	0	0	0	0	0
44699	2 Apr 26	13:11:00	1	0	34	0	Ct	0	1	0	0	0	1	0	0	0	0	0	0	2	1	2	0	2	0	3	0	0	2	0	0	6	0	0	0	2	0	0	0	0	0
44700	2 Apr 26	13:12:00	1	0	34	0	Ct	0	1	1	0	0	0	0	0	0	0	0	0	0	2	2	0	0	0	0	0	0	0	0	0	0	0	0	0	1	0	0	0	0	0
44701	2 Apr 26	13:13:00	1	0	34	0	Ct	0	1	0	0	0	3	0	0	0	1	0	0	0	0	0	1	2	0	1	0	0	0	0	0	0	3	0	0	4	0	0	0	0	0
44702	2 Apr 26	13:14:00	1	0	34	0	Ct	0	1	0	0	0	0	0	0	0	0	0	1	0	0	0	1	1	0	0	0	0	0	0	1	0	0	0	0	2	0	0	0	0	0
44703	2 Apr 26	13:15:00	1	0	34	0	Ct	0	1	0	0	0	0	0	0	0	0	0	3	0	0	0	0	0	0	0	0	0	0	0	2	0	2	0	0	1	0	0	0	0	0
44704	2 Apr 26	13:16:00	1	0	34	0	Ct	0	1	0	0	0	0	0	0	0	0	0	0	0	0	0	1	0	0	2	0	0	0	2	0	0	1	0	0	0	2	0	0	0	0
44705	2 Apr 26	13:17:00	1	0	34	0	Ct	0	1	0	0	0	0	0	0	0	0	0	0	1	0	0	4	0	0	0	0	0	1	0	0	2	2	0	0	0	2	0	0	0	0
44706	2 Apr 26	13:18:00	1	0	34	0	Ct	0	1	0	0	0	0	0	0	0	0	0	0	0	4	0	0	0	0	0	0	0	6	2	0	0	0	0	0	1	0	0	0	0	0
44707	2 Apr 26	13:19:00	1	0	34	0	Ct	0	1	0	0	0	0	0	2	0	0	0	0	1	3	0	0	2	2	0	0	0	8	0	0	0	0	0	0	2	3	0	0	0	0
44708	2 Apr 26	13:20:00	1	0	34	0	Ct	0	1	0	0	0	0	0	0	0	0	0	0	0	0	0	0	1	1	0	0	0	3	0	0	1	0	0	0	0	0	0	0	0	0
44709	2 Apr 26	13:21:00	1	0	34	0	Ct	0	1	0	0	0	0	0	0	0	0	0	0	0	0	0	0	0	0	0	0	0	1	0	2	3	0	0	0	0	1	0	0	0	0
44710	2 Apr 26	13:22:00	1	0	34	0	Ct	0	1	0	0	0	0	0	0	0	0	0	0	0	0	0	0	1	0	1	0	0	0	0	1	0	0	0	0	0	0	0	0	0	0
44711	2 Apr 26	13:23:00	1	0	34	0	Ct	0	1	0	0	0	0	0	0	0	0	1	0	3	0	0	0	1	0	1	0	0	3	0	2	0	2	0	0	2	0	0	0	0	0
44712	2 Apr 26	13:24:00	1	0	34	0	Ct	0	1	0	0	0	1	0	0	0	1	1	0	0	0	1	0	0	0	0	0	0	2	3	0	0	0	0	0	1	1	0	0	0	0
44713	2 Apr 26	13:25:00	1	0	34	0	Ct	0	1	0	0	0	1	0	0	0	0	0	0	0	0	1	0	0	0	2	0	0	5	1	0	0	2	0	0	2	5	0	0	0	0
44714	2 Apr 26	13:26:00	1	0	34	0	Ct	0	1	0	0	0	0	0	0	0	0	0	0	0	0	0	0	1	0	1	0	0	0	1	0	0	2	0	2	0	0	0	0	0	0
44715	2 Apr 26	13:27:00	1	0	34	0	Ct	0	1	0	0	0	0	0	0	0	0	0	0	0	0	0	0	0	0	0	0	0	0	0	2	0	1	0	1	2	1	0	0	0	0
44716	2 Apr 26	13:28:00	1	0	34	0	Ct	0	1	0	0	0	2	0	0	0	0	0	0	0	0	0	1	0	0	0	0	0	8	1	0	0	0	0	0	1	0	0	0	0	0
44717	2 Apr 26	13:29:00	1	0	34	0	Ct	0	1	0	0	0	0	0	0	0	0	0	0	0	1	2	0	1	0	0	0	0	4	1	0	0	4	0	1	0	0	0	0	0	0
44718	2 Apr 26	13:30:00	1	0	34	0	Ct	0	1	0	0	0	0	0	0	0	1	0	0	0	2	0	2	0	0	0	0	0	1	1	3	0	3	0	1	3	0	0	0	0	0
44719	2 Apr 26	13:31:00	1	0	34	0	Ct	0	1	0	0	1	0	0	0	0	0	0	0	0	0	0	0	0	0	0	0	0	1	1	0	0	3	0	0	0	0	0	0	0	0
44720	2 Apr 26	13:32:00	1	0	34	0	Ct	0	1	0	0	0	0	0	0	0	2	0	0	0	1	1	0	1	0	0	0	0	1	1	0	0	1	0	0	2	0	0	0	0	0
44721	2 Apr 26	13:33:00	1	0	34	0	Ct	0	1	0	0	2	0	0	0	0	0	0	2	0	0	0	0	0	0	1	0	0	0	0	0	0	1	0	0	0	0	0	0	0	0
44722	2 Apr 26	13:34:00	1	0	34	0	Ct	0	1	0	0	0	0	0	0	0	1	0	2	0	0	1	0	3	0	1	0	0	0	0	1	0	0	0	0	0	0	0	0	0	0
44723	2 Apr 26	13:35:00	1	0	34	0	Ct	0	1	0	0	0	0	0	0	0	3	0	0	0	2	0	0	0	0	0	0	0	2	1	2	0	2	0	0	0	0	0	0	0	0
44724	2 Apr 26	13:36:00	1	0	34	0	Ct	0	1	0	0	0	0	0	0	0	1	0	0	0	1	0	0	0	0	0	0	0	1	1	1	1	0	0	0	0	0	0	0	0	0
44725	2 Apr 26	13:37:00	1	0	34	0	Ct	0	1	0	0	0	2	0	0	0	2	0	0	0	0	1	0	3	0	0	0	0	0	0	0	0	0	0	0	0	0	0	0	0	0
44726	2 Apr 26	13:38:00	1	0	34	0	Ct	0	1	0	0	0	1	0	0	0	1	0	0	0	1	1	0	1	0	0	0	0	0	0	0	0	0	0	0	0	0	0	0	0	0
44727	2 Apr 26	13:39:00	1	0	34	0	Ct	0	1	0	0	0	0	0	0	0	1	0	2	0	1	0	3	0	0	2	0	0	0	0	2	0	0	0	0	2	4	0	0	0	0
44728	2 Apr 26	13:40:00	1	0	34	0	Ct	0	1	0	0	2	0	0	0	0	0	0	0	0	0	2	0	2	0	4	0	0	0	0	0	0	1	3	0	0	0	0	0	0	0
44729	2 Apr 26	13:41:00	1	0	34	0	Ct	0	1	0	0	2	2	0	0	0	2	0	0	0	1	0	0	1	0	0	0	0	0	2	2	0	0	1	0	0	0	1	0	0	0
44730	2 Apr 26	13:42:00	1	0	34	0	Ct	0	1	0	0	1	0	0	0	0	2	0	0	0	0	0	0	2	0	0	0	0	0	0	0	0	3	0	0	1	11	0	0	0	0
44731	2 Apr 26	13:43:00	1	0	34	0	Ct	0	1	0	0	0	0	0	0	0	0	0	0	0	1	2	0	0	0	0	0	0	0	0	3	0	0	0	0	1	1	0	0	0	0
44732	2 Apr 26	13:44:00	1	0	34	0	Ct	0	1	0	0	0	0	0	0	0	0	0	2	0	0	0	1	0	0	0	0	0	0	0	1	2	0	0	0	0	1	1	0	0	0
44733	2 Apr 26	13:45:00	1	0	34	0	Ct	0	1	0	0	0	2	0	0	0	1	0	3	0	0	0	0	0	0	0	0	0	0	1	0	1	0	0	1	0	0	0	0	0	0
44734	2 Apr 26	13:46:00	1	0	34	0	Ct	0	1	0	0	0	2	0	0	0	1	0	12	0	0	1	2	0	0	2	0	0	0	0	0	0	0	0	3	0	0	0	0	0	0
44735	2 Apr 26	13:47:00	1	0	34	0	Ct	0	1	0	0	0	1	0	0	0	0	0	8	0	0	1	1	0	0	0	0	0	0	0	0	0	3	0	0	0	0	4	0	0	0
44736	2 Apr 26	13:48:00	1	0	34	0	Ct	0	1	0	0	0	0	0	0	0	0	0	0	0	0	0	0	0	0	0	0	0	0	0	0	0	1	2	0	0	0	1	0	0	0
44737	2 Apr 26	13:49:00	1	0	34	0	Ct	0	1	0	0	0	0	0	0	0	0	0	0	3	0	2	0	0	0	0	0	0	3	3	0	0	0	0	0	3	3	0	0	0	0
44738	2 Apr 26	13:50:00	1	0	34	0	Ct	0	1	0	0	0	0	0	0	0	0	0	0	3	0	2	0	2	0	0	0	0	0	0	0	0	0	0	0	0	0	0	0	0	0
44739	2 Apr 26	13:51:00	1	0	34	0	Ct	0	1	0	0	0	0	0	0	0	0	0	1	1	0	0	2	0	0	0	0	0	2	0	0	0	0	0	1	1	0	2	0	0	0
44740	2 Apr 26	13:52:00	1	0	34	0	Ct	0	1	0	0	0	0	0	0	0	0	0	5	0	0	1	0	2	0	0	0	0	0	0	0	1	4	0	2	0	0	0	0	0	0
44741	2 Apr 26	13:53:00	1	0	34	0	Ct	0	1	0	0	0	0	0	0	0	0	6	0	0	1	1	0	0	0	2	0	0	0	0	1	3	2	0	5	1	4	2	0	0	0
44742	2 Apr 26	13:54:00	1	0	34	0	Ct	0	1	0	0	0	1	0	0	0	0	0	5	0	3	0	1	0	0	0	0	0	4	0	4	0	0	0	0	0	0	0	0	0	0
44743	2 Apr 26	13:55:00	1	0	34	0	Ct	0	1	0	0	0	1	0	0	1	0	1	2	2	4	1	1	0	0	0	0	0	0	0	1	0	0	0	1	0	0	0	0	0	0
44744	2 Apr 26	13:56:00	1	0	34	0	Ct	0	1	0	0	4	1	0	0	0	0	0	1	0	0	2	4	1	0	0	0	0	0	0	0	0	2	0	0	0	4	0	0	0	0
44745	2 Apr 26	13:57:00	1	0	34	0	Ct	0	1	1	0	0	2	0	0	4	0	0	1	0	1	3	2	1	0	0	0	0	0	0	0	0	0	0	1	0	0	0	0	0	0
44746	2 Apr 26	13:58:00	1	0	34	0	Ct	0	1	1	0	3	1	0	0	0	0	0	0	0	1	1	0	0	0	0	0	0	0	0	0	0	2	0	1	0	0	0	0	0	0
44747	2 Apr 26	13:59:00	1	0	34	0	Ct	0	1	0	0	3	2	0	0	0	0	0	0	0	0	0	0	0	0	0	0	0	0	0	2	0	0	0	2	0	3	0	0	0	0
44748	2 Apr 26	14:00:00	1	0	34	0	Ct	0	1	0	0	3	1	0	0	0	0	0	0	0	1	1	2	0	1	1	0	0	0	0	0	0	0	0	1	0	1	0	0	0	0
44749	2 Apr 26	14:01:00	1	0	34	0	Ct	0	1	0	0	0	1	0	0	0	0	0	0	0	0	0	1	10	2	1	0	0	0	0	3	0	0	0	0	0	2	0	0	1	0
44750	2 Apr 26	14:02:00	1	0	34	0	Ct	0	1	0	0	0	0	0	0	0	1	0	0	2	0	0	0	0	3	0	0	0	0	0	1	0	0	0	1	0	0	0	0	0	0
44751	2 Apr 26	14:03:00	1	0	34	0	Ct	0	1	0	0	0	2	0	0	0	1	0	0	0	1	3	5	0	4	0	0	0	1	0	1	0	1	0	4	0	0	0	0	0	0
44752	2 Apr 26	14:04:00	1	0	34	0	Ct	0	1	0	0	3	0	0	0	0	0	0	0	0	1	0	0	0	1	0	0	0	1	0	0	0	1	0	0	0	0	0	0	0	0
44753	2 Apr 26	14:05:00	1	0	34	0	Ct	0	1	0	0	1	0	0	0	2	0	0	1	0	0	0	1	0	0	2	0	1	2	0	2	0	0	0	1	0	0	0	0	0	0
44754	2 Apr 26	14:06:00	1	0	34	0	Ct	0	1	0	0	1	0	0	0	0	0	0	0	0	1	1	0	0	0	0	0	0	1	0	0	0	0	0	0	0	1	0	0	0	0
44755	2 Apr 26	14:07:00	1	0	34	0	Ct	0	1	0	0	0	0	0	0	0	0	0	0	0	0	2	0	0	0	0	0	0	1	0	3	0	0	0	1	0	0	0	0	0	0
44756	2 Apr 26	14:08:00	1	0	34	0	Ct	0	1	0	0	1	0	0	0	0	0	0	0	0	0	1	1	2	0	0	0	0	1	0	0	0	1	0	2	0	0	0	0	0	0
44757	2 Apr 26	14:09:00	1	0	34	0	Ct	0	1	0	0	0	0	0	0	0	0	0	0	0	0	1	0	3	0	0	0	0	0	0	0	0	0	0	1	1	0	0	0	0	0
44758	2 Apr 26	14:10:00	1	0	34	0	Ct	0	1	0	0	1	2	0	0	0	0	0	0	0	1	0	0	0	0	0	0	0	3	1	0	0	0	0	0	3	1	0	0	0	0
44759	2 Apr 26	14:11:00	1	0	34	0	Ct	0	1	0	0	0	0	0	0	0	0	0	0	0	0	0	0	1	0	0	0	0	0	0	0	0	0	0	0	0	2	0	0	0	0
44760	2 Apr 26	14:12:00	1	0	34	0	Ct	0	1	0	0	0	0	0	0	0	0	0	0	0	1	0	0	1	0	1	0	0	0	0	0	0	0	0	0	0	0	0	0	0	0
44761	2 Apr 26	14:13:00	1	0	34	0	Ct	0	1	0	0	1	0	0	0	1	0	0	1	1	1	1	8	6	1	1	0	0	2	0	0	0	1	0	0	0	2	0	0	0	0
44762	2 Apr 26	14:14:00	1	0	34	0	Ct	0	1	0	0	2	2	0	1	0	0	0	1	4	0	0	0	1	7	0	0	0	3	0	0	0	0	0	0	0	0	0	0	0	0
44763	2 Apr 26	14:15:00	1	0	34	0	Ct	0	1	0	0	2	2	0	0	0	0	0	0	1	0	1	0	0	0	1	0	0	4	0	0	0	0	0	0	0	0	0	0	0	0
44764	2 Apr 26	14:16:00	1	0	34	0	Ct	0	1	0	0	0	1	0	0	0	0	0	0	0	1	1	0	3	0	3	0	0	0	0	0	0	0	0	0	1	4	0	0	0	0
44765	2 Apr 26	14:17:00	1	0	34	0	Ct	0	1	0	0	0	0	0	0	0	0	0	0	0	0	1	0	1	0	1	0	0	1	0	0	0	0	0	0	3	0	0	0	0	1
44766	2 Apr 26	14:18:00	1	0	34	0	Ct	0	1	0	0	0	3	0	0	0	0	0	1	0	0	0	0	0	0	2	0	0	0	0	0	0	0	0	0	0	0	0	0	0	1
44767	2 Apr 26	14:19:00	1	0	34	0	Ct	0	1	0	0	0	0	0	0	0	0	0	1	0	1	1	2	1	5	0	0	0	0	0	0	0	0	0	0	0	0	0	0	0	0
44768	2 Apr 26	14:20:00	1	0	34	0	Ct	0	1	0	0	0	0	0	1	0	0	0	0	0	0	2	4	0	0	1	0	0	2	0	0	0	0	0	0	2	1	0	0	0	0
44769	2 Apr 26	14:21:00	1	0	34	0	Ct	0	1	0	0	0	1	0	0	0	0	0	0	0	0	0	0	2	1	0	0	0	2	0	0	0	0	0	0	0	0	0	0	0	0
44770	2 Apr 26	14:22:00	1	0	34	0	Ct	0	1	0	0	0	2	0	0	0	0	0	0	0	0	0	0	4	0	3	0	0	0	0	0	0	0	0	0	0	0	0	0	0	0
44771	2 Apr 26	14:23:00	1	0	34	0	Ct	0	1	0	0	3	0	0	0	0	0	0	0	0	0	2	1	0	0	0	0	0	0	0	0	0	0	0	0	0	0	0	0	0	0
44772	2 Apr 26	14:24:00	1	0	34	0	Ct	0	1	0	0	0	1	0	0	0	0	0	0	0	1	0	0	1	1	0	0	0	0	0	0	0	0	0	0	0	0	0	0	0	0
44773	2 Apr 26	14:25:00	1	0	34	0	Ct	0	1	0	0	0	4	0	0	0	0	0	0	0	0	0	3	0	0	0	0	0	0	0	0	0	0	0	0	0	2	0	0	0	0
44774	2 Apr 26	14:26:00	1	0	34	0	Ct	0	1	0	0	1	1	0	0	0	0	0	0	0	1	0	0	0	0	1	0	0	3	0	0	0	0	0	0	0	1	0	0	0	0
44775	2 Apr 26	14:27:00	1	0	34	0	Ct	0	1	0	0	1	0	0	0	0	0	0	0	0	1	0	8	2	0	1	0	0	2	0	0	0	0	0	0	1	0	0	0	0	0
44776	2 Apr 26	14:28:00	1	0	34	0	Ct	0	1	0	0	1	0	0	0	0	0	0	0	0	0	2	0	0	0	0	0	0	0	0	0	0	0	0	0	0	2	0	0	0	0
44777	2 Apr 26	14:29:00	1	0	34	0	Ct	0	1	0	0	1	0	0	0	0	0	0	1	0	1	0	0	7	0	1	0	0	2	0	0	0	0	0	0	1	0	0	0	0	0
44778	2 Apr 26	14:30:00	1	0	34	0	Ct	0	1	0	0	0	3	0	0	0	0	0	1	0	0	0	0	1	0	2	0	0	0	0	0	0	0	0	0	0	3	0	0	0	0
44779	2 Apr 26	14:31:00	1	0	34	0	Ct	0	1	0	0	0	0	0	0	1	0	0	0	0	1	1	0	1	0	0	0	0	0	0	0	0	0	0	0	0	0	0	0	0	0
44780	2 Apr 26	14:32:00	1	0	34	0	Ct	0	1	0	0	0	0	0	0	0	0	0	0	0	1	0	2	0	0	1	0	0	0	0	0	0	0	0	0	0	5	0	0	0	0
44781	2 Apr 26	14:33:00	1	0	34	0	Ct	0	1	0	0	0	0	0	0	0	0	0	0	0	1	0	0	0	0	1	0	0	10	0	0	0	0	0	0	0	0	0	0	0	0
44782	2 Apr 26	14:34:00	1	0	34	0	Ct	0	1	0	0	3	0	0	0	0	3	0	0	0	0	1	0	0	0	1	0	0	3	0	0	0	0	0	0	0	0	0	0	0	0
44783	2 Apr 26	14:35:00	1	0	34	0	Ct	0	1	0	0	0	2	0	0	0	1	0	0	0	1	0	4	0	0	0	0	0	0	0	0	0	0	3	0	0	0	0	0	0	0
44784	2 Apr 26	14:36:00	1	0	34	0	Ct	0	1	0	0	0	0	0	0	0	0	0	1	0	1	1	4	1	0	0	0	0	0	5	0	0	0	0	0	0	1	0	0	0	0
44785	2 Apr 26	14:37:00	1	0	34	0	Ct	0	1	0	0	1	1	0	0	0	2	0	2	0	2	1	0	0	0	0	0	0	1	3	3	0	0	0	0	0	0	0	0	0	0
44786	2 Apr 26	14:38:00	1	0	34	0	Ct	0	1	0	0	0	2	0	0	0	1	0	0	0	0	0	0	1	0	0	0	0	5	7	0	0	0	2	0	0	0	0	0	0	0
44787	2 Apr 26	14:39:00	1	0	34	0	Ct	0	1	0	0	0	3	0	0	0	0	0	0	0	1	0	0	0	0	1	0	0	0	0	0	0	0	0	0	0	0	0	0	0	0
44788	2 Apr 26	14:40:00	1	0	34	0	Ct	0	1	0	0	0	2	0	0	0	1	0	0	0	1	0	0	0	0	0	0	0	1	1	0	0	0	0	1	0	0	0	0	0	0
44789	2 Apr 26	14:41:00	1	0	34	0	Ct	0	1	0	0	0	0	0	0	0	0	0	1	0	1	0	0	0	0	3	0	0	1	1	0	0	0	0	0	2	0	0	0	0	0
44790	2 Apr 26	14:42:00	1	0	34	0	Ct	0	1	0	0	0	0	0	0	0	0	0	2	0	2	0	2	1	0	1	0	0	0	0	0	0	0	1	2	0	0	0	0	0	0
44791	2 Apr 26	14:43:00	1	0	34	0	Ct	0	1	0	0	2	1	0	0	0	0	0	0	0	0	0	0	0	0	0	0	0	0	5	0	0	0	1	3	0	0	0	0	0	0
44792	2 Apr 26	14:44:00	1	0	34	0	Ct	0	1	1	0	2	2	0	0	0	0	0	2	0	1	1	1	1	0	0	0	0	3	0	1	0	0	2	0	0	0	0	0	0	0
44793	2 Apr 26	14:45:00	1	0	34	0	Ct	0	1	1	0	0	2	0	0	0	0	0	0	2	0	1	2	0	0	1	0	0	0	2	4	0	0	2	0	0	0	0	0	0	0
44794	2 Apr 26	14:46:00	1	0	34	0	Ct	0	1	2	0	0	2	0	0	0	0	0	3	0	4	2	0	3	0	0	0	0	2	0	0	0	0	0	0	0	0	0	0	0	0
44795	2 Apr 26	14:47:00	1	0	34	0	Ct	0	1	4	0	1	3	0	0	0	0	0	1	0	0	0	0	2	0	0	0	0	2	3	0	0	0	0	1	0	0	0	0	0	0
44796	2 Apr 26	14:48:00	1	0	34	0	Ct	0	1	0	0	1	3	0	0	0	0	0	0	0	1	0	0	1	0	0	0	0	1	0	0	0	0	0	1	0	0	0	0	0	0
44797	2 Apr 26	14:49:00	1	0	34	0	Ct	0	1	5	0	0	1	0	0	0	0	0	0	1	1	0	0	0	0	1	0	0	0	0	0	0	0	0	0	0	0	0	0	0	0
44798	2 Apr 26	14:50:00	1	0	34	0	Ct	0	1	0	0	1	1	0	0	0	0	0	0	5	1	0	0	0	0	1	0	0	0	2	0	0	0	0	0	4	1	0	0	0	0
44799	2 Apr 26	14:51:00	1	0	34	0	Ct	0	1	2	0	0	1	0	1	0	0	0	0	0	0	0	0	3	0	0	0	0	0	2	0	0	0	0	3	0	0	0	0	0	0
44800	2 Apr 26	14:52:00	1	0	34	0	Ct	0	1	0	0	2	3	0	0	0	0	0	0	0	0	0	0	4	0	0	2	0	0	0	0	0	0	0	0	0	0	0	0	0	0
44801	2 Apr 26	14:53:00	1	0	34	0	Ct	0	1	2	0	0	4	0	2	0	0	0	0	0	0	0	0	0	0	0	0	0	0	2	0	1	0	0	0	0	0	0	0	0	0
44802	2 Apr 26	14:54:00	1	0	34	0	Ct	0	1	2	0	1	3	0	0	0	0	0	0	0	0	0	1	1	0	0	2	0	0	0	0	0	1	0	0	0	0	0	0	0	0
44803	2 Apr 26	14:55:00	1	0	34	0	Ct	0	1	0	0	0	0	0	4	0	0	0	0	0	0	3	0	0	0	0	0	0	0	0	0	0	0	0	0	1	1	0	0	0	0
44804	2 Apr 26	14:56:00	1	0	34	0	Ct	0	1	1	0	0	4	0	0	0	0	0	0	0	1	1	2	0	0	1	0	0	0	0	0	0	2	0	0	0	0	0	0	0	0
44805	2 Apr 26	14:57:00	1	0	34	0	Ct	0	1	0	0	0	2	0	0	0	0	0	0	0	0	0	0	0	0	0	0	0	3	0	0	0	0	0	0	0	0	0	0	0	0
44806	2 Apr 26	14:58:00	1	0	34	0	Ct	0	1	2	0	0	0	0	0	0	0	0	0	2	0	1	0	1	0	1	0	0	0	0	0	0	0	0	0	0	0	0	0	0	0
44807	2 Apr 26	14:59:00	1	0	34	0	Ct	0	1	0	0	0	0	0	0	0	0	0	1	3	0	0	0	0	0	1	0	0	0	0	0	0	0	0	0	1	0	0	0	0	0
44808	2 Apr 26	15:00:00	1	0	34	0	Ct	0	1	0	0	0	0	0	0	0	0	0	0	1	1	1	0	1	0	1	0	0	0	0	2	0	1	0	1	1	2	0	0	0	0
44809	2 Apr 26	15:01:00	1	0	34	0	Ct	0	1	0	0	0	0	0	2	0	2	0	3	0	1	0	0	3	0	0	0	0	0	0	0	0	0	0	2	3	0	0	0	0	0
44810	2 Apr 26	15:02:00	1	0	34	0	Ct	0	1	0	0	0	0	0	0	0	1	0	1	0	0	1	0	0	0	1	0	0	0	0	1	0	0	0	5	0	0	0	0	0	0
44811	2 Apr 26	15:03:00	1	0	34	0	Ct	0	1	1	0	0	0	0	2	0	0	0	0	1	1	0	0	0	0	0	0	0	0	0	0	0	0	0	1	2	0	0	0	0	0
44812	2 Apr 26	15:04:00	1	0	34	0	Ct	0	1	1	0	1	0	0	0	0	0	0	0	1	0	0	1	0	0	1	0	0	0	0	0	0	1	0	0	0	0	0	0	0	0
44813	2 Apr 26	15:05:00	1	0	34	0	Ct	0	1	1	0	0	0	0	0	0	1	0	0	0	2	0	2	1	0	0	0	0	0	0	0	0	3	0	1	0	0	0	0	0	0
44814	2 Apr 26	15:06:00	1	0	34	0	Ct	0	1	3	0	1	0	0	0	0	0	0	0	0	1	1	0	1	0	1	0	0	0	0	2	0	0	3	1	0	1	0	0	0	0
44815	2 Apr 26	15:07:00	1	0	34	0	Ct	0	1	1	0	1	0	0	0	0	3	0	0	0	0	0	0	1	0	0	0	0	3	0	2	0	0	0	0	1	1	0	0	0	0
44816	2 Apr 26	15:08:00	1	0	34	0	Ct	0	1	0	0	3	0	0	0	0	0	0	0	1	2	1	0	0	0	0	0	0	0	0	0	0	6	0	0	0	1	0	0	0	0
44817	2 Apr 26	15:09:00	1	0	34	0	Ct	0	1	1	0	1	0	0	0	0	0	0	0	2	0	1	0	0	0	0	0	0	0	0	0	0	1	0	0	3	0	0	0	0	0
44818	2 Apr 26	15:10:00	1	0	34	0	Ct	0	1	1	0	2	0	0	0	0	1	0	0	5	1	0	0	0	0	1	0	0	0	2	1	0	0	3	0	2	0	0	0	0	0
44819	2 Apr 26	15:11:00	1	0	34	0	Ct	0	1	2	0	1	0	0	0	0	0	0	1	0	1	0	0	2	0	1	0	0	3	0	0	0	0	0	2	0	0	0	0	0	0
44820	2 Apr 26	15:12:00	1	0	34	0	Ct	0	1	1	0	1	0	0	0	0	0	0	3	0	0	1	0	1	0	0	0	0	5	0	0	0	0	0	0	3	0	0	0	0	0
44821	2 Apr 26	15:13:00	1	0	34	0	Ct	0	1	2	0	0	0	0	0	0	0	0	0	0	0	1	0	3	0	0	0	0	0	1	0	0	0	0	0	0	0	0	0	0	0
44822	2 Apr 26	15:14:00	1	0	34	0	Ct	0	1	0	0	0	0	0	0	0	0	0	0	7	1	0	0	0	0	0	0	0	0	1	0	0	0	0	2	0	0	0	0	0	0
44823	2 Apr 26	15:15:00	1	0	34	0	Ct	0	1	1	0	0	2	0	0	0	0	0	0	0	0	0	0	2	0	5	0	0	0	0	0	0	2	0	0	0	0	0	0	0	0
44824	2 Apr 26	15:16:00	1	0	34	0	Ct	0	1	0	0	2	0	0	0	0	0	0	0	0	0	0	0	0	0	0	0	0	0	0	0	0	0	0	0	1	0	0	0	0	0
44825	2 Apr 26	15:17:00	1	0	34	0	Ct	0	1	1	0	0	0	0	0	0	0	0	0	0	2	1	0	0	0	2	0	0	0	0	0	0	0	0	0	2	0	0	0	0	0
44826	2 Apr 26	15:18:00	1	0	34	0	Ct	0	1	2	0	0	2	0	0	0	2	0	0	0	0	0	0	1	0	0	0	0	0	0	0	0	0	1	0	2	0	0	0	0	0
44827	2 Apr 26	15:19:00	1	0	34	0	Ct	0	1	2	0	0	0	0	0	0	1	0	0	0	0	1	1	2	0	0	0	0	4	0	0	0	0	1	0	1	0	0	0	0	0
44828	2 Apr 26	15:20:00	1	0	34	0	Ct	0	1	0	0	0	0	0	0	0	0	0	0	0	0	0	1	3	0	2	0	0	0	0	0	0	0	0	1	0	0	0	0	0	0
44829	2 Apr 26	15:21:00	1	0	34	0	Ct	0	1	0	0	0	0	0	0	0	0	0	1	6	1	0	0	3	0	0	0	0	0	0	0	0	1	0	0	0	0	0	0	0	0
44830	2 Apr 26	15:22:00	1	0	34	0	Ct	0	1	0	0	4	0	0	0	0	0	0	4	4	1	0	1	0	0	1	0	0	1	1	0	1	0	0	3	0	0	0	0	0	0
44831	2 Apr 26	15:23:00	1	0	34	0	Ct	0	1	0	0	0	1	0	0	0	0	0	0	0	1	0	1	1	0	1	0	0	2	0	2	5	1	0	3	0	0	0	0	0	0
44832	2 Apr 26	15:24:00	1	0	34	0	Ct	0	1	0	0	2	1	0	0	0	0	0	0	0	1	0	2	2	0	1	0	0	0	0	0	2	0	0	2	0	0	0	0	0	0
44833	2 Apr 26	15:25:00	1	0	34	0	Ct	0	1	0	0	2	0	0	0	0	3	0	0	0	1	1	1	1	0	1	0	0	0	0	0	0	0	0	2	0	1	0	0	0	0
44834	2 Apr 26	15:26:00	1	0	34	0	Ct	0	1	0	0	1	0	0	0	0	0	0	1	0	0	0	0	0	0	0	0	0	0	0	0	0	1	0	0	0	0	0	0	0	0
44835	2 Apr 26	15:27:00	1	0	34	0	Ct	0	1	0	0	0	0	0	0	0	0	0	0	0	0	1	0	1	0	1	0	0	2	4	2	0	0	0	2	0	0	0	0	0	0
44836	2 Apr 26	15:28:00	1	0	34	0	Ct	0	1	0	0	0	0	0	0	0	0	0	0	0	3	0	0	0	0	0	0	0	1	0	0	0	1	0	2	0	0	0	0	0	0
44837	2 Apr 26	15:29:00	1	0	34	0	Ct	0	1	0	0	0	0	0	0	0	0	0	0	0	1	0	2	1	0	1	0	0	0	2	0	1	0	0	0	0	4	0	0	0	0
44838	2 Apr 26	15:30:00	1	0	34	0	Ct	0	1	0	0	3	2	0	0	0	0	0	0	0	1	0	1	1	0	0	0	0	0	0	0	0	0	0	1	0	0	1	0	0	0
44839	2 Apr 26	15:31:00	1	0	34	0	Ct	0	1	1	0	0	2	0	0	0	0	0	0	0	0	1	0	1	0	0	0	0	0	0	0	0	0	0	3	0	0	2	0	0	0
44840	2 Apr 26	15:32:00	1	0	34	0	Ct	0	1	1	0	1	1	0	0	0	0	0	0	0	2	0	0	1	0	0	0	0	0	0	0	0	0	0	0	0	4	0	0	0	0
44841	2 Apr 26	15:33:00	1	0	34	0	Ct	0	1	0	0	0	1	0	0	0	0	0	2	0	1	0	0	1	0	1	0	0	0	1	0	0	8	0	2	0	0	0	0	0	0
44842	2 Apr 26	15:34:00	1	0	34	0	Ct	0	1	0	0	0	2	0	0	0	1	0	0	0	3	1	0	0	0	1	0	0	0	2	0	0	1	0	0	0	1	0	0	0	0
44843	2 Apr 26	15:35:00	1	0	34	0	Ct	0	1	0	0	1	0	0	0	0	0	0	0	0	0	1	0	1	0	0	0	0	0	1	0	0	3	0	0	0	5	0	0	0	0
44844	2 Apr 26	15:36:00	1	0	34	0	Ct	0	1	0	0	0	0	0	0	0	0	0	1	2	1	0	0	1	0	1	0	0	0	0	0	0	0	0	0	0	1	3	0	0	0
44845	2 Apr 26	15:37:00	1	0	34	0	Ct	0	1	0	0	0	0	0	0	0	0	0	0	1	0	4	2	2	0	2	0	0	0	0	0	0	3	0	0	0	0	0	0	0	0
44846	2 Apr 26	15:38:00	1	0	34	0	Ct	0	1	0	0	0	2	0	0	0	0	0	0	0	1	0	1	0	0	0	0	0	0	0	0	0	0	0	0	0	1	0	0	0	0
44847	2 Apr 26	15:39:00	1	0	34	0	Ct	0	1	0	0	0	0	0	0	0	0	0	0	0	0	2	0	1	0	0	0	0	1	2	0	0	0	0	0	0	2	0	0	0	0
44848	2 Apr 26	15:40:00	1	0	34	0	Ct	0	1	0	0	0	0	0	0	0	0	0	1	0	2	0	0	1	0	0	0	0	2	0	1	0	1	0	0	0	2	0	0	0	0
44849	2 Apr 26	15:41:00	1	0	34	0	Ct	0	1	0	0	0	0	0	0	0	0	0	0	2	0	0	1	0	0	0	0	0	0	5	0	0	0	0	0	0	1	0	0	0	0
44850	2 Apr 26	15:42:00	1	0	34	0	Ct	0	1	0	0	0	0	0	0	0	0	0	1	1	0	0	0	2	0	0	0	0	0	0	1	0	0	0	3	1	0	0	0	0	0
44851	2 Apr 26	15:43:00	1	0	34	0	Ct	0	1	0	0	0	0	0	0	0	0	0	0	0	1	2	0	0	0	0	0	0	0	0	0	0	0	0	0	3	0	0	0	0	0
44852	2 Apr 26	15:44:00	1	0	34	0	Ct	0	1	0	0	0	1	0	0	0	1	0	1	0	1	0	1	1	0	0	0	0	0	0	1	0	2	3	0	0	3	0	0	0	0
44853	2 Apr 26	15:45:00	1	0	34	0	Ct	0	1	0	0	0	1	0	0	0	0	0	0	0	1	2	0	2	0	0	0	0	4	0	0	0	0	0	0	3	1	0	0	0	0
44854	2 Apr 26	15:46:00	1	0	34	0	Ct	0	1	0	0	2	2	0	0	0	0	0	0	0	0	1	0	1	0	0	0	0	0	0	3	0	0	0	0	2	2	0	0	0	0
44855	2 Apr 26	15:47:00	1	0	34	0	Ct	0	1	0	0	1	0	0	0	0	0	0	0	1	2	0	1	0	0	0	0	0	0	0	2	0	0	0	2	0	0	0	0	0	0
44856	2 Apr 26	15:48:00	1	0	34	0	Ct	0	1	0	0	0	0	0	0	0	0	0	0	1	2	0	0	1	0	0	0	0	0	1	1	0	1	0	1	0	0	2	0	0	0
44857	2 Apr 26	15:49:00	1	0	34	0	Ct	0	1	0	0	0	0	0	1	0	0	0	0	0	1	0	0	1	0	0	0	0	0	0	0	0	0	0	0	1	0	0	0	0	0
44858	2 Apr 26	15:50:00	1	0	34	0	Ct	0	1	0	0	1	0	0	1	0	0	0	0	0	0	5	1	0	0	0	0	0	0	1	0	0	3	0	1	0	1	1	0	0	0
44859	2 Apr 26	15:51:00	1	0	34	0	Ct	0	1	0	0	2	0	0	0	0	0	0	0	0	3	0	0	1	0	0	0	0	0	0	2	0	0	0	1	0	0	0	0	0	0
44860	2 Apr 26	15:52:00	1	0	34	0	Ct	0	1	0	0	3	0	0	0	0	0	0	0	1	1	0	2	0	0	0	0	1	0	0	0	0	0	0	0	0	0	0	0	0	0
44861	2 Apr 26	15:53:00	1	0	34	0	Ct	0	1	0	0	0	0	0	0	0	0	0	0	0	1	1	0	0	0	0	0	2	0	0	0	0	1	0	2	0	0	0	0	0	0
44862	2 Apr 26	15:54:00	1	0	34	0	Ct	0	1	0	0	0	0	0	0	0	0	0	0	1	2	0	0	0	0	0	0	3	0	0	0	0	1	0	2	0	0	0	0	0	0
44863	2 Apr 26	15:55:00	1	0	34	0	Ct	0	1	0	0	0	0	0	0	0	0	0	2	0	0	0	0	0	0	0	0	0	0	0	0	0	1	0	3	0	0	0	0	0	0
44864	2 Apr 26	15:56:00	1	0	34	0	Ct	0	1	0	0	0	0	0	0	0	0	0	0	0	2	0	0	3	0	0	0	0	0	0	1	0	0	0	4	1	0	0	0	0	0
44865	2 Apr 26	15:57:00	1	0	34	0	Ct	0	1	0	0	0	0	0	0	0	0	0	0	1	2	0	0	1	0	0	0	0	0	0	1	0	0	0	0	0	0	0	0	0	0
44866	2 Apr 26	15:58:00	1	0	34	0	Ct	0	1	0	0	0	0	0	0	0	0	0	0	2	2	0	5	0	0	0	0	0	0	0	1	0	0	0	1	0	2	0	0	0	0
44867	2 Apr 26	15:59:00	1	0	34	0	Ct	0	1	1	0	0	0	0	0	0	0	0	0	3	0	0	0	0	0	0	0	0	0	0	2	0	1	0	1	0	0	0	0	0	0
44868	2 Apr 26	16:00:00	1	0	34	0	Ct	0	1	3	0	0	0	0	0	0	0	0	0	1	1	0	1	0	0	0	0	0	0	2	0	0	0	0	0	0	0	0	0	0	0
44869	2 Apr 26	16:01:00	1	0	34	0	Ct	0	1	0	0	0	0	0	3	0	0	0	1	0	0	0	0	1	0	0	0	1	0	0	1	0	2	0	0	0	0	0	0	0	0
44870	2 Apr 26	16:02:00	1	0	34	0	Ct	0	1	0	0	0	1	0	0	0	0	0	0	0	1	0	1	1	0	0	0	2	0	0	1	0	1	0	0	0	0	0	0	0	0
44871	2 Apr 26	16:03:00	1	0	34	0	Ct	0	1	0	0	0	0	0	0	0	0	0	0	2	0	0	0	0	0	0	0	1	0	0	0	2	1	0	1	0	2	0	0	0	0
44872	2 Apr 26	16:04:00	1	0	34	0	Ct	0	1	0	0	0	1	0	2	0	2	0	2	1	3	0	2	0	0	0	0	0	1	0	2	0	2	0	0	0	0	0	0	0	0
44873	2 Apr 26	16:05:00	1	0	34	0	Ct	0	1	0	0	0	0	0	0	0	0	0	0	0	0	0	1	0	2	0	0	3	0	0	2	0	3	0	3	2	1	0	0	0	0
44874	2 Apr 26	16:06:00	1	0	34	0	Ct	0	1	0	0	0	0	0	0	0	2	0	2	0	2	1	1	0	0	0	0	3	0	0	3	0	0	0	1	0	1	0	0	0	0
44875	2 Apr 26	16:07:00	1	0	34	0	Ct	0	1	0	0	0	0	0	2	0	1	0	1	0	0	1	0	1	0	0	0	0	0	0	0	0	0	0	2	1	0	0	0	0	0
44876	2 Apr 26	16:08:00	1	0	34	0	Ct	0	1	0	0	0	1	0	0	0	0	0	5	0	1	0	0	1	1	0	0	0	0	0	2	0	0	0	0	0	0	0	0	0	0
44877	2 Apr 26	16:09:00	1	0	34	0	Ct	0	1	0	0	0	4	0	4	0	0	0	2	0	0	0	2	0	3	0	0	0	0	0	3	0	0	0	0	0	0	0	0	0	0
44878	2 Apr 26	16:10:00	1	0	34	0	Ct	0	1	0	0	0	0	0	0	0	0	0	1	0	0	0	0	1	0	0	0	1	0	0	1	0	0	0	0	2	0	0	0	0	0
44879	2 Apr 26	16:11:00	1	0	34	0	Ct	0	1	0	0	0	0	0	0	0	1	0	6	0	0	0	1	1	0	0	0	1	0	0	0	0	0	0	0	0	2	0	0	0	0
44880	2 Apr 26	16:12:00	1	0	34	0	Ct	0	1	0	0	1	0	0	0	0	1	0	0	0	0	0	0	1	5	0	1	3	0	0	0	0	0	0	0	3	0	0	0	0	0
44881	2 Apr 26	16:13:00	1	0	34	0	Ct	0	1	0	0	2	0	0	0	0	0	0	0	0	0	0	1	0	1	0	1	1	0	0	0	0	0	0	2	0	0	1	0	0	0
44882	2 Apr 26	16:14:00	1	0	34	0	Ct	0	1	0	0	0	0	0	0	0	0	0	2	0	0	1	0	1	0	0	0	0	0	0	0	0	0	0	1	0	0	0	0	0	0
44883	2 Apr 26	16:15:00	1	0	34	0	Ct	0	1	0	0	2	1	0	0	0	0	0	0	0	2	1	0	0	1	0	0	0	0	0	0	0	0	0	0	0	0	0	0	0	0
44884	2 Apr 26	16:16:00	1	0	34	0	Ct	0	1	2	0	3	3	0	0	0	2	0	2	1	0	0	3	1	0	0	0	0	0	0	0	0	0	0	1	0	0	0	0	2	0
44885	2 Apr 26	16:17:00	1	0	34	0	Ct	0	1	1	0	0	2	0	0	0	0	0	0	0	1	0	0	1	0	0	0	0	0	0	0	0	0	0	0	0	1	0	0	8	0
44886	2 Apr 26	16:18:00	1	0	34	0	Ct	0	1	0	0	0	0	0	0	0	0	0	0	2	4	0	1	1	0	0	0	1	0	0	3	0	0	0	1	0	0	0	0	0	0
44887	2 Apr 26	16:19:00	1	0	34	0	Ct	0	1	0	0	1	0	0	0	0	0	0	1	0	1	0	0	0	0	0	0	0	0	0	2	2	0	0	2	0	0	0	0	0	0
44888	2 Apr 26	16:20:00	1	0	34	0	Ct	0	1	0	0	1	0	0	0	0	0	0	0	0	0	1	0	0	0	0	0	0	0	0	2	2	0	0	0	0	1	0	0	0	0
44889	2 Apr 26	16:21:00	1	0	34	0	Ct	0	1	0	0	1	4	0	0	0	0	0	0	0	1	1	0	1	0	0	0	0	0	0	0	1	0	0	4	1	0	0	0	0	1
44890	2 Apr 26	16:22:00	1	0	34	0	Ct	0	1	0	0	1	1	0	0	0	1	0	1	0	0	0	0	0	0	0	0	0	0	0	4	0	0	0	0	0	0	0	0	0	1
44891	2 Apr 26	16:23:00	1	0	34	0	Ct	0	1	0	0	4	1	0	0	0	0	0	0	0	2	0	0	1	0	0	0	2	0	0	2	0	0	0	0	3	0	0	0	0	0
44892	2 Apr 26	16:24:00	1	0	34	0	Ct	0	1	0	0	1	10	0	0	0	0	0	2	0	0	0	0	1	0	1	0	0	0	0	0	0	0	0	3	2	0	0	0	0	0
44893	2 Apr 26	16:25:00	1	0	34	0	Ct	0	1	0	0	0	2	0	0	0	0	0	0	0	0	1	1	0	0	1	0	0	10	0	1	0	0	0	1	6	0	0	0	0	0
44894	2 Apr 26	16:26:00	1	0	34	0	Ct	0	1	0	0	0	3	0	0	0	0	0	0	0	0	1	0	0	0	0	0	0	0	0	1	0	0	0	1	0	0	0	0	0	0
44895	2 Apr 26	16:27:00	1	0	34	0	Ct	0	1	1	0	0	8	0	0	0	1	0	0	0	0	0	0	0	0	0	0	0	1	0	3	0	0	0	6	0	0	0	0	0	0
44896	2 Apr 26	16:28:00	1	0	34	0	Ct	0	1	1	0	1	0	0	0	0	0	0	1	0	1	1	5	0	0	0	0	0	0	0	0	0	0	0	0	0	0	0	0	0	0
44897	2 Apr 26	16:29:00	1	0	34	0	Ct	0	1	0	0	0	0	0	0	0	0	0	1	0	0	0	0	0	0	3	0	0	0	0	2	0	0	0	0	0	0	0	0	0	0
44898	2 Apr 26	16:30:00	1	0	34	0	Ct	0	1	0	0	0	0	0	0	0	0	0	0	0	1	1	0	0	1	0	0	0	0	0	0	0	0	0	0	1	3	0	0	2	0
44899	2 Apr 26	16:31:00	1	0	34	0	Ct	0	1	2	0	4	0	0	0	0	0	0	0	0	0	0	0	1	1	0	0	0	0	1	1	0	0	0	0	1	1	1	0	0	0
44900	2 Apr 26	16:32:00	1	0	34	0	Ct	0	1	0	0	0	0	0	0	0	0	0	0	0	0	0	0	1	0	0	0	2	0	1	1	0	0	0	3	0	0	4	0	0	0
44901	2 Apr 26	16:33:00	1	0	34	0	Ct	0	1	0	0	0	0	0	0	0	0	0	1	0	0	0	0	0	0	0	0	0	0	0	0	0	0	0	0	0	0	2	0	0	0
44902	2 Apr 26	16:34:00	1	0	34	0	Ct	0	1	0	0	0	0	0	0	0	1	0	2	0	1	1	0	1	0	2	0	0	0	0	0	0	0	0	0	0	0	0	0	0	0
44903	2 Apr 26	16:35:00	1	0	34	0	Ct	0	1	0	0	0	0	0	0	0	0	0	2	0	1	0	1	1	0	1	0	0	0	0	0	0	0	0	0	0	0	0	0	0	0
44904	2 Apr 26	16:36:00	1	0	34	0	Ct	0	1	0	0	0	4	0	0	0	0	0	1	0	0	1	0	0	0	0	0	0	0	0	0	0	0	0	0	0	2	0	0	0	0
44905	2 Apr 26	16:37:00	1	0	34	0	Ct	0	1	2	0	0	2	0	0	0	0	0	0	0	1	0	1	0	0	0	0	0	0	0	1	0	0	2	0	0	0	0	0	0	3
44906	2 Apr 26	16:38:00	1	0	34	0	Ct	0	1	2	0	0	0	0	0	0	0	0	0	0	2	0	0	1	0	0	0	0	0	1	1	0	0	2	0	0	0	0	0	0	1
44907	2 Apr 26	16:39:00	1	0	34	0	Ct	0	1	1	0	0	0	0	0	0	0	0	1	0	0	0	0	1	0	0	0	0	0	1	0	0	0	0	0	1	0	0	0	0	0
44908	2 Apr 26	16:40:00	1	0	34	0	Ct	0	1	1	0	0	0	0	0	0	0	0	2	2	1	1	2	1	1	2	0	0	0	2	0	0	0	0	0	3	0	0	0	0	0
44909	2 Apr 26	16:41:00	1	0	34	0	Ct	0	1	0	0	0	3	0	0	0	0	0	1	0	0	0	1	0	2	1	0	0	0	1	0	0	0	0	0	0	1	0	0	0	2
44910	2 Apr 26	16:42:00	1	0	34	0	Ct	0	1	0	0	0	1	0	0	0	0	0	0	0	0	1	0	0	0	0	0	0	0	2	0	0	0	0	0	0	0	0	0	0	0
44911	2 Apr 26	16:43:00	1	0	34	0	Ct	0	1	0	0	0	0	0	0	0	0	0	0	0	1	0	2	0	0	0	0	0	0	2	0	0	0	2	0	0	0	0	0	0	2
44912	2 Apr 26	16:44:00	1	0	34	0	Ct	0	1	0	0	0	1	0	0	0	0	0	0	0	2	1	0	1	0	0	0	0	0	1	1	0	0	0	0	0	0	0	0	0	0
44913	2 Apr 26	16:45:00	1	0	34	0	Ct	0	1	0	0	0	2	0	0	0	0	0	0	0	1	3	5	0	0	0	0	0	0	0	1	0	0	0	0	2	0	0	0	0	0
44914	2 Apr 26	16:46:00	1	0	34	0	Ct	0	1	2	0	0	0	0	0	0	0	0	0	2	1	0	0	0	0	0	0	0	0	0	0	0	0	0	0	1	0	0	0	0	0
44915	2 Apr 26	16:47:00	1	0	34	0	Ct	0	1	1	0	0	0	0	0	0	2	0	1	0	0	1	0	2	0	0	0	0	0	0	1	0	0	0	0	0	2	0	0	1	1
44916	2 Apr 26	16:48:00	1	0	34	0	Ct	0	1	1	0	0	0	0	0	0	0	0	1	1	1	1	0	3	0	0	0	0	0	1	2	0	2	0	0	0	2	0	0	10	2
44917	2 Apr 26	16:49:00	1	0	34	0	Ct	0	1	1	0	0	0	0	0	0	1	0	0	0	0	0	0	0	0	0	0	0	0	0	1	0	0	0	0	0	1	2	0	1	0
44918	2 Apr 26	16:50:00	1	0	34	0	Ct	0	1	1	0	0	1	0	0	0	0	0	0	1	0	0	0	0	0	3	0	0	0	0	1	0	0	0	0	0	1	1	0	0	0
44919	2 Apr 26	16:51:00	1	0	34	0	Ct	0	1	0	0	0	4	0	0	0	0	0	0	0	0	0	2	0	0	0	0	0	0	2	1	0	0	0	0	0	0	0	0	0	0
44920	2 Apr 26	16:52:00	1	0	34	0	Ct	0	1	0	0	0	0	0	0	0	0	0	0	0	0	0	0	0	0	0	0	0	0	5	2	0	0	0	0	0	0	2	0	0	0
44921	2 Apr 26	16:53:00	1	0	34	0	Ct	0	1	0	0	0	0	0	0	0	0	0	0	0	1	0	0	0	0	0	0	2	0	0	0	0	0	0	4	0	0	3	0	0	0
44922	2 Apr 26	16:54:00	1	0	34	0	Ct	0	1	0	0	0	0	0	0	0	2	0	0	0	0	0	1	2	0	3	0	0	0	0	0	0	0	0	2	0	0	2	0	0	0
44923	2 Apr 26	16:55:00	1	0	34	0	Ct	0	1	0	0	2	0	0	2	0	0	0	3	0	1	0	1	1	0	0	0	0	0	2	3	0	0	0	0	0	0	0	0	0	0
44924	2 Apr 26	16:56:00	1	0	34	0	Ct	0	1	0	0	3	0	0	2	0	0	0	0	1	0	0	0	0	0	3	0	0	0	1	0	0	0	0	1	0	0	0	0	0	0
44925	2 Apr 26	16:57:00	1	0	34	0	Ct	0	1	0	0	1	1	0	0	0	1	0	2	1	0	1	0	0	4	3	0	0	0	3	1	3	0	0	0	0	0	0	0	0	0
44926	2 Apr 26	16:58:00	1	0	34	0	Ct	0	1	1	0	0	1	0	0	0	0	0	0	3	0	1	0	0	2	0	0	0	0	0	1	1	0	0	0	0	0	0	0	0	0
44927	2 Apr 26	16:59:00	1	0	34	0	Ct	0	1	0	0	1	0	0	0	0	0	0	2	0	0	0	0	0	0	5	0	0	0	0	2	0	0	0	0	0	1	0	0	0	1
44928	2 Apr 26	17:00:00	1	0	34	0	Ct	0	1	1	0	5	0	0	0	0	0	0	2	0	0	1	0	0	0	0	0	0	0	2	2	0	2	0	2	2	0	1	0	3	1
44929	2 Apr 26	17:01:00	1	0	34	0	Ct	0	1	0	0	0	2	0	0	0	0	0	0	0	2	2	0	0	1	2	0	0	0	0	0	0	0	0	1	2	1	0	0	0	1
44930	2 Apr 26	17:02:00	1	0	34	0	Ct	0	1	0	0	0	0	0	0	0	0	0	1	3	0	0	0	0	2	1	0	0	0	2	0	0	0	0	0	0	0	0	0	0	1
44931	2 Apr 26	17:03:00	1	0	34	0	Ct	0	1	0	0	2	0	0	0	0	2	0	3	2	2	0	0	1	0	0	0	0	0	1	0	0	0	0	0	0	0	1	0	0	0
44932	2 Apr 26	17:04:00	1	0	34	0	Ct	0	1	0	0	4	0	0	0	0	0	0	1	0	0	1	0	1	0	1	0	0	0	0	2	0	0	0	1	3	0	2	0	0	0
44933	2 Apr 26	17:05:00	1	0	34	0	Ct	0	1	0	0	3	2	0	0	0	0	0	1	0	1	0	0	0	0	0	0	2	0	1	2	0	0	0	0	2	0	0	0	0	0
44934	2 Apr 26	17:06:00	1	0	34	0	Ct	0	1	0	0	2	0	0	0	0	0	0	0	0	1	0	1	0	0	1	0	0	0	1	2	0	0	0	0	0	1	0	0	0	0
44935	2 Apr 26	17:07:00	1	0	34	0	Ct	0	1	2	0	1	0	0	0	0	0	0	0	0	0	0	0	1	0	0	0	0	0	0	0	0	1	0	0	0	0	0	0	0	0
44936	2 Apr 26	17:08:00	1	0	34	0	Ct	0	1	0	0	0	1	0	0	0	0	0	0	0	2	1	0	2	0	0	0	0	0	0	2	0	0	0	0	2	0	0	0	0	0
44937	2 Apr 26	17:09:00	1	0	34	0	Ct	0	1	0	0	0	1	0	1	0	0	0	0	0	0	0	0	0	0	1	0	0	0	1	1	0	2	0	1	0	0	2	0	0	0
44938	2 Apr 26	17:10:00	1	0	34	0	Ct	0	1	0	0	0	2	0	0	0	0	0	2	0	1	0	0	1	0	1	0	0	0	1	0	0	1	0	0	0	0	0	0	0	0
44939	2 Apr 26	17:11:00	1	0	34	0	Ct	0	1	5	0	0	3	0	2	0	0	0	1	0	0	0	3	0	0	0	0	0	0	0	1	0	0	0	0	0	0	0	0	0	0
44940	2 Apr 26	17:12:00	1	0	34	0	Ct	0	1	0	0	0	0	0	1	0	0	0	2	0	0	0	0	0	0	1	0	0	0	0	1	0	0	0	0	1	0	0	0	0	0
44941	2 Apr 26	17:13:00	1	0	34	0	Ct	0	1	0	0	0	0	0	0	0	1	0	2	0	1	1	0	1	0	0	0	0	0	0	0	0	0	0	1	0	0	0	0	0	0
44942	2 Apr 26	17:14:00	1	0	34	0	Ct	0	1	1	0	1	0	0	0	0	0	0	0	0	0	1	0	0	0	1	0	0	0	0	2	0	0	0	1	0	0	0	0	0	0
44943	2 Apr 26	17:15:00	1	0	34	0	Ct	0	1	1	0	0	0	0	0	0	0	0	3	0	0	0	0	1	0	0	0	0	0	0	1	0	1	0	0	1	0	0	0	0	0
44944	2 Apr 26	17:16:00	1	0	34	0	Ct	0	1	0	0	1	2	0	0	0	0	0	0	5	0	1	0	0	0	2	0	0	0	0	0	3	2	0	0	1	2	0	0	0	0
44945	2 Apr 26	17:17:00	1	0	34	0	Ct	0	1	0	0	0	1	0	0	0	0	0	0	2	1	3	0	1	0	1	0	0	0	2	0	2	0	0	0	1	0	0	0	0	0
44946	2 Apr 26	17:18:00	1	0	34	0	Ct	0	1	0	0	1	0	0	0	0	0	0	0	0	1	0	0	0	0	0	0	0	0	1	2	0	0	0	1	1	0	0	0	0	0
44947	2 Apr 26	17:19:00	1	0	34	0	Ct	0	1	0	0	1	0	0	0	0	0	0	0	0	1	0	0	1	0	0	0	0	0	0	1	0	1	0	1	1	1	0	0	0	1
44948	2 Apr 26	17:20:00	1	0	34	0	Ct	0	1	0	0	0	0	0	0	0	0	0	3	2	0	0	0	0	0	0	0	0	0	1	1	0	0	0	0	1	1	2	0	0	0
44949	2 Apr 26	17:21:00	1	0	34	0	Ct	0	1	0	0	3	0	0	0	0	0	0	0	0	2	4	0	0	0	0	0	0	0	1	0	0	1	0	1	0	0	3	0	0	0
44950	2 Apr 26	17:22:00	1	0	34	0	Ct	0	1	0	0	0	0	0	0	0	0	0	0	0	0	2	0	1	0	2	0	0	0	0	1	0	1	0	3	2	1	0	0	0	0
44951	2 Apr 26	17:23:00	1	0	34	0	Ct	0	1	0	0	1	0	0	0	0	0	0	2	0	0	0	0	0	0	0	0	0	0	0	2	2	2	0	2	2	1	2	0	0	0
44952	2 Apr 26	17:24:00	1	0	34	0	Ct	0	1	0	0	0	0	0	0	0	2	0	4	2	0	0	0	1	0	1	0	0	0	1	1	0	0	0	0	1	1	0	0	0	0
44953	2 Apr 26	17:25:00	1	0	34	0	Ct	0	1	2	0	1	0	0	0	0	0	0	1	0	0	0	0	4	0	0	0	0	0	0	1	0	0	0	2	1	0	0	0	0	0
44954	2 Apr 26	17:26:00	1	0	34	0	Ct	0	1	0	0	0	1	0	0	0	0	0	0	0	1	0	0	0	0	1	0	0	0	1	2	2	0	0	1	3	0	0	0	0	0
44955	2 Apr 26	17:27:00	1	0	34	0	Ct	0	1	0	0	1	1	0	1	0	1	0	0	0	0	0	0	2	0	0	0	0	0	2	1	0	1	0	0	0	0	9	0	1	0
44956	2 Apr 26	17:28:00	1	0	34	0	Ct	0	1	0	0	3	0	0	0	0	0	0	0	2	2	0	0	0	0	0	0	0	0	2	2	2	1	0	0	2	1	3	0	0	1
44957	2 Apr 26	17:29:00	1	0	34	0	Ct	0	1	0	0	0	0	0	0	0	0	0	0	0	0	0	0	0	0	0	0	0	0	0	0	0	0	0	0	1	0	2	0	0	0
44958	2 Apr 26	17:30:00	1	0	34	0	Ct	0	1	0	0	1	0	0	0	0	0	0	0	0	0	3	0	0	3	1	0	0	0	0	1	0	0	0	0	2	0	0	0	0	0
44959	2 Apr 26	17:31:00	1	0	34	0	Ct	0	1	1	0	2	2	0	0	0	0	0	0	2	1	0	0	0	5	3	0	0	0	0	1	0	0	0	0	0	0	0	0	0	0
44960	2 Apr 26	17:32:00	1	0	34	0	Ct	0	1	1	0	3	0	0	0	0	3	0	2	2	1	0	0	3	0	0	0	0	0	0	0	0	3	0	3	0	0	1	0	0	0
44961	2 Apr 26	17:33:00	1	0	34	0	Ct	0	1	0	0	1	0	0	0	0	1	0	1	0	1	0	0	0	2	0	0	0	0	0	1	0	0	0	4	2	0	0	0	1	0
44962	2 Apr 26	17:34:00	1	0	34	0	Ct	0	1	0	0	0	2	0	0	0	0	0	1	2	0	0	0	1	3	3	0	0	0	0	1	0	0	0	0	0	3	0	0	0	0
44963	2 Apr 26	17:35:00	1	0	34	0	Ct	0	1	0	0	0	0	0	0	0	0	0	0	0	0	0	0	2	3	1	0	0	0	0	0	0	0	0	0	0	0	0	0	1	0
44964	2 Apr 26	17:36:00	1	0	34	0	Ct	0	1	0	0	0	0	0	0	0	1	0	0	1	0	0	0	0	0	0	0	0	0	0	2	0	0	0	0	1	1	1	0	3	0
44965	2 Apr 26	17:37:00	1	0	34	0	Ct	0	1	0	0	0	0	0	0	0	0	0	0	0	2	0	0	0	0	0	0	0	0	1	2	0	0	0	2	0	1	1	0	0	0
44966	2 Apr 26	17:38:00	1	0	34	0	Ct	0	1	0	0	2	3	0	0	0	0	0	0	0	2	0	1	2	0	1	0	1	0	1	0	0	1	0	0	0	0	0	0	0	0
44967	2 Apr 26	17:39:00	1	0	34	0	Ct	0	1	5	0	0	0	0	0	0	0	0	0	0	1	1	0	2	0	1	0	0	0	0	2	0	0	0	0	0	0	1	0	0	0
44968	2 Apr 26	17:40:00	1	0	34	0	Ct	0	1	1	0	2	0	0	0	0	0	0	1	0	0	1	3	2	0	0	0	1	0	0	0	0	1	0	0	0	0	1	0	1	0
44969	2 Apr 26	17:41:00	1	0	34	0	Ct	0	1	0	0	0	0	0	0	0	0	0	1	0	4	0	0	0	0	1	0	0	0	2	1	0	0	0	0	0	0	1	0	0	0
44970	2 Apr 26	17:42:00	1	0	34	0	Ct	0	1	0	0	0	4	0	0	0	0	0	0	0	1	1	1	0	0	1	0	0	0	1	3	0	0	0	1	0	1	0	0	0	0
44971	2 Apr 26	17:43:00	1	0	34	0	Ct	0	1	2	0	0	0	0	0	0	0	0	11	0	2	2	2	0	0	0	0	0	0	0	2	0	2	0	1	0	1	2	0	1	0
44972	2 Apr 26	17:44:00	1	0	34	0	Ct	0	1	0	0	0	0	0	0	0	2	0	1	0	0	1	0	1	0	1	0	1	0	0	1	0	0	0	0	0	0	0	0	0	0
44973	2 Apr 26	17:45:00	1	0	34	0	Ct	0	1	1	0	0	0	0	0	0	0	0	0	0	1	0	0	1	0	1	0	0	0	1	0	0	0	0	8	0	2	0	0	0	0
44974	2 Apr 26	17:46:00	1	0	34	0	Ct	0	1	1	0	0	0	0	0	0	0	0	1	0	1	0	0	0	0	0	0	0	0	0	0	0	1	0	0	0	0	2	0	0	0
44975	2 Apr 26	17:47:00	1	0	34	0	Ct	0	1	0	0	0	0	0	0	0	0	0	1	0	1	2	0	0	0	0	0	0	0	0	2	0	1	0	0	0	2	0	0	0	0
44976	2 Apr 26	17:48:00	1	0	34	0	Ct	0	1	0	0	0	0	0	0	0	0	0	0	0	0	0	0	1	0	0	0	0	0	1	1	0	0	0	0	0	1	0	0	0	0
44977	2 Apr 26	17:49:00	1	0	34	0	Ct	0	1	2	0	0	0	0	0	0	0	0	0	0	0	0	0	1	0	1	0	0	0	0	1	0	0	0	0	0	0	1	0	0	0
44978	2 Apr 26	17:50:00	1	0	34	0	Ct	0	1	0	0	0	0	0	0	0	0	0	0	0	1	0	3	0	0	0	0	0	0	0	1	0	1	2	0	0	2	0	0	0	0
44979	2 Apr 26	17:51:00	1	0	34	0	Ct	0	1	0	0	1	4	0	0	0	0	0	0	0	0	0	0	2	0	1	0	0	0	0	1	0	0	0	2	0	0	0	0	0	0
44980	2 Apr 26	17:52:00	1	0	34	0	Ct	0	1	0	0	2	6	0	0	0	0	0	1	0	0	1	0	0	0	0	0	0	0	0	1	0	0	0	0	0	0	0	0	0	0
44981	2 Apr 26	17:53:00	1	0	34	0	Ct	0	1	1	0	1	1	0	0	0	0	0	2	0	0	1	0	0	0	0	0	0	0	0	0	0	1	0	1	0	1	0	0	0	0
44982	2 Apr 26	17:54:00	1	0	34	0	Ct	0	1	1	0	1	3	0	0	0	0	0	1	0	0	1	0	1	0	0	0	0	0	0	0	0	0	0	1	0	0	0	0	0	0
44983	2 Apr 26	17:55:00	1	0	34	0	Ct	0	1	0	0	0	0	0	0	0	2	0	1	0	0	3	0	1	0	1	0	0	0	0	2	0	1	1	0	0	2	0	0	0	0
44984	2 Apr 26	17:56:00	1	0	34	0	Ct	0	1	2	0	0	0	0	0	0	0	0	1	0	0	0	5	1	0	1	0	0	0	0	0	0	0	3	5	0	0	0	0	0	0
44985	2 Apr 26	17:57:00	1	0	34	0	Ct	0	1	0	0	0	0	0	1	0	0	0	0	0	1	2	0	0	0	0	0	0	0	0	2	0	0	0	0	0	0	0	0	0	0
44986	2 Apr 26	17:58:00	1	0	34	0	Ct	0	1	0	0	5	0	0	4	0	3	0	0	0	0	1	0	0	0	1	0	0	0	0	0	0	0	0	1	0	0	0	0	0	0
44987	2 Apr 26	17:59:00	1	0	34	0	Ct	0	1	0	0	1	0	0	0	0	0	0	0	0	4	0	0	0	0	0	0	0	0	0	0	0	3	0	0	0	2	0	0	0	0
44988	2 Apr 26	18:00:00	1	0	34	0	Ct	0	1	0	0	3	0	0	4	0	0	0	2	0	0	0	0	2	0	1	1	0	0	2	0	0	2	0	1	0	3	0	0	0	0
44989	2 Apr 26	18:01:00	1	0	34	0	Ct	0	1	0	0	1	0	0	2	0	0	0	0	0	0	0	0	1	0	0	4	0	0	1	2	2	0	2	2	0	0	0	0	3	0
44990	2 Apr 26	18:02:00	1	0	34	0	Ct	0	1	2	0	0	0	0	0	0	0	0	0	0	0	1	4	0	0	0	0	0	0	1	0	0	0	2	0	0	1	0	0	1	0
44991	2 Apr 26	18:03:00	1	0	34	0	Ct	0	1	0	0	1	0	0	3	0	1	0	0	0	1	1	0	0	0	0	0	0	0	2	0	0	1	1	4	0	0	0	0	0	0
44992	2 Apr 26	18:04:00	1	0	34	0	Ct	0	1	2	0	0	1	0	3	0	0	0	1	0	1	1	0	1	0	0	0	1	0	2	2	0	0	0	6	0	1	0	0	0	0
44993	2 Apr 26	18:05:00	1	0	34	0	Ct	0	1	1	0	0	1	0	0	0	2	0	2	0	0	0	2	2	0	0	0	1	0	0	0	0	0	2	1	0	0	1	0	0	0
44994	2 Apr 26	18:06:00	1	0	34	0	Ct	0	1	1	0	0	0	0	0	0	0	0	1	0	1	1	0	0	0	0	0	0	0	0	0	0	1	0	1	0	0	1	0	0	0
44995	2 Apr 26	18:07:00	1	0	34	0	Ct	0	1	0	0	0	0	0	1	0	0	0	4	0	2	0	0	1	0	0	0	0	0	2	0	0	0	3	0	0	0	0	0	0	0
44996	2 Apr 26	18:08:00	1	0	34	0	Ct	0	1	0	0	0	0	0	0	0	0	0	0	4	0	0	2	0	0	1	0	0	0	0	0	0	0	2	0	1	0	0	0	0	0
44997	2 Apr 26	18:09:00	1	0	34	0	Ct	0	1	1	0	2	0	0	0	0	0	0	0	0	0	1	1	0	0	0	0	0	0	0	0	0	0	5	0	0	0	0	0	0	1
44998	2 Apr 26	18:10:00	1	0	34	0	Ct	0	1	1	0	0	0	0	0	0	5	0	1	0	5	4	0	1	0	0	0	0	0	1	2	0	0	0	0	1	1	0	0	0	1
44999	2 Apr 26	18:11:00	1	0	34	0	Ct	0	0	1	0	0	0	0	0	1	1	0	3	0	2	0	1	3	0	3	0	3	0	0	4	0	0	0	0	4	3	0	0	0	0
45000	2 Apr 26	18:12:00	1	0	34	0	Ct	0	0	2	0	0	2	0	0	1	1	0	0	0	8	0	4	3	0	0	0	3	0	1	2	1	1	0	0	2	2	0	0	4	2
45001	2 Apr 26	18:13:00	1	0	34	0	Ct	0	0	1	0	2	0	0	0	7	0	0	1	0	3	0	8	0	6	1	0	0	0	1	3	3	1	0	0	0	1	0	0	1	3
45002	2 Apr 26	18:14:00	1	0	34	0	Ct	0	0	3	0	1	7	0	2	2	0	0	2	0	2	0	0	1	0	0	0	1	0	2	2	2	0	2	0	1	3	0	0	2	5
45003	2 Apr 26	18:15:00	1	0	34	0	Ct	0	0	2	0	3	2	0	5	1	0	0	1	0	3	1	0	2	1	1	1	0	0	0	3	2	0	0	0	0	0	1	0	3	6
45004	2 Apr 26	18:16:00	1	0	34	0	Ct	0	0	2	0	3	5	0	5	1	3	0	2	0	1	1	0	0	2	0	2	0	0	4	1	3	1	0	0	3	2	1	0	2	5
45005	2 Apr 26	18:17:00	1	0	34	0	Ct	0	0	0	0	3	0	0	0	2	0	0	4	2	2	3	2	0	0	0	3	1	0	1	1	2	0	0	0	3	1	0	0	3	3
45006	2 Apr 26	18:18:00	1	0	34	0	Ct	0	0	3	0	2	0	0	2	0	3	0	1	0	2	0	0	0	0	1	1	3	0	4	2	0	1	2	0	0	4	3	0	2	4
45007	2 Apr 26	18:19:00	1	0	34	0	Ct	0	0	3	0	0	0	0	1	0	1	0	0	0	3	0	2	0	1	0	0	0	0	1	2	3	0	1	0	0	2	3	0	3	2
45008	2 Apr 26	18:20:00	1	0	34	0	Ct	0	0	1	0	0	0	0	1	0	1	0	3	0	3	1	2	0	4	2	0	4	0	1	5	6	3	3	0	1	3	5	0	5	2
45009	2 Apr 26	18:21:00	1	0	34	0	Ct	0	0	2	0	4	0	0	0	2	0	0	1	0	2	2	1	0	1	0	0	0	0	2	3	2	0	2	0	0	1	2	0	8	1
45010	2 Apr 26	18:22:00	1	0	34	0	Ct	0	0	3	0	2	0	0	5	2	3	0	0	0	0	0	1	0	1	0	0	0	0	2	4	0	1	5	0	0	1	3	0	2	4
45011	2 Apr 26	18:23:00	1	0	34	0	Ct	0	0	3	0	1	0	0	19	0	4	0	2	0	1	0	0	0	0	0	0	2	0	3	2	2	1	0	0	1	2	0	0	1	1
45012	2 Apr 26	18:24:00	1	0	34	0	Ct	0	0	2	0	3	2	0	2	6	2	0	2	0	1	0	0	0	0	0	0	0	0	2	2	2	1	0	2	2	1	0	0	6	4
45013	2 Apr 26	18:25:00	1	0	34	0	Ct	0	0	2	0	2	0	0	0	5	1	0	2	1	0	0	0	0	0	1	0	0	0	4	0	2	2	0	0	0	1	0	0	2	2
45014	2 Apr 26	18:26:00	1	0	34	0	Ct	0	0	3	0	3	0	0	0	2	2	0	4	0	0	2	0	0	2	1	0	0	0	0	2	3	0	0	0	1	2	0	0	3	0
45015	2 Apr 26	18:27:00	1	0	34	0	Ct	0	0	2	0	4	0	0	0	2	1	0	2	1	1	3	0	0	1	0	0	5	0	0	1	3	0	2	0	1	0	0	0	0	0
45016	2 Apr 26	18:28:00	1	0	34	0	Ct	0	0	2	0	4	0	0	1	2	1	0	1	0	3	0	0	1	0	0	0	1	0	0	1	2	1	4	0	0	0	2	0	5	0
45017	2 Apr 26	18:29:00	1	0	34	0	Ct	0	0	2	0	1	3	0	0	2	1	0	0	12	0	0	0	1	3	4	0	0	0	1	1	3	1	1	0	0	2	4	0	3	0
45018	2 Apr 26	18:30:00	1	0	34	0	Ct	0	0	3	0	4	0	0	1	3	5	0	0	0	2	0	0	1	0	0	0	0	0	1	2	4	1	1	1	4	3	17	0	3	4
45019	2 Apr 26	18:31:00	1	0	34	0	Ct	0	0	3	0	1	0	0	0	0	0	0	0	0	1	3	0	0	1	1	0	2	0	0	1	2	1	0	2	2	1	4	0	3	4
45020	2 Apr 26	18:32:00	1	0	34	0	Ct	0	0	0	0	0	1	0	0	0	4	0	1	0	2	4	0	3	4	1	0	1	0	0	4	2	1	0	4	3	1	0	0	5	3
45021	2 Apr 26	18:33:00	1	0	34	0	Ct	0	0	2	0	1	4	0	1	4	2	0	5	0	0	1	0	0	1	0	0	1	0	1	2	1	1	0	0	5	0	1	0	1	1
45022	2 Apr 26	18:34:00	1	0	34	0	Ct	0	0	2	0	3	0	0	0	2	3	0	2	0	2	0	0	0	0	0	1	1	0	0	3	1	0	3	2	1	0	0	0	3	0
45023	2 Apr 26	18:35:00	1	0	34	0	Ct	0	0	0	0	3	0	0	2	3	1	0	2	0	0	0	3	1	4	0	3	0	0	1	2	2	1	3	0	0	1	3	0	4	1
45024	2 Apr 26	18:36:00	1	0	34	0	Ct	0	0	3	0	0	0	0	1	0	0	0	1	0	1	2	2	2	0	0	0	0	0	1	2	1	1	3	0	2	2	3	0	2	3
45025	2 Apr 26	18:37:00	1	0	34	0	Ct	0	0	1	0	0	1	0	1	4	1	0	0	0	3	2	0	2	0	0	0	0	0	1	2	1	1	3	1	1	0	0	0	1	1
45026	2 Apr 26	18:38:00	1	0	34	0	Ct	0	0	2	0	3	1	0	2	1	3	0	1	0	1	4	0	0	0	0	0	2	0	1	2	5	1	0	3	1	1	3	0	3	2
45027	2 Apr 26	18:39:00	1	0	34	0	Ct	0	0	1	0	2	1	0	1	1	4	0	4	0	1	4	0	2	1	0	0	1	0	3	2	1	0	0	4	0	1	1	0	1	2
45028	2 Apr 26	18:40:00	1	0	34	0	Ct	0	0	2	0	1	1	0	0	1	2	0	2	0	1	1	0	0	4	1	0	6	0	1	2	2	1	0	1	0	0	3	0	1	0
45029	2 Apr 26	18:41:00	1	0	34	0	Ct	0	0	3	0	6	0	0	0	4	0	0	1	0	5	0	0	0	3	1	2	0	0	3	1	0	2	0	0	1	1	4	0	1	1
45030	2 Apr 26	18:42:00	1	0	34	0	Ct	0	0	2	0	1	0	0	3	2	1	0	0	0	1	2	0	2	3	0	0	0	0	0	1	0	0	4	0	0	2	4	0	4	4
45031	2 Apr 26	18:43:00	1	0	34	0	Ct	0	0	2	0	2	0	0	0	3	1	0	1	4	2	0	0	0	0	0	0	5	0	2	1	0	2	4	0	0	3	2	0	0	1
45032	2 Apr 26	18:44:00	1	0	34	0	Ct	0	0	2	0	2	0	0	0	2	2	0	1	0	1	0	0	1	0	0	2	0	0	1	1	0	0	0	0	0	1	0	0	2	3
45033	2 Apr 26	18:45:00	1	0	34	0	Ct	0	0	3	0	2	2	0	1	2	3	0	3	2	3	0	0	2	3	0	0	0	0	0	2	0	1	0	0	2	0	1	0	1	1
45034	2 Apr 26	18:46:00	1	0	34	0	Ct	0	0	1	0	2	0	0	1	4	3	0	2	0	2	0	1	1	0	1	0	0	0	1	1	0	1	0	0	0	1	0	0	2	2
45035	2 Apr 26	18:47:00	1	0	34	0	Ct	0	0	1	0	0	1	0	3	6	1	0	2	0	2	3	2	0	0	0	0	0	0	1	3	0	1	0	0	0	1	2	0	5	2
45036	2 Apr 26	18:48:00	1	0	34	0	Ct	0	0	2	0	0	1	0	0	2	1	0	0	0	2	0	1	2	1	1	0	0	0	1	1	4	0	0	6	0	0	0	0	0	0
45037	2 Apr 26	18:49:00	1	0	34	0	Ct	0	0	2	0	0	0	0	0	1	0	0	0	0	1	0	1	0	3	0	0	3	0	0	0	0	2	3	0	0	2	0	0	1	2
45038	2 Apr 26	18:50:00	1	0	34	0	Ct	0	0	3	0	1	0	0	1	2	0	0	0	0	1	1	5	0	5	2	0	0	0	2	1	0	1	1	0	0	1	0	0	0	0
45039	2 Apr 26	18:51:00	1	0	34	0	Ct	0	0	1	0	0	0	0	0	1	0	0	1	0	2	3	0	1	0	1	0	1	0	1	3	0	0	0	0	0	2	0	0	3	3
45040	2 Apr 26	18:52:00	1	0	34	0	Ct	0	0	2	0	1	0	0	0	2	7	0	1	0	2	3	1	1	0	0	0	2	0	7	3	0	0	1	0	0	0	1	0	2	5
45041	2 Apr 26	18:53:00	1	0	34	0	Ct	0	0	3	0	0	0	0	3	2	3	0	2	0	1	0	2	0	0	1	0	6	0	0	1	0	1	3	2	0	0	1	0	3	2
45042	2 Apr 26	18:54:00	1	0	34	0	Ct	0	0	3	0	1	0	0	11	4	0	0	1	0	1	4	2	0	0	2	0	0	0	0	1	0	1	3	0	0	0	0	0	3	1
45043	2 Apr 26	18:55:00	1	0	34	0	Ct	0	0	2	0	3	3	0	1	2	0	0	0	0	3	2	2	0	0	3	0	3	0	1	1	2	1	0	0	0	0	3	0	4	4
45044	2 Apr 26	18:56:00	1	0	34	0	Ct	0	0	2	0	0	0	0	1	1	0	0	1	0	3	3	1	2	0	0	0	0	0	4	3	2	2	2	0	0	0	1	0	2	4
45045	2 Apr 26	18:57:00	1	0	34	0	Ct	0	0	3	0	2	0	0	0	1	0	0	1	0	1	0	0	1	0	0	0	4	0	0	2	6	1	1	1	0	0	2	0	13	2
45046	2 Apr 26	18:58:00	1	0	34	0	Ct	0	0	2	0	2	2	0	0	4	0	0	2	0	1	0	1	2	0	0	0	1	0	0	2	7	0	0	4	0	1	2	0	2	1
45047	2 Apr 26	18:59:00	1	0	34	0	Ct	0	0	3	0	2	0	0	0	0	0	0	1	0	1	0	2	4	0	1	0	2	0	1	3	3	0	2	2	0	1	2	0	2	3
45048	2 Apr 26	19:00:00	1	0	34	0	Ct	0	0	4	0	2	3	0	4	2	0	0	1	0	1	3	0	2	0	1	0	4	0	1	2	0	0	4	0	0	1	0	0	3	1
45049	2 Apr 26	19:01:00	1	0	34	0	Ct	0	0	2	0	1	5	0	3	4	1	0	2	0	0	4	0	4	4	3	0	0	0	0	2	1	0	1	1	0	1	2	0	0	2
45050	2 Apr 26	19:02:00	1	0	34	0	Ct	0	0	1	0	2	2	0	2	4	5	0	0	0	2	3	1	0	3	2	0	0	0	0	2	2	0	0	0	0	0	3	0	0	1
45051	2 Apr 26	19:03:00	1	0	34	0	Ct	0	0	2	0	3	0	0	1	0	3	0	0	0	1	0	5	1	2	1	0	1	0	0	0	0	0	3	0	0	0	0	0	2	1
45052	2 Apr 26	19:04:00	1	0	34	0	Ct	0	0	3	0	0	2	0	0	3	0	0	0	0	2	0	0	3	0	0	0	1	0	1	0	0	0	3	0	0	3	2	0	2	2
45053	2 Apr 26	19:05:00	1	0	34	0	Ct	0	0	2	0	0	2	0	1	4	0	0	2	0	2	1	1	1	2	0	0	0	0	0	1	0	0	2	4	0	2	1	0	3	0
45054	2 Apr 26	19:06:00	1	0	34	0	Ct	0	0	2	0	2	1	0	1	4	4	0	2	0	3	2	1	5	5	0	0	2	0	2	2	0	1	3	1	0	5	0	0	9	1
45055	2 Apr 26	19:07:00	1	0	34	0	Ct	0	0	4	0	0	1	0	7	3	1	0	4	0	2	0	0	0	1	0	0	1	0	0	1	0	1	0	4	0	1	4	0	9	1
45056	2 Apr 26	19:08:00	1	0	34	0	Ct	0	0	1	0	4	4	0	0	7	0	0	2	0	1	1	3	0	1	4	0	2	0	2	3	5	0	0	0	0	2	1	0	1	1
45057	2 Apr 26	19:09:00	1	0	34	0	Ct	0	0	1	0	1	0	0	1	5	0	0	2	0	2	1	0	0	5	0	2	0	0	2	4	0	1	0	0	1	2	2	0	2	1
45058	2 Apr 26	19:10:00	1	0	34	0	Ct	0	0	3	0	0	2	0	1	2	0	0	0	0	1	0	0	2	0	0	0	1	0	1	1	0	1	0	1	1	2	0	0	1	2
45059	2 Apr 26	19:11:00	1	0	34	0	Ct	0	0	2	0	1	0	0	0	6	0	0	0	0	1	1	5	0	0	2	0	2	0	0	0	0	0	0	1	2	2	3	0	1	1
45060	2 Apr 26	19:12:00	1	0	34	0	Ct	0	0	2	0	1	0	0	0	6	5	0	2	0	1	2	1	0	1	1	0	0	0	0	1	0	0	0	1	1	2	1	0	2	4
45061	2 Apr 26	19:13:00	1	0	34	0	Ct	0	0	1	0	0	0	0	0	4	0	0	1	0	1	0	0	1	6	0	0	0	0	4	2	0	3	1	3	1	0	1	0	4	1
45062	2 Apr 26	19:14:00	1	0	34	0	Ct	0	0	2	0	1	0	0	0	6	1	0	3	0	1	1	1	0	1	0	0	3	0	0	3	0	0	4	2	1	3	1	0	4	3
45063	2 Apr 26	19:15:00	1	0	34	0	Ct	0	0	1	0	2	0	0	2	3	0	0	2	0	2	2	3	4	0	2	0	3	0	2	1	1	1	1	1	1	2	2	0	2	2
45064	2 Apr 26	19:16:00	1	0	34	0	Ct	0	0	2	0	6	0	0	0	4	0	0	0	0	2	3	3	3	1	0	0	3	0	2	2	2	1	3	1	0	1	2	0	2	4
45065	2 Apr 26	19:17:00	1	0	34	0	Ct	0	0	3	0	1	0	0	1	3	3	0	3	0	2	0	7	1	6	0	0	2	0	0	3	0	1	0	1	0	2	0	0	2	6
45066	2 Apr 26	19:18:00	1	0	34	0	Ct	0	0	2	0	1	1	0	2	2	0	0	0	0	2	0	1	0	1	0	0	1	0	2	0	0	1	2	1	0	2	2	0	3	1
45067	2 Apr 26	19:19:00	1	0	34	0	Ct	0	0	2	0	3	1	0	2	3	0	0	1	0	1	0	7	0	0	1	0	0	0	2	2	3	0	3	0	2	0	1	0	1	2
45068	2 Apr 26	19:20:00	1	0	34	0	Ct	0	0	2	0	0	2	0	1	3	1	0	5	0	4	0	0	0	1	1	0	0	0	0	0	0	1	3	3	4	0	2	0	6	1
45069	2 Apr 26	19:21:00	1	0	34	0	Ct	0	0	1	0	0	0	0	1	3	1	0	0	0	3	0	1	1	2	0	0	1	0	0	2	3	1	0	6	0	2	0	0	1	0
45070	2 Apr 26	19:22:00	1	0	34	0	Ct	0	0	2	0	0	1	0	1	4	1	0	2	0	2	0	0	1	1	0	3	3	0	0	3	3	0	0	6	0	1	3	0	0	1
45071	2 Apr 26	19:23:00	1	0	34	0	Ct	0	0	1	0	1	0	0	2	6	2	0	2	0	0	0	2	0	3	1	6	1	0	2	2	0	0	3	1	1	2	1	0	1	2
45072	2 Apr 26	19:24:00	1	0	34	0	Ct	0	0	3	0	2	0	0	0	4	2	0	1	5	2	1	3	1	4	1	2	3	0	1	4	0	1	1	0	2	1	0	0	2	2
45073	2 Apr 26	19:25:00	1	0	34	0	Ct	0	0	2	0	1	5	0	0	7	1	0	1	3	2	2	0	0	2	4	0	4	0	1	2	2	1	1	3	0	0	0	0	2	0
45074	2 Apr 26	19:26:00	1	0	34	0	Ct	0	0	3	0	1	0	0	0	6	2	0	2	0	2	1	1	3	0	0	1	3	0	0	4	1	2	1	0	1	2	0	0	2	2
45075	2 Apr 26	19:27:00	1	0	34	0	Ct	0	0	1	0	2	1	0	0	1	0	0	1	0	2	0	0	1	6	0	0	0	0	0	2	1	1	4	3	0	3	0	0	0	2
45076	2 Apr 26	19:28:00	1	0	34	0	Ct	0	0	2	0	3	1	0	0	1	2	0	2	0	3	0	0	1	0	0	0	0	0	3	1	0	1	0	0	0	1	2	0	2	2
45077	2 Apr 26	19:29:00	1	0	34	0	Ct	0	0	2	0	1	0	0	2	2	0	0	0	0	1	1	0	1	4	0	0	0	0	0	4	0	1	0	0	1	0	0	0	0	1
45078	2 Apr 26	19:30:00	1	0	34	0	Ct	0	0	2	0	2	0	0	1	6	0	0	0	0	1	1	3	0	3	2	0	0	0	1	1	0	0	0	0	3	1	0	0	4	2
45079	2 Apr 26	19:31:00	1	0	34	0	Ct	0	0	3	0	1	0	0	1	5	0	0	0	0	1	0	0	0	1	0	1	0	0	1	1	0	0	0	3	0	2	3	0	1	3
45080	2 Apr 26	19:32:00	1	0	34	0	Ct	0	0	2	0	0	0	0	1	3	0	0	0	0	2	2	1	0	0	0	6	1	0	1	1	0	0	0	2	2	2	0	0	4	3
45081	2 Apr 26	19:33:00	1	0	34	0	Ct	0	0	3	0	2	0	0	2	4	0	0	1	0	1	0	0	0	1	1	0	1	0	2	1	4	1	0	0	0	3	2	0	3	2
45082	2 Apr 26	19:34:00	1	0	34	0	Ct	0	0	2	0	2	0	0	2	4	0	0	2	0	2	0	1	0	1	1	0	2	0	2	3	0	1	0	0	1	1	0	0	1	6
45083	2 Apr 26	19:35:00	1	0	34	0	Ct	0	0	4	0	0	0	0	3	4	0	0	0	0	0	3	0	3	0	0	0	0	0	1	2	0	1	0	0	5	2	2	0	4	2
45084	2 Apr 26	19:36:00	1	0	34	0	Ct	0	0	2	0	3	1	0	2	3	1	0	1	0	1	2	1	3	1	0	1	0	0	0	2	1	5	0	0	3	1	4	0	2	2
45085	2 Apr 26	19:37:00	1	0	34	0	Ct	0	0	1	0	3	3	0	2	2	0	0	1	0	1	0	0	0	0	1	1	5	0	0	2	2	2	1	0	0	2	3	0	2	2
45086	2 Apr 26	19:38:00	1	0	34	0	Ct	0	0	2	0	2	2	0	0	2	1	0	4	0	1	1	4	0	0	1	0	3	0	0	2	2	1	2	0	0	2	0	0	1	2
45087	2 Apr 26	19:39:00	1	0	34	0	Ct	0	0	2	0	1	0	0	0	2	0	0	1	0	0	2	0	2	0	0	2	2	0	1	2	1	0	4	0	0	1	2	0	2	3
45088	2 Apr 26	19:40:00	1	0	34	0	Ct	0	0	3	0	2	0	0	2	2	0	0	4	0	2	1	0	1	2	2	0	3	0	0	1	0	1	0	0	0	3	0	0	3	3
45089	2 Apr 26	19:41:00	1	0	34	0	Ct	0	0	1	0	2	6	0	1	5	1	0	3	2	1	0	2	0	0	1	0	3	0	2	2	0	1	1	0	1	4	2	0	1	3
45090	2 Apr 26	19:42:00	1	0	34	0	Ct	0	0	2	0	2	5	0	1	1	0	0	2	0	2	1	2	1	2	0	0	7	0	0	0	1	1	4	3	1	4	1	0	0	3
45091	2 Apr 26	19:43:00	1	0	34	0	Ct	0	0	2	0	4	1	0	1	8	1	0	0	0	2	1	1	3	0	1	0	1	0	0	2	1	2	1	1	0	1	2	0	0	0
45092	2 Apr 26	19:44:00	1	0	34	0	Ct	0	0	0	0	3	2	0	0	5	0	0	2	0	1	0	1	0	0	2	0	0	0	1	1	1	0	2	6	1	2	0	0	1	3
45093	2 Apr 26	19:45:00	1	0	34	0	Ct	0	0	3	0	0	1	0	1	2	1	0	0	0	1	2	1	1	0	0	4	0	0	1	1	0	0	2	1	2	1	0	0	2	3
45094	2 Apr 26	19:46:00	1	0	34	0	Ct	0	0	2	0	0	1	0	2	1	1	0	2	3	2	1	3	0	0	0	1	0	0	2	2	2	2	0	0	2	3	0	0	0	1
45095	2 Apr 26	19:47:00	1	0	34	0	Ct	0	0	1	0	0	3	0	2	2	0	0	1	15	2	2	3	0	0	0	0	3	0	0	1	3	0	0	0	1	2	2	0	1	0
45096	2 Apr 26	19:48:00	1	0	34	0	Ct	0	0	2	0	3	0	0	1	2	1	0	0	0	0	1	0	2	2	0	0	1	0	0	2	0	0	2	0	0	2	0	0	1	2
45097	2 Apr 26	19:49:00	1	0	34	0	Ct	0	0	2	0	1	0	0	1	0	1	0	3	3	1	0	1	2	3	0	1	0	0	0	1	0	0	0	7	0	1	1	0	2	2
45098	2 Apr 26	19:50:00	1	0	34	0	Ct	0	0	2	0	3	0	0	1	4	0	0	0	0	2	0	2	1	6	0	0	0	0	0	2	0	2	2	4	0	3	2	0	3	0
45099	2 Apr 26	19:51:00	1	0	34	0	Ct	0	0	1	0	1	2	0	1	7	4	0	1	0	2	3	0	2	4	0	0	0	0	2	1	2	1	0	2	2	1	1	0	4	2
45100	2 Apr 26	19:52:00	1	0	34	0	Ct	0	0	3	0	0	0	0	0	3	2	0	3	2	1	3	1	3	1	0	0	0	0	4	1	0	0	0	0	1	1	3	0	1	3
45101	2 Apr 26	19:53:00	1	0	34	0	Ct	0	0	3	0	0	0	0	1	4	1	0	1	0	1	2	0	0	1	2	0	0	0	1	1	0	1	0	2	2	0	0	0	5	2
45102	2 Apr 26	19:54:00	1	0	34	0	Ct	0	0	2	0	1	0	0	1	5	0	0	1	0	1	0	0	1	0	1	0	0	0	2	3	4	2	0	0	6	2	2	0	2	3
45103	2 Apr 26	19:55:00	1	0	34	0	Ct	0	0	1	0	3	0	0	1	2	1	0	3	2	1	0	3	1	0	0	1	0	0	1	1	0	1	0	0	0	1	2	0	3	4
45104	2 Apr 26	19:56:00	1	0	34	0	Ct	0	0	2	0	0	3	0	1	4	3	0	0	0	1	0	1	0	0	0	1	0	0	2	1	1	1	0	0	0	1	3	0	5	2
45105	2 Apr 26	19:57:00	1	0	34	0	Ct	0	0	2	0	2	3	0	0	2	1	0	0	0	1	0	0	1	1	0	0	0	0	0	1	2	1	5	1	3	0	2	0	2	3
45106	2 Apr 26	19:58:00	1	0	34	0	Ct	0	0	2	0	1	2	0	7	2	2	0	1	2	2	3	0	0	1	0	0	0	0	3	0	2	0	2	3	0	2	1	0	6	4
45107	2 Apr 26	19:59:00	1	0	34	0	Ct	0	0	0	0	0	0	0	0	3	1	0	1	0	0	0	2	1	2	0	0	0	0	1	2	4	2	2	4	1	1	0	0	1	2
45108	2 Apr 26	20:00:00	1	0	34	0	Ct	0	0	0	0	1	0	0	2	6	1	0	0	0	1	0	0	0	4	0	3	0	0	1	3	1	1	0	2	2	2	0	0	3	2
45109	2 Apr 26	20:01:00	1	0	34	0	Ct	0	0	0	0	0	0	0	1	4	2	0	0	0	0	7	0	2	3	0	0	0	0	3	3	2	0	0	0	0	4	0	0	2	3
45110	2 Apr 26	20:02:00	1	0	34	0	Ct	0	0	1	0	2	2	0	2	2	0	0	1	0	2	2	2	1	0	0	0	0	0	0	3	0	0	0	0	0	1	0	0	1	3
45111	2 Apr 26	20:03:00	1	0	34	0	Ct	0	0	4	0	3	2	0	1	5	0	0	1	0	3	4	0	0	0	4	0	1	0	1	1	0	0	0	1	0	2	0	0	10	3
45112	2 Apr 26	20:04:00	1	0	34	0	Ct	0	0	2	0	1	1	0	3	8	1	0	0	0	1	0	0	0	0	0	0	2	0	1	4	2	1	0	1	0	1	2	0	4	2
45113	2 Apr 26	20:05:00	1	0	34	0	Ct	0	0	3	0	0	0	0	1	5	2	0	0	0	1	1	2	1	1	0	3	0	0	0	3	0	1	0	2	1	1	0	0	3	2
45114	2 Apr 26	20:06:00	1	0	34	0	Ct	0	0	1	0	0	0	0	1	1	0	0	0	0	2	1	4	2	3	3	0	0	0	1	1	0	0	0	1	1	0	0	0	3	3
45115	2 Apr 26	20:07:00	1	0	34	0	Ct	0	0	2	0	0	1	0	1	2	0	0	1	0	4	2	0	0	0	4	0	0	0	2	0	0	2	0	0	1	1	4	0	0	1
45116	2 Apr 26	20:08:00	1	0	34	0	Ct	0	0	2	0	0	4	0	2	2	0	0	2	2	1	0	4	1	0	0	0	1	0	0	2	0	0	0	0	0	4	2	0	2	1
45117	2 Apr 26	20:09:00	1	0	34	0	Ct	0	0	3	0	1	1	0	1	0	0	0	1	2	1	0	0	2	0	2	0	1	0	1	5	0	4	0	0	1	1	4	0	1	2
45118	2 Apr 26	20:10:00	1	0	34	0	Ct	0	0	1	0	3	3	0	2	4	0	0	0	0	0	1	0	1	3	0	0	0	0	2	2	0	12	0	0	1	2	3	0	1	0
45119	2 Apr 26	20:11:00	1	0	34	0	Ct	0	0	2	0	2	0	0	1	3	0	0	0	0	0	1	1	0	3	1	0	0	0	0	2	0	1	0	0	1	2	1	0	1	3
45120	2 Apr 26	20:12:00	1	0	34	0	Ct	0	0	2	0	0	0	0	1	3	0	0	0	1	2	1	0	0	0	1	0	2	0	0	2	0	1	1	0	5	1	3	0	0	1
45121	2 Apr 26	20:13:00	1	0	34	0	Ct	0	0	2	0	0	0	0	0	4	0	0	3	1	0	0	3	1	0	0	0	3	0	2	2	0	1	2	0	3	0	2	0	0	4
45122	2 Apr 26	20:14:00	1	0	34	0	Ct	0	0	2	0	1	0	0	1	2	0	0	1	0	2	0	2	2	0	0	0	3	0	1	2	0	0	2	0	1	0	0	0	0	2
45123	2 Apr 26	20:15:00	1	0	34	0	Ct	0	0	3	0	2	0	0	1	5	0	0	3	0	2	3	0	3	1	0	0	1	0	0	1	0	0	0	0	0	2	0	0	2	2
45124	2 Apr 26	20:16:00	1	0	34	0	Ct	0	0	3	0	1	1	0	3	2	0	0	2	0	2	2	0	1	0	0	0	1	0	6	3	0	0	0	0	5	0	1	0	2	2
45125	2 Apr 26	20:17:00	1	0	34	0	Ct	0	0	5	0	2	1	0	2	3	0	0	2	0	3	1	0	0	1	1	0	1	0	1	2	0	0	0	0	0	0	2	0	2	2
45126	2 Apr 26	20:18:00	1	0	34	0	Ct	0	0	2	0	0	0	0	3	4	0	0	1	0	2	1	0	1	1	1	0	2	0	1	1	0	0	0	0	1	0	1	0	0	2
45127	2 Apr 26	20:19:00	1	0	34	0	Ct	0	0	1	0	0	0	0	2	2	0	0	1	0	3	0	3	3	2	0	2	0	0	1	2	0	1	0	0	1	2	0	0	0	3
45128	2 Apr 26	20:20:00	1	0	34	0	Ct	0	0	2	0	4	0	0	2	3	0	0	4	1	1	1	1	0	0	1	0	0	0	0	2	0	2	0	0	1	1	0	0	2	3
45129	2 Apr 26	20:21:00	1	0	34	0	Ct	0	0	2	0	3	0	0	0	1	0	0	2	0	0	2	1	4	0	7	0	2	0	1	2	0	1	8	0	0	4	0	0	2	0
45130	2 Apr 26	20:22:00	1	0	34	0	Ct	0	0	2	0	0	0	0	1	2	0	0	0	0	1	2	4	3	0	0	0	1	0	1	2	0	1	3	0	0	1	0	0	1	2
45131	2 Apr 26	20:23:00	1	0	34	0	Ct	0	0	5	0	1	0	0	2	5	0	0	1	0	0	3	0	0	0	1	0	0	0	1	2	1	2	0	0	4	2	2	0	3	0
45132	2 Apr 26	20:24:00	1	0	34	0	Ct	0	0	4	0	2	0	0	1	2	0	0	2	0	4	0	1	0	2	1	0	1	0	1	2	1	1	0	0	0	1	3	0	2	2
45133	2 Apr 26	20:25:00	1	0	34	0	Ct	0	0	2	0	2	0	0	2	3	0	0	2	0	2	5	1	0	1	3	1	0	0	1	1	2	0	0	0	2	0	1	0	2	2
45134	2 Apr 26	20:26:00	1	0	34	0	Ct	0	0	2	0	2	0	0	2	5	0	0	1	0	0	3	4	1	3	0	0	0	0	1	2	5	0	0	0	0	3	1	0	2	0
45135	2 Apr 26	20:27:00	1	0	34	0	Ct	0	0	3	0	2	0	0	2	1	0	0	3	0	0	0	5	3	1	0	0	1	0	1	2	0	1	0	0	0	0	0	0	3	0
45136	2 Apr 26	20:28:00	1	0	34	0	Ct	0	0	2	0	2	1	0	1	1	0	0	0	0	0	2	1	0	0	1	0	2	0	2	2	0	1	0	0	0	0	1	0	6	3
45137	2 Apr 26	20:29:00	1	0	34	0	Ct	0	0	2	0	1	3	0	1	2	0	0	2	0	1	0	0	1	0	0	0	1	0	1	0	3	0	0	0	0	1	1	0	5	3
45138	2 Apr 26	20:30:00	1	0	34	0	Ct	0	0	3	0	2	2	0	3	3	0	0	5	0	1	0	2	3	0	1	0	1	0	1	2	0	1	0	0	0	3	0	0	2	2
45139	2 Apr 26	20:31:00	1	0	34	0	Ct	0	0	3	0	3	0	0	2	2	0	0	0	0	5	1	5	1	1	0	0	2	0	1	2	0	0	0	4	0	0	2	0	2	0
45140	2 Apr 26	20:32:00	1	0	34	0	Ct	0	0	3	0	2	0	0	1	2	0	0	0	0	1	1	1	0	2	1	2	0	0	1	7	2	2	0	3	0	3	3	0	1	2
45141	2 Apr 26	20:33:00	1	0	34	0	Ct	0	0	3	0	0	1	0	2	1	0	0	0	0	0	0	0	1	2	1	4	0	0	1	5	3	2	0	0	0	0	3	0	5	0
45142	2 Apr 26	20:34:00	1	0	34	0	Ct	0	0	2	0	0	6	0	2	2	0	0	0	0	0	1	1	0	0	0	0	3	0	1	4	4	0	0	5	1	1	0	0	1	3
45143	2 Apr 26	20:35:00	1	0	34	0	Ct	0	0	2	0	0	2	0	4	0	1	0	0	0	0	2	4	1	2	0	0	0	0	1	1	0	0	0	1	1	4	2	0	2	2
45144	2 Apr 26	20:36:00	1	0	34	0	Ct	0	0	2	0	0	3	0	0	1	1	0	0	0	1	3	1	1	3	0	2	4	0	1	3	0	0	0	0	0	5	3	0	7	3
45145	2 Apr 26	20:37:00	1	0	34	0	Ct	0	0	2	0	0	1	0	2	1	3	0	0	0	0	3	1	0	2	1	0	0	0	3	0	0	2	0	0	0	1	1	0	2	4
45146	2 Apr 26	20:38:00	1	0	34	0	Ct	0	0	1	0	2	3	0	0	10	0	0	0	0	0	0	1	1	0	1	6	2	0	0	1	0	1	0	1	0	2	2	0	3	3
45147	2 Apr 26	20:39:00	1	0	34	0	Ct	0	0	1	0	2	0	0	0	2	0	0	0	0	1	0	1	3	0	0	0	2	0	4	4	1	3	0	3	1	1	1	0	4	3
45148	2 Apr 26	20:40:00	1	0	34	0	Ct	0	0	2	0	2	2	0	0	0	0	0	0	0	1	1	0	0	1	0	1	0	0	0	1	2	0	2	0	1	3	1	0	3	1
45149	2 Apr 26	20:41:00	1	0	34	0	Ct	0	0	2	0	0	5	0	0	2	0	0	0	0	1	1	0	0	1	1	0	1	0	0	0	0	1	0	0	0	2	0	0	3	1
45150	2 Apr 26	20:42:00	1	0	34	0	Ct	0	0	4	0	0	0	0	0	4	0	0	0	0	3	2	2	0	0	0	0	0	0	4	1	0	1	6	0	0	2	0	0	2	3
45151	2 Apr 26	20:43:00	1	0	34	0	Ct	0	0	2	0	1	2	0	0	2	0	0	0	0	2	0	2	3	4	1	0	1	0	0	2	0	0	0	0	2	0	1	0	8	3
45152	2 Apr 26	20:44:00	1	0	34	0	Ct	0	0	4	0	3	3	0	0	3	0	0	0	0	1	4	0	0	4	1	2	1	0	0	1	0	1	0	0	0	0	0	0	1	0
45153	2 Apr 26	20:45:00	1	0	34	0	Ct	0	0	1	0	3	6	0	0	1	0	0	2	0	2	1	0	1	1	0	0	2	0	2	2	0	1	0	0	0	2	0	0	0	2
45154	2 Apr 26	20:46:00	1	0	34	0	Ct	0	0	2	0	2	0	0	0	4	0	0	4	0	2	2	0	1	2	0	0	2	0	2	2	0	1	0	0	0	1	0	0	0	1
45155	2 Apr 26	20:47:00	1	0	34	0	Ct	0	0	1	0	1	0	0	1	2	5	0	1	1	1	1	0	0	2	0	4	2	0	3	1	0	2	0	0	0	1	0	0	1	2
45156	2 Apr 26	20:48:00	1	0	34	0	Ct	0	0	2	0	4	0	0	1	2	3	0	3	1	0	2	1	1	2	0	0	1	0	0	1	0	1	0	0	1	3	2	0	1	1
45157	2 Apr 26	20:49:00	1	0	34	0	Ct	0	0	1	0	0	0	0	1	3	2	0	3	0	0	0	1	0	5	0	1	1	0	1	2	0	0	0	0	1	1	3	0	2	3
45158	2 Apr 26	20:50:00	1	0	34	0	Ct	0	0	2	0	0	0	0	2	2	3	0	0	0	1	2	1	0	1	0	3	2	0	2	2	0	2	0	0	0	2	8	0	1	2
45159	2 Apr 26	20:51:00	1	0	34	0	Ct	0	0	3	0	2	0	0	0	2	1	0	1	0	1	3	7	1	0	0	1	0	0	0	6	0	1	0	0	2	0	0	0	1	1
45160	2 Apr 26	20:52:00	1	0	34	0	Ct	0	0	4	0	1	0	0	3	5	2	0	0	0	0	2	0	1	0	3	1	0	0	2	1	0	2	0	0	1	0	0	0	1	2
45161	2 Apr 26	20:53:00	1	0	34	0	Ct	0	0	1	0	3	0	0	0	1	1	0	0	1	0	5	2	3	1	0	0	0	0	0	3	0	0	0	0	2	1	0	0	2	2
45162	2 Apr 26	20:54:00	1	0	34	0	Ct	0	0	0	0	4	0	0	3	2	1	0	1	0	0	1	0	1	2	0	0	2	0	2	0	0	2	0	0	2	0	0	0	3	1
45163	2 Apr 26	20:55:00	1	0	34	0	Ct	0	0	0	0	3	1	0	2	1	3	0	3	0	1	1	1	4	1	1	0	1	0	0	3	0	2	0	0	4	2	0	0	2	3
45164	2 Apr 26	20:56:00	1	0	34	0	Ct	0	0	0	0	0	8	0	2	1	0	0	0	0	0	2	3	1	1	3	0	4	0	0	0	0	1	0	0	2	1	2	0	1	3
45165	2 Apr 26	20:57:00	1	0	34	0	Ct	0	0	0	0	0	0	0	2	3	0	0	0	0	1	2	1	0	2	0	2	4	0	3	3	0	1	0	0	2	2	0	0	1	4
45166	2 Apr 26	20:58:00	1	0	34	0	Ct	0	0	0	0	0	2	0	0	4	2	0	0	0	2	1	0	2	2	0	8	0	0	0	0	3	1	0	0	3	1	2	0	3	2
45167	2 Apr 26	20:59:00	1	0	34	0	Ct	0	0	0	0	0	0	0	0	3	1	0	4	0	1	7	0	1	1	0	2	1	0	0	4	0	0	0	0	2	2	1	0	2	3
45168	2 Apr 26	21:00:00	1	0	34	0	Ct	0	0	0	0	0	0	0	0	3	2	0	2	0	0	2	1	0	1	0	2	2	0	1	1	0	0	0	0	3	1	1	0	3	1
45169	2 Apr 26	21:01:00	1	0	34	0	Ct	0	0	0	0	0	0	0	2	3	0	0	1	0	2	1	0	0	0	0	3	5	0	0	1	0	2	0	0	3	1	2	0	0	0
45170	2 Apr 26	21:02:00	1	0	34	0	Ct	0	0	2	0	0	0	0	2	2	0	0	2	0	2	1	2	0	0	1	2	2	0	1	2	0	0	0	0	2	1	0	0	3	1
45171	2 Apr 26	21:03:00	1	0	34	0	Ct	0	0	1	0	0	0	0	2	4	0	0	1	0	0	0	3	1	0	1	3	1	0	0	1	0	1	0	0	0	3	1	0	1	4
45172	2 Apr 26	21:04:00	1	0	34	0	Ct	0	0	3	0	2	0	0	2	3	0	0	0	0	1	0	2	3	4	0	1	0	0	1	1	0	1	0	0	0	0	1	0	1	0
45173	2 Apr 26	21:05:00	1	0	34	0	Ct	0	0	3	0	1	0	0	10	5	0	0	0	0	1	5	0	0	2	4	1	0	0	2	1	0	0	0	0	0	2	4	0	4	2
45174	2 Apr 26	21:06:00	1	0	34	0	Ct	0	0	2	0	0	4	0	1	5	0	0	1	0	1	3	0	0	0	1	1	0	0	1	1	0	1	0	0	0	2	1	0	1	0
45175	2 Apr 26	21:07:00	1	0	34	0	Ct	0	0	3	0	2	0	0	0	7	1	0	1	0	1	0	0	0	2	0	5	0	0	1	3	0	0	0	0	0	3	3	0	1	5
45176	2 Apr 26	21:08:00	1	0	34	0	Ct	0	0	2	0	0	5	0	1	4	3	0	4	0	1	3	1	2	1	0	0	0	0	1	1	0	1	0	1	1	1	0	0	4	2
45177	2 Apr 26	21:09:00	1	0	34	0	Ct	0	0	1	0	3	1	0	3	2	0	0	0	0	1	0	4	1	1	3	2	0	0	2	3	0	1	0	2	1	0	1	0	4	2
45178	2 Apr 26	21:10:00	1	0	34	0	Ct	0	0	0	0	1	0	0	1	1	0	0	0	0	2	0	3	2	0	1	0	0	0	0	3	0	1	0	0	2	0	0	0	3	3
45179	2 Apr 26	21:11:00	1	0	34	0	Ct	0	0	0	0	2	0	0	1	5	0	0	1	0	1	0	2	1	0	0	3	1	0	0	2	0	2	0	0	5	0	1	0	4	4
45180	2 Apr 26	21:12:00	1	0	34	0	Ct	0	0	0	0	4	0	0	2	1	2	0	2	0	1	1	0	1	3	0	0	4	0	1	2	0	0	0	0	0	2	1	0	4	2
45181	2 Apr 26	21:13:00	1	0	34	0	Ct	0	0	1	0	0	0	0	0	0	1	0	0	0	2	2	1	1	0	0	0	5	0	1	0	0	1	0	0	1	1	0	0	3	2
45182	2 Apr 26	21:14:00	1	0	34	0	Ct	0	0	3	0	0	2	0	0	2	0	0	0	0	1	0	1	1	0	1	0	0	0	0	3	0	1	0	1	1	0	1	0	3	2
45183	2 Apr 26	21:15:00	1	0	34	0	Ct	0	0	3	0	2	0	0	2	4	1	0	2	0	0	0	0	0	4	1	1	0	0	1	2	0	0	0	0	1	2	1	0	3	3
45184	2 Apr 26	21:16:00	1	0	34	0	Ct	0	0	3	0	1	3	0	2	3	5	0	1	0	2	2	0	0	1	0	2	0	0	1	1	0	2	0	1	1	2	0	0	2	2
45185	2 Apr 26	21:17:00	1	0	34	0	Ct	0	0	3	0	0	0	0	3	4	0	0	4	0	1	0	3	0	0	0	0	1	0	1	1	0	0	0	2	0	3	2	0	2	1
45186	2 Apr 26	21:18:00	1	0	34	0	Ct	0	0	3	0	0	0	0	2	3	0	0	1	0	1	1	2	0	12	0	1	3	0	1	0	0	0	0	0	0	0	1	0	6	1
45187	2 Apr 26	21:19:00	1	0	34	0	Ct	0	0	1	0	0	0	0	3	4	0	0	1	0	4	2	1	0	1	0	0	0	0	0	2	0	0	0	0	2	1	0	0	2	2
45188	2 Apr 26	21:20:00	1	0	34	0	Ct	0	0	2	0	0	0	0	0	4	0	0	3	0	0	2	5	0	1	0	0	0	0	1	2	0	1	0	0	0	1	2	0	3	0
45189	2 Apr 26	21:21:00	1	0	34	0	Ct	0	0	1	0	0	0	0	0	8	0	0	3	0	0	0	0	0	1	1	0	1	0	2	2	1	1	0	0	0	0	2	0	5	2
45190	2 Apr 26	21:22:00	1	0	34	0	Ct	0	0	3	0	0	5	0	4	5	0	0	4	0	0	0	5	0	0	1	0	0	0	0	3	0	0	0	0	0	2	1	0	3	1
45191	2 Apr 26	21:23:00	1	0	34	0	Ct	0	0	2	0	3	0	0	0	1	0	0	0	0	0	2	0	0	1	0	0	0	0	0	0	0	0	0	0	1	2	2	0	2	3
45192	2 Apr 26	21:24:00	1	0	34	0	Ct	0	0	2	0	0	2	0	0	1	0	0	4	0	0	3	1	1	1	0	0	0	0	1	2	0	0	0	0	1	1	1	0	1	6
45193	2 Apr 26	21:25:00	1	0	34	0	Ct	0	0	1	0	1	1	0	0	2	0	0	1	0	0	1	1	3	0	1	0	0	0	1	2	0	0	0	0	0	2	6	0	0	2
45194	2 Apr 26	21:26:00	1	0	34	0	Ct	0	0	3	0	1	2	0	0	2	0	0	0	0	0	1	4	0	1	2	0	0	0	0	0	2	0	0	0	0	1	1	0	1	1
45195	2 Apr 26	21:27:00	1	0	34	0	Ct	0	0	1	0	0	0	0	0	2	0	0	0	4	2	5	1	0	1	1	3	0	0	2	1	3	2	0	0	0	0	0	0	1	2
45196	2 Apr 26	21:28:00	1	0	34	0	Ct	0	0	2	0	0	0	0	0	2	0	0	0	0	0	1	0	0	1	0	3	0	0	1	0	3	0	0	0	0	1	0	0	0	3
45197	2 Apr 26	21:29:00	1	0	34	0	Ct	0	0	1	0	0	2	0	2	0	0	0	2	0	1	0	3	0	1	0	3	0	0	1	2	3	2	0	0	2	4	4	0	2	3
45198	2 Apr 26	21:30:00	1	0	34	0	Ct	0	0	2	0	0	0	0	2	1	0	0	0	0	1	0	14	1	1	0	0	0	0	1	2	3	0	0	0	1	1	2	0	6	1
45199	2 Apr 26	21:31:00	1	0	34	0	Ct	0	0	2	0	0	0	0	2	5	0	0	0	2	3	0	0	4	1	0	0	0	0	1	2	4	3	0	0	3	2	1	0	2	2
45200	2 Apr 26	21:32:00	1	0	34	0	Ct	0	0	3	0	0	4	0	3	4	0	0	0	0	1	1	0	2	0	0	0	0	0	1	2	0	0	0	0	0	1	0	0	0	2
45201	2 Apr 26	21:33:00	1	0	34	0	Ct	0	0	0	0	1	1	0	1	2	0	0	8	0	0	3	6	2	1	0	0	2	0	1	1	0	0	0	0	0	2	1	0	2	2
45202	2 Apr 26	21:34:00	1	0	34	0	Ct	0	0	1	0	1	0	0	2	3	0	0	0	0	0	4	0	4	2	0	0	0	0	1	1	0	0	0	0	0	0	3	0	0	0
45203	2 Apr 26	21:35:00	1	0	34	0	Ct	0	0	4	0	4	0	0	1	1	0	0	0	2	0	1	1	1	2	0	1	0	0	2	1	0	0	0	0	0	1	5	0	0	1
45204	2 Apr 26	21:36:00	1	0	34	0	Ct	0	0	1	0	1	3	0	7	1	0	0	1	0	4	0	2	2	2	0	0	2	0	1	1	1	0	0	0	2	0	2	0	0	2
45205	2 Apr 26	21:37:00	1	0	34	0	Ct	0	0	2	0	1	1	0	0	1	0	0	2	0	1	3	3	0	3	0	1	0	0	3	3	2	1	0	0	0	0	1	0	2	1
45206	2 Apr 26	21:38:00	1	0	34	0	Ct	0	0	2	0	1	0	0	0	2	0	0	1	0	4	2	0	1	1	0	4	3	0	0	2	0	1	0	0	0	0	3	0	2	1
45207	2 Apr 26	21:39:00	1	0	34	0	Ct	0	0	4	0	2	2	0	0	3	0	0	0	0	0	4	5	0	0	0	0	1	0	0	1	0	1	0	0	1	0	0	0	1	5
45208	2 Apr 26	21:40:00	1	0	34	0	Ct	0	0	3	0	2	1	0	0	0	0	0	0	0	0	1	0	0	2	2	0	0	0	2	2	0	0	2	0	1	0	2	0	0	1
45209	2 Apr 26	21:41:00	1	0	34	0	Ct	0	0	2	0	1	0	0	0	2	0	0	0	0	0	0	0	7	2	0	0	0	0	0	2	0	0	3	0	0	3	0	0	3	3
45210	2 Apr 26	21:42:00	1	0	34	0	Ct	0	0	1	0	1	0	0	3	2	0	0	1	0	0	0	1	1	4	0	0	2	0	0	3	0	0	4	0	0	1	1	0	0	1
45211	2 Apr 26	21:43:00	1	0	34	0	Ct	0	0	2	0	1	0	0	2	1	0	0	3	0	0	1	0	0	2	0	0	2	0	2	0	0	0	4	0	0	0	0	0	1	2
45212	2 Apr 26	21:44:00	1	0	34	0	Ct	0	0	1	0	4	0	0	1	1	0	0	1	0	3	1	4	0	1	0	0	2	0	0	1	0	1	0	0	0	0	1	0	2	0
45213	2 Apr 26	21:45:00	1	0	34	0	Ct	0	0	4	0	0	0	0	1	2	0	0	0	0	3	0	3	0	1	0	0	0	0	2	3	0	2	0	0	0	0	3	0	0	1
45214	2 Apr 26	21:46:00	1	0	34	0	Ct	0	0	3	0	0	0	0	1	1	0	0	0	0	0	1	0	0	3	2	0	0	0	1	2	0	0	0	0	0	1	0	0	3	3
45215	2 Apr 26	21:47:00	1	0	34	0	Ct	0	0	1	0	3	0	0	1	2	0	0	0	0	0	1	0	1	2	1	0	0	0	1	1	0	0	0	0	1	1	0	0	5	1
45216	2 Apr 26	21:48:00	1	0	34	0	Ct	0	0	0	0	0	0	0	1	2	0	0	0	0	0	0	0	1	0	1	0	1	0	0	1	0	4	0	0	2	2	1	0	2	3
45217	2 Apr 26	21:49:00	1	0	34	0	Ct	0	0	0	0	2	0	0	0	5	0	0	0	0	1	1	4	0	3	5	5	0	0	0	2	0	0	0	0	0	1	1	0	6	2
45218	2 Apr 26	21:50:00	1	0	34	0	Ct	0	0	0	0	0	0	0	1	3	0	0	1	0	2	3	0	0	1	0	2	4	0	1	0	0	4	0	0	0	1	0	0	4	2
45219	2 Apr 26	21:51:00	1	0	34	0	Ct	0	0	0	0	2	0	0	3	2	0	0	2	0	1	1	3	1	3	1	0	0	0	0	2	0	0	0	0	4	1	0	0	2	4
45220	2 Apr 26	21:52:00	1	0	34	0	Ct	0	0	0	0	0	2	0	1	2	0	0	2	0	0	3	1	1	0	0	0	0	0	1	2	0	0	0	0	0	1	1	0	1	1
45221	2 Apr 26	21:53:00	1	0	34	0	Ct	0	0	0	0	3	3	0	1	8	0	0	0	0	1	0	2	4	0	0	0	0	0	0	2	0	0	0	0	0	1	1	0	3	2
45222	2 Apr 26	21:54:00	1	0	34	0	Ct	0	0	0	0	0	2	0	2	5	0	0	1	0	1	1	1	0	3	1	0	1	0	1	3	0	0	0	0	0	1	0	0	3	3
45223	2 Apr 26	21:55:00	1	0	34	0	Ct	0	0	0	0	1	0	0	2	3	0	0	0	0	0	2	0	0	2	1	0	3	0	1	2	0	2	0	0	0	3	2	0	2	1
45224	2 Apr 26	21:56:00	1	0	34	0	Ct	0	0	0	0	0	2	0	2	4	0	0	0	0	2	0	0	0	2	0	0	1	0	2	1	0	0	0	0	1	0	0	0	1	1
45225	2 Apr 26	21:57:00	1	0	34	0	Ct	0	0	0	0	6	0	0	2	4	0	0	0	0	0	0	4	2	2	1	0	0	0	0	3	1	1	0	0	1	1	1	0	1	2
45226	2 Apr 26	21:58:00	1	0	34	0	Ct	0	0	0	0	3	0	0	3	18	0	0	0	0	5	0	5	0	0	1	0	0	0	2	1	4	2	0	0	2	2	1	0	1	1
45227	2 Apr 26	21:59:00	1	0	34	0	Ct	0	0	0	0	5	2	0	1	2	0	0	0	0	3	1	0	1	2	0	0	0	0	2	2	0	0	0	0	0	0	3	0	0	1
45228	2 Apr 26	22:00:00	1	0	34	0	Ct	0	0	0	0	2	1	0	1	5	0	0	0	0	1	3	0	0	2	0	0	0	0	1	1	0	0	0	0	0	0	0	0	1	2
45229	2 Apr 26	22:01:00	1	0	34	0	Ct	0	0	2	0	0	0	0	0	2	0	0	0	0	1	2	0	0	4	0	0	0	0	2	0	1	0	0	0	2	7	0	0	1	2
45230	2 Apr 26	22:02:00	1	0	34	0	Ct	0	0	2	0	0	2	0	0	2	0	0	0	0	2	0	1	3	4	2	0	0	0	0	0	5	1	0	0	0	1	0	0	3	3
45231	2 Apr 26	22:03:00	1	0	34	0	Ct	0	0	3	0	0	0	0	0	0	0	0	0	0	0	0	1	1	14	0	0	0	0	0	2	3	2	0	0	0	1	0	0	1	2
45232	2 Apr 26	22:04:00	1	0	34	0	Ct	0	0	3	0	1	0	0	0	0	0	0	0	0	1	0	1	3	1	0	0	0	0	0	1	0	0	0	0	0	1	0	0	2	1
45233	2 Apr 26	22:05:00	1	0	34	0	Ct	0	0	0	0	1	0	0	1	0	0	0	0	2	0	0	4	3	0	0	2	3	0	1	2	1	1	0	0	2	0	0	0	1	1
45234	2 Apr 26	22:06:00	1	0	34	0	Ct	0	0	0	0	3	0	0	3	1	0	0	0	1	0	6	1	1	1	1	0	2	0	0	2	7	0	0	0	0	3	0	0	3	2
45235	2 Apr 26	22:07:00	1	0	34	0	Ct	0	0	0	0	0	0	0	0	1	0	0	0	0	0	1	0	0	1	2	0	0	0	0	2	2	3	0	0	0	1	0	0	1	1
45236	2 Apr 26	22:08:00	1	0	34	0	Ct	0	0	2	0	5	0	0	1	2	0	0	0	0	0	1	0	0	0	0	0	3	0	0	0	0	0	0	0	0	0	0	0	2	2
45237	2 Apr 26	22:09:00	1	0	34	0	Ct	0	0	1	0	1	0	0	1	1	0	0	0	0	0	1	4	1	0	0	0	0	0	0	1	0	1	0	0	0	4	0	0	1	3
45238	2 Apr 26	22:10:00	1	0	34	0	Ct	0	0	2	0	0	2	0	3	1	0	0	0	2	2	0	1	3	1	1	0	0	0	0	1	0	3	0	0	2	1	0	0	1	2
45239	2 Apr 26	22:11:00	1	0	34	0	Ct	0	0	4	0	3	0	0	1	3	0	0	0	0	0	0	0	0	2	0	0	1	0	0	1	0	0	0	0	1	4	0	0	1	1
45240	2 Apr 26	22:12:00	1	0	34	0	Ct	0	0	2	0	1	0	0	2	4	0	0	16	0	2	0	1	0	2	1	0	4	0	2	1	0	0	0	0	0	3	2	0	1	3
45241	2 Apr 26	22:13:00	1	0	34	0	Ct	0	0	3	0	1	0	0	1	1	0	0	1	0	1	0	2	0	0	0	2	0	0	2	2	0	0	0	0	0	0	1	0	3	0
45242	2 Apr 26	22:14:00	1	0	34	0	Ct	0	0	4	0	0	1	0	1	4	0	0	0	0	0	0	5	3	4	0	7	0	0	1	1	0	1	0	0	0	0	0	0	0	2
45243	2 Apr 26	22:15:00	1	0	34	0	Ct	0	0	3	0	4	1	0	0	2	0	0	0	0	3	2	7	2	0	2	1	1	0	0	1	0	2	0	0	0	0	0	0	1	1
45244	2 Apr 26	22:16:00	1	0	34	0	Ct	0	0	2	0	3	0	0	0	3	0	0	1	0	0	1	8	1	1	0	3	0	0	2	3	0	2	1	0	0	0	0	0	1	0
45245	2 Apr 26	22:17:00	1	0	34	0	Ct	0	0	1	0	0	1	0	2	3	0	0	0	0	0	0	0	0	2	0	0	5	0	2	6	0	0	2	0	0	0	0	0	3	0
45246	2 Apr 26	22:18:00	1	0	34	0	Ct	0	0	2	0	3	1	0	0	1	0	0	4	0	0	1	1	0	1	0	0	1	0	2	1	0	0	0	0	0	1	2	0	0	3
45247	2 Apr 26	22:19:00	1	0	34	0	Ct	0	0	1	0	2	0	0	2	2	1	0	2	0	1	0	0	0	1	0	0	0	0	6	3	0	0	0	0	1	1	0	0	2	2
45248	2 Apr 26	22:20:00	1	0	34	0	Ct	0	0	2	0	0	0	0	1	4	0	0	0	0	0	0	0	0	1	2	0	4	0	7	2	0	0	0	0	2	1	2	0	1	0
45249	2 Apr 26	22:21:00	1	0	34	0	Ct	0	0	1	0	1	0	0	0	2	0	0	0	0	0	0	3	0	0	1	0	1	0	1	0	1	0	1	0	0	2	0	0	0	1
45250	2 Apr 26	22:22:00	1	0	34	0	Ct	0	0	1	0	1	0	0	0	3	0	0	0	0	2	2	0	0	1	0	0	0	0	1	1	0	0	3	0	0	2	0	0	3	21
45251	2 Apr 26	22:23:00	1	0	34	0	Ct	0	0	2	0	2	0	0	0	3	0	0	1	0	0	0	4	0	5	3	0	3	0	1	2	1	1	0	0	0	1	0	0	3	0
45252	2 Apr 26	22:24:00	1	0	34	0	Ct	0	0	2	0	2	0	0	0	2	0	0	1	0	1	1	1	0	2	0	0	0	0	2	2	5	2	0	0	0	1	0	0	1	3
45253	2 Apr 26	22:25:00	1	0	34	0	Ct	0	0	1	0	1	0	0	0	3	0	0	0	0	0	3	1	0	0	0	0	0	0	3	0	0	0	0	0	3	2	0	0	2	2
45254	2 Apr 26	22:26:00	1	0	34	0	Ct	0	0	2	0	1	0	0	0	3	0	0	0	0	1	2	0	0	0	3	0	0	0	0	1	0	0	0	0	1	1	3	0	4	2
45255	2 Apr 26	22:27:00	1	0	34	0	Ct	0	0	2	0	0	0	0	1	1	0	0	0	0	0	1	1	0	0	0	0	0	0	0	0	0	3	0	0	0	0	0	0	5	0
45256	2 Apr 26	22:28:00	1	0	34	0	Ct	0	0	1	0	0	0	0	1	2	0	0	0	0	0	0	0	0	0	0	0	0	0	2	0	1	1	0	0	0	1	0	0	3	0
45257	2 Apr 26	22:29:00	1	0	34	0	Ct	0	0	1	0	1	0	0	1	1	0	0	0	0	2	0	0	0	0	0	0	2	0	0	2	0	1	0	0	0	1	1	0	1	2
45258	2 Apr 26	22:30:00	1	0	34	0	Ct	0	0	1	0	1	0	0	1	4	0	0	0	0	2	1	0	0	0	0	0	1	0	0	1	0	0	0	0	0	1	1	0	1	2
45259	2 Apr 26	22:31:00	1	0	34	0	Ct	0	0	1	0	5	0	0	2	2	0	0	0	0	1	2	3	0	1	3	0	0	0	1	1	7	0	0	0	0	0	0	0	2	0
45260	2 Apr 26	22:32:00	1	0	34	0	Ct	0	0	2	0	0	0	0	0	1	0	0	2	0	0	0	0	0	1	1	0	0	0	0	3	0	0	0	0	2	0	2	0	1	3
45261	2 Apr 26	22:33:00	1	0	34	0	Ct	0	0	2	0	0	0	0	0	0	0	0	2	1	1	0	0	0	3	0	0	0	0	1	1	0	1	0	0	0	0	1	0	0	0
45262	2 Apr 26	22:34:00	1	0	34	0	Ct	0	0	4	0	2	1	0	0	0	0	0	0	1	1	0	0	0	0	0	0	0	0	0	1	0	2	0	0	0	0	0	0	0	2
45263	2 Apr 26	22:35:00	1	0	34	0	Ct	0	0	1	0	1	1	0	0	0	0	0	0	3	0	0	1	0	0	1	0	0	0	0	2	1	0	0	0	0	0	0	0	0	2
45264	2 Apr 26	22:36:00	1	0	34	0	Ct	0	0	2	0	1	0	0	0	0	0	0	1	0	1	1	1	0	0	0	0	1	0	1	2	2	0	0	0	1	0	0	0	3	1
45265	2 Apr 26	22:37:00	1	0	34	0	Ct	0	0	3	0	0	0	0	0	0	0	0	2	0	2	2	0	0	0	1	0	2	0	8	2	0	1	0	0	1	0	0	0	4	1
45266	2 Apr 26	22:38:00	1	0	34	0	Ct	0	0	6	0	1	0	0	0	0	0	0	2	0	0	0	0	0	4	0	6	4	0	0	2	10	1	0	0	2	2	0	0	1	2
45267	2 Apr 26	22:39:00	1	0	34	0	Ct	0	0	2	0	1	1	0	0	0	0	0	0	0	0	0	0	1	0	0	0	0	0	0	1	4	0	0	0	0	1	0	0	2	2
45268	2 Apr 26	22:40:00	1	0	34	0	Ct	0	0	2	0	1	1	0	0	0	5	0	1	0	0	3	0	1	0	3	0	0	0	0	2	0	0	3	0	0	0	1	0	1	4
45269	2 Apr 26	22:41:00	1	0	34	0	Ct	0	0	1	0	2	0	0	4	0	0	0	1	0	1	0	0	0	1	2	0	1	0	0	2	0	0	1	0	0	0	2	0	1	2
45270	2 Apr 26	22:42:00	1	0	34	0	Ct	0	0	4	0	0	0	0	0	1	0	0	0	0	4	2	0	0	2	0	0	3	0	0	2	0	2	0	0	0	1	1	0	2	2
45271	2 Apr 26	22:43:00	1	0	34	0	Ct	0	0	0	0	1	0	0	1	2	0	0	0	0	0	4	0	3	0	0	0	0	0	0	1	0	1	0	0	0	1	0	0	5	2
45272	2 Apr 26	22:44:00	1	0	34	0	Ct	0	0	4	0	0	0	0	0	1	0	0	0	0	3	0	0	0	2	0	1	2	0	0	2	0	0	0	0	0	1	1	0	1	3
45273	2 Apr 26	22:45:00	1	0	34	0	Ct	0	0	2	0	1	3	0	1	1	2	0	2	0	0	0	0	0	1	0	0	1	0	0	1	0	0	0	0	0	2	1	0	1	1
45274	2 Apr 26	22:46:00	1	0	34	0	Ct	0	0	2	0	2	1	0	0	0	2	0	0	0	2	1	0	0	0	1	0	0	0	0	1	0	1	0	0	0	3	0	0	3	1
45275	2 Apr 26	22:47:00	1	0	34	0	Ct	0	0	1	0	2	0	0	0	0	0	0	0	1	1	0	0	0	3	1	0	1	0	4	0	0	1	0	0	0	2	4	0	1	3
45276	2 Apr 26	22:48:00	1	0	34	0	Ct	0	0	3	0	2	0	0	0	0	0	0	0	0	0	0	0	0	1	0	0	0	0	0	0	0	0	0	0	0	0	2	0	2	2
45277	2 Apr 26	22:49:00	1	0	34	0	Ct	0	0	2	0	2	0	0	0	1	1	0	0	0	0	1	0	0	1	0	0	1	0	2	1	0	2	0	0	0	0	2	0	1	2
45278	2 Apr 26	22:50:00	1	0	34	0	Ct	0	0	1	0	3	0	0	0	1	2	0	0	0	0	1	0	0	3	3	0	3	0	0	0	0	0	0	0	0	0	2	0	1	0
45279	2 Apr 26	22:51:00	1	0	34	0	Ct	0	0	1	0	1	3	0	0	2	2	0	0	0	17	0	0	0	3	1	0	0	0	1	1	0	1	0	0	0	0	1	0	3	0
45280	2 Apr 26	22:52:00	1	0	34	0	Ct	0	0	2	0	3	0	0	0	2	0	0	0	0	6	0	0	0	0	0	0	1	0	1	0	0	0	0	0	2	0	0	0	3	0
45281	2 Apr 26	22:53:00	1	0	34	0	Ct	0	0	1	0	2	0	0	0	2	0	0	0	0	0	1	0	0	2	3	0	0	0	0	0	0	1	0	0	0	0	0	0	1	1
45282	2 Apr 26	22:54:00	1	0	34	0	Ct	0	0	1	0	1	0	0	0	3	0	0	0	0	0	1	0	0	1	1	0	0	0	0	1	1	1	0	0	0	0	0	0	3	2
45283	2 Apr 26	22:55:00	1	0	34	0	Ct	0	0	1	0	1	0	0	1	3	0	0	0	0	0	0	0	0	0	0	0	2	0	0	1	0	0	0	0	0	0	3	0	1	1
45284	2 Apr 26	22:56:00	1	0	34	0	Ct	0	0	2	0	2	1	0	1	1	0	0	0	0	1	0	0	0	0	0	0	1	0	0	2	0	1	0	0	0	0	0	0	0	1
45285	2 Apr 26	22:57:00	1	0	34	0	Ct	0	0	1	0	4	1	0	1	1	0	0	0	3	1	0	0	0	4	0	0	0	0	0	2	0	1	0	0	0	0	1	0	2	1
45286	2 Apr 26	22:58:00	1	0	34	0	Ct	0	0	1	0	1	0	0	0	1	0	0	0	1	0	0	0	0	3	0	0	0	0	0	2	0	0	0	0	0	0	1	0	2	1
45287	2 Apr 26	22:59:00	1	0	34	0	Ct	0	0	2	0	1	0	0	0	0	0	0	0	0	1	0	3	2	3	4	0	1	0	1	2	2	1	0	0	0	0	0	0	2	0
45288	2 Apr 26	23:00:00	1	0	34	0	Ct	0	0	1	0	5	0	0	0	5	0	0	4	0	0	0	0	0	1	0	0	1	0	0	0	3	0	0	0	0	0	2	0	2	0
45289	2 Apr 26	23:01:00	1	0	34	0	Ct	0	0	0	0	1	0	0	0	2	0	0	2	0	5	3	2	0	1	0	0	0	0	3	1	0	1	0	0	0	0	1	0	4	2
45290	2 Apr 26	23:02:00	1	0	34	0	Ct	0	0	3	0	2	0	0	0	5	0	0	1	0	1	2	1	4	2	1	0	0	0	4	2	0	0	0	0	0	0	1	0	2	2
45291	2 Apr 26	23:03:00	1	0	34	0	Ct	0	0	3	0	6	3	0	0	3	1	0	0	0	0	3	0	0	2	1	0	0	0	0	1	0	0	1	0	0	1	1	0	2	2
45292	2 Apr 26	23:04:00	1	0	34	0	Ct	0	0	0	0	0	0	0	0	1	3	0	0	0	0	1	0	0	0	0	0	0	0	0	2	0	0	3	0	2	2	1	0	1	3
45293	2 Apr 26	23:05:00	1	0	34	0	Ct	0	0	0	0	3	0	0	0	1	0	0	0	0	0	2	0	2	0	0	2	0	0	1	3	3	2	1	0	0	2	1	0	3	2
45294	2 Apr 26	23:06:00	1	0	34	0	Ct	0	0	0	0	2	0	0	0	0	4	0	0	0	7	0	0	0	1	0	0	0	0	2	1	2	0	0	0	0	0	1	0	0	1
45295	2 Apr 26	23:07:00	1	0	34	0	Ct	0	0	0	0	0	0	0	1	1	1	0	0	0	7	2	0	0	1	0	0	1	0	0	2	0	0	0	0	0	0	0	0	7	1
45296	2 Apr 26	23:08:00	1	0	34	0	Ct	0	0	0	0	1	0	0	0	1	0	0	0	0	0	0	0	2	0	0	0	3	0	0	1	0	0	0	0	0	0	0	0	4	1
45297	2 Apr 26	23:09:00	1	0	34	0	Ct	0	0	0	0	3	2	0	1	1	0	0	0	0	0	0	0	0	3	0	0	0	0	1	3	0	0	0	0	0	0	0	0	2	2
45298	2 Apr 26	23:10:00	1	0	34	0	Ct	0	0	0	0	3	0	0	0	1	0	0	0	0	0	0	0	0	0	0	0	0	0	0	1	0	0	0	0	1	0	0	0	1	2
45299	2 Apr 26	23:11:00	1	0	34	0	Ct	0	0	1	0	1	0	0	1	1	0	0	0	2	0	0	2	2	1	1	0	0	0	4	2	0	0	0	0	1	1	0	0	1	1
45300	2 Apr 26	23:12:00	1	0	34	0	Ct	0	0	1	0	1	0	0	0	4	0	0	0	0	0	0	1	1	0	1	2	0	0	7	2	0	0	0	0	1	1	5	0	2	1
45301	2 Apr 26	23:13:00	1	0	34	0	Ct	0	0	4	0	2	0	0	0	4	0	0	2	0	0	2	0	0	2	0	0	4	0	0	1	0	1	0	0	3	0	1	0	1	2
45302	2 Apr 26	23:14:00	1	0	34	0	Ct	0	0	0	0	1	0	0	1	1	0	0	0	0	5	2	0	0	2	1	0	1	0	0	2	0	0	2	0	0	0	0	0	1	4
45303	2 Apr 26	23:15:00	1	0	34	0	Ct	0	0	2	0	1	3	0	1	3	0	0	0	0	0	1	3	0	2	1	0	1	0	0	1	0	1	0	0	2	0	1	0	1	0
45304	2 Apr 26	23:16:00	1	0	34	0	Ct	0	0	1	0	0	3	0	2	3	1	0	2	0	0	1	0	0	1	0	0	5	0	0	1	0	0	0	0	0	0	0	0	2	0
45305	2 Apr 26	23:17:00	1	0	34	0	Ct	0	0	3	0	0	2	0	0	4	1	0	0	0	0	0	2	1	3	0	0	2	0	0	1	0	0	0	0	1	2	1	0	1	0
45306	2 Apr 26	23:18:00	1	0	34	0	Ct	0	0	3	0	0	0	0	0	1	0	0	0	0	0	0	0	1	2	0	0	0	0	0	2	0	0	0	0	1	0	4	0	2	0
45307	2 Apr 26	23:19:00	1	0	34	0	Ct	0	0	1	0	0	0	0	1	4	0	0	0	0	0	0	0	1	0	0	0	1	0	0	1	0	2	0	0	0	0	0	0	3	0
45308	2 Apr 26	23:20:00	1	0	34	0	Ct	0	0	1	0	0	0	0	0	4	0	0	0	0	0	0	1	2	0	0	0	0	0	0	1	6	3	0	0	1	0	5	0	5	0
45309	2 Apr 26	23:21:00	1	0	34	0	Ct	0	0	1	0	0	0	0	0	1	0	0	0	0	0	2	1	2	3	2	0	1	0	0	0	0	0	0	0	0	0	10	0	0	0
45310	2 Apr 26	23:22:00	1	0	34	0	Ct	0	0	0	0	0	6	0	0	4	0	0	0	0	0	0	0	1	3	1	0	2	0	0	2	0	2	0	0	1	0	0	0	2	0
45311	2 Apr 26	23:23:00	1	0	34	0	Ct	0	0	2	0	0	0	0	0	5	0	0	0	0	2	0	1	0	0	0	0	0	0	0	1	0	1	0	0	1	0	0	0	3	0
45312	2 Apr 26	23:24:00	1	0	34	0	Ct	0	0	2	0	0	0	0	0	0	1	0	0	0	3	0	0	0	1	1	0	2	0	0	0	0	0	0	0	0	0	11	0	0	0
45313	2 Apr 26	23:25:00	1	0	34	0	Ct	0	0	4	0	0	2	0	0	0	0	0	0	0	0	3	0	3	4	0	0	3	0	0	0	0	0	0	0	0	0	2	0	0	0
45314	2 Apr 26	23:26:00	1	0	34	0	Ct	0	0	3	0	0	0	0	0	1	1	0	0	0	0	0	0	0	3	1	0	2	0	0	2	0	3	0	0	0	0	0	0	6	0
45315	2 Apr 26	23:27:00	1	0	34	0	Ct	0	0	1	0	2	2	0	0	0	0	0	0	0	0	1	0	0	1	0	0	0	0	0	0	0	0	0	0	0	0	0	0	1	0
45316	2 Apr 26	23:28:00	1	0	34	0	Ct	0	0	2	0	2	0	0	0	4	1	0	1	0	3	0	0	0	0	0	0	0	0	0	0	0	1	0	0	2	0	4	0	5	0
45317	2 Apr 26	23:29:00	1	0	34	0	Ct	0	0	2	0	0	1	0	0	3	0	0	1	0	0	0	0	1	2	4	0	0	0	0	1	0	1	0	0	0	1	3	0	3	0
45318	2 Apr 26	23:30:00	1	0	34	0	Ct	0	0	2	0	0	2	0	0	1	0	0	0	0	0	0	3	0	1	0	0	2	0	0	1	2	1	0	0	0	1	5	0	5	0
45319	2 Apr 26	23:31:00	1	0	34	0	Ct	0	0	0	0	0	2	0	0	0	0	0	0	0	1	0	0	1	1	0	0	1	0	2	0	1	1	0	0	0	0	0	0	1	0
45320	2 Apr 26	23:32:00	1	0	34	0	Ct	0	0	0	0	0	0	0	0	2	0	0	0	0	0	0	0	1	1	1	0	3	0	3	1	0	1	0	0	0	0	1	0	2	0
45321	2 Apr 26	23:33:00	1	0	34	0	Ct	0	0	0	0	0	0	0	0	2	0	0	0	0	0	0	0	0	3	0	0	1	0	1	2	0	0	0	0	2	1	0	0	0	1
45322	2 Apr 26	23:34:00	1	0	34	0	Ct	0	0	0	0	4	0	0	0	4	0	0	0	0	1	1	0	0	0	1	1	4	0	0	3	0	0	0	0	1	6	0	0	0	2
45323	2 Apr 26	23:35:00	1	0	34	0	Ct	0	0	0	0	3	0	0	0	2	0	0	0	0	2	3	2	0	0	0	1	0	0	0	0	0	1	0	0	0	2	0	0	0	1
45324	2 Apr 26	23:36:00	1	0	34	0	Ct	0	0	0	0	5	0	0	0	3	0	0	0	0	2	0	0	2	1	0	1	0	0	0	2	0	0	0	0	0	0	2	0	0	1
45325	2 Apr 26	23:37:00	1	0	34	0	Ct	0	0	0	0	2	0	0	0	3	0	0	0	0	2	0	1	4	2	0	3	0	0	2	1	0	1	0	0	0	0	2	0	0	0
45326	2 Apr 26	23:38:00	1	0	34	0	Ct	0	0	0	0	1	2	0	0	3	0	0	0	0	9	0	2	0	2	1	3	1	0	3	1	0	0	0	0	2	0	0	0	0	3
45327	2 Apr 26	23:39:00	1	0	34	0	Ct	0	0	0	0	1	1	0	0	2	0	0	0	0	2	0	0	0	1	0	0	0	0	0	1	0	2	0	0	0	5	0	0	0	1
45328	2 Apr 26	23:40:00	1	0	34	0	Ct	0	0	1	0	5	0	0	1	3	0	0	0	0	1	0	0	4	0	1	0	0	0	0	0	0	0	0	0	0	1	1	0	3	0
45329	2 Apr 26	23:41:00	1	0	34	0	Ct	0	0	1	0	0	0	0	1	4	0	0	0	0	1	0	0	1	2	0	0	0	0	5	1	4	2	0	0	2	3	2	0	1	0
45330	2 Apr 26	23:42:00	1	0	34	0	Ct	0	0	2	0	2	2	0	0	3	0	0	1	0	2	0	4	0	2	0	0	2	0	0	1	0	2	0	0	1	1	2	0	1	0
45331	2 Apr 26	23:43:00	1	0	34	0	Ct	0	0	5	0	1	0	0	0	3	0	0	1	0	0	10	1	0	1	0	0	2	0	4	0	0	0	0	0	1	0	0	0	2	1
45332	2 Apr 26	23:44:00	1	0	34	0	Ct	0	0	2	0	1	1	0	0	2	9	0	0	0	2	0	0	0	0	0	0	3	0	0	2	0	0	0	0	0	6	12	0	1	0
45333	2 Apr 26	23:45:00	1	0	34	0	Ct	0	0	2	0	0	3	0	0	5	1	0	0	0	0	2	1	0	1	1	1	0	0	2	4	0	0	0	0	2	3	0	0	5	0
45334	2 Apr 26	23:46:00	1	0	34	0	Ct	0	0	3	0	5	0	0	0	4	1	0	0	0	1	0	0	0	4	1	2	0	0	0	1	0	0	0	0	1	0	2	0	6	2
45335	2 Apr 26	23:47:00	1	0	34	0	Ct	0	0	2	0	2	0	0	0	1	0	0	0	0	3	0	0	0	3	0	1	0	0	3	1	0	1	0	0	0	0	4	0	2	0
45336	2 Apr 26	23:48:00	1	0	34	0	Ct	0	0	2	0	0	0	0	0	1	0	0	0	0	0	0	0	0	5	1	0	1	0	1	1	0	4	3	0	2	5	0	0	5	0
45337	2 Apr 26	23:49:00	1	0	34	0	Ct	0	0	1	0	0	0	0	0	5	0	0	0	0	1	0	0	0	2	2	0	0	0	4	1	0	2	1	0	0	8	0	0	1	2
45338	2 Apr 26	23:50:00	1	0	34	0	Ct	0	0	2	0	0	0	0	0	1	0	0	1	0	1	0	0	0	2	0	0	3	0	0	1	2	0	0	0	2	1	3	0	0	1
45339	2 Apr 26	23:51:00	1	0	34	0	Ct	0	0	1	0	0	0	0	0	1	2	0	1	0	0	0	2	1	2	1	0	1	0	1	1	0	0	0	0	0	9	3	0	0	0
45340	2 Apr 26	23:52:00	1	0	34	0	Ct	0	0	1	0	1	0	0	0	3	0	0	2	0	1	0	2	1	0	0	0	2	0	0	2	0	1	0	0	2	6	0	0	3	1
45341	2 Apr 26	23:53:00	1	0	34	0	Ct	0	0	2	0	2	0	0	0	1	2	0	0	0	0	0	1	0	1	0	0	4	0	0	0	0	1	0	0	0	14	3	0	1	3
45342	2 Apr 26	23:54:00	1	0	34	0	Ct	0	0	0	0	0	0	0	0	4	1	0	0	0	1	0	2	1	1	0	0	0	0	3	0	0	0	0	0	2	0	2	0	1	1
45343	2 Apr 26	23:55:00	1	0	34	0	Ct	0	0	3	0	1	2	0	0	4	0	0	0	0	0	0	0	1	2	0	0	0	0	0	0	0	0	0	0	0	7	3	0	1	0
45344	2 Apr 26	23:56:00	1	0	34	0	Ct	0	0	1	0	1	0	0	0	3	0	0	0	0	0	0	4	0	1	0	0	1	0	3	1	0	0	0	0	2	3	0	0	2	0
45345	2 Apr 26	23:57:00	1	0	34	0	Ct	0	0	3	0	0	0	0	0	4	0	0	0	0	0	1	1	0	2	2	0	0	0	0	1	0	0	1	0	0	1	1	0	1	0
45346	2 Apr 26	23:58:00	1	0	34	0	Ct	0	0	2	0	1	0	0	0	1	0	0	0	0	1	1	0	0	0	1	0	1	0	0	0	0	0	2	0	0	5	1	0	2	2
45347	2 Apr 26	23:59:00	1	0	34	0	Ct	0	0	2	0	1	0	0	0	1	0	0	0	1	1	0	9	0	1	0	0	0	0	0	1	0	0	5	0	1	6	0	0	1	1
45348	3 Apr 26	00:00:00	1	0	34	0	Ct	0	0	1	0	3	0	0	0	3	0	0	0	3	1	0	4	0	0	0	0	0	0	0	0	0	0	0	0	1	0	0	0	1	0
45349	3 Apr 26	00:01:00	1	0	34	0	Ct	0	0	3	0	1	0	0	0	0	0	0	0	0	2	0	0	1	4	0	0	1	0	0	1	0	0	2	0	1	0	3	0	3	0
45350	3 Apr 26	00:02:00	1	0	34	0	Ct	0	0	3	0	4	0	0	0	3	0	0	0	0	0	0	3	3	0	1	0	0	0	0	0	2	0	0	0	2	0	0	0	0	0
45351	3 Apr 26	00:03:00	1	0	34	0	Ct	0	0	1	0	0	0	0	0	2	0	0	0	0	0	0	1	1	0	0	0	2	0	0	0	2	1	0	0	0	0	0	0	1	0
45352	3 Apr 26	00:04:00	1	0	34	0	Ct	0	0	0	0	0	0	0	2	0	0	0	0	0	2	0	8	3	2	0	0	3	0	0	3	0	1	0	0	0	0	0	0	1	1
45353	3 Apr 26	00:05:00	1	0	34	0	Ct	0	0	3	0	1	3	0	0	4	0	0	0	0	1	0	1	0	2	0	0	1	0	0	0	2	0	0	0	1	7	3	0	1	1
45354	3 Apr 26	00:06:00	1	0	34	0	Ct	0	0	3	0	2	0	0	0	3	0	0	2	0	0	0	1	1	0	0	0	0	0	0	3	5	0	0	0	1	0	0	0	2	1
45355	3 Apr 26	00:07:00	1	0	34	0	Ct	0	0	2	0	1	0	0	0	3	1	0	0	0	2	0	1	0	0	3	0	0	0	0	2	0	0	0	0	2	4	3	0	1	1
45356	3 Apr 26	00:08:00	1	0	34	0	Ct	0	0	0	0	1	1	0	1	1	0	0	1	0	1	0	6	2	0	0	0	1	0	0	1	3	1	0	0	0	0	0	0	1	1
45357	3 Apr 26	00:09:00	1	0	34	0	Ct	0	0	0	0	0	1	0	0	1	2	0	0	0	0	0	5	1	3	0	0	1	0	1	0	3	0	0	0	0	1	1	0	1	1
45358	3 Apr 26	00:10:00	1	0	34	0	Ct	0	0	0	0	1	2	0	0	2	1	0	1	0	0	2	4	2	0	0	0	0	0	0	0	0	1	3	0	0	4	0	0	5	1
45359	3 Apr 26	00:11:00	1	0	34	0	Ct	0	0	1	0	0	1	0	0	3	0	0	0	0	0	3	0	1	0	0	0	1	0	1	0	2	0	0	0	0	3	0	0	1	1
45360	3 Apr 26	00:12:00	1	0	34	0	Ct	0	0	1	0	2	0	0	0	0	0	0	1	0	0	4	1	0	0	0	0	0	0	0	2	0	1	0	0	1	3	0	0	2	8
45361	3 Apr 26	00:13:00	1	0	34	0	Ct	0	0	1	0	0	0	0	0	0	0	0	0	0	1	0	2	0	2	0	0	0	0	2	0	1	1	0	0	3	0	0	0	1	2
45362	3 Apr 26	00:14:00	1	0	34	0	Ct	0	0	3	0	0	0	0	0	3	0	0	0	0	0	0	2	0	2	0	0	0	0	1	2	0	3	2	0	0	0	3	0	18	2
45363	3 Apr 26	00:15:00	1	0	34	0	Ct	0	0	0	0	4	2	0	0	0	0	0	0	0	0	2	0	0	0	1	0	0	0	0	0	0	0	0	0	0	0	2	0	2	2
45364	3 Apr 26	00:16:00	1	0	34	0	Ct	0	0	3	0	2	0	0	0	0	0	0	0	0	1	0	1	2	0	3	0	1	0	3	0	1	0	0	0	0	0	2	0	2	2
45365	3 Apr 26	00:17:00	1	0	34	0	Ct	0	0	1	0	2	2	0	0	4	0	0	0	0	2	0	2	1	0	0	0	1	0	0	1	2	0	0	0	0	0	0	0	3	4
45366	3 Apr 26	00:18:00	1	0	34	0	Ct	0	0	2	0	1	0	0	0	2	0	0	0	0	0	0	0	0	0	1	0	0	0	0	1	1	0	0	0	0	0	0	0	3	3
45367	3 Apr 26	00:19:00	1	0	34	0	Ct	0	0	2	0	2	0	0	0	3	0	0	1	0	0	0	3	0	1	0	0	4	0	3	1	1	0	2	0	1	0	1	0	4	1
45368	3 Apr 26	00:20:00	1	0	34	0	Ct	0	0	0	0	0	0	0	0	1	0	0	4	4	0	0	11	1	1	0	0	2	0	0	0	0	0	2	0	3	0	0	0	2	3
45369	3 Apr 26	00:21:00	1	0	34	0	Ct	0	0	2	0	0	0	0	1	2	2	0	0	0	0	0	2	1	0	0	2	0	0	1	0	0	0	0	0	0	3	1	0	4	1
45370	3 Apr 26	00:22:00	1	0	34	0	Ct	0	0	1	0	1	0	0	4	2	0	0	0	0	0	0	0	0	0	0	1	2	0	2	1	0	0	0	0	0	0	0	0	2	3
45371	3 Apr 26	00:23:00	1	0	34	0	Ct	0	0	1	0	1	0	0	0	3	0	0	0	0	3	2	1	0	1	0	0	3	0	3	0	0	2	0	0	4	4	0	0	2	0
45372	3 Apr 26	00:24:00	1	0	34	0	Ct	0	0	2	0	0	0	0	0	3	1	0	0	0	0	1	0	0	3	0	0	1	0	1	0	0	0	2	0	0	0	0	0	0	0
45373	3 Apr 26	00:25:00	1	0	34	0	Ct	0	0	1	0	1	0	0	0	1	0	0	0	0	0	0	0	0	0	0	0	0	0	2	0	0	0	0	0	0	5	0	0	2	5
45374	3 Apr 26	00:26:00	1	0	34	0	Ct	0	0	7	0	3	0	0	0	2	0	0	0	0	4	0	0	0	0	0	0	2	0	1	0	0	0	0	0	0	3	0	0	1	1
45375	3 Apr 26	00:27:00	1	0	34	0	Ct	0	0	1	0	3	0	0	0	2	0	0	0	0	2	0	0	0	2	0	0	0	0	0	0	0	0	0	0	2	2	0	0	1	2
45376	3 Apr 26	00:28:00	1	0	34	0	Ct	0	0	1	0	3	0	0	1	1	0	0	0	0	3	0	0	0	0	0	0	0	0	0	0	2	0	1	0	0	0	0	0	3	1
45377	3 Apr 26	00:29:00	1	0	34	0	Ct	0	0	2	0	0	0	0	8	2	0	0	0	0	2	0	0	4	0	0	0	2	0	1	0	2	0	2	0	0	0	0	0	0	2
45378	3 Apr 26	00:30:00	1	0	34	0	Ct	0	0	1	0	0	0	0	5	0	0	0	1	0	0	0	10	1	0	0	0	1	0	5	0	1	0	1	0	1	0	0	0	0	0
45379	3 Apr 26	00:31:00	1	0	34	0	Ct	0	0	0	0	0	0	0	1	2	4	0	4	0	0	0	0	0	2	0	0	0	0	2	0	0	0	3	0	1	1	0	0	1	3
45380	3 Apr 26	00:32:00	1	0	34	0	Ct	0	0	1	0	0	0	0	0	1	0	0	1	0	0	0	0	1	5	0	0	0	0	0	0	2	0	4	0	0	3	0	0	3	0
45381	3 Apr 26	00:33:00	1	0	34	0	Ct	0	0	3	0	1	0	0	0	2	1	0	2	0	0	0	10	2	27	0	0	0	0	0	0	4	0	3	0	0	2	0	0	2	0
45382	3 Apr 26	00:34:00	1	0	34	0	Ct	0	0	0	0	1	3	0	0	3	3	0	0	0	0	3	16	0	0	0	0	0	0	0	0	3	0	8	0	1	10	0	0	2	0
45383	3 Apr 26	00:35:00	1	0	34	0	Ct	0	0	2	0	1	0	0	0	0	0	0	0	0	0	1	6	0	0	0	0	0	0	0	0	3	1	4	0	1	2	0	0	2	2
45384	3 Apr 26	00:36:00	1	0	34	0	Ct	0	0	3	0	3	0	0	0	1	0	0	0	0	0	0	1	0	0	0	0	0	0	2	2	0	1	3	0	0	3	0	0	0	1
45385	3 Apr 26	00:37:00	1	0	34	0	Ct	0	0	1	0	0	0	0	1	2	0	0	2	0	0	0	0	0	0	0	0	0	0	5	0	0	1	1	0	0	0	0	0	0	3
45386	3 Apr 26	00:38:00	1	0	34	0	Ct	0	0	0	0	1	0	0	6	2	0	0	1	3	0	1	10	0	0	0	0	0	0	4	0	1	0	2	0	2	0	0	0	0	2
45387	3 Apr 26	00:39:00	1	0	34	0	Ct	0	0	4	0	1	0	0	1	3	0	0	4	0	0	0	1	0	0	0	0	0	0	0	1	1	1	0	0	2	2	0	0	3	1
45388	3 Apr 26	00:40:00	1	0	34	0	Ct	0	0	1	0	0	0	0	0	5	0	0	3	0	0	0	1	2	0	0	0	0	0	0	1	1	0	2	0	1	0	0	0	1	2
45389	3 Apr 26	00:41:00	1	0	34	0	Ct	0	0	2	0	3	3	0	0	2	1	0	2	0	0	0	0	3	0	0	0	0	0	0	1	2	0	4	0	2	2	0	0	4	1
45390	3 Apr 26	00:42:00	1	0	34	0	Ct	0	0	1	0	1	0	0	2	2	6	0	0	5	4	0	2	0	0	0	0	0	0	0	0	6	0	5	0	2	0	0	0	1	1
45391	3 Apr 26	00:43:00	1	0	34	0	Ct	0	0	1	0	0	0	0	0	6	1	0	1	0	0	0	0	0	0	3	0	4	0	3	1	0	0	2	0	0	0	0	0	2	2
45392	3 Apr 26	00:44:00	1	0	34	0	Ct	0	0	1	0	0	0	0	0	3	1	0	0	0	0	0	2	0	0	9	0	1	0	0	1	0	0	0	0	0	9	0	0	5	0
45393	3 Apr 26	00:45:00	1	0	34	0	Ct	0	0	3	0	1	0	0	0	3	0	0	0	2	1	0	1	0	1	0	0	0	0	3	1	0	2	0	0	2	5	0	0	1	2
45394	3 Apr 26	00:46:00	1	0	34	0	Ct	0	0	2	0	2	0	0	0	2	0	0	0	0	0	0	0	1	1	0	0	0	0	0	0	1	0	0	0	0	0	0	0	2	1
45395	3 Apr 26	00:47:00	1	0	34	0	Ct	0	0	1	0	2	2	0	0	4	0	0	1	0	8	0	8	0	0	0	0	0	0	4	1	0	9	2	0	2	0	0	0	0	3
45396	3 Apr 26	00:48:00	1	0	34	0	Ct	0	0	0	0	1	0	0	0	2	0	0	4	0	0	0	0	0	1	0	0	2	0	1	0	1	0	3	0	1	0	2	0	2	1
45397	3 Apr 26	00:49:00	1	0	34	0	Ct	0	0	2	0	1	0	0	0	9	1	0	1	0	0	0	0	0	1	0	1	0	0	0	0	0	0	3	0	0	0	2	0	1	0
45398	3 Apr 26	00:50:00	1	0	34	0	Ct	0	0	1	0	0	0	0	0	4	2	0	0	0	0	3	3	0	0	0	0	0	0	0	0	6	0	0	0	1	0	0	0	0	0
45399	3 Apr 26	00:51:00	1	0	34	0	Ct	0	0	1	0	0	0	0	0	1	2	0	1	0	0	11	0	0	2	0	0	0	0	1	0	3	0	4	0	1	0	0	0	2	2
45400	3 Apr 26	00:52:00	1	0	34	0	Ct	0	0	0	0	0	0	0	0	0	0	0	5	0	0	1	0	0	0	0	0	2	0	0	0	2	0	5	0	0	0	0	0	0	3
45401	3 Apr 26	00:53:00	1	0	34	0	Ct	0	0	1	0	0	0	0	0	0	2	0	2	0	2	0	3	3	0	0	0	0	0	3	0	1	0	1	0	1	0	0	0	3	0
45402	3 Apr 26	00:54:00	1	0	34	0	Ct	0	0	0	0	1	0	0	0	2	1	0	0	3	7	0	4	1	1	0	0	3	0	0	0	2	1	1	0	1	0	0	0	0	3
45403	3 Apr 26	00:55:00	1	0	34	0	Ct	0	0	2	0	1	3	0	0	0	0	0	1	0	1	0	0	0	0	0	0	1	0	1	0	3	1	2	0	2	0	0	0	1	1
45404	3 Apr 26	00:56:00	1	0	34	0	Ct	0	0	1	0	1	0	0	0	1	0	0	5	0	0	0	0	0	4	0	0	1	0	2	0	2	1	0	0	2	0	0	0	1	0
45405	3 Apr 26	00:57:00	1	0	34	0	Ct	0	0	2	0	0	0	0	4	2	0	0	4	0	0	0	1	0	2	0	0	0	0	2	0	3	1	0	0	0	0	0	0	2	1
45406	3 Apr 26	00:58:00	1	0	34	0	Ct	0	0	1	0	2	0	0	9	0	0	0	1	0	0	0	1	0	2	0	0	0	0	0	1	1	0	0	0	1	0	0	0	4	0
45407	3 Apr 26	00:59:00	1	0	34	0	Ct	0	0	1	0	2	0	0	5	0	0	0	5	2	0	1	5	0	3	0	0	0	0	0	1	1	1	0	0	1	0	0	0	1	1
45408	3 Apr 26	01:00:00	1	0	34	0	Ct	0	0	1	0	1	0	0	1	1	0	0	2	0	0	0	0	0	1	0	0	0	0	0	3	2	1	0	0	2	0	0	0	2	0
45409	3 Apr 26	01:01:00	1	0	34	0	Ct	0	0	1	0	0	0	0	1	3	2	0	1	0	0	0	1	0	0	0	0	1	0	3	1	0	0	0	0	0	2	0	0	1	0
45410	3 Apr 26	01:02:00	1	0	34	0	Ct	0	0	1	0	1	0	0	3	2	0	0	0	1	0	1	0	0	0	0	0	0	0	3	0	0	0	2	0	0	0	0	0	0	2
45411	3 Apr 26	01:03:00	1	0	34	0	Ct	0	0	2	0	1	0	0	6	1	0	0	0	1	0	0	3	0	0	0	0	0	0	0	0	2	2	4	0	0	1	1	0	2	0
45412	3 Apr 26	01:04:00	1	0	34	0	Ct	0	0	0	0	1	3	0	11	1	0	0	0	0	3	0	0	0	0	0	0	1	0	2	2	0	0	0	0	2	1	2	0	0	2
45413	3 Apr 26	01:05:00	1	0	34	0	Ct	0	0	2	0	1	0	0	4	0	0	0	0	0	3	0	1	0	1	0	1	0	0	0	0	3	0	0	0	0	0	0	0	2	17
45414	3 Apr 26	01:06:00	1	0	34	0	Ct	0	0	3	0	0	0	0	0	0	0	0	0	0	3	0	7	0	1	1	1	0	0	0	0	3	1	0	0	2	0	0	0	2	0
45415	3 Apr 26	01:07:00	1	0	34	0	Ct	0	0	1	0	0	0	0	0	1	0	0	3	0	2	0	8	5	5	2	0	0	0	1	0	1	0	0	0	1	0	0	0	1	0
45416	3 Apr 26	01:08:00	1	0	34	0	Ct	0	0	3	0	1	0	0	0	2	0	0	1	0	0	0	0	4	0	0	0	0	0	0	1	2	0	0	0	1	0	0	0	1	0
45417	3 Apr 26	01:09:00	1	0	34	0	Ct	0	0	1	0	1	0	0	0	5	0	0	1	0	1	0	0	0	0	0	0	0	0	3	2	4	0	0	0	3	0	0	0	2	0
45418	3 Apr 26	01:10:00	1	0	34	0	Ct	0	0	1	0	0	0	0	0	2	0	0	2	0	1	2	0	1	0	3	0	0	0	1	0	0	0	0	0	2	0	0	0	3	2
45419	3 Apr 26	01:11:00	1	0	34	0	Ct	0	0	1	0	1	0	0	0	2	0	0	0	0	0	1	6	3	0	0	0	3	0	0	1	0	3	1	0	0	0	0	0	3	1
45420	3 Apr 26	01:12:00	1	0	34	0	Ct	0	0	1	0	5	2	0	0	1	0	0	0	0	0	0	0	0	3	0	0	0	0	0	0	0	0	2	0	1	0	0	0	3	1
45421	3 Apr 26	01:13:00	1	0	34	0	Ct	0	0	2	0	1	0	0	0	4	3	0	2	0	1	0	4	0	0	0	0	2	0	0	2	0	0	0	0	1	0	0	0	1	1
45422	3 Apr 26	01:14:00	1	0	34	0	Ct	0	0	1	0	2	1	0	0	1	4	0	5	0	1	0	4	1	0	0	1	4	0	6	3	0	1	0	0	0	5	0	0	3	2
45423	3 Apr 26	01:15:00	1	0	34	0	Ct	0	0	1	0	0	2	0	0	1	0	0	2	0	2	1	0	0	0	0	4	0	0	1	1	5	1	2	0	2	2	2	0	1	0
45424	3 Apr 26	01:16:00	1	0	34	0	Ct	0	0	3	0	1	1	0	0	2	0	0	1	0	1	1	0	1	0	0	1	0	0	0	0	5	0	0	0	1	0	1	0	2	3
45425	3 Apr 26	01:17:00	1	0	34	0	Ct	0	0	3	0	2	0	0	0	4	0	0	2	0	0	0	0	2	2	0	5	0	0	0	0	8	1	1	0	0	0	2	0	2	1
45426	3 Apr 26	01:18:00	1	0	34	0	Ct	0	0	1	0	2	0	0	0	2	0	0	1	0	1	0	3	1	0	0	1	0	0	0	2	0	4	0	0	4	0	1	0	3	1
45427	3 Apr 26	01:19:00	1	0	34	0	Ct	0	0	0	0	0	0	0	0	1	0	0	0	0	1	0	4	0	0	0	0	0	0	0	1	0	4	3	0	1	0	0	0	1	2
45428	3 Apr 26	01:20:00	1	0	34	0	Ct	0	0	2	0	0	0	0	0	0	0	0	0	0	0	0	0	0	0	0	0	5	0	0	1	1	0	4	0	1	0	0	0	2	2
45429	3 Apr 26	01:21:00	1	0	34	0	Ct	0	0	4	0	0	0	0	3	6	0	0	2	0	0	0	0	0	0	0	0	2	0	0	1	0	0	3	0	1	0	0	0	0	2
45430	3 Apr 26	01:22:00	1	0	34	0	Ct	0	0	1	0	2	0	0	0	0	0	0	1	0	0	0	0	0	0	2	0	0	0	0	0	0	1	1	0	0	0	0	0	2	1
45431	3 Apr 26	01:23:00	1	0	34	0	Ct	0	0	2	0	1	0	0	0	1	0	0	3	0	0	1	1	1	2	0	0	0	0	0	0	5	7	2	0	0	0	0	0	1	1
45432	3 Apr 26	01:24:00	1	0	34	0	Ct	0	0	0	0	0	0	0	0	0	0	0	0	0	0	1	3	2	0	0	0	3	0	0	0	2	1	3	2	2	0	5	0	1	1
45433	3 Apr 26	01:25:00	1	0	34	0	Ct	0	0	1	0	3	0	0	0	0	0	0	4	0	0	0	1	0	0	0	0	0	0	0	0	4	0	0	1	1	0	0	0	6	1
45434	3 Apr 26	01:26:00	1	0	34	0	Ct	0	0	2	0	2	0	0	1	0	0	0	0	0	0	0	1	0	1	0	0	0	0	0	1	3	0	6	0	1	0	1	0	0	0
45435	3 Apr 26	01:27:00	1	0	34	0	Ct	0	0	0	0	2	0	0	0	0	0	0	0	0	0	0	1	1	0	5	0	0	0	0	2	4	0	5	0	1	3	0	0	2	0
45436	3 Apr 26	01:28:00	1	0	34	0	Ct	0	0	4	0	1	0	0	0	0	0	0	0	0	0	2	0	1	3	0	0	0	0	3	1	1	0	3	0	0	0	0	0	3	2
45437	3 Apr 26	01:29:00	1	0	34	0	Ct	0	0	2	0	1	1	0	1	0	0	0	0	0	0	0	0	0	1	0	0	0	0	2	0	0	0	1	0	2	0	0	0	0	4
45438	3 Apr 26	01:30:00	1	0	34	0	Ct	0	0	2	0	1	2	0	0	0	0	0	0	0	0	0	2	0	0	0	1	0	0	4	0	2	0	0	0	2	1	0	0	1	0
45439	3 Apr 26	01:31:00	1	0	34	0	Ct	0	0	2	0	2	0	0	0	1	0	0	1	0	0	0	3	2	3	0	0	0	0	1	2	3	0	2	0	1	11	2	0	0	0
45440	3 Apr 26	01:32:00	1	0	34	0	Ct	0	0	2	0	1	0	0	6	0	0	0	7	0	0	0	5	2	5	0	0	0	0	1	0	2	0	2	0	2	1	7	0	0	1
45441	3 Apr 26	01:33:00	1	0	34	0	Ct	0	0	1	0	2	0	0	1	0	0	0	0	0	0	0	0	0	5	0	0	1	0	1	0	4	2	1	0	1	0	1	0	0	0
45442	3 Apr 26	01:34:00	1	0	34	0	Ct	0	0	1	0	2	2	0	4	0	1	0	0	0	0	0	0	3	4	0	0	0	0	1	0	0	3	1	0	4	2	0	0	3	0
45443	3 Apr 26	01:35:00	1	0	34	0	Ct	0	0	2	0	0	0	0	0	3	0	0	0	0	0	0	1	1	1	0	0	0	0	3	0	1	0	3	0	1	1	4	0	1	2
45444	3 Apr 26	01:36:00	1	0	34	0	Ct	0	0	1	0	1	0	0	0	4	3	0	0	0	4	0	0	0	0	0	0	1	0	1	1	1	1	3	0	0	2	0	0	1	1
45445	3 Apr 26	01:37:00	1	0	34	0	Ct	0	0	3	0	0	0	0	0	0	0	0	0	0	1	0	0	0	0	0	0	0	0	3	1	2	0	1	0	0	1	0	0	0	1
45446	3 Apr 26	01:38:00	1	0	34	0	Ct	0	0	1	0	2	0	0	0	1	0	0	0	0	3	0	0	0	0	0	0	0	0	3	0	0	0	7	0	2	1	2	0	4	3
45447	3 Apr 26	01:39:00	1	0	34	0	Ct	0	0	1	0	0	0	0	6	3	0	0	0	0	0	0	0	0	0	0	0	1	0	1	0	0	7	1	0	0	0	3	0	3	1
45448	3 Apr 26	01:40:00	1	0	34	0	Ct	0	0	2	0	0	0	0	2	0	0	0	0	0	0	1	0	2	0	0	0	0	0	1	1	0	1	1	0	0	2	1	0	0	0
45449	3 Apr 26	01:41:00	1	0	34	0	Ct	0	0	3	0	0	0	0	0	0	0	0	0	0	0	2	0	1	1	0	0	0	0	0	1	0	0	0	0	2	1	0	0	0	0
45450	3 Apr 26	01:42:00	1	0	34	0	Ct	0	0	3	0	2	2	0	0	3	0	0	0	3	0	0	5	0	0	0	0	1	0	0	3	0	0	2	0	1	0	1	0	0	0
45451	3 Apr 26	01:43:00	1	0	34	0	Ct	0	0	0	0	5	0	0	0	0	0	0	0	0	0	0	0	0	0	0	0	0	0	3	2	0	0	1	0	0	0	1	0	1	3
45452	3 Apr 26	01:44:00	1	0	34	0	Ct	0	0	1	0	1	3	0	0	0	0	0	4	0	4	0	0	0	2	0	3	0	0	0	2	2	0	3	0	0	0	1	0	0	0
45453	3 Apr 26	01:45:00	1	0	34	0	Ct	0	0	0	0	3	0	0	0	0	0	0	2	0	1	0	2	0	1	0	0	0	0	3	2	0	0	0	0	1	0	1	0	2	0
45454	3 Apr 26	01:46:00	1	0	34	0	Ct	0	0	1	0	3	0	0	0	4	0	0	2	0	0	2	0	0	3	0	0	0	0	0	0	3	0	4	0	1	0	2	0	1	0
45455	3 Apr 26	01:47:00	1	0	34	0	Ct	0	0	1	0	0	0	0	0	1	0	0	0	0	0	1	0	0	2	0	0	6	0	0	0	0	0	0	0	1	1	1	0	1	2
45456	3 Apr 26	01:48:00	1	0	34	0	Ct	0	0	2	0	3	0	0	0	3	0	0	0	0	0	0	0	0	0	0	0	2	0	1	0	0	2	2	0	1	0	1	0	0	0
45457	3 Apr 26	01:49:00	1	0	34	0	Ct	0	0	1	0	4	0	0	0	0	0	0	0	0	0	0	1	0	0	0	0	3	0	2	5	0	0	5	0	0	3	0	0	0	1
45458	3 Apr 26	01:50:00	1	0	34	0	Ct	0	0	2	0	1	1	0	0	2	0	0	1	0	0	0	0	0	0	0	0	0	0	1	4	2	0	2	0	3	0	2	0	1	0
45459	3 Apr 26	01:51:00	1	0	34	0	Ct	0	0	1	0	1	4	0	0	2	1	0	5	1	1	2	1	5	0	0	0	0	0	1	0	1	0	1	0	1	0	0	0	1	0
45460	3 Apr 26	01:52:00	1	0	34	0	Ct	0	0	2	0	2	0	0	2	2	1	0	2	1	1	0	0	1	0	0	0	0	0	1	0	2	0	2	0	0	0	0	0	1	0
45461	3 Apr 26	01:53:00	1	0	34	0	Ct	0	0	3	0	0	0	0	0	1	0	0	1	0	0	0	0	0	0	0	0	0	0	0	0	0	0	3	0	3	0	0	0	5	0
45462	3 Apr 26	01:54:00	1	0	34	0	Ct	0	0	1	0	0	7	0	3	3	0	0	0	0	1	4	0	1	0	0	0	0	0	3	1	1	1	0	0	2	0	0	0	4	0
45463	3 Apr 26	01:55:00	1	0	34	0	Ct	0	0	1	0	1	2	0	0	2	0	0	0	0	2	1	4	3	0	0	0	0	0	0	2	2	1	3	0	2	2	0	0	4	0
45464	3 Apr 26	01:56:00	1	0	34	0	Ct	0	0	0	0	1	2	0	0	2	0	0	0	0	0	0	0	0	0	0	0	0	0	1	1	2	0	4	0	0	1	0	0	0	0
45465	3 Apr 26	01:57:00	1	0	34	0	Ct	0	0	4	0	1	0	0	0	4	0	0	0	0	1	0	0	2	0	0	0	0	0	0	0	0	2	3	0	4	0	0	0	3	2
45466	3 Apr 26	01:58:00	1	0	34	0	Ct	0	0	1	0	1	0	0	0	2	0	0	0	0	3	0	1	1	0	0	0	2	0	0	0	0	0	3	0	1	0	0	0	0	0
45467	3 Apr 26	01:59:00	1	0	34	0	Ct	0	0	3	0	1	1	0	0	0	0	0	0	0	0	0	0	1	0	0	0	0	0	0	3	0	1	2	0	0	0	0	0	1	1
45468	3 Apr 26	02:00:00	1	0	34	0	Ct	0	0	1	0	3	2	0	0	0	0	0	0	0	0	0	5	1	0	0	0	0	0	0	0	0	0	0	0	0	0	0	0	1	1
45469	3 Apr 26	02:01:00	1	0	34	0	Ct	0	0	4	0	0	0	0	0	3	0	0	0	0	0	0	0	1	0	0	0	0	0	1	2	6	0	0	0	0	0	0	0	2	0
45470	3 Apr 26	02:02:00	1	0	34	0	Ct	0	0	2	0	0	0	0	0	1	0	0	0	0	0	0	8	0	0	0	0	0	0	2	1	11	1	0	0	0	0	0	0	2	0
45471	3 Apr 26	02:03:00	1	0	34	0	Ct	0	0	2	0	0	0	0	0	3	1	0	0	0	6	0	2	0	0	0	0	0	0	0	4	0	1	0	0	1	0	0	0	2	0
45472	3 Apr 26	02:04:00	1	0	34	0	Ct	0	0	1	0	0	0	0	4	0	0	0	0	0	2	0	0	1	2	0	0	0	0	0	0	0	0	0	0	1	0	0	0	2	0
45473	3 Apr 26	02:05:00	1	0	34	0	Ct	0	0	4	0	1	0	0	1	2	0	0	0	6	0	0	0	4	4	0	0	1	0	1	0	1	0	0	0	2	0	0	0	3	0
45474	3 Apr 26	02:06:00	1	0	34	0	Ct	0	0	0	0	1	0	0	0	0	1	0	0	0	0	0	0	3	0	0	0	0	0	1	0	0	0	0	0	0	0	1	0	0	0
45475	3 Apr 26	02:07:00	1	0	34	0	Ct	0	0	2	0	1	0	0	0	0	0	0	0	0	0	0	3	1	0	0	0	0	0	0	2	1	0	0	0	0	2	0	0	3	0
45476	3 Apr 26	02:08:00	1	0	34	0	Ct	0	0	2	0	1	0	0	0	2	0	0	0	0	3	1	1	0	0	0	0	0	0	0	4	1	2	0	0	0	1	0	0	4	0
45477	3 Apr 26	02:09:00	1	0	34	0	Ct	0	0	4	0	1	0	0	0	3	1	0	0	0	0	3	4	0	0	0	0	9	0	0	0	6	4	0	0	0	0	0	0	0	0
45478	3 Apr 26	02:10:00	1	0	34	0	Ct	0	0	0	0	1	0	0	0	1	2	0	0	1	0	0	0	2	1	0	0	5	0	0	0	0	0	0	0	0	0	0	0	2	0
45479	3 Apr 26	02:11:00	1	0	34	0	Ct	0	0	1	0	1	0	0	0	1	0	0	0	0	1	0	1	3	3	0	0	0	0	0	0	0	0	0	0	0	1	0	0	0	0
45480	3 Apr 26	02:12:00	1	0	34	0	Ct	0	0	0	0	0	0	0	0	2	0	0	0	0	4	0	0	0	1	0	0	0	0	0	6	5	0	0	0	0	1	0	0	1	0
45481	3 Apr 26	02:13:00	1	0	34	0	Ct	0	0	1	0	0	0	0	0	3	0	0	0	0	0	0	0	0	0	0	0	0	0	0	3	1	0	2	0	0	0	0	0	0	0
45482	3 Apr 26	02:14:00	1	0	34	0	Ct	0	0	2	0	2	0	0	0	2	0	0	0	0	0	0	0	1	3	0	0	0	0	0	2	2	0	0	0	0	0	0	0	0	0
45483	3 Apr 26	02:15:00	1	0	34	0	Ct	0	0	1	0	2	0	0	0	1	0	0	0	0	4	0	5	5	1	0	0	0	0	2	1	2	0	0	0	0	0	0	0	0	0
45484	3 Apr 26	02:16:00	1	0	34	0	Ct	0	0	0	0	1	0	0	1	0	0	0	0	0	3	0	0	1	0	1	0	0	0	0	4	1	2	0	0	0	1	0	0	2	0
45485	3 Apr 26	02:17:00	1	0	34	0	Ct	0	0	2	0	0	0	0	0	1	0	0	0	0	0	1	0	2	0	0	0	0	0	1	0	0	0	0	0	0	1	0	0	2	0
45486	3 Apr 26	02:18:00	1	0	34	0	Ct	0	0	0	0	1	3	0	0	1	0	0	1	0	0	1	0	2	0	0	0	0	0	0	0	0	0	0	0	0	1	0	0	0	0
45487	3 Apr 26	02:19:00	1	0	34	0	Ct	0	0	0	0	2	0	0	0	1	0	0	3	0	0	0	1	0	0	0	0	0	0	1	0	0	1	0	0	0	3	3	0	1	0
45488	3 Apr 26	02:20:00	1	0	34	0	Ct	0	0	0	0	2	7	0	0	1	3	0	2	0	2	0	0	0	0	0	0	0	0	0	1	0	2	0	0	0	0	5	0	2	5
45489	3 Apr 26	02:21:00	1	0	34	0	Ct	0	0	1	0	6	1	0	0	3	2	0	0	0	0	0	0	0	0	0	0	0	0	0	3	0	1	3	0	0	0	0	0	2	0
45490	3 Apr 26	02:22:00	1	0	34	0	Ct	0	0	1	0	4	0	0	0	1	0	0	1	0	0	0	0	3	0	0	0	0	0	0	1	0	1	4	0	0	1	2	0	0	0
45491	3 Apr 26	02:23:00	1	0	34	0	Ct	0	0	2	0	0	0	0	0	4	0	0	0	1	0	0	3	2	0	0	0	0	0	1	2	0	0	2	0	0	4	0	0	2	0
45492	3 Apr 26	02:24:00	1	0	34	0	Ct	0	0	0	0	0	0	0	0	5	0	0	0	1	0	0	0	0	0	0	0	0	0	0	1	0	0	3	0	0	1	0	0	1	0
45493	3 Apr 26	02:25:00	1	0	34	0	Ct	0	0	2	0	0	0	0	1	1	0	0	0	0	0	0	0	0	0	0	0	0	0	0	0	0	0	1	2	0	0	2	0	0	1
45494	3 Apr 26	02:26:00	1	0	34	0	Ct	0	0	2	0	0	2	0	0	4	3	0	0	0	0	0	0	1	0	0	0	0	0	2	3	0	0	0	0	0	0	0	0	0	1
45495	3 Apr 26	02:27:00	1	0	34	0	Ct	0	0	1	0	1	2	0	0	3	3	0	0	0	0	0	0	7	0	0	0	0	0	0	0	0	2	0	1	0	3	1	0	1	0
45496	3 Apr 26	02:28:00	1	0	34	0	Ct	0	0	3	0	0	3	0	2	5	1	0	0	0	3	0	0	1	0	0	0	0	0	3	0	0	0	0	0	0	2	1	0	0	0
45497	3 Apr 26	02:29:00	1	0	34	0	Ct	0	0	2	0	0	0	0	0	2	3	0	0	0	3	2	0	0	0	0	0	0	0	0	0	0	2	0	0	0	1	0	0	0	0
45498	3 Apr 26	02:30:00	1	0	34	0	Ct	0	0	1	0	2	0	0	1	5	0	0	0	0	0	0	0	3	0	0	0	0	0	2	0	0	0	0	0	0	5	0	0	0	0
45499	3 Apr 26	02:31:00	1	0	34	0	Ct	0	0	2	0	2	0	0	0	1	0	0	0	0	0	0	0	1	0	0	0	0	0	1	0	0	0	0	0	0	2	0	0	1	1
45500	3 Apr 26	02:32:00	1	0	34	0	Ct	0	0	1	0	2	0	0	0	1	3	0	0	0	0	0	0	1	0	0	0	0	0	1	0	6	0	0	0	0	0	0	0	0	0
45501	3 Apr 26	02:33:00	1	0	34	0	Ct	0	0	2	0	2	0	0	7	4	0	0	0	0	0	0	0	1	0	0	0	0	0	0	0	5	0	0	0	0	1	0	0	3	0
45502	3 Apr 26	02:34:00	1	0	34	0	Ct	0	0	1	0	2	5	0	3	1	4	0	0	0	1	1	0	3	0	0	0	0	0	0	0	4	0	0	0	0	0	0	0	2	0
45503	3 Apr 26	02:35:00	1	0	34	0	Ct	0	0	2	0	3	2	0	0	2	0	0	0	0	3	0	0	1	0	0	0	0	0	0	1	1	0	0	0	0	0	0	0	0	0
45504	3 Apr 26	02:36:00	1	0	34	0	Ct	0	0	2	0	0	1	0	5	4	4	0	3	0	3	1	2	0	0	0	0	0	0	1	1	0	1	0	0	0	0	0	0	1	3
45505	3 Apr 26	02:37:00	1	0	34	0	Ct	0	0	0	0	0	0	0	2	2	1	0	0	0	0	1	0	2	0	0	0	0	0	1	0	6	0	2	0	0	0	0	0	0	0
45506	3 Apr 26	02:38:00	1	0	34	0	Ct	0	0	1	0	0	0	0	0	3	0	0	0	0	0	0	0	4	0	0	0	0	0	2	0	6	2	1	0	0	0	0	0	3	1
45507	3 Apr 26	02:39:00	1	0	34	0	Ct	0	0	1	0	2	0	0	0	1	0	0	0	1	0	0	3	0	0	0	0	0	0	1	0	0	2	3	0	0	0	0	0	1	1
45508	3 Apr 26	02:40:00	1	0	34	0	Ct	0	0	3	0	0	2	0	0	1	0	0	0	1	0	0	0	0	0	0	0	0	0	2	0	0	0	0	0	0	0	0	0	1	0
45509	3 Apr 26	02:41:00	1	0	34	0	Ct	0	0	1	0	0	0	0	0	2	0	0	0	0	0	0	0	0	0	0	0	0	0	0	0	0	0	1	0	0	1	0	0	0	1
45510	3 Apr 26	02:42:00	1	0	34	0	Ct	0	0	1	0	3	2	0	0	4	0	0	0	0	10	0	1	1	0	0	0	0	0	0	0	0	0	2	0	0	1	0	0	0	1
45511	3 Apr 26	02:43:00	1	0	34	0	Ct	0	0	5	0	0	1	0	0	3	0	0	0	0	0	0	0	1	0	0	0	0	0	2	3	0	0	0	0	0	0	0	0	0	0
45512	3 Apr 26	02:44:00	1	0	34	0	Ct	0	0	2	0	2	0	0	0	2	0	0	3	0	0	1	2	0	0	0	0	0	0	1	0	0	0	0	0	0	1	0	0	0	0
45513	3 Apr 26	02:45:00	1	0	34	0	Ct	0	0	2	0	3	0	0	0	5	2	0	0	0	1	1	1	0	1	0	0	0	0	2	2	7	0	0	0	0	2	0	0	0	4
45514	3 Apr 26	02:46:00	1	0	34	0	Ct	0	0	2	0	0	0	0	0	3	0	0	3	0	5	0	2	2	2	0	0	0	0	3	0	2	0	1	0	0	1	0	0	0	0
45515	3 Apr 26	02:47:00	1	0	34	0	Ct	0	0	1	0	0	0	0	0	3	0	0	4	0	1	0	3	0	6	0	0	0	0	1	1	1	0	1	0	0	3	0	0	0	0
45516	3 Apr 26	02:48:00	1	0	34	0	Ct	0	0	0	0	0	0	0	0	5	0	0	1	0	0	0	0	0	0	0	0	0	0	0	1	1	0	1	0	0	1	0	0	0	3
45517	3 Apr 26	02:49:00	1	0	34	0	Ct	0	0	3	0	1	0	0	0	3	0	0	4	0	0	2	1	2	0	0	0	0	0	0	0	3	0	5	0	0	0	0	0	0	0
45518	3 Apr 26	02:50:00	1	0	34	0	Ct	0	0	2	0	1	0	0	0	2	0	0	1	0	0	0	1	5	0	0	0	0	0	1	0	0	0	2	0	0	0	0	0	3	0
45519	3 Apr 26	02:51:00	1	0	34	0	Ct	0	0	1	0	1	0	0	2	0	1	0	0	0	0	0	1	5	0	0	0	0	0	0	0	0	0	0	0	0	2	0	0	1	0
45520	3 Apr 26	02:52:00	1	0	34	0	Ct	0	0	1	0	2	0	0	1	0	0	0	1	0	0	3	2	3	0	0	0	0	0	0	0	0	0	0	0	0	0	0	0	1	0
45521	3 Apr 26	02:53:00	1	0	34	0	Ct	0	0	4	0	0	0	0	0	0	0	0	0	0	6	0	0	0	3	0	0	0	0	1	0	0	1	0	0	0	1	0	0	3	0
45522	3 Apr 26	02:54:00	1	0	34	0	Ct	0	0	1	0	0	0	0	0	4	0	0	0	0	0	0	2	2	4	0	0	0	0	0	0	3	1	0	0	0	1	0	0	1	0
45523	3 Apr 26	02:55:00	1	0	34	0	Ct	0	0	1	0	4	0	0	0	0	0	0	0	0	4	0	0	1	2	0	4	0	0	0	0	0	0	0	0	0	1	0	0	2	0
45524	3 Apr 26	02:56:00	1	0	34	0	Ct	0	0	1	0	2	0	0	0	0	0	0	2	0	0	0	0	2	0	0	0	0	0	0	0	2	0	0	0	0	0	0	0	2	0
45525	3 Apr 26	02:57:00	1	0	34	0	Ct	0	0	1	0	3	0	0	0	3	0	0	0	0	1	0	2	0	0	0	0	0	0	2	2	2	0	0	0	0	2	0	0	0	0
45526	3 Apr 26	02:58:00	1	0	34	0	Ct	0	0	2	0	1	0	0	0	1	0	0	0	0	2	1	0	4	0	0	0	0	0	1	0	0	3	0	0	0	0	1	0	0	0
45527	3 Apr 26	02:59:00	1	0	34	0	Ct	0	0	1	0	0	0	0	0	1	0	0	0	0	0	4	3	0	0	0	0	0	0	0	0	6	0	0	0	0	2	1	0	0	0
45528	3 Apr 26	03:00:00	1	0	34	0	Ct	0	0	1	0	0	0	0	0	2	0	0	0	0	0	0	1	0	0	0	0	0	0	1	0	3	0	0	0	0	1	0	0	0	2
45529	3 Apr 26	03:01:00	1	0	34	0	Ct	0	0	0	0	1	0	0	0	3	0	0	0	0	0	0	0	0	0	0	0	0	0	1	0	6	0	0	0	0	1	0	0	0	0
45530	3 Apr 26	03:02:00	1	0	34	0	Ct	0	0	1	0	2	0	0	0	10	0	0	0	0	0	4	0	1	0	0	0	0	0	1	1	3	1	4	0	0	0	0	0	0	0
45531	3 Apr 26	03:03:00	1	0	34	0	Ct	0	0	1	0	1	0	0	0	4	0	0	0	0	0	8	4	2	0	0	0	0	0	1	2	0	1	1	0	0	0	0	0	0	2
45532	3 Apr 26	03:04:00	1	0	34	0	Ct	0	0	1	0	3	0	0	0	2	0	0	0	0	0	0	2	1	0	0	0	0	0	0	0	0	0	0	0	0	2	4	0	0	0
45533	3 Apr 26	03:05:00	1	0	34	0	Ct	0	0	2	0	0	0	0	3	1	0	0	0	0	0	0	0	2	0	0	0	0	0	0	0	0	0	0	0	0	2	0	0	0	0
45534	3 Apr 26	03:06:00	1	0	34	0	Ct	0	0	2	0	2	6	0	3	6	0	0	0	0	0	1	0	2	0	0	0	0	0	0	0	0	0	0	0	2	1	2	0	2	0
45535	3 Apr 26	03:07:00	1	0	34	0	Ct	0	0	0	0	1	0	0	0	0	0	0	1	0	0	1	1	7	0	0	0	0	0	2	0	1	0	5	0	0	1	1	0	0	0
45536	3 Apr 26	03:08:00	1	0	34	0	Ct	0	0	2	0	0	2	0	1	3	0	0	3	0	0	0	6	0	0	0	0	0	0	1	0	2	0	10	0	1	1	0	0	0	1
45537	3 Apr 26	03:09:00	1	0	34	0	Ct	0	0	1	0	0	1	0	2	4	0	0	1	0	0	0	0	0	0	0	0	0	0	0	2	0	0	13	0	1	0	1	0	0	1
45538	3 Apr 26	03:10:00	1	0	34	0	Ct	0	0	2	0	0	0	0	1	4	0	0	0	0	0	0	1	0	0	0	0	0	0	0	0	0	0	0	0	0	0	0	0	0	1
45539	3 Apr 26	03:11:00	1	0	34	0	Ct	0	0	0	0	1	0	0	1	2	0	0	0	0	0	0	0	0	0	0	0	0	0	2	2	0	1	0	0	1	0	0	0	0	0
45540	3 Apr 26	03:12:00	1	0	34	0	Ct	0	0	2	0	2	0	0	0	5	0	0	0	0	5	3	1	0	0	0	0	0	0	0	0	0	1	4	0	1	0	1	0	0	0
45541	3 Apr 26	03:13:00	1	0	34	0	Ct	0	0	2	0	1	3	0	0	3	0	0	1	0	0	0	1	3	0	0	0	0	0	0	1	0	0	0	0	0	0	1	0	0	0
45542	3 Apr 26	03:14:00	1	0	34	0	Ct	0	0	2	0	1	0	0	4	3	0	0	3	0	0	0	0	0	0	0	1	0	0	1	1	0	0	0	0	0	0	1	0	3	1
45543	3 Apr 26	03:15:00	1	0	34	0	Ct	0	0	5	0	2	0	0	1	0	0	0	3	0	0	0	2	2	0	0	0	0	0	0	3	8	0	0	0	0	0	2	0	0	0
45544	3 Apr 26	03:16:00	1	0	34	0	Ct	0	0	1	0	0	0	0	0	2	0	0	2	2	0	1	4	2	0	0	0	0	0	0	3	5	0	1	0	0	0	0	0	1	0
45545	3 Apr 26	03:17:00	1	0	34	0	Ct	0	0	5	0	1	0	0	0	3	1	0	0	1	0	1	2	0	0	0	0	0	0	2	0	2	0	0	0	3	0	1	0	0	2
45546	3 Apr 26	03:18:00	1	0	34	0	Ct	0	0	1	0	1	3	0	0	3	1	0	0	0	0	0	2	0	0	0	0	0	0	0	0	0	0	1	0	0	0	0	0	0	0
45547	3 Apr 26	03:19:00	1	0	34	0	Ct	0	0	1	0	0	0	0	0	0	3	0	1	0	0	0	2	0	0	0	1	0	0	0	0	0	0	5	0	0	0	1	0	0	0
45548	3 Apr 26	03:20:00	1	0	34	0	Ct	0	0	3	0	0	0	0	0	0	0	0	2	0	0	0	1	0	0	0	1	0	0	0	0	7	0	4	0	0	0	1	0	1	0
45549	3 Apr 26	03:21:00	1	0	34	0	Ct	0	0	1	0	1	0	0	0	5	0	0	2	0	0	0	0	0	0	0	1	0	0	1	0	0	1	2	0	2	0	2	0	3	0
45550	3 Apr 26	03:22:00	1	0	34	0	Ct	0	0	2	0	1	0	0	0	1	0	0	0	0	2	0	0	4	0	0	0	0	0	1	4	0	1	1	0	0	0	1	0	0	0
45551	3 Apr 26	03:23:00	1	0	34	0	Ct	0	0	2	0	4	0	0	0	1	1	0	0	0	5	0	1	0	0	0	0	0	0	1	0	0	0	2	0	0	1	0	0	1	0
45552	3 Apr 26	03:24:00	1	0	34	0	Ct	0	0	2	0	0	0	0	0	1	3	0	0	0	0	3	0	0	0	0	0	0	0	0	0	0	0	0	0	0	0	0	0	0	0
45553	3 Apr 26	03:25:00	1	0	34	0	Ct	0	0	1	0	1	0	0	0	4	2	0	2	0	0	1	0	0	0	0	0	0	0	0	0	0	0	3	0	1	1	0	0	1	0
45554	3 Apr 26	03:26:00	1	0	34	0	Ct	0	0	1	0	1	0	0	0	0	2	0	1	0	0	0	5	3	0	0	0	0	0	2	0	0	0	5	0	1	1	0	0	1	0
45555	3 Apr 26	03:27:00	1	0	34	0	Ct	0	0	0	0	0	2	0	0	0	0	0	1	0	0	0	2	3	0	0	1	0	0	0	0	1	0	2	0	0	1	0	0	2	0
45556	3 Apr 26	03:28:00	1	0	34	0	Ct	0	0	2	0	1	1	0	6	2	0	0	0	0	3	0	0	1	0	0	1	0	0	1	0	0	0	2	0	0	0	0	0	0	0
45557	3 Apr 26	03:29:00	1	0	34	0	Ct	0	0	1	0	1	0	0	0	0	0	0	1	0	6	1	0	3	0	0	0	0	0	1	0	5	2	2	0	0	0	2	0	2	0
45558	3 Apr 26	03:30:00	1	0	34	0	Ct	0	0	5	0	1	1	0	1	2	0	0	1	0	0	0	1	0	0	0	0	0	0	2	0	0	1	5	0	3	2	0	0	1	0
45559	3 Apr 26	03:31:00	1	0	34	0	Ct	0	0	2	0	0	3	0	0	1	0	0	1	0	0	4	0	1	0	0	0	0	0	0	0	0	0	2	0	2	0	1	0	0	0
45560	3 Apr 26	03:32:00	1	0	34	0	Ct	0	0	2	0	0	0	0	0	0	0	0	4	0	0	0	0	2	0	0	0	0	0	1	0	0	0	1	0	3	0	0	0	2	0
45561	3 Apr 26	03:33:00	1	0	34	0	Ct	0	0	0	0	2	0	0	4	0	0	0	1	0	4	0	0	3	0	0	3	0	0	1	0	2	0	3	0	0	0	0	0	0	0
45562	3 Apr 26	03:34:00	1	0	34	0	Ct	0	0	2	0	1	2	0	0	0	0	0	0	0	0	0	0	0	0	0	0	0	0	2	0	0	0	1	0	0	0	0	0	1	0
45563	3 Apr 26	03:35:00	1	0	34	0	Ct	0	0	3	0	0	0	0	0	0	1	0	0	0	1	0	0	0	0	0	0	0	0	0	0	0	0	0	0	2	0	0	0	3	0
45564	3 Apr 26	03:36:00	1	0	34	0	Ct	0	0	0	0	0	0	0	0	0	2	0	0	0	3	5	2	0	0	0	0	0	0	0	1	5	0	0	0	2	0	0	0	2	0
45565	3 Apr 26	03:37:00	1	0	34	0	Ct	0	0	0	0	0	0	0	0	0	0	0	0	3	0	0	2	0	0	0	0	0	0	1	1	3	1	0	0	4	0	0	0	3	0
45566	3 Apr 26	03:38:00	1	0	34	0	Ct	0	0	1	0	1	0	0	1	1	0	0	3	0	0	0	0	1	1	0	3	0	0	1	2	4	0	0	0	0	0	0	0	3	0
45567	3 Apr 26	03:39:00	1	0	34	0	Ct	0	0	0	0	2	2	0	0	4	5	0	1	0	1	4	0	2	0	0	0	0	0	0	0	2	1	0	0	1	0	0	0	1	0
45568	3 Apr 26	03:40:00	1	0	34	0	Ct	0	0	1	0	6	0	0	4	2	1	0	0	0	0	0	0	1	1	0	0	0	0	3	0	9	0	0	0	2	0	0	0	0	0
45569	3 Apr 26	03:41:00	1	0	34	0	Ct	0	0	0	0	1	0	0	1	2	3	0	0	0	0	0	0	0	0	0	0	1	0	0	0	0	1	0	0	3	0	0	0	2	0
45570	3 Apr 26	03:42:00	1	0	34	0	Ct	0	0	0	0	3	0	0	0	0	0	0	3	0	1	0	0	1	1	0	0	0	0	0	4	2	2	0	0	1	0	0	0	0	0
45571	3 Apr 26	03:43:00	1	0	34	0	Ct	0	0	1	0	3	0	0	0	1	0	0	3	0	0	0	0	0	0	0	0	0	0	3	0	1	0	0	0	0	3	0	0	1	0
45572	3 Apr 26	03:44:00	1	0	34	0	Ct	0	0	1	0	2	0	0	0	1	2	0	3	0	1	0	0	0	0	0	0	1	0	1	0	1	0	0	0	0	5	3	0	1	0
45573	3 Apr 26	03:45:00	1	0	34	0	Ct	0	0	2	0	3	0	0	0	4	5	0	1	0	1	0	0	0	1	0	0	4	0	1	0	5	1	0	0	2	0	1	0	2	1
45574	3 Apr 26	03:46:00	1	0	34	0	Ct	0	0	1	0	0	0	0	0	3	0	0	4	0	2	2	1	0	0	0	1	3	0	0	0	1	1	0	0	3	0	1	0	1	0
45575	3 Apr 26	03:47:00	1	0	34	0	Ct	0	0	2	0	0	0	0	0	2	0	0	0	0	0	3	2	2	0	0	3	8	0	0	0	3	2	0	0	0	0	0	0	0	0
45576	3 Apr 26	03:48:00	1	0	34	0	Ct	0	0	0	0	0	0	0	0	1	0	0	1	0	0	1	0	1	3	0	0	2	0	1	0	0	2	0	0	2	2	0	0	1	0
45577	3 Apr 26	03:49:00	1	0	34	0	Ct	0	0	0	0	0	0	0	0	1	0	0	3	0	2	0	3	1	2	0	0	0	0	2	1	1	0	0	0	0	0	0	0	3	0
45578	3 Apr 26	03:50:00	1	0	34	0	Ct	0	0	2	0	1	2	0	0	3	2	0	2	0	0	0	0	0	1	0	1	0	0	0	1	2	1	0	0	0	0	0	0	1	0
45579	3 Apr 26	03:51:00	1	0	34	0	Ct	0	0	2	0	3	1	0	0	1	2	0	0	0	0	3	0	0	4	0	0	0	0	3	0	4	2	0	0	0	0	0	0	0	0
45580	3 Apr 26	03:52:00	1	0	34	0	Ct	0	0	2	0	0	0	0	0	0	0	0	0	0	1	0	2	1	1	0	0	0	0	1	0	3	1	3	0	1	2	4	0	1	0
45581	3 Apr 26	03:53:00	1	0	34	0	Ct	0	0	3	0	0	4	0	0	0	0	0	0	0	3	0	0	0	0	0	3	0	0	0	0	3	0	3	0	0	0	0	0	0	0
45582	3 Apr 26	03:54:00	1	0	34	0	Ct	0	0	3	0	1	0	0	0	0	0	0	0	0	0	0	4	1	0	0	5	0	0	1	4	2	1	4	0	2	1	0	0	0	0
45583	3 Apr 26	03:55:00	1	0	34	0	Ct	0	0	3	0	0	0	0	3	0	0	0	0	0	0	2	1	0	1	0	0	0	0	0	3	2	1	0	0	0	1	0	0	0	0
45584	3 Apr 26	03:56:00	1	0	34	0	Ct	0	0	3	0	0	0	0	0	1	0	0	0	0	4	2	1	0	0	0	0	0	0	0	1	1	0	0	0	0	1	2	0	4	0
45585	3 Apr 26	03:57:00	1	0	34	0	Ct	0	0	3	0	4	0	0	0	0	0	0	0	0	5	0	3	2	1	0	2	0	0	2	1	1	1	0	0	0	2	0	0	2	0
45586	3 Apr 26	03:58:00	1	0	34	0	Ct	0	0	0	0	0	0	0	0	0	2	0	0	0	6	0	1	0	2	0	7	0	0	0	0	2	0	0	0	0	1	5	0	2	0
45587	3 Apr 26	03:59:00	1	0	34	0	Ct	0	0	3	0	2	0	0	0	1	0	0	0	0	1	3	0	0	1	0	0	0	0	0	2	3	1	0	3	3	1	0	0	2	0
45588	3 Apr 26	04:00:00	1	0	34	0	Ct	0	0	1	0	0	0	0	1	2	0	0	2	0	4	1	0	0	2	0	2	0	0	0	1	7	0	0	0	0	3	2	0	2	2
45589	3 Apr 26	04:01:00	1	0	34	0	Ct	0	0	5	0	2	4	0	3	2	0	0	4	0	0	0	0	1	2	0	0	0	0	0	1	8	0	0	1	0	0	0	0	3	2
45590	3 Apr 26	04:02:00	1	0	34	0	Ct	0	0	2	0	0	1	0	4	2	0	0	0	0	0	0	1	0	2	0	0	0	0	0	2	2	0	0	1	0	2	0	0	1	0
45591	3 Apr 26	04:03:00	1	0	34	0	Ct	0	0	1	0	4	0	0	7	3	1	0	2	0	0	0	3	1	3	0	0	0	0	1	5	5	0	0	2	0	3	0	0	2	0
45592	3 Apr 26	04:04:00	1	0	34	0	Ct	0	0	1	0	2	0	0	1	0	0	0	1	0	0	0	4	1	1	0	0	0	0	2	0	2	2	0	0	1	1	0	0	0	0
45593	3 Apr 26	04:05:00	1	0	34	0	Ct	0	0	1	0	3	0	0	0	2	0	0	0	0	4	2	1	5	3	0	1	0	0	0	1	1	1	0	0	1	0	2	0	0	0
45594	3 Apr 26	04:06:00	1	0	34	0	Ct	0	0	1	0	2	0	0	0	1	1	0	4	0	1	1	1	1	1	0	0	0	0	0	1	1	0	0	0	0	0	0	0	1	0
45595	3 Apr 26	04:07:00	1	0	34	0	Ct	0	0	0	0	1	0	0	0	1	0	0	2	0	0	0	0	0	0	0	0	0	0	1	0	2	1	0	0	2	0	1	0	0	0
45596	3 Apr 26	04:08:00	1	0	34	0	Ct	0	0	4	0	0	0	0	0	2	0	0	2	0	0	1	1	2	2	0	0	0	0	1	3	2	0	1	0	0	2	1	0	1	0
45597	3 Apr 26	04:09:00	1	0	34	0	Ct	0	0	1	0	1	0	0	0	0	4	0	0	0	0	0	3	1	0	0	2	0	0	1	0	1	1	1	2	0	2	0	0	0	0
45598	3 Apr 26	04:10:00	1	0	34	0	Ct	0	0	0	0	1	0	0	0	0	0	0	0	0	0	0	2	0	2	0	0	0	0	0	0	2	0	0	3	1	1	1	0	1	0
45599	3 Apr 26	04:11:00	1	0	34	0	Ct	0	0	1	0	0	0	0	1	1	2	0	0	0	0	0	2	3	0	0	0	0	0	1	3	1	0	0	0	1	1	3	0	2	0
45600	3 Apr 26	04:12:00	1	0	34	0	Ct	0	0	8	0	1	0	0	0	0	1	0	0	2	4	1	1	0	1	0	3	0	0	1	2	2	0	0	0	0	1	2	0	2	0
45601	3 Apr 26	04:13:00	1	0	34	0	Ct	0	0	1	0	3	0	0	1	2	0	0	1	3	1	2	1	0	0	0	3	0	0	0	1	1	0	1	0	4	2	3	0	1	1
45602	3 Apr 26	04:14:00	1	0	34	0	Ct	0	0	1	0	1	1	0	0	0	0	0	1	0	0	2	1	0	0	0	0	0	0	0	1	3	0	4	2	0	1	0	0	0	0
45603	3 Apr 26	04:15:00	1	0	34	0	Ct	0	0	2	0	2	1	0	0	3	1	0	0	0	0	0	0	0	0	0	0	0	0	0	0	2	0	2	0	2	0	0	0	4	0
45604	3 Apr 26	04:16:00	1	0	34	0	Ct	0	0	3	0	1	0	0	0	0	1	0	0	0	0	0	8	0	0	0	0	0	0	0	1	0	0	1	0	0	0	3	0	0	0
45605	3 Apr 26	04:17:00	1	0	34	0	Ct	0	0	1	0	1	2	0	2	1	1	0	0	1	1	0	2	2	2	0	0	0	0	0	3	2	0	5	0	0	2	0	0	0	0
45606	3 Apr 26	04:18:00	1	0	34	0	Ct	0	0	3	0	0	0	0	1	4	0	0	0	1	0	1	0	2	2	0	0	0	0	1	1	4	0	2	0	0	0	0	0	2	0
45607	3 Apr 26	04:19:00	1	0	34	0	Ct	0	0	3	0	4	0	0	2	0	0	0	0	1	0	2	0	2	0	0	0	0	0	5	0	2	0	0	0	0	0	0	0	4	0
45608	3 Apr 26	04:20:00	1	0	34	0	Ct	0	0	2	0	0	0	0	6	3	3	0	1	0	0	0	0	0	0	0	0	0	0	1	0	2	1	1	0	0	0	0	0	1	2
45609	3 Apr 26	04:21:00	1	0	34	0	Ct	0	0	0	0	0	0	0	5	1	1	0	3	0	0	0	3	1	0	0	2	0	0	1	2	1	1	1	0	1	0	0	0	2	1
45610	3 Apr 26	04:22:00	1	0	34	0	Ct	0	0	1	0	0	0	0	2	3	0	0	1	0	1	0	4	0	2	0	0	0	0	1	0	5	0	2	0	1	0	1	0	0	1
45611	3 Apr 26	04:23:00	1	0	34	0	Ct	0	0	2	0	2	0	0	0	1	0	0	1	0	1	0	0	0	3	0	0	0	0	0	0	2	0	4	0	0	0	0	0	0	0
45612	3 Apr 26	04:24:00	1	0	34	0	Ct	0	0	1	0	1	0	0	5	1	0	0	1	0	2	0	1	0	0	0	0	0	0	1	0	4	2	3	0	1	0	1	0	0	0
45613	3 Apr 26	04:25:00	1	0	34	0	Ct	0	0	1	0	1	0	0	0	0	0	0	1	0	0	0	2	0	5	0	0	0	0	2	0	1	0	2	0	0	0	4	0	2	0
45614	3 Apr 26	04:26:00	1	0	34	0	Ct	0	0	1	0	1	4	0	2	2	1	0	0	0	0	0	0	1	0	0	0	0	0	1	0	2	2	2	0	1	0	5	0	1	1
45615	3 Apr 26	04:27:00	1	0	34	0	Ct	0	0	1	0	0	0	0	0	1	0	0	0	0	1	0	5	2	6	0	0	0	0	2	0	2	0	1	0	1	0	0	0	1	0
45616	3 Apr 26	04:28:00	1	0	34	0	Ct	0	0	2	0	1	0	0	2	1	0	0	1	0	3	1	4	1	2	0	0	0	0	1	0	3	0	3	0	1	0	2	0	0	0
45617	3 Apr 26	04:29:00	1	0	34	0	Ct	0	0	2	0	1	0	0	0	1	0	0	1	0	1	2	0	2	0	0	0	0	0	1	0	2	5	0	0	0	2	1	0	1	2
45618	3 Apr 26	04:30:00	1	0	34	0	Ct	0	0	1	0	0	0	0	1	5	0	0	2	2	6	3	3	0	0	0	1	0	0	3	0	5	1	3	0	0	2	1	0	1	0
45619	3 Apr 26	04:31:00	1	0	34	0	Ct	0	0	1	0	1	2	0	3	1	0	0	1	0	8	0	3	0	0	0	2	0	0	1	0	2	0	2	0	2	1	4	0	0	2
45620	3 Apr 26	04:32:00	1	0	34	0	Ct	0	0	0	0	1	0	0	0	2	0	0	0	0	0	0	0	3	0	0	0	0	0	1	0	3	0	0	0	1	1	2	0	1	0
45621	3 Apr 26	04:33:00	1	0	34	0	Ct	0	0	2	0	2	0	0	0	4	2	0	1	0	1	2	0	1	0	0	3	0	0	0	0	8	1	0	0	2	1	0	0	2	0
45622	3 Apr 26	04:34:00	1	0	34	0	Ct	0	0	1	0	0	0	0	0	4	0	0	0	0	0	2	0	0	3	0	0	1	0	0	0	6	1	0	0	3	0	1	0	3	0
45623	3 Apr 26	04:35:00	1	0	34	0	Ct	0	0	1	0	2	0	0	0	0	0	0	4	0	2	0	0	0	0	0	1	3	0	0	0	4	0	0	0	4	2	1	0	0	0
45624	3 Apr 26	04:36:00	1	0	34	0	Ct	0	0	1	0	0	0	0	0	3	2	0	2	0	1	0	0	1	3	0	1	0	0	0	0	2	0	0	0	0	2	3	0	4	0
45625	3 Apr 26	04:37:00	1	0	34	0	Ct	0	0	1	0	0	0	0	0	2	1	0	1	0	5	0	0	0	1	0	1	0	0	0	0	3	0	0	0	1	2	0	0	2	0
45626	3 Apr 26	04:38:00	1	0	34	0	Ct	0	0	1	0	0	0	0	0	1	1	0	0	0	0	2	0	2	0	0	1	0	0	0	0	6	0	0	0	1	0	2	0	11	0
45627	3 Apr 26	04:39:00	1	0	34	0	Ct	0	0	0	0	0	0	0	0	4	0	0	0	0	4	2	0	1	0	0	4	0	0	0	1	3	0	0	0	3	0	1	0	4	1
45628	3 Apr 26	04:40:00	1	0	34	0	Ct	0	0	2	0	1	0	0	0	0	2	0	1	0	3	0	0	4	0	0	0	0	0	0	0	2	2	0	0	2	2	1	0	3	3
45629	3 Apr 26	04:41:00	1	0	34	0	Ct	0	0	2	0	1	0	0	0	0	4	0	5	0	4	1	0	3	2	0	0	0	0	2	3	1	0	0	0	1	0	3	0	1	1
45630	3 Apr 26	04:42:00	1	0	34	0	Ct	0	0	2	0	2	0	0	0	0	1	0	1	0	1	1	0	3	11	0	3	0	0	0	2	3	0	2	0	0	2	1	0	2	0
45631	3 Apr 26	04:43:00	1	0	34	0	Ct	0	0	2	0	0	0	0	0	1	2	0	0	0	2	0	0	0	0	0	1	0	0	1	1	3	0	2	0	2	0	0	0	1	0
45632	3 Apr 26	04:44:00	1	0	34	0	Ct	0	0	1	0	0	0	0	0	2	0	0	2	0	0	0	0	0	0	0	5	0	0	0	1	3	0	0	0	1	1	6	0	3	0
45633	3 Apr 26	04:45:00	1	0	34	0	Ct	0	0	1	0	0	0	0	0	5	0	0	1	0	2	0	3	0	0	0	1	0	0	1	1	4	1	2	0	2	0	1	0	2	0
45634	3 Apr 26	04:46:00	1	0	34	0	Ct	0	0	1	0	1	0	0	0	5	0	0	0	0	2	1	1	1	3	0	0	0	0	1	1	4	1	2	0	3	0	0	0	3	0
45635	3 Apr 26	04:47:00	1	0	34	0	Ct	0	0	0	0	5	0	0	0	0	1	0	1	0	0	1	0	0	1	0	2	0	0	0	0	4	0	3	0	2	0	1	0	0	0
45636	3 Apr 26	04:48:00	1	0	34	0	Ct	0	0	3	0	1	1	0	0	0	1	0	1	0	7	1	1	2	0	0	0	0	0	1	1	2	4	3	0	0	1	1	0	1	0
45637	3 Apr 26	04:49:00	1	0	34	0	Ct	0	0	2	0	2	2	0	0	0	0	0	1	0	0	1	2	1	1	0	1	0	0	1	0	3	6	1	0	0	2	1	0	3	0
45638	3 Apr 26	04:50:00	1	0	34	0	Ct	0	0	1	0	0	0	0	0	1	0	0	0	0	1	0	1	0	4	0	1	0	0	4	1	1	0	0	0	0	2	1	0	2	0
45639	3 Apr 26	04:51:00	1	0	34	0	Ct	0	0	1	0	0	0	0	0	1	2	0	0	0	5	0	0	1	4	0	1	0	0	0	2	0	1	1	0	0	2	3	0	6	0
45640	3 Apr 26	04:52:00	1	0	34	0	Ct	0	0	0	0	2	0	0	0	4	4	0	3	0	0	0	0	0	3	0	4	0	0	0	1	1	0	0	0	0	0	1	0	1	0
45641	3 Apr 26	04:53:00	1	0	34	0	Ct	0	0	6	0	1	2	0	0	1	0	0	2	0	2	0	0	0	0	0	1	0	0	1	0	1	1	0	2	6	0	1	0	2	0
45642	3 Apr 26	04:54:00	1	0	34	0	Ct	0	0	0	0	0	1	0	9	2	0	0	1	0	2	1	4	0	5	0	0	0	0	4	0	6	0	1	0	1	0	1	0	2	0
45643	3 Apr 26	04:55:00	1	0	34	0	Ct	0	0	2	0	0	0	0	0	3	0	0	0	0	3	1	5	0	6	0	0	0	0	3	2	3	0	0	2	1	0	4	0	0	1
45644	3 Apr 26	04:56:00	1	0	34	0	Ct	0	0	2	0	1	0	0	0	2	0	0	7	0	2	0	15	0	0	0	0	0	0	2	0	3	1	4	6	0	0	0	0	0	1
45645	3 Apr 26	04:57:00	1	0	34	0	Ct	0	0	2	0	2	0	0	1	0	0	0	2	0	0	1	6	0	0	0	0	0	0	0	1	3	1	1	0	2	0	2	0	0	3
45646	3 Apr 26	04:58:00	1	0	34	0	Ct	0	0	3	0	2	0	0	0	2	2	0	1	0	0	2	0	2	0	0	0	0	0	2	1	2	0	3	3	1	1	0	0	0	1
45647	3 Apr 26	04:59:00	1	0	34	0	Ct	0	0	2	0	2	0	0	1	1	2	0	1	0	0	0	0	1	0	0	0	0	0	1	0	3	2	4	0	3	3	0	0	3	0
45648	3 Apr 26	05:00:00	1	0	34	0	Ct	0	0	1	0	0	0	0	2	0	0	0	2	0	2	0	0	0	0	0	0	3	0	0	1	2	1	1	0	0	2	0	0	1	0
45649	3 Apr 26	05:01:00	1	0	34	0	Ct	0	0	2	0	0	0	0	0	4	0	0	1	0	0	0	5	0	0	0	0	0	0	3	0	1	0	4	0	2	1	2	0	0	0
45650	3 Apr 26	05:02:00	1	0	34	0	Ct	0	0	1	0	0	0	0	0	3	0	0	3	0	0	0	6	0	1	0	0	0	0	0	1	2	0	3	0	1	2	4	0	7	0
45651	3 Apr 26	05:03:00	1	0	34	0	Ct	0	0	2	0	0	0	0	0	1	1	0	0	0	0	2	0	0	0	0	0	0	0	5	1	3	0	4	0	2	1	1	0	0	0
45652	3 Apr 26	05:04:00	1	0	34	0	Ct	0	0	0	0	0	0	0	0	1	0	0	0	0	0	0	0	0	0	0	1	1	0	1	0	2	1	1	0	1	2	3	0	0	0
45653	3 Apr 26	05:05:00	1	0	34	0	Ct	0	0	1	0	0	0	0	0	0	1	0	0	0	0	0	1	0	3	0	4	0	0	3	1	3	1	1	0	4	0	2	0	3	0
45654	3 Apr 26	05:06:00	1	0	34	0	Ct	0	0	1	0	0	0	0	0	3	1	0	0	0	0	2	6	0	3	0	1	0	0	2	1	2	0	2	0	0	0	2	0	1	0
45655	3 Apr 26	05:07:00	1	0	34	0	Ct	0	0	3	0	0	0	0	1	4	1	0	0	3	0	0	0	0	0	0	0	0	0	0	2	0	1	0	0	6	0	1	0	1	0
45656	3 Apr 26	05:08:00	1	0	34	0	Ct	0	0	1	0	0	0	0	1	4	1	0	0	4	0	1	0	0	1	0	0	0	0	1	1	2	2	0	0	0	0	1	0	0	1
45657	3 Apr 26	05:09:00	1	0	34	0	Ct	0	0	2	0	3	0	0	0	0	1	0	0	0	0	2	6	0	0	0	0	1	0	1	1	6	0	0	0	1	0	1	0	2	0
45658	3 Apr 26	05:10:00	1	0	34	0	Ct	0	0	2	0	2	0	0	4	0	0	0	0	0	0	1	0	0	2	0	0	0	0	1	1	3	0	0	0	2	0	3	0	0	0
45659	3 Apr 26	05:11:00	1	0	34	0	Ct	0	0	2	0	2	0	0	0	2	0	0	0	0	0	1	0	0	0	0	0	0	0	1	3	0	0	0	1	2	1	0	0	2	0
45660	3 Apr 26	05:12:00	1	0	34	0	Ct	0	0	1	0	3	0	0	0	0	0	0	0	0	0	1	1	0	0	0	3	0	0	1	2	0	0	0	0	0	2	0	0	0	0
45661	3 Apr 26	05:13:00	1	0	34	0	Ct	0	0	0	0	3	2	0	0	1	1	0	0	1	0	1	0	0	0	0	0	0	0	10	0	1	3	1	0	1	0	0	0	2	0
45662	3 Apr 26	05:14:00	1	0	34	0	Ct	0	0	2	0	1	1	0	0	2	0	0	0	0	4	2	0	0	0	0	0	0	0	0	1	0	0	4	0	3	2	3	0	1	2
45663	3 Apr 26	05:15:00	1	0	34	0	Ct	0	0	5	0	4	1	0	0	0	0	0	0	0	0	1	0	6	0	0	4	0	0	1	1	1	0	1	0	0	2	0	0	0	0
45664	3 Apr 26	05:16:00	1	0	34	0	Ct	0	0	1	0	1	0	0	0	0	1	0	0	0	1	1	0	0	1	0	0	0	0	1	0	19	2	1	3	3	3	0	0	4	2
45665	3 Apr 26	05:17:00	1	0	34	0	Ct	0	0	1	0	3	0	0	1	0	1	0	0	0	2	3	1	0	1	0	7	0	0	0	0	6	0	1	4	3	0	0	0	1	0
45666	3 Apr 26	05:18:00	1	0	34	0	Ct	0	0	1	0	0	0	0	1	0	1	0	0	0	0	3	2	1	1	0	0	0	0	0	1	0	1	1	0	2	1	0	0	4	1
45667	3 Apr 26	05:19:00	1	0	34	0	Ct	0	0	3	0	1	0	0	2	1	2	0	0	0	0	0	0	3	1	0	3	6	0	4	1	2	1	0	0	2	1	0	0	1	2
45668	3 Apr 26	05:20:00	1	0	34	0	Ct	0	0	1	0	1	0	0	2	0	3	0	0	0	2	0	1	4	0	0	0	4	0	0	4	1	3	1	0	3	1	1	0	2	0
45669	3 Apr 26	05:21:00	1	0	34	0	Ct	0	0	0	0	0	3	0	2	11	0	0	1	0	0	2	2	0	0	0	0	0	0	2	2	4	1	0	0	3	2	1	0	1	0
45670	3 Apr 26	05:22:00	1	0	34	0	Ct	0	0	2	0	2	0	0	1	0	0	0	0	0	0	0	1	1	2	0	2	0	0	2	3	3	0	1	0	1	0	0	0	1	0
45671	3 Apr 26	05:23:00	1	0	34	0	Ct	0	0	1	0	0	0	0	1	0	0	0	3	0	0	1	2	0	1	0	0	3	0	1	4	2	0	0	0	1	0	0	0	1	0
45672	3 Apr 26	05:24:00	1	0	34	0	Ct	0	0	3	0	2	0	0	1	0	1	0	1	0	0	2	0	0	4	0	3	1	0	0	1	3	2	1	0	2	1	0	0	1	0
45673	3 Apr 26	05:25:00	1	0	34	0	Ct	0	0	0	0	0	0	0	2	0	2	0	1	0	0	0	0	0	0	0	0	0	0	5	3	3	1	0	0	3	2	0	0	1	0
45674	3 Apr 26	05:26:00	1	0	34	0	Ct	0	0	0	0	0	0	0	2	1	11	0	2	0	0	2	2	0	3	0	0	1	0	0	1	1	3	3	0	2	0	0	0	1	0
45675	3 Apr 26	05:27:00	1	0	34	0	Ct	0	0	0	0	0	3	0	1	1	0	0	3	0	1	1	1	0	0	0	0	0	0	1	2	1	1	2	0	0	1	0	0	2	0
45676	3 Apr 26	05:28:00	1	0	34	0	Ct	0	0	2	0	0	1	0	3	2	1	0	0	0	0	1	5	0	0	0	0	2	0	1	2	1	0	1	0	3	0	0	0	1	0
45677	3 Apr 26	05:29:00	1	0	34	0	Ct	0	0	1	0	0	0	0	3	2	0	0	5	0	0	1	4	1	0	0	0	2	0	1	2	0	1	2	1	1	1	4	0	1	0
45678	3 Apr 26	05:30:00	1	0	34	0	Ct	0	0	2	0	2	0	0	0	0	0	0	2	0	0	0	0	1	0	0	0	1	0	1	0	1	2	0	0	1	1	0	0	2	0
45679	3 Apr 26	05:31:00	1	0	34	0	Ct	0	0	1	0	0	0	0	1	4	1	0	1	0	0	2	0	0	0	0	0	1	0	1	1	1	0	0	1	4	0	0	0	0	0
45680	3 Apr 26	05:32:00	1	0	34	0	Ct	0	0	1	0	1	0	0	0	0	3	0	0	0	0	2	0	0	3	0	0	0	0	0	1	2	0	0	5	3	0	0	0	1	0
45681	3 Apr 26	05:33:00	1	0	34	0	Ct	0	0	0	0	1	0	0	2	0	2	0	0	0	2	1	0	0	2	0	0	1	0	2	1	2	0	0	3	2	2	0	0	3	0
45682	3 Apr 26	05:34:00	1	0	34	0	Ct	0	0	0	0	0	0	0	2	2	0	0	1	0	2	0	3	0	3	0	0	0	0	1	1	3	0	0	0	1	0	0	0	2	0
45683	3 Apr 26	05:35:00	1	0	34	0	Ct	0	0	0	0	1	0	0	1	1	1	0	2	0	0	2	0	0	5	0	1	1	0	1	1	2	2	0	3	1	2	0	0	3	0
45684	3 Apr 26	05:36:00	1	0	34	0	Ct	0	0	0	0	2	0	0	4	0	0	0	1	0	0	0	2	0	3	0	4	0	0	1	1	2	0	0	4	4	0	0	0	0	0
45685	3 Apr 26	05:37:00	1	0	34	0	Ct	0	0	0	0	2	0	0	1	1	1	0	1	0	5	2	0	0	2	0	2	0	0	1	2	3	1	0	1	1	0	0	0	2	0
45686	3 Apr 26	05:38:00	1	0	34	0	Ct	0	0	0	0	1	0	0	0	2	2	0	3	0	0	1	1	1	0	0	0	5	0	0	1	4	1	0	4	2	0	0	0	1	0
45687	3 Apr 26	05:39:00	1	0	34	0	Ct	0	0	1	0	2	1	0	3	4	0	0	0	0	0	0	2	3	0	0	0	2	0	0	2	6	0	0	6	0	0	0	0	0	0
45688	3 Apr 26	05:40:00	1	0	34	0	Ct	0	0	1	0	1	1	0	0	0	1	0	0	0	0	0	2	5	0	0	0	0	0	0	0	1	1	0	4	0	0	0	0	2	0
45689	3 Apr 26	05:41:00	1	0	34	0	Ct	0	0	2	0	1	0	0	1	3	0	0	0	0	4	0	3	3	0	0	0	0	0	2	1	1	1	0	5	1	0	1	0	1	0
45690	3 Apr 26	05:42:00	1	0	34	0	Ct	0	0	1	0	2	0	0	0	7	0	0	0	7	0	0	1	1	9	0	3	2	0	0	2	4	0	0	0	2	4	0	0	0	0
45691	3 Apr 26	05:43:00	1	0	34	0	Ct	0	0	2	0	1	0	0	0	1	1	0	1	0	4	1	1	1	5	0	0	1	0	0	1	2	0	0	0	2	1	0	0	1	0
45692	3 Apr 26	05:44:00	1	0	34	0	Ct	0	0	2	0	1	0	0	0	0	1	0	3	0	4	0	12	0	0	0	2	0	0	0	1	4	0	0	0	0	1	3	0	1	0
45693	3 Apr 26	05:45:00	1	0	34	0	Ct	0	0	1	0	3	1	0	0	0	0	0	0	0	1	0	3	3	0	0	0	3	0	0	0	2	0	0	0	0	1	1	0	0	0
45694	3 Apr 26	05:46:00	1	0	34	0	Ct	0	0	0	0	2	1	0	0	0	1	0	0	0	0	0	0	1	0	0	0	0	0	0	2	1	0	2	0	0	0	2	0	1	0
45695	3 Apr 26	05:47:00	1	0	34	0	Ct	0	0	0	0	1	0	0	0	0	2	0	3	0	1	0	3	2	1	0	0	0	0	0	1	1	0	4	0	0	0	0	0	2	0
45696	3 Apr 26	05:48:00	1	0	34	0	Ct	0	0	3	0	1	0	0	3	2	0	0	0	0	0	0	0	0	1	0	0	0	0	0	2	3	1	1	0	1	0	3	0	2	0
45697	3 Apr 26	05:49:00	1	0	34	0	Ct	0	0	3	0	0	0	0	2	2	4	0	1	0	1	3	3	0	2	0	1	1	0	0	0	0	1	0	0	1	4	0	0	3	0
45698	3 Apr 26	05:50:00	1	0	34	0	Ct	0	0	1	0	0	0	0	0	0	0	0	2	0	3	3	0	0	2	0	0	4	0	0	1	2	0	0	1	0	1	2	0	0	0
45699	3 Apr 26	05:51:00	1	0	34	0	Ct	0	0	1	0	2	0	0	0	2	0	0	3	0	3	3	0	0	1	0	0	3	0	0	1	2	0	1	0	0	0	5	0	0	0
45700	3 Apr 26	05:52:00	1	0	34	0	Ct	0	0	4	0	2	1	0	0	1	0	0	0	0	0	3	1	3	0	0	0	2	0	0	2	0	0	1	0	0	2	2	0	1	0
45701	3 Apr 26	05:53:00	1	0	34	0	Ct	0	0	1	0	1	1	0	0	3	1	0	1	0	0	1	8	3	1	0	1	0	0	0	1	2	0	0	0	0	0	0	0	1	0
45702	3 Apr 26	05:54:00	1	0	34	0	Ct	0	0	0	0	5	0	0	1	1	0	0	0	0	0	1	0	0	1	0	1	0	0	0	1	2	0	0	1	0	3	0	0	1	0
45703	3 Apr 26	05:55:00	1	0	34	0	Ct	0	0	2	0	4	0	0	1	2	1	0	0	0	0	1	0	0	0	0	2	2	0	0	2	2	0	0	0	1	0	0	0	0	0
45704	3 Apr 26	05:56:00	1	0	34	0	Ct	0	0	1	0	2	0	0	0	1	1	0	3	0	0	0	0	0	0	0	15	0	0	0	1	2	0	0	0	1	0	0	0	2	0
45705	3 Apr 26	05:57:00	1	0	34	0	Ct	0	0	2	0	1	0	0	1	0	1	0	1	0	3	3	2	0	0	0	5	0	0	0	1	4	1	2	3	1	0	3	0	2	0
45706	3 Apr 26	05:58:00	1	0	34	0	Ct	0	0	2	0	4	0	0	0	2	3	0	0	0	0	0	3	0	0	0	0	0	0	1	2	4	2	1	0	3	1	0	0	1	0
45707	3 Apr 26	05:59:00	1	0	34	0	Ct	0	0	1	0	1	0	0	2	1	2	0	0	0	0	0	0	0	0	0	0	0	0	2	2	1	1	2	0	0	0	0	0	3	0
45708	3 Apr 26	06:00:00	1	0	34	0	Ct	0	0	1	0	3	5	0	1	2	1	0	3	0	6	1	0	0	0	0	2	3	0	3	0	2	0	1	1	3	1	2	0	1	0
45709	3 Apr 26	06:01:00	1	0	34	0	Ct	0	0	3	0	0	0	0	2	1	5	0	8	0	1	1	0	0	0	0	10	2	0	1	1	0	0	1	0	3	0	3	0	1	0
45710	3 Apr 26	06:02:00	1	0	34	0	Ct	0	0	1	0	1	0	0	1	2	0	0	0	0	2	1	0	0	0	0	0	1	0	5	1	2	2	1	0	1	1	1	0	2	0
45711	3 Apr 26	06:03:00	1	0	34	0	Ct	0	0	4	0	2	0	0	1	0	1	0	0	0	0	1	0	0	0	0	1	0	0	2	1	2	1	2	0	3	1	1	0	2	0
45712	3 Apr 26	06:04:00	1	0	34	0	Ct	0	0	2	0	2	0	0	1	3	1	0	0	0	3	2	5	1	0	0	1	0	0	2	1	4	3	2	0	2	2	0	0	0	0
45713	3 Apr 26	06:05:00	1	0	34	0	Ct	0	0	2	0	1	1	0	1	3	0	0	1	0	1	0	0	1	0	0	4	0	0	0	2	5	2	0	2	2	0	1	0	0	0
45714	3 Apr 26	06:06:00	1	0	34	0	Ct	0	0	1	0	0	1	0	0	2	0	0	1	0	1	1	0	0	0	0	0	0	0	2	0	3	0	0	5	1	0	3	0	0	0
45715	3 Apr 26	06:07:00	1	0	34	0	Ct	0	0	0	0	1	0	0	5	0	0	0	0	0	0	2	0	0	1	0	0	3	0	2	3	1	0	0	3	4	2	0	0	1	0
45716	3 Apr 26	06:08:00	1	0	34	0	Ct	0	0	1	0	0	0	0	0	2	2	0	0	0	1	0	0	0	0	0	1	0	0	2	3	2	2	0	6	3	0	9	0	2	0
45717	3 Apr 26	06:09:00	1	0	34	0	Ct	0	0	2	0	2	1	0	0	2	1	0	0	0	0	0	0	0	0	0	6	7	0	1	1	1	0	2	3	0	0	10	0	1	0
45718	3 Apr 26	06:10:00	1	0	34	0	Ct	0	0	3	0	2	2	0	2	2	0	0	2	0	0	2	0	0	0	0	1	2	0	1	1	1	0	1	0	0	1	0	0	0	0
45719	3 Apr 26	06:11:00	1	0	34	0	Ct	0	0	2	0	1	0	0	1	1	0	0	3	0	0	0	4	0	0	0	1	0	0	0	1	1	0	3	0	0	1	0	0	0	0
45720	3 Apr 26	06:12:00	1	0	34	0	Ct	0	0	2	0	1	1	0	1	6	3	0	2	0	0	0	0	0	0	0	4	1	0	2	1	2	0	1	0	0	0	6	0	1	0
45721	3 Apr 26	06:13:00	1	0	34	0	Ct	0	0	5	0	0	1	0	2	3	0	0	0	0	0	0	0	0	0	0	0	1	0	1	4	2	0	4	0	0	0	0	0	2	0
45722	3 Apr 26	06:14:00	1	0	34	0	Ct	0	0	0	0	0	0	0	1	1	0	0	0	0	0	0	2	0	0	0	8	0	0	1	0	2	0	0	0	0	2	0	0	0	0
45723	3 Apr 26	06:15:00	1	0	34	0	Ct	0	0	1	0	1	0	0	0	0	3	0	1	0	0	0	0	0	0	0	0	4	0	1	1	1	2	1	0	0	1	6	0	1	0
45724	3 Apr 26	06:16:00	1	0	34	0	Ct	0	0	2	0	1	0	0	0	0	0	0	0	0	0	0	1	5	0	0	0	0	0	0	0	0	0	1	0	0	1	5	0	1	0
45725	3 Apr 26	06:17:00	1	0	34	0	Ct	0	0	1	0	1	0	0	0	0	0	0	1	0	0	0	1	2	0	0	0	1	0	1	3	5	0	0	0	0	2	6	0	1	0
45726	3 Apr 26	06:18:00	1	0	34	0	Ct	0	0	2	0	1	0	0	2	2	3	0	2	0	1	2	1	4	0	0	0	2	0	1	2	1	1	0	0	0	0	3	0	4	0
45727	3 Apr 26	06:19:00	1	0	34	0	Ct	0	0	1	0	1	2	0	2	2	0	0	5	0	2	0	2	1	2	0	2	0	0	0	0	3	1	0	2	0	1	2	0	2	0
45728	3 Apr 26	06:20:00	1	0	34	0	Ct	0	0	2	0	2	4	0	1	4	1	0	0	0	1	2	0	0	4	0	0	7	0	3	5	3	0	5	2	0	7	0	0	1	0
45729	3 Apr 26	06:21:00	1	0	34	0	Ct	0	0	0	0	0	0	0	0	0	0	0	0	0	0	1	3	0	1	0	0	0	0	1	1	2	0	3	0	2	3	0	0	0	0
45730	3 Apr 26	06:22:00	1	0	34	0	Ct	0	0	2	0	0	0	0	2	3	0	0	1	0	0	1	0	0	0	0	0	1	0	2	0	3	1	3	1	0	1	1	0	1	0
45731	3 Apr 26	06:23:00	1	0	34	0	Ct	0	0	1	0	0	0	0	0	0	3	0	0	0	1	1	1	0	0	0	5	2	0	0	0	2	1	2	0	0	2	0	0	1	0
45732	3 Apr 26	06:24:00	1	0	34	0	Ct	0	0	1	0	0	0	0	0	2	1	0	2	0	1	0	0	1	1	0	0	3	0	1	2	2	0	0	0	0	0	3	0	3	0
45733	3 Apr 26	06:25:00	1	0	34	0	Ct	0	0	2	0	0	0	0	0	1	3	0	4	0	1	2	1	3	0	0	0	4	0	2	1	3	0	0	0	0	1	1	0	1	1
45734	3 Apr 26	06:26:00	1	0	34	0	Ct	0	0	1	0	1	0	0	1	3	1	0	2	0	2	0	4	2	1	0	0	1	0	0	1	3	1	0	0	1	1	0	0	0	0
45735	3 Apr 26	06:27:00	1	0	34	0	Ct	0	0	6	0	2	0	0	1	2	0	0	0	0	1	0	1	0	3	0	0	2	0	2	2	2	0	0	0	1	0	6	0	2	0
45736	3 Apr 26	06:28:00	1	0	34	0	Ct	0	0	2	0	1	0	0	2	2	2	0	0	0	2	0	2	0	0	0	0	1	0	3	2	3	1	0	0	1	0	0	0	1	3
45737	3 Apr 26	06:29:00	1	0	34	0	Ct	0	0	2	0	0	2	0	1	1	0	0	0	0	1	0	4	1	3	0	1	2	0	0	2	3	1	0	0	3	1	6	0	2	0
45738	3 Apr 26	06:30:00	1	0	34	0	Ct	0	0	1	0	0	0	0	2	3	0	0	0	0	4	1	0	3	2	0	3	3	0	5	0	3	1	0	2	2	1	0	0	1	1
45739	3 Apr 26	06:31:00	1	0	34	0	Ct	0	0	2	0	0	0	0	1	3	2	0	1	0	2	3	0	1	0	0	1	1	0	2	0	3	0	0	0	0	1	7	0	2	1
45740	3 Apr 26	06:32:00	1	0	34	0	Ct	0	0	2	0	0	1	0	3	1	0	0	5	0	0	0	0	2	0	0	3	0	0	2	1	2	1	0	0	1	1	0	0	0	0
45741	3 Apr 26	06:33:00	1	0	34	0	Ct	0	0	1	0	2	1	0	1	4	1	0	2	0	5	2	0	0	0	0	0	0	0	0	2	2	0	0	0	1	1	1	0	0	0
45742	3 Apr 26	06:34:00	1	0	34	0	Ct	0	0	4	0	3	0	0	1	5	0	0	2	0	1	1	6	0	3	0	2	0	0	0	1	1	0	0	0	0	0	2	0	1	0
45743	3 Apr 26	06:35:00	1	0	34	0	Ct	0	0	1	0	3	0	0	1	2	1	0	0	0	1	1	0	0	1	0	2	0	0	0	1	3	1	0	0	0	0	5	0	1	0
45744	3 Apr 26	06:36:00	1	0	34	0	Ct	0	0	2	0	1	0	0	1	0	0	0	0	0	1	0	0	0	0	0	1	3	0	0	3	2	0	0	0	2	3	1	0	1	0
45745	3 Apr 26	06:37:00	1	0	34	0	Ct	0	0	1	0	3	0	0	6	1	0	0	1	0	1	3	0	0	0	0	3	2	0	0	0	0	4	0	0	0	0	5	0	1	0
45746	3 Apr 26	06:38:00	1	0	34	0	Ct	0	0	1	0	1	0	0	0	0	2	0	3	0	2	0	0	0	0	0	1	5	0	2	1	3	0	0	0	1	3	2	0	0	0
45747	3 Apr 26	06:39:00	1	0	34	0	Ct	0	0	2	0	0	0	0	2	1	1	0	0	0	0	0	1	0	3	0	1	1	0	0	1	3	0	0	0	0	0	0	0	1	0
45748	3 Apr 26	06:40:00	1	0	34	0	Ct	0	0	1	0	0	2	0	1	1	1	0	0	0	0	0	0	2	1	0	0	0	0	2	1	3	1	0	0	2	0	2	0	1	0
45749	3 Apr 26	06:41:00	1	0	34	0	Ct	0	0	2	0	1	0	0	1	1	0	0	0	0	0	2	0	0	0	0	0	0	0	1	1	2	3	3	0	0	0	10	0	1	0
45750	3 Apr 26	06:42:00	1	0	34	0	Ct	0	0	2	0	1	0	0	2	3	1	0	1	0	1	2	0	0	3	0	3	8	0	1	0	3	1	0	0	1	0	2	0	0	0
45751	3 Apr 26	06:43:00	1	0	34	0	Ct	0	0	3	0	0	0	0	0	4	0	0	2	0	1	1	0	0	2	0	2	0	0	0	1	1	0	0	0	1	1	3	0	2	0
45752	3 Apr 26	06:44:00	1	0	34	0	Ct	0	0	2	0	0	0	0	3	0	0	0	0	0	1	3	1	0	2	0	1	0	0	0	2	3	1	0	0	3	2	2	0	0	1
45753	3 Apr 26	06:45:00	1	0	34	0	Ct	0	0	1	0	1	0	0	1	1	2	0	0	0	0	1	0	0	1	0	1	5	0	1	2	2	0	0	0	1	0	1	0	1	0
45754	3 Apr 26	06:46:00	1	0	34	0	Ct	0	0	1	0	2	0	0	0	1	2	0	0	0	0	0	3	0	1	0	0	3	0	1	2	2	1	0	4	2	0	0	0	2	0
45755	3 Apr 26	06:47:00	1	0	34	0	Ct	0	0	1	0	4	0	0	1	0	2	0	1	0	1	1	0	0	0	0	2	1	0	0	0	1	0	0	4	2	0	3	0	1	0
45756	3 Apr 26	06:48:00	1	0	34	0	Ct	0	0	3	0	2	0	0	2	4	0	0	1	0	1	1	0	0	0	0	0	0	0	1	0	2	0	0	7	1	1	0	0	3	0
45757	3 Apr 26	06:49:00	1	0	34	0	Ct	0	0	2	0	1	0	0	1	0	1	0	0	0	3	2	0	0	0	0	1	2	0	2	0	1	0	1	0	1	1	3	0	1	0
45758	3 Apr 26	06:50:00	1	0	34	0	Ct	0	0	3	0	1	0	0	1	2	1	0	0	0	0	2	0	0	4	0	0	1	0	3	0	3	0	4	0	0	0	0	0	0	0
45759	3 Apr 26	06:51:00	1	0	34	0	Ct	0	0	2	0	0	2	0	2	0	1	0	0	0	1	0	1	1	1	0	0	0	0	2	0	1	0	6	2	0	1	4	0	2	1
45760	3 Apr 26	06:52:00	1	0	34	0	Ct	0	0	3	0	1	0	0	2	0	0	0	0	0	1	0	0	4	0	0	1	0	0	1	0	2	0	0	3	1	3	1	0	4	1
45761	3 Apr 26	06:53:00	1	0	34	0	Ct	0	0	2	0	1	0	0	2	1	0	0	0	0	0	0	0	1	0	0	0	6	0	0	2	3	2	1	2	1	2	7	0	0	0
45762	3 Apr 26	06:54:00	1	0	34	0	Ct	0	0	1	0	0	0	0	0	0	0	0	0	3	3	1	3	0	4	0	3	1	0	1	2	2	0	2	4	0	1	2	0	2	1
45763	3 Apr 26	06:55:00	1	0	34	0	Ct	0	0	2	0	0	0	0	0	2	0	0	1	1	0	1	0	0	0	0	0	2	0	1	1	3	1	0	3	1	2	6	0	5	0
45764	3 Apr 26	06:56:00	1	0	34	0	Ct	0	0	2	0	0	0	0	0	3	0	0	3	2	0	0	0	0	0	0	1	0	0	0	1	2	1	0	4	1	1	1	0	1	0
45765	3 Apr 26	06:57:00	1	0	34	0	Ct	0	0	1	0	1	0	0	0	6	2	0	2	0	0	0	0	0	0	0	2	0	0	0	1	2	0	3	0	1	1	1	0	1	0
45766	3 Apr 26	06:58:00	1	0	34	0	Ct	0	0	0	0	0	0	0	0	3	2	0	1	0	0	2	0	1	3	0	3	0	0	0	2	2	0	0	0	1	1	5	0	0	1
45767	3 Apr 26	06:59:00	1	0	34	0	Ct	0	0	1	0	2	0	0	0	3	1	0	0	0	3	0	0	1	3	0	2	0	0	2	2	4	0	8	0	1	0	0	0	0	1
45768	3 Apr 26	07:00:00	1	0	34	0	Ct	0	0	1	0	1	0	0	2	0	1	0	0	0	3	2	0	0	2	0	4	2	0	3	1	4	0	0	0	1	1	0	0	0	0
45769	3 Apr 26	07:01:00	1	0	34	0	Ct	0	0	2	0	1	0	0	5	2	0	0	2	0	1	2	2	0	1	0	0	0	0	1	1	3	0	2	0	1	0	1	0	1	2
45770	3 Apr 26	07:02:00	1	0	34	0	Ct	0	0	1	0	0	1	0	1	3	0	0	1	0	2	2	0	3	4	0	1	0	0	2	0	3	0	1	0	1	0	2	0	1	0
45771	3 Apr 26	07:03:00	1	0	34	0	Ct	0	0	1	0	0	1	0	2	0	0	0	1	0	0	0	0	1	2	0	1	0	0	0	2	5	1	0	0	0	1	2	0	1	1
45772	3 Apr 26	07:04:00	1	0	34	0	Ct	0	0	1	0	1	0	0	2	2	0	0	4	0	1	4	3	0	2	0	1	2	0	0	2	3	1	0	0	0	1	0	0	2	1
45773	3 Apr 26	07:05:00	1	0	34	0	Ct	0	0	2	0	1	0	0	0	1	0	0	1	0	0	0	2	0	4	0	1	2	0	0	2	2	0	0	0	0	1	0	0	0	1
45774	3 Apr 26	07:06:00	1	0	34	0	Ct	0	0	0	0	0	0	0	2	2	2	0	0	1	1	1	0	0	3	0	1	1	0	1	1	2	0	0	2	0	0	0	0	1	0
45775	3 Apr 26	07:07:00	1	0	34	0	Ct	0	0	1	0	0	0	0	2	1	1	0	2	0	1	1	0	0	3	0	1	0	0	1	3	5	1	4	3	0	0	6	0	0	0
45776	3 Apr 26	07:08:00	1	0	34	0	Ct	0	0	0	0	0	8	0	1	4	1	0	0	0	2	0	1	1	0	0	1	4	0	2	0	2	1	5	2	0	0	0	0	2	0
45777	3 Apr 26	07:09:00	1	0	34	0	Ct	0	0	0	0	0	0	0	1	2	0	0	0	0	0	0	0	1	1	0	0	1	0	3	0	3	1	6	0	1	1	3	0	1	3
45778	3 Apr 26	07:10:00	1	0	34	0	Ct	0	0	0	0	0	2	0	1	2	1	0	0	0	0	0	0	0	0	0	0	1	0	1	1	1	0	1	0	1	1	0	0	2	1
45779	3 Apr 26	07:11:00	1	0	34	0	Ct	0	0	0	0	0	0	0	0	4	0	0	0	0	0	0	0	0	3	0	2	0	0	0	0	0	1	0	0	3	1	1	0	1	2
45780	3 Apr 26	07:12:00	1	0	34	0	Ct	0	0	3	0	0	0	0	0	4	2	0	2	0	0	1	1	0	0	0	2	0	0	0	1	5	2	0	0	1	1	2	0	1	0
45781	3 Apr 26	07:13:00	1	0	34	0	Ct	0	0	1	0	0	0	0	0	3	2	0	3	0	0	2	0	0	0	0	1	0	0	1	2	2	0	0	0	0	2	0	0	1	2
45782	3 Apr 26	07:14:00	1	0	34	0	Ct	0	0	2	0	4	0	0	0	0	1	0	2	0	0	0	3	2	2	0	0	0	0	3	0	2	0	0	0	0	1	2	0	0	1
45783	3 Apr 26	07:15:00	1	0	34	0	Ct	0	0	1	0	3	0	0	0	2	2	0	2	0	0	0	2	2	2	0	0	0	0	4	2	2	1	0	0	0	1	4	0	2	0
45784	3 Apr 26	07:16:00	1	0	34	0	Ct	0	0	2	0	1	0	0	2	4	0	0	1	5	0	0	0	0	2	0	5	0	0	2	2	3	0	0	0	0	1	1	0	2	0
45785	3 Apr 26	07:17:00	1	0	34	0	Ct	0	0	2	0	1	0	0	1	1	1	0	2	0	2	0	5	0	2	0	0	0	0	0	2	3	0	1	0	0	2	6	0	3	0
45786	3 Apr 26	07:18:00	1	0	34	0	Ct	0	0	1	0	0	1	0	1	2	0	0	1	0	2	1	0	0	3	0	4	0	0	0	1	0	0	4	0	0	1	1	0	0	2
45787	3 Apr 26	07:19:00	1	0	34	0	Ct	0	0	1	0	0	4	0	1	3	2	0	0	0	5	3	0	0	2	0	2	0	0	0	1	1	0	1	0	0	4	2	0	3	0
45788	3 Apr 26	07:20:00	1	0	34	0	Ct	0	0	2	0	0	0	0	1	1	0	0	0	0	1	0	5	0	1	0	2	0	0	1	0	3	0	2	0	0	1	3	0	1	1
45789	3 Apr 26	07:21:00	1	0	34	0	Ct	0	0	1	0	2	0	0	2	2	0	0	0	0	2	0	2	2	0	0	2	0	0	1	0	2	6	1	2	0	0	2	0	2	2
45790	3 Apr 26	07:22:00	1	0	34	0	Ct	0	0	0	0	0	0	0	2	1	0	0	0	0	1	1	1	0	0	0	0	1	0	1	5	2	0	0	0	0	2	1	0	1	1
45791	3 Apr 26	07:23:00	1	0	34	0	Ct	0	0	2	0	1	0	0	1	0	0	0	0	0	2	0	5	0	3	0	0	4	0	0	0	2	0	1	3	1	1	0	0	5	1
45792	3 Apr 26	07:24:00	1	0	34	0	Ct	0	0	1	0	1	0	0	1	1	0	0	1	0	1	0	1	0	1	0	0	2	0	2	2	3	0	1	0	0	1	0	0	1	1
45793	3 Apr 26	07:25:00	1	0	34	0	Ct	0	0	1	0	0	0	0	2	4	0	0	1	0	0	0	1	0	0	0	1	1	0	1	1	4	0	0	0	3	0	1	0	0	0
45794	3 Apr 26	07:26:00	1	0	34	0	Ct	0	0	2	0	1	0	0	0	1	0	0	0	0	0	2	0	1	0	0	0	3	0	2	0	3	0	2	0	2	0	0	0	2	1
45795	3 Apr 26	07:27:00	1	0	34	0	Ct	0	0	2	0	2	0	0	0	0	0	0	0	0	0	4	2	1	0	0	2	1	0	1	1	3	0	0	0	1	0	0	0	2	2
45796	3 Apr 26	07:28:00	1	0	34	0	Ct	0	0	3	0	2	0	0	1	5	3	0	0	0	0	0	5	0	1	0	1	2	0	2	1	1	0	0	0	0	0	3	0	1	2
45797	3 Apr 26	07:29:00	1	0	34	0	Ct	0	0	1	0	2	0	0	2	1	0	0	0	0	0	0	1	2	1	0	1	6	0	0	0	2	0	0	0	0	0	1	0	0	2
45798	3 Apr 26	07:30:00	1	0	34	0	Ct	0	0	2	0	1	0	0	0	4	2	0	0	0	2	2	3	1	3	0	2	0	0	0	2	4	2	0	3	0	0	1	0	1	1
45799	3 Apr 26	07:31:00	1	0	34	0	Ct	0	0	3	0	2	2	0	0	3	1	0	0	0	6	0	0	1	1	0	3	0	0	1	3	2	0	0	9	0	0	1	0	0	0
45800	3 Apr 26	07:32:00	1	0	34	0	Ct	0	0	1	0	0	0	0	2	1	2	0	0	0	0	0	0	0	5	0	0	0	0	2	2	2	0	4	2	0	0	0	0	0	1
45801	3 Apr 26	07:33:00	1	0	34	0	Ct	0	0	1	0	1	0	0	0	1	1	0	0	0	2	0	0	4	3	0	0	0	0	0	2	0	1	5	1	0	1	0	0	1	2
45802	3 Apr 26	07:34:00	1	0	34	0	Ct	0	0	2	0	1	1	0	2	2	0	0	0	0	1	0	2	0	2	0	0	0	0	0	3	0	1	4	5	0	1	0	0	1	3
45803	3 Apr 26	07:35:00	1	0	34	0	Ct	0	0	1	0	0	1	0	2	2	1	0	1	0	5	0	2	2	0	0	0	0	0	1	1	4	0	1	0	0	1	1	0	2	4
45804	3 Apr 26	07:36:00	1	0	34	0	Ct	0	0	2	0	3	0	0	2	3	2	0	3	0	2	3	3	0	0	0	0	0	0	0	0	2	2	0	13	0	0	2	0	3	0
45805	3 Apr 26	07:37:00	1	0	34	0	Ct	0	0	3	0	1	0	0	2	1	1	0	1	0	0	2	5	0	0	0	4	0	0	2	3	3	0	0	0	0	0	4	0	1	0
45806	3 Apr 26	07:38:00	1	0	34	0	Ct	0	0	0	0	0	0	0	1	3	1	0	0	0	0	0	2	2	1	0	2	1	0	2	1	2	1	0	1	0	2	0	0	1	0
45807	3 Apr 26	07:39:00	1	0	34	0	Ct	0	0	1	0	2	0	0	0	3	1	0	3	0	2	1	0	0	0	0	2	0	0	0	2	1	1	0	0	0	1	0	0	2	3
45808	3 Apr 26	07:40:00	1	0	34	0	Ct	0	0	1	0	3	0	0	1	2	2	0	5	0	0	1	0	0	0	0	2	0	0	1	1	2	0	0	1	0	0	2	0	3	0
45809	3 Apr 26	07:41:00	1	0	34	0	Ct	0	0	2	0	3	0	0	1	2	1	0	1	0	0	0	0	0	1	0	1	2	0	2	1	1	1	3	1	0	1	2	0	1	0
45810	3 Apr 26	07:42:00	1	0	34	0	Ct	0	0	2	0	1	0	0	1	3	0	0	2	0	0	0	0	1	3	0	2	1	0	1	1	3	1	9	1	1	2	3	0	1	2
45811	3 Apr 26	07:43:00	1	0	34	0	Ct	0	0	2	0	1	0	0	3	2	0	0	0	0	0	0	0	3	4	0	3	0	0	0	1	3	1	0	0	1	1	1	0	1	2
45812	3 Apr 26	07:44:00	1	0	34	0	Ct	0	0	0	0	3	0	0	0	3	0	0	1	0	0	0	0	0	0	0	0	0	0	1	0	1	1	0	6	0	2	1	0	1	1
45813	3 Apr 26	07:45:00	1	0	34	0	Ct	0	0	2	0	1	0	0	0	4	0	0	3	0	0	0	0	0	3	0	0	0	0	0	4	2	1	3	1	0	1	1	0	1	1
45814	3 Apr 26	07:46:00	1	0	34	0	Ct	0	0	1	0	2	0	0	0	2	0	0	1	0	0	0	0	0	1	0	1	0	0	1	1	1	1	3	3	2	1	0	0	3	1
45815	3 Apr 26	07:47:00	1	0	34	0	Ct	0	0	2	0	3	2	0	0	1	0	0	0	0	0	0	1	0	1	0	0	1	0	1	1	0	0	1	0	0	1	0	0	0	1
45816	3 Apr 26	07:48:00	1	0	34	0	Ct	0	0	1	0	1	0	0	0	2	0	0	2	0	0	0	0	0	2	0	2	3	0	2	2	2	0	2	0	0	0	1	0	3	3
45817	3 Apr 26	07:49:00	1	0	34	0	Ct	0	0	1	0	2	0	0	3	4	1	0	0	0	0	2	0	0	5	0	1	5	0	1	1	2	0	1	3	1	0	3	0	2	3
45818	3 Apr 26	07:50:00	1	0	34	0	Ct	0	0	1	0	1	0	0	2	0	1	0	0	0	0	0	2	0	2	0	0	4	0	3	1	2	1	1	3	1	1	0	0	2	0
45819	3 Apr 26	07:51:00	1	0	34	0	Ct	0	0	2	0	1	0	0	2	1	0	0	0	0	0	0	2	0	1	0	2	0	0	2	1	3	1	2	0	0	1	1	0	1	0
45820	3 Apr 26	07:52:00	1	0	34	0	Ct	0	0	1	0	2	0	0	1	7	0	0	3	0	0	1	4	0	0	0	1	3	0	1	1	2	0	1	0	5	0	0	0	0	0
45821	3 Apr 26	07:53:00	1	0	34	0	Ct	0	0	0	0	0	0	0	1	0	0	0	2	0	0	1	0	0	0	0	2	0	0	1	1	1	0	3	2	1	0	0	0	0	2
45822	3 Apr 26	07:54:00	1	0	34	0	Ct	0	0	1	0	0	0	0	1	0	0	0	1	0	1	2	4	0	2	0	0	0	0	0	0	2	1	1	1	0	0	0	0	0	1
45823	3 Apr 26	07:55:00	1	0	34	0	Ct	0	0	2	0	0	0	0	2	0	0	0	2	0	2	1	0	0	0	0	3	0	0	3	1	3	1	2	3	2	0	1	0	1	1
45824	3 Apr 26	07:56:00	1	0	34	0	Ct	0	0	1	0	0	0	0	1	1	0	0	1	0	0	1	4	3	2	0	0	2	0	2	1	1	1	3	0	0	0	1	0	2	0
45825	3 Apr 26	07:57:00	1	0	34	0	Ct	0	0	4	0	0	0	0	1	0	0	0	0	0	0	1	3	0	2	0	3	1	0	1	3	3	1	3	0	0	0	1	0	5	1
45826	3 Apr 26	07:58:00	1	0	34	0	Ct	0	0	1	0	1	0	0	1	1	0	0	2	0	1	0	19	1	1	0	0	3	0	1	0	4	1	1	6	0	0	2	0	1	1
45827	3 Apr 26	07:59:00	1	0	34	0	Ct	0	0	2	0	2	0	0	3	2	0	0	1	0	1	0	0	0	0	0	3	0	0	0	2	2	0	0	6	1	3	0	0	1	0
45828	3 Apr 26	08:00:00	1	0	34	0	Ct	0	0	1	0	1	0	0	0	2	0	0	0	17	0	0	2	0	3	0	1	0	0	0	1	3	0	0	2	0	0	0	0	1	2
45829	3 Apr 26	08:01:00	1	0	34	0	Ct	0	0	1	0	0	0	0	1	2	1	0	0	16	2	0	0	0	1	0	2	3	0	3	1	2	0	0	0	0	1	0	0	2	0
45830	3 Apr 26	08:02:00	1	0	34	0	Ct	0	0	2	0	0	0	0	1	3	0	0	0	5	1	0	0	1	2	0	1	1	0	1	1	2	0	2	1	0	1	0	0	0	1
45831	3 Apr 26	08:03:00	1	0	34	0	Ct	0	0	2	0	2	0	0	0	3	1	0	1	0	0	0	1	1	2	0	1	0	0	0	1	2	1	0	2	0	2	0	0	9	1
45832	3 Apr 26	08:04:00	1	0	34	0	Ct	0	0	1	0	3	0	0	1	1	4	0	1	0	0	2	0	0	1	0	0	1	0	1	1	4	2	2	0	0	8	0	0	3	0
45833	3 Apr 26	08:05:00	1	0	34	0	Ct	0	0	2	0	1	0	0	2	5	1	0	0	0	1	3	2	0	0	0	4	0	0	1	1	1	0	1	3	1	3	0	0	0	0
45834	3 Apr 26	08:06:00	1	0	34	0	Ct	0	0	2	0	1	2	0	1	4	0	0	0	0	2	0	3	0	1	0	0	0	0	2	1	2	0	7	2	1	0	0	0	3	0
45835	3 Apr 26	08:07:00	1	0	34	0	Ct	0	0	2	0	2	0	0	1	0	0	0	3	0	0	0	1	0	2	0	0	0	0	3	2	2	0	3	1	0	1	0	0	1	1
45836	3 Apr 26	08:08:00	1	0	34	0	Ct	0	0	1	0	1	2	0	1	2	2	0	3	0	0	0	0	0	2	0	1	0	0	2	0	2	0	0	0	0	1	2	0	0	2
45837	3 Apr 26	08:09:00	1	0	34	0	Ct	0	0	0	0	2	0	0	0	1	1	0	2	0	1	0	0	0	6	0	1	0	0	3	1	2	0	0	1	0	2	0	0	3	0
45838	3 Apr 26	08:10:00	1	0	34	0	Ct	0	0	0	0	2	0	0	0	1	0	0	0	0	0	0	2	2	2	0	2	0	0	1	2	2	0	0	1	0	1	1	0	3	2
45839	3 Apr 26	08:11:00	1	0	34	0	Ct	0	0	1	0	0	0	0	0	0	0	0	0	0	3	2	2	0	1	0	0	0	0	0	0	3	0	1	1	0	1	1	0	4	0
45840	3 Apr 26	08:12:00	1	0	34	0	Ct	0	0	1	0	0	0	0	0	0	0	0	0	0	0	0	1	0	2	0	0	0	0	0	2	2	0	2	2	0	1	0	0	0	2
45841	3 Apr 26	08:13:00	1	0	34	0	Ct	0	0	0	0	1	0	0	3	0	0	0	1	0	0	2	0	0	0	0	1	0	0	1	1	3	0	2	8	0	2	2	0	0	1
45842	3 Apr 26	08:14:00	1	0	34	0	Ct	0	0	2	0	2	0	0	0	3	0	0	2	0	3	0	0	2	0	0	2	0	0	1	0	0	0	2	2	3	0	3	0	3	0
45843	3 Apr 26	08:15:00	1	0	34	0	Ct	0	0	1	0	3	0	0	1	2	0	0	1	0	1	0	0	0	0	0	2	0	0	1	1	2	3	1	0	5	2	0	0	0	2
45844	3 Apr 26	08:16:00	1	0	34	0	Ct	0	0	3	0	0	0	0	2	2	0	0	0	0	1	0	0	0	0	0	1	2	0	3	1	1	2	1	3	0	0	1	0	3	0
45845	3 Apr 26	08:17:00	1	0	34	0	Ct	0	0	1	0	2	0	0	1	4	0	0	0	0	1	0	8	1	0	0	0	5	0	0	1	2	0	1	3	0	1	1	0	1	1
45846	3 Apr 26	08:18:00	1	0	34	0	Ct	0	0	1	0	3	0	0	3	3	0	0	0	0	0	3	2	1	0	0	1	0	0	3	1	1	0	3	2	0	1	0	0	0	1
45847	3 Apr 26	08:19:00	1	0	34	0	Ct	0	0	2	0	2	0	0	1	2	0	0	0	0	1	2	1	0	0	0	1	7	0	0	1	4	0	2	4	0	6	0	0	0	3
45848	3 Apr 26	08:20:00	1	0	34	0	Ct	0	0	2	0	4	0	0	0	2	0	0	0	0	3	0	0	1	0	0	1	0	0	1	1	2	2	2	0	2	1	0	0	1	0
45849	3 Apr 26	08:21:00	1	0	34	0	Ct	0	0	1	0	1	0	0	2	1	0	0	0	0	1	0	0	1	0	0	0	2	0	1	2	3	0	2	2	1	0	0	0	1	1
45850	3 Apr 26	08:22:00	1	0	34	0	Ct	0	0	2	0	3	0	0	1	0	0	0	1	0	2	0	1	2	0	0	1	0	0	4	2	5	0	4	2	0	0	5	0	1	0
45851	3 Apr 26	08:23:00	1	0	34	0	Ct	0	0	2	0	0	0	0	2	0	0	0	0	0	1	2	0	0	2	0	2	2	0	0	2	3	1	3	2	0	0	1	0	2	0
45852	3 Apr 26	08:24:00	1	0	34	0	Ct	0	0	1	0	0	0	0	0	0	0	0	1	0	2	3	0	0	2	0	0	4	0	3	1	1	1	2	0	1	0	0	0	1	0
45853	3 Apr 26	08:25:00	1	0	34	0	Ct	0	0	2	0	0	1	0	0	1	0	0	1	0	2	0	0	2	4	0	1	1	0	1	3	2	0	0	0	1	2	0	0	0	0
45854	3 Apr 26	08:26:00	1	0	34	0	Ct	0	0	1	0	0	1	0	0	2	0	0	3	0	0	0	2	1	0	0	2	0	0	1	2	2	0	0	0	0	1	0	0	1	0
45855	3 Apr 26	08:27:00	1	0	34	0	Ct	0	0	1	0	0	0	0	0	1	0	0	4	0	0	2	1	0	1	0	2	0	0	0	2	1	1	0	7	3	2	0	0	1	3
45856	3 Apr 26	08:28:00	1	0	34	0	Ct	0	0	0	0	2	0	0	0	1	0	0	0	0	1	0	1	0	2	0	1	0	0	0	1	1	1	0	0	0	0	0	0	1	0
45857	3 Apr 26	08:29:00	1	0	34	0	Ct	0	0	4	0	0	0	0	1	2	0	0	0	0	0	1	2	1	1	0	3	0	0	0	1	2	0	0	2	0	1	0	0	0	3
45858	3 Apr 26	08:30:00	1	0	34	0	Ct	0	0	1	0	0	0	0	0	7	0	0	0	0	1	3	1	1	0	0	2	0	0	0	2	2	0	0	2	1	1	0	0	1	0
45859	3 Apr 26	08:31:00	1	0	34	0	Ct	0	0	2	0	3	0	0	2	1	0	0	0	0	3	1	2	0	1	0	0	1	0	0	0	3	0	0	0	1	0	0	0	2	0
45860	3 Apr 26	08:32:00	1	0	34	0	Ct	0	0	2	0	4	0	0	1	1	0	0	0	0	0	0	5	1	4	0	0	0	0	1	1	2	1	0	0	0	1	1	0	1	2
45861	3 Apr 26	08:33:00	1	0	34	0	Ct	0	0	2	0	1	2	0	0	1	0	0	0	0	0	2	0	3	0	0	0	0	0	3	1	4	2	4	1	2	1	0	0	2	1
45862	3 Apr 26	08:34:00	1	0	34	0	Ct	0	0	4	0	6	0	0	0	0	0	0	0	0	1	0	2	0	0	0	0	0	0	2	0	4	0	1	1	1	0	0	0	0	1
45863	3 Apr 26	08:35:00	1	0	34	0	Ct	0	0	1	0	0	0	0	0	2	0	0	0	0	3	0	4	1	0	0	0	0	0	1	2	4	1	0	2	1	1	1	0	1	0
45864	3 Apr 26	08:36:00	1	0	34	0	Ct	0	0	1	0	2	0	0	0	2	0	0	0	0	1	0	0	1	0	0	0	0	0	1	2	0	0	0	0	0	0	1	0	1	1
45865	3 Apr 26	08:37:00	1	0	34	0	Ct	0	0	0	0	1	0	0	2	0	0	0	0	0	1	4	0	1	1	0	0	1	0	0	0	1	3	0	3	0	1	3	0	0	1
45866	3 Apr 26	08:38:00	1	0	34	0	Ct	0	0	0	0	1	0	0	2	0	0	0	0	0	1	0	3	1	1	0	1	0	0	0	4	4	0	0	1	2	0	2	0	4	0
45867	3 Apr 26	08:39:00	1	0	34	0	Ct	0	0	1	0	3	0	0	3	0	0	0	0	0	1	0	2	2	0	0	2	1	0	0	4	2	0	0	0	0	1	0	0	1	0
45868	3 Apr 26	08:40:00	1	0	34	0	Ct	0	0	1	0	4	0	0	1	3	3	0	0	0	3	0	0	1	2	0	1	2	0	7	1	3	1	0	0	0	0	0	0	1	0
45869	3 Apr 26	08:41:00	1	0	34	0	Ct	0	0	1	0	1	0	0	1	4	0	0	0	0	0	0	1	0	2	0	1	1	0	1	1	3	8	3	0	1	1	0	0	2	4
45870	3 Apr 26	08:42:00	1	0	34	0	Ct	0	0	0	0	0	0	0	0	3	0	0	0	0	2	3	3	1	0	0	0	2	0	1	0	2	1	2	2	2	2	0	0	1	0
45871	3 Apr 26	08:43:00	1	0	34	0	Ct	0	0	1	0	0	0	0	3	1	0	0	0	0	0	3	0	1	3	0	1	0	0	0	0	3	0	5	0	0	1	2	0	0	1
45872	3 Apr 26	08:44:00	1	0	34	0	Ct	0	0	1	0	0	0	0	1	3	1	0	0	0	2	6	0	1	1	0	3	0	0	3	0	2	0	3	0	2	1	0	0	0	1
45873	3 Apr 26	08:45:00	1	0	34	0	Ct	0	0	2	0	0	0	0	7	2	5	0	3	0	1	0	0	3	2	0	2	5	0	1	1	3	0	0	0	0	0	0	0	1	2
45874	3 Apr 26	08:46:00	1	0	34	0	Ct	0	0	0	0	0	0	0	0	2	5	0	1	0	1	0	4	0	0	0	1	3	0	1	2	3	0	0	0	0	0	0	0	3	1
45875	3 Apr 26	08:47:00	1	0	34	0	Ct	0	0	1	0	0	2	0	2	5	0	0	2	0	0	0	3	0	0	0	0	2	0	0	0	2	0	0	0	1	0	1	0	4	1
45876	3 Apr 26	08:48:00	1	0	34	0	Ct	0	0	2	0	0	0	0	2	2	0	0	1	0	2	2	2	2	0	0	0	1	0	0	2	2	3	1	0	1	2	2	0	0	1
45877	3 Apr 26	08:49:00	1	0	34	0	Ct	0	0	1	0	0	0	0	0	3	0	0	2	0	0	2	10	0	0	0	2	1	0	3	3	2	0	1	0	1	1	1	0	3	0
45878	3 Apr 26	08:50:00	1	0	34	0	Ct	0	0	1	0	0	0	0	4	3	0	0	1	0	0	1	4	0	0	0	1	2	0	1	1	2	2	1	0	1	0	1	0	0	1
45879	3 Apr 26	08:51:00	1	0	34	0	Ct	0	0	2	0	0	0	0	0	2	0	0	0	0	1	2	5	1	0	0	1	0	0	2	2	3	0	0	0	0	1	1	0	2	0
45880	3 Apr 26	08:52:00	1	0	34	0	Ct	0	0	2	0	3	0	0	0	3	0	0	1	0	3	3	0	0	0	0	1	0	0	3	1	5	2	0	0	0	3	0	0	0	1
45881	3 Apr 26	08:53:00	1	0	34	0	Ct	0	0	2	0	1	0	0	0	3	0	0	4	0	1	0	4	0	4	0	0	0	0	0	1	3	2	0	0	2	3	1	0	0	0
45882	3 Apr 26	08:54:00	1	0	34	0	Ct	0	0	2	0	0	2	0	3	1	0	0	5	0	2	5	3	2	0	0	2	0	0	0	1	3	1	0	0	0	0	0	0	0	0
45883	3 Apr 26	08:55:00	1	0	34	0	Ct	0	0	1	0	2	1	0	2	4	3	0	1	0	2	0	0	0	1	0	2	0	0	0	0	1	0	0	0	0	1	0	0	3	1
45884	3 Apr 26	08:56:00	1	0	34	0	Ct	0	0	3	0	0	1	0	0	3	1	0	0	0	2	0	2	4	2	0	1	0	0	0	1	1	0	0	0	2	1	2	0	2	2
45885	3 Apr 26	08:57:00	1	0	34	0	Ct	0	0	1	0	1	0	0	1	0	1	0	4	0	2	0	0	3	1	0	1	1	0	0	1	0	0	0	0	0	1	0	0	4	1
45886	3 Apr 26	08:58:00	1	0	34	0	Ct	0	0	4	0	0	0	0	0	0	6	0	1	0	2	0	1	1	1	0	1	0	0	1	0	4	0	0	0	0	2	0	0	0	2
45887	3 Apr 26	08:59:00	1	0	34	0	Ct	0	0	0	0	1	0	0	2	0	0	0	2	0	0	1	2	1	4	0	4	1	0	7	2	2	0	0	0	0	1	1	0	2	1
45888	3 Apr 26	09:00:00	1	0	34	0	Ct	0	0	2	0	0	0	0	2	1	1	0	0	0	0	0	2	0	2	0	1	3	0	7	0	1	0	0	0	2	0	0	0	4	1
45889	3 Apr 26	09:01:00	1	0	34	0	Ct	0	0	2	0	0	0	0	2	0	0	0	0	0	1	1	0	0	3	0	1	0	0	0	2	1	0	0	0	0	2	1	0	1	1
45890	3 Apr 26	09:02:00	1	0	34	0	Ct	0	0	1	0	0	0	0	2	0	0	0	0	0	0	4	0	1	1	0	0	0	0	1	1	1	0	0	0	0	0	2	0	1	3
45891	3 Apr 26	09:03:00	1	0	34	0	Ct	0	0	0	0	0	0	0	2	1	0	0	0	0	0	2	3	0	3	0	0	0	0	1	1	2	2	1	0	0	1	0	0	0	0
45892	3 Apr 26	09:04:00	1	0	34	0	Ct	0	0	2	0	0	0	0	0	2	0	0	1	0	0	2	0	1	0	0	0	9	0	1	1	3	2	2	0	0	0	0	0	1	0
45893	3 Apr 26	09:05:00	1	0	34	0	Ct	0	0	4	0	2	0	0	0	0	0	0	1	0	2	0	1	3	0	0	0	3	0	1	0	2	0	1	0	0	2	0	0	3	1
45894	3 Apr 26	09:06:00	1	0	34	0	Ct	0	0	2	0	1	0	0	0	5	0	0	1	0	0	4	0	1	0	0	2	2	0	0	0	2	0	1	0	0	1	0	0	1	1
45895	3 Apr 26	09:07:00	1	0	34	0	Ct	0	0	2	0	2	0	0	0	0	0	0	4	0	2	1	2	0	0	0	1	0	0	1	0	1	0	8	0	2	0	0	0	2	2
45896	3 Apr 26	09:08:00	1	0	34	0	Ct	0	0	1	0	0	0	0	0	0	0	0	3	0	0	0	0	5	0	0	0	2	0	1	2	3	1	0	0	0	0	0	0	0	1
45897	3 Apr 26	09:09:00	1	0	34	0	Ct	0	0	3	0	0	0	0	1	0	2	0	0	0	0	0	4	0	1	0	1	2	0	2	1	2	3	2	0	0	0	0	0	5	1
45898	3 Apr 26	09:10:00	1	0	34	0	Ct	0	0	1	0	0	0	0	1	0	2	0	0	0	0	3	1	1	3	0	1	1	0	0	1	2	0	0	0	0	0	2	0	1	1
45899	3 Apr 26	09:11:00	1	0	34	0	Ct	0	0	1	0	0	0	0	1	0	0	0	0	0	2	1	0	5	2	0	1	1	0	2	2	3	2	0	0	5	0	0	0	3	0
45900	3 Apr 26	09:12:00	1	0	34	0	Ct	0	0	2	0	0	0	0	1	1	7	0	0	0	1	0	0	4	1	0	1	3	0	0	1	4	2	1	0	2	0	0	0	0	0
45901	3 Apr 26	09:13:00	1	0	34	0	Ct	0	0	2	0	0	2	0	2	1	4	0	2	0	2	0	2	0	1	0	0	0	0	0	1	4	0	2	0	0	1	2	0	1	0
45902	3 Apr 26	09:14:00	1	0	34	0	Ct	0	0	2	0	0	0	0	2	2	0	0	0	0	1	3	0	0	0	0	1	2	0	0	1	2	0	2	0	0	1	1	0	1	0
45903	3 Apr 26	09:15:00	1	0	34	0	Ct	0	0	0	0	2	0	0	1	4	2	0	0	0	6	0	0	0	4	0	0	0	0	1	1	4	0	3	0	0	1	0	0	0	0
45904	3 Apr 26	09:16:00	1	0	34	0	Ct	0	0	2	0	1	0	0	0	6	14	0	0	0	2	0	1	0	0	0	1	0	0	1	0	1	1	0	0	0	5	1	0	1	3
45905	3 Apr 26	09:17:00	1	0	34	0	Ct	0	0	1	0	4	0	0	0	0	0	0	0	0	2	0	0	0	2	0	1	3	0	1	1	3	5	0	0	0	1	0	0	1	1
45906	3 Apr 26	09:18:00	1	0	34	0	Ct	0	0	1	0	0	2	0	0	2	3	0	0	0	1	1	0	0	3	0	1	0	0	2	1	2	0	0	0	0	1	2	0	2	5
45907	3 Apr 26	09:19:00	1	0	34	0	Ct	0	0	1	0	1	0	0	0	3	1	0	3	0	0	2	0	0	2	0	0	0	0	0	0	3	0	0	0	0	5	1	0	0	0
45908	3 Apr 26	09:20:00	1	0	34	0	Ct	0	0	0	0	8	0	0	0	1	0	0	2	0	2	0	4	0	0	0	0	0	0	2	1	1	0	0	0	0	1	1	0	0	0
45909	3 Apr 26	09:21:00	1	0	34	0	Ct	0	0	0	0	0	2	0	3	0	1	0	0	0	2	2	1	0	0	0	1	0	0	0	1	0	0	0	0	0	3	0	0	1	1
45910	3 Apr 26	09:22:00	1	0	34	0	Ct	0	0	0	0	0	0	0	2	5	0	0	1	0	2	0	0	0	0	0	1	0	0	3	1	1	0	0	0	0	3	1	0	0	2
45911	3 Apr 26	09:23:00	1	0	34	0	Ct	0	0	0	0	1	0	0	0	4	0	0	3	0	0	2	0	0	0	0	1	0	0	1	1	2	0	0	0	0	2	2	0	2	0
45912	3 Apr 26	09:24:00	1	0	34	0	Ct	0	0	0	0	1	0	0	2	0	0	0	0	0	1	0	0	0	1	0	4	3	0	2	1	3	0	0	0	0	1	1	0	0	0
45913	3 Apr 26	09:25:00	1	0	34	0	Ct	0	0	0	0	2	0	0	1	2	1	0	1	0	2	2	1	0	0	0	1	0	0	0	1	2	0	0	0	0	0	2	0	0	0
45914	3 Apr 26	09:26:00	1	0	34	0	Ct	0	0	0	0	0	0	0	1	4	2	0	2	0	2	0	0	0	3	0	2	1	0	0	2	1	0	0	0	0	0	1	0	2	2
45915	3 Apr 26	09:27:00	1	0	34	0	Ct	0	0	0	0	1	3	0	1	2	1	0	0	0	1	1	0	0	0	0	0	1	0	0	1	2	1	0	0	0	1	3	0	1	1
45916	3 Apr 26	09:28:00	1	0	34	0	Ct	0	0	0	0	2	0	0	2	0	0	0	0	0	0	3	2	0	2	0	3	3	0	1	4	2	2	0	0	0	2	4	0	1	0
45917	3 Apr 26	09:29:00	1	0	34	0	Ct	0	0	4	0	1	0	0	1	3	0	0	0	0	2	0	1	0	0	0	0	0	0	2	2	2	0	0	0	0	1	0	0	3	1
45918	3 Apr 26	09:30:00	1	0	34	0	Ct	0	0	1	0	2	0	0	1	0	0	0	0	0	0	3	1	0	0	0	2	0	0	0	5	2	1	1	0	0	1	0	0	3	1
