"id","region_id","experiment_id","start_datetime","stop_datetime","status","Sex","Genotype","Temperature","Treatment","Environment","Light","monitor","Batch","Sleep_Fraction_All","Sleep_Time_All","Sleep_Fraction_L","Sleep_Time_L","Sleep_Fraction_D","Sleep_Time_D","Day1_latency","Day1_first_bout_length","Day1_latency_to_longest_bout","Day1_Sleep_Fraction_All","Day1_Sleep_Time_All","Day1_Sleep_Fraction_L","Day1_Sleep_Time_L","Day1_Sleep_Fraction_D","Day1_Sleep_Time_D","Day2_latency","Day2_first_bout_length","Day2_latency_to_longest_bout","Day2_Sleep_Fraction_All","Day2_Sleep_Time_All","Day2_Sleep_Fraction_L","Day2_Sleep_Time_L","Day2_Sleep_Fraction_D","Day2_Sleep_Time_D","Day3_latency","Day3_first_bout_length","Day3_latency_to_longest_bout","Day3_Sleep_Fraction_All","Day3_Sleep_Time_All","Day3_Sleep_Fraction_L","Day3_Sleep_Time_L","Day3_Sleep_Fraction_D","Day3_Sleep_Time_D","Day4_latency","Day4_first_bout_length","Day4_latency_to_longest_bout","Day4_Sleep_Fraction_All","Day4_Sleep_Time_All","Day4_Sleep_Fraction_L","Day4_Sleep_Time_L","Day4_Sleep_Fraction_D","Day4_Sleep_Time_D","Day5_latency","Day5_first_bout_length","Day5_latency_to_longest_bout","Day5_Sleep_Fraction_All","Day5_Sleep_Time_All","Day5_Sleep_Fraction_L","Day5_Sleep_Time_L","Day5_Sleep_Fraction_D","Day5_Sleep_Time_D","Day6_latency","Day6_first_bout_length","Day6_latency_to_longest_bout","Day6_Sleep_Fraction_All","Day6_Sleep_Time_All","Day6_Sleep_Fraction_L","Day6_Sleep_Time_L","Day6_Sleep_Fraction_D","Day6_Sleep_Time_D","n_Bouts_L","mean_Bout_Length_L","n_Bouts_D","mean_Bout_Length_D"
"2026-03-28 09:00:00|Monitor31.txt|01",1,"2026-03-28 09:00:00|Monitor31.txt",2026-03-28T09:00:00Z,2026-04-03T09:30:00Z,"OK","M","CS","21.5C","Winter","NA","08:12","M31","Batch27_DGRP",0.449485013308645,647.258419164449,0.341200971884762,163.776466504686,0.503645833333333,483.5,4620,1200,41400,0.539208882720333,776.46079111728,0.467775467775468,224.532224532225,0.575,552,5100,480,73680,0.488549618320611,703.511450381679,0.463617463617464,222.536382536383,0.501041666666667,481,4500,600,39180,0.488549618320611,703.511450381679,0.334719334719335,160.665280665281,0.565625,543,4740,360,66960,0.386537126995142,556.613462873005,0.185031185031185,88.8149688149688,0.4875,468,5280,720,40800,0.40735600277585,586.592643997224,0.241164241164241,115.758835758836,0.490625,471,8880,300,40980,0.385149201943095,554.614850798057,0.351351351351351,168.648648648649,0.402083333333333,386,29.6666666666667,14.9438202247191,41.5,23.285140562249
"2026-03-28 09:00:00|Monitor31.txt|02",2,"2026-03-28 09:00:00|Monitor31.txt",2026-03-28T09:00:00Z,2026-04-03T09:30:00Z,"OK","M","CS","21.5C","Winter","NA","08:12","M31","Batch27_DGRP",0.489989584538827,705.58500173591,0.259979173897952,124.790003471017,0.605034722222222,580.833333333333,2760,360,49620,0.580846634281749,836.419153365718,0.521829521829522,250.47817047817,0.610416666666667,586,1680,420,37260,0.525329632199861,756.4746703678,0.205821205821206,98.7941787941788,0.685416666666667,658,7080,300,44820,0.502428868841083,723.497571131159,0.374220374220374,179.62577962578,0.566666666666667,544,3840,360,35880,0.450381679389313,648.549618320611,0.191268191268191,91.8087318087318,0.580208333333333,557,4380,300,37380,0.457321304649549,658.542678695351,0.14968814968815,71.8503118503119,0.611458333333333,587,1980,2280,45060,0.422623178348369,608.577376821652,0.116424116424116,55.8835758835759,0.576041666666667,553,20.8333333333333,21.848,48.6666666666667,19.6472602739726
"2026-03-28 09:00:00|Monitor31.txt|03",3,"2026-03-28 09:00:00|Monitor31.txt",2026-03-28T09:00:00Z,2026-04-03T09:30:00Z,"OK","M","CS","21.5C","Winter","NA","08:12","M31","Batch27_DGRP",0.413840990626085,595.931026501562,0.133981256508157,64.3110031239153,0.553819444444445,531.666666666667,0,1080,46500,0.395558639833449,569.604441360167,0.230769230769231,110.769230769231,0.478125,459,17700,360,75540,0.487161693268564,701.512838306732,0.166320166320166,79.8336798336798,0.647916666666667,622,480,1800,42540,0.425399028452464,612.574600971548,0.176715176715177,84.8232848232848,0.55,528,3240,960,49080,0.42470506592644,611.575294934074,0.172557172557173,82.8274428274428,0.551041666666667,529,16980,300,42960,0.361554476058293,520.638445523942,0.0228690228690229,10.977130977131,0.53125,510,9540,360,53640,0.387231089521166,557.612768910479,0.0332640332640333,15.966735966736,0.564583333333333,542,11.8333333333333,35.6619718309859,31.3333333333333,31.9840425531915
"2026-03-28 09:00:00|Monitor31.txt|04",4,"2026-03-28 09:00:00|Monitor31.txt",2026-03-28T09:00:00Z,2026-04-03T09:30:00Z,"OK","M","CS","21.5C","Winter","NA","08:12","M31","Batch27_DGRP",0.505959958338155,728.582340006944,0.225269003818119,108.129121832697,0.646354166666667,620.5,7620,360,73560,0.504510756419153,726.495489243581,0.118503118503119,56.8814968814969,0.697916666666667,670,10380,300,39960,0.589174184594032,848.410825815406,0.257796257796258,123.742203742204,0.755208333333333,725,8100,300,42000,0.437890353920888,630.562109646079,0.191268191268191,91.8087318087318,0.561458333333333,539,4620,420,38220,0.439278278972935,632.560721721027,0.145530145530146,69.8544698544699,0.586458333333333,563,4920,300,46980,0.489937543372658,705.510062456627,0.311850311850312,149.68814968815,0.579166666666667,556,5700,360,41160,0.573213046495489,825.426786953505,0.324324324324324,155.675675675676,0.697916666666667,670,15.8333333333333,26.9368421052632,23.1666666666667,42.9640287769784
"2026-03-28 09:00:00|Monitor31.txt|05",5,"2026-03-28 09:00:00|Monitor31.txt",2026-03-28T09:00:00Z,2026-04-03T09:30:00Z,"OK","M","CS","21.5C","Winter","NA","08:12","M31","Batch27_DGRP",0.481657215600046,693.586390464067,0.310308920513711,148.948281846581,0.567361111111111,544.666666666667,120,3300,56640,0.600277585010409,864.39972241499,0.46985446985447,225.530145530146,0.665625,639,1500,360,71820,0.555170020818876,799.444829979181,0.330561330561331,158.669438669439,0.667708333333333,641,9960,360,76980,0.395558639833449,569.604441360167,0.295218295218295,141.704781704782,0.445833333333333,428,10860,480,65760,0.403192227619709,580.59680777238,0.245322245322245,117.754677754678,0.482291666666667,463,1140,420,77940,0.389312977099237,560.610687022901,0.261954261954262,125.738045738046,0.453125,435,11580,1200,65880,0.545454545454545,785.454545454545,0.257796257796258,123.742203742204,0.689583333333333,662,27.3333333333333,14.0914634146341,50.1666666666667,20.5249169435216
"2026-03-28 09:00:00|Monitor31.txt|06",6,"2026-03-28 09:00:00|Monitor31.txt",2026-03-28T09:00:00Z,2026-04-03T09:30:00Z,"OK","M","CS","21.5C","Winter","NA","08:12","M31","Batch27_DGRP",0.531535701886356,765.411410716352,0.314127039222492,150.780978826796,0.640277777777778,614.666666666667,0,300,75300,0.675919500346981,973.324080499653,0.455301455301455,218.544698544699,0.786458333333333,755,1860,300,38040,0.648854961832061,934.351145038168,0.449064449064449,215.550935550936,0.748958333333333,719,540,300,67140,0.480222068008328,691.519777931992,0.30977130977131,148.690228690229,0.565625,543,0,300,41940,0.473282442748092,681.526717557252,0.24948024948025,119.75051975052,0.585416666666667,562,9600,360,43860,0.48646773074254,700.513532269257,0.214137214137214,102.785862785863,0.622916666666667,598,11820,360,62940,0.423317140874393,609.576682859126,0.205821205821206,98.7941787941788,0.532291666666667,511,25.1666666666667,16.5761589403974,36.1666666666667,27.7004608294931
"2026-03-28 09:00:00|Monitor31.txt|07",7,"2026-03-28 09:00:00|Monitor31.txt",2026-03-28T09:00:00Z,2026-04-03T09:30:00Z,"OK","M","CS","21.5C","Winter","NA","08:12","M31","Batch27_DGRP",0.490568221270686,706.418238629788,0.254425546685179,122.124262408886,0.608680555555556,584.333333333333,9960,480,72660,0.643303261623872,926.356696738376,0.41995841995842,201.580041580042,0.755208333333333,725,1740,360,37920,0.605829285218598,872.394170714781,0.382536382536383,183.617463617464,0.717708333333333,689,7260,300,48780,0.532269257460097,766.46773074254,0.193347193347193,92.8066528066528,0.702083333333333,674,17700,900,73620,0.403886190145732,581.596113809854,0.16008316008316,76.8399168399168,0.526041666666667,505,12480,300,56100,0.395558639833449,569.604441360167,0.168399168399168,80.8316008316008,0.509375,489,10680,300,58860,0.360860513532269,519.639139486468,0.1995841995842,95.8004158004158,0.441666666666667,424,18,20.4166666666667,33.8333333333333,30.9064039408867
"2026-03-28 09:00:00|Monitor31.txt|08",8,"2026-03-28 09:00:00|Monitor31.txt",2026-03-28T09:00:00Z,2026-04-03T09:30:00Z,"OK","M","CS","21.5C","Winter","NA","08:12","M31","Batch27_DGRP",0.48131003356093,693.08644832774,0.267615411315516,128.455397431447,0.588194444444445,564.666666666667,11160,300,66420,0.52116585704372,750.478834142956,0.340956340956341,163.659043659044,0.611458333333333,587,10620,300,58080,0.541290770298404,779.458709229702,0.187110187110187,89.8128898128898,0.71875,690,600,1680,76680,0.493407356002776,710.506592643997,0.357588357588358,171.642411642412,0.561458333333333,539,0,1020,78960,0.519083969465649,747.480916030534,0.299376299376299,143.700623700624,0.629166666666667,604,6660,360,46260,0.455933379597502,656.544066620403,0.226611226611227,108.773388773389,0.570833333333333,548,2220,1980,73560,0.356696738376128,513.643303261624,0.195426195426195,93.8045738045738,0.4375,420,19.6666666666667,23.3813559322034,44.6666666666667,21.455223880597
"2026-03-28 09:00:00|Monitor31.txt|09",9,"2026-03-28 09:00:00|Monitor31.txt",2026-03-28T09:00:00Z,2026-04-03T09:30:00Z,"OK","M","CS","21.5C","Winter","NA","08:12","M31","Batch27_DGRP",0.337576669366971,486.110403888439,0.250954529677195,120.458174245054,0.380902777777778,365.666666666667,4260,1380,72960,0.596113809854268,858.403886190146,0.594594594594595,285.405405405405,0.596875,573,8340,300,22440,0.344205412907703,495.655794587092,0.353430353430353,169.64656964657,0.339583333333333,326,11700,300,61680,0.330326162387231,475.669673837613,0.205821205821206,98.7941787941788,0.392708333333333,377,4260,300,52860,0.192227619708536,276.807772380291,0.145530145530146,69.8544698544699,0.215625,207,12000,300,74760,0.273421235253296,393.726578764747,0.079002079002079,37.9209979209979,0.370833333333333,356,14220,360,42840,0.287994448299792,414.7120055517,0.124740124740125,59.8752598752599,0.369791666666667,355,18.1666666666667,19.045871559633,38.8333333333333,27.8068669527897
"2026-03-28 09:00:00|Monitor31.txt|10",10,"2026-03-28 09:00:00|Monitor31.txt",2026-03-28T09:00:00Z,2026-04-03T09:30:00Z,"OK","M","CS","21.5C","Winter","NA","08:12","M31","Batch27_DGRP",0.501793773868765,722.583034371022,0.374869836862201,179.937521693856,0.565277777777778,542.666666666667,600,1440,40320,0.668285912560722,962.331714087439,0.738045738045738,354.261954261954,0.633333333333333,608,2460,840,37800,0.652324774462179,939.347675225538,0.505197505197505,242.494802494803,0.726041666666667,697,840,360,24720,0.526717557251908,758.473282442748,0.351351351351351,168.648648648649,0.614583333333333,590,2820,300,39420,0.460097154753643,662.539902845246,0.288981288981289,138.711018711019,0.545833333333333,524,5760,360,77520,0.39764052741152,572.602359472588,0.216216216216216,103.783783783784,0.488541666666667,469,5940,1020,73380,0.303955586398335,437.696044413602,0.145530145530146,69.8544698544699,0.383333333333333,368,18.6666666666667,24.4285714285714,36.1666666666667,26.6774193548387
"2026-03-28 09:00:00|Monitor31.txt|11",11,"2026-03-28 09:00:00|Monitor31.txt",2026-03-28T09:00:00Z,2026-04-03T09:30:00Z,"OK","M","CS","21.5C","Winter","NA","08:12","M31","Batch27_DGRP",0.588936465686842,848.068510589052,0.483859770912877,232.252690038181,0.641493055555556,615.833333333333,4860,420,81660,0.480916030534351,692.519083969466,0.305613305613306,146.694386694387,0.56875,546,3480,300,53040,0.712005551700208,1025.2879944483,0.725571725571726,348.274428274428,0.705208333333333,677,2100,300,54120,0.643997224149896,927.35600277585,0.61954261954262,297.380457380457,0.65625,630,2820,300,43620,0.522553782095767,752.477446217904,0.392931392931393,188.607068607069,0.5875,564,2400,420,42720,0.566273421235253,815.433726578765,0.424116424116424,203.575883575884,0.6375,612,3060,300,62400,0.607217210270645,874.392782789729,0.434511434511435,208.565488565489,0.69375,666,31,14.6935483870968,35,27.2952380952381
"2026-03-28 09:00:00|Monitor31.txt|12",12,"2026-03-28 09:00:00|Monitor31.txt",2026-03-28T09:00:00Z,2026-04-03T09:30:00Z,"OK","M","CS","21.5C","Winter","NA","08:12","M31","Batch27_DGRP",0.565212359680593,813.905797940053,0.473099618188129,227.087816730302,0.611284722222222,586.833333333333,0,1380,42180,0.547536433032616,788.452463566967,0.324324324324324,155.675675675676,0.659375,633,5160,360,51420,0.610687022900763,879.389312977099,0.453222453222453,217.546777546778,0.689583333333333,662,1800,900,72480,0.562803608605135,810.437196391395,0.563409563409563,270.43659043659,0.5625,540,120,2220,49920,0.507980569049271,731.492019430951,0.46985446985447,225.530145530146,0.527083333333333,506,540,300,41940,0.678001387925052,976.321998612075,0.623700623700624,299.376299376299,0.705208333333333,677,3000,480,70740,0.483691880638446,696.516308119362,0.403326403326403,193.596673596674,0.523958333333333,503,28.6666666666667,16.6162790697674,40.3333333333333,23.0743801652893
"2026-03-28 09:00:00|Monitor31.txt|13",13,"2026-03-28 09:00:00|Monitor31.txt",2026-03-28T09:00:00Z,2026-04-03T09:30:00Z,"OK","M","CS","21.5C","Winter","NA","08:12","M31","Batch27_DGRP",0.750839023261197,1081.20819349612,0.736549809094065,353.543908365151,0.757986111111111,727.666666666667,0,4200,73080,0.725190839694657,1044.27480916031,0.683991683991684,328.316008316008,0.745833333333333,716,1500,420,64320,0.739764052741152,1065.26023594726,0.708939708939709,340.29106029106,0.755208333333333,725,1920,300,79800,0.678695350451076,977.321304649549,0.702702702702703,337.297297297297,0.666666666666667,640,1440,480,53940,0.741845940319223,1068.25815405968,0.686070686070686,329.313929313929,0.769791666666667,739,5880,300,84360,0.790423317140875,1138.20957668286,0.806652806652807,387.193347193347,0.782291666666667,751,4680,300,71160,0.828591256072172,1193.17140874393,0.829521829521829,398.170478170478,0.828125,795,30.8333333333333,13.8702702702703,52.8333333333333,17.9526813880126
"2026-03-28 09:00:00|Monitor31.txt|14",14,"2026-03-28 09:00:00|Monitor31.txt",2026-03-28T09:00:00Z,2026-04-03T09:30:00Z,"OK","M","CS","21.5C","Winter","NA","08:12","M31","Batch27_DGRP",0.471126027080199,678.421478995487,0.220409580006942,105.796598403332,0.596527777777778,572.666666666667,3900,300,48240,0.522553782095767,752.477446217904,0.343035343035343,164.656964656965,0.6125,588,5580,300,36780,0.482303955586398,694.517696044414,0.305613305613306,146.694386694387,0.570833333333333,548,13320,420,37020,0.42470506592644,611.575294934074,0.222453222453222,106.777546777547,0.526041666666667,505,1800,360,68340,0.381679389312977,549.618320610687,0.0540540540540541,25.9459459459459,0.545833333333333,524,2340,1200,62100,0.482303955586398,694.517696044414,0.205821205821206,98.7941787941788,0.620833333333333,596,7200,360,73920,0.532269257460097,766.46773074254,0.191268191268191,91.8087318087318,0.703125,675,21.6666666666667,18.7923076923077,45.5,22.2380952380952
"2026-03-28 09:00:00|Monitor31.txt|15",15,"2026-03-28 09:00:00|Monitor31.txt",2026-03-28T09:00:00Z,2026-04-03T09:30:00Z,"OK","M","CS","21.5C","Winter","NA","08:12","M31","Batch27_DGRP",0.414188172665201,596.430968637889,0.340853870183964,163.609857688303,0.450868055555556,432.833333333333,0,1560,23520,0.4323386537127,622.567661346287,0.467775467775468,224.532224532225,0.414583333333333,398,2700,300,41340,0.548924358084664,790.451075641915,0.525987525987526,252.474012474012,0.560416666666667,538,7260,360,68340,0.429562803608605,618.570437196392,0.424116424116424,203.575883575884,0.432291666666667,415,2040,540,49440,0.326856349757113,470.673143650243,0.212058212058212,101.787941787942,0.384375,369,20280,600,39900,0.352532963219986,507.64746703678,0.135135135135135,64.8648648648649,0.461458333333333,443,9240,300,71400,0.393476752255378,566.606523247745,0.276507276507277,132.723492723493,0.452083333333333,434,19.5,19.2905982905983,40,26.1625
"2026-03-28 09:00:00|Monitor31.txt|16",16,"2026-03-28 09:00:00|Monitor31.txt",2026-03-28T09:00:00Z,2026-04-03T09:30:00Z,"OK","M","CS","21.5C","Winter","NA","08:12","M31","Batch27_DGRP",0.620877213285499,894.063187131119,0.410274210343631,196.931620964943,0.726215277777778,697.166666666667,0,600,74460,0.60999306037474,878.390006939625,0.521829521829522,250.47817047817,0.654166666666667,628,2040,2160,72240,0.74323386537127,1070.25676613463,0.650727650727651,312.349272349272,0.789583333333333,758,1080,720,71280,0.680083275503123,979.319916724497,0.509355509355509,244.490644490645,0.765625,735,2100,1080,66060,0.551700208188758,794.448299791811,0.216216216216216,103.783783783784,0.719791666666667,691,0,2100,66780,0.640527411519778,922.35947258848,0.334719334719335,160.665280665281,0.79375,762,1260,1980,71280,0.498265093684941,717.501734906315,0.226611226611227,108.773388773389,0.634375,609,18.5,25.2342342342342,32,29.7083333333333
"2026-03-28 09:00:00|Monitor31.txt|18",18,"2026-03-28 09:00:00|Monitor31.txt",2026-03-28T09:00:00Z,2026-04-03T09:30:00Z,"OK","M","CS","21.5C","Winter","NA","08:12","M31","Batch27_DGRP",0.511167688924893,736.081472051846,0.470322804581743,225.754946199236,0.531597222222222,510.333333333333,4200,300,69420,0.713393476752255,1027.28660652325,0.67983367983368,326.320166320166,0.730208333333333,701,4440,420,41580,0.668979875086745,963.331020124913,0.725571725571726,348.274428274428,0.640625,615,4860,420,41040,0.611380985426787,880.388619014573,0.544698544698545,261.455301455301,0.644791666666667,619,4740,720,42360,0.306731436502429,441.693268563498,0.347193347193347,166.652806652807,0.286458333333333,275,5220,420,44400,0.426786953504511,614.573213046495,0.174636174636175,83.8253638253639,0.553125,531,3480,600,74460,0.337959750173491,486.662040249827,0.345114345114345,165.654885654886,0.334375,321,29.5,13.9661016949153,32.6666666666667,30.5204081632653
"2026-03-28 09:00:00|Monitor31.txt|21",21,"2026-03-28 09:00:00|Monitor31.txt",2026-03-28T09:00:00Z,2026-04-03T09:30:00Z,"OK","M","CS","21.5C","Winter","NA","08:12","M31","Batch27_DGRP",0.8312695289897,1197.02812174517,0.774730996181881,371.870878167303,0.859548611111111,825.166666666667,0,3060,73140,0.767522553782096,1105.23247744622,0.750519750519751,360.24948024948,0.776041666666667,745,240,480,42660,0.768216516308119,1106.23178348369,0.667359667359667,320.33264033264,0.81875,786,1620,300,65220,0.761970853573907,1097.23802914643,0.654885654885655,314.345114345114,0.815625,783,1020,2400,48540,0.866065232477446,1247.13393476752,0.748440748440749,359.251559251559,0.925,888,660,1080,64980,0.943789035392089,1359.05621096461,0.912681912681913,438.087318087318,0.959375,921,180,1560,14460,0.879250520471895,1266.12074947953,0.912681912681913,438.087318087318,0.8625,828,21.8333333333333,22.3282442748092,24,38.4583333333333
"2026-03-28 09:00:00|Monitor31.txt|22",22,"2026-03-28 09:00:00|Monitor31.txt",2026-03-28T09:00:00Z,2026-04-03T09:30:00Z,"OK","M","CS","21.5C","Winter","NA","08:12","M31","Batch27_DGRP",0.412683717162366,594.264552713806,0.211384935786185,101.464769177369,0.513368055555556,492.833333333333,7380,360,68700,0.564191533657183,812.435808466343,0.471933471933472,226.528066528067,0.610416666666667,586,6960,540,39840,0.614156835530881,884.385843164469,0.37006237006237,177.629937629938,0.736458333333333,707,6420,360,42600,0.290770298403886,418.709229701596,0.143451143451143,68.8565488565489,0.364583333333333,350,480,540,48180,0.356002775850104,512.64399722415,0.106029106029106,50.8939708939709,0.48125,462,4500,300,69300,0.395558639833449,569.604441360167,0.0748440748440749,35.9251559251559,0.55625,534,4740,300,64320,0.253990284524636,365.746009715475,0.0997920997920998,47.9002079002079,0.33125,318,16.3333333333333,26.0510204081633,26,38.3782051282051
"2026-03-28 09:00:00|Monitor31.txt|23",23,"2026-03-28 09:00:00|Monitor31.txt",2026-03-28T09:00:00Z,2026-04-03T09:30:00Z,"OK","M","CS","21.5C","Winter","NA","08:12","M31","Batch27_DGRP",0.45156810554334,650.25807198241,0.257549461992364,123.623741756335,0.548611111111111,526.666666666667,0,840,60420,0.524635669673838,755.475364330326,0.507276507276507,243.492723492724,0.533333333333333,512,1320,360,62040,0.493407356002776,710.506592643997,0.328482328482329,157.671517671518,0.576041666666667,553,1440,660,57840,0.474670367800139,683.5253296322,0.272349272349272,130.727650727651,0.576041666666667,553,4320,300,42480,0.352532963219986,507.64746703678,0.14968814968815,71.8503118503119,0.454166666666667,436,4260,540,42480,0.440666204024983,634.559333795975,0.182952182952183,87.8170478170478,0.569791666666667,547,4500,300,46140,0.421929215822346,607.578070784178,0.101871101871102,48.8981288981289,0.582291666666667,559,22.1666666666667,23.3157894736842,28.8333333333333,31.393063583815
"2026-03-28 09:00:00|Monitor31.txt|24",24,"2026-03-28 09:00:00|Monitor31.txt",2026-03-28T09:00:00Z,2026-04-03T09:30:00Z,"OK","M","CS","21.5C","Winter","NA","08:12","M31","Batch27_DGRP",0.565096632334221,813.739150561278,0.352308226310309,169.107948628948,0.671527777777778,644.666666666667,5160,360,58800,0.628730048577377,905.371269951423,0.428274428274428,205.571725571726,0.729166666666667,700,5160,300,69660,0.637751561415684,918.362248438584,0.401247401247401,192.598752598753,0.75625,726,4380,540,65640,0.514226231783484,740.485773768217,0.347193347193347,166.652806652807,0.597916666666667,574,5580,300,72720,0.625954198473283,901.374045801527,0.343035343035343,164.656964656965,0.767708333333333,737,11640,360,59700,0.466342817487856,671.533657182512,0.280665280665281,134.719334719335,0.559375,537,0,480,17160,0.516308119361555,743.483691880639,0.311850311850312,149.68814968815,0.61875,594,16,26.1666666666667,30.5,32.7595628415301
"2026-03-28 09:00:00|Monitor31.txt|25",25,"2026-03-28 09:00:00|Monitor31.txt",2026-03-28T09:00:00Z,2026-04-03T09:30:00Z,"OK","M","CS","21.5C","Winter","NA","08:12","M31","Batch27_DGRP",0.539289434093276,776.576785094318,0.530024297119056,254.411662617147,0.543923611111111,522.166666666667,240,720,43620,0.723802914642609,1042.27619708536,0.746361746361746,358.253638253638,0.7125,684,4740,5520,69240,0.666897987508675,960.333102012491,0.783783783783784,376.216216216216,0.608333333333333,584,1500,420,67920,0.490631505898682,706.509368494101,0.486486486486487,233.513513513514,0.492708333333333,473,4560,540,46440,0.437196391394865,629.562803608605,0.353430353430353,169.64656964657,0.479166666666667,460,4560,1020,78240,0.43442054129077,625.565579458709,0.465696465696466,223.534303534304,0.41875,402,960,660,46920,0.480916030534351,692.519083969466,0.338877338877339,162.661122661123,0.552083333333333,530,30.5,14.5792349726776,37,25.8018018018018
"2026-03-28 09:00:00|Monitor31.txt|26",26,"2026-03-28 09:00:00|Monitor31.txt",2026-03-28T09:00:00Z,2026-04-03T09:30:00Z,"OK","M","CS","21.5C","Winter","NA","08:12","M31","Batch27_DGRP",0.526675153338734,758.412220807777,0.292953835473794,140.617841027421,0.643576388888889,617.833333333333,4860,480,67860,0.632893823733518,911.367106176267,0.484407484407485,232.515592515593,0.707291666666667,679,4440,360,73980,0.624566273421235,899.375433726579,0.467775467775468,224.532224532225,0.703125,675,5040,480,49320,0.492713393476752,709.507286606523,0.230769230769231,110.769230769231,0.623958333333333,599,60,300,70920,0.443442054129077,638.556557945871,0.257796257796258,123.742203742204,0.536458333333333,515,6420,480,47040,0.468424705065926,674.531575294934,0.189189189189189,90.8108108108108,0.608333333333333,584,10620,540,72180,0.49618320610687,714.503816793893,0.124740124740125,59.8752598752599,0.682291666666667,655,24.5,16.1428571428571,35,28.947619047619
"2026-03-28 09:00:00|Monitor31.txt|27",27,"2026-03-28 09:00:00|Monitor31.txt",2026-03-28T09:00:00Z,2026-04-03T09:30:00Z,"OK","M","CS","21.5C","Winter","NA","08:12","M31","Batch27_DGRP",0.613817845156811,883.897697025807,0.534536619229434,256.577577230128,0.653472222222222,627.333333333333,3420,2100,68580,0.77029840388619,1109.22970159611,0.796257796257796,382.203742203742,0.757291666666667,727,3840,420,71640,0.766134628730049,1103.23386537127,0.802494802494803,385.197505197505,0.747916666666667,718,660,540,75960,0.657876474670368,947.34212352533,0.51975051975052,249.48024948025,0.727083333333333,698,4080,360,62580,0.480222068008328,691.519777931992,0.291060291060291,139.70893970894,0.575,552,9060,420,43500,0.542678695350451,781.45732130465,0.284823284823285,136.715176715177,0.671875,645,3720,300,43080,0.463566967383761,667.536433032616,0.507276507276507,243.492723492724,0.441666666666667,424,22,19.6287878787879,31.8333333333333,30.6178010471204
"2026-03-28 09:00:00|Monitor31.txt|28",28,"2026-03-28 09:00:00|Monitor31.txt",2026-03-28T09:00:00Z,2026-04-03T09:30:00Z,"OK","M","CS","21.5C","Winter","NA","08:12","M31","Batch27_DGRP",0.408401805346603,588.098599699109,0.17702186740715,84.9704963554321,0.524131944444445,503.166666666667,3900,300,44820,0.480222068008328,691.519777931992,0.276507276507277,132.723492723493,0.582291666666667,559,1440,360,39240,0.537126995142262,773.462873004858,0.334719334719335,160.665280665281,0.638541666666667,613,360,600,45060,0.323386537126995,465.676613462873,0.0686070686070686,32.9313929313929,0.451041666666667,433,21060,300,61620,0.313671061762665,451.686328938237,0.106029106029106,50.8939708939709,0.417708333333333,401,240,1500,69240,0.421235253296322,606.578764746704,0.197505197505198,94.8024948024948,0.533333333333333,512,14940,300,65340,0.373351839000694,537.626648160999,0.0769230769230769,36.9230769230769,0.521875,501,18.1666666666667,21.6238532110092,50.5,20.3399339933994
"2026-03-28 09:00:00|Monitor31.txt|29",29,"2026-03-28 09:00:00|Monitor31.txt",2026-03-28T09:00:00Z,2026-04-03T09:30:00Z,"OK","M","CS","21.5C","Winter","NA","08:12","M31","Batch27_DGRP",0.282143270454808,406.286309454924,0.170426935091982,81.8049288441513,0.338020833333333,324.5,22380,360,73320,0.253296321998612,364.746703678001,0.0540540540540541,25.9459459459459,0.353125,339,13500,540,74760,0.444829979181124,640.555170020819,0.311850311850312,149.68814968815,0.511458333333333,491,13560,420,64860,0.377515614156836,543.622484385843,0.245322245322245,117.754677754678,0.44375,426,15120,480,75120,0.215822345593338,310.784177654407,0.139293139293139,66.8607068607069,0.254166666666667,244,1080,300,60900,0.208188757807078,299.791811242193,0.16008316008316,76.8399168399168,0.232291666666667,223,420,600,63660,0.192227619708536,276.807772380291,0.11018711018711,52.8898128898129,0.233333333333333,224,15.1666666666667,25.7472527472527,40.5,25.5308641975309
"2026-03-28 09:00:00|Monitor31.txt|30",30,"2026-03-28 09:00:00|Monitor31.txt",2026-03-28T09:00:00Z,2026-04-03T09:30:00Z,"OK","M","CS","21.5C","Winter","NA","08:12","M31","Batch27_DGRP",0.460247656521236,662.75662539058,0.188476223533495,90.4685872960778,0.596180555555556,572.333333333333,8700,300,62640,0.369188063844552,531.630811936155,0.14968814968815,71.8503118503119,0.479166666666667,460,120,900,43260,0.542678695350451,781.45732130465,0.201663201663202,96.7983367983368,0.713541666666667,685,12120,360,67140,0.453157529493407,652.546842470507,0.191268191268191,91.8087318087318,0.584375,561,14160,360,46800,0.34559333795975,497.65440666204,0.0935550935550936,44.9064449064449,0.471875,453,480,1260,42180,0.451075641915337,649.548924358085,0.130977130977131,62.8690228690229,0.611458333333333,587,1680,1680,61200,0.598889659958362,862.401110340042,0.363825363825364,174.636174636175,0.716666666666667,688,14.1666666666667,34.2941176470588,33.3333333333333,28.13
"2026-03-28 09:00:00|Monitor31.txt|31",31,"2026-03-28 09:00:00|Monitor31.txt",2026-03-28T09:00:00Z,2026-04-03T09:30:00Z,"OK","M","CS","21.5C","Winter","NA","08:12","M31","Batch27_DGRP",0.447633375766694,644.592061104039,0.147171121138494,70.6421381464769,0.597916666666667,574,0,1800,43320,0.528799444829979,761.47120055517,0.305613305613306,146.694386694387,0.640625,615,6180,300,54540,0.551006245662734,793.448993754337,0.216216216216216,103.783783783784,0.71875,690,8340,420,39540,0.467730742539903,673.53226925746,0.228690228690229,109.77130977131,0.5875,564,21240,300,58140,0.394170714781402,567.605829285219,0.0353430353430353,16.964656964657,0.573958333333333,551,3600,420,71880,0.374739764052741,539.625260235947,0.0623700623700624,29.9376299376299,0.53125,510,19680,360,63120,0.368494101318529,530.631505898681,0.0353430353430353,16.964656964657,0.535416666666667,514,15,28.6666666666667,29.6666666666667,33.7191011235955
"2026-03-28 09:00:00|Monitor31.txt|32",32,"2026-03-28 09:00:00|Monitor31.txt",2026-03-28T09:00:00Z,2026-04-03T09:30:00Z,"OK","M","CS","21.5C","Winter","NA","08:12","M31","Batch27_DGRP",0.486864946186784,701.085522508969,0.243318292259632,116.792780284623,0.608680555555556,584.333333333333,7140,480,71220,0.710617626648161,1023.28938237335,0.571725571725572,274.428274428274,0.780208333333333,749,540,2700,37020,0.732130464954892,1054.26786953505,0.563409563409563,270.43659043659,0.816666666666667,784,16440,1560,76140,0.411519777931992,592.588480222068,0.151767151767152,72.8482328482329,0.541666666666667,520,27540,360,70020,0.360860513532269,519.639139486468,0.0124740124740125,5.98752598752599,0.535416666666667,514,14580,360,74760,0.35322692574601,508.646773074254,0.0769230769230769,36.9230769230769,0.491666666666667,472,7320,360,69420,0.351145038167939,505.648854961832,0.0810810810810811,38.9189189189189,0.486458333333333,467,14,24.8571428571429,25.6666666666667,41.8441558441559
"2026-03-28 09:00:00|Monitor32.txt|01",1,"2026-03-28 09:00:00|Monitor32.txt",2026-03-28T09:00:00Z,2026-04-03T09:30:00Z,"OK","M","DGRP40","21.5C","Winter","NA","08:12","M32","Batch27_DGRP",0.558268718898276,803.906955213517,0.483165567511281,231.919472405415,0.595833333333333,572,0,3540,0,0.612074947952811,881.387925052047,0.442827442827443,212.557172557173,0.696875,669,720,420,53700,0.603747397640527,869.39625260236,0.498960498960499,239.50103950104,0.65625,630,600,300,19200,0.528799444829979,761.47120055517,0.411642411642412,197.588357588358,0.5875,564,180,420,22200,0.356002775850104,512.64399722415,0.365904365904366,175.634095634096,0.351041666666667,337,300,1680,21240,0.640527411519778,922.35947258848,0.642411642411642,308.357588357588,0.639583333333333,614,600,300,44040,0.607911172796669,875.392088827203,0.536382536382536,257.463617463618,0.64375,618,19.6666666666667,23.9661016949153,54.8333333333333,16.6899696048632
"2026-03-28 09:00:00|Monitor32.txt|02",2,"2026-03-28 09:00:00|Monitor32.txt",2026-03-28T09:00:00Z,2026-04-03T09:30:00Z,"OK","M","DGRP40","21.5C","Winter","NA","08:12","M32","Batch27_DGRP",0.630366855687999,907.728272190719,0.631030892051371,302.894828184658,0.630034722222222,604.833333333333,480,780,61980,0.78764746703678,1134.21235253296,0.715176715176715,343.284823284823,0.823958333333333,791,1560,1620,46920,0.59264399722415,853.407356002776,0.422037422037422,202.577962577963,0.678125,651,1080,840,45300,0.630811936155448,908.369188063845,0.638253638253638,306.361746361746,0.627083333333333,602,4560,420,50220,0.594725884802221,856.405274115198,0.648648648648649,311.351351351351,0.567708333333333,545,2880,2760,47340,0.584316446911867,841.415683553088,0.654885654885655,314.345114345114,0.548958333333333,527,60,300,17340,0.591256072172103,851.408743927828,0.704781704781705,338.295218295218,0.534375,513,15,32.3555555555556,34.6666666666667,26.5096153846154
"2026-03-28 09:00:00|Monitor32.txt|03",3,"2026-03-28 09:00:00|Monitor32.txt",2026-03-28T09:00:00Z,2026-04-03T09:30:00Z,"OK","M","DGRP40","21.5C","Winter","NA","08:12","M32","Batch27_DGRP",0.77537322069205,1116.53743779655,0.671294689343978,322.221450885109,0.827430555555556,794.333333333333,0,1380,45540,0.674531575294934,971.325468424705,0.511434511434512,245.488565488566,0.75625,726,7440,300,52020,0.605135322692575,871.394864677307,0.438669438669439,210.561330561331,0.688541666666667,661,60,720,73920,0.684941013185288,986.315058986815,0.478170478170478,229.52182952183,0.788541666666667,757,4440,600,46920,0.944482997918112,1360.05551700208,0.908523908523908,436.091476091476,0.9625,924,1860,1680,40080,0.899375433726579,1295.10062456627,0.864864864864865,415.135135135135,0.916666666666667,880,4080,480,66600,0.843858431644691,1215.15614156836,0.827442827442827,397.172557172557,0.852083333333333,818,20.3333333333333,22.7786885245902,33.1666666666667,28.2713567839196
"2026-03-28 09:00:00|Monitor32.txt|05",5,"2026-03-28 09:00:00|Monitor32.txt",2026-03-28T09:00:00Z,2026-04-03T09:30:00Z,"OK","M","DGRP40","21.5C","Winter","NA","08:12","M32","Batch27_DGRP",0.636731859738456,916.893878023377,0.552585907670948,265.241235682055,0.678819444444445,651.666666666667,0,1860,52380,0.757807078417765,1091.24219292158,0.598752598752599,287.401247401247,0.8375,804,4260,360,66780,0.730742539902845,1052.2692574601,0.536382536382536,257.463617463618,0.828125,795,60,2100,25500,0.658570437196391,948.341429562804,0.525987525987526,252.474012474012,0.725,696,60,540,84420,0.53088133240805,764.469118667592,0.474012474012474,227.525987525988,0.559375,537,4320,300,22380,0.562109646079112,809.437890353921,0.596673596673597,286.403326403326,0.544791666666667,523,1020,960,51300,0.580152671755725,835.419847328244,0.584199584199584,280.4158004158,0.578125,555,15.3333333333333,31.8478260869565,40.8333333333333,22.5591836734694
"2026-03-28 09:00:00|Monitor32.txt|06",6,"2026-03-28 09:00:00|Monitor32.txt",2026-03-28T09:00:00Z,2026-04-03T09:30:00Z,"OK","M","DGRP40","21.5C","Winter","NA","08:12","M32","Batch27_DGRP",0.427843999537091,616.095359333411,0.542867060048594,260.576188823325,0.3703125,355.5,0,4200,78480,0.547536433032616,788.452463566967,0.604989604989605,290.39501039501,0.51875,498,2940,300,79980,0.412907702984039,594.587092297016,0.536382536382536,257.463617463618,0.351041666666667,337,3060,300,79020,0.440666204024983,634.559333795975,0.584199584199584,280.4158004158,0.36875,354,10080,780,82920,0.376127689104788,541.623872310895,0.378378378378378,181.621621621622,0.375,360,8100,540,76680,0.417765440666204,601.582234559334,0.66943866943867,321.330561330561,0.291666666666667,280,5340,360,10320,0.37265787647467,536.627342123525,0.484407484407485,232.515592515593,0.316666666666667,304,15.1666666666667,27.6593406593407,43.1666666666667,23.1119691119691
"2026-03-28 09:00:00|Monitor32.txt|09",9,"2026-03-28 09:00:00|Monitor32.txt",2026-03-28T09:00:00Z,2026-04-03T09:30:00Z,"OK","M","DGRP40","21.5C","Winter","NA","08:12","M32","Batch27_DGRP",0.463488022219651,667.422751996297,0.397084345713294,190.600485942381,0.496701388888889,476.833333333333,0,720,15720,0.833448993754337,1200.16655100625,0.659043659043659,316.340956340956,0.920833333333333,884,1740,900,6060,0.600971547536433,865.399028452464,0.607068607068607,291.392931392931,0.597916666666667,574,960,420,76380,0.387231089521166,557.612768910479,0.239085239085239,114.760914760915,0.461458333333333,443,420,300,80520,0.303261623872311,436.696738376128,0.261954261954262,125.738045738046,0.323958333333333,311,14400,480,75300,0.299097848716169,430.700902151284,0.25987525987526,124.740124740125,0.31875,306,600,1320,78240,0.358084663428175,515.641915336572,0.35966735966736,172.640332640333,0.357291666666667,343,19.5,24.1709401709402,40.6666666666667,23.0737704918033
"2026-03-28 09:00:00|Monitor32.txt|14",14,"2026-03-28 09:00:00|Monitor32.txt",2026-03-28T09:00:00Z,2026-04-03T09:30:00Z,"OK","M","DGRP40","21.5C","Winter","NA","08:12","M32","Batch27_DGRP",0.652586506191413,939.724568915635,0.66886497743839,321.055189170427,0.644444444444445,618.666666666667,0,1800,14100,0.693268563497571,998.306731436502,0.719334719334719,345.280665280665,0.680208333333333,653,960,780,17040,0.625260235947259,900.374739764053,0.686070686070686,329.313929313929,0.594791666666667,571,840,300,12780,0.652324774462179,939.347675225538,0.673596673596674,323.326403326403,0.641666666666667,616,2940,1260,11760,0.566967383761277,816.433032616239,0.575883575883576,276.424116424116,0.5625,540,480,300,16020,0.682859125607217,983.317140874393,0.642411642411642,308.357588357588,0.703125,675,420,360,15420,0.693268563497571,998.306731436502,0.711018711018711,341.288981288981,0.684375,657,13.5,35.9506172839506,38.6666666666667,23.8577586206897
"2026-03-28 09:00:00|Monitor32.txt|16",16,"2026-03-28 09:00:00|Monitor32.txt",2026-03-28T09:00:00Z,2026-04-03T09:30:00Z,"OK","M","DGRP40","21.5C","Winter","NA","08:12","M32","Batch27_DGRP",0.649924777224858,935.891679203796,0.681707740367928,327.219715376605,0.634027777777778,608.666666666667,0,1440,67080,0.757807078417765,1091.24219292158,0.733887733887734,352.266112266112,0.769791666666667,739,4440,360,73800,0.750173490631506,1080.24982650937,0.794178794178794,381.205821205821,0.728125,699,3540,360,79140,0.617626648160999,889.382373351839,0.733887733887734,352.266112266112,0.559375,537,1020,300,70140,0.544760582928522,784.455239417071,0.380457380457381,182.619542619543,0.627083333333333,602,720,3480,78900,0.668285912560722,962.331714087439,0.723492723492724,347.276507276507,0.640625,615,2400,540,12300,0.562109646079112,809.437890353921,0.727650727650728,349.272349272349,0.479166666666667,460,17.6666666666667,25.4622641509434,33.1666666666667,28.5226130653267
"2026-03-28 09:00:00|Monitor32.txt|17",17,"2026-03-28 09:00:00|Monitor32.txt",2026-03-28T09:00:00Z,2026-04-03T09:30:00Z,"OK","M","DGRP40","21.5C","Winter","NA","08:12","M32","Batch27_DGRP",0.569031362110867,819.405161439648,0.449843804234641,215.925026032628,0.628645833333333,603.5,0,2760,56820,0.700902151283831,1009.29909784872,0.565488565488566,271.434511434512,0.76875,738,4260,360,80640,0.593337959750174,854.40666204025,0.496881496881497,238.503118503119,0.641666666666667,616,1740,480,77940,0.601665510062457,866.398334489938,0.465696465696466,223.534303534304,0.669791666666667,643,480,900,15480,0.465648854961832,670.534351145038,0.388773388773389,186.611226611227,0.504166666666667,484,1500,540,75240,0.521859819569743,751.47814018043,0.307692307692308,147.692307692308,0.629166666666667,604,600,780,79800,0.53088133240805,764.469118667592,0.476091476091476,228.523908523909,0.558333333333333,536,21.3333333333333,21.71875,56.3333333333333,16.4792899408284
"2026-03-28 09:00:00|Monitor32.txt|18",18,"2026-03-28 09:00:00|Monitor32.txt",2026-03-28T09:00:00Z,2026-04-03T09:30:00Z,"OK","M","DGRP40","21.5C","Winter","NA","08:12","M32","Batch27_DGRP",0.282606179840296,406.952898970027,0.357861853523082,171.77368969108,0.244965277777778,235.166666666667,0,840,13860,0.607217210270645,874.392782789729,0.69022869022869,331.309771309771,0.565625,543,420,2040,420,0.382373351839001,550.617626648161,0.432432432432432,207.567567567568,0.357291666666667,343,600,600,22320,0.215822345593338,310.784177654407,0.372141372141372,178.627858627859,0.1375,132,3060,300,24840,0.115197779319917,165.88480222068,0.141372141372141,67.8586278586279,0.102083333333333,98,1380,300,19860,0.209576682859126,301.790423317141,0.307692307692308,147.692307692308,0.160416666666667,154,2280,300,30600,0.165163081193616,237.834836918806,0.201663201663202,96.7983367983368,0.146875,141,20.5,22.5040650406504,41.6666666666667,22.832
"2026-03-28 09:00:00|Monitor32.txt|20",20,"2026-03-28 09:00:00|Monitor32.txt",2026-03-28T09:00:00Z,2026-04-03T09:30:00Z,"OK","M","DGRP40","21.5C","Winter","NA","08:12","M32","Batch27_DGRP",0.483971762527485,696.919338039579,0.462339465463381,221.922943422423,0.494791666666667,475,0,1740,66660,0.757113115891742,1090.24288688411,0.794178794178794,381.205821205821,0.738541666666667,709,5580,360,58920,0.742539902845246,1069.25746009715,0.723492723492724,347.276507276507,0.752083333333333,722,120,300,80580,0.395558639833449,569.604441360167,0.488565488565489,234.511434511435,0.348958333333333,335,13560,1080,78480,0.353920888272033,509.646079111728,0.27027027027027,129.72972972973,0.395833333333333,380,12240,300,78960,0.384455239417072,553.615544760583,0.338877338877339,162.661122661123,0.407291666666667,391,13560,420,79260,0.271339347675226,390.728660652325,0.162162162162162,77.8378378378378,0.326041666666667,313,15.1666666666667,29.6043956043956,38.8333333333333,24.8712446351932
"2026-03-28 09:00:00|Monitor32.txt|22",22,"2026-03-28 09:00:00|Monitor32.txt",2026-03-28T09:00:00Z,2026-04-03T09:30:00Z,"OK","M","DGRP40","21.5C","Winter","NA","08:12","M32","Batch27_DGRP",0.524013424372179,754.579331095938,0.566122874002083,271.738979521,0.502951388888889,482.833333333333,0,4260,82560,0.718251214434421,1034.28174878557,0.692307692307692,332.307692307692,0.73125,702,1620,480,74880,0.498959056210965,718.501040943789,0.567567567567568,272.432432432432,0.464583333333333,446,2700,300,7500,0.425399028452464,612.574600971548,0.561330561330561,269.43866943867,0.357291666666667,343,3240,300,15180,0.524635669673838,755.475364330326,0.476091476091476,228.523908523909,0.548958333333333,527,8040,960,76920,0.591950034698126,852.408049965302,0.546777546777547,262.453222453222,0.614583333333333,590,900,840,12240,0.385149201943095,554.614850798057,0.553014553014553,265.446985446986,0.301041666666667,289,16.8333333333333,27.5148514851485,56.5,16.4513274336283
"2026-03-28 09:00:00|Monitor32.txt|23",23,"2026-03-28 09:00:00|Monitor32.txt",2026-03-28T09:00:00Z,2026-04-03T09:30:00Z,"OK","M","DGRP40","21.5C","Winter","NA","08:12","M32","Batch27_DGRP",0.308413378081241,444.115264436986,0.341548073585561,163.943075321069,0.291840277777778,280.166666666667,1020,480,82500,0.532269257460097,766.46773074254,0.642411642411642,308.357588357588,0.477083333333333,458,3540,300,79320,0.307425399028452,442.692574600972,0.228690228690229,109.77130977131,0.346875,333,8400,360,79740,0.300485773768217,432.699514226232,0.272349272349272,130.727650727651,0.314583333333333,302,9300,300,81540,0.245662734212353,353.754337265788,0.311850311850312,149.68814968815,0.2125,204,180,1260,85860,0.208188757807078,299.791811242193,0.205821205821206,98.7941787941788,0.209375,201,9420,360,82320,0.258154059680777,371.741845940319,0.392931392931393,188.607068607069,0.190625,183,19,23.8070175438597,41,23.6869918699187
"2026-03-28 09:00:00|Monitor32.txt|24",24,"2026-03-28 09:00:00|Monitor32.txt",2026-03-28T09:00:00Z,2026-04-03T09:30:00Z,"OK","M","DGRP40","21.5C","Winter","NA","08:12","M32","Batch27_DGRP",0.370674690429349,533.771554218262,0.396043040610899,190.100659493232,0.357986111111111,343.666666666667,0,420,74640,0.662040249826509,953.337959750174,0.661122661122661,317.338877338877,0.6625,636,1380,1320,16740,0.496877168632894,715.503122831367,0.501039501039501,240.498960498961,0.494791666666667,475,3120,480,15420,0.354614850798057,510.645385149202,0.384615384615385,184.615384615385,0.339583333333333,326,1380,540,84660,0.229007633587786,329.770992366412,0.264033264033264,126.735966735967,0.211458333333333,203,7440,360,78600,0.263011797362942,378.736988202637,0.326403326403326,156.673596673597,0.23125,222,1260,2760,1260,0.21998612074948,316.780013879251,0.243243243243243,116.756756756757,0.208333333333333,200,18.5,25.3693693693694,40,23.6291666666667
"2026-03-28 09:00:00|Monitor32.txt|26",26,"2026-03-28 09:00:00|Monitor32.txt",2026-03-28T09:00:00Z,2026-04-03T09:30:00Z,"OK","M","DGRP40","21.5C","Winter","NA","08:12","M32","Batch27_DGRP",0.187362573776183,269.802106237704,0.200971884762235,96.466504685873,0.180555555555556,173.333333333333,300,2400,81180,0.612768910478834,882.387231089521,0.623700623700624,299.376299376299,0.607291666666667,583,2880,360,12240,0.110340041637752,158.889659958362,0.22037422037422,105.779625779626,0.0552083333333333,53,16200,420,84540,0.0777238029146426,111.922276197085,0.0395010395010395,18.960498960499,0.096875,93,12180,360,82920,0.104788341429563,150.89521165857,0.182952182952183,87.8170478170478,0.065625,63,600,300,76860,0.11380985426787,163.886190145732,0.0914760914760915,43.9085239085239,0.125,120,15960,600,77100,0.105482303955586,151.894517696044,0.0498960498960499,23.950103950104,0.133333333333333,128,12.8333333333333,30.5324675324675,22,47.2272727272727
"2026-03-28 09:00:00|Monitor32.txt|27",27,"2026-03-28 09:00:00|Monitor32.txt",2026-03-28T09:00:00Z,2026-04-03T09:30:00Z,"OK","M","DGRP40","21.5C","Winter","NA","08:12","M32","Batch27_DGRP",0.687188982756625,989.552135169541,0.74175633460604,356.043040610899,0.659895833333333,633.5,0,360,79440,0.768216516308119,1106.23178348369,0.792099792099792,380.2079002079,0.75625,726,4320,720,66960,0.827203331020125,1191.17279666898,0.987525987525988,474.012474012474,0.746875,717,1200,3060,68160,0.784177654406662,1129.21582234559,0.881496881496882,423.118503118503,0.735416666666667,706,1080,1560,76560,0.625954198473283,901.374045801527,0.677754677754678,325.322245322245,0.6,576,3000,660,62280,0.633587786259542,912.36641221374,0.577962577962578,277.422037422037,0.661458333333333,635,240,720,10200,0.484385843164469,697.515614156836,0.534303534303534,256.465696465697,0.459375,441,17.1666666666667,27.3980582524272,29,32.4252873563218
"2026-03-28 09:00:00|Monitor32.txt|28",28,"2026-03-28 09:00:00|Monitor32.txt",2026-03-28T09:00:00Z,2026-04-03T09:30:00Z,"OK","M","DGRP40","21.5C","Winter","NA","08:12","M32","Batch27_DGRP",0.500636500405046,720.916560583266,0.546338077056578,262.242276987157,0.477777777777778,458.666666666667,0,4200,75600,0.823039555863984,1185.17696044414,0.912681912681913,438.087318087318,0.778125,747,2100,1260,75660,0.751561415683553,1082.24843858432,0.823284823284823,395.176715176715,0.715625,687,1560,420,20400,0.467036780013879,672.532963219986,0.565488565488566,271.434511434512,0.417708333333333,401,10080,360,83040,0.314365024288688,452.685634975711,0.291060291060291,139.70893970894,0.326041666666667,313,8640,300,81240,0.341429562803609,491.658570437196,0.405405405405405,194.594594594595,0.309375,297,4260,420,47940,0.307425399028452,442.692574600972,0.282744282744283,135.717255717256,0.319791666666667,307,24,18.0208333333333,44.3333333333333,21.9285714285714
"2026-03-28 09:00:00|Monitor32.txt|29",29,"2026-03-28 09:00:00|Monitor32.txt",2026-03-28T09:00:00Z,2026-04-03T09:30:00Z,"OK","M","DGRP40","21.5C","Winter","NA","08:12","M32","Batch27_DGRP",0.297303552829534,428.117116074528,0.438736549809094,210.593543908365,0.2265625,217.5,0,3300,21120,0.369882026370576,532.63011797363,0.555093555093555,266.444906444906,0.277083333333333,266,600,420,23940,0.347675225537821,500.652324774462,0.41995841995842,201.580041580042,0.311458333333333,299,9540,540,25440,0.247744621790423,356.75225537821,0.282744282744283,135.717255717256,0.230208333333333,221,60,1500,30900,0.297709923664122,428.702290076336,0.392931392931393,188.607068607069,0.25,240,240,540,10680,0.309507286606523,445.690492713393,0.557172557172557,267.442827442828,0.185416666666667,178,1320,420,8340,0.211658570437196,304.788341429563,0.424116424116424,203.575883575884,0.105208333333333,101,22,21.4772727272727,44.5,21.2734082397004
"2026-03-28 09:00:00|Monitor32.txt|30",30,"2026-03-28 09:00:00|Monitor32.txt",2026-03-28T09:00:00Z,2026-04-03T09:30:00Z,"OK","M","DGRP40","21.5C","Winter","NA","08:12","M32","Batch27_DGRP",0.444624464761023,640.259229255873,0.340159666782367,163.276640055536,0.496875,477,0,360,77580,0.727272727272727,1047.27272727273,0.600831600831601,288.399168399168,0.790625,759,9600,300,76860,0.523941707147814,754.476058292852,0.330561330561331,158.669438669439,0.620833333333333,596,300,960,48420,0.478140180430257,688.52185981957,0.222453222453222,106.777546777547,0.60625,582,10920,300,79560,0.424011103400416,610.5759888966,0.405405405405405,194.594594594595,0.433333333333333,416,10680,300,82920,0.285218598195697,410.714781401804,0.212058212058212,101.787941787942,0.321875,309,2100,300,10740,0.231089521165857,332.768910478834,0.276507276507277,132.723492723493,0.208333333333333,200,23.6666666666667,19.0985915492958,45.8333333333333,20.8363636363636
"2026-03-28 09:00:00|Monitor32.txt|32",32,"2026-03-28 09:00:00|Monitor32.txt",2026-03-28T09:00:00Z,2026-04-03T09:30:00Z,"OK","M","DGRP40","21.5C","Winter","NA","08:12","M32","Batch27_DGRP",0.27450526559426,395.287582455734,0.324887191947241,155.945852134675,0.249305555555556,239.333333333333,0,600,15900,0.594031922276197,855.405968077724,0.711018711018711,341.288981288981,0.535416666666667,514,1200,300,11820,0.340735600277585,490.659264399723,0.476091476091476,228.523908523909,0.272916666666667,262,0,300,80520,0.193615544760583,278.806384455239,0.187110187110187,89.8128898128898,0.196875,189,4560,360,86280,0.15058986814712,216.849410131853,0.178794178794179,85.8212058212058,0.136458333333333,131,4860,300,80940,0.21235253296322,305.787647467037,0.232848232848233,111.767151767152,0.202083333333333,194,3720,480,79020,0.156141568355309,224.843858431645,0.164241164241164,78.8357588357588,0.152083333333333,146,20.6666666666667,21.6048387096774,37.5,26.0622222222222
"2026-03-28 09:00:00|Monitor33.txt|01",1,"2026-03-28 09:00:00|Monitor33.txt",2026-03-28T09:00:00Z,2026-04-03T09:30:00Z,"OK","M","DGRP336","21.5C","Winter","NA","08:12","M33","Batch27_DGRP",0.558731628283764,804.573544728619,0.469628601180146,225.42172856647,0.603298611111111,579.166666666667,360,540,12300,0.507286606523248,730.492713393477,0.482328482328482,231.517671517672,0.519791666666667,499,120,360,69900,0.599583622484386,863.400416377516,0.548856548856549,263.451143451143,0.625,600,2880,300,36420,0.578070784177655,832.421929215822,0.523908523908524,251.476091476092,0.605208333333333,581,300,660,4920,0.652324774462179,939.347675225538,0.671517671517672,322.328482328482,0.642708333333333,617,360,780,43920,0.587092297015961,845.412907702984,0.424116424116424,203.575883575884,0.66875,642,180,840,66600,0.426092990978487,613.573907009022,0.162162162162162,77.8378378378378,0.558333333333333,536,27.5,20.0909090909091,59.5,14.1708683473389
"2026-03-28 09:00:00|Monitor33.txt|02",2,"2026-03-28 09:00:00|Monitor33.txt",2026-03-28T09:00:00Z,2026-04-03T09:30:00Z,"OK","M","DGRP336","21.5C","Winter","NA","08:12","M33","Batch27_DGRP",0.687536164795741,990.052077305867,0.523776466504686,251.412703922249,0.769444444444445,738.666666666667,3780,420,37260,0.779319916724497,1122.22068008328,0.565488565488566,271.434511434512,0.886458333333333,851,420,1380,59400,0.603747397640527,869.39625260236,0.465696465696466,223.534303534304,0.672916666666667,646,960,900,36780,0.722414989590562,1040.27758501041,0.471933471933472,226.528066528067,0.847916666666667,814,120,1320,40260,0.677307425399028,975.322692574601,0.540540540540541,259.459459459459,0.745833333333333,716,720,900,68400,0.660652324774462,951.339347675226,0.525987525987526,252.474012474012,0.728125,699,780,360,41580,0.68147120055517,981.318528799445,0.573804573804574,275.426195426195,0.735416666666667,706,28,17.2261904761905,31.8333333333333,29.3455497382199
"2026-03-28 09:00:00|Monitor33.txt|03",3,"2026-03-28 09:00:00|Monitor33.txt",2026-03-28T09:00:00Z,2026-04-03T09:30:00Z,"OK","M","DGRP336","21.5C","Winter","NA","08:12","M33","Batch27_DGRP",0.722022914014582,1039.712996181,0.637278722665741,305.893786879556,0.764409722222222,733.833333333333,1740,360,46260,0.745315752949341,1073.25468424705,0.681912681912682,327.318087318087,0.777083333333333,746,1380,840,60960,0.759888965995836,1094.240111034,0.656964656964657,315.343035343035,0.811458333333333,779,180,480,36540,0.845246356696739,1217.1547536433,0.717255717255717,344.282744282744,0.909375,873,1020,1080,47880,0.789035392088827,1136.21096460791,0.72972972972973,350.27027027027,0.81875,786,1560,780,57600,0.659264399722415,949.340735600278,0.713097713097713,342.286902286902,0.632291666666667,607,1320,960,55200,0.53088133240805,764.469118667592,0.318087318087318,152.681912681913,0.6375,612,30.8333333333333,15.0162162162162,32.3333333333333,29.1185567010309
"2026-03-28 09:00:00|Monitor33.txt|05",5,"2026-03-28 09:00:00|Monitor33.txt",2026-03-28T09:00:00Z,2026-04-03T09:30:00Z,"OK","M","DGRP336","21.5C","Winter","NA","08:12","M33","Batch27_DGRP",0.612544844346719,882.064575859276,0.512669212079139,246.081221797987,0.6625,636,0,660,54240,0.652324774462179,939.347675225538,0.451143451143451,216.548856548857,0.753125,723,660,600,37080,0.734212352532963,1057.26578764747,0.590436590436591,283.409563409563,0.80625,774,2820,1380,53820,0.700208188757807,1008.29979181124,0.617463617463617,296.382536382536,0.741666666666667,712,240,420,69420,0.643303261623872,926.356696738376,0.584199584199584,280.4158004158,0.672916666666667,646,2460,360,69660,0.448299791811242,645.551700208189,0.432432432432432,207.567567567568,0.45625,438,2940,840,47460,0.49618320610687,714.503816793893,0.399168399168399,191.600831600832,0.544791666666667,523,29.5,15.7118644067797,50.3333333333333,18.6688741721854
"2026-03-28 09:00:00|Monitor33.txt|06",6,"2026-03-28 09:00:00|Monitor33.txt",2026-03-28T09:00:00Z,2026-04-03T09:30:00Z,"OK","M","DGRP336","21.5C","Winter","NA","08:12","M33","Batch27_DGRP",0.573313273926629,825.571114454346,0.307879208608122,147.782020131899,0.706076388888889,677.833333333333,900,420,59880,0.683553088133241,984.316446911867,0.498960498960499,239.50103950104,0.776041666666667,745,420,300,60300,0.551700208188758,794.448299791811,0.299376299376299,143.700623700624,0.678125,651,960,540,59400,0.584316446911867,841.415683553088,0.392931392931393,188.607068607069,0.680208333333333,653,240,300,49560,0.568355308813324,818.431644691187,0.291060291060291,139.70893970894,0.707291666666667,679,900,360,42120,0.507980569049271,731.492019430951,0.145530145530146,69.8544698544699,0.689583333333333,662,600,300,52080,0.542678695350451,781.45732130465,0.218295218295218,104.781704781705,0.705208333333333,677,23,22.3478260869565,33.3333333333333,26.775
"2026-03-28 09:00:00|Monitor33.txt|09",9,"2026-03-28 09:00:00|Monitor33.txt",2026-03-28T09:00:00Z,2026-04-03T09:30:00Z,"OK","M","DGRP336","21.5C","Winter","NA","08:12","M33","Batch27_DGRP",0.624696215715774,899.562550630714,0.540437348143006,259.409927108643,0.666840277777778,640.166666666667,8100,300,42960,0.616238723108952,887.383761276891,0.384615384615385,184.615384615385,0.732291666666667,703,780,780,66240,0.691880638445524,996.308119361555,0.584199584199584,280.4158004158,0.745833333333333,716,420,300,7800,0.634281748785566,913.365718251214,0.738045738045738,354.261954261954,0.582291666666667,559,120,1140,44460,0.525329632199861,756.4746703678,0.324324324324324,155.675675675676,0.626041666666667,601,180,900,48000,0.650936849410132,937.34906315059,0.625779625779626,300.37422037422,0.663541666666667,637,360,720,43140,0.62734212352533,903.372657876475,0.58004158004158,278.419958419958,0.651041666666667,625,32.6666666666667,14.6632653061225,31.8333333333333,29.4083769633508
"2026-03-28 09:00:00|Monitor33.txt|10",10,"2026-03-28 09:00:00|Monitor33.txt",2026-03-28T09:00:00Z,2026-04-03T09:30:00Z,"OK","M","DGRP336","21.5C","Winter","NA","08:12","M33","Batch27_DGRP",0.874435829186437,1259.18759402847,0.858729607775078,412.190211732038,0.882291666666667,847,1320,300,37680,0.85912560721721,1237.14087439278,0.771309771309771,370.22869022869,0.903125,867,240,360,52380,0.869535045107564,1252.13046495489,0.856548856548857,411.143451143451,0.876041666666667,841,480,480,37800,0.90353920888272,1301.09646079112,0.869022869022869,417.130977130977,0.920833333333333,884,2880,300,62460,0.868147120055517,1250.13185287994,0.848232848232848,407.151767151767,0.878125,843,120,540,67440,0.882026370575989,1270.11797362942,0.904365904365904,434.095634095634,0.870833333333333,836,900,300,6420,0.863983344899376,1244.1360166551,0.902286902286902,433.097713097713,0.844791666666667,811,13.5,37.6913580246914,18.5,48.954954954955
"2026-03-28 09:00:00|Monitor33.txt|11",11,"2026-03-28 09:00:00|Monitor33.txt",2026-03-28T09:00:00Z,2026-04-03T09:30:00Z,"OK","M","DGRP336","21.5C","Winter","NA","08:12","M33","Batch27_DGRP",0.685568799907418,987.219071866682,0.564040263797293,270.7393266227,0.746354166666667,716.5,2160,300,59760,0.689798750867453,993.310201249133,0.561330561330561,269.43866943867,0.754166666666667,724,720,720,42600,0.674531575294934,971.325468424705,0.505197505197505,242.494802494803,0.759375,729,60,900,62040,0.674531575294934,971.325468424705,0.553014553014553,265.446985446986,0.735416666666667,706,3300,960,17040,0.759195003469813,1093.24080499653,0.773388773388773,371.226611226611,0.752083333333333,722,2220,480,39960,0.675225537820958,972.324774462179,0.542619542619543,260.45738045738,0.741666666666667,712,1380,360,37800,0.640527411519778,922.35947258848,0.451143451143451,216.548856548857,0.735416666666667,706,27.3333333333333,17.2987804878049,40.1666666666667,23.1576763485477
"2026-03-28 09:00:00|Monitor33.txt|13",13,"2026-03-28 09:00:00|Monitor33.txt",2026-03-28T09:00:00Z,2026-04-03T09:30:00Z,"OK","M","DGRP336","21.5C","Winter","NA","08:12","M33","Batch27_DGRP",0.768198125216989,1106.20530031246,0.668170774036793,320.721971537661,0.818229166666667,785.5,0,300,52080,0.811242192921582,1168.18875780708,0.750519750519751,360.24948024948,0.841666666666667,808,180,1260,50760,0.843164469118668,1214.15683553088,0.719334719334719,345.280665280665,0.905208333333333,869,1740,480,43860,0.75086745315753,1081.24913254684,0.677754677754678,325.322245322245,0.7875,756,480,720,62880,0.737682165163081,1062.26231783484,0.598752598752599,287.401247401247,0.807291666666667,775,60,360,54480,0.759195003469813,1093.24080499653,0.627858627858628,301.372141372141,0.825,792,780,1080,39480,0.704371963913949,1014.29562803609,0.627858627858628,301.372141372141,0.742708333333333,713,25.3333333333333,18.3223684210526,36.1666666666667,25.7327188940092
"2026-03-28 09:00:00|Monitor33.txt|14",14,"2026-03-28 09:00:00|Monitor33.txt",2026-03-28T09:00:00Z,2026-04-03T09:30:00Z,"OK","M","DGRP336","21.5C","Winter","NA","08:12","M33","Batch27_DGRP",0.629903946302511,907.061682675616,0.508156889968761,243.915307185005,0.690798611111111,663.166666666667,900,300,58800,0.675225537820958,972.324774462179,0.417879417879418,200.582120582121,0.804166666666667,772,840,600,43980,0.650242886884108,936.349757113116,0.45945945945946,220.540540540541,0.745833333333333,716,1740,300,70080,0.489243580846634,704.510756419153,0.347193347193347,166.652806652807,0.560416666666667,538,2760,660,66300,0.604441360166551,870.395558639834,0.515592515592516,247.484407484408,0.648958333333333,623,780,660,37620,0.713393476752255,1027.28660652325,0.67983367983368,326.320166320166,0.730208333333333,701,600,720,11820,0.646079111727967,930.353920888272,0.627858627858628,301.372141372141,0.655208333333333,629,32.6666666666667,14.1224489795918,50.6666666666667,18.4309210526316
"2026-03-28 09:00:00|Monitor34.txt|01",1,"2026-03-28 09:00:00|Monitor34.txt",2026-03-28T09:00:00Z,2026-04-03T09:30:00Z,"OK","M","DGRP513","21.5C","Winter","NA","08:12","M34","Batch27_DGRP",0.265941441962736,382.95567642634,0.541825754946199,260.076362374176,0.127951388888889,122.833333333333,6780,360,27600,0.0451075641915337,64.9548924358085,0.0977130977130977,46.9022869022869,0.01875,18,13320,780,21420,0.201943095072866,290.798056904927,0.417879417879418,200.582120582121,0.09375,90,4860,480,26760,0.311589174184594,448.688410825815,0.738045738045738,354.261954261954,0.0979166666666667,94,4380,300,5580,0.371269951422623,534.628730048577,0.69022869022869,331.309771309771,0.211458333333333,203,240,420,7560,0.405968077723803,584.594031922276,0.67983367983368,326.320166320166,0.26875,258,3480,300,17940,0.258848022206801,372.741151977793,0.621621621621622,298.378378378378,0.0770833333333333,74,20.6666666666667,19.6048387096774,22,45.5984848484849
"2026-03-28 09:00:00|Monitor34.txt|03",3,"2026-03-28 09:00:00|Monitor34.txt",2026-03-28T09:00:00Z,2026-04-03T09:30:00Z,"OK","M","DGRP513","21.5C","Winter","NA","08:12","M34","Batch27_DGRP",0.406665895151024,585.598889017475,0.391877820201319,188.101353696633,0.4140625,397.5,600,300,22680,0.305343511450382,439.69465648855,0.299376299376299,143.700623700624,0.308333333333333,296,13920,540,60960,0.482997918112422,695.517002081888,0.234927234927235,112.765072765073,0.607291666666667,583,16200,17820,51900,0.539902845246357,777.460097154754,0.436590436590437,209.56340956341,0.591666666666667,568,12540,21060,12540,0.529493407356003,762.470506592644,0.563409563409563,270.43659043659,0.5125,492,7440,300,17400,0.362248438584316,521.637751561416,0.384615384615385,184.615384615385,0.351041666666667,337,420,540,14340,0.219292158223456,315.780707841777,0.43035343035343,206.569646569647,0.113541666666667,109,10.8333333333333,35.5230769230769,27.1666666666667,38.079754601227
"2026-03-28 09:00:00|Monitor34.txt|04",4,"2026-03-28 09:00:00|Monitor34.txt",2026-03-28T09:00:00Z,2026-04-03T09:30:00Z,"OK","M","DGRP513","21.5C","Winter","NA","08:12","M34","Batch27_DGRP",0.315125564170814,453.780812405972,0.198195071155849,95.1336341548074,0.373611111111111,358.666666666667,2880,300,50400,0.269951422623178,388.730048577377,0.143451143451143,68.8565488565489,0.333333333333333,320,23700,420,37140,0.243580846634282,350.756419153366,0.106029106029106,50.8939708939709,0.3125,300,12180,660,52980,0.265787647467037,382.734212352533,0.143451143451143,68.8565488565489,0.327083333333333,314,4260,360,52620,0.260235947258848,374.739764052741,0.116424116424116,55.8835758835759,0.332291666666667,319,1680,300,55380,0.389312977099237,560.610687022901,0.382536382536383,183.617463617464,0.392708333333333,377,2400,480,63840,0.461485079805691,664.538514920194,0.297297297297297,142.702702702703,0.54375,522,19.8333333333333,18.6302521008404,51.5,20.1650485436893
"2026-03-28 09:00:00|Monitor34.txt|06",6,"2026-03-28 09:00:00|Monitor34.txt",2026-03-28T09:00:00Z,2026-04-03T09:30:00Z,"OK","M","DGRP513","21.5C","Winter","NA","08:12","M34","Batch27_DGRP",0.310380742969564,446.948269876172,0.364109684137452,174.772648385977,0.283506944444444,272.166666666667,9360,300,23700,0.119361554476058,171.880638445524,0.214137214137214,102.785862785863,0.071875,69,4200,360,17580,0.233171408743928,335.766828591256,0.203742203742204,97.7962577962578,0.247916666666667,238,420,540,13200,0.233865371269951,336.76613462873,0.191268191268191,91.8087318087318,0.255208333333333,245,2280,720,13500,0.333795975017349,480.666204024983,0.451143451143451,216.548856548857,0.275,264,3180,720,14340,0.473282442748092,681.526717557252,0.476091476091476,228.523908523909,0.471875,453,720,360,15600,0.468424705065926,674.531575294934,0.646569646569647,310.35343035343,0.379166666666667,364,21,21.7301587301587,41.1666666666667,23.2995951417004
"2026-03-28 09:00:00|Monitor34.txt|07",7,"2026-03-28 09:00:00|Monitor34.txt",2026-03-28T09:00:00Z,2026-04-03T09:30:00Z,"OK","M","DGRP513","21.5C","Winter","NA","08:12","M34","Batch27_DGRP",0.194653396597616,280.300891100567,0.405761888233252,194.765706351961,0.0890625,85.5,8460,420,10680,0.0617626648160999,88.9382373351839,0.0873180873180873,41.9126819126819,0.0489583333333333,47,1680,360,25020,0.215822345593338,310.784177654407,0.474012474012474,227.525987525988,0.0864583333333333,83,240,420,29400,0.146426092990978,210.853573907009,0.268191268191268,128.731808731809,0.0854166666666667,82,11160,600,22560,0.217904233171409,313.782095766829,0.46985446985447,225.530145530146,0.0916666666666667,88,4020,360,13860,0.180430256766135,259.819569743234,0.291060291060291,139.70893970894,0.125,120,3780,420,19920,0.344899375433727,496.655100624566,0.83991683991684,403.160083160083,0.096875,93,13,34.2307692307692,14,70.5238095238095
"2026-03-28 09:00:00|Monitor34.txt|08",8,"2026-03-28 09:00:00|Monitor34.txt",2026-03-28T09:00:00Z,2026-04-03T09:30:00Z,"OK","M","DGRP513","21.5C","Winter","NA","08:12","M34","Batch27_DGRP",0.32380511514871,466.279365814142,0.538354737938216,258.410274210344,0.216493055555556,207.833333333333,0,1740,25320,0.319222761970854,459.680777238029,0.540540540540541,259.459459459459,0.208333333333333,200,1740,300,22020,0.236641221374046,340.763358778626,0.442827442827443,212.557172557173,0.133333333333333,128,1020,300,25860,0.185981956974323,267.814018043026,0.353430353430353,169.64656964657,0.102083333333333,98,540,420,11760,0.320610687022901,461.679389312977,0.683991683991684,328.316008316008,0.138541666666667,133,4260,960,24480,0.354614850798057,510.645385149202,0.582120582120582,279.417879417879,0.240625,231,1440,600,44220,0.524635669673838,755.475364330326,0.621621621621622,298.378378378378,0.476041666666667,457,32.5,13.5179487179487,35,27.6095238095238
"2026-03-28 09:00:00|Monitor34.txt|10",10,"2026-03-28 09:00:00|Monitor34.txt",2026-03-28T09:00:00Z,2026-04-03T09:30:00Z,"OK","M","DGRP513","21.5C","Winter","NA","08:12","M34","Batch27_DGRP",0.364656868418007,525.10589052193,0.466851787573759,224.088858035404,0.313541666666667,301,10080,480,26280,0.210270645385149,302.789729354615,0.237006237006237,113.762993762994,0.196875,189,4440,300,50160,0.369188063844552,531.630811936155,0.490644490644491,235.509355509356,0.308333333333333,296,4440,1860,49800,0.399028452463567,574.600971547536,0.424116424116424,203.575883575884,0.386458333333333,371,4200,11280,4200,0.537820957668286,774.462179042332,0.831600831600832,399.168399168399,0.390625,375,4380,300,22500,0.341429562803609,491.658570437196,0.41995841995842,201.580041580042,0.302083333333333,290,180,300,60840,0.328938237335184,473.671061762665,0.392931392931393,188.607068607069,0.296875,285,16.6666666666667,26.69,37.6666666666667,25.712389380531
"2026-03-28 09:00:00|Monitor34.txt|12",12,"2026-03-28 09:00:00|Monitor34.txt",2026-03-28T09:00:00Z,2026-04-03T09:30:00Z,"OK","M","DGRP513","21.5C","Winter","NA","08:12","M34","Batch27_DGRP",0.193496123133897,278.634417312811,0.253731343283582,121.791044776119,0.163368055555556,156.833333333333,0,300,15060,0.199861207494795,287.800138792505,0.27027027027027,129.72972972973,0.164583333333333,158,5400,480,17220,0.145038167938931,208.854961832061,0.22037422037422,105.779625779626,0.107291666666667,103,5580,300,10140,0.162387231089521,233.837612768911,0.311850311850312,149.68814968815,0.0875,84,4380,360,13500,0.262317834836919,377.737682165163,0.345114345114345,165.654885654886,0.220833333333333,212,4200,420,22260,0.208882720333102,300.791117279667,0.24948024948025,119.75051975052,0.188541666666667,181,2280,300,58800,0.181818181818182,261.818181818182,0.122661122661123,58.8773388773389,0.211458333333333,203,25,16.9466666666667,37.1666666666667,26.7713004484305
"2026-03-28 09:00:00|Monitor34.txt|13",13,"2026-03-28 09:00:00|Monitor34.txt",2026-03-28T09:00:00Z,2026-04-03T09:30:00Z,"OK","M","DGRP513","21.5C","Winter","NA","08:12","M34","Batch27_DGRP",0.343710218724685,494.942714963546,0.403679278028462,193.766053453662,0.313715277777778,301.166666666667,1920,360,64080,0.312977099236641,450.687022900763,0.216216216216216,103.783783783784,0.361458333333333,347,960,540,57360,0.358778625954198,516.641221374046,0.467775467775468,224.532224532225,0.304166666666667,292,420,420,12180,0.442748091603053,637.557251908397,0.677754677754678,325.322245322245,0.325,312,14400,480,20940,0.317834836918806,457.682165163081,0.395010395010395,189.60498960499,0.279166666666667,268,11700,960,49080,0.401110340041638,577.598889659958,0.449064449064449,215.550935550936,0.377083333333333,362,600,420,13560,0.228313671061763,328.771686328938,0.214137214137214,102.785862785863,0.235416666666667,226,17.1666666666667,23.5631067961165,34.1666666666667,29.4292682926829
"2026-03-28 09:00:00|Monitor34.txt|14",14,"2026-03-28 09:00:00|Monitor34.txt",2026-03-28T09:00:00Z,2026-04-03T09:30:00Z,"OK","M","DGRP513","21.5C","Winter","NA","08:12","M34","Batch27_DGRP",0.346834857076727,499.442194190487,0.423464074973967,203.262755987504,0.308506944444444,296.166666666667,4140,360,80820,0.142262317834837,204.857737682165,0.178794178794179,85.8212058212058,0.123958333333333,119,1920,480,54360,0.414295628036086,596.585704371964,0.58004158004158,278.419958419958,0.33125,318,4320,480,50460,0.36294240111034,522.63705759889,0.411642411642412,197.588357588358,0.338541666666667,325,420,480,52920,0.354614850798057,510.645385149202,0.428274428274428,205.571725571726,0.317708333333333,305,4560,300,41220,0.495489243580847,713.504510756419,0.392931392931393,188.607068607069,0.546875,525,0,300,10800,0.31089521165857,447.689104788341,0.546777546777547,262.453222453222,0.192708333333333,185,30.8333333333333,14.3135135135135,42.5,22.721568627451
"2026-03-28 09:00:00|Monitor34.txt|15",15,"2026-03-28 09:00:00|Monitor34.txt",2026-03-28T09:00:00Z,2026-04-03T09:30:00Z,"OK","M","DGRP513","21.5C","Winter","NA","08:12","M34","Batch27_DGRP",0.24719361185048,355.958801064692,0.15411315515446,73.9743144741409,0.29375,282,30600,360,71160,0.129770992366412,186.870229007634,0,0,0.194791666666667,187,1800,480,66900,0.274809160305344,395.725190839695,0.128898128898129,61.8711018711019,0.347916666666667,334,240,780,73800,0.367106176266482,528.632893823734,0.299376299376299,143.700623700624,0.401041666666667,385,15540,300,62580,0.231089521165857,332.768910478834,0.0914760914760915,43.9085239085239,0.301041666666667,289,2340,540,72780,0.256072172102706,368.743927827897,0.20997920997921,100.790020790021,0.279166666666667,268,2340,1500,2340,0.224843858431645,323.775156141568,0.197505197505198,94.8024948024948,0.238541666666667,229,16.6666666666667,28.29,44.6666666666667,21.2723880597015
"2026-03-28 09:00:00|Monitor34.txt|16",16,"2026-03-28 09:00:00|Monitor34.txt",2026-03-28T09:00:00Z,2026-04-03T09:30:00Z,"OK","M","DGRP513","21.5C","Winter","NA","08:12","M34","Batch27_DGRP",0.279365814141882,402.28677236431,0.442901770218674,212.592849704964,0.197569444444444,189.666666666667,10140,300,32100,0.0381679389312977,54.9618320610687,0.0498960498960499,23.950103950104,0.0322916666666667,31,12960,360,22020,0.108258154059681,155.89174184594,0.255717255717256,122.744282744283,0.034375,33,5100,5640,26400,0.319916724496877,460.680083275503,0.482328482328482,231.517671517672,0.238541666666667,229,7320,1560,9240,0.351145038167939,505.648854961832,0.725571725571726,348.274428274428,0.163541666666667,157,14760,12540,14760,0.458015267175573,659.541984732825,0.48024948024948,230.519750519751,0.446875,429,5160,1080,19500,0.399722414989591,575.600277585011,0.659043659043659,316.340956340956,0.269791666666667,259,11,34.0606060606061,21.3333333333333,49.2578125
"2026-03-28 09:00:00|Monitor34.txt|18",18,"2026-03-28 09:00:00|Monitor34.txt",2026-03-28T09:00:00Z,2026-04-03T09:30:00Z,"OK","M","DGRP513","21.5C","Winter","NA","08:12","M34","Batch27_DGRP",0.470315935655595,677.254947344057,0.486983686220063,233.75216938563,0.461979166666667,443.5,2700,300,23220,0.190839694656489,274.809160305344,0.467775467775468,224.532224532225,0.0520833333333333,50,5400,360,26400,0.257460097154754,370.742539902845,0.347193347193347,166.652806652807,0.2125,204,4200,300,55140,0.585704371963914,843.414295628036,0.623700623700624,299.376299376299,0.566666666666667,544,13680,300,45180,0.603053435114504,868.396946564886,0.268191268191268,128.731808731809,0.770833333333333,740,3600,360,53160,0.520471894517696,749.479528105482,0.363825363825364,174.636174636175,0.598958333333333,575,3360,300,8640,0.662734212352533,954.337265787647,0.846153846153846,406.153846153846,0.570833333333333,548,18.5,22.7567567567567,34,29.1176470588235
"2026-03-28 09:00:00|Monitor34.txt|19",19,"2026-03-28 09:00:00|Monitor34.txt",2026-03-28T09:00:00Z,2026-04-03T09:30:00Z,"OK","M","DGRP513","21.5C","Winter","NA","08:12","M34","Batch27_DGRP",0.395903251938433,570.100682791344,0.473793821589726,227.421034363068,0.356944444444444,342.666666666667,4440,300,64560,0.142956280360861,205.857043719639,0.135135135135135,64.8648648648649,0.146875,141,4080,360,22020,0.360860513532269,519.639139486468,0.407484407484407,195.592515592516,0.3375,324,780,600,63960,0.402498265093685,579.597501734906,0.41995841995842,201.580041580042,0.39375,378,60,300,18960,0.440666204024983,634.559333795975,0.590436590436591,283.409563409563,0.365625,351,960,300,11700,0.574600971547536,827.425399028452,0.731808731808732,351.268191268191,0.495833333333333,476,240,300,18360,0.452463566967384,651.547536433033,0.553014553014553,265.446985446986,0.402083333333333,386,20.3333333333333,23.6803278688525,42.5,21.9176470588235
"2026-03-28 09:00:00|Monitor34.txt|21",21,"2026-03-28 09:00:00|Monitor34.txt",2026-03-28T09:00:00Z,2026-04-03T09:30:00Z,"OK","M","DGRP513","21.5C","Winter","NA","08:12","M34","Batch27_DGRP",0.274158083555144,394.787640319408,0.441513363415481,211.926414439431,0.190451388888889,182.833333333333,10140,1200,16740,0.167244968771686,240.832755031228,0.355509355509356,170.644490644491,0.0729166666666667,70,4140,360,10620,0.180430256766135,259.819569743234,0.318087318087318,152.681912681913,0.111458333333333,107,5820,2880,54240,0.342817487855656,493.657182512144,0.440748440748441,211.559251559252,0.29375,282,7440,1020,23100,0.295628036086051,425.704371963914,0.453222453222453,217.546777546778,0.216666666666667,208,420,420,6300,0.38029146426093,547.619708535739,0.546777546777547,262.453222453222,0.296875,285,4380,360,12600,0.278278972935462,400.721721027065,0.532224532224532,255.467775467776,0.151041666666667,145,24.5,17.6122448979592,29.5,33.406779661017
"2026-03-28 09:00:00|Monitor34.txt|22",22,"2026-03-28 09:00:00|Monitor34.txt",2026-03-28T09:00:00Z,2026-04-03T09:30:00Z,"OK","M","DGRP513","21.5C","Winter","NA","08:12","M34","Batch27_DGRP",0.150677004976276,216.974887165837,0.269350919819507,129.288441513363,0.0913194444444444,87.6666666666667,6660,360,26760,0.047883414295628,68.9521165857044,0.103950103950104,49.8960498960499,0.0197916666666667,19,10020,480,31620,0.0617626648160999,88.9382373351839,0.0914760914760915,43.9085239085239,0.046875,45,540,300,18780,0.154753643303262,222.845246356697,0.338877338877339,162.661122661123,0.0625,60,4140,360,22140,0.179736294240111,258.82026370576,0.397089397089397,190.602910602911,0.0708333333333333,68,4200,360,19200,0.299791811242193,431.700208188758,0.415800415800416,199.5841995842,0.241666666666667,232,6480,300,18480,0.159611380985427,229.840388619015,0.266112266112266,127.733887733888,0.10625,102,22.5,18.7851851851852,18.1666666666667,55.3669724770642
"2026-03-28 09:00:00|Monitor34.txt|23",23,"2026-03-28 09:00:00|Monitor34.txt",2026-03-28T09:00:00Z,2026-04-03T09:30:00Z,"OK","M","DGRP513","21.5C","Winter","NA","08:12","M34","Batch27_DGRP",0.355745862747367,512.274042356209,0.585907670947588,281.235682054842,0.240625,231,4260,480,73680,0.211658570437196,304.788341429563,0.376299376299376,180.623700623701,0.129166666666667,124,4200,600,73500,0.299791811242193,431.700208188758,0.478170478170478,229.52182952183,0.210416666666667,202,3840,600,15720,0.419847328244275,604.580152671756,0.725571725571726,348.274428274428,0.266666666666667,256,5280,900,17760,0.333795975017349,480.666204024983,0.532224532224532,255.467775467776,0.234375,225,6360,540,48000,0.394864677307425,568.605135322693,0.596673596673597,286.403326403326,0.29375,282,1740,1800,17640,0.473976405274115,682.526023594726,0.802494802494803,385.197505197505,0.309375,297,24.8333333333333,17.1677852348993,28.5,34.4970760233918
"2026-03-28 09:00:00|Monitor34.txt|24",24,"2026-03-28 09:00:00|Monitor34.txt",2026-03-28T09:00:00Z,2026-04-03T09:30:00Z,"OK","M","DGRP513","21.5C","Winter","NA","08:12","M34","Batch27_DGRP",0.342668672607337,493.442888554566,0.348490107601527,167.275251648733,0.339756944444444,326.166666666667,19260,300,29820,0.15058986814712,216.849410131853,0.0914760914760915,43.9085239085239,0.180208333333333,173,1920,300,34080,0.537820957668286,774.462179042332,0.446985446985447,214.553014553015,0.583333333333333,560,3060,420,55560,0.309507286606523,445.690492713393,0.284823284823285,136.715176715177,0.321875,309,1860,300,52320,0.408049965301874,587.591950034698,0.384615384615385,184.615384615385,0.419791666666667,403,2580,780,14640,0.337959750173491,486.662040249827,0.451143451143451,216.548856548857,0.28125,270,180,300,25560,0.311589174184594,448.688410825815,0.43035343035343,206.569646569647,0.252083333333333,242,21.8333333333333,21.0610687022901,51.8333333333333,18.2797427652733
"2026-03-28 09:00:00|Monitor34.txt|25",25,"2026-03-28 09:00:00|Monitor34.txt",2026-03-28T09:00:00Z,2026-04-03T09:30:00Z,"OK","M","DGRP513","21.5C","Winter","NA","08:12","M34","Batch27_DGRP",0.454461289202639,654.4242564518,0.736202707393266,353.377299548768,0.313541666666667,301,5700,840,26940,0.224843858431645,323.775156141568,0.538461538461538,258.461538461539,0.0677083333333333,65,4140,1440,20880,0.294240111034004,423.705759888966,0.671517671517672,322.328482328482,0.105208333333333,101,1680,300,4260,0.442748091603053,637.557251908397,0.694386694386694,333.305613305613,0.316666666666667,304,1980,480,17040,0.606523247744622,873.393476752255,0.854469854469854,410.14553014553,0.482291666666667,463,4200,9480,19320,0.560027758501041,806.439972241499,0.848232848232848,407.151767151767,0.415625,399,2520,720,4680,0.596807772380292,859.40319222762,0.802494802494803,385.197505197505,0.49375,474,13.1666666666667,37.1139240506329,25.8333333333333,36.0774193548387
"2026-03-28 09:00:00|Monitor34.txt|27",27,"2026-03-28 09:00:00|Monitor34.txt",2026-03-28T09:00:00Z,2026-04-03T09:30:00Z,"OK","M","DGRP513","21.5C","Winter","NA","08:12","M34","Batch27_DGRP",0.335146395093161,482.610808934151,0.372093023255814,178.604651162791,0.316666666666667,304,3180,300,84060,0.129077029840389,185.87092297016,0.122661122661123,58.8773388773389,0.132291666666667,127,11160,660,29640,0.26439972241499,380.735600277585,0.286902286902287,137.713097713098,0.253125,243,1020,780,18720,0.205412907702984,295.794587092297,0.388773388773389,186.611226611227,0.113541666666667,109,960,300,67140,0.487855655794587,702.512144344206,0.24948024948025,119.75051975052,0.607291666666667,583,1140,300,19560,0.561415683553088,808.438584316447,0.613305613305613,294.386694386694,0.535416666666667,514,300,540,61560,0.36294240111034,522.63705759889,0.571725571725572,274.428274428274,0.258333333333333,248,27.3333333333333,16.0548780487805,41.8333333333333,23.2908366533865
"2026-03-28 09:00:00|Monitor34.txt|28",28,"2026-03-28 09:00:00|Monitor34.txt",2026-03-28T09:00:00Z,2026-04-03T09:30:00Z,"OK","M","DGRP513","21.5C","Winter","NA","08:12","M34","Batch27_DGRP",0.249276704085175,358.958453882652,0.471711211384936,226.421381464769,0.138020833333333,132.5,8280,360,28800,0.187369882026371,269.812630117974,0.417879417879418,200.582120582121,0.071875,69,4140,300,28200,0.269951422623178,388.730048577377,0.598752598752599,287.401247401247,0.105208333333333,101,4500,300,21720,0.275503122831367,396.724496877169,0.507276507276507,243.492723492724,0.159375,153,4260,420,10860,0.265787647467037,382.734212352533,0.575883575883576,276.424116424116,0.110416666666667,106,840,360,14940,0.220680083275503,317.779319916725,0.353430353430353,169.64656964657,0.154166666666667,148,3840,1080,3840,0.276197085357391,397.723802914643,0.374220374220374,179.62577962578,0.227083333333333,218,33.3333333333333,13.035,30.3333333333333,32.3186813186813
"2026-03-28 09:00:00|Monitor34.txt|29",29,"2026-03-28 09:00:00|Monitor34.txt",2026-03-28T09:00:00Z,2026-04-03T09:30:00Z,"OK","M","DGRP513","21.5C","Winter","NA","08:12","M34","Batch27_DGRP",0.440342552945261,634.093276241176,0.608469281499479,292.06525511975,0.35625,342,120,300,30120,0.206106870229008,296.793893129771,0.390852390852391,187.609147609148,0.113541666666667,109,2340,480,27360,0.306037473976405,440.693962526024,0.403326403326403,193.596673596674,0.257291666666667,247,10680,1080,18780,0.34559333795975,497.65440666204,0.571725571725572,274.428274428274,0.232291666666667,223,3360,360,6240,0.634975711311589,914.365024288688,0.812889812889813,390.18711018711,0.545833333333333,524,1860,360,52080,0.686328938237335,988.313671061763,0.611226611226611,293.388773388773,0.723958333333333,695,360,480,17640,0.461485079805691,664.538514920194,0.854469854469854,410.14553014553,0.264583333333333,254,21.1666666666667,19.9212598425197,36.8333333333333,26.841628959276
"2026-03-28 09:00:00|Monitor34.txt|31",31,"2026-03-28 09:00:00|Monitor34.txt",2026-03-28T09:00:00Z,2026-04-03T09:30:00Z,"OK","M","DGRP513","21.5C","Winter","NA","08:12","M34","Batch27_DGRP",0.183312116653165,263.969447980558,0.356820548420687,171.27386324193,0.0965277777777778,92.6666666666667,18540,1140,18540,0.0846634281748786,121.915336571825,0.128898128898129,61.8711018711019,0.0625,60,15840,540,17280,0.11589174184594,166.884108258154,0.187110187110187,89.8128898128898,0.0802083333333333,77,3840,420,15960,0.217210270645385,312.782789729355,0.515592515592516,247.484407484408,0.0677083333333333,65,16320,540,26460,0.170020818875781,244.829979181124,0.291060291060291,139.70893970894,0.109375,105,13620,3240,17700,0.273421235253296,393.726578764747,0.486486486486487,233.513513513514,0.166666666666667,160,13140,4920,18120,0.238029146426093,342.761970853574,0.528066528066528,253.471933471934,0.0927083333333333,89,10.1666666666667,30.6229508196721,15.6666666666667,71.5425531914894
"2026-03-28 09:00:00|Monitor34.txt|32",32,"2026-03-28 09:00:00|Monitor34.txt",2026-03-28T09:00:00Z,2026-04-03T09:30:00Z,"OK","M","DGRP513","21.5C","Winter","NA","08:12","M34","Batch27_DGRP",0.310265015623192,446.781622497396,0.608816383200278,292.231863936133,0.1609375,154.5,5220,600,22980,0.114503816793893,164.885496183206,0.230769230769231,110.769230769231,0.05625,54,4200,540,14700,0.260235947258848,374.739764052741,0.609147609147609,292.390852390852,0.0854166666666667,82,2460,300,21960,0.265093684941013,381.734906315059,0.623700623700624,299.376299376299,0.0854166666666667,82,1320,420,14100,0.359472588480222,517.64052741152,0.698544698544699,335.301455301455,0.189583333333333,182,1860,480,19800,0.38792505204719,558.612074947953,0.688149688149688,330.31185031185,0.2375,228,1260,300,6180,0.473282442748092,681.526717557252,0.796257796257796,382.203742203742,0.311458333333333,299,23.1666666666667,19.1079136690647,22,44.1969696969697
"2026-03-28 09:00:00|Monitor35.txt|02",2,"2026-03-28 09:00:00|Monitor35.txt",2026-03-28T09:00:00Z,2026-04-03T09:30:00Z,"OK","M","DGRP517","21.5C","Winter","NA","08:12","M35","Batch27_DGRP",0.586159009373915,844.068973498438,0.527941686914266,253.412009718848,0.615277777777778,590.666666666667,2580,540,75180,0.58292852185982,839.41707147814,0.498960498960499,239.50103950104,0.625,600,2220,480,66000,0.572519083969466,824.427480916031,0.496881496881497,238.503118503119,0.610416666666667,586,2940,1260,71520,0.673837612768911,970.326162387231,0.61954261954262,297.380457380457,0.701041666666667,673,1860,540,69000,0.505898681471201,728.494101318529,0.471933471933472,226.528066528067,0.522916666666667,502,1380,300,64860,0.538514920194309,775.461485079806,0.486486486486487,233.513513513514,0.564583333333333,542,5760,480,55800,0.643303261623872,926.356696738376,0.594594594594595,285.405405405405,0.667708333333333,641,26.6666666666667,17.2625,42.1666666666667,22.3833992094862
"2026-03-28 09:00:00|Monitor35.txt|03",3,"2026-03-28 09:00:00|Monitor35.txt",2026-03-28T09:00:00Z,2026-04-03T09:30:00Z,"OK","M","DGRP517","21.5C","Winter","NA","08:12","M35","Batch27_DGRP",0.652239324152297,939.224626779308,0.497396737244013,238.750433877126,0.7296875,700.5,0,3420,74040,0.659264399722415,949.340735600278,0.542619542619543,260.45738045738,0.717708333333333,689,7200,300,64860,0.714087439278279,1028.28591256072,0.607068607068607,291.392931392931,0.767708333333333,737,4020,300,43440,0.658570437196391,948.341429562804,0.434511434511435,208.565488565489,0.770833333333333,740,3540,780,76380,0.628730048577377,905.371269951423,0.442827442827443,212.557172557173,0.721875,693,120,2460,64620,0.605135322692575,871.394864677307,0.465696465696466,223.534303534304,0.675,648,0,600,64260,0.648160999306037,933.351839000694,0.494802494802495,237.505197505198,0.725,696,23.1666666666667,20.8776978417266,39.6666666666667,23.2394957983193
"2026-03-28 09:00:00|Monitor35.txt|04",4,"2026-03-28 09:00:00|Monitor35.txt",2026-03-28T09:00:00Z,2026-04-03T09:30:00Z,"OK","M","DGRP517","21.5C","Winter","NA","08:12","M35","Batch27_DGRP",0.701654901053119,1010.38305751649,0.544602568552586,261.409232905241,0.780208333333333,749,0,3180,63660,0.799444829979181,1151.20055517002,0.694386694386694,333.305613305613,0.852083333333333,818,1020,1260,65760,0.757113115891742,1090.24288688411,0.515592515592516,247.484407484408,0.878125,843,1140,1020,63240,0.709923664122137,1022.29007633588,0.588357588357588,282.411642411642,0.770833333333333,740,120,420,65400,0.672449687716863,968.327550312283,0.523908523908524,251.476091476092,0.746875,717,7920,600,62520,0.643303261623872,926.356696738376,0.438669438669439,210.561330561331,0.745833333333333,716,10560,600,68820,0.62734212352533,903.372657876475,0.507276507276507,243.492723492724,0.6875,660,21.6666666666667,20.5307692307692,50.1666666666667,18.8637873754153
"2026-03-28 09:00:00|Monitor35.txt|07",7,"2026-03-28 09:00:00|Monitor35.txt",2026-03-28T09:00:00Z,2026-04-03T09:30:00Z,"OK","M","DGRP517","21.5C","Winter","NA","08:12","M35","Batch27_DGRP",0.725726189098484,1045.04571230182,0.480388753904894,230.586601874349,0.8484375,814.5,0,4260,64020,0.833448993754337,1200.16655100625,0.659043659043659,316.340956340956,0.920833333333333,884,3240,300,56820,0.766828591256072,1104.23317140874,0.474012474012474,227.525987525988,0.913541666666667,877,300,1680,35460,0.622484385843165,896.377515614157,0.30977130977131,148.690228690229,0.779166666666667,748,840,300,65460,0.714087439278279,1028.28591256072,0.405405405405405,194.594594594595,0.86875,834,660,1740,66360,0.766828591256072,1104.23317140874,0.559251559251559,268.440748440748,0.870833333333333,836,3000,660,40500,0.650242886884108,936.349757113116,0.476091476091476,228.523908523909,0.7375,708,25.5,18.4901960784314,33,28.3787878787879
"2026-03-28 09:00:00|Monitor35.txt|08",8,"2026-03-28 09:00:00|Monitor35.txt",2026-03-28T09:00:00Z,2026-04-03T09:30:00Z,"OK","M","DGRP517","21.5C","Winter","NA","08:12","M35","Batch27_DGRP",0.687883346834857,990.552019442194,0.488024991322457,234.25199583478,0.787847222222222,756.333333333333,0,5280,34080,0.910478834142956,1311.08952116586,0.856548856548857,411.143451143451,0.9375,900,1020,360,51780,0.780707841776544,1124.21929215822,0.515592515592516,247.484407484408,0.913541666666667,877,2520,900,64740,0.743927827897294,1071.2560721721,0.46985446985447,225.530145530146,0.88125,846,300,840,53640,0.648854961832061,934.351145038168,0.216216216216216,103.783783783784,0.865625,831,4440,780,81660,0.312977099236641,450.687022900763,0.245322245322245,117.754677754678,0.346875,333,7080,420,67560,0.731436502428869,1053.26856349757,0.62993762993763,302.370062370062,0.782291666666667,751,24.5,19.1292517006803,22.8333333333333,41.2481751824818
"2026-03-28 09:00:00|Monitor35.txt|09",9,"2026-03-28 09:00:00|Monitor35.txt",2026-03-28T09:00:00Z,2026-04-03T09:30:00Z,"OK","M","DGRP517","21.5C","Winter","NA","08:12","M35","Batch27_DGRP",0.797940053234579,1149.03367665779,0.744880249913225,357.542519958348,0.824479166666667,791.5,300,1140,18720,0.810548230395559,1167.1894517696,0.721413721413721,346.278586278586,0.855208333333333,821,4260,2820,10980,0.762664816099931,1098.2373351839,0.752598752598753,361.247401247401,0.767708333333333,737,1260,1140,12180,0.801526717557252,1154.19847328244,0.713097713097713,342.286902286902,0.845833333333333,812,300,1500,19860,0.795975017349063,1146.20402498265,0.785862785862786,377.214137214137,0.801041666666667,769,60,600,66120,0.772380291464261,1112.22761970854,0.725571725571726,348.274428274428,0.795833333333333,764,120,2880,66540,0.844552394170715,1216.15544760583,0.771309771309771,370.22869022869,0.88125,846,23.6666666666667,19.8943661971831,38.6666666666667,23.7887931034483
"2026-03-28 09:00:00|Monitor35.txt|10",10,"2026-03-28 09:00:00|Monitor35.txt",2026-03-28T09:00:00Z,2026-04-03T09:30:00Z,"OK","M","DGRP517","21.5C","Winter","NA","08:12","M35","Batch27_DGRP",0.602013655826872,866.899664390696,0.449496702533842,215.758417216244,0.678298611111111,651.166666666667,0,420,71040,0.628036086051353,904.371963913949,0.455301455301455,218.544698544699,0.714583333333333,686,3240,960,61800,0.659264399722415,949.340735600278,0.548856548856549,263.451143451143,0.714583333333333,686,1560,1020,68220,0.616932685634976,888.383067314365,0.446985446985447,214.553014553015,0.702083333333333,674,780,1200,64020,0.544760582928522,784.455239417071,0.357588357588358,171.642411642412,0.638541666666667,613,2700,1800,76320,0.526717557251908,758.473282442748,0.361746361746362,173.638253638254,0.609375,585,360,3540,68640,0.63705759888966,917.36294240111,0.53014553014553,254.469854469854,0.690625,663,20.1666666666667,23.6776859504132,37.6666666666667,24.8982300884956
"2026-03-28 09:00:00|Monitor35.txt|11",11,"2026-03-28 09:00:00|Monitor35.txt",2026-03-28T09:00:00Z,2026-04-03T09:30:00Z,"OK","M","DGRP517","21.5C","Winter","NA","08:12","M35","Batch27_DGRP",0.447749103113066,644.758708482814,0.178410274210344,85.636931620965,0.582465277777778,559.166666666667,0,4320,66300,0.560721721027065,807.439278278973,0.349272349272349,167.650727650728,0.666666666666667,640,840,300,66900,0.437890353920888,630.562109646079,0.207900207900208,99.7920997920998,0.553125,531,1320,300,76260,0.348369188063845,501.651630811936,0.0686070686070686,32.9313929313929,0.488541666666667,469,60,1320,70680,0.401110340041638,577.598889659958,0.0706860706860707,33.9293139293139,0.566666666666667,544,0,2820,66600,0.437890353920888,630.562109646079,0.153846153846154,73.8461538461539,0.580208333333333,557,360,300,39660,0.501040943789035,721.498959056211,0.224532224532225,107.775467775468,0.639583333333333,614,15.3333333333333,36.1304347826087,46.3333333333333,18.6474820143885
"2026-03-28 09:00:00|Monitor35.txt|12",12,"2026-03-28 09:00:00|Monitor35.txt",2026-03-28T09:00:00Z,2026-04-03T09:30:00Z,"OK","M","DGRP517","21.5C","Winter","NA","08:12","M35","Batch27_DGRP",0.707325541025344,1018.5487790765,0.656716417910448,315.223880597015,0.732638888888889,703.333333333333,0,480,41460,0.803608605135323,1157.19639139486,0.823284823284823,395.176715176715,0.79375,762,1440,420,58260,0.678695350451076,977.321304649549,0.586278586278586,281.413721413721,0.725,696,780,600,42120,0.752255378209577,1083.24774462179,0.634095634095634,304.365904365904,0.811458333333333,779,240,360,43560,0.668979875086745,963.331020124913,0.652806652806653,313.347193347193,0.677083333333333,650,4500,11220,62340,0.622484385843165,896.377515614157,0.588357588357588,282.411642411642,0.639583333333333,614,4620,3300,38520,0.716863289382373,1032.28313671062,0.652806652806653,313.347193347193,0.748958333333333,719,21.3333333333333,20.75,16.5,58.6464646464646
"2026-03-28 09:00:00|Monitor35.txt|14",14,"2026-03-28 09:00:00|Monitor35.txt",2026-03-28T09:00:00Z,2026-04-03T09:30:00Z,"OK","M","DGRP517","21.5C","Winter","NA","08:12","M35","Batch27_DGRP",0.70350653859507,1013.0494155769,0.602915654286706,289.399514057619,0.753819444444445,723.666666666667,0,4200,72060,0.547536433032616,788.452463566967,0.546777546777547,262.453222453222,0.547916666666667,526,240,360,68700,0.734906315058987,1058.26509368494,0.665280665280665,319.334719334719,0.769791666666667,739,720,660,65400,0.6294240111034,906.370575988897,0.496881496881497,238.503118503119,0.695833333333333,668,660,660,64800,0.742539902845246,1069.25746009715,0.613305613305613,294.386694386694,0.807291666666667,775,1860,540,17400,0.664816099930604,957.335183900069,0.494802494802495,237.505197505198,0.75,720,0,720,36540,0.902151283830673,1299.09784871617,0.802494802494803,385.197505197505,0.952083333333333,914,25,18.8133333333333,37.5,25.0133333333333
"2026-03-28 09:00:00|Monitor35.txt|15",15,"2026-03-28 09:00:00|Monitor35.txt",2026-03-28T09:00:00Z,2026-04-03T09:30:00Z,"OK","M","DGRP517","21.5C","Winter","NA","08:12","M35","Batch27_DGRP",0.615669482698762,886.564055086217,0.386671294689344,185.602221450885,0.730208333333333,701,2280,300,63180,0.72588480222068,1045.27411519778,0.754677754677755,362.245322245322,0.711458333333333,683,2280,360,72120,0.747397640527412,1076.25260235947,0.544698544698545,261.455301455301,0.848958333333333,815,1860,660,78360,0.714087439278279,1028.28591256072,0.492723492723493,236.507276507277,0.825,792,6120,600,66000,0.599583622484386,863.400416377516,0.251559251559252,120.748440748441,0.773958333333333,743,900,360,71220,0.38029146426093,547.619708535739,0.116424116424116,55.8835758835759,0.5125,492,720,1140,75600,0.526023594725885,757.473976405274,0.16008316008316,76.8399168399168,0.709375,681,21.1666666666667,22.6850393700787,39.5,23.2573839662447
"2026-03-28 09:00:00|Monitor35.txt|16",16,"2026-03-28 09:00:00|Monitor35.txt",2026-03-28T09:00:00Z,2026-04-03T09:30:00Z,"OK","M","DGRP517","21.5C","Winter","NA","08:12","M35","Batch27_DGRP",0.402499710681634,579.599583381553,0.284276292953836,136.452620617841,0.461631944444445,443.166666666667,3780,420,22080,0.406662040249827,585.59333795975,0.378378378378378,181.621621621622,0.420833333333333,404,1380,900,69120,0.338653712699514,487.661346287301,0.222453222453222,106.777546777547,0.396875,381,1200,2640,69840,0.373351839000694,537.626648160999,0.172557172557173,82.8274428274428,0.473958333333333,455,4260,720,66900,0.360860513532269,519.639139486468,0.257796257796258,123.742203742204,0.4125,396,3660,540,64380,0.369188063844552,531.630811936155,0.224532224532225,107.775467775468,0.441666666666667,424,960,2880,78600,0.56557945870923,814.434420541291,0.449064449064449,215.550935550936,0.623958333333333,599,14,37.1071428571429,34.8333333333333,26.1148325358852
"2026-03-28 09:00:00|Monitor35.txt|17",17,"2026-03-28 09:00:00|Monitor35.txt",2026-03-28T09:00:00Z,2026-04-03T09:30:00Z,"OK","M","DGRP517","21.5C","Winter","NA","08:12","M35","Batch27_DGRP",0.692280985996991,996.884619835667,0.670253384241583,321.72162443596,0.703298611111111,675.166666666667,3840,360,18120,0.739764052741152,1065.26023594726,0.673596673596674,323.326403326403,0.772916666666667,742,3780,1380,41700,0.677307425399028,975.322692574601,0.642411642411642,308.357588357588,0.694791666666667,667,1800,1020,50340,0.736294240111034,1060.26370575989,0.667359667359667,320.33264033264,0.770833333333333,740,3480,5340,3480,0.655794587092297,944.344205412908,0.673596673596674,323.326403326403,0.646875,621,5100,540,65160,0.60999306037474,878.390006939625,0.584199584199584,280.4158004158,0.622916666666667,598,780,3420,9360,0.73351839000694,1056.26648160999,0.777546777546778,373.222453222453,0.711458333333333,683,20.8333333333333,22.68,41.3333333333333,22.3790322580645
"2026-03-28 09:00:00|Monitor35.txt|18",18,"2026-03-28 09:00:00|Monitor35.txt",2026-03-28T09:00:00Z,2026-04-03T09:30:00Z,"OK","M","DGRP517","21.5C","Winter","NA","08:12","M35","Batch27_DGRP",0.460016201828492,662.423330633029,0.26032627559875,124.9566122874,0.559895833333333,537.5,900,2340,47460,0.703678001387925,1013.29632199861,0.598752598752599,287.401247401247,0.75625,726,7260,2760,44040,0.613462873004858,883.386537126995,0.46985446985447,225.530145530146,0.685416666666667,658,2400,1320,64440,0.551006245662734,793.448993754337,0.278586278586279,133.721413721414,0.6875,660,8820,540,47040,0.305343511450382,439.69465648855,0.101871101871102,48.8981288981289,0.407291666666667,391,2520,720,67440,0.216516308119362,311.783483691881,0.0686070686070686,32.9313929313929,0.290625,279,13260,540,75840,0.3705759888966,533.629424011104,0.0478170478170478,22.952182952183,0.532291666666667,511,11.3333333333333,41.1176470588235,36.8333333333333,26.0135746606335
"2026-03-28 09:00:00|Monitor35.txt|19",19,"2026-03-28 09:00:00|Monitor35.txt",2026-03-28T09:00:00Z,2026-04-03T09:30:00Z,"OK","M","DGRP517","21.5C","Winter","NA","08:12","M35","Batch27_DGRP",0.548547621803032,789.908575396366,0.274557445331482,131.787573759111,0.685590277777778,658.166666666667,0,660,69120,0.453851492019431,653.546148507981,0.126819126819127,60.8731808731809,0.617708333333333,593,8160,360,71400,0.476058292852186,685.523941707148,0.1995841995842,95.8004158004158,0.614583333333333,590,1500,2520,45600,0.63705759888966,917.36294240111,0.372141372141372,178.627858627859,0.769791666666667,739,240,300,63900,0.653712699514226,941.346287300486,0.374220374220374,179.62577962578,0.79375,762,2460,300,64500,0.561415683553088,808.438584316447,0.299376299376299,143.700623700624,0.692708333333333,665,1080,540,51120,0.508674531575295,732.491325468425,0.276507276507277,132.723492723493,0.625,600,27.5,17.3151515151515,43.3333333333333,21.3923076923077
"2026-03-28 09:00:00|Monitor35.txt|20",20,"2026-03-28 09:00:00|Monitor35.txt",2026-03-28T09:00:00Z,2026-04-03T09:30:00Z,"OK","M","DGRP517","21.5C","Winter","NA","08:12","M35","Batch27_DGRP",0.761370211781044,1096.3731049647,0.639708434571329,307.060048594238,0.822222222222222,789.333333333333,0,2520,72120,0.798750867453158,1150.20124913255,0.673596673596674,323.326403326403,0.861458333333333,827,3120,1080,37860,0.839000693962526,1208.16099930604,0.665280665280665,319.334719334719,0.926041666666667,889,540,480,47400,0.808466342817488,1164.19153365718,0.650727650727651,312.349272349272,0.8875,852,960,1020,64140,0.762664816099931,1098.2373351839,0.632016632016632,303.367983367983,0.828125,795,900,420,76020,0.714781401804303,1029.2852185982,0.596673596673597,286.403326403326,0.773958333333333,743,1020,540,77160,0.64469118667592,928.355308813324,0.621621621621622,298.378378378378,0.65625,630,28.1666666666667,16.491124260355,31.6666666666667,29.6842105263158
"2026-03-28 09:00:00|Monitor35.txt|22",22,"2026-03-28 09:00:00|Monitor35.txt",2026-03-28T09:00:00Z,2026-04-03T09:30:00Z,"OK","M","DGRP517","21.5C","Winter","NA","08:12","M35","Batch27_DGRP",0.680129614627937,979.386645064229,0.587990281152378,282.235334953141,0.726215277777778,697.166666666667,780,2940,41340,0.537820957668286,774.462179042332,0.488565488565489,234.511434511435,0.5625,540,4980,1860,49440,0.743927827897294,1071.2560721721,0.613305613305613,294.386694386694,0.809375,777,720,360,68160,0.721027064538515,1038.27897293546,0.538461538461538,258.461538461539,0.8125,780,2580,2100,74220,0.79736294240111,1148.2026370576,0.702702702702703,337.297297297297,0.844791666666667,811,0,420,81720,0.597501734906315,860.402498265094,0.565488565488566,271.434511434512,0.613541666666667,589,1680,720,43620,0.683553088133241,984.316446911867,0.621621621621622,298.378378378378,0.714583333333333,686,25.5,18.0457516339869,39.6666666666667,23.7941176470588
"2026-03-28 09:00:00|Monitor35.txt|24",24,"2026-03-28 09:00:00|Monitor35.txt",2026-03-28T09:00:00Z,2026-04-03T09:30:00Z,"OK","M","DGRP517","21.5C","Winter","NA","08:12","M35","Batch27_DGRP",0.768198125216989,1106.20530031246,0.513363415480736,246.414439430753,0.895659722222222,859.833333333333,0,4260,38460,0.904233171408744,1302.09576682859,0.841995841995842,404.158004158004,0.935416666666667,898,7680,300,37500,0.710617626648161,1023.28938237335,0.40956340956341,196.590436590437,0.861458333333333,827,0,300,36420,0.755031228313671,1087.24496877169,0.463617463617464,222.536382536383,0.901041666666667,865,8520,2220,66720,0.779319916724497,1122.22068008328,0.567567567567568,272.432432432432,0.885416666666667,850,360,2820,45300,0.748091603053435,1077.25190839695,0.455301455301455,218.544698544699,0.894791666666667,859,10980,420,68280,0.712005551700208,1025.2879944483,0.345114345114345,165.654885654886,0.895833333333333,860,21.5,21.9069767441861,16.8333333333333,55.940594059406
"2026-03-28 09:00:00|Monitor35.txt|25",25,"2026-03-28 09:00:00|Monitor35.txt",2026-03-28T09:00:00Z,2026-04-03T09:30:00Z,"OK","M","DGRP517","21.5C","Winter","NA","08:12","M35","Batch27_DGRP",0.667515333873394,961.222080777688,0.566817077403679,272.072197153766,0.717881944444445,689.166666666667,0,4320,66840,0.779319916724497,1122.22068008328,0.717255717255717,344.282744282744,0.810416666666667,778,7020,360,74400,0.639139486467731,920.360860513532,0.455301455301455,218.544698544699,0.73125,702,660,4020,69660,0.701596113809854,1010.29840388619,0.650727650727651,312.349272349272,0.727083333333333,698,1980,1140,69780,0.55794587092297,803.442054129077,0.453222453222453,217.546777546778,0.610416666666667,586,4740,480,71340,0.671061762664816,966.328938237335,0.582120582120582,279.417879417879,0.715625,687,3360,840,43380,0.657182512144344,946.342817487856,0.546777546777547,262.453222453222,0.7125,684,24.5,18.5850340136054,25.3333333333333,37.8947368421053
"2026-03-28 09:00:00|Monitor35.txt|26",26,"2026-03-28 09:00:00|Monitor35.txt",2026-03-28T09:00:00Z,2026-04-03T09:30:00Z,"OK","M","DGRP517","21.5C","Winter","NA","08:12","M35","Batch27_DGRP",0.660571693091077,951.223238051151,0.529677195418258,254.245053800764,0.726041666666667,697,0,4260,25980,0.758501040943789,1092.24149895906,0.715176715176715,343.284823284823,0.780208333333333,749,4140,360,69540,0.68910478834143,992.310895211659,0.611226611226611,293.388773388773,0.728125,699,9840,2760,75540,0.682859125607217,983.317140874393,0.604989604989605,290.39501039501,0.721875,693,4320,420,65220,0.70853573907009,1020.29146426093,0.492723492723493,236.507276507277,0.816666666666667,784,4200,660,72720,0.546842470506593,787.453157529494,0.328482328482329,157.671517671518,0.65625,630,360,1080,75300,0.578764746703678,833.421235253296,0.43035343035343,206.569646569647,0.653125,627,14,33.1666666666667,37.6666666666667,25.3274336283186
"2026-03-28 09:00:00|Monitor35.txt|27",27,"2026-03-28 09:00:00|Monitor35.txt",2026-03-28T09:00:00Z,2026-04-03T09:30:00Z,"OK","M","DGRP517","21.5C","Winter","NA","08:12","M35","Batch27_DGRP",0.687767619488485,990.385372063419,0.528635890315863,253.745227351614,0.767361111111111,736.666666666667,360,480,66840,0.764746703678001,1101.23525329632,0.58004158004158,278.419958419958,0.857291666666667,823,540,600,70200,0.67175572519084,967.328244274809,0.515592515592516,247.484407484408,0.75,720,360,420,73740,0.739764052741152,1065.26023594726,0.573804573804574,275.426195426195,0.822916666666667,790,600,1200,72660,0.6294240111034,906.370575988897,0.451143451143451,216.548856548857,0.71875,690,1320,420,62340,0.613462873004858,883.386537126995,0.442827442827443,212.557172557173,0.698958333333333,671,360,1740,72180,0.707841776544067,1019.29215822346,0.611226611226611,293.388773388773,0.75625,726,32.6666666666667,14.6224489795918,40.5,22.6831275720165
"2026-03-28 09:00:00|Monitor35.txt|28",28,"2026-03-28 09:00:00|Monitor35.txt",2026-03-28T09:00:00Z,2026-04-03T09:30:00Z,"OK","M","DGRP517","21.5C","Winter","NA","08:12","M35","Batch27_DGRP",0.395671797245689,569.767388033792,0.411662617146824,197.598056230476,0.387673611111111,372.166666666667,0,420,26880,0.403192227619709,580.59680777238,0.463617463617464,222.536382536383,0.372916666666667,358,11640,4020,11640,0.337265787647467,485.662734212353,0.293139293139293,140.706860706861,0.359375,345,3360,1380,72900,0.421235253296322,606.578764746704,0.413721413721414,198.586278586279,0.425,408,2400,840,54120,0.418459403192228,602.581540596808,0.440748440748441,211.559251559252,0.407291666666667,391,7440,1320,15300,0.342817487855656,493.657182512144,0.372141372141372,178.627858627859,0.328125,315,7560,1020,16020,0.449687716863289,647.550312283137,0.482328482328482,231.517671517672,0.433333333333333,416,14.6666666666667,28.1704545454545,35.5,28.1596244131455
"2026-03-28 09:00:00|Monitor35.txt|29",29,"2026-03-28 09:00:00|Monitor35.txt",2026-03-28T09:00:00Z,2026-04-03T09:30:00Z,"OK","M","DGRP517","21.5C","Winter","NA","08:12","M35","Batch27_DGRP",0.811364425413725,1168.36477259576,0.814994793474488,391.197500867754,0.809548611111111,777.166666666667,180,300,40260,0.811242192921582,1168.18875780708,0.781704781704782,375.218295218295,0.826041666666667,793,0,1080,39540,0.835530881332408,1203.16446911867,0.823284823284823,395.176715176715,0.841666666666667,808,4260,360,34920,0.768910478834143,1107.23108952117,0.715176715176715,343.284823284823,0.795833333333333,764,300,600,58620,0.79736294240111,1148.2026370576,0.802494802494803,385.197505197505,0.794791666666667,763,840,420,62640,0.804302567661346,1158.19569743234,0.858627858627859,412.141372141372,0.777083333333333,746,1560,1680,3300,0.84941013185288,1223.15058986815,0.904365904365904,434.095634095634,0.821875,789,16.8333333333333,26.6336633663366,31.6666666666667,29.9947368421053
"2026-03-28 09:00:00|Monitor35.txt|30",30,"2026-03-28 09:00:00|Monitor35.txt",2026-03-28T09:00:00Z,2026-04-03T09:30:00Z,"OK","M","DGRP517","21.5C","Winter","NA","08:12","M35","Batch27_DGRP",0.587200555491263,845.568799907418,0.304061089899341,145.949323151683,0.728819444444445,699.666666666667,0,4620,73860,0.658570437196391,948.341429562804,0.313929313929314,150.686070686071,0.83125,798,8100,420,69300,0.696044413601666,1002.3039555864,0.388773388773389,186.611226611227,0.85,816,3180,660,35940,0.761276891047884,1096.23872310895,0.386694386694387,185.613305613306,0.948958333333333,911,780,4080,38220,0.721027064538515,1038.27897293546,0.407484407484407,195.592515592516,0.878125,843,60,480,65700,0.555863983344899,800.444136016655,0.180873180873181,86.8191268191268,0.74375,714,900,600,73260,0.130464954892436,187.869535045108,0.14968814968815,71.8503118503119,0.120833333333333,116,18.1666666666667,25.9816513761468,21,45.3253968253968
"2026-03-28 09:00:00|Monitor35.txt|31",31,"2026-03-28 09:00:00|Monitor35.txt",2026-03-28T09:00:00Z,2026-04-03T09:30:00Z,"OK","M","DGRP517","21.5C","Winter","NA","08:12","M35","Batch27_DGRP",0.651544960074066,938.224742506654,0.511280805275946,245.414786532454,0.721701388888889,692.833333333333,480,1020,76320,0.691880638445524,996.308119361555,0.548856548856549,263.451143451143,0.763541666666667,733,1440,840,41460,0.720333102012491,1037.27966689799,0.64033264033264,307.359667359667,0.760416666666667,730,0,1140,77460,0.588480222068008,847.411519777932,0.540540540540541,259.459459459459,0.6125,588,1620,720,65820,0.70853573907009,1020.29146426093,0.611226611226611,293.388773388773,0.757291666666667,727,1140,360,14700,0.633587786259542,912.36641221374,0.403326403326403,193.596673596674,0.748958333333333,719,1560,1320,51900,0.567661346287301,817.432338653713,0.328482328482329,157.671517671518,0.6875,660,25,18.8733333333333,54.5,16.8532110091743
"2026-03-28 09:00:00|Monitor35.txt|32",32,"2026-03-28 09:00:00|Monitor35.txt",2026-03-28T09:00:00Z,2026-04-03T09:30:00Z,"OK","M","DGRP517","21.5C","Winter","NA","08:12","M35","Batch27_DGRP",0.526559425992362,758.245573429001,0.533495314127039,256.077750780979,0.523090277777778,502.166666666667,0,1440,55200,0.605135322692575,871.394864677307,0.627858627858628,301.372141372141,0.59375,570,3420,300,4560,0.598889659958362,862.401110340042,0.638253638253638,306.361746361746,0.579166666666667,556,120,360,44400,0.493407356002776,710.506592643997,0.507276507276507,243.492723492724,0.486458333333333,467,780,1020,76320,0.542678695350451,781.45732130465,0.446985446985447,214.553014553015,0.590625,567,840,840,70800,0.487855655794587,702.512144344206,0.397089397089397,190.602910602911,0.533333333333333,512,1380,840,4620,0.433032616238723,623.566967383761,0.588357588357588,282.411642411642,0.355208333333333,341,27.6666666666667,16.8313253012048,41.8333333333333,22.3107569721116
"2026-03-28 09:00:00|Monitor36.txt|01",1,"2026-03-28 09:00:00|Monitor36.txt",2026-03-28T09:00:00Z,2026-04-03T09:30:00Z,"OK","M","DGRP630","21.5C","Winter","NA","08:12","M36","Batch27_DGRP",0.701307719014003,1009.88311538016,0.624435959736203,299.729260673377,0.739756944444444,710.166666666667,2520,1740,10320,0.747397640527412,1076.25260235947,0.713097713097713,342.286902286902,0.764583333333333,734,8880,11880,48660,0.774462179042332,1115.22553782096,0.675675675675676,324.324324324324,0.823958333333333,791,4260,1320,41040,0.605829285218598,872.394170714781,0.557172557172557,267.442827442828,0.630208333333333,605,540,660,63360,0.684941013185288,986.315058986815,0.596673596673597,286.403326403326,0.729166666666667,700,1740,300,35460,0.684247050659264,985.315752949341,0.511434511434512,245.488565488566,0.770833333333333,740,540,360,25620,0.70853573907009,1020.29146426093,0.686070686070686,329.313929313929,0.719791666666667,691,26.1666666666667,17.0955414012739,28,34.1785714285714
"2026-03-28 09:00:00|Monitor36.txt|02",2,"2026-03-28 09:00:00|Monitor36.txt",2026-03-28T09:00:00Z,2026-04-03T09:30:00Z,"OK","M","DGRP630","21.5C","Winter","NA","08:12","M36","Batch27_DGRP",0.798634417312811,1150.03356093045,0.811523776466505,389.531412703922,0.7921875,760.5,0,3180,56280,0.834142956280361,1201.16585704372,0.88981288981289,427.110187110187,0.80625,774,2520,1800,37380,0.802914642609299,1156.19708535739,0.802494802494803,385.197505197505,0.803125,771,120,360,50400,0.819569743233865,1180.18043025677,0.837837837837838,402.162162162162,0.810416666666667,778,1860,1380,57780,0.784871616932686,1130.21512838307,0.746361746361746,358.253638253638,0.804166666666667,772,4980,480,59700,0.808466342817488,1164.19153365718,0.798336798336798,383.201663201663,0.813541666666667,781,2520,600,67260,0.741845940319223,1068.25815405968,0.794178794178794,381.205821205821,0.715625,687,15.8333333333333,29.4,32.8333333333333,28.9390862944162
"2026-03-28 09:00:00|Monitor36.txt|04",4,"2026-03-28 09:00:00|Monitor36.txt",2026-03-28T09:00:00Z,2026-04-03T09:30:00Z,"OK","M","DGRP630","21.5C","Winter","NA","08:12","M36","Batch27_DGRP",0.908575396366161,1308.34857076727,0.918431100312391,440.846928149948,0.903645833333333,867.5,0,2160,59580,0.867453157529493,1249.13254684247,0.945945945945946,454.054054054054,0.828125,795,1560,2460,57240,0.888965995836225,1280.11103400416,0.933471933471933,448.066528066528,0.866666666666667,832,120,360,36420,0.923664122137404,1330.07633587786,0.935550935550936,449.064449064449,0.917708333333333,881,960,2400,56880,0.940319222761971,1354.05968077724,0.937629937629938,450.06237006237,0.941666666666667,904,4260,3900,36540,0.918806384455239,1323.08119361555,0.906444906444906,435.093555093555,0.925,888,1260,960,52080,0.91117279666898,1312.08882720333,0.848232848232848,407.151767151767,0.942708333333333,905,11.1666666666667,43.7164179104478,20.3333333333333,45.4262295081967
"2026-03-28 09:00:00|Monitor36.txt|05",5,"2026-03-28 09:00:00|Monitor36.txt",2026-03-28T09:00:00Z,2026-04-03T09:30:00Z,"OK","M","DGRP630","21.5C","Winter","NA","08:12","M36","Batch27_DGRP",0.654553871079736,942.55757435482,0.491148906629643,235.751475182228,0.736284722222222,706.833333333333,0,1140,41820,0.686328938237335,988.313671061763,0.515592515592516,247.484407484408,0.771875,741,1980,840,33960,0.734212352532963,1057.26578764747,0.525987525987526,252.474012474012,0.838541666666667,805,2160,420,43140,0.643997224149896,927.35600277585,0.451143451143451,216.548856548857,0.740625,711,1140,300,39600,0.605829285218598,872.394170714781,0.403326403326403,193.596673596674,0.707291666666667,679,1800,300,63720,0.632893823733518,911.367106176267,0.513513513513514,246.486486486487,0.692708333333333,665,1860,720,36840,0.624566273421235,899.375433726579,0.540540540540541,259.459459459459,0.666666666666667,640,26.5,17.9937106918239,43.5,21.3448275862069
"2026-03-28 09:00:00|Monitor36.txt|06",6,"2026-03-28 09:00:00|Monitor36.txt",2026-03-28T09:00:00Z,2026-04-03T09:30:00Z,"OK","M","DGRP630","21.5C","Winter","NA","08:12","M36","Batch27_DGRP",0.72017127647263,1037.04663812059,0.746268656716418,358.208955223881,0.707118055555556,678.833333333333,0,3960,66000,0.675919500346981,973.324080499653,0.677754677754678,325.322245322245,0.675,648,3660,540,22560,0.719639139486468,1036.28036086051,0.742203742203742,356.257796257796,0.708333333333333,680,2100,1020,15900,0.774462179042332,1115.22553782096,0.808731808731809,388.191268191268,0.757291666666667,727,300,360,73740,0.709229701596114,1021.2907702984,0.704781704781705,338.295218295218,0.711458333333333,683,1020,300,71040,0.73560027758501,1059.26439972241,0.767151767151767,368.232848232848,0.719791666666667,691,0,900,7020,0.705065926439972,1015.29493407356,0.773388773388773,371.226611226611,0.670833333333333,644,19,24.4298245614035,33.5,28.1840796019901
"2026-03-28 09:00:00|Monitor36.txt|07",7,"2026-03-28 09:00:00|Monitor36.txt",2026-03-28T09:00:00Z,2026-04-03T09:30:00Z,"OK","M","DGRP630","21.5C","Winter","NA","08:12","M36","Batch27_DGRP",0.654090961694248,941.890984839718,0.693162096494273,332.717806317251,0.634548611111111,609.166666666667,4560,780,46500,0.749479528105482,1079.25052047189,0.717255717255717,344.282744282744,0.765625,735,120,2580,41280,0.746703678001388,1075.253296322,0.856548856548857,411.143451143451,0.691666666666667,664,1320,840,40140,0.678695350451076,977.321304649549,0.733887733887734,352.266112266112,0.651041666666667,625,1440,660,54720,0.62734212352533,903.372657876475,0.611226611226611,293.388773388773,0.635416666666667,610,2220,480,39300,0.584316446911867,841.415683553088,0.609147609147609,292.390852390852,0.571875,549,60,480,41580,0.535739070090215,771.46426092991,0.623700623700624,299.376299376299,0.491666666666667,472,23.5,20.0921985815603,31.5,29.973544973545
"2026-03-28 09:00:00|Monitor36.txt|09",9,"2026-03-28 09:00:00|Monitor36.txt",2026-03-28T09:00:00Z,2026-04-03T09:30:00Z,"OK","M","DGRP630","21.5C","Winter","NA","08:12","M36","Batch27_DGRP",0.725726189098484,1045.04571230182,0.740715029503645,355.543214161749,0.718229166666667,689.5,0,480,44640,0.734212352532963,1057.26578764747,0.721413721413721,346.278586278586,0.740625,711,420,840,18420,0.80499653018737,1159.19500346981,0.787941787941788,378.212058212058,0.813541666666667,781,720,360,44340,0.724496877168633,1043.27550312283,0.781704781704782,375.218295218295,0.695833333333333,668,1440,420,60180,0.758501040943789,1092.24149895906,0.8004158004158,384.199584199584,0.7375,708,300,300,40500,0.678001387925052,976.321998612075,0.642411642411642,308.357588357588,0.695833333333333,668,0,300,62460,0.652324774462179,939.347675225538,0.704781704781705,338.295218295218,0.626041666666667,601,23.3333333333333,19.5214285714286,34.1666666666667,27.7365853658537
"2026-03-28 09:00:00|Monitor36.txt|10",10,"2026-03-28 09:00:00|Monitor36.txt",2026-03-28T09:00:00Z,2026-04-03T09:30:00Z,"OK","M","DGRP630","21.5C","Winter","NA","08:12","M36","Batch27_DGRP",0.748524476333758,1077.87524592061,0.801457827143353,384.69975702881,0.722048611111111,693.166666666667,120,660,43680,0.793199167244969,1142.20680083276,0.869022869022869,417.130977130977,0.755208333333333,725,240,960,12720,0.78764746703678,1134.21235253296,0.906444906444906,435.093555093555,0.728125,699,5040,960,73200,0.700208188757807,1008.29979181124,0.738045738045738,354.261954261954,0.68125,654,4200,3600,39060,0.755031228313671,1087.24496877169,0.756756756756757,363.243243243243,0.754166666666667,724,2940,300,58380,0.742539902845246,1069.25746009715,0.777546777546778,373.222453222453,0.725,696,4080,360,62760,0.709923664122137,1022.29007633588,0.752598752598753,361.247401247401,0.688541666666667,661,14.3333333333333,31.9767441860465,32,29.3333333333333
"2026-03-28 09:00:00|Monitor36.txt|11",11,"2026-03-28 09:00:00|Monitor36.txt",2026-03-28T09:00:00Z,2026-04-03T09:30:00Z,"OK","M","DGRP630","21.5C","Winter","NA","08:12","M36","Batch27_DGRP",0.866682096979516,1248.0222196505,0.862894828184658,414.189517528636,0.868576388888889,833.833333333334,60,4200,41100,0.93060374739764,1340.0693962526,0.931392931392931,447.068607068607,0.930208333333333,893,1860,5340,54300,0.913254684247051,1315.08674531575,0.948024948024948,455.051975051975,0.895833333333333,860,4260,660,57780,0.858431644691187,1236.14156835531,0.821205821205821,394.178794178794,0.877083333333333,842,480,360,5580,0.825815405968078,1189.17418459403,0.823284823284823,395.176715176715,0.827083333333333,794,0,300,17580,0.852185981956975,1227.14781401804,0.852390852390852,409.147609147609,0.852083333333333,818,360,300,18240,0.818181818181818,1178.18181818182,0.796257796257796,382.203742203742,0.829166666666667,796,11.5,41.0289855072464,22.8333333333333,41.1751824817518
"2026-03-28 09:00:00|Monitor36.txt|12",12,"2026-03-28 09:00:00|Monitor36.txt",2026-03-28T09:00:00Z,2026-04-03T09:30:00Z,"OK","M","DGRP630","21.5C","Winter","NA","08:12","M36","Batch27_DGRP",0.640087952783243,921.72665200787,0.650121485595279,312.058313085734,0.635069444444445,609.666666666667,0,780,48240,0.705065926439972,1015.29493407356,0.550935550935551,264.449064449064,0.782291666666667,751,2520,540,17460,0.739070090215128,1064.26092990978,0.733887733887734,352.266112266112,0.741666666666667,712,780,480,72360,0.610687022900763,879.389312977099,0.654885654885655,314.345114345114,0.588541666666667,565,900,480,66240,0.58501040943789,842.414989590562,0.636174636174636,305.363825363825,0.559375,537,1380,480,40500,0.59264399722415,853.407356002776,0.688149688149688,330.31185031185,0.544791666666667,523,2520,300,4320,0.606523247744622,873.393476752255,0.632016632016632,303.367983367983,0.59375,570,27,17.6049382716049,34.6666666666667,26.9807692307692
"2026-03-28 09:00:00|Monitor36.txt|13",13,"2026-03-28 09:00:00|Monitor36.txt",2026-03-28T09:00:00Z,2026-04-03T09:30:00Z,"OK","M","DGRP630","21.5C","Winter","NA","08:12","M36","Batch27_DGRP",0.689966439069552,993.551672260155,0.617146824019438,296.23047552933,0.726388888888889,697.333333333333,660,1380,50760,0.736988202637058,1061.26301179736,0.513513513513514,246.486486486487,0.848958333333333,815,2640,720,38640,0.779319916724497,1122.22068008328,0.742203742203742,356.257796257796,0.797916666666667,766,420,300,9960,0.734906315058987,1058.26509368494,0.702702702702703,337.297297297297,0.751041666666667,721,4320,480,37200,0.680777238029147,980.319222761971,0.571725571725572,274.428274428274,0.735416666666667,706,4080,1320,38820,0.600971547536433,865.399028452464,0.546777546777547,262.453222453222,0.628125,603,4380,3480,38280,0.605135322692575,871.394864677307,0.621621621621622,298.378378378378,0.596875,573,27.3333333333333,16.0792682926829,38.3333333333333,25.0217391304348
"2026-03-28 09:00:00|Monitor36.txt|14",14,"2026-03-28 09:00:00|Monitor36.txt",2026-03-28T09:00:00Z,2026-04-03T09:30:00Z,"OK","M","DGRP630","21.5C","Winter","NA","08:12","M36","Batch27_DGRP",0.806040967480616,1160.69899317209,0.88545643873655,425.019090593544,0.766319444444445,735.666666666667,1020,2460,43980,0.795975017349063,1146.20402498265,0.796257796257796,382.203742203742,0.795833333333333,764,0,300,42720,0.801526717557252,1154.19847328244,0.925155925155925,444.074844074844,0.739583333333333,710,780,540,13560,0.788341429562804,1135.21165857044,0.856548856548857,411.143451143451,0.754166666666667,724,0,420,2760,0.800832755031228,1153.19916724497,0.885654885654886,425.114345114345,0.758333333333333,728,3000,480,40260,0.786953504510756,1133.21304649549,0.881496881496882,423.118503118503,0.739583333333333,710,4320,780,58980,0.861901457321305,1241.13809854268,0.964656964656965,463.035343035343,0.810416666666667,778,9.66666666666667,52.0172413793104,16.1666666666667,56.8969072164949
"2026-03-28 09:00:00|Monitor36.txt|15",15,"2026-03-28 09:00:00|Monitor36.txt",2026-03-28T09:00:00Z,2026-04-03T09:30:00Z,"OK","M","DGRP630","21.5C","Winter","NA","08:12","M36","Batch27_DGRP",0.826640435134822,1190.36222659414,0.750780978826796,360.374869836862,0.864583333333333,830,0,900,49020,0.879944482997918,1267.120055517,0.841995841995842,404.158004158004,0.898958333333333,863,1620,1440,48720,0.836918806384455,1205.16308119362,0.814968814968815,391.185031185031,0.847916666666667,814,60,960,43200,0.783483691880639,1128.21651630812,0.700623700623701,336.299376299376,0.825,792,1980,300,53640,0.807078417765441,1162.19292158223,0.792099792099792,380.2079002079,0.814583333333333,782,2880,1080,42720,0.828591256072172,1193.17140874393,0.615384615384615,295.384615384615,0.935416666666667,898,720,720,40920,0.82234559333796,1184.17765440666,0.735966735966736,353.264033264033,0.865625,831,26.5,17.4276729559748,32.6666666666667,28.515306122449
"2026-03-28 09:00:00|Monitor36.txt|16",16,"2026-03-28 09:00:00|Monitor36.txt",2026-03-28T09:00:00Z,2026-04-03T09:30:00Z,"OK","M","DGRP630","21.5C","Winter","NA","08:12","M36","Batch27_DGRP",0.607337113759981,874.565443814373,0.602221450885109,289.066296424853,0.609895833333333,585.5,0,960,52800,0.722414989590562,1040.27758501041,0.675675675675676,324.324324324324,0.745833333333333,716,8940,600,44820,0.68147120055517,981.318528799445,0.592515592515593,284.407484407484,0.726041666666667,697,4860,660,12240,0.675225537820958,972.324774462179,0.694386694386694,333.305613305613,0.665625,639,240,600,45300,0.524635669673838,755.475364330326,0.41995841995842,201.580041580042,0.577083333333333,554,660,480,48600,0.520471894517696,749.479528105482,0.594594594594595,285.405405405405,0.483333333333333,464,4740,600,46800,0.519083969465649,747.480916030534,0.634095634095634,304.365904365904,0.461458333333333,443,17.5,27.0571428571429,24.5,38.6462585034014
"2026-03-28 09:00:00|Monitor36.txt|17",17,"2026-03-28 09:00:00|Monitor36.txt",2026-03-28T09:00:00Z,2026-04-03T09:30:00Z,"OK","M","DGRP630","21.5C","Winter","NA","08:12","M36","Batch27_DGRP",0.620877213285499,894.063187131119,0.586254772648386,281.402290871225,0.638194444444444,612.666666666667,0,600,16380,0.707147814018043,1018.29285218598,0.683991683991684,328.316008316008,0.71875,690,4500,360,73740,0.718251214434421,1034.28174878557,0.733887733887734,352.266112266112,0.710416666666667,682,4620,540,56460,0.573213046495489,825.426786953505,0.538461538461538,258.461538461539,0.590625,567,540,360,63600,0.605135322692575,871.394864677307,0.540540540540541,259.459459459459,0.6375,612,780,300,72000,0.591256072172103,851.408743927828,0.571725571725572,274.428274428274,0.601041666666667,577,4560,300,70320,0.528105482303956,760.471894517696,0.442827442827443,212.557172557173,0.570833333333333,548,26.5,16.7861635220126,45,21.1925925925926
"2026-03-28 09:00:00|Monitor36.txt|19",19,"2026-03-28 09:00:00|Monitor36.txt",2026-03-28T09:00:00Z,2026-04-03T09:30:00Z,"OK","M","DGRP630","21.5C","Winter","NA","08:12","M36","Batch27_DGRP",0.770512672144428,1109.53824788798,0.794515793127386,381.367580701145,0.758506944444445,728.166666666667,0,720,67620,0.823039555863984,1185.17696044414,0.844074844074844,405.155925155925,0.8125,780,5100,2280,20340,0.84941013185288,1223.15058986815,0.883575883575884,424.116424116424,0.832291666666667,799,4620,360,59040,0.757807078417765,1091.24219292158,0.733887733887734,352.266112266112,0.769791666666667,739,4560,720,41280,0.699514226231784,1007.30048577377,0.750519750519751,360.24948024948,0.673958333333333,647,660,1140,39720,0.746009715475364,1074.25399028452,0.771309771309771,370.22869022869,0.733333333333333,704,4260,660,38460,0.745315752949341,1073.25468424705,0.777546777546778,373.222453222453,0.729166666666667,700,15.6666666666667,28.936170212766,22.3333333333333,42.9328358208955
"2026-03-28 09:00:00|Monitor36.txt|21",21,"2026-03-28 09:00:00|Monitor36.txt",2026-03-28T09:00:00Z,2026-04-03T09:30:00Z,"OK","M","DGRP630","21.5C","Winter","NA","08:12","M36","Batch27_DGRP",0.689272074991321,992.551787987501,0.716417910447761,343.880597014925,0.675694444444445,648.666666666667,0,2880,42420,0.710617626648161,1023.28938237335,0.67983367983368,326.320166320166,0.726041666666667,697,1260,960,24300,0.766828591256072,1104.23317140874,0.725571725571726,348.274428274428,0.7875,756,4500,780,68640,0.709923664122137,1022.29007633588,0.74012474012474,355.259875259875,0.694791666666667,667,4380,1200,60540,0.684941013185288,986.315058986815,0.760914760914761,365.239085239085,0.646875,621,4560,360,14580,0.66412213740458,956.335877862595,0.69022869022869,331.309771309771,0.651041666666667,625,4200,1260,24180,0.597501734906315,860.402498265094,0.696465696465697,334.303534303534,0.547916666666667,526,19,23.9385964912281,43.1666666666667,22.1042471042471
"2026-03-28 09:00:00|Monitor36.txt|22",22,"2026-03-28 09:00:00|Monitor36.txt",2026-03-28T09:00:00Z,2026-04-03T09:30:00Z,"OK","M","DGRP630","21.5C","Winter","NA","08:12","M36","Batch27_DGRP",0.670292790186321,965.221617868302,0.637972926067338,306.227004512322,0.686458333333333,659,0,2400,51480,0.723802914642609,1042.27619708536,0.744282744282744,357.255717255717,0.713541666666667,685,660,420,39000,0.761276891047884,1096.23872310895,0.783783783783784,376.216216216216,0.75,720,3120,480,40680,0.702984038861901,1012.29701596114,0.671517671517672,322.328482328482,0.71875,690,6840,300,48000,0.607911172796669,875.392088827203,0.442827442827443,212.557172557173,0.690625,663,4260,3240,40800,0.643997224149896,927.35600277585,0.625779625779626,300.37422037422,0.653125,627,4200,1320,43740,0.580152671755725,835.419847328244,0.555093555093555,266.444906444906,0.592708333333333,569,25.6666666666667,16.987012987013,31.5,30.7248677248677
"2026-03-28 09:00:00|Monitor36.txt|23",23,"2026-03-28 09:00:00|Monitor36.txt",2026-03-28T09:00:00Z,2026-04-03T09:30:00Z,"OK","M","DGRP630","21.5C","Winter","NA","08:12","M36","Batch27_DGRP",0.844462446476102,1216.02592292559,0.908712252690038,436.181881291218,0.812326388888889,779.833333333333,0,360,60960,0.829979181124219,1195.17002081888,0.875259875259875,420.12474012474,0.807291666666667,775,3780,16920,39720,0.888965995836225,1280.11103400416,0.964656964656965,463.035343035343,0.851041666666667,817,1260,480,15000,0.824427480916031,1187.17557251908,0.881496881496882,423.118503118503,0.795833333333333,764,1080,3000,61920,0.818875780707842,1179.18112421929,0.931392931392931,447.068607068607,0.7625,732,1620,1860,37620,0.86675919500347,1248.133240805,0.902286902286902,433.097713097713,0.848958333333333,815,660,360,61800,0.837612768910479,1206.16238723109,0.896049896049896,430.10395010395,0.808333333333333,776,10,50.1666666666667,22,41.9545454545455
"2026-03-28 09:00:00|Monitor36.txt|24",24,"2026-03-28 09:00:00|Monitor36.txt",2026-03-28T09:00:00Z,2026-04-03T09:30:00Z,"OK","M","DGRP630","21.5C","Winter","NA","08:12","M36","Batch27_DGRP",0.732785557227173,1055.21120240713,0.7500867754252,360.041652204096,0.724131944444444,695.166666666667,300,1860,17040,0.786953504510756,1133.21304649549,0.841995841995842,404.158004158004,0.759375,729,0,900,39480,0.771686328938237,1111.22831367106,0.852390852390852,409.147609147609,0.73125,702,4980,2520,73800,0.696044413601666,1002.3039555864,0.713097713097713,342.286902286902,0.6875,660,5100,3000,15960,0.764052741151978,1100.23594725885,0.783783783783784,376.216216216216,0.754166666666667,724,4560,600,43740,0.690492713393477,994.309507286606,0.661122661122661,317.338877338877,0.705208333333333,677,2580,840,44940,0.685634975711312,987.314365024289,0.642411642411642,308.357588357588,0.707291666666667,679,16.6666666666667,26.49,31.8333333333333,30.151832460733
"2026-03-28 09:00:00|Monitor36.txt|25",25,"2026-03-28 09:00:00|Monitor36.txt",2026-03-28T09:00:00Z,2026-04-03T09:30:00Z,"OK","M","DGRP630","21.5C","Winter","NA","08:12","M36","Batch27_DGRP",0.868533734521467,1250.68857771091,0.924678930926762,443.845886844846,0.840451388888889,806.833333333333,0,3780,63720,0.868147120055517,1250.13185287994,0.968814968814969,465.031185031185,0.817708333333333,785,4320,420,43500,0.886190145732131,1276.11380985427,0.981288981288981,471.018711018711,0.838541666666667,805,480,1560,6960,0.943095072866065,1358.05690492713,0.975051975051975,468.024948024948,0.927083333333333,890,1560,1020,4260,0.846634281748786,1219.15336571825,0.929313929313929,446.070686070686,0.805208333333333,773,2940,1260,4860,0.873698820263706,1258.12630117974,0.881496881496882,423.118503118503,0.869791666666667,835,3660,300,60780,0.792505204718945,1141.20749479528,0.808731808731809,388.191268191268,0.784375,753,7.33333333333333,67.1363636363637,20,46.3416666666667
"2026-03-28 09:00:00|Monitor36.txt|26",26,"2026-03-28 09:00:00|Monitor36.txt",2026-03-28T09:00:00Z,2026-04-03T09:30:00Z,"OK","M","DGRP630","21.5C","Winter","NA","08:12","M36","Batch27_DGRP",0.738224742506654,1063.04362920958,0.734467198889275,352.544255466852,0.740104166666667,710.5,0,1680,19200,0.746703678001388,1075.253296322,0.62993762993763,302.370062370062,0.805208333333333,773,4680,300,16620,0.816793893129771,1176.18320610687,0.773388773388773,371.226611226611,0.838541666666667,805,1200,360,57960,0.736294240111034,1060.26370575989,0.777546777546778,373.222453222453,0.715625,687,420,360,63000,0.707147814018043,1018.29285218598,0.771309771309771,370.22869022869,0.675,648,180,420,27900,0.721027064538515,1038.27897293546,0.744282744282744,357.255717255717,0.709375,681,2280,420,55620,0.69882026370576,1006.30117973629,0.702702702702703,337.297297297297,0.696875,669,22.6666666666667,21.5,24.5,37.7074829931973
"2026-03-28 09:00:00|Monitor36.txt|27",27,"2026-03-28 09:00:00|Monitor36.txt",2026-03-28T09:00:00Z,2026-04-03T09:30:00Z,"OK","M","DGRP630","21.5C","Winter","NA","08:12","M36","Batch27_DGRP",0.90313621108668,1300.51614396482,0.951405761888233,456.674765706352,0.878993055555556,843.833333333333,0,8220,41460,0.91117279666898,1312.08882720333,0.997920997920998,479.002079002079,0.867708333333333,833,1260,11280,37680,0.936849410131853,1349.06315058987,0.977130977130977,469.022869022869,0.916666666666667,880,2760,30300,2760,0.938931297709924,1352.06106870229,0.993762993762994,477.006237006237,0.911458333333333,875,720,32340,720,0.913254684247051,1315.08674531575,0.975051975051975,468.024948024948,0.882291666666667,847,2400,660,39420,0.852879944482998,1228.14712005552,0.902286902286902,433.097713097713,0.828125,795,3120,540,39480,0.864677307425399,1245.13532269257,0.858627858627859,412.141372141372,0.867708333333333,833,3.33333333333333,157.65,7,129.690476190476
"2026-03-28 09:00:00|Monitor36.txt|28",28,"2026-03-28 09:00:00|Monitor36.txt",2026-03-28T09:00:00Z,2026-04-03T09:30:00Z,"OK","M","DGRP630","21.5C","Winter","NA","08:12","M36","Batch27_DGRP",0.627936581414188,904.228677236431,0.450190905935439,216.091634849011,0.716840277777778,688.166666666667,0,2580,52440,0.510756419153366,735.489243580847,0.328482328482329,157.671517671518,0.602083333333333,578,720,3660,62160,0.7529493407356,1084.24705065926,0.667359667359667,320.33264033264,0.795833333333333,764,2040,660,37200,0.773768216516308,1114.22623178348,0.621621621621622,298.378378378378,0.85,816,1680,420,36960,0.588480222068008,847.411519777932,0.40956340956341,196.590436590437,0.678125,651,3780,420,53520,0.566967383761277,816.433032616239,0.330561330561331,158.669438669439,0.685416666666667,658,4200,420,55560,0.57529493407356,828.424705065926,0.347193347193347,166.652806652807,0.689583333333333,662,27,17.2037037037037,37.6666666666667,24.8274336283186
"2026-03-28 09:00:00|Monitor36.txt|29",29,"2026-03-28 09:00:00|Monitor36.txt",2026-03-28T09:00:00Z,2026-04-03T09:30:00Z,"OK","M","DGRP630","21.5C","Winter","NA","08:12","M36","Batch27_DGRP",0.931257956255063,1341.01145700729,0.936480388753905,449.510586601874,0.928645833333333,891.5,0,3780,16020,0.932685634975711,1343.06731436502,0.920997920997921,442.079002079002,0.938541666666667,901,360,1980,6840,0.879250520471895,1266.12074947953,0.856548856548857,411.143451143451,0.890625,855,360,2640,41220,0.943789035392089,1359.05621096461,0.937629937629938,450.06237006237,0.946875,909,0,5220,40860,0.970853573907009,1398.02914642609,0.964656964656965,463.035343035343,0.973958333333333,935,180,540,50460,0.968771686328938,1395.03122831367,0.966735966735967,464.033264033264,0.969791666666667,931,1200,1980,5220,0.891741845940319,1284.10825815406,0.970893970893971,466.029106029106,0.852083333333333,818,9.5,53.3859649122807,23,39.2608695652174
"2026-03-28 09:00:00|Monitor36.txt|30",30,"2026-03-28 09:00:00|Monitor36.txt",2026-03-28T09:00:00Z,2026-04-03T09:30:00Z,"OK","M","DGRP630","21.5C","Winter","NA","08:12","M36","Batch27_DGRP",0.845619719939822,1217.69239671334,0.83130857341201,399.028115237765,0.852777777777778,818.666666666667,0,2520,74520,0.841082581540597,1211.15891741846,0.704781704781705,338.295218295218,0.909375,873,2040,1080,47040,0.91117279666898,1312.08882720333,0.912681912681913,438.087318087318,0.910416666666667,874,480,540,8580,0.882720333102012,1271.1172796669,0.937629937629938,450.06237006237,0.855208333333333,821,2280,1380,55260,0.863289382373352,1243.13671061763,0.896049896049896,430.10395010395,0.846875,813,480,300,10200,0.782789729354615,1127.21721027065,0.721413721413721,346.278586278586,0.813541666666667,781,4440,900,5400,0.791811242192922,1140.20818875781,0.812889812889813,390.18711018711,0.78125,750,15.3333333333333,29.9130434782609,32.3333333333333,29.159793814433
"2026-03-28 09:00:00|Monitor36.txt|31",31,"2026-03-28 09:00:00|Monitor36.txt",2026-03-28T09:00:00Z,2026-04-03T09:30:00Z,"OK","M","DGRP630","21.5C","Winter","NA","08:12","M36","Batch27_DGRP",0.694132623538942,999.550977896077,0.616799722318639,296.063866712947,0.7328125,703.5,0,720,41580,0.808466342817488,1164.19153365718,0.711018711018711,341.288981288981,0.857291666666667,823,1380,1080,4980,0.806384455239417,1161.19361554476,0.821205821205821,394.178794178794,0.798958333333333,767,3000,420,72600,0.713393476752255,1027.28660652325,0.627858627858628,301.372141372141,0.75625,726,1620,480,48600,0.620402498265094,893.379597501735,0.561330561330561,269.43866943867,0.65,624,1020,540,48300,0.60999306037474,878.390006939625,0.449064449064449,215.550935550936,0.690625,663,480,480,74640,0.605135322692575,871.394864677307,0.528066528066528,253.471933471934,0.64375,618,29.8333333333333,15.5251396648045,41,22.7560975609756
"2026-03-28 09:00:00|Monitor36.txt|32",32,"2026-03-28 09:00:00|Monitor36.txt",2026-03-28T09:00:00Z,2026-04-03T09:30:00Z,"OK","M","DGRP630","21.5C","Winter","NA","08:12","M36","Batch27_DGRP",0.772017127647263,1111.70466381206,0.77716070808747,373.037139881985,0.769444444444445,738.666666666667,0,4140,55980,0.821651630811936,1183.17834836919,0.920997920997921,442.079002079002,0.771875,741,240,3480,39600,0.80499653018737,1159.19500346981,0.862785862785863,414.137214137214,0.776041666666667,745,60,1080,43080,0.790423317140875,1138.20957668286,0.79002079002079,379.209979209979,0.790625,759,540,960,41460,0.786259541984733,1132.21374045802,0.827442827442827,397.172557172557,0.765625,735,720,300,55320,0.739764052741152,1065.26023594726,0.744282744282744,357.255717255717,0.7375,708,2640,840,36240,0.688410825815406,991.311589174185,0.515592515592516,247.484407484408,0.775,744,25.3333333333333,18.8421052631579,40.8333333333333,22.6
"2026-03-28 09:00:00|Monitor37.txt|01",1,"2026-03-28 09:00:00|Monitor37.txt",2026-03-28T09:00:00Z,2026-04-03T09:30:00Z,"OK","M","DGRP748","21.5C","Winter","NA","08:12","M37","Batch27_DGRP",0.463488022219651,667.422751996297,0.321416174939257,154.279763970843,0.534548611111111,513.166666666667,0,4140,66180,0.863289382373352,1243.13671061763,0.758835758835759,364.241164241164,0.915625,879,3000,780,72060,0.583622484385843,840.416377515614,0.486486486486487,233.513513513514,0.632291666666667,607,660,1200,70920,0.360166551006246,518.639833448994,0.226611226611227,108.773388773389,0.427083333333333,410,780,420,70920,0.263011797362942,378.736988202637,0.114345114345114,54.8856548856549,0.3375,324,420,360,72720,0.348369188063845,501.651630811936,0.164241164241164,78.8357588357588,0.440625,423,1500,600,71640,0.364330326162387,524.635669673838,0.185031185031185,88.8149688149688,0.454166666666667,436,25.1666666666667,18.9139072847682,50.3333333333333,18.6026490066225
"2026-03-28 09:00:00|Monitor37.txt|02",2,"2026-03-28 09:00:00|Monitor37.txt",2026-03-28T09:00:00Z,2026-04-03T09:30:00Z,"OK","M","DGRP748","21.5C","Winter","NA","08:12","M37","Batch27_DGRP",0.567642633954403,817.405392894341,0.368969107948629,177.105171815342,0.667013888888889,640.333333333333,0,780,68820,0.641221374045801,923.358778625954,0.363825363825364,174.636174636175,0.780208333333333,749,0,420,64680,0.626648160999306,902.373351839001,0.540540540540541,259.459459459459,0.669791666666667,643,540,300,51480,0.568355308813324,818.431644691187,0.413721413721414,198.586278586279,0.645833333333333,620,3420,540,74100,0.509368494101319,733.490631505899,0.291060291060291,139.70893970894,0.61875,594,1560,540,70080,0.581540596807772,837.418459403192,0.307692307692308,147.692307692308,0.71875,690,1020,300,8460,0.477446217904233,687.522553782096,0.295218295218295,141.704781704782,0.56875,546,26.8333333333333,17.4223602484472,55.5,16.7867867867868
"2026-03-28 09:00:00|Monitor37.txt|03",3,"2026-03-28 09:00:00|Monitor37.txt",2026-03-28T09:00:00Z,2026-04-03T09:30:00Z,"OK","M","DGRP748","21.5C","Winter","NA","08:12","M37","Batch27_DGRP",0.702349265131351,1011.38294178914,0.524123568205484,251.579312738632,0.791493055555556,759.833333333333,0,2640,52500,0.730048577376822,1051.26995142262,0.357588357588358,171.642411642412,0.916666666666667,880,1020,360,41340,0.701596113809854,1010.29840388619,0.363825363825364,174.636174636175,0.870833333333333,836,2460,480,64800,0.687022900763359,989.312977099237,0.488565488565489,234.511434511435,0.786458333333333,755,6240,480,43080,0.711311589174185,1024.28868841083,0.623700623700624,299.376299376299,0.755208333333333,725,7020,420,49920,0.705065926439972,1015.29493407356,0.671517671517672,322.328482328482,0.721875,693,2700,480,67740,0.678001387925052,976.321998612075,0.638253638253638,306.361746361746,0.697916666666667,670,19.5,22.8888888888889,23.5,41.3049645390071
"2026-03-28 09:00:00|Monitor37.txt|04",4,"2026-03-28 09:00:00|Monitor37.txt",2026-03-28T09:00:00Z,2026-04-03T09:30:00Z,"OK","M","DGRP748","21.5C","Winter","NA","08:12","M37","Batch27_DGRP",0.566948269876172,816.405508621687,0.584519264144394,280.569246789309,0.558159722222222,535.833333333333,0,600,70560,0.706453851492019,1017.29354614851,0.711018711018711,341.288981288981,0.704166666666667,676,300,3660,300,0.693962526023595,999.306037473976,0.692307692307692,332.307692307692,0.694791666666667,667,120,1200,74640,0.581540596807772,837.418459403192,0.56964656964657,273.430353430353,0.5875,564,4920,420,77100,0.504510756419153,726.495489243581,0.444906444906445,213.555093555094,0.534375,513,3060,300,4920,0.497571131158917,716.502428868841,0.561330561330561,269.43866943867,0.465625,447,900,360,20160,0.416377515614157,599.583622484386,0.523908523908524,251.476091476092,0.3625,348,30.6666666666667,14.3695652173913,59,16.0932203389831
"2026-03-28 09:00:00|Monitor37.txt|05",5,"2026-03-28 09:00:00|Monitor37.txt",2026-03-28T09:00:00Z,2026-04-03T09:30:00Z,"OK","M","DGRP748","21.5C","Winter","NA","08:12","M37","Batch27_DGRP",0.674111792616595,970.720981367897,0.751128080527595,360.541478653245,0.635590277777778,610.166666666667,0,1080,76260,0.562803608605135,810.437196391395,0.64033264033264,307.359667359667,0.523958333333333,503,720,540,19200,0.590562109646079,850.409437890354,0.760914760914761,365.239085239085,0.505208333333333,485,3660,600,4440,0.639833448993754,921.360166551006,0.686070686070686,329.313929313929,0.616666666666667,592,600,1560,74580,0.73351839000694,1056.26648160999,0.77962577962578,374.220374220374,0.710416666666667,682,4500,1500,70740,0.736988202637058,1061.26301179736,0.833679833679834,400.16632016632,0.688541666666667,661,600,1740,75600,0.780707841776544,1124.21929215822,0.804573804573805,386.195426195426,0.76875,738,21.1666666666667,21.5354330708661,48.8333333333333,19.4095563139932
"2026-03-28 09:00:00|Monitor37.txt|06",6,"2026-03-28 09:00:00|Monitor37.txt",2026-03-28T09:00:00Z,2026-04-03T09:30:00Z,"OK","M","DGRP748","21.5C","Winter","NA","08:12","M37","Batch27_DGRP",0.497627589399375,716.5837287351,0.432141617493926,207.427976397084,0.530381944444445,509.166666666667,4980,300,75000,0.471200555170021,678.52879944483,0.272349272349272,130.727650727651,0.570833333333333,548,600,300,49260,0.39000693962526,561.609993060375,0.395010395010395,189.60498960499,0.3875,372,2700,360,36720,0.498959056210965,718.501040943789,0.422037422037422,202.577962577963,0.5375,516,540,1500,76500,0.495489243580847,713.504510756419,0.498960498960499,239.50103950104,0.49375,474,1620,600,53700,0.576682859125607,830.423317140875,0.503118503118503,241.496881496882,0.613541666666667,589,2460,420,44100,0.552394170714781,795.447605829285,0.498960498960499,239.50103950104,0.579166666666667,556,29.3333333333333,15.6193181818182,55,17.1484848484849
"2026-03-28 09:00:00|Monitor37.txt|07",7,"2026-03-28 09:00:00|Monitor37.txt",2026-03-28T09:00:00Z,2026-04-03T09:30:00Z,"OK","M","DGRP748","21.5C","Winter","NA","08:12","M37","Batch27_DGRP",0.626779307950469,902.562203448675,0.426240888580354,204.59562651857,0.727083333333333,698,0,2100,65460,0.695350451075642,1001.30464954892,0.575883575883576,276.424116424116,0.755208333333333,725,120,540,75120,0.601665510062457,866.398334489938,0.582120582120582,279.417879417879,0.611458333333333,587,13020,7680,67920,0.585704371963914,843.414295628036,0.365904365904366,175.634095634096,0.695833333333333,668,8040,300,72540,0.655100624566273,943.344899375434,0.407484407484407,195.592515592516,0.779166666666667,748,1440,480,74280,0.493407356002776,710.506592643997,0.0457380457380458,21.954261954262,0.717708333333333,689,1440,1500,70380,0.727966689798751,1048.2720333102,0.577962577962578,277.422037422037,0.803125,771,15.8333333333333,28,45.6666666666667,20.9817518248175
"2026-03-28 09:00:00|Monitor37.txt|09",9,"2026-03-28 09:00:00|Monitor37.txt",2026-03-28T09:00:00Z,2026-04-03T09:30:00Z,"OK","M","DGRP748","21.5C","Winter","NA","08:12","M37","Batch27_DGRP",0.223700960536975,322.129383173244,0.260673377299549,125.123221103783,0.205208333333333,197,360,480,78300,0.366412213740458,527.63358778626,0.295218295218295,141.704781704782,0.402083333333333,386,60,960,1440,0.140180430256766,201.859819569743,0.307692307692308,147.692307692308,0.05625,54,4500,360,8160,0.0846634281748786,121.915336571825,0.205821205821206,98.7941787941788,0.0239583333333333,23,6060,660,51720,0.201249132546842,289.798750867453,0.174636174636175,83.8253638253639,0.214583333333333,206,1020,360,77700,0.2470506592644,355.752949340736,0.185031185031185,88.8149688149688,0.278125,267,6840,660,18960,0.301873698820264,434.69812630118,0.392931392931393,188.607068607069,0.25625,246,25,17.38,38,26.0789473684211
"2026-03-28 09:00:00|Monitor37.txt|10",10,"2026-03-28 09:00:00|Monitor37.txt",2026-03-28T09:00:00Z,2026-04-03T09:30:00Z,"OK","M","DGRP748","21.5C","Winter","NA","08:12","M37","Batch27_DGRP",0.583728735100104,840.56937854415,0.514057618882332,246.74765706352,0.618576388888889,593.833333333333,0,960,71580,0.761276891047884,1096.23872310895,0.632016632016632,303.367983367983,0.826041666666667,793,240,4380,42900,0.609299097848716,877.390700902151,0.563409563409563,270.43659043659,0.632291666666667,607,780,1320,69420,0.544066620402498,783.455933379598,0.388773388773389,186.611226611227,0.621875,597,720,780,56340,0.523247744621791,753.476752255378,0.453222453222453,217.546777546778,0.558333333333333,536,1500,840,67740,0.507286606523248,730.492713393477,0.424116424116424,203.575883575884,0.548958333333333,527,2280,1140,8160,0.555863983344899,800.444136016655,0.61954261954262,297.380457380457,0.523958333333333,503,23,22,40.5,22.3415637860082
"2026-03-28 09:00:00|Monitor37.txt|11",11,"2026-03-28 09:00:00|Monitor37.txt",2026-03-28T09:00:00Z,2026-04-03T09:30:00Z,"OK","M","DGRP748","21.5C","Winter","NA","08:12","M37","Batch27_DGRP",0.677004976275894,974.887165837287,0.767788962165915,368.538701839639,0.631597222222222,606.333333333333,0,1560,6060,0.84941013185288,1223.15058986815,0.945945945945946,454.054054054054,0.801041666666667,769,1860,2340,4320,0.777238029146426,1119.22276197085,0.812889812889813,390.18711018711,0.759375,729,1200,900,4320,0.765440666204025,1102.2345593338,0.812889812889813,390.18711018711,0.741666666666667,712,1680,540,49860,0.506592643997224,729.493407356003,0.623700623700624,299.376299376299,0.447916666666667,430,2460,300,4500,0.655794587092297,944.344205412908,0.777546777546778,373.222453222453,0.594791666666667,571,1740,1380,11400,0.506592643997224,729.493407356003,0.62993762993763,302.370062370062,0.444791666666667,427,14.1666666666667,34.5529411764706,36.6666666666667,25.2636363636364
"2026-03-28 09:00:00|Monitor37.txt|12",12,"2026-03-28 09:00:00|Monitor37.txt",2026-03-28T09:00:00Z,2026-04-03T09:30:00Z,"OK","M","DGRP748","21.5C","Winter","NA","08:12","M37","Batch27_DGRP",0.78254831616711,1126.86957528064,0.807705657757723,387.698715723707,0.769965277777778,739.166666666667,0,1380,67980,0.698126301179736,1005.30187369882,0.711018711018711,341.288981288981,0.691666666666667,664,4620,4020,47040,0.775156141568355,1116.22484385843,0.8004158004158,384.199584199584,0.7625,732,120,1800,37080,0.738376127689105,1063.26162387231,0.77962577962578,374.220374220374,0.717708333333333,689,2220,900,69600,0.810548230395559,1167.1894517696,0.835758835758836,401.164241164241,0.797916666666667,766,3000,1200,71280,0.840388619014573,1210.15961138099,0.85031185031185,408.149688149688,0.835416666666667,802,180,300,70020,0.832755031228314,1199.16724496877,0.869022869022869,417.130977130977,0.814583333333333,782,16.8333333333333,27.4257425742574,28.1666666666667,34.0769230769231
"2026-03-28 09:00:00|Monitor37.txt|13",13,"2026-03-28 09:00:00|Monitor37.txt",2026-03-28T09:00:00Z,2026-04-03T09:30:00Z,"OK","M","DGRP748","21.5C","Winter","NA","08:12","M37","Batch27_DGRP",0.757898391389885,1091.37368360144,0.694203401596668,333.217632766401,0.789756944444445,758.166666666667,600,3600,57000,0.931991672449688,1342.06800832755,0.83991683991684,403.160083160083,0.978125,939,4800,960,72120,0.677307425399028,975.322692574601,0.694386694386694,333.305613305613,0.66875,642,1620,900,76200,0.529493407356003,762.470506592644,0.428274428274428,205.571725571726,0.580208333333333,557,1500,660,70860,0.705759888965996,1016.29424011103,0.538461538461538,258.461538461539,0.789583333333333,758,60,780,70620,0.853573907009021,1229.14642609299,0.760914760914761,365.239085239085,0.9,864,600,480,65220,0.848716169326856,1222.15128383067,0.902286902286902,433.097713097713,0.821875,789,24.1666666666667,19.2965517241379,34.3333333333333,27.3155339805825
"2026-03-28 09:00:00|Monitor37.txt|14",14,"2026-03-28 09:00:00|Monitor37.txt",2026-03-28T09:00:00Z,2026-04-03T09:30:00Z,"OK","M","DGRP748","21.5C","Winter","NA","08:12","M37","Batch27_DGRP",0.577595185742391,831.737067469043,0.688649774383895,330.551891704269,0.522048611111111,501.166666666667,360,480,60840,0.598195697432339,861.401804302568,0.646569646569647,310.35343035343,0.573958333333333,551,1320,420,77880,0.460791117279667,663.53920888272,0.681912681912682,327.318087318087,0.35,336,4560,5340,4560,0.501734906315059,722.498265093685,0.586278586278586,281.413721413721,0.459375,441,660,420,73740,0.615544760582929,886.384455239417,0.765072765072765,367.234927234927,0.540625,519,3180,420,70980,0.611380985426787,880.388619014573,0.694386694386694,333.305613305613,0.569791666666667,547,360,780,11160,0.677307425399028,975.322692574601,0.754677754677755,362.245322245322,0.638541666666667,613,22.8333333333333,19.6496350364964,44.3333333333333,21.6240601503759
"2026-03-28 09:00:00|Monitor37.txt|15",15,"2026-03-28 09:00:00|Monitor37.txt",2026-03-28T09:00:00Z,2026-04-03T09:30:00Z,"OK","M","DGRP748","21.5C","Winter","NA","08:12","M37","Batch27_DGRP",0.671681518342784,967.22138641361,0.524470669906283,251.745921555016,0.7453125,715.5,0,1800,33420,0.850104094378904,1224.14989590562,0.744282744282744,357.255717255717,0.903125,867,6480,420,70080,0.425399028452464,612.574600971548,0.201663201663202,96.7983367983368,0.5375,516,300,720,39600,0.739070090215128,1064.26092990978,0.575883575883576,276.424116424116,0.820833333333333,788,4800,780,56040,0.60999306037474,878.390006939625,0.41995841995842,201.580041580042,0.705208333333333,677,240,360,66060,0.731436502428869,1053.26856349757,0.575883575883576,276.424116424116,0.809375,777,1500,600,71760,0.673143650242887,969.326856349757,0.627858627858628,301.372141372141,0.695833333333333,668,26.5,16.7169811320755,43.3333333333333,22.0730769230769
"2026-03-28 09:00:00|Monitor37.txt|16",16,"2026-03-28 09:00:00|Monitor37.txt",2026-03-28T09:00:00Z,2026-04-03T09:30:00Z,"OK","M","DGRP748","21.5C","Winter","NA","08:12","M37","Batch27_DGRP",0.572156000462909,823.90464066659,0.534189517528636,256.410968413745,0.591145833333333,567.5,0,1200,70740,0.674531575294934,971.325468424705,0.355509355509356,170.644490644491,0.834375,801,1680,2520,69000,0.534351145038168,769.465648854962,0.45945945945946,220.540540540541,0.571875,549,1200,600,53460,0.641221374045801,923.358778625954,0.636174636174636,305.363825363825,0.64375,618,4980,540,52380,0.532963219986121,767.467036780014,0.461538461538462,221.538461538462,0.56875,546,900,1080,66720,0.571131158917419,822.428868841083,0.66943866943867,321.330561330561,0.521875,501,2220,660,71460,0.477446217904233,687.522553782096,0.61954261954262,297.380457380457,0.40625,390,22,22.9166666666667,37.3333333333333,23.9955357142857
"2026-03-28 09:00:00|Monitor37.txt|17",17,"2026-03-28 09:00:00|Monitor37.txt",2026-03-28T09:00:00Z,2026-04-03T09:30:00Z,"OK","M","DGRP748","21.5C","Winter","NA","08:12","M37","Batch27_DGRP",0.518921421131814,747.246846429811,0.417216244359597,200.263797292607,0.569791666666667,547,0,3180,39300,0.639139486467731,920.360860513532,0.282744282744283,135.717255717256,0.817708333333333,785,1800,420,48120,0.524635669673838,755.475364330326,0.35966735966736,172.640332640333,0.607291666666667,583,8760,540,47520,0.433032616238723,623.566967383761,0.30977130977131,148.690228690229,0.494791666666667,475,480,540,71160,0.439278278972935,632.560721721027,0.345114345114345,165.654885654886,0.486458333333333,467,660,300,6720,0.542678695350451,781.45732130465,0.594594594594595,285.405405405405,0.516666666666667,496,1080,300,6960,0.534351145038168,769.465648854962,0.611226611226611,293.388773388773,0.495833333333333,476,20,23.925,40.3333333333333,23.2768595041322
"2026-03-28 09:00:00|Monitor37.txt|18",18,"2026-03-28 09:00:00|Monitor37.txt",2026-03-28T09:00:00Z,2026-04-03T09:30:00Z,"OK","M","DGRP748","21.5C","Winter","NA","08:12","M37","Batch27_DGRP",0.421363268140262,606.763106121977,0.553627212773343,265.741062131204,0.355208333333333,341,1260,3000,72240,0.638445523941707,919.361554476058,0.611226611226611,293.388773388773,0.652083333333333,626,120,1440,45120,0.485079805690493,698.51492019431,0.654885654885655,314.345114345114,0.4,384,4140,600,61140,0.353920888272033,509.646079111728,0.434511434511435,208.565488565489,0.313541666666667,301,4440,960,44040,0.405968077723803,584.594031922276,0.476091476091476,228.523908523909,0.370833333333333,356,4560,780,7080,0.304649548924358,438.695350451076,0.505197505197505,242.494802494803,0.204166666666667,196,1620,420,4320,0.338653712699514,487.661346287301,0.634095634095634,304.365904365904,0.190625,183,24,19.9583333333333,36.8333333333333,25.3212669683258
"2026-03-28 09:00:00|Monitor37.txt|22",22,"2026-03-28 09:00:00|Monitor37.txt",2026-03-28T09:00:00Z,2026-04-03T09:30:00Z,"OK","M","DGRP748","21.5C","Winter","NA","08:12","M37","Batch27_DGRP",0.569957180881842,820.738340469853,0.499479347448803,239.750086775425,0.605208333333333,581,660,480,78780,0.562803608605135,810.437196391395,0.403326403326403,193.596673596674,0.642708333333333,617,1080,720,71220,0.365024288688411,525.634975711312,0.411642411642412,197.588357588358,0.341666666666667,328,780,420,65280,0.560027758501041,806.439972241499,0.46985446985447,225.530145530146,0.605208333333333,581,180,540,13080,0.612074947952811,881.387925052047,0.656964656964657,315.343035343035,0.589583333333333,566,2400,1140,52260,0.633587786259542,912.36641221374,0.511434511434512,245.488565488566,0.694791666666667,667,780,1080,70740,0.684941013185288,986.315058986815,0.540540540540541,259.459459459459,0.757291666666667,727,26,18.3589743589744,46.3333333333333,20.0287769784173
"2026-03-28 09:00:00|Monitor37.txt|23",23,"2026-03-28 09:00:00|Monitor37.txt",2026-03-28T09:00:00Z,2026-04-03T09:30:00Z,"OK","M","DGRP748","21.5C","Winter","NA","08:12","M37","Batch27_DGRP",0.707441268371716,1018.71542645527,0.766400555362721,367.872266574106,0.677951388888889,650.833333333333,0,2520,10320,0.895905621096461,1290.1040943789,0.898128898128898,431.101871101871,0.894791666666667,859,2400,2160,69180,0.734906315058987,1058.26509368494,0.794178794178794,381.205821205821,0.705208333333333,677,2580,840,69660,0.689798750867453,993.310201249133,0.681912681912682,327.318087318087,0.69375,666,780,600,67800,0.594031922276197,855.405968077724,0.708939708939709,340.29106029106,0.536458333333333,515,180,840,12780,0.680777238029147,980.319222761971,0.827442827442827,397.172557172557,0.607291666666667,583,60,1260,5880,0.648854961832061,934.351145038168,0.686070686070686,329.313929313929,0.630208333333333,605,22.8333333333333,22,41.6666666666667,21.488
"2026-03-28 09:00:00|Monitor37.txt|24",24,"2026-03-28 09:00:00|Monitor37.txt",2026-03-28T09:00:00Z,2026-04-03T09:30:00Z,"OK","M","DGRP748","21.5C","Winter","NA","08:12","M37","Batch27_DGRP",0.466844115264437,672.255525980789,0.497396737244013,238.750433877126,0.4515625,433.5,0,1260,68880,0.643997224149896,927.35600277585,0.61954261954262,297.380457380457,0.65625,630,660,2460,55380,0.469812630117974,676.530187369882,0.505197505197505,242.494802494803,0.452083333333333,434,5520,480,57180,0.485773768216516,699.514226231784,0.442827442827443,212.557172557173,0.507291666666667,487,6840,480,72540,0.470506592643997,677.529493407356,0.505197505197505,242.494802494803,0.453125,435,3720,420,67860,0.443442054129077,638.556557945871,0.444906444906445,213.555093555094,0.442708333333333,425,1620,300,8580,0.285912560721721,411.714087439278,0.461538461538462,221.538461538462,0.197916666666667,190,28.6666666666667,14.8837209302326,43.1666666666667,22.6563706563707
"2026-03-28 09:00:00|Monitor37.txt|25",25,"2026-03-28 09:00:00|Monitor37.txt",2026-03-28T09:00:00Z,2026-04-03T09:30:00Z,"OK","M","DGRP748","21.5C","Winter","NA","08:12","M37","Batch27_DGRP",0.543339891216295,782.409443351464,0.528288788615064,253.578618535231,0.550868055555556,528.833333333333,0,1620,73260,0.546842470506593,787.453157529494,0.571725571725572,274.428274428274,0.534375,513,1740,300,71940,0.564191533657183,812.435808466343,0.613305613305613,294.386694386694,0.539583333333333,518,360,300,50400,0.514226231783484,740.485773768217,0.455301455301455,218.544698544699,0.54375,522,0,480,71760,0.605135322692575,871.394864677307,0.575883575883576,276.424116424116,0.619791666666667,595,1380,300,70860,0.557251908396947,802.442748091603,0.494802494802495,237.505197505198,0.588541666666667,565,780,600,71820,0.471894517696044,679.528105482304,0.457380457380458,219.54261954262,0.479166666666667,460,28.3333333333333,16.7882352941177,48.1666666666667,19.598615916955
"2026-03-28 09:00:00|Monitor37.txt|26",26,"2026-03-28 09:00:00|Monitor37.txt",2026-03-28T09:00:00Z,2026-04-03T09:30:00Z,"OK","M","DGRP748","21.5C","Winter","NA","08:12","M37","Batch27_DGRP",0.544149982640898,783.575975002893,0.416174939257202,199.763970843457,0.608159722222222,583.833333333333,1920,360,49740,0.726578764746704,1046.27342123525,0.571725571725572,274.428274428274,0.804166666666667,772,1620,2640,47580,0.613462873004858,883.386537126995,0.532224532224532,255.467775467776,0.654166666666667,628,12360,780,14520,0.453851492019431,653.546148507981,0.251559251559252,120.748440748441,0.555208333333333,533,11880,300,68340,0.48646773074254,700.513532269257,0.295218295218295,141.704781704782,0.582291666666667,559,6960,480,9960,0.505204718945177,727.494795281055,0.328482328482329,157.671517671518,0.59375,570,2460,360,5460,0.47883414295628,689.521165857044,0.517671517671518,248.482328482328,0.459375,441,19.1666666666667,26.0521739130435,44.8333333333333,20.1486988847584
"2026-03-28 09:00:00|Monitor37.txt|27",27,"2026-03-28 09:00:00|Monitor37.txt",2026-03-28T09:00:00Z,2026-04-03T09:30:00Z,"OK","M","DGRP748","21.5C","Winter","NA","08:12","M37","Batch27_DGRP",0.584423099178336,841.569262816804,0.515098923984728,247.247483512669,0.619097222222222,594.333333333333,960,3180,43440,0.672449687716863,968.327550312283,0.540540540540541,259.459459459459,0.738541666666667,709,480,600,67200,0.641915336571825,924.358084663428,0.532224532224532,255.467775467776,0.696875,669,1500,300,54180,0.640527411519778,922.35947258848,0.590436590436591,283.409563409563,0.665625,639,4380,480,68820,0.600277585010409,864.39972241499,0.455301455301455,218.544698544699,0.672916666666667,646,0,360,57180,0.625954198473283,901.374045801527,0.590436590436591,283.409563409563,0.64375,618,2160,300,16440,0.324080499653019,466.675919500347,0.378378378378378,181.621621621622,0.296875,285,26.1666666666667,17.5541401273885,38.8333333333333,24.3476394849785
"2026-03-28 09:00:00|Monitor37.txt|28",28,"2026-03-28 09:00:00|Monitor37.txt",2026-03-28T09:00:00Z,2026-04-03T09:30:00Z,"OK","M","DGRP748","21.5C","Winter","NA","08:12","M37","Batch27_DGRP",0.667631061219766,961.388728156463,0.743491843110031,356.876084692815,0.6296875,604.5,1260,3180,62940,0.921582234559334,1327.07841776544,0.923076923076923,443.076923076923,0.920833333333333,884,2160,2820,71040,0.767522553782096,1105.23247744622,0.823284823284823,395.176715176715,0.739583333333333,710,1020,960,45240,0.716863289382373,1032.28313671062,0.8004158004158,384.199584199584,0.675,648,4260,360,72420,0.574600971547536,827.425399028452,0.627858627858628,301.372141372141,0.547916666666667,526,4260,360,71340,0.483691880638446,696.516308119362,0.565488565488566,271.434511434512,0.442708333333333,425,2340,2340,68640,0.539902845246357,777.460097154754,0.715176715176715,343.284823284823,0.452083333333333,434,24,19.4861111111111,37,25.0585585585586
"2026-03-28 09:00:00|Monitor37.txt|29",29,"2026-03-28 09:00:00|Monitor37.txt",2026-03-28T09:00:00Z,2026-04-03T09:30:00Z,"OK","M","DGRP748","21.5C","Winter","NA","08:12","M37","Batch27_DGRP",0.459784747135748,662.090035875477,0.416522040958001,199.93057965984,0.481423611111111,462.166666666667,0,4200,67320,0.810548230395559,1167.1894517696,0.773388773388773,371.226611226611,0.829166666666667,796,8040,1080,78420,0.396252602359473,570.603747397641,0.399168399168399,191.600831600832,0.394791666666667,379,3000,360,76680,0.396946564885496,571.603053435115,0.224532224532225,107.775467775468,0.483333333333333,464,4860,300,72720,0.389312977099237,560.610687022901,0.316008316008316,151.683991683992,0.426041666666667,409,1440,540,40980,0.367800138792505,529.632199861208,0.278586278586279,133.721413721414,0.4125,396,720,360,4260,0.39764052741152,572.602359472588,0.507276507276507,243.492723492724,0.342708333333333,329,29.5,15.180790960452,60.8333333333333,15.4931506849315
"2026-03-28 09:00:00|Monitor37.txt|30",30,"2026-03-28 09:00:00|Monitor37.txt",2026-03-28T09:00:00Z,2026-04-03T09:30:00Z,"OK","M","DGRP748","21.5C","Winter","NA","08:12","M37","Batch27_DGRP",0.602245110519616,867.232959148247,0.635543214161749,305.06074279764,0.585590277777778,562.166666666667,0,1500,76080,0.759195003469813,1093.24080499653,0.733887733887734,352.266112266112,0.771875,741,2580,2280,73380,0.647467036780014,932.35253296322,0.67983367983368,326.320166320166,0.63125,606,540,960,70680,0.573213046495489,825.426786953505,0.621621621621622,298.378378378378,0.548958333333333,527,600,720,74580,0.458015267175573,659.541984732825,0.474012474012474,227.525987525988,0.45,432,960,1080,70380,0.58292852185982,839.41707147814,0.673596673596674,323.326403326403,0.5375,516,300,420,67980,0.59264399722415,853.407356002776,0.62993762993763,302.370062370062,0.573958333333333,551,34.8333333333333,13.1291866028708,50,18.6433333333333
"2026-03-28 09:00:00|Monitor37.txt|31",31,"2026-03-28 09:00:00|Monitor37.txt",2026-03-28T09:00:00Z,2026-04-03T09:30:00Z,"OK","M","DGRP748","21.5C","Winter","NA","08:12","M37","Batch27_DGRP",0.456544381437334,657.423909269761,0.488024991322457,234.25199583478,0.440798611111111,423.166666666667,4380,540,78060,0.454545454545455,654.545454545455,0.444906444906445,213.555093555094,0.459375,441,1860,420,69780,0.421235253296322,606.578764746704,0.395010395010395,189.60498960499,0.434375,417,4320,1020,77880,0.408743927827897,588.591256072172,0.35966735966736,172.640332640333,0.433333333333333,416,4620,720,75420,0.446911866759195,643.553088133241,0.457380457380458,219.54261954262,0.441666666666667,424,180,660,68220,0.532269257460097,766.46773074254,0.62993762993763,302.370062370062,0.483333333333333,464,1920,300,5100,0.473976405274115,682.526023594726,0.636174636174636,305.363825363825,0.392708333333333,377,28,16.6964285714286,46,20.1992753623188
"2026-03-28 09:00:00|Monitor37.txt|32",32,"2026-03-28 09:00:00|Monitor37.txt",2026-03-28T09:00:00Z,2026-04-03T09:30:00Z,"OK","M","DGRP748","21.5C","Winter","NA","08:12","M37","Batch27_DGRP",0.61439648188867,884.730933919685,0.653592502603263,313.724401249566,0.594791666666667,571,0,4500,7560,0.791811242192922,1140.20818875781,0.833679833679834,400.16632016632,0.770833333333333,740,3900,360,71940,0.739764052741152,1065.26023594726,0.783783783783784,376.216216216216,0.717708333333333,689,1620,1680,67920,0.50381679389313,725.496183206107,0.503118503118503,241.496881496882,0.504166666666667,484,1260,1320,68760,0.550312283136711,792.449687716863,0.621621621621622,298.378378378378,0.514583333333333,494,1620,1740,70500,0.516308119361555,743.483691880639,0.577962577962578,277.422037422037,0.485416666666667,466,2640,900,72000,0.583622484385843,840.416377515614,0.598752598752599,287.401247401247,0.576041666666667,553,26.5,17.5220125786164,42.6666666666667,22.08203125
"2026-03-28 09:00:00|Monitor38.txt|01",1,"2026-03-28 09:00:00|Monitor38.txt",2026-03-28T09:00:00Z,2026-04-03T09:30:00Z,"OK","M","DGRP765","21.5C","Winter","NA","08:12","M38","Batch27_DGRP",0.207730586737646,299.13204490221,0.234640749739674,112.627559875043,0.194270833333333,186.5,7200,300,19020,0.0374739764052741,53.9625260235947,0.0457380457380458,21.954261954262,0.0333333333333333,32,4380,780,84780,0.114503816793893,164.885496183206,0.0997920997920998,47.9002079002079,0.121875,117,5340,300,72000,0.0895211658570437,128.910478834143,0.114345114345114,54.8856548856549,0.0770833333333333,74,4740,300,75060,0.342817487855656,493.657182512144,0.224532224532225,107.775467775468,0.402083333333333,386,60,660,60240,0.371963913948647,535.628036086051,0.509355509355509,244.490644490645,0.303125,291,540,300,59520,0.289382373351839,416.710617626648,0.411642411642412,197.588357588358,0.228125,219,22.1666666666667,24.1503759398496,26.3333333333333,33.879746835443
"2026-03-28 09:00:00|Monitor38.txt|02",2,"2026-03-28 09:00:00|Monitor38.txt",2026-03-28T09:00:00Z,2026-04-03T09:30:00Z,"OK","M","DGRP765","21.5C","Winter","NA","08:12","M38","Batch27_DGRP",0.220576322184932,317.629903946303,0.152724748351267,73.3078792086081,0.254513888888889,244.333333333333,74760,720,74760,0.0201249132546843,28.9798750867453,0,0,0.0302083333333333,29,10740,300,78720,0.151977793199167,218.848022206801,0.0311850311850312,14.968814968815,0.2125,204,6120,600,76620,0.240111034004164,345.759888965996,0.0498960498960499,23.950103950104,0.335416666666667,322,8700,360,45420,0.255378209576683,367.744621790423,0.024948024948025,11.975051975052,0.370833333333333,356,240,420,14220,0.313671061762665,451.686328938237,0.413721413721414,198.586278586279,0.263541666666667,253,1260,480,75600,0.341429562803609,491.658570437196,0.395010395010395,189.60498960499,0.314583333333333,302,14.6666666666667,37.4886363636364,44.5,19.561797752809
"2026-03-28 09:00:00|Monitor38.txt|03",3,"2026-03-28 09:00:00|Monitor38.txt",2026-03-28T09:00:00Z,2026-04-03T09:30:00Z,"OK","M","DGRP765","21.5C","Winter","NA","08:12","M38","Batch27_DGRP",0.350190950121514,504.27496817498,0.280111072544256,134.453314821243,0.385243055555556,369.833333333333,0,4380,79980,0.309507286606523,445.690492713393,0.264033264033264,126.735966735967,0.332291666666667,319,10980,600,22680,0.287994448299792,414.7120055517,0.380457380457381,182.619542619543,0.241666666666667,232,8580,420,72840,0.270645385149202,389.729354614851,0.114345114345114,54.8856548856549,0.348958333333333,335,6000,360,66660,0.287300485773768,413.712699514226,0.158004158004158,75.8419958419959,0.352083333333333,338,540,360,61980,0.531575294934074,765.468424705066,0.424116424116424,203.575883575884,0.585416666666667,562,1320,720,49620,0.413601665510062,595.58639833449,0.338877338877339,162.661122661123,0.451041666666667,433,17.5,25.1238095238095,22,44.6363636363636
"2026-03-28 09:00:00|Monitor38.txt|04",4,"2026-03-28 09:00:00|Monitor38.txt",2026-03-28T09:00:00Z,2026-04-03T09:30:00Z,"OK","M","DGRP765","21.5C","Winter","NA","08:12","M38","Batch27_DGRP",0.243143154727462,350.126142807545,0.279763970843457,134.286706004859,0.224826388888889,215.833333333333,11760,360,63360,0.168632893823734,242.831367106176,0.114345114345114,54.8856548856549,0.195833333333333,188,9780,600,24180,0.211658570437196,304.788341429563,0.241164241164241,115.758835758836,0.196875,189,14160,780,22140,0.21235253296322,305.787647467037,0.25987525987526,124.740124740125,0.188541666666667,181,8340,300,16920,0.22970159611381,330.770298403886,0.357588357588358,171.642411642412,0.165625,159,7620,660,77460,0.290076335877863,417.709923664122,0.25987525987526,124.740124740125,0.305208333333333,293,8580,720,18240,0.34559333795975,497.65440666204,0.442827442827443,212.557172557173,0.296875,285,11.1666666666667,36.7761194029851,18.3333333333333,55.4
"2026-03-28 09:00:00|Monitor38.txt|06",6,"2026-03-28 09:00:00|Monitor38.txt",2026-03-28T09:00:00Z,2026-04-03T09:30:00Z,"OK","M","DGRP765","21.5C","Winter","NA","08:12","M38","Batch27_DGRP",0.231223238051152,332.961462793658,0.151336341548074,72.6414439430753,0.271180555555556,260.333333333333,26640,300,49080,0.138098542678695,198.861901457321,0.0124740124740125,5.98752598752599,0.201041666666667,193,660,1020,84600,0.108258154059681,155.89174184594,0.0706860706860707,33.9293139293139,0.127083333333333,122,1140,480,76080,0.152671755725191,219.847328244275,0.124740124740125,59.8752598752599,0.166666666666667,160,11160,780,73440,0.213740458015267,307.786259541985,0.139293139293139,66.8607068607069,0.251041666666667,241,420,900,50520,0.3705759888966,533.629424011104,0.316008316008316,151.683991683992,0.397916666666667,382,360,1380,67980,0.405274115197779,583.594725884802,0.24948024948025,119.75051975052,0.483333333333333,464,9.83333333333333,65.9661016949153,17.3333333333333,44.9519230769231
"2026-03-28 09:00:00|Monitor38.txt|07",7,"2026-03-28 09:00:00|Monitor38.txt",2026-03-28T09:00:00Z,2026-04-03T09:30:00Z,"OK","M","DGRP765","21.5C","Winter","NA","08:12","M38","Batch27_DGRP",0.234232149056822,337.294294641824,0.185699409927109,89.1357167650122,0.258506944444444,248.166666666667,12240,360,83220,0.0680083275503123,97.9319916724497,0.0395010395010395,18.960498960499,0.0822916666666667,79,10860,540,74340,0.294934073560028,424.70506592644,0.180873180873181,86.8191268191268,0.352083333333333,338,1020,360,72300,0.419847328244275,604.580152671756,0.343035343035343,164.656964656965,0.458333333333333,440,180,300,73200,0.273421235253296,393.726578764747,0.268191268191268,128.731808731809,0.276041666666667,265,6060,600,72120,0.142262317834837,204.857737682165,0.145530145530146,69.8544698544699,0.140625,135,180,360,64200,0.207494795281055,298.792505204719,0.139293139293139,66.8607068607069,0.241666666666667,232,21.3333333333333,30.7109375,32.5,23.6974358974359
"2026-03-28 09:00:00|Monitor38.txt|08",8,"2026-03-28 09:00:00|Monitor38.txt",2026-03-28T09:00:00Z,2026-04-03T09:30:00Z,"OK","M","DGRP765","21.5C","Winter","NA","08:12","M38","Batch27_DGRP",0.350422404814258,504.608262932531,0.17077403679278,81.9715376605345,0.440277777777778,422.666666666667,0,2340,68400,0.311589174184594,448.688410825815,0.16008316008316,76.8399168399168,0.3875,372,1200,1860,72180,0.308119361554476,443.691880638446,0.120582120582121,57.8794178794179,0.402083333333333,386,720,360,69540,0.386537126995142,556.613462873005,0.130977130977131,62.8690228690229,0.514583333333333,494,46260,300,63420,0.204024982650937,293.795975017349,0.0228690228690229,10.977130977131,0.294791666666667,283,3540,780,73320,0.409437890353921,589.590562109646,0.349272349272349,167.650727650728,0.439583333333333,422,3780,420,42540,0.483691880638446,696.516308119362,0.245322245322245,117.754677754678,0.603125,579,8.66666666666667,59.7692307692308,33.3333333333333,27.165
"2026-03-28 09:00:00|Monitor38.txt|09",9,"2026-03-28 09:00:00|Monitor38.txt",2026-03-28T09:00:00Z,2026-04-03T09:30:00Z,"OK","M","DGRP765","21.5C","Winter","NA","08:12","M38","Batch27_DGRP",0.338502488137947,487.443582918644,0.326969802152031,156.945505032975,0.344270833333333,330.5,0,540,78600,0.203331020124913,292.796668979875,0.145530145530146,69.8544698544699,0.232291666666667,223,4320,360,79680,0.196391394864677,282.803608605135,0.191268191268191,91.8087318087318,0.198958333333333,191,900,2280,80460,0.394170714781402,567.605829285219,0.467775467775468,224.532224532225,0.357291666666667,343,1020,420,80880,0.38029146426093,547.619708535739,0.353430353430353,169.64656964657,0.39375,378,2160,1740,62400,0.448993754337266,646.551006245663,0.461538461538462,221.538461538462,0.442708333333333,425,4260,420,67140,0.408049965301874,587.591950034698,0.343035343035343,164.656964656965,0.440625,423,24.8333333333333,18.489932885906,34.3333333333333,27.8495145631068
"2026-03-28 09:00:00|Monitor38.txt|10",10,"2026-03-28 09:00:00|Monitor38.txt",2026-03-28T09:00:00Z,2026-04-03T09:30:00Z,"OK","M","DGRP765","21.5C","Winter","NA","08:12","M38","Batch27_DGRP",0.187478301122555,269.96875361648,0.248871919472405,119.458521346755,0.156770833333333,150.5,0,1080,1200,0.0471894517696044,67.9528105482304,0.103950103950104,49.8960498960499,0.01875,18,4620,360,22260,0.118667591950035,170.88133240805,0.224532224532225,107.775467775468,0.065625,63,8400,420,19440,0.0811936155447606,116.918806384455,0.118503118503119,56.8814968814969,0.0625,60,3900,540,5460,0.206800832755031,297.793199167245,0.324324324324324,155.675675675676,0.147916666666667,142,4320,300,77460,0.340041637751561,489.659958362249,0.395010395010395,189.60498960499,0.3125,300,4320,660,52020,0.330326162387231,475.669673837613,0.324324324324324,155.675675675676,0.333333333333333,320,18.1666666666667,23.3119266055046,25,40.2066666666666
"2026-03-28 09:00:00|Monitor38.txt|11",11,"2026-03-28 09:00:00|Monitor38.txt",2026-03-28T09:00:00Z,2026-04-03T09:30:00Z,"OK","M","DGRP765","21.5C","Winter","NA","08:12","M38","Batch27_DGRP",0.221849322995024,319.463025112834,0.188823325234294,90.635196112461,0.238368055555556,228.833333333333,0,1680,78960,0.154753643303262,222.845246356697,0.155925155925156,74.8440748440749,0.154166666666667,148,480,840,81540,0.103400416377516,148.896599583622,0.0602910602910603,28.9397089397089,0.125,120,12720,420,78120,0.172102706453851,247.827897293546,0.120582120582121,57.8794178794179,0.197916666666667,190,0,300,80280,0.20471894517696,294.795281054823,0.207900207900208,99.7920997920998,0.203125,195,2940,300,77580,0.381679389312977,549.618320610687,0.340956340956341,163.659043659044,0.402083333333333,386,900,480,72000,0.315752949340736,454.684247050659,0.251559251559252,120.748440748441,0.347916666666667,334,19.6666666666667,22.4322033898305,29.8333333333333,32.949720670391
"2026-03-28 09:00:00|Monitor38.txt|12",12,"2026-03-28 09:00:00|Monitor38.txt",2026-03-28T09:00:00Z,2026-04-03T09:30:00Z,"OK","M","DGRP765","21.5C","Winter","NA","08:12","M38","Batch27_DGRP",0.175558384446245,252.804073602592,0.201666088163832,96.7997223186394,0.1625,156,960,660,82260,0.0811936155447606,116.918806384455,0.112266112266112,53.8877338877339,0.065625,63,4500,300,83160,0.155447605829285,223.844552394171,0.278586278586279,133.721413721414,0.09375,90,4200,360,85020,0.0541290770298404,77.9458709229702,0.103950103950104,49.8960498960499,0.0291666666666667,28,9360,360,74760,0.206800832755031,297.793199167245,0.178794178794179,85.8212058212058,0.220833333333333,212,1800,300,76860,0.267869535045108,385.732130464955,0.266112266112266,127.733887733888,0.26875,258,5520,600,26160,0.287300485773768,413.712699514226,0.268191268191268,128.731808731809,0.296875,285,20,22.1,20.6666666666667,47.8548387096774
"2026-03-28 09:00:00|Monitor38.txt|13",13,"2026-03-28 09:00:00|Monitor38.txt",2026-03-28T09:00:00Z,2026-04-03T09:30:00Z,"OK","M","DGRP765","21.5C","Winter","NA","08:12","M38","Batch27_DGRP",0.242680245341974,349.459553292443,0.19368274904547,92.9677195418257,0.2671875,256.5,0,3420,74400,0.181818181818182,261.818181818182,0.193347193347193,92.8066528066528,0.176041666666667,169,14520,360,83760,0.201943095072866,290.798056904927,0.126819126819127,60.8731808731809,0.239583333333333,230,360,420,78720,0.207494795281055,298.792505204719,0.114345114345114,54.8856548856549,0.254166666666667,244,6540,480,74940,0.190839694656489,274.809160305344,0.0623700623700624,29.9376299376299,0.255208333333333,245,3960,420,46320,0.337265787647467,485.662734212353,0.303534303534304,145.696465696466,0.354166666666667,340,4200,300,18180,0.336571825121443,484.663428174879,0.361746361746362,173.638253638254,0.323958333333333,311,15.3333333333333,26.5978260869565,30.3333333333333,33.489010989011
"2026-03-28 09:00:00|Monitor38.txt|14",14,"2026-03-28 09:00:00|Monitor38.txt",2026-03-28T09:00:00Z,2026-04-03T09:30:00Z,"OK","M","DGRP765","21.5C","Winter","NA","08:12","M38","Batch27_DGRP",0.245110519615785,352.959148246731,0.26449149600833,126.955918083999,0.235416666666667,226,10500,300,79920,0.114503816793893,164.885496183206,0.11018711018711,52.8898128898129,0.116666666666667,112,420,660,77580,0.213046495489244,306.786953504511,0.268191268191268,128.731808731809,0.185416666666667,178,14700,360,72900,0.207494795281055,298.792505204719,0.108108108108108,51.8918918918919,0.257291666666667,247,10200,420,74760,0.228313671061763,328.771686328938,0.155925155925156,74.8440748440749,0.264583333333333,254,10080,2940,10080,0.299097848716169,430.700902151284,0.388773388773389,186.611226611227,0.254166666666667,244,1740,300,67440,0.408049965301874,587.591950034698,0.555093555093555,266.444906444906,0.334375,321,14.6666666666667,29.4090909090909,15.1666666666667,65.6483516483517
"2026-03-28 09:00:00|Monitor38.txt|15",15,"2026-03-28 09:00:00|Monitor38.txt",2026-03-28T09:00:00Z,2026-04-03T09:30:00Z,"OK","M","DGRP765","21.5C","Winter","NA","08:12","M38","Batch27_DGRP",0.699108899432936,1006.71681518343,0.691426587990281,331.884762235335,0.702951388888889,674.833333333333,0,480,71580,0.782095766828591,1126.21790423317,0.667359667359667,320.33264033264,0.839583333333333,806,540,2880,58860,0.886884108258154,1277.11311589174,0.8004158004158,384.199584199584,0.930208333333333,893,4620,840,59400,0.749479528105482,1079.25052047189,0.802494802494803,385.197505197505,0.722916666666667,694,540,840,74040,0.519083969465649,747.480916030534,0.513513513513514,246.486486486487,0.521875,501,0,2700,57360,0.659958362248439,950.340041637752,0.715176715176715,343.284823284823,0.632291666666667,607,120,780,1020,0.596807772380292,859.40319222762,0.648648648648649,311.351351351351,0.570833333333333,548,36.1666666666667,12.4792626728111,50.5,18.4191419141914
"2026-03-28 09:00:00|Monitor38.txt|16",16,"2026-03-28 09:00:00|Monitor38.txt",2026-03-28T09:00:00Z,2026-04-03T09:30:00Z,"OK","M","DGRP765","21.5C","Winter","NA","08:12","M38","Batch27_DGRP",0.188404119893531,271.301932646684,0.232558139534884,111.627906976744,0.166319444444444,159.666666666667,6660,300,77280,0.214434420541291,308.785565579459,0.230769230769231,110.769230769231,0.20625,198,7140,300,77640,0.120055517002082,172.879944482998,0.193347193347193,92.8066528066528,0.0833333333333333,80,4860,540,77700,0.196391394864677,282.803608605135,0.228690228690229,109.77130977131,0.180208333333333,173,9720,300,71580,0.117279666897988,168.882720333102,0.101871101871102,48.8981288981289,0.125,120,5160,540,12780,0.232477446217904,334.767522553782,0.32016632016632,153.679833679834,0.188541666666667,181,6000,900,10080,0.249132546842471,358.750867453158,0.318087318087318,152.681912681913,0.214583333333333,206,21.1666666666667,19.5511811023622,25,40.7133333333333
"2026-03-28 09:00:00|Monitor38.txt|17",17,"2026-03-28 09:00:00|Monitor38.txt",2026-03-28T09:00:00Z,2026-04-03T09:30:00Z,"OK","M","DGRP765","21.5C","Winter","NA","08:12","M38","Batch27_DGRP",0.121166531651429,174.479805578058,0.221797986810135,106.463033668865,0.0708333333333333,68,840,2580,80940,0.169326856349757,243.83067314365,0.162162162162162,77.8378378378378,0.172916666666667,166,7980,720,19920,0.13324080499653,191.866759195003,0.355509355509356,170.644490644491,0.021875,21,7560,300,22740,0.0624566273421235,89.9375433726579,0.166320166320166,79.8336798336798,0.0104166666666667,10,9060,300,30660,0.0575988896599584,82.9424011103401,0.108108108108108,51.8918918918919,0.0322916666666667,31,20160,300,22020,0.0555170020818876,79.9444829979181,0.0748440748440749,35.9251559251559,0.0458333333333333,44,6420,300,13620,0.249132546842471,358.750867453158,0.463617463617464,222.536382536383,0.141666666666667,136,13,29.3205128205128,9.66666666666667,109.206896551724
"2026-03-28 09:00:00|Monitor38.txt|18",18,"2026-03-28 09:00:00|Monitor38.txt",2026-03-28T09:00:00Z,2026-04-03T09:30:00Z,"OK","M","DGRP765","21.5C","Winter","NA","08:12","M38","Batch27_DGRP",0.168036106932068,241.971993982178,0.261367580701145,125.45643873655,0.121354166666667,116.5,0,360,1200,0.0895211658570437,128.910478834143,0.247401247401247,118.752598752599,0.0104166666666667,10,4320,300,9000,0.0534351145038168,76.9465648854962,0.14968814968815,71.8503118503119,0.00520833333333333,5,5280,300,6480,0.0409437890353921,58.9590562109646,0.0873180873180873,41.9126819126819,0.0177083333333333,17,3420,300,5640,0.182512144344205,262.817487855656,0.234927234927235,112.765072765073,0.15625,150,120,360,68100,0.338653712699514,487.661346287301,0.293139293139293,140.706860706861,0.361458333333333,347,2820,300,17580,0.303261623872311,436.696738376128,0.555093555093555,266.444906444906,0.177083333333333,170,19.8333333333333,31.8655462184874,19.6666666666667,40.3813559322034
"2026-03-28 09:00:00|Monitor38.txt|19",19,"2026-03-28 09:00:00|Monitor38.txt",2026-03-28T09:00:00Z,2026-04-03T09:30:00Z,"OK","M","DGRP765","21.5C","Winter","NA","08:12","M38","Batch27_DGRP",0.24244879064923,349.126258534892,0.187782020131899,90.1353696633114,0.269791666666667,259,13140,540,79020,0.11380985426787,163.886190145732,0.0914760914760915,43.9085239085239,0.125,120,8160,420,76080,0.173490631505899,249.826509368494,0.112266112266112,53.8877338877339,0.204166666666667,196,4200,300,78060,0.130464954892436,187.869535045108,0.108108108108108,51.8918918918919,0.141666666666667,136,7440,300,77760,0.161693268563498,232.838306731437,0.0644490644490645,30.9355509355509,0.210416666666667,202,8340,2940,47160,0.468424705065926,674.531575294934,0.388773388773389,186.611226611227,0.508333333333333,488,3420,300,71100,0.405968077723803,584.594031922276,0.35966735966736,172.640332640333,0.429166666666667,412,14,36.6904761904762,22.5,40.5333333333334
"2026-03-28 09:00:00|Monitor38.txt|20",20,"2026-03-28 09:00:00|Monitor38.txt",2026-03-28T09:00:00Z,2026-04-03T09:30:00Z,"OK","M","DGRP765","21.5C","Winter","NA","08:12","M38","Batch27_DGRP",0.310959379701423,447.78150677005,0.611593196806664,293.564734467199,0.160590277777778,154.166666666667,420,540,16020,0.283136710617627,407.716863289382,0.698544698544699,335.301455301455,0.075,72,7920,420,9540,0.377515614156836,543.622484385843,0.692307692307692,332.307692307692,0.219791666666667,211,4860,1260,24420,0.208882720333102,300.791117279667,0.372141372141372,178.627858627859,0.127083333333333,122,4620,1380,13020,0.302567661346287,435.697432338654,0.652806652806653,313.347193347193,0.127083333333333,122,1380,300,12300,0.440666204024983,634.559333795975,0.765072765072765,367.234927234927,0.278125,267,3480,480,19560,0.251908396946565,362.748091603053,0.482328482328482,231.517671517672,0.136458333333333,131,14.6666666666667,30.1704545454545,16.3333333333333,60.1938775510204
"2026-03-28 09:00:00|Monitor38.txt|21",21,"2026-03-28 09:00:00|Monitor38.txt",2026-03-28T09:00:00Z,2026-04-03T09:30:00Z,"OK","M","DGRP765","21.5C","Winter","NA","08:12","M38","Batch27_DGRP",0.161092466149751,231.973151255642,0.275945852134675,132.454009024644,0.103645833333333,99.5,20400,360,27360,0.029146426092991,41.970853573907,0.0873180873180873,41.9126819126819,0,0,8280,600,17820,0.142262317834837,204.857737682165,0.35966735966736,172.640332640333,0.0333333333333333,32,8820,600,26520,0.105482303955586,151.894517696044,0.27027027027027,129.72972972973,0.0229166666666667,22,5460,300,16380,0.173490631505899,249.826509368494,0.286902286902287,137.713097713098,0.116666666666667,112,8880,480,74820,0.233171408743928,335.766828591256,0.193347193347193,92.8066528066528,0.253125,243,9480,4620,9480,0.282442748091603,406.717557251908,0.455301455301455,218.544698544699,0.195833333333333,188,14.5,39.2988505747127,12.3333333333333,69.972972972973
"2026-03-28 09:00:00|Monitor38.txt|22",22,"2026-03-28 09:00:00|Monitor38.txt",2026-03-28T09:00:00Z,2026-04-03T09:30:00Z,"OK","M","DGRP765","21.5C","Winter","NA","08:12","M38","Batch27_DGRP",0.292095822242796,420.617984029626,0.323498785144047,155.279416869143,0.276388888888889,265.333333333333,4260,300,28740,0.104094378903539,149.895905621096,0.139293139293139,66.8607068607069,0.0864583333333333,83,900,540,28740,0.172796668979875,248.82720333102,0.191268191268191,91.8087318087318,0.163541666666667,157,5100,360,13740,0.143650242886884,206.856349757113,0.191268191268191,91.8087318087318,0.119791666666667,115,4620,420,26400,0.419153365718251,603.580846634282,0.492723492723493,236.507276507277,0.382291666666667,367,1680,600,67260,0.467730742539903,673.53226925746,0.417879417879418,200.582120582121,0.492708333333333,473,2580,780,49020,0.444136016655101,639.555863983345,0.505197505197505,242.494802494803,0.413541666666667,397,18.3333333333333,28.5181818181818,27.3333333333333,33.079268292683
"2026-03-28 09:00:00|Monitor38.txt|23",23,"2026-03-28 09:00:00|Monitor38.txt",2026-03-28T09:00:00Z,2026-04-03T09:30:00Z,"OK","M","DGRP765","21.5C","Winter","NA","08:12","M38","Batch27_DGRP",0.245920611040389,354.12567989816,0.267962513016314,128.622006247831,0.234895833333333,225.5,0,300,78420,0.170020818875781,244.829979181124,0.224532224532225,107.775467775468,0.142708333333333,137,120,540,74100,0.143650242886884,206.856349757113,0.24948024948025,119.75051975052,0.090625,87,6840,840,81300,0.191533657182512,275.808466342818,0.153846153846154,73.8461538461539,0.210416666666667,202,8880,300,81000,0.258848022206801,372.741151977793,0.189189189189189,90.8108108108108,0.29375,282,3900,420,21240,0.369188063844552,531.630811936155,0.486486486486487,233.513513513514,0.310416666666667,298,1320,600,79020,0.342123525329632,492.65787647467,0.303534303534304,145.696465696466,0.361458333333333,347,16.5,27.8282828282828,16.8333333333333,57.3861386138614
"2026-03-28 09:00:00|Monitor38.txt|24",24,"2026-03-28 09:00:00|Monitor38.txt",2026-03-28T09:00:00Z,2026-04-03T09:30:00Z,"OK","M","DGRP765","21.5C","Winter","NA","08:12","M38","Batch27_DGRP",0.0439763916213401,63.3260039347298,0.0649080180492885,31.1558486636585,0.0335069444444444,32.1666666666667,29940,660,30660,0.0242886884108258,34.9757113115892,0,0,0.0364583333333333,35,16440,780,22920,0.0229007633587786,32.9770992366412,0.0686070686070686,32.9313929313929,0,0,32760,360,32760,0.00416377515614157,5.99583622484386,0,0,0.00625,6,55320,540,83400,0.0187369882026371,26.9812630117974,0,0,0.028125,27,8040,1620,26700,0.0860513532269257,123.913948646773,0.147609147609148,70.8523908523909,0.0552083333333333,53,1560,300,73560,0.107564191533657,154.892435808466,0.172557172557173,82.8274428274428,0.075,72,4.33333333333333,122.038461538462,5.33333333333333,170.5
"2026-03-28 09:00:00|Monitor38.txt|25",25,"2026-03-28 09:00:00|Monitor38.txt",2026-03-28T09:00:00Z,2026-04-03T09:30:00Z,"OK","M","DGRP765","21.5C","Winter","NA","08:12","M38","Batch27_DGRP",0.485476218030321,699.085753963662,0.554321416174939,266.074279763971,0.451041666666667,433,1140,2040,11460,0.492019430950729,708.507980569049,0.783783783783784,376.216216216216,0.345833333333333,332,300,2940,82440,0.497571131158917,716.502428868841,0.455301455301455,218.544698544699,0.51875,498,1560,480,75720,0.346287300485774,498.653712699514,0.274428274428274,131.725571725572,0.382291666666667,367,1320,300,49680,0.605829285218598,872.394170714781,0.644490644490645,309.355509355509,0.586458333333333,563,180,300,18300,0.452463566967384,651.547536433033,0.521829521829522,250.47817047817,0.417708333333333,401,960,480,51840,0.519083969465649,747.480916030534,0.646569646569647,310.35343035343,0.455208333333333,437,33.8333333333333,13.7142857142857,59.3333333333333,15.5842696629214
"2026-03-28 09:00:00|Monitor38.txt|26",26,"2026-03-28 09:00:00|Monitor38.txt",2026-03-28T09:00:00Z,2026-04-03T09:30:00Z,"OK","M","DGRP765","21.5C","Winter","NA","08:12","M38","Batch27_DGRP",0.277282721907187,399.287119546349,0.269698021520306,129.455050329747,0.281076388888889,269.833333333333,6060,300,72360,0.13324080499653,191.866759195003,0.191268191268191,91.8087318087318,0.104166666666667,100,4200,480,76140,0.241498959056211,347.758501040944,0.268191268191268,128.731808731809,0.228125,219,7080,420,72360,0.286606523247745,412.713393476752,0.24948024948025,119.75051975052,0.305208333333333,293,4320,300,67380,0.249826509368494,359.750173490632,0.14968814968815,71.8503118503119,0.3,288,1920,420,47820,0.478140180430257,688.52185981957,0.490644490644491,235.509355509356,0.471875,453,4380,480,74100,0.273421235253296,393.726578764747,0.266112266112266,127.733887733888,0.277083333333333,266,22.6666666666667,18.6617647058824,28.1666666666667,35.508875739645
"2026-03-28 09:00:00|Monitor38.txt|27",27,"2026-03-28 09:00:00|Monitor38.txt",2026-03-28T09:00:00Z,2026-04-03T09:30:00Z,"OK","M","DGRP765","21.5C","Winter","NA","08:12","M38","Batch27_DGRP",0.198935308413378,286.466844115264,0.253731343283582,121.791044776119,0.171527777777778,164.666666666667,11220,300,79620,0.099236641221374,142.900763358779,0.128898128898129,61.8711018711019,0.084375,81,10200,540,29280,0.083969465648855,120.916030534351,0.122661122661123,58.8773388773389,0.0645833333333333,62,5160,300,18720,0.0458015267175573,65.9541984732825,0.0852390852390852,40.9147609147609,0.0260416666666667,25,1800,420,16740,0.190839694656489,274.809160305344,0.313929313929314,150.686070686071,0.129166666666667,124,480,540,13740,0.349757113115892,503.650242886884,0.56964656964657,273.430353430353,0.239583333333333,230,900,900,74880,0.423317140874393,609.576682859126,0.299376299376299,143.700623700624,0.485416666666667,466,18.1666666666667,32.045871559633,21.3333333333333,39.6875
"2026-03-28 09:00:00|Monitor38.txt|28",28,"2026-03-28 09:00:00|Monitor38.txt",2026-03-28T09:00:00Z,2026-04-03T09:30:00Z,"OK","M","DGRP765","21.5C","Winter","NA","08:12","M38","Batch27_DGRP",0.224279597268835,322.962620067122,0.150989239847275,72.4748351266921,0.2609375,250.5,0,3960,78300,0.16793893129771,241.832061068702,0.1995841995842,95.8004158004158,0.152083333333333,146,23700,300,76980,0.137404580152672,197.862595419847,0.0727650727650728,34.9272349272349,0.169791666666667,163,12780,1020,20460,0.231089521165857,332.768910478834,0.243243243243243,116.756756756757,0.225,216,4440,660,77040,0.258154059680777,371.741845940319,0.141372141372141,67.8586278586279,0.316666666666667,304,8400,1080,77820,0.237335183900069,341.7626648161,0.118503118503119,56.8814968814969,0.296875,285,10680,1560,70620,0.312977099236641,450.687022900763,0.128898128898129,61.8711018711019,0.405208333333333,389,9.16666666666667,37.1454545454545,23.1666666666667,46.9856115107914
"2026-03-28 09:00:00|Monitor38.txt|29",29,"2026-03-28 09:00:00|Monitor38.txt",2026-03-28T09:00:00Z,2026-04-03T09:30:00Z,"OK","M","DGRP765","21.5C","Winter","NA","08:12","M38","Batch27_DGRP",0.194421941904872,279.967596343016,0.195418257549462,93.8007636237418,0.193923611111111,186.166666666667,420,1260,1980,0.121443442054129,174.878556557946,0.286902286902287,137.713097713098,0.0385416666666667,37,11820,300,77580,0.165163081193616,237.834836918806,0.116424116424116,55.8835758835759,0.189583333333333,182,6600,480,67500,0.175572519083969,252.824427480916,0.247401247401247,118.752598752599,0.139583333333333,134,9540,1440,73200,0.213740458015267,307.786259541985,0.108108108108108,51.8918918918919,0.266666666666667,256,6960,1260,74460,0.269951422623178,388.730048577377,0.228690228690229,109.77130977131,0.290625,279,4200,360,68820,0.21998612074948,316.780013879251,0.182952182952183,87.8170478170478,0.238541666666667,229,15,29.3111111111111,24.8333333333333,39.7651006711409
"2026-03-28 09:00:00|Monitor38.txt|30",30,"2026-03-28 09:00:00|Monitor38.txt",2026-03-28T09:00:00Z,2026-04-03T09:30:00Z,"OK","M","DGRP765","21.5C","Winter","NA","08:12","M38","Batch27_DGRP",0.233884967017706,336.794352505497,0.300937174592156,144.449843804235,0.200347222222222,192.333333333333,0,1080,81480,0.287300485773768,413.712699514226,0.286902286902287,137.713097713098,0.2875,276,6720,300,81840,0.183206106870229,263.81679389313,0.343035343035343,164.656964656965,0.103125,99,2400,300,16020,0.214434420541291,308.785565579459,0.286902286902287,137.713097713098,0.178125,171,180,300,23040,0.22206800832755,319.777931991673,0.25987525987526,124.740124740125,0.203125,195,1860,300,24180,0.21235253296322,305.787647467037,0.27027027027027,129.72972972973,0.183333333333333,176,4080,360,55020,0.28383067314365,408.716169326856,0.357588357588358,171.642411642412,0.246875,237,23.3333333333333,19.3428571428571,29.8333333333333,32.5977653631285
"2026-03-28 09:00:00|Monitor38.txt|31",31,"2026-03-28 09:00:00|Monitor38.txt",2026-03-28T09:00:00Z,2026-04-03T09:30:00Z,"OK","M","DGRP765","21.5C","Winter","NA","08:12","M38","Batch27_DGRP",0.16039810207152,230.973266982988,0.180145782714335,86.469975702881,0.150520833333333,144.5,17400,660,17400,0.0208188757807078,29.9791811242193,0.0395010395010395,18.960498960499,0.0114583333333333,11,6300,300,83880,0.102012491325468,146.897987508675,0.153846153846154,73.8461538461539,0.0760416666666667,73,9480,660,78780,0.200555170020819,288.799444829979,0.284823284823285,136.715176715177,0.158333333333333,152,1680,360,74880,0.080499653018737,115.919500346981,0.0498960498960499,23.950103950104,0.0958333333333333,92,7860,360,61380,0.359472588480222,517.64052741152,0.226611226611227,108.773388773389,0.426041666666667,409,3780,300,13680,0.198473282442748,285.801526717557,0.324324324324324,155.675675675676,0.135416666666667,130,15.8333333333333,26.8,17.3333333333333,58.1923076923077
"2026-03-28 09:00:00|Monitor40.txt|01",1,"2026-03-28 09:00:00|Monitor40.txt",2026-03-28T09:00:00Z,2026-04-03T09:30:00Z,"OK","M","DGRP821","21.5C","Winter","NA","08:12","M40","Batch27_DGRP",0.645527138062724,929.559078810323,0.465810482471364,223.589031586255,0.735416666666667,706,180,300,39900,0.580846634281749,836.419153365718,0.284823284823285,136.715176715177,0.729166666666667,700,180,1620,64260,0.648160999306037,933.351839000694,0.367983367983368,176.632016632017,0.788541666666667,757,1800,5520,38280,0.683553088133241,984.316446911867,0.484407484407485,232.515592515593,0.783333333333333,752,660,600,76080,0.677307425399028,975.322692574601,0.58004158004158,278.419958419958,0.726041666666667,697,240,2880,49740,0.607911172796669,875.392088827203,0.509355509355509,244.490644490645,0.657291666666667,631,660,2940,59520,0.675225537820958,972.324774462179,0.56964656964657,273.430353430353,0.728125,699,13,40.2820512820513,24,37.4652777777778
"2026-03-28 09:00:00|Monitor40.txt|03",3,"2026-03-28 09:00:00|Monitor40.txt",2026-03-28T09:00:00Z,2026-04-03T09:30:00Z,"OK","M","DGRP821","21.5C","Winter","NA","08:12","M40","Batch27_DGRP",0.623423214905682,897.729429464182,0.525511975008678,252.245748004165,0.672395833333333,645.5,0,2400,62760,0.623872310895212,898.376127689105,0.638253638253638,306.361746361746,0.616666666666667,592,6480,1020,57480,0.682165163081194,982.317834836919,0.667359667359667,320.33264033264,0.689583333333333,662,1380,420,39360,0.728660652324775,1049.27133934768,0.665280665280665,319.334719334719,0.760416666666667,730,3420,420,39240,0.492019430950729,708.507980569049,0.0727650727650728,34.9272349272349,0.702083333333333,674,2880,780,40020,0.547536433032616,788.452463566967,0.415800415800416,199.5841995842,0.613541666666667,589,240,300,48420,0.66412213740458,956.335877862595,0.688149688149688,330.31185031185,0.652083333333333,626,12.5,35.92,13.3333333333333,73.5875
"2026-03-28 09:00:00|Monitor40.txt|05",5,"2026-03-28 09:00:00|Monitor40.txt",2026-03-28T09:00:00Z,2026-04-03T09:30:00Z,"OK","M","DGRP821","21.5C","Winter","NA","08:12","M40","Batch27_DGRP",0.414998264089804,597.597500289318,0.254772648385977,122.290871225269,0.495138888888889,475.333333333333,2820,540,38820,0.558639833448994,804.441360166551,0.299376299376299,143.700623700624,0.688541666666667,661,10440,900,37260,0.373351839000694,537.626648160999,0.237006237006237,113.762993762994,0.441666666666667,424,5700,1140,37620,0.323386537126995,465.676613462873,0.207900207900208,99.7920997920998,0.38125,366,10140,1800,36840,0.383761276891048,552.616238723109,0.207900207900208,99.7920997920998,0.471875,453,5460,300,49080,0.405968077723803,584.594031922276,0.247401247401247,118.752598752599,0.485416666666667,466,1440,300,34920,0.444136016655101,639.555863983345,0.328482328482329,157.671517671518,0.502083333333333,482,12.1666666666667,33.8356164383562,21,48.2857142857143
"2026-03-28 09:00:00|Monitor40.txt|06",6,"2026-03-28 09:00:00|Monitor40.txt",2026-03-28T09:00:00Z,2026-04-03T09:30:00Z,"OK","M","DGRP821","21.5C","Winter","NA","08:12","M40","Batch27_DGRP",0.744126837171624,1071.54264552714,0.790697674418605,379.53488372093,0.720833333333333,692,1680,1140,50940,0.546842470506593,787.453157529494,0.382536382536383,183.617463617464,0.629166666666667,604,2820,1080,50820,0.712005551700208,1025.2879944483,0.615384615384615,295.384615384615,0.760416666666667,730,540,2160,2760,0.818875780707842,1179.18112421929,0.987525987525988,474.012474012474,0.734375,705,1860,660,45540,0.823039555863984,1185.17696044414,0.970893970893971,466.029106029106,0.748958333333333,719,1020,300,3840,0.786259541984733,1132.21374045802,0.858627858627859,412.141372141372,0.75,720,300,1080,43560,0.777238029146426,1119.22276197085,0.927234927234927,445.072765072765,0.702083333333333,674,12.1666666666667,43.0821917808219,21.3333333333333,41.6875
"2026-03-28 09:00:00|Monitor40.txt|07",7,"2026-03-28 09:00:00|Monitor40.txt",2026-03-28T09:00:00Z,2026-04-03T09:30:00Z,"OK","M","DGRP821","21.5C","Winter","NA","08:12","M40","Batch27_DGRP",0.67318597384562,969.387802337692,0.589031586254773,282.735161402291,0.715277777777778,686.666666666667,0,1200,73920,0.512838306731437,738.487161693269,0.195426195426195,93.8045738045738,0.671875,645,660,420,48420,0.680083275503123,979.319916724497,0.449064449064449,215.550935550936,0.795833333333333,764,780,1740,8460,0.611380985426787,880.388619014573,0.767151767151767,368.232848232848,0.533333333333333,512,1680,720,3900,0.73560027758501,1059.26439972241,0.646569646569647,310.35343035343,0.780208333333333,749,4740,540,56160,0.714781401804303,1029.2852185982,0.683991683991684,328.316008316008,0.730208333333333,701,9120,6480,39660,0.784871616932686,1130.21512838307,0.794178794178794,381.205821205821,0.780208333333333,749,16.5,27.040404040404,34.8333333333333,27.6363636363636
"2026-03-28 09:00:00|Monitor40.txt|09",9,"2026-03-28 09:00:00|Monitor40.txt",2026-03-28T09:00:00Z,2026-04-03T09:30:00Z,"OK","M","DGRP821","21.5C","Winter","NA","08:12","M40","Batch27_DGRP",0.703390811248698,1012.88276819813,0.812217979868101,389.864630336689,0.648958333333333,623,0,1740,46980,0.634975711311589,914.365024288688,0.567567567567568,272.432432432432,0.66875,642,300,1500,47700,0.730048577376822,1051.26995142262,0.908523908523908,436.091476091476,0.640625,615,1320,480,46620,0.703678001387925,1013.29632199861,0.752598752598753,361.247401247401,0.679166666666667,652,2280,960,5220,0.76058292852186,1095.23941707148,0.844074844074844,405.155925155925,0.71875,690,2400,540,49380,0.688410825815406,991.311589174185,0.869022869022869,417.130977130977,0.597916666666667,574,1920,2280,4260,0.700902151283831,1009.29909784872,0.925155925155925,444.074844074844,0.588541666666667,565,9.83333333333333,50.8983050847458,18.6666666666667,49.375
"2026-03-28 09:00:00|Monitor40.txt|10",10,"2026-03-28 09:00:00|Monitor40.txt",2026-03-28T09:00:00Z,2026-04-03T09:30:00Z,"OK","M","DGRP821","21.5C","Winter","NA","08:12","M40","Batch27_DGRP",0.695405624349034,1001.38409906261,0.557792433182923,267.740367927803,0.764236111111111,733.666666666667,120,420,66900,0.600277585010409,864.39972241499,0.349272349272349,167.650727650728,0.726041666666667,697,1080,300,66720,0.690492713393477,994.309507286606,0.476091476091476,228.523908523909,0.797916666666667,766,240,420,36360,0.659264399722415,949.340735600278,0.532224532224532,255.467775467776,0.722916666666667,694,1080,3360,73260,0.64469118667592,928.355308813324,0.571725571725572,274.428274428274,0.68125,654,2400,540,37980,0.784871616932686,1130.21512838307,0.632016632016632,303.367983367983,0.861458333333333,827,600,420,60480,0.793199167244969,1142.20680083276,0.787941787941788,378.212058212058,0.795833333333333,764,27,17.7283950617284,37.1666666666667,24.9013452914798
"2026-03-28 09:00:00|Monitor40.txt|12",12,"2026-03-28 09:00:00|Monitor40.txt",2026-03-28T09:00:00Z,2026-04-03T09:30:00Z,"OK","M","DGRP821","21.5C","Winter","NA","08:12","M40","Batch27_DGRP",0.72190718666821,1039.54634880222,0.519611246095106,249.413398125651,0.823090277777778,790.166666666667,180,840,65640,0.707841776544067,1019.29215822346,0.467775467775468,224.532224532225,0.828125,795,480,480,34020,0.740458015267176,1066.25954198473,0.561330561330561,269.43866943867,0.830208333333333,797,1320,2940,33480,0.724496877168633,1043.27550312283,0.482328482328482,231.517671517672,0.845833333333333,812,5220,420,60240,0.632893823733518,911.367106176267,0.405405405405405,194.594594594595,0.746875,717,240,3960,63060,0.729354614850798,1050.27064538515,0.563409563409563,270.43659043659,0.8125,780,2220,300,75180,0.796668979875087,1147.20333102013,0.64033264033264,307.359667359667,0.875,840,23.6666666666667,20.3098591549296,25.6666666666667,36.2922077922078
"2026-03-28 09:00:00|Monitor40.txt|15",15,"2026-03-28 09:00:00|Monitor40.txt",2026-03-28T09:00:00Z,2026-04-03T09:30:00Z,"OK","M","DGRP821","21.5C","Winter","NA","08:12","M40","Batch27_DGRP",0.692628168036107,997.384561971994,0.641443943075321,307.893092676154,0.718229166666667,689.5,9360,660,41580,0.717557251908397,1033.28244274809,0.51975051975052,249.48024948025,0.816666666666667,784,960,1620,52620,0.785565579458709,1131.21443442054,0.804573804573805,386.195426195426,0.776041666666667,745,12720,1560,40860,0.572519083969466,824.427480916031,0.340956340956341,163.659043659044,0.688541666666667,661,5580,300,7740,0.580846634281749,836.419153365718,0.656964656964657,315.343035343035,0.542708333333333,521,4800,300,39780,0.758501040943789,1092.24149895906,0.762993762993763,366.237006237006,0.75625,726,5640,9960,39300,0.740458015267176,1066.25954198473,0.762993762993763,366.237006237006,0.729166666666667,700,14.8333333333333,33.2696629213483,21.3333333333333,43.1328125
"2026-03-28 09:00:00|Monitor40.txt|17",17,"2026-03-28 09:00:00|Monitor40.txt",2026-03-28T09:00:00Z,2026-04-03T09:30:00Z,"OK","M","DGRP821","21.5C","Winter","NA","08:12","M40","Batch27_DGRP",0.69876171739382,1006.2168730471,0.609163484901076,292.398472752516,0.743576388888889,713.833333333333,5520,360,40380,0.639833448993754,921.360166551006,0.417879417879418,200.582120582121,0.751041666666667,721,7140,300,39120,0.72588480222068,1045.27411519778,0.536382536382536,257.463617463618,0.820833333333333,788,660,360,39600,0.693268563497571,998.306731436502,0.817047817047817,392.182952182952,0.63125,606,2580,360,53340,0.71616932685635,1031.28383067314,0.615384615384615,295.384615384615,0.766666666666667,736,1680,660,39660,0.649548924358085,935.350451075642,0.476091476091476,228.523908523909,0.736458333333333,707,780,1080,49740,0.767522553782096,1105.23247744622,0.792099792099792,380.2079002079,0.755208333333333,725,11.3333333333333,47.0588235294118,10.3333333333333,86.3548387096775
"2026-03-28 09:00:00|Monitor40.txt|21",21,"2026-03-28 09:00:00|Monitor40.txt",2026-03-28T09:00:00Z,2026-04-03T09:30:00Z,"OK","M","DGRP821","21.5C","Winter","NA","08:12","M40","Batch27_DGRP",0.508853141997454,732.748524476334,0.310656022214509,149.114890662964,0.607986111111111,583.666666666667,16440,1200,50340,0.541290770298404,779.458709229702,0.108108108108108,51.8918918918919,0.758333333333333,728,10260,660,59820,0.579458709229702,834.42054129077,0.195426195426195,93.8045738045738,0.771875,741,660,1140,63960,0.566273421235253,815.433726578765,0.261954261954262,125.738045738046,0.71875,690,12600,5460,43980,0.412213740458015,593.587786259542,0.20997920997921,100.790020790021,0.513541666666667,493,4680,420,5220,0.515614156835531,742.484385843165,0.673596673596674,323.326403326403,0.436458333333333,419,3660,660,43860,0.438584316446912,631.561415683553,0.417879417879418,200.582120582121,0.448958333333333,431,8.5,63.4901960784314,19.1666666666667,46.1391304347826
"2026-03-28 09:00:00|Monitor40.txt|22",22,"2026-03-28 09:00:00|Monitor40.txt",2026-03-28T09:00:00Z,2026-04-03T09:30:00Z,"OK","M","DGRP821","21.5C","Winter","NA","08:12","M40","Batch27_DGRP",0.666242333063303,959.388959611156,0.528288788615064,253.578618535231,0.735243055555556,705.833333333333,0,2460,73320,0.63705759888966,917.36294240111,0.376299376299376,180.623700623701,0.767708333333333,737,2820,1440,36840,0.669673837612769,964.330326162387,0.440748440748441,211.559251559252,0.784375,753,1800,2400,76980,0.702984038861901,1012.29701596114,0.706860706860707,339.293139293139,0.701041666666667,673,3420,540,61320,0.686328938237335,988.313671061763,0.542619542619543,260.45738045738,0.758333333333333,728,360,300,66240,0.58292852185982,839.41707147814,0.397089397089397,190.602910602911,0.676041666666667,649,2340,480,63720,0.719639139486468,1036.28036086051,0.711018711018711,341.288981288981,0.723958333333333,695,17.5,33.3809523809524,29.5,28.0395480225989
"2026-03-28 09:00:00|Monitor40.txt|25",25,"2026-03-28 09:00:00|Monitor40.txt",2026-03-28T09:00:00Z,2026-04-03T09:30:00Z,"OK","M","DGRP821","21.5C","Winter","NA","08:12","M40","Batch27_DGRP",0.632449947922694,910.72792500868,0.407497396737244,195.598750433877,0.744965277777778,715.166666666667,0,3420,36720,0.640527411519778,922.35947258848,0.311850311850312,149.68814968815,0.805208333333333,773,1740,300,34860,0.577376821651631,831.422623178349,0.20997920997921,100.790020790021,0.761458333333333,731,660,1680,44460,0.601665510062457,866.398334489938,0.345114345114345,165.654885654886,0.730208333333333,701,780,3540,35520,0.693268563497571,998.306731436502,0.571725571725572,274.428274428274,0.754166666666667,724,540,420,34620,0.609299097848716,877.390700902151,0.46985446985447,225.530145530146,0.679166666666667,652,3000,420,35280,0.673837612768911,970.326162387231,0.542619542619543,260.45738045738,0.739583333333333,710,17.1666666666667,30.4660194174757,31.8333333333333,27.9895287958115
"2026-03-28 09:00:00|Monitor40.txt|27",27,"2026-03-28 09:00:00|Monitor40.txt",2026-03-28T09:00:00Z,2026-04-03T09:30:00Z,"OK","M","DGRP821","21.5C","Winter","NA","08:12","M40","Batch27_DGRP",0.75581529915519,1088.37403078347,0.673030197847969,323.054494967025,0.797222222222222,765.333333333333,1440,480,59760,0.607217210270645,874.392782789729,0.284823284823285,136.715176715177,0.76875,738,480,6600,54720,0.781401804302568,1125.2185981957,0.767151767151767,368.232848232848,0.788541666666667,757,120,20580,39180,0.823039555863984,1185.17696044414,0.952182952182952,457.047817047817,0.758333333333333,728,1080,360,51060,0.652324774462179,939.347675225538,0.316008316008316,151.683991683992,0.820833333333333,788,8340,540,39180,0.789729354614851,1137.21027064539,0.731808731808732,351.268191268191,0.81875,786,4620,23760,4620,0.881332408049965,1269.11866759195,0.987525987525988,474.012474012474,0.828125,795,9.33333333333333,54.25,14.3333333333333,63.9302325581395
"2026-03-28 09:00:00|Monitor40.txt|29",29,"2026-03-28 09:00:00|Monitor40.txt",2026-03-28T09:00:00Z,2026-04-03T09:30:00Z,"OK","M","DGRP821","21.5C","Winter","NA","08:12","M40","Batch27_DGRP",0.777109130887629,1119.03714847819,0.689343977785491,330.885109337036,0.821006944444445,788.166666666667,0,4200,77760,0.604441360166551,870.395558639834,0.313929313929314,150.686070686071,0.75,720,5220,480,38040,0.881332408049965,1269.11866759195,0.929313929313929,446.070686070686,0.857291666666667,823,5040,840,71340,0.884802220680083,1274.11519777932,0.925155925155925,444.074844074844,0.864583333333333,830,300,2100,64500,0.758501040943789,1092.24149895906,0.654885654885655,314.345114345114,0.810416666666667,778,2100,1260,37320,0.702984038861901,1012.29701596114,0.467775467775468,224.532224532225,0.820833333333333,788,120,420,38340,0.830673143650243,1196.16932685635,0.846153846153846,406.153846153846,0.822916666666667,790,14.5,34.0919540229885,14.5,63.5402298850575
"2026-03-28 09:00:00|Monitor40.txt|32",32,"2026-03-28 09:00:00|Monitor40.txt",2026-03-28T09:00:00Z,2026-04-03T09:30:00Z,"OK","M","DGRP821","21.5C","Winter","NA","08:12","M40","Batch27_DGRP",0.756509663233422,1089.37391505613,0.642138146476918,308.226310308921,0.813715277777778,781.166666666667,240,360,37380,0.630811936155448,908.369188063845,0.280665280665281,134.719334719335,0.80625,774,2580,1740,46020,0.767522553782096,1105.23247744622,0.646569646569647,310.35343035343,0.828125,795,600,3180,37860,0.768216516308119,1106.23178348369,0.769230769230769,369.230769230769,0.767708333333333,737,480,3720,37380,0.784177654406662,1129.21582234559,0.775467775467775,372.224532224532,0.788541666666667,757,2640,540,35760,0.791811242192922,1140.20818875781,0.742203742203742,356.257796257796,0.816666666666667,784,180,4020,48360,0.795975017349063,1146.20402498265,0.638253638253638,306.361746361746,0.875,840,22.3333333333333,22.8283582089552,17.8333333333333,50.7102803738318
