"id","region_id","experiment_id","start_datetime","stop_datetime","status","Sex","Genotype","Temperature","Treatment","Environment","Light","monitor","Batch","Sleep_Fraction_All","Sleep_Time_All","Sleep_Fraction_L","Sleep_Time_L","Sleep_Fraction_D","Sleep_Time_D","Day1_latency","Day1_first_bout_length","Day1_latency_to_longest_bout","Day1_Sleep_Fraction_All","Day1_Sleep_Time_All","Day1_Sleep_Fraction_L","Day1_Sleep_Time_L","Day1_Sleep_Fraction_D","Day1_Sleep_Time_D","Day2_latency","Day2_first_bout_length","Day2_latency_to_longest_bout","Day2_Sleep_Fraction_All","Day2_Sleep_Time_All","Day2_Sleep_Fraction_L","Day2_Sleep_Time_L","Day2_Sleep_Fraction_D","Day2_Sleep_Time_D","Day3_latency","Day3_first_bout_length","Day3_latency_to_longest_bout","Day3_Sleep_Fraction_All","Day3_Sleep_Time_All","Day3_Sleep_Fraction_L","Day3_Sleep_Time_L","Day3_Sleep_Fraction_D","Day3_Sleep_Time_D","Day4_latency","Day4_first_bout_length","Day4_latency_to_longest_bout","Day4_Sleep_Fraction_All","Day4_Sleep_Time_All","Day4_Sleep_Fraction_L","Day4_Sleep_Time_L","Day4_Sleep_Fraction_D","Day4_Sleep_Time_D","Day5_latency","Day5_first_bout_length","Day5_latency_to_longest_bout","Day5_Sleep_Fraction_All","Day5_Sleep_Time_All","Day5_Sleep_Fraction_L","Day5_Sleep_Time_L","Day5_Sleep_Fraction_D","Day5_Sleep_Time_D","Day6_latency","Day6_first_bout_length","Day6_latency_to_longest_bout","Day6_Sleep_Fraction_All","Day6_Sleep_Time_All","Day6_Sleep_Fraction_L","Day6_Sleep_Time_L","Day6_Sleep_Fraction_D","Day6_Sleep_Time_D","n_Bouts_L","mean_Bout_Length_L","n_Bouts_D","mean_Bout_Length_D"
"2025-07-25 10:00:00|Monitor10.txt|01",1,"2025-07-25 10:00:00|Monitor10.txt",2025-07-25T10:00:00Z,2025-07-31T10:30:00Z,"OK","M","DGRP774","21.5C","Winter","NA","08:12","M10","Batch3_DGRP",0.62920958222428,906.061798402963,0.578271433530024,277.570288094412,0.6546875,628.5,0,300,74700,0.630117973629424,907.369882026371,0.733887733887734,352.266112266112,0.578125,555,5880,720,76320,0.614850798056905,885.385149201943,0.596673596673597,286.403326403326,0.623958333333333,599,540,360,17700,0.607217210270645,874.392782789729,0.598752598752599,287.401247401247,0.611458333333333,587,5520,300,17460,0.596807772380292,859.40319222762,0.478170478170478,229.52182952183,0.65625,630,3900,300,14400,0.655100624566273,943.344899375434,0.592515592515593,284.407484407484,0.686458333333333,659,3660,960,29460,0.668979875086745,963.331020124913,0.463617463617464,222.536382536383,0.771875,741,23.1666666666667,17.9064748201439,49.8333333333333,19.6220735785953
"2025-07-25 10:00:00|Monitor10.txt|02",2,"2025-07-25 10:00:00|Monitor10.txt",2025-07-25T10:00:00Z,2025-07-31T10:30:00Z,"OK","M","DGRP774","21.5C","Winter","NA","08:12","M10","Batch3_DGRP",0.563129267445897,810.906145122092,0.538354737938216,258.410274210344,0.575520833333333,552.5,0,360,28740,0.757807078417765,1091.24219292158,0.829521829521829,398.170478170478,0.721875,693,1440,420,31740,0.516308119361555,743.483691880639,0.698544698544699,335.301455301455,0.425,408,1380,420,30720,0.482303955586398,694.517696044414,0.465696465696466,223.534303534304,0.490625,471,4800,300,29700,0.470506592643997,677.529493407356,0.528066528066528,253.471933471934,0.441666666666667,424,5220,480,70500,0.510062456627342,734.489937543373,0.297297297297297,142.702702702703,0.616666666666667,592,6180,300,29880,0.640527411519778,922.35947258848,0.407484407484407,195.592515592516,0.757291666666667,727,28.3333333333333,16.8235294117647,34.1666666666667,26.9951219512195
"2025-07-25 10:00:00|Monitor10.txt|03",3,"2025-07-25 10:00:00|Monitor10.txt",2025-07-25T10:00:00Z,2025-07-31T10:30:00Z,"OK","M","DGRP774","21.5C","Winter","NA","08:12","M10","Batch3_DGRP",0.744242564517996,1071.70929290591,0.622006247830614,298.562998958695,0.805381944444445,773.166666666667,3480,660,10800,0.724496877168633,1043.27550312283,0.771309771309771,370.22869022869,0.701041666666667,673,4020,300,66420,0.745315752949341,1073.25468424705,0.598752598752599,287.401247401247,0.81875,786,2280,1020,61440,0.812630117973629,1170.18736988203,0.738045738045738,354.261954261954,0.85,816,420,660,15000,0.775850104094379,1117.22414989591,0.756756756756757,363.243243243243,0.785416666666667,754,1740,540,31860,0.709923664122137,1022.29007633588,0.507276507276507,243.492723492724,0.811458333333333,779,480,300,29040,0.696044413601666,1002.3039555864,0.357588357588358,171.642411642412,0.865625,831,27,16.6604938271605,27.1666666666667,35.1717791411043
"2025-07-25 10:00:00|Monitor10.txt|04",4,"2025-07-25 10:00:00|Monitor10.txt",2025-07-25T10:00:00Z,2025-07-31T10:30:00Z,"OK","M","DGRP774","21.5C","Winter","NA","08:12","M10","Batch3_DGRP",0.757088299965282,1090.20715195001,0.687955570982298,330.218674071503,0.791666666666667,760,0,360,58200,0.725190839694657,1044.27480916031,0.659043659043659,316.340956340956,0.758333333333333,728,780,2460,31320,0.770992366412214,1110.22900763359,0.819126819126819,393.180873180873,0.746875,717,660,1200,4080,0.789035392088827,1136.21096460791,0.896049896049896,430.10395010395,0.735416666666667,706,360,6180,10260,0.748785565579459,1078.25121443442,0.748440748440749,359.251559251559,0.748958333333333,719,1080,300,57660,0.763358778625954,1099.23664122137,0.525987525987526,252.474012474012,0.882291666666667,847,540,1620,56220,0.745315752949341,1073.25468424705,0.48024948024948,230.519750519751,0.878125,843,22.8333333333333,20.8175182481752,31.6666666666667,29.1421052631579
"2025-07-25 10:00:00|Monitor10.txt|05",5,"2025-07-25 10:00:00|Monitor10.txt",2025-07-25T10:00:00Z,2025-07-31T10:30:00Z,"OK","M","DGRP774","21.5C","Winter","NA","08:12","M10","Batch3_DGRP",0.618099756972573,890.063650040505,0.644567858382506,309.392572023603,0.604861111111111,580.666666666667,360,1200,38400,0.543372657876475,782.456627342124,0.856548856548857,411.143451143451,0.386458333333333,371,420,360,66120,0.589868147120056,849.41013185288,0.66943866943867,321.330561330561,0.55,528,3600,3420,33300,0.594725884802221,856.405274115198,0.725571725571726,348.274428274428,0.529166666666667,508,900,1680,31140,0.555863983344899,800.444136016655,0.607068607068607,291.392931392931,0.530208333333333,509,1320,420,30780,0.703678001387925,1013.29632199861,0.604989604989605,290.39501039501,0.753125,723,1080,1440,29160,0.721027064538515,1038.27897293546,0.403326403326403,193.596673596674,0.880208333333333,845,23,20.0144927536232,28.3333333333333,33.3411764705882
"2025-07-25 10:00:00|Monitor10.txt|07",7,"2025-07-25 10:00:00|Monitor10.txt",2025-07-25T10:00:00Z,2025-07-31T10:30:00Z,"OK","M","DGRP774","21.5C","Winter","NA","08:12","M10","Batch3_DGRP",0.699456081472052,1007.21675731975,0.657063519611246,315.390489413398,0.720659722222222,691.833333333333,0,780,72000,0.722414989590562,1040.27758501041,0.783783783783784,376.216216216216,0.691666666666667,664,2880,2040,12240,0.772380291464261,1112.22761970854,0.750519750519751,360.24948024948,0.783333333333333,752,420,480,61140,0.724496877168633,1043.27550312283,0.656964656964657,315.343035343035,0.758333333333333,728,3480,1680,65400,0.743927827897294,1071.2560721721,0.702702702702703,337.297297297297,0.764583333333333,734,360,540,32820,0.628730048577377,905.371269951423,0.474012474012474,227.525987525988,0.70625,678,420,480,70500,0.603747397640527,869.39625260236,0.571725571725572,274.428274428274,0.619791666666667,595,24.5,18.6598639455782,48.3333333333333,19.2379310344828
"2025-07-25 10:00:00|Monitor10.txt|08",8,"2025-07-25 10:00:00|Monitor10.txt",2025-07-25T10:00:00Z,2025-07-31T10:30:00Z,"OK","M","DGRP774","21.5C","Winter","NA","08:12","M10","Batch3_DGRP",0.410137715542183,590.598310380743,0.527941686914266,253.412009718848,0.351215277777778,337.166666666667,3120,360,32580,0.636363636363636,916.363636363636,0.758835758835759,364.241164241164,0.575,552,480,480,71520,0.428868841082582,617.571131158918,0.565488565488566,271.434511434512,0.360416666666667,346,360,480,72540,0.425399028452464,612.574600971548,0.611226611226611,293.388773388773,0.332291666666667,319,1260,1320,71460,0.394864677307425,568.605135322693,0.634095634095634,304.365904365904,0.275,264,360,1500,49800,0.331714087439278,477.668285912561,0.415800415800416,199.5841995842,0.289583333333333,278,960,360,41640,0.242192921582235,348.757807078418,0.176715176715177,84.8232848232848,0.275,264,28.8333333333333,16.3121387283237,43.1666666666667,21.8339768339768
"2025-07-25 10:00:00|Monitor10.txt|09",9,"2025-07-25 10:00:00|Monitor10.txt",2025-07-25T10:00:00Z,2025-07-31T10:30:00Z,"OK","M","DGRP774","21.5C","Winter","NA","08:12","M10","Batch3_DGRP",0.648304594375651,933.558615900937,0.620270739326623,297.729954876779,0.662326388888889,635.833333333333,0,2520,32880,0.595419847328244,857.404580152672,0.812889812889813,390.18711018711,0.486458333333333,467,960,2940,33540,0.618320610687023,890.381679389313,0.69022869022869,331.309771309771,0.582291666666667,559,3480,1260,35160,0.694656488549618,1000.30534351145,0.704781704781705,338.295218295218,0.689583333333333,662,300,420,38520,0.667591950034698,961.332408049965,0.41995841995842,201.580041580042,0.791666666666667,760,660,1980,29580,0.66412213740458,956.335877862595,0.607068607068607,291.392931392931,0.692708333333333,665,180,1080,29760,0.648854961832061,934.351145038168,0.484407484407485,232.515592515593,0.73125,702,28.8333333333333,15.9768786127168,29.1666666666667,32.4571428571429
"2025-07-25 10:00:00|Monitor10.txt|10",10,"2025-07-25 10:00:00|Monitor10.txt",2025-07-25T10:00:00Z,2025-07-31T10:30:00Z,"OK","M","DGRP774","21.5C","Winter","NA","08:12","M10","Batch3_DGRP",0.581761370211781,837.736373104965,0.641443943075321,307.893092676154,0.551909722222222,529.833333333333,0,360,73500,0.528799444829979,761.47120055517,0.775467775467775,372.224532224532,0.405208333333333,389,3480,300,68940,0.552394170714781,795.447605829285,0.72972972972973,350.27027027027,0.463541666666667,445,3840,720,7860,0.580846634281749,836.419153365718,0.708939708939709,340.29106029106,0.516666666666667,496,0,300,49740,0.648854961832061,934.351145038168,0.525987525987526,252.474012474012,0.710416666666667,682,540,720,67440,0.573213046495489,825.426786953505,0.528066528066528,253.471933471934,0.595833333333333,572,2340,2100,40980,0.605135322692575,871.394864677307,0.575883575883576,276.424116424116,0.619791666666667,595,27.6666666666667,16.3253012048193,44,21.5909090909091
"2025-07-25 10:00:00|Monitor10.txt|12",12,"2025-07-25 10:00:00|Monitor10.txt",2025-07-25T10:00:00Z,2025-07-31T10:30:00Z,"OK","M","DGRP774","21.5C","Winter","NA","08:12","M10","Batch3_DGRP",0.643559773174401,926.726073371138,0.443595973620271,212.92606733773,0.743576388888889,713.833333333333,3480,1620,71580,0.657182512144344,946.342817487856,0.787941787941788,378.212058212058,0.591666666666667,568,2220,360,69840,0.656488549618321,945.343511450382,0.607068607068607,291.392931392931,0.68125,654,5760,420,56520,0.705065926439972,1015.29493407356,0.53014553014553,254.469854469854,0.792708333333333,761,3120,420,67080,0.594725884802221,856.405274115198,0.253638253638254,121.746361746362,0.765625,735,5760,360,29700,0.601665510062457,866.398334489938,0.22037422037422,105.779625779626,0.792708333333333,761,8220,300,29460,0.643997224149896,927.35600277585,0.257796257796258,123.742203742204,0.8375,804,26.6666666666667,15.475,35.1666666666667,28.2938388625593
"2025-07-25 10:00:00|Monitor10.txt|14",14,"2025-07-25 10:00:00|Monitor10.txt",2025-07-25T10:00:00Z,2025-07-31T10:30:00Z,"OK","M","DGRP774","21.5C","Winter","NA","08:12","M10","Batch3_DGRP",0.641939590325194,924.393010068279,0.536966331135023,257.743838944811,0.694444444444445,666.666666666667,0,360,16740,0.751561415683553,1082.24843858432,0.814968814968815,391.185031185031,0.719791666666667,691,2700,1260,68760,0.679389312977099,978.320610687023,0.733887733887734,352.266112266112,0.652083333333333,626,1860,960,35160,0.679389312977099,978.320610687023,0.654885654885655,314.345114345114,0.691666666666667,664,4320,480,34860,0.614156835530881,884.385843164469,0.623700623700624,299.376299376299,0.609375,585,960,420,49140,0.54823039555864,789.451769604441,0.232848232848233,111.767151767152,0.70625,678,1860,420,38040,0.577376821651631,831.422623178349,0.158004158004158,75.8419958419959,0.7875,756,23,20.3695652173913,37.1666666666667,25.0448430493273
"2025-07-25 10:00:00|Monitor10.txt|15",15,"2025-07-25 10:00:00|Monitor10.txt",2025-07-25T10:00:00Z,2025-07-31T10:30:00Z,"OK","M","DGRP774","21.5C","Winter","NA","08:12","M10","Batch3_DGRP",0.734290012730008,1057.37761833121,0.560222145088511,268.906629642485,0.821354166666667,788.5,4620,360,69480,0.739070090215128,1064.26092990978,0.627858627858628,301.372141372141,0.794791666666667,763,3960,1020,35760,0.757113115891742,1090.24288688411,0.613305613305613,294.386694386694,0.829166666666667,796,1080,1020,44160,0.748091603053435,1077.25190839695,0.56964656964657,273.430353430353,0.8375,804,480,420,9060,0.687716863289382,990.312283136711,0.64033264033264,307.359667359667,0.711458333333333,683,0,420,37500,0.678001387925052,976.321998612075,0.299376299376299,143.700623700624,0.867708333333333,833,4680,300,31740,0.796668979875087,1147.20333102013,0.615384615384615,295.384615384615,0.8875,852,25.3333333333333,18.5197368421053,29,31.9540229885057
"2025-07-25 10:00:00|Monitor10.txt|16",16,"2025-07-25 10:00:00|Monitor10.txt",2025-07-25T10:00:00Z,2025-07-31T10:30:00Z,"OK","M","DGRP774","21.5C","Winter","NA","08:12","M10","Batch3_DGRP",0.571345909038306,822.73810901516,0.456785838250607,219.257202360292,0.628645833333333,603.5,2940,360,33180,0.686328938237335,988.313671061763,0.735966735966736,353.264033264033,0.661458333333333,635,3660,720,62940,0.557251908396947,802.442748091603,0.567567567567568,272.432432432432,0.552083333333333,530,1140,300,15660,0.546148507980569,786.453851492019,0.648648648648649,311.351351351351,0.494791666666667,475,660,300,70380,0.568355308813324,818.431644691187,0.372141372141372,178.627858627859,0.666666666666667,640,300,300,66300,0.510756419153366,735.489243580847,0.272349272349272,130.727650727651,0.630208333333333,605,2220,420,57000,0.557251908396947,802.442748091603,0.139293139293139,66.8607068607069,0.766666666666667,736,20,22.925,39.1666666666667,24.0170212765957
"2025-07-25 10:00:00|Monitor10.txt|17",17,"2025-07-25 10:00:00|Monitor10.txt",2025-07-25T10:00:00Z,2025-07-31T10:30:00Z,"OK","M","DGRP774","21.5C","Winter","NA","08:12","M10","Batch3_DGRP",0.790186321027659,1137.86830227983,0.759458521346755,364.540090246442,0.805555555555556,773.333333333333,1200,360,37020,0.804302567661346,1158.19569743234,0.85031185031185,408.149688149688,0.78125,750,1080,4380,62160,0.791811242192922,1140.20818875781,0.893970893970894,429.106029106029,0.740625,711,660,2280,40560,0.722414989590562,1040.27758501041,0.706860706860707,339.293139293139,0.730208333333333,701,420,2220,42600,0.759195003469813,1093.24080499653,0.717255717255717,344.282744282744,0.780208333333333,749,600,2700,30900,0.829979181124219,1195.17002081888,0.702702702702703,337.297297297297,0.89375,858,4800,1440,58020,0.83206106870229,1198.1679389313,0.681912681912682,327.318087318087,0.907291666666667,871,20,22.8416666666667,23.8333333333333,39.8881118881119
"2025-07-25 10:00:00|Monitor10.txt|18",18,"2025-07-25 10:00:00|Monitor10.txt",2025-07-25T10:00:00Z,2025-07-31T10:30:00Z,"OK","M","DGRP774","21.5C","Winter","NA","08:12","M10","Batch3_DGRP",0.852216178683023,1227.19129730355,0.74175633460604,356.043040610899,0.907465277777778,871.166666666667,0,360,50400,0.888272033310201,1279.11172796669,0.814968814968815,391.185031185031,0.925,888,900,780,67200,0.850104094378904,1224.14989590562,0.846153846153846,406.153846153846,0.852083333333333,818,900,480,64320,0.818875780707842,1179.18112421929,0.746361746361746,358.253638253638,0.855208333333333,821,1500,300,31080,0.838306731436503,1207.16169326856,0.667359667359667,320.33264033264,0.923958333333333,887,1500,420,44280,0.857737682165163,1235.14226231783,0.702702702702703,337.297297297297,0.935416666666667,898,840,600,30000,0.859819569743234,1238.14018043026,0.673596673596674,323.326403326403,0.953125,915,28.5,16.0350877192982,23.8333333333333,39.4125874125874
"2025-07-25 10:00:00|Monitor10.txt|21",21,"2025-07-25 10:00:00|Monitor10.txt",2025-07-25T10:00:00Z,2025-07-31T10:30:00Z,"OK","M","DGRP774","21.5C","Winter","NA","08:12","M10","Batch3_DGRP",0.595764379122787,857.900705936813,0.322110378340854,154.61298160361,0.732638888888889,703.333333333333,2640,420,30960,0.663428174878557,955.336571825121,0.548856548856549,263.451143451143,0.720833333333333,692,1680,300,69360,0.593337959750174,854.40666204025,0.461538461538462,221.538461538462,0.659375,633,960,1200,29700,0.573907009021513,826.426092990979,0.228690228690229,109.77130977131,0.746875,717,3420,540,29160,0.424011103400416,610.5759888966,0.22037422037422,105.779625779626,0.526041666666667,505,5460,360,29160,0.607911172796669,875.392088827203,0.189189189189189,90.8108108108108,0.817708333333333,785,8100,300,29940,0.710617626648161,1023.28938237335,0.282744282744283,135.717255717256,0.925,888,22.3333333333333,20.3582089552239,31.8333333333333,29.8848167539267
"2025-07-25 10:00:00|Monitor10.txt|22",22,"2025-07-25 10:00:00|Monitor10.txt",2025-07-25T10:00:00Z,2025-07-31T10:30:00Z,"OK","M","DGRP774","21.5C","Winter","NA","08:12","M10","Batch3_DGRP",0.73440574007638,1057.54426570999,0.746615758417216,358.375564040264,0.728298611111111,699.166666666667,360,300,10560,0.727966689798751,1048.2720333102,0.819126819126819,393.180873180873,0.682291666666667,655,1320,6360,1320,0.799444829979181,1151.20055517002,0.95010395010395,456.049896049896,0.723958333333333,695,60,300,59700,0.741151977793199,1067.25884802221,0.686070686070686,329.313929313929,0.76875,738,180,3060,32340,0.790423317140875,1138.20957668286,0.750519750519751,360.24948024948,0.810416666666667,778,420,960,29820,0.709923664122137,1022.29007633588,0.798336798336798,383.201663201663,0.665625,639,660,480,38100,0.636363636363636,916.363636363636,0.471933471933472,226.528066528067,0.71875,690,27.5,16.8606060606061,47.5,19.4140350877193
"2025-07-25 10:00:00|Monitor10.txt|23",23,"2025-07-25 10:00:00|Monitor10.txt",2025-07-25T10:00:00Z,2025-07-31T10:30:00Z,"OK","M","DGRP774","21.5C","Winter","NA","08:12","M10","Batch3_DGRP",0.593102650156232,854.067816224974,0.549461992363763,263.741756334606,0.614930555555556,590.333333333333,3480,540,17700,0.702984038861901,1012.29701596114,0.748440748440749,359.251559251559,0.680208333333333,653,1380,360,66720,0.68910478834143,992.310895211659,0.767151767151767,368.232848232848,0.65,624,5160,360,70860,0.569743233865371,820.430256766135,0.567567567567568,272.432432432432,0.570833333333333,548,360,720,69540,0.562109646079112,809.437890353921,0.623700623700624,299.376299376299,0.53125,510,540,360,32460,0.493407356002776,710.506592643997,0.328482328482329,157.671517671518,0.576041666666667,553,960,300,31380,0.539208882720333,776.46079111728,0.255717255717256,122.744282744283,0.68125,654,23.8333333333333,19.006993006993,48.1666666666667,19.4671280276817
"2025-07-25 10:00:00|Monitor10.txt|24",24,"2025-07-25 10:00:00|Monitor10.txt",2025-07-25T10:00:00Z,2025-07-31T10:30:00Z,"OK","M","DGRP774","21.5C","Winter","NA","08:12","M10","Batch3_DGRP",0.473672028700382,682.08772132855,0.667476570635196,320.388753904894,0.376736111111111,361.666666666667,0,420,21900,0.60999306037474,878.390006939625,0.787941787941788,378.212058212058,0.520833333333333,500,780,420,70440,0.58501040943789,842.414989590562,0.821205821205821,394.178794178794,0.466666666666667,448,540,1200,14220,0.482997918112422,695.517002081888,0.798336798336798,383.201663201663,0.325,312,720,360,1140,0.495489243580847,713.504510756419,0.723492723492724,347.276507276507,0.38125,366,1380,1140,21360,0.34559333795975,497.65440666204,0.590436590436591,283.409563409563,0.222916666666667,214,720,900,67860,0.321304649548924,462.678695350451,0.276507276507277,132.723492723493,0.34375,330,25.3333333333333,19.2039473684211,44.1666666666667,20.7962264150943
"2025-07-25 10:00:00|Monitor10.txt|25",25,"2025-07-25 10:00:00|Monitor10.txt",2025-07-25T10:00:00Z,2025-07-31T10:30:00Z,"OK","M","DGRP774","21.5C","Winter","NA","08:12","M10","Batch3_DGRP",0.579678277977086,834.736720287004,0.572370704616453,274.737938215897,0.583333333333333,560,2100,420,72660,0.586398334489938,844.41360166551,0.673596673596674,323.326403326403,0.542708333333333,521,600,540,71040,0.537126995142262,773.462873004858,0.652806652806653,313.347193347193,0.479166666666667,460,120,4740,67680,0.679389312977099,978.320610687023,0.798336798336798,383.201663201663,0.619791666666667,595,600,540,68760,0.720333102012491,1037.27966689799,0.665280665280665,319.334719334719,0.747916666666667,718,1320,420,34560,0.691880638445524,996.308119361555,0.503118503118503,241.496881496882,0.786458333333333,755,4080,300,69360,0.261623872310895,376.738376127689,0.137214137214137,65.8627858627859,0.323958333333333,311,27.8333333333333,17.3053892215569,46,20.0217391304348
"2025-07-25 10:00:00|Monitor10.txt|26",26,"2025-07-25 10:00:00|Monitor10.txt",2025-07-25T10:00:00Z,2025-07-31T10:30:00Z,"OK","M","DGRP774","21.5C","Winter","NA","08:12","M10","Batch3_DGRP",0.437102187246846,629.427149635459,0.350225616105519,168.108295730649,0.480555555555556,461.333333333333,3000,360,77940,0.340041637751561,489.659958362249,0.43035343035343,206.569646569647,0.294791666666667,283,5700,300,36540,0.342123525329632,492.65787647467,0.322245322245322,154.677754677755,0.352083333333333,338,840,660,33060,0.438584316446912,631.561415683553,0.401247401247401,192.598752598753,0.457291666666667,439,1020,480,31860,0.534351145038168,769.465648854962,0.288981288981289,138.711018711019,0.657291666666667,631,1740,300,29640,0.530187369882026,763.469812630118,0.255717255717256,122.744282744283,0.667708333333333,641,900,1200,32760,0.435808466342818,627.564191533657,0.399168399168399,191.600831600832,0.454166666666667,436,28.8333333333333,15.9190751445087,46.8333333333333,20.0640569395018
"2025-07-25 10:00:00|Monitor10.txt|27",27,"2025-07-25 10:00:00|Monitor10.txt",2025-07-25T10:00:00Z,2025-07-31T10:30:00Z,"OK","M","DGRP774","21.5C","Winter","NA","08:12","M10","Batch3_DGRP",0.707556995718088,1018.88207383405,0.505380076362374,242.58243665394,0.808680555555556,776.333333333333,6360,360,31860,0.686328938237335,988.313671061763,0.598752598752599,287.401247401247,0.730208333333333,701,2700,2820,31140,0.690492713393477,994.309507286606,0.632016632016632,303.367983367983,0.719791666666667,691,3960,480,31680,0.768910478834143,1107.23108952117,0.604989604989605,290.39501039501,0.851041666666667,817,0,360,41820,0.757113115891742,1090.24288688411,0.467775467775468,224.532224532225,0.902083333333333,866,900,660,29760,0.683553088133241,984.316446911867,0.399168399168399,191.600831600832,0.826041666666667,793,1560,300,29280,0.659264399722415,949.340735600278,0.332640332640333,159.66735966736,0.822916666666667,790,21.5,21.6666666666667,32.1666666666667,29.2487046632124
"2025-07-25 10:00:00|Monitor10.txt|28",28,"2025-07-25 10:00:00|Monitor10.txt",2025-07-25T10:00:00Z,2025-07-31T10:30:00Z,"OK","M","DGRP774","21.5C","Winter","NA","08:12","M10","Batch3_DGRP",0.632681402615438,911.061219766231,0.625130163137799,300.062478306144,0.636458333333333,611,3000,540,9540,0.612768910478834,882.387231089521,0.683991683991684,328.316008316008,0.577083333333333,554,540,480,7080,0.633587786259542,912.36641221374,0.750519750519751,360.24948024948,0.575,552,2280,600,38280,0.621096460791117,894.378903539209,0.661122661122661,317.338877338877,0.601041666666667,577,360,360,33600,0.60999306037474,878.390006939625,0.58004158004158,278.419958419958,0.625,600,840,1620,31800,0.61970853573907,892.380291464261,0.465696465696466,223.534303534304,0.696875,669,600,360,31200,0.69882026370576,1006.30117973629,0.609147609147609,292.390852390852,0.74375,714,28.3333333333333,17.2529411764706,44.3333333333333,20.5451127819549
"2025-07-25 10:00:00|Monitor10.txt|30",30,"2025-07-25 10:00:00|Monitor10.txt",2025-07-25T10:00:00Z,2025-07-31T10:30:00Z,"OK","M","DGRP774","21.5C","Winter","NA","08:12","M10","Batch3_DGRP",0.722833005439185,1040.87952783243,0.684484553974315,328.552585907671,0.742013888888889,712.333333333333,0,300,13860,0.69882026370576,1006.30117973629,0.787941787941788,378.212058212058,0.654166666666667,628,0,2520,57960,0.656488549618321,945.343511450382,0.719334719334719,345.280665280665,0.625,600,540,1800,54720,0.63705759888966,917.36294240111,0.663201663201663,318.336798336798,0.623958333333333,599,660,1080,61560,0.653018736988203,940.346981263012,0.51975051975052,249.48024948025,0.719791666666667,691,600,600,43440,0.768910478834143,1107.23108952117,0.538461538461538,258.461538461539,0.884375,849,240,600,30120,0.922276197085357,1328.07772380291,0.877338877338877,421.122661122661,0.944791666666667,907,30,15.7666666666667,51.8333333333333,17.572347266881
"2025-07-25 10:00:00|Monitor10.txt|31",31,"2025-07-25 10:00:00|Monitor10.txt",2025-07-25T10:00:00Z,2025-07-31T10:30:00Z,"OK","M","DGRP774","21.5C","Winter","NA","08:12","M10","Batch3_DGRP",0.503066774678857,724.416155537554,0.438042346407497,210.260326275599,0.535590277777778,514.166666666667,1680,420,18360,0.415683553088133,598.584316446912,0.546777546777547,262.453222453222,0.35,336,2640,540,56280,0.316446911866759,455.683553088133,0.313929313929314,150.686070686071,0.317708333333333,305,0,360,68220,0.406662040249827,585.59333795975,0.355509355509356,170.644490644491,0.432291666666667,415,180,300,67200,0.716863289382373,1032.28313671062,0.663201663201663,318.336798336798,0.74375,714,4140,540,45060,0.520471894517696,749.479528105482,0.401247401247401,192.598752598753,0.580208333333333,557,4380,360,36240,0.641915336571825,924.358084663428,0.347193347193347,166.652806652807,0.789583333333333,758,28.3333333333333,16.2117647058824,48,19.6631944444444
"2025-07-25 10:00:00|Monitor10.txt|32",32,"2025-07-25 10:00:00|Monitor10.txt",2025-07-25T10:00:00Z,2025-07-31T10:30:00Z,"OK","M","DGRP774","21.5C","Winter","NA","08:12","M10","Batch3_DGRP",0.660455965744705,951.056590672376,0.471364109684138,226.254772648386,0.755034722222222,724.833333333333,0,300,33360,0.736988202637058,1061.26301179736,0.74012474012474,355.259875259875,0.735416666666667,706,3060,1680,31800,0.714781401804303,1029.2852185982,0.632016632016632,303.367983367983,0.75625,726,3360,1980,34440,0.678001387925052,976.321998612075,0.573804573804574,275.426195426195,0.730208333333333,701,660,600,29940,0.650936849410132,937.34906315059,0.384615384615385,184.615384615385,0.784375,753,1260,660,30540,0.573213046495489,825.426786953505,0.247401247401247,118.752598752599,0.736458333333333,707,7560,300,29160,0.606523247744622,873.393476752255,0.245322245322245,117.754677754678,0.7875,756,21.3333333333333,20.421875,26.6666666666667,36.6375
"2025-07-25 10:00:00|Monitor11.txt|01",1,"2025-07-25 10:00:00|Monitor11.txt",2025-07-25T10:00:00Z,2025-07-31T10:30:00Z,"OK","M","DGRP301","21.5C","Winter","NA","08:12","M11","Batch3_DGRP",0.783474134938086,1128.20275431084,0.626518569940993,300.728913571677,0.861979166666667,827.5,0,480,38880,0.790423317140875,1138.20957668286,0.665280665280665,319.334719334719,0.853125,819,2040,900,36000,0.759195003469813,1093.24080499653,0.611226611226611,293.388773388773,0.833333333333333,800,2640,1200,69600,0.606523247744622,873.393476752255,0.345114345114345,165.654885654886,0.7375,708,2340,6540,71220,0.802220680083276,1155.19777931992,0.696465696465697,334.303534303534,0.855208333333333,821,1020,420,39660,0.886190145732131,1276.11380985427,0.742203742203742,356.257796257796,0.958333333333333,920,1020,660,39300,0.856349757113116,1233.14365024289,0.700623700623701,336.299376299376,0.934375,897,24.1666666666667,19.2206896551724,20.1666666666667,47.099173553719
"2025-07-25 10:00:00|Monitor11.txt|02",2,"2025-07-25 10:00:00|Monitor11.txt",2025-07-25T10:00:00Z,2025-07-31T10:30:00Z,"OK","M","DGRP301","21.5C","Winter","NA","08:12","M11","Batch3_DGRP",0.701886355745863,1010.71635227404,0.435612634501909,209.094064560916,0.835069444444445,801.666666666667,0,420,39300,0.700208188757807,1008.29979181124,0.51975051975052,249.48024948025,0.790625,759,4320,960,37920,0.706453851492019,1017.29354614851,0.540540540540541,259.459459459459,0.789583333333333,758,1920,300,67020,0.666897987508675,960.333102012491,0.46985446985447,225.530145530146,0.765625,735,1920,360,66360,0.636363636363636,916.363636363636,0.266112266112266,127.733887733888,0.821875,789,1080,360,41700,0.712699514226232,1026.28730048577,0.299376299376299,143.700623700624,0.919791666666667,883,1080,300,57660,0.788341429562804,1135.21165857044,0.51975051975052,249.48024948025,0.922916666666667,886,25,19.3666666666667,22.8333333333333,40.7445255474453
"2025-07-25 10:00:00|Monitor11.txt|04",4,"2025-07-25 10:00:00|Monitor11.txt",2025-07-25T10:00:00Z,2025-07-31T10:30:00Z,"OK","M","DGRP301","21.5C","Winter","NA","08:12","M11","Batch3_DGRP",0.756625390579794,1089.5405624349,0.609857688302673,292.731690385283,0.830034722222222,796.833333333333,2160,1380,50520,0.748091603053435,1077.25190839695,0.715176715176715,343.284823284823,0.764583333333333,734,2400,1440,42240,0.732130464954892,1054.26786953505,0.74012474012474,355.259875259875,0.728125,699,2040,540,46320,0.686328938237335,988.313671061763,0.573804573804574,275.426195426195,0.742708333333333,713,480,360,42060,0.709229701596114,1021.2907702984,0.478170478170478,229.52182952183,0.825,792,3540,480,35100,0.86675919500347,1248.133240805,0.702702702702703,337.297297297297,0.948958333333333,911,4740,360,34740,0.796668979875087,1147.20333102013,0.449064449064449,215.550935550936,0.970833333333333,932,23.5,20.1914893617021,24.5,38.5102040816327
"2025-07-25 10:00:00|Monitor11.txt|05",5,"2025-07-25 10:00:00|Monitor11.txt",2025-07-25T10:00:00Z,2025-07-31T10:30:00Z,"OK","M","DGRP301","21.5C","Winter","NA","08:12","M11","Batch3_DGRP",0.803032056474945,1156.36616132392,0.720583130857341,345.879902811524,0.844270833333333,810.5,0,3060,37740,0.774462179042332,1115.22553782096,0.781704781704782,375.218295218295,0.770833333333333,740,1260,1800,60360,0.843858431644691,1215.15614156836,0.866943866943867,416.133056133056,0.832291666666667,799,540,420,57780,0.793199167244969,1142.20680083276,0.752598752598753,361.247401247401,0.813541666666667,781,1080,300,35940,0.734906315058987,1058.26509368494,0.58004158004158,278.419958419958,0.8125,780,1140,540,69600,0.789035392088827,1136.21096460791,0.632016632016632,303.367983367983,0.867708333333333,833,3360,300,54360,0.882720333102012,1271.1172796669,0.711018711018711,341.288981288981,0.96875,930,20.5,23.5447154471545,19.6666666666667,47.6101694915254
"2025-07-25 10:00:00|Monitor11.txt|07",7,"2025-07-25 10:00:00|Monitor11.txt",2025-07-25T10:00:00Z,2025-07-31T10:30:00Z,"OK","M","DGRP301","21.5C","Winter","NA","08:12","M11","Batch3_DGRP",0.726304825830344,1045.8789491957,0.506768483165568,243.248871919472,0.836111111111111,802.666666666667,3480,1560,66300,0.687022900763359,989.312977099237,0.663201663201663,318.336798336798,0.698958333333333,671,2820,660,39180,0.742539902845246,1069.25746009715,0.659043659043659,316.340956340956,0.784375,753,4920,780,39960,0.650936849410132,937.34906315059,0.351351351351351,168.648648648649,0.801041666666667,769,8460,300,64440,0.608605135322693,876.391394864677,0.228690228690229,109.77130977131,0.798958333333333,767,3000,480,58800,0.82234559333796,1184.17765440666,0.494802494802495,237.505197505198,0.986458333333333,947,2340,900,28440,0.847328244274809,1220.15267175573,0.648648648648649,311.351351351351,0.946875,909,22.3333333333333,24.2313432835821,15.3333333333333,57.8369565217391
"2025-07-25 10:00:00|Monitor11.txt|08",8,"2025-07-25 10:00:00|Monitor11.txt",2025-07-25T10:00:00Z,2025-07-31T10:30:00Z,"OK","M","DGRP301","21.5C","Winter","NA","08:12","M11","Batch3_DGRP",0.678509431778729,977.05358176137,0.407844498438042,195.76535925026,0.813888888888889,781.333333333333,3420,540,64140,0.723108952116586,1041.27689104788,0.609147609147609,292.390852390852,0.780208333333333,749,4140,1020,74520,0.693268563497571,998.306731436502,0.586278586278586,281.413721413721,0.746875,717,4740,1920,40680,0.705065926439972,1015.29493407356,0.534303534303534,256.465696465697,0.790625,759,6300,600,35700,0.702290076335878,1011.29770992366,0.363825363825364,174.636174636175,0.871875,837,14940,540,65880,0.562109646079112,809.437890353921,0.0769230769230769,36.9230769230769,0.805208333333333,773,2940,300,67740,0.686328938237335,988.313671061763,0.282744282744283,135.717255717256,0.888541666666667,853,21.1666666666667,23.9527559055118,31.1666666666667,29.0534759358289
"2025-07-25 10:00:00|Monitor11.txt|10",10,"2025-07-25 10:00:00|Monitor11.txt",2025-07-25T10:00:00Z,2025-07-31T10:30:00Z,"OK","M","DGRP301","21.5C","Winter","NA","08:12","M11","Batch3_DGRP",0.798865872005555,1150.366855688,0.755293300937175,362.540784449844,0.820659722222222,787.833333333333,0,660,36720,0.749479528105482,1079.25052047189,0.711018711018711,341.288981288981,0.76875,738,1260,2100,37860,0.820957668285913,1182.17904233171,0.875259875259875,420.12474012474,0.79375,762,2220,1980,71940,0.757113115891742,1090.24288688411,0.787941787941788,378.212058212058,0.741666666666667,712,660,360,36360,0.764052741151978,1100.23594725885,0.72972972972973,350.27027027027,0.78125,750,840,1440,35640,0.848716169326856,1222.15128383067,0.735966735966736,353.264033264033,0.905208333333333,869,960,300,75000,0.852879944482998,1228.14712005552,0.692307692307692,332.307692307692,0.933333333333333,896,24.6666666666667,18.5540540540541,23,41.4130434782609
"2025-07-25 10:00:00|Monitor11.txt|11",11,"2025-07-25 10:00:00|Monitor11.txt",2025-07-25T10:00:00Z,2025-07-31T10:30:00Z,"OK","M","DGRP301","21.5C","Winter","NA","08:12","M11","Batch3_DGRP",0.670177062839949,965.054970489527,0.572023602915654,274.571329399514,0.719270833333333,690.5,0,420,47280,0.694656488549618,1000.30534351145,0.594594594594595,285.405405405405,0.744791666666667,715,4140,300,60480,0.714781401804303,1029.2852185982,0.58004158004158,278.419958419958,0.782291666666667,751,1920,420,42240,0.597501734906315,860.402498265094,0.538461538461538,258.461538461539,0.627083333333333,602,3000,300,80040,0.404580152671756,582.595419847328,0.324324324324324,155.675675675676,0.444791666666667,427,720,1200,68100,0.846634281748786,1219.15336571825,0.711018711018711,341.288981288981,0.914583333333333,878,2100,720,16500,0.762664816099931,1098.2373351839,0.683991683991684,328.316008316008,0.802083333333333,770,26.1666666666667,18.2929936305733,39.5,23.4177215189873
"2025-07-25 10:00:00|Monitor11.txt|12",12,"2025-07-25 10:00:00|Monitor11.txt",2025-07-25T10:00:00Z,2025-07-31T10:30:00Z,"OK","M","DGRP301","21.5C","Winter","NA","08:12","M11","Batch3_DGRP",0.734058558037264,1057.04432357366,0.476917736896911,228.920513710517,0.862673611111111,828.166666666667,0,300,63480,0.811936155447606,1169.18806384455,0.794178794178794,381.205821205821,0.820833333333333,788,3420,480,35760,0.778625954198473,1121.2213740458,0.667359667359667,320.33264033264,0.834375,801,1920,360,64500,0.688410825815406,991.311589174185,0.550935550935551,264.449064449064,0.757291666666667,727,8280,360,52260,0.614156835530881,884.385843164469,0.128898128898129,61.8711018711019,0.857291666666667,823,4620,600,62460,0.765440666204025,1102.2345593338,0.390852390852391,187.609147609148,0.953125,915,4140,300,47220,0.744621790423317,1072.25537820958,0.328482328482329,157.671517671518,0.953125,915,25.1666666666667,17.4900662251656,17,57.9607843137255
"2025-07-25 10:00:00|Monitor11.txt|13",13,"2025-07-25 10:00:00|Monitor11.txt",2025-07-25T10:00:00Z,2025-07-31T10:30:00Z,"OK","M","DGRP301","21.5C","Winter","NA","08:12","M11","Batch3_DGRP",0.600624927670409,864.899895845388,0.319333564734467,153.280111072544,0.741319444444445,711.666666666667,9780,540,47160,0.509368494101319,733.490631505899,0.365904365904366,175.634095634096,0.58125,558,5340,360,38640,0.601665510062457,866.398334489938,0.384615384615385,184.615384615385,0.710416666666667,682,8820,600,63960,0.552394170714781,795.447605829285,0.307692307692308,147.692307692308,0.675,648,360,480,64260,0.561415683553088,808.438584316447,0.143451143451143,68.8565488565489,0.770833333333333,740,6600,600,61440,0.630811936155448,908.369188063845,0.16008316008316,76.8399168399168,0.866666666666667,832,1500,480,62160,0.746703678001388,1075.253296322,0.553014553014553,265.446985446986,0.84375,810,18.1666666666667,27.7522935779817,19,48.3771929824562
"2025-07-25 10:00:00|Monitor11.txt|14",14,"2025-07-25 10:00:00|Monitor11.txt",2025-07-25T10:00:00Z,2025-07-31T10:30:00Z,"OK","M","DGRP301","21.5C","Winter","NA","08:12","M11","Batch3_DGRP",0.789607684295799,1137.03506538595,0.588684484553974,282.568552585908,0.890104166666667,854.5,0,480,62340,0.799444829979181,1151.20055517002,0.667359667359667,320.33264033264,0.865625,831,300,300,62760,0.829979181124219,1195.17002081888,0.721413721413721,346.278586278586,0.884375,849,8940,300,65160,0.659264399722415,949.340735600278,0.382536382536383,183.617463617464,0.797916666666667,766,360,360,68820,0.710617626648161,1023.28938237335,0.449064449064449,215.550935550936,0.841666666666667,808,1080,300,41880,0.873004857737682,1257.12699514226,0.67983367983368,326.320166320166,0.969791666666667,931,60,540,32160,0.863289382373352,1243.13671061763,0.627858627858628,301.372141372141,0.98125,942,28.6666666666667,15.9709302325581,18,52.6018518518518
"2025-07-25 10:00:00|Monitor11.txt|15",15,"2025-07-25 10:00:00|Monitor11.txt",2025-07-25T10:00:00Z,2025-07-31T10:30:00Z,"OK","M","DGRP301","21.5C","Winter","NA","08:12","M11","Batch3_DGRP",0.746788566138179,1075.37553523898,0.641791044776119,308.059701492537,0.799305555555556,767.333333333333,1860,420,35160,0.674531575294934,971.325468424705,0.563409563409563,270.43659043659,0.730208333333333,701,1140,840,43440,0.691880638445524,996.308119361555,0.638253638253638,306.361746361746,0.71875,690,360,480,64500,0.567661346287301,817.432338653713,0.422037422037422,202.577962577963,0.640625,615,480,300,64920,0.730742539902845,1052.2692574601,0.656964656964657,315.343035343035,0.767708333333333,737,2520,540,35700,0.914642609299098,1317.0853573907,0.814968814968815,391.185031185031,0.964583333333333,926,2940,300,28560,0.900763358778626,1297.09923664122,0.754677754677755,362.245322245322,0.973958333333333,935,27.1666666666667,21.9447852760736,21.5,38.031007751938
"2025-07-25 10:00:00|Monitor11.txt|16",16,"2025-07-25 10:00:00|Monitor11.txt",2025-07-25T10:00:00Z,2025-07-31T10:30:00Z,"OK","M","DGRP301","21.5C","Winter","NA","08:12","M11","Batch3_DGRP",0.757666936697142,1091.04038884388,0.584172162443596,280.402637972926,0.844444444444445,810.666666666667,0,420,64500,0.730048577376822,1051.26995142262,0.64033264033264,307.359667359667,0.775,744,4080,1140,37560,0.725190839694657,1044.27480916031,0.652806652806653,313.347193347193,0.761458333333333,731,4260,2280,64680,0.678001387925052,976.321998612075,0.494802494802495,237.505197505198,0.769791666666667,739,480,1260,73320,0.690492713393477,994.309507286606,0.474012474012474,227.525987525988,0.798958333333333,767,0,420,68520,0.864677307425399,1245.13532269257,0.652806652806653,313.347193347193,0.970833333333333,932,2580,840,36540,0.85704371963914,1234.14295628036,0.590436590436591,283.409563409563,0.990625,951,23.1666666666667,20.0359712230216,20.5,46.4146341463415
"2025-07-25 10:00:00|Monitor11.txt|17",17,"2025-07-25 10:00:00|Monitor11.txt",2025-07-25T10:00:00Z,2025-07-31T10:30:00Z,"OK","M","DGRP301","21.5C","Winter","NA","08:12","M11","Batch3_DGRP",0.87107973614165,1254.35482004398,0.792086081221798,380.201318986463,0.910590277777778,874.166666666667,0,420,73500,0.861207494795281,1240.1387925052,0.852390852390852,409.147609147609,0.865625,831,1800,420,36600,0.860513532269257,1239.13948646773,0.825363825363825,396.174636174636,0.878125,843,0,360,59760,0.870229007633588,1253.12977099237,0.823284823284823,395.176715176715,0.89375,858,1140,360,52980,0.845246356696739,1217.1547536433,0.644490644490645,309.355509355509,0.945833333333333,908,180,960,62580,0.901457321304649,1298.0985426787,0.831600831600832,399.168399168399,0.936458333333333,899,1800,1980,49320,0.887578070784178,1278.11242192922,0.775467775467775,372.224532224532,0.94375,906,23.5,20.3687943262411,17.1666666666667,54.0291262135922
"2025-07-25 10:00:00|Monitor11.txt|18",18,"2025-07-25 10:00:00|Monitor11.txt",2025-07-25T10:00:00Z,2025-07-31T10:30:00Z,"OK","M","DGRP301","21.5C","Winter","NA","08:12","M11","Batch3_DGRP",0.782201134127995,1126.36963314431,0.570982297813259,274.071502950364,0.887847222222222,852.333333333333,3960,2760,56640,0.764746703678001,1101.23525329632,0.650727650727651,312.349272349272,0.821875,789,540,420,61440,0.794587092297016,1144.2054129077,0.725571725571726,348.274428274428,0.829166666666667,796,3060,1200,58560,0.747397640527412,1076.25260235947,0.621621621621622,298.378378378378,0.810416666666667,778,6540,300,41880,0.768216516308119,1106.23178348369,0.492723492723493,236.507276507277,0.90625,870,0,660,32040,0.791811242192922,1140.20818875781,0.432432432432432,207.567567567568,0.971875,933,5160,480,33780,0.826509368494101,1190.17349063151,0.505197505197505,242.494802494803,0.9875,948,24.1666666666667,19.2965517241379,18.6666666666667,51.0267857142857
"2025-07-25 10:00:00|Monitor11.txt|20",20,"2025-07-25 10:00:00|Monitor11.txt",2025-07-25T10:00:00Z,2025-07-31T10:30:00Z,"OK","M","DGRP301","21.5C","Winter","NA","08:12","M11","Batch3_DGRP",0.595070015044555,856.900821664159,0.393613328705311,188.934397778549,0.695833333333333,668,0,420,65400,0.652324774462179,939.347675225538,0.696465696465697,334.303534303534,0.630208333333333,605,1800,720,58560,0.67175572519084,967.328244274809,0.650727650727651,312.349272349272,0.682291666666667,655,2100,360,38280,0.516308119361555,743.483691880639,0.463617463617464,222.536382536383,0.542708333333333,521,8520,1080,67740,0.435114503816794,626.564885496183,0.0769230769230769,36.9230769230769,0.614583333333333,590,8640,360,67620,0.550312283136711,792.449687716863,0.0810810810810811,38.9189189189189,0.785416666666667,754,3060,480,64560,0.74323386537127,1070.25676613463,0.390852390852391,187.609147609148,0.919791666666667,883,17.6666666666667,27.877358490566,14.5,64.7471264367816
"2025-07-25 10:00:00|Monitor11.txt|21",21,"2025-07-25 10:00:00|Monitor11.txt",2025-07-25T10:00:00Z,2025-07-31T10:30:00Z,"OK","M","DGRP301","21.5C","Winter","NA","08:12","M11","Batch3_DGRP",0.718435366277051,1034.54692743895,0.426935091981951,204.928844151336,0.864236111111111,829.666666666667,360,300,33780,0.752255378209577,1083.24774462179,0.623700623700624,299.376299376299,0.816666666666667,784,4440,540,66000,0.672449687716863,968.327550312283,0.457380457380458,219.54261954262,0.780208333333333,749,5580,300,61740,0.58501040943789,842.414989590562,0.172557172557173,82.8274428274428,0.791666666666667,760,300,420,53460,0.732130464954892,1054.26786953505,0.384615384615385,184.615384615385,0.90625,870,6300,2520,51660,0.854961832061069,1231.14503816794,0.621621621621622,298.378378378378,0.971875,933,7860,540,28800,0.712699514226232,1026.28730048577,0.301455301455301,144.698544698545,0.91875,882,20.1666666666667,22.4462809917355,14.5,67.1379310344828
"2025-07-25 10:00:00|Monitor11.txt|22",22,"2025-07-25 10:00:00|Monitor11.txt",2025-07-25T10:00:00Z,2025-07-31T10:30:00Z,"OK","M","DGRP301","21.5C","Winter","NA","08:12","M11","Batch3_DGRP",0.804305057285036,1158.19928249045,0.751475182228393,360.708087469629,0.830729166666667,797.5,1020,1980,62220,0.730048577376822,1051.26995142262,0.754677754677755,362.245322245322,0.717708333333333,689,1800,600,39000,0.779319916724497,1122.22068008328,0.79002079002079,379.209979209979,0.773958333333333,743,300,480,46560,0.812630117973629,1170.18736988203,0.862785862785863,414.137214137214,0.7875,756,420,300,37980,0.774462179042332,1115.22553782096,0.706860706860707,339.293139293139,0.808333333333333,776,2160,300,45360,0.828591256072172,1193.17140874393,0.607068607068607,291.392931392931,0.939583333333333,902,2280,300,42360,0.900069396252602,1296.09993060375,0.785862785862786,377.214137214137,0.957291666666667,919,21.8333333333333,22.2290076335878,27.3333333333333,33.3841463414634
"2025-07-25 10:00:00|Monitor11.txt|23",23,"2025-07-25 10:00:00|Monitor11.txt",2025-07-25T10:00:00Z,2025-07-31T10:30:00Z,"OK","M","DGRP301","21.5C","Winter","NA","08:12","M11","Batch3_DGRP",0.618215484318945,890.23029741928,0.401249566122874,192.59979173898,0.726736111111111,697.666666666667,4080,1020,51060,0.538514920194309,775.461485079806,0.53014553014553,254.469854469854,0.542708333333333,521,2100,300,65520,0.636363636363636,916.363636363636,0.559251559251559,268.440748440748,0.675,648,180,540,45240,0.650936849410132,937.34906315059,0.548856548856549,263.451143451143,0.702083333333333,674,8040,300,60660,0.544760582928522,784.455239417071,0.247401247401247,118.752598752599,0.69375,666,13140,420,56880,0.593337959750174,854.40666204025,0.114345114345114,54.8856548856549,0.833333333333333,800,240,300,73440,0.743927827897294,1071.2560721721,0.405405405405405,194.594594594595,0.913541666666667,877,19.3333333333333,24.6120689655172,26.1666666666667,36.0828025477707
"2025-07-25 10:00:00|Monitor11.txt|27",27,"2025-07-25 10:00:00|Monitor11.txt",2025-07-25T10:00:00Z,2025-07-31T10:30:00Z,"OK","M","DGRP301","21.5C","Winter","NA","08:12","M11","Batch3_DGRP",0.765767850943178,1102.70570535818,0.64387365498091,309.059354390837,0.826736111111111,793.666666666667,1740,900,53340,0.773074253990285,1113.22692574601,0.752598752598753,361.247401247401,0.783333333333333,752,2880,1020,51360,0.806384455239417,1161.19361554476,0.767151767151767,368.232848232848,0.826041666666667,793,5460,660,37920,0.678695350451076,977.321304649549,0.478170478170478,229.52182952183,0.779166666666667,748,2760,660,68040,0.825121443442054,1188.17487855656,0.792099792099792,380.2079002079,0.841666666666667,808,1680,540,33480,0.821651630811936,1183.17834836919,0.636174636174636,305.363825363825,0.914583333333333,878,4500,660,61980,0.689798750867453,993.310201249133,0.438669438669439,210.561330561331,0.815625,783,26.1666666666667,18.5605095541401,21,44.0793650793651
"2025-07-25 10:00:00|Monitor11.txt|30",30,"2025-07-25 10:00:00|Monitor11.txt",2025-07-25T10:00:00Z,2025-07-31T10:30:00Z,"OK","M","DGRP301","21.5C","Winter","NA","08:12","M11","Batch3_DGRP",0.578058095127879,832.403656984145,0.344324887191947,165.275945852135,0.694965277777778,667.166666666667,3540,600,62160,0.536433032616239,772.463566967384,0.405405405405405,194.594594594595,0.602083333333333,578,6060,420,60780,0.578764746703678,833.421235253296,0.444906444906445,213.555093555094,0.645833333333333,620,2520,360,70980,0.487855655794587,702.512144344206,0.384615384615385,184.615384615385,0.539583333333333,518,360,360,70020,0.519083969465649,747.480916030534,0.151767151767152,72.8482328482329,0.703125,675,4980,300,73140,0.558639833448994,804.441360166551,0.22037422037422,105.779625779626,0.728125,699,3060,540,41640,0.786259541984733,1132.21374045802,0.457380457380458,219.54261954262,0.951041666666667,913,23.5,20.0709219858156,25.1666666666667,37.6423841059603
"2025-07-25 10:00:00|Monitor11.txt|31",31,"2025-07-25 10:00:00|Monitor11.txt",2025-07-25T10:00:00Z,2025-07-31T10:30:00Z,"OK","M","DGRP301","21.5C","Winter","NA","08:12","M11","Batch3_DGRP",0.685221617868302,986.719129730355,0.414439430753211,198.930926761541,0.820659722222222,787.833333333333,3240,360,57660,0.698126301179736,1005.30187369882,0.45945945945946,220.540540540541,0.817708333333333,785,2340,420,71880,0.678001387925052,976.321998612075,0.525987525987526,252.474012474012,0.754166666666667,724,1920,300,69660,0.712005551700208,1025.2879944483,0.492723492723493,236.507276507277,0.821875,789,6180,480,53820,0.631505898681471,909.368494101319,0.365904365904366,175.634095634096,0.764583333333333,734,10500,480,69420,0.553782095766829,797.446217904233,0.0706860706860707,33.9293139293139,0.795833333333333,764,1140,1380,60480,0.836918806384455,1205.16308119362,0.571725571725572,274.428274428274,0.969791666666667,931,24.1666666666667,18.1655172413793,24.6666666666667,39.8851351351351
"2025-07-25 10:00:00|Monitor11.txt|32",32,"2025-07-25 10:00:00|Monitor11.txt",2025-07-25T10:00:00Z,2025-07-31T10:30:00Z,"OK","M","DGRP301","21.5C","Winter","NA","08:12","M11","Batch3_DGRP",0.747945839601898,1077.04200902673,0.599444637278723,287.733425893787,0.822222222222222,789.333333333333,0,360,39180,0.769604441360167,1108.23039555864,0.654885654885655,314.345114345114,0.827083333333333,794,1980,720,42600,0.772380291464261,1112.22761970854,0.632016632016632,303.367983367983,0.842708333333333,809,4140,480,61560,0.664816099930604,957.335183900069,0.471933471933472,226.528066528067,0.761458333333333,731,1980,720,44880,0.680777238029147,980.319222761971,0.733887733887734,352.266112266112,0.654166666666667,628,0,360,63720,0.781401804302568,1125.2185981957,0.565488565488566,271.434511434512,0.889583333333333,854,1500,420,59220,0.817487855655795,1177.18251214434,0.536382536382536,257.463617463618,0.958333333333333,920,31,14.6774193548387,28.1666666666667,33.7988165680473
"2025-07-25 10:00:00|Monitor13.txt|01",1,"2025-07-25 10:00:00|Monitor13.txt",2025-07-25T10:00:00Z,2025-07-31T10:30:00Z,"OK","M","DGRP799","21.5C","Winter","NA","08:12","M13","Batch3_DGRP",0.525054970489527,756.079157504918,0.640055536272128,307.226657410621,0.467534722222222,448.833333333333,2820,900,55200,0.754337265787648,1086.24566273421,0.783783783783784,376.216216216216,0.739583333333333,710,1380,420,55560,0.639139486467731,920.360860513532,0.794178794178794,381.205821205821,0.561458333333333,539,4440,2400,56220,0.478140180430257,688.52185981957,0.785862785862786,377.214137214137,0.323958333333333,311,4080,2700,61140,0.43442054129077,625.565579458709,0.505197505197505,242.494802494803,0.398958333333333,383,6360,1680,53820,0.41707147814018,600.58292852186,0.45945945945946,220.540540540541,0.395833333333333,380,360,600,72480,0.426786953504511,614.573213046495,0.509355509355509,244.490644490645,0.385416666666667,370,12.8333333333333,34.6493506493507,27.8333333333333,35.311377245509
"2025-07-25 10:00:00|Monitor13.txt|02",2,"2025-07-25 10:00:00|Monitor13.txt",2025-07-25T10:00:00Z,2025-07-31T10:30:00Z,"OK","M","DGRP799","21.5C","Winter","NA","08:12","M13","Batch3_DGRP",0.472746209929406,680.754542298345,0.499826449149601,239.916695591808,0.459201388888889,440.833333333333,3180,960,32940,0.657876474670368,947.34212352533,0.683991683991684,328.316008316008,0.644791666666667,619,1500,600,42000,0.400416377515614,576.599583622484,0.511434511434512,245.488565488566,0.344791666666667,331,1620,660,42120,0.570437196391395,821.429562803609,0.451143451143451,216.548856548857,0.630208333333333,605,5100,2160,53760,0.336571825121443,484.663428174879,0.380457380457381,182.619542619543,0.314583333333333,302,5880,1080,33540,0.41498959056211,597.585010409438,0.463617463617464,222.536382536383,0.390625,375,4980,480,33060,0.455239417071478,655.544760582929,0.505197505197505,242.494802494803,0.430208333333333,413,15.5,30.2795698924731,27,35.1358024691358
"2025-07-25 10:00:00|Monitor13.txt|03",3,"2025-07-25 10:00:00|Monitor13.txt",2025-07-25T10:00:00Z,2025-07-31T10:30:00Z,"OK","M","DGRP799","21.5C","Winter","NA","08:12","M13","Batch3_DGRP",0.289318365929869,416.618446939012,0.448802499132246,215.425199583478,0.209548611111111,201.166666666667,3900,3180,17340,0.567661346287301,817.432338653713,0.702702702702703,337.297297297297,0.5,480,7380,3480,10920,0.528105482303956,760.471894517696,0.69022869022869,331.309771309771,0.446875,429,4800,4560,4800,0.307425399028452,442.692574600972,0.602910602910603,289.397089397089,0.159375,153,5700,3480,5700,0.111034004163775,159.888965995836,0.332640332640333,159.66735966736,0,0,5400,660,11220,0.1235253296322,177.876474670368,0.251559251559252,120.748440748441,0.059375,57,10620,3120,10620,0.0971547536433033,139.902845246357,0.108108108108108,51.8918918918919,0.0916666666666667,88,7.5,91.2,23.8333333333333,30.979020979021
"2025-07-25 10:00:00|Monitor13.txt|04",4,"2025-07-25 10:00:00|Monitor13.txt",2025-07-25T10:00:00Z,2025-07-31T10:30:00Z,"OK","M","DGRP799","21.5C","Winter","NA","08:12","M13","Batch3_DGRP",0.427612544844347,615.762064575859,0.661922943422423,317.723012842763,0.310416666666667,298,0,360,8880,0.675225537820958,972.324774462179,0.885654885654886,425.114345114345,0.569791666666667,547,1620,6720,8460,0.544760582928522,784.455239417071,0.875259875259875,420.12474012474,0.379166666666667,364,2520,3120,5820,0.435808466342818,627.564191533657,0.677754677754678,325.322245322245,0.314583333333333,302,3240,1860,48540,0.392088827203331,564.607911172797,0.644490644490645,309.355509355509,0.265625,255,5820,2040,8040,0.247744621790423,356.75225537821,0.482328482328482,231.517671517672,0.130208333333333,125,0,300,53880,0.270645385149202,389.729354614851,0.405405405405405,194.594594594595,0.203125,195,21,23.2460317460318,37.1666666666667,24.9775784753363
"2025-07-25 10:00:00|Monitor13.txt|05",5,"2025-07-25 10:00:00|Monitor13.txt",2025-07-25T10:00:00Z,2025-07-31T10:30:00Z,"OK","M","DGRP799","21.5C","Winter","NA","08:12","M13","Batch3_DGRP",0.343247309339197,494.276125448443,0.597014925373134,286.567164179104,0.216319444444444,207.666666666667,600,720,11520,0.492019430950729,708.507980569049,0.719334719334719,345.280665280665,0.378125,363,2880,3000,16980,0.436502428868841,628.563497571131,0.731808731808732,351.268191268191,0.288541666666667,277,4980,2880,11400,0.32824427480916,472.671755725191,0.609147609147609,292.390852390852,0.1875,180,3180,1020,52800,0.312977099236641,450.687022900763,0.571725571725572,274.428274428274,0.183333333333333,176,3900,4560,20580,0.269257460097155,387.730742539903,0.442827442827443,212.557172557173,0.182291666666667,175,3360,420,12480,0.21998612074948,316.780013879251,0.503118503118503,241.496881496882,0.078125,75,14.1666666666667,33.1764705882353,28.6666666666667,33.2732558139535
"2025-07-25 10:00:00|Monitor13.txt|06",6,"2025-07-25 10:00:00|Monitor13.txt",2025-07-25T10:00:00Z,2025-07-31T10:30:00Z,"OK","M","DGRP799","21.5C","Winter","NA","08:12","M13","Batch3_DGRP",0.36187941210508,521.106353431316,0.555015619576536,266.407497396737,0.265277777777778,254.666666666667,2400,3120,15840,0.52116585704372,750.478834142956,0.754677754677755,362.245322245322,0.404166666666667,388,3300,10680,3300,0.476058292852186,685.523941707148,0.677754677754678,325.322245322245,0.375,360,2880,6360,10980,0.382373351839001,550.617626648161,0.673596673596674,323.326403326403,0.236458333333333,227,4500,300,9780,0.229007633587786,329.770992366412,0.401247401247401,192.598752598753,0.142708333333333,137,2580,360,54360,0.257460097154754,370.742539902845,0.386694386694387,185.613305613306,0.192708333333333,185,2940,1680,42240,0.306731436502429,441.693268563498,0.438669438669439,210.561330561331,0.240625,231,12.3333333333333,46.9189189189189,23.8333333333333,35.8531468531468
"2025-07-25 10:00:00|Monitor13.txt|07",7,"2025-07-25 10:00:00|Monitor13.txt",2025-07-25T10:00:00Z,2025-07-31T10:30:00Z,"OK","M","DGRP799","21.5C","Winter","NA","08:12","M13","Batch3_DGRP",0.336419395903252,484.443930100683,0.549461992363763,263.741756334606,0.229861111111111,220.666666666667,2520,2520,11580,0.541290770298404,779.458709229702,0.775467775467775,372.224532224532,0.423958333333333,407,4020,4680,4020,0.475364330326162,684.524635669674,0.752598752598753,361.247401247401,0.336458333333333,323,5640,2340,56700,0.287994448299792,414.7120055517,0.474012474012474,227.525987525988,0.194791666666667,187,7920,360,9660,0.262317834836919,377.737682165163,0.467775467775468,224.532224532225,0.159375,153,8580,3300,8580,0.167244968771686,240.832755031228,0.353430353430353,169.64656964657,0.0739583333333333,71,7740,1740,58200,0.28383067314365,408.716169326856,0.46985446985447,225.530145530146,0.190625,183,19.3333333333333,24.7327586206897,29.8333333333333,31.5418994413408
"2025-07-25 10:00:00|Monitor13.txt|08",8,"2025-07-25 10:00:00|Monitor13.txt",2025-07-25T10:00:00Z,2025-07-31T10:30:00Z,"OK","M","DGRP799","21.5C","Winter","NA","08:12","M13","Batch3_DGRP",0.550399259344983,792.574933456776,0.634849010760153,304.727525164873,0.508159722222222,487.833333333333,0,300,41880,0.746703678001388,1075.253296322,0.769230769230769,369.230769230769,0.735416666666667,706,2880,300,51060,0.623178348369188,897.376821651631,0.69022869022869,331.309771309771,0.589583333333333,566,1500,300,50280,0.583622484385843,840.416377515614,0.638253638253638,306.361746361746,0.55625,534,3840,720,16620,0.351839000693963,506.648160999306,0.523908523908524,251.476091476092,0.265625,255,5100,2160,60060,0.485773768216516,699.514226231784,0.577962577962578,277.422037422037,0.439583333333333,422,5700,2400,9600,0.510756419153366,735.489243580847,0.607068607068607,291.392931392931,0.4625,444,16,28.9583333333333,31.5,30.4497354497355
"2025-07-25 10:00:00|Monitor13.txt|09",9,"2025-07-25 10:00:00|Monitor13.txt",2025-07-25T10:00:00Z,2025-07-31T10:30:00Z,"OK","M","DGRP799","21.5C","Winter","NA","08:12","M13","Batch3_DGRP",0.31906029394746,459.446823284342,0.549114890662964,263.575147518223,0.203993055555556,195.833333333333,1140,1740,19740,0.509368494101319,733.490631505899,0.796257796257796,382.203742203742,0.365625,351,4320,1560,8040,0.435808466342818,627.564191533657,0.762993762993763,366.237006237006,0.271875,261,5820,660,18900,0.236641221374046,340.763358778626,0.451143451143451,216.548856548857,0.129166666666667,124,5280,360,7560,0.225537820957668,324.774462179042,0.48024948024948,230.519750519751,0.0979166666666667,94,7680,1500,9540,0.187369882026371,269.812630117974,0.316008316008316,151.683991683992,0.122916666666667,118,2760,300,58260,0.319222761970854,459.680777238029,0.484407484407485,232.515592515593,0.236458333333333,227,11.5,43.2173913043478,25.3333333333333,36.7894736842105
"2025-07-25 10:00:00|Monitor13.txt|10",10,"2025-07-25 10:00:00|Monitor13.txt",2025-07-25T10:00:00Z,2025-07-31T10:30:00Z,"OK","M","DGRP799","21.5C","Winter","NA","08:12","M13","Batch3_DGRP",0.341164217104502,491.276472630483,0.783061437001041,375.8694897605,0.120138888888889,115.333333333333,480,4200,20580,0.519777931991673,748.480222068008,0.918918918918919,441.081081081081,0.319791666666667,307,5760,6120,5760,0.376821651630812,542.623178348369,0.77962577962578,374.220374220374,0.175,168,2520,10860,2520,0.378209576682859,544.621790423317,0.860706860706861,413.139293139293,0.136458333333333,131,4560,1200,6120,0.221374045801527,318.778625954199,0.634095634095634,304.365904365904,0.0145833333333333,14,3780,420,21060,0.265787647467037,382.734212352533,0.748440748440749,359.251559251559,0.0239583333333333,23,3240,3120,9900,0.28383067314365,408.716169326856,0.748440748440749,359.251559251559,0.0510416666666667,49,14.8333333333333,33.2584269662921,13.3333333333333,69.9375
"2025-07-25 10:00:00|Monitor13.txt|11",11,"2025-07-25 10:00:00|Monitor13.txt",2025-07-25T10:00:00Z,2025-07-31T10:30:00Z,"OK","M","DGRP799","21.5C","Winter","NA","08:12","M13","Batch3_DGRP",0.501678046522393,722.416386992246,0.641443943075321,307.893092676154,0.431770833333333,414.5,0,1440,3960,0.572519083969466,824.427480916031,0.771309771309771,370.22869022869,0.472916666666667,454,420,420,3720,0.542678695350451,781.45732130465,0.812889812889813,390.18711018711,0.407291666666667,391,420,2700,56460,0.504510756419153,726.495489243581,0.663201663201663,318.336798336798,0.425,408,360,660,31740,0.551006245662734,793.448993754337,0.548856548856549,263.451143451143,0.552083333333333,530,2280,3180,32760,0.412213740458015,593.587786259542,0.525987525987526,252.474012474012,0.355208333333333,341,360,3000,54180,0.426092990978487,613.573907009022,0.521829521829522,250.47817047817,0.378125,363,11.3333333333333,43.6617647058824,28.6666666666667,32.5697674418605
"2025-07-25 10:00:00|Monitor13.txt|12",12,"2025-07-25 10:00:00|Monitor13.txt",2025-07-25T10:00:00Z,2025-07-31T10:30:00Z,"OK","M","DGRP799","21.5C","Winter","NA","08:12","M13","Batch3_DGRP",0.45515565328087,655.424140724453,0.68552585907671,329.052412356821,0.339930555555556,326.333333333333,2700,6660,19260,0.616238723108952,887.383761276891,0.806652806652807,387.193347193347,0.520833333333333,500,4980,12540,4980,0.544760582928522,784.455239417071,0.827442827442827,397.172557172557,0.403125,387,0,300,12540,0.365718251214434,526.634281748786,0.602910602910603,289.397089397089,0.246875,237,3900,1080,35820,0.43442054129077,625.565579458709,0.561330561330561,269.43866943867,0.370833333333333,356,4140,3240,8400,0.373351839000694,537.626648160999,0.617463617463617,296.382536382536,0.251041666666667,241,5520,3000,9420,0.396252602359473,570.603747397641,0.694386694386694,333.305613305613,0.246875,237,17,27.9019607843137,41.5,22.7228915662651
"2025-07-25 10:00:00|Monitor13.txt|14",14,"2025-07-25 10:00:00|Monitor13.txt",2025-07-25T10:00:00Z,2025-07-31T10:30:00Z,"OK","M","DGRP799","21.5C","Winter","NA","08:12","M13","Batch3_DGRP",0.551093623423215,793.57481772943,0.632766400555363,303.727872266574,0.510243055555556,489.833333333333,0,1620,16740,0.67175572519084,967.328244274809,0.871101871101871,418.128898128898,0.571875,549,1920,2280,8880,0.553782095766829,797.446217904233,0.765072765072765,367.234927234927,0.447916666666667,430,1500,600,67320,0.533657182512144,768.466342817488,0.652806652806653,313.347193347193,0.473958333333333,455,2340,360,52320,0.503122831367106,724.496877168633,0.488565488565489,234.511434511435,0.510416666666667,490,2940,360,58020,0.553782095766829,797.446217904233,0.486486486486487,233.513513513514,0.5875,564,1020,300,59760,0.489243580846634,704.510756419153,0.528066528066528,253.471933471934,0.469791666666667,451,28.5,16.140350877193,46.6666666666667,20.5178571428571
"2025-07-25 10:00:00|Monitor13.txt|15",15,"2025-07-25 10:00:00|Monitor13.txt",2025-07-25T10:00:00Z,2025-07-31T10:30:00Z,"OK","M","DGRP799","21.5C","Winter","NA","08:12","M13","Batch3_DGRP",0.325309570651545,468.445781738225,0.460603956959389,221.089899340507,0.257638888888889,247.333333333333,0,660,9300,0.531575294934074,765.468424705066,0.785862785862786,377.214137214137,0.404166666666667,388,7500,4320,7500,0.378903539208883,545.621096460791,0.567567567567568,272.432432432432,0.284375,273,7620,720,20160,0.206106870229008,296.793893129771,0.374220374220374,179.62577962578,0.121875,117,5700,300,52620,0.352532963219986,507.64746703678,0.338877338877339,162.661122661123,0.359375,345,7080,480,54060,0.21998612074948,316.780013879251,0.286902286902287,137.713097713098,0.186458333333333,179,8400,840,55980,0.261623872310895,376.738376127689,0.405405405405405,194.594594594595,0.189583333333333,182,25.6666666666667,15.8831168831169,24.1666666666667,42.1793103448276
"2025-07-25 10:00:00|Monitor13.txt|16",16,"2025-07-25 10:00:00|Monitor13.txt",2025-07-25T10:00:00Z,2025-07-31T10:30:00Z,"OK","M","DGRP799","21.5C","Winter","NA","08:12","M13","Batch3_DGRP",0.466265478532577,671.422289086911,0.678583825060743,325.720236029157,0.360069444444444,345.666666666667,1800,4380,33780,0.568355308813324,818.431644691187,0.746361746361746,358.253638253638,0.479166666666667,460,1260,4080,62880,0.495489243580847,713.504510756419,0.760914760914761,365.239085239085,0.3625,348,0,3000,59820,0.512144344205413,737.487855655795,0.794178794178794,381.205821205821,0.370833333333333,356,3720,3840,10440,0.410131852879944,590.58986814712,0.692307692307692,332.307692307692,0.26875,258,3120,840,5760,0.342123525329632,492.65787647467,0.58004158004158,278.419958419958,0.222916666666667,214,2160,2280,8700,0.468424705065926,674.531575294934,0.492723492723493,236.507276507277,0.45625,438,13.3333333333333,35.625,32.1666666666667,29.5336787564767
"2025-07-25 10:00:00|Monitor13.txt|17",17,"2025-07-25 10:00:00|Monitor13.txt",2025-07-25T10:00:00Z,2025-07-31T10:30:00Z,"OK","M","DGRP799","21.5C","Winter","NA","08:12","M13","Batch3_DGRP",0.501562319176021,722.249739613471,0.801457827143353,384.69975702881,0.3515625,337.5,0,46500,0,0.826509368494101,1190.17349063151,0.997920997920998,479.002079002079,0.740625,711,360,5520,360,0.451075641915337,649.548924358085,0.812889812889813,390.18711018711,0.269791666666667,259,0,300,4800,0.383761276891048,552.616238723109,0.781704781704782,375.218295218295,0.184375,177,2700,2820,16560,0.421929215822346,607.578070784178,0.777546777546778,373.222453222453,0.24375,234,3540,3780,49560,0.408743927827897,588.591256072172,0.613305613305613,294.386694386694,0.30625,294,1200,1080,5880,0.517696044413602,745.482303955586,0.823284823284823,395.176715176715,0.364583333333333,350,10.8333333333333,48.6615384615385,30.6666666666667,29.3423913043478
"2025-07-25 10:00:00|Monitor13.txt|18",18,"2025-07-25 10:00:00|Monitor13.txt",2025-07-25T10:00:00Z,2025-07-31T10:30:00Z,"OK","M","DGRP799","21.5C","Winter","NA","08:12","M13","Batch3_DGRP",0.373104964703159,537.27114917255,0.638667129468935,306.560222145089,0.240277777777778,230.666666666667,0,360,12840,0.549618320610687,791.450381679389,0.758835758835759,364.241164241164,0.444791666666667,427,420,840,17040,0.433032616238723,623.566967383761,0.858627858627859,412.141372141372,0.219791666666667,211,360,300,2940,0.342123525329632,492.65787647467,0.656964656964657,315.343035343035,0.184375,177,3060,1140,4740,0.2470506592644,355.752949340736,0.534303534303534,256.465696465697,0.103125,99,5940,3600,11220,0.287994448299792,414.7120055517,0.432432432432432,207.567567567568,0.215625,207,360,1020,3600,0.38029146426093,547.619708535739,0.592515592515593,284.407484407484,0.273958333333333,263,14.5,40.5632183908046,22.3333333333333,37.4850746268657
"2025-07-25 10:00:00|Monitor13.txt|20",20,"2025-07-25 10:00:00|Monitor13.txt",2025-07-25T10:00:00Z,2025-07-31T10:30:00Z,"OK","M","DGRP799","21.5C","Winter","NA","08:12","M13","Batch3_DGRP",0.352158315009837,507.107973614165,0.480388753904894,230.586601874349,0.288020833333333,276.5,3060,2580,20100,0.490631505898682,706.509368494101,0.742203742203742,356.257796257796,0.364583333333333,350,360,420,21900,0.421235253296322,606.578764746704,0.777546777546778,373.222453222453,0.242708333333333,233,5160,300,13620,0.408743927827897,588.591256072172,0.573804573804574,275.426195426195,0.326041666666667,313,6960,300,21480,0.287994448299792,414.7120055517,0.351351351351351,168.648648648649,0.25625,246,11040,420,62880,0.209576682859126,301.790423317141,0.174636174636175,83.8253638253639,0.227083333333333,218,4320,360,16260,0.294934073560028,424.70506592644,0.261954261954262,125.738045738046,0.311458333333333,299,15,30.6222222222222,44.3333333333333,21.7067669172932
"2025-07-25 10:00:00|Monitor13.txt|21",21,"2025-07-25 10:00:00|Monitor13.txt",2025-07-25T10:00:00Z,2025-07-31T10:30:00Z,"OK","M","DGRP799","21.5C","Winter","NA","08:12","M13","Batch3_DGRP",0.466496933225321,671.755583844463,0.641791044776119,308.059701492537,0.378819444444444,363.666666666667,0,720,13320,0.55794587092297,803.442054129077,0.754677754677755,362.245322245322,0.459375,441,3960,3840,8820,0.426092990978487,613.573907009022,0.700623700623701,336.299376299376,0.288541666666667,277,2580,4500,40620,0.605135322692575,871.394864677307,0.796257796257796,382.203742203742,0.509375,489,2940,2580,48120,0.412213740458015,593.587786259542,0.56964656964657,273.430353430353,0.333333333333333,320,4800,1560,49920,0.373351839000694,537.626648160999,0.559251559251559,268.440748440748,0.280208333333333,269,1440,600,52080,0.424011103400416,610.5759888966,0.467775467775468,224.532224532225,0.402083333333333,386,18,27.9814814814815,22.5,40.7703703703704
"2025-07-25 10:00:00|Monitor13.txt|22",22,"2025-07-25 10:00:00|Monitor13.txt",2025-07-25T10:00:00Z,2025-07-31T10:30:00Z,"OK","M","DGRP799","21.5C","Winter","NA","08:12","M13","Batch3_DGRP",0.470547390348339,677.588242101609,0.744533148212426,357.375911141965,0.333506944444444,320.166666666667,0,300,11340,0.676613462873005,974.323386537127,0.885654885654886,425.114345114345,0.571875,549,960,600,3360,0.575988896599584,829.4240111034,0.848232848232848,407.151767151767,0.439583333333333,422,300,1200,80640,0.435114503816794,626.564885496183,0.750519750519751,360.24948024948,0.277083333333333,266,3060,1320,54780,0.333102012491326,479.666897987509,0.592515592515593,284.407484407484,0.203125,195,3420,4740,56340,0.404580152671756,582.595419847328,0.663201663201663,318.336798336798,0.275,264,3120,720,58860,0.398334489937543,573.601665510063,0.725571725571726,348.274428274428,0.234375,225,25.1666666666667,17.794701986755,29.6666666666667,32.691011235955
"2025-07-25 10:00:00|Monitor13.txt|23",23,"2025-07-25 10:00:00|Monitor13.txt",2025-07-25T10:00:00Z,2025-07-31T10:30:00Z,"OK","M","DGRP799","21.5C","Winter","NA","08:12","M13","Batch3_DGRP",0.40342552945261,580.932762411758,0.70218674071503,337.049635543214,0.253993055555556,243.833333333333,1740,3660,7260,0.588480222068008,847.411519777932,0.754677754677755,362.245322245322,0.505208333333333,485,240,300,11700,0.425399028452464,612.574600971548,0.802494802494803,385.197505197505,0.236458333333333,227,180,300,12480,0.39000693962526,561.609993060375,0.683991683991684,328.316008316008,0.242708333333333,233,4920,1920,19620,0.321304649548924,462.678695350451,0.604989604989605,290.39501039501,0.179166666666667,172,4020,2040,8460,0.280360860513532,403.719639139486,0.567567567567568,272.432432432432,0.136458333333333,131,120,1800,4440,0.414295628036086,596.585704371964,0.794178794178794,381.205821205821,0.223958333333333,215,9,51.5555555555556,28,34.6130952380953
"2025-07-25 10:00:00|Monitor13.txt|24",24,"2025-07-25 10:00:00|Monitor13.txt",2025-07-25T10:00:00Z,2025-07-31T10:30:00Z,"OK","M","DGRP799","21.5C","Winter","NA","08:12","M13","Batch3_DGRP",0.506885777109131,729.915519037149,0.665741062131204,319.555709822978,0.427430555555556,410.333333333333,0,300,7500,0.662040249826509,953.337959750174,0.85031185031185,408.149688149688,0.567708333333333,545,360,360,16920,0.583622484385843,840.416377515614,0.844074844074844,405.155925155925,0.453125,435,2220,2340,54360,0.493407356002776,710.506592643997,0.665280665280665,319.334719334719,0.407291666666667,391,2100,360,4140,0.39764052741152,572.602359472588,0.490644490644491,235.509355509356,0.351041666666667,337,3180,1320,51660,0.477446217904233,687.522553782096,0.544698544698545,261.455301455301,0.44375,426,4020,1020,21960,0.426092990978487,613.573907009022,0.594594594594595,285.405405405405,0.341666666666667,328,19.5,23.1538461538462,39.3333333333333,24.5762711864407
"2025-07-25 10:00:00|Monitor13.txt|25",25,"2025-07-25 10:00:00|Monitor13.txt",2025-07-25T10:00:00Z,2025-07-31T10:30:00Z,"OK","M","DGRP799","21.5C","Winter","NA","08:12","M13","Batch3_DGRP",0.560351811132971,806.906608031478,0.735161402290871,352.877473099618,0.472916666666667,454,0,360,54900,0.769604441360167,1108.23039555864,0.902286902286902,433.097713097713,0.703125,675,1320,480,5640,0.562109646079112,809.437890353921,0.887733887733888,426.112266112266,0.398958333333333,383,360,2640,6600,0.518390006939625,746.48160999306,0.713097713097713,342.286902286902,0.420833333333333,404,480,720,53820,0.494795281054823,712.505204718945,0.540540540540541,259.459459459459,0.471875,453,5400,720,6540,0.423317140874393,609.576682859126,0.611226611226611,293.388773388773,0.329166666666667,316,4860,7080,14280,0.594031922276197,855.405968077724,0.754677754677755,362.245322245322,0.513541666666667,493,14,36.75,34.8333333333333,25.7703349282297
"2025-07-25 10:00:00|Monitor13.txt|26",26,"2025-07-25 10:00:00|Monitor13.txt",2025-07-25T10:00:00Z,2025-07-31T10:30:00Z,"OK","M","DGRP799","21.5C","Winter","NA","08:12","M13","Batch3_DGRP",0.559888901747483,806.240018516376,0.694203401596668,333.217632766401,0.492708333333333,473,1860,5880,1860,0.722414989590562,1040.27758501041,0.829521829521829,398.170478170478,0.66875,642,240,300,15000,0.589868147120056,849.41013185288,0.752598752598753,361.247401247401,0.508333333333333,488,2040,1560,47100,0.512838306731437,738.487161693269,0.644490644490645,309.355509355509,0.446875,429,4440,4020,56820,0.487855655794587,702.512144344206,0.588357588357588,282.411642411642,0.4375,420,360,300,6960,0.527411519777932,759.472588480222,0.735966735966736,353.264033264033,0.422916666666667,406,6420,5580,54000,0.518390006939625,746.48160999306,0.611226611226611,293.388773388773,0.471875,453,24.8333333333333,17.9395973154362,31.6666666666667,30.5105263157895
"2025-07-25 10:00:00|Monitor13.txt|27",27,"2025-07-25 10:00:00|Monitor13.txt",2025-07-25T10:00:00Z,2025-07-31T10:30:00Z,"OK","M","DGRP799","21.5C","Winter","NA","08:12","M13","Batch3_DGRP",0.383867607915751,552.769355398681,0.491843110031239,236.084692814995,0.329861111111111,316.666666666667,2340,540,9180,0.520471894517696,749.479528105482,0.611226611226611,293.388773388773,0.475,456,3780,2640,51660,0.455239417071478,655.544760582929,0.600831600831601,288.399168399168,0.382291666666667,367,1860,3420,1860,0.33587786259542,483.664122137405,0.48024948024948,230.519750519751,0.263541666666667,253,5700,540,48540,0.29146426092991,419.70853573907,0.332640332640333,159.66735966736,0.270833333333333,260,4740,300,55080,0.308119361554476,443.691880638446,0.365904365904366,175.634095634096,0.279166666666667,268,360,480,50760,0.391394864677307,563.608605135323,0.557172557172557,267.442827442828,0.308333333333333,296,22.5,20.9777777777778,24.6666666666667,38.695945945946
"2025-07-25 10:00:00|Monitor13.txt|28",28,"2025-07-25 10:00:00|Monitor13.txt",2025-07-25T10:00:00Z,2025-07-31T10:30:00Z,"OK","M","DGRP799","21.5C","Winter","NA","08:12","M13","Batch3_DGRP",0.352852679088069,508.107857886819,0.544602568552586,261.409232905241,0.256944444444444,246.666666666667,1860,2340,19320,0.488549618320611,703.511450381679,0.756756756756757,363.243243243243,0.354166666666667,340,2040,2880,7140,0.427480916030534,615.57251908397,0.719334719334719,345.280665280665,0.28125,270,2760,3720,21900,0.33587786259542,483.664122137405,0.584199584199584,280.4158004158,0.211458333333333,203,2820,2160,62460,0.303261623872311,436.696738376128,0.446985446985447,214.553014553015,0.23125,222,6060,1020,10320,0.253990284524636,365.746009715475,0.361746361746362,173.638253638254,0.2,192,0,360,11220,0.308119361554476,443.691880638446,0.397089397089397,190.602910602911,0.263541666666667,253,18,27.2962962962963,31.1666666666667,29.903743315508
"2025-07-25 10:00:00|Monitor13.txt|29",29,"2025-07-25 10:00:00|Monitor13.txt",2025-07-25T10:00:00Z,2025-07-31T10:30:00Z,"OK","M","DGRP799","21.5C","Winter","NA","08:12","M13","Batch3_DGRP",0.47413493808587,682.754310843652,0.674765706351961,323.887539048941,0.373784722222222,358.833333333333,0,300,15600,0.653018736988203,940.346981263012,0.885654885654886,425.114345114345,0.536458333333333,515,780,1380,4320,0.648160999306037,933.351839000694,0.869022869022869,417.130977130977,0.5375,516,2640,540,56640,0.387231089521166,557.612768910479,0.642411642411642,308.357588357588,0.259375,249,540,300,58800,0.384455239417072,553.615544760583,0.550935550935551,264.449064449064,0.301041666666667,289,540,420,55500,0.413601665510062,595.58639833449,0.598752598752599,287.401247401247,0.320833333333333,308,5700,4140,57300,0.358778625954198,516.641221374046,0.501039501039501,240.498960498961,0.2875,276,17.6666666666667,27.0754716981132,26,36.1474358974359
"2025-07-25 10:00:00|Monitor13.txt|30",30,"2025-07-25 10:00:00|Monitor13.txt",2025-07-25T10:00:00Z,2025-07-31T10:30:00Z,"OK","M","DGRP799","21.5C","Winter","NA","08:12","M13","Batch3_DGRP",0.390695521351695,562.601550746441,0.587643179451579,282.068726136758,0.2921875,280.5,0,1800,13020,0.558639833448994,804.441360166551,0.785862785862786,377.214137214137,0.444791666666667,427,2400,4920,2400,0.507286606523248,730.492713393477,0.825363825363825,396.174636174636,0.347916666666667,334,4260,3960,48120,0.401110340041638,577.598889659958,0.600831600831601,288.399168399168,0.301041666666667,289,6360,3120,46680,0.356696738376128,513.643303261624,0.388773388773389,186.611226611227,0.340625,327,5280,4680,5280,0.154753643303262,222.845246356697,0.355509355509356,170.644490644491,0.0541666666666667,52,360,300,53940,0.365718251214434,526.634281748786,0.567567567567568,272.432432432432,0.264583333333333,254,16.8333333333333,30.5049504950495,19,48.0877192982456
"2025-07-25 10:00:00|Monitor13.txt|31",31,"2025-07-25 10:00:00|Monitor13.txt",2025-07-25T10:00:00Z,2025-07-31T10:30:00Z,"OK","M","DGRP799","21.5C","Winter","NA","08:12","M13","Batch3_DGRP",0.438953824788798,632.093507695869,0.607775078097883,291.732037486984,0.354513888888889,340.333333333333,1560,720,8700,0.54823039555864,789.451769604441,0.719334719334719,345.280665280665,0.4625,444,3300,4260,21540,0.472588480222068,680.527411519778,0.706860706860707,339.293139293139,0.355208333333333,341,2100,4080,2100,0.419847328244275,604.580152671756,0.648648648648649,311.351351351351,0.305208333333333,293,1980,2280,60000,0.38792505204719,558.612074947953,0.565488565488566,271.434511434512,0.298958333333333,287,2580,1920,56580,0.373351839000694,537.626648160999,0.465696465696466,223.534303534304,0.327083333333333,314,2100,1920,11220,0.4323386537127,622.567661346287,0.540540540540541,259.459459459459,0.378125,363,19.8333333333333,23.2268907563025,34.5,27.9323671497585
"2025-07-25 10:00:00|Monitor13.txt|32",32,"2025-07-25 10:00:00|Monitor13.txt",2025-07-25T10:00:00Z,2025-07-31T10:30:00Z,"OK","M","DGRP799","21.5C","Winter","NA","08:12","M13","Batch3_DGRP",0.491841222080778,708.25135979632,0.632419298854564,303.561263450191,0.421527777777778,404.666666666667,0,2820,48900,0.676613462873005,974.323386537127,0.8004158004158,384.199584199584,0.614583333333333,590,2700,16800,2700,0.606523247744622,873.393476752255,0.74012474012474,355.259875259875,0.539583333333333,518,360,1680,36180,0.45940319222762,661.540596807773,0.72972972972973,350.27027027027,0.323958333333333,311,2940,11280,2940,0.38029146426093,547.619708535739,0.53014553014553,254.469854469854,0.305208333333333,293,2880,5400,2880,0.367800138792505,529.632199861208,0.509355509355509,244.490644490645,0.296875,285,4020,360,15780,0.45940319222762,661.540596807773,0.48024948024948,230.519750519751,0.448958333333333,431,14.1666666666667,36.3882352941177,25.1666666666667,35.9006622516556
"2025-07-25 10:00:00|Monitor5.txt|01",1,"2025-07-25 10:00:00|Monitor5.txt",2025-07-25T10:00:00Z,2025-07-31T10:30:00Z,"OK","M","DGRP714","21.5C","Winter","NA","08:12","M5","Batch3_DGRP",0.855687999074181,1232.19071866682,0.83547379382159,401.027421034363,0.865798611111111,831.166666666667,0,360,58500,0.829285218598196,1194.1707147814,0.773388773388773,371.226611226611,0.857291666666667,823,120,300,33900,0.818181818181818,1178.18181818182,0.825363825363825,396.174636174636,0.814583333333333,782,960,300,60900,0.816793893129771,1176.18320610687,0.802494802494803,385.197505197505,0.823958333333333,791,720,840,39480,0.875086745315753,1260.12491325468,0.854469854469854,410.14553014553,0.885416666666667,850,0,300,17340,0.92088827203331,1326.07911172797,0.893970893970894,429.106029106029,0.934375,897,420,3420,58500,0.873698820263706,1258.12630117974,0.862785862785863,414.137214137214,0.879166666666667,844,23.6666666666667,24.887323943662,33.8333333333333,23.7733990147783
"2025-07-25 10:00:00|Monitor5.txt|02",2,"2025-07-25 10:00:00|Monitor5.txt",2025-07-25T10:00:00Z,2025-07-31T10:30:00Z,"OK","M","DGRP714","21.5C","Winter","NA","08:12","M5","Batch3_DGRP",0.847124175442657,1219.85881263743,0.559180839986116,268.406803193336,0.991145833333333,951.5,0,360,28500,0.786259541984733,1132.21374045802,0.376299376299376,180.623700623701,0.991666666666667,952,900,300,28800,0.865371269951423,1246.13462873005,0.596673596673597,286.403326403326,1,960,780,480,29220,0.853573907009021,1229.14642609299,0.609147609147609,292.390852390852,0.976041666666667,937,1980,480,29460,0.83206106870229,1198.1679389313,0.507276507276507,243.492723492724,0.994791666666667,955,360,300,29640,0.859819569743234,1238.14018043026,0.592515592515593,284.407484407484,0.99375,954,1800,300,28740,0.884802220680083,1274.11519777932,0.673596673596674,323.326403326403,0.990625,951,34.5,21.9710144927536,2.5,265.4
"2025-07-25 10:00:00|Monitor5.txt|05",5,"2025-07-25 10:00:00|Monitor5.txt",2025-07-25T10:00:00Z,2025-07-31T10:30:00Z,"OK","M","DGRP714","21.5C","Winter","NA","08:12","M5","Batch3_DGRP",0.856729545191529,1233.6905450758,0.805970149253731,386.865671641791,0.882118055555556,846.833333333333,1920,360,30240,0.891047883414296,1283.10895211659,0.827442827442827,397.172557172557,0.922916666666667,886,3240,660,30540,0.866065232477446,1247.13393476752,0.756756756756757,363.243243243243,0.920833333333333,884,1380,300,30000,0.842470506592644,1213.15752949341,0.823284823284823,395.176715176715,0.852083333333333,818,1080,300,29940,0.844552394170715,1216.15544760583,0.852390852390852,409.147609147609,0.840625,807,720,1200,30960,0.825815405968078,1189.17418459403,0.785862785862786,377.214137214137,0.845833333333333,812,720,1380,30000,0.870229007633588,1253.12977099237,0.79002079002079,379.209979209979,0.910416666666667,874,20.5,22.7642276422764,22.8333333333333,41.1824817518248
"2025-07-25 10:00:00|Monitor5.txt|08",8,"2025-07-25 10:00:00|Monitor5.txt",2025-07-25T10:00:00Z,2025-07-31T10:30:00Z,"OK","M","DGRP714","21.5C","Winter","NA","08:12","M5","Batch3_DGRP",0.816687883346835,1176.03055201944,0.69593891010066,334.050676848317,0.877083333333333,842,960,1080,36600,0.815405968077724,1174.18459403192,0.727650727650728,349.272349272349,0.859375,825,960,480,32760,0.804302567661346,1158.19569743234,0.646569646569647,310.35343035343,0.883333333333333,848,600,420,55080,0.818875780707842,1179.18112421929,0.69022869022869,331.309771309771,0.883333333333333,848,3900,420,35700,0.756419153365718,1089.24358084663,0.625779625779626,300.37422037422,0.821875,789,3660,480,47460,0.861901457321305,1241.13809854268,0.773388773388773,371.226611226611,0.90625,870,1200,300,45360,0.843164469118668,1214.15683553088,0.713097713097713,342.286902286902,0.908333333333333,872,31.6666666666667,14.8631578947368,30.6666666666667,30.1902173913044
"2025-07-25 10:00:00|Monitor5.txt|09",9,"2025-07-25 10:00:00|Monitor5.txt",2025-07-25T10:00:00Z,2025-07-31T10:30:00Z,"OK","M","DGRP714","21.5C","Winter","NA","08:12","M5","Batch3_DGRP",0.851406087258419,1226.02476565212,0.654633807705658,314.224227698716,0.949826388888889,911.833333333333,60,300,40860,0.814018043025677,1172.18598195697,0.509355509355509,244.490644490645,0.966666666666667,928,420,960,27720,0.877862595419847,1264.12213740458,0.677754677754678,325.322245322245,0.978125,939,0,300,44160,0.761276891047884,1096.23872310895,0.602910602910603,289.397089397089,0.840625,807,1020,600,57480,0.816793893129771,1176.18320610687,0.542619542619543,260.45738045738,0.954166666666667,916,2640,960,29580,0.927133934767523,1335.07286606523,0.785862785862786,377.214137214137,0.997916666666667,958,600,960,33600,0.911866759195003,1313.08813324081,0.812889812889813,390.18711018711,0.961458333333333,923,30,20.5777777777778,14.6666666666667,54.2045454545455
"2025-07-25 10:00:00|Monitor5.txt|10",10,"2025-07-25 10:00:00|Monitor5.txt",2025-07-25T10:00:00Z,2025-07-31T10:30:00Z,"OK","M","DGRP714","21.5C","Winter","NA","08:12","M5","Batch3_DGRP",0.873394283069089,1257.68776761949,0.749392572023603,359.708434571329,0.935416666666667,898,0,2040,15780,0.917418459403192,1321.0825815406,0.948024948024948,455.051975051975,0.902083333333333,866,660,720,39480,0.848022206800833,1221.1519777932,0.771309771309771,370.22869022869,0.886458333333333,851,3780,360,33480,0.834142956280361,1201.16585704372,0.64033264033264,307.359667359667,0.93125,894,7680,540,61980,0.788341429562804,1135.21165857044,0.557172557172557,267.442827442828,0.904166666666667,868,2160,480,30180,0.931297709923664,1341.06870229008,0.812889812889813,390.18711018711,0.990625,951,1680,420,29520,0.921582234559334,1327.07841776544,0.769230769230769,369.230769230769,0.997916666666667,958,21.5,21.6124031007752,19.1666666666667,49.3826086956522
"2025-07-25 10:00:00|Monitor5.txt|13",13,"2025-07-25 10:00:00|Monitor5.txt",2025-07-25T10:00:00Z,2025-07-31T10:30:00Z,"OK","M","DGRP714","21.5C","Winter","NA","08:12","M5","Batch3_DGRP",0.731512556417081,1053.3780812406,0.695244706699063,333.71745921555,0.749652777777778,719.666666666667,720,360,36480,0.717557251908397,1033.28244274809,0.636174636174636,305.363825363825,0.758333333333333,728,2220,360,53580,0.684941013185288,986.315058986815,0.544698544698545,261.455301455301,0.755208333333333,725,420,480,35160,0.765440666204025,1102.2345593338,0.688149688149688,330.31185031185,0.804166666666667,772,240,360,14880,0.739070090215128,1064.26092990978,0.719334719334719,345.280665280665,0.748958333333333,719,300,780,59220,0.773074253990285,1113.22692574601,0.783783783783784,376.216216216216,0.767708333333333,737,720,1020,63720,0.707147814018043,1018.29285218598,0.794178794178794,381.205821205821,0.663541666666667,637,29.8333333333333,15.8491620111732,45.1666666666667,20.2472324723247
"2025-07-25 10:00:00|Monitor5.txt|14",14,"2025-07-25 10:00:00|Monitor5.txt",2025-07-25T10:00:00Z,2025-07-31T10:30:00Z,"OK","M","DGRP714","21.5C","Winter","NA","08:12","M5","Batch3_DGRP",0.816224973961347,1175.36396250434,0.82297813259285,395.029503644568,0.812847222222222,780.333333333333,0,300,73680,0.82234559333796,1184.17765440666,0.879417879417879,422.120582120582,0.79375,762,480,1620,34740,0.83206106870229,1198.1679389313,0.817047817047817,392.182952182952,0.839583333333333,806,780,1140,61200,0.742539902845246,1069.25746009715,0.713097713097713,342.286902286902,0.757291666666667,727,600,900,69660,0.763358778625954,1099.23664122137,0.738045738045738,354.261954261954,0.776041666666667,745,120,540,37200,0.8764746703678,1262.12352532963,0.920997920997921,442.079002079002,0.854166666666667,820,120,720,31560,0.858431644691187,1236.14156835531,0.862785862785863,414.137214137214,0.85625,822,29.3333333333333,15.4034090909091,40.1666666666667,23.0124481327801
"2025-07-25 10:00:00|Monitor5.txt|15",15,"2025-07-25 10:00:00|Monitor5.txt",2025-07-25T10:00:00Z,2025-07-31T10:30:00Z,"OK","M","DGRP714","21.5C","Winter","NA","08:12","M5","Batch3_DGRP",0.869112371253327,1251.52181460479,0.671641791044776,322.388059701493,0.967881944444444,929.166666666667,0,600,30480,0.884802220680083,1274.11519777932,0.735966735966736,353.264033264033,0.959375,921,540,840,30720,0.843164469118668,1214.15683553088,0.557172557172557,267.442827442828,0.986458333333333,947,1080,660,30960,0.856349757113116,1233.14365024289,0.654885654885655,314.345114345114,0.957291666666667,919,1140,480,52440,0.865371269951423,1246.13462873005,0.69022869022869,331.309771309771,0.953125,915,720,840,32520,0.877168632893824,1263.12283136711,0.704781704781705,338.295218295218,0.963541666666667,925,1440,360,47220,0.888272033310201,1279.11172796669,0.69022869022869,331.309771309771,0.9875,948,37.5,12.1155555555556,11.5,82.6086956521739
"2025-07-25 10:00:00|Monitor5.txt|16",16,"2025-07-25 10:00:00|Monitor5.txt",2025-07-25T10:00:00Z,2025-07-31T10:30:00Z,"OK","M","DGRP714","21.5C","Winter","NA","08:12","M5","Batch3_DGRP",0.905566485360491,1304.01573891911,0.786185352308226,377.368969107949,0.965277777777778,926.666666666667,0,960,29340,0.954198473282443,1374.04580152672,0.875259875259875,420.12474012474,0.99375,954,900,780,35160,0.922276197085357,1328.07772380291,0.831600831600832,399.168399168399,0.967708333333333,929,2460,480,63600,0.84177654406662,1212.15822345593,0.762993762993763,366.237006237006,0.88125,846,3900,720,29880,0.891047883414296,1283.10895211659,0.727650727650728,349.272349272349,0.972916666666667,934,1020,540,30480,0.893129770992367,1286.10687022901,0.723492723492724,347.276507276507,0.978125,939,780,300,29460,0.931297709923664,1341.06870229008,0.798336798336798,383.201663201663,0.997916666666667,958,24.5,18.9863945578231,12,78.8611111111112
"2025-07-25 10:00:00|Monitor5.txt|20",20,"2025-07-25 10:00:00|Monitor5.txt",2025-07-25T10:00:00Z,2025-07-31T10:30:00Z,"OK","M","DGRP714","21.5C","Winter","NA","08:12","M5","Batch3_DGRP",0.896655479689851,1291.18389075339,0.856994099271086,411.357167650121,0.916493055555556,879.833333333333,0,480,36060,0.812630117973629,1170.18736988203,0.696465696465697,334.303534303534,0.870833333333333,836,660,2880,62340,0.844552394170715,1216.15544760583,0.819126819126819,393.180873180873,0.857291666666667,823,600,540,55080,0.904927133934768,1303.09507286607,0.9002079002079,432.099792099792,0.907291666666667,871,4140,1140,53160,0.947258848022207,1364.05274115198,0.945945945945946,454.054054054054,0.947916666666667,910,540,300,30000,0.929215822345593,1338.07078417765,0.873180873180873,419.126819126819,0.957291666666667,919,120,420,29400,0.941707147814018,1356.05829285219,0.908523908523908,436.091476091476,0.958333333333333,920,23.1666666666667,19.5107913669065,23.5,40.2269503546099
"2025-07-25 10:00:00|Monitor5.txt|22",22,"2025-07-25 10:00:00|Monitor5.txt",2025-07-25T10:00:00Z,2025-07-31T10:30:00Z,"OK","M","DGRP714","21.5C","Winter","NA","08:12","M5","Batch3_DGRP",0.875940284689272,1261.35400995255,0.870183963901423,417.688302672683,0.878819444444445,843.666666666667,600,2400,32460,0.843858431644691,1215.15614156836,0.856548856548857,411.143451143451,0.8375,804,420,1680,30180,0.861207494795281,1240.1387925052,0.848232848232848,407.151767151767,0.867708333333333,833,780,12660,780,0.825121443442054,1188.17487855656,0.885654885654886,425.114345114345,0.794791666666667,763,300,3060,42240,0.870229007633588,1253.12977099237,0.864864864864865,415.135135135135,0.872916666666667,838,60,300,32880,0.952116585704372,1371.0478834143,0.918918918918919,441.081081081081,0.96875,930,660,900,55320,0.901457321304649,1298.0985426787,0.841995841995842,404.158004158004,0.93125,894,21,21.9920634920635,25.5,36.6797385620915
"2025-07-25 10:00:00|Monitor5.txt|23",23,"2025-07-25 10:00:00|Monitor5.txt",2025-07-25T10:00:00Z,2025-07-31T10:30:00Z,"OK","M","DGRP714","21.5C","Winter","NA","08:12","M5","Batch3_DGRP",0.896539752343479,1291.01724337461,0.765706351961125,367.53904894134,0.961979166666667,923.5,0,300,31020,0.936849410131853,1349.06315058987,0.858627858627859,412.141372141372,0.976041666666667,937,360,300,66780,0.865371269951423,1246.13462873005,0.79002079002079,379.209979209979,0.903125,867,1440,1680,54240,0.884802220680083,1274.11519777932,0.735966735966736,353.264033264033,0.959375,921,1680,660,30960,0.860513532269257,1239.13948646773,0.634095634095634,304.365904365904,0.973958333333333,935,1800,480,30300,0.878556557945871,1265.12144344205,0.675675675675676,324.324324324324,0.980208333333333,941,1680,1500,30060,0.952810548230396,1372.04718945177,0.9002079002079,432.099792099792,0.979166666666667,940,27.6666666666667,16.6385542168675,13.6666666666667,68.9756097560975
"2025-07-25 10:00:00|Monitor5.txt|25",25,"2025-07-25 10:00:00|Monitor5.txt",2025-07-25T10:00:00Z,2025-07-31T10:30:00Z,"OK","M","DGRP714","21.5C","Winter","NA","08:12","M5","Batch3_DGRP",0.851984723990279,1226.858002546,0.709128774730996,340.381811870878,0.9234375,886.5,420,300,30780,0.869535045107564,1252.13046495489,0.831600831600832,399.168399168399,0.888541666666667,853,600,5760,40800,0.861901457321305,1241.13809854268,0.74012474012474,355.259875259875,0.922916666666667,886,540,1260,52920,0.882720333102012,1271.1172796669,0.781704781704782,375.218295218295,0.933333333333333,896,1200,660,28920,0.723108952116586,1041.27689104788,0.484407484407485,232.515592515593,0.842708333333333,809,1020,780,29640,0.940319222761971,1354.05968077724,0.837837837837838,402.162162162162,0.991666666666667,952,2040,420,34260,0.832755031228314,1199.16724496877,0.575883575883576,276.424116424116,0.961458333333333,923,26.6666666666667,17.1875,23.3333333333333,40.5714285714286
"2025-07-25 10:00:00|Monitor5.txt|26",26,"2025-07-25 10:00:00|Monitor5.txt",2025-07-25T10:00:00Z,2025-07-31T10:30:00Z,"OK","M","DGRP714","21.5C","Winter","NA","08:12","M5","Batch3_DGRP",0.848860085638236,1222.35852331906,0.732384588684485,351.544602568553,0.907118055555556,870.833333333333,720,1800,34740,0.832755031228314,1199.16724496877,0.688149688149688,330.31185031185,0.905208333333333,869,900,3960,33000,0.8147120055517,1173.18528799445,0.636174636174636,305.363825363825,0.904166666666667,868,2040,720,30000,0.804302567661346,1158.19569743234,0.717255717255717,344.282744282744,0.847916666666667,814,720,300,48780,0.82234559333796,1184.17765440666,0.72972972972973,350.27027027027,0.86875,834,420,480,42300,0.916724496877169,1320.08327550312,0.835758835758836,401.164241164241,0.957291666666667,919,1680,1200,30180,0.901457321304649,1298.0985426787,0.785862785862786,377.214137214137,0.959375,921,34.1666666666667,13.2682926829268,27,34.6728395061728
"2025-07-25 10:00:00|Monitor5.txt|28",28,"2025-07-25 10:00:00|Monitor5.txt",2025-07-25T10:00:00Z,2025-07-31T10:30:00Z,"OK","M","DGRP714","21.5C","Winter","NA","08:12","M5","Batch3_DGRP",0.801180418932994,1153.69980326351,0.657757723012843,315.723707046165,0.872916666666667,838,720,1380,39120,0.8147120055517,1173.18528799445,0.692307692307692,332.307692307692,0.876041666666667,841,1260,1200,55140,0.77029840388619,1109.22970159611,0.609147609147609,292.390852390852,0.851041666666667,817,1320,420,46800,0.768910478834143,1107.23108952117,0.654885654885655,314.345114345114,0.826041666666667,793,840,480,53100,0.805690492713394,1160.19430950729,0.688149688149688,330.31185031185,0.864583333333333,830,1380,300,39540,0.815405968077724,1174.18459403192,0.66943866943867,321.330561330561,0.888541666666667,853,720,360,32460,0.83206106870229,1198.1679389313,0.634095634095634,304.365904365904,0.93125,894,36.8333333333333,12.9140271493213,32.1666666666667,28.440414507772
"2025-07-25 10:00:00|Monitor5.txt|30",30,"2025-07-25 10:00:00|Monitor5.txt",2025-07-25T10:00:00Z,2025-07-31T10:30:00Z,"OK","M","DGRP714","21.5C","Winter","NA","08:12","M5","Batch3_DGRP",0.946765420668904,1363.34220576322,0.934050676848317,448.344324887192,0.953125,915,0,900,45180,0.958362248438584,1380.04163775156,0.952182952182952,457.047817047817,0.961458333333333,923,420,1620,29760,0.926439972241499,1334.07356002776,0.925155925155925,444.074844074844,0.927083333333333,890,12120,420,29220,0.972241498959056,1400.02775850104,0.95010395010395,456.049896049896,0.983333333333333,944,540,1140,29700,0.968077723802915,1394.0319222762,0.93970893970894,451.060291060291,0.982291666666667,943,420,720,29880,0.927827897293546,1336.07217210271,0.927234927234927,445.072765072765,0.928125,891,3360,7380,56700,0.927827897293546,1336.07217210271,0.910602910602911,437.089397089397,0.936458333333333,899,13.8333333333333,30.9277108433735,15,65.9222222222222
"2025-07-25 10:00:00|Monitor5.txt|31",31,"2025-07-25 10:00:00|Monitor5.txt",2025-07-25T10:00:00Z,2025-07-31T10:30:00Z,"OK","M","DGRP714","21.5C","Winter","NA","08:12","M5","Batch3_DGRP",0.858118273347992,1235.69031362111,0.776466504685873,372.703922249219,0.898958333333333,863,0,480,45000,0.851492019430951,1226.14850798057,0.794178794178794,381.205821205821,0.880208333333333,845,1200,780,36240,0.798750867453158,1150.20124913255,0.686070686070686,329.313929313929,0.855208333333333,821,60,420,68160,0.814018043025677,1172.18598195697,0.727650727650728,349.272349272349,0.857291666666667,823,480,300,33000,0.842470506592644,1213.15752949341,0.698544698544699,335.301455301455,0.914583333333333,878,1080,2280,29460,0.937543372657876,1350.06245662734,0.912681912681913,438.087318087318,0.95,912,1500,360,32340,0.904233171408744,1302.09576682859,0.83991683991684,403.160083160083,0.936458333333333,899,24,19.4097222222222,26.8333333333333,34.9192546583851
"2025-07-25 10:00:00|Monitor5.txt|32",32,"2025-07-25 10:00:00|Monitor5.txt",2025-07-25T10:00:00Z,2025-07-31T10:30:00Z,"OK","M","DGRP714","21.5C","Winter","NA","08:12","M5","Batch3_DGRP",0.810901516028238,1167.69818308066,0.656716417910448,315.223880597015,0.888020833333333,852.5,0,300,29580,0.897293546148508,1292.10270645385,0.767151767151767,368.232848232848,0.9625,924,1260,420,30120,0.798750867453158,1150.20124913255,0.715176715176715,343.284823284823,0.840625,807,1740,780,63840,0.772380291464261,1112.22761970854,0.646569646569647,310.35343035343,0.835416666666667,802,60,300,59940,0.790423317140875,1138.20957668286,0.573804573804574,275.426195426195,0.898958333333333,863,2580,300,45780,0.784177654406662,1129.21582234559,0.644490644490645,309.355509355509,0.854166666666667,820,60,300,30120,0.821651630811936,1183.17834836919,0.592515592515593,284.407484407484,0.936458333333333,899,36.3333333333333,12.8394495412844,17.5,53.8761904761905
"2025-07-25 10:00:00|Monitor50.txt|03",3,"2025-07-25 10:00:00|Monitor50.txt",2025-07-25T10:00:00Z,2025-07-31T10:30:00Z,"OK","M","DGRP705","21.5C","Winter","NA","08:12","M50","Batch3_DGRP",0.836940168961926,1205.19384330517,0.822283929191253,394.696286011801,0.844270833333333,810.5,0,900,30840,0.86675919500347,1248.133240805,0.844074844074844,405.155925155925,0.878125,843,2400,15180,2400,0.796668979875087,1147.20333102013,0.869022869022869,417.130977130977,0.760416666666667,730,1080,3600,31320,0.842470506592644,1213.15752949341,0.864864864864865,415.135135135135,0.83125,798,2520,15540,2520,0.856349757113116,1233.14365024289,0.891891891891892,428.108108108108,0.838541666666667,805,1560,12540,30780,0.828591256072172,1193.17140874393,0.750519750519751,360.24948024948,0.867708333333333,833,1320,540,31680,0.830673143650243,1196.16932685635,0.713097713097713,342.286902286902,0.889583333333333,854,13.5,35.320987654321,24.1666666666667,38.7862068965517
"2025-07-25 10:00:00|Monitor50.txt|08",8,"2025-07-25 10:00:00|Monitor50.txt",2025-07-25T10:00:00Z,2025-07-31T10:30:00Z,"OK","M","DGRP705","21.5C","Winter","NA","08:12","M50","Batch3_DGRP",0.894109478069668,1287.51764842032,0.929538354737938,446.17841027421,0.876388888888889,841.333333333333,0,28080,0,0.870229007633588,1253.12977099237,0.997920997920998,479.002079002079,0.80625,774,1740,2640,50100,0.908396946564885,1308.09160305344,0.958419958419958,460.04158004158,0.883333333333333,848,2640,960,55980,0.913948646773074,1316.08605135323,0.935550935550936,449.064449064449,0.903125,867,660,1140,47460,0.895905621096461,1290.1040943789,0.885654885654886,425.114345114345,0.901041666666667,865,300,900,39720,0.851492019430951,1226.14850798057,0.869022869022869,417.130977130977,0.842708333333333,809,360,600,32700,0.924358084663428,1331.07564191534,0.929313929313929,446.070686070686,0.921875,885,12.3333333333333,38.5945945945946,21.8333333333333,42.9923664122137
"2025-07-25 10:00:00|Monitor50.txt|09",9,"2025-07-25 10:00:00|Monitor50.txt",2025-07-25T10:00:00Z,2025-07-31T10:30:00Z,"OK","M","DGRP705","21.5C","Winter","NA","08:12","M50","Batch3_DGRP",0.869575280638815,1252.18840411989,0.809094064560916,388.36515098924,0.899826388888889,863.833333333333,2760,2040,47760,0.820263705759889,1181.17973629424,0.694386694386694,333.305613305613,0.883333333333333,848,2520,3480,38280,0.889659958362248,1281.11034004164,0.823284823284823,395.176715176715,0.922916666666667,886,1080,4680,35760,0.882720333102012,1271.1172796669,0.854469854469854,410.14553014553,0.896875,861,2220,17280,32520,0.888965995836225,1280.11103400416,0.821205821205821,394.178794178794,0.922916666666667,886,360,1380,37320,0.873698820263706,1258.12630117974,0.814968814968815,391.185031185031,0.903125,867,360,1080,45360,0.861207494795281,1240.1387925052,0.844074844074844,405.155925155925,0.869791666666667,835,14.6666666666667,35.1136363636364,12.1666666666667,74.3287671232877
"2025-07-25 10:00:00|Monitor50.txt|10",10,"2025-07-25 10:00:00|Monitor50.txt",2025-07-25T10:00:00Z,2025-07-31T10:30:00Z,"OK","M","DGRP705","21.5C","Winter","NA","08:12","M50","Batch3_DGRP",0.913204490221039,1315.0144659183,0.875390489413398,420.187434918431,0.932118055555556,894.833333333333,0,360,60540,0.904233171408744,1302.09576682859,0.879417879417879,422.120582120582,0.916666666666667,880,1320,420,34440,0.91117279666898,1312.08882720333,0.877338877338877,421.122661122661,0.928125,891,1080,3060,60900,0.897987508674532,1293.10201249133,0.831600831600832,399.168399168399,0.93125,894,2220,18900,31860,0.936155447605829,1348.06384455239,0.912681912681913,438.087318087318,0.947916666666667,910,1200,480,33360,0.900069396252602,1296.09993060375,0.844074844074844,405.155925155925,0.928125,891,1680,11820,55320,0.929215822345593,1338.07078417765,0.906444906444906,435.093555093555,0.940625,903,9.66666666666667,48.3965517241379,9.16666666666667,104.618181818182
"2025-07-25 10:00:00|Monitor50.txt|11",11,"2025-07-25 10:00:00|Monitor50.txt",2025-07-25T10:00:00Z,2025-07-31T10:30:00Z,"OK","M","DGRP705","21.5C","Winter","NA","08:12","M50","Batch3_DGRP",0.841684990163176,1212.02638583497,0.80631725095453,387.032280458174,0.859375,825,0,300,55320,0.836918806384455,1205.16308119362,0.829521829521829,398.170478170478,0.840625,807,600,540,33540,0.877168632893824,1263.12283136711,0.837837837837838,402.162162162162,0.896875,861,960,5340,33180,0.836918806384455,1205.16308119362,0.77962577962578,374.220374220374,0.865625,831,900,1140,32220,0.853573907009021,1229.14642609299,0.806652806652807,387.193347193347,0.877083333333333,842,420,15900,32820,0.838306731436503,1207.16169326856,0.806652806652807,387.193347193347,0.854166666666667,820,360,1440,34260,0.806384455239417,1161.19361554476,0.775467775467775,372.224532224532,0.821875,789,13.6666666666667,36.3048780487805,12.3333333333333,75.4054054054054
"2025-07-25 10:00:00|Monitor50.txt|12",12,"2025-07-25 10:00:00|Monitor50.txt",2025-07-25T10:00:00Z,2025-07-31T10:30:00Z,"OK","M","DGRP705","21.5C","Winter","NA","08:12","M50","Batch3_DGRP",0.88114801527601,1268.85314199745,0.880597014925373,422.686567164179,0.881423611111111,846.166666666667,1140,420,43740,0.868147120055517,1250.13185287994,0.835758835758836,401.164241164241,0.884375,849,360,540,42360,0.897293546148508,1292.10270645385,0.920997920997921,442.079002079002,0.885416666666667,850,1260,780,31080,0.869535045107564,1252.13046495489,0.83991683991684,403.160083160083,0.884375,849,360,360,62580,0.886190145732131,1276.11380985427,0.927234927234927,445.072765072765,0.865625,831,1380,300,32580,0.888965995836225,1280.11103400416,0.885654885654886,425.114345114345,0.890625,855,480,720,61800,0.8764746703678,1262.12352532963,0.873180873180873,419.126819126819,0.878125,843,15.1666666666667,31.3736263736264,22.8333333333333,40.6569343065693
"2025-07-25 10:00:00|Monitor50.txt|13",13,"2025-07-25 10:00:00|Monitor50.txt",2025-07-25T10:00:00Z,2025-07-31T10:30:00Z,"OK","M","DGRP705","21.5C","Winter","NA","08:12","M50","Batch3_DGRP",0.871542645527138,1255.02140955908,0.913224574800416,438.3477959042,0.850694444444445,816.666666666667,0,5040,34020,0.882026370575989,1270.11797362942,0.95010395010395,456.049896049896,0.847916666666667,814,2280,780,54240,0.851492019430951,1226.14850798057,0.860706860706861,413.139293139293,0.846875,813,480,300,5340,0.865371269951423,1246.13462873005,0.93970893970894,451.060291060291,0.828125,795,1200,420,3840,0.866065232477446,1247.13393476752,0.908523908523908,436.091476091476,0.844791666666667,811,10680,360,33060,0.89382373351839,1287.10617626648,0.95010395010395,456.049896049896,0.865625,831,0,300,57900,0.869535045107564,1252.13046495489,0.866943866943867,416.133056133056,0.870833333333333,836,9.83333333333333,45.4745762711864,8.16666666666667,120.244897959184
"2025-07-25 10:00:00|Monitor50.txt|23",23,"2025-07-25 10:00:00|Monitor50.txt",2025-07-25T10:00:00Z,2025-07-31T10:30:00Z,"OK","M","DGRP705","21.5C","Winter","NA","08:12","M50","Batch3_DGRP",0.864020368012961,1244.18932993866,0.818118708781673,392.696980215203,0.886979166666667,851.5,0,300,64440,0.885496183206107,1275.11450381679,0.819126819126819,393.180873180873,0.91875,882,1260,2400,35100,0.873698820263706,1258.12630117974,0.831600831600832,399.168399168399,0.894791666666667,859,0,720,32580,0.850104094378904,1224.14989590562,0.835758835758836,401.164241164241,0.857291666666667,823,360,11700,32580,0.895905621096461,1290.1040943789,0.835758835758836,401.164241164241,0.926041666666667,889,2100,4440,33240,0.86675919500347,1248.133240805,0.794178794178794,381.205821205821,0.903125,867,0,1140,53940,0.811936155447606,1169.18806384455,0.792099792099792,380.2079002079,0.821875,789,14.3333333333333,32.9767441860465,12,79.3333333333333
"2025-07-25 10:00:00|Monitor50.txt|24",24,"2025-07-25 10:00:00|Monitor50.txt",2025-07-25T10:00:00Z,2025-07-31T10:30:00Z,"OK","M","DGRP705","21.5C","Winter","NA","08:12","M50","Batch3_DGRP",0.882768198125217,1271.18620530031,0.896910794862895,430.51718153419,0.875694444444445,840.666666666667,0,480,32100,0.877862595419847,1264.12213740458,0.844074844074844,405.155925155925,0.894791666666667,859,1320,2460,49140,0.870922970159611,1254.12907702984,0.896049896049896,430.10395010395,0.858333333333333,824,1140,420,31800,0.90353920888272,1301.09646079112,0.902286902286902,433.097713097713,0.904166666666667,868,1380,3720,37020,0.91117279666898,1312.08882720333,0.943866943866944,453.056133056133,0.894791666666667,859,420,1320,33960,0.870229007633588,1253.12977099237,0.883575883575884,424.116424116424,0.863541666666667,829,480,3360,58380,0.861901457321305,1241.13809854268,0.908523908523908,436.091476091476,0.838541666666667,805,11.3333333333333,42.8970588235294,16.6666666666667,55.91
"2025-07-25 10:00:00|Monitor50.txt|25",25,"2025-07-25 10:00:00|Monitor50.txt",2025-07-25T10:00:00Z,2025-07-31T10:30:00Z,"OK","M","DGRP705","21.5C","Winter","NA","08:12","M50","Batch3_DGRP",0.864946186783937,1245.52250896887,0.891010065949323,427.684831655675,0.851909722222222,817.833333333334,0,300,46320,0.84177654406662,1212.15822345593,0.935550935550936,449.064449064449,0.794791666666667,763,1080,12300,1080,0.893129770992367,1286.10687022901,0.941787941787942,452.058212058212,0.86875,834,360,300,82320,0.875780707841777,1261.12421929216,0.885654885654886,425.114345114345,0.870833333333333,836,16380,300,58740,0.852185981956975,1227.14781401804,0.866943866943867,416.133056133056,0.844791666666667,811,540,20040,32940,0.865371269951423,1246.13462873005,0.864864864864865,415.135135135135,0.865625,831,23280,300,31980,0.861901457321305,1241.13809854268,0.852390852390852,409.147609147609,0.866666666666667,832,12.3333333333333,30.9054054054054,21.1666666666667,48.9055118110236
"2025-07-25 10:00:00|Monitor50.txt|28",28,"2025-07-25 10:00:00|Monitor50.txt",2025-07-25T10:00:00Z,2025-07-31T10:30:00Z,"OK","M","DGRP705","21.5C","Winter","NA","08:12","M50","Batch3_DGRP",0.927901863210277,1336.1786830228,0.873307879208608,419.187782020132,0.955208333333333,917,0,300,24900,0.91117279666898,1312.08882720333,0.794178794178794,381.205821205821,0.969791666666667,931,960,1500,31680,0.920194309507287,1325.07980569049,0.866943866943867,416.133056133056,0.946875,909,540,2640,31440,0.917418459403192,1321.0825815406,0.831600831600832,399.168399168399,0.960416666666667,922,420,480,48600,0.916030534351145,1319.08396946565,0.873180873180873,419.126819126819,0.9375,900,2040,960,28440,0.944482997918112,1360.05551700208,0.896049896049896,430.10395010395,0.96875,930,4800,8340,31500,0.957668285912561,1379.04233171409,0.977130977130977,469.022869022869,0.947916666666667,910,9.5,75.7543859649123,5,142.133333333333
"2025-07-25 10:00:00|Monitor50.txt|32",32,"2025-07-25 10:00:00|Monitor50.txt",2025-07-25T10:00:00Z,2025-07-31T10:30:00Z,"OK","M","DGRP705","21.5C","Winter","NA","08:12","M50","Batch3_DGRP",0.9203795856961,1325.34660340238,0.90836515098924,436.015272474835,0.926388888888889,889.333333333333,900,6840,31140,0.920194309507287,1325.07980569049,0.879417879417879,422.120582120582,0.940625,903,660,1140,34980,0.917418459403192,1321.0825815406,0.927234927234927,445.072765072765,0.9125,876,660,3240,32340,0.940319222761971,1354.05968077724,0.918918918918919,441.081081081081,0.951041666666667,913,11400,1860,32520,0.922970159611381,1329.07702984039,0.908523908523908,436.091476091476,0.930208333333333,893,2280,12900,34260,0.900069396252602,1296.09993060375,0.879417879417879,422.120582120582,0.910416666666667,874,360,600,33780,0.921582234559334,1327.07841776544,0.937629937629938,450.06237006237,0.913541666666667,877,9,50.5925925925926,5,195.266666666667
"2025-07-25 10:00:00|Monitor51.txt|01",1,"2025-07-25 10:00:00|Monitor51.txt",2025-07-25T10:00:00Z,2025-07-31T10:30:00Z,"OK","M","DGRP859","21.5C","Winter","NA","08:12","M51","Batch3_DGRP",0.317555838444624,457.280407360259,0.299201666088164,143.616799722319,0.326736111111111,313.666666666667,2160,480,48360,0.473282442748092,681.526717557252,0.484407484407485,232.515592515593,0.467708333333333,449,1320,420,69000,0.420541290770298,605.57945870923,0.446985446985447,214.553014553015,0.407291666666667,391,0,480,59820,0.230395558639833,331.76960444136,0.189189189189189,90.8108108108108,0.251041666666667,241,120,1020,67560,0.271339347675226,390.728660652325,0.203742203742204,97.7962577962578,0.305208333333333,293,18600,360,34080,0.292158223455933,420.707841776544,0.0395010395010395,18.960498960499,0.41875,402,6900,420,66120,0.217904233171409,313.782095766829,0.432432432432432,207.567567567568,0.110416666666667,106,22.8333333333333,24.7445255474453,31.8333333333333,26.8167539267016
"2025-07-25 10:00:00|Monitor51.txt|02",2,"2025-07-25 10:00:00|Monitor51.txt",2025-07-25T10:00:00Z,2025-07-31T10:30:00Z,"OK","M","DGRP859","21.5C","Winter","NA","08:12","M51","Batch3_DGRP",0.303205647494503,436.616132392084,0.317598056230476,152.447066990628,0.296006944444444,284.166666666667,7260,480,62100,0.440666204024983,634.559333795975,0.432432432432432,207.567567567568,0.444791666666667,427,6840,420,78900,0.316446911866759,455.683553088133,0.272349272349272,130.727650727651,0.338541666666667,325,9540,420,68520,0.321998612074948,463.678001387925,0.286902286902287,137.713097713098,0.339583333333333,326,600,360,10920,0.310201249132547,446.689798750867,0.318087318087318,152.681912681913,0.30625,294,600,1440,2100,0.215822345593338,310.784177654407,0.318087318087318,152.681912681913,0.164583333333333,158,300,420,4500,0.213046495489244,306.786953504511,0.274428274428274,131.725571725572,0.182291666666667,175,17,29.2254901960784,31.1666666666667,29.6524064171123
"2025-07-25 10:00:00|Monitor51.txt|03",3,"2025-07-25 10:00:00|Monitor51.txt",2025-07-25T10:00:00Z,2025-07-31T10:30:00Z,"OK","M","DGRP859","21.5C","Winter","NA","08:12","M51","Batch3_DGRP",0.256451799560236,369.29059136674,0.154460256855259,74.1409232905241,0.307465277777778,295.166666666667,12060,360,61920,0.332408049965302,478.667591950035,0.243243243243243,116.756756756757,0.377083333333333,362,7920,840,62820,0.320610687022901,461.679389312977,0.216216216216216,103.783783783784,0.372916666666667,358,9900,300,64500,0.320610687022901,461.679389312977,0.182952182952183,87.8170478170478,0.389583333333333,374,5820,420,69660,0.206800832755031,297.793199167245,0.0997920997920998,47.9002079002079,0.260416666666667,250,7260,660,66360,0.16030534351145,230.839694656489,0.0582120582120582,27.9417879417879,0.211458333333333,203,360,300,71580,0.197779319916724,284.802220680083,0.126819126819127,60.8731808731809,0.233333333333333,224,14.5,33.0344827586207,42.3333333333333,22.4527559055118
"2025-07-25 10:00:00|Monitor51.txt|04",4,"2025-07-25 10:00:00|Monitor51.txt",2025-07-25T10:00:00Z,2025-07-31T10:30:00Z,"OK","M","DGRP859","21.5C","Winter","NA","08:12","M51","Batch3_DGRP",0.176137021178104,253.63731049647,0.0336688649774384,16.1610551891704,0.247395833333333,237.5,7080,300,69180,0.16793893129771,241.832061068702,0.103950103950104,49.8960498960499,0.2,192,12720,300,74400,0.151977793199167,218.848022206801,0.0436590436590437,20.956340956341,0.20625,198,40260,480,70020,0.0916030534351145,131.908396946565,0,0,0.1375,132,11640,300,58080,0.110340041637752,158.889659958362,0.0103950103950104,4.98960498960499,0.160416666666667,154,37260,300,67260,0.241498959056211,347.758501040944,0,0,0.3625,348,2460,360,67200,0.293546148507981,422.706453851492,0.0457380457380458,21.954261954262,0.417708333333333,401,5,78.5333333333334,34.5,29.9275362318841
"2025-07-25 10:00:00|Monitor51.txt|05",5,"2025-07-25 10:00:00|Monitor51.txt",2025-07-25T10:00:00Z,2025-07-31T10:30:00Z,"OK","M","DGRP859","21.5C","Winter","NA","08:12","M51","Batch3_DGRP",0.393588705010994,566.767735215832,0.23116973273169,110.961471711211,0.474826388888889,455.833333333333,0,300,12600,0.657876474670368,947.34212352533,0.735966735966736,353.264033264033,0.61875,594,6420,1020,70860,0.401804302567661,578.598195697432,0.266112266112266,127.733887733888,0.469791666666667,451,3240,360,66300,0.312977099236641,450.687022900763,0.0977130977130977,46.9022869022869,0.420833333333333,404,4740,300,76140,0.383067314365024,551.616932685635,0.11018711018711,52.8898128898129,0.519791666666667,499,5160,420,68640,0.300485773768217,432.699514226232,0.079002079002079,37.9209979209979,0.411458333333333,395,6720,360,63840,0.304649548924358,438.695350451076,0.0977130977130977,46.9022869022869,0.408333333333333,392,16,29.0416666666667,46.6666666666667,20.3714285714286
"2025-07-25 10:00:00|Monitor51.txt|06",6,"2025-07-25 10:00:00|Monitor51.txt",2025-07-25T10:00:00Z,2025-07-31T10:30:00Z,"OK","M","DGRP859","21.5C","Winter","NA","08:12","M51","Batch3_DGRP",0.358523319060294,516.273579446823,0.375564040263797,180.270739326623,0.35,336,0,420,73440,0.440666204024983,634.559333795975,0.521829521829522,250.47817047817,0.4,384,6120,300,63360,0.394864677307425,568.605135322693,0.343035343035343,164.656964656965,0.420833333333333,404,1680,720,66720,0.346981263011797,499.653018736988,0.428274428274428,205.571725571726,0.30625,294,7080,900,62640,0.26648160999306,383.733518390007,0.297297297297297,142.702702702703,0.251041666666667,241,4860,1260,68640,0.289382373351839,416.710617626648,0.303534303534304,145.696465696466,0.282291666666667,271,420,600,66480,0.412213740458015,593.587786259542,0.357588357588358,171.642411642412,0.439583333333333,422,24,19.6666666666667,37.8333333333333,25.1938325991189
"2025-07-25 10:00:00|Monitor51.txt|07",7,"2025-07-25 10:00:00|Monitor51.txt",2025-07-25T10:00:00Z,2025-07-31T10:30:00Z,"OK","M","DGRP859","21.5C","Winter","NA","08:12","M51","Batch3_DGRP",0.278324268024534,400.786945955329,0.0829573064908018,39.8195071155849,0.376041666666667,361,10020,600,61860,0.383067314365024,551.616932685635,0.191268191268191,91.8087318087318,0.479166666666667,460,6000,360,32520,0.364330326162387,524.635669673838,0.20997920997921,100.790020790021,0.441666666666667,424,9960,360,69780,0.259541984732824,373.740458015267,0.027027027027027,12.972972972973,0.376041666666667,361,240,360,63120,0.220680083275503,317.779319916725,0.024948024948025,11.975051975052,0.31875,306,2160,300,65400,0.226925746009715,326.77307425399,0.0207900207900208,9.97920997920998,0.330208333333333,317,1680,300,64440,0.214434420541291,308.785565579459,0.0228690228690229,10.977130977131,0.310416666666667,298,10.3333333333333,48.2096774193548,51.6666666666667,17.9516129032258
"2025-07-25 10:00:00|Monitor51.txt|08",8,"2025-07-25 10:00:00|Monitor51.txt",2025-07-25T10:00:00Z,2025-07-31T10:30:00Z,"OK","M","DGRP859","21.5C","Winter","NA","08:12","M51","Batch3_DGRP",0.155537553523898,223.974077074413,0.124609510586602,59.8125650815689,0.171006944444444,164.166666666667,0,480,69780,0.321304649548924,462.678695350451,0.257796257796258,123.742203742204,0.353125,339,11280,420,66240,0.240111034004164,345.759888965996,0.147609147609148,70.8523908523909,0.286458333333333,275,540,300,70440,0.131852879944483,189.868147120056,0.11018711018711,52.8898128898129,0.142708333333333,137,12600,420,69420,0.0680083275503123,97.9319916724497,0.0374220374220374,17.962577962578,0.0833333333333333,80,2580,300,70260,0.0784177654406662,112.921582234559,0.0561330561330561,26.9438669438669,0.0895833333333333,86,540,300,61200,0.0936849410131853,134.906315058987,0.139293139293139,66.8607068607069,0.0708333333333333,68,12.3333333333333,45.3918918918919,21.5,40.4883720930233
"2025-07-25 10:00:00|Monitor51.txt|09",9,"2025-07-25 10:00:00|Monitor51.txt",2025-07-25T10:00:00Z,2025-07-31T10:30:00Z,"OK","M","DGRP859","21.5C","Winter","NA","08:12","M51","Batch3_DGRP",0.165953014697373,238.972341164217,0.0905935439083651,43.4849010760153,0.203645833333333,195.5,6060,720,69540,0.306731436502429,441.693268563498,0.27027027027027,129.72972972973,0.325,312,12840,780,70920,0.176960444136017,254.823039555864,0.0623700623700624,29.9376299376299,0.234375,225,10080,300,71400,0.146426092990978,210.853573907009,0.0332640332640333,15.966735966736,0.203125,195,7980,300,63960,0.130464954892436,187.869535045108,0.0103950103950104,4.98960498960499,0.190625,183,31920,300,70680,0.118667591950035,170.88133240805,0,0,0.178125,171,9000,300,69960,0.11589174184594,166.884108258154,0.166320166320166,79.8336798336798,0.090625,87,10.5,41.6666666666667,30.3333333333333,32.8571428571429
"2025-07-25 10:00:00|Monitor51.txt|10",10,"2025-07-25 10:00:00|Monitor51.txt",2025-07-25T10:00:00Z,2025-07-31T10:30:00Z,"OK","M","DGRP859","21.5C","Winter","NA","08:12","M51","Batch3_DGRP",0.300543918527948,432.783242680245,0.232558139534884,111.627906976744,0.334548611111111,321.166666666667,0,480,66660,0.421235253296322,606.578764746704,0.436590436590437,209.56340956341,0.413541666666667,397,8940,360,69060,0.248438584316447,357.751561415684,0.112266112266112,53.8877338877339,0.316666666666667,304,300,300,70320,0.29146426092991,419.70853573907,0.27027027027027,129.72972972973,0.302083333333333,290,4080,420,74280,0.312283136710618,449.687716863289,0.282744282744283,135.717255717256,0.327083333333333,314,5760,300,70920,0.279666897987509,402.720333102013,0.168399168399168,80.8316008316008,0.335416666666667,322,9240,300,61020,0.249132546842471,358.750867453158,0.122661122661123,58.8773388773389,0.3125,300,19.1666666666667,26.2173913043478,34.1666666666667,26.9756097560976
"2025-07-25 10:00:00|Monitor51.txt|11",11,"2025-07-25 10:00:00|Monitor51.txt",2025-07-25T10:00:00Z,2025-07-31T10:30:00Z,"OK","M","DGRP859","21.5C","Winter","NA","08:12","M51","Batch3_DGRP",0.383751880569379,552.602708019905,0.301631377993752,144.783061437001,0.424826388888889,407.833333333333,0,600,62640,0.541984732824428,780.458015267176,0.45945945945946,220.540540540541,0.583333333333333,560,8040,300,64440,0.28174878556558,405.718251214434,0.322245322245322,154.677754677755,0.261458333333333,251,420,600,73200,0.271339347675226,390.728660652325,0.120582120582121,57.8794178794179,0.346875,333,420,1200,68820,0.35322692574601,508.646773074254,0.174636174636175,83.8253638253639,0.442708333333333,425,5640,480,63720,0.36294240111034,522.63705759889,0.266112266112266,127.733887733888,0.411458333333333,395,2520,1080,43800,0.492713393476752,709.507286606523,0.471933471933472,226.528066528067,0.503125,483,24,21.4097222222222,45.5,19.8241758241758
"2025-07-25 10:00:00|Monitor51.txt|12",12,"2025-07-25 10:00:00|Monitor51.txt",2025-07-25T10:00:00Z,2025-07-31T10:30:00Z,"OK","M","DGRP859","21.5C","Winter","NA","08:12","M51","Batch3_DGRP",0.135400995255179,194.977433167457,0.19993057965984,95.9666782367234,0.103125,99,0,540,72000,0.341429562803609,491.658570437196,0.615384615384615,295.384615384615,0.204166666666667,196,660,300,68280,0.179042331714087,257.820957668286,0.266112266112266,127.733887733888,0.135416666666667,130,360,300,66960,0.0714781401804303,102.92852185982,0.0561330561330561,26.9438669438669,0.0791666666666667,76,8820,360,70560,0.0818875780707842,117.918112421929,0.0561330561330561,26.9438669438669,0.0947916666666667,91,360,360,68700,0.0784177654406662,112.921582234559,0.0623700623700624,29.9376299376299,0.0864583333333333,83,900,720,900,0.0596807772380292,85.940319222762,0.141372141372141,67.8586278586279,0.01875,18,14.5,58.8620689655173,11.5,50.6811594202899
"2025-07-25 10:00:00|Monitor51.txt|13",13,"2025-07-25 10:00:00|Monitor51.txt",2025-07-25T10:00:00Z,2025-07-31T10:30:00Z,"OK","M","DGRP859","21.5C","Winter","NA","08:12","M51","Batch3_DGRP",0.698067353315588,1005.21698877445,0.470669906282541,225.92155501562,0.811805555555556,779.333333333333,0,2040,63960,0.606523247744622,873.393476752255,0.511434511434512,245.488565488566,0.654166666666667,628,8160,900,64140,0.68147120055517,981.318528799445,0.478170478170478,229.52182952183,0.783333333333333,752,7080,300,64380,0.693268563497571,998.306731436502,0.365904365904366,175.634095634096,0.857291666666667,823,780,300,64440,0.715475364330326,1030.28452463567,0.465696465696466,223.534303534304,0.840625,807,2460,300,61140,0.74323386537127,1070.25676613463,0.505197505197505,242.494802494803,0.8625,828,1560,540,77280,0.748091603053435,1077.25190839695,0.498960498960499,239.50103950104,0.872916666666667,838,31.5,13.8571428571429,37.6666666666667,25.2964601769911
"2025-07-25 10:00:00|Monitor51.txt|14",14,"2025-07-25 10:00:00|Monitor51.txt",2025-07-25T10:00:00Z,2025-07-31T10:30:00Z,"OK","M","DGRP859","21.5C","Winter","NA","08:12","M51","Batch3_DGRP",0.465686841800718,670.589052193033,0.178757375911142,85.8035404373482,0.609201388888889,584.833333333333,7740,540,41100,0.338653712699514,487.661346287301,0.153846153846154,73.8461538461539,0.43125,414,11460,840,38520,0.33587786259542,483.664122137405,0.168399168399168,80.8316008316008,0.419791666666667,403,8040,960,53220,0.532269257460097,766.46773074254,0.340956340956341,163.659043659044,0.628125,603,10080,480,36480,0.57529493407356,828.424705065926,0.232848232848233,111.767151767152,0.746875,717,10800,420,62580,0.528105482303956,760.471894517696,0.114345114345114,54.8856548856549,0.735416666666667,706,9840,420,60300,0.482303955586398,694.517696044414,0.0602910602910603,28.9397089397089,0.69375,666,12.6666666666667,34.2894736842105,8.33333333333333,119.66
"2025-07-25 10:00:00|Monitor51.txt|15",15,"2025-07-25 10:00:00|Monitor51.txt",2025-07-25T10:00:00Z,2025-07-31T10:30:00Z,"OK","M","DGRP859","21.5C","Winter","NA","08:12","M51","Batch3_DGRP",0.134475176484203,193.644254137253,0.0770565775772301,36.9871572370705,0.163194444444444,156.666666666667,13440,300,74400,0.201249132546842,289.798750867453,0.079002079002079,37.9209979209979,0.2625,252,360,300,65040,0.154753643303262,222.845246356697,0.120582120582121,57.8794178794179,0.171875,165,600,300,60660,0.126301179736294,181.873698820264,0.0311850311850312,14.968814968815,0.173958333333333,167,15060,300,67080,0.131852879944483,189.868147120056,0.0395010395010395,18.960498960499,0.178125,171,360,1320,360,0.0707841776544067,101.929215822346,0.0457380457380458,21.954261954262,0.0833333333333333,80,360,960,62820,0.121443442054129,174.878556557946,0.145530145530146,69.8544698544699,0.109375,105,9.16666666666667,67.3090909090909,25.3333333333333,32.2434210526316
"2025-07-25 10:00:00|Monitor51.txt|16",16,"2025-07-25 10:00:00|Monitor51.txt",2025-07-25T10:00:00Z,2025-07-31T10:30:00Z,"OK","M","DGRP859","21.5C","Winter","NA","08:12","M51","Batch3_DGRP",0.0584423099178336,84.1569262816804,0.0704616452620618,33.8215897257897,0.0524305555555556,50.3333333333333,52740,720,85080,0.0569049271339348,81.9430950728661,0.00207900207900208,0.997920997920998,0.084375,81,8880,360,69240,0.112421929215822,161.887578070784,0.139293139293139,66.8607068607069,0.0989583333333333,95,9420,3720,9420,0.102706453851492,147.897293546149,0.176715176715177,84.8232848232848,0.065625,63,600,300,78900,0.0437196391394865,62.9562803608605,0.0748440748440749,35.9251559251559,0.028125,27,12300,600,12300,0.0242886884108258,34.9757113115892,0.0207900207900208,9.97920997920998,0.0260416666666667,25,10140,300,49380,0.0111034004163775,15.9888965995836,0.0103950103950104,4.98960498960499,0.0114583333333333,11,4.83333333333333,165.034482758621,7.16666666666667,89.4186046511628
"2025-07-25 10:00:00|Monitor51.txt|17",17,"2025-07-25 10:00:00|Monitor51.txt",2025-07-25T10:00:00Z,2025-07-31T10:30:00Z,"OK","M","DGRP859","21.5C","Winter","NA","08:12","M51","Batch3_DGRP",0.38143733364194,549.269760444393,0.136410968413745,65.4772648385977,0.503993055555556,483.833333333333,13740,780,66780,0.232477446217904,334.767522553782,0.0706860706860707,33.9293139293139,0.313541666666667,301,7200,360,61980,0.224149895905621,322.775850104094,0.0810810810810811,38.9189189189189,0.295833333333333,284,3660,420,61860,0.408743927827897,588.591256072172,0.0478170478170478,22.952182952183,0.589583333333333,566,5280,300,63960,0.321998612074948,463.678001387925,0.0103950103950104,4.98960498960499,0.478125,459,14640,300,15240,0.570437196391395,821.429562803609,0.25987525987526,124.740124740125,0.726041666666667,697,1860,420,45540,0.529493407356003,762.470506592644,0.347193347193347,166.652806652807,0.620833333333333,596,9.5,46.4736842105263,34.5,28.3768115942029
"2025-07-25 10:00:00|Monitor51.txt|18",18,"2025-07-25 10:00:00|Monitor51.txt",2025-07-25T10:00:00Z,2025-07-31T10:30:00Z,"OK","M","DGRP859","21.5C","Winter","NA","08:12","M51","Batch3_DGRP",0.295567642633954,425.617405392894,0.21242624088858,101.964595626519,0.337152777777778,323.666666666667,3480,420,79440,0.483691880638446,696.516308119362,0.604989604989605,290.39501039501,0.422916666666667,406,5040,780,65280,0.263705759888966,379.736294240111,0.20997920997921,100.790020790021,0.290625,279,360,660,42960,0.190839694656489,274.809160305344,0.0956340956340956,45.9043659043659,0.238541666666667,229,5820,420,70800,0.209576682859126,301.790423317141,0.0498960498960499,23.950103950104,0.289583333333333,278,1320,300,63900,0.290770298403886,418.709229701596,0.193347193347193,92.8066528066528,0.339583333333333,326,8880,360,35880,0.334489937543373,481.665510062457,0.120582120582121,57.8794178794179,0.441666666666667,424,21.1666666666667,25.496062992126,45.5,19.2344322344322
"2025-07-25 10:00:00|Monitor51.txt|19",19,"2025-07-25 10:00:00|Monitor51.txt",2025-07-25T10:00:00Z,2025-07-31T10:30:00Z,"OK","M","DGRP859","21.5C","Winter","NA","08:12","M51","Batch3_DGRP",0.143386182154843,206.476102302974,0.0975355779243318,46.8170774036793,0.166319444444444,159.666666666667,3780,300,70140,0.231783483691881,333.768216516308,0.212058212058212,101.787941787942,0.241666666666667,232,3780,360,67080,0.155447605829285,223.844552394171,0.16008316008316,76.8399168399168,0.153125,147,6960,540,68940,0.114503816793893,164.885496183206,0.108108108108108,51.8918918918919,0.117708333333333,113,0,300,67980,0.0881332408049965,126.911866759195,0.0332640332640333,15.966735966736,0.115625,111,22920,360,69360,0.153365718251214,220.846634281749,0.027027027027027,12.972972972973,0.216666666666667,208,300,300,72480,0.117973629424011,169.882026370576,0.0478170478170478,22.952182952183,0.153125,147,12.5,45.76,22.5,38.4444444444444
"2025-07-25 10:00:00|Monitor51.txt|20",20,"2025-07-25 10:00:00|Monitor51.txt",2025-07-25T10:00:00Z,2025-07-31T10:30:00Z,"OK","M","DGRP859","21.5C","Winter","NA","08:12","M51","Batch3_DGRP",0.132276356903136,190.477953940516,0.0447761194029851,21.4925373134328,0.176041666666667,169,13620,540,72240,0.325468424705066,468.674531575295,0.133056133056133,63.8669438669439,0.421875,405,18900,720,65520,0.183206106870229,263.81679389313,0.0748440748440749,35.9251559251559,0.2375,228,32820,360,63420,0.158917418459403,228.841082581541,0,0,0.238541666666667,229,6900,300,71580,0.0367800138792505,52.9632199861208,0.0103950103950104,4.98960498960499,0.05,48,33120,300,70680,0.0437196391394865,62.9562803608605,0,0,0.065625,63,1080,660,64380,0.0451075641915337,64.9548924358085,0.0498960498960499,23.950103950104,0.0427083333333333,41,3.83333333333333,103.304347826087,28.6666666666667,36.2616279069768
"2025-07-25 10:00:00|Monitor51.txt|21",21,"2025-07-25 10:00:00|Monitor51.txt",2025-07-25T10:00:00Z,2025-07-31T10:30:00Z,"OK","M","DGRP859","21.5C","Winter","NA","08:12","M51","Batch3_DGRP",0.112024071288045,161.314662654785,0.0610898993405068,29.3231516834433,0.1375,132,6420,360,10860,0.238029146426093,342.761970853574,0.274428274428274,131.725571725572,0.219791666666667,211,12180,300,59760,0.11589174184594,166.884108258154,0.0582120582120582,27.9417879417879,0.144791666666667,139,18780,360,70080,0.0680083275503123,97.9319916724497,0.0124740124740125,5.98752598752599,0.0958333333333333,92,41580,300,69720,0.0402498265093685,57.9597501734906,0,0,0.0604166666666667,58,32100,300,59160,0.0909090909090909,130.909090909091,0,0,0.136458333333333,131,540,300,67080,0.118667591950035,170.88133240805,0.0207900207900208,9.97920997920998,0.167708333333333,161,6.16666666666667,52.4594594594595,23.8333333333333,46.6013986013986
"2025-07-25 10:00:00|Monitor51.txt|22",22,"2025-07-25 10:00:00|Monitor51.txt",2025-07-25T10:00:00Z,2025-07-31T10:30:00Z,"OK","M","DGRP859","21.5C","Winter","NA","08:12","M51","Batch3_DGRP",0.252169887744474,363.124638352043,0.222145088510934,106.629642485248,0.2671875,256.5,7320,420,73680,0.332408049965302,478.667591950035,0.299376299376299,143.700623700624,0.348958333333333,335,8580,720,65580,0.30117973629424,433.698820263706,0.193347193347193,92.8066528066528,0.355208333333333,341,9300,420,64020,0.186675919500347,268.8133240805,0.0540540540540541,25.9459459459459,0.253125,243,600,300,69660,0.140180430256766,201.859819569743,0.0498960498960499,23.950103950104,0.185416666666667,178,360,600,61560,0.260235947258848,374.739764052741,0.0582120582120582,27.9417879417879,0.361458333333333,347,360,1920,19920,0.29146426092991,419.70853573907,0.675675675675676,324.324324324324,0.0989583333333333,95,15.6666666666667,29.7553191489362,23.3333333333333,41.2857142857143
"2025-07-25 10:00:00|Monitor51.txt|23",23,"2025-07-25 10:00:00|Monitor51.txt",2025-07-25T10:00:00Z,2025-07-31T10:30:00Z,"OK","M","DGRP859","21.5C","Winter","NA","08:12","M51","Batch3_DGRP",0.35412567989816,509.94097905335,0.21450885109337,102.964248524818,0.423958333333333,407,0,660,69960,0.399722414989591,575.600277585011,0.345114345114345,165.654885654886,0.427083333333333,410,8160,900,70860,0.374739764052741,539.625260235947,0.234927234927235,112.765072765073,0.444791666666667,427,7440,1020,68880,0.398334489937543,573.601665510063,0.143451143451143,68.8565488565489,0.526041666666667,505,8340,720,62100,0.309507286606523,445.690492713393,0.108108108108108,51.8918918918919,0.410416666666667,394,5520,1140,6900,0.377515614156836,543.622484385843,0.299376299376299,143.700623700624,0.416666666666667,400,8040,300,70500,0.26439972241499,380.735600277585,0.155925155925156,74.8440748440749,0.31875,306,13.6666666666667,32.7682926829268,45,21.7259259259259
"2025-07-25 10:00:00|Monitor51.txt|25",25,"2025-07-25 10:00:00|Monitor51.txt",2025-07-25T10:00:00Z,2025-07-31T10:30:00Z,"OK","M","DGRP859","21.5C","Winter","NA","08:12","M51","Batch3_DGRP",0.168383288971184,242.471936118505,0.138493578618535,66.4769177368969,0.183333333333333,176,5520,300,67440,0.305343511450382,439.69465648855,0.326403326403326,156.673596673597,0.294791666666667,283,4800,660,68760,0.17765440666204,255.822345593338,0.0935550935550936,44.9064449064449,0.219791666666667,211,10500,360,69420,0.0978487161693269,140.902151283831,0.0831600831600832,39.9168399168399,0.105208333333333,101,840,300,69180,0.119361554476058,171.880638445524,0.0582120582120582,27.9417879417879,0.15,144,13560,360,67620,0.102706453851492,147.897293546149,0.027027027027027,12.972972972973,0.140625,135,7920,540,12960,0.206800832755031,297.793199167245,0.241164241164241,115.758835758836,0.189583333333333,182,11.5,47.231884057971,36.3333333333333,24.454128440367
"2025-07-25 10:00:00|Monitor51.txt|26",26,"2025-07-25 10:00:00|Monitor51.txt",2025-07-25T10:00:00Z,2025-07-31T10:30:00Z,"OK","M","DGRP859","21.5C","Winter","NA","08:12","M51","Batch3_DGRP",0.264899895845388,381.455850017359,0.311350225616106,149.448108295731,0.241666666666667,232,360,300,77820,0.207494795281055,298.792505204719,0.336798336798337,161.663201663202,0.142708333333333,137,240,540,74220,0.311589174184594,448.688410825815,0.41995841995842,201.580041580042,0.257291666666667,247,3180,300,65820,0.261623872310895,376.738376127689,0.37006237006237,177.629937629938,0.207291666666667,199,0,360,65460,0.31852879944483,458.681471200555,0.222453222453222,106.777546777547,0.366666666666667,352,360,480,63780,0.172796668979875,248.82720333102,0.222453222453222,106.777546777547,0.147916666666667,142,5340,480,66600,0.317834836918806,457.682165163081,0.297297297297297,142.702702702703,0.328125,315,28.3333333333333,19.764705882353,30.5,28.4153005464481
"2025-07-25 10:00:00|Monitor51.txt|27",27,"2025-07-25 10:00:00|Monitor51.txt",2025-07-25T10:00:00Z,2025-07-31T10:30:00Z,"OK","M","DGRP859","21.5C","Winter","NA","08:12","M51","Batch3_DGRP",0.307719014003009,443.115380164333,0.28531759805623,136.952447066991,0.318923611111111,306.166666666667,6480,720,79140,0.374739764052741,539.625260235947,0.388773388773389,186.611226611227,0.367708333333333,353,5760,420,69120,0.32824427480916,472.671755725191,0.278586278586279,133.721413721414,0.353125,339,240,300,60360,0.224149895905621,322.775850104094,0.272349272349272,130.727650727651,0.2,192,2280,420,65700,0.292158223455933,420.707841776544,0.295218295218295,141.704781704782,0.290625,279,480,360,67860,0.260235947258848,374.739764052741,0.164241164241164,78.8357588357588,0.308333333333333,296,1680,300,72600,0.366412213740458,527.63358778626,0.311850311850312,149.68814968815,0.39375,378,22.1666666666667,27.609022556391,27.5,29.6424242424243
"2025-07-25 10:00:00|Monitor51.txt|28",28,"2025-07-25 10:00:00|Monitor51.txt",2025-07-25T10:00:00Z,2025-07-31T10:30:00Z,"OK","M","DGRP859","21.5C","Winter","NA","08:12","M51","Batch3_DGRP",0.403078347413494,580.432820275431,0.205831308573412,98.7990281152378,0.501736111111111,481.666666666667,5100,360,68820,0.53088133240805,764.469118667592,0.471933471933472,226.528066528067,0.560416666666667,538,12720,720,61440,0.394170714781402,567.605829285219,0.212058212058212,101.787941787942,0.485416666666667,466,420,360,65220,0.301873698820264,434.69812630118,0.16008316008316,76.8399168399168,0.372916666666667,358,360,2040,63840,0.421929215822346,607.578070784178,0.195426195426195,93.8045738045738,0.535416666666667,514,180,300,60180,0.34559333795975,497.65440666204,0.162162162162162,77.8378378378378,0.4375,420,20580,300,51960,0.422623178348369,608.577376821652,0.0311850311850312,14.968814968815,0.61875,594,14.8333333333333,26.7415730337079,49.1666666666667,20.4949152542373
"2025-07-25 10:00:00|Monitor51.txt|29",29,"2025-07-25 10:00:00|Monitor51.txt",2025-07-25T10:00:00Z,2025-07-31T10:30:00Z,"OK","M","DGRP859","21.5C","Winter","NA","08:12","M51","Batch3_DGRP",0.208887860201366,300.798518689966,0.191253037139882,91.8014578271434,0.217708333333333,209,12000,660,63360,0.272727272727273,392.727272727273,0.178794178794179,85.8212058212058,0.319791666666667,307,420,360,60420,0.174184594031922,250.825815405968,0.166320166320166,79.8336798336798,0.178125,171,8220,1860,62040,0.209576682859126,301.790423317141,0.201663201663202,96.7983367983368,0.213541666666667,205,6000,600,10740,0.158917418459403,228.841082581541,0.158004158004158,75.8419958419959,0.159375,153,6780,540,72780,0.235253296321999,338.764746703678,0.197505197505198,94.8024948024948,0.254166666666667,244,5820,480,71100,0.201943095072866,290.798056904927,0.243243243243243,116.756756756757,0.18125,174,17.5,35.1047619047619,27,30.2098765432099
"2025-07-25 10:00:00|Monitor51.txt|30",30,"2025-07-25 10:00:00|Monitor51.txt",2025-07-25T10:00:00Z,2025-07-31T10:30:00Z,"OK","M","DGRP859","21.5C","Winter","NA","08:12","M51","Batch3_DGRP",0.135053813216063,194.477491031131,0.0732384588684485,35.1544602568553,0.165972222222222,159.333333333333,12180,780,69780,0.32616238723109,469.673837612769,0.1995841995842,95.8004158004158,0.389583333333333,374,8880,420,67440,0.242886884108258,349.757113115892,0.0291060291060291,13.970893970894,0.35,336,8400,480,10680,0.0596807772380292,85.940319222762,0.079002079002079,37.9209979209979,0.05,48,42360,300,64440,0.0117973629424011,16.9882026370576,0,0,0.0177083333333333,17,660,300,67260,0.0610687022900763,87.9389312977099,0.0207900207900208,9.97920997920998,0.08125,78,480,780,66540,0.108258154059681,155.89174184594,0.11018711018711,52.8898128898129,0.107291666666667,103,8.16666666666667,57.6530612244898,25.8333333333333,37.3290322580645
"2025-07-25 10:00:00|Monitor51.txt|31",31,"2025-07-25 10:00:00|Monitor51.txt",2025-07-25T10:00:00Z,2025-07-31T10:30:00Z,"OK","M","DGRP859","21.5C","Winter","NA","08:12","M51","Batch3_DGRP",0.241638699224627,347.959726883463,0.130163137799375,62.4783061437001,0.297395833333333,285.5,9660,420,73800,0.339347675225538,488.660652324774,0.239085239085239,114.760914760915,0.389583333333333,374,4980,360,64800,0.299097848716169,430.700902151284,0.253638253638254,121.746361746362,0.321875,309,12180,540,74940,0.242192921582235,348.757807078418,0.14968814968815,71.8503118503119,0.288541666666667,277,8700,360,73320,0.16793893129771,241.832061068702,0.0415800415800416,19.95841995842,0.23125,222,9180,540,74940,0.20471894517696,294.795281054823,0.0997920997920998,47.9002079002079,0.257291666666667,247,36300,300,57000,0.197085357390701,283.802914642609,0,0,0.295833333333333,284,11.1666666666667,36.6716417910448,38,26.9035087719298
"2025-07-25 10:00:00|Monitor51.txt|32",32,"2025-07-25 10:00:00|Monitor51.txt",2025-07-25T10:00:00Z,2025-07-31T10:30:00Z,"OK","M","DGRP859","21.5C","Winter","NA","08:12","M51","Batch3_DGRP",0.337576669366971,486.110403888439,0.167303019784797,80.3054494967025,0.422743055555556,405.833333333333,9120,480,66960,0.390700902151284,562.609299097849,0.382536382536383,183.617463617464,0.394791666666667,379,6780,300,74520,0.332408049965302,478.667591950035,0.168399168399168,80.8316008316008,0.414583333333333,398,540,300,76200,0.22970159611381,330.770298403886,0.182952182952183,87.8170478170478,0.253125,243,5340,300,40140,0.296321998612075,426.703678001388,0.0353430353430353,16.964656964657,0.427083333333333,410,3960,300,66840,0.360166551006246,518.639833448994,0.0914760914760915,43.9085239085239,0.494791666666667,475,360,300,63840,0.41498959056211,597.585010409438,0.141372141372141,67.8586278586279,0.552083333333333,530,14.5,34.7011494252874,45.6666666666667,19.9452554744526
"2025-07-25 10:00:00|Monitor6.txt|01",1,"2025-07-25 10:00:00|Monitor6.txt",2025-07-25T10:00:00Z,2025-07-31T10:30:00Z,"OK","M","CS","21.5C","Winter","NA","08:12","M6","Batch3_DGRP",0.587084828144891,845.402152528643,0.511975008677543,245.74800416522,0.624652777777778,599.666666666667,900,960,69780,0.630117973629424,907.369882026371,0.573804573804574,275.426195426195,0.658333333333333,632,360,1500,66540,0.633587786259542,912.36641221374,0.634095634095634,304.365904365904,0.633333333333333,608,3180,420,67740,0.582234559333796,838.417765440666,0.575883575883576,276.424116424116,0.585416666666667,562,660,420,70020,0.570437196391395,821.429562803609,0.478170478170478,229.52182952183,0.616666666666667,592,540,420,68340,0.509368494101319,733.490631505899,0.436590436590437,209.56340956341,0.545833333333333,524,4800,420,66600,0.596113809854268,858.403886190146,0.372141372141372,178.627858627859,0.708333333333333,680,30.1666666666667,14.9337016574586,40.8333333333333,23.4204081632653
"2025-07-25 10:00:00|Monitor6.txt|02",2,"2025-07-25 10:00:00|Monitor6.txt",2025-07-25T10:00:00Z,2025-07-31T10:30:00Z,"OK","M","CS","21.5C","Winter","NA","08:12","M6","Batch3_DGRP",0.556069899317209,800.74065501678,0.416174939257202,199.763970843457,0.626041666666667,601,7440,300,65280,0.620402498265094,893.379597501735,0.455301455301455,218.544698544699,0.703125,675,5460,360,65160,0.619014573213047,891.380985426787,0.602910602910603,289.397089397089,0.627083333333333,602,9060,480,63180,0.570437196391395,821.429562803609,0.436590436590437,209.56340956341,0.6375,612,840,300,66360,0.544066620402498,783.455933379598,0.46985446985447,225.530145530146,0.58125,558,11040,300,66780,0.461485079805691,664.538514920194,0.237006237006237,113.762993762994,0.573958333333333,551,6420,360,61380,0.519777931991673,748.480222068008,0.293139293139293,140.706860706861,0.633333333333333,608,26.8333333333333,15.6832298136646,44,22.4015151515152
"2025-07-25 10:00:00|Monitor6.txt|03",3,"2025-07-25 10:00:00|Monitor6.txt",2025-07-25T10:00:00Z,2025-07-31T10:30:00Z,"OK","M","CS","21.5C","Winter","NA","08:12","M6","Batch3_DGRP",0.430390001157273,619.761601666474,0.219021173203749,105.130163137799,0.536111111111111,514.666666666667,8220,360,75540,0.520471894517696,749.479528105482,0.349272349272349,167.650727650728,0.60625,582,15120,960,71700,0.526023594725885,757.473976405274,0.311850311850312,149.68814968815,0.633333333333333,608,10440,420,69660,0.428868841082582,617.571131158918,0.222453222453222,106.777546777547,0.532291666666667,511,9540,300,70740,0.391394864677307,563.608605135323,0.143451143451143,68.8565488565489,0.515625,495,11880,480,69840,0.35322692574601,508.646773074254,0.126819126819127,60.8731808731809,0.466666666666667,448,360,360,70740,0.360860513532269,519.639139486468,0.158004158004158,75.8419958419959,0.4625,444,17.5,20.9904761904762,40.3333333333333,26.202479338843
"2025-07-25 10:00:00|Monitor6.txt|04",4,"2025-07-25 10:00:00|Monitor6.txt",2025-07-25T10:00:00Z,2025-07-31T10:30:00Z,"OK","M","CS","21.5C","Winter","NA","08:12","M6","Batch3_DGRP",0.545307256104618,785.242448790649,0.408538701839639,196.098576883027,0.613715277777778,589.166666666667,540,900,66780,0.628036086051353,904.371963913949,0.594594594594595,285.405405405405,0.644791666666667,619,2340,300,36600,0.545454545454545,785.454545454545,0.46985446985447,225.530145530146,0.583333333333333,560,2640,300,58920,0.51353226925746,739.486467730743,0.30977130977131,148.690228690229,0.615625,591,2400,420,63660,0.528105482303956,760.471894517696,0.324324324324324,155.675675675676,0.630208333333333,605,3360,480,57240,0.522553782095767,752.477446217904,0.332640332640333,159.66735966736,0.617708333333333,593,900,300,57420,0.532963219986121,767.467036780014,0.417879417879418,200.582120582121,0.590625,567,29.3333333333333,17.0284090909091,28,32.4940476190476
"2025-07-25 10:00:00|Monitor6.txt|05",5,"2025-07-25 10:00:00|Monitor6.txt",2025-07-25T10:00:00Z,2025-07-31T10:30:00Z,"OK","M","CS","21.5C","Winter","NA","08:12","M6","Batch3_DGRP",0.410021988195811,590.431663001967,0.332176327664006,159.444637278723,0.448958333333333,431,0,360,67740,0.558639833448994,804.441360166551,0.51975051975052,249.48024948025,0.578125,555,8340,360,68400,0.507980569049271,731.492019430951,0.513513513513514,246.486486486487,0.505208333333333,485,10200,360,64440,0.433726578764747,624.566273421235,0.318087318087318,152.681912681913,0.491666666666667,472,12120,360,69060,0.267175572519084,384.732824427481,0.243243243243243,116.756756756757,0.279166666666667,268,7620,420,66360,0.285218598195697,410.714781401804,0.197505197505198,94.8024948024948,0.329166666666667,316,6240,420,63300,0.405968077723803,584.594031922276,0.197505197505198,94.8024948024948,0.510416666666667,490,25,16.1,36.5,27.5342465753425
"2025-07-25 10:00:00|Monitor6.txt|06",6,"2025-07-25 10:00:00|Monitor6.txt",2025-07-25T10:00:00Z,2025-07-31T10:30:00Z,"OK","M","CS","21.5C","Winter","NA","08:12","M6","Batch3_DGRP",0.536627705126722,772.743895382479,0.326969802152031,156.945505032975,0.641493055555556,615.833333333333,0,420,35820,0.648854961832061,934.351145038168,0.513513513513514,246.486486486487,0.716666666666667,688,2520,300,34020,0.646079111727967,930.353920888272,0.588357588357588,282.411642411642,0.675,648,3780,600,62640,0.556557945870923,801.443442054129,0.349272349272349,167.650727650728,0.660416666666667,634,660,300,56220,0.442748091603053,637.557251908397,0.264033264033264,126.735966735967,0.532291666666667,511,3720,300,57960,0.423317140874393,609.576682859126,0.11018711018711,52.8898128898129,0.580208333333333,557,4680,300,54420,0.500346981263012,720.499653018737,0.133056133056133,63.8669438669439,0.684375,657,19.1666666666667,26,27,34.0246913580247
"2025-07-25 10:00:00|Monitor6.txt|07",7,"2025-07-25 10:00:00|Monitor6.txt",2025-07-25T10:00:00Z,2025-07-31T10:30:00Z,"OK","M","CS","21.5C","Winter","NA","08:12","M6","Batch3_DGRP",0.58465455387108,841.902557574355,0.449496702533842,215.758417216244,0.652256944444445,626.166666666667,420,420,70980,0.714781401804303,1029.2852185982,0.648648648648649,311.351351351351,0.747916666666667,718,6840,360,70140,0.581540596807772,837.418459403192,0.357588357588358,171.642411642412,0.69375,666,2340,360,64080,0.600277585010409,864.39972241499,0.521829521829522,250.47817047817,0.639583333333333,614,3420,300,58200,0.57529493407356,828.424705065926,0.440748440748441,211.559251559252,0.642708333333333,617,4980,300,54780,0.447605829285219,644.552394170715,0.386694386694387,185.613305613306,0.478125,459,360,300,49980,0.588480222068008,847.411519777932,0.343035343035343,164.656964656965,0.711458333333333,683,33.8333333333333,14.2315270935961,34.6666666666667,26.9278846153846
"2025-07-25 10:00:00|Monitor6.txt|08",8,"2025-07-25 10:00:00|Monitor6.txt",2025-07-25T10:00:00Z,2025-07-31T10:30:00Z,"OK","M","CS","21.5C","Winter","NA","08:12","M6","Batch3_DGRP",0.538363615322301,775.243606064113,0.513016313779938,246.24783061437,0.551041666666667,529,4140,900,65040,0.631505898681471,909.368494101319,0.557172557172557,267.442827442828,0.66875,642,2100,480,68940,0.609299097848716,877.390700902151,0.638253638253638,306.361746361746,0.594791666666667,571,120,300,70680,0.534351145038168,769.465648854962,0.650727650727651,312.349272349272,0.476041666666667,457,2340,300,71580,0.498265093684941,717.501734906315,0.505197505197505,242.494802494803,0.494791666666667,475,1800,300,69600,0.419153365718251,603.580846634282,0.440748440748441,211.559251559252,0.408333333333333,392,1080,300,38280,0.535739070090215,771.46426092991,0.280665280665281,134.719334719335,0.663541666666667,637,31.6666666666667,15.7842105263158,37.1666666666667,24.5201793721973
"2025-07-25 10:00:00|Monitor6.txt|09",9,"2025-07-25 10:00:00|Monitor6.txt",2025-07-25T10:00:00Z,2025-07-31T10:30:00Z,"OK","M","CS","21.5C","Winter","NA","08:12","M6","Batch3_DGRP",0.480268487443583,691.58662191876,0.464769177368969,223.089205137105,0.488020833333333,468.5,420,300,69960,0.555863983344899,800.444136016655,0.565488565488566,271.434511434512,0.551041666666667,529,420,1380,37800,0.657876474670368,947.34212352533,0.704781704781705,338.295218295218,0.634375,609,960,300,69420,0.488549618320611,703.511450381679,0.542619542619543,260.45738045738,0.461458333333333,443,1620,300,74400,0.384455239417072,553.615544760583,0.353430353430353,169.64656964657,0.4,384,4500,300,75600,0.344205412907703,495.655794587092,0.239085239085239,114.760914760915,0.396875,381,6780,420,49260,0.448993754337266,646.551006245663,0.378378378378378,181.621621621622,0.484375,465,27.6666666666667,18.5903614457831,43.6666666666667,20.6106870229008
"2025-07-25 10:00:00|Monitor6.txt|10",10,"2025-07-25 10:00:00|Monitor6.txt",2025-07-25T10:00:00Z,2025-07-31T10:30:00Z,"OK","M","CS","21.5C","Winter","NA","08:12","M6","Batch3_DGRP",0.553639625043398,797.241060062493,0.345366192294342,165.775772301284,0.6578125,631.5,3420,300,38880,0.699514226231784,1007.30048577377,0.474012474012474,227.525987525988,0.8125,780,3600,360,68160,0.651630811936156,938.348369188064,0.511434511434512,245.488565488566,0.721875,693,1260,300,68040,0.556557945870923,801.443442054129,0.357588357588358,171.642411642412,0.65625,630,8460,540,61500,0.439972241498959,633.560027758501,0.224532224532225,107.775467775468,0.547916666666667,526,10440,300,64980,0.494795281054823,712.505204718945,0.234927234927235,112.765072765073,0.625,600,1200,300,62160,0.477446217904233,687.522553782096,0.266112266112266,127.733887733888,0.583333333333333,560,22,23.1590909090909,24.5,37.2517006802722
"2025-07-25 10:00:00|Monitor6.txt|11",11,"2025-07-25 10:00:00|Monitor6.txt",2025-07-25T10:00:00Z,2025-07-31T10:30:00Z,"OK","M","CS","21.5C","Winter","NA","08:12","M6","Batch3_DGRP",0.542529799791691,781.242911700035,0.352308226310309,169.107948628948,0.637673611111111,612.166666666667,4860,480,40800,0.580152671755725,835.419847328244,0.467775467775468,224.532224532225,0.636458333333333,611,6000,300,57960,0.632199861207495,910.367800138792,0.501039501039501,240.498960498961,0.697916666666667,670,6420,300,40440,0.522553782095767,752.477446217904,0.399168399168399,191.600831600832,0.584375,561,5280,300,70320,0.523941707147814,754.476058292852,0.245322245322245,117.754677754678,0.663541666666667,637,8220,300,63780,0.480916030534351,692.519083969466,0.261954261954262,125.738045738046,0.590625,567,8760,420,64200,0.51353226925746,739.486467730743,0.234927234927235,112.765072765073,0.653125,627,30.8333333333333,14.4378378378378,31.8333333333333,30.3298429319372
"2025-07-25 10:00:00|Monitor6.txt|12",12,"2025-07-25 10:00:00|Monitor6.txt",2025-07-25T10:00:00Z,2025-07-31T10:30:00Z,"OK","M","CS","21.5C","Winter","NA","08:12","M6","Batch3_DGRP",0.505844230991783,728.415692628168,0.454009024644221,217.924331829226,0.531770833333333,510.5,660,540,37200,0.645385149201943,929.354614850798,0.686070686070686,329.313929313929,0.625,600,360,300,13560,0.51353226925746,739.486467730743,0.634095634095634,304.365904365904,0.453125,435,1260,300,70800,0.542678695350451,781.45732130465,0.573804573804574,275.426195426195,0.527083333333333,506,180,300,60960,0.423317140874393,609.576682859126,0.245322245322245,117.754677754678,0.5125,492,0,300,66180,0.435808466342818,627.564191533657,0.257796257796258,123.742203742204,0.525,504,240,300,61440,0.473976405274115,682.526023594726,0.326403326403326,156.673596673597,0.547916666666667,526,28.5,18.6842105263158,39.1666666666667,22.5063829787234
"2025-07-25 10:00:00|Monitor6.txt|13",13,"2025-07-25 10:00:00|Monitor6.txt",2025-07-25T10:00:00Z,2025-07-31T10:30:00Z,"OK","M","CS","21.5C","Winter","NA","08:12","M6","Batch3_DGRP",0.530841337808124,764.411526443699,0.441860465116279,212.093023255814,0.575347222222222,552.333333333333,7260,1740,40800,0.564191533657183,812.435808466343,0.461538461538462,221.538461538462,0.615625,591,780,300,77460,0.617626648160999,889.382373351839,0.561330561330561,269.43866943867,0.645833333333333,620,3900,360,41280,0.529493407356003,762.470506592644,0.548856548856549,263.451143451143,0.519791666666667,499,240,300,77640,0.478140180430257,688.52185981957,0.372141372141372,178.627858627859,0.53125,510,7380,480,52140,0.47675225537821,686.523247744622,0.511434511434512,245.488565488566,0.459375,441,7860,300,43620,0.517696044413602,745.482303955586,0.193347193347193,92.8066528066528,0.680208333333333,653,30.8333333333333,14.8648648648649,49,19.2176870748299
"2025-07-25 10:00:00|Monitor6.txt|14",14,"2025-07-25 10:00:00|Monitor6.txt",2025-07-25T10:00:00Z,2025-07-31T10:30:00Z,"OK","M","CS","21.5C","Winter","NA","08:12","M6","Batch3_DGRP",0.54542298345099,785.409096169425,0.300590072891357,144.283234987851,0.667881944444445,641.166666666667,660,3120,63660,0.749479528105482,1079.25052047189,0.721413721413721,346.278586278586,0.763541666666667,733,4560,420,62880,0.517002081887578,744.482997918113,0.299376299376299,143.700623700624,0.626041666666667,601,420,420,65520,0.500346981263012,720.499653018737,0.203742203742204,97.7962577962578,0.648958333333333,623,300,420,58500,0.426786953504511,614.573213046495,0.0831600831600832,39.9168399168399,0.598958333333333,575,6420,300,65160,0.544066620402498,783.455933379598,0.349272349272349,167.650727650728,0.641666666666667,616,8640,540,57300,0.534351145038168,769.465648854962,0.147609147609148,70.8523908523909,0.728125,699,25.5,19.0196078431373,33.1666666666667,28.2914572864322
"2025-07-25 10:00:00|Monitor6.txt|15",15,"2025-07-25 10:00:00|Monitor6.txt",2025-07-25T10:00:00Z,2025-07-31T10:30:00Z,"OK","M","CS","21.5C","Winter","NA","08:12","M6","Batch3_DGRP",0.432125911352853,622.261312348108,0.422422769871572,202.762929538355,0.436979166666667,419.5,2400,300,76860,0.672449687716863,968.327550312283,0.634095634095634,304.365904365904,0.691666666666667,664,240,300,78600,0.575988896599584,829.4240111034,0.544698544698545,261.455301455301,0.591666666666667,568,540,300,72240,0.520471894517696,749.479528105482,0.513513513513514,246.486486486487,0.523958333333333,503,540,360,74400,0.234559333795975,337.765440666204,0.27027027027027,129.72972972973,0.216666666666667,208,9180,480,74520,0.297015961138099,427.702984038862,0.237006237006237,113.762993762994,0.327083333333333,314,6300,300,75180,0.29146426092991,419.70853573907,0.332640332640333,159.66735966736,0.270833333333333,260,27.3333333333333,17.8231707317073,47.6666666666667,19.3916083916084
"2025-07-25 10:00:00|Monitor6.txt|16",16,"2025-07-25 10:00:00|Monitor6.txt",2025-07-25T10:00:00Z,2025-07-31T10:30:00Z,"OK","M","CS","21.5C","Winter","NA","08:12","M6","Batch3_DGRP",0.516028237472515,743.080661960421,0.273169038528289,131.121138493579,0.6375,612,300,1020,51780,0.59264399722415,853.407356002776,0.523908523908524,251.476091476092,0.627083333333333,602,420,600,66960,0.537820957668286,774.462179042332,0.365904365904366,175.634095634096,0.623958333333333,599,600,360,63540,0.485079805690493,698.51492019431,0.222453222453222,106.777546777547,0.616666666666667,592,3480,660,66960,0.461485079805691,664.538514920194,0.0956340956340956,45.9043659043659,0.644791666666667,619,6060,300,64500,0.410825815405968,591.589174184594,0.0914760914760915,43.9085239085239,0.570833333333333,548,2460,300,60480,0.606523247744622,873.393476752255,0.336798336798337,161.663201663202,0.741666666666667,712,22.3333333333333,24.2910447761194,32.8333333333333,26.6446700507614
"2025-07-25 10:00:00|Monitor6.txt|17",17,"2025-07-25 10:00:00|Monitor6.txt",2025-07-25T10:00:00Z,2025-07-31T10:30:00Z,"OK","M","CS","21.5C","Winter","NA","08:12","M6","Batch3_DGRP",0.600162018284921,864.233306330286,0.424505380076362,203.762582436654,0.688020833333333,660.5,360,780,49440,0.714781401804303,1029.2852185982,0.546777546777547,262.453222453222,0.798958333333333,767,1620,1140,33000,0.722414989590562,1040.27758501041,0.659043659043659,316.340956340956,0.754166666666667,724,840,360,66600,0.643303261623872,926.356696738376,0.544698544698545,261.455301455301,0.692708333333333,665,0,300,65640,0.560027758501041,806.439972241499,0.30977130977131,148.690228690229,0.685416666666667,658,960,300,61740,0.455933379597502,656.544066620403,0.266112266112266,127.733887733888,0.551041666666667,529,2460,300,67860,0.50381679389313,725.496183206107,0.22037422037422,105.779625779626,0.645833333333333,620,28.5,16.4678362573099,33,28.6969696969697
"2025-07-25 10:00:00|Monitor6.txt|18",18,"2025-07-25 10:00:00|Monitor6.txt",2025-07-25T10:00:00Z,2025-07-31T10:30:00Z,"OK","M","CS","21.5C","Winter","NA","08:12","M6","Batch3_DGRP",0.61023029741928,878.731628283764,0.385629989586949,185.102395001736,0.722569444444445,693.666666666667,360,600,36540,0.659264399722415,949.340735600278,0.463617463617464,222.536382536383,0.757291666666667,727,840,420,35460,0.685634975711312,987.314365024289,0.542619542619543,260.45738045738,0.757291666666667,727,4560,300,35880,0.65440666204025,942.34559333796,0.440748440748441,211.559251559252,0.761458333333333,731,1080,300,60480,0.57529493407356,828.424705065926,0.345114345114345,165.654885654886,0.690625,663,3240,360,61920,0.538514920194309,775.461485079806,0.326403326403326,156.673596673597,0.644791666666667,619,9000,360,38400,0.547536433032616,788.452463566967,0.195426195426195,93.8045738045738,0.723958333333333,695,29,16.9252873563218,19,48.8333333333333
"2025-07-25 10:00:00|Monitor6.txt|19",19,"2025-07-25 10:00:00|Monitor6.txt",2025-07-25T10:00:00Z,2025-07-31T10:30:00Z,"OK","M","CS","21.5C","Winter","NA","08:12","M6","Batch3_DGRP",0.592176831385256,852.734637194769,0.425893786879556,204.429017702187,0.675347222222222,648.333333333333,5880,360,68520,0.539902845246357,777.460097154754,0.45945945945946,220.540540540541,0.580208333333333,557,420,300,71760,0.605135322692575,871.394864677307,0.436590436590437,209.56340956341,0.689583333333333,662,360,480,69060,0.587092297015961,845.412907702984,0.397089397089397,190.602910602911,0.682291666666667,655,2340,420,69300,0.582234559333796,838.417765440666,0.449064449064449,215.550935550936,0.648958333333333,623,4740,840,39720,0.587786259541985,846.412213740458,0.422037422037422,202.577962577963,0.670833333333333,644,240,600,42600,0.648854961832061,934.351145038168,0.386694386694387,185.613305613306,0.780208333333333,749,29.5,15.8813559322034,35.8333333333333,26.1581395348837
"2025-07-25 10:00:00|Monitor6.txt|20",20,"2025-07-25 10:00:00|Monitor6.txt",2025-07-25T10:00:00Z,2025-07-31T10:30:00Z,"OK","M","CS","21.5C","Winter","NA","08:12","M6","Batch3_DGRP",0.581992824904525,838.069667862516,0.365498090940646,175.43908365151,0.690277777777778,662.666666666667,5040,1260,35220,0.625260235947259,900.374739764053,0.332640332640333,159.66735966736,0.771875,741,5640,300,34860,0.618320610687023,890.381679389313,0.405405405405405,194.594594594595,0.725,696,3480,360,55140,0.559333795975017,805.440666204025,0.467775467775468,224.532224532225,0.605208333333333,581,2940,300,64980,0.499653018736988,719.500346981263,0.255717255717256,122.744282744283,0.621875,597,2340,300,63720,0.59264399722415,853.407356002776,0.411642411642412,197.588357588358,0.683333333333333,656,5580,300,34860,0.594725884802221,856.405274115198,0.316008316008316,151.683991683992,0.734375,705,23.5,18.2482269503546,29.8333333333333,33.1508379888268
"2025-07-25 10:00:00|Monitor6.txt|21",21,"2025-07-25 10:00:00|Monitor6.txt",2025-07-25T10:00:00Z,2025-07-31T10:30:00Z,"OK","M","CS","21.5C","Winter","NA","08:12","M6","Batch3_DGRP",0.46939011688462,675.921768313853,0.413398125650816,198.431100312392,0.497395833333333,477.5,5460,420,73740,0.521859819569743,751.47814018043,0.482328482328482,231.517671517672,0.541666666666667,520,480,360,66780,0.466342817487856,671.533657182512,0.482328482328482,231.517671517672,0.458333333333333,440,4860,480,69840,0.504510756419153,726.495489243581,0.417879417879418,200.582120582121,0.547916666666667,526,3840,480,75720,0.454545454545455,654.545454545455,0.37006237006237,177.629937629938,0.496875,477,5160,300,64920,0.475364330326162,684.524635669674,0.386694386694387,185.613305613306,0.519791666666667,499,3060,480,69480,0.392782789729355,565.607217210271,0.338877338877339,162.661122661123,0.419791666666667,403,29.3333333333333,15.4318181818182,46.3333333333333,20.8165467625899
"2025-07-25 10:00:00|Monitor6.txt|22",22,"2025-07-25 10:00:00|Monitor6.txt",2025-07-25T10:00:00Z,2025-07-31T10:30:00Z,"OK","M","CS","21.5C","Winter","NA","08:12","M6","Batch3_DGRP",0.73382710334452,1056.71102881611,0.513016313779938,246.24783061437,0.844270833333333,810.5,360,660,69120,0.622484385843165,896.377515614157,0.338877338877339,162.661122661123,0.764583333333333,734,420,420,38640,0.801526717557252,1154.19847328244,0.596673596673597,286.403326403326,0.904166666666667,868,4860,300,58020,0.666897987508675,960.333102012491,0.46985446985447,225.530145530146,0.765625,735,6540,600,36840,0.781401804302568,1125.2185981957,0.544698544698545,261.455301455301,0.9,864,6660,420,49200,0.764052741151978,1100.23594725885,0.548856548856549,263.451143451143,0.871875,837,2280,540,53760,0.765440666204025,1102.2345593338,0.577962577962578,277.422037422037,0.859375,825,33.3333333333333,13.065,22.3333333333333,43.6268656716418
"2025-07-25 10:00:00|Monitor6.txt|23",23,"2025-07-25 10:00:00|Monitor6.txt",2025-07-25T10:00:00Z,2025-07-31T10:30:00Z,"OK","M","CS","21.5C","Winter","NA","08:12","M6","Batch3_DGRP",0.542414072445319,781.076264321259,0.514057618882332,246.74765706352,0.556597222222222,534.333333333333,0,360,70140,0.704371963913949,1014.29562803609,0.733887733887734,352.266112266112,0.689583333333333,662,360,3540,71400,0.653712699514226,941.346287300486,0.696465696465697,334.303534303534,0.632291666666667,607,480,360,67440,0.537126995142262,773.462873004858,0.561330561330561,269.43866943867,0.525,504,4020,360,70500,0.457321304649549,658.542678695351,0.490644490644491,235.509355509356,0.440625,423,5220,360,61860,0.480222068008328,691.519777931992,0.332640332640333,159.66735966736,0.554166666666667,532,300,300,51660,0.420541290770298,605.57945870923,0.266112266112266,127.733887733888,0.497916666666667,478,28,16.2857142857143,44.1666666666667,21.5735849056604
"2025-07-25 10:00:00|Monitor6.txt|24",24,"2025-07-25 10:00:00|Monitor6.txt",2025-07-25T10:00:00Z,2025-07-31T10:30:00Z,"OK","M","CS","21.5C","Winter","NA","08:12","M6","Batch3_DGRP",0.507580141187363,730.915403309802,0.442901770218674,212.592849704964,0.539930555555556,518.333333333333,480,300,61680,0.631505898681471,909.368494101319,0.615384615384615,295.384615384615,0.639583333333333,614,540,300,71820,0.514920194309507,741.485079805691,0.417879417879418,200.582120582121,0.563541666666667,541,5580,300,75300,0.424011103400416,610.5759888966,0.27027027027027,129.72972972973,0.501041666666667,481,9360,420,63180,0.526717557251908,758.473282442748,0.424116424116424,203.575883575884,0.578125,555,3900,420,65760,0.497571131158917,716.502428868841,0.43035343035343,206.569646569647,0.53125,510,5700,300,75360,0.448993754337266,646.551006245663,0.494802494802495,237.505197505198,0.426041666666667,409,25.8333333333333,16.9677419354839,33.3333333333333,29.42
"2025-07-25 10:00:00|Monitor6.txt|25",25,"2025-07-25 10:00:00|Monitor6.txt",2025-07-25T10:00:00Z,2025-07-31T10:30:00Z,"OK","M","CS","21.5C","Winter","NA","08:12","M6","Batch3_DGRP",0.573429001273001,825.737761833121,0.466504685872961,223.922249219021,0.626909722222222,601.833333333333,360,540,71820,0.648854961832061,934.351145038168,0.565488565488566,271.434511434512,0.690625,663,420,420,65220,0.599583622484386,863.400416377516,0.523908523908524,251.476091476092,0.6375,612,4500,540,38100,0.561415683553088,808.438584316447,0.474012474012474,227.525987525988,0.605208333333333,581,300,300,74340,0.525329632199861,756.4746703678,0.438669438669439,210.561330561331,0.56875,546,180,360,68160,0.487161693268564,701.512838306732,0.399168399168399,191.600831600832,0.53125,510,2640,360,38460,0.616238723108952,887.383761276891,0.392931392931393,188.607068607069,0.728125,699,35.3333333333333,12.9245283018868,41.3333333333333,22.9153225806452
"2025-07-25 10:00:00|Monitor6.txt|26",26,"2025-07-25 10:00:00|Monitor6.txt",2025-07-25T10:00:00Z,2025-07-31T10:30:00Z,"OK","M","CS","21.5C","Winter","NA","08:12","M6","Batch3_DGRP",0.591945376692513,852.401342437218,0.355432141617494,170.607427976397,0.710243055555556,681.833333333333,3780,360,71100,0.618320610687023,890.381679389313,0.444906444906445,213.555093555094,0.705208333333333,677,420,600,38040,0.597501734906315,860.402498265094,0.376299376299376,180.623700623701,0.708333333333333,680,300,1740,70200,0.663428174878557,955.336571825121,0.488565488565489,234.511434511435,0.751041666666667,721,300,900,70320,0.555170020818876,799.444829979181,0.272349272349272,130.727650727651,0.696875,669,3540,300,64920,0.595419847328244,857.404580152672,0.32016632016632,153.679833679834,0.733333333333333,704,5580,300,57780,0.519777931991673,748.480222068008,0.226611226611227,108.773388773389,0.666666666666667,640,31.8333333333333,14.8062827225131,38.1666666666667,24.528384279476
"2025-07-25 10:00:00|Monitor6.txt|27",27,"2025-07-25 10:00:00|Monitor6.txt",2025-07-25T10:00:00Z,2025-07-31T10:30:00Z,"OK","M","CS","21.5C","Winter","NA","08:12","M6","Batch3_DGRP",0.483624580488369,696.419395903252,0.382853175980562,183.76952447067,0.534027777777778,512.666666666667,2220,420,59940,0.686328938237335,988.313671061763,0.53014553014553,254.469854469854,0.764583333333333,734,3480,360,70740,0.569049271339348,819.430950728661,0.413721413721414,198.586278586279,0.646875,621,7320,420,11340,0.423317140874393,609.576682859126,0.365904365904366,175.634095634096,0.452083333333333,434,360,360,67860,0.376127689104788,541.623872310895,0.251559251559252,120.748440748441,0.438541666666667,421,4080,300,69180,0.453157529493407,652.546842470507,0.318087318087318,152.681912681913,0.520833333333333,500,5280,360,76260,0.392088827203331,564.607911172797,0.413721413721414,198.586278586279,0.38125,366,26,17.1730769230769,43.6666666666667,22.0343511450382
"2025-07-25 10:00:00|Monitor6.txt|28",28,"2025-07-25 10:00:00|Monitor6.txt",2025-07-25T10:00:00Z,2025-07-31T10:30:00Z,"OK","M","CS","21.5C","Winter","NA","08:12","M6","Batch3_DGRP",0.526790880685106,758.578868186553,0.179798681013537,86.3033668864978,0.700347222222222,672.333333333333,660,300,39660,0.550312283136711,792.449687716863,0.401247401247401,192.598752598753,0.625,600,8040,300,43080,0.533657182512144,768.466342817488,0.25987525987526,124.740124740125,0.670833333333333,644,480,420,66060,0.481609993060375,693.51839000694,0.16008316008316,76.8399168399168,0.642708333333333,617,480,600,46440,0.532269257460097,766.46773074254,0.0810810810810811,38.9189189189189,0.758333333333333,728,11100,300,56400,0.493407356002776,710.506592643997,0.0852390852390852,40.9147609147609,0.697916666666667,670,300,540,37860,0.567661346287301,817.432338653713,0.0893970893970894,42.9106029106029,0.807291666666667,775,18.8333333333333,27.7256637168142,22.5,40.1333333333333
"2025-07-25 10:00:00|Monitor6.txt|29",29,"2025-07-25 10:00:00|Monitor6.txt",2025-07-25T10:00:00Z,2025-07-31T10:30:00Z,"OK","M","CS","21.5C","Winter","NA","08:12","M6","Batch3_DGRP",0.627820854067816,904.062029857655,0.468587296077751,224.92190211732,0.707465277777778,679.166666666667,0,360,43560,0.648160999306037,933.351839000694,0.532224532224532,255.467775467776,0.70625,678,7560,540,67320,0.578070784177655,832.421929215822,0.351351351351351,168.648648648649,0.691666666666667,664,1500,300,44100,0.562803608605135,810.437196391395,0.424116424116424,203.575883575884,0.632291666666667,607,1080,300,66060,0.492019430950729,708.507980569049,0.357588357588358,171.642411642412,0.559375,537,4740,660,43740,0.696044413601666,1002.3039555864,0.440748440748441,211.559251559252,0.823958333333333,791,4200,300,48120,0.788341429562804,1135.21165857044,0.702702702702703,337.297297297297,0.83125,798,26.3333333333333,17.7594936708861,37.3333333333333,25.1875
"2025-07-25 10:00:00|Monitor6.txt|30",30,"2025-07-25 10:00:00|Monitor6.txt",2025-07-25T10:00:00Z,2025-07-31T10:30:00Z,"OK","M","CS","21.5C","Winter","NA","08:12","M6","Batch3_DGRP",0.545885892836477,786.075685684527,0.338771259979174,162.610204790003,0.649479166666667,623.5,180,420,38340,0.57529493407356,828.424705065926,0.25987525987526,124.740124740125,0.733333333333333,704,4740,1140,36480,0.609299097848716,877.390700902151,0.478170478170478,229.52182952183,0.675,648,4680,300,69240,0.593337959750174,854.40666204025,0.492723492723493,236.507276507277,0.64375,618,6840,660,70560,0.550312283136711,792.449687716863,0.316008316008316,151.683991683992,0.667708333333333,641,3540,360,64920,0.456627342123525,657.543372657877,0.282744282744283,135.717255717256,0.54375,522,6060,480,59820,0.488549618320611,703.511450381679,0.1995841995842,95.8004158004158,0.633333333333333,608,25.5,16.9281045751634,40.3333333333333,24.4504132231405
"2025-07-25 10:00:00|Monitor6.txt|31",31,"2025-07-25 10:00:00|Monitor6.txt",2025-07-25T10:00:00Z,2025-07-31T10:30:00Z,"OK","M","CS","21.5C","Winter","NA","08:12","M6","Batch3_DGRP",0.518574239092698,746.746904293485,0.257549461992364,123.623741756335,0.649131944444445,623.166666666667,240,660,39600,0.52116585704372,750.478834142956,0.376299376299376,180.623700623701,0.59375,570,6000,300,62940,0.537126995142262,773.462873004858,0.444906444906445,213.555093555094,0.583333333333333,560,5400,300,73680,0.480916030534351,692.519083969466,0.212058212058212,101.787941787942,0.615625,591,5700,360,58320,0.566967383761277,816.433032616239,0.222453222453222,106.777546777547,0.739583333333333,710,10380,540,59640,0.525329632199861,756.4746703678,0.187110187110187,89.8128898128898,0.694791666666667,667,11280,360,66300,0.478140180430257,688.52185981957,0.0997920997920998,47.9002079002079,0.667708333333333,641,22.1666666666667,18.218045112782,34.8333333333333,28.9473684210527
"2025-07-25 10:00:00|Monitor6.txt|32",32,"2025-07-25 10:00:00|Monitor6.txt",2025-07-25T10:00:00Z,2025-07-31T10:30:00Z,"OK","M","CS","21.5C","Winter","NA","08:12","M6","Batch3_DGRP",0.450063650040505,648.091656058327,0.192641443943075,92.4678930926762,0.578819444444445,555.666666666667,1020,420,61440,0.600277585010409,864.39972241499,0.457380457380458,219.54261954262,0.671875,645,660,300,69780,0.468424705065926,674.531575294934,0.0997920997920998,47.9002079002079,0.653125,627,7020,300,67020,0.469812630117974,676.530187369882,0.166320166320166,79.8336798336798,0.621875,597,5520,360,63660,0.27411519777932,394.725884802221,0.151767151767152,72.8482328482329,0.335416666666667,322,6840,360,69240,0.309507286606523,445.690492713393,0.255717255717256,122.744282744283,0.336458333333333,323,9900,300,35460,0.577376821651631,831.422623178349,0.024948024948025,11.975051975052,0.854166666666667,820,17.6666666666667,24.0566037735849,35.3333333333333,28.0047169811321
"2025-07-25 10:00:00|Monitor7.txt|01",1,"2025-07-25 10:00:00|Monitor7.txt",2025-07-25T10:00:00Z,2025-07-31T10:30:00Z,"OK","M","DGRP786","21.5C","Winter","NA","08:12","M7","Batch3_DGRP",0.81402615438028,1172.1976623076,0.778549114890663,373.703575147518,0.831770833333333,798.5,0,1260,19260,0.836918806384455,1205.16308119362,0.804573804573805,386.195426195426,0.853125,819,360,720,35640,0.794587092297016,1144.2054129077,0.846153846153846,406.153846153846,0.76875,738,2280,300,9900,0.792505204718945,1141.20749479528,0.796257796257796,382.203742203742,0.790625,759,1680,960,32220,0.812630117973629,1170.18736988203,0.756756756756757,363.243243243243,0.840625,807,2760,360,64860,0.810548230395559,1167.1894517696,0.702702702702703,337.297297297297,0.864583333333333,830,480,420,67620,0.836224843858432,1204.16377515614,0.762993762993763,366.237006237006,0.872916666666667,838,25.8333333333333,17.9354838709677,49.8333333333333,18.4548494983278
"2025-07-25 10:00:00|Monitor7.txt|02",2,"2025-07-25 10:00:00|Monitor7.txt",2025-07-25T10:00:00Z,2025-07-31T10:30:00Z,"OK","M","DGRP786","21.5C","Winter","NA","08:12","M7","Batch3_DGRP",0.871426918180766,1254.8547621803,0.799028115237765,383.533495314127,0.907638888888889,871.333333333334,0,300,46740,0.796668979875087,1147.20333102013,0.77962577962578,374.220374220374,0.805208333333333,773,1680,480,26640,0.824427480916031,1187.17557251908,0.702702702702703,337.297297297297,0.885416666666667,850,1320,300,36420,0.875780707841777,1261.12421929216,0.787941787941788,378.212058212058,0.919791666666667,883,780,1020,29160,0.913254684247051,1315.08674531575,0.854469854469854,410.14553014553,0.942708333333333,905,1260,720,28500,0.895211658570437,1289.10478834143,0.8004158004158,384.199584199584,0.942708333333333,905,1020,780,28620,0.923664122137404,1330.07633587786,0.871101871101871,418.128898128898,0.95,912,30.3333333333333,19.9835164835165,32.8333333333333,23.6497461928934
"2025-07-25 10:00:00|Monitor7.txt|03",3,"2025-07-25 10:00:00|Monitor7.txt",2025-07-25T10:00:00Z,2025-07-31T10:30:00Z,"OK","M","DGRP786","21.5C","Winter","NA","08:12","M7","Batch3_DGRP",0.862863094549242,1242.52285615091,0.832349878514405,399.527941686914,0.878125,843,0,300,50760,0.894517696044414,1288.10548230396,0.912681912681913,438.087318087318,0.885416666666667,850,420,1740,10800,0.830673143650243,1196.16932685635,0.879417879417879,422.120582120582,0.80625,774,540,720,18420,0.838306731436503,1207.16169326856,0.891891891891892,428.108108108108,0.811458333333333,779,3360,540,33540,0.875780707841777,1261.12421929216,0.777546777546778,373.222453222453,0.925,888,60,300,40200,0.875086745315753,1260.12491325468,0.808731808731809,388.191268191268,0.908333333333333,872,2160,960,29160,0.862595419847328,1242.13740458015,0.723492723492724,347.276507276507,0.932291666666667,895,22.6666666666667,20.5955882352941,35,26.4380952380952
"2025-07-25 10:00:00|Monitor7.txt|04",4,"2025-07-25 10:00:00|Monitor7.txt",2025-07-25T10:00:00Z,2025-07-31T10:30:00Z,"OK","M","DGRP786","21.5C","Winter","NA","08:12","M7","Batch3_DGRP",0.945608147205185,1361.67573197547,0.91253037139882,438.014578271434,0.962152777777778,923.666666666667,0,360,8940,0.90353920888272,1301.09646079112,0.906444906444906,435.093555093555,0.902083333333333,866,420,480,49800,0.946564885496183,1363.0534351145,0.941787941787942,452.058212058212,0.948958333333333,911,480,1380,33300,0.952810548230396,1372.04718945177,0.933471933471933,448.066528066528,0.9625,924,540,600,45300,0.96530187369882,1390.0346981263,0.916839916839917,440.08316008316,0.989583333333333,950,600,420,30360,0.954892435808466,1375.04510756419,0.910602910602911,437.089397089397,0.977083333333333,938,1260,1500,32700,0.950728660652325,1369.04927133935,0.866943866943867,416.133056133056,0.992708333333333,953,18.8333333333333,24.424778761062,17.1666666666667,54.6019417475729
"2025-07-25 10:00:00|Monitor7.txt|05",5,"2025-07-25 10:00:00|Monitor7.txt",2025-07-25T10:00:00Z,2025-07-31T10:30:00Z,"OK","M","DGRP786","21.5C","Winter","NA","08:12","M7","Batch3_DGRP",0.90197893762296,1298.84967017706,0.785838250607428,377.202360291565,0.960069444444444,921.666666666667,0,360,38640,0.936155447605829,1348.06384455239,0.916839916839917,440.08316008316,0.945833333333333,908,660,300,66960,0.933379597501735,1344.0666204025,0.85031185031185,408.149688149688,0.975,936,0,360,59820,0.904233171408744,1302.09576682859,0.796257796257796,382.203742203742,0.958333333333333,920,480,1920,37020,0.929909784871617,1339.07009021513,0.825363825363825,396.174636174636,0.982291666666667,943,3360,1620,53100,0.877168632893824,1263.12283136711,0.715176715176715,343.284823284823,0.958333333333333,920,3540,1560,32220,0.831367106176267,1197.16863289382,0.613305613305613,294.386694386694,0.940625,903,18.3333333333333,25.5636363636364,17.5,53.2476190476191
"2025-07-25 10:00:00|Monitor7.txt|06",6,"2025-07-25 10:00:00|Monitor7.txt",2025-07-25T10:00:00Z,2025-07-31T10:30:00Z,"OK","M","DGRP786","21.5C","Winter","NA","08:12","M7","Batch3_DGRP",0.881263742622382,1269.01978937623,0.8750433877126,420.020826102048,0.884375,849,1620,2880,8820,0.907009021512838,1306.09299097849,0.893970893970894,429.106029106029,0.913541666666667,877,780,840,8820,0.882720333102012,1271.1172796669,0.925155925155925,444.074844074844,0.861458333333333,827,420,2700,14940,0.845940319222762,1218.15405968078,0.902286902286902,433.097713097713,0.817708333333333,785,660,540,5940,0.868841082581541,1251.13115891742,0.819126819126819,393.180873180873,0.89375,858,960,1920,33300,0.892435808466343,1285.10756419153,0.860706860706861,413.139293139293,0.908333333333333,872,360,600,31140,0.890353920888272,1282.10964607911,0.848232848232848,407.151767151767,0.911458333333333,875,16.6666666666667,27.99,35.6666666666667,25.9813084112149
"2025-07-25 10:00:00|Monitor7.txt|07",7,"2025-07-25 10:00:00|Monitor7.txt",2025-07-25T10:00:00Z,2025-07-31T10:30:00Z,"OK","M","DGRP786","21.5C","Winter","NA","08:12","M7","Batch3_DGRP",0.837865987732901,1206.52702233538,0.691773689691079,332.051371051718,0.9109375,874.5,0,420,8820,0.889659958362248,1281.11034004164,0.869022869022869,417.130977130977,0.9,864,1920,2400,45360,0.842470506592644,1213.15752949341,0.812889812889813,390.18711018711,0.857291666666667,823,1980,540,36780,0.859819569743234,1238.14018043026,0.74012474012474,355.259875259875,0.919791666666667,883,2100,300,61500,0.820957668285913,1182.17904233171,0.646569646569647,310.35343035343,0.908333333333333,872,3720,660,57000,0.804302567661346,1158.19569743234,0.602910602910603,289.397089397089,0.905208333333333,869,1920,300,37980,0.810548230395559,1167.1894517696,0.482328482328482,231.517671517672,0.975,936,24.1666666666667,19.7793103448276,29.3333333333333,31.1022727272727
"2025-07-25 10:00:00|Monitor7.txt|08",8,"2025-07-25 10:00:00|Monitor7.txt",2025-07-25T10:00:00Z,2025-07-31T10:30:00Z,"OK","M","DGRP786","21.5C","Winter","NA","08:12","M7","Batch3_DGRP",0.908343941673417,1308.01527600972,0.877820201318986,421.353696633113,0.923611111111111,886.666666666667,0,360,9180,0.926439972241499,1334.07356002776,0.904365904365904,434.095634095634,0.9375,900,1620,7680,64920,0.911866759195003,1313.08813324081,0.923076923076923,443.076923076923,0.90625,870,1680,3300,66960,0.891741845940319,1284.10825815406,0.875259875259875,420.12474012474,0.9,864,1380,1680,36360,0.900069396252602,1296.09993060375,0.908523908523908,436.091476091476,0.895833333333333,860,720,600,56640,0.935461485079806,1347.06453851492,0.883575883575884,424.116424116424,0.961458333333333,923,1500,420,60540,0.884802220680083,1274.11519777932,0.773388773388773,371.226611226611,0.940625,903,16.1666666666667,29.1649484536082,30.8333333333333,29.9891891891892
"2025-07-25 10:00:00|Monitor7.txt|09",9,"2025-07-25 10:00:00|Monitor7.txt",2025-07-25T10:00:00Z,2025-07-31T10:30:00Z,"OK","M","DGRP786","21.5C","Winter","NA","08:12","M7","Batch3_DGRP",0.92570304362921,1333.01238282606,0.842762929538355,404.52620617841,0.9671875,928.5,120,300,76740,0.924358084663428,1331.07564191534,0.879417879417879,422.120582120582,0.946875,909,600,2040,36000,0.93060374739764,1340.0693962526,0.873180873180873,419.126819126819,0.959375,921,840,1020,29520,0.909784871616933,1310.09021512838,0.781704781704782,375.218295218295,0.973958333333333,935,900,600,28980,0.938931297709924,1352.06106870229,0.871101871101871,418.128898128898,0.972916666666667,934,600,720,50400,0.934073560027759,1345.06592643997,0.837837837837838,402.162162162162,0.982291666666667,943,540,300,34260,0.915336571825121,1318.08466342817,0.810810810810811,389.189189189189,0.967708333333333,929,26.6666666666667,17.1,15.1666666666667,62.2857142857143
"2025-07-25 10:00:00|Monitor7.txt|11",11,"2025-07-25 10:00:00|Monitor7.txt",2025-07-25T10:00:00Z,2025-07-31T10:30:00Z,"OK","M","DGRP786","21.5C","Winter","NA","08:12","M7","Batch3_DGRP",0.903599120472168,1301.18273347992,0.802499132245748,385.199583477959,0.954166666666667,916,0,300,34980,0.923664122137404,1330.07633587786,0.898128898128898,431.101871101871,0.936458333333333,899,1020,1800,30000,0.875086745315753,1260.12491325468,0.711018711018711,341.288981288981,0.957291666666667,919,1020,660,30900,0.900069396252602,1296.09993060375,0.796257796257796,382.203742203742,0.952083333333333,914,0,300,29580,0.890353920888272,1282.10964607911,0.773388773388773,371.226611226611,0.948958333333333,911,840,300,41340,0.909784871616933,1310.09021512838,0.810810810810811,389.189189189189,0.959375,921,1200,300,29520,0.922276197085357,1328.07772380291,0.825363825363825,396.174636174636,0.970833333333333,932,29,15.6954022988506,14.3333333333333,66.0581395348837
"2025-07-25 10:00:00|Monitor7.txt|12",12,"2025-07-25 10:00:00|Monitor7.txt",2025-07-25T10:00:00Z,2025-07-31T10:30:00Z,"OK","M","DGRP786","21.5C","Winter","NA","08:12","M7","Batch3_DGRP",0.793426686726073,1142.53442888555,0.736549809094065,353.543908365151,0.821875,789,0,300,10920,0.834142956280361,1201.16585704372,0.910602910602911,437.089397089397,0.795833333333333,764,600,2400,3240,0.782789729354615,1127.21721027065,0.817047817047817,392.182952182952,0.765625,735,1020,1020,63000,0.777238029146426,1119.22276197085,0.711018711018711,341.288981288981,0.810416666666667,778,2040,360,11220,0.765440666204025,1102.2345593338,0.681912681912682,327.318087318087,0.807291666666667,775,2820,1020,43260,0.782789729354615,1127.21721027065,0.644490644490645,309.355509355509,0.852083333333333,818,1020,360,32340,0.817487855655795,1177.18251214434,0.652806652806653,313.347193347193,0.9,864,27.5,16.6606060606061,48.5,19.2027491408935
"2025-07-25 10:00:00|Monitor7.txt|13",13,"2025-07-25 10:00:00|Monitor7.txt",2025-07-25T10:00:00Z,2025-07-31T10:30:00Z,"OK","M","DGRP786","21.5C","Winter","NA","08:12","M7","Batch3_DGRP",0.87281564633723,1256.85453072561,0.785144047205831,376.869142658799,0.916666666666667,880,0,660,43080,0.933379597501735,1344.0666204025,0.937629937629938,450.06237006237,0.93125,894,540,480,61380,0.895905621096461,1290.1040943789,0.794178794178794,381.205821205821,0.946875,909,1020,1380,65640,0.8764746703678,1262.12352532963,0.875259875259875,420.12474012474,0.877083333333333,842,0,360,37560,0.836224843858432,1204.16377515614,0.675675675675676,324.324324324324,0.916666666666667,880,360,780,38940,0.852185981956975,1227.14781401804,0.727650727650728,349.272349272349,0.914583333333333,878,1080,600,52140,0.843164469118668,1214.15683553088,0.702702702702703,337.297297297297,0.913541666666667,877,26.1666666666667,17.5923566878981,25,37.6533333333333
"2025-07-25 10:00:00|Monitor7.txt|14",14,"2025-07-25 10:00:00|Monitor7.txt",2025-07-25T10:00:00Z,2025-07-31T10:30:00Z,"OK","M","DGRP786","21.5C","Winter","NA","08:12","M7","Batch3_DGRP",0.8663349149404,1247.52227751418,0.85005206525512,408.024991322458,0.874479166666667,839.5,0,300,47940,0.925052047189452,1332.07494795281,0.862785862785863,414.137214137214,0.95625,918,360,300,22020,0.861901457321305,1241.13809854268,0.918918918918919,441.081081081081,0.833333333333333,800,420,960,67440,0.83206106870229,1198.1679389313,0.860706860706861,413.139293139293,0.817708333333333,785,780,420,11640,0.862595419847328,1242.13740458015,0.837837837837838,402.162162162162,0.875,840,480,540,32460,0.848716169326856,1222.15128383067,0.754677754677755,362.245322245322,0.895833333333333,860,420,720,60480,0.867453157529493,1249.13254684247,0.864864864864865,415.135135135135,0.86875,834,20.1666666666667,23.4380165289256,39.1666666666667,23.3404255319149
"2025-07-25 10:00:00|Monitor7.txt|15",15,"2025-07-25 10:00:00|Monitor7.txt",2025-07-25T10:00:00Z,2025-07-31T10:30:00Z,"OK","M","DGRP786","21.5C","Winter","NA","08:12","M7","Batch3_DGRP",0.813563244994792,1171.5310727925,0.813953488372093,390.697674418605,0.813368055555556,780.833333333333,480,300,11340,0.780707841776544,1124.21929215822,0.875259875259875,420.12474012474,0.733333333333333,704,480,840,37860,0.823039555863984,1185.17696044414,0.814968814968815,391.185031185031,0.827083333333333,794,420,720,32340,0.789035392088827,1136.21096460791,0.769230769230769,369.230769230769,0.798958333333333,767,1380,1500,65400,0.791117279666898,1139.20888272033,0.837837837837838,402.162162162162,0.767708333333333,737,360,300,37560,0.844552394170715,1216.15544760583,0.79002079002079,379.209979209979,0.871875,837,360,1020,45180,0.852879944482998,1228.14712005552,0.796257796257796,382.203742203742,0.88125,846,25,18.2,52.3333333333333,17.4745222929936
"2025-07-25 10:00:00|Monitor7.txt|16",16,"2025-07-25 10:00:00|Monitor7.txt",2025-07-25T10:00:00Z,2025-07-31T10:30:00Z,"OK","M","DGRP786","21.5C","Winter","NA","08:12","M7","Batch3_DGRP",0.882073834046985,1270.18632102766,0.753904894133981,361.874349184311,0.946180555555556,908.333333333333,420,420,67680,0.845246356696739,1217.1547536433,0.721413721413721,346.278586278586,0.907291666666667,871,1320,720,45600,0.868147120055517,1250.13185287994,0.773388773388773,371.226611226611,0.915625,879,1200,360,45240,0.860513532269257,1239.13948646773,0.735966735966736,353.264033264033,0.922916666666667,886,2160,720,36420,0.885496183206107,1275.11450381679,0.72972972972973,350.27027027027,0.963541666666667,925,1440,300,46560,0.908396946564885,1308.09160305344,0.762993762993763,366.237006237006,0.98125,942,720,420,29280,0.925052047189452,1332.07494795281,0.802494802494803,385.197505197505,0.986458333333333,947,30.6666666666667,14.9728260869565,21.1666666666667,44.251968503937
"2025-07-25 10:00:00|Monitor7.txt|17",17,"2025-07-25 10:00:00|Monitor7.txt",2025-07-25T10:00:00Z,2025-07-31T10:30:00Z,"OK","M","DGRP786","21.5C","Winter","NA","08:12","M7","Batch3_DGRP",0.917139219997685,1320.68047679667,0.874349184311003,419.687608469282,0.938541666666667,901,0,300,13980,0.902845246356697,1300.09715475364,0.929313929313929,446.070686070686,0.889583333333333,854,0,300,81420,0.843164469118668,1214.15683553088,0.79002079002079,379.209979209979,0.869791666666667,835,1020,600,64800,0.891047883414296,1283.10895211659,0.781704781704782,375.218295218295,0.945833333333333,908,420,1080,40200,0.92852185981957,1337.07147814018,0.887733887733888,426.112266112266,0.948958333333333,911,540,360,36000,0.970159611380985,1397.02984038862,0.927234927234927,445.072765072765,0.991666666666667,952,420,420,49860,0.967383761276891,1393.03261623872,0.931392931392931,447.068607068607,0.985416666666667,946,22.3333333333333,21.0597014925373,24.3333333333333,37.8698630136986
"2025-07-25 10:00:00|Monitor7.txt|18",18,"2025-07-25 10:00:00|Monitor7.txt",2025-07-25T10:00:00Z,2025-07-31T10:30:00Z,"OK","M","DGRP786","21.5C","Winter","NA","08:12","M7","Batch3_DGRP",0.91621340122671,1319.34729776646,0.920513710517181,441.846581048247,0.9140625,877.5,0,2160,13380,0.891741845940319,1284.10825815406,0.93970893970894,451.060291060291,0.867708333333333,833,480,1080,8400,0.901457321304649,1298.0985426787,0.918918918918919,441.081081081081,0.892708333333333,857,420,420,40080,0.896599583622484,1291.10340041638,0.904365904365904,434.095634095634,0.892708333333333,857,660,1140,17940,0.906315058986815,1305.09368494101,0.902286902286902,433.097713097713,0.908333333333333,872,540,420,43860,0.941013185287994,1355.05898681471,0.93970893970894,451.060291060291,0.941666666666667,904,180,780,59040,0.960444136016655,1383.03955586398,0.918918918918919,441.081081081081,0.98125,942,15.5,30.1075268817204,31,29.8763440860215
"2025-07-25 10:00:00|Monitor7.txt|20",20,"2025-07-25 10:00:00|Monitor7.txt",2025-07-25T10:00:00Z,2025-07-31T10:30:00Z,"OK","M","DGRP786","21.5C","Winter","NA","08:12","M7","Batch3_DGRP",0.896424024997107,1290.85059599583,0.87296077750781,419.021173203749,0.908159722222222,871.833333333333,0,300,63420,0.896599583622484,1291.10340041638,0.891891891891892,428.108108108108,0.898958333333333,863,540,780,50220,0.854267869535045,1230.14573213047,0.841995841995842,404.158004158004,0.860416666666667,826,0,300,60480,0.909090909090909,1309.09090909091,0.887733887733888,426.112266112266,0.919791666666667,883,0,300,64680,0.897987508674532,1293.10201249133,0.906444906444906,435.093555093555,0.89375,858,420,300,64200,0.927133934767523,1335.07286606523,0.879417879417879,422.120582120582,0.951041666666667,913,900,360,13740,0.89382373351839,1287.10617626648,0.831600831600832,399.168399168399,0.925,888,23.3333333333333,19.7357142857143,33,28.0606060606061
"2025-07-25 10:00:00|Monitor7.txt|21",21,"2025-07-25 10:00:00|Monitor7.txt",2025-07-25T10:00:00Z,2025-07-31T10:30:00Z,"OK","M","DGRP786","21.5C","Winter","NA","08:12","M7","Batch3_DGRP",0.808934151139914,1164.86517764148,0.569246789309268,273.238458868448,0.928819444444444,891.666666666667,0,300,42720,0.782789729354615,1127.21721027065,0.588357588357588,282.411642411642,0.880208333333333,845,1080,540,62820,0.823039555863984,1185.17696044414,0.586278586278586,281.413721413721,0.941666666666667,904,2100,420,43080,0.823733518390007,1186.17626648161,0.604989604989605,290.39501039501,0.933333333333333,896,1560,360,36300,0.839000693962526,1208.16099930604,0.573804573804574,275.426195426195,0.971875,933,960,420,73320,0.826509368494101,1190.17349063151,0.623700623700624,299.376299376299,0.928125,891,2940,420,45600,0.759195003469813,1093.24080499653,0.442827442827443,212.557172557173,0.917708333333333,881,36,13.0185185185185,27.1666666666667,34.3374233128834
"2025-07-25 10:00:00|Monitor7.txt|23",23,"2025-07-25 10:00:00|Monitor7.txt",2025-07-25T10:00:00Z,2025-07-31T10:30:00Z,"OK","M","DGRP786","21.5C","Winter","NA","08:12","M7","Batch3_DGRP",0.788913320217568,1136.0351811133,0.726483859770913,348.712252690038,0.820138888888889,787.333333333333,0,420,28020,0.859819569743234,1238.14018043026,0.871101871101871,418.128898128898,0.854166666666667,820,60,300,63300,0.809160305343512,1165.19083969466,0.787941787941788,378.212058212058,0.819791666666667,787,1980,960,70020,0.766828591256072,1104.23317140874,0.72972972972973,350.27027027027,0.785416666666667,754,1800,360,58440,0.736294240111034,1060.26370575989,0.646569646569647,310.35343035343,0.78125,750,2280,360,69300,0.751561415683553,1082.24843858432,0.646569646569647,310.35343035343,0.804166666666667,772,1560,360,61260,0.808466342817488,1164.19153365718,0.673596673596674,323.326403326403,0.876041666666667,841,30.1666666666667,16.0276243093923,45.3333333333333,19.827205882353
"2025-07-25 10:00:00|Monitor7.txt|24",24,"2025-07-25 10:00:00|Monitor7.txt",2025-07-25T10:00:00Z,2025-07-31T10:30:00Z,"OK","M","DGRP786","21.5C","Winter","NA","08:12","M7","Batch3_DGRP",0.898622844578174,1294.01689619257,0.77299548767789,371.037834085387,0.961458333333333,923,0,300,46440,0.920194309507287,1325.07980569049,0.914760914760915,439.085239085239,0.922916666666667,886,1200,420,39060,0.835530881332408,1203.16446911867,0.659043659043659,316.340956340956,0.923958333333333,887,360,1440,32160,0.90353920888272,1301.09646079112,0.765072765072765,367.234927234927,0.972916666666667,934,600,1380,29280,0.916724496877169,1320.08327550312,0.785862785862786,377.214137214137,0.982291666666667,943,1380,480,29640,0.886884108258154,1277.11311589174,0.702702702702703,337.297297297297,0.979166666666667,940,420,300,29400,0.929215822345593,1338.07078417765,0.812889812889813,390.18711018711,0.9875,948,27.8333333333333,16.6946107784431,14.1666666666667,66.3529411764706
"2025-07-25 10:00:00|Monitor7.txt|25",25,"2025-07-25 10:00:00|Monitor7.txt",2025-07-25T10:00:00Z,2025-07-31T10:30:00Z,"OK","M","DGRP786","21.5C","Winter","NA","08:12","M7","Batch3_DGRP",0.83601435019095,1203.86066427497,0.776119402985075,372.537313432836,0.865972222222222,831.333333333333,1380,1920,8400,0.885496183206107,1275.11450381679,0.869022869022869,417.130977130977,0.89375,858,420,780,58320,0.877862595419847,1264.12213740458,0.873180873180873,419.126819126819,0.880208333333333,845,540,300,57960,0.812630117973629,1170.18736988203,0.702702702702703,337.297297297297,0.867708333333333,833,2100,360,32460,0.799444829979181,1151.20055517002,0.706860706860707,339.293139293139,0.845833333333333,812,1260,720,58920,0.819569743233865,1180.18043025677,0.750519750519751,360.24948024948,0.854166666666667,820,2400,660,44340,0.820957668285913,1182.17904233171,0.754677754677755,362.245322245322,0.854166666666667,820,27.6666666666667,16.4277108433735,41.8333333333333,22.0239043824701
"2025-07-25 10:00:00|Monitor7.txt|26",26,"2025-07-25 10:00:00|Monitor7.txt",2025-07-25T10:00:00Z,2025-07-31T10:30:00Z,"OK","M","DGRP786","21.5C","Winter","NA","08:12","M7","Batch3_DGRP",0.862631639856498,1242.18956139336,0.8542172856647,410.024297119056,0.866840277777778,832.166666666667,0,300,78120,0.868841082581541,1251.13115891742,0.88981288981289,427.110187110187,0.858333333333333,824,660,900,9480,0.865371269951423,1246.13462873005,0.858627858627859,412.141372141372,0.86875,834,0,300,10320,0.839000693962526,1208.16099930604,0.846153846153846,406.153846153846,0.835416666666667,802,540,420,42780,0.84177654406662,1212.15822345593,0.808731808731809,388.191268191268,0.858333333333333,824,2100,420,6480,0.867453157529493,1249.13254684247,0.841995841995842,404.158004158004,0.880208333333333,845,360,360,53340,0.89382373351839,1287.10617626648,0.881496881496882,423.118503118503,0.9,864,27.8333333333333,16.3233532934132,44.8333333333333,20.4460966542751
"2025-07-25 10:00:00|Monitor7.txt|27",27,"2025-07-25 10:00:00|Monitor7.txt",2025-07-25T10:00:00Z,2025-07-31T10:30:00Z,"OK","M","DGRP786","21.5C","Winter","NA","08:12","M7","Batch3_DGRP",0.736951741696563,1061.21050804305,0.564387365498091,270.905935439084,0.823263888888889,790.333333333333,0,360,62400,0.720333102012491,1037.27966689799,0.667359667359667,320.33264033264,0.746875,717,2100,780,47100,0.775850104094379,1117.22414989591,0.617463617463617,296.382536382536,0.855208333333333,821,2220,600,55020,0.77029840388619,1109.22970159611,0.646569646569647,310.35343035343,0.832291666666667,799,2580,360,68280,0.720333102012491,1037.27966689799,0.486486486486487,233.513513513514,0.8375,804,4080,420,38580,0.657182512144344,946.342817487856,0.417879417879418,200.582120582121,0.777083333333333,746,2100,300,79200,0.77793199167245,1120.22206800833,0.553014553014553,265.446985446986,0.890625,855,37.8333333333333,12.2378854625551,57.3333333333333,15.7267441860465
"2025-07-25 10:00:00|Monitor7.txt|28",28,"2025-07-25 10:00:00|Monitor7.txt",2025-07-25T10:00:00Z,2025-07-31T10:30:00Z,"OK","M","DGRP786","21.5C","Winter","NA","08:12","M7","Batch3_DGRP",0.834972804073603,1202.36083786599,0.759111419645956,364.373481430059,0.872916666666667,838,0,300,64320,0.862595419847328,1242.13740458015,0.825363825363825,396.174636174636,0.88125,846,120,300,44220,0.831367106176267,1197.16863289382,0.713097713097713,342.286902286902,0.890625,855,1140,1500,32460,0.84941013185288,1223.15058986815,0.798336798336798,383.201663201663,0.875,840,1320,840,66180,0.77029840388619,1109.22970159611,0.69022869022869,331.309771309771,0.810416666666667,778,480,660,32040,0.827897293546149,1192.17210270645,0.715176715176715,343.284823284823,0.884375,849,180,840,56460,0.866065232477446,1247.13393476752,0.806652806652807,387.193347193347,0.895833333333333,860,33.3333333333333,13.545,38.3333333333333,24.1304347826087
"2025-07-25 10:00:00|Monitor7.txt|29",29,"2025-07-25 10:00:00|Monitor7.txt",2025-07-25T10:00:00Z,2025-07-31T10:30:00Z,"OK","M","DGRP786","21.5C","Winter","NA","08:12","M7","Batch3_DGRP",0.842147899548663,1212.69297535008,0.824019437695245,395.529330093717,0.851215277777778,817.166666666667,0,300,60840,0.840388619014573,1210.15961138099,0.879417879417879,422.120582120582,0.820833333333333,788,600,360,3300,0.762664816099931,1098.2373351839,0.792099792099792,380.2079002079,0.747916666666667,718,420,1680,65340,0.82234559333796,1184.17765440666,0.837837837837838,402.162162162162,0.814583333333333,782,480,1200,65460,0.8764746703678,1262.12352532963,0.829521829521829,398.170478170478,0.9,864,420,420,74880,0.854961832061069,1231.14503816794,0.777546777546778,373.222453222453,0.89375,858,540,1440,30240,0.895211658570437,1289.10478834143,0.825363825363825,396.174636174636,0.930208333333333,893,28.5,15.9181286549708,43,21.4651162790698
"2025-07-25 10:00:00|Monitor7.txt|30",30,"2025-07-25 10:00:00|Monitor7.txt",2025-07-25T10:00:00Z,2025-07-31T10:30:00Z,"OK","M","DGRP786","21.5C","Winter","NA","08:12","M7","Batch3_DGRP",0.906608031477838,1305.51556532809,0.847622353349532,406.858729607775,0.936111111111111,898.666666666667,0,300,70320,0.904927133934768,1303.09507286607,0.937629937629938,450.06237006237,0.888541666666667,853,600,3300,34020,0.907009021512838,1306.09299097849,0.866943866943867,416.133056133056,0.927083333333333,890,480,600,30480,0.874392782789729,1259.12560721721,0.765072765072765,367.234927234927,0.929166666666667,892,360,1920,62520,0.913948646773074,1316.08605135323,0.835758835758836,401.164241164241,0.953125,915,900,360,51540,0.901457321304649,1298.0985426787,0.819126819126819,393.180873180873,0.942708333333333,905,360,720,53040,0.9382373351839,1351.06176266482,0.862785862785863,414.137214137214,0.976041666666667,937,25.1666666666667,18,22.3333333333333,41.9925373134328
"2025-07-25 10:00:00|Monitor8.txt|02",2,"2025-07-25 10:00:00|Monitor8.txt",2025-07-25T10:00:00Z,2025-07-31T10:30:00Z,"OK","M","DGRP852","21.5C","Winter","NA","08:12","M8","Batch3_DGRP",0.607684295799097,875.0653859507,0.648733078792086,311.391877820201,0.587152777777778,563.666666666667,0,300,10980,0.748091603053435,1077.25190839695,0.85031185031185,408.149688149688,0.696875,669,1620,1920,67440,0.647467036780014,932.35253296322,0.696465696465697,334.303534303534,0.622916666666667,598,660,780,55200,0.612074947952811,881.387925052047,0.650727650727651,312.349272349272,0.592708333333333,569,780,1080,54840,0.605829285218598,872.394170714781,0.683991683991684,328.316008316008,0.566666666666667,544,480,360,60900,0.447605829285219,644.552394170715,0.621621621621622,298.378378378378,0.360416666666667,346,1740,960,70980,0.58501040943789,842.414989590562,0.388773388773389,186.611226611227,0.683333333333333,656,26.3333333333333,18.2658227848101,20.5,45.8617886178862
"2025-07-25 10:00:00|Monitor8.txt|03",3,"2025-07-25 10:00:00|Monitor8.txt",2025-07-25T10:00:00Z,2025-07-31T10:30:00Z,"OK","M","DGRP852","21.5C","Winter","NA","08:12","M8","Batch3_DGRP",0.787640319407476,1134.20205994677,0.720236029156543,345.713293995141,0.821354166666667,788.5,0,360,65580,0.840388619014573,1210.15961138099,0.893970893970894,429.106029106029,0.813541666666667,781,1800,1620,39720,0.746703678001388,1075.253296322,0.694386694386694,333.305613305613,0.772916666666667,742,1320,1440,37500,0.742539902845246,1069.25746009715,0.733887733887734,352.266112266112,0.746875,717,360,1260,50160,0.749479528105482,1079.25052047189,0.62993762993763,302.370062370062,0.809375,777,480,780,31620,0.793893129770992,1143.20610687023,0.567567567567568,272.432432432432,0.907291666666667,871,1740,4200,33120,0.851492019430951,1226.14850798057,0.798336798336798,383.201663201663,0.878125,843,32.6666666666667,14.219387755102,28.5,32.2456140350877
"2025-07-25 10:00:00|Monitor8.txt|04",4,"2025-07-25 10:00:00|Monitor8.txt",2025-07-25T10:00:00Z,2025-07-31T10:30:00Z,"OK","M","DGRP852","21.5C","Winter","NA","08:12","M8","Batch3_DGRP",0.710681634070131,1023.38155306099,0.653592502603263,313.724401249566,0.739236111111111,709.666666666667,2460,5280,32460,0.712699514226232,1026.28730048577,0.721413721413721,346.278586278586,0.708333333333333,680,1140,540,64440,0.730742539902845,1052.2692574601,0.656964656964657,315.343035343035,0.767708333333333,737,780,660,63780,0.646079111727967,930.353920888272,0.67983367983368,326.320166320166,0.629166666666667,604,360,960,50280,0.705065926439972,1015.29493407356,0.617463617463617,296.382536382536,0.748958333333333,719,1320,420,55680,0.664816099930604,957.335183900069,0.511434511434512,245.488565488566,0.741666666666667,712,900,360,33000,0.80499653018737,1159.19500346981,0.735966735966736,353.264033264033,0.839583333333333,806,35.5,13.793427230047,37.1666666666667,24.304932735426
"2025-07-25 10:00:00|Monitor8.txt|05",5,"2025-07-25 10:00:00|Monitor8.txt",2025-07-25T10:00:00Z,2025-07-31T10:30:00Z,"OK","M","DGRP852","21.5C","Winter","NA","08:12","M8","Batch3_DGRP",0.661728966554797,952.889711838908,0.580354043734814,278.569940992711,0.702430555555556,674.333333333333,0,300,69060,0.718945176960444,1035.28105482304,0.769230769230769,369.230769230769,0.69375,666,960,2100,63480,0.663428174878557,955.336571825121,0.61954261954262,297.380457380457,0.685416666666667,658,540,3180,67380,0.586398334489938,844.41360166551,0.523908523908524,251.476091476092,0.617708333333333,593,300,720,44460,0.572519083969466,824.427480916031,0.328482328482329,157.671517671518,0.694791666666667,667,420,300,22920,0.6911866759195,995.30881332408,0.598752598752599,287.401247401247,0.7375,708,420,780,63900,0.737682165163081,1062.26231783484,0.642411642411642,308.357588357588,0.785416666666667,754,34.5,14.56038647343,21.8333333333333,41.412213740458
"2025-07-25 10:00:00|Monitor8.txt|06",6,"2025-07-25 10:00:00|Monitor8.txt",2025-07-25T10:00:00Z,2025-07-31T10:30:00Z,"OK","M","DGRP852","21.5C","Winter","NA","08:12","M8","Batch3_DGRP",0.609420205994677,877.565096632334,0.533148212426241,255.911141964596,0.647569444444445,621.666666666667,1800,1980,44100,0.748785565579459,1078.25121443442,0.721413721413721,346.278586278586,0.7625,732,2940,1680,60600,0.705759888965996,1016.29424011103,0.754677754677755,362.245322245322,0.68125,654,780,2820,32280,0.599583622484386,863.400416377516,0.528066528066528,253.471933471934,0.635416666666667,610,3600,360,41040,0.400416377515614,576.599583622484,0.180873180873181,86.8191268191268,0.510416666666667,490,360,360,67380,0.548924358084664,790.451075641915,0.503118503118503,241.496881496882,0.571875,549,600,660,39300,0.652324774462179,939.347675225538,0.509355509355509,244.490644490645,0.723958333333333,695,28.5,16.3333333333333,26.3333333333333,35.7848101265823
"2025-07-25 10:00:00|Monitor8.txt|07",7,"2025-07-25 10:00:00|Monitor8.txt",2025-07-25T10:00:00Z,2025-07-31T10:30:00Z,"OK","M","DGRP852","21.5C","Winter","NA","08:12","M8","Batch3_DGRP",0.805809512787872,1160.36569841454,0.807358556056925,387.532106907324,0.805034722222222,772.833333333333,1320,3360,47100,0.809160305343512,1165.19083969466,0.804573804573805,386.195426195426,0.811458333333333,779,1260,360,46320,0.782789729354615,1127.21721027065,0.819126819126819,393.180873180873,0.764583333333333,734,720,3000,31740,0.703678001387925,1013.29632199861,0.719334719334719,345.280665280665,0.695833333333333,668,1980,480,47220,0.751561415683553,1082.24843858432,0.725571725571726,348.274428274428,0.764583333333333,734,480,2160,39300,0.870922970159611,1254.12907702984,0.802494802494803,385.197505197505,0.905208333333333,869,4080,3780,31980,0.916724496877169,1320.08327550312,0.972972972972973,467.027027027027,0.888541666666667,853,29.1666666666667,15.0114285714286,23.3333333333333,40.8642857142857
"2025-07-25 10:00:00|Monitor8.txt|08",8,"2025-07-25 10:00:00|Monitor8.txt",2025-07-25T10:00:00Z,2025-07-31T10:30:00Z,"OK","M","DGRP852","21.5C","Winter","NA","08:12","M8","Batch3_DGRP",0.758477028121745,1092.20692049531,0.660187434918431,316.889968760847,0.807638888888889,775.333333333333,0,360,17940,0.793893129770992,1143.20610687023,0.667359667359667,320.33264033264,0.857291666666667,823,2820,300,35820,0.769604441360167,1108.23039555864,0.692307692307692,332.307692307692,0.808333333333333,776,5100,300,36960,0.659958362248439,950.340041637752,0.536382536382536,257.463617463618,0.721875,693,840,1560,38880,0.741151977793199,1067.25884802221,0.735966735966736,353.264033264033,0.74375,714,1740,1740,32640,0.802220680083276,1155.19777931992,0.69022869022869,331.309771309771,0.858333333333333,824,2100,840,47400,0.782095766828591,1126.21790423317,0.634095634095634,304.365904365904,0.85625,822,36,11.8472222222222,34,28.1274509803922
"2025-07-25 10:00:00|Monitor8.txt|09",9,"2025-07-25 10:00:00|Monitor8.txt",2025-07-25T10:00:00Z,2025-07-31T10:30:00Z,"OK","M","DGRP852","21.5C","Winter","NA","08:12","M8","Batch3_DGRP",0.547506075685685,788.408748987386,0.551197500867754,264.574800416522,0.545659722222222,523.833333333333,1440,2700,18840,0.567661346287301,817.432338653713,0.56964656964657,273.430353430353,0.566666666666667,544,1920,2400,6180,0.534351145038168,769.465648854962,0.61954261954262,297.380457380457,0.491666666666667,472,1800,2640,38880,0.470506592643997,677.529493407356,0.58004158004158,278.419958419958,0.415625,399,900,2100,67680,0.501040943789035,721.498959056211,0.536382536382536,257.463617463618,0.483333333333333,464,840,300,26940,0.464260929909785,668.53573907009,0.461538461538462,221.538461538462,0.465625,447,720,300,37380,0.748091603053435,1077.25190839695,0.542619542619543,260.45738045738,0.851041666666667,817,33.8333333333333,14.2807881773399,55.5,16.4384384384384
"2025-07-25 10:00:00|Monitor8.txt|10",10,"2025-07-25 10:00:00|Monitor8.txt",2025-07-25T10:00:00Z,2025-07-31T10:30:00Z,"OK","M","DGRP852","21.5C","Winter","NA","08:12","M8","Batch3_DGRP",0.713574817729429,1027.54773753038,0.681707740367928,327.219715376605,0.729513888888889,700.333333333333,0,300,1320,0.83969465648855,1209.16030534351,0.887733887733888,426.112266112266,0.815625,783,1740,540,35520,0.650936849410132,937.34906315059,0.553014553014553,265.446985446986,0.7,672,540,3300,80100,0.645385149201943,929.354614850798,0.688149688149688,330.31185031185,0.623958333333333,599,480,540,34560,0.648160999306037,933.351839000694,0.607068607068607,291.392931392931,0.66875,642,840,840,61980,0.688410825815406,991.311589174185,0.53014553014553,254.469854469854,0.767708333333333,737,900,2400,44160,0.809160305343512,1165.19083969466,0.825363825363825,396.174636174636,0.801041666666667,769,32.3333333333333,14.4072164948454,43.8333333333333,20.9885931558935
"2025-07-25 10:00:00|Monitor8.txt|11",11,"2025-07-25 10:00:00|Monitor8.txt",2025-07-25T10:00:00Z,2025-07-31T10:30:00Z,"OK","M","DGRP852","21.5C","Winter","NA","08:12","M8","Batch3_DGRP",0.722138641360954,1039.87964355977,0.654286706004859,314.057618882333,0.756076388888889,725.833333333333,2520,540,64680,0.685634975711312,987.314365024289,0.573804573804574,275.426195426195,0.741666666666667,712,1320,3060,63840,0.69882026370576,1006.30117973629,0.66943866943867,321.330561330561,0.713541666666667,685,720,480,29880,0.65440666204025,942.34559333796,0.590436590436591,283.409563409563,0.686458333333333,659,960,480,86400,0.56557945870923,814.434420541291,0.507276507276507,243.492723492724,0.594791666666667,571,0,3180,63960,0.910478834142956,1311.08952116586,0.864864864864865,415.135135135135,0.933333333333333,896,720,660,62400,0.818181818181818,1178.18181818182,0.721413721413721,346.278586278586,0.866666666666667,832,31.5,14.9153439153439,44.8333333333333,20.1970260223048
"2025-07-25 10:00:00|Monitor8.txt|12",12,"2025-07-25 10:00:00|Monitor8.txt",2025-07-25T10:00:00Z,2025-07-31T10:30:00Z,"OK","M","DGRP852","21.5C","Winter","NA","08:12","M8","Batch3_DGRP",0.722022914014582,1039.712996181,0.74800416522041,359.041999305797,0.709027777777778,680.666666666667,1740,900,33960,0.727272727272727,1047.27272727273,0.769230769230769,369.230769230769,0.70625,678,720,1980,37560,0.721721027064539,1039.27827897294,0.823284823284823,395.176715176715,0.670833333333333,644,420,1200,1680,0.714781401804303,1029.2852185982,0.856548856548857,411.143451143451,0.64375,618,0,300,32580,0.684941013185288,986.315058986815,0.694386694386694,333.305613305613,0.680208333333333,653,2040,1440,18960,0.707841776544067,1019.29215822346,0.700623700623701,336.299376299376,0.711458333333333,683,360,300,60360,0.775850104094379,1117.22414989591,0.644490644490645,309.355509355509,0.841666666666667,808,33,13.7626262626263,46.1666666666667,19.7906137184115
"2025-07-25 10:00:00|Monitor8.txt|13",13,"2025-07-25 10:00:00|Monitor8.txt",2025-07-25T10:00:00Z,2025-07-31T10:30:00Z,"OK","M","DGRP852","21.5C","Winter","NA","08:12","M8","Batch3_DGRP",0.723874551556533,1042.37935424141,0.788615064213815,378.535230822631,0.691493055555556,663.833333333333,0,360,35040,0.720333102012491,1037.27966689799,0.777546777546778,373.222453222453,0.691666666666667,664,1680,1920,56040,0.686328938237335,988.313671061763,0.821205821205821,394.178794178794,0.61875,594,720,3360,45720,0.741151977793199,1067.25884802221,0.860706860706861,413.139293139293,0.68125,654,1380,1080,73740,0.619014573213047,891.380985426787,0.525987525987526,252.474012474012,0.665625,639,1020,660,48900,0.670367800138792,965.329632199861,0.752598752598753,361.247401247401,0.629166666666667,604,1080,14460,1080,0.905621096460791,1304.09437890354,0.991683991683992,476.008316008316,0.8625,828,24.1666666666667,20.0758620689655,27.1666666666667,33.8588957055215
"2025-07-25 10:00:00|Monitor8.txt|14",14,"2025-07-25 10:00:00|Monitor8.txt",2025-07-25T10:00:00Z,2025-07-31T10:30:00Z,"OK","M","DGRP852","21.5C","Winter","NA","08:12","M8","Batch3_DGRP",0.798634417312811,1150.03356093045,0.73550850399167,353.044081916001,0.830208333333333,797,0,300,8880,0.766134628730049,1103.23386537127,0.748440748440749,359.251559251559,0.775,744,840,780,55380,0.765440666204025,1102.2345593338,0.654885654885655,314.345114345114,0.820833333333333,788,900,1860,35100,0.661346287300486,952.338653712699,0.575883575883576,276.424116424116,0.704166666666667,676,0,300,32220,0.768910478834143,1107.23108952117,0.742203742203742,356.257796257796,0.782291666666667,751,1020,3240,38820,0.889659958362248,1281.11034004164,0.821205821205821,394.178794178794,0.923958333333333,887,120,3360,38460,0.940319222761971,1354.05968077724,0.871101871101871,418.128898128898,0.975,936,32.1666666666667,14.559585492228,27,34.1913580246914
"2025-07-25 10:00:00|Monitor8.txt|15",15,"2025-07-25 10:00:00|Monitor8.txt",2025-07-25T10:00:00Z,2025-07-31T10:30:00Z,"OK","M","DGRP852","21.5C","Winter","NA","08:12","M8","Batch3_DGRP",0.541372526327971,779.576437912279,0.617841027421035,296.563693162097,0.503125,483,6720,1500,71760,0.41498959056211,597.585010409438,0.46985446985447,225.530145530146,0.3875,372,660,480,42780,0.462873004857738,666.537126995142,0.617463617463617,296.382536382536,0.385416666666667,370,960,300,60540,0.551006245662734,793.448993754337,0.621621621621622,298.378378378378,0.515625,495,1200,1140,49320,0.596113809854268,858.403886190146,0.638253638253638,306.361746361746,0.575,552,1320,300,45420,0.564885496183206,813.435114503817,0.422037422037422,202.577962577963,0.636458333333333,611,1440,2220,40080,0.657876474670368,947.34212352533,0.935550935550936,449.064449064449,0.51875,498,31.5,17.5449735449735,23.8333333333333,36.0489510489511
"2025-07-25 10:00:00|Monitor8.txt|16",16,"2025-07-25 10:00:00|Monitor8.txt",2025-07-25T10:00:00Z,2025-07-31T10:30:00Z,"OK","M","DGRP852","21.5C","Winter","NA","08:12","M8","Batch3_DGRP",0.549936349959496,791.908343941674,0.612287400208261,293.897952099965,0.51875,498,4200,3540,13140,0.573213046495489,825.426786953505,0.625779625779626,300.37422037422,0.546875,525,1860,4980,36720,0.580846634281749,836.419153365718,0.717255717255717,344.282744282744,0.5125,492,840,2400,37380,0.510062456627342,734.489937543373,0.650727650727651,312.349272349272,0.439583333333333,422,360,360,52380,0.428868841082582,617.571131158918,0.507276507276507,243.492723492724,0.389583333333333,374,360,300,47760,0.47675225537821,686.523247744622,0.417879417879418,200.582120582121,0.50625,486,720,300,52620,0.728660652324775,1049.27133934768,0.750519750519751,360.24948024948,0.717708333333333,689,28.6666666666667,19.7209302325581,31,27.2204301075269
"2025-07-25 10:00:00|Monitor8.txt|17",17,"2025-07-25 10:00:00|Monitor8.txt",2025-07-25T10:00:00Z,2025-07-31T10:30:00Z,"OK","M","DGRP852","21.5C","Winter","NA","08:12","M8","Batch3_DGRP",0.798402962620067,1149.7002661729,0.704963554321416,338.38250607428,0.845138888888889,811.333333333333,1080,3360,34740,0.734212352532963,1057.26578764747,0.694386694386694,333.305613305613,0.754166666666667,724,1320,420,43740,0.788341429562804,1135.21165857044,0.719334719334719,345.280665280665,0.822916666666667,790,780,660,46800,0.794587092297016,1144.2054129077,0.711018711018711,341.288981288981,0.836458333333333,803,1560,480,58680,0.802220680083276,1155.19777931992,0.765072765072765,367.234927234927,0.820833333333333,788,600,300,35820,0.834142956280361,1201.16585704372,0.769230769230769,369.230769230769,0.866666666666667,832,720,4320,39360,0.836918806384455,1205.16308119362,0.571725571725572,274.428274428274,0.969791666666667,931,34.8333333333333,12.9904306220096,20.3333333333333,46.7131147540984
"2025-07-25 10:00:00|Monitor8.txt|18",18,"2025-07-25 10:00:00|Monitor8.txt",2025-07-25T10:00:00Z,2025-07-31T10:30:00Z,"OK","M","DGRP852","21.5C","Winter","NA","08:12","M8","Batch3_DGRP",0.52586506191413,757.245689156348,0.494272821936827,237.250954529677,0.541666666666667,520,1560,1620,1560,0.573213046495489,825.426786953505,0.600831600831601,288.399168399168,0.559375,537,0,300,39780,0.507980569049271,731.492019430951,0.604989604989605,290.39501039501,0.459375,441,1860,300,34560,0.405274115197779,583.594725884802,0.45945945945946,220.540540540541,0.378125,363,1020,900,49560,0.382373351839001,550.617626648161,0.280665280665281,134.719334719335,0.433333333333333,416,420,360,36120,0.594725884802221,856.405274115198,0.345114345114345,165.654885654886,0.719791666666667,691,0,720,12960,0.691880638445524,996.308119361555,0.675675675675676,324.324324324324,0.7,672,35,13.647619047619,66.3333333333333,13.6331658291457
"2025-07-25 10:00:00|Monitor8.txt|20",20,"2025-07-25 10:00:00|Monitor8.txt",2025-07-25T10:00:00Z,2025-07-31T10:30:00Z,"OK","M","DGRP852","21.5C","Winter","NA","08:12","M8","Batch3_DGRP",0.71716236546696,1032.71380627242,0.772648385977091,370.871225269004,0.689409722222222,661.833333333333,0,300,9600,0.752255378209577,1083.24774462179,0.808731808731809,388.191268191268,0.723958333333333,695,1080,3480,30540,0.641221374045801,923.358778625954,0.72972972972973,350.27027027027,0.596875,573,1020,1140,35940,0.646079111727967,930.353920888272,0.698544698544699,335.301455301455,0.619791666666667,595,900,300,33360,0.675919500346981,973.324080499653,0.683991683991684,328.316008316008,0.671875,645,660,9300,84420,0.731436502428869,1053.26856349757,0.819126819126819,393.180873180873,0.6875,660,15420,660,38820,0.854267869535045,1230.14573213047,0.88981288981289,427.110187110187,0.836458333333333,803,24.8333333333333,16.8523489932886,28.1666666666667,35.1479289940828
"2025-07-25 10:00:00|Monitor8.txt|21",21,"2025-07-25 10:00:00|Monitor8.txt",2025-07-25T10:00:00Z,2025-07-31T10:30:00Z,"OK","M","DGRP852","21.5C","Winter","NA","08:12","M8","Batch3_DGRP",0.661613239208425,952.723064460132,0.488719194724054,234.585213467546,0.748090277777778,718.166666666667,0,300,58800,0.600971547536433,865.399028452464,0.498960498960499,239.50103950104,0.652083333333333,626,660,360,72720,0.675919500346981,973.324080499653,0.540540540540541,259.459459459459,0.74375,714,1440,300,58500,0.618320610687023,890.381679389313,0.392931392931393,188.607068607069,0.73125,702,3540,420,47280,0.616238723108952,887.383761276891,0.384615384615385,184.615384615385,0.732291666666667,703,1140,600,33060,0.679389312977099,978.320610687023,0.478170478170478,229.52182952183,0.780208333333333,749,600,420,41160,0.780013879250521,1123.21998612075,0.642411642411642,308.357588357588,0.848958333333333,815,43.3333333333333,10.7192307692308,48.8333333333333,18.7542662116041
"2025-07-25 10:00:00|Monitor8.txt|26",26,"2025-07-25 10:00:00|Monitor8.txt",2025-07-25T10:00:00Z,2025-07-31T10:30:00Z,"OK","M","DGRP852","21.5C","Winter","NA","08:12","M8","Batch3_DGRP",0.692628168036107,997.384561971994,0.782714335300243,375.702880944117,0.647569444444445,621.666666666667,1620,1860,15540,0.732824427480916,1055.26717557252,0.765072765072765,367.234927234927,0.716666666666667,688,1920,2280,40980,0.713393476752255,1027.28660652325,0.802494802494803,385.197505197505,0.66875,642,1440,3000,5700,0.638445523941707,919.361554476058,0.812889812889813,390.18711018711,0.551041666666667,529,540,2160,45300,0.668285912560722,962.331714087439,0.810810810810811,389.189189189189,0.596875,573,840,1200,45660,0.680083275503123,979.319916724497,0.83991683991684,403.160083160083,0.6,576,1320,360,40380,0.721027064538515,1038.27897293546,0.659043659043659,316.340956340956,0.752083333333333,722,27,17.0185185185185,22.1666666666667,42.5864661654135
"2025-07-25 10:00:00|Monitor8.txt|27",27,"2025-07-25 10:00:00|Monitor8.txt",2025-07-25T10:00:00Z,2025-07-31T10:30:00Z,"OK","M","DGRP852","21.5C","Winter","NA","08:12","M8","Batch3_DGRP",0.759634301585465,1093.87339428307,0.815688996876085,391.530718500521,0.731597222222222,702.333333333333,0,360,10080,0.785565579458709,1131.21443442054,0.79002079002079,379.209979209979,0.783333333333333,752,420,2220,2700,0.714087439278279,1028.28591256072,0.85031185031185,408.149688149688,0.645833333333333,620,480,360,32940,0.694656488549618,1000.30534351145,0.804573804573805,386.195426195426,0.639583333333333,614,660,1620,2340,0.714087439278279,1028.28591256072,0.802494802494803,385.197505197505,0.669791666666667,643,600,660,33360,0.78764746703678,1134.21235253296,0.837837837837838,402.162162162162,0.7625,732,900,780,19020,0.861901457321305,1241.13809854268,0.808731808731809,388.191268191268,0.888541666666667,853,27,17.0987654320988,54.5,16.5412844036697
"2025-07-25 10:00:00|Monitor8.txt|29",29,"2025-07-25 10:00:00|Monitor8.txt",2025-07-25T10:00:00Z,2025-07-31T10:30:00Z,"OK","M","DGRP852","21.5C","Winter","NA","08:12","M8","Batch3_DGRP",0.769123943987964,1107.53847934267,0.813606386671295,390.531065602222,0.746875,717,0,480,19200,0.820957668285913,1182.17904233171,0.916839916839917,440.08316008316,0.772916666666667,742,1320,2760,38040,0.751561415683553,1082.24843858432,0.814968814968815,391.185031185031,0.719791666666667,691,480,6900,39720,0.691880638445524,996.308119361555,0.794178794178794,381.205821205821,0.640625,615,360,2160,42600,0.680083275503123,979.319916724497,0.723492723492724,347.276507276507,0.658333333333333,632,360,360,32220,0.789729354614851,1137.21027064539,0.733887733887734,352.266112266112,0.817708333333333,785,420,420,33840,0.879944482997918,1267.120055517,0.896049896049896,430.10395010395,0.871875,837,26,18.0769230769231,34.5,27.0096618357488
"2025-07-25 10:00:00|Monitor8.txt|30",30,"2025-07-25 10:00:00|Monitor8.txt",2025-07-25T10:00:00Z,2025-07-31T10:30:00Z,"OK","M","DGRP852","21.5C","Winter","NA","08:12","M8","Batch3_DGRP",0.746325656752691,1074.70894572387,0.812217979868101,389.864630336689,0.713368055555556,684.833333333333,0,300,44220,0.774462179042332,1115.22553782096,0.844074844074844,405.155925155925,0.739583333333333,710,780,300,40020,0.715475364330326,1030.28452463567,0.812889812889813,390.18711018711,0.666666666666667,640,420,2280,48060,0.699514226231784,1007.30048577377,0.79002079002079,379.209979209979,0.654166666666667,628,780,540,53220,0.719639139486468,1036.28036086051,0.806652806652807,387.193347193347,0.676041666666667,649,540,4800,38760,0.756419153365718,1089.24358084663,0.819126819126819,393.180873180873,0.725,696,420,300,36840,0.811936155447606,1169.18806384455,0.798336798336798,383.201663201663,0.81875,786,30.8333333333333,15.1837837837838,34.1666666666667,26.9317073170732
"2025-07-25 10:00:00|Monitor8.txt|31",31,"2025-07-25 10:00:00|Monitor8.txt",2025-07-25T10:00:00Z,2025-07-31T10:30:00Z,"OK","M","DGRP852","21.5C","Winter","NA","08:12","M8","Batch3_DGRP",0.732438375188057,1054.7112602708,0.732731690385283,351.711211384936,0.732291666666667,703,0,300,76140,0.693268563497571,998.306731436502,0.723492723492724,347.276507276507,0.678125,651,2340,1200,34200,0.674531575294934,971.325468424705,0.69022869022869,331.309771309771,0.666666666666667,640,420,4260,53940,0.702290076335878,1011.29770992366,0.746361746361746,358.253638253638,0.680208333333333,653,420,900,35400,0.761276891047884,1096.23872310895,0.806652806652807,387.193347193347,0.738541666666667,709,1080,1200,39660,0.731436502428869,1053.26856349757,0.652806652806653,313.347193347193,0.770833333333333,740,720,1020,67380,0.83206106870229,1198.1679389313,0.777546777546778,373.222453222453,0.859375,825,28.8333333333333,15.7861271676301,27.1666666666667,34.8466257668712
"2025-07-25 10:00:00|Monitor8.txt|32",32,"2025-07-25 10:00:00|Monitor8.txt",2025-07-25T10:00:00Z,2025-07-31T10:30:00Z,"OK","M","DGRP852","21.5C","Winter","NA","08:12","M8","Batch3_DGRP",0.702464992477723,1011.54958916792,0.614022908712253,294.730996181881,0.746701388888889,716.833333333333,0,300,31200,0.790423317140875,1138.20957668286,0.817047817047817,392.182952182952,0.777083333333333,746,900,300,45300,0.71616932685635,1031.28383067314,0.686070686070686,329.313929313929,0.73125,702,480,1800,33300,0.68910478834143,992.310895211659,0.671517671517672,322.328482328482,0.697916666666667,670,480,540,34680,0.599583622484386,863.400416377516,0.451143451143451,216.548856548857,0.673958333333333,647,1740,600,32160,0.587786259541985,846.412213740458,0.266112266112266,127.733887733888,0.748958333333333,719,0,360,41880,0.83206106870229,1198.1679389313,0.794178794178794,381.205821205821,0.851041666666667,817,33.8333333333333,14.5073891625616,39.3333333333333,22.6991525423729
"2025-07-25 10:00:00|Monitor9.txt|01",1,"2025-07-25 10:00:00|Monitor9.txt",2025-07-25T10:00:00Z,2025-07-31T10:30:00Z,"OK","M","DGRP365","21.5C","Winter","NA","08:12","M9","Batch3_DGRP",0.554218261775258,798.074296956371,0.687261367580701,329.885456438737,0.487673611111111,468.166666666667,3600,360,48540,0.463566967383761,667.536433032616,0.553014553014553,265.446985446986,0.41875,402,1920,660,46260,0.4941013185288,711.505898681471,0.573804573804574,275.426195426195,0.454166666666667,436,1980,660,10980,0.628730048577377,905.371269951423,0.848232848232848,407.151767151767,0.51875,498,1680,360,55860,0.505204718945177,727.494795281055,0.48024948024948,230.519750519751,0.517708333333333,497,720,300,55740,0.615544760582929,886.384455239417,0.904365904365904,434.095634095634,0.470833333333333,452,1020,540,46320,0.618320610687023,890.381679389313,0.762993762993763,366.237006237006,0.545833333333333,524,25.8333333333333,24.5354838709677,20,39.175
"2025-07-25 10:00:00|Monitor9.txt|02",2,"2025-07-25 10:00:00|Monitor9.txt",2025-07-25T10:00:00Z,2025-07-31T10:30:00Z,"OK","M","DGRP365","21.5C","Winter","NA","08:12","M9","Batch3_DGRP",0.497396134706631,716.250433977549,0.670600485942381,321.888233252343,0.410763888888889,394.333333333333,4980,720,49020,0.453157529493407,652.546842470507,0.550935550935551,264.449064449064,0.404166666666667,388,1440,840,43860,0.554476058292852,798.445523941707,0.723492723492724,347.276507276507,0.469791666666667,451,1440,420,50580,0.496877168632894,715.503122831367,0.708939708939709,340.29106029106,0.390625,375,1380,360,64020,0.435114503816794,626.564885496183,0.613305613305613,294.386694386694,0.345833333333333,332,960,540,48360,0.542678695350451,781.45732130465,0.735966735966736,353.264033264033,0.445833333333333,428,13200,480,47760,0.501734906315059,722.498265093685,0.688149688149688,330.31185031185,0.408333333333333,392,23.6666666666667,19.5633802816901,26.3333333333333,36.2848101265823
"2025-07-25 10:00:00|Monitor9.txt|03",3,"2025-07-25 10:00:00|Monitor9.txt",2025-07-25T10:00:00Z,2025-07-31T10:30:00Z,"OK","M","DGRP365","21.5C","Winter","NA","08:12","M9","Batch3_DGRP",0.684758708482815,986.052540215253,0.71051718153419,341.048247136411,0.671875,645,1140,300,42000,0.709923664122137,1022.29007633588,0.723492723492724,347.276507276507,0.703125,675,60,300,38460,0.734906315058987,1058.26509368494,0.744282744282744,357.255717255717,0.730208333333333,701,1860,300,40560,0.713393476752255,1027.28660652325,0.742203742203742,356.257796257796,0.698958333333333,671,1980,300,46800,0.674531575294934,971.325468424705,0.746361746361746,358.253638253638,0.638541666666667,613,1080,360,53820,0.666897987508675,960.333102012491,0.67983367983368,326.320166320166,0.660416666666667,634,1260,480,43800,0.607911172796669,875.392088827203,0.623700623700624,299.376299376299,0.6,576,29,16.4137931034483,19,49.0350877192983
"2025-07-25 10:00:00|Monitor9.txt|04",4,"2025-07-25 10:00:00|Monitor9.txt",2025-07-25T10:00:00Z,2025-07-31T10:30:00Z,"OK","M","DGRP365","21.5C","Winter","NA","08:12","M9","Batch3_DGRP",0.606527022335378,873.398912162944,0.827837556404026,397.362027073933,0.495833333333333,476,1260,360,15540,0.60235947258848,867.397640527412,0.654885654885655,314.345114345114,0.576041666666667,553,1560,1260,41400,0.741845940319223,1068.25815405968,0.858627858627859,412.141372141372,0.683333333333333,656,2160,540,38520,0.604441360166551,870.395558639834,0.67983367983368,326.320166320166,0.566666666666667,544,780,480,7320,0.614850798056905,885.385149201943,0.854469854469854,410.14553014553,0.494791666666667,475,360,420,13680,0.465648854961832,670.534351145038,0.943866943866944,453.056133056133,0.226041666666667,217,360,300,45960,0.609299097848716,877.390700902151,0.970893970893971,466.029106029106,0.428125,411,17,27.5392156862745,31.8333333333333,29.8534031413613
"2025-07-25 10:00:00|Monitor9.txt|05",5,"2025-07-25 10:00:00|Monitor9.txt",2025-07-25T10:00:00Z,2025-07-31T10:30:00Z,"OK","M","DGRP365","21.5C","Winter","NA","08:12","M9","Batch3_DGRP",0.536743432473093,772.910542761255,0.736896910794863,353.710517181534,0.436631944444444,419.166666666667,660,480,46080,0.594725884802221,856.405274115198,0.632016632016632,303.367983367983,0.576041666666667,553,360,360,51900,0.611380985426787,880.388619014573,0.642411642411642,308.357588357588,0.595833333333333,572,480,540,57540,0.514920194309507,741.485079805691,0.713097713097713,342.286902286902,0.415625,399,480,300,50400,0.557251908396947,802.442748091603,0.731808731808732,351.268191268191,0.469791666666667,451,360,480,68940,0.492019430950729,708.507980569049,0.856548856548857,411.143451143451,0.309375,297,1500,1140,65640,0.448299791811242,645.551700208189,0.837837837837838,402.162162162162,0.253125,243,24.5,24.469387755102,12.8333333333333,63.7662337662338
"2025-07-25 10:00:00|Monitor9.txt|08",8,"2025-07-25 10:00:00|Monitor9.txt",2025-07-25T10:00:00Z,2025-07-31T10:30:00Z,"OK","M","DGRP365","21.5C","Winter","NA","08:12","M9","Batch3_DGRP",0.441731281101724,636.093044786483,0.652204095800069,313.057965984033,0.336458333333333,323,360,360,14820,0.33587786259542,483.664122137405,0.482328482328482,231.517671517672,0.2625,252,3540,1020,51720,0.38029146426093,547.619708535739,0.604989604989605,290.39501039501,0.267708333333333,257,1500,360,49320,0.482997918112422,695.517002081888,0.704781704781705,338.295218295218,0.371875,357,1560,480,53040,0.487855655794587,702.512144344206,0.66943866943867,321.330561330561,0.396875,381,4020,420,11040,0.433726578764747,624.566273421235,0.665280665280665,319.334719334719,0.317708333333333,305,0,480,12720,0.528799444829979,761.47120055517,0.781704781704782,375.218295218295,0.402083333333333,386,20.5,27.260162601626,39.5,21.915611814346
"2025-07-25 10:00:00|Monitor9.txt|09",9,"2025-07-25 10:00:00|Monitor9.txt",2025-07-25T10:00:00Z,2025-07-31T10:30:00Z,"OK","M","DGRP365","21.5C","Winter","NA","08:12","M9","Batch3_DGRP",0.536280523087606,772.243953246152,0.630336688649774,302.561610551892,0.489236111111111,469.666666666667,2040,540,41460,0.607911172796669,875.392088827203,0.621621621621622,298.378378378378,0.601041666666667,577,1860,1980,38760,0.63705759888966,917.36294240111,0.686070686070686,329.313929313929,0.6125,588,1740,1560,35760,0.630117973629424,907.369882026371,0.700623700623701,336.299376299376,0.594791666666667,571,1860,1860,85680,0.356696738376128,513.643303261624,0.521829521829522,250.47817047817,0.273958333333333,263,16500,300,41040,0.539208882720333,776.46079111728,0.650727650727651,312.349272349272,0.483333333333333,464,1140,420,45840,0.446911866759195,643.553088133241,0.600831600831601,288.399168399168,0.369791666666667,355,20.8333333333333,26.912,24.6666666666667,34.8445945945946
"2025-07-25 10:00:00|Monitor9.txt|11",11,"2025-07-25 10:00:00|Monitor9.txt",2025-07-25T10:00:00Z,2025-07-31T10:30:00Z,"OK","M","DGRP365","21.5C","Winter","NA","08:12","M9","Batch3_DGRP",0.696794352505497,1003.38386760792,0.730301978479695,350.544949670253,0.680034722222222,652.833333333333,0,300,65460,0.748785565579459,1078.25121443442,0.785862785862786,377.214137214137,0.730208333333333,701,2160,900,65460,0.720333102012491,1037.27966689799,0.758835758835759,364.241164241164,0.701041666666667,673,1320,840,42300,0.566967383761277,816.433032616239,0.492723492723493,236.507276507277,0.604166666666667,580,180,420,43260,0.758501040943789,1092.24149895906,0.783783783783784,376.216216216216,0.745833333333333,716,1260,1920,43440,0.73351839000694,1056.26648160999,0.760914760914761,365.239085239085,0.719791666666667,691,360,480,45840,0.651630811936156,938.348369188064,0.796257796257796,382.203742203742,0.579166666666667,556,23.6666666666667,19.9718309859155,27.8333333333333,33.562874251497
"2025-07-25 10:00:00|Monitor9.txt|15",15,"2025-07-25 10:00:00|Monitor9.txt",2025-07-25T10:00:00Z,2025-07-31T10:30:00Z,"OK","M","DGRP365","21.5C","Winter","NA","08:12","M9","Batch3_DGRP",0.484203217220229,697.25263279713,0.643526553280111,308.892745574453,0.404513888888889,388.333333333333,300,420,50640,0.621096460791117,894.378903539209,0.792099792099792,380.2079002079,0.535416666666667,514,480,360,45300,0.545454545454545,785.454545454545,0.814968814968815,391.185031185031,0.410416666666667,394,300,300,44580,0.496877168632894,715.503122831367,0.760914760914761,365.239085239085,0.364583333333333,350,180,600,45960,0.59264399722415,853.407356002776,0.738045738045738,354.261954261954,0.519791666666667,499,840,360,46980,0.412907702984039,594.587092297016,0.311850311850312,149.68814968815,0.463541666666667,445,300,420,20400,0.234559333795975,337.765440666204,0.436590436590437,209.56340956341,0.133333333333333,128,30.3333333333333,21.2912087912088,25.1666666666667,30.430463576159
"2025-07-25 10:00:00|Monitor9.txt|16",16,"2025-07-25 10:00:00|Monitor9.txt",2025-07-25T10:00:00Z,2025-07-31T10:30:00Z,"OK","M","DGRP365","21.5C","Winter","NA","08:12","M9","Batch3_DGRP",0.559194537669251,805.240134243722,0.702880944116626,337.382853175981,0.487326388888889,467.833333333333,1860,720,42600,0.587092297015961,845.412907702984,0.634095634095634,304.365904365904,0.563541666666667,541,1200,900,53160,0.6911866759195,995.30881332408,0.77962577962578,374.220374220374,0.646875,621,780,660,45000,0.506592643997224,729.493407356003,0.565488565488566,271.434511434512,0.477083333333333,458,600,660,45840,0.419153365718251,603.580846634282,0.604989604989605,290.39501039501,0.326041666666667,313,960,20220,960,0.580846634281749,836.419153365718,0.856548856548857,411.143451143451,0.442708333333333,425,600,540,40980,0.569743233865371,820.430256766135,0.773388773388773,371.226611226611,0.467708333333333,449,25.1666666666667,21.7152317880795,21.3333333333333,40.8359375
"2025-07-25 10:00:00|Monitor9.txt|17",17,"2025-07-25 10:00:00|Monitor9.txt",2025-07-25T10:00:00Z,2025-07-31T10:30:00Z,"OK","M","DGRP365","21.5C","Winter","NA","08:12","M9","Batch3_DGRP",0.48605485476218,699.91899085754,0.871225269003818,418.188129121833,0.293402777777778,281.666666666667,1380,600,48420,0.477446217904233,687.522553782096,0.74012474012474,355.259875259875,0.345833333333333,332,360,600,20640,0.492019430950729,708.507980569049,0.817047817047817,392.182952182952,0.329166666666667,316,1140,4380,9420,0.466342817487856,671.533657182512,0.9002079002079,432.099792099792,0.248958333333333,239,300,300,1860,0.575988896599584,829.4240111034,0.935550935550936,449.064449064449,0.395833333333333,380,840,1620,7320,0.437890353920888,630.562109646079,0.881496881496882,423.118503118503,0.215625,207,540,26880,540,0.466342817487856,671.533657182512,0.948024948024948,455.051975051975,0.225,216,14.1666666666667,42.8470588235294,30.6666666666667,26.625
"2025-07-25 10:00:00|Monitor9.txt|18",18,"2025-07-25 10:00:00|Monitor9.txt",2025-07-25T10:00:00Z,2025-07-31T10:30:00Z,"OK","M","DGRP365","21.5C","Winter","NA","08:12","M9","Batch3_DGRP",0.404814257609073,582.932530957065,0.608122179798681,291.898646303367,0.303125,291,300,420,51180,0.467036780013879,672.532963219986,0.652806652806653,313.347193347193,0.373958333333333,359,3000,660,44820,0.428174878556558,616.571825121444,0.67983367983368,326.320166320166,0.302083333333333,290,780,300,12480,0.428868841082582,617.571131158918,0.769230769230769,369.230769230769,0.258333333333333,248,1140,600,23100,0.349757113115892,503.650242886884,0.407484407484407,195.592515592516,0.320833333333333,308,540,960,61500,0.324080499653019,466.675919500347,0.455301455301455,218.544698544699,0.258333333333333,248,240,1080,13560,0.430950728660652,620.569049271339,0.681912681912682,327.318087318087,0.305208333333333,293,31.8333333333333,15.7539267015707,52.3333333333333,17.1146496815287
"2025-07-25 10:00:00|Monitor9.txt|19",19,"2025-07-25 10:00:00|Monitor9.txt",2025-07-25T10:00:00Z,2025-07-31T10:30:00Z,"OK","M","DGRP365","21.5C","Winter","NA","08:12","M9","Batch3_DGRP",0.550052077305867,792.074991320449,0.774383894481083,371.70426935092,0.437847222222222,420.333333333333,360,360,47700,0.605135322692575,871.394864677307,0.636174636174636,305.363825363825,0.589583333333333,566,1020,420,53760,0.714781401804303,1029.2852185982,0.72972972972973,350.27027027027,0.707291666666667,679,360,300,30720,0.514226231783484,740.485773768217,0.515592515592516,247.484407484408,0.513541666666667,493,240,660,14880,0.424011103400416,610.5759888966,0.848232848232848,407.151767151767,0.211458333333333,203,180,1260,64800,0.514226231783484,740.485773768217,0.96049896049896,461.039501039501,0.290625,279,360,360,840,0.526717557251908,758.473282442748,0.95010395010395,456.049896049896,0.314583333333333,302,20.1666666666667,26.0082644628099,13.3333333333333,67.3125
"2025-07-25 10:00:00|Monitor9.txt|21",21,"2025-07-25 10:00:00|Monitor9.txt",2025-07-25T10:00:00Z,2025-07-31T10:30:00Z,"OK","M","DGRP365","21.5C","Winter","NA","08:12","M9","Batch3_DGRP",0.487675037611388,702.252054160398,0.761194029850746,365.373134328358,0.350868055555556,336.833333333333,3000,420,58320,0.534351145038168,769.465648854962,0.654885654885655,314.345114345114,0.473958333333333,455,1800,960,51240,0.571131158917419,822.428868841083,0.731808731808732,351.268191268191,0.490625,471,1200,480,53640,0.525329632199861,756.4746703678,0.792099792099792,380.2079002079,0.391666666666667,376,120,19320,50100,0.605135322692575,871.394864677307,0.96049896049896,461.039501039501,0.427083333333333,410,1260,420,3480,0.395558639833449,569.604441360167,0.869022869022869,417.130977130977,0.158333333333333,152,1080,360,64260,0.292852185981957,421.707147814018,0.550935550935551,264.449064449064,0.163541666666667,157,20.1666666666667,31.099173553719,11.6666666666667,67.8571428571429
"2025-07-25 10:00:00|Monitor9.txt|22",22,"2025-07-25 10:00:00|Monitor9.txt",2025-07-25T10:00:00Z,2025-07-31T10:30:00Z,"OK","M","DGRP365","21.5C","Winter","NA","08:12","M9","Batch3_DGRP",0.742622381668788,1069.37622960306,0.912183269698022,437.84796945505,0.6578125,631.5,1380,480,47460,0.707841776544067,1019.29215822346,0.848232848232848,407.151767151767,0.6375,612,780,1080,6720,0.736294240111034,1060.26370575989,0.902286902286902,433.097713097713,0.653125,627,660,1140,43740,0.734906315058987,1058.26509368494,0.881496881496882,423.118503118503,0.661458333333333,635,300,660,45600,0.738376127689105,1063.26162387231,0.893970893970894,429.106029106029,0.660416666666667,634,780,1980,55380,0.766134628730049,1103.23386537127,0.95010395010395,456.049896049896,0.673958333333333,647,180,28980,38640,0.770992366412214,1110.22900763359,0.991683991683992,476.008316008316,0.660416666666667,634,13.5,34.8518518518519,23.5,40.2056737588652
"2025-07-25 10:00:00|Monitor9.txt|24",24,"2025-07-25 10:00:00|Monitor9.txt",2025-07-25T10:00:00Z,2025-07-31T10:30:00Z,"OK","M","DGRP365","21.5C","Winter","NA","08:12","M9","Batch3_DGRP",0.735331558847356,1058.87744474019,0.889968760846928,427.185005206526,0.657986111111111,631.666666666667,1500,660,43860,0.703678001387925,1013.29632199861,0.827442827442827,397.172557172557,0.641666666666667,616,1080,600,52440,0.712699514226232,1026.28730048577,0.852390852390852,409.147609147609,0.642708333333333,617,540,360,40800,0.774462179042332,1115.22553782096,0.956340956340956,459.043659043659,0.683333333333333,656,480,780,43740,0.718251214434421,1034.28174878557,0.966735966735967,464.033264033264,0.59375,570,120,25860,37140,0.785565579458709,1131.21443442054,0.931392931392931,447.068607068607,0.7125,684,60,420,35880,0.71616932685635,1031.28383067314,0.8004158004158,384.199584199584,0.673958333333333,647,11.5,47.1594202898551,23.6666666666667,36.9859154929577
"2025-07-25 10:00:00|Monitor9.txt|26",26,"2025-07-25 10:00:00|Monitor9.txt",2025-07-25T10:00:00Z,2025-07-31T10:30:00Z,"OK","M","DGRP365","21.5C","Winter","NA","08:12","M9","Batch3_DGRP",0.690892257840528,994.88485129036,0.79382158972579,381.034363068379,0.639409722222222,613.833333333333,1800,660,45360,0.655100624566273,943.344899375434,0.767151767151767,368.232848232848,0.598958333333333,575,840,360,51600,0.606523247744622,873.393476752255,0.638253638253638,306.361746361746,0.590625,567,1200,1080,42180,0.645385149201943,929.354614850798,0.683991683991684,328.316008316008,0.626041666666667,601,300,420,51060,0.709923664122137,1022.29007633588,0.829521829521829,398.170478170478,0.65,624,480,2340,42360,0.769604441360167,1108.23039555864,0.956340956340956,459.043659043659,0.676041666666667,649,1380,720,42240,0.758501040943789,1092.24149895906,0.885654885654886,425.114345114345,0.694791666666667,667,24.1666666666667,19.9103448275862,31,29.9516129032258
"2025-07-25 10:00:00|Monitor9.txt|27",27,"2025-07-25 10:00:00|Monitor9.txt",2025-07-25T10:00:00Z,2025-07-31T10:30:00Z,"OK","M","DGRP365","21.5C","Winter","NA","08:12","M9","Batch3_DGRP",0.549936349959496,791.908343941674,0.871572370704616,418.354737938216,0.3890625,373.5,2640,300,16140,0.47675225537821,686.523247744622,0.642411642411642,308.357588357588,0.39375,378,300,2220,11640,0.477446217904233,687.522553782096,0.931392931392931,447.068607068607,0.25,240,120,540,4140,0.609299097848716,877.390700902151,0.945945945945946,454.054054054054,0.440625,423,360,1020,5580,0.493407356002776,710.506592643997,0.881496881496882,423.118503118503,0.298958333333333,287,420,360,7260,0.603747397640527,869.39625260236,0.893970893970894,429.106029106029,0.458333333333333,440,240,480,50220,0.637751561415684,918.362248438584,0.927234927234927,445.072765072765,0.492708333333333,473,14.1666666666667,41.4117647058824,40.8333333333333,20.2734693877551
"2025-07-25 10:00:00|Monitor9.txt|28",28,"2025-07-25 10:00:00|Monitor9.txt",2025-07-25T10:00:00Z,2025-07-31T10:30:00Z,"OK","M","DGRP365","21.5C","Winter","NA","08:12","M9","Batch3_DGRP",0.359101955792154,517.106816340701,0.803193335647345,385.532801110725,0.136979166666667,131.5,3420,300,49320,0.403886190145732,581.596113809854,0.665280665280665,319.334719334719,0.272916666666667,262,120,480,12900,0.328938237335184,473.671061762665,0.885654885654886,425.114345114345,0.05,48,360,480,9420,0.385843164469119,555.614156835531,0.918918918918919,441.081081081081,0.11875,114,720,360,4020,0.346287300485774,498.653712699514,0.769230769230769,369.230769230769,0.134375,129,360,2760,3180,0.385843164469119,555.614156835531,0.948024948024948,455.051975051975,0.104166666666667,100,4740,360,14040,0.302567661346287,435.697432338654,0.623700623700624,299.376299376299,0.141666666666667,136,16.1666666666667,36.4845360824742,27,30.962962962963
"2025-07-25 10:00:00|Monitor9.txt|29",29,"2025-07-25 10:00:00|Monitor9.txt",2025-07-25T10:00:00Z,2025-07-31T10:30:00Z,"OK","M","DGRP365","21.5C","Winter","NA","08:12","M9","Batch3_DGRP",0.554102534428886,797.907649577595,0.78757375911142,378.035404373482,0.437326388888889,419.833333333333,1860,780,47340,0.516308119361555,743.483691880639,0.767151767151767,368.232848232848,0.390625,375,1260,300,48540,0.546842470506593,787.453157529494,0.61954261954262,297.380457380457,0.510416666666667,490,1080,420,43800,0.59264399722415,853.407356002776,0.752598752598753,361.247401247401,0.5125,492,2760,420,66720,0.428868841082582,617.571131158918,0.74012474012474,355.259875259875,0.272916666666667,262,1020,480,50100,0.614850798056905,885.385149201943,0.918918918918919,441.081081081081,0.4625,444,1440,300,7920,0.623178348369188,897.376821651631,0.918918918918919,441.081081081081,0.475,456,25,23.1066666666667,13.8333333333333,60.4096385542169
"2025-07-25 10:00:00|Monitor9.txt|30",30,"2025-07-25 10:00:00|Monitor9.txt",2025-07-25T10:00:00Z,2025-07-31T10:30:00Z,"OK","M","DGRP365","21.5C","Winter","NA","08:12","M9","Batch3_DGRP",0.314546927438954,452.947575512094,0.681013536966331,326.886497743839,0.13125,126,10800,660,47640,0.389312977099237,560.610687022901,0.465696465696466,223.534303534304,0.351041666666667,337,300,480,22500,0.270645385149202,389.729354614851,0.61954261954262,297.380457380457,0.0958333333333333,92,420,360,22680,0.276891047883414,398.723108952117,0.769230769230769,369.230769230769,0.0302083333333333,29,360,360,21720,0.33587786259542,483.664122137405,0.777546777546778,373.222453222453,0.114583333333333,110,1380,300,53160,0.381679389312977,549.618320610687,0.781704781704782,375.218295218295,0.18125,174,360,300,4920,0.231783483691881,333.768216516308,0.665280665280665,319.334719334719,0.0145833333333333,14,29.5,19.135593220339,9,94.2962962962963
"2025-07-25 10:00:00|Monitor9.txt|31",31,"2025-07-25 10:00:00|Monitor9.txt",2025-07-25T10:00:00Z,2025-07-31T10:30:00Z,"OK","M","DGRP365","21.5C","Winter","NA","08:12","M9","Batch3_DGRP",0.601087837055896,865.566485360491,0.886497743838945,425.518917042694,0.458333333333333,440,1680,1860,51720,0.643997224149896,927.35600277585,0.844074844074844,405.155925155925,0.54375,522,1080,480,22560,0.630117973629424,907.369882026371,0.835758835758836,401.164241164241,0.527083333333333,506,420,1500,16620,0.666204024982651,959.333795975017,0.966735966735967,464.033264033264,0.515625,495,540,540,42840,0.661346287300486,952.338653712699,0.952182952182952,457.047817047817,0.515625,495,420,25560,420,0.560721721027065,807.439278278973,0.929313929313929,446.070686070686,0.376041666666667,361,420,1860,5700,0.444136016655101,639.555863983345,0.787941787941788,378.212058212058,0.271875,261,10.5,49.031746031746,35.5,25.3755868544601
"2025-07-25 10:00:00|Monitor9.txt|32",32,"2025-07-25 10:00:00|Monitor9.txt",2025-07-25T10:00:00Z,2025-07-31T10:30:00Z,"OK","M","DGRP365","21.5C","Winter","NA","08:12","M9","Batch3_DGRP",0.663464876750376,955.389422520542,0.847275251648733,406.692120791392,0.571527777777778,548.666666666667,6720,840,51240,0.535739070090215,771.46426092991,0.611226611226611,293.388773388773,0.497916666666667,478,960,300,62520,0.657182512144344,946.342817487856,0.864864864864865,415.135135135135,0.553125,531,1260,300,47160,0.659958362248439,950.340041637752,0.854469854469854,410.14553014553,0.5625,540,360,540,43140,0.728660652324775,1049.27133934768,0.896049896049896,430.10395010395,0.644791666666667,619,1680,1080,9240,0.680777238029147,980.319222761971,0.898128898128898,431.101871101871,0.571875,549,480,300,1860,0.718251214434421,1034.28174878557,0.956340956340956,459.043659043659,0.598958333333333,575,15,30.6555555555556,29.8333333333333,31.7430167597765
