"id","region_id","experiment_id","start_datetime","stop_datetime","status","Sex","Genotype","Temperature","Treatment","Environment","Light","monitor","Batch","Sleep_Fraction_All","Sleep_Time_All","Sleep_Fraction_L","Sleep_Time_L","Sleep_Fraction_D","Sleep_Time_D","Day1_latency","Day1_first_bout_length","Day1_latency_to_longest_bout","Day1_Sleep_Fraction_All","Day1_Sleep_Time_All","Day1_Sleep_Fraction_L","Day1_Sleep_Time_L","Day1_Sleep_Fraction_D","Day1_Sleep_Time_D","Day2_latency","Day2_first_bout_length","Day2_latency_to_longest_bout","Day2_Sleep_Fraction_All","Day2_Sleep_Time_All","Day2_Sleep_Fraction_L","Day2_Sleep_Time_L","Day2_Sleep_Fraction_D","Day2_Sleep_Time_D","Day3_latency","Day3_first_bout_length","Day3_latency_to_longest_bout","Day3_Sleep_Fraction_All","Day3_Sleep_Time_All","Day3_Sleep_Fraction_L","Day3_Sleep_Time_L","Day3_Sleep_Fraction_D","Day3_Sleep_Time_D","Day4_latency","Day4_first_bout_length","Day4_latency_to_longest_bout","Day4_Sleep_Fraction_All","Day4_Sleep_Time_All","Day4_Sleep_Fraction_L","Day4_Sleep_Time_L","Day4_Sleep_Fraction_D","Day4_Sleep_Time_D","Day5_latency","Day5_first_bout_length","Day5_latency_to_longest_bout","Day5_Sleep_Fraction_All","Day5_Sleep_Time_All","Day5_Sleep_Fraction_L","Day5_Sleep_Time_L","Day5_Sleep_Fraction_D","Day5_Sleep_Time_D","Day6_latency","Day6_first_bout_length","Day6_latency_to_longest_bout","Day6_Sleep_Fraction_All","Day6_Sleep_Time_All","Day6_Sleep_Fraction_L","Day6_Sleep_Time_L","Day6_Sleep_Fraction_D","Day6_Sleep_Time_D","n_Bouts_L","mean_Bout_Length_L","n_Bouts_D","mean_Bout_Length_D"
"2026-05-02 09:00:00|Monitor31.txt|01",1,"2026-05-02 09:00:00|Monitor31.txt",2026-05-02T09:00:00Z,2026-05-08T09:30:00Z,"OK","M","CS","21.5C","Winter","NA","08:12","M31","Batch31_DGRP",0.765767850943178,1102.70570535818,0.476223533495314,228.587296077751,0.910590277777778,874.166666666667,0,1020,59460,0.828591256072172,1193.17140874393,0.588357588357588,282.411642411642,0.948958333333333,911,4320,300,65700,0.782789729354615,1127.21721027065,0.486486486486487,233.513513513514,0.93125,894,1080,300,47400,0.813324080499653,1171.1866759195,0.609147609147609,292.390852390852,0.915625,879,240,720,40140,0.761276891047884,1096.23872310895,0.51975051975052,249.48024948025,0.882291666666667,847,720,300,46980,0.734906315058987,1058.26509368494,0.407484407484407,195.592515592516,0.898958333333333,863,0,1920,52080,0.673143650242887,969.326856349757,0.247401247401247,118.752598752599,0.886458333333333,851,22.1666666666667,21.4285714285714,13.8333333333333,68
"2026-05-02 09:00:00|Monitor31.txt|03",3,"2026-05-02 09:00:00|Monitor31.txt",2026-05-02T09:00:00Z,2026-05-08T09:30:00Z,"OK","M","CS","21.5C","Winter","NA","08:12","M31","Batch31_DGRP",0.683948617058211,984.886008563824,0.361332870531066,173.439777854912,0.8453125,811.5,6840,300,65280,0.764746703678001,1101.23525329632,0.521829521829522,250.47817047817,0.886458333333333,851,4320,360,38100,0.768910478834143,1107.23108952117,0.559251559251559,268.440748440748,0.873958333333333,839,4680,360,40080,0.707841776544067,1019.29215822346,0.436590436590437,209.56340956341,0.84375,810,4380,300,39660,0.707147814018043,1018.29285218598,0.347193347193347,166.652806652807,0.8875,852,360,720,59760,0.573907009021513,826.426092990979,0.178794178794179,85.8212058212058,0.771875,741,6660,420,40800,0.580152671755725,835.419847328244,0.124740124740125,59.8752598752599,0.808333333333333,776,20.5,22.2357723577236,13,74.5128205128205
"2026-05-02 09:00:00|Monitor31.txt|04",4,"2026-05-02 09:00:00|Monitor31.txt",2026-05-02T09:00:00Z,2026-05-08T09:30:00Z,"OK","M","CS","21.5C","Winter","NA","08:12","M31","Batch31_DGRP",0.700844809628515,1009.21652586506,0.580006942034016,278.403332176328,0.761284722222222,730.833333333333,4200,4320,43200,0.761276891047884,1096.23872310895,0.704781704781705,338.295218295218,0.789583333333333,758,4260,3240,42960,0.7529493407356,1084.24705065926,0.650727650727651,312.349272349272,0.804166666666667,772,3480,480,40860,0.838306731436503,1207.16169326856,0.862785862785863,414.137214137214,0.826041666666667,793,4320,300,54960,0.73560027758501,1059.26439972241,0.652806652806653,313.347193347193,0.777083333333333,746,4320,660,45780,0.589868147120056,849.41013185288,0.367983367983368,176.632016632017,0.701041666666667,673,4320,300,43560,0.525329632199861,756.4746703678,0.237006237006237,113.762993762994,0.669791666666667,643,21,21.6746031746032,10.8333333333333,89.2769230769231
"2026-05-02 09:00:00|Monitor31.txt|07",7,"2026-05-02 09:00:00|Monitor31.txt",2026-05-02T09:00:00Z,2026-05-08T09:30:00Z,"OK","M","CS","21.5C","Winter","NA","08:12","M31","Batch31_DGRP",0.753732206920495,1085.37437796551,0.665741062131204,319.555709822978,0.797743055555556,765.833333333333,4440,600,42060,0.802220680083276,1155.19777931992,0.77962577962578,374.220374220374,0.813541666666667,781,4320,3840,41100,0.807772380291464,1163.19222761971,0.825363825363825,396.174636174636,0.798958333333333,767,4500,840,42360,0.799444829979181,1151.20055517002,0.796257796257796,382.203742203742,0.801041666666667,769,4380,1200,43020,0.721721027064539,1039.27827897294,0.546777546777547,262.453222453222,0.809375,777,720,420,46140,0.68147120055517,981.318528799445,0.53014553014553,254.469854469854,0.757291666666667,727,4020,480,61380,0.707841776544067,1019.29215822346,0.511434511434512,245.488565488566,0.80625,774,18.8333333333333,23.6460176991151,8.83333333333333,110.377358490566
"2026-05-02 09:00:00|Monitor31.txt|09",9,"2026-05-02 09:00:00|Monitor31.txt",2026-05-02T09:00:00Z,2026-05-08T09:30:00Z,"OK","M","CS","21.5C","Winter","NA","08:12","M31","Batch31_DGRP",0.833352621224395,1200.02777456313,0.709128774730996,340.381811870878,0.895486111111111,859.666666666667,0,1380,52920,0.823733518390007,1186.17626648161,0.663201663201663,318.336798336798,0.904166666666667,868,2880,1320,56040,0.842470506592644,1213.15752949341,0.700623700623701,336.299376299376,0.913541666666667,877,120,300,66780,0.861207494795281,1240.1387925052,0.742203742203742,356.257796257796,0.920833333333333,884,600,540,70020,0.801526717557252,1154.19847328244,0.692307692307692,332.307692307692,0.85625,822,1800,900,40020,0.792505204718945,1141.20749479528,0.609147609147609,292.390852390852,0.884375,849,900,480,57060,0.877168632893824,1263.12283136711,0.844074844074844,405.155925155925,0.89375,858,25.8333333333333,17.658064516129,22.6666666666667,41.8088235294118
"2026-05-02 09:00:00|Monitor31.txt|10",10,"2026-05-02 09:00:00|Monitor31.txt",2026-05-02T09:00:00Z,2026-05-08T09:30:00Z,"OK","M","CS","21.5C","Winter","NA","08:12","M31","Batch31_DGRP",0.657909964124523,947.390348339313,0.415480735855606,199.430753210691,0.779166666666667,748,9060,300,40680,0.696738376127689,1003.30326162387,0.501039501039501,240.498960498961,0.794791666666667,763,4500,300,53220,0.742539902845246,1069.25746009715,0.548856548856549,263.451143451143,0.839583333333333,806,3300,300,67500,0.650242886884108,936.349757113116,0.417879417879418,200.582120582121,0.766666666666667,736,4440,300,63300,0.624566273421235,899.375433726579,0.399168399168399,191.600831600832,0.7375,708,4860,300,50580,0.619014573213047,891.380985426787,0.349272349272349,167.650727650728,0.754166666666667,724,3960,360,49200,0.612074947952811,881.387925052047,0.272349272349272,130.727650727651,0.782291666666667,751,28.3333333333333,14.7588235294118,19.1666666666667,52
"2026-05-02 09:00:00|Monitor31.txt|11",11,"2026-05-02 09:00:00|Monitor31.txt",2026-05-02T09:00:00Z,2026-05-08T09:30:00Z,"OK","M","CS","21.5C","Winter","NA","08:12","M31","Batch31_DGRP",0.736257377618331,1060.2106237704,0.582089552238806,279.402985074627,0.813368055555556,780.833333333333,0,720,43260,0.648854961832061,934.351145038168,0.40956340956341,196.590436590437,0.76875,738,4380,420,43500,0.69882026370576,1006.30117973629,0.515592515592516,247.484407484408,0.790625,759,660,960,46920,0.748785565579459,1078.25121443442,0.625779625779626,300.37422037422,0.810416666666667,778,180,900,64620,0.799444829979181,1151.20055517002,0.667359667359667,320.33264033264,0.865625,831,900,480,58800,0.744621790423317,1072.25537820958,0.58004158004158,278.419958419958,0.827083333333333,794,300,2580,41220,0.777238029146426,1119.22276197085,0.696465696465697,334.303534303534,0.817708333333333,785,32.1666666666667,14.1709844559586,14.1666666666667,67.5764705882353
"2026-05-02 09:00:00|Monitor31.txt|12",12,"2026-05-02 09:00:00|Monitor31.txt",2026-05-02T09:00:00Z,2026-05-08T09:30:00Z,"OK","M","CS","21.5C","Winter","NA","08:12","M31","Batch31_DGRP",0.635690313621109,915.394051614396,0.528288788615064,253.578618535231,0.689409722222222,661.833333333333,0,2100,76920,0.646079111727967,930.353920888272,0.623700623700624,299.376299376299,0.657291666666667,631,4920,300,45600,0.638445523941707,919.361554476058,0.573804573804574,275.426195426195,0.670833333333333,644,5220,420,70140,0.566273421235253,815.433726578765,0.446985446985447,214.553014553015,0.626041666666667,601,2100,300,65700,0.635669673837613,915.364330326162,0.463617463617464,222.536382536383,0.721875,693,360,300,53640,0.598195697432339,861.401804302568,0.532224532224532,255.467775467776,0.63125,606,660,2160,59820,0.728660652324775,1049.27133934768,0.528066528066528,253.471933471934,0.829166666666667,796,31.8333333333333,14,47.1666666666667,20.243816254417
"2026-05-02 09:00:00|Monitor31.txt|13",13,"2026-05-02 09:00:00|Monitor31.txt",2026-05-02T09:00:00Z,2026-05-08T09:30:00Z,"OK","M","CS","21.5C","Winter","NA","08:12","M31","Batch31_DGRP",0.884504108320796,1273.68591598195,0.850399166955918,408.191600138841,0.9015625,865.5,60,360,42060,0.865371269951423,1246.13462873005,0.841995841995842,404.158004158004,0.877083333333333,842,1620,300,38040,0.891741845940319,1284.10825815406,0.837837837837838,402.162162162162,0.91875,882,4380,480,38760,0.865371269951423,1246.13462873005,0.821205821205821,394.178794178794,0.8875,852,660,720,37620,0.894517696044414,1288.10548230396,0.883575883575884,424.116424116424,0.9,864,60,300,39180,0.8764746703678,1262.12352532963,0.854469854469854,410.14553014553,0.8875,852,60,600,36180,0.91117279666898,1312.08882720333,0.856548856548857,411.143451143451,0.938541666666667,901,10.3333333333333,48.2903225806452,10.1666666666667,90.6885245901639
"2026-05-02 09:00:00|Monitor31.txt|18",18,"2026-05-02 09:00:00|Monitor31.txt",2026-05-02T09:00:00Z,2026-05-08T09:30:00Z,"OK","M","CS","21.5C","Winter","NA","08:12","M31","Batch31_DGRP",0.6910079851869,995.051498669136,0.539048941339813,258.74349184311,0.767013888888889,736.333333333333,0,420,63060,0.745315752949341,1073.25468424705,0.604989604989605,290.39501039501,0.815625,783,480,840,64260,0.913254684247051,1315.08674531575,0.914760914760915,439.085239085239,0.9125,876,60,660,59580,0.715475364330326,1030.28452463567,0.609147609147609,292.390852390852,0.76875,738,4260,1380,61560,0.688410825815406,991.311589174185,0.544698544698545,261.455301455301,0.760416666666667,730,4320,900,65460,0.517696044413602,745.482303955586,0.299376299376299,143.700623700624,0.627083333333333,602,4140,780,44160,0.564191533657183,812.435808466343,0.257796257796258,123.742203742204,0.717708333333333,689,28.3333333333333,15.5529411764706,21.6666666666667,44.6307692307692
"2026-05-02 09:00:00|Monitor31.txt|19",19,"2026-05-02 09:00:00|Monitor31.txt",2026-05-02T09:00:00Z,2026-05-08T09:30:00Z,"OK","M","CS","21.5C","Winter","NA","08:12","M31","Batch31_DGRP",0.890521930332137,1282.35157967828,0.79590419993058,382.034015966678,0.937847222222222,900.333333333333,4260,420,39300,0.816099930603748,1175.1839000694,0.611226611226611,293.388773388773,0.91875,882,7800,960,39060,0.833448993754337,1200.16655100625,0.694386694386694,333.305613305613,0.903125,867,2640,360,61800,0.887578070784178,1278.11242192922,0.817047817047817,392.182952182952,0.922916666666667,886,660,420,33840,0.931297709923664,1341.06870229008,0.893970893970894,429.106029106029,0.95,912,3240,540,55380,0.914642609299098,1317.0853573907,0.858627858627859,412.141372141372,0.942708333333333,905,2220,5400,33420,0.958362248438584,1380.04163775156,0.896049896049896,430.10395010395,0.989583333333333,950,14.8333333333333,31.561797752809,10.6666666666667,88.96875
"2026-05-02 09:00:00|Monitor31.txt|20",20,"2026-05-02 09:00:00|Monitor31.txt",2026-05-02T09:00:00Z,2026-05-08T09:30:00Z,"OK","M","CS","21.5C","Winter","NA","08:12","M31","Batch31_DGRP",0.70408517532693,1013.88265247078,0.434571329399514,208.594238111767,0.838888888888889,805.333333333334,5520,480,42240,0.720333102012491,1037.27966689799,0.501039501039501,240.498960498961,0.830208333333333,797,780,300,41040,0.763358778625954,1099.23664122137,0.586278586278586,281.413721413721,0.852083333333333,818,960,480,42960,0.719639139486468,1036.28036086051,0.496881496881497,238.503118503119,0.83125,798,540,480,44520,0.700902151283831,1009.29909784872,0.428274428274428,205.571725571726,0.8375,804,1020,360,51060,0.658570437196391,948.341429562804,0.27027027027027,129.72972972973,0.853125,819,3960,420,39840,0.662040249826509,953.337959750174,0.328482328482329,157.671517671518,0.829166666666667,796,27.6666666666667,16.5,10.8333333333333,89.0461538461539
"2026-05-02 09:00:00|Monitor31.txt|23",23,"2026-05-02 09:00:00|Monitor31.txt",2026-05-02T09:00:00Z,2026-05-08T09:30:00Z,"OK","M","CS","21.5C","Winter","NA","08:12","M31","Batch31_DGRP",0.716236546695984,1031.38062724222,0.474140923290524,227.587643179452,0.837326388888889,803.833333333333,4260,360,41340,0.737682165163081,1062.26231783484,0.561330561330561,269.43866943867,0.826041666666667,793,480,480,40080,0.757807078417765,1091.24219292158,0.673596673596674,323.326403326403,0.8,768,5880,960,49560,0.684941013185288,986.315058986815,0.355509355509356,170.644490644491,0.85,816,4260,480,37920,0.677307425399028,975.322692574601,0.40956340956341,196.590436590437,0.811458333333333,779,480,300,38940,0.675225537820958,972.324774462179,0.395010395010395,189.60498960499,0.815625,783,1200,360,37380,0.761970853573907,1097.23802914643,0.444906444906445,213.555093555094,0.920833333333333,884,28.8333333333333,15.5086705202312,8.83333333333333,110.377358490566
"2026-05-02 09:00:00|Monitor31.txt|24",24,"2026-05-02 09:00:00|Monitor31.txt",2026-05-02T09:00:00Z,2026-05-08T09:30:00Z,"OK","M","CS","21.5C","Winter","NA","08:12","M31","Batch31_DGRP",0.695637079041778,1001.71739382016,0.494619923637626,237.41756334606,0.796180555555556,764.333333333333,4440,720,62820,0.694656488549618,1000.30534351145,0.492723492723493,236.507276507277,0.795833333333333,764,60,360,47460,0.748785565579459,1078.25121443442,0.58004158004158,278.419958419958,0.833333333333333,800,3360,2100,53220,0.730048577376822,1051.26995142262,0.567567567567568,272.432432432432,0.811458333333333,779,5580,300,47520,0.707147814018043,1018.29285218598,0.577962577962578,277.422037422037,0.771875,741,4380,360,41160,0.682859125607217,983.317140874393,0.517671517671518,248.482328482328,0.765625,735,420,480,58020,0.609299097848716,877.390700902151,0.230769230769231,110.769230769231,0.798958333333333,767,24.8333333333333,18.6241610738255,10.3333333333333,92.3870967741936
"2026-05-02 09:00:00|Monitor31.txt|25",25,"2026-05-02 09:00:00|Monitor31.txt",2026-05-02T09:00:00Z,2026-05-08T09:30:00Z,"OK","M","CS","21.5C","Winter","NA","08:12","M31","Batch31_DGRP",0.705010994097905,1015.21583150098,0.541478653245401,259.909753557792,0.786805555555556,755.333333333333,720,540,71820,0.720333102012491,1037.27966689799,0.548856548856549,263.451143451143,0.80625,774,1020,780,43800,0.759195003469813,1093.24080499653,0.652806652806653,313.347193347193,0.8125,780,240,360,60240,0.741151977793199,1067.25884802221,0.644490644490645,309.355509355509,0.789583333333333,758,780,780,43500,0.732824427480916,1055.26717557252,0.671517671517672,322.328482328482,0.763541666666667,733,480,660,44100,0.640527411519778,922.35947258848,0.35966735966736,172.640332640333,0.78125,750,60,480,45960,0.635669673837613,915.364330326162,0.372141372141372,178.627858627859,0.767708333333333,737,26.1666666666667,18.6942675159236,10.1666666666667,92.0327868852459
"2026-05-02 09:00:00|Monitor31.txt|27",27,"2026-05-02 09:00:00|Monitor31.txt",2026-05-02T09:00:00Z,2026-05-08T09:30:00Z,"OK","M","CS","21.5C","Winter","NA","08:12","M31","Batch31_DGRP",0.640898044207846,922.893183659299,0.343630683790351,164.942728219368,0.789583333333333,758,4320,420,44280,0.558639833448994,804.441360166551,0.133056133056133,63.8669438669439,0.771875,741,8460,420,46860,0.608605135322693,876.391394864677,0.207900207900208,99.7920997920998,0.809375,777,5340,480,42480,0.707147814018043,1018.29285218598,0.563409563409563,270.43659043659,0.779166666666667,748,720,300,40440,0.679389312977099,978.320610687023,0.401247401247401,192.598752598753,0.81875,786,1260,300,40500,0.666204024982651,959.333795975017,0.436590436590437,209.56340956341,0.78125,750,5520,660,41700,0.625260235947259,900.374739764053,0.322245322245322,154.677754677755,0.777083333333333,746,27.3333333333333,17.2987804878049,8.83333333333333,107.547169811321
"2026-05-02 09:00:00|Monitor31.txt|31",31,"2026-05-02 09:00:00|Monitor31.txt",2026-05-02T09:00:00Z,2026-05-08T09:30:00Z,"OK","M","CS","21.5C","Winter","NA","08:12","M31","Batch31_DGRP",0.671218608957297,966.554796898507,0.357861853523082,171.77368969108,0.827951388888889,794.833333333333,5520,360,41280,0.725190839694657,1044.27480916031,0.478170478170478,229.52182952183,0.848958333333333,815,4500,360,37740,0.758501040943789,1092.24149895906,0.592515592515593,284.407484407484,0.841666666666667,808,4380,780,61980,0.691880638445524,996.308119361555,0.361746361746362,173.638253638254,0.857291666666667,823,540,540,39240,0.639833448993754,921.360166551006,0.255717255717256,122.744282744283,0.832291666666667,799,3360,360,42060,0.593337959750174,854.40666204025,0.264033264033264,126.735966735967,0.758333333333333,728,480,660,40440,0.616932685634976,888.383067314365,0.193347193347193,92.8066528066528,0.829166666666667,796,26,17.5641025641026,16.5,58.2020202020202
"2026-05-02 09:00:00|Monitor32.txt|04",4,"2026-05-02 09:00:00|Monitor32.txt",2026-05-02T09:00:00Z,2026-05-08T09:30:00Z,"OK","M","DGRP69","21.5C","Winter","NA","08:12","M32","Batch31_DGRP",0.779423677815068,1122.3700960537,0.75216938562999,361.041305102395,0.793055555555556,761.333333333333,3480,540,47580,0.547536433032616,788.452463566967,0.532224532224532,255.467775467776,0.555208333333333,533,720,360,45000,0.623178348369188,897.376821651631,0.615384615384615,295.384615384615,0.627083333333333,602,360,300,39420,0.723108952116586,1041.27689104788,0.794178794178794,381.205821205821,0.6875,660,2400,600,36300,0.917418459403192,1321.0825815406,0.858627858627859,412.141372141372,0.946875,909,60,1500,33360,0.953504510756419,1373.04649548924,0.881496881496882,423.118503118503,0.989583333333333,950,960,1140,33480,0.909784871616933,1310.09021512838,0.825363825363825,396.174636174636,0.952083333333333,914,16.6666666666667,28.82,19.6666666666667,47.9067796610169
"2026-05-02 09:00:00|Monitor32.txt|05",5,"2026-05-02 09:00:00|Monitor32.txt",2026-05-02T09:00:00Z,2026-05-08T09:30:00Z,"OK","M","DGRP69","21.5C","Winter","NA","08:12","M32","Batch31_DGRP",0.707441268371716,1018.71542645527,0.777854911489066,373.370357514752,0.672222222222222,645.333333333333,0,720,67140,0.869535045107564,1252.13046495489,0.902286902286902,433.097713097713,0.853125,819,3960,300,45840,0.790423317140875,1138.20957668286,0.879417879417879,422.120582120582,0.745833333333333,716,1320,960,41700,0.772380291464261,1112.22761970854,0.860706860706861,413.139293139293,0.728125,699,1080,300,42480,0.638445523941707,919.361554476058,0.704781704781705,338.295218295218,0.605208333333333,581,1140,480,51120,0.589868147120056,849.41013185288,0.683991683991684,328.316008316008,0.542708333333333,521,720,420,46380,0.583622484385843,840.416377515614,0.634095634095634,304.365904365904,0.558333333333333,536,20.5,23.1382113821138,27.6666666666667,34.1867469879518
"2026-05-02 09:00:00|Monitor32.txt|06",6,"2026-05-02 09:00:00|Monitor32.txt",2026-05-02T09:00:00Z,2026-05-08T09:30:00Z,"OK","M","DGRP69","21.5C","Winter","NA","08:12","M32","Batch31_DGRP",0.801411873625738,1154.03309802106,0.852828878861507,409.357861853523,0.775694444444445,744.666666666667,0,4380,16260,0.932685634975711,1343.06731436502,0.941787941787942,452.058212058212,0.928125,891,2040,4800,33120,0.902151283830673,1299.09784871617,0.914760914760915,439.085239085239,0.895833333333333,860,4320,2640,40740,0.774462179042332,1115.22553782096,0.837837837837838,402.162162162162,0.742708333333333,713,360,420,3840,0.744621790423317,1072.25537820958,0.912681912681913,438.087318087318,0.660416666666667,634,360,660,43620,0.684247050659264,985.315752949341,0.856548856548857,411.143451143451,0.597916666666667,574,2160,300,42660,0.767522553782096,1105.23247744622,0.644490644490645,309.355509355509,0.829166666666667,796,9.66666666666667,62.3103448275862,18.8333333333333,43.424778761062
"2026-05-02 09:00:00|Monitor32.txt|08",8,"2026-05-02 09:00:00|Monitor32.txt",2026-05-02T09:00:00Z,2026-05-08T09:30:00Z,"OK","M","DGRP69","21.5C","Winter","NA","08:12","M32","Batch31_DGRP",0.781159588010647,1124.86980673533,0.834779590419993,400.694203401597,0.754340277777778,724.166666666667,0,3180,48180,0.851492019430951,1226.14850798057,0.860706860706861,413.139293139293,0.846875,813,1740,540,48000,0.897987508674532,1293.10201249133,0.958419958419958,460.04158004158,0.867708333333333,833,1740,2760,48480,0.827203331020125,1191.17279666898,0.981288981288981,471.018711018711,0.75,720,4680,360,50700,0.721027064538515,1038.27897293546,0.817047817047817,392.182952182952,0.672916666666667,646,1020,2640,50460,0.703678001387925,1013.29632199861,0.74012474012474,355.259875259875,0.685416666666667,658,4080,480,63480,0.686328938237335,988.313671061763,0.652806652806653,313.347193347193,0.703125,675,12.5,38.0666666666667,22.1666666666667,42.6842105263158
"2026-05-02 09:00:00|Monitor32.txt|10",10,"2026-05-02 09:00:00|Monitor32.txt",2026-05-02T09:00:00Z,2026-05-08T09:30:00Z,"OK","M","DGRP69","21.5C","Winter","NA","08:12","M32","Batch31_DGRP",0.79562550630714,1145.70072908228,0.709128774730996,340.381811870878,0.838888888888889,805.333333333334,2160,540,46080,0.780707841776544,1124.21929215822,0.733887733887734,352.266112266112,0.804166666666667,772,7380,600,9000,0.9382373351839,1351.06176266482,0.879417879417879,422.120582120582,0.967708333333333,929,3720,480,4980,0.894517696044414,1288.10548230396,0.848232848232848,407.151767151767,0.917708333333333,881,9540,300,42060,0.804302567661346,1158.19569743234,0.713097713097713,342.286902286902,0.85,816,960,540,47340,0.724496877168633,1043.27550312283,0.567567567567568,272.432432432432,0.803125,771,10080,300,48540,0.631505898681471,909.368494101319,0.513513513513514,246.486486486487,0.690625,663,10.1666666666667,51.0491803278689,15,60.6444444444445
"2026-05-02 09:00:00|Monitor32.txt|12",12,"2026-05-02 09:00:00|Monitor32.txt",2026-05-02T09:00:00Z,2026-05-08T09:30:00Z,"OK","M","DGRP69","21.5C","Winter","NA","08:12","M32","Batch31_DGRP",0.809975697257262,1166.36500405046,0.807358556056925,387.532106907324,0.811284722222222,778.833333333333,0,4200,30180,0.875086745315753,1260.12491325468,0.762993762993763,366.237006237006,0.93125,894,3360,300,35580,0.867453157529493,1249.13254684247,0.833679833679834,400.16632016632,0.884375,849,1320,480,37800,0.842470506592644,1213.15752949341,0.85031185031185,408.149688149688,0.838541666666667,805,120,360,37620,0.818875780707842,1179.18112421929,0.929313929313929,446.070686070686,0.763541666666667,733,720,1020,41940,0.709923664122137,1022.29007633588,0.713097713097713,342.286902286902,0.708333333333333,680,1560,360,41520,0.745315752949341,1073.25468424705,0.752598752598753,361.247401247401,0.741666666666667,712,17.6666666666667,27,27.3333333333333,34.2195121951219
"2026-05-02 09:00:00|Monitor32.txt|14",14,"2026-05-02 09:00:00|Monitor32.txt",2026-05-02T09:00:00Z,2026-05-08T09:30:00Z,"OK","M","DGRP69","21.5C","Winter","NA","08:12","M32","Batch31_DGRP",0.529221154958917,762.07846314084,0.638667129468935,306.560222145089,0.474479166666667,455.5,0,720,52920,0.702290076335878,1011.29770992366,0.777546777546778,373.222453222453,0.664583333333333,638,420,2820,48720,0.605135322692575,871.394864677307,0.802494802494803,385.197505197505,0.50625,486,720,360,50220,0.496877168632894,715.503122831367,0.644490644490645,309.355509355509,0.422916666666667,406,2400,720,48240,0.48646773074254,700.513532269257,0.625779625779626,300.37422037422,0.416666666666667,400,960,600,49440,0.50381679389313,725.496183206107,0.611226611226611,293.388773388773,0.45,432,0,300,68580,0.38029146426093,547.619708535739,0.367983367983368,176.632016632017,0.386458333333333,371,18,26.3796296296296,33.3333333333333,28.005
"2026-05-02 09:00:00|Monitor32.txt|15",15,"2026-05-02 09:00:00|Monitor32.txt",2026-05-02T09:00:00Z,2026-05-08T09:30:00Z,"OK","M","DGRP69","21.5C","Winter","NA","08:12","M32","Batch31_DGRP",0.694711260270802,1000.38421478995,0.810135369663311,388.86497743839,0.636979166666667,611.5,0,2820,55620,0.929215822345593,1338.07078417765,0.906444906444906,435.093555093555,0.940625,903,3840,360,11400,0.83206106870229,1198.1679389313,0.923076923076923,443.076923076923,0.786458333333333,755,4260,600,9240,0.630811936155448,908.369188063845,0.773388773388773,371.226611226611,0.559375,537,3060,540,10440,0.651630811936156,938.348369188064,0.831600831600832,399.168399168399,0.561458333333333,539,1380,300,15360,0.571825121443442,823.428174878557,0.771309771309771,370.22869022869,0.471875,453,900,300,17700,0.551700208188758,794.448299791811,0.650727650727651,312.349272349272,0.502083333333333,482,12.8333333333333,38.5064935064935,32.3333333333333,28.4329896907217
"2026-05-02 09:00:00|Monitor32.txt|18",18,"2026-05-02 09:00:00|Monitor32.txt",2026-05-02T09:00:00Z,2026-05-08T09:30:00Z,"OK","M","DGRP69","21.5C","Winter","NA","08:12","M32","Batch31_DGRP",0.777456312926745,1119.53709061451,0.607427976397084,291.565428670601,0.8625,828,0,3480,38760,0.77029840388619,1109.22970159611,0.711018711018711,341.288981288981,0.8,768,1200,300,40500,0.900069396252602,1296.09993060375,0.796257796257796,382.203742203742,0.952083333333333,914,5220,420,36120,0.854267869535045,1230.14573213047,0.744282744282744,357.255717255717,0.909375,873,120,1320,35700,0.834142956280361,1201.16585704372,0.756756756756757,363.243243243243,0.872916666666667,838,480,300,43920,0.636363636363636,916.363636363636,0.261954261954262,125.738045738046,0.823958333333333,791,2640,300,42960,0.667591950034698,961.332408049965,0.37006237006237,177.629937629938,0.816666666666667,784,18,25.8518518518519,18.1666666666667,52.4036697247706
"2026-05-02 09:00:00|Monitor32.txt|20",20,"2026-05-02 09:00:00|Monitor32.txt",2026-05-02T09:00:00Z,2026-05-08T09:30:00Z,"OK","M","DGRP69","21.5C","Winter","NA","08:12","M32","Batch31_DGRP",0.77838213169772,1120.87026964472,0.814300590072891,390.864283234988,0.760416666666667,730,2700,300,45720,0.69882026370576,1006.30117973629,0.64033264033264,307.359667359667,0.728125,699,1380,3180,45720,0.768910478834143,1107.23108952117,0.873180873180873,419.126819126819,0.716666666666667,688,900,720,41040,0.755031228313671,1087.24496877169,0.783783783783784,376.216216216216,0.740625,711,2340,780,44280,0.77029840388619,1109.22970159611,0.893970893970894,429.106029106029,0.708333333333333,680,840,600,40680,0.765440666204025,1102.2345593338,0.814968814968815,391.185031185031,0.740625,711,360,360,39360,0.909784871616933,1310.09021512838,0.873180873180873,419.126819126819,0.928125,891,13.1666666666667,36.6582278481013,25.3333333333333,37.0131578947368
"2026-05-02 09:00:00|Monitor32.txt|23",23,"2026-05-02 09:00:00|Monitor32.txt",2026-05-02T09:00:00Z,2026-05-08T09:30:00Z,"OK","M","DGRP69","21.5C","Winter","NA","08:12","M32","Batch31_DGRP",0.593797014234464,855.067700497628,0.778549114890663,373.703575147518,0.501388888888889,481.333333333333,0,300,9360,0.684247050659264,985.315752949341,0.893970893970894,429.106029106029,0.579166666666667,556,600,720,4320,0.653712699514226,941.346287300486,0.914760914760915,439.085239085239,0.522916666666667,502,2280,300,12180,0.532963219986121,767.467036780014,0.831600831600832,399.168399168399,0.383333333333333,368,1140,360,48900,0.541290770298404,779.458709229702,0.681912681912682,327.318087318087,0.470833333333333,452,1560,300,45780,0.599583622484386,863.400416377516,0.711018711018711,341.288981288981,0.54375,522,1200,300,46860,0.551006245662734,793.448993754337,0.636174636174636,305.363825363825,0.508333333333333,488,13.1666666666667,37.4556962025317,34.6666666666667,26.7355769230769
"2026-05-02 09:00:00|Monitor32.txt|26",26,"2026-05-02 09:00:00|Monitor32.txt",2026-05-02T09:00:00Z,2026-05-08T09:30:00Z,"OK","M","DGRP69","21.5C","Winter","NA","08:12","M32","Batch31_DGRP",0.786367318597385,1132.36893878023,0.70426935091982,338.049288441513,0.827430555555556,794.333333333333,2160,1440,49740,0.82234559333796,1184.17765440666,0.748440748440749,359.251559251559,0.859375,825,3480,780,60480,0.929215822345593,1338.07078417765,0.846153846153846,406.153846153846,0.970833333333333,932,1680,1200,40200,0.84941013185288,1223.15058986815,0.731808731808732,351.268191268191,0.908333333333333,872,4320,300,43140,0.748785565579459,1078.25121443442,0.681912681912682,327.318087318087,0.782291666666667,751,540,420,51420,0.696738376127689,1003.30326162387,0.648648648648649,311.351351351351,0.720833333333333,692,2880,300,44520,0.670367800138792,965.329632199861,0.565488565488566,271.434511434512,0.722916666666667,694,17.5,26.9523809523809,14.8333333333333,63.8314606741573
"2026-05-02 09:00:00|Monitor32.txt|28",28,"2026-05-02 09:00:00|Monitor32.txt",2026-05-02T09:00:00Z,2026-05-08T09:30:00Z,"OK","M","DGRP69","21.5C","Winter","NA","08:12","M32","Batch31_DGRP",0.762874667283879,1098.53952088879,0.634154807358556,304.394307532107,0.827256944444445,794.166666666667,0,4380,39900,0.864677307425399,1245.13532269257,0.875259875259875,420.12474012474,0.859375,825,4560,3180,39780,0.960444136016655,1383.03955586398,0.991683991683992,476.008316008316,0.944791666666667,907,1680,2640,34860,0.825121443442054,1188.17487855656,0.62993762993763,302.370062370062,0.922916666666667,886,2220,1920,73980,0.628036086051353,904.371963913949,0.376299376299376,180.623700623701,0.754166666666667,724,480,1020,44700,0.676613462873005,974.323386537127,0.46985446985447,225.530145530146,0.780208333333333,749,10260,360,44400,0.623178348369188,897.376821651631,0.465696465696466,223.534303534304,0.702083333333333,674,21,22.1031746031746,18.5,51.4954954954955
"2026-05-02 09:00:00|Monitor32.txt|29",29,"2026-05-02 09:00:00|Monitor32.txt",2026-05-02T09:00:00Z,2026-05-08T09:30:00Z,"OK","M","DGRP69","21.5C","Winter","NA","08:12","M32","Batch31_DGRP",0.641823862978822,924.226362689503,0.583130857341201,279.902811523776,0.671180555555556,644.333333333333,0,360,48180,0.662734212352533,954.337265787647,0.750519750519751,360.24948024948,0.61875,594,480,300,34800,0.746009715475364,1074.25399028452,0.648648648648649,311.351351351351,0.794791666666667,763,4740,2400,42360,0.696044413601666,1002.3039555864,0.69022869022869,331.309771309771,0.698958333333333,671,7920,300,43560,0.52116585704372,750.478834142956,0.432432432432432,207.567567567568,0.565625,543,11100,420,43560,0.597501734906315,860.402498265094,0.43035343035343,206.569646569647,0.68125,654,360,420,44220,0.625954198473283,901.374045801527,0.542619542619543,260.45738045738,0.667708333333333,641,17.6666666666667,23.7358490566038,24.1666666666667,41.4620689655172
"2026-05-02 09:00:00|Monitor32.txt|30",30,"2026-05-02 09:00:00|Monitor32.txt",2026-05-02T09:00:00Z,2026-05-08T09:30:00Z,"OK","M","DGRP69","21.5C","Winter","NA","08:12","M32","Batch31_DGRP",0.599236199513945,862.900127300081,0.563693162096494,270.572717806317,0.617013888888889,592.333333333333,0,2520,60900,0.7529493407356,1084.24705065926,0.891891891891892,428.108108108108,0.683333333333333,656,60,660,54840,0.648854961832061,934.351145038168,0.650727650727651,312.349272349272,0.647916666666667,622,900,300,48840,0.510756419153366,735.489243580847,0.534303534303534,256.465696465697,0.498958333333333,479,1080,360,50700,0.475364330326162,684.524635669674,0.397089397089397,190.602910602911,0.514583333333333,494,12960,540,52140,0.572519083969466,824.427480916031,0.438669438669439,210.561330561331,0.639583333333333,614,9540,480,49020,0.632893823733518,911.367106176267,0.463617463617464,222.536382536383,0.717708333333333,689,24.3333333333333,17.1712328767123,35,28.1666666666667
"2026-05-02 09:00:00|Monitor32.txt|32",32,"2026-05-02 09:00:00|Monitor32.txt",2026-05-02T09:00:00Z,2026-05-08T09:30:00Z,"OK","M","DGRP69","21.5C","Winter","NA","08:12","M32","Batch31_DGRP",0.657562782085407,946.890406202986,0.556404026379729,267.07393266227,0.708159722222222,679.833333333333,1860,360,50520,0.510062456627342,734.489937543373,0.561330561330561,269.43866943867,0.484375,465,420,300,64560,0.653018736988203,940.346981263012,0.648648648648649,311.351351351351,0.655208333333333,629,12900,1440,43740,0.639833448993754,921.360166551006,0.505197505197505,242.494802494803,0.707291666666667,679,8760,420,43080,0.695350451075642,1001.30464954892,0.461538461538462,221.538461538462,0.8125,780,11040,300,43260,0.666204024982651,959.333795975017,0.544698544698545,261.455301455301,0.727083333333333,698,1980,600,42540,0.779319916724497,1122.22068008328,0.613305613305613,294.386694386694,0.8625,828,18.1666666666667,21.7614678899083,14.3333333333333,71.453488372093
"2026-05-02 09:00:00|Monitor33.txt|02",2,"2026-05-02 09:00:00|Monitor33.txt",2026-05-02T09:00:00Z,2026-05-08T09:30:00Z,"OK","M","DGRP217","21.5C","Winter","NA","08:12","M33","Batch31_DGRP",0.529684064344405,762.745052655943,0.156542867060049,75.1405761888233,0.716319444444444,687.666666666667,0,1380,62700,0.604441360166551,870.395558639834,0.212058212058212,101.787941787942,0.801041666666667,769,13800,300,62820,0.538514920194309,775.461485079806,0.103950103950104,49.8960498960499,0.75625,726,5700,420,54360,0.551700208188758,794.448299791811,0.37006237006237,177.629937629938,0.642708333333333,617,5340,360,58680,0.480916030534351,692.519083969466,0.0332640332640333,15.966735966736,0.705208333333333,677,960,300,58200,0.550312283136711,792.449687716863,0.108108108108108,51.8918918918919,0.771875,741,360,780,35760,0.451075641915337,649.548924358085,0.112266112266112,53.8877338877339,0.620833333333333,596,16,27.6354166666667,25,39.06
"2026-05-02 09:00:00|Monitor33.txt|03",3,"2026-05-02 09:00:00|Monitor33.txt",2026-05-02T09:00:00Z,2026-05-08T09:30:00Z,"OK","M","DGRP217","21.5C","Winter","NA","08:12","M33","Batch31_DGRP",0.636500405045712,916.560583265826,0.410968413745227,197.264838597709,0.749305555555556,719.333333333333,3300,480,42780,0.779319916724497,1122.22068008328,0.719334719334719,345.280665280665,0.809375,777,9600,1080,52860,0.662734212352533,954.337265787647,0.401247401247401,192.598752598753,0.79375,762,4800,480,67680,0.614156835530881,884.385843164469,0.336798336798337,161.663201663202,0.753125,723,5160,420,52080,0.587092297015961,845.412907702984,0.311850311850312,149.68814968815,0.725,696,2640,540,39840,0.606523247744622,873.393476752255,0.392931392931393,188.607068607069,0.713541666666667,685,2340,300,61500,0.568355308813324,818.431644691187,0.303534303534304,145.696465696466,0.701041666666667,673,27,16.6975308641975,37,25.8783783783784
"2026-05-02 09:00:00|Monitor33.txt|05",5,"2026-05-02 09:00:00|Monitor33.txt",2026-05-02T09:00:00Z,2026-05-08T09:30:00Z,"OK","M","DGRP217","21.5C","Winter","NA","08:12","M33","Batch31_DGRP",0.569031362110867,819.405161439648,0.351266921207914,168.608122179799,0.677951388888889,650.833333333333,480,1080,38760,0.761276891047884,1096.23872310895,0.486486486486487,233.513513513514,0.898958333333333,863,2160,1020,36360,0.725190839694657,1044.27480916031,0.461538461538462,221.538461538462,0.857291666666667,823,4440,1140,40440,0.600971547536433,865.399028452464,0.525987525987526,252.474012474012,0.638541666666667,613,1500,600,80580,0.551006245662734,793.448993754337,0.257796257796258,123.742203742204,0.697916666666667,670,4620,300,39060,0.293546148507981,422.706453851492,0.162162162162162,77.8378378378378,0.359375,345,4020,1320,59340,0.481609993060375,693.51839000694,0.214137214137214,102.785862785863,0.615625,591,19,23.8157894736842,30.1666666666667,32.1325966850829
"2026-05-02 09:00:00|Monitor33.txt|06",6,"2026-05-02 09:00:00|Monitor33.txt",2026-05-02T09:00:00Z,2026-05-08T09:30:00Z,"OK","M","DGRP217","21.5C","Winter","NA","08:12","M33","Batch31_DGRP",0.794583960189793,1144.2009026733,0.589725789656369,283.068379035057,0.897048611111111,861.166666666667,0,2460,55320,0.867453157529493,1249.13254684247,0.758835758835759,364.241164241164,0.921875,885,3480,900,71940,0.856349757113116,1233.14365024289,0.704781704781705,338.295218295218,0.932291666666667,895,720,1260,68820,0.790423317140875,1138.20957668286,0.604989604989605,290.39501039501,0.883333333333333,848,1620,1740,53580,0.766828591256072,1104.23317140874,0.561330561330561,269.43866943867,0.869791666666667,835,4860,840,66600,0.752255378209577,1083.24774462179,0.486486486486487,233.513513513514,0.885416666666667,850,3780,300,54780,0.734906315058987,1058.26509368494,0.426195426195426,204.573804573805,0.889583333333333,854,28.1666666666667,15.2721893491124,20.3333333333333,47.8032786885246
"2026-05-02 09:00:00|Monitor33.txt|07",7,"2026-05-02 09:00:00|Monitor33.txt",2026-05-02T09:00:00Z,2026-05-08T09:30:00Z,"OK","M","DGRP217","21.5C","Winter","NA","08:12","M33","Batch31_DGRP",0.488485129035991,703.418585811827,0.111766747657064,53.6480388753905,0.676909722222222,649.833333333333,780,1200,37680,0.650936849410132,937.34906315059,0.32016632016632,153.679833679834,0.816666666666667,784,20220,360,61320,0.428174878556558,616.571825121444,0.0602910602910603,28.9397089397089,0.6125,588,9240,360,50760,0.458015267175573,659.541984732825,0.0332640332640333,15.966735966736,0.670833333333333,644,2700,300,37080,0.460791117279667,663.53920888272,0.0810810810810811,38.9189189189189,0.651041666666667,625,13380,300,64920,0.490631505898682,706.509368494101,0.0914760914760915,43.9085239085239,0.690625,663,600,360,37080,0.440666204024983,634.559333795975,0.0831600831600832,39.9168399168399,0.619791666666667,595,12.3333333333333,31.6216216216216,41.3333333333333,24.616935483871
"2026-05-02 09:00:00|Monitor33.txt|08",8,"2026-05-02 09:00:00|Monitor33.txt",2026-05-02T09:00:00Z,2026-05-08T09:30:00Z,"OK","M","DGRP217","21.5C","Winter","NA","08:12","M33","Batch31_DGRP",0.584538826524708,841.735910195579,0.489066296424853,234.751822283929,0.632291666666667,607,2160,480,53040,0.58292852185982,839.41707147814,0.395010395010395,189.60498960499,0.677083333333333,650,4260,840,10080,0.683553088133241,984.316446911867,0.638253638253638,306.361746361746,0.70625,678,420,1080,42300,0.632199861207495,910.367800138792,0.563409563409563,270.43659043659,0.666666666666667,640,4320,300,62880,0.611380985426787,880.388619014573,0.349272349272349,167.650727650728,0.742708333333333,713,4260,600,11400,0.482997918112422,695.517002081888,0.434511434511435,208.565488565489,0.507291666666667,487,4140,720,8340,0.514226231783484,740.485773768217,0.555093555093555,266.444906444906,0.49375,474,14.5,33.6781609195402,42.5,21.7529411764706
"2026-05-02 09:00:00|Monitor33.txt|09",9,"2026-05-02 09:00:00|Monitor33.txt",2026-05-02T09:00:00Z,2026-05-08T09:30:00Z,"OK","M","DGRP217","21.5C","Winter","NA","08:12","M33","Batch31_DGRP",0.592292558731628,852.901284573545,0.479347448802499,230.0867754252,0.648784722222222,622.833333333333,0,1020,17100,0.658570437196391,948.341429562804,0.69022869022869,331.309771309771,0.642708333333333,617,4200,1680,18360,0.73351839000694,1056.26648160999,0.762993762993763,366.237006237006,0.71875,690,840,300,64440,0.589174184594032,848.410825815406,0.40956340956341,196.590436590437,0.679166666666667,652,180,1080,73440,0.566967383761277,816.433032616239,0.413721413721414,198.586278586279,0.64375,618,4920,360,55200,0.499653018736988,719.500346981263,0.286902286902287,137.713097713098,0.60625,582,4920,480,47280,0.504510756419153,726.495489243581,0.30977130977131,148.690228690229,0.602083333333333,578,27.6666666666667,16.1807228915663,42.8333333333333,22.1400778210117
"2026-05-02 09:00:00|Monitor33.txt|10",10,"2026-05-02 09:00:00|Monitor33.txt",2026-05-02T09:00:00Z,2026-05-08T09:30:00Z,"OK","M","DGRP217","21.5C","Winter","NA","08:12","M33","Batch31_DGRP",0.593912741580836,855.234347876403,0.359250260326276,172.440124956612,0.711284722222222,682.833333333333,120,660,49260,0.718945176960444,1035.28105482304,0.523908523908524,251.476091476092,0.816666666666667,784,1980,480,40500,0.636363636363636,916.363636363636,0.417879417879418,200.582120582121,0.745833333333333,716,2820,300,63540,0.600277585010409,864.39972241499,0.46985446985447,225.530145530146,0.665625,639,3180,300,34740,0.464954892435809,669.535045107564,0.151767151767152,72.8482328482329,0.621875,597,2640,300,39060,0.598889659958362,862.401110340042,0.343035343035343,164.656964656965,0.727083333333333,698,960,360,36420,0.542678695350451,781.45732130465,0.247401247401247,118.752598752599,0.690625,663,28.1666666666667,16.0236686390533,27.3333333333333,35.4939024390244
"2026-05-02 09:00:00|Monitor33.txt|13",13,"2026-05-02 09:00:00|Monitor33.txt",2026-05-02T09:00:00Z,2026-05-08T09:30:00Z,"OK","M","DGRP217","21.5C","Winter","NA","08:12","M33","Batch31_DGRP",0.715426455271381,1030.21409559079,0.536966331135023,257.743838944811,0.8046875,772.5,0,1680,42000,0.804302567661346,1158.19569743234,0.756756756756757,363.243243243243,0.828125,795,540,4260,39960,0.725190839694657,1044.27480916031,0.700623700623701,336.299376299376,0.7375,708,840,1560,57360,0.719639139486468,1036.28036086051,0.58004158004158,278.419958419958,0.789583333333333,758,600,420,73980,0.673143650242887,969.326856349757,0.32016632016632,153.679833679834,0.85,816,5280,360,66120,0.648160999306037,933.351839000694,0.374220374220374,179.62577962578,0.785416666666667,754,4200,2100,44040,0.720333102012491,1037.27966689799,0.486486486486487,233.513513513514,0.8375,804,26.3333333333333,17.3417721518987,32.3333333333333,29.180412371134
"2026-05-02 09:00:00|Monitor33.txt|14",14,"2026-05-02 09:00:00|Monitor33.txt",2026-05-02T09:00:00Z,2026-05-08T09:30:00Z,"OK","M","DGRP217","21.5C","Winter","NA","08:12","M33","Batch31_DGRP",0.480384214789955,691.753269297535,0.21450885109337,102.964248524818,0.613368055555556,588.833333333333,0,4200,67560,0.639833448993754,921.360166551006,0.482328482328482,231.517671517672,0.71875,690,120,660,45660,0.351145038167939,505.648854961832,0.133056133056133,63.8669438669439,0.460416666666667,442,4560,480,70380,0.38029146426093,547.619708535739,0.282744282744283,135.717255717256,0.429166666666667,412,5880,300,62400,0.45940319222762,661.540596807773,0.0436590436590437,20.956340956341,0.667708333333333,641,0,660,75540,0.474670367800139,683.5253296322,0.124740124740125,59.8752598752599,0.65,624,240,600,35700,0.577376821651631,831.422623178349,0.224532224532225,107.775467775468,0.754166666666667,724,17,28.2647058823529,25.1666666666667,37.3311258278146
"2026-05-02 09:00:00|Monitor33.txt|16",16,"2026-05-02 09:00:00|Monitor33.txt",2026-05-02T09:00:00Z,2026-05-08T09:30:00Z,"OK","M","DGRP217","21.5C","Winter","NA","08:12","M33","Batch31_DGRP",0.597037379932878,859.733827103345,0.261714682401944,125.623047552933,0.764756944444445,734.166666666667,420,3840,54900,0.682165163081194,982.317834836919,0.484407484407485,232.515592515593,0.78125,750,4140,360,37980,0.593337959750174,854.40666204025,0.218295218295218,104.781704781705,0.78125,750,2160,1740,34200,0.563497571131159,811.436502428869,0.168399168399168,80.8316008316008,0.761458333333333,731,1680,2700,50460,0.589174184594032,848.410825815406,0.282744282744283,135.717255717256,0.742708333333333,713,420,360,51540,0.583622484385843,840.416377515614,0.195426195426195,93.8045738045738,0.778125,747,1320,2640,45540,0.571131158917419,822.428868841083,0.226611226611227,108.773388773389,0.74375,714,17.3333333333333,29.875,27.3333333333333,33.2134146341463
"2026-05-02 09:00:00|Monitor33.txt|17",17,"2026-05-02 09:00:00|Monitor33.txt",2026-05-02T09:00:00Z,2026-05-08T09:30:00Z,"OK","M","DGRP217","21.5C","Winter","NA","08:12","M33","Batch31_DGRP",0.639046406665895,920.226825598889,0.503644567858383,241.749392572024,0.706770833333333,678.5,6360,300,10020,0.620402498265094,893.379597501735,0.584199584199584,280.4158004158,0.638541666666667,613,900,540,38220,0.659264399722415,949.340735600278,0.548856548856549,263.451143451143,0.714583333333333,686,4440,1440,35340,0.616238723108952,887.383761276891,0.444906444906445,213.555093555094,0.702083333333333,674,4380,300,60420,0.6294240111034,906.370575988897,0.455301455301455,218.544698544699,0.716666666666667,688,7020,300,54180,0.582234559333796,838.417765440666,0.432432432432432,207.567567567568,0.657291666666667,631,1320,360,66840,0.725190839694657,1044.27480916031,0.553014553014553,265.446985446986,0.811458333333333,779,25.8333333333333,17.4903225806452,43,22.2403100775194
"2026-05-02 09:00:00|Monitor33.txt|18",18,"2026-05-02 09:00:00|Monitor33.txt",2026-05-02T09:00:00Z,2026-05-08T09:30:00Z,"OK","M","DGRP217","21.5C","Winter","NA","08:12","M33","Batch31_DGRP",0.581877097558153,837.90302048374,0.327316903852829,157.112113849358,0.709201388888889,680.833333333333,600,1440,65340,0.702984038861901,1012.29701596114,0.471933471933472,226.528066528067,0.81875,786,840,3480,34440,0.789729354614851,1137.21027064539,0.58004158004158,278.419958419958,0.894791666666667,859,660,480,35040,0.598195697432339,861.401804302568,0.355509355509356,170.644490644491,0.719791666666667,691,3840,300,65880,0.473976405274115,682.526023594726,0.234927234927235,112.765072765073,0.59375,570,3300,1200,61320,0.381679389312977,549.618320610687,0.164241164241164,78.8357588357588,0.490625,471,3600,360,35760,0.544066620402498,783.455933379598,0.158004158004158,75.8419958419959,0.7375,708,20.1666666666667,23.0909090909091,29.3333333333333,32.5
"2026-05-02 09:00:00|Monitor33.txt|19",19,"2026-05-02 09:00:00|Monitor33.txt",2026-05-02T09:00:00Z,2026-05-08T09:30:00Z,"OK","M","DGRP217","21.5C","Winter","NA","08:12","M33","Batch31_DGRP",0.466844115264437,672.255525980789,0.471364109684138,226.254772648386,0.464583333333333,446,1740,660,9540,0.782095766828591,1126.21790423317,0.831600831600832,399.168399168399,0.757291666666667,727,240,480,37740,0.600277585010409,864.39972241499,0.67983367983368,326.320166320166,0.560416666666667,538,9840,420,50880,0.378209576682859,544.621790423317,0.392931392931393,188.607068607069,0.370833333333333,356,13440,600,45480,0.301873698820264,434.69812630118,0.214137214137214,102.785862785863,0.345833333333333,332,1800,360,8580,0.315058986814712,453.684941013185,0.318087318087318,152.681912681913,0.313541666666667,301,8100,420,43980,0.421929215822346,607.578070784178,0.386694386694387,185.613305613306,0.439583333333333,422,20.1666666666667,19.8181818181818,41.1666666666667,24.4493927125506
"2026-05-02 09:00:00|Monitor33.txt|21",21,"2026-05-02 09:00:00|Monitor33.txt",2026-05-02T09:00:00Z,2026-05-08T09:30:00Z,"OK","M","DGRP217","21.5C","Winter","NA","08:12","M33","Batch31_DGRP",0.587316282837635,845.735447286194,0.384935786185352,184.769177368969,0.688541666666667,661,0,960,36300,0.817487855655795,1177.18251214434,0.744282744282744,357.255717255717,0.854166666666667,820,1260,480,22200,0.810548230395559,1167.1894517696,0.72972972972973,350.27027027027,0.851041666666667,817,9180,420,40740,0.467036780013879,672.532963219986,0.278586278586279,133.721413721414,0.561458333333333,539,5460,480,38820,0.501734906315059,722.498265093685,0.158004158004158,75.8419958419959,0.673958333333333,647,300,420,48960,0.519083969465649,747.480916030534,0.247401247401247,118.752598752599,0.655208333333333,629,3840,1080,58440,0.40735600277585,586.592643997224,0.151767151767152,72.8482328482329,0.535416666666667,514,20.1666666666667,23.0661157024793,33.6666666666667,28.1188118811881
"2026-05-02 09:00:00|Monitor33.txt|22",22,"2026-05-02 09:00:00|Monitor33.txt",2026-05-02T09:00:00Z,2026-05-08T09:30:00Z,"OK","M","DGRP217","21.5C","Winter","NA","08:12","M33","Batch31_DGRP",0.735215831500984,1058.71079736142,0.72509545296772,348.045817424505,0.740277777777778,710.666666666667,300,960,40260,0.786259541984733,1132.21374045802,0.837837837837838,402.162162162162,0.760416666666667,730,780,360,4680,0.646079111727967,930.353920888272,0.713097713097713,342.286902286902,0.6125,588,1200,360,55980,0.727966689798751,1048.2720333102,0.750519750519751,360.24948024948,0.716666666666667,688,1260,3060,42240,0.741151977793199,1067.25884802221,0.760914760914761,365.239085239085,0.73125,702,2580,300,38280,0.775850104094379,1117.22414989591,0.609147609147609,292.390852390852,0.859375,825,660,360,42600,0.732824427480916,1055.26717557252,0.675675675675676,324.324324324324,0.761458333333333,731,19.3333333333333,24.0689655172414,30.8333333333333,30.6648648648649
"2026-05-02 09:00:00|Monitor33.txt|23",23,"2026-05-02 09:00:00|Monitor33.txt",2026-05-02T09:00:00Z,2026-05-08T09:30:00Z,"OK","M","DGRP217","21.5C","Winter","NA","08:12","M33","Batch31_DGRP",0.566369633144312,815.572271727809,0.455397431447414,218.590767094759,0.621875,597,240,300,60960,0.705759888965996,1016.29424011103,0.686070686070686,329.313929313929,0.715625,687,2160,1320,15060,0.668285912560722,962.331714087439,0.760914760914761,365.239085239085,0.621875,597,480,1080,4260,0.634281748785566,913.365718251214,0.582120582120582,279.417879417879,0.660416666666667,634,2460,360,40020,0.446217904233171,642.553782095767,0.172557172557173,82.8274428274428,0.583333333333333,560,1080,300,61740,0.492019430950729,708.507980569049,0.288981288981289,138.711018711019,0.59375,570,1920,300,46140,0.450381679389313,648.549618320611,0.239085239085239,114.760914760915,0.55625,534,24.3333333333333,19.1917808219178,44.8333333333333,20.8736059479554
"2026-05-02 09:00:00|Monitor33.txt|24",24,"2026-05-02 09:00:00|Monitor33.txt",2026-05-02T09:00:00Z,2026-05-08T09:30:00Z,"OK","M","DGRP217","21.5C","Winter","NA","08:12","M33","Batch31_DGRP",0.410021988195811,590.431663001967,0.380423464074974,182.603262755987,0.424826388888889,407.833333333333,0,4200,66660,0.653712699514226,941.346287300486,0.821205821205821,394.178794178794,0.569791666666667,547,3540,540,9960,0.491325468424705,707.508674531575,0.596673596673597,286.403326403326,0.438541666666667,421,4680,540,53100,0.31852879944483,458.681471200555,0.274428274428274,131.725571725572,0.340625,327,4920,420,44940,0.426786953504511,614.573213046495,0.27027027027027,129.72972972973,0.505208333333333,485,2880,360,70560,0.176960444136017,254.823039555864,0.0665280665280665,31.9334719334719,0.232291666666667,223,4380,480,74940,0.391394864677307,563.608605135323,0.24948024948025,119.75051975052,0.4625,444,23.3333333333333,20.2428571428571,27,35.0740740740741
"2026-05-02 09:00:00|Monitor33.txt|26",26,"2026-05-02 09:00:00|Monitor33.txt",2026-05-02T09:00:00Z,2026-05-08T09:30:00Z,"OK","M","DGRP217","21.5C","Winter","NA","08:12","M33","Batch31_DGRP",0.733711375998148,1056.54438143733,0.533495314127039,256.077750780979,0.833854166666667,800.5,0,2820,63480,0.79528105482304,1145.20471894518,0.586278586278586,281.413721413721,0.9,864,2460,300,33660,0.818875780707842,1179.18112421929,0.781704781704782,375.218295218295,0.8375,804,0,1860,33780,0.784177654406662,1129.21582234559,0.594594594594595,285.405405405405,0.879166666666667,844,420,1440,56700,0.72588480222068,1045.27411519778,0.64033264033264,307.359667359667,0.76875,738,960,360,60660,0.648854961832061,934.351145038168,0.322245322245322,154.677754677755,0.8125,780,180,420,67080,0.6294240111034,906.370575988897,0.278586278586279,133.721413721414,0.805208333333333,773,22.5,21.3333333333333,31,29.5806451612903
"2026-05-02 09:00:00|Monitor33.txt|27",27,"2026-05-02 09:00:00|Monitor33.txt",2026-05-02T09:00:00Z,2026-05-08T09:30:00Z,"OK","M","DGRP217","21.5C","Winter","NA","08:12","M33","Batch31_DGRP",0.535817613702118,771.57736373105,0.442554668517876,212.42624088858,0.582465277777778,559.166666666667,0,1440,59640,0.65440666204025,942.34559333796,0.513513513513514,246.486486486487,0.725,696,4620,420,65520,0.529493407356003,762.470506592644,0.494802494802495,237.505197505198,0.546875,525,420,840,36000,0.528799444829979,761.47120055517,0.453222453222453,217.546777546778,0.566666666666667,544,4860,600,53880,0.520471894517696,749.479528105482,0.438669438669439,210.561330561331,0.561458333333333,539,7320,300,63720,0.538514920194309,775.461485079806,0.397089397089397,190.602910602911,0.609375,585,7740,360,40680,0.44205412907703,636.557945870923,0.355509355509356,170.644490644491,0.485416666666667,466,26.6666666666667,15.6375,37.3333333333333,26.7455357142857
"2026-05-02 09:00:00|Monitor33.txt|29",29,"2026-05-02 09:00:00|Monitor33.txt",2026-05-02T09:00:00Z,2026-05-08T09:30:00Z,"OK","M","DGRP217","21.5C","Winter","NA","08:12","M33","Batch31_DGRP",0.65004050457123,936.058326582572,0.464074973967373,222.755987504339,0.743055555555556,713.333333333333,0,660,61020,0.799444829979181,1151.20055517002,0.72972972972973,350.27027027027,0.834375,801,420,660,34200,0.693962526023595,999.306037473976,0.511434511434512,245.488565488566,0.785416666666667,754,4500,1200,43560,0.607217210270645,874.392782789729,0.403326403326403,193.596673596674,0.709375,681,4500,1200,59160,0.585704371963914,843.414295628036,0.35966735966736,172.640332640333,0.698958333333333,671,3360,360,35400,0.607217210270645,874.392782789729,0.399168399168399,191.600831600832,0.711458333333333,683,3960,660,60600,0.605135322692575,871.394864677307,0.378378378378378,181.621621621622,0.71875,690,24.8333333333333,17.8053691275168,34.3333333333333,28.1165048543689
"2026-05-02 09:00:00|Monitor33.txt|30",30,"2026-05-02 09:00:00|Monitor33.txt",2026-05-02T09:00:00Z,2026-05-08T09:30:00Z,"OK","M","DGRP217","21.5C","Winter","NA","08:12","M33","Batch31_DGRP",0.54958916792038,791.408401805347,0.489760499826449,235.085039916696,0.579513888888889,556.333333333333,0,1740,49320,0.650242886884108,936.349757113116,0.567567567567568,272.432432432432,0.691666666666667,664,0,2280,73500,0.457321304649549,658.542678695351,0.66943866943867,321.330561330561,0.351041666666667,337,6600,1260,40200,0.675225537820958,972.324774462179,0.594594594594595,285.405405405405,0.715625,687,6840,360,71160,0.643997224149896,927.35600277585,0.590436590436591,283.409563409563,0.670833333333333,644,6060,420,69720,0.42470506592644,611.575294934074,0.278586278586279,133.721413721414,0.497916666666667,478,4860,540,60600,0.445523941707148,641.554476058293,0.237006237006237,113.762993762994,0.55,528,20.3333333333333,20.2049180327869,29.1666666666667,34.4228571428571
"2026-05-02 09:00:00|Monitor33.txt|32",32,"2026-05-02 09:00:00|Monitor33.txt",2026-05-02T09:00:00Z,2026-05-08T09:30:00Z,"OK","M","DGRP217","21.5C","Winter","NA","08:12","M33","Batch31_DGRP",0.613007753732207,882.731165374378,0.447414092329052,214.758764317945,0.695833333333333,668,0,600,38760,0.796668979875087,1147.20333102013,0.615384615384615,295.384615384615,0.8875,852,60,480,15360,0.657182512144344,946.342817487856,0.553014553014553,265.446985446986,0.709375,681,1500,300,38160,0.573907009021513,826.426092990979,0.446985446985447,214.553014553015,0.6375,612,3060,300,62100,0.532269257460097,766.46773074254,0.301455301455301,144.698544698545,0.647916666666667,622,5100,420,70560,0.535739070090215,771.46426092991,0.353430353430353,169.64656964657,0.627083333333333,602,4560,900,36480,0.580846634281749,836.419153365718,0.411642411642412,197.588357588358,0.665625,639,22.6666666666667,21.6102941176471,33.5,27.4029850746269
"2026-05-02 09:00:00|Monitor34.txt|01",1,"2026-05-02 09:00:00|Monitor34.txt",2026-05-02T09:00:00Z,2026-05-08T09:30:00Z,"OK","M","DGRP335","21.5C","Winter","NA","08:12","M34","Batch31_DGRP",0.776530494155769,1118.20391158431,0.834432488719195,400.527594585213,0.747569444444444,717.666666666667,600,300,67380,0.840388619014573,1210.15961138099,0.823284823284823,395.176715176715,0.848958333333333,815,300,420,33720,0.912560721721027,1314.08743927828,0.821205821205821,394.178794178794,0.958333333333333,920,5100,420,49140,0.842470506592644,1213.15752949341,0.941787941787942,452.058212058212,0.792708333333333,761,1380,300,5520,0.727272727272727,1047.27272727273,0.918918918918919,441.081081081081,0.63125,606,1080,420,10500,0.759888965995836,1094.240111034,0.875259875259875,420.12474012474,0.702083333333333,674,1260,300,74940,0.576682859125607,830.423317140875,0.625779625779626,300.37422037422,0.552083333333333,530,22,21.6287878787879,45,20.4518518518518
"2026-05-02 09:00:00|Monitor34.txt|02",2,"2026-05-02 09:00:00|Monitor34.txt",2026-05-02T09:00:00Z,2026-05-08T09:30:00Z,"OK","M","DGRP335","21.5C","Winter","NA","08:12","M34","Batch31_DGRP",0.91621340122671,1319.34729776646,0.870183963901423,417.688302672683,0.939236111111111,901.666666666667,0,2160,33900,0.94587092297016,1362.05412907703,0.883575883575884,424.116424116424,0.977083333333333,938,1680,2820,33900,0.963913948646773,1388.03608605135,0.954261954261954,458.045738045738,0.96875,930,960,3300,62760,0.960444136016655,1383.03955586398,0.956340956340956,459.043659043659,0.9625,924,120,600,67320,0.893129770992367,1286.10687022901,0.856548856548857,411.143451143451,0.911458333333333,875,3360,600,35340,0.84941013185288,1223.15058986815,0.781704781704782,375.218295218295,0.883333333333333,848,1560,960,37080,0.88410825815406,1273.11589174185,0.787941787941788,378.212058212058,0.932291666666667,895,18,25.0462962962963,19,49.8859649122807
"2026-05-02 09:00:00|Monitor34.txt|07",7,"2026-05-02 09:00:00|Monitor34.txt",2026-05-02T09:00:00Z,2026-05-08T09:30:00Z,"OK","M","DGRP335","21.5C","Winter","NA","08:12","M34","Batch31_DGRP",0.947228330054392,1364.00879527832,0.931620964942728,447.17806317251,0.955034722222222,916.833333333333,0,4260,33240,0.931297709923664,1341.06870229008,0.856548856548857,411.143451143451,0.96875,930,4560,660,48960,0.954198473282443,1374.04580152672,0.941787941787942,452.058212058212,0.960416666666667,922,2760,1620,33180,0.952116585704372,1371.0478834143,0.933471933471933,448.066528066528,0.961458333333333,923,780,1260,33060,0.968771686328938,1395.03122831367,0.931392931392931,447.068607068607,0.9875,948,4440,360,45000,0.976405274115198,1406.02359472588,0.968814968814969,465.031185031185,0.980208333333333,941,900,3060,41040,0.900763358778626,1297.09923664122,0.958419958419958,460.04158004158,0.871875,837,13.3333333333333,33.575,15.6666666666667,61.3191489361702
"2026-05-02 09:00:00|Monitor34.txt|09",9,"2026-05-02 09:00:00|Monitor34.txt",2026-05-02T09:00:00Z,2026-05-08T09:30:00Z,"OK","M","DGRP335","21.5C","Winter","NA","08:12","M34","Batch31_DGRP",0.743548200439764,1070.70940863326,0.754599097535578,362.207566817077,0.738020833333333,708.5,0,1800,34800,0.890353920888272,1282.10964607911,0.931392931392931,447.068607068607,0.869791666666667,835,2880,300,49020,0.703678001387925,1013.29632199861,0.831600831600832,399.168399168399,0.639583333333333,614,1080,300,61320,0.680777238029147,980.319222761971,0.675675675675676,324.324324324324,0.683333333333333,656,2760,780,53820,0.741151977793199,1067.25884802221,0.754677754677755,362.245322245322,0.734375,705,120,360,59100,0.723108952116586,1041.27689104788,0.688149688149688,330.31185031185,0.740625,711,900,780,42780,0.721721027064539,1039.27827897294,0.644490644490645,309.355509355509,0.760416666666667,730,31.3333333333333,14.9468085106383,48.1666666666667,19.0692041522491
"2026-05-02 09:00:00|Monitor34.txt|13",13,"2026-05-02 09:00:00|Monitor34.txt",2026-05-02T09:00:00Z,2026-05-08T09:30:00Z,"OK","M","DGRP335","21.5C","Winter","NA","08:12","M34","Batch31_DGRP",0.911237125332716,1312.18146047911,0.949670253384242,455.841721624436,0.892013888888889,856.333333333333,0,6780,69360,0.90353920888272,1301.09646079112,0.945945945945946,454.054054054054,0.882291666666667,847,2340,720,51720,0.948646773074254,1366.05135322693,0.977130977130977,469.022869022869,0.934375,897,1920,1260,3240,0.886884108258154,1277.11311589174,0.970893970893971,466.029106029106,0.844791666666667,811,300,1080,13680,0.834836918806385,1202.16516308119,0.904365904365904,434.095634095634,0.8,768,4020,3300,7440,0.929215822345593,1338.07078417765,0.910602910602911,437.089397089397,0.938541666666667,901,180,300,10020,0.963913948646773,1388.03608605135,0.987525987525988,474.012474012474,0.952083333333333,914,7.66666666666667,68.0217391304348,24.8333333333333,35.8657718120805
"2026-05-02 09:00:00|Monitor34.txt|17",17,"2026-05-02 09:00:00|Monitor34.txt",2026-05-02T09:00:00Z,2026-05-08T09:30:00Z,"OK","M","DGRP335","21.5C","Winter","NA","08:12","M34","Batch31_DGRP",0.949774331674575,1367.67503761139,0.920166608816383,441.679972231864,0.964583333333333,926,0,1500,36420,0.956280360860513,1377.04371963914,0.887733887733888,426.112266112266,0.990625,951,0,480,40140,0.961832061068702,1385.03816793893,0.93970893970894,451.060291060291,0.972916666666667,934,1320,600,38040,0.972241498959056,1400.02775850104,0.964656964656965,463.035343035343,0.976041666666667,937,1860,1680,35640,0.954892435808466,1375.04510756419,0.912681912681913,438.087318087318,0.976041666666667,937,1140,900,41880,0.960444136016655,1383.03955586398,0.945945945945946,454.054054054054,0.967708333333333,929,600,1920,40440,0.893129770992367,1286.10687022901,0.871101871101871,418.128898128898,0.904166666666667,868,15,32.6444444444445,11.5,80.1304347826087
"2026-05-02 09:00:00|Monitor34.txt|18",18,"2026-05-02 09:00:00|Monitor34.txt",2026-05-02T09:00:00Z,2026-05-08T09:30:00Z,"OK","M","DGRP335","21.5C","Winter","NA","08:12","M34","Batch31_DGRP",0.927438953824789,1335.5120935077,0.951058660187435,456.508156889969,0.915625,879,180,1140,43800,0.959750173490631,1382.04024982651,0.95010395010395,456.049896049896,0.964583333333333,926,1560,480,56100,0.973629424011103,1402.02637057599,0.977130977130977,469.022869022869,0.971875,933,4440,480,64020,0.901457321304649,1298.0985426787,0.977130977130977,469.022869022869,0.863541666666667,829,900,480,33540,0.892435808466343,1285.10756419153,0.916839916839917,440.08316008316,0.880208333333333,845,60,360,33780,0.956280360860513,1377.04371963914,0.920997920997921,442.079002079002,0.973958333333333,935,180,2940,34020,0.880638445523942,1268.11936155448,0.962577962577963,462.037422037422,0.839583333333333,806,11,43.030303030303,24.5,38.0680272108844
"2026-05-02 09:00:00|Monitor34.txt|24",24,"2026-05-02 09:00:00|Monitor34.txt",2026-05-02T09:00:00Z,2026-05-08T09:30:00Z,"OK","M","DGRP335","21.5C","Winter","NA","08:12","M34","Batch31_DGRP",0.921421131813448,1326.84642981136,0.899340506768483,431.683443248872,0.932465277777778,895.166666666667,180,1500,58680,0.929215822345593,1338.07078417765,0.88981288981289,427.110187110187,0.948958333333333,911,240,900,44640,0.943789035392089,1359.05621096461,0.910602910602911,437.089397089397,0.960416666666667,922,1140,1140,34680,0.897293546148508,1292.10270645385,0.887733887733888,426.112266112266,0.902083333333333,866,840,1260,50160,0.907702984038862,1307.09229701596,0.864864864864865,415.135135135135,0.929166666666667,892,1080,780,36420,0.929215822345593,1338.07078417765,0.908523908523908,436.091476091476,0.939583333333333,902,1500,600,36900,0.920194309507287,1325.07980569049,0.931392931392931,447.068607068607,0.914583333333333,878,17.5,26.0952380952381,20.1666666666667,46.6115702479339
"2026-05-02 09:00:00|Monitor35.txt|01",1,"2026-05-02 09:00:00|Monitor35.txt",2026-05-02T09:00:00Z,2026-05-08T09:30:00Z,"OK","M","DGRP361","21.5C","Winter","NA","08:12","M35","Batch31_DGRP",0.72665200786946,1046.37889133202,0.590419993057966,283.401596667824,0.794791666666667,763,0,660,51420,0.738376127689105,1063.26162387231,0.538461538461538,258.461538461539,0.838541666666667,805,1980,2400,36120,0.782095766828591,1126.21790423317,0.719334719334719,345.280665280665,0.813541666666667,781,840,540,58680,0.73560027758501,1059.26439972241,0.540540540540541,259.459459459459,0.833333333333333,800,420,840,65220,0.628730048577377,905.371269951423,0.534303534303534,256.465696465697,0.676041666666667,649,660,1500,39180,0.748785565579459,1078.25121443442,0.598752598752599,287.401247401247,0.823958333333333,791,0,540,60900,0.726578764746704,1046.27342123525,0.613305613305613,294.386694386694,0.783333333333333,752,31.6666666666667,14.5157894736842,39.5,23.620253164557
"2026-05-02 09:00:00|Monitor35.txt|03",3,"2026-05-02 09:00:00|Monitor35.txt",2026-05-02T09:00:00Z,2026-05-08T09:30:00Z,"OK","M","DGRP361","21.5C","Winter","NA","08:12","M35","Batch31_DGRP",0.94653396597616,1363.00891100567,0.92502603262756,444.012495661229,0.957291666666667,919,0,4260,38820,0.960444136016655,1383.03955586398,0.943866943866944,453.056133056133,0.96875,930,4560,2820,61440,0.975017349063151,1404.02498265094,0.966735966735967,464.033264033264,0.979166666666667,940,4320,3960,49560,0.943789035392089,1359.05621096461,0.929313929313929,446.070686070686,0.951041666666667,913,4800,3300,41700,0.925746009715475,1333.07425399028,0.881496881496882,423.118503118503,0.947916666666667,910,1260,1020,57960,0.949340735600278,1367.0506592644,0.935550935550936,449.064449064449,0.95625,918,420,2040,53220,0.925052047189452,1332.07494795281,0.893970893970894,429.106029106029,0.940625,903,12.3333333333333,38.5675675675676,13.1666666666667,70.7594936708861
"2026-05-02 09:00:00|Monitor35.txt|16",16,"2026-05-02 09:00:00|Monitor35.txt",2026-05-02T09:00:00Z,2026-05-08T09:30:00Z,"OK","M","DGRP361","21.5C","Winter","NA","08:12","M35","Batch31_DGRP",0.692280985996991,996.884619835667,0.545990975355779,262.075668170774,0.765451388888889,734.833333333333,0,3120,43200,0.800832755031228,1153.19916724497,0.708939708939709,340.29106029106,0.846875,813,1260,540,34860,0.836918806384455,1205.16308119362,0.67983367983368,326.320166320166,0.915625,879,540,480,43020,0.824427480916031,1187.17557251908,0.66943866943867,321.330561330561,0.902083333333333,866,11580,600,36840,0.65440666204025,942.34559333796,0.43035343035343,206.569646569647,0.766666666666667,736,7260,300,41340,0.591256072172103,851.408743927828,0.417879417879418,200.582120582121,0.678125,651,11100,300,45360,0.444136016655101,639.555863983345,0.365904365904366,175.634095634096,0.483333333333333,464,21.6666666666667,18,23.8333333333333,42.6083916083916
"2026-05-02 09:00:00|Monitor35.txt|20",20,"2026-05-02 09:00:00|Monitor35.txt",2026-05-02T09:00:00Z,2026-05-08T09:30:00Z,"OK","M","DGRP361","21.5C","Winter","NA","08:12","M35","Batch31_DGRP",0.871889827566254,1255.52135169541,0.778202013189865,373.536966331135,0.91875,882,0,3000,61860,0.863289382373352,1243.13671061763,0.742203742203742,356.257796257796,0.923958333333333,887,60,2700,34860,0.83206106870229,1198.1679389313,0.748440748440749,359.251559251559,0.873958333333333,839,0,2040,34020,0.90353920888272,1301.09646079112,0.885654885654886,425.114345114345,0.9125,876,1200,540,33780,0.896599583622484,1291.10340041638,0.821205821205821,394.178794178794,0.934375,897,1920,480,42480,0.889659958362248,1281.11034004164,0.767151767151767,368.232848232848,0.951041666666667,913,7140,300,35400,0.845940319222762,1218.15405968078,0.704781704781705,338.295218295218,0.916666666666667,880,19.8333333333333,23.8067226890756,18.1666666666667,51.8073394495413
"2026-05-02 09:00:00|Monitor35.txt|21",21,"2026-05-02 09:00:00|Monitor35.txt",2026-05-02T09:00:00Z,2026-05-08T09:30:00Z,"OK","M","DGRP361","21.5C","Winter","NA","08:12","M35","Batch31_DGRP",0.891332021756741,1283.51811132971,0.799028115237765,383.533495314127,0.9375,900,0,660,45720,0.827897293546149,1192.17210270645,0.721413721413721,346.278586278586,0.88125,846,360,2940,59460,0.893129770992367,1286.10687022901,0.771309771309771,370.22869022869,0.954166666666667,916,600,660,62820,0.890353920888272,1282.10964607911,0.777546777546778,373.222453222453,0.946875,909,1740,2700,34440,0.890353920888272,1282.10964607911,0.798336798336798,383.201663201663,0.936458333333333,899,180,2940,60000,0.929215822345593,1338.07078417765,0.88981288981289,427.110187110187,0.948958333333333,911,480,300,59220,0.916724496877169,1320.08327550312,0.835758835758836,401.164241164241,0.957291666666667,919,22.8333333333333,20.2992700729927,18.5,50.5405405405406
"2026-05-02 09:00:00|Monitor35.txt|22",22,"2026-05-02 09:00:00|Monitor35.txt",2026-05-02T09:00:00Z,2026-05-08T09:30:00Z,"OK","M","DGRP361","21.5C","Winter","NA","08:12","M35","Batch31_DGRP",0.765536396250434,1102.37241060063,0.651509892398473,312.724748351267,0.822569444444445,789.666666666667,2100,1140,44400,0.795975017349063,1146.20402498265,0.721413721413721,346.278586278586,0.833333333333333,800,2880,1500,38100,0.757113115891742,1090.24288688411,0.58004158004158,278.419958419958,0.845833333333333,812,1440,960,38400,0.729354614850798,1050.27064538515,0.476091476091476,228.523908523909,0.85625,822,2940,1920,74880,0.731436502428869,1053.26856349757,0.553014553014553,265.446985446986,0.820833333333333,788,60,300,37260,0.79736294240111,1148.2026370576,0.785862785862786,377.214137214137,0.803125,771,1080,300,37440,0.781401804302568,1125.2185981957,0.792099792099792,380.2079002079,0.776041666666667,745,24.6666666666667,18.222972972973,22.5,42.6
"2026-05-02 09:00:00|Monitor35.txt|27",27,"2026-05-02 09:00:00|Monitor35.txt",2026-05-02T09:00:00Z,2026-05-08T09:30:00Z,"OK","M","DGRP361","21.5C","Winter","NA","08:12","M35","Batch31_DGRP",0.740770744126837,1066.70987154265,0.657063519611246,315.390489413398,0.782638888888889,751.333333333333,1200,420,43020,0.807772380291464,1163.19222761971,0.806652806652807,387.193347193347,0.808333333333333,776,180,660,41400,0.807078417765441,1162.19292158223,0.794178794178794,381.205821205821,0.813541666666667,781,720,1620,60480,0.819569743233865,1180.18043025677,0.767151767151767,368.232848232848,0.845833333333333,812,660,540,46440,0.632893823733518,911.367106176267,0.461538461538462,221.538461538462,0.71875,690,180,1200,51300,0.701596113809854,1010.29840388619,0.561330561330561,269.43866943867,0.771875,741,240,600,39600,0.673837612768911,970.326162387231,0.546777546777547,262.453222453222,0.7375,708,29.5,15.8418079096045,20.5,45.7317073170732
"2026-05-02 09:00:00|Monitor35.txt|29",29,"2026-05-02 09:00:00|Monitor35.txt",2026-05-02T09:00:00Z,2026-05-08T09:30:00Z,"OK","M","DGRP361","21.5C","Winter","NA","08:12","M35","Batch31_DGRP",0.748177294294642,1077.37530378428,0.575147518222839,276.070808746963,0.834722222222222,801.333333333333,0,960,38580,0.854961832061069,1231.14503816794,0.74012474012474,355.259875259875,0.9125,876,480,720,58200,0.78764746703678,1134.21235253296,0.650727650727651,312.349272349272,0.85625,822,960,360,37920,0.811936155447606,1169.18806384455,0.677754677754678,325.322245322245,0.879166666666667,844,60,300,37740,0.714087439278279,1028.28591256072,0.498960498960499,239.50103950104,0.821875,789,1020,540,37440,0.653018736988203,940.346981263012,0.426195426195426,204.573804573805,0.766666666666667,736,7260,300,41580,0.666897987508675,960.333102012491,0.457380457380458,219.54261954262,0.771875,741,34.3333333333333,12.9757281553398,21.5,44.4418604651163
"2026-05-02 09:00:00|Monitor35.txt|31",31,"2026-05-02 09:00:00|Monitor35.txt",2026-05-02T09:00:00Z,2026-05-08T09:30:00Z,"OK","M","DGRP361","21.5C","Winter","NA","08:12","M35","Batch31_DGRP",0.698414535354704,1005.71693091077,0.551891704269351,264.908018049288,0.771701388888889,740.833333333333,120,1140,60780,0.820263705759889,1181.17973629424,0.688149688149688,330.31185031185,0.886458333333333,851,540,300,45720,0.850798056904927,1225.1492019431,0.756756756756757,363.243243243243,0.897916666666667,862,180,960,50100,0.742539902845246,1069.25746009715,0.567567567567568,272.432432432432,0.830208333333333,797,4320,360,63180,0.600971547536433,865.399028452464,0.503118503118503,241.496881496882,0.65,624,3540,720,56700,0.598889659958362,862.401110340042,0.343035343035343,164.656964656965,0.727083333333333,698,2100,420,62220,0.575988896599584,829.4240111034,0.451143451143451,216.548856548857,0.638541666666667,613,32,14.5625,29.3333333333333,31.2954545454545
"2026-05-02 09:00:00|Monitor35.txt|32",32,"2026-05-02 09:00:00|Monitor35.txt",2026-05-02T09:00:00Z,2026-05-08T09:30:00Z,"OK","M","DGRP361","21.5C","Winter","NA","08:12","M35","Batch31_DGRP",0.790533503066775,1138.36824441616,0.698368622006248,335.216938562999,0.836631944444445,803.166666666667,540,600,46920,0.834142956280361,1201.16585704372,0.792099792099792,380.2079002079,0.855208333333333,821,4320,660,47880,0.816793893129771,1176.18320610687,0.762993762993763,366.237006237006,0.84375,810,60,4860,58200,0.820957668285913,1182.17904233171,0.708939708939709,340.29106029106,0.877083333333333,842,840,420,38640,0.753643303261624,1085.24635669674,0.590436590436591,283.409563409563,0.835416666666667,802,2160,300,53160,0.726578764746704,1046.27342123525,0.615384615384615,295.384615384615,0.782291666666667,751,360,2340,38100,0.791117279666898,1139.20888272033,0.721413721413721,346.278586278586,0.826041666666667,793,32,14.1354166666667,27,34.9691358024691
"2026-05-02 09:00:00|Monitor36.txt|01",1,"2026-05-02 09:00:00|Monitor36.txt",2026-05-02T09:00:00Z,2026-05-08T09:30:00Z,"OK","M","DGRP441","21.5C","Winter","NA","08:12","M36","Batch31_DGRP",0.740655016780465,1066.54322416387,0.618535230822631,296.896910794863,0.801736111111111,769.666666666667,0,1440,39660,0.802914642609299,1156.19708535739,0.769230769230769,369.230769230769,0.819791666666667,787,60,300,39180,0.766134628730049,1103.23386537127,0.731808731808732,351.268191268191,0.783333333333333,752,60,600,36240,0.750173490631506,1080.24982650937,0.656964656964657,315.343035343035,0.796875,765,3300,300,59100,0.675225537820958,972.324774462179,0.513513513513514,246.486486486487,0.75625,726,300,660,47520,0.722414989590562,1040.27758501041,0.557172557172557,267.442827442828,0.805208333333333,773,60,780,34380,0.725190839694657,1044.27480916031,0.478170478170478,229.52182952183,0.848958333333333,815,29.1666666666667,16.3314285714286,19.3333333333333,48.4310344827586
"2026-05-02 09:00:00|Monitor36.txt|02",2,"2026-05-02 09:00:00|Monitor36.txt",2026-05-02T09:00:00Z,2026-05-08T09:30:00Z,"OK","M","DGRP441","21.5C","Winter","NA","08:12","M36","Batch31_DGRP",0.617058210855225,888.563823631524,0.283582089552239,136.119402985075,0.783854166666667,752.5,9240,420,65400,0.625260235947259,900.374739764053,0.349272349272349,167.650727650728,0.763541666666667,733,8760,480,54780,0.623178348369188,897.376821651631,0.303534303534304,145.696465696466,0.783333333333333,752,4260,300,39120,0.596113809854268,858.403886190146,0.195426195426195,93.8045738045738,0.796875,765,4260,540,45360,0.650242886884108,936.349757113116,0.384615384615385,184.615384615385,0.783333333333333,752,3300,420,46140,0.588480222068008,847.411519777932,0.24948024948025,119.75051975052,0.758333333333333,728,420,300,34920,0.616932685634976,888.383067314365,0.216216216216216,103.783783783784,0.817708333333333,785,22.5,19.2222222222222,14.8333333333333,67.0786516853933
"2026-05-02 09:00:00|Monitor36.txt|03",3,"2026-05-02 09:00:00|Monitor36.txt",2026-05-02T09:00:00Z,2026-05-08T09:30:00Z,"OK","M","DGRP441","21.5C","Winter","NA","08:12","M36","Batch31_DGRP",0.710797361416503,1023.54820043976,0.591114196459563,283.73481430059,0.770659722222222,739.833333333333,7860,1800,37260,0.789729354614851,1137.21027064539,0.642411642411642,308.357588357588,0.863541666666667,829,1860,480,10860,0.738376127689105,1063.26162387231,0.700623700623701,336.299376299376,0.757291666666667,727,1440,2220,67860,0.688410825815406,991.311589174185,0.604989604989605,290.39501039501,0.730208333333333,701,360,840,70440,0.656488549618321,945.343511450382,0.478170478170478,229.52182952183,0.745833333333333,716,420,360,62880,0.642609299097849,925.357390700902,0.45945945945946,220.540540540541,0.734375,705,1500,720,53040,0.748091603053435,1077.25190839695,0.659043659043659,316.340956340956,0.792708333333333,761,25.1666666666667,20.2450331125828,22,40.9772727272727
"2026-05-02 09:00:00|Monitor36.txt|04",4,"2026-05-02 09:00:00|Monitor36.txt",2026-05-02T09:00:00Z,2026-05-08T09:30:00Z,"OK","M","DGRP441","21.5C","Winter","NA","08:12","M36","Batch31_DGRP",0.665085059599583,957.7224858234,0.338424158278376,162.44359597362,0.828472222222222,795.333333333333,2520,660,47880,0.740458015267176,1066.25954198473,0.528066528066528,253.471933471934,0.846875,813,360,420,33600,0.698126301179736,1005.30187369882,0.332640332640333,159.66735966736,0.88125,846,4620,3360,33900,0.617626648160999,889.382373351839,0.20997920997921,100.790020790021,0.821875,789,2280,1020,67620,0.594725884802221,856.405274115198,0.228690228690229,109.77130977131,0.778125,747,1440,2100,35280,0.656488549618321,945.343511450382,0.340956340956341,163.659043659044,0.814583333333333,782,1500,6180,36780,0.680777238029147,980.319222761971,0.386694386694387,185.613305613306,0.828125,795,21.1666666666667,24,13.3333333333333,68.7625
"2026-05-02 09:00:00|Monitor36.txt|05",5,"2026-05-02 09:00:00|Monitor36.txt",2026-05-02T09:00:00Z,2026-05-08T09:30:00Z,"OK","M","DGRP441","21.5C","Winter","NA","08:12","M36","Batch31_DGRP",0.777919222312232,1120.20368012961,0.703228045817425,337.549461992364,0.815277777777778,782.666666666667,2160,2220,38820,0.777238029146426,1119.22276197085,0.735966735966736,353.264033264033,0.797916666666667,766,3240,4260,36840,0.820263705759889,1181.17973629424,0.783783783783784,376.216216216216,0.838541666666667,805,6960,12000,6960,0.71616932685635,1031.28383067314,0.559251559251559,268.440748440748,0.794791666666667,763,1500,1500,37200,0.767522553782096,1105.23247744622,0.688149688149688,330.31185031185,0.807291666666667,775,240,16620,38880,0.785565579458709,1131.21443442054,0.731808731808732,351.268191268191,0.8125,780,660,780,57540,0.800138792505205,1152.19986120749,0.719334719334719,345.280665280665,0.840625,807,14.8333333333333,30.6067415730337,17.3333333333333,56.0961538461539
"2026-05-02 09:00:00|Monitor36.txt|06",6,"2026-05-02 09:00:00|Monitor36.txt",2026-05-02T09:00:00Z,2026-05-08T09:30:00Z,"OK","M","DGRP441","21.5C","Winter","NA","08:12","M36","Batch31_DGRP",0.740076380048605,1065.70998726999,0.611246095105866,293.398125650816,0.804513888888889,772.333333333333,1380,660,44100,0.744621790423317,1072.25537820958,0.733887733887734,352.266112266112,0.75,720,780,360,47760,0.69882026370576,1006.30117973629,0.548856548856549,263.451143451143,0.773958333333333,743,540,1200,37560,0.758501040943789,1092.24149895906,0.61954261954262,297.380457380457,0.828125,795,1500,1140,35220,0.732824427480916,1055.26717557252,0.58004158004158,278.419958419958,0.809375,777,600,1020,38760,0.746009715475364,1074.25399028452,0.627858627858628,301.372141372141,0.805208333333333,773,240,1020,33360,0.757113115891742,1090.24288688411,0.550935550935551,264.449064449064,0.860416666666667,826,32.5,15.4410256410256,21,43.4444444444444
"2026-05-02 09:00:00|Monitor36.txt|07",7,"2026-05-02 09:00:00|Monitor36.txt",2026-05-02T09:00:00Z,2026-05-08T09:30:00Z,"OK","M","DGRP441","21.5C","Winter","NA","08:12","M36","Batch31_DGRP",0.677583613007754,975.720402731165,0.513710517181534,246.581048247136,0.759548611111111,729.166666666667,480,1020,51360,0.63705759888966,917.36294240111,0.51975051975052,249.48024948025,0.695833333333333,668,4380,300,36720,0.672449687716863,968.327550312283,0.509355509355509,244.490644490645,0.754166666666667,724,900,480,36120,0.6911866759195,995.30881332408,0.523908523908524,251.476091476092,0.775,744,1080,840,35460,0.693268563497571,998.306731436502,0.555093555093555,266.444906444906,0.7625,732,960,420,35880,0.678001387925052,976.321998612075,0.517671517671518,248.482328482328,0.758333333333333,728,120,360,34320,0.6911866759195,995.30881332408,0.451143451143451,216.548856548857,0.811458333333333,779,15.3333333333333,33.25,9.33333333333333,98.4821428571428
"2026-05-02 09:00:00|Monitor36.txt|08",8,"2026-05-02 09:00:00|Monitor36.txt",2026-05-02T09:00:00Z,2026-05-08T09:30:00Z,"OK","M","DGRP441","21.5C","Winter","NA","08:12","M36","Batch31_DGRP",0.724568915634765,1043.37923851406,0.583825060742798,280.236029156543,0.794965277777778,763.166666666667,0,8340,0,0.77793199167245,1120.22206800833,0.735966735966736,353.264033264033,0.798958333333333,767,2220,1620,41400,0.732824427480916,1055.26717557252,0.56964656964657,273.430353430353,0.814583333333333,782,1620,2040,39360,0.73560027758501,1059.26439972241,0.613305613305613,294.386694386694,0.796875,765,480,600,51900,0.791811242192922,1140.20818875781,0.715176715176715,343.284823284823,0.830208333333333,797,2100,1860,4080,0.618320610687023,890.381679389313,0.488565488565489,234.511434511435,0.683333333333333,656,120,1740,54420,0.6911866759195,995.30881332408,0.382536382536383,183.617463617464,0.845833333333333,812,23.5,19.5531914893617,30.8333333333333,30.8
"2026-05-02 09:00:00|Monitor36.txt|10",10,"2026-05-02 09:00:00|Monitor36.txt",2026-05-02T09:00:00Z,2026-05-08T09:30:00Z,"OK","M","DGRP441","21.5C","Winter","NA","08:12","M36","Batch31_DGRP",0.745399837981715,1073.37576669367,0.704963554321416,338.38250607428,0.765625,735,240,960,42000,0.798750867453158,1150.20124913255,0.77962577962578,374.220374220374,0.808333333333333,776,660,1680,3240,0.764052741151978,1100.23594725885,0.787941787941788,378.212058212058,0.752083333333333,722,120,2340,5040,0.762664816099931,1098.2373351839,0.771309771309771,370.22869022869,0.758333333333333,728,1440,600,49980,0.720333102012491,1037.27966689799,0.692307692307692,332.307692307692,0.734375,705,780,540,49020,0.723802914642609,1042.27619708536,0.648648648648649,311.351351351351,0.761458333333333,731,360,300,42960,0.702290076335878,1011.29770992366,0.548856548856549,263.451143451143,0.779166666666667,748,18.3333333333333,27.8727272727273,24.1666666666667,37.2965517241379
"2026-05-02 09:00:00|Monitor36.txt|12",12,"2026-05-02 09:00:00|Monitor36.txt",2026-05-02T09:00:00Z,2026-05-08T09:30:00Z,"OK","M","DGRP441","21.5C","Winter","NA","08:12","M36","Batch31_DGRP",0.680245341974309,979.553292443004,0.438736549809094,210.593543908365,0.801041666666667,769,8400,300,40200,0.508674531575295,732.491325468425,0.207900207900208,99.7920997920998,0.659375,633,2280,360,36900,0.591950034698126,852.408049965302,0.14968814968815,71.8503118503119,0.813541666666667,781,4320,420,44820,0.76058292852186,1095.23941707148,0.627858627858628,301.372141372141,0.827083333333333,794,4260,360,63540,0.759195003469813,1093.24080499653,0.600831600831601,288.399168399168,0.838541666666667,805,8400,13020,61080,0.720333102012491,1037.27966689799,0.517671517671518,248.482328482328,0.821875,789,3960,300,36900,0.738376127689105,1063.26162387231,0.523908523908524,251.476091476092,0.845833333333333,812,14.1666666666667,32.6823529411765,15.6666666666667,61.2446808510638
"2026-05-02 09:00:00|Monitor36.txt|13",13,"2026-05-02 09:00:00|Monitor36.txt",2026-05-02T09:00:00Z,2026-05-08T09:30:00Z,"OK","M","DGRP441","21.5C","Winter","NA","08:12","M36","Batch31_DGRP",0.778266404351348,1120.70362226594,0.627906976744186,301.395348837209,0.853472222222222,819.333333333333,0,600,64080,0.767522553782096,1105.23247744622,0.625779625779626,300.37422037422,0.838541666666667,805,600,420,58860,0.816793893129771,1176.18320610687,0.688149688149688,330.31185031185,0.88125,846,900,300,35820,0.794587092297016,1144.2054129077,0.638253638253638,306.361746361746,0.872916666666667,838,2340,420,53760,0.739070090215128,1064.26092990978,0.609147609147609,292.390852390852,0.804166666666667,772,900,660,48060,0.763358778625954,1099.23664122137,0.604989604989605,290.39501039501,0.842708333333333,809,2760,540,36780,0.786953504510756,1133.21304649549,0.598752598752599,287.401247401247,0.88125,846,15.5,31.6129032258064,15.6666666666667,59.2978723404255
"2026-05-02 09:00:00|Monitor36.txt|14",14,"2026-05-02 09:00:00|Monitor36.txt",2026-05-02T09:00:00Z,2026-05-08T09:30:00Z,"OK","M","DGRP441","21.5C","Winter","NA","08:12","M36","Batch31_DGRP",0.746441384099063,1074.87559310265,0.539048941339813,258.74349184311,0.850173611111111,816.166666666667,0,2760,41520,0.718251214434421,1034.28174878557,0.588357588357588,282.411642411642,0.783333333333333,752,1620,480,37800,0.754337265787648,1086.24566273421,0.559251559251559,268.440748440748,0.852083333333333,818,60,660,34860,0.758501040943789,1092.24149895906,0.513513513513514,246.486486486487,0.88125,846,7200,1080,33840,0.707147814018043,1018.29285218598,0.413721413721414,198.586278586279,0.854166666666667,820,480,840,35400,0.765440666204025,1102.2345593338,0.621621621621622,298.378378378378,0.8375,804,60,420,33540,0.773768216516308,1114.22623178348,0.536382536382536,257.463617463618,0.892708333333333,857,29,17.3333333333333,14.1666666666667,64.3529411764706
"2026-05-02 09:00:00|Monitor36.txt|15",15,"2026-05-02 09:00:00|Monitor36.txt",2026-05-02T09:00:00Z,2026-05-08T09:30:00Z,"OK","M","DGRP441","21.5C","Winter","NA","08:12","M36","Batch31_DGRP",0.835319986112718,1202.86078000231,0.776119402985075,372.537313432836,0.864930555555556,830.333333333333,0,420,40440,0.802914642609299,1156.19708535739,0.74012474012474,355.259875259875,0.834375,801,3120,1380,37500,0.839000693962526,1208.16099930604,0.825363825363825,396.174636174636,0.845833333333333,812,2700,1920,36060,0.861207494795281,1240.1387925052,0.835758835758836,401.164241164241,0.873958333333333,839,1500,13200,37500,0.796668979875087,1147.20333102013,0.706860706860707,339.293139293139,0.841666666666667,808,780,1620,37740,0.83969465648855,1209.16030534351,0.767151767151767,368.232848232848,0.876041666666667,841,1260,1980,34440,0.872310895211659,1256.12768910479,0.781704781704782,375.218295218295,0.917708333333333,881,19.5,23.5299145299145,16.6666666666667,57.61
"2026-05-02 09:00:00|Monitor36.txt|18",18,"2026-05-02 09:00:00|Monitor36.txt",2026-05-02T09:00:00Z,2026-05-08T09:30:00Z,"OK","M","DGRP441","21.5C","Winter","NA","08:12","M36","Batch31_DGRP",0.791922231223238,1140.36801296146,0.666088163832003,319.722318639361,0.854861111111111,820.666666666667,0,360,40020,0.765440666204025,1102.2345593338,0.673596673596674,323.326403326403,0.811458333333333,779,360,1440,62820,0.798750867453158,1150.20124913255,0.706860706860707,339.293139293139,0.844791666666667,811,1020,420,63000,0.74323386537127,1070.25676613463,0.567567567567568,272.432432432432,0.83125,798,2160,900,58200,0.765440666204025,1102.2345593338,0.586278586278586,281.413721413721,0.855208333333333,821,60,420,55860,0.811242192921582,1168.18875780708,0.713097713097713,342.286902286902,0.860416666666667,826,780,1080,42000,0.864677307425399,1245.13532269257,0.742203742203742,356.257796257796,0.926041666666667,889,24,19.3888888888889,16.3333333333333,58.4591836734694
"2026-05-02 09:00:00|Monitor36.txt|19",19,"2026-05-02 09:00:00|Monitor36.txt",2026-05-02T09:00:00Z,2026-05-08T09:30:00Z,"OK","M","DGRP441","21.5C","Winter","NA","08:12","M36","Batch31_DGRP",0.766346487675038,1103.53894225205,0.623741756334606,299.396043040611,0.837673611111111,804.166666666667,3360,360,39060,0.75086745315753,1081.24913254684,0.617463617463617,296.382536382536,0.817708333333333,785,540,1080,55260,0.762664816099931,1098.2373351839,0.659043659043659,316.340956340956,0.814583333333333,782,1560,2100,37680,0.781401804302568,1125.2185981957,0.700623700623701,336.299376299376,0.821875,789,180,480,45300,0.768216516308119,1106.23178348369,0.602910602910603,289.397089397089,0.851041666666667,817,3000,1080,35100,0.744621790423317,1072.25537820958,0.586278586278586,281.413721413721,0.823958333333333,791,1080,600,56040,0.788341429562804,1135.21165857044,0.571725571725572,274.428274428274,0.896875,861,17.6666666666667,27.3301886792453,12.8333333333333,73.6883116883117
"2026-05-02 09:00:00|Monitor36.txt|22",22,"2026-05-02 09:00:00|Monitor36.txt",2026-05-02T09:00:00Z,2026-05-08T09:30:00Z,"OK","M","DGRP441","21.5C","Winter","NA","08:12","M36","Batch31_DGRP",0.75280638814952,1084.04119893531,0.613675807011454,294.564387365498,0.822395833333333,789.5,0,1200,39480,0.779319916724497,1122.22068008328,0.742203742203742,356.257796257796,0.797916666666667,766,660,540,37140,0.806384455239417,1161.19361554476,0.727650727650728,349.272349272349,0.845833333333333,812,1800,360,35460,0.756419153365718,1089.24358084663,0.632016632016632,303.367983367983,0.81875,786,720,360,35100,0.730742539902845,1052.2692574601,0.573804573804574,275.426195426195,0.809375,777,1080,300,58680,0.731436502428869,1053.26856349757,0.525987525987526,252.474012474012,0.834375,801,1020,420,33780,0.711311589174185,1024.28868841083,0.478170478170478,229.52182952183,0.828125,795,28.1666666666667,17.7100591715976,10.6666666666667,87.328125
"2026-05-02 09:00:00|Monitor36.txt|23",23,"2026-05-02 09:00:00|Monitor36.txt",2026-05-02T09:00:00Z,2026-05-08T09:30:00Z,"OK","M","DGRP441","21.5C","Winter","NA","08:12","M36","Batch31_DGRP",0.643791227867145,927.059368128689,0.472058313085734,226.587990281152,0.7296875,700.5,1860,300,63600,0.716863289382373,1032.28313671062,0.650727650727651,312.349272349272,0.75,720,2700,660,38160,0.686328938237335,988.313671061763,0.53014553014553,254.469854469854,0.764583333333333,734,1620,720,61620,0.639139486467731,920.360860513532,0.438669438669439,210.561330561331,0.739583333333333,710,660,960,66120,0.61970853573907,892.380291464261,0.436590436590437,209.56340956341,0.711458333333333,683,1320,420,73320,0.619014573213047,891.380985426787,0.46985446985447,225.530145530146,0.69375,666,2520,420,68700,0.581540596807772,837.418459403192,0.307692307692308,147.692307692308,0.71875,690,22.5,23.3851851851852,22.3333333333333,39.8805970149254
"2026-05-02 09:00:00|Monitor36.txt|24",24,"2026-05-02 09:00:00|Monitor36.txt",2026-05-02T09:00:00Z,2026-05-08T09:30:00Z,"OK","M","DGRP441","21.5C","Winter","NA","08:12","M36","Batch31_DGRP",0.836477259576438,1204.52725379007,0.824019437695245,395.529330093717,0.842708333333333,809,1020,780,37380,0.831367106176267,1197.16863289382,0.804573804573805,386.195426195426,0.844791666666667,811,900,2400,36240,0.891741845940319,1284.10825815406,0.912681912681913,438.087318087318,0.88125,846,3120,780,36300,0.812630117973629,1170.18736988203,0.754677754677755,362.245322245322,0.841666666666667,808,840,1140,34860,0.836224843858432,1204.16377515614,0.819126819126819,393.180873180873,0.844791666666667,811,1080,21840,35580,0.881332408049965,1269.11866759195,0.93970893970894,451.060291060291,0.852083333333333,818,120,3000,40440,0.764052741151978,1100.23594725885,0.708939708939709,340.29106029106,0.791666666666667,760,12.1666666666667,39.7534246575342,15.8333333333333,59.3578947368421
"2026-05-02 09:00:00|Monitor36.txt|26",26,"2026-05-02 09:00:00|Monitor36.txt",2026-05-02T09:00:00Z,2026-05-08T09:30:00Z,"OK","M","DGRP441","21.5C","Winter","NA","08:12","M36","Batch31_DGRP",0.705358176137021,1015.71577363731,0.421728566469976,202.429711905588,0.847222222222222,813.333333333334,6420,300,41760,0.693268563497571,998.306731436502,0.453222453222453,217.546777546778,0.813541666666667,781,7200,900,38220,0.723108952116586,1041.27689104788,0.461538461538462,221.538461538462,0.854166666666667,820,8100,1740,35160,0.677307425399028,975.322692574601,0.332640332640333,159.66735966736,0.85,816,720,360,46860,0.713393476752255,1027.28660652325,0.465696465696466,223.534303534304,0.8375,804,2340,2580,44100,0.705759888965996,1016.29424011103,0.407484407484407,195.592515592516,0.855208333333333,821,1080,300,34200,0.718945176960444,1035.28105482304,0.411642411642412,197.588357588358,0.872916666666667,838,23.5,19.0212765957447,13.8333333333333,70.710843373494
"2026-05-02 09:00:00|Monitor36.txt|27",27,"2026-05-02 09:00:00|Monitor36.txt",2026-05-02T09:00:00Z,2026-05-08T09:30:00Z,"OK","M","DGRP441","21.5C","Winter","NA","08:12","M36","Batch31_DGRP",0.615900937391506,886.897349843768,0.451579312738632,216.758070114544,0.698090277777778,670.166666666667,1020,360,40740,0.622484385843165,896.377515614157,0.523908523908524,251.476091476092,0.671875,645,180,600,58380,0.687716863289382,990.312283136711,0.72972972972973,350.27027027027,0.666666666666667,640,780,300,60060,0.65440666204025,942.34559333796,0.476091476091476,228.523908523909,0.74375,714,2160,540,59100,0.578764746703678,833.421235253296,0.432432432432432,207.567567567568,0.652083333333333,626,2940,300,59220,0.58501040943789,842.414989590562,0.395010395010395,189.60498960499,0.680208333333333,653,180,300,43620,0.564885496183206,813.435114503817,0.147609147609148,70.8523908523909,0.773958333333333,743,17.6666666666667,28.9528301886792,18.3333333333333,49.7454545454546
"2026-05-02 09:00:00|Monitor36.txt|28",28,"2026-05-02 09:00:00|Monitor36.txt",2026-05-02T09:00:00Z,2026-05-08T09:30:00Z,"OK","M","DGRP441","21.5C","Winter","NA","08:12","M36","Batch31_DGRP",0.719129730355283,1035.54681171161,0.616452620617841,295.897257896564,0.770486111111111,739.666666666667,0,600,49140,0.616238723108952,887.383761276891,0.538461538461538,258.461538461539,0.655208333333333,629,300,360,54060,0.659264399722415,949.340735600278,0.501039501039501,240.498960498961,0.738541666666667,709,180,480,36180,0.775850104094379,1117.22414989591,0.750519750519751,360.24948024948,0.788541666666667,757,180,300,34500,0.748785565579459,1078.25121443442,0.646569646569647,310.35343035343,0.8,768,1200,1080,36480,0.759888965995836,1094.240111034,0.675675675675676,324.324324324324,0.802083333333333,770,420,360,35340,0.754337265787648,1086.24566273421,0.586278586278586,281.413721413721,0.838541666666667,805,26.6666666666667,19.4875,21.3333333333333,42.2578125
"2026-05-02 09:00:00|Monitor36.txt|29",29,"2026-05-02 09:00:00|Monitor36.txt",2026-05-02T09:00:00Z,2026-05-08T09:30:00Z,"OK","M","DGRP441","21.5C","Winter","NA","08:12","M36","Batch31_DGRP",0.712301816919338,1025.71461636385,0.481430059007289,231.086428323499,0.827777777777778,794.666666666667,2100,1080,41220,0.707841776544067,1019.29215822346,0.546777546777547,262.453222453222,0.788541666666667,757,1380,360,40020,0.732824427480916,1055.26717557252,0.517671517671518,248.482328482328,0.840625,807,1860,480,68820,0.659264399722415,949.340735600278,0.324324324324324,155.675675675676,0.827083333333333,794,1620,480,42420,0.693268563497571,998.306731436502,0.463617463617464,222.536382536383,0.808333333333333,776,1140,720,35160,0.734212352532963,1057.26578764747,0.53014553014553,254.469854469854,0.836458333333333,803,120,420,52500,0.745315752949341,1073.25468424705,0.505197505197505,242.494802494803,0.865625,831,28.6666666666667,17.2616279069767,16.3333333333333,56.7857142857143
"2026-05-02 09:00:00|Monitor36.txt|30",30,"2026-05-02 09:00:00|Monitor36.txt",2026-05-02T09:00:00Z,2026-05-08T09:30:00Z,"OK","M","DGRP441","21.5C","Winter","NA","08:12","M36","Batch31_DGRP",0.627242217335957,903.228792963777,0.440472058313086,211.426587990281,0.720659722222222,691.833333333333,4320,420,40260,0.616932685634976,888.383067314365,0.446985446985447,214.553014553015,0.702083333333333,674,180,1320,40320,0.700208188757807,1008.29979181124,0.590436590436591,283.409563409563,0.755208333333333,725,300,1500,37920,0.69882026370576,1006.30117973629,0.56964656964657,273.430353430353,0.763541666666667,733,360,8040,39660,0.626648160999306,902.373351839001,0.465696465696466,223.534303534304,0.707291666666667,679,1440,1200,34920,0.687716863289382,990.312283136711,0.449064449064449,215.550935550936,0.807291666666667,775,1800,960,55620,0.433032616238723,623.566967383761,0.122661122661123,58.8773388773389,0.588541666666667,565,16,31.1979166666667,19.1666666666667,48.4
"2026-05-02 09:00:00|Monitor36.txt|31",31,"2026-05-02 09:00:00|Monitor36.txt",2026-05-02T09:00:00Z,2026-05-08T09:30:00Z,"OK","M","DGRP441","21.5C","Winter","NA","08:12","M36","Batch31_DGRP",0.798171507927323,1149.36697141535,0.607080874696286,291.398819854217,0.89375,858,2940,840,48360,0.788341429562804,1135.21165857044,0.648648648648649,311.351351351351,0.858333333333333,824,2220,960,35760,0.821651630811936,1183.17834836919,0.615384615384615,295.384615384615,0.925,888,180,1080,34500,0.809854267869535,1166.19014573213,0.636174636174636,305.363825363825,0.896875,861,8220,840,35940,0.783483691880639,1128.21651630812,0.536382536382536,257.463617463618,0.907291666666667,871,1020,720,36720,0.77029840388619,1109.22970159611,0.590436590436591,283.409563409563,0.860416666666667,826,180,480,33540,0.8147120055517,1173.18528799445,0.615384615384615,295.384615384615,0.914583333333333,878,24.3333333333333,19.0068493150685,13.8333333333333,69.0963855421687
"2026-05-02 09:00:00|Monitor36.txt|32",32,"2026-05-02 09:00:00|Monitor36.txt",2026-05-02T09:00:00Z,2026-05-08T09:30:00Z,"OK","M","DGRP441","21.5C","Winter","NA","08:12","M36","Batch31_DGRP",0.646221502140956,930.558963082976,0.433877125997917,208.261020479,0.752430555555556,722.333333333333,1680,1800,42480,0.710617626648161,1023.28938237335,0.557172557172557,267.442827442828,0.7875,756,720,1200,46800,0.584316446911867,841.415683553088,0.45945945945946,220.540540540541,0.646875,621,2400,1560,71460,0.61970853573907,892.380291464261,0.376299376299376,180.623700623701,0.741666666666667,712,840,960,47280,0.640527411519778,922.35947258848,0.374220374220374,179.62577962578,0.773958333333333,743,1500,600,61020,0.687022900763359,989.312977099237,0.523908523908524,251.476091476092,0.76875,738,2220,480,34860,0.633587786259542,912.36641221374,0.30977130977131,148.690228690229,0.795833333333333,764,29.3333333333333,16.25,16.5,57.4747474747475
"2026-05-02 09:00:00|Monitor37.txt|01",1,"2026-05-02 09:00:00|Monitor37.txt",2026-05-02T09:00:00Z,2026-05-08T09:30:00Z,"OK","M","DGRP492","21.5C","Winter","NA","08:12","M37","Batch31_DGRP",0.692628168036107,997.384561971994,0.568899687608469,273.071850052065,0.754513888888889,724.333333333333,60,2460,72720,0.756419153365718,1089.24358084663,0.611226611226611,293.388773388773,0.829166666666667,796,840,1800,13800,0.700208188757807,1008.29979181124,0.567567567567568,272.432432432432,0.766666666666667,736,420,1440,12960,0.715475364330326,1030.28452463567,0.567567567567568,272.432432432432,0.789583333333333,758,1560,960,49440,0.69882026370576,1006.30117973629,0.555093555093555,266.444906444906,0.770833333333333,740,600,1560,68940,0.635669673837613,915.364330326162,0.621621621621622,298.378378378378,0.642708333333333,617,600,1260,44700,0.648160999306037,933.351839000694,0.488565488565489,234.511434511435,0.728125,699,22.8333333333333,21.3284671532847,37.8333333333333,24.1894273127753
"2026-05-02 09:00:00|Monitor37.txt|02",2,"2026-05-02 09:00:00|Monitor37.txt",2026-05-02T09:00:00Z,2026-05-08T09:30:00Z,"OK","M","DGRP492","21.5C","Winter","NA","08:12","M37","Batch31_DGRP",0.761023029741928,1095.87316282838,0.717112113849358,344.213814647692,0.782986111111111,751.666666666667,0,4260,52020,0.778625954198473,1121.2213740458,0.66943866943867,321.330561330561,0.833333333333333,800,300,1560,7980,0.757807078417765,1091.24219292158,0.719334719334719,345.280665280665,0.777083333333333,746,1740,660,8280,0.676613462873005,974.323386537127,0.567567567567568,272.432432432432,0.73125,702,120,3180,78540,0.763358778625954,1099.23664122137,0.748440748440749,359.251559251559,0.770833333333333,740,1260,300,68820,0.821651630811936,1183.17834836919,0.821205821205821,394.178794178794,0.821875,789,900,600,71940,0.768216516308119,1106.23178348369,0.777546777546778,373.222453222453,0.763541666666667,733,14.6666666666667,33.7954545454545,26.3333333333333,34.6898734177215
"2026-05-02 09:00:00|Monitor37.txt|04",4,"2026-05-02 09:00:00|Monitor37.txt",2026-05-02T09:00:00Z,2026-05-08T09:30:00Z,"OK","M","DGRP492","21.5C","Winter","NA","08:12","M37","Batch31_DGRP",0.69876171739382,1006.2168730471,0.698368622006248,335.216938562999,0.698958333333333,671,0,4200,44520,0.743927827897294,1071.2560721721,0.648648648648649,311.351351351351,0.791666666666667,760,3120,1260,46020,0.712699514226232,1026.28730048577,0.69022869022869,331.309771309771,0.723958333333333,695,60,1980,69360,0.625954198473283,901.374045801527,0.765072765072765,367.234927234927,0.55625,534,4380,420,68940,0.688410825815406,991.311589174185,0.715176715176715,343.284823284823,0.675,648,8760,1860,47640,0.72588480222068,1045.27411519778,0.696465696465697,334.303534303534,0.740625,711,2460,1920,49620,0.696044413601666,1002.3039555864,0.675675675675676,324.324324324324,0.70625,678,19.6666666666667,22.1101694915254,16,61.2395833333333
"2026-05-02 09:00:00|Monitor37.txt|05",5,"2026-05-02 09:00:00|Monitor37.txt",2026-05-02T09:00:00Z,2026-05-08T09:30:00Z,"OK","M","DGRP492","21.5C","Winter","NA","08:12","M37","Batch31_DGRP",0.683254252979979,983.88612429117,0.667129468934398,320.222145088511,0.691319444444445,663.666666666667,0,420,71340,0.694656488549618,1000.30534351145,0.503118503118503,241.496881496882,0.790625,759,2820,540,78600,0.674531575294934,971.325468424705,0.557172557172557,267.442827442828,0.733333333333333,704,900,960,71820,0.546842470506593,787.453157529494,0.627858627858628,301.372141372141,0.50625,486,180,1140,68160,0.653712699514226,941.346287300486,0.686070686070686,329.313929313929,0.6375,612,2280,480,10680,0.764746703678001,1101.23525329632,0.827442827442827,397.172557172557,0.733333333333333,704,1980,900,77700,0.766134628730049,1103.23386537127,0.804573804573805,386.195426195426,0.746875,717,21,22.0238095238095,37.8333333333333,24.8458149779736
"2026-05-02 09:00:00|Monitor37.txt|09",9,"2026-05-02 09:00:00|Monitor37.txt",2026-05-02T09:00:00Z,2026-05-08T09:30:00Z,"OK","M","DGRP492","21.5C","Winter","NA","08:12","M37","Batch31_DGRP",0.741465108205069,1067.7097558153,0.674418604651163,323.720930232558,0.775,744,720,540,40680,0.765440666204025,1102.2345593338,0.565488565488566,271.434511434512,0.865625,831,3660,600,41880,0.745315752949341,1073.25468424705,0.644490644490645,309.355509355509,0.795833333333333,764,2040,2040,15420,0.685634975711312,987.314365024289,0.607068607068607,291.392931392931,0.725,696,1800,300,68940,0.697432338653713,1004.30256766135,0.677754677754678,325.322245322245,0.707291666666667,679,840,360,58680,0.746009715475364,1074.25399028452,0.725571725571726,348.274428274428,0.75625,726,1080,480,74040,0.809854267869535,1166.19014573213,0.829521829521829,398.170478170478,0.8,768,18.3333333333333,24.6363636363636,20.5,46.7479674796748
"2026-05-02 09:00:00|Monitor37.txt|12",12,"2026-05-02 09:00:00|Monitor37.txt",2026-05-02T09:00:00Z,2026-05-08T09:30:00Z,"OK","M","DGRP492","21.5C","Winter","NA","08:12","M37","Batch31_DGRP",0.828376345330402,1192.86193727578,0.818465810482471,392.863589031586,0.833333333333333,800,0,300,39480,0.843858431644691,1215.15614156836,0.748440748440749,359.251559251559,0.891666666666667,856,7440,2100,45420,0.852879944482998,1228.14712005552,0.827442827442827,397.172557172557,0.865625,831,3960,780,65520,0.778625954198473,1121.2213740458,0.692307692307692,332.307692307692,0.821875,789,3480,1260,6840,0.820263705759889,1181.17973629424,0.885654885654886,425.114345114345,0.7875,756,660,2100,41340,0.845246356696739,1217.1547536433,0.891891891891892,428.108108108108,0.821875,789,1380,540,71880,0.829979181124219,1195.17002081888,0.866943866943867,416.133056133056,0.811458333333333,779,13.6666666666667,32.8658536585366,16.5,58.3636363636364
"2026-05-02 09:00:00|Monitor37.txt|13",13,"2026-05-02 09:00:00|Monitor37.txt",2026-05-02T09:00:00Z,2026-05-08T09:30:00Z,"OK","M","DGRP492","21.5C","Winter","NA","08:12","M37","Batch31_DGRP",0.743779655132508,1071.04270339081,0.754599097535578,362.207566817077,0.738368055555556,708.833333333333,120,780,39960,0.827897293546149,1192.17210270645,0.773388773388773,371.226611226611,0.855208333333333,821,3060,480,75120,0.761970853573907,1097.23802914643,0.758835758835759,364.241164241164,0.763541666666667,733,1620,2640,10140,0.711311589174185,1024.28868841083,0.627858627858628,301.372141372141,0.753125,723,2160,1620,5820,0.721027064538515,1038.27897293546,0.754677754677755,362.245322245322,0.704166666666667,676,1860,1740,11040,0.732130464954892,1054.26786953505,0.825363825363825,396.174636174636,0.685416666666667,658,1020,1440,58680,0.709229701596114,1021.2907702984,0.79002079002079,379.209979209979,0.66875,642,15.1666666666667,30.7802197802198,23.1666666666667,40.6043165467626
"2026-05-02 09:00:00|Monitor37.txt|14",14,"2026-05-02 09:00:00|Monitor37.txt",2026-05-02T09:00:00Z,2026-05-08T09:30:00Z,"OK","M","DGRP492","21.5C","Winter","NA","08:12","M37","Batch31_DGRP",0.670061335493577,964.888323110751,0.702880944116626,337.382853175981,0.653645833333333,627.5,0,1440,64380,0.686328938237335,988.313671061763,0.656964656964657,315.343035343035,0.701041666666667,673,960,1200,73620,0.551006245662734,793.448993754337,0.567567567567568,272.432432432432,0.542708333333333,521,1800,2760,9720,0.641915336571825,924.358084663428,0.85031185031185,408.149688149688,0.5375,516,180,840,7020,0.738376127689105,1063.26162387231,0.854469854469854,410.14553014553,0.680208333333333,653,1920,360,51900,0.641915336571825,924.358084663428,0.575883575883576,276.424116424116,0.675,648,1800,900,54660,0.761970853573907,1097.23802914643,0.715176715176715,343.284823284823,0.785416666666667,754,20.6666666666667,22.6774193548387,16.3333333333333,57.6938775510204
"2026-05-02 09:00:00|Monitor37.txt|19",19,"2026-05-02 09:00:00|Monitor37.txt",2026-05-02T09:00:00Z,2026-05-08T09:30:00Z,"OK","M","DGRP492","21.5C","Winter","NA","08:12","M37","Batch31_DGRP",0.763684758708483,1099.70605254022,0.803887539048941,385.866018743492,0.743576388888889,713.833333333333,0,420,37320,0.84177654406662,1212.15822345593,0.746361746361746,358.253638253638,0.889583333333333,854,540,1320,17580,0.734212352532963,1057.26578764747,0.781704781704782,375.218295218295,0.710416666666667,682,660,2220,68940,0.746703678001388,1075.253296322,0.837837837837838,402.162162162162,0.701041666666667,673,3360,360,74880,0.718251214434421,1034.28174878557,0.835758835758836,401.164241164241,0.659375,633,3840,2820,72720,0.758501040943789,1092.24149895906,0.835758835758836,401.164241164241,0.719791666666667,691,0,300,64680,0.783483691880639,1128.21651630812,0.787941787941788,378.212058212058,0.78125,750,14.6666666666667,31.9659090909091,18.1666666666667,51.9266055045872
"2026-05-02 09:00:00|Monitor37.txt|20",20,"2026-05-02 09:00:00|Monitor37.txt",2026-05-02T09:00:00Z,2026-05-08T09:30:00Z,"OK","M","DGRP492","21.5C","Winter","NA","08:12","M37","Batch31_DGRP",0.695984261080893,1002.21733595649,0.744186046511628,357.209302325581,0.671875,645,0,2160,68520,0.736988202637058,1061.26301179736,0.675675675675676,324.324324324324,0.767708333333333,737,120,1560,55800,0.660652324774462,951.339347675226,0.686070686070686,329.313929313929,0.647916666666667,622,360,360,70800,0.647467036780014,932.35253296322,0.841995841995842,404.158004158004,0.55,528,1800,840,71940,0.721027064538515,1038.27897293546,0.74012474012474,355.259875259875,0.711458333333333,683,3120,360,65880,0.725190839694657,1044.27480916031,0.74012474012474,355.259875259875,0.717708333333333,689,720,480,71580,0.684941013185288,986.315058986815,0.781704781704782,375.218295218295,0.636458333333333,611,19,24.1929824561404,17,56.2058823529412
"2026-05-02 09:00:00|Monitor37.txt|22",22,"2026-05-02 09:00:00|Monitor37.txt",2026-05-02T09:00:00Z,2026-05-08T09:30:00Z,"OK","M","DGRP492","21.5C","Winter","NA","08:12","M37","Batch31_DGRP",0.730355282953362,1051.71160745284,0.682054842068726,327.386324192989,0.754513888888889,724.333333333333,120,2400,65340,0.758501040943789,1092.24149895906,0.627858627858628,301.372141372141,0.823958333333333,791,2940,540,41640,0.796668979875087,1147.20333102013,0.752598752598753,361.247401247401,0.81875,786,2340,480,72420,0.73351839000694,1056.26648160999,0.721413721413721,346.278586278586,0.739583333333333,710,2880,360,80880,0.663428174878557,955.336571825121,0.659043659043659,316.340956340956,0.665625,639,1920,300,67200,0.748091603053435,1077.25190839695,0.696465696465697,334.303534303534,0.773958333333333,743,2820,1080,69720,0.682859125607217,983.317140874393,0.638253638253638,306.361746361746,0.705208333333333,677,20.8333333333333,20.952,27.1666666666667,35.4907975460123
"2026-05-02 09:00:00|Monitor37.txt|25",25,"2026-05-02 09:00:00|Monitor37.txt",2026-05-02T09:00:00Z,2026-05-08T09:30:00Z,"OK","M","DGRP492","21.5C","Winter","NA","08:12","M37","Batch31_DGRP",0.521930332137484,751.579678277977,0.563346060395696,270.406108989934,0.501215277777778,481.166666666667,0,2940,43680,0.605135322692575,871.394864677307,0.505197505197505,242.494802494803,0.655208333333333,629,300,1740,4980,0.639833448993754,921.360166551006,0.681912681912682,327.318087318087,0.61875,594,60,3180,78900,0.46911866759195,675.530881332408,0.584199584199584,280.4158004158,0.411458333333333,395,1320,3060,73380,0.460791117279667,663.53920888272,0.51975051975052,249.48024948025,0.43125,414,120,540,70380,0.480222068008328,691.519777931992,0.563409563409563,270.43659043659,0.438541666666667,421,2100,1140,70800,0.477446217904233,687.522553782096,0.528066528066528,253.471933471934,0.452083333333333,434,26.1666666666667,18.2101910828025,32,29.2291666666667
"2026-05-02 09:00:00|Monitor37.txt|26",26,"2026-05-02 09:00:00|Monitor37.txt",2026-05-02T09:00:00Z,2026-05-08T09:30:00Z,"OK","M","DGRP492","21.5C","Winter","NA","08:12","M37","Batch31_DGRP",0.596690197893762,859.233884967018,0.669212079139188,321.22179798681,0.560416666666667,538,0,4320,47880,0.657876474670368,947.34212352533,0.656964656964657,315.343035343035,0.658333333333333,632,2640,2100,19800,0.564191533657183,812.435808466343,0.642411642411642,308.357588357588,0.525,504,4320,300,78420,0.573213046495489,825.426786953505,0.617463617463617,296.382536382536,0.551041666666667,529,3480,480,72840,0.512838306731437,738.487161693269,0.656964656964657,315.343035343035,0.440625,423,3780,780,70680,0.691880638445524,996.308119361555,0.783783783783784,376.216216216216,0.645833333333333,620,3420,1140,69420,0.581540596807772,837.418459403192,0.661122661122661,317.338877338877,0.541666666666667,520,13.8333333333333,31.8072289156626,20.3333333333333,48.0819672131148
"2026-05-02 09:00:00|Monitor38.txt|01",1,"2026-05-02 09:00:00|Monitor38.txt",2026-05-02T09:00:00Z,2026-05-08T09:30:00Z,"OK","M","DGRP535","21.5C","Winter","NA","08:12","M38","Batch31_DGRP",0.357134590903831,514.273810901516,0.148906629642485,71.4751822283929,0.461284722222222,442.833333333333,0,780,58440,0.47883414295628,689.521165857044,0.0291060291060291,13.970893970894,0.704166666666667,676,600,300,58380,0.385149201943095,554.614850798057,0.0374220374220374,17.962577962578,0.559375,537,42480,840,50340,0.28383067314365,408.716169326856,0,0,0.426041666666667,409,4680,720,43260,0.456627342123525,657.543372657877,0.388773388773389,186.611226611227,0.490625,471,4320,360,45540,0.398334489937543,573.601665510063,0.405405405405405,194.594594594595,0.394791666666667,379,5640,960,45000,0.139486467730743,200.860513532269,0.0332640332640333,15.966735966736,0.192708333333333,185,7.5,76.1333333333333,12.3333333333333,69.4324324324324
"2026-05-02 09:00:00|Monitor38.txt|02",2,"2026-05-02 09:00:00|Monitor38.txt",2026-05-02T09:00:00Z,2026-05-08T09:30:00Z,"OK","M","DGRP535","21.5C","Winter","NA","08:12","M38","Batch31_DGRP",0.265247077884504,381.955792153686,0.18535230822631,88.969107948629,0.305208333333333,293,0,720,82260,0.222761970853574,320.777238029146,0.168399168399168,80.8316008316008,0.25,240,3840,720,43680,0.321304649548924,462.678695350451,0.224532224532225,107.775467775468,0.369791666666667,355,4260,540,71820,0.244968771686329,352.755031228314,0.205821205821206,98.7941787941788,0.264583333333333,254,16740,780,41820,0.302567661346287,435.697432338654,0.0374220374220374,17.962577962578,0.435416666666667,418,300,660,61380,0.259541984732824,373.740458015267,0.247401247401247,118.752598752599,0.265625,255,1560,360,44400,0.240111034004164,345.759888965996,0.228690228690229,109.77130977131,0.245833333333333,236,13.1666666666667,41.3291139240507,20.5,43.1382113821138
"2026-05-02 09:00:00|Monitor38.txt|03",3,"2026-05-02 09:00:00|Monitor38.txt",2026-05-02T09:00:00Z,2026-05-08T09:30:00Z,"OK","M","DGRP535","21.5C","Winter","NA","08:12","M38","Batch31_DGRP",0.479805578058095,690.920032403657,0.450538007636237,216.258243665394,0.494444444444445,474.666666666667,6180,600,45060,0.449687716863289,647.550312283137,0.24948024948025,119.75051975052,0.55,528,5280,420,61320,0.611380985426787,880.388619014573,0.575883575883576,276.424116424116,0.629166666666667,604,4800,9060,46860,0.561415683553088,808.438584316447,0.659043659043659,316.340956340956,0.5125,492,4920,420,5400,0.487161693268564,701.512838306732,0.582120582120582,279.417879417879,0.439583333333333,422,1080,1320,44820,0.299097848716169,430.700902151284,0.120582120582121,57.8794178794179,0.388541666666667,373,1140,360,47640,0.46911866759195,675.530881332408,0.513513513513514,246.486486486487,0.446875,429,11,53.5,11.6666666666667,72.0571428571429
"2026-05-02 09:00:00|Monitor38.txt|04",4,"2026-05-02 09:00:00|Monitor38.txt",2026-05-02T09:00:00Z,2026-05-08T09:30:00Z,"OK","M","DGRP535","21.5C","Winter","NA","08:12","M38","Batch31_DGRP",0.467654206689041,673.422057632219,0.28531759805623,136.952447066991,0.558854166666667,536.5,0,2460,66060,0.504510756419153,726.495489243581,0.187110187110187,89.8128898128898,0.663541666666667,637,30060,300,53820,0.231783483691881,333.768216516308,0.024948024948025,11.975051975052,0.335416666666667,322,6420,900,53160,0.580846634281749,836.419153365718,0.648648648648649,311.351351351351,0.546875,525,4260,360,45960,0.379597501734906,546.620402498265,0.0228690228690229,10.977130977131,0.558333333333333,536,6360,300,49500,0.55794587092297,803.442054129077,0.509355509355509,244.490644490645,0.582291666666667,559,16920,540,44340,0.550312283136711,792.449687716863,0.318087318087318,152.681912681913,0.666666666666667,640,6.33333333333333,94.3947368421053,9,92.3148148148148
"2026-05-02 09:00:00|Monitor38.txt|05",5,"2026-05-02 09:00:00|Monitor38.txt",2026-05-02T09:00:00Z,2026-05-08T09:30:00Z,"OK","M","DGRP535","21.5C","Winter","NA","08:12","M38","Batch31_DGRP",0.444624464761023,640.259229255873,0.206872613675807,99.2988545643874,0.563541666666667,541,0,1080,58740,0.463566967383761,667.536433032616,0.153846153846154,73.8461538461539,0.61875,594,6480,1980,70320,0.619014573213047,891.380985426787,0.8004158004158,384.199584199584,0.528125,507,51420,2700,54600,0.340735600277585,490.659264399723,0.0457380457380458,21.954261954262,0.488541666666667,469,21540,960,46200,0.38029146426093,547.619708535739,0.0561330561330561,26.9438669438669,0.542708333333333,521,4320,300,46500,0.43442054129077,625.565579458709,0.106029106029106,50.8939708939709,0.598958333333333,575,5880,1620,45840,0.429562803608605,618.570437196392,0.0810810810810811,38.9189189189189,0.604166666666667,580,8.33333333333333,65.14,14.5,60.6781609195402
"2026-05-02 09:00:00|Monitor38.txt|06",6,"2026-05-02 09:00:00|Monitor38.txt",2026-05-02T09:00:00Z,2026-05-08T09:30:00Z,"OK","M","DGRP535","21.5C","Winter","NA","08:12","M38","Batch31_DGRP",0.267908806851059,385.788681865525,0.23325234293648,111.961124609511,0.285243055555556,273.833333333333,4260,480,75120,0.28383067314365,408.716169326856,0.187110187110187,89.8128898128898,0.332291666666667,319,4320,360,68160,0.337959750173491,486.662040249827,0.424116424116424,203.575883575884,0.294791666666667,283,4260,420,60900,0.232477446217904,334.767522553782,0.222453222453222,106.777546777547,0.2375,228,4260,720,44340,0.188063844552394,270.811936155448,0.205821205821206,98.7941787941788,0.179166666666667,172,4800,720,43380,0.317140874392783,456.682859125607,0.189189189189189,90.8108108108108,0.38125,366,4440,3180,4440,0.2470506592644,355.752949340736,0.168399168399168,80.8316008316008,0.286458333333333,275,17.3333333333333,33.8269230769231,17.8333333333333,47.1121495327103
"2026-05-02 09:00:00|Monitor38.txt|07",7,"2026-05-02 09:00:00|Monitor38.txt",2026-05-02T09:00:00Z,2026-05-08T09:30:00Z,"OK","M","DGRP535","21.5C","Winter","NA","08:12","M38","Batch31_DGRP",0.469621571577364,676.255063071404,0.478653245400903,229.753557792433,0.465104166666667,446.5,0,1620,65700,0.322692574600972,464.677307425399,0.0893970893970894,42.9106029106029,0.439583333333333,422,4740,360,48060,0.507286606523248,730.492713393477,0.644490644490645,309.355509355509,0.438541666666667,421,5400,6120,44460,0.543372657876475,782.456627342124,0.694386694386694,333.305613305613,0.467708333333333,449,4260,360,5400,0.39000693962526,561.609993060375,0.338877338877339,162.661122661123,0.415625,399,2220,540,42960,0.475364330326162,684.524635669674,0.638253638253638,306.361746361746,0.39375,378,5040,2580,42240,0.577376821651631,831.422623178349,0.461538461538462,221.538461538462,0.635416666666667,610,9.16666666666667,73.6909090909091,11.3333333333333,65.9264705882353
"2026-05-02 09:00:00|Monitor38.txt|08",8,"2026-05-02 09:00:00|Monitor38.txt",2026-05-02T09:00:00Z,2026-05-08T09:30:00Z,"OK","M","DGRP535","21.5C","Winter","NA","08:12","M38","Batch31_DGRP",0.432241638699225,622.427959726883,0.136063866712947,65.3106560222145,0.580381944444445,557.166666666667,720,1320,64320,0.479528105482304,690.520471894518,0.0852390852390852,40.9147609147609,0.677083333333333,650,20160,480,63060,0.461485079805691,664.538514920194,0.0831600831600832,39.9168399168399,0.651041666666667,625,41880,360,48420,0.26439972241499,380.735600277585,0,0,0.396875,381,26100,540,47160,0.464260929909785,668.53573907009,0.0187110187110187,8.98128898128898,0.6875,660,21780,9240,45720,0.487855655794587,702.512144344206,0.243243243243243,116.756756756757,0.610416666666667,586,1260,540,44340,0.43442054129077,625.565579458709,0.384615384615385,184.615384615385,0.459375,441,4.83333333333333,67.4827586206897,12.6666666666667,87.2236842105263
"2026-05-02 09:00:00|Monitor38.txt|09",9,"2026-05-02 09:00:00|Monitor38.txt",2026-05-02T09:00:00Z,2026-05-08T09:30:00Z,"OK","M","DGRP535","21.5C","Winter","NA","08:12","M38","Batch31_DGRP",0.238514060872584,343.460247656521,0.19993057965984,95.9666782367234,0.2578125,247.5,16740,1140,70740,0.303261623872311,436.696738376128,0.0540540540540541,25.9459459459459,0.428125,411,19200,480,44340,0.319222761970854,459.680777238029,0.0291060291060291,13.970893970894,0.464583333333333,446,5040,4740,5040,0.221374045801527,318.778625954199,0.191268191268191,91.8087318087318,0.236458333333333,227,5820,3780,5820,0.206800832755031,297.793199167245,0.301455301455301,144.698544698545,0.159375,153,4260,300,46500,0.276891047883414,398.723108952117,0.395010395010395,189.60498960499,0.217708333333333,209,3960,1020,5040,0.102706453851492,147.897293546149,0.226611226611227,108.773388773389,0.040625,39,6.5,84.2307692307692,10,88.4333333333333
"2026-05-02 09:00:00|Monitor38.txt|10",10,"2026-05-02 09:00:00|Monitor38.txt",2026-05-02T09:00:00Z,2026-05-08T09:30:00Z,"OK","M","DGRP535","21.5C","Winter","NA","08:12","M38","Batch31_DGRP",0.534891794931142,770.244184700845,0.383547379382159,184.102742103436,0.610590277777778,586.166666666667,21480,540,44280,0.492713393476752,709.507286606523,0.0706860706860707,33.9293139293139,0.704166666666667,676,2700,300,69540,0.482997918112422,695.517002081888,0.106029106029106,50.8939708939709,0.671875,645,14940,540,44700,0.362248438584316,521.637751561416,0.170478170478171,81.8295218295218,0.458333333333333,440,180,2280,74700,0.64677307425399,931.353226925746,0.937629937629938,450.06237006237,0.501041666666667,481,1200,1080,44040,0.648160999306037,933.351839000694,0.58004158004158,278.419958419958,0.682291666666667,655,11760,300,13800,0.575988896599584,829.4240111034,0.436590436590437,209.56340956341,0.645833333333333,620,8.83333333333333,60.8490566037736,16.8333333333333,52.3069306930693
"2026-05-02 09:00:00|Monitor38.txt|11",11,"2026-05-02 09:00:00|Monitor38.txt",2026-05-02T09:00:00Z,2026-05-08T09:30:00Z,"OK","M","DGRP535","21.5C","Winter","NA","08:12","M38","Batch31_DGRP",0.402499710681634,579.599583381553,0.246789309267615,118.458868448455,0.480381944444445,461.166666666667,16800,720,56340,0.371269951422623,534.628730048577,0.112266112266112,53.8877338877339,0.501041666666667,481,16860,600,54000,0.430256766134629,619.569743233865,0.0478170478170478,22.952182952183,0.621875,597,29460,360,49800,0.424011103400416,610.5759888966,0,0,0.636458333333333,611,4260,300,9360,0.530187369882026,763.469812630118,0.521829521829522,250.47817047817,0.534375,513,4500,360,49740,0.362248438584316,521.637751561416,0.376299376299376,180.623700623701,0.355208333333333,341,3960,600,8520,0.295628036086051,425.704371963914,0.41995841995842,201.580041580042,0.233333333333333,224,8.83333333333333,49.2264150943396,11,90.5454545454546
"2026-05-02 09:00:00|Monitor38.txt|12",12,"2026-05-02 09:00:00|Monitor38.txt",2026-05-02T09:00:00Z,2026-05-08T09:30:00Z,"OK","M","DGRP535","21.5C","Winter","NA","08:12","M38","Batch31_DGRP",0.578173822474251,832.570304362921,0.434224227698716,208.427629295384,0.650173611111111,624.166666666667,120,1320,40200,0.616932685634976,888.383067314365,0.276507276507277,132.723492723493,0.7875,756,15180,1560,64740,0.323386537126995,465.676613462873,0.182952182952183,87.8170478170478,0.39375,378,660,480,20100,0.485079805690493,698.51492019431,0.548856548856549,263.451143451143,0.453125,435,1020,300,40080,0.65440666204025,942.34559333796,0.336798336798337,161.663201663202,0.813541666666667,781,1380,360,52980,0.825121443442054,1188.17487855656,0.866943866943867,416.133056133056,0.804166666666667,772,300,2520,38700,0.563497571131159,811.436502428869,0.392931392931393,188.607068607069,0.648958333333333,623,17.3333333333333,24.7692307692308,23.3333333333333,42.4785714285714
"2026-05-02 09:00:00|Monitor38.txt|13",13,"2026-05-02 09:00:00|Monitor38.txt",2026-05-02T09:00:00Z,2026-05-08T09:30:00Z,"OK","M","DGRP535","21.5C","Winter","NA","08:12","M38","Batch31_DGRP",0.350190950121514,504.27496817498,0.0742797639708435,35.6542867060049,0.488194444444445,468.666666666667,22260,480,77460,0.35322692574601,508.646773074254,0.0166320166320166,7.98336798336798,0.521875,501,18480,300,54960,0.344205412907703,495.655794587092,0.0291060291060291,13.970893970894,0.502083333333333,482,31560,300,43560,0.321304649548924,462.678695350451,0,0,0.482291666666667,463,10320,420,66360,0.346287300485774,498.653712699514,0.0582120582120582,27.9417879417879,0.490625,471,4740,360,51600,0.437890353920888,630.562109646079,0.232848232848233,111.767151767152,0.540625,519,14400,780,47520,0.297015961138099,427.702984038862,0.108108108108108,51.8918918918919,0.391666666666667,376,8.66666666666667,41.2307692307692,14,76.75
"2026-05-02 09:00:00|Monitor38.txt|14",14,"2026-05-02 09:00:00|Monitor38.txt",2026-05-02T09:00:00Z,2026-05-08T09:30:00Z,"OK","M","DGRP535","21.5C","Winter","NA","08:12","M38","Batch31_DGRP",0.385372063418586,554.935771322764,0.395695938910101,189.934050676848,0.380208333333333,365,25740,780,49740,0.471894517696044,679.528105482304,0.027027027027027,12.972972972973,0.694791666666667,667,26580,840,50160,0.439972241498959,633.560027758501,0.0561330561330561,26.9438669438669,0.632291666666667,607,22560,300,22560,0.0104094378903539,14.9895905621096,0.0207900207900208,9.97920997920998,0.00520833333333333,5,1860,300,4740,0.255378209576683,367.744621790423,0.754677754677755,362.245322245322,0.00520833333333333,5,1020,300,4260,0.550312283136711,792.449687716863,0.713097713097713,342.286902286902,0.46875,450,180,300,7740,0.58292852185982,839.41707147814,0.798336798336798,383.201663201663,0.475,456,7.16666666666667,82.3023255813954,13.3333333333333,62.85
"2026-05-02 09:00:00|Monitor38.txt|15",15,"2026-05-02 09:00:00|Monitor38.txt",2026-05-02T09:00:00Z,2026-05-08T09:30:00Z,"OK","M","DGRP535","21.5C","Winter","NA","08:12","M38","Batch31_DGRP",0.690776530494156,994.718203911584,0.603262755987504,289.566122874002,0.734548611111111,705.166666666667,0,480,15120,0.807078417765441,1162.19292158223,0.654885654885655,314.345114345114,0.883333333333333,848,10920,2100,39540,0.657182512144344,946.342817487856,0.305613305613306,146.694386694387,0.833333333333333,800,6660,22440,6660,0.806384455239417,1161.19361554476,0.767151767151767,368.232848232848,0.826041666666667,793,4560,9300,34800,0.72588480222068,1045.27411519778,0.827442827442827,397.172557172557,0.675,648,1920,600,34560,0.727966689798751,1048.2720333102,0.756756756756757,363.243243243243,0.713541666666667,685,1860,300,38580,0.417765440666204,601.582234559334,0.301455301455301,144.698544698545,0.476041666666667,457,8.5,50.0196078431373,18,55.3148148148148
"2026-05-02 09:00:00|Monitor38.txt|16",16,"2026-05-02 09:00:00|Monitor38.txt",2026-05-02T09:00:00Z,2026-05-08T09:30:00Z,"OK","M","DGRP535","21.5C","Winter","NA","08:12","M38","Batch31_DGRP",0.544612892026386,784.242564517996,0.314127039222492,150.780978826796,0.659895833333333,633.5,14280,300,68220,0.661346287300486,952.338653712699,0.30977130977131,148.690228690229,0.8375,804,10980,300,48900,0.51353226925746,739.486467730743,0.311850311850312,149.68814968815,0.614583333333333,590,4800,300,54240,0.435808466342818,627.564191533657,0.189189189189189,90.8108108108108,0.559375,537,720,360,54000,0.512144344205413,737.487855655795,0.30977130977131,148.690228690229,0.613541666666667,589,1500,420,42840,0.550312283136711,792.449687716863,0.349272349272349,167.650727650728,0.651041666666667,625,2940,300,37260,0.593337959750174,854.40666204025,0.413721413721414,198.586278586279,0.683333333333333,656,21.1666666666667,21.0393700787402,18.6666666666667,52.6517857142857
"2026-05-02 09:00:00|Monitor38.txt|17",17,"2026-05-02 09:00:00|Monitor38.txt",2026-05-02T09:00:00Z,2026-05-08T09:30:00Z,"OK","M","DGRP535","21.5C","Winter","NA","08:12","M38","Batch31_DGRP",0.306330285846546,441.115611619026,0.259632072197154,124.623394654634,0.3296875,316.5,0,3060,67560,0.41498959056211,597.585010409438,0.24948024948025,119.75051975052,0.497916666666667,478,120,1200,50340,0.482997918112422,695.517002081888,0.336798336798337,161.663201663202,0.55625,534,5760,300,76620,0.284524635669674,409.71547536433,0.201663201663202,96.7983367983368,0.326041666666667,313,5280,300,58920,0.108952116585704,156.891047883414,0.0353430353430353,16.964656964657,0.145833333333333,140,5520,480,6060,0.28174878556558,405.718251214434,0.476091476091476,228.523908523909,0.184375,177,5640,540,42960,0.26439972241499,380.735600277585,0.257796257796258,123.742203742204,0.267708333333333,257,10.5,63.4126984126984,14.8333333333333,51.1460674157303
"2026-05-02 09:00:00|Monitor38.txt|18",18,"2026-05-02 09:00:00|Monitor38.txt",2026-05-02T09:00:00Z,2026-05-08T09:30:00Z,"OK","M","DGRP535","21.5C","Winter","NA","08:12","M38","Batch31_DGRP",0.33630366855688,484.277282721907,0.261367580701145,125.45643873655,0.373784722222222,358.833333333333,0,960,61860,0.512144344205413,737.487855655795,0.476091476091476,228.523908523909,0.530208333333333,509,780,720,82620,0.230395558639833,331.76960444136,0.0977130977130977,46.9022869022869,0.296875,285,1920,1680,71040,0.328938237335184,473.671061762665,0.35966735966736,172.640332640333,0.313541666666667,301,4920,300,62820,0.469812630117974,676.530187369882,0.332640332640333,159.66735966736,0.538541666666667,517,4740,1080,78180,0.302567661346287,435.697432338654,0.145530145530146,69.8544698544699,0.38125,366,4260,2580,50160,0.174184594031922,250.825815405968,0.158004158004158,75.8419958419959,0.182291666666667,175,12.6666666666667,64.4342105263158,18,33.5740740740741
"2026-05-02 09:00:00|Monitor38.txt|19",19,"2026-05-02 09:00:00|Monitor38.txt",2026-05-02T09:00:00Z,2026-05-08T09:30:00Z,"OK","M","DGRP535","21.5C","Winter","NA","08:12","M38","Batch31_DGRP",0.484666126605717,697.919222312232,0.569593891010066,273.405067684832,0.4421875,424.5,9540,600,48360,0.374045801526718,538.625954198473,0.286902286902287,137.713097713098,0.417708333333333,401,5340,720,55560,0.57529493407356,828.424705065926,0.762993762993763,366.237006237006,0.48125,462,5760,660,44040,0.481609993060375,693.51839000694,0.711018711018711,341.288981288981,0.366666666666667,352,1020,540,42420,0.444829979181124,640.555170020819,0.449064449064449,215.550935550936,0.442708333333333,425,1440,360,40920,0.642609299097849,925.357390700902,0.750519750519751,360.24948024948,0.588541666666667,565,3900,480,10560,0.38792505204719,558.612074947953,0.451143451143451,216.548856548857,0.35625,342,15.8333333333333,31.9578947368421,20,45.675
"2026-05-02 09:00:00|Monitor38.txt|20",20,"2026-05-02 09:00:00|Monitor38.txt",2026-05-02T09:00:00Z,2026-05-08T09:30:00Z,"OK","M","DGRP535","21.5C","Winter","NA","08:12","M38","Batch31_DGRP",0.642865409096169,925.726189098484,0.555709822978133,266.740715029504,0.686458333333333,659,8700,300,42780,0.477446217904233,687.522553782096,0.411642411642412,197.588357588358,0.510416666666667,490,600,540,51060,0.566273421235253,815.433726578765,0.58004158004158,278.419958419958,0.559375,537,1320,360,37740,0.753643303261624,1085.24635669674,0.61954261954262,297.380457380457,0.820833333333333,788,4260,360,54180,0.597501734906315,860.402498265094,0.45945945945946,220.540540540541,0.666666666666667,640,720,300,57000,0.707841776544067,1019.29215822346,0.577962577962578,277.422037422037,0.772916666666667,742,1920,300,7740,0.7529493407356,1084.24705065926,0.681912681912682,327.318087318087,0.788541666666667,757,25.5,18.0915032679739,27,35.358024691358
"2026-05-02 09:00:00|Monitor38.txt|21",21,"2026-05-02 09:00:00|Monitor38.txt",2026-05-02T09:00:00Z,2026-05-08T09:30:00Z,"OK","M","DGRP535","21.5C","Winter","NA","08:12","M38","Batch31_DGRP",0.570304362920958,821.23828260618,0.538007636237418,258.24366539396,0.586458333333333,563,2460,2100,42060,0.403192227619709,580.59680777238,0.476091476091476,228.523908523909,0.366666666666667,352,540,360,39420,0.528105482303956,760.471894517696,0.509355509355509,244.490644490645,0.5375,516,4260,420,57000,0.628036086051353,904.371963913949,0.557172557172557,267.442827442828,0.663541666666667,637,4320,300,66360,0.668285912560722,962.331714087439,0.490644490644491,235.509355509356,0.757291666666667,727,4320,660,12360,0.607911172796669,875.392088827203,0.584199584199584,280.4158004158,0.619791666666667,595,180,660,43740,0.584316446911867,841.415683553088,0.604989604989605,290.39501039501,0.573958333333333,551,18.1666666666667,25.7981651376147,22.3333333333333,42.6417910447761
"2026-05-02 09:00:00|Monitor38.txt|22",22,"2026-05-02 09:00:00|Monitor38.txt",2026-05-02T09:00:00Z,2026-05-08T09:30:00Z,"OK","M","DGRP535","21.5C","Winter","NA","08:12","M38","Batch31_DGRP",0.62863094549242,905.228561509085,0.531759805623048,255.244706699063,0.677083333333333,650,0,720,62160,0.608605135322693,876.391394864677,0.403326403326403,193.596673596674,0.711458333333333,683,1560,300,44100,0.829285218598196,1194.1707147814,0.885654885654886,425.114345114345,0.801041666666667,769,2940,300,45300,0.528799444829979,761.47120055517,0.340956340956341,163.659043659044,0.622916666666667,598,6240,540,42720,0.728660652324775,1049.27133934768,0.719334719334719,345.280665280665,0.733333333333333,704,9780,13080,43500,0.596113809854268,858.403886190146,0.505197505197505,242.494802494803,0.641666666666667,616,6000,1620,42840,0.479528105482304,690.520471894518,0.334719334719335,160.665280665281,0.552083333333333,530,15.8333333333333,33.4105263157895,8.5,104.941176470588
"2026-05-02 09:00:00|Monitor38.txt|23",23,"2026-05-02 09:00:00|Monitor38.txt",2026-05-02T09:00:00Z,2026-05-08T09:30:00Z,"OK","M","DGRP535","21.5C","Winter","NA","08:12","M38","Batch31_DGRP",0.293831732438375,423.11769471126,0.401596667823672,192.766400555363,0.239930555555556,230.333333333333,3720,480,71820,0.1852879944483,266.814712005552,0.137214137214137,65.8627858627859,0.209375,201,4500,300,75840,0.224149895905621,322.775850104094,0.106029106029106,50.8939708939709,0.283333333333333,272,1380,1260,5880,0.431644691186676,621.568355308813,0.8004158004158,384.199584199584,0.246875,237,5520,1260,6840,0.34559333795975,497.65440666204,0.627858627858628,301.372141372141,0.204166666666667,196,4260,360,45480,0.274809160305344,395.725190839695,0.476091476091476,228.523908523909,0.173958333333333,167,4020,300,43320,0.300485773768217,432.699514226232,0.257796257796258,123.742203742204,0.321875,309,14,34.202380952381,14.8333333333333,63.7640449438202
"2026-05-02 09:00:00|Monitor38.txt|24",24,"2026-05-02 09:00:00|Monitor38.txt",2026-05-02T09:00:00Z,2026-05-08T09:30:00Z,"OK","M","DGRP535","21.5C","Winter","NA","08:12","M38","Batch31_DGRP",0.368591598194653,530.771901400301,0.194029850746269,93.134328358209,0.455902777777778,437.666666666667,0,1080,66540,0.359472588480222,517.64052741152,0.264033264033264,126.735966735967,0.407291666666667,391,25260,1740,51780,0.410825815405968,591.589174184594,0.137214137214137,65.8627858627859,0.547916666666667,526,5760,1440,49260,0.466342817487856,671.533657182512,0.286902286902287,137.713097713098,0.55625,534,4080,780,50160,0.378903539208883,545.621096460791,0.027027027027027,12.972972972973,0.555208333333333,533,360,300,60660,0.369882026370576,532.63011797363,0.185031185031185,88.8149688149688,0.4625,444,1560,600,60540,0.225537820957668,324.774462179042,0.264033264033264,126.735966735967,0.20625,198,11.1666666666667,47.9701492537313,12.5,71.4533333333334
"2026-05-02 09:00:00|Monitor38.txt|25",25,"2026-05-02 09:00:00|Monitor38.txt",2026-05-02T09:00:00Z,2026-05-08T09:30:00Z,"OK","M","DGRP535","21.5C","Winter","NA","08:12","M38","Batch31_DGRP",0.461636384677699,664.756393935887,0.422075668170774,202.596320721972,0.481423611111111,462.166666666667,6840,600,76680,0.484385843164469,697.515614156836,0.322245322245322,154.677754677755,0.565625,543,2460,1320,71820,0.547536433032616,788.452463566967,0.573804573804574,275.426195426195,0.534375,513,6240,480,52080,0.435808466342818,627.564191533657,0.446985446985447,214.553014553015,0.430208333333333,413,5340,960,58620,0.532269257460097,766.46773074254,0.571725571725572,274.428274428274,0.5125,492,5040,720,5880,0.473282442748092,681.526717557252,0.511434511434512,245.488565488566,0.454166666666667,436,5280,720,42420,0.295628036086051,425.704371963914,0.103950103950104,49.8960498960499,0.391666666666667,376,22.3333333333333,28.0820895522388,19.1666666666667,41
"2026-05-02 09:00:00|Monitor38.txt|26",26,"2026-05-02 09:00:00|Monitor38.txt",2026-05-02T09:00:00Z,2026-05-08T09:30:00Z,"OK","M","DGRP535","21.5C","Winter","NA","08:12","M38","Batch31_DGRP",0.403309802106238,580.766115032982,0.195418257549462,93.8007636237418,0.507291666666667,487,0,1800,51240,0.424011103400416,610.5759888966,0.079002079002079,37.9209979209979,0.596875,573,0,1980,57360,0.528105482303956,760.471894517696,0.155925155925156,74.8440748440749,0.714583333333333,686,240,420,48780,0.641221374045801,923.358778625954,0.74012474012474,355.259875259875,0.591666666666667,568,4260,540,50700,0.229007633587786,329.770992366412,0.0187110187110187,8.98128898128898,0.334375,321,16440,300,45480,0.385843164469119,555.614156835531,0.112266112266112,53.8877338877339,0.522916666666667,502,8520,360,43860,0.210964607911173,303.789035392089,0.0665280665280665,31.9334719334719,0.283333333333333,272,10.8333333333333,55.0615384615385,10.3333333333333,80.0967741935484
"2026-05-02 09:00:00|Monitor38.txt|27",27,"2026-05-02 09:00:00|Monitor38.txt",2026-05-02T09:00:00Z,2026-05-08T09:30:00Z,"OK","M","DGRP535","21.5C","Winter","NA","08:12","M38","Batch31_DGRP",0.272653628052309,392.621224395325,0.167997223186394,80.638667129469,0.325,312,7620,3480,46140,0.46911866759195,675.530881332408,0.255717255717256,122.744282744283,0.576041666666667,553,16260,780,54120,0.305343511450382,439.69465648855,0.0623700623700624,29.9376299376299,0.427083333333333,410,9060,300,49380,0.163775156141568,235.836224843858,0.0103950103950104,4.98960498960499,0.240625,231,9900,1020,46260,0.227619708535739,327.772380291464,0.141372141372141,67.8586278586279,0.270833333333333,260,2160,480,53760,0.287300485773768,413.712699514226,0.417879417879418,200.582120582121,0.221875,213,4020,300,45720,0.181818181818182,261.818181818182,0.118503118503119,56.8814968814969,0.213541666666667,205,8.5,60.2941176470588,7.5,123.044444444444
"2026-05-02 09:00:00|Monitor38.txt|28",28,"2026-05-02 09:00:00|Monitor38.txt",2026-05-02T09:00:00Z,2026-05-08T09:30:00Z,"OK","M","DGRP535","21.5C","Winter","NA","08:12","M38","Batch31_DGRP",0.659067237588242,949.056822127069,0.535925026032628,257.244012495661,0.720659722222222,691.833333333333,3300,900,65880,0.793893129770992,1143.20610687023,0.683991683991684,328.316008316008,0.848958333333333,815,10500,1320,38760,0.774462179042332,1115.22553782096,0.650727650727651,312.349272349272,0.836458333333333,803,5580,26040,41220,0.819569743233865,1180.18043025677,0.804573804573805,386.195426195426,0.827083333333333,794,4320,300,44940,0.440666204024983,634.559333795975,0.0311850311850312,14.968814968815,0.645833333333333,620,900,720,51840,0.674531575294934,971.325468424705,0.573804573804574,275.426195426195,0.725,696,4440,3180,46320,0.449687716863289,647.550312283137,0.467775467775468,224.532224532225,0.440625,423,4.66666666666667,102.25,9.66666666666667,98.8448275862069
"2026-05-02 09:00:00|Monitor38.txt|29",29,"2026-05-02 09:00:00|Monitor38.txt",2026-05-02T09:00:00Z,2026-05-08T09:30:00Z,"OK","M","DGRP535","21.5C","Winter","NA","08:12","M38","Batch31_DGRP",0.543802800601782,783.076032866566,0.633460603956959,304.061089899341,0.498958333333333,479,0,4440,65220,0.79736294240111,1148.2026370576,0.943866943866944,453.056133056133,0.723958333333333,695,7800,1620,75780,0.492713393476752,709.507286606523,0.571725571725572,274.428274428274,0.453125,435,4620,960,47100,0.487161693268564,701.512838306732,0.661122661122661,317.338877338877,0.4,384,4620,3600,8580,0.653712699514226,941.346287300486,0.719334719334719,345.280665280665,0.620833333333333,596,5220,5400,49320,0.476058292852186,685.523941707148,0.515592515592516,247.484407484408,0.45625,438,4560,540,43140,0.354614850798057,510.645385149202,0.384615384615385,184.615384615385,0.339583333333333,326,14.1666666666667,44.5411764705882,14.5,53.9310344827586
"2026-05-02 09:00:00|Monitor38.txt|30",30,"2026-05-02 09:00:00|Monitor38.txt",2026-05-02T09:00:00Z,2026-05-08T09:30:00Z,"OK","M","DGRP535","21.5C","Winter","NA","08:12","M38","Batch31_DGRP",0.719014003008911,1035.38016433283,0.681013536966331,326.886497743839,0.738020833333333,708.5,0,2640,48060,0.545454545454545,785.454545454545,0.284823284823285,136.715176715177,0.676041666666667,649,2760,1740,49080,0.663428174878557,955.336571825121,0.563409563409563,270.43659043659,0.713541666666667,685,720,1200,72000,0.869535045107564,1252.13046495489,0.825363825363825,396.174636174636,0.891666666666667,856,5340,1320,62940,0.816793893129771,1176.18320610687,0.777546777546778,373.222453222453,0.836458333333333,803,5340,480,43920,0.80499653018737,1159.19500346981,0.817047817047817,392.182952182952,0.798958333333333,767,1380,1020,51780,0.614156835530881,884.385843164469,0.819126819126819,393.180873180873,0.511458333333333,491,13,36.0512820512821,13.1666666666667,72.3417721518987
"2026-05-02 09:00:00|Monitor38.txt|31",31,"2026-05-02 09:00:00|Monitor38.txt",2026-05-02T09:00:00Z,2026-05-08T09:30:00Z,"OK","M","DGRP535","21.5C","Winter","NA","08:12","M38","Batch31_DGRP",0.412567989815994,594.097905335031,0.158625477264839,76.1402290871225,0.539583333333333,518,0,1920,62040,0.615544760582929,886.384455239417,0.328482328482329,157.671517671518,0.759375,729,660,360,48540,0.440666204024983,634.559333795975,0.0893970893970894,42.9106029106029,0.616666666666667,592,43380,1440,44880,0.456627342123525,657.543372657877,0,0,0.685416666666667,658,4980,2040,64920,0.319222761970854,459.680777238029,0.0977130977130977,46.9022869022869,0.430208333333333,413,5580,300,43440,0.485773768216516,699.514226231784,0.357588357588358,171.642411642412,0.55,528,5280,420,49320,0.156835530881332,225.843164469119,0.079002079002079,37.9209979209979,0.195833333333333,188,4.16666666666667,129.44,18,49.2407407407408
"2026-05-02 09:00:00|Monitor38.txt|32",32,"2026-05-02 09:00:00|Monitor38.txt",2026-05-02T09:00:00Z,2026-05-08T09:30:00Z,"OK","M","DGRP535","21.5C","Winter","NA","08:12","M38","Batch31_DGRP",0.396481888670293,570.933919685222,0.421381464769177,202.263103089205,0.384027777777778,368.666666666667,5220,900,63960,0.628730048577377,905.371269951423,0.656964656964657,315.343035343035,0.614583333333333,590,23100,660,59700,0.363636363636364,523.636363636364,0.0353430353430353,16.964656964657,0.528125,507,5520,8640,5520,0.347675225537821,500.652324774462,0.455301455301455,218.544698544699,0.29375,282,4620,7320,4620,0.294240111034004,423.705759888966,0.401247401247401,192.598752598753,0.240625,231,2100,360,4860,0.445523941707148,641.554476058293,0.534303534303534,256.465696465697,0.401041666666667,385,4440,3180,38340,0.297709923664122,428.702290076336,0.440748440748441,211.559251559252,0.226041666666667,217,9.33333333333333,54.3214285714286,14.1666666666667,64.9176470588235
