"id","region_id","experiment_id","start_datetime","stop_datetime","status","Sex","Genotype","Temperature","Treatment","Environment","Light","monitor","Batch","Sleep_Fraction_All","Sleep_Time_All","Sleep_Fraction_L","Sleep_Time_L","Sleep_Fraction_D","Sleep_Time_D","Day1_latency","Day1_first_bout_length","Day1_latency_to_longest_bout","Day1_Sleep_Fraction_All","Day1_Sleep_Time_All","Day1_Sleep_Fraction_L","Day1_Sleep_Time_L","Day1_Sleep_Fraction_D","Day1_Sleep_Time_D","Day2_latency","Day2_first_bout_length","Day2_latency_to_longest_bout","Day2_Sleep_Fraction_All","Day2_Sleep_Time_All","Day2_Sleep_Fraction_L","Day2_Sleep_Time_L","Day2_Sleep_Fraction_D","Day2_Sleep_Time_D","Day3_latency","Day3_first_bout_length","Day3_latency_to_longest_bout","Day3_Sleep_Fraction_All","Day3_Sleep_Time_All","Day3_Sleep_Fraction_L","Day3_Sleep_Time_L","Day3_Sleep_Fraction_D","Day3_Sleep_Time_D","Day4_latency","Day4_first_bout_length","Day4_latency_to_longest_bout","Day4_Sleep_Fraction_All","Day4_Sleep_Time_All","Day4_Sleep_Fraction_L","Day4_Sleep_Time_L","Day4_Sleep_Fraction_D","Day4_Sleep_Time_D","Day5_latency","Day5_first_bout_length","Day5_latency_to_longest_bout","Day5_Sleep_Fraction_All","Day5_Sleep_Time_All","Day5_Sleep_Fraction_L","Day5_Sleep_Time_L","Day5_Sleep_Fraction_D","Day5_Sleep_Time_D","Day6_latency","Day6_first_bout_length","Day6_latency_to_longest_bout","Day6_Sleep_Fraction_All","Day6_Sleep_Time_All","Day6_Sleep_Fraction_L","Day6_Sleep_Time_L","Day6_Sleep_Fraction_D","Day6_Sleep_Time_D","n_Bouts_L","mean_Bout_Length_L","n_Bouts_D","mean_Bout_Length_D"
"2025-07-11 10:00:00|Monitor10.txt|01",1,"2025-07-11 10:00:00|Monitor10.txt",2025-07-11T10:00:00Z,2025-07-17T11:59:00Z,"OK","M","DGRP303","21.5C","Winter","NA","08:12","M10","Batch1_DGRP",0.613586390464067,883.564402268256,0.495661228740021,237.91738979521,0.672569444444445,645.666666666667,0,660,32580,0.817487855655795,1177.18251214434,0.83991683991684,403.160083160083,0.80625,774,360,780,31140,0.66412213740458,956.335877862595,0.69022869022869,331.309771309771,0.651041666666667,625,360,1080,33240,0.433726578764747,624.566273421235,0.239085239085239,114.760914760915,0.53125,510,1140,420,57060,0.53088133240805,764.469118667592,0.361746361746362,173.638253638254,0.615625,591,1860,360,63360,0.567661346287301,817.432338653713,0.303534303534304,145.696465696466,0.7,672,360,300,30960,0.666204024982651,959.333795975017,0.536382536382536,257.463617463618,0.73125,702,25.8333333333333,19.1225806451613,22.6666666666667,40.4705882352941
"2025-07-11 10:00:00|Monitor10.txt|02",2,"2025-07-11 10:00:00|Monitor10.txt",2025-07-11T10:00:00Z,2025-07-17T11:59:00Z,"OK","M","DGRP303","21.5C","Winter","NA","08:12","M10","Batch1_DGRP",0.692743895382479,997.551209350769,0.582783755640403,279.736202707393,0.747743055555556,717.833333333333,0,420,35580,0.706453851492019,1017.29354614851,0.673596673596674,323.326403326403,0.722916666666667,694,360,840,35820,0.753643303261624,1085.24635669674,0.681912681912682,327.318087318087,0.789583333333333,758,660,2820,35280,0.725190839694657,1044.27480916031,0.688149688149688,330.31185031185,0.74375,714,600,1260,35520,0.710617626648161,1023.28938237335,0.609147609147609,292.390852390852,0.761458333333333,731,360,2520,35040,0.657876474670368,947.34212352533,0.505197505197505,242.494802494803,0.734375,705,600,540,36840,0.603747397640527,869.39625260236,0.343035343035343,164.656964656965,0.734375,705,26.6666666666667,19.46875,13.3333333333333,67.3375
"2025-07-11 10:00:00|Monitor10.txt|03",3,"2025-07-11 10:00:00|Monitor10.txt",2025-07-11T10:00:00Z,2025-07-17T11:59:00Z,"OK","M","DGRP303","21.5C","Winter","NA","08:12","M10","Batch1_DGRP",0.868186552482352,1250.18863557459,0.831655675112808,399.194724054148,0.886458333333333,851,0,540,36960,0.902151283830673,1299.09784871617,0.937629937629938,450.06237006237,0.884375,849,4860,2220,34140,0.885496183206107,1275.11450381679,0.910602910602911,437.089397089397,0.872916666666667,838,1980,2100,32820,0.873004857737682,1257.12699514226,0.804573804573805,386.195426195426,0.907291666666667,871,360,420,34620,0.870922970159611,1254.12907702984,0.85031185031185,408.149688149688,0.88125,846,780,1800,30240,0.852185981956975,1227.14781401804,0.765072765072765,367.234927234927,0.895833333333333,860,540,420,34320,0.825815405968078,1189.17418459403,0.723492723492724,347.276507276507,0.877083333333333,842,23.3333333333333,19.8214285714286,19.5,48.6581196581197
"2025-07-11 10:00:00|Monitor10.txt|04",4,"2025-07-11 10:00:00|Monitor10.txt",2025-07-11T10:00:00Z,2025-07-17T11:59:00Z,"OK","M","DGRP303","21.5C","Winter","NA","08:12","M10","Batch1_DGRP",0.847355630135401,1220.19210739498,0.774730996181881,371.870878167303,0.883680555555556,848.333333333333,0,1980,32220,0.868147120055517,1250.13185287994,0.95010395010395,456.049896049896,0.827083333333333,794,2520,2280,32760,0.906315058986815,1305.09368494101,0.945945945945946,454.054054054054,0.886458333333333,851,1020,960,29700,0.854267869535045,1230.14573213047,0.706860706860707,339.293139293139,0.928125,891,420,600,28380,0.861207494795281,1240.1387925052,0.79002079002079,379.209979209979,0.896875,861,540,4440,28800,0.850104094378904,1224.14989590562,0.785862785862786,377.214137214137,0.882291666666667,847,660,1020,29160,0.743927827897294,1071.2560721721,0.46985446985447,225.530145530146,0.88125,846,23.5,21.6879432624113,9.5,95.4912280701754
"2025-07-11 10:00:00|Monitor10.txt|05",5,"2025-07-11 10:00:00|Monitor10.txt",2025-07-11T10:00:00Z,2025-07-17T11:59:00Z,"OK","M","DGRP303","21.5C","Winter","NA","08:12","M10","Batch1_DGRP",0.645527138062724,929.559078810323,0.510586601874349,245.081568899688,0.713020833333333,684.5,480,420,49260,0.785565579458709,1131.21443442054,0.696465696465697,334.303534303534,0.830208333333333,797,780,300,50220,0.761276891047884,1096.23872310895,0.652806652806653,313.347193347193,0.815625,783,540,360,33840,0.634281748785566,913.365718251214,0.594594594594595,285.405405405405,0.654166666666667,628,540,600,47160,0.600971547536433,865.399028452464,0.295218295218295,141.704781704782,0.754166666666667,724,900,660,37200,0.597501734906315,860.402498265094,0.528066528066528,253.471933471934,0.632291666666667,607,1980,480,36660,0.493407356002776,710.506592643997,0.297297297297297,142.702702702703,0.591666666666667,568,34.1666666666667,13.609756097561,24.5,38.6190476190476
"2025-07-11 10:00:00|Monitor10.txt|06",6,"2025-07-11 10:00:00|Monitor10.txt",2025-07-11T10:00:00Z,2025-07-17T11:59:00Z,"OK","M","DGRP303","21.5C","Winter","NA","08:12","M10","Batch1_DGRP",0.822242795972688,1184.02962620067,0.684831655675113,328.719194724054,0.890972222222222,855.333333333334,0,300,24720,0.886190145732131,1276.11380985427,0.72972972972973,350.27027027027,0.964583333333333,926,1740,480,29760,0.877168632893824,1263.12283136711,0.725571725571726,348.274428274428,0.953125,915,1800,600,34500,0.773074253990285,1113.22692574601,0.686070686070686,329.313929313929,0.816666666666667,784,360,360,62460,0.800832755031228,1153.19916724497,0.675675675675676,324.324324324324,0.863541666666667,829,480,1860,46320,0.792505204718945,1141.20749479528,0.604989604989605,290.39501039501,0.886458333333333,851,360,600,30900,0.803608605135323,1157.19639139486,0.688149688149688,330.31185031185,0.861458333333333,827,30.5,18.4699453551912,18.3333333333333,46.2909090909091
"2025-07-11 10:00:00|Monitor10.txt|07",7,"2025-07-11 10:00:00|Monitor10.txt",2025-07-11T10:00:00Z,2025-07-17T11:59:00Z,"OK","M","DGRP303","21.5C","Winter","NA","08:12","M10","Batch1_DGRP",0.796551325078116,1147.03390811249,0.822283929191253,394.696286011801,0.783680555555556,752.333333333333,0,300,66480,0.814018043025677,1172.18598195697,0.783783783783784,376.216216216216,0.829166666666667,796,360,600,38460,0.80499653018737,1159.19500346981,0.812889812889813,390.18711018711,0.801041666666667,769,360,360,59640,0.705759888965996,1016.29424011103,0.748440748440749,359.251559251559,0.684375,657,420,1200,33960,0.817487855655795,1177.18251214434,0.821205821205821,394.178794178794,0.815625,783,540,300,36480,0.809854267869535,1166.19014573213,0.771309771309771,370.22869022869,0.829166666666667,796,360,6840,51720,0.825815405968078,1189.17418459403,0.991683991683992,476.008316008316,0.742708333333333,713,22.6666666666667,20.5220588235294,35.1666666666667,26.6161137440758
"2025-07-11 10:00:00|Monitor10.txt|08",8,"2025-07-11 10:00:00|Monitor10.txt",2025-07-11T10:00:00Z,2025-07-17T11:59:00Z,"OK","M","DGRP303","21.5C","Winter","NA","08:12","M10","Batch1_DGRP",0.843883809744243,1215.19268603171,0.618188129121833,296.73030197848,0.956770833333333,918.5,0,300,30540,0.860513532269257,1239.13948646773,0.615384615384615,295.384615384615,0.983333333333333,944,900,300,58020,0.887578070784178,1278.11242192922,0.74012474012474,355.259875259875,0.961458333333333,923,360,660,39420,0.836918806384455,1205.16308119362,0.557172557172557,267.442827442828,0.977083333333333,938,360,420,26580,0.877168632893824,1263.12283136711,0.671517671517672,322.328482328482,0.980208333333333,941,720,1140,54360,0.837612768910479,1206.16238723109,0.582120582120582,279.417879417879,0.965625,927,420,360,31680,0.762664816099931,1098.2373351839,0.542619542619543,260.45738045738,0.872916666666667,838,34.6666666666667,16.9903846153846,16.6666666666667,49.15
"2025-07-11 10:00:00|Monitor10.txt|09",9,"2025-07-11 10:00:00|Monitor10.txt",2025-07-11T10:00:00Z,2025-07-17T11:59:00Z,"OK","M","DGRP303","21.5C","Winter","NA","08:12","M10","Batch1_DGRP",0.705936812868881,1016.54901053119,0.742450538007636,356.376258243665,0.687673611111111,660.166666666667,780,1920,34500,0.810548230395559,1167.1894517696,0.844074844074844,405.155925155925,0.79375,762,720,960,34560,0.728660652324775,1049.27133934768,0.83991683991684,403.160083160083,0.672916666666667,646,1320,1080,33300,0.738376127689105,1063.26162387231,0.785862785862786,377.214137214137,0.714583333333333,686,720,1500,35040,0.616932685634976,888.383067314365,0.700623700623701,336.299376299376,0.575,552,420,1380,36240,0.628036086051353,904.371963913949,0.667359667359667,320.33264033264,0.608333333333333,584,660,300,35040,0.711311589174185,1024.28868841083,0.611226611226611,293.388773388773,0.761458333333333,731,26.8333333333333,18.6832298136646,24.8333333333333,36.4093959731544
"2025-07-11 10:00:00|Monitor10.txt|10",10,"2025-07-11 10:00:00|Monitor10.txt",2025-07-11T10:00:00Z,2025-07-17T11:59:00Z,"OK","M","DGRP303","21.5C","Winter","NA","08:12","M10","Batch1_DGRP",0.765189214211318,1101.8724684643,0.668170774036793,320.721971537661,0.813715277777778,781.166666666667,420,960,43500,0.840388619014573,1210.15961138099,0.744282744282744,357.255717255717,0.888541666666667,853,420,300,30060,0.870229007633588,1253.12977099237,0.750519750519751,360.24948024948,0.930208333333333,893,360,1560,34020,0.83206106870229,1198.1679389313,0.881496881496882,423.118503118503,0.807291666666667,775,360,4020,33660,0.741845940319223,1068.25815405968,0.713097713097713,342.286902286902,0.75625,726,420,840,37020,0.657182512144344,946.342817487856,0.536382536382536,257.463617463618,0.717708333333333,689,420,420,33780,0.648160999306037,933.351839000694,0.380457380457381,182.619542619543,0.782291666666667,751,27.3333333333333,17.4329268292683,18.6666666666667,50.1607142857143
"2025-07-11 10:00:00|Monitor10.txt|11",11,"2025-07-11 10:00:00|Monitor10.txt",2025-07-11T10:00:00Z,2025-07-17T11:59:00Z,"OK","M","DGRP303","21.5C","Winter","NA","08:12","M10","Batch1_DGRP",0.726189098483972,1045.71230181692,0.581048247136411,278.903158625477,0.798784722222222,766.833333333333,840,1080,55740,0.865371269951423,1246.13462873005,0.814968814968815,391.185031185031,0.890625,855,480,900,38400,0.80499653018737,1159.19500346981,0.733887733887734,352.266112266112,0.840625,807,360,360,36120,0.689798750867453,993.310201249133,0.62993762993763,302.370062370062,0.719791666666667,691,360,300,63300,0.618320610687023,890.381679389313,0.453222453222453,217.546777546778,0.701041666666667,673,540,600,36540,0.682859125607217,983.317140874393,0.380457380457381,182.619542619543,0.834375,801,840,1920,34080,0.693962526023595,999.306037473976,0.46985446985447,225.530145530146,0.80625,774,34.6666666666667,13.8894230769231,27.8333333333333,33.1197604790419
"2025-07-11 10:00:00|Monitor10.txt|12",12,"2025-07-11 10:00:00|Monitor10.txt",2025-07-11T10:00:00Z,2025-07-17T11:59:00Z,"OK","M","DGRP303","21.5C","Winter","NA","08:12","M10","Batch1_DGRP",0.808355514408055,1164.0319407476,0.759805623047553,364.706699062825,0.832638888888889,799.333333333333,0,900,32760,0.906315058986815,1305.09368494101,0.908523908523908,436.091476091476,0.905208333333333,869,360,420,36180,0.877862595419847,1264.12213740458,0.846153846153846,406.153846153846,0.89375,858,420,360,47400,0.756419153365718,1089.24358084663,0.752598752598753,361.247401247401,0.758333333333333,728,420,1320,44820,0.752255378209577,1083.24774462179,0.777546777546778,373.222453222453,0.739583333333333,710,420,360,34260,0.72588480222068,1045.27411519778,0.513513513513514,246.486486486487,0.832291666666667,799,360,1920,41700,0.831367106176267,1197.16863289382,0.760914760914761,365.239085239085,0.866666666666667,832,28.6666666666667,16.2558139534884,31.1666666666667,29.9625668449198
"2025-07-11 10:00:00|Monitor10.txt|13",13,"2025-07-11 10:00:00|Monitor10.txt",2025-07-11T10:00:00Z,2025-07-17T11:59:00Z,"OK","M","DGRP303","21.5C","Winter","NA","08:12","M10","Batch1_DGRP",0.897349843768082,1292.18377502604,0.851440472058313,408.69142658799,0.9203125,883.5,0,360,32340,0.879250520471895,1266.12074947953,0.852390852390852,409.147609147609,0.892708333333333,857,360,840,30540,0.92088827203331,1326.07911172797,0.887733887733888,426.112266112266,0.9375,900,4020,1500,30000,0.927133934767523,1335.07286606523,0.908523908523908,436.091476091476,0.936458333333333,899,360,1140,30060,0.914642609299098,1317.0853573907,0.869022869022869,417.130977130977,0.9375,900,420,360,31260,0.886190145732131,1276.11380985427,0.819126819126819,393.180873180873,0.919791666666667,883,360,300,32160,0.854961832061069,1231.14503816794,0.769230769230769,369.230769230769,0.897916666666667,862,24.1666666666667,19.1931034482759,13.5,70.0493827160494
"2025-07-11 10:00:00|Monitor10.txt|14",14,"2025-07-11 10:00:00|Monitor10.txt",2025-07-11T10:00:00Z,2025-07-17T11:59:00Z,"OK","M","DGRP303","21.5C","Winter","NA","08:12","M10","Batch1_DGRP",0.830343710218725,1195.69494271496,0.658104824713641,315.890315862548,0.916493055555556,879.833333333333,0,300,28200,0.929909784871617,1339.07009021513,0.819126819126819,393.180873180873,0.985416666666667,946,1680,480,33360,0.862595419847328,1242.13740458015,0.767151767151767,368.232848232848,0.910416666666667,874,1020,960,34800,0.674531575294934,971.325468424705,0.355509355509356,170.644490644491,0.834375,801,480,660,17820,0.732824427480916,1055.26717557252,0.446985446985447,214.553014553015,0.876041666666667,841,240,1140,66360,0.977793199167245,1408.02220680083,0.962577962577963,462.037422037422,0.985416666666667,946,1020,360,29100,0.80499653018737,1159.19500346981,0.600831600831601,288.399168399168,0.907291666666667,871,21.3333333333333,29.734375,19.3333333333333,39.9913793103448
"2025-07-11 10:00:00|Monitor10.txt|15",15,"2025-07-11 10:00:00|Monitor10.txt",2025-07-11T10:00:00Z,2025-07-17T11:59:00Z,"OK","M","DGRP303","21.5C","Winter","NA","08:12","M10","Batch1_DGRP",0.90672375882421,1305.68221270686,0.83547379382159,401.027421034363,0.942361111111111,904.666666666667,0,1380,33000,0.950034698126301,1368.04996530187,0.881496881496882,423.118503118503,0.984375,945,360,600,29040,0.939625260235947,1353.06037473976,0.837837837837838,402.162162162162,0.990625,951,600,1560,43920,0.935461485079806,1347.06453851492,0.837837837837838,402.162162162162,0.984375,945,420,420,52260,0.957668285912561,1379.04233171409,0.920997920997921,442.079002079002,0.976041666666667,937,360,1980,30900,0.850798056904927,1225.1492019431,0.808731808731809,388.191268191268,0.871875,837,360,2100,30420,0.807078417765441,1162.19292158223,0.727650727650728,349.272349272349,0.846875,813,26.8333333333333,18.167701863354,14.1666666666667,64.2705882352941
"2025-07-11 10:00:00|Monitor10.txt|16",16,"2025-07-11 10:00:00|Monitor10.txt",2025-07-11T10:00:00Z,2025-07-17T11:59:00Z,"OK","M","DGRP303","21.5C","Winter","NA","08:12","M10","Batch1_DGRP",0.827566253905798,1191.69540562435,0.645609163484901,309.892398472753,0.918576388888889,881.833333333333,0,480,28620,0.91117279666898,1312.08882720333,0.785862785862786,377.214137214137,0.973958333333333,935,360,900,28740,0.894517696044414,1288.10548230396,0.808731808731809,388.191268191268,0.9375,900,900,300,42120,0.879250520471895,1266.12074947953,0.848232848232848,407.151767151767,0.894791666666667,859,960,300,53340,0.618320610687023,890.381679389313,0.253638253638254,121.746361746362,0.801041666666667,769,840,1080,26700,0.809854267869535,1166.19014573213,0.442827442827443,212.557172557173,0.99375,954,840,1860,30720,0.850798056904927,1225.1492019431,0.731808731808732,351.268191268191,0.910416666666667,874,30.3333333333333,28.5274725274725,15.1666666666667,35.4395604395605
"2025-07-11 10:00:00|Monitor10.txt|17",17,"2025-07-11 10:00:00|Monitor10.txt",2025-07-11T10:00:00Z,2025-07-17T11:59:00Z,"OK","M","DGRP303","21.5C","Winter","NA","08:12","M10","Batch1_DGRP",0.874898738571925,1259.85418354357,0.836515098923985,401.527247483513,0.894097222222222,858.333333333333,0,300,34080,0.853573907009021,1229.14642609299,0.758835758835759,364.241164241164,0.901041666666667,865,360,10560,31320,0.929215822345593,1338.07078417765,0.941787941787942,452.058212058212,0.922916666666667,886,600,8040,30000,0.91117279666898,1312.08882720333,0.945945945945946,454.054054054054,0.89375,858,0,360,31620,0.874392782789729,1259.12560721721,0.902286902286902,433.097713097713,0.860416666666667,826,360,4560,30060,0.84177654406662,1212.15822345593,0.846153846153846,406.153846153846,0.839583333333333,806,0,300,35040,0.838306731436503,1207.16169326856,0.621621621621622,298.378378378378,0.946875,909,15.3333333333333,30.6630434782609,18.1666666666667,52.0642201834863
"2025-07-11 10:00:00|Monitor10.txt|18",18,"2025-07-11 10:00:00|Monitor10.txt",2025-07-11T10:00:00Z,2025-07-17T11:59:00Z,"OK","M","DGRP303","21.5C","Winter","NA","08:12","M10","Batch1_DGRP",0.686147436639278,988.05230876056,0.495314127039223,237.750780978827,0.781597222222222,750.333333333333,420,660,33720,0.740458015267176,1066.25954198473,0.536382536382536,257.463617463618,0.842708333333333,809,540,1440,34740,0.632893823733518,911.367106176267,0.347193347193347,166.652806652807,0.776041666666667,745,300,480,35040,0.684247050659264,985.315752949341,0.536382536382536,257.463617463618,0.758333333333333,728,360,1260,57900,0.614156835530881,884.385843164469,0.496881496881497,238.503118503119,0.672916666666667,646,360,300,33600,0.666897987508675,960.333102012491,0.382536382536383,183.617463617464,0.809375,777,480,1740,39900,0.77793199167245,1120.22206800833,0.673596673596674,323.326403326403,0.830208333333333,797,32.1666666666667,14.4818652849741,16.6666666666667,57.09
"2025-07-11 10:00:00|Monitor10.txt|20",20,"2025-07-11 10:00:00|Monitor10.txt",2025-07-11T10:00:00Z,2025-07-17T11:59:00Z,"OK","M","DGRP303","21.5C","Winter","NA","08:12","M10","Batch1_DGRP",0.867260733711376,1248.85545654438,0.778202013189865,373.536966331135,0.911805555555556,875.333333333333,0,420,25740,0.895211658570437,1289.10478834143,0.827442827442827,397.172557172557,0.929166666666667,892,1800,4200,28920,0.934073560027759,1345.06592643997,0.914760914760915,439.085239085239,0.94375,906,360,300,29820,0.910478834142956,1311.08952116586,0.906444906444906,435.093555093555,0.9125,876,360,600,30780,0.864677307425399,1245.13532269257,0.833679833679834,400.16632016632,0.880208333333333,845,420,2700,33600,0.815405968077724,1174.18459403192,0.671517671517672,322.328482328482,0.8875,852,900,1200,33300,0.783483691880639,1128.21651630812,0.515592515592516,247.484407484408,0.917708333333333,881,24.8333333333333,20.7919463087248,14.3333333333333,62.453488372093
"2025-07-11 10:00:00|Monitor10.txt|21",21,"2025-07-11 10:00:00|Monitor10.txt",2025-07-11T10:00:00Z,2025-07-17T11:59:00Z,"OK","M","DGRP303","21.5C","Winter","NA","08:12","M10","Batch1_DGRP",0.812637426223817,1170.1978937623,0.89795209996529,431.017007983339,0.769965277777778,739.166666666667,0,300,32340,0.887578070784178,1278.11242192922,0.885654885654886,425.114345114345,0.888541666666667,853,420,3240,39960,0.878556557945871,1265.12144344205,0.935550935550936,449.064449064449,0.85,816,360,3180,38880,0.830673143650243,1196.16932685635,0.937629937629938,450.06237006237,0.777083333333333,746,0,300,33900,0.788341429562804,1135.21165857044,0.933471933471933,448.066528066528,0.715625,687,480,2700,36600,0.709229701596114,1021.2907702984,0.819126819126819,393.180873180873,0.654166666666667,628,360,300,35820,0.779319916724497,1122.22068008328,0.869022869022869,417.130977130977,0.734375,705,17.1666666666667,29.4757281553398,18,49.9722222222222
"2025-07-11 10:00:00|Monitor10.txt|22",22,"2025-07-11 10:00:00|Monitor10.txt",2025-07-11T10:00:00Z,2025-07-17T11:59:00Z,"OK","M","DGRP303","21.5C","Winter","NA","08:12","M10","Batch1_DGRP",0.79203795856961,1140.53466034024,0.715029503644568,343.214161749393,0.830555555555556,797.333333333333,0,2640,23520,0.866065232477446,1247.13393476752,0.869022869022869,417.130977130977,0.864583333333333,830,360,900,31260,0.924358084663428,1331.07564191534,0.906444906444906,435.093555093555,0.933333333333333,896,420,480,66060,0.799444829979181,1151.20055517002,0.758835758835759,364.241164241164,0.819791666666667,787,540,900,34260,0.754337265787648,1086.24566273421,0.719334719334719,345.280665280665,0.771875,741,780,2340,42600,0.6911866759195,995.30881332408,0.544698544698545,261.455301455301,0.764583333333333,734,0,300,31320,0.717557251908397,1033.28244274809,0.494802494802495,237.505197505198,0.829166666666667,796,25.5,22.3006535947712,25.1666666666667,33.3509933774834
"2025-07-11 10:00:00|Monitor10.txt|23",23,"2025-07-11 10:00:00|Monitor10.txt",2025-07-11T10:00:00Z,2025-07-17T11:59:00Z,"OK","M","DGRP303","21.5C","Winter","NA","08:12","M10","Batch1_DGRP",0.679666705242449,978.720055549126,0.720236029156543,345.713293995141,0.659375,633,0,300,34500,0.761276891047884,1096.23872310895,0.713097713097713,342.286902286902,0.785416666666667,754,420,780,45300,0.798056904927134,1149.20194309507,0.912681912681913,438.087318087318,0.740625,711,360,1080,35280,0.650936849410132,937.34906315059,0.785862785862786,377.214137214137,0.583333333333333,560,360,2760,65880,0.668285912560722,962.331714087439,0.719334719334719,345.280665280665,0.642708333333333,617,360,660,38460,0.614156835530881,884.385843164469,0.582120582120582,279.417879417879,0.630208333333333,605,360,1620,37080,0.58501040943789,842.414989590562,0.607068607068607,291.392931392931,0.573958333333333,551,26.5,17.9874213836478,29.3333333333333,31.5113636363636
"2025-07-11 10:00:00|Monitor10.txt|25",25,"2025-07-11 10:00:00|Monitor10.txt",2025-07-11T10:00:00Z,2025-07-17T11:59:00Z,"OK","M","DGRP303","21.5C","Winter","NA","08:12","M10","Batch1_DGRP",0.861590093739151,1240.68973498438,0.70010413051024,336.049982644915,0.942361111111111,904.666666666667,480,2160,3240,0.975711311589174,1405.02428868841,0.962577962577963,462.037422037422,0.982291666666667,943,420,420,27300,0.936849410131853,1349.06315058987,0.871101871101871,418.128898128898,0.969791666666667,931,1200,1260,26940,0.864677307425399,1245.13532269257,0.735966735966736,353.264033264033,0.929166666666667,892,3420,660,29880,0.836224843858432,1204.16377515614,0.671517671517672,322.328482328482,0.91875,882,1020,840,61620,0.748091603053435,1077.25190839695,0.461538461538462,221.538461538462,0.891666666666667,856,2340,540,31020,0.808466342817488,1164.19153365718,0.501039501039501,240.498960498961,0.9625,924,24,33.6805555555555,13.5,44.8518518518519
"2025-07-11 10:00:00|Monitor10.txt|26",26,"2025-07-11 10:00:00|Monitor10.txt",2025-07-11T10:00:00Z,2025-07-17T11:59:00Z,"OK","M","DGRP303","21.5C","Winter","NA","08:12","M10","Batch1_DGRP",0.804652239324152,1158.69922462678,0.701839639014231,336.883026726831,0.856076388888889,821.833333333333,0,840,25380,0.94795281054823,1365.05204718945,0.927234927234927,445.072765072765,0.958333333333333,920,600,1440,31140,0.858431644691187,1236.14156835531,0.819126819126819,393.180873180873,0.878125,843,840,600,32520,0.873004857737682,1257.12699514226,0.821205821205821,394.178794178794,0.898958333333333,863,2160,300,38880,0.714781401804303,1029.2852185982,0.557172557172557,267.442827442828,0.79375,762,780,420,36840,0.687022900763359,989.312977099237,0.538461538461538,258.461538461539,0.761458333333333,731,660,360,30300,0.746703678001388,1075.253296322,0.548856548856549,263.451143451143,0.845833333333333,812,32.1666666666667,18.1450777202072,27.1666666666667,30.0061349693252
"2025-07-11 10:00:00|Monitor10.txt|27",27,"2025-07-11 10:00:00|Monitor10.txt",2025-07-11T10:00:00Z,2025-07-17T11:59:00Z,"OK","M","DGRP303","21.5C","Winter","NA","08:12","M10","Batch1_DGRP",0.683717162365467,984.552713806272,0.544949670253384,261.575841721624,0.753125,723,4860,540,58920,0.753643303261624,1085.24635669674,0.484407484407485,232.515592515593,0.888541666666667,853,360,360,32340,0.711311589174185,1024.28868841083,0.540540540540541,259.459459459459,0.796875,765,2400,300,33900,0.623178348369188,897.376821651631,0.474012474012474,227.525987525988,0.697916666666667,670,360,840,38760,0.600971547536433,865.399028452464,0.517671517671518,248.482328482328,0.642708333333333,617,360,540,34080,0.673143650242887,969.326856349757,0.623700623700624,299.376299376299,0.697916666666667,670,360,780,33660,0.739070090215128,1064.26092990978,0.627858627858628,301.372141372141,0.794791666666667,763,30.6666666666667,16.2934782608696,22.8333333333333,39.3795620437956
"2025-07-11 10:00:00|Monitor10.txt|29",29,"2025-07-11 10:00:00|Monitor10.txt",2025-07-11T10:00:00Z,2025-07-17T11:59:00Z,"OK","M","DGRP303","21.5C","Winter","NA","08:12","M10","Batch1_DGRP",0.80627242217336,1161.03228792964,0.642832349878515,308.559527941687,0.888020833333333,852.5,360,420,31020,0.80499653018737,1159.19500346981,0.542619542619543,260.45738045738,0.936458333333333,899,480,2580,32580,0.850104094378904,1224.14989590562,0.719334719334719,345.280665280665,0.915625,879,0,300,62040,0.773074253990285,1113.22692574601,0.752598752598753,361.247401247401,0.783333333333333,752,540,360,32520,0.76058292852186,1095.23941707148,0.548856548856549,263.451143451143,0.866666666666667,832,1380,660,32640,0.811242192921582,1168.18875780708,0.553014553014553,265.446985446986,0.940625,903,720,660,31020,0.837612768910479,1206.16238723109,0.742203742203742,356.257796257796,0.885416666666667,850,29.8333333333333,15.854748603352,23.5,39.5886524822695
"2025-07-11 10:00:00|Monitor10.txt|31",31,"2025-07-11 10:00:00|Monitor10.txt",2025-07-11T10:00:00Z,2025-07-17T11:59:00Z,"OK","M","DGRP303","21.5C","Winter","NA","08:12","M10","Batch1_DGRP",0.813216062955677,1171.03113065617,0.774036792780285,371.537660534537,0.8328125,799.5,0,300,49020,0.875780707841777,1261.12421929216,0.819126819126819,393.180873180873,0.904166666666667,868,780,2640,55980,0.875780707841777,1261.12421929216,0.808731808731809,388.191268191268,0.909375,873,420,900,65580,0.827897293546149,1192.17210270645,0.706860706860707,339.293139293139,0.888541666666667,853,420,1080,32460,0.816099930603748,1175.1839000694,0.742203742203742,356.257796257796,0.853125,819,360,1080,63660,0.783483691880639,1128.21651630812,0.844074844074844,405.155925155925,0.753125,723,720,4980,31560,0.699514226231784,1007.30048577377,0.721413721413721,346.278586278586,0.688541666666667,661,30.1666666666667,15.4198895027624,23.6666666666667,39.3169014084507
"2025-07-11 10:00:00|Monitor10.txt|32",32,"2025-07-11 10:00:00|Monitor10.txt",2025-07-11T10:00:00Z,2025-07-17T11:59:00Z,"OK","M","DGRP303","21.5C","Winter","NA","08:12","M10","Batch1_DGRP",0.746209929406319,1074.5422983451,0.740020826102048,355.209996528983,0.749305555555556,719.333333333333,0,300,35580,0.856349757113116,1233.14365024289,0.858627858627859,412.141372141372,0.855208333333333,821,420,1020,53640,0.884802220680083,1274.11519777932,0.927234927234927,445.072765072765,0.863541666666667,829,360,900,36180,0.78764746703678,1134.21235253296,0.96049896049896,461.039501039501,0.701041666666667,673,660,600,43380,0.668285912560722,962.331714087439,0.575883575883576,276.424116424116,0.714583333333333,686,6180,360,65940,0.689798750867453,993.310201249133,0.515592515592516,247.484407484408,0.777083333333333,746,1080,900,65280,0.589174184594032,848.410825815406,0.598752598752599,287.401247401247,0.584375,561,20.6666666666667,22.3870967741936,35.3333333333333,26.4433962264151
"2025-07-11 10:00:00|Monitor5.txt|06",6,"2025-07-11 10:00:00|Monitor5.txt",2025-07-11T10:00:00Z,2025-07-17T11:59:00Z,"OK","M","DGRP335","21.5C","Winter","NA","08:12","M5","Batch1_DGRP",0.932183775026039,1342.3446360375,0.885803540437348,425.185699409927,0.955381944444444,917.166666666667,0,660,54420,0.96530187369882,1390.0346981263,0.954261954261954,458.045738045738,0.970833333333333,932,840,960,31680,0.975017349063151,1404.02498265094,0.943866943866944,453.056133056133,0.990625,951,360,960,29460,0.977099236641221,1407.02290076336,0.958419958419958,460.04158004158,0.986458333333333,947,60,1320,48660,0.890353920888272,1282.10964607911,0.841995841995842,404.158004158004,0.914583333333333,878,660,5340,46500,0.93060374739764,1340.0693962526,0.914760914760915,439.085239085239,0.938541666666667,901,1080,1560,38700,0.854267869535045,1230.14573213047,0.700623700623701,336.299376299376,0.93125,894,16.1666666666667,28.701030927835,11.6666666666667,81.0857142857142
"2025-07-11 10:00:00|Monitor5.txt|18",18,"2025-07-11 10:00:00|Monitor5.txt",2025-07-11T10:00:00Z,2025-07-17T11:59:00Z,"OK","M","DGRP335","21.5C","Winter","NA","08:12","M5","Batch1_DGRP",0.948385603518111,1365.67526906608,0.927802846233947,445.345366192294,0.958680555555556,920.333333333333,0,300,55020,0.931991672449688,1342.06800832755,0.943866943866944,453.056133056133,0.926041666666667,889,14820,6120,61980,0.986120749479528,1420.01387925052,0.991683991683992,476.008316008316,0.983333333333333,944,11640,1080,27960,0.983344899375434,1416.01665510062,0.972972972972973,467.027027027027,0.988541666666667,949,1380,1260,28920,0.915336571825121,1318.08466342817,0.864864864864865,415.135135135135,0.940625,903,300,3000,29580,0.943789035392089,1359.05621096461,0.88981288981289,427.110187110187,0.970833333333333,932,840,9540,60720,0.92852185981957,1337.07147814018,0.9002079002079,432.099792099792,0.942708333333333,905,9.66666666666667,54.1896551724138,14,63.6666666666667
"2025-07-11 10:00:00|Monitor5.txt|30",30,"2025-07-11 10:00:00|Monitor5.txt",2025-07-11T10:00:00Z,2025-07-17T11:59:00Z,"OK","M","DGRP335","21.5C","Winter","NA","08:12","M5","Batch1_DGRP",0.923157042009027,1329.346140493,0.918431100312391,440.846928149948,0.925520833333333,888.5,0,360,31500,0.909784871616933,1310.09021512838,0.891891891891892,428.108108108108,0.91875,882,780,480,29820,0.945176960444136,1361.05482303956,0.908523908523908,436.091476091476,0.963541666666667,925,780,3720,30360,0.929909784871617,1339.07009021513,0.871101871101871,418.128898128898,0.959375,921,420,5340,31380,0.883414295628036,1272.11658570437,0.891891891891892,428.108108108108,0.879166666666667,844,5820,660,30720,0.936155447605829,1348.06384455239,0.972972972972973,467.027027027027,0.917708333333333,881,15360,3540,30720,0.934073560027759,1345.06592643997,0.972972972972973,467.027027027027,0.914583333333333,878,14,29.5357142857143,16.8333333333333,59.3861386138614
"2025-07-11 10:00:00|Monitor5.txt|31",31,"2025-07-11 10:00:00|Monitor5.txt",2025-07-11T10:00:00Z,2025-07-17T11:59:00Z,"OK","M","DGRP335","21.5C","Winter","NA","08:12","M5","Batch1_DGRP",0.952783242680245,1372.00786945955,0.917389795209997,440.347101700798,0.970486111111111,931.666666666667,0,300,30480,0.929909784871617,1339.07009021513,0.866943866943867,416.133056133056,0.961458333333333,923,540,4260,30060,0.963913948646773,1388.03608605135,0.927234927234927,445.072765072765,0.982291666666667,943,1020,360,30120,0.962526023594726,1386.03747397641,0.923076923076923,443.076923076923,0.982291666666667,943,360,840,30660,0.960444136016655,1383.03955586398,0.916839916839917,440.08316008316,0.982291666666667,943,9540,9060,31020,0.963219986120749,1387.03678001388,0.964656964656965,463.035343035343,0.9625,924,0,10320,31080,0.936155447605829,1348.06384455239,0.904365904365904,434.095634095634,0.952083333333333,914,12,37.0277777777778,7.33333333333333,133.090909090909
"2025-07-11 10:00:00|Monitor50.txt|02",2,"2025-07-11 10:00:00|Monitor50.txt",2025-07-11T10:00:00Z,2025-07-17T11:59:00Z,"OK","M","DGRP307","21.5C","Winter","NA","08:12","M50","Batch1_DGRP",0.715310727925009,1030.04744821201,0.515446025685526,247.414092329052,0.815277777777778,782.666666666667,0,420,29880,0.810548230395559,1167.1894517696,0.652806652806653,313.347193347193,0.889583333333333,854,1920,420,30300,0.688410825815406,991.311589174185,0.523908523908524,251.476091476092,0.770833333333333,740,2460,840,29880,0.714781401804303,1029.2852185982,0.51975051975052,249.48024948025,0.8125,780,0,300,51120,0.688410825815406,991.311589174185,0.455301455301455,218.544698544699,0.805208333333333,773,2280,600,30240,0.693268563497571,998.306731436502,0.476091476091476,228.523908523909,0.802083333333333,770,2340,3060,30120,0.696044413601666,1002.3039555864,0.465696465696466,223.534303534304,0.811458333333333,779,34.3333333333333,13.8155339805825,25.1666666666667,37.4238410596027
"2025-07-11 10:00:00|Monitor50.txt|03",3,"2025-07-11 10:00:00|Monitor50.txt",2025-07-11T10:00:00Z,2025-07-17T11:59:00Z,"OK","M","DGRP307","21.5C","Winter","NA","08:12","M50","Batch1_DGRP",0.822821432704548,1184.86286309455,0.617841027421035,296.563693162097,0.925347222222222,888.333333333334,0,300,31740,0.877862595419847,1264.12213740458,0.777546777546778,373.222453222453,0.928125,891,2460,420,39660,0.85912560721721,1237.14087439278,0.688149688149688,330.31185031185,0.944791666666667,907,1140,300,47100,0.803608605135323,1157.19639139486,0.490644490644491,235.509355509356,0.960416666666667,922,4920,720,42060,0.79736294240111,1148.2026370576,0.517671517671518,248.482328482328,0.9375,900,2220,420,29940,0.79528105482304,1145.20471894518,0.594594594594595,285.405405405405,0.895833333333333,860,660,660,30120,0.803608605135323,1157.19639139486,0.64033264033264,307.359667359667,0.885416666666667,850,26.6666666666667,17.04375,19,50.5175438596492
"2025-07-11 10:00:00|Monitor50.txt|04",4,"2025-07-11 10:00:00|Monitor50.txt",2025-07-11T10:00:00Z,2025-07-17T11:59:00Z,"OK","M","DGRP307","21.5C","Winter","NA","08:12","M50","Batch1_DGRP",0.688230528873973,991.051961578521,0.456785838250607,219.257202360292,0.803993055555556,771.833333333333,0,360,29700,0.811936155447606,1169.18806384455,0.694386694386694,333.305613305613,0.870833333333333,836,3180,660,66540,0.692574600971548,997.307425399029,0.542619542619543,260.45738045738,0.767708333333333,737,2940,720,29820,0.675919500346981,973.324080499653,0.376299376299376,180.623700623701,0.826041666666667,793,3360,540,30000,0.6294240111034,906.370575988897,0.301455301455301,144.698544698545,0.79375,762,600,480,44640,0.665510062456627,958.334489937543,0.434511434511435,208.565488565489,0.78125,750,2160,360,30120,0.653018736988203,940.346981263012,0.390852390852391,187.609147609148,0.784375,753,26.3333333333333,17.620253164557,25.6666666666667,37.1818181818182
"2025-07-11 10:00:00|Monitor50.txt|05",5,"2025-07-11 10:00:00|Monitor50.txt",2025-07-11T10:00:00Z,2025-07-17T11:59:00Z,"OK","M","DGRP307","21.5C","Winter","NA","08:12","M50","Batch1_DGRP",0.743779655132508,1071.04270339081,0.618535230822631,296.896910794863,0.806423611111111,774.166666666667,0,1140,46680,0.916724496877169,1320.08327550312,0.88981288981289,427.110187110187,0.930208333333333,893,600,1140,29880,0.831367106176267,1197.16863289382,0.677754677754678,325.322245322245,0.908333333333333,872,0,2100,30540,0.759888965995836,1094.240111034,0.613305613305613,294.386694386694,0.833333333333333,800,1500,360,35040,0.71616932685635,1031.28383067314,0.474012474012474,227.525987525988,0.8375,804,720,660,30660,0.63705759888966,917.36294240111,0.58004158004158,278.419958419958,0.665625,639,480,1020,37560,0.60235947258848,867.397640527412,0.48024948024948,230.519750519751,0.663541666666667,637,24.1666666666667,19.9448275862069,32.6666666666667,28.4285714285715
"2025-07-11 10:00:00|Monitor50.txt|07",7,"2025-07-11 10:00:00|Monitor50.txt",2025-07-11T10:00:00Z,2025-07-17T11:59:00Z,"OK","M","DGRP307","21.5C","Winter","NA","08:12","M50","Batch1_DGRP",0.723643096863789,1042.04605948386,0.562304755293301,269.906282540784,0.804340277777778,772.166666666667,1980,360,41400,0.886190145732131,1276.11380985427,0.823284823284823,395.176715176715,0.917708333333333,881,1860,1200,31140,0.805690492713394,1160.19430950729,0.681912681912682,327.318087318087,0.867708333333333,833,1620,780,49380,0.731436502428869,1053.26856349757,0.56964656964657,273.430353430353,0.8125,780,1500,480,44880,0.635669673837613,915.364330326162,0.53014553014553,254.469854469854,0.688541666666667,661,1680,360,44040,0.596807772380292,859.40319222762,0.35966735966736,172.640332640333,0.715625,687,960,900,29880,0.685634975711312,987.314365024289,0.40956340956341,196.590436590437,0.823958333333333,791,22.3333333333333,21.7313432835821,25,37.0733333333333
"2025-07-11 10:00:00|Monitor50.txt|08",8,"2025-07-11 10:00:00|Monitor50.txt",2025-07-11T10:00:00Z,2025-07-17T11:59:00Z,"OK","M","DGRP307","21.5C","Winter","NA","08:12","M50","Batch1_DGRP",0.596921652586506,859.567179724569,0.335300242971191,160.944116626171,0.727777777777778,698.666666666667,0,420,32820,0.730048577376822,1051.26995142262,0.617463617463617,296.382536382536,0.786458333333333,755,1560,900,30720,0.643303261623872,926.356696738376,0.428274428274428,205.571725571726,0.751041666666667,721,4020,780,30120,0.569049271339348,819.430950728661,0.180873180873181,86.8191268191268,0.763541666666667,733,2520,720,57900,0.569743233865371,820.430256766135,0.280665280665281,134.719334719335,0.714583333333333,686,3420,540,66060,0.530187369882026,763.469812630118,0.284823284823285,136.715176715177,0.653125,627,2160,600,30180,0.538514920194309,775.461485079806,0.22037422037422,105.779625779626,0.697916666666667,670,23,20.4855072463768,39,24.1923076923077
"2025-07-11 10:00:00|Monitor50.txt|10",10,"2025-07-11 10:00:00|Monitor50.txt",2025-07-11T10:00:00Z,2025-07-17T11:59:00Z,"OK","M","DGRP307","21.5C","Winter","NA","08:12","M50","Batch1_DGRP",0.745168383288971,1073.04247193612,0.644567858382506,309.392572023603,0.795486111111111,763.666666666667,1560,300,31440,0.870922970159611,1254.12907702984,0.814968814968815,391.185031185031,0.898958333333333,863,1740,1980,49080,0.825121443442054,1188.17487855656,0.762993762993763,366.237006237006,0.85625,822,540,540,4440,0.768910478834143,1107.23108952117,0.66943866943867,321.330561330561,0.81875,786,1200,360,31680,0.686328938237335,988.313671061763,0.638253638253638,306.361746361746,0.710416666666667,682,540,540,31680,0.641915336571825,924.358084663428,0.488565488565489,234.511434511435,0.71875,690,600,600,31140,0.676613462873005,974.323386537127,0.490644490644491,235.509355509356,0.769791666666667,739,28.8333333333333,17.5375722543353,24,37.7361111111111
"2025-07-11 10:00:00|Monitor50.txt|11",11,"2025-07-11 10:00:00|Monitor50.txt",2025-07-11T10:00:00Z,2025-07-17T11:59:00Z,"OK","M","DGRP307","21.5C","Winter","NA","08:12","M50","Batch1_DGRP",0.614743663927786,885.230876056012,0.454009024644221,217.924331829226,0.695138888888889,667.333333333333,0,420,30720,0.874392782789729,1259.12560721721,0.9002079002079,432.099792099792,0.861458333333333,827,480,720,29820,0.773074253990285,1113.22692574601,0.64033264033264,307.359667359667,0.839583333333333,806,1500,300,30180,0.634281748785566,913.365718251214,0.436590436590437,209.56340956341,0.733333333333333,704,1200,480,30420,0.573907009021513,826.426092990979,0.328482328482329,157.671517671518,0.696875,669,1200,720,34200,0.460097154753643,662.539902845246,0.247401247401247,118.752598752599,0.566666666666667,544,1680,300,31080,0.374045801526718,538.625954198473,0.176715176715177,84.8232848232848,0.472916666666667,454,29,17.0862068965517,35.3333333333333,25.8962264150943
"2025-07-11 10:00:00|Monitor50.txt|12",12,"2025-07-11 10:00:00|Monitor50.txt",2025-07-11T10:00:00Z,2025-07-17T11:59:00Z,"OK","M","DGRP307","21.5C","Winter","NA","08:12","M50","Batch1_DGRP",0.648767503761139,934.22520541604,0.605345366192294,290.565775772301,0.670486111111111,643.666666666667,0,1620,37860,0.778625954198473,1121.2213740458,0.896049896049896,430.10395010395,0.719791666666667,691,300,360,48180,0.734212352532963,1057.26578764747,0.694386694386694,333.305613305613,0.754166666666667,724,120,420,5520,0.63705759888966,917.36294240111,0.623700623700624,299.376299376299,0.64375,618,240,420,53280,0.600277585010409,864.39972241499,0.550935550935551,264.449064449064,0.625,600,660,300,30360,0.516308119361555,743.483691880639,0.382536382536383,183.617463617464,0.583333333333333,560,1440,300,41220,0.625260235947259,900.374739764053,0.482328482328482,231.517671517672,0.696875,669,28.5,16.6315789473684,46.8333333333333,19.8220640569395
"2025-07-11 10:00:00|Monitor50.txt|13",13,"2025-07-11 10:00:00|Monitor50.txt",2025-07-11T10:00:00Z,2025-07-17T11:59:00Z,"OK","M","DGRP307","21.5C","Winter","NA","08:12","M50","Batch1_DGRP",0.507001504455503,730.082166415924,0.401249566122874,192.59979173898,0.559895833333333,537.5,60,360,37920,0.772380291464261,1112.22761970854,0.746361746361746,358.253638253638,0.785416666666667,754,900,420,33300,0.65440666204025,942.34559333796,0.457380457380458,219.54261954262,0.753125,723,3540,480,33540,0.657876474670368,947.34212352533,0.557172557172557,267.442827442828,0.708333333333333,680,1860,2760,34320,0.418459403192228,602.581540596808,0.347193347193347,166.652806652807,0.454166666666667,436,360,420,81900,0.249826509368494,359.750173490632,0.176715176715177,84.8232848232848,0.286458333333333,275,5460,300,61560,0.290076335877863,417.709923664122,0.126819126819127,60.8731808731809,0.371875,357,26.3333333333333,19.7151898734177,37.1666666666667,24.1838565022421
"2025-07-11 10:00:00|Monitor50.txt|15",15,"2025-07-11 10:00:00|Monitor50.txt",2025-07-11T10:00:00Z,2025-07-17T11:59:00Z,"OK","M","DGRP307","21.5C","Winter","NA","08:12","M50","Batch1_DGRP",0.794931142228909,1144.70084480963,0.619923637625824,297.563346060396,0.882465277777778,847.166666666667,1500,3540,48780,0.931991672449688,1342.06800832755,0.937629937629938,450.06237006237,0.929166666666667,892,1620,1860,29940,0.90353920888272,1301.09646079112,0.83991683991684,403.160083160083,0.935416666666667,898,3120,840,29940,0.83206106870229,1198.1679389313,0.696465696465697,334.303534303534,0.9,864,900,300,30180,0.721721027064539,1039.27827897294,0.513513513513514,246.486486486487,0.826041666666667,793,900,360,44700,0.709923664122137,1022.29007633588,0.446985446985447,214.553014553015,0.841666666666667,808,2340,780,29940,0.671061762664816,966.328938237335,0.288981288981289,138.711018711019,0.8625,828,20.8333333333333,22.856,19,49.7368421052632
"2025-07-11 10:00:00|Monitor50.txt|16",16,"2025-07-11 10:00:00|Monitor50.txt",2025-07-11T10:00:00Z,2025-07-17T11:59:00Z,"OK","M","DGRP307","21.5C","Winter","NA","08:12","M50","Batch1_DGRP",0.610461752112024,879.064923041315,0.427976397084346,205.428670600486,0.701736111111111,673.666666666667,0,540,37500,0.718945176960444,1035.28105482304,0.683991683991684,328.316008316008,0.736458333333333,707,2520,360,30540,0.64677307425399,931.353226925746,0.407484407484407,195.592515592516,0.766666666666667,736,2100,480,48600,0.600277585010409,864.39972241499,0.27027027027027,129.72972972973,0.765625,735,60,420,30300,0.610687022900763,879.389312977099,0.397089397089397,190.602910602911,0.717708333333333,689,0,600,30000,0.533657182512144,768.466342817488,0.390852390852391,187.609147609148,0.605208333333333,581,600,1860,52260,0.552394170714781,795.447605829285,0.41995841995842,201.580041580042,0.61875,594,32.1666666666667,14.9430051813472,32.8333333333333,28.2944162436548
"2025-07-11 10:00:00|Monitor50.txt|17",17,"2025-07-11 10:00:00|Monitor50.txt",2025-07-11T10:00:00Z,2025-07-17T11:59:00Z,"OK","M","DGRP307","21.5C","Winter","NA","08:12","M50","Batch1_DGRP",0.754310843652355,1086.20761485939,0.742797639708435,356.542867060049,0.760069444444445,729.666666666667,0,360,60540,0.843858431644691,1215.15614156836,0.918918918918919,441.081081081081,0.80625,774,2580,600,29820,0.759195003469813,1093.24080499653,0.67983367983368,326.320166320166,0.798958333333333,767,360,300,54360,0.703678001387925,1013.29632199861,0.77962577962578,374.220374220374,0.665625,639,1200,300,33840,0.755725190839695,1088.24427480916,0.713097713097713,342.286902286902,0.777083333333333,746,1560,420,60960,0.699514226231784,1007.30048577377,0.64033264033264,307.359667359667,0.729166666666667,700,0,300,29760,0.763358778625954,1099.23664122137,0.723492723492724,347.276507276507,0.783333333333333,752,31.6666666666667,14.5578947368421,41.8333333333333,22.2430278884462
"2025-07-11 10:00:00|Monitor50.txt|18",18,"2025-07-11 10:00:00|Monitor50.txt",2025-07-11T10:00:00Z,2025-07-17T11:59:00Z,"OK","M","DGRP307","21.5C","Winter","NA","08:12","M50","Batch1_DGRP",0.736951741696563,1061.21050804305,0.572023602915654,274.571329399514,0.819444444444445,786.666666666667,720,900,39060,0.866065232477446,1247.13393476752,0.837837837837838,402.162162162162,0.880208333333333,845,1080,1320,30480,0.78764746703678,1134.21235253296,0.681912681912682,327.318087318087,0.840625,807,900,1440,31440,0.666897987508675,960.333102012491,0.422037422037422,202.577962577963,0.789583333333333,758,1020,360,30720,0.6911866759195,995.30881332408,0.440748440748441,211.559251559252,0.816666666666667,784,600,1200,58620,0.737682165163081,1062.26231783484,0.64033264033264,307.359667359667,0.786458333333333,755,420,300,67560,0.67175572519084,967.328244274809,0.40956340956341,196.590436590437,0.803125,771,32,14.8854166666667,31.1666666666667,29.5133689839572
"2025-07-11 10:00:00|Monitor50.txt|19",19,"2025-07-11 10:00:00|Monitor50.txt",2025-07-11T10:00:00Z,2025-07-17T11:59:00Z,"OK","M","DGRP307","21.5C","Winter","NA","08:12","M50","Batch1_DGRP",0.791806503876866,1140.20136558269,0.751475182228393,360.708087469629,0.811979166666667,779.5,1740,420,31260,0.818181818181818,1178.18181818182,0.777546777546778,373.222453222453,0.838541666666667,805,2700,2700,31020,0.847328244274809,1220.15267175573,0.835758835758836,401.164241164241,0.853125,819,840,540,58680,0.789035392088827,1136.21096460791,0.675675675675676,324.324324324324,0.845833333333333,812,360,360,30660,0.813324080499653,1171.1866759195,0.767151767151767,368.232848232848,0.836458333333333,803,1200,300,34080,0.746009715475364,1074.25399028452,0.756756756756757,363.243243243243,0.740625,711,360,300,66060,0.736988202637058,1061.26301179736,0.696465696465697,334.303534303534,0.757291666666667,727,26,18.0128205128205,24.5,38.2108843537415
"2025-07-11 10:00:00|Monitor50.txt|21",21,"2025-07-11 10:00:00|Monitor50.txt",2025-07-11T10:00:00Z,2025-07-17T11:59:00Z,"OK","M","DGRP307","21.5C","Winter","NA","08:12","M50","Batch1_DGRP",0.741349380858697,1067.54310843652,0.645262061784103,309.725789656369,0.789409722222222,757.833333333333,480,360,30420,0.860513532269257,1239.13948646773,0.873180873180873,419.126819126819,0.854166666666667,820,1080,840,29940,0.815405968077724,1174.18459403192,0.671517671517672,322.328482328482,0.8875,852,360,300,29700,0.68147120055517,981.318528799445,0.544698544698545,261.455301455301,0.75,720,660,300,52860,0.619014573213047,891.380985426787,0.559251559251559,268.440748440748,0.648958333333333,623,780,420,29940,0.698126301179736,1005.30187369882,0.553014553014553,265.446985446986,0.770833333333333,740,540,360,58320,0.773768216516308,1114.22623178348,0.671517671517672,322.328482328482,0.825,792,34,13.7598039215686,37,25.1756756756757
"2025-07-11 10:00:00|Monitor50.txt|24",24,"2025-07-11 10:00:00|Monitor50.txt",2025-07-11T10:00:00Z,2025-07-17T11:59:00Z,"OK","M","DGRP307","21.5C","Winter","NA","08:12","M50","Batch1_DGRP",0.691702349265131,996.051382941789,0.547032280458174,262.575494619924,0.7640625,733.5,1380,540,30480,0.882720333102012,1271.1172796669,0.808731808731809,388.191268191268,0.919791666666667,883,1740,900,54180,0.845940319222762,1218.15405968078,0.725571725571726,348.274428274428,0.90625,870,1320,360,1800,0.720333102012491,1037.27966689799,0.615384615384615,295.384615384615,0.772916666666667,742,1020,420,30360,0.661346287300486,952.338653712699,0.490644490644491,235.509355509356,0.746875,717,1500,540,66360,0.52116585704372,750.478834142956,0.284823284823285,136.715176715177,0.639583333333333,614,900,840,30180,0.517696044413602,745.482303955586,0.355509355509356,170.644490644491,0.598958333333333,575,24.3333333333333,19.3219178082192,32.3333333333333,29.0721649484536
"2025-07-11 10:00:00|Monitor50.txt|25",25,"2025-07-11 10:00:00|Monitor50.txt",2025-07-11T10:00:00Z,2025-07-17T11:59:00Z,"OK","M","DGRP307","21.5C","Winter","NA","08:12","M50","Batch1_DGRP",0.860317092929059,1238.85661381785,0.657757723012843,315.723707046165,0.961631944444444,923.166666666667,0,480,55500,0.941707147814018,1356.05829285219,0.879417879417879,422.120582120582,0.972916666666667,934,1560,1560,34860,0.869535045107564,1252.13046495489,0.671517671517672,322.328482328482,0.96875,930,2160,360,44880,0.827203331020125,1191.17279666898,0.632016632016632,303.367983367983,0.925,888,1980,900,29460,0.869535045107564,1252.13046495489,0.659043659043659,316.340956340956,0.975,936,120,300,47580,0.819569743233865,1180.18043025677,0.513513513513514,246.486486486487,0.972916666666667,934,780,420,58500,0.834836918806385,1202.16516308119,0.594594594594595,285.405405405405,0.955208333333333,917,27.1666666666667,16.9877300613497,12.8333333333333,74
"2025-07-11 10:00:00|Monitor50.txt|26",26,"2025-07-11 10:00:00|Monitor50.txt",2025-07-11T10:00:00Z,2025-07-17T11:59:00Z,"OK","M","DGRP307","21.5C","Winter","NA","08:12","M50","Batch1_DGRP",0.829186436755005,1194.02846892721,0.797639708434571,382.867060048594,0.844965277777778,811.166666666667,120,660,56100,0.843164469118668,1214.15683553088,0.860706860706861,413.139293139293,0.834375,801,360,300,30120,0.861207494795281,1240.1387925052,0.85031185031185,408.149688149688,0.866666666666667,832,360,300,32700,0.824427480916031,1187.17557251908,0.742203742203742,356.257796257796,0.865625,831,240,300,42360,0.796668979875087,1147.20333102013,0.769230769230769,369.230769230769,0.810416666666667,778,1020,540,30300,0.811242192921582,1168.18875780708,0.817047817047817,392.182952182952,0.808333333333333,776,600,300,41700,0.836918806384455,1205.16308119362,0.742203742203742,356.257796257796,0.884375,849,23,20.0217391304348,26.1666666666667,35.9872611464968
"2025-07-11 10:00:00|Monitor50.txt|27",27,"2025-07-11 10:00:00|Monitor50.txt",2025-07-11T10:00:00Z,2025-07-17T11:59:00Z,"OK","M","DGRP307","21.5C","Winter","NA","08:12","M50","Batch1_DGRP",0.784399953709062,1129.53593334105,0.650815688996876,312.391530718501,0.851215277777778,817.166666666667,0,480,48300,0.759888965995836,1094.240111034,0.511434511434512,245.488565488566,0.884375,849,1200,360,51900,0.809854267869535,1166.19014573213,0.738045738045738,354.261954261954,0.845833333333333,812,540,360,49320,0.770992366412214,1110.22900763359,0.719334719334719,345.280665280665,0.796875,765,1500,2580,51780,0.802220680083276,1155.19777931992,0.696465696465697,334.303534303534,0.855208333333333,821,540,360,52560,0.761970853573907,1097.23802914643,0.586278586278586,281.413721413721,0.85,816,480,1320,31080,0.801526717557252,1154.19847328244,0.654885654885655,314.345114345114,0.875,840,32.5,14.2461538461538,27.8333333333333,33.6347305389222
"2025-07-11 10:00:00|Monitor50.txt|28",28,"2025-07-11 10:00:00|Monitor50.txt",2025-07-11T10:00:00Z,2025-07-17T11:59:00Z,"OK","M","DGRP307","21.5C","Winter","NA","08:12","M50","Batch1_DGRP",0.800601782201134,1152.86656636963,0.70426935091982,338.049288441513,0.848784722222222,814.833333333333,0,360,31380,0.854961832061069,1231.14503816794,0.806652806652807,387.193347193347,0.879166666666667,844,720,360,30960,0.864677307425399,1245.13532269257,0.810810810810811,389.189189189189,0.891666666666667,856,600,420,53580,0.828591256072172,1193.17140874393,0.758835758835759,364.241164241164,0.863541666666667,829,240,360,30300,0.77793199167245,1120.22206800833,0.659043659043659,316.340956340956,0.8375,804,180,1260,36300,0.721721027064539,1039.27827897294,0.577962577962578,277.422037422037,0.79375,762,1020,1380,52440,0.755031228313671,1087.24496877169,0.611226611226611,293.388773388773,0.827083333333333,794,32.6666666666667,14.1887755102041,27.3333333333333,34.1951219512195
"2025-07-11 10:00:00|Monitor50.txt|29",29,"2025-07-11 10:00:00|Monitor50.txt",2025-07-11T10:00:00Z,2025-07-17T11:59:00Z,"OK","M","DGRP307","21.5C","Winter","NA","08:12","M50","Batch1_DGRP",0.8502488137947,1224.35829186437,0.874002082610205,419.520999652898,0.838368055555556,804.833333333333,0,300,48180,0.860513532269257,1239.13948646773,0.883575883575884,424.116424116424,0.848958333333333,815,780,360,35700,0.901457321304649,1298.0985426787,0.93970893970894,451.060291060291,0.882291666666667,847,480,420,38520,0.842470506592644,1213.15752949341,0.875259875259875,420.12474012474,0.826041666666667,793,180,2160,30360,0.804302567661346,1158.19569743234,0.794178794178794,381.205821205821,0.809375,777,1560,600,30600,0.870229007633588,1253.12977099237,0.810810810810811,389.189189189189,0.9,864,420,420,45060,0.823039555863984,1185.17696044414,0.941787941787942,452.058212058212,0.763541666666667,733,18,26.1111111111111,28,33.2440476190476
"2025-07-11 10:00:00|Monitor50.txt|31",31,"2025-07-11 10:00:00|Monitor50.txt",2025-07-11T10:00:00Z,2025-07-17T11:59:00Z,"OK","M","DGRP307","21.5C","Winter","NA","08:12","M50","Batch1_DGRP",0.657909964124523,947.390348339313,0.509892398472753,244.748351266921,0.731944444444444,702.666666666667,0,480,30540,0.793199167244969,1142.20680083276,0.600831600831601,288.399168399168,0.889583333333333,854,840,900,37800,0.755031228313671,1087.24496877169,0.561330561330561,269.43866943867,0.852083333333333,818,540,300,30000,0.67175572519084,967.328244274809,0.575883575883576,276.424116424116,0.719791666666667,691,1980,300,65940,0.591256072172103,851.408743927828,0.505197505197505,242.494802494803,0.634375,609,1320,540,30060,0.587786259541985,846.412213740458,0.424116424116424,203.575883575884,0.669791666666667,643,360,300,66900,0.54823039555864,789.451769604441,0.392931392931393,188.607068607069,0.626041666666667,601,39.6666666666667,11.9201680672269,29,32.2126436781609
"2025-07-11 10:00:00|Monitor50.txt|32",32,"2025-07-11 10:00:00|Monitor50.txt",2025-07-11T10:00:00Z,2025-07-17T11:59:00Z,"OK","M","DGRP307","21.5C","Winter","NA","08:12","M50","Batch1_DGRP",0.780118041893299,1123.36998032635,0.614370010413051,294.897604998265,0.863020833333333,828.5,1740,480,31020,0.851492019430951,1226.14850798057,0.746361746361746,358.253638253638,0.904166666666667,868,1140,300,36600,0.836224843858432,1204.16377515614,0.673596673596674,323.326403326403,0.917708333333333,881,60,360,44400,0.776544066620403,1118.22345593338,0.634095634095634,304.365904365904,0.847916666666667,814,3180,1320,29940,0.746703678001388,1075.253296322,0.471933471933472,226.528066528067,0.884375,849,3120,480,29820,0.705065926439972,1015.29493407356,0.561330561330561,269.43866943867,0.777083333333333,746,660,360,29820,0.764746703678001,1101.23525329632,0.600831600831601,288.399168399168,0.846875,813,36,12.9537037037037,20.8333333333333,45.328
"2025-07-11 10:00:00|Monitor51.txt|01",1,"2025-07-11 10:00:00|Monitor51.txt",2025-07-11T10:00:00Z,2025-07-17T11:59:00Z,"OK","M","DGRP362","21.5C","Winter","NA","08:12","M51","Batch1_DGRP",0.748987385719246,1078.54183543571,0.809788267962513,388.698368622006,0.718576388888889,689.833333333333,0,300,41700,0.79528105482304,1145.20471894518,0.798336798336798,383.201663201663,0.79375,762,1500,900,18420,0.744621790423317,1072.25537820958,0.823284823284823,395.176715176715,0.705208333333333,677,1500,780,52560,0.770992366412214,1110.22900763359,0.812889812889813,390.18711018711,0.75,720,780,300,47340,0.700902151283831,1009.29909784872,0.754677754677755,362.245322245322,0.673958333333333,647,1020,420,59460,0.749479528105482,1079.25052047189,0.827442827442827,397.172557172557,0.710416666666667,682,720,420,62880,0.732130464954892,1054.26786953505,0.83991683991684,403.160083160083,0.678125,651,19.5,28.1367521367521,25.6666666666667,33.6428571428571
"2025-07-11 10:00:00|Monitor51.txt|02",2,"2025-07-11 10:00:00|Monitor51.txt",2025-07-11T10:00:00Z,2025-07-17T11:59:00Z,"OK","M","DGRP362","21.5C","Winter","NA","08:12","M51","Batch1_DGRP",0.68510589052193,986.55248235158,0.765706351961125,367.53904894134,0.644791666666667,619,0,420,52680,0.714087439278279,1028.28591256072,0.798336798336798,383.201663201663,0.671875,645,60,300,44400,0.759195003469813,1093.24080499653,0.798336798336798,383.201663201663,0.739583333333333,710,780,300,42360,0.734212352532963,1057.26578764747,0.792099792099792,380.2079002079,0.705208333333333,677,1800,540,63960,0.682165163081194,982.317834836919,0.765072765072765,367.234927234927,0.640625,615,1620,360,43860,0.612768910478834,882.387231089521,0.72972972972973,350.27027027027,0.554166666666667,532,0,300,49440,0.607911172796669,875.392088827203,0.708939708939709,340.29106029106,0.557291666666667,535,26.6666666666667,17.18125,33.1666666666667,28.5628140703518
"2025-07-11 10:00:00|Monitor51.txt|03",3,"2025-07-11 10:00:00|Monitor51.txt",2025-07-11T10:00:00Z,2025-07-17T11:59:00Z,"OK","M","DGRP362","21.5C","Winter","NA","08:12","M51","Batch1_DGRP",0.670292790186321,965.221617868302,0.653592502603263,313.724401249566,0.678645833333333,651.5,3720,480,51060,0.657182512144344,946.342817487856,0.602910602910603,289.397089397089,0.684375,657,3000,540,43800,0.721721027064539,1039.27827897294,0.721413721413721,346.278586278586,0.721875,693,3540,480,51960,0.609299097848716,877.390700902151,0.611226611226611,293.388773388773,0.608333333333333,584,60,360,51060,0.65440666204025,942.34559333796,0.659043659043659,316.340956340956,0.652083333333333,626,3480,480,44160,0.677307425399028,975.322692574601,0.663201663201663,318.336798336798,0.684375,657,3000,360,58020,0.700208188757807,1008.29979181124,0.659043659043659,316.340956340956,0.720833333333333,692,30,18.4444444444444,22.3333333333333,38.1119402985075
"2025-07-11 10:00:00|Monitor51.txt|04",4,"2025-07-11 10:00:00|Monitor51.txt",2025-07-11T10:00:00Z,2025-07-17T11:59:00Z,"OK","M","DGRP362","21.5C","Winter","NA","08:12","M51","Batch1_DGRP",0.768429579909733,1106.53859507002,0.73134328358209,351.044776119403,0.786979166666667,755.5,3780,540,61680,0.79736294240111,1148.2026370576,0.69022869022869,331.309771309771,0.851041666666667,817,3720,900,46080,0.789729354614851,1137.21027064539,0.74012474012474,355.259875259875,0.814583333333333,782,1860,300,40800,0.775850104094379,1117.22414989591,0.773388773388773,371.226611226611,0.777083333333333,746,2100,720,42240,0.768910478834143,1107.23108952117,0.717255717255717,344.282744282744,0.794791666666667,763,1320,540,44100,0.745315752949341,1073.25468424705,0.725571725571726,348.274428274428,0.755208333333333,725,1260,300,42240,0.732130464954892,1054.26786953505,0.738045738045738,354.261954261954,0.729166666666667,700,24.5,19.2176870748299,23.1666666666667,40.3812949640288
"2025-07-11 10:00:00|Monitor51.txt|05",5,"2025-07-11 10:00:00|Monitor51.txt",2025-07-11T10:00:00Z,2025-07-17T11:59:00Z,"OK","M","DGRP362","21.5C","Winter","NA","08:12","M51","Batch1_DGRP",0.678740886471473,977.386876518922,0.75425199583478,362.040958000694,0.640972222222222,615.333333333333,1860,900,57960,0.73351839000694,1056.26648160999,0.752598752598753,361.247401247401,0.723958333333333,695,0,300,67680,0.74323386537127,1070.25676613463,0.783783783783784,376.216216216216,0.722916666666667,694,1860,300,11220,0.738376127689105,1063.26162387231,0.827442827442827,397.172557172557,0.69375,666,780,300,53760,0.662734212352533,954.337265787647,0.715176715176715,343.284823284823,0.636458333333333,611,360,360,10560,0.605135322692575,871.394864677307,0.727650727650728,349.272349272349,0.54375,522,540,1080,65340,0.589174184594032,848.410825815406,0.717255717255717,344.282744282744,0.525,504,27.3333333333333,16.8963414634146,41.3333333333333,22.4112903225807
"2025-07-11 10:00:00|Monitor51.txt|06",6,"2025-07-11 10:00:00|Monitor51.txt",2025-07-11T10:00:00Z,2025-07-17T11:59:00Z,"OK","M","DGRP362","21.5C","Winter","NA","08:12","M51","Batch1_DGRP",0.763800486054855,1099.87269991899,0.80631725095453,387.032280458174,0.742534722222222,712.833333333333,2520,660,52080,0.746009715475364,1074.25399028452,0.746361746361746,358.253638253638,0.745833333333333,716,2580,480,63840,0.775156141568355,1116.22484385843,0.814968814968815,391.185031185031,0.755208333333333,725,2280,1080,53760,0.753643303261624,1085.24635669674,0.775467775467775,372.224532224532,0.742708333333333,713,2280,480,59280,0.737682165163081,1062.26231783484,0.775467775467775,372.224532224532,0.71875,690,660,420,13680,0.785565579458709,1131.21443442054,0.866943866943867,416.133056133056,0.744791666666667,715,1320,360,16800,0.784871616932686,1130.21512838307,0.858627858627859,412.141372141372,0.747916666666667,718,20.1666666666667,25.7685950413223,30,29.3
"2025-07-11 10:00:00|Monitor51.txt|07",7,"2025-07-11 10:00:00|Monitor51.txt",2025-07-11T10:00:00Z,2025-07-17T11:59:00Z,"OK","M","DGRP362","21.5C","Winter","NA","08:12","M51","Batch1_DGRP",0.695637079041778,1001.71739382016,0.690732384588685,331.551544602569,0.698090277777778,670.166666666667,1560,480,60600,0.719639139486468,1036.28036086051,0.665280665280665,319.334719334719,0.746875,717,780,1500,44160,0.715475364330326,1030.28452463567,0.700623700623701,336.299376299376,0.722916666666667,694,1860,360,45420,0.666204024982651,959.333795975017,0.696465696465697,334.303534303534,0.651041666666667,625,1680,1020,52020,0.675225537820958,972.324774462179,0.67983367983368,326.320166320166,0.672916666666667,646,1380,1140,64380,0.702290076335878,1011.29770992366,0.744282744282744,357.255717255717,0.68125,654,0,300,47040,0.695350451075642,1001.30464954892,0.659043659043659,316.340956340956,0.713541666666667,685,30,17.0722222222222,32.3333333333333,27.819587628866
"2025-07-11 10:00:00|Monitor51.txt|08",8,"2025-07-11 10:00:00|Monitor51.txt",2025-07-11T10:00:00Z,2025-07-17T11:59:00Z,"OK","M","DGRP362","21.5C","Winter","NA","08:12","M51","Batch1_DGRP",0.745515565328087,1073.54241407245,0.872613675807011,418.854564387366,0.681944444444445,654.666666666667,0,300,69960,0.765440666204025,1102.2345593338,0.85031185031185,408.149688149688,0.722916666666667,694,1020,1200,56220,0.795975017349063,1146.20402498265,0.885654885654886,425.114345114345,0.751041666666667,721,1680,360,12120,0.755031228313671,1087.24496877169,0.912681912681913,438.087318087318,0.676041666666667,649,1260,1800,47100,0.736294240111034,1060.26370575989,0.885654885654886,425.114345114345,0.661458333333333,635,1440,1020,20340,0.705065926439972,1015.29493407356,0.825363825363825,396.174636174636,0.644791666666667,619,1140,420,10140,0.71616932685635,1031.28383067314,0.877338877338877,421.122661122661,0.635416666666667,610,17,28.3725490196078,35.6666666666667,25.9485981308411
"2025-07-11 10:00:00|Monitor51.txt|09",9,"2025-07-11 10:00:00|Monitor51.txt",2025-07-11T10:00:00Z,2025-07-17T11:59:00Z,"OK","M","DGRP362","21.5C","Winter","NA","08:12","M51","Batch1_DGRP",0.675037611387571,972.054160398102,0.751822283929191,360.874696286012,0.636631944444445,611.166666666667,2400,1740,48600,0.70853573907009,1020.29146426093,0.760914760914761,365.239085239085,0.682291666666667,655,1380,540,70800,0.712699514226232,1026.28730048577,0.735966735966736,353.264033264033,0.701041666666667,673,2160,1020,54000,0.66412213740458,956.335877862595,0.735966735966736,353.264033264033,0.628125,603,1620,300,14520,0.617626648160999,889.382373351839,0.769230769230769,369.230769230769,0.541666666666667,520,1500,540,53520,0.646079111727967,930.353920888272,0.72972972972973,350.27027027027,0.604166666666667,580,960,360,67200,0.700208188757807,1008.29979181124,0.775467775467775,372.224532224532,0.6625,636,23.8333333333333,21.4825174825175,29.8333333333333,30.1564245810056
"2025-07-11 10:00:00|Monitor51.txt|10",10,"2025-07-11 10:00:00|Monitor51.txt",2025-07-11T10:00:00Z,2025-07-17T11:59:00Z,"OK","M","DGRP362","21.5C","Winter","NA","08:12","M51","Batch1_DGRP",0.73440574007638,1057.54426570999,0.872266574106213,418.687955570982,0.665451388888889,638.833333333333,0,300,43020,0.775850104094379,1117.22414989591,0.858627858627859,412.141372141372,0.734375,705,0,360,67500,0.778625954198473,1121.2213740458,0.864864864864865,415.135135135135,0.735416666666667,706,180,540,13080,0.712005551700208,1025.2879944483,0.844074844074844,405.155925155925,0.645833333333333,620,360,720,20040,0.69882026370576,1006.30117973629,0.848232848232848,407.151767151767,0.623958333333333,599,360,600,65880,0.723108952116586,1041.27689104788,0.898128898128898,431.101871101871,0.635416666666667,610,1740,1560,16980,0.717557251908397,1033.28244274809,0.916839916839917,440.08316008316,0.617708333333333,593,18,25.5277777777778,38.5,24.3679653679654
"2025-07-11 10:00:00|Monitor51.txt|11",11,"2025-07-11 10:00:00|Monitor51.txt",2025-07-11T10:00:00Z,2025-07-17T11:59:00Z,"OK","M","DGRP362","21.5C","Winter","NA","08:12","M51","Batch1_DGRP",0.764263395440343,1100.53928943409,0.820201318986463,393.696633113502,0.736284722222222,706.833333333333,1860,1020,47760,0.782789729354615,1127.21721027065,0.808731808731809,388.191268191268,0.769791666666667,739,1200,600,46380,0.795975017349063,1146.20402498265,0.864864864864865,415.135135135135,0.761458333333333,731,2940,300,64020,0.766828591256072,1104.23317140874,0.819126819126819,393.180873180873,0.740625,711,3660,1080,15720,0.71616932685635,1031.28383067314,0.792099792099792,380.2079002079,0.678125,651,2760,600,62820,0.755031228313671,1087.24496877169,0.823284823284823,395.176715176715,0.720833333333333,692,2820,360,60360,0.768216516308119,1106.23178348369,0.810810810810811,389.189189189189,0.746875,717,17.6666666666667,25.8679245283019,29.1666666666667,32.7885714285714
"2025-07-11 10:00:00|Monitor51.txt|12",12,"2025-07-11 10:00:00|Monitor51.txt",2025-07-11T10:00:00Z,2025-07-17T11:59:00Z,"OK","M","DGRP362","21.5C","Winter","NA","08:12","M51","Batch1_DGRP",0.648073139682907,933.225321143386,0.674071502950365,323.554321416175,0.635069444444445,609.666666666667,2100,720,52140,0.659264399722415,949.340735600278,0.688149688149688,330.31185031185,0.644791666666667,619,1020,660,61140,0.671061762664816,966.328938237335,0.746361746361746,358.253638253638,0.633333333333333,608,3120,900,47220,0.630117973629424,907.369882026371,0.675675675675676,324.324324324324,0.607291666666667,583,3660,720,53160,0.612074947952811,881.387925052047,0.659043659043659,316.340956340956,0.588541666666667,565,900,360,62340,0.614156835530881,884.385843164469,0.604989604989605,290.39501039501,0.61875,594,480,840,50940,0.700902151283831,1009.29909784872,0.667359667359667,320.33264033264,0.717708333333333,689,29.1666666666667,16.1314285714286,42.6666666666667,21.8125
"2025-07-11 10:00:00|Monitor51.txt|13",13,"2025-07-11 10:00:00|Monitor51.txt",2025-07-11T10:00:00Z,2025-07-17T11:59:00Z,"OK","M","DGRP362","21.5C","Winter","NA","08:12","M51","Batch1_DGRP",0.691239439879644,995.384793426687,0.761888233252343,365.706351961125,0.655902777777778,629.666666666667,1800,300,62340,0.734212352532963,1057.26578764747,0.721413721413721,346.278586278586,0.740625,711,1140,600,1980,0.761970853573907,1097.23802914643,0.846153846153846,406.153846153846,0.719791666666667,691,1560,660,55200,0.730742539902845,1052.2692574601,0.798336798336798,383.201663201663,0.696875,669,1140,780,4560,0.67175572519084,967.328244274809,0.812889812889813,390.18711018711,0.601041666666667,577,780,300,51120,0.618320610687023,890.381679389313,0.727650727650728,349.272349272349,0.563541666666667,541,720,780,4320,0.630811936155448,908.369188063845,0.665280665280665,319.334719334719,0.613541666666667,589,26.5,18.3018867924528,37.1666666666667,24.372197309417
"2025-07-11 10:00:00|Monitor51.txt|14",14,"2025-07-11 10:00:00|Monitor51.txt",2025-07-11T10:00:00Z,2025-07-17T11:59:00Z,"OK","M","DGRP362","21.5C","Winter","NA","08:12","M51","Batch1_DGRP",0.69459553292443,1000.21756741118,0.697674418604651,334.883720930233,0.693055555555556,665.333333333333,2580,1020,68280,0.703678001387925,1013.29632199861,0.698544698544699,335.301455301455,0.70625,678,2100,600,66060,0.73560027758501,1059.26439972241,0.725571725571726,348.274428274428,0.740625,711,2160,1500,65040,0.703678001387925,1013.29632199861,0.715176715176715,343.284823284823,0.697916666666667,670,60,300,59280,0.689798750867453,993.310201249133,0.64033264033264,307.359667359667,0.714583333333333,686,1980,840,54420,0.64469118667592,928.355308813324,0.638253638253638,306.361746361746,0.647916666666667,622,1860,540,42240,0.689798750867453,993.310201249133,0.767151767151767,368.232848232848,0.651041666666667,625,28.8333333333333,17.9479768786127,37.1666666666667,23.6502242152466
"2025-07-11 10:00:00|Monitor51.txt|15",15,"2025-07-11 10:00:00|Monitor51.txt",2025-07-11T10:00:00Z,2025-07-17T11:59:00Z,"OK","M","DGRP362","21.5C","Winter","NA","08:12","M51","Batch1_DGRP",0.70466381205879,1014.71588936466,0.771954182575495,370.538007636237,0.671006944444445,644.166666666667,0,300,44400,0.76058292852186,1095.23941707148,0.777546777546778,373.222453222453,0.752083333333333,722,1140,960,44100,0.73351839000694,1056.26648160999,0.752598752598753,361.247401247401,0.723958333333333,695,1080,360,44640,0.702984038861901,1012.29701596114,0.771309771309771,370.22869022869,0.66875,642,1140,300,63780,0.709229701596114,1021.2907702984,0.806652806652807,387.193347193347,0.660416666666667,634,900,600,10560,0.67175572519084,967.328244274809,0.812889812889813,390.18711018711,0.601041666666667,577,480,1800,47820,0.650242886884108,936.349757113116,0.711018711018711,341.288981288981,0.619791666666667,595,26,17.9038461538462,44.8333333333333,20.907063197026
"2025-07-11 10:00:00|Monitor51.txt|17",17,"2025-07-11 10:00:00|Monitor51.txt",2025-07-11T10:00:00Z,2025-07-17T11:59:00Z,"OK","M","DGRP362","21.5C","Winter","NA","08:12","M51","Batch1_DGRP",0.875361647957412,1260.52077305867,0.967025338424158,464.172162443596,0.829513888888889,796.333333333333,1020,780,75120,0.909090909090909,1309.09090909091,0.952182952182952,457.047817047817,0.8875,852,24840,4440,60720,0.894517696044414,1288.10548230396,0.993762993762994,477.006237006237,0.844791666666667,811,1380,4260,5820,0.895211658570437,1289.10478834143,0.987525987525988,474.012474012474,0.848958333333333,815,420,1260,41580,0.880638445523942,1268.11936155448,0.995841995841996,478.004158004158,0.822916666666667,790,240,660,57480,0.847328244274809,1220.15267175573,0.948024948024948,455.051975051975,0.796875,765,1140,480,6720,0.825815405968078,1189.17418459403,0.925155925155925,444.074844074844,0.776041666666667,745,5.66666666666667,75.6176470588235,11.6666666666667,85.6857142857143
"2025-07-11 10:00:00|Monitor51.txt|18",18,"2025-07-11 10:00:00|Monitor51.txt",2025-07-11T10:00:00Z,2025-07-17T11:59:00Z,"OK","M","DGRP362","21.5C","Winter","NA","08:12","M51","Batch1_DGRP",0.619951394514524,892.730008100914,0.703228045817425,337.549461992364,0.578298611111111,555.166666666667,1680,540,58080,0.673837612768911,970.326162387231,0.727650727650728,349.272349272349,0.646875,621,1020,360,16020,0.620402498265094,893.379597501735,0.677754677754678,325.322245322245,0.591666666666667,568,1380,720,63120,0.554476058292852,798.445523941707,0.67983367983368,326.320166320166,0.491666666666667,472,600,300,15420,0.572519083969466,824.427480916031,0.675675675675676,324.324324324324,0.520833333333333,500,3300,300,12840,0.640527411519778,922.35947258848,0.754677754677755,362.245322245322,0.583333333333333,560,600,300,5520,0.656488549618321,945.343511450382,0.698544698544699,335.301455301455,0.635416666666667,610,25.8333333333333,18.6516129032258,46.5,19.5412186379928
"2025-07-11 10:00:00|Monitor51.txt|19",19,"2025-07-11 10:00:00|Monitor51.txt",2025-07-11T10:00:00Z,2025-07-17T11:59:00Z,"OK","M","DGRP362","21.5C","Winter","NA","08:12","M51","Batch1_DGRP",0.731859738456197,1053.87802337692,0.864283234987851,414.855952794169,0.665625,639,840,2400,53040,0.750173490631506,1080.24982650937,0.883575883575884,424.116424116424,0.683333333333333,656,960,1200,47220,0.786953504510756,1133.21304649549,0.916839916839917,440.08316008316,0.721875,693,1500,600,11040,0.743927827897294,1071.2560721721,0.862785862785863,414.137214137214,0.684375,657,60,360,16680,0.690492713393477,994.309507286606,0.83991683991684,403.160083160083,0.615625,591,1620,1020,52680,0.697432338653713,1004.30256766135,0.85031185031185,408.149688149688,0.620833333333333,596,600,300,44100,0.721027064538515,1038.27897293546,0.827442827442827,397.172557172557,0.667708333333333,641,16.3333333333333,30.265306122449,34,26.8725490196078
"2025-07-11 10:00:00|Monitor51.txt|20",20,"2025-07-11 10:00:00|Monitor51.txt",2025-07-11T10:00:00Z,2025-07-17T11:59:00Z,"OK","M","DGRP362","21.5C","Winter","NA","08:12","M51","Batch1_DGRP",0.79145932183775,1139.70142344636,0.780978826796251,374.869836862201,0.796701388888889,764.833333333333,0,360,63120,0.792505204718945,1141.20749479528,0.708939708939709,340.29106029106,0.834375,801,540,300,43380,0.807078417765441,1162.19292158223,0.802494802494803,385.197505197505,0.809375,777,720,780,58680,0.801526717557252,1154.19847328244,0.735966735966736,353.264033264033,0.834375,801,1620,1020,51540,0.74323386537127,1070.25676613463,0.758835758835759,364.241164241164,0.735416666666667,706,120,2520,75840,0.804302567661346,1158.19569743234,0.83991683991684,403.160083160083,0.786458333333333,755,0,600,78420,0.798056904927134,1149.20194309507,0.833679833679834,400.16632016632,0.780208333333333,749,24.1666666666667,19.0896551724138,38.5,24.2813852813853
"2025-07-11 10:00:00|Monitor51.txt|21",21,"2025-07-11 10:00:00|Monitor51.txt",2025-07-11T10:00:00Z,2025-07-17T11:59:00Z,"OK","M","DGRP362","21.5C","Winter","NA","08:12","M51","Batch1_DGRP",0.753037842842264,1084.37449369286,0.643526553280111,308.892745574453,0.8078125,775.5,0,360,59160,0.69882026370576,1006.30117973629,0.565488565488566,271.434511434512,0.765625,735,2280,300,42120,0.758501040943789,1092.24149895906,0.594594594594595,285.405405405405,0.840625,807,5280,780,39000,0.756419153365718,1089.24358084663,0.615384615384615,295.384615384615,0.827083333333333,794,540,360,48780,0.768216516308119,1106.23178348369,0.66943866943867,321.330561330561,0.817708333333333,785,780,360,41640,0.775156141568355,1116.22484385843,0.698544698544699,335.301455301455,0.813541666666667,781,2280,600,39960,0.761276891047884,1096.23872310895,0.719334719334719,345.280665280665,0.782291666666667,751,26.5,18.3207547169811,21.6666666666667,42.5769230769231
"2025-07-11 10:00:00|Monitor51.txt|22",22,"2025-07-11 10:00:00|Monitor51.txt",2025-07-11T10:00:00Z,2025-07-17T11:59:00Z,"OK","M","DGRP362","21.5C","Winter","NA","08:12","M51","Batch1_DGRP",0.683138525633607,983.719476912394,0.856646997570288,411.190558833738,0.596354166666667,572.5,0,300,65400,0.739070090215128,1064.26092990978,0.879417879417879,422.120582120582,0.66875,642,600,3420,54300,0.759888965995836,1094.240111034,0.88981288981289,427.110187110187,0.694791666666667,667,0,300,14640,0.632199861207495,910.367800138792,0.794178794178794,381.205821205821,0.551041666666667,529,540,780,5520,0.693268563497571,998.306731436502,0.881496881496882,423.118503118503,0.598958333333333,575,60,4020,6660,0.630117973629424,907.369882026371,0.885654885654886,425.114345114345,0.502083333333333,482,360,4260,71160,0.643997224149896,927.35600277585,0.806652806652807,387.193347193347,0.5625,540,17.1666666666667,32.5533980582524,46.1666666666667,18.0938628158845
"2025-07-11 10:00:00|Monitor51.txt|23",23,"2025-07-11 10:00:00|Monitor51.txt",2025-07-11T10:00:00Z,2025-07-17T11:59:00Z,"OK","M","DGRP362","21.5C","Winter","NA","08:12","M51","Batch1_DGRP",0.847818539520889,1220.85869691008,0.96043040610899,461.006594932315,0.791493055555556,759.833333333333,0,300,41580,0.878556557945871,1265.12144344205,0.98960498960499,475.010395010395,0.822916666666667,790,720,28500,720,0.877168632893824,1263.12283136711,0.993762993762994,477.006237006237,0.81875,786,960,18240,39840,0.872310895211659,1256.12768910479,0.991683991683992,476.008316008316,0.8125,780,720,1500,42960,0.8147120055517,1173.18528799445,0.891891891891892,428.108108108108,0.776041666666667,745,840,300,42960,0.816793893129771,1176.18320610687,0.927234927234927,445.072765072765,0.761458333333333,731,180,960,52200,0.827203331020125,1191.17279666898,0.966735966735967,464.033264033264,0.757291666666667,727,9.16666666666667,51.0181818181818,15.6666666666667,60.9468085106383
"2025-07-11 10:00:00|Monitor51.txt|26",26,"2025-07-11 10:00:00|Monitor51.txt",2025-07-11T10:00:00Z,2025-07-17T11:59:00Z,"OK","M","DGRP362","21.5C","Winter","NA","08:12","M51","Batch1_DGRP",0.776993403541257,1118.87050109941,0.794168691426588,381.200971884762,0.768402777777778,737.666666666667,0,360,67920,0.780013879250521,1123.21998612075,0.77962577962578,374.220374220374,0.780208333333333,749,960,660,53400,0.8147120055517,1173.18528799445,0.810810810810811,389.189189189189,0.816666666666667,784,1020,600,65460,0.769604441360167,1108.23039555864,0.765072765072765,367.234927234927,0.771875,741,660,480,42180,0.752255378209577,1083.24774462179,0.79002079002079,379.209979209979,0.733333333333333,704,1020,660,9300,0.766134628730049,1103.23386537127,0.781704781704782,375.218295218295,0.758333333333333,728,960,2100,7380,0.778625954198473,1121.2213740458,0.835758835758836,401.164241164241,0.75,720,24.5,19.2040816326531,41.6666666666667,21.984
"2025-07-11 10:00:00|Monitor51.txt|27",27,"2025-07-11 10:00:00|Monitor51.txt",2025-07-11T10:00:00Z,2025-07-17T11:59:00Z,"OK","M","DGRP362","21.5C","Winter","NA","08:12","M51","Batch1_DGRP",0.76056012035644,1095.20657331327,0.863936133287053,414.689343977785,0.708854166666667,680.5,0,300,59880,0.750173490631506,1080.24982650937,0.814968814968815,391.185031185031,0.717708333333333,689,2580,1860,9900,0.759195003469813,1093.24080499653,0.858627858627859,412.141372141372,0.709375,681,300,600,64800,0.715475364330326,1030.28452463567,0.873180873180873,419.126819126819,0.636458333333333,611,840,1200,67080,0.761276891047884,1096.23872310895,0.856548856548857,411.143451143451,0.713541666666667,685,420,780,54720,0.782789729354615,1127.21721027065,0.923076923076923,443.076923076923,0.7125,684,600,840,42420,0.793199167244969,1142.20680083276,0.852390852390852,409.147609147609,0.763541666666667,733,16.6666666666667,28.57,29.8333333333333,31.3519553072626
"2025-07-11 10:00:00|Monitor51.txt|28",28,"2025-07-11 10:00:00|Monitor51.txt",2025-07-11T10:00:00Z,2025-07-17T11:59:00Z,"OK","M","DGRP362","21.5C","Winter","NA","08:12","M51","Batch1_DGRP",0.686031709292906,987.885661381785,0.798681013536966,383.366886497744,0.6296875,604.5,1140,1620,65520,0.709923664122137,1022.29007633588,0.817047817047817,392.182952182952,0.65625,630,1440,900,46740,0.72588480222068,1045.27411519778,0.854469854469854,410.14553014553,0.661458333333333,635,0,300,63660,0.666897987508675,960.333102012491,0.781704781704782,375.218295218295,0.609375,585,720,660,8640,0.657182512144344,946.342817487856,0.771309771309771,370.22869022869,0.6,576,1200,300,5100,0.648854961832061,934.351145038168,0.754677754677755,362.245322245322,0.595833333333333,572,1740,960,50820,0.707147814018043,1018.29285218598,0.810810810810811,389.189189189189,0.655208333333333,629,19.8333333333333,26.9411764705882,32.3333333333333,27.1030927835052
"2025-07-11 10:00:00|Monitor51.txt|29",29,"2025-07-11 10:00:00|Monitor51.txt",2025-07-11T10:00:00Z,2025-07-17T11:59:00Z,"OK","M","DGRP362","21.5C","Winter","NA","08:12","M51","Batch1_DGRP",0.679666705242449,978.720055549126,0.758764317945158,364.206872613676,0.640104166666667,614.5,0,300,55080,0.698126301179736,1005.30187369882,0.785862785862786,377.214137214137,0.654166666666667,628,540,360,45300,0.687022900763359,989.312977099237,0.758835758835759,364.241164241164,0.651041666666667,625,1200,960,58620,0.679389312977099,978.320610687023,0.731808731808732,351.268191268191,0.653125,627,780,480,10560,0.650936849410132,937.34906315059,0.804573804573805,386.195426195426,0.573958333333333,551,360,900,52980,0.685634975711312,987.314365024289,0.783783783783784,376.216216216216,0.636458333333333,611,1740,660,53880,0.675225537820958,972.324774462179,0.681912681912682,327.318087318087,0.671875,645,28,17.6488095238095,33.5,27.0348258706468
"2025-07-11 10:00:00|Monitor51.txt|30",30,"2025-07-11 10:00:00|Monitor51.txt",2025-07-11T10:00:00Z,2025-07-17T11:59:00Z,"OK","M","DGRP362","21.5C","Winter","NA","08:12","M51","Batch1_DGRP",0.678046522393242,976.386992246268,0.813259284970496,390.364456785838,0.610416666666667,586,900,540,22200,0.736294240111034,1060.26370575989,0.825363825363825,396.174636174636,0.691666666666667,664,660,300,16560,0.697432338653713,1004.30256766135,0.798336798336798,383.201663201663,0.646875,621,60,300,12240,0.653018736988203,940.346981263012,0.835758835758836,401.164241164241,0.561458333333333,539,1140,420,66900,0.633587786259542,912.36641221374,0.79002079002079,379.209979209979,0.555208333333333,533,180,540,7560,0.660652324774462,951.339347675226,0.827442827442827,397.172557172557,0.577083333333333,554,840,300,7140,0.686328938237335,988.313671061763,0.798336798336798,383.201663201663,0.630208333333333,605,23.6666666666667,19.5845070422535,42.3333333333333,21.9291338582677
"2025-07-11 10:00:00|Monitor51.txt|31",31,"2025-07-11 10:00:00|Monitor51.txt",2025-07-11T10:00:00Z,2025-07-17T11:59:00Z,"OK","M","DGRP362","21.5C","Winter","NA","08:12","M51","Batch1_DGRP",0.841800717509548,1212.19303321375,0.813606386671295,390.531065602222,0.855902777777778,821.666666666667,2820,900,61200,0.821651630811936,1183.17834836919,0.77962577962578,374.220374220374,0.842708333333333,809,1080,360,43320,0.848716169326856,1222.15128383067,0.814968814968815,391.185031185031,0.865625,831,2520,300,41100,0.83206106870229,1198.1679389313,0.810810810810811,389.189189189189,0.842708333333333,809,2280,780,10860,0.840388619014573,1210.15961138099,0.787941787941788,378.212058212058,0.866666666666667,832,1200,300,42360,0.873698820263706,1258.12630117974,0.852390852390852,409.147609147609,0.884375,849,1680,480,60840,0.832755031228314,1199.16724496877,0.831600831600832,399.168399168399,0.833333333333333,800,16.5,28.2121212121212,33,28.5
"2025-07-11 10:00:00|Monitor51.txt|32",32,"2025-07-11 10:00:00|Monitor51.txt",2025-07-11T10:00:00Z,2025-07-17T11:59:00Z,"OK","M","DGRP362","21.5C","Winter","NA","08:12","M51","Batch1_DGRP",0.744242564517996,1071.70929290591,0.814994793474488,391.197500867754,0.708854166666667,680.5,1380,360,65400,0.747397640527412,1076.25260235947,0.781704781704782,375.218295218295,0.730208333333333,701,1560,540,39960,0.813324080499653,1171.1866759195,0.864864864864865,415.135135135135,0.7875,756,1320,300,42240,0.731436502428869,1053.26856349757,0.806652806652807,387.193347193347,0.69375,666,1140,660,42960,0.731436502428869,1053.26856349757,0.817047817047817,392.182952182952,0.688541666666667,661,1080,720,43020,0.727966689798751,1048.2720333102,0.831600831600832,399.168399168399,0.676041666666667,649,1500,300,55260,0.713393476752255,1027.28660652325,0.785862785862786,377.214137214137,0.677083333333333,650,22.3333333333333,23.2686567164179,18.6666666666667,47.5892857142857
"2025-07-11 10:00:00|Monitor52.txt|01",1,"2025-07-11 10:00:00|Monitor52.txt",2025-07-11T10:00:00Z,2025-07-17T11:59:00Z,"OK","M","DGRP313","21.5C","Winter","NA","08:12","M52","Batch1_DGRP",0.705010994097905,1015.21583150098,0.355779243318292,170.77403679278,0.8796875,844.5,9480,360,37200,0.70853573907009,1020.29146426093,0.274428274428274,131.725571725572,0.926041666666667,889,10380,1020,57120,0.705065926439972,1015.29493407356,0.386694386694387,185.613305613306,0.864583333333333,830,9480,960,29880,0.704371963913949,1014.29562803609,0.328482328482329,157.671517671518,0.892708333333333,857,9120,420,29460,0.686328938237335,988.313671061763,0.388773388773389,186.611226611227,0.835416666666667,802,10080,1560,49380,0.734906315058987,1058.26509368494,0.426195426195426,204.573804573805,0.889583333333333,854,10500,1020,54300,0.690492713393477,994.309507286606,0.332640332640333,159.66735966736,0.869791666666667,835,18.6666666666667,23.1160714285714,28.3333333333333,34.5882352941176
"2025-07-11 10:00:00|Monitor52.txt|02",2,"2025-07-11 10:00:00|Monitor52.txt",2025-07-11T10:00:00Z,2025-07-17T11:59:00Z,"OK","M","DGRP313","21.5C","Winter","NA","08:12","M52","Batch1_DGRP",0.678277977085986,976.720287003819,0.213120444290177,102.297813259285,0.9109375,874.5,0,300,32580,0.769604441360167,1108.23039555864,0.324324324324324,155.675675675676,0.992708333333333,953,10800,1680,29220,0.78764746703678,1134.21235253296,0.415800415800416,199.5841995842,0.973958333333333,935,11460,420,29400,0.6911866759195,995.30881332408,0.228690228690229,109.77130977131,0.922916666666667,886,13260,360,29400,0.622484385843165,896.377515614157,0.147609147609148,70.8523908523909,0.860416666666667,826,13200,780,29460,0.614850798056905,885.385149201943,0.114345114345114,54.8856548856549,0.865625,831,13800,300,31080,0.582234559333796,838.417765440666,0.0478170478170478,22.952182952183,0.85,816,13.5,25.1728395061728,12.3333333333333,87.8243243243243
"2025-07-11 10:00:00|Monitor52.txt|03",3,"2025-07-11 10:00:00|Monitor52.txt",2025-07-11T10:00:00Z,2025-07-17T11:59:00Z,"OK","M","DGRP313","21.5C","Winter","NA","08:12","M52","Batch1_DGRP",0.680592524013424,980.053234579331,0.478306143700104,229.58694897605,0.781770833333333,750.5,11880,360,29280,0.637751561415684,918.362248438584,0.32016632016632,153.679833679834,0.796875,765,14160,300,36540,0.63705759888966,917.36294240111,0.407484407484407,195.592515592516,0.752083333333333,722,7860,300,34440,0.666897987508675,960.333102012491,0.507276507276507,243.492723492724,0.746875,717,12780,420,34560,0.68910478834143,992.310895211659,0.501039501039501,240.498960498961,0.783333333333333,752,13740,13020,29520,0.713393476752255,1027.28660652325,0.494802494802495,237.505197505198,0.822916666666667,790,8460,360,29700,0.738376127689105,1063.26162387231,0.638253638253638,306.361746361746,0.788541666666667,757,11.8333333333333,32.2676056338028,17.1666666666667,60.4174757281554
"2025-07-11 10:00:00|Monitor52.txt|04",4,"2025-07-11 10:00:00|Monitor52.txt",2025-07-11T10:00:00Z,2025-07-17T11:59:00Z,"OK","M","DGRP313","21.5C","Winter","NA","08:12","M52","Batch1_DGRP",0.538826524707789,775.910195579215,0.225616105518917,108.29573064908,0.695486111111111,667.666666666667,13920,300,38700,0.605135322692575,871.394864677307,0.139293139293139,66.8607068607069,0.838541666666667,805,17040,780,61320,0.499653018736988,719.500346981263,0.118503118503119,56.8814968814969,0.690625,663,11940,420,60840,0.417765440666204,601.582234559334,0.130977130977131,62.8690228690229,0.561458333333333,539,8280,300,58440,0.566273421235253,815.433726578765,0.397089397089397,190.602910602911,0.651041666666667,625,3900,300,35280,0.559333795975017,805.440666204025,0.243243243243243,116.756756756757,0.717708333333333,689,300,420,51840,0.58292852185982,839.41707147814,0.322245322245322,154.677754677755,0.713541666666667,685,17.8333333333333,20.9626168224299,35,29.5428571428571
"2025-07-11 10:00:00|Monitor52.txt|05",5,"2025-07-11 10:00:00|Monitor52.txt",2025-07-11T10:00:00Z,2025-07-17T11:59:00Z,"OK","M","DGRP313","21.5C","Winter","NA","08:12","M52","Batch1_DGRP",0.597963198703854,861.067006133549,0.0916348490107601,43.9847275251649,0.851215277777778,817.166666666667,17580,840,33300,0.551700208188758,794.448299791811,0.0831600831600832,39.9168399168399,0.786458333333333,755,15060,1020,43380,0.587786259541985,846.412213740458,0.0582120582120582,27.9417879417879,0.853125,819,9180,540,42240,0.598195697432339,861.401804302568,0.0498960498960499,23.950103950104,0.872916666666667,838,5760,540,49500,0.573907009021513,826.426092990979,0.114345114345114,54.8856548856549,0.804166666666667,772,30900,540,51660,0.560027758501041,806.439972241499,0.00207900207900208,0.997920997920998,0.839583333333333,806,5880,420,56040,0.715475364330326,1030.28452463567,0.245322245322245,117.754677754678,0.951041666666667,913,8.5,40.7254901960784,24,44.7013888888889
"2025-07-11 10:00:00|Monitor52.txt|06",6,"2025-07-11 10:00:00|Monitor52.txt",2025-07-11T10:00:00Z,2025-07-17T11:59:00Z,"OK","M","DGRP313","21.5C","Winter","NA","08:12","M52","Batch1_DGRP",0.778845041083208,1121.53685915982,0.450885109337036,216.424852481777,0.942881944444444,905.166666666667,0,420,34620,0.75086745315753,1081.24913254684,0.432432432432432,207.567567567568,0.910416666666667,874,8040,2280,29700,0.766134628730049,1103.23386537127,0.338877338877339,162.661122661123,0.980208333333333,941,8100,900,30300,0.77029840388619,1109.22970159611,0.40956340956341,196.590436590437,0.951041666666667,913,6480,540,30000,0.791811242192922,1140.20818875781,0.51975051975052,249.48024948025,0.928125,891,0,480,30360,0.825815405968078,1189.17418459403,0.577962577962578,277.422037422037,0.95,912,0,420,30540,0.767522553782096,1105.23247744622,0.428274428274428,205.571725571726,0.9375,900,19.1666666666667,23.2347826086957,12.1666666666667,80.082191780822
"2025-07-11 10:00:00|Monitor52.txt|07",7,"2025-07-11 10:00:00|Monitor52.txt",2025-07-11T10:00:00Z,2025-07-17T11:59:00Z,"OK","M","DGRP313","21.5C","Winter","NA","08:12","M52","Batch1_DGRP",0.66010878370559,950.556648536049,0.358208955223881,171.940298507463,0.811111111111111,778.666666666667,11580,300,47580,0.639139486467731,920.360860513532,0.255717255717256,122.744282744283,0.83125,798,9840,3480,30060,0.697432338653713,1004.30256766135,0.446985446985447,214.553014553015,0.822916666666667,790,8340,900,30240,0.669673837612769,964.330326162387,0.382536382536383,183.617463617464,0.813541666666667,781,7980,300,31260,0.634975711311589,914.365024288688,0.295218295218295,141.704781704782,0.805208333333333,773,9300,2100,32220,0.636363636363636,916.363636363636,0.353430353430353,169.64656964657,0.778125,747,4320,300,29580,0.68147120055517,981.318528799445,0.413721413721414,198.586278586279,0.815625,783,16.6666666666667,24.55,16.3333333333333,62.2040816326531
"2025-07-11 10:00:00|Monitor52.txt|08",8,"2025-07-11 10:00:00|Monitor52.txt",2025-07-11T10:00:00Z,2025-07-17T11:59:00Z,"OK","M","DGRP313","21.5C","Winter","NA","08:12","M52","Batch1_DGRP",0.545770165490105,785.909038305752,0.0756681707740368,36.3207219715377,0.780902777777778,749.666666666667,15120,360,51420,0.635669673837613,915.364330326162,0.128898128898129,61.8711018711019,0.889583333333333,854,14940,2580,47640,0.594031922276197,855.405968077724,0.0893970893970894,42.9106029106029,0.846875,813,12720,480,61380,0.527411519777932,759.472588480222,0.0852390852390852,40.9147609147609,0.748958333333333,719,21060,540,62280,0.54059680777238,778.459403192228,0.0187110187110187,8.98128898128898,0.802083333333333,770,12300,300,42660,0.546842470506593,787.453157529494,0.0852390852390852,40.9147609147609,0.778125,747,10080,300,57720,0.428174878556558,616.571825121444,0.0457380457380458,21.954261954262,0.619791666666667,595,5.5,55.9393939393939,36.8333333333333,29.8552036199095
"2025-07-11 10:00:00|Monitor52.txt|09",9,"2025-07-11 10:00:00|Monitor52.txt",2025-07-11T10:00:00Z,2025-07-17T11:59:00Z,"OK","M","DGRP313","21.5C","Winter","NA","08:12","M52","Batch1_DGRP",0.696794352505497,1003.38386760792,0.458521346754599,220.090246442208,0.815972222222222,783.333333333333,15840,2040,29880,0.646079111727967,930.353920888272,0.214137214137214,102.785862785863,0.8625,828,11580,540,43560,0.676613462873005,974.323386537127,0.382536382536383,183.617463617464,0.823958333333333,791,720,540,45900,0.707841776544067,1019.29215822346,0.415800415800416,199.5841995842,0.854166666666667,820,180,780,42360,0.769604441360167,1108.23039555864,0.661122661122661,317.338877338877,0.823958333333333,791,5520,540,29760,0.705759888965996,1016.29424011103,0.565488565488566,271.434511434512,0.776041666666667,745,1800,300,30360,0.674531575294934,971.325468424705,0.513513513513514,246.486486486487,0.755208333333333,725,17.3333333333333,26.7596153846154,31.3333333333333,30.1914893617021
"2025-07-11 10:00:00|Monitor52.txt|10",10,"2025-07-11 10:00:00|Monitor52.txt",2025-07-11T10:00:00Z,2025-07-17T11:59:00Z,"OK","M","DGRP313","21.5C","Winter","NA","08:12","M52","Batch1_DGRP",0.639393588705011,920.726767735216,0.0753210690732385,36.1541131551545,0.921527777777778,884.666666666667,0,480,43680,0.632199861207495,910.367800138792,0.0291060291060291,13.970893970894,0.934375,897,120,360,29940,0.617626648160999,889.382373351839,0.0540540540540541,25.9459459459459,0.9,864,20100,780,29700,0.616932685634976,888.383067314365,0.0291060291060291,13.970893970894,0.911458333333333,875,15660,540,30060,0.623872310895212,898.376127689105,0.0457380457380458,21.954261954262,0.913541666666667,877,19800,480,38100,0.632893823733518,911.367106176267,0.0311850311850312,14.968814968815,0.934375,897,8460,360,29640,0.712005551700208,1025.2879944483,0.266112266112266,127.733887733888,0.935416666666667,898,8.33333333333333,45.38,17.5,59.7714285714286
"2025-07-11 10:00:00|Monitor52.txt|11",11,"2025-07-11 10:00:00|Monitor52.txt",2025-07-11T10:00:00Z,2025-07-17T11:59:00Z,"OK","M","DGRP313","21.5C","Winter","NA","08:12","M52","Batch1_DGRP",0.599004744821201,862.56683254253,0.149253731343284,71.6417910447761,0.823958333333333,791,16380,480,66240,0.600277585010409,864.39972241499,0.0893970893970894,42.9106029106029,0.85625,822,11700,660,59160,0.573213046495489,825.426786953505,0.172557172557173,82.8274428274428,0.773958333333333,743,7800,300,59580,0.605829285218598,872.394170714781,0.205821205821206,98.7941787941788,0.80625,774,0,300,71220,0.567661346287301,817.432338653713,0.145530145530146,69.8544698544699,0.779166666666667,748,13320,540,30720,0.598889659958362,862.401110340042,0.126819126819127,60.8731808731809,0.835416666666667,802,4560,420,29340,0.648160999306037,933.351839000694,0.16008316008316,76.8399168399168,0.892708333333333,857,13.6666666666667,33.4512195121951,38.6666666666667,24.5129310344828
"2025-07-11 10:00:00|Monitor52.txt|12",12,"2025-07-11 10:00:00|Monitor52.txt",2025-07-11T10:00:00Z,2025-07-17T11:59:00Z,"OK","M","DGRP313","21.5C","Winter","NA","08:12","M52","Batch1_DGRP",0.657794236778151,947.223700960537,0.295383547379382,141.784102742103,0.8390625,805.5,14400,300,29940,0.646079111727967,930.353920888272,0.251559251559252,120.748440748441,0.84375,810,10500,540,40500,0.647467036780014,932.35253296322,0.349272349272349,167.650727650728,0.796875,765,10320,540,29700,0.662734212352533,954.337265787647,0.349272349272349,167.650727650728,0.819791666666667,787,8760,2700,33000,0.691880638445524,996.308119361555,0.355509355509356,170.644490644491,0.860416666666667,826,8400,360,30420,0.604441360166551,870.395558639834,0.237006237006237,113.762993762994,0.788541666666667,757,9000,300,40920,0.692574600971548,997.307425399029,0.228690228690229,109.77130977131,0.925,888,18.1666666666667,21.2293577981651,23.8333333333333,43.1048951048951
"2025-07-11 10:00:00|Monitor52.txt|13",13,"2025-07-11 10:00:00|Monitor52.txt",2025-07-11T10:00:00Z,2025-07-17T11:59:00Z,"OK","M","DGRP313","21.5C","Winter","NA","08:12","M52","Batch1_DGRP",0.585464645295683,843.069089225784,0.126692120791392,60.8122179798681,0.814930555555556,782.333333333333,60,300,39660,0.630811936155448,908.369188063845,0.205821205821206,98.7941787941788,0.84375,810,16080,1560,36480,0.620402498265094,893.379597501735,0.120582120582121,57.8794178794179,0.870833333333333,836,10680,300,29760,0.622484385843165,896.377515614157,0.168399168399168,80.8316008316008,0.85,816,14460,540,44280,0.551006245662734,793.448993754337,0.0623700623700624,29.9376299376299,0.795833333333333,764,12960,300,44280,0.537126995142262,773.462873004858,0.0956340956340956,45.9043659043659,0.758333333333333,728,12120,420,39000,0.548924358084664,790.451075641915,0.106029106029106,50.8939708939709,0.770833333333333,740,13.6666666666667,25.8048780487805,14.5,73.8275862068966
"2025-07-11 10:00:00|Monitor52.txt|14",14,"2025-07-11 10:00:00|Monitor52.txt",2025-07-11T10:00:00Z,2025-07-17T11:59:00Z,"OK","M","DGRP313","21.5C","Winter","NA","08:12","M52","Batch1_DGRP",0.628978127531536,905.728503645411,0.15827837556404,75.9736202707393,0.864409722222222,829.833333333333,0,360,55320,0.694656488549618,1000.30534351145,0.24948024948025,119.75051975052,0.917708333333333,881,60,300,57000,0.6294240111034,906.370575988897,0.237006237006237,113.762993762994,0.826041666666667,793,11340,720,29700,0.657182512144344,946.342817487856,0.178794178794179,85.8212058212058,0.896875,861,6060,300,29760,0.693962526023595,999.306037473976,0.170478170478171,81.8295218295218,0.95625,918,21180,540,49860,0.543372657876475,782.456627342124,0.0353430353430353,16.964656964657,0.797916666666667,766,6060,300,55020,0.553782095766829,797.446217904233,0.079002079002079,37.9209979209979,0.791666666666667,760,11.3333333333333,34.2941176470588,20.6666666666667,49.7822580645162
"2025-07-11 10:00:00|Monitor52.txt|15",15,"2025-07-11 10:00:00|Monitor52.txt",2025-07-11T10:00:00Z,2025-07-17T11:59:00Z,"OK","M","DGRP313","21.5C","Winter","NA","08:12","M52","Batch1_DGRP",0.620182849207268,893.063302858465,0.187087816730302,89.802152030545,0.836805555555556,803.333333333333,9420,960,50880,0.616932685634976,888.383067314365,0.180873180873181,86.8191268191268,0.835416666666667,802,60,480,37740,0.640527411519778,922.35947258848,0.212058212058212,101.787941787942,0.855208333333333,821,6480,360,29460,0.648854961832061,934.351145038168,0.230769230769231,110.769230769231,0.858333333333333,824,9180,1260,29700,0.6294240111034,906.370575988897,0.237006237006237,113.762993762994,0.826041666666667,793,11580,1020,42360,0.600971547536433,865.399028452464,0.116424116424116,55.8835758835759,0.84375,810,60,420,33180,0.583622484385843,840.416377515614,0.147609147609148,70.8523908523909,0.802083333333333,770,15.8333333333333,29.3578947368421,20.3333333333333,46.9426229508197
"2025-07-11 10:00:00|Monitor52.txt|16",16,"2025-07-11 10:00:00|Monitor52.txt",2025-07-11T10:00:00Z,2025-07-17T11:59:00Z,"OK","M","DGRP313","21.5C","Winter","NA","08:12","M52","Batch1_DGRP",0.577132276356903,831.070477953941,0.0798333911836168,38.3200277681361,0.825868055555556,792.833333333333,14640,780,53340,0.646079111727967,930.353920888272,0.212058212058212,101.787941787942,0.863541666666667,829,14820,300,29640,0.612768910478834,882.387231089521,0.182952182952183,87.8170478170478,0.828125,795,19140,420,50340,0.591950034698126,852.408049965302,0.0498960498960499,23.950103950104,0.863541666666667,829,29880,19620,29880,0.532963219986121,767.467036780014,0,0,0.8,768,18240,660,30480,0.535739070090215,771.46426092991,0.0228690228690229,10.977130977131,0.792708333333333,761,19020,300,44400,0.541290770298404,779.458709229702,0.0103950103950104,4.98960498960499,0.807291666666667,775,4.66666666666667,45.5714285714286,12.1666666666667,100.095890410959
"2025-07-11 10:00:00|Monitor52.txt|17",17,"2025-07-11 10:00:00|Monitor52.txt",2025-07-11T10:00:00Z,2025-07-17T11:59:00Z,"OK","M","DGRP313","21.5C","Winter","NA","08:12","M52","Batch1_DGRP",0.622728850827451,896.729545191529,0.281846581048247,135.286358903159,0.793229166666667,761.5,12720,3000,59760,0.591950034698126,852.408049965302,0.30977130977131,148.690228690229,0.733333333333333,704,6360,480,30420,0.639139486467731,920.360860513532,0.338877338877339,162.661122661123,0.789583333333333,758,180,420,30420,0.658570437196391,948.341429562804,0.363825363825364,174.636174636175,0.80625,774,8160,300,61980,0.623178348369188,897.376821651631,0.286902286902287,137.713097713098,0.791666666666667,760,9480,480,37080,0.599583622484386,863.400416377516,0.145530145530146,69.8544698544699,0.827083333333333,794,2160,300,50280,0.623872310895212,898.376127689105,0.24948024948025,119.75051975052,0.811458333333333,779,20.1666666666667,23.9090909090909,23.3333333333333,40.1071428571429
"2025-07-11 10:00:00|Monitor52.txt|18",18,"2025-07-11 10:00:00|Monitor52.txt",2025-07-11T10:00:00Z,2025-07-17T11:59:00Z,"OK","M","DGRP313","21.5C","Winter","NA","08:12","M52","Batch1_DGRP",0.586737646105775,844.902210392316,0.0201318986463034,9.66331135022562,0.870138888888889,835.333333333333,0,360,30180,0.642609299097849,925.357390700902,0.024948024948025,11.975051975052,0.952083333333333,914,0,300,43560,0.621790423317141,895.378209576683,0.0374220374220374,17.962577962578,0.914583333333333,878,29940,900,60660,0.59264399722415,853.407356002776,0.0124740124740125,5.98752598752599,0.883333333333333,848,19980,420,33600,0.583622484385843,840.416377515614,0.0207900207900208,9.97920997920998,0.865625,831,17580,300,35160,0.571131158917419,822.428868841083,0.0103950103950104,4.98960498960499,0.852083333333333,818,13740,300,60900,0.508674531575295,732.491325468425,0.0207900207900208,9.97920997920998,0.753125,723,3.33333333333333,122.65,31.3333333333333,32.2765957446808
"2025-07-11 10:00:00|Monitor52.txt|19",19,"2025-07-11 10:00:00|Monitor52.txt",2025-07-11T10:00:00Z,2025-07-17T11:59:00Z,"OK","M","DGRP313","21.5C","Winter","NA","08:12","M52","Batch1_DGRP",0.60305520194422,868.399490799676,0.0423464074973967,20.3262755987504,0.883506944444445,848.166666666667,13260,960,37560,0.609299097848716,877.390700902151,0.180873180873181,86.8191268191268,0.823958333333333,791,11100,660,29760,0.589174184594032,848.410825815406,0.0415800415800416,19.95841995842,0.863541666666667,829,29580,24180,29580,0.586398334489938,844.41360166551,0.0124740124740125,5.98752598752599,0.873958333333333,839,29580,360,30000,0.589868147120056,849.41013185288,0.00623700623700624,2.99376299376299,0.882291666666667,847,29940,15120,50220,0.618320610687023,890.381679389313,0.00831600831600832,3.99168399168399,0.923958333333333,887,30000,300,30360,0.625954198473283,901.374045801527,0.0124740124740125,5.98752598752599,0.933333333333333,896,2.33333333333333,198.642857142857,26.1666666666667,36.5477707006369
"2025-07-11 10:00:00|Monitor52.txt|20",20,"2025-07-11 10:00:00|Monitor52.txt",2025-07-11T10:00:00Z,2025-07-17T11:59:00Z,"OK","M","DGRP313","21.5C","Winter","NA","08:12","M52","Batch1_DGRP",0.456544381437334,657.423909269761,0.00728913571676501,3.49878514404721,0.68125,654,30120,360,60600,0.436502428868841,628.563497571131,0,0,0.655208333333333,629,18900,300,33600,0.371269951422623,534.628730048577,0.0103950103950104,4.98960498960499,0.552083333333333,530,420,300,59040,0.40735600277585,586.592643997224,0.0103950103950104,4.98960498960499,0.60625,582,29940,1920,63060,0.464954892435809,669.535045107564,0,0,0.697916666666667,670,30480,6120,30480,0.502428868841083,723.497571131159,0.00207900207900208,0.997920997920998,0.753125,723,15540,420,39120,0.555863983344899,800.444136016655,0.0228690228690229,10.977130977131,0.822916666666667,790,1.33333333333333,208.875,37.1666666666667,30.4932735426009
"2025-07-11 10:00:00|Monitor52.txt|21",21,"2025-07-11 10:00:00|Monitor52.txt",2025-07-11T10:00:00Z,2025-07-17T11:59:00Z,"OK","M","DGRP313","21.5C","Winter","NA","08:12","M52","Batch1_DGRP",0.649924777224858,935.891679203796,0.164873307879209,79.1391877820202,0.892534722222222,856.833333333333,0,300,40260,0.696044413601666,1002.3039555864,0.228690228690229,109.77130977131,0.930208333333333,893,10500,300,29760,0.669673837612769,964.330326162387,0.162162162162162,77.8378378378378,0.923958333333333,887,13260,540,66360,0.617626648160999,889.382373351839,0.0977130977130977,46.9022869022869,0.878125,843,15300,540,36060,0.604441360166551,870.395558639834,0.0478170478170478,22.952182952183,0.883333333333333,848,0,420,50340,0.571131158917419,822.428868841083,0.0457380457380458,21.954261954262,0.834375,801,8400,360,55620,0.741151977793199,1067.25884802221,0.413721413721414,198.586278586279,0.905208333333333,869,11.8333333333333,37.6478873239437,27.8333333333333,34.7964071856287
"2025-07-11 10:00:00|Monitor52.txt|22",22,"2025-07-11 10:00:00|Monitor52.txt",2025-07-11T10:00:00Z,2025-07-17T11:59:00Z,"OK","M","DGRP313","21.5C","Winter","NA","08:12","M52","Batch1_DGRP",0.632681402615438,911.061219766231,0.248871919472405,119.458521346755,0.824652777777778,791.666666666667,0,480,47520,0.643997224149896,927.35600277585,0.245322245322245,117.754677754678,0.84375,810,7380,360,29880,0.676613462873005,974.323386537127,0.345114345114345,165.654885654886,0.842708333333333,809,420,420,30000,0.570437196391395,821.429562803609,0.126819126819127,60.8731808731809,0.792708333333333,761,360,420,54780,0.595419847328244,857.404580152672,0.288981288981289,138.711018711019,0.748958333333333,719,11760,300,29700,0.611380985426787,880.388619014573,0.11018711018711,52.8898128898129,0.8625,828,6060,300,30120,0.696738376127689,1003.30326162387,0.376299376299376,180.623700623701,0.857291666666667,823,14.3333333333333,30.7325581395349,18,54.4722222222222
"2025-07-11 10:00:00|Monitor52.txt|23",23,"2025-07-11 10:00:00|Monitor52.txt",2025-07-11T10:00:00Z,2025-07-17T11:59:00Z,"OK","M","DGRP313","21.5C","Winter","NA","08:12","M52","Batch1_DGRP",0.645527138062724,929.559078810323,0.198889274557445,95.4668517875738,0.868923611111111,834.166666666667,15660,360,29340,0.62734212352533,903.372657876475,0.0769230769230769,36.9230769230769,0.903125,867,12360,1320,29460,0.564885496183206,813.435114503817,0.197505197505198,94.8024948024948,0.748958333333333,719,1500,300,29820,0.58292852185982,839.41707147814,0.182952182952183,87.8170478170478,0.783333333333333,752,11400,420,29640,0.674531575294934,971.325468424705,0.155925155925156,74.8440748440749,0.934375,897,10320,300,29640,0.684247050659264,985.315752949341,0.303534303534304,145.696465696466,0.875,840,6180,300,29520,0.739070090215128,1064.26092990978,0.280665280665281,134.719334719335,0.96875,930,12.1666666666667,37.013698630137,29.6666666666667,32.5730337078652
"2025-07-11 10:00:00|Monitor52.txt|24",24,"2025-07-11 10:00:00|Monitor52.txt",2025-07-11T10:00:00Z,2025-07-17T11:59:00Z,"OK","M","DGRP313","21.5C","Winter","NA","08:12","M52","Batch1_DGRP",0.627010762643213,902.895498206226,0.252342936480389,121.124609510587,0.814409722222222,781.833333333333,14700,420,32640,0.573907009021513,826.426092990979,0.16008316008316,76.8399168399168,0.78125,750,9780,360,40740,0.603053435114504,868.396946564886,0.324324324324324,155.675675675676,0.742708333333333,713,11880,3900,52140,0.557251908396947,802.442748091603,0.201663201663202,96.7983367983368,0.735416666666667,706,12840,720,61680,0.595419847328244,857.404580152672,0.189189189189189,90.8108108108108,0.798958333333333,767,13560,4320,37800,0.660652324774462,951.339347675226,0.182952182952183,87.8170478170478,0.9,864,4560,300,29580,0.770992366412214,1110.22900763359,0.457380457380458,219.54261954262,0.928125,891,9.66666666666667,40.7758620689655,29.3333333333333,34.9715909090909
"2025-07-11 10:00:00|Monitor52.txt|26",26,"2025-07-11 10:00:00|Monitor52.txt",2025-07-11T10:00:00Z,2025-07-17T11:59:00Z,"OK","M","DGRP313","21.5C","Winter","NA","08:12","M52","Batch1_DGRP",0.603633838676079,869.232727693554,0.109684137452274,52.6483859770913,0.850694444444445,816.666666666667,17940,540,38040,0.597501734906315,860.402498265094,0.0478170478170478,22.952182952183,0.872916666666667,838,11100,360,49740,0.584316446911867,841.415683553088,0.0478170478170478,22.952182952183,0.853125,819,3180,300,29880,0.589174184594032,848.410825815406,0.0478170478170478,22.952182952183,0.860416666666667,826,5700,360,34140,0.6294240111034,906.370575988897,0.155925155925156,74.8440748440749,0.866666666666667,832,14940,300,41640,0.570437196391395,821.429562803609,0.116424116424116,55.8835758835759,0.797916666666667,766,10320,360,30540,0.649548924358085,935.350451075642,0.243243243243243,116.756756756757,0.853125,819,12.6666666666667,30.0263157894737,28.8333333333333,35.9190751445087
"2025-07-11 10:00:00|Monitor52.txt|27",27,"2025-07-11 10:00:00|Monitor52.txt",2025-07-11T10:00:00Z,2025-07-17T11:59:00Z,"OK","M","DGRP313","21.5C","Winter","NA","08:12","M52","Batch1_DGRP",0.636616132392084,916.727230644601,0.124262408885804,59.6459562651857,0.892881944444445,857.166666666667,14280,420,30240,0.697432338653713,1004.30256766135,0.178794178794179,85.8212058212058,0.957291666666667,919,180,300,41820,0.684941013185288,986.315058986815,0.182952182952183,87.8170478170478,0.936458333333333,899,0,360,29940,0.667591950034698,961.332408049965,0.122661122661123,58.8773388773389,0.940625,903,9780,480,29820,0.623872310895212,898.376127689105,0.112266112266112,53.8877338877339,0.880208333333333,845,13860,300,58740,0.533657182512144,768.466342817488,0.0103950103950104,4.98960498960499,0.795833333333333,764,7500,420,31380,0.611380985426787,880.388619014573,0.141372141372141,67.8586278586279,0.846875,813,13,33.1410256410256,21.8333333333333,45.1068702290076
"2025-07-11 10:00:00|Monitor52.txt|28",28,"2025-07-11 10:00:00|Monitor52.txt",2025-07-11T10:00:00Z,2025-07-17T11:59:00Z,"OK","M","DGRP313","21.5C","Winter","NA","08:12","M52","Batch1_DGRP",0.586390464066659,844.402268255989,0.0617841027421034,29.6563693162097,0.848784722222222,814.833333333333,12480,1980,29760,0.718251214434421,1034.28174878557,0.284823284823285,136.715176715177,0.935416666666667,898,0,300,62100,0.532963219986121,767.467036780014,0.0478170478170478,22.952182952183,0.776041666666667,745,19200,540,33420,0.551006245662734,793.448993754337,0.0207900207900208,9.97920997920998,0.816666666666667,784,29700,22680,29700,0.544760582928522,784.455239417071,0.0103950103950104,4.98960498960499,0.8125,780,29460,46380,29460,0.587092297015961,845.412907702984,0,0,0.88125,846,16020,300,30300,0.583622484385843,840.416377515614,0.0103950103950104,4.98960498960499,0.870833333333333,836,4.16666666666667,75.56,14.3333333333333,77.5813953488372
"2025-07-11 10:00:00|Monitor52.txt|29",29,"2025-07-11 10:00:00|Monitor52.txt",2025-07-11T10:00:00Z,2025-07-17T11:59:00Z,"OK","M","DGRP313","21.5C","Winter","NA","08:12","M52","Batch1_DGRP",0.685800254600162,987.552366624233,0.306837903505727,147.282193682749,0.875347222222222,840.333333333333,0,540,18660,0.853573907009021,1229.14642609299,0.600831600831601,288.399168399168,0.980208333333333,941,11520,2580,29760,0.706453851492019,1017.29354614851,0.328482328482329,157.671517671518,0.895833333333333,860,7620,900,34980,0.705065926439972,1015.29493407356,0.41995841995842,201.580041580042,0.847916666666667,814,11880,360,30000,0.605135322692575,871.394864677307,0.11018711018711,52.8898128898129,0.853125,819,180,360,55140,0.662040249826509,953.337959750174,0.299376299376299,143.700623700624,0.84375,810,12300,900,49560,0.581540596807772,837.418459403192,0.0831600831600832,39.9168399168399,0.83125,798,9.5,52.8947368421053,19.6666666666667,46.7203389830508
"2025-07-11 10:00:00|Monitor52.txt|30",30,"2025-07-11 10:00:00|Monitor52.txt",2025-07-11T10:00:00Z,2025-07-17T11:59:00Z,"OK","M","DGRP313","21.5C","Winter","NA","08:12","M52","Batch1_DGRP",0.529799791690777,762.911700034718,0.156542867060049,75.1405761888233,0.716493055555556,687.833333333333,12120,480,39480,0.623872310895212,898.376127689105,0.303534303534304,145.696465696466,0.784375,753,9900,480,58140,0.426092990978487,613.573907009022,0.243243243243243,116.756756756757,0.517708333333333,497,9060,420,43020,0.562803608605135,810.437196391395,0.133056133056133,63.8669438669439,0.778125,747,4740,600,48900,0.541290770298404,779.458709229702,0.197505197505198,94.8024948024948,0.713541666666667,685,17220,480,56880,0.505898681471201,728.494101318529,0.027027027027027,12.972972972973,0.745833333333333,716,8220,300,50040,0.517002081887578,744.482997918113,0.0332640332640333,15.966735966736,0.759375,729,15.1666666666667,23.5384615384615,32.1666666666667,32.839378238342
"2025-07-11 10:00:00|Monitor52.txt|31",31,"2025-07-11 10:00:00|Monitor52.txt",2025-07-11T10:00:00Z,2025-07-17T11:59:00Z,"OK","M","DGRP313","21.5C","Winter","NA","08:12","M52","Batch1_DGRP",0.722948732785557,1041.0461752112,0.409232905241236,196.431794515793,0.879861111111111,844.666666666667,7560,300,40680,0.778625954198473,1121.2213740458,0.424116424116424,203.575883575884,0.95625,918,9900,1560,30060,0.743927827897294,1071.2560721721,0.434511434511435,208.565488565489,0.898958333333333,863,60,300,41160,0.659958362248439,950.340041637752,0.324324324324324,155.675675675676,0.828125,795,7800,600,44940,0.678001387925052,976.321998612075,0.334719334719335,160.665280665281,0.85,816,9720,1080,29880,0.717557251908397,1033.28244274809,0.413721413721414,198.586278586279,0.869791666666667,835,9600,1440,30420,0.757807078417765,1091.24219292158,0.521829521829522,250.47817047817,0.876041666666667,841,15.6666666666667,26.2446808510638,19.8333333333333,51.0252100840336
"2025-07-11 10:00:00|Monitor52.txt|32",32,"2025-07-11 10:00:00|Monitor52.txt",2025-07-11T10:00:00Z,2025-07-17T11:59:00Z,"OK","M","DGRP313","21.5C","Winter","NA","08:12","M52","Batch1_DGRP",0.701654901053119,1010.38305751649,0.421728566469976,202.429711905588,0.841666666666667,808,3600,300,29700,0.693962526023595,999.306037473976,0.353430353430353,169.64656964657,0.864583333333333,830,3540,420,47940,0.700208188757807,1008.29979181124,0.372141372141372,178.627858627859,0.864583333333333,830,4020,300,30180,0.622484385843165,896.377515614157,0.405405405405405,194.594594594595,0.73125,702,7620,360,30060,0.652324774462179,939.347675225538,0.345114345114345,165.654885654886,0.80625,774,240,300,50580,0.77793199167245,1120.22206800833,0.503118503118503,241.496881496882,0.915625,879,0,720,33840,0.761970853573907,1097.23802914643,0.550935550935551,264.449064449064,0.867708333333333,833,19,24.8771929824561,27,34.9259259259259
"2025-07-11 10:00:00|Monitor53.txt|01",1,"2025-07-11 10:00:00|Monitor53.txt",2025-07-11T10:00:00Z,2025-07-17T11:59:00Z,"OK","M","DGRP358","21.5C","Winter","NA","08:12","M53","Batch1_DGRP",0.534891794931142,770.244184700845,0.356126345019091,170.940645609164,0.624305555555556,599.333333333333,0,300,47040,0.633587786259542,912.36641221374,0.525987525987526,252.474012474012,0.6875,660,4800,840,34620,0.568355308813324,818.431644691187,0.40956340956341,196.590436590437,0.647916666666667,622,5220,1620,45360,0.507286606523248,730.492713393477,0.266112266112266,127.733887733888,0.628125,603,4620,900,65280,0.523247744621791,753.476752255378,0.264033264033264,126.735966735967,0.653125,627,840,480,47760,0.551006245662734,793.448993754337,0.509355509355509,244.490644490645,0.571875,549,1620,840,59820,0.424011103400416,610.5759888966,0.158004158004158,75.8419958419959,0.557291666666667,535,16.8333333333333,29.1980198019802,39.3333333333333,23.3008474576271
"2025-07-11 10:00:00|Monitor53.txt|02",2,"2025-07-11 10:00:00|Monitor53.txt",2025-07-11T10:00:00Z,2025-07-17T11:59:00Z,"OK","M","DGRP358","21.5C","Winter","NA","08:12","M53","Batch1_DGRP",0.42900127300081,617.761833121167,0.187087816730302,89.802152030545,0.55,528,7980,300,61980,0.378903539208883,545.621096460791,0.133056133056133,63.8669438669439,0.502083333333333,482,7740,420,43620,0.420541290770298,605.57945870923,0.118503118503119,56.8814968814969,0.571875,549,9660,720,39060,0.396252602359473,570.603747397641,0.108108108108108,51.8918918918919,0.540625,519,10860,3480,39840,0.467730742539903,673.53226925746,0.22037422037422,105.779625779626,0.591666666666667,568,1980,300,38940,0.467036780013879,672.532963219986,0.343035343035343,164.656964656965,0.529166666666667,508,2160,600,44880,0.442748091603053,637.557251908397,0.1995841995842,95.8004158004158,0.564583333333333,542,14.6666666666667,32,32.8333333333333,28.9390862944162
"2025-07-11 10:00:00|Monitor53.txt|03",3,"2025-07-11 10:00:00|Monitor53.txt",2025-07-11T10:00:00Z,2025-07-17T11:59:00Z,"OK","M","DGRP358","21.5C","Winter","NA","08:12","M53","Batch1_DGRP",0.604096748061567,869.899317208657,0.342936480388754,164.609510586602,0.734722222222222,705.333333333333,5700,480,37620,0.544760582928522,784.455239417071,0.35966735966736,172.640332640333,0.6375,612,5820,1140,31380,0.567661346287301,817.432338653713,0.280665280665281,134.719334719335,0.711458333333333,683,720,300,57120,0.563497571131159,811.436502428869,0.218295218295218,104.781704781705,0.736458333333333,707,1560,360,30480,0.639833448993754,921.360166551006,0.316008316008316,151.683991683992,0.802083333333333,770,780,1260,32640,0.724496877168633,1043.27550312283,0.571725571725572,274.428274428274,0.801041666666667,769,960,480,39780,0.583622484385843,840.416377515614,0.311850311850312,149.68814968815,0.719791666666667,691,25.6666666666667,19.3701298701299,29,31.4080459770115
"2025-07-11 10:00:00|Monitor53.txt|04",4,"2025-07-11 10:00:00|Monitor53.txt",2025-07-11T10:00:00Z,2025-07-17T11:59:00Z,"OK","M","DGRP358","21.5C","Winter","NA","08:12","M53","Batch1_DGRP",0.58766346487675,846.23538942252,0.203748698368622,97.7993752169386,0.7796875,748.5,6240,1320,42180,0.612768910478834,882.387231089521,0.27027027027027,129.72972972973,0.784375,753,15900,480,58140,0.519083969465649,747.480916030534,0.0810810810810811,38.9189189189189,0.738541666666667,709,6720,360,40440,0.659264399722415,949.340735600278,0.237006237006237,113.762993762994,0.870833333333333,836,27660,300,64980,0.526717557251908,758.473282442748,0.0207900207900208,9.97920997920998,0.780208333333333,749,600,600,36420,0.632893823733518,911.367106176267,0.365904365904366,175.634095634096,0.766666666666667,736,720,360,43500,0.573907009021513,826.426092990979,0.247401247401247,118.752598752599,0.7375,708,9.66666666666667,52.4827586206897,12.6666666666667,72.5394736842105
"2025-07-11 10:00:00|Monitor53.txt|05",5,"2025-07-11 10:00:00|Monitor53.txt",2025-07-11T10:00:00Z,2025-07-17T11:59:00Z,"OK","M","DGRP358","21.5C","Winter","NA","08:12","M53","Batch1_DGRP",0.594028468927208,855.400995255179,0.375911141964596,180.437348143006,0.703125,675,3600,300,42180,0.605135322692575,871.394864677307,0.521829521829522,250.47817047817,0.646875,621,7860,1260,61560,0.570437196391395,821.429562803609,0.413721413721414,198.586278586279,0.648958333333333,623,960,480,41100,0.624566273421235,899.375433726579,0.372141372141372,178.627858627859,0.751041666666667,721,5100,480,34500,0.580152671755725,835.419847328244,0.332640332640333,159.66735966736,0.704166666666667,676,1020,480,35880,0.569049271339348,819.430950728661,0.268191268191268,128.731808731809,0.719791666666667,691,2340,900,36120,0.613462873004858,883.386537126995,0.345114345114345,165.654885654886,0.747916666666667,718,21.6666666666667,22.1,30.3333333333333,30.9615384615385
"2025-07-11 10:00:00|Monitor53.txt|06",6,"2025-07-11 10:00:00|Monitor53.txt",2025-07-11T10:00:00Z,2025-07-17T11:59:00Z,"OK","M","DGRP358","21.5C","Winter","NA","08:12","M53","Batch1_DGRP",0.584423099178336,841.569262816804,0.136410968413745,65.4772648385977,0.808506944444445,776.166666666667,6720,480,48060,0.573907009021513,826.426092990979,0.326403326403326,156.673596673597,0.697916666666667,670,5460,300,32640,0.578070784177655,832.421929215822,0.22037422037422,105.779625779626,0.757291666666667,727,9420,360,30240,0.646079111727967,930.353920888272,0.137214137214137,65.8627858627859,0.901041666666667,865,17280,360,31020,0.588480222068008,847.411519777932,0.0457380457380458,21.954261954262,0.860416666666667,826,2520,300,30120,0.589174184594032,848.410825815406,0.0582120582120582,27.9417879417879,0.855208333333333,821,12120,480,30420,0.529493407356003,762.470506592644,0.0311850311850312,14.968814968815,0.779166666666667,748,14,28.2857142857143,13,79.4102564102564
"2025-07-11 10:00:00|Monitor53.txt|08",8,"2025-07-11 10:00:00|Monitor53.txt",2025-07-11T10:00:00Z,2025-07-17T11:59:00Z,"OK","M","DGRP358","21.5C","Winter","NA","08:12","M53","Batch1_DGRP",0.524244879064923,754.912625853489,0.16869142658799,80.9718847622353,0.702083333333333,674,1740,300,65460,0.512838306731437,738.487161693269,0.37006237006237,177.629937629938,0.584375,561,4380,420,61260,0.54059680777238,778.459403192228,0.112266112266112,53.8877338877339,0.755208333333333,725,10620,300,58140,0.50381679389313,725.496183206107,0.0374220374220374,17.962577962578,0.7375,708,7320,360,60420,0.532963219986121,767.467036780014,0.126819126819127,60.8731808731809,0.736458333333333,707,1140,360,33180,0.516308119361555,743.483691880639,0.174636174636175,83.8253638253639,0.6875,660,10080,540,47220,0.537126995142262,773.462873004858,0.189189189189189,90.8108108108108,0.711458333333333,683,15.6666666666667,26.2340425531915,48.6666666666667,20.3013698630137
"2025-07-11 10:00:00|Monitor53.txt|09",9,"2025-07-11 10:00:00|Monitor53.txt",2025-07-11T10:00:00Z,2025-07-17T11:59:00Z,"OK","M","DGRP358","21.5C","Winter","NA","08:12","M53","Batch1_DGRP",0.622265941441963,896.062955676426,0.600833044081916,288.39986115932,0.632986111111111,607.666666666667,0,360,23040,0.66412213740458,956.335877862595,0.694386694386694,333.305613305613,0.648958333333333,623,600,960,49140,0.699514226231784,1007.30048577377,0.758835758835759,364.241164241164,0.669791666666667,643,540,300,61560,0.653712699514226,941.346287300486,0.650727650727651,312.349272349272,0.655208333333333,629,660,1200,19860,0.584316446911867,841.415683553088,0.538461538461538,258.461538461539,0.607291666666667,583,900,420,50520,0.573213046495489,825.426786953505,0.478170478170478,229.52182952183,0.620833333333333,596,2640,300,9660,0.55794587092297,803.442054129077,0.482328482328482,231.517671517672,0.595833333333333,572,19.3333333333333,25.6810344827586,44.3333333333333,20.5225563909774
"2025-07-11 10:00:00|Monitor53.txt|14",14,"2025-07-11 10:00:00|Monitor53.txt",2025-07-11T10:00:00Z,2025-07-17T11:59:00Z,"OK","M","DGRP358","21.5C","Winter","NA","08:12","M53","Batch1_DGRP",0.68626316398565,988.218956139336,0.557445331482124,267.57375911142,0.750694444444445,720.666666666667,960,900,39960,0.688410825815406,991.311589174185,0.575883575883576,276.424116424116,0.744791666666667,715,1080,1680,58800,0.673143650242887,969.326856349757,0.565488565488566,271.434511434512,0.727083333333333,698,660,1080,33180,0.686328938237335,988.313671061763,0.553014553014553,265.446985446986,0.753125,723,780,600,36780,0.643303261623872,926.356696738376,0.465696465696466,223.534303534304,0.732291666666667,703,960,1080,40200,0.695350451075642,1001.30464954892,0.571725571725572,274.428274428274,0.757291666666667,727,0,480,35220,0.729354614850798,1050.27064538515,0.609147609147609,292.390852390852,0.789583333333333,758,20.8333333333333,22.544,32.8333333333333,28.6192893401015
"2025-07-11 10:00:00|Monitor53.txt|16",16,"2025-07-11 10:00:00|Monitor53.txt",2025-07-11T10:00:00Z,2025-07-17T11:59:00Z,"OK","M","DGRP358","21.5C","Winter","NA","08:12","M53","Batch1_DGRP",0.54542298345099,785.409096169425,0.388406803193336,186.435265532801,0.623958333333333,599,3360,540,50100,0.54059680777238,778.459403192228,0.426195426195426,204.573804573805,0.597916666666667,574,1080,540,45780,0.532269257460097,766.46773074254,0.449064449064449,215.550935550936,0.573958333333333,551,1560,480,59700,0.536433032616239,772.463566967384,0.438669438669439,210.561330561331,0.585416666666667,562,1260,480,44040,0.661346287300486,952.338653712699,0.511434511434512,245.488565488566,0.736458333333333,707,2040,360,39720,0.506592643997224,729.493407356003,0.268191268191268,128.731808731809,0.626041666666667,601,1560,300,36780,0.493407356002776,710.506592643997,0.232848232848233,111.767151767152,0.623958333333333,599,30.1666666666667,16.8729281767956,28.3333333333333,31.7411764705882
"2025-07-11 10:00:00|Monitor53.txt|17",17,"2025-07-11 10:00:00|Monitor53.txt",2025-07-11T10:00:00Z,2025-07-17T11:59:00Z,"OK","M","DGRP358","21.5C","Winter","NA","08:12","M53","Batch1_DGRP",0.510936234232149,735.748177294295,0.354043734814301,169.940992710864,0.589409722222222,565.833333333333,4020,600,52620,0.448993754337266,646.551006245663,0.347193347193347,166.652806652807,0.5,480,540,480,35580,0.640527411519778,922.35947258848,0.380457380457381,182.619542619543,0.770833333333333,740,7860,1800,40020,0.482997918112422,695.517002081888,0.284823284823285,136.715176715177,0.582291666666667,559,2040,420,48720,0.544066620402498,783.455933379598,0.426195426195426,204.573804573805,0.603125,579,4560,600,56700,0.403192227619709,580.59680777238,0.332640332640333,159.66735966736,0.438541666666667,421,1020,540,45900,0.544760582928522,784.455239417071,0.351351351351351,168.648648648649,0.641666666666667,616,23.3333333333333,20.35,31.5,29.7407407407407
"2025-07-11 10:00:00|Monitor53.txt|18",18,"2025-07-11 10:00:00|Monitor53.txt",2025-07-11T10:00:00Z,2025-07-17T11:59:00Z,"OK","M","DGRP358","21.5C","Winter","NA","08:12","M53","Batch1_DGRP",0.438028006017822,630.760328665664,0.214161749392572,102.797639708435,0.55,528,5640,300,40260,0.532963219986121,767.467036780014,0.35966735966736,172.640332640333,0.619791666666667,595,6480,300,43860,0.446911866759195,643.553088133241,0.145530145530146,69.8544698544699,0.597916666666667,574,6600,300,51600,0.324774462179042,467.675225537821,0.0582120582120582,27.9417879417879,0.458333333333333,440,3660,540,37920,0.463566967383761,667.536433032616,0.37006237006237,177.629937629938,0.510416666666667,490,2580,2400,38160,0.50381679389313,725.496183206107,0.330561330561331,158.669438669439,0.590625,567,1440,300,45300,0.355308813324081,511.644691186676,0.0207900207900208,9.97920997920998,0.522916666666667,502,12.5,42.64,20.6666666666667,43.2177419354839
"2025-07-11 10:00:00|Monitor53.txt|19",19,"2025-07-11 10:00:00|Monitor53.txt",2025-07-11T10:00:00Z,2025-07-17T11:59:00Z,"OK","M","DGRP358","21.5C","Winter","NA","08:12","M53","Batch1_DGRP",0.440805462330749,634.759865756278,0.564734467198889,271.072544255467,0.378819444444444,363.666666666667,1800,600,48360,0.396252602359473,570.603747397641,0.53014553014553,254.469854469854,0.329166666666667,316,540,660,49140,0.413601665510062,595.58639833449,0.615384615384615,295.384615384615,0.3125,300,360,420,46020,0.385843164469119,555.614156835531,0.561330561330561,269.43866943867,0.297916666666667,286,720,720,38220,0.506592643997224,729.493407356003,0.565488565488566,271.434511434512,0.477083333333333,458,240,300,5460,0.487161693268564,701.512838306732,0.611226611226611,293.388773388773,0.425,408,780,540,36960,0.453851492019431,653.546148507981,0.498960498960499,239.50103950104,0.43125,414,29.6666666666667,17.6348314606742,18.8333333333333,47.4424778761062
"2025-07-11 10:00:00|Monitor53.txt|20",20,"2025-07-11 10:00:00|Monitor53.txt",2025-07-11T10:00:00Z,2025-07-17T11:59:00Z,"OK","M","DGRP358","21.5C","Winter","NA","08:12","M53","Batch1_DGRP",0.488832311075107,703.918527948154,0.425199583477959,204.09580006942,0.520659722222222,499.833333333333,9540,300,39480,0.413601665510062,595.58639833449,0.251559251559252,120.748440748441,0.494791666666667,475,1320,600,51240,0.552394170714781,795.447605829285,0.40956340956341,196.590436590437,0.623958333333333,599,8160,420,51240,0.43442054129077,625.565579458709,0.185031185031185,88.8149688149688,0.559375,537,300,1500,13980,0.704371963913949,1014.29562803609,0.929313929313929,446.070686070686,0.591666666666667,568,1920,1020,41220,0.374739764052741,539.625260235947,0.301455301455301,144.698544698545,0.411458333333333,395,5160,780,6900,0.45176960444136,650.548230395559,0.46985446985447,225.530145530146,0.442708333333333,425,14.8333333333333,31.752808988764,33.5,27.9253731343284
"2025-07-11 10:00:00|Monitor53.txt|21",21,"2025-07-11 10:00:00|Monitor53.txt",2025-07-11T10:00:00Z,2025-07-17T11:59:00Z,"OK","M","DGRP358","21.5C","Winter","NA","08:12","M53","Batch1_DGRP",0.752574933456776,1083.70790417776,0.639014231169733,306.726830961472,0.809375,777,0,720,73620,0.705759888965996,1016.29424011103,0.69022869022869,331.309771309771,0.713541666666667,685,1560,540,46260,0.803608605135323,1157.19639139486,0.582120582120582,279.417879417879,0.914583333333333,878,1320,1320,57720,0.784871616932686,1130.21512838307,0.717255717255717,344.282744282744,0.81875,786,60,300,21780,0.722414989590562,1040.27758501041,0.706860706860707,339.293139293139,0.730208333333333,701,660,420,32040,0.700208188757807,1008.29979181124,0.544698544698545,261.455301455301,0.778125,747,1380,720,30660,0.79736294240111,1148.2026370576,0.590436590436591,283.409563409563,0.901041666666667,865,29.3333333333333,15.6079545454545,39,23.8376068376069
"2025-07-11 10:00:00|Monitor53.txt|23",23,"2025-07-11 10:00:00|Monitor53.txt",2025-07-11T10:00:00Z,2025-07-17T11:59:00Z,"OK","M","DGRP358","21.5C","Winter","NA","08:12","M53","Batch1_DGRP",0.497048952667515,715.750491841222,0.373134328358209,179.10447761194,0.559027777777778,536.666666666667,3840,300,48900,0.524635669673838,755.475364330326,0.467775467775468,224.532224532225,0.553125,531,780,360,53820,0.551700208188758,794.448299791811,0.413721413721414,198.586278586279,0.620833333333333,596,3000,300,60840,0.52116585704372,750.478834142956,0.407484407484407,195.592515592516,0.578125,555,1200,840,13560,0.48646773074254,700.513532269257,0.376299376299376,180.623700623701,0.541666666666667,520,840,300,52800,0.501734906315059,722.498265093685,0.268191268191268,128.731808731809,0.61875,594,6180,300,54720,0.394864677307425,568.605135322693,0.301455301455301,144.698544698545,0.441666666666667,424,23.5,22.4326241134752,42.5,20.678431372549
"2025-07-11 10:00:00|Monitor53.txt|24",24,"2025-07-11 10:00:00|Monitor53.txt",2025-07-11T10:00:00Z,2025-07-17T11:59:00Z,"OK","M","DGRP358","21.5C","Winter","NA","08:12","M53","Batch1_DGRP",0.654322416386992,942.224279597269,0.529677195418258,254.245053800764,0.716666666666667,688,480,660,42060,0.721721027064539,1039.27827897294,0.677754677754678,325.322245322245,0.74375,714,780,780,34740,0.712699514226232,1026.28730048577,0.700623700623701,336.299376299376,0.71875,690,600,1920,33840,0.611380985426787,880.388619014573,0.557172557172557,267.442827442828,0.638541666666667,613,480,600,48000,0.690492713393477,994.309507286606,0.525987525987526,252.474012474012,0.772916666666667,742,480,300,34140,0.571825121443442,823.428174878557,0.307692307692308,147.692307692308,0.704166666666667,676,420,1080,37080,0.616932685634976,888.383067314365,0.407484407484407,195.592515592516,0.721875,693,27.1666666666667,18.4969325153374,29.6666666666667,30.438202247191
"2025-07-11 10:00:00|Monitor53.txt|25",25,"2025-07-11 10:00:00|Monitor53.txt",2025-07-11T10:00:00Z,2025-07-17T11:59:00Z,"OK","M","DGRP358","21.5C","Winter","NA","08:12","M53","Batch1_DGRP",0.561046175211202,807.906492304132,0.276987157237071,132.953835473794,0.703125,675,5160,660,55980,0.548924358084664,790.451075641915,0.324324324324324,155.675675675676,0.661458333333333,635,2280,300,45360,0.497571131158917,716.502428868841,0.280665280665281,134.719334719335,0.60625,582,3360,540,39300,0.524635669673838,755.475364330326,0.245322245322245,117.754677754678,0.664583333333333,638,5760,420,50640,0.595419847328244,857.404580152672,0.226611226611227,108.773388773389,0.780208333333333,749,9060,300,38220,0.662040249826509,953.337959750174,0.442827442827443,212.557172557173,0.771875,741,9480,420,51240,0.535739070090215,771.46426092991,0.139293139293139,66.8607068607069,0.734375,705,22.5,20.7481481481481,27.8333333333333,34.0239520958084
"2025-07-11 10:00:00|Monitor53.txt|26",26,"2025-07-11 10:00:00|Monitor53.txt",2025-07-11T10:00:00Z,2025-07-17T11:59:00Z,"OK","M","DGRP358","21.5C","Winter","NA","08:12","M53","Batch1_DGRP",0.479226941326235,690.086795509779,0.166955918083999,80.1388406803193,0.635416666666667,610,3720,960,47220,0.505898681471201,728.494101318529,0.241164241164241,115.758835758836,0.638541666666667,613,4200,360,57240,0.483691880638446,696.516308119362,0.16008316008316,76.8399168399168,0.645833333333333,620,3600,360,39240,0.526717557251908,758.473282442748,0.197505197505198,94.8024948024948,0.691666666666667,664,9720,300,57360,0.428174878556558,616.571825121444,0.168399168399168,80.8316008316008,0.558333333333333,536,1740,600,33540,0.45940319222762,661.540596807773,0.118503118503119,56.8814968814969,0.630208333333333,605,1320,300,37920,0.469812630117974,676.530187369882,0.114345114345114,54.8856548856549,0.647916666666667,622,16,30.8125,23.1666666666667,40.158273381295
"2025-07-11 10:00:00|Monitor53.txt|28",28,"2025-07-11 10:00:00|Monitor53.txt",2025-07-11T10:00:00Z,2025-07-17T11:59:00Z,"OK","M","DGRP358","21.5C","Winter","NA","08:12","M53","Batch1_DGRP",0.586390464066659,844.402268255989,0.307532106907324,147.615411315515,0.725868055555556,696.833333333333,12600,480,62040,0.547536433032616,788.452463566967,0.243243243243243,116.756756756757,0.7,672,9540,360,38880,0.628036086051353,904.371963913949,0.313929313929314,150.686070686071,0.785416666666667,754,4260,420,58560,0.672449687716863,968.327550312283,0.37006237006237,177.629937629938,0.823958333333333,791,6780,780,33060,0.483691880638446,696.516308119362,0.164241164241164,78.8357588357588,0.64375,618,4800,360,33300,0.560027758501041,806.439972241499,0.313929313929314,150.686070686071,0.683333333333333,656,1920,600,32700,0.624566273421235,899.375433726579,0.436590436590437,209.56340956341,0.71875,690,19.3333333333333,22.3362068965517,38,25.6973684210526
"2025-07-11 10:00:00|Monitor53.txt|30",30,"2025-07-11 10:00:00|Monitor53.txt",2025-07-11T10:00:00Z,2025-07-17T11:59:00Z,"OK","M","DGRP358","21.5C","Winter","NA","08:12","M53","Batch1_DGRP",0.507001504455503,730.082166415924,0.310656022214509,149.114890662964,0.605208333333333,581,4260,600,58140,0.509368494101319,733.490631505899,0.322245322245322,154.677754677755,0.603125,579,8160,600,70920,0.402498265093685,579.597501734906,0.147609147609148,70.8523908523909,0.530208333333333,509,1500,540,59880,0.356002775850104,512.64399722415,0.27027027027027,129.72972972973,0.398958333333333,383,720,480,65940,0.519083969465649,747.480916030534,0.313929313929314,150.686070686071,0.621875,597,1320,540,35220,0.58292852185982,839.41707147814,0.311850311850312,149.68814968815,0.71875,690,960,300,66600,0.670367800138792,965.329632199861,0.494802494802495,237.505197505198,0.758333333333333,728,24.1666666666667,21.2551724137931,41.5,21.5622489959839
"2025-07-11 10:00:00|Monitor53.txt|32",32,"2025-07-11 10:00:00|Monitor53.txt",2025-07-11T10:00:00Z,2025-07-17T11:59:00Z,"OK","M","DGRP358","21.5C","Winter","NA","08:12","M53","Batch1_DGRP",0.422867723643097,608.92952204606,0.0232558139534884,11.1627906976744,0.622743055555556,597.833333333333,9120,300,54780,0.325468424705066,468.674531575295,0.0228690228690229,10.977130977131,0.477083333333333,458,16920,720,63300,0.39764052741152,572.602359472588,0.0353430353430353,16.964656964657,0.579166666666667,556,35460,540,39240,0.400416377515614,576.599583622484,0,0,0.601041666666667,577,6780,420,44640,0.522553782095767,752.477446217904,0.0582120582120582,27.9417879417879,0.755208333333333,725,26760,300,40800,0.433726578764747,624.566273421235,0.0103950103950104,4.98960498960499,0.645833333333333,620,8760,360,70740,0.455933379597502,656.544066620403,0.0124740124740125,5.98752598752599,0.678125,651,3.16666666666667,100.052631578947,34.5,31.6811594202899
"2025-07-11 10:00:00|Monitor54.txt|01",1,"2025-07-11 10:00:00|Monitor54.txt",2025-07-11T10:00:00Z,2025-07-17T11:59:00Z,"OK","M","DGRP208","21.5C","Winter","NA","08:12","M54","Batch1_DGRP",0.426686726073371,614.428885545654,0.589725789656369,283.068379035057,0.345138888888889,331.333333333333,720,2700,59760,0.561415683553088,808.438584316447,0.898128898128898,431.101871101871,0.392708333333333,377,420,900,2580,0.495489243580847,713.504510756419,0.914760914760915,439.085239085239,0.285416666666667,274,360,17820,360,0.525329632199861,756.4746703678,0.979209979209979,470.02079002079,0.297916666666667,286,420,540,9360,0.47883414295628,689.521165857044,0.486486486486487,233.513513513514,0.475,456,540,300,53340,0.278278972935462,400.721721027065,0.16008316008316,76.8399168399168,0.3375,324,2700,600,44820,0.219292158223456,315.780707841777,0.0935550935550936,44.9064449064449,0.282291666666667,271,13.8333333333333,38.3373493975904,24,36.8333333333333
"2025-07-11 10:00:00|Monitor54.txt|02",2,"2025-07-11 10:00:00|Monitor54.txt",2025-07-11T10:00:00Z,2025-07-17T11:59:00Z,"OK","M","DGRP208","21.5C","Winter","NA","08:12","M54","Batch1_DGRP",0.539983798171508,777.576669366971,0.774730996181881,371.870878167303,0.422569444444444,405.666666666667,1200,1860,9420,0.598195697432339,861.401804302568,0.775467775467775,372.224532224532,0.509375,489,1020,1200,17160,0.601665510062457,866.398334489938,0.916839916839917,440.08316008316,0.44375,426,1200,3540,8760,0.582234559333796,838.417765440666,0.893970893970894,429.106029106029,0.426041666666667,409,600,19500,600,0.510062456627342,734.489937543373,0.85031185031185,408.149688149688,0.339583333333333,326,540,420,4200,0.541290770298404,779.458709229702,0.733887733887734,352.266112266112,0.444791666666667,427,1140,420,40140,0.405274115197779,583.594725884802,0.471933471933472,226.528066528067,0.371875,357,10.5,57.2857142857143,28,29.2321428571429
"2025-07-11 10:00:00|Monitor54.txt|03",3,"2025-07-11 10:00:00|Monitor54.txt",2025-07-11T10:00:00Z,2025-07-17T11:59:00Z,"OK","M","DGRP208","21.5C","Winter","NA","08:12","M54","Batch1_DGRP",0.510820506885777,735.581529915519,0.882332523429365,423.519611246095,0.325,312,0,300,68460,0.606523247744622,873.393476752255,0.846153846153846,406.153846153846,0.486458333333333,467,780,660,40020,0.569049271339348,819.430950728661,0.937629937629938,450.06237006237,0.384375,369,480,1680,60000,0.502428868841083,723.497571131159,0.864864864864865,415.135135135135,0.320833333333333,308,360,1560,9180,0.471200555170021,678.52879944483,0.875259875259875,420.12474012474,0.26875,258,360,660,1080,0.485079805690493,698.51492019431,0.966735966735967,464.033264033264,0.24375,234,420,2640,3120,0.429562803608605,618.570437196392,0.796257796257796,382.203742203742,0.245833333333333,236,13.6666666666667,44.3292682926829,18.6666666666667,43.5714285714286
"2025-07-11 10:00:00|Monitor54.txt|04",4,"2025-07-11 10:00:00|Monitor54.txt",2025-07-11T10:00:00Z,2025-07-17T11:59:00Z,"OK","M","DGRP208","21.5C","Winter","NA","08:12","M54","Batch1_DGRP",0.544728619372758,784.409211896771,0.730649080180493,350.711558486637,0.451736111111111,433.666666666667,0,360,60540,0.648160999306037,933.351839000694,0.9002079002079,432.099792099792,0.521875,501,780,300,5640,0.537820957668286,774.462179042332,0.837837837837838,402.162162162162,0.3875,372,780,1140,6720,0.510062456627342,734.489937543373,0.781704781704782,375.218295218295,0.373958333333333,359,960,3840,37680,0.562803608605135,810.437196391395,0.77962577962578,374.220374220374,0.454166666666667,436,420,600,6780,0.539902845246357,777.460097154754,0.632016632016632,303.367983367983,0.49375,474,1200,540,36300,0.467730742539903,673.53226925746,0.444906444906445,213.555093555094,0.479166666666667,460,15,38.5444444444444,32.8333333333333,25.4162436548223
"2025-07-11 10:00:00|Monitor54.txt|05",5,"2025-07-11 10:00:00|Monitor54.txt",2025-07-11T10:00:00Z,2025-07-17T11:59:00Z,"OK","M","DGRP208","21.5C","Winter","NA","08:12","M54","Batch1_DGRP",0.383867607915751,552.769355398681,0.474488024991323,227.754251995835,0.338541666666667,325,1140,840,9120,0.520471894517696,749.479528105482,0.760914760914761,365.239085239085,0.4,384,1440,420,11580,0.467036780013879,672.532963219986,0.683991683991684,328.316008316008,0.358333333333333,344,600,900,10440,0.453157529493407,652.546842470507,0.754677754677755,362.245322245322,0.302083333333333,290,18900,420,42600,0.172796668979875,248.82720333102,0.0686070686070686,32.9313929313929,0.225,216,420,300,12300,0.398334489937543,573.601665510063,0.505197505197505,242.494802494803,0.344791666666667,331,7800,420,44340,0.290770298403886,418.709229701596,0.0706860706860707,33.9293139293139,0.401041666666667,385,11,43,27.8333333333333,34.1497005988024
"2025-07-11 10:00:00|Monitor54.txt|06",6,"2025-07-11 10:00:00|Monitor54.txt",2025-07-11T10:00:00Z,2025-07-17T11:59:00Z,"OK","M","DGRP208","21.5C","Winter","NA","08:12","M54","Batch1_DGRP",0.392547158893647,565.267908806851,0.495314127039223,237.750780978827,0.341145833333333,327.5,900,660,18300,0.58292852185982,839.41707147814,0.765072765072765,367.234927234927,0.491666666666667,472,4800,1500,11220,0.529493407356003,762.470506592644,0.692307692307692,332.307692307692,0.447916666666667,430,900,2280,7740,0.375433726578765,540.624566273421,0.873180873180873,419.126819126819,0.126041666666667,121,480,420,70740,0.334489937543373,481.665510062457,0.241164241164241,115.758835758836,0.38125,366,9420,300,16380,0.374739764052741,539.625260235947,0.288981288981289,138.711018711019,0.417708333333333,401,5880,420,57780,0.156835530881332,225.843164469119,0.106029106029106,50.8939708939709,0.182291666666667,175,15.6666666666667,32.9574468085106,42.3333333333333,21.0354330708662
"2025-07-11 10:00:00|Monitor54.txt|07",7,"2025-07-11 10:00:00|Monitor54.txt",2025-07-11T10:00:00Z,2025-07-17T11:59:00Z,"OK","M","DGRP208","21.5C","Winter","NA","08:12","M54","Batch1_DGRP",0.432820275431084,623.261196620762,0.556404026379729,267.07393266227,0.371006944444444,356.166666666667,1020,300,18780,0.603053435114504,868.396946564886,0.72972972972973,350.27027027027,0.539583333333333,518,960,840,13260,0.527411519777932,759.472588480222,0.625779625779626,300.37422037422,0.478125,459,900,660,11220,0.528799444829979,761.47120055517,0.771309771309771,370.22869022869,0.407291666666667,391,540,1560,2160,0.332408049965302,478.667591950035,0.478170478170478,229.52182952183,0.259375,249,180,900,3360,0.290076335877863,417.709923664122,0.386694386694387,185.613305613306,0.241666666666667,232,1080,1080,39960,0.315058986814712,453.684941013185,0.345114345114345,165.654885654886,0.3,288,25,20.7733333333333,51,17.5130718954248
"2025-07-11 10:00:00|Monitor54.txt|08",8,"2025-07-11 10:00:00|Monitor54.txt",2025-07-11T10:00:00Z,2025-07-17T11:59:00Z,"OK","M","DGRP208","21.5C","Winter","NA","08:12","M54","Batch1_DGRP",0.514292327276936,740.580951278787,0.731690385282888,351.211384935786,0.405555555555556,389.333333333333,1320,2400,11520,0.574600971547536,827.425399028452,0.916839916839917,440.08316008316,0.403125,387,900,360,40020,0.458709229701596,660.541290770298,0.748440748440749,359.251559251559,0.313541666666667,301,480,1080,3960,0.479528105482304,690.520471894518,0.744282744282744,357.255717255717,0.346875,333,300,420,12300,0.492713393476752,709.507286606523,0.696465696465697,334.303534303534,0.390625,375,360,300,20820,0.447605829285219,644.552394170715,0.652806652806653,313.347193347193,0.344791666666667,331,360,900,17760,0.631505898681471,909.368494101319,0.625779625779626,300.37422037422,0.634375,609,18.8333333333333,26.8318584070797,39.5,22.6877637130802
"2025-07-11 10:00:00|Monitor54.txt|09",9,"2025-07-11 10:00:00|Monitor54.txt",2025-07-11T10:00:00Z,2025-07-17T11:59:00Z,"OK","M","DGRP208","21.5C","Winter","NA","08:12","M54","Batch1_DGRP",0.641823862978822,924.226362689503,0.776813606386671,372.870531065602,0.574305555555556,551.333333333333,0,300,11580,0.608605135322693,876.391394864677,0.858627858627859,412.141372141372,0.483333333333333,464,300,26100,300,0.673837612768911,970.326162387231,0.983367983367983,472.016632016632,0.51875,498,360,600,13740,0.722414989590562,1040.27758501041,0.891891891891892,428.108108108108,0.6375,612,420,1140,40440,0.634975711311589,914.365024288688,0.721413721413721,346.278586278586,0.591666666666667,568,360,6660,360,0.678695350451076,977.321304649549,0.66943866943867,321.330561330561,0.683333333333333,656,900,540,45360,0.530187369882026,763.469812630118,0.528066528066528,253.471933471934,0.53125,510,17.8333333333333,28.2336448598131,36.3333333333333,24.6146788990826
"2025-07-11 10:00:00|Monitor54.txt|10",10,"2025-07-11 10:00:00|Monitor54.txt",2025-07-11T10:00:00Z,2025-07-17T11:59:00Z,"OK","M","DGRP208","21.5C","Winter","NA","08:12","M54","Batch1_DGRP",0.321259113528527,462.613123481079,0.546685178757376,262.40888580354,0.208506944444444,200.166666666667,0,420,11880,0.386537126995142,556.613462873005,0.652806652806653,313.347193347193,0.253125,243,480,300,24480,0.250520471894518,360.749479528106,0.417879417879418,200.582120582121,0.166666666666667,160,2400,420,14940,0.265787647467037,382.734212352533,0.56964656964657,273.430353430353,0.113541666666667,109,300,480,12780,0.29146426092991,419.70853573907,0.532224532224532,255.467775467776,0.170833333333333,164,540,420,3120,0.3705759888966,533.629424011104,0.706860706860707,339.293139293139,0.202083333333333,194,1320,2400,1320,0.361554476058293,520.638445523942,0.395010395010395,189.60498960499,0.344791666666667,331,29.3333333333333,20.9375,34.8333333333333,22.933014354067
"2025-07-11 10:00:00|Monitor54.txt|11",11,"2025-07-11 10:00:00|Monitor54.txt",2025-07-11T10:00:00Z,2025-07-17T11:59:00Z,"OK","M","DGRP208","21.5C","Winter","NA","08:12","M54","Batch1_DGRP",0.522740423562088,752.746209929406,0.728566469975703,349.711905588337,0.419791666666667,403,2280,1020,10740,0.54059680777238,778.459403192228,0.686070686070686,329.313929313929,0.467708333333333,449,2460,1320,6120,0.465648854961832,670.534351145038,0.588357588357588,282.411642411642,0.404166666666667,388,3300,660,9540,0.505898681471201,728.494101318529,0.744282744282744,357.255717255717,0.386458333333333,371,720,2040,2880,0.464260929909785,668.53573907009,0.644490644490645,309.355509355509,0.373958333333333,359,600,22620,600,0.60235947258848,867.397640527412,0.929313929313929,446.070686070686,0.438541666666667,421,960,2760,3840,0.556557945870923,801.443442054129,0.773388773388773,371.226611226611,0.447916666666667,430,11.6666666666667,51.5,33.8333333333333,23.9507389162562
"2025-07-11 10:00:00|Monitor54.txt|12",12,"2025-07-11 10:00:00|Monitor54.txt",2025-07-11T10:00:00Z,2025-07-17T11:59:00Z,"OK","M","DGRP208","21.5C","Winter","NA","08:12","M54","Batch1_DGRP",0.636153223006597,916.060641129499,0.532106907323846,255.411315515446,0.688194444444445,660.666666666667,660,420,8040,0.617626648160999,889.382373351839,0.765072765072765,367.234927234927,0.54375,522,1620,300,18660,0.660652324774462,951.339347675226,0.727650727650728,349.272349272349,0.627083333333333,602,420,480,3660,0.696738376127689,1003.30326162387,0.723492723492724,347.276507276507,0.683333333333333,656,5340,540,42120,0.611380985426787,880.388619014573,0.30977130977131,148.690228690229,0.7625,732,1860,300,70920,0.605135322692575,871.394864677307,0.357588357588358,171.642411642412,0.729166666666667,700,480,540,33120,0.625260235947259,900.374739764053,0.30977130977131,148.690228690229,0.783333333333333,752,25.6666666666667,19.4805194805195,51.3333333333333,17.2662337662338
"2025-07-11 10:00:00|Monitor54.txt|13",13,"2025-07-11 10:00:00|Monitor54.txt",2025-07-11T10:00:00Z,2025-07-17T11:59:00Z,"OK","M","DGRP208","21.5C","Winter","NA","08:12","M54","Batch1_DGRP",0.219650503413957,316.296724916098,0.222492190211732,106.796251301631,0.218229166666667,209.5,2700,420,17400,0.335183900069396,482.664816099931,0.609147609147609,292.390852390852,0.197916666666667,190,1560,360,12120,0.297709923664122,428.702290076336,0.46985446985447,225.530145530146,0.211458333333333,203,44520,840,45780,0.0652324774462179,93.9347675225538,0,0,0.0979166666666667,94,7080,480,44880,0.179736294240111,258.82026370576,0.027027027027027,12.972972972973,0.25625,246,26340,420,44640,0.185981956974323,267.814018043026,0.027027027027027,12.972972972973,0.265625,255,360,720,42660,0.253296321998612,364.746703678001,0.1995841995842,95.8004158004158,0.280208333333333,269,10,40.95,21.8333333333333,46.8473282442748
"2025-07-11 10:00:00|Monitor54.txt|17",17,"2025-07-11 10:00:00|Monitor54.txt",2025-07-11T10:00:00Z,2025-07-17T11:59:00Z,"OK","M","DGRP208","21.5C","Winter","NA","08:12","M54","Batch1_DGRP",0.345330401573892,497.275778266404,0.493925720236029,237.084345713294,0.271006944444444,260.166666666667,720,1140,20820,0.467036780013879,672.532963219986,0.841995841995842,404.158004158004,0.279166666666667,268,1320,300,17160,0.379597501734906,546.620402498265,0.677754677754678,325.322245322245,0.230208333333333,221,360,660,13440,0.424011103400416,610.5759888966,0.844074844074844,405.155925155925,0.213541666666667,205,3240,360,46500,0.185981956974323,267.814018043026,0.024948024948025,11.975051975052,0.266666666666667,256,480,300,16980,0.378903539208883,545.621096460791,0.392931392931393,188.607068607069,0.371875,357,420,540,17100,0.236641221374046,340.763358778626,0.180873180873181,86.8191268191268,0.264583333333333,254,15,39.5777777777778,38.6666666666667,21.1724137931034
"2025-07-11 10:00:00|Monitor54.txt|18",18,"2025-07-11 10:00:00|Monitor54.txt",2025-07-11T10:00:00Z,2025-07-17T11:59:00Z,"OK","M","DGRP208","21.5C","Winter","NA","08:12","M54","Batch1_DGRP",0.477606758477028,687.753732206921,0.755640402637973,362.707393266227,0.338541666666667,325,5160,1260,61680,0.461485079805691,664.538514920194,0.760914760914761,365.239085239085,0.311458333333333,299,360,720,7920,0.545454545454545,785.454545454545,0.835758835758836,401.164241164241,0.4,384,360,2700,12540,0.450381679389313,648.549618320611,0.877338877338877,421.122661122661,0.236458333333333,227,420,540,2640,0.467036780013879,672.532963219986,0.777546777546778,373.222453222453,0.311458333333333,299,360,2640,6360,0.490631505898682,706.509368494101,0.62993762993763,302.370062370062,0.420833333333333,404,300,2760,9480,0.448993754337266,646.551006245663,0.644490644490645,309.355509355509,0.351041666666667,337,16,40.6145833333333,27.5,27.6060606060606
"2025-07-11 10:00:00|Monitor54.txt|19",19,"2025-07-11 10:00:00|Monitor54.txt",2025-07-11T10:00:00Z,2025-07-17T11:59:00Z,"OK","M","DGRP208","21.5C","Winter","NA","08:12","M54","Batch1_DGRP",0.478416849901632,688.92026385835,0.589725789656369,283.068379035057,0.422743055555556,405.833333333333,1560,600,43800,0.551700208188758,794.448299791811,0.735966735966736,353.264033264033,0.459375,441,780,1560,5460,0.479528105482304,690.520471894518,0.717255717255717,344.282744282744,0.360416666666667,346,720,300,13860,0.543372657876475,782.456627342124,0.769230769230769,369.230769230769,0.430208333333333,413,540,300,4500,0.456627342123525,657.543372657877,0.711018711018711,341.288981288981,0.329166666666667,316,5520,540,44400,0.349063150589868,502.65093684941,0.228690228690229,109.77130977131,0.409375,393,300,660,58860,0.488549618320611,703.511450381679,0.37006237006237,177.629937629938,0.547916666666667,526,16,36.3645833333333,39.6666666666667,21.1764705882353
"2025-07-11 10:00:00|Monitor54.txt|20",20,"2025-07-11 10:00:00|Monitor54.txt",2025-07-11T10:00:00Z,2025-07-17T11:59:00Z,"OK","M","DGRP208","21.5C","Winter","NA","08:12","M54","Batch1_DGRP",0.359333410484898,517.440111098253,0.473446719888927,227.254425546685,0.302256944444444,290.166666666667,420,1140,20340,0.378903539208883,545.621096460791,0.708939708939709,340.29106029106,0.213541666666667,205,600,960,20820,0.342123525329632,492.65787647467,0.671517671517672,322.328482328482,0.177083333333333,170,420,1920,36120,0.385149201943095,554.614850798057,0.494802494802495,237.505197505198,0.330208333333333,317,720,360,38280,0.431644691186676,621.568355308813,0.713097713097713,342.286902286902,0.290625,279,0,300,48480,0.355308813324081,511.644691186676,0.214137214137214,102.785862785863,0.426041666666667,409,20820,420,40500,0.262317834836919,377.737682165163,0.0353430353430353,16.964656964657,0.376041666666667,361,20.5,23.7967479674797,30.6666666666667,30.2880434782609
"2025-07-11 10:00:00|Monitor54.txt|21",21,"2025-07-11 10:00:00|Monitor54.txt",2025-07-11T10:00:00Z,2025-07-17T11:59:00Z,"OK","M","DGRP208","21.5C","Winter","NA","08:12","M54","Batch1_DGRP",0.328665663696331,473.278555722717,0.496702533842416,238.41721624436,0.244618055555556,234.833333333333,780,960,44280,0.389312977099237,560.610687022901,0.636174636174636,305.363825363825,0.265625,255,840,960,10560,0.342817487855656,493.657182512144,0.565488565488566,271.434511434512,0.23125,222,1200,2400,4380,0.415683553088133,598.584316446912,0.590436590436591,283.409563409563,0.328125,315,480,12120,480,0.34559333795975,497.65440666204,0.548856548856549,263.451143451143,0.24375,234,420,2280,10260,0.374045801526718,538.625954198473,0.582120582120582,279.417879417879,0.269791666666667,259,1680,480,51480,0.103400416377516,148.896599583622,0.051975051975052,24.948024948025,0.129166666666667,124,17.8333333333333,36.1308411214953,23.1666666666667,33.4820143884892
"2025-07-11 10:00:00|Monitor54.txt|22",22,"2025-07-11 10:00:00|Monitor54.txt",2025-07-11T10:00:00Z,2025-07-17T11:59:00Z,"OK","M","DGRP208","21.5C","Winter","NA","08:12","M54","Batch1_DGRP",0.479805578058095,690.920032403657,0.838944810829573,402.693509198195,0.300173611111111,288.166666666667,0,360,420,0.549618320610687,791.450381679389,0.979209979209979,470.02079002079,0.334375,321,540,1680,2280,0.430950728660652,620.569049271339,0.923076923076923,443.076923076923,0.184375,177,780,4140,49620,0.451075641915337,649.548924358085,0.77962577962578,374.220374220374,0.286458333333333,275,420,960,6900,0.478140180430257,688.52185981957,0.831600831600832,399.168399168399,0.301041666666667,289,360,3660,10020,0.496877168632894,715.503122831367,0.765072765072765,367.234927234927,0.3625,348,360,900,9720,0.470506592643997,677.529493407356,0.746361746361746,358.253638253638,0.332291666666667,319,13.8333333333333,37.4337349397591,28,32.1488095238095
"2025-07-11 10:00:00|Monitor54.txt|23",23,"2025-07-11 10:00:00|Monitor54.txt",2025-07-11T10:00:00Z,2025-07-17T11:59:00Z,"OK","M","DGRP208","21.5C","Winter","NA","08:12","M54","Batch1_DGRP",0.50445550283532,726.415924082861,0.568205484206873,272.738632419299,0.472569444444445,453.666666666667,3660,360,9420,0.491325468424705,707.508674531575,0.696465696465697,334.303534303534,0.388541666666667,373,8640,3000,20400,0.532269257460097,766.46773074254,0.644490644490645,309.355509355509,0.476041666666667,457,9540,5640,9540,0.419153365718251,603.580846634282,0.417879417879418,200.582120582121,0.419791666666667,403,3240,300,42120,0.443442054129077,638.556557945871,0.422037422037422,202.577962577963,0.454166666666667,436,5760,660,46560,0.544760582928522,784.455239417071,0.486486486486487,233.513513513514,0.573958333333333,551,120,480,41220,0.594031922276197,855.405968077724,0.735966735966736,353.264033264033,0.522916666666667,502,21.8333333333333,20.3206106870229,43.3333333333333,22.0384615384615
"2025-07-11 10:00:00|Monitor54.txt|24",24,"2025-07-11 10:00:00|Monitor54.txt",2025-07-11T10:00:00Z,2025-07-17T11:59:00Z,"OK","M","DGRP208","21.5C","Winter","NA","08:12","M54","Batch1_DGRP",0.60074065501678,865.066543224164,0.77299548767789,371.037834085387,0.514583333333333,494,360,1080,3600,0.677307425399028,975.322692574601,0.923076923076923,443.076923076923,0.554166666666667,532,720,900,4860,0.590562109646079,850.409437890354,0.717255717255717,344.282744282744,0.527083333333333,506,1440,2100,3600,0.614850798056905,885.385149201943,0.852390852390852,409.147609147609,0.495833333333333,476,420,300,3120,0.598195697432339,861.401804302568,0.823284823284823,395.176715176715,0.485416666666667,466,300,10260,300,0.588480222068008,847.411519777932,0.823284823284823,395.176715176715,0.470833333333333,452,240,1380,11160,0.535045107564192,770.464954892436,0.496881496881497,238.503118503119,0.554166666666667,532,17,32.4313725490196,37.1666666666667,22.7982062780269
"2025-07-11 10:00:00|Monitor54.txt|25",25,"2025-07-11 10:00:00|Monitor54.txt",2025-07-11T10:00:00Z,2025-07-17T11:59:00Z,"OK","M","DGRP208","21.5C","Winter","NA","08:12","M54","Batch1_DGRP",0.299849554449716,431.783358407592,0.389101006594932,186.768483165568,0.255208333333333,245,2040,720,56220,0.512144344205413,737.487855655795,0.733887733887734,352.266112266112,0.401041666666667,385,3480,1020,6180,0.411519777931992,592.588480222068,0.719334719334719,345.280665280665,0.257291666666667,247,2520,1140,6180,0.398334489937543,573.601665510063,0.515592515592516,247.484407484408,0.339583333333333,326,17640,660,19620,0.203331020124913,292.796668979875,0.116424116424116,55.8835758835759,0.246875,237,3060,360,46560,0.190839694656489,274.809160305344,0.153846153846154,73.8461538461539,0.209375,201,1440,780,45600,0.0818875780707842,117.918112421929,0.0914760914760915,43.9085239085239,0.0770833333333333,74,15,33.2888888888889,27,34.4074074074074
"2025-07-11 10:00:00|Monitor54.txt|26",26,"2025-07-11 10:00:00|Monitor54.txt",2025-07-11T10:00:00Z,2025-07-17T11:59:00Z,"OK","M","DGRP208","21.5C","Winter","NA","08:12","M54","Batch1_DGRP",0.315009836824442,453.614165027196,0.291218326969802,139.784796945505,0.326909722222222,313.833333333333,720,300,9300,0.503122831367106,724.496877168633,0.798336798336798,383.201663201663,0.355208333333333,341,1680,480,20760,0.31089521165857,447.689104788341,0.717255717255717,344.282744282744,0.107291666666667,103,5580,300,45420,0.131852879944483,189.868147120056,0.0103950103950104,4.98960498960499,0.192708333333333,185,36060,480,42780,0.300485773768217,432.699514226232,0,0,0.451041666666667,433,600,420,58860,0.469812630117974,676.530187369882,0.207900207900208,99.7920997920998,0.601041666666667,577,480,300,59100,0.172796668979875,248.82720333102,0.0103950103950104,4.98960498960499,0.254166666666667,244,13.3333333333333,31.2625,42.8333333333333,23.2295719844358
"2025-07-11 10:00:00|Monitor54.txt|27",27,"2025-07-11 10:00:00|Monitor54.txt",2025-07-11T10:00:00Z,2025-07-17T11:59:00Z,"OK","M","DGRP208","21.5C","Winter","NA","08:12","M54","Batch1_DGRP",0.402615438028006,579.766230760329,0.724748351266921,347.879208608122,0.241493055555556,231.833333333333,1080,300,16020,0.439972241498959,633.560027758501,0.723492723492724,347.276507276507,0.297916666666667,286,1680,780,3180,0.439972241498959,633.560027758501,0.866943866943867,416.133056133056,0.226041666666667,217,840,300,70140,0.351839000693963,506.648160999306,0.650727650727651,312.349272349272,0.202083333333333,194,840,360,42120,0.425399028452464,612.574600971548,0.771309771309771,370.22869022869,0.252083333333333,242,420,540,15060,0.381679389312977,549.618320610687,0.756756756756757,363.243243243243,0.19375,186,360,540,9900,0.375433726578765,540.624566273421,0.571725571725572,274.428274428274,0.277083333333333,266,27.5,20.0727272727273,35,24.2333333333333
"2025-07-11 10:00:00|Monitor54.txt|28",28,"2025-07-11 10:00:00|Monitor54.txt",2025-07-11T10:00:00Z,2025-07-17T11:59:00Z,"OK","M","DGRP208","21.5C","Winter","NA","08:12","M54","Batch1_DGRP",0.431200092581877,620.928133317903,0.393960430406109,189.101006594932,0.449826388888889,431.833333333333,2280,2100,41940,0.45940319222762,661.540596807773,0.565488565488566,271.434511434512,0.40625,390,600,300,24300,0.456627342123525,657.543372657877,0.577962577962578,277.422037422037,0.395833333333333,380,420,540,1020,0.243580846634282,350.756419153366,0.141372141372141,67.8586278586279,0.294791666666667,283,240,300,49380,0.472588480222068,680.527411519778,0.239085239085239,114.760914760915,0.589583333333333,566,120,660,45180,0.500346981263012,720.499653018737,0.48024948024948,230.519750519751,0.510416666666667,490,600,480,40560,0.453157529493407,652.546842470507,0.355509355509356,170.644490644491,0.502083333333333,482,31.3333333333333,15.7712765957447,54,16.9444444444444
"2025-07-11 10:00:00|Monitor54.txt|30",30,"2025-07-11 10:00:00|Monitor54.txt",2025-07-11T10:00:00Z,2025-07-17T11:59:00Z,"OK","M","DGRP208","21.5C","Winter","NA","08:12","M54","Batch1_DGRP",0.396366161323921,570.767272306446,0.446025685525859,214.092329052412,0.371527777777778,356.666666666667,1200,300,49920,0.555863983344899,800.444136016655,0.846153846153846,406.153846153846,0.410416666666667,394,8280,480,15000,0.460791117279667,663.53920888272,0.627858627858628,301.372141372141,0.377083333333333,362,8340,300,45780,0.340041637751561,489.659958362249,0.303534303534304,145.696465696466,0.358333333333333,344,180,480,55560,0.343511450381679,494.656488549618,0.367983367983368,176.632016632017,0.33125,318,2100,300,45060,0.380985426786954,548.619014573213,0.384615384615385,184.615384615385,0.379166666666667,364,420,1080,62880,0.296321998612075,426.703678001388,0.143451143451143,68.8565488565489,0.372916666666667,358,22.1666666666667,21.1353383458647,48,19.5138888888889
"2025-07-11 10:00:00|Monitor54.txt|31",31,"2025-07-11 10:00:00|Monitor54.txt",2025-07-11T10:00:00Z,2025-07-17T11:59:00Z,"OK","M","DGRP208","21.5C","Winter","NA","08:12","M54","Batch1_DGRP",0.367434324730934,529.105427612545,0.458868448455397,220.256855258591,0.321701388888889,308.833333333333,720,540,1380,0.558639833448994,804.441360166551,0.760914760914761,365.239085239085,0.457291666666667,439,3360,840,40800,0.367800138792505,529.632199861208,0.517671517671518,248.482328482328,0.292708333333333,281,360,540,18420,0.394170714781402,567.605829285219,0.634095634095634,304.365904365904,0.273958333333333,263,360,360,39900,0.35322692574601,508.646773074254,0.367983367983368,176.632016632017,0.345833333333333,332,840,300,40200,0.217904233171409,313.782095766829,0.145530145530146,69.8544698544699,0.254166666666667,244,1020,300,7860,0.311589174184594,448.688410825815,0.322245322245322,154.677754677755,0.30625,294,23.8333333333333,22.3986013986014,40.8333333333333,21.3387755102041
"2025-07-11 10:00:00|Monitor54.txt|32",32,"2025-07-11 10:00:00|Monitor54.txt",2025-07-11T10:00:00Z,2025-07-17T11:59:00Z,"OK","M","DGRP208","21.5C","Winter","NA","08:12","M54","Batch1_DGRP",0.336187941210508,484.110635343132,0.409232905241236,196.431794515793,0.299652777777778,287.666666666667,720,2520,7740,0.507980569049271,731.492019430951,0.869022869022869,417.130977130977,0.327083333333333,314,540,1320,39240,0.435808466342818,627.564191533657,0.575883575883576,276.424116424116,0.365625,351,720,2280,8820,0.43442054129077,625.565579458709,0.79002079002079,379.209979209979,0.25625,246,360,360,42060,0.240111034004164,345.759888965996,0.0665280665280665,31.9334719334719,0.327083333333333,314,7200,360,39300,0.185981956974323,267.814018043026,0.0831600831600832,39.9168399168399,0.2375,228,5880,420,43980,0.213046495489244,306.786953504511,0.0706860706860707,33.9293139293139,0.284375,273,16.8333333333333,33.1485148514851,35.3333333333333,24.372641509434
"2025-07-11 10:00:00|Monitor6.txt|01",1,"2025-07-11 10:00:00|Monitor6.txt",2025-07-11T10:00:00Z,2025-07-17T11:59:00Z,"OK","M","DGRP304","21.5C","Winter","NA","08:12","M6","Batch1_DGRP",0.695868533734522,1002.05068857771,0.654286706004859,314.057618882333,0.716666666666667,688,2940,480,36120,0.764052741151978,1100.23594725885,0.698544698544699,335.301455301455,0.796875,765,1680,600,42000,0.723802914642609,1042.27619708536,0.702702702702703,337.297297297297,0.734375,705,1200,540,43680,0.665510062456627,958.334489937543,0.636174636174636,305.363825363825,0.680208333333333,653,360,300,53040,0.712699514226232,1026.28730048577,0.667359667359667,320.33264033264,0.735416666666667,706,3540,360,44400,0.6294240111034,906.370575988897,0.548856548856549,263.451143451143,0.669791666666667,643,1560,1320,44160,0.677307425399028,975.322692574601,0.665280665280665,319.334719334719,0.683333333333333,656,26.5,19.2327044025157,18.8333333333333,47.8672566371682
"2025-07-11 10:00:00|Monitor6.txt|02",2,"2025-07-11 10:00:00|Monitor6.txt",2025-07-11T10:00:00Z,2025-07-17T11:59:00Z,"OK","M","DGRP304","21.5C","Winter","NA","08:12","M6","Batch1_DGRP",0.576090730239556,829.57065154496,0.677889621659146,325.38701839639,0.525173611111111,504.166666666667,3180,840,10380,0.621790423317141,895.378209576683,0.708939708939709,340.29106029106,0.578125,555,840,720,42900,0.606523247744622,873.393476752255,0.654885654885655,314.345114345114,0.582291666666667,559,1200,600,43980,0.567661346287301,817.432338653713,0.713097713097713,342.286902286902,0.494791666666667,475,900,1020,47280,0.505898681471201,728.494101318529,0.634095634095634,304.365904365904,0.441666666666667,424,1800,780,54120,0.57529493407356,828.424705065926,0.673596673596674,323.326403326403,0.526041666666667,505,1740,1920,47520,0.579458709229702,834.42054129077,0.681912681912682,327.318087318087,0.528125,507,27.5,22.9090909090909,20.1666666666667,39.0578512396694
"2025-07-11 10:00:00|Monitor6.txt|03",3,"2025-07-11 10:00:00|Monitor6.txt",2025-07-11T10:00:00Z,2025-07-17T11:59:00Z,"OK","M","DGRP304","21.5C","Winter","NA","08:12","M6","Batch1_DGRP",0.796088415692628,1146.36731859738,0.747657063519611,358.875390489413,0.8203125,787.5,2820,360,36480,0.828591256072172,1193.17140874393,0.758835758835759,364.241164241164,0.863541666666667,829,3060,360,34140,0.789035392088827,1136.21096460791,0.765072765072765,367.234927234927,0.801041666666667,769,1860,480,34620,0.806384455239417,1161.19361554476,0.802494802494803,385.197505197505,0.808333333333333,776,2280,1260,41100,0.843164469118668,1214.15683553088,0.833679833679834,400.16632016632,0.847916666666667,814,4140,540,37140,0.761970853573907,1097.23802914643,0.66943866943867,321.330561330561,0.808333333333333,776,3600,300,37020,0.746009715475364,1074.25399028452,0.652806652806653,313.347193347193,0.792708333333333,761,21.8333333333333,20.5419847328244,13.5,72.0123456790124
"2025-07-11 10:00:00|Monitor6.txt|04",4,"2025-07-11 10:00:00|Monitor6.txt",2025-07-11T10:00:00Z,2025-07-17T11:59:00Z,"OK","M","DGRP304","21.5C","Winter","NA","08:12","M6","Batch1_DGRP",0.776530494155769,1118.20391158431,0.798681013536966,383.366886497744,0.765451388888889,734.833333333333,900,300,34920,0.790423317140875,1138.20957668286,0.802494802494803,385.197505197505,0.784375,753,360,360,48240,0.788341429562804,1135.21165857044,0.871101871101871,418.128898128898,0.746875,717,360,420,39060,0.722414989590562,1040.27758501041,0.781704781704782,375.218295218295,0.692708333333333,665,360,360,39120,0.776544066620403,1118.22345593338,0.750519750519751,360.24948024948,0.789583333333333,758,1320,420,34200,0.800832755031228,1153.19916724497,0.765072765072765,367.234927234927,0.81875,786,900,1020,40860,0.780707841776544,1124.21929215822,0.821205821205821,394.178794178794,0.760416666666667,730,26.5,18.0125786163522,25.6666666666667,36.2402597402597
"2025-07-11 10:00:00|Monitor6.txt|05",5,"2025-07-11 10:00:00|Monitor6.txt",2025-07-11T10:00:00Z,2025-07-17T11:59:00Z,"OK","M","DGRP304","21.5C","Winter","NA","08:12","M6","Batch1_DGRP",0.723874551556533,1042.37935424141,0.897604998264491,430.850399166956,0.636979166666667,611.5,1740,540,42960,0.714087439278279,1028.28591256072,0.825363825363825,396.174636174636,0.658333333333333,632,420,22140,45420,0.763358778625954,1099.23664122137,0.981288981288981,471.018711018711,0.654166666666667,628,28740,420,44340,0.770992366412214,1110.22900763359,0.997920997920998,479.002079002079,0.657291666666667,631,420,22620,44760,0.756419153365718,1089.24358084663,0.985446985446985,473.014553014553,0.641666666666667,616,420,4320,42780,0.664816099930604,957.335183900069,0.781704781704782,375.218295218295,0.60625,582,420,15060,46080,0.672449687716863,968.327550312283,0.808731808731809,388.191268191268,0.604166666666667,580,11.1666666666667,41.8955223880597,12.5,76.7066666666667
"2025-07-11 10:00:00|Monitor6.txt|07",7,"2025-07-11 10:00:00|Monitor6.txt",2025-07-11T10:00:00Z,2025-07-17T11:59:00Z,"OK","M","DGRP304","21.5C","Winter","NA","08:12","M6","Batch1_DGRP",0.741928017590557,1068.3763453304,0.929538354737938,446.17841027421,0.648090277777778,622.166666666667,1560,1020,47400,0.724496877168633,1043.27550312283,0.864864864864865,415.135135135135,0.654166666666667,628,420,1080,48660,0.755031228313671,1087.24496877169,0.923076923076923,443.076923076923,0.670833333333333,644,1200,1620,47940,0.732824427480916,1055.26717557252,0.933471933471933,448.066528066528,0.632291666666667,607,360,5400,46320,0.771686328938237,1111.22831367106,0.977130977130977,469.022869022869,0.66875,642,1380,960,47220,0.718251214434421,1034.28174878557,0.914760914760915,439.085239085239,0.619791666666667,595,2640,7800,48180,0.749479528105482,1079.25052047189,0.962577962577963,462.037422037422,0.642708333333333,617,14,34.9642857142857,10.8333333333333,86.0769230769231
"2025-07-11 10:00:00|Monitor6.txt|08",8,"2025-07-11 10:00:00|Monitor6.txt",2025-07-11T10:00:00Z,2025-07-17T11:59:00Z,"OK","M","DGRP304","21.5C","Winter","NA","08:12","M6","Batch1_DGRP",0.831963893067932,1198.02800601782,0.703228045817425,337.549461992364,0.896354166666667,860.5,2940,300,39540,0.857737682165163,1235.14226231783,0.752598752598753,361.247401247401,0.910416666666667,874,2580,420,41100,0.869535045107564,1252.13046495489,0.748440748440749,359.251559251559,0.930208333333333,893,2940,300,39360,0.874392782789729,1259.12560721721,0.814968814968815,391.185031185031,0.904166666666667,868,4380,780,30780,0.825121443442054,1188.17487855656,0.602910602910603,289.397089397089,0.936458333333333,899,4620,1200,55320,0.756419153365718,1089.24358084663,0.611226611226611,293.388773388773,0.829166666666667,796,420,360,41520,0.806384455239417,1161.19361554476,0.683991683991684,328.316008316008,0.867708333333333,833,21.6666666666667,20.4923076923077,18.6666666666667,51.9553571428572
"2025-07-11 10:00:00|Monitor6.txt|10",10,"2025-07-11 10:00:00|Monitor6.txt",2025-07-11T10:00:00Z,2025-07-17T11:59:00Z,"OK","M","DGRP304","21.5C","Winter","NA","08:12","M6","Batch1_DGRP",0.72190718666821,1039.54634880222,0.824713641096841,395.862547726484,0.670486111111111,643.666666666667,0,300,45720,0.722414989590562,1040.27758501041,0.831600831600832,399.168399168399,0.667708333333333,641,420,300,43260,0.697432338653713,1004.30256766135,0.762993762993763,366.237006237006,0.664583333333333,638,480,1320,42360,0.771686328938237,1111.22831367106,0.914760914760915,439.085239085239,0.7,672,1560,420,42000,0.711311589174185,1024.28868841083,0.787941787941788,378.212058212058,0.672916666666667,646,360,360,42600,0.687716863289382,990.312283136711,0.8004158004158,384.199584199584,0.63125,606,1980,300,44100,0.740458015267176,1066.25954198473,0.848232848232848,407.151767151767,0.686458333333333,659,20,22.875,20,47.8666666666667
"2025-07-11 10:00:00|Monitor6.txt|11",11,"2025-07-11 10:00:00|Monitor6.txt",2025-07-11T10:00:00Z,2025-07-17T11:59:00Z,"OK","M","DGRP304","21.5C","Winter","NA","08:12","M6","Batch1_DGRP",0.672260155074644,968.054623307488,0.759805623047553,364.706699062825,0.628472222222222,603.333333333333,2340,480,42660,0.696738376127689,1003.30326162387,0.758835758835759,364.241164241164,0.665625,639,1920,840,40440,0.738376127689105,1063.26162387231,0.844074844074844,405.155925155925,0.685416666666667,658,360,360,40260,0.668285912560722,962.331714087439,0.717255717255717,344.282744282744,0.64375,618,420,300,47400,0.634281748785566,913.365718251214,0.812889812889813,390.18711018711,0.544791666666667,523,60,780,51420,0.612074947952811,881.387925052047,0.750519750519751,360.24948024948,0.542708333333333,521,420,300,42240,0.683553088133241,984.316446911867,0.673596673596674,323.326403326403,0.688541666666667,661,29.3333333333333,18.8465909090909,18.5,46.1261261261261
"2025-07-11 10:00:00|Monitor6.txt|12",12,"2025-07-11 10:00:00|Monitor6.txt",2025-07-11T10:00:00Z,2025-07-17T11:59:00Z,"OK","M","DGRP304","21.5C","Winter","NA","08:12","M6","Batch1_DGRP",0.802569147089457,1155.69957180882,0.857341200971885,411.523776466505,0.775173611111111,744.166666666667,0,720,4920,0.858431644691187,1236.14156835531,0.948024948024948,455.051975051975,0.813541666666667,781,1260,480,37380,0.842470506592644,1213.15752949341,0.902286902286902,433.097713097713,0.8125,780,1140,300,39000,0.781401804302568,1125.2185981957,0.906444906444906,435.093555093555,0.71875,690,360,480,36960,0.776544066620403,1118.22345593338,0.802494802494803,385.197505197505,0.763541666666667,733,360,660,41040,0.802914642609299,1156.19708535739,0.819126819126819,393.180873180873,0.794791666666667,763,3360,660,35400,0.7529493407356,1084.24705065926,0.762993762993763,366.237006237006,0.747916666666667,718,21.8333333333333,21.1526717557252,18.3333333333333,51.6636363636364
"2025-07-11 10:00:00|Monitor6.txt|14",14,"2025-07-11 10:00:00|Monitor6.txt",2025-07-11T10:00:00Z,2025-07-17T11:59:00Z,"OK","M","DGRP304","21.5C","Winter","NA","08:12","M6","Batch1_DGRP",0.663812058789492,955.889364656868,0.686567164179104,329.55223880597,0.652430555555556,626.333333333333,3480,420,46980,0.676613462873005,974.323386537127,0.675675675675676,324.324324324324,0.677083333333333,650,3420,420,47100,0.675919500346981,973.324080499653,0.762993762993763,366.237006237006,0.632291666666667,607,1500,300,47940,0.662040249826509,953.337959750174,0.706860706860707,339.293139293139,0.639583333333333,614,3780,480,45720,0.634975711311589,914.365024288688,0.646569646569647,310.35343035343,0.629166666666667,604,3900,360,47160,0.69882026370576,1006.30117973629,0.615384615384615,295.384615384615,0.740625,711,360,300,56460,0.634281748785566,913.365718251214,0.711018711018711,341.288981288981,0.595833333333333,572,27,17.0679012345679,22.6666666666667,41.8455882352941
"2025-07-11 10:00:00|Monitor6.txt|15",15,"2025-07-11 10:00:00|Monitor6.txt",2025-07-11T10:00:00Z,2025-07-17T11:59:00Z,"OK","M","DGRP304","21.5C","Winter","NA","08:12","M6","Batch1_DGRP",0.683832889711839,984.719361185048,0.774383894481083,371.70426935092,0.638541666666667,613,1980,360,46020,0.718945176960444,1035.28105482304,0.758835758835759,364.241164241164,0.698958333333333,671,0,300,45300,0.688410825815406,991.311589174185,0.792099792099792,380.2079002079,0.636458333333333,611,1440,420,46800,0.641221374045801,923.358778625954,0.775467775467775,372.224532224532,0.573958333333333,551,900,360,46200,0.675919500346981,973.324080499653,0.762993762993763,366.237006237006,0.632291666666667,607,1200,660,45300,0.673837612768911,970.326162387231,0.754677754677755,362.245322245322,0.633333333333333,608,1020,600,46620,0.704371963913949,1014.29562803609,0.8004158004158,384.199584199584,0.65625,630,27.6666666666667,20.1265060240964,16.5,52
"2025-07-11 10:00:00|Monitor6.txt|16",16,"2025-07-11 10:00:00|Monitor6.txt",2025-07-11T10:00:00Z,2025-07-17T11:59:00Z,"OK","M","DGRP304","21.5C","Winter","NA","08:12","M6","Batch1_DGRP",0.751764842032172,1082.54137252633,0.665046858729608,319.222492190212,0.795138888888889,763.333333333333,0,360,40560,0.791811242192922,1140.20818875781,0.717255717255717,344.282744282744,0.829166666666667,796,2160,900,39600,0.764052741151978,1100.23594725885,0.771309771309771,370.22869022869,0.760416666666667,730,3240,780,41160,0.756419153365718,1089.24358084663,0.698544698544699,335.301455301455,0.785416666666667,754,2580,360,36360,0.767522553782096,1105.23247744622,0.667359667359667,320.33264033264,0.817708333333333,785,3780,720,40680,0.713393476752255,1027.28660652325,0.600831600831601,288.399168399168,0.769791666666667,739,420,480,48060,0.718251214434421,1034.28174878557,0.538461538461538,258.461538461539,0.808333333333333,776,26.5,19.3270440251572,13,69.8589743589744
"2025-07-11 10:00:00|Monitor6.txt|17",17,"2025-07-11 10:00:00|Monitor6.txt",2025-07-11T10:00:00Z,2025-07-17T11:59:00Z,"OK","M","DGRP304","21.5C","Winter","NA","08:12","M6","Batch1_DGRP",0.723643096863789,1042.04605948386,0.741062131204443,355.709822978133,0.714930555555556,686.333333333333,0,300,42540,0.761970853573907,1097.23802914643,0.817047817047817,392.182952182952,0.734375,705,1500,960,43320,0.726578764746704,1046.27342123525,0.792099792099792,380.2079002079,0.69375,666,960,300,42300,0.68910478834143,992.310895211659,0.704781704781705,338.295218295218,0.68125,654,540,300,41940,0.718945176960444,1035.28105482304,0.673596673596674,323.326403326403,0.741666666666667,712,1920,420,41340,0.732130464954892,1054.26786953505,0.760914760914761,365.239085239085,0.717708333333333,689,420,3060,42600,0.712005551700208,1025.2879944483,0.694386694386694,333.305613305613,0.720833333333333,692,24.3333333333333,20.0479452054795,17,54.6372549019608
"2025-07-11 10:00:00|Monitor6.txt|18",18,"2025-07-11 10:00:00|Monitor6.txt",2025-07-11T10:00:00Z,2025-07-17T11:59:00Z,"OK","M","DGRP304","21.5C","Winter","NA","08:12","M6","Batch1_DGRP",0.723411642171045,1041.7127647263,0.91877820201319,441.013536966331,0.625694444444445,600.666666666667,1620,420,44820,0.702984038861901,1012.29701596114,0.871101871101871,418.128898128898,0.61875,594,1440,660,44220,0.734212352532963,1057.26578764747,0.941787941787942,452.058212058212,0.630208333333333,605,360,2160,43680,0.754337265787648,1086.24566273421,0.983367983367983,472.016632016632,0.639583333333333,614,1140,1080,45000,0.699514226231784,1007.30048577377,0.88981288981289,427.110187110187,0.604166666666667,580,360,420,44580,0.732824427480916,1055.26717557252,0.93970893970894,451.060291060291,0.629166666666667,604,360,1500,45240,0.71616932685635,1031.28383067314,0.883575883575884,424.116424116424,0.632291666666667,607,11.5,44,15.1666666666667,60.5274725274725
"2025-07-11 10:00:00|Monitor6.txt|19",19,"2025-07-11 10:00:00|Monitor6.txt",2025-07-11T10:00:00Z,2025-07-17T11:59:00Z,"OK","M","DGRP304","21.5C","Winter","NA","08:12","M6","Batch1_DGRP",0.756741117926166,1089.70720981368,0.778896216591461,373.870183963901,0.745659722222222,715.833333333333,0,360,44220,0.788341429562804,1135.21165857044,0.817047817047817,392.182952182952,0.773958333333333,743,840,420,51840,0.824427480916031,1187.17557251908,0.88981288981289,427.110187110187,0.791666666666667,760,420,540,43380,0.754337265787648,1086.24566273421,0.829521829521829,398.170478170478,0.716666666666667,688,360,420,40680,0.769604441360167,1108.23039555864,0.77962577962578,374.220374220374,0.764583333333333,734,1980,300,41100,0.678695350451076,977.321304649549,0.650727650727651,312.349272349272,0.692708333333333,665,600,540,41580,0.723802914642609,1042.27619708536,0.702702702702703,337.297297297297,0.734375,705,30.5,15.2349726775956,25,37.5
"2025-07-11 10:00:00|Monitor6.txt|20",20,"2025-07-11 10:00:00|Monitor6.txt",2025-07-11T10:00:00Z,2025-07-17T11:59:00Z,"OK","M","DGRP304","21.5C","Winter","NA","08:12","M6","Batch1_DGRP",0.648188867029279,933.391968522162,0.647344671988893,310.725442554669,0.648611111111111,622.666666666667,1140,540,41100,0.736294240111034,1060.26370575989,0.754677754677755,362.245322245322,0.727083333333333,698,1380,660,42180,0.711311589174185,1024.28868841083,0.719334719334719,345.280665280665,0.707291666666667,679,1800,300,42060,0.605135322692575,871.394864677307,0.602910602910603,289.397089397089,0.60625,582,1140,420,42900,0.621096460791117,894.378903539209,0.671517671517672,322.328482328482,0.595833333333333,572,4140,360,41700,0.596113809854268,858.403886190146,0.573804573804574,275.426195426195,0.607291666666667,583,2220,540,43200,0.61970853573907,892.380291464261,0.563409563409563,270.43659043659,0.647916666666667,622,29,20.5172413793103,14.3333333333333,57.7325581395349
"2025-07-11 10:00:00|Monitor6.txt|21",21,"2025-07-11 10:00:00|Monitor6.txt",2025-07-11T10:00:00Z,2025-07-17T11:59:00Z,"OK","M","DGRP304","21.5C","Winter","NA","08:12","M6","Batch1_DGRP",0.755699571808818,1088.2073834047,0.8333911836168,400.027768136064,0.716840277777778,688.166666666667,2940,480,42840,0.703678001387925,1013.29632199861,0.721413721413721,346.278586278586,0.694791666666667,667,1380,780,53280,0.756419153365718,1089.24358084663,0.848232848232848,407.151767151767,0.710416666666667,682,1500,720,40200,0.752255378209577,1083.24774462179,0.835758835758836,401.164241164241,0.710416666666667,682,1020,360,54540,0.768216516308119,1106.23178348369,0.893970893970894,429.106029106029,0.705208333333333,677,1200,300,40020,0.789729354614851,1137.21027064539,0.852390852390852,409.147609147609,0.758333333333333,728,1020,360,40920,0.762664816099931,1098.2373351839,0.844074844074844,405.155925155925,0.721875,693,22.5,20.7407407407407,17.8333333333333,52.7196261682243
"2025-07-11 10:00:00|Monitor6.txt|23",23,"2025-07-11 10:00:00|Monitor6.txt",2025-07-11T10:00:00Z,2025-07-17T11:59:00Z,"OK","M","DGRP304","21.5C","Winter","NA","08:12","M6","Batch1_DGRP",0.559194537669251,805.240134243722,0.812912183269698,390.197847969455,0.432291666666667,415,300,300,53460,0.551700208188758,794.448299791811,0.802494802494803,385.197505197505,0.426041666666667,409,360,540,50880,0.591950034698126,852.408049965302,0.77962577962578,374.220374220374,0.497916666666667,478,900,540,58260,0.581540596807772,837.418459403192,0.877338877338877,421.122661122661,0.433333333333333,416,1140,1020,74940,0.4941013185288,711.505898681471,0.808731808731809,388.191268191268,0.336458333333333,323,360,420,55680,0.542678695350451,781.45732130465,0.72972972972973,350.27027027027,0.448958333333333,431,180,600,52440,0.593337959750174,854.40666204025,0.877338877338877,421.122661122661,0.451041666666667,433,23,27.5942028985507,22.6666666666667,34.4705882352941
"2025-07-11 10:00:00|Monitor6.txt|24",24,"2025-07-11 10:00:00|Monitor6.txt",2025-07-11T10:00:00Z,2025-07-17T11:59:00Z,"OK","M","DGRP304","21.5C","Winter","NA","08:12","M6","Batch1_DGRP",0.765189214211318,1101.8724684643,0.718500520652551,344.880249913225,0.788541666666667,757,1740,300,36960,0.85704371963914,1234.14295628036,0.688149688149688,330.31185031185,0.941666666666667,904,360,300,44160,0.77029840388619,1109.22970159611,0.694386694386694,333.305613305613,0.808333333333333,776,360,420,41820,0.807078417765441,1162.19292158223,0.833679833679834,400.16632016632,0.79375,762,1560,360,43020,0.705759888965996,1016.29424011103,0.735966735966736,353.264033264033,0.690625,663,480,300,42240,0.706453851492019,1017.29354614851,0.650727650727651,312.349272349272,0.734375,705,3420,300,43680,0.743927827897294,1071.2560721721,0.706860706860707,339.293139293139,0.7625,732,30.8333333333333,15.0378378378378,26,36.1923076923077
"2025-07-11 10:00:00|Monitor6.txt|25",25,"2025-07-11 10:00:00|Monitor6.txt",2025-07-11T10:00:00Z,2025-07-17T11:59:00Z,"OK","M","DGRP304","21.5C","Winter","NA","08:12","M6","Batch1_DGRP",0.690776530494156,994.718203911584,0.70635196112461,339.048941339813,0.682986111111111,655.666666666667,0,540,37320,0.818181818181818,1178.18181818182,0.88981288981289,427.110187110187,0.782291666666667,751,1380,360,41760,0.739070090215128,1064.26092990978,0.777546777546778,373.222453222453,0.719791666666667,691,2100,300,36840,0.68147120055517,981.318528799445,0.61954261954262,297.380457380457,0.7125,684,960,1740,32580,0.634975711311589,914.365024288688,0.717255717255717,344.282744282744,0.59375,570,1500,1380,73740,0.634975711311589,914.365024288688,0.638253638253638,306.361746361746,0.633333333333333,608,1560,540,40440,0.63705759888966,917.36294240111,0.598752598752599,287.401247401247,0.65625,630,31.8333333333333,15.020942408377,27,34.1913580246914
"2025-07-11 10:00:00|Monitor6.txt|26",26,"2025-07-11 10:00:00|Monitor6.txt",2025-07-11T10:00:00Z,2025-07-17T11:59:00Z,"OK","M","DGRP304","21.5C","Winter","NA","08:12","M6","Batch1_DGRP",0.841453535470432,1211.69309107742,0.83755640402638,402.027073932662,0.843402777777778,809.666666666667,2280,300,42540,0.807772380291464,1163.19222761971,0.883575883575884,424.116424116424,0.769791666666667,739,1020,1200,40560,0.89382373351839,1287.10617626648,0.964656964656965,463.035343035343,0.858333333333333,824,1200,780,37380,0.91117279666898,1312.08882720333,0.956340956340956,459.043659043659,0.888541666666667,853,420,540,38220,0.848716169326856,1222.15128383067,0.798336798336798,383.201663201663,0.873958333333333,839,540,480,36240,0.802220680083276,1155.19777931992,0.702702702702703,337.297297297297,0.852083333333333,818,720,1020,35520,0.784177654406662,1129.21582234559,0.717255717255717,344.282744282744,0.817708333333333,785,19.5,24.7264957264957,16.3333333333333,57.1428571428572
"2025-07-11 10:00:00|Monitor6.txt|27",27,"2025-07-11 10:00:00|Monitor6.txt",2025-07-11T10:00:00Z,2025-07-17T11:59:00Z,"OK","M","DGRP304","21.5C","Winter","NA","08:12","M6","Batch1_DGRP",0.640203680129615,921.893299386645,0.702880944116626,337.382853175981,0.608854166666667,584.5,0,300,40920,0.752255378209577,1083.24774462179,0.760914760914761,365.239085239085,0.747916666666667,718,1200,840,43800,0.684941013185288,986.315058986815,0.775467775467775,372.224532224532,0.639583333333333,614,2340,540,43020,0.638445523941707,919.361554476058,0.688149688149688,330.31185031185,0.613541666666667,589,3240,1140,45060,0.6294240111034,906.370575988897,0.711018711018711,341.288981288981,0.588541666666667,565,2340,300,46920,0.54823039555864,789.451769604441,0.600831600831601,288.399168399168,0.521875,501,2760,480,46680,0.586398334489938,844.41360166551,0.675675675675676,324.324324324324,0.541666666666667,520,27.1666666666667,20.9938650306749,22,38.1590909090909
"2025-07-11 10:00:00|Monitor6.txt|29",29,"2025-07-11 10:00:00|Monitor6.txt",2025-07-11T10:00:00Z,2025-07-17T11:59:00Z,"OK","M","DGRP304","21.5C","Winter","NA","08:12","M6","Batch1_DGRP",0.634070130771901,913.060988311538,0.854564387365498,410.190905935439,0.523784722222222,502.833333333333,0,300,56700,0.664816099930604,957.335183900069,0.814968814968815,391.185031185031,0.589583333333333,566,360,360,49560,0.66412213740458,956.335877862595,0.931392931392931,447.068607068607,0.530208333333333,509,360,420,50940,0.628730048577377,905.371269951423,0.943866943866944,453.056133056133,0.470833333333333,452,360,360,47940,0.626648160999306,902.373351839001,0.88981288981289,427.110187110187,0.494791666666667,475,540,300,57360,0.60235947258848,867.397640527412,0.758835758835759,364.241164241164,0.523958333333333,503,420,720,49980,0.616932685634976,888.383067314365,0.783783783783784,376.216216216216,0.533333333333333,512,20.6666666666667,24.5161290322581,24.6666666666667,36.5472972972973
"2025-07-11 10:00:00|Monitor6.txt|30",30,"2025-07-11 10:00:00|Monitor6.txt",2025-07-11T10:00:00Z,2025-07-17T11:59:00Z,"OK","M","DGRP304","21.5C","Winter","NA","08:12","M6","Batch1_DGRP",0.674111792616595,970.720981367897,0.755987504338771,362.87400208261,0.633159722222222,607.833333333333,1020,1140,43200,0.739070090215128,1064.26092990978,0.869022869022869,417.130977130977,0.673958333333333,647,1200,780,42240,0.710617626648161,1023.28938237335,0.765072765072765,367.234927234927,0.683333333333333,656,420,420,57720,0.63705759888966,917.36294240111,0.654885654885655,314.345114345114,0.628125,603,360,540,42720,0.608605135322693,876.391394864677,0.785862785862786,377.214137214137,0.519791666666667,499,1740,300,42000,0.641915336571825,924.358084663428,0.64033264033264,307.359667359667,0.642708333333333,617,2640,960,43620,0.706453851492019,1017.29354614851,0.817047817047817,392.182952182952,0.651041666666667,625,29.1666666666667,15.7828571428571,19.3333333333333,48.7241379310345
"2025-07-11 10:00:00|Monitor6.txt|31",31,"2025-07-11 10:00:00|Monitor6.txt",2025-07-11T10:00:00Z,2025-07-17T11:59:00Z,"OK","M","DGRP304","21.5C","Winter","NA","08:12","M6","Batch1_DGRP",0.619488485129036,892.063418585812,0.676501214855953,324.720583130857,0.590972222222222,567.333333333333,2760,1140,50220,0.66412213740458,956.335877862595,0.723492723492724,347.276507276507,0.634375,609,1620,2160,65100,0.606523247744622,873.393476752255,0.61954261954262,297.380457380457,0.6,576,2100,360,66660,0.636363636363636,916.363636363636,0.704781704781705,338.295218295218,0.602083333333333,578,600,480,45000,0.623178348369188,897.376821651631,0.667359667359667,320.33264033264,0.601041666666667,577,0,1200,62700,0.57529493407356,828.424705065926,0.625779625779626,300.37422037422,0.55,528,2220,1260,62160,0.611380985426787,880.388619014573,0.717255717255717,344.282744282744,0.558333333333333,536,20.1666666666667,32.4380165289256,25.6666666666667,29.3246753246753
"2025-07-11 10:00:00|Monitor6.txt|32",32,"2025-07-11 10:00:00|Monitor6.txt",2025-07-11T10:00:00Z,2025-07-17T11:59:00Z,"OK","M","DGRP304","21.5C","Winter","NA","08:12","M6","Batch1_DGRP",0.659298692280986,949.39011688462,0.885803540437348,425.185699409927,0.546006944444445,524.166666666667,0,660,43500,0.727966689798751,1048.2720333102,0.977130977130977,469.022869022869,0.603125,579,420,720,42420,0.684247050659264,985.315752949341,0.943866943866944,453.056133056133,0.554166666666667,532,360,900,7920,0.584316446911867,841.415683553088,0.835758835758836,401.164241164241,0.458333333333333,440,420,4140,43140,0.649548924358085,935.350451075642,0.908523908523908,436.091476091476,0.519791666666667,499,480,780,42180,0.630117973629424,907.369882026371,0.814968814968815,391.185031185031,0.5375,516,480,1260,43860,0.678001387925052,976.321998612075,0.827442827442827,397.172557172557,0.603125,579,13,44.7051282051282,25,33.4466666666667
"2025-07-11 10:00:00|Monitor7.txt|01",1,"2025-07-11 10:00:00|Monitor7.txt",2025-07-11T10:00:00Z,2025-07-17T11:59:00Z,"OK","M","DGRP324","21.5C","Winter","NA","08:12","M7","Batch1_DGRP",0.883809744242565,1272.68603170929,0.77507809788268,372.037486983686,0.938194444444444,900.666666666667,0,360,33840,0.913254684247051,1315.08674531575,0.785862785862786,377.214137214137,0.977083333333333,938,10440,25080,36840,0.810548230395559,1167.1894517696,0.648648648648649,311.351351351351,0.891666666666667,856,6720,26400,6720,0.840388619014573,1210.15961138099,0.777546777546778,373.222453222453,0.871875,837,120,360,3180,0.939625260235947,1353.06037473976,0.904365904365904,434.095634095634,0.957291666666667,919,4080,780,35340,0.913948646773074,1316.08605135323,0.856548856548857,411.143451143451,0.942708333333333,905,4560,540,29040,0.885496183206107,1275.11450381679,0.67983367983368,326.320166320166,0.988541666666667,949,4,160.791666666667,15.6666666666667,49.9787234042553
"2025-07-11 10:00:00|Monitor7.txt|02",2,"2025-07-11 10:00:00|Monitor7.txt",2025-07-11T10:00:00Z,2025-07-17T11:59:00Z,"OK","M","DGRP324","21.5C","Winter","NA","08:12","M7","Batch1_DGRP",0.536164795741234,772.077305867377,0.480041652204096,230.419993057966,0.564236111111111,541.666666666667,6960,480,63360,0.694656488549618,1000.30534351145,0.659043659043659,316.340956340956,0.7125,684,6120,780,57000,0.666204024982651,959.333795975017,0.613305613305613,294.386694386694,0.692708333333333,665,4920,2160,58380,0.607217210270645,874.392782789729,0.565488565488566,271.434511434512,0.628125,603,4800,360,6540,0.549618320610687,791.450381679389,0.544698544698545,261.455301455301,0.552083333333333,530,5400,300,13560,0.412213740458015,593.587786259542,0.395010395010395,189.60498960499,0.420833333333333,404,17580,840,56280,0.285218598195697,410.714781401804,0.0977130977130977,46.9022869022869,0.379166666666667,364,16.5,27.5050505050505,36.5,26.1506849315069
"2025-07-11 10:00:00|Monitor7.txt|03",3,"2025-07-11 10:00:00|Monitor7.txt",2025-07-11T10:00:00Z,2025-07-17T11:59:00Z,"OK","M","DGRP324","21.5C","Winter","NA","08:12","M7","Batch1_DGRP",0.59715310727925,859.90047448212,0.755293300937175,362.540784449844,0.518055555555556,497.333333333333,2640,480,60180,0.71616932685635,1031.28383067314,0.802494802494803,385.197505197505,0.672916666666667,646,2700,2280,59160,0.6294240111034,906.370575988897,0.704781704781705,338.295218295218,0.591666666666667,568,2460,300,6300,0.573907009021513,826.426092990979,0.715176715176715,343.284823284823,0.503125,483,2280,600,6720,0.543372657876475,782.456627342124,0.723492723492724,347.276507276507,0.453125,435,3000,780,10860,0.534351145038168,769.465648854962,0.825363825363825,396.174636174636,0.388541666666667,373,4680,16260,4680,0.583622484385843,840.416377515614,0.752598752598753,361.247401247401,0.498958333333333,479,15.6666666666667,29.6914893617021,35.5,26.5352112676056
"2025-07-11 10:00:00|Monitor7.txt|04",4,"2025-07-11 10:00:00|Monitor7.txt",2025-07-11T10:00:00Z,2025-07-17T11:59:00Z,"OK","M","DGRP324","21.5C","Winter","NA","08:12","M7","Batch1_DGRP",0.414072445318829,596.264321259114,0.155501561957654,74.6407497396737,0.543402777777778,521.666666666667,11100,300,40380,0.448993754337266,646.551006245663,0.112266112266112,53.8877338877339,0.617708333333333,593,9720,480,51960,0.396252602359473,570.603747397641,0.0956340956340956,45.9043659043659,0.546875,525,5040,300,57000,0.423317140874393,609.576682859126,0.141372141372141,67.8586278586279,0.564583333333333,542,14520,360,57180,0.320610687022901,461.679389312977,0.11018711018711,52.8898128898129,0.426041666666667,409,4980,420,52860,0.439278278972935,632.560721721027,0.241164241164241,115.758835758836,0.538541666666667,517,1680,360,50700,0.454545454545455,654.545454545455,0.230769230769231,110.769230769231,0.566666666666667,544,17.1666666666667,24.5728155339806,44.5,22.4794007490637
"2025-07-11 10:00:00|Monitor7.txt|05",5,"2025-07-11 10:00:00|Monitor7.txt",2025-07-11T10:00:00Z,2025-07-17T11:59:00Z,"OK","M","DGRP324","21.5C","Winter","NA","08:12","M7","Batch1_DGRP",0.865061914130309,1245.68915634765,0.758070114543561,363.873654980909,0.918576388888889,881.833333333333,8100,2880,36180,0.86675919500347,1248.133240805,0.69022869022869,331.309771309771,0.955208333333333,917,6900,300,50760,0.887578070784178,1278.11242192922,0.748440748440749,359.251559251559,0.957291666666667,919,5880,540,6660,0.896599583622484,1291.10340041638,0.787941787941788,378.212058212058,0.951041666666667,913,8100,900,40260,0.865371269951423,1246.13462873005,0.723492723492724,347.276507276507,0.936458333333333,899,5280,6300,50220,0.833448993754337,1200.16655100625,0.814968814968815,391.185031185031,0.842708333333333,809,5820,300,6720,0.83969465648855,1209.16030534351,0.781704781704782,375.218295218295,0.86875,834,4.83333333333333,98.2068965517242,25,37.58
"2025-07-11 10:00:00|Monitor7.txt|06",6,"2025-07-11 10:00:00|Monitor7.txt",2025-07-11T10:00:00Z,2025-07-17T11:59:00Z,"OK","M","DGRP324","21.5C","Winter","NA","08:12","M7","Batch1_DGRP",0.896308297650735,1290.68394861706,0.868101353696633,416.688649774384,0.910416666666667,874,0,360,32580,0.954198473282443,1374.04580152672,0.896049896049896,430.10395010395,0.983333333333333,944,2940,840,41880,0.904233171408744,1302.09576682859,0.827442827442827,397.172557172557,0.942708333333333,905,3060,300,10560,0.893129770992367,1286.10687022901,0.846153846153846,406.153846153846,0.916666666666667,880,2820,360,46320,0.874392782789729,1259.12560721721,0.864864864864865,415.135135135135,0.879166666666667,844,420,600,41340,0.873698820263706,1258.12630117974,0.904365904365904,434.095634095634,0.858333333333333,824,2640,300,39720,0.878556557945871,1265.12144344205,0.871101871101871,418.128898128898,0.882291666666667,847,12.1666666666667,39.3698630136986,25.6666666666667,36.2922077922078
"2025-07-11 10:00:00|Monitor7.txt|07",7,"2025-07-11 10:00:00|Monitor7.txt",2025-07-11T10:00:00Z,2025-07-17T11:59:00Z,"OK","M","DGRP324","21.5C","Winter","NA","08:12","M7","Batch1_DGRP",0.671912973035528,967.554681171161,0.625477264838598,300.229087122527,0.695138888888889,667.333333333333,5880,480,54420,0.743927827897294,1071.2560721721,0.721413721413721,346.278586278586,0.755208333333333,725,5820,2460,57120,0.675919500346981,973.324080499653,0.563409563409563,270.43659043659,0.732291666666667,703,7200,4740,53580,0.623872310895212,898.376127689105,0.677754677754678,325.322245322245,0.596875,573,3360,420,42660,0.598195697432339,861.401804302568,0.592515592515593,284.407484407484,0.601041666666667,577,4620,300,51180,0.74323386537127,1070.25676613463,0.661122661122661,317.338877338877,0.784375,753,5040,300,37380,0.646079111727967,930.353920888272,0.536382536382536,257.463617463618,0.701041666666667,673,20,25.7166666666667,28.5,31.4035087719298
"2025-07-11 10:00:00|Monitor7.txt|08",8,"2025-07-11 10:00:00|Monitor7.txt",2025-07-11T10:00:00Z,2025-07-17T11:59:00Z,"OK","M","DGRP324","21.5C","Winter","NA","08:12","M7","Batch1_DGRP",0.831616711028816,1197.5280638815,0.726136758070115,348.545643873655,0.884375,849,0,300,43800,0.884802220680083,1274.11519777932,0.758835758835759,364.241164241164,0.947916666666667,910,7260,22620,7260,0.83969465648855,1209.16030534351,0.748440748440749,359.251559251559,0.885416666666667,850,6840,14880,52320,0.836918806384455,1205.16308119362,0.754677754677755,362.245322245322,0.878125,843,4920,540,6360,0.830673143650243,1196.16932685635,0.806652806652807,387.193347193347,0.842708333333333,809,6000,360,37020,0.837612768910479,1206.16238723109,0.744282744282744,357.255717255717,0.884375,849,6480,360,36720,0.758501040943789,1092.24149895906,0.540540540540541,259.459459459459,0.867708333333333,833,8.33333333333333,53.9,16.3333333333333,59.0510204081633
"2025-07-11 10:00:00|Monitor7.txt|09",9,"2025-07-11 10:00:00|Monitor7.txt",2025-07-11T10:00:00Z,2025-07-17T11:59:00Z,"OK","M","DGRP324","21.5C","Winter","NA","08:12","M7","Batch1_DGRP",0.805346603402384,1159.69910889943,0.76049982644915,365.039916695592,0.827777777777778,794.666666666667,4440,3840,42540,0.845940319222762,1218.15405968078,0.798336798336798,383.201663201663,0.869791666666667,835,5340,1020,49680,0.763358778625954,1099.23664122137,0.700623700623701,336.299376299376,0.794791666666667,763,4080,540,37140,0.795975017349063,1146.20402498265,0.767151767151767,368.232848232848,0.810416666666667,778,4200,5760,54840,0.766828591256072,1104.23317140874,0.760914760914761,365.239085239085,0.769791666666667,739,3660,21120,34920,0.793893129770992,1143.20610687023,0.798336798336798,383.201663201663,0.791666666666667,760,4500,17100,35340,0.863983344899376,1244.1360166551,0.731808731808732,351.268191268191,0.930208333333333,893,8.83333333333333,50.0754716981132,27.1666666666667,35.7546012269939
"2025-07-11 10:00:00|Monitor7.txt|10",10,"2025-07-11 10:00:00|Monitor7.txt",2025-07-11T10:00:00Z,2025-07-17T11:59:00Z,"OK","M","DGRP324","21.5C","Winter","NA","08:12","M7","Batch1_DGRP",0.775488948038422,1116.70408517533,0.876084692814995,420.520652551198,0.725173611111111,696.166666666667,0,360,8940,0.857737682165163,1235.14226231783,0.879417879417879,422.120582120582,0.846875,813,3480,360,54540,0.768216516308119,1106.23178348369,0.802494802494803,385.197505197505,0.751041666666667,721,2820,2580,6180,0.747397640527412,1076.25260235947,0.9002079002079,432.099792099792,0.670833333333333,644,2460,19620,2460,0.730048577376822,1051.26995142262,0.927234927234927,445.072765072765,0.63125,606,2760,360,3240,0.753643303261624,1085.24635669674,0.883575883575884,424.116424116424,0.688541666666667,661,360,480,56760,0.795975017349063,1146.20402498265,0.862785862785863,414.137214137214,0.7625,732,9.66666666666667,48.7586206896552,46.8333333333333,19.9110320284698
"2025-07-11 10:00:00|Monitor7.txt|11",11,"2025-07-11 10:00:00|Monitor7.txt",2025-07-11T10:00:00Z,2025-07-17T11:59:00Z,"OK","M","DGRP324","21.5C","Winter","NA","08:12","M7","Batch1_DGRP",0.61439648188867,884.730933919685,0.694203401596668,333.217632766401,0.574479166666667,551.5,6120,480,63900,0.63705759888966,917.36294240111,0.67983367983368,326.320166320166,0.615625,591,6240,720,10380,0.655100624566273,943.344899375434,0.762993762993763,366.237006237006,0.601041666666667,577,6600,480,8520,0.591256072172103,851.408743927828,0.715176715176715,343.284823284823,0.529166666666667,508,6840,360,8460,0.566967383761277,816.433032616239,0.698544698544699,335.301455301455,0.501041666666667,481,6600,600,46740,0.589174184594032,848.410825815406,0.644490644490645,309.355509355509,0.561458333333333,539,5880,780,43500,0.64469118667592,928.355308813324,0.656964656964657,315.343035343035,0.638541666666667,613,10.6666666666667,41.34375,34.5,28.0821256038648
"2025-07-11 10:00:00|Monitor7.txt|12",12,"2025-07-11 10:00:00|Monitor7.txt",2025-07-11T10:00:00Z,2025-07-17T11:59:00Z,"OK","M","DGRP324","21.5C","Winter","NA","08:12","M7","Batch1_DGRP",0.464413840990626,668.755931026502,0.465116279069768,223.255813953488,0.4640625,445.5,0,600,8700,0.808466342817488,1164.19153365718,0.88981288981289,427.110187110187,0.767708333333333,737,7440,4920,40680,0.643997224149896,927.35600277585,0.67983367983368,326.320166320166,0.626041666666667,601,12000,300,15960,0.219292158223456,315.780707841777,0.272349272349272,130.727650727651,0.192708333333333,185,8520,420,42720,0.50381679389313,725.496183206107,0.498960498960499,239.50103950104,0.50625,486,12960,480,48360,0.441360166551006,635.558639833449,0.405405405405405,194.594594594595,0.459375,441,360,300,61920,0.16793893129771,241.832061068702,0.0395010395010395,18.960498960499,0.232291666666667,223,14.3333333333333,30.6744186046512,23.5,41.7021276595745
"2025-07-11 10:00:00|Monitor7.txt|13",13,"2025-07-11 10:00:00|Monitor7.txt",2025-07-11T10:00:00Z,2025-07-17T11:59:00Z,"OK","M","DGRP324","21.5C","Winter","NA","08:12","M7","Batch1_DGRP",0.758014118736257,1091.54033098021,0.740715029503645,355.543214161749,0.766666666666667,736,5280,3720,55080,0.854267869535045,1230.14573213047,0.787941787941788,378.212058212058,0.8875,852,6480,1800,52680,0.703678001387925,1013.29632199861,0.706860706860707,339.293139293139,0.702083333333333,674,5880,960,22260,0.671061762664816,966.328938237335,0.74012474012474,355.259875259875,0.636458333333333,611,4140,420,54780,0.772380291464261,1112.22761970854,0.742203742203742,356.257796257796,0.7875,756,4320,1200,59400,0.763358778625954,1099.23664122137,0.700623700623701,336.299376299376,0.794791666666667,763,0,360,50520,0.783483691880639,1128.21651630812,0.767151767151767,368.232848232848,0.791666666666667,760,15.5,31.9354838709677,41.6666666666667,21.564
"2025-07-11 10:00:00|Monitor7.txt|15",15,"2025-07-11 10:00:00|Monitor7.txt",2025-07-11T10:00:00Z,2025-07-17T11:59:00Z,"OK","M","DGRP324","21.5C","Winter","NA","08:12","M7","Batch1_DGRP",0.694942714963546,1000.71750954751,0.749392572023603,359.708434571329,0.667708333333333,641,240,480,6540,0.786259541984733,1132.21374045802,0.869022869022869,417.130977130977,0.744791666666667,715,8340,1800,54420,0.696738376127689,1003.30326162387,0.688149688149688,330.31185031185,0.701041666666667,673,5760,360,7800,0.675225537820958,972.324774462179,0.785862785862786,377.214137214137,0.619791666666667,595,6060,600,12720,0.668285912560722,962.331714087439,0.721413721413721,346.278586278586,0.641666666666667,616,7080,300,9840,0.675919500346981,973.324080499653,0.694386694386694,333.305613305613,0.666666666666667,640,5700,1620,45240,0.665510062456627,958.334489937543,0.731808731808732,351.268191268191,0.632291666666667,607,11.8333333333333,33.5492957746479,37.3333333333333,26.8839285714286
"2025-07-11 10:00:00|Monitor7.txt|16",16,"2025-07-11 10:00:00|Monitor7.txt",2025-07-11T10:00:00Z,2025-07-17T11:59:00Z,"OK","M","DGRP324","21.5C","Winter","NA","08:12","M7","Batch1_DGRP",0.756162481194306,1088.8739729198,0.694897604998265,333.550850399167,0.786805555555556,755.333333333333,0,360,47940,0.886190145732131,1276.11380985427,0.85031185031185,408.149688149688,0.904166666666667,868,6240,9240,6240,0.830673143650243,1196.16932685635,0.752598752598753,361.247401247401,0.869791666666667,835,6660,7200,51660,0.702984038861901,1012.29701596114,0.681912681912682,327.318087318087,0.713541666666667,685,7620,780,54900,0.678695350451076,977.321304649549,0.632016632016632,303.367983367983,0.702083333333333,674,9900,4020,49380,0.635669673837613,915.364330326162,0.61954261954262,297.380457380457,0.64375,618,8460,3180,39420,0.802220680083276,1155.19777931992,0.632016632016632,303.367983367983,0.8875,852,13,35.5641025641026,40.6666666666667,23.155737704918
"2025-07-11 10:00:00|Monitor7.txt|17",17,"2025-07-11 10:00:00|Monitor7.txt",2025-07-11T10:00:00Z,2025-07-17T11:59:00Z,"OK","M","DGRP324","21.5C","Winter","NA","08:12","M7","Batch1_DGRP",0.837287351001042,1205.6937854415,0.80423464074974,386.032627559875,0.853819444444445,819.666666666667,0,300,52920,0.891741845940319,1284.10825815406,0.881496881496882,423.118503118503,0.896875,861,60,300,5820,0.853573907009021,1229.14642609299,0.812889812889813,390.18711018711,0.873958333333333,839,2880,780,37380,0.839000693962526,1208.16099930604,0.877338877338877,421.122661122661,0.819791666666667,787,2220,360,3060,0.829979181124219,1195.17002081888,0.8004158004158,384.199584199584,0.844791666666667,811,4800,7680,4800,0.808466342817488,1164.19153365718,0.769230769230769,369.230769230769,0.828125,795,3420,1920,30240,0.800138792505205,1152.19986120749,0.681912681912682,327.318087318087,0.859375,825,15.3333333333333,30.9239130434783,28.1666666666667,33.1538461538462
"2025-07-11 10:00:00|Monitor7.txt|18",18,"2025-07-11 10:00:00|Monitor7.txt",2025-07-11T10:00:00Z,2025-07-17T11:59:00Z,"OK","M","DGRP324","21.5C","Winter","NA","08:12","M7","Batch1_DGRP",0.815877791922231,1174.86402036801,0.730996181881291,350.87816730302,0.858333333333333,824,0,300,54960,0.856349757113116,1233.14365024289,0.746361746361746,358.253638253638,0.911458333333333,875,6240,660,52260,0.835530881332408,1203.16446911867,0.723492723492724,347.276507276507,0.891666666666667,856,3720,300,49140,0.8147120055517,1173.18528799445,0.787941787941788,378.212058212058,0.828125,795,7320,780,15720,0.789035392088827,1136.21096460791,0.727650727650728,349.272349272349,0.819791666666667,787,4020,360,37680,0.819569743233865,1180.18043025677,0.748440748440749,359.251559251559,0.855208333333333,821,4020,660,36720,0.780707841776544,1124.21929215822,0.654885654885655,314.345114345114,0.84375,810,14.6666666666667,32.125,43.5,21.1724137931034
"2025-07-11 10:00:00|Monitor7.txt|20",20,"2025-07-11 10:00:00|Monitor7.txt",2025-07-11T10:00:00Z,2025-07-17T11:59:00Z,"OK","M","DGRP324","21.5C","Winter","NA","08:12","M7","Batch1_DGRP",0.780580951278787,1124.03656984145,0.807705657757723,387.698715723707,0.767013888888889,736.333333333333,0,1440,46620,0.952116585704372,1371.0478834143,0.958419958419958,460.04158004158,0.948958333333333,911,4020,480,8400,0.853573907009021,1229.14642609299,0.831600831600832,399.168399168399,0.864583333333333,830,4080,1200,11100,0.742539902845246,1069.25746009715,0.823284823284823,395.176715176715,0.702083333333333,674,5400,1740,8580,0.661346287300486,952.338653712699,0.69022869022869,331.309771309771,0.646875,621,600,360,42720,0.671061762664816,966.328938237335,0.700623700623701,336.299376299376,0.65625,630,2520,360,49260,0.801526717557252,1154.19847328244,0.837837837837838,402.162162162162,0.783333333333333,752,13,37.5641025641026,29.8333333333333,30.9664804469274
"2025-07-11 10:00:00|Monitor7.txt|21",21,"2025-07-11 10:00:00|Monitor7.txt",2025-07-11T10:00:00Z,2025-07-17T11:59:00Z,"OK","M","DGRP324","21.5C","Winter","NA","08:12","M7","Batch1_DGRP",0.862284457817382,1241.68961925703,0.842762929538355,404.52620617841,0.872048611111111,837.166666666667,0,540,53340,0.871616932685635,1255.12838306731,0.910602910602911,437.089397089397,0.852083333333333,818,0,480,5280,0.850104094378904,1224.14989590562,0.9002079002079,432.099792099792,0.825,792,3060,2640,5880,0.838306731436503,1207.16169326856,0.887733887733888,426.112266112266,0.813541666666667,781,3420,360,6660,0.837612768910479,1206.16238723109,0.817047817047817,392.182952182952,0.847916666666667,814,1080,360,50760,0.862595419847328,1242.13740458015,0.742203742203742,356.257796257796,0.922916666666667,886,960,780,34680,0.913948646773074,1316.08605135323,0.8004158004158,384.199584199584,0.970833333333333,932,15.1666666666667,30.5494505494506,36.6666666666667,25.3545454545455
"2025-07-11 10:00:00|Monitor7.txt|22",22,"2025-07-11 10:00:00|Monitor7.txt",2025-07-11T10:00:00Z,2025-07-17T11:59:00Z,"OK","M","DGRP324","21.5C","Winter","NA","08:12","M7","Batch1_DGRP",0.70767272306446,1019.04872121282,0.720583130857341,345.879902811524,0.701215277777778,673.166666666667,4620,3840,62880,0.776544066620403,1118.22345593338,0.810810810810811,389.189189189189,0.759375,729,4740,2220,7980,0.666897987508675,960.333102012491,0.812889812889813,390.18711018711,0.59375,570,5400,780,9360,0.645385149201943,929.354614850798,0.752598752598753,361.247401247401,0.591666666666667,568,7080,360,16380,0.690492713393477,994.309507286606,0.700623700623701,336.299376299376,0.685416666666667,658,5280,300,54120,0.694656488549618,1000.30534351145,0.563409563409563,270.43659043659,0.760416666666667,730,6840,420,44100,0.770992366412214,1110.22900763359,0.67983367983368,326.320166320166,0.816666666666667,784,15,28.5333333333333,54.1666666666667,17.8338461538462
"2025-07-11 10:00:00|Monitor7.txt|23",23,"2025-07-11 10:00:00|Monitor7.txt",2025-07-11T10:00:00Z,2025-07-17T11:59:00Z,"OK","M","DGRP324","21.5C","Winter","NA","08:12","M7","Batch1_DGRP",0.800254600162018,1152.36662423331,0.790350572717806,379.368274904547,0.805208333333333,773,6360,3540,59640,0.809854267869535,1166.19014573213,0.748440748440749,359.251559251559,0.840625,807,4200,360,64380,0.811936155447606,1169.18806384455,0.819126819126819,393.180873180873,0.808333333333333,776,4680,4620,60300,0.779319916724497,1122.22068008328,0.827442827442827,397.172557172557,0.755208333333333,725,60,420,51600,0.798056904927134,1149.20194309507,0.760914760914761,365.239085239085,0.816666666666667,784,5400,480,58500,0.783483691880639,1128.21651630812,0.742203742203742,356.257796257796,0.804166666666667,772,720,300,33120,0.818181818181818,1178.18181818182,0.841995841995842,404.158004158004,0.80625,774,14.3333333333333,32.3139534883721,32,29.5520833333333
"2025-07-11 10:00:00|Monitor7.txt|24",24,"2025-07-11 10:00:00|Monitor7.txt",2025-07-11T10:00:00Z,2025-07-17T11:59:00Z,"OK","M","DGRP324","21.5C","Winter","NA","08:12","M7","Batch1_DGRP",0.768429579909733,1106.53859507002,0.820548420687261,393.863241929886,0.742361111111111,712.666666666667,5280,300,52980,0.791117279666898,1139.20888272033,0.77962577962578,374.220374220374,0.796875,765,5100,2100,7320,0.755031228313671,1087.24496877169,0.810810810810811,389.189189189189,0.727083333333333,698,4920,23580,4920,0.776544066620403,1118.22345593338,0.83991683991684,403.160083160083,0.744791666666667,715,3180,1140,4380,0.752255378209577,1083.24774462179,0.912681912681913,438.087318087318,0.671875,645,3780,540,45420,0.769604441360167,1108.23039555864,0.810810810810811,389.189189189189,0.748958333333333,719,4140,420,8280,0.766134628730049,1103.23386537127,0.769230769230769,369.230769230769,0.764583333333333,734,10.1666666666667,48.655737704918,38.3333333333333,23.6826086956522
"2025-07-11 10:00:00|Monitor7.txt|25",25,"2025-07-11 10:00:00|Monitor7.txt",2025-07-11T10:00:00Z,2025-07-17T11:59:00Z,"OK","M","DGRP324","21.5C","Winter","NA","08:12","M7","Batch1_DGRP",0.752690660803148,1083.87455155653,0.696980215203055,334.550503297466,0.780555555555556,749.333333333333,0,360,34740,0.84177654406662,1212.15822345593,0.812889812889813,390.18711018711,0.85625,822,6360,1080,41580,0.789035392088827,1136.21096460791,0.733887733887734,352.266112266112,0.816666666666667,784,1560,420,48720,0.744621790423317,1072.25537820958,0.798336798336798,383.201663201663,0.717708333333333,689,5100,300,36180,0.752255378209577,1083.24774462179,0.767151767151767,368.232848232848,0.744791666666667,715,4740,480,53340,0.655100624566273,943.344899375434,0.511434511434512,245.488565488566,0.727083333333333,698,4320,300,46620,0.732130464954892,1054.26786953505,0.555093555093555,266.444906444906,0.820833333333333,788,14.8333333333333,29.8651685393258,29.1666666666667,33.0342857142857
"2025-07-11 10:00:00|Monitor7.txt|26",26,"2025-07-11 10:00:00|Monitor7.txt",2025-07-11T10:00:00Z,2025-07-17T11:59:00Z,"OK","M","DGRP324","21.5C","Winter","NA","08:12","M7","Batch1_DGRP",0.702812174516838,1012.04953130425,0.688649774383895,330.551891704269,0.709895833333333,681.5,5820,2820,54240,0.71616932685635,1031.28383067314,0.752598752598753,361.247401247401,0.697916666666667,670,6600,420,61380,0.73560027758501,1059.26439972241,0.696465696465697,334.303534303534,0.755208333333333,725,480,300,6420,0.678001387925052,976.321998612075,0.735966735966736,353.264033264033,0.648958333333333,623,60,300,53400,0.717557251908397,1033.28244274809,0.760914760914761,365.239085239085,0.695833333333333,668,5160,360,35280,0.743927827897294,1071.2560721721,0.636174636174636,305.363825363825,0.797916666666667,766,7860,8100,55260,0.625260235947259,900.374739764053,0.548856548856549,263.451143451143,0.663541666666667,637,14.8333333333333,31.314606741573,44.1666666666667,21.1169811320755
"2025-07-11 10:00:00|Monitor7.txt|28",28,"2025-07-11 10:00:00|Monitor7.txt",2025-07-11T10:00:00Z,2025-07-17T11:59:00Z,"OK","M","DGRP324","21.5C","Winter","NA","08:12","M7","Batch1_DGRP",0.721560004629094,1039.0464066659,0.707046164526206,339.382158972579,0.728819444444445,699.666666666667,0,480,47040,0.779319916724497,1122.22068008328,0.750519750519751,360.24948024948,0.79375,762,7020,13440,39540,0.780013879250521,1123.21998612075,0.738045738045738,354.261954261954,0.801041666666667,769,5640,300,39180,0.730742539902845,1052.2692574601,0.762993762993763,366.237006237006,0.714583333333333,686,6120,1980,37800,0.726578764746704,1046.27342123525,0.765072765072765,367.234927234927,0.707291666666667,679,360,300,36240,0.662734212352533,954.337265787647,0.584199584199584,280.4158004158,0.702083333333333,674,5220,360,37980,0.650242886884108,936.349757113116,0.642411642411642,308.357588357588,0.654166666666667,628,11.8333333333333,43.4366197183099,17.8333333333333,50.5700934579439
"2025-07-11 10:00:00|Monitor7.txt|29",29,"2025-07-11 10:00:00|Monitor7.txt",2025-07-11T10:00:00Z,2025-07-17T11:59:00Z,"OK","M","DGRP324","21.5C","Winter","NA","08:12","M7","Batch1_DGRP",0.540446707556996,778.243258882074,0.520652551197501,249.9132245748,0.550347222222222,528.333333333333,4740,840,68820,0.745315752949341,1073.25468424705,0.746361746361746,358.253638253638,0.744791666666667,715,7020,1920,62040,0.727966689798751,1048.2720333102,0.69022869022869,331.309771309771,0.746875,717,10740,360,56100,0.528105482303956,760.471894517696,0.505197505197505,242.494802494803,0.539583333333333,518,10380,360,69060,0.537126995142262,773.462873004858,0.486486486486487,233.513513513514,0.5625,540,10980,360,66480,0.273421235253296,393.726578764747,0.176715176715177,84.8232848232848,0.321875,309,10080,300,69540,0.430256766134629,619.569743233865,0.517671517671518,248.482328482328,0.386458333333333,371,18.6666666666667,23.9107142857143,35.6666666666667,26.8971962616822
"2025-07-11 10:00:00|Monitor7.txt|30",30,"2025-07-11 10:00:00|Monitor7.txt",2025-07-11T10:00:00Z,2025-07-17T11:59:00Z,"OK","M","DGRP324","21.5C","Winter","NA","08:12","M7","Batch1_DGRP",0.596343015854647,858.733942830691,0.511627906976744,245.581395348837,0.638715277777778,613.166666666667,4200,540,48660,0.737682165163081,1062.26231783484,0.750519750519751,360.24948024948,0.73125,702,3000,360,61920,0.691880638445524,996.308119361555,0.750519750519751,360.24948024948,0.6625,636,3660,660,53400,0.655100624566273,943.344899375434,0.602910602910603,289.397089397089,0.68125,654,2100,1140,50700,0.4323386537127,622.567661346287,0.153846153846154,73.8461538461539,0.571875,549,10440,300,59820,0.448993754337266,646.551006245663,0.278586278586279,133.721413721414,0.534375,513,2220,480,35640,0.610687022900763,879.389312977099,0.53014553014553,254.469854469854,0.651041666666667,625,17,27.6372549019608,28.3333333333333,33.1823529411765
"2025-07-11 10:00:00|Monitor7.txt|31",31,"2025-07-11 10:00:00|Monitor7.txt",2025-07-11T10:00:00Z,2025-07-17T11:59:00Z,"OK","M","DGRP324","21.5C","Winter","NA","08:12","M7","Batch1_DGRP",0.69517416965629,1001.05080430506,0.615411315515446,295.397431447414,0.735069444444445,705.666666666667,6180,660,47280,0.746009715475364,1074.25399028452,0.715176715176715,343.284823284823,0.761458333333333,731,0,300,51780,0.647467036780014,932.35253296322,0.561330561330561,269.43866943867,0.690625,663,5820,660,61440,0.649548924358085,935.350451075642,0.592515592515593,284.407484407484,0.678125,651,0,360,41640,0.712699514226232,1026.28730048577,0.663201663201663,318.336798336798,0.7375,708,6360,360,53880,0.696044413601666,1002.3039555864,0.58004158004158,278.419958419958,0.754166666666667,724,7680,660,58500,0.718945176960444,1035.28105482304,0.58004158004158,278.419958419958,0.788541666666667,757,20.8333333333333,21.736,45,21.0777777777778
"2025-07-11 10:00:00|Monitor7.txt|32",32,"2025-07-11 10:00:00|Monitor7.txt",2025-07-11T10:00:00Z,2025-07-17T11:59:00Z,"OK","M","DGRP324","21.5C","Winter","NA","08:12","M7","Batch1_DGRP",0.834162712648999,1201.19430621456,0.662964248524818,318.222839291913,0.919791666666667,883,0,300,55920,0.85912560721721,1237.14087439278,0.742203742203742,356.257796257796,0.917708333333333,881,7440,1140,55620,0.887578070784178,1278.11242192922,0.721413721413721,346.278586278586,0.970833333333333,932,7860,1860,35880,0.793893129770992,1143.20610687023,0.632016632016632,303.367983367983,0.875,840,7440,360,36720,0.834836918806385,1202.16516308119,0.638253638253638,306.361746361746,0.933333333333333,896,7440,420,35460,0.818875780707842,1179.18112421929,0.652806652806653,313.347193347193,0.902083333333333,866,8040,300,32700,0.809854267869535,1166.19014573213,0.590436590436591,283.409563409563,0.919791666666667,883,13,33.948717948718,17.3333333333333,56.3365384615385
"2025-07-11 10:00:00|Monitor8.txt|01",1,"2025-07-11 10:00:00|Monitor8.txt",2025-07-11T10:00:00Z,2025-07-17T11:59:00Z,"OK","M","DGRP360","21.5C","Winter","NA","08:12","M8","Batch1_DGRP",0.482930216410138,695.419511630598,0.109337035751475,52.4817771607081,0.669791666666667,643,0,1500,37200,0.670367800138792,965.329632199861,0.503118503118503,241.496881496882,0.754166666666667,724,7740,300,64680,0.437890353920888,630.562109646079,0.0914760914760915,43.9085239085239,0.611458333333333,587,15780,780,39900,0.412907702984039,594.587092297016,0.0415800415800416,19.95841995842,0.598958333333333,575,30000,300,48900,0.487855655794587,702.512144344206,0,0,0.732291666666667,703,34200,480,44160,0.440666204024983,634.559333795975,0.00207900207900208,0.997920997920998,0.660416666666667,634,360,300,35880,0.447605829285219,644.552394170715,0.0207900207900208,9.97920997920998,0.661458333333333,635,6,52.3611111111111,45.8333333333333,23.84
"2025-07-11 10:00:00|Monitor8.txt|02",2,"2025-07-11 10:00:00|Monitor8.txt",2025-07-11T10:00:00Z,2025-07-17T11:59:00Z,"OK","M","DGRP360","21.5C","Winter","NA","08:12","M8","Batch1_DGRP",0.419048721212823,603.430158546465,0.0944116626171468,45.3175980562305,0.581423611111111,558.166666666667,1200,360,64740,0.45940319222762,661.540596807773,0.228690228690229,109.77130977131,0.575,552,420,360,62760,0.426786953504511,614.573213046495,0.137214137214137,65.8627858627859,0.571875,549,20520,420,61200,0.285912560721721,411.714087439278,0.0145530145530146,6.98544698544699,0.421875,405,33960,660,65220,0.417765440666204,601.582234559334,0.00207900207900208,0.997920997920998,0.626041666666667,601,6900,420,63180,0.467036780013879,672.532963219986,0.0748440748440749,35.9251559251559,0.663541666666667,637,420,360,63780,0.456627342123525,657.543372657877,0.11018711018711,52.8898128898129,0.630208333333333,605,10,41.1666666666667,55.3333333333333,18
"2025-07-11 10:00:00|Monitor8.txt|03",3,"2025-07-11 10:00:00|Monitor8.txt",2025-07-11T10:00:00Z,2025-07-17T11:59:00Z,"OK","M","DGRP360","21.5C","Winter","NA","08:12","M8","Batch1_DGRP",0.60074065501678,865.066543224164,0.242276987157237,116.292953835474,0.780034722222222,748.833333333333,2640,420,40320,0.550312283136711,792.449687716863,0.30977130977131,148.690228690229,0.670833333333333,644,360,540,49020,0.535045107564192,770.464954892436,0.203742203742204,97.7962577962578,0.701041666666667,673,6600,600,44700,0.623178348369188,897.376821651631,0.201663201663202,96.7983367983368,0.834375,801,360,480,63360,0.582234559333796,838.417765440666,0.128898128898129,61.8711018711019,0.809375,777,780,300,58860,0.648160999306037,933.351839000694,0.16008316008316,76.8399168399168,0.892708333333333,857,900,1020,59580,0.664816099930604,957.335183900069,0.451143451143451,216.548856548857,0.771875,741,19.6666666666667,25.2542372881356,41.1666666666667,21.9838056680162
"2025-07-11 10:00:00|Monitor8.txt|04",4,"2025-07-11 10:00:00|Monitor8.txt",2025-07-11T10:00:00Z,2025-07-17T11:59:00Z,"OK","M","DGRP360","21.5C","Winter","NA","08:12","M8","Batch1_DGRP",0.692512440689735,997.217914593218,0.311003123915307,149.281499479347,0.883333333333333,848,7740,720,32880,0.721721027064539,1039.27827897294,0.45945945945946,220.540540540541,0.853125,819,2280,720,50100,0.700902151283831,1009.29909784872,0.392931392931393,188.607068607069,0.855208333333333,821,240,600,42720,0.594725884802221,856.405274115198,0.392931392931393,188.607068607069,0.695833333333333,668,2220,300,30060,0.744621790423317,1072.25537820958,0.261954261954262,125.738045738046,0.986458333333333,947,360,360,31560,0.678001387925052,976.321998612075,0.162162162162162,77.8378378378378,0.936458333333333,899,0,780,53760,0.714087439278279,1028.28591256072,0.197505197505198,94.8024948024948,0.972916666666667,934,18.1666666666667,27.2660550458716,19,48.3947368421053
"2025-07-11 10:00:00|Monitor8.txt|05",5,"2025-07-11 10:00:00|Monitor8.txt",2025-07-11T10:00:00Z,2025-07-17T11:59:00Z,"OK","M","DGRP360","21.5C","Winter","NA","08:12","M8","Batch1_DGRP",0.852679088068511,1227.85788681866,0.70010413051024,336.049982644915,0.928993055555556,891.833333333334,0,29160,0,0.941013185287994,1355.05898681471,1,480,0.911458333333333,875,360,25200,78480,0.954892435808466,1375.04510756419,0.993762993762994,477.006237006237,0.935416666666667,898,20520,8640,31200,0.975711311589174,1405.02428868841,0.997920997920998,479.002079002079,0.964583333333333,926,7920,720,32760,0.840388619014573,1210.15961138099,0.675675675675676,324.324324324324,0.922916666666667,886,1440,1560,29880,0.724496877168633,1043.27550312283,0.386694386694387,185.613305613306,0.89375,858,420,1560,33000,0.680083275503123,979.319916724497,0.14968814968815,71.8503118503119,0.945833333333333,908,7.5,53.4222222222222,10.5,97.7619047619047
"2025-07-11 10:00:00|Monitor8.txt|07",7,"2025-07-11 10:00:00|Monitor8.txt",2025-07-11T10:00:00Z,2025-07-17T11:59:00Z,"OK","M","DGRP360","21.5C","Winter","NA","08:12","M8","Batch1_DGRP",0.369401689619257,531.93843305173,0.0392224921902117,18.8267962513016,0.534548611111111,513.166666666667,13680,300,37920,0.383067314365024,551.616932685635,0.101871101871102,48.8981288981289,0.523958333333333,503,540,720,50580,0.419153365718251,603.580846634282,0.024948024948025,11.975051975052,0.616666666666667,592,360,420,62160,0.320610687022901,461.679389312977,0.0145530145530146,6.98544698544699,0.473958333333333,455,27540,300,57360,0.322692574600972,464.677307425399,0.0103950103950104,4.98960498960499,0.479166666666667,460,480,420,45120,0.392782789729355,565.607217210271,0.0353430353430353,16.964656964657,0.571875,549,360,360,53640,0.376821651630812,542.623178348369,0.0478170478170478,22.952182952183,0.541666666666667,520,4.66666666666667,99.5714285714286,41.5,22.8714859437751
"2025-07-11 10:00:00|Monitor8.txt|08",8,"2025-07-11 10:00:00|Monitor8.txt",2025-07-11T10:00:00Z,2025-07-17T11:59:00Z,"OK","M","DGRP360","21.5C","Winter","NA","08:12","M8","Batch1_DGRP",0.40817035065386,587.765304941558,0.0305449496702534,14.6615758417216,0.597048611111111,573.166666666667,9780,540,67260,0.519777931991673,748.480222068008,0.0893970893970894,42.9106029106029,0.735416666666667,706,16320,600,36240,0.488549618320611,703.511450381679,0.0582120582120582,27.9417879417879,0.704166666666667,676,25020,420,59640,0.354614850798057,510.645385149202,0.0228690228690229,10.977130977131,0.520833333333333,500,11640,420,44640,0.356696738376128,513.643303261624,0.0145530145530146,6.98544698544699,0.528125,507,30720,540,35520,0.369882026370576,532.63011797363,0,0,0.555208333333333,533,30780,300,52200,0.358778625954198,516.641221374046,0,0,0.538541666666667,517,3.33333333333333,78.2,45.8333333333333,24.8727272727273
"2025-07-11 10:00:00|Monitor8.txt|09",9,"2025-07-11 10:00:00|Monitor8.txt",2025-07-11T10:00:00Z,2025-07-17T11:59:00Z,"OK","M","DGRP360","21.5C","Winter","NA","08:12","M8","Batch1_DGRP",0.608031477838213,875.565328087027,0.159666782367234,76.6400555362721,0.832291666666667,799,4620,960,49320,0.625260235947259,900.374739764053,0.351351351351351,168.648648648649,0.7625,732,5940,300,36000,0.634975711311589,914.365024288688,0.193347193347193,92.8066528066528,0.85625,822,18840,300,58560,0.541984732824428,780.458015267176,0.0498960498960499,23.950103950104,0.788541666666667,757,360,300,40860,0.619014573213047,891.380985426787,0.124740124740125,59.8752598752599,0.866666666666667,832,360,360,37380,0.594031922276197,855.405968077724,0.0810810810810811,38.9189189189189,0.851041666666667,817,6900,300,43560,0.632199861207495,910.367800138792,0.16008316008316,76.8399168399168,0.86875,834,17.8333333333333,23.6355140186916,37.5,26.28
"2025-07-11 10:00:00|Monitor8.txt|10",10,"2025-07-11 10:00:00|Monitor8.txt",2025-07-11T10:00:00Z,2025-07-17T11:59:00Z,"OK","M","DGRP360","21.5C","Winter","NA","08:12","M8","Batch1_DGRP",0.396134706631177,570.433977548895,0.174245053800764,83.6376258243666,0.507118055555556,486.833333333333,3300,420,47160,0.471200555170021,678.52879944483,0.345114345114345,165.654885654886,0.534375,513,60,600,60000,0.405968077723803,584.594031922276,0.257796257796258,123.742203742204,0.480208333333333,461,4260,360,40860,0.35322692574601,508.646773074254,0.0706860706860707,33.9293139293139,0.494791666666667,475,240,480,57480,0.389312977099237,560.610687022901,0.108108108108108,51.8918918918919,0.530208333333333,509,480,300,58380,0.365024288688411,525.634975711312,0.193347193347193,92.8066528066528,0.451041666666667,433,11040,300,39180,0.390700902151284,562.609299097849,0.0686070686070686,32.9313929313929,0.552083333333333,530,20.5,22.8617886178862,43.6666666666667,21.5610687022901
"2025-07-11 10:00:00|Monitor8.txt|11",11,"2025-07-11 10:00:00|Monitor8.txt",2025-07-11T10:00:00Z,2025-07-17T11:59:00Z,"OK","M","DGRP360","21.5C","Winter","NA","08:12","M8","Batch1_DGRP",0.572040273116538,823.737993287814,0.357861853523082,171.77368969108,0.679166666666667,652,360,300,66720,0.41707147814018,600.58292852186,0.299376299376299,143.700623700624,0.476041666666667,457,300,600,64440,0.538514920194309,775.461485079806,0.313929313929314,150.686070686071,0.651041666666667,625,480,480,58020,0.585704371963914,843.414295628036,0.353430353430353,169.64656964657,0.702083333333333,674,420,540,38760,0.589174184594032,848.410825815406,0.347193347193347,166.652806652807,0.710416666666667,682,3480,540,60060,0.628730048577377,905.371269951423,0.424116424116424,203.575883575884,0.73125,702,600,300,51900,0.672449687716863,968.327550312283,0.40956340956341,196.590436590437,0.804166666666667,772,28.5,18.4327485380117,36.3333333333333,24.3669724770642
"2025-07-11 10:00:00|Monitor8.txt|12",12,"2025-07-11 10:00:00|Monitor8.txt",2025-07-11T10:00:00Z,2025-07-17T11:59:00Z,"OK","M","DGRP360","21.5C","Winter","NA","08:12","M8","Batch1_DGRP",0.322300659645874,464.112949890059,0.0898993405067685,43.1516834432489,0.438541666666667,421,6000,300,40200,0.507286606523248,730.492713393477,0.195426195426195,93.8045738045738,0.663541666666667,637,9480,360,63420,0.337265787647467,485.662734212353,0.0977130977130977,46.9022869022869,0.457291666666667,439,240,300,79980,0.21998612074948,316.780013879251,0.0291060291060291,13.970893970894,0.315625,303,240,300,64500,0.292852185981957,421.707147814018,0.0436590436590437,20.956340956341,0.417708333333333,401,360,540,45720,0.303261623872311,436.696738376128,0.0873180873180873,41.9126819126819,0.411458333333333,395,9000,360,71040,0.272033310201249,391.727966689799,0.0852390852390852,40.9147609147609,0.365625,351,10.8333333333333,41.3846153846154,55,17.5969696969697
"2025-07-11 10:00:00|Monitor8.txt|13",13,"2025-07-11 10:00:00|Monitor8.txt",2025-07-11T10:00:00Z,2025-07-17T11:59:00Z,"OK","M","DGRP360","21.5C","Winter","NA","08:12","M8","Batch1_DGRP",0.636847587084828,917.060525402153,0.329746615758417,158.27837556404,0.790451388888889,758.833333333333,0,360,44940,0.718945176960444,1035.28105482304,0.563409563409563,270.43659043659,0.796875,765,900,1200,56940,0.62734212352533,903.372657876475,0.405405405405405,194.594594594595,0.738541666666667,709,480,540,62640,0.589868147120056,849.41013185288,0.25987525987526,124.740124740125,0.755208333333333,725,9180,1260,53280,0.591256072172103,851.408743927828,0.218295218295218,104.781704781705,0.778125,747,360,480,43980,0.653018736988203,940.346981263012,0.251559251559252,120.748440748441,0.854166666666667,820,1080,360,59280,0.639139486467731,920.360860513532,0.278586278586279,133.721413721414,0.819791666666667,787,21.1666666666667,21.4645669291339,41.3333333333333,23.008064516129
"2025-07-11 10:00:00|Monitor8.txt|14",14,"2025-07-11 10:00:00|Monitor8.txt",2025-07-11T10:00:00Z,2025-07-17T11:59:00Z,"OK","M","DGRP360","21.5C","Winter","NA","08:12","M8","Batch1_DGRP",0.399722254368707,575.600046290939,0.139881985421729,67.1433530024297,0.5296875,508.5,0,480,64620,0.439972241498959,633.560027758501,0.345114345114345,165.654885654886,0.4875,468,360,480,61980,0.35322692574601,508.646773074254,0.0956340956340956,45.9043659043659,0.482291666666667,463,360,720,30840,0.336571825121443,484.663428174879,0.108108108108108,51.8918918918919,0.451041666666667,433,360,1980,62820,0.356002775850104,512.64399722415,0.0914760914760915,43.9085239085239,0.488541666666667,469,300,780,65580,0.40735600277585,586.592643997224,0.0582120582120582,27.9417879417879,0.582291666666667,559,300,840,59460,0.50381679389313,725.496183206107,0.139293139293139,66.8607068607069,0.686458333333333,659,10.8333333333333,51.8461538461538,33.5,25.3880597014925
"2025-07-11 10:00:00|Monitor8.txt|15",15,"2025-07-11 10:00:00|Monitor8.txt",2025-07-11T10:00:00Z,2025-07-17T11:59:00Z,"OK","M","DGRP360","21.5C","Winter","NA","08:12","M8","Batch1_DGRP",0.551787987501447,794.574702002083,0.113849357861854,54.6476917736897,0.770833333333333,740,9000,3300,44760,0.514920194309507,741.485079805691,0.212058212058212,101.787941787942,0.666666666666667,640,11640,360,41520,0.525329632199861,756.4746703678,0.0727650727650728,34.9272349272349,0.752083333333333,722,4020,540,43620,0.568355308813324,818.431644691187,0.218295218295218,104.781704781705,0.74375,714,7860,300,57720,0.587092297015961,845.412907702984,0.0395010395010395,18.960498960499,0.861458333333333,827,480,360,57300,0.56557945870923,814.434420541291,0.0602910602910603,28.9397089397089,0.81875,786,9000,1320,43380,0.547536433032616,788.452463566967,0.079002079002079,37.9209979209979,0.782291666666667,751,8.5,50.6666666666667,35,28.0809523809524
"2025-07-11 10:00:00|Monitor8.txt|16",16,"2025-07-11 10:00:00|Monitor8.txt",2025-07-11T10:00:00Z,2025-07-17T11:59:00Z,"OK","M","DGRP360","21.5C","Winter","NA","08:12","M8","Batch1_DGRP",0.49079967596343,706.75153338734,0.0163137799375217,7.83061437001041,0.728125,699,13980,360,62520,0.462179042331714,665.537820957668,0.0498960498960499,23.950103950104,0.66875,642,19920,960,42540,0.408743927827897,588.591256072172,0.0374220374220374,17.962577962578,0.594791666666667,571,32100,540,60300,0.471200555170021,678.52879944483,0.00831600831600832,3.99168399168399,0.703125,675,33120,1800,39600,0.493407356002776,710.506592643997,0.00207900207900208,0.997920997920998,0.739583333333333,710,32700,4380,51600,0.485773768216516,699.514226231784,0.00415800415800416,1.995841995842,0.727083333333333,698,30420,23760,30420,0.623872310895212,898.376127689105,0.00207900207900208,0.997920997920998,0.935416666666667,898,2,177,30.8333333333333,34.6108108108108
"2025-07-11 10:00:00|Monitor8.txt|17",17,"2025-07-11 10:00:00|Monitor8.txt",2025-07-11T10:00:00Z,2025-07-17T11:59:00Z,"OK","M","DGRP360","21.5C","Winter","NA","08:12","M8","Batch1_DGRP",0.713227635690314,1027.04779539405,0.248524817771607,119.291912530371,0.945659722222222,907.833333333333,0,480,29400,0.777238029146426,1119.22276197085,0.357588357588358,171.642411642412,0.9875,948,600,420,29220,0.763358778625954,1099.23664122137,0.37006237006237,177.629937629938,0.960416666666667,922,5160,420,46560,0.736294240111034,1060.26370575989,0.293139293139293,140.706860706861,0.958333333333333,920,9420,540,31080,0.717557251908397,1033.28244274809,0.27027027027027,129.72972972973,0.941666666666667,904,7440,300,54720,0.656488549618321,945.343511450382,0.137214137214137,65.8627858627859,0.916666666666667,880,4500,360,29760,0.628730048577377,905.371269951423,0.0686070686070686,32.9313929313929,0.909375,873,15.3333333333333,31.695652173913,15.8333333333333,59.0421052631579
"2025-07-11 10:00:00|Monitor8.txt|18",18,"2025-07-11 10:00:00|Monitor8.txt",2025-07-11T10:00:00Z,2025-07-17T11:59:00Z,"OK","M","DGRP360","21.5C","Winter","NA","08:12","M8","Batch1_DGRP",0.534544612892026,769.744242564518,0.0878167303019785,42.1520305449497,0.757986111111111,727.666666666667,3420,300,38520,0.52116585704372,750.478834142956,0.122661122661123,58.8773388773389,0.720833333333333,692,9240,300,38760,0.519083969465649,747.480916030534,0.0478170478170478,22.952182952183,0.755208333333333,725,5880,480,36060,0.498265093684941,717.501734906315,0.120582120582121,57.8794178794179,0.6875,660,360,420,33360,0.537126995142262,773.462873004858,0.0436590436590437,20.956340956341,0.784375,753,360,300,38040,0.551006245662734,793.448993754337,0.143451143451143,68.8565488565489,0.755208333333333,725,9720,300,35160,0.579458709229702,834.42054129077,0.0498960498960499,23.950103950104,0.844791666666667,811,11.8333333333333,40.2816901408451,21.6666666666667,43.7076923076923
"2025-07-11 10:00:00|Monitor8.txt|19",19,"2025-07-11 10:00:00|Monitor8.txt",2025-07-11T10:00:00Z,2025-07-17T11:59:00Z,"OK","M","DGRP360","21.5C","Winter","NA","08:12","M8","Batch1_DGRP",0.54542298345099,785.409096169425,0.329399514057619,158.111766747657,0.653472222222222,627.333333333333,5940,300,75660,0.614156835530881,884.385843164469,0.461538461538462,221.538461538462,0.690625,663,360,300,77280,0.607217210270645,874.392782789729,0.397089397089397,190.602910602911,0.7125,684,3960,540,71220,0.582234559333796,838.417765440666,0.32016632016632,153.679833679834,0.713541666666667,685,6720,720,62580,0.54059680777238,778.459403192228,0.293139293139293,140.706860706861,0.664583333333333,638,5040,480,71760,0.462179042331714,665.537820957668,0.257796257796258,123.742203742204,0.564583333333333,542,7620,1260,68280,0.464260929909785,668.53573907009,0.243243243243243,116.756756756757,0.575,552,25.1666666666667,16.8741721854305,66.3333333333333,14.3894472361809
"2025-07-11 10:00:00|Monitor8.txt|20",20,"2025-07-11 10:00:00|Monitor8.txt",2025-07-11T10:00:00Z,2025-07-17T11:59:00Z,"OK","M","DGRP360","21.5C","Winter","NA","08:12","M8","Batch1_DGRP",0.291054276125448,419.118157620646,0.0735855605692468,35.3210690732385,0.399826388888889,383.833333333333,10140,300,60420,0.447605829285219,644.552394170715,0.212058212058212,101.787941787942,0.565625,543,10500,600,60240,0.340735600277585,490.659264399723,0.106029106029106,50.8939708939709,0.458333333333333,440,2220,300,55740,0.265093684941013,381.734906315059,0.0103950103950104,4.98960498960499,0.392708333333333,377,420,360,63240,0.246356696738376,354.753643303262,0.0291060291060291,13.970893970894,0.355208333333333,341,360,480,58560,0.226925746009715,326.77307425399,0.0582120582120582,27.9417879417879,0.311458333333333,299,10020,480,63300,0.219292158223456,315.780707841777,0.027027027027027,12.972972972973,0.315625,303,8.16666666666667,60.1632653061225,52.6666666666667,17.4683544303797
"2025-07-11 10:00:00|Monitor8.txt|21",21,"2025-07-11 10:00:00|Monitor8.txt",2025-07-11T10:00:00Z,2025-07-17T11:59:00Z,"OK","M","DGRP360","21.5C","Winter","NA","08:12","M8","Batch1_DGRP",0.494155769008217,711.584307371832,0.101353696633113,48.6497743838945,0.690625,663,9480,660,65100,0.469812630117974,676.530187369882,0.22037422037422,105.779625779626,0.594791666666667,571,420,300,39240,0.56557945870923,814.434420541291,0.114345114345114,54.8856548856549,0.791666666666667,760,27300,300,65700,0.396252602359473,570.603747397641,0.0103950103950104,4.98960498960499,0.589583333333333,566,10260,300,64140,0.444829979181124,640.555170020819,0.0478170478170478,22.952182952183,0.64375,618,0,480,52440,0.560027758501041,806.439972241499,0.145530145530146,69.8544698544699,0.767708333333333,737,660,420,43080,0.527411519777932,759.472588480222,0.0706860706860707,33.9293139293139,0.75625,726,13,31.3717948717949,54.3333333333333,18.2791411042945
"2025-07-11 10:00:00|Monitor8.txt|24",24,"2025-07-11 10:00:00|Monitor8.txt",2025-07-11T10:00:00Z,2025-07-17T11:59:00Z,"OK","M","DGRP360","21.5C","Winter","NA","08:12","M8","Batch1_DGRP",0.503761138757088,725.416039810207,0.0520652551197501,24.99132245748,0.7296875,700.5,6600,300,47820,0.551700208188758,794.448299791811,0.176715176715177,84.8232848232848,0.739583333333333,710,9660,360,60900,0.473282442748092,681.526717557252,0.0311850311850312,14.968814968815,0.694791666666667,667,13560,540,45420,0.443442054129077,638.556557945871,0.0311850311850312,14.968814968815,0.65,624,20340,360,41280,0.521859819569743,751.47814018043,0.0665280665280665,31.9334719334719,0.75,720,15900,300,35820,0.495489243580847,713.504510756419,0.0103950103950104,4.98960498960499,0.738541666666667,709,30240,1080,38940,0.536433032616239,772.463566967384,0,0,0.805208333333333,773,5.66666666666667,60.3529411764706,35.8333333333333,30.0604651162791
"2025-07-11 10:00:00|Monitor8.txt|25",25,"2025-07-11 10:00:00|Monitor8.txt",2025-07-11T10:00:00Z,2025-07-17T11:59:00Z,"OK","M","DGRP360","21.5C","Winter","NA","08:12","M8","Batch1_DGRP",0.462677930795047,666.256220344868,0.0791391877820201,37.9868101353697,0.654513888888889,628.333333333333,10260,780,62100,0.577376821651631,831.422623178349,0.0831600831600832,39.9168399168399,0.825,792,900,360,40920,0.408049965301874,587.591950034698,0.0727650727650728,34.9272349272349,0.576041666666667,553,1740,300,83580,0.435114503816794,626.564885496183,0.027027027027027,12.972972972973,0.639583333333333,614,5040,480,59340,0.507286606523248,730.492713393477,0.128898128898129,61.8711018711019,0.696875,669,2340,420,37920,0.467036780013879,672.532963219986,0.120582120582121,57.8794178794179,0.640625,615,11640,300,76560,0.38029146426093,547.619708535739,0.0436590436590437,20.956340956341,0.548958333333333,527,11,43.7575757575758,50.6666666666667,18.1973684210526
"2025-07-11 10:00:00|Monitor8.txt|32",32,"2025-07-11 10:00:00|Monitor8.txt",2025-07-11T10:00:00Z,2025-07-17T11:59:00Z,"OK","M","DGRP360","21.5C","Winter","NA","08:12","M8","Batch1_DGRP",0.717625274852448,1033.38039578752,0.579312738632419,278.070114543561,0.786805555555556,755.333333333333,1380,480,43140,0.661346287300486,952.338653712699,0.557172557172557,267.442827442828,0.713541666666667,685,420,300,46620,0.674531575294934,971.325468424705,0.586278586278586,281.413721413721,0.71875,690,840,300,48180,0.714087439278279,1028.28591256072,0.534303534303534,256.465696465697,0.804166666666667,772,480,840,42420,0.65440666204025,942.34559333796,0.48024948024948,230.519750519751,0.741666666666667,712,420,2340,37800,0.7529493407356,1084.24705065926,0.463617463617464,222.536382536383,0.897916666666667,862,1620,1320,43680,0.848022206800833,1221.1519777932,0.854469854469854,410.14553014553,0.844791666666667,811,29.8333333333333,18.608938547486,26.1666666666667,32.4458598726115
"2025-07-11 10:00:00|Monitor9.txt|01",1,"2025-07-11 10:00:00|Monitor9.txt",2025-07-11T10:00:00Z,2025-07-17T11:59:00Z,"OK","M","DGRP375","21.5C","Winter","NA","08:12","M9","Batch1_DGRP",0.646221502140956,930.558963082976,0.849010760152725,407.525164873308,0.544791666666667,523,1920,14220,1920,0.62734212352533,903.372657876475,0.777546777546778,373.222453222453,0.552083333333333,530,480,2460,47340,0.668285912560722,962.331714087439,0.806652806652807,387.193347193347,0.598958333333333,575,18300,1080,84180,0.66412213740458,956.335877862595,0.887733887733888,426.112266112266,0.552083333333333,530,17100,3120,51900,0.616238723108952,887.383761276891,0.887733887733888,426.112266112266,0.480208333333333,461,240,840,49920,0.601665510062457,866.398334489938,0.821205821205821,394.178794178794,0.491666666666667,472,600,1680,44400,0.69882026370576,1006.30117973629,0.908523908523908,436.091476091476,0.59375,570,12,31.9722222222222,16.6666666666667,62.47
"2025-07-11 10:00:00|Monitor9.txt|05",5,"2025-07-11 10:00:00|Monitor9.txt",2025-07-11T10:00:00Z,2025-07-17T11:59:00Z,"OK","M","DGRP375","21.5C","Winter","NA","08:12","M9","Batch1_DGRP",0.789144774910311,1136.36847587085,0.903505727178063,433.68274904547,0.731944444444444,702.666666666667,0,600,56580,0.736294240111034,1060.26370575989,0.825363825363825,396.174636174636,0.691666666666667,664,11700,1020,59940,0.748785565579459,1078.25121443442,0.802494802494803,385.197505197505,0.721875,693,480,420,42000,0.808466342817488,1164.19153365718,0.95010395010395,456.049896049896,0.7375,708,1140,24540,41820,0.819569743233865,1180.18043025677,0.937629937629938,450.06237006237,0.760416666666667,730,24240,720,41220,0.835530881332408,1203.16446911867,0.954261954261954,458.045738045738,0.776041666666667,745,720,960,43740,0.785565579458709,1131.21443442054,0.948024948024948,455.051975051975,0.704166666666667,676,7.83333333333333,50.7446808510638,15,68.8
"2025-07-11 10:00:00|Monitor9.txt|06",6,"2025-07-11 10:00:00|Monitor9.txt",2025-07-11T10:00:00Z,2025-07-17T11:59:00Z,"OK","M","DGRP375","21.5C","Winter","NA","08:12","M9","Batch1_DGRP",0.782895498206226,1127.36951741697,0.9166955918084,440.013884068032,0.715972222222222,687.333333333333,480,1260,41460,0.786259541984733,1132.21374045802,0.902286902286902,433.097713097713,0.728125,699,2520,7140,36480,0.886190145732131,1276.11380985427,0.991683991683992,476.008316008316,0.833333333333333,800,27300,2100,39900,0.808466342817488,1164.19153365718,0.991683991683992,476.008316008316,0.716666666666667,688,24900,360,41400,0.711311589174185,1024.28868841083,0.873180873180873,419.126819126819,0.630208333333333,605,1620,780,38460,0.766134628730049,1103.23386537127,0.856548856548857,411.143451143451,0.720833333333333,692,840,24900,41880,0.739070090215128,1064.26092990978,0.883575883575884,424.116424116424,0.666666666666667,640,6.16666666666667,61.0540540540541,10.1666666666667,103.918032786885
"2025-07-11 10:00:00|Monitor9.txt|07",7,"2025-07-11 10:00:00|Monitor9.txt",2025-07-11T10:00:00Z,2025-07-17T11:59:00Z,"OK","M","DGRP375","21.5C","Winter","NA","08:12","M9","Batch1_DGRP",0.764610577479458,1101.03923157042,0.90211732037487,433.016313779938,0.695833333333333,668,2760,3720,44340,0.808466342817488,1164.19153365718,0.9002079002079,432.099792099792,0.7625,732,7080,11820,41760,0.757113115891742,1090.24288688411,0.93970893970894,451.060291060291,0.665625,639,0,360,41640,0.766134628730049,1103.23386537127,0.937629937629938,450.06237006237,0.680208333333333,653,480,18360,43440,0.763358778625954,1099.23664122137,0.848232848232848,407.151767151767,0.720833333333333,692,420,23700,40380,0.752255378209577,1083.24774462179,0.869022869022869,417.130977130977,0.69375,666,19620,600,44100,0.739764052741152,1065.26023594726,0.914760914760915,439.085239085239,0.652083333333333,626,8.33333333333333,51.88,13.5,73.7160493827161
"2025-07-11 10:00:00|Monitor9.txt|08",8,"2025-07-11 10:00:00|Monitor9.txt",2025-07-11T10:00:00Z,2025-07-17T11:59:00Z,"OK","M","DGRP375","21.5C","Winter","NA","08:12","M9","Batch1_DGRP",0.655711144543456,944.224048142576,0.842068726136758,404.192988545644,0.5625,540,720,10500,60840,0.718945176960444,1035.28105482304,0.837837837837838,402.162162162162,0.659375,633,1080,4320,5760,0.635669673837613,915.364330326162,0.848232848232848,407.151767151767,0.529166666666667,508,780,540,1980,0.653018736988203,940.346981263012,0.881496881496882,423.118503118503,0.538541666666667,517,660,480,1260,0.634281748785566,913.365718251214,0.821205821205821,394.178794178794,0.540625,519,120,1380,48720,0.659958362248439,950.340041637752,0.856548856548857,411.143451143451,0.561458333333333,539,540,420,56940,0.630811936155448,908.369188063845,0.8004158004158,384.199584199584,0.545833333333333,524,14.6666666666667,35.0113636363636,31.3333333333333,29.0478723404255
"2025-07-11 10:00:00|Monitor9.txt|10",10,"2025-07-11 10:00:00|Monitor9.txt",2025-07-11T10:00:00Z,2025-07-17T11:59:00Z,"OK","M","DGRP375","21.5C","Winter","NA","08:12","M9","Batch1_DGRP",0.60131929174864,865.899780118042,0.850399166955918,408.191600138841,0.476736111111111,457.666666666667,0,300,900,0.648160999306037,933.351839000694,0.827442827442827,397.172557172557,0.558333333333333,536,0,3420,42720,0.643303261623872,926.356696738376,0.808731808731809,388.191268191268,0.560416666666667,538,420,480,68760,0.495489243580847,713.504510756419,0.787941787941788,378.212058212058,0.348958333333333,335,360,4080,44160,0.666897987508675,960.333102012491,0.844074844074844,405.155925155925,0.578125,555,360,2280,84840,0.561415683553088,808.438584316447,0.875259875259875,420.12474012474,0.404166666666667,388,10920,8040,48900,0.59264399722415,853.407356002776,0.956340956340956,459.043659043659,0.410416666666667,394,17.1666666666667,27.7378640776699,27.5,34.3090909090909
"2025-07-11 10:00:00|Monitor9.txt|11",11,"2025-07-11 10:00:00|Monitor9.txt",2025-07-11T10:00:00Z,2025-07-17T11:59:00Z,"OK","M","DGRP375","21.5C","Winter","NA","08:12","M9","Batch1_DGRP",0.697257261890985,1004.05045712302,0.847622353349532,406.858729607775,0.622048611111111,597.166666666667,480,420,54300,0.69882026370576,1006.30117973629,0.819126819126819,393.180873180873,0.638541666666667,613,5220,540,44160,0.711311589174185,1024.28868841083,0.783783783783784,376.216216216216,0.675,648,360,1980,44040,0.746009715475364,1074.25399028452,0.871101871101871,418.128898128898,0.683333333333333,656,360,8580,53640,0.689798750867453,993.310201249133,0.864864864864865,415.135135135135,0.602083333333333,578,300,300,43500,0.712699514226232,1026.28730048577,0.821205821205821,394.178794178794,0.658333333333333,632,420,1260,56460,0.624566273421235,899.375433726579,0.923076923076923,443.076923076923,0.475,456,13.1666666666667,35.3417721518987,24.8333333333333,38.496644295302
"2025-07-11 10:00:00|Monitor9.txt|14",14,"2025-07-11 10:00:00|Monitor9.txt",2025-07-11T10:00:00Z,2025-07-17T11:59:00Z,"OK","M","DGRP375","21.5C","Winter","NA","08:12","M9","Batch1_DGRP",0.805346603402384,1159.69910889943,0.86463033668865,415.022561610552,0.775694444444445,744.666666666667,0,420,41640,0.827203331020125,1191.17279666898,0.858627858627859,412.141372141372,0.811458333333333,779,1440,300,49740,0.826509368494101,1190.17349063151,0.875259875259875,420.12474012474,0.802083333333333,770,10980,2100,56820,0.844552394170715,1216.15544760583,0.954261954261954,458.045738045738,0.789583333333333,758,4380,300,45240,0.744621790423317,1072.25537820958,0.754677754677755,362.245322245322,0.739583333333333,710,180,2880,42060,0.78764746703678,1134.21235253296,0.862785862785863,414.137214137214,0.75,720,5580,720,42300,0.802220680083276,1155.19777931992,0.883575883575884,424.116424116424,0.761458333333333,731,20.8333333333333,19.488,13.1666666666667,76.4177215189873
"2025-07-11 10:00:00|Monitor9.txt|16",16,"2025-07-11 10:00:00|Monitor9.txt",2025-07-11T10:00:00Z,2025-07-17T11:59:00Z,"OK","M","DGRP375","21.5C","Winter","NA","08:12","M9","Batch1_DGRP",0.81344751764842,1171.36442541373,0.976397084345713,468.670600485942,0.731944444444444,702.666666666667,0,300,44940,0.843858431644691,1215.15614156836,0.929313929313929,446.070686070686,0.801041666666667,769,720,720,64440,0.845940319222762,1218.15405968078,0.975051975051975,468.024948024948,0.78125,750,540,14040,43260,0.871616932685635,1255.12838306731,0.993762993762994,477.006237006237,0.810416666666667,778,480,20220,62820,0.819569743233865,1180.18043025677,0.970893970893971,466.029106029106,0.74375,714,1380,23940,86220,0.693268563497571,998.306731436502,0.993762993762994,477.006237006237,0.542708333333333,521,24540,4020,51660,0.806384455239417,1161.19361554476,0.993762993762994,477.006237006237,0.7125,684,5.16666666666667,79.8387096774193,26.1666666666667,38.6433121019108
"2025-07-11 10:00:00|Monitor9.txt|17",17,"2025-07-11 10:00:00|Monitor9.txt",2025-07-11T10:00:00Z,2025-07-17T11:59:00Z,"OK","M","DGRP375","21.5C","Winter","NA","08:12","M9","Batch1_DGRP",0.777919222312232,1120.20368012961,0.976049982644915,468.503991669559,0.678819444444445,651.666666666667,0,29220,41880,0.784177654406662,1129.21582234559,0.997920997920998,479.002079002079,0.677083333333333,650,600,1080,84420,0.798056904927134,1149.20194309507,0.966735966735967,464.033264033264,0.713541666666667,685,33240,540,42840,0.803608605135323,1157.19639139486,1,480,0.705208333333333,677,23760,1440,44160,0.767522553782096,1105.23247744622,0.966735966735967,464.033264033264,0.667708333333333,641,24120,360,44100,0.763358778625954,1099.23664122137,0.93970893970894,451.060291060291,0.675,648,25680,1860,44640,0.75086745315753,1081.24913254684,0.983367983367983,472.016632016632,0.634375,609,4,59.3333333333333,10.6666666666667,112.15625
"2025-07-11 10:00:00|Monitor9.txt|18",18,"2025-07-11 10:00:00|Monitor9.txt",2025-07-11T10:00:00Z,2025-07-17T11:59:00Z,"OK","M","DGRP375","21.5C","Winter","NA","08:12","M9","Batch1_DGRP",0.499479226941326,719.25008679551,0.568205484206873,272.738632419299,0.465104166666667,446.5,480,720,19500,0.611380985426787,880.388619014573,0.765072765072765,367.234927234927,0.534375,513,120,1740,14340,0.519777931991673,748.480222068008,0.711018711018711,341.288981288981,0.423958333333333,407,1020,1380,53940,0.47675225537821,686.523247744622,0.550935550935551,264.449064449064,0.439583333333333,422,480,540,47580,0.519083969465649,747.480916030534,0.476091476091476,228.523908523909,0.540625,519,840,1200,60840,0.422623178348369,608.577376821652,0.467775467775468,224.532224532225,0.4,384,1440,840,81780,0.445523941707148,641.554476058293,0.432432432432432,207.567567567568,0.452083333333333,434,29.8333333333333,17.3128491620112,49.3333333333333,18.0777027027027
"2025-07-11 10:00:00|Monitor9.txt|19",19,"2025-07-11 10:00:00|Monitor9.txt",2025-07-11T10:00:00Z,2025-07-17T11:59:00Z,"OK","M","DGRP375","21.5C","Winter","NA","08:12","M9","Batch1_DGRP",0.61023029741928,878.731628283764,0.824713641096841,395.862547726484,0.502951388888889,482.833333333333,1020,1620,57360,0.709923664122137,1022.29007633588,0.785862785862786,377.214137214137,0.671875,645,300,600,960,0.64677307425399,931.353226925746,0.875259875259875,420.12474012474,0.532291666666667,511,60,28140,60,0.722414989590562,1040.27758501041,0.977130977130977,469.022869022869,0.594791666666667,571,14160,5700,46860,0.641221374045801,923.358778625954,0.777546777546778,373.222453222453,0.572916666666667,550,300,960,20760,0.391394864677307,563.608605135323,0.733887733887734,352.266112266112,0.219791666666667,211,5820,3540,60600,0.549618320610687,791.450381679389,0.796257796257796,382.203742203742,0.426041666666667,409,9.5,50.5789473684211,22.1666666666667,42.9022556390977
"2025-07-11 10:00:00|Monitor9.txt|20",20,"2025-07-11 10:00:00|Monitor9.txt",2025-07-11T10:00:00Z,2025-07-17T11:59:00Z,"OK","M","DGRP375","21.5C","Winter","NA","08:12","M9","Batch1_DGRP",0.755583844462447,1088.04073602592,0.911836167997223,437.681360638667,0.677430555555556,650.333333333333,780,1800,46140,0.723108952116586,1041.27689104788,0.833679833679834,400.16632016632,0.667708333333333,641,720,12780,45540,0.80499653018737,1159.19500346981,0.968814968814969,465.031185031185,0.722916666666667,694,17760,1440,45540,0.784177654406662,1129.21582234559,0.968814968814969,465.031185031185,0.691666666666667,664,480,13560,45240,0.749479528105482,1079.25052047189,0.877338877338877,421.122661122661,0.685416666666667,658,600,20040,48300,0.716863289382373,1032.28313671062,0.896049896049896,430.10395010395,0.627083333333333,602,420,300,48240,0.755031228313671,1087.24496877169,0.925155925155925,444.074844074844,0.669791666666667,643,9.83333333333333,43.3559322033898,15.8333333333333,63.221052631579
"2025-07-11 10:00:00|Monitor9.txt|21",21,"2025-07-11 10:00:00|Monitor9.txt",2025-07-11T10:00:00Z,2025-07-17T11:59:00Z,"OK","M","DGRP375","21.5C","Winter","NA","08:12","M9","Batch1_DGRP",0.72665200786946,1046.37889133202,0.960083304408192,460.839986115932,0.609895833333333,585.5,0,300,1680,0.695350451075642,1001.30464954892,0.95010395010395,456.049896049896,0.567708333333333,545,14760,11460,55380,0.75086745315753,1081.24913254684,0.941787941787942,452.058212058212,0.655208333333333,629,420,10080,51360,0.773768216516308,1114.22623178348,0.981288981288981,471.018711018711,0.669791666666667,643,17880,660,52020,0.714781401804303,1029.2852185982,0.954261954261954,458.045738045738,0.594791666666667,571,9660,8400,56760,0.684941013185288,986.315058986815,0.945945945945946,454.054054054054,0.554166666666667,532,240,27000,240,0.739764052741152,1065.26023594726,0.983367983367983,472.016632016632,0.617708333333333,593,6.33333333333333,57.6315789473684,26.3333333333333,40.3860759493671
"2025-07-11 10:00:00|Monitor9.txt|22",22,"2025-07-11 10:00:00|Monitor9.txt",2025-07-11T10:00:00Z,2025-07-17T11:59:00Z,"OK","M","DGRP375","21.5C","Winter","NA","08:12","M9","Batch1_DGRP",0.631292674458975,909.061451220924,0.955223880597015,458.507462686567,0.469270833333333,450.5,480,15060,480,0.639139486467731,920.360860513532,0.935550935550936,449.064449064449,0.490625,471,120,720,900,0.632893823733518,911.367106176267,0.931392931392931,447.068607068607,0.483333333333333,464,360,11280,86400,0.606523247744622,873.393476752255,0.983367983367983,472.016632016632,0.417708333333333,401,0,24900,0,0.664816099930604,957.335183900069,0.997920997920998,479.002079002079,0.497916666666667,478,360,1800,53520,0.68147120055517,981.318528799445,0.981288981288981,471.018711018711,0.53125,510,180,10320,180,0.562803608605135,810.437196391395,0.898128898128898,431.101871101871,0.394791666666667,379,8.66666666666667,59.6153846153846,36.5,24.5205479452055
"2025-07-11 10:00:00|Monitor9.txt|23",23,"2025-07-11 10:00:00|Monitor9.txt",2025-07-11T10:00:00Z,2025-07-17T11:59:00Z,"OK","M","DGRP375","21.5C","Winter","NA","08:12","M9","Batch1_DGRP",0.570072908228214,820.904987848629,0.900381811870878,432.183269698022,0.404861111111111,388.666666666667,0,300,51780,0.693268563497571,998.306731436502,0.952182952182952,457.047817047817,0.563541666666667,541,540,480,48960,0.635669673837613,915.364330326162,0.929313929313929,446.070686070686,0.488541666666667,469,300,480,47580,0.589868147120056,849.41013185288,0.918918918918919,441.081081081081,0.425,408,3660,5460,9180,0.520471894517696,749.479528105482,0.96049896049896,461.039501039501,0.3,288,480,17100,480,0.576682859125607,830.423317140875,0.952182952182952,457.047817047817,0.388541666666667,373,2400,300,51000,0.404580152671756,582.595419847328,0.686070686070686,329.313929313929,0.263541666666667,253,15.3333333333333,31.8478260869565,26.1666666666667,35.5414012738854
"2025-07-11 10:00:00|Monitor9.txt|24",24,"2025-07-11 10:00:00|Monitor9.txt",2025-07-11T10:00:00Z,2025-07-17T11:59:00Z,"OK","M","DGRP375","21.5C","Winter","NA","08:12","M9","Batch1_DGRP",0.70408517532693,1013.88265247078,0.94168691426588,452.009718847622,0.585243055555556,561.833333333333,0,780,61200,0.677307425399028,975.322692574601,0.831600831600832,399.168399168399,0.6,576,540,420,51360,0.796668979875087,1147.20333102013,0.964656964656965,463.035343035343,0.7125,684,26400,2340,55260,0.693962526023595,999.306037473976,0.993762993762994,477.006237006237,0.54375,522,780,27120,780,0.694656488549618,1000.30534351145,0.948024948024948,455.051975051975,0.567708333333333,545,23700,1200,53100,0.655794587092297,944.344205412908,0.93970893970894,451.060291060291,0.513541666666667,493,19620,8460,47460,0.706453851492019,1017.29354614851,0.970893970893971,466.029106029106,0.573958333333333,551,4.5,75.8518518518519,12,90.7916666666667
"2025-07-11 10:00:00|Monitor9.txt|25",25,"2025-07-11 10:00:00|Monitor9.txt",2025-07-11T10:00:00Z,2025-07-17T11:59:00Z,"OK","M","DGRP375","21.5C","Winter","NA","08:12","M9","Batch1_DGRP",0.711723180187478,1024.88137946997,0.924678930926762,443.845886844846,0.605208333333333,581,1500,2280,17160,0.729354614850798,1050.27064538515,0.881496881496882,423.118503118503,0.653125,627,600,720,43980,0.682859125607217,983.317140874393,0.898128898128898,431.101871101871,0.575,552,420,660,46800,0.707147814018043,1018.29285218598,0.941787941787942,452.058212058212,0.589583333333333,566,4560,2880,80760,0.716863289382373,1032.28313671062,0.937629937629938,450.06237006237,0.60625,582,22620,900,84540,0.687716863289382,990.312283136711,0.952182952182952,457.047817047817,0.555208333333333,533,22920,2580,51540,0.747397640527412,1076.25260235947,0.937629937629938,450.06237006237,0.652083333333333,626,9.66666666666667,39.2931034482759,14.3333333333333,72.906976744186
"2025-07-11 10:00:00|Monitor9.txt|27",27,"2025-07-11 10:00:00|Monitor9.txt",2025-07-11T10:00:00Z,2025-07-17T11:59:00Z,"OK","M","DGRP375","21.5C","Winter","NA","08:12","M9","Batch1_DGRP",0.71716236546696,1032.71380627242,0.916348490107602,439.847275251649,0.617534722222222,592.833333333333,0,300,46140,0.729354614850798,1050.27064538515,0.945945945945946,454.054054054054,0.620833333333333,596,24780,1740,50340,0.763358778625954,1099.23664122137,0.964656964656965,463.035343035343,0.6625,636,420,360,43440,0.73351839000694,1056.26648160999,0.862785862785863,414.137214137214,0.66875,642,360,4980,54180,0.707147814018043,1018.29285218598,0.893970893970894,429.106029106029,0.613541666666667,589,660,1440,86340,0.6911866759195,995.30881332408,0.898128898128898,431.101871101871,0.5875,564,19920,1560,57420,0.678001387925052,976.321998612075,0.929313929313929,446.070686070686,0.552083333333333,530,12.6666666666667,37.4868421052632,17,55.6470588235294
"2025-07-11 10:00:00|Monitor9.txt|28",28,"2025-07-11 10:00:00|Monitor9.txt",2025-07-11T10:00:00Z,2025-07-17T11:59:00Z,"OK","M","DGRP375","21.5C","Winter","NA","08:12","M9","Batch1_DGRP",0.688461983566717,991.385256336072,0.896563693162097,430.350572717806,0.584375,561,0,660,10920,0.678695350451076,977.321304649549,0.887733887733888,426.112266112266,0.573958333333333,551,840,10620,44700,0.727272727272727,1047.27272727273,0.910602910602911,437.089397089397,0.635416666666667,610,360,8880,84900,0.682859125607217,983.317140874393,0.981288981288981,471.018711018711,0.533333333333333,512,25680,360,60720,0.665510062456627,958.334489937543,0.88981288981289,427.110187110187,0.553125,531,1020,1440,82620,0.662040249826509,953.337959750174,0.823284823284823,395.176715176715,0.58125,558,19680,1860,45600,0.714781401804303,1029.2852185982,0.885654885654886,425.114345114345,0.629166666666667,604,8.66666666666667,42.8269230769231,21.6666666666667,48.8461538461539
"2025-07-11 10:00:00|Monitor9.txt|29",29,"2025-07-11 10:00:00|Monitor9.txt",2025-07-11T10:00:00Z,2025-07-17T11:59:00Z,"OK","M","DGRP375","21.5C","Winter","NA","08:12","M9","Batch1_DGRP",0.705589630829765,1016.04906839486,0.821589725789657,394.363068379035,0.647569444444445,621.666666666667,1320,1920,86160,0.656488549618321,945.343511450382,0.742203742203742,356.257796257796,0.613541666666667,589,14520,4560,57900,0.763358778625954,1099.23664122137,0.945945945945946,454.054054054054,0.671875,645,1620,6900,65160,0.658570437196391,948.341429562804,0.802494802494803,385.197505197505,0.586458333333333,563,360,18060,42780,0.789729354614851,1137.21027064539,0.883575883575884,424.116424116424,0.742708333333333,713,600,420,43740,0.740458015267176,1066.25954198473,0.758835758835759,364.241164241164,0.73125,702,360,13260,360,0.625954198473283,901.374045801527,0.798336798336798,383.201663201663,0.539583333333333,518,15.3333333333333,38.4673913043478,13.5,61.1358024691358
"2025-07-11 10:00:00|Monitor9.txt|32",32,"2025-07-11 10:00:00|Monitor9.txt",2025-07-11T10:00:00Z,2025-07-17T11:59:00Z,"OK","M","DGRP375","21.5C","Winter","NA","08:12","M9","Batch1_DGRP",0.738224742506654,1063.04362920958,0.803193335647345,385.532801110725,0.705729166666667,677.5,1080,900,43680,0.702290076335878,1011.29770992366,0.756756756756757,363.243243243243,0.675,648,540,5280,60720,0.846634281748786,1219.15336571825,0.88981288981289,427.110187110187,0.825,792,540,3060,42360,0.793893129770992,1143.20610687023,0.877338877338877,421.122661122661,0.752083333333333,722,1020,420,65460,0.709923664122137,1022.29007633588,0.785862785862786,377.214137214137,0.671875,645,240,2520,43080,0.714781401804303,1029.2852185982,0.767151767151767,368.232848232848,0.688541666666667,661,420,4740,51000,0.660652324774462,951.339347675226,0.738045738045738,354.261954261954,0.621875,597,14.6666666666667,33.0568181818182,22.5,41.5555555555556
