"id","region_id","experiment_id","start_datetime","stop_datetime","status","Sex","Genotype","Temperature","Treatment","Environment","Light","monitor","Batch","Sleep_Fraction_All","Sleep_Time_All","Sleep_Fraction_L","Sleep_Time_L","Sleep_Fraction_D","Sleep_Time_D","Day1_latency","Day1_first_bout_length","Day1_latency_to_longest_bout","Day1_Sleep_Fraction_All","Day1_Sleep_Time_All","Day1_Sleep_Fraction_L","Day1_Sleep_Time_L","Day1_Sleep_Fraction_D","Day1_Sleep_Time_D","Day2_latency","Day2_first_bout_length","Day2_latency_to_longest_bout","Day2_Sleep_Fraction_All","Day2_Sleep_Time_All","Day2_Sleep_Fraction_L","Day2_Sleep_Time_L","Day2_Sleep_Fraction_D","Day2_Sleep_Time_D","Day3_latency","Day3_first_bout_length","Day3_latency_to_longest_bout","Day3_Sleep_Fraction_All","Day3_Sleep_Time_All","Day3_Sleep_Fraction_L","Day3_Sleep_Time_L","Day3_Sleep_Fraction_D","Day3_Sleep_Time_D","Day4_latency","Day4_first_bout_length","Day4_latency_to_longest_bout","Day4_Sleep_Fraction_All","Day4_Sleep_Time_All","Day4_Sleep_Fraction_L","Day4_Sleep_Time_L","Day4_Sleep_Fraction_D","Day4_Sleep_Time_D","Day5_latency","Day5_first_bout_length","Day5_latency_to_longest_bout","Day5_Sleep_Fraction_All","Day5_Sleep_Time_All","Day5_Sleep_Fraction_L","Day5_Sleep_Time_L","Day5_Sleep_Fraction_D","Day5_Sleep_Time_D","Day6_latency","Day6_first_bout_length","Day6_latency_to_longest_bout","Day6_Sleep_Fraction_All","Day6_Sleep_Time_All","Day6_Sleep_Fraction_L","Day6_Sleep_Time_L","Day6_Sleep_Fraction_D","Day6_Sleep_Time_D","n_Bouts_L","mean_Bout_Length_L","n_Bouts_D","mean_Bout_Length_D"
"2025-09-20 10:00:00|Monitor10.txt|01",1,"2025-09-20 10:00:00|Monitor10.txt",2025-09-20T10:00:00Z,2025-09-26T10:20:00Z,"OK","M","DGRP136","21.5C","Winter","NA","08:12","M10","Batch8_DGRP",0.732901284573545,1055.3778497859,0.804581742450538,386.199236376258,0.697048611111111,669.166666666667,660,300,45000,0.778625954198473,1121.2213740458,0.935550935550936,449.064449064449,0.7,672,540,10500,37920,0.827897293546149,1192.17210270645,0.958419958419958,460.04158004158,0.7625,732,540,1320,38700,0.744621790423317,1072.25537820958,0.879417879417879,422.120582120582,0.677083333333333,650,600,2220,36480,0.69882026370576,1006.30117973629,0.773388773388773,371.226611226611,0.661458333333333,635,1560,300,37320,0.713393476752255,1027.28660652325,0.638253638253638,306.361746361746,0.751041666666667,721,1080,540,38880,0.632199861207495,910.367800138792,0.636174636174636,305.363825363825,0.630208333333333,605,15.8333333333333,31.8842105263158,6.33333333333333,145.394736842105
"2025-09-20 10:00:00|Monitor10.txt|02",2,"2025-09-20 10:00:00|Monitor10.txt",2025-09-20T10:00:00Z,2025-09-26T10:20:00Z,"OK","M","DGRP136","21.5C","Winter","NA","08:12","M10","Batch8_DGRP",0.813216062955677,1171.03113065617,0.858035404373482,411.856994099271,0.790798611111111,759.166666666667,0,4020,41040,0.875086745315753,1260.12491325468,0.956340956340956,459.043659043659,0.834375,801,420,26400,34020,0.880638445523942,1268.11936155448,0.981288981288981,471.018711018711,0.830208333333333,797,780,10560,34680,0.770992366412214,1110.22900763359,0.769230769230769,369.230769230769,0.771875,741,840,780,35760,0.805690492713394,1160.19430950729,0.85031185031185,408.149688149688,0.783333333333333,752,600,15000,38580,0.725190839694657,1044.27480916031,0.762993762993763,366.237006237006,0.70625,678,600,3360,37020,0.819569743233865,1180.18043025677,0.821205821205821,394.178794178794,0.81875,786,11,44.6969696969697,8.33333333333333,112.3
"2025-09-20 10:00:00|Monitor10.txt|03",3,"2025-09-20 10:00:00|Monitor10.txt",2025-09-20T10:00:00Z,2025-09-26T10:20:00Z,"OK","M","DGRP136","21.5C","Winter","NA","08:12","M10","Batch8_DGRP",0.624811943062146,899.72919800949,0.522040958000694,250.579659840333,0.676215277777778,649.166666666667,720,840,39720,0.66412213740458,956.335877862595,0.465696465696466,223.534303534304,0.763541666666667,733,660,2460,53220,0.670367800138792,965.329632199861,0.523908523908524,251.476091476092,0.74375,714,600,1860,37680,0.670367800138792,965.329632199861,0.665280665280665,319.334719334719,0.672916666666667,646,780,4620,37980,0.619014573213047,891.380985426787,0.571725571725572,274.428274428274,0.642708333333333,617,120,480,35460,0.605829285218598,872.394170714781,0.457380457380458,219.54261954262,0.680208333333333,653,540,4800,37140,0.517002081887578,744.482997918113,0.442827442827443,212.557172557173,0.554166666666667,532,27.3333333333333,20.140243902439,14.1666666666667,61.6588235294118
"2025-09-20 10:00:00|Monitor10.txt|04",4,"2025-09-20 10:00:00|Monitor10.txt",2025-09-20T10:00:00Z,2025-09-26T10:20:00Z,"OK","M","DGRP136","21.5C","Winter","NA","08:12","M10","Batch8_DGRP",0.76056012035644,1095.20657331327,0.705310656022215,338.549114890663,0.788194444444445,756.666666666667,0,660,48960,0.56557945870923,814.434420541291,0.195426195426195,93.8045738045738,0.751041666666667,721,2220,660,70740,0.902151283830673,1299.09784871617,0.893970893970894,429.106029106029,0.90625,870,480,2220,63240,0.894517696044414,1288.10548230396,0.825363825363825,396.174636174636,0.929166666666667,892,4080,360,45900,0.850798056904927,1225.1492019431,0.860706860706861,413.139293139293,0.845833333333333,812,660,1020,48540,0.693962526023595,999.306037473976,0.841995841995842,404.158004158004,0.619791666666667,595,960,1020,38760,0.655794587092297,944.344205412908,0.613305613305613,294.386694386694,0.677083333333333,650,23.1666666666667,19.5251798561151,26.3333333333333,35.9936708860759
"2025-09-20 10:00:00|Monitor10.txt|05",5,"2025-09-20 10:00:00|Monitor10.txt",2025-09-20T10:00:00Z,2025-09-26T10:20:00Z,"OK","M","DGRP136","21.5C","Winter","NA","08:12","M10","Batch8_DGRP",0.692743895382479,997.551209350769,0.811870878167303,389.698021520305,0.633159722222222,607.833333333333,0,420,63000,0.702290076335878,1011.29770992366,0.708939708939709,340.29106029106,0.698958333333333,671,1560,960,37560,0.76058292852186,1095.23941707148,0.860706860706861,413.139293139293,0.710416666666667,682,3180,480,37620,0.700902151283831,1009.29909784872,0.817047817047817,392.182952182952,0.642708333333333,617,1020,3540,5820,0.650242886884108,936.349757113116,0.879417879417879,422.120582120582,0.535416666666667,514,420,2220,52560,0.718251214434421,1034.28174878557,0.835758835758836,401.164241164241,0.659375,633,600,1740,56760,0.623178348369188,897.376821651631,0.765072765072765,367.234927234927,0.552083333333333,530,19.1666666666667,24.5478260869565,20.1666666666667,46.6611570247934
"2025-09-20 10:00:00|Monitor10.txt|06",6,"2025-09-20 10:00:00|Monitor10.txt",2025-09-20T10:00:00Z,2025-09-26T10:20:00Z,"OK","M","DGRP136","21.5C","Winter","NA","08:12","M10","Batch8_DGRP",0.618794121050804,891.063534313158,0.473446719888927,227.254425546685,0.691493055555556,663.833333333333,14460,1500,39360,0.564885496183206,813.435114503817,0.299376299376299,143.700623700624,0.697916666666667,670,9480,360,38160,0.546842470506593,787.453157529494,0.172557172557173,82.8274428274428,0.734375,705,7560,3120,38100,0.608605135322693,876.391394864677,0.444906444906445,213.555093555094,0.690625,663,480,3540,53640,0.647467036780014,932.35253296322,0.577962577962578,277.422037422037,0.682291666666667,655,4860,1920,7500,0.632893823733518,911.367106176267,0.609147609147609,292.390852390852,0.644791666666667,619,420,3420,48840,0.711311589174185,1024.28868841083,0.735966735966736,353.264033264033,0.698958333333333,671,12.6666666666667,40.4342105263158,17.1666666666667,53.0582524271845
"2025-09-20 10:00:00|Monitor10.txt|07",7,"2025-09-20 10:00:00|Monitor10.txt",2025-09-20T10:00:00Z,2025-09-26T10:20:00Z,"OK","M","DGRP136","21.5C","Winter","NA","08:12","M10","Batch8_DGRP",0.76229603055202,1097.70628399491,0.709128774730996,340.381811870878,0.788888888888889,757.333333333333,2040,2580,42720,0.632199861207495,910.367800138792,0.66943866943867,321.330561330561,0.613541666666667,589,1260,420,38040,0.78764746703678,1134.21235253296,0.754677754677755,362.245322245322,0.804166666666667,772,600,3120,35460,0.793893129770992,1143.20610687023,0.785862785862786,377.214137214137,0.797916666666667,766,60,300,34620,0.759195003469813,1093.24080499653,0.62993762993763,302.370062370062,0.823958333333333,791,6480,15960,36060,0.809160305343512,1165.19083969466,0.783783783783784,376.216216216216,0.821875,789,5040,10320,34020,0.791117279666898,1139.20888272033,0.62993762993763,302.370062370062,0.871875,837,18,28.3148148148148,13.5,67.6790123456791
"2025-09-20 10:00:00|Monitor10.txt|10",10,"2025-09-20 10:00:00|Monitor10.txt",2025-09-20T10:00:00Z,2025-09-26T10:20:00Z,"OK","M","DGRP136","21.5C","Winter","NA","08:12","M10","Batch8_DGRP",0.510126142807545,734.581645642865,0.456438736549809,219.090593543908,0.536979166666667,515.5,6540,540,42120,0.541290770298404,779.458709229702,0.426195426195426,204.573804573805,0.598958333333333,575,2460,540,42060,0.505898681471201,728.494101318529,0.434511434511435,208.565488565489,0.541666666666667,520,2340,1860,39600,0.439972241498959,633.560027758501,0.392931392931393,188.607068607069,0.463541666666667,445,1500,1200,57060,0.579458709229702,834.42054129077,0.534303534303534,256.465696465697,0.602083333333333,578,780,11100,780,0.514226231783484,740.485773768217,0.507276507276507,243.492723492724,0.517708333333333,497,1380,7980,45480,0.47883414295628,689.521165857044,0.440748440748441,211.559251559252,0.497916666666667,478,20.1666666666667,27.495867768595,21.8333333333333,40.2519083969466
"2025-09-20 10:00:00|Monitor10.txt|12",12,"2025-09-20 10:00:00|Monitor10.txt",2025-09-20T10:00:00Z,2025-09-26T10:20:00Z,"OK","M","DGRP136","21.5C","Winter","NA","08:12","M10","Batch8_DGRP",0.579099641245226,833.903483393126,0.75216938562999,361.041305102395,0.492534722222222,472.833333333333,720,2280,44760,0.692574600971548,997.307425399029,0.925155925155925,444.074844074844,0.576041666666667,553,960,2220,45540,0.619014573213047,891.380985426787,0.767151767151767,368.232848232848,0.544791666666667,523,660,5340,44580,0.615544760582929,886.384455239417,0.77962577962578,374.220374220374,0.533333333333333,512,780,720,4320,0.532963219986121,767.467036780014,0.708939708939709,340.29106029106,0.444791666666667,427,540,12420,540,0.504510756419153,726.495489243581,0.642411642411642,308.357588357588,0.435416666666667,418,660,15180,660,0.507980569049271,731.492019430951,0.681912681912682,327.318087318087,0.420833333333333,404,16.6666666666667,32.45,24.1666666666667,36.2965517241379
"2025-09-20 10:00:00|Monitor10.txt|13",13,"2025-09-20 10:00:00|Monitor10.txt",2025-09-20T10:00:00Z,2025-09-26T10:20:00Z,"OK","M","DGRP136","21.5C","Winter","NA","08:12","M10","Batch8_DGRP",0.692280985996991,996.884619835667,0.643179451579313,308.72613675807,0.716840277777778,688.166666666667,0,300,38700,0.714781401804303,1029.2852185982,0.588357588357588,282.411642411642,0.778125,747,540,3960,39720,0.812630117973629,1170.18736988203,0.825363825363825,396.174636174636,0.80625,774,240,1200,38760,0.682165163081194,982.317834836919,0.650727650727651,312.349272349272,0.697916666666667,670,1500,540,46860,0.656488549618321,945.343511450382,0.723492723492724,347.276507276507,0.622916666666667,598,600,2040,41340,0.737682165163081,1062.26231783484,0.617463617463617,296.382536382536,0.797916666666667,766,420,480,65160,0.550312283136711,792.449687716863,0.455301455301455,218.544698544699,0.597916666666667,574,26.8333333333333,20.1428571428571,12.5,69.9333333333333
"2025-09-20 10:00:00|Monitor10.txt|16",16,"2025-09-20 10:00:00|Monitor10.txt",2025-09-20T10:00:00Z,2025-09-26T10:20:00Z,"OK","M","DGRP136","21.5C","Winter","NA","08:12","M10","Batch8_DGRP",0.485013308644833,698.419164448559,0.417910447761194,200.597014925373,0.518576388888889,497.833333333333,660,1020,40980,0.564885496183206,813.435114503817,0.461538461538462,221.538461538462,0.616666666666667,592,1200,10020,41400,0.574600971547536,827.425399028452,0.812889812889813,390.18711018711,0.455208333333333,437,660,13920,660,0.487161693268564,701.512838306732,0.494802494802495,237.505197505198,0.483333333333333,464,360,840,44940,0.517696044413602,745.482303955586,0.35966735966736,172.640332640333,0.596875,573,300,360,40860,0.417765440666204,601.582234559334,0.214137214137214,102.785862785863,0.519791666666667,499,2160,360,45300,0.346287300485774,498.653712699514,0.16008316008316,76.8399168399168,0.439583333333333,422,17.6666666666667,37.5566037735849,13.1666666666667,58.253164556962
"2025-09-20 10:00:00|Monitor10.txt|18",18,"2025-09-20 10:00:00|Monitor10.txt",2025-09-20T10:00:00Z,2025-09-26T10:20:00Z,"OK","M","DGRP136","21.5C","Winter","NA","08:12","M10","Batch8_DGRP",0.555375535238977,799.740770744127,0.497396737244013,238.750433877126,0.584375,561,0,4560,32340,0.825121443442054,1188.17487855656,0.891891891891892,428.108108108108,0.791666666666667,760,660,3900,44280,0.770992366412214,1110.22900763359,0.858627858627859,412.141372141372,0.727083333333333,698,1620,1680,36120,0.615544760582929,886.384455239417,0.515592515592516,247.484407484408,0.665625,639,1260,3180,1260,0.475364330326162,684.524635669674,0.307692307692308,147.692307692308,0.559375,537,540,2820,36300,0.379597501734906,546.620402498265,0.266112266112266,127.733887733888,0.436458333333333,419,1380,3540,62520,0.26439972241499,380.735600277585,0.141372141372141,67.8586278586279,0.326041666666667,313,11.6666666666667,48.5857142857143,24.8333333333333,34.4899328859061
"2025-09-20 10:00:00|Monitor10.txt|19",19,"2025-09-20 10:00:00|Monitor10.txt",2025-09-20T10:00:00Z,2025-09-26T10:20:00Z,"OK","M","DGRP136","21.5C","Winter","NA","08:12","M10","Batch8_DGRP",0.712301816919338,1025.71461636385,0.818465810482471,392.863589031586,0.659201388888889,632.833333333333,1080,16200,38340,0.800832755031228,1153.19916724497,0.9002079002079,432.099792099792,0.751041666666667,721,1920,16920,39540,0.773074253990285,1113.22692574601,0.923076923076923,443.076923076923,0.697916666666667,670,960,4620,38700,0.730742539902845,1052.2692574601,0.829521829521829,398.170478170478,0.68125,654,780,7020,38400,0.704371963913949,1014.29562803609,0.69022869022869,331.309771309771,0.711458333333333,683,540,960,1680,0.693268563497571,998.306731436502,0.933471933471933,448.066528066528,0.572916666666667,550,840,18120,840,0.569743233865371,820.430256766135,0.627858627858628,301.372141372141,0.540625,519,5,116.466666666667,9.16666666666667,92.8363636363637
"2025-09-20 10:00:00|Monitor10.txt|22",22,"2025-09-20 10:00:00|Monitor10.txt",2025-09-20T10:00:00Z,2025-09-26T10:20:00Z,"OK","M","DGRP136","21.5C","Winter","NA","08:12","M10","Batch8_DGRP",0.785094317787293,1130.5358176137,0.584172162443596,280.402637972926,0.885590277777778,850.166666666667,0,840,39360,0.913948646773074,1316.08605135323,0.869022869022869,417.130977130977,0.936458333333333,899,420,600,33000,0.873004857737682,1257.12699514226,0.727650727650728,349.272349272349,0.945833333333333,908,420,360,30420,0.799444829979181,1151.20055517002,0.694386694386694,333.305613305613,0.852083333333333,818,840,1920,43680,0.700902151283831,1009.29909784872,0.307692307692308,147.692307692308,0.897916666666667,862,420,2460,34500,0.714087439278279,1028.28591256072,0.345114345114345,165.654885654886,0.898958333333333,863,420,4020,36120,0.70853573907009,1020.29146426093,0.561330561330561,269.43866943867,0.782291666666667,751,20,25.7166666666667,8.5,107.274509803922
"2025-09-20 10:00:00|Monitor10.txt|23",23,"2025-09-20 10:00:00|Monitor10.txt",2025-09-20T10:00:00Z,2025-09-26T10:20:00Z,"OK","M","DGRP136","21.5C","Winter","NA","08:12","M10","Batch8_DGRP",0.70292790186321,1012.21617868302,0.846581048247136,406.358903158626,0.631076388888889,605.833333333333,480,2100,15120,0.730048577376822,1051.26995142262,0.854469854469854,410.14553014553,0.667708333333333,641,600,2520,39420,0.707147814018043,1018.29285218598,0.844074844074844,405.155925155925,0.638541666666667,613,420,11640,12120,0.792505204718945,1141.20749479528,0.98960498960499,475.010395010395,0.69375,666,1260,300,6720,0.657876474670368,947.34212352533,0.829521829521829,398.170478170478,0.571875,549,660,12600,38520,0.690492713393477,994.309507286606,0.742203742203742,356.257796257796,0.664583333333333,638,540,11400,540,0.637751561415684,918.362248438584,0.812889812889813,390.18711018711,0.55,528,10.6666666666667,46.84375,26.8333333333333,34.1118012422361
"2025-09-20 10:00:00|Monitor10.txt|24",24,"2025-09-20 10:00:00|Monitor10.txt",2025-09-20T10:00:00Z,2025-09-26T10:20:00Z,"OK","M","DGRP136","21.5C","Winter","NA","08:12","M10","Batch8_DGRP",0.893183659298692,1286.18446939012,0.793127386324193,380.701145435613,0.943229166666667,905.5,420,1080,43860,0.925052047189452,1332.07494795281,0.823284823284823,395.176715176715,0.976041666666667,937,420,360,40080,0.946564885496183,1363.0534351145,0.979209979209979,470.02079002079,0.930208333333333,893,1140,8460,40500,0.895905621096461,1290.1040943789,0.833679833679834,400.16632016632,0.927083333333333,890,600,360,53220,0.84177654406662,1212.15822345593,0.721413721413721,346.278586278586,0.902083333333333,866,660,660,52200,0.85704371963914,1234.14295628036,0.638253638253638,306.361746361746,0.966666666666667,928,480,960,43260,0.893129770992367,1286.10687022901,0.765072765072765,367.234927234927,0.957291666666667,919,16.6666666666667,28.55,14.3333333333333,65.1279069767442
"2025-09-20 10:00:00|Monitor10.txt|25",25,"2025-09-20 10:00:00|Monitor10.txt",2025-09-20T10:00:00Z,2025-09-26T10:20:00Z,"OK","M","DGRP136","21.5C","Winter","NA","08:12","M10","Batch8_DGRP",0.688230528873973,991.051961578521,0.578271433530024,277.570288094412,0.743229166666667,713.5,480,900,62820,0.66412213740458,956.335877862595,0.607068607068607,291.392931392931,0.692708333333333,665,420,900,48000,0.723802914642609,1042.27619708536,0.592515592515593,284.407484407484,0.789583333333333,758,420,1200,45180,0.749479528105482,1079.25052047189,0.750519750519751,360.24948024948,0.748958333333333,719,600,1800,38700,0.680777238029147,980.319222761971,0.442827442827443,212.557172557173,0.8,768,420,3540,47700,0.686328938237335,988.313671061763,0.573804573804574,275.426195426195,0.742708333333333,713,420,1500,59100,0.625954198473283,901.374045801527,0.507276507276507,243.492723492724,0.685416666666667,658,25.6666666666667,22.3051948051948,31.8333333333333,26.2513089005236
"2025-09-20 10:00:00|Monitor10.txt|26",26,"2025-09-20 10:00:00|Monitor10.txt",2025-09-20T10:00:00Z,2025-09-26T10:20:00Z,"OK","M","DGRP136","21.5C","Winter","NA","08:12","M10","Batch8_DGRP",0.782085406781623,1126.20298576554,0.938215897257897,450.34363068379,0.703993055555556,675.833333333333,60,300,43140,0.844552394170715,1216.15544760583,0.968814968814969,465.031185031185,0.782291666666667,751,600,2040,41460,0.807772380291464,1163.19222761971,0.945945945945946,454.054054054054,0.738541666666667,709,540,1080,42240,0.814018043025677,1172.18598195697,0.956340956340956,459.043659043659,0.742708333333333,713,780,660,40860,0.775850104094379,1117.22414989591,0.943866943866944,453.056133056133,0.691666666666667,664,120,300,540,0.761276891047884,1096.23872310895,0.977130977130977,469.022869022869,0.653125,627,60,2100,48720,0.687716863289382,990.312283136711,0.831600831600832,399.168399168399,0.615625,591,9.5,49.9473684210526,16.3333333333333,58.0102040816327
"2025-09-20 10:00:00|Monitor10.txt|27",27,"2025-09-20 10:00:00|Monitor10.txt",2025-09-20T10:00:00Z,2025-09-26T10:20:00Z,"OK","M","DGRP136","21.5C","Winter","NA","08:12","M10","Batch8_DGRP",0.448327739844925,645.591945376693,0.535230822631031,256.910794862895,0.404861111111111,388.666666666667,720,420,17280,0.574600971547536,827.425399028452,0.796257796257796,382.203742203742,0.463541666666667,445,3240,900,43200,0.475364330326162,684.524635669674,0.465696465696466,223.534303534304,0.480208333333333,461,540,1920,42000,0.578764746703678,833.421235253296,0.808731808731809,388.191268191268,0.463541666666667,445,1560,960,41280,0.52116585704372,750.478834142956,0.382536382536383,183.617463617464,0.590625,567,840,4380,5700,0.305343511450382,439.69465648855,0.742203742203742,356.257796257796,0.0864583333333333,83,26460,300,62220,0.233171408743928,335.766828591256,0.0103950103950104,4.98960498960499,0.344791666666667,331,17.5,26.7619047619048,25,38.2666666666667
"2025-09-20 10:00:00|Monitor10.txt|28",28,"2025-09-20 10:00:00|Monitor10.txt",2025-09-20T10:00:00Z,2025-09-26T10:20:00Z,"OK","M","DGRP136","21.5C","Winter","NA","08:12","M10","Batch8_DGRP",0.759171392199977,1093.20680476797,0.790350572717806,379.368274904547,0.743576388888889,713.833333333333,360,6600,360,0.719639139486468,1036.28036086051,0.794178794178794,381.205821205821,0.682291666666667,655,480,3300,36660,0.882720333102012,1271.1172796669,0.918918918918919,441.081081081081,0.864583333333333,830,960,600,69900,0.717557251908397,1033.28244274809,0.748440748440749,359.251559251559,0.702083333333333,674,480,6360,43860,0.809854267869535,1166.19014573213,0.831600831600832,399.168399168399,0.798958333333333,767,3660,1560,68280,0.72588480222068,1045.27411519778,0.636174636174636,305.363825363825,0.770833333333333,740,1380,6900,1380,0.698126301179736,1005.30187369882,0.808731808731809,388.191268191268,0.642708333333333,617,24.8333333333333,18.4496644295302,46.5,20.0215053763441
"2025-09-20 10:00:00|Monitor10.txt|30",30,"2025-09-20 10:00:00|Monitor10.txt",2025-09-20T10:00:00Z,2025-09-26T10:20:00Z,"OK","M","DGRP136","21.5C","Winter","NA","08:12","M10","Batch8_DGRP",0.798518689966439,1149.86691355167,0.87296077750781,419.021173203749,0.761284722222222,730.833333333333,0,10920,34200,0.889659958362248,1281.11034004164,0.933471933471933,448.066528066528,0.867708333333333,833,6480,480,37200,0.8764746703678,1262.12352532963,0.962577962577963,462.037422037422,0.833333333333333,800,60,300,40740,0.818875780707842,1179.18112421929,0.883575883575884,424.116424116424,0.786458333333333,755,480,1440,51600,0.746703678001388,1075.253296322,0.835758835758836,401.164241164241,0.702083333333333,674,780,8400,780,0.672449687716863,968.327550312283,0.775467775467775,372.224532224532,0.620833333333333,596,300,480,36540,0.784871616932686,1130.21512838307,0.83991683991684,403.160083160083,0.757291666666667,727,16.8333333333333,27.8118811881188,21.5,43.7364341085271
"2025-09-20 10:00:00|Monitor10.txt|31",31,"2025-09-20 10:00:00|Monitor10.txt",2025-09-20T10:00:00Z,2025-09-26T10:20:00Z,"OK","M","DGRP136","21.5C","Winter","NA","08:12","M10","Batch8_DGRP",0.774678856613818,1115.5375535239,0.790697674418605,379.53488372093,0.766666666666667,736,0,360,47280,0.789729354614851,1137.21027064539,0.750519750519751,360.24948024948,0.809375,777,780,1140,40500,0.80499653018737,1159.19500346981,0.885654885654886,425.114345114345,0.764583333333333,734,480,2220,38700,0.765440666204025,1102.2345593338,0.750519750519751,360.24948024948,0.772916666666667,742,180,23700,180,0.780013879250521,1123.21998612075,0.841995841995842,404.158004158004,0.748958333333333,719,540,900,39660,0.749479528105482,1079.25052047189,0.798336798336798,383.201663201663,0.725,696,60,300,36540,0.755725190839695,1088.24427480916,0.708939708939709,340.29106029106,0.779166666666667,748,13.8333333333333,37.5301204819277,15.3333333333333,58.9130434782609
"2025-09-20 10:00:00|Monitor11.txt|01",1,"2025-09-20 10:00:00|Monitor11.txt",2025-09-20T10:00:00Z,2025-09-26T10:20:00Z,"OK","M","DGRP502","21.5C","Winter","NA","08:12","M11","Batch8_DGRP",0.48131003356093,693.08644832774,0.471017007983339,226.088163832003,0.486458333333333,467,0,720,46560,0.439972241498959,633.560027758501,0.436590436590437,209.56340956341,0.441666666666667,424,480,300,42960,0.471200555170021,678.52879944483,0.449064449064449,215.550935550936,0.482291666666667,463,480,480,42060,0.555863983344899,800.444136016655,0.681912681912682,327.318087318087,0.492708333333333,473,1080,600,40320,0.465648854961832,670.534351145038,0.444906444906445,213.555093555094,0.476041666666667,457,780,1860,46980,0.465648854961832,670.534351145038,0.403326403326403,193.596673596674,0.496875,477,420,2700,38940,0.488549618320611,703.511450381679,0.407484407484407,195.592515592516,0.529166666666667,508,20.5,25.3089430894309,11.8333333333333,76.9295774647887
"2025-09-20 10:00:00|Monitor11.txt|02",2,"2025-09-20 10:00:00|Monitor11.txt",2025-09-20T10:00:00Z,2025-09-26T10:20:00Z,"OK","M","DGRP502","21.5C","Winter","NA","08:12","M11","Batch8_DGRP",0.653280870269645,940.724453188288,0.708087469628601,339.881985421729,0.625868055555556,600.833333333333,2640,300,54480,0.484385843164469,697.515614156836,0.511434511434512,245.488565488566,0.470833333333333,452,3300,540,60180,0.527411519777932,759.472588480222,0.592515592515593,284.407484407484,0.494791666666667,475,840,1080,13680,0.55794587092297,803.442054129077,0.659043659043659,316.340956340956,0.507291666666667,487,1020,2640,39000,0.736988202637058,1061.26301179736,0.742203742203742,356.257796257796,0.734375,705,780,1560,11340,0.819569743233865,1180.18043025677,0.862785862785863,414.137214137214,0.797916666666667,766,840,480,40020,0.791811242192922,1140.20818875781,0.875259875259875,420.12474012474,0.75,720,18.8333333333333,24.0973451327434,20.6666666666667,46.3790322580645
"2025-09-20 10:00:00|Monitor11.txt|03",3,"2025-09-20 10:00:00|Monitor11.txt",2025-09-20T10:00:00Z,2025-09-26T10:20:00Z,"OK","M","DGRP502","21.5C","Winter","NA","08:12","M11","Batch8_DGRP",0.4331674574702,623.761138757088,0.382506074279764,183.602915654287,0.458506944444445,440.166666666667,0,360,48300,0.509368494101319,733.490631505899,0.482328482328482,231.517671517672,0.522916666666667,502,900,360,37020,0.54059680777238,778.459403192228,0.638253638253638,306.361746361746,0.491666666666667,472,660,300,43080,0.492019430950729,708.507980569049,0.561330561330561,269.43866943867,0.457291666666667,439,6180,660,39360,0.367800138792505,529.632199861208,0.251559251559252,120.748440748441,0.426041666666667,409,2460,420,37440,0.237335183900069,341.7626648161,0.147609147609148,70.8523908523909,0.282291666666667,271,3060,720,42240,0.451075641915337,649.548924358085,0.212058212058212,101.787941787942,0.570833333333333,548,21.8333333333333,21.3053435114504,28.1666666666667,33.810650887574
"2025-09-20 10:00:00|Monitor11.txt|04",4,"2025-09-20 10:00:00|Monitor11.txt",2025-09-20T10:00:00Z,2025-09-26T10:20:00Z,"OK","M","DGRP502","21.5C","Winter","NA","08:12","M11","Batch8_DGRP",0.483740307834741,696.586043282028,0.298854564387366,143.450190905935,0.576215277777778,553.166666666667,20700,300,80160,0.334489937543373,481.665510062457,0.079002079002079,37.9209979209979,0.4625,444,600,300,44160,0.383067314365024,551.616932685635,0.226611226611227,108.773388773389,0.461458333333333,443,540,300,40860,0.46911866759195,675.530881332408,0.349272349272349,167.650727650728,0.529166666666667,508,840,420,49980,0.542678695350451,781.45732130465,0.384615384615385,184.615384615385,0.621875,597,960,300,38220,0.591950034698126,852.408049965302,0.326403326403326,156.673596673597,0.725,696,60,960,36180,0.580152671755725,835.419847328244,0.426195426195426,204.573804573805,0.657291666666667,631,24.5,19.0340136054422,32.3333333333333,29.3711340206186
"2025-09-20 10:00:00|Monitor11.txt|06",6,"2025-09-20 10:00:00|Monitor11.txt",2025-09-20T10:00:00Z,2025-09-26T10:20:00Z,"OK","M","DGRP502","21.5C","Winter","NA","08:12","M11","Batch8_DGRP",0.123943987964356,178.479342668673,0.186046511627907,89.3023255813954,0.0928819444444444,89.1666666666667,4080,300,23160,0.0721721027064539,103.927827897294,0.0706860706860707,33.9293139293139,0.0729166666666667,70,2520,300,61860,0.112421929215822,161.887578070784,0.178794178794179,85.8212058212058,0.0791666666666667,76,2220,420,53220,0.126995142262318,182.873004857738,0.20997920997921,100.790020790021,0.0854166666666667,82,1080,300,17700,0.0964607911172797,138.903539208883,0.222453222453222,106.777546777547,0.0333333333333333,32,480,540,26580,0.0936849410131853,134.906315058987,0.182952182952183,87.8170478170478,0.0489583333333333,47,420,300,69300,0.241498959056211,347.758501040944,0.24948024948025,119.75051975052,0.2375,228,22,27.6060606060606,15.1666666666667,54.3956043956044
"2025-09-20 10:00:00|Monitor11.txt|08",8,"2025-09-20 10:00:00|Monitor11.txt",2025-09-20T10:00:00Z,2025-09-26T10:20:00Z,"OK","M","DGRP502","21.5C","Winter","NA","08:12","M11","Batch8_DGRP",0.184006480731397,264.969332253212,0.0846928149947935,40.6525511975009,0.233680555555556,224.333333333333,5700,420,64020,0.213740458015267,307.786259541985,0.139293139293139,66.8607068607069,0.251041666666667,241,17760,420,49440,0.183900069396253,264.816099930604,0.0291060291060291,13.970893970894,0.261458333333333,251,13800,300,71580,0.0721721027064539,103.927827897294,0.0415800415800416,19.95841995842,0.0875,84,24960,600,45180,0.0485773768216516,69.9514226231784,0.0353430353430353,16.964656964657,0.0552083333333333,53,12420,300,71160,0.184594031922276,265.815405968078,0.0374220374220374,17.962577962578,0.258333333333333,248,11400,360,46980,0.400416377515614,576.599583622484,0.224532224532225,107.775467775468,0.488541666666667,469,10.5,35.8888888888889,25.6666666666667,41.0714285714286
"2025-09-20 10:00:00|Monitor11.txt|10",10,"2025-09-20 10:00:00|Monitor11.txt",2025-09-20T10:00:00Z,2025-09-26T10:20:00Z,"OK","M","DGRP502","21.5C","Winter","NA","08:12","M11","Batch8_DGRP",0.514523781969679,740.914246036338,0.556404026379729,267.07393266227,0.493576388888889,473.833333333333,420,1680,41940,0.350451075641915,504.649548924358,0.222453222453222,106.777546777547,0.414583333333333,398,120,3180,39600,0.495489243580847,713.504510756419,0.492723492723493,236.507276507277,0.496875,477,600,960,40560,0.581540596807772,837.418459403192,0.627858627858628,301.372141372141,0.558333333333333,536,4380,300,40800,0.528799444829979,761.47120055517,0.621621621621622,298.378378378378,0.482291666666667,463,420,1800,39420,0.560721721027065,807.439278278973,0.69022869022869,331.309771309771,0.495833333333333,476,420,3180,39660,0.569743233865371,820.430256766135,0.681912681912682,327.318087318087,0.513541666666667,493,28.8333333333333,16.0693641618497,28.5,33.5438596491228
"2025-09-20 10:00:00|Monitor11.txt|14",14,"2025-09-20 10:00:00|Monitor11.txt",2025-09-20T10:00:00Z,2025-09-26T10:20:00Z,"OK","M","DGRP502","21.5C","Winter","NA","08:12","M11","Batch8_DGRP",0.646105774794584,930.392315704201,0.501909059354391,240.916348490108,0.718229166666667,689.5,0,300,71700,0.412907702984039,594.587092297016,0.268191268191268,128.731808731809,0.485416666666667,466,1380,480,83520,0.377515614156836,543.622484385843,0.143451143451143,68.8565488565489,0.494791666666667,475,1320,540,47760,0.563497571131159,811.436502428869,0.345114345114345,165.654885654886,0.672916666666667,646,540,420,46860,0.702984038861901,1012.29701596114,0.536382536382536,257.463617463618,0.786458333333333,755,1020,1560,43320,0.9382373351839,1351.06176266482,0.904365904365904,434.095634095634,0.955208333333333,917,840,840,38040,0.880638445523942,1268.11936155448,0.812889812889813,390.18711018711,0.914583333333333,878,28.6666666666667,16.6046511627907,38,24.4736842105263
"2025-09-20 10:00:00|Monitor11.txt|16",16,"2025-09-20 10:00:00|Monitor11.txt",2025-09-20T10:00:00Z,2025-09-26T10:20:00Z,"OK","M","DGRP502","21.5C","Winter","NA","08:12","M11","Batch8_DGRP",0.473903483393126,682.421016086101,0.471711211384936,226.421381464769,0.475,456,1800,540,76080,0.371963913948647,535.628036086051,0.24948024948025,119.75051975052,0.433333333333333,416,1980,660,60600,0.468424705065926,674.531575294934,0.490644490644491,235.509355509356,0.457291666666667,439,480,2220,54120,0.485079805690493,698.51492019431,0.555093555093555,266.444906444906,0.45,432,120,960,71700,0.524635669673838,755.475364330326,0.56964656964657,273.430353430353,0.502083333333333,482,900,960,58860,0.4941013185288,711.505898681471,0.484407484407485,232.515592515593,0.498958333333333,479,420,780,55380,0.498959056210965,718.501040943789,0.48024948024948,230.519750519751,0.508333333333333,488,35.8333333333333,15.3395348837209,30.1666666666667,28.7513812154696
"2025-09-20 10:00:00|Monitor11.txt|18",18,"2025-09-20 10:00:00|Monitor11.txt",2025-09-20T10:00:00Z,2025-09-26T10:20:00Z,"OK","M","DGRP502","21.5C","Winter","NA","08:12","M11","Batch8_DGRP",0.448559194537669,645.925240134244,0.688996876084693,330.718500520653,0.328298611111111,315.166666666667,300,300,49740,0.304649548924358,438.695350451076,0.442827442827443,212.557172557173,0.235416666666667,226,540,600,58620,0.394170714781402,567.605829285219,0.767151767151767,368.232848232848,0.207291666666667,199,600,480,22740,0.311589174184594,448.688410825815,0.721413721413721,346.278586278586,0.10625,102,660,300,72660,0.414295628036086,596.585704371964,0.665280665280665,319.334719334719,0.288541666666667,277,540,900,51420,0.59264399722415,853.407356002776,0.719334719334719,345.280665280665,0.529166666666667,508,420,360,41880,0.672449687716863,968.327550312283,0.810810810810811,389.189189189189,0.603125,579,38.6666666666667,11.4310344827586,29.8333333333333,31.8435754189944
"2025-09-20 10:00:00|Monitor11.txt|19",19,"2025-09-20 10:00:00|Monitor11.txt",2025-09-20T10:00:00Z,2025-09-26T10:20:00Z,"OK","M","DGRP502","21.5C","Winter","NA","08:12","M11","Batch8_DGRP",0.817266520078695,1176.86378891332,0.633113502256161,303.894481082957,0.909375,873,4200,4200,41820,0.715475364330326,1030.28452463567,0.465696465696466,223.534303534304,0.840625,807,2100,540,52560,0.842470506592644,1213.15752949341,0.683991683991684,328.316008316008,0.921875,885,1080,360,37260,0.879250520471895,1266.12074947953,0.744282744282744,357.255717255717,0.946875,909,1200,480,38400,0.811936155447606,1169.18806384455,0.604989604989605,290.39501039501,0.915625,879,1020,2460,41400,0.823733518390007,1186.17626648161,0.652806652806653,313.347193347193,0.909375,873,1680,2280,52860,0.831367106176267,1197.16863289382,0.650727650727651,312.349272349272,0.921875,885,15.8333333333333,31.2736842105263,20.8333333333333,44.792
"2025-09-20 10:00:00|Monitor11.txt|23",23,"2025-09-20 10:00:00|Monitor11.txt",2025-09-20T10:00:00Z,2025-09-26T10:20:00Z,"OK","M","DGRP502","21.5C","Winter","NA","08:12","M11","Batch8_DGRP",0.656289781275315,945.057285036454,0.657063519611246,315.390489413398,0.655902777777778,629.666666666667,0,360,50160,0.492019430950729,708.507980569049,0.453222453222453,217.546777546778,0.511458333333333,491,5340,360,72000,0.639833448993754,921.360166551006,0.733887733887734,352.266112266112,0.592708333333333,569,960,960,37140,0.693268563497571,998.306731436502,0.733887733887734,352.266112266112,0.672916666666667,646,5820,11280,40020,0.757113115891742,1090.24288688411,0.773388773388773,371.226611226611,0.748958333333333,719,660,420,38820,0.600277585010409,864.39972241499,0.507276507276507,243.492723492724,0.646875,621,1320,1740,50520,0.755725190839695,1088.24427480916,0.742203742203742,356.257796257796,0.7625,732,27.8333333333333,17.3293413173653,21.5,43.6434108527132
"2025-09-20 10:00:00|Monitor11.txt|24",24,"2025-09-20 10:00:00|Monitor11.txt",2025-09-20T10:00:00Z,2025-09-26T10:20:00Z,"OK","M","DGRP502","21.5C","Winter","NA","08:12","M11","Batch8_DGRP",0.662539057979401,954.056243490337,0.540090246442208,259.24331829226,0.723784722222222,694.833333333333,1140,300,39780,0.596807772380292,859.40319222762,0.478170478170478,229.52182952183,0.65625,630,1020,1200,36300,0.603053435114504,868.396946564886,0.424116424116424,203.575883575884,0.692708333333333,665,540,360,47700,0.636363636363636,916.363636363636,0.532224532224532,255.467775467776,0.688541666666667,661,60,900,30900,0.766828591256072,1104.23317140874,0.659043659043659,316.340956340956,0.820833333333333,788,540,1440,38520,0.698126301179736,1005.30187369882,0.553014553014553,265.446985446986,0.770833333333333,740,1500,600,37800,0.674531575294934,971.325468424705,0.596673596673597,286.403326403326,0.713541666666667,685,31,14.9086021505376,16.6666666666667,56.79
"2025-09-20 10:00:00|Monitor11.txt|25",25,"2025-09-20 10:00:00|Monitor11.txt",2025-09-20T10:00:00Z,2025-09-26T10:20:00Z,"OK","M","DGRP502","21.5C","Winter","NA","08:12","M11","Batch8_DGRP",0.62805230876056,904.395324615207,0.514404720583131,246.914265879903,0.684895833333333,657.5,300,300,72420,0.519083969465649,747.480916030534,0.32016632016632,153.679833679834,0.61875,594,300,1200,40320,0.601665510062457,866.398334489938,0.617463617463617,296.382536382536,0.59375,570,420,600,43380,0.652324774462179,939.347675225538,0.588357588357588,282.411642411642,0.684375,657,420,480,40260,0.600971547536433,865.399028452464,0.453222453222453,217.546777546778,0.675,648,420,540,71220,0.671061762664816,966.328938237335,0.509355509355509,244.490644490645,0.752083333333333,722,120,540,71820,0.722414989590562,1040.27758501041,0.596673596673597,286.403326403326,0.785416666666667,754,33.3333333333333,13.95,39.6666666666667,23.5378151260504
"2025-09-20 10:00:00|Monitor11.txt|29",29,"2025-09-20 10:00:00|Monitor11.txt",2025-09-20T10:00:00Z,2025-09-26T10:20:00Z,"OK","M","DGRP502","21.5C","Winter","NA","08:12","M11","Batch8_DGRP",0.51868996643907,746.91355167226,0.574800416522041,275.90419993058,0.490625,471,420,780,41760,0.349063150589868,502.65093684941,0.422037422037422,202.577962577963,0.3125,300,420,660,42660,0.412907702984039,594.587092297016,0.550935550935551,264.449064449064,0.34375,330,360,1740,41580,0.551700208188758,794.448299791811,0.652806652806653,313.347193347193,0.501041666666667,481,420,300,41640,0.622484385843165,896.377515614157,0.66943866943867,321.330561330561,0.598958333333333,575,420,480,37920,0.546842470506593,787.453157529494,0.596673596673597,286.403326403326,0.521875,501,180,1140,34800,0.62734212352533,903.372657876475,0.550935550935551,264.449064449064,0.665625,639,30.8333333333333,14.9297297297297,20.5,46.6747967479675
"2025-09-20 10:00:00|Monitor12.txt|01",1,"2025-09-20 10:00:00|Monitor12.txt",2025-09-20T10:00:00Z,2025-09-26T10:20:00Z,"OK","M","DGRP513","21.5C","Winter","NA","08:12","M12","Batch8_DGRP",0.688230528873973,991.051961578521,0.574453314821243,275.737591114196,0.745138888888889,715.333333333333,0,360,48600,0.463566967383761,667.536433032616,0.239085239085239,114.760914760915,0.576041666666667,553,12600,540,46380,0.600971547536433,865.399028452464,0.428274428274428,205.571725571726,0.6875,660,12600,480,41220,0.732824427480916,1055.26717557252,0.53014553014553,254.469854469854,0.834375,801,6240,300,45660,0.728660652324775,1049.27133934768,0.632016632016632,303.367983367983,0.777083333333333,746,120,720,38040,0.780013879250521,1123.21998612075,0.652806652806653,313.347193347193,0.84375,810,540,1020,42660,0.823039555863984,1185.17696044414,0.964656964656965,463.035343035343,0.752083333333333,722,10.8333333333333,41.1846153846154,14.5,67.1034482758621
"2025-09-20 10:00:00|Monitor12.txt|02",2,"2025-09-20 10:00:00|Monitor12.txt",2025-09-20T10:00:00Z,2025-09-26T10:20:00Z,"OK","M","DGRP513","21.5C","Winter","NA","08:12","M12","Batch8_DGRP",0.252285615090846,363.291285730818,0.146129816036099,70.1423116973273,0.305381944444444,293.166666666667,16380,540,60000,0.0936849410131853,134.906315058987,0.0415800415800416,19.95841995842,0.119791666666667,115,660,300,54180,0.231089521165857,332.768910478834,0.0602910602910603,28.9397089397089,0.316666666666667,304,3120,360,55500,0.210964607911173,303.789035392089,0.101871101871102,48.8981288981289,0.265625,255,2160,360,49320,0.412213740458015,593.587786259542,0.185031185031185,88.8149688149688,0.526041666666667,505,4560,360,46740,0.311589174184594,448.688410825815,0.191268191268191,91.8087318087318,0.371875,357,1740,420,22800,0.253990284524636,365.746009715475,0.297297297297297,142.702702702703,0.232291666666667,223,16.1666666666667,33.298969072165,43.1666666666667,20.4015444015444
"2025-09-20 10:00:00|Monitor12.txt|03",3,"2025-09-20 10:00:00|Monitor12.txt",2025-09-20T10:00:00Z,2025-09-26T10:20:00Z,"OK","M","DGRP513","21.5C","Winter","NA","08:12","M12","Batch8_DGRP",0.516838328897118,744.247193611851,0.416522040958001,199.93057965984,0.567013888888889,544.333333333333,840,300,47820,0.506592643997224,729.493407356003,0.536382536382536,257.463617463618,0.491666666666667,472,5160,360,42060,0.535045107564192,770.464954892436,0.540540540540541,259.459459459459,0.532291666666667,511,600,600,38460,0.515614156835531,742.484385843165,0.328482328482329,157.671517671518,0.609375,585,4860,300,43140,0.498265093684941,717.501734906315,0.332640332640333,159.66735966736,0.58125,558,2460,300,42900,0.469812630117974,676.530187369882,0.380457380457381,182.619542619543,0.514583333333333,494,8580,300,40740,0.573907009021513,826.426092990979,0.376299376299376,180.623700623701,0.672916666666667,646,30.1666666666667,14.5469613259669,24.6666666666667,39.4594594594595
"2025-09-20 10:00:00|Monitor12.txt|04",4,"2025-09-20 10:00:00|Monitor12.txt",2025-09-20T10:00:00Z,2025-09-26T10:20:00Z,"OK","M","DGRP513","21.5C","Winter","NA","08:12","M12","Batch8_DGRP",0.360259229255873,518.773290128457,0.344324887191947,165.275945852135,0.368229166666667,353.5,14700,420,17880,0.147120055517002,211.852879944483,0.193347193347193,92.8066528066528,0.123958333333333,119,6720,360,78660,0.354614850798057,510.645385149202,0.30977130977131,148.690228690229,0.377083333333333,362,8700,300,46560,0.374045801526718,538.625954198473,0.266112266112266,127.733887733888,0.428125,411,4080,300,38760,0.391394864677307,563.608605135323,0.461538461538462,221.538461538462,0.35625,342,7320,360,18600,0.506592643997224,729.493407356003,0.451143451143451,216.548856548857,0.534375,513,420,420,42300,0.388619014573213,559.611380985427,0.386694386694387,185.613305613306,0.389583333333333,374,21.3333333333333,25.765625,36,24.0694444444444
"2025-09-20 10:00:00|Monitor12.txt|05",5,"2025-09-20 10:00:00|Monitor12.txt",2025-09-20T10:00:00Z,2025-09-26T10:20:00Z,"OK","M","DGRP513","21.5C","Winter","NA","08:12","M12","Batch8_DGRP",0.510820506885777,735.581529915519,0.447414092329052,214.758764317945,0.542534722222222,520.833333333333,13620,300,48660,0.456627342123525,657.543372657877,0.195426195426195,93.8045738045738,0.5875,564,3600,300,20820,0.551700208188758,794.448299791811,0.567567567567568,272.432432432432,0.54375,522,0,420,47880,0.480222068008328,691.519777931992,0.478170478170478,229.52182952183,0.48125,462,420,360,41700,0.580846634281749,836.419153365718,0.503118503118503,241.496881496882,0.619791666666667,595,480,900,42240,0.527411519777932,759.472588480222,0.484407484407485,232.515592515593,0.548958333333333,527,360,420,46920,0.467730742539903,673.53226925746,0.455301455301455,218.544698544699,0.473958333333333,455,31.3333333333333,14.5,63.5,14.6929133858268
"2025-09-20 10:00:00|Monitor12.txt|06",6,"2025-09-20 10:00:00|Monitor12.txt",2025-09-20T10:00:00Z,2025-09-26T10:20:00Z,"OK","M","DGRP513","21.5C","Winter","NA","08:12","M12","Batch8_DGRP",0.474597847471357,683.420900358755,0.360985768830267,173.273169038528,0.531423611111111,510.166666666667,9420,480,51480,0.376127689104788,541.623872310895,0.363825363825364,174.636174636175,0.382291666666667,367,5460,540,49380,0.480916030534351,692.519083969466,0.453222453222453,217.546777546778,0.494791666666667,475,7800,540,9960,0.443442054129077,638.556557945871,0.407484407484407,195.592515592516,0.461458333333333,443,5340,480,50280,0.574600971547536,827.425399028452,0.426195426195426,204.573804573805,0.648958333333333,623,6420,1200,60300,0.493407356002776,710.506592643997,0.286902286902287,137.713097713098,0.596875,573,60,360,43620,0.478140180430257,688.52185981957,0.226611226611227,108.773388773389,0.604166666666667,580,21.5,19.9302325581395,54,17.8796296296296
"2025-09-20 10:00:00|Monitor12.txt|07",7,"2025-09-20 10:00:00|Monitor12.txt",2025-09-20T10:00:00Z,2025-09-26T10:20:00Z,"OK","M","DGRP513","21.5C","Winter","NA","08:12","M12","Batch8_DGRP",0.523897697025807,754.412683717162,0.638667129468935,306.560222145089,0.466493055555556,447.833333333333,660,300,19980,0.385843164469119,555.614156835531,0.492723492723493,236.507276507277,0.332291666666667,319,300,300,11100,0.377515614156836,543.622484385843,0.656964656964657,315.343035343035,0.2375,228,1800,960,47160,0.480222068008328,691.519777931992,0.58004158004158,278.419958419958,0.430208333333333,413,420,420,15240,0.684247050659264,985.315752949341,0.777546777546778,373.222453222453,0.6375,612,300,300,38100,0.614850798056905,885.385149201943,0.646569646569647,310.35343035343,0.598958333333333,575,360,360,43980,0.600971547536433,865.399028452464,0.677754677754678,325.322245322245,0.5625,540,30.6666666666667,15.0869565217391,48.3333333333333,19.3413793103448
"2025-09-20 10:00:00|Monitor12.txt|08",8,"2025-09-20 10:00:00|Monitor12.txt",2025-09-20T10:00:00Z,2025-09-26T10:20:00Z,"OK","M","DGRP513","21.5C","Winter","NA","08:12","M12","Batch8_DGRP",0.338849670177063,487.943525054971,0.302672683096147,145.282887886151,0.356944444444444,342.666666666667,5340,360,43260,0.344899375433727,496.655100624566,0.305613305613306,146.694386694387,0.364583333333333,350,5760,1080,49380,0.323386537126995,465.676613462873,0.353430353430353,169.64656964657,0.308333333333333,296,1680,840,42420,0.31089521165857,447.689104788341,0.330561330561331,158.669438669439,0.301041666666667,289,5520,300,43440,0.40735600277585,586.592643997224,0.361746361746362,173.638253638254,0.430208333333333,413,1680,300,41700,0.252602359472589,363.747397640527,0.158004158004158,75.8419958419959,0.3,288,4560,2400,39600,0.393476752255378,566.606523247745,0.305613305613306,146.694386694387,0.4375,420,20,24.45,39.6666666666667,23.5042016806723
"2025-09-20 10:00:00|Monitor12.txt|09",9,"2025-09-20 10:00:00|Monitor12.txt",2025-09-20T10:00:00Z,2025-09-26T10:20:00Z,"OK","M","DGRP513","21.5C","Winter","NA","08:12","M12","Batch8_DGRP",0.696678625159125,1003.21722022914,0.76883026726831,369.038528288789,0.660590277777778,634.166666666667,1260,360,19320,0.515614156835531,742.484385843165,0.532224532224532,255.467775467776,0.507291666666667,487,3840,360,58020,0.682165163081194,982.317834836919,0.727650727650728,349.272349272349,0.659375,633,900,1020,9060,0.727966689798751,1048.2720333102,0.802494802494803,385.197505197505,0.690625,663,60,3000,46020,0.709923664122137,1022.29007633588,0.837837837837838,402.162162162162,0.645833333333333,620,480,720,9420,0.766828591256072,1104.23317140874,0.88981288981289,427.110187110187,0.705208333333333,677,480,300,13140,0.776544066620403,1118.22345593338,0.819126819126819,393.180873180873,0.755208333333333,725,22.5,20.3851851851852,74.6666666666667,12.1607142857143
"2025-09-20 10:00:00|Monitor12.txt|13",13,"2025-09-20 10:00:00|Monitor12.txt",2025-09-20T10:00:00Z,2025-09-26T10:20:00Z,"OK","M","DGRP513","21.5C","Winter","NA","08:12","M12","Batch8_DGRP",0.483161671102882,695.75280638815,0.487677889621659,234.085387018396,0.480902777777778,461.666666666667,12840,360,24000,0.238723108952117,343.761276891048,0.222453222453222,106.777546777547,0.246875,237,0,720,25740,0.480916030534351,692.519083969466,0.422037422037422,202.577962577963,0.510416666666667,490,5100,300,45780,0.517696044413602,745.482303955586,0.521829521829522,250.47817047817,0.515625,495,900,480,13980,0.634975711311589,914.365024288688,0.708939708939709,340.29106029106,0.597916666666667,574,1260,300,7560,0.478140180430257,688.52185981957,0.405405405405405,194.594594594595,0.514583333333333,494,480,540,10320,0.548924358084664,790.451075641915,0.646569646569647,310.35343035343,0.5,480,14.8333333333333,32.2584269662921,60.8333333333333,15.2904109589041
"2025-09-20 10:00:00|Monitor12.txt|17",17,"2025-09-20 10:00:00|Monitor12.txt",2025-09-20T10:00:00Z,2025-09-26T10:20:00Z,"OK","M","DGRP513","21.5C","Winter","NA","08:12","M12","Batch8_DGRP",0.249855340817035,359.791690776531,0.204790003471017,98.2992016660882,0.272395833333333,261.5,7740,480,16860,0.194309507286607,279.805690492713,0.311850311850312,149.68814968815,0.135416666666667,130,6360,300,21060,0.238029146426093,342.761970853574,0.216216216216216,103.783783783784,0.248958333333333,239,3600,300,48840,0.253990284524636,365.746009715475,0.143451143451143,68.8565488565489,0.309375,297,1440,300,70260,0.160999306037474,231.839000693963,0.0977130977130977,46.9022869022869,0.192708333333333,185,3720,540,47820,0.371963913948647,535.628036086051,0.230769230769231,110.769230769231,0.442708333333333,425,4260,660,15720,0.280360860513532,403.719639139486,0.230769230769231,110.769230769231,0.305208333333333,293,18.1666666666667,25.4862385321101,45.3333333333333,21.1360294117647
"2025-09-20 10:00:00|Monitor12.txt|20",20,"2025-09-20 10:00:00|Monitor12.txt",2025-09-20T10:00:00Z,2025-09-26T10:20:00Z,"OK","M","DGRP513","21.5C","Winter","NA","08:12","M12","Batch8_DGRP",0.319291748640204,459.780118041893,0.499479347448803,239.750086775425,0.229166666666667,220,17820,300,23160,0.0367800138792505,52.9632199861208,0.0893970893970894,42.9106029106029,0.0104166666666667,10,7380,360,20820,0.154753643303262,222.845246356697,0.388773388773389,186.611226611227,0.0375,36,2820,2160,23280,0.366412213740458,527.63358778626,0.613305613305613,294.386694386694,0.242708333333333,233,60,300,11820,0.405968077723803,584.594031922276,0.609147609147609,292.390852390852,0.304166666666667,292,2700,360,9960,0.440666204024983,634.559333795975,0.588357588357588,282.411642411642,0.366666666666667,352,3420,5280,71460,0.510756419153366,735.489243580847,0.704781704781705,338.295218295218,0.413541666666667,397,17.6666666666667,34.8867924528302,27.6666666666667,28.9518072289157
"2025-09-20 10:00:00|Monitor12.txt|24",24,"2025-09-20 10:00:00|Monitor12.txt",2025-09-20T10:00:00Z,2025-09-26T10:20:00Z,"OK","M","DGRP513","21.5C","Winter","NA","08:12","M12","Batch8_DGRP",0.14141881726652,203.643096863789,0.216938562998959,104.1305102395,0.103645833333333,99.5,11220,780,21780,0.102012491325468,146.897987508675,0.239085239085239,114.760914760915,0.0333333333333333,32,1020,420,24540,0.193615544760583,278.806384455239,0.41995841995842,201.580041580042,0.0802083333333333,77,7440,480,13080,0.147120055517002,211.852879944483,0.189189189189189,90.8108108108108,0.126041666666667,121,5580,300,16200,0.149895905621096,215.850104094379,0.201663201663202,96.7983367983368,0.123958333333333,119,10020,300,21480,0.147120055517002,211.852879944483,0.158004158004158,75.8419958419959,0.141666666666667,136,13560,300,21000,0.108258154059681,155.89174184594,0.0914760914760915,43.9085239085239,0.116666666666667,112,18.6666666666667,36.3571428571429,23.5,31.9645390070922
"2025-09-20 10:00:00|Monitor12.txt|25",25,"2025-09-20 10:00:00|Monitor12.txt",2025-09-20T10:00:00Z,2025-09-26T10:20:00Z,"OK","M","DGRP513","21.5C","Winter","NA","08:12","M12","Batch8_DGRP",0.547506075685685,788.408748987386,0.783755640402638,376.202707393266,0.429340277777778,412.166666666667,420,1080,21840,0.234559333795975,337.765440666204,0.405405405405405,194.594594594595,0.148958333333333,143,360,720,5460,0.421235253296322,606.578764746704,0.667359667359667,320.33264033264,0.297916666666667,286,420,9000,420,0.660652324774462,951.339347675226,0.885654885654886,425.114345114345,0.547916666666667,526,420,960,1440,0.490631505898682,706.509368494101,0.871101871101871,418.128898128898,0.3,288,480,3600,6180,0.685634975711312,987.314365024289,0.943866943866944,453.056133056133,0.55625,534,720,8640,720,0.790423317140875,1138.20957668286,0.920997920997921,442.079002079002,0.725,696,18.5,25.4774774774775,57.1666666666667,15.9620991253644
"2025-09-20 10:00:00|Monitor12.txt|27",27,"2025-09-20 10:00:00|Monitor12.txt",2025-09-20T10:00:00Z,2025-09-26T10:20:00Z,"OK","M","DGRP513","21.5C","Winter","NA","08:12","M12","Batch8_DGRP",0.384793426686726,554.102534428886,0.441166261714682,211.759805623048,0.356597222222222,342.333333333333,6480,420,59760,0.153365718251214,220.846634281749,0.214137214137214,102.785862785863,0.122916666666667,118,3840,360,15480,0.299097848716169,430.700902151284,0.426195426195426,204.573804573805,0.235416666666667,226,2040,1140,51720,0.307425399028452,442.692574600972,0.422037422037422,202.577962577963,0.25,240,180,480,41280,0.509368494101319,733.490631505899,0.561330561330561,269.43866943867,0.483333333333333,464,0,360,17760,0.475364330326162,684.524635669674,0.48024948024948,230.519750519751,0.472916666666667,454,0,660,13740,0.564191533657183,812.435808466343,0.542619542619543,260.45738045738,0.575,552,20.1666666666667,26.7355371900826,29.1666666666667,30.1657142857143
"2025-09-20 10:00:00|Monitor13.txt|01",1,"2025-09-20 10:00:00|Monitor13.txt",2025-09-20T10:00:00Z,2025-09-26T10:20:00Z,"OK","M","DGRP832","21.5C","Winter","NA","08:12","M13","Batch8_DGRP",0.443351463950932,638.426108089342,0.15411315515446,73.9743144741409,0.588020833333333,564.5,10860,360,41940,0.557251908396947,802.442748091603,0.299376299376299,143.700623700624,0.686458333333333,659,10260,360,22080,0.463566967383761,667.536433032616,0.1995841995842,95.8004158004158,0.595833333333333,572,4320,360,61200,0.415683553088133,598.584316446912,0.0498960498960499,23.950103950104,0.598958333333333,575,12060,420,16020,0.426786953504511,614.573213046495,0.201663201663202,96.7983367983368,0.539583333333333,518,15720,540,53220,0.383067314365024,551.616932685635,0.0436590436590437,20.956340956341,0.553125,531,15480,540,38580,0.413601665510062,595.58639833449,0.133056133056133,63.8669438669439,0.554166666666667,532,9.16666666666667,44.0181818181818,50.1666666666667,19.9302325581395
"2025-09-20 10:00:00|Monitor13.txt|04",4,"2025-09-20 10:00:00|Monitor13.txt",2025-09-20T10:00:00Z,2025-09-26T10:20:00Z,"OK","M","DGRP832","21.5C","Winter","NA","08:12","M13","Batch8_DGRP",0.210855225089689,303.631524129152,0.236376258243665,113.460603956959,0.198090277777778,190.166666666667,5820,5520,5820,0.393476752255378,566.606523247745,0.45945945945946,220.540540540541,0.360416666666667,346,7260,780,41940,0.229007633587786,329.770992366412,0.330561330561331,158.669438669439,0.178125,171,6300,300,40500,0.135322692574601,194.864677307425,0.164241164241164,78.8357588357588,0.120833333333333,116,420,300,59280,0.129770992366412,186.870229007634,0.124740124740125,59.8752598752599,0.132291666666667,127,7080,360,32880,0.188757807078418,271.811242192922,0.218295218295218,104.781704781705,0.173958333333333,167,6840,360,36420,0.188063844552394,270.811936155448,0.118503118503119,56.8814968814969,0.222916666666667,214,15.6666666666667,30.6276595744681,28.6666666666667,33.1802325581395
"2025-09-20 10:00:00|Monitor13.txt|05",5,"2025-09-20 10:00:00|Monitor13.txt",2025-09-20T10:00:00Z,2025-09-26T10:20:00Z,"OK","M","DGRP832","21.5C","Winter","NA","08:12","M13","Batch8_DGRP",0.610114570072908,878.564980904988,0.688996876084693,330.718500520653,0.570659722222222,547.833333333333,5220,2100,13020,0.524635669673838,755.475364330326,0.457380457380458,219.54261954262,0.558333333333333,536,1620,360,35880,0.54059680777238,778.459403192228,0.652806652806653,313.347193347193,0.484375,465,3180,4020,34680,0.589868147120056,849.41013185288,0.632016632016632,303.367983367983,0.56875,546,480,300,42300,0.702984038861901,1012.29701596114,0.825363825363825,396.174636174636,0.641666666666667,616,240,300,38460,0.645385149201943,929.354614850798,0.742203742203742,356.257796257796,0.596875,573,2640,2040,49620,0.657182512144344,946.342817487856,0.823284823284823,395.176715176715,0.573958333333333,551,13.1666666666667,35.6582278481013,22.6666666666667,42.1838235294118
"2025-09-20 10:00:00|Monitor13.txt|06",6,"2025-09-20 10:00:00|Monitor13.txt",2025-09-20T10:00:00Z,2025-09-26T10:20:00Z,"OK","M","DGRP832","21.5C","Winter","NA","08:12","M13","Batch8_DGRP",0.28399490799676,408.952667515334,0.316556751128081,151.947240541479,0.267708333333333,257,11040,840,40560,0.322692574600972,464.677307425399,0.282744282744283,135.717255717256,0.342708333333333,329,4860,780,20040,0.308119361554476,443.691880638446,0.376299376299376,180.623700623701,0.273958333333333,263,180,360,52440,0.270645385149202,389.729354614851,0.343035343035343,164.656964656965,0.234375,225,7200,300,8520,0.218598195697432,314.781401804303,0.278586278586279,133.721413721414,0.188541666666667,181,300,300,35520,0.255378209576683,367.744621790423,0.334719334719335,160.665280665281,0.215625,207,12120,420,39060,0.327550312283137,471.672449687717,0.280665280665281,134.719334719335,0.351041666666667,337,16,27.0416666666667,31.1666666666667,31.7593582887701
"2025-09-20 10:00:00|Monitor13.txt|08",8,"2025-09-20 10:00:00|Monitor13.txt",2025-09-20T10:00:00Z,2025-09-26T10:20:00Z,"OK","M","DGRP832","21.5C","Winter","NA","08:12","M13","Batch8_DGRP",0.0985996991088994,141.983566716815,0.12703922249219,60.9788267962513,0.084375,81,2940,900,9960,0.272033310201249,391.727966689799,0.351351351351351,168.648648648649,0.232291666666667,223,2700,480,21660,0.151283830673144,217.848716169327,0.234927234927235,112.765072765073,0.109375,105,480,360,10980,0.0888272033310201,127.911172796669,0.141372141372141,67.8586278586279,0.0625,60,9780,360,53520,0.0242886884108258,34.9757113115892,0.0124740124740125,5.98752598752599,0.0302083333333333,29,14220,300,56940,0.0145732130464955,20.9854267869535,0.0103950103950104,4.98960498960499,0.0166666666666667,16,15660,300,54120,0.0402498265093685,57.9597501734906,0.0103950103950104,4.98960498960499,0.0552083333333333,53,8.16666666666667,57.1836734693878,15.5,62.5913978494624
"2025-09-20 10:00:00|Monitor13.txt|09",9,"2025-09-20 10:00:00|Monitor13.txt",2025-09-20T10:00:00Z,2025-09-26T10:20:00Z,"OK","M","DGRP832","21.5C","Winter","NA","08:12","M13","Batch8_DGRP",0.280870269644717,404.453188288393,0.293648038875391,140.951058660187,0.274479166666667,263.5,960,2160,40380,0.347675225537821,500.652324774462,0.226611226611227,108.773388773389,0.408333333333333,392,6120,300,39000,0.271339347675226,390.728660652325,0.162162162162162,77.8378378378378,0.326041666666667,313,360,300,57840,0.376821651630812,542.623178348369,0.345114345114345,165.654885654886,0.392708333333333,377,420,360,51000,0.253990284524636,365.746009715475,0.382536382536383,183.617463617464,0.189583333333333,182,3600,1620,39480,0.232477446217904,334.767522553782,0.274428274428274,131.725571725572,0.211458333333333,203,1020,300,13260,0.201943095072866,290.798056904927,0.367983367983368,176.632016632017,0.11875,114,18.5,27.2612612612613,35,26.2
"2025-09-20 10:00:00|Monitor13.txt|10",10,"2025-09-20 10:00:00|Monitor13.txt",2025-09-20T10:00:00Z,2025-09-26T10:20:00Z,"OK","M","DGRP832","21.5C","Winter","NA","08:12","M13","Batch8_DGRP",0.163638467769934,235.639393588705,0.0909406456091635,43.6515098923985,0.2,192,18180,1860,18180,0.162387231089521,233.837612768911,0.0935550935550936,44.9064449064449,0.196875,189,11820,1020,48000,0.133934767522554,192.866065232477,0.0810810810810811,38.9189189189189,0.160416666666667,154,11880,840,55260,0.145038167938931,208.854961832061,0.0706860706860707,33.9293139293139,0.182291666666667,175,6120,300,52200,0.120749479528105,173.879250520472,0.0810810810810811,38.9189189189189,0.140625,135,2820,360,44940,0.139486467730743,200.860513532269,0.0852390852390852,40.9147609147609,0.166666666666667,160,15120,360,52980,0.280360860513532,403.719639139486,0.135135135135135,64.8648648648649,0.353125,339,9.33333333333333,55,27.8333333333333,32.8443113772455
"2025-09-20 10:00:00|Monitor13.txt|11",11,"2025-09-20 10:00:00|Monitor13.txt",2025-09-20T10:00:00Z,2025-09-26T10:20:00Z,"OK","M","DGRP832","21.5C","Winter","NA","08:12","M13","Batch8_DGRP",0.476565212359681,686.25390579794,0.324540090246442,155.779243318292,0.552604166666667,530.5,0,360,37080,0.643303261623872,926.356696738376,0.575883575883576,276.424116424116,0.677083333333333,650,2220,300,57420,0.378209576682859,544.621790423317,0.328482328482329,157.671517671518,0.403125,387,3600,600,56040,0.38792505204719,558.612074947953,0.207900207900208,99.7920997920998,0.478125,459,1560,300,48540,0.523247744621791,753.476752255378,0.345114345114345,165.654885654886,0.6125,588,960,360,46800,0.487855655794587,702.512144344206,0.349272349272349,167.650727650728,0.557291666666667,535,0,360,42060,0.438584316446912,631.561415683553,0.141372141372141,67.8586278586279,0.5875,564,20.1666666666667,23.3223140495868,37.3333333333333,25.375
"2025-09-20 10:00:00|Monitor13.txt|13",13,"2025-09-20 10:00:00|Monitor13.txt",2025-09-20T10:00:00Z,2025-09-26T10:20:00Z,"OK","M","DGRP832","21.5C","Winter","NA","08:12","M13","Batch8_DGRP",0.612776299039463,882.397870616827,0.473099618188129,227.087816730302,0.682638888888889,655.333333333333,0,360,38520,0.520471894517696,749.479528105482,0.363825363825364,174.636174636175,0.598958333333333,575,420,780,31620,0.615544760582929,886.384455239417,0.509355509355509,244.490644490645,0.66875,642,2340,480,54780,0.529493407356003,762.470506592644,0.297297297297297,142.702702702703,0.645833333333333,620,720,360,32100,0.621790423317141,895.378209576683,0.457380457380458,219.54261954262,0.704166666666667,676,1020,360,51720,0.692574600971548,997.307425399029,0.56964656964657,273.430353430353,0.754166666666667,724,720,1440,30000,0.696044413601666,1002.3039555864,0.64033264033264,307.359667359667,0.723958333333333,695,26.3333333333333,18.0379746835443,37.5,24.7688888888889
"2025-09-20 10:00:00|Monitor13.txt|14",14,"2025-09-20 10:00:00|Monitor13.txt",2025-09-20T10:00:00Z,2025-09-26T10:20:00Z,"OK","M","DGRP832","21.5C","Winter","NA","08:12","M13","Batch8_DGRP",0.446707556995718,643.258882073834,0.288094411662617,138.285317598056,0.526041666666667,505,0,780,29880,0.624566273421235,899.375433726579,0.582120582120582,279.417879417879,0.645833333333333,620,1620,300,33720,0.448299791811242,645.551700208189,0.363825363825364,174.636174636175,0.490625,471,600,960,29520,0.3088133240805,444.69118667592,0.122661122661123,58.8773388773389,0.402083333333333,386,4020,600,38040,0.3705759888966,533.629424011104,0.207900207900208,99.7920997920998,0.452083333333333,434,8280,600,36180,0.412213740458015,593.587786259542,0.133056133056133,63.8669438669439,0.552083333333333,530,3180,300,43440,0.514920194309507,741.485079805691,0.318087318087318,152.681912681913,0.613541666666667,589,26.1666666666667,16.9872611464968,33.3333333333333,28.905
"2025-09-20 10:00:00|Monitor13.txt|15",15,"2025-09-20 10:00:00|Monitor13.txt",2025-09-20T10:00:00Z,2025-09-26T10:20:00Z,"OK","M","DGRP832","21.5C","Winter","NA","08:12","M13","Batch8_DGRP",0.365929869228099,526.939011688462,0.24574800416522,117.959041999306,0.426041666666667,409,600,300,40740,0.377515614156836,543.622484385843,0.201663201663202,96.7983367983368,0.465625,447,1920,360,79800,0.192921582234559,277.807078417765,0.0810810810810811,38.9189189189189,0.248958333333333,239,6900,360,44220,0.32824427480916,472.671755725191,0.164241164241164,78.8357588357588,0.410416666666667,394,1860,300,30780,0.344205412907703,495.655794587092,0.24948024948025,119.75051975052,0.391666666666667,376,420,360,30660,0.447605829285219,644.552394170715,0.367983367983368,176.632016632017,0.4875,468,780,360,55140,0.504510756419153,726.495489243581,0.40956340956341,196.590436590437,0.552083333333333,530,21.3333333333333,22.4453125,48,19.5520833333333
"2025-09-20 10:00:00|Monitor13.txt|19",19,"2025-09-20 10:00:00|Monitor13.txt",2025-09-20T10:00:00Z,2025-09-26T10:20:00Z,"OK","M","DGRP832","21.5C","Winter","NA","08:12","M13","Batch8_DGRP",0.400995255178799,577.43316745747,0.352655328011107,169.274557445331,0.425173611111111,408.166666666667,420,360,51180,0.467036780013879,672.532963219986,0.525987525987526,252.474012474012,0.4375,420,960,420,37320,0.38029146426093,547.619708535739,0.32016632016632,153.679833679834,0.410416666666667,394,420,360,43080,0.320610687022901,461.679389312977,0.282744282744283,135.717255717256,0.339583333333333,326,6300,300,50640,0.395558639833449,569.604441360167,0.224532224532225,107.775467775468,0.48125,462,420,780,22500,0.47883414295628,689.521165857044,0.428274428274428,205.571725571726,0.504166666666667,484,3900,420,16380,0.363636363636364,523.636363636364,0.334719334719335,160.665280665281,0.378125,363,24.8333333333333,18.5637583892617,38.5,24.9177489177489
"2025-09-20 10:00:00|Monitor13.txt|21",21,"2025-09-20 10:00:00|Monitor13.txt",2025-09-20T10:00:00Z,2025-09-26T10:20:00Z,"OK","M","DGRP832","21.5C","Winter","NA","08:12","M13","Batch8_DGRP",0.28873972919801,415.785210045134,0.197500867754252,94.800416522041,0.334375,321,2280,600,44400,0.156835530881332,225.843164469119,0.0852390852390852,40.9147609147609,0.192708333333333,185,540,300,39000,0.254684247050659,366.745315752949,0.176715176715177,84.8232848232848,0.29375,282,420,420,59100,0.231089521165857,332.768910478834,0.14968814968815,71.8503118503119,0.271875,261,2220,480,40740,0.371963913948647,535.628036086051,0.266112266112266,127.733887733888,0.425,408,60,300,40080,0.365024288688411,525.634975711312,0.330561330561331,158.669438669439,0.382291666666667,367,2640,360,38700,0.351839000693963,506.648160999306,0.174636174636175,83.8253638253639,0.440625,423,23.6666666666667,20.3098591549296,46.5,20.089605734767
"2025-09-20 10:00:00|Monitor13.txt|28",28,"2025-09-20 10:00:00|Monitor13.txt",2025-09-20T10:00:00Z,2025-09-26T10:20:00Z,"OK","M","DGRP832","21.5C","Winter","NA","08:12","M13","Batch8_DGRP",0.293137368360144,422.117810438607,0.195418257549462,93.8007636237418,0.342013888888889,328.333333333333,2700,300,39480,0.302567661346287,435.697432338654,0.222453222453222,106.777546777547,0.342708333333333,329,14580,4440,50400,0.290770298403886,418.709229701596,0.212058212058212,101.787941787942,0.330208333333333,317,14280,4380,14280,0.277585010409438,399.722414989591,0.162162162162162,77.8378378378378,0.335416666666667,322,2940,420,37860,0.215128383067314,309.784871616933,0.0852390852390852,40.9147609147609,0.280208333333333,269,7380,300,61680,0.371269951422623,534.628730048577,0.378378378378378,181.621621621622,0.367708333333333,353,0,540,51840,0.301873698820264,434.69812630118,0.114345114345114,54.8856548856549,0.395833333333333,380,10.6666666666667,44.09375,24,39.6458333333333
"2025-09-20 10:00:00|Monitor13.txt|30",30,"2025-09-20 10:00:00|Monitor13.txt",2025-09-20T10:00:00Z,2025-09-26T10:20:00Z,"OK","M","DGRP832","21.5C","Winter","NA","08:12","M13","Batch8_DGRP",0.400995255178799,577.43316745747,0.231863936133287,111.294689343978,0.485590277777778,466.166666666667,8280,1920,57240,0.475364330326162,684.524635669674,0.322245322245322,154.677754677755,0.552083333333333,530,360,420,37800,0.430950728660652,620.569049271339,0.191268191268191,91.8087318087318,0.551041666666667,529,6660,600,38880,0.393476752255378,566.606523247745,0.174636174636175,83.8253638253639,0.503125,483,12120,720,39420,0.380985426786954,548.619014573213,0.1995841995842,95.8004158004158,0.471875,453,10440,300,47880,0.320610687022901,461.679389312977,0.218295218295218,104.781704781705,0.371875,357,4560,300,40620,0.403192227619709,580.59680777238,0.282744282744283,135.717255717256,0.463541666666667,445,11.6666666666667,35.6,36.8333333333333,27.131221719457
"2025-09-20 10:00:00|Monitor5.txt|03",3,"2025-09-20 10:00:00|Monitor5.txt",2025-09-20T10:00:00Z,2025-09-26T10:20:00Z,"OK","M","DGRP40","21.5C","Winter","NA","08:12","M5","Batch8_DGRP",0.523897697025807,754.412683717162,0.427976397084346,205.428670600486,0.571875,549,0,360,18480,0.437196391394865,629.562803608605,0.490644490644491,235.509355509356,0.410416666666667,394,9900,1020,75540,0.50381679389313,725.496183206107,0.48024948024948,230.519750519751,0.515625,495,6180,300,71880,0.480222068008328,691.519777931992,0.407484407484407,195.592515592516,0.516666666666667,496,6300,420,65880,0.41707147814018,600.58292852186,0.268191268191268,128.731808731809,0.491666666666667,472,4560,300,70440,0.588480222068008,847.411519777932,0.313929313929314,150.686070686071,0.726041666666667,697,840,300,73440,0.715475364330326,1030.28452463567,0.604989604989605,290.39501039501,0.770833333333333,740,27.6666666666667,15.1144578313253,49.5,19.5959595959596
"2025-09-20 10:00:00|Monitor5.txt|05",5,"2025-09-20 10:00:00|Monitor5.txt",2025-09-20T10:00:00Z,2025-09-26T10:20:00Z,"OK","M","DGRP40","21.5C","Winter","NA","08:12","M5","Batch8_DGRP",0.577826640435135,832.070362226594,0.468587296077751,224.92190211732,0.632465277777778,607.166666666667,6000,540,52620,0.596807772380292,859.40319222762,0.507276507276507,243.492723492724,0.641666666666667,616,10500,1260,72300,0.545454545454545,785.454545454545,0.365904365904366,175.634095634096,0.635416666666667,610,9480,540,67260,0.616238723108952,887.383761276891,0.436590436590437,209.56340956341,0.70625,678,7860,300,9300,0.446911866759195,643.553088133241,0.503118503118503,241.496881496882,0.41875,402,10500,2160,67560,0.607217210270645,874.392782789729,0.449064449064449,215.550935550936,0.686458333333333,659,5700,360,18180,0.65440666204025,942.34559333796,0.550935550935551,264.449064449064,0.70625,678,14.5,30.6781609195402,55,17.3151515151515
"2025-09-20 10:00:00|Monitor5.txt|07",7,"2025-09-20 10:00:00|Monitor5.txt",2025-09-20T10:00:00Z,2025-09-26T10:20:00Z,"OK","M","DGRP40","21.5C","Winter","NA","08:12","M5","Batch8_DGRP",0.574123365351233,826.737646105775,0.463380770565776,222.422769871572,0.629513888888889,604.333333333333,120,300,62700,0.742539902845246,1069.25746009715,0.681912681912682,327.318087318087,0.772916666666667,742,9060,660,56940,0.604441360166551,870.395558639834,0.490644490644491,235.509355509356,0.661458333333333,635,0,300,69240,0.464260929909785,668.53573907009,0.349272349272349,167.650727650728,0.521875,501,120,300,61260,0.531575294934074,765.468424705066,0.426195426195426,204.573804573805,0.584375,561,60,300,47580,0.538514920194309,775.461485079806,0.340956340956341,163.659043659044,0.6375,612,120,300,75780,0.562803608605135,810.437196391395,0.490644490644491,235.509355509356,0.598958333333333,575,28.8333333333333,15.8612716763006,56.3333333333333,16.4792899408284
"2025-09-20 10:00:00|Monitor5.txt|08",8,"2025-09-20 10:00:00|Monitor5.txt",2025-09-20T10:00:00Z,2025-09-26T10:20:00Z,"OK","M","DGRP40","21.5C","Winter","NA","08:12","M5","Batch8_DGRP",0.576785094317787,830.570535817614,0.434571329399514,208.594238111767,0.647916666666667,622,3000,1680,30900,0.517696044413602,745.482303955586,0.513513513513514,246.486486486487,0.519791666666667,499,10740,540,50280,0.59264399722415,853.407356002776,0.476091476091476,228.523908523909,0.651041666666667,625,8160,2340,43680,0.608605135322693,876.391394864677,0.553014553014553,265.446985446986,0.636458333333333,611,8580,420,70380,0.517696044413602,745.482303955586,0.205821205821206,98.7941787941788,0.673958333333333,647,7740,2160,54480,0.6294240111034,906.370575988897,0.399168399168399,191.600831600832,0.744791666666667,715,660,300,76980,0.594031922276197,855.405968077724,0.45945945945946,220.540540540541,0.661458333333333,635,26.5,16.6163522012579,35.3333333333333,27.3018867924528
"2025-09-20 10:00:00|Monitor5.txt|09",9,"2025-09-20 10:00:00|Monitor5.txt",2025-09-20T10:00:00Z,2025-09-26T10:20:00Z,"OK","M","DGRP40","21.5C","Winter","NA","08:12","M5","Batch8_DGRP",0.69991899085754,1007.88334683486,0.73134328358209,351.044776119403,0.684201388888889,656.833333333333,4140,480,15600,0.589174184594032,848.410825815406,0.696465696465697,334.303534303534,0.535416666666667,514,4680,3600,67920,0.619014573213047,891.380985426787,0.66943866943867,321.330561330561,0.59375,570,2880,1620,65880,0.731436502428869,1053.26856349757,0.742203742203742,356.257796257796,0.726041666666667,697,1920,780,72540,0.72588480222068,1045.27411519778,0.742203742203742,356.257796257796,0.717708333333333,689,2880,2820,65040,0.755031228313671,1087.24496877169,0.725571725571726,348.274428274428,0.769791666666667,739,480,780,12900,0.778625954198473,1121.2213740458,0.810810810810811,389.189189189189,0.7625,732,19,23.9824561403509,38,24.8114035087719
"2025-09-20 10:00:00|Monitor5.txt|10",10,"2025-09-20 10:00:00|Monitor5.txt",2025-09-20T10:00:00Z,2025-09-26T10:20:00Z,"OK","M","DGRP40","21.5C","Winter","NA","08:12","M5","Batch8_DGRP",0.663349149404004,955.222775141766,0.585560569246789,281.069073238459,0.702256944444445,674.166666666667,0,360,4380,0.673143650242887,969.326856349757,0.577962577962578,277.422037422037,0.720833333333333,692,2820,300,7620,0.737682165163081,1062.26231783484,0.634095634095634,304.365904365904,0.789583333333333,758,420,300,82020,0.744621790423317,1072.25537820958,0.652806652806653,313.347193347193,0.790625,759,180,300,22740,0.604441360166551,870.395558639834,0.577962577962578,277.422037422037,0.617708333333333,593,600,540,78300,0.600971547536433,865.399028452464,0.557172557172557,267.442827442828,0.622916666666667,598,2400,360,79680,0.61970853573907,892.380291464261,0.515592515592516,247.484407484408,0.671875,645,29.8333333333333,15.3743016759777,67,13.5298507462687
"2025-09-20 10:00:00|Monitor5.txt|11",11,"2025-09-20 10:00:00|Monitor5.txt",2025-09-20T10:00:00Z,2025-09-26T10:20:00Z,"OK","M","DGRP40","21.5C","Winter","NA","08:12","M5","Batch8_DGRP",0.720402731165374,1037.37993287814,0.688649774383895,330.551891704269,0.736284722222222,706.833333333333,0,480,62880,0.925052047189452,1332.07494795281,0.898128898128898,431.101871101871,0.938541666666667,901,3660,3540,69180,0.711311589174185,1024.28868841083,0.727650727650728,349.272349272349,0.703125,675,4200,4140,71400,0.714087439278279,1028.28591256072,0.66943866943867,321.330561330561,0.736458333333333,707,2940,300,72360,0.661346287300486,952.338653712699,0.590436590436591,283.409563409563,0.696875,669,3420,960,69660,0.641221374045801,923.358778625954,0.604989604989605,290.39501039501,0.659375,633,780,300,78180,0.669673837612769,964.330326162387,0.642411642411642,308.357588357588,0.683333333333333,656,27,17.0864197530864,33.5,28.0796019900498
"2025-09-20 10:00:00|Monitor5.txt|14",14,"2025-09-20 10:00:00|Monitor5.txt",2025-09-20T10:00:00Z,2025-09-26T10:20:00Z,"OK","M","DGRP40","21.5C","Winter","NA","08:12","M5","Batch8_DGRP",0.354357134590904,510.274273810902,0.388059701492537,186.268656716418,0.3375,324,5520,1140,74040,0.433032616238723,623.566967383761,0.521829521829522,250.47817047817,0.388541666666667,373,4380,1380,77640,0.316446911866759,455.683553088133,0.322245322245322,154.677754677755,0.313541666666667,301,8880,780,15600,0.269257460097155,387.730742539903,0.288981288981289,138.711018711019,0.259375,249,9060,360,25320,0.265093684941013,381.734906315059,0.284823284823285,136.715176715177,0.255208333333333,245,8580,4980,8580,0.366412213740458,527.63358778626,0.343035343035343,164.656964656965,0.378125,363,3600,360,13740,0.474670367800139,683.5253296322,0.563409563409563,270.43659043659,0.430208333333333,413,13.1666666666667,29.9746835443038,42.1666666666667,24.2371541501976
"2025-09-20 10:00:00|Monitor5.txt|19",19,"2025-09-20 10:00:00|Monitor5.txt",2025-09-20T10:00:00Z,2025-09-26T10:20:00Z,"OK","M","DGRP40","21.5C","Winter","NA","08:12","M5","Batch8_DGRP",0.733479921305405,1056.21108667978,0.786879555709823,377.702186740715,0.706770833333333,678.5,0,360,47880,0.766134628730049,1103.23386537127,0.920997920997921,442.079002079002,0.688541666666667,661,180,300,45600,0.756419153365718,1089.24358084663,0.881496881496882,423.118503118503,0.69375,666,720,480,44460,0.732824427480916,1055.26717557252,0.823284823284823,395.176715176715,0.6875,660,180,420,45540,0.625954198473283,901.374045801527,0.494802494802495,237.505197505198,0.691666666666667,664,960,3000,45840,0.753643303261624,1085.24635669674,0.864864864864865,415.135135135135,0.697916666666667,670,3000,840,44640,0.765440666204025,1102.2345593338,0.733887733887734,352.266112266112,0.78125,750,17.6666666666667,26.5283018867925,27,34.9444444444444
"2025-09-20 10:00:00|Monitor5.txt|23",23,"2025-09-20 10:00:00|Monitor5.txt",2025-09-20T10:00:00Z,2025-09-26T10:20:00Z,"OK","M","DGRP40","21.5C","Winter","NA","08:12","M5","Batch8_DGRP",0.671797245689156,967.388033792385,0.609857688302673,292.731690385283,0.702777777777778,674.666666666667,0,420,43800,0.686328938237335,988.313671061763,0.663201663201663,318.336798336798,0.697916666666667,670,4500,360,48240,0.555863983344899,800.444136016655,0.521829521829522,250.47817047817,0.572916666666667,550,1140,300,61320,0.620402498265094,893.379597501735,0.507276507276507,243.492723492724,0.677083333333333,650,3420,480,61680,0.727272727272727,1047.27272727273,0.64033264033264,307.359667359667,0.770833333333333,740,2520,360,58740,0.705759888965996,1016.29424011103,0.656964656964657,315.343035343035,0.730208333333333,701,2760,600,66900,0.734906315058987,1058.26509368494,0.66943866943867,321.330561330561,0.767708333333333,737,27,16.7222222222222,34.5,27.4347826086957
"2025-09-20 10:00:00|Monitor5.txt|24",24,"2025-09-20 10:00:00|Monitor5.txt",2025-09-20T10:00:00Z,2025-09-26T10:20:00Z,"OK","M","DGRP40","21.5C","Winter","NA","08:12","M5","Batch8_DGRP",0.898622844578174,1294.01689619257,0.827837556404026,397.362027073933,0.934027777777778,896.666666666667,0,540,63720,0.821651630811936,1183.17834836919,0.704781704781705,338.295218295218,0.880208333333333,845,6300,960,45000,0.810548230395559,1167.1894517696,0.777546777546778,373.222453222453,0.827083333333333,794,3060,780,43080,0.901457321304649,1298.0985426787,0.814968814968815,391.185031185031,0.944791666666667,907,2700,360,41760,0.937543372657876,1350.06245662734,0.866943866943867,416.133056133056,0.972916666666667,934,1380,360,40560,0.975711311589174,1405.02428868841,0.948024948024948,455.051975051975,0.989583333333333,950,1500,420,38280,0.944482997918112,1360.05551700208,0.854469854469854,410.14553014553,0.989583333333333,950,13,39.4102564102564,12.5,73.0933333333334
"2025-09-20 10:00:00|Monitor5.txt|26",26,"2025-09-20 10:00:00|Monitor5.txt",2025-09-20T10:00:00Z,2025-09-26T10:20:00Z,"OK","M","DGRP40","21.5C","Winter","NA","08:12","M5","Batch8_DGRP",0.79562550630714,1145.70072908228,0.806664352655328,387.198889274557,0.790104166666667,758.5,480,360,21060,0.85912560721721,1237.14087439278,0.931392931392931,447.068607068607,0.822916666666667,790,1560,300,45120,0.77793199167245,1120.22206800833,0.765072765072765,367.234927234927,0.784375,753,3600,1980,26040,0.767522553782096,1105.23247744622,0.808731808731809,388.191268191268,0.746875,717,1800,300,69480,0.757807078417765,1091.24219292158,0.74012474012474,355.259875259875,0.766666666666667,736,3060,3300,50400,0.786953504510756,1133.21304649549,0.717255717255717,344.282744282744,0.821875,789,960,360,57240,0.823039555863984,1185.17696044414,0.873180873180873,419.126819126819,0.797916666666667,766,23.1666666666667,19.863309352518,30.8333333333333,30.3675675675676
"2025-09-20 10:00:00|Monitor5.txt|29",29,"2025-09-20 10:00:00|Monitor5.txt",2025-09-20T10:00:00Z,2025-09-26T10:20:00Z,"OK","M","DGRP40","21.5C","Winter","NA","08:12","M5","Batch8_DGRP",0.739844925355862,1065.37669251244,0.74592155501562,358.042346407497,0.736805555555556,707.333333333333,0,300,58440,0.764746703678001,1101.23525329632,0.873180873180873,419.126819126819,0.710416666666667,682,60,480,10920,0.741845940319223,1068.25815405968,0.738045738045738,354.261954261954,0.74375,714,4800,1080,46860,0.793893129770992,1143.20610687023,0.754677754677755,362.245322245322,0.813541666666667,781,780,2940,57480,0.780013879250521,1123.21998612075,0.943866943866944,453.056133056133,0.697916666666667,670,600,540,45900,0.655100624566273,943.344899375434,0.546777546777547,262.453222453222,0.709375,681,3540,300,44160,0.702984038861901,1012.29701596114,0.617463617463617,296.382536382536,0.745833333333333,716,15.6666666666667,30.5851063829787,18.5,50.2072072072072
"2025-09-20 10:00:00|Monitor5.txt|30",30,"2025-09-20 10:00:00|Monitor5.txt",2025-09-20T10:00:00Z,2025-09-26T10:20:00Z,"OK","M","DGRP40","21.5C","Winter","NA","08:12","M5","Batch8_DGRP",0.581645642865409,837.569725726189,0.625477264838598,300.229087122527,0.559722222222222,537.333333333333,6420,900,8280,0.613462873004858,883.386537126995,0.700623700623701,336.299376299376,0.569791666666667,547,8400,360,13680,0.485079805690493,698.51492019431,0.488565488565489,234.511434511435,0.483333333333333,464,6600,840,10140,0.568355308813324,818.431644691187,0.667359667359667,320.33264033264,0.51875,498,60,300,27480,0.537820957668286,774.462179042332,0.461538461538462,221.538461538462,0.576041666666667,553,1740,300,10500,0.630117973629424,907.369882026371,0.702702702702703,337.297297297297,0.59375,570,2520,780,8460,0.653712699514226,941.346287300486,0.727650727650728,349.272349272349,0.616666666666667,592,14.5,30.551724137931,50.1666666666667,18.9933554817276
"2025-09-20 10:00:00|Monitor5.txt|31",31,"2025-09-20 10:00:00|Monitor5.txt",2025-09-20T10:00:00Z,2025-09-26T10:20:00Z,"OK","M","DGRP40","21.5C","Winter","NA","08:12","M5","Batch8_DGRP",0.742390926976045,1069.0429348455,0.684484553974315,328.552585907671,0.771354166666667,740.5,0,420,74820,0.821651630811936,1183.17834836919,0.775467775467775,372.224532224532,0.844791666666667,811,5160,2280,67800,0.729354614850798,1050.27064538515,0.644490644490645,309.355509355509,0.771875,741,1860,720,77400,0.718945176960444,1035.28105482304,0.656964656964657,315.343035343035,0.75,720,60,300,74340,0.664816099930604,957.335183900069,0.596673596673597,286.403326403326,0.698958333333333,671,540,300,72240,0.732824427480916,1055.26717557252,0.677754677754678,325.322245322245,0.760416666666667,730,4740,9420,45900,0.786259541984733,1132.21374045802,0.754677754677755,362.245322245322,0.802083333333333,770,18.3333333333333,25.1545454545455,27.6666666666667,33.9638554216868
"2025-09-20 10:00:00|Monitor6.txt|01",1,"2025-09-20 10:00:00|Monitor6.txt",2025-09-20T10:00:00Z,2025-09-26T10:20:00Z,"OK","M","DGRP181","21.5C","Winter","NA","08:12","M6","Batch8_DGRP",0.581414188172665,837.236430968638,0.484206872613676,232.419298854564,0.630034722222222,604.833333333333,540,540,8280,0.600971547536433,865.399028452464,0.698544698544699,335.301455301455,0.552083333333333,530,660,1920,39600,0.685634975711312,987.314365024289,0.713097713097713,342.286902286902,0.671875,645,480,420,37380,0.593337959750174,854.40666204025,0.511434511434512,245.488565488566,0.634375,609,6780,360,38280,0.557251908396947,802.442748091603,0.326403326403326,156.673596673597,0.672916666666667,646,1260,600,36840,0.505204718945177,727.494795281055,0.257796257796258,123.742203742204,0.629166666666667,604,4980,4020,37680,0.544760582928522,784.455239417071,0.395010395010395,189.60498960499,0.619791666666667,595,26.8333333333333,20.0186335403727,27.3333333333333,32.0914634146341
"2025-09-20 10:00:00|Monitor6.txt|04",4,"2025-09-20 10:00:00|Monitor6.txt",2025-09-20T10:00:00Z,2025-09-26T10:20:00Z,"OK","M","DGRP181","21.5C","Winter","NA","08:12","M6","Batch8_DGRP",0.795972688346256,1146.20067121861,0.814994793474488,391.197500867754,0.786458333333333,755,1740,540,43620,0.77793199167245,1120.22206800833,0.846153846153846,406.153846153846,0.74375,714,420,480,40980,0.813324080499653,1171.1866759195,0.837837837837838,402.162162162162,0.801041666666667,769,1200,300,42060,0.790423317140875,1138.20957668286,0.77962577962578,374.220374220374,0.795833333333333,764,240,420,54300,0.786953504510756,1133.21304649549,0.819126819126819,393.180873180873,0.770833333333333,740,1380,360,59340,0.809160305343512,1165.19083969466,0.775467775467775,372.224532224532,0.826041666666667,793,420,1020,33720,0.798056904927134,1149.20194309507,0.831600831600832,399.168399168399,0.78125,750,23.6666666666667,20.0774647887324,24,38.7916666666667
"2025-09-20 10:00:00|Monitor6.txt|05",5,"2025-09-20 10:00:00|Monitor6.txt",2025-09-20T10:00:00Z,2025-09-26T10:20:00Z,"OK","M","DGRP181","21.5C","Winter","NA","08:12","M6","Batch8_DGRP",0.599814836245805,863.733364193959,0.576188823325234,276.570635196112,0.611631944444445,587.166666666667,0,360,44340,0.697432338653713,1004.30256766135,0.827442827442827,397.172557172557,0.632291666666667,607,60,300,43800,0.606523247744622,873.393476752255,0.636174636174636,305.363825363825,0.591666666666667,568,3720,540,43860,0.585704371963914,843.414295628036,0.478170478170478,229.52182952183,0.639583333333333,614,420,1200,47460,0.559333795975017,805.440666204025,0.634095634095634,304.365904365904,0.521875,501,300,360,41040,0.560721721027065,807.439278278973,0.395010395010395,189.60498960499,0.64375,618,660,480,42000,0.588480222068008,847.411519777932,0.484407484407485,232.515592515593,0.640625,615,33.3333333333333,13.58,22.6666666666667,42.264705882353
"2025-09-20 10:00:00|Monitor6.txt|07",7,"2025-09-20 10:00:00|Monitor6.txt",2025-09-20T10:00:00Z,2025-09-26T10:20:00Z,"OK","M","DGRP181","21.5C","Winter","NA","08:12","M6","Batch8_DGRP",0.727925008679551,1048.21201249855,0.853523082263103,409.69107948629,0.665104166666667,638.5,300,420,50820,0.727272727272727,1047.27272727273,0.962577962577963,462.037422037422,0.609375,585,1080,1680,5460,0.746009715475364,1074.25399028452,0.945945945945946,454.054054054054,0.645833333333333,620,960,840,44280,0.724496877168633,1043.27550312283,0.9002079002079,432.099792099792,0.636458333333333,611,600,1680,42480,0.659264399722415,949.340735600278,0.659043659043659,316.340956340956,0.659375,633,60,300,43620,0.762664816099931,1098.2373351839,0.906444906444906,435.093555093555,0.690625,663,1560,420,60060,0.748091603053435,1077.25190839695,0.746361746361746,358.253638253638,0.748958333333333,719,20.1666666666667,24.5371900826446,23.3333333333333,38.95
"2025-09-20 10:00:00|Monitor6.txt|08",8,"2025-09-20 10:00:00|Monitor6.txt",2025-09-20T10:00:00Z,2025-09-26T10:20:00Z,"OK","M","DGRP181","21.5C","Winter","NA","08:12","M6","Batch8_DGRP",0.481541488253674,693.419743085291,0.565775772301284,271.572370704616,0.439409722222222,421.833333333333,480,540,63540,0.561415683553088,808.438584316447,0.72972972972973,350.27027027027,0.477083333333333,458,1020,480,57960,0.532963219986121,767.467036780014,0.692307692307692,332.307692307692,0.453125,435,420,300,49500,0.538514920194309,775.461485079806,0.667359667359667,320.33264033264,0.473958333333333,455,1140,300,53580,0.439278278972935,632.560721721027,0.463617463617464,222.536382536383,0.427083333333333,410,600,600,60960,0.45940319222762,661.540596807773,0.536382536382536,257.463617463618,0.420833333333333,404,660,300,53820,0.358084663428175,515.641915336572,0.305613305613306,146.694386694387,0.384375,369,29.5,15.5028248587571,39,24.0854700854701
"2025-09-20 10:00:00|Monitor6.txt|09",9,"2025-09-20 10:00:00|Monitor6.txt",2025-09-20T10:00:00Z,2025-09-26T10:20:00Z,"OK","M","DGRP181","21.5C","Winter","NA","08:12","M6","Batch8_DGRP",0.655016780465224,943.224163869922,0.677542519958348,325.220409580007,0.64375,618,0,11460,0,0.896599583622484,1291.10340041638,0.970893970893971,466.029106029106,0.859375,825,120,420,42960,0.669673837612769,964.330326162387,0.742203742203742,356.257796257796,0.633333333333333,608,420,420,50220,0.589868147120056,849.41013185288,0.596673596673597,286.403326403326,0.586458333333333,563,540,840,47520,0.603747397640527,869.39625260236,0.650727650727651,312.349272349272,0.580208333333333,557,540,3000,44880,0.659958362248439,950.340041637752,0.675675675675676,324.324324324324,0.652083333333333,626,0,360,36780,0.510062456627342,734.489937543373,0.428274428274428,205.571725571726,0.551041666666667,529,27.8333333333333,19.437125748503,33,25.8232323232323
"2025-09-20 10:00:00|Monitor6.txt|10",10,"2025-09-20 10:00:00|Monitor6.txt",2025-09-20T10:00:00Z,2025-09-26T10:20:00Z,"OK","M","DGRP181","21.5C","Winter","NA","08:12","M6","Batch8_DGRP",0.476680939706053,686.420553176716,0.548073585560569,263.075321069073,0.440972222222222,423.333333333333,0,600,47040,0.626648160999306,902.373351839001,0.910602910602911,437.089397089397,0.484375,465,2160,7020,42000,0.620402498265094,893.379597501735,0.927234927234927,445.072765072765,0.466666666666667,448,780,4320,43560,0.516308119361555,743.483691880639,0.588357588357588,282.411642411642,0.480208333333333,461,120,360,43080,0.336571825121443,484.663428174879,0.332640332640333,159.66735966736,0.338541666666667,325,840,600,43320,0.356002775850104,512.64399722415,0.32016632016632,153.679833679834,0.373958333333333,359,600,1380,40920,0.403192227619709,580.59680777238,0.205821205821206,98.7941787941788,0.502083333333333,482,17.1666666666667,31.1553398058252,31.1666666666667,28.4224598930481
"2025-09-20 10:00:00|Monitor6.txt|12",12,"2025-09-20 10:00:00|Monitor6.txt",2025-09-20T10:00:00Z,2025-09-26T10:20:00Z,"OK","M","DGRP181","21.5C","Winter","NA","08:12","M6","Batch8_DGRP",0.871426918180766,1254.8547621803,0.909406456091635,436.515098923985,0.852430555555556,818.333333333333,0,300,43380,0.874392782789729,1259.12560721721,0.910602910602911,437.089397089397,0.85625,822,300,300,49020,0.908396946564885,1308.09160305344,0.902286902286902,433.097713097713,0.911458333333333,875,1980,360,45240,0.844552394170715,1216.15544760583,0.906444906444906,435.093555093555,0.813541666666667,781,2040,360,43980,0.891047883414296,1283.10895211659,0.912681912681913,438.087318087318,0.880208333333333,845,120,1020,44220,0.853573907009021,1229.14642609299,0.9002079002079,432.099792099792,0.830208333333333,797,1500,2640,42960,0.856349757113116,1233.14365024289,0.923076923076923,443.076923076923,0.822916666666667,790,16.8333333333333,27.2079207920792,33.3333333333333,28.325
"2025-09-20 10:00:00|Monitor6.txt|16",16,"2025-09-20 10:00:00|Monitor6.txt",2025-09-20T10:00:00Z,2025-09-26T10:20:00Z,"OK","M","DGRP181","21.5C","Winter","NA","08:12","M6","Batch8_DGRP",0.487327855572272,701.752112024071,0.545643873654981,261.909059354391,0.458159722222222,439.833333333333,240,2040,12420,0.600971547536433,865.399028452464,0.96049896049896,461.039501039501,0.420833333333333,404,420,480,44940,0.575988896599584,829.4240111034,0.773388773388773,371.226611226611,0.477083333333333,458,60,300,55740,0.551006245662734,793.448993754337,0.586278586278586,281.413721413721,0.533333333333333,512,600,720,52620,0.461485079805691,664.538514920194,0.521829521829522,250.47817047817,0.43125,414,420,1620,58680,0.347675225537821,500.652324774462,0.226611226611227,108.773388773389,0.408333333333333,392,120,420,52980,0.385843164469119,555.614156835531,0.201663201663202,96.7983367983368,0.478125,459,26.6666666666667,21.8,28.1666666666667,29.4497041420118
"2025-09-20 10:00:00|Monitor6.txt|18",18,"2025-09-20 10:00:00|Monitor6.txt",2025-09-20T10:00:00Z,2025-09-26T10:20:00Z,"OK","M","DGRP181","21.5C","Winter","NA","08:12","M6","Batch8_DGRP",0.760328665663696,1094.87327855572,0.771607080874696,370.371398819854,0.7546875,724.5,0,720,42540,0.791811242192922,1140.20818875781,0.860706860706861,413.139293139293,0.757291666666667,727,840,540,40140,0.721027064538515,1038.27897293546,0.792099792099792,380.2079002079,0.685416666666667,658,720,900,38100,0.790423317140875,1138.20957668286,0.821205821205821,394.178794178794,0.775,744,1380,300,45000,0.74323386537127,1070.25676613463,0.715176715176715,343.284823284823,0.757291666666667,727,720,420,61920,0.746009715475364,1074.25399028452,0.72972972972973,350.27027027027,0.754166666666667,724,660,720,36960,0.77029840388619,1109.22970159611,0.713097713097713,342.286902286902,0.798958333333333,767,25.6666666666667,19.9220779220779,17.3333333333333,51.8076923076923
"2025-09-20 10:00:00|Monitor6.txt|19",19,"2025-09-20 10:00:00|Monitor6.txt",2025-09-20T10:00:00Z,2025-09-26T10:20:00Z,"OK","M","DGRP181","21.5C","Winter","NA","08:12","M6","Batch8_DGRP",0.592639740770744,853.401226709872,0.824713641096841,395.862547726484,0.4765625,457.5,420,420,9540,0.615544760582929,886.384455239417,0.912681912681913,438.087318087318,0.466666666666667,448,60,300,42240,0.569743233865371,820.430256766135,0.817047817047817,392.182952182952,0.445833333333333,428,1200,420,41160,0.52116585704372,750.478834142956,0.812889812889813,390.18711018711,0.375,360,600,780,39360,0.637751561415684,918.362248438584,0.831600831600832,399.168399168399,0.540625,519,360,300,40740,0.604441360166551,870.395558639834,0.77962577962578,374.220374220374,0.516666666666667,496,600,780,39180,0.605829285218598,872.394170714781,0.787941787941788,378.212058212058,0.514583333333333,494,24.1666666666667,19.8965517241379,35.6666666666667,25.8785046728972
"2025-09-20 10:00:00|Monitor6.txt|22",22,"2025-09-20 10:00:00|Monitor6.txt",2025-09-20T10:00:00Z,2025-09-26T10:20:00Z,"OK","M","DGRP181","21.5C","Winter","NA","08:12","M6","Batch8_DGRP",0.517185510936234,744.747135748177,0.450190905935439,216.091634849011,0.550694444444445,528.666666666667,480,480,62400,0.512144344205413,737.487855655795,0.372141372141372,178.627858627859,0.582291666666667,559,480,480,65160,0.712699514226232,1026.28730048577,0.781704781704782,375.218295218295,0.678125,651,360,2160,47580,0.730048577376822,1051.26995142262,0.727650727650728,349.272349272349,0.73125,702,0,480,46740,0.532963219986121,767.467036780014,0.340956340956341,163.659043659044,0.629166666666667,604,1200,480,46320,0.492019430950729,708.507980569049,0.390852390852391,187.609147609148,0.542708333333333,521,5460,300,66300,0.124219292158223,178.875780707842,0.0914760914760915,43.9085239085239,0.140625,135,26.1666666666667,17.3821656050955,32,29.515625
"2025-09-20 10:00:00|Monitor6.txt|25",25,"2025-09-20 10:00:00|Monitor6.txt",2025-09-20T10:00:00Z,2025-09-26T10:20:00Z,"OK","M","DGRP181","21.5C","Winter","NA","08:12","M6","Batch8_DGRP",0.664622150214096,957.055896308298,0.806664352655328,387.198889274557,0.593576388888889,569.833333333333,0,1380,10800,0.744621790423317,1072.25537820958,0.887733887733888,426.112266112266,0.672916666666667,646,720,480,7440,0.666897987508675,960.333102012491,0.88981288981289,427.110187110187,0.555208333333333,533,720,2040,43680,0.64677307425399,931.353226925746,0.771309771309771,370.22869022869,0.584375,561,3360,420,42060,0.624566273421235,899.375433726579,0.702702702702703,337.297297297297,0.585416666666667,562,6720,780,50760,0.636363636363636,916.363636363636,0.746361746361746,358.253638253638,0.58125,558,600,1560,47460,0.668979875086745,963.331020124913,0.841995841995842,404.158004158004,0.582291666666667,559,16.8333333333333,28.7029702970297,30.6666666666667,30.25
"2025-09-20 10:00:00|Monitor6.txt|27",27,"2025-09-20 10:00:00|Monitor6.txt",2025-09-20T10:00:00Z,2025-09-26T10:20:00Z,"OK","M","DGRP181","21.5C","Winter","NA","08:12","M6","Batch8_DGRP",0.396713343363037,571.267214442773,0.415133634154807,199.264144394308,0.3875,372,420,840,62580,0.37265787647467,536.627342123525,0.492723492723493,236.507276507277,0.3125,300,420,2100,420,0.353920888272033,509.646079111728,0.40956340956341,196.590436590437,0.326041666666667,313,3900,300,60540,0.31852879944483,458.681471200555,0.197505197505198,94.8024948024948,0.379166666666667,364,420,300,47160,0.463566967383761,667.536433032616,0.559251559251559,268.440748440748,0.415625,399,540,300,900,0.392088827203331,564.607911172797,0.413721413721414,198.586278586279,0.38125,366,540,420,46740,0.479528105482304,690.520471894518,0.417879417879418,200.582120582121,0.510416666666667,490,28.3333333333333,19.3823529411765,45.8333333333333,18.8327272727273
"2025-09-20 10:00:00|Monitor6.txt|28",28,"2025-09-20 10:00:00|Monitor6.txt",2025-09-20T10:00:00Z,2025-09-26T10:20:00Z,"OK","M","DGRP181","21.5C","Winter","NA","08:12","M6","Batch8_DGRP",0.469042934845504,675.421826177526,0.519611246095106,249.413398125651,0.44375,426,600,300,5820,0.670367800138792,965.329632199861,0.962577962577963,462.037422037422,0.523958333333333,503,120,420,42600,0.611380985426787,880.388619014573,0.877338877338877,421.122661122661,0.478125,459,420,360,47760,0.526023594725885,757.473976405274,0.711018711018711,341.288981288981,0.433333333333333,416,7440,420,57420,0.316446911866759,455.683553088133,0.164241164241164,78.8357588357588,0.392708333333333,377,420,360,43260,0.371269951422623,534.628730048577,0.27027027027027,129.72972972973,0.421875,405,4980,480,43380,0.317834836918806,457.682165163081,0.128898128898129,61.8711018711019,0.4125,396,12.5,49.2533333333333,13.6666666666667,59.0731707317073
"2025-09-20 10:00:00|Monitor6.txt|29",29,"2025-09-20 10:00:00|Monitor6.txt",2025-09-20T10:00:00Z,2025-09-26T10:20:00Z,"OK","M","DGRP181","21.5C","Winter","NA","08:12","M6","Batch8_DGRP",0.538710797361417,775.74354820044,0.651856994099271,312.89135716765,0.482118055555556,462.833333333333,180,360,63960,0.544760582928522,784.455239417071,0.723492723492724,347.276507276507,0.455208333333333,437,480,1920,46860,0.596807772380292,859.40319222762,0.875259875259875,420.12474012474,0.457291666666667,439,1020,1620,2700,0.477446217904233,687.522553782096,0.814968814968815,391.185031185031,0.308333333333333,296,600,1620,3480,0.587092297015961,845.412907702984,0.634095634095634,304.365904365904,0.563541666666667,541,660,840,51120,0.452463566967384,651.547536433033,0.442827442827443,212.557172557173,0.457291666666667,439,660,780,51360,0.571825121443442,823.428174878557,0.413721413721414,198.586278586279,0.651041666666667,625,30.6666666666667,17.429347826087,38.1666666666667,22.4978165938865
"2025-09-20 10:00:00|Monitor6.txt|31",31,"2025-09-20 10:00:00|Monitor6.txt",2025-09-20T10:00:00Z,2025-09-26T10:20:00Z,"OK","M","DGRP181","21.5C","Winter","NA","08:12","M6","Batch8_DGRP",0.348570767272306,501.941904872121,0.232905241235682,111.794515793127,0.406423611111111,390.166666666667,3000,420,47520,0.35322692574601,508.646773074254,0.299376299376299,143.700623700624,0.380208333333333,365,480,600,60060,0.301873698820264,434.69812630118,0.216216216216216,103.783783783784,0.344791666666667,331,480,780,61260,0.331020124913255,476.668979875087,0.172557172557173,82.8274428274428,0.410416666666667,394,480,540,60360,0.311589174184594,448.688410825815,0.291060291060291,139.70893970894,0.321875,309,360,840,51060,0.315058986814712,453.684941013185,0.185031185031185,88.8149688149688,0.380208333333333,365,960,600,43380,0.47883414295628,689.521165857044,0.234927234927235,112.765072765073,0.601041666666667,577,18,39.1111111111111,20,35.875
"2025-09-20 10:00:00|Monitor6.txt|32",32,"2025-09-20 10:00:00|Monitor6.txt",2025-09-20T10:00:00Z,2025-09-26T10:20:00Z,"OK","M","DGRP181","21.5C","Winter","NA","08:12","M6","Batch8_DGRP",0.641476680939706,923.726420553177,0.709128774730996,340.381811870878,0.607638888888889,583.333333333333,0,2220,51720,0.596113809854268,858.403886190146,0.727650727650728,349.272349272349,0.530208333333333,509,780,360,64980,0.551700208188758,794.448299791811,0.604989604989605,290.39501039501,0.525,504,480,420,46260,0.665510062456627,958.334489937543,0.72972972972973,350.27027027027,0.633333333333333,608,900,660,56160,0.575988896599584,829.4240111034,0.598752598752599,287.401247401247,0.564583333333333,542,1080,1980,3780,0.714781401804303,1029.2852185982,0.798336798336798,383.201663201663,0.672916666666667,646,600,540,1200,0.746009715475364,1074.25399028452,0.798336798336798,383.201663201663,0.719791666666667,691,26.5,20.4339622641509,28.5,30.1695906432749
"2025-09-20 10:00:00|Monitor7.txt|02",2,"2025-09-20 10:00:00|Monitor7.txt",2025-09-20T10:00:00Z,2025-09-26T10:20:00Z,"OK","M","DGRP217","21.5C","Winter","NA","08:12","M7","Batch8_DGRP",0.488948038421479,704.08517532693,0.341895175286359,164.109684137452,0.5625,540,0,360,84420,0.526023594725885,757.473976405274,0.484407484407485,232.515592515593,0.546875,525,3780,480,82680,0.507286606523248,730.492713393477,0.467775467775468,224.532224532225,0.527083333333333,506,900,1800,65880,0.435808466342818,627.564191533657,0.237006237006237,113.762993762994,0.535416666666667,514,1200,360,42180,0.471200555170021,678.52879944483,0.284823284823285,136.715176715177,0.564583333333333,542,900,1020,37800,0.455239417071478,655.544760582929,0.295218295218295,141.704781704782,0.535416666666667,514,1440,900,59820,0.538514920194309,775.461485079806,0.284823284823285,136.715176715177,0.665625,639,28,17.1904761904762,51.8333333333333,17.8167202572347
"2025-09-20 10:00:00|Monitor7.txt|07",7,"2025-09-20 10:00:00|Monitor7.txt",2025-09-20T10:00:00Z,2025-09-26T10:20:00Z,"OK","M","DGRP217","21.5C","Winter","NA","08:12","M7","Batch8_DGRP",0.329244300428191,474.111792616595,0.403679278028462,193.766053453662,0.292013888888889,280.333333333333,960,1020,43200,0.497571131158917,716.502428868841,0.623700623700624,299.376299376299,0.434375,417,360,6300,45000,0.39764052741152,572.602359472588,0.467775467775468,224.532224532225,0.3625,348,3060,720,80820,0.240111034004164,345.759888965996,0.264033264033264,126.735966735967,0.228125,219,15720,300,45240,0.200555170020819,288.799444829979,0.141372141372141,67.8586278586279,0.230208333333333,221,1140,4260,1140,0.196391394864677,282.803608605135,0.463617463617464,222.536382536383,0.0625,60,720,5160,57720,0.44205412907703,636.557945870923,0.457380457380458,219.54261954262,0.434375,417,23.3333333333333,22.9928571428572,13.8333333333333,64.6144578313253
"2025-09-20 10:00:00|Monitor7.txt|08",8,"2025-09-20 10:00:00|Monitor7.txt",2025-09-20T10:00:00Z,2025-09-26T10:20:00Z,"OK","M","DGRP217","21.5C","Winter","NA","08:12","M7","Batch8_DGRP",0.564286540909617,812.572618909849,0.617493925720236,296.397084345713,0.537673611111111,516.166666666667,0,420,40740,0.595419847328244,857.404580152672,0.600831600831601,288.399168399168,0.592708333333333,569,1920,300,43560,0.4941013185288,711.505898681471,0.471933471933472,226.528066528067,0.505208333333333,485,1500,360,5520,0.585704371963914,843.414295628036,0.702702702702703,337.297297297297,0.527083333333333,506,1200,660,38040,0.531575294934074,765.468424705066,0.553014553014553,265.446985446986,0.520833333333333,500,1620,2280,39840,0.603747397640527,869.39625260236,0.787941787941788,378.212058212058,0.511458333333333,491,1200,1320,42420,0.573907009021513,826.426092990979,0.584199584199584,280.4158004158,0.56875,546,24.5,24.4965986394558,25,32.5
"2025-09-20 10:00:00|Monitor7.txt|10",10,"2025-09-20 10:00:00|Monitor7.txt",2025-09-20T10:00:00Z,2025-09-26T10:20:00Z,"OK","M","DGRP217","21.5C","Winter","NA","08:12","M7","Batch8_DGRP",0.461520657331327,664.589746557112,0.354043734814301,169.940992710864,0.515277777777778,494.666666666667,900,1800,69600,0.671061762664816,966.328938237335,0.575883575883576,276.424116424116,0.71875,690,1860,720,71040,0.41498959056211,597.585010409438,0.278586278586279,133.721413721414,0.483333333333333,464,2580,300,68100,0.278278972935462,400.721721027065,0.318087318087318,152.681912681913,0.258333333333333,248,720,300,45540,0.429562803608605,618.570437196392,0.438669438669439,210.561330561331,0.425,408,720,300,71280,0.532963219986121,767.467036780014,0.280665280665281,134.719334719335,0.659375,633,1440,900,64620,0.440666204024983,634.559333795975,0.228690228690229,109.77130977131,0.546875,525,20.3333333333333,24.8606557377049,24,38.2152777777778
"2025-09-20 10:00:00|Monitor7.txt|11",11,"2025-09-20 10:00:00|Monitor7.txt",2025-09-20T10:00:00Z,2025-09-26T10:20:00Z,"OK","M","DGRP217","21.5C","Winter","NA","08:12","M7","Batch8_DGRP",0.520310149288277,749.246614975119,0.543561263450191,260.909406456092,0.508680555555556,488.333333333333,600,6480,40380,0.641915336571825,924.358084663428,0.765072765072765,367.234927234927,0.580208333333333,557,780,1980,43620,0.509368494101319,733.490631505899,0.594594594594595,285.405405405405,0.466666666666667,448,1980,360,41580,0.437196391394865,629.562803608605,0.507276507276507,243.492723492724,0.402083333333333,386,0,360,36540,0.475364330326162,684.524635669674,0.507276507276507,243.492723492724,0.459375,441,1380,300,76140,0.53088133240805,764.469118667592,0.455301455301455,218.544698544699,0.56875,546,1500,540,71040,0.526717557251908,758.473282442748,0.43035343035343,206.569646569647,0.575,552,39.5,13.1054852320675,45,19.4037037037037
"2025-09-20 10:00:00|Monitor7.txt|14",14,"2025-09-20 10:00:00|Monitor7.txt",2025-09-20T10:00:00Z,2025-09-26T10:20:00Z,"OK","M","DGRP217","21.5C","Winter","NA","08:12","M7","Batch8_DGRP",0.551209350769587,793.741465108205,0.528982992016661,253.911836167997,0.562326388888889,539.833333333333,600,7200,38400,0.628730048577377,905.371269951423,0.694386694386694,333.305613305613,0.595833333333333,572,900,9060,39300,0.584316446911867,841.415683553088,0.571725571725572,274.428274428274,0.590625,567,540,900,37680,0.497571131158917,716.502428868841,0.27027027027027,129.72972972973,0.611458333333333,587,420,780,34500,0.588480222068008,847.411519777932,0.438669438669439,210.561330561331,0.663541666666667,637,360,420,49080,0.489243580846634,704.510756419153,0.503118503118503,241.496881496882,0.482291666666667,463,840,5640,41100,0.517002081887578,744.482997918113,0.69022869022869,331.309771309771,0.430208333333333,413,23.1666666666667,22.3884892086331,14.6666666666667,61.6136363636364
"2025-09-20 10:00:00|Monitor7.txt|15",15,"2025-09-20 10:00:00|Monitor7.txt",2025-09-20T10:00:00Z,2025-09-26T10:20:00Z,"OK","M","DGRP217","21.5C","Winter","NA","08:12","M7","Batch8_DGRP",0.488716583728735,703.751880569379,0.533842415827838,256.244359597362,0.466145833333333,447.5,1260,3660,50520,0.473282442748092,681.526717557252,0.546777546777547,262.453222453222,0.436458333333333,419,360,360,80340,0.506592643997224,729.493407356003,0.704781704781705,338.295218295218,0.407291666666667,391,540,540,41160,0.482303955586398,694.517696044414,0.45945945945946,220.540540540541,0.49375,474,840,300,39840,0.487855655794587,702.512144344206,0.482328482328482,231.517671517672,0.490625,471,360,300,75720,0.448299791811242,645.551700208189,0.505197505197505,242.494802494803,0.419791666666667,403,600,840,38520,0.532963219986121,767.467036780014,0.501039501039501,240.498960498961,0.548958333333333,527,30.8333333333333,17.3243243243243,27.3333333333333,32.2012195121951
"2025-09-20 10:00:00|Monitor7.txt|16",16,"2025-09-20 10:00:00|Monitor7.txt",2025-09-20T10:00:00Z,2025-09-26T10:20:00Z,"OK","M","DGRP217","21.5C","Winter","NA","08:12","M7","Batch8_DGRP",0.647841684990163,932.892026385835,0.657063519611246,315.390489413398,0.643229166666667,617.5,1020,4020,54180,0.655794587092297,944.344205412908,0.702702702702703,337.297297297297,0.632291666666667,607,360,480,52920,0.623872310895212,898.376127689105,0.794178794178794,381.205821205821,0.538541666666667,517,3000,1920,56760,0.615544760582929,886.384455239417,0.611226611226611,293.388773388773,0.617708333333333,593,1380,3420,62940,0.626648160999306,902.373351839001,0.642411642411642,308.357588357588,0.61875,594,360,360,53640,0.693268563497571,998.306731436502,0.632016632016632,303.367983367983,0.723958333333333,695,420,300,54300,0.670367800138792,965.329632199861,0.555093555093555,266.444906444906,0.728125,699,20.8333333333333,23.416,14.5,65.1954022988506
"2025-09-20 10:00:00|Monitor7.txt|17",17,"2025-09-20 10:00:00|Monitor7.txt",2025-09-20T10:00:00Z,2025-09-26T10:20:00Z,"OK","M","DGRP217","21.5C","Winter","NA","08:12","M7","Batch8_DGRP",0.421016086101146,606.26316398565,0.467198889274557,224.255466851788,0.397916666666667,382,180,2760,70440,0.511450381679389,736.488549618321,0.592515592515593,284.407484407484,0.470833333333333,452,540,2520,41220,0.451075641915337,649.548924358085,0.521829521829522,250.47817047817,0.415625,399,420,3180,64440,0.431644691186676,621.568355308813,0.563409563409563,270.43659043659,0.365625,351,420,1860,41580,0.338653712699514,487.661346287301,0.280665280665281,134.719334719335,0.367708333333333,353,420,4920,420,0.365024288688411,525.634975711312,0.403326403326403,193.596673596674,0.345833333333333,332,120,300,70740,0.426786953504511,614.573213046495,0.436590436590437,209.56340956341,0.421875,405,31.5,17.2116402116402,53.6666666666667,16.0248447204969
"2025-09-20 10:00:00|Monitor7.txt|18",18,"2025-09-20 10:00:00|Monitor7.txt",2025-09-20T10:00:00Z,2025-09-26T10:20:00Z,"OK","M","DGRP217","21.5C","Winter","NA","08:12","M7","Batch8_DGRP",0.575396366161324,828.570767272307,0.535925026032628,257.244012495661,0.595138888888889,571.333333333333,0,2400,64740,0.570437196391395,821.429562803609,0.627858627858628,301.372141372141,0.541666666666667,520,0,600,75720,0.564885496183206,813.435114503817,0.573804573804574,275.426195426195,0.560416666666667,538,780,420,67620,0.566273421235253,815.433726578765,0.586278586278586,281.413721413721,0.55625,534,1020,1980,62040,0.58292852185982,839.41707147814,0.399168399168399,191.600831600832,0.675,648,960,300,54300,0.581540596807772,837.418459403192,0.501039501039501,240.498960498961,0.621875,597,360,420,37800,0.587092297015961,845.412907702984,0.53014553014553,254.469854469854,0.615625,591,27,17.6172839506173,40.1666666666667,23.2697095435685
"2025-09-20 10:00:00|Monitor7.txt|19",19,"2025-09-20 10:00:00|Monitor7.txt",2025-09-20T10:00:00Z,2025-09-26T10:20:00Z,"OK","M","DGRP217","21.5C","Winter","NA","08:12","M7","Batch8_DGRP",0.414998264089804,597.597500289318,0.618535230822631,296.896910794863,0.313194444444444,300.666666666667,0,4080,84720,0.473282442748092,681.526717557252,0.750519750519751,360.24948024948,0.334375,321,6960,420,34860,0.594031922276197,855.405968077724,0.758835758835759,364.241164241164,0.511458333333333,491,540,1620,66120,0.310201249132547,446.689798750867,0.453222453222453,217.546777546778,0.238541666666667,229,660,10200,660,0.409437890353921,589.590562109646,0.654885654885655,314.345114345114,0.286458333333333,275,420,420,960,0.330326162387231,475.669673837613,0.532224532224532,255.467775467776,0.229166666666667,220,420,1980,57180,0.371963913948647,535.628036086051,0.557172557172557,267.442827442828,0.279166666666667,268,22.5,26.037037037037,18,46.3518518518519
"2025-09-20 10:00:00|Monitor7.txt|20",20,"2025-09-20 10:00:00|Monitor7.txt",2025-09-20T10:00:00Z,2025-09-26T10:20:00Z,"OK","M","DGRP217","21.5C","Winter","NA","08:12","M7","Batch8_DGRP",0.538247887975929,775.076958685337,0.644914960083304,309.559180839986,0.484895833333333,465.5,0,21840,0,0.687716863289382,990.312283136711,0.952182952182952,457.047817047817,0.555208333333333,533,420,6300,79800,0.571825121443442,823.428174878557,0.625779625779626,300.37422037422,0.544791666666667,523,360,5460,38640,0.526023594725885,757.473976405274,0.632016632016632,303.367983367983,0.472916666666667,454,600,7380,40200,0.504510756419153,726.495489243581,0.588357588357588,282.411642411642,0.4625,444,720,2040,2820,0.505204718945177,727.494795281055,0.577962577962578,277.422037422037,0.46875,450,600,1740,3960,0.433032616238723,623.566967383761,0.488565488565489,234.511434511435,0.405208333333333,389,22.5,24.3481481481482,30.1666666666667,28.353591160221
"2025-09-20 10:00:00|Monitor7.txt|23",23,"2025-09-20 10:00:00|Monitor7.txt",2025-09-20T10:00:00Z,2025-09-26T10:20:00Z,"OK","M","DGRP217","21.5C","Winter","NA","08:12","M7","Batch8_DGRP",0.513019326466844,738.747830112256,0.612287400208261,293.897952099965,0.463368055555556,444.833333333333,0,420,48240,0.621096460791117,894.378903539209,0.8004158004158,384.199584199584,0.53125,510,420,600,42600,0.53088133240805,764.469118667592,0.590436590436591,283.409563409563,0.501041666666667,481,900,2580,43500,0.541984732824428,780.458015267176,0.646569646569647,310.35343035343,0.489583333333333,470,960,300,62220,0.536433032616239,772.463566967384,0.698544698544699,335.301455301455,0.455208333333333,437,660,480,55140,0.501734906315059,722.498265093685,0.498960498960499,239.50103950104,0.503125,483,300,600,59640,0.344205412907703,495.655794587092,0.432432432432432,207.567567567568,0.3,288,24.8333333333333,23.9060402684564,24.5,33.4897959183674
"2025-09-20 10:00:00|Monitor7.txt|24",24,"2025-09-20 10:00:00|Monitor7.txt",2025-09-20T10:00:00Z,2025-09-26T10:20:00Z,"OK","M","DGRP217","21.5C","Winter","NA","08:12","M7","Batch8_DGRP",0.484781853952089,698.085869691008,0.660187434918431,316.889968760847,0.397048611111111,381.166666666667,0,2220,40680,0.589868147120056,849.41013185288,0.717255717255717,344.282744282744,0.526041666666667,505,1440,780,13440,0.535045107564192,770.464954892436,0.683991683991684,328.316008316008,0.460416666666667,442,3660,1500,36000,0.452463566967384,651.547536433033,0.586278586278586,281.413721413721,0.385416666666667,370,540,300,13980,0.322692574600972,464.677307425399,0.675675675675676,324.324324324324,0.145833333333333,140,0,960,59040,0.462873004857738,666.537126995142,0.708939708939709,340.29106029106,0.339583333333333,326,600,2100,57900,0.545454545454545,785.454545454545,0.586278586278586,281.413721413721,0.525,504,13,35.9230769230769,13.1666666666667,72.9746835443038
"2025-09-20 10:00:00|Monitor7.txt|27",27,"2025-09-20 10:00:00|Monitor7.txt",2025-09-20T10:00:00Z,2025-09-26T10:20:00Z,"OK","M","DGRP217","21.5C","Winter","NA","08:12","M7","Batch8_DGRP",0.50862168730471,732.415229718783,0.439430753210691,210.926761541132,0.543229166666667,521.5,0,360,46140,0.612074947952811,881.387925052047,0.503118503118503,241.496881496882,0.666666666666667,640,480,1020,40980,0.60999306037474,878.390006939625,0.482328482328482,231.517671517672,0.673958333333333,647,1980,1980,40080,0.45940319222762,661.540596807773,0.384615384615385,184.615384615385,0.496875,477,3000,1140,40140,0.44205412907703,636.557945870923,0.434511434511435,208.565488565489,0.445833333333333,428,2160,600,38820,0.480222068008328,691.519777931992,0.511434511434512,245.488565488566,0.464583333333333,446,1380,360,52920,0.446911866759195,643.553088133241,0.318087318087318,152.681912681913,0.511458333333333,491,25.3333333333333,19.6578947368421,33.6666666666667,27.0990099009901
"2025-09-20 10:00:00|Monitor7.txt|28",28,"2025-09-20 10:00:00|Monitor7.txt",2025-09-20T10:00:00Z,2025-09-26T10:20:00Z,"OK","M","DGRP217","21.5C","Winter","NA","08:12","M7","Batch8_DGRP",0.47413493808587,682.754310843652,0.647344671988893,310.725442554669,0.3875,372,1560,3300,73020,0.514226231783484,740.485773768217,0.802494802494803,385.197505197505,0.369791666666667,355,1380,2520,71520,0.444829979181124,640.555170020819,0.702702702702703,337.297297297297,0.315625,303,720,480,70980,0.356002775850104,512.64399722415,0.582120582120582,279.417879417879,0.242708333333333,233,780,960,15300,0.563497571131159,811.436502428869,0.627858627858628,301.372141372141,0.53125,510,540,1740,66840,0.546842470506593,787.453157529494,0.602910602910603,289.397089397089,0.51875,498,420,1860,36960,0.418459403192228,602.581540596808,0.561330561330561,269.43866943867,0.346875,333,35.1666666666667,15.1563981042654,24.6666666666667,35.7702702702703
"2025-09-20 10:00:00|Monitor7.txt|29",29,"2025-09-20 10:00:00|Monitor7.txt",2025-09-20T10:00:00Z,2025-09-26T10:20:00Z,"OK","M","DGRP217","21.5C","Winter","NA","08:12","M7","Batch8_DGRP",0.618678393704432,890.896886934383,0.669906282540785,321.555015619577,0.593055555555556,569.333333333333,0,360,44460,0.562803608605135,810.437196391395,0.43035343035343,206.569646569647,0.629166666666667,604,6060,900,40680,0.632199861207495,910.367800138792,0.577962577962578,277.422037422037,0.659375,633,2100,4860,2100,0.596807772380292,859.40319222762,0.738045738045738,354.261954261954,0.526041666666667,505,120,6960,67320,0.624566273421235,899.375433726579,0.688149688149688,330.31185031185,0.592708333333333,569,240,4800,5220,0.673837612768911,970.326162387231,0.879417879417879,422.120582120582,0.570833333333333,548,360,600,1020,0.622484385843165,896.377515614157,0.706860706860707,339.293139293139,0.580208333333333,557,26.5,17.6981132075472,30.1666666666667,31.2596685082873
"2025-09-20 10:00:00|Monitor7.txt|32",32,"2025-09-20 10:00:00|Monitor7.txt",2025-09-20T10:00:00Z,2025-09-26T10:20:00Z,"OK","M","DGRP217","21.5C","Winter","NA","08:12","M7","Batch8_DGRP",0.452956833699803,652.257840527717,0.425893786879556,204.429017702187,0.466493055555556,447.833333333333,960,780,41460,0.573907009021513,826.426092990979,0.486486486486487,233.513513513514,0.617708333333333,593,5820,300,42840,0.551006245662734,793.448993754337,0.45945945945946,220.540540540541,0.596875,573,2340,300,61380,0.457321304649549,658.542678695351,0.37006237006237,177.629937629938,0.501041666666667,481,660,480,60300,0.320610687022901,461.679389312977,0.424116424116424,203.575883575884,0.26875,258,900,2160,52080,0.413601665510062,595.58639833449,0.488565488565489,234.511434511435,0.376041666666667,361,600,360,75180,0.400416377515614,576.599583622484,0.324324324324324,155.675675675676,0.438541666666667,421,24.5,20.6394557823129,27.5,33.0424242424242
"2025-09-20 10:00:00|Monitor8.txt|01",1,"2025-09-20 10:00:00|Monitor8.txt",2025-09-20T10:00:00Z,2025-09-26T10:20:00Z,"OK","M","DGRP336","21.5C","Winter","NA","08:12","M8","Batch8_DGRP",0.625622034486749,900.895729660919,0.577577230128428,277.237070461645,0.649652777777778,623.666666666667,540,1860,53340,0.60999306037474,878.390006939625,0.555093555093555,266.444906444906,0.6375,612,240,480,47580,0.596807772380292,859.40319222762,0.51975051975052,249.48024948025,0.635416666666667,610,540,1080,58080,0.67175572519084,967.328244274809,0.646569646569647,310.35343035343,0.684375,657,1200,1200,42960,0.625954198473283,901.374045801527,0.623700623700624,299.376299376299,0.627083333333333,602,420,600,31020,0.603747397640527,869.39625260236,0.56964656964657,273.430353430353,0.620833333333333,596,1380,720,31620,0.646079111727967,930.353920888272,0.553014553014553,265.446985446986,0.692708333333333,665,36,13.1203703703704,58,15.6580459770115
"2025-09-20 10:00:00|Monitor8.txt|02",2,"2025-09-20 10:00:00|Monitor8.txt",2025-09-20T10:00:00Z,2025-09-26T10:20:00Z,"OK","M","DGRP336","21.5C","Winter","NA","08:12","M8","Batch8_DGRP",0.790302048374031,1138.0349496586,0.671641791044776,322.388059701493,0.849652777777778,815.666666666667,1320,780,36180,0.675919500346981,973.324080499653,0.424116424116424,203.575883575884,0.802083333333333,770,1740,480,34620,0.812630117973629,1170.18736988203,0.827442827442827,397.172557172557,0.805208333333333,773,900,300,39480,0.765440666204025,1102.2345593338,0.627858627858628,301.372141372141,0.834375,801,960,600,37860,0.764052741151978,1100.23594725885,0.611226611226611,293.388773388773,0.840625,807,3300,1500,44340,0.832755031228314,1199.16724496877,0.696465696465697,334.303534303534,0.901041666666667,865,540,720,34440,0.891047883414296,1283.10895211659,0.844074844074844,405.155925155925,0.914583333333333,878,32.8333333333333,13.8680203045685,30.3333333333333,30.978021978022
"2025-09-20 10:00:00|Monitor8.txt|03",3,"2025-09-20 10:00:00|Monitor8.txt",2025-09-20T10:00:00Z,2025-09-26T10:20:00Z,"OK","M","DGRP336","21.5C","Winter","NA","08:12","M8","Batch8_DGRP",0.756162481194306,1088.8739729198,0.765706351961125,367.53904894134,0.751388888888889,721.333333333333,1680,1140,49260,0.728660652324775,1049.27133934768,0.604989604989605,290.39501039501,0.790625,759,240,300,36000,0.795975017349063,1146.20402498265,0.762993762993763,366.237006237006,0.8125,780,660,780,38640,0.764746703678001,1101.23525329632,0.798336798336798,383.201663201663,0.747916666666667,718,540,840,40020,0.768216516308119,1106.23178348369,0.871101871101871,418.128898128898,0.716666666666667,688,19200,2340,38460,0.734212352532963,1057.26578764747,0.83991683991684,403.160083160083,0.68125,654,1680,2880,37260,0.746009715475364,1074.25399028452,0.719334719334719,345.280665280665,0.759375,729,19.1666666666667,22.0347826086957,35.5,27.5399061032864
"2025-09-20 10:00:00|Monitor8.txt|08",8,"2025-09-20 10:00:00|Monitor8.txt",2025-09-20T10:00:00Z,2025-09-26T10:20:00Z,"OK","M","DGRP336","21.5C","Winter","NA","08:12","M8","Batch8_DGRP",0.698067353315588,1005.21698877445,0.594585213467546,285.400902464422,0.749826388888889,719.833333333333,0,300,53940,0.581540596807772,837.418459403192,0.465696465696466,223.534303534304,0.639583333333333,614,1320,420,61500,0.684941013185288,986.315058986815,0.577962577962578,277.422037422037,0.738541666666667,709,1200,1380,45360,0.762664816099931,1098.2373351839,0.590436590436591,283.409563409563,0.848958333333333,815,540,1020,35100,0.684941013185288,986.315058986815,0.615384615384615,295.384615384615,0.719791666666667,691,420,420,54420,0.771686328938237,1111.22831367106,0.69022869022869,331.309771309771,0.8125,780,840,660,43140,0.703678001387925,1013.29632199861,0.632016632016632,303.367983367983,0.739583333333333,710,35.1666666666667,13.0568720379147,33,28.550505050505
"2025-09-20 10:00:00|Monitor8.txt|10",10,"2025-09-20 10:00:00|Monitor8.txt",2025-09-20T10:00:00Z,2025-09-26T10:20:00Z,"OK","M","DGRP336","21.5C","Winter","NA","08:12","M8","Batch8_DGRP",0.826756162481194,1190.52887397292,0.923637625824367,443.346060395696,0.778298611111111,747.166666666667,0,900,54780,0.759888965995836,1094.240111034,0.883575883575884,424.116424116424,0.697916666666667,670,3840,420,48120,0.800138792505205,1152.19986120749,0.862785862785863,414.137214137214,0.76875,738,1800,420,48960,0.818181818181818,1178.18181818182,0.927234927234927,445.072765072765,0.763541666666667,733,1320,540,61500,0.816099930603748,1175.1839000694,0.93970893970894,451.060291060291,0.754166666666667,724,600,4200,38820,0.863289382373352,1243.13671061763,0.937629937629938,450.06237006237,0.826041666666667,793,3120,4260,44640,0.902845246356697,1300.09715475364,0.98960498960499,475.010395010395,0.859375,825,14.8333333333333,30.1910112359551,18.5,52.2612612612613
"2025-09-20 10:00:00|Monitor8.txt|15",15,"2025-09-20 10:00:00|Monitor8.txt",2025-09-20T10:00:00Z,2025-09-26T10:20:00Z,"OK","M","DGRP336","21.5C","Winter","NA","08:12","M8","Batch8_DGRP",0.86274736720287,1242.35620877213,0.792780284623395,380.534536619229,0.897743055555556,861.833333333333,1140,540,61140,0.843858431644691,1215.15614156836,0.746361746361746,358.253638253638,0.892708333333333,857,0,360,35880,0.808466342817488,1164.19153365718,0.717255717255717,344.282744282744,0.854166666666667,820,2460,300,41580,0.796668979875087,1147.20333102013,0.683991683991684,328.316008316008,0.853125,819,540,420,35580,0.863983344899376,1244.1360166551,0.85031185031185,408.149688149688,0.870833333333333,836,900,480,29940,0.936849410131853,1349.06315058987,0.869022869022869,417.130977130977,0.970833333333333,932,2160,1740,40260,0.927133934767523,1335.07286606523,0.891891891891892,428.108108108108,0.944791666666667,907,28,16.0595238095238,28.3333333333333,33.1294117647059
"2025-09-20 10:00:00|Monitor8.txt|16",16,"2025-09-20 10:00:00|Monitor8.txt",2025-09-20T10:00:00Z,2025-09-26T10:20:00Z,"OK","M","DGRP336","21.5C","Winter","NA","08:12","M8","Batch8_DGRP",0.590440921189677,850.234926513135,0.599097535577924,287.566817077404,0.586111111111111,562.666666666667,1200,540,37080,0.697432338653713,1004.30256766135,0.632016632016632,303.367983367983,0.730208333333333,701,60,360,36660,0.754337265787648,1086.24566273421,0.746361746361746,358.253638253638,0.758333333333333,728,600,600,42180,0.625954198473283,901.374045801527,0.748440748440749,359.251559251559,0.564583333333333,542,540,300,42600,0.482303955586398,694.517696044414,0.544698544698545,261.455301455301,0.451041666666667,433,780,480,36660,0.453157529493407,652.546842470507,0.43035343035343,206.569646569647,0.464583333333333,446,1500,600,37620,0.528105482303956,760.471894517696,0.488565488565489,234.511434511435,0.547916666666667,526,34.1666666666667,15.1219512195122,36,24.5138888888889
"2025-09-20 10:00:00|Monitor8.txt|18",18,"2025-09-20 10:00:00|Monitor8.txt",2025-09-20T10:00:00Z,2025-09-26T10:20:00Z,"OK","M","DGRP336","21.5C","Winter","NA","08:12","M8","Batch8_DGRP",0.926513135053813,1334.17891447749,0.929538354737938,446.17841027421,0.925,888,0,540,51180,0.8764746703678,1262.12352532963,0.879417879417879,422.120582120582,0.875,840,660,1680,60660,0.88410825815406,1273.11589174185,0.88981288981289,427.110187110187,0.88125,846,2640,6720,52680,0.959750173490631,1382.04024982651,0.96049896049896,461.039501039501,0.959375,921,0,420,39720,0.943789035392089,1359.05621096461,0.948024948024948,455.051975051975,0.941666666666667,904,480,300,42180,0.952810548230396,1372.04718945177,0.958419958419958,460.04158004158,0.95,912,420,420,51720,0.942401110340042,1357.05759888966,0.941787941787942,452.058212058212,0.942708333333333,905,16.1666666666667,28.7628865979382,25.6666666666667,35.7532467532467
"2025-09-20 10:00:00|Monitor8.txt|25",25,"2025-09-20 10:00:00|Monitor8.txt",2025-09-20T10:00:00Z,2025-09-26T10:20:00Z,"OK","M","DGRP336","21.5C","Winter","NA","08:12","M8","Batch8_DGRP",0.521351695405624,750.746441384099,0.536619229434224,257.577230128428,0.513715277777778,493.166666666667,0,420,31440,0.77793199167245,1120.22206800833,0.783783783783784,376.216216216216,0.775,744,180,300,78840,0.463566967383761,667.536433032616,0.474012474012474,227.525987525988,0.458333333333333,440,420,3780,36180,0.41707147814018,600.58292852186,0.440748440748441,211.559251559252,0.405208333333333,389,3540,360,81180,0.414295628036086,596.585704371964,0.476091476091476,228.523908523909,0.383333333333333,368,420,1140,43320,0.526717557251908,758.473282442748,0.546777546777547,262.453222453222,0.516666666666667,496,2040,960,43380,0.529493407356003,762.470506592644,0.501039501039501,240.498960498961,0.54375,522,37.3333333333333,13.0982142857143,48.6666666666667,18.7671232876712
"2025-09-20 10:00:00|Monitor8.txt|27",27,"2025-09-20 10:00:00|Monitor8.txt",2025-09-20T10:00:00Z,2025-09-26T10:20:00Z,"OK","M","DGRP336","21.5C","Winter","NA","08:12","M8","Batch8_DGRP",0.751880569378544,1082.7080199051,0.618535230822631,296.896910794863,0.818576388888889,785.833333333333,0,600,35520,0.865371269951423,1246.13462873005,0.756756756756757,363.243243243243,0.919791666666667,883,780,360,58920,0.786953504510756,1133.21304649549,0.67983367983368,326.320166320166,0.840625,807,660,480,42180,0.772380291464261,1112.22761970854,0.69022869022869,331.309771309771,0.813541666666667,781,240,1140,50460,0.705759888965996,1016.29424011103,0.51975051975052,249.48024948025,0.798958333333333,767,180,420,49260,0.723802914642609,1042.27619708536,0.563409563409563,270.43659043659,0.804166666666667,772,480,660,45540,0.657876474670368,947.34212352533,0.505197505197505,242.494802494803,0.734375,705,28.8333333333333,16.0231213872832,42,22.1031746031746
"2025-09-20 10:00:00|Monitor8.txt|29",29,"2025-09-20 10:00:00|Monitor8.txt",2025-09-20T10:00:00Z,2025-09-26T10:20:00Z,"OK","M","DGRP336","21.5C","Winter","NA","08:12","M8","Batch8_DGRP",0.858812637426224,1236.69019789376,0.864283234987851,414.855952794169,0.856076388888889,821.833333333333,60,300,43620,0.832755031228314,1199.16724496877,0.844074844074844,405.155925155925,0.827083333333333,794,720,1740,35700,0.867453157529493,1249.13254684247,0.873180873180873,419.126819126819,0.864583333333333,830,480,480,1140,0.866065232477446,1247.13393476752,0.858627858627859,412.141372141372,0.869791666666667,835,420,360,36840,0.83969465648855,1209.16030534351,0.841995841995842,404.158004158004,0.838541666666667,805,600,3660,30840,0.88410825815406,1273.11589174185,0.866943866943867,416.133056133056,0.892708333333333,857,5040,2700,39600,0.863289382373352,1243.13671061763,0.902286902286902,433.097713097713,0.84375,810,22.5,19.5481481481482,42.8333333333333,21.7937743190662
"2025-09-20 10:00:00|Monitor8.txt|30",30,"2025-09-20 10:00:00|Monitor8.txt",2025-09-20T10:00:00Z,2025-09-26T10:20:00Z,"OK","M","DGRP336","21.5C","Winter","NA","08:12","M8","Batch8_DGRP",0.774910311306562,1115.87084828145,0.792086081221798,380.201318986463,0.766319444444445,735.666666666667,0,540,61920,0.691880638445524,996.308119361555,0.785862785862786,377.214137214137,0.644791666666667,619,60,600,67260,0.769604441360167,1108.23039555864,0.771309771309771,370.22869022869,0.76875,738,540,360,68760,0.80499653018737,1159.19500346981,0.829521829521829,398.170478170478,0.792708333333333,761,1320,960,41580,0.805690492713394,1160.19430950729,0.792099792099792,380.2079002079,0.8125,780,240,300,58920,0.816793893129771,1176.18320610687,0.852390852390852,409.147609147609,0.798958333333333,767,540,2220,60840,0.76058292852186,1095.23941707148,0.721413721413721,346.278586278586,0.780208333333333,749,32,14.15625,54.3333333333333,16.6932515337423
"2025-09-20 10:00:00|Monitor8.txt|32",32,"2025-09-20 10:00:00|Monitor8.txt",2025-09-20T10:00:00Z,2025-09-26T10:20:00Z,"OK","M","DGRP336","21.5C","Winter","NA","08:12","M8","Batch8_DGRP",0.873278555722717,1257.52112024071,0.930232558139535,446.511627906977,0.844791666666667,811,0,900,12960,0.929215822345593,1338.07078417765,0.979209979209979,470.02079002079,0.904166666666667,868,1380,1440,58260,0.859819569743234,1238.14018043026,0.931392931392931,447.068607068607,0.823958333333333,791,2460,1140,60300,0.843164469118668,1214.15683553088,0.914760914760915,439.085239085239,0.807291666666667,775,660,2460,61980,0.877862595419847,1264.12213740458,0.923076923076923,443.076923076923,0.855208333333333,821,1260,1080,66240,0.828591256072172,1193.17140874393,0.914760914760915,439.085239085239,0.785416666666667,754,240,420,67200,0.901457321304649,1298.0985426787,0.918918918918919,441.081081081081,0.892708333333333,857,15.1666666666667,29.8681318681319,40.1666666666667,23.2904564315353
"2025-09-20 10:00:00|Monitor9.txt|05",5,"2025-09-20 10:00:00|Monitor9.txt",2025-09-20T10:00:00Z,2025-09-26T10:20:00Z,"OK","M","DGRP409","21.5C","Winter","NA","08:12","M9","Batch8_DGRP",0.949542876981831,1367.34174285384,0.94376952447067,453.009371745922,0.952430555555556,914.333333333333,720,300,1080,0.961138098542679,1384.03886190146,0.962577962577963,462.037422037422,0.960416666666667,922,2880,25440,34440,0.952810548230396,1372.04718945177,0.912681912681913,438.087318087318,0.972916666666667,934,2640,300,29400,0.942401110340042,1357.05759888966,0.902286902286902,433.097713097713,0.9625,924,720,1620,2460,0.938931297709924,1352.06106870229,0.968814968814969,465.031185031185,0.923958333333333,887,600,420,9360,0.936849410131853,1349.06315058987,0.948024948024948,455.051975051975,0.93125,894,1200,5820,33120,0.964607911172797,1389.03539208883,0.966735966735967,464.033264033264,0.963541666666667,925,5.33333333333333,92.03125,16.1666666666667,57.2783505154639
"2025-09-20 10:00:00|Monitor9.txt|07",7,"2025-09-20 10:00:00|Monitor9.txt",2025-09-20T10:00:00Z,2025-09-26T10:20:00Z,"OK","M","DGRP409","21.5C","Winter","NA","08:12","M9","Batch8_DGRP",0.871195463488022,1254.52146742275,0.947240541478653,454.675459909754,0.833159722222222,799.833333333333,0,4380,41340,0.932685634975711,1343.06731436502,0.964656964656965,463.035343035343,0.916666666666667,880,180,2040,29940,0.913254684247051,1315.08674531575,0.904365904365904,434.095634095634,0.917708333333333,881,7440,1800,30180,0.897987508674532,1293.10201249133,0.95010395010395,456.049896049896,0.871875,837,3960,300,39420,0.839000693962526,1208.16099930604,0.916839916839917,440.08316008316,0.8,768,420,5760,6240,0.799444829979181,1151.20055517002,0.972972972972973,467.027027027027,0.7125,684,420,6480,34080,0.843858431644691,1215.15614156836,0.970893970893971,466.029106029106,0.780208333333333,749,9.83333333333333,45.1016949152542,26.1666666666667,37.1910828025478
"2025-09-20 10:00:00|Monitor9.txt|08",8,"2025-09-20 10:00:00|Monitor9.txt",2025-09-20T10:00:00Z,2025-09-26T10:20:00Z,"OK","M","DGRP409","21.5C","Winter","NA","08:12","M9","Batch8_DGRP",0.778034949658604,1120.37032750839,0.946546338077057,454.342242276987,0.69375,666,0,4800,5520,0.853573907009021,1229.14642609299,0.95010395010395,456.049896049896,0.805208333333333,773,600,840,35100,0.80499653018737,1159.19500346981,0.891891891891892,428.108108108108,0.761458333333333,731,0,360,35400,0.741845940319223,1068.25815405968,0.902286902286902,433.097713097713,0.661458333333333,635,420,2640,13980,0.773074253990285,1113.22692574601,0.979209979209979,470.02079002079,0.669791666666667,643,0,10680,35220,0.718251214434421,1034.28174878557,0.956340956340956,459.043659043659,0.598958333333333,575,0,300,360,0.776544066620403,1118.22345593338,0.997920997920998,479.002079002079,0.665625,639,9,54.9814814814815,38.5,23.7359307359307
"2025-09-20 10:00:00|Monitor9.txt|09",9,"2025-09-20 10:00:00|Monitor9.txt",2025-09-20T10:00:00Z,2025-09-26T10:20:00Z,"OK","M","DGRP409","21.5C","Winter","NA","08:12","M9","Batch8_DGRP",0.794583960189793,1144.2009026733,0.917389795209997,440.347101700798,0.733159722222222,703.833333333333,120,1800,38520,0.79736294240111,1148.2026370576,0.929313929313929,446.070686070686,0.73125,702,420,960,34320,0.806384455239417,1161.19361554476,0.858627858627859,412.141372141372,0.780208333333333,749,420,4800,33840,0.815405968077724,1174.18459403192,0.964656964656965,463.035343035343,0.740625,711,1680,720,37080,0.795975017349063,1146.20402498265,0.9002079002079,432.099792099792,0.74375,714,60,2340,32220,0.792505204718945,1141.20749479528,0.902286902286902,433.097713097713,0.7375,708,840,960,33540,0.759888965995836,1094.240111034,0.948024948024948,455.051975051975,0.665625,639,12.6666666666667,39.1447368421053,24.5,37.7210884353741
"2025-09-20 10:00:00|Monitor9.txt|12",12,"2025-09-20 10:00:00|Monitor9.txt",2025-09-20T10:00:00Z,2025-09-26T10:20:00Z,"OK","M","DGRP409","21.5C","Winter","NA","08:12","M9","Batch8_DGRP",0.823400069436408,1185.69609998843,0.970149253731343,465.671641791045,0.75,720,0,21120,0,0.875780707841777,1261.12421929216,0.964656964656965,463.035343035343,0.83125,798,900,3000,3960,0.84177654406662,1212.15822345593,0.981288981288981,471.018711018711,0.771875,741,420,6960,85980,0.789729354614851,1137.21027064539,0.956340956340956,459.043659043659,0.70625,678,11940,840,34560,0.834836918806385,1202.16516308119,0.975051975051975,468.024948024948,0.764583333333333,734,0,8040,35220,0.788341429562804,1135.21165857044,0.977130977130977,469.022869022869,0.69375,666,480,7080,51540,0.809854267869535,1166.19014573213,0.964656964656965,463.035343035343,0.732291666666667,703,5.83333333333333,76.3714285714286,33,29.3838383838384
"2025-09-20 10:00:00|Monitor9.txt|16",16,"2025-09-20 10:00:00|Monitor9.txt",2025-09-20T10:00:00Z,2025-09-26T10:20:00Z,"OK","M","DGRP409","21.5C","Winter","NA","08:12","M9","Batch8_DGRP",0.761254484434672,1096.20645758593,0.869489760499826,417.355085039917,0.707118055555556,678.833333333333,0,360,36660,0.861207494795281,1240.1387925052,0.879417879417879,422.120582120582,0.852083333333333,818,420,2880,86400,0.737682165163081,1062.26231783484,0.841995841995842,404.158004158004,0.685416666666667,658,0,13620,0,0.736988202637058,1061.26301179736,0.881496881496882,423.118503118503,0.664583333333333,638,180,3120,37680,0.751561415683553,1082.24843858432,0.856548856548857,411.143451143451,0.698958333333333,671,600,2580,61080,0.747397640527412,1076.25260235947,0.869022869022869,417.130977130977,0.686458333333333,659,3360,720,62040,0.732130464954892,1054.26786953505,0.885654885654886,425.114345114345,0.655208333333333,629,20.6666666666667,23.3387096774194,28.6666666666667,32.156976744186
"2025-09-20 10:00:00|Monitor9.txt|17",17,"2025-09-20 10:00:00|Monitor9.txt",2025-09-20T10:00:00Z,2025-09-26T10:20:00Z,"OK","M","DGRP409","21.5C","Winter","NA","08:12","M9","Batch8_DGRP",0.751070477953941,1081.54148825367,0.922596320721972,442.846233946546,0.665277777777778,638.666666666667,0,420,9180,0.850798056904927,1225.1492019431,0.920997920997921,442.079002079002,0.815625,783,480,7920,36600,0.841082581540597,1211.15891741846,0.937629937629938,450.06237006237,0.792708333333333,761,1260,5940,18300,0.788341429562804,1135.21165857044,0.925155925155925,444.074844074844,0.719791666666667,691,540,540,4800,0.669673837612769,964.330326162387,0.908523908523908,436.091476091476,0.55,528,420,3360,13080,0.675225537820958,972.324774462179,0.912681912681913,438.087318087318,0.55625,534,1080,1920,6240,0.680777238029147,980.319222761971,0.927234927234927,445.072765072765,0.557291666666667,535,10,47.1333333333333,37.6666666666667,24.9557522123894
"2025-09-20 10:00:00|Monitor9.txt|19",19,"2025-09-20 10:00:00|Monitor9.txt",2025-09-20T10:00:00Z,2025-09-26T10:20:00Z,"OK","M","DGRP409","21.5C","Winter","NA","08:12","M9","Batch8_DGRP",0.843768082397871,1215.02603865293,0.884415133634155,424.519264144394,0.8234375,790.5,0,360,48840,0.863289382373352,1243.13671061763,0.860706860706861,413.139293139293,0.864583333333333,830,420,1200,15900,0.829285218598196,1194.1707147814,0.920997920997921,442.079002079002,0.783333333333333,752,60,480,41640,0.851492019430951,1226.14850798057,0.821205821205821,394.178794178794,0.866666666666667,832,480,3060,57540,0.879250520471895,1266.12074947953,0.879417879417879,422.120582120582,0.879166666666667,844,240,1140,32580,0.793199167244969,1142.20680083276,0.931392931392931,447.068607068607,0.723958333333333,695,480,900,56160,0.845246356696739,1217.1547536433,0.88981288981289,427.110187110187,0.822916666666667,790,17.5,27.2380952380952,40.6666666666667,22.5655737704918
"2025-09-20 10:00:00|Monitor9.txt|20",20,"2025-09-20 10:00:00|Monitor9.txt",2025-09-20T10:00:00Z,2025-09-26T10:20:00Z,"OK","M","DGRP409","21.5C","Winter","NA","08:12","M9","Batch8_DGRP",0.783011225552598,1127.53616479574,0.96043040610899,461.006594932315,0.694270833333333,666.5,0,11640,45720,0.845940319222762,1218.15405968078,0.925155925155925,444.074844074844,0.80625,774,420,4800,33660,0.874392782789729,1259.12560721721,0.964656964656965,463.035343035343,0.829166666666667,796,420,4260,19320,0.800138792505205,1152.19986120749,0.954261954261954,458.045738045738,0.722916666666667,694,60,300,4080,0.750173490631506,1080.24982650937,0.956340956340956,459.043659043659,0.646875,621,5160,480,86040,0.675919500346981,973.324080499653,0.964656964656965,463.035343035343,0.53125,510,22020,1680,47280,0.751561415683553,1082.24843858432,0.995841995841996,478.004158004158,0.629166666666667,604,7.5,54.1777777777778,39.1666666666667,25.6851063829787
"2025-09-20 10:00:00|Monitor9.txt|21",21,"2025-09-20 10:00:00|Monitor9.txt",2025-09-20T10:00:00Z,2025-09-26T10:20:00Z,"OK","M","DGRP409","21.5C","Winter","NA","08:12","M9","Batch8_DGRP",0.815414882536743,1174.19743085291,0.995140576188823,477.667476570635,0.725520833333333,696.5,0,300,33780,0.875086745315753,1260.12491325468,0.987525987525988,474.012474012474,0.81875,786,33240,300,84900,0.820957668285913,1182.17904233171,1,480,0.73125,702,22440,6960,35400,0.79736294240111,1148.2026370576,0.997920997920998,479.002079002079,0.696875,669,120,4920,86280,0.800138792505205,1152.19986120749,0.98960498960499,475.010395010395,0.705208333333333,677,31320,420,85140,0.770992366412214,1110.22900763359,1,480,0.65625,630,26640,2700,34920,0.828591256072172,1193.17140874393,0.995841995841996,478.004158004158,0.744791666666667,715,1.66666666666667,112.9,29.5,41.5875706214689
"2025-09-20 10:00:00|Monitor9.txt|27",27,"2025-09-20 10:00:00|Monitor9.txt",2025-09-20T10:00:00Z,2025-09-26T10:20:00Z,"OK","M","DGRP409","21.5C","Winter","NA","08:12","M9","Batch8_DGRP",0.92813331790302,1336.51197778035,0.960083304408192,460.839986115932,0.912152777777778,875.666666666667,0,14220,0,0.929215822345593,1338.07078417765,0.979209979209979,470.02079002079,0.904166666666667,868,6600,1740,11640,0.895211658570437,1289.10478834143,0.943866943866944,453.056133056133,0.870833333333333,836,5280,420,53580,0.875780707841777,1261.12421929216,0.931392931392931,447.068607068607,0.847916666666667,814,420,2640,84600,0.929215822345593,1338.07078417765,0.935550935550936,449.064449064449,0.926041666666667,889,7500,660,85740,0.960444136016655,1383.03955586398,0.977130977130977,469.022869022869,0.952083333333333,914,9540,4860,54480,0.979181124219292,1410.02081887578,0.993762993762994,477.006237006237,0.971875,933,8.5,46.9411764705882,30,33.25
"2025-09-20 10:00:00|Monitor9.txt|28",28,"2025-09-20 10:00:00|Monitor9.txt",2025-09-20T10:00:00Z,2025-09-26T10:20:00Z,"OK","M","DGRP409","21.5C","Winter","NA","08:12","M9","Batch8_DGRP",0.756278208540678,1089.04062029858,0.923290524123568,443.179451579313,0.672743055555556,645.833333333333,0,2280,37020,0.701596113809854,1010.29840388619,0.806652806652807,387.193347193347,0.648958333333333,623,360,720,34020,0.730742539902845,1052.2692574601,0.918918918918919,441.081081081081,0.636458333333333,611,120,7320,35760,0.755031228313671,1087.24496877169,0.983367983367983,472.016632016632,0.640625,615,420,5040,50100,0.776544066620403,1118.22345593338,0.95010395010395,456.049896049896,0.689583333333333,662,240,3000,34740,0.794587092297016,1144.2054129077,0.937629937629938,450.06237006237,0.722916666666667,694,360,900,8820,0.77793199167245,1120.22206800833,0.937629937629938,450.06237006237,0.697916666666667,670,11.8333333333333,40.887323943662,23.8333333333333,39.1118881118881
"2025-09-20 10:00:00|Monitor9.txt|30",30,"2025-09-20 10:00:00|Monitor9.txt",2025-09-20T10:00:00Z,2025-09-26T10:20:00Z,"OK","M","DGRP409","21.5C","Winter","NA","08:12","M9","Batch8_DGRP",0.925471588936466,1332.67908806851,0.938910100659493,450.676848316557,0.91875,882,0,35940,0,0.924358084663428,1331.07564191534,1,480,0.886458333333333,851,900,960,12660,0.873004857737682,1257.12699514226,0.881496881496882,423.118503118503,0.86875,834,480,15840,480,0.899375433726579,1295.10062456627,0.883575883575884,424.116424116424,0.907291666666667,871,720,11040,38700,0.949340735600278,1367.0506592644,0.943866943866944,453.056133056133,0.952083333333333,914,720,1020,57480,0.9382373351839,1351.06176266482,0.948024948024948,455.051975051975,0.933333333333333,896,4260,10200,34620,0.968077723802915,1394.0319222762,0.975051975051975,468.024948024948,0.964583333333333,926,9,53.5925925925926,23.8333333333333,38.7972027972028
"2025-09-20 10:00:00|Monitor9.txt|32",32,"2025-09-20 10:00:00|Monitor9.txt",2025-09-20T10:00:00Z,2025-09-26T10:20:00Z,"OK","M","DGRP409","21.5C","Winter","NA","08:12","M9","Batch8_DGRP",0.678277977085986,976.720287003819,0.740715029503645,355.543214161749,0.647048611111111,621.166666666667,420,300,77100,0.736988202637058,1061.26301179736,0.765072765072765,367.234927234927,0.722916666666667,694,1620,5100,17640,0.661346287300486,952.338653712699,0.756756756756757,363.243243243243,0.613541666666667,589,600,360,71940,0.621096460791117,894.378903539209,0.700623700623701,336.299376299376,0.58125,558,1320,360,65520,0.68147120055517,981.318528799445,0.821205821205821,394.178794178794,0.611458333333333,587,1080,1860,8160,0.714087439278279,1028.28591256072,0.794178794178794,381.205821205821,0.673958333333333,647,960,8400,68880,0.65440666204025,942.34559333796,0.604989604989605,290.39501039501,0.679166666666667,652,17.5,27.0476190476191,30.5,31.016393442623
