158266	8 Nov 25	09:50:00	1	0	55	0	Ct	0	1	0	0	0	0	7	0	0	0	0	0	0	0	2	3	5	1	0	0	0	0	0	0	4	0	0	0	0	0	0	0	0	0
158267	8 Nov 25	09:51:00	1	0	55	0	Ct	0	1	0	0	0	0	2	0	0	0	0	0	0	0	1	0	2	2	0	0	0	0	1	0	3	0	0	0	0	0	0	0	0	0
158268	8 Nov 25	09:52:00	1	0	55	0	Ct	0	1	0	0	0	0	3	0	0	0	0	0	0	0	4	0	3	2	0	0	0	0	1	0	3	0	1	0	0	0	0	0	0	0
158269	8 Nov 25	09:53:00	1	0	55	0	Ct	0	1	0	0	0	0	6	0	0	0	0	0	0	0	2	0	1	2	0	0	0	0	1	0	3	0	0	0	0	0	0	0	0	0
158270	8 Nov 25	09:54:00	1	0	55	0	Ct	0	1	0	0	1	0	4	0	0	0	0	0	0	0	2	0	8	1	0	0	2	0	1	0	4	0	0	0	0	0	0	0	0	0
158271	8 Nov 25	09:55:00	1	0	55	0	Ct	0	1	0	0	3	0	0	0	0	0	0	0	0	0	0	0	0	2	0	0	0	0	1	0	3	0	0	0	0	0	2	0	0	0
158272	8 Nov 25	09:56:00	1	0	55	0	Ct	0	1	0	0	2	0	0	0	0	0	0	0	0	0	8	0	0	2	0	0	0	0	3	0	3	0	0	3	0	0	0	0	0	0
158273	8 Nov 25	09:57:00	1	0	55	0	Ct	0	1	0	0	0	0	0	0	0	0	0	0	0	0	1	0	0	1	0	0	0	0	2	0	1	0	0	0	0	0	0	0	0	0
158274	8 Nov 25	09:58:00	1	0	55	0	Ct	0	1	0	0	0	0	10	0	0	0	0	0	0	0	0	1	3	1	0	0	0	0	0	0	4	0	0	0	1	0	0	0	0	0
158275	8 Nov 25	09:59:00	1	0	55	0	Ct	0	1	0	0	0	0	14	0	0	0	0	0	0	0	1	0	2	2	0	0	0	0	0	0	3	0	0	0	0	0	0	0	0	0
158276	8 Nov 25	10:00:00	1	0	55	0	Ct	0	1	0	0	0	0	1	0	0	0	0	0	0	0	1	0	11	1	0	0	0	0	0	0	3	0	0	0	0	0	0	0	0	0
158277	8 Nov 25	10:01:00	1	0	55	0	Ct	0	1	0	0	0	0	0	0	0	0	0	0	0	0	1	0	2	2	0	0	0	0	2	0	2	0	0	0	0	0	0	0	0	0
158278	8 Nov 25	10:02:00	1	0	55	0	Ct	0	1	0	0	0	0	9	0	0	0	0	0	0	0	1	0	0	2	0	0	0	0	2	0	2	0	0	0	0	0	0	0	0	0
158279	8 Nov 25	10:03:00	1	0	55	0	Ct	0	1	0	0	0	0	0	0	0	0	0	0	0	0	1	0	1	4	0	0	0	0	3	0	3	0	0	0	0	0	0	0	0	0
158280	8 Nov 25	10:04:00	1	0	55	0	Ct	0	1	0	0	0	0	0	0	0	0	0	0	0	0	1	0	0	2	0	0	1	0	1	0	2	0	0	0	0	0	0	0	0	0
158281	8 Nov 25	10:05:00	1	0	55	0	Ct	0	1	0	0	0	0	0	0	0	0	0	0	0	0	0	0	1	1	0	0	1	0	1	0	2	0	0	0	0	0	0	0	0	0
158282	8 Nov 25	10:06:00	1	0	55	0	Ct	0	1	0	0	0	0	0	0	0	0	0	0	0	0	0	0	0	3	0	0	0	0	0	0	3	6	0	0	0	0	0	0	0	0
158283	8 Nov 25	10:07:00	1	0	55	0	Ct	0	1	0	0	0	0	0	0	0	0	0	0	0	0	3	0	0	1	0	0	0	0	2	0	1	0	0	0	0	0	0	0	0	0
158284	8 Nov 25	10:08:00	1	0	55	0	Ct	0	1	0	0	0	0	0	0	0	0	0	0	0	0	1	0	0	0	0	0	0	0	0	0	2	0	0	0	0	0	0	0	0	0
158285	8 Nov 25	10:09:00	1	0	55	0	Ct	0	1	0	0	0	0	5	0	0	0	0	0	0	0	1	7	0	1	0	0	0	0	2	0	3	0	0	0	0	0	0	0	0	0
158286	8 Nov 25	10:10:00	1	0	55	0	Ct	0	1	0	0	0	0	0	0	0	0	0	0	0	0	0	0	6	3	0	0	0	0	0	0	2	0	0	0	0	0	0	0	0	0
158287	8 Nov 25	10:11:00	1	0	55	0	Ct	0	1	0	0	0	0	0	0	0	0	0	0	0	0	0	0	2	3	1	0	0	0	0	0	2	0	0	0	0	0	0	0	0	0
158288	8 Nov 25	10:12:00	1	0	55	0	Ct	0	1	0	0	0	0	6	0	0	0	0	0	0	0	0	0	0	2	3	0	0	0	3	0	1	0	0	0	0	0	0	0	0	0
158289	8 Nov 25	10:13:00	1	0	55	0	Ct	0	1	0	0	0	0	0	0	0	0	0	0	0	0	0	0	0	1	0	0	0	0	0	0	1	4	0	0	0	0	0	0	0	0
158290	8 Nov 25	10:14:00	1	0	55	0	Ct	0	1	0	0	0	0	0	0	0	0	0	0	0	0	0	0	0	2	1	0	0	0	2	0	0	0	0	0	0	0	0	0	0	0
158291	8 Nov 25	10:15:00	1	0	55	0	Ct	0	1	0	0	0	0	0	0	0	0	0	0	0	0	0	0	0	2	1	0	0	0	0	0	3	0	0	0	0	0	0	0	0	0
158292	8 Nov 25	10:16:00	1	0	55	0	Ct	0	1	0	0	0	0	0	0	0	0	0	0	0	0	0	0	5	0	0	0	0	0	3	0	3	0	0	0	0	0	0	0	0	0
158293	8 Nov 25	10:17:00	1	0	55	0	Ct	0	1	0	0	0	0	0	0	0	0	0	0	0	0	0	0	1	2	0	0	0	0	0	0	1	2	0	0	0	0	0	0	0	0
158294	8 Nov 25	10:18:00	1	0	55	0	Ct	0	1	0	0	0	0	0	0	0	0	0	1	0	0	0	0	1	1	0	0	0	0	0	0	0	2	0	0	0	0	0	0	0	0
158295	8 Nov 25	10:19:00	1	0	55	0	Ct	0	1	0	0	0	0	0	0	0	0	0	0	0	0	0	0	0	1	0	0	0	0	0	0	2	1	0	0	0	0	0	0	0	0
158296	8 Nov 25	10:20:00	1	0	55	0	Ct	0	1	0	0	0	0	0	0	0	0	0	0	0	0	0	0	0	1	0	0	0	0	0	0	2	1	0	0	0	0	0	0	0	0
158297	8 Nov 25	10:21:00	1	0	55	0	Ct	0	1	0	0	0	0	0	0	0	0	0	0	0	0	0	0	1	2	0	0	0	0	2	0	2	0	0	0	0	0	0	0	0	0
158298	8 Nov 25	10:22:00	1	0	55	0	Ct	0	1	0	0	0	0	0	0	0	0	0	0	0	0	0	0	4	0	0	0	0	0	0	0	2	2	0	0	0	0	0	0	0	0
158299	8 Nov 25	10:23:00	1	0	55	0	Ct	0	1	0	0	0	0	0	0	0	0	0	0	0	0	0	0	0	2	0	0	0	0	0	0	2	0	0	0	0	0	0	0	0	0
158300	8 Nov 25	10:24:00	1	0	55	0	Ct	0	1	0	0	0	0	0	0	0	0	0	0	0	0	0	0	0	3	0	0	0	0	2	0	2	2	0	0	0	0	0	0	0	0
158301	8 Nov 25	10:25:00	1	0	55	0	Ct	0	1	0	0	0	0	0	0	0	0	0	0	0	0	0	0	0	0	0	0	0	0	0	0	0	2	0	0	0	0	0	0	0	0
158302	8 Nov 25	10:26:00	1	0	55	0	Ct	0	1	0	0	0	0	0	0	0	0	0	0	0	0	0	0	2	2	0	0	0	0	1	0	1	1	0	0	0	0	0	0	0	0
158303	8 Nov 25	10:27:00	1	0	55	0	Ct	0	1	0	0	0	0	0	0	0	0	0	0	0	0	0	4	4	2	0	0	0	0	3	0	1	1	0	0	0	0	0	0	0	0
158304	8 Nov 25	10:28:00	1	0	55	0	Ct	0	1	0	0	0	0	0	0	0	0	0	0	0	0	0	2	3	1	0	0	0	0	0	0	0	5	0	0	0	0	0	0	0	0
158305	8 Nov 25	10:29:00	1	0	55	0	Ct	0	1	0	0	0	0	8	0	0	0	0	0	0	0	0	0	1	1	0	0	1	0	0	0	0	0	0	0	0	0	0	0	0	0
158306	8 Nov 25	10:30:00	1	0	55	0	Ct	0	1	0	0	0	0	3	0	0	0	0	0	0	0	0	0	0	4	0	0	3	0	0	0	1	2	0	0	0	0	0	0	0	0
158307	8 Nov 25	10:31:00	1	0	55	0	Ct	0	1	0	0	0	0	0	0	0	0	0	0	0	0	0	0	1	2	0	0	0	0	1	0	2	0	0	0	0	0	0	0	0	0
158308	8 Nov 25	10:32:00	1	0	55	0	Ct	0	1	0	0	0	0	0	0	0	0	1	0	0	0	0	0	0	0	0	0	0	0	1	0	0	0	0	0	0	0	0	0	0	0
158309	8 Nov 25	10:33:00	1	0	55	0	Ct	0	1	0	0	0	0	0	0	0	0	0	0	0	0	0	0	0	3	1	0	0	0	2	0	0	2	0	0	0	0	0	0	0	0
158310	8 Nov 25	10:34:00	1	0	55	0	Ct	0	1	0	0	0	0	13	0	0	0	1	0	0	0	0	0	0	0	1	0	0	0	5	0	2	0	0	0	0	0	0	0	0	0
158311	8 Nov 25	10:35:00	1	0	55	0	Ct	0	1	0	0	0	0	0	0	0	0	0	0	0	0	0	0	0	0	0	0	0	0	1	0	3	0	0	0	0	0	0	0	0	0
158312	8 Nov 25	10:36:00	1	0	55	0	Ct	0	1	0	0	0	0	0	0	0	0	0	0	0	0	0	0	0	1	0	0	0	0	1	0	1	0	0	0	0	0	0	0	0	0
158313	8 Nov 25	10:37:00	1	0	55	0	Ct	0	1	0	0	0	0	0	0	0	0	0	0	0	0	0	0	0	3	0	0	1	0	1	0	3	0	0	0	0	0	0	0	0	0
158314	8 Nov 25	10:38:00	1	0	55	0	Ct	0	1	0	0	0	0	0	0	0	0	0	0	0	0	0	0	2	1	0	0	2	0	0	0	1	0	0	0	0	0	0	0	0	0
158315	8 Nov 25	10:39:00	1	0	55	0	Ct	0	1	0	0	0	0	0	0	0	0	0	0	0	0	0	0	2	1	1	0	0	0	0	0	2	0	0	0	0	0	0	0	0	0
158316	8 Nov 25	10:40:00	1	0	55	0	Ct	0	1	0	0	0	0	0	0	0	0	0	0	0	0	0	0	0	1	1	0	0	0	0	0	2	0	0	0	0	0	0	0	0	0
158317	8 Nov 25	10:41:00	1	0	55	0	Ct	0	1	0	0	0	0	6	0	0	0	0	0	0	0	0	0	0	2	0	0	2	0	0	0	2	2	0	0	0	0	0	0	0	0
158318	8 Nov 25	10:42:00	1	0	55	0	Ct	0	1	0	0	0	0	0	0	0	0	0	0	0	0	0	0	7	1	0	0	0	0	0	0	1	0	0	0	0	0	0	0	0	0
158319	8 Nov 25	10:43:00	1	0	55	0	Ct	0	1	0	0	0	0	9	0	0	0	0	0	0	0	0	0	1	2	2	0	0	0	0	0	1	0	0	0	0	0	0	0	0	0
158320	8 Nov 25	10:44:00	1	0	55	0	Ct	0	1	0	0	0	0	1	0	0	0	0	0	0	0	0	0	0	0	0	0	1	0	0	0	0	1	0	0	0	0	0	0	0	0
158321	8 Nov 25	10:45:00	1	0	55	0	Ct	0	1	0	0	0	0	0	0	0	0	0	0	0	0	0	0	3	1	0	0	1	0	1	0	0	3	0	0	0	0	0	0	0	0
158322	8 Nov 25	10:46:00	1	0	55	0	Ct	0	1	0	0	0	0	5	0	0	0	0	0	0	0	0	0	3	1	2	0	0	0	5	0	0	0	0	0	0	0	0	0	0	0
158323	8 Nov 25	10:47:00	1	0	55	0	Ct	0	1	0	0	0	0	6	0	0	0	0	0	0	0	0	0	4	0	0	0	0	0	0	0	0	3	0	0	0	0	0	0	0	0
158324	8 Nov 25	10:48:00	1	0	55	0	Ct	0	1	0	0	0	0	0	0	0	0	0	0	0	0	0	0	0	0	0	0	0	0	1	0	0	0	0	0	0	0	0	0	0	0
158325	8 Nov 25	10:49:00	1	0	55	0	Ct	0	1	0	0	0	0	0	0	0	0	0	0	0	0	0	0	0	3	0	0	0	0	0	0	0	0	0	0	0	0	0	0	0	0
158326	8 Nov 25	10:50:00	1	0	55	0	Ct	0	1	0	0	0	0	0	0	0	0	0	0	0	0	0	0	0	0	0	0	0	0	0	0	0	0	0	0	0	0	0	0	0	0
158327	8 Nov 25	10:51:00	1	0	55	0	Ct	0	1	0	0	0	0	0	0	0	0	0	0	0	0	0	0	0	2	2	0	0	0	0	0	0	0	0	0	0	0	0	0	0	0
158328	8 Nov 25	10:52:00	1	0	55	0	Ct	0	1	0	0	0	0	0	0	0	0	0	0	0	0	0	0	0	1	0	0	0	0	0	0	0	4	0	0	0	0	0	0	0	0
158329	8 Nov 25	10:53:00	1	0	55	0	Ct	0	1	0	0	0	0	0	0	0	0	0	0	0	0	0	0	0	0	0	0	0	0	0	0	0	1	0	0	0	0	0	0	0	0
158330	8 Nov 25	10:54:00	1	0	55	0	Ct	0	1	0	0	0	0	0	0	0	0	0	0	0	0	0	0	0	0	0	0	0	0	0	0	0	0	0	0	0	0	0	0	0	0
158331	8 Nov 25	10:55:00	1	0	55	0	Ct	0	1	0	0	0	0	0	0	0	0	0	0	0	0	0	0	0	0	0	0	0	0	0	0	0	0	0	0	0	0	0	0	0	0
158332	8 Nov 25	10:56:00	1	0	55	0	Ct	0	1	0	0	0	0	0	0	0	0	0	0	0	0	0	0	0	2	0	0	0	0	0	0	0	0	0	0	0	0	0	0	0	0
158333	8 Nov 25	10:57:00	1	0	55	0	Ct	0	1	0	0	0	0	0	0	0	0	0	0	0	0	0	0	0	0	0	0	0	0	4	0	0	0	0	0	0	0	0	0	0	0
158334	8 Nov 25	10:58:00	1	0	55	0	Ct	0	1	0	0	0	0	0	0	0	0	0	0	0	0	0	0	0	0	0	0	0	0	0	0	0	0	0	0	0	0	0	0	0	1
158335	8 Nov 25	10:59:00	1	0	55	0	Ct	0	1	0	0	0	0	0	0	0	0	0	0	0	0	0	0	0	0	0	0	1	0	2	0	0	0	0	0	0	0	0	0	0	0
158336	8 Nov 25	11:00:00	1	0	55	0	Ct	0	1	0	0	0	0	0	0	0	0	0	0	0	0	0	0	0	0	0	0	1	0	3	0	0	0	0	0	0	0	0	0	0	0
158337	8 Nov 25	11:01:00	1	0	55	0	Ct	0	1	0	0	0	0	0	0	0	0	0	0	0	0	0	3	0	1	0	0	0	0	1	0	0	2	0	0	0	0	0	0	0	0
158338	8 Nov 25	11:02:00	1	0	55	0	Ct	0	1	0	0	0	0	0	0	0	0	0	0	0	0	0	2	0	1	0	0	2	0	0	0	0	0	0	0	0	0	0	0	0	0
158339	8 Nov 25	11:03:00	1	0	55	0	Ct	0	1	0	0	0	0	0	0	0	0	0	0	0	0	0	0	0	0	0	0	0	0	0	0	0	0	0	0	0	0	0	0	0	0
158340	8 Nov 25	11:04:00	1	0	55	0	Ct	0	1	0	0	0	0	0	0	0	0	0	0	0	0	0	0	0	0	0	0	2	0	0	0	0	0	0	0	0	0	0	0	0	0
158341	8 Nov 25	11:05:00	1	0	55	0	Ct	0	1	0	0	0	0	0	0	0	0	0	0	0	0	0	0	0	2	0	0	2	0	0	0	0	0	0	0	0	0	0	0	0	0
158342	8 Nov 25	11:06:00	1	0	55	0	Ct	0	1	0	0	0	0	0	0	0	0	0	0	0	0	0	0	0	0	0	0	1	0	0	0	0	0	0	0	0	0	0	0	0	0
158343	8 Nov 25	11:07:00	1	0	55	0	Ct	0	1	0	0	0	0	0	0	0	0	0	0	0	0	1	0	0	1	0	0	0	0	1	0	0	0	0	0	0	0	0	0	0	0
158344	8 Nov 25	11:08:00	1	0	55	0	Ct	0	1	0	0	0	0	0	0	0	0	0	0	0	0	0	0	2	4	0	0	1	0	1	0	0	0	0	0	0	0	0	0	0	0
158345	8 Nov 25	11:09:00	1	0	55	0	Ct	0	1	0	0	0	0	0	0	0	0	0	0	0	0	2	3	1	0	0	0	5	0	0	0	0	0	0	0	0	0	0	0	0	0
158346	8 Nov 25	11:10:00	1	0	55	0	Ct	0	1	0	0	0	0	0	0	0	0	0	0	0	0	0	0	2	0	1	0	0	0	0	0	1	0	0	0	0	0	0	0	0	0
158347	8 Nov 25	11:11:00	1	0	55	0	Ct	0	1	0	0	0	0	0	0	0	0	0	0	0	0	0	0	4	0	0	0	0	0	2	0	2	0	0	0	0	0	0	0	0	0
158348	8 Nov 25	11:12:00	1	0	55	0	Ct	0	1	0	0	0	0	0	0	0	0	0	0	0	0	0	0	1	0	0	0	1	0	0	0	0	0	0	0	0	0	0	0	0	0
158349	8 Nov 25	11:13:00	1	0	55	0	Ct	0	1	0	0	0	0	0	0	0	0	0	0	0	0	0	0	0	0	1	0	1	0	0	0	0	0	0	0	0	0	0	0	0	0
158350	8 Nov 25	11:14:00	1	0	55	0	Ct	0	1	0	0	0	0	0	0	0	0	0	0	0	0	0	0	0	1	1	0	0	0	0	0	0	0	0	0	0	0	0	0	0	0
158351	8 Nov 25	11:15:00	1	0	55	0	Ct	0	1	0	0	0	0	0	0	0	0	0	0	0	0	0	0	0	2	0	0	0	0	0	0	0	0	0	0	0	0	1	0	0	0
158352	8 Nov 25	11:16:00	1	0	55	0	Ct	0	1	0	0	0	0	0	0	0	0	0	0	0	0	0	0	0	0	0	0	0	0	1	0	0	0	0	0	0	0	3	0	0	0
158353	8 Nov 25	11:17:00	1	0	55	0	Ct	0	1	0	0	0	0	0	0	0	0	0	0	0	0	0	0	0	1	0	0	0	0	1	0	0	0	0	0	0	0	3	0	0	0
158354	8 Nov 25	11:18:00	1	0	55	0	Ct	0	1	0	0	0	0	0	0	0	0	0	0	0	0	0	0	0	2	0	0	0	0	9	0	0	0	0	0	0	0	0	0	0	0
158355	8 Nov 25	11:19:00	1	0	55	0	Ct	0	1	0	0	0	0	0	0	0	0	0	0	0	0	0	0	1	0	0	0	0	0	1	0	0	0	0	0	0	0	0	0	0	0
158356	8 Nov 25	11:20:00	1	0	55	0	Ct	0	1	0	0	0	0	0	0	0	0	0	0	0	0	0	0	1	0	0	0	0	0	0	0	0	0	0	0	0	0	0	0	0	0
158357	8 Nov 25	11:21:00	1	0	55	0	Ct	0	1	0	0	0	0	0	0	0	0	0	0	0	0	0	0	0	1	0	0	0	0	0	0	0	0	0	0	0	0	0	0	0	0
158358	8 Nov 25	11:22:00	1	0	55	0	Ct	0	1	0	0	0	0	0	0	0	0	0	0	0	0	0	0	0	0	0	0	0	0	0	0	3	0	0	0	0	0	0	0	0	0
158359	8 Nov 25	11:23:00	1	0	55	0	Ct	0	1	0	0	0	0	0	0	0	0	0	0	0	0	0	0	1	3	0	0	0	0	0	0	2	0	0	0	0	0	0	0	0	0
158360	8 Nov 25	11:24:00	1	0	55	0	Ct	0	1	0	0	0	0	0	0	0	0	0	0	0	0	0	0	2	1	0	0	0	0	0	0	1	0	0	0	0	0	0	0	0	0
158361	8 Nov 25	11:25:00	1	0	55	0	Ct	0	1	0	0	0	0	0	0	0	0	0	0	0	0	0	1	0	0	0	0	0	0	0	0	0	0	0	0	0	0	0	0	0	0
158362	8 Nov 25	11:26:00	1	0	55	0	Ct	0	1	0	0	0	0	0	0	0	0	0	0	0	0	0	0	0	1	0	0	2	0	0	0	2	0	0	0	0	0	0	0	0	0
158363	8 Nov 25	11:27:00	1	0	55	0	Ct	0	1	0	0	0	0	0	0	0	0	0	0	0	0	0	0	0	0	0	0	0	0	0	0	0	0	0	0	0	0	0	0	0	0
158364	8 Nov 25	11:28:00	1	0	55	0	Ct	0	1	0	0	0	0	0	0	0	0	0	0	0	0	0	1	0	1	0	0	0	0	0	0	0	0	0	0	0	0	0	0	0	0
158365	8 Nov 25	11:29:00	1	0	55	0	Ct	0	1	0	0	0	0	0	0	0	0	0	0	0	0	0	6	0	3	0	0	0	0	1	0	1	0	0	0	0	0	0	0	0	0
158366	8 Nov 25	11:30:00	1	0	55	0	Ct	0	1	0	0	0	0	0	0	0	0	0	0	0	0	0	0	0	3	0	0	0	0	1	0	1	0	0	0	0	0	0	0	0	0
158367	8 Nov 25	11:31:00	1	0	55	0	Ct	0	1	0	0	0	0	0	0	0	0	0	0	0	0	0	0	0	2	0	0	0	0	2	0	0	0	0	0	0	0	0	0	0	0
158368	8 Nov 25	11:32:00	1	0	55	0	Ct	0	1	0	0	0	0	0	0	0	0	0	0	0	0	0	0	0	1	0	0	0	0	0	0	1	0	0	0	0	0	0	0	0	0
158369	8 Nov 25	11:33:00	1	0	55	0	Ct	0	1	0	0	0	0	0	0	0	0	0	0	0	0	0	2	0	0	0	0	1	0	0	0	1	0	0	0	0	0	0	0	0	0
158370	8 Nov 25	11:34:00	1	0	55	0	Ct	0	1	0	0	0	0	0	0	0	0	0	0	0	0	0	2	0	1	0	0	1	0	2	0	0	0	0	0	0	0	0	0	0	0
158371	8 Nov 25	11:35:00	1	0	55	0	Ct	0	1	0	0	0	0	0	0	0	0	0	0	0	0	0	0	0	4	0	0	4	0	0	0	0	0	0	0	0	0	0	0	0	0
158372	8 Nov 25	11:36:00	1	0	55	0	Ct	0	1	0	0	0	0	0	0	0	0	0	0	0	0	0	2	0	2	0	0	0	0	0	0	0	0	0	0	0	0	0	0	0	0
158373	8 Nov 25	11:37:00	1	0	55	0	Ct	0	1	0	0	0	0	0	0	0	0	0	0	0	0	0	6	0	0	0	0	1	0	2	0	0	0	0	0	0	0	0	0	0	0
158374	8 Nov 25	11:38:00	1	0	55	0	Ct	0	1	0	0	0	0	0	0	0	0	0	0	0	0	0	3	0	0	0	0	1	0	0	0	0	0	0	0	0	0	0	0	0	0
158375	8 Nov 25	11:39:00	1	0	55	0	Ct	0	1	0	0	0	0	0	0	0	0	0	0	0	0	0	5	0	0	0	0	0	0	0	0	0	0	0	0	0	0	0	0	0	0
158376	8 Nov 25	11:40:00	1	0	55	0	Ct	0	1	0	0	0	0	0	0	0	0	0	0	0	0	0	4	0	1	0	0	0	0	0	0	0	0	0	0	0	0	0	0	0	0
158377	8 Nov 25	11:41:00	1	0	55	0	Ct	0	1	0	0	0	0	0	0	0	0	0	0	0	0	0	2	0	1	0	0	0	0	2	0	0	0	0	0	0	0	0	0	0	0
158378	8 Nov 25	11:42:00	1	0	55	0	Ct	0	1	0	0	0	0	0	0	0	0	0	0	0	0	0	5	0	0	0	0	0	0	1	0	0	0	0	0	0	0	0	0	0	0
158379	8 Nov 25	11:43:00	1	0	55	0	Ct	0	1	0	0	0	0	0	0	0	0	0	0	0	0	0	8	0	3	0	0	1	0	0	0	0	0	0	0	0	0	0	0	0	0
158380	8 Nov 25	11:44:00	1	0	55	0	Ct	0	1	0	0	0	0	0	0	0	0	0	0	0	0	0	4	0	0	0	0	1	0	0	0	0	0	0	0	0	0	0	0	0	0
158381	8 Nov 25	11:45:00	1	0	55	0	Ct	0	1	0	0	0	0	0	0	0	0	0	0	0	0	0	7	0	1	0	0	0	0	0	0	0	0	0	0	0	0	0	0	0	0
158382	8 Nov 25	11:46:00	1	0	55	0	Ct	0	1	0	0	0	0	0	0	0	0	0	0	0	0	0	1	0	0	0	0	0	0	1	0	0	0	0	0	0	0	0	0	0	0
158383	8 Nov 25	11:47:00	1	0	55	0	Ct	0	1	0	0	0	0	0	0	0	0	2	0	0	0	0	2	0	0	0	0	3	0	1	0	0	0	0	0	0	0	0	0	0	0
158384	8 Nov 25	11:48:00	1	0	55	0	Ct	0	1	0	0	0	0	0	0	0	0	0	0	0	0	0	4	0	0	0	0	1	0	0	0	0	0	0	0	0	0	0	0	0	0
158385	8 Nov 25	11:49:00	1	0	55	0	Ct	0	1	0	0	0	0	0	0	0	0	0	0	0	0	0	4	0	0	1	0	0	0	0	0	0	0	0	0	0	0	0	0	0	0
158386	8 Nov 25	11:50:00	1	0	55	0	Ct	0	1	0	0	0	0	0	0	0	0	1	0	0	0	0	2	0	0	2	0	0	0	0	0	0	0	0	0	0	0	0	0	0	0
158387	8 Nov 25	11:51:00	1	0	55	0	Ct	0	1	0	0	0	0	0	0	0	0	0	0	0	0	0	3	1	0	0	0	0	0	2	0	0	0	0	0	0	0	0	0	0	0
158388	8 Nov 25	11:52:00	1	0	55	0	Ct	0	1	0	0	0	0	0	0	0	0	0	0	0	0	0	2	5	0	1	0	0	0	2	0	0	0	0	0	1	0	0	0	0	0
158389	8 Nov 25	11:53:00	1	0	55	0	Ct	0	1	0	0	0	0	0	0	0	0	0	0	0	0	0	3	3	0	0	0	0	0	2	0	0	0	0	0	0	0	0	0	0	0
158390	8 Nov 25	11:54:00	1	0	55	0	Ct	0	1	0	0	0	0	0	0	0	0	0	0	0	0	0	2	5	0	2	0	0	0	1	0	0	0	0	0	0	0	0	0	0	0
158391	8 Nov 25	11:55:00	1	0	55	0	Ct	0	1	0	0	0	0	0	0	0	0	0	0	0	0	0	2	0	0	0	0	0	0	0	0	0	0	0	0	0	0	0	0	0	0
158392	8 Nov 25	11:56:00	1	0	55	0	Ct	0	1	0	0	0	0	0	0	0	0	0	0	0	0	0	4	0	0	1	0	0	0	3	0	0	0	0	0	0	0	0	0	0	0
158393	8 Nov 25	11:57:00	1	0	55	0	Ct	0	1	0	0	0	0	0	0	0	0	0	0	0	0	0	3	8	0	1	0	0	0	2	0	0	0	0	0	0	0	0	0	0	0
158394	8 Nov 25	11:58:00	1	0	55	0	Ct	0	1	0	0	0	0	0	0	0	0	0	0	0	0	0	3	6	0	0	0	0	0	2	0	0	0	0	0	0	0	0	0	0	0
158395	8 Nov 25	11:59:00	1	0	55	0	Ct	0	1	0	0	0	0	0	0	0	0	0	0	0	0	0	2	1	0	0	0	1	0	1	0	0	0	0	0	0	0	0	0	0	0
158396	8 Nov 25	12:00:00	1	0	55	0	Ct	0	1	0	0	0	0	0	0	0	0	0	0	0	0	0	3	0	0	0	0	1	0	0	0	0	0	0	0	0	0	0	0	0	0
158397	8 Nov 25	12:01:00	1	0	55	0	Ct	0	1	0	0	0	0	0	0	0	0	0	0	0	0	0	3	0	0	0	0	0	0	0	0	0	0	0	0	0	0	0	0	0	0
158398	8 Nov 25	12:02:00	1	0	55	0	Ct	0	1	0	0	0	0	0	0	0	0	0	0	0	0	0	3	0	0	0	0	0	0	1	0	0	0	0	0	0	0	0	0	0	0
158399	8 Nov 25	12:03:00	1	0	55	0	Ct	0	1	0	0	0	0	0	0	0	0	0	0	0	0	0	0	0	0	0	0	2	0	1	0	0	0	0	0	0	0	0	0	0	0
158400	8 Nov 25	12:04:00	1	0	55	0	Ct	0	1	0	0	0	0	0	0	0	0	0	0	0	0	0	0	1	0	0	0	0	0	0	0	0	0	0	0	0	0	0	0	0	0
158401	8 Nov 25	12:05:00	1	0	55	0	Ct	0	1	0	0	0	0	0	0	0	0	0	0	0	0	0	0	4	0	0	0	0	0	0	0	0	0	0	0	0	0	0	0	0	0
158402	8 Nov 25	12:06:00	1	0	55	0	Ct	0	1	0	0	0	0	0	0	0	0	0	0	0	0	0	0	8	0	0	0	0	0	1	0	0	0	1	0	0	0	0	0	0	0
158403	8 Nov 25	12:07:00	1	0	55	0	Ct	0	1	0	0	0	0	0	0	0	0	0	0	0	0	0	0	7	0	0	0	0	0	3	0	0	0	0	0	0	0	0	0	0	0
158404	8 Nov 25	12:08:00	1	0	55	0	Ct	0	1	0	0	0	0	0	0	0	0	0	0	0	0	0	0	0	0	0	0	0	0	0	0	0	0	2	0	0	0	0	0	0	0
158405	8 Nov 25	12:09:00	1	0	55	0	Ct	0	1	0	0	0	0	0	0	0	0	0	0	0	0	0	2	1	0	0	0	0	0	0	0	0	0	0	0	0	0	0	0	0	0
158406	8 Nov 25	12:10:00	1	0	55	0	Ct	0	1	0	0	0	0	0	0	0	0	0	0	0	0	0	3	1	0	0	0	0	0	0	0	0	0	0	0	0	0	0	0	0	0
158407	8 Nov 25	12:11:00	1	0	55	0	Ct	0	1	0	0	0	0	0	0	0	0	0	0	0	0	0	1	7	0	0	0	0	0	0	0	0	0	0	0	0	0	0	0	0	0
158408	8 Nov 25	12:12:00	1	0	55	0	Ct	0	1	0	0	0	0	0	0	0	0	0	0	0	0	0	0	6	0	0	0	0	0	0	0	0	0	0	0	0	0	0	0	0	0
158409	8 Nov 25	12:13:00	1	0	55	0	Ct	0	1	0	0	0	0	0	0	0	0	0	0	0	0	0	0	1	0	0	0	0	0	2	0	0	0	0	0	0	0	0	0	0	0
158410	8 Nov 25	12:14:00	1	0	55	0	Ct	0	1	0	0	0	0	0	0	0	0	0	0	0	0	0	2	1	0	0	0	0	0	0	0	0	0	0	0	0	0	0	0	0	0
158411	8 Nov 25	12:15:00	1	0	55	0	Ct	0	1	0	0	0	0	0	0	0	0	0	0	0	0	0	0	0	0	0	0	0	0	2	0	0	0	0	0	0	0	0	0	0	0
158412	8 Nov 25	12:16:00	1	0	55	0	Ct	0	1	0	0	0	0	0	0	0	0	0	0	0	0	0	0	0	0	0	0	0	0	0	0	0	0	0	0	0	0	0	0	0	0
158413	8 Nov 25	12:17:00	1	0	55	0	Ct	0	1	0	0	0	0	0	0	0	0	0	0	0	0	0	1	0	1	0	0	0	0	0	0	0	0	0	0	0	0	0	0	0	0
158414	8 Nov 25	12:18:00	1	0	55	0	Ct	0	1	0	0	0	0	0	0	0	0	0	0	0	0	0	3	0	1	0	0	1	0	0	0	0	0	0	0	0	0	0	0	0	0
158415	8 Nov 25	12:19:00	1	0	55	0	Ct	0	1	0	0	0	0	0	0	0	0	0	0	0	0	0	3	0	2	0	0	1	0	1	0	0	0	0	0	0	0	0	0	0	0
158416	8 Nov 25	12:20:00	1	0	55	0	Ct	0	1	0	0	0	0	0	0	0	0	0	0	0	0	0	8	0	0	0	0	2	0	4	0	0	0	0	0	0	0	0	0	0	0
158417	8 Nov 25	12:21:00	1	0	55	0	Ct	0	1	0	0	0	0	0	0	0	0	0	0	0	0	0	2	0	1	0	0	0	0	0	0	0	0	0	0	0	0	0	0	0	0
158418	8 Nov 25	12:22:00	1	0	55	0	Ct	0	1	0	0	0	0	0	0	0	0	0	0	0	0	0	0	0	0	0	0	0	0	0	0	0	0	0	0	0	0	0	0	0	0
158419	8 Nov 25	12:23:00	1	0	55	0	Ct	0	1	0	0	0	0	0	0	0	0	0	0	0	0	0	3	0	0	0	0	0	0	0	0	0	0	0	0	0	0	0	0	0	0
158420	8 Nov 25	12:24:00	1	0	55	0	Ct	0	1	0	0	0	0	0	0	0	0	0	0	0	0	0	0	0	0	0	0	0	0	0	0	0	0	0	0	0	0	0	0	0	0
158421	8 Nov 25	12:25:00	1	0	55	0	Ct	0	1	0	0	0	0	0	0	0	0	0	0	0	0	0	3	0	0	0	0	0	0	0	0	0	0	0	0	0	0	0	0	0	0
158422	8 Nov 25	12:26:00	1	0	55	0	Ct	0	1	0	0	0	0	0	0	0	0	0	0	0	0	0	4	4	0	0	0	0	0	0	0	0	0	0	0	0	0	0	0	0	0
158423	8 Nov 25	12:27:00	1	0	55	0	Ct	0	1	0	0	0	0	0	0	0	0	0	0	0	0	0	3	5	0	0	0	3	0	0	0	0	0	0	0	0	0	0	0	0	0
158424	8 Nov 25	12:28:00	1	0	55	0	Ct	0	1	0	0	0	0	0	0	0	0	0	0	0	0	0	2	10	0	0	0	1	0	0	0	0	0	0	0	0	0	0	0	0	0
158425	8 Nov 25	12:29:00	1	0	55	0	Ct	0	1	0	0	0	0	0	0	0	0	0	0	0	0	0	2	2	0	0	0	0	0	0	0	0	0	0	0	0	0	0	0	0	0
158426	8 Nov 25	12:30:00	1	0	55	0	Ct	0	1	0	0	0	0	0	0	0	0	0	0	0	0	0	0	2	0	0	0	0	0	0	0	0	0	0	0	0	0	0	0	0	0
158427	8 Nov 25	12:31:00	1	0	55	0	Ct	0	1	0	0	0	0	0	0	0	0	0	0	0	0	0	3	2	0	0	0	0	0	0	0	0	0	0	0	0	0	0	0	0	0
158428	8 Nov 25	12:32:00	1	0	55	0	Ct	0	1	0	0	0	0	0	0	0	0	0	0	0	0	0	0	1	0	1	0	1	0	1	0	0	0	0	0	0	0	0	0	0	0
158429	8 Nov 25	12:33:00	1	0	55	0	Ct	0	1	0	0	0	0	0	0	0	0	0	0	0	0	0	2	1	0	1	0	2	0	1	0	0	0	0	0	0	0	0	0	0	0
158430	8 Nov 25	12:34:00	1	0	55	0	Ct	0	1	0	0	0	0	0	0	0	0	0	0	0	0	0	0	0	0	1	0	0	0	0	0	0	0	0	0	0	0	0	0	0	0
158431	8 Nov 25	12:35:00	1	0	55	0	Ct	0	1	0	0	0	0	0	0	0	0	0	0	0	0	0	4	0	0	1	0	0	0	0	0	0	0	0	0	0	0	0	0	0	0
158432	8 Nov 25	12:36:00	1	0	55	0	Ct	0	1	0	0	0	0	0	0	0	0	0	0	0	0	0	0	3	0	0	0	0	0	3	0	0	0	0	0	0	0	0	0	0	0
158433	8 Nov 25	12:37:00	1	0	55	0	Ct	0	1	0	0	0	0	0	0	0	0	0	0	0	0	0	0	2	0	0	0	0	0	0	0	0	0	0	0	0	0	0	0	0	0
158434	8 Nov 25	12:38:00	1	0	55	0	Ct	0	1	0	0	0	0	0	0	0	0	0	0	0	0	0	0	0	0	0	0	0	0	0	0	0	0	0	0	0	0	0	0	0	0
158435	8 Nov 25	12:39:00	1	0	55	0	Ct	0	1	0	0	0	0	0	0	0	0	0	0	0	0	0	0	1	0	2	0	0	0	0	0	0	0	0	0	0	0	0	0	0	0
158436	8 Nov 25	12:40:00	1	0	55	0	Ct	0	1	0	0	0	0	0	0	0	0	0	0	0	0	0	0	4	0	1	0	0	0	3	0	2	0	0	0	0	0	0	0	0	3
158437	8 Nov 25	12:41:00	1	0	55	0	Ct	0	1	0	0	0	0	0	0	0	0	0	0	0	0	0	6	1	0	0	0	0	0	0	0	0	0	0	1	0	0	0	0	0	0
158438	8 Nov 25	12:42:00	1	0	55	0	Ct	0	1	0	0	0	0	0	0	0	0	0	0	0	0	0	0	1	0	0	0	0	0	0	0	0	0	0	0	0	0	0	0	0	0
158439	8 Nov 25	12:43:00	1	0	55	0	Ct	0	1	0	0	0	0	0	0	0	0	0	0	0	0	0	0	0	0	0	0	0	0	0	0	0	0	0	0	0	0	0	0	0	0
158440	8 Nov 25	12:44:00	1	0	55	0	Ct	0	1	0	0	0	0	0	0	0	0	0	0	0	0	0	0	5	0	0	0	0	0	0	0	1	0	0	0	0	0	0	0	0	0
158441	8 Nov 25	12:45:00	1	0	55	0	Ct	0	1	0	0	0	0	0	0	0	0	0	0	0	0	0	0	6	0	2	0	0	0	0	0	0	0	0	0	0	0	0	0	0	0
158442	8 Nov 25	12:46:00	1	0	55	0	Ct	0	1	0	0	0	0	0	0	0	0	0	0	0	0	0	0	0	0	1	0	0	0	1	0	1	0	0	0	0	0	0	0	0	0
158443	8 Nov 25	12:47:00	1	0	55	0	Ct	0	1	0	0	0	0	0	0	0	0	0	0	0	0	0	3	1	0	0	0	0	0	9	0	0	0	0	0	0	0	0	0	0	0
158444	8 Nov 25	12:48:00	1	0	55	0	Ct	0	1	0	0	0	0	0	0	0	0	0	0	0	0	0	2	1	0	0	0	0	0	0	0	0	0	0	0	0	0	0	0	0	0
158445	8 Nov 25	12:49:00	1	0	55	0	Ct	0	1	0	0	0	0	0	0	0	0	0	0	0	0	0	0	0	0	0	0	1	0	0	0	0	0	0	0	0	0	0	0	0	0
158446	8 Nov 25	12:50:00	1	0	55	0	Ct	0	1	0	0	0	0	0	0	0	0	0	0	0	0	0	0	0	0	0	0	1	0	0	0	0	0	0	0	0	0	0	0	0	0
158447	8 Nov 25	12:51:00	1	0	55	0	Ct	0	1	0	0	0	0	0	0	0	0	0	0	0	0	0	0	0	0	0	0	0	0	0	0	0	0	0	0	0	0	0	0	0	0
158448	8 Nov 25	12:52:00	1	0	55	0	Ct	0	1	0	0	0	0	0	0	0	0	0	0	0	0	0	0	0	0	0	0	0	0	7	0	0	0	0	0	0	0	0	0	0	0
158449	8 Nov 25	12:53:00	1	0	55	0	Ct	0	1	0	0	0	0	0	0	0	0	0	0	0	0	0	0	6	0	0	0	0	0	1	0	0	0	0	0	0	0	0	0	0	0
158450	8 Nov 25	12:54:00	1	0	55	0	Ct	0	1	0	0	0	0	0	0	0	0	0	0	0	0	0	0	0	0	0	0	4	0	0	0	0	0	0	0	0	0	0	0	0	0
158451	8 Nov 25	12:55:00	1	0	55	0	Ct	0	1	0	0	0	0	0	0	0	0	0	0	0	0	0	3	0	0	0	0	1	0	0	0	0	0	0	0	0	0	0	0	0	0
158452	8 Nov 25	12:56:00	1	0	55	0	Ct	0	1	0	0	0	0	0	0	0	0	0	0	0	0	0	0	2	0	1	0	0	0	4	0	0	0	0	0	0	0	0	0	0	0
158453	8 Nov 25	12:57:00	1	0	55	0	Ct	0	1	0	0	0	0	0	0	0	0	0	0	0	0	0	0	2	0	2	0	0	0	2	0	0	0	0	0	0	0	0	0	0	0
158454	8 Nov 25	12:58:00	1	0	55	0	Ct	0	1	0	0	0	0	0	0	0	0	0	0	0	0	0	3	0	0	1	0	0	0	0	0	0	0	0	0	0	0	0	0	0	0
158455	8 Nov 25	12:59:00	1	0	55	0	Ct	0	1	0	0	0	0	0	0	0	0	0	0	0	0	0	0	0	0	0	0	0	0	0	0	0	0	0	0	0	0	0	0	0	0
158456	8 Nov 25	13:00:00	1	0	55	0	Ct	0	1	0	0	0	0	0	0	0	0	0	0	0	0	0	2	0	0	0	0	0	0	1	0	0	0	0	0	0	0	0	0	0	0
158457	8 Nov 25	13:01:00	1	0	55	0	Ct	0	1	0	0	0	0	0	0	0	0	0	0	0	0	0	0	0	0	0	0	0	0	1	0	0	0	0	0	0	0	0	0	0	0
158458	8 Nov 25	13:02:00	1	0	55	0	Ct	0	1	0	0	0	0	0	0	0	0	0	0	0	0	0	0	0	0	2	0	0	0	0	0	0	0	0	0	0	0	0	0	0	0
158459	8 Nov 25	13:03:00	1	0	55	0	Ct	0	1	0	0	0	0	0	0	0	0	0	0	0	0	0	0	0	0	0	0	0	0	0	0	0	0	0	0	0	0	0	0	0	0
158460	8 Nov 25	13:04:00	1	0	55	0	Ct	0	1	0	0	0	0	0	0	0	0	0	0	0	0	0	0	0	0	0	0	0	0	0	0	0	0	0	0	0	0	0	0	0	0
158461	8 Nov 25	13:05:00	1	0	55	0	Ct	0	1	0	0	0	0	0	0	0	0	0	0	0	0	0	2	0	0	0	0	0	0	0	0	0	0	0	0	0	0	0	0	0	0
158462	8 Nov 25	13:06:00	1	0	55	0	Ct	0	1	0	0	0	0	0	0	0	0	0	0	0	0	0	2	0	0	0	0	0	0	0	0	0	0	0	0	0	0	0	0	0	0
158463	8 Nov 25	13:07:00	1	0	55	0	Ct	0	1	0	0	0	0	0	0	0	0	0	0	0	0	0	0	3	0	0	0	0	0	0	0	0	0	0	0	0	0	0	0	0	0
158464	8 Nov 25	13:08:00	1	0	55	0	Ct	0	1	0	0	0	0	0	0	0	0	0	0	0	0	0	0	6	0	2	0	0	0	2	0	0	0	0	0	0	0	0	0	0	0
158465	8 Nov 25	13:09:00	1	0	55	0	Ct	0	1	0	0	0	0	0	0	0	0	0	0	0	0	0	0	5	0	0	0	0	0	5	0	0	0	0	0	0	0	0	0	0	0
158466	8 Nov 25	13:10:00	1	0	55	0	Ct	0	1	0	0	0	0	0	0	0	0	0	0	0	0	0	0	0	0	1	0	0	0	0	0	0	0	0	0	0	0	0	0	0	0
158467	8 Nov 25	13:11:00	1	0	55	0	Ct	0	1	0	0	0	0	0	0	0	0	0	0	0	0	0	0	1	0	1	0	1	0	0	0	0	0	0	0	0	0	0	0	0	0
158468	8 Nov 25	13:12:00	1	0	55	0	Ct	0	1	0	0	0	0	0	0	0	0	0	0	0	0	0	0	0	0	0	0	1	0	0	0	0	0	0	0	0	0	0	0	0	0
158469	8 Nov 25	13:13:00	1	0	55	0	Ct	0	1	0	0	0	0	0	0	0	0	0	0	0	0	0	0	5	0	0	0	0	0	0	0	0	0	0	0	0	0	0	0	0	0
158470	8 Nov 25	13:14:00	1	0	55	0	Ct	0	1	0	0	0	0	0	0	0	0	0	0	0	0	0	5	2	0	0	0	0	0	0	0	0	0	0	0	0	0	0	1	0	0
158471	8 Nov 25	13:15:00	1	0	55	0	Ct	0	1	0	0	0	0	0	0	0	0	0	0	0	0	0	0	0	0	0	0	0	0	0	0	0	0	0	0	0	0	0	0	0	0
158472	8 Nov 25	13:16:00	1	0	55	0	Ct	0	1	0	0	0	0	0	0	0	0	0	0	0	0	0	2	0	0	0	0	0	0	0	0	0	0	0	0	0	0	0	0	0	0
158473	8 Nov 25	13:17:00	1	0	55	0	Ct	0	1	0	0	0	0	0	0	0	0	0	0	0	0	0	0	0	0	3	0	0	0	0	0	0	0	0	0	0	0	0	0	0	0
158474	8 Nov 25	13:18:00	1	0	55	0	Ct	0	1	0	0	0	0	0	0	0	0	0	0	0	0	0	0	0	0	0	0	0	0	3	0	0	0	0	0	0	0	0	0	0	0
158475	8 Nov 25	13:19:00	1	0	55	0	Ct	0	1	0	0	0	0	0	0	0	0	0	0	0	0	0	2	0	0	0	0	0	0	0	0	0	0	0	0	0	0	0	0	0	0
158476	8 Nov 25	13:20:00	1	0	55	0	Ct	0	1	0	0	0	0	0	0	0	0	0	0	0	0	0	0	0	0	0	0	0	0	0	0	0	0	0	0	0	0	0	0	0	0
158477	8 Nov 25	13:21:00	1	0	55	0	Ct	0	1	0	0	0	0	0	0	0	0	0	0	0	0	0	2	0	0	0	0	0	0	0	0	0	0	0	0	0	0	0	0	0	0
158478	8 Nov 25	13:22:00	1	0	55	0	Ct	0	1	0	0	0	0	0	0	0	0	0	0	0	0	0	0	0	0	0	0	0	0	0	0	0	0	0	0	0	0	0	0	0	0
158479	8 Nov 25	13:23:00	1	0	55	0	Ct	0	1	0	0	0	0	0	0	0	0	0	0	0	0	0	0	0	0	0	0	0	0	0	0	0	0	0	0	0	0	0	0	0	0
158480	8 Nov 25	13:24:00	1	0	55	0	Ct	0	1	0	0	0	0	0	0	0	0	0	0	0	0	0	0	1	0	0	0	0	0	0	0	0	0	0	0	0	0	0	0	0	0
158481	8 Nov 25	13:25:00	1	0	55	0	Ct	0	1	0	0	0	0	0	0	0	0	0	0	0	0	0	1	1	0	0	0	0	0	0	0	0	0	0	0	0	0	0	0	0	0
158482	8 Nov 25	13:26:00	1	0	55	0	Ct	0	1	0	0	0	0	0	0	0	0	0	0	0	0	0	1	0	0	0	0	2	0	0	0	0	0	0	0	0	0	0	0	0	0
158483	8 Nov 25	13:27:00	1	0	55	0	Ct	0	1	0	0	0	0	0	0	0	0	0	0	0	0	0	2	0	0	0	0	2	0	0	0	0	0	0	0	0	0	0	0	0	0
158484	8 Nov 25	13:28:00	1	0	55	0	Ct	0	1	0	0	0	0	0	0	0	0	0	0	0	0	0	6	1	0	0	0	1	0	0	0	0	0	0	0	0	0	0	0	0	0
158485	8 Nov 25	13:29:00	1	0	55	0	Ct	0	1	0	0	0	0	0	0	0	0	0	0	0	0	0	1	1	0	0	0	0	0	0	0	0	0	0	0	0	0	0	0	0	0
158486	8 Nov 25	13:30:00	1	0	55	0	Ct	0	1	0	0	0	0	0	0	0	0	0	0	0	0	0	1	0	0	0	0	0	0	0	0	0	0	0	0	0	0	0	0	0	0
158487	8 Nov 25	13:31:00	1	0	55	0	Ct	0	1	0	0	0	0	0	0	0	0	0	0	0	0	0	0	8	0	0	0	0	0	3	0	0	0	0	0	0	0	0	0	0	0
158488	8 Nov 25	13:32:00	1	0	55	0	Ct	0	1	0	0	0	0	0	0	0	0	0	0	0	0	0	0	5	0	0	0	0	0	1	0	0	0	0	0	0	0	0	0	0	0
158489	8 Nov 25	13:33:00	1	0	55	0	Ct	0	1	0	0	0	0	0	0	0	0	0	0	0	0	0	1	0	0	0	0	0	0	0	0	0	0	0	0	0	0	0	0	0	0
158490	8 Nov 25	13:34:00	1	0	55	0	Ct	0	1	0	0	0	0	0	0	0	0	0	0	0	0	0	3	0	0	0	0	0	0	0	0	0	0	0	0	0	0	0	0	0	0
158491	8 Nov 25	13:35:00	1	0	55	0	Ct	0	1	0	0	0	0	0	0	0	0	0	0	0	0	0	3	0	0	0	0	0	0	0	0	0	0	0	0	0	0	0	0	0	0
158492	8 Nov 25	13:36:00	1	0	55	0	Ct	0	1	0	0	0	0	0	0	0	0	0	0	0	0	0	4	0	0	0	0	0	0	0	0	0	0	0	0	0	0	0	0	0	0
158493	8 Nov 25	13:37:00	1	0	55	0	Ct	0	1	0	0	0	0	0	0	0	0	0	0	0	0	0	6	1	0	0	0	0	0	0	0	0	0	0	0	0	0	0	0	0	0
158494	8 Nov 25	13:38:00	1	0	55	0	Ct	0	1	0	0	0	0	0	0	0	0	0	0	0	0	0	4	0	0	0	0	0	0	0	0	0	0	0	3	0	0	0	0	0	0
158495	8 Nov 25	13:39:00	1	0	55	0	Ct	0	1	0	0	0	0	0	0	0	0	0	0	0	0	0	0	1	0	0	0	0	0	0	0	0	0	0	0	0	0	0	0	0	0
158496	8 Nov 25	13:40:00	1	0	55	0	Ct	0	1	0	0	0	0	0	0	0	0	0	0	0	0	0	0	18	0	0	0	0	0	0	0	0	0	0	0	0	0	0	0	0	0
158497	8 Nov 25	13:41:00	1	0	55	0	Ct	0	1	0	0	0	0	0	0	0	0	0	0	0	0	0	0	6	0	0	0	0	0	0	0	0	0	0	2	0	0	0	0	0	0
158498	8 Nov 25	13:42:00	1	0	55	0	Ct	0	1	0	0	0	0	0	0	0	0	0	0	0	0	0	0	0	0	0	0	0	0	0	0	0	0	0	0	0	0	0	0	0	0
158499	8 Nov 25	13:43:00	1	0	55	0	Ct	0	1	0	0	0	0	0	0	0	0	0	0	0	0	0	0	1	0	0	0	0	0	0	0	0	0	0	0	0	0	0	0	0	0
158500	8 Nov 25	13:44:00	1	0	55	0	Ct	0	1	0	0	0	0	0	0	0	0	0	0	0	0	0	4	0	0	0	0	0	0	0	0	0	0	0	0	0	0	0	0	0	0
158501	8 Nov 25	13:45:00	1	0	55	0	Ct	0	1	0	0	0	0	0	0	0	0	0	0	0	0	0	1	0	0	0	0	0	0	0	0	0	0	0	0	0	0	0	0	0	0
158502	8 Nov 25	13:46:00	1	0	55	0	Ct	0	1	0	0	0	0	0	0	0	0	0	0	0	0	0	5	0	0	0	0	0	0	2	0	0	0	0	0	0	0	0	0	0	0
158503	8 Nov 25	13:47:00	1	0	55	0	Ct	0	1	0	0	0	0	0	0	0	0	0	0	0	0	0	2	0	0	0	0	1	0	0	0	0	0	0	0	0	0	0	0	0	0
158504	8 Nov 25	13:48:00	1	0	55	0	Ct	0	1	0	0	0	0	0	0	0	0	0	0	0	0	0	0	0	0	0	0	1	0	0	0	0	0	0	0	0	0	0	0	0	0
158505	8 Nov 25	13:49:00	1	0	55	0	Ct	0	1	0	0	0	0	0	0	0	0	0	0	0	0	0	0	0	0	0	0	0	0	0	0	0	0	0	0	0	0	0	0	0	0
158506	8 Nov 25	13:50:00	1	0	55	0	Ct	0	1	0	0	0	0	0	0	0	0	0	0	0	0	0	2	0	0	0	0	0	0	0	0	0	0	0	0	0	0	0	0	0	0
158507	8 Nov 25	13:51:00	1	0	55	0	Ct	0	1	0	0	0	0	0	0	0	0	0	0	0	0	0	5	0	0	0	0	0	0	0	0	0	0	0	0	0	0	0	0	0	0
158508	8 Nov 25	13:52:00	1	0	55	0	Ct	0	1	0	0	0	0	0	0	0	0	0	0	0	0	0	3	0	0	0	0	0	0	0	0	0	0	0	0	0	0	0	0	0	0
158509	8 Nov 25	13:53:00	1	0	55	0	Ct	0	1	0	0	0	0	0	0	0	0	0	0	0	0	0	4	0	0	0	0	1	0	0	0	0	0	0	0	0	0	0	0	0	0
158510	8 Nov 25	13:54:00	1	0	55	0	Ct	0	1	0	0	0	0	0	0	0	0	0	0	0	0	0	3	0	0	0	0	2	0	0	0	0	0	0	0	0	0	0	0	0	0
158511	8 Nov 25	13:55:00	1	0	55	0	Ct	0	1	0	0	0	0	0	0	0	0	0	0	0	0	0	0	0	0	0	0	0	0	0	0	0	0	0	0	0	0	0	0	0	0
158512	8 Nov 25	13:56:00	1	0	55	0	Ct	0	1	0	0	0	0	0	0	0	0	0	0	0	0	0	3	0	0	0	0	0	0	0	0	0	0	0	0	0	0	0	0	0	0
158513	8 Nov 25	13:57:00	1	0	55	0	Ct	0	1	0	0	0	0	0	0	0	0	0	0	0	0	0	0	0	0	0	0	0	0	0	0	0	0	0	0	0	0	0	0	0	0
158514	8 Nov 25	13:58:00	1	0	55	0	Ct	0	1	0	0	0	0	0	0	0	0	0	0	0	0	0	2	0	0	0	0	0	0	0	0	0	0	0	0	0	0	0	0	0	0
158515	8 Nov 25	13:59:00	1	0	55	0	Ct	0	1	0	0	0	0	0	0	0	0	0	0	0	0	0	1	0	0	0	0	0	0	0	0	0	0	0	0	0	0	0	0	0	0
158516	8 Nov 25	14:00:00	1	0	55	0	Ct	0	1	0	0	0	0	0	0	0	0	0	0	0	0	0	1	0	0	0	0	0	0	0	0	0	0	0	0	0	0	0	0	0	0
158517	8 Nov 25	14:01:00	1	0	55	0	Ct	0	1	0	0	0	0	0	0	0	0	0	0	0	0	0	0	0	0	0	0	0	0	0	0	0	0	0	0	0	0	0	0	0	0
158518	8 Nov 25	14:02:00	1	0	55	0	Ct	0	1	0	0	0	0	0	0	0	0	0	0	0	0	0	0	0	0	0	0	0	0	0	0	0	0	0	0	0	0	0	0	0	0
158519	8 Nov 25	14:03:00	1	0	55	0	Ct	0	1	0	0	0	0	0	0	0	0	0	0	0	0	0	0	1	0	0	0	0	0	0	0	0	0	0	0	0	0	0	0	0	0
158520	8 Nov 25	14:04:00	1	0	55	0	Ct	0	1	0	0	0	0	0	0	0	0	0	0	0	0	0	0	8	0	0	0	0	0	0	0	0	0	0	0	0	0	0	0	0	0
158521	8 Nov 25	14:05:00	1	0	55	0	Ct	0	1	0	0	0	0	0	0	0	0	0	0	0	0	0	0	9	0	0	0	0	0	0	0	0	0	0	0	0	0	0	0	0	0
158522	8 Nov 25	14:06:00	1	0	55	0	Ct	0	1	0	0	0	0	0	0	0	0	0	0	0	0	0	2	0	0	0	0	1	0	0	0	0	0	0	0	0	0	0	0	0	0
158523	8 Nov 25	14:07:00	1	0	55	0	Ct	0	1	0	0	0	0	0	0	0	0	0	0	0	0	0	0	0	0	0	0	5	0	0	0	0	0	0	0	0	0	0	0	0	0
158524	8 Nov 25	14:08:00	1	0	55	0	Ct	0	1	0	0	0	0	0	0	0	0	0	0	0	0	0	0	0	0	0	0	0	0	0	0	0	0	0	0	0	0	0	0	0	0
158525	8 Nov 25	14:09:00	1	0	55	0	Ct	0	1	0	0	0	0	0	0	0	0	0	0	0	0	0	0	0	0	0	0	0	0	0	0	0	0	0	0	0	0	0	0	0	0
158526	8 Nov 25	14:10:00	1	0	55	0	Ct	0	1	0	0	0	0	0	0	0	0	0	0	0	0	0	0	0	0	0	0	0	0	0	0	0	0	0	0	0	0	0	0	0	0
158527	8 Nov 25	14:11:00	1	0	55	0	Ct	0	1	0	0	0	0	0	0	0	0	0	0	0	0	0	3	0	0	0	0	0	0	0	0	0	0	0	0	0	0	0	0	0	0
158528	8 Nov 25	14:12:00	1	0	55	0	Ct	0	1	0	0	0	0	0	0	0	0	0	0	0	0	0	0	0	0	0	0	0	0	0	0	0	0	0	0	0	0	0	0	0	0
158529	8 Nov 25	14:13:00	1	0	55	0	Ct	0	1	0	0	0	0	0	0	0	0	0	0	0	0	0	3	0	0	0	0	0	0	0	0	0	0	0	0	0	0	0	0	0	0
158530	8 Nov 25	14:14:00	1	0	55	0	Ct	0	1	0	0	0	0	0	0	0	0	0	0	0	0	0	0	0	0	0	0	0	0	0	0	0	0	0	0	0	0	0	0	0	0
158531	8 Nov 25	14:15:00	1	0	55	0	Ct	0	1	0	0	0	0	0	0	0	0	0	0	0	0	0	0	0	0	0	0	0	0	0	0	0	0	0	0	0	0	0	0	0	0
158532	8 Nov 25	14:16:00	1	0	55	0	Ct	0	1	0	0	0	0	0	0	0	0	0	0	0	0	0	0	0	0	1	0	0	0	0	0	0	0	0	0	0	0	0	0	0	0
158533	8 Nov 25	14:17:00	1	0	55	0	Ct	0	1	0	0	0	0	0	0	0	0	0	0	0	0	0	0	0	0	1	0	0	0	0	0	0	0	0	0	0	0	0	0	0	0
158534	8 Nov 25	14:18:00	1	0	55	0	Ct	0	1	0	0	0	0	0	0	0	0	0	0	0	0	0	2	0	0	1	0	0	0	0	0	0	0	0	0	0	0	0	0	0	0
158535	8 Nov 25	14:19:00	1	0	55	0	Ct	0	1	0	0	0	0	0	0	0	0	0	0	0	0	0	0	0	0	0	0	0	0	0	0	0	0	0	0	0	0	0	0	0	0
158536	8 Nov 25	14:20:00	1	0	55	0	Ct	0	1	0	0	0	0	0	0	0	0	0	0	0	0	0	0	0	0	0	0	2	0	0	0	0	0	0	0	0	0	0	0	0	0
158537	8 Nov 25	14:21:00	1	0	55	0	Ct	0	1	0	0	0	0	0	0	0	0	0	0	0	0	0	0	5	0	0	0	0	0	0	0	0	0	0	0	0	0	0	0	0	0
158538	8 Nov 25	14:22:00	1	0	55	0	Ct	0	1	0	0	0	0	0	0	0	0	0	0	0	0	0	0	0	0	0	0	0	0	0	0	0	0	0	0	0	0	0	0	0	0
158539	8 Nov 25	14:23:00	1	0	55	0	Ct	0	1	0	0	0	0	0	0	0	0	0	0	0	0	0	0	0	0	0	0	0	0	0	0	0	0	0	0	0	0	0	0	0	0
158540	8 Nov 25	14:24:00	1	0	55	0	Ct	0	1	0	0	0	0	0	0	0	0	0	0	0	0	0	0	0	0	0	0	0	0	0	0	0	0	0	0	0	0	0	0	0	0
158541	8 Nov 25	14:25:00	1	0	55	0	Ct	0	1	0	0	0	0	0	0	0	0	0	0	0	0	0	0	0	0	0	0	0	0	0	0	0	0	0	0	0	0	0	0	0	0
158542	8 Nov 25	14:26:00	1	0	55	0	Ct	0	1	0	0	0	0	0	0	0	0	0	0	0	0	0	0	0	0	0	0	0	0	0	0	0	0	0	0	0	0	0	0	0	0
158543	8 Nov 25	14:27:00	1	0	55	0	Ct	0	1	0	0	0	0	0	0	0	0	0	0	0	0	0	0	0	0	0	0	0	0	3	0	0	0	0	0	0	0	0	0	0	0
158544	8 Nov 25	14:28:00	1	0	55	0	Ct	0	1	0	0	0	0	0	0	0	0	0	0	0	0	0	0	0	0	0	0	0	0	0	0	0	0	0	0	0	0	0	0	0	0
158545	8 Nov 25	14:29:00	1	0	55	0	Ct	0	1	0	0	0	0	0	0	0	0	0	0	0	0	0	0	0	0	0	0	0	0	0	0	0	0	0	0	0	0	0	0	0	0
158546	8 Nov 25	14:30:00	1	0	55	0	Ct	0	1	0	0	0	0	0	0	0	0	0	0	0	0	0	2	0	0	0	0	0	0	0	0	0	0	0	0	0	0	0	0	0	0
158547	8 Nov 25	14:31:00	1	0	55	0	Ct	0	1	0	0	0	0	0	0	0	0	0	0	0	0	0	3	0	0	0	0	0	0	0	0	0	0	0	0	0	0	0	0	0	0
158548	8 Nov 25	14:32:00	1	0	55	0	Ct	0	1	0	0	0	0	0	0	0	0	0	0	0	0	0	3	0	0	0	0	0	0	0	0	0	0	0	0	0	0	0	0	0	0
158549	8 Nov 25	14:33:00	1	0	55	0	Ct	0	1	0	0	0	0	0	0	0	0	0	0	0	0	0	3	0	0	0	0	0	0	0	0	0	0	0	0	0	0	0	0	0	0
158550	8 Nov 25	14:34:00	1	0	55	0	Ct	0	1	0	0	0	0	0	0	0	0	0	0	0	0	0	3	0	0	0	0	0	0	0	0	0	0	0	0	0	0	0	0	0	0
158551	8 Nov 25	14:35:00	1	0	55	0	Ct	0	1	0	0	0	0	0	0	0	0	0	0	0	0	0	2	7	0	0	0	9	0	0	0	0	0	0	0	0	0	0	0	0	0
158552	8 Nov 25	14:36:00	1	0	55	0	Ct	0	1	0	0	0	0	0	0	0	0	0	0	0	0	0	0	1	0	0	0	0	0	1	0	0	0	0	0	0	0	0	0	0	0
158553	8 Nov 25	14:37:00	1	0	55	0	Ct	0	1	0	0	0	0	0	0	0	0	0	0	0	0	0	0	1	0	0	0	0	0	0	0	0	0	0	0	0	0	0	0	0	0
158554	8 Nov 25	14:38:00	1	0	55	0	Ct	0	1	0	0	0	0	0	0	0	0	0	0	0	0	0	0	8	0	0	0	0	0	0	0	0	0	0	0	0	0	0	0	0	0
158555	8 Nov 25	14:39:00	1	0	55	0	Ct	0	1	0	0	0	0	0	0	0	0	0	0	0	0	0	1	3	0	0	0	1	0	0	0	0	0	0	0	0	0	0	0	0	0
158556	8 Nov 25	14:40:00	1	0	55	0	Ct	0	1	0	0	0	0	0	0	0	0	0	0	0	0	0	1	4	0	0	0	0	0	0	0	0	0	0	0	0	0	0	0	0	0
158557	8 Nov 25	14:41:00	1	0	55	0	Ct	0	1	0	0	0	0	0	0	0	0	0	0	0	0	0	0	3	0	0	0	0	0	0	0	0	0	0	0	0	0	0	0	0	0
158558	8 Nov 25	14:42:00	1	0	55	0	Ct	0	1	0	0	0	0	0	0	0	0	0	0	0	0	0	0	0	0	0	0	0	0	0	0	0	0	0	0	0	0	0	0	0	0
158559	8 Nov 25	14:43:00	1	0	55	0	Ct	0	1	0	0	0	0	0	0	0	0	0	0	0	0	0	0	0	0	0	0	0	0	0	0	0	0	0	0	0	0	0	0	0	0
158560	8 Nov 25	14:44:00	1	0	55	0	Ct	0	1	0	0	0	0	0	0	0	0	0	0	0	0	0	0	6	0	0	0	0	0	0	0	0	0	0	0	0	0	0	0	0	0
158561	8 Nov 25	14:45:00	1	0	55	0	Ct	0	1	0	0	0	0	0	0	0	0	0	0	0	0	0	0	1	0	0	0	0	0	0	0	0	0	0	0	0	0	0	0	0	0
158562	8 Nov 25	14:46:00	1	0	55	0	Ct	0	1	0	0	0	0	0	0	0	0	0	0	0	0	0	0	0	0	0	0	0	0	0	0	0	0	0	0	0	0	0	0	0	0
158563	8 Nov 25	14:47:00	1	0	55	0	Ct	0	1	0	0	0	0	0	0	0	0	0	0	0	0	0	0	2	0	0	0	0	0	0	0	0	0	0	0	0	0	0	0	0	0
158564	8 Nov 25	14:48:00	1	0	55	0	Ct	0	1	0	0	0	0	0	0	0	0	0	0	0	0	0	0	0	0	0	0	0	0	0	0	0	0	0	0	0	0	0	0	0	0
158565	8 Nov 25	14:49:00	1	0	55	0	Ct	0	1	0	0	0	0	0	0	0	0	0	0	0	0	0	0	0	0	0	0	0	0	0	0	0	0	0	0	0	0	0	0	0	0
158566	8 Nov 25	14:50:00	1	0	55	0	Ct	0	1	0	0	0	0	0	0	0	0	0	0	0	0	0	0	0	0	0	0	0	0	0	0	0	0	5	0	0	0	0	0	0	0
158567	8 Nov 25	14:51:00	1	0	55	0	Ct	0	1	0	0	0	0	0	0	0	0	0	0	0	0	0	0	2	0	0	0	0	0	0	0	0	0	0	0	0	0	0	0	0	0
158568	8 Nov 25	14:52:00	1	0	55	0	Ct	0	1	0	0	0	0	0	0	0	0	0	0	0	0	0	0	3	0	0	0	0	0	0	0	0	0	0	0	0	0	0	0	0	0
158569	8 Nov 25	14:53:00	1	0	55	0	Ct	0	1	0	0	0	0	0	0	0	0	0	0	0	0	0	0	6	0	0	0	0	0	4	0	0	0	0	0	0	0	0	0	0	0
158570	8 Nov 25	14:54:00	1	0	55	0	Ct	0	1	0	0	0	0	0	0	0	0	0	0	0	0	0	0	0	0	0	0	0	0	4	0	0	0	0	0	0	0	0	0	0	0
158571	8 Nov 25	14:55:00	1	0	55	0	Ct	0	1	0	0	0	0	0	0	0	0	0	0	0	0	0	0	0	0	0	0	0	0	4	0	0	0	0	0	0	0	0	0	0	0
158572	8 Nov 25	14:56:00	1	0	55	0	Ct	0	1	0	0	0	0	0	0	0	0	0	0	0	0	0	0	0	0	0	0	0	0	3	0	0	0	0	0	0	0	0	0	0	0
158573	8 Nov 25	14:57:00	1	0	55	0	Ct	0	1	0	0	0	0	0	0	0	0	0	0	0	0	0	0	0	0	0	0	0	0	1	0	0	0	0	0	0	0	0	0	0	0
158574	8 Nov 25	14:58:00	1	0	55	0	Ct	0	1	0	0	0	0	0	0	0	0	0	0	0	0	0	0	0	0	0	0	0	0	2	0	0	0	0	0	0	0	0	0	0	0
158575	8 Nov 25	14:59:00	1	0	55	0	Ct	0	1	0	0	0	0	0	0	0	0	0	0	0	0	0	0	1	0	0	0	0	0	4	0	0	0	0	0	0	0	0	0	0	0
158576	8 Nov 25	15:00:00	1	0	55	0	Ct	0	1	0	0	0	0	0	0	0	0	0	0	0	0	0	0	3	0	0	0	0	0	2	0	0	0	0	0	0	0	0	0	0	0
158577	8 Nov 25	15:01:00	1	0	55	0	Ct	0	1	0	0	3	0	0	0	0	0	0	0	0	0	0	0	1	0	0	0	1	0	5	0	0	0	0	0	0	0	0	0	0	0
158578	8 Nov 25	15:02:00	1	0	55	0	Ct	0	1	0	0	0	0	0	0	0	0	0	0	0	0	0	0	0	0	0	0	3	0	0	0	0	0	0	0	0	0	0	0	0	0
158579	8 Nov 25	15:03:00	1	0	55	0	Ct	0	1	0	0	0	0	0	0	0	0	0	0	0	0	0	0	0	0	0	0	2	0	2	0	0	0	0	0	0	0	0	0	0	0
158580	8 Nov 25	15:04:00	1	0	55	0	Ct	0	1	0	0	0	0	0	0	0	0	0	0	0	0	0	0	0	0	0	0	1	0	0	0	0	0	0	0	0	0	0	0	0	0
158581	8 Nov 25	15:05:00	1	0	55	0	Ct	0	1	0	0	0	0	0	0	0	0	0	0	0	0	0	0	0	0	0	0	0	0	1	0	0	0	0	0	0	0	0	0	0	0
158582	8 Nov 25	15:06:00	1	0	55	0	Ct	0	1	0	0	0	0	0	0	0	0	0	0	0	0	0	0	0	0	0	0	2	0	2	0	0	0	0	0	0	0	0	0	0	0
158583	8 Nov 25	15:07:00	1	0	55	0	Ct	0	1	0	0	0	0	0	0	0	0	0	0	0	0	0	0	0	0	0	0	0	0	2	0	0	0	0	0	0	0	0	0	0	0
158584	8 Nov 25	15:08:00	1	0	55	0	Ct	0	1	0	0	0	0	0	0	0	0	0	0	0	0	0	0	0	0	0	0	0	0	0	0	0	0	0	0	0	0	0	0	0	0
158585	8 Nov 25	15:09:00	1	0	55	0	Ct	0	1	0	0	0	0	0	0	0	0	0	0	0	0	0	0	0	0	0	0	0	0	2	0	0	0	0	0	0	0	0	0	0	0
158586	8 Nov 25	15:10:00	1	0	55	0	Ct	0	1	0	0	0	0	0	0	0	0	0	0	0	0	0	3	0	0	0	0	0	0	1	0	0	0	0	0	0	0	0	0	0	0
158587	8 Nov 25	15:11:00	1	0	55	0	Ct	0	1	0	0	0	0	0	0	0	0	0	0	0	0	0	0	0	0	0	0	0	0	1	0	0	0	0	0	0	0	0	0	0	0
158588	8 Nov 25	15:12:00	1	0	55	0	Ct	0	1	0	0	0	0	0	0	0	0	0	0	0	0	0	0	0	0	0	0	0	0	0	0	0	0	0	0	0	0	0	0	0	0
158589	8 Nov 25	15:13:00	1	0	55	0	Ct	0	1	0	0	0	0	0	0	0	0	0	0	0	0	0	3	0	0	0	0	0	0	0	0	0	0	0	0	0	0	0	0	0	0
158590	8 Nov 25	15:14:00	1	0	55	0	Ct	0	1	0	0	0	0	0	0	0	0	0	0	0	0	0	0	0	0	0	0	0	0	1	0	0	0	0	0	0	0	0	0	0	0
158591	8 Nov 25	15:15:00	1	0	55	0	Ct	0	1	0	0	0	0	0	0	0	0	0	0	0	0	0	0	0	0	0	0	0	0	2	0	0	0	0	0	0	0	0	0	0	0
158592	8 Nov 25	15:16:00	1	0	55	0	Ct	0	1	0	0	0	0	0	0	0	0	0	0	0	0	0	0	0	0	0	0	0	0	3	0	0	0	0	0	0	0	0	0	0	0
158593	8 Nov 25	15:17:00	1	0	55	0	Ct	0	1	0	0	0	0	0	0	0	0	0	0	0	0	0	0	0	0	0	0	0	0	1	0	0	0	0	0	0	0	0	0	0	0
158594	8 Nov 25	15:18:00	1	0	55	0	Ct	0	1	0	0	0	0	0	0	0	0	0	0	0	0	0	0	0	0	0	0	0	0	1	0	0	0	0	0	0	0	0	0	0	0
158595	8 Nov 25	15:19:00	1	0	55	0	Ct	0	1	0	0	0	0	0	0	0	0	0	0	0	0	0	0	0	0	0	0	0	0	5	0	0	0	0	0	0	0	0	0	0	0
158596	8 Nov 25	15:20:00	1	0	55	0	Ct	0	1	0	0	0	0	0	0	0	0	0	0	0	0	0	0	0	0	0	0	1	0	0	0	0	0	0	0	0	0	0	0	0	0
158597	8 Nov 25	15:21:00	1	0	55	0	Ct	0	1	0	0	0	0	0	0	0	0	0	0	0	0	0	0	0	0	0	0	0	0	0	0	0	0	0	0	0	0	0	0	0	0
158598	8 Nov 25	15:22:00	1	0	55	0	Ct	0	1	0	0	0	0	0	0	0	0	0	0	0	0	0	0	0	0	0	0	2	0	2	0	0	0	0	0	0	0	0	0	0	0
158599	8 Nov 25	15:23:00	1	0	55	0	Ct	0	1	0	0	0	0	0	0	0	0	0	0	0	0	0	0	0	0	2	0	0	0	1	0	0	0	0	0	0	0	0	0	0	0
158600	8 Nov 25	15:24:00	1	0	55	0	Ct	0	1	0	0	0	0	0	0	0	0	0	0	0	0	0	0	0	0	0	0	0	0	2	0	0	0	0	0	0	0	0	0	0	0
158601	8 Nov 25	15:25:00	1	0	55	0	Ct	0	1	0	0	0	0	0	0	0	0	0	0	0	0	0	0	0	0	0	0	0	0	0	0	0	0	0	0	0	0	0	0	0	0
158602	8 Nov 25	15:26:00	1	0	55	0	Ct	0	1	0	0	0	0	0	0	0	0	0	0	0	0	0	0	0	0	0	0	1	0	0	0	0	0	0	0	0	0	0	0	0	0
158603	8 Nov 25	15:27:00	1	0	55	0	Ct	0	1	0	0	0	0	0	0	0	0	0	0	0	0	0	0	0	0	4	0	1	0	0	0	0	0	0	0	0	0	0	0	0	0
158604	8 Nov 25	15:28:00	1	0	55	0	Ct	0	1	0	0	0	0	0	0	0	0	0	0	0	0	0	0	0	0	1	0	0	0	0	0	0	0	0	0	0	0	0	0	0	0
158605	8 Nov 25	15:29:00	1	0	55	0	Ct	0	1	0	0	0	0	0	0	0	0	0	0	0	0	0	0	0	0	0	0	0	0	0	0	0	0	0	0	0	0	0	0	0	0
158606	8 Nov 25	15:30:00	1	0	55	0	Ct	0	1	0	0	0	0	0	0	0	0	0	0	0	0	0	0	0	0	1	0	0	0	0	0	0	0	0	0	0	0	0	0	0	0
158607	8 Nov 25	15:31:00	1	0	55	0	Ct	0	1	0	0	0	0	0	0	0	0	0	0	0	0	0	0	0	0	1	0	0	0	0	0	0	0	0	0	0	0	0	0	0	0
158608	8 Nov 25	15:32:00	1	0	55	0	Ct	0	1	0	0	0	0	0	0	0	0	0	0	0	0	0	0	0	0	0	0	0	0	0	0	0	0	0	0	0	0	0	0	0	0
158609	8 Nov 25	15:33:00	1	0	55	0	Ct	0	1	0	0	0	0	0	0	0	0	0	0	0	0	0	0	0	0	0	0	0	0	0	0	0	0	0	0	0	0	0	0	0	0
158610	8 Nov 25	15:34:00	1	0	55	0	Ct	0	1	0	0	0	0	0	0	0	0	0	0	0	0	0	0	0	0	0	0	1	0	0	0	0	0	0	0	0	0	0	0	0	0
158611	8 Nov 25	15:35:00	1	0	55	0	Ct	0	1	0	0	0	0	0	0	0	0	0	0	0	0	0	0	0	0	0	0	0	0	4	0	0	0	0	0	0	0	0	0	0	0
158612	8 Nov 25	15:36:00	1	0	55	0	Ct	0	1	0	0	0	0	0	0	0	0	0	0	0	0	0	0	0	0	0	0	0	0	1	0	0	0	0	0	0	0	0	0	0	0
158613	8 Nov 25	15:37:00	1	0	55	0	Ct	0	1	0	0	0	0	0	0	0	0	0	0	0	0	0	0	0	0	0	0	1	0	0	0	0	0	0	0	0	0	0	0	0	0
158614	8 Nov 25	15:38:00	1	0	55	0	Ct	0	1	0	0	0	0	0	0	0	0	0	0	0	0	0	0	0	0	0	0	0	0	0	0	0	0	0	0	0	0	0	0	0	0
158615	8 Nov 25	15:39:00	1	0	55	0	Ct	0	1	0	0	0	0	0	0	0	0	0	0	0	0	0	0	0	0	0	0	0	0	0	0	0	0	0	0	0	0	0	0	0	0
158616	8 Nov 25	15:40:00	1	0	55	0	Ct	0	1	0	0	0	0	0	0	0	0	0	0	0	0	0	0	0	0	0	0	0	0	2	0	0	0	0	0	0	0	0	0	0	0
158617	8 Nov 25	15:41:00	1	0	55	0	Ct	0	1	0	0	0	0	0	0	0	0	0	0	0	0	0	0	0	0	1	0	0	0	2	0	0	0	0	0	0	0	0	0	0	0
158618	8 Nov 25	15:42:00	1	0	55	0	Ct	0	1	0	0	0	0	0	0	0	0	0	0	0	0	0	0	0	0	2	0	0	0	0	0	0	0	0	0	0	0	0	0	0	0
158619	8 Nov 25	15:43:00	1	0	55	0	Ct	0	1	0	0	0	0	0	0	0	0	0	0	0	0	0	0	0	0	0	0	0	0	2	0	0	0	0	0	0	0	0	0	0	0
158620	8 Nov 25	15:44:00	1	0	55	0	Ct	0	1	0	0	0	0	0	0	0	0	0	0	0	0	0	0	0	0	1	0	0	0	0	0	0	0	0	0	0	0	0	0	0	0
158621	8 Nov 25	15:45:00	1	0	55	0	Ct	0	1	0	0	0	0	0	0	0	0	0	0	0	0	0	0	0	0	0	0	0	0	0	0	0	0	0	0	0	0	0	0	0	0
158622	8 Nov 25	15:46:00	1	0	55	0	Ct	0	1	0	0	0	0	0	0	0	0	0	0	0	0	0	0	0	0	0	0	0	0	0	0	0	0	0	0	0	0	0	0	0	0
158623	8 Nov 25	15:47:00	1	0	55	0	Ct	0	1	0	0	0	0	0	0	0	0	0	0	0	0	0	0	0	0	0	0	0	0	1	0	0	0	0	0	0	0	0	0	0	0
158624	8 Nov 25	15:48:00	1	0	55	0	Ct	0	1	0	0	0	0	0	0	0	0	0	0	0	0	0	0	0	0	1	0	0	0	4	0	0	0	0	0	0	0	0	0	0	0
158625	8 Nov 25	15:49:00	1	0	55	0	Ct	0	1	0	0	0	0	0	0	0	0	0	0	0	0	0	0	0	0	1	0	0	0	2	0	0	0	0	0	0	0	0	0	0	0
158626	8 Nov 25	15:50:00	1	0	55	0	Ct	0	1	0	0	0	0	0	0	0	0	0	0	0	0	0	0	0	0	0	0	0	0	0	0	0	0	0	0	0	0	0	0	0	0
158627	8 Nov 25	15:51:00	1	0	55	0	Ct	0	1	0	0	0	0	0	0	0	0	0	0	0	0	0	0	0	0	0	0	0	0	0	0	0	0	0	0	0	0	0	0	0	0
158628	8 Nov 25	15:52:00	1	0	55	0	Ct	0	1	0	0	0	0	0	0	0	0	0	0	0	0	0	0	0	0	0	0	1	0	0	0	0	0	0	0	0	0	0	0	0	0
158629	8 Nov 25	15:53:00	1	0	55	0	Ct	0	1	0	0	0	0	0	0	0	0	0	0	0	0	0	0	0	0	0	0	0	0	0	0	0	0	0	0	0	0	0	0	0	0
158630	8 Nov 25	15:54:00	1	0	55	0	Ct	0	1	0	0	0	0	0	0	0	0	0	0	0	0	0	0	0	0	0	0	1	0	0	0	0	0	0	0	0	0	0	0	0	0
158631	8 Nov 25	15:55:00	1	0	55	0	Ct	0	1	0	0	0	0	0	0	0	0	0	0	0	0	0	0	0	0	0	0	0	0	0	0	0	0	0	0	0	0	0	0	0	0
158632	8 Nov 25	15:56:00	1	0	55	0	Ct	0	1	0	0	0	0	0	0	0	0	0	0	0	0	0	0	0	0	0	0	0	0	0	0	0	0	0	0	0	0	0	0	0	0
158633	8 Nov 25	15:57:00	1	0	55	0	Ct	0	1	0	0	0	0	0	0	0	0	0	0	0	0	0	0	0	0	0	0	0	0	0	0	0	0	0	0	0	0	0	0	0	0
158634	8 Nov 25	15:58:00	1	0	55	0	Ct	0	1	0	0	0	0	0	0	0	0	0	0	0	0	0	0	0	0	0	0	0	0	0	0	0	0	0	0	0	0	0	0	0	0
158635	8 Nov 25	15:59:00	1	0	55	0	Ct	0	1	0	0	0	0	0	0	0	0	0	0	0	0	0	0	0	0	0	0	0	0	0	0	0	0	0	0	0	0	0	0	0	0
158636	8 Nov 25	16:00:00	1	0	55	0	Ct	0	1	0	0	0	0	0	0	0	0	0	0	0	0	0	0	0	0	0	0	0	0	0	0	0	0	0	0	0	0	0	0	0	0
158637	8 Nov 25	16:01:00	1	0	55	0	Ct	0	1	0	0	0	0	0	0	0	0	0	0	0	0	0	0	0	0	0	0	0	0	0	0	0	0	0	0	0	0	0	0	0	0
158638	8 Nov 25	16:02:00	1	0	55	0	Ct	0	1	0	0	0	0	0	0	0	0	0	0	0	0	0	0	0	0	0	0	0	0	0	0	0	0	0	0	0	0	0	0	0	0
158639	8 Nov 25	16:03:00	1	0	55	0	Ct	0	1	0	0	0	0	0	0	0	0	0	0	0	0	0	3	0	0	0	0	0	0	0	0	0	0	0	0	0	0	0	0	0	0
158640	8 Nov 25	16:04:00	1	0	55	0	Ct	0	1	0	0	0	0	0	0	0	0	0	0	0	0	0	3	0	0	0	0	0	0	0	0	0	0	0	0	0	0	0	0	0	0
158641	8 Nov 25	16:05:00	1	0	55	0	Ct	0	1	0	0	0	0	0	0	0	0	0	0	0	0	0	3	0	0	0	0	0	0	0	0	0	0	0	0	0	0	0	0	0	0
158642	8 Nov 25	16:06:00	1	0	55	0	Ct	0	1	0	0	0	0	0	0	0	0	0	0	0	0	0	2	0	0	0	0	0	0	1	0	0	0	0	0	0	0	0	0	0	0
158643	8 Nov 25	16:07:00	1	0	55	0	Ct	0	1	0	0	0	0	0	0	0	0	0	0	0	0	0	2	0	0	0	0	1	0	2	0	0	0	0	0	0	0	0	0	0	0
158644	8 Nov 25	16:08:00	1	0	55	0	Ct	0	1	0	0	0	0	0	0	0	0	0	0	0	0	0	0	0	0	0	0	1	0	0	0	0	0	0	0	0	0	0	0	0	0
158645	8 Nov 25	16:09:00	1	0	55	0	Ct	0	1	0	0	0	0	0	0	0	0	0	0	0	0	0	0	1	0	0	0	0	0	0	0	0	0	0	0	0	0	0	0	0	0
158646	8 Nov 25	16:10:00	1	0	55	0	Ct	0	1	0	0	0	0	0	0	0	0	0	0	0	0	0	0	8	0	0	0	0	0	3	0	0	0	0	0	0	0	0	0	0	0
158647	8 Nov 25	16:11:00	1	0	55	0	Ct	0	1	0	0	0	0	0	0	0	0	0	0	0	0	0	1	1	0	0	0	1	0	0	0	0	0	0	0	0	0	0	0	0	0
158648	8 Nov 25	16:12:00	1	0	55	0	Ct	0	1	0	0	0	0	0	0	0	0	0	0	0	1	0	2	4	0	2	0	1	0	0	0	0	0	0	0	0	0	0	0	0	0
158649	8 Nov 25	16:13:00	1	0	55	0	Ct	0	1	0	0	0	0	0	0	0	0	0	0	0	2	0	0	1	0	0	0	0	0	0	0	0	0	0	0	0	0	0	0	0	0
158650	8 Nov 25	16:14:00	1	0	55	0	Ct	0	1	0	0	0	0	0	0	0	0	0	0	0	0	0	0	1	0	0	0	0	0	0	0	0	0	0	0	0	0	0	0	0	0
158651	8 Nov 25	16:15:00	1	0	55	0	Ct	0	1	0	0	0	0	0	0	0	0	0	0	0	0	0	0	1	0	0	0	0	0	0	0	0	0	0	0	0	0	0	0	0	0
158652	8 Nov 25	16:16:00	1	0	55	0	Ct	0	1	0	0	0	0	0	0	0	0	0	0	0	0	0	0	0	0	0	0	0	0	0	0	0	0	0	0	0	0	0	0	0	0
158653	8 Nov 25	16:17:00	1	0	55	0	Ct	0	1	0	0	0	0	0	0	0	0	0	0	0	0	0	0	0	0	0	0	2	0	2	0	0	0	0	0	0	0	0	0	0	0
158654	8 Nov 25	16:18:00	1	0	55	0	Ct	0	1	0	0	0	0	0	0	0	0	0	0	0	0	0	0	0	0	0	0	0	0	0	0	0	0	0	0	0	0	0	0	0	0
158655	8 Nov 25	16:19:00	1	0	55	0	Ct	0	1	0	0	0	0	0	0	0	0	0	0	0	0	0	0	0	0	0	0	0	0	1	0	0	0	0	0	0	0	0	0	0	0
158656	8 Nov 25	16:20:00	1	0	55	0	Ct	0	1	0	0	0	0	0	0	0	0	0	0	0	0	0	0	3	0	0	0	0	0	1	0	0	0	0	0	0	0	0	0	0	0
158657	8 Nov 25	16:21:00	1	0	55	0	Ct	0	1	0	0	0	0	0	0	0	0	0	0	0	0	0	0	4	0	0	0	0	0	0	0	0	0	0	0	0	0	0	0	0	0
158658	8 Nov 25	16:22:00	1	0	55	0	Ct	0	1	0	0	0	0	0	0	0	0	0	0	0	0	0	0	0	0	0	0	0	0	1	0	0	0	0	0	0	0	0	0	0	0
158659	8 Nov 25	16:23:00	1	0	55	0	Ct	0	1	0	0	0	0	0	0	0	0	0	0	0	0	0	0	0	0	0	0	0	0	2	0	0	0	0	0	0	0	0	0	0	0
158660	8 Nov 25	16:24:00	1	0	55	0	Ct	0	1	0	0	0	0	0	0	0	0	0	0	0	0	0	0	0	0	0	0	0	0	2	0	0	0	0	0	0	0	0	0	0	0
158661	8 Nov 25	16:25:00	1	0	55	0	Ct	0	1	0	0	0	0	0	0	0	0	0	0	0	0	0	0	4	0	0	0	0	0	0	0	0	0	0	0	0	0	0	0	0	2
158662	8 Nov 25	16:26:00	1	0	55	0	Ct	0	1	0	0	0	0	0	0	0	0	0	0	0	0	0	0	2	0	0	0	0	0	0	0	0	0	0	0	0	0	0	0	0	0
158663	8 Nov 25	16:27:00	1	0	55	0	Ct	0	1	0	0	0	0	0	0	0	0	0	0	0	0	0	0	0	0	0	0	0	0	0	0	0	0	0	0	0	0	0	0	0	0
158664	8 Nov 25	16:28:00	1	0	55	0	Ct	0	1	0	0	0	0	0	0	0	0	0	0	0	0	0	0	3	0	0	0	0	0	0	0	0	0	0	0	0	0	0	0	0	0
158665	8 Nov 25	16:29:00	1	0	55	0	Ct	0	1	0	0	0	0	0	0	0	0	0	0	0	0	0	0	1	0	0	0	0	0	0	0	0	0	0	0	0	0	0	0	0	0
158666	8 Nov 25	16:30:00	1	0	55	0	Ct	0	1	0	0	0	0	0	0	0	0	0	0	0	0	0	0	0	0	0	0	0	0	0	0	0	0	0	0	0	0	0	0	0	0
158667	8 Nov 25	16:31:00	1	0	55	0	Ct	0	1	0	0	0	0	0	0	0	0	0	0	0	0	0	0	0	0	0	0	2	0	0	0	0	0	0	0	0	0	0	0	0	0
158668	8 Nov 25	16:32:00	1	0	55	0	Ct	0	1	0	0	0	0	0	0	0	0	0	0	0	0	0	1	0	0	0	0	0	0	1	0	0	0	0	0	0	0	0	0	0	0
158669	8 Nov 25	16:33:00	1	0	55	0	Ct	0	1	0	0	0	0	0	0	0	0	0	0	0	0	0	1	0	0	1	0	0	0	1	0	0	0	0	0	0	0	0	0	0	0
158670	8 Nov 25	16:34:00	1	0	55	0	Ct	0	1	0	0	0	0	0	0	0	0	0	0	0	0	1	0	0	0	4	0	0	0	0	0	0	0	0	0	0	0	0	0	0	0
158671	8 Nov 25	16:35:00	1	0	55	0	Ct	0	1	0	0	0	0	0	0	0	0	0	0	0	0	1	0	0	0	0	0	0	0	0	0	0	0	0	0	0	0	0	0	0	0
158672	8 Nov 25	16:36:00	1	0	55	0	Ct	0	1	0	0	0	0	0	0	0	0	0	0	0	0	0	0	0	0	0	0	0	0	0	0	0	0	0	0	0	0	0	0	0	0
158673	8 Nov 25	16:37:00	1	0	55	0	Ct	0	1	0	0	0	0	0	0	0	0	0	0	0	0	0	2	0	0	0	0	2	0	0	0	0	0	0	0	0	0	3	0	0	0
158674	8 Nov 25	16:38:00	1	0	55	0	Ct	0	1	0	0	0	0	0	0	0	0	0	0	0	0	0	0	0	0	0	0	0	0	0	0	0	0	0	0	0	0	0	0	0	0
158675	8 Nov 25	16:39:00	1	0	55	0	Ct	0	1	0	0	0	0	0	0	0	0	0	0	0	0	0	0	0	0	0	0	0	0	0	0	0	0	0	0	0	0	0	0	0	0
158676	8 Nov 25	16:40:00	1	0	55	0	Ct	0	1	0	0	0	0	0	0	0	0	0	0	0	0	0	0	0	0	0	0	0	0	1	0	0	0	0	0	0	0	0	0	0	0
158677	8 Nov 25	16:41:00	1	0	55	0	Ct	0	1	0	0	0	0	0	0	0	0	0	0	0	0	0	0	0	0	0	0	0	0	1	0	0	0	0	2	0	0	0	0	0	0
158678	8 Nov 25	16:42:00	1	0	55	0	Ct	0	1	0	0	0	0	0	0	0	0	0	0	0	0	0	0	0	0	0	0	0	0	2	0	0	0	0	11	0	0	0	0	0	0
158679	8 Nov 25	16:43:00	1	0	55	0	Ct	0	1	0	0	0	0	0	0	0	0	0	0	0	0	0	0	0	0	0	0	0	0	0	0	0	0	0	2	0	0	0	0	0	0
158680	8 Nov 25	16:44:00	1	0	55	0	Ct	0	1	0	0	0	0	0	0	0	0	0	0	0	0	0	0	0	0	0	0	0	0	2	0	0	0	0	0	0	0	0	0	0	0
158681	8 Nov 25	16:45:00	1	0	55	0	Ct	0	1	0	0	0	0	0	0	0	0	0	0	0	0	0	0	0	0	0	0	1	0	0	0	0	0	0	0	0	0	0	0	0	0
158682	8 Nov 25	16:46:00	1	0	55	0	Ct	0	1	0	0	0	0	0	0	0	0	0	0	0	0	0	0	0	0	0	0	2	0	4	0	0	0	0	0	0	0	0	0	0	0
158683	8 Nov 25	16:47:00	1	0	55	0	Ct	0	1	0	0	0	0	0	0	0	0	0	0	0	0	0	1	0	0	0	0	0	0	1	0	0	0	0	0	0	0	0	0	0	0
158684	8 Nov 25	16:48:00	1	0	55	0	Ct	0	1	0	0	0	0	0	0	0	0	0	0	0	0	0	3	0	0	0	0	0	0	0	0	0	0	0	0	0	0	0	0	0	0
158685	8 Nov 25	16:49:00	1	0	55	0	Ct	0	1	0	0	0	0	0	0	0	0	0	0	0	0	0	6	0	0	0	0	0	0	0	0	0	0	0	0	0	0	0	0	0	0
158686	8 Nov 25	16:50:00	1	0	55	0	Ct	0	1	0	0	0	0	0	0	0	0	0	0	0	0	0	2	2	0	0	0	1	0	0	0	0	0	0	0	0	0	0	0	0	0
158687	8 Nov 25	16:51:00	1	0	55	0	Ct	0	1	0	0	0	0	0	0	0	0	0	0	0	0	0	0	0	0	0	0	1	0	0	0	0	0	0	0	0	0	0	0	0	0
158688	8 Nov 25	16:52:00	1	0	55	0	Ct	0	1	0	0	0	0	0	0	0	0	0	0	0	0	0	3	0	0	0	0	0	0	0	0	0	0	0	0	0	0	0	0	0	0
158689	8 Nov 25	16:53:00	1	0	55	0	Ct	0	1	0	0	0	0	0	0	0	0	0	0	0	0	0	0	1	0	0	0	1	0	0	0	0	0	0	0	0	0	0	0	0	0
158690	8 Nov 25	16:54:00	1	0	55	0	Ct	0	1	0	0	0	0	0	0	0	0	0	0	0	0	0	0	1	0	0	0	1	0	0	0	0	0	0	0	0	0	1	0	0	0
158691	8 Nov 25	16:55:00	1	0	55	0	Ct	0	1	0	0	0	0	0	0	0	0	0	0	0	0	0	0	0	0	1	0	0	0	0	0	0	0	0	0	0	0	0	0	0	0
158692	8 Nov 25	16:56:00	1	0	55	0	Ct	0	1	0	0	0	0	0	0	0	0	0	0	0	0	0	0	0	0	2	0	0	0	2	0	0	0	0	0	0	0	0	0	0	0
158693	8 Nov 25	16:57:00	1	0	55	0	Ct	0	1	0	0	0	0	0	0	0	0	0	0	0	0	0	0	3	0	0	0	0	0	1	0	0	0	0	0	0	0	0	0	0	0
158694	8 Nov 25	16:58:00	1	0	55	0	Ct	0	1	0	0	0	0	0	0	0	0	0	0	0	0	0	0	3	0	0	0	0	0	0	0	0	0	0	0	0	0	0	0	0	0
158695	8 Nov 25	16:59:00	1	0	55	0	Ct	0	1	0	0	0	0	0	0	0	3	0	0	0	0	0	0	0	0	0	0	0	0	0	0	0	0	0	0	0	0	0	0	0	0
158696	8 Nov 25	17:00:00	1	0	55	0	Ct	0	1	0	0	0	0	0	0	0	2	0	0	0	0	0	0	2	0	0	0	0	0	0	0	0	0	0	0	0	0	0	0	0	0
158697	8 Nov 25	17:01:00	1	0	55	0	Ct	0	1	0	0	0	0	0	0	0	0	0	0	0	0	0	0	0	0	0	0	0	0	0	0	0	0	0	0	0	0	0	0	0	0
158698	8 Nov 25	17:02:00	1	0	55	0	Ct	0	1	0	0	0	0	0	2	0	0	0	0	0	0	0	0	2	0	0	0	0	0	1	0	0	0	0	0	0	0	0	0	0	0
158699	8 Nov 25	17:03:00	1	0	55	0	Ct	0	1	0	0	0	0	0	6	0	0	0	0	0	0	0	0	0	0	0	0	0	0	1	0	0	0	0	0	0	0	0	0	0	0
158700	8 Nov 25	17:04:00	1	0	55	0	Ct	0	1	0	0	0	0	0	0	0	0	0	0	0	0	0	0	2	0	0	0	0	0	0	0	0	0	0	0	0	0	0	0	0	0
158701	8 Nov 25	17:05:00	1	0	55	0	Ct	0	1	0	0	0	0	0	1	0	0	0	0	0	0	0	0	3	0	2	0	0	0	0	0	0	0	0	0	0	0	0	0	0	0
158702	8 Nov 25	17:06:00	1	0	55	0	Ct	0	1	0	0	0	0	0	0	0	0	0	0	0	0	0	0	4	0	0	0	0	0	0	0	0	0	0	0	0	0	0	0	0	0
158703	8 Nov 25	17:07:00	1	0	55	0	Ct	0	1	0	0	0	0	0	0	0	0	0	0	0	0	1	0	6	0	2	0	1	0	2	0	0	0	0	0	0	0	0	0	0	0
158704	8 Nov 25	17:08:00	1	0	55	0	Ct	0	0	0	0	2	0	1	0	0	0	0	0	2	0	1	0	0	0	2	0	3	0	4	0	0	0	0	0	0	0	2	0	0	0
158705	8 Nov 25	17:09:00	1	0	55	0	Ct	0	0	0	4	6	0	6	0	0	5	0	3	2	3	5	6	5	0	3	0	0	0	4	2	0	0	0	0	3	0	0	0	0	0
158706	8 Nov 25	17:10:00	1	0	55	0	Ct	0	0	0	4	4	0	6	0	0	4	3	6	1	3	1	6	2	0	3	1	2	0	2	2	2	3	4	0	0	0	2	0	2	1
158707	8 Nov 25	17:11:00	1	0	55	0	Ct	0	0	0	1	8	0	9	0	1	4	1	3	1	3	4	0	9	2	1	1	1	0	3	2	4	0	4	2	3	0	4	2	4	3
158708	8 Nov 25	17:12:00	1	0	55	0	Ct	0	0	0	2	6	0	8	2	6	8	0	2	0	3	1	3	5	3	3	0	2	0	4	8	4	6	6	3	4	0	2	1	2	6
158709	8 Nov 25	17:13:00	1	0	55	0	Ct	0	0	2	4	8	0	10	0	1	3	3	4	3	4	3	3	2	2	4	2	2	0	2	2	4	2	6	0	4	0	6	2	0	6
158710	8 Nov 25	17:14:00	1	0	55	0	Ct	0	0	3	6	6	0	9	1	5	6	2	2	1	1	4	4	4	0	1	1	4	0	1	3	5	5	4	3	4	0	7	6	2	2
158711	8 Nov 25	17:15:00	1	0	55	0	Ct	0	0	7	7	6	2	6	2	3	6	0	3	3	4	5	3	14	2	2	1	4	0	1	2	3	3	4	2	2	0	4	2	8	2
158712	8 Nov 25	17:16:00	1	0	55	0	Ct	0	0	2	1	3	9	10	2	6	5	4	3	5	5	3	3	1	1	1	2	13	0	2	6	4	1	3	2	3	0	3	4	1	4
158713	8 Nov 25	17:17:00	1	0	55	0	Ct	0	0	2	3	8	4	13	4	4	5	2	4	3	4	4	3	1	5	2	3	3	0	0	2	4	8	2	3	6	0	3	3	2	3
158714	8 Nov 25	17:18:00	1	0	55	0	Ct	0	0	4	5	5	4	6	2	4	7	1	2	3	4	1	1	8	3	3	1	1	0	2	3	4	2	4	2	3	0	2	3	2	3
158715	8 Nov 25	17:19:00	1	0	55	0	Ct	0	0	2	3	4	4	9	4	3	4	2	3	1	4	4	4	6	3	3	1	0	0	4	3	3	2	4	3	2	0	3	3	3	2
158716	8 Nov 25	17:20:00	1	0	55	0	Ct	0	0	8	3	1	3	15	2	4	5	5	4	4	4	5	1	8	4	5	2	2	0	2	3	3	3	4	4	1	2	3	6	3	2
158717	8 Nov 25	17:21:00	1	0	55	0	Ct	0	0	2	2	4	4	14	8	5	4	4	4	2	3	4	2	5	5	4	4	3	0	0	1	4	3	1	2	4	0	2	4	5	1
158718	8 Nov 25	17:22:00	1	0	55	0	Ct	0	0	3	1	5	2	9	4	4	4	4	4	4	7	2	3	2	2	3	1	0	0	3	2	3	4	2	3	1	3	3	5	2	4
158719	8 Nov 25	17:23:00	1	0	55	0	Ct	0	0	2	1	5	1	19	2	5	4	2	4	5	4	4	2	3	6	1	10	0	0	3	3	3	2	3	5	6	6	1	2	5	1
158720	8 Nov 25	17:24:00	1	0	55	0	Ct	0	0	5	2	5	3	6	1	4	5	1	3	2	5	3	2	0	4	2	2	0	0	1	6	3	2	2	3	5	3	5	2	6	4
158721	8 Nov 25	17:25:00	1	0	55	0	Ct	0	0	3	10	10	8	10	4	2	4	0	1	1	3	5	5	2	5	2	2	9	0	4	1	4	3	4	3	1	4	2	3	2	2
158722	8 Nov 25	17:26:00	1	0	55	0	Ct	0	0	3	3	7	1	6	3	6	5	0	3	0	1	2	2	1	2	4	1	1	0	3	4	3	2	2	2	4	1	2	2	3	1
158723	8 Nov 25	17:27:00	1	0	55	0	Ct	0	0	2	3	3	2	4	3	4	3	2	2	6	4	1	3	10	4	2	2	1	0	2	3	1	3	3	3	5	3	1	4	2	6
158724	8 Nov 25	17:28:00	1	0	55	0	Ct	0	0	3	0	4	4	11	2	3	2	2	4	2	5	2	3	2	3	2	3	1	0	3	4	4	5	2	3	6	1	2	2	2	2
158725	8 Nov 25	17:29:00	1	0	55	0	Ct	0	0	3	1	4	2	9	5	4	5	3	2	3	2	4	4	4	2	0	3	1	0	3	1	4	2	5	3	3	3	2	1	3	1
158726	8 Nov 25	17:30:00	1	0	55	0	Ct	0	0	8	0	3	0	14	4	4	3	1	2	1	4	2	2	2	5	1	3	0	0	3	4	3	1	2	2	3	6	2	2	5	2
158727	8 Nov 25	17:31:00	1	0	55	0	Ct	0	0	6	7	3	1	6	4	4	3	3	2	1	4	3	2	4	3	1	0	1	0	1	3	3	4	2	2	3	1	2	7	3	4
158728	8 Nov 25	17:32:00	1	0	55	0	Ct	0	0	3	0	3	2	9	5	8	2	4	2	2	4	3	3	2	2	2	2	1	0	2	1	2	3	2	2	3	2	1	2	4	3
158729	8 Nov 25	17:33:00	1	0	55	0	Ct	0	0	3	2	5	5	12	3	5	4	2	4	3	4	3	2	3	3	2	1	2	0	0	3	3	4	1	3	1	2	4	3	5	3
158730	8 Nov 25	17:34:00	1	0	55	0	Ct	0	0	3	1	2	4	7	2	8	5	1	5	9	3	4	4	5	2	1	2	3	0	2	3	5	1	3	2	4	2	3	4	3	3
158731	8 Nov 25	17:35:00	1	0	55	0	Ct	0	0	2	14	5	1	8	1	0	3	0	1	2	3	3	2	5	2	2	6	6	0	0	3	5	3	2	4	8	2	3	2	2	3
158732	8 Nov 25	17:36:00	1	0	55	0	Ct	0	0	2	1	2	2	7	6	3	5	2	2	1	4	2	4	6	3	1	1	2	0	3	3	3	5	4	3	3	2	3	3	2	2
158733	8 Nov 25	17:37:00	1	0	55	0	Ct	0	0	3	3	4	3	4	3	3	2	6	3	2	4	4	3	1	3	1	3	0	0	0	3	2	5	2	3	1	2	2	7	1	0
158734	8 Nov 25	17:38:00	1	0	55	0	Ct	0	0	9	0	4	1	6	2	3	9	3	2	2	1	1	6	3	6	5	2	3	0	0	3	2	6	2	2	3	1	1	2	2	3
158735	8 Nov 25	17:39:00	1	0	55	0	Ct	0	0	3	1	8	3	3	3	1	5	2	2	1	4	5	4	7	2	1	3	2	0	0	2	3	4	2	2	2	2	3	2	1	4
158736	8 Nov 25	17:40:00	1	0	55	0	Ct	0	0	2	2	6	3	7	1	3	2	3	3	2	2	2	2	2	3	1	1	2	0	0	2	3	2	1	2	3	0	3	3	1	5
158737	8 Nov 25	17:41:00	1	0	55	0	Ct	0	0	4	4	3	2	12	3	1	2	2	2	3	5	2	8	4	4	4	2	1	0	5	3	2	1	1	2	2	2	3	1	2	4
158738	8 Nov 25	17:42:00	1	0	55	0	Ct	0	0	5	2	2	1	7	3	2	2	1	2	0	4	2	2	5	3	1	3	3	0	0	5	4	3	2	2	2	3	8	3	2	8
158739	8 Nov 25	17:43:00	1	0	55	0	Ct	0	0	3	1	3	3	1	3	1	3	2	1	3	4	5	2	3	4	1	2	0	0	2	1	5	2	2	1	2	1	2	3	2	5
158740	8 Nov 25	17:44:00	1	0	55	0	Ct	0	0	2	2	1	0	6	3	2	4	2	2	1	5	3	4	2	2	1	4	3	0	5	2	4	4	3	1	4	2	3	3	2	4
158741	8 Nov 25	17:45:00	1	0	55	0	Ct	0	0	2	0	7	2	9	2	1	3	3	0	2	3	1	4	0	3	3	2	0	0	4	5	2	6	2	3	3	1	3	4	5	0
158742	8 Nov 25	17:46:00	1	0	55	0	Ct	0	0	2	1	3	1	9	2	3	3	9	2	2	3	4	4	5	3	3	1	0	0	4	2	2	2	4	1	1	4	4	3	1	1
158743	8 Nov 25	17:47:00	1	0	55	0	Ct	0	0	6	1	5	0	5	3	1	3	6	2	2	2	4	3	4	5	1	3	0	0	1	2	3	0	2	1	1	0	4	2	2	3
158744	8 Nov 25	17:48:00	1	0	55	0	Ct	0	0	1	1	7	4	10	1	8	4	2	2	4	3	4	3	2	3	3	1	0	0	1	3	2	4	2	4	0	3	2	4	4	4
158745	8 Nov 25	17:49:00	1	0	55	0	Ct	0	0	1	1	5	2	18	5	1	3	2	2	3	2	3	3	10	2	3	2	0	0	7	2	2	3	1	1	2	2	4	3	4	2
158746	8 Nov 25	17:50:00	1	0	55	0	Ct	0	0	2	3	1	6	15	6	2	2	3	3	4	4	3	1	31	2	2	3	2	0	0	2	3	3	2	2	1	2	4	5	3	1
158747	8 Nov 25	17:51:00	1	0	55	0	Ct	0	0	3	1	3	1	18	1	2	0	4	1	2	3	2	3	38	3	2	1	5	0	2	3	3	1	2	1	3	2	3	6	2	3
158748	8 Nov 25	17:52:00	1	0	55	0	Ct	0	0	4	3	3	2	28	7	0	7	2	1	3	3	2	3	38	1	6	4	0	0	0	2	3	2	3	3	4	1	8	6	4	1
158749	8 Nov 25	17:53:00	1	0	55	0	Ct	0	0	3	0	6	0	4	4	2	1	3	1	3	4	1	2	23	2	3	2	0	0	0	4	3	5	2	2	3	1	1	2	3	2
158750	8 Nov 25	17:54:00	1	0	55	0	Ct	0	0	3	0	1	4	17	3	2	3	2	1	4	2	2	4	42	4	2	2	1	0	2	2	2	2	3	2	2	1	4	1	3	2
158751	8 Nov 25	17:55:00	1	0	55	0	Ct	0	0	2	2	4	0	6	3	3	3	3	2	4	3	3	4	35	4	1	2	0	0	0	2	3	3	2	3	1	6	4	2	3	3
158752	8 Nov 25	17:56:00	1	0	55	0	Ct	0	0	3	1	4	2	8	3	1	3	0	3	2	4	7	3	43	2	1	2	0	0	0	4	4	4	1	2	3	3	2	2	2	3
158753	8 Nov 25	17:57:00	1	0	55	0	Ct	0	0	1	1	3	2	26	4	4	2	2	1	1	3	3	1	16	4	3	5	9	0	0	3	3	2	6	2	0	1	2	1	4	2
158754	8 Nov 25	17:58:00	1	0	55	0	Ct	0	0	5	0	3	1	17	2	3	2	3	1	1	4	3	4	54	3	1	1	1	0	4	3	3	5	0	0	3	2	7	8	2	2
158755	8 Nov 25	17:59:00	1	0	55	0	Ct	0	0	3	1	4	0	7	4	3	2	1	2	2	4	3	2	34	3	0	1	1	0	3	3	3	6	3	4	3	3	2	2	2	1
158756	8 Nov 25	18:00:00	1	0	55	0	Ct	0	0	2	1	2	2	12	2	3	2	0	4	1	4	2	3	37	3	1	3	2	0	6	2	3	2	2	1	2	1	4	3	4	2
158757	8 Nov 25	18:01:00	1	0	55	0	Ct	0	0	3	0	8	3	0	3	2	4	1	0	2	4	2	6	18	8	1	4	0	0	4	5	3	2	2	1	1	0	3	1	2	2
158758	8 Nov 25	18:02:00	1	0	55	0	Ct	0	0	3	3	2	2	14	2	0	2	4	2	1	2	1	2	60	2	1	1	0	0	4	3	2	0	2	2	2	1	0	5	3	1
158759	8 Nov 25	18:03:00	1	0	55	0	Ct	0	0	2	2	4	2	5	2	1	4	1	2	2	2	3	2	27	4	4	2	1	0	3	4	3	2	3	1	4	7	1	4	1	3
158760	8 Nov 25	18:04:00	1	0	55	0	Ct	0	0	5	2	4	0	13	4	1	3	2	1	2	3	3	0	38	3	1	3	2	0	4	3	3	3	2	3	1	5	2	3	3	8
158761	8 Nov 25	18:05:00	1	0	55	0	Ct	0	0	2	1	3	1	8	5	0	1	3	2	1	3	3	4	35	4	5	1	4	0	0	2	3	3	2	2	2	1	2	2	7	3
158762	8 Nov 25	18:06:00	1	0	55	0	Ct	0	0	6	2	2	0	3	2	0	5	2	0	3	5	1	3	44	2	2	2	7	0	3	4	2	6	2	3	2	8	4	2	2	2
158763	8 Nov 25	18:07:00	1	0	55	0	Ct	0	0	5	1	5	0	16	2	2	1	4	2	1	4	5	4	15	3	2	2	1	0	6	3	2	3	2	1	2	1	4	4	1	2
158764	8 Nov 25	18:08:00	1	0	55	0	Ct	0	0	3	1	4	2	4	5	1	4	1	2	1	1	3	3	7	4	0	1	1	0	0	2	3	4	1	2	0	2	1	2	3	2
158765	8 Nov 25	18:09:00	1	0	55	0	Ct	0	0	1	2	3	1	10	1	0	2	2	2	2	2	2	3	53	2	4	2	2	0	0	2	2	0	3	2	1	1	2	2	4	3
158766	8 Nov 25	18:10:00	1	0	55	0	Ct	0	0	2	1	3	3	9	2	4	1	5	1	1	4	1	4	26	3	3	2	0	0	0	2	2	8	6	3	2	1	1	2	2	1
158767	8 Nov 25	18:11:00	1	0	55	0	Ct	0	0	1	1	5	2	11	2	0	2	4	1	1	2	3	3	44	1	1	2	2	0	3	2	4	2	1	2	3	2	3	2	2	2
158768	8 Nov 25	18:12:00	1	0	55	0	Ct	0	0	3	2	4	2	8	3	2	3	5	1	4	2	3	4	47	3	1	2	7	0	1	3	3	1	1	1	1	1	7	1	2	3
158769	8 Nov 25	18:13:00	1	0	55	0	Ct	0	0	2	1	3	1	17	2	1	4	3	1	2	4	2	4	22	1	3	1	1	0	0	2	3	3	4	1	4	2	2	2	2	10
158770	8 Nov 25	18:14:00	1	0	55	0	Ct	0	0	3	0	3	0	6	4	2	2	0	3	1	5	5	2	36	1	3	2	2	0	1	3	3	7	1	2	8	1	2	2	1	2
158771	8 Nov 25	18:15:00	1	0	55	0	Ct	0	0	4	0	7	1	4	3	0	3	2	0	2	3	2	2	22	2	3	3	2	0	1	2	2	3	2	3	6	4	2	2	3	4
158772	8 Nov 25	18:16:00	1	0	55	0	Ct	0	0	4	1	3	1	8	1	1	3	2	0	0	5	4	4	26	2	2	1	0	0	4	5	2	3	2	2	3	2	2	1	3	1
158773	8 Nov 25	18:17:00	1	0	55	0	Ct	0	0	2	1	4	3	6	2	5	1	3	2	1	3	1	3	40	1	2	2	0	0	4	2	2	5	1	3	2	0	2	2	3	3
158774	8 Nov 25	18:18:00	1	0	55	0	Ct	0	0	3	1	3	2	12	2	0	2	0	2	2	1	2	1	28	3	1	4	0	0	0	2	2	2	2	2	2	1	3	3	4	2
158775	8 Nov 25	18:19:00	1	0	55	0	Ct	0	0	4	2	3	0	7	3	2	2	3	1	1	5	2	2	49	4	1	6	6	0	1	3	2	2	2	2	1	1	2	3	2	1
158776	8 Nov 25	18:20:00	1	0	55	0	Ct	0	0	1	1	4	0	4	6	6	2	2	3	1	3	3	2	9	3	2	2	0	0	2	4	2	2	1	1	2	2	2	2	2	1
158777	8 Nov 25	18:21:00	1	0	55	0	Ct	0	0	2	0	3	0	10	1	0	4	2	2	4	5	1	3	30	3	2	2	0	0	0	4	2	2	1	7	2	3	2	3	2	2
158778	8 Nov 25	18:22:00	1	0	55	0	Ct	0	0	2	1	3	2	7	2	2	3	1	2	3	3	1	3	21	4	5	2	2	0	0	2	2	3	0	2	3	0	5	1	3	2
158779	8 Nov 25	18:23:00	1	0	55	0	Ct	0	0	4	1	1	0	8	6	0	3	2	1	3	5	3	4	56	3	4	1	2	0	0	1	1	3	2	1	3	4	5	3	4	1
158780	8 Nov 25	18:24:00	1	0	55	0	Ct	0	0	2	1	3	0	9	2	0	2	2	1	3	2	3	2	12	1	0	0	0	0	0	2	2	1	2	1	1	1	3	5	2	3
158781	8 Nov 25	18:25:00	1	0	55	0	Ct	0	0	2	1	5	0	11	2	3	3	1	1	1	4	1	12	16	2	0	1	3	0	0	1	3	3	3	4	2	1	2	3	2	1
158782	8 Nov 25	18:26:00	1	0	55	0	Ct	0	0	7	1	4	2	6	4	3	3	2	5	3	4	2	6	38	2	2	1	1	0	2	2	2	4	2	3	0	2	3	2	2	2
158783	8 Nov 25	18:27:00	1	0	55	0	Ct	0	0	3	1	4	0	20	1	1	2	1	1	3	5	3	4	2	2	3	1	0	0	0	4	2	1	2	3	2	0	4	2	4	1
158784	8 Nov 25	18:28:00	1	0	55	0	Ct	0	0	2	2	3	0	8	1	4	3	3	2	1	4	3	5	29	4	4	1	1	0	0	1	2	7	2	0	4	1	1	1	6	3
158785	8 Nov 25	18:29:00	1	0	55	0	Ct	0	0	6	1	1	0	9	6	6	2	8	2	10	1	3	4	54	1	1	1	2	0	2	4	3	3	3	4	2	2	3	3	2	2
158786	8 Nov 25	18:30:00	1	0	55	0	Ct	0	0	3	1	3	1	14	4	0	3	2	1	1	3	3	2	44	2	2	2	3	0	0	3	4	2	1	2	0	1	5	2	2	2
158787	8 Nov 25	18:31:00	1	0	55	0	Ct	0	0	1	2	2	2	23	3	3	1	1	2	2	4	2	1	35	3	2	2	2	0	2	2	2	4	4	1	3	1	2	2	1	1
158788	8 Nov 25	18:32:00	1	0	55	0	Ct	0	0	2	0	4	0	2	6	1	0	3	1	2	4	3	4	22	2	2	4	1	0	0	2	2	4	2	3	1	1	1	1	2	2
158789	8 Nov 25	18:33:00	1	0	55	0	Ct	0	0	2	1	9	1	11	4	0	0	7	2	0	4	2	4	31	1	2	0	2	0	3	2	3	1	4	1	1	2	2	3	1	2
158790	8 Nov 25	18:34:00	1	0	55	0	Ct	0	0	5	1	4	1	2	1	0	7	2	1	2	5	3	3	22	1	0	2	2	0	3	2	2	3	7	2	2	3	3	3	3	1
158791	8 Nov 25	18:35:00	1	0	55	0	Ct	0	0	2	0	3	1	18	3	0	3	2	0	3	5	3	4	21	1	3	2	0	0	0	4	3	2	3	2	4	2	2	3	3	3
158792	8 Nov 25	18:36:00	1	0	55	0	Ct	0	0	6	1	6	1	4	2	3	3	2	3	2	3	3	5	44	2	1	0	1	0	0	5	2	3	3	1	3	1	3	1	5	2
158793	8 Nov 25	18:37:00	1	0	55	0	Ct	0	0	4	0	2	1	5	3	3	2	0	1	1	4	0	2	23	3	2	1	3	0	2	3	2	3	2	1	3	0	3	2	2	2
158794	8 Nov 25	18:38:00	1	0	55	0	Ct	0	0	6	0	5	1	6	5	1	4	3	1	4	2	2	3	5	2	3	1	1	0	0	3	3	4	2	2	2	1	3	2	2	3
158795	8 Nov 25	18:39:00	1	0	55	0	Ct	0	0	3	0	9	0	10	3	1	2	4	2	2	4	3	3	36	3	1	1	2	0	2	0	3	1	3	2	2	2	1	2	2	2
158796	8 Nov 25	18:40:00	1	0	55	0	Ct	0	0	2	0	1	2	7	3	0	3	2	1	1	3	3	2	27	6	4	1	8	0	0	4	2	5	5	2	4	1	3	6	1	2
158797	8 Nov 25	18:41:00	1	0	55	0	Ct	0	0	8	1	4	1	7	3	5	2	1	2	1	3	4	5	40	2	2	2	1	0	2	3	3	3	6	2	1	2	2	3	2	2
158798	8 Nov 25	18:42:00	1	0	55	0	Ct	0	0	3	0	4	1	8	2	0	5	1	0	2	3	1	3	17	2	3	1	0	0	1	2	4	2	2	2	5	3	1	2	1	2
158799	8 Nov 25	18:43:00	1	0	55	0	Ct	0	0	2	0	4	8	4	3	1	13	4	1	2	1	3	3	29	4	6	3	0	0	1	3	2	3	3	1	2	1	1	2	2	2
158800	8 Nov 25	18:44:00	1	0	55	0	Ct	0	0	4	1	4	3	2	1	0	9	2	1	2	1	3	0	47	3	0	1	3	0	0	6	2	3	2	3	2	1	3	2	2	2
158801	8 Nov 25	18:45:00	1	0	55	0	Ct	0	0	7	1	3	0	6	4	0	2	3	2	2	4	3	4	24	5	2	1	0	0	0	3	3	3	2	4	1	1	2	4	6	3
158802	8 Nov 25	18:46:00	1	0	55	0	Ct	0	0	1	1	5	1	19	2	0	3	3	1	3	3	2	3	4	3	1	2	0	0	1	2	3	3	2	4	3	1	4	3	3	2
158803	8 Nov 25	18:47:00	1	0	55	0	Ct	0	0	3	3	2	1	4	6	0	3	2	1	1	3	4	2	35	2	1	2	4	0	3	4	2	1	2	1	2	1	3	1	2	3
158804	8 Nov 25	18:48:00	1	0	55	0	Ct	0	0	2	0	3	1	13	3	1	3	3	2	1	4	2	2	29	4	1	1	1	0	3	2	3	3	2	3	2	1	5	6	2	2
158805	8 Nov 25	18:49:00	1	0	55	0	Ct	0	0	2	0	5	1	9	8	0	3	2	2	0	3	2	4	22	5	2	1	0	0	1	3	3	2	2	2	3	2	2	2	2	0
158806	8 Nov 25	18:50:00	1	0	55	0	Ct	0	0	3	1	2	1	7	1	0	3	3	2	2	3	2	2	41	4	5	2	1	0	3	4	2	3	1	4	1	2	2	5	2	2
158807	8 Nov 25	18:51:00	1	0	55	0	Ct	0	0	2	0	5	1	17	4	0	1	1	3	1	3	3	7	31	2	1	2	9	0	0	4	3	2	3	2	3	1	2	4	1	1
158808	8 Nov 25	18:52:00	1	0	55	0	Ct	0	0	2	1	1	4	5	3	0	6	1	2	2	4	2	9	17	5	1	2	0	0	2	3	2	3	19	4	1	4	1	3	3	3
158809	8 Nov 25	18:53:00	1	0	55	0	Ct	0	0	7	1	7	2	6	5	1	1	1	2	3	2	3	6	24	1	2	1	1	0	0	3	3	2	4	2	3	1	2	4	2	1
158810	8 Nov 25	18:54:00	1	0	55	0	Ct	0	0	3	0	4	1	10	0	1	3	3	3	1	4	2	6	36	3	2	3	2	0	2	3	2	2	1	4	0	1	2	1	6	3
158811	8 Nov 25	18:55:00	1	0	55	0	Ct	0	0	1	1	4	1	10	2	1	5	3	4	1	4	2	6	34	3	1	2	2	0	1	3	4	3	3	3	2	1	2	2	3	3
158812	8 Nov 25	18:56:00	1	0	55	0	Ct	0	0	1	0	6	4	10	4	0	2	2	3	4	3	1	3	33	7	2	1	5	0	1	3	2	4	4	3	1	0	1	2	3	3
158813	8 Nov 25	18:57:00	1	0	55	0	Ct	0	0	3	3	8	1	11	4	3	0	2	0	5	4	4	3	19	5	2	1	2	0	0	2	3	5	1	2	1	1	5	2	3	3
158814	8 Nov 25	18:58:00	1	0	55	0	Ct	0	0	5	0	2	1	7	2	0	4	1	4	1	5	6	1	15	3	1	5	0	0	1	3	3	4	2	2	2	1	7	3	2	3
158815	8 Nov 25	18:59:00	1	0	55	0	Ct	0	0	1	1	5	1	4	3	0	2	3	2	1	3	3	3	46	3	2	6	2	0	5	3	2	4	3	3	3	2	12	3	2	3
158816	8 Nov 25	19:00:00	1	0	55	0	Ct	0	0	2	2	4	2	11	3	3	2	3	2	0	2	3	6	29	4	3	3	2	0	8	2	3	4	3	1	2	3	3	2	2	2
158817	8 Nov 25	19:01:00	1	0	55	0	Ct	0	0	2	1	3	1	9	2	2	2	3	1	4	4	3	3	10	2	2	3	5	0	3	2	3	3	2	2	2	2	2	1	3	4
158818	8 Nov 25	19:02:00	1	0	55	0	Ct	0	0	1	1	5	1	3	4	3	2	1	3	3	4	3	0	15	2	1	1	2	0	0	4	0	3	3	3	2	2	4	6	1	3
158819	8 Nov 25	19:03:00	1	0	55	0	Ct	0	0	4	0	5	1	25	2	5	1	2	3	1	5	2	4	53	4	2	1	1	0	6	4	4	4	2	4	2	0	3	2	5	3
158820	8 Nov 25	19:04:00	1	0	55	0	Ct	0	0	1	0	4	3	7	4	0	1	3	4	3	6	3	6	39	3	0	1	3	0	6	4	2	4	3	2	2	2	2	1	3	1
158821	8 Nov 25	19:05:00	1	0	55	0	Ct	0	0	5	1	2	1	10	8	2	2	1	6	1	4	2	6	14	2	2	2	2	0	5	3	3	3	2	3	3	1	6	2	3	4
158822	8 Nov 25	19:06:00	1	0	55	0	Ct	0	0	2	2	3	5	7	5	0	2	6	4	2	4	4	6	13	3	1	1	0	0	2	5	4	3	2	3	3	2	3	2	2	2
158823	8 Nov 25	19:07:00	1	0	55	0	Ct	0	0	3	2	3	2	8	3	3	6	5	3	3	4	2	5	44	4	1	2	0	0	2	3	3	2	3	2	1	2	2	5	0	3
158824	8 Nov 25	19:08:00	1	0	55	0	Ct	0	0	3	0	4	2	7	4	1	1	3	3	1	5	0	6	21	4	5	1	0	0	4	3	4	5	3	2	1	1	2	3	1	3
158825	8 Nov 25	19:09:00	1	0	55	0	Ct	0	0	4	1	5	1	3	3	0	3	3	4	1	1	5	4	30	4	2	3	2	0	18	4	2	6	1	4	1	2	5	3	2	4
158826	8 Nov 25	19:10:00	1	0	55	0	Ct	0	0	1	2	6	1	14	3	4	2	2	2	1	3	4	3	39	2	2	0	4	0	0	2	4	4	3	3	0	1	2	3	2	2
158827	8 Nov 25	19:11:00	1	0	55	0	Ct	0	0	3	1	4	1	11	7	2	3	1	1	1	4	3	4	35	4	2	2	3	0	2	4	4	5	2	2	1	1	5	4	3	2
158828	8 Nov 25	19:12:00	1	0	55	0	Ct	0	0	3	1	6	2	2	3	2	1	2	3	2	3	1	4	20	2	2	2	1	0	1	2	3	4	2	1	2	4	5	2	3	3
158829	8 Nov 25	19:13:00	1	0	55	0	Ct	0	0	4	3	4	2	9	2	1	1	2	2	1	4	4	3	37	3	2	1	1	0	1	3	3	2	2	4	1	1	3	3	3	2
158830	8 Nov 25	19:14:00	1	0	55	0	Ct	0	0	3	2	7	1	3	2	2	0	3	2	2	5	3	5	26	4	1	1	4	0	2	1	4	7	2	2	2	3	1	2	4	3
158831	8 Nov 25	19:15:00	1	0	55	0	Ct	0	0	2	1	3	0	11	4	5	1	1	1	2	4	3	4	48	4	1	2	2	0	0	3	2	11	3	3	2	1	3	3	4	2
158832	8 Nov 25	19:16:00	1	0	55	0	Ct	0	0	3	0	3	1	8	4	6	3	1	4	3	5	3	4	29	2	1	3	0	0	3	2	3	2	0	2	2	3	5	2	2	3
158833	8 Nov 25	19:17:00	1	0	55	0	Ct	0	0	3	2	3	3	9	2	0	5	1	3	3	4	3	3	33	2	3	2	4	0	2	4	1	8	3	3	0	0	2	4	2	3
158834	8 Nov 25	19:18:00	1	0	55	0	Ct	0	0	3	1	8	1	22	6	3	2	6	3	1	4	2	1	27	1	2	1	3	0	4	3	4	3	3	4	1	2	4	2	3	3
158835	8 Nov 25	19:19:00	1	0	55	0	Ct	0	0	2	1	3	3	4	3	0	2	2	2	2	4	4	4	23	3	1	3	2	0	8	4	3	3	2	2	5	1	2	4	3	2
158836	8 Nov 25	19:20:00	1	0	55	0	Ct	0	0	5	1	5	3	13	3	1	3	2	6	3	3	4	2	32	2	2	3	1	0	2	3	3	4	3	3	1	2	2	2	4	3
158837	8 Nov 25	19:21:00	1	0	55	0	Ct	0	0	2	1	8	2	6	5	0	2	3	4	0	4	2	5	24	3	0	2	0	0	10	3	4	3	2	3	2	1	2	2	3	3
158838	8 Nov 25	19:22:00	1	0	55	0	Ct	0	0	2	1	2	1	6	2	0	1	4	4	2	2	3	7	23	4	3	2	1	0	2	5	3	5	2	1	3	1	3	2	3	1
158839	8 Nov 25	19:23:00	1	0	55	0	Ct	0	0	4	2	5	2	3	2	3	2	3	2	2	3	3	5	0	2	1	4	0	0	1	3	3	0	3	3	3	2	1	4	5	3
158840	8 Nov 25	19:24:00	1	0	55	0	Ct	0	0	3	3	5	3	7	2	0	4	3	2	2	4	3	4	0	2	2	2	2	0	5	5	2	4	2	1	3	1	3	6	3	4
158841	8 Nov 25	19:25:00	1	0	55	0	Ct	0	0	2	0	5	0	5	6	2	1	3	2	3	4	3	4	0	4	3	3	2	0	1	2	3	3	2	2	1	1	4	1	3	3
158842	8 Nov 25	19:26:00	1	0	55	0	Ct	0	0	3	5	4	3	12	6	2	3	2	5	4	4	7	9	0	5	3	4	4	0	2	4	2	4	3	3	2	1	2	2	3	4
158843	8 Nov 25	19:27:00	1	0	55	0	Ct	0	0	5	0	4	3	2	4	0	5	3	2	4	4	0	4	1	5	4	1	0	0	0	3	5	2	4	2	4	1	1	3	3	2
158844	8 Nov 25	19:28:00	1	0	55	0	Ct	0	0	1	1	4	4	13	4	0	3	3	2	2	4	4	6	0	4	4	2	1	0	0	3	4	2	2	2	2	1	7	5	6	3
158845	8 Nov 25	19:29:00	1	0	55	0	Ct	0	0	6	0	3	1	14	2	0	1	2	1	2	4	5	5	0	5	3	3	1	0	0	1	3	6	2	2	2	4	18	3	3	2
158846	8 Nov 25	19:30:00	1	0	55	0	Ct	0	0	2	1	4	2	12	6	0	4	1	3	2	3	3	3	0	2	3	2	1	0	3	3	3	4	2	4	4	2	2	4	4	3
158847	8 Nov 25	19:31:00	1	0	55	0	Ct	0	0	2	0	4	1	8	3	2	3	3	2	3	3	2	2	1	4	2	1	1	0	2	3	3	3	3	3	7	5	1	2	5	1
158848	8 Nov 25	19:32:00	1	0	55	0	Ct	0	0	2	0	4	3	10	2	3	4	2	3	2	3	5	3	0	4	1	3	1	0	1	3	3	3	3	2	5	3	3	5	2	2
158849	8 Nov 25	19:33:00	1	0	55	0	Ct	0	0	3	0	8	0	20	2	3	5	3	3	0	2	4	2	0	3	3	1	3	0	14	4	5	5	2	2	2	1	4	6	4	2
158850	8 Nov 25	19:34:00	1	0	55	0	Ct	0	0	2	3	5	3	8	4	1	5	2	4	0	4	3	4	3	4	1	2	2	0	1	3	3	5	2	3	5	1	5	2	2	4
158851	8 Nov 25	19:35:00	1	0	55	0	Ct	0	0	3	1	4	2	12	2	5	2	3	3	0	4	4	4	0	6	1	3	3	0	2	4	4	6	3	1	2	2	3	4	3	5
158852	8 Nov 25	19:36:00	1	0	55	0	Ct	0	0	3	4	5	2	16	3	4	4	2	8	0	5	3	2	0	3	2	1	1	0	0	3	4	2	3	2	5	2	2	4	2	4
158853	8 Nov 25	19:37:00	1	0	55	0	Ct	0	0	3	3	5	3	10	5	1	2	2	3	2	5	3	2	0	4	1	3	2	0	4	4	4	3	1	2	3	3	12	3	3	4
158854	8 Nov 25	19:38:00	1	0	55	0	Ct	0	0	2	0	4	0	12	3	2	2	2	2	1	4	5	2	0	3	2	2	2	0	2	5	4	2	3	4	3	2	6	2	3	2
158855	8 Nov 25	19:39:00	1	0	55	0	Ct	0	0	1	1	6	2	10	2	0	4	5	3	2	3	2	4	0	5	5	2	2	0	1	5	4	2	3	3	2	0	5	4	2	4
158856	8 Nov 25	19:40:00	1	0	55	0	Ct	0	0	3	1	5	5	9	4	1	0	5	2	2	3	2	4	0	5	1	2	2	0	0	3	4	5	3	2	2	1	2	3	4	3
158857	8 Nov 25	19:41:00	1	0	55	0	Ct	0	0	2	0	4	1	16	3	0	2	1	3	2	5	4	1	0	2	5	2	1	0	0	1	5	4	3	3	3	1	2	2	5	3
158858	8 Nov 25	19:42:00	1	0	55	0	Ct	0	0	3	1	4	1	5	4	2	2	4	4	1	3	3	4	0	6	1	3	3	0	1	4	4	3	2	2	5	3	4	4	6	4
158859	8 Nov 25	19:43:00	1	0	55	0	Ct	0	0	4	0	5	1	6	4	2	2	2	1	3	4	3	3	0	5	1	2	2	0	4	4	3	4	3	3	1	2	4	4	2	4
158860	8 Nov 25	19:44:00	1	0	55	0	Ct	0	0	2	2	5	2	10	4	0	1	6	3	2	2	4	3	0	3	3	2	1	0	3	3	4	6	3	1	7	2	3	3	4	2
158861	8 Nov 25	19:45:00	1	0	55	0	Ct	0	0	4	2	5	4	9	3	0	3	5	4	2	5	3	3	0	4	5	3	1	0	2	4	3	3	3	4	4	2	3	3	5	3
158862	8 Nov 25	19:46:00	1	0	55	0	Ct	0	0	2	0	6	0	7	2	0	4	3	2	1	2	5	2	0	5	3	2	0	0	4	3	2	3	3	1	2	2	1	2	3	2
158863	8 Nov 25	19:47:00	1	0	55	0	Ct	0	0	2	0	7	4	8	5	2	4	2	2	2	6	5	4	0	3	1	2	0	0	2	2	4	4	1	5	0	1	5	4	6	2
158864	8 Nov 25	19:48:00	1	0	55	0	Ct	0	0	4	1	4	2	5	2	4	2	2	3	2	3	4	4	0	5	3	3	3	0	0	5	4	4	5	3	1	2	3	3	4	4
158865	8 Nov 25	19:49:00	1	0	55	0	Ct	0	0	2	3	5	2	8	5	0	2	3	3	3	4	4	4	0	5	1	2	4	0	2	3	11	4	3	3	3	1	5	5	3	3
158866	8 Nov 25	19:50:00	1	0	55	0	Ct	0	0	2	1	4	3	9	3	1	4	3	6	3	3	1	3	0	2	2	2	2	0	2	2	4	4	3	3	1	1	4	4	3	1
158867	8 Nov 25	19:51:00	1	0	55	0	Ct	0	0	2	1	6	1	13	2	11	2	0	1	3	4	3	3	0	3	2	7	2	0	2	3	3	0	2	4	3	0	4	4	7	5
158868	8 Nov 25	19:52:00	1	0	55	0	Ct	0	0	4	0	4	0	14	5	2	2	2	2	1	2	6	10	0	5	2	1	0	0	0	4	4	5	4	4	2	2	4	3	8	2
158869	8 Nov 25	19:53:00	1	0	55	0	Ct	0	0	3	1	4	1	13	5	0	4	3	3	3	3	4	1	0	5	3	4	4	0	2	4	5	3	3	3	1	0	5	4	3	2
158870	8 Nov 25	19:54:00	1	0	55	0	Ct	0	0	3	0	4	2	8	3	3	3	2	3	1	1	5	7	0	4	2	4	1	0	1	4	4	2	3	3	4	1	8	4	2	4
158871	8 Nov 25	19:55:00	1	0	55	0	Ct	0	0	2	0	5	2	9	6	1	2	2	4	3	0	4	7	0	2	3	3	2	0	1	2	2	3	3	2	1	2	4	2	2	4
158872	8 Nov 25	19:56:00	1	0	55	0	Ct	0	0	2	2	4	1	5	3	0	6	2	2	2	3	3	4	0	3	2	6	1	0	5	2	5	4	3	2	2	3	4	3	2	2
158873	8 Nov 25	19:57:00	1	0	55	0	Ct	0	0	3	1	5	1	9	2	4	1	2	2	2	5	7	4	0	5	3	3	2	0	4	4	4	4	3	2	2	3	3	2	4	4
158874	8 Nov 25	19:58:00	1	0	55	0	Ct	0	0	4	1	5	1	8	6	1	3	3	2	4	3	3	4	0	5	5	4	1	0	2	5	5	4	2	3	2	0	2	4	5	4
158875	8 Nov 25	19:59:00	1	0	55	0	Ct	0	0	4	1	4	0	5	2	7	0	2	2	1	2	7	4	0	4	4	3	1	0	0	3	3	3	3	3	3	3	7	4	1	4
158876	8 Nov 25	20:00:00	1	0	55	0	Ct	0	0	4	1	3	1	8	2	1	2	4	3	3	3	2	2	0	4	5	1	1	0	2	4	3	3	3	3	5	1	3	3	5	3
158877	8 Nov 25	20:01:00	1	0	55	0	Ct	0	0	2	1	9	2	7	2	0	3	2	4	2	4	4	2	0	6	1	4	1	0	1	3	5	3	4	3	4	1	0	3	3	3
158878	8 Nov 25	20:02:00	1	0	55	0	Ct	0	0	2	1	5	1	12	3	0	5	2	4	3	3	5	2	0	1	2	2	0	0	1	1	6	2	3	4	3	2	3	3	5	2
158879	8 Nov 25	20:03:00	1	0	55	0	Ct	0	0	3	1	4	1	5	3	0	3	2	1	2	1	3	4	0	2	2	2	3	0	2	5	3	6	7	4	3	4	4	3	2	3
158880	8 Nov 25	20:04:00	1	0	55	0	Ct	0	0	4	0	2	1	14	2	2	3	15	4	6	1	5	3	0	2	2	2	0	0	4	2	3	4	3	1	3	2	2	2	7	4
158881	8 Nov 25	20:05:00	1	0	55	0	Ct	0	0	3	3	6	1	13	2	0	1	4	2	3	4	5	3	0	2	2	3	2	0	0	4	4	4	5	2	4	1	6	3	2	3
158882	8 Nov 25	20:06:00	1	0	55	0	Ct	0	0	3	1	5	1	11	7	0	5	2	3	3	3	2	4	0	2	3	3	0	0	2	4	4	5	3	0	3	1	2	3	3	4
158883	8 Nov 25	20:07:00	1	0	55	0	Ct	0	0	5	1	6	1	11	4	0	2	5	0	4	3	4	7	0	3	5	2	1	0	0	6	3	4	4	2	1	1	3	3	1	4
158884	8 Nov 25	20:08:00	1	0	55	0	Ct	0	0	7	0	4	1	4	4	0	4	2	0	1	1	3	3	0	3	2	3	1	0	2	5	4	2	4	2	5	0	4	5	6	3
158885	8 Nov 25	20:09:00	1	0	55	0	Ct	0	0	3	2	7	3	6	3	0	13	3	2	2	2	3	4	0	4	2	4	2	0	2	4	4	5	5	9	8	1	2	3	2	5
158886	8 Nov 25	20:10:00	1	0	55	0	Ct	0	0	5	2	5	3	7	3	0	4	2	4	2	0	4	5	0	4	1	1	0	0	2	5	3	5	3	3	3	1	4	2	3	3
158887	8 Nov 25	20:11:00	1	0	55	0	Ct	0	0	1	2	5	2	8	3	0	5	2	1	2	2	2	5	0	3	2	1	1	0	3	5	3	2	6	3	2	5	5	3	4	3
158888	8 Nov 25	20:12:00	1	0	55	0	Ct	0	0	2	1	6	2	12	3	0	3	2	1	3	4	2	7	0	6	3	2	1	0	2	5	4	4	3	4	4	1	4	4	5	4
158889	8 Nov 25	20:13:00	1	0	55	0	Ct	0	0	2	2	5	1	3	8	1	4	2	1	2	4	3	4	0	3	4	3	2	0	0	4	5	5	4	0	3	0	3	4	3	5
158890	8 Nov 25	20:14:00	1	0	55	0	Ct	0	0	3	0	9	1	20	2	3	9	6	1	1	2	3	4	0	3	3	3	1	0	3	4	4	3	4	3	4	0	5	3	2	3
158891	8 Nov 25	20:15:00	1	0	55	0	Ct	0	0	6	0	4	1	7	2	0	3	5	1	3	2	4	1	0	3	5	3	5	0	2	4	4	5	4	3	1	0	4	4	3	3
158892	8 Nov 25	20:16:00	1	0	55	0	Ct	0	0	9	2	3	1	10	3	0	3	4	3	3	2	2	2	0	3	1	2	1	0	2	1	3	3	4	1	8	0	2	5	3	2
158893	8 Nov 25	20:17:00	1	0	55	0	Ct	0	0	2	0	2	1	8	2	0	4	1	1	1	0	2	4	0	3	2	1	1	0	0	3	5	2	3	2	1	0	5	3	3	4
158894	8 Nov 25	20:18:00	1	0	55	0	Ct	0	0	2	2	2	1	5	2	0	4	2	4	1	0	4	2	0	4	3	3	1	0	2	5	2	2	1	3	1	0	4	2	2	4
158895	8 Nov 25	20:19:00	1	0	55	0	Ct	0	0	3	3	4	2	4	1	0	4	2	2	6	4	3	2	0	3	1	3	1	0	2	3	3	4	3	2	2	0	4	2	2	4
158896	8 Nov 25	20:20:00	1	0	55	0	Ct	0	0	5	2	7	2	7	1	0	4	2	4	3	2	3	3	0	4	2	4	1	0	0	4	7	3	2	5	0	2	3	4	3	3
158897	8 Nov 25	20:21:00	1	0	55	0	Ct	0	0	5	1	6	1	11	5	0	0	3	4	1	3	3	5	0	3	1	1	0	0	2	2	4	3	3	0	1	0	2	3	5	4
158898	8 Nov 25	20:22:00	1	0	55	0	Ct	0	0	5	1	3	1	10	2	0	1	1	4	2	1	2	3	0	2	3	2	1	0	2	2	4	3	4	1	3	0	3	5	5	3
158899	8 Nov 25	20:23:00	1	0	55	0	Ct	0	0	4	2	6	0	10	1	0	5	4	1	2	0	2	4	0	2	4	4	3	0	0	2	4	5	4	2	3	0	4	4	5	4
158900	8 Nov 25	20:24:00	1	0	55	0	Ct	0	0	4	2	5	0	15	1	0	4	1	5	2	0	2	2	0	2	1	3	1	0	2	3	3	6	3	5	2	0	3	3	3	3
158901	8 Nov 25	20:25:00	1	0	55	0	Ct	0	0	4	2	6	0	9	4	0	2	2	1	2	0	2	1	0	3	3	3	0	0	2	4	1	5	3	0	0	0	5	1	4	3
158902	8 Nov 25	20:26:00	1	0	55	0	Ct	0	0	3	1	4	2	1	3	0	6	2	3	2	0	2	0	0	7	2	3	2	0	2	3	4	5	2	0	5	0	0	6	5	4
158903	8 Nov 25	20:27:00	1	0	55	0	Ct	0	0	4	1	6	0	13	0	0	3	2	4	1	0	3	4	0	5	3	3	0	0	3	4	2	4	3	0	3	0	1	5	5	4
158904	8 Nov 25	20:28:00	1	0	55	0	Ct	0	0	2	2	4	2	12	0	0	3	1	3	3	0	4	3	0	3	3	4	1	0	1	3	3	3	2	0	3	0	3	2	4	3
158905	8 Nov 25	20:29:00	1	0	55	0	Ct	0	0	3	1	7	2	7	0	0	3	2	1	3	0	3	5	0	4	5	3	1	0	2	3	2	4	3	0	2	2	3	5	3	4
158906	8 Nov 25	20:30:00	1	0	55	0	Ct	0	0	3	1	1	0	6	0	0	2	3	1	3	0	6	7	0	5	3	4	2	0	2	4	2	4	3	0	0	0	4	4	2	2
158907	8 Nov 25	20:31:00	1	0	55	0	Ct	0	0	2	2	5	0	9	0	0	5	4	2	1	2	2	7	0	3	2	4	6	0	2	3	3	5	4	0	1	0	2	3	1	2
158908	8 Nov 25	20:32:00	1	0	55	0	Ct	0	0	4	2	2	0	5	2	0	3	1	3	2	0	6	4	0	5	5	6	0	0	0	3	2	3	3	0	1	0	3	4	8	3
158909	8 Nov 25	20:33:00	1	0	55	0	Ct	0	0	3	1	3	0	11	0	0	4	2	1	5	0	3	5	0	5	1	3	4	0	2	2	4	4	2	0	2	0	3	2	2	1
158910	8 Nov 25	20:34:00	1	0	55	0	Ct	0	0	1	2	5	1	14	0	0	3	2	0	4	0	3	4	0	4	1	3	1	0	1	3	2	2	3	0	2	0	3	3	3	3
158911	8 Nov 25	20:35:00	1	0	55	0	Ct	0	0	4	0	3	2	8	0	0	3	1	2	5	0	3	0	0	5	4	2	0	0	1	3	0	4	3	0	0	0	4	3	5	3
158912	8 Nov 25	20:36:00	1	0	55	0	Ct	0	0	2	2	6	1	2	2	0	7	4	0	0	0	3	5	0	5	3	4	0	0	3	6	2	4	3	0	2	0	3	5	4	9
158913	8 Nov 25	20:37:00	1	0	55	0	Ct	0	0	4	1	5	1	6	0	0	4	1	0	3	0	0	4	0	4	1	3	2	0	1	2	3	2	3	1	2	0	4	3	4	8
158914	8 Nov 25	20:38:00	1	0	55	0	Ct	0	0	2	1	5	1	13	0	0	5	3	0	3	0	3	2	0	3	3	3	0	0	6	3	3	0	4	1	2	0	3	5	4	7
158915	8 Nov 25	20:39:00	1	0	55	0	Ct	0	0	2	0	3	0	8	0	0	3	2	0	1	0	3	2	0	5	3	2	0	0	2	3	3	7	3	1	3	0	6	3	4	7
158916	8 Nov 25	20:40:00	1	0	55	0	Ct	0	0	3	2	4	0	21	0	0	2	3	0	2	0	2	4	0	5	1	2	0	0	0	9	2	2	5	0	0	0	5	2	3	4
158917	8 Nov 25	20:41:00	1	0	55	0	Ct	0	0	2	0	3	0	10	0	0	3	5	0	3	0	0	5	0	6	0	2	4	0	2	7	2	2	6	1	3	0	4	4	3	4
158918	8 Nov 25	20:42:00	1	0	55	0	Ct	0	0	2	1	5	0	12	0	0	4	2	0	0	0	3	3	0	4	2	2	0	0	1	0	3	2	4	0	1	0	2	3	2	5
158919	8 Nov 25	20:43:00	1	0	55	0	Ct	0	0	4	2	1	0	5	0	0	3	3	4	2	0	4	4	0	4	2	2	0	0	3	3	3	2	1	2	0	0	3	4	3	1
158920	8 Nov 25	20:44:00	1	0	55	0	Ct	0	0	2	1	6	0	3	0	0	1	2	0	2	0	0	0	0	6	1	3	0	0	2	5	1	5	3	0	4	0	2	2	3	4
158921	8 Nov 25	20:45:00	1	0	55	0	Ct	0	0	3	2	4	0	6	0	0	3	3	6	3	0	1	0	0	3	3	1	0	0	3	4	3	4	3	0	2	0	3	3	4	3
158922	8 Nov 25	20:46:00	1	0	55	0	Ct	0	0	7	1	6	0	16	0	0	2	3	0	4	0	5	0	0	5	6	3	0	0	2	3	4	4	3	0	2	0	3	2	4	4
158923	8 Nov 25	20:47:00	1	0	55	0	Ct	0	0	4	0	4	2	8	0	3	3	3	4	1	0	0	0	0	6	3	3	0	0	2	3	2	2	2	0	6	0	3	4	5	3
158924	8 Nov 25	20:48:00	1	0	55	0	Ct	0	0	3	2	2	0	7	0	0	2	0	3	1	0	0	2	0	4	0	3	0	0	2	6	1	0	2	0	1	0	3	2	6	4
158925	8 Nov 25	20:49:00	1	0	55	0	Ct	0	0	2	0	6	1	5	0	3	3	3	0	3	0	0	4	0	6	2	3	0	0	2	1	3	4	2	0	4	0	3	4	6	4
158926	8 Nov 25	20:50:00	1	0	55	0	Ct	0	0	6	3	5	2	5	0	0	2	1	0	2	0	0	2	0	7	4	2	0	0	2	4	6	3	4	0	1	0	4	4	3	2
158927	8 Nov 25	20:51:00	1	0	55	0	Ct	0	0	1	1	6	0	6	0	0	0	3	3	6	0	0	4	0	4	3	1	0	0	0	5	2	3	2	0	1	0	2	6	3	4
158928	8 Nov 25	20:52:00	1	0	55	0	Ct	0	0	3	1	1	1	10	0	0	0	5	4	4	0	0	4	0	4	4	1	0	0	5	3	2	3	2	0	0	0	3	4	13	4
158929	8 Nov 25	20:53:00	1	0	55	0	Ct	0	0	2	0	3	0	12	0	0	2	1	0	5	0	0	4	0	4	3	1	2	0	5	3	2	1	2	0	2	0	3	4	5	4
158930	8 Nov 25	20:54:00	1	0	55	0	Ct	0	0	4	1	3	0	7	0	0	2	1	0	3	0	0	2	0	2	2	1	0	0	0	2	3	0	3	0	1	0	5	3	6	2
158931	8 Nov 25	20:55:00	1	0	55	0	Ct	0	0	3	0	0	0	13	0	0	5	1	0	0	0	0	3	0	4	1	3	0	0	0	1	3	5	4	0	2	0	4	3	4	3
158932	8 Nov 25	20:56:00	1	0	55	0	Ct	0	0	2	1	4	0	4	0	0	2	2	0	3	0	0	6	0	4	3	1	0	0	0	5	4	3	2	0	0	0	5	4	4	5
158933	8 Nov 25	20:57:00	1	0	55	0	Ct	0	0	4	0	2	0	2	0	0	2	1	5	3	0	0	1	0	4	3	4	0	0	5	4	2	3	2	0	2	0	3	6	3	3
158934	8 Nov 25	20:58:00	1	0	55	0	Ct	0	0	4	0	2	0	27	0	0	2	1	2	3	0	0	0	0	4	3	3	0	0	1	3	4	3	1	0	5	0	7	3	2	5
158935	8 Nov 25	20:59:00	1	0	55	0	Ct	0	0	3	2	5	0	7	0	0	1	3	4	5	0	0	0	0	2	2	3	0	0	2	3	2	3	1	0	2	0	3	4	3	4
158936	8 Nov 25	21:00:00	1	0	55	0	Ct	0	0	2	1	2	0	3	0	0	3	0	2	2	0	0	0	0	5	2	1	0	0	2	3	1	3	2	0	0	0	4	3	4	2
158937	8 Nov 25	21:01:00	1	0	55	0	Ct	0	0	2	1	4	0	3	0	0	0	0	0	1	0	0	0	0	4	2	3	0	0	2	4	3	4	2	0	0	0	3	2	3	2
158938	8 Nov 25	21:02:00	1	0	55	0	Ct	0	0	1	1	2	0	6	0	0	2	0	0	3	0	0	0	0	6	2	2	0	0	0	3	2	1	2	0	1	0	3	3	4	5
158939	8 Nov 25	21:03:00	1	0	55	0	Ct	0	0	3	0	5	0	12	0	0	3	2	0	2	0	0	0	0	2	2	3	0	0	0	2	3	1	2	0	1	0	7	1	6	2
158940	8 Nov 25	21:04:00	1	0	55	0	Ct	0	0	1	1	3	0	8	0	0	2	3	0	2	0	0	0	0	2	3	2	0	0	5	2	3	5	2	0	3	0	5	3	5	3
158941	8 Nov 25	21:05:00	1	0	55	0	Ct	0	0	2	0	4	0	0	0	0	1	3	0	4	0	0	0	0	2	2	3	0	0	1	3	3	6	2	0	0	0	3	5	4	4
158942	8 Nov 25	21:06:00	1	0	55	0	Ct	0	0	7	6	4	0	17	0	0	2	0	3	4	0	0	0	0	4	3	3	0	0	1	2	3	4	2	0	0	0	2	4	6	3
158943	8 Nov 25	21:07:00	1	0	55	0	Ct	0	0	4	2	4	0	7	0	0	1	1	1	2	0	0	5	0	4	3	5	0	0	3	4	0	4	1	0	0	0	1	4	6	3
158944	8 Nov 25	21:08:00	1	0	55	0	Ct	0	0	2	1	5	0	8	0	0	2	1	0	3	0	0	2	0	5	2	3	0	0	0	3	3	1	3	0	2	0	4	8	8	1
158945	8 Nov 25	21:09:00	1	0	55	0	Ct	0	0	3	2	3	0	10	0	0	4	0	0	1	0	0	2	0	4	2	2	0	0	0	2	3	2	3	0	0	0	7	3	6	2
158946	8 Nov 25	21:10:00	1	0	55	0	Ct	0	0	5	2	3	0	9	0	0	1	0	0	4	0	0	0	0	1	2	3	0	0	1	3	3	4	1	0	0	0	4	5	4	2
158947	8 Nov 25	21:11:00	1	0	55	0	Ct	0	0	9	1	4	0	4	0	0	0	0	0	7	0	0	0	0	1	2	4	4	0	1	3	2	2	2	0	0	0	4	4	3	4
158948	8 Nov 25	21:12:00	1	0	55	0	Ct	0	0	4	1	4	0	9	0	0	0	0	0	7	0	0	0	0	3	2	6	3	0	0	0	3	2	3	0	0	0	3	3	4	3
158949	8 Nov 25	21:13:00	1	0	55	0	Ct	0	0	6	0	4	0	5	0	0	0	0	0	3	0	0	0	0	2	1	0	4	0	0	6	2	0	2	0	0	0	4	1	2	3
158950	8 Nov 25	21:14:00	1	0	55	0	Ct	0	0	4	2	4	0	2	0	0	3	0	0	5	0	0	0	0	2	2	1	0	0	0	3	2	0	3	0	0	0	3	9	2	3
158951	8 Nov 25	21:15:00	1	0	55	0	Ct	0	0	3	1	6	0	4	0	0	1	0	0	2	0	0	0	0	3	1	3	0	0	3	3	2	4	1	0	0	0	4	5	5	4
158952	8 Nov 25	21:16:00	1	0	55	0	Ct	0	0	2	0	4	0	6	0	0	2	0	0	4	0	0	0	0	4	3	2	2	0	3	5	2	0	0	0	0	0	2	2	6	2
158953	8 Nov 25	21:17:00	1	0	55	0	Ct	0	0	2	0	5	0	4	0	0	0	0	0	3	0	0	0	0	1	3	2	0	0	3	3	2	2	0	0	0	0	2	3	4	2
158954	8 Nov 25	21:18:00	1	0	55	0	Ct	0	0	5	0	4	0	6	0	0	2	0	0	3	0	0	3	0	3	6	3	0	0	2	0	1	2	2	0	0	0	3	3	2	5
158955	8 Nov 25	21:19:00	1	0	55	0	Ct	0	0	4	1	2	0	5	0	0	3	0	0	3	0	0	2	0	4	3	3	2	0	2	2	3	4	3	0	0	0	9	3	1	0
158956	8 Nov 25	21:20:00	1	0	55	0	Ct	0	0	4	1	3	0	5	0	0	2	0	0	1	0	0	2	0	5	3	2	0	0	2	3	2	0	3	0	2	0	4	5	1	1
158957	8 Nov 25	21:21:00	1	0	55	0	Ct	0	0	5	0	6	0	15	0	0	2	0	0	2	0	0	0	0	3	4	2	0	0	1	3	2	1	1	0	0	0	2	4	2	4
158958	8 Nov 25	21:22:00	1	0	55	0	Ct	0	0	3	0	3	0	0	0	0	0	0	0	2	0	0	0	0	1	4	1	0	0	0	0	2	6	0	0	0	0	3	3	2	2
158959	8 Nov 25	21:23:00	1	0	55	0	Ct	0	0	2	0	1	0	0	0	0	5	0	0	5	0	0	0	0	2	3	1	0	0	2	4	2	0	0	0	0	0	1	6	2	3
158960	8 Nov 25	21:24:00	1	0	55	0	Ct	0	0	3	0	0	0	0	0	0	0	0	0	13	0	0	0	0	3	1	3	0	0	1	0	4	0	1	0	0	0	1	3	5	3
158961	8 Nov 25	21:25:00	1	0	55	0	Ct	0	0	4	0	1	0	0	0	0	0	0	0	3	0	0	4	0	1	6	3	0	0	0	2	3	0	5	0	0	0	0	3	0	2
158962	8 Nov 25	21:26:00	1	0	55	0	Ct	0	0	0	1	4	0	0	0	0	2	1	0	2	0	0	1	0	0	2	1	1	0	0	0	0	0	0	0	0	0	3	4	2	4
158963	8 Nov 25	21:27:00	1	0	55	0	Ct	0	0	3	1	4	0	0	0	0	0	1	0	1	0	0	0	0	1	2	1	0	0	2	0	0	0	0	0	0	0	2	4	3	3
158964	8 Nov 25	21:28:00	1	0	55	0	Ct	0	0	2	0	3	0	0	0	0	2	0	0	1	0	0	0	0	1	2	3	0	0	0	2	2	1	0	0	0	0	0	3	4	2
158965	8 Nov 25	21:29:00	1	0	55	0	Ct	0	0	3	1	4	0	0	0	0	0	0	0	2	0	0	0	0	0	2	1	0	0	8	2	2	1	2	0	0	0	0	4	4	7
158966	8 Nov 25	21:30:00	1	0	55	0	Ct	0	0	4	1	2	0	0	0	0	0	0	0	0	0	0	0	0	0	4	7	0	0	0	3	1	0	0	0	0	0	0	6	3	1
158967	8 Nov 25	21:31:00	1	0	55	0	Ct	0	0	3	0	4	0	0	0	0	0	0	0	0	0	0	0	0	0	3	1	0	0	0	2	1	0	0	0	0	0	0	1	1	1
158968	8 Nov 25	21:32:00	1	0	55	0	Ct	0	0	4	0	0	0	0	0	0	0	0	0	0	0	0	0	0	0	3	3	3	0	0	3	0	0	0	0	0	0	0	3	0	1
158969	8 Nov 25	21:33:00	1	0	55	0	Ct	0	0	2	0	0	0	0	0	0	2	0	0	0	0	0	0	0	0	2	3	4	0	0	1	0	0	1	0	0	0	0	2	0	4
158970	8 Nov 25	21:34:00	1	0	55	0	Ct	0	0	0	0	0	0	0	0	0	0	0	0	0	0	0	0	0	0	2	3	0	0	1	0	0	2	2	0	0	0	0	3	3	0
158971	8 Nov 25	21:35:00	1	0	55	0	Ct	0	0	2	0	0	0	0	0	0	0	0	0	1	0	0	0	0	0	1	3	5	0	2	0	0	1	4	0	0	0	0	1	2	0
158972	8 Nov 25	21:36:00	1	0	55	0	Ct	0	0	2	0	0	0	0	0	0	2	0	0	2	0	0	0	0	0	0	2	2	0	2	0	2	2	3	0	0	0	0	5	3	0
158973	8 Nov 25	21:37:00	1	0	55	0	Ct	0	0	2	0	0	0	0	0	0	0	0	0	1	0	0	2	0	0	3	1	4	0	0	0	0	2	4	0	0	0	0	4	0	0
158974	8 Nov 25	21:38:00	1	0	55	0	Ct	0	0	2	0	0	0	0	0	0	0	0	0	2	0	0	1	0	0	2	1	4	0	0	0	0	0	0	0	0	0	0	3	0	0
158975	8 Nov 25	21:39:00	1	0	55	0	Ct	0	0	2	0	0	0	0	0	0	0	0	0	0	0	0	0	0	2	2	1	3	0	0	0	0	0	1	0	0	0	0	3	0	0
158976	8 Nov 25	21:40:00	1	0	55	0	Ct	0	0	2	0	0	0	0	0	0	0	0	0	0	0	0	10	0	0	0	1	0	0	0	0	0	0	2	0	0	0	2	0	0	2
158977	8 Nov 25	21:41:00	1	0	55	0	Ct	0	0	0	0	0	0	0	0	0	0	0	0	0	0	0	2	0	0	5	1	2	0	3	0	0	0	0	0	0	0	0	3	0	2
158978	8 Nov 25	21:42:00	1	0	55	0	Ct	0	0	2	0	0	0	0	0	0	0	0	0	0	0	0	4	0	2	2	1	4	0	0	1	0	0	0	0	0	0	0	3	0	1
158979	8 Nov 25	21:43:00	1	0	55	0	Ct	0	0	2	0	0	0	0	0	0	0	0	0	0	0	0	5	0	0	1	2	0	0	0	0	0	3	0	0	0	0	2	3	0	1
158980	8 Nov 25	21:44:00	1	0	55	0	Ct	0	0	2	0	0	0	0	0	0	0	0	0	0	0	0	2	0	0	1	0	0	0	0	0	0	1	0	0	0	0	0	3	0	0
158981	8 Nov 25	21:45:00	1	0	55	0	Ct	0	0	0	0	0	0	0	0	0	1	0	0	0	0	0	5	0	0	1	1	0	0	0	0	0	0	3	0	0	0	1	5	0	0
158982	8 Nov 25	21:46:00	1	0	55	0	Ct	0	0	0	0	0	0	0	0	0	1	0	0	0	0	0	0	0	0	3	3	0	0	2	0	0	0	2	0	0	0	0	2	0	1
158983	8 Nov 25	21:47:00	1	0	55	0	Ct	0	0	0	0	0	0	0	0	0	0	0	0	0	0	0	0	0	0	0	0	0	0	0	0	0	0	0	1	0	0	0	3	0	3
158984	8 Nov 25	21:48:00	1	0	55	0	Ct	0	0	2	0	0	0	0	0	0	3	0	0	0	0	0	0	0	0	1	0	0	0	0	0	0	0	3	1	2	0	0	2	0	3
158985	8 Nov 25	21:49:00	1	0	55	0	Ct	0	0	3	0	0	0	0	0	0	0	0	0	0	0	0	0	0	0	4	2	0	0	0	0	0	0	0	0	1	0	0	3	0	1
158986	8 Nov 25	21:50:00	1	0	55	0	Ct	0	0	1	0	0	0	0	0	0	0	0	0	0	0	0	2	0	0	1	0	0	0	0	0	2	0	1	0	1	0	0	3	0	2
158987	8 Nov 25	21:51:00	1	0	55	0	Ct	0	0	1	0	3	0	0	0	0	0	0	0	2	0	1	0	0	0	0	0	3	0	0	0	3	3	0	0	2	0	0	4	0	2
158988	8 Nov 25	21:52:00	1	0	55	0	Ct	0	0	0	0	1	0	0	0	0	0	0	0	0	0	1	0	0	0	0	2	3	0	0	0	2	3	0	0	2	0	0	5	0	0
158989	8 Nov 25	21:53:00	1	0	55	0	Ct	0	0	0	0	0	0	0	0	0	0	0	0	1	0	2	0	0	1	2	0	5	0	0	0	0	8	1	0	0	0	0	3	0	0
158990	8 Nov 25	21:54:00	1	0	55	0	Ct	0	0	0	0	0	0	0	0	0	0	0	0	0	0	0	0	0	0	5	2	0	0	0	0	0	5	0	0	0	0	0	1	0	0
158991	8 Nov 25	21:55:00	1	0	55	0	Ct	0	0	1	0	2	0	0	0	0	5	0	0	0	0	3	0	0	0	4	0	4	0	0	0	0	9	0	0	0	0	0	1	0	0
158992	8 Nov 25	21:56:00	1	0	55	0	Ct	0	0	2	0	4	0	0	0	0	0	0	0	0	0	0	0	0	0	0	2	3	0	0	0	0	1	0	0	0	0	0	2	0	0
158993	8 Nov 25	21:57:00	1	0	55	0	Ct	0	0	0	0	5	0	0	0	0	1	0	2	0	0	2	0	0	0	3	1	3	0	1	0	0	5	0	0	0	0	0	0	0	0
158994	8 Nov 25	21:58:00	1	0	55	0	Ct	0	0	2	0	3	0	0	0	0	0	0	0	0	0	0	0	0	0	3	0	2	0	1	0	0	6	1	0	0	0	0	0	0	0
158995	8 Nov 25	21:59:00	1	0	55	0	Ct	0	0	1	0	5	0	0	0	0	0	0	0	2	0	0	0	0	0	7	0	1	0	0	0	0	1	0	0	0	0	0	0	0	0
158996	8 Nov 25	22:00:00	1	0	55	0	Ct	0	0	1	0	7	0	0	0	0	0	0	0	0	2	0	0	0	0	6	0	0	0	0	0	0	2	1	0	0	0	0	0	0	0
158997	8 Nov 25	22:01:00	1	0	55	0	Ct	0	0	4	0	4	0	0	0	0	0	0	0	0	0	0	0	0	0	3	0	0	0	0	0	0	2	0	0	3	0	0	0	0	0
158998	8 Nov 25	22:02:00	1	0	55	0	Ct	0	0	0	0	3	0	0	0	0	0	0	0	0	0	0	0	0	0	3	0	0	0	0	0	0	2	0	0	0	0	0	0	1	0
158999	8 Nov 25	22:03:00	1	0	55	0	Ct	0	0	1	0	4	0	0	0	0	0	0	0	0	0	0	0	0	0	2	0	2	0	1	0	0	4	0	0	2	0	0	0	1	0
159000	8 Nov 25	22:04:00	1	0	55	0	Ct	0	0	1	0	3	0	0	0	0	0	0	0	0	0	0	0	0	0	0	0	7	0	3	0	0	0	0	0	6	0	0	1	0	0
159001	8 Nov 25	22:05:00	1	0	55	0	Ct	0	0	2	0	4	0	0	0	0	0	0	0	0	0	0	2	0	0	1	0	0	0	3	0	0	3	0	0	9	0	1	3	0	0
159002	8 Nov 25	22:06:00	1	0	55	0	Ct	0	0	0	0	6	0	0	0	0	0	0	0	0	0	0	8	0	0	2	0	0	0	0	0	0	2	0	0	4	0	0	4	0	0
159003	8 Nov 25	22:07:00	1	0	55	0	Ct	0	0	0	0	3	0	0	0	0	0	0	0	0	0	0	0	0	0	0	0	0	0	0	0	0	3	0	0	2	0	2	2	0	0
159004	8 Nov 25	22:08:00	1	0	55	0	Ct	0	0	0	0	4	0	0	0	0	0	0	0	0	0	0	0	0	0	1	0	0	0	0	0	4	1	0	0	7	0	0	2	0	0
159005	8 Nov 25	22:09:00	1	0	55	0	Ct	0	0	0	0	3	0	0	0	0	0	0	0	0	0	0	0	0	0	5	0	0	0	0	0	1	1	0	0	2	0	0	4	0	0
159006	8 Nov 25	22:10:00	1	0	55	0	Ct	0	0	0	0	4	0	0	0	0	0	0	0	0	0	0	3	0	0	4	2	0	0	0	0	0	4	0	0	4	0	0	5	0	0
159007	8 Nov 25	22:11:00	1	0	55	0	Ct	0	0	0	0	0	0	0	0	0	0	0	0	0	0	0	4	0	1	0	0	0	0	0	0	5	2	0	0	2	0	0	2	0	0
159008	8 Nov 25	22:12:00	1	0	55	0	Ct	0	0	0	0	2	0	0	0	0	0	0	0	0	0	0	0	0	1	4	2	0	0	0	0	0	1	0	0	1	0	0	4	0	0
159009	8 Nov 25	22:13:00	1	0	55	0	Ct	0	0	0	0	2	0	0	0	0	0	0	0	0	0	0	0	0	0	1	0	2	0	0	0	0	1	0	0	2	0	0	3	0	1
159010	8 Nov 25	22:14:00	1	0	55	0	Ct	0	0	0	0	2	0	0	0	0	0	0	0	0	0	0	0	0	0	0	1	0	0	0	0	0	0	0	0	3	0	0	3	0	0
159011	8 Nov 25	22:15:00	1	0	55	0	Ct	0	0	0	0	2	0	0	0	0	0	0	0	0	0	0	0	0	0	0	2	0	0	0	0	0	0	0	0	1	0	0	7	0	0
159012	8 Nov 25	22:16:00	1	0	55	0	Ct	0	0	0	0	1	0	0	0	0	0	0	0	0	0	0	0	0	0	6	0	4	0	3	0	0	3	0	0	2	0	0	5	0	9
159013	8 Nov 25	22:17:00	1	0	55	0	Ct	0	0	0	0	2	0	0	3	0	0	0	0	0	0	0	0	0	0	5	0	0	0	0	0	0	3	0	0	2	0	0	8	0	2
159014	8 Nov 25	22:18:00	1	0	55	0	Ct	0	0	0	0	4	0	0	0	0	0	0	0	0	0	0	0	0	2	4	0	0	0	0	0	0	0	0	0	2	0	0	3	0	0
159015	8 Nov 25	22:19:00	1	0	55	0	Ct	0	0	0	0	2	0	0	0	0	0	0	0	0	0	0	0	0	0	4	0	0	0	0	0	0	1	0	0	2	0	0	1	0	0
159016	8 Nov 25	22:20:00	1	0	55	0	Ct	0	0	0	0	4	0	0	0	0	0	0	0	0	0	0	0	0	0	1	0	0	0	0	0	0	1	0	0	2	0	0	0	0	0
159017	8 Nov 25	22:21:00	1	0	55	0	Ct	0	0	0	0	0	0	0	0	0	0	0	2	0	0	0	0	0	0	2	0	0	0	7	0	0	0	0	0	2	0	0	3	0	4
159018	8 Nov 25	22:22:00	1	0	55	0	Ct	0	0	0	0	3	0	0	0	0	0	0	0	0	0	0	0	0	0	4	0	0	0	0	0	0	3	0	0	0	0	0	3	0	1
159019	8 Nov 25	22:23:00	1	0	55	0	Ct	0	0	0	0	1	0	0	0	0	0	0	0	0	0	0	0	0	0	6	0	0	0	0	0	0	1	0	0	2	0	0	2	0	0
159020	8 Nov 25	22:24:00	1	0	55	0	Ct	0	0	1	0	3	0	0	0	0	0	0	0	0	0	0	0	0	0	1	0	0	0	0	0	0	10	0	2	2	0	0	1	0	2
159021	8 Nov 25	22:25:00	1	0	55	0	Ct	0	0	2	0	1	0	0	0	6	0	0	0	0	0	0	0	0	0	3	0	0	0	0	0	0	1	0	0	0	0	0	1	0	2
159022	8 Nov 25	22:26:00	1	0	55	0	Ct	0	0	0	0	3	0	0	0	0	0	0	0	0	0	0	0	0	3	3	0	0	0	0	0	0	1	0	0	3	0	2	3	0	0
159023	8 Nov 25	22:27:00	1	0	55	0	Ct	0	0	0	0	3	0	0	0	0	0	0	0	0	0	0	0	0	0	1	0	0	0	0	0	0	0	0	0	3	0	0	2	0	0
159024	8 Nov 25	22:28:00	1	0	55	0	Ct	0	0	0	0	0	0	0	0	0	0	0	2	0	0	0	0	0	0	0	0	0	0	0	0	0	2	0	3	3	0	0	3	0	0
159025	8 Nov 25	22:29:00	1	0	55	0	Ct	0	0	0	0	0	0	0	0	0	0	0	10	0	0	0	0	0	0	1	0	0	0	1	0	0	2	0	0	1	0	0	7	0	0
159026	8 Nov 25	22:30:00	1	0	55	0	Ct	0	0	0	0	0	0	0	0	0	0	0	4	0	1	0	0	0	0	0	0	0	0	0	0	3	3	2	0	3	0	0	4	0	0
159027	8 Nov 25	22:31:00	1	0	55	0	Ct	0	0	0	0	0	0	0	0	0	0	0	6	0	1	0	0	0	0	1	0	2	0	0	0	4	0	0	15	0	0	0	1	0	3
159028	8 Nov 25	22:32:00	1	0	55	0	Ct	0	0	0	0	0	0	0	0	0	0	0	2	0	0	0	0	0	0	0	0	0	0	0	0	1	0	0	2	1	0	0	2	0	0
159029	8 Nov 25	22:33:00	1	0	55	0	Ct	0	0	0	0	0	0	0	0	0	0	0	8	0	0	0	2	0	0	5	0	4	0	0	0	2	2	0	4	2	0	0	2	0	4
159030	8 Nov 25	22:34:00	1	0	55	0	Ct	0	0	0	0	0	0	0	0	0	0	0	3	0	0	0	0	0	0	2	0	8	0	0	0	3	1	0	0	7	0	1	3	0	6
159031	8 Nov 25	22:35:00	1	0	55	0	Ct	0	0	1	0	0	0	0	0	0	0	0	1	0	0	0	2	0	0	1	0	0	0	0	0	2	1	0	1	2	0	0	3	0	0
159032	8 Nov 25	22:36:00	1	0	55	0	Ct	0	0	0	0	3	0	3	0	0	0	0	3	0	0	0	2	0	0	0	0	4	0	0	0	1	1	0	3	2	0	0	4	0	1
159033	8 Nov 25	22:37:00	1	0	55	0	Ct	0	0	0	0	1	0	0	3	0	0	1	6	0	0	2	4	0	6	0	0	0	0	0	0	0	1	0	2	0	0	1	3	0	1
159034	8 Nov 25	22:38:00	1	0	55	0	Ct	0	0	0	0	0	0	6	0	0	0	1	6	0	0	0	0	0	1	0	0	0	0	0	0	0	2	0	0	0	0	3	3	0	0
159035	8 Nov 25	22:39:00	1	0	55	0	Ct	0	0	0	0	2	0	1	0	0	0	0	4	0	0	0	0	0	0	0	0	0	0	0	0	0	2	0	0	0	0	2	2	0	0
159036	8 Nov 25	22:40:00	1	0	55	0	Ct	0	0	0	0	3	0	7	0	0	0	0	3	0	0	0	0	0	0	2	0	0	0	0	0	0	0	0	0	5	0	3	8	0	0
159037	8 Nov 25	22:41:00	1	0	55	0	Ct	0	0	0	0	1	0	12	0	0	0	0	2	0	0	0	3	0	0	0	0	0	0	0	0	5	3	0	0	0	0	4	3	0	0
159038	8 Nov 25	22:42:00	1	0	55	0	Ct	0	0	0	0	1	0	4	0	0	0	0	4	0	0	0	6	0	0	0	0	5	0	0	0	0	2	0	3	0	0	1	0	0	0
159039	8 Nov 25	22:43:00	1	0	55	0	Ct	0	0	0	0	4	0	6	0	0	0	0	2	5	0	0	2	0	0	0	0	0	0	0	0	0	0	0	2	0	0	1	0	0	0
159040	8 Nov 25	22:44:00	1	0	55	0	Ct	0	0	0	0	2	0	10	0	0	0	0	2	0	0	0	2	0	0	3	0	0	0	0	0	0	0	0	3	0	0	2	3	0	0
159041	8 Nov 25	22:45:00	1	0	55	0	Ct	0	0	0	0	0	0	0	0	0	0	0	2	0	0	0	2	0	1	1	0	0	0	0	0	0	2	2	2	0	0	3	3	0	0
159042	8 Nov 25	22:46:00	1	0	55	0	Ct	0	0	0	0	2	0	9	0	0	0	0	5	0	0	7	0	0	0	1	0	0	0	0	0	0	2	5	3	0	0	3	2	0	0
159043	8 Nov 25	22:47:00	1	0	55	0	Ct	0	0	0	0	5	0	0	0	0	0	0	0	0	0	2	3	0	0	2	0	0	0	0	0	0	0	3	4	0	0	3	4	0	0
159044	8 Nov 25	22:48:00	1	0	55	0	Ct	0	0	0	0	3	0	7	0	0	0	0	2	0	0	0	3	0	0	0	0	0	0	0	0	0	0	1	1	0	0	2	2	0	0
159045	8 Nov 25	22:49:00	1	0	55	0	Ct	0	0	0	0	6	0	5	0	0	0	0	1	0	0	0	0	0	0	0	0	0	0	0	0	0	2	4	2	0	0	6	1	0	1
159046	8 Nov 25	22:50:00	1	0	55	0	Ct	0	0	0	0	0	0	2	0	0	0	0	2	4	0	2	2	0	0	0	0	0	0	0	0	0	6	2	2	0	0	0	4	0	2
159047	8 Nov 25	22:51:00	1	0	55	0	Ct	0	0	0	0	2	0	0	0	0	0	0	1	3	0	3	0	0	0	0	0	0	0	0	0	0	4	3	2	0	0	2	0	0	0
159048	8 Nov 25	22:52:00	1	0	55	0	Ct	0	0	0	0	2	0	7	0	0	0	0	0	3	0	1	0	0	0	0	0	0	0	0	0	0	4	3	1	0	0	3	5	0	2
159049	8 Nov 25	22:53:00	1	0	55	0	Ct	0	0	0	0	2	0	9	0	0	0	0	0	2	0	0	0	0	0	0	0	1	0	0	0	0	1	1	2	2	0	5	2	0	0
159050	8 Nov 25	22:54:00	1	0	55	0	Ct	0	0	0	0	2	0	3	3	0	0	0	2	1	0	2	0	0	0	0	0	0	0	0	0	0	1	2	2	0	0	3	3	0	0
159051	8 Nov 25	22:55:00	1	0	55	0	Ct	0	0	0	0	2	0	12	2	0	0	0	0	4	0	0	0	0	0	0	0	0	0	0	0	0	2	3	2	0	0	3	2	0	0
159052	8 Nov 25	22:56:00	1	0	55	0	Ct	0	0	0	0	2	0	1	0	0	0	0	0	3	0	0	0	0	0	0	0	0	0	0	0	1	2	3	2	0	0	3	0	7	0
159053	8 Nov 25	22:57:00	1	0	55	0	Ct	0	0	0	0	2	0	5	0	0	0	0	0	7	0	0	0	0	0	0	0	0	0	0	0	1	5	2	2	6	0	3	2	0	0
159054	8 Nov 25	22:58:00	1	0	55	0	Ct	0	0	0	0	2	0	12	0	0	0	0	0	0	0	0	0	0	0	0	0	0	0	0	0	0	0	4	1	2	0	2	1	5	0
159055	8 Nov 25	22:59:00	1	0	55	0	Ct	0	0	0	0	0	0	5	0	0	0	0	1	4	0	0	0	0	0	0	0	0	0	0	0	0	0	3	1	3	0	0	3	1	0
159056	8 Nov 25	23:00:00	1	0	55	0	Ct	0	0	0	0	0	0	0	0	0	0	0	1	2	0	1	2	0	1	0	0	0	0	0	0	2	4	3	2	4	0	0	6	3	0
159057	8 Nov 25	23:01:00	1	0	55	0	Ct	0	0	0	0	0	0	10	0	0	0	0	0	1	0	5	4	0	2	0	0	0	0	2	0	0	1	3	2	4	0	2	5	5	0
159058	8 Nov 25	23:02:00	1	0	55	0	Ct	0	0	0	0	2	0	1	0	0	0	0	0	2	0	0	4	0	1	0	0	0	0	3	0	0	0	5	1	3	0	3	2	3	0
159059	8 Nov 25	23:03:00	1	0	55	0	Ct	0	0	0	0	3	0	0	0	0	0	0	0	1	0	0	2	0	3	0	0	0	0	0	0	0	2	4	2	3	0	1	2	4	0
159060	8 Nov 25	23:04:00	1	0	55	0	Ct	0	0	0	0	2	0	15	0	0	0	1	0	4	0	0	2	0	1	0	0	1	0	0	0	2	0	2	2	1	0	3	3	0	0
159061	8 Nov 25	23:05:00	1	0	55	0	Ct	0	0	0	0	1	0	4	0	0	0	1	0	1	0	0	4	0	4	0	0	0	0	0	0	0	3	1	2	2	0	4	0	1	0
159062	8 Nov 25	23:06:00	1	0	55	0	Ct	0	0	0	0	2	0	5	0	0	0	0	0	3	0	0	0	0	1	0	0	0	0	0	0	1	2	3	2	4	0	1	1	0	0
159063	8 Nov 25	23:07:00	1	0	55	0	Ct	0	0	0	0	5	0	3	0	0	0	0	0	0	2	0	4	0	3	0	0	0	0	0	0	3	1	3	3	1	0	5	3	3	0
159064	8 Nov 25	23:08:00	1	0	55	0	Ct	0	0	0	0	4	0	0	0	0	1	0	0	2	0	0	4	0	6	0	0	0	0	0	0	2	1	4	3	3	0	2	2	3	0
159065	8 Nov 25	23:09:00	1	0	55	0	Ct	0	0	0	0	2	0	0	0	0	0	0	0	2	0	0	2	0	0	0	0	0	0	0	0	3	3	2	2	3	0	2	3	5	0
159066	8 Nov 25	23:10:00	1	0	55	0	Ct	0	0	0	0	3	0	0	0	0	0	0	0	2	0	0	1	0	2	0	0	1	0	0	0	2	2	3	0	2	0	3	3	0	0
159067	8 Nov 25	23:11:00	1	0	55	0	Ct	0	0	0	0	1	0	0	0	0	0	0	0	2	6	0	1	0	0	0	0	0	0	0	0	4	2	2	2	5	0	0	3	0	0
159068	8 Nov 25	23:12:00	1	0	55	0	Ct	0	0	0	0	0	0	0	0	2	0	0	1	1	2	0	4	0	2	0	0	0	0	0	0	2	2	1	3	27	0	7	6	3	0
159069	8 Nov 25	23:13:00	1	0	55	0	Ct	0	0	0	0	2	0	0	0	0	0	0	0	2	4	0	3	0	2	0	1	0	0	0	0	3	0	3	2	18	0	2	0	5	3
159070	8 Nov 25	23:14:00	1	0	55	0	Ct	0	0	0	0	2	0	0	2	2	0	0	0	2	2	0	4	0	5	0	2	0	0	0	0	2	0	1	1	4	0	2	0	2	0
159071	8 Nov 25	23:15:00	1	0	55	0	Ct	0	0	0	0	2	0	0	0	0	0	0	0	2	4	0	4	0	2	0	0	0	0	0	0	3	2	2	1	3	0	6	1	3	0
159072	8 Nov 25	23:16:00	1	0	55	0	Ct	0	0	0	0	3	0	8	2	0	0	0	1	2	1	0	2	0	2	0	0	0	0	0	0	3	2	3	3	4	0	4	2	2	1
159073	8 Nov 25	23:17:00	1	0	55	0	Ct	0	0	0	0	3	0	0	0	0	0	0	0	2	0	0	2	0	5	0	0	0	0	0	0	3	2	3	3	18	0	4	3	1	0
159074	8 Nov 25	23:18:00	1	0	55	0	Ct	0	0	0	0	0	0	0	0	0	0	0	0	1	1	0	0	0	3	0	0	0	0	0	0	1	0	3	2	3	0	2	3	2	2
159075	8 Nov 25	23:19:00	1	0	55	0	Ct	0	0	0	0	0	0	0	0	0	0	0	0	2	2	0	0	0	2	0	0	0	0	0	0	2	1	3	2	15	6	1	5	1	1
159076	8 Nov 25	23:20:00	1	0	55	0	Ct	0	0	0	0	0	0	0	0	0	0	0	0	0	0	0	0	0	1	0	0	0	0	0	0	3	1	2	4	1	10	2	3	1	0
159077	8 Nov 25	23:21:00	1	0	55	0	Ct	0	0	0	0	3	0	0	2	0	0	0	0	2	0	0	2	0	3	0	0	0	0	0	0	3	3	3	0	9	4	4	3	2	0
159078	8 Nov 25	23:22:00	1	0	55	0	Ct	0	0	0	0	2	0	0	0	0	0	0	0	3	0	0	2	0	4	0	0	0	0	0	0	1	1	3	2	2	1	4	1	2	0
159079	8 Nov 25	23:23:00	1	0	55	0	Ct	0	0	0	0	3	0	0	0	0	0	0	0	2	0	4	2	0	3	0	0	0	0	0	0	0	0	1	2	0	0	4	4	0	2
159080	8 Nov 25	23:24:00	1	0	55	0	Ct	0	0	0	0	0	0	0	0	0	0	0	0	3	0	0	3	0	2	0	0	0	0	0	0	2	1	3	1	0	0	0	1	0	2
159081	8 Nov 25	23:25:00	1	0	55	0	Ct	0	0	0	0	3	0	0	0	0	0	0	0	2	0	2	3	0	4	0	1	0	0	0	0	3	1	3	2	2	0	2	2	0	2
159082	8 Nov 25	23:26:00	1	0	55	0	Ct	0	0	0	0	6	0	0	3	0	0	0	0	2	0	2	2	0	2	0	1	0	0	0	0	3	0	1	2	2	0	0	3	0	10
159083	8 Nov 25	23:27:00	1	0	55	0	Ct	0	0	0	0	1	0	0	5	0	0	0	0	2	0	4	3	0	1	0	0	1	0	0	0	3	0	2	0	3	0	0	1	0	2
159084	8 Nov 25	23:28:00	1	0	55	0	Ct	0	0	0	0	2	0	0	1	0	0	0	0	1	0	2	4	0	1	0	0	0	0	0	0	3	0	1	0	2	0	2	4	0	2
159085	8 Nov 25	23:29:00	1	0	55	0	Ct	0	0	0	0	0	0	0	3	0	0	0	0	2	0	3	2	0	2	0	0	1	0	0	0	4	0	1	0	2	0	3	1	0	2
159086	8 Nov 25	23:30:00	1	0	55	0	Ct	0	0	0	0	2	0	0	2	0	0	0	0	1	0	0	2	0	3	0	0	2	0	7	0	6	0	4	0	4	0	2	3	0	2
159087	8 Nov 25	23:31:00	1	0	55	0	Ct	0	0	0	0	3	0	0	4	0	0	0	0	1	0	3	1	0	2	0	0	0	0	8	0	2	0	0	1	4	0	3	2	2	5
159088	8 Nov 25	23:32:00	1	0	55	0	Ct	0	0	0	0	3	0	0	3	0	0	0	0	0	0	2	0	0	3	0	0	0	0	3	0	3	0	0	1	1	0	1	2	2	4
159089	8 Nov 25	23:33:00	1	0	55	0	Ct	0	0	0	0	3	0	0	3	0	0	0	0	1	0	2	2	0	3	0	0	0	0	2	0	2	0	2	0	4	0	2	1	3	3
159090	8 Nov 25	23:34:00	1	0	55	0	Ct	0	0	0	0	3	0	0	4	0	0	0	0	2	0	2	1	0	3	0	0	0	0	1	0	2	0	2	0	2	0	0	6	0	2
159091	8 Nov 25	23:35:00	1	0	55	0	Ct	0	0	0	0	2	0	0	3	0	0	0	0	1	0	0	3	0	3	0	0	0	0	0	0	0	0	2	0	0	0	0	3	2	0
159092	8 Nov 25	23:36:00	1	0	55	0	Ct	0	0	0	0	2	0	0	4	0	0	1	2	3	0	4	3	0	1	0	0	0	0	1	0	2	0	1	0	0	1	1	3	0	2
159093	8 Nov 25	23:37:00	1	0	55	0	Ct	0	0	0	0	2	0	0	4	0	0	1	0	0	0	4	0	0	3	0	0	0	0	0	0	2	3	3	0	0	0	3	2	0	0
159094	8 Nov 25	23:38:00	1	0	55	0	Ct	0	0	0	0	4	0	0	1	0	0	0	0	1	0	1	0	0	3	0	0	0	0	0	0	2	1	2	0	3	0	1	2	0	6
159095	8 Nov 25	23:39:00	1	0	55	0	Ct	0	0	0	0	1	4	0	2	0	0	0	0	1	0	0	0	0	2	0	0	1	0	0	0	2	0	3	0	5	0	1	2	1	2
159096	8 Nov 25	23:40:00	1	0	55	0	Ct	0	0	0	0	3	1	0	2	0	0	0	0	0	0	3	6	0	2	0	0	1	0	0	0	4	0	1	0	0	0	1	3	1	3
159097	8 Nov 25	23:41:00	1	0	55	0	Ct	0	0	0	0	4	1	0	3	0	0	0	3	0	3	0	5	0	1	0	0	0	0	0	0	2	0	1	0	0	0	2	4	0	0
159098	8 Nov 25	23:42:00	1	0	55	0	Ct	0	0	0	0	4	1	0	3	0	0	0	1	0	5	2	3	0	1	0	0	0	0	0	0	1	0	2	0	1	0	2	3	0	4
159099	8 Nov 25	23:43:00	1	0	55	0	Ct	0	0	0	0	2	2	0	5	0	0	7	0	1	5	3	3	0	2	0	0	2	0	1	0	4	0	2	0	3	0	2	3	0	2
159100	8 Nov 25	23:44:00	1	0	55	0	Ct	0	0	0	0	2	4	0	3	0	0	10	2	1	5	1	3	0	2	0	0	0	0	0	0	3	2	0	0	1	0	6	4	0	2
159101	8 Nov 25	23:45:00	1	0	55	0	Ct	0	0	0	0	5	2	0	2	0	0	0	3	1	2	0	3	0	2	0	0	4	0	0	0	1	2	2	0	2	0	3	2	2	2
159102	8 Nov 25	23:46:00	1	0	55	0	Ct	0	0	0	0	4	2	4	2	0	2	0	4	5	4	4	4	0	3	0	0	0	0	0	0	0	0	2	0	2	3	1	2	1	2
159103	8 Nov 25	23:47:00	1	0	55	0	Ct	0	0	0	0	2	3	0	2	0	0	0	0	1	5	2	3	0	3	0	0	7	0	0	0	2	3	1	0	0	2	2	2	0	7
159104	8 Nov 25	23:48:00	1	0	55	0	Ct	0	0	0	0	1	2	0	3	0	0	0	0	2	3	2	3	0	4	0	0	3	0	0	0	3	8	2	0	5	0	10	5	0	4
159105	8 Nov 25	23:49:00	1	0	55	0	Ct	0	0	0	0	1	1	0	3	0	0	0	0	0	7	2	4	0	5	0	0	0	0	0	0	3	0	1	2	0	0	11	0	0	4
159106	8 Nov 25	23:50:00	1	0	55	0	Ct	0	0	0	0	4	0	5	2	0	0	0	0	2	7	0	0	0	1	0	0	0	0	0	0	0	3	2	0	2	0	4	0	0	4
159107	8 Nov 25	23:51:00	1	0	55	0	Ct	0	0	0	0	2	1	0	3	0	0	0	0	3	6	2	0	0	1	0	4	0	0	0	0	2	4	1	0	2	0	4	0	0	2
159108	8 Nov 25	23:52:00	1	0	55	0	Ct	0	0	0	0	1	0	0	1	0	0	0	0	1	3	4	3	0	3	0	0	0	0	0	0	3	4	1	0	2	0	2	0	0	3
159109	8 Nov 25	23:53:00	1	0	55	0	Ct	0	0	0	0	3	6	0	2	0	0	0	0	0	3	3	6	0	2	0	0	0	0	0	0	1	3	2	0	1	0	5	0	0	2
159110	8 Nov 25	23:54:00	1	0	55	0	Ct	0	0	0	0	1	3	0	3	0	0	1	0	1	4	0	0	0	4	0	0	0	0	0	0	1	2	1	0	2	0	2	5	0	3
159111	8 Nov 25	23:55:00	1	0	55	0	Ct	0	0	0	0	2	0	0	2	0	4	10	0	2	4	4	0	0	2	0	0	0	0	0	0	2	3	3	0	4	0	2	2	0	0
159112	8 Nov 25	23:56:00	1	0	55	0	Ct	0	0	0	0	1	0	0	2	0	3	2	0	1	4	0	0	0	1	5	0	0	0	0	0	2	0	2	0	2	0	2	2	0	3
159113	8 Nov 25	23:57:00	1	0	55	0	Ct	0	0	0	0	0	0	0	4	0	2	0	2	0	3	2	0	0	1	0	0	0	0	0	0	1	1	1	0	2	0	2	2	0	2
159114	8 Nov 25	23:58:00	1	0	55	0	Ct	0	0	0	0	0	0	0	3	0	2	2	2	1	5	1	1	0	9	0	0	0	0	0	0	3	2	1	0	1	0	2	3	0	0
159115	8 Nov 25	23:59:00	1	0	55	0	Ct	0	0	0	0	0	0	0	3	0	3	2	2	2	3	3	3	0	5	0	0	0	0	0	0	2	4	0	0	1	0	2	4	0	2
159116	9 Nov 25	00:00:00	1	0	55	0	Ct	0	0	0	0	0	0	0	2	0	6	3	0	3	3	0	4	0	4	0	0	0	0	0	0	0	3	2	0	2	0	1	1	0	1
159117	9 Nov 25	00:01:00	1	0	55	0	Ct	0	0	0	0	0	0	0	3	0	2	2	0	1	2	0	2	0	2	0	2	0	0	0	0	1	2	1	0	1	0	3	2	3	1
159118	9 Nov 25	00:02:00	1	0	55	0	Ct	0	0	0	0	0	0	0	4	0	4	2	0	2	4	1	2	0	3	0	6	3	0	0	3	1	2	1	0	18	0	0	1	0	4
159119	9 Nov 25	00:03:00	1	0	55	0	Ct	0	0	0	0	0	0	0	3	1	2	2	0	1	3	2	2	0	0	5	1	0	0	0	0	0	3	1	0	2	0	3	5	0	4
159120	9 Nov 25	00:04:00	1	0	55	0	Ct	0	0	0	0	2	0	0	2	1	4	1	0	1	3	1	2	0	3	0	0	0	0	0	1	2	4	1	0	1	0	2	1	0	0
159121	9 Nov 25	00:05:00	1	0	55	0	Ct	0	0	2	0	3	0	0	2	0	5	4	0	2	3	0	2	0	1	5	1	0	0	0	2	2	2	3	0	2	0	0	5	0	2
159122	9 Nov 25	00:06:00	1	0	55	0	Ct	0	0	0	0	2	0	0	1	0	0	3	0	0	4	3	3	0	3	5	1	0	0	0	0	0	0	0	0	1	0	0	0	0	0
159123	9 Nov 25	00:07:00	1	0	55	0	Ct	0	0	0	0	2	0	0	6	0	6	1	0	2	1	4	2	0	1	4	1	0	0	0	0	0	2	4	0	1	0	2	5	0	0
159124	9 Nov 25	00:08:00	1	0	55	0	Ct	0	0	0	0	3	1	0	6	0	0	2	0	0	3	0	4	0	0	1	0	0	0	3	0	2	2	2	0	3	0	2	5	0	2
159125	9 Nov 25	00:09:00	1	0	55	0	Ct	0	0	0	0	1	1	0	6	0	0	3	0	2	1	3	4	0	2	2	0	0	0	6	0	1	4	1	0	2	0	3	3	0	2
159126	9 Nov 25	00:10:00	1	0	55	0	Ct	0	0	4	0	0	1	0	1	0	0	0	0	2	3	2	2	0	2	2	1	11	0	5	3	1	4	3	2	0	0	2	3	0	0
159127	9 Nov 25	00:11:00	1	0	55	0	Ct	0	0	6	0	6	1	0	3	0	0	0	0	0	3	3	2	0	3	1	1	5	0	0	2	3	6	3	0	1	0	3	3	0	2
159128	9 Nov 25	00:12:00	1	0	55	0	Ct	0	0	2	0	0	1	0	2	0	0	3	0	1	3	1	2	0	0	1	2	1	0	0	3	3	2	3	0	2	0	4	2	0	2
159129	9 Nov 25	00:13:00	1	0	55	0	Ct	0	0	3	0	3	4	0	3	0	0	3	0	4	3	3	2	0	0	4	1	14	0	0	1	3	2	1	2	3	0	2	3	0	0
159130	9 Nov 25	00:14:00	1	0	55	0	Ct	0	0	3	0	0	0	0	3	0	0	2	0	0	2	1	1	0	4	3	3	17	0	0	3	1	1	2	0	0	0	1	8	0	2
159131	9 Nov 25	00:15:00	1	0	55	0	Ct	0	0	2	0	2	0	0	2	0	0	2	0	2	3	2	2	0	3	2	3	0	0	0	4	2	3	3	0	2	0	1	3	0	2
159132	9 Nov 25	00:16:00	1	0	55	0	Ct	0	0	4	0	0	0	0	2	0	0	2	0	0	1	2	2	0	3	0	1	0	0	0	3	2	3	1	0	1	0	1	3	2	1
159133	9 Nov 25	00:17:00	1	0	55	0	Ct	0	0	4	0	2	1	0	2	0	0	2	0	0	3	6	2	0	2	2	2	0	0	0	4	1	0	1	0	3	0	0	3	0	3
159134	9 Nov 25	00:18:00	1	0	55	0	Ct	0	0	1	0	2	1	0	3	0	0	2	0	0	2	0	0	0	2	2	2	0	0	0	2	1	1	2	0	3	0	0	4	2	1
159135	9 Nov 25	00:19:00	1	0	55	0	Ct	0	0	3	0	0	1	0	5	0	0	1	0	2	4	2	0	0	0	1	2	0	0	4	3	2	2	1	1	0	0	0	4	0	1
159136	9 Nov 25	00:20:00	1	0	55	0	Ct	0	0	2	0	1	4	0	3	0	0	2	0	2	3	2	2	0	2	2	0	0	0	1	0	0	1	2	1	4	0	0	8	0	0
159137	9 Nov 25	00:21:00	1	0	55	0	Ct	0	0	4	0	3	0	0	4	0	0	0	0	0	2	3	2	0	2	1	1	0	0	0	2	3	2	1	0	1	0	0	5	0	0
159138	9 Nov 25	00:22:00	1	0	55	0	Ct	0	0	2	0	4	0	0	3	0	0	2	0	0	2	5	1	0	2	0	2	0	0	0	4	0	0	0	0	1	0	0	8	4	2
159139	9 Nov 25	00:23:00	1	0	55	0	Ct	0	0	2	0	2	0	0	4	0	0	2	0	0	2	1	6	0	2	3	2	0	0	0	3	0	0	1	0	0	0	0	2	0	0
159140	9 Nov 25	00:24:00	1	0	55	0	Ct	0	0	2	0	4	0	0	2	0	0	2	0	0	5	1	0	0	2	3	2	0	0	0	3	0	2	1	0	0	0	0	5	0	1
159141	9 Nov 25	00:25:00	1	0	55	0	Ct	0	0	6	0	0	0	0	3	0	0	0	1	0	3	5	0	0	3	0	1	4	0	0	1	3	3	2	0	0	0	2	8	0	3
159142	9 Nov 25	00:26:00	1	0	55	0	Ct	0	0	3	0	0	0	0	0	0	0	3	2	0	0	2	0	0	1	3	1	7	0	0	2	3	2	2	0	5	0	0	7	0	1
159143	9 Nov 25	00:27:00	1	0	55	0	Ct	0	0	3	0	5	0	0	1	0	0	2	3	0	3	1	4	0	2	0	4	3	0	0	4	0	1	3	0	0	0	0	3	0	0
159144	9 Nov 25	00:28:00	1	0	55	0	Ct	0	0	1	0	2	0	0	2	0	0	1	4	0	1	1	2	0	2	1	3	4	0	0	3	0	1	2	0	0	0	0	4	0	2
159145	9 Nov 25	00:29:00	1	0	55	0	Ct	0	0	6	0	3	0	0	9	0	0	2	3	0	0	1	2	0	0	4	1	0	0	0	2	2	0	2	0	0	0	0	4	0	2
159146	9 Nov 25	00:30:00	1	0	55	0	Ct	0	0	2	0	0	0	0	7	0	0	4	3	0	0	6	2	0	0	2	2	2	0	1	2	3	0	2	0	0	0	0	3	0	1
159147	9 Nov 25	00:31:00	1	0	55	0	Ct	0	0	3	0	3	0	0	2	0	0	3	2	0	0	3	0	0	4	1	2	3	0	1	4	3	0	1	0	0	0	0	4	0	2
159148	9 Nov 25	00:32:00	1	0	55	0	Ct	0	0	2	0	2	0	0	3	0	0	2	3	0	0	2	0	0	2	0	1	2	0	0	3	2	2	1	0	0	0	2	4	0	1
159149	9 Nov 25	00:33:00	1	0	55	0	Ct	0	0	3	0	2	0	0	4	0	0	2	4	0	0	2	2	0	1	0	1	2	0	2	1	3	3	2	0	0	0	2	5	0	1
159150	9 Nov 25	00:34:00	1	0	55	0	Ct	0	0	2	0	0	0	0	3	0	0	1	2	0	0	2	3	0	2	3	5	2	0	4	1	0	2	1	0	0	0	1	4	0	4
159151	9 Nov 25	00:35:00	1	0	55	0	Ct	0	0	2	0	2	0	0	4	0	2	1	2	0	0	2	0	0	2	0	1	2	0	0	3	1	2	1	0	0	0	3	3	0	1
159152	9 Nov 25	00:36:00	1	0	55	0	Ct	0	0	2	0	2	0	0	2	0	0	2	2	0	0	3	0	0	4	0	0	3	0	0	1	2	2	2	0	0	0	1	2	0	0
159153	9 Nov 25	00:37:00	1	0	55	0	Ct	0	0	5	0	2	2	0	2	0	2	4	2	1	0	1	0	0	3	1	3	0	0	1	2	1	0	1	2	0	0	2	3	0	5
159154	9 Nov 25	00:38:00	1	0	55	0	Ct	0	0	4	0	4	0	0	2	0	4	2	3	1	0	0	2	0	3	2	1	0	0	1	2	1	0	1	0	0	0	3	3	0	0
159155	9 Nov 25	00:39:00	1	0	55	0	Ct	0	0	3	0	3	0	0	3	0	2	1	2	1	2	0	0	0	4	2	1	2	0	0	1	2	0	2	0	2	0	2	3	0	0
159156	9 Nov 25	00:40:00	1	0	55	0	Ct	0	0	2	0	3	0	2	3	0	2	1	4	1	0	2	0	0	4	0	1	1	0	0	2	1	2	2	0	0	0	0	2	0	0
159157	9 Nov 25	00:41:00	1	0	55	0	Ct	0	0	1	0	0	0	2	2	0	4	1	1	0	0	2	0	0	3	2	2	0	0	0	2	2	0	2	0	2	0	2	1	1	2
159158	9 Nov 25	00:42:00	1	0	55	0	Ct	0	0	2	0	2	0	5	3	0	3	4	1	0	0	6	3	0	2	0	1	2	0	0	3	3	2	1	0	0	0	1	2	4	2
159159	9 Nov 25	00:43:00	1	0	55	0	Ct	0	0	1	0	3	0	8	11	0	2	0	2	0	0	11	2	0	5	0	1	2	0	0	2	3	0	1	0	0	0	3	3	0	0
159160	9 Nov 25	00:44:00	1	0	55	0	Ct	0	0	2	0	2	0	6	1	0	3	1	4	3	0	6	2	0	2	0	3	1	0	0	3	0	0	2	0	0	0	2	2	1	2
159161	9 Nov 25	00:45:00	1	0	55	0	Ct	0	0	2	0	2	0	8	3	0	9	3	3	0	0	2	1	0	3	0	2	4	0	2	2	0	0	1	0	0	0	0	2	13	1
159162	9 Nov 25	00:46:00	1	0	55	0	Ct	0	0	2	0	0	0	7	0	0	3	2	3	1	0	0	1	0	2	0	0	1	0	2	2	4	0	1	0	0	0	0	2	1	1
159163	9 Nov 25	00:47:00	1	0	55	0	Ct	0	0	2	0	2	0	8	1	0	6	2	2	2	2	0	1	0	1	0	2	2	0	0	1	2	0	1	0	0	0	0	3	0	1
159164	9 Nov 25	00:48:00	1	0	55	0	Ct	0	0	1	0	3	0	11	4	0	3	1	2	0	0	2	0	0	1	0	2	0	0	3	1	2	0	2	0	0	0	0	2	0	0
159165	9 Nov 25	00:49:00	1	0	55	0	Ct	0	0	2	0	0	0	13	5	0	6	2	3	1	0	0	0	0	4	1	0	2	0	0	3	2	0	2	0	0	0	0	4	0	3
159166	9 Nov 25	00:50:00	1	0	55	0	Ct	0	0	3	0	0	0	10	2	0	7	3	2	1	0	0	0	0	1	1	1	0	0	0	4	2	0	1	1	0	0	0	0	0	0
159167	9 Nov 25	00:51:00	1	0	55	0	Ct	0	0	2	0	3	0	10	1	0	2	3	0	0	0	0	4	0	0	0	1	1	0	0	2	1	0	2	0	0	0	0	2	0	1
159168	9 Nov 25	00:52:00	1	0	55	0	Ct	0	0	3	0	2	0	19	3	0	2	1	0	2	0	0	0	0	2	0	3	1	0	0	0	2	4	1	0	0	0	0	3	0	2
159169	9 Nov 25	00:53:00	1	0	55	0	Ct	0	0	3	0	2	0	15	0	0	2	0	3	1	0	0	2	0	0	2	2	0	0	1	2	2	2	1	3	0	0	0	4	0	3
159170	9 Nov 25	00:54:00	1	0	55	0	Ct	0	0	3	0	3	0	6	3	0	1	1	2	2	0	0	0	0	2	0	2	2	0	1	2	4	3	1	3	0	0	0	6	0	2
159171	9 Nov 25	00:55:00	1	0	55	0	Ct	0	0	3	0	2	0	9	1	0	1	1	2	1	0	0	0	0	2	0	1	0	0	0	1	2	1	2	3	0	0	0	2	0	1
159172	9 Nov 25	00:56:00	1	0	55	0	Ct	0	0	2	0	3	0	4	2	0	2	2	2	2	0	1	0	0	0	0	3	0	0	0	2	3	4	4	2	1	0	0	4	0	2
159173	9 Nov 25	00:57:00	1	0	55	0	Ct	0	0	2	0	1	0	11	2	0	2	1	1	2	0	1	0	0	2	0	0	4	0	5	1	3	4	1	2	3	0	0	7	0	0
159174	9 Nov 25	00:58:00	1	0	55	0	Ct	0	0	3	0	0	0	1	0	0	3	2	2	0	0	0	0	0	2	0	2	0	0	0	0	2	3	0	3	8	0	0	4	0	2
159175	9 Nov 25	00:59:00	1	0	55	0	Ct	0	0	2	0	1	0	8	3	0	0	2	2	0	0	2	0	0	0	0	1	0	0	0	1	2	1	3	3	1	0	2	3	0	0
159176	9 Nov 25	01:00:00	1	0	55	0	Ct	0	0	3	0	3	0	4	2	0	0	2	2	2	0	0	0	0	3	0	2	0	0	0	1	2	3	2	5	0	0	2	2	0	0
159177	9 Nov 25	01:01:00	1	0	55	0	Ct	0	0	0	0	2	0	5	2	0	3	2	3	0	0	1	0	0	1	0	2	0	0	0	2	2	3	2	2	1	0	2	2	0	0
159178	9 Nov 25	01:02:00	1	0	55	0	Ct	0	0	0	0	5	0	6	2	0	1	3	2	1	0	1	0	0	0	2	1	0	0	0	2	4	2	0	1	4	0	2	3	0	0
159179	9 Nov 25	01:03:00	1	0	55	0	Ct	0	0	1	0	5	0	4	3	0	1	1	3	1	0	1	0	0	3	0	2	2	0	0	3	2	1	2	1	5	0	3	3	1	2
159180	9 Nov 25	01:04:00	1	0	55	0	Ct	0	0	1	0	4	0	13	4	0	1	4	2	2	0	3	4	0	4	2	2	9	0	0	3	3	3	2	2	2	0	2	2	5	0
159181	9 Nov 25	01:05:00	1	0	55	0	Ct	0	0	1	0	0	0	0	2	0	2	2	4	0	2	0	5	0	0	2	2	16	0	0	3	4	2	0	2	2	0	1	1	0	2
159182	9 Nov 25	01:06:00	1	0	55	0	Ct	0	0	1	0	3	0	3	1	0	3	4	0	1	1	2	5	0	4	0	3	3	0	0	2	3	0	1	3	5	0	2	1	2	0
159183	9 Nov 25	01:07:00	1	0	55	0	Ct	0	0	2	0	2	0	1	2	0	5	3	3	3	0	2	4	0	3	2	0	0	0	4	1	3	4	2	2	1	0	3	3	1	1
159184	9 Nov 25	01:08:00	1	0	55	0	Ct	0	0	0	0	4	0	8	3	0	1	1	3	0	0	4	3	0	2	5	3	2	0	0	1	4	2	0	2	1	0	1	2	5	4
159185	9 Nov 25	01:09:00	1	0	55	0	Ct	0	0	0	0	4	0	8	2	0	3	0	2	2	0	2	3	0	3	1	6	3	0	0	3	3	2	2	3	0	4	1	3	1	0
159186	9 Nov 25	01:10:00	1	0	55	0	Ct	0	0	3	0	0	0	1	5	0	5	1	11	0	0	2	3	0	4	1	1	3	0	0	2	3	3	0	2	2	0	2	2	3	3
159187	9 Nov 25	01:11:00	1	0	55	0	Ct	0	0	1	0	0	0	16	2	0	1	3	1	2	0	0	2	0	3	1	3	1	0	0	0	2	1	0	3	2	0	1	3	2	2
159188	9 Nov 25	01:12:00	1	0	55	0	Ct	0	0	2	0	0	1	0	1	0	0	2	2	0	0	1	2	0	1	2	2	2	0	0	1	2	3	2	5	1	0	1	1	0	0
159189	9 Nov 25	01:13:00	1	0	55	0	Ct	0	0	1	0	2	1	19	1	0	0	1	3	2	0	1	2	0	1	2	1	1	0	2	2	4	1	2	2	3	0	0	3	1	0
159190	9 Nov 25	01:14:00	1	0	55	0	Ct	0	0	2	0	3	2	7	2	0	3	2	2	3	0	2	2	0	1	0	0	0	0	7	2	0	5	0	3	1	0	1	3	0	0
159191	9 Nov 25	01:15:00	1	0	55	0	Ct	0	0	0	0	7	1	3	2	0	3	2	1	1	0	2	3	0	2	1	2	0	0	3	1	2	1	2	2	2	0	9	2	4	0
159192	9 Nov 25	01:16:00	1	0	55	0	Ct	0	0	3	0	4	2	0	2	0	5	1	1	1	0	0	2	0	1	3	0	0	0	0	2	3	3	1	4	2	4	8	0	4	1
159193	9 Nov 25	01:17:00	1	0	55	0	Ct	0	0	2	0	2	2	9	0	0	2	3	1	1	0	3	2	0	2	4	4	1	0	0	2	2	2	1	2	3	2	0	6	0	1
159194	9 Nov 25	01:18:00	1	0	55	0	Ct	0	0	0	0	2	2	8	2	0	2	0	0	2	0	4	0	0	3	2	1	1	0	0	2	4	2	1	3	1	4	2	3	2	2
159195	9 Nov 25	01:19:00	1	0	55	0	Ct	0	0	0	0	2	0	3	2	0	2	0	0	7	0	0	0	0	1	1	2	0	0	2	2	1	0	1	3	4	1	0	3	1	4
159196	9 Nov 25	01:20:00	1	0	55	0	Ct	0	0	0	0	2	2	2	0	0	2	2	3	1	0	0	2	0	0	5	1	0	0	1	7	3	0	0	1	2	0	0	1	2	2
159197	9 Nov 25	01:21:00	1	0	55	0	Ct	0	0	1	0	4	0	2	1	4	2	2	2	0	0	0	0	0	0	5	0	0	0	0	0	2	2	0	3	1	0	6	3	1	1
159198	9 Nov 25	01:22:00	1	0	55	0	Ct	0	0	1	0	3	0	3	1	0	1	0	2	0	0	0	0	0	1	1	1	2	0	0	2	2	0	1	2	1	0	2	2	4	1
159199	9 Nov 25	01:23:00	1	0	55	0	Ct	0	0	2	0	3	0	10	0	0	0	1	2	0	0	0	4	0	4	1	2	0	0	0	1	4	0	2	3	1	0	4	6	1	1
159200	9 Nov 25	01:24:00	1	0	55	0	Ct	0	0	0	0	2	0	0	0	0	2	1	2	0	0	0	2	0	3	0	1	0	0	0	3	3	2	3	3	2	0	0	3	4	1
159201	9 Nov 25	01:25:00	1	0	55	0	Ct	0	0	3	0	2	0	0	0	0	2	2	1	0	2	2	1	0	2	0	7	0	0	0	1	3	2	1	3	2	0	3	3	0	0
159202	9 Nov 25	01:26:00	1	0	55	0	Ct	0	0	2	0	0	0	15	0	0	0	0	0	0	0	5	2	0	3	2	0	0	0	0	0	3	4	1	2	2	0	2	3	4	2
159203	9 Nov 25	01:27:00	1	0	55	0	Ct	0	0	2	0	0	0	7	2	0	2	2	0	2	0	2	2	0	2	0	2	0	0	2	0	3	4	2	4	1	0	2	3	0	2
159204	9 Nov 25	01:28:00	1	0	55	0	Ct	0	0	0	0	0	0	5	1	0	0	4	2	2	0	0	0	0	0	4	2	2	0	2	4	4	3	0	2	0	0	2	4	0	0
159205	9 Nov 25	01:29:00	1	0	55	0	Ct	0	0	2	0	0	0	4	2	0	2	2	1	0	0	0	2	0	0	1	0	0	0	0	2	1	2	2	2	2	0	1	7	2	0
159206	9 Nov 25	01:30:00	1	0	55	0	Ct	0	0	0	0	2	0	6	1	0	0	0	0	0	0	1	2	0	0	2	0	1	0	1	2	0	0	2	2	2	0	1	5	0	2
159207	9 Nov 25	01:31:00	1	0	55	0	Ct	0	0	0	0	0	0	0	3	0	0	1	2	1	0	3	0	0	0	0	1	1	0	5	1	0	0	1	2	0	0	2	5	0	1
159208	9 Nov 25	01:32:00	1	0	55	0	Ct	0	0	3	0	0	1	9	1	0	0	1	2	2	0	1	0	0	0	1	1	0	0	3	3	3	2	1	2	2	0	0	4	1	1
159209	9 Nov 25	01:33:00	1	0	55	0	Ct	0	0	1	0	2	3	14	3	0	2	2	0	3	0	1	2	0	0	0	3	0	0	0	1	3	4	0	3	2	0	2	3	3	2
159210	9 Nov 25	01:34:00	1	0	55	0	Ct	0	0	0	0	0	0	5	2	0	4	1	1	2	0	2	3	0	0	1	4	1	0	1	3	3	4	2	2	3	0	0	3	0	2
159211	9 Nov 25	01:35:00	1	0	55	0	Ct	0	0	3	0	2	0	0	2	0	1	1	1	1	0	2	2	0	4	1	3	0	0	1	2	2	7	1	2	0	1	2	3	4	2
159212	9 Nov 25	01:36:00	1	0	55	0	Ct	0	0	1	0	3	0	0	1	0	2	2	0	1	0	2	2	0	0	0	2	1	0	1	0	1	0	3	1	2	5	1	3	1	3
159213	9 Nov 25	01:37:00	1	0	55	0	Ct	0	0	3	0	3	0	4	2	0	3	1	3	1	0	0	4	0	2	4	0	0	0	1	2	4	3	0	3	1	0	3	2	5	2
159214	9 Nov 25	01:38:00	1	0	55	0	Ct	0	0	3	0	1	0	3	2	0	2	2	1	2	0	3	5	0	4	2	0	0	0	0	4	2	1	0	2	1	0	6	0	1	1
159215	9 Nov 25	01:39:00	1	0	55	0	Ct	0	0	2	0	5	0	3	0	0	2	1	3	1	0	4	3	0	0	0	2	0	0	2	0	2	2	1	2	2	0	8	1	1	0
159216	9 Nov 25	01:40:00	1	0	55	0	Ct	0	0	3	0	0	0	4	2	0	2	1	0	0	0	0	4	0	4	3	0	0	0	0	0	1	3	2	3	7	0	5	2	1	1
159217	9 Nov 25	01:41:00	1	0	55	0	Ct	0	0	1	0	1	0	10	0	0	0	3	0	4	0	2	2	0	3	2	0	1	0	2	2	3	0	0	2	0	0	2	1	2	0
159218	9 Nov 25	01:42:00	1	0	55	0	Ct	0	0	2	0	3	0	6	2	0	2	1	0	2	0	5	0	0	2	2	2	1	0	2	4	0	4	2	2	3	0	3	3	1	1
159219	9 Nov 25	01:43:00	1	0	55	0	Ct	0	0	1	0	0	0	0	2	0	1	2	0	0	0	3	0	0	0	2	0	1	0	0	2	2	4	0	0	3	0	1	3	2	0
159220	9 Nov 25	01:44:00	1	0	55	0	Ct	0	0	2	0	3	0	4	1	0	1	1	2	2	0	0	0	0	2	1	1	0	0	0	3	3	3	0	3	0	0	1	3	2	0
159221	9 Nov 25	01:45:00	1	0	55	0	Ct	0	0	0	0	3	0	0	1	0	1	3	0	1	2	1	0	0	1	4	1	2	0	0	3	3	2	0	4	0	5	1	2	4	1
159222	9 Nov 25	01:46:00	1	0	55	0	Ct	0	0	2	0	2	0	2	2	0	1	0	0	1	0	1	0	0	5	0	1	9	0	0	3	1	5	0	9	1	0	4	2	5	0
159223	9 Nov 25	01:47:00	1	0	55	0	Ct	0	0	3	0	0	0	2	1	0	2	0	0	1	0	0	2	0	2	0	1	0	0	0	1	2	3	0	5	1	0	4	5	0	0
159224	9 Nov 25	01:48:00	1	0	55	0	Ct	0	0	0	0	3	0	2	2	0	0	2	0	1	0	4	3	0	1	0	2	0	0	3	2	2	1	2	2	0	0	1	3	2	0
159225	9 Nov 25	01:49:00	1	0	55	0	Ct	0	0	0	0	3	4	0	0	0	0	0	0	0	0	3	3	0	2	2	1	0	0	1	2	1	2	0	2	3	0	1	5	4	0
159226	9 Nov 25	01:50:00	1	0	55	0	Ct	0	0	1	0	4	0	0	0	0	0	4	0	0	0	3	3	0	1	7	1	0	0	5	7	2	0	0	2	0	2	0	10	1	0
159227	9 Nov 25	01:51:00	1	0	55	0	Ct	0	0	3	0	0	2	0	0	0	2	2	0	2	0	0	3	0	7	0	2	0	0	0	5	3	3	0	2	0	0	0	10	2	2
159228	9 Nov 25	01:52:00	1	0	55	0	Ct	0	0	3	0	1	0	0	0	0	0	2	5	1	0	0	2	0	2	0	0	2	0	0	4	1	3	2	3	0	0	0	34	0	3
159229	9 Nov 25	01:53:00	1	0	55	0	Ct	0	0	3	0	4	0	0	0	0	0	3	1	1	0	0	2	0	0	0	5	2	0	5	2	2	2	0	1	0	3	0	5	0	2
159230	9 Nov 25	01:54:00	1	0	55	0	Ct	0	0	1	0	1	0	0	2	0	2	0	0	1	0	2	2	0	1	0	1	2	0	0	4	2	4	0	1	0	3	0	2	2	1
159231	9 Nov 25	01:55:00	1	0	55	0	Ct	0	0	3	0	2	0	0	3	0	0	2	3	1	0	2	0	0	4	0	2	0	0	0	2	4	1	0	3	0	0	0	4	0	2
159232	9 Nov 25	01:56:00	1	0	55	0	Ct	0	0	0	0	3	0	3	0	0	1	2	2	1	0	0	0	0	3	0	3	0	0	1	3	4	2	6	1	0	0	3	3	2	0
159233	9 Nov 25	01:57:00	1	0	55	0	Ct	0	0	0	0	1	0	7	0	0	1	1	3	0	0	1	0	0	2	0	3	2	0	1	1	3	1	0	0	0	0	1	3	1	1
159234	9 Nov 25	01:58:00	1	0	55	0	Ct	0	0	2	0	5	0	2	0	0	1	3	4	1	0	1	0	0	2	0	7	2	0	0	2	3	4	0	3	0	0	0	4	0	2
159235	9 Nov 25	01:59:00	1	0	55	0	Ct	0	0	0	0	2	0	0	1	0	2	3	3	0	0	0	0	0	4	0	1	0	0	0	4	0	1	2	1	0	0	1	3	0	2
159236	9 Nov 25	02:00:00	1	0	55	0	Ct	0	0	0	0	1	0	5	3	0	0	4	2	1	0	2	0	0	4	2	1	0	0	0	2	4	3	0	3	0	0	2	2	0	1
159237	9 Nov 25	02:01:00	1	0	55	0	Ct	0	0	0	0	4	0	10	3	0	0	2	4	1	0	3	2	0	0	4	2	0	0	0	1	3	1	0	2	0	0	1	2	4	1
159238	9 Nov 25	02:02:00	1	0	55	0	Ct	0	0	0	0	0	0	0	0	0	0	1	3	0	0	1	1	0	0	0	1	0	0	0	3	3	0	0	1	0	0	3	1	1	2
159239	9 Nov 25	02:03:00	1	0	55	0	Ct	0	0	2	0	0	0	6	1	0	2	1	3	1	2	2	4	0	0	2	1	2	0	0	0	2	5	0	2	0	0	4	3	2	0
159240	9 Nov 25	02:04:00	1	0	55	0	Ct	0	0	3	0	1	0	5	1	0	0	3	1	3	2	1	5	0	3	0	1	0	0	0	4	4	4	0	1	0	0	0	3	0	0
159241	9 Nov 25	02:05:00	1	0	55	0	Ct	0	0	1	0	3	0	0	1	0	0	2	2	4	0	0	4	0	2	2	5	2	0	0	0	4	2	2	1	2	0	2	3	1	2
159242	9 Nov 25	02:06:00	1	0	55	0	Ct	0	0	2	0	3	0	5	1	0	0	0	3	0	0	2	3	0	0	1	1	0	0	2	0	3	0	0	0	0	0	2	3	2	3
159243	9 Nov 25	02:07:00	1	0	55	0	Ct	0	0	0	0	1	0	0	0	0	1	2	2	1	0	3	0	0	1	1	1	1	0	8	0	2	4	1	0	2	0	2	0	3	0
159244	9 Nov 25	02:08:00	1	0	55	0	Ct	0	0	0	0	1	0	0	2	0	2	2	0	1	0	2	0	0	3	1	2	1	0	2	0	3	1	1	3	2	0	3	10	0	0
159245	9 Nov 25	02:09:00	1	0	55	0	Ct	0	0	1	0	3	0	0	2	0	0	0	0	0	2	2	2	0	1	3	0	0	0	2	0	4	1	0	1	0	0	0	2	1	0
159246	9 Nov 25	02:10:00	1	0	55	0	Ct	0	0	0	0	3	2	0	1	0	3	0	2	0	2	0	1	0	1	0	1	2	0	2	3	0	0	3	0	1	0	2	4	1	0
159247	9 Nov 25	02:11:00	1	0	55	0	Ct	0	0	0	0	2	1	2	3	0	0	1	4	2	0	2	1	0	1	0	1	0	0	0	2	2	1	0	0	2	0	2	2	0	0
159248	9 Nov 25	02:12:00	1	0	55	0	Ct	0	0	0	0	4	1	4	0	0	1	1	2	3	3	1	0	0	2	0	2	0	0	1	2	2	2	0	0	4	1	3	3	0	2
159249	9 Nov 25	02:13:00	1	0	55	0	Ct	0	0	2	0	3	0	1	0	0	3	0	2	1	6	2	0	0	1	0	0	0	0	2	3	2	3	2	0	2	0	9	2	0	1
159250	9 Nov 25	02:14:00	1	0	55	0	Ct	0	0	2	0	3	0	12	0	0	3	0	2	1	4	0	0	0	0	4	0	0	0	0	1	2	0	0	0	2	0	8	3	0	1
159251	9 Nov 25	02:15:00	1	0	55	0	Ct	0	0	0	0	0	0	0	0	0	2	1	1	2	4	0	0	0	0	3	0	1	0	0	2	3	2	0	0	1	1	2	5	0	6
159252	9 Nov 25	02:16:00	1	0	55	0	Ct	0	0	0	0	3	1	7	2	0	0	2	1	0	4	0	0	0	0	0	2	1	0	1	2	1	0	2	0	1	0	2	4	0	4
159253	9 Nov 25	02:17:00	1	0	55	0	Ct	0	0	0	0	3	2	7	2	0	1	2	5	0	5	0	0	0	2	0	1	0	0	0	0	3	0	0	0	2	0	2	4	0	3
159254	9 Nov 25	02:18:00	1	0	55	0	Ct	0	0	0	0	3	0	3	1	0	1	2	3	2	3	0	0	0	1	3	1	0	0	0	2	2	1	2	0	0	0	2	3	0	0
159255	9 Nov 25	02:19:00	1	0	55	0	Ct	0	0	0	3	1	0	0	1	0	4	1	0	1	4	0	0	0	0	3	1	0	0	0	2	3	3	0	0	0	0	0	2	0	3
159256	9 Nov 25	02:20:00	1	0	55	0	Ct	0	0	1	4	2	0	1	0	0	0	0	3	1	5	0	0	0	0	1	1	0	0	1	0	3	2	0	2	2	0	4	1	0	1
159257	9 Nov 25	02:21:00	1	0	55	0	Ct	0	0	4	0	0	2	13	1	0	0	0	1	1	5	0	0	0	0	1	2	0	0	1	0	1	2	2	1	1	0	5	2	0	3
159258	9 Nov 25	02:22:00	1	0	55	0	Ct	0	0	0	0	0	0	3	1	0	0	0	1	1	9	0	0	0	0	0	0	0	0	0	0	3	3	1	3	2	0	3	4	2	1
159259	9 Nov 25	02:23:00	1	0	55	0	Ct	0	0	0	0	1	0	0	0	0	2	0	2	1	4	2	0	0	0	0	0	0	0	0	0	3	1	1	2	2	0	1	3	1	0
159260	9 Nov 25	02:24:00	1	0	55	0	Ct	0	0	0	0	3	0	5	0	0	3	0	2	1	3	2	0	1	3	2	0	0	0	0	1	0	0	4	0	3	0	3	2	0	2
159261	9 Nov 25	02:25:00	1	0	55	0	Ct	0	0	0	0	4	0	3	0	0	0	2	2	0	3	0	5	0	2	0	0	2	0	2	6	3	0	1	2	2	0	3	4	0	2
159262	9 Nov 25	02:26:00	1	0	55	0	Ct	0	0	0	0	2	0	4	0	0	2	0	1	2	3	4	6	0	1	0	0	0	0	0	0	3	1	1	2	1	0	1	5	0	2
159263	9 Nov 25	02:27:00	1	0	55	0	Ct	0	0	0	0	0	0	0	0	0	0	2	2	1	1	0	5	0	0	0	0	0	0	0	0	2	1	2	3	2	0	1	4	0	3
159264	9 Nov 25	02:28:00	1	0	55	0	Ct	0	0	0	0	0	0	0	0	0	4	0	1	0	5	0	3	0	0	0	0	0	0	2	0	4	2	1	2	3	0	3	0	0	2
159265	9 Nov 25	02:29:00	1	0	55	0	Ct	0	0	0	0	0	0	2	1	0	4	1	2	0	4	0	3	0	0	1	0	2	0	1	0	3	2	1	1	1	0	2	0	0	0
159266	9 Nov 25	02:30:00	1	0	55	0	Ct	0	0	0	0	1	0	0	1	0	0	1	0	0	3	0	2	0	0	5	0	3	0	2	0	1	3	2	0	1	0	2	6	0	0
159267	9 Nov 25	02:31:00	1	0	55	0	Ct	0	0	0	0	3	0	0	1	0	1	3	1	0	4	0	2	0	0	0	0	0	0	0	1	2	1	0	0	2	0	3	3	0	1
159268	9 Nov 25	02:32:00	1	0	55	0	Ct	0	0	0	0	2	0	3	1	0	4	1	1	0	1	2	4	0	1	0	0	0	0	0	7	3	0	1	2	3	0	6	2	0	1
159269	9 Nov 25	02:33:00	1	0	55	0	Ct	0	0	0	0	3	0	9	0	0	2	1	2	0	3	1	2	0	4	0	0	0	0	1	0	1	1	1	0	2	0	2	3	0	0
159270	9 Nov 25	02:34:00	1	0	55	0	Ct	0	0	0	0	3	0	0	2	0	0	1	0	0	4	6	2	0	2	2	0	2	0	1	0	3	1	0	2	0	0	0	2	0	0
159271	9 Nov 25	02:35:00	1	0	55	0	Ct	0	0	0	0	0	0	0	0	0	0	1	0	0	3	1	4	0	0	1	0	0	0	0	0	3	0	0	1	1	0	3	2	0	2
159272	9 Nov 25	02:36:00	1	0	55	0	Ct	0	0	0	0	2	0	0	0	0	2	2	0	0	4	3	0	0	2	0	0	2	0	2	0	2	3	0	1	1	0	2	4	0	1
159273	9 Nov 25	02:37:00	1	0	55	0	Ct	0	0	0	0	3	0	0	0	0	2	2	0	0	4	2	2	0	2	0	0	0	0	0	0	2	0	0	1	2	0	1	2	0	0
159274	9 Nov 25	02:38:00	1	0	55	0	Ct	0	0	0	0	2	0	8	2	0	1	2	0	0	2	3	0	0	1	0	0	0	0	0	0	2	0	0	1	0	0	3	3	0	2
159275	9 Nov 25	02:39:00	1	0	55	0	Ct	0	0	0	0	3	0	0	0	0	1	0	0	0	3	2	0	0	1	4	0	1	0	2	0	4	0	0	2	2	0	1	2	0	3
159276	9 Nov 25	02:40:00	1	0	55	0	Ct	0	0	0	0	0	0	20	0	0	1	2	0	0	3	1	0	0	0	1	0	1	0	0	0	2	0	1	0	3	0	2	3	0	1
159277	9 Nov 25	02:41:00	1	0	55	0	Ct	0	0	0	0	3	0	13	1	0	1	2	0	0	2	0	0	0	3	1	0	0	0	0	0	2	0	3	3	1	0	2	1	0	0
159278	9 Nov 25	02:42:00	1	0	55	0	Ct	0	0	0	0	3	0	4	1	0	0	3	0	0	2	1	0	0	1	2	0	0	0	0	0	3	2	0	1	0	0	3	3	0	0
159279	9 Nov 25	02:43:00	1	0	55	0	Ct	0	0	0	0	0	0	1	0	0	0	0	0	0	2	2	0	0	2	0	1	1	0	0	0	1	1	0	1	0	2	1	4	8	2
159280	9 Nov 25	02:44:00	1	0	55	0	Ct	0	0	0	0	1	0	0	0	0	0	3	0	0	2	1	0	0	0	1	1	1	0	0	5	0	1	3	0	0	3	1	4	38	0
159281	9 Nov 25	02:45:00	1	0	55	0	Ct	0	0	0	0	2	0	0	0	0	0	4	0	0	3	2	2	0	2	1	0	3	0	3	2	1	1	0	0	0	0	0	2	0	0
159282	9 Nov 25	02:46:00	1	0	55	0	Ct	0	0	0	0	3	0	0	0	0	0	2	0	0	1	0	1	0	1	0	2	2	0	0	2	1	1	1	0	1	0	3	3	0	1
159283	9 Nov 25	02:47:00	1	0	55	0	Ct	0	0	0	0	5	0	0	0	0	0	3	0	0	1	0	2	0	0	0	0	1	0	0	1	2	0	1	0	2	0	2	1	1	2
159284	9 Nov 25	02:48:00	1	0	55	0	Ct	0	0	0	0	2	2	5	0	0	0	2	2	0	4	2	3	0	1	0	2	1	0	6	3	2	1	2	0	0	3	1	1	0	0
159285	9 Nov 25	02:49:00	1	0	55	0	Ct	0	0	0	1	2	0	3	0	0	0	2	1	0	3	1	2	8	1	0	0	0	0	1	1	2	3	2	0	0	0	0	3	0	5
159286	9 Nov 25	02:50:00	1	0	55	0	Ct	0	0	1	4	0	0	7	0	0	0	2	1	0	2	4	4	0	0	0	0	0	0	0	1	0	0	1	0	1	0	2	2	0	0
159287	9 Nov 25	02:51:00	1	0	55	0	Ct	0	0	0	0	0	0	0	0	0	0	1	0	0	2	5	2	0	0	4	0	2	0	1	3	0	0	2	0	0	2	0	3	0	1
159288	9 Nov 25	02:52:00	1	0	55	0	Ct	0	0	1	2	2	0	3	0	0	0	1	0	0	2	1	0	0	0	1	0	0	0	2	7	1	0	2	0	3	3	2	4	1	1
159289	9 Nov 25	02:53:00	1	0	55	0	Ct	0	0	0	3	2	0	0	0	0	3	1	0	0	4	2	2	0	0	2	0	1	0	5	4	3	0	0	0	3	0	1	3	0	0
159290	9 Nov 25	02:54:00	1	0	55	0	Ct	0	0	0	2	0	0	7	0	0	1	3	0	1	1	2	0	0	0	0	1	2	0	1	4	2	0	1	0	2	4	0	3	0	2
159291	9 Nov 25	02:55:00	1	0	55	0	Ct	0	0	0	0	1	0	0	0	1	1	0	0	0	3	0	0	1	0	2	4	5	0	0	5	4	0	3	0	0	1	4	4	0	0
159292	9 Nov 25	02:56:00	1	0	55	0	Ct	0	0	0	0	3	0	0	0	1	0	0	0	1	4	2	0	1	0	3	0	2	0	2	4	3	0	1	0	0	0	1	1	4	2
159293	9 Nov 25	02:57:00	1	0	55	0	Ct	0	0	0	2	2	0	0	0	1	1	2	2	1	2	0	0	0	0	1	2	0	0	0	3	4	0	2	0	0	0	0	2	1	0
159294	9 Nov 25	02:58:00	1	0	55	0	Ct	0	0	0	2	4	0	0	0	1	1	0	1	1	2	3	0	0	0	0	2	0	0	0	2	3	0	1	0	0	2	1	3	5	0
159295	9 Nov 25	02:59:00	1	0	55	0	Ct	0	0	0	1	2	0	0	0	0	0	2	1	0	4	0	0	0	2	2	0	0	0	0	3	3	0	2	0	4	1	1	2	2	0
159296	9 Nov 25	03:00:00	1	0	55	0	Ct	0	0	0	1	2	0	0	0	0	0	2	0	0	4	4	0	0	0	0	2	2	0	1	2	2	0	1	0	0	1	0	2	0	0
159297	9 Nov 25	03:01:00	1	0	55	0	Ct	0	0	0	1	4	0	0	0	0	0	1	2	0	2	1	0	0	0	0	0	0	0	1	2	2	2	2	1	0	0	0	4	2	0
159298	9 Nov 25	03:02:00	1	0	55	0	Ct	0	0	3	1	2	0	0	0	0	0	3	2	0	2	0	0	0	0	2	4	0	0	0	1	2	0	1	1	0	2	0	0	0	0
159299	9 Nov 25	03:03:00	1	0	55	0	Ct	0	0	0	2	1	0	0	0	0	0	2	2	0	3	0	0	2	0	0	2	1	0	0	1	4	0	2	0	1	0	0	3	5	1
159300	9 Nov 25	03:04:00	1	0	55	0	Ct	0	0	0	0	2	0	0	0	0	0	0	0	0	2	2	0	0	5	0	2	0	0	0	2	2	0	2	0	1	1	0	3	1	2
159301	9 Nov 25	03:05:00	1	0	55	0	Ct	0	0	2	2	1	0	0	0	0	0	1	2	0	2	0	0	0	3	0	0	1	0	0	1	3	0	1	0	2	0	0	4	0	3
159302	9 Nov 25	03:06:00	1	0	55	0	Ct	0	0	2	1	2	0	0	0	0	0	2	3	0	2	1	0	0	0	0	2	0	0	0	4	3	0	3	0	0	0	0	4	0	1
159303	9 Nov 25	03:07:00	1	0	55	0	Ct	0	0	2	4	2	0	0	0	0	1	4	1	0	2	3	0	1	0	0	1	0	0	2	1	2	0	1	0	0	0	0	3	3	2
159304	9 Nov 25	03:08:00	1	0	55	0	Ct	0	0	0	1	0	0	0	0	4	3	5	2	0	2	0	0	5	0	0	3	0	0	0	3	3	0	1	0	0	5	1	2	3	1
159305	9 Nov 25	03:09:00	1	0	55	0	Ct	0	0	3	0	2	0	0	0	0	1	3	2	0	1	2	0	0	0	1	0	0	0	0	2	3	0	6	0	0	2	2	5	3	3
159306	9 Nov 25	03:10:00	1	0	55	0	Ct	0	0	0	1	2	0	0	0	0	1	3	2	0	2	3	0	0	0	1	2	0	0	0	2	1	0	0	0	0	0	5	3	1	3
159307	9 Nov 25	03:11:00	1	0	55	0	Ct	0	0	2	0	5	0	0	0	0	0	2	1	0	1	1	0	0	0	0	1	0	0	0	2	3	0	2	0	0	0	0	5	2	0
159308	9 Nov 25	03:12:00	1	0	55	0	Ct	0	0	0	2	3	0	0	0	0	0	1	2	0	5	1	0	0	0	0	2	0	0	2	0	2	0	3	0	0	4	2	2	0	1
159309	9 Nov 25	03:13:00	1	0	55	0	Ct	0	0	0	1	3	0	0	0	0	1	1	4	0	2	1	0	0	0	0	2	0	0	2	2	3	0	1	2	0	2	3	0	1	2
159310	9 Nov 25	03:14:00	1	0	55	0	Ct	0	0	0	0	1	0	4	0	0	1	4	2	0	5	2	0	0	0	1	1	0	0	1	1	2	0	2	0	0	0	2	3	2	1
159311	9 Nov 25	03:15:00	1	0	55	0	Ct	0	0	1	6	2	0	9	0	0	0	2	2	0	1	1	0	0	0	1	0	0	0	1	1	3	0	2	1	0	1	4	2	2	2
159312	9 Nov 25	03:16:00	1	0	55	0	Ct	0	0	1	1	3	0	7	0	0	0	3	3	0	3	2	0	0	2	0	2	0	0	0	2	1	0	0	2	0	0	0	3	2	0
159313	9 Nov 25	03:17:00	1	0	55	0	Ct	0	0	1	0	4	0	4	0	0	0	5	0	0	0	1	0	0	0	0	2	0	0	1	4	0	0	1	0	2	3	0	2	0	0
159314	9 Nov 25	03:18:00	1	0	55	0	Ct	0	0	4	1	0	0	10	0	0	0	3	1	0	0	1	0	0	0	0	1	0	0	2	2	3	0	1	0	1	0	2	2	1	1
159315	9 Nov 25	03:19:00	1	0	55	0	Ct	0	0	0	1	0	0	3	0	0	0	0	0	0	0	0	0	0	0	0	4	0	0	0	5	2	0	0	0	4	0	0	5	1	2
159316	9 Nov 25	03:20:00	1	0	55	0	Ct	0	0	2	0	0	0	0	0	0	0	0	2	0	2	1	0	0	0	0	2	0	0	0	6	3	0	0	2	0	2	0	3	0	0
159317	9 Nov 25	03:21:00	1	0	55	0	Ct	0	0	1	0	0	0	9	0	0	0	1	0	0	2	5	0	0	0	2	0	3	0	0	4	2	0	0	1	0	0	0	2	0	4
159318	9 Nov 25	03:22:00	1	0	55	0	Ct	0	0	1	1	0	0	4	0	0	0	1	1	0	0	0	0	0	0	5	1	1	0	0	0	4	0	0	2	0	2	0	4	0	1
159319	9 Nov 25	03:23:00	1	0	55	0	Ct	0	0	1	1	0	0	3	0	0	0	0	3	0	2	2	2	0	2	0	2	3	0	0	1	4	2	0	1	2	0	0	1	0	2
159320	9 Nov 25	03:24:00	1	0	55	0	Ct	0	0	0	0	0	0	0	0	0	0	2	2	0	2	0	2	0	0	0	0	2	0	0	3	3	0	0	1	0	1	7	2	0	2
159321	9 Nov 25	03:25:00	1	0	55	0	Ct	0	0	2	2	2	0	0	0	0	0	0	2	0	4	0	2	0	0	0	1	0	0	3	0	0	1	0	0	0	0	0	2	0	0
159322	9 Nov 25	03:26:00	1	0	55	0	Ct	0	0	3	0	3	0	0	0	0	0	2	0	0	2	0	0	0	0	0	2	0	0	0	1	0	4	0	2	0	1	1	2	0	2
159323	9 Nov 25	03:27:00	1	0	55	0	Ct	0	0	2	2	4	0	10	0	0	2	1	2	0	2	0	0	0	0	0	1	0	0	6	1	2	3	1	0	0	1	1	2	0	1
159324	9 Nov 25	03:28:00	1	0	55	0	Ct	0	0	2	1	3	0	0	0	0	0	1	1	0	2	0	1	0	0	0	1	0	0	3	2	2	0	1	2	0	0	2	6	2	1
159325	9 Nov 25	03:29:00	1	0	55	0	Ct	0	0	0	0	3	0	0	0	0	0	1	1	0	2	0	1	6	0	1	1	0	0	0	1	3	5	0	0	0	0	1	0	0	1
159326	9 Nov 25	03:30:00	1	0	55	0	Ct	0	0	0	3	2	0	17	0	0	0	1	3	0	0	2	2	3	0	2	1	0	0	2	1	2	1	0	0	0	6	1	3	1	1
159327	9 Nov 25	03:31:00	1	0	55	0	Ct	0	0	0	0	3	0	0	0	0	0	2	2	0	0	0	2	0	0	2	1	0	0	0	0	2	4	0	0	1	0	1	0	2	2
159328	9 Nov 25	03:32:00	1	0	55	0	Ct	0	0	0	0	2	0	0	0	0	0	0	0	0	3	0	0	0	0	0	4	0	0	0	2	3	3	2	0	2	0	2	2	0	4
159329	9 Nov 25	03:33:00	1	0	55	0	Ct	0	0	0	0	2	0	0	0	0	0	0	0	0	1	0	3	0	0	1	0	1	0	1	0	2	4	0	0	2	0	1	4	0	1
159330	9 Nov 25	03:34:00	1	0	55	0	Ct	0	0	0	1	0	0	0	0	0	1	1	0	0	2	0	0	0	0	1	0	1	0	1	2	2	3	0	0	2	2	3	3	3	0
159331	9 Nov 25	03:35:00	1	0	55	0	Ct	0	0	0	1	0	0	3	0	0	1	1	0	1	0	0	0	0	0	0	1	0	0	0	3	3	3	2	2	0	1	0	2	4	0
159332	9 Nov 25	03:36:00	1	0	55	0	Ct	0	0	0	0	2	0	4	0	0	0	0	0	0	1	0	0	0	0	0	2	0	0	0	0	3	2	2	0	3	1	0	5	3	1
159333	9 Nov 25	03:37:00	1	0	55	0	Ct	0	0	0	0	3	0	19	0	0	0	0	0	1	1	1	0	0	0	0	0	0	0	0	3	2	1	0	0	0	0	3	4	2	1
159334	9 Nov 25	03:38:00	1	0	55	0	Ct	0	0	6	1	1	0	2	0	0	2	0	0	0	2	2	0	0	0	0	0	0	0	0	1	2	2	0	0	3	3	1	2	2	0
159335	9 Nov 25	03:39:00	1	0	55	0	Ct	0	0	0	1	0	0	2	0	0	0	2	0	0	2	2	0	0	0	0	2	2	0	0	0	3	3	0	0	1	2	2	2	0	1
159336	9 Nov 25	03:40:00	1	0	55	0	Ct	0	0	0	0	0	0	0	0	0	0	2	0	0	0	2	0	0	0	0	0	0	0	0	0	3	5	0	2	3	0	1	2	3	2
159337	9 Nov 25	03:41:00	1	0	55	0	Ct	0	0	0	1	0	0	13	0	0	0	2	0	0	0	1	0	0	0	0	0	2	0	0	0	2	2	2	1	2	1	3	3	4	1
159338	9 Nov 25	03:42:00	1	0	55	0	Ct	0	0	0	2	0	0	5	0	0	0	2	0	0	0	2	0	0	0	0	0	0	0	0	2	3	2	0	1	1	1	2	3	0	1
159339	9 Nov 25	03:43:00	1	0	55	0	Ct	0	0	0	0	0	0	0	0	0	0	3	2	0	0	2	0	0	0	0	0	0	0	0	0	0	3	2	1	2	1	2	3	3	0
159340	9 Nov 25	03:44:00	1	0	55	0	Ct	0	0	0	0	0	0	0	0	0	2	1	2	0	2	2	0	0	0	0	1	2	0	0	0	0	2	0	1	1	1	1	6	3	1
159341	9 Nov 25	03:45:00	1	0	55	0	Ct	0	0	0	0	0	0	0	0	0	0	0	2	0	1	2	0	0	2	0	1	0	0	0	0	2	3	1	3	2	0	2	0	0	1
159342	9 Nov 25	03:46:00	1	0	55	0	Ct	0	0	0	0	0	0	0	0	0	0	0	2	0	2	1	0	0	2	0	0	0	0	0	0	0	3	2	2	2	1	1	2	2	1
159343	9 Nov 25	03:47:00	1	0	55	0	Ct	0	0	0	2	1	0	0	0	0	2	1	1	0	1	1	0	0	2	2	1	0	0	0	0	0	4	1	0	2	1	1	2	0	0
159344	9 Nov 25	03:48:00	1	0	55	0	Ct	0	0	0	0	5	0	0	0	0	0	1	0	0	2	0	0	0	2	0	4	0	0	0	2	1	2	0	2	0	0	0	2	3	0
159345	9 Nov 25	03:49:00	1	0	55	0	Ct	0	0	2	0	4	2	0	0	0	0	2	0	0	0	0	0	0	2	0	2	0	0	3	1	4	1	2	1	0	1	0	1	1	0
159346	9 Nov 25	03:50:00	1	0	55	0	Ct	0	0	0	1	1	1	0	0	0	0	2	2	0	2	2	0	0	2	1	3	2	0	6	1	0	2	0	1	4	1	0	2	1	2
159347	9 Nov 25	03:51:00	1	0	55	0	Ct	0	0	0	2	3	0	0	0	0	0	2	0	0	1	0	0	0	2	1	2	0	0	2	1	4	1	2	2	1	0	0	2	0	0
159348	9 Nov 25	03:52:00	1	0	55	0	Ct	0	0	0	1	6	3	0	0	0	0	3	2	0	3	1	0	0	0	0	0	0	0	2	1	3	1	2	0	0	1	2	3	5	0
159349	9 Nov 25	03:53:00	1	0	55	0	Ct	0	0	0	0	2	3	0	0	0	0	1	0	0	1	1	0	0	0	0	0	0	0	2	0	2	3	0	1	2	4	2	1	1	0
159350	9 Nov 25	03:54:00	1	0	55	0	Ct	0	0	3	2	0	2	0	2	0	0	1	0	0	0	0	0	0	1	2	1	0	0	6	1	2	3	0	3	0	0	2	1	0	1
159351	9 Nov 25	03:55:00	1	0	55	0	Ct	0	0	0	0	2	6	0	0	0	0	2	0	0	0	0	0	0	3	0	3	2	0	1	1	3	2	2	5	1	1	0	3	1	1
159352	9 Nov 25	03:56:00	1	0	55	0	Ct	0	0	0	1	2	2	0	0	0	0	2	0	0	0	1	0	0	3	2	0	0	0	0	2	1	2	0	2	1	2	1	3	1	0
159353	9 Nov 25	03:57:00	1	0	55	0	Ct	0	0	0	1	0	2	0	0	0	0	0	3	0	0	2	16	0	2	0	1	0	0	0	2	3	2	0	3	0	3	3	1	1	1
159354	9 Nov 25	03:58:00	1	0	55	0	Ct	0	0	0	1	2	1	0	0	0	0	0	0	0	0	1	4	0	3	0	3	1	0	2	0	2	1	0	0	1	3	4	0	2	0
159355	9 Nov 25	03:59:00	1	0	55	0	Ct	0	0	0	2	4	0	6	0	0	3	3	1	0	0	2	0	0	3	2	2	1	0	0	0	0	1	0	2	1	3	2	0	1	1
159356	9 Nov 25	04:00:00	1	0	55	0	Ct	0	0	1	1	0	1	0	0	0	2	1	0	0	0	4	3	0	0	0	0	5	0	1	0	0	2	0	2	0	1	4	1	3	0
159357	9 Nov 25	04:01:00	1	0	55	0	Ct	0	0	1	0	0	2	17	0	0	2	0	0	1	0	0	2	0	1	0	0	0	0	1	0	2	0	0	0	2	0	0	0	0	0
159358	9 Nov 25	04:02:00	1	0	55	0	Ct	0	0	1	1	0	1	9	0	0	3	3	0	1	0	0	0	0	2	1	1	0	0	0	0	3	3	2	1	0	1	1	0	0	1
159359	9 Nov 25	04:03:00	1	0	55	0	Ct	0	0	0	2	2	1	8	2	0	0	1	0	2	0	0	2	0	3	3	1	0	0	2	0	1	1	2	3	0	2	1	0	15	0
159360	9 Nov 25	04:04:00	1	0	55	0	Ct	0	0	0	0	2	1	3	0	0	0	0	0	1	0	0	2	0	0	0	0	0	0	1	0	1	2	0	0	1	0	0	0	0	2
159361	9 Nov 25	04:05:00	1	0	55	0	Ct	0	0	0	0	1	1	0	0	0	0	0	0	2	0	0	2	0	2	1	0	0	0	2	0	3	3	2	0	1	0	0	0	1	1
159362	9 Nov 25	04:06:00	1	0	55	0	Ct	0	0	0	2	3	0	0	0	0	0	0	2	1	0	0	0	0	1	0	2	0	0	0	0	2	2	0	0	1	0	3	0	2	0
159363	9 Nov 25	04:07:00	1	0	55	0	Ct	0	0	1	0	4	0	0	0	0	0	0	1	1	1	0	2	0	2	4	0	1	0	0	0	0	2	0	0	1	0	1	0	1	0
159364	9 Nov 25	04:08:00	1	0	55	0	Ct	0	0	2	0	2	0	0	0	0	0	3	2	2	3	0	2	0	1	1	0	1	0	0	0	0	0	0	2	0	0	0	0	1	0
159365	9 Nov 25	04:09:00	1	0	55	0	Ct	0	0	1	1	2	2	14	0	0	0	2	0	1	0	0	2	0	2	0	0	0	0	0	0	2	0	1	0	0	0	0	0	1	0
159366	9 Nov 25	04:10:00	1	0	55	0	Ct	0	0	1	1	3	0	8	1	0	0	1	1	1	0	0	0	0	0	1	1	0	0	0	0	0	4	3	0	2	0	0	0	1	2
159367	9 Nov 25	04:11:00	1	0	55	0	Ct	0	0	0	0	1	2	0	2	0	0	2	1	1	0	1	0	0	1	3	1	0	0	4	0	2	2	1	0	1	1	0	0	2	0
159368	9 Nov 25	04:12:00	1	0	55	0	Ct	0	0	0	0	1	0	12	0	0	0	2	1	0	0	2	0	0	1	0	0	0	0	1	0	2	2	1	0	1	1	0	0	0	0
159369	9 Nov 25	04:13:00	1	0	55	0	Ct	0	0	0	0	3	3	17	0	0	0	0	0	0	0	6	2	0	0	0	1	1	0	0	0	2	1	2	3	0	2	0	2	0	2
159370	9 Nov 25	04:14:00	1	0	55	0	Ct	0	0	0	1	11	0	4	0	0	0	1	0	0	0	2	4	0	0	0	1	1	0	4	0	2	4	3	2	2	4	0	4	0	1
159371	9 Nov 25	04:15:00	1	0	55	0	Ct	0	0	0	1	0	1	7	0	0	0	1	2	0	0	0	3	0	0	0	0	0	0	1	0	2	2	0	2	2	4	0	4	1	1
159372	9 Nov 25	04:16:00	1	0	55	0	Ct	0	0	0	0	3	2	1	0	0	0	0	0	0	0	0	4	8	0	0	0	0	0	0	0	0	1	0	2	0	1	0	4	1	1
159373	9 Nov 25	04:17:00	1	0	55	0	Ct	0	0	0	0	2	1	6	0	0	0	2	0	0	2	0	3	23	0	0	0	3	0	0	0	2	0	0	0	0	0	0	2	0	2
159374	9 Nov 25	04:18:00	1	0	55	0	Ct	0	0	0	0	2	0	12	0	0	0	0	0	1	1	0	0	9	0	0	0	0	0	2	0	2	2	0	1	0	0	3	1	0	1
159375	9 Nov 25	04:19:00	1	0	55	0	Ct	0	0	0	2	2	0	3	0	0	0	0	2	2	2	0	3	2	0	0	2	3	0	2	0	2	2	0	3	1	0	1	2	0	1
159376	9 Nov 25	04:20:00	1	0	55	0	Ct	0	0	0	1	0	0	0	0	0	0	0	1	1	1	0	0	0	1	0	0	3	0	5	0	3	1	0	3	1	2	1	2	0	3
159377	9 Nov 25	04:21:00	1	0	55	0	Ct	0	0	0	0	1	0	0	0	0	0	2	2	0	4	0	3	0	1	0	0	1	0	0	0	1	3	0	1	2	0	2	0	0	0
159378	9 Nov 25	04:22:00	1	0	55	0	Ct	0	0	0	2	2	0	0	0	0	0	3	0	0	4	0	1	0	0	0	1	1	0	0	0	0	1	0	2	0	0	1	2	0	1
159379	9 Nov 25	04:23:00	1	0	55	0	Ct	0	0	0	0	3	0	0	4	0	0	0	0	0	3	0	0	12	2	0	4	1	0	0	0	2	2	0	1	2	0	0	1	0	2
159380	9 Nov 25	04:24:00	1	0	55	0	Ct	0	0	0	0	2	0	0	2	0	2	0	0	0	3	0	0	0	0	0	0	0	0	0	0	0	0	0	1	1	0	3	0	0	0
159381	9 Nov 25	04:25:00	1	0	55	0	Ct	0	0	1	1	3	0	0	1	0	3	0	0	0	2	0	0	0	0	0	1	0	0	0	0	0	0	0	0	1	0	1	1	0	0
159382	9 Nov 25	04:26:00	1	0	55	0	Ct	0	0	1	0	3	0	0	1	0	0	0	0	0	1	0	0	2	0	2	4	0	0	0	0	0	0	0	2	0	0	3	1	0	2
159383	9 Nov 25	04:27:00	1	0	55	0	Ct	0	0	0	0	3	0	13	2	0	0	0	0	0	1	0	0	0	0	7	0	0	0	0	0	1	0	0	0	1	1	0	2	0	0
159384	9 Nov 25	04:28:00	1	0	55	0	Ct	0	0	0	1	2	0	3	1	0	0	1	0	0	3	0	0	7	0	0	1	1	0	0	1	5	1	1	1	1	1	3	3	0	2
159385	9 Nov 25	04:29:00	1	0	55	0	Ct	0	0	0	0	0	0	0	4	0	0	0	0	2	1	1	0	10	0	1	1	0	0	2	1	2	2	3	1	2	4	3	2	0	0
159386	9 Nov 25	04:30:00	1	0	55	0	Ct	0	0	2	0	3	1	0	2	0	0	2	0	0	1	1	0	0	1	1	1	0	0	0	2	4	1	1	2	2	0	1	2	0	0
159387	9 Nov 25	04:31:00	1	0	55	0	Ct	0	0	0	0	3	1	4	0	0	0	0	0	0	2	0	0	0	1	0	1	0	0	4	0	2	1	0	1	0	5	2	3	0	1
159388	9 Nov 25	04:32:00	1	0	55	0	Ct	0	0	0	0	0	0	10	2	0	0	0	0	2	0	1	0	0	0	1	0	0	0	2	0	1	2	0	0	0	0	0	2	0	1
159389	9 Nov 25	04:33:00	1	0	55	0	Ct	0	0	0	0	0	0	3	2	0	0	0	0	0	0	1	0	0	1	5	2	1	0	2	0	2	2	0	0	0	0	2	5	3	1
159390	9 Nov 25	04:34:00	1	0	55	0	Ct	0	0	0	0	3	0	10	0	0	0	0	0	0	0	0	0	0	4	1	1	0	0	7	0	3	2	0	0	0	0	0	4	0	2
159391	9 Nov 25	04:35:00	1	0	55	0	Ct	0	0	0	0	5	0	0	3	0	0	1	2	0	0	0	0	1	0	0	1	0	0	6	2	2	2	0	0	1	3	0	1	0	2
159392	9 Nov 25	04:36:00	1	0	55	0	Ct	0	0	0	1	4	0	4	2	0	0	6	0	0	0	0	0	7	2	0	0	0	0	2	0	2	3	2	0	2	0	1	0	3	1
159393	9 Nov 25	04:37:00	1	0	55	0	Ct	0	0	0	1	6	0	3	2	0	0	1	2	0	0	0	0	7	0	0	0	0	0	2	0	2	2	0	0	0	0	1	0	0	1
159394	9 Nov 25	04:38:00	1	0	55	0	Ct	0	0	0	0	3	0	5	2	0	0	2	0	0	0	1	0	0	0	0	0	0	0	0	0	2	4	0	0	1	0	0	0	0	0
159395	9 Nov 25	04:39:00	1	0	55	0	Ct	0	0	0	0	5	0	0	2	1	0	0	0	0	0	3	0	0	0	2	0	0	0	0	0	0	1	0	0	2	0	0	0	0	2
159396	9 Nov 25	04:40:00	1	0	55	0	Ct	0	0	0	1	0	0	6	1	4	2	0	0	0	0	0	1	2	0	0	0	0	0	0	0	2	1	0	0	1	1	1	0	0	0
159397	9 Nov 25	04:41:00	1	0	55	0	Ct	0	0	0	1	3	0	0	1	4	2	1	0	0	0	0	3	0	0	0	0	0	0	0	0	0	0	0	0	0	1	2	0	0	6
159398	9 Nov 25	04:42:00	1	0	55	0	Ct	0	0	0	0	3	0	3	2	7	0	1	0	0	0	0	0	0	0	0	0	1	0	2	0	0	2	0	0	0	1	1	0	0	0
159399	9 Nov 25	04:43:00	1	0	55	0	Ct	0	0	0	0	1	0	0	2	2	2	2	0	0	1	1	0	0	1	0	0	3	0	0	0	0	0	0	1	0	4	0	0	0	0
159400	9 Nov 25	04:44:00	1	0	55	0	Ct	0	0	0	0	1	0	0	2	2	3	0	2	0	1	1	2	0	2	0	0	1	0	0	0	0	0	0	1	0	0	1	0	0	0
159401	9 Nov 25	04:45:00	1	0	55	0	Ct	0	0	0	0	0	0	0	1	5	1	2	0	0	0	1	0	3	2	0	0	0	0	0	0	0	0	0	2	0	0	1	3	0	0
159402	9 Nov 25	04:46:00	1	0	55	0	Ct	0	0	0	0	4	0	0	0	2	5	0	0	1	0	2	0	0	1	0	0	2	0	3	0	0	0	0	0	0	0	0	1	0	0
159403	9 Nov 25	04:47:00	1	0	55	0	Ct	0	0	0	0	3	0	4	4	3	0	3	0	1	0	3	2	0	0	0	0	1	0	0	0	2	0	0	0	2	0	2	0	0	0
159404	9 Nov 25	04:48:00	1	0	55	0	Ct	0	0	0	0	0	0	0	0	1	0	1	0	0	0	0	3	5	2	0	0	3	0	2	0	2	0	0	0	4	0	2	1	0	0
159405	9 Nov 25	04:49:00	1	0	55	0	Ct	0	0	0	0	0	0	16	0	0	0	1	0	0	0	3	1	1	2	0	0	4	0	0	0	2	0	2	0	4	0	3	1	0	0
159406	9 Nov 25	04:50:00	1	0	55	0	Ct	0	0	0	0	3	2	11	3	2	0	6	0	0	0	0	1	4	6	2	0	0	0	3	0	0	0	0	0	3	0	1	1	0	0
159407	9 Nov 25	04:51:00	1	0	55	0	Ct	0	0	2	0	3	0	0	1	5	0	0	0	0	2	0	3	4	1	0	0	0	0	7	0	0	1	0	0	3	0	2	2	3	0
159408	9 Nov 25	04:52:00	1	0	55	0	Ct	0	0	0	0	2	0	0	3	4	0	0	0	2	2	0	1	1	4	1	0	0	0	4	0	0	2	0	1	0	0	0	0	3	1
159409	9 Nov 25	04:53:00	1	0	55	0	Ct	0	0	0	0	3	0	4	0	3	0	0	0	2	2	0	2	1	1	2	0	0	0	9	0	2	2	0	1	0	0	0	1	1	3
159410	9 Nov 25	04:54:00	1	0	55	0	Ct	0	0	0	0	3	2	4	1	3	0	0	0	0	1	2	2	0	0	0	0	0	0	2	0	2	0	0	2	0	0	3	1	1	0
159411	9 Nov 25	04:55:00	1	0	55	0	Ct	0	0	0	0	3	0	8	2	1	0	0	0	0	1	0	3	0	0	0	0	0	0	2	0	0	2	0	0	3	0	1	1	4	4
159412	9 Nov 25	04:56:00	1	0	55	0	Ct	0	0	0	0	2	4	0	2	3	0	0	0	0	2	2	1	0	1	0	0	0	0	4	0	0	2	0	2	1	0	1	1	2	0
159413	9 Nov 25	04:57:00	1	0	55	0	Ct	0	0	0	0	1	0	0	2	0	0	0	0	0	2	3	2	0	1	0	2	0	0	0	0	0	0	0	0	0	0	3	3	1	0
159414	9 Nov 25	04:58:00	1	0	55	0	Ct	0	0	0	0	0	3	0	0	3	0	0	0	1	3	1	4	0	0	0	0	0	0	0	0	0	2	0	0	0	0	0	2	3	0
159415	9 Nov 25	04:59:00	1	0	55	0	Ct	0	0	0	0	3	0	0	3	0	0	0	0	1	2	0	2	0	3	0	0	0	0	0	0	0	4	0	2	0	0	1	2	2	0
159416	9 Nov 25	05:00:00	1	0	55	0	Ct	0	0	0	2	6	2	0	3	0	0	0	0	0	2	0	1	0	2	0	0	0	0	0	0	2	2	0	1	2	0	3	0	2	0
159417	9 Nov 25	05:01:00	1	0	55	0	Ct	0	0	1	2	3	1	0	0	2	0	0	0	0	3	0	3	0	0	2	0	2	0	1	0	0	0	0	4	1	0	1	0	2	0
159418	9 Nov 25	05:02:00	1	0	55	0	Ct	0	0	1	1	4	0	0	3	1	0	3	0	0	0	0	1	0	1	0	0	4	0	1	0	2	0	0	1	4	0	3	0	1	0
159419	9 Nov 25	05:03:00	1	0	55	0	Ct	0	0	0	0	1	0	0	2	0	0	1	0	3	3	0	0	0	3	0	0	2	0	0	0	1	0	2	1	2	0	2	0	1	1
159420	9 Nov 25	05:04:00	1	0	55	0	Ct	0	0	0	2	0	0	5	2	0	0	2	0	1	2	0	0	0	2	0	0	1	0	2	0	0	0	0	3	2	0	2	0	3	2
159421	9 Nov 25	05:05:00	1	0	55	0	Ct	0	0	0	0	4	0	2	2	0	0	0	0	0	1	0	0	0	2	2	0	1	0	3	0	2	0	2	1	0	0	0	0	1	2
159422	9 Nov 25	05:06:00	1	0	55	0	Ct	0	0	0	0	3	0	0	1	1	0	2	2	3	0	0	0	0	0	0	0	3	0	6	0	2	0	2	2	0	0	4	0	2	2
159423	9 Nov 25	05:07:00	1	0	55	0	Ct	0	0	2	0	0	0	0	2	2	2	0	0	1	1	0	0	1	3	1	0	0	0	1	0	0	2	1	1	1	0	2	0	4	1
159424	9 Nov 25	05:08:00	1	0	55	0	Ct	0	0	0	0	4	0	0	3	0	0	0	0	0	5	0	0	0	1	1	0	0	0	1	0	1	1	2	1	1	0	2	0	5	2
159425	9 Nov 25	05:09:00	1	0	55	0	Ct	0	0	0	0	2	0	0	2	3	0	0	1	2	2	2	0	0	0	1	0	0	0	3	0	1	3	2	0	0	0	1	1	0	1
159426	9 Nov 25	05:10:00	1	0	55	0	Ct	0	0	0	2	0	0	0	2	1	0	2	2	3	4	15	0	0	0	1	0	2	0	1	0	0	0	2	1	1	0	2	1	2	0
159427	9 Nov 25	05:11:00	1	0	55	0	Ct	0	0	0	0	3	0	0	3	2	0	0	1	0	1	1	0	0	0	2	0	13	0	1	0	0	2	4	2	1	0	3	2	0	0
159428	9 Nov 25	05:12:00	1	0	55	0	Ct	0	0	0	0	4	0	15	1	0	0	0	0	3	2	0	2	0	0	0	0	12	0	0	0	0	2	1	0	0	0	2	2	0	0
159429	9 Nov 25	05:13:00	1	0	55	0	Ct	0	0	0	0	2	0	6	2	0	0	0	0	1	2	6	0	0	0	0	0	2	0	0	0	0	2	3	1	2	0	2	4	0	0
159430	9 Nov 25	05:14:00	1	0	55	0	Ct	0	0	0	2	4	0	0	1	0	0	0	0	2	2	2	0	0	0	2	0	4	0	2	0	0	0	3	1	0	0	3	2	2	0
159431	9 Nov 25	05:15:00	1	0	55	0	Ct	0	0	0	0	1	0	0	1	1	0	2	0	1	1	0	0	0	2	0	0	0	0	0	0	2	2	2	0	0	0	1	1	0	0
159432	9 Nov 25	05:16:00	1	0	55	0	Ct	0	0	0	0	4	0	4	1	1	2	0	0	0	4	1	2	0	2	0	0	2	0	0	0	0	2	2	2	1	0	2	1	2	1
159433	9 Nov 25	05:17:00	1	0	55	0	Ct	0	0	0	1	0	0	7	3	1	0	0	2	1	3	3	2	0	0	0	0	0	0	0	0	2	2	2	1	1	1	6	0	0	1
159434	9 Nov 25	05:18:00	1	0	55	0	Ct	0	0	0	1	0	0	0	1	1	0	0	0	0	2	1	0	0	2	0	0	0	0	0	0	0	1	2	0	0	1	1	0	2	2
159435	9 Nov 25	05:19:00	1	0	55	0	Ct	0	0	2	1	0	0	0	1	0	1	1	0	0	4	2	2	3	3	0	0	0	0	0	0	0	1	1	0	0	0	3	0	2	2
159436	9 Nov 25	05:20:00	1	0	55	0	Ct	0	0	0	0	0	0	6	1	1	3	2	3	0	3	2	2	0	2	0	0	0	0	2	0	2	2	2	0	2	0	0	1	4	0
159437	9 Nov 25	05:21:00	1	0	55	0	Ct	0	0	2	1	1	0	3	1	4	4	1	6	3	1	1	2	0	1	0	0	0	0	0	0	0	1	2	2	2	0	1	0	1	0
159438	9 Nov 25	05:22:00	1	0	55	0	Ct	0	0	0	0	4	0	0	1	2	0	2	0	1	3	1	0	0	0	0	0	0	0	3	0	2	6	0	1	0	0	3	0	2	0
159439	9 Nov 25	05:23:00	1	0	55	0	Ct	0	0	0	0	3	0	0	1	3	4	2	0	1	0	1	2	2	0	0	0	0	0	1	0	2	4	3	1	2	0	2	0	2	0
159440	9 Nov 25	05:24:00	1	0	55	0	Ct	0	0	0	0	2	0	0	1	0	1	2	0	1	2	0	0	6	3	0	0	0	0	0	0	2	3	1	2	1	0	3	0	2	2
159441	9 Nov 25	05:25:00	1	0	55	0	Ct	0	0	0	0	2	0	0	3	0	1	1	0	1	2	0	0	5	0	1	0	0	0	0	0	0	2	2	1	1	0	1	0	2	1
159442	9 Nov 25	05:26:00	1	0	55	0	Ct	0	0	0	0	3	0	0	4	1	0	1	0	1	1	1	2	8	1	3	0	0	0	4	0	0	2	2	1	2	0	2	0	5	1
159443	9 Nov 25	05:27:00	1	0	55	0	Ct	0	0	0	1	2	0	0	2	1	0	0	0	1	2	0	4	0	1	1	0	0	0	2	0	0	0	2	0	0	0	1	0	1	2
159444	9 Nov 25	05:28:00	1	0	55	0	Ct	0	0	0	2	3	0	0	0	0	1	0	0	1	2	0	2	0	1	2	0	0	0	5	2	2	0	2	0	2	0	1	0	2	0
159445	9 Nov 25	05:29:00	1	0	55	0	Ct	0	0	2	0	3	0	0	2	0	2	0	0	1	1	0	0	0	3	1	0	0	0	0	0	2	4	2	2	0	0	1	0	1	0
159446	9 Nov 25	05:30:00	1	0	55	0	Ct	0	0	0	2	2	0	0	2	0	1	2	0	1	4	0	3	0	0	1	0	3	0	0	6	2	2	2	0	2	0	0	0	1	0
159447	9 Nov 25	05:31:00	1	0	55	0	Ct	0	0	0	0	0	0	0	0	0	2	0	0	0	0	0	1	0	1	2	2	2	0	2	2	0	1	2	0	0	0	4	0	0	2
159448	9 Nov 25	05:32:00	1	0	55	0	Ct	0	0	2	2	3	0	4	2	0	2	0	0	1	2	0	3	0	1	1	0	0	0	0	4	2	4	2	2	1	0	5	0	3	2
159449	9 Nov 25	05:33:00	1	0	55	0	Ct	0	0	0	1	2	0	15	2	0	0	1	0	7	0	0	1	0	1	0	0	0	0	0	2	2	0	2	2	1	0	3	3	3	0
159450	9 Nov 25	05:34:00	1	0	55	0	Ct	0	0	2	1	2	0	1	0	4	3	1	0	2	0	0	0	0	1	3	1	3	0	0	2	0	2	0	0	0	0	2	0	1	3
159451	9 Nov 25	05:35:00	1	0	55	0	Ct	0	0	1	1	2	0	2	1	0	4	0	0	1	0	2	2	0	0	0	1	1	0	2	2	0	2	1	0	0	0	1	3	1	0
159452	9 Nov 25	05:36:00	1	0	55	0	Ct	0	0	1	1	1	0	0	7	0	0	1	0	1	4	0	4	0	0	0	0	9	0	1	2	1	2	2	0	2	1	2	1	2	0
159453	9 Nov 25	05:37:00	1	0	55	0	Ct	0	0	0	0	4	1	0	1	0	5	2	1	2	1	0	0	0	3	2	0	3	0	0	2	2	1	3	0	0	0	1	3	3	1
159454	9 Nov 25	05:38:00	1	0	55	0	Ct	0	0	2	3	4	4	4	1	0	1	3	2	15	2	2	0	0	2	0	0	1	0	0	3	1	2	0	0	0	2	0	5	2	4
159455	9 Nov 25	05:39:00	1	0	55	0	Ct	0	0	2	0	2	3	4	1	0	0	1	0	0	2	2	0	0	3	0	2	1	0	1	2	0	2	2	3	2	0	4	1	2	1
159456	9 Nov 25	05:40:00	1	0	55	0	Ct	0	0	1	0	2	1	0	1	0	4	1	0	0	3	3	0	0	0	0	0	1	0	2	2	0	1	0	1	0	0	6	2	0	2
159457	9 Nov 25	05:41:00	1	0	55	0	Ct	0	0	1	2	2	3	0	2	3	6	2	0	3	5	1	0	0	2	4	0	1	0	6	2	0	4	2	0	1	0	2	1	0	0
159458	9 Nov 25	05:42:00	1	0	55	0	Ct	0	0	0	0	3	2	0	4	0	1	0	0	1	3	0	2	0	0	5	0	0	0	0	2	0	1	2	1	2	2	2	5	0	1
159459	9 Nov 25	05:43:00	1	0	55	0	Ct	0	0	3	0	3	1	0	1	0	5	1	0	1	2	2	0	0	3	3	0	1	0	1	2	0	2	1	1	0	0	0	1	2	1
159460	9 Nov 25	05:44:00	1	0	55	0	Ct	0	0	0	0	4	1	0	0	0	1	5	0	1	0	0	0	2	1	1	0	2	0	2	1	0	0	2	2	3	0	0	1	0	0
159461	9 Nov 25	05:45:00	1	0	55	0	Ct	0	0	1	0	2	1	0	1	2	0	0	2	2	1	3	0	0	0	1	0	0	0	1	2	0	4	2	0	0	0	0	1	0	1
159462	9 Nov 25	05:46:00	1	0	55	0	Ct	0	0	1	0	3	2	0	1	1	2	0	0	0	3	3	2	0	2	1	0	0	0	3	2	0	1	2	2	2	0	3	4	1	1
159463	9 Nov 25	05:47:00	1	0	55	0	Ct	0	0	0	0	2	1	0	1	0	0	1	0	0	2	1	5	0	3	1	0	0	0	0	1	0	1	2	0	2	0	4	2	2	4
159464	9 Nov 25	05:48:00	1	0	55	0	Ct	0	0	0	0	2	0	0	1	0	2	3	0	0	6	0	2	0	0	0	0	0	0	0	4	3	3	2	1	0	0	3	1	2	0
159465	9 Nov 25	05:49:00	1	0	55	0	Ct	0	0	0	0	3	0	0	0	1	2	0	0	0	8	0	3	0	3	2	0	0	0	0	3	1	0	2	2	0	0	2	0	1	0
159466	9 Nov 25	05:50:00	1	0	55	0	Ct	0	0	0	1	2	0	0	0	1	0	0	6	0	4	0	3	0	2	3	0	0	0	0	4	2	0	0	2	0	0	2	0	0	0
159467	9 Nov 25	05:51:00	1	0	55	0	Ct	0	0	0	2	3	0	5	0	0	1	0	2	0	2	0	3	0	2	0	0	0	0	0	3	2	0	2	2	0	0	0	0	0	0
159468	9 Nov 25	05:52:00	1	0	55	0	Ct	0	0	2	1	3	1	0	2	0	2	1	0	0	3	0	2	0	0	1	0	0	0	0	3	4	0	1	0	0	0	0	3	0	0
159469	9 Nov 25	05:53:00	1	0	55	0	Ct	0	0	2	1	1	1	0	1	0	0	1	0	0	1	0	0	0	3	2	0	0	0	4	3	2	0	1	0	0	4	0	2	0	0
159470	9 Nov 25	05:54:00	1	0	55	0	Ct	0	0	2	1	0	0	0	1	0	5	2	2	0	0	2	0	6	1	0	0	0	0	0	1	2	0	0	4	2	0	0	1	0	1
159471	9 Nov 25	05:55:00	1	0	55	0	Ct	0	0	2	1	2	0	0	1	2	1	3	0	0	3	0	0	14	0	1	0	0	0	2	1	2	3	2	5	0	0	0	1	0	3
159472	9 Nov 25	05:56:00	1	0	55	0	Ct	0	0	1	0	3	0	0	2	1	3	2	2	0	0	0	2	7	3	1	0	0	0	2	2	0	2	2	0	3	1	0	2	1	1
159473	9 Nov 25	05:57:00	1	0	55	0	Ct	0	0	2	0	3	0	0	1	1	1	1	2	0	0	3	3	0	1	0	0	2	0	3	2	1	2	1	0	1	2	0	2	4	3
159474	9 Nov 25	05:58:00	1	0	55	0	Ct	0	0	0	0	2	0	0	1	1	3	1	3	0	0	1	3	0	1	0	0	0	0	0	0	1	2	1	0	1	1	0	3	3	2
159475	9 Nov 25	05:59:00	1	0	55	0	Ct	0	0	2	0	0	0	0	3	1	1	0	1	0	0	0	3	7	2	3	0	0	0	1	2	0	1	2	0	0	2	0	1	2	4
159476	9 Nov 25	06:00:00	1	0	55	0	Ct	0	0	2	1	2	0	0	1	2	0	0	1	2	0	0	1	1	0	0	0	0	0	2	2	3	2	1	2	1	0	0	4	1	2
159477	9 Nov 25	06:01:00	1	0	55	0	Ct	0	0	0	0	3	0	0	1	0	0	0	1	2	0	1	1	4	1	1	0	1	0	0	1	1	2	2	1	1	2	1	2	3	1
159478	9 Nov 25	06:02:00	1	0	55	0	Ct	0	0	2	1	3	0	2	3	4	0	2	1	0	0	2	2	9	2	1	0	2	0	2	0	2	2	3	2	0	0	2	2	3	3
159479	9 Nov 25	06:03:00	1	0	55	0	Ct	0	0	0	0	3	0	0	0	0	0	2	1	0	0	2	2	0	3	0	0	0	0	1	2	2	2	1	1	1	2	1	0	4	2
159480	9 Nov 25	06:04:00	1	0	55	0	Ct	0	0	2	0	9	0	21	1	0	0	0	3	1	0	2	2	0	4	2	0	0	0	1	2	2	1	3	1	2	0	0	1	2	3
159481	9 Nov 25	06:05:00	1	0	55	0	Ct	0	0	2	2	1	0	0	2	0	3	2	2	2	0	0	2	0	4	0	0	0	0	0	0	0	1	1	2	1	0	2	2	2	2
159482	9 Nov 25	06:06:00	1	0	55	0	Ct	0	0	0	1	2	0	0	4	0	0	0	0	1	0	2	1	0	2	2	0	0	0	0	2	2	0	1	2	1	1	0	0	2	1
159483	9 Nov 25	06:07:00	1	0	55	0	Ct	0	0	0	1	2	0	6	0	3	0	2	2	2	4	0	1	0	1	0	0	0	0	2	0	3	0	1	1	2	2	3	0	1	0
159484	9 Nov 25	06:08:00	1	0	55	0	Ct	0	0	0	0	3	0	0	3	0	0	4	0	2	2	0	0	0	3	0	1	0	0	2	2	2	2	1	2	7	0	3	0	1	0
159485	9 Nov 25	06:09:00	1	0	55	0	Ct	0	0	2	2	3	0	4	2	0	1	2	2	0	0	0	0	1	0	0	1	0	0	0	0	3	2	0	1	1	1	1	2	1	0
159486	9 Nov 25	06:10:00	1	0	55	0	Ct	0	0	1	0	2	0	10	0	3	1	1	2	4	0	0	4	14	0	2	0	0	0	0	3	0	3	1	2	1	0	2	2	4	0
159487	9 Nov 25	06:11:00	1	0	55	0	Ct	0	0	1	1	0	0	2	2	2	1	1	0	0	4	0	2	4	1	0	2	0	0	2	2	1	2	1	1	1	0	1	0	3	1
159488	9 Nov 25	06:12:00	1	0	55	0	Ct	0	0	0	1	0	0	0	3	0	2	0	2	1	3	0	3	0	5	7	2	0	0	1	0	1	0	0	2	0	1	0	2	4	1
159489	9 Nov 25	06:13:00	1	0	55	0	Ct	0	0	0	1	4	0	0	0	0	0	0	2	1	0	0	1	2	0	0	1	1	0	0	0	2	0	2	1	0	2	4	2	1	0
159490	9 Nov 25	06:14:00	1	0	55	0	Ct	0	0	1	0	2	3	0	3	0	1	0	2	2	2	0	2	2	3	0	1	3	0	2	0	0	1	1	0	0	1	2	4	4	1
159491	9 Nov 25	06:15:00	1	0	55	0	Ct	0	0	1	1	4	1	0	2	0	1	3	3	0	0	0	4	1	1	0	2	0	0	10	0	2	2	1	2	5	1	2	2	0	2
159492	9 Nov 25	06:16:00	1	0	55	0	Ct	0	0	2	0	3	0	0	3	6	0	3	1	1	0	0	2	0	0	1	2	0	0	0	0	3	4	1	2	3	4	2	1	0	1
159493	9 Nov 25	06:17:00	1	0	55	0	Ct	0	0	0	0	3	3	7	2	1	2	2	0	1	3	0	0	1	1	1	1	1	0	1	0	1	5	2	2	0	0	1	3	2	0
159494	9 Nov 25	06:18:00	1	0	55	0	Ct	0	0	0	1	4	8	4	2	0	0	1	0	0	1	0	2	4	2	0	1	1	0	0	0	1	2	2	2	4	1	2	2	4	0
159495	9 Nov 25	06:19:00	1	0	55	0	Ct	0	0	0	1	4	0	2	0	0	1	1	3	1	1	2	0	3	1	0	2	3	0	1	2	2	3	0	0	2	1	2	3	0	1
159496	9 Nov 25	06:20:00	1	0	55	0	Ct	0	0	1	0	2	1	0	2	0	3	0	3	3	1	0	2	5	0	0	2	3	0	0	1	0	3	0	4	3	0	2	2	2	2
159497	9 Nov 25	06:21:00	1	0	55	0	Ct	0	0	1	0	3	1	0	4	0	0	0	1	3	0	0	4	1	4	0	0	1	0	2	1	0	2	2	1	3	0	2	1	3	2
159498	9 Nov 25	06:22:00	1	0	55	0	Ct	0	0	0	0	3	1	15	2	2	2	2	1	0	1	0	2	6	1	0	0	0	0	0	2	4	2	1	2	3	0	4	0	4	0
159499	9 Nov 25	06:23:00	1	0	55	0	Ct	0	0	2	0	2	0	3	2	0	0	2	2	1	3	0	0	0	2	0	1	2	0	3	2	3	3	1	1	0	2	2	3	1	1
159500	9 Nov 25	06:24:00	1	0	55	0	Ct	0	0	1	0	3	1	7	3	2	2	0	0	2	0	2	4	0	3	0	1	3	0	0	2	0	2	4	2	2	1	6	0	4	2
159501	9 Nov 25	06:25:00	1	0	55	0	Ct	0	0	1	0	4	0	0	1	0	2	0	1	0	2	2	0	0	0	0	3	0	0	0	1	0	1	0	0	1	0	2	18	0	2
159502	9 Nov 25	06:26:00	1	0	55	0	Ct	0	0	0	0	5	0	5	2	1	3	0	1	0	2	0	2	0	0	0	6	0	0	0	1	0	2	1	20	0	0	0	0	1	1
159503	9 Nov 25	06:27:00	1	0	55	0	Ct	0	0	2	0	3	0	3	2	0	0	2	2	2	5	0	0	1	2	0	1	0	0	3	2	0	2	2	1	1	1	2	4	1	0
159504	9 Nov 25	06:28:00	1	0	55	0	Ct	0	0	2	0	5	0	4	2	0	0	1	2	1	6	0	0	0	2	1	0	0	0	3	2	0	1	2	1	2	1	1	0	2	1
159505	9 Nov 25	06:29:00	1	0	55	0	Ct	0	0	1	0	1	0	12	2	0	1	3	1	2	4	0	2	0	0	1	3	4	0	4	0	2	0	1	1	1	4	3	0	2	2
159506	9 Nov 25	06:30:00	1	0	55	0	Ct	0	0	2	0	0	2	5	2	0	2	4	1	0	3	0	2	2	1	1	3	0	0	1	2	4	2	1	2	0	1	2	0	0	2
159507	9 Nov 25	06:31:00	1	0	55	0	Ct	0	0	2	0	0	0	1	0	0	3	1	1	1	3	1	0	0	2	1	3	0	0	0	1	1	0	1	2	0	1	2	0	1	1
159508	9 Nov 25	06:32:00	1	0	55	0	Ct	0	0	2	0	4	3	0	0	0	0	0	2	4	2	2	2	0	1	0	1	0	0	0	1	2	2	2	2	6	0	0	3	1	0
159509	9 Nov 25	06:33:00	1	0	55	0	Ct	0	0	0	0	3	0	0	0	2	0	0	1	1	1	0	2	0	3	0	1	0	0	1	0	0	2	1	1	4	0	2	3	2	0
159510	9 Nov 25	06:34:00	1	0	55	0	Ct	0	0	1	2	1	2	9	2	1	2	2	1	0	3	0	3	2	1	3	1	0	0	3	2	2	0	2	1	4	1	4	2	1	2
159511	9 Nov 25	06:35:00	1	0	55	0	Ct	0	0	1	1	0	0	1	2	1	0	0	0	2	1	2	3	4	0	0	3	0	0	1	2	0	0	1	0	1	0	0	1	3	2
159512	9 Nov 25	06:36:00	1	0	55	0	Ct	0	0	3	1	2	0	1	0	0	1	2	2	1	2	1	5	17	2	0	1	0	0	0	0	0	0	1	0	2	0	2	1	0	0
159513	9 Nov 25	06:37:00	1	0	55	0	Ct	0	0	2	0	2	0	5	1	0	1	0	2	2	2	2	3	3	1	0	2	0	0	2	0	0	0	1	0	1	1	3	1	0	2
159514	9 Nov 25	06:38:00	1	0	55	0	Ct	0	0	0	1	1	0	14	2	1	0	1	1	2	2	1	1	5	3	0	1	0	0	0	2	0	0	0	6	0	0	1	2	0	0
159515	9 Nov 25	06:39:00	1	0	55	0	Ct	0	0	0	0	3	0	0	1	1	0	2	2	1	0	1	1	1	0	1	1	3	0	2	0	2	0	2	0	3	0	1	1	0	1
159516	9 Nov 25	06:40:00	1	0	55	0	Ct	0	0	2	0	0	0	10	1	1	0	2	3	1	0	1	2	5	0	8	1	3	0	0	3	0	3	2	0	3	0	0	1	2	1
159517	9 Nov 25	06:41:00	1	0	55	0	Ct	0	0	3	0	1	1	0	1	0	1	1	0	0	3	0	0	7	1	1	2	0	0	0	2	3	2	2	0	3	1	0	1	1	2
159518	9 Nov 25	06:42:00	1	0	55	0	Ct	0	0	1	0	2	1	5	2	1	2	0	0	0	2	1	3	0	4	0	1	0	0	2	0	2	1	0	0	2	0	0	2	0	2
159519	9 Nov 25	06:43:00	1	0	55	0	Ct	0	0	0	0	1	1	13	0	0	2	2	0	2	1	1	5	8	1	3	1	0	0	0	2	2	2	2	0	2	0	2	1	0	1
159520	9 Nov 25	06:44:00	1	0	55	0	Ct	0	0	2	0	2	2	3	1	0	4	2	3	1	1	0	0	0	2	0	0	0	0	0	0	2	3	2	0	0	1	2	2	0	1
159521	9 Nov 25	06:45:00	1	0	55	0	Ct	0	0	0	0	4	1	0	2	0	0	1	3	1	4	0	0	0	1	0	0	0	0	0	2	4	1	0	0	3	1	2	2	0	2
159522	9 Nov 25	06:46:00	1	0	55	0	Ct	0	0	2	0	4	0	0	2	0	0	1	1	3	2	0	0	0	1	0	2	1	0	0	2	2	1	4	2	0	0	0	2	2	2
159523	9 Nov 25	06:47:00	1	0	55	0	Ct	0	0	1	3	3	2	0	2	2	3	1	1	2	3	0	0	0	1	0	2	1	0	0	0	2	2	1	0	1	0	3	3	3	0
159524	9 Nov 25	06:48:00	1	0	55	0	Ct	0	0	1	1	3	2	0	0	2	2	0	3	1	1	1	0	0	2	0	4	2	0	2	3	0	2	1	0	3	0	0	4	2	2
159525	9 Nov 25	06:49:00	1	0	55	0	Ct	0	0	1	1	3	1	0	1	0	0	1	1	0	4	2	0	0	1	0	1	3	0	0	1	2	0	2	2	0	1	1	2	1	3
159526	9 Nov 25	06:50:00	1	0	55	0	Ct	0	0	2	0	2	1	4	2	2	0	2	0	1	1	3	0	0	4	0	2	1	0	1	0	0	1	4	4	0	1	4	2	3	1
159527	9 Nov 25	06:51:00	1	0	55	0	Ct	0	0	2	0	3	2	2	2	0	2	3	0	1	3	4	0	1	3	4	1	1	0	1	2	0	1	0	1	1	0	1	1	3	0
159528	9 Nov 25	06:52:00	1	0	55	0	Ct	0	0	1	1	4	0	8	4	0	0	0	0	1	1	1	0	6	1	1	3	1	0	0	0	0	0	2	2	1	0	1	3	2	0
159529	9 Nov 25	06:53:00	1	0	55	0	Ct	0	0	3	1	1	0	3	4	0	0	1	0	2	0	2	0	6	3	1	1	0	0	4	2	2	2	0	0	2	1	2	4	1	0
159530	9 Nov 25	06:54:00	1	0	55	0	Ct	0	0	2	0	0	0	3	4	0	2	3	0	0	0	0	2	14	0	1	0	0	0	1	2	3	2	2	0	0	3	2	3	1	0
159531	9 Nov 25	06:55:00	1	0	55	0	Ct	0	0	2	2	3	0	17	3	0	0	2	0	0	0	1	7	0	3	0	1	2	0	5	1	2	2	0	0	0	0	4	3	2	0
159532	9 Nov 25	06:56:00	1	0	55	0	Ct	0	0	0	1	3	0	3	3	5	0	3	0	0	0	1	6	1	4	2	1	3	0	9	1	2	2	0	0	0	1	0	4	2	0
159533	9 Nov 25	06:57:00	1	0	55	0	Ct	0	0	0	2	3	0	3	3	1	0	1	0	1	0	1	4	4	1	0	1	2	0	3	2	2	2	0	0	0	0	2	1	2	0
159534	9 Nov 25	06:58:00	1	0	55	0	Ct	0	0	0	0	3	0	0	3	0	1	1	0	2	0	0	3	0	0	0	2	0	0	1	2	2	2	2	1	0	0	0	2	2	0
159535	9 Nov 25	06:59:00	1	0	55	0	Ct	0	0	0	0	2	0	2	2	0	4	0	0	1	0	0	7	20	2	0	1	0	0	2	1	3	2	0	3	0	0	1	3	2	0
159536	9 Nov 25	07:00:00	1	0	55	0	Ct	0	0	0	2	2	0	5	2	0	3	1	0	1	0	0	4	4	3	0	2	0	0	0	1	3	1	1	2	2	0	3	1	2	2
159537	9 Nov 25	07:01:00	1	0	55	0	Ct	0	0	0	0	2	1	4	2	1	1	2	0	0	0	0	3	7	1	1	0	2	0	0	0	1	4	1	1	3	2	1	3	1	2
159538	9 Nov 25	07:02:00	1	0	55	0	Ct	0	0	0	0	4	2	2	2	2	0	0	0	0	2	0	0	3	0	1	2	2	0	2	2	0	0	0	1	3	0	2	2	2	2
159539	9 Nov 25	07:03:00	1	0	55	0	Ct	0	0	0	0	3	1	0	2	0	0	1	0	0	0	0	0	2	1	0	3	0	0	4	0	1	2	0	1	0	0	0	2	2	2
159540	9 Nov 25	07:04:00	1	0	55	0	Ct	0	0	0	0	3	1	4	2	2	2	1	0	0	3	1	0	0	1	0	2	0	0	0	1	3	3	1	2	2	0	1	1	4	2
159541	9 Nov 25	07:05:00	1	0	55	0	Ct	0	0	0	0	4	2	11	2	0	0	0	2	0	2	4	1	2	0	3	0	0	0	0	1	2	3	2	0	2	0	2	1	3	1
159542	9 Nov 25	07:06:00	1	0	55	0	Ct	0	0	0	0	1	0	3	1	0	0	0	0	0	0	0	2	5	0	0	2	0	0	4	1	2	2	1	2	0	0	2	3	1	3
159543	9 Nov 25	07:07:00	1	0	55	0	Ct	0	0	0	0	3	1	0	1	0	0	0	0	0	0	4	1	5	1	0	1	0	0	1	4	4	3	0	0	0	0	0	3	3	2
159544	9 Nov 25	07:08:00	1	0	55	0	Ct	0	0	0	0	2	0	3	1	0	0	0	0	0	1	2	2	1	2	1	3	0	0	2	0	4	2	2	2	2	0	2	5	1	1
159545	9 Nov 25	07:09:00	1	0	55	0	Ct	0	0	0	0	1	1	18	2	0	0	0	3	0	1	1	2	7	1	2	3	0	0	0	1	2	2	2	2	1	0	2	2	2	2
159546	9 Nov 25	07:10:00	1	0	55	0	Ct	0	0	0	0	4	0	3	1	0	0	0	2	0	1	1	2	2	0	0	1	1	0	0	1	1	3	1	0	2	0	2	1	2	0
159547	9 Nov 25	07:11:00	1	0	55	0	Ct	0	0	0	2	3	0	8	3	0	2	1	2	0	3	0	3	6	0	3	2	3	0	0	1	3	2	1	2	0	0	2	3	2	2
159548	9 Nov 25	07:12:00	1	0	55	0	Ct	0	0	0	0	3	0	3	1	2	3	1	1	0	2	0	4	5	2	1	1	0	0	0	3	0	0	1	2	1	0	1	1	2	1
159549	9 Nov 25	07:13:00	1	0	55	0	Ct	0	0	0	2	0	0	0	0	0	2	2	2	2	2	1	1	0	1	1	0	2	0	2	0	3	0	1	0	1	0	2	5	0	3
159550	9 Nov 25	07:14:00	1	0	55	0	Ct	0	0	0	0	2	0	5	2	0	0	2	2	1	0	1	2	0	3	0	1	5	0	0	2	1	0	1	1	2	0	1	9	0	1
159551	9 Nov 25	07:15:00	1	0	55	0	Ct	0	0	0	1	0	0	9	3	1	1	4	2	1	1	1	3	0	2	0	1	2	0	2	0	3	0	5	1	2	1	2	3	1	2
159552	9 Nov 25	07:16:00	1	0	55	0	Ct	0	0	1	1	3	2	4	0	1	0	0	1	1	1	0	3	1	2	0	2	2	0	0	2	3	3	0	2	1	0	3	4	3	2
159553	9 Nov 25	07:17:00	1	0	55	0	Ct	0	0	1	0	3	3	0	0	0	0	2	2	2	0	2	1	4	1	0	2	0	0	0	1	0	4	0	0	3	0	4	3	2	1
159554	9 Nov 25	07:18:00	1	0	55	0	Ct	0	0	0	0	1	3	0	1	2	0	0	0	0	2	0	2	0	0	1	0	2	0	2	1	2	4	2	7	2	1	1	2	1	1
159555	9 Nov 25	07:19:00	1	0	55	0	Ct	0	0	0	2	3	0	9	1	0	2	0	1	0	3	0	2	0	3	7	0	0	0	4	0	2	5	2	0	2	2	1	2	3	2
159556	9 Nov 25	07:20:00	1	0	55	0	Ct	0	0	3	2	0	0	3	2	2	0	0	1	0	2	0	0	0	0	6	0	3	0	0	0	2	2	2	0	1	0	1	1	1	2
159557	9 Nov 25	07:21:00	1	0	55	0	Ct	0	0	1	0	2	0	12	2	0	0	1	2	0	1	0	2	1	3	0	1	2	0	0	2	0	3	1	2	1	0	4	0	1	1
159558	9 Nov 25	07:22:00	1	0	55	0	Ct	0	0	0	2	3	0	11	0	0	0	1	1	0	2	0	0	5	2	0	1	0	0	2	0	1	1	1	2	1	0	6	1	1	3
159559	9 Nov 25	07:23:00	1	0	55	0	Ct	0	0	0	0	4	0	15	3	0	0	2	1	0	2	0	2	0	1	0	2	2	0	0	2	1	0	1	0	0	0	2	2	2	2
159560	9 Nov 25	07:24:00	1	0	55	0	Ct	0	0	0	0	2	0	12	2	1	0	0	1	0	3	2	4	4	2	2	0	0	0	0	3	2	0	2	1	4	2	4	4	2	2
159561	9 Nov 25	07:25:00	1	0	55	0	Ct	0	0	0	1	2	0	1	2	2	0	2	0	0	5	0	1	0	2	2	3	1	0	0	0	2	2	1	2	2	2	2	1	1	1
159562	9 Nov 25	07:26:00	1	0	55	0	Ct	0	0	0	1	3	0	5	2	0	0	0	2	0	3	3	3	4	3	3	0	0	0	0	2	1	2	2	1	0	0	1	3	2	1
159563	9 Nov 25	07:27:00	1	0	55	0	Ct	0	0	1	1	4	0	10	1	0	2	5	2	0	4	2	2	6	2	1	0	0	0	1	0	1	2	1	4	0	3	2	4	0	1
159564	9 Nov 25	07:28:00	1	0	55	0	Ct	0	0	1	1	3	1	5	3	1	0	1	2	0	4	0	2	4	0	2	0	2	0	2	0	3	2	3	0	3	0	2	2	2	1
159565	9 Nov 25	07:29:00	1	0	55	0	Ct	0	0	0	1	0	2	4	1	1	1	0	1	0	1	0	8	3	2	0	0	8	0	2	0	1	2	0	0	1	2	2	4	2	2
159566	9 Nov 25	07:30:00	1	0	55	0	Ct	0	0	1	1	1	0	0	0	0	1	0	1	0	1	0	1	0	0	0	0	4	0	2	0	0	4	0	0	0	0	1	3	3	1
159567	9 Nov 25	07:31:00	1	0	55	0	Ct	0	0	1	0	4	0	7	1	2	0	2	3	0	1	0	3	1	0	1	0	1	0	1	0	2	1	2	0	0	0	1	2	3	3
159568	9 Nov 25	07:32:00	1	0	55	0	Ct	0	0	2	0	3	0	3	2	2	1	2	1	0	0	2	4	5	0	2	2	1	0	1	0	2	4	2	0	3	0	2	3	2	2
159569	9 Nov 25	07:33:00	1	0	55	0	Ct	0	0	0	0	3	0	0	2	0	1	0	3	1	0	0	0	1	2	1	0	1	0	4	0	2	3	0	0	8	0	2	3	2	0
159570	9 Nov 25	07:34:00	1	0	55	0	Ct	0	0	2	0	3	0	0	1	0	0	2	0	2	0	0	2	0	2	0	0	1	0	2	3	0	1	2	0	2	1	2	3	3	0
159571	9 Nov 25	07:35:00	1	0	55	0	Ct	0	0	1	0	2	2	10	0	0	2	3	1	2	0	0	2	1	0	0	0	1	0	0	2	1	1	2	0	0	2	4	3	1	2
159572	9 Nov 25	07:36:00	1	0	55	0	Ct	0	0	1	0	2	0	11	6	0	6	2	1	0	0	0	2	2	2	0	1	1	0	1	2	1	1	1	0	0	0	4	2	2	2
159573	9 Nov 25	07:37:00	1	0	55	0	Ct	0	0	0	0	4	0	6	3	1	0	0	1	1	0	2	2	1	2	2	2	0	0	1	1	2	5	2	0	3	0	2	3	4	1
159574	9 Nov 25	07:38:00	1	0	55	0	Ct	0	0	2	1	2	0	7	2	1	0	1	2	2	0	1	0	2	3	5	0	0	0	2	1	4	0	2	0	1	0	2	4	3	1
159575	9 Nov 25	07:39:00	1	0	55	0	Ct	0	0	1	2	1	0	1	1	0	0	3	1	1	0	1	4	0	3	0	1	1	0	0	2	1	2	0	0	0	0	4	3	1	1
159576	9 Nov 25	07:40:00	1	0	55	0	Ct	0	0	3	2	3	0	6	2	0	3	1	1	0	4	2	2	1	2	0	0	3	0	0	2	2	0	1	1	0	0	2	0	3	1
159577	9 Nov 25	07:41:00	1	0	55	0	Ct	0	0	1	1	2	0	6	2	3	2	2	1	0	3	0	2	2	2	0	0	2	0	2	0	1	2	0	1	2	0	2	1	3	0
159578	9 Nov 25	07:42:00	1	0	55	0	Ct	0	0	1	0	3	0	4	2	2	1	1	0	0	0	5	4	6	1	3	2	0	0	0	0	2	0	4	3	0	0	3	2	3	0
159579	9 Nov 25	07:43:00	1	0	55	0	Ct	0	0	2	3	5	0	5	3	0	1	1	0	0	2	1	2	0	1	0	0	0	0	0	0	2	4	1	1	2	0	1	3	3	1
159580	9 Nov 25	07:44:00	1	0	55	0	Ct	0	0	0	2	5	0	0	2	0	2	1	0	0	1	1	2	0	1	0	2	0	0	2	0	1	2	2	1	2	0	3	2	1	1
159581	9 Nov 25	07:45:00	1	0	55	0	Ct	0	0	2	1	3	0	5	2	0	2	0	2	0	1	5	3	2	1	0	0	0	0	0	0	2	2	0	1	2	0	3	1	0	0
159582	9 Nov 25	07:46:00	1	0	55	0	Ct	0	0	1	0	3	4	3	12	0	1	2	2	0	2	0	2	1	0	4	1	0	0	2	0	1	2	10	2	0	1	0	2	0	2
159583	9 Nov 25	07:47:00	1	0	55	0	Ct	0	0	0	1	5	0	4	2	0	1	0	0	0	0	0	1	0	4	0	2	0	0	0	0	2	2	2	2	2	2	4	3	2	0
159584	9 Nov 25	07:48:00	1	0	55	0	Ct	0	0	2	0	3	0	0	1	0	1	3	3	3	5	0	4	1	1	0	2	1	0	0	0	2	0	0	0	0	0	1	2	2	1
159585	9 Nov 25	07:49:00	1	0	55	0	Ct	0	0	0	1	3	0	0	1	0	0	2	4	3	4	0	3	4	0	2	0	2	0	0	0	1	1	2	0	0	0	2	3	2	1
159586	9 Nov 25	07:50:00	1	0	55	0	Ct	0	0	1	1	4	0	0	1	1	0	2	3	2	2	0	3	0	0	3	0	1	0	0	0	1	3	0	2	1	3	2	4	22	0
159587	9 Nov 25	07:51:00	1	0	55	0	Ct	0	0	0	6	4	0	0	2	15	0	2	0	2	4	0	2	0	0	1	0	0	0	1	0	2	0	2	0	1	0	3	2	0	0
159588	9 Nov 25	07:52:00	1	0	55	0	Ct	0	0	0	1	3	1	3	0	4	0	2	0	0	2	0	4	2	2	0	1	0	0	1	0	1	2	1	2	0	1	4	1	0	0
159589	9 Nov 25	07:53:00	1	0	55	0	Ct	0	0	0	0	3	0	5	0	0	0	1	2	1	2	0	2	2	2	0	2	1	0	3	0	3	2	1	1	0	1	4	2	2	0
159590	9 Nov 25	07:54:00	1	0	55	0	Ct	0	0	0	0	3	0	1	3	1	0	1	4	1	3	0	2	0	0	0	1	1	0	0	0	2	2	1	1	0	0	2	3	3	0
159591	9 Nov 25	07:55:00	1	0	55	0	Ct	0	0	1	0	3	1	7	0	1	0	1	1	2	0	0	2	3	3	0	0	0	0	3	0	3	0	2	2	2	0	2	3	3	0
159592	9 Nov 25	07:56:00	1	0	55	0	Ct	0	0	1	2	2	0	3	3	0	0	1	0	2	2	2	3	10	0	0	0	0	0	0	0	3	4	0	2	1	0	2	6	1	0
159593	9 Nov 25	07:57:00	1	0	55	0	Ct	0	0	0	0	5	0	0	1	0	0	1	1	0	2	0	2	3	3	0	0	0	0	4	0	3	4	2	2	0	0	2	3	1	3
159594	9 Nov 25	07:58:00	1	0	55	0	Ct	0	0	3	0	4	0	5	0	0	1	0	2	0	0	2	3	1	0	2	1	0	0	1	0	1	7	1	2	0	2	3	1	2	2
159595	9 Nov 25	07:59:00	1	0	55	0	Ct	0	0	1	1	2	0	0	3	0	1	3	1	2	0	0	2	1	0	0	0	2	0	1	0	2	2	1	0	0	1	0	2	2	0
159596	9 Nov 25	08:00:00	1	0	55	0	Ct	0	0	3	1	3	0	7	3	0	0	0	0	0	1	3	2	0	2	0	2	4	0	1	0	0	3	2	2	2	2	1	2	0	3
159597	9 Nov 25	08:01:00	1	0	55	0	Ct	0	0	0	2	1	3	7	2	0	0	0	0	0	3	3	3	1	1	2	0	1	0	0	0	2	2	1	2	1	1	0	3	0	3
159598	9 Nov 25	08:02:00	1	0	55	0	Ct	0	0	3	0	2	0	3	2	0	2	1	0	0	2	2	1	1	1	0	0	1	0	0	0	0	1	2	2	3	0	1	2	0	2
159599	9 Nov 25	08:03:00	1	0	55	0	Ct	0	0	3	3	3	0	12	2	0	1	1	0	0	0	0	1	7	2	1	0	3	0	3	0	3	4	2	0	2	2	1	2	2	1
159600	9 Nov 25	08:04:00	1	0	55	0	Ct	0	0	3	0	3	2	0	0	0	1	2	0	0	3	0	2	5	0	1	0	1	0	2	0	1	0	0	5	1	0	0	2	4	0
159601	9 Nov 25	08:05:00	1	0	55	0	Ct	0	0	2	0	1	0	10	3	0	0	2	0	0	3	1	0	6	0	0	0	4	0	0	0	0	1	0	0	1	1	0	2	2	2
159602	9 Nov 25	08:06:00	1	0	55	0	Ct	0	0	2	0	3	0	0	3	0	0	0	0	0	3	2	1	7	0	0	0	0	0	0	0	2	3	3	3	2	1	0	5	2	2
159603	9 Nov 25	08:07:00	1	0	55	0	Ct	0	0	0	0	3	0	5	0	0	0	0	0	0	3	1	4	3	2	0	0	0	0	2	0	0	1	2	2	0	0	6	2	3	0
159604	9 Nov 25	08:08:00	1	0	55	0	Ct	0	0	0	0	3	0	0	0	0	2	0	0	0	3	1	3	2	2	0	1	0	0	0	0	0	3	2	2	2	0	0	3	3	0
159605	9 Nov 25	08:09:00	1	0	55	0	Ct	0	0	3	1	2	1	15	2	0	0	0	0	0	1	1	4	4	0	0	0	0	0	2	0	0	1	0	2	0	0	2	2	4	4
159606	9 Nov 25	08:10:00	1	0	55	0	Ct	0	0	1	2	4	3	2	0	0	0	2	1	0	2	3	6	0	2	2	0	0	0	0	0	2	0	2	3	3	3	2	1	2	1
159607	9 Nov 25	08:11:00	1	0	55	0	Ct	0	0	1	0	5	0	6	2	1	0	2	0	0	1	0	3	0	3	0	0	0	0	0	0	2	2	1	1	0	0	3	2	4	1
159608	9 Nov 25	08:12:00	1	0	55	0	Ct	0	0	3	2	2	0	1	2	0	0	1	1	0	0	0	3	0	0	2	0	0	0	1	0	1	3	2	2	0	1	1	3	2	1
159609	9 Nov 25	08:13:00	1	0	55	0	Ct	0	0	1	2	5	3	4	4	0	1	2	1	0	0	2	3	0	2	0	2	0	0	3	0	2	3	1	4	2	1	3	1	2	2
159610	9 Nov 25	08:14:00	1	0	55	0	Ct	0	0	2	0	3	1	4	0	1	1	4	1	0	0	0	0	0	0	1	2	0	0	0	0	2	2	1	0	1	1	1	3	2	1
159611	9 Nov 25	08:15:00	1	0	55	0	Ct	0	0	1	2	3	0	6	0	0	0	1	1	1	0	9	4	2	1	2	0	3	0	4	0	3	2	1	2	2	1	0	3	1	2
159612	9 Nov 25	08:16:00	1	0	55	0	Ct	0	0	3	3	3	0	7	2	0	3	2	0	2	0	0	3	3	1	0	4	2	0	1	0	3	0	1	1	0	0	0	2	5	0
159613	9 Nov 25	08:17:00	1	0	55	0	Ct	0	0	2	0	3	0	3	2	0	0	1	2	1	0	1	2	6	0	2	1	1	0	1	0	2	0	1	2	0	1	1	2	2	0
159614	9 Nov 25	08:18:00	1	0	55	0	Ct	0	0	1	0	1	1	0	2	0	0	1	0	0	1	1	1	2	2	0	1	0	0	0	0	0	2	1	1	0	1	2	1	2	0
159615	9 Nov 25	08:19:00	1	0	55	0	Ct	0	0	1	2	1	1	14	4	4	0	1	2	0	1	0	1	4	3	0	3	0	0	0	0	0	2	1	2	0	2	1	1	0	0
159616	9 Nov 25	08:20:00	1	0	55	0	Ct	0	0	2	0	2	0	6	1	0	0	0	0	0	0	0	2	1	1	0	1	0	0	0	2	2	2	1	2	2	2	2	3	2	0
159617	9 Nov 25	08:21:00	1	0	55	0	Ct	0	0	0	0	1	0	34	1	0	2	0	1	0	0	5	0	1	0	0	1	0	0	0	2	2	3	3	0	0	0	2	3	3	2
159618	9 Nov 25	08:22:00	1	0	55	0	Ct	0	0	3	0	0	0	0	3	0	0	2	1	0	0	0	2	1	0	0	0	0	0	0	0	0	1	1	0	0	2	2	3	4	4
159619	9 Nov 25	08:23:00	1	0	55	0	Ct	0	0	0	0	0	0	0	1	1	0	1	0	0	0	1	2	1	0	0	1	0	0	0	0	0	3	4	0	0	1	1	3	1	3
159620	9 Nov 25	08:24:00	1	0	55	0	Ct	0	0	0	0	0	0	0	2	1	0	2	0	0	0	0	2	0	0	0	1	0	0	0	3	3	3	1	2	0	1	1	2	6	0
159621	9 Nov 25	08:25:00	1	0	55	0	Ct	0	0	2	0	0	0	9	2	2	0	0	0	0	0	0	2	0	0	0	0	2	0	1	2	1	1	1	0	0	1	2	3	2	4
159622	9 Nov 25	08:26:00	1	0	55	0	Ct	0	0	1	0	0	0	13	2	0	0	0	0	0	0	0	0	0	3	0	0	0	0	2	2	0	2	1	1	2	1	0	4	3	2
159623	9 Nov 25	08:27:00	1	0	55	0	Ct	0	0	3	2	2	0	2	0	2	3	0	0	2	0	0	3	2	0	2	0	0	0	1	1	2	0	0	2	2	0	2	3	2	5
159624	9 Nov 25	08:28:00	1	0	55	0	Ct	0	0	0	0	4	0	8	0	3	1	0	0	0	0	0	1	8	0	1	2	1	0	0	1	0	2	0	2	5	1	0	5	0	1
159625	9 Nov 25	08:29:00	1	0	55	0	Ct	0	0	1	1	2	0	9	2	0	0	2	0	0	0	2	2	0	2	1	0	1	0	4	2	2	3	1	2	2	0	2	5	3	0
159626	9 Nov 25	08:30:00	1	0	55	0	Ct	0	0	1	1	2	1	3	2	0	2	1	0	1	0	0	2	0	2	0	0	0	0	0	1	1	2	2	1	2	2	5	6	4	4
159627	9 Nov 25	08:31:00	1	0	55	0	Ct	0	0	0	0	0	1	8	1	1	3	3	0	2	1	0	6	5	2	2	2	0	0	0	2	3	3	1	1	2	1	0	3	2	2
159628	9 Nov 25	08:32:00	1	0	55	0	Ct	0	0	1	0	0	0	9	1	2	2	2	0	0	1	2	3	9	2	8	2	0	0	0	0	0	2	0	0	1	1	0	4	2	1
159629	9 Nov 25	08:33:00	1	0	55	0	Ct	0	0	3	1	4	0	5	2	0	3	0	0	0	9	1	5	4	0	3	0	0	0	3	1	1	3	0	2	0	1	0	2	2	1
159630	9 Nov 25	08:34:00	1	0	55	0	Ct	0	0	0	1	2	0	8	2	1	0	1	0	0	0	3	1	3	4	3	0	0	0	0	1	2	3	0	0	0	0	0	6	3	1
159631	9 Nov 25	08:35:00	1	0	55	0	Ct	0	0	0	1	2	0	4	0	1	0	1	1	0	0	2	2	0	2	3	1	0	0	0	3	1	3	0	2	0	0	0	2	2	1
159632	9 Nov 25	08:36:00	1	0	55	0	Ct	0	0	1	0	2	0	7	1	0	0	0	0	0	4	0	2	2	1	2	2	0	0	0	4	2	4	0	1	0	0	0	1	0	2
159633	9 Nov 25	08:37:00	1	0	55	0	Ct	0	0	0	0	1	0	10	1	2	2	3	0	0	2	0	0	3	4	1	1	0	0	0	3	2	0	2	1	0	0	0	3	0	2
159634	9 Nov 25	08:38:00	1	0	55	0	Ct	0	0	0	0	1	0	5	2	0	0	1	0	0	0	2	2	0	0	3	0	0	0	1	1	0	2	2	2	0	1	0	2	0	0
159635	9 Nov 25	08:39:00	1	0	55	0	Ct	0	0	4	0	3	0	6	1	0	2	1	0	4	0	2	0	13	2	0	0	0	0	3	2	2	3	0	1	0	1	0	1	1	0
159636	9 Nov 25	08:40:00	1	0	55	0	Ct	0	0	2	0	4	0	11	1	2	0	1	0	0	0	1	0	1	1	1	2	0	0	0	0	2	2	1	2	3	0	3	2	2	2
159637	9 Nov 25	08:41:00	1	0	55	0	Ct	0	0	0	0	4	0	0	2	0	2	2	0	0	0	5	1	3	2	1	0	0	0	0	2	0	2	1	2	3	0	1	4	1	1
159638	9 Nov 25	08:42:00	1	0	55	0	Ct	0	0	0	0	0	2	11	2	0	3	2	0	0	0	1	3	0	2	0	1	2	0	0	2	0	1	0	1	0	2	2	2	0	0
159639	9 Nov 25	08:43:00	1	0	55	0	Ct	0	0	0	0	4	4	9	1	0	2	3	0	2	0	2	2	0	1	1	2	2	0	1	0	3	2	2	1	0	0	0	3	0	2
159640	9 Nov 25	08:44:00	1	0	55	0	Ct	0	0	0	1	2	1	0	2	0	0	2	1	0	0	2	2	0	2	1	1	2	0	1	0	1	3	0	1	1	0	0	1	0	1
159641	9 Nov 25	08:45:00	1	0	55	0	Ct	0	0	0	1	4	0	0	3	0	0	1	0	2	0	1	2	0	4	5	0	2	0	2	1	0	2	1	1	1	0	1	3	0	1
159642	9 Nov 25	08:46:00	1	0	55	0	Ct	0	0	1	0	3	0	4	2	0	0	0	0	0	0	1	0	0	8	0	1	2	0	0	1	2	2	1	1	1	0	6	1	0	1
159643	9 Nov 25	08:47:00	1	0	55	0	Ct	0	0	1	0	2	0	6	1	4	0	1	0	2	0	2	0	0	2	1	1	0	0	3	2	1	1	0	1	1	0	2	0	0	3
159644	9 Nov 25	08:48:00	1	0	55	0	Ct	0	0	1	2	6	0	0	2	0	0	2	0	0	4	0	4	0	3	1	0	0	0	0	3	0	2	2	3	1	0	0	1	2	4
159645	9 Nov 25	08:49:00	1	0	55	0	Ct	0	0	3	1	2	0	7	3	0	0	0	2	0	3	2	5	7	1	0	1	1	0	0	2	2	2	3	3	1	0	2	1	2	3
159646	9 Nov 25	08:50:00	1	0	55	0	Ct	0	0	0	2	3	0	12	3	0	0	2	0	2	1	0	0	2	3	0	1	1	0	3	0	1	2	0	1	0	0	1	2	3	0
159647	9 Nov 25	08:51:00	1	0	55	0	Ct	0	0	0	0	1	0	3	3	0	0	2	2	0	1	3	0	2	2	1	0	7	0	1	2	2	3	2	3	1	0	1	2	6	0
159648	9 Nov 25	08:52:00	1	0	55	0	Ct	0	0	0	1	2	0	8	2	1	0	0	0	2	2	3	0	0	2	1	0	0	0	0	2	2	2	0	2	1	1	2	1	3	0
159649	9 Nov 25	08:53:00	1	0	55	0	Ct	0	0	0	0	4	0	13	1	1	0	2	0	2	2	2	0	2	4	3	2	1	0	0	1	0	3	0	0	0	3	0	3	1	0
159650	9 Nov 25	08:54:00	1	0	55	0	Ct	0	0	0	0	2	0	3	0	0	3	2	0	0	2	2	4	0	3	1	0	0	0	3	1	0	2	2	0	0	0	1	3	0	1
159651	9 Nov 25	08:55:00	1	0	55	0	Ct	0	0	0	0	2	3	0	0	0	3	0	0	1	3	3	2	0	0	1	2	0	0	0	2	0	0	0	2	1	0	1	2	2	1
159652	9 Nov 25	08:56:00	1	0	55	0	Ct	0	0	0	0	3	1	12	0	0	1	1	0	3	2	1	0	1	2	0	2	0	0	2	1	2	2	2	0	2	0	0	2	0	0
159653	9 Nov 25	08:57:00	1	0	55	0	Ct	0	0	1	0	2	0	0	0	0	4	3	0	2	2	2	4	1	0	0	0	0	0	4	1	3	2	3	2	2	1	0	3	2	0
159654	9 Nov 25	08:58:00	1	0	55	0	Ct	0	0	2	0	0	0	4	0	0	4	2	0	1	4	2	0	0	1	0	0	0	0	2	2	3	4	2	3	1	0	2	4	2	0
159655	9 Nov 25	08:59:00	1	0	55	0	Ct	0	0	1	0	4	0	8	2	0	2	2	2	1	1	1	1	4	1	0	0	0	0	4	0	2	2	0	4	1	0	0	2	2	1
159656	9 Nov 25	09:00:00	1	0	55	0	Ct	0	0	1	0	2	1	4	2	2	3	1	0	1	0	1	3	7	0	0	0	0	0	2	2	1	1	2	1	0	0	0	3	3	2
159657	9 Nov 25	09:01:00	1	0	55	0	Ct	0	0	1	0	4	2	0	1	1	1	2	0	1	2	1	1	3	0	0	0	0	0	4	0	2	4	1	1	0	0	2	4	2	1
159658	9 Nov 25	09:02:00	1	0	55	0	Ct	0	0	0	1	2	1	4	1	0	1	1	1	1	2	1	3	2	1	1	0	2	0	1	0	0	1	1	2	3	0	0	7	1	2
159659	9 Nov 25	09:03:00	1	0	55	0	Ct	0	0	1	0	3	0	11	0	0	0	0	2	0	2	0	0	0	4	3	0	1	0	0	0	2	1	2	1	1	0	1	2	2	1
159660	9 Nov 25	09:04:00	1	0	55	0	Ct	0	0	1	0	3	0	9	4	0	5	0	2	0	2	2	0	2	0	0	0	1	0	3	1	2	1	0	2	3	0	1	5	2	3
159661	9 Nov 25	09:05:00	1	0	55	0	Ct	0	0	0	0	0	0	12	2	0	0	1	0	0	2	0	2	0	2	1	0	0	0	0	1	0	2	2	2	1	0	1	2	2	1
159662	9 Nov 25	09:06:00	1	0	55	0	Ct	0	0	2	0	3	0	17	1	0	0	2	4	0	2	0	2	0	1	3	0	0	0	1	0	0	4	0	1	0	1	1	16	1	0
159663	9 Nov 25	09:07:00	1	0	55	0	Ct	0	1	1	0	1	1	5	2	3	2	2	2	1	2	3	2	1	3	0	1	1	0	0	1	0	7	2	1	2	1	2	2	3	1
159664	9 Nov 25	09:08:00	1	0	55	0	Ct	0	1	1	0	1	1	6	0	1	0	0	2	0	2	0	2	4	1	2	0	2	0	1	1	0	6	2	2	0	0	0	0	2	2
159665	9 Nov 25	09:09:00	1	0	55	0	Ct	0	1	1	0	0	0	0	2	0	1	1	0	0	0	0	0	1	0	0	0	1	0	1	0	0	3	2	0	0	0	0	0	0	0
159666	9 Nov 25	09:10:00	1	0	55	0	Ct	0	1	0	1	1	0	0	5	0	0	0	0	0	1	0	0	0	0	0	0	0	0	3	0	0	2	0	0	0	0	0	0	0	0
159667	9 Nov 25	09:11:00	1	0	55	0	Ct	0	1	0	1	0	0	0	0	0	0	0	0	0	0	0	0	3	0	0	0	0	0	0	0	0	0	0	2	0	0	0	0	0	0
159668	9 Nov 25	09:12:00	1	0	55	0	Ct	0	1	0	0	0	0	0	1	0	0	0	0	0	0	0	0	1	0	1	0	0	0	0	0	0	0	0	0	0	0	0	0	0	0
159669	9 Nov 25	09:13:00	1	0	55	0	Ct	0	1	1	0	0	0	0	0	0	0	0	1	0	0	0	0	7	0	0	0	0	0	0	0	0	0	0	0	0	0	0	0	0	3
159670	9 Nov 25	09:14:00	1	0	55	0	Ct	0	1	0	0	0	0	0	1	0	0	0	0	0	0	0	0	0	1	0	0	0	0	0	0	0	0	0	0	0	0	0	0	0	0
159671	9 Nov 25	09:15:00	1	0	55	0	Ct	0	1	0	0	0	0	0	0	0	0	0	0	0	0	0	0	0	0	1	0	0	0	0	0	0	2	0	0	0	0	0	0	0	0
159672	9 Nov 25	09:16:00	1	0	55	0	Ct	0	1	0	0	0	0	0	0	0	0	0	0	0	0	0	0	0	0	0	0	0	0	0	0	0	3	0	0	5	0	0	0	0	0
159673	9 Nov 25	09:17:00	1	0	55	0	Ct	0	1	0	0	0	0	0	0	0	0	0	0	0	0	0	0	0	0	0	0	0	0	0	0	0	3	0	0	0	0	0	0	0	0
159674	9 Nov 25	09:18:00	1	0	55	0	Ct	0	1	0	0	0	0	0	0	0	0	0	0	0	0	0	0	0	0	0	0	0	0	0	0	0	0	0	0	0	0	0	0	0	0
159675	9 Nov 25	09:19:00	1	0	55	0	Ct	0	1	0	0	0	0	0	0	0	0	0	0	0	0	0	0	3	0	1	0	0	0	0	0	0	4	0	0	0	0	0	0	0	0
159676	9 Nov 25	09:20:00	1	0	55	0	Ct	0	1	0	0	0	0	0	0	0	0	0	0	0	0	0	0	0	0	1	0	0	0	0	0	0	1	0	0	1	0	0	0	0	0
159677	9 Nov 25	09:21:00	1	0	55	0	Ct	0	1	0	0	0	0	0	0	0	0	0	0	0	0	0	0	0	0	0	0	0	0	0	0	0	0	0	0	0	0	0	0	0	0
159678	9 Nov 25	09:22:00	1	0	55	0	Ct	0	1	0	0	0	0	0	0	0	0	0	0	1	0	0	0	0	0	0	0	0	0	0	0	0	0	0	0	0	0	0	0	0	0
159679	9 Nov 25	09:23:00	1	0	55	0	Ct	0	1	0	0	0	0	0	0	0	0	2	0	0	0	0	0	2	0	0	0	0	0	0	0	0	0	0	0	0	0	0	0	0	0
159680	9 Nov 25	09:24:00	1	0	55	0	Ct	0	1	0	0	0	0	0	0	0	0	0	0	0	0	0	0	0	0	0	0	0	0	0	0	0	0	0	0	0	0	0	0	0	0
159681	9 Nov 25	09:25:00	1	0	55	0	Ct	0	1	0	0	0	0	0	0	0	0	0	0	0	0	0	0	0	0	0	0	0	0	0	0	0	0	0	0	0	0	0	0	0	0
159682	9 Nov 25	09:26:00	1	0	55	0	Ct	0	1	0	0	0	0	0	0	0	0	0	0	0	0	0	0	0	0	0	0	0	0	0	0	0	0	0	0	0	0	0	0	0	0
159683	9 Nov 25	09:27:00	1	0	55	0	Ct	0	1	0	0	0	0	0	0	0	0	0	0	0	0	0	0	0	0	0	0	0	0	0	0	0	0	0	0	0	0	0	0	0	0
159684	9 Nov 25	09:28:00	1	0	55	0	Ct	0	1	0	0	0	0	0	0	0	0	0	0	0	0	0	0	0	0	0	0	0	0	0	0	0	0	0	0	0	0	0	0	0	0
159685	9 Nov 25	09:29:00	1	0	55	0	Ct	0	1	0	0	0	0	0	0	0	0	0	0	0	0	0	0	0	0	0	0	0	0	0	0	0	0	0	0	0	0	0	0	0	0
159686	9 Nov 25	09:30:00	1	0	55	0	Ct	0	1	0	0	0	0	0	0	0	0	0	0	0	0	0	0	0	1	0	0	2	0	0	0	0	0	0	0	0	0	0	0	0	0
159687	9 Nov 25	09:31:00	1	0	55	0	Ct	0	1	0	0	0	0	0	0	0	0	0	0	0	0	0	0	0	2	0	0	0	0	0	0	0	0	0	0	0	0	0	0	0	0
159688	9 Nov 25	09:32:00	1	0	55	0	Ct	0	1	0	0	0	0	0	0	0	0	0	0	0	0	0	0	0	1	0	0	0	0	0	0	0	0	0	0	0	0	0	0	0	0
159689	9 Nov 25	09:33:00	1	0	55	0	Ct	0	1	0	0	0	0	0	0	0	0	0	0	0	0	0	2	2	1	0	1	0	0	0	0	0	0	0	0	0	0	0	0	0	0
159690	9 Nov 25	09:34:00	1	0	55	0	Ct	0	1	0	0	0	0	0	0	0	0	0	0	0	0	0	0	0	2	0	0	0	0	1	0	0	0	0	0	0	0	0	0	0	0
159691	9 Nov 25	09:35:00	1	0	55	0	Ct	0	1	0	0	0	0	0	0	0	0	0	0	0	0	0	0	0	2	3	0	0	0	1	0	0	0	0	0	0	0	0	0	0	0
159692	9 Nov 25	09:36:00	1	0	55	0	Ct	0	1	0	0	0	0	0	0	0	0	0	0	0	0	0	4	0	1	2	0	0	0	0	0	0	0	0	0	0	0	0	0	0	0
159693	9 Nov 25	09:37:00	1	0	55	0	Ct	0	1	0	0	0	0	0	0	0	0	0	0	0	0	0	0	0	2	2	0	0	0	0	0	0	0	0	0	0	0	0	0	0	0
159694	9 Nov 25	09:38:00	1	0	55	0	Ct	0	1	0	0	0	0	4	0	0	0	0	0	0	0	0	0	2	1	1	0	0	0	0	0	0	0	0	0	0	0	0	0	0	0
159695	9 Nov 25	09:39:00	1	0	55	0	Ct	0	1	0	0	0	0	0	0	0	0	0	0	0	0	0	0	0	1	1	0	0	0	0	0	0	0	0	0	0	0	0	0	0	0
159696	9 Nov 25	09:40:00	1	0	55	0	Ct	0	1	0	0	0	0	0	0	0	0	0	0	0	0	0	0	0	1	0	0	0	0	0	0	0	0	0	0	0	0	0	0	0	0
159697	9 Nov 25	09:41:00	1	0	55	0	Ct	0	1	0	0	0	0	2	0	0	0	0	0	0	0	0	0	0	1	0	0	0	0	0	0	0	0	0	0	0	0	0	0	0	0
159698	9 Nov 25	09:42:00	1	0	55	0	Ct	0	1	0	3	0	0	0	0	0	0	0	0	0	0	0	0	8	3	0	0	0	0	0	0	0	0	0	0	0	0	0	0	0	0
159699	9 Nov 25	09:43:00	1	0	55	0	Ct	0	1	0	1	0	0	0	0	0	0	0	0	0	0	0	0	1	0	0	0	0	0	0	0	0	0	0	0	0	0	0	0	0	0
159700	9 Nov 25	09:44:00	1	0	55	0	Ct	0	1	0	0	0	0	0	0	0	0	0	0	0	0	0	0	0	3	2	0	0	0	0	0	0	0	0	0	0	0	0	0	0	0
159701	9 Nov 25	09:45:00	1	0	55	0	Ct	0	1	0	0	0	0	0	0	0	0	0	0	0	0	0	0	2	0	0	0	0	0	0	0	0	0	0	0	0	0	0	0	0	0
159702	9 Nov 25	09:46:00	1	0	55	0	Ct	0	1	0	0	0	0	0	0	0	0	0	0	0	0	0	0	0	1	0	0	0	0	0	0	0	0	0	0	0	0	0	0	0	0
159703	9 Nov 25	09:47:00	1	0	55	0	Ct	0	1	0	0	0	0	0	0	0	0	0	0	0	0	0	0	0	1	0	0	0	0	5	0	0	0	0	0	0	0	0	0	0	0
159704	9 Nov 25	09:48:00	1	0	55	0	Ct	0	1	0	0	0	0	0	0	0	0	0	0	0	0	0	0	0	1	0	0	0	0	2	0	0	0	0	0	0	0	0	0	0	0
159705	9 Nov 25	09:49:00	1	0	55	0	Ct	0	1	0	0	0	0	0	0	0	0	0	0	0	0	0	0	0	4	0	0	0	0	0	0	0	0	0	0	0	0	0	0	0	0
159706	9 Nov 25	09:50:00	1	0	55	0	Ct	0	1	0	0	0	0	0	0	0	0	0	0	0	0	0	0	0	0	0	0	0	0	0	0	0	0	0	0	0	0	0	0	0	0
159707	9 Nov 25	09:51:00	1	0	55	0	Ct	0	1	0	0	0	0	0	0	0	0	0	0	0	0	0	0	0	1	0	0	0	0	0	0	0	0	0	0	0	0	0	0	0	0
159708	9 Nov 25	09:52:00	1	0	55	0	Ct	0	1	0	0	0	0	0	0	0	0	0	0	0	0	0	0	0	2	0	0	0	0	0	0	0	0	0	0	0	0	0	0	0	0
159709	9 Nov 25	09:53:00	1	0	55	0	Ct	0	1	0	0	0	0	0	0	0	0	0	0	0	0	0	0	0	3	0	0	0	0	0	0	0	0	0	0	0	0	0	0	0	0
159710	9 Nov 25	09:54:00	1	0	55	0	Ct	0	1	0	0	0	0	0	0	0	0	0	0	0	0	0	0	0	2	0	0	0	0	0	0	0	0	0	0	0	0	0	0	0	0
159711	9 Nov 25	09:55:00	1	0	55	0	Ct	0	1	0	0	0	0	0	0	0	0	0	0	0	0	0	0	0	1	0	0	0	0	0	0	0	0	0	0	0	0	0	0	0	0
159712	9 Nov 25	09:56:00	1	0	55	0	Ct	0	1	0	0	0	0	0	0	0	0	0	0	0	0	0	0	0	1	0	0	0	0	0	0	0	0	0	0	0	0	0	0	0	0
159713	9 Nov 25	09:57:00	1	0	55	0	Ct	0	1	0	0	0	0	0	0	0	0	0	0	0	0	0	0	0	0	0	0	0	0	0	0	0	0	0	0	0	0	0	0	0	0
159714	9 Nov 25	09:58:00	1	0	55	0	Ct	0	1	0	0	0	0	0	0	0	0	0	0	0	0	0	0	0	2	0	0	0	0	2	0	0	0	0	0	0	0	0	0	0	0
159715	9 Nov 25	09:59:00	1	0	55	0	Ct	0	1	0	0	0	0	0	0	0	0	0	0	0	0	0	0	0	0	0	0	0	0	0	0	0	0	0	0	0	0	0	0	0	0
159716	9 Nov 25	10:00:00	1	0	55	0	Ct	0	1	0	0	0	0	0	0	0	0	0	0	0	0	0	0	0	2	0	0	0	0	2	0	0	0	0	0	0	0	0	0	0	0
159717	9 Nov 25	10:01:00	1	0	55	0	Ct	0	1	0	0	0	0	0	0	0	0	0	0	0	0	0	0	0	0	0	0	0	0	0	0	0	0	0	0	0	0	0	0	0	0
159718	9 Nov 25	10:02:00	1	0	55	0	Ct	0	1	0	0	0	0	0	0	0	0	0	0	0	0	0	0	0	1	0	0	0	0	0	0	0	0	0	0	0	0	0	0	0	0
159719	9 Nov 25	10:03:00	1	0	55	0	Ct	0	1	0	0	0	0	0	0	0	0	0	0	0	0	0	0	0	0	0	0	0	0	0	0	0	0	0	0	0	0	0	0	0	0
159720	9 Nov 25	10:04:00	1	0	55	0	Ct	0	1	0	0	0	0	0	0	0	0	0	0	0	0	0	0	0	1	0	0	0	0	0	0	0	0	0	0	0	0	0	0	0	0
159721	9 Nov 25	10:05:00	1	0	55	0	Ct	0	1	0	0	0	0	1	0	0	0	0	0	0	0	0	0	1	0	0	0	0	0	0	0	0	0	0	0	0	0	0	0	0	0
159722	9 Nov 25	10:06:00	1	0	55	0	Ct	0	1	0	0	0	0	0	0	0	0	0	0	0	0	0	0	0	0	0	0	0	0	0	0	0	0	0	0	0	0	0	0	0	0
159723	9 Nov 25	10:07:00	1	0	55	0	Ct	0	1	0	0	0	0	0	0	0	0	0	0	0	0	0	2	0	1	0	0	0	0	1	0	0	0	0	0	0	0	0	0	0	0
159724	9 Nov 25	10:08:00	1	0	55	0	Ct	0	1	0	0	0	0	0	0	0	0	0	0	0	0	0	0	1	0	0	0	0	0	2	0	0	0	0	0	0	1	0	0	0	0
159725	9 Nov 25	10:09:00	1	0	55	0	Ct	0	1	0	0	0	0	0	0	0	0	0	0	0	0	0	0	0	0	0	0	0	0	0	0	0	0	0	0	0	0	0	0	0	0
159726	9 Nov 25	10:10:00	1	0	55	0	Ct	0	1	0	0	0	0	0	0	0	0	0	0	0	0	0	0	0	0	0	0	0	0	1	0	0	0	0	0	0	0	0	0	0	0
159727	9 Nov 25	10:11:00	1	0	55	0	Ct	0	1	0	0	0	0	0	0	0	0	0	0	0	0	0	0	0	0	0	0	0	0	1	0	0	0	0	0	0	0	0	0	0	0
159728	9 Nov 25	10:12:00	1	0	55	0	Ct	0	1	0	0	0	0	0	0	0	0	0	0	0	0	1	0	0	1	0	0	0	0	0	0	0	0	0	0	0	0	0	0	0	0
159729	9 Nov 25	10:13:00	1	0	55	0	Ct	0	1	0	0	0	0	0	0	0	0	0	0	0	0	0	0	0	0	0	0	0	0	0	0	0	0	0	0	0	0	0	0	0	0
159730	9 Nov 25	10:14:00	1	0	55	0	Ct	0	1	0	0	0	0	0	0	0	0	0	0	0	0	0	0	0	2	0	0	0	0	0	0	0	0	0	0	0	0	0	0	0	0
159731	9 Nov 25	10:15:00	1	0	55	0	Ct	0	1	0	0	0	0	0	0	0	0	0	0	0	0	0	0	0	2	0	0	0	0	1	0	0	0	0	0	0	0	0	0	0	0
159732	9 Nov 25	10:16:00	1	0	55	0	Ct	0	1	0	0	0	0	0	0	0	0	0	0	0	0	0	0	0	2	0	0	0	0	1	0	0	0	0	0	0	0	0	0	0	0
159733	9 Nov 25	10:17:00	1	0	55	0	Ct	0	1	0	0	0	0	0	0	0	0	0	0	0	0	0	0	0	2	0	0	0	0	0	0	0	0	0	0	0	0	0	0	0	0
159734	9 Nov 25	10:18:00	1	0	55	0	Ct	0	1	0	0	0	0	0	0	0	0	0	0	0	0	0	0	0	2	0	0	0	0	0	0	0	0	0	0	0	0	0	0	0	0
159735	9 Nov 25	10:19:00	1	0	55	0	Ct	0	1	0	0	0	0	0	0	0	0	0	0	0	0	0	3	0	2	0	0	0	0	0	0	0	0	0	0	0	0	0	0	0	0
159736	9 Nov 25	10:20:00	1	0	55	0	Ct	0	1	0	0	0	0	0	0	0	0	0	0	0	0	0	0	0	1	0	0	0	0	0	0	0	0	0	0	0	0	0	0	0	0
159737	9 Nov 25	10:21:00	1	0	55	0	Ct	0	1	0	0	0	0	0	0	0	0	0	0	0	0	0	0	0	1	0	0	0	0	0	0	0	0	0	0	0	0	0	0	0	0
159738	9 Nov 25	10:22:00	1	0	55	0	Ct	0	1	0	0	0	0	0	0	0	0	0	0	0	0	0	0	1	1	0	0	0	0	0	0	0	0	0	0	0	0	0	0	0	0
159739	9 Nov 25	10:23:00	1	0	55	0	Ct	0	1	0	0	0	0	0	0	0	0	0	0	0	0	0	0	0	1	0	0	0	0	0	0	0	0	0	0	0	0	0	0	0	0
159740	9 Nov 25	10:24:00	1	0	55	0	Ct	0	1	0	0	0	0	0	0	0	0	0	0	0	0	0	0	0	2	0	0	0	0	1	0	0	0	0	0	0	0	0	0	0	0
159741	9 Nov 25	10:25:00	1	0	55	0	Ct	0	1	0	0	0	0	0	0	0	0	0	0	0	0	0	0	0	1	0	0	0	0	4	0	0	0	0	0	0	0	0	0	0	0
159742	9 Nov 25	10:26:00	1	0	55	0	Ct	0	1	0	0	0	0	0	0	0	0	0	0	0	0	0	0	0	2	0	0	0	0	0	0	0	0	0	0	0	0	0	0	0	0
159743	9 Nov 25	10:27:00	1	0	55	0	Ct	0	1	0	0	0	0	0	0	0	0	0	0	0	0	0	0	0	0	0	0	0	0	1	0	0	0	0	0	0	0	0	0	0	0
159744	9 Nov 25	10:28:00	1	0	55	0	Ct	0	1	0	0	0	0	0	0	0	0	0	0	0	0	0	0	0	3	0	0	0	0	1	0	0	0	0	0	0	0	0	0	0	0
159745	9 Nov 25	10:29:00	1	0	55	0	Ct	0	1	0	0	0	0	0	0	0	0	0	0	0	0	0	0	0	0	0	0	0	0	0	0	0	0	0	0	0	0	0	0	0	0
159746	9 Nov 25	10:30:00	1	0	55	0	Ct	0	1	0	0	0	0	0	0	0	0	0	0	0	0	0	0	0	1	0	0	0	0	0	0	0	0	0	0	0	0	0	0	0	0
159747	9 Nov 25	10:31:00	1	0	55	0	Ct	0	1	0	0	0	0	0	0	0	0	0	0	0	0	0	0	0	1	0	0	0	0	0	0	0	0	0	0	0	0	0	0	0	0
159748	9 Nov 25	10:32:00	1	0	55	0	Ct	0	1	0	0	0	0	0	0	0	0	0	0	0	0	0	0	0	0	0	0	0	0	0	0	0	0	0	0	0	0	0	0	0	0
159749	9 Nov 25	10:33:00	1	0	55	0	Ct	0	1	0	0	0	0	0	0	0	0	0	0	0	0	0	0	0	1	0	0	0	0	0	0	0	0	0	0	0	0	0	0	0	0
159750	9 Nov 25	10:34:00	1	0	55	0	Ct	0	1	0	0	0	0	0	0	0	0	0	0	0	0	0	0	0	1	0	0	0	0	0	0	0	0	0	0	0	0	0	0	0	0
159751	9 Nov 25	10:35:00	1	0	55	0	Ct	0	1	0	0	0	0	0	0	0	0	0	0	0	0	0	0	0	0	0	0	0	0	0	0	0	0	0	0	0	0	0	0	0	0
159752	9 Nov 25	10:36:00	1	0	55	0	Ct	0	1	0	0	0	0	0	0	0	0	0	0	0	0	0	0	0	2	0	0	0	0	2	0	0	0	0	0	0	0	0	0	0	0
159753	9 Nov 25	10:37:00	1	0	55	0	Ct	0	1	0	0	0	0	0	0	0	0	0	0	0	0	0	0	0	0	0	0	0	0	2	0	0	0	0	0	0	0	0	0	0	0
159754	9 Nov 25	10:38:00	1	0	55	0	Ct	0	1	0	0	0	0	0	0	0	0	0	0	0	0	0	0	0	0	0	0	1	0	0	0	0	0	0	0	0	0	0	0	0	0
159755	9 Nov 25	10:39:00	1	0	55	0	Ct	0	1	0	0	0	0	0	0	0	0	0	0	0	0	0	0	0	2	0	0	0	0	2	0	0	0	0	0	0	0	0	0	0	0
159756	9 Nov 25	10:40:00	1	0	55	0	Ct	0	1	0	0	0	0	0	0	0	0	0	0	0	0	0	0	0	2	0	0	0	0	0	0	0	0	0	0	0	0	0	0	0	0
159757	9 Nov 25	10:41:00	1	0	55	0	Ct	0	1	0	0	0	0	0	0	0	0	0	0	0	0	0	0	0	2	0	0	0	0	0	0	0	0	0	0	0	0	0	0	0	0
159758	9 Nov 25	10:42:00	1	0	55	0	Ct	0	1	0	0	0	0	0	0	0	0	0	0	0	0	0	0	0	0	0	0	0	0	3	0	0	0	0	0	0	0	0	0	0	0
159759	9 Nov 25	10:43:00	1	0	55	0	Ct	0	1	0	0	0	0	0	0	0	0	0	0	0	0	0	0	0	2	0	0	0	0	1	0	0	0	0	0	0	0	0	0	0	0
159760	9 Nov 25	10:44:00	1	0	55	0	Ct	0	1	0	0	0	0	0	0	0	0	0	0	0	0	0	0	0	0	0	0	0	0	0	0	0	0	0	0	0	0	0	0	0	0
159761	9 Nov 25	10:45:00	1	0	55	0	Ct	0	1	0	0	0	0	0	0	0	0	0	0	0	0	0	0	0	2	0	0	0	0	0	0	0	0	0	0	0	0	0	0	0	0
159762	9 Nov 25	10:46:00	1	0	55	0	Ct	0	1	0	0	0	0	0	0	0	0	0	0	0	0	0	0	0	0	0	0	0	0	0	0	0	0	0	0	0	0	0	0	0	0
159763	9 Nov 25	10:47:00	1	0	55	0	Ct	0	1	0	0	0	0	0	0	0	0	0	0	0	0	0	1	0	0	0	0	0	0	0	0	0	0	0	0	0	0	0	0	0	0
159764	9 Nov 25	10:48:00	1	0	55	0	Ct	0	1	0	0	0	0	0	0	0	0	0	0	0	0	0	0	0	0	0	0	0	0	0	0	0	0	0	0	0	0	0	0	0	0
159765	9 Nov 25	10:49:00	1	0	55	0	Ct	0	1	0	0	0	0	2	0	0	0	0	0	0	0	0	0	0	0	0	0	0	0	0	0	0	0	0	0	0	0	0	0	0	0
159766	9 Nov 25	10:50:00	1	0	55	0	Ct	0	1	0	0	0	0	0	0	0	0	0	0	0	0	0	0	0	0	0	0	0	0	0	0	0	0	0	0	0	0	0	0	0	0
159767	9 Nov 25	10:51:00	1	0	55	0	Ct	0	1	0	0	0	0	0	0	0	0	0	0	0	0	0	0	0	0	0	0	0	0	0	0	0	0	0	0	0	0	0	0	0	0
159768	9 Nov 25	10:52:00	1	0	55	0	Ct	0	1	0	0	0	0	0	0	0	0	0	0	0	0	0	0	0	0	0	0	0	0	2	0	0	0	0	0	0	0	0	0	0	0
159769	9 Nov 25	10:53:00	1	0	55	0	Ct	0	1	0	0	0	0	0	0	0	0	0	0	0	0	0	0	0	0	0	0	0	0	0	0	0	0	0	0	0	0	0	0	0	0
159770	9 Nov 25	10:54:00	1	0	55	0	Ct	0	1	0	0	0	0	0	0	0	0	0	0	0	0	0	0	6	0	0	0	0	0	0	0	0	0	0	0	0	0	0	0	0	0
159771	9 Nov 25	10:55:00	1	0	55	0	Ct	0	1	0	0	0	0	0	0	0	0	0	0	0	0	0	0	1	0	0	0	0	0	3	0	0	0	0	0	0	0	0	0	0	0
159772	9 Nov 25	10:56:00	1	0	55	0	Ct	0	1	0	0	0	0	0	0	0	0	0	0	0	0	0	0	0	0	0	0	0	0	0	0	0	0	0	0	0	0	0	0	0	0
159773	9 Nov 25	10:57:00	1	0	55	0	Ct	0	1	0	0	0	0	0	0	0	0	0	0	0	0	0	0	0	0	0	0	0	0	0	0	0	0	0	0	0	0	0	0	0	0
159774	9 Nov 25	10:58:00	1	0	55	0	Ct	0	1	0	0	0	0	0	0	0	0	0	0	0	0	0	0	0	0	0	0	0	0	0	0	0	0	0	0	0	0	0	0	0	0
159775	9 Nov 25	10:59:00	1	0	55	0	Ct	0	1	0	0	0	0	0	0	0	0	0	0	0	0	0	0	0	0	0	0	0	0	0	0	0	0	0	0	0	0	0	0	0	0
159776	9 Nov 25	11:00:00	1	0	55	0	Ct	0	1	0	0	0	0	0	0	0	0	0	0	0	0	0	2	0	0	0	0	0	0	0	0	0	0	0	0	0	0	0	0	0	0
159777	9 Nov 25	11:01:00	1	0	55	0	Ct	0	1	0	0	0	0	0	0	0	0	0	0	0	0	0	0	0	0	0	0	0	0	0	0	0	0	0	0	0	0	0	0	0	0
159778	9 Nov 25	11:02:00	1	0	55	0	Ct	0	1	0	0	0	0	0	0	0	0	0	0	0	0	0	0	0	0	0	0	0	0	0	0	0	0	0	0	0	0	0	0	0	0
159779	9 Nov 25	11:03:00	1	0	55	0	Ct	0	1	0	0	0	0	0	0	0	0	0	0	0	0	0	0	1	0	0	0	0	0	0	0	0	0	0	0	0	0	0	0	0	0
159780	9 Nov 25	11:04:00	1	0	55	0	Ct	0	1	0	0	0	0	0	0	0	0	0	0	0	0	0	0	1	3	0	0	0	0	0	0	0	0	0	0	0	0	0	0	0	0
159781	9 Nov 25	11:05:00	1	0	55	0	Ct	0	1	0	0	0	0	0	0	0	0	0	0	0	0	0	0	0	0	0	0	0	0	0	0	0	0	0	0	0	0	0	0	0	0
159782	9 Nov 25	11:06:00	1	0	55	0	Ct	0	1	0	0	0	0	0	0	0	0	0	0	0	0	0	0	0	0	0	0	0	0	0	0	0	0	0	0	0	0	0	0	0	0
159783	9 Nov 25	11:07:00	1	0	55	0	Ct	0	1	0	0	0	0	0	0	0	0	0	0	0	0	0	0	1	0	0	0	0	0	0	0	0	0	0	0	0	0	0	0	0	0
159784	9 Nov 25	11:08:00	1	0	55	0	Ct	0	1	0	0	0	0	0	0	0	0	0	0	0	0	0	0	0	0	0	0	0	0	0	0	0	0	0	0	0	0	0	0	0	0
159785	9 Nov 25	11:09:00	1	0	55	0	Ct	0	1	0	0	0	0	0	0	0	0	0	0	0	0	0	0	2	0	0	0	0	0	2	0	0	0	0	0	0	0	0	0	0	0
159786	9 Nov 25	11:10:00	1	0	55	0	Ct	0	1	0	0	0	0	0	0	0	0	0	0	0	0	0	0	0	0	0	0	0	0	3	0	0	0	0	0	0	0	0	0	0	0
159787	9 Nov 25	11:11:00	1	0	55	0	Ct	0	1	0	0	0	0	0	0	0	0	0	0	0	0	0	0	0	0	0	0	0	0	0	0	0	0	0	0	0	0	0	0	0	0
159788	9 Nov 25	11:12:00	1	0	55	0	Ct	0	1	0	0	0	0	0	0	0	0	0	0	0	0	0	0	0	0	0	0	0	0	0	0	0	0	0	0	0	0	0	0	0	0
159789	9 Nov 25	11:13:00	1	0	55	0	Ct	0	1	0	0	0	0	0	0	0	0	0	0	0	0	0	0	0	0	0	0	0	0	0	0	0	0	0	0	0	0	0	0	0	0
159790	9 Nov 25	11:14:00	1	0	55	0	Ct	0	1	0	0	0	0	0	0	0	0	0	0	0	0	0	0	0	0	0	0	0	0	5	0	0	0	0	0	0	0	0	0	0	0
159791	9 Nov 25	11:15:00	1	0	55	0	Ct	0	1	0	0	0	0	0	0	0	0	0	0	0	0	0	0	0	0	0	0	2	0	0	0	0	0	0	0	0	0	0	0	0	0
159792	9 Nov 25	11:16:00	1	0	55	0	Ct	0	1	0	0	0	0	0	0	0	0	0	0	0	0	0	0	0	0	0	0	3	0	0	0	0	0	0	0	0	0	0	0	0	0
159793	9 Nov 25	11:17:00	1	0	55	0	Ct	0	1	0	0	0	0	0	0	0	0	0	0	0	0	0	0	0	0	0	0	0	0	0	0	0	0	0	0	0	0	0	0	0	0
159794	9 Nov 25	11:18:00	1	0	55	0	Ct	0	1	0	0	0	0	0	0	0	0	0	0	0	0	0	0	0	0	0	0	0	0	0	0	0	0	0	0	0	0	0	0	0	0
159795	9 Nov 25	11:19:00	1	0	55	0	Ct	0	1	0	0	0	0	0	0	0	0	0	0	0	0	0	0	0	0	0	0	0	0	0	0	0	0	0	0	0	0	0	0	0	0
159796	9 Nov 25	11:20:00	1	0	55	0	Ct	0	1	0	0	0	0	0	0	0	0	0	0	0	0	0	0	0	0	0	0	0	0	0	0	0	0	0	0	0	0	0	0	0	0
159797	9 Nov 25	11:21:00	1	0	55	0	Ct	0	1	0	0	0	0	0	0	0	0	0	0	0	0	0	0	0	0	0	0	0	0	0	0	0	0	0	0	0	0	0	0	0	0
159798	9 Nov 25	11:22:00	1	0	55	0	Ct	0	1	0	0	0	0	0	0	0	0	0	0	0	0	0	0	0	0	0	0	0	0	0	0	0	0	0	0	0	0	0	0	0	0
159799	9 Nov 25	11:23:00	1	0	55	0	Ct	0	1	0	0	0	0	0	0	0	0	0	0	0	0	0	0	0	0	0	0	0	0	0	0	0	0	0	0	0	0	0	0	0	0
159800	9 Nov 25	11:24:00	1	0	55	0	Ct	0	1	0	0	0	0	0	0	0	0	0	0	0	0	0	0	0	0	0	0	0	0	0	0	0	0	0	0	0	0	0	0	0	0
159801	9 Nov 25	11:25:00	1	0	55	0	Ct	0	1	0	0	0	0	0	0	0	0	0	0	0	0	0	0	0	0	0	0	0	0	0	0	0	0	0	0	0	0	0	0	0	0
159802	9 Nov 25	11:26:00	1	0	55	0	Ct	0	1	0	0	0	0	0	0	0	0	0	0	0	0	0	0	0	0	0	0	0	0	0	0	0	0	0	0	0	0	0	0	0	0
159803	9 Nov 25	11:27:00	1	0	55	0	Ct	0	1	0	0	0	0	0	0	0	0	0	0	0	0	0	0	0	0	0	0	0	0	0	0	0	0	0	0	0	0	0	0	0	0
159804	9 Nov 25	11:28:00	1	0	55	0	Ct	0	1	0	0	0	0	0	0	0	0	0	0	0	0	0	0	0	0	0	0	0	0	0	0	0	0	0	0	0	0	0	0	0	0
159805	9 Nov 25	11:29:00	1	0	55	0	Ct	0	1	0	0	0	0	0	0	0	0	0	0	0	0	0	0	0	0	0	0	0	0	1	0	0	0	0	0	0	0	0	0	0	0
159806	9 Nov 25	11:30:00	1	0	55	0	Ct	0	1	0	0	0	0	0	0	0	0	0	0	0	0	0	0	0	0	0	0	0	0	1	0	0	0	0	0	0	0	0	0	0	0
159807	9 Nov 25	11:31:00	1	0	55	0	Ct	0	1	0	0	0	0	0	0	0	0	0	0	0	0	0	0	0	0	0	0	0	0	0	0	0	0	0	0	0	0	1	0	0	0
159808	9 Nov 25	11:32:00	1	0	55	0	Ct	0	1	0	0	0	0	0	0	0	0	0	0	0	0	0	0	0	0	0	0	0	0	0	0	0	0	0	0	0	0	13	0	0	0
159809	9 Nov 25	11:33:00	1	0	55	0	Ct	0	1	0	0	0	0	0	0	0	0	0	0	0	0	0	0	0	0	0	0	0	0	0	0	0	0	0	0	0	0	0	0	0	0
159810	9 Nov 25	11:34:00	1	0	55	0	Ct	0	1	0	0	0	0	0	0	0	0	0	0	0	0	0	0	0	0	0	0	0	0	0	0	0	0	0	0	0	0	0	0	0	0
159811	9 Nov 25	11:35:00	1	0	55	0	Ct	0	1	0	0	0	0	0	0	0	0	0	0	0	0	0	0	0	0	0	0	0	0	2	0	0	0	0	0	0	0	0	0	0	0
159812	9 Nov 25	11:36:00	1	0	55	0	Ct	0	1	0	0	0	0	0	0	0	0	0	0	0	0	0	0	0	0	0	0	0	0	0	0	0	0	0	0	0	0	0	0	0	0
159813	9 Nov 25	11:37:00	1	0	55	0	Ct	0	1	0	0	0	0	0	0	0	0	0	0	0	0	0	0	0	0	0	0	0	0	0	0	0	0	0	0	0	0	0	0	0	0
159814	9 Nov 25	11:38:00	1	0	55	0	Ct	0	1	0	0	0	0	0	0	0	0	0	0	0	0	0	0	0	0	0	0	0	0	0	0	0	0	0	0	0	0	0	0	0	0
159815	9 Nov 25	11:39:00	1	0	55	0	Ct	0	1	0	0	0	0	0	0	0	0	0	0	0	0	0	0	3	0	0	0	0	0	0	0	0	0	0	0	0	0	0	0	0	0
159816	9 Nov 25	11:40:00	1	0	55	0	Ct	0	1	0	0	0	0	0	0	0	0	0	0	0	0	0	0	0	0	0	0	0	0	0	0	0	0	0	0	0	0	0	0	0	0
159817	9 Nov 25	11:41:00	1	0	55	0	Ct	0	1	0	0	0	0	0	0	0	0	0	0	0	0	0	0	2	0	0	0	0	0	0	0	0	0	0	0	0	0	0	0	0	0
159818	9 Nov 25	11:42:00	1	0	55	0	Ct	0	1	0	0	0	0	0	0	0	0	0	0	0	0	0	0	0	0	0	0	0	0	0	0	0	0	0	0	0	0	0	0	0	0
159819	9 Nov 25	11:43:00	1	0	55	0	Ct	0	1	0	0	0	0	0	0	0	0	0	0	0	0	0	0	1	0	0	0	0	0	0	0	0	0	0	0	0	0	0	0	0	0
159820	9 Nov 25	11:44:00	1	0	55	0	Ct	0	1	0	0	0	0	0	0	0	0	0	0	0	0	0	0	5	0	0	0	0	0	2	0	0	0	0	0	0	0	0	0	0	0
159821	9 Nov 25	11:45:00	1	0	55	0	Ct	0	1	0	0	0	0	0	0	0	0	0	0	0	0	0	0	0	0	0	0	0	0	0	0	0	0	0	0	0	0	0	0	0	0
159822	9 Nov 25	11:46:00	1	0	55	0	Ct	0	1	0	0	0	0	0	0	0	0	0	0	0	0	0	0	0	0	0	0	0	0	0	0	0	0	0	0	0	0	0	0	0	0
159823	9 Nov 25	11:47:00	1	0	55	0	Ct	0	1	0	0	0	0	0	0	0	0	0	0	0	0	0	0	0	0	0	0	0	0	0	0	0	0	0	0	0	0	0	0	0	0
159824	9 Nov 25	11:48:00	1	0	55	0	Ct	0	1	0	0	0	0	0	0	0	0	0	0	0	0	0	0	0	0	0	0	0	0	0	0	0	0	0	0	0	0	0	0	0	0
159825	9 Nov 25	11:49:00	1	0	55	0	Ct	0	1	0	0	0	0	0	0	0	0	0	0	0	0	0	0	0	0	0	0	0	0	0	0	0	0	0	0	0	0	0	0	0	0
159826	9 Nov 25	11:50:00	1	0	55	0	Ct	0	1	0	0	0	0	0	0	0	0	0	0	0	0	0	0	0	0	0	0	0	0	0	0	0	0	0	0	0	0	0	0	0	0
159827	9 Nov 25	11:51:00	1	0	55	0	Ct	0	1	0	0	0	0	0	0	0	0	0	0	0	0	0	0	0	0	0	0	0	0	0	0	0	0	0	0	0	0	0	0	0	0
159828	9 Nov 25	11:52:00	1	0	55	0	Ct	0	1	0	0	0	0	0	0	0	0	0	0	0	0	0	0	0	0	0	0	0	0	0	0	0	0	0	0	0	0	0	0	0	0
159829	9 Nov 25	11:53:00	1	0	55	0	Ct	0	1	0	0	0	0	0	0	0	0	0	0	0	0	0	0	0	0	0	0	0	0	0	0	0	0	0	0	0	0	0	0	0	0
159830	9 Nov 25	11:54:00	1	0	55	0	Ct	0	1	0	0	0	0	0	0	0	0	0	0	0	0	0	0	0	0	0	0	0	0	2	0	0	0	0	0	0	0	0	0	0	0
159831	9 Nov 25	11:55:00	1	0	55	0	Ct	0	1	0	0	0	0	0	0	0	0	0	0	0	0	0	0	0	0	0	0	0	0	1	0	0	0	0	0	0	0	0	0	0	0
159832	9 Nov 25	11:56:00	1	0	55	0	Ct	0	1	0	0	0	0	0	0	0	0	0	0	0	0	0	0	0	0	0	0	0	0	0	0	0	0	0	0	0	0	0	0	0	0
159833	9 Nov 25	11:57:00	1	0	55	0	Ct	0	1	0	0	0	0	0	0	0	0	0	0	0	0	0	0	0	0	0	0	0	0	2	0	0	0	0	0	0	0	0	0	0	0
159834	9 Nov 25	11:58:00	1	0	55	0	Ct	0	1	0	0	0	0	0	0	0	0	0	0	0	0	0	0	0	0	0	0	0	0	2	0	0	0	0	0	0	0	0	0	0	0
159835	9 Nov 25	11:59:00	1	0	55	0	Ct	0	1	0	0	0	0	0	0	0	0	0	0	0	0	0	0	0	0	0	0	0	0	2	0	0	0	0	0	0	0	0	0	0	0
159836	9 Nov 25	12:00:00	1	0	55	0	Ct	0	1	0	0	0	0	0	0	0	0	0	0	0	0	0	0	0	0	0	0	0	0	10	0	0	0	0	0	0	0	0	0	0	0
159837	9 Nov 25	12:01:00	1	0	55	0	Ct	0	1	0	0	0	0	0	0	0	0	0	0	0	0	0	2	0	0	0	0	0	0	1	0	0	0	0	0	0	0	0	0	0	0
159838	9 Nov 25	12:02:00	1	0	55	0	Ct	0	1	0	0	0	0	0	0	0	0	0	0	0	0	0	1	0	0	0	0	0	0	0	0	0	0	0	0	0	0	0	0	0	0
159839	9 Nov 25	12:03:00	1	0	55	0	Ct	0	1	0	0	0	0	0	0	0	0	0	0	0	0	0	0	0	0	0	0	0	0	0	0	0	0	0	0	0	0	0	0	0	0
159840	9 Nov 25	12:04:00	1	0	55	0	Ct	0	1	0	0	0	0	0	0	0	0	0	0	0	0	0	0	0	0	0	0	0	0	0	0	0	0	0	0	0	0	0	0	0	0
159841	9 Nov 25	12:05:00	1	0	55	0	Ct	0	1	0	0	0	0	0	0	0	0	0	0	0	0	0	0	0	0	0	0	0	0	0	0	0	0	0	0	0	0	0	0	0	0
159842	9 Nov 25	12:06:00	1	0	55	0	Ct	0	1	0	0	0	0	0	0	0	0	0	0	0	0	0	0	0	0	0	0	0	0	0	0	0	0	0	0	0	0	0	0	0	0
159843	9 Nov 25	12:07:00	1	0	55	0	Ct	0	1	0	0	0	0	0	0	0	0	0	0	0	0	0	0	0	0	0	0	0	0	0	0	0	0	0	0	0	0	0	0	0	0
159844	9 Nov 25	12:08:00	1	0	55	0	Ct	0	1	0	0	0	0	0	0	0	0	0	0	0	0	0	0	0	0	0	0	0	0	0	0	0	0	0	0	0	0	0	0	0	0
159845	9 Nov 25	12:09:00	1	0	55	0	Ct	0	1	0	0	0	0	0	0	0	0	0	0	0	0	0	0	0	0	0	0	0	0	0	0	0	0	0	0	0	0	0	0	0	0
159846	9 Nov 25	12:10:00	1	0	55	0	Ct	0	1	0	0	0	0	0	0	0	0	0	0	0	0	0	0	0	0	0	0	0	0	0	0	0	0	0	0	0	0	0	0	0	0
159847	9 Nov 25	12:11:00	1	0	55	0	Ct	0	1	0	0	0	0	0	0	0	0	0	0	0	0	0	0	0	0	0	0	0	0	0	0	0	0	0	0	0	0	0	0	0	0
159848	9 Nov 25	12:12:00	1	0	55	0	Ct	0	1	0	0	0	0	0	0	0	0	0	0	0	0	0	0	0	0	0	0	0	0	0	0	0	0	0	0	0	0	0	0	0	0
159849	9 Nov 25	12:13:00	1	0	55	0	Ct	0	1	0	0	0	0	0	0	0	0	0	0	0	0	0	2	0	0	0	0	0	0	0	0	0	0	0	0	0	0	0	0	0	0
159850	9 Nov 25	12:14:00	1	0	55	0	Ct	0	1	0	0	0	0	0	0	0	0	0	0	0	0	0	0	0	0	0	0	0	0	0	0	0	0	0	0	0	0	0	0	0	0
159851	9 Nov 25	12:15:00	1	0	55	0	Ct	0	1	0	0	0	0	0	0	0	0	0	0	0	0	0	0	0	0	0	0	0	0	0	0	0	0	0	0	0	0	0	0	0	0
159852	9 Nov 25	12:16:00	1	0	55	0	Ct	0	1	0	0	0	0	0	0	0	0	0	0	0	0	0	0	0	0	0	0	0	0	0	0	0	0	0	0	0	0	0	0	0	0
159853	9 Nov 25	12:17:00	1	0	55	0	Ct	0	1	0	0	0	0	0	0	0	0	0	0	0	0	0	0	0	0	0	0	0	0	0	0	0	0	0	0	0	0	0	0	0	0
159854	9 Nov 25	12:18:00	1	0	55	0	Ct	0	1	0	0	0	0	0	0	0	0	0	0	0	0	0	0	0	0	0	0	0	0	0	0	0	0	0	0	0	0	0	0	0	0
159855	9 Nov 25	12:19:00	1	0	55	0	Ct	0	1	0	0	0	0	0	0	0	0	0	0	0	0	0	0	0	0	0	0	0	0	2	0	0	0	0	0	0	0	0	0	0	0
159856	9 Nov 25	12:20:00	1	0	55	0	Ct	0	1	0	0	0	0	0	0	0	0	0	0	0	0	0	0	0	0	0	0	0	0	0	0	0	0	0	0	0	0	0	0	0	0
159857	9 Nov 25	12:21:00	1	0	55	0	Ct	0	1	0	0	0	0	0	0	0	0	0	0	0	0	0	0	0	0	0	0	0	0	0	0	0	0	0	0	0	0	0	0	0	0
159858	9 Nov 25	12:22:00	1	0	55	0	Ct	0	1	0	0	0	0	0	0	0	0	0	0	0	0	0	0	0	0	0	0	0	0	0	0	0	0	0	0	0	0	0	0	0	0
159859	9 Nov 25	12:23:00	1	0	55	0	Ct	0	1	0	0	0	0	0	0	0	0	0	0	0	0	0	0	0	0	0	0	0	0	0	0	0	0	0	0	0	0	0	0	0	0
159860	9 Nov 25	12:24:00	1	0	55	0	Ct	0	1	0	0	0	0	0	0	0	0	0	0	0	0	0	0	0	0	0	0	0	0	0	0	0	0	0	0	0	0	0	0	0	0
159861	9 Nov 25	12:25:00	1	0	55	0	Ct	0	1	0	0	0	0	0	0	0	0	0	0	0	0	0	0	0	0	0	0	0	0	0	0	0	0	0	0	0	0	0	0	0	0
159862	9 Nov 25	12:26:00	1	0	55	0	Ct	0	1	0	0	0	0	0	0	0	0	0	0	0	0	0	0	0	0	0	0	0	0	0	0	0	0	0	0	0	0	0	0	0	0
159863	9 Nov 25	12:27:00	1	0	55	0	Ct	0	1	0	0	0	0	0	0	0	0	0	0	0	0	0	0	0	0	0	0	0	0	0	0	0	0	0	0	0	0	0	0	0	0
159864	9 Nov 25	12:28:00	1	0	55	0	Ct	0	1	0	0	0	0	0	0	0	0	0	0	0	0	0	0	0	0	0	0	0	0	0	0	0	0	0	0	0	0	0	0	0	0
159865	9 Nov 25	12:29:00	1	0	55	0	Ct	0	1	0	0	0	0	0	0	0	0	0	0	0	0	0	0	0	0	0	0	0	0	0	0	0	0	0	0	0	0	0	0	0	0
159866	9 Nov 25	12:30:00	1	0	55	0	Ct	0	1	0	0	0	0	0	0	0	0	0	0	0	0	0	0	0	0	0	0	0	0	0	0	0	0	0	0	0	0	0	0	0	0
159867	9 Nov 25	12:31:00	1	0	55	0	Ct	0	1	0	0	0	0	0	0	0	0	0	0	0	0	0	0	0	0	0	0	0	0	2	0	0	0	0	0	0	0	0	0	0	0
159868	9 Nov 25	12:32:00	1	0	55	0	Ct	0	1	0	0	0	0	0	0	0	0	0	0	0	0	0	0	0	0	0	0	0	0	0	0	0	0	0	0	0	0	0	0	0	0
159869	9 Nov 25	12:33:00	1	0	55	0	Ct	0	1	0	0	0	0	0	0	0	0	0	0	0	0	0	0	3	0	0	0	0	0	0	0	0	0	0	0	0	0	0	0	0	0
159870	9 Nov 25	12:34:00	1	0	55	0	Ct	0	1	0	0	0	0	0	0	0	0	0	0	0	0	0	0	0	0	0	0	0	0	0	0	0	0	0	0	0	0	0	0	0	0
159871	9 Nov 25	12:35:00	1	0	55	0	Ct	0	1	0	0	0	0	0	0	0	0	0	0	0	0	0	0	0	0	0	0	0	0	0	0	0	0	0	0	0	0	0	0	0	0
159872	9 Nov 25	12:36:00	1	0	55	0	Ct	0	1	0	0	0	0	0	0	0	0	0	0	0	0	0	0	0	0	0	0	0	0	0	0	0	0	0	0	0	0	0	0	0	0
159873	9 Nov 25	12:37:00	1	0	55	0	Ct	0	1	0	0	0	0	0	0	0	0	0	0	0	0	0	0	0	0	0	0	0	0	0	0	0	0	0	1	0	0	0	0	0	0
159874	9 Nov 25	12:38:00	1	0	55	0	Ct	0	1	0	0	0	0	0	0	0	0	0	0	0	0	0	0	0	0	0	0	0	0	0	0	0	0	0	0	0	0	0	0	0	0
159875	9 Nov 25	12:39:00	1	0	55	0	Ct	0	1	0	0	0	0	0	0	0	0	0	0	0	0	0	0	0	0	0	0	0	0	0	0	0	0	0	0	0	0	0	0	0	0
159876	9 Nov 25	12:40:00	1	0	55	0	Ct	0	1	0	0	0	0	0	0	0	0	0	0	0	0	0	0	0	0	0	0	0	0	0	0	0	0	0	0	0	0	0	0	0	0
159877	9 Nov 25	12:41:00	1	0	55	0	Ct	0	1	0	0	0	0	0	0	0	0	0	0	0	0	0	0	0	0	0	0	0	0	0	0	0	0	0	0	0	0	0	0	0	0
159878	9 Nov 25	12:42:00	1	0	55	0	Ct	0	1	0	0	0	0	0	0	0	0	0	0	0	0	0	0	0	0	0	0	0	0	0	0	0	0	0	0	0	0	0	0	0	0
159879	9 Nov 25	12:43:00	1	0	55	0	Ct	0	1	0	0	0	0	0	0	0	0	0	0	0	0	0	0	0	0	0	0	0	0	0	0	0	0	0	0	0	0	0	0	0	0
159880	9 Nov 25	12:44:00	1	0	55	0	Ct	0	1	0	0	0	0	0	0	0	0	0	0	0	0	0	0	0	0	0	0	0	0	0	0	0	0	0	0	0	0	0	0	0	0
159881	9 Nov 25	12:45:00	1	0	55	0	Ct	0	1	0	0	0	0	0	0	0	0	0	0	0	0	0	0	0	0	0	0	0	0	0	0	0	0	0	0	0	0	0	0	0	0
159882	9 Nov 25	12:46:00	1	0	55	0	Ct	0	1	0	0	0	0	0	0	0	0	0	0	0	0	0	0	0	0	0	0	0	0	0	0	0	0	0	0	0	0	0	0	0	0
159883	9 Nov 25	12:47:00	1	0	55	0	Ct	0	1	0	0	0	0	0	0	0	0	0	0	0	0	0	0	0	0	0	0	0	0	0	0	0	0	0	0	0	0	0	0	0	0
159884	9 Nov 25	12:48:00	1	0	55	0	Ct	0	1	0	0	0	0	0	0	0	0	0	0	0	0	0	0	0	0	0	0	0	0	0	0	0	0	0	0	0	0	0	0	0	0
159885	9 Nov 25	12:49:00	1	0	55	0	Ct	0	1	0	0	0	0	0	0	0	0	0	0	0	0	0	0	0	0	0	0	0	0	0	0	0	0	0	0	0	0	0	0	0	0
159886	9 Nov 25	12:50:00	1	0	55	0	Ct	0	1	0	0	0	0	0	0	0	0	0	0	0	0	0	0	0	0	0	0	1	0	0	0	0	0	0	0	0	0	0	0	0	0
159887	9 Nov 25	12:51:00	1	0	55	0	Ct	0	1	0	0	0	0	0	0	0	0	0	0	0	0	0	0	0	0	0	0	1	0	2	0	0	0	0	0	0	0	0	0	0	0
159888	9 Nov 25	12:52:00	1	0	55	0	Ct	0	1	0	0	0	0	0	0	0	0	0	0	0	0	0	0	0	0	0	0	2	0	2	0	0	0	0	0	0	0	0	0	0	0
159889	9 Nov 25	12:53:00	1	0	55	0	Ct	0	1	0	0	0	0	0	0	0	0	0	0	0	0	0	0	0	0	0	0	2	0	3	0	0	0	0	0	0	0	0	0	0	0
159890	9 Nov 25	12:54:00	1	0	55	0	Ct	0	1	0	0	0	0	0	0	0	0	0	0	0	0	0	0	0	0	0	0	0	0	3	0	0	0	0	0	0	0	0	0	0	0
159891	9 Nov 25	12:55:00	1	0	55	0	Ct	0	1	0	0	0	0	0	0	0	0	0	0	0	0	0	0	0	0	0	0	0	0	1	0	0	0	0	0	0	0	0	0	0	0
159892	9 Nov 25	12:56:00	1	0	55	0	Ct	0	1	0	0	0	0	0	0	0	0	0	0	0	0	0	0	0	0	0	0	0	0	0	0	0	0	0	0	0	0	0	0	0	0
159893	9 Nov 25	12:57:00	1	0	55	0	Ct	0	1	0	0	0	0	0	0	0	0	0	0	0	0	0	0	0	0	0	0	1	0	0	0	0	0	0	0	0	0	0	0	0	0
159894	9 Nov 25	12:58:00	1	0	55	0	Ct	0	1	0	0	0	0	0	0	0	0	0	0	0	0	0	0	0	0	0	0	1	0	0	0	0	0	0	0	0	0	0	0	0	0
159895	9 Nov 25	12:59:00	1	0	55	0	Ct	0	1	0	0	0	0	0	0	0	0	0	0	0	0	0	0	0	0	0	0	0	0	3	0	0	0	0	0	0	0	0	0	0	0
159896	9 Nov 25	13:00:00	1	0	55	0	Ct	0	1	0	0	0	0	0	0	0	0	0	0	0	0	0	0	0	0	0	0	0	0	0	0	0	0	0	0	0	0	0	0	0	0
159897	9 Nov 25	13:01:00	1	0	55	0	Ct	0	1	0	0	0	0	0	0	0	0	0	0	0	0	0	0	0	0	0	0	0	0	0	0	0	0	0	0	0	0	0	0	0	0
159898	9 Nov 25	13:02:00	1	0	55	0	Ct	0	1	0	0	0	0	0	0	0	0	0	0	0	0	0	0	0	0	0	0	0	0	0	0	0	0	0	0	0	0	0	0	0	0
159899	9 Nov 25	13:03:00	1	0	55	0	Ct	0	1	0	0	0	0	0	0	0	0	0	0	0	0	0	0	0	0	0	0	0	0	0	0	0	0	0	0	0	0	0	0	0	0
159900	9 Nov 25	13:04:00	1	0	55	0	Ct	0	1	0	0	0	0	0	0	0	0	0	0	0	0	0	0	0	0	0	0	0	0	0	0	0	0	0	0	0	0	0	0	0	0
159901	9 Nov 25	13:05:00	1	0	55	0	Ct	0	1	0	0	0	0	0	0	0	0	0	0	0	0	0	0	0	0	0	0	0	0	0	0	0	0	0	0	0	0	0	0	0	0
159902	9 Nov 25	13:06:00	1	0	55	0	Ct	0	1	0	0	0	0	0	0	0	0	0	0	0	0	0	0	0	0	0	0	0	0	0	0	0	0	0	0	0	0	0	0	0	0
159903	9 Nov 25	13:07:00	1	0	55	0	Ct	0	1	0	0	0	0	0	0	0	0	0	0	0	0	0	0	0	0	0	0	0	0	0	0	0	0	0	0	0	0	0	0	0	0
159904	9 Nov 25	13:08:00	1	0	55	0	Ct	0	1	0	0	0	0	0	0	0	0	0	0	0	0	0	0	0	0	0	0	2	0	0	0	0	0	0	0	0	0	0	0	0	0
159905	9 Nov 25	13:09:00	1	0	55	0	Ct	0	1	0	0	0	0	0	0	0	0	0	0	0	0	0	0	0	0	0	0	0	0	0	0	0	0	0	0	0	0	0	0	0	0
159906	9 Nov 25	13:10:00	1	0	55	0	Ct	0	1	0	0	0	0	0	0	0	0	0	0	0	0	0	0	0	0	0	0	0	0	0	0	0	0	0	0	0	0	0	0	0	0
159907	9 Nov 25	13:11:00	1	0	55	0	Ct	0	1	0	0	0	0	0	0	0	0	0	0	0	0	0	0	0	0	0	0	0	0	0	0	0	0	0	0	0	0	0	0	0	0
159908	9 Nov 25	13:12:00	1	0	55	0	Ct	0	1	0	0	0	0	0	0	0	0	0	0	0	0	0	0	0	0	0	0	0	0	2	0	0	0	0	0	0	0	0	0	0	0
159909	9 Nov 25	13:13:00	1	0	55	0	Ct	0	1	0	0	0	0	0	0	0	0	0	0	0	0	0	0	0	0	0	0	0	0	0	0	0	0	0	0	0	0	0	0	0	0
159910	9 Nov 25	13:14:00	1	0	55	0	Ct	0	1	0	0	0	0	0	0	0	0	0	0	0	0	0	0	0	0	0	0	0	0	0	0	0	0	0	0	0	0	0	0	0	0
159911	9 Nov 25	13:15:00	1	0	55	0	Ct	0	1	0	0	0	0	0	0	0	0	0	0	0	0	0	1	0	0	0	0	0	0	0	0	0	0	0	0	0	0	0	0	0	0
159912	9 Nov 25	13:16:00	1	0	55	0	Ct	0	1	0	0	0	0	0	0	0	0	0	0	0	0	0	0	0	0	0	0	0	0	0	0	0	0	0	0	0	0	0	0	0	0
159913	9 Nov 25	13:17:00	1	0	55	0	Ct	0	1	0	0	0	0	0	0	0	0	0	0	0	0	0	0	0	0	0	0	0	0	0	0	0	0	0	0	0	0	0	0	0	0
159914	9 Nov 25	13:18:00	1	0	55	0	Ct	0	1	0	0	0	0	0	0	0	0	0	0	0	0	0	0	0	0	0	0	0	0	0	0	0	0	0	0	0	0	0	0	0	0
159915	9 Nov 25	13:19:00	1	0	55	0	Ct	0	1	0	0	0	0	0	0	0	0	0	0	0	0	0	0	0	0	0	0	0	0	0	0	0	0	0	0	0	0	0	0	0	0
159916	9 Nov 25	13:20:00	1	0	55	0	Ct	0	1	0	0	0	0	0	0	0	0	0	0	0	0	0	0	0	0	0	0	0	0	1	0	0	0	0	0	0	0	0	0	0	0
159917	9 Nov 25	13:21:00	1	0	55	0	Ct	0	1	0	0	0	0	0	0	0	0	0	0	0	0	0	0	0	0	0	0	0	0	1	0	0	0	0	0	0	0	0	0	0	0
159918	9 Nov 25	13:22:00	1	0	55	0	Ct	0	1	0	0	0	0	0	0	0	0	0	0	0	0	0	0	0	0	0	0	0	0	0	0	0	0	0	0	0	0	0	0	0	0
159919	9 Nov 25	13:23:00	1	0	55	0	Ct	0	1	0	0	0	0	0	0	0	0	0	0	0	0	0	0	0	0	0	0	0	0	1	0	0	0	0	0	0	0	0	0	0	0
159920	9 Nov 25	13:24:00	1	0	55	0	Ct	0	1	0	0	0	0	0	0	0	0	0	0	0	0	0	0	0	0	0	0	0	0	1	0	0	0	0	0	0	0	0	0	0	0
159921	9 Nov 25	13:25:00	1	0	55	0	Ct	0	1	0	0	0	0	0	0	0	0	0	0	0	0	0	0	0	0	0	0	0	0	0	0	0	0	0	0	0	0	0	0	0	0
159922	9 Nov 25	13:26:00	1	0	55	0	Ct	0	1	0	0	0	0	0	0	0	0	0	0	0	0	0	0	0	0	0	0	2	0	0	0	0	0	0	0	0	0	0	0	0	0
159923	9 Nov 25	13:27:00	1	0	55	0	Ct	0	1	0	0	0	0	0	0	0	0	0	0	0	0	0	0	0	0	0	0	1	0	0	0	0	0	0	0	0	0	0	0	0	0
159924	9 Nov 25	13:28:00	1	0	55	0	Ct	0	1	0	0	0	0	0	0	0	0	0	0	0	0	0	0	0	0	0	0	1	0	0	0	0	0	0	0	0	0	0	0	0	0
159925	9 Nov 25	13:29:00	1	0	55	0	Ct	0	1	0	0	0	0	0	0	0	0	0	0	0	0	0	0	0	0	0	0	1	0	0	0	0	0	0	0	0	0	0	0	0	0
159926	9 Nov 25	13:30:00	1	0	55	0	Ct	0	1	0	0	0	0	0	0	0	0	0	0	0	0	0	0	0	0	0	0	0	0	4	0	0	0	0	0	0	0	0	0	0	0
159927	9 Nov 25	13:31:00	1	0	55	0	Ct	0	1	0	0	0	0	0	0	0	0	0	0	0	0	0	0	0	0	0	0	0	0	1	0	0	0	0	0	0	0	0	0	0	0
159928	9 Nov 25	13:32:00	1	0	55	0	Ct	0	1	0	0	0	0	0	0	0	0	0	0	0	0	0	0	0	0	0	0	0	0	0	0	0	0	0	0	0	0	0	0	0	0
159929	9 Nov 25	13:33:00	1	0	55	0	Ct	0	1	0	0	0	0	0	0	0	0	0	0	0	0	0	0	0	0	0	0	0	0	0	0	0	0	0	0	0	0	0	0	0	0
159930	9 Nov 25	13:34:00	1	0	55	0	Ct	0	1	0	0	0	0	0	0	0	0	0	0	0	0	0	0	2	0	0	0	0	0	0	0	0	0	0	0	0	0	0	0	0	0
159931	9 Nov 25	13:35:00	1	0	55	0	Ct	0	1	0	0	0	0	0	0	0	0	0	0	0	0	0	0	0	0	0	0	0	0	0	0	0	0	0	0	0	0	0	0	0	0
159932	9 Nov 25	13:36:00	1	0	55	0	Ct	0	1	0	0	0	0	0	0	0	0	0	0	0	0	0	0	0	0	0	0	0	0	2	0	0	0	0	0	0	0	0	0	0	0
159933	9 Nov 25	13:37:00	1	0	55	0	Ct	0	1	0	0	0	0	0	0	0	0	0	0	0	0	0	0	0	0	0	0	0	0	0	0	0	0	0	0	0	0	0	0	0	0
159934	9 Nov 25	13:38:00	1	0	55	0	Ct	0	1	0	0	0	0	0	0	0	0	0	0	0	0	0	0	0	0	0	0	0	0	0	0	0	0	0	0	0	0	0	0	0	0
159935	9 Nov 25	13:39:00	1	0	55	0	Ct	0	1	0	0	0	0	0	0	0	0	0	0	0	0	0	0	0	0	0	0	0	0	0	0	0	0	0	0	0	0	0	0	0	0
159936	9 Nov 25	13:40:00	1	0	55	0	Ct	0	1	0	0	0	0	0	0	0	0	0	0	0	0	0	0	0	0	0	0	0	0	0	0	0	0	0	0	0	0	0	0	0	0
159937	9 Nov 25	13:41:00	1	0	55	0	Ct	0	1	0	0	0	0	0	0	0	0	0	0	0	0	0	0	0	0	0	0	0	0	0	0	0	0	0	0	0	0	0	0	0	0
159938	9 Nov 25	13:42:00	1	0	55	0	Ct	0	1	0	0	0	0	0	0	0	0	0	0	0	0	0	0	0	0	0	0	0	0	0	0	0	0	0	0	0	0	0	0	0	0
159939	9 Nov 25	13:43:00	1	0	55	0	Ct	0	1	0	0	0	0	0	0	0	0	0	0	0	0	0	0	0	0	0	0	0	0	0	0	0	0	0	0	0	0	0	0	0	0
159940	9 Nov 25	13:44:00	1	0	55	0	Ct	0	1	0	0	0	0	0	0	0	0	0	0	0	0	0	0	0	0	0	0	0	0	0	0	0	0	0	0	0	0	0	0	0	0
159941	9 Nov 25	13:45:00	1	0	55	0	Ct	0	1	0	0	0	0	0	0	0	0	0	0	0	0	0	0	0	0	0	0	0	0	0	0	0	0	0	0	0	0	0	0	0	0
159942	9 Nov 25	13:46:00	1	0	55	0	Ct	0	1	0	0	0	0	0	0	0	0	0	0	0	0	0	0	0	0	0	0	0	0	0	0	0	0	0	0	0	0	0	0	0	0
159943	9 Nov 25	13:47:00	1	0	55	0	Ct	0	1	0	0	0	0	0	0	0	0	0	0	0	0	0	0	0	0	0	0	0	0	0	0	0	0	0	0	0	0	0	0	0	0
159944	9 Nov 25	13:48:00	1	0	55	0	Ct	0	1	0	0	0	0	0	0	0	0	0	0	0	0	0	0	0	0	0	0	2	0	0	0	0	0	0	0	0	0	0	0	0	0
159945	9 Nov 25	13:49:00	1	0	55	0	Ct	0	1	0	0	0	0	0	0	0	0	0	0	0	0	0	0	0	0	0	0	0	0	0	0	0	0	0	0	0	0	0	0	0	0
159946	9 Nov 25	13:50:00	1	0	55	0	Ct	0	1	0	0	0	0	0	0	0	0	0	0	0	0	0	0	0	0	0	0	0	0	0	0	0	0	0	0	0	0	0	0	0	0
159947	9 Nov 25	13:51:00	1	0	55	0	Ct	0	1	0	0	0	0	0	0	0	0	0	0	0	0	0	0	0	0	0	0	0	0	0	0	0	0	0	0	0	0	0	0	0	0
159948	9 Nov 25	13:52:00	1	0	55	0	Ct	0	1	0	0	0	0	0	0	0	0	0	0	0	0	0	0	0	0	0	0	0	0	0	0	0	0	0	0	0	0	0	0	0	0
159949	9 Nov 25	13:53:00	1	0	55	0	Ct	0	1	0	0	0	0	0	0	0	0	0	0	0	0	0	0	0	0	0	0	0	0	0	0	0	0	0	0	0	0	0	0	0	0
159950	9 Nov 25	13:54:00	1	0	55	0	Ct	0	1	0	0	0	0	0	0	0	0	0	0	0	0	0	0	0	0	0	0	0	0	0	0	0	0	0	0	0	0	0	0	0	0
159951	9 Nov 25	13:55:00	1	0	55	0	Ct	0	1	0	0	0	0	0	0	0	0	0	0	0	0	0	0	0	0	0	0	0	0	0	0	0	0	0	0	0	0	0	0	0	0
159952	9 Nov 25	13:56:00	1	0	55	0	Ct	0	1	0	0	0	0	0	0	0	0	0	0	0	0	0	0	0	0	0	0	0	0	0	0	0	0	0	0	0	0	0	0	0	0
159953	9 Nov 25	13:57:00	1	0	55	0	Ct	0	1	0	0	0	0	0	0	0	0	0	0	0	0	0	0	0	0	0	0	0	0	1	0	0	0	0	0	0	0	0	0	0	0
159954	9 Nov 25	13:58:00	1	0	55	0	Ct	0	1	0	0	0	0	0	0	0	0	0	0	0	0	0	0	0	0	0	0	0	0	1	0	0	0	0	0	0	0	0	0	0	0
159955	9 Nov 25	13:59:00	1	0	55	0	Ct	0	1	0	0	0	0	0	0	0	0	0	0	0	0	0	2	0	0	0	0	0	0	0	0	0	0	0	0	0	0	0	0	0	0
159956	9 Nov 25	14:00:00	1	0	55	0	Ct	0	1	0	0	0	0	0	0	0	0	0	0	0	0	0	0	0	0	0	0	0	0	0	0	0	0	0	0	0	0	0	0	0	0
159957	9 Nov 25	14:01:00	1	0	55	0	Ct	0	1	0	0	0	0	0	0	0	0	0	0	0	0	0	0	0	0	0	0	0	0	0	0	0	0	0	0	0	0	0	0	0	0
159958	9 Nov 25	14:02:00	1	0	55	0	Ct	0	1	0	0	0	0	0	0	0	0	0	0	0	0	0	0	0	0	0	0	0	0	0	0	0	0	0	0	0	0	0	0	0	0
159959	9 Nov 25	14:03:00	1	0	55	0	Ct	0	1	0	0	0	0	0	0	0	0	0	0	0	0	0	0	0	0	0	0	0	0	0	0	0	0	0	0	0	0	0	0	0	0
159960	9 Nov 25	14:04:00	1	0	55	0	Ct	0	1	0	0	0	0	0	0	0	0	0	0	0	0	0	0	0	0	0	0	0	0	1	0	0	0	0	0	0	0	0	0	0	0
159961	9 Nov 25	14:05:00	1	0	55	0	Ct	0	1	0	0	0	0	0	0	0	0	0	0	0	0	0	0	0	0	0	0	0	0	1	0	0	0	0	0	0	0	0	0	0	0
159962	9 Nov 25	14:06:00	1	0	55	0	Ct	0	1	0	0	0	0	0	0	0	0	0	0	0	0	0	0	0	0	0	0	0	0	0	0	0	0	0	0	0	0	0	0	0	0
159963	9 Nov 25	14:07:00	1	0	55	0	Ct	0	1	0	0	0	0	0	0	0	0	0	0	0	0	0	0	0	0	0	0	0	0	0	0	0	0	0	0	0	0	0	0	0	0
159964	9 Nov 25	14:08:00	1	0	55	0	Ct	0	1	0	0	0	0	0	0	0	0	0	0	0	0	0	0	0	0	0	0	0	0	0	0	0	0	0	0	0	0	0	0	0	0
159965	9 Nov 25	14:09:00	1	0	55	0	Ct	0	1	0	0	0	0	0	0	0	0	0	0	0	0	0	0	0	0	0	0	0	0	0	0	0	0	0	0	0	0	0	0	0	0
159966	9 Nov 25	14:10:00	1	0	55	0	Ct	0	1	0	0	0	0	0	0	0	0	0	0	0	0	0	0	0	0	0	0	0	0	0	0	0	0	0	0	0	0	0	0	0	0
159967	9 Nov 25	14:11:00	1	0	55	0	Ct	0	1	0	0	0	0	0	0	0	0	0	0	0	0	0	0	0	0	0	0	0	0	0	0	0	0	0	0	0	0	0	0	0	0
159968	9 Nov 25	14:12:00	1	0	55	0	Ct	0	1	0	0	0	0	0	0	0	0	0	0	0	0	0	0	0	0	0	0	0	0	0	0	0	0	0	0	0	0	0	0	0	0
159969	9 Nov 25	14:13:00	1	0	55	0	Ct	0	1	0	0	0	0	0	0	0	0	0	0	0	0	0	0	0	0	0	0	0	0	0	0	0	0	0	0	0	0	0	0	0	0
159970	9 Nov 25	14:14:00	1	0	55	0	Ct	0	1	0	0	0	0	0	0	0	0	0	0	0	0	0	0	0	0	0	0	0	0	0	0	0	0	0	0	0	0	0	0	0	0
159971	9 Nov 25	14:15:00	1	0	55	0	Ct	0	1	0	0	0	0	0	0	0	0	0	0	0	0	0	0	0	0	0	0	0	0	0	0	0	0	0	0	0	0	0	0	0	0
159972	9 Nov 25	14:16:00	1	0	55	0	Ct	0	1	0	0	0	0	0	0	0	0	0	0	0	0	0	0	0	0	0	0	0	0	0	0	0	0	0	0	0	0	0	0	0	0
159973	9 Nov 25	14:17:00	1	0	55	0	Ct	0	1	0	0	0	0	0	0	0	0	0	0	0	0	2	0	0	0	0	0	1	0	4	0	0	0	0	0	0	0	0	0	0	0
159974	9 Nov 25	14:18:00	1	0	55	0	Ct	0	1	0	0	0	0	0	0	0	0	0	0	0	0	0	0	0	0	0	0	0	0	0	0	0	0	0	0	0	0	0	0	0	0
159975	9 Nov 25	14:19:00	1	0	55	0	Ct	0	1	0	0	0	0	0	0	0	0	0	0	0	0	0	0	0	0	0	0	1	0	0	0	0	0	0	0	0	0	0	0	0	0
159976	9 Nov 25	14:20:00	1	0	55	0	Ct	0	1	0	0	0	0	0	0	0	0	0	0	0	0	0	0	0	0	0	0	0	0	0	0	0	0	0	0	0	0	0	0	0	0
159977	9 Nov 25	14:21:00	1	0	55	0	Ct	0	1	0	0	0	0	0	0	0	0	0	0	0	0	0	0	0	0	0	0	0	0	0	0	0	0	0	0	0	0	0	0	0	0
159978	9 Nov 25	14:22:00	1	0	55	0	Ct	0	1	0	0	0	0	0	0	0	0	0	0	0	0	0	0	0	0	0	0	0	0	1	0	0	0	0	0	0	0	0	0	0	0
159979	9 Nov 25	14:23:00	1	0	55	0	Ct	0	1	0	0	0	0	0	0	0	0	0	0	0	0	0	0	0	0	0	0	0	0	3	0	0	0	0	0	0	0	0	0	0	0
159980	9 Nov 25	14:24:00	1	0	55	0	Ct	0	1	0	0	0	0	0	0	0	0	0	0	0	0	0	0	0	0	0	0	0	0	0	0	0	0	0	0	0	0	0	0	0	0
159981	9 Nov 25	14:25:00	1	0	55	0	Ct	0	1	0	0	0	0	0	0	0	0	0	0	0	0	0	0	0	0	0	0	0	0	0	0	0	0	0	0	0	0	0	0	0	0
159982	9 Nov 25	14:26:00	1	0	55	0	Ct	0	1	0	0	0	0	0	0	0	0	0	0	0	0	0	0	0	0	0	0	0	0	2	0	0	0	0	0	0	0	0	0	0	0
159983	9 Nov 25	14:27:00	1	0	55	0	Ct	0	1	0	0	0	0	0	0	0	0	0	0	0	0	0	0	0	0	0	0	0	0	0	0	0	0	0	0	0	0	0	0	0	0
159984	9 Nov 25	14:28:00	1	0	55	0	Ct	0	1	0	0	0	0	0	0	0	0	0	0	0	0	0	0	0	0	0	0	0	0	0	0	0	0	0	0	0	0	0	0	0	0
159985	9 Nov 25	14:29:00	1	0	55	0	Ct	0	1	0	0	0	0	0	0	0	0	0	0	0	0	0	0	0	0	0	0	0	0	0	0	0	0	0	0	0	0	0	0	0	0
159986	9 Nov 25	14:30:00	1	0	55	0	Ct	0	1	0	0	0	0	0	0	0	0	0	0	0	0	0	0	0	0	0	0	0	0	0	0	0	0	0	0	0	0	0	0	0	0
159987	9 Nov 25	14:31:00	1	0	55	0	Ct	0	1	0	0	0	0	0	0	0	0	0	0	0	0	0	0	0	0	0	0	0	0	0	0	0	0	0	0	0	0	0	0	0	0
159988	9 Nov 25	14:32:00	1	0	55	0	Ct	0	1	0	0	0	0	0	0	0	0	0	0	0	0	0	0	0	0	0	0	2	0	0	0	0	0	0	0	0	0	0	0	0	0
159989	9 Nov 25	14:33:00	1	0	55	0	Ct	0	1	0	0	0	0	0	0	0	0	0	0	0	0	0	0	0	0	0	0	0	0	0	0	0	0	0	0	0	0	0	0	0	0
159990	9 Nov 25	14:34:00	1	0	55	0	Ct	0	1	0	0	0	0	0	0	0	0	0	0	0	0	0	0	0	0	0	0	0	0	0	0	0	0	0	0	0	0	0	0	0	0
159991	9 Nov 25	14:35:00	1	0	55	0	Ct	0	1	0	0	0	0	0	0	0	0	0	0	0	0	0	0	1	0	0	0	0	0	0	0	0	0	0	0	0	0	0	0	0	0
159992	9 Nov 25	14:36:00	1	0	55	0	Ct	0	1	0	0	0	0	0	0	0	0	0	0	0	0	0	0	0	0	0	0	0	0	0	0	0	0	0	0	0	0	0	0	0	0
159993	9 Nov 25	14:37:00	1	0	55	0	Ct	0	1	0	0	0	0	0	0	0	0	0	0	0	0	0	0	3	0	0	0	0	0	0	0	0	0	0	0	0	0	0	0	0	0
159994	9 Nov 25	14:38:00	1	0	55	0	Ct	0	1	0	0	0	0	0	0	0	0	0	0	0	0	0	0	7	0	0	0	0	0	0	0	0	0	0	0	0	0	0	0	0	0
159995	9 Nov 25	14:39:00	1	0	55	0	Ct	0	1	0	0	0	0	0	0	0	0	0	0	0	0	0	0	3	0	0	0	0	0	0	0	0	0	0	0	0	0	0	0	0	0
159996	9 Nov 25	14:40:00	1	0	55	0	Ct	0	1	0	0	0	0	0	0	0	0	0	0	0	0	0	0	0	0	0	0	0	0	0	0	0	0	0	0	0	0	0	0	0	0
159997	9 Nov 25	14:41:00	1	0	55	0	Ct	0	1	0	0	0	0	0	0	0	0	0	0	0	0	0	0	0	0	0	0	0	0	0	0	0	0	0	0	0	0	0	0	0	0
159998	9 Nov 25	14:42:00	1	0	55	0	Ct	0	1	0	0	0	0	0	0	0	0	0	0	0	0	0	0	2	0	0	0	0	0	0	0	0	0	0	0	0	0	0	0	0	0
159999	9 Nov 25	14:43:00	1	0	55	0	Ct	0	1	0	0	0	0	0	0	0	0	0	0	0	0	0	0	0	0	0	0	0	0	1	0	0	0	0	0	0	0	0	0	0	0
160000	9 Nov 25	14:44:00	1	0	55	0	Ct	0	1	0	0	0	0	0	0	0	0	0	0	0	0	0	0	0	0	0	0	0	0	1	0	0	0	0	0	0	0	0	0	0	0
160001	9 Nov 25	14:45:00	1	0	55	0	Ct	0	1	0	0	0	0	0	0	0	0	0	0	0	0	0	0	0	0	0	0	0	0	0	0	0	0	0	0	0	0	0	0	0	0
160002	9 Nov 25	14:46:00	1	0	55	0	Ct	0	1	0	0	0	0	0	0	0	0	0	0	0	0	0	0	0	0	0	0	0	0	0	0	0	0	0	0	0	0	0	0	0	0
160003	9 Nov 25	14:47:00	1	0	55	0	Ct	0	1	0	0	0	0	0	0	0	0	0	0	0	0	0	0	0	0	0	0	0	0	0	0	0	0	0	0	0	0	0	0	0	0
160004	9 Nov 25	14:48:00	1	0	55	0	Ct	0	1	0	0	0	0	0	0	0	0	0	0	0	0	0	0	1	0	0	0	0	0	0	0	0	0	0	0	0	0	0	0	0	0
160005	9 Nov 25	14:49:00	1	0	55	0	Ct	0	1	0	0	0	0	0	0	0	0	0	0	0	0	0	0	1	0	2	0	0	0	0	0	0	0	0	0	0	0	0	0	0	0
160006	9 Nov 25	14:50:00	1	0	55	0	Ct	0	1	0	0	0	0	0	0	0	0	0	0	0	0	0	0	0	0	0	0	0	0	0	0	0	0	0	0	0	0	0	0	0	0
160007	9 Nov 25	14:51:00	1	0	55	0	Ct	0	1	0	0	0	0	0	0	0	0	0	0	0	0	0	0	0	0	0	0	0	0	0	0	0	0	0	0	0	0	0	0	0	0
160008	9 Nov 25	14:52:00	1	0	55	0	Ct	0	1	0	0	0	0	0	0	0	0	0	0	0	0	0	0	0	0	0	0	0	0	0	0	0	0	0	0	0	0	0	0	0	0
160009	9 Nov 25	14:53:00	1	0	55	0	Ct	0	1	0	0	0	0	0	0	0	0	0	0	0	0	0	0	0	0	0	0	0	0	0	0	0	0	0	0	0	0	0	0	0	0
160010	9 Nov 25	14:54:00	1	0	55	0	Ct	0	1	0	0	0	0	0	0	0	0	0	0	0	0	0	0	0	0	0	0	0	0	0	0	0	0	0	0	0	0	0	0	0	0
160011	9 Nov 25	14:55:00	1	0	55	0	Ct	0	1	0	0	0	0	0	0	0	0	0	0	0	0	0	0	0	0	0	0	0	0	0	0	0	0	0	0	0	0	0	0	0	0
160012	9 Nov 25	14:56:00	1	0	55	0	Ct	0	1	0	0	0	0	0	0	0	0	0	0	0	0	0	27	2	0	0	0	0	0	0	0	0	0	0	0	0	0	0	0	0	0
160013	9 Nov 25	14:57:00	1	0	55	0	Ct	0	1	0	0	0	0	0	0	0	0	0	0	0	0	0	1	1	0	0	0	0	0	0	0	0	0	0	0	0	0	0	0	0	0
160014	9 Nov 25	14:58:00	1	0	55	0	Ct	0	1	0	0	0	0	0	0	0	0	0	0	0	0	0	1	4	0	0	0	0	0	0	0	0	0	0	0	0	0	0	0	0	0
160015	9 Nov 25	14:59:00	1	0	55	0	Ct	0	1	0	0	0	0	0	0	0	0	0	0	0	0	0	0	2	0	0	0	0	0	0	0	0	0	0	0	0	0	0	0	0	0
160016	9 Nov 25	15:00:00	1	0	55	0	Ct	0	1	0	0	0	0	0	0	0	0	0	0	0	0	0	0	0	0	0	0	0	0	0	0	0	0	0	0	0	0	0	0	0	0
160017	9 Nov 25	15:01:00	1	0	55	0	Ct	0	1	0	0	0	0	0	0	0	0	0	0	0	0	0	0	0	0	0	0	0	0	1	0	0	0	0	0	0	0	0	0	0	0
160018	9 Nov 25	15:02:00	1	0	55	0	Ct	0	1	0	0	0	0	0	0	0	0	0	0	0	0	0	0	2	0	1	0	2	0	2	0	0	0	0	0	0	0	0	0	0	0
160019	9 Nov 25	15:03:00	1	0	55	0	Ct	0	1	0	0	0	0	0	0	0	0	0	0	0	0	0	0	0	0	2	0	0	0	0	0	0	0	0	0	0	0	0	0	0	0
160020	9 Nov 25	15:04:00	1	0	55	0	Ct	0	1	0	0	0	0	0	0	0	0	0	0	0	0	0	0	0	0	1	0	0	0	0	0	0	0	0	0	0	0	0	0	0	0
160021	9 Nov 25	15:05:00	1	0	55	0	Ct	0	1	0	0	0	0	0	0	0	0	0	0	0	0	0	0	0	0	0	0	0	0	0	0	0	0	0	0	0	0	0	0	0	0
160022	9 Nov 25	15:06:00	1	0	55	0	Ct	0	1	0	0	0	0	0	0	0	0	0	0	0	0	0	0	0	0	2	0	0	0	0	0	0	0	0	0	0	0	0	0	0	0
160023	9 Nov 25	15:07:00	1	0	55	0	Ct	0	1	0	0	0	0	0	0	0	0	0	0	0	0	0	0	11	0	2	0	0	0	0	0	0	0	0	0	0	0	0	0	0	0
160024	9 Nov 25	15:08:00	1	0	55	0	Ct	0	1	0	0	0	0	0	0	0	0	0	0	0	0	0	0	0	0	0	0	0	0	0	0	0	0	0	0	0	0	0	0	0	1
160025	9 Nov 25	15:09:00	1	0	55	0	Ct	0	1	0	0	0	0	0	0	0	0	0	0	0	0	0	0	3	0	1	0	0	0	0	0	0	0	0	0	0	0	0	0	0	1
160026	9 Nov 25	15:10:00	1	0	55	0	Ct	0	1	0	0	0	0	0	0	0	0	0	0	0	0	0	0	3	0	1	0	0	0	0	0	0	0	0	0	0	0	0	0	0	0
160027	9 Nov 25	15:11:00	1	0	55	0	Ct	0	1	0	0	0	0	0	0	0	0	0	0	0	0	0	0	6	0	1	0	1	0	2	0	0	0	0	0	0	0	0	0	0	0
160028	9 Nov 25	15:12:00	1	0	55	0	Ct	0	1	0	0	0	0	0	0	0	0	0	0	0	0	0	0	2	0	1	0	1	0	1	0	0	0	0	0	0	0	0	0	0	0
160029	9 Nov 25	15:13:00	1	0	55	0	Ct	0	1	0	0	0	0	0	0	0	0	0	0	0	0	0	0	0	0	1	0	0	0	4	0	0	0	0	0	0	0	0	0	0	0
160030	9 Nov 25	15:14:00	1	0	55	0	Ct	0	1	0	0	0	0	0	0	0	0	0	0	0	0	0	0	0	0	0	0	3	0	0	0	0	0	0	0	0	0	0	0	0	0
160031	9 Nov 25	15:15:00	1	0	55	0	Ct	0	1	0	0	0	0	0	0	0	0	0	0	0	0	0	0	0	0	1	0	0	0	0	0	0	0	0	0	0	0	0	0	0	0
160032	9 Nov 25	15:16:00	1	0	55	0	Ct	0	1	0	0	0	0	0	0	0	0	0	0	0	0	0	0	0	0	1	0	0	0	0	0	0	0	0	0	0	0	0	0	0	0
160033	9 Nov 25	15:17:00	1	0	55	0	Ct	0	1	0	0	0	0	0	0	0	0	0	0	0	0	0	0	0	0	1	0	1	0	0	0	0	0	0	0	0	0	0	0	0	0
160034	9 Nov 25	15:18:00	1	0	55	0	Ct	0	1	0	0	0	0	0	0	0	0	0	0	0	0	0	0	0	0	2	0	2	0	0	0	0	0	0	0	0	0	0	0	0	0
160035	9 Nov 25	15:19:00	1	0	55	0	Ct	0	1	0	0	0	0	0	0	0	0	0	0	0	0	0	0	0	0	2	0	2	0	0	0	0	0	0	0	0	0	0	0	0	0
160036	9 Nov 25	15:20:00	1	0	55	0	Ct	0	1	0	0	0	0	0	0	0	0	0	0	0	0	0	0	0	0	0	0	0	0	0	0	0	0	0	0	0	0	0	0	0	0
160037	9 Nov 25	15:21:00	1	0	55	0	Ct	0	1	0	0	0	0	0	0	0	0	0	0	0	0	0	0	0	0	2	0	0	0	0	0	0	0	0	0	0	0	0	0	0	0
160038	9 Nov 25	15:22:00	1	0	55	0	Ct	0	1	0	0	0	0	0	0	0	0	0	0	0	0	0	0	0	0	1	0	0	0	0	0	0	0	0	0	0	0	0	0	0	0
160039	9 Nov 25	15:23:00	1	0	55	0	Ct	0	1	0	0	0	0	0	0	0	0	0	0	0	0	0	0	0	0	1	0	0	0	0	0	0	0	0	0	0	0	0	0	0	0
160040	9 Nov 25	15:24:00	1	0	55	0	Ct	0	1	0	0	1	0	0	0	0	0	0	0	0	0	0	0	1	0	0	0	0	0	0	0	0	0	0	0	0	0	0	0	0	0
160041	9 Nov 25	15:25:00	1	0	55	0	Ct	0	1	0	0	5	0	0	0	0	0	0	0	0	0	0	0	1	0	0	0	0	0	0	0	0	0	0	0	0	0	0	0	0	0
160042	9 Nov 25	15:26:00	1	0	55	0	Ct	0	1	0	0	1	0	0	0	0	0	0	0	0	0	0	0	1	0	0	0	0	0	0	0	0	0	0	0	0	0	0	0	0	0
160043	9 Nov 25	15:27:00	1	0	55	0	Ct	0	1	0	0	0	0	0	0	0	0	0	0	0	0	0	0	10	0	1	0	0	0	0	0	0	0	0	0	0	0	0	0	0	0
160044	9 Nov 25	15:28:00	1	0	55	0	Ct	0	1	0	0	0	0	0	0	0	0	0	0	0	0	0	0	5	0	1	0	0	0	0	0	0	0	0	0	0	0	0	0	0	0
160045	9 Nov 25	15:29:00	1	0	55	0	Ct	0	1	0	0	0	0	0	0	0	0	0	0	0	0	0	0	0	0	0	0	0	0	0	0	0	0	0	0	0	0	0	0	0	0
160046	9 Nov 25	15:30:00	1	0	55	0	Ct	0	1	0	0	0	0	0	0	0	0	0	0	0	0	0	0	0	0	0	0	0	0	0	0	0	0	0	0	0	0	0	0	0	0
160047	9 Nov 25	15:31:00	1	0	55	0	Ct	0	1	0	0	0	0	0	0	0	0	0	0	0	0	0	0	6	0	0	0	0	0	0	0	0	0	0	0	0	0	0	0	0	0
160048	9 Nov 25	15:32:00	1	0	55	0	Ct	0	1	0	0	0	0	0	0	0	0	0	0	0	0	0	0	1	0	0	0	1	0	0	0	0	0	0	0	0	0	0	0	0	0
160049	9 Nov 25	15:33:00	1	0	55	0	Ct	0	1	0	0	0	0	0	0	0	0	0	0	0	0	0	0	0	0	0	0	1	0	0	0	0	0	0	0	0	0	0	0	0	0
160050	9 Nov 25	15:34:00	1	0	55	0	Ct	0	1	0	0	0	0	0	0	0	0	0	0	0	0	0	0	1	0	2	0	1	0	0	0	0	0	0	0	0	0	0	0	0	0
160051	9 Nov 25	15:35:00	1	0	55	0	Ct	0	1	0	0	0	0	0	0	0	0	0	0	0	0	0	0	1	0	0	0	1	0	0	0	0	0	0	0	0	0	0	0	0	0
160052	9 Nov 25	15:36:00	1	0	55	0	Ct	0	1	0	0	0	0	0	0	0	0	0	0	0	0	0	0	0	0	0	0	1	0	0	0	0	0	0	0	0	0	0	0	0	0
160053	9 Nov 25	15:37:00	1	0	55	0	Ct	0	1	0	0	0	0	0	0	0	0	0	0	0	0	0	0	2	0	1	0	2	0	0	0	0	4	0	0	0	0	0	0	0	0
160054	9 Nov 25	15:38:00	1	0	55	0	Ct	0	1	0	0	0	0	0	0	0	0	0	0	0	0	0	0	0	0	3	0	0	0	0	0	0	0	0	0	0	0	0	0	0	0
160055	9 Nov 25	15:39:00	1	0	55	0	Ct	0	1	0	0	0	0	0	0	0	0	0	0	0	0	0	0	0	0	0	0	0	0	0	0	0	9	0	0	0	0	0	0	0	0
160056	9 Nov 25	15:40:00	1	0	55	0	Ct	0	1	0	0	0	0	0	0	0	0	0	0	0	0	0	0	0	0	0	0	0	0	0	0	0	0	0	0	0	0	0	0	0	0
160057	9 Nov 25	15:41:00	1	0	55	0	Ct	0	1	0	0	0	0	0	0	0	0	0	0	0	0	0	0	0	0	0	0	0	0	2	0	0	2	0	0	0	0	0	0	0	0
160058	9 Nov 25	15:42:00	1	0	55	0	Ct	0	1	0	0	0	0	0	0	0	0	0	0	0	0	0	0	0	0	0	0	0	0	0	0	0	2	0	0	0	0	0	0	0	0
160059	9 Nov 25	15:43:00	1	0	55	0	Ct	0	1	0	0	0	0	0	0	0	0	0	0	0	0	0	0	2	0	0	0	0	0	0	0	0	4	0	0	0	0	0	0	0	0
160060	9 Nov 25	15:44:00	1	0	55	0	Ct	0	1	0	0	0	0	0	0	0	0	0	0	0	0	0	0	2	0	0	0	0	0	0	0	0	4	0	0	0	0	0	0	0	0
160061	9 Nov 25	15:45:00	1	0	55	0	Ct	0	1	0	0	0	0	0	0	0	0	0	0	0	0	0	0	0	0	2	0	0	0	0	0	0	4	0	0	0	0	0	0	0	0
160062	9 Nov 25	15:46:00	1	0	55	0	Ct	0	1	0	0	0	0	0	0	0	0	0	0	0	0	0	0	1	0	1	0	0	0	0	0	0	2	0	0	0	0	0	0	0	0
160063	9 Nov 25	15:47:00	1	0	55	0	Ct	0	1	0	0	0	0	0	0	0	0	0	0	0	0	0	0	0	0	1	0	0	0	0	0	0	2	0	0	0	0	0	0	0	0
160064	9 Nov 25	15:48:00	1	0	55	0	Ct	0	1	0	0	0	0	0	0	0	0	0	0	0	0	0	0	3	0	0	0	0	0	0	0	0	2	0	0	0	0	0	0	0	0
160065	9 Nov 25	15:49:00	1	0	55	0	Ct	0	1	0	0	0	0	0	0	0	0	0	0	0	0	0	0	0	0	1	0	1	0	0	0	0	3	0	0	0	0	0	0	0	0
160066	9 Nov 25	15:50:00	1	0	55	0	Ct	0	1	0	0	0	0	0	0	0	0	0	0	0	0	0	0	1	0	1	0	1	0	0	0	0	5	0	0	0	0	0	0	0	0
160067	9 Nov 25	15:51:00	1	0	55	0	Ct	0	1	0	0	0	0	0	0	0	0	0	0	0	0	0	0	2	0	0	0	0	0	3	0	0	4	0	0	0	0	0	0	0	0
160068	9 Nov 25	15:52:00	1	0	55	0	Ct	0	1	0	0	0	0	0	0	0	0	0	0	0	0	0	0	1	0	0	0	0	0	0	0	0	2	0	0	0	0	0	0	0	0
160069	9 Nov 25	15:53:00	1	0	55	0	Ct	0	1	0	0	0	0	0	0	0	0	0	0	0	0	0	0	0	0	0	0	0	0	0	0	0	2	0	0	0	0	0	0	0	0
160070	9 Nov 25	15:54:00	1	0	55	0	Ct	0	1	0	0	0	0	0	0	0	0	0	0	0	0	0	0	0	0	0	0	2	0	0	0	0	2	0	0	0	0	0	0	0	0
160071	9 Nov 25	15:55:00	1	0	55	0	Ct	0	1	0	0	0	0	0	0	0	0	0	0	0	0	0	0	0	0	0	0	1	0	0	0	0	4	0	0	0	0	0	0	0	0
160072	9 Nov 25	15:56:00	1	0	55	0	Ct	0	1	0	0	0	0	0	0	0	0	0	0	0	0	0	0	0	0	0	0	1	0	0	0	0	4	0	0	0	0	0	0	0	0
160073	9 Nov 25	15:57:00	1	0	55	0	Ct	0	1	0	0	0	0	0	0	0	0	0	0	0	0	0	0	2	0	0	0	0	0	0	0	0	4	0	0	0	0	0	0	0	0
160074	9 Nov 25	15:58:00	1	0	55	0	Ct	0	1	0	0	0	0	0	0	0	0	0	0	0	0	0	0	2	0	1	0	0	0	0	0	0	4	0	0	0	0	0	0	0	0
160075	9 Nov 25	15:59:00	1	0	55	0	Ct	0	1	0	0	0	0	0	0	0	0	0	0	0	0	0	0	0	0	1	0	0	0	0	0	0	3	0	0	0	0	0	0	0	0
160076	9 Nov 25	16:00:00	1	0	55	0	Ct	0	1	0	0	0	0	0	0	0	0	0	0	0	0	0	0	3	0	0	0	0	0	2	0	0	1	0	0	0	0	0	0	0	0
160077	9 Nov 25	16:01:00	1	0	55	0	Ct	0	1	0	0	0	0	0	0	0	0	0	0	0	0	0	0	0	0	0	0	0	0	0	0	1	1	0	0	0	0	0	0	0	0
160078	9 Nov 25	16:02:00	1	0	55	0	Ct	0	1	0	0	0	0	0	0	0	0	0	0	0	0	0	0	0	0	0	0	0	0	0	0	0	2	0	0	0	0	0	0	0	0
160079	9 Nov 25	16:03:00	1	0	55	0	Ct	0	1	0	0	0	0	0	0	0	0	0	0	0	0	0	0	0	0	0	0	0	0	0	0	0	3	0	0	0	0	0	0	0	0
160080	9 Nov 25	16:04:00	1	0	55	0	Ct	0	1	0	0	0	0	0	0	0	0	0	0	0	0	0	0	0	0	0	0	0	0	0	0	0	1	0	0	0	0	0	0	0	0
160081	9 Nov 25	16:05:00	1	0	55	0	Ct	0	1	0	0	0	0	0	0	0	0	0	0	0	0	0	0	0	0	0	0	0	0	0	0	0	1	0	0	0	0	0	0	0	0
160082	9 Nov 25	16:06:00	1	0	55	0	Ct	0	1	0	0	0	0	0	0	0	0	0	0	0	0	0	0	0	0	0	0	0	0	0	0	0	2	0	0	0	0	0	0	0	0
160083	9 Nov 25	16:07:00	1	0	55	0	Ct	0	1	0	0	0	0	0	0	0	0	0	0	0	0	0	0	0	0	0	0	0	0	0	0	0	5	0	0	0	0	0	0	0	0
160084	9 Nov 25	16:08:00	1	0	55	0	Ct	0	1	0	0	0	0	0	0	0	0	0	0	0	0	0	0	0	0	0	0	0	0	0	0	0	1	0	0	0	0	0	0	0	0
160085	9 Nov 25	16:09:00	1	0	55	0	Ct	0	1	0	0	0	0	0	0	0	0	0	0	0	0	0	0	0	0	1	0	0	0	0	0	0	5	0	0	0	0	0	0	0	0
160086	9 Nov 25	16:10:00	1	0	55	0	Ct	0	1	0	0	0	0	0	0	0	1	0	0	0	0	0	0	0	0	1	0	0	0	0	0	0	3	0	0	0	0	0	0	0	0
160087	9 Nov 25	16:11:00	1	0	55	0	Ct	0	1	0	0	0	0	0	0	0	1	0	0	0	0	0	0	0	0	1	0	0	0	0	0	0	2	0	0	0	0	0	0	0	0
160088	9 Nov 25	16:12:00	1	0	55	0	Ct	0	1	0	0	0	0	0	0	0	0	0	0	0	0	0	0	0	0	0	0	2	0	0	0	0	3	0	0	0	0	0	0	0	0
160089	9 Nov 25	16:13:00	1	0	55	0	Ct	0	1	0	0	0	0	0	0	0	0	0	0	0	0	0	0	0	0	1	0	0	0	0	0	0	2	0	0	0	0	0	0	0	0
160090	9 Nov 25	16:14:00	1	0	55	0	Ct	0	1	0	0	0	0	0	0	0	0	0	0	0	0	0	0	0	0	0	0	0	0	0	0	0	1	0	0	0	0	0	0	0	0
160091	9 Nov 25	16:15:00	1	0	55	0	Ct	0	1	0	0	0	0	0	0	0	0	0	0	0	0	0	0	0	0	0	0	0	0	0	0	0	2	0	0	0	0	0	0	0	0
160092	9 Nov 25	16:16:00	1	0	55	0	Ct	0	1	0	0	0	0	0	0	0	0	0	0	0	0	0	0	0	0	0	0	0	0	0	0	0	0	0	0	0	0	0	0	0	0
160093	9 Nov 25	16:17:00	1	0	55	0	Ct	0	1	0	0	0	0	0	0	0	0	0	0	0	0	0	2	0	0	0	0	0	0	0	0	0	2	0	0	0	0	0	0	0	0
160094	9 Nov 25	16:18:00	1	0	55	0	Ct	0	1	0	0	0	0	0	0	0	0	0	0	0	0	0	4	0	0	0	0	0	0	0	0	0	4	0	0	0	0	0	0	0	0
160095	9 Nov 25	16:19:00	1	0	55	0	Ct	0	1	0	0	0	0	0	0	0	0	0	0	0	0	0	0	0	0	0	0	0	0	0	0	0	4	0	0	0	0	0	0	0	0
160096	9 Nov 25	16:20:00	1	0	55	0	Ct	0	1	0	0	0	0	0	0	0	0	0	0	0	0	0	0	2	0	0	0	0	0	1	0	0	0	0	0	0	0	0	0	0	0
160097	9 Nov 25	16:21:00	1	0	55	0	Ct	0	1	0	0	1	0	0	0	0	0	0	0	0	0	0	0	0	0	1	0	0	0	2	0	0	3	0	0	0	0	0	0	0	0
160098	9 Nov 25	16:22:00	1	0	55	0	Ct	0	1	0	0	3	0	0	0	0	0	0	0	0	0	0	0	2	0	1	0	0	0	0	0	0	3	0	0	0	0	0	0	0	0
160099	9 Nov 25	16:23:00	1	0	55	0	Ct	0	1	0	0	1	0	0	0	0	0	0	0	0	0	0	0	0	0	0	0	0	0	0	0	0	2	0	0	0	0	0	0	0	0
160100	9 Nov 25	16:24:00	1	0	55	0	Ct	0	1	0	0	0	0	0	0	0	0	0	0	0	0	0	3	0	0	0	0	0	0	0	0	0	2	0	0	0	0	0	0	0	0
160101	9 Nov 25	16:25:00	1	0	55	0	Ct	0	1	0	0	0	0	0	0	0	0	0	0	0	0	0	2	2	0	1	0	0	0	0	0	0	2	0	0	2	0	0	0	0	0
160102	9 Nov 25	16:26:00	1	0	55	0	Ct	0	1	0	0	0	0	0	0	0	0	0	0	0	0	0	0	0	0	1	0	0	0	1	0	0	6	0	0	0	0	0	0	0	0
160103	9 Nov 25	16:27:00	1	0	55	0	Ct	0	1	0	0	0	0	0	0	0	0	0	0	0	0	0	0	1	0	0	0	0	0	1	0	0	2	0	0	0	0	0	0	0	0
160104	9 Nov 25	16:28:00	1	0	55	0	Ct	0	1	0	0	0	0	0	0	0	0	0	0	0	0	0	0	4	0	1	0	0	0	0	0	0	1	0	0	0	0	0	0	0	0
160105	9 Nov 25	16:29:00	1	0	55	0	Ct	0	1	0	0	0	0	0	0	0	0	0	0	0	0	0	0	2	0	1	0	0	0	0	0	0	4	0	0	0	0	0	0	0	0
160106	9 Nov 25	16:30:00	1	0	55	0	Ct	0	1	0	0	0	0	0	0	0	0	0	0	0	0	0	0	6	0	0	0	0	0	0	0	0	4	0	0	0	0	0	0	0	0
160107	9 Nov 25	16:31:00	1	0	55	0	Ct	0	1	0	0	0	0	0	0	0	0	0	0	3	0	0	0	0	0	0	0	0	0	0	0	0	2	0	0	0	0	0	0	0	0
160108	9 Nov 25	16:32:00	1	0	55	0	Ct	0	1	0	0	0	0	0	0	0	0	0	0	0	0	0	0	0	0	0	0	2	0	0	0	0	2	0	0	0	0	0	0	0	0
160109	9 Nov 25	16:33:00	1	0	55	0	Ct	0	1	0	0	0	0	0	0	0	0	0	0	1	0	0	0	3	0	0	0	0	0	0	0	0	0	0	0	0	0	0	0	0	0
160110	9 Nov 25	16:34:00	1	0	55	0	Ct	0	1	0	0	0	0	0	0	0	0	0	0	1	0	0	0	2	0	0	0	0	0	0	0	0	0	0	0	0	0	0	0	0	0
160111	9 Nov 25	16:35:00	1	0	55	0	Ct	0	1	0	0	0	0	0	0	0	0	0	0	0	0	0	0	0	0	0	0	0	0	0	0	0	2	0	0	0	0	0	0	0	0
160112	9 Nov 25	16:36:00	1	0	55	0	Ct	0	1	0	0	0	0	0	0	0	0	0	0	0	0	0	0	0	0	0	0	0	0	2	0	0	0	0	0	0	0	0	0	0	0
160113	9 Nov 25	16:37:00	1	0	55	0	Ct	0	1	0	0	0	0	0	0	0	0	0	0	0	0	0	0	1	0	0	0	0	0	0	0	0	2	0	0	0	0	0	0	0	0
160114	9 Nov 25	16:38:00	1	0	55	0	Ct	0	1	0	0	0	0	0	0	0	0	0	0	0	0	0	0	7	0	0	0	0	0	0	0	0	3	0	0	0	0	0	0	0	0
160115	9 Nov 25	16:39:00	1	0	55	0	Ct	0	1	0	0	0	0	0	0	0	0	0	0	0	0	0	0	2	0	0	0	0	0	0	0	0	5	0	0	0	0	0	0	0	0
160116	9 Nov 25	16:40:00	1	0	55	0	Ct	0	1	0	0	0	0	0	0	0	0	0	0	0	0	3	0	0	0	0	0	0	0	0	0	0	2	0	0	0	0	0	0	0	0
160117	9 Nov 25	16:41:00	1	0	55	0	Ct	0	1	0	0	0	0	0	0	0	0	0	0	0	0	0	0	0	0	0	0	2	0	0	0	0	3	0	0	0	0	0	0	0	0
160118	9 Nov 25	16:42:00	1	0	55	0	Ct	0	1	0	0	0	0	0	0	0	0	0	0	0	0	0	3	0	0	0	0	2	0	0	0	0	1	0	0	0	0	0	0	0	0
160119	9 Nov 25	16:43:00	1	0	55	0	Ct	0	1	0	0	0	0	0	0	0	0	0	0	0	0	0	0	0	0	1	0	3	0	0	0	0	3	0	0	0	0	0	0	0	0
160120	9 Nov 25	16:44:00	1	0	55	0	Ct	0	1	0	0	0	0	0	0	0	0	0	0	0	0	0	0	1	0	1	0	0	0	2	0	0	2	0	0	0	0	0	0	0	0
160121	9 Nov 25	16:45:00	1	0	55	0	Ct	0	1	0	0	0	0	0	0	0	0	0	0	0	0	0	0	0	0	0	0	0	0	0	0	0	3	0	1	0	0	0	0	0	0
160122	9 Nov 25	16:46:00	1	0	55	0	Ct	0	1	0	0	0	0	0	0	0	0	0	0	0	0	0	0	0	0	0	0	0	0	2	0	0	0	0	0	0	0	0	0	0	0
160123	9 Nov 25	16:47:00	1	0	55	0	Ct	0	1	0	0	0	0	0	0	0	0	0	0	0	0	0	0	0	0	0	0	0	0	0	0	0	3	0	0	0	0	0	0	0	0
160124	9 Nov 25	16:48:00	1	0	55	0	Ct	0	1	0	0	0	0	0	0	0	0	0	0	0	0	0	0	0	0	0	0	0	0	0	0	0	2	0	0	0	0	0	0	0	0
160125	9 Nov 25	16:49:00	1	0	55	0	Ct	0	1	0	0	0	0	0	0	0	0	0	0	0	0	0	0	0	0	0	0	0	0	0	0	0	7	0	0	0	0	0	0	0	0
160126	9 Nov 25	16:50:00	1	0	55	0	Ct	0	1	0	0	0	0	0	0	0	0	0	0	0	0	0	0	0	0	0	0	0	0	0	0	0	1	0	0	0	0	0	0	0	0
160127	9 Nov 25	16:51:00	1	0	55	0	Ct	0	1	0	0	0	0	0	0	0	0	0	0	0	0	0	0	0	0	0	0	0	0	0	0	0	1	0	0	0	0	0	0	0	0
160128	9 Nov 25	16:52:00	1	0	55	0	Ct	0	1	0	0	0	0	0	0	0	0	0	0	0	0	0	0	0	0	0	0	0	0	0	0	0	3	0	0	0	0	0	0	0	0
160129	9 Nov 25	16:53:00	1	0	55	0	Ct	0	1	0	0	0	0	0	0	0	0	0	0	0	0	0	0	0	0	0	0	0	0	0	0	0	3	0	0	0	0	0	0	0	0
160130	9 Nov 25	16:54:00	1	0	55	0	Ct	0	1	0	0	0	0	0	0	0	0	0	0	0	0	0	0	0	0	0	0	0	0	0	0	0	0	0	0	0	0	0	0	0	0
160131	9 Nov 25	16:55:00	1	0	55	0	Ct	0	1	0	0	0	0	0	0	0	0	0	0	0	0	0	0	0	0	0	0	0	0	1	0	0	2	0	0	0	0	0	0	0	0
160132	9 Nov 25	16:56:00	1	0	55	0	Ct	0	1	0	0	0	0	0	0	0	0	0	0	0	0	0	0	0	0	0	0	0	0	1	0	0	3	0	0	0	0	0	0	0	0
160133	9 Nov 25	16:57:00	1	0	55	0	Ct	0	1	0	0	0	0	0	0	0	0	0	0	0	0	0	0	2	0	0	0	0	0	0	0	0	3	0	0	0	0	0	0	0	0
160134	9 Nov 25	16:58:00	1	0	55	0	Ct	0	1	0	0	0	0	0	0	0	0	0	0	0	0	0	0	4	0	0	0	0	0	0	0	0	4	0	0	0	0	0	0	0	0
160135	9 Nov 25	16:59:00	1	0	55	0	Ct	0	1	0	0	0	0	0	0	0	0	0	0	0	0	0	0	1	0	1	0	0	0	0	0	0	3	0	0	0	0	0	0	0	0
160136	9 Nov 25	17:00:00	1	0	55	0	Ct	0	1	0	0	1	0	0	0	0	0	0	0	0	0	0	0	2	0	1	0	0	0	0	0	0	2	0	0	0	0	0	0	0	0
160137	9 Nov 25	17:01:00	1	0	55	0	Ct	0	1	0	0	2	0	0	0	0	0	0	0	0	0	0	0	4	0	0	0	0	0	0	2	0	2	0	0	3	0	0	0	0	0
160138	9 Nov 25	17:02:00	1	0	55	0	Ct	0	1	0	0	1	0	0	0	0	2	0	0	0	0	0	0	0	0	0	0	3	0	0	0	0	3	0	0	0	0	0	0	0	0
160139	9 Nov 25	17:03:00	1	0	55	0	Ct	0	1	0	0	2	0	0	0	0	0	0	0	0	0	0	0	0	0	0	0	0	0	0	0	0	0	0	0	2	0	0	0	0	0
160140	9 Nov 25	17:04:00	1	0	55	0	Ct	0	1	0	0	2	0	0	0	0	0	0	0	0	0	1	0	0	0	1	0	0	0	0	0	0	2	0	0	0	0	0	0	0	0
160141	9 Nov 25	17:05:00	1	0	55	0	Ct	0	1	0	0	2	0	0	0	0	0	0	0	0	0	1	0	0	0	1	0	0	0	0	0	0	2	0	0	1	0	0	0	0	0
160142	9 Nov 25	17:06:00	1	0	55	0	Ct	0	1	0	0	1	0	0	0	0	0	0	0	0	0	0	0	0	1	0	0	0	0	0	0	0	2	0	0	0	0	0	0	1	0
160143	9 Nov 25	17:07:00	1	0	55	0	Ct	0	1	0	0	3	0	0	0	0	0	0	2	0	0	0	0	0	1	1	0	1	0	2	0	0	3	0	0	3	0	0	0	1	0
160144	9 Nov 25	17:08:00	1	0	55	0	Ct	0	0	0	3	4	0	0	0	0	0	0	1	3	0	2	1	0	0	1	0	3	0	2	4	2	4	0	0	5	0	0	1	0	0
160145	9 Nov 25	17:09:00	1	0	55	0	Ct	0	0	3	2	4	0	3	0	4	0	0	5	1	2	1	2	1	0	1	0	1	0	7	0	4	4	0	2	4	0	2	1	1	2
160146	9 Nov 25	17:10:00	1	0	55	0	Ct	0	0	6	3	4	0	3	0	4	0	2	3	4	2	2	8	6	0	3	0	1	0	2	2	1	5	0	3	5	2	1	4	2	1
160147	9 Nov 25	17:11:00	1	0	55	0	Ct	0	0	4	3	3	0	12	2	3	0	1	3	3	4	4	2	8	2	1	0	3	0	2	1	2	4	3	3	4	0	2	3	4	3
160148	9 Nov 25	17:12:00	1	0	55	0	Ct	0	0	3	3	6	2	13	1	9	3	1	3	3	3	3	2	5	5	1	1	2	0	3	3	6	4	3	3	2	3	3	4	2	3
160149	9 Nov 25	17:13:00	1	0	55	0	Ct	0	0	4	3	5	0	5	1	5	5	2	6	2	5	4	4	0	6	3	2	0	0	4	3	4	4	4	4	2	0	1	2	4	3
160150	9 Nov 25	17:14:00	1	0	55	0	Ct	0	0	7	2	4	4	11	4	6	8	2	6	3	4	5	7	0	8	2	1	2	0	2	3	3	5	4	3	6	2	4	3	4	7
160151	9 Nov 25	17:15:00	1	0	55	0	Ct	0	0	7	3	7	4	6	1	4	1	3	3	1	4	2	6	3	7	2	4	0	0	2	2	4	4	4	6	4	1	2	3	3	6
160152	9 Nov 25	17:16:00	1	0	55	0	Ct	0	0	4	2	4	3	7	1	3	5	2	4	1	6	3	6	6	7	3	4	1	0	3	4	2	5	3	3	4	4	3	2	5	3
160153	9 Nov 25	17:17:00	1	0	55	0	Ct	0	0	3	2	5	2	13	3	4	5	4	4	1	4	3	3	0	4	1	2	1	0	3	3	4	6	4	4	5	2	2	3	5	2
160154	9 Nov 25	17:18:00	1	0	55	0	Ct	0	0	3	3	4	3	7	4	2	2	2	2	3	5	3	4	5	2	3	2	0	0	1	3	3	3	3	2	4	2	2	0	4	4
160155	9 Nov 25	17:19:00	1	0	55	0	Ct	0	0	9	2	5	5	4	5	3	4	3	4	3	5	1	5	0	3	4	2	5	0	2	4	5	3	3	5	3	2	3	2	8	2
160156	9 Nov 25	17:20:00	1	0	55	0	Ct	0	0	2	2	4	4	9	4	4	6	3	2	3	2	3	6	1	2	1	2	2	0	3	3	4	5	1	3	6	3	3	4	3	4
160157	9 Nov 25	17:21:00	1	0	55	0	Ct	0	0	4	1	5	4	11	3	3	3	3	4	2	3	3	2	1	2	2	3	4	0	2	3	3	6	3	8	3	1	2	6	4	3
160158	9 Nov 25	17:22:00	1	0	55	0	Ct	0	0	3	1	3	3	5	3	4	3	4	3	1	2	2	2	2	8	2	2	2	0	1	3	2	4	3	3	5	7	2	4	2	4
160159	9 Nov 25	17:23:00	1	0	55	0	Ct	0	0	2	2	5	3	3	6	3	4	4	1	1	5	1	5	8	3	1	1	0	0	4	6	3	2	3	4	2	5	2	3	4	3
160160	9 Nov 25	17:24:00	1	0	55	0	Ct	0	0	2	2	4	2	26	2	3	5	2	3	4	4	5	3	0	2	2	2	1	0	2	3	4	5	1	4	7	3	2	5	3	2
160161	9 Nov 25	17:25:00	1	0	55	0	Ct	0	0	5	1	4	3	17	4	2	5	2	2	2	5	3	5	5	9	1	3	3	0	2	2	4	4	3	2	2	1	2	6	5	3
160162	9 Nov 25	17:26:00	1	0	55	0	Ct	0	0	2	1	5	2	4	4	3	3	3	2	1	3	2	3	11	7	3	2	2	0	2	3	3	4	2	3	3	3	1	2	4	3
160163	9 Nov 25	17:27:00	1	0	55	0	Ct	0	0	5	2	3	4	8	4	4	3	2	3	4	5	3	3	3	3	1	2	5	0	0	2	4	5	2	3	2	1	1	3	4	3
160164	9 Nov 25	17:28:00	1	0	55	0	Ct	0	0	6	2	3	2	3	8	3	5	2	2	3	5	2	3	1	2	2	3	0	0	3	4	2	4	3	4	4	3	4	3	3	2
160165	9 Nov 25	17:29:00	1	0	55	0	Ct	0	0	3	2	4	1	14	2	4	1	4	2	1	4	3	2	1	4	2	1	2	0	2	2	3	5	2	4	3	2	5	6	3	3
160166	9 Nov 25	17:30:00	1	0	55	0	Ct	0	0	5	1	4	3	9	2	7	3	2	2	7	3	3	6	10	5	1	4	2	0	3	1	3	3	3	3	4	3	1	4	2	2
160167	9 Nov 25	17:31:00	1	0	55	0	Ct	0	0	5	0	4	3	18	4	3	2	2	3	2	3	3	6	8	4	1	4	4	0	0	2	3	6	1	4	2	4	2	2	3	3
160168	9 Nov 25	17:32:00	1	0	55	0	Ct	0	0	3	1	4	1	2	2	4	1	2	2	2	3	2	2	1	5	1	2	11	0	3	3	3	5	4	5	1	3	2	2	2	3
160169	9 Nov 25	17:33:00	1	0	55	0	Ct	0	0	0	0	3	1	12	4	3	1	4	2	1	1	3	5	3	3	1	4	1	0	1	2	2	4	1	2	3	2	2	1	2	2
160170	9 Nov 25	17:34:00	1	0	55	0	Ct	0	0	3	2	4	4	7	1	2	2	2	1	0	4	1	3	4	3	3	3	1	0	6	3	3	1	3	3	1	3	3	4	3	3
160171	9 Nov 25	17:35:00	1	0	55	0	Ct	0	0	3	1	4	5	15	3	2	3	2	2	2	3	2	4	5	5	3	2	0	0	0	1	3	7	3	3	4	3	2	2	1	3
160172	9 Nov 25	17:36:00	1	0	55	0	Ct	0	0	3	5	4	2	12	4	3	4	4	2	1	2	7	4	1	8	3	1	1	0	0	4	1	1	0	5	3	2	3	6	1	2
160173	9 Nov 25	17:37:00	1	0	55	0	Ct	0	0	2	1	5	2	10	8	1	3	3	0	1	4	4	2	0	1	2	4	1	0	3	3	4	2	3	3	1	2	2	1	4	2
160174	9 Nov 25	17:38:00	1	0	55	0	Ct	0	0	2	1	3	1	11	6	4	4	3	0	1	3	3	4	0	5	2	2	0	0	7	4	3	5	3	3	2	3	3	3	2	2
160175	9 Nov 25	17:39:00	1	0	55	0	Ct	0	0	3	2	4	1	15	4	2	3	3	3	3	3	2	2	5	0	2	2	2	0	2	3	4	5	2	3	2	4	3	3	3	1
160176	9 Nov 25	17:40:00	1	0	55	0	Ct	0	0	3	2	3	2	11	2	4	5	5	3	1	0	5	3	6	4	2	2	1	0	2	2	2	3	2	5	3	2	3	2	3	1
160177	9 Nov 25	17:41:00	1	0	55	0	Ct	0	0	5	1	2	2	10	3	5	2	2	4	1	3	2	2	4	2	1	4	1	0	3	2	1	5	3	2	3	1	8	3	3	2
160178	9 Nov 25	17:42:00	1	0	55	0	Ct	0	0	2	0	4	2	10	2	2	6	0	3	1	5	0	3	10	3	0	1	0	0	2	2	3	1	4	3	2	3	2	7	0	3
160179	9 Nov 25	17:43:00	1	0	55	0	Ct	0	0	6	1	4	1	6	2	2	1	2	2	3	3	2	3	5	2	1	2	0	0	13	3	3	4	2	2	3	3	2	2	2	2
160180	9 Nov 25	17:44:00	1	0	55	0	Ct	0	0	2	1	4	1	7	1	1	4	2	3	1	5	4	1	0	4	2	6	0	0	0	2	3	2	3	1	3	2	2	3	3	3
160181	9 Nov 25	17:45:00	1	0	55	0	Ct	0	0	3	2	4	2	12	3	2	1	1	3	3	4	3	3	3	3	3	2	0	0	2	3	4	6	2	3	3	3	3	3	4	1
160182	9 Nov 25	17:46:00	1	0	55	0	Ct	0	0	4	0	3	1	12	3	0	3	3	2	2	3	6	2	0	4	2	3	2	0	2	2	3	1	3	1	0	1	1	1	3	2
160183	9 Nov 25	17:47:00	1	0	55	0	Ct	0	0	2	3	3	2	8	2	2	5	2	3	1	3	3	4	6	1	0	2	0	0	0	3	4	5	3	1	3	6	3	4	4	2
160184	9 Nov 25	17:48:00	1	0	55	0	Ct	0	0	5	1	4	5	4	3	0	2	1	2	0	4	4	3	0	4	2	2	0	0	4	3	2	3	2	3	3	1	3	4	3	2
160185	9 Nov 25	17:49:00	1	0	55	0	Ct	0	0	3	1	4	1	9	3	0	0	2	4	2	2	3	2	3	3	2	2	0	0	1	2	2	3	2	4	7	2	5	3	2	2
160186	9 Nov 25	17:50:00	1	0	55	0	Ct	0	0	4	1	4	3	11	5	3	1	2	2	1	3	2	1	2	1	1	3	1	0	3	2	3	3	0	2	3	2	3	3	3	3
160187	9 Nov 25	17:51:00	1	0	55	0	Ct	0	0	6	2	2	1	12	2	0	3	3	1	2	3	3	4	4	3	1	3	1	0	5	2	3	5	2	2	1	3	4	3	3	3
160188	9 Nov 25	17:52:00	1	0	55	0	Ct	0	0	3	1	3	4	22	2	0	2	1	4	3	4	1	2	2	5	0	4	0	0	1	1	2	3	2	1	2	5	1	3	3	2
160189	9 Nov 25	17:53:00	1	0	55	0	Ct	0	0	3	1	5	1	5	2	0	2	3	2	1	8	5	3	0	4	1	3	3	0	1	0	3	3	2	2	2	1	3	3	3	5
160190	9 Nov 25	17:54:00	1	0	55	0	Ct	0	0	1	0	3	2	7	1	3	3	1	2	2	6	2	1	3	4	3	3	1	0	4	4	3	4	2	4	5	2	3	2	3	1
160191	9 Nov 25	17:55:00	1	0	55	0	Ct	0	0	3	0	3	3	9	3	1	1	1	1	2	2	5	3	5	3	1	2	0	0	1	3	3	3	2	3	2	2	4	2	3	2
160192	9 Nov 25	17:56:00	1	0	55	0	Ct	0	0	6	1	4	0	17	2	0	4	1	1	2	4	2	3	0	2	3	3	3	0	1	1	3	4	4	3	3	2	1	2	3	3
160193	9 Nov 25	17:57:00	1	0	55	0	Ct	0	0	4	1	4	1	5	3	0	3	2	2	1	2	3	0	2	6	3	2	1	0	2	4	2	4	3	2	4	2	2	3	2	1
160194	9 Nov 25	17:58:00	1	0	55	0	Ct	0	0	2	3	3	2	4	3	0	4	5	3	1	6	2	4	5	3	1	1	1	0	1	2	3	4	2	4	0	3	13	5	4	2
160195	9 Nov 25	17:59:00	1	0	55	0	Ct	0	0	4	2	4	1	10	4	0	5	0	0	3	3	2	2	6	2	1	1	1	0	1	2	4	3	3	4	4	0	4	2	3	1
160196	9 Nov 25	18:00:00	1	0	55	0	Ct	0	0	5	0	2	2	11	2	0	2	4	2	2	8	2	2	9	2	4	2	0	0	1	2	3	4	2	2	2	2	1	6	1	3
160197	9 Nov 25	18:01:00	1	0	55	0	Ct	0	0	3	2	5	5	18	3	1	2	4	2	2	3	2	3	2	1	2	2	0	0	2	4	2	3	1	1	6	3	3	2	2	3
160198	9 Nov 25	18:02:00	1	0	55	0	Ct	0	0	3	2	4	3	9	4	2	2	3	2	2	4	2	2	7	4	2	3	0	0	3	1	5	6	2	3	2	1	2	3	2	1
160199	9 Nov 25	18:03:00	1	0	55	0	Ct	0	0	3	2	4	1	8	2	1	3	1	2	1	4	2	4	0	4	2	2	1	0	1	4	1	1	3	4	2	2	1	3	3	1
160200	9 Nov 25	18:04:00	1	0	55	0	Ct	0	0	3	1	2	2	7	3	4	4	4	3	3	1	2	2	0	4	1	4	1	0	2	2	2	4	1	5	2	2	3	2	4	2
160201	9 Nov 25	18:05:00	1	0	55	0	Ct	0	0	3	4	4	0	9	2	4	2	2	4	2	1	4	4	2	4	1	2	2	0	0	3	3	4	2	3	2	0	4	2	2	3
160202	9 Nov 25	18:06:00	1	0	55	0	Ct	0	0	2	1	4	2	10	1	2	4	2	3	1	3	2	3	2	1	2	3	1	0	0	2	4	4	3	1	2	2	2	1	3	2
160203	9 Nov 25	18:07:00	1	0	55	0	Ct	0	0	3	1	3	1	3	2	3	3	3	3	2	3	3	2	5	3	1	1	1	0	2	3	2	3	2	2	1	1	1	5	4	2
160204	9 Nov 25	18:08:00	1	0	55	0	Ct	0	0	2	2	4	2	15	3	2	1	1	2	1	3	4	1	6	2	1	4	2	0	0	1	2	6	1	3	3	1	1	2	0	1
160205	9 Nov 25	18:09:00	1	0	55	0	Ct	0	0	5	0	5	2	9	2	2	1	3	2	2	1	2	2	1	2	3	2	1	0	1	1	2	4	3	4	1	1	2	4	3	1
160206	9 Nov 25	18:10:00	1	0	55	0	Ct	0	0	1	1	4	0	12	4	2	5	3	2	2	4	2	2	5	4	3	3	0	0	1	1	4	4	3	3	2	1	2	3	5	0
160207	9 Nov 25	18:11:00	1	0	55	0	Ct	0	0	1	4	4	2	8	2	3	7	2	4	1	5	1	2	6	2	1	2	0	0	3	1	3	2	3	2	1	2	3	3	3	2
160208	9 Nov 25	18:12:00	1	0	55	0	Ct	0	0	4	1	4	2	10	2	3	1	2	2	1	1	4	4	0	2	3	1	3	0	1	1	2	4	2	2	4	2	2	1	3	3
160209	9 Nov 25	18:13:00	1	0	55	0	Ct	0	0	3	1	4	1	18	3	1	2	3	2	0	2	1	3	1	2	1	3	1	0	1	4	2	6	2	0	3	2	2	3	3	1
160210	9 Nov 25	18:14:00	1	0	55	0	Ct	0	0	3	0	3	2	7	2	2	3	2	1	2	3	0	1	1	3	1	2	0	0	0	2	1	4	2	3	2	4	5	3	2	3
160211	9 Nov 25	18:15:00	1	0	55	0	Ct	0	0	3	1	6	0	14	4	0	4	2	2	1	2	1	2	3	4	1	1	2	0	4	1	2	4	2	1	2	3	2	4	3	3
160212	9 Nov 25	18:16:00	1	0	55	0	Ct	0	0	3	1	4	3	5	3	4	2	2	0	1	1	2	2	0	1	1	2	0	0	2	4	2	2	3	2	3	2	3	1	5	2
160213	9 Nov 25	18:17:00	1	0	55	0	Ct	0	0	2	2	3	1	7	3	0	3	2	1	2	3	2	1	4	2	1	2	1	0	0	2	3	3	1	2	5	1	3	3	2	2
160214	9 Nov 25	18:18:00	1	0	55	0	Ct	0	0	0	1	3	0	6	5	2	3	3	1	2	2	2	3	4	2	0	1	2	0	1	3	2	2	4	1	1	2	1	4	5	2
160215	9 Nov 25	18:19:00	1	0	55	0	Ct	0	0	5	1	3	2	17	2	2	3	4	3	1	2	2	2	4	1	4	4	6	0	2	3	3	3	2	2	4	2	0	3	3	10
160216	9 Nov 25	18:20:00	1	0	55	0	Ct	0	0	2	2	5	2	11	3	1	0	1	3	6	4	3	2	11	1	1	2	1	0	2	2	2	3	2	3	2	1	3	1	2	3
160217	9 Nov 25	18:21:00	1	0	55	0	Ct	0	0	0	1	4	1	12	2	1	2	0	1	3	4	3	2	7	3	2	3	2	0	1	3	3	5	2	1	3	2	3	3	3	2
160218	9 Nov 25	18:22:00	1	0	55	0	Ct	0	0	3	0	5	1	11	2	1	0	3	3	1	3	3	2	3	1	1	3	1	0	1	3	3	3	2	4	3	1	1	2	1	2
160219	9 Nov 25	18:23:00	1	0	55	0	Ct	0	0	4	1	3	3	7	3	1	1	3	2	3	2	3	2	3	2	1	1	0	0	2	3	3	2	3	1	3	4	1	2	3	2
160220	9 Nov 25	18:24:00	1	0	55	0	Ct	0	0	2	2	2	1	9	2	0	3	2	2	3	4	5	3	0	3	2	4	0	0	1	3	2	3	2	2	3	3	2	4	3	2
160221	9 Nov 25	18:25:00	1	0	55	0	Ct	0	0	4	0	4	2	12	2	1	2	3	2	3	4	6	3	0	0	0	3	0	0	2	1	3	2	2	1	2	1	8	1	3	3
160222	9 Nov 25	18:26:00	1	0	55	0	Ct	0	0	3	1	2	1	5	4	5	2	2	4	3	4	3	2	0	4	3	4	0	0	0	2	1	4	2	2	2	1	8	6	4	3
160223	9 Nov 25	18:27:00	1	0	55	0	Ct	0	0	3	1	4	2	6	3	3	2	2	2	4	3	6	2	0	4	0	2	2	0	1	3	3	4	2	2	2	2	3	5	2	2
160224	9 Nov 25	18:28:00	1	0	55	0	Ct	0	0	1	0	2	2	4	3	1	2	1	1	3	4	3	4	2	8	1	3	2	0	1	2	2	2	3	2	2	0	4	1	1	1
160225	9 Nov 25	18:29:00	1	0	55	0	Ct	0	0	3	2	10	2	19	2	1	2	1	3	0	3	3	4	0	0	1	2	2	0	1	2	4	5	1	2	3	0	2	2	2	2
160226	9 Nov 25	18:30:00	1	0	55	0	Ct	0	0	3	0	3	4	2	4	2	2	3	1	1	4	2	3	0	2	2	0	0	0	1	2	3	4	1	2	1	1	3	10	1	3
160227	9 Nov 25	18:31:00	1	0	55	0	Ct	0	0	6	3	5	3	8	4	0	2	1	3	2	2	2	4	0	5	1	1	1	0	0	3	3	3	1	2	1	1	2	1	3	3
160228	9 Nov 25	18:32:00	1	0	55	0	Ct	0	0	2	2	3	1	9	2	0	3	1	1	2	2	1	1	1	1	1	2	1	0	0	2	3	4	3	3	2	3	2	3	2	1
160229	9 Nov 25	18:33:00	1	0	55	0	Ct	0	0	2	0	2	2	9	2	4	3	2	4	2	3	2	2	6	3	1	1	1	0	3	0	2	5	2	1	2	2	3	5	4	1
160230	9 Nov 25	18:34:00	1	0	55	0	Ct	0	0	2	2	7	0	13	1	2	2	4	4	1	2	2	4	1	5	1	2	3	0	3	1	3	5	4	2	1	1	3	3	5	2
160231	9 Nov 25	18:35:00	1	0	55	0	Ct	0	0	1	2	3	1	10	2	1	2	5	2	3	3	2	2	0	2	1	2	0	0	1	4	2	4	3	2	2	2	2	2	2	5
160232	9 Nov 25	18:36:00	1	0	55	0	Ct	0	0	4	1	6	3	10	1	0	2	3	2	2	4	3	3	2	3	2	2	1	0	1	1	3	2	3	3	2	2	2	2	2	2
160233	9 Nov 25	18:37:00	1	0	55	0	Ct	0	0	3	0	5	0	11	2	1	3	2	1	3	4	3	2	2	1	1	0	1	0	1	3	4	6	3	1	2	1	4	5	4	1
160234	9 Nov 25	18:38:00	1	0	55	0	Ct	0	0	7	1	3	1	3	4	3	1	2	3	2	1	3	1	4	5	2	2	1	0	1	2	3	5	2	2	3	1	1	5	2	3
160235	9 Nov 25	18:39:00	1	0	55	0	Ct	0	0	1	0	6	1	11	3	0	2	1	2	2	4	2	4	9	4	1	3	3	0	3	2	3	2	2	3	1	1	1	3	3	3
160236	9 Nov 25	18:40:00	1	0	55	0	Ct	0	0	4	1	5	1	9	2	0	4	2	2	4	2	4	2	7	0	2	1	0	0	1	1	1	6	2	1	0	2	4	4	3	3
160237	9 Nov 25	18:41:00	1	0	55	0	Ct	0	0	2	1	7	2	5	2	0	3	3	4	1	3	3	4	3	2	0	3	2	0	0	3	5	1	2	1	2	2	4	2	4	2
160238	9 Nov 25	18:42:00	1	0	55	0	Ct	0	0	3	0	4	1	9	4	0	3	2	0	2	4	3	3	3	2	1	2	0	0	2	1	3	4	1	2	1	3	4	4	3	2
160239	9 Nov 25	18:43:00	1	0	55	0	Ct	0	0	4	1	4	1	10	3	0	2	2	2	2	3	3	0	0	2	1	2	3	0	1	3	3	8	2	3	4	7	2	2	2	1
160240	9 Nov 25	18:44:00	1	0	55	0	Ct	0	0	2	1	5	2	8	4	0	3	2	3	2	4	2	2	2	1	0	5	1	0	2	4	2	3	2	2	1	7	3	6	3	3
160241	9 Nov 25	18:45:00	1	0	55	0	Ct	0	0	7	3	4	2	10	2	0	2	3	2	2	3	3	6	7	2	2	3	2	0	2	1	4	4	4	2	4	1	2	3	1	2
160242	9 Nov 25	18:46:00	1	0	55	0	Ct	0	0	2	2	3	0	10	2	0	2	3	5	3	6	3	2	3	3	0	2	1	0	1	3	3	5	2	2	1	1	3	3	2	3
160243	9 Nov 25	18:47:00	1	0	55	0	Ct	0	0	4	1	8	2	10	3	1	2	3	2	1	7	1	3	0	4	3	4	0	0	1	1	3	8	3	2	4	2	4	1	2	2
160244	9 Nov 25	18:48:00	1	0	55	0	Ct	0	0	0	1	5	1	9	3	1	4	5	4	0	2	2	3	0	1	1	2	1	0	3	1	2	6	4	2	2	2	2	4	4	3
160245	9 Nov 25	18:49:00	1	0	55	0	Ct	0	0	4	2	4	0	7	6	1	2	1	2	2	3	4	3	0	2	0	1	2	0	0	3	3	9	3	2	2	2	2	2	2	2
160246	9 Nov 25	18:50:00	1	0	55	0	Ct	0	0	7	0	5	2	14	3	0	2	2	1	1	3	3	3	3	6	2	2	1	0	2	0	2	3	2	3	1	2	4	3	3	2
160247	9 Nov 25	18:51:00	1	0	55	0	Ct	0	0	3	0	3	2	12	2	5	2	7	1	0	3	3	3	7	4	2	2	0	0	5	2	3	2	4	1	1	0	3	2	1	4
160248	9 Nov 25	18:52:00	1	0	55	0	Ct	0	0	3	0	4	2	11	3	0	4	4	2	0	3	2	6	9	3	0	2	1	0	2	4	2	4	2	2	1	4	4	2	3	2
160249	9 Nov 25	18:53:00	1	0	55	0	Ct	0	0	3	1	6	1	13	2	0	6	5	1	0	3	2	2	2	0	4	3	1	0	2	1	3	5	2	2	3	2	4	3	2	3
160250	9 Nov 25	18:54:00	1	0	55	0	Ct	0	0	2	3	4	2	6	3	0	4	2	3	0	4	4	4	9	1	1	2	0	0	2	2	2	3	2	2	2	1	4	2	3	3
160251	9 Nov 25	18:55:00	1	0	55	0	Ct	0	0	6	1	4	1	13	3	0	2	3	2	2	4	1	2	0	3	1	2	1	0	1	2	3	8	4	3	3	2	3	2	4	2
160252	9 Nov 25	18:56:00	1	0	55	0	Ct	0	0	3	3	3	1	7	3	0	1	3	2	3	4	4	2	0	2	2	2	1	0	1	2	3	3	2	3	2	4	3	4	4	1
160253	9 Nov 25	18:57:00	1	0	55	0	Ct	0	0	1	0	4	2	6	2	1	3	3	3	2	2	5	3	2	4	2	2	2	0	1	3	4	2	1	3	2	4	1	2	3	2
160254	9 Nov 25	18:58:00	1	0	55	0	Ct	0	0	5	1	5	2	17	3	2	3	3	3	3	4	4	3	5	5	0	1	1	0	0	2	1	5	2	3	3	1	3	2	2	2
160255	9 Nov 25	18:59:00	1	0	55	0	Ct	0	0	3	2	4	3	3	0	1	2	3	4	1	3	4	2	4	3	2	2	1	0	2	3	4	3	1	2	1	2	2	3	5	2
160256	9 Nov 25	19:00:00	1	0	55	0	Ct	0	0	2	0	5	1	15	3	0	3	2	4	2	0	4	3	5	6	5	2	1	0	0	2	3	4	2	3	8	1	3	4	5	2
160257	9 Nov 25	19:01:00	1	0	55	0	Ct	0	0	2	1	5	2	12	2	0	3	3	4	2	4	9	5	1	5	3	2	3	0	1	2	2	2	2	2	7	3	4	4	5	2
160258	9 Nov 25	19:02:00	1	0	55	0	Ct	0	0	3	1	5	1	7	2	0	5	1	1	2	5	3	4	3	4	2	3	0	0	1	1	2	4	3	3	1	2	4	3	2	2
160259	9 Nov 25	19:03:00	1	0	55	0	Ct	0	0	2	1	6	1	8	5	0	3	3	2	2	2	3	0	2	4	2	2	2	0	2	3	0	3	3	3	2	1	4	7	2	2
160260	9 Nov 25	19:04:00	1	0	55	0	Ct	0	0	2	0	5	3	9	1	0	2	3	2	1	3	2	4	2	5	2	2	0	0	0	2	3	5	2	2	3	1	3	4	5	1
160261	9 Nov 25	19:05:00	1	0	55	0	Ct	0	0	3	1	5	1	7	2	0	2	2	2	2	5	5	4	7	5	1	1	1	0	0	2	3	6	2	2	1	1	4	5	4	3
160262	9 Nov 25	19:06:00	1	0	55	0	Ct	0	0	2	1	5	3	8	3	0	4	7	3	3	7	2	2	3	4	1	2	1	0	1	2	4	3	3	3	4	2	7	4	3	3
160263	9 Nov 25	19:07:00	1	0	55	0	Ct	0	0	3	3	4	2	5	2	0	0	3	2	2	4	2	2	4	3	2	2	1	0	3	4	3	5	5	2	2	2	5	5	4	3
160264	9 Nov 25	19:08:00	1	0	55	0	Ct	0	0	5	1	4	1	4	4	0	4	4	3	3	2	3	2	1	3	1	0	0	0	1	1	3	4	2	0	2	2	6	4	4	0
160265	9 Nov 25	19:09:00	1	0	55	0	Ct	0	0	2	3	6	2	9	4	0	1	2	2	2	3	3	2	0	2	4	3	0	0	0	2	3	6	4	2	5	0	4	3	3	0
160266	9 Nov 25	19:10:00	1	0	55	0	Ct	0	0	2	1	4	4	8	2	0	1	2	3	4	3	2	3	1	3	2	2	1	0	0	3	3	3	2	2	3	1	3	2	3	3
160267	9 Nov 25	19:11:00	1	0	55	0	Ct	0	0	1	0	4	2	8	7	0	2	3	7	0	2	4	3	7	2	1	2	2	0	2	1	2	6	3	5	5	1	3	2	2	4
160268	9 Nov 25	19:12:00	1	0	55	0	Ct	0	0	2	2	4	1	6	3	0	3	3	1	1	3	2	1	4	4	2	0	2	0	0	3	4	2	2	2	2	2	4	2	2	3
160269	9 Nov 25	19:13:00	1	0	55	0	Ct	0	0	4	3	5	3	8	2	0	2	3	3	3	4	5	2	6	3	2	3	1	0	3	1	2	4	3	3	2	2	6	3	4	4
160270	9 Nov 25	19:14:00	1	0	55	0	Ct	0	0	3	2	5	2	4	2	0	0	3	2	3	4	4	2	1	4	2	2	2	0	1	3	1	5	3	3	2	5	5	4	4	3
160271	9 Nov 25	19:15:00	1	0	55	0	Ct	0	0	2	3	4	2	17	2	0	2	3	3	1	3	4	4	0	5	1	2	1	0	4	1	3	4	2	2	2	1	4	3	5	2
160272	9 Nov 25	19:16:00	1	0	55	0	Ct	0	0	1	1	3	1	15	5	0	2	2	0	1	3	2	3	1	3	1	2	0	0	2	1	2	5	3	2	3	2	2	2	2	1
160273	9 Nov 25	19:17:00	1	0	55	0	Ct	0	0	4	0	4	0	7	2	0	2	4	1	4	2	3	3	7	3	0	2	1	0	1	8	3	4	2	2	3	8	4	2	7	3
160274	9 Nov 25	19:18:00	1	0	55	0	Ct	0	0	4	0	5	1	5	4	2	2	2	1	3	5	2	3	1	3	1	2	5	0	0	6	1	3	2	4	3	0	2	4	5	3
160275	9 Nov 25	19:19:00	1	0	55	0	Ct	0	0	3	1	6	1	14	4	2	2	2	5	1	4	4	2	2	5	1	3	1	0	2	1	3	3	7	2	3	2	1	4	1	4
160276	9 Nov 25	19:20:00	1	0	55	0	Ct	0	0	2	3	4	1	10	2	0	2	1	4	2	8	6	4	3	4	2	2	0	0	1	2	3	7	3	2	0	1	4	4	3	2
160277	9 Nov 25	19:21:00	1	0	55	0	Ct	0	0	3	1	5	0	8	3	3	3	3	3	4	4	5	2	8	2	2	2	2	0	1	4	4	4	4	2	3	2	3	3	2	4
160278	9 Nov 25	19:22:00	1	0	55	0	Ct	0	0	4	0	6	3	11	3	1	3	2	1	1	5	6	4	4	4	2	3	2	0	0	5	3	5	3	6	4	2	2	3	6	3
160279	9 Nov 25	19:23:00	1	0	55	0	Ct	0	0	2	0	3	5	9	2	1	1	3	2	0	6	2	4	0	4	2	1	1	0	4	4	4	4	2	3	3	0	3	2	4	1
160280	9 Nov 25	19:24:00	1	0	55	0	Ct	0	0	4	1	4	2	5	3	0	5	3	1	2	2	6	3	0	5	2	4	0	0	1	2	4	4	4	1	1	2	3	2	5	3
160281	9 Nov 25	19:25:00	1	0	55	0	Ct	0	0	1	1	4	1	12	2	0	2	3	4	1	1	5	5	0	6	1	3	4	0	1	3	3	4	4	3	2	3	4	7	3	2
160282	9 Nov 25	19:26:00	1	0	55	0	Ct	0	0	3	1	7	1	9	6	0	3	5	4	3	3	3	5	2	5	2	3	1	0	2	2	2	3	3	3	3	1	5	4	1	4
160283	9 Nov 25	19:27:00	1	0	55	0	Ct	0	0	2	1	3	1	9	2	0	1	1	5	2	4	3	6	0	5	3	2	1	0	3	4	2	4	3	3	3	1	6	3	4	3
160284	9 Nov 25	19:28:00	1	0	55	0	Ct	0	0	2	3	5	2	7	3	0	1	3	2	4	3	3	4	0	5	1	3	3	0	0	2	2	4	2	3	5	1	2	3	3	2
160285	9 Nov 25	19:29:00	1	0	55	0	Ct	0	0	2	1	4	2	9	3	0	2	2	3	1	4	4	3	2	1	1	3	1	0	0	2	4	4	3	3	3	1	4	6	6	2
160286	9 Nov 25	19:30:00	1	0	55	0	Ct	0	0	2	3	4	3	7	2	0	1	1	2	1	6	3	5	0	3	2	1	0	0	2	2	2	4	4	4	3	1	3	3	1	3
160287	9 Nov 25	19:31:00	1	0	55	0	Ct	0	0	3	3	5	1	12	2	0	3	3	3	2	1	4	4	0	4	2	3	4	0	0	3	6	5	3	2	3	1	3	5	7	3
160288	9 Nov 25	19:32:00	1	0	55	0	Ct	0	0	3	2	1	1	9	3	0	3	2	2	1	5	4	4	2	7	2	2	3	0	1	2	4	4	4	1	2	1	3	5	1	2
160289	9 Nov 25	19:33:00	1	0	55	0	Ct	0	0	2	2	5	0	10	3	0	2	2	1	1	2	6	4	9	4	1	3	2	0	2	3	3	6	2	3	2	1	3	2	4	4
160290	9 Nov 25	19:34:00	1	0	55	0	Ct	0	0	2	2	4	0	15	3	0	0	3	1	3	3	4	2	5	7	2	1	4	0	5	3	6	3	2	2	1	2	4	5	1	5
160291	9 Nov 25	19:35:00	1	0	55	0	Ct	0	0	3	2	2	1	20	4	0	4	4	2	1	4	1	3	5	5	2	4	3	0	3	2	4	4	3	2	2	2	4	2	1	3
160292	9 Nov 25	19:36:00	1	0	55	0	Ct	0	0	4	0	4	3	13	4	0	2	3	3	4	5	8	3	0	4	1	3	1	0	4	2	3	6	3	2	3	1	3	3	4	2
160293	9 Nov 25	19:37:00	1	0	55	0	Ct	0	0	3	1	5	2	6	4	0	2	2	2	2	5	2	2	1	4	1	2	0	0	1	3	2	5	2	3	3	1	4	5	4	3
160294	9 Nov 25	19:38:00	1	0	55	0	Ct	0	0	4	1	6	2	7	0	0	2	3	4	3	6	3	4	0	4	3	1	1	0	2	3	2	3	4	2	3	1	2	4	4	2
160295	9 Nov 25	19:39:00	1	0	55	0	Ct	0	0	5	3	3	1	3	4	0	2	2	3	1	5	5	1	4	5	3	2	2	0	4	3	1	4	2	1	1	1	6	5	4	2
160296	9 Nov 25	19:40:00	1	0	55	0	Ct	0	0	1	1	4	2	8	6	0	2	4	3	4	5	4	5	4	1	1	1	1	0	5	2	3	5	1	7	4	1	4	4	2	3
160297	9 Nov 25	19:41:00	1	0	55	0	Ct	0	0	2	1	5	3	8	4	0	0	3	3	4	3	4	6	4	6	3	3	0	0	1	3	5	3	3	4	6	2	2	4	2	2
160298	9 Nov 25	19:42:00	1	0	55	0	Ct	0	0	3	1	7	0	19	3	0	3	4	1	2	2	4	4	0	5	0	2	2	0	1	4	4	4	3	4	3	1	5	4	5	2
160299	9 Nov 25	19:43:00	1	0	55	0	Ct	0	0	3	0	4	1	10	3	0	2	3	2	1	2	3	3	2	3	3	3	1	0	3	3	4	4	3	3	1	1	7	3	4	2
160300	9 Nov 25	19:44:00	1	0	55	0	Ct	0	0	3	1	5	0	14	3	0	3	3	3	2	1	2	5	4	3	1	1	2	0	2	1	4	4	5	3	1	0	3	3	2	3
160301	9 Nov 25	19:45:00	1	0	55	0	Ct	0	0	3	1	3	0	4	3	0	2	6	3	1	4	4	2	9	6	1	3	0	0	0	3	3	2	3	2	1	0	3	4	5	2
160302	9 Nov 25	19:46:00	1	0	55	0	Ct	0	0	2	3	5	0	10	2	0	2	4	1	1	4	3	0	6	4	2	2	1	0	1	2	3	3	3	1	2	0	4	3	7	4
160303	9 Nov 25	19:47:00	1	0	55	0	Ct	0	0	4	1	5	2	9	2	0	3	6	3	2	5	5	3	1	4	2	2	1	0	2	2	4	6	3	2	0	0	2	3	6	3
160304	9 Nov 25	19:48:00	1	0	55	0	Ct	0	0	3	2	5	0	11	1	0	3	5	4	2	2	5	5	0	2	2	1	2	0	3	2	2	3	3	2	2	0	2	4	3	4
160305	9 Nov 25	19:49:00	1	0	55	0	Ct	0	0	3	0	5	2	12	2	0	3	5	3	3	1	4	2	0	4	2	0	1	0	2	1	3	4	3	2	2	0	3	5	5	2
160306	9 Nov 25	19:50:00	1	0	55	0	Ct	0	0	4	1	5	2	2	4	0	3	4	3	2	4	3	5	0	1	3	2	0	0	3	3	3	5	1	2	3	0	4	5	2	4
160307	9 Nov 25	19:51:00	1	0	55	0	Ct	0	0	4	1	3	2	9	2	0	6	3	3	1	2	5	2	0	4	3	1	1	0	1	4	5	4	3	2	1	0	4	4	3	2
160308	9 Nov 25	19:52:00	1	0	55	0	Ct	0	0	5	7	3	2	10	2	0	3	3	3	1	3	4	3	0	5	1	2	3	0	2	2	1	4	3	2	2	0	5	5	3	4
160309	9 Nov 25	19:53:00	1	0	55	0	Ct	0	0	3	2	4	2	14	4	0	5	3	1	3	1	2	3	0	4	1	3	2	0	1	4	5	4	3	2	1	0	6	6	6	3
160310	9 Nov 25	19:54:00	1	0	55	0	Ct	0	0	3	2	5	2	6	4	0	0	4	3	1	4	2	3	3	3	1	2	0	0	1	2	1	6	4	2	5	0	5	4	2	3
160311	9 Nov 25	19:55:00	1	0	55	0	Ct	0	0	3	1	4	1	11	3	0	4	3	4	0	2	5	9	7	4	2	4	1	0	0	2	4	5	6	2	3	2	2	4	3	4
160312	9 Nov 25	19:56:00	1	0	55	0	Ct	0	0	3	1	4	2	24	1	0	2	3	3	2	2	3	6	0	4	2	3	2	0	0	2	4	2	3	2	5	0	2	4	4	4
160313	9 Nov 25	19:57:00	1	0	55	0	Ct	0	0	7	1	5	1	11	3	0	3	3	3	2	4	3	6	0	4	1	1	4	0	1	2	3	8	3	2	4	0	3	4	3	3
160314	9 Nov 25	19:58:00	1	0	55	0	Ct	0	0	4	0	3	0	8	2	0	3	4	3	3	3	4	4	0	5	2	2	9	0	4	2	4	4	4	1	3	0	5	4	2	3
160315	9 Nov 25	19:59:00	1	0	55	0	Ct	0	0	3	1	3	2	10	2	0	0	1	2	0	3	3	5	0	4	2	4	1	0	1	2	4	6	5	2	5	2	6	2	3	4
160316	9 Nov 25	20:00:00	1	0	55	0	Ct	0	0	5	2	4	1	11	2	0	2	2	1	3	2	10	4	0	3	2	2	1	0	2	4	2	3	3	3	7	0	3	3	4	3
160317	9 Nov 25	20:01:00	1	0	55	0	Ct	0	0	4	2	4	4	12	3	0	4	2	2	2	0	2	3	2	1	1	1	2	0	3	4	3	5	1	2	5	0	3	6	5	5
160318	9 Nov 25	20:02:00	1	0	55	0	Ct	0	0	7	0	7	3	9	3	0	3	3	3	0	1	3	3	0	3	1	8	2	0	1	4	3	4	3	5	1	0	4	3	6	2
160319	9 Nov 25	20:03:00	1	0	55	0	Ct	0	0	5	0	5	1	16	1	0	2	2	2	1	3	3	5	2	3	1	2	1	0	6	3	2	6	4	2	0	0	3	5	6	4
160320	9 Nov 25	20:04:00	1	0	55	0	Ct	0	0	4	1	6	1	5	2	0	2	1	4	3	4	3	3	2	3	2	3	3	0	0	4	6	4	10	2	2	0	3	3	3	3
160321	9 Nov 25	20:05:00	1	0	55	0	Ct	0	0	3	2	3	1	3	3	0	2	5	2	3	4	4	3	0	3	2	3	3	0	0	2	3	6	2	4	2	0	4	4	3	4
160322	9 Nov 25	20:06:00	1	0	55	0	Ct	0	0	3	1	4	3	11	2	0	0	1	2	1	5	10	4	3	5	1	2	1	0	2	4	3	7	3	4	5	0	2	3	5	4
160323	9 Nov 25	20:07:00	1	0	55	0	Ct	0	0	2	0	5	1	25	3	0	2	2	3	3	2	2	2	0	3	2	2	3	0	1	2	4	5	3	2	3	0	0	3	2	2
160324	9 Nov 25	20:08:00	1	0	55	0	Ct	0	0	3	1	4	3	12	1	0	0	3	0	3	1	3	4	0	4	2	3	2	0	1	2	5	5	2	3	3	0	1	3	2	3
160325	9 Nov 25	20:09:00	1	0	55	0	Ct	0	0	4	2	4	1	6	3	0	3	4	3	1	1	4	2	0	5	3	3	1	0	0	2	3	4	3	2	3	0	7	4	3	3
160326	9 Nov 25	20:10:00	1	0	55	0	Ct	0	0	3	1	5	0	13	2	0	1	6	5	2	2	2	2	0	5	2	3	3	0	2	3	2	4	2	3	1	0	3	2	3	4
160327	9 Nov 25	20:11:00	1	0	55	0	Ct	0	0	2	1	6	0	11	2	0	2	3	1	1	5	3	2	0	5	2	2	2	0	0	2	4	4	3	1	3	0	2	3	4	4
160328	9 Nov 25	20:12:00	1	0	55	0	Ct	0	0	4	1	6	0	4	3	0	2	4	0	1	5	4	2	0	6	2	2	0	0	0	2	3	4	3	2	7	0	6	6	4	4
160329	9 Nov 25	20:13:00	1	0	55	0	Ct	0	0	2	1	7	1	10	2	0	2	2	4	2	2	2	4	0	4	2	3	0	0	2	3	3	3	2	1	4	0	3	5	4	1
160330	9 Nov 25	20:14:00	1	0	55	0	Ct	0	0	3	3	4	1	15	3	0	2	3	2	2	6	4	4	1	6	2	2	0	0	0	2	3	4	3	1	3	0	5	4	5	3
160331	9 Nov 25	20:15:00	1	0	55	0	Ct	0	0	3	1	6	0	15	4	0	0	2	0	2	4	6	2	9	6	2	3	2	0	0	2	4	3	2	2	2	0	3	9	3	3
160332	9 Nov 25	20:16:00	1	0	55	0	Ct	0	0	5	1	3	0	8	2	0	2	4	3	0	3	2	0	5	3	2	2	3	0	2	2	3	6	1	1	4	0	3	6	4	3
160333	9 Nov 25	20:17:00	1	0	55	0	Ct	0	0	6	5	3	0	11	0	0	2	2	2	1	4	6	1	0	3	5	2	0	0	0	4	0	3	3	1	1	0	0	3	3	4
160334	9 Nov 25	20:18:00	1	0	55	0	Ct	0	0	1	2	6	0	9	2	0	4	2	3	0	2	1	3	0	4	2	0	2	0	1	2	4	4	2	0	2	0	2	2	3	4
160335	9 Nov 25	20:19:00	1	0	55	0	Ct	0	0	4	2	4	0	10	3	0	4	5	0	1	2	3	3	0	6	4	1	1	0	1	3	3	3	4	0	2	0	5	2	5	3
160336	9 Nov 25	20:20:00	1	0	55	0	Ct	0	0	2	3	5	0	16	1	0	4	3	2	2	3	3	4	0	2	4	2	2	0	1	3	3	4	3	0	4	0	3	4	1	3
160337	9 Nov 25	20:21:00	1	0	55	0	Ct	0	0	0	5	5	2	13	2	0	3	4	4	0	3	2	4	5	5	4	2	5	0	0	2	4	5	3	0	1	0	4	4	3	4
160338	9 Nov 25	20:22:00	1	0	55	0	Ct	0	0	3	3	5	0	10	3	0	2	4	1	2	3	4	3	2	3	1	3	5	0	1	2	5	3	2	0	2	0	1	6	3	2
160339	9 Nov 25	20:23:00	1	0	55	0	Ct	0	0	1	1	5	0	4	3	0	1	1	0	3	3	4	6	9	4	4	4	10	0	0	2	3	2	4	0	2	0	5	5	6	3
160340	9 Nov 25	20:24:00	1	0	55	0	Ct	0	0	3	5	5	0	9	4	0	2	1	1	2	2	5	5	0	7	1	1	0	0	2	2	4	5	2	0	2	0	5	5	1	3
160341	9 Nov 25	20:25:00	1	0	55	0	Ct	0	0	3	1	4	0	12	1	0	0	4	0	3	5	3	6	0	6	3	5	2	0	0	2	3	5	2	0	0	0	2	4	4	6
160342	9 Nov 25	20:26:00	1	0	55	0	Ct	0	0	1	1	5	0	7	0	0	0	3	1	1	3	2	2	0	4	2	3	5	0	1	2	3	0	4	0	2	0	3	2	2	3
160343	9 Nov 25	20:27:00	1	0	55	0	Ct	0	0	3	3	5	0	11	0	0	1	2	1	1	3	5	2	0	2	2	4	0	0	1	3	4	7	2	0	3	0	5	3	3	4
160344	9 Nov 25	20:28:00	1	0	55	0	Ct	0	0	2	2	5	0	8	0	0	3	4	1	1	0	6	5	0	3	1	4	1	0	1	3	3	4	4	2	1	0	3	2	2	3
160345	9 Nov 25	20:29:00	1	0	55	0	Ct	0	0	3	4	5	0	11	2	0	4	3	2	2	3	3	1	0	3	3	2	3	0	5	7	3	4	2	0	2	0	5	3	6	3
160346	9 Nov 25	20:30:00	1	0	55	0	Ct	0	0	3	0	5	2	20	0	0	0	2	4	1	6	13	5	6	5	2	2	1	0	2	8	3	4	3	0	2	0	1	4	2	3
160347	9 Nov 25	20:31:00	1	0	55	0	Ct	0	0	7	5	4	0	4	0	0	0	13	8	0	0	2	4	2	6	2	1	0	0	0	4	3	4	2	0	1	0	5	4	5	4
160348	9 Nov 25	20:32:00	1	0	55	0	Ct	0	0	6	2	5	0	9	0	0	2	10	2	0	0	3	5	3	3	1	3	0	0	0	4	4	4	3	0	1	0	4	4	4	4
160349	9 Nov 25	20:33:00	1	0	55	0	Ct	0	0	5	2	4	0	13	0	0	4	3	0	2	0	11	2	2	2	1	2	0	0	0	3	6	5	2	2	3	0	3	4	4	3
160350	9 Nov 25	20:34:00	1	0	55	0	Ct	0	0	3	1	5	0	21	0	0	2	3	0	1	0	3	2	1	3	2	1	0	0	2	8	3	3	1	0	4	0	4	5	4	3
160351	9 Nov 25	20:35:00	1	0	55	0	Ct	0	0	4	2	6	0	5	0	0	4	4	0	3	0	3	3	0	5	2	2	0	0	3	4	3	5	2	0	3	0	4	4	7	2
160352	9 Nov 25	20:36:00	1	0	55	0	Ct	0	0	4	1	6	0	0	0	0	3	4	0	3	0	4	4	2	1	3	1	0	0	0	3	3	3	4	0	3	0	2	1	3	3
160353	9 Nov 25	20:37:00	1	0	55	0	Ct	0	0	3	2	6	0	8	0	0	2	4	0	3	0	0	0	2	2	1	3	0	0	0	3	5	3	2	3	3	0	4	4	3	3
160354	9 Nov 25	20:38:00	1	0	55	0	Ct	0	0	2	1	6	0	8	0	0	5	5	0	1	0	2	2	1	2	1	1	0	0	6	1	3	6	2	0	1	0	4	2	4	1
160355	9 Nov 25	20:39:00	1	0	55	0	Ct	0	0	5	0	5	0	8	0	0	2	1	0	1	0	0	2	2	2	1	3	0	0	0	1	2	6	3	0	6	0	3	4	4	8
160356	9 Nov 25	20:40:00	1	0	55	0	Ct	0	0	2	0	4	0	11	0	0	1	3	0	3	0	4	3	2	2	1	6	0	0	0	3	1	3	0	0	1	0	3	3	3	3
160357	9 Nov 25	20:41:00	1	0	55	0	Ct	0	0	4	4	4	0	7	0	0	3	3	1	5	0	1	3	0	1	3	4	0	0	4	1	3	6	1	0	3	0	0	6	4	4
160358	9 Nov 25	20:42:00	1	0	55	0	Ct	0	0	3	1	4	0	19	0	0	3	3	1	0	0	1	5	7	4	3	3	0	0	0	2	3	1	2	0	3	0	3	3	2	4
160359	9 Nov 25	20:43:00	1	0	55	0	Ct	0	0	4	2	6	0	19	0	0	1	3	2	2	0	4	2	5	5	2	1	0	0	0	3	4	4	1	0	0	0	7	3	7	2
160360	9 Nov 25	20:44:00	1	0	55	0	Ct	0	0	5	4	4	0	0	0	0	0	4	2	1	0	2	4	0	4	2	1	0	0	0	1	2	4	2	0	2	0	5	2	4	3
160361	9 Nov 25	20:45:00	1	0	55	0	Ct	0	0	2	10	5	0	8	0	0	3	3	0	3	0	0	0	0	4	1	3	0	0	7	0	1	3	1	0	4	0	5	3	5	3
160362	9 Nov 25	20:46:00	1	0	55	0	Ct	0	0	10	2	5	0	12	0	0	1	3	0	1	2	0	0	0	4	1	4	0	0	0	3	1	2	3	0	1	0	5	2	7	3
160363	9 Nov 25	20:47:00	1	0	55	0	Ct	0	0	4	1	5	0	6	0	0	2	3	0	1	0	2	0	0	4	5	2	0	0	1	3	2	3	2	0	1	0	6	3	5	3
160364	9 Nov 25	20:48:00	1	0	55	0	Ct	0	0	3	3	4	0	9	0	0	0	3	0	1	0	4	3	0	3	1	1	0	0	1	3	2	4	1	0	1	0	5	1	4	5
160365	9 Nov 25	20:49:00	1	0	55	0	Ct	0	0	3	1	3	0	11	0	0	0	3	0	2	0	1	2	0	4	3	1	0	0	1	4	3	4	3	0	2	0	4	1	5	3
160366	9 Nov 25	20:50:00	1	0	55	0	Ct	0	0	3	0	4	0	5	0	0	0	3	0	0	0	3	2	0	2	3	3	0	0	1	2	2	5	0	0	1	0	2	4	5	3
160367	9 Nov 25	20:51:00	1	0	55	0	Ct	0	0	7	2	3	0	0	0	0	0	2	0	2	0	2	2	0	1	6	2	0	0	0	3	3	5	1	0	4	0	7	3	4	3
160368	9 Nov 25	20:52:00	1	0	55	0	Ct	0	0	4	3	6	0	0	0	0	0	3	0	2	0	2	2	0	0	3	1	0	0	2	2	2	2	0	0	4	0	1	3	4	5
160369	9 Nov 25	20:53:00	1	0	55	0	Ct	0	0	1	1	4	0	11	0	0	0	4	0	1	0	0	2	0	3	5	3	0	0	2	3	1	4	1	0	2	0	3	8	2	3
160370	9 Nov 25	20:54:00	1	0	55	0	Ct	0	0	4	3	5	0	4	0	0	0	3	0	0	0	0	2	0	3	3	2	0	0	0	1	0	4	0	0	0	0	6	2	4	2
160371	9 Nov 25	20:55:00	1	0	55	0	Ct	0	0	6	4	5	0	3	0	0	0	3	0	0	0	0	0	0	3	1	0	0	0	0	3	0	4	4	0	1	0	7	5	4	2
160372	9 Nov 25	20:56:00	1	0	55	0	Ct	0	0	9	1	5	0	4	0	0	0	1	0	2	0	0	2	0	1	3	1	0	0	0	1	2	1	5	0	5	0	2	3	3	1
160373	9 Nov 25	20:57:00	1	0	55	0	Ct	0	0	3	0	4	0	3	0	0	0	1	0	2	0	2	0	0	3	3	2	0	0	0	3	2	4	0	0	0	0	3	3	4	3
160374	9 Nov 25	20:58:00	1	0	55	0	Ct	0	0	4	0	6	0	8	0	0	0	1	0	3	0	0	0	0	4	1	1	0	0	2	2	0	4	1	0	2	0	3	0	4	2
160375	9 Nov 25	20:59:00	1	0	55	0	Ct	0	0	6	1	5	0	8	0	0	0	1	0	1	0	0	5	0	6	2	1	2	0	4	2	3	3	5	0	0	0	3	4	4	4
160376	9 Nov 25	21:00:00	1	0	55	0	Ct	0	0	5	3	3	0	8	1	0	0	3	0	1	0	0	2	0	2	2	1	2	0	4	2	3	4	1	0	0	0	2	3	7	3
160377	9 Nov 25	21:01:00	1	0	55	0	Ct	0	0	2	1	5	0	19	0	0	1	4	0	1	0	0	2	0	2	2	1	2	0	7	0	2	4	0	0	0	0	2	2	4	5
160378	9 Nov 25	21:02:00	1	0	55	0	Ct	0	0	5	2	7	0	0	0	0	1	1	0	0	7	2	2	0	4	3	1	6	0	1	0	4	2	1	0	0	0	4	4	4	2
160379	9 Nov 25	21:03:00	1	0	55	0	Ct	0	0	7	1	3	0	0	0	0	3	2	0	0	1	2	3	0	4	2	2	4	0	1	0	2	5	0	0	0	0	0	4	2	3
160380	9 Nov 25	21:04:00	1	0	55	0	Ct	0	0	4	1	5	0	0	0	0	0	3	0	0	0	0	2	0	2	3	3	2	0	3	0	2	4	1	0	0	0	2	2	1	2
160381	9 Nov 25	21:05:00	1	0	55	0	Ct	0	0	4	4	4	0	0	0	0	0	1	0	0	0	0	2	0	3	1	3	2	0	7	0	3	4	1	0	0	0	4	3	8	1
160382	9 Nov 25	21:06:00	1	0	55	0	Ct	0	0	3	0	1	0	0	0	0	0	3	2	2	0	0	0	0	3	2	2	3	0	6	0	3	3	0	0	0	0	5	4	3	2
160383	9 Nov 25	21:07:00	1	0	55	0	Ct	0	0	4	0	2	0	0	0	0	0	4	0	2	0	0	0	6	3	2	4	2	0	4	2	4	3	0	0	0	0	3	2	2	0
160384	9 Nov 25	21:08:00	1	0	55	0	Ct	0	0	2	0	5	0	2	0	0	0	3	0	2	0	0	2	0	6	3	1	0	0	5	2	2	1	2	0	4	0	2	4	4	2
160385	9 Nov 25	21:09:00	1	0	55	0	Ct	0	0	2	0	5	0	4	0	0	0	0	0	2	0	0	2	0	0	2	1	0	0	2	0	2	4	1	0	0	0	4	4	3	3
160386	9 Nov 25	21:10:00	1	0	55	0	Ct	0	0	1	3	5	0	14	0	0	0	0	2	4	1	0	6	0	0	3	0	0	0	2	0	1	2	2	0	0	0	3	5	3	4
160387	9 Nov 25	21:11:00	1	0	55	0	Ct	0	0	4	0	5	0	2	0	0	0	0	0	4	0	0	2	0	0	4	1	0	0	4	0	3	6	0	0	0	0	2	3	3	2
160388	9 Nov 25	21:12:00	1	0	55	0	Ct	0	0	4	2	3	0	8	0	0	0	0	0	3	0	0	2	0	0	0	1	0	0	1	0	2	4	2	2	0	0	3	4	4	1
160389	9 Nov 25	21:13:00	1	0	55	0	Ct	0	0	3	0	5	0	8	0	0	0	0	0	3	0	0	0	0	5	2	2	2	0	0	0	0	2	3	0	0	0	0	1	1	2
160390	9 Nov 25	21:14:00	1	0	55	0	Ct	0	0	2	1	5	0	2	2	0	0	0	0	3	0	0	0	0	2	1	0	3	0	1	0	2	2	3	0	0	0	1	3	3	3
160391	9 Nov 25	21:15:00	1	0	55	0	Ct	0	0	5	2	5	0	12	0	0	0	0	0	2	0	0	0	0	5	3	1	3	0	0	0	3	3	0	0	0	0	19	3	4	3
160392	9 Nov 25	21:16:00	1	0	55	0	Ct	0	0	2	0	4	2	2	0	0	0	0	0	1	0	0	0	0	3	2	4	3	0	2	0	2	4	1	0	0	0	7	2	2	4
160393	9 Nov 25	21:17:00	1	0	55	0	Ct	0	0	2	2	6	4	5	0	0	0	0	0	3	0	0	0	0	5	0	1	2	0	0	0	0	4	0	0	0	0	0	2	5	3
160394	9 Nov 25	21:18:00	1	0	55	0	Ct	0	0	3	1	5	0	0	0	0	0	0	0	2	0	0	0	0	3	2	0	10	0	2	0	0	4	0	0	0	0	0	2	4	2
160395	9 Nov 25	21:19:00	1	0	55	0	Ct	0	0	4	1	5	6	7	0	0	0	0	0	2	0	0	0	0	0	2	2	2	0	0	0	0	3	0	0	2	0	0	2	4	1
160396	9 Nov 25	21:20:00	1	0	55	0	Ct	0	0	2	0	3	2	7	0	0	0	0	0	2	0	0	1	0	4	1	1	1	0	0	0	0	2	0	0	0	0	0	1	3	2
160397	9 Nov 25	21:21:00	1	0	55	0	Ct	0	0	4	1	0	3	9	0	0	0	0	0	2	0	0	1	0	4	2	2	1	0	0	0	0	2	1	0	0	0	0	1	3	1
160398	9 Nov 25	21:22:00	1	0	55	0	Ct	0	0	3	0	3	2	23	0	0	0	2	0	2	0	0	0	0	3	4	1	1	0	2	0	1	4	2	0	0	0	0	3	3	3
160399	9 Nov 25	21:23:00	1	0	55	0	Ct	0	0	3	0	4	3	6	0	0	0	0	0	4	0	0	0	0	3	0	2	2	0	0	0	1	2	2	0	0	0	0	4	4	0
160400	9 Nov 25	21:24:00	1	0	55	0	Ct	0	0	5	0	3	5	31	0	0	0	0	0	3	0	0	0	0	1	3	0	1	0	1	0	0	1	2	0	0	0	0	3	4	0
160401	9 Nov 25	21:25:00	1	0	55	0	Ct	0	0	4	0	4	2	1	0	0	0	0	0	3	0	0	0	0	1	22	2	1	0	1	0	0	4	4	0	0	0	0	2	4	0
160402	9 Nov 25	21:26:00	1	0	55	0	Ct	0	0	0	0	3	2	0	0	0	0	0	0	2	0	0	0	0	0	2	1	0	0	1	0	0	4	4	0	0	0	0	3	5	0
160403	9 Nov 25	21:27:00	1	0	55	0	Ct	0	0	0	0	2	1	0	0	0	0	0	0	2	0	0	0	5	0	2	2	2	0	0	0	0	2	1	0	0	0	0	5	3	2
160404	9 Nov 25	21:28:00	1	0	55	0	Ct	0	0	3	1	4	1	0	0	0	0	0	0	4	0	0	0	0	1	2	0	2	0	0	0	0	2	3	2	0	0	0	3	3	2
160405	9 Nov 25	21:29:00	1	0	55	0	Ct	0	0	3	1	4	0	0	0	0	0	0	0	2	0	0	0	0	3	2	0	2	0	0	0	0	0	3	0	0	0	0	5	1	4
160406	9 Nov 25	21:30:00	1	0	55	0	Ct	0	0	3	0	0	2	0	0	2	0	0	0	2	0	0	0	0	0	0	0	1	0	0	0	0	2	4	0	0	0	0	4	3	2
160407	9 Nov 25	21:31:00	1	0	55	0	Ct	0	0	3	0	2	2	0	0	0	0	0	0	1	0	0	0	3	0	0	0	4	0	0	0	0	4	2	0	0	0	0	3	3	2
160408	9 Nov 25	21:32:00	1	0	55	0	Ct	0	0	2	0	4	0	0	0	0	0	0	0	2	0	0	2	9	0	1	0	1	0	0	0	0	4	2	0	0	0	0	3	2	3
160409	9 Nov 25	21:33:00	1	0	55	0	Ct	0	0	4	0	3	1	7	0	0	0	0	0	1	0	0	0	11	0	1	0	1	0	0	0	0	4	2	0	0	0	0	4	3	2
160410	9 Nov 25	21:34:00	1	0	55	0	Ct	0	0	3	0	1	1	0	0	0	0	0	0	1	0	0	3	1	0	0	0	0	0	0	0	0	4	4	0	0	0	2	2	2	2
160411	9 Nov 25	21:35:00	1	0	55	0	Ct	0	0	4	0	3	1	0	0	0	0	0	0	2	0	0	0	2	0	2	0	0	0	0	0	0	4	1	0	0	0	0	2	3	1
160412	9 Nov 25	21:36:00	1	0	55	0	Ct	0	0	8	0	3	2	0	0	0	0	0	0	1	0	0	0	0	0	2	2	0	0	0	6	0	3	2	0	0	0	5	3	0	1
160413	9 Nov 25	21:37:00	1	0	55	0	Ct	0	0	3	0	3	3	0	0	0	0	0	0	1	0	0	0	0	0	2	0	0	0	0	0	1	4	1	0	0	0	1	3	0	2
160414	9 Nov 25	21:38:00	1	0	55	0	Ct	0	0	3	0	4	1	0	0	0	0	0	0	0	0	0	0	3	0	2	0	0	0	0	0	3	2	2	0	0	0	0	3	0	1
160415	9 Nov 25	21:39:00	1	0	55	0	Ct	0	0	4	0	4	1	3	0	0	0	0	0	1	0	0	0	1	0	0	2	0	0	2	0	3	3	2	0	0	0	0	4	0	1
160416	9 Nov 25	21:40:00	1	0	55	0	Ct	0	0	1	0	0	0	0	0	0	0	0	0	1	0	0	0	7	1	1	0	0	0	0	0	0	4	2	0	0	0	0	2	0	0
160417	9 Nov 25	21:41:00	1	0	55	0	Ct	0	0	0	0	0	1	0	0	0	0	0	0	4	0	0	0	0	1	1	0	0	0	0	0	9	3	1	0	0	0	0	8	0	1
160418	9 Nov 25	21:42:00	1	0	55	0	Ct	0	0	0	0	0	1	0	0	0	0	0	0	3	0	0	0	0	0	2	0	0	0	0	0	2	1	1	0	0	0	0	7	0	1
160419	9 Nov 25	21:43:00	1	0	55	0	Ct	0	0	0	0	0	0	0	0	0	0	0	0	2	0	0	0	1	0	2	0	0	0	0	0	5	4	2	0	0	0	0	3	0	0
160420	9 Nov 25	21:44:00	1	0	55	0	Ct	0	0	0	0	2	0	0	0	0	0	0	0	0	0	0	0	2	0	0	0	0	0	6	0	3	2	4	0	0	0	0	3	0	0
160421	9 Nov 25	21:45:00	1	0	55	0	Ct	0	0	0	0	0	1	0	0	0	0	0	0	1	0	0	0	4	2	0	0	0	0	2	0	0	3	3	0	0	0	0	2	0	4
160422	9 Nov 25	21:46:00	1	0	55	0	Ct	0	0	0	0	1	1	1	0	0	0	0	0	4	0	1	0	0	2	0	2	0	0	0	0	3	3	0	0	0	0	0	5	0	1
160423	9 Nov 25	21:47:00	1	0	55	0	Ct	0	0	0	0	6	0	6	0	0	0	0	0	1	0	5	0	0	0	0	0	0	0	6	0	4	4	1	3	0	0	0	5	0	0
160424	9 Nov 25	21:48:00	1	0	55	0	Ct	0	0	0	0	3	0	0	0	0	0	0	2	2	0	0	2	3	0	0	0	0	0	4	0	4	0	0	0	0	0	0	2	0	0
160425	9 Nov 25	21:49:00	1	0	55	0	Ct	0	0	2	0	0	0	0	0	0	0	0	0	4	0	0	1	0	0	0	0	0	0	4	0	2	4	0	0	0	0	0	3	0	0
160426	9 Nov 25	21:50:00	1	0	55	0	Ct	0	0	0	0	2	1	4	0	0	0	0	0	7	0	0	0	0	0	2	0	0	0	0	0	2	3	0	0	0	0	0	4	0	2
160427	9 Nov 25	21:51:00	1	0	55	0	Ct	0	0	0	0	4	1	8	0	0	0	0	2	6	3	0	0	0	0	0	0	0	0	0	0	2	3	2	0	0	0	0	3	2	0
160428	9 Nov 25	21:52:00	1	0	55	0	Ct	0	0	0	0	3	0	12	0	0	0	0	0	0	4	0	0	0	0	0	0	0	0	0	0	4	3	1	0	0	0	0	3	0	0
160429	9 Nov 25	21:53:00	1	0	55	0	Ct	0	0	0	0	5	0	5	0	0	0	0	0	0	0	0	0	1	0	0	0	1	0	0	0	3	2	1	0	0	0	0	3	0	0
160430	9 Nov 25	21:54:00	1	0	55	0	Ct	0	0	0	0	1	0	8	0	0	0	0	0	1	0	0	0	2	0	2	0	1	0	0	0	3	4	0	0	0	0	0	3	0	0
160431	9 Nov 25	21:55:00	1	0	55	0	Ct	0	0	0	0	2	0	5	0	0	0	0	0	3	0	0	2	1	0	0	0	0	0	0	0	2	2	2	2	0	0	2	2	2	2
160432	9 Nov 25	21:56:00	1	0	55	0	Ct	0	0	0	0	2	0	4	0	0	0	0	0	3	0	0	1	0	0	2	0	0	0	0	0	2	4	2	0	0	0	2	5	0	0
160433	9 Nov 25	21:57:00	1	0	55	0	Ct	0	0	0	0	3	0	10	0	0	0	0	0	2	0	0	4	0	0	1	0	0	0	0	0	4	3	2	5	0	0	8	1	3	2
160434	9 Nov 25	21:58:00	1	0	55	0	Ct	0	0	0	0	3	0	6	2	0	0	0	0	3	0	0	0	0	0	1	0	0	0	1	0	2	3	1	3	0	0	3	4	1	0
160435	9 Nov 25	21:59:00	1	0	55	0	Ct	0	0	0	0	0	0	7	2	0	0	0	0	3	0	0	5	0	0	0	0	0	0	0	0	2	5	1	0	0	0	0	3	0	2
160436	9 Nov 25	22:00:00	1	0	55	0	Ct	0	0	0	0	0	0	4	0	0	0	0	0	1	0	0	2	0	0	0	0	0	0	0	0	3	3	2	2	0	0	0	2	0	1
160437	9 Nov 25	22:01:00	1	0	55	0	Ct	0	0	0	0	0	0	1	3	0	0	0	0	1	0	0	0	0	0	0	0	0	0	0	0	1	2	4	0	3	0	0	8	0	0
160438	9 Nov 25	22:02:00	1	0	55	0	Ct	0	0	0	0	0	0	0	1	0	0	0	0	2	0	0	2	3	0	0	0	0	0	7	0	4	3	2	0	0	0	0	3	0	0
160439	9 Nov 25	22:03:00	1	0	55	0	Ct	0	0	0	0	1	0	6	0	0	0	0	0	2	0	0	2	1	0	0	0	0	0	0	0	2	4	3	0	0	0	1	1	0	0
160440	9 Nov 25	22:04:00	1	0	55	0	Ct	0	0	0	0	3	0	6	2	0	0	0	0	0	0	0	0	2	4	0	0	0	0	1	0	2	3	1	0	0	0	0	2	0	0
160441	9 Nov 25	22:05:00	1	0	55	0	Ct	0	0	0	0	2	0	7	1	0	0	0	0	2	0	0	0	7	6	0	0	0	0	7	0	2	2	1	0	3	0	2	3	0	0
160442	9 Nov 25	22:06:00	1	0	55	0	Ct	0	0	0	0	2	0	2	5	0	0	0	0	1	0	0	0	2	2	0	0	0	0	2	0	4	2	2	0	0	0	0	4	0	2
160443	9 Nov 25	22:07:00	1	0	55	0	Ct	0	0	0	0	2	0	26	2	0	0	0	5	0	0	0	3	0	2	0	0	0	0	0	0	0	4	2	0	3	0	1	2	0	0
160444	9 Nov 25	22:08:00	1	0	55	0	Ct	0	0	0	0	1	0	1	1	0	0	0	2	1	0	0	4	0	4	0	0	0	0	0	0	3	5	2	0	1	0	3	3	0	0
160445	9 Nov 25	22:09:00	1	0	55	0	Ct	0	0	0	0	1	0	18	2	0	0	0	1	1	0	0	3	0	3	0	0	0	0	0	0	3	5	0	0	0	0	4	3	0	0
160446	9 Nov 25	22:10:00	1	0	55	0	Ct	0	0	0	0	0	0	9	2	0	0	0	4	0	0	0	2	0	1	2	2	0	0	0	0	0	1	0	0	3	0	4	3	3	0
160447	9 Nov 25	22:11:00	1	0	55	0	Ct	0	0	0	0	0	0	5	2	0	0	0	2	0	0	0	2	1	2	0	0	0	0	0	0	0	6	2	0	2	0	5	2	0	0
160448	9 Nov 25	22:12:00	1	0	55	0	Ct	0	0	0	0	0	0	4	2	0	0	0	2	0	0	0	2	0	0	0	0	2	0	0	0	3	6	0	0	0	0	0	3	0	1
160449	9 Nov 25	22:13:00	1	0	55	0	Ct	0	0	0	0	0	0	0	0	0	0	0	2	0	0	0	0	0	1	0	0	0	0	0	0	3	2	0	0	0	0	2	3	0	2
160450	9 Nov 25	22:14:00	1	0	55	0	Ct	0	0	0	0	0	0	16	2	0	0	0	4	0	0	0	4	2	3	0	0	0	0	0	0	2	3	0	0	1	0	0	3	0	0
160451	9 Nov 25	22:15:00	1	0	55	0	Ct	0	0	0	0	1	0	0	2	0	0	0	2	0	0	0	4	0	2	0	0	0	0	0	0	2	3	0	0	1	0	3	3	0	0
160452	9 Nov 25	22:16:00	1	0	55	0	Ct	0	0	0	0	3	0	7	0	0	0	0	2	0	0	0	2	0	3	0	0	0	0	0	0	2	4	0	0	4	0	3	3	0	0
160453	9 Nov 25	22:17:00	1	0	55	0	Ct	0	0	0	0	5	0	0	0	0	0	0	1	0	0	0	3	0	0	0	0	0	0	0	0	2	3	0	0	1	0	6	2	0	0
160454	9 Nov 25	22:18:00	1	0	55	0	Ct	0	0	0	0	0	0	0	2	0	0	0	6	0	0	0	4	0	4	0	0	0	0	0	0	3	5	0	0	0	0	6	1	0	0
160455	9 Nov 25	22:19:00	1	0	55	0	Ct	0	0	0	0	4	0	0	2	0	0	0	3	0	0	0	3	1	3	0	0	0	0	0	0	1	4	0	0	1	0	3	0	0	0
160456	9 Nov 25	22:20:00	1	0	55	0	Ct	0	0	0	0	1	0	0	4	7	0	0	2	1	0	0	0	1	1	0	0	0	0	0	0	3	6	1	0	4	0	2	2	0	0
160457	9 Nov 25	22:21:00	1	0	55	0	Ct	0	0	0	0	1	0	0	1	0	0	0	2	1	0	0	3	0	1	2	0	0	0	0	0	3	4	1	0	3	0	2	2	0	0
160458	9 Nov 25	22:22:00	1	0	55	0	Ct	0	0	0	0	0	0	0	1	0	0	0	5	2	3	0	1	0	2	0	0	0	0	0	0	3	2	0	0	5	0	3	1	0	0
160459	9 Nov 25	22:23:00	1	0	55	0	Ct	0	0	0	0	0	0	0	3	0	0	0	11	2	0	0	1	0	1	0	0	0	0	0	0	3	2	0	0	3	0	4	1	0	0
160460	9 Nov 25	22:24:00	1	0	55	0	Ct	0	0	0	0	0	0	0	1	0	0	0	3	10	0	0	4	1	0	0	0	0	0	0	0	2	4	0	0	3	0	17	3	0	0
160461	9 Nov 25	22:25:00	1	0	55	0	Ct	0	0	0	0	0	0	0	2	0	0	0	2	3	0	0	0	0	3	0	0	0	0	0	0	2	3	0	0	3	0	9	6	0	0
160462	9 Nov 25	22:26:00	1	0	55	0	Ct	0	0	0	0	0	0	0	4	0	0	0	1	0	0	0	0	0	3	0	0	0	0	0	0	2	3	0	2	3	0	3	2	0	0
160463	9 Nov 25	22:27:00	1	0	55	0	Ct	0	0	0	0	0	0	0	3	0	0	0	0	3	0	0	2	0	2	0	0	0	0	0	0	3	3	0	0	3	0	3	0	0	0
160464	9 Nov 25	22:28:00	1	0	55	0	Ct	0	0	0	0	0	0	0	2	0	0	0	0	1	0	0	3	0	2	0	0	0	0	0	3	1	6	0	0	2	0	3	2	0	0
160465	9 Nov 25	22:29:00	1	0	55	0	Ct	0	0	0	0	0	0	4	1	0	0	0	0	2	0	0	3	0	0	0	0	0	0	0	0	2	3	0	0	3	0	6	3	0	0
160466	9 Nov 25	22:30:00	1	0	55	0	Ct	0	0	0	0	0	0	4	2	0	0	0	0	1	0	0	2	0	2	0	0	0	0	0	3	2	2	0	0	5	0	1	3	0	0
160467	9 Nov 25	22:31:00	1	0	55	0	Ct	0	0	0	0	0	0	0	1	0	0	0	0	1	0	0	2	0	2	0	0	0	0	0	0	2	1	2	0	3	0	2	3	0	0
160468	9 Nov 25	22:32:00	1	0	55	0	Ct	0	0	0	0	0	0	0	2	0	0	0	0	0	0	0	0	0	0	0	0	0	0	0	0	2	5	0	0	1	0	1	1	0	0
160469	9 Nov 25	22:33:00	1	0	55	0	Ct	0	0	0	0	0	0	5	2	0	0	0	0	1	0	0	5	0	2	0	0	0	0	0	0	0	0	0	0	4	0	2	2	0	0
160470	9 Nov 25	22:34:00	1	0	55	0	Ct	0	0	0	0	0	0	5	2	5	0	0	4	1	0	0	7	0	3	0	0	0	0	0	0	0	2	2	0	2	0	0	3	0	0
160471	9 Nov 25	22:35:00	1	0	55	0	Ct	0	0	0	0	0	0	7	4	0	0	2	0	1	0	0	2	0	2	0	0	0	0	0	0	2	2	0	0	7	0	0	3	0	0
160472	9 Nov 25	22:36:00	1	0	55	0	Ct	0	0	0	0	0	0	5	1	0	0	0	0	2	0	0	3	0	1	0	0	0	0	2	0	2	3	3	0	1	0	2	3	0	0
160473	9 Nov 25	22:37:00	1	0	55	0	Ct	0	0	0	0	0	0	3	1	0	0	0	0	1	0	0	2	1	0	0	0	0	0	4	0	2	3	3	0	3	0	1	3	0	0
160474	9 Nov 25	22:38:00	1	0	55	0	Ct	0	0	0	0	0	0	7	3	0	1	0	0	3	0	0	3	0	0	0	0	0	0	0	0	2	3	4	0	2	0	1	1	0	0
160475	9 Nov 25	22:39:00	1	0	55	0	Ct	0	0	0	0	2	0	4	2	0	1	2	0	1	0	0	4	0	3	0	0	0	0	0	0	1	5	0	0	2	0	2	3	0	0
160476	9 Nov 25	22:40:00	1	0	55	0	Ct	0	0	0	0	4	0	2	1	0	0	0	0	3	0	0	2	0	1	0	0	5	0	0	0	3	3	1	0	1	0	2	2	0	0
160477	9 Nov 25	22:41:00	1	0	55	0	Ct	0	0	0	0	0	0	17	4	0	0	0	0	2	0	2	4	0	0	0	0	1	0	0	0	2	3	0	0	3	0	1	3	0	0
160478	9 Nov 25	22:42:00	1	0	55	0	Ct	0	0	0	0	0	0	13	0	0	0	0	0	2	0	1	3	0	0	0	0	2	0	0	0	0	4	0	0	3	0	3	1	0	0
160479	9 Nov 25	22:43:00	1	0	55	0	Ct	0	0	0	0	0	0	0	1	0	0	0	0	2	0	0	3	0	2	0	0	2	0	0	0	2	4	1	0	4	0	4	1	0	0
160480	9 Nov 25	22:44:00	1	0	55	0	Ct	0	0	0	0	0	0	0	3	0	0	0	0	2	0	0	0	0	3	0	0	3	0	0	0	1	2	2	0	3	0	2	3	0	3
160481	9 Nov 25	22:45:00	1	0	55	0	Ct	0	0	0	0	0	0	40	3	0	0	0	0	2	0	0	4	0	0	0	0	2	0	0	0	2	3	0	0	1	0	0	1	0	0
160482	9 Nov 25	22:46:00	1	0	55	0	Ct	0	0	0	0	0	0	5	2	0	0	0	0	0	0	0	3	0	2	0	0	3	0	0	0	1	4	0	0	0	0	2	0	0	0
160483	9 Nov 25	22:47:00	1	0	55	0	Ct	0	0	0	0	0	0	4	3	0	0	0	0	2	0	0	1	0	0	0	0	0	0	2	0	0	2	0	0	2	0	4	0	0	0
160484	9 Nov 25	22:48:00	1	0	55	0	Ct	0	0	0	0	0	0	0	2	0	0	0	0	3	0	0	0	0	0	0	0	4	0	0	0	3	2	0	0	2	0	2	1	0	0
160485	9 Nov 25	22:49:00	1	0	55	0	Ct	0	0	0	0	2	0	0	1	0	0	0	0	0	0	2	3	1	0	0	0	19	0	0	0	1	4	0	0	2	0	3	2	0	0
160486	9 Nov 25	22:50:00	1	0	55	0	Ct	0	0	0	0	0	0	0	2	0	0	0	3	2	0	2	1	0	0	0	0	10	0	0	0	0	5	0	0	4	0	3	2	0	0
160487	9 Nov 25	22:51:00	1	0	55	0	Ct	0	0	0	0	0	0	0	2	0	0	0	2	3	0	3	2	0	0	0	0	4	0	5	0	0	5	0	0	3	0	0	2	0	0
160488	9 Nov 25	22:52:00	1	0	55	0	Ct	0	0	0	0	0	0	0	3	0	0	0	0	5	0	0	3	0	5	0	0	5	0	0	0	0	3	0	2	0	0	3	2	0	0
160489	9 Nov 25	22:53:00	1	0	55	0	Ct	0	0	0	0	0	0	0	2	0	0	0	0	3	0	2	14	0	3	0	0	2	0	0	0	2	4	0	0	2	0	1	2	0	0
160490	9 Nov 25	22:54:00	1	0	55	0	Ct	0	0	0	0	0	0	0	0	0	0	0	0	1	0	2	7	2	3	0	0	3	0	1	0	2	0	0	1	2	0	0	2	0	0
160491	9 Nov 25	22:55:00	1	0	55	0	Ct	0	0	0	0	1	0	0	4	0	0	0	0	4	0	1	0	2	1	0	0	8	0	0	0	2	2	2	1	4	0	0	3	0	0
160492	9 Nov 25	22:56:00	1	0	55	0	Ct	0	0	0	0	3	0	0	3	0	0	0	0	1	0	4	0	6	2	0	0	1	0	0	0	2	2	3	0	8	0	0	2	0	0
160493	9 Nov 25	22:57:00	1	0	55	0	Ct	0	0	0	0	2	0	0	2	0	0	0	0	2	0	11	0	3	2	0	0	2	0	0	0	2	3	0	1	5	0	0	1	0	0
160494	9 Nov 25	22:58:00	1	0	55	0	Ct	0	0	0	0	0	0	0	2	0	0	4	0	5	0	0	0	1	1	0	0	0	0	0	0	0	4	0	1	2	0	0	0	0	0
160495	9 Nov 25	22:59:00	1	0	55	0	Ct	0	0	0	0	0	0	0	2	0	0	0	0	0	0	1	3	0	3	0	0	0	0	0	0	2	3	0	0	1	0	0	3	0	0
160496	9 Nov 25	23:00:00	1	0	55	0	Ct	0	0	0	0	0	0	0	1	0	0	0	0	0	0	0	3	0	0	0	0	0	0	0	0	2	6	0	0	2	0	0	6	0	0
160497	9 Nov 25	23:01:00	1	0	55	0	Ct	0	0	0	0	0	0	0	2	0	0	0	0	0	0	1	1	0	4	0	0	0	0	0	0	2	5	0	0	1	0	0	4	0	0
160498	9 Nov 25	23:02:00	1	0	55	0	Ct	0	0	0	0	0	0	0	1	0	0	0	0	0	0	0	2	0	0	0	0	0	0	0	0	1	2	0	0	1	0	0	6	0	0
160499	9 Nov 25	23:03:00	1	0	55	0	Ct	0	0	0	0	0	0	0	1	0	0	0	0	0	0	0	2	0	0	0	0	0	0	0	0	1	3	0	0	2	0	0	4	0	0
160500	9 Nov 25	23:04:00	1	0	55	0	Ct	0	0	0	0	2	0	15	2	0	0	0	0	0	0	2	3	1	0	0	0	0	0	0	0	9	1	0	0	1	0	0	4	0	0
160501	9 Nov 25	23:05:00	1	0	55	0	Ct	0	0	0	0	1	0	0	2	0	0	0	0	0	0	0	3	10	0	0	0	0	0	0	0	2	6	3	0	2	0	0	4	0	0
160502	9 Nov 25	23:06:00	1	0	55	0	Ct	0	0	0	0	4	0	0	0	0	0	0	0	1	2	0	0	14	1	0	0	0	0	0	0	2	1	4	0	2	0	0	3	0	0
160503	9 Nov 25	23:07:00	1	0	55	0	Ct	0	0	0	0	2	0	0	3	0	0	0	0	3	0	0	2	7	3	0	0	0	0	0	0	2	4	0	2	1	0	0	3	0	0
160504	9 Nov 25	23:08:00	1	0	55	0	Ct	0	0	0	0	0	0	0	1	0	0	0	0	3	0	0	0	7	3	0	0	0	0	0	0	0	5	0	2	0	0	0	2	0	0
160505	9 Nov 25	23:09:00	1	0	55	0	Ct	0	0	0	0	0	0	0	2	0	0	0	2	2	0	0	0	8	0	0	0	1	0	0	0	3	3	2	0	0	0	0	1	0	0
160506	9 Nov 25	23:10:00	1	0	55	0	Ct	0	0	0	0	0	0	0	2	0	0	0	2	1	0	0	2	0	0	2	0	1	0	0	0	1	2	2	2	0	0	2	5	0	0
160507	9 Nov 25	23:11:00	1	0	55	0	Ct	0	0	0	0	0	0	0	2	0	0	2	0	1	0	0	3	0	0	0	0	1	0	4	0	0	3	4	2	0	0	3	4	0	0
160508	9 Nov 25	23:12:00	1	0	55	0	Ct	0	0	0	0	2	0	0	2	0	0	0	0	0	0	0	7	0	1	0	0	2	0	0	0	0	2	3	0	0	0	0	3	0	0
160509	9 Nov 25	23:13:00	1	0	55	0	Ct	0	0	0	0	0	0	0	4	0	0	0	0	0	0	1	2	0	2	0	0	7	0	0	0	0	4	2	0	2	0	0	2	0	0
160510	9 Nov 25	23:14:00	1	0	55	0	Ct	0	0	0	0	0	0	0	2	0	0	0	0	0	0	2	0	0	1	0	0	9	0	0	0	2	3	1	0	0	0	0	4	0	0
160511	9 Nov 25	23:15:00	1	0	55	0	Ct	0	0	0	0	0	0	0	2	0	0	1	0	0	0	3	3	0	0	0	0	2	0	0	0	2	5	2	0	0	0	0	7	0	0
160512	9 Nov 25	23:16:00	1	0	55	0	Ct	0	0	0	0	2	0	0	4	0	0	1	1	0	0	0	3	0	1	0	0	2	0	0	0	2	4	2	0	0	0	0	5	0	0
160513	9 Nov 25	23:17:00	1	0	55	0	Ct	0	0	0	0	2	0	0	1	0	0	0	0	0	0	6	3	0	1	0	0	1	0	0	0	2	3	0	0	0	0	0	4	0	0
160514	9 Nov 25	23:18:00	1	0	55	0	Ct	0	0	0	0	1	0	0	1	0	0	0	0	0	0	0	2	1	0	0	0	0	0	0	0	2	3	0	1	0	0	0	2	0	0
160515	9 Nov 25	23:19:00	1	0	55	0	Ct	0	0	0	0	3	0	0	3	0	0	0	1	0	0	0	2	2	0	0	0	0	0	0	0	1	3	2	6	0	0	2	1	0	0
160516	9 Nov 25	23:20:00	1	0	55	0	Ct	0	0	0	0	2	0	4	2	0	0	0	2	0	0	0	0	1	0	0	0	0	0	0	0	3	3	1	1	0	0	0	3	0	0
160517	9 Nov 25	23:21:00	1	0	55	0	Ct	0	0	0	0	0	0	0	2	0	0	2	0	0	0	2	2	1	0	0	0	0	0	0	0	2	3	1	1	0	0	0	4	0	0
160518	9 Nov 25	23:22:00	1	0	55	0	Ct	0	0	0	0	1	0	6	2	0	0	1	0	0	0	0	0	1	0	0	0	0	0	0	0	2	3	2	4	0	0	5	3	0	0
160519	9 Nov 25	23:23:00	1	0	55	0	Ct	0	0	0	0	1	0	2	1	0	0	1	0	0	0	0	0	0	0	0	0	0	0	0	0	4	3	0	2	0	0	0	2	0	0
160520	9 Nov 25	23:24:00	1	0	55	0	Ct	0	0	0	0	3	0	7	1	0	0	2	0	0	0	0	2	1	0	0	0	0	0	0	0	4	1	3	0	0	0	2	3	0	0
160521	9 Nov 25	23:25:00	1	0	55	0	Ct	0	0	0	0	2	0	3	1	0	0	2	0	0	0	0	3	4	0	2	0	0	0	0	0	3	1	2	0	0	0	1	3	0	0
160522	9 Nov 25	23:26:00	1	0	55	0	Ct	0	0	0	0	2	0	3	2	0	0	0	2	0	0	2	2	3	0	0	0	0	0	0	0	4	4	0	0	0	0	1	2	0	0
160523	9 Nov 25	23:27:00	1	0	55	0	Ct	0	0	0	0	0	0	3	1	0	0	2	0	0	0	1	3	0	0	0	0	0	0	0	0	3	4	2	0	0	0	2	2	0	0
160524	9 Nov 25	23:28:00	1	0	55	0	Ct	0	0	0	0	2	0	14	0	0	0	0	0	0	0	1	2	0	0	0	0	0	0	0	0	2	2	2	0	0	0	0	1	0	0
160525	9 Nov 25	23:29:00	1	0	55	0	Ct	0	0	0	0	0	0	10	0	0	0	2	0	0	0	0	3	10	0	0	0	0	0	0	0	3	5	1	0	0	0	0	3	0	0
160526	9 Nov 25	23:30:00	1	0	55	0	Ct	0	0	5	0	2	0	4	2	0	0	0	1	0	0	0	2	3	0	0	0	2	0	0	0	2	0	1	0	0	0	0	0	0	0
160527	9 Nov 25	23:31:00	1	0	55	0	Ct	0	0	0	0	2	0	20	3	0	0	2	1	0	0	1	2	2	0	2	0	0	0	0	0	4	3	2	0	0	0	0	1	0	0
160528	9 Nov 25	23:32:00	1	0	55	0	Ct	0	0	0	0	2	0	4	2	0	0	3	3	0	0	1	3	0	0	0	0	1	0	0	0	1	4	2	0	0	0	0	3	0	0
160529	9 Nov 25	23:33:00	1	0	55	0	Ct	0	0	0	0	0	0	3	0	0	0	2	2	0	0	0	4	0	0	0	0	0	0	2	0	3	3	2	0	0	0	2	3	0	0
160530	9 Nov 25	23:34:00	1	0	55	0	Ct	0	0	0	0	2	0	9	3	0	0	1	1	0	2	0	3	2	0	0	0	0	0	0	0	2	4	2	0	0	0	2	2	3	0
160531	9 Nov 25	23:35:00	1	0	55	0	Ct	0	0	0	0	0	0	3	1	0	0	1	1	0	0	0	0	2	0	0	0	1	0	0	0	4	3	3	0	0	1	3	2	0	0
160532	9 Nov 25	23:36:00	1	0	55	0	Ct	0	0	0	0	0	0	5	3	0	0	1	0	0	0	1	1	0	0	0	0	0	0	0	0	2	2	3	0	0	0	1	2	0	0
160533	9 Nov 25	23:37:00	1	0	55	0	Ct	0	0	0	0	0	0	2	0	0	0	3	0	0	0	1	1	0	0	0	0	0	0	0	0	2	3	3	0	1	0	0	3	0	0
160534	9 Nov 25	23:38:00	1	0	55	0	Ct	0	0	0	0	0	0	0	1	0	3	2	2	0	0	0	0	0	0	0	0	0	0	0	0	0	3	1	0	0	0	0	4	0	0
160535	9 Nov 25	23:39:00	1	0	55	0	Ct	0	0	0	0	0	0	6	1	0	0	2	3	0	0	0	0	1	0	0	0	0	0	0	0	0	2	2	0	0	0	0	3	0	0
160536	9 Nov 25	23:40:00	1	0	55	0	Ct	0	0	0	0	0	0	16	2	0	0	1	0	0	0	0	0	3	0	0	0	0	0	0	0	3	3	2	0	0	0	0	1	0	0
160537	9 Nov 25	23:41:00	1	0	55	0	Ct	0	0	0	0	0	0	14	0	0	0	4	0	0	0	0	3	6	0	0	0	0	0	0	0	1	3	0	0	0	0	0	4	0	0
160538	9 Nov 25	23:42:00	1	0	55	0	Ct	0	0	0	0	0	0	5	0	0	0	2	2	0	0	1	4	3	0	0	0	0	0	0	0	2	2	1	0	0	0	0	3	0	0
160539	9 Nov 25	23:43:00	1	0	55	0	Ct	0	0	0	0	0	0	7	3	0	0	3	5	0	0	1	0	0	0	0	0	0	0	0	0	2	3	3	0	0	0	0	4	0	0
160540	9 Nov 25	23:44:00	1	0	55	0	Ct	0	0	0	0	3	0	11	2	0	0	0	2	0	0	2	0	1	0	0	0	0	0	0	0	0	1	1	0	0	0	0	1	0	0
160541	9 Nov 25	23:45:00	1	0	55	0	Ct	0	0	0	0	2	0	7	1	0	0	0	3	0	0	4	3	5	0	0	0	0	0	0	0	3	3	2	0	0	0	0	3	0	0
160542	9 Nov 25	23:46:00	1	0	55	0	Ct	0	0	0	0	0	0	10	2	0	0	3	5	0	0	1	0	1	0	0	0	0	0	0	0	3	3	2	0	2	0	0	4	0	0
160543	9 Nov 25	23:47:00	1	0	55	0	Ct	0	0	0	0	4	0	13	4	0	0	2	1	0	0	0	1	0	2	0	0	0	0	0	0	2	2	0	0	0	0	2	1	0	0
160544	9 Nov 25	23:48:00	1	0	55	0	Ct	0	0	0	0	0	0	10	1	0	0	1	2	0	0	0	1	0	0	0	0	1	0	0	0	2	4	2	0	0	0	5	1	0	0
160545	9 Nov 25	23:49:00	1	0	55	0	Ct	0	0	0	0	3	0	5	2	0	0	2	2	0	0	0	0	0	0	0	0	0	0	0	0	3	4	1	0	0	0	5	3	0	3
160546	9 Nov 25	23:50:00	1	0	55	0	Ct	0	0	0	0	0	0	3	0	0	0	2	1	0	0	0	1	0	0	0	0	0	0	0	0	3	2	1	0	0	0	2	0	0	1
160547	9 Nov 25	23:51:00	1	0	55	0	Ct	0	0	0	0	2	0	18	0	0	0	1	2	0	0	0	1	2	0	0	0	0	0	0	0	1	2	2	0	0	0	1	0	0	0
160548	9 Nov 25	23:52:00	1	0	55	0	Ct	0	0	0	0	0	0	3	0	0	0	2	7	0	0	1	0	3	0	2	0	0	0	0	0	2	2	0	0	2	0	2	0	0	0
160549	9 Nov 25	23:53:00	1	0	55	0	Ct	0	0	0	0	2	0	0	0	0	0	1	1	0	0	1	2	0	0	0	0	0	0	0	0	2	4	3	0	3	0	3	0	0	0
160550	9 Nov 25	23:54:00	1	0	55	0	Ct	0	0	0	0	0	0	8	0	0	0	2	2	0	0	0	0	0	0	0	0	2	0	0	0	1	2	1	0	6	0	2	0	0	0
160551	9 Nov 25	23:55:00	1	0	55	0	Ct	0	0	0	0	5	0	8	0	0	0	2	2	0	0	0	0	0	0	0	0	0	0	0	0	3	4	2	0	4	0	7	0	0	0
160552	9 Nov 25	23:56:00	1	0	55	0	Ct	0	0	0	0	2	0	4	0	0	0	3	1	0	0	0	0	0	0	0	0	0	0	0	0	2	3	1	0	3	0	0	0	0	0
160553	9 Nov 25	23:57:00	1	0	55	0	Ct	0	0	0	0	1	0	9	0	0	0	0	2	0	0	0	0	0	0	0	0	0	0	0	0	2	0	2	0	5	0	0	0	0	0
160554	9 Nov 25	23:58:00	1	0	55	0	Ct	0	0	0	0	4	0	4	3	0	0	2	1	0	0	0	2	0	0	0	0	0	0	0	0	4	1	2	2	1	0	0	0	0	0
160555	9 Nov 25	23:59:00	1	0	55	0	Ct	0	0	0	0	2	0	15	1	0	0	3	3	0	0	0	3	0	0	0	0	0	0	0	0	0	3	0	1	5	0	1	0	0	0
160556	10 Nov 25	00:00:00	1	0	55	0	Ct	0	0	0	0	0	0	4	2	0	0	2	1	0	0	0	1	0	0	0	0	1	0	0	0	1	4	2	8	4	0	3	0	0	0
160557	10 Nov 25	00:01:00	1	0	55	0	Ct	0	0	0	0	2	0	4	0	0	0	0	3	0	0	1	0	0	0	0	0	3	0	0	0	3	4	0	1	5	0	0	3	0	0
160558	10 Nov 25	00:02:00	1	0	55	0	Ct	0	0	0	0	2	0	4	2	0	0	1	0	0	0	1	0	0	0	0	0	1	0	0	0	3	1	0	0	4	0	1	3	0	0
160559	10 Nov 25	00:03:00	1	0	55	0	Ct	0	0	0	0	2	0	5	1	0	2	2	2	0	0	1	7	1	0	0	0	4	0	0	0	1	2	0	0	2	0	1	2	0	0
160560	10 Nov 25	00:04:00	1	0	55	0	Ct	0	0	0	0	1	0	0	0	0	0	3	4	0	2	0	0	4	0	0	0	1	0	0	0	0	5	2	0	2	0	0	3	0	0
160561	10 Nov 25	00:05:00	1	0	55	0	Ct	0	0	0	0	1	0	6	0	0	0	4	2	0	0	0	1	1	0	0	0	2	0	0	0	2	4	1	0	3	0	3	3	0	0
160562	10 Nov 25	00:06:00	1	0	55	0	Ct	0	0	0	0	2	0	2	0	0	0	3	2	0	2	2	3	6	0	0	5	4	0	0	0	3	2	2	0	2	0	2	3	0	2
160563	10 Nov 25	00:07:00	1	0	55	0	Ct	0	0	0	0	2	0	4	1	0	0	2	1	0	5	2	4	0	0	0	0	0	0	0	0	1	3	1	0	1	0	0	2	0	0
160564	10 Nov 25	00:08:00	1	0	55	0	Ct	0	0	0	0	2	0	7	1	0	0	2	3	0	3	0	0	0	0	0	0	3	0	0	0	2	5	2	0	2	0	0	2	0	0
160565	10 Nov 25	00:09:00	1	0	55	0	Ct	0	0	0	0	4	0	15	2	0	0	1	0	1	3	2	3	0	0	0	0	4	0	0	0	4	4	0	0	1	0	0	1	0	0
160566	10 Nov 25	00:10:00	1	0	55	0	Ct	0	0	0	0	1	0	13	0	0	0	2	2	1	2	1	0	0	0	0	0	0	0	0	0	0	2	0	0	0	0	0	1	0	0
160567	10 Nov 25	00:11:00	1	0	55	0	Ct	0	0	0	0	0	0	5	0	0	0	1	2	0	0	1	2	2	0	0	0	0	0	0	0	0	4	0	1	0	0	0	2	0	0
160568	10 Nov 25	00:12:00	1	0	55	0	Ct	0	0	0	0	8	0	23	2	0	0	5	2	0	4	4	0	0	0	0	0	0	0	0	0	1	4	0	0	2	0	0	2	0	0
160569	10 Nov 25	00:13:00	1	0	55	0	Ct	0	0	0	0	0	0	6	0	0	0	0	1	0	0	0	2	0	0	0	0	2	0	0	0	1	3	2	0	4	0	0	2	0	0
160570	10 Nov 25	00:14:00	1	0	55	0	Ct	0	0	0	0	0	0	10	0	0	0	2	2	0	0	0	0	0	0	0	1	2	0	0	0	2	5	0	0	5	0	0	2	0	0
160571	10 Nov 25	00:15:00	1	0	55	0	Ct	0	0	0	0	0	0	0	0	0	0	1	1	0	0	0	0	0	0	0	1	2	0	0	0	2	1	0	0	2	0	0	2	2	0
160572	10 Nov 25	00:16:00	1	0	55	0	Ct	0	0	0	0	2	0	4	2	0	0	0	4	0	0	0	0	0	0	0	0	2	0	0	0	2	3	0	0	2	0	0	3	0	0
160573	10 Nov 25	00:17:00	1	0	55	0	Ct	0	0	0	0	2	0	7	1	0	0	2	1	0	0	0	0	0	0	0	0	2	0	0	0	2	4	0	2	1	0	0	4	0	0
160574	10 Nov 25	00:18:00	1	0	55	0	Ct	0	0	0	0	3	0	3	1	0	0	0	1	0	0	0	0	0	0	0	0	0	0	0	0	3	4	2	0	2	0	0	6	0	0
160575	10 Nov 25	00:19:00	1	0	55	0	Ct	0	0	0	0	1	0	4	1	0	0	0	0	0	0	0	0	0	0	0	0	1	0	0	0	3	1	0	0	3	0	0	3	0	0
160576	10 Nov 25	00:20:00	1	0	55	0	Ct	0	0	0	0	0	0	0	1	0	0	0	0	0	0	0	0	0	0	0	0	3	0	0	0	3	3	0	0	2	0	0	3	0	0
160577	10 Nov 25	00:21:00	1	0	55	0	Ct	0	0	0	0	1	0	26	2	0	0	2	0	0	0	1	0	8	0	0	0	13	0	0	0	2	3	0	2	3	0	0	3	0	0
160578	10 Nov 25	00:22:00	1	0	55	0	Ct	0	0	0	0	3	0	2	1	0	0	2	0	0	0	2	0	0	0	0	0	9	0	0	0	3	2	0	3	2	0	0	1	0	0
160579	10 Nov 25	00:23:00	1	0	55	0	Ct	0	0	0	0	3	0	5	1	0	0	3	0	0	0	1	0	0	0	0	0	9	0	0	0	3	5	0	4	0	0	0	4	0	0
160580	10 Nov 25	00:24:00	1	0	55	0	Ct	0	0	0	0	3	0	0	1	0	0	1	0	1	0	4	3	7	0	3	0	7	0	0	0	2	2	2	2	1	0	0	3	0	0
160581	10 Nov 25	00:25:00	1	0	55	0	Ct	0	0	0	0	4	0	5	1	0	0	2	0	2	0	0	2	1	0	1	0	5	0	0	0	3	2	0	2	1	0	0	3	0	0
160582	10 Nov 25	00:26:00	1	0	55	0	Ct	0	0	0	0	1	0	21	0	0	0	2	0	2	0	0	0	4	0	2	0	1	0	0	0	2	2	2	2	3	0	0	0	0	0
160583	10 Nov 25	00:27:00	1	0	55	0	Ct	0	0	0	0	3	0	6	0	0	0	1	0	2	0	1	0	0	0	2	0	1	0	0	0	1	5	0	2	2	0	0	1	0	0
160584	10 Nov 25	00:28:00	1	0	55	0	Ct	0	0	0	0	4	0	0	2	0	0	0	0	1	0	2	0	2	0	3	0	3	0	0	0	2	3	2	3	3	0	0	2	0	0
160585	10 Nov 25	00:29:00	1	0	55	0	Ct	0	0	0	0	2	0	0	1	0	0	2	0	4	0	1	0	0	0	5	0	4	0	0	0	3	2	0	2	1	0	0	2	0	0
160586	10 Nov 25	00:30:00	1	0	55	0	Ct	0	0	0	0	0	0	5	2	0	0	2	0	3	0	1	0	0	0	3	0	0	0	0	0	2	3	2	4	0	0	0	1	0	0
160587	10 Nov 25	00:31:00	1	0	55	0	Ct	0	0	0	0	2	0	0	0	0	0	1	0	2	0	0	0	1	0	4	0	0	0	0	2	1	3	0	3	1	0	0	8	0	0
160588	10 Nov 25	00:32:00	1	0	55	0	Ct	0	0	0	0	2	0	0	1	0	0	1	0	2	0	0	0	6	0	3	0	0	0	0	0	1	4	1	2	2	0	0	4	0	0
160589	10 Nov 25	00:33:00	1	0	55	0	Ct	0	0	0	0	2	0	8	5	0	0	2	0	2	0	0	0	3	0	2	0	0	0	0	0	0	3	1	4	5	0	0	6	0	0
160590	10 Nov 25	00:34:00	1	0	55	0	Ct	0	0	0	0	2	0	0	5	0	0	0	0	1	0	0	0	0	0	3	0	0	0	0	0	0	2	1	1	2	0	0	4	0	1
160591	10 Nov 25	00:35:00	1	0	55	0	Ct	0	0	0	0	0	0	0	2	0	0	1	0	0	0	0	0	1	0	4	0	0	0	1	0	0	7	1	3	2	0	0	4	0	1
160592	10 Nov 25	00:36:00	1	0	55	0	Ct	0	0	0	0	1	0	0	1	0	0	1	0	1	0	0	0	2	0	1	0	1	0	0	0	3	3	2	3	2	0	0	3	0	0
160593	10 Nov 25	00:37:00	1	0	55	0	Ct	0	0	0	0	3	0	0	0	0	0	2	0	1	0	0	0	0	0	4	0	1	0	0	0	2	2	0	3	4	0	0	2	0	0
160594	10 Nov 25	00:38:00	1	0	55	0	Ct	0	0	0	0	2	0	0	2	0	0	0	0	3	0	0	0	0	0	1	0	0	0	0	0	3	7	0	2	2	0	0	4	0	0
160595	10 Nov 25	00:39:00	1	0	55	0	Ct	0	0	0	0	0	0	0	4	0	0	0	0	1	0	1	0	0	0	2	0	4	0	0	0	2	3	1	2	0	0	2	4	0	0
160596	10 Nov 25	00:40:00	1	0	55	0	Ct	0	0	0	0	0	0	0	2	0	0	0	0	2	0	2	0	4	0	1	0	8	0	2	0	3	2	1	2	1	0	0	1	2	0
160597	10 Nov 25	00:41:00	1	0	55	0	Ct	0	0	0	0	0	0	0	2	0	0	2	3	1	0	1	0	4	0	4	0	0	0	1	0	5	3	0	3	1	0	0	4	0	0
160598	10 Nov 25	00:42:00	1	0	55	0	Ct	0	0	0	0	0	0	0	3	0	0	0	0	1	0	0	0	1	0	1	0	8	0	0	0	1	3	1	3	0	0	0	4	0	0
160599	10 Nov 25	00:43:00	1	0	55	0	Ct	0	0	0	0	2	0	0	2	0	0	0	0	1	0	0	0	1	0	1	0	2	0	0	0	1	2	2	2	3	0	0	2	0	0
160600	10 Nov 25	00:44:00	1	0	55	0	Ct	0	0	0	0	0	2	0	4	0	0	0	0	0	0	0	0	0	0	2	0	0	0	0	0	2	4	1	2	2	0	0	3	0	0
160601	10 Nov 25	00:45:00	1	0	55	0	Ct	0	0	0	0	0	3	0	1	0	0	3	0	1	0	0	0	0	0	3	0	0	0	0	0	2	3	1	3	3	0	0	3	0	0
160602	10 Nov 25	00:46:00	1	0	55	0	Ct	0	0	0	0	2	3	0	2	0	0	4	2	2	0	0	0	0	0	8	0	0	0	0	0	2	3	0	2	1	0	0	3	0	0
160603	10 Nov 25	00:47:00	1	0	55	0	Ct	0	0	0	0	3	2	0	3	0	0	2	2	1	0	0	0	0	0	1	0	0	0	0	0	1	2	2	3	1	0	0	2	0	0
160604	10 Nov 25	00:48:00	1	0	55	0	Ct	0	0	0	0	1	2	0	2	0	0	2	0	2	0	0	0	0	0	2	0	0	0	0	0	2	1	0	3	2	0	0	2	0	0
160605	10 Nov 25	00:49:00	1	0	55	0	Ct	0	0	0	0	2	2	3	5	0	0	2	0	0	0	0	0	0	0	2	0	0	0	0	0	3	5	0	2	2	0	0	2	0	0
160606	10 Nov 25	00:50:00	1	0	55	0	Ct	0	0	0	0	1	3	6	4	0	0	1	0	0	0	0	0	0	0	1	0	0	0	1	0	2	3	0	6	1	0	2	7	0	0
160607	10 Nov 25	00:51:00	1	0	55	0	Ct	0	0	0	0	3	1	0	1	0	0	1	0	3	0	0	0	0	0	2	0	0	0	0	0	2	2	0	2	3	0	0	4	0	0
160608	10 Nov 25	00:52:00	1	0	55	0	Ct	0	0	0	0	3	2	5	0	0	0	0	0	1	0	0	0	2	0	1	0	0	0	0	0	2	2	0	2	1	0	0	6	0	0
160609	10 Nov 25	00:53:00	1	0	55	0	Ct	0	0	0	0	3	5	4	1	0	0	3	0	2	0	0	0	0	0	2	0	0	0	0	0	0	3	0	2	0	0	0	2	0	0
160610	10 Nov 25	00:54:00	1	0	55	0	Ct	0	0	0	0	2	0	3	3	0	0	5	2	2	0	0	0	0	0	0	0	0	0	0	0	1	7	0	3	1	0	0	7	0	0
160611	10 Nov 25	00:55:00	1	0	55	0	Ct	0	0	0	0	4	0	7	2	0	0	3	0	0	0	0	0	0	0	2	0	0	0	0	0	3	4	0	2	2	0	0	2	0	0
160612	10 Nov 25	00:56:00	1	0	55	0	Ct	0	0	0	0	0	0	4	2	0	0	2	0	0	0	0	0	0	0	0	0	0	0	0	0	3	1	2	2	0	0	0	3	0	0
160613	10 Nov 25	00:57:00	1	0	55	0	Ct	0	0	0	0	2	2	6	1	0	0	1	0	2	0	0	0	0	0	2	0	0	0	0	0	4	4	0	4	0	0	0	3	0	0
160614	10 Nov 25	00:58:00	1	0	55	0	Ct	0	0	0	0	0	0	6	1	0	0	2	2	0	0	0	0	0	0	2	0	0	0	0	0	3	3	2	1	0	0	0	3	2	0
160615	10 Nov 25	00:59:00	1	0	55	0	Ct	0	0	0	0	2	3	13	2	0	0	2	0	2	1	0	0	0	0	0	0	0	0	0	0	4	2	0	3	2	0	0	2	0	0
160616	10 Nov 25	01:00:00	1	0	55	0	Ct	0	0	0	0	2	1	0	2	0	0	2	0	1	2	3	0	0	0	2	0	0	0	1	0	2	1	2	3	0	0	0	5	0	0
160617	10 Nov 25	01:01:00	1	0	55	0	Ct	0	0	0	0	3	2	3	0	2	0	3	0	1	0	1	0	0	0	1	0	0	0	0	0	2	2	0	1	0	0	0	4	3	0
160618	10 Nov 25	01:02:00	1	0	55	0	Ct	0	0	0	0	4	1	9	1	0	0	1	0	0	3	0	0	0	0	1	0	0	0	2	0	0	5	0	2	0	0	0	2	1	0
160619	10 Nov 25	01:03:00	1	0	55	0	Ct	0	0	0	0	1	1	14	1	0	0	3	0	0	2	0	2	0	0	1	0	0	0	0	0	4	5	0	2	0	0	0	3	2	0
160620	10 Nov 25	01:04:00	1	0	55	0	Ct	0	0	0	0	1	0	2	1	0	0	3	0	0	0	0	2	0	0	1	0	0	0	0	0	3	1	0	1	2	0	0	1	2	0
160621	10 Nov 25	01:05:00	1	0	55	0	Ct	0	0	0	0	1	2	0	2	0	0	1	0	0	0	0	0	0	0	0	0	0	0	0	0	2	2	2	1	6	0	2	4	2	0
160622	10 Nov 25	01:06:00	1	0	55	0	Ct	0	0	0	0	3	1	3	3	0	0	1	0	0	0	0	0	0	0	1	0	0	0	0	0	1	5	2	2	2	0	0	1	3	1
160623	10 Nov 25	01:07:00	1	0	55	0	Ct	0	0	0	0	2	0	12	1	0	0	2	0	0	0	0	0	0	0	2	0	0	0	0	0	2	4	2	1	2	0	0	1	2	1
160624	10 Nov 25	01:08:00	1	0	55	0	Ct	0	0	0	0	2	0	0	1	0	0	2	0	0	0	1	0	0	0	1	0	0	0	0	0	3	4	1	1	4	0	0	3	0	0
160625	10 Nov 25	01:09:00	1	0	55	0	Ct	0	0	0	0	2	0	15	2	0	0	3	0	2	0	0	0	0	0	0	0	0	0	0	0	2	2	2	1	2	0	0	4	3	0
160626	10 Nov 25	01:10:00	1	0	55	0	Ct	0	0	0	0	3	2	0	2	0	0	0	0	1	0	2	0	0	0	2	0	2	0	0	0	2	2	0	2	3	0	0	3	3	0
160627	10 Nov 25	01:11:00	1	0	55	0	Ct	0	0	0	0	3	2	0	1	0	0	2	0	1	0	1	0	0	0	0	0	2	0	0	0	2	3	2	1	0	0	0	4	3	0
160628	10 Nov 25	01:12:00	1	0	55	0	Ct	0	0	0	0	3	0	3	3	0	0	1	0	2	0	2	3	0	0	0	0	0	0	0	0	0	4	1	1	2	0	0	6	4	0
160629	10 Nov 25	01:13:00	1	0	55	0	Ct	0	0	0	0	1	0	10	4	2	0	1	2	2	0	0	0	2	0	1	0	0	0	0	0	0	4	1	1	3	3	0	5	2	0
160630	10 Nov 25	01:14:00	1	0	55	0	Ct	0	0	0	0	0	0	3	4	0	0	2	2	1	0	0	0	3	0	2	0	2	0	0	0	0	3	0	1	1	0	0	5	3	0
160631	10 Nov 25	01:15:00	1	0	55	0	Ct	0	0	0	0	0	0	15	0	0	0	2	0	2	0	0	0	1	0	2	0	0	0	0	0	0	2	0	2	3	0	0	3	2	0
160632	10 Nov 25	01:16:00	1	0	55	0	Ct	0	0	0	0	3	0	3	2	0	0	1	0	1	0	0	0	0	0	0	0	2	0	0	0	0	1	2	1	4	0	1	4	1	0
160633	10 Nov 25	01:17:00	1	0	55	0	Ct	0	0	0	0	3	0	0	0	0	0	1	0	2	0	0	0	0	0	0	0	2	0	0	0	3	5	0	1	2	6	1	1	3	0
160634	10 Nov 25	01:18:00	1	0	55	0	Ct	0	0	0	0	2	0	0	3	0	0	3	0	0	0	0	2	0	0	0	0	0	0	0	0	1	4	1	3	2	0	0	2	3	0
160635	10 Nov 25	01:19:00	1	0	55	0	Ct	0	0	0	0	5	0	7	1	0	0	2	0	0	0	2	0	0	0	0	0	0	0	0	0	3	5	2	1	0	2	0	1	2	0
160636	10 Nov 25	01:20:00	1	0	55	0	Ct	0	0	0	0	1	2	4	3	0	0	2	0	2	0	0	0	0	0	1	2	0	0	0	0	2	5	0	3	3	5	2	5	2	0
160637	10 Nov 25	01:21:00	1	0	55	0	Ct	0	0	0	0	3	0	11	1	0	0	0	0	1	0	0	0	0	0	2	0	0	0	0	0	3	2	0	3	1	1	0	3	3	0
160638	10 Nov 25	01:22:00	1	0	55	0	Ct	0	0	0	0	1	0	15	2	0	0	2	0	1	0	0	0	0	0	1	0	0	0	0	0	2	4	0	1	0	6	1	1	3	0
160639	10 Nov 25	01:23:00	1	0	55	0	Ct	0	0	0	0	4	0	10	1	0	0	0	0	0	0	0	5	0	0	2	0	0	0	0	0	2	5	0	1	0	2	2	4	2	1
160640	10 Nov 25	01:24:00	1	0	55	0	Ct	0	0	0	0	4	0	19	2	0	0	1	0	0	0	0	2	0	0	0	0	0	0	0	0	1	3	0	2	0	2	2	1	1	1
160641	10 Nov 25	01:25:00	1	0	55	0	Ct	0	0	0	0	1	0	6	0	0	0	1	0	0	0	0	0	0	0	0	0	0	0	0	0	1	4	0	2	0	1	2	2	2	0
160642	10 Nov 25	01:26:00	1	0	55	0	Ct	0	0	0	0	0	0	0	1	0	0	0	0	2	0	0	2	0	0	0	0	0	0	0	0	2	3	0	1	0	3	1	1	2	0
160643	10 Nov 25	01:27:00	1	0	55	0	Ct	0	0	0	0	2	0	4	4	0	0	0	0	3	0	0	4	0	0	0	0	0	0	0	0	2	2	0	3	0	3	1	2	4	0
160644	10 Nov 25	01:28:00	1	0	55	0	Ct	0	0	0	0	5	0	2	1	0	0	0	0	1	0	0	3	1	0	1	0	0	0	0	0	2	4	0	2	4	1	1	2	3	0
160645	10 Nov 25	01:29:00	1	0	55	0	Ct	0	0	0	0	2	0	4	1	0	0	1	0	2	0	0	2	3	0	1	0	0	0	0	0	0	3	0	2	1	3	1	2	5	0
160646	10 Nov 25	01:30:00	1	0	55	0	Ct	0	0	0	0	5	0	0	2	0	0	4	0	0	0	0	0	2	0	0	0	0	0	0	0	2	4	0	2	0	1	1	0	3	0
160647	10 Nov 25	01:31:00	1	0	55	0	Ct	0	0	0	0	2	0	3	2	0	0	0	0	0	0	0	2	7	0	0	0	0	0	0	0	2	4	0	2	0	1	2	3	2	0
160648	10 Nov 25	01:32:00	1	0	55	0	Ct	0	0	0	0	2	0	5	4	0	0	3	0	1	0	0	2	22	0	0	0	0	0	0	0	2	2	2	1	1	2	3	3	3	3
160649	10 Nov 25	01:33:00	1	0	55	0	Ct	0	0	0	0	0	0	8	2	0	0	0	0	2	0	0	4	0	0	0	0	0	0	0	0	5	4	0	0	3	2	2	1	2	2
160650	10 Nov 25	01:34:00	1	0	55	0	Ct	0	0	0	0	2	0	0	2	0	0	0	0	1	2	0	3	1	0	2	0	0	0	0	0	1	5	2	2	1	2	4	2	4	0
160651	10 Nov 25	01:35:00	1	0	55	0	Ct	0	0	0	0	0	2	0	0	0	0	2	0	2	0	2	5	2	0	1	0	5	0	0	0	2	3	0	1	0	0	2	1	2	0
160652	10 Nov 25	01:36:00	1	0	55	0	Ct	0	0	0	0	0	2	0	0	0	0	2	0	0	0	0	0	11	0	1	0	0	0	0	0	4	4	2	0	0	2	0	1	2	0
160653	10 Nov 25	01:37:00	1	0	55	0	Ct	0	0	0	0	0	0	0	0	0	0	1	0	0	0	0	3	7	0	0	0	0	0	0	0	1	5	0	1	0	2	1	2	2	0
160654	10 Nov 25	01:38:00	1	0	55	0	Ct	0	0	0	0	2	0	0	0	0	0	2	0	0	0	0	7	0	0	0	0	0	0	0	0	3	1	0	0	0	0	0	6	3	0
160655	10 Nov 25	01:39:00	1	0	55	0	Ct	0	0	0	0	2	0	0	3	0	0	4	0	2	0	0	6	0	0	0	0	1	0	0	4	3	4	2	0	0	3	2	4	1	0
160656	10 Nov 25	01:40:00	1	0	55	0	Ct	0	0	0	0	4	2	0	1	0	0	2	0	3	0	0	2	0	0	2	0	1	0	0	0	3	1	0	1	0	4	1	2	1	0
160657	10 Nov 25	01:41:00	1	0	55	0	Ct	0	0	0	0	2	0	0	0	0	0	1	0	2	0	0	0	0	0	0	0	1	0	0	0	0	5	1	1	0	1	2	4	3	2
160658	10 Nov 25	01:42:00	1	0	55	0	Ct	0	0	0	0	3	0	0	0	0	0	2	0	3	0	0	4	0	0	0	0	0	0	0	0	1	3	2	0	0	3	0	2	1	0
160659	10 Nov 25	01:43:00	1	0	55	0	Ct	0	0	0	0	2	0	7	2	0	0	3	0	0	0	0	2	0	0	2	0	0	0	0	0	1	1	2	0	0	0	1	4	2	0
160660	10 Nov 25	01:44:00	1	0	55	0	Ct	0	0	0	0	3	2	7	0	0	0	3	0	1	0	0	4	0	0	0	0	0	0	0	0	3	2	0	0	0	3	1	4	3	0
160661	10 Nov 25	01:45:00	1	0	55	0	Ct	0	0	2	0	3	0	0	3	0	0	1	0	0	0	0	4	0	0	2	0	0	0	0	0	3	3	0	0	0	2	1	3	1	0
160662	10 Nov 25	01:46:00	1	0	55	0	Ct	0	0	0	0	0	0	0	2	3	0	2	0	0	0	0	5	0	0	0	0	0	0	0	0	7	3	5	2	0	0	0	1	2	0
160663	10 Nov 25	01:47:00	1	0	55	0	Ct	0	0	0	0	2	0	4	0	0	0	1	0	0	0	0	2	0	0	0	0	0	0	0	0	2	4	0	0	2	2	0	3	1	0
160664	10 Nov 25	01:48:00	1	0	55	0	Ct	0	0	4	0	0	0	2	0	0	0	0	2	0	1	0	4	0	0	2	0	0	0	1	0	2	2	0	0	0	1	0	1	1	0
160665	10 Nov 25	01:49:00	1	0	55	0	Ct	0	0	2	0	3	2	5	0	0	0	0	0	0	1	0	4	0	0	0	0	0	0	0	0	0	1	0	0	0	0	3	2	1	0
160666	10 Nov 25	01:50:00	1	0	55	0	Ct	0	0	3	0	2	0	3	0	0	0	1	0	0	0	0	3	0	0	2	0	0	0	0	0	0	4	0	1	0	1	2	4	3	0
160667	10 Nov 25	01:51:00	1	0	55	0	Ct	0	0	2	0	0	0	20	0	0	0	1	0	0	0	0	3	0	0	0	0	1	0	0	0	2	2	0	2	0	2	3	3	2	0
160668	10 Nov 25	01:52:00	1	0	55	0	Ct	0	0	3	1	0	2	18	0	0	0	1	0	0	0	0	1	0	0	0	0	1	0	0	0	2	3	0	1	1	1	2	2	2	0
160669	10 Nov 25	01:53:00	1	0	55	0	Ct	0	0	3	5	4	2	10	0	0	0	1	0	1	0	2	2	0	0	0	0	0	0	3	0	2	2	0	1	0	0	0	7	3	0
160670	10 Nov 25	01:54:00	1	0	55	0	Ct	0	0	5	0	3	2	0	0	0	0	0	0	1	0	0	4	0	0	0	0	0	0	0	0	2	7	0	3	0	2	1	2	1	0
160671	10 Nov 25	01:55:00	1	0	55	0	Ct	0	0	4	0	0	0	3	0	0	0	0	1	0	0	0	2	0	0	0	0	0	0	0	0	2	2	0	1	4	1	1	2	1	0
160672	10 Nov 25	01:56:00	1	0	55	0	Ct	0	0	5	0	2	0	16	0	0	0	0	0	1	0	0	7	0	0	3	0	0	0	3	0	2	4	0	2	0	3	0	3	1	0
160673	10 Nov 25	01:57:00	1	0	55	0	Ct	0	0	4	0	2	0	0	0	0	0	3	0	3	0	0	2	8	0	0	0	0	0	2	0	0	4	0	1	0	1	0	2	0	0
160674	10 Nov 25	01:58:00	1	0	55	0	Ct	0	0	0	0	2	0	4	0	0	0	0	0	2	0	0	3	0	0	0	0	1	0	6	0	2	3	0	1	0	1	0	1	1	0
160675	10 Nov 25	01:59:00	1	0	55	0	Ct	0	0	2	0	3	0	5	0	0	0	2	0	1	0	0	3	0	0	2	0	1	0	0	0	2	2	0	0	0	0	2	0	5	0
160676	10 Nov 25	02:00:00	1	0	55	0	Ct	0	0	3	0	3	1	10	0	0	0	2	6	0	0	0	4	1	0	2	0	0	0	0	0	4	3	0	0	0	0	2	0	3	0
160677	10 Nov 25	02:01:00	1	0	55	0	Ct	0	0	4	0	2	3	4	0	0	0	0	0	0	0	0	2	2	0	1	0	0	0	0	0	1	3	0	0	0	2	2	0	1	2
160678	10 Nov 25	02:02:00	1	0	55	0	Ct	0	0	1	0	2	0	0	1	0	0	3	2	1	0	0	3	0	0	1	0	0	0	0	0	2	2	0	0	0	0	1	4	0	0
160679	10 Nov 25	02:03:00	1	0	55	0	Ct	0	0	0	0	7	0	2	1	0	0	0	0	1	0	0	1	0	0	0	0	0	0	0	0	1	1	0	0	0	3	3	1	3	0
160680	10 Nov 25	02:04:00	1	0	55	0	Ct	0	0	3	0	2	1	0	0	0	0	0	0	1	0	0	5	0	0	1	0	0	0	0	0	0	5	2	0	0	0	2	1	2	0
160681	10 Nov 25	02:05:00	1	0	55	0	Ct	0	0	4	0	4	1	7	1	0	0	0	0	0	0	0	2	2	0	7	0	0	0	0	0	2	2	0	0	2	1	0	3	3	0
160682	10 Nov 25	02:06:00	1	0	55	0	Ct	0	0	4	0	2	2	2	2	0	0	0	0	1	0	0	5	1	0	2	2	0	0	0	0	2	2	0	0	3	0	3	3	4	0
160683	10 Nov 25	02:07:00	1	0	55	0	Ct	0	0	4	0	2	0	9	2	0	0	1	0	1	0	0	3	3	0	0	0	0	0	0	0	0	2	0	0	3	1	5	4	3	0
160684	10 Nov 25	02:08:00	1	0	55	0	Ct	0	0	4	0	2	0	6	1	0	0	1	0	2	0	0	7	1	0	0	0	0	0	0	0	0	2	0	0	6	0	8	3	1	0
160685	10 Nov 25	02:09:00	1	0	55	0	Ct	0	0	0	0	3	2	3	0	0	0	0	0	0	0	0	4	3	0	0	0	0	0	0	0	0	2	0	0	3	0	3	3	2	0
160686	10 Nov 25	02:10:00	1	0	55	0	Ct	0	0	4	0	3	0	5	1	1	0	0	0	0	0	0	3	7	0	0	0	0	0	0	0	1	2	0	0	2	0	1	2	2	0
160687	10 Nov 25	02:11:00	1	0	55	0	Ct	0	0	6	0	0	0	1	1	1	0	1	0	0	0	0	7	0	0	4	0	0	0	0	0	1	3	0	0	2	0	2	3	3	0
160688	10 Nov 25	02:12:00	1	0	55	0	Ct	0	0	2	0	0	0	1	2	0	0	1	0	0	0	0	0	0	0	0	0	0	0	0	0	2	4	0	0	3	0	0	2	3	0
160689	10 Nov 25	02:13:00	1	0	55	0	Ct	0	0	5	0	0	0	0	0	4	0	0	0	0	0	0	0	0	0	2	0	0	0	0	0	0	1	0	0	2	1	2	1	3	0
160690	10 Nov 25	02:14:00	1	0	55	0	Ct	0	0	3	0	1	0	14	2	0	0	0	2	0	0	0	3	0	0	0	0	0	0	5	0	2	2	0	0	3	2	1	1	2	1
160691	10 Nov 25	02:15:00	1	0	55	0	Ct	0	0	2	0	3	0	3	0	0	0	4	0	0	0	0	10	0	0	0	0	0	0	1	0	0	3	0	0	2	1	1	3	1	1
160692	10 Nov 25	02:16:00	1	0	55	0	Ct	0	0	2	0	5	0	5	0	0	0	2	0	0	0	0	2	1	0	0	2	0	0	2	0	2	4	0	0	3	2	0	2	1	0
160693	10 Nov 25	02:17:00	1	0	55	0	Ct	0	0	4	0	0	0	0	0	0	0	2	0	0	0	0	0	3	0	0	0	2	0	0	0	2	2	0	0	1	0	0	2	8	0
160694	10 Nov 25	02:18:00	1	0	55	0	Ct	0	0	2	0	0	0	0	0	0	0	0	0	0	0	0	3	0	0	0	0	2	0	0	0	0	3	0	0	3	0	2	1	2	0
160695	10 Nov 25	02:19:00	1	0	55	0	Ct	0	0	1	0	0	0	0	0	0	0	2	0	0	0	0	2	0	0	0	0	0	0	4	0	1	4	0	0	3	0	1	3	2	0
160696	10 Nov 25	02:20:00	1	0	55	0	Ct	0	0	3	0	0	0	7	0	0	0	3	0	2	0	0	0	0	0	2	0	0	0	0	0	1	5	0	0	4	0	1	0	3	0
160697	10 Nov 25	02:21:00	1	0	55	0	Ct	0	0	1	0	0	0	2	1	0	0	1	0	2	0	0	3	0	0	3	0	0	0	0	0	3	2	0	0	2	0	1	0	2	0
160698	10 Nov 25	02:22:00	1	0	55	0	Ct	0	0	2	0	2	4	7	1	0	0	1	0	1	0	0	5	3	0	0	0	0	0	0	0	1	3	0	0	2	1	1	0	0	0
160699	10 Nov 25	02:23:00	1	0	55	0	Ct	0	0	3	0	4	1	4	0	0	0	1	0	4	0	0	2	5	0	0	0	0	0	0	0	1	1	0	1	2	1	7	0	0	0
160700	10 Nov 25	02:24:00	1	0	55	0	Ct	0	0	2	0	1	0	0	0	0	0	1	0	0	0	0	2	4	0	2	0	0	0	0	0	2	2	0	1	1	0	1	0	1	1
160701	10 Nov 25	02:25:00	1	0	55	0	Ct	0	0	2	0	0	0	15	0	0	0	3	0	1	3	0	6	1	0	2	2	2	0	0	0	3	1	4	2	2	0	2	0	0	2
160702	10 Nov 25	02:26:00	1	0	55	0	Ct	0	0	4	0	1	0	14	3	0	0	2	0	1	1	0	0	0	0	2	0	1	0	0	0	2	2	0	0	2	0	9	1	0	1
160703	10 Nov 25	02:27:00	1	0	55	0	Ct	0	0	3	0	1	0	0	0	0	0	2	0	0	1	0	4	0	0	1	1	1	0	0	0	0	3	0	0	1	0	7	0	0	0
160704	10 Nov 25	02:28:00	1	0	55	0	Ct	0	0	1	0	4	0	7	2	0	0	1	0	2	3	0	2	0	0	0	1	2	0	0	0	2	2	0	0	2	0	0	0	0	2
160705	10 Nov 25	02:29:00	1	0	55	0	Ct	0	0	3	0	3	0	9	2	0	0	2	3	1	6	0	0	0	0	1	3	0	0	0	0	0	3	0	0	3	0	2	0	1	2
160706	10 Nov 25	02:30:00	1	0	55	0	Ct	0	0	7	2	2	0	6	0	0	0	1	4	0	1	0	2	6	0	1	3	3	0	0	0	1	3	0	0	4	0	2	0	3	2
160707	10 Nov 25	02:31:00	1	0	55	0	Ct	0	0	2	2	2	2	0	0	0	0	1	0	1	5	0	1	3	0	0	0	2	0	0	0	1	2	0	0	1	1	2	0	0	2
160708	10 Nov 25	02:32:00	1	0	55	0	Ct	0	0	2	1	2	0	4	1	0	0	1	0	1	1	0	1	2	0	0	3	1	0	0	0	2	2	0	0	2	2	1	0	0	2
160709	10 Nov 25	02:33:00	1	0	55	0	Ct	0	0	5	2	4	0	0	1	0	0	0	0	1	4	0	0	6	0	0	2	3	0	0	0	3	3	0	0	2	1	2	2	0	2
160710	10 Nov 25	02:34:00	1	0	55	0	Ct	0	0	3	1	1	0	0	3	0	0	1	2	0	0	0	4	1	0	2	1	1	0	0	0	1	0	2	0	3	3	2	2	0	2
160711	10 Nov 25	02:35:00	1	0	55	0	Ct	0	0	2	1	1	2	0	0	0	0	1	0	0	4	2	1	1	0	0	2	2	0	0	0	0	1	0	2	0	0	2	1	3	0
160712	10 Nov 25	02:36:00	1	0	55	0	Ct	0	0	3	2	1	1	0	2	0	0	0	2	0	3	3	0	5	0	0	2	5	0	0	0	0	3	0	0	3	0	1	3	2	1
160713	10 Nov 25	02:37:00	1	0	55	0	Ct	0	0	4	3	0	1	0	1	0	0	0	0	0	3	0	2	0	0	2	1	2	0	0	0	2	3	0	0	0	0	3	2	3	4
160714	10 Nov 25	02:38:00	1	0	55	0	Ct	0	0	1	1	0	1	5	2	0	0	0	2	0	3	0	4	0	0	1	0	6	0	0	0	1	3	0	0	0	1	2	3	0	2
160715	10 Nov 25	02:39:00	1	0	55	0	Ct	0	0	3	0	2	1	14	2	0	0	1	5	0	3	1	2	0	0	1	1	4	0	0	0	2	1	0	0	3	1	2	1	0	2
160716	10 Nov 25	02:40:00	1	0	55	0	Ct	0	0	2	1	6	1	26	0	0	0	1	1	0	3	2	1	0	0	1	2	3	0	0	0	2	3	0	0	1	0	1	2	3	2
160717	10 Nov 25	02:41:00	1	0	55	0	Ct	0	0	2	1	4	3	5	0	0	0	0	3	0	0	1	1	0	0	0	1	1	0	0	0	2	9	0	0	1	0	1	2	3	3
160718	10 Nov 25	02:42:00	1	0	55	0	Ct	0	0	2	2	3	0	3	2	0	0	0	3	0	1	2	4	0	0	0	5	3	0	0	0	2	3	0	0	3	3	4	2	2	1
160719	10 Nov 25	02:43:00	1	0	55	0	Ct	0	0	1	1	3	0	22	2	0	0	0	3	0	4	2	6	0	0	1	1	2	0	0	0	2	2	0	0	0	0	2	1	1	2
160720	10 Nov 25	02:44:00	1	0	55	0	Ct	0	0	3	1	3	0	0	0	0	0	0	0	1	3	1	2	0	0	1	1	1	0	0	0	2	2	2	0	2	0	1	1	1	0
160721	10 Nov 25	02:45:00	1	0	55	0	Ct	0	0	2	1	2	1	0	0	0	0	0	0	2	2	4	3	0	2	2	4	0	0	0	0	2	4	0	0	2	0	2	2	3	2
160722	10 Nov 25	02:46:00	1	0	55	0	Ct	0	0	2	2	2	1	0	2	0	0	0	5	1	3	2	0	2	0	1	3	0	0	0	0	2	4	0	0	3	1	2	2	1	1
160723	10 Nov 25	02:47:00	1	0	55	0	Ct	0	0	2	0	3	0	5	0	0	0	0	2	0	2	0	0	0	0	0	1	0	0	0	0	0	3	0	0	3	2	0	2	0	1
160724	10 Nov 25	02:48:00	1	0	55	0	Ct	0	0	1	1	1	0	9	0	0	0	0	0	1	2	0	0	0	0	1	1	0	0	0	0	2	2	0	0	2	2	1	3	0	0
160725	10 Nov 25	02:49:00	1	0	55	0	Ct	0	0	1	1	0	2	0	0	0	0	0	0	2	3	0	0	4	0	2	3	2	0	0	0	2	4	0	0	1	0	2	0	0	2
160726	10 Nov 25	02:50:00	1	0	55	0	Ct	0	0	3	1	3	0	4	0	0	0	0	0	0	2	1	0	4	0	0	2	2	0	0	0	2	3	0	0	1	0	1	1	0	1
160727	10 Nov 25	02:51:00	1	0	55	0	Ct	0	0	2	1	1	0	3	2	0	0	0	0	1	2	2	2	0	0	0	2	0	0	0	0	2	5	0	0	1	1	3	3	2	2
160728	10 Nov 25	02:52:00	1	0	55	0	Ct	0	0	1	2	3	0	0	0	0	0	1	0	1	2	2	5	0	0	0	2	0	0	0	0	2	5	0	0	2	0	0	2	0	2
160729	10 Nov 25	02:53:00	1	0	55	0	Ct	0	0	1	2	0	2	0	0	0	0	1	0	1	2	1	9	0	0	0	0	0	0	0	0	1	3	0	0	1	1	1	1	2	2
160730	10 Nov 25	02:54:00	1	0	55	0	Ct	0	0	1	1	4	2	0	0	0	0	2	0	1	2	0	2	0	0	0	2	2	0	0	0	2	3	0	0	0	5	1	2	2	1
160731	10 Nov 25	02:55:00	1	0	55	0	Ct	0	0	2	0	2	0	0	0	0	0	2	1	0	0	0	0	0	0	0	2	2	0	0	0	1	1	0	0	0	5	2	1	2	0
160732	10 Nov 25	02:56:00	1	0	55	0	Ct	0	0	1	1	0	0	0	0	0	0	2	1	0	2	0	2	1	0	0	3	5	0	0	0	1	2	0	0	1	6	0	3	0	0
160733	10 Nov 25	02:57:00	1	0	55	0	Ct	0	0	2	1	0	0	10	1	0	0	0	0	2	2	0	1	0	0	0	2	1	0	0	0	2	2	0	0	3	1	1	2	3	0
160734	10 Nov 25	02:58:00	1	0	55	0	Ct	0	0	2	0	0	0	3	1	0	0	0	0	1	3	2	3	0	0	0	3	1	0	0	0	3	4	0	0	3	1	3	1	0	2
160735	10 Nov 25	02:59:00	1	0	55	0	Ct	0	0	2	2	2	0	0	0	2	0	0	0	1	2	0	3	1	0	0	3	1	0	0	0	2	4	0	0	2	0	2	3	0	2
160736	10 Nov 25	03:00:00	1	0	55	0	Ct	0	0	0	0	0	0	0	0	0	0	0	0	0	4	0	2	4	1	2	2	0	0	0	0	2	5	0	0	3	3	1	0	0	1
160737	10 Nov 25	03:01:00	1	0	55	0	Ct	0	0	2	0	3	0	4	0	0	0	1	0	0	3	0	3	2	1	0	1	0	0	0	0	3	0	0	0	2	3	2	2	2	4
160738	10 Nov 25	03:02:00	1	0	55	0	Ct	0	0	2	0	2	0	0	2	0	0	1	0	0	0	0	4	0	0	0	3	1	0	0	0	1	0	0	0	0	0	0	3	2	2
160739	10 Nov 25	03:03:00	1	0	55	0	Ct	0	0	0	1	0	0	4	1	0	0	1	0	1	2	0	1	0	0	1	2	1	0	0	0	1	5	0	0	1	0	1	1	1	0
160740	10 Nov 25	03:04:00	1	0	55	0	Ct	0	0	3	4	3	0	7	1	0	0	1	0	1	3	0	2	0	0	1	2	0	0	0	0	3	4	0	0	2	0	0	2	1	1
160741	10 Nov 25	03:05:00	1	0	55	0	Ct	0	0	3	2	2	0	6	2	0	0	3	0	1	2	1	2	0	0	1	1	2	0	0	0	2	2	0	0	0	0	2	2	0	2
160742	10 Nov 25	03:06:00	1	0	55	0	Ct	0	0	0	0	1	0	0	0	0	0	2	0	2	4	2	3	0	0	2	2	2	0	0	0	0	3	0	1	3	0	1	6	0	1
160743	10 Nov 25	03:07:00	1	0	55	0	Ct	0	0	2	2	2	0	0	0	0	0	3	0	2	4	1	2	0	0	0	2	2	0	0	0	0	1	0	4	1	0	1	4	3	2
160744	10 Nov 25	03:08:00	1	0	55	0	Ct	0	0	1	0	2	0	0	0	0	0	1	0	1	4	1	0	2	0	1	3	0	0	0	0	0	2	0	2	0	0	2	1	2	0
160745	10 Nov 25	03:09:00	1	0	55	0	Ct	0	0	2	0	2	0	2	2	0	0	0	1	1	3	0	0	0	0	2	3	2	0	0	0	2	1	0	2	0	0	2	2	1	4
160746	10 Nov 25	03:10:00	1	0	55	0	Ct	0	0	3	2	2	0	5	0	0	0	2	1	2	6	3	3	1	0	1	1	0	0	3	0	2	1	0	5	1	0	2	1	2	1
160747	10 Nov 25	03:11:00	1	0	55	0	Ct	0	0	3	0	2	0	0	2	0	0	0	0	0	2	1	0	14	0	1	1	2	0	4	0	0	2	0	2	2	0	2	0	2	3
160748	10 Nov 25	03:12:00	1	0	55	0	Ct	0	0	0	2	2	3	4	0	0	0	0	0	0	2	0	2	0	0	0	1	0	0	6	2	2	2	0	3	0	0	1	0	1	2
160749	10 Nov 25	03:13:00	1	0	55	0	Ct	0	0	0	0	5	0	5	2	0	0	0	0	0	3	0	4	10	0	0	1	3	0	0	0	1	3	0	4	2	0	2	0	4	1
160750	10 Nov 25	03:14:00	1	0	55	0	Ct	0	0	0	1	3	0	0	0	0	0	0	0	0	3	0	0	3	0	0	2	1	0	0	0	3	3	0	2	0	0	3	0	2	1
160751	10 Nov 25	03:15:00	1	0	55	0	Ct	0	0	0	0	2	0	5	1	0	0	2	0	0	1	0	6	3	0	0	2	2	0	0	0	1	0	0	1	0	0	3	0	1	1
160752	10 Nov 25	03:16:00	1	0	55	0	Ct	0	0	0	1	2	1	0	2	0	0	1	2	0	3	1	1	0	0	0	3	0	0	0	0	2	4	0	2	2	0	3	0	0	2
160753	10 Nov 25	03:17:00	1	0	55	0	Ct	0	0	1	1	1	1	0	2	5	0	0	2	1	2	3	6	1	0	0	0	0	0	0	0	1	2	0	1	1	0	10	0	2	1
160754	10 Nov 25	03:18:00	1	0	55	0	Ct	0	0	1	1	0	0	0	1	0	0	0	1	1	3	2	4	0	0	0	2	0	0	0	0	0	3	0	4	1	0	2	0	0	1
160755	10 Nov 25	03:19:00	1	0	55	0	Ct	0	0	1	1	0	2	16	1	0	0	2	2	1	1	0	1	0	0	0	1	0	0	0	2	2	2	0	0	0	0	0	2	0	1
160756	10 Nov 25	03:20:00	1	0	55	0	Ct	0	0	1	0	1	0	5	0	0	0	1	0	2	3	0	1	0	0	2	1	2	0	0	2	2	3	1	2	0	0	0	10	0	1
160757	10 Nov 25	03:21:00	1	0	55	0	Ct	0	0	3	2	1	2	12	0	0	0	3	2	1	3	0	2	0	0	0	2	0	0	0	0	0	3	1	2	0	0	4	5	0	2
160758	10 Nov 25	03:22:00	1	0	55	0	Ct	0	0	0	0	0	1	6	0	0	8	0	2	1	3	2	2	0	0	0	1	1	0	0	0	0	4	0	2	1	0	4	2	0	0
160759	10 Nov 25	03:23:00	1	0	55	0	Ct	0	0	1	2	0	3	0	0	0	0	1	1	0	1	3	4	0	0	0	1	6	0	0	0	0	2	0	2	3	0	0	2	0	2
160760	10 Nov 25	03:24:00	1	0	55	0	Ct	0	0	1	0	2	4	0	0	0	0	2	1	0	1	1	1	4	0	2	3	16	0	0	0	2	3	0	1	0	0	5	3	0	3
160761	10 Nov 25	03:25:00	1	0	55	0	Ct	0	0	0	1	2	0	12	0	0	0	2	0	1	1	0	1	2	0	0	5	0	0	3	0	0	2	0	2	2	0	3	1	3	1
160762	10 Nov 25	03:26:00	1	0	55	0	Ct	0	0	2	6	0	0	4	2	0	0	0	0	1	1	1	2	0	0	0	0	0	0	3	0	1	4	0	1	0	0	0	5	3	2
160763	10 Nov 25	03:27:00	1	0	55	0	Ct	0	0	0	1	2	0	2	0	0	0	0	0	2	3	1	0	0	0	2	1	11	0	1	0	2	0	0	2	6	0	3	0	2	2
160764	10 Nov 25	03:28:00	1	0	55	0	Ct	0	0	0	1	2	1	6	2	0	0	0	2	4	2	0	2	0	0	0	3	3	0	0	0	1	4	0	1	8	0	1	2	1	0
160765	10 Nov 25	03:29:00	1	0	55	0	Ct	0	0	2	0	2	1	0	1	0	0	1	1	1	3	1	3	0	2	2	2	0	0	0	0	2	1	0	1	0	0	7	2	0	0
160766	10 Nov 25	03:30:00	1	0	55	0	Ct	0	0	0	0	0	0	0	1	0	0	1	1	1	3	3	1	0	0	0	2	0	0	0	0	0	4	0	2	4	0	1	2	2	2
160767	10 Nov 25	03:31:00	1	0	55	0	Ct	0	0	2	2	1	0	8	1	0	0	0	3	1	0	1	4	0	0	1	1	0	0	3	4	0	1	0	0	2	0	1	1	0	3
160768	10 Nov 25	03:32:00	1	0	55	0	Ct	0	0	1	0	1	1	5	0	0	0	0	0	0	2	1	2	0	0	1	1	0	0	1	0	0	1	0	2	0	0	4	0	0	0
160769	10 Nov 25	03:33:00	1	0	55	0	Ct	0	0	2	0	3	1	3	0	0	0	1	1	0	3	1	2	0	0	0	1	0	0	3	0	3	2	0	1	0	0	0	0	0	2
160770	10 Nov 25	03:34:00	1	0	55	0	Ct	0	0	2	0	1	0	0	2	0	0	1	1	0	4	0	0	0	5	2	2	0	0	5	0	0	1	0	1	2	0	2	0	0	0
160771	10 Nov 25	03:35:00	1	0	55	0	Ct	0	0	2	3	0	0	0	0	0	0	0	3	0	1	2	3	0	1	0	2	0	0	8	0	1	1	0	2	3	0	3	1	0	2
160772	10 Nov 25	03:36:00	1	0	55	0	Ct	0	0	1	2	1	0	15	0	0	0	2	2	0	0	0	1	0	2	2	0	0	0	0	0	0	0	0	1	2	0	5	4	0	0
160773	10 Nov 25	03:37:00	1	0	55	0	Ct	0	0	2	1	3	0	4	2	0	0	0	0	0	0	2	0	0	2	0	1	0	0	0	0	0	0	0	1	2	0	0	1	2	0
160774	10 Nov 25	03:38:00	1	0	55	0	Ct	0	0	1	1	2	0	12	2	0	0	0	0	0	4	1	2	0	2	0	1	0	0	0	2	3	0	0	2	2	0	2	3	0	0
160775	10 Nov 25	03:39:00	1	0	55	0	Ct	0	0	2	0	2	0	1	2	0	0	0	1	0	2	1	0	0	4	0	2	0	0	0	0	1	2	0	1	3	0	1	2	2	3
160776	10 Nov 25	03:40:00	1	0	55	0	Ct	0	0	0	0	0	0	3	1	0	0	0	0	0	4	3	3	0	4	0	0	2	0	0	2	0	2	0	1	2	0	0	4	0	1
160777	10 Nov 25	03:41:00	1	0	55	0	Ct	0	0	0	2	3	2	4	1	0	0	0	0	0	3	0	4	0	3	0	1	1	0	3	1	3	3	0	0	2	0	1	1	0	1
160778	10 Nov 25	03:42:00	1	0	55	0	Ct	0	0	0	0	2	0	4	0	0	0	0	0	0	3	0	2	0	1	2	4	0	0	0	3	1	2	2	1	0	0	1	3	0	2
160779	10 Nov 25	03:43:00	1	0	55	0	Ct	0	0	0	1	0	2	0	2	0	0	0	0	0	2	2	4	0	2	0	1	0	0	0	2	3	4	0	1	2	0	1	2	2	1
160780	10 Nov 25	03:44:00	1	0	55	0	Ct	0	0	0	0	0	0	0	1	0	0	2	2	0	3	0	3	0	4	0	2	0	0	0	2	1	0	0	2	3	0	2	1	2	1
160781	10 Nov 25	03:45:00	1	0	55	0	Ct	0	0	0	2	0	0	9	1	0	0	2	0	0	4	0	6	0	3	2	1	0	0	0	2	2	2	2	5	0	0	1	1	1	1
160782	10 Nov 25	03:46:00	1	0	55	0	Ct	0	0	0	0	0	0	4	1	0	0	0	0	0	3	2	3	0	3	0	2	0	0	0	2	1	2	0	1	1	0	0	2	3	1
160783	10 Nov 25	03:47:00	1	0	55	0	Ct	0	0	0	0	0	0	9	1	0	0	0	1	0	1	0	3	0	0	0	2	1	0	0	2	1	4	2	1	3	0	2	2	1	2
160784	10 Nov 25	03:48:00	1	0	55	0	Ct	0	0	1	1	1	0	18	1	0	0	0	3	0	2	0	2	0	3	0	2	3	0	9	3	2	2	2	1	0	0	4	2	1	1
160785	10 Nov 25	03:49:00	1	0	55	0	Ct	0	0	1	0	3	0	15	1	0	0	0	12	0	1	4	3	0	3	0	2	0	0	0	2	0	3	2	2	2	0	1	1	2	2
160786	10 Nov 25	03:50:00	1	0	55	0	Ct	0	0	0	1	2	0	3	0	0	0	0	8	0	2	0	1	0	1	2	1	0	0	0	3	0	3	1	1	1	0	1	0	0	0
160787	10 Nov 25	03:51:00	1	0	55	0	Ct	0	0	0	1	0	0	1	0	0	0	0	1	0	0	0	1	4	4	0	3	0	0	0	3	2	1	2	1	2	0	1	1	0	0
160788	10 Nov 25	03:52:00	1	0	55	0	Ct	0	0	0	0	2	3	11	0	0	0	0	0	0	2	0	3	0	1	2	0	1	0	0	3	3	4	3	1	2	0	0	0	0	2
160789	10 Nov 25	03:53:00	1	0	55	0	Ct	0	0	0	0	2	1	10	0	0	0	1	3	0	2	0	0	1	3	1	2	6	0	0	4	1	1	4	1	2	0	1	1	0	1
160790	10 Nov 25	03:54:00	1	0	55	0	Ct	0	0	1	0	3	0	0	0	0	0	1	2	0	1	0	4	4	1	0	1	2	0	0	2	3	2	2	0	1	0	2	2	0	2
160791	10 Nov 25	03:55:00	1	0	55	0	Ct	0	0	0	1	2	0	0	0	0	0	0	2	0	2	0	2	0	4	0	1	1	0	0	2	0	3	2	0	0	0	0	1	0	1
160792	10 Nov 25	03:56:00	1	0	55	0	Ct	0	0	1	3	2	0	0	0	0	0	1	0	0	2	0	4	1	1	0	4	9	0	1	4	0	2	0	2	0	0	0	2	2	0
160793	10 Nov 25	03:57:00	1	0	55	0	Ct	0	0	0	0	1	0	9	2	0	0	3	0	0	0	0	1	7	3	0	2	0	0	0	2	2	0	2	0	1	0	0	2	0	1
160794	10 Nov 25	03:58:00	1	0	55	0	Ct	0	0	0	0	2	0	10	0	0	0	4	0	0	1	1	3	12	0	0	1	0	0	2	1	2	0	2	1	1	0	0	3	2	2
160795	10 Nov 25	03:59:00	1	0	55	0	Ct	0	0	0	0	1	0	3	2	0	0	0	0	0	1	4	2	1	0	0	0	0	0	0	5	3	2	2	2	3	0	1	2	1	0
160796	10 Nov 25	04:00:00	1	0	55	0	Ct	0	0	2	1	2	0	9	0	1	0	2	1	0	2	1	0	0	0	1	0	7	0	0	3	3	3	2	1	0	0	1	0	3	0
160797	10 Nov 25	04:01:00	1	0	55	0	Ct	0	0	0	0	2	0	32	2	1	0	2	1	0	0	2	1	0	1	1	2	0	0	5	2	2	1	2	1	0	0	2	1	0	2
160798	10 Nov 25	04:02:00	1	0	55	0	Ct	0	0	0	1	4	0	0	0	0	0	4	0	0	0	0	3	13	3	0	2	0	0	5	2	0	2	2	2	0	0	1	1	2	1
160799	10 Nov 25	04:03:00	1	0	55	0	Ct	0	0	0	0	3	0	7	2	2	0	2	0	0	1	2	0	13	2	2	0	0	0	6	2	4	2	2	0	0	1	2	0	1	1
160800	10 Nov 25	04:04:00	1	0	55	0	Ct	0	0	0	0	1	0	2	1	0	0	2	0	0	3	0	2	0	2	1	2	0	0	2	2	2	8	2	0	1	1	2	0	1	0
160801	10 Nov 25	04:05:00	1	0	55	0	Ct	0	0	0	0	2	0	0	1	0	0	2	3	0	2	0	4	0	2	0	0	0	0	3	2	1	3	2	2	2	0	1	0	4	0
160802	10 Nov 25	04:06:00	1	0	55	0	Ct	0	0	0	0	0	0	10	3	2	0	2	0	0	2	0	2	0	2	1	2	0	0	2	1	1	2	2	0	0	0	2	4	1	2
160803	10 Nov 25	04:07:00	1	0	55	0	Ct	0	0	0	0	0	0	13	0	0	0	0	0	0	2	4	2	0	3	1	0	0	0	4	2	0	2	0	0	2	0	0	2	1	1
160804	10 Nov 25	04:08:00	1	0	55	0	Ct	0	0	0	0	2	1	16	1	0	0	0	0	0	3	5	2	0	3	0	1	1	0	2	2	1	0	2	0	0	0	0	12	1	1
160805	10 Nov 25	04:09:00	1	0	55	0	Ct	0	0	0	0	2	1	14	1	0	0	0	2	0	4	2	0	1	1	2	2	2	0	3	6	1	2	2	2	3	0	1	3	1	1
160806	10 Nov 25	04:10:00	1	0	55	0	Ct	0	0	0	1	5	0	0	3	0	0	0	0	0	1	1	2	2	1	0	1	1	0	1	5	3	2	0	2	1	0	2	1	1	0
160807	10 Nov 25	04:11:00	1	0	55	0	Ct	0	0	0	1	0	0	2	0	0	0	1	0	1	3	2	0	2	2	1	2	0	0	1	3	1	2	3	0	4	1	2	2	1	0
160808	10 Nov 25	04:12:00	1	0	55	0	Ct	0	0	0	0	2	0	6	0	0	0	0	0	1	0	0	0	2	3	1	1	3	0	1	3	2	3	1	2	1	1	1	2	2	1
160809	10 Nov 25	04:13:00	1	0	55	0	Ct	0	0	0	0	4	0	15	2	3	0	1	0	0	2	5	0	0	1	0	1	1	0	3	2	2	3	3	0	0	0	0	2	0	1
160810	10 Nov 25	04:14:00	1	0	55	0	Ct	0	0	2	2	2	0	2	0	3	0	0	0	0	4	1	0	0	1	0	2	1	0	4	3	1	4	2	0	0	0	0	2	0	0
160811	10 Nov 25	04:15:00	1	0	55	0	Ct	0	0	0	0	2	0	1	1	3	0	0	0	0	2	2	0	3	3	0	1	1	0	3	2	2	2	1	0	1	0	0	2	0	0
160812	10 Nov 25	04:16:00	1	0	55	0	Ct	0	0	1	0	3	0	0	3	3	0	0	0	2	1	1	0	2	3	0	2	0	0	0	2	2	2	2	0	1	0	0	2	0	1
160813	10 Nov 25	04:17:00	1	0	55	0	Ct	0	0	0	0	1	0	5	0	2	0	0	0	1	2	1	0	0	6	0	2	2	0	0	2	2	1	2	0	0	0	0	1	0	1
160814	10 Nov 25	04:18:00	1	0	55	0	Ct	0	0	0	1	3	0	5	0	3	0	0	0	2	2	0	0	1	4	0	1	1	0	5	2	1	1	2	2	3	0	0	0	0	0
160815	10 Nov 25	04:19:00	1	0	55	0	Ct	0	0	0	0	1	0	0	0	1	0	1	0	0	2	2	0	4	2	0	2	0	0	1	3	2	3	1	2	1	0	0	3	0	2
160816	10 Nov 25	04:20:00	1	0	55	0	Ct	0	0	0	1	0	0	6	1	4	0	1	0	0	0	1	0	0	3	2	2	1	0	1	1	2	3	1	0	0	0	4	1	0	0
160817	10 Nov 25	04:21:00	1	0	55	0	Ct	0	0	1	0	0	0	5	1	2	0	1	0	0	2	2	0	0	1	2	0	1	0	1	2	0	3	1	1	0	0	0	1	0	0
160818	10 Nov 25	04:22:00	1	0	55	0	Ct	0	0	1	0	0	0	10	0	3	0	1	0	0	0	1	1	0	1	0	0	1	0	1	3	1	2	1	1	0	0	1	4	0	0
160819	10 Nov 25	04:23:00	1	0	55	0	Ct	0	0	0	0	0	0	5	0	0	0	0	0	0	2	1	1	0	1	0	0	0	0	1	1	3	3	0	0	1	0	1	10	3	0
160820	10 Nov 25	04:24:00	1	0	55	0	Ct	0	0	0	1	4	0	5	0	0	0	0	2	0	1	0	2	0	4	0	0	0	0	0	1	2	1	1	3	1	0	1	1	0	0
160821	10 Nov 25	04:25:00	1	0	55	0	Ct	0	0	2	1	2	0	0	1	0	0	0	0	0	1	0	0	6	1	0	0	0	0	2	2	2	3	2	0	0	0	2	1	0	0
160822	10 Nov 25	04:26:00	1	0	55	0	Ct	0	0	0	0	3	0	0	1	2	0	2	0	0	1	0	0	5	3	3	0	0	0	2	3	3	3	1	1	2	0	2	3	0	0
160823	10 Nov 25	04:27:00	1	0	55	0	Ct	0	0	0	1	1	0	3	2	2	0	0	2	0	1	0	0	1	2	1	0	0	0	2	3	1	2	1	0	0	0	0	0	0	0
160824	10 Nov 25	04:28:00	1	0	55	0	Ct	0	0	0	1	0	0	4	0	3	0	2	1	0	2	0	0	4	2	2	0	0	0	1	1	2	2	2	0	2	0	0	0	0	1
160825	10 Nov 25	04:29:00	1	0	55	0	Ct	0	0	2	1	3	0	5	0	0	0	0	0	0	0	2	0	0	4	0	0	0	0	1	3	2	2	2	2	1	2	2	0	0	1
160826	10 Nov 25	04:30:00	1	0	55	0	Ct	0	0	0	1	0	0	0	1	2	0	0	0	0	1	3	0	0	3	0	0	0	0	0	2	0	0	3	0	0	0	2	1	0	3
160827	10 Nov 25	04:31:00	1	0	55	0	Ct	0	0	0	0	0	0	0	2	1	0	3	0	0	3	0	0	0	1	1	0	0	0	3	2	0	1	0	2	0	0	1	2	2	1
160828	10 Nov 25	04:32:00	1	0	55	0	Ct	0	0	0	0	0	0	0	3	1	0	0	0	0	0	3	0	2	1	2	0	0	0	4	2	0	1	2	1	0	0	1	3	0	2
160829	10 Nov 25	04:33:00	1	0	55	0	Ct	0	0	2	0	0	0	0	0	1	0	2	0	0	1	2	2	4	1	1	0	2	0	1	3	2	2	0	2	0	3	2	1	0	1
160830	10 Nov 25	04:34:00	1	0	55	0	Ct	0	0	2	0	4	0	0	0	1	0	2	0	0	4	0	8	0	2	0	0	1	0	2	3	0	3	2	0	0	3	2	2	3	1
160831	10 Nov 25	04:35:00	1	0	55	0	Ct	0	0	0	0	2	0	0	1	3	0	0	0	0	1	4	1	0	2	1	0	12	0	3	4	1	4	1	2	0	1	0	3	2	4
160832	10 Nov 25	04:36:00	1	0	55	0	Ct	0	0	0	0	7	0	0	2	3	0	1	1	0	3	0	1	0	0	1	0	1	0	1	2	1	2	1	2	0	1	2	3	1	1
160833	10 Nov 25	04:37:00	1	0	55	0	Ct	0	0	2	0	3	0	0	1	0	0	1	1	0	3	0	1	0	2	0	0	0	0	1	3	0	1	2	0	3	1	1	2	1	1
160834	10 Nov 25	04:38:00	1	0	55	0	Ct	0	0	2	0	2	0	0	1	0	0	2	0	0	2	1	2	1	3	1	0	0	0	1	2	0	1	2	0	1	1	1	0	1	0
160835	10 Nov 25	04:39:00	1	0	55	0	Ct	0	0	3	0	1	2	2	2	0	0	1	0	0	1	1	2	1	0	1	0	0	0	3	2	0	0	2	2	3	2	0	4	2	0
160836	10 Nov 25	04:40:00	1	0	55	0	Ct	0	0	0	2	2	3	4	1	3	0	1	0	0	3	2	3	1	3	0	2	0	0	2	2	1	0	3	0	0	1	2	1	2	1
160837	10 Nov 25	04:41:00	1	0	55	0	Ct	0	0	0	1	1	3	0	0	0	0	0	1	0	1	0	2	1	1	0	3	0	0	3	1	2	3	1	2	0	1	2	3	3	1
160838	10 Nov 25	04:42:00	1	0	55	0	Ct	0	0	0	1	4	4	4	2	0	0	1	1	0	0	0	0	6	3	0	5	0	0	2	1	2	2	1	0	0	1	1	1	1	0
160839	10 Nov 25	04:43:00	1	0	55	0	Ct	0	0	0	0	4	3	14	0	1	0	3	0	0	3	1	2	2	0	1	2	0	0	0	2	1	2	2	0	0	1	0	3	2	0
160840	10 Nov 25	04:44:00	1	0	55	0	Ct	0	0	0	0	0	1	8	1	1	0	0	1	0	0	1	2	2	2	3	3	0	0	0	3	3	2	2	0	0	2	1	3	1	0
160841	10 Nov 25	04:45:00	1	0	55	0	Ct	0	0	0	1	0	0	21	3	0	0	0	3	0	1	0	3	0	4	0	0	0	0	3	1	2	1	2	0	0	1	1	3	2	0
160842	10 Nov 25	04:46:00	1	0	55	0	Ct	0	0	0	3	1	2	4	0	5	0	0	2	2	1	0	2	2	2	0	2	0	0	3	2	2	2	1	0	0	2	4	2	1	1
160843	10 Nov 25	04:47:00	1	0	55	0	Ct	0	0	0	1	3	2	0	2	1	0	0	4	2	0	0	2	0	0	0	1	0	0	0	2	2	4	1	0	2	3	2	6	0	2
160844	10 Nov 25	04:48:00	1	0	55	0	Ct	0	0	0	0	4	2	5	2	0	0	0	2	0	0	0	0	2	1	2	2	0	0	0	2	0	2	1	0	2	2	1	2	0	0
160845	10 Nov 25	04:49:00	1	0	55	0	Ct	0	0	0	1	3	3	28	2	2	0	0	1	0	2	1	3	10	6	0	1	0	0	2	2	3	0	1	0	2	4	4	1	1	1
160846	10 Nov 25	04:50:00	1	0	55	0	Ct	0	0	0	2	5	0	0	1	4	0	0	2	0	4	1	0	2	1	0	1	0	0	1	1	2	2	2	2	0	1	1	3	2	2
160847	10 Nov 25	04:51:00	1	0	55	0	Ct	0	0	0	1	4	2	4	1	1	0	0	3	0	3	1	0	1	1	1	1	0	0	1	0	2	3	4	0	2	1	3	2	2	0
160848	10 Nov 25	04:52:00	1	0	55	0	Ct	0	0	0	0	4	2	0	0	3	0	2	2	0	2	3	2	3	3	1	1	0	0	0	2	0	1	2	2	0	0	1	3	3	2
160849	10 Nov 25	04:53:00	1	0	55	0	Ct	0	0	0	3	4	2	13	0	0	0	0	0	0	0	0	2	7	0	0	1	0	0	0	1	2	2	2	0	2	0	2	1	0	2
160850	10 Nov 25	04:54:00	1	0	55	0	Ct	0	0	0	0	2	1	0	3	0	0	2	2	0	1	0	2	3	2	0	1	3	0	3	2	2	1	2	1	1	0	0	4	2	1
160851	10 Nov 25	04:55:00	1	0	55	0	Ct	0	0	1	0	3	0	5	2	0	0	2	2	0	5	0	2	0	2	2	3	0	0	3	2	0	2	2	2	1	2	1	2	2	4
160852	10 Nov 25	04:56:00	1	0	55	0	Ct	0	0	0	0	4	0	4	2	2	0	2	0	0	0	0	2	0	1	0	0	0	0	2	1	1	4	2	2	2	0	2	1	0	4
160853	10 Nov 25	04:57:00	1	0	55	0	Ct	0	0	1	0	3	0	7	0	0	0	0	3	0	0	0	1	0	3	0	0	1	0	3	2	2	2	2	0	0	0	2	3	0	0
160854	10 Nov 25	04:58:00	1	0	55	0	Ct	0	0	1	0	4	0	8	0	0	0	2	1	0	2	0	4	0	1	2	0	7	0	0	3	0	0	2	0	4	0	2	0	0	2
160855	10 Nov 25	04:59:00	1	0	55	0	Ct	0	0	2	5	3	0	0	1	0	0	1	1	0	3	0	2	0	0	1	1	0	0	5	1	3	0	1	0	1	0	2	2	0	1
160856	10 Nov 25	05:00:00	1	0	55	0	Ct	0	0	0	0	1	0	0	2	0	0	1	1	0	2	0	1	0	1	0	1	0	0	9	2	2	0	1	1	2	1	0	0	0	1
160857	10 Nov 25	05:01:00	1	0	55	0	Ct	0	0	2	1	0	0	0	2	0	0	0	2	0	2	0	3	0	1	2	2	0	0	2	2	1	3	1	2	0	1	0	0	0	1
160858	10 Nov 25	05:02:00	1	0	55	0	Ct	0	0	1	1	5	0	0	0	0	0	1	1	0	1	2	0	0	3	2	2	0	0	1	1	0	1	2	1	2	0	1	0	0	1
160859	10 Nov 25	05:03:00	1	0	55	0	Ct	0	0	2	0	4	1	5	0	0	0	1	1	0	1	2	0	2	0	1	1	0	0	1	4	0	2	0	0	2	1	3	0	0	0
160860	10 Nov 25	05:04:00	1	0	55	0	Ct	0	0	0	1	7	1	0	0	1	0	2	1	0	2	2	6	0	2	1	1	2	0	1	1	2	2	1	1	1	1	0	0	2	0
160861	10 Nov 25	05:05:00	1	0	55	0	Ct	0	0	0	1	4	2	4	2	1	0	2	2	0	0	1	0	1	2	0	0	3	0	1	3	1	5	1	1	0	2	0	3	1	0
160862	10 Nov 25	05:06:00	1	0	55	0	Ct	0	0	1	0	3	0	0	0	0	0	0	2	0	1	0	4	4	1	0	1	2	0	1	1	3	1	2	0	0	1	0	1	1	0
160863	10 Nov 25	05:07:00	1	0	55	0	Ct	0	0	2	1	3	4	4	0	0	0	0	0	0	3	2	1	6	1	0	2	3	0	1	3	0	2	0	2	0	2	0	4	0	0
160864	10 Nov 25	05:08:00	1	0	55	0	Ct	0	0	0	1	3	0	4	0	2	0	0	0	0	0	0	0	1	1	0	2	1	0	0	1	0	1	0	0	3	0	0	1	0	0
160865	10 Nov 25	05:09:00	1	0	55	0	Ct	0	0	1	0	3	1	5	1	1	0	2	2	0	0	0	0	1	1	0	2	3	0	0	3	0	0	2	3	1	0	4	4	0	0
160866	10 Nov 25	05:10:00	1	0	55	0	Ct	0	0	2	0	2	1	6	1	0	2	18	2	2	0	2	2	0	2	0	0	0	0	2	2	1	0	1	0	0	1	1	3	0	0
160867	10 Nov 25	05:11:00	1	0	55	0	Ct	0	0	0	0	11	0	0	0	2	0	2	1	1	0	0	2	0	3	0	0	2	0	1	2	2	3	2	1	0	1	2	4	1	0
160868	10 Nov 25	05:12:00	1	0	55	0	Ct	0	0	2	0	3	0	0	0	2	0	1	2	1	2	0	1	0	0	1	0	0	0	1	0	3	3	1	0	2	2	2	1	1	0
160869	10 Nov 25	05:13:00	1	0	55	0	Ct	0	0	1	1	1	0	18	0	0	0	1	1	0	2	0	3	0	1	1	2	0	0	6	0	1	2	2	1	2	1	2	2	3	0
160870	10 Nov 25	05:14:00	1	0	55	0	Ct	0	0	2	1	2	0	3	0	2	0	3	6	1	2	0	3	2	3	0	3	0	0	3	1	2	0	2	1	0	1	2	2	0	0
160871	10 Nov 25	05:15:00	1	0	55	0	Ct	0	0	1	0	3	0	28	0	0	3	1	5	1	0	0	4	2	5	0	0	0	0	1	3	1	0	2	0	3	1	0	0	4	2
160872	10 Nov 25	05:16:00	1	0	55	0	Ct	0	0	1	0	3	0	3	1	2	3	1	0	0	1	2	4	2	0	0	0	0	0	3	2	0	2	1	2	1	1	0	0	2	1
160873	10 Nov 25	05:17:00	1	0	55	0	Ct	0	0	2	1	3	0	18	3	0	5	0	1	3	2	2	2	8	2	0	0	0	0	0	2	2	3	2	2	3	1	3	0	1	2
160874	10 Nov 25	05:18:00	1	0	55	0	Ct	0	0	0	0	0	0	0	2	3	2	0	0	0	1	0	4	6	3	1	0	0	0	2	2	2	4	1	0	2	1	3	2	4	1
160875	10 Nov 25	05:19:00	1	0	55	0	Ct	0	0	1	1	5	0	0	3	0	2	1	2	0	2	0	4	8	2	1	0	0	0	0	2	0	2	2	2	2	2	0	1	2	1
160876	10 Nov 25	05:20:00	1	0	55	0	Ct	0	0	2	0	3	0	3	4	0	3	2	6	0	2	2	2	14	0	0	0	0	0	2	0	2	2	1	0	2	0	1	2	3	2
160877	10 Nov 25	05:21:00	1	0	55	0	Ct	0	0	1	2	4	0	7	2	0	3	2	0	0	2	0	4	2	0	0	1	0	0	3	2	3	1	2	2	1	1	2	1	1	0
160878	10 Nov 25	05:22:00	1	0	55	0	Ct	0	0	2	6	0	0	38	9	2	3	1	4	0	2	0	2	12	0	0	1	0	0	2	2	0	1	1	3	3	0	3	3	1	1
160879	10 Nov 25	05:23:00	1	0	55	0	Ct	0	0	2	6	0	0	3	1	0	2	0	0	0	2	6	4	8	0	0	0	0	0	0	2	0	2	1	1	1	0	2	2	3	1
160880	10 Nov 25	05:24:00	1	0	55	0	Ct	0	0	0	0	3	0	0	2	0	4	2	0	0	4	1	2	1	0	0	0	0	0	2	1	1	2	3	1	3	2	2	2	2	0
160881	10 Nov 25	05:25:00	1	0	55	0	Ct	0	0	1	1	2	0	0	2	0	1	1	0	2	2	0	1	1	2	2	0	0	0	1	0	1	2	1	2	2	0	1	2	0	2
160882	10 Nov 25	05:26:00	1	0	55	0	Ct	0	0	1	2	4	1	0	1	2	3	1	1	2	3	1	1	4	0	0	0	0	0	1	1	2	2	2	3	0	0	2	3	3	1
160883	10 Nov 25	05:27:00	1	0	55	0	Ct	0	0	0	4	6	1	0	2	0	4	2	2	0	1	0	1	2	0	2	2	0	0	2	2	1	1	2	1	0	1	0	5	3	1
160884	10 Nov 25	05:28:00	1	0	55	0	Ct	0	0	0	1	1	0	0	1	0	1	3	2	2	0	0	2	2	0	1	0	0	0	5	4	1	1	2	1	2	0	4	2	0	2
160885	10 Nov 25	05:29:00	1	0	55	0	Ct	0	0	0	0	5	0	0	1	1	4	1	1	2	0	0	1	1	2	3	0	0	0	1	3	3	0	2	1	1	1	2	2	2	1
160886	10 Nov 25	05:30:00	1	0	55	0	Ct	0	0	0	0	4	0	7	3	1	2	0	2	1	0	2	3	1	4	0	3	0	0	1	3	0	2	1	2	1	1	3	2	2	2
160887	10 Nov 25	05:31:00	1	0	55	0	Ct	0	0	0	0	3	0	2	2	3	2	1	1	1	0	0	1	0	2	1	1	0	0	0	1	0	2	2	3	0	0	2	3	4	2
160888	10 Nov 25	05:32:00	1	0	55	0	Ct	0	0	0	0	3	0	0	3	0	6	0	1	1	3	2	2	1	0	1	2	0	0	2	2	0	3	3	1	1	0	3	4	2	2
160889	10 Nov 25	05:33:00	1	0	55	0	Ct	0	0	0	0	2	0	10	0	1	2	1	2	2	3	1	0	5	3	0	2	0	0	0	1	0	2	2	1	3	1	2	2	0	0
160890	10 Nov 25	05:34:00	1	0	55	0	Ct	0	0	2	0	1	0	0	2	1	1	2	0	0	0	0	2	0	0	0	2	0	0	0	3	0	2	0	0	1	0	2	2	2	1
160891	10 Nov 25	05:35:00	1	0	55	0	Ct	0	0	1	0	0	0	7	0	1	3	2	0	1	2	1	1	2	1	0	3	0	0	6	1	2	2	2	0	2	1	1	1	2	0
160892	10 Nov 25	05:36:00	1	0	55	0	Ct	0	0	2	0	0	0	15	1	1	1	1	0	2	0	1	1	0	1	0	1	0	0	0	0	2	2	2	1	3	1	2	3	1	1
160893	10 Nov 25	05:37:00	1	0	55	0	Ct	0	0	0	3	2	0	0	3	0	4	2	2	2	0	0	1	0	1	2	1	2	0	1	1	2	3	0	1	0	0	2	2	3	1
160894	10 Nov 25	05:38:00	1	0	55	0	Ct	0	0	0	2	2	0	3	2	0	2	3	2	0	1	0	1	4	3	0	2	2	0	3	1	2	1	0	0	0	1	1	3	3	1
160895	10 Nov 25	05:39:00	1	0	55	0	Ct	0	0	2	2	2	1	12	0	0	2	1	0	1	1	0	2	1	0	0	2	1	0	1	1	0	2	2	3	1	1	3	2	1	0
160896	10 Nov 25	05:40:00	1	0	55	0	Ct	0	0	2	1	3	3	12	2	4	3	1	0	1	0	2	5	0	3	1	1	2	0	0	3	0	1	1	0	1	0	2	2	0	1
160897	10 Nov 25	05:41:00	1	0	55	0	Ct	0	0	1	1	3	1	8	4	0	1	2	0	0	0	0	1	0	0	1	3	2	0	2	1	1	0	1	2	0	5	2	2	0	1
160898	10 Nov 25	05:42:00	1	0	55	0	Ct	0	0	0	3	3	1	11	2	4	4	1	0	0	2	2	7	1	1	0	1	4	0	0	1	1	4	2	0	0	0	2	2	2	3
160899	10 Nov 25	05:43:00	1	0	55	0	Ct	0	0	2	0	9	0	5	0	0	0	1	2	0	2	1	3	1	0	0	2	3	0	2	2	1	1	2	0	0	0	0	1	0	0
160900	10 Nov 25	05:44:00	1	0	55	0	Ct	0	0	0	1	3	0	5	0	1	0	2	0	2	1	3	0	0	1	0	2	3	0	3	2	1	3	1	0	0	0	2	1	2	1
160901	10 Nov 25	05:45:00	1	0	55	0	Ct	0	0	0	1	5	2	12	2	1	2	0	0	0	0	0	0	1	0	0	3	0	0	3	0	3	2	0	2	1	0	1	1	2	1
160902	10 Nov 25	05:46:00	1	0	55	0	Ct	0	0	2	1	5	0	0	4	0	1	0	0	1	0	0	2	10	0	1	2	5	0	0	0	0	3	0	1	1	1	6	3	1	1
160903	10 Nov 25	05:47:00	1	0	55	0	Ct	0	0	1	2	4	2	4	4	3	2	1	1	0	0	0	4	9	2	1	3	3	0	2	2	2	2	2	1	0	1	2	1	2	1
160904	10 Nov 25	05:48:00	1	0	55	0	Ct	0	0	1	0	4	1	4	2	0	2	1	1	0	0	0	3	2	2	0	0	2	0	1	0	2	1	0	0	3	0	2	1	3	0
160905	10 Nov 25	05:49:00	1	0	55	0	Ct	0	0	0	1	4	3	5	4	0	0	0	2	1	0	0	3	3	3	0	2	1	0	2	0	2	0	1	2	3	0	3	3	2	0
160906	10 Nov 25	05:50:00	1	0	55	0	Ct	0	0	2	2	3	0	1	1	0	4	2	0	1	2	2	2	1	2	0	1	0	0	0	0	2	4	2	0	2	0	2	2	1	1
160907	10 Nov 25	05:51:00	1	0	55	0	Ct	0	0	0	1	3	0	7	3	0	3	1	3	0	0	0	3	2	0	0	1	2	0	1	0	0	1	0	0	2	0	2	1	2	2
160908	10 Nov 25	05:52:00	1	0	55	0	Ct	0	0	0	1	3	0	19	0	0	2	2	0	0	0	4	3	0	0	2	0	1	0	1	2	0	2	1	0	1	0	2	3	2	2
160909	10 Nov 25	05:53:00	1	0	55	0	Ct	0	0	0	2	3	0	16	2	5	1	0	1	1	0	2	3	4	3	0	2	2	0	1	1	0	1	1	0	2	0	1	1	1	1
160910	10 Nov 25	05:54:00	1	0	55	0	Ct	0	0	0	2	2	0	11	3	1	2	2	1	1	2	0	4	1	1	1	4	7	0	2	1	0	2	3	0	2	1	1	3	0	2
160911	10 Nov 25	05:55:00	1	0	55	0	Ct	0	0	1	0	0	0	4	1	1	1	0	0	0	0	0	1	16	0	1	0	1	0	0	4	2	2	0	0	1	1	1	1	0	5
160912	10 Nov 25	05:56:00	1	0	55	0	Ct	0	0	2	1	3	0	0	3	0	1	0	1	0	2	2	2	1	3	2	3	1	0	5	2	3	3	2	0	1	0	1	0	0	1
160913	10 Nov 25	05:57:00	1	0	55	0	Ct	0	0	2	0	3	0	10	2	0	2	1	1	1	0	0	1	3	1	0	1	0	0	10	0	2	1	1	0	0	0	2	2	0	2
160914	10 Nov 25	05:58:00	1	0	55	0	Ct	0	0	0	1	0	0	2	2	0	2	3	2	1	0	0	2	0	2	2	2	1	0	5	2	2	2	3	0	2	0	0	3	0	0
160915	10 Nov 25	05:59:00	1	0	55	0	Ct	0	0	0	0	4	0	1	1	2	2	1	0	0	1	0	0	0	3	2	0	1	0	5	0	2	2	0	0	0	1	0	2	0	1
160916	10 Nov 25	06:00:00	1	0	55	0	Ct	0	0	2	0	4	2	6	3	1	2	0	1	0	3	0	1	4	2	0	1	2	0	0	1	0	3	0	0	2	2	1	1	0	2
160917	10 Nov 25	06:01:00	1	0	55	0	Ct	0	0	3	0	3	1	6	2	0	0	0	0	0	3	0	3	2	1	2	1	2	0	2	3	1	3	2	0	1	0	1	4	4	2
160918	10 Nov 25	06:02:00	1	0	55	0	Ct	0	0	0	1	2	1	0	1	0	1	0	2	0	1	0	0	13	0	0	2	0	0	0	1	1	2	0	1	1	3	1	1	2	0
160919	10 Nov 25	06:03:00	1	0	55	0	Ct	0	0	3	1	2	0	0	3	0	1	0	3	0	2	0	2	1	4	1	0	0	0	0	2	2	3	3	1	4	0	1	1	3	0
160920	10 Nov 25	06:04:00	1	0	55	0	Ct	0	0	0	0	0	2	7	1	0	0	0	1	2	1	0	1	4	0	1	3	0	0	0	0	2	1	1	4	2	1	2	1	3	0
160921	10 Nov 25	06:05:00	1	0	55	0	Ct	0	0	2	0	3	0	4	2	0	2	0	0	1	1	2	5	11	0	0	0	1	0	0	2	0	2	2	0	3	1	2	2	3	5
160922	10 Nov 25	06:06:00	1	0	55	0	Ct	0	0	1	0	3	0	30	2	1	3	1	0	1	3	0	4	0	0	0	2	1	0	0	4	1	0	1	2	0	0	2	3	3	5
160923	10 Nov 25	06:07:00	1	0	55	0	Ct	0	0	0	0	3	0	0	3	1	1	1	0	1	3	0	1	0	2	1	0	0	0	1	2	2	0	1	0	1	0	4	2	1	2
160924	10 Nov 25	06:08:00	1	0	55	0	Ct	0	0	0	0	3	0	2	4	4	0	0	0	0	0	0	3	9	3	1	0	0	0	1	0	1	0	1	2	0	0	2	4	0	2
160925	10 Nov 25	06:09:00	1	0	55	0	Ct	0	0	0	0	4	0	7	2	0	3	0	0	1	1	0	0	1	1	0	0	0	0	0	0	4	0	1	2	0	0	2	4	1	0
160926	10 Nov 25	06:10:00	1	0	55	0	Ct	0	0	0	1	3	0	0	2	0	5	2	2	0	0	0	4	0	2	0	1	3	0	3	0	1	0	2	0	3	0	2	1	0	0
160927	10 Nov 25	06:11:00	1	0	55	0	Ct	0	0	3	3	3	2	0	3	2	1	1	3	0	0	0	2	2	3	1	3	1	0	4	2	2	0	1	0	1	1	2	3	1	1
160928	10 Nov 25	06:12:00	1	0	55	0	Ct	0	0	2	0	2	0	6	2	0	2	1	2	2	0	0	3	2	1	0	2	0	0	1	3	2	0	1	0	2	0	2	1	2	1
160929	10 Nov 25	06:13:00	1	0	55	0	Ct	0	0	2	0	3	0	19	0	0	4	0	0	0	0	0	3	2	3	1	0	0	0	0	3	0	0	2	2	2	0	1	4	2	0
160930	10 Nov 25	06:14:00	1	0	55	0	Ct	0	0	3	0	2	0	3	2	0	1	0	1	1	0	0	1	4	1	0	0	0	0	2	2	0	0	4	1	1	0	5	2	1	1
160931	10 Nov 25	06:15:00	1	0	55	0	Ct	0	0	2	0	4	0	12	2	3	3	0	2	3	2	0	2	2	1	0	2	0	0	0	0	2	0	2	2	1	0	0	2	3	1
160932	10 Nov 25	06:16:00	1	0	55	0	Ct	0	0	0	1	3	2	11	2	0	3	2	0	0	2	0	2	3	1	1	1	1	0	1	2	0	0	2	2	1	0	6	2	5	0
160933	10 Nov 25	06:17:00	1	0	55	0	Ct	0	0	1	1	1	0	9	1	1	2	2	1	0	2	0	2	6	3	1	2	2	0	1	2	2	1	0	2	4	0	4	2	3	2
160934	10 Nov 25	06:18:00	1	0	55	0	Ct	0	0	1	0	3	2	1	1	3	1	1	1	0	2	0	0	5	2	0	0	1	0	1	2	0	3	2	0	0	0	2	2	1	1
160935	10 Nov 25	06:19:00	1	0	55	0	Ct	0	0	2	0	3	2	0	2	0	1	4	3	0	1	0	3	0	1	2	1	0	0	2	0	0	1	0	2	0	0	3	2	1	2
160936	10 Nov 25	06:20:00	1	0	55	0	Ct	0	0	2	1	3	0	0	2	0	4	1	4	1	1	0	3	1	1	0	2	0	0	1	2	1	2	2	0	2	0	1	1	2	2
160937	10 Nov 25	06:21:00	1	0	55	0	Ct	0	0	1	1	1	1	0	3	0	2	1	1	1	1	0	0	7	0	0	2	1	0	2	2	1	4	0	2	2	0	2	2	2	1
160938	10 Nov 25	06:22:00	1	0	55	0	Ct	0	0	2	0	0	0	15	0	0	0	2	2	0	3	0	0	0	2	0	0	2	0	0	0	2	2	2	0	0	0	1	2	2	0
160939	10 Nov 25	06:23:00	1	0	55	0	Ct	0	0	3	0	1	0	3	0	0	2	1	0	2	2	0	3	0	1	2	0	1	0	0	2	1	1	0	0	1	0	2	6	4	0
160940	10 Nov 25	06:24:00	1	0	55	0	Ct	0	0	2	1	3	0	6	2	0	0	2	1	3	2	0	2	1	1	0	0	0	0	0	2	1	3	0	1	1	0	1	2	1	2
160941	10 Nov 25	06:25:00	1	0	55	0	Ct	0	0	2	1	4	1	0	3	0	0	1	0	1	2	0	4	3	0	0	0	0	0	2	1	2	2	1	1	0	0	3	1	1	0
160942	10 Nov 25	06:26:00	1	0	55	0	Ct	0	0	1	0	2	1	5	2	2	4	0	0	1	3	4	2	2	2	0	0	0	0	1	0	0	2	2	0	0	0	2	0	0	0
160943	10 Nov 25	06:27:00	1	0	55	0	Ct	0	0	0	0	0	0	0	0	0	2	0	1	3	0	1	0	0	0	0	0	2	0	1	2	2	2	1	0	2	0	1	1	0	0
160944	10 Nov 25	06:28:00	1	0	55	0	Ct	0	0	0	0	2	0	6	0	0	0	0	0	1	0	2	1	0	2	2	0	3	0	0	0	1	2	2	0	2	0	3	6	2	0
160945	10 Nov 25	06:29:00	1	0	55	0	Ct	0	0	3	1	5	2	4	0	2	0	3	0	0	0	2	1	0	2	2	0	1	0	3	0	3	5	3	2	0	0	1	2	2	2
160946	10 Nov 25	06:30:00	1	0	55	0	Ct	0	0	2	1	2	0	5	1	0	2	1	1	2	0	0	2	0	1	1	0	0	0	0	0	2	1	2	2	1	0	2	3	1	5
160947	10 Nov 25	06:31:00	1	0	55	0	Ct	0	0	2	0	4	0	0	2	2	1	1	4	2	0	0	2	0	2	1	0	0	0	0	3	3	3	1	1	1	0	1	5	2	6
160948	10 Nov 25	06:32:00	1	0	55	0	Ct	0	0	0	0	3	0	0	1	0	3	3	2	0	2	1	0	2	1	1	0	3	0	0	2	3	1	2	1	0	0	1	3	3	0
160949	10 Nov 25	06:33:00	1	0	55	0	Ct	0	0	0	0	3	0	6	0	0	3	1	1	1	0	1	1	1	0	1	0	1	0	0	1	1	7	1	0	0	0	2	3	2	2
160950	10 Nov 25	06:34:00	1	0	55	0	Ct	0	0	2	0	4	3	0	1	0	2	2	0	3	2	3	1	1	1	0	0	0	0	0	2	3	1	2	0	0	0	1	2	4	0
160951	10 Nov 25	06:35:00	1	0	55	0	Ct	0	0	1	0	3	0	0	6	0	1	0	0	2	4	0	2	0	3	2	0	0	0	0	1	2	2	1	1	0	0	0	2	0	0
160952	10 Nov 25	06:36:00	1	0	55	0	Ct	0	0	4	0	4	0	10	1	0	1	2	3	1	0	2	1	2	0	0	0	0	0	0	2	0	4	2	1	2	0	5	2	0	2
160953	10 Nov 25	06:37:00	1	0	55	0	Ct	0	0	1	0	3	2	6	1	4	2	1	1	2	1	0	3	0	1	2	1	0	0	1	0	2	1	1	1	4	0	5	3	1	2
160954	10 Nov 25	06:38:00	1	0	55	0	Ct	0	0	2	0	2	1	0	0	0	2	1	1	0	1	2	2	1	1	0	2	0	0	1	2	2	2	0	1	1	0	0	1	3	1
160955	10 Nov 25	06:39:00	1	0	55	0	Ct	0	0	1	0	1	1	4	0	0	1	2	2	0	1	0	0	5	2	0	0	1	0	2	1	1	0	1	3	4	0	2	4	2	4
160956	10 Nov 25	06:40:00	1	0	55	0	Ct	0	0	0	0	3	0	13	1	2	1	2	2	0	0	0	2	5	2	0	1	1	0	3	1	3	0	1	0	0	1	2	2	2	0
160957	10 Nov 25	06:41:00	1	0	55	0	Ct	0	0	2	0	3	0	2	2	0	4	4	3	0	1	0	0	0	0	2	0	0	0	1	2	2	0	2	2	2	1	1	2	3	1
160958	10 Nov 25	06:42:00	1	0	55	0	Ct	0	0	0	1	2	0	0	2	0	2	5	0	0	3	3	0	0	0	1	1	0	0	3	2	0	0	0	2	2	0	3	2	2	1
160959	10 Nov 25	06:43:00	1	0	55	0	Ct	0	0	0	3	4	2	0	0	0	0	3	3	3	0	1	6	7	1	0	0	0	0	0	0	0	0	4	0	1	1	1	1	0	3
160960	10 Nov 25	06:44:00	1	0	55	0	Ct	0	0	2	0	4	1	4	2	0	3	2	0	2	2	0	3	2	1	1	1	0	0	2	0	2	0	0	2	1	3	4	2	4	0
160961	10 Nov 25	06:45:00	1	0	55	0	Ct	0	0	0	0	6	1	15	1	1	1	5	2	2	2	0	2	0	0	1	1	0	0	1	2	2	1	0	0	3	2	0	1	2	1
160962	10 Nov 25	06:46:00	1	0	55	0	Ct	0	0	0	0	2	1	5	1	3	0	1	1	0	2	0	2	5	3	2	0	0	0	1	1	2	1	0	2	1	2	2	3	3	2
160963	10 Nov 25	06:47:00	1	0	55	0	Ct	0	0	0	1	2	1	8	3	0	0	4	0	1	0	0	0	11	3	0	1	2	0	0	1	0	0	2	0	0	0	1	1	2	1
160964	10 Nov 25	06:48:00	1	0	55	0	Ct	0	0	2	2	2	0	6	2	0	2	2	2	0	0	0	2	0	2	0	0	2	0	0	2	3	0	2	2	4	0	2	5	3	1
160965	10 Nov 25	06:49:00	1	0	55	0	Ct	0	0	2	1	2	1	15	2	0	3	1	1	0	0	2	2	0	2	0	1	1	0	2	2	4	2	1	0	1	2	2	2	3	0
160966	10 Nov 25	06:50:00	1	0	55	0	Ct	0	0	2	0	4	1	17	1	0	1	3	1	1	0	0	2	0	1	1	2	1	0	0	2	0	4	1	1	0	1	1	1	2	2
160967	10 Nov 25	06:51:00	1	0	55	0	Ct	0	0	0	1	2	1	20	1	5	1	2	1	1	0	0	0	0	2	1	0	2	0	2	0	2	3	1	1	3	1	2	3	3	0
160968	10 Nov 25	06:52:00	1	0	55	0	Ct	0	0	2	0	3	0	6	3	0	2	1	0	3	0	2	5	1	2	0	0	1	0	1	0	0	4	0	0	0	0	1	2	3	0
160969	10 Nov 25	06:53:00	1	0	55	0	Ct	0	0	3	1	3	0	0	2	0	2	0	1	1	0	0	2	1	0	0	1	0	0	0	0	2	1	1	2	2	1	5	2	2	1
160970	10 Nov 25	06:54:00	1	0	55	0	Ct	0	0	3	1	2	0	0	2	0	0	2	2	1	0	0	1	1	3	3	1	1	0	0	2	0	4	1	0	1	1	1	4	4	1
160971	10 Nov 25	06:55:00	1	0	55	0	Ct	0	0	2	1	0	0	6	2	0	2	1	1	0	2	1	0	0	2	0	0	1	0	1	1	2	4	0	0	0	0	4	0	1	0
160972	10 Nov 25	06:56:00	1	0	55	0	Ct	0	0	1	1	0	0	0	2	3	0	1	1	0	2	0	4	1	1	3	1	2	0	1	2	2	3	0	2	2	1	0	2	1	0
160973	10 Nov 25	06:57:00	1	0	55	0	Ct	0	0	2	1	3	0	0	2	0	0	0	2	0	1	1	2	1	0	0	2	0	0	1	1	2	2	2	1	2	1	4	6	3	1
160974	10 Nov 25	06:58:00	1	0	55	0	Ct	0	0	1	1	2	0	0	1	0	1	2	0	0	2	1	2	1	1	0	2	0	0	1	2	1	1	1	0	3	2	3	1	2	1
160975	10 Nov 25	06:59:00	1	0	55	0	Ct	0	0	2	0	4	0	3	2	2	1	1	1	2	3	1	1	0	1	1	1	0	0	0	2	3	1	1	1	3	1	3	1	1	2
160976	10 Nov 25	07:00:00	1	0	55	0	Ct	0	0	1	0	4	0	19	7	0	1	2	0	2	1	0	4	1	3	1	1	0	0	0	2	2	2	0	0	4	1	0	4	2	2
160977	10 Nov 25	07:01:00	1	0	55	0	Ct	0	0	1	0	3	0	13	1	0	4	1	0	0	1	0	0	1	2	0	1	0	0	1	0	2	2	2	1	1	1	0	4	5	0
160978	10 Nov 25	07:02:00	1	0	55	0	Ct	0	0	2	0	2	2	13	2	1	3	4	0	0	2	0	0	3	0	0	1	0	0	3	2	2	3	2	2	0	2	2	1	2	2
160979	10 Nov 25	07:03:00	1	0	55	0	Ct	0	0	2	0	1	3	6	2	0	1	0	1	1	2	2	4	5	0	0	2	0	0	0	0	2	2	1	1	4	1	2	3	2	1
160980	10 Nov 25	07:04:00	1	0	55	0	Ct	0	0	2	0	3	1	0	1	3	1	0	3	2	2	1	2	1	1	0	0	0	0	0	2	3	3	1	0	2	2	2	3	2	3
160981	10 Nov 25	07:05:00	1	0	55	0	Ct	0	0	2	1	2	0	3	2	0	4	0	2	0	3	0	3	0	1	3	1	1	0	0	1	3	1	1	1	0	0	1	3	2	2
160982	10 Nov 25	07:06:00	1	0	55	0	Ct	0	0	2	1	4	0	0	3	0	1	1	1	1	0	0	2	1	0	0	0	2	0	8	1	2	2	3	0	0	1	2	1	3	3
160983	10 Nov 25	07:07:00	1	0	55	0	Ct	0	0	2	0	2	2	11	2	0	1	3	1	0	2	1	0	1	0	0	0	1	0	3	0	2	2	2	1	0	1	3	0	1	1
160984	10 Nov 25	07:08:00	1	0	55	0	Ct	0	0	3	0	3	1	5	1	0	0	0	2	0	0	2	0	0	0	0	0	3	0	2	0	3	0	0	0	0	2	2	3	1	1
160985	10 Nov 25	07:09:00	1	0	55	0	Ct	0	0	1	1	1	1	0	2	0	2	2	2	0	1	2	2	0	0	0	0	2	0	1	0	2	3	2	3	2	0	3	2	2	0
160986	10 Nov 25	07:10:00	1	0	55	0	Ct	0	0	0	1	2	0	3	3	0	2	2	15	0	2	3	2	0	0	0	0	0	0	2	0	1	2	0	1	3	0	3	2	3	2
160987	10 Nov 25	07:11:00	1	0	55	0	Ct	0	0	2	0	2	0	5	0	1	0	2	5	0	1	0	3	0	0	0	0	1	0	7	0	3	1	1	2	0	0	2	2	2	0
160988	10 Nov 25	07:12:00	1	0	55	0	Ct	0	0	1	0	4	0	9	2	2	2	3	1	0	0	2	1	0	1	1	0	2	0	2	0	0	0	4	2	3	0	2	2	3	0
160989	10 Nov 25	07:13:00	1	0	55	0	Ct	0	0	1	0	1	0	2	1	1	0	1	1	0	0	0	2	0	2	1	0	1	0	0	0	0	3	1	1	2	0	2	4	2	2
160990	10 Nov 25	07:14:00	1	0	55	0	Ct	0	0	1	1	2	0	0	4	18	0	1	0	0	0	2	2	1	4	1	0	0	0	2	0	1	2	1	2	2	0	0	2	3	1
160991	10 Nov 25	07:15:00	1	0	55	0	Ct	0	0	0	1	3	0	0	1	6	0	2	1	0	0	1	2	12	2	1	0	0	0	0	0	2	2	1	0	2	0	0	2	3	1
160992	10 Nov 25	07:16:00	1	0	55	0	Ct	0	0	0	0	2	1	0	0	0	0	3	1	2	0	0	1	0	2	0	0	0	0	2	0	3	1	1	0	1	0	0	2	3	0
160993	10 Nov 25	07:17:00	1	0	55	0	Ct	0	0	0	1	3	2	4	2	2	1	3	0	1	0	1	1	8	2	1	0	0	0	2	0	2	4	0	2	1	2	0	5	2	0
160994	10 Nov 25	07:18:00	1	0	55	0	Ct	0	0	1	0	0	1	7	0	0	1	0	1	2	0	3	2	6	3	3	0	0	0	1	0	2	4	0	0	0	3	0	2	2	0
160995	10 Nov 25	07:19:00	1	0	55	0	Ct	0	0	4	0	2	0	6	2	0	0	3	1	0	0	0	2	1	1	0	1	0	0	1	0	1	2	2	2	2	1	0	5	0	0
160996	10 Nov 25	07:20:00	1	0	55	0	Ct	0	0	4	1	3	0	9	0	0	1	1	1	0	0	0	2	3	2	0	1	0	0	1	0	1	2	0	1	0	3	0	3	2	1
160997	10 Nov 25	07:21:00	1	0	55	0	Ct	0	0	1	0	3	0	6	0	1	1	1	0	0	0	0	2	0	2	0	0	0	0	1	0	0	0	2	2	2	0	0	2	3	3
160998	10 Nov 25	07:22:00	1	0	55	0	Ct	0	0	3	0	4	0	11	0	1	0	1	0	0	2	0	4	4	0	0	0	1	0	0	0	1	0	2	0	0	2	1	2	0	2
160999	10 Nov 25	07:23:00	1	0	55	0	Ct	0	0	2	1	2	0	10	2	0	0	2	1	0	2	0	2	2	0	0	0	1	0	0	0	2	5	0	0	1	1	2	3	3	0
161000	10 Nov 25	07:24:00	1	0	55	0	Ct	0	0	0	0	2	1	0	2	0	0	3	1	0	1	0	2	0	0	0	2	0	0	1	0	2	0	0	0	4	1	0	1	1	3
161001	10 Nov 25	07:25:00	1	0	55	0	Ct	0	0	0	0	2	1	4	2	0	2	1	0	0	1	1	2	0	0	1	0	2	0	1	0	0	0	0	0	0	1	1	0	0	1
161002	10 Nov 25	07:26:00	1	0	55	0	Ct	0	0	3	1	2	0	8	5	0	2	1	0	0	4	1	1	1	0	1	0	1	0	0	0	2	2	2	0	0	1	3	1	3	1
161003	10 Nov 25	07:27:00	1	0	55	0	Ct	0	0	4	0	4	0	5	1	0	0	2	4	2	3	0	2	1	1	0	1	1	0	1	0	0	3	0	0	2	0	1	2	2	2
161004	10 Nov 25	07:28:00	1	0	55	0	Ct	0	0	2	1	4	0	15	2	2	0	2	1	2	0	0	0	2	4	0	1	2	0	1	0	1	2	0	0	3	1	1	3	0	0
161005	10 Nov 25	07:29:00	1	0	55	0	Ct	0	0	0	2	2	0	6	1	1	0	2	0	2	1	4	0	2	4	0	0	0	0	2	0	2	4	2	0	1	1	3	4	4	2
161006	10 Nov 25	07:30:00	1	0	55	0	Ct	0	0	0	0	3	0	2	1	2	2	1	0	0	0	1	3	1	4	0	0	1	0	0	0	1	3	0	0	1	1	1	2	4	2
161007	10 Nov 25	07:31:00	1	0	55	0	Ct	0	0	0	0	3	2	3	4	0	0	1	1	0	2	1	3	0	4	4	0	0	0	0	0	1	0	1	0	2	0	2	3	1	0
161008	10 Nov 25	07:32:00	1	0	55	0	Ct	0	0	0	0	2	1	3	3	0	0	1	0	2	2	0	0	3	1	0	1	0	0	1	2	4	2	1	1	3	0	5	3	4	2
161009	10 Nov 25	07:33:00	1	0	55	0	Ct	0	0	0	1	4	0	3	1	3	2	2	1	2	2	0	1	6	2	0	1	0	0	1	0	2	3	1	1	1	1	3	2	3	1
161010	10 Nov 25	07:34:00	1	0	55	0	Ct	0	0	1	1	2	0	3	0	1	0	2	3	0	2	0	3	2	4	0	0	0	0	0	0	0	3	0	1	0	1	0	2	3	0
161011	10 Nov 25	07:35:00	1	0	55	0	Ct	0	0	1	0	4	0	6	1	0	4	3	1	0	2	0	2	5	1	0	1	0	0	0	0	1	2	0	1	6	0	1	5	4	1
161012	10 Nov 25	07:36:00	1	0	55	0	Ct	0	0	0	0	4	0	3	1	2	0	2	2	0	0	0	0	5	4	0	3	0	0	1	0	3	3	1	2	2	0	0	2	0	0
161013	10 Nov 25	07:37:00	1	0	55	0	Ct	0	0	2	0	4	0	4	0	0	0	1	3	1	2	0	0	1	2	0	1	0	0	1	0	2	1	0	0	3	1	0	2	2	2
161014	10 Nov 25	07:38:00	1	0	55	0	Ct	0	0	2	0	3	0	4	2	0	0	2	1	1	4	0	6	1	3	1	0	0	0	0	2	2	2	1	0	0	3	0	3	2	0
161015	10 Nov 25	07:39:00	1	0	55	0	Ct	0	0	3	0	5	1	5	2	3	0	3	2	1	1	0	4	6	2	1	2	0	0	0	0	0	0	1	0	0	1	2	2	2	2
161016	10 Nov 25	07:40:00	1	0	55	0	Ct	0	0	0	0	4	1	2	1	0	0	0	1	1	1	0	4	4	1	0	3	0	0	2	1	2	2	0	2	0	1	1	1	1	1
161017	10 Nov 25	07:41:00	1	0	55	0	Ct	0	0	2	1	4	0	5	4	6	1	1	0	2	2	1	0	3	4	0	1	0	0	1	3	2	4	0	3	0	1	1	3	1	1
161018	10 Nov 25	07:42:00	1	0	55	0	Ct	0	0	1	1	5	0	3	2	0	3	1	0	1	5	1	5	3	4	0	2	0	0	0	1	2	2	0	0	0	2	0	2	0	1
161019	10 Nov 25	07:43:00	1	0	55	0	Ct	0	0	2	0	2	0	3	3	0	5	2	0	1	0	2	4	1	0	2	2	0	0	2	2	2	1	2	2	0	0	0	1	2	2
161020	10 Nov 25	07:44:00	1	0	55	0	Ct	0	0	0	0	3	0	6	3	0	3	2	0	0	1	0	4	2	2	0	2	0	0	0	1	2	3	0	2	0	0	1	2	1	0
161021	10 Nov 25	07:45:00	1	0	55	0	Ct	0	0	0	0	5	0	3	3	2	3	2	0	0	2	0	5	2	2	0	0	1	0	1	5	2	2	0	1	2	4	3	3	5	1
161022	10 Nov 25	07:46:00	1	0	55	0	Ct	0	0	0	0	4	0	1	1	0	2	2	1	0	0	0	2	4	3	0	0	0	0	3	4	3	3	0	1	2	1	1	2	7	1
161023	10 Nov 25	07:47:00	1	0	55	0	Ct	0	0	0	0	4	0	2	1	3	2	4	1	0	0	0	6	4	1	1	0	0	0	0	4	1	2	0	0	4	0	1	5	6	1
161024	10 Nov 25	07:48:00	1	0	55	0	Ct	0	0	0	0	3	0	3	1	3	2	3	2	0	0	0	6	1	0	1	3	0	0	1	2	2	2	2	3	3	0	2	1	4	1
161025	10 Nov 25	07:49:00	1	0	55	0	Ct	0	0	0	0	2	1	4	1	0	0	2	0	0	0	0	10	0	2	0	3	3	0	3	2	2	2	0	1	3	0	3	4	3	0
161026	10 Nov 25	07:50:00	1	0	55	0	Ct	0	0	0	1	4	1	2	3	2	3	2	0	0	0	2	1	0	4	0	2	3	0	0	2	5	0	1	1	1	2	4	2	3	2
161027	10 Nov 25	07:51:00	1	0	55	0	Ct	0	0	1	1	2	0	0	2	0	2	2	1	0	1	0	3	0	0	2	1	1	0	0	1	0	2	1	1	0	0	2	0	3	1
161028	10 Nov 25	07:52:00	1	0	55	0	Ct	0	0	1	0	3	0	0	0	0	0	3	1	0	2	1	2	0	0	0	1	0	0	2	2	2	3	0	0	4	0	2	1	2	1
161029	10 Nov 25	07:53:00	1	0	55	0	Ct	0	0	0	0	2	0	3	1	0	0	3	0	0	1	5	0	2	2	2	0	3	0	1	2	2	2	1	0	4	0	3	3	4	0
161030	10 Nov 25	07:54:00	1	0	55	0	Ct	0	0	0	0	3	2	19	1	0	0	2	0	0	0	2	1	1	3	0	3	11	0	2	1	2	2	0	2	0	0	2	2	3	1
161031	10 Nov 25	07:55:00	1	0	55	0	Ct	0	0	0	1	3	0	6	1	0	2	2	0	2	3	0	4	3	4	0	2	1	0	0	0	1	2	1	0	0	0	2	4	2	1
161032	10 Nov 25	07:56:00	1	0	55	0	Ct	0	0	2	1	1	0	6	3	0	3	3	1	1	5	2	0	2	1	0	2	0	0	0	3	3	5	0	0	0	0	4	2	3	1
161033	10 Nov 25	07:57:00	1	0	55	0	Ct	0	0	1	0	0	0	5	4	0	4	2	1	2	6	1	5	0	1	0	2	0	0	2	1	1	2	0	0	0	0	1	2	2	1
161034	10 Nov 25	07:58:00	1	0	55	0	Ct	0	0	3	0	2	1	1	2	1	0	2	2	0	3	1	1	0	0	0	0	0	0	0	3	3	0	1	0	0	2	3	3	2	1
161035	10 Nov 25	07:59:00	1	0	55	0	Ct	0	0	1	0	1	1	14	2	7	2	0	4	0	2	3	1	0	2	2	2	2	0	0	1	2	4	1	0	2	1	0	0	2	1
161036	10 Nov 25	08:00:00	1	0	55	0	Ct	0	0	3	0	4	0	7	2	0	0	1	0	0	3	1	2	0	2	0	1	1	0	0	2	2	3	0	0	0	3	0	3	3	0
161037	10 Nov 25	08:01:00	1	0	55	0	Ct	0	0	3	0	2	0	3	0	0	0	2	0	0	2	0	2	0	0	2	2	1	0	0	3	1	3	1	1	0	0	0	0	2	2
161038	10 Nov 25	08:02:00	1	0	55	0	Ct	0	0	0	1	4	1	4	0	0	1	2	1	0	3	0	1	1	1	0	0	0	0	2	1	2	3	1	0	0	2	0	2	4	1
161039	10 Nov 25	08:03:00	1	0	55	0	Ct	0	0	0	1	2	1	8	2	0	1	3	2	2	2	0	3	1	1	0	5	0	0	0	0	3	1	1	2	3	0	1	2	2	1
161040	10 Nov 25	08:04:00	1	0	55	0	Ct	0	0	0	0	3	0	0	3	1	0	3	1	0	0	1	2	0	2	0	1	1	0	2	1	0	3	2	1	1	2	1	3	0	1
161041	10 Nov 25	08:05:00	1	0	55	0	Ct	0	0	0	2	0	0	4	1	1	0	2	1	3	2	1	1	0	1	1	0	2	0	2	3	4	1	0	1	0	0	0	3	0	1
161042	10 Nov 25	08:06:00	1	0	55	0	Ct	0	0	0	0	3	0	0	3	0	2	3	0	2	2	2	3	0	4	1	0	1	0	0	0	2	3	2	0	0	0	1	2	0	0
161043	10 Nov 25	08:07:00	1	0	55	0	Ct	0	0	0	0	3	1	7	2	0	0	2	0	0	1	0	2	0	3	0	2	0	0	0	0	3	0	1	0	0	0	1	1	3	0
161044	10 Nov 25	08:08:00	1	0	55	0	Ct	0	0	1	2	3	1	8	3	0	0	3	0	1	1	0	2	0	2	0	0	0	0	2	1	0	2	1	2	2	2	0	1	3	0
161045	10 Nov 25	08:09:00	1	0	55	0	Ct	0	0	5	0	3	0	0	2	1	2	3	0	1	1	0	2	0	2	1	0	0	0	5	1	2	3	1	0	2	0	0	1	0	1
161046	10 Nov 25	08:10:00	1	0	55	0	Ct	0	0	0	0	0	0	8	2	1	0	2	0	1	2	0	4	0	3	2	2	0	0	1	0	2	1	1	2	2	0	2	3	3	1
161047	10 Nov 25	08:11:00	1	0	55	0	Ct	0	0	0	0	0	2	0	1	2	2	0	0	1	2	2	0	1	1	0	0	0	0	0	0	3	2	1	0	2	0	0	2	1	2
161048	10 Nov 25	08:12:00	1	0	55	0	Ct	0	0	0	1	4	0	7	2	0	1	1	1	0	0	0	2	1	0	0	2	0	0	3	0	3	3	1	0	3	2	2	2	0	1
161049	10 Nov 25	08:13:00	1	0	55	0	Ct	0	0	0	0	4	0	6	3	0	1	3	0	0	0	3	3	0	1	0	0	0	0	0	1	3	2	1	2	2	2	0	5	1	2
161050	10 Nov 25	08:14:00	1	0	55	0	Ct	0	0	0	2	3	0	7	2	0	0	3	3	0	1	3	2	0	3	2	2	0	0	0	1	0	2	1	0	1	1	0	2	3	2
161051	10 Nov 25	08:15:00	1	0	55	0	Ct	0	0	0	1	2	0	0	0	0	0	1	0	0	1	0	2	2	4	0	0	0	0	2	0	2	2	0	1	0	1	1	3	5	1
161052	10 Nov 25	08:16:00	1	0	55	0	Ct	0	0	3	0	4	0	5	2	0	2	0	1	0	2	3	0	0	0	1	0	1	0	0	2	2	2	0	1	0	0	0	2	12	2
161053	10 Nov 25	08:17:00	1	0	55	0	Ct	0	0	0	0	3	0	5	0	0	0	1	0	0	0	3	4	3	2	0	0	1	0	0	1	2	3	0	0	4	2	1	2	3	1
161054	10 Nov 25	08:18:00	1	0	55	0	Ct	0	0	0	0	3	0	3	1	0	0	1	0	1	0	2	1	1	2	0	2	0	0	1	2	2	1	3	1	1	0	2	2	0	0
161055	10 Nov 25	08:19:00	1	0	55	0	Ct	0	0	0	1	1	0	9	3	0	3	1	0	1	1	2	1	0	0	0	1	0	0	1	1	2	2	2	1	2	1	2	2	0	0
161056	10 Nov 25	08:20:00	1	0	55	0	Ct	0	0	3	0	2	2	4	2	1	1	4	0	1	3	0	2	4	2	0	1	0	0	1	0	2	2	1	2	4	1	2	2	0	0
161057	10 Nov 25	08:21:00	1	0	55	0	Ct	0	0	2	0	3	2	0	1	2	1	3	0	1	2	1	2	5	2	0	0	0	0	1	1	1	1	2	0	3	0	3	1	3	2
161058	10 Nov 25	08:22:00	1	0	55	0	Ct	0	0	0	0	6	0	0	2	1	2	0	0	0	2	2	4	0	3	0	0	0	0	3	2	1	3	0	0	0	1	1	2	3	2
161059	10 Nov 25	08:23:00	1	0	55	0	Ct	0	0	0	0	3	0	0	2	0	3	1	0	0	0	1	4	2	2	0	1	0	0	2	1	2	0	1	0	1	3	1	5	1	0
161060	10 Nov 25	08:24:00	1	0	55	0	Ct	0	0	2	1	2	0	7	0	2	1	2	1	1	2	2	1	0	1	0	2	0	0	1	2	2	0	1	0	0	0	0	2	3	0
161061	10 Nov 25	08:25:00	1	0	55	0	Ct	0	0	0	0	0	1	8	2	0	1	3	4	1	0	0	3	9	2	0	3	0	0	3	1	2	3	0	0	3	0	0	0	2	2
161062	10 Nov 25	08:26:00	1	0	55	0	Ct	0	0	0	0	3	1	2	1	2	1	1	1	0	2	4	3	3	1	0	2	0	0	0	1	2	5	0	2	2	1	2	1	2	0
161063	10 Nov 25	08:27:00	1	0	55	0	Ct	0	0	2	0	3	0	12	1	0	0	1	2	0	2	0	0	1	0	0	2	1	0	2	0	0	3	2	0	1	2	2	2	3	0
161064	10 Nov 25	08:28:00	1	0	55	0	Ct	0	0	3	0	2	0	0	2	2	0	2	2	2	0	2	2	10	1	0	0	3	0	0	0	2	3	2	0	2	1	0	2	2	0
161065	10 Nov 25	08:29:00	1	0	55	0	Ct	0	0	2	0	1	0	14	2	1	2	2	0	1	0	0	4	0	0	2	1	1	0	0	0	3	2	2	2	1	1	0	3	2	0
161066	10 Nov 25	08:30:00	1	0	55	0	Ct	0	0	1	0	2	3	17	0	2	1	1	0	1	1	2	0	1	0	0	1	0	0	0	0	5	2	0	1	3	0	1	2	1	0
161067	10 Nov 25	08:31:00	1	0	55	0	Ct	0	0	3	0	2	1	5	2	1	2	1	0	2	2	11	2	3	1	0	0	0	0	2	0	2	0	0	1	0	0	1	1	4	0
161068	10 Nov 25	08:32:00	1	0	55	0	Ct	0	0	2	0	2	0	0	3	0	1	0	0	2	3	3	2	4	0	3	2	0	0	1	0	2	1	1	0	1	1	2	2	1	1
161069	10 Nov 25	08:33:00	1	0	55	0	Ct	0	0	1	0	2	0	4	0	2	1	1	0	0	1	1	4	0	1	1	0	2	0	1	0	2	4	2	0	1	1	0	3	3	1
161070	10 Nov 25	08:34:00	1	0	55	0	Ct	0	0	0	0	2	0	7	4	1	1	2	0	0	1	0	4	1	1	1	1	0	0	0	0	2	3	1	1	0	1	1	2	3	1
161071	10 Nov 25	08:35:00	1	0	55	0	Ct	0	0	0	0	4	0	9	2	0	0	1	0	0	0	2	2	4	0	0	1	2	0	0	2	2	3	0	1	0	1	0	2	4	0
161072	10 Nov 25	08:36:00	1	0	55	0	Ct	0	0	1	0	0	2	0	1	2	0	2	0	0	0	7	2	1	0	2	0	0	0	0	3	1	1	0	0	2	0	0	1	2	1
161073	10 Nov 25	08:37:00	1	0	55	0	Ct	0	0	1	0	5	0	3	2	0	3	2	0	0	0	1	6	1	1	0	0	1	0	2	2	3	2	0	0	2	0	0	4	3	0
161074	10 Nov 25	08:38:00	1	0	55	0	Ct	0	0	0	0	2	0	3	0	0	0	0	0	0	0	2	2	0	2	0	0	1	0	0	1	2	4	2	0	0	2	0	2	3	0
161075	10 Nov 25	08:39:00	1	0	55	0	Ct	0	0	1	0	3	0	0	0	0	1	0	0	0	0	2	4	7	4	0	0	2	0	0	1	0	3	5	2	2	2	0	2	2	1
161076	10 Nov 25	08:40:00	1	0	55	0	Ct	0	0	0	0	0	0	0	1	0	1	1	0	0	0	0	0	0	3	2	0	0	0	0	0	1	3	1	0	0	0	0	3	4	1
161077	10 Nov 25	08:41:00	1	0	55	0	Ct	0	0	0	0	2	0	0	2	0	0	3	0	0	0	2	4	1	4	0	0	0	0	0	0	3	2	1	0	2	2	0	2	0	0
161078	10 Nov 25	08:42:00	1	0	55	0	Ct	0	0	0	0	4	0	0	1	0	0	1	1	0	0	0	4	4	3	0	0	0	0	2	0	0	1	1	0	4	0	1	1	1	1
161079	10 Nov 25	08:43:00	1	0	55	0	Ct	0	0	0	1	2	0	0	0	0	0	3	4	0	0	0	3	0	2	0	1	0	0	2	0	2	3	2	3	4	1	3	2	2	1
161080	10 Nov 25	08:44:00	1	0	55	0	Ct	0	0	0	1	5	0	1	1	0	0	1	3	0	0	0	4	2	0	2	0	0	0	3	0	4	2	0	0	4	1	1	3	3	1
161081	10 Nov 25	08:45:00	1	0	55	0	Ct	0	0	4	0	1	0	17	1	0	3	0	1	0	2	0	2	2	3	0	1	0	0	1	0	2	3	1	0	1	0	0	2	2	1
161082	10 Nov 25	08:46:00	1	0	55	0	Ct	0	0	1	0	5	0	10	2	0	1	1	0	0	2	0	4	3	3	1	3	0	0	2	0	2	5	1	1	1	0	2	2	2	3
161083	10 Nov 25	08:47:00	1	0	55	0	Ct	0	0	0	0	3	1	1	4	0	0	1	1	0	0	0	2	0	0	1	4	0	0	0	0	2	4	0	1	1	0	3	2	3	2
161084	10 Nov 25	08:48:00	1	0	55	0	Ct	0	0	0	1	3	1	4	3	0	2	0	2	0	2	2	4	2	2	0	2	0	0	0	0	0	2	2	2	1	0	0	0	1	1
161085	10 Nov 25	08:49:00	1	0	55	0	Ct	0	0	3	2	1	0	7	5	0	0	0	2	0	0	2	0	0	3	0	1	0	0	0	0	3	2	0	0	5	0	2	1	0	1
161086	10 Nov 25	08:50:00	1	0	55	0	Ct	0	0	1	0	4	0	0	2	0	0	3	3	0	0	0	0	0	4	1	1	0	0	0	0	4	2	0	0	4	1	0	2	0	0
161087	10 Nov 25	08:51:00	1	0	55	0	Ct	0	0	1	0	2	0	0	2	0	0	3	7	2	0	2	4	1	1	2	2	0	0	1	0	2	4	2	0	4	1	0	2	4	0
161088	10 Nov 25	08:52:00	1	0	55	0	Ct	0	0	1	2	4	0	9	2	0	0	2	5	0	0	1	3	1	3	0	2	0	0	1	0	2	2	1	2	0	0	0	1	0	0
161089	10 Nov 25	08:53:00	1	0	55	0	Ct	0	0	1	0	0	0	11	2	0	1	2	2	0	0	3	3	0	1	0	2	0	0	2	0	2	2	1	0	0	0	2	0	0	2
161090	10 Nov 25	08:54:00	1	0	55	0	Ct	0	0	0	0	3	0	7	3	0	1	1	0	0	2	3	4	0	0	0	0	0	0	0	0	3	1	1	1	0	0	1	0	0	0
161091	10 Nov 25	08:55:00	1	0	55	0	Ct	0	0	0	1	2	0	0	1	0	0	1	0	2	3	1	2	1	0	1	2	0	0	1	0	2	2	3	1	0	0	2	0	0	2
161092	10 Nov 25	08:56:00	1	0	55	0	Ct	0	0	0	2	3	0	2	2	2	3	6	0	0	1	0	2	5	0	2	1	0	0	2	0	2	2	0	1	0	1	1	2	0	0
161093	10 Nov 25	08:57:00	1	0	55	0	Ct	0	0	0	0	3	0	3	2	0	1	0	2	0	0	2	3	0	2	1	1	2	0	0	0	1	0	0	1	2	1	0	0	0	0
161094	10 Nov 25	08:58:00	1	0	55	0	Ct	0	0	0	0	0	0	0	0	0	0	1	0	0	2	0	2	1	1	0	1	0	0	0	0	2	3	1	0	3	0	0	2	0	2
161095	10 Nov 25	08:59:00	1	0	55	0	Ct	0	0	2	1	3	0	3	2	0	2	1	0	0	2	2	5	1	1	2	2	1	0	3	0	2	1	1	2	1	0	0	3	2	0
161096	10 Nov 25	09:00:00	1	0	55	0	Ct	0	0	0	1	3	1	3	1	0	0	0	0	0	2	0	6	0	0	0	0	6	0	0	0	2	3	0	0	0	2	1	0	4	0
161097	10 Nov 25	09:01:00	1	0	55	0	Ct	0	0	0	0	3	1	0	2	0	0	1	0	0	1	3	0	1	1	0	2	1	0	2	0	2	1	0	2	2	0	1	0	1	1
161098	10 Nov 25	09:02:00	1	0	55	0	Ct	0	0	2	1	4	0	0	2	0	2	1	0	0	3	1	2	6	1	1	1	0	0	0	0	2	2	0	0	1	0	0	1	2	1
161099	10 Nov 25	09:03:00	1	0	55	0	Ct	0	0	0	2	0	0	0	4	0	2	0	0	0	2	2	5	4	1	1	1	0	0	3	0	2	3	0	0	2	0	0	4	1	0
161100	10 Nov 25	09:04:00	1	0	55	0	Ct	0	0	1	1	0	0	0	0	0	1	4	0	0	0	2	3	3	1	0	1	0	0	1	0	2	4	0	1	1	0	1	4	6	0
161101	10 Nov 25	09:05:00	1	0	55	0	Ct	0	0	0	0	1	0	1	0	0	0	0	0	0	2	1	3	0	1	0	1	1	0	3	0	0	1	0	1	1	0	1	0	1	0
161102	10 Nov 25	09:06:00	1	0	55	0	Ct	0	0	1	1	1	0	4	0	0	0	1	0	0	0	2	2	0	2	2	1	0	0	0	0	0	2	1	1	2	0	0	3	3	0
161103	10 Nov 25	09:07:00	1	0	55	0	Ct	0	1	2	1	2	1	23	1	4	1	2	1	0	0	3	4	0	1	1	1	4	0	0	0	1	1	2	2	3	1	1	3	2	2
161104	10 Nov 25	09:08:00	1	0	55	0	Ct	0	1	1	0	1	1	5	0	2	1	0	5	0	0	0	0	10	0	1	1	2	0	0	0	0	6	1	0	1	2	1	1	0	0
161105	10 Nov 25	09:09:00	1	0	55	0	Ct	0	1	0	0	1	0	0	1	0	0	0	1	0	0	0	0	3	0	2	0	0	0	2	0	2	0	0	1	1	0	0	0	0	0
161106	10 Nov 25	09:10:00	1	0	55	0	Ct	0	1	0	1	0	0	0	0	0	0	0	0	0	0	0	0	1	0	0	0	0	0	3	0	0	0	0	0	2	0	0	0	0	0
161107	10 Nov 25	09:11:00	1	0	55	0	Ct	0	1	0	0	0	0	0	0	0	0	0	0	0	0	0	0	1	0	1	0	1	0	3	0	0	0	0	0	3	0	0	0	0	0
161108	10 Nov 25	09:12:00	1	0	55	0	Ct	0	1	0	4	0	0	0	0	0	0	0	0	0	0	0	0	1	0	0	0	0	0	3	0	0	0	0	0	2	0	0	0	0	0
161109	10 Nov 25	09:13:00	1	0	55	0	Ct	0	1	0	0	0	0	0	0	0	0	0	0	0	0	0	0	0	0	0	0	0	0	1	0	0	0	0	0	0	0	0	0	0	0
161110	10 Nov 25	09:14:00	1	0	55	0	Ct	0	1	0	1	0	0	0	0	0	0	0	4	0	0	0	0	0	0	0	0	2	0	0	0	0	0	0	0	0	0	0	0	0	0
161111	10 Nov 25	09:15:00	1	0	55	0	Ct	0	1	0	0	0	0	0	0	0	0	1	4	0	0	0	0	0	0	0	0	0	0	0	0	0	0	0	0	0	0	0	0	0	0
161112	10 Nov 25	09:16:00	1	0	55	0	Ct	0	1	0	0	0	0	0	0	0	0	0	2	0	0	0	0	0	0	0	0	0	0	0	0	0	0	0	0	0	0	0	0	0	0
161113	10 Nov 25	09:17:00	1	0	55	0	Ct	0	1	0	0	0	0	0	0	0	2	0	0	0	0	0	0	0	0	1	0	0	0	0	0	0	0	0	0	0	0	0	0	0	0
161114	10 Nov 25	09:18:00	1	0	55	0	Ct	0	1	0	1	0	0	0	0	0	0	0	1	0	0	0	0	0	0	1	0	0	0	0	0	0	0	0	0	0	0	0	0	0	0
161115	10 Nov 25	09:19:00	1	0	55	0	Ct	0	1	0	0	0	0	0	0	0	1	0	1	0	0	0	0	0	0	0	0	0	0	0	0	0	0	0	0	0	0	0	0	0	0
161116	10 Nov 25	09:20:00	1	0	55	0	Ct	0	1	0	0	0	0	0	0	0	0	0	0	0	0	0	0	0	0	0	0	0	0	0	0	0	0	0	0	0	0	0	0	0	0
161117	10 Nov 25	09:21:00	1	0	55	0	Ct	0	1	0	0	0	0	0	0	0	0	0	0	0	0	0	0	0	0	0	0	0	0	0	0	0	0	0	0	0	3	0	0	0	0
161118	10 Nov 25	09:22:00	1	0	55	0	Ct	0	1	0	0	0	0	0	0	0	0	0	0	0	0	0	0	0	0	0	0	0	0	0	0	0	0	0	0	0	0	0	1	0	0
161119	10 Nov 25	09:23:00	1	0	55	0	Ct	0	1	0	0	0	0	0	0	0	0	0	0	0	0	0	0	0	0	0	0	0	0	0	0	0	0	0	0	0	0	0	0	0	0
161120	10 Nov 25	09:24:00	1	0	55	0	Ct	0	1	0	0	0	0	0	0	0	0	0	0	0	0	0	0	0	0	0	0	0	0	0	0	0	0	0	0	0	0	0	0	0	0
161121	10 Nov 25	09:25:00	1	0	55	0	Ct	0	1	0	0	0	0	0	0	0	0	0	0	0	0	0	0	0	0	0	0	0	0	0	0	0	0	0	0	0	0	0	0	0	0
161122	10 Nov 25	09:26:00	1	0	55	0	Ct	0	1	0	0	0	0	0	0	0	0	0	0	0	0	0	0	0	0	0	0	0	0	0	0	0	0	0	0	0	0	0	0	0	0
161123	10 Nov 25	09:27:00	1	0	55	0	Ct	0	1	0	0	0	0	0	0	0	0	0	0	0	0	0	0	0	0	0	0	0	0	0	0	0	0	0	0	0	0	0	0	0	0
161124	10 Nov 25	09:28:00	1	0	55	0	Ct	0	1	0	0	0	0	0	0	0	0	0	0	0	0	0	0	0	0	0	0	0	0	1	0	0	0	0	0	0	0	0	0	0	0
161125	10 Nov 25	09:29:00	1	0	55	0	Ct	0	1	0	0	0	0	0	0	0	0	0	0	0	0	0	0	0	0	0	0	0	0	2	0	0	0	0	0	0	0	0	0	0	0
161126	10 Nov 25	09:30:00	1	0	55	0	Ct	0	1	0	0	0	0	0	0	0	0	0	0	0	0	0	0	0	0	0	0	0	0	0	0	0	0	0	0	0	0	0	0	0	0
161127	10 Nov 25	09:31:00	1	0	55	0	Ct	0	1	0	0	0	0	0	0	0	0	0	0	0	0	0	0	0	0	0	0	0	0	0	0	0	0	0	0	0	0	0	0	0	0
161128	10 Nov 25	09:32:00	1	0	55	0	Ct	0	1	0	0	0	0	1	0	0	0	0	0	0	0	0	0	0	0	0	0	0	0	0	0	0	0	0	0	0	0	0	0	0	0
161129	10 Nov 25	09:33:00	1	0	55	0	Ct	0	1	0	0	0	0	0	0	0	0	0	0	0	0	0	0	4	0	0	0	0	0	0	0	1	0	0	0	0	0	0	0	0	0
161130	10 Nov 25	09:34:00	1	0	55	0	Ct	0	1	0	0	0	0	0	0	0	0	0	0	0	0	0	0	3	0	0	0	0	0	0	0	3	1	0	0	0	0	0	0	0	0
161131	10 Nov 25	09:35:00	1	0	55	0	Ct	0	1	0	0	0	0	0	0	0	0	0	0	0	0	0	0	1	0	0	0	0	0	0	0	0	2	0	0	0	0	0	3	0	0
161132	10 Nov 25	09:36:00	1	0	55	0	Ct	0	1	0	0	0	0	0	0	0	0	0	0	0	0	0	0	0	0	0	0	0	0	0	0	0	0	0	0	0	0	0	0	0	0
161133	10 Nov 25	09:37:00	1	0	55	0	Ct	0	1	0	0	0	0	0	0	0	0	0	0	0	0	0	0	0	0	0	0	0	0	1	0	0	0	0	0	0	0	0	0	0	0
161134	10 Nov 25	09:38:00	1	0	55	0	Ct	0	1	0	0	0	0	0	0	0	0	0	0	0	0	0	0	0	0	0	0	0	0	2	0	2	0	0	0	0	0	0	0	0	0
161135	10 Nov 25	09:39:00	1	0	55	0	Ct	0	1	0	0	2	0	0	0	0	0	0	0	0	0	0	0	0	0	0	0	0	0	1	0	0	0	0	0	0	0	0	2	0	0
161136	10 Nov 25	09:40:00	1	0	55	0	Ct	0	1	0	0	0	0	0	0	0	0	0	0	0	0	0	0	1	0	0	0	0	0	2	0	0	3	0	0	0	0	0	0	0	0
161137	10 Nov 25	09:41:00	1	0	55	0	Ct	0	1	0	0	1	0	0	0	0	0	0	0	0	0	0	0	1	0	0	0	0	0	0	0	1	6	0	0	0	0	0	0	0	0
161138	10 Nov 25	09:42:00	1	0	55	0	Ct	0	1	0	0	1	0	0	0	0	0	0	0	0	0	0	0	0	0	0	0	0	0	0	0	1	0	0	0	0	0	0	0	0	0
161139	10 Nov 25	09:43:00	1	0	55	0	Ct	0	1	0	0	0	0	0	0	0	0	0	0	0	0	0	0	0	0	0	0	0	0	0	0	0	3	0	0	0	0	0	0	0	0
161140	10 Nov 25	09:44:00	1	0	55	0	Ct	0	1	0	0	0	0	0	0	0	0	0	0	0	0	0	0	0	0	0	0	0	0	0	0	0	2	0	0	0	0	0	0	0	0
161141	10 Nov 25	09:45:00	1	0	55	0	Ct	0	1	0	0	0	0	0	0	0	0	0	3	0	0	0	0	0	0	0	0	0	0	0	0	1	1	0	0	0	0	0	0	0	0
161142	10 Nov 25	09:46:00	1	0	55	0	Ct	0	1	0	0	0	0	0	0	0	0	0	1	0	0	0	0	0	0	0	0	0	0	0	0	0	4	0	0	0	0	0	0	0	0
161143	10 Nov 25	09:47:00	1	0	55	0	Ct	0	1	0	0	0	0	0	0	0	0	0	1	0	0	0	0	0	0	0	0	0	0	0	0	0	6	0	0	0	0	0	0	0	0
161144	10 Nov 25	09:48:00	1	0	55	0	Ct	0	1	0	0	0	0	0	0	0	0	0	1	0	0	0	0	0	0	0	0	0	0	0	0	0	2	0	0	0	0	0	0	0	0
161145	10 Nov 25	09:49:00	1	0	55	0	Ct	0	1	0	0	0	0	0	0	0	0	0	2	0	0	0	0	2	0	0	0	0	0	0	0	0	1	1	0	0	0	0	1	0	0
161146	10 Nov 25	09:50:00	1	0	55	0	Ct	0	1	0	0	0	0	0	0	0	0	0	1	0	0	0	0	1	0	0	0	0	0	0	0	0	3	0	0	0	0	0	0	0	0
161147	10 Nov 25	09:51:00	1	0	55	0	Ct	0	1	0	0	0	0	0	0	0	0	0	1	0	0	0	0	2	0	0	0	0	0	0	0	0	2	0	0	0	0	0	0	0	0
161148	10 Nov 25	09:52:00	1	0	55	0	Ct	0	1	0	0	0	0	0	0	0	0	0	2	0	0	0	0	0	0	0	0	0	0	0	0	0	1	0	0	0	0	0	0	0	0
161149	10 Nov 25	09:53:00	1	0	55	0	Ct	0	1	0	0	0	0	8	0	0	0	0	2	0	0	0	0	0	0	0	0	0	0	0	0	0	4	0	0	0	0	0	0	0	0
161150	10 Nov 25	09:54:00	1	0	55	0	Ct	0	1	0	0	0	0	0	0	0	0	0	2	0	0	0	0	0	0	0	0	0	0	4	0	0	4	0	0	0	0	0	0	0	0
161151	10 Nov 25	09:55:00	1	0	55	0	Ct	0	1	0	0	0	0	0	0	0	0	0	1	0	0	0	3	0	0	0	0	0	0	0	0	0	3	0	0	0	0	0	0	0	0
161152	10 Nov 25	09:56:00	1	0	55	0	Ct	0	1	0	0	0	0	0	0	0	0	0	1	0	0	0	0	0	0	0	0	0	0	0	0	1	1	0	0	0	0	0	0	0	0
161153	10 Nov 25	09:57:00	1	0	55	0	Ct	0	1	0	0	3	0	0	0	0	0	0	2	0	0	0	0	0	0	0	0	0	0	0	0	1	0	0	0	0	0	0	0	0	0
161154	10 Nov 25	09:58:00	1	0	55	0	Ct	0	1	0	0	0	0	0	0	0	0	0	1	0	0	0	0	1	0	0	0	0	0	0	0	0	0	0	0	0	0	0	0	0	0
161155	10 Nov 25	09:59:00	1	0	55	0	Ct	0	1	0	0	0	0	0	0	0	0	0	1	0	0	0	0	0	0	0	0	0	0	0	0	0	0	0	0	0	0	0	0	0	0
161156	10 Nov 25	10:00:00	1	0	55	0	Ct	0	1	0	0	0	0	0	0	0	0	0	0	0	0	0	0	1	0	0	0	0	0	0	0	0	0	0	0	1	0	0	0	0	0
161157	10 Nov 25	10:01:00	1	0	55	0	Ct	0	1	0	0	0	0	0	0	0	0	0	2	0	0	0	0	0	0	0	0	0	0	0	0	0	7	0	0	0	0	0	0	0	0
161158	10 Nov 25	10:02:00	1	0	55	0	Ct	0	1	0	0	0	0	0	0	0	0	0	0	0	0	0	0	0	0	0	0	0	0	0	0	0	2	0	0	1	0	0	0	0	0
161159	10 Nov 25	10:03:00	1	0	55	0	Ct	0	1	0	0	0	0	0	0	0	0	0	2	0	0	0	0	0	0	0	0	0	0	0	0	0	2	0	0	0	0	0	0	0	0
161160	10 Nov 25	10:04:00	1	0	55	0	Ct	0	1	0	0	0	0	0	0	0	0	0	1	0	0	0	0	0	0	0	0	0	0	0	0	0	1	0	0	0	0	0	0	0	0
161161	10 Nov 25	10:05:00	1	0	55	0	Ct	0	1	0	0	0	0	0	0	0	0	0	3	0	0	0	0	0	0	0	0	0	0	0	0	0	6	0	0	0	0	0	0	0	0
161162	10 Nov 25	10:06:00	1	0	55	0	Ct	0	1	0	0	0	0	0	0	0	0	0	2	0	0	0	0	0	0	0	0	0	0	0	0	0	0	0	0	0	0	0	0	0	0
161163	10 Nov 25	10:07:00	1	0	55	0	Ct	0	1	0	0	0	0	0	0	0	0	0	2	0	0	0	0	0	0	0	0	0	0	3	0	0	2	0	0	0	0	0	0	0	0
161164	10 Nov 25	10:08:00	1	0	55	0	Ct	0	1	0	0	0	0	1	0	0	0	0	1	0	0	0	0	0	0	0	0	0	0	0	0	0	2	0	0	0	0	0	0	0	0
161165	10 Nov 25	10:09:00	1	0	55	0	Ct	0	1	0	0	0	0	0	0	0	0	0	0	0	0	0	0	0	0	0	0	0	0	0	0	0	1	0	0	0	0	0	0	0	0
161166	10 Nov 25	10:10:00	1	0	55	0	Ct	0	1	0	0	0	0	0	0	0	2	0	2	0	0	0	0	0	0	0	0	0	0	0	0	0	7	0	0	0	0	0	0	0	0
161167	10 Nov 25	10:11:00	1	0	55	0	Ct	0	1	0	0	0	0	0	0	0	0	0	2	0	0	0	0	0	0	0	0	0	0	0	0	0	6	0	0	0	0	0	0	0	0
161168	10 Nov 25	10:12:00	1	0	55	0	Ct	0	1	0	0	0	0	0	0	0	0	0	2	0	0	0	0	0	0	0	0	0	0	0	0	0	0	0	0	0	0	0	0	0	0
161169	10 Nov 25	10:13:00	1	0	55	0	Ct	0	1	0	0	0	0	0	0	0	0	0	1	0	0	0	0	0	0	0	0	0	0	0	0	0	5	0	0	0	0	0	0	0	0
161170	10 Nov 25	10:14:00	1	0	55	0	Ct	0	1	0	0	0	0	0	0	0	0	0	1	0	0	0	0	3	0	0	0	0	0	0	0	0	2	0	0	0	0	0	0	0	0
161171	10 Nov 25	10:15:00	1	0	55	0	Ct	0	1	0	0	0	0	0	0	0	0	0	3	0	0	0	0	3	0	0	0	0	0	0	0	0	2	0	0	0	0	0	0	0	0
161172	10 Nov 25	10:16:00	1	0	55	0	Ct	0	1	0	0	0	0	0	0	0	0	0	1	0	0	0	0	0	0	0	0	0	0	0	0	0	0	0	0	0	0	0	0	0	0
161173	10 Nov 25	10:17:00	1	0	55	0	Ct	0	1	0	0	0	0	0	0	0	0	0	0	0	0	0	0	1	0	0	0	0	0	0	0	0	2	0	0	0	0	0	0	0	0
161174	10 Nov 25	10:18:00	1	0	55	0	Ct	0	1	0	0	0	0	0	0	0	0	0	0	0	0	0	0	0	0	0	0	0	0	0	0	0	0	0	0	0	0	0	0	0	0
161175	10 Nov 25	10:19:00	1	0	55	0	Ct	0	1	0	0	0	0	0	0	0	0	0	1	0	0	0	0	0	0	0	0	3	0	0	0	0	3	0	0	0	0	0	0	0	0
161176	10 Nov 25	10:20:00	1	0	55	0	Ct	0	1	0	0	0	0	0	0	0	0	0	1	0	0	0	0	0	0	0	0	2	0	0	0	0	1	0	0	0	0	0	0	0	0
161177	10 Nov 25	10:21:00	1	0	55	0	Ct	0	1	0	0	0	0	0	0	0	0	0	0	0	0	0	2	0	0	0	0	0	0	0	0	0	3	0	0	0	0	0	0	0	0
161178	10 Nov 25	10:22:00	1	0	55	0	Ct	0	1	0	0	0	0	0	0	0	0	0	2	0	0	0	0	0	0	0	0	0	0	0	0	0	2	0	0	0	0	0	0	0	0
161179	10 Nov 25	10:23:00	1	0	55	0	Ct	0	1	0	0	0	0	0	0	0	0	0	0	0	0	0	0	0	0	0	0	0	0	0	0	0	3	0	0	0	0	0	0	0	0
161180	10 Nov 25	10:24:00	1	0	55	0	Ct	0	1	0	0	0	0	0	0	0	0	0	0	0	0	0	0	0	0	0	0	0	0	0	0	0	4	0	0	0	0	0	0	0	0
161181	10 Nov 25	10:25:00	1	0	55	0	Ct	0	1	0	0	0	0	0	0	0	0	0	2	0	0	0	0	0	0	0	0	0	0	0	0	0	3	0	0	0	0	0	0	0	0
161182	10 Nov 25	10:26:00	1	0	55	0	Ct	0	1	0	0	0	0	0	0	0	0	0	0	0	0	0	0	0	0	0	0	0	0	0	0	0	0	0	0	0	0	0	0	0	0
161183	10 Nov 25	10:27:00	1	0	55	0	Ct	0	1	0	0	0	0	0	0	0	0	0	0	0	0	0	0	0	0	0	0	0	0	2	0	0	0	0	0	0	0	0	0	0	0
161184	10 Nov 25	10:28:00	1	0	55	0	Ct	0	1	0	0	0	0	0	0	0	0	0	2	0	0	0	0	0	0	0	0	0	0	0	0	0	0	0	0	0	0	0	0	0	0
161185	10 Nov 25	10:29:00	1	0	55	0	Ct	0	1	0	0	0	0	0	0	0	0	0	2	0	0	0	0	0	0	0	0	0	0	0	0	0	0	0	0	0	0	0	0	0	0
161186	10 Nov 25	10:30:00	1	0	55	0	Ct	0	1	0	0	0	0	0	0	0	0	0	1	0	0	0	0	2	0	0	0	0	0	0	0	0	0	0	0	0	0	0	0	0	0
161187	10 Nov 25	10:31:00	1	0	55	0	Ct	0	1	0	0	0	0	0	0	0	0	0	1	0	0	0	0	0	0	0	0	0	0	0	0	0	3	0	0	0	0	0	0	0	0
161188	10 Nov 25	10:32:00	1	0	55	0	Ct	0	1	0	0	0	0	0	0	0	0	0	0	0	0	0	0	0	0	0	0	0	0	0	0	0	2	0	0	0	0	0	0	0	0
161189	10 Nov 25	10:33:00	1	0	55	0	Ct	0	1	0	0	0	0	0	0	0	0	0	2	0	0	0	0	0	0	0	0	0	0	0	0	0	0	0	0	0	0	0	0	0	0
161190	10 Nov 25	10:34:00	1	0	55	0	Ct	0	1	0	0	0	0	0	0	0	0	0	0	0	0	0	0	0	0	0	0	0	0	0	0	0	0	0	0	0	0	0	0	0	0
161191	10 Nov 25	10:35:00	1	0	55	0	Ct	0	1	0	0	1	0	0	0	0	0	0	0	0	0	0	0	0	0	0	0	3	0	0	0	0	2	0	0	0	0	0	0	0	0
161192	10 Nov 25	10:36:00	1	0	55	0	Ct	0	1	0	0	0	0	0	0	0	0	0	0	0	0	0	0	0	0	0	0	2	0	0	0	1	0	0	0	0	0	0	0	0	0
161193	10 Nov 25	10:37:00	1	0	55	0	Ct	0	1	0	0	1	0	0	0	0	0	0	0	0	0	0	0	0	0	0	0	1	0	0	0	0	4	0	0	0	0	0	0	0	0
161194	10 Nov 25	10:38:00	1	0	55	0	Ct	0	1	0	0	0	0	0	0	0	0	0	1	0	0	0	0	0	0	0	0	0	0	0	0	0	0	0	0	0	0	0	0	0	0
161195	10 Nov 25	10:39:00	1	0	55	0	Ct	0	1	0	0	0	0	0	0	0	0	0	3	0	0	0	0	0	0	0	0	0	0	0	0	0	0	0	0	0	0	0	0	0	0
161196	10 Nov 25	10:40:00	1	0	55	0	Ct	0	1	0	0	0	0	0	0	0	0	0	0	0	0	0	0	0	0	0	0	0	0	3	0	0	0	0	0	0	0	0	0	0	0
161197	10 Nov 25	10:41:00	1	0	55	0	Ct	0	1	0	0	0	0	0	0	0	0	0	0	0	0	0	0	0	0	0	0	0	0	0	0	0	0	0	0	0	0	0	0	0	0
161198	10 Nov 25	10:42:00	1	0	55	0	Ct	0	1	0	0	0	0	0	0	0	0	0	2	0	0	0	0	0	0	0	0	0	0	0	0	0	0	0	0	0	0	0	0	0	0
161199	10 Nov 25	10:43:00	1	0	55	0	Ct	0	1	0	0	0	0	0	0	0	0	0	2	0	0	0	0	0	0	0	0	0	0	0	0	0	0	0	0	0	0	0	0	0	0
161200	10 Nov 25	10:44:00	1	0	55	0	Ct	0	1	0	0	0	0	0	0	0	0	0	0	0	0	0	0	0	0	0	0	0	0	0	0	0	0	0	0	0	0	0	0	0	0
161201	10 Nov 25	10:45:00	1	0	55	0	Ct	0	1	0	0	0	0	0	0	0	0	0	0	0	0	0	0	0	0	0	0	2	0	0	0	0	0	0	0	0	0	0	0	0	0
161202	10 Nov 25	10:46:00	1	0	55	0	Ct	0	1	0	0	0	0	0	0	0	0	0	2	0	0	0	5	0	0	0	0	1	0	0	0	0	0	0	0	0	0	0	0	0	0
161203	10 Nov 25	10:47:00	1	0	55	0	Ct	0	1	0	0	0	0	0	0	0	0	0	0	0	0	0	0	1	0	0	0	1	0	0	0	0	0	0	0	0	0	0	0	0	0
161204	10 Nov 25	10:48:00	1	0	55	0	Ct	0	1	0	0	0	0	0	0	0	0	0	2	0	0	0	0	3	0	0	0	2	0	0	0	0	0	0	0	0	0	0	0	0	0
161205	10 Nov 25	10:49:00	1	0	55	0	Ct	0	1	0	0	0	0	0	0	0	0	0	0	0	0	0	0	0	0	0	0	0	0	0	0	0	0	0	0	0	0	0	0	0	0
161206	10 Nov 25	10:50:00	1	0	55	0	Ct	0	1	0	0	0	0	0	0	0	0	0	2	0	0	0	0	0	0	0	0	0	0	0	0	0	0	0	0	0	0	0	0	0	0
161207	10 Nov 25	10:51:00	1	0	55	0	Ct	0	1	0	0	0	0	0	0	0	0	0	0	0	0	0	0	0	0	0	0	2	0	0	0	0	0	0	0	0	0	0	0	0	0
161208	10 Nov 25	10:52:00	1	0	55	0	Ct	0	1	0	0	0	0	0	0	0	0	2	0	0	0	0	0	0	0	0	0	2	0	0	0	0	0	0	0	0	0	0	0	0	0
161209	10 Nov 25	10:53:00	1	0	55	0	Ct	0	1	0	0	0	0	0	0	0	3	0	2	0	0	0	1	0	0	0	0	0	0	0	0	0	0	0	0	0	0	0	0	0	0
161210	10 Nov 25	10:54:00	1	0	55	0	Ct	0	1	0	0	0	0	0	0	0	1	0	0	0	0	0	0	0	0	0	0	0	0	0	0	0	0	0	0	0	0	0	0	0	0
161211	10 Nov 25	10:55:00	1	0	55	0	Ct	0	1	0	0	0	0	0	0	0	0	0	2	0	0	0	0	0	0	0	0	1	0	0	0	0	0	0	0	0	0	0	0	0	0
161212	10 Nov 25	10:56:00	1	0	55	0	Ct	0	1	0	0	0	0	0	0	0	0	0	0	0	0	0	0	1	0	0	0	1	0	0	0	0	0	0	0	0	0	0	0	0	0
161213	10 Nov 25	10:57:00	1	0	55	0	Ct	0	1	0	0	0	0	0	0	0	0	0	0	0	0	0	0	0	0	0	0	0	0	0	0	0	0	0	0	0	0	0	0	0	0
161214	10 Nov 25	10:58:00	1	0	55	0	Ct	0	1	0	0	0	0	0	0	0	0	0	0	0	0	0	0	0	0	0	0	4	0	0	0	0	0	0	0	0	0	0	0	0	0
161215	10 Nov 25	10:59:00	1	0	55	0	Ct	0	1	0	0	0	0	0	0	0	0	0	0	0	0	0	1	1	0	0	0	1	0	0	0	0	0	0	0	0	0	0	0	0	0
161216	10 Nov 25	11:00:00	1	0	55	0	Ct	0	1	0	0	0	0	0	0	0	0	0	0	0	0	0	3	1	0	0	0	2	0	0	0	0	3	0	0	0	0	0	0	0	0
161217	10 Nov 25	11:01:00	1	0	55	0	Ct	0	1	0	0	0	0	0	0	0	0	0	0	0	0	0	0	3	0	0	0	1	0	0	0	0	0	0	0	0	0	0	0	0	0
161218	10 Nov 25	11:02:00	1	0	55	0	Ct	0	1	0	0	0	0	0	0	0	0	0	0	0	0	0	0	0	0	0	0	0	0	0	0	0	0	0	0	0	0	0	0	0	0
161219	10 Nov 25	11:03:00	1	0	55	0	Ct	0	1	0	0	0	0	0	0	0	0	0	2	0	0	0	0	0	0	0	0	0	0	0	0	1	2	0	0	0	0	0	0	0	0
161220	10 Nov 25	11:04:00	1	0	55	0	Ct	0	1	0	0	0	0	0	0	0	0	0	2	0	0	0	0	0	0	0	0	1	0	0	0	1	0	0	0	0	0	0	0	0	0
161221	10 Nov 25	11:05:00	1	0	55	0	Ct	0	1	0	0	0	0	0	0	0	0	0	2	0	0	0	0	0	0	0	0	2	0	0	0	0	1	0	0	0	0	0	0	0	0
161222	10 Nov 25	11:06:00	1	0	55	0	Ct	0	1	0	0	0	0	0	0	0	0	0	0	0	0	0	0	0	0	0	0	0	0	0	0	0	2	0	0	0	0	0	0	0	0
161223	10 Nov 25	11:07:00	1	0	55	0	Ct	0	1	0	0	0	0	0	0	0	0	0	2	0	0	0	0	0	0	0	0	2	0	1	0	0	3	0	0	0	0	0	0	0	0
161224	10 Nov 25	11:08:00	1	0	55	0	Ct	0	1	0	0	0	0	0	0	0	0	0	2	0	0	0	0	0	0	0	0	0	0	4	0	0	0	0	0	0	0	0	0	0	0
161225	10 Nov 25	11:09:00	1	0	55	0	Ct	0	1	0	0	0	0	0	0	0	0	0	0	0	0	0	0	0	0	0	0	0	0	6	0	0	0	0	0	0	0	0	0	0	0
161226	10 Nov 25	11:10:00	1	0	55	0	Ct	0	1	0	0	0	0	0	0	0	0	0	0	0	0	0	0	0	0	0	0	0	0	1	0	0	0	0	0	0	0	0	0	0	0
161227	10 Nov 25	11:11:00	1	0	55	0	Ct	0	1	0	0	0	0	0	0	0	0	0	0	0	0	0	0	2	0	0	0	0	0	5	0	0	0	0	0	0	0	0	0	0	0
161228	10 Nov 25	11:12:00	1	0	55	0	Ct	0	1	0	0	0	0	0	0	0	0	0	0	0	0	0	3	1	0	0	0	0	0	2	0	0	0	0	0	0	0	0	0	0	0
161229	10 Nov 25	11:13:00	1	0	55	0	Ct	0	1	0	0	0	0	0	0	0	0	0	0	0	0	0	0	1	0	0	0	0	0	2	0	0	1	0	0	0	0	0	0	0	0
161230	10 Nov 25	11:14:00	1	0	55	0	Ct	0	1	0	0	0	0	0	0	0	0	0	0	0	0	0	0	0	0	0	0	0	0	2	0	0	10	0	0	0	0	0	0	0	0
161231	10 Nov 25	11:15:00	1	0	55	0	Ct	0	1	0	0	0	0	0	0	0	0	0	0	0	0	0	0	0	0	0	0	1	0	1	0	0	0	0	0	0	0	0	0	0	0
161232	10 Nov 25	11:16:00	1	0	55	0	Ct	0	1	0	0	0	0	0	0	0	0	0	0	0	0	0	0	2	0	0	0	1	0	0	0	0	0	0	0	0	0	0	0	0	0
161233	10 Nov 25	11:17:00	1	0	55	0	Ct	0	1	0	0	0	0	0	0	0	0	0	0	0	0	0	0	2	0	0	0	0	0	0	0	0	0	0	0	0	0	0	0	0	0
161234	10 Nov 25	11:18:00	1	0	55	0	Ct	0	1	0	0	0	0	0	0	0	0	0	0	0	0	0	0	0	0	0	0	0	0	0	0	0	0	0	0	0	0	0	0	0	0
161235	10 Nov 25	11:19:00	1	0	55	0	Ct	0	1	0	0	0	0	0	0	0	0	0	0	0	0	0	0	0	0	0	0	0	0	0	0	0	0	0	0	0	0	0	0	0	0
161236	10 Nov 25	11:20:00	1	0	55	0	Ct	0	1	0	0	0	0	0	0	0	0	0	0	0	0	0	0	0	0	0	0	0	0	2	0	0	0	0	0	0	0	0	0	0	0
161237	10 Nov 25	11:21:00	1	0	55	0	Ct	0	1	0	0	0	0	0	1	0	0	0	0	0	0	0	0	0	0	0	0	0	0	1	0	0	0	0	0	0	0	0	0	0	0
161238	10 Nov 25	11:22:00	1	0	55	0	Ct	0	1	0	0	0	0	0	1	0	0	0	0	0	0	0	0	1	0	0	0	0	0	2	0	0	0	0	0	0	0	0	0	0	0
161239	10 Nov 25	11:23:00	1	0	55	0	Ct	0	1	0	0	0	0	0	0	0	0	0	0	0	0	0	0	4	0	0	0	0	0	4	0	0	0	0	0	0	0	0	0	0	0
161240	10 Nov 25	11:24:00	1	0	55	0	Ct	0	1	0	0	0	0	0	0	0	0	0	1	0	0	0	0	0	0	0	0	0	0	1	0	0	0	0	0	0	0	0	0	0	0
161241	10 Nov 25	11:25:00	1	0	55	0	Ct	0	1	0	0	0	0	0	0	0	0	0	1	0	0	0	0	0	0	0	0	0	0	1	0	0	0	0	0	0	0	0	0	0	0
161242	10 Nov 25	11:26:00	1	0	55	0	Ct	0	1	0	0	0	0	0	0	0	0	0	0	0	0	0	0	0	0	0	0	2	0	2	0	0	0	0	0	0	0	0	0	0	0
161243	10 Nov 25	11:27:00	1	0	55	0	Ct	0	1	0	0	0	0	0	0	0	0	0	0	0	0	0	0	0	0	0	0	1	0	0	0	0	0	0	0	0	0	0	0	0	0
161244	10 Nov 25	11:28:00	1	0	55	0	Ct	0	1	0	0	0	0	0	0	0	0	0	0	0	0	0	0	0	0	0	0	0	0	2	0	0	0	0	0	0	0	0	0	0	0
161245	10 Nov 25	11:29:00	1	0	55	0	Ct	0	1	0	0	0	0	0	0	0	0	0	0	0	0	0	0	0	0	0	0	1	0	0	0	0	0	0	0	0	0	0	0	0	0
161246	10 Nov 25	11:30:00	1	0	55	0	Ct	0	1	0	0	0	0	0	0	0	0	0	3	0	0	0	0	0	0	0	0	1	0	3	0	0	0	0	0	0	0	0	0	0	0
161247	10 Nov 25	11:31:00	1	0	55	0	Ct	0	1	0	0	0	0	0	0	0	0	0	0	0	0	0	0	1	0	0	0	1	0	0	0	0	0	0	0	0	0	0	0	0	0
161248	10 Nov 25	11:32:00	1	0	55	0	Ct	0	1	0	0	0	0	0	0	0	0	0	0	0	0	0	0	1	0	0	0	1	0	1	0	0	0	0	0	0	0	0	0	0	0
161249	10 Nov 25	11:33:00	1	0	55	0	Ct	0	1	0	0	0	0	0	0	0	0	0	2	0	0	0	0	0	0	0	0	0	0	1	0	0	0	0	0	0	0	0	0	0	0
161250	10 Nov 25	11:34:00	1	0	55	0	Ct	0	1	0	0	0	0	0	0	0	0	0	0	0	0	0	0	0	0	0	0	0	0	1	0	0	0	0	0	0	0	0	0	0	0
161251	10 Nov 25	11:35:00	1	0	55	0	Ct	0	1	0	0	0	0	0	0	0	0	0	0	0	0	0	0	0	0	0	0	0	0	1	0	0	0	0	0	0	0	0	0	0	0
161252	10 Nov 25	11:36:00	1	0	55	0	Ct	0	1	0	0	0	0	0	0	0	0	0	0	0	0	0	0	1	0	0	0	0	0	0	0	0	0	0	0	0	0	0	0	0	0
161253	10 Nov 25	11:37:00	1	0	55	0	Ct	0	1	0	0	0	0	0	0	0	0	0	0	0	0	0	0	1	0	0	0	0	0	2	0	0	0	0	0	0	0	0	0	0	0
161254	10 Nov 25	11:38:00	1	0	55	0	Ct	0	1	0	0	0	0	0	0	0	0	0	0	0	0	0	0	2	0	0	0	0	0	0	0	0	0	0	0	0	0	0	0	0	0
161255	10 Nov 25	11:39:00	1	0	55	0	Ct	0	1	0	0	0	0	0	0	0	0	0	0	0	0	0	0	0	0	0	0	0	0	0	0	0	0	0	0	0	0	0	0	0	0
161256	10 Nov 25	11:40:00	1	0	55	0	Ct	0	1	0	0	0	0	0	0	0	0	0	0	0	0	0	0	0	0	0	0	0	0	2	0	0	0	0	0	0	0	0	1	0	0
161257	10 Nov 25	11:41:00	1	0	55	0	Ct	0	1	0	0	0	0	0	0	0	0	0	0	0	0	0	0	0	0	0	0	0	0	0	0	0	0	0	0	0	0	0	0	0	0
161258	10 Nov 25	11:42:00	1	0	55	0	Ct	0	1	0	0	0	0	0	0	0	0	0	0	0	0	0	0	0	0	0	0	0	0	1	0	0	0	0	0	0	0	0	0	0	0
161259	10 Nov 25	11:43:00	1	0	55	0	Ct	0	1	0	0	0	0	0	0	0	0	0	0	0	0	0	0	0	0	0	0	0	0	1	0	0	0	0	0	0	0	0	0	0	0
161260	10 Nov 25	11:44:00	1	0	55	0	Ct	0	1	0	0	0	0	0	0	0	0	0	0	0	0	0	0	3	0	0	0	1	0	1	0	0	0	0	0	0	0	0	0	0	0
161261	10 Nov 25	11:45:00	1	0	55	0	Ct	0	1	0	0	0	0	0	0	0	0	0	0	0	0	0	0	2	0	0	0	1	0	1	0	0	0	0	0	0	0	0	0	0	0
161262	10 Nov 25	11:46:00	1	0	55	0	Ct	0	1	0	0	0	0	0	0	0	0	0	0	0	0	0	0	0	0	0	0	0	0	1	0	0	0	0	0	0	0	0	0	0	0
161263	10 Nov 25	11:47:00	1	0	55	0	Ct	0	1	0	0	0	0	0	0	0	0	0	0	0	0	0	1	2	0	0	0	0	0	1	0	0	0	0	0	0	0	0	0	0	0
161264	10 Nov 25	11:48:00	1	0	55	0	Ct	0	1	0	0	0	0	0	0	0	0	0	0	0	0	0	0	0	0	0	0	0	0	4	0	0	0	0	0	0	0	0	0	0	0
161265	10 Nov 25	11:49:00	1	0	55	0	Ct	0	1	0	0	0	0	0	0	0	0	0	0	0	0	0	0	0	0	0	0	0	0	0	0	0	0	0	0	0	0	0	0	0	0
161266	10 Nov 25	11:50:00	1	0	55	0	Ct	0	1	0	0	0	0	0	0	0	0	0	0	0	0	0	0	0	0	0	0	0	0	2	0	0	0	0	0	0	0	0	0	0	0
161267	10 Nov 25	11:51:00	1	0	55	0	Ct	0	1	0	0	0	0	0	0	0	0	0	0	0	0	0	0	0	0	0	0	2	0	0	0	0	0	0	0	0	0	0	0	0	0
161268	10 Nov 25	11:52:00	1	0	55	0	Ct	0	1	0	0	0	0	0	1	0	0	0	0	0	0	0	0	0	0	0	0	0	0	0	0	1	0	0	0	0	0	0	0	0	0
161269	10 Nov 25	11:53:00	1	0	55	0	Ct	0	1	0	0	0	0	0	0	0	0	0	0	0	0	0	0	0	0	0	0	0	0	0	0	0	0	0	0	0	0	0	0	0	0
161270	10 Nov 25	11:54:00	1	0	55	0	Ct	0	1	0	0	0	0	0	1	0	0	0	0	0	0	0	0	0	0	0	0	1	0	0	0	0	0	0	0	0	0	0	0	0	0
161271	10 Nov 25	11:55:00	1	0	55	0	Ct	0	1	0	0	0	0	0	0	0	0	0	0	0	0	0	0	0	0	0	0	4	0	0	0	0	0	0	0	0	0	0	0	0	0
161272	10 Nov 25	11:56:00	1	0	55	0	Ct	0	1	0	0	0	0	0	0	0	2	0	0	0	0	0	0	0	0	0	0	0	0	0	0	0	0	0	0	0	0	0	0	0	0
161273	10 Nov 25	11:57:00	1	0	55	0	Ct	0	1	0	0	0	0	0	0	0	0	0	0	0	0	0	0	0	0	0	0	0	0	2	0	0	0	0	0	0	0	0	0	0	0
161274	10 Nov 25	11:58:00	1	0	55	0	Ct	0	1	0	0	0	0	0	0	0	0	0	0	0	0	0	0	0	0	0	0	0	0	1	0	0	0	0	0	0	0	0	0	0	0
161275	10 Nov 25	11:59:00	1	0	55	0	Ct	0	1	0	0	0	0	0	0	0	2	0	0	0	0	0	0	0	0	0	0	0	0	0	0	0	0	0	0	0	0	0	0	0	0
161276	10 Nov 25	12:00:00	1	0	55	0	Ct	0	1	0	0	0	0	0	0	0	1	0	0	0	0	0	0	0	0	0	0	0	0	1	0	0	0	0	0	0	0	0	0	0	0
161277	10 Nov 25	12:01:00	1	0	55	0	Ct	0	1	0	0	0	0	0	0	0	1	0	0	0	0	0	0	0	0	0	0	0	0	1	0	0	0	0	0	0	0	0	0	0	0
161278	10 Nov 25	12:02:00	1	0	55	0	Ct	0	1	0	0	0	0	0	0	0	1	0	0	0	0	0	0	0	0	0	0	0	0	0	0	0	0	0	0	0	0	0	0	0	0
161279	10 Nov 25	12:03:00	1	0	55	0	Ct	0	1	0	0	0	0	0	0	0	6	0	0	0	0	0	0	1	0	0	0	0	0	0	0	0	0	0	0	0	0	0	0	0	0
161280	10 Nov 25	12:04:00	1	0	55	0	Ct	0	1	0	0	0	0	0	2	0	2	0	0	0	0	0	0	3	0	0	0	0	0	0	0	0	0	0	0	0	0	0	0	0	0
161281	10 Nov 25	12:05:00	1	0	55	0	Ct	0	1	0	0	0	0	0	0	0	1	0	0	0	0	0	0	0	0	0	0	0	0	0	0	0	0	0	0	0	0	0	0	0	0
161282	10 Nov 25	12:06:00	1	0	55	0	Ct	0	1	0	0	0	0	0	0	0	3	0	0	0	0	0	0	0	0	0	0	0	0	0	0	0	0	0	0	0	0	0	0	0	0
161283	10 Nov 25	12:07:00	1	0	55	0	Ct	0	1	0	0	0	0	0	0	0	0	0	0	0	0	0	6	0	0	0	0	0	0	2	0	0	0	0	0	0	0	0	0	0	0
161284	10 Nov 25	12:08:00	1	0	55	0	Ct	0	1	0	0	0	0	0	0	0	0	0	0	0	0	0	2	0	0	0	0	0	0	0	0	0	0	0	0	0	0	0	0	0	0
161285	10 Nov 25	12:09:00	1	0	55	0	Ct	0	1	0	0	0	0	0	1	0	0	0	0	0	0	0	6	0	0	0	0	0	0	1	0	0	0	0	0	0	0	0	0	0	0
161286	10 Nov 25	12:10:00	1	0	55	0	Ct	0	1	0	0	0	0	0	1	0	1	0	0	0	0	0	0	0	0	0	0	0	0	2	0	0	0	0	0	0	0	0	0	0	0
161287	10 Nov 25	12:11:00	1	0	55	0	Ct	0	1	0	0	0	0	0	0	0	1	0	0	0	0	0	0	0	0	0	0	0	0	2	0	0	0	0	0	0	0	0	0	0	0
161288	10 Nov 25	12:12:00	1	0	55	0	Ct	0	1	0	0	0	0	0	0	0	2	0	0	0	0	0	0	0	0	0	0	0	0	0	0	0	0	0	0	0	0	0	0	0	0
161289	10 Nov 25	12:13:00	1	0	55	0	Ct	0	1	0	0	0	0	0	0	0	1	0	0	0	0	0	0	0	0	0	0	0	0	0	0	0	0	0	0	0	0	0	0	0	0
161290	10 Nov 25	12:14:00	1	0	55	0	Ct	0	1	0	0	0	0	0	0	0	3	0	0	0	0	0	0	0	0	0	0	0	0	0	0	0	0	0	0	0	0	0	0	0	0
161291	10 Nov 25	12:15:00	1	0	55	0	Ct	0	1	0	0	0	0	0	0	0	0	0	0	0	0	0	0	0	0	0	0	0	0	0	0	0	0	0	0	0	0	0	0	0	0
161292	10 Nov 25	12:16:00	1	0	55	0	Ct	0	1	0	0	0	0	0	0	0	0	0	0	0	0	0	0	2	0	0	0	1	0	0	0	0	0	0	0	0	0	0	0	0	0
161293	10 Nov 25	12:17:00	1	0	55	0	Ct	0	1	0	0	0	0	0	0	0	2	0	0	0	0	0	0	0	0	0	0	1	0	0	0	0	0	0	0	0	0	0	0	0	0
161294	10 Nov 25	12:18:00	1	0	55	0	Ct	0	1	0	0	0	0	0	0	0	0	0	0	0	0	0	0	0	0	0	0	0	0	0	0	0	0	0	0	0	0	0	0	0	0
161295	10 Nov 25	12:19:00	1	0	55	0	Ct	0	1	0	0	0	0	0	0	0	3	0	0	0	0	0	0	0	0	0	0	0	0	1	0	0	0	0	0	0	0	0	0	0	0
161296	10 Nov 25	12:20:00	1	0	55	0	Ct	0	1	0	0	0	0	0	2	0	1	0	0	0	0	0	0	0	0	0	0	0	0	1	0	0	0	0	0	0	0	0	0	0	0
161297	10 Nov 25	12:21:00	1	0	55	0	Ct	0	1	0	0	0	0	0	0	0	2	0	0	0	0	0	0	1	0	0	0	0	0	0	0	0	0	0	0	0	0	0	0	0	0
161298	10 Nov 25	12:22:00	1	0	55	0	Ct	0	1	0	0	0	0	0	0	0	2	0	0	0	0	0	0	4	0	0	0	0	0	0	0	0	4	0	0	0	0	0	0	0	0
161299	10 Nov 25	12:23:00	1	0	55	0	Ct	0	1	0	0	0	0	0	0	0	1	0	0	0	0	0	0	0	0	0	0	0	0	0	0	0	1	0	0	0	0	0	0	0	0
161300	10 Nov 25	12:24:00	1	0	55	0	Ct	0	1	0	0	0	0	0	0	0	2	0	0	0	0	0	0	1	0	0	0	0	0	2	0	0	0	0	0	0	0	0	0	0	0
161301	10 Nov 25	12:25:00	1	0	55	0	Ct	0	1	0	0	0	0	0	0	0	0	0	0	0	0	0	0	1	0	0	0	0	0	0	0	0	0	0	0	0	0	0	0	0	0
161302	10 Nov 25	12:26:00	1	0	55	0	Ct	0	1	0	0	0	0	0	0	0	0	0	0	0	0	0	0	0	0	0	0	0	0	0	0	0	0	0	0	0	0	0	0	0	0
161303	10 Nov 25	12:27:00	1	0	55	0	Ct	0	1	0	0	0	0	0	0	0	2	0	0	0	0	0	0	0	0	0	0	0	0	0	0	0	0	0	0	0	0	0	0	0	0
161304	10 Nov 25	12:28:00	1	0	55	0	Ct	0	1	0	0	0	0	0	0	0	0	0	0	0	0	0	0	0	0	0	0	0	0	2	0	0	0	0	0	0	0	0	0	0	0
161305	10 Nov 25	12:29:00	1	0	55	0	Ct	0	1	0	0	0	0	0	0	0	0	0	0	0	0	0	0	0	0	0	0	0	0	0	0	0	0	0	0	0	0	0	0	0	0
161306	10 Nov 25	12:30:00	1	0	55	0	Ct	0	1	0	0	0	0	0	2	0	2	0	0	0	0	0	0	0	0	0	0	0	0	0	0	0	0	0	0	0	0	0	0	0	0
161307	10 Nov 25	12:31:00	1	0	55	0	Ct	0	1	0	0	0	0	0	0	0	0	0	0	0	0	0	0	0	0	0	0	0	0	0	0	0	0	0	0	0	0	0	0	0	0
161308	10 Nov 25	12:32:00	1	0	55	0	Ct	0	1	0	0	0	0	0	0	0	0	0	0	0	0	0	0	2	0	0	0	0	0	0	0	0	0	0	0	0	0	0	0	0	0
161309	10 Nov 25	12:33:00	1	0	55	0	Ct	0	1	0	0	0	0	0	0	0	0	0	0	0	0	0	0	0	0	0	0	0	0	0	0	0	0	0	0	0	0	0	0	0	0
161310	10 Nov 25	12:34:00	1	0	55	0	Ct	0	1	0	0	0	0	0	0	0	1	0	0	0	0	0	0	0	0	0	0	0	0	0	0	0	0	0	0	0	0	0	0	0	0
161311	10 Nov 25	12:35:00	1	0	55	0	Ct	0	1	0	0	0	0	0	0	0	1	0	0	0	0	0	0	0	0	0	0	0	0	0	0	0	0	0	0	0	0	0	0	0	0
161312	10 Nov 25	12:36:00	1	0	55	0	Ct	0	1	0	0	0	0	0	0	0	0	0	0	0	0	0	0	0	0	0	0	0	0	0	0	0	0	0	0	0	0	0	0	0	0
161313	10 Nov 25	12:37:00	1	0	55	0	Ct	0	1	0	0	0	0	0	0	0	0	0	0	0	0	0	0	0	0	0	0	0	0	0	0	0	0	0	0	0	0	0	0	0	0
161314	10 Nov 25	12:38:00	1	0	55	0	Ct	0	1	0	0	0	0	0	0	0	0	0	0	0	0	0	0	0	0	0	0	0	0	0	0	0	0	0	0	0	0	0	0	0	0
161315	10 Nov 25	12:39:00	1	0	55	0	Ct	0	1	0	0	0	0	0	0	0	0	0	0	0	0	0	0	0	0	0	0	0	0	0	0	0	0	0	0	0	0	0	0	0	0
161316	10 Nov 25	12:40:00	1	0	55	0	Ct	0	1	0	0	0	0	0	0	0	0	0	0	0	0	0	0	1	0	0	0	0	0	1	0	0	0	0	0	0	0	0	0	0	0
161317	10 Nov 25	12:41:00	1	0	55	0	Ct	0	1	0	0	0	0	0	0	0	2	0	0	0	0	0	0	0	0	0	0	0	0	1	0	0	0	0	0	0	0	0	0	0	0
161318	10 Nov 25	12:42:00	1	0	55	0	Ct	0	1	0	0	0	0	0	0	0	3	0	0	0	0	0	0	1	0	0	0	0	0	0	0	0	0	0	0	0	0	0	0	0	0
161319	10 Nov 25	12:43:00	1	0	55	0	Ct	0	1	0	0	0	0	0	0	0	0	0	0	0	0	0	0	0	0	0	0	0	0	0	0	0	0	0	0	0	0	0	0	0	0
161320	10 Nov 25	12:44:00	1	0	55	0	Ct	0	1	0	0	0	0	0	0	0	0	0	0	0	0	0	0	0	0	0	0	0	0	0	0	0	0	0	0	0	0	0	0	0	0
161321	10 Nov 25	12:45:00	1	0	55	0	Ct	0	1	0	0	0	0	0	0	0	3	0	0	0	0	0	0	3	0	0	0	0	0	0	0	0	0	0	0	0	0	0	0	0	0
161322	10 Nov 25	12:46:00	1	0	55	0	Ct	0	1	0	0	0	0	0	0	0	1	0	0	0	0	0	0	0	0	0	0	0	0	0	0	0	0	0	0	0	0	0	0	0	0
161323	10 Nov 25	12:47:00	1	0	55	0	Ct	0	1	0	0	0	0	0	0	0	0	0	0	0	0	0	0	0	0	0	0	0	0	0	0	0	0	0	0	0	0	0	0	0	0
161324	10 Nov 25	12:48:00	1	0	55	0	Ct	0	1	0	0	0	0	0	0	0	1	0	0	0	0	0	0	0	0	0	0	0	0	0	0	0	0	0	0	0	0	0	0	0	0
161325	10 Nov 25	12:49:00	1	0	55	0	Ct	0	1	0	0	0	0	0	0	0	0	0	0	0	0	0	0	0	0	0	0	0	0	0	0	0	0	0	0	0	0	0	0	0	0
161326	10 Nov 25	12:50:00	1	0	55	0	Ct	0	1	0	0	0	0	0	0	0	0	0	0	0	0	0	0	0	0	0	0	0	0	0	0	0	0	0	0	0	0	0	0	0	0
161327	10 Nov 25	12:51:00	1	0	55	0	Ct	0	1	0	0	0	0	0	0	0	3	0	0	0	0	0	0	0	0	0	0	0	0	0	0	0	0	0	0	0	0	0	0	0	0
161328	10 Nov 25	12:52:00	1	0	55	0	Ct	0	1	0	0	0	0	0	0	0	0	0	0	0	0	0	0	0	0	0	0	0	0	0	0	0	0	0	0	0	0	0	0	0	0
161329	10 Nov 25	12:53:00	1	0	55	0	Ct	0	1	0	0	0	0	0	0	0	1	0	0	0	0	0	0	0	0	0	0	0	0	0	0	0	0	0	0	0	0	0	0	0	0
161330	10 Nov 25	12:54:00	1	0	55	0	Ct	0	1	0	0	0	0	0	0	0	1	0	0	0	0	0	0	0	0	0	0	0	0	0	0	0	0	0	0	0	0	0	0	0	0
161331	10 Nov 25	12:55:00	1	0	55	0	Ct	0	1	0	0	0	0	0	2	0	0	0	0	0	0	0	0	0	0	0	0	0	0	3	0	0	0	0	0	0	0	0	0	0	0
161332	10 Nov 25	12:56:00	1	0	55	0	Ct	0	1	0	0	0	0	0	0	0	2	0	0	0	0	0	0	0	0	0	0	0	0	0	0	0	0	0	0	0	0	0	0	0	0
161333	10 Nov 25	12:57:00	1	0	55	0	Ct	0	1	0	0	0	0	0	0	0	1	0	0	0	0	0	0	0	0	0	0	0	0	0	0	0	0	0	0	0	0	0	0	0	0
161334	10 Nov 25	12:58:00	1	0	55	0	Ct	0	1	0	0	0	0	0	0	0	1	0	0	0	0	0	0	0	0	0	0	0	0	0	0	0	0	0	0	0	0	0	0	0	0
161335	10 Nov 25	12:59:00	1	0	55	0	Ct	0	1	0	0	0	0	0	0	0	1	0	0	0	0	0	0	1	0	0	0	0	0	0	0	0	0	0	0	0	0	0	0	0	0
161336	10 Nov 25	13:00:00	1	0	55	0	Ct	0	1	0	0	0	0	0	0	0	1	0	0	0	0	0	0	8	0	0	0	0	0	0	0	0	0	0	0	0	0	0	0	0	0
161337	10 Nov 25	13:01:00	1	0	55	0	Ct	0	1	0	0	0	0	0	0	0	0	0	0	0	0	0	0	2	0	0	0	0	0	0	0	0	0	0	0	0	0	0	0	0	0
161338	10 Nov 25	13:02:00	1	0	55	0	Ct	0	1	0	0	0	0	0	0	0	0	0	0	0	0	0	0	0	0	0	0	0	0	0	1	0	0	0	0	0	0	0	0	0	0
161339	10 Nov 25	13:03:00	1	0	55	0	Ct	0	1	0	0	0	0	0	0	0	0	0	0	0	0	0	0	0	0	0	0	0	0	0	0	0	0	0	0	0	0	0	0	0	0
161340	10 Nov 25	13:04:00	1	0	55	0	Ct	0	1	0	0	0	0	0	0	0	2	0	0	0	0	0	0	0	0	0	0	0	0	0	0	0	0	0	0	0	0	0	0	0	0
161341	10 Nov 25	13:05:00	1	0	55	0	Ct	0	1	0	0	0	0	0	0	0	0	0	0	0	0	0	0	0	0	0	0	0	0	0	0	0	0	0	0	0	0	0	0	0	0
161342	10 Nov 25	13:06:00	1	0	55	0	Ct	0	1	0	0	0	0	0	0	0	0	0	0	0	0	0	0	0	0	0	0	0	0	0	0	0	0	0	0	0	0	0	0	0	0
161343	10 Nov 25	13:07:00	1	0	55	0	Ct	0	1	0	0	0	0	0	0	0	0	0	0	0	0	0	0	0	0	0	0	0	0	0	0	0	0	0	0	0	0	0	0	0	0
161344	10 Nov 25	13:08:00	1	0	55	0	Ct	0	1	0	0	0	0	0	0	0	2	0	0	0	0	0	0	0	0	0	0	0	0	0	0	0	0	0	0	0	0	0	0	0	0
161345	10 Nov 25	13:09:00	1	0	55	0	Ct	0	1	0	0	0	0	0	0	0	0	0	0	0	0	0	0	0	0	0	0	0	0	0	0	0	0	0	0	0	0	0	0	0	0
161346	10 Nov 25	13:10:00	1	0	55	0	Ct	0	1	0	0	0	0	0	0	0	0	0	0	0	0	0	0	0	0	0	0	0	0	0	0	0	0	0	0	0	0	0	0	0	0
161347	10 Nov 25	13:11:00	1	0	55	0	Ct	0	1	0	0	0	0	0	0	0	0	0	0	0	0	0	0	1	0	0	0	0	0	2	0	0	0	0	0	0	0	0	0	0	0
161348	10 Nov 25	13:12:00	1	0	55	0	Ct	0	1	0	0	0	0	0	0	0	1	0	0	0	0	0	0	2	0	0	0	0	0	0	0	0	0	0	0	0	0	0	0	0	0
161349	10 Nov 25	13:13:00	1	0	55	0	Ct	0	1	0	0	0	0	0	0	0	1	0	0	0	0	0	0	0	0	0	0	0	0	0	0	0	0	0	0	0	0	0	0	0	0
161350	10 Nov 25	13:14:00	1	0	55	0	Ct	0	1	0	0	0	0	0	0	0	0	0	0	0	0	0	0	0	0	0	0	0	0	0	0	0	0	0	0	0	0	0	0	0	0
161351	10 Nov 25	13:15:00	1	0	55	0	Ct	0	1	0	0	0	0	0	0	0	0	0	0	0	0	0	0	0	0	0	0	0	0	0	0	0	0	0	0	0	0	0	0	0	0
161352	10 Nov 25	13:16:00	1	0	55	0	Ct	0	1	0	0	0	0	0	0	0	0	0	0	0	0	0	0	0	0	0	0	0	0	0	0	0	0	0	0	0	0	0	0	0	0
161353	10 Nov 25	13:17:00	1	0	55	0	Ct	0	1	0	0	0	0	0	0	0	0	0	0	0	0	0	0	0	0	0	0	0	0	0	0	0	0	0	0	0	0	0	0	0	0
161354	10 Nov 25	13:18:00	1	0	55	0	Ct	0	1	0	0	0	0	0	0	0	0	0	0	0	0	0	0	0	0	0	0	0	0	0	0	0	0	0	0	0	0	0	0	0	0
161355	10 Nov 25	13:19:00	1	0	55	0	Ct	0	1	0	0	0	0	0	2	0	0	0	0	0	0	0	0	0	0	0	0	0	0	0	0	0	0	0	0	0	0	0	0	0	0
161356	10 Nov 25	13:20:00	1	0	55	0	Ct	0	1	0	0	0	0	0	0	0	0	0	0	0	0	0	0	0	0	0	0	0	0	0	0	0	0	0	0	0	0	0	0	0	0
161357	10 Nov 25	13:21:00	1	0	55	0	Ct	0	1	0	0	0	0	0	0	0	0	0	0	0	0	0	0	0	0	0	0	0	0	1	0	0	0	0	0	0	0	0	0	0	0
161358	10 Nov 25	13:22:00	1	0	55	0	Ct	0	1	0	0	0	0	0	0	0	1	0	0	0	0	0	0	0	0	0	0	0	0	1	0	0	0	0	0	0	0	0	0	0	0
161359	10 Nov 25	13:23:00	1	0	55	0	Ct	0	1	0	0	0	0	0	0	0	1	0	0	0	0	0	0	0	0	0	0	0	0	0	0	0	0	0	0	0	0	0	0	0	0
161360	10 Nov 25	13:24:00	1	0	55	0	Ct	0	1	0	0	0	0	0	0	0	0	0	0	0	0	0	0	0	0	0	0	0	0	0	0	0	0	0	0	0	0	0	0	0	0
161361	10 Nov 25	13:25:00	1	0	55	0	Ct	0	1	0	0	0	0	0	0	0	0	0	0	0	0	0	0	0	0	0	0	0	0	2	0	0	0	0	0	0	0	0	0	0	0
161362	10 Nov 25	13:26:00	1	0	55	0	Ct	0	1	0	0	0	0	0	0	0	2	0	0	0	0	0	0	0	0	0	0	0	0	0	0	0	0	0	0	0	0	0	0	0	0
161363	10 Nov 25	13:27:00	1	0	55	0	Ct	0	1	0	0	0	0	0	0	0	0	0	0	0	0	0	0	0	0	0	0	0	0	0	0	0	0	0	0	0	0	0	0	0	0
161364	10 Nov 25	13:28:00	1	0	55	0	Ct	0	1	0	0	0	0	0	0	0	0	0	0	0	0	0	0	2	0	0	0	0	0	0	0	0	0	0	0	0	0	0	0	0	0
161365	10 Nov 25	13:29:00	1	0	55	0	Ct	0	1	0	0	0	0	0	0	0	0	0	0	0	0	0	0	1	0	0	0	0	0	2	0	0	0	0	0	0	0	0	0	0	0
161366	10 Nov 25	13:30:00	1	0	55	0	Ct	0	1	0	0	0	0	0	0	0	2	0	0	0	0	0	0	0	0	0	0	0	0	0	0	0	0	0	0	0	0	0	0	0	0
161367	10 Nov 25	13:31:00	1	0	55	0	Ct	0	1	0	0	0	0	0	0	0	0	0	0	0	0	0	0	0	0	0	0	0	0	0	0	0	0	0	0	0	0	0	0	0	0
161368	10 Nov 25	13:32:00	1	0	55	0	Ct	0	1	0	0	0	0	0	0	0	0	0	0	0	0	0	0	0	0	0	0	0	0	0	0	0	0	0	0	0	0	0	0	0	0
161369	10 Nov 25	13:33:00	1	0	55	0	Ct	0	1	0	0	0	0	0	0	0	0	0	0	0	0	0	0	0	0	0	0	0	0	0	0	0	0	0	0	0	0	0	0	0	0
161370	10 Nov 25	13:34:00	1	0	55	0	Ct	0	1	0	0	0	0	0	2	0	1	0	0	0	0	0	0	0	0	0	0	0	0	0	0	0	0	0	0	0	0	0	0	0	0
161371	10 Nov 25	13:35:00	1	0	55	0	Ct	0	1	0	0	0	0	0	0	0	0	0	0	0	0	0	0	0	0	0	0	0	0	0	0	0	0	0	0	0	0	0	0	0	0
161372	10 Nov 25	13:36:00	1	0	55	0	Ct	0	1	0	0	0	0	0	0	0	3	0	0	0	0	0	1	0	0	0	0	0	0	0	0	0	0	0	0	0	0	0	0	0	0
161373	10 Nov 25	13:37:00	1	0	55	0	Ct	0	1	0	0	0	0	0	0	0	0	0	0	0	0	0	0	0	0	0	0	0	0	0	0	0	0	0	0	0	0	0	0	0	0
161374	10 Nov 25	13:38:00	1	0	55	0	Ct	0	1	0	0	1	0	0	0	0	1	0	0	0	0	0	0	0	0	0	0	0	0	0	0	0	0	0	0	0	0	0	0	0	0
161375	10 Nov 25	13:39:00	1	0	55	0	Ct	0	1	0	0	0	0	0	0	0	1	0	0	0	0	0	0	0	0	0	0	0	0	1	0	0	0	0	0	0	0	0	0	0	0
161376	10 Nov 25	13:40:00	1	0	55	0	Ct	0	1	0	0	0	0	0	0	0	0	0	0	0	0	0	0	0	0	0	0	0	0	1	0	0	0	0	0	0	0	0	0	0	0
161377	10 Nov 25	13:41:00	1	0	55	0	Ct	0	1	0	0	0	0	0	2	0	0	0	0	0	0	0	0	0	0	0	0	0	0	0	0	0	0	0	0	0	0	0	0	0	0
161378	10 Nov 25	13:42:00	1	0	55	0	Ct	0	1	0	0	0	0	0	0	0	0	0	0	0	0	0	0	0	0	0	0	0	0	0	0	0	0	0	0	0	0	0	0	0	0
161379	10 Nov 25	13:43:00	1	0	55	0	Ct	0	1	0	0	0	0	0	0	0	0	0	0	0	0	0	0	0	0	0	0	0	0	0	0	0	0	0	0	0	0	0	0	0	0
161380	10 Nov 25	13:44:00	1	0	55	0	Ct	0	1	0	0	0	0	0	0	0	1	0	0	0	0	0	0	0	0	0	0	0	0	0	0	0	0	0	0	0	0	0	0	0	0
161381	10 Nov 25	13:45:00	1	0	55	0	Ct	0	1	0	0	0	0	0	0	0	1	0	0	0	0	0	0	0	0	0	0	0	0	3	0	0	0	0	0	0	0	0	0	0	0
161382	10 Nov 25	13:46:00	1	0	55	0	Ct	0	1	0	0	0	0	0	0	0	0	0	0	0	0	0	0	0	0	0	0	0	0	0	0	0	0	0	2	0	0	0	0	0	0
161383	10 Nov 25	13:47:00	1	0	55	0	Ct	0	1	0	0	0	0	0	0	0	0	0	0	0	0	0	0	0	0	0	0	0	0	0	0	0	0	0	0	0	0	0	0	0	0
161384	10 Nov 25	13:48:00	1	0	55	0	Ct	0	1	0	0	0	0	0	0	0	0	0	0	0	0	0	0	0	0	0	0	0	0	0	0	0	0	0	2	0	0	0	0	0	0
161385	10 Nov 25	13:49:00	1	0	55	0	Ct	0	1	0	0	0	0	0	0	0	0	0	0	0	0	0	0	0	0	0	0	0	0	2	0	0	0	0	0	0	0	0	0	0	0
161386	10 Nov 25	13:50:00	1	0	55	0	Ct	0	1	0	0	0	0	0	1	0	0	0	0	0	0	0	0	0	0	0	0	0	0	0	0	0	0	0	0	0	0	0	0	0	0
161387	10 Nov 25	13:51:00	1	0	55	0	Ct	0	1	0	0	0	0	0	1	0	2	0	0	0	0	0	0	0	0	0	0	0	0	0	0	0	0	0	0	0	0	0	0	0	0
161388	10 Nov 25	13:52:00	1	0	55	0	Ct	0	1	0	0	0	0	0	0	0	0	0	0	0	0	0	0	0	0	0	0	0	0	0	0	0	0	0	0	0	0	0	0	0	0
161389	10 Nov 25	13:53:00	1	0	55	0	Ct	0	1	0	0	0	0	0	0	0	0	0	0	0	0	0	0	0	0	0	0	0	0	0	0	0	0	0	0	0	0	0	0	0	0
161390	10 Nov 25	13:54:00	1	0	55	0	Ct	0	1	0	0	0	0	0	0	0	0	0	0	0	0	0	0	0	0	0	0	0	0	0	0	0	0	0	0	0	0	0	0	0	0
161391	10 Nov 25	13:55:00	1	0	55	0	Ct	0	1	0	0	0	0	0	0	0	0	0	0	0	0	0	0	0	0	0	0	0	0	0	0	0	0	0	0	0	0	0	0	0	0
161392	10 Nov 25	13:56:00	1	0	55	0	Ct	0	1	0	0	0	0	0	0	0	0	0	0	0	0	0	0	0	0	0	0	0	0	0	0	0	0	0	0	0	0	0	0	0	0
161393	10 Nov 25	13:57:00	1	0	55	0	Ct	0	1	0	0	0	0	0	0	0	0	0	0	0	0	0	0	0	0	0	0	0	0	0	0	0	0	0	0	0	0	0	0	0	0
161394	10 Nov 25	13:58:00	1	0	55	0	Ct	0	1	0	0	0	0	0	0	0	0	0	0	0	0	0	0	0	0	2	0	0	0	0	0	0	0	0	0	0	0	0	0	0	0
161395	10 Nov 25	13:59:00	1	0	55	0	Ct	0	1	0	0	0	0	0	0	0	0	0	0	0	0	0	0	0	0	1	0	0	0	0	0	0	0	0	0	0	0	0	0	0	0
161396	10 Nov 25	14:00:00	1	0	55	0	Ct	0	1	0	0	0	0	0	0	0	0	0	0	0	0	0	0	0	0	0	0	0	0	0	0	0	0	0	0	0	0	0	0	0	0
161397	10 Nov 25	14:01:00	1	0	55	0	Ct	0	1	0	0	0	0	0	0	0	0	0	0	0	0	0	0	0	0	2	0	0	0	0	0	0	0	0	0	0	0	0	0	0	0
161398	10 Nov 25	14:02:00	1	0	55	0	Ct	0	1	0	0	0	0	0	0	0	0	0	0	0	0	0	0	0	0	0	0	0	0	0	0	0	0	0	0	0	0	0	2	0	0
161399	10 Nov 25	14:03:00	1	0	55	0	Ct	0	1	0	0	0	0	0	0	0	0	0	0	0	0	0	0	0	0	0	0	0	0	0	0	0	0	0	0	0	0	0	0	0	0
161400	10 Nov 25	14:04:00	1	0	55	0	Ct	0	1	0	0	0	0	0	0	0	2	0	0	0	0	0	0	0	0	0	0	0	0	0	0	0	0	0	0	0	0	0	0	0	0
161401	10 Nov 25	14:05:00	1	0	55	0	Ct	0	1	0	0	0	0	0	0	0	0	0	0	0	0	0	0	2	0	0	0	0	0	0	0	0	0	0	0	0	0	0	0	0	0
161402	10 Nov 25	14:06:00	1	0	55	0	Ct	0	1	0	0	0	0	0	0	0	1	0	0	0	0	0	0	9	0	0	0	0	0	2	0	0	0	0	0	0	0	0	0	0	0
161403	10 Nov 25	14:07:00	1	0	55	0	Ct	0	1	0	0	0	0	0	0	0	0	0	0	0	0	0	0	0	0	0	0	0	0	4	0	0	0	0	0	0	0	0	0	0	0
161404	10 Nov 25	14:08:00	1	0	55	0	Ct	0	1	0	0	0	0	0	0	0	0	0	0	0	0	0	0	0	0	1	0	0	0	2	0	0	0	0	0	0	0	0	0	0	0
161405	10 Nov 25	14:09:00	1	0	55	0	Ct	0	1	0	0	0	0	0	0	0	1	0	0	0	0	0	0	1	0	2	0	0	0	8	0	0	0	0	0	0	0	0	0	0	0
161406	10 Nov 25	14:10:00	1	0	55	0	Ct	0	1	0	0	0	0	0	0	0	0	0	0	0	0	0	0	0	0	3	0	0	0	2	0	0	0	0	0	0	0	0	0	0	0
161407	10 Nov 25	14:11:00	1	0	55	0	Ct	0	1	0	0	0	0	0	0	0	0	0	0	0	0	0	0	0	0	2	0	0	0	2	0	0	0	0	0	0	0	0	0	0	0
161408	10 Nov 25	14:12:00	1	0	55	0	Ct	0	1	0	0	0	0	0	0	0	0	0	0	0	0	0	0	0	0	2	0	0	0	5	0	0	0	0	0	0	0	0	0	0	0
161409	10 Nov 25	14:13:00	1	0	55	0	Ct	0	1	0	0	0	0	0	0	0	0	0	0	0	0	0	0	0	0	1	0	0	0	0	0	0	0	0	0	0	0	0	0	0	0
161410	10 Nov 25	14:14:00	1	0	55	0	Ct	0	1	0	0	0	0	0	0	0	0	0	0	0	0	0	0	0	0	2	0	0	0	0	0	0	0	0	0	0	0	0	0	0	0
161411	10 Nov 25	14:15:00	1	0	55	0	Ct	0	1	0	0	0	0	0	0	0	1	0	0	0	0	0	0	0	0	4	0	0	0	2	0	0	0	0	0	0	0	0	0	0	0
161412	10 Nov 25	14:16:00	1	0	55	0	Ct	0	1	0	0	0	0	0	0	0	2	0	0	0	0	0	0	0	0	1	0	0	0	0	0	0	0	0	0	0	0	0	0	0	0
161413	10 Nov 25	14:17:00	1	0	55	0	Ct	0	1	0	0	0	0	0	0	0	1	0	0	0	0	0	0	0	0	2	0	0	0	1	0	0	0	0	0	0	0	0	0	0	0
161414	10 Nov 25	14:18:00	1	0	55	0	Ct	0	1	0	0	0	0	0	0	0	0	0	0	0	0	0	0	0	0	1	0	0	0	1	0	0	0	0	0	0	0	0	0	0	0
161415	10 Nov 25	14:19:00	1	0	55	0	Ct	0	1	0	0	0	0	0	0	0	0	0	0	0	0	0	0	0	0	4	0	0	0	2	0	0	0	0	0	0	0	0	0	0	0
161416	10 Nov 25	14:20:00	1	0	55	0	Ct	0	1	0	0	0	0	0	0	0	1	0	0	0	0	0	0	5	0	1	0	0	0	0	0	0	0	0	0	0	0	0	0	0	0
161417	10 Nov 25	14:21:00	1	0	55	0	Ct	0	1	0	0	0	0	0	0	0	2	0	0	0	0	0	0	0	0	1	0	0	0	0	0	0	0	0	0	0	0	0	0	0	0
161418	10 Nov 25	14:22:00	1	0	55	0	Ct	0	1	0	0	0	0	0	0	0	0	0	0	0	0	0	0	0	0	2	0	0	0	0	0	0	0	0	0	0	0	0	0	0	0
161419	10 Nov 25	14:23:00	1	0	55	0	Ct	0	1	0	0	0	0	0	2	0	0	0	0	0	0	0	0	0	0	0	0	0	0	2	0	0	0	0	0	0	0	0	0	0	0
161420	10 Nov 25	14:24:00	1	0	55	0	Ct	0	1	0	0	0	0	0	0	0	0	0	0	0	0	0	0	4	0	0	0	0	0	4	0	0	0	0	0	0	0	0	0	0	0
161421	10 Nov 25	14:25:00	1	0	55	0	Ct	0	1	0	0	0	0	0	0	0	2	0	0	0	0	0	0	0	0	0	0	0	0	3	0	0	0	0	0	0	0	0	0	0	0
161422	10 Nov 25	14:26:00	1	0	55	0	Ct	0	1	0	0	0	0	0	0	0	2	0	0	0	0	0	0	10	0	1	0	0	0	1	0	0	0	0	0	0	0	0	0	0	0
161423	10 Nov 25	14:27:00	1	0	55	0	Ct	0	1	0	0	0	0	0	0	0	0	0	0	1	0	0	0	0	0	1	0	0	0	0	0	0	0	0	0	0	0	0	0	0	0
161424	10 Nov 25	14:28:00	1	0	55	0	Ct	0	1	0	0	0	0	0	0	0	1	0	0	0	0	0	0	0	0	0	0	0	0	0	0	0	0	0	0	0	0	0	0	0	0
161425	10 Nov 25	14:29:00	1	0	55	0	Ct	0	1	0	0	0	0	0	0	0	1	0	0	1	0	0	0	0	0	0	0	0	0	0	0	0	0	0	0	0	0	0	0	0	0
161426	10 Nov 25	14:30:00	1	0	55	0	Ct	0	1	0	0	0	0	0	0	0	0	0	0	0	0	0	0	0	0	0	0	0	0	2	0	0	0	0	0	0	0	0	0	0	0
161427	10 Nov 25	14:31:00	1	0	55	0	Ct	0	1	0	0	0	0	0	0	0	0	0	0	0	0	0	0	0	0	0	0	0	0	0	0	0	0	0	0	0	0	0	0	0	0
161428	10 Nov 25	14:32:00	1	0	55	0	Ct	0	1	0	0	0	0	0	0	0	0	0	0	0	0	0	0	0	0	0	0	0	0	0	0	0	0	0	0	0	0	0	0	0	0
161429	10 Nov 25	14:33:00	1	0	55	0	Ct	0	1	0	0	0	0	0	0	0	3	0	0	0	0	0	0	0	0	0	0	0	0	0	0	0	0	0	0	0	0	0	0	0	0
161430	10 Nov 25	14:34:00	1	0	55	0	Ct	0	1	0	0	0	0	0	0	0	0	0	0	0	0	0	0	0	0	2	0	0	0	2	0	0	0	0	0	0	0	0	0	0	0
161431	10 Nov 25	14:35:00	1	0	55	0	Ct	0	1	0	0	0	0	0	0	0	0	0	0	0	0	0	0	0	0	0	0	0	0	0	0	0	0	0	0	0	0	0	0	0	0
161432	10 Nov 25	14:36:00	1	0	55	0	Ct	0	1	0	0	0	0	0	0	0	0	0	0	0	0	0	0	0	0	1	0	0	0	1	0	0	0	0	0	0	0	0	0	0	0
161433	10 Nov 25	14:37:00	1	0	55	0	Ct	0	1	0	0	0	0	0	0	0	0	0	0	1	0	0	0	0	0	3	0	0	0	2	0	0	0	0	0	0	0	0	0	0	0
161434	10 Nov 25	14:38:00	1	0	55	0	Ct	0	1	0	0	0	0	0	0	0	2	0	0	1	0	0	0	0	0	1	0	0	0	0	0	0	0	0	0	0	0	0	0	0	0
161435	10 Nov 25	14:39:00	1	0	55	0	Ct	0	1	0	0	0	0	0	0	0	0	0	0	0	0	0	0	0	0	1	0	0	0	0	0	0	0	0	0	0	0	0	0	0	0
161436	10 Nov 25	14:40:00	1	0	55	0	Ct	0	1	0	0	0	0	0	0	0	0	0	0	0	0	0	0	0	0	1	0	0	0	0	0	0	0	0	0	0	0	0	0	0	0
161437	10 Nov 25	14:41:00	1	0	55	0	Ct	0	1	0	0	0	0	0	0	0	0	0	0	0	0	0	0	0	0	0	0	1	0	0	0	0	0	0	0	0	0	0	0	0	0
161438	10 Nov 25	14:42:00	1	0	55	0	Ct	0	1	0	0	0	0	0	0	0	0	0	0	1	0	0	0	0	0	2	0	1	0	2	0	0	0	0	0	0	0	0	0	0	0
161439	10 Nov 25	14:43:00	1	0	55	0	Ct	0	1	0	0	0	0	0	0	0	1	0	0	0	0	0	0	0	0	1	0	0	0	0	0	0	0	0	0	0	0	0	0	0	0
161440	10 Nov 25	14:44:00	1	0	55	0	Ct	0	1	0	0	0	0	0	0	0	2	0	0	1	0	0	0	0	0	1	0	0	0	2	0	0	0	0	0	0	0	0	0	0	0
161441	10 Nov 25	14:45:00	1	0	55	0	Ct	0	1	0	0	0	0	0	0	0	0	0	0	0	0	0	0	0	0	0	0	0	0	0	0	0	0	0	0	0	0	0	0	0	0
161442	10 Nov 25	14:46:00	1	0	55	0	Ct	0	1	0	0	0	0	0	0	0	0	0	0	0	0	0	0	0	0	2	0	0	0	2	0	0	0	0	0	0	0	0	0	0	0
161443	10 Nov 25	14:47:00	1	0	55	0	Ct	0	1	0	0	0	0	0	0	0	0	0	0	1	0	0	0	0	2	2	0	0	0	2	0	0	0	0	0	0	0	0	0	0	0
161444	10 Nov 25	14:48:00	1	0	55	0	Ct	0	1	0	0	0	0	0	0	0	3	0	0	1	0	0	0	0	1	1	0	0	0	0	0	0	0	0	0	0	0	0	0	0	0
161445	10 Nov 25	14:49:00	1	0	55	0	Ct	0	1	0	0	0	0	0	0	0	0	0	0	0	0	0	0	0	0	1	0	2	0	0	0	0	0	0	0	0	0	0	0	0	0
161446	10 Nov 25	14:50:00	1	0	55	0	Ct	0	1	0	0	0	0	0	0	0	1	0	0	2	0	0	0	0	0	0	0	0	0	0	0	0	0	0	0	0	0	0	0	0	0
161447	10 Nov 25	14:51:00	1	0	55	0	Ct	0	1	0	0	0	0	0	0	0	0	0	0	0	0	0	0	0	0	0	0	0	0	0	0	0	0	0	0	0	0	0	0	0	0
161448	10 Nov 25	14:52:00	1	0	55	0	Ct	0	1	0	0	0	0	0	0	0	0	0	0	1	0	0	0	0	0	0	0	0	0	0	0	0	0	0	0	0	0	0	0	0	0
161449	10 Nov 25	14:53:00	1	0	55	0	Ct	0	1	0	0	0	0	0	0	0	0	0	0	1	0	0	0	0	0	0	0	0	0	0	0	0	0	0	0	0	0	0	0	0	0
161450	10 Nov 25	14:54:00	1	0	55	0	Ct	0	1	0	0	0	0	0	0	0	0	0	0	0	0	0	0	0	0	0	0	0	0	2	0	0	0	0	0	0	0	0	0	0	0
161451	10 Nov 25	14:55:00	1	0	55	0	Ct	0	1	0	0	0	0	0	0	0	0	0	0	0	0	0	0	0	0	2	0	0	0	0	0	0	0	0	0	0	0	0	0	0	0
161452	10 Nov 25	14:56:00	1	0	55	0	Ct	0	1	0	0	0	0	0	0	0	0	0	0	1	0	0	0	0	0	0	0	0	0	0	0	0	0	0	0	0	0	0	0	0	0
161453	10 Nov 25	14:57:00	1	0	55	0	Ct	0	1	0	0	0	0	0	0	0	1	0	0	1	0	0	0	0	0	0	3	0	0	0	0	0	0	0	0	0	0	0	0	0	0
161454	10 Nov 25	14:58:00	1	0	55	0	Ct	0	1	0	0	0	0	0	0	0	1	0	0	0	0	0	0	0	0	1	1	0	0	0	0	0	0	0	0	0	0	0	0	0	0
161455	10 Nov 25	14:59:00	1	0	55	0	Ct	0	1	0	0	0	0	0	0	0	0	0	0	0	0	0	0	0	0	1	0	0	0	2	0	0	0	0	0	0	0	0	0	0	0
161456	10 Nov 25	15:00:00	1	0	55	0	Ct	0	1	0	0	0	0	0	0	0	0	0	0	0	0	0	0	0	0	0	1	0	0	0	0	0	0	0	0	1	0	0	0	0	0
161457	10 Nov 25	15:01:00	1	0	55	0	Ct	0	1	0	0	0	0	0	0	0	0	0	0	0	0	0	0	0	0	1	1	0	0	0	0	2	0	0	0	0	0	0	0	0	0
161458	10 Nov 25	15:02:00	1	0	55	0	Ct	0	1	0	0	0	0	0	0	0	0	0	0	0	0	0	0	0	0	1	0	0	0	2	0	0	0	0	0	0	0	0	0	0	0
161459	10 Nov 25	15:03:00	1	0	55	0	Ct	0	1	0	0	0	0	0	0	0	0	0	0	0	0	0	0	0	0	0	0	0	0	0	0	0	0	1	0	1	0	0	0	0	0
161460	10 Nov 25	15:04:00	1	0	55	0	Ct	0	1	0	0	0	0	0	0	0	0	0	0	0	0	0	0	0	0	0	0	0	0	0	0	0	0	2	0	3	0	0	0	0	0
161461	10 Nov 25	15:05:00	1	0	55	0	Ct	0	1	0	0	0	0	0	0	0	0	0	0	0	0	0	0	1	0	2	0	0	0	0	0	0	0	2	0	3	0	0	0	0	0
161462	10 Nov 25	15:06:00	1	0	55	0	Ct	0	1	0	0	0	0	0	0	0	0	0	0	0	0	0	0	0	0	0	2	0	0	0	0	0	0	0	0	1	0	0	0	0	0
161463	10 Nov 25	15:07:00	1	0	55	0	Ct	0	1	0	0	0	0	0	0	0	0	0	0	0	0	0	0	0	0	0	0	0	0	0	0	0	0	0	0	2	0	0	0	0	0
161464	10 Nov 25	15:08:00	1	0	55	0	Ct	0	1	0	0	0	0	0	0	0	0	0	0	0	0	0	0	0	0	1	0	0	0	0	0	0	0	0	0	0	0	0	0	0	0
161465	10 Nov 25	15:09:00	1	0	55	0	Ct	0	1	0	0	0	0	0	0	0	0	0	0	0	0	0	0	1	0	1	0	0	0	0	0	0	0	1	0	2	0	0	0	0	0
161466	10 Nov 25	15:10:00	1	0	55	0	Ct	0	1	0	0	0	0	0	0	0	0	0	0	0	0	0	0	0	0	0	0	0	0	0	0	0	0	0	0	4	0	0	0	0	0
161467	10 Nov 25	15:11:00	1	0	55	0	Ct	0	1	0	0	0	0	0	0	0	0	0	0	0	0	0	0	0	0	1	0	0	0	0	0	0	0	0	0	2	0	0	0	0	0
161468	10 Nov 25	15:12:00	1	0	55	0	Ct	0	1	0	0	0	0	0	0	0	0	0	0	0	0	0	0	0	0	1	0	0	0	0	0	0	0	0	0	2	0	0	0	0	0
161469	10 Nov 25	15:13:00	1	0	55	0	Ct	0	1	0	0	0	0	0	0	0	0	0	0	0	0	0	0	0	0	0	0	0	0	2	0	0	0	0	0	2	0	0	0	0	0
161470	10 Nov 25	15:14:00	1	0	55	0	Ct	0	1	0	0	0	0	0	0	0	3	0	0	0	0	0	0	0	0	0	0	0	0	0	0	0	0	0	0	3	0	0	0	0	0
161471	10 Nov 25	15:15:00	1	0	55	0	Ct	0	1	0	0	0	0	0	0	0	0	0	0	0	0	0	0	0	0	1	0	0	0	0	0	0	0	0	0	2	0	0	0	0	0
161472	10 Nov 25	15:16:00	1	0	55	0	Ct	0	1	0	0	0	0	0	0	0	0	0	0	0	0	0	0	0	0	1	0	0	0	0	0	0	0	0	0	2	0	0	0	0	0
161473	10 Nov 25	15:17:00	1	0	55	0	Ct	0	1	0	0	0	0	0	0	0	0	0	0	0	0	0	0	0	0	0	0	0	0	0	0	0	0	0	0	1	0	0	0	0	0
161474	10 Nov 25	15:18:00	1	0	55	0	Ct	0	1	0	0	0	0	0	0	0	0	0	0	0	0	0	0	0	0	0	0	0	0	2	0	0	0	0	0	0	0	0	0	0	0
161475	10 Nov 25	15:19:00	1	0	55	0	Ct	0	1	0	0	0	0	0	0	0	0	0	0	0	0	0	0	0	0	0	0	0	0	0	0	0	0	0	0	0	0	0	0	0	0
161476	10 Nov 25	15:20:00	1	0	55	0	Ct	0	1	0	0	0	0	0	0	0	0	0	0	0	0	0	0	0	0	0	0	0	0	5	0	0	0	0	0	0	0	0	0	0	0
161477	10 Nov 25	15:21:00	1	0	55	0	Ct	0	1	0	0	0	0	0	0	0	0	0	0	0	0	0	0	0	0	2	0	0	0	1	0	0	0	0	0	0	0	0	0	0	0
161478	10 Nov 25	15:22:00	1	0	55	0	Ct	0	1	0	0	0	0	0	0	0	0	0	0	0	0	0	0	0	0	0	0	0	0	0	0	0	0	0	0	0	0	0	0	0	0
161479	10 Nov 25	15:23:00	1	0	55	0	Ct	0	1	0	0	0	0	0	0	0	0	0	0	0	0	0	0	0	0	2	0	0	0	0	0	0	0	0	0	4	0	0	0	0	0
161480	10 Nov 25	15:24:00	1	0	55	0	Ct	0	1	0	0	0	0	0	0	0	0	0	0	0	0	0	0	0	0	0	0	0	0	0	0	0	0	0	0	1	0	0	0	0	0
161481	10 Nov 25	15:25:00	1	0	55	0	Ct	0	1	0	0	0	0	0	0	0	0	0	0	0	0	0	0	0	0	0	0	0	0	0	0	0	0	0	0	1	0	0	0	0	0
161482	10 Nov 25	15:26:00	1	0	55	0	Ct	0	1	0	0	0	0	0	0	0	0	0	0	0	0	0	0	0	0	0	0	0	0	0	0	0	0	0	0	0	0	0	0	0	0
161483	10 Nov 25	15:27:00	1	0	55	0	Ct	0	1	0	0	3	0	0	0	0	2	0	4	0	0	0	0	0	0	1	0	0	0	0	0	0	0	0	0	0	0	0	0	0	0
161484	10 Nov 25	15:28:00	1	0	55	0	Ct	0	1	0	0	2	0	0	0	0	0	0	0	0	0	0	0	0	0	3	0	0	0	0	0	0	0	0	0	0	0	0	0	0	0
161485	10 Nov 25	15:29:00	1	0	55	0	Ct	0	1	0	0	1	0	0	0	0	0	0	0	0	0	0	0	0	0	1	0	1	0	1	0	0	0	0	0	0	0	0	0	0	0
161486	10 Nov 25	15:30:00	1	0	55	0	Ct	0	1	0	0	1	0	0	0	0	0	0	0	0	0	0	1	0	0	0	0	1	0	1	0	0	0	0	0	0	0	0	0	0	0
161487	10 Nov 25	15:31:00	1	0	55	0	Ct	0	1	0	0	3	0	0	0	0	1	0	0	0	0	0	0	0	0	0	0	1	0	0	0	0	0	0	0	0	0	0	0	0	0
161488	10 Nov 25	15:32:00	1	0	55	0	Ct	0	1	0	0	2	0	0	0	0	1	0	2	0	0	0	0	0	1	0	0	1	0	0	0	0	0	0	0	0	0	0	0	0	0
161489	10 Nov 25	15:33:00	1	0	55	0	Ct	0	1	0	0	3	0	0	0	0	0	0	2	0	0	0	0	0	1	0	0	0	0	0	0	0	0	0	0	0	0	0	0	0	0
161490	10 Nov 25	15:34:00	1	0	55	0	Ct	0	1	0	0	2	0	0	0	0	0	0	3	0	0	0	0	0	0	0	0	0	0	0	0	0	0	0	0	0	0	0	0	0	0
161491	10 Nov 25	15:35:00	1	0	55	0	Ct	0	1	0	0	2	0	0	0	0	1	0	1	0	0	0	0	0	0	0	0	0	0	0	0	0	0	0	0	4	0	0	0	0	0
161492	10 Nov 25	15:36:00	1	0	55	0	Ct	0	1	0	0	2	0	0	0	0	0	0	3	0	0	0	0	0	0	0	0	0	0	0	0	0	0	0	0	0	0	0	0	0	0
161493	10 Nov 25	15:37:00	1	0	55	0	Ct	0	1	0	0	3	0	0	0	0	0	0	2	0	0	0	0	0	0	1	0	0	0	0	0	0	0	0	0	0	0	0	0	0	0
161494	10 Nov 25	15:38:00	1	0	55	0	Ct	0	1	0	0	5	0	0	3	0	0	0	1	0	0	0	0	0	0	1	0	0	0	0	0	0	0	0	0	0	0	0	0	0	0
161495	10 Nov 25	15:39:00	1	0	55	0	Ct	0	1	0	0	2	0	0	1	0	0	0	1	0	0	0	0	0	0	0	0	0	0	5	0	0	0	0	0	0	0	0	0	0	0
161496	10 Nov 25	15:40:00	1	0	55	0	Ct	0	1	0	0	3	0	0	0	0	2	0	2	0	0	0	0	0	0	0	1	1	0	0	0	0	0	0	0	0	0	0	0	0	0
161497	10 Nov 25	15:41:00	1	0	55	0	Ct	0	1	0	0	3	0	0	0	0	0	0	0	0	0	0	0	0	0	0	1	1	0	0	0	0	0	0	0	0	0	0	0	0	0
161498	10 Nov 25	15:42:00	1	0	55	0	Ct	0	1	0	0	2	0	0	0	0	0	0	2	0	0	0	0	0	0	0	2	3	0	0	0	0	0	0	0	1	0	0	0	0	0
161499	10 Nov 25	15:43:00	1	0	55	0	Ct	0	1	0	0	1	0	0	0	0	0	0	2	0	0	0	0	0	0	1	0	0	0	0	0	0	0	0	0	2	0	0	0	0	0
161500	10 Nov 25	15:44:00	1	0	55	0	Ct	0	1	0	0	1	0	0	0	0	1	0	2	0	0	0	0	0	0	2	1	0	0	0	0	0	0	0	0	2	0	0	0	0	0
161501	10 Nov 25	15:45:00	1	0	55	0	Ct	0	1	0	0	2	0	0	0	0	1	0	0	0	0	0	0	0	0	0	1	0	0	0	0	0	0	0	0	2	0	0	0	0	0
161502	10 Nov 25	15:46:00	1	0	55	0	Ct	0	1	0	0	2	0	0	0	0	0	0	1	0	0	0	0	0	0	2	0	2	0	0	0	0	0	0	0	2	0	0	0	0	0
161503	10 Nov 25	15:47:00	1	0	55	0	Ct	0	1	0	0	0	0	0	0	0	0	0	1	0	0	0	0	0	0	0	0	2	0	0	0	0	0	0	0	4	1	0	0	0	0
161504	10 Nov 25	15:48:00	1	0	55	0	Ct	0	1	0	0	0	0	0	0	0	0	0	1	0	0	0	1	0	0	0	3	0	0	0	0	0	0	0	0	2	0	0	0	0	0
161505	10 Nov 25	15:49:00	1	0	55	0	Ct	0	1	0	0	2	0	0	0	0	0	0	1	0	0	0	0	0	0	1	1	0	0	0	0	0	0	0	0	0	1	0	0	0	0
161506	10 Nov 25	15:50:00	1	0	55	0	Ct	0	1	0	0	1	0	0	0	0	0	0	0	0	0	0	0	0	0	1	1	1	0	3	0	0	0	0	0	2	0	0	0	0	0
161507	10 Nov 25	15:51:00	1	0	55	0	Ct	0	1	0	0	1	0	0	0	0	0	0	0	0	0	0	0	0	0	0	2	0	0	0	0	0	0	0	0	2	0	0	0	0	0
161508	10 Nov 25	15:52:00	1	0	55	0	Ct	0	1	0	0	0	0	0	0	0	4	0	1	0	0	0	0	0	0	0	2	1	0	0	0	0	0	0	0	0	0	0	0	0	0
161509	10 Nov 25	15:53:00	1	0	55	0	Ct	0	1	0	0	0	0	0	0	0	0	0	1	0	0	0	0	0	0	0	0	0	0	0	0	0	0	0	0	1	0	0	0	0	0
161510	10 Nov 25	15:54:00	1	0	55	0	Ct	0	1	0	0	0	0	0	0	0	0	0	2	0	0	0	0	0	0	0	2	0	0	0	0	0	0	0	0	1	1	0	0	0	0
161511	10 Nov 25	15:55:00	1	0	55	0	Ct	0	1	0	2	2	0	0	0	0	0	0	0	0	0	0	0	0	0	0	0	0	0	0	0	0	0	0	0	0	0	0	0	0	0
161512	10 Nov 25	15:56:00	1	0	55	0	Ct	0	1	0	0	0	0	0	0	0	2	0	0	0	0	0	0	0	0	0	2	0	0	0	0	0	0	0	0	2	1	0	0	0	0
161513	10 Nov 25	15:57:00	1	0	55	0	Ct	0	1	0	0	0	0	0	0	0	0	0	0	0	0	0	0	0	0	2	0	0	0	0	0	0	0	0	0	0	1	0	0	0	0
161514	10 Nov 25	15:58:00	1	0	55	0	Ct	0	1	0	0	0	0	0	0	0	1	0	1	0	0	0	0	0	0	0	0	0	0	0	0	0	0	0	0	3	0	0	0	0	0
161515	10 Nov 25	15:59:00	1	0	55	0	Ct	0	1	0	0	0	0	0	0	0	1	1	1	0	0	0	0	0	0	0	0	0	0	0	0	0	0	0	0	0	0	0	0	0	0
161516	10 Nov 25	16:00:00	1	0	55	0	Ct	0	1	0	0	0	0	0	0	0	0	1	0	0	0	0	0	0	0	0	0	3	0	0	0	0	0	0	0	2	0	0	0	0	0
161517	10 Nov 25	16:01:00	1	0	55	0	Ct	0	1	0	0	0	0	0	0	0	0	0	2	0	0	0	0	0	0	0	0	0	0	1	0	0	0	0	0	0	1	0	0	0	0
161518	10 Nov 25	16:02:00	1	0	55	0	Ct	0	1	0	0	0	0	0	0	0	0	0	0	0	0	0	0	0	0	2	0	1	0	1	0	0	0	0	0	4	1	0	0	0	0
161519	10 Nov 25	16:03:00	1	0	55	0	Ct	0	1	0	0	0	0	0	0	0	0	0	1	0	0	0	0	0	0	0	0	1	0	2	0	1	0	0	0	1	0	0	0	0	0
161520	10 Nov 25	16:04:00	1	0	55	0	Ct	0	1	0	0	0	0	0	0	0	0	0	1	0	0	0	0	0	0	0	0	0	0	0	0	0	0	0	0	3	1	0	0	0	0
161521	10 Nov 25	16:05:00	1	0	55	0	Ct	0	1	0	2	1	0	0	0	0	0	0	0	0	0	0	0	0	0	0	0	0	0	0	0	0	0	0	0	1	2	0	0	0	0
161522	10 Nov 25	16:06:00	1	0	55	0	Ct	0	1	0	2	1	0	0	0	0	0	0	0	0	0	0	2	0	0	0	0	0	0	0	0	0	0	0	0	2	0	0	0	0	0
161523	10 Nov 25	16:07:00	1	0	55	0	Ct	0	1	0	0	0	0	0	0	0	0	0	0	0	0	0	0	0	0	0	0	2	0	0	0	0	0	0	0	1	1	0	0	0	0
161524	10 Nov 25	16:08:00	1	0	55	0	Ct	0	1	0	0	0	0	0	0	0	4	0	0	0	0	0	0	0	0	0	0	0	0	1	0	0	4	0	0	0	0	0	0	0	0
161525	10 Nov 25	16:09:00	1	0	55	0	Ct	0	1	0	2	0	0	0	0	0	0	0	0	0	0	0	0	0	0	0	0	0	0	1	0	0	0	0	0	0	1	0	0	0	0
161526	10 Nov 25	16:10:00	1	0	55	0	Ct	0	1	0	2	0	0	0	0	0	0	0	0	0	0	0	0	0	0	0	0	0	0	0	0	0	0	0	0	2	1	0	0	0	0
161527	10 Nov 25	16:11:00	1	0	55	0	Ct	0	1	0	0	0	0	0	0	0	0	0	0	0	0	0	0	0	0	0	0	0	0	0	0	1	0	0	0	1	0	0	0	0	0
161528	10 Nov 25	16:12:00	1	0	55	0	Ct	0	1	0	0	0	0	0	0	0	2	0	1	0	0	0	0	0	0	2	0	1	0	0	0	1	0	0	0	4	2	0	0	0	1
161529	10 Nov 25	16:13:00	1	0	55	0	Ct	0	1	0	1	0	0	2	0	0	0	0	1	0	0	0	0	0	0	0	0	1	0	0	0	0	2	0	0	1	1	0	0	0	1
161530	10 Nov 25	16:14:00	1	0	55	0	Ct	0	1	0	1	2	0	0	0	0	0	0	0	0	0	0	0	0	0	0	0	0	0	3	0	0	0	0	0	2	1	0	0	0	0
161531	10 Nov 25	16:15:00	1	0	55	0	Ct	0	1	0	0	1	0	6	0	0	1	0	1	0	0	0	0	0	0	2	0	0	0	0	0	0	0	0	0	0	1	0	0	0	0
161532	10 Nov 25	16:16:00	1	0	55	0	Ct	0	1	0	1	1	0	4	0	0	1	0	1	0	0	0	0	0	0	0	0	2	0	0	0	0	0	0	0	0	0	0	0	0	0
161533	10 Nov 25	16:17:00	1	0	55	0	Ct	0	1	0	1	2	0	4	0	0	0	0	0	0	0	0	0	0	0	0	0	1	0	0	0	0	0	0	0	0	0	0	0	3	0
161534	10 Nov 25	16:18:00	1	0	55	0	Ct	0	1	0	0	2	0	4	0	0	0	0	0	0	0	0	0	0	0	1	0	0	0	4	0	0	2	0	0	0	4	0	0	2	0
161535	10 Nov 25	16:19:00	1	0	55	0	Ct	0	1	0	0	2	0	4	0	0	0	0	0	0	0	0	0	0	0	1	0	0	0	0	0	0	0	0	0	0	0	0	0	0	0
161536	10 Nov 25	16:20:00	1	0	55	0	Ct	0	1	0	0	1	0	0	0	0	1	0	0	0	0	0	0	0	0	0	0	0	0	0	0	0	0	0	0	0	0	0	0	0	0
161537	10 Nov 25	16:21:00	1	0	55	0	Ct	0	1	0	0	1	0	5	0	0	5	0	0	0	0	0	0	0	0	1	0	0	0	0	0	0	4	0	0	0	1	1	0	0	0
161538	10 Nov 25	16:22:00	1	0	55	0	Ct	0	1	0	0	0	0	9	0	1	0	0	2	0	0	0	0	0	0	2	0	0	0	0	0	0	0	0	0	0	1	0	0	0	0
161539	10 Nov 25	16:23:00	1	0	55	0	Ct	0	1	0	0	0	0	12	0	5	0	0	0	0	0	0	0	0	0	0	0	0	0	0	0	0	2	0	0	0	0	3	0	0	0
161540	10 Nov 25	16:24:00	1	0	55	0	Ct	0	1	0	1	2	0	31	0	1	0	0	0	0	0	3	0	0	0	0	0	0	0	0	0	0	0	0	0	2	0	0	0	0	0
161541	10 Nov 25	16:25:00	1	0	55	0	Ct	0	1	0	1	0	0	0	0	0	2	0	0	0	0	1	0	0	0	0	0	0	0	0	0	0	2	1	0	0	1	2	0	0	0
161542	10 Nov 25	16:26:00	1	0	55	0	Ct	0	1	0	0	3	0	3	0	0	0	0	0	0	0	0	0	0	0	0	0	2	0	0	0	0	0	0	0	1	1	0	0	0	0
161543	10 Nov 25	16:27:00	1	0	55	0	Ct	0	1	0	0	2	0	7	0	0	0	0	0	0	0	0	0	0	0	0	0	1	0	5	0	0	1	0	0	1	1	0	0	0	0
161544	10 Nov 25	16:28:00	1	0	55	0	Ct	0	1	0	0	1	0	5	0	0	0	0	2	0	0	0	4	0	0	1	1	0	0	0	0	0	1	0	0	2	1	0	0	0	0
161545	10 Nov 25	16:29:00	1	0	55	0	Ct	0	1	0	0	3	0	9	0	0	0	0	0	0	0	0	0	0	0	1	1	0	0	0	0	0	0	0	0	0	0	0	0	0	0
161546	10 Nov 25	16:30:00	1	0	55	0	Ct	0	1	0	0	0	0	1	0	0	0	0	0	0	0	0	3	0	0	0	0	0	0	0	0	0	0	1	0	0	0	0	0	0	0
161547	10 Nov 25	16:31:00	1	0	55	0	Ct	0	1	0	1	3	0	2	0	0	2	0	0	0	0	0	0	0	0	0	0	0	0	0	0	0	0	1	0	0	0	1	0	0	0
161548	10 Nov 25	16:32:00	1	0	55	0	Ct	0	1	0	1	1	0	13	0	0	0	0	2	0	0	0	0	0	0	0	0	1	0	0	0	0	0	0	0	0	0	0	0	0	0
161549	10 Nov 25	16:33:00	1	0	55	0	Ct	0	1	0	0	2	0	13	0	0	0	0	0	0	0	0	0	0	1	1	0	0	0	0	1	0	0	1	0	1	1	3	0	0	0
161550	10 Nov 25	16:34:00	1	0	55	0	Ct	0	1	0	0	1	0	27	0	0	2	0	2	0	0	0	0	0	4	1	0	1	0	0	1	0	3	2	0	1	2	0	0	0	0
161551	10 Nov 25	16:35:00	1	0	55	0	Ct	0	1	0	0	1	0	0	0	0	0	0	1	0	0	0	0	0	0	1	0	0	0	0	0	0	0	0	0	0	0	0	0	0	0
161552	10 Nov 25	16:36:00	1	0	55	0	Ct	0	1	1	0	1	0	6	0	0	0	2	2	0	0	0	0	0	0	1	0	0	0	0	0	0	1	3	0	0	1	0	0	0	0
161553	10 Nov 25	16:37:00	1	0	55	0	Ct	0	1	1	2	0	0	0	0	0	3	0	0	0	0	0	0	0	0	0	0	0	0	0	0	0	1	1	0	0	1	0	0	0	0
161554	10 Nov 25	16:38:00	1	0	55	0	Ct	0	1	2	0	0	0	9	0	0	0	0	0	0	0	0	0	0	0	0	0	0	0	0	0	0	0	1	0	0	0	0	0	0	0
161555	10 Nov 25	16:39:00	1	0	55	0	Ct	0	1	1	2	0	0	8	0	0	0	0	0	0	0	0	0	0	0	1	0	0	0	0	0	0	0	3	0	0	0	2	0	0	0
161556	10 Nov 25	16:40:00	1	0	55	0	Ct	0	1	0	0	0	0	4	0	0	1	0	0	0	0	0	0	0	0	0	0	0	0	1	0	0	0	0	0	0	0	1	0	0	0
161557	10 Nov 25	16:41:00	1	0	55	0	Ct	0	1	0	0	1	0	0	0	0	1	0	0	0	0	0	0	0	0	0	0	0	0	1	0	0	3	1	0	1	0	0	0	0	0
161558	10 Nov 25	16:42:00	1	0	55	0	Ct	0	1	0	2	0	0	9	0	0	0	0	3	0	0	0	0	0	0	1	0	0	0	0	0	0	0	0	0	1	0	0	0	0	0
161559	10 Nov 25	16:43:00	1	0	55	0	Ct	0	1	3	1	0	0	6	0	0	0	0	1	0	0	0	0	0	0	0	0	2	0	0	0	0	0	2	0	1	0	0	0	0	0
161560	10 Nov 25	16:44:00	1	0	55	0	Ct	0	1	3	1	1	0	3	0	0	0	0	1	0	0	0	3	0	0	1	0	1	0	0	0	0	0	0	0	1	1	0	0	0	0
161561	10 Nov 25	16:45:00	1	0	55	0	Ct	0	1	3	1	1	0	0	0	0	1	0	0	0	0	0	0	0	1	1	0	0	0	2	0	0	0	0	0	1	1	0	0	0	0
161562	10 Nov 25	16:46:00	1	0	55	0	Ct	0	1	1	0	1	0	4	0	0	1	0	2	0	0	0	3	0	1	0	0	0	0	2	0	0	1	1	0	1	0	0	0	0	0
161563	10 Nov 25	16:47:00	1	0	55	0	Ct	0	1	2	1	1	0	2	0	0	0	0	0	0	0	0	0	0	0	0	0	1	0	0	0	2	2	1	0	0	0	0	0	0	0
161564	10 Nov 25	16:48:00	1	0	55	0	Ct	0	1	1	0	0	0	1	0	0	1	0	2	0	0	0	0	0	0	0	0	1	0	0	0	0	2	0	0	0	0	0	0	0	0
161565	10 Nov 25	16:49:00	1	0	55	0	Ct	0	1	3	0	2	0	4	2	0	1	0	0	0	0	0	0	0	0	0	0	0	0	0	0	0	0	3	0	0	0	0	0	0	0
161566	10 Nov 25	16:50:00	1	0	55	0	Ct	0	1	2	2	0	0	0	0	0	0	0	1	0	0	0	2	0	0	0	0	0	0	0	0	0	0	1	0	1	0	0	0	0	0
161567	10 Nov 25	16:51:00	1	0	55	0	Ct	0	1	3	0	0	0	1	0	0	2	0	1	0	0	0	0	0	0	0	0	0	0	0	0	0	1	1	0	1	2	1	0	0	0
161568	10 Nov 25	16:52:00	1	0	55	0	Ct	0	1	1	0	0	0	5	0	0	0	0	0	0	0	0	0	0	0	0	0	0	0	2	0	0	3	1	0	0	1	1	0	0	0
161569	10 Nov 25	16:53:00	1	0	55	0	Ct	0	1	1	1	0	0	4	0	0	2	0	5	0	0	0	0	0	0	1	0	0	0	0	0	0	0	0	0	0	0	1	0	0	0
161570	10 Nov 25	16:54:00	1	0	55	0	Ct	0	1	3	1	0	0	5	0	0	0	0	0	0	0	0	0	0	0	1	0	0	0	0	0	0	0	1	0	2	0	0	0	1	0
161571	10 Nov 25	16:55:00	1	0	55	0	Ct	0	1	1	0	2	0	5	0	0	0	0	0	0	0	0	0	0	0	0	0	0	0	0	0	0	0	1	0	0	0	0	0	0	0
161572	10 Nov 25	16:56:00	1	0	55	0	Ct	0	1	1	0	0	0	12	0	0	0	0	0	0	0	0	0	0	0	0	0	0	0	2	0	0	0	2	0	2	1	0	0	0	0
161573	10 Nov 25	16:57:00	1	0	55	0	Ct	0	1	1	3	2	0	13	0	0	0	0	0	0	0	0	0	0	0	0	0	0	0	0	0	0	0	0	0	0	1	3	0	0	0
161574	10 Nov 25	16:58:00	1	0	55	0	Ct	0	1	3	0	3	0	0	0	0	0	0	0	0	0	0	0	0	2	0	0	0	0	0	0	0	0	0	0	2	1	1	0	0	0
161575	10 Nov 25	16:59:00	1	0	55	0	Ct	0	1	2	2	2	0	2	0	0	0	1	0	0	0	0	0	0	0	0	2	0	0	2	0	0	0	0	0	2	1	0	0	0	0
161576	10 Nov 25	17:00:00	1	0	55	0	Ct	0	1	3	0	2	0	6	0	0	1	1	0	0	0	0	0	0	0	0	0	4	0	2	0	0	0	1	1	0	0	1	0	0	0
161577	10 Nov 25	17:01:00	1	0	55	0	Ct	0	1	0	2	0	0	0	0	0	1	0	0	0	0	0	0	0	0	0	0	0	0	3	0	0	1	2	0	0	1	0	0	0	0
161578	10 Nov 25	17:02:00	1	0	55	0	Ct	0	1	0	0	2	0	4	0	0	0	0	0	0	0	0	0	0	0	0	0	2	0	0	0	0	0	0	0	0	0	0	0	0	0
161579	10 Nov 25	17:03:00	1	0	55	0	Ct	0	1	3	1	1	0	2	0	0	0	0	0	0	0	0	0	0	0	0	0	0	0	0	0	0	0	1	0	0	0	2	0	0	0
161580	10 Nov 25	17:04:00	1	0	55	0	Ct	0	1	2	1	0	0	9	0	0	0	0	0	0	0	0	0	0	3	0	0	1	0	0	0	0	0	1	0	0	0	0	0	0	0
161581	10 Nov 25	17:05:00	1	0	55	0	Ct	0	1	0	0	0	0	9	0	1	1	0	0	0	0	0	4	0	0	1	0	1	0	1	0	0	4	1	0	0	1	0	0	0	0
161582	10 Nov 25	17:06:00	1	0	55	0	Ct	0	1	0	0	2	0	0	2	2	0	0	0	0	0	0	0	0	3	1	0	0	0	1	0	0	2	1	0	0	1	0	0	0	0
161583	10 Nov 25	17:07:00	1	0	55	0	Ct	0	1	2	2	1	0	12	0	2	0	0	1	0	0	0	1	0	3	2	0	1	0	0	1	0	0	2	3	2	1	1	0	0	0
161584	10 Nov 25	17:08:00	1	0	55	0	Ct	0	0	0	2	5	0	11	0	0	1	0	2	0	0	0	3	0	4	2	2	3	0	2	1	1	0	4	0	2	0	1	2	2	0
161585	10 Nov 25	17:09:00	1	0	55	0	Ct	0	0	4	2	6	0	5	1	1	2	0	1	2	0	3	1	0	6	4	1	1	0	2	3	3	4	5	2	5	3	3	2	5	0
161586	10 Nov 25	17:10:00	1	0	55	0	Ct	0	0	3	2	5	0	15	3	2	4	1	1	3	2	1	2	0	4	2	4	1	0	2	7	2	3	2	2	2	2	4	3	3	2
161587	10 Nov 25	17:11:00	1	0	55	0	Ct	0	0	5	1	5	1	8	2	4	4	1	3	2	5	2	5	0	4	3	2	3	0	1	4	1	3	3	2	3	2	3	4	5	2
161588	10 Nov 25	17:12:00	1	0	55	0	Ct	0	0	4	2	5	1	5	4	4	4	2	2	2	0	4	3	0	4	1	3	2	0	2	6	3	3	3	1	2	2	2	4	6	4
161589	10 Nov 25	17:13:00	1	0	55	0	Ct	0	0	4	2	5	3	10	6	3	5	0	2	2	3	1	3	1	4	3	1	1	0	1	4	4	4	3	1	1	3	6	6	3	3
161590	10 Nov 25	17:14:00	1	0	55	0	Ct	0	0	6	2	5	3	6	4	5	5	0	2	3	3	3	4	8	5	3	3	2	0	3	3	4	3	4	3	2	2	3	4	5	4
161591	10 Nov 25	17:15:00	1	0	55	0	Ct	0	0	2	2	7	2	9	2	4	2	1	3	2	3	2	6	0	6	2	5	1	0	2	5	5	2	2	3	3	2	4	4	4	3
161592	10 Nov 25	17:16:00	1	0	55	0	Ct	0	0	5	1	5	4	5	4	3	5	2	2	2	4	3	4	0	6	2	3	1	0	4	3	4	3	3	5	1	2	3	3	4	3
161593	10 Nov 25	17:17:00	1	0	55	0	Ct	0	0	4	0	4	5	9	4	3	5	1	2	2	4	4	4	0	5	2	4	1	0	1	2	4	2	2	3	3	2	3	4	4	4
161594	10 Nov 25	17:18:00	1	0	55	0	Ct	0	0	5	1	6	3	17	2	4	3	1	2	2	3	2	2	0	0	3	3	2	0	4	3	3	3	1	4	0	4	3	4	3	3
161595	10 Nov 25	17:19:00	1	0	55	0	Ct	0	0	4	0	4	4	6	4	2	2	3	2	1	3	2	4	0	4	3	3	1	0	1	6	5	2	2	2	2	2	1	5	4	4
161596	10 Nov 25	17:20:00	1	0	55	0	Ct	0	0	5	2	6	3	5	6	3	3	1	2	2	6	3	9	0	7	3	3	1	0	2	3	4	2	1	2	2	2	5	4	3	3
161597	10 Nov 25	17:21:00	1	0	55	0	Ct	0	0	3	1	4	2	11	4	3	3	5	2	3	5	1	4	0	3	1	2	3	0	1	4	3	3	3	3	2	1	3	1	5	6
161598	10 Nov 25	17:22:00	1	0	55	0	Ct	0	0	3	1	6	3	13	4	4	5	2	2	2	3	2	6	0	3	0	2	2	0	4	3	4	2	2	3	2	3	3	4	3	2
161599	10 Nov 25	17:23:00	1	0	55	0	Ct	0	0	2	2	5	4	8	5	2	1	4	2	3	4	3	2	0	6	1	3	1	0	1	4	3	3	3	3	1	2	4	3	3	4
161600	10 Nov 25	17:24:00	1	0	55	0	Ct	0	0	3	1	3	2	18	3	4	2	2	3	1	4	3	5	0	1	2	4	0	0	2	1	4	3	4	3	3	2	2	4	3	5
161601	10 Nov 25	17:25:00	1	0	55	0	Ct	0	0	4	1	6	3	12	4	2	1	3	2	2	3	1	4	0	4	2	2	1	0	3	3	3	3	2	3	2	2	4	3	7	3
161602	10 Nov 25	17:26:00	1	0	55	0	Ct	0	0	2	4	5	4	8	4	3	6	3	1	2	5	4	1	0	2	1	0	3	0	4	3	4	3	9	3	3	2	3	4	5	3
161603	10 Nov 25	17:27:00	1	0	55	0	Ct	0	0	3	6	6	5	7	5	2	1	4	2	2	8	5	4	0	4	1	3	1	0	2	3	4	2	3	3	1	1	2	4	7	2
161604	10 Nov 25	17:28:00	1	0	55	0	Ct	0	0	6	2	4	3	8	2	0	3	0	1	2	4	2	3	0	4	4	2	3	0	0	3	4	3	3	3	4	2	4	2	4	2
161605	10 Nov 25	17:29:00	1	0	55	0	Ct	0	0	2	3	4	2	16	2	6	2	3	2	2	1	3	3	0	3	2	3	0	0	2	3	2	2	2	3	1	1	3	2	4	3
161606	10 Nov 25	17:30:00	1	0	55	0	Ct	0	0	4	1	3	2	7	2	2	4	3	1	2	3	2	5	0	4	1	4	0	0	2	2	4	4	1	2	1	1	2	5	5	3
161607	10 Nov 25	17:31:00	1	0	55	0	Ct	0	0	2	1	2	1	13	3	4	4	3	1	2	2	2	3	0	5	0	3	3	0	1	2	4	1	1	3	2	2	2	6	3	4
161608	10 Nov 25	17:32:00	1	0	55	0	Ct	0	0	1	1	5	4	8	5	2	3	4	2	2	7	3	4	0	5	1	4	1	0	1	3	2	3	4	3	5	3	4	3	2	1
161609	10 Nov 25	17:33:00	1	0	55	0	Ct	0	0	4	2	6	3	12	7	3	3	5	3	3	3	3	1	0	2	4	4	0	0	3	1	4	4	3	3	1	1	3	3	4	2
161610	10 Nov 25	17:34:00	1	0	55	0	Ct	0	0	1	1	4	1	3	4	3	2	4	2	1	5	2	5	1	3	2	3	0	0	1	2	3	2	3	3	3	2	2	1	0	2
161611	10 Nov 25	17:35:00	1	0	55	0	Ct	0	0	2	0	5	2	17	3	2	1	2	2	3	2	2	4	2	3	1	5	0	0	8	4	2	3	2	2	0	2	2	5	2	2
161612	10 Nov 25	17:36:00	1	0	55	0	Ct	0	0	3	1	3	1	4	5	1	2	2	1	3	3	4	4	2	4	2	2	0	0	4	4	4	2	2	3	1	1	4	0	3	2
161613	10 Nov 25	17:37:00	1	0	55	0	Ct	0	0	4	1	4	0	11	2	3	1	4	1	3	2	3	4	0	3	1	2	0	0	3	4	4	3	2	3	1	1	3	3	3	3
161614	10 Nov 25	17:38:00	1	0	55	0	Ct	0	0	2	1	4	1	10	5	1	3	2	0	0	3	1	5	2	4	2	2	1	0	1	4	3	1	2	1	2	3	3	3	2	3
161615	10 Nov 25	17:39:00	1	0	55	0	Ct	0	0	6	2	6	4	3	4	3	3	4	1	2	3	2	1	0	2	0	3	2	0	2	4	2	4	2	3	3	3	4	5	2	2
161616	10 Nov 25	17:40:00	1	0	55	0	Ct	0	0	3	1	4	1	16	3	0	2	4	2	2	3	2	3	10	2	2	4	1	0	4	1	3	2	2	3	2	1	3	4	1	1
161617	10 Nov 25	17:41:00	1	0	55	0	Ct	0	0	8	2	5	2	14	4	0	4	4	3	1	3	5	2	1	1	1	2	4	0	1	0	3	3	1	2	1	2	2	3	3	1
161618	10 Nov 25	17:42:00	1	0	55	0	Ct	0	0	5	1	1	3	7	3	3	6	2	2	1	2	3	2	3	3	2	2	1	0	2	2	3	2	2	3	2	2	4	2	3	2
161619	10 Nov 25	17:43:00	1	0	55	0	Ct	0	0	4	1	3	2	10	3	1	2	1	2	1	4	5	4	0	2	2	3	1	0	1	5	4	2	2	4	3	1	3	3	3	1
161620	10 Nov 25	17:44:00	1	0	55	0	Ct	0	0	3	3	5	2	4	1	2	5	3	2	2	4	4	3	0	2	1	2	2	0	6	3	2	3	3	3	5	2	3	0	4	2
161621	10 Nov 25	17:45:00	1	0	55	0	Ct	0	0	3	0	5	2	4	1	5	2	2	1	2	3	2	4	0	1	1	2	4	0	1	2	4	2	2	2	3	2	2	3	4	2
161622	10 Nov 25	17:46:00	1	0	55	0	Ct	0	0	1	1	6	6	9	3	3	4	2	1	3	4	2	5	0	2	2	3	3	0	2	3	3	3	2	3	2	1	2	4	3	1
161623	10 Nov 25	17:47:00	1	0	55	0	Ct	0	0	5	1	4	1	12	4	3	4	1	2	2	4	1	3	0	1	2	4	2	0	4	3	5	2	2	3	4	1	2	2	3	1
161624	10 Nov 25	17:48:00	1	0	55	0	Ct	0	0	4	2	6	2	21	2	2	2	1	2	1	3	3	0	3	2	1	3	2	0	2	2	2	3	3	1	3	1	2	2	2	2
161625	10 Nov 25	17:49:00	1	0	55	0	Ct	0	0	7	0	6	1	6	3	0	4	2	1	1	3	4	4	7	3	1	3	2	0	0	3	3	2	2	4	2	2	3	2	4	2
161626	10 Nov 25	17:50:00	1	0	55	0	Ct	0	0	1	1	6	2	6	2	2	0	1	2	1	3	3	1	1	2	1	2	1	0	2	3	3	3	1	3	3	2	2	3	1	2
161627	10 Nov 25	17:51:00	1	0	55	0	Ct	0	0	3	1	4	1	1	3	2	3	3	3	0	5	2	3	0	4	1	3	1	0	1	4	3	2	2	3	1	1	2	2	3	1
161628	10 Nov 25	17:52:00	1	0	55	0	Ct	0	0	4	1	5	3	6	3	2	7	2	3	3	2	0	2	1	5	3	2	1	0	4	2	1	4	2	1	2	1	3	5	4	2
161629	10 Nov 25	17:53:00	1	0	55	0	Ct	0	0	2	2	6	1	6	3	2	2	3	0	2	2	2	4	6	3	1	6	2	0	1	0	3	3	1	0	2	1	3	4	3	1
161630	10 Nov 25	17:54:00	1	0	55	0	Ct	0	0	1	2	5	3	4	3	0	4	2	3	2	3	2	4	4	1	1	4	1	0	5	1	2	4	3	2	2	2	4	3	2	3
161631	10 Nov 25	17:55:00	1	0	55	0	Ct	0	0	2	1	4	0	9	2	0	3	2	2	3	3	6	2	0	3	1	2	1	0	1	2	3	2	4	3	1	1	2	4	3	2
161632	10 Nov 25	17:56:00	1	0	55	0	Ct	0	0	5	0	4	1	6	3	0	3	2	1	1	2	3	4	0	2	1	2	0	0	2	1	2	5	2	3	1	2	2	6	2	2
161633	10 Nov 25	17:57:00	1	0	55	0	Ct	0	0	4	0	3	1	10	6	0	4	3	1	1	2	3	6	0	1	0	5	1	0	3	1	3	2	3	2	0	1	3	2	3	2
161634	10 Nov 25	17:58:00	1	0	55	0	Ct	0	0	3	1	5	2	3	2	0	4	0	2	2	3	1	8	2	2	2	2	0	0	2	3	3	3	2	3	0	2	3	3	3	1
161635	10 Nov 25	17:59:00	1	0	55	0	Ct	0	0	2	2	2	2	13	3	1	2	2	3	1	3	3	6	2	5	2	4	2	0	1	3	3	2	3	3	2	2	1	2	3	2
161636	10 Nov 25	18:00:00	1	0	55	0	Ct	0	0	2	1	5	1	3	3	3	1	1	2	4	3	1	2	2	3	2	1	2	0	1	2	3	4	2	3	2	1	4	3	4	3
161637	10 Nov 25	18:01:00	1	0	55	0	Ct	0	0	2	2	5	1	12	2	5	6	2	2	0	4	2	5	5	5	2	2	1	0	2	4	3	3	2	4	1	1	3	3	4	4
161638	10 Nov 25	18:02:00	1	0	55	0	Ct	0	0	3	1	6	1	11	3	2	3	2	3	2	2	4	2	0	4	1	3	3	0	1	2	2	4	3	3	0	0	4	2	2	4
161639	10 Nov 25	18:03:00	1	0	55	0	Ct	0	0	3	0	3	3	4	2	3	1	4	1	2	3	5	3	4	4	1	3	0	0	5	3	3	8	1	2	1	1	2	3	3	2
161640	10 Nov 25	18:04:00	1	0	55	0	Ct	0	0	1	1	4	2	21	3	3	4	2	1	1	2	3	5	5	2	2	2	0	0	3	4	3	3	1	1	0	4	3	5	3	2
161641	10 Nov 25	18:05:00	1	0	55	0	Ct	0	0	4	3	5	2	13	2	2	5	1	3	2	3	2	5	16	3	1	2	1	0	0	1	3	3	2	4	2	2	4	3	4	1
161642	10 Nov 25	18:06:00	1	0	55	0	Ct	0	0	4	2	5	2	28	2	0	8	3	2	2	3	1	4	2	2	1	2	4	0	2	1	3	2	2	3	3	0	4	4	4	1
161643	10 Nov 25	18:07:00	1	0	55	0	Ct	0	0	3	1	5	1	6	4	5	0	3	2	2	3	3	4	1	2	0	2	2	0	2	5	4	4	2	3	2	1	2	5	3	1
161644	10 Nov 25	18:08:00	1	0	55	0	Ct	0	0	2	1	4	2	17	3	1	5	1	2	2	6	5	3	1	4	2	3	1	0	3	2	3	3	2	2	2	1	2	2	4	2
161645	10 Nov 25	18:09:00	1	0	55	0	Ct	0	0	3	0	5	8	9	3	1	2	3	1	1	6	2	2	0	6	3	4	1	0	2	2	2	3	1	1	1	2	4	2	4	2
161646	10 Nov 25	18:10:00	1	0	55	0	Ct	0	0	2	1	3	2	5	3	4	3	2	2	1	3	2	2	3	2	2	3	0	0	1	2	3	3	7	3	4	2	3	3	3	2
161647	10 Nov 25	18:11:00	1	0	55	0	Ct	0	0	2	1	3	3	25	2	2	1	1	2	3	1	3	2	0	4	4	7	2	0	1	2	3	2	9	1	2	1	2	3	2	2
161648	10 Nov 25	18:12:00	1	0	55	0	Ct	0	0	2	1	2	3	11	3	7	2	1	1	3	2	1	0	7	2	1	2	1	0	1	3	3	4	5	1	1	3	4	4	3	3
161649	10 Nov 25	18:13:00	1	0	55	0	Ct	0	0	2	2	4	2	4	4	2	3	1	1	2	4	2	0	0	4	1	3	1	0	1	1	4	1	6	3	3	1	6	5	2	3
161650	10 Nov 25	18:14:00	1	0	55	0	Ct	0	0	3	2	5	3	22	1	2	3	1	1	0	4	2	5	0	1	1	3	1	0	1	2	2	4	3	3	3	2	4	2	4	2
161651	10 Nov 25	18:15:00	1	0	55	0	Ct	0	0	3	1	5	3	3	3	0	1	3	3	0	2	3	4	0	3	2	2	2	0	2	2	1	2	2	1	2	1	5	4	3	0
161652	10 Nov 25	18:16:00	1	0	55	0	Ct	0	0	1	1	5	2	13	5	3	2	9	2	1	4	5	5	2	4	1	3	1	0	1	2	4	4	1	2	1	1	2	6	4	2
161653	10 Nov 25	18:17:00	1	0	55	0	Ct	0	0	2	1	4	2	3	3	3	2	2	1	1	9	1	3	0	2	1	1	0	0	3	2	3	2	1	3	2	2	7	4	4	1
161654	10 Nov 25	18:18:00	1	0	55	0	Ct	0	0	3	4	4	1	10	2	2	3	1	1	0	4	2	5	1	4	1	3	2	0	1	1	3	2	1	2	1	1	5	4	3	2
161655	10 Nov 25	18:19:00	1	0	55	0	Ct	0	0	3	3	5	2	7	3	2	0	4	1	0	2	3	2	2	3	1	4	2	0	1	3	5	4	2	2	2	1	3	4	2	2
161656	10 Nov 25	18:20:00	1	0	55	0	Ct	0	0	3	1	5	2	13	3	5	2	3	1	0	3	2	4	4	2	1	2	1	0	2	4	3	3	2	1	1	2	2	5	2	2
161657	10 Nov 25	18:21:00	1	0	55	0	Ct	0	0	3	2	4	2	9	5	2	2	0	1	1	4	4	6	0	2	1	3	0	0	2	4	4	1	2	1	1	2	2	5	3	1
161658	10 Nov 25	18:22:00	1	0	55	0	Ct	0	0	2	4	4	2	9	4	3	3	2	1	0	2	2	3	1	3	0	2	0	0	2	3	1	2	2	2	0	0	5	4	3	2
161659	10 Nov 25	18:23:00	1	0	55	0	Ct	0	0	1	2	5	1	19	2	1	2	2	2	1	2	4	4	1	4	3	3	2	0	0	2	3	4	2	2	1	1	2	4	3	1
161660	10 Nov 25	18:24:00	1	0	55	0	Ct	0	0	2	1	4	2	7	3	2	1	0	2	2	3	4	3	0	3	1	2	1	0	2	4	4	4	3	2	0	3	3	4	2	2
161661	10 Nov 25	18:25:00	1	0	55	0	Ct	0	0	5	2	4	1	6	1	0	1	2	4	1	4	4	3	3	3	1	3	0	0	0	3	3	2	3	2	1	1	3	2	3	1
161662	10 Nov 25	18:26:00	1	0	55	0	Ct	0	0	2	2	3	1	8	3	2	4	2	3	2	1	0	4	0	2	2	3	4	0	1	1	3	5	2	2	2	1	3	2	3	2
161663	10 Nov 25	18:27:00	1	0	55	0	Ct	0	0	3	0	5	2	7	4	0	3	3	6	7	5	1	2	0	3	2	3	0	0	1	3	2	4	2	1	2	2	3	2	3	2
161664	10 Nov 25	18:28:00	1	0	55	0	Ct	0	0	2	0	4	1	19	2	0	3	4	2	6	2	1	5	2	5	2	2	1	0	2	2	4	3	1	2	1	1	3	3	5	2
161665	10 Nov 25	18:29:00	1	0	55	0	Ct	0	0	2	2	3	0	10	4	3	3	2	2	2	2	3	0	0	3	2	3	2	0	1	2	4	3	3	3	2	2	4	2	4	2
161666	10 Nov 25	18:30:00	1	0	55	0	Ct	0	0	2	1	5	3	6	5	0	3	0	2	1	3	3	0	26	5	2	2	0	0	0	1	2	1	3	1	2	2	6	3	3	1
161667	10 Nov 25	18:31:00	1	0	55	0	Ct	0	0	8	0	6	2	6	3	2	1	4	2	1	4	1	7	9	3	2	5	0	0	0	4	3	3	2	2	2	1	4	5	1	2
161668	10 Nov 25	18:32:00	1	0	55	0	Ct	0	0	5	2	5	1	5	3	0	3	3	1	2	5	3	2	9	4	1	2	2	0	2	1	3	2	5	3	3	2	2	0	3	2
161669	10 Nov 25	18:33:00	1	0	55	0	Ct	0	0	3	0	4	1	6	2	2	1	3	1	3	2	3	2	7	3	1	3	1	0	1	2	3	4	3	3	2	1	4	0	3	2
161670	10 Nov 25	18:34:00	1	0	55	0	Ct	0	0	2	2	5	1	8	3	0	0	2	3	2	3	1	4	0	0	2	2	1	0	2	2	6	3	2	2	2	1	3	2	3	1
161671	10 Nov 25	18:35:00	1	0	55	0	Ct	0	0	1	1	4	2	7	3	3	3	1	1	3	3	3	4	0	1	1	2	2	0	2	2	2	4	2	3	1	3	2	2	5	3
161672	10 Nov 25	18:36:00	1	0	55	0	Ct	0	0	4	2	5	1	3	3	0	2	2	3	0	2	1	2	1	4	1	3	3	0	1	2	3	3	3	1	2	2	4	2	5	0
161673	10 Nov 25	18:37:00	1	0	55	0	Ct	0	0	3	0	4	1	9	2	0	5	2	2	0	2	2	2	0	2	2	2	0	0	4	1	3	2	1	1	1	5	4	4	3	2
161674	10 Nov 25	18:38:00	1	0	55	0	Ct	0	0	4	5	7	2	4	3	0	6	2	1	1	1	3	8	10	3	1	1	0	0	2	2	3	2	2	1	1	1	3	3	3	3
161675	10 Nov 25	18:39:00	1	0	55	0	Ct	0	0	2	1	4	1	9	5	0	0	2	1	1	5	2	2	1	4	1	4	2	0	1	1	3	2	1	1	0	1	2	4	2	4
161676	10 Nov 25	18:40:00	1	0	55	0	Ct	0	0	2	0	5	0	6	2	0	0	3	1	1	4	5	4	2	3	0	4	0	0	1	1	4	4	2	0	1	1	3	3	3	3
161677	10 Nov 25	18:41:00	1	0	55	0	Ct	0	0	2	1	5	5	9	3	0	21	2	3	1	2	2	6	3	4	1	2	2	0	1	4	4	3	2	0	4	2	3	4	1	3
161678	10 Nov 25	18:42:00	1	0	55	0	Ct	0	0	2	0	3	1	17	4	0	16	2	1	3	5	5	4	0	3	1	3	2	0	3	2	4	1	2	1	3	1	2	1	5	3
161679	10 Nov 25	18:43:00	1	0	55	0	Ct	0	0	3	1	5	1	13	3	0	8	2	2	1	4	3	2	4	1	3	1	0	0	0	3	3	4	4	0	2	2	3	4	3	2
161680	10 Nov 25	18:44:00	1	0	55	0	Ct	0	0	9	2	3	1	12	2	2	5	3	2	4	3	4	0	20	2	1	2	3	0	3	0	3	4	1	3	1	1	3	1	5	4
161681	10 Nov 25	18:45:00	1	0	55	0	Ct	0	0	5	1	3	1	17	1	0	4	1	1	2	3	6	3	10	2	2	2	0	0	1	3	3	6	2	2	1	1	3	5	5	3
161682	10 Nov 25	18:46:00	1	0	55	0	Ct	0	0	4	1	6	3	11	3	0	3	3	4	0	3	5	4	3	1	0	3	1	0	1	2	3	2	1	3	2	1	2	3	5	1
161683	10 Nov 25	18:47:00	1	0	55	0	Ct	0	0	5	0	4	4	6	2	0	4	3	2	2	2	2	3	0	4	2	3	2	0	3	1	1	2	3	4	2	1	1	7	4	3
161684	10 Nov 25	18:48:00	1	0	55	0	Ct	0	0	4	2	4	2	3	4	0	5	2	2	1	2	5	3	0	5	1	2	1	0	2	2	3	2	3	2	4	1	4	3	5	2
161685	10 Nov 25	18:49:00	1	0	55	0	Ct	0	0	3	0	4	1	13	2	0	1	3	2	1	2	4	5	1	4	1	4	4	0	5	1	2	2	3	5	6	0	4	4	3	2
161686	10 Nov 25	18:50:00	1	0	55	0	Ct	0	0	4	1	5	2	13	3	0	0	3	3	1	1	4	4	2	3	1	2	1	0	2	1	4	5	3	1	7	2	7	4	1	1
161687	10 Nov 25	18:51:00	1	0	55	0	Ct	0	0	5	1	4	2	7	3	0	1	4	2	1	6	2	2	19	3	3	3	2	0	3	2	5	3	2	3	4	1	1	5	0	1
161688	10 Nov 25	18:52:00	1	0	55	0	Ct	0	0	2	1	4	1	3	1	0	4	0	1	0	3	2	3	0	5	0	4	0	0	1	2	3	4	3	2	3	2	2	3	3	2
161689	10 Nov 25	18:53:00	1	0	55	0	Ct	0	0	1	1	4	2	11	2	0	3	3	3	1	3	1	3	0	5	4	1	1	0	2	3	3	3	2	2	5	1	2	2	2	2
161690	10 Nov 25	18:54:00	1	0	55	0	Ct	0	0	2	1	5	1	13	2	0	3	3	4	1	4	3	3	0	3	4	5	2	0	4	2	2	4	2	3	2	1	4	4	5	2
161691	10 Nov 25	18:55:00	1	0	55	0	Ct	0	0	3	2	7	0	11	2	0	2	4	1	1	3	4	4	0	3	4	2	1	0	2	2	2	2	1	1	2	1	2	4	3	3
161692	10 Nov 25	18:56:00	1	0	55	0	Ct	0	0	6	1	7	0	9	2	0	3	2	2	1	0	3	4	0	4	4	2	0	0	3	1	4	5	2	3	3	2	2	4	4	1
161693	10 Nov 25	18:57:00	1	0	55	0	Ct	0	0	4	2	5	3	11	2	0	2	1	1	3	3	4	5	0	3	2	3	1	0	2	0	4	7	3	2	1	1	6	2	4	3
161694	10 Nov 25	18:58:00	1	0	55	0	Ct	0	0	3	1	5	2	16	4	0	6	3	2	2	4	1	4	0	1	5	3	2	0	3	2	3	3	2	2	0	1	4	3	4	2
161695	10 Nov 25	18:59:00	1	0	55	0	Ct	0	0	1	1	5	2	9	2	0	5	2	2	2	1	2	5	0	1	2	3	0	0	1	3	4	4	2	3	2	1	3	2	2	2
161696	10 Nov 25	19:00:00	1	0	55	0	Ct	0	0	1	1	6	1	4	3	0	1	2	3	2	2	4	6	0	0	3	3	1	0	1	2	4	3	3	4	2	2	3	1	3	1
161697	10 Nov 25	19:01:00	1	0	55	0	Ct	0	0	3	2	4	3	12	3	0	3	1	2	3	3	2	4	0	1	2	3	2	0	3	1	3	3	2	3	0	1	1	3	5	1
161698	10 Nov 25	19:02:00	1	0	55	0	Ct	0	0	3	2	5	3	17	1	0	3	3	1	3	6	2	6	0	5	1	1	5	0	1	2	3	5	3	2	2	2	3	5	6	2
161699	10 Nov 25	19:03:00	1	0	55	0	Ct	0	0	8	2	5	2	10	2	0	2	1	3	3	3	3	4	0	2	2	1	3	0	3	3	3	4	3	1	2	2	3	5	4	2
161700	10 Nov 25	19:04:00	1	0	55	0	Ct	0	0	2	1	4	2	7	2	0	2	3	4	4	2	4	2	0	4	0	2	12	0	3	2	4	2	2	2	1	2	2	6	4	3
161701	10 Nov 25	19:05:00	1	0	55	0	Ct	0	0	3	1	4	2	3	4	0	1	3	2	1	3	4	4	1	3	2	5	2	0	2	3	3	2	2	3	4	1	2	3	3	1
161702	10 Nov 25	19:06:00	1	0	55	0	Ct	0	0	2	0	5	0	8	3	0	2	2	4	3	2	4	3	1	7	2	5	3	0	3	4	4	3	2	3	5	2	3	3	7	3
161703	10 Nov 25	19:07:00	1	0	55	0	Ct	0	0	1	2	3	1	10	4	0	4	1	2	1	3	3	10	8	3	2	2	0	0	2	1	2	3	2	3	2	2	3	3	3	3
161704	10 Nov 25	19:08:00	1	0	55	0	Ct	0	0	2	0	5	1	5	3	0	1	4	2	2	5	3	1	0	5	0	2	0	0	3	0	4	2	3	2	3	1	4	3	5	1
161705	10 Nov 25	19:09:00	1	0	55	0	Ct	0	0	4	2	4	3	19	4	0	1	6	2	1	3	3	1	9	4	2	2	0	0	2	2	4	4	2	3	2	4	3	3	4	2
161706	10 Nov 25	19:10:00	1	0	55	0	Ct	0	0	3	1	6	1	5	2	2	2	5	4	1	1	3	4	0	0	2	3	3	0	2	1	3	3	2	3	2	3	2	2	4	1
161707	10 Nov 25	19:11:00	1	0	55	0	Ct	0	0	3	1	4	2	8	2	2	2	4	0	2	1	2	4	0	2	2	3	2	0	4	1	3	5	2	3	1	1	2	2	3	2
161708	10 Nov 25	19:12:00	1	0	55	0	Ct	0	0	1	2	3	0	4	4	0	0	2	2	1	3	2	3	0	3	2	2	3	0	10	2	3	4	2	2	1	1	3	1	5	2
161709	10 Nov 25	19:13:00	1	0	55	0	Ct	0	0	5	1	6	1	17	2	1	1	2	2	0	6	2	0	0	4	2	3	0	0	2	2	2	3	3	2	1	2	4	4	4	1
161710	10 Nov 25	19:14:00	1	0	55	0	Ct	0	0	3	4	5	2	11	3	1	2	2	3	3	2	4	4	0	6	3	3	3	0	1	5	3	4	2	3	0	1	3	2	5	2
161711	10 Nov 25	19:15:00	1	0	55	0	Ct	0	0	3	4	3	1	4	4	0	2	4	2	2	2	2	4	0	4	2	2	0	0	1	2	4	3	2	3	2	1	1	3	4	2
161712	10 Nov 25	19:16:00	1	0	55	0	Ct	0	0	2	4	6	3	7	2	4	2	3	5	0	4	3	5	0	6	2	3	3	0	1	2	4	3	3	3	2	3	4	4	4	1
161713	10 Nov 25	19:17:00	1	0	55	0	Ct	0	0	2	2	6	2	11	2	0	2	3	4	3	2	2	5	0	3	2	3	1	0	0	2	4	7	3	3	2	1	1	5	3	1
161714	10 Nov 25	19:18:00	1	0	55	0	Ct	0	0	2	3	6	1	6	3	0	2	2	1	0	3	4	3	0	2	2	3	1	0	2	2	3	1	2	3	3	2	4	3	4	2
161715	10 Nov 25	19:19:00	1	0	55	0	Ct	0	0	4	3	2	1	5	2	0	2	3	1	1	4	3	3	0	2	4	4	3	0	3	3	4	5	4	4	2	1	5	3	3	1
161716	10 Nov 25	19:20:00	1	0	55	0	Ct	0	0	5	2	6	1	9	3	0	2	2	5	1	4	2	2	0	5	2	2	0	0	0	2	3	4	3	5	3	2	3	2	5	2
161717	10 Nov 25	19:21:00	1	0	55	0	Ct	0	0	3	1	5	2	13	1	0	4	1	1	1	3	7	2	0	1	2	3	2	0	1	2	3	2	2	3	2	2	4	4	5	1
161718	10 Nov 25	19:22:00	1	0	55	0	Ct	0	0	2	2	5	1	21	3	0	5	3	2	2	3	3	2	0	2	2	2	0	0	1	2	3	3	3	1	2	1	2	3	6	2
161719	10 Nov 25	19:23:00	1	0	55	0	Ct	0	0	2	2	6	1	6	3	0	4	2	3	1	3	3	1	0	4	1	3	2	0	3	2	3	2	3	4	0	1	2	2	4	2
161720	10 Nov 25	19:24:00	1	0	55	0	Ct	0	0	3	2	3	1	9	3	0	2	3	2	2	4	3	3	4	5	2	2	1	0	1	2	3	4	3	1	1	3	7	4	4	2
161721	10 Nov 25	19:25:00	1	0	55	0	Ct	0	0	1	2	6	5	7	3	0	3	3	2	1	2	3	6	1	2	3	5	2	0	2	2	4	4	3	1	3	1	4	2	4	2
161722	10 Nov 25	19:26:00	1	0	55	0	Ct	0	0	1	0	4	1	7	4	0	0	3	1	1	3	3	8	1	1	3	3	2	0	1	3	3	3	2	1	7	2	8	2	3	3
161723	10 Nov 25	19:27:00	1	0	55	0	Ct	0	0	4	2	5	2	15	2	0	3	4	3	0	5	4	5	7	4	2	2	1	0	2	3	4	4	2	3	3	4	8	4	3	2
161724	10 Nov 25	19:28:00	1	0	55	0	Ct	0	0	4	0	4	2	13	2	0	3	3	1	1	2	3	5	0	5	2	3	2	0	3	4	3	3	2	2	4	1	5	4	5	2
161725	10 Nov 25	19:29:00	1	0	55	0	Ct	0	0	3	1	3	2	9	3	0	2	1	3	1	4	2	2	0	4	1	3	1	0	1	4	2	2	4	2	3	2	5	1	4	3
161726	10 Nov 25	19:30:00	1	0	55	0	Ct	0	0	3	1	5	3	9	3	2	2	2	3	2	3	3	2	0	4	1	3	1	0	1	4	3	4	3	3	2	0	3	4	5	3
161727	10 Nov 25	19:31:00	1	0	55	0	Ct	0	0	1	1	5	3	8	3	0	4	3	4	2	1	3	4	8	2	1	4	1	0	1	4	4	4	2	2	1	2	4	3	5	2
161728	10 Nov 25	19:32:00	1	0	55	0	Ct	0	0	2	1	5	3	15	3	0	2	1	3	1	3	2	2	0	5	2	3	2	0	7	4	4	4	1	1	4	0	2	2	4	3
161729	10 Nov 25	19:33:00	1	0	55	0	Ct	0	0	10	0	6	2	7	3	0	1	1	2	0	3	4	4	1	3	2	3	1	0	2	5	5	4	3	3	3	1	3	2	4	2
161730	10 Nov 25	19:34:00	1	0	55	0	Ct	0	0	3	2	4	1	10	3	0	1	2	3	3	5	1	3	1	4	2	5	2	0	1	2	3	4	3	2	2	2	4	2	2	2
161731	10 Nov 25	19:35:00	1	0	55	0	Ct	0	0	5	0	4	1	12	3	0	1	3	3	2	3	4	4	1	3	2	3	1	0	2	2	4	3	2	3	2	1	3	3	3	2
161732	10 Nov 25	19:36:00	1	0	55	0	Ct	0	0	3	2	5	3	20	3	0	1	3	0	0	2	3	3	2	5	2	2	0	0	3	3	3	3	3	1	1	2	4	5	2	2
161733	10 Nov 25	19:37:00	1	0	55	0	Ct	0	0	2	3	5	1	14	4	0	2	10	2	1	1	3	2	0	3	2	4	1	0	4	4	3	6	3	3	4	1	3	5	6	3
161734	10 Nov 25	19:38:00	1	0	55	0	Ct	0	0	3	2	4	1	6	2	0	3	5	3	2	6	3	1	2	4	1	3	2	0	1	1	2	4	2	4	4	1	5	5	3	2
161735	10 Nov 25	19:39:00	1	0	55	0	Ct	0	0	2	0	4	1	9	4	0	3	2	4	1	4	1	0	1	0	6	2	1	0	2	3	3	5	3	3	2	2	3	6	3	1
161736	10 Nov 25	19:40:00	1	0	55	0	Ct	0	0	3	2	6	1	10	2	0	2	4	2	2	1	4	0	1	1	7	4	1	0	0	2	4	3	3	2	2	1	4	4	5	4
161737	10 Nov 25	19:41:00	1	0	55	0	Ct	0	0	4	2	4	0	5	3	0	2	0	2	0	3	3	2	1	0	2	3	1	0	2	4	6	3	2	3	1	1	4	3	4	4
161738	10 Nov 25	19:42:00	1	0	55	0	Ct	0	0	4	2	5	3	19	4	0	2	3	4	0	1	4	3	0	3	2	2	0	0	0	2	4	2	2	1	1	2	1	2	4	2
161739	10 Nov 25	19:43:00	1	0	55	0	Ct	0	0	2	3	6	1	3	3	0	2	3	3	1	0	2	3	3	5	2	3	3	0	1	2	4	4	3	4	4	2	4	3	6	2
161740	10 Nov 25	19:44:00	1	0	55	0	Ct	0	0	4	1	5	2	8	3	0	2	3	3	2	3	2	6	8	3	2	1	1	0	1	3	5	4	3	2	4	2	4	2	6	3
161741	10 Nov 25	19:45:00	1	0	55	0	Ct	0	0	3	0	5	1	10	0	0	3	2	1	0	3	2	5	4	5	1	2	1	0	2	1	3	4	2	2	3	4	4	1	5	2
161742	10 Nov 25	19:46:00	1	0	55	0	Ct	0	0	4	0	2	4	15	3	0	3	2	1	1	3	1	3	3	6	2	5	1	0	0	2	4	5	4	2	4	2	3	5	5	3
161743	10 Nov 25	19:47:00	1	0	55	0	Ct	0	0	1	2	5	1	5	4	0	2	3	3	2	1	5	1	0	4	3	3	2	0	3	3	2	3	4	2	2	0	4	2	4	4
161744	10 Nov 25	19:48:00	1	0	55	0	Ct	0	0	3	2	7	2	6	4	0	3	5	2	2	3	1	3	1	3	2	2	2	0	0	0	4	2	3	1	3	3	3	5	4	3
161745	10 Nov 25	19:49:00	1	0	55	0	Ct	0	0	3	1	4	2	17	4	0	4	1	2	3	3	1	1	1	4	1	3	1	0	1	2	3	4	3	1	5	2	4	3	4	3
161746	10 Nov 25	19:50:00	1	0	55	0	Ct	0	0	4	4	5	1	16	3	0	0	4	2	2	2	5	4	0	4	2	2	1	0	1	2	3	4	2	1	1	0	5	3	4	3
161747	10 Nov 25	19:51:00	1	0	55	0	Ct	0	0	2	1	4	2	8	4	0	1	3	2	1	3	3	2	9	5	2	2	1	0	2	2	2	3	3	2	2	2	2	4	11	3
161748	10 Nov 25	19:52:00	1	0	55	0	Ct	0	0	3	1	5	1	32	3	0	2	2	1	1	2	2	2	2	3	2	2	1	0	1	1	4	5	2	1	1	4	4	2	5	4
161749	10 Nov 25	19:53:00	1	0	55	0	Ct	0	0	3	2	5	2	9	3	0	4	4	2	2	3	4	3	2	6	2	3	0	0	1	2	4	3	2	1	1	3	4	3	4	3
161750	10 Nov 25	19:54:00	1	0	55	0	Ct	0	0	2	2	4	2	9	3	0	3	3	0	0	2	3	2	0	5	2	2	0	0	1	2	3	3	4	5	2	3	3	4	6	3
161751	10 Nov 25	19:55:00	1	0	55	0	Ct	0	0	3	2	5	2	14	2	0	4	3	3	2	4	3	2	1	7	5	1	1	0	0	3	5	3	2	6	4	3	4	4	4	2
161752	10 Nov 25	19:56:00	1	0	55	0	Ct	0	0	2	2	4	0	2	3	0	7	1	2	2	1	2	5	0	6	1	3	2	0	2	2	4	2	1	3	1	1	3	4	3	3
161753	10 Nov 25	19:57:00	1	0	55	0	Ct	0	0	2	0	2	1	15	1	0	1	2	3	0	1	1	3	0	4	1	2	0	0	1	2	4	3	4	4	1	3	4	4	4	4
161754	10 Nov 25	19:58:00	1	0	55	0	Ct	0	0	4	1	5	1	9	3	2	3	3	2	1	3	3	3	0	5	2	4	2	0	1	2	4	4	3	3	0	3	5	3	6	4
161755	10 Nov 25	19:59:00	1	0	55	0	Ct	0	0	2	2	4	0	13	2	0	3	3	0	3	3	12	2	1	5	3	2	0	0	0	3	5	1	2	2	3	2	3	4	4	4
161756	10 Nov 25	20:00:00	1	0	55	0	Ct	0	0	3	1	4	0	10	2	0	5	4	2	1	3	5	2	1	4	2	3	1	0	2	2	5	4	2	1	2	2	3	4	4	3
161757	10 Nov 25	20:01:00	1	0	55	0	Ct	0	0	2	2	2	0	5	2	0	1	3	2	3	5	2	11	0	3	3	3	1	0	1	1	5	4	2	2	2	3	2	4	4	4
161758	10 Nov 25	20:02:00	1	0	55	0	Ct	0	0	2	1	4	2	18	1	0	4	3	4	1	4	4	2	0	4	2	3	0	0	1	3	3	5	2	3	2	3	1	4	7	2
161759	10 Nov 25	20:03:00	1	0	55	0	Ct	0	0	4	1	4	0	12	3	0	3	6	2	2	0	2	3	0	4	3	3	1	0	2	3	4	3	2	2	2	2	4	7	5	4
161760	10 Nov 25	20:04:00	1	0	55	0	Ct	0	0	1	1	6	0	16	3	0	0	3	4	2	4	5	2	0	5	3	1	1	0	3	3	4	3	3	2	2	1	4	3	2	2
161761	10 Nov 25	20:05:00	1	0	55	0	Ct	0	0	3	2	5	1	6	2	0	1	1	6	1	2	3	8	1	4	2	4	1	0	6	1	3	2	4	3	2	2	4	3	5	3
161762	10 Nov 25	20:06:00	1	0	55	0	Ct	0	0	3	0	5	3	17	2	0	5	4	6	2	3	0	5	0	2	2	4	1	0	5	3	4	3	3	2	2	4	4	4	4	3
161763	10 Nov 25	20:07:00	1	0	55	0	Ct	0	0	3	1	5	1	13	4	0	1	4	4	2	3	2	4	10	3	2	3	1	0	1	2	3	2	3	1	2	2	6	2	3	2
161764	10 Nov 25	20:08:00	1	0	55	0	Ct	0	0	4	2	4	4	2	4	0	3	2	3	2	2	1	3	1	5	1	4	1	0	4	4	4	3	3	2	1	2	5	2	1	3
161765	10 Nov 25	20:09:00	1	0	55	0	Ct	0	0	3	3	4	2	5	3	0	3	4	2	1	2	3	2	0	3	1	3	0	0	2	3	4	6	2	4	1	1	3	2	5	3
161766	10 Nov 25	20:10:00	1	0	55	0	Ct	0	0	3	2	6	2	4	3	0	2	2	3	1	2	3	4	0	5	2	3	1	0	0	3	4	3	3	2	1	2	5	5	2	2
161767	10 Nov 25	20:11:00	1	0	55	0	Ct	0	0	2	1	4	1	13	2	0	6	2	1	1	1	1	2	0	3	2	2	0	0	0	5	4	4	2	1	2	2	3	5	1	3
161768	10 Nov 25	20:12:00	1	0	55	0	Ct	0	0	3	1	5	0	12	4	0	5	1	3	2	4	0	4	2	3	1	3	3	0	3	4	1	2	2	1	5	2	3	2	5	3
161769	10 Nov 25	20:13:00	1	0	55	0	Ct	0	0	2	2	3	0	28	4	0	5	2	4	1	4	4	2	0	3	2	1	0	0	0	1	5	6	2	2	1	2	7	2	4	2
161770	10 Nov 25	20:14:00	1	0	55	0	Ct	0	0	3	1	4	0	7	3	0	4	3	2	2	3	2	4	0	4	2	2	0	0	3	3	2	4	0	3	3	4	5	3	4	4
161771	10 Nov 25	20:15:00	1	0	55	0	Ct	0	0	2	1	5	0	3	2	0	2	1	0	1	1	2	7	0	3	2	3	2	0	2	5	5	5	1	3	2	2	4	6	3	3
161772	10 Nov 25	20:16:00	1	0	55	0	Ct	0	0	2	1	3	0	9	3	0	4	2	3	2	3	3	6	15	2	3	1	1	0	1	3	4	4	1	3	4	3	3	4	5	5
161773	10 Nov 25	20:17:00	1	0	55	0	Ct	0	0	3	0	5	0	9	3	0	4	3	2	3	3	3	4	11	3	2	3	0	0	1	3	3	4	3	2	4	1	3	3	4	3
161774	10 Nov 25	20:18:00	1	0	55	0	Ct	0	0	6	2	3	0	7	2	0	2	2	0	2	3	4	2	10	3	4	2	0	0	3	4	3	3	3	1	5	0	2	5	6	3
161775	10 Nov 25	20:19:00	1	0	55	0	Ct	0	0	6	1	4	0	9	4	0	4	2	0	1	4	0	5	1	3	2	3	1	0	1	3	3	2	1	2	4	0	9	4	5	5
161776	10 Nov 25	20:20:00	1	0	55	0	Ct	0	0	4	3	6	0	4	2	0	3	1	0	1	2	1	6	0	4	3	2	0	0	1	4	3	2	2	0	2	2	3	3	3	3
161777	10 Nov 25	20:21:00	1	0	55	0	Ct	0	0	6	1	7	0	13	0	0	2	2	0	1	3	4	3	0	7	1	2	0	0	3	2	3	2	2	2	2	3	3	2	5	3
161778	10 Nov 25	20:22:00	1	0	55	0	Ct	0	0	5	1	4	0	6	1	0	1	1	2	0	0	0	4	7	5	1	3	1	0	9	3	2	4	2	2	2	2	3	5	2	3
161779	10 Nov 25	20:23:00	1	0	55	0	Ct	0	0	3	3	5	0	11	2	0	1	2	1	3	0	0	4	6	5	2	3	1	0	5	2	4	3	4	3	3	2	4	3	4	2
161780	10 Nov 25	20:24:00	1	0	55	0	Ct	0	0	4	0	5	0	16	5	0	2	2	4	1	0	2	2	10	5	0	3	0	0	3	3	2	2	2	0	0	3	4	3	6	4
161781	10 Nov 25	20:25:00	1	0	55	0	Ct	0	0	3	1	3	0	4	3	0	3	2	0	1	0	2	4	0	7	3	3	0	0	3	2	3	2	2	2	2	1	2	4	5	2
161782	10 Nov 25	20:26:00	1	0	55	0	Ct	0	0	4	0	6	0	10	2	0	3	3	1	2	0	0	0	0	5	1	2	0	0	2	1	3	3	3	2	4	0	5	6	6	4
161783	10 Nov 25	20:27:00	1	0	55	0	Ct	0	0	4	0	5	0	4	3	0	1	1	2	1	1	2	4	0	4	2	2	0	0	0	0	4	3	2	2	0	1	3	1	3	4
161784	10 Nov 25	20:28:00	1	0	55	0	Ct	0	0	3	1	5	0	6	4	0	5	3	1	3	3	4	0	0	5	3	3	0	0	2	1	4	4	2	1	2	4	4	2	5	2
161785	10 Nov 25	20:29:00	1	0	55	0	Ct	0	0	3	0	5	0	11	4	0	4	2	2	1	1	4	1	0	2	1	3	0	0	0	3	2	2	2	2	3	3	2	3	4	4
161786	10 Nov 25	20:30:00	1	0	55	0	Ct	0	0	4	0	3	0	13	3	0	3	1	2	1	3	7	12	0	3	4	3	0	0	2	1	5	5	2	3	1	3	4	3	2	4
161787	10 Nov 25	20:31:00	1	0	55	0	Ct	0	0	3	1	4	0	8	1	0	2	1	0	1	1	2	1	0	4	4	2	0	0	2	1	4	1	3	2	4	0	3	4	2	2
161788	10 Nov 25	20:32:00	1	0	55	0	Ct	0	0	1	3	4	0	13	3	0	2	3	0	1	1	6	4	0	4	1	2	0	0	2	3	3	4	1	3	0	0	3	4	4	3
161789	10 Nov 25	20:33:00	1	0	55	0	Ct	0	0	3	1	7	0	5	2	0	3	1	0	1	0	5	2	0	3	3	0	0	0	0	4	4	3	1	0	1	2	2	4	4	2
161790	10 Nov 25	20:34:00	1	0	55	0	Ct	0	0	4	2	5	0	4	2	0	1	0	0	1	0	1	2	0	4	2	1	1	0	3	2	1	2	2	0	2	2	2	2	7	4
161791	10 Nov 25	20:35:00	1	0	55	0	Ct	0	0	3	1	3	0	16	3	0	0	2	0	3	0	1	4	0	2	2	2	1	0	2	2	2	2	1	0	4	2	3	2	3	3
161792	10 Nov 25	20:36:00	1	0	55	0	Ct	0	0	2	1	7	0	7	2	0	2	0	0	2	0	3	2	0	2	2	2	12	0	4	3	4	1	3	0	3	0	3	5	4	3
161793	10 Nov 25	20:37:00	1	0	55	0	Ct	0	0	2	1	4	0	11	1	0	2	1	0	2	0	2	3	4	3	0	0	1	0	1	3	2	5	2	0	2	1	5	2	4	3
161794	10 Nov 25	20:38:00	1	0	55	0	Ct	0	0	2	2	5	0	10	0	0	1	1	0	0	0	1	3	1	2	2	1	0	0	2	3	3	2	1	0	2	1	3	4	5	3
161795	10 Nov 25	20:39:00	1	0	55	0	Ct	0	0	3	1	0	0	11	0	0	11	0	0	0	0	4	3	0	6	2	2	0	0	0	0	3	2	1	0	3	1	6	4	5	3
161796	10 Nov 25	20:40:00	1	0	55	0	Ct	0	0	1	4	0	0	6	2	0	0	0	0	1	0	1	2	16	3	1	3	0	0	1	0	4	2	1	1	2	2	6	3	7	4
161797	10 Nov 25	20:41:00	1	0	55	0	Ct	0	0	1	0	2	0	18	2	0	1	0	0	2	0	2	3	0	2	2	3	0	0	2	5	3	3	0	0	1	1	3	2	5	3
161798	10 Nov 25	20:42:00	1	0	55	0	Ct	0	0	3	1	3	0	24	0	0	0	0	0	1	0	0	5	0	3	1	4	0	0	1	4	4	3	3	0	2	2	3	3	6	1
161799	10 Nov 25	20:43:00	1	0	55	0	Ct	0	0	3	1	3	0	0	4	0	0	0	0	1	0	0	5	0	2	1	2	0	0	1	2	3	1	1	0	6	0	5	5	4	4
161800	10 Nov 25	20:44:00	1	0	55	0	Ct	0	0	4	0	3	0	6	2	0	4	0	0	1	0	3	6	0	2	1	2	0	0	2	5	3	1	1	0	9	2	17	3	4	1
161801	10 Nov 25	20:45:00	1	0	55	0	Ct	0	0	3	2	1	0	5	2	0	3	0	0	0	0	4	6	0	2	2	3	0	0	0	6	2	2	1	0	6	0	4	1	4	2
161802	10 Nov 25	20:46:00	1	0	55	0	Ct	0	0	2	2	4	0	6	2	0	6	0	0	2	0	0	2	0	1	1	2	0	0	3	2	4	2	1	0	2	0	4	3	5	2
161803	10 Nov 25	20:47:00	1	0	55	0	Ct	0	0	3	2	4	0	14	0	0	8	2	0	1	0	2	3	0	0	1	2	0	0	1	4	3	3	0	0	8	0	3	4	3	3
161804	10 Nov 25	20:48:00	1	0	55	0	Ct	0	0	2	1	4	0	8	1	0	1	0	0	1	0	0	5	0	1	2	2	0	0	0	2	4	1	2	0	4	0	3	4	8	3
161805	10 Nov 25	20:49:00	1	0	55	0	Ct	0	0	4	1	4	0	11	2	0	4	0	0	1	0	5	3	2	0	1	2	0	0	5	3	4	3	0	0	2	0	1	3	5	3
161806	10 Nov 25	20:50:00	1	0	55	0	Ct	0	0	3	1	3	0	7	3	0	5	0	0	2	0	0	1	2	3	1	1	0	0	0	2	2	5	2	0	3	0	7	3	5	1
161807	10 Nov 25	20:51:00	1	0	55	0	Ct	0	0	3	2	3	0	13	0	0	2	0	0	0	0	0	2	10	1	2	3	0	0	0	2	2	3	0	0	4	0	3	2	5	2
161808	10 Nov 25	20:52:00	1	0	55	0	Ct	0	0	3	0	4	0	2	0	0	2	0	0	0	0	0	2	3	0	0	1	0	0	0	3	3	4	0	0	4	0	3	3	3	2
161809	10 Nov 25	20:53:00	1	0	55	0	Ct	0	0	5	2	4	0	1	2	0	2	0	0	0	0	0	2	4	3	1	3	0	0	0	2	2	3	0	0	2	0	1	2	5	3
161810	10 Nov 25	20:54:00	1	0	55	0	Ct	0	0	6	2	4	0	15	0	0	2	0	0	0	0	0	4	2	3	6	2	0	0	2	0	2	4	0	0	1	0	4	4	3	4
161811	10 Nov 25	20:55:00	1	0	55	0	Ct	0	0	5	2	5	0	9	0	0	4	0	0	0	0	0	3	6	1	1	2	0	0	0	0	3	2	0	0	4	0	3	6	4	2
161812	10 Nov 25	20:56:00	1	0	55	0	Ct	0	0	4	2	5	0	0	0	0	3	0	0	0	0	0	4	0	1	2	1	0	0	0	2	1	0	2	0	2	0	8	4	6	3
161813	10 Nov 25	20:57:00	1	0	55	0	Ct	0	0	4	1	3	0	0	2	0	3	0	0	0	0	2	4	4	5	1	2	2	0	2	3	3	0	1	0	3	0	4	4	4	3
161814	10 Nov 25	20:58:00	1	0	55	0	Ct	0	0	3	6	5	0	0	1	0	2	0	0	0	0	0	2	1	1	1	2	1	0	0	1	2	2	5	0	0	0	2	3	4	2
161815	10 Nov 25	20:59:00	1	0	55	0	Ct	0	0	4	0	4	0	7	3	0	2	0	0	0	0	0	4	2	4	2	2	0	0	0	4	2	3	0	0	4	0	3	6	5	4
161816	10 Nov 25	21:00:00	1	0	55	0	Ct	0	0	2	2	2	0	2	1	0	3	0	0	0	0	0	2	0	7	2	2	0	0	2	2	0	3	0	0	3	0	3	2	7	2
161817	10 Nov 25	21:01:00	1	0	55	0	Ct	0	0	5	4	4	0	4	5	0	3	0	0	2	0	0	0	0	6	1	2	0	0	1	2	0	3	2	0	3	0	3	2	3	3
161818	10 Nov 25	21:02:00	1	0	55	0	Ct	0	0	2	2	3	0	8	0	0	2	0	0	0	0	0	3	0	1	1	4	0	0	1	1	1	2	4	0	2	0	3	7	3	1
161819	10 Nov 25	21:03:00	1	0	55	0	Ct	0	0	3	0	5	0	3	2	0	2	0	0	0	0	0	1	0	3	0	3	0	0	1	2	2	2	5	0	0	0	3	3	0	2
161820	10 Nov 25	21:04:00	1	0	55	0	Ct	0	0	2	1	2	0	4	1	0	0	0	0	0	0	0	2	0	0	2	4	0	0	0	3	2	2	3	0	2	0	3	5	5	0
161821	10 Nov 25	21:05:00	1	0	55	0	Ct	0	0	2	2	3	0	0	2	0	0	0	0	2	0	0	3	1	0	0	3	1	0	0	1	3	2	3	0	4	0	2	3	5	3
161822	10 Nov 25	21:06:00	1	0	55	0	Ct	0	0	2	2	3	0	0	1	0	0	0	0	0	0	0	5	7	0	2	3	2	0	2	3	2	4	0	0	5	0	3	1	4	2
161823	10 Nov 25	21:07:00	1	0	55	0	Ct	0	0	3	0	1	0	0	0	0	0	0	0	0	0	0	3	4	0	2	4	0	0	0	2	4	3	4	0	2	0	2	4	3	1
161824	10 Nov 25	21:08:00	1	0	55	0	Ct	0	0	3	1	3	0	0	1	0	0	0	0	0	0	0	5	1	0	3	3	0	0	2	1	0	3	4	0	2	0	2	6	5	3
161825	10 Nov 25	21:09:00	1	0	55	0	Ct	0	0	2	1	0	0	0	1	0	3	0	0	0	0	0	0	9	0	0	2	0	0	1	0	3	5	2	0	2	0	3	1	3	1
161826	10 Nov 25	21:10:00	1	0	55	0	Ct	0	0	3	1	0	0	0	0	0	5	0	0	0	0	0	4	14	0	2	4	0	0	0	2	3	2	3	0	1	0	0	4	1	4
161827	10 Nov 25	21:11:00	1	0	55	0	Ct	0	0	4	1	0	0	0	1	0	3	0	0	0	0	0	0	0	0	2	2	0	0	0	2	2	0	3	0	2	0	0	4	0	1
161828	10 Nov 25	21:12:00	1	0	55	0	Ct	0	0	3	1	6	0	0	4	0	2	0	0	0	0	0	0	1	0	2	2	0	0	0	2	0	0	7	0	4	0	0	3	4	2
161829	10 Nov 25	21:13:00	1	0	55	0	Ct	0	0	3	0	4	0	0	0	0	5	0	0	0	0	0	0	7	3	2	2	0	0	2	0	2	3	4	0	2	0	0	4	6	1
161830	10 Nov 25	21:14:00	1	0	55	0	Ct	0	0	3	0	5	0	0	0	0	5	0	0	0	0	0	0	13	0	1	5	0	0	0	2	0	1	4	0	0	0	0	4	4	0
161831	10 Nov 25	21:15:00	1	0	55	0	Ct	0	0	1	6	5	0	0	0	0	5	0	0	0	0	0	0	3	0	1	2	0	0	0	2	3	2	3	0	2	0	0	3	4	0
161832	10 Nov 25	21:16:00	1	0	55	0	Ct	0	0	2	1	4	0	0	0	0	3	0	0	0	0	0	0	9	0	2	2	0	0	0	6	1	0	0	0	0	0	0	6	1	2
161833	10 Nov 25	21:17:00	1	0	55	0	Ct	0	0	1	1	4	0	0	0	0	1	0	0	0	0	0	2	0	0	2	3	0	0	1	1	3	2	3	0	1	0	0	6	4	4
161834	10 Nov 25	21:18:00	1	0	55	0	Ct	0	0	8	1	6	0	0	0	0	0	0	0	0	0	0	0	10	0	0	1	0	0	0	0	0	4	2	0	1	0	0	2	4	3
161835	10 Nov 25	21:19:00	1	0	55	0	Ct	0	0	7	1	5	0	0	0	0	0	0	0	0	0	0	5	18	0	2	2	0	0	0	0	0	4	1	0	1	0	0	5	4	1
161836	10 Nov 25	21:20:00	1	0	55	0	Ct	0	0	7	1	4	0	0	0	0	4	0	0	0	0	0	0	9	0	2	2	0	0	0	0	0	2	2	0	2	0	2	4	2	3
161837	10 Nov 25	21:21:00	1	0	55	0	Ct	0	0	5	1	1	0	0	0	0	4	0	0	0	0	0	0	10	4	0	2	0	0	0	2	0	3	1	0	1	0	0	4	2	1
161838	10 Nov 25	21:22:00	1	0	55	0	Ct	0	0	3	0	8	0	0	0	0	3	0	0	0	0	0	0	5	0	2	2	0	0	0	0	1	2	3	0	2	0	3	4	0	2
161839	10 Nov 25	21:23:00	1	0	55	0	Ct	0	0	4	1	4	0	0	0	0	1	0	0	0	0	0	0	0	2	1	1	0	0	0	0	1	0	2	0	3	0	0	3	0	1
161840	10 Nov 25	21:24:00	1	0	55	0	Ct	0	0	2	1	4	0	4	0	0	6	0	0	0	0	0	0	0	0	1	3	0	0	0	0	0	0	3	0	1	0	2	8	0	1
161841	10 Nov 25	21:25:00	1	0	55	0	Ct	0	0	6	0	3	0	0	0	0	2	0	0	0	0	0	0	0	2	2	0	0	0	0	0	0	0	2	0	2	0	0	6	0	2
161842	10 Nov 25	21:26:00	1	0	55	0	Ct	0	0	4	0	3	0	4	1	0	0	0	0	0	0	0	0	0	0	0	0	0	0	0	0	0	0	2	0	2	0	0	4	0	3
161843	10 Nov 25	21:27:00	1	0	55	0	Ct	0	0	4	0	4	0	3	1	0	0	0	0	0	0	0	0	0	0	0	2	0	0	0	0	0	0	1	0	4	0	0	4	0	0
161844	10 Nov 25	21:28:00	1	0	55	0	Ct	0	0	5	3	3	0	3	2	0	0	0	0	0	0	0	0	1	0	2	0	0	0	0	0	0	0	2	0	2	0	0	6	0	2
161845	10 Nov 25	21:29:00	1	0	55	0	Ct	0	0	1	1	5	0	11	0	0	0	0	0	0	0	2	0	16	0	1	3	0	0	0	0	0	2	1	0	1	0	0	6	2	2
161846	10 Nov 25	21:30:00	1	0	55	0	Ct	0	0	1	3	4	0	1	0	0	0	0	0	0	0	0	0	0	0	1	1	0	0	0	0	4	0	1	0	2	0	0	3	0	0
161847	10 Nov 25	21:31:00	1	0	55	0	Ct	0	0	2	0	3	0	6	0	0	0	0	0	0	0	0	0	3	0	2	3	0	0	0	0	3	2	2	0	0	0	0	4	0	0
161848	10 Nov 25	21:32:00	1	0	55	0	Ct	0	0	2	2	3	0	7	0	0	0	0	0	0	0	0	0	0	0	0	2	0	0	0	0	2	4	2	0	1	0	0	3	0	0
161849	10 Nov 25	21:33:00	1	0	55	0	Ct	0	0	4	0	1	0	10	0	0	0	0	0	0	0	0	0	1	0	0	2	0	0	0	0	4	3	2	0	1	0	0	3	0	0
161850	10 Nov 25	21:34:00	1	0	55	0	Ct	0	0	4	1	0	0	14	0	0	0	0	0	0	0	0	0	1	0	0	4	0	0	0	0	4	3	2	0	0	0	0	5	0	0
161851	10 Nov 25	21:35:00	1	0	55	0	Ct	0	0	2	1	1	0	1	0	0	2	0	0	0	0	0	2	0	0	2	0	0	0	0	0	4	0	0	0	0	0	0	7	0	0
161852	10 Nov 25	21:36:00	1	0	55	0	Ct	0	0	3	0	3	0	3	0	0	2	0	0	0	0	0	2	0	1	2	0	0	0	0	0	4	2	3	0	0	0	0	3	0	0
161853	10 Nov 25	21:37:00	1	0	55	0	Ct	0	0	4	0	4	0	4	3	0	0	0	2	0	0	0	0	0	1	1	1	0	0	0	0	3	0	1	0	0	0	0	4	0	0
161854	10 Nov 25	21:38:00	1	0	55	0	Ct	0	0	4	0	0	0	2	2	0	0	0	1	0	0	0	0	0	0	1	3	0	0	0	0	3	0	0	0	0	0	0	4	0	0
161855	10 Nov 25	21:39:00	1	0	55	0	Ct	0	0	3	1	3	0	12	0	0	0	0	2	0	0	2	2	0	0	2	0	0	0	0	0	3	0	0	0	4	0	0	4	0	0
161856	10 Nov 25	21:40:00	1	0	55	0	Ct	0	0	3	1	4	0	5	2	0	0	0	3	0	0	0	3	0	0	0	2	0	0	0	0	4	1	0	0	0	0	0	3	0	0
161857	10 Nov 25	21:41:00	1	0	55	0	Ct	0	0	4	0	4	0	13	0	0	0	0	1	0	0	0	2	1	0	4	0	0	0	0	0	4	3	0	0	0	0	0	2	0	0
161858	10 Nov 25	21:42:00	1	0	55	0	Ct	0	0	2	0	4	0	4	0	0	0	0	4	0	0	0	6	3	0	6	0	0	0	0	0	0	1	0	0	0	0	0	4	0	0
161859	10 Nov 25	21:43:00	1	0	55	0	Ct	0	0	3	0	1	0	24	0	0	0	0	2	0	0	0	3	0	0	4	2	0	0	0	0	2	1	1	0	4	0	0	1	0	0
161860	10 Nov 25	21:44:00	1	0	55	0	Ct	0	0	2	0	1	0	2	2	0	0	0	2	0	0	0	0	5	0	0	0	0	0	0	0	3	0	1	0	4	0	0	4	0	0
161861	10 Nov 25	21:45:00	1	0	55	0	Ct	0	0	3	1	0	0	3	3	0	3	0	4	0	0	0	0	0	0	3	0	0	0	0	0	3	1	0	0	4	0	0	5	0	0
161862	10 Nov 25	21:46:00	1	0	55	0	Ct	0	0	4	1	0	0	13	7	0	5	0	3	0	0	0	0	0	0	4	0	0	0	0	0	2	1	0	2	5	0	0	2	0	0
161863	10 Nov 25	21:47:00	1	0	55	0	Ct	0	0	6	0	0	0	12	1	0	1	0	3	0	0	0	3	0	0	1	0	0	0	0	0	4	2	0	0	3	0	0	5	0	0
161864	10 Nov 25	21:48:00	1	0	55	0	Ct	0	0	4	2	0	0	5	3	0	0	0	0	0	0	0	0	0	1	0	1	0	0	0	0	1	2	0	0	2	0	0	6	0	0
161865	10 Nov 25	21:49:00	1	0	55	0	Ct	0	0	3	0	0	0	4	3	0	3	0	1	0	0	0	0	0	1	2	1	0	0	0	0	2	2	2	0	4	0	0	4	0	0
161866	10 Nov 25	21:50:00	1	0	55	0	Ct	0	0	3	0	0	0	11	0	0	10	0	4	0	0	0	0	0	0	0	0	0	0	0	0	3	0	0	0	3	0	0	3	0	0
161867	10 Nov 25	21:51:00	1	0	55	0	Ct	0	0	1	0	2	0	5	2	0	1	2	2	0	0	0	0	0	0	0	0	8	0	0	0	2	3	0	0	1	0	0	3	0	0
161868	10 Nov 25	21:52:00	1	0	55	0	Ct	0	0	4	0	0	0	3	0	0	0	0	5	0	0	0	0	0	0	0	0	0	0	0	0	3	0	0	0	0	0	0	4	0	0
161869	10 Nov 25	21:53:00	1	0	55	0	Ct	0	0	2	0	2	0	10	2	0	0	0	3	0	0	0	3	0	0	0	0	0	0	0	0	0	0	0	0	1	0	0	2	0	0
161870	10 Nov 25	21:54:00	1	0	55	0	Ct	0	0	3	1	0	0	5	6	0	6	0	2	0	0	0	0	0	0	0	0	0	0	0	0	1	2	0	0	4	0	0	5	0	0
161871	10 Nov 25	21:55:00	1	0	55	0	Ct	0	0	3	1	0	0	2	2	0	3	0	1	0	0	0	0	0	0	0	0	0	0	0	0	2	0	0	0	0	0	0	4	0	0
161872	10 Nov 25	21:56:00	1	0	55	0	Ct	0	0	3	3	0	0	12	1	0	0	0	1	0	0	0	0	0	0	0	2	0	0	0	0	2	0	0	0	0	0	0	6	0	0
161873	10 Nov 25	21:57:00	1	0	55	0	Ct	0	0	1	3	2	0	7	4	0	0	0	3	0	0	0	0	1	0	0	0	0	0	0	4	3	4	0	0	2	0	0	4	0	0
161874	10 Nov 25	21:58:00	1	0	55	0	Ct	0	0	3	1	3	0	9	2	0	0	0	3	0	0	0	0	2	0	0	0	0	0	0	0	0	10	0	0	3	0	0	6	0	0
161875	10 Nov 25	21:59:00	1	0	55	0	Ct	0	0	0	0	5	0	0	4	0	0	0	2	0	0	0	0	0	0	0	0	0	0	0	0	2	3	0	0	3	0	0	1	0	0
161876	10 Nov 25	22:00:00	1	0	55	0	Ct	0	0	0	1	0	0	0	3	0	0	0	3	0	0	0	0	0	0	2	0	3	0	0	2	3	1	0	0	3	0	0	3	0	0
161877	10 Nov 25	22:01:00	1	0	55	0	Ct	0	0	0	1	0	0	0	2	0	0	0	1	0	0	0	0	0	0	0	2	0	0	0	0	1	0	0	0	3	0	0	2	0	0
161878	10 Nov 25	22:02:00	1	0	55	0	Ct	0	0	0	0	2	2	0	3	0	0	0	2	0	0	0	0	0	0	1	0	0	0	0	0	3	0	0	0	3	0	0	3	0	0
161879	10 Nov 25	22:03:00	1	0	55	0	Ct	0	0	0	0	0	0	2	2	0	0	0	7	0	0	0	0	0	0	0	0	0	0	0	0	4	2	0	0	0	0	0	3	0	0
161880	10 Nov 25	22:04:00	1	0	55	0	Ct	0	0	0	0	0	2	9	2	0	0	0	0	0	0	0	0	0	0	0	2	0	0	0	0	0	0	4	0	2	0	0	5	0	0
161881	10 Nov 25	22:05:00	1	0	55	0	Ct	0	0	2	0	0	2	0	2	0	0	0	2	0	0	0	0	0	0	3	0	0	0	0	0	5	0	1	0	2	0	3	3	0	0
161882	10 Nov 25	22:06:00	1	0	55	0	Ct	0	0	3	0	0	2	0	1	0	0	0	2	0	0	0	0	0	0	1	0	0	0	0	0	1	0	1	0	2	0	0	4	0	0
161883	10 Nov 25	22:07:00	1	0	55	0	Ct	0	0	0	2	0	2	2	2	0	0	0	2	0	0	0	0	0	0	1	0	0	0	0	0	1	0	5	0	2	0	2	2	0	0
161884	10 Nov 25	22:08:00	1	0	55	0	Ct	0	0	0	0	0	6	4	2	0	0	0	3	0	0	0	0	0	0	0	0	0	0	0	0	0	0	2	0	4	0	0	3	0	0
161885	10 Nov 25	22:09:00	1	0	55	0	Ct	0	0	0	0	0	4	6	3	0	0	0	1	0	0	0	0	0	0	0	0	0	0	0	0	2	0	3	0	3	0	0	5	0	0
161886	10 Nov 25	22:10:00	1	0	55	0	Ct	0	0	0	0	2	2	2	3	0	0	0	1	0	0	1	0	0	0	0	0	0	0	0	0	2	0	2	0	1	0	0	3	0	0
161887	10 Nov 25	22:11:00	1	0	55	0	Ct	0	0	0	0	0	1	5	2	0	0	1	3	0	0	3	0	0	0	0	0	0	0	0	0	3	0	2	0	2	0	0	5	0	0
161888	10 Nov 25	22:12:00	1	0	55	0	Ct	0	0	0	0	2	2	3	2	0	0	1	4	0	0	2	0	2	0	0	0	0	0	0	0	3	2	1	0	1	0	1	3	0	0
161889	10 Nov 25	22:13:00	1	0	55	0	Ct	0	0	0	0	0	3	7	2	0	0	0	2	0	0	0	0	2	0	0	0	0	0	0	0	0	2	0	0	1	0	0	2	0	0
161890	10 Nov 25	22:14:00	1	0	55	0	Ct	0	0	0	0	0	1	3	2	0	0	0	1	0	0	5	0	0	0	0	0	0	0	0	0	0	0	0	0	0	0	0	5	0	0
161891	10 Nov 25	22:15:00	1	0	55	0	Ct	0	0	0	0	1	3	6	0	0	0	0	3	0	0	0	2	0	0	0	0	0	0	0	0	1	4	0	0	4	0	0	5	0	0
161892	10 Nov 25	22:16:00	1	0	55	0	Ct	0	0	0	0	4	1	5	3	0	0	0	1	0	0	2	2	0	0	0	0	6	0	0	0	1	2	0	0	3	0	0	5	0	0
161893	10 Nov 25	22:17:00	1	0	55	0	Ct	0	0	0	0	2	2	6	1	0	0	0	4	0	0	2	0	1	0	0	0	11	0	2	0	0	2	2	0	2	0	0	4	0	0
161894	10 Nov 25	22:18:00	1	0	55	0	Ct	0	0	0	0	2	2	6	1	0	0	0	3	0	0	4	0	1	0	0	0	2	0	0	0	0	2	0	2	0	0	0	9	0	0
161895	10 Nov 25	22:19:00	1	0	55	0	Ct	0	0	0	0	3	0	4	5	0	0	0	2	0	0	0	0	3	0	0	0	0	0	0	0	0	2	2	0	0	0	0	4	0	0
161896	10 Nov 25	22:20:00	1	0	55	0	Ct	0	0	0	0	2	2	0	1	0	0	0	2	0	0	0	1	3	0	0	0	0	0	0	0	0	2	0	0	3	0	0	6	0	0
161897	10 Nov 25	22:21:00	1	0	55	0	Ct	0	0	0	0	0	1	9	3	0	0	0	0	0	0	0	3	3	0	0	0	0	0	0	0	0	0	0	0	0	0	0	2	0	0
161898	10 Nov 25	22:22:00	1	0	55	0	Ct	0	0	0	0	3	1	0	2	0	0	0	0	0	0	1	2	0	0	0	0	0	0	0	0	0	2	0	0	2	0	0	3	0	0
161899	10 Nov 25	22:23:00	1	0	55	0	Ct	0	0	0	0	0	3	0	0	0	0	0	0	0	0	1	0	0	0	0	0	0	0	0	0	0	0	0	0	2	0	0	5	0	0
161900	10 Nov 25	22:24:00	1	0	55	0	Ct	0	0	0	0	0	0	0	3	0	0	0	0	0	0	7	0	0	0	0	2	0	0	0	0	0	0	2	0	0	0	0	3	0	0
161901	10 Nov 25	22:25:00	1	0	55	0	Ct	0	0	0	0	8	0	0	2	0	0	0	2	0	0	2	3	3	0	0	0	4	0	0	0	0	0	1	0	1	0	0	4	0	0
161902	10 Nov 25	22:26:00	1	0	55	0	Ct	0	0	0	0	1	1	0	2	0	0	0	0	0	0	0	0	7	0	0	0	2	0	0	0	0	0	2	0	1	0	0	3	0	0
161903	10 Nov 25	22:27:00	1	0	55	0	Ct	0	0	0	0	3	3	0	2	0	0	0	1	0	0	0	0	10	0	3	0	0	0	0	0	0	0	2	0	2	0	0	2	0	0
161904	10 Nov 25	22:28:00	1	0	55	0	Ct	0	0	0	0	1	0	8	4	0	0	0	1	0	0	3	0	0	0	0	1	0	0	0	0	0	0	2	0	0	0	0	1	0	0
161905	10 Nov 25	22:29:00	1	0	55	0	Ct	0	0	0	0	0	0	3	1	0	0	0	2	0	0	2	0	0	0	0	2	0	0	0	0	2	0	1	0	0	0	0	4	0	0
161906	10 Nov 25	22:30:00	1	0	55	0	Ct	0	0	0	0	0	0	7	2	0	0	0	2	0	0	0	0	0	0	0	0	0	0	0	0	2	0	2	0	7	0	0	5	0	0
161907	10 Nov 25	22:31:00	1	0	55	0	Ct	0	0	0	0	0	0	0	3	0	0	0	0	0	0	0	0	1	0	0	0	0	0	4	0	0	0	3	0	0	0	0	4	0	0
161908	10 Nov 25	22:32:00	1	0	55	0	Ct	0	0	0	0	2	0	0	2	0	0	0	2	0	0	0	0	0	0	0	0	0	0	0	0	2	1	2	0	0	0	2	7	0	0
161909	10 Nov 25	22:33:00	1	0	55	0	Ct	0	0	0	0	2	0	0	2	0	0	0	0	0	0	0	0	0	0	0	0	0	0	0	0	1	0	2	0	0	0	0	5	0	0
161910	10 Nov 25	22:34:00	1	0	55	0	Ct	0	0	0	0	0	0	0	2	0	0	0	0	0	0	0	0	0	0	0	0	0	0	0	0	3	1	2	0	5	0	0	5	0	0
161911	10 Nov 25	22:35:00	1	0	55	0	Ct	0	0	0	0	0	0	0	2	0	0	0	0	0	0	0	0	0	0	0	0	0	0	0	0	4	4	2	0	4	0	0	3	0	0
161912	10 Nov 25	22:36:00	1	0	55	0	Ct	0	0	0	0	0	0	0	2	0	0	0	0	0	0	0	0	0	0	0	0	0	0	0	0	2	2	2	0	4	0	0	5	0	0
161913	10 Nov 25	22:37:00	1	0	55	0	Ct	0	0	0	0	0	0	0	1	0	0	2	0	0	0	0	0	0	0	0	0	0	0	0	0	4	0	1	1	2	0	0	4	0	0
161914	10 Nov 25	22:38:00	1	0	55	0	Ct	0	0	0	0	0	0	0	1	0	0	0	0	0	0	0	0	0	0	0	0	0	0	0	2	4	1	3	1	1	0	0	5	0	0
161915	10 Nov 25	22:39:00	1	0	55	0	Ct	0	0	0	0	2	0	0	1	0	0	0	0	0	0	0	14	2	0	0	0	0	0	0	1	2	1	2	0	2	0	0	3	0	0
161916	10 Nov 25	22:40:00	1	0	55	0	Ct	0	0	0	0	0	0	0	1	0	0	2	0	0	0	0	0	0	0	2	0	0	0	0	0	2	2	2	0	1	0	0	4	0	0
161917	10 Nov 25	22:41:00	1	0	55	0	Ct	0	0	0	0	0	0	0	0	0	0	0	0	0	0	0	0	0	0	2	0	0	0	0	0	0	0	3	0	4	0	0	3	0	0
161918	10 Nov 25	22:42:00	1	0	55	0	Ct	0	0	0	0	0	0	0	0	0	0	2	0	0	0	0	3	0	0	2	0	0	0	0	0	0	0	2	0	1	0	0	3	2	0
161919	10 Nov 25	22:43:00	1	0	55	0	Ct	0	0	0	0	0	0	0	3	0	0	0	0	0	0	1	0	3	0	0	0	0	0	1	0	0	1	1	0	4	0	0	2	0	0
161920	10 Nov 25	22:44:00	1	0	55	0	Ct	0	0	0	0	0	0	0	1	0	0	0	2	0	0	1	0	0	0	0	0	0	0	0	0	0	2	3	0	2	0	0	3	0	0
161921	10 Nov 25	22:45:00	1	0	55	0	Ct	0	0	0	0	1	0	0	2	0	0	0	0	0	0	0	0	0	0	0	0	0	0	0	0	3	0	2	0	1	0	0	3	0	0
161922	10 Nov 25	22:46:00	1	0	55	0	Ct	0	0	0	0	3	0	0	1	0	0	0	0	0	0	0	0	0	0	0	0	0	0	0	0	3	2	5	0	2	0	0	4	0	0
161923	10 Nov 25	22:47:00	1	0	55	0	Ct	0	0	0	0	3	0	0	1	0	0	0	0	0	0	2	0	0	0	0	0	0	0	0	0	2	2	4	0	3	0	0	5	0	0
161924	10 Nov 25	22:48:00	1	0	55	0	Ct	0	0	0	0	2	0	0	0	0	0	2	0	0	0	0	0	3	0	0	0	0	0	0	0	2	0	2	0	2	0	0	8	0	0
161925	10 Nov 25	22:49:00	1	0	55	0	Ct	0	0	0	0	3	0	4	2	0	0	0	0	2	0	0	0	8	0	0	0	0	0	0	0	2	0	2	0	5	0	0	3	0	0
161926	10 Nov 25	22:50:00	1	0	55	0	Ct	0	0	0	0	1	0	0	1	0	0	0	0	0	0	0	0	9	0	0	0	0	0	0	0	3	1	4	0	2	0	0	2	0	0
161927	10 Nov 25	22:51:00	1	0	55	0	Ct	0	0	0	0	2	0	3	2	0	0	0	0	0	0	0	0	0	0	0	0	0	0	0	0	3	1	1	0	2	0	0	3	0	0
161928	10 Nov 25	22:52:00	1	0	55	0	Ct	0	0	0	0	0	0	6	1	0	0	0	0	0	0	0	0	0	0	0	0	0	0	0	0	2	0	0	0	2	0	0	2	0	0
161929	10 Nov 25	22:53:00	1	0	55	0	Ct	0	0	0	0	2	0	10	2	0	0	0	0	0	0	0	0	1	0	0	0	0	0	0	0	2	0	6	0	0	0	0	4	0	0
161930	10 Nov 25	22:54:00	1	0	55	0	Ct	0	0	0	0	2	0	6	2	0	0	0	2	0	0	0	0	0	0	0	0	0	0	0	0	2	0	1	0	0	0	0	3	0	0
161931	10 Nov 25	22:55:00	1	0	55	0	Ct	0	0	0	0	2	0	10	0	0	0	0	0	0	0	0	0	1	0	0	0	0	0	0	0	0	2	2	0	0	0	0	4	0	0
161932	10 Nov 25	22:56:00	1	0	55	0	Ct	0	0	0	0	1	0	8	1	0	0	2	0	0	0	0	0	0	0	0	0	0	0	0	0	2	0	2	0	2	0	0	1	0	0
161933	10 Nov 25	22:57:00	1	0	55	0	Ct	0	0	0	0	1	0	0	1	0	0	0	0	0	0	0	0	0	0	0	0	0	0	0	0	2	2	1	0	0	0	0	2	0	0
161934	10 Nov 25	22:58:00	1	0	55	0	Ct	0	0	0	0	1	0	7	1	0	0	2	0	0	0	0	0	0	0	2	0	0	0	0	0	2	0	2	0	0	0	0	2	0	0
161935	10 Nov 25	22:59:00	1	0	55	0	Ct	0	0	0	0	2	0	7	1	0	0	1	0	0	0	0	0	5	0	2	0	0	0	0	0	3	0	0	0	0	0	0	2	1	0
161936	10 Nov 25	23:00:00	1	0	55	0	Ct	0	0	0	0	0	0	11	0	2	0	1	2	0	0	0	0	1	0	2	0	0	0	0	0	2	8	2	0	0	0	0	5	0	0
161937	10 Nov 25	23:01:00	1	0	55	0	Ct	0	0	0	0	2	0	6	3	0	0	2	0	0	0	0	0	1	0	1	0	0	0	0	0	2	0	2	0	0	0	0	5	0	0
161938	10 Nov 25	23:02:00	1	0	55	0	Ct	0	0	0	0	0	0	6	0	2	0	0	0	0	0	0	0	0	0	0	0	0	0	0	0	2	3	2	0	0	0	0	3	0	0
161939	10 Nov 25	23:03:00	1	0	55	0	Ct	0	0	0	0	0	0	0	1	0	0	3	0	0	0	0	0	0	0	2	0	0	0	0	0	2	2	2	0	2	0	0	2	0	0
161940	10 Nov 25	23:04:00	1	0	55	0	Ct	0	0	0	0	2	0	7	3	0	0	3	0	0	0	0	0	2	0	2	0	0	0	0	0	2	1	2	1	0	0	0	3	0	0
161941	10 Nov 25	23:05:00	1	0	55	0	Ct	0	0	0	3	2	0	6	3	0	0	2	0	0	0	0	3	0	0	0	0	0	0	0	2	2	0	1	1	0	0	0	2	0	0
161942	10 Nov 25	23:06:00	1	0	55	0	Ct	0	0	0	0	2	0	7	0	0	0	1	0	0	0	2	0	3	0	0	0	1	0	0	0	4	4	1	0	0	0	0	2	0	0
161943	10 Nov 25	23:07:00	1	0	55	0	Ct	0	0	0	0	1	0	1	1	0	0	1	0	0	0	3	0	0	0	0	0	1	0	0	0	2	1	2	0	0	0	0	3	0	0
161944	10 Nov 25	23:08:00	1	0	55	0	Ct	0	0	0	0	1	0	5	2	0	0	2	0	0	8	1	0	0	0	0	0	0	0	0	0	3	0	0	0	0	0	0	3	0	0
161945	10 Nov 25	23:09:00	1	0	55	0	Ct	0	0	0	0	2	0	14	2	0	0	3	0	0	0	0	0	0	0	0	0	0	0	0	0	0	0	2	0	0	0	0	5	0	0
161946	10 Nov 25	23:10:00	1	0	55	0	Ct	0	0	0	0	2	0	5	1	0	0	4	0	0	0	0	3	0	0	0	0	0	0	0	2	0	0	2	0	0	0	0	7	0	0
161947	10 Nov 25	23:11:00	1	0	55	0	Ct	0	0	0	0	2	0	6	2	0	0	2	0	0	0	0	0	0	0	0	0	0	0	0	0	0	0	0	0	0	0	0	2	0	0
161948	10 Nov 25	23:12:00	1	0	55	0	Ct	0	0	0	0	0	0	15	4	0	0	2	0	0	0	1	0	0	0	0	0	0	0	1	2	2	0	2	0	0	0	0	3	0	3
161949	10 Nov 25	23:13:00	1	0	55	0	Ct	0	0	0	0	2	0	14	2	0	0	1	0	0	0	2	0	1	0	0	0	0	0	0	1	2	0	0	0	0	0	0	3	0	0
161950	10 Nov 25	23:14:00	1	0	55	0	Ct	0	0	0	0	0	0	26	1	0	0	1	0	0	0	3	0	8	0	0	0	0	0	0	1	0	0	0	0	0	0	0	3	0	0
161951	10 Nov 25	23:15:00	1	0	55	0	Ct	0	0	0	0	2	0	0	2	0	0	4	0	0	0	0	0	0	0	0	0	0	0	0	0	0	0	0	0	0	0	0	2	0	0
161952	10 Nov 25	23:16:00	1	0	55	0	Ct	0	0	0	0	0	0	7	2	0	0	2	0	0	0	1	0	2	0	0	2	0	0	0	3	2	0	2	0	0	0	0	3	0	0
161953	10 Nov 25	23:17:00	1	0	55	0	Ct	0	0	0	0	0	0	5	2	0	0	3	0	0	0	1	0	6	0	0	0	0	0	0	0	0	0	2	2	0	0	0	4	0	0
161954	10 Nov 25	23:18:00	1	0	55	0	Ct	0	0	0	0	0	0	3	2	0	0	2	0	0	0	0	0	0	2	0	0	0	0	0	0	0	0	0	0	0	0	0	2	0	0
161955	10 Nov 25	23:19:00	1	0	55	0	Ct	0	0	0	0	0	0	2	3	0	0	2	0	0	0	1	0	2	0	0	0	0	0	0	4	0	0	3	0	0	0	3	4	0	0
161956	10 Nov 25	23:20:00	1	0	55	0	Ct	0	0	0	0	2	0	6	1	0	0	4	0	0	0	1	0	0	0	0	0	1	0	1	2	0	0	1	0	0	0	0	8	0	0
161957	10 Nov 25	23:21:00	1	0	55	0	Ct	0	0	0	0	0	0	2	1	0	0	1	0	0	0	0	0	1	0	0	0	0	0	0	4	2	0	1	0	0	0	0	3	0	0
161958	10 Nov 25	23:22:00	1	0	55	0	Ct	0	0	0	0	0	0	14	1	0	0	2	0	0	0	0	0	1	0	0	0	3	0	2	2	2	0	1	0	0	0	0	4	0	0
161959	10 Nov 25	23:23:00	1	0	55	0	Ct	0	0	0	0	0	3	0	2	0	0	1	0	0	0	1	0	0	0	0	0	8	0	0	3	0	0	0	0	0	0	0	3	0	0
161960	10 Nov 25	23:24:00	1	0	55	0	Ct	0	0	0	0	0	5	5	2	0	0	4	0	0	0	1	2	0	0	0	0	1	0	0	2	0	0	2	0	0	0	0	2	0	0
161961	10 Nov 25	23:25:00	1	0	55	0	Ct	0	0	0	0	0	5	8	1	0	0	1	0	0	0	0	0	0	0	0	0	0	0	0	4	2	0	0	0	0	0	0	3	0	0
161962	10 Nov 25	23:26:00	1	0	55	0	Ct	0	0	0	0	2	2	5	2	0	0	1	0	0	0	0	0	9	0	0	0	0	0	0	8	2	0	2	0	0	0	0	2	0	0
161963	10 Nov 25	23:27:00	1	0	55	0	Ct	0	0	0	0	0	2	0	2	0	0	1	0	1	0	3	0	10	0	0	0	0	0	0	3	2	0	1	0	0	0	0	5	0	0
161964	10 Nov 25	23:28:00	1	0	55	0	Ct	0	0	0	0	2	1	0	4	0	0	2	0	1	0	0	0	0	0	0	0	0	0	0	3	2	0	1	0	0	0	0	4	0	0
161965	10 Nov 25	23:29:00	1	0	55	0	Ct	0	0	0	0	2	2	0	5	0	0	2	0	0	0	1	0	6	0	0	0	0	0	0	3	2	0	0	0	0	0	6	2	0	0
161966	10 Nov 25	23:30:00	1	0	55	0	Ct	0	0	0	0	0	2	5	2	0	0	1	0	0	0	1	0	12	0	0	0	1	0	0	3	3	2	2	0	0	0	0	0	0	0
161967	10 Nov 25	23:31:00	1	0	55	0	Ct	0	0	0	0	2	2	8	3	0	0	1	0	0	0	0	0	0	0	0	0	0	0	0	3	1	0	0	0	0	0	2	3	0	0
161968	10 Nov 25	23:32:00	1	0	55	0	Ct	0	0	0	0	0	5	0	3	0	0	3	0	0	0	0	0	0	0	0	0	1	0	0	3	2	0	2	0	0	0	1	4	0	0
161969	10 Nov 25	23:33:00	1	0	55	0	Ct	0	0	0	0	0	2	2	0	0	0	4	0	0	0	0	0	0	0	0	0	2	0	0	1	1	0	0	2	0	0	1	9	0	0
161970	10 Nov 25	23:34:00	1	0	55	0	Ct	0	0	0	0	0	2	3	3	0	0	2	0	2	0	0	0	9	0	0	0	0	0	0	2	1	2	1	1	0	0	0	6	0	0
161971	10 Nov 25	23:35:00	1	0	55	0	Ct	0	0	0	0	1	3	6	1	0	0	4	0	2	0	0	0	0	0	0	0	0	0	0	2	2	0	1	1	0	0	0	5	0	0
161972	10 Nov 25	23:36:00	1	0	55	0	Ct	0	0	0	0	3	3	4	2	0	0	4	0	0	0	2	0	0	0	0	0	1	0	0	0	2	0	0	0	0	0	0	4	0	0
161973	10 Nov 25	23:37:00	1	0	55	0	Ct	0	0	0	0	2	1	3	2	0	0	2	0	0	0	2	0	1	0	0	0	0	0	0	3	3	0	0	0	0	0	0	2	0	0
161974	10 Nov 25	23:38:00	1	0	55	0	Ct	0	0	0	0	0	1	6	1	0	0	1	2	0	0	0	0	0	0	0	0	0	0	0	5	1	0	0	0	0	0	0	1	0	0
161975	10 Nov 25	23:39:00	1	0	55	0	Ct	0	0	0	0	3	0	12	2	0	0	3	7	0	0	0	0	2	0	0	0	0	0	0	4	2	0	0	0	0	0	0	2	1	0
161976	10 Nov 25	23:40:00	1	0	55	0	Ct	0	0	0	0	2	1	14	1	0	0	2	0	0	0	6	0	0	0	0	0	0	0	0	2	2	0	2	0	0	0	0	5	5	0
161977	10 Nov 25	23:41:00	1	0	55	0	Ct	0	0	0	0	2	0	3	3	0	0	1	0	0	0	1	0	0	0	2	0	0	0	0	3	2	3	1	2	0	0	0	4	1	2
161978	10 Nov 25	23:42:00	1	0	55	0	Ct	0	0	2	0	1	2	17	0	0	0	2	0	0	0	0	0	0	0	1	0	0	0	0	2	2	1	2	2	0	0	0	2	0	0
161979	10 Nov 25	23:43:00	1	0	55	0	Ct	0	0	0	0	3	0	8	2	0	0	2	0	2	0	0	0	0	0	1	0	0	0	0	3	2	0	1	0	0	0	0	5	0	0
161980	10 Nov 25	23:44:00	1	0	55	0	Ct	0	0	0	0	2	1	15	0	0	0	1	0	1	0	0	0	0	0	2	2	0	0	0	2	0	0	0	2	0	0	0	3	4	0
161981	10 Nov 25	23:45:00	1	0	55	0	Ct	0	0	0	0	0	2	8	1	0	0	2	0	1	0	0	0	0	0	2	0	0	0	0	3	0	0	0	3	0	0	0	2	2	0
161982	10 Nov 25	23:46:00	1	0	55	0	Ct	0	0	0	0	0	1	3	1	0	0	0	0	0	0	1	0	0	0	2	0	0	0	0	2	1	0	0	1	0	0	0	4	7	0
161983	10 Nov 25	23:47:00	1	0	55	0	Ct	0	0	0	0	0	0	11	0	0	0	0	1	0	0	0	0	0	0	0	0	0	0	0	0	3	0	0	2	0	0	0	3	3	0
161984	10 Nov 25	23:48:00	1	0	55	0	Ct	0	0	0	0	2	0	5	2	0	0	2	1	0	0	1	0	0	0	2	0	0	0	0	2	2	0	1	3	0	0	0	2	3	0
161985	10 Nov 25	23:49:00	1	0	55	0	Ct	0	0	0	0	2	0	0	0	0	0	2	0	0	0	3	0	0	0	0	0	0	0	0	1	3	0	1	3	0	0	0	1	3	0
161986	10 Nov 25	23:50:00	1	0	55	0	Ct	0	0	0	0	2	0	4	3	0	0	2	1	3	0	1	0	0	0	0	0	0	0	0	3	2	2	0	1	0	0	0	2	6	0
161987	10 Nov 25	23:51:00	1	0	55	0	Ct	0	0	2	0	0	0	19	0	0	0	1	18	2	0	2	0	0	0	0	0	0	0	0	3	3	0	0	1	0	0	0	3	2	0
161988	10 Nov 25	23:52:00	1	0	55	0	Ct	0	0	0	0	3	2	11	0	0	0	2	12	2	0	0	4	0	0	0	0	0	0	0	3	2	0	0	2	0	0	0	2	2	0
161989	10 Nov 25	23:53:00	1	0	55	0	Ct	0	0	0	0	0	2	6	0	0	0	3	3	3	0	1	1	0	0	0	0	0	0	0	4	2	0	2	0	0	0	0	4	4	0
161990	10 Nov 25	23:54:00	1	0	55	0	Ct	0	0	0	0	0	0	19	0	0	0	2	0	1	0	1	0	0	0	0	0	0	0	0	4	0	0	0	3	0	0	2	3	4	0
161991	10 Nov 25	23:55:00	1	0	55	0	Ct	0	0	0	0	2	0	3	0	0	0	4	0	2	0	0	0	0	0	0	0	0	0	0	3	3	0	0	3	0	0	0	2	2	0
161992	10 Nov 25	23:56:00	1	0	55	0	Ct	0	0	0	0	2	0	6	0	0	0	0	0	2	0	0	0	0	0	0	0	0	0	0	8	3	0	0	2	0	0	4	4	4	0
161993	10 Nov 25	23:57:00	1	0	55	0	Ct	0	0	0	0	1	0	8	0	0	0	2	1	3	0	0	0	0	0	0	0	0	0	0	1	4	0	0	3	0	0	2	3	5	0
161994	10 Nov 25	23:58:00	1	0	55	0	Ct	0	0	0	0	3	0	2	0	0	0	2	1	1	0	0	0	0	0	0	0	0	0	0	2	2	0	0	2	0	0	0	2	3	0
161995	10 Nov 25	23:59:00	1	0	55	0	Ct	0	0	0	0	0	1	17	0	0	0	4	0	0	0	0	0	0	0	0	0	0	0	0	9	2	0	2	2	0	0	1	4	1	0
161996	11 Nov 25	00:00:00	1	0	55	0	Ct	0	0	0	0	2	3	5	3	0	0	1	0	0	0	0	0	5	0	0	0	0	0	0	3	3	0	0	2	0	0	4	0	4	0
161997	11 Nov 25	00:01:00	1	0	55	0	Ct	0	0	0	0	0	0	13	3	0	0	1	1	1	0	0	0	3	2	0	0	0	0	1	2	0	1	0	2	0	0	0	5	3	0
161998	11 Nov 25	00:02:00	1	0	55	0	Ct	0	0	2	0	3	0	10	0	0	0	1	1	3	0	0	4	3	0	0	0	2	0	1	2	2	1	0	2	0	0	0	4	3	2
161999	11 Nov 25	00:03:00	1	0	55	0	Ct	0	0	0	0	2	0	5	3	0	0	2	0	2	2	0	0	0	0	0	0	0	0	0	3	3	0	0	2	0	3	0	3	5	0
162000	11 Nov 25	00:04:00	1	0	55	0	Ct	0	0	0	0	4	3	11	2	0	0	0	0	2	0	1	0	2	0	0	0	0	0	0	1	1	0	0	2	0	1	0	3	0	0
162001	11 Nov 25	00:05:00	1	0	55	0	Ct	0	0	0	0	1	2	0	2	0	0	0	0	0	0	1	0	0	0	0	0	0	0	0	3	0	1	0	1	0	0	0	5	4	0
162002	11 Nov 25	00:06:00	1	0	55	0	Ct	0	0	0	0	1	2	6	2	0	0	1	0	1	0	0	0	0	0	0	0	0	0	0	2	3	1	0	1	0	2	0	2	4	0
162003	11 Nov 25	00:07:00	1	0	55	0	Ct	0	0	0	0	0	1	4	2	0	0	3	0	1	0	0	2	0	0	0	0	0	0	0	3	3	0	0	4	0	0	0	3	2	0
162004	11 Nov 25	00:08:00	1	0	55	0	Ct	0	0	0	0	0	1	5	2	0	0	0	0	2	0	0	0	0	0	0	0	0	0	0	0	1	0	0	2	0	1	0	4	4	0
162005	11 Nov 25	00:09:00	1	0	55	0	Ct	0	0	0	0	0	1	3	2	0	0	0	0	1	0	0	0	0	0	1	0	0	0	0	2	2	0	0	1	0	4	0	6	4	0
162006	11 Nov 25	00:10:00	1	0	55	0	Ct	0	0	0	0	0	0	7	2	0	0	2	0	1	0	1	0	12	0	3	0	0	0	0	1	2	0	0	2	0	2	0	8	3	0
162007	11 Nov 25	00:11:00	1	0	55	0	Ct	0	0	0	0	0	1	7	2	0	0	1	0	2	0	0	0	14	0	0	0	0	0	0	1	2	0	0	2	0	1	0	5	2	0
162008	11 Nov 25	00:12:00	1	0	55	0	Ct	0	0	0	0	0	0	6	2	0	0	1	0	2	0	0	0	0	0	2	0	0	0	0	2	2	0	0	3	0	3	0	1	4	0
162009	11 Nov 25	00:13:00	1	0	55	0	Ct	0	0	0	0	0	1	4	0	0	0	0	0	2	0	1	0	0	0	2	0	0	0	0	1	3	0	2	3	0	2	0	4	4	0
162010	11 Nov 25	00:14:00	1	0	55	0	Ct	0	0	0	0	0	1	0	4	0	0	0	0	0	0	0	0	1	0	2	0	0	0	0	2	2	0	2	2	0	2	0	2	5	0
162011	11 Nov 25	00:15:00	1	0	55	0	Ct	0	0	0	0	0	0	4	8	0	0	3	0	2	0	0	0	12	0	0	0	0	0	0	2	3	0	0	2	0	1	0	4	4	0
162012	11 Nov 25	00:16:00	1	0	55	0	Ct	0	0	0	0	0	0	11	0	0	0	1	0	2	0	0	0	14	0	2	0	0	0	0	3	4	0	0	1	0	3	3	2	6	0
162013	11 Nov 25	00:17:00	1	0	55	0	Ct	0	0	0	0	0	0	10	4	0	0	2	0	2	0	0	0	8	0	3	0	0	0	0	2	2	0	0	2	0	1	0	2	2	0
162014	11 Nov 25	00:18:00	1	0	55	0	Ct	0	0	0	0	0	0	8	4	0	0	2	1	2	0	0	0	6	0	5	0	0	0	0	3	0	0	2	1	0	1	0	3	4	0
162015	11 Nov 25	00:19:00	1	0	55	0	Ct	0	0	0	0	0	2	0	3	0	0	2	0	1	0	2	0	4	0	0	0	1	0	0	2	1	0	1	1	0	4	0	3	8	0
162016	11 Nov 25	00:20:00	1	0	55	0	Ct	0	0	0	0	0	3	4	2	0	0	1	0	2	0	2	0	7	0	0	0	1	0	0	3	3	0	0	3	0	2	0	3	3	0
162017	11 Nov 25	00:21:00	1	0	55	0	Ct	0	0	0	0	0	1	3	2	0	0	1	0	2	0	4	0	13	0	0	0	0	0	0	2	0	0	0	2	0	2	0	2	3	0
162018	11 Nov 25	00:22:00	1	0	55	0	Ct	0	0	0	0	0	1	3	2	0	0	1	0	2	0	0	0	0	0	0	0	1	0	0	2	2	0	0	2	0	3	3	5	2	0
162019	11 Nov 25	00:23:00	1	0	55	0	Ct	0	0	0	0	0	3	0	2	0	0	2	0	1	0	1	0	0	0	0	0	1	0	0	3	4	0	0	2	2	0	3	4	3	0
162020	11 Nov 25	00:24:00	1	0	55	0	Ct	0	0	0	0	1	0	8	3	2	0	1	0	1	0	0	0	0	0	0	0	0	0	0	2	1	0	0	2	0	2	2	2	3	0
162021	11 Nov 25	00:25:00	1	0	55	0	Ct	0	0	0	0	3	1	26	2	0	0	2	0	2	0	2	0	3	0	0	0	0	0	0	1	3	0	0	1	0	2	3	2	3	0
162022	11 Nov 25	00:26:00	1	0	55	0	Ct	0	0	0	0	2	0	0	4	1	0	1	0	1	0	1	0	1	0	3	0	0	0	0	1	2	0	0	1	0	1	1	3	2	0
162023	11 Nov 25	00:27:00	1	0	55	0	Ct	0	0	0	0	0	0	5	2	1	0	2	0	1	0	0	0	0	0	3	0	0	0	0	0	2	0	0	2	0	2	5	4	3	0
162024	11 Nov 25	00:28:00	1	0	55	0	Ct	0	0	0	0	2	3	0	0	0	0	3	0	1	0	0	0	0	0	0	0	0	0	0	0	3	0	0	2	0	1	3	4	4	0
162025	11 Nov 25	00:29:00	1	0	55	0	Ct	0	0	0	0	1	2	0	2	0	0	1	0	2	0	0	0	1	0	0	0	0	0	2	1	3	0	0	2	0	2	1	3	2	0
162026	11 Nov 25	00:30:00	1	0	55	0	Ct	0	0	0	0	3	0	0	2	0	0	2	0	2	0	0	0	0	0	2	0	0	0	6	2	2	0	0	0	0	1	1	3	2	0
162027	11 Nov 25	00:31:00	1	0	55	0	Ct	0	0	0	0	0	0	0	0	0	0	1	0	1	0	0	0	3	0	2	0	1	0	2	1	3	0	0	0	0	3	0	3	3	0
162028	11 Nov 25	00:32:00	1	0	55	0	Ct	0	0	0	0	2	0	2	2	0	0	0	0	1	0	0	0	19	0	2	0	3	0	0	2	3	0	0	2	0	2	0	7	3	0
162029	11 Nov 25	00:33:00	1	0	55	0	Ct	0	0	0	0	0	0	5	0	0	0	0	0	0	0	0	0	11	0	2	0	0	0	0	0	0	0	0	0	0	0	1	4	2	0
162030	11 Nov 25	00:34:00	1	0	55	0	Ct	0	0	0	0	0	0	0	3	0	0	0	0	1	0	1	0	2	0	2	0	0	0	0	2	0	0	0	0	0	3	2	4	6	0
162031	11 Nov 25	00:35:00	1	0	55	0	Ct	0	0	0	0	0	1	3	1	0	0	2	0	1	0	1	0	6	0	2	0	1	0	0	1	0	0	0	0	0	1	2	3	1	0
162032	11 Nov 25	00:36:00	1	0	55	0	Ct	0	0	0	0	0	1	5	3	0	0	0	0	2	0	0	0	0	0	2	0	1	0	0	3	2	0	0	1	0	2	4	4	3	0
162033	11 Nov 25	00:37:00	1	0	55	0	Ct	0	0	0	0	0	0	2	2	0	0	1	0	2	0	0	0	0	0	2	0	0	0	0	1	0	0	0	1	0	2	2	5	4	0
162034	11 Nov 25	00:38:00	1	0	55	0	Ct	0	0	0	0	2	0	5	2	0	0	1	0	1	0	0	3	0	0	3	0	1	0	0	1	2	0	0	2	0	0	2	3	4	0
162035	11 Nov 25	00:39:00	1	0	55	0	Ct	0	0	0	0	0	0	12	1	0	0	2	0	1	0	0	1	0	0	4	0	1	0	0	1	0	0	0	0	0	2	1	2	7	0
162036	11 Nov 25	00:40:00	1	0	55	0	Ct	0	0	0	2	0	0	0	3	0	0	0	0	1	0	0	0	0	0	2	0	0	0	0	1	0	0	0	2	0	1	6	3	3	0
162037	11 Nov 25	00:41:00	1	0	55	0	Ct	0	0	0	2	0	2	20	0	0	0	2	0	1	0	0	0	0	0	1	0	0	0	0	1	0	0	0	3	0	1	1	7	4	0
162038	11 Nov 25	00:42:00	1	0	55	0	Ct	0	0	0	0	2	0	9	2	0	0	1	0	2	3	1	0	0	0	3	2	0	0	0	3	2	0	0	2	0	1	0	3	2	0
162039	11 Nov 25	00:43:00	1	0	55	0	Ct	0	0	0	0	0	0	8	5	0	0	1	0	2	5	1	4	0	0	1	0	0	0	0	0	2	0	0	0	0	2	3	3	4	0
162040	11 Nov 25	00:44:00	1	0	55	0	Ct	0	0	0	0	2	0	7	0	0	0	0	3	2	2	0	1	7	0	1	0	0	0	0	2	2	0	2	0	0	1	0	2	3	0
162041	11 Nov 25	00:45:00	1	0	55	0	Ct	0	0	2	0	0	0	7	3	0	0	0	0	0	0	0	0	22	0	2	0	2	0	0	2	2	0	0	0	0	1	11	5	1	0
162042	11 Nov 25	00:46:00	1	0	55	0	Ct	0	0	0	0	2	0	0	2	0	0	0	0	2	0	0	0	1	0	2	1	3	0	0	4	1	0	0	0	0	1	2	3	1	0
162043	11 Nov 25	00:47:00	1	0	55	0	Ct	0	0	0	0	0	0	6	3	0	0	0	0	1	0	1	0	0	0	2	2	3	0	0	2	3	0	0	0	0	0	3	5	2	0
162044	11 Nov 25	00:48:00	1	0	55	0	Ct	0	0	0	0	2	0	0	3	0	0	2	0	2	0	1	0	0	0	2	1	2	0	0	2	2	0	0	0	2	0	7	3	4	0
162045	11 Nov 25	00:49:00	1	0	55	0	Ct	0	0	0	0	2	2	0	4	0	0	2	0	2	0	0	0	1	0	1	0	2	0	0	1	1	0	1	0	0	0	2	2	0	0
162046	11 Nov 25	00:50:00	1	0	55	0	Ct	0	0	0	0	0	3	0	2	0	0	3	0	2	0	0	0	9	0	3	0	1	0	0	2	1	0	1	0	3	2	2	5	4	0
162047	11 Nov 25	00:51:00	1	0	55	0	Ct	0	0	0	0	0	0	0	3	0	0	1	0	0	0	0	12	6	0	2	2	2	0	0	2	2	0	0	0	5	0	2	2	0	0
162048	11 Nov 25	00:52:00	1	0	55	0	Ct	0	0	2	0	0	1	3	1	0	0	1	0	1	0	0	1	0	0	2	3	1	0	0	1	2	0	0	0	1	3	2	3	2	0
162049	11 Nov 25	00:53:00	1	0	55	0	Ct	0	0	0	0	0	1	0	2	0	0	2	0	2	0	0	0	0	0	0	2	0	0	0	1	4	0	0	2	0	1	1	1	1	0
162050	11 Nov 25	00:54:00	1	0	55	0	Ct	0	0	0	0	0	0	6	3	0	0	1	0	3	0	0	0	0	0	2	0	1	0	0	1	2	0	0	2	0	0	1	5	4	2
162051	11 Nov 25	00:55:00	1	0	55	0	Ct	0	0	0	0	1	0	6	3	0	0	3	0	1	0	0	0	1	0	0	0	1	0	0	9	2	0	0	0	6	1	3	6	0	0
162052	11 Nov 25	00:56:00	1	0	55	0	Ct	0	0	0	0	2	0	3	2	0	0	2	0	2	0	0	0	8	0	1	0	3	0	0	1	1	0	0	0	2	1	1	4	0	0
162053	11 Nov 25	00:57:00	1	0	55	0	Ct	0	0	0	0	2	0	22	1	0	0	1	0	2	0	0	0	9	0	1	1	0	0	0	2	0	2	0	0	0	1	2	2	0	0
162054	11 Nov 25	00:58:00	1	0	55	0	Ct	0	0	0	0	2	0	14	3	0	0	1	1	2	0	2	0	1	0	2	1	0	0	7	2	2	2	0	0	3	1	4	3	0	0
162055	11 Nov 25	00:59:00	1	0	55	0	Ct	0	0	0	0	2	0	5	3	0	0	0	0	2	0	1	0	0	1	0	2	0	0	0	1	3	2	0	0	5	0	2	9	0	1
162056	11 Nov 25	01:00:00	1	0	55	0	Ct	0	0	0	0	4	2	0	2	0	0	1	2	3	0	4	0	0	0	2	3	0	0	0	1	2	2	0	0	4	2	2	4	0	1
162057	11 Nov 25	01:01:00	1	0	55	0	Ct	0	0	0	0	1	0	0	2	0	0	2	0	2	0	3	0	0	0	0	2	0	0	0	1	2	3	0	0	3	1	1	6	0	0
162058	11 Nov 25	01:02:00	1	0	55	0	Ct	0	0	0	0	1	0	0	1	0	0	2	0	0	0	2	0	1	0	0	2	0	0	0	1	4	3	0	0	3	1	2	4	0	0
162059	11 Nov 25	01:03:00	1	0	55	0	Ct	0	0	1	0	0	0	0	2	0	0	4	0	1	0	0	0	0	1	2	2	1	0	0	1	0	2	0	0	3	1	2	4	0	2
162060	11 Nov 25	01:04:00	1	0	55	0	Ct	0	0	3	0	1	0	0	3	0	0	2	0	0	0	3	0	1	0	0	4	1	0	3	1	1	2	0	0	0	1	3	4	0	0
162061	11 Nov 25	01:05:00	1	0	55	0	Ct	0	0	4	0	1	0	0	6	0	0	3	0	0	0	0	0	0	0	2	1	2	0	4	2	2	2	0	0	2	1	3	6	0	0
162062	11 Nov 25	01:06:00	1	0	55	0	Ct	0	0	3	0	0	0	10	1	0	0	2	0	0	0	1	0	0	0	0	0	0	0	0	1	1	2	0	0	3	1	3	6	0	0
162063	11 Nov 25	01:07:00	1	0	55	0	Ct	0	0	3	0	0	0	7	1	0	0	2	0	1	0	0	0	2	0	2	1	1	0	0	2	4	2	0	2	2	2	0	5	0	0
162064	11 Nov 25	01:08:00	1	0	55	0	Ct	0	0	4	0	1	0	4	2	0	0	4	0	4	0	1	5	2	0	0	4	1	0	0	1	2	2	0	0	2	0	1	6	0	0
162065	11 Nov 25	01:09:00	1	0	55	0	Ct	0	0	3	0	3	0	7	2	0	0	2	0	1	0	2	0	1	0	2	3	2	0	0	3	0	2	0	0	4	1	2	2	0	0
162066	11 Nov 25	01:10:00	1	0	55	0	Ct	0	0	3	0	0	0	2	0	0	0	1	0	2	0	1	0	0	0	0	4	0	0	0	2	2	2	0	0	1	0	3	7	3	0
162067	11 Nov 25	01:11:00	1	0	55	0	Ct	0	0	5	1	2	0	0	2	0	0	2	0	7	0	0	0	0	0	0	6	0	0	0	1	0	0	0	0	4	1	2	5	1	0
162068	11 Nov 25	01:12:00	1	0	55	0	Ct	0	0	5	1	1	0	5	1	0	0	1	0	3	0	0	0	1	0	0	3	0	0	0	1	0	2	0	0	4	0	2	2	0	0
162069	11 Nov 25	01:13:00	1	0	55	0	Ct	0	0	3	0	1	0	5	3	0	0	1	2	3	0	4	0	3	0	2	2	0	0	0	2	0	2	0	0	2	2	0	5	0	0
162070	11 Nov 25	01:14:00	1	0	55	0	Ct	0	0	4	0	2	0	5	4	0	0	0	2	1	0	0	0	0	0	0	3	0	0	0	1	0	0	2	0	2	1	0	2	0	0
162071	11 Nov 25	01:15:00	1	0	55	0	Ct	0	0	3	0	1	0	5	1	0	0	1	1	1	0	2	0	0	0	2	2	0	0	0	2	0	2	0	0	5	2	2	6	0	0
162072	11 Nov 25	01:16:00	1	0	55	0	Ct	0	0	1	0	1	0	9	2	0	0	1	1	1	0	3	0	0	0	0	2	0	0	0	2	2	3	0	0	4	0	2	2	0	0
162073	11 Nov 25	01:17:00	1	0	55	0	Ct	0	0	2	0	3	0	16	1	0	0	2	2	3	0	0	0	5	0	0	3	0	0	0	0	0	1	0	0	2	0	4	7	2	0
162074	11 Nov 25	01:18:00	1	0	55	0	Ct	0	0	2	0	2	0	3	1	0	0	0	2	1	0	0	0	9	0	0	2	0	0	0	3	0	0	0	0	4	2	0	3	0	0
162075	11 Nov 25	01:19:00	1	0	55	0	Ct	0	0	1	0	0	0	10	4	0	0	0	4	3	0	5	0	0	0	0	2	0	0	0	1	0	3	0	0	2	2	1	3	1	2
162076	11 Nov 25	01:20:00	1	0	55	0	Ct	0	0	3	0	3	0	22	1	0	0	1	2	1	0	2	0	5	0	0	3	0	0	0	1	2	2	0	0	0	2	0	3	0	1
162077	11 Nov 25	01:21:00	1	0	55	0	Ct	0	0	3	0	3	0	5	1	0	0	1	2	1	0	0	0	0	0	0	2	0	0	0	2	3	2	0	0	6	2	2	4	0	1
162078	11 Nov 25	01:22:00	1	0	55	0	Ct	0	0	2	0	3	0	0	2	0	0	2	2	1	0	3	0	1	0	0	2	2	0	0	3	0	3	0	0	2	6	1	3	0	3
162079	11 Nov 25	01:23:00	1	0	55	0	Ct	0	0	2	0	4	0	1	2	0	0	1	3	2	0	0	0	0	0	0	1	0	0	0	2	0	0	0	0	3	3	0	2	0	3
162080	11 Nov 25	01:24:00	1	0	55	0	Ct	0	0	3	0	1	0	18	2	0	0	1	2	1	0	3	0	0	0	0	2	0	0	0	0	0	3	0	0	6	1	1	1	0	2
162081	11 Nov 25	01:25:00	1	0	55	0	Ct	0	0	3	0	3	0	5	3	0	0	0	6	1	0	0	1	13	0	0	2	3	0	2	0	2	3	0	0	2	1	1	4	0	1
162082	11 Nov 25	01:26:00	1	0	55	0	Ct	0	0	3	0	2	0	5	1	0	0	1	1	1	0	1	5	1	0	0	1	1	0	1	1	2	1	0	0	6	0	0	1	0	2
162083	11 Nov 25	01:27:00	1	0	55	0	Ct	0	0	2	0	0	0	4	0	0	0	1	3	1	0	2	1	4	0	0	1	1	0	0	1	3	5	2	0	0	0	1	5	0	1
162084	11 Nov 25	01:28:00	1	0	55	0	Ct	0	0	0	0	3	0	18	4	0	0	1	2	2	0	0	3	0	0	0	4	2	0	0	3	1	1	0	0	3	3	2	4	0	2
162085	11 Nov 25	01:29:00	1	0	55	0	Ct	0	0	4	0	1	0	9	3	0	0	3	2	2	0	0	10	0	0	0	2	2	0	0	2	3	3	2	0	1	1	1	2	0	2
162086	11 Nov 25	01:30:00	1	0	55	0	Ct	0	0	2	0	2	0	4	0	0	0	1	1	1	2	0	2	0	0	0	2	1	0	0	2	2	2	0	0	1	1	2	5	0	2
162087	11 Nov 25	01:31:00	1	0	55	0	Ct	0	0	3	0	0	0	10	0	0	0	0	2	1	0	0	0	0	0	0	2	1	0	0	2	1	1	0	0	3	1	0	3	0	2
162088	11 Nov 25	01:32:00	1	0	55	0	Ct	0	0	1	0	2	0	14	0	2	0	1	3	1	4	0	0	3	0	0	1	1	0	0	0	2	5	0	0	2	0	2	3	0	2
162089	11 Nov 25	01:33:00	1	0	55	0	Ct	0	0	3	0	2	3	8	0	2	0	0	3	0	0	0	0	0	0	0	3	1	0	0	0	0	3	2	0	1	0	2	2	0	2
162090	11 Nov 25	01:34:00	1	0	55	0	Ct	0	0	2	0	2	0	10	0	1	0	0	1	0	0	0	0	2	0	0	3	2	0	0	1	2	1	0	0	0	0	4	3	0	2
162091	11 Nov 25	01:35:00	1	0	55	0	Ct	0	0	2	0	1	0	6	0	0	0	0	3	1	3	0	0	4	0	0	3	1	0	0	1	0	1	0	0	2	0	0	2	0	1
162092	11 Nov 25	01:36:00	1	0	55	0	Ct	0	0	1	0	2	2	12	2	0	0	0	0	1	2	2	0	0	0	0	0	1	0	0	0	0	0	0	0	2	2	0	2	0	3
162093	11 Nov 25	01:37:00	1	0	55	0	Ct	0	0	2	0	3	0	3	0	0	0	0	1	2	4	0	0	0	0	0	2	0	0	0	2	0	0	0	0	2	1	1	6	0	3
162094	11 Nov 25	01:38:00	1	0	55	0	Ct	0	0	2	0	0	2	2	2	0	0	2	1	3	1	0	0	1	2	0	3	0	0	0	1	2	1	0	0	1	1	7	7	0	1
162095	11 Nov 25	01:39:00	1	0	55	0	Ct	0	0	2	0	2	2	7	1	0	0	3	1	1	7	0	0	6	0	0	3	0	0	0	1	0	1	0	1	1	1	0	3	0	3
162096	11 Nov 25	01:40:00	1	0	55	0	Ct	0	0	0	0	2	1	3	2	0	0	3	2	0	4	0	0	0	0	0	2	0	0	0	0	0	2	2	0	2	0	2	3	0	2
162097	11 Nov 25	01:41:00	1	0	55	0	Ct	0	0	1	0	2	2	6	1	0	0	4	1	2	3	1	0	0	0	0	1	0	0	0	1	1	2	0	0	1	1	2	3	0	3
162098	11 Nov 25	01:42:00	1	0	55	0	Ct	0	0	2	0	1	2	5	0	0	0	4	2	2	3	2	0	0	0	0	2	0	0	0	1	3	1	0	4	1	0	2	3	0	1
162099	11 Nov 25	01:43:00	1	0	55	0	Ct	0	0	2	0	2	0	10	0	0	0	2	3	0	3	0	0	0	0	0	3	0	0	0	0	2	2	0	0	2	0	1	4	0	3
162100	11 Nov 25	01:44:00	1	0	55	0	Ct	0	0	3	0	1	0	1	0	0	0	0	1	1	4	1	0	0	0	0	2	0	0	0	1	2	2	0	0	2	0	2	0	0	1
162101	11 Nov 25	01:45:00	1	0	55	0	Ct	0	0	3	0	2	2	0	1	0	0	4	1	1	4	0	0	0	0	0	2	0	0	0	1	3	2	0	0	2	1	0	2	0	3
162102	11 Nov 25	01:46:00	1	0	55	0	Ct	0	0	1	0	2	1	0	2	0	0	1	1	2	2	0	0	0	3	0	1	0	0	0	2	1	0	0	0	3	3	0	3	0	3
162103	11 Nov 25	01:47:00	1	0	55	0	Ct	0	0	2	0	3	1	11	3	0	0	1	0	1	2	0	0	2	2	0	1	2	0	3	1	1	2	0	0	0	0	1	3	0	1
162104	11 Nov 25	01:48:00	1	0	55	0	Ct	0	0	1	0	2	0	14	3	3	0	1	2	2	0	0	0	6	6	0	4	0	0	0	1	2	3	0	0	3	0	2	3	0	1
162105	11 Nov 25	01:49:00	1	0	55	0	Ct	0	0	4	0	0	0	10	0	0	0	1	2	3	4	0	0	5	0	0	1	0	0	0	0	2	1	0	0	2	2	1	3	0	2
162106	11 Nov 25	01:50:00	1	0	55	0	Ct	0	0	3	0	1	0	0	0	0	0	0	2	1	4	0	0	0	2	0	1	0	0	0	3	3	2	0	0	1	0	0	3	0	5
162107	11 Nov 25	01:51:00	1	0	55	0	Ct	0	0	1	0	1	2	14	0	0	0	3	2	1	4	0	0	5	0	0	0	2	0	0	3	2	2	0	0	3	0	0	2	0	2
162108	11 Nov 25	01:52:00	1	0	55	0	Ct	0	0	0	0	0	2	17	0	0	0	0	0	1	3	0	0	1	0	0	2	1	0	0	1	1	0	0	0	2	2	1	2	0	2
162109	11 Nov 25	01:53:00	1	0	55	0	Ct	0	0	5	0	2	0	3	0	0	0	1	0	1	4	1	2	2	2	0	3	4	0	0	1	0	3	0	0	2	0	1	1	0	2
162110	11 Nov 25	01:54:00	1	0	55	0	Ct	0	0	0	0	2	4	5	2	0	0	0	0	2	3	1	1	0	0	0	3	1	0	0	1	0	1	0	0	0	1	2	3	0	1
162111	11 Nov 25	01:55:00	1	0	55	0	Ct	0	0	2	0	1	1	4	0	0	0	1	0	0	2	0	0	0	0	0	4	0	0	0	0	2	1	0	0	2	2	2	3	0	2
162112	11 Nov 25	01:56:00	1	0	55	0	Ct	0	0	2	0	3	1	11	0	0	0	0	2	1	3	0	0	0	0	0	1	0	0	0	2	3	0	0	0	3	1	2	3	0	2
162113	11 Nov 25	01:57:00	1	0	55	0	Ct	0	0	0	0	0	2	4	3	0	0	2	0	2	4	0	0	0	0	0	2	0	0	2	1	2	2	0	0	3	0	2	3	0	2
162114	11 Nov 25	01:58:00	1	0	55	0	Ct	0	0	0	0	2	0	20	0	0	0	1	0	4	2	2	0	1	0	0	3	0	0	0	0	3	2	0	0	3	3	3	4	0	2
162115	11 Nov 25	01:59:00	1	0	55	0	Ct	0	0	1	0	2	0	6	0	2	0	1	0	0	1	2	0	1	0	0	2	0	0	0	2	0	0	0	0	3	0	2	3	0	2
162116	11 Nov 25	02:00:00	1	0	55	0	Ct	0	0	1	0	1	0	20	0	0	0	3	0	2	1	2	0	0	0	0	2	0	0	0	0	2	2	0	0	1	0	2	4	0	1
162117	11 Nov 25	02:01:00	1	0	55	0	Ct	0	0	1	0	1	0	0	0	0	0	3	0	0	2	1	0	1	0	0	2	0	0	2	0	0	0	0	0	2	0	2	4	0	1
162118	11 Nov 25	02:02:00	1	0	55	0	Ct	0	0	1	0	2	0	0	0	0	0	0	0	1	3	0	2	1	2	0	2	0	0	0	1	1	3	0	0	2	0	2	2	0	1
162119	11 Nov 25	02:03:00	1	0	55	0	Ct	0	0	1	0	3	0	0	0	0	0	2	0	2	2	0	4	0	3	0	2	1	0	0	1	2	4	0	0	1	0	0	3	0	3
162120	11 Nov 25	02:04:00	1	0	55	0	Ct	0	0	2	0	0	0	11	0	0	0	0	0	2	2	0	5	1	2	0	3	1	0	0	0	2	3	0	0	1	0	0	4	0	0
162121	11 Nov 25	02:05:00	1	0	55	0	Ct	0	0	0	0	2	2	0	0	0	0	0	0	1	2	0	1	1	5	0	4	0	0	0	0	1	1	0	0	1	0	0	2	0	2
162122	11 Nov 25	02:06:00	1	0	55	0	Ct	0	0	1	0	1	0	1	0	0	0	0	1	2	0	0	1	0	5	0	0	0	0	0	2	2	1	0	0	3	0	2	3	0	2
162123	11 Nov 25	02:07:00	1	0	55	0	Ct	0	0	2	0	3	0	7	0	0	0	1	2	1	2	0	3	0	1	0	3	0	0	0	0	0	2	0	0	2	0	1	2	0	0
162124	11 Nov 25	02:08:00	1	0	55	0	Ct	0	0	3	0	2	1	4	0	0	0	4	0	0	4	3	0	0	5	0	4	0	0	0	0	3	2	0	0	0	0	0	2	0	0
162125	11 Nov 25	02:09:00	1	0	55	0	Ct	0	0	3	0	3	1	0	0	0	0	5	1	0	3	1	0	2	4	0	1	0	0	0	2	2	1	0	0	0	0	0	2	0	2
162126	11 Nov 25	02:10:00	1	0	55	0	Ct	0	0	3	0	3	0	0	0	0	0	2	2	0	1	1	2	11	2	0	0	0	0	0	0	1	1	0	0	2	0	0	3	0	1
162127	11 Nov 25	02:11:00	1	0	55	0	Ct	0	0	3	0	1	0	0	0	0	0	0	1	1	3	1	0	0	3	0	3	1	0	0	0	3	2	0	2	3	0	0	3	0	2
162128	11 Nov 25	02:12:00	1	0	55	0	Ct	0	0	1	0	1	1	0	0	0	0	2	0	3	3	4	1	5	3	0	2	1	0	0	0	1	2	0	0	1	2	2	3	0	0
162129	11 Nov 25	02:13:00	1	0	55	0	Ct	0	0	2	0	0	2	0	0	2	0	1	0	0	2	0	4	0	2	0	1	2	0	0	0	2	0	0	0	1	1	0	4	0	1
162130	11 Nov 25	02:14:00	1	0	55	0	Ct	0	0	0	0	0	1	0	0	0	0	1	2	1	2	3	2	0	3	0	2	0	0	0	0	3	0	0	0	1	1	0	2	0	1
162131	11 Nov 25	02:15:00	1	0	55	0	Ct	0	0	2	0	0	1	4	0	2	0	4	0	0	3	1	0	0	2	0	2	0	0	0	0	0	2	0	0	2	0	0	6	0	3
162132	11 Nov 25	02:16:00	1	0	55	0	Ct	0	0	2	0	0	1	3	0	2	0	4	2	0	1	0	0	0	4	0	1	0	0	0	0	2	0	0	0	2	1	0	1	0	0
162133	11 Nov 25	02:17:00	1	0	55	0	Ct	0	0	1	0	3	1	9	0	0	0	1	2	0	2	0	0	4	3	0	4	5	0	0	0	2	0	0	0	1	1	0	3	0	2
162134	11 Nov 25	02:18:00	1	0	55	0	Ct	0	0	1	0	0	0	4	1	0	0	1	0	1	3	0	0	0	1	0	1	0	0	0	0	1	1	0	0	1	0	0	2	0	2
162135	11 Nov 25	02:19:00	1	0	55	0	Ct	0	0	1	0	2	0	2	1	0	0	0	3	2	1	0	0	0	2	0	2	1	0	0	0	2	2	0	0	0	0	0	5	0	1
162136	11 Nov 25	02:20:00	1	0	55	0	Ct	0	0	2	0	2	0	5	0	0	0	2	1	1	3	0	3	0	4	0	3	5	0	0	0	1	1	3	0	1	0	0	3	0	1
162137	11 Nov 25	02:21:00	1	0	55	0	Ct	0	0	2	0	3	0	6	0	0	0	0	2	2	5	3	2	2	4	0	0	2	0	0	0	0	2	0	0	0	0	3	2	0	1
162138	11 Nov 25	02:22:00	1	0	55	0	Ct	0	0	0	0	2	3	6	0	0	0	2	2	0	2	0	3	2	3	2	5	0	0	0	0	3	1	0	0	1	0	0	3	0	1
162139	11 Nov 25	02:23:00	1	0	55	0	Ct	0	0	2	0	3	0	14	0	0	0	3	2	0	3	0	0	0	4	0	2	0	0	0	0	1	2	0	0	2	2	1	1	0	3
162140	11 Nov 25	02:24:00	1	0	55	0	Ct	0	0	2	0	2	0	6	0	0	0	0	0	0	0	2	0	0	0	2	1	0	0	0	0	2	0	1	0	2	0	1	6	0	2
162141	11 Nov 25	02:25:00	1	0	55	0	Ct	0	0	0	0	1	1	1	0	0	0	3	0	1	2	5	0	0	1	0	2	0	0	0	0	2	2	18	0	3	2	0	4	0	0
162142	11 Nov 25	02:26:00	1	0	55	0	Ct	0	0	2	0	0	3	18	0	0	0	0	0	3	1	2	0	0	0	3	1	0	0	0	0	2	4	0	0	1	1	0	5	0	0
162143	11 Nov 25	02:27:00	1	0	55	0	Ct	0	0	0	0	2	0	19	0	0	0	1	0	0	3	0	2	0	2	1	1	0	0	4	0	2	2	2	0	1	1	2	3	0	1
162144	11 Nov 25	02:28:00	1	0	55	0	Ct	0	0	0	0	0	0	4	0	0	0	2	0	1	3	0	4	0	0	0	2	0	0	0	0	0	1	0	0	0	0	0	3	0	0
162145	11 Nov 25	02:29:00	1	0	55	0	Ct	0	0	0	0	0	2	5	0	0	0	0	0	3	3	1	1	0	8	2	1	0	0	0	0	0	2	0	0	0	1	0	8	0	1
162146	11 Nov 25	02:30:00	1	0	55	0	Ct	0	0	3	0	0	0	0	0	0	0	0	0	0	3	2	2	0	6	2	2	0	0	1	0	1	0	0	0	3	1	3	5	0	3
162147	11 Nov 25	02:31:00	1	0	55	0	Ct	0	0	3	0	1	0	21	0	0	0	1	0	2	3	1	0	5	3	1	2	1	0	2	0	1	0	0	0	2	0	0	6	0	1
162148	11 Nov 25	02:32:00	1	0	55	0	Ct	0	0	1	0	1	0	6	4	0	0	1	0	0	4	0	1	1	2	2	2	2	0	6	0	3	0	0	0	1	0	4	3	0	2
162149	11 Nov 25	02:33:00	1	0	55	0	Ct	0	0	1	0	2	0	15	2	0	0	0	0	0	4	0	2	4	1	2	1	0	0	4	0	2	2	0	0	0	1	4	2	0	1
162150	11 Nov 25	02:34:00	1	0	55	0	Ct	0	0	2	0	2	2	1	0	0	0	0	0	0	1	0	4	1	2	1	2	0	0	10	0	1	2	0	0	0	1	1	4	0	2
162151	11 Nov 25	02:35:00	1	0	55	0	Ct	0	0	0	0	1	0	11	2	0	0	1	0	0	3	0	0	7	1	2	0	1	0	1	0	0	2	0	2	0	1	1	2	0	3
162152	11 Nov 25	02:36:00	1	0	55	0	Ct	0	0	2	0	3	0	7	0	0	0	3	0	0	2	0	0	0	2	2	2	2	0	0	0	0	1	0	0	2	3	1	3	2	2
162153	11 Nov 25	02:37:00	1	0	55	0	Ct	0	0	1	0	2	2	21	0	0	0	1	0	0	1	0	1	10	0	1	1	0	0	0	0	1	2	0	0	4	2	1	0	0	2
162154	11 Nov 25	02:38:00	1	0	55	0	Ct	0	0	1	0	2	1	0	0	0	0	1	0	0	2	0	2	7	5	2	3	0	0	2	0	2	4	2	0	2	0	1	3	1	1
162155	11 Nov 25	02:39:00	1	0	55	0	Ct	0	0	0	0	3	1	0	2	0	0	0	0	0	3	0	0	0	3	2	2	0	0	1	0	1	0	0	0	2	0	0	2	1	1
162156	11 Nov 25	02:40:00	1	0	55	0	Ct	0	0	0	0	3	0	0	0	0	0	0	0	0	3	3	2	1	1	1	1	0	0	3	0	1	2	0	0	3	0	1	1	2	1
162157	11 Nov 25	02:41:00	1	0	55	0	Ct	0	0	2	0	4	0	13	0	0	0	0	0	0	1	2	0	2	0	1	1	0	0	0	0	1	2	1	0	1	0	2	0	2	2
162158	11 Nov 25	02:42:00	1	0	55	0	Ct	0	0	3	0	4	0	4	0	0	0	2	0	0	2	7	0	0	4	1	0	0	0	2	0	0	1	0	0	3	0	1	3	0	0
162159	11 Nov 25	02:43:00	1	0	55	0	Ct	0	0	1	0	4	0	9	0	0	0	0	0	0	4	0	0	0	2	1	1	0	0	0	0	2	7	0	0	1	0	1	5	1	0
162160	11 Nov 25	02:44:00	1	0	55	0	Ct	0	0	2	0	4	0	4	0	3	0	0	0	0	1	0	2	0	2	1	0	0	0	4	0	2	5	0	0	2	0	0	0	2	2
162161	11 Nov 25	02:45:00	1	0	55	0	Ct	0	0	2	4	4	1	11	0	0	0	0	0	0	2	0	3	0	1	2	1	0	0	1	0	2	0	0	0	1	0	0	1	2	1
162162	11 Nov 25	02:46:00	1	0	55	0	Ct	0	0	1	1	2	2	5	0	0	0	0	1	0	1	0	5	2	3	1	1	2	0	4	0	0	0	0	0	2	0	3	1	2	1
162163	11 Nov 25	02:47:00	1	0	55	0	Ct	0	0	1	0	3	0	10	0	0	0	0	3	2	0	0	6	0	2	1	1	0	0	2	0	0	0	0	0	0	0	1	2	2	1
162164	11 Nov 25	02:48:00	1	0	55	0	Ct	0	0	2	2	5	0	10	0	0	0	0	0	2	0	0	4	1	1	3	2	0	0	1	0	2	0	0	0	1	0	0	2	2	1
162165	11 Nov 25	02:49:00	1	0	55	0	Ct	0	0	1	1	3	0	9	0	2	0	0	0	0	1	0	0	0	4	1	1	0	0	1	0	1	4	0	0	0	0	0	1	3	0
162166	11 Nov 25	02:50:00	1	0	55	0	Ct	0	0	0	1	4	0	6	0	0	0	1	0	0	3	0	5	0	3	0	2	0	0	3	0	2	2	0	0	3	0	2	4	2	2
162167	11 Nov 25	02:51:00	1	0	55	0	Ct	0	0	2	3	4	0	6	0	2	0	2	0	0	1	0	4	0	3	0	1	0	0	3	0	1	2	0	0	2	0	2	4	3	0
162168	11 Nov 25	02:52:00	1	0	55	0	Ct	0	0	2	2	3	0	16	0	0	0	1	0	0	3	0	2	0	2	1	2	0	0	1	0	2	3	0	0	0	0	1	2	2	2
162169	11 Nov 25	02:53:00	1	0	55	0	Ct	0	0	0	0	1	0	0	0	2	0	0	0	1	2	0	2	0	2	1	0	1	0	0	0	2	2	0	0	3	0	3	2	2	2
162170	11 Nov 25	02:54:00	1	0	55	0	Ct	0	0	3	5	3	0	0	0	2	2	0	0	1	2	0	2	2	1	2	3	0	0	0	0	2	1	0	0	1	0	1	5	2	1
162171	11 Nov 25	02:55:00	1	0	55	0	Ct	0	0	2	2	1	0	18	0	2	0	1	0	0	2	0	3	2	4	1	3	1	0	3	0	0	1	0	0	1	0	0	2	3	1
162172	11 Nov 25	02:56:00	1	0	55	0	Ct	0	0	0	2	4	0	7	0	2	0	2	0	0	2	0	1	0	5	1	1	0	0	0	0	0	0	0	0	2	0	1	3	3	0
162173	11 Nov 25	02:57:00	1	0	55	0	Ct	0	0	1	1	3	2	3	0	0	0	1	0	0	3	0	2	0	4	2	0	0	0	3	0	0	2	0	0	0	0	1	4	3	2
162174	11 Nov 25	02:58:00	1	0	55	0	Ct	0	0	2	4	3	0	12	0	0	0	2	0	0	2	0	2	5	1	0	0	0	0	1	0	0	3	0	0	1	0	0	2	4	1
162175	11 Nov 25	02:59:00	1	0	55	0	Ct	0	0	0	4	0	0	0	0	1	0	6	1	0	3	0	1	6	4	2	0	0	0	2	0	2	0	2	0	1	0	0	0	2	1
162176	11 Nov 25	03:00:00	1	0	55	0	Ct	0	0	0	1	2	0	9	0	1	0	1	0	0	1	0	2	3	3	0	0	0	0	1	0	1	4	0	0	1	0	2	3	1	2
162177	11 Nov 25	03:01:00	1	0	55	0	Ct	0	0	0	1	3	0	8	2	1	0	0	0	0	3	2	2	0	1	2	0	0	0	1	0	2	1	2	0	1	0	1	2	3	1
162178	11 Nov 25	03:02:00	1	0	55	0	Ct	0	0	0	3	4	0	0	0	1	0	0	0	0	1	0	2	1	2	0	0	0	0	5	0	1	2	2	2	2	0	2	4	2	2
162179	11 Nov 25	03:03:00	1	0	55	0	Ct	0	0	0	1	3	0	0	2	3	0	1	0	0	2	1	3	3	4	1	2	1	0	1	0	2	0	2	0	0	0	1	2	3	0
162180	11 Nov 25	03:04:00	1	0	55	0	Ct	0	0	0	3	2	0	0	4	0	0	1	0	0	3	1	3	12	4	3	2	1	0	2	0	0	0	2	0	2	0	1	3	3	1
162181	11 Nov 25	03:05:00	1	0	55	0	Ct	0	0	0	1	3	0	0	0	0	0	0	0	0	1	0	2	0	2	0	0	1	0	1	0	0	0	0	0	1	2	0	3	0	1
162182	11 Nov 25	03:06:00	1	0	55	0	Ct	0	0	0	2	3	0	0	0	0	0	0	0	0	2	0	2	0	2	1	4	1	0	3	0	0	1	2	0	1	0	0	2	1	0
162183	11 Nov 25	03:07:00	1	0	55	0	Ct	0	0	2	2	4	0	0	3	0	0	0	0	0	2	0	2	0	2	2	1	0	0	2	0	2	1	1	0	0	0	1	2	4	2
162184	11 Nov 25	03:08:00	1	0	55	0	Ct	0	0	0	1	3	0	0	4	0	0	0	0	0	3	0	2	0	2	2	0	2	0	1	0	2	2	1	0	1	0	3	2	2	3
162185	11 Nov 25	03:09:00	1	0	55	0	Ct	0	0	0	0	2	0	20	1	0	0	2	0	0	2	2	3	0	3	2	1	1	0	0	0	3	1	2	0	1	0	1	2	2	1
162186	11 Nov 25	03:10:00	1	0	55	0	Ct	0	0	3	1	4	2	6	1	0	3	1	0	0	2	1	2	0	2	2	1	1	0	3	0	3	1	2	0	3	0	0	2	1	3
162187	11 Nov 25	03:11:00	1	0	55	0	Ct	0	0	0	1	2	2	1	2	0	0	1	0	0	3	3	3	0	0	2	0	0	0	1	0	4	0	3	0	4	0	0	3	1	0
162188	11 Nov 25	03:12:00	1	0	55	0	Ct	0	0	0	2	2	0	1	2	0	1	2	0	0	1	0	2	0	5	2	0	1	0	3	0	1	2	0	0	4	0	0	2	3	0
162189	11 Nov 25	03:13:00	1	0	55	0	Ct	0	0	2	1	0	0	6	0	0	1	0	0	0	1	3	2	0	4	0	0	1	0	0	0	1	0	2	0	3	0	0	1	5	3
162190	11 Nov 25	03:14:00	1	0	55	0	Ct	0	0	0	1	2	0	9	1	0	0	0	0	0	0	1	0	1	2	0	0	0	0	2	0	2	0	2	0	2	0	0	4	0	1
162191	11 Nov 25	03:15:00	1	0	55	0	Ct	0	0	2	0	0	0	0	2	0	3	0	0	0	0	0	2	0	0	2	0	0	0	1	0	0	2	2	0	2	0	1	1	2	1
162192	11 Nov 25	03:16:00	1	0	55	0	Ct	0	0	2	1	3	0	0	1	0	4	0	0	0	2	0	4	2	1	0	0	0	0	2	0	2	0	1	0	1	2	3	0	3	1
162193	11 Nov 25	03:17:00	1	0	55	0	Ct	0	0	1	1	3	0	10	0	0	4	0	0	0	2	0	6	0	2	0	0	0	0	2	0	2	0	3	0	1	0	0	4	3	4
162194	11 Nov 25	03:18:00	1	0	55	0	Ct	0	0	0	1	0	2	0	0	0	4	0	0	0	2	1	1	0	2	3	0	0	0	0	0	2	2	1	0	3	2	2	2	2	1
162195	11 Nov 25	03:19:00	1	0	55	0	Ct	0	0	1	5	2	0	6	3	0	1	1	0	0	2	4	3	0	4	2	0	0	0	1	0	2	0	12	2	0	0	1	4	2	2
162196	11 Nov 25	03:20:00	1	0	55	0	Ct	0	0	3	1	2	0	8	3	0	3	1	0	0	2	0	0	0	3	1	0	1	0	1	0	3	1	2	0	2	1	1	1	3	1
162197	11 Nov 25	03:21:00	1	0	55	0	Ct	0	0	1	1	2	0	6	4	0	0	1	0	0	1	0	2	0	1	1	0	1	0	0	0	0	1	2	0	0	4	0	4	2	2
162198	11 Nov 25	03:22:00	1	0	55	0	Ct	0	0	0	0	3	0	3	3	0	0	1	0	1	1	0	0	0	2	1	0	0	0	2	0	0	2	1	0	1	1	4	5	1	2
162199	11 Nov 25	03:23:00	1	0	55	0	Ct	0	0	0	1	2	0	10	6	0	7	0	2	1	0	2	3	0	0	0	0	0	0	1	0	4	0	2	0	3	4	3	8	2	0
162200	11 Nov 25	03:24:00	1	0	55	0	Ct	0	0	0	2	3	0	4	2	0	3	1	0	3	2	0	0	0	2	2	0	0	0	2	0	1	0	2	0	2	0	0	4	3	0
162201	11 Nov 25	03:25:00	1	0	55	0	Ct	0	0	0	2	2	0	8	3	0	4	1	0	3	0	0	0	4	1	1	0	0	0	0	0	0	0	1	0	1	0	0	2	3	3
162202	11 Nov 25	03:26:00	1	0	55	0	Ct	0	0	0	1	1	2	24	3	0	3	0	0	0	0	0	2	0	3	1	1	0	0	1	0	2	0	2	0	3	4	1	2	2	1
162203	11 Nov 25	03:27:00	1	0	55	0	Ct	0	0	0	1	2	1	7	2	0	1	0	0	2	1	3	3	22	2	0	1	1	0	2	0	0	0	2	0	0	1	1	2	1	2
162204	11 Nov 25	03:28:00	1	0	55	0	Ct	0	0	0	1	2	3	0	4	0	6	0	0	0	2	0	0	8	2	2	2	1	0	4	0	0	0	3	0	2	1	0	2	2	1
162205	11 Nov 25	03:29:00	1	0	55	0	Ct	0	0	1	2	2	0	0	3	0	4	0	0	0	4	0	3	0	1	2	0	0	0	5	0	2	0	2	0	2	1	2	2	3	0
162206	11 Nov 25	03:30:00	1	0	55	0	Ct	0	0	3	0	2	3	5	2	0	1	0	0	0	1	0	2	6	0	4	0	0	0	5	0	2	0	1	0	2	2	1	3	2	2
162207	11 Nov 25	03:31:00	1	0	55	0	Ct	0	0	0	1	0	1	10	7	0	4	0	1	1	0	2	2	1	2	2	2	0	0	4	0	0	0	1	0	1	0	4	2	2	0
162208	11 Nov 25	03:32:00	1	0	55	0	Ct	0	0	2	1	3	0	1	1	0	1	0	1	2	0	1	3	0	0	0	0	1	0	3	0	0	0	3	0	0	0	2	0	4	1
162209	11 Nov 25	03:33:00	1	0	55	0	Ct	0	0	1	1	1	2	0	0	0	2	5	0	1	0	1	1	5	1	2	0	0	0	4	0	0	0	1	0	1	2	3	3	3	1
162210	11 Nov 25	03:34:00	1	0	55	0	Ct	0	0	1	0	1	1	0	2	0	3	2	0	3	0	0	1	2	3	0	0	3	0	2	0	0	0	1	0	2	0	3	4	5	2
162211	11 Nov 25	03:35:00	1	0	55	0	Ct	0	0	0	0	1	1	0	2	0	4	2	0	1	0	4	1	0	0	0	0	6	0	1	0	0	0	1	0	0	0	0	2	2	0
162212	11 Nov 25	03:36:00	1	0	55	0	Ct	0	0	4	0	4	0	10	2	0	1	0	0	0	0	0	2	0	0	2	2	2	0	3	0	2	0	2	0	1	2	0	2	2	2
162213	11 Nov 25	03:37:00	1	0	55	0	Ct	0	0	1	1	2	0	0	0	0	1	0	0	0	0	0	0	2	0	0	1	1	0	1	0	0	0	4	0	0	0	0	0	2	0
162214	11 Nov 25	03:38:00	1	0	55	0	Ct	0	0	1	2	3	0	0	1	0	3	0	0	2	0	0	0	0	0	3	1	1	0	3	0	2	0	3	0	0	0	0	3	1	2
162215	11 Nov 25	03:39:00	1	0	55	0	Ct	0	0	1	1	1	4	0	1	0	2	0	0	2	0	1	0	0	4	0	0	0	0	1	0	2	0	1	0	1	1	1	2	3	0
162216	11 Nov 25	03:40:00	1	0	55	0	Ct	0	0	0	2	1	0	10	2	0	4	0	0	2	0	1	3	2	3	2	0	0	0	1	0	0	0	3	0	3	1	0	0	4	0
162217	11 Nov 25	03:41:00	1	0	55	0	Ct	0	0	2	1	3	0	3	2	0	0	3	0	0	0	1	5	0	1	1	0	1	0	2	0	2	0	2	0	1	2	0	1	3	2
162218	11 Nov 25	03:42:00	1	0	55	0	Ct	0	0	0	2	5	1	0	1	0	2	2	0	0	0	2	0	0	4	1	0	4	0	2	0	2	0	2	0	0	0	1	1	1	1
162219	11 Nov 25	03:43:00	1	0	55	0	Ct	0	0	1	0	0	1	0	1	0	2	1	1	0	0	1	3	2	4	2	0	0	0	2	0	0	0	2	0	3	1	5	0	0	1
162220	11 Nov 25	03:44:00	1	0	55	0	Ct	0	0	3	3	0	0	0	0	0	1	0	2	0	0	0	3	5	1	0	0	1	0	0	0	0	4	1	0	0	1	0	2	0	0
162221	11 Nov 25	03:45:00	1	0	55	0	Ct	0	0	1	1	1	0	4	2	0	1	1	1	1	0	1	2	3	4	2	0	2	0	3	0	2	0	1	0	2	0	0	2	2	2
162222	11 Nov 25	03:46:00	1	0	55	0	Ct	0	0	0	1	1	0	3	2	0	1	3	0	1	1	0	0	2	3	0	0	0	0	0	0	0	2	1	0	1	2	0	2	1	0
162223	11 Nov 25	03:47:00	1	0	55	0	Ct	0	0	0	0	2	0	21	0	0	1	0	2	0	3	0	2	0	3	2	0	0	0	2	0	2	0	1	0	2	2	3	2	2	0
162224	11 Nov 25	03:48:00	1	0	55	0	Ct	0	0	1	0	0	0	3	3	0	0	3	2	0	3	0	0	0	2	0	0	0	0	0	0	0	2	2	0	1	1	0	1	3	0
162225	11 Nov 25	03:49:00	1	0	55	0	Ct	0	0	1	1	0	0	14	3	0	1	2	1	0	1	2	2	0	1	0	0	0	0	3	0	1	2	2	0	2	1	0	4	2	1
162226	11 Nov 25	03:50:00	1	0	55	0	Ct	0	0	2	0	0	0	0	3	0	4	0	1	2	4	1	0	0	2	2	0	0	0	0	0	2	4	2	0	2	1	0	4	1	1
162227	11 Nov 25	03:51:00	1	0	55	0	Ct	0	0	0	1	2	0	11	2	3	1	0	2	0	2	4	3	0	2	0	0	0	0	0	0	1	2	2	0	3	1	0	3	0	1
162228	11 Nov 25	03:52:00	1	0	55	0	Ct	0	0	0	1	3	1	34	1	0	3	0	0	0	0	4	0	0	2	0	0	0	0	1	0	2	0	2	0	2	2	0	3	0	1
162229	11 Nov 25	03:53:00	1	0	55	0	Ct	0	0	1	0	3	1	1	2	0	3	0	0	0	3	0	2	0	3	0	0	0	0	1	0	0	1	0	0	5	0	0	3	3	0
162230	11 Nov 25	03:54:00	1	0	55	0	Ct	0	0	2	1	2	1	1	3	0	0	0	2	0	1	0	2	0	1	2	0	0	0	0	0	2	3	1	0	4	2	2	4	1	3
162231	11 Nov 25	03:55:00	1	0	55	0	Ct	0	0	1	2	4	1	0	2	0	0	4	3	0	3	1	6	0	0	0	0	4	0	0	0	1	0	1	0	3	1	0	2	2	1
162232	11 Nov 25	03:56:00	1	0	55	0	Ct	0	0	0	0	2	0	0	1	0	1	2	2	0	1	1	2	0	4	1	0	0	0	0	0	1	3	1	3	0	1	2	0	1	0
162233	11 Nov 25	03:57:00	1	0	55	0	Ct	0	0	1	1	0	0	0	0	0	2	0	1	2	1	1	1	1	1	1	0	0	0	3	0	2	0	1	0	2	1	1	3	2	0
162234	11 Nov 25	03:58:00	1	0	55	0	Ct	0	0	1	0	4	1	0	2	1	1	0	3	0	4	3	0	1	3	2	0	0	0	1	0	0	4	2	0	2	1	2	5	2	2
162235	11 Nov 25	03:59:00	1	0	55	0	Ct	0	0	1	1	2	1	0	3	4	2	0	1	0	2	0	2	3	1	0	0	2	0	1	0	0	3	2	2	3	0	2	2	2	0
162236	11 Nov 25	04:00:00	1	0	55	0	Ct	0	0	1	0	2	2	5	0	0	1	0	1	0	1	0	2	0	2	0	0	0	0	1	0	0	0	3	0	2	0	1	1	3	1
162237	11 Nov 25	04:01:00	1	0	55	0	Ct	0	0	2	0	2	0	3	0	0	1	0	1	0	2	0	0	0	4	0	0	0	0	3	0	0	2	1	0	1	4	2	2	4	1
162238	11 Nov 25	04:02:00	1	0	55	0	Ct	0	0	0	0	4	0	4	2	2	2	0	1	0	2	0	0	0	0	0	0	0	0	0	0	2	0	0	0	2	0	1	3	0	2
162239	11 Nov 25	04:03:00	1	0	55	0	Ct	0	0	1	2	1	0	5	2	0	0	0	1	0	1	0	2	0	1	2	0	0	0	2	0	0	3	2	0	0	1	2	2	4	1
162240	11 Nov 25	04:04:00	1	0	55	0	Ct	0	0	2	1	0	0	0	3	0	2	2	1	0	1	0	0	0	2	2	0	0	0	0	0	0	2	1	0	2	1	2	5	4	0
162241	11 Nov 25	04:05:00	1	0	55	0	Ct	0	0	1	1	2	0	0	2	0	1	1	0	0	1	0	2	1	0	0	0	0	0	4	0	2	2	1	0	2	0	2	8	1	0
162242	11 Nov 25	04:06:00	1	0	55	0	Ct	0	0	2	2	0	0	5	1	2	2	1	1	0	2	0	0	0	3	0	0	0	0	6	0	1	1	2	0	1	0	2	5	0	0
162243	11 Nov 25	04:07:00	1	0	55	0	Ct	0	0	0	0	0	1	6	2	4	0	2	2	0	0	2	4	1	2	0	1	0	0	0	0	1	2	3	0	3	0	0	3	1	0
162244	11 Nov 25	04:08:00	1	0	55	0	Ct	0	0	1	2	2	2	4	1	0	2	1	0	0	5	0	2	0	2	2	1	0	0	0	0	2	0	2	0	1	0	1	8	2	0
162245	11 Nov 25	04:09:00	1	0	55	0	Ct	0	0	1	0	3	2	2	0	0	1	1	1	0	2	0	2	0	0	0	0	0	0	0	0	2	0	1	0	1	0	2	3	3	0
162246	11 Nov 25	04:10:00	1	0	55	0	Ct	0	0	0	1	2	2	19	2	0	3	1	2	0	3	0	2	0	1	0	0	0	0	1	1	0	2	1	0	0	0	1	3	2	0
162247	11 Nov 25	04:11:00	1	0	55	0	Ct	0	0	1	0	1	1	0	2	0	0	2	4	0	3	0	2	4	1	0	0	1	0	2	1	2	1	3	0	0	2	1	3	0	0
162248	11 Nov 25	04:12:00	1	0	55	0	Ct	0	0	1	1	2	1	4	3	0	1	2	4	0	2	0	0	0	3	1	2	0	0	1	0	0	0	2	0	0	0	1	1	3	0
162249	11 Nov 25	04:13:00	1	0	55	0	Ct	0	0	0	3	2	2	8	6	2	1	0	3	0	3	0	0	5	3	3	0	0	0	1	0	0	2	0	0	3	0	1	2	2	0
162250	11 Nov 25	04:14:00	1	0	55	0	Ct	0	0	1	1	0	0	11	3	0	3	0	0	0	1	1	2	0	2	1	2	2	0	0	0	0	0	2	0	2	1	1	2	3	0
162251	11 Nov 25	04:15:00	1	0	55	0	Ct	0	0	3	1	2	0	8	3	0	1	3	3	0	3	2	2	0	1	0	0	1	0	1	0	0	0	1	0	1	1	2	1	1	0
162252	11 Nov 25	04:16:00	1	0	55	0	Ct	0	0	0	1	0	0	3	1	0	2	2	1	0	0	0	2	0	0	2	0	2	0	2	0	2	2	4	0	3	1	1	2	1	0
162253	11 Nov 25	04:17:00	1	0	55	0	Ct	0	0	0	2	0	0	0	4	2	0	2	0	0	2	0	2	0	0	0	0	0	0	1	0	0	4	2	0	0	5	3	2	2	0
162254	11 Nov 25	04:18:00	1	0	55	0	Ct	0	0	2	2	2	0	0	1	1	4	3	0	0	2	0	2	1	1	1	0	0	0	4	0	0	0	1	1	2	5	2	2	1	0
162255	11 Nov 25	04:19:00	1	0	55	0	Ct	0	0	2	1	1	0	8	1	1	0	2	0	0	0	0	7	0	2	2	2	2	0	2	0	0	1	3	1	0	1	2	4	1	0
162256	11 Nov 25	04:20:00	1	0	55	0	Ct	0	0	0	0	1	0	13	1	0	0	2	2	0	0	0	0	0	1	0	1	0	0	0	2	0	2	2	1	1	2	4	3	3	0
162257	11 Nov 25	04:21:00	1	0	55	0	Ct	0	0	0	1	0	0	4	1	0	0	1	1	0	0	0	1	0	3	0	2	0	0	1	0	2	1	1	3	3	0	0	11	0	0
162258	11 Nov 25	04:22:00	1	0	55	0	Ct	0	0	0	2	3	0	14	1	1	0	1	1	0	0	0	1	0	0	0	2	0	0	2	0	0	1	1	2	2	2	5	6	2	2
162259	11 Nov 25	04:23:00	1	0	55	0	Ct	0	0	0	0	1	0	0	0	0	0	0	0	1	0	0	2	0	3	0	1	0	0	1	0	2	2	2	3	1	0	2	1	2	0
162260	11 Nov 25	04:24:00	1	0	55	0	Ct	0	0	0	0	6	0	3	3	3	2	1	1	1	0	1	0	0	1	1	2	2	0	0	0	2	0	1	3	9	0	2	3	3	0
162261	11 Nov 25	04:25:00	1	0	55	0	Ct	0	0	1	1	3	0	14	4	1	0	0	0	2	1	0	3	0	0	3	2	0	0	2	0	3	3	1	3	2	0	2	3	2	0
162262	11 Nov 25	04:26:00	1	0	55	0	Ct	0	0	1	1	3	0	18	2	0	2	0	0	0	2	1	2	0	0	0	1	0	0	1	4	2	0	1	3	1	0	6	2	3	0
162263	11 Nov 25	04:27:00	1	0	55	0	Ct	0	0	0	0	1	0	4	2	0	5	1	1	1	1	0	2	0	0	0	3	1	0	1	0	1	0	2	3	1	0	5	2	1	0
162264	11 Nov 25	04:28:00	1	0	55	0	Ct	0	0	0	0	2	0	0	2	0	1	1	0	1	3	0	0	0	2	0	1	4	0	0	4	0	0	1	1	0	2	0	0	0	0
162265	11 Nov 25	04:29:00	1	0	55	0	Ct	0	0	3	0	2	0	0	4	0	0	1	0	1	1	0	0	0	2	0	1	1	0	4	4	2	2	1	2	1	2	2	1	0	0
162266	11 Nov 25	04:30:00	1	0	55	0	Ct	0	0	1	2	3	2	0	2	0	2	1	0	1	3	0	2	0	0	0	2	3	0	0	2	3	3	1	3	2	0	2	2	0	0
162267	11 Nov 25	04:31:00	1	0	55	0	Ct	0	0	2	0	1	2	0	2	0	0	1	0	0	3	0	0	0	2	1	4	2	0	2	3	0	0	0	1	0	0	1	1	0	0
162268	11 Nov 25	04:32:00	1	0	55	0	Ct	0	0	1	1	0	0	0	0	0	1	1	3	0	1	0	0	0	1	1	3	0	0	0	3	3	2	2	3	0	0	3	1	0	0
162269	11 Nov 25	04:33:00	1	0	55	0	Ct	0	0	1	1	2	0	8	1	0	2	0	1	0	2	0	0	0	1	0	1	0	0	2	1	1	1	0	1	1	1	1	3	2	0
162270	11 Nov 25	04:34:00	1	0	55	0	Ct	0	0	1	0	0	0	1	0	0	5	0	0	4	3	0	0	0	0	3	2	0	0	0	3	2	2	1	3	0	1	1	3	2	0
162271	11 Nov 25	04:35:00	1	0	55	0	Ct	0	0	2	1	2	0	9	3	0	1	0	0	1	0	0	0	0	5	0	3	0	0	1	0	3	0	3	2	3	2	2	2	1	0
162272	11 Nov 25	04:36:00	1	0	55	0	Ct	0	0	1	1	2	3	9	0	0	0	2	0	0	1	0	0	0	3	2	4	0	0	1	2	1	2	0	1	2	0	0	3	2	0
162273	11 Nov 25	04:37:00	1	0	55	0	Ct	0	0	0	1	2	2	5	2	0	0	1	1	2	1	0	0	0	0	0	2	0	0	1	2	1	0	4	3	0	0	3	3	4	0
162274	11 Nov 25	04:38:00	1	0	55	0	Ct	0	0	0	1	2	2	0	1	0	0	1	2	3	1	0	4	0	5	0	5	0	0	1	3	1	0	1	1	0	2	1	2	2	0
162275	11 Nov 25	04:39:00	1	0	55	0	Ct	0	0	0	0	3	1	13	2	0	0	2	0	1	3	0	3	0	2	1	4	0	0	2	3	0	1	2	1	2	0	1	2	2	2
162276	11 Nov 25	04:40:00	1	0	55	0	Ct	0	0	0	0	3	0	0	3	0	0	0	1	2	0	2	1	0	2	2	1	0	0	0	1	0	2	0	3	3	0	2	0	2	0
162277	11 Nov 25	04:41:00	1	0	55	0	Ct	0	0	0	2	3	0	31	1	0	1	2	3	2	0	0	2	0	3	0	1	0	0	2	1	2	1	1	2	2	1	1	1	3	2
162278	11 Nov 25	04:42:00	1	0	55	0	Ct	0	0	0	1	4	0	12	1	0	1	2	1	1	0	1	3	0	0	0	3	0	0	0	2	2	16	2	3	3	1	0	1	3	6
162279	11 Nov 25	04:43:00	1	0	55	0	Ct	0	0	0	0	4	1	0	2	0	2	1	0	0	0	2	2	0	1	1	2	0	0	1	1	1	2	2	1	2	2	0	2	2	4
162280	11 Nov 25	04:44:00	1	0	55	0	Ct	0	0	0	1	1	1	0	3	0	1	1	2	2	0	0	2	0	0	1	3	0	0	1	1	1	0	2	1	2	0	1	0	2	0
162281	11 Nov 25	04:45:00	1	0	55	0	Ct	0	0	0	0	1	1	2	1	0	2	0	0	1	2	1	1	0	0	1	1	1	0	1	1	0	1	1	3	2	2	2	0	1	8
162282	11 Nov 25	04:46:00	1	0	55	0	Ct	0	0	0	1	2	1	9	0	0	2	1	0	1	2	0	2	0	4	0	3	1	0	1	1	0	3	2	1	2	0	2	0	2	3
162283	11 Nov 25	04:47:00	1	0	55	0	Ct	0	0	2	1	2	0	6	2	0	0	1	2	0	4	0	3	0	1	3	1	0	0	0	2	2	1	3	2	2	0	2	0	2	2
162284	11 Nov 25	04:48:00	1	0	55	0	Ct	0	0	2	1	1	0	4	0	0	0	2	0	0	2	0	2	0	0	1	2	0	0	1	3	3	2	0	1	1	0	2	0	3	2
162285	11 Nov 25	04:49:00	1	0	55	0	Ct	0	0	2	1	4	0	0	3	1	0	0	0	0	2	1	2	0	0	1	2	0	0	9	2	1	1	2	3	1	0	2	1	2	0
162286	11 Nov 25	04:50:00	1	0	55	0	Ct	0	0	0	0	1	2	0	1	1	1	0	0	2	3	0	0	0	0	2	3	0	0	1	3	2	3	2	3	1	0	2	5	3	2
162287	11 Nov 25	04:51:00	1	0	55	0	Ct	0	0	4	0	4	0	0	0	0	2	1	0	3	2	1	3	0	1	0	2	0	0	0	1	2	0	0	1	0	2	1	4	1	1
162288	11 Nov 25	04:52:00	1	0	55	0	Ct	0	0	2	2	1	0	0	0	0	1	3	0	0	2	2	1	0	3	0	1	1	0	1	2	0	1	1	2	1	0	3	2	0	3
162289	11 Nov 25	04:53:00	1	0	55	0	Ct	0	0	3	0	2	0	0	2	0	0	1	0	0	2	0	2	0	2	1	3	2	0	2	2	2	1	1	2	3	0	2	3	4	1
162290	11 Nov 25	04:54:00	1	0	55	0	Ct	0	0	0	0	3	1	3	2	0	2	1	3	0	1	1	0	0	0	1	1	0	0	1	0	2	2	1	3	0	0	2	2	2	0
162291	11 Nov 25	04:55:00	1	0	55	0	Ct	0	0	0	0	3	1	3	0	0	2	2	0	1	1	1	3	0	2	0	1	1	0	1	2	0	0	0	1	2	0	2	1	0	1
162292	11 Nov 25	04:56:00	1	0	55	0	Ct	0	0	3	1	3	0	2	2	0	0	1	0	2	2	0	4	0	4	0	2	0	0	0	2	0	2	1	2	4	0	2	1	0	2
162293	11 Nov 25	04:57:00	1	0	55	0	Ct	0	0	3	2	3	0	18	0	0	4	0	2	1	1	1	2	0	4	1	1	0	0	1	0	0	0	1	2	1	0	3	3	2	2
162294	11 Nov 25	04:58:00	1	0	55	0	Ct	0	0	0	1	2	0	16	3	0	7	2	1	1	3	4	2	0	0	1	0	0	0	2	2	0	1	2	0	0	0	3	2	1	1
162295	11 Nov 25	04:59:00	1	0	55	0	Ct	0	0	0	0	5	1	8	2	0	4	1	2	1	2	2	2	5	0	0	1	0	0	1	2	2	5	15	3	1	0	2	1	3	1
162296	11 Nov 25	05:00:00	1	0	55	0	Ct	0	0	3	0	2	1	3	2	0	0	5	1	0	1	1	1	0	1	0	1	0	0	1	2	2	8	5	1	2	2	1	2	2	2
162297	11 Nov 25	05:01:00	1	0	55	0	Ct	0	0	1	1	3	1	0	1	0	4	0	0	0	3	0	5	0	1	0	2	1	0	1	2	2	5	2	3	0	1	3	2	1	2
162298	11 Nov 25	05:02:00	1	0	55	0	Ct	0	0	2	1	5	1	5	0	0	1	0	1	2	2	0	3	0	0	2	2	1	0	0	0	0	0	1	3	2	0	2	1	1	4
162299	11 Nov 25	05:03:00	1	0	55	0	Ct	0	0	2	0	8	0	0	1	0	0	0	0	0	1	1	4	1	2	1	1	0	0	0	1	1	0	2	3	2	1	6	4	3	1
162300	11 Nov 25	05:04:00	1	0	55	0	Ct	0	0	0	0	6	1	0	2	0	1	1	0	0	1	1	3	0	1	4	2	0	0	3	3	2	0	1	2	0	8	1	3	4	1
162301	11 Nov 25	05:05:00	1	0	55	0	Ct	0	0	0	0	5	1	0	2	0	1	1	0	0	0	1	2	1	3	1	2	0	0	1	2	1	0	1	2	2	0	1	4	2	1
162302	11 Nov 25	05:06:00	1	0	55	0	Ct	0	0	2	1	6	0	0	1	0	4	2	0	0	1	1	0	2	2	1	4	0	0	2	2	2	0	1	2	2	0	2	3	2	0
162303	11 Nov 25	05:07:00	1	0	55	0	Ct	0	0	2	1	5	0	0	1	0	1	7	0	0	2	0	0	5	3	0	2	0	0	2	0	0	0	2	2	1	1	3	2	2	1
162304	11 Nov 25	05:08:00	1	0	55	0	Ct	0	0	0	0	3	0	2	2	0	1	2	1	0	0	1	0	0	1	3	1	0	0	0	2	2	0	1	2	2	5	0	2	1	1
162305	11 Nov 25	05:09:00	1	0	55	0	Ct	0	0	0	1	4	0	19	2	0	0	0	2	0	1	1	2	0	1	3	0	1	0	1	1	2	0	1	2	0	0	1	2	3	0
162306	11 Nov 25	05:10:00	1	0	55	0	Ct	0	0	0	3	2	0	14	1	0	0	0	1	0	2	0	2	0	1	0	3	1	0	1	2	0	0	4	2	1	1	0	1	2	0
162307	11 Nov 25	05:11:00	1	0	55	0	Ct	0	0	3	9	2	0	3	0	0	2	0	1	0	1	0	0	0	0	1	1	0	0	4	2	2	0	2	2	3	1	0	0	3	0
162308	11 Nov 25	05:12:00	1	0	55	0	Ct	0	0	1	5	5	0	0	4	0	1	0	0	0	2	0	2	0	1	2	2	0	0	0	1	3	1	1	1	1	2	2	2	2	2
162309	11 Nov 25	05:13:00	1	0	55	0	Ct	0	0	1	1	2	0	9	3	0	1	0	2	3	0	0	2	0	4	0	3	0	0	1	2	1	0	1	1	1	0	0	2	0	2
162310	11 Nov 25	05:14:00	1	0	55	0	Ct	0	0	2	2	3	0	2	3	0	2	1	0	2	3	0	0	1	0	2	1	0	0	1	2	0	2	1	4	0	0	1	2	2	0
162311	11 Nov 25	05:15:00	1	0	55	0	Ct	0	0	0	2	4	0	12	1	0	2	1	1	0	0	3	2	7	4	2	2	2	0	2	2	1	2	1	1	1	2	2	2	1	0
162312	11 Nov 25	05:16:00	1	0	55	0	Ct	0	0	0	1	4	0	8	1	0	3	0	0	0	0	0	3	18	0	0	1	0	0	0	1	1	2	1	2	1	1	1	4	3	1
162313	11 Nov 25	05:17:00	1	0	55	0	Ct	0	0	0	1	3	2	8	3	0	1	2	0	0	0	1	2	0	2	1	1	0	0	1	2	3	2	2	0	3	0	3	9	3	1
162314	11 Nov 25	05:18:00	1	0	55	0	Ct	0	0	0	0	4	0	0	2	0	5	2	0	0	0	0	2	3	0	1	2	0	0	1	1	2	4	2	3	0	1	2	2	2	0
162315	11 Nov 25	05:19:00	1	0	55	0	Ct	0	0	0	0	2	0	0	1	0	5	2	3	0	0	0	1	1	1	0	2	0	0	0	2	0	0	3	2	3	1	2	3	1	0
162316	11 Nov 25	05:20:00	1	0	55	0	Ct	0	0	4	0	4	0	7	1	0	1	1	7	2	0	0	1	3	3	1	1	0	0	3	2	2	0	2	2	0	0	1	3	3	0
162317	11 Nov 25	05:21:00	1	0	55	0	Ct	0	0	0	6	4	2	0	1	0	2	1	0	2	0	0	2	4	1	1	1	0	0	0	2	1	1	1	2	0	0	1	1	2	3
162318	11 Nov 25	05:22:00	1	0	55	0	Ct	0	0	0	0	1	0	5	2	0	2	0	0	1	0	0	2	1	9	0	2	0	0	2	1	1	1	3	2	0	0	2	5	0	1
162319	11 Nov 25	05:23:00	1	0	55	0	Ct	0	0	1	2	2	2	0	0	0	0	1	0	0	2	0	2	5	6	2	2	0	0	2	2	0	2	4	2	1	2	2	1	0	1
162320	11 Nov 25	05:24:00	1	0	55	0	Ct	0	0	1	0	4	0	2	2	0	0	1	1	1	2	0	0	0	5	2	2	0	0	0	2	2	2	1	1	3	2	2	0	0	1
162321	11 Nov 25	05:25:00	1	0	55	0	Ct	0	0	2	1	4	0	5	0	0	0	2	0	2	2	0	2	1	3	0	3	0	0	1	1	1	0	1	1	0	1	1	4	2	1
162322	11 Nov 25	05:26:00	1	0	55	0	Ct	0	0	0	0	5	0	6	0	0	0	0	0	0	1	0	0	4	4	0	1	0	0	0	3	1	3	2	3	2	1	4	2	1	0
162323	11 Nov 25	05:27:00	1	0	55	0	Ct	0	0	0	2	3	0	5	3	6	1	0	0	0	1	0	0	0	3	0	0	0	0	6	1	0	2	2	2	1	0	2	3	4	0
162324	11 Nov 25	05:28:00	1	0	55	0	Ct	0	0	0	1	4	0	0	1	0	3	0	0	2	1	0	1	1	2	1	1	0	0	12	1	0	2	0	1	3	1	2	2	2	0
162325	11 Nov 25	05:29:00	1	0	55	0	Ct	0	0	0	11	3	0	16	2	1	1	2	0	1	4	0	1	2	3	1	3	1	0	9	2	0	2	1	3	3	1	3	4	1	0
162326	11 Nov 25	05:30:00	1	0	55	0	Ct	0	0	2	0	3	1	4	0	1	1	2	0	3	1	0	2	0	3	0	0	1	0	2	2	1	3	2	1	2	0	3	2	5	0
162327	11 Nov 25	05:31:00	1	0	55	0	Ct	0	0	0	1	3	0	0	4	0	1	0	0	1	2	0	2	0	0	0	1	0	0	0	1	2	1	0	2	2	2	2	3	4	0
162328	11 Nov 25	05:32:00	1	0	55	0	Ct	0	0	2	2	5	1	3	1	0	2	0	0	0	0	0	2	2	2	4	3	0	0	0	3	2	4	2	1	2	0	2	2	3	2
162329	11 Nov 25	05:33:00	1	0	55	0	Ct	0	0	0	1	2	0	5	2	0	1	0	0	1	3	0	1	0	0	5	3	0	0	0	2	1	1	1	2	1	0	1	2	1	2
162330	11 Nov 25	05:34:00	1	0	55	0	Ct	0	0	0	0	2	0	0	0	1	0	0	0	0	1	0	4	1	4	3	2	0	0	2	0	0	1	1	0	2	2	2	2	2	2
162331	11 Nov 25	05:35:00	1	0	55	0	Ct	0	0	0	0	2	1	9	0	1	1	0	0	0	1	0	3	1	0	2	3	1	0	1	1	4	3	2	0	4	2	2	2	2	1
162332	11 Nov 25	05:36:00	1	0	55	0	Ct	0	0	0	0	2	1	15	1	2	0	3	0	0	1	0	2	3	0	2	1	4	0	0	0	1	0	1	3	0	0	1	2	1	2
162333	11 Nov 25	05:37:00	1	0	55	0	Ct	0	0	1	0	3	1	2	3	2	0	0	0	1	2	0	4	2	0	2	1	2	0	0	2	0	2	1	1	2	0	3	1	1	2
162334	11 Nov 25	05:38:00	1	0	55	0	Ct	0	0	2	2	4	1	9	2	0	1	1	1	1	4	0	1	10	3	0	0	7	0	2	2	1	4	1	3	3	0	2	1	0	1
162335	11 Nov 25	05:39:00	1	0	55	0	Ct	0	0	1	1	4	0	0	2	0	5	2	2	2	0	2	2	3	2	2	2	2	0	2	2	2	1	2	2	0	2	1	2	0	2
162336	11 Nov 25	05:40:00	1	0	55	0	Ct	0	0	1	0	5	0	15	1	0	1	2	1	1	1	1	1	0	1	0	0	2	0	2	0	1	1	0	2	2	1	1	2	2	1
162337	11 Nov 25	05:41:00	1	0	55	0	Ct	0	0	2	1	3	0	4	2	1	0	1	3	1	2	3	0	1	1	1	2	3	0	0	0	1	1	1	1	1	1	4	2	4	0
162338	11 Nov 25	05:42:00	1	0	55	0	Ct	0	0	3	2	8	0	0	1	1	0	1	3	0	0	1	2	28	2	2	0	1	0	4	2	3	1	0	2	1	1	1	3	2	0
162339	11 Nov 25	05:43:00	1	0	55	0	Ct	0	0	2	0	4	2	0	2	1	2	0	1	1	2	0	2	0	3	1	0	2	0	1	0	0	1	1	1	1	0	2	1	3	2
162340	11 Nov 25	05:44:00	1	0	55	0	Ct	0	0	3	1	4	2	0	2	3	0	1	1	0	2	1	2	0	1	0	0	1	0	1	2	0	3	2	1	0	0	2	6	3	1
162341	11 Nov 25	05:45:00	1	0	55	0	Ct	0	0	1	1	4	0	0	0	0	0	1	1	1	0	1	2	0	2	1	0	2	0	1	3	2	1	1	1	1	0	1	2	2	2
162342	11 Nov 25	05:46:00	1	0	55	0	Ct	0	0	0	1	6	0	0	1	0	1	0	0	2	0	0	0	0	2	1	1	0	0	1	1	0	1	1	0	0	0	0	4	3	1
162343	11 Nov 25	05:47:00	1	0	55	0	Ct	0	0	1	0	5	0	0	1	2	1	0	4	0	1	0	1	4	1	2	1	1	0	8	0	0	0	2	0	1	0	3	2	3	1
162344	11 Nov 25	05:48:00	1	0	55	0	Ct	0	0	1	1	3	3	7	2	0	0	2	2	1	2	0	3	2	1	1	0	4	0	1	1	0	0	0	1	0	0	2	2	3	1
162345	11 Nov 25	05:49:00	1	0	55	0	Ct	0	0	0	0	3	0	10	2	2	0	2	0	1	0	3	3	0	2	0	2	0	0	1	2	2	2	1	1	2	0	1	3	1	2
162346	11 Nov 25	05:50:00	1	0	55	0	Ct	0	0	0	1	2	0	10	1	0	0	0	1	0	0	0	2	1	3	0	2	1	0	2	1	0	1	1	2	1	0	0	3	2	0
162347	11 Nov 25	05:51:00	1	0	55	0	Ct	0	0	0	0	4	2	3	0	0	2	0	1	1	0	2	0	1	7	0	1	1	0	0	0	1	2	1	0	2	0	1	2	0	3
162348	11 Nov 25	05:52:00	1	0	55	0	Ct	0	0	2	4	4	2	0	0	0	0	2	3	1	0	1	0	1	0	2	0	2	0	0	0	1	2	0	2	0	0	1	3	0	2
162349	11 Nov 25	05:53:00	1	0	55	0	Ct	0	0	0	2	3	0	5	1	2	0	0	2	0	1	0	3	0	0	0	3	2	0	3	2	2	2	2	1	1	2	0	1	0	0
162350	11 Nov 25	05:54:00	1	0	55	0	Ct	0	0	2	6	1	0	10	1	4	3	3	1	0	3	1	6	2	1	2	2	1	0	5	0	0	3	1	1	5	2	2	3	0	2
162351	11 Nov 25	05:55:00	1	0	55	0	Ct	0	0	0	0	4	0	10	0	1	0	0	0	0	2	1	3	8	4	1	1	1	0	1	2	3	4	1	2	2	0	2	2	3	1
162352	11 Nov 25	05:56:00	1	0	55	0	Ct	0	0	0	1	3	0	0	0	4	0	0	1	2	2	1	3	3	3	2	0	0	0	3	2	2	2	2	1	3	0	2	3	2	1
162353	11 Nov 25	05:57:00	1	0	55	0	Ct	0	0	2	8	3	2	6	2	1	2	2	5	0	2	1	4	0	1	2	1	0	0	0	0	1	2	0	1	2	1	5	2	1	0
162354	11 Nov 25	05:58:00	1	0	55	0	Ct	0	0	0	0	3	2	12	0	0	3	1	1	1	1	0	0	0	1	2	1	0	0	0	2	2	1	1	1	1	1	1	3	3	0
162355	11 Nov 25	05:59:00	1	0	55	0	Ct	0	0	0	0	3	1	13	0	0	2	1	2	1	1	0	0	0	0	0	1	1	0	0	1	2	1	1	2	0	0	1	1	3	1
162356	11 Nov 25	06:00:00	1	0	55	0	Ct	0	0	2	0	2	0	8	0	5	3	0	2	1	1	2	0	0	4	2	6	2	0	0	0	0	4	0	2	1	2	0	0	3	1
162357	11 Nov 25	06:01:00	1	0	55	0	Ct	0	0	0	2	1	0	17	0	0	0	0	4	1	1	2	5	0	1	0	0	0	0	1	1	0	0	0	1	2	0	2	3	3	3
162358	11 Nov 25	06:02:00	1	0	55	0	Ct	0	0	0	0	2	1	3	0	0	4	0	8	1	2	0	3	3	2	0	1	0	0	1	0	0	0	1	2	1	0	0	0	2	0
162359	11 Nov 25	06:03:00	1	0	55	0	Ct	0	0	0	1	4	5	3	0	2	0	1	4	2	1	0	3	0	0	1	1	0	0	0	2	0	0	1	0	2	0	4	3	3	2
162360	11 Nov 25	06:04:00	1	0	55	0	Ct	0	0	2	1	4	1	10	3	3	2	1	1	0	1	0	2	1	2	2	1	0	0	0	1	2	0	0	1	2	1	1	2	1	2
162361	11 Nov 25	06:05:00	1	0	55	0	Ct	0	0	2	0	4	3	3	1	1	1	3	1	1	0	0	2	0	1	2	1	2	0	0	4	1	1	2	2	0	1	1	2	3	0
162362	11 Nov 25	06:06:00	1	0	55	0	Ct	0	0	1	0	0	4	4	0	2	1	2	1	1	0	0	2	5	1	0	2	1	0	0	4	0	1	0	1	0	0	2	5	4	2
162363	11 Nov 25	06:07:00	1	0	55	0	Ct	0	0	2	1	5	0	24	1	0	0	1	0	1	0	0	2	0	3	0	0	3	0	2	1	1	0	0	1	0	0	1	4	3	2
162364	11 Nov 25	06:08:00	1	0	55	0	Ct	0	0	2	1	2	0	5	1	0	0	1	0	0	2	1	2	0	2	2	0	1	0	1	2	1	0	2	2	0	0	2	2	2	0
162365	11 Nov 25	06:09:00	1	0	55	0	Ct	0	0	1	1	4	0	20	1	0	2	1	0	1	2	0	2	3	2	1	0	1	0	4	3	2	1	2	0	0	0	2	2	1	1
162366	11 Nov 25	06:10:00	1	0	55	0	Ct	0	0	2	1	4	0	17	2	0	0	2	0	1	2	0	3	1	0	0	0	0	0	3	1	4	1	1	2	2	0	0	1	0	0
162367	11 Nov 25	06:11:00	1	0	55	0	Ct	0	0	2	0	3	0	5	1	0	0	2	0	0	2	1	3	0	2	2	0	1	0	3	1	2	0	2	2	1	1	1	3	0	1
162368	11 Nov 25	06:12:00	1	0	55	0	Ct	0	0	2	0	1	0	20	0	2	0	0	0	0	3	4	2	6	2	0	0	2	0	1	0	2	0	1	0	3	1	2	1	0	2
162369	11 Nov 25	06:13:00	1	0	55	0	Ct	0	0	1	2	3	0	9	2	2	3	2	1	2	4	0	4	3	0	1	0	0	0	5	0	0	0	1	0	2	0	3	4	2	0
162370	11 Nov 25	06:14:00	1	0	55	0	Ct	0	0	1	0	4	0	18	2	0	3	1	2	0	2	0	2	0	4	2	0	0	0	1	0	0	0	0	2	1	0	1	1	2	2
162371	11 Nov 25	06:15:00	1	0	55	0	Ct	0	0	0	0	2	0	0	3	4	1	0	1	2	1	0	1	2	3	2	0	0	0	2	0	0	1	2	1	1	0	2	0	2	0
162372	11 Nov 25	06:16:00	1	0	55	0	Ct	0	0	0	0	3	0	0	1	2	1	1	0	3	1	0	5	1	4	3	1	0	0	1	0	2	2	4	1	5	1	2	0	2	0
162373	11 Nov 25	06:17:00	1	0	55	0	Ct	0	0	1	0	0	0	7	0	1	2	3	3	0	2	0	0	0	0	0	3	0	0	10	2	0	3	1	4	0	1	2	1	2	2
162374	11 Nov 25	06:18:00	1	0	55	0	Ct	0	0	2	1	2	0	6	2	2	0	0	0	0	1	0	2	0	2	0	1	0	0	3	2	2	1	2	1	2	2	2	5	2	1
162375	11 Nov 25	06:19:00	1	0	55	0	Ct	0	0	0	1	4	0	12	1	3	2	2	1	0	2	0	2	0	0	0	1	0	0	1	0	0	2	0	1	0	0	2	3	0	2
162376	11 Nov 25	06:20:00	1	0	55	0	Ct	0	0	0	0	9	2	8	2	2	0	2	1	0	2	0	2	0	4	0	0	0	0	3	1	3	2	1	1	3	2	2	3	2	2
162377	11 Nov 25	06:21:00	1	0	55	0	Ct	0	0	2	2	3	0	14	0	3	0	2	0	1	1	2	4	2	0	2	1	0	0	0	2	2	3	1	2	2	2	0	2	0	2
162378	11 Nov 25	06:22:00	1	0	55	0	Ct	0	0	0	1	3	1	12	3	2	2	2	0	2	2	1	2	0	2	0	2	0	0	2	0	1	1	2	0	1	0	1	2	1	1
162379	11 Nov 25	06:23:00	1	0	55	0	Ct	0	0	0	0	3	1	1	0	0	1	1	1	1	4	0	5	0	1	2	2	0	0	1	1	2	2	0	2	3	1	1	0	1	0
162380	11 Nov 25	06:24:00	1	0	55	0	Ct	0	0	3	0	4	4	3	1	2	2	2	1	1	2	0	3	0	3	0	0	1	0	1	2	2	1	2	0	1	0	3	5	2	0
162381	11 Nov 25	06:25:00	1	0	55	0	Ct	0	0	1	1	2	3	6	2	3	0	1	2	1	3	0	0	0	0	0	1	2	0	2	1	2	2	2	7	1	1	1	3	2	1
162382	11 Nov 25	06:26:00	1	0	55	0	Ct	0	0	1	1	4	1	6	8	2	0	3	2	3	1	0	4	0	0	0	1	1	0	1	1	1	1	2	0	1	1	3	2	3	1
162383	11 Nov 25	06:27:00	1	0	55	0	Ct	0	0	1	0	2	1	8	1	0	0	2	0	1	0	1	3	0	2	1	0	0	0	1	2	3	2	2	2	0	0	1	0	4	1
162384	11 Nov 25	06:28:00	1	0	55	0	Ct	0	0	2	0	4	1	1	6	2	3	1	2	1	0	0	2	2	2	2	2	0	0	1	0	0	1	2	2	0	0	1	1	3	0
162385	11 Nov 25	06:29:00	1	0	55	0	Ct	0	0	1	2	5	0	13	0	0	1	0	0	1	0	1	4	1	0	0	2	2	0	2	2	1	2	1	0	0	2	1	0	2	2
162386	11 Nov 25	06:30:00	1	0	55	0	Ct	0	0	0	0	6	0	0	2	2	1	2	1	0	0	3	4	2	3	0	0	7	0	1	1	1	1	2	2	2	2	1	0	1	0
162387	11 Nov 25	06:31:00	1	0	55	0	Ct	0	0	2	1	6	0	0	2	0	1	1	2	0	0	3	4	2	1	1	1	0	0	2	1	2	1	1	0	0	0	1	1	3	1
162388	11 Nov 25	06:32:00	1	0	55	0	Ct	0	0	2	0	5	1	7	0	0	2	0	0	0	2	3	0	0	1	1	2	0	0	0	0	2	0	1	2	0	0	3	3	2	0
162389	11 Nov 25	06:33:00	1	0	55	0	Ct	0	0	0	0	6	1	4	0	0	1	1	1	0	3	2	3	1	0	0	0	1	0	1	0	2	1	3	0	0	0	4	2	1	2
162390	11 Nov 25	06:34:00	1	0	55	0	Ct	0	0	2	0	3	0	5	2	0	0	2	1	0	0	1	6	0	0	0	0	2	0	0	0	2	2	3	2	0	1	3	2	2	1
162391	11 Nov 25	06:35:00	1	0	55	0	Ct	0	0	1	0	4	0	9	2	2	1	2	1	0	0	4	4	1	1	2	0	1	0	1	0	0	2	3	0	4	2	1	0	1	1
162392	11 Nov 25	06:36:00	1	0	55	0	Ct	0	0	0	0	4	0	5	3	3	2	3	0	0	0	5	2	0	0	0	2	0	0	1	1	0	0	1	0	0	1	2	3	2	2
162393	11 Nov 25	06:37:00	1	0	55	0	Ct	0	0	3	0	4	0	5	3	1	0	0	0	0	0	0	0	0	1	0	2	1	0	1	1	2	2	1	0	0	1	1	2	3	1
162394	11 Nov 25	06:38:00	1	0	55	0	Ct	0	0	3	0	3	0	6	2	2	1	0	0	1	0	1	2	1	2	3	0	0	0	1	0	3	0	0	1	0	1	1	2	2	0
162395	11 Nov 25	06:39:00	1	0	55	0	Ct	0	0	2	2	2	0	3	3	0	1	2	0	3	0	0	2	1	3	0	2	0	0	3	1	2	0	1	2	0	2	2	5	3	0
162396	11 Nov 25	06:40:00	1	0	55	0	Ct	0	0	0	0	3	0	0	3	2	0	0	0	1	0	6	4	0	1	2	0	0	0	2	1	2	0	1	0	0	0	3	1	2	0
162397	11 Nov 25	06:41:00	1	0	55	0	Ct	0	0	3	0	4	0	7	1	0	3	3	0	0	0	0	2	3	2	0	0	0	0	3	1	2	0	2	1	0	1	4	2	3	1
162398	11 Nov 25	06:42:00	1	0	55	0	Ct	0	0	3	4	4	0	6	1	1	4	2	1	0	0	0	2	0	1	0	0	0	0	1	2	2	0	1	0	0	1	0	2	3	1
162399	11 Nov 25	06:43:00	1	0	55	0	Ct	0	0	0	1	4	0	3	1	1	1	5	1	0	0	0	4	1	1	2	0	1	0	7	1	2	0	2	1	0	0	4	3	2	2
162400	11 Nov 25	06:44:00	1	0	55	0	Ct	0	0	1	0	3	2	0	2	3	0	1	0	0	0	0	3	0	1	2	2	1	0	2	0	3	0	4	1	0	0	4	1	0	0
162401	11 Nov 25	06:45:00	1	0	55	0	Ct	0	0	1	0	5	0	0	2	0	0	1	2	2	2	2	1	0	2	0	0	0	0	2	0	2	0	2	2	1	0	2	0	3	1
162402	11 Nov 25	06:46:00	1	0	55	0	Ct	0	0	0	2	6	2	9	1	0	2	2	2	0	2	2	0	0	0	1	2	4	0	2	0	2	0	3	0	1	2	4	3	3	3
162403	11 Nov 25	06:47:00	1	0	55	0	Ct	0	0	0	0	5	0	10	4	2	0	1	0	0	2	0	0	0	2	1	2	0	0	1	2	1	0	1	3	3	0	2	2	2	2
162404	11 Nov 25	06:48:00	1	0	55	0	Ct	0	0	1	0	4	0	18	2	1	3	2	2	0	3	2	2	0	0	2	0	4	0	1	2	0	0	2	2	1	0	2	2	4	1
162405	11 Nov 25	06:49:00	1	0	55	0	Ct	0	0	1	0	4	0	5	3	3	1	2	4	0	2	0	2	0	0	0	3	0	0	4	0	1	0	1	0	1	1	1	3	7	2
162406	11 Nov 25	06:50:00	1	0	55	0	Ct	0	0	1	0	1	0	15	3	0	1	3	0	2	1	0	3	0	0	1	0	2	0	2	2	3	0	2	3	2	1	3	2	5	1
162407	11 Nov 25	06:51:00	1	0	55	0	Ct	0	0	1	0	4	2	0	2	0	0	2	2	1	2	0	2	1	0	2	4	1	0	1	1	1	0	2	1	0	0	4	8	7	2
162408	11 Nov 25	06:52:00	1	0	55	0	Ct	0	0	1	0	5	0	8	2	0	0	3	2	1	1	0	2	0	2	0	1	0	0	1	1	3	2	1	1	5	0	1	6	5	2
162409	11 Nov 25	06:53:00	1	0	55	0	Ct	0	0	2	0	1	0	16	0	0	0	0	1	1	1	1	2	1	2	0	2	0	0	3	2	1	2	3	0	0	0	1	2	4	0
162410	11 Nov 25	06:54:00	1	0	55	0	Ct	0	0	2	2	2	0	5	2	0	0	0	3	1	1	1	2	6	2	2	1	2	0	1	1	4	2	1	0	0	0	2	5	1	1
162411	11 Nov 25	06:55:00	1	0	55	0	Ct	0	0	1	1	3	0	2	2	0	1	1	1	1	3	0	2	4	2	0	0	2	0	1	1	0	3	3	0	2	0	1	3	4	1
162412	11 Nov 25	06:56:00	1	0	55	0	Ct	0	0	2	3	4	2	5	2	2	1	5	1	1	2	0	0	0	0	3	1	1	0	2	1	0	2	1	0	0	0	3	3	4	0
162413	11 Nov 25	06:57:00	1	0	55	0	Ct	0	0	3	0	4	1	4	1	1	1	3	1	1	0	0	0	1	1	7	0	1	0	0	1	2	1	0	0	3	0	7	3	2	2
162414	11 Nov 25	06:58:00	1	0	55	0	Ct	0	0	0	0	5	1	20	3	0	5	1	0	1	2	1	2	9	2	1	2	0	0	0	1	2	3	2	0	1	0	1	2	3	0
162415	11 Nov 25	06:59:00	1	0	55	0	Ct	0	0	0	1	4	9	30	1	0	2	1	0	2	2	2	3	9	0	4	1	0	0	1	1	2	1	0	0	0	0	0	4	3	0
162416	11 Nov 25	07:00:00	1	0	55	0	Ct	0	0	2	2	3	3	0	0	1	2	0	0	0	2	1	0	0	1	2	1	1	0	2	0	0	3	1	1	2	1	1	6	3	2
162417	11 Nov 25	07:01:00	1	0	55	0	Ct	0	0	0	0	3	0	16	4	1	2	1	1	0	1	0	2	2	0	2	0	0	0	1	2	2	2	1	1	0	2	3	2	31	0
162418	11 Nov 25	07:02:00	1	0	55	0	Ct	0	0	2	0	4	1	2	3	0	0	1	4	0	2	3	2	9	2	2	1	1	0	1	0	3	0	2	0	1	1	1	2	3	1
162419	11 Nov 25	07:03:00	1	0	55	0	Ct	0	0	0	0	4	1	7	1	2	2	0	1	0	1	2	2	4	1	0	1	1	0	2	0	2	2	0	0	0	2	4	3	4	1
162420	11 Nov 25	07:04:00	1	0	55	0	Ct	0	0	3	2	3	0	11	2	0	0	0	1	2	0	2	2	0	0	1	1	0	0	1	2	0	0	0	1	0	2	3	3	1	2
162421	11 Nov 25	07:05:00	1	0	55	0	Ct	0	0	3	0	4	0	8	3	2	0	0	3	0	0	1	5	0	1	1	2	0	0	2	1	1	2	2	1	0	1	0	5	4	1
162422	11 Nov 25	07:06:00	1	0	55	0	Ct	0	0	1	1	2	0	11	2	0	0	0	0	0	0	0	2	0	2	0	2	0	0	0	1	3	0	2	2	0	1	0	3	2	1
162423	11 Nov 25	07:07:00	1	0	55	0	Ct	0	0	1	0	2	1	0	3	0	1	0	0	0	1	1	3	0	2	2	1	2	0	2	0	3	2	0	0	0	1	3	1	3	2
162424	11 Nov 25	07:08:00	1	0	55	0	Ct	0	0	0	1	3	1	4	3	2	2	4	0	1	1	1	2	0	2	0	2	0	0	0	1	2	3	1	2	0	1	3	0	7	0
162425	11 Nov 25	07:09:00	1	0	55	0	Ct	0	0	1	0	3	0	9	3	0	4	1	0	1	2	0	3	0	2	0	0	1	0	1	1	0	2	1	0	0	1	6	1	0	0
162426	11 Nov 25	07:10:00	1	0	55	0	Ct	0	0	1	0	2	2	8	1	0	1	2	0	1	1	1	2	0	0	0	2	3	0	3	0	1	0	2	2	2	1	2	3	0	1
162427	11 Nov 25	07:11:00	1	0	55	0	Ct	0	0	2	0	3	0	12	1	0	0	2	0	1	3	2	0	0	2	0	2	1	0	1	0	3	2	1	0	3	0	3	3	4	1
162428	11 Nov 25	07:12:00	1	0	55	0	Ct	0	0	0	0	4	1	8	2	0	0	2	2	1	2	1	5	2	0	2	1	1	0	3	0	1	2	1	2	2	2	2	1	2	1
162429	11 Nov 25	07:13:00	1	0	55	0	Ct	0	0	0	8	5	1	2	2	0	2	2	1	1	2	9	1	1	2	2	1	0	0	2	0	2	1	0	0	0	0	1	3	3	1
162430	11 Nov 25	07:14:00	1	0	55	0	Ct	0	0	2	1	2	0	0	1	0	1	1	2	0	0	4	1	0	2	1	2	0	0	1	2	0	1	0	0	3	0	1	1	3	1
162431	11 Nov 25	07:15:00	1	0	55	0	Ct	0	0	2	0	2	0	6	3	0	1	3	2	1	2	1	3	0	5	2	2	1	0	0	3	0	2	3	0	5	1	1	1	4	1
162432	11 Nov 25	07:16:00	1	0	55	0	Ct	0	0	0	1	2	1	6	0	0	1	1	1	1	0	3	2	0	2	0	1	5	0	0	1	0	0	1	0	1	1	2	1	3	0
162433	11 Nov 25	07:17:00	1	0	55	0	Ct	0	0	0	0	5	1	6	1	0	1	1	1	0	0	1	2	1	2	2	2	8	0	1	1	1	1	0	0	2	1	4	3	3	2
162434	11 Nov 25	07:18:00	1	0	55	0	Ct	0	0	0	2	3	0	2	3	0	0	1	1	0	4	2	5	11	2	0	3	2	0	1	2	2	2	2	2	1	1	0	2	1	1
162435	11 Nov 25	07:19:00	1	0	55	0	Ct	0	0	1	1	4	2	39	2	0	2	0	1	0	0	2	8	0	2	2	2	1	0	2	3	1	1	1	2	1	2	2	2	3	1
162436	11 Nov 25	07:20:00	1	0	55	0	Ct	0	0	2	1	4	0	4	2	1	0	0	1	0	0	2	4	0	1	0	3	0	0	0	0	0	0	1	2	3	1	0	5	2	0
162437	11 Nov 25	07:21:00	1	0	55	0	Ct	0	0	0	0	3	0	17	2	1	0	0	0	0	3	0	3	1	2	1	1	0	0	1	3	2	1	0	1	0	1	2	2	2	0
162438	11 Nov 25	07:22:00	1	0	55	0	Ct	0	0	2	1	1	0	16	3	0	2	1	2	0	1	2	3	1	2	1	3	0	0	3	0	2	1	2	1	0	1	2	2	4	0
162439	11 Nov 25	07:23:00	1	0	55	0	Ct	0	0	0	1	0	0	14	2	0	2	1	1	0	1	0	3	0	1	0	5	0	0	1	2	1	2	0	0	0	1	3	2	3	0
162440	11 Nov 25	07:24:00	1	0	55	0	Ct	0	0	0	0	0	0	9	0	2	0	0	0	0	2	0	0	0	0	2	0	0	0	1	0	1	5	1	2	0	1	4	5	1	0
162441	11 Nov 25	07:25:00	1	0	55	0	Ct	0	0	0	3	5	1	2	2	1	0	1	1	0	3	1	2	8	0	0	3	0	0	1	0	0	0	1	1	0	1	1	2	3	0
162442	11 Nov 25	07:26:00	1	0	55	0	Ct	0	0	1	2	3	1	8	2	3	1	2	0	0	1	2	2	15	2	0	2	2	0	2	2	2	3	0	1	2	0	1	8	3	3
162443	11 Nov 25	07:27:00	1	0	55	0	Ct	0	0	1	1	3	2	8	2	0	1	1	2	0	3	2	3	7	1	0	3	0	0	2	0	1	3	0	0	2	2	1	3	4	2
162444	11 Nov 25	07:28:00	1	0	55	0	Ct	0	0	1	2	4	1	2	2	2	3	2	2	1	0	0	4	0	2	1	1	0	0	1	0	3	0	0	2	0	0	1	5	3	1
162445	11 Nov 25	07:29:00	1	0	55	0	Ct	0	0	5	0	3	4	18	2	2	0	2	1	1	0	0	5	0	2	1	1	0	0	2	0	0	2	2	0	3	0	1	5	6	3
162446	11 Nov 25	07:30:00	1	0	55	0	Ct	0	0	0	0	2	1	9	2	0	0	1	3	0	4	0	1	1	0	1	3	0	0	0	1	1	1	1	1	1	1	1	1	0	0
162447	11 Nov 25	07:31:00	1	0	55	0	Ct	0	0	0	2	3	1	4	1	1	2	1	1	0	0	2	2	2	1	1	2	0	0	2	1	2	3	0	8	1	1	4	4	1	1
162448	11 Nov 25	07:32:00	1	0	55	0	Ct	0	0	2	0	2	0	2	0	1	1	0	0	0	1	2	1	11	2	0	0	0	0	1	0	3	0	2	3	0	0	2	3	1	1
162449	11 Nov 25	07:33:00	1	0	55	0	Ct	0	0	0	1	3	0	17	1	1	2	3	1	0	8	1	0	5	2	1	2	0	0	1	0	2	1	0	3	0	0	0	3	1	0
162450	11 Nov 25	07:34:00	1	0	55	0	Ct	0	0	2	1	4	0	12	1	3	1	1	0	0	2	0	2	9	1	1	2	1	0	0	2	1	1	3	0	0	0	1	2	2	2
162451	11 Nov 25	07:35:00	1	0	55	0	Ct	0	0	0	0	2	0	7	2	1	2	1	2	0	0	1	5	14	2	2	2	1	0	2	0	1	1	3	1	0	0	4	3	4	1
162452	11 Nov 25	07:36:00	1	0	55	0	Ct	0	0	2	0	1	0	6	2	1	2	1	0	0	0	3	1	20	1	1	3	0	0	0	1	3	1	3	0	0	0	3	3	4	2
162453	11 Nov 25	07:37:00	1	0	55	0	Ct	0	0	2	1	4	0	5	3	0	1	2	0	0	1	2	2	8	0	3	0	0	0	0	2	2	2	2	1	2	0	0	2	3	1
162454	11 Nov 25	07:38:00	1	0	55	0	Ct	0	0	0	0	2	0	3	0	0	2	2	1	1	2	2	1	0	4	0	2	0	0	1	0	3	4	1	2	2	0	0	2	2	1
162455	11 Nov 25	07:39:00	1	0	55	0	Ct	0	0	1	1	3	1	6	0	0	0	2	0	1	1	2	1	0	1	1	1	0	0	1	0	0	1	2	1	3	0	1	2	3	2
162456	11 Nov 25	07:40:00	1	0	55	0	Ct	0	0	1	0	4	3	12	3	3	2	0	0	1	3	4	3	0	4	0	1	0	0	1	0	0	1	2	2	1	2	1	3	0	2
162457	11 Nov 25	07:41:00	1	0	55	0	Ct	0	0	0	0	3	2	3	2	1	0	1	1	1	1	2	2	0	0	2	1	0	0	1	1	2	0	2	0	2	0	1	2	0	0
162458	11 Nov 25	07:42:00	1	0	55	0	Ct	0	0	1	2	4	0	7	2	0	2	1	3	0	1	0	2	0	3	0	1	0	0	3	1	2	0	0	2	1	2	1	2	0	0
162459	11 Nov 25	07:43:00	1	0	55	0	Ct	0	0	3	0	4	2	15	1	2	6	1	1	0	3	1	2	30	0	0	1	0	0	1	0	0	4	1	1	3	2	0	5	0	0
162460	11 Nov 25	07:44:00	1	0	55	0	Ct	0	0	1	1	1	1	3	1	0	2	0	1	0	1	0	1	13	2	2	1	0	0	0	0	2	2	1	1	5	1	0	1	2	0
162461	11 Nov 25	07:45:00	1	0	55	0	Ct	0	0	0	1	2	1	4	1	2	5	1	0	0	1	1	1	33	2	1	3	0	0	2	0	1	3	3	1	2	1	0	0	3	0
162462	11 Nov 25	07:46:00	1	0	55	0	Ct	0	0	0	0	5	0	0	3	0	2	0	0	0	0	1	6	6	1	1	1	0	0	0	1	1	3	2	1	1	1	0	6	2	2
162463	11 Nov 25	07:47:00	1	0	55	0	Ct	0	0	0	0	4	1	4	2	2	1	1	2	0	0	7	2	1	4	0	0	0	0	2	2	3	0	2	0	0	1	0	4	4	0
162464	11 Nov 25	07:48:00	1	0	55	0	Ct	0	0	0	1	4	2	6	3	0	0	1	0	0	0	1	3	0	2	0	1	0	0	3	1	1	0	2	2	3	0	0	2	2	0
162465	11 Nov 25	07:49:00	1	0	55	0	Ct	0	0	1	2	2	1	8	1	7	3	2	2	0	0	1	3	0	3	0	2	0	0	1	0	3	2	2	0	1	0	1	3	4	0
162466	11 Nov 25	07:50:00	1	0	55	0	Ct	0	0	3	0	10	0	7	0	1	2	1	0	0	0	3	2	0	1	1	2	0	0	0	0	2	0	0	0	0	0	1	2	2	2
162467	11 Nov 25	07:51:00	1	0	55	0	Ct	0	0	1	1	5	3	3	2	1	1	1	0	0	0	3	2	2	1	1	1	0	0	1	0	0	3	5	1	2	0	1	2	2	3
162468	11 Nov 25	07:52:00	1	0	55	0	Ct	0	0	2	0	4	0	6	0	1	2	0	0	0	0	2	2	0	3	0	2	0	0	1	2	1	2	5	1	0	0	3	3	4	1
162469	11 Nov 25	07:53:00	1	0	55	0	Ct	0	0	1	2	2	0	4	0	0	2	2	0	0	0	1	4	2	1	0	5	0	0	1	2	2	1	0	0	2	1	0	1	2	1
162470	11 Nov 25	07:54:00	1	0	55	0	Ct	0	0	0	1	3	0	23	2	1	0	0	0	0	0	2	3	0	1	0	3	3	0	1	0	3	0	1	1	0	1	2	2	1	0
162471	11 Nov 25	07:55:00	1	0	55	0	Ct	0	0	0	1	3	1	9	2	1	1	0	0	0	0	3	3	1	0	0	0	1	0	0	2	2	2	1	1	1	2	3	2	4	0
162472	11 Nov 25	07:56:00	1	0	55	0	Ct	0	0	0	2	2	1	8	1	1	2	0	0	0	0	1	3	1	3	0	1	6	0	2	0	2	2	1	2	1	2	2	2	3	0
162473	11 Nov 25	07:57:00	1	0	55	0	Ct	0	0	0	0	2	0	6	0	1	2	0	0	2	0	1	0	0	1	0	4	4	0	0	2	1	0	2	1	1	0	3	4	1	1
162474	11 Nov 25	07:58:00	1	0	55	0	Ct	0	0	0	0	2	0	7	0	0	0	0	0	1	3	2	2	5	1	0	2	0	0	1	0	2	0	2	1	2	2	2	2	2	5
162475	11 Nov 25	07:59:00	1	0	55	0	Ct	0	0	1	0	1	0	0	1	1	0	1	0	1	2	1	2	4	2	0	2	1	0	1	0	3	0	1	1	0	0	1	1	1	2
162476	11 Nov 25	08:00:00	1	0	55	0	Ct	0	0	1	0	3	0	6	3	4	3	0	0	2	1	0	3	14	3	0	2	2	0	2	0	2	1	1	1	2	0	3	1	3	0
162477	11 Nov 25	08:01:00	1	0	55	0	Ct	0	0	4	1	2	0	3	3	1	2	1	0	0	0	0	2	1	0	2	2	2	0	2	1	2	2	4	1	0	2	0	3	3	1
162478	11 Nov 25	08:02:00	1	0	55	0	Ct	0	0	1	1	3	2	3	1	0	0	0	0	0	2	1	2	1	0	0	2	2	0	0	1	2	2	1	1	0	0	1	3	2	1
162479	11 Nov 25	08:03:00	1	0	55	0	Ct	0	0	1	1	1	0	3	1	3	0	0	0	2	0	2	1	0	1	0	2	2	0	1	0	0	2	1	1	1	1	2	1	1	1
162480	11 Nov 25	08:04:00	1	0	55	0	Ct	0	0	0	2	3	2	0	0	2	2	0	0	2	0	2	4	1	3	2	3	1	0	1	0	1	0	2	1	3	1	2	6	2	3
162481	11 Nov 25	08:05:00	1	0	55	0	Ct	0	0	2	0	3	0	17	0	2	1	0	3	0	0	1	2	1	1	2	3	6	0	0	0	3	3	1	2	0	3	2	2	2	1
162482	11 Nov 25	08:06:00	1	0	55	0	Ct	0	0	0	0	4	0	11	1	0	1	0	2	0	1	1	0	2	5	0	0	1	0	2	2	2	1	1	1	0	1	2	0	2	0
162483	11 Nov 25	08:07:00	1	0	55	0	Ct	0	0	0	1	2	1	1	2	0	1	0	1	2	4	1	10	1	0	2	3	0	0	2	0	1	2	1	1	3	1	1	2	3	2
162484	11 Nov 25	08:08:00	1	0	55	0	Ct	0	0	0	1	1	1	6	1	2	4	3	3	0	0	2	11	0	1	0	2	0	0	7	2	1	0	0	1	2	0	1	1	2	2
162485	11 Nov 25	08:09:00	1	0	55	0	Ct	0	0	3	4	3	0	0	1	0	2	2	1	0	0	0	3	0	1	2	1	0	0	1	0	0	2	3	1	0	0	1	3	2	1
162486	11 Nov 25	08:10:00	1	0	55	0	Ct	0	0	2	0	5	1	2	0	2	0	1	2	0	2	0	3	0	2	2	0	1	0	6	1	0	1	2	1	3	1	3	2	3	1
162487	11 Nov 25	08:11:00	1	0	55	0	Ct	0	0	0	1	3	1	12	1	1	0	0	2	1	0	2	5	0	2	0	1	7	0	2	1	2	1	0	0	3	2	1	4	1	2
162488	11 Nov 25	08:12:00	1	0	55	0	Ct	0	0	2	1	3	0	10	1	3	2	1	1	1	0	2	4	0	0	4	4	2	0	4	1	0	0	0	2	3	3	3	1	3	1
162489	11 Nov 25	08:13:00	1	0	55	0	Ct	0	0	3	0	2	0	4	2	1	2	2	2	1	0	0	0	6	5	0	3	1	0	4	2	2	1	2	1	0	1	3	2	2	1
162490	11 Nov 25	08:14:00	1	0	55	0	Ct	0	0	0	1	0	2	8	0	0	1	2	1	1	0	3	1	0	1	1	2	0	0	1	1	2	1	1	2	2	1	1	3	1	1
162491	11 Nov 25	08:15:00	1	0	55	0	Ct	0	0	2	1	3	0	3	1	1	1	2	1	1	2	0	5	0	1	1	1	1	0	4	0	0	0	1	1	0	2	2	1	0	0
162492	11 Nov 25	08:16:00	1	0	55	0	Ct	0	0	0	0	3	0	5	2	1	0	2	1	1	4	2	2	0	1	0	2	0	0	0	1	0	4	1	0	1	0	2	1	1	0
162493	11 Nov 25	08:17:00	1	0	55	0	Ct	0	0	2	0	4	0	4	2	1	0	1	3	0	1	1	2	0	0	0	2	0	0	1	1	2	2	0	2	0	1	0	2	4	0
162494	11 Nov 25	08:18:00	1	0	55	0	Ct	0	0	0	0	2	1	9	1	1	0	2	3	1	1	1	2	1	2	0	2	0	0	1	0	2	2	0	2	1	0	1	1	3	2
162495	11 Nov 25	08:19:00	1	0	55	0	Ct	0	0	0	0	3	1	10	2	0	0	1	1	2	0	4	3	1	7	0	2	1	0	2	0	0	1	0	0	1	2	1	1	3	2
162496	11 Nov 25	08:20:00	1	0	55	0	Ct	0	0	2	1	5	0	3	1	1	2	0	1	1	2	0	5	0	6	0	0	0	0	2	0	0	0	0	0	0	1	1	1	1	0
162497	11 Nov 25	08:21:00	1	0	55	0	Ct	0	0	0	1	1	0	13	2	1	0	0	0	0	1	1	6	3	4	0	3	0	0	2	0	2	2	0	0	0	0	2	2	2	0
162498	11 Nov 25	08:22:00	1	0	55	0	Ct	0	0	1	0	4	0	0	0	0	2	0	2	2	1	2	2	1	0	0	1	0	0	1	0	0	3	0	0	0	11	3	2	4	0
162499	11 Nov 25	08:23:00	1	0	55	0	Ct	0	0	1	1	2	0	2	1	2	2	0	2	0	1	4	2	7	3	0	1	0	0	2	0	2	2	3	4	0	0	0	4	3	0
162500	11 Nov 25	08:24:00	1	0	55	0	Ct	0	0	0	1	7	0	0	1	2	0	2	1	0	3	1	2	0	2	0	0	0	0	2	0	2	0	0	2	1	0	0	1	2	1
162501	11 Nov 25	08:25:00	1	0	55	0	Ct	0	0	0	1	2	0	6	2	2	1	1	2	0	0	1	0	1	1	2	0	0	0	0	0	0	1	1	2	1	2	0	1	2	2
162502	11 Nov 25	08:26:00	1	0	55	0	Ct	0	0	0	1	3	0	5	0	2	0	1	0	0	0	2	3	0	0	0	0	0	0	4	0	2	1	1	1	1	1	0	0	4	1
162503	11 Nov 25	08:27:00	1	0	55	0	Ct	0	0	0	0	4	0	4	0	1	2	3	0	0	2	0	1	0	1	0	0	0	0	0	1	2	0	1	1	4	1	0	0	1	1
162504	11 Nov 25	08:28:00	1	0	55	0	Ct	0	0	0	3	3	0	0	0	0	0	1	0	0	0	3	4	1	3	2	0	0	0	1	2	2	2	2	2	3	0	2	1	2	1
162505	11 Nov 25	08:29:00	1	0	55	0	Ct	0	0	0	0	4	2	11	2	5	0	0	1	0	2	3	2	0	2	1	0	0	0	1	1	0	0	1	1	3	1	0	2	2	2
162506	11 Nov 25	08:30:00	1	0	55	0	Ct	0	0	0	0	1	0	4	2	3	2	3	1	2	2	0	0	0	1	1	0	0	0	1	0	1	1	1	2	1	1	2	2	3	1
162507	11 Nov 25	08:31:00	1	0	55	0	Ct	0	0	0	0	4	2	4	3	2	1	1	1	4	0	2	4	3	3	1	0	0	0	1	2	1	1	2	0	5	0	1	2	2	1
162508	11 Nov 25	08:32:00	1	0	55	0	Ct	0	0	0	0	0	0	0	2	2	2	0	2	1	3	3	2	0	1	0	0	0	0	0	0	2	0	2	0	6	0	1	1	2	2
162509	11 Nov 25	08:33:00	1	0	55	0	Ct	0	0	0	1	3	0	11	0	0	2	0	0	13	2	1	2	0	1	0	0	0	0	3	0	2	0	0	0	3	2	0	4	3	2
162510	11 Nov 25	08:34:00	1	0	55	0	Ct	0	0	1	1	3	0	3	1	1	4	0	0	1	2	3	2	0	0	1	0	0	0	0	0	0	0	1	1	0	1	2	3	1	2
162511	11 Nov 25	08:35:00	1	0	55	0	Ct	0	0	1	0	3	0	19	3	1	1	0	0	0	2	0	0	0	4	1	2	0	0	2	0	2	1	1	1	0	2	1	4	2	1
162512	11 Nov 25	08:36:00	1	0	55	0	Ct	0	0	2	4	3	0	5	1	0	0	2	0	1	3	0	2	0	2	0	4	0	0	6	0	2	1	0	2	3	1	3	2	3	2
162513	11 Nov 25	08:37:00	1	0	55	0	Ct	0	0	3	0	4	0	4	4	0	4	2	2	1	1	2	3	0	3	0	1	1	0	3	2	0	2	0	1	0	0	2	5	2	1
162514	11 Nov 25	08:38:00	1	0	55	0	Ct	0	0	2	0	2	0	0	1	3	0	0	2	1	2	0	3	0	2	1	2	1	0	2	2	3	1	0	1	3	0	2	1	3	1
162515	11 Nov 25	08:39:00	1	0	55	0	Ct	0	0	1	0	2	0	5	1	1	1	2	1	1	1	2	0	0	1	1	1	3	0	0	0	1	2	0	1	3	3	2	2	2	0
162516	11 Nov 25	08:40:00	1	0	55	0	Ct	0	0	3	0	2	0	5	0	0	0	2	1	0	0	1	3	0	1	0	1	0	0	2	0	0	2	0	4	2	1	2	1	0	1
162517	11 Nov 25	08:41:00	1	0	55	0	Ct	0	0	0	0	5	0	3	0	0	0	0	1	0	0	3	5	0	5	1	1	3	0	0	0	2	1	1	1	0	3	1	1	1	0
162518	11 Nov 25	08:42:00	1	0	55	0	Ct	0	0	0	0	3	0	0	4	0	0	2	0	0	0	0	2	0	2	1	1	0	0	0	0	3	2	1	0	1	0	0	2	0	1
162519	11 Nov 25	08:43:00	1	0	55	0	Ct	0	0	1	1	1	0	9	2	0	0	3	0	0	0	0	2	0	0	0	1	0	0	2	3	2	0	2	0	1	1	2	3	0	1
162520	11 Nov 25	08:44:00	1	0	55	0	Ct	0	0	1	1	2	1	2	3	0	0	1	0	0	0	1	4	0	4	5	2	0	0	0	0	3	2	0	0	2	1	0	3	3	0
162521	11 Nov 25	08:45:00	1	0	55	0	Ct	0	0	0	0	2	1	4	1	3	0	1	0	1	0	2	4	0	1	0	2	0	0	2	0	2	0	2	0	1	0	3	3	1	0
162522	11 Nov 25	08:46:00	1	0	55	0	Ct	0	0	0	0	3	2	5	0	1	0	2	0	2	0	1	3	1	1	3	2	0	0	0	1	1	0	0	2	4	1	1	3	1	0
162523	11 Nov 25	08:47:00	1	0	55	0	Ct	0	0	0	0	2	0	2	0	0	1	2	0	1	0	0	2	3	2	3	0	0	0	2	1	0	1	2	1	0	1	2	2	1	0
162524	11 Nov 25	08:48:00	1	0	55	0	Ct	0	0	0	0	4	2	1	1	0	3	0	0	0	3	1	10	1	5	0	0	2	0	0	0	0	2	1	1	2	0	0	0	0	0
162525	11 Nov 25	08:49:00	1	0	55	0	Ct	0	0	0	3	3	0	15	3	0	0	2	0	0	5	3	1	0	1	0	2	2	0	1	0	1	1	1	2	1	1	2	0	0	1
162526	11 Nov 25	08:50:00	1	0	55	0	Ct	0	0	3	1	4	3	6	6	0	1	0	0	0	3	2	4	0	1	0	1	5	0	2	0	1	1	0	1	2	1	0	2	0	5
162527	11 Nov 25	08:51:00	1	0	55	0	Ct	0	0	0	1	3	0	13	3	0	2	2	0	0	3	4	1	0	1	0	2	8	0	1	0	0	1	0	1	0	1	2	3	0	0
162528	11 Nov 25	08:52:00	1	0	55	0	Ct	0	0	0	1	3	0	1	2	2	0	0	0	0	1	1	5	8	3	2	0	1	0	0	0	2	1	0	0	2	0	0	2	0	2
162529	11 Nov 25	08:53:00	1	0	55	0	Ct	0	0	0	0	1	0	15	2	0	1	1	0	0	4	1	2	5	1	0	4	2	0	1	0	2	3	0	0	1	2	2	1	0	1
162530	11 Nov 25	08:54:00	1	0	55	0	Ct	0	0	0	1	1	0	0	1	0	1	2	0	0	1	3	0	0	0	0	2	1	0	4	0	2	0	1	0	2	1	0	1	5	2
162531	11 Nov 25	08:55:00	1	0	55	0	Ct	0	0	0	2	4	0	13	1	0	0	2	0	0	3	1	0	3	0	2	0	2	0	1	0	2	0	2	0	2	0	1	2	4	3
162532	11 Nov 25	08:56:00	1	0	55	0	Ct	0	0	0	1	3	0	3	0	0	0	1	0	0	1	0	0	9	1	0	3	0	0	1	0	2	0	1	0	0	0	1	3	3	0
162533	11 Nov 25	08:57:00	1	0	55	0	Ct	0	0	0	0	3	0	2	4	0	0	0	0	0	2	3	2	0	2	0	3	2	0	2	3	0	2	2	0	0	2	1	3	3	0
162534	11 Nov 25	08:58:00	1	0	55	0	Ct	0	0	0	0	5	0	9	0	2	0	1	0	0	2	4	4	3	1	0	2	12	0	0	0	0	2	1	0	0	0	1	4	1	0
162535	11 Nov 25	08:59:00	1	0	55	0	Ct	0	0	2	1	4	0	5	3	0	2	1	0	0	1	1	5	15	1	1	1	4	0	1	0	0	0	1	0	2	1	2	5	1	0
162536	11 Nov 25	09:00:00	1	0	55	0	Ct	0	0	0	0	2	0	21	2	0	0	2	1	0	2	1	4	10	2	1	2	1	0	1	0	0	2	3	0	1	0	5	5	1	1
162537	11 Nov 25	09:01:00	1	0	55	0	Ct	0	0	2	1	2	0	0	1	0	0	0	0	0	0	1	1	4	1	0	2	0	0	1	0	0	0	0	0	2	0	1	4	0	1
162538	11 Nov 25	09:02:00	1	0	55	0	Ct	0	0	1	0	4	0	0	2	3	4	1	2	0	2	1	0	0	1	0	2	0	0	1	0	4	2	2	0	1	2	3	4	0	0
162539	11 Nov 25	09:03:00	1	0	55	0	Ct	0	0	1	0	0	0	5	6	0	0	3	0	0	4	3	4	0	2	0	2	0	0	0	0	2	2	1	0	0	1	2	4	0	1
162540	11 Nov 25	09:04:00	1	0	55	0	Ct	0	0	1	0	0	0	1	5	0	0	0	0	0	1	2	2	0	1	0	1	0	0	2	0	3	2	1	3	5	0	2	3	0	2
162541	11 Nov 25	09:05:00	1	0	55	0	Ct	0	0	0	0	3	0	0	2	1	1	1	2	0	2	2	1	0	0	2	2	0	0	0	0	2	2	0	2	3	1	2	2	0	0
162542	11 Nov 25	09:06:00	1	0	55	0	Ct	0	0	2	0	3	0	8	2	1	4	0	0	0	0	0	3	0	5	0	1	0	0	1	0	1	2	2	3	2	2	1	1	0	0
162543	11 Nov 25	09:07:00	1	0	55	0	Ct	0	1	1	1	3	3	3	6	1	2	0	1	1	1	1	2	1	2	0	2	1	0	2	2	3	1	1	3	0	3	1	3	2	1
162544	11 Nov 25	09:08:00	1	0	55	0	Ct	0	1	0	0	0	0	19	1	3	0	0	1	0	2	2	3	0	0	2	0	1	0	1	0	2	5	1	1	0	0	0	3	0	0
162545	11 Nov 25	09:09:00	1	0	55	0	Ct	0	1	1	0	0	0	0	1	0	1	1	0	1	0	0	0	0	0	0	2	0	0	1	0	0	3	1	0	1	3	0	0	0	1
162546	11 Nov 25	09:10:00	1	0	55	0	Ct	0	1	0	0	1	0	0	0	0	0	0	0	0	0	0	0	0	0	0	2	0	0	0	0	1	2	2	0	2	0	0	0	0	0
162547	11 Nov 25	09:11:00	1	0	55	0	Ct	0	1	0	1	0	0	0	0	0	0	0	0	0	1	0	0	0	0	0	0	0	0	0	0	0	0	0	0	3	1	0	0	0	0
162548	11 Nov 25	09:12:00	1	0	55	0	Ct	0	1	0	0	0	0	0	0	0	0	0	0	0	0	0	0	1	0	0	0	0	0	0	0	0	0	0	0	2	0	0	0	0	0
162549	11 Nov 25	09:13:00	1	0	55	0	Ct	0	1	0	0	0	0	0	0	0	0	0	0	0	0	0	0	0	0	0	0	0	0	0	0	0	0	0	0	1	3	0	0	0	0
162550	11 Nov 25	09:14:00	1	0	55	0	Ct	0	1	0	0	0	0	0	0	0	0	0	0	0	0	2	0	0	0	0	0	2	0	0	0	0	0	0	0	0	0	0	0	0	0
162551	11 Nov 25	09:15:00	1	0	55	0	Ct	0	1	0	0	0	0	0	0	0	0	0	0	0	0	4	1	0	0	0	0	0	0	0	0	0	0	0	0	0	4	0	0	0	0
162552	11 Nov 25	09:16:00	1	0	55	0	Ct	0	1	0	0	0	0	0	0	0	0	0	0	0	0	1	0	0	0	0	0	0	0	0	0	0	0	0	0	0	0	0	0	0	0
162553	11 Nov 25	09:17:00	1	0	55	0	Ct	0	1	0	0	0	0	0	0	0	0	0	0	0	0	2	0	0	0	0	0	0	0	0	0	0	0	0	0	0	0	0	0	0	0
162554	11 Nov 25	09:18:00	1	0	55	0	Ct	0	1	0	0	0	0	0	0	0	0	0	0	0	0	0	0	0	0	0	0	0	0	0	0	0	0	0	0	0	1	0	0	0	0
162555	11 Nov 25	09:19:00	1	0	55	0	Ct	0	1	0	0	0	0	0	0	0	0	0	0	0	0	0	0	0	0	0	0	0	0	0	0	0	0	0	0	0	0	0	0	0	0
162556	11 Nov 25	09:20:00	1	0	55	0	Ct	0	1	0	0	0	0	0	0	0	0	0	0	0	0	2	0	0	1	0	0	0	0	0	0	0	0	0	0	0	0	0	0	0	0
162557	11 Nov 25	09:21:00	1	0	55	0	Ct	0	1	0	0	0	0	0	0	0	0	0	0	0	0	1	0	0	0	0	0	0	0	0	0	0	0	0	0	0	0	0	0	0	0
162558	11 Nov 25	09:22:00	1	0	55	0	Ct	0	1	0	0	0	0	0	0	0	0	0	0	0	0	0	0	0	0	0	0	0	0	0	0	0	0	0	0	0	0	0	0	0	0
162559	11 Nov 25	09:23:00	1	0	55	0	Ct	0	1	0	0	0	0	0	0	0	0	0	0	0	0	0	0	0	0	0	0	0	0	0	0	0	0	0	0	0	0	0	0	0	0
162560	11 Nov 25	09:24:00	1	0	55	0	Ct	0	1	0	0	0	0	0	0	0	0	0	0	0	0	0	0	0	0	0	0	0	0	0	0	1	0	0	0	0	0	0	0	0	0
162561	11 Nov 25	09:25:00	1	0	55	0	Ct	0	1	0	0	0	0	0	0	0	0	0	0	0	0	0	0	0	0	0	0	0	0	0	0	0	0	0	0	0	0	0	0	0	0
162562	11 Nov 25	09:26:00	1	0	55	0	Ct	0	1	0	0	0	0	0	0	0	0	0	0	0	0	0	0	0	0	0	0	0	0	0	0	0	0	0	0	0	0	0	0	0	0
162563	11 Nov 25	09:27:00	1	0	55	0	Ct	0	1	0	0	0	0	0	0	0	0	0	0	0	0	0	0	0	0	0	0	0	0	0	0	0	0	0	0	0	0	0	0	0	0
162564	11 Nov 25	09:28:00	1	0	55	0	Ct	0	1	0	0	0	0	0	0	0	0	0	0	0	0	0	0	0	0	0	0	0	0	0	0	0	0	0	0	0	0	0	0	0	0
162565	11 Nov 25	09:29:00	1	0	55	0	Ct	0	1	0	0	0	0	0	0	0	1	0	0	0	0	0	0	0	0	0	0	0	0	0	0	0	0	0	0	0	0	0	0	0	0
162566	11 Nov 25	09:30:00	1	0	55	0	Ct	0	1	0	0	1	0	0	0	0	2	0	0	0	0	0	0	0	0	0	0	0	0	0	0	2	0	0	0	0	0	0	0	0	0
162567	11 Nov 25	09:31:00	1	0	55	0	Ct	0	1	0	0	2	0	0	1	0	0	0	0	0	0	0	0	0	0	0	0	0	0	0	0	2	0	0	0	0	0	0	0	0	0
162568	11 Nov 25	09:32:00	1	0	55	0	Ct	0	1	0	0	0	0	0	1	0	0	0	0	0	0	0	0	7	0	0	0	0	0	0	0	0	0	0	0	0	0	0	0	0	0
162569	11 Nov 25	09:33:00	1	0	55	0	Ct	0	1	0	0	0	0	0	0	0	0	0	0	0	0	0	0	0	0	0	0	0	0	0	0	0	0	0	0	0	0	0	0	0	0
162570	11 Nov 25	09:34:00	1	0	55	0	Ct	0	1	0	0	0	0	0	0	0	6	0	0	0	0	0	0	0	0	0	0	0	0	0	0	2	0	0	0	0	0	0	0	0	0
162571	11 Nov 25	09:35:00	1	0	55	0	Ct	0	1	0	0	0	0	0	0	0	0	0	0	0	0	0	0	0	0	0	0	0	0	0	0	2	0	0	0	0	0	0	0	0	0
162572	11 Nov 25	09:36:00	1	0	55	0	Ct	0	1	0	0	0	0	0	3	0	0	0	0	0	0	0	0	1	0	0	0	0	0	0	0	0	0	0	0	0	0	0	0	0	0
162573	11 Nov 25	09:37:00	1	0	55	0	Ct	0	1	0	0	0	0	0	1	0	2	0	0	0	0	0	0	1	0	0	0	0	0	0	0	0	0	0	0	0	0	0	0	0	0
162574	11 Nov 25	09:38:00	1	0	55	0	Ct	0	1	0	0	0	0	0	1	0	2	0	0	0	0	0	0	0	0	0	0	0	0	0	0	0	0	0	0	0	0	0	0	0	0
162575	11 Nov 25	09:39:00	1	0	55	0	Ct	0	1	0	0	0	0	0	2	0	3	0	0	0	0	0	0	0	0	0	0	0	0	0	0	0	0	0	0	0	0	0	0	0	0
162576	11 Nov 25	09:40:00	1	0	55	0	Ct	0	1	0	0	0	0	0	0	0	1	0	0	0	0	0	0	2	0	0	0	0	0	0	0	1	0	0	0	0	0	0	0	0	0
162577	11 Nov 25	09:41:00	1	0	55	0	Ct	0	1	0	0	0	0	0	1	0	2	0	0	0	0	0	0	4	0	0	0	0	0	0	0	1	0	0	0	0	0	0	0	0	0
162578	11 Nov 25	09:42:00	1	0	55	0	Ct	0	1	0	0	0	0	0	2	0	4	0	0	0	0	0	0	1	1	0	0	0	0	0	0	1	0	0	0	0	0	0	0	0	0
162579	11 Nov 25	09:43:00	1	0	55	0	Ct	0	1	0	0	0	0	0	1	0	2	0	0	0	0	0	0	3	2	0	0	0	0	0	0	2	0	0	0	0	0	0	0	0	0
162580	11 Nov 25	09:44:00	1	0	55	0	Ct	0	1	0	0	0	0	0	0	0	1	0	0	0	0	0	0	0	0	0	0	0	0	0	0	2	0	0	0	0	0	0	0	0	0
162581	11 Nov 25	09:45:00	1	0	55	0	Ct	0	1	0	0	0	0	0	1	0	0	0	0	0	0	0	0	0	0	0	0	0	0	0	0	1	0	0	0	0	0	0	0	0	0
162582	11 Nov 25	09:46:00	1	0	55	0	Ct	0	1	0	0	0	0	0	4	0	0	0	0	0	0	0	0	0	0	0	1	0	0	0	0	0	0	0	0	0	0	0	0	0	0
162583	11 Nov 25	09:47:00	1	0	55	0	Ct	0	1	0	0	0	0	0	2	0	0	0	0	0	0	0	0	3	0	0	1	0	0	0	0	0	0	0	0	0	0	0	0	0	0
162584	11 Nov 25	09:48:00	1	0	55	0	Ct	0	1	0	0	0	0	0	2	0	0	0	0	0	0	0	0	0	0	0	0	0	0	0	0	2	0	0	0	0	0	0	0	0	0
162585	11 Nov 25	09:49:00	1	0	55	0	Ct	0	1	0	0	0	0	0	3	0	2	0	0	0	0	0	0	0	0	0	0	0	0	1	0	0	0	0	0	0	0	0	0	0	0
162586	11 Nov 25	09:50:00	1	0	55	0	Ct	0	1	0	0	0	0	0	3	0	3	0	0	0	0	0	0	1	0	0	0	0	0	0	0	0	0	0	0	0	0	0	0	0	0
162587	11 Nov 25	09:51:00	1	0	55	0	Ct	0	1	0	0	0	0	0	3	0	0	0	0	0	0	0	0	5	0	0	0	0	0	0	0	0	0	0	0	0	0	0	0	0	0
162588	11 Nov 25	09:52:00	1	0	55	0	Ct	0	1	0	0	0	0	0	2	0	0	0	0	0	0	0	0	0	0	0	0	0	0	0	0	0	0	0	0	0	0	0	0	0	0
162589	11 Nov 25	09:53:00	1	0	55	0	Ct	0	1	0	0	0	0	0	2	0	1	0	0	0	0	0	3	0	0	0	0	0	0	0	0	2	0	0	0	0	0	0	0	0	0
162590	11 Nov 25	09:54:00	1	0	55	0	Ct	0	1	0	0	0	0	0	3	0	4	0	0	0	0	0	1	0	0	0	0	0	0	0	0	0	0	0	0	0	0	0	0	0	0
162591	11 Nov 25	09:55:00	1	0	55	0	Ct	0	1	0	0	0	0	0	2	0	0	0	0	0	0	0	0	0	0	0	0	0	0	0	0	0	0	0	0	0	0	0	0	0	0
162592	11 Nov 25	09:56:00	1	0	55	0	Ct	0	1	0	0	0	0	0	2	0	0	0	0	0	0	0	0	1	1	0	0	0	0	0	0	0	0	0	0	0	0	0	0	0	0
162593	11 Nov 25	09:57:00	1	0	55	0	Ct	0	1	0	0	0	0	0	2	0	1	0	0	0	0	0	0	1	0	0	0	0	0	0	0	0	0	0	0	0	0	0	0	0	0
162594	11 Nov 25	09:58:00	1	0	55	0	Ct	0	1	0	0	0	0	0	2	0	1	0	0	0	0	0	0	1	1	0	0	0	0	0	0	0	0	0	0	0	0	0	0	0	0
162595	11 Nov 25	09:59:00	1	0	55	0	Ct	0	1	0	0	0	0	0	3	0	0	0	0	0	0	0	0	2	1	0	0	0	0	0	0	0	0	0	0	0	0	0	0	0	0
162596	11 Nov 25	10:00:00	1	0	55	0	Ct	0	1	0	0	0	0	0	4	0	2	0	0	0	0	0	2	0	1	0	0	0	0	0	0	0	0	0	0	0	0	0	0	0	0
162597	11 Nov 25	10:01:00	1	0	55	0	Ct	0	1	0	0	0	0	0	1	0	2	0	0	0	0	0	0	1	2	0	0	0	0	0	0	2	0	0	0	0	0	0	0	0	0
162598	11 Nov 25	10:02:00	1	0	55	0	Ct	0	1	0	0	0	0	0	1	0	2	0	0	0	0	0	0	0	3	0	0	0	0	0	0	2	0	0	1	0	0	0	0	0	0
162599	11 Nov 25	10:03:00	1	0	55	0	Ct	0	1	0	0	0	0	0	1	0	2	0	0	0	0	0	2	0	0	0	0	0	0	0	0	0	0	0	0	0	0	0	0	0	0
162600	11 Nov 25	10:04:00	1	0	55	0	Ct	0	1	0	0	0	0	0	4	0	2	0	0	0	0	0	2	0	2	0	0	0	0	0	0	3	0	0	0	0	0	0	0	0	0
162601	11 Nov 25	10:05:00	1	0	55	0	Ct	0	1	0	0	5	0	0	2	0	0	0	0	0	0	0	2	4	2	0	0	0	0	0	0	2	0	0	0	0	0	0	0	0	0
162602	11 Nov 25	10:06:00	1	0	55	0	Ct	0	1	0	0	2	0	0	1	0	2	0	0	0	0	0	0	0	2	0	0	0	0	0	0	2	0	0	0	0	0	0	0	0	0
162603	11 Nov 25	10:07:00	1	0	55	0	Ct	0	1	0	0	0	0	0	3	0	0	0	0	0	0	0	15	0	2	0	0	0	0	0	0	0	0	0	0	0	0	0	0	0	0
162604	11 Nov 25	10:08:00	1	0	55	0	Ct	0	1	0	0	0	0	0	2	0	1	0	0	0	0	0	29	0	2	0	0	0	0	0	0	0	0	0	0	0	0	0	0	0	0
162605	11 Nov 25	10:09:00	1	0	55	0	Ct	0	1	0	0	0	0	0	1	0	1	0	0	0	0	0	0	0	0	0	0	0	0	0	0	0	0	0	0	0	0	0	0	0	0
162606	11 Nov 25	10:10:00	1	0	55	0	Ct	0	1	0	0	0	0	0	2	0	0	0	0	0	0	0	0	1	1	0	0	0	0	0	0	1	0	0	0	0	0	0	0	0	0
162607	11 Nov 25	10:11:00	1	0	55	0	Ct	0	1	0	0	0	0	0	1	0	2	0	0	0	0	0	0	1	0	0	0	0	0	0	0	1	0	0	0	0	0	0	0	0	0
162608	11 Nov 25	10:12:00	1	0	55	0	Ct	0	1	0	0	0	0	0	2	0	0	0	0	0	0	0	0	0	0	0	0	0	0	0	0	0	0	0	0	0	0	0	0	0	0
162609	11 Nov 25	10:13:00	1	0	55	0	Ct	0	1	0	0	0	0	0	2	0	2	0	0	0	0	0	0	0	1	0	0	0	0	0	0	0	0	0	0	0	0	0	0	0	0
162610	11 Nov 25	10:14:00	1	0	55	0	Ct	0	1	0	0	0	0	0	1	0	1	0	0	0	0	0	0	0	2	0	0	0	0	0	0	0	0	0	0	0	0	0	0	0	0
162611	11 Nov 25	10:15:00	1	0	55	0	Ct	0	1	0	0	0	0	0	2	0	1	0	0	0	0	0	0	0	1	0	0	0	0	0	0	2	0	0	0	0	0	0	0	0	0
162612	11 Nov 25	10:16:00	1	0	55	0	Ct	0	1	0	0	0	0	0	0	0	1	0	0	0	0	0	0	0	4	0	0	0	0	0	0	0	0	0	0	0	0	0	0	0	0
162613	11 Nov 25	10:17:00	1	0	55	0	Ct	0	1	0	0	2	0	0	2	0	2	0	0	0	0	0	0	0	2	0	0	0	0	0	0	2	0	0	0	0	0	0	0	0	0
162614	11 Nov 25	10:18:00	1	0	55	0	Ct	0	1	0	0	0	0	0	1	0	1	0	0	0	0	0	5	0	1	0	0	0	0	0	0	0	0	0	0	0	0	0	0	0	0
162615	11 Nov 25	10:19:00	1	0	55	0	Ct	0	1	0	0	2	0	0	1	0	0	0	0	0	0	0	0	0	2	0	0	0	0	0	0	2	0	0	0	0	0	0	0	3	0
162616	11 Nov 25	10:20:00	1	0	55	0	Ct	0	1	0	0	3	0	0	1	0	0	0	0	0	0	0	0	4	2	0	0	0	0	0	0	0	0	0	0	0	0	0	0	1	0
162617	11 Nov 25	10:21:00	1	0	55	0	Ct	0	1	0	0	2	0	0	1	0	1	0	0	0	0	0	0	1	1	0	0	0	0	0	0	1	0	0	0	0	0	0	0	0	0
162618	11 Nov 25	10:22:00	1	0	55	0	Ct	0	1	0	0	3	0	0	0	0	0	0	0	0	0	0	0	0	1	0	0	0	0	0	0	1	0	0	0	0	0	0	0	0	0
162619	11 Nov 25	10:23:00	1	0	55	0	Ct	0	1	0	0	2	0	0	2	0	0	0	0	0	0	0	0	0	1	0	0	0	0	0	0	3	0	0	0	0	0	0	0	0	0
162620	11 Nov 25	10:24:00	1	0	55	0	Ct	0	1	0	0	1	0	0	0	0	1	0	0	0	0	0	0	0	1	0	0	0	0	0	0	0	0	0	0	0	0	0	0	0	0
162621	11 Nov 25	10:25:00	1	0	55	0	Ct	0	1	0	0	2	0	0	1	0	0	1	0	0	0	0	0	0	1	0	0	0	0	0	0	1	0	0	0	0	0	0	0	0	0
162622	11 Nov 25	10:26:00	1	0	55	0	Ct	0	1	0	0	6	0	0	2	0	1	1	0	0	0	0	0	0	2	0	0	0	0	0	0	3	0	0	0	0	0	0	0	0	0
162623	11 Nov 25	10:27:00	1	0	55	0	Ct	0	1	0	0	1	0	0	1	0	3	0	0	0	0	0	0	1	2	0	0	0	0	0	0	1	0	0	0	0	0	0	0	0	0
162624	11 Nov 25	10:28:00	1	0	55	0	Ct	0	1	0	0	0	0	0	1	0	1	0	0	0	0	0	0	7	2	0	0	0	0	0	0	0	0	0	0	0	0	0	0	0	0
162625	11 Nov 25	10:29:00	1	0	55	0	Ct	0	1	0	0	0	0	0	3	0	0	0	0	0	0	0	0	0	1	0	0	0	0	0	0	0	0	0	0	0	0	0	0	0	0
162626	11 Nov 25	10:30:00	1	0	55	0	Ct	0	1	0	0	0	0	0	0	0	1	0	0	0	0	0	0	0	1	0	0	0	0	0	0	0	0	0	0	0	0	0	0	0	0
162627	11 Nov 25	10:31:00	1	0	55	0	Ct	0	1	0	0	0	0	0	1	0	2	0	0	0	0	0	0	0	2	0	0	0	0	0	0	1	0	0	0	0	0	0	0	0	0
162628	11 Nov 25	10:32:00	1	0	55	0	Ct	0	1	0	0	0	0	0	1	0	2	0	0	0	0	0	0	0	2	0	0	0	0	0	0	1	0	0	0	0	0	0	0	0	0
162629	11 Nov 25	10:33:00	1	0	55	0	Ct	0	1	0	0	0	0	0	1	0	0	0	0	0	0	0	0	0	1	0	0	0	0	0	0	0	0	0	0	0	0	0	0	0	0
162630	11 Nov 25	10:34:00	1	0	55	0	Ct	0	1	0	0	2	0	0	1	0	2	0	0	0	0	0	0	0	0	0	0	0	0	0	0	0	0	0	0	0	0	0	0	0	0
162631	11 Nov 25	10:35:00	1	0	55	0	Ct	0	1	0	0	2	0	0	2	0	1	0	0	0	0	0	0	0	3	0	0	0	0	0	0	0	0	0	0	0	0	0	0	0	0
162632	11 Nov 25	10:36:00	1	0	55	0	Ct	0	1	0	0	1	0	0	0	0	1	0	0	0	0	0	0	0	3	0	0	0	0	0	0	0	0	0	0	0	0	0	0	0	0
162633	11 Nov 25	10:37:00	1	0	55	0	Ct	0	1	0	0	2	0	0	2	0	0	0	0	0	0	0	0	0	0	0	0	0	0	0	0	0	0	0	0	0	0	0	0	0	0
162634	11 Nov 25	10:38:00	1	0	55	0	Ct	0	1	0	0	0	0	0	1	0	0	0	0	0	0	0	0	0	1	0	0	0	0	0	0	0	0	0	0	0	0	0	0	0	0
162635	11 Nov 25	10:39:00	1	0	55	0	Ct	0	1	0	0	2	0	0	3	0	4	0	0	0	0	0	0	0	1	0	0	0	0	0	0	0	0	0	0	0	0	0	0	0	0
162636	11 Nov 25	10:40:00	1	0	55	0	Ct	0	1	0	0	2	0	0	1	0	0	0	0	0	0	0	0	0	0	0	0	0	0	0	0	0	0	0	0	0	0	0	0	0	0
162637	11 Nov 25	10:41:00	1	0	55	0	Ct	0	1	0	0	0	0	0	1	0	1	0	0	0	0	0	0	0	2	0	0	0	0	0	0	0	0	0	0	0	0	0	0	0	0
162638	11 Nov 25	10:42:00	1	0	55	0	Ct	0	1	0	0	0	0	0	1	0	0	0	0	0	0	0	2	0	1	0	0	0	0	0	0	0	0	0	0	0	0	0	0	0	0
162639	11 Nov 25	10:43:00	1	0	55	0	Ct	0	1	0	0	2	0	0	1	0	0	0	0	0	0	0	0	0	0	0	0	0	0	0	0	0	0	0	0	0	0	0	0	0	0
162640	11 Nov 25	10:44:00	1	0	55	0	Ct	0	1	0	0	1	0	0	1	0	0	0	0	0	0	0	0	0	2	0	0	0	0	0	0	0	0	0	0	0	0	0	0	0	0
162641	11 Nov 25	10:45:00	1	0	55	0	Ct	0	1	0	0	4	0	0	1	0	1	0	0	0	0	0	0	4	1	0	0	0	0	0	0	0	0	0	0	0	0	0	0	0	0
162642	11 Nov 25	10:46:00	1	0	55	0	Ct	0	1	0	0	0	0	0	0	0	0	0	0	0	0	0	0	1	1	0	0	0	0	0	0	0	0	0	0	0	0	0	0	0	0
162643	11 Nov 25	10:47:00	1	0	55	0	Ct	0	1	0	0	0	0	0	1	0	1	0	0	0	0	0	0	0	1	0	0	0	0	0	0	0	0	0	0	0	0	0	0	0	0
162644	11 Nov 25	10:48:00	1	0	55	0	Ct	0	1	0	0	0	0	0	2	0	0	0	0	0	0	0	0	0	0	0	0	0	0	0	0	0	0	0	0	0	0	0	0	0	0
162645	11 Nov 25	10:49:00	1	0	55	0	Ct	0	1	0	0	2	0	0	0	0	3	0	0	0	0	0	0	8	0	0	0	0	0	0	0	0	0	0	0	0	0	0	0	0	0
162646	11 Nov 25	10:50:00	1	0	55	0	Ct	0	1	0	0	0	0	0	0	0	1	0	0	0	0	0	4	5	0	0	0	0	0	0	0	0	0	0	0	0	0	0	0	0	0
162647	11 Nov 25	10:51:00	1	0	55	0	Ct	0	1	0	0	0	0	0	2	0	1	0	0	0	0	0	0	0	1	0	0	0	0	0	0	0	0	0	0	0	0	0	0	0	0
162648	11 Nov 25	10:52:00	1	0	55	0	Ct	0	1	0	0	0	0	0	1	0	1	0	0	0	0	0	0	0	0	0	0	0	0	0	0	0	0	0	0	0	0	0	0	0	0
162649	11 Nov 25	10:53:00	1	0	55	0	Ct	0	1	0	0	0	0	0	2	0	4	0	0	0	0	0	0	0	2	0	0	0	0	0	0	0	0	0	0	0	0	0	0	0	0
162650	11 Nov 25	10:54:00	1	0	55	0	Ct	0	1	0	0	0	0	0	1	0	1	0	0	0	0	0	0	0	0	0	0	0	0	0	0	0	0	0	0	0	0	0	0	0	0
162651	11 Nov 25	10:55:00	1	0	55	0	Ct	0	1	0	0	0	0	0	3	0	1	0	0	0	0	0	0	0	3	0	0	0	0	0	0	0	0	0	5	0	0	0	0	0	0
162652	11 Nov 25	10:56:00	1	0	55	0	Ct	0	1	0	0	0	0	0	2	0	0	0	0	0	0	0	2	0	5	0	0	0	0	0	0	2	0	0	0	0	0	1	0	0	0
162653	11 Nov 25	10:57:00	1	0	55	0	Ct	0	1	0	0	0	0	0	4	0	0	0	0	0	0	0	0	0	2	0	0	0	0	0	0	0	0	0	0	0	0	1	0	0	0
162654	11 Nov 25	10:58:00	1	0	55	0	Ct	0	1	0	0	0	0	0	1	0	0	0	0	0	0	0	3	0	1	0	0	0	0	0	0	0	0	0	0	0	0	0	0	0	0
162655	11 Nov 25	10:59:00	1	0	55	0	Ct	0	1	0	0	0	0	0	1	0	2	0	0	0	0	0	0	0	1	0	0	0	0	0	0	0	0	0	0	0	0	0	0	0	0
162656	11 Nov 25	11:00:00	1	0	55	0	Ct	0	1	0	0	0	0	0	0	0	0	0	0	0	0	0	0	0	1	0	0	0	0	0	0	0	0	0	0	0	0	0	0	0	0
162657	11 Nov 25	11:01:00	1	0	55	0	Ct	0	1	0	0	0	0	0	2	0	1	0	0	0	0	0	1	0	2	0	0	0	0	0	0	0	0	0	0	0	0	0	0	0	0
162658	11 Nov 25	11:02:00	1	0	55	0	Ct	0	1	0	0	0	0	0	1	0	1	0	0	0	0	0	2	0	0	0	0	0	0	0	0	0	0	0	0	0	0	0	0	0	0
162659	11 Nov 25	11:03:00	1	0	55	0	Ct	0	1	0	0	0	0	0	2	0	0	0	0	0	0	0	0	0	0	0	0	0	0	0	0	0	0	4	0	0	0	0	0	0	0
162660	11 Nov 25	11:04:00	1	0	55	0	Ct	0	1	0	0	0	0	0	0	0	2	0	0	0	0	0	2	0	2	0	0	0	0	0	0	0	0	0	0	0	0	0	0	0	0
162661	11 Nov 25	11:05:00	1	0	55	0	Ct	0	1	0	0	0	0	0	2	0	0	0	0	0	0	0	0	0	0	0	0	0	0	0	0	0	0	0	0	0	0	0	0	0	0
162662	11 Nov 25	11:06:00	1	0	55	0	Ct	0	1	0	0	0	0	0	2	0	2	0	0	0	0	0	3	1	0	0	0	0	0	0	0	0	0	0	0	0	0	0	0	0	0
162663	11 Nov 25	11:07:00	1	0	55	0	Ct	0	1	0	0	0	0	0	2	0	1	0	0	0	0	0	0	1	2	0	0	0	0	0	0	0	0	0	0	0	0	0	0	0	0
162664	11 Nov 25	11:08:00	1	0	55	0	Ct	0	1	0	0	0	0	0	1	0	1	0	0	0	0	0	0	1	3	0	0	0	0	0	0	0	0	0	0	0	0	0	0	0	0
162665	11 Nov 25	11:09:00	1	0	55	0	Ct	0	1	0	0	1	0	0	1	0	0	0	0	0	0	0	2	0	1	0	0	0	0	0	0	0	0	0	0	0	0	0	0	0	0
162666	11 Nov 25	11:10:00	1	0	55	0	Ct	0	1	0	0	3	0	0	2	0	4	0	0	0	0	0	1	0	1	0	0	0	0	0	0	0	0	0	0	0	0	0	0	0	0
162667	11 Nov 25	11:11:00	1	0	55	0	Ct	0	1	0	0	0	0	0	2	0	1	0	0	0	0	0	3	0	1	0	0	0	0	0	0	0	0	0	0	0	0	0	0	0	0
162668	11 Nov 25	11:12:00	1	0	55	0	Ct	0	1	0	0	0	0	0	1	0	0	0	0	0	0	0	0	0	0	0	0	0	0	0	0	0	0	0	0	0	0	0	0	0	0
162669	11 Nov 25	11:13:00	1	0	55	0	Ct	0	1	0	0	0	0	0	2	0	0	0	0	0	0	0	0	0	1	0	0	0	0	0	0	0	0	0	0	0	0	0	0	0	0
162670	11 Nov 25	11:14:00	1	0	55	0	Ct	0	1	0	0	2	0	0	1	0	0	0	0	0	0	0	0	1	1	0	0	0	0	0	0	0	0	0	0	0	0	0	0	0	0
162671	11 Nov 25	11:15:00	1	0	55	0	Ct	0	1	0	0	0	0	0	1	0	1	0	0	0	0	0	0	0	0	0	0	0	0	0	0	0	0	0	0	0	0	0	0	0	0
162672	11 Nov 25	11:16:00	1	0	55	0	Ct	0	1	0	0	0	0	0	1	0	1	0	0	0	0	0	0	2	3	0	0	0	0	0	0	0	0	0	0	0	0	0	0	0	0
162673	11 Nov 25	11:17:00	1	0	55	0	Ct	0	1	0	0	0	0	0	2	0	0	0	0	0	0	0	3	1	4	0	0	0	0	0	0	0	0	0	0	0	0	0	0	0	0
162674	11 Nov 25	11:18:00	1	0	55	0	Ct	0	1	0	0	2	0	0	2	0	0	0	0	0	0	0	0	1	0	1	0	0	0	0	0	0	0	0	0	0	0	0	0	0	0
162675	11 Nov 25	11:19:00	1	0	55	0	Ct	0	1	0	0	0	0	0	1	0	1	0	0	0	0	0	0	0	0	1	0	0	0	0	0	1	0	0	0	0	0	0	0	0	0
162676	11 Nov 25	11:20:00	1	0	55	0	Ct	0	1	0	0	0	0	0	1	0	1	0	0	0	0	0	2	0	1	0	0	0	0	0	0	0	0	0	0	0	0	0	0	0	0
162677	11 Nov 25	11:21:00	1	0	55	0	Ct	0	1	0	0	0	0	0	0	0	0	0	0	0	0	0	2	0	1	0	0	0	0	0	0	3	0	0	0	0	0	0	0	0	0
162678	11 Nov 25	11:22:00	1	0	55	0	Ct	0	1	0	0	0	0	0	1	0	1	0	0	0	0	0	2	0	1	0	0	0	0	0	0	0	0	0	0	1	0	0	0	0	0
162679	11 Nov 25	11:23:00	1	0	55	0	Ct	0	1	0	0	0	0	0	1	0	1	0	0	0	0	0	0	0	1	0	0	0	0	0	0	0	0	0	0	4	0	0	0	0	0
162680	11 Nov 25	11:24:00	1	0	55	0	Ct	0	1	0	0	2	0	0	1	0	0	0	0	0	0	0	0	0	0	0	0	0	0	0	0	0	0	0	0	0	0	0	0	0	0
162681	11 Nov 25	11:25:00	1	0	55	0	Ct	0	1	0	0	0	0	0	2	0	2	0	0	0	0	0	2	2	4	0	0	0	0	0	0	0	0	0	0	0	0	0	0	0	0
162682	11 Nov 25	11:26:00	1	0	55	0	Ct	0	1	0	0	0	0	0	1	0	1	0	0	0	0	0	0	0	1	0	0	0	0	0	0	0	0	0	0	0	0	0	0	0	0
162683	11 Nov 25	11:27:00	1	0	55	0	Ct	0	1	0	0	0	0	0	1	0	0	0	0	0	0	0	0	0	2	0	0	0	0	0	0	0	0	0	0	0	0	0	0	0	0
162684	11 Nov 25	11:28:00	1	0	55	0	Ct	0	1	0	0	2	0	0	1	0	1	0	0	0	0	0	0	0	0	0	0	0	0	0	0	0	0	0	0	0	0	0	0	0	0
162685	11 Nov 25	11:29:00	1	0	55	0	Ct	0	1	0	0	1	0	0	0	0	0	0	0	0	0	0	0	1	0	0	0	0	0	0	0	0	0	0	0	0	0	0	0	0	0
162686	11 Nov 25	11:30:00	1	0	55	0	Ct	0	1	0	0	1	0	0	2	0	1	0	0	0	0	0	0	3	0	0	0	0	0	0	0	0	0	0	0	0	0	0	0	0	0
162687	11 Nov 25	11:31:00	1	0	55	0	Ct	0	1	0	0	0	0	0	1	0	0	3	0	0	0	0	0	0	0	0	0	0	0	0	0	0	0	0	0	0	0	0	0	0	0
162688	11 Nov 25	11:32:00	1	0	55	0	Ct	0	1	0	0	2	0	0	2	0	0	0	0	0	0	0	3	0	0	0	0	0	0	0	0	0	0	0	0	0	0	0	0	0	0
162689	11 Nov 25	11:33:00	1	0	55	0	Ct	0	1	0	0	0	0	0	3	0	1	0	0	0	0	0	0	0	1	0	0	0	0	0	0	0	0	0	0	0	0	0	0	0	0
162690	11 Nov 25	11:34:00	1	0	55	0	Ct	0	1	0	0	2	0	0	6	0	0	0	0	0	0	0	0	0	1	0	0	0	0	0	0	0	0	0	0	0	0	1	0	0	0
162691	11 Nov 25	11:35:00	1	0	55	0	Ct	0	1	0	0	0	0	0	1	0	0	0	0	0	0	0	3	0	2	0	0	0	0	0	0	0	0	0	0	0	0	1	0	0	0
162692	11 Nov 25	11:36:00	1	0	55	0	Ct	0	1	0	0	2	0	0	1	0	0	0	0	0	0	0	0	0	0	0	0	0	0	0	0	0	0	0	0	0	0	4	0	0	0
162693	11 Nov 25	11:37:00	1	0	55	0	Ct	0	1	0	0	0	0	0	1	0	1	0	0	0	0	0	0	0	0	0	0	0	0	0	0	0	0	0	0	0	0	0	0	0	0
162694	11 Nov 25	11:38:00	1	0	55	0	Ct	0	1	0	0	2	0	0	2	0	1	0	0	0	0	0	0	0	0	0	0	0	0	0	0	0	0	0	0	0	0	0	0	0	0
162695	11 Nov 25	11:39:00	1	0	55	0	Ct	0	1	0	0	0	0	0	2	0	0	0	0	0	0	0	2	0	0	0	0	0	0	0	0	0	0	0	0	0	0	0	0	0	0
162696	11 Nov 25	11:40:00	1	0	55	0	Ct	0	1	0	0	0	0	0	1	0	0	0	0	0	0	0	0	1	0	0	0	0	0	0	0	0	0	0	0	0	0	0	0	0	0
162697	11 Nov 25	11:41:00	1	0	55	0	Ct	0	1	0	0	0	0	0	1	0	0	0	0	0	0	0	2	0	1	0	0	0	0	0	0	0	0	0	0	0	0	0	0	0	0
162698	11 Nov 25	11:42:00	1	0	55	0	Ct	0	1	0	0	0	0	0	2	0	0	0	0	0	0	0	3	0	3	0	0	0	0	0	0	0	0	0	0	0	0	0	0	0	0
162699	11 Nov 25	11:43:00	1	0	55	0	Ct	0	1	0	0	0	0	0	1	0	0	0	0	0	0	0	0	5	2	0	0	0	0	0	0	0	0	0	0	0	0	2	0	0	0
162700	11 Nov 25	11:44:00	1	0	55	0	Ct	0	1	0	0	0	0	0	1	0	0	0	0	0	0	0	0	0	0	0	0	0	0	0	0	0	0	0	0	0	0	1	0	0	0
162701	11 Nov 25	11:45:00	1	0	55	0	Ct	0	1	0	0	0	0	0	2	0	0	0	0	0	0	0	0	0	0	0	0	0	0	0	0	0	0	0	0	0	0	0	0	0	0
162702	11 Nov 25	11:46:00	1	0	55	0	Ct	0	1	0	0	0	0	0	1	0	0	0	0	0	0	0	0	1	1	0	0	0	0	0	0	0	0	0	0	0	0	0	0	0	0
162703	11 Nov 25	11:47:00	1	0	55	0	Ct	0	1	0	0	0	0	0	1	0	1	0	0	0	0	0	0	1	1	0	0	0	0	0	0	0	0	0	0	0	0	0	0	0	0
162704	11 Nov 25	11:48:00	1	0	55	0	Ct	0	1	0	0	0	0	0	1	0	1	0	0	0	0	0	0	0	0	0	0	0	0	0	0	0	0	0	0	0	0	0	0	0	0
162705	11 Nov 25	11:49:00	1	0	55	0	Ct	0	1	0	0	0	0	0	2	0	0	0	0	0	0	0	0	0	1	0	0	0	0	0	0	0	0	0	0	0	0	0	0	0	0
162706	11 Nov 25	11:50:00	1	0	55	0	Ct	0	1	0	0	0	0	0	2	0	0	0	0	0	0	0	0	0	1	0	0	0	0	0	0	0	0	0	0	4	0	0	0	0	0
162707	11 Nov 25	11:51:00	1	0	55	0	Ct	0	1	0	0	2	0	0	2	0	2	0	0	0	0	0	0	0	1	0	0	0	0	0	0	0	0	0	0	0	0	0	0	0	0
162708	11 Nov 25	11:52:00	1	0	55	0	Ct	0	1	0	0	0	0	0	1	0	0	0	0	0	0	0	2	0	0	0	0	0	0	0	0	0	0	0	0	2	0	0	0	0	0
162709	11 Nov 25	11:53:00	1	0	55	0	Ct	0	1	0	0	0	0	0	1	0	0	0	0	0	0	0	0	0	1	0	0	0	0	0	0	2	0	0	0	3	0	0	0	0	0
162710	11 Nov 25	11:54:00	1	0	55	0	Ct	0	1	0	0	0	0	0	1	0	1	0	0	0	0	0	0	0	1	0	0	0	0	0	0	0	0	0	0	1	0	0	0	0	0
162711	11 Nov 25	11:55:00	1	0	55	0	Ct	0	1	0	0	0	0	0	1	0	0	0	0	0	0	0	0	0	0	0	0	0	0	0	0	0	0	0	0	2	0	0	0	0	0
162712	11 Nov 25	11:56:00	1	0	55	0	Ct	0	1	0	0	0	0	0	1	0	0	0	0	0	0	0	0	0	0	0	0	0	0	0	0	0	0	0	0	4	0	0	0	0	0
162713	11 Nov 25	11:57:00	1	0	55	0	Ct	0	1	0	0	0	0	0	1	0	1	0	0	0	0	0	0	0	2	0	0	0	0	0	0	0	0	0	0	0	0	1	0	0	0
162714	11 Nov 25	11:58:00	1	0	55	0	Ct	0	1	0	0	0	0	0	1	0	0	0	0	0	0	0	0	0	0	0	0	0	0	0	0	2	0	0	0	1	0	1	0	0	0
162715	11 Nov 25	11:59:00	1	0	55	0	Ct	0	1	0	0	0	0	0	0	0	0	0	0	0	0	0	0	0	0	0	0	0	0	0	0	0	0	0	0	2	0	0	0	0	0
162716	11 Nov 25	12:00:00	1	0	55	0	Ct	0	1	0	0	0	0	0	2	0	0	0	0	0	0	0	1	0	0	0	0	0	0	0	0	0	0	0	0	3	0	0	0	0	0
162717	11 Nov 25	12:01:00	1	0	55	0	Ct	0	1	0	0	0	0	0	0	0	2	0	0	0	0	0	1	0	0	0	0	0	0	0	0	0	0	0	0	3	0	0	0	0	0
162718	11 Nov 25	12:02:00	1	0	55	0	Ct	0	1	0	0	0	0	0	1	0	1	0	0	0	0	0	1	0	0	0	0	0	0	0	0	0	0	0	0	3	0	0	0	0	0
162719	11 Nov 25	12:03:00	1	0	55	0	Ct	0	1	0	0	0	0	0	1	0	0	0	0	0	0	0	2	0	0	0	0	0	0	0	0	0	0	0	0	1	0	0	0	0	0
162720	11 Nov 25	12:04:00	1	0	55	0	Ct	0	1	0	0	0	0	0	1	0	0	0	0	0	0	0	0	0	0	0	0	0	0	0	0	0	0	0	0	2	0	0	0	0	0
162721	11 Nov 25	12:05:00	1	0	55	0	Ct	0	1	0	0	0	0	0	2	0	0	0	0	0	0	0	0	0	0	0	0	0	0	0	0	0	0	0	0	1	0	2	0	0	0
162722	11 Nov 25	12:06:00	1	0	55	0	Ct	0	1	0	0	0	0	0	1	0	2	0	0	0	0	0	0	2	2	0	0	0	0	0	0	1	0	0	0	1	0	0	0	0	0
162723	11 Nov 25	12:07:00	1	0	55	0	Ct	0	1	0	0	0	0	0	1	0	0	0	0	0	0	0	2	0	0	0	0	1	0	0	0	1	0	0	0	0	0	0	0	0	0
162724	11 Nov 25	12:08:00	1	0	55	0	Ct	0	1	0	0	0	0	0	1	0	0	0	0	0	0	0	0	0	0	0	0	1	0	0	0	0	3	0	0	4	0	0	0	2	0
162725	11 Nov 25	12:09:00	1	0	55	0	Ct	0	1	0	0	0	0	0	1	0	0	0	0	0	0	0	0	0	0	0	0	0	0	0	0	0	3	0	0	2	0	0	0	2	0
162726	11 Nov 25	12:10:00	1	0	55	0	Ct	0	1	0	0	0	0	0	0	0	1	0	0	0	0	0	0	0	0	0	0	0	0	0	0	0	0	0	0	1	0	0	0	0	0
162727	11 Nov 25	12:11:00	1	0	55	0	Ct	0	1	0	0	0	0	0	3	0	1	0	0	0	0	0	0	0	0	0	0	0	0	0	0	0	4	0	0	0	0	1	0	1	0
162728	11 Nov 25	12:12:00	1	0	55	0	Ct	0	1	0	0	0	0	0	0	0	2	0	0	0	0	0	0	1	1	0	0	0	0	0	0	0	4	0	0	2	0	3	0	0	0
162729	11 Nov 25	12:13:00	1	0	55	0	Ct	0	1	0	0	0	0	0	2	0	0	0	0	0	0	0	0	0	1	0	0	0	0	0	0	0	0	0	0	2	0	1	0	0	0
162730	11 Nov 25	12:14:00	1	0	55	0	Ct	0	1	0	0	0	0	0	1	0	1	0	0	0	0	0	0	1	0	0	0	0	0	0	0	0	5	0	0	0	0	1	0	0	0
162731	11 Nov 25	12:15:00	1	0	55	0	Ct	0	1	0	0	0	0	0	1	0	1	0	0	0	0	0	0	0	2	0	0	0	0	0	0	0	2	0	0	0	0	0	0	0	0
162732	11 Nov 25	12:16:00	1	0	55	0	Ct	0	1	0	0	0	0	0	0	0	0	0	0	0	0	0	1	0	1	0	0	0	0	0	0	0	2	0	0	3	0	0	0	0	0
162733	11 Nov 25	12:17:00	1	0	55	0	Ct	0	1	0	0	0	0	0	1	0	0	0	0	0	0	0	1	0	2	0	0	0	0	0	0	0	4	0	0	1	0	0	0	0	0
162734	11 Nov 25	12:18:00	1	0	55	0	Ct	0	1	0	0	0	0	0	1	0	0	0	0	0	0	0	0	2	1	0	0	0	0	0	0	0	0	0	0	0	0	0	0	1	0
162735	11 Nov 25	12:19:00	1	0	55	0	Ct	0	1	0	0	0	0	0	0	0	0	0	0	0	0	0	0	0	1	0	0	0	0	0	0	0	3	0	0	2	0	0	0	0	0
162736	11 Nov 25	12:20:00	1	0	55	0	Ct	0	1	0	0	0	0	0	2	0	2	0	0	0	0	0	0	0	1	0	0	0	0	0	0	0	2	0	0	2	0	1	0	1	0
162737	11 Nov 25	12:21:00	1	0	55	0	Ct	0	1	0	0	0	0	0	2	0	0	0	0	0	0	0	0	0	0	0	0	0	0	0	0	0	1	0	0	2	0	1	0	1	0
162738	11 Nov 25	12:22:00	1	0	55	0	Ct	0	1	0	0	0	0	0	2	0	1	0	0	0	0	0	0	0	0	0	0	1	0	0	0	0	1	0	0	1	0	0	0	0	0
162739	11 Nov 25	12:23:00	1	0	55	0	Ct	0	1	0	0	0	0	0	0	0	0	0	0	0	0	0	1	0	0	0	0	2	0	0	0	0	4	0	0	2	0	0	0	0	0
162740	11 Nov 25	12:24:00	1	0	55	0	Ct	0	1	0	0	1	0	0	1	0	0	0	0	0	0	0	2	0	0	0	0	0	0	0	0	0	4	0	0	2	0	0	0	0	0
162741	11 Nov 25	12:25:00	1	0	55	0	Ct	0	1	0	0	1	0	0	2	0	0	0	0	0	0	0	0	0	1	0	0	0	0	0	0	0	1	0	0	0	0	1	0	0	0
162742	11 Nov 25	12:26:00	1	0	55	0	Ct	0	1	0	0	0	0	0	2	0	0	0	0	0	0	0	2	0	4	0	0	0	0	0	0	0	4	0	0	0	0	1	0	0	0
162743	11 Nov 25	12:27:00	1	0	55	0	Ct	0	1	0	0	0	0	0	1	0	0	0	0	0	0	0	2	0	2	0	0	0	0	0	0	0	4	0	0	1	0	0	0	0	0
162744	11 Nov 25	12:28:00	1	0	55	0	Ct	0	1	0	0	0	0	0	2	0	0	0	0	0	0	0	2	0	0	0	0	0	0	0	0	0	0	0	0	2	0	0	0	0	0
162745	11 Nov 25	12:29:00	1	0	55	0	Ct	0	1	0	0	0	0	0	0	0	1	0	1	0	0	0	0	0	0	0	0	0	0	0	0	0	2	0	0	0	0	0	0	0	0
162746	11 Nov 25	12:30:00	1	0	55	0	Ct	0	1	0	0	0	0	0	2	0	0	0	1	0	0	0	0	0	0	0	0	0	0	0	0	0	3	0	0	3	0	2	0	0	0
162747	11 Nov 25	12:31:00	1	0	55	0	Ct	0	1	0	0	2	0	0	0	0	0	0	0	0	0	0	0	0	0	0	0	0	0	0	0	0	2	0	0	0	0	0	0	0	0
162748	11 Nov 25	12:32:00	1	0	55	0	Ct	0	1	0	0	0	0	0	2	0	0	0	0	0	0	0	0	0	0	0	0	0	0	0	0	0	0	0	0	0	0	0	0	1	0
162749	11 Nov 25	12:33:00	1	0	55	0	Ct	0	1	0	0	0	0	0	0	0	0	0	0	0	0	0	0	0	0	0	0	0	0	0	0	0	4	0	0	0	0	0	0	0	0
162750	11 Nov 25	12:34:00	1	0	55	0	Ct	0	1	0	0	0	0	0	1	0	0	0	1	0	0	0	0	0	0	0	0	1	0	0	0	0	1	0	0	1	0	0	0	2	0
162751	11 Nov 25	12:35:00	1	0	55	0	Ct	0	1	0	0	0	0	0	3	0	2	0	1	0	0	0	0	0	0	0	0	1	0	0	0	0	2	0	0	1	0	0	0	0	0
162752	11 Nov 25	12:36:00	1	0	55	0	Ct	0	1	0	0	0	0	0	0	0	0	0	1	0	0	0	0	0	0	0	0	0	0	0	0	0	0	0	0	1	0	0	0	0	0
162753	11 Nov 25	12:37:00	1	0	55	0	Ct	0	1	0	0	0	0	0	2	0	1	0	1	0	0	0	0	0	0	0	0	4	0	0	0	0	0	0	0	0	0	0	0	0	0
162754	11 Nov 25	12:38:00	1	0	55	0	Ct	0	1	0	0	0	0	0	2	0	1	0	2	0	0	0	0	0	0	0	0	1	0	0	0	0	2	0	0	2	0	0	0	0	0
162755	11 Nov 25	12:39:00	1	0	55	0	Ct	0	1	0	0	0	0	0	1	0	0	0	1	0	0	0	0	0	0	0	0	1	0	0	0	0	1	0	0	1	0	0	0	0	0
162756	11 Nov 25	12:40:00	1	0	55	0	Ct	0	1	0	0	0	0	0	1	0	0	0	3	0	0	0	0	0	0	0	0	0	0	0	0	0	1	0	0	3	0	0	0	0	0
162757	11 Nov 25	12:41:00	1	0	55	0	Ct	0	1	0	0	0	0	0	1	0	0	0	1	0	0	0	0	0	0	0	0	2	0	0	0	0	2	0	0	0	0	1	0	0	0
162758	11 Nov 25	12:42:00	1	0	55	0	Ct	0	1	0	0	0	0	0	1	0	0	0	1	0	0	0	0	0	0	0	0	0	0	0	0	0	1	0	0	0	0	0	0	0	0
162759	11 Nov 25	12:43:00	1	0	55	0	Ct	0	1	0	0	0	0	0	0	0	0	0	2	0	0	0	0	0	0	0	0	0	0	0	0	0	3	0	0	0	0	0	0	1	0
162760	11 Nov 25	12:44:00	1	0	55	0	Ct	0	1	0	0	0	0	0	0	0	1	0	4	0	0	0	0	0	0	0	0	2	0	0	0	0	5	0	0	2	0	0	0	0	0
162761	11 Nov 25	12:45:00	1	0	55	0	Ct	0	1	0	0	0	0	0	0	0	1	0	1	0	0	0	0	0	0	0	0	1	0	0	0	1	1	0	0	1	0	0	0	0	0
162762	11 Nov 25	12:46:00	1	0	55	0	Ct	0	1	0	0	0	0	0	2	0	0	0	3	0	0	0	0	0	0	0	0	2	0	0	0	1	4	0	0	0	0	0	0	0	0
162763	11 Nov 25	12:47:00	1	0	55	0	Ct	0	1	0	0	0	0	0	0	0	0	0	2	0	0	0	0	0	2	0	0	1	0	0	0	1	5	0	0	1	0	0	0	2	0
162764	11 Nov 25	12:48:00	1	0	55	0	Ct	0	1	0	0	0	0	0	3	0	0	0	2	0	0	0	0	0	0	0	0	1	0	0	0	0	2	0	0	0	0	0	0	0	0
162765	11 Nov 25	12:49:00	1	0	55	0	Ct	0	1	0	0	0	0	0	2	0	0	0	3	0	0	0	0	4	0	0	0	2	0	0	0	0	0	0	0	0	0	0	0	0	0
162766	11 Nov 25	12:50:00	1	0	55	0	Ct	0	1	0	0	0	0	0	1	0	0	0	1	0	0	0	0	0	0	0	0	3	0	0	0	0	2	0	0	2	0	1	0	1	0
162767	11 Nov 25	12:51:00	1	0	55	0	Ct	0	1	0	0	0	0	0	1	0	0	0	1	0	0	0	1	0	0	0	0	4	0	0	0	0	0	0	0	1	0	2	0	1	0
162768	11 Nov 25	12:52:00	1	0	55	0	Ct	0	1	0	0	0	0	0	1	0	0	0	1	0	0	0	0	2	0	0	0	2	0	0	0	0	0	0	0	0	0	3	0	0	0
162769	11 Nov 25	12:53:00	1	0	55	0	Ct	0	1	0	0	0	0	0	0	0	0	0	2	0	0	0	0	0	0	0	0	1	0	0	0	0	3	0	0	1	0	1	0	0	0
162770	11 Nov 25	12:54:00	1	0	55	0	Ct	0	1	0	0	0	0	0	3	0	0	0	1	0	0	0	0	0	0	0	0	1	0	0	0	0	1	0	0	1	0	0	0	1	0
162771	11 Nov 25	12:55:00	1	0	55	0	Ct	0	1	0	0	0	0	0	2	0	2	0	2	0	0	0	0	2	0	0	0	1	0	0	0	0	1	0	0	1	0	3	0	3	0
162772	11 Nov 25	12:56:00	1	0	55	0	Ct	0	1	0	0	0	0	0	1	0	0	0	3	0	0	0	2	5	0	1	0	2	0	0	0	0	2	0	0	2	0	0	0	1	0
162773	11 Nov 25	12:57:00	1	0	55	0	Ct	0	1	0	0	0	0	0	1	0	0	0	0	0	0	0	0	0	0	1	0	0	0	0	0	0	2	0	0	0	0	1	0	0	0
162774	11 Nov 25	12:58:00	1	0	55	0	Ct	0	1	0	0	0	0	0	0	0	0	0	2	0	0	0	0	0	0	0	0	1	0	0	0	0	2	0	0	1	0	1	0	2	0
162775	11 Nov 25	12:59:00	1	0	55	0	Ct	0	1	0	0	0	0	0	2	0	2	0	1	0	0	0	0	0	0	1	0	1	0	0	0	0	0	0	0	1	0	0	0	0	0
162776	11 Nov 25	13:00:00	1	0	55	0	Ct	0	1	0	0	0	0	0	0	0	1	0	2	0	0	0	2	0	0	4	0	0	0	0	0	0	0	0	0	0	0	0	0	3	0
162777	11 Nov 25	13:01:00	1	0	55	0	Ct	0	1	0	0	0	0	0	0	0	0	0	1	0	0	0	2	0	2	1	0	0	0	0	0	0	0	0	0	0	0	0	0	0	0
162778	11 Nov 25	13:02:00	1	0	55	0	Ct	0	1	0	0	0	0	0	1	0	0	0	0	0	0	0	1	0	0	1	0	0	0	0	0	0	0	0	0	2	0	1	0	0	0
162779	11 Nov 25	13:03:00	1	0	55	0	Ct	0	1	0	0	0	0	0	1	0	1	0	0	0	0	0	1	0	0	2	0	0	0	0	0	0	1	0	0	0	0	2	0	0	0
162780	11 Nov 25	13:04:00	1	0	55	0	Ct	0	1	0	0	0	0	0	1	0	0	0	0	0	0	0	0	0	0	2	0	1	0	0	0	0	4	0	0	0	0	2	0	1	0
162781	11 Nov 25	13:05:00	1	0	55	0	Ct	0	1	0	0	0	0	0	1	0	0	0	0	0	0	0	2	1	0	0	0	2	0	0	0	0	0	0	0	0	0	1	0	0	0
162782	11 Nov 25	13:06:00	1	0	55	0	Ct	0	1	0	0	0	0	0	2	0	0	0	1	0	0	0	0	1	0	3	0	0	0	0	0	0	0	0	0	0	0	0	0	1	0
162783	11 Nov 25	13:07:00	1	0	55	0	Ct	0	1	0	0	0	0	0	2	0	1	0	1	0	0	0	0	0	3	1	0	0	0	0	0	0	0	0	0	0	0	0	0	1	0
162784	11 Nov 25	13:08:00	1	0	55	0	Ct	0	1	0	0	0	0	0	1	0	0	0	0	0	0	0	2	0	1	2	0	0	0	0	0	0	0	0	0	0	0	0	0	0	0
162785	11 Nov 25	13:09:00	1	0	55	0	Ct	0	1	0	0	0	0	0	3	0	0	0	0	0	0	0	0	0	0	2	0	0	0	0	0	0	1	0	0	2	0	1	0	0	0
162786	11 Nov 25	13:10:00	1	0	55	0	Ct	0	1	0	0	0	0	0	0	0	0	0	2	0	0	0	0	0	1	1	0	2	0	0	0	0	1	0	0	0	0	2	0	2	0
162787	11 Nov 25	13:11:00	1	0	55	0	Ct	0	1	0	0	0	0	0	2	0	0	0	1	0	0	0	0	0	1	2	0	0	0	0	0	0	0	0	0	4	0	1	0	1	0
162788	11 Nov 25	13:12:00	1	0	55	0	Ct	0	1	0	0	0	0	0	0	0	0	0	1	0	0	0	0	0	0	0	0	2	0	0	0	0	0	0	0	0	0	0	0	1	0
162789	11 Nov 25	13:13:00	1	0	55	0	Ct	0	1	0	0	0	0	0	1	0	0	0	1	0	0	0	2	0	0	1	0	0	0	0	0	0	2	0	0	0	0	2	0	0	0
162790	11 Nov 25	13:14:00	1	0	55	0	Ct	0	1	0	0	0	0	0	1	0	1	0	3	0	0	0	0	0	2	1	0	2	0	0	0	0	5	0	0	2	0	2	0	0	0
162791	11 Nov 25	13:15:00	1	0	55	0	Ct	0	1	0	0	0	0	0	1	0	1	0	0	0	0	0	0	0	0	0	0	0	0	0	0	0	0	0	0	1	0	1	0	0	0
162792	11 Nov 25	13:16:00	1	0	55	0	Ct	0	1	0	0	0	0	0	2	0	0	0	3	0	0	0	0	0	0	1	0	0	0	0	0	0	0	0	0	0	0	2	0	1	0
162793	11 Nov 25	13:17:00	1	0	55	0	Ct	0	1	0	0	0	0	0	0	0	2	0	2	0	0	0	0	0	1	1	0	0	0	0	0	0	1	0	0	0	0	3	0	0	0
162794	11 Nov 25	13:18:00	1	0	55	0	Ct	0	1	0	0	0	0	0	2	0	0	0	1	0	0	0	0	0	3	1	0	0	0	0	0	0	5	0	0	0	0	1	0	0	0
162795	11 Nov 25	13:19:00	1	0	55	0	Ct	0	1	0	0	0	0	0	1	0	0	0	2	0	0	0	0	0	1	1	0	0	0	0	0	0	2	0	0	0	0	1	0	0	0
162796	11 Nov 25	13:20:00	1	0	55	0	Ct	0	1	0	0	0	0	0	0	0	1	0	2	0	0	0	2	0	0	0	0	0	0	0	0	0	0	0	0	0	0	1	0	0	0
162797	11 Nov 25	13:21:00	1	0	55	0	Ct	0	1	0	0	0	0	0	1	0	1	2	2	0	0	0	0	0	2	0	0	0	0	0	0	0	2	0	0	0	0	1	0	0	0
162798	11 Nov 25	13:22:00	1	0	55	0	Ct	0	1	0	0	0	0	0	2	0	0	12	0	0	0	0	0	0	2	2	0	1	0	0	0	0	0	0	0	2	0	4	0	0	0
162799	11 Nov 25	13:23:00	1	0	55	0	Ct	0	1	0	0	0	0	0	1	0	0	0	0	0	0	0	0	0	0	0	0	0	0	0	0	0	3	0	0	0	0	2	0	3	0
162800	11 Nov 25	13:24:00	1	0	55	0	Ct	0	1	0	0	0	0	0	4	0	0	0	2	0	0	0	0	0	0	0	0	0	0	0	0	0	0	0	0	0	0	1	0	0	0
162801	11 Nov 25	13:25:00	1	0	55	0	Ct	0	1	0	0	2	0	0	1	0	0	0	0	0	0	0	2	0	0	0	0	0	0	0	0	0	1	0	0	0	0	0	0	0	0
162802	11 Nov 25	13:26:00	1	0	55	0	Ct	0	1	0	0	0	0	0	0	0	2	0	1	0	0	0	0	0	2	0	0	0	0	0	0	0	2	0	0	0	0	0	0	1	0
162803	11 Nov 25	13:27:00	1	0	55	0	Ct	0	1	0	0	0	0	0	2	0	1	0	1	0	0	0	0	4	1	2	0	0	0	0	0	0	0	0	0	1	0	2	0	1	0
162804	11 Nov 25	13:28:00	1	0	55	0	Ct	0	1	0	0	0	0	0	0	0	0	0	0	0	0	0	0	2	3	0	0	0	0	0	0	0	2	0	0	1	0	0	0	0	0
162805	11 Nov 25	13:29:00	1	0	55	0	Ct	0	1	0	0	0	0	0	0	0	1	0	1	0	0	0	0	0	1	0	0	0	0	0	0	0	0	0	0	0	0	2	0	0	0
162806	11 Nov 25	13:30:00	1	0	55	0	Ct	0	1	0	0	0	0	0	1	0	2	0	1	0	0	0	0	0	0	0	0	1	0	0	0	0	4	0	0	2	0	0	0	1	0
162807	11 Nov 25	13:31:00	1	0	55	0	Ct	0	1	0	0	0	0	0	2	0	2	0	0	0	0	2	0	0	2	0	0	0	0	0	0	0	0	0	0	0	0	0	0	3	0
162808	11 Nov 25	13:32:00	1	0	55	0	Ct	0	1	0	0	0	0	0	2	0	0	0	1	0	0	0	0	0	1	0	0	0	0	0	0	0	0	0	0	2	0	3	0	0	0
162809	11 Nov 25	13:33:00	1	0	55	0	Ct	0	1	0	0	0	0	0	1	0	0	0	1	0	0	0	0	0	1	0	0	0	0	0	0	0	2	0	0	3	0	1	0	0	0
162810	11 Nov 25	13:34:00	1	0	55	0	Ct	0	1	0	0	0	0	0	2	0	0	0	0	0	0	0	0	0	1	0	0	0	0	0	0	0	0	0	0	0	0	1	0	0	0
162811	11 Nov 25	13:35:00	1	0	55	0	Ct	0	1	0	0	0	0	0	2	0	2	0	0	0	0	0	0	0	1	0	0	0	0	0	0	0	0	0	0	0	0	1	0	0	0
162812	11 Nov 25	13:36:00	1	0	55	0	Ct	0	1	0	0	0	0	0	0	0	0	0	2	0	0	0	0	0	2	0	0	0	0	0	0	0	0	0	0	1	0	1	0	0	0
162813	11 Nov 25	13:37:00	1	0	55	0	Ct	0	1	0	0	0	0	0	1	0	0	0	1	0	0	0	0	0	1	0	0	0	0	0	0	0	0	0	0	1	0	2	0	2	0
162814	11 Nov 25	13:38:00	1	0	55	0	Ct	0	1	0	0	0	0	0	1	0	0	0	1	0	0	0	0	0	1	1	3	0	0	0	0	0	0	0	0	0	0	1	0	2	0
162815	11 Nov 25	13:39:00	1	0	55	0	Ct	0	1	0	0	0	0	0	2	0	0	0	1	0	0	0	0	0	0	1	2	0	0	0	0	0	0	0	0	0	0	0	0	0	0
162816	11 Nov 25	13:40:00	1	0	55	0	Ct	0	1	0	0	0	0	0	1	0	1	0	0	0	0	0	0	0	1	0	0	0	0	0	0	0	0	0	0	1	0	3	0	2	0
162817	11 Nov 25	13:41:00	1	0	55	0	Ct	0	1	0	0	0	0	0	2	0	1	0	1	0	0	0	0	0	2	0	0	0	0	0	0	0	0	0	0	1	0	1	0	0	0
162818	11 Nov 25	13:42:00	1	0	55	0	Ct	0	1	0	0	0	0	0	0	0	0	0	0	0	0	0	0	1	3	0	0	0	0	0	0	2	0	0	0	1	0	1	0	0	0
162819	11 Nov 25	13:43:00	1	0	55	0	Ct	0	1	0	0	0	0	0	2	0	0	0	0	0	0	0	0	0	1	0	0	0	0	0	0	0	0	0	0	2	0	0	0	0	0
162820	11 Nov 25	13:44:00	1	0	55	0	Ct	0	1	0	0	0	0	0	1	0	0	0	0	0	0	0	4	1	2	0	0	0	0	0	0	0	0	0	0	0	0	0	0	0	0
162821	11 Nov 25	13:45:00	1	0	55	0	Ct	0	1	0	0	0	0	0	1	0	0	0	0	0	0	0	0	0	0	0	0	0	0	0	0	0	1	0	0	1	0	0	0	0	0
162822	11 Nov 25	13:46:00	1	0	55	0	Ct	0	1	0	0	0	0	0	1	0	0	0	0	0	0	0	1	0	0	0	0	0	0	0	0	0	3	0	0	2	0	1	0	0	0
162823	11 Nov 25	13:47:00	1	0	55	0	Ct	0	1	0	0	0	0	0	1	0	2	0	2	0	0	0	1	0	0	0	0	0	0	0	0	0	0	0	0	1	0	3	0	1	0
162824	11 Nov 25	13:48:00	1	0	55	0	Ct	0	1	0	0	0	0	0	1	0	0	0	2	0	0	0	0	0	2	0	0	0	0	0	0	0	0	0	0	0	0	3	0	0	0
162825	11 Nov 25	13:49:00	1	0	55	0	Ct	0	1	0	0	0	0	0	2	0	0	0	0	0	0	0	3	0	0	0	0	0	0	0	0	2	2	0	0	3	0	1	0	0	0
162826	11 Nov 25	13:50:00	1	0	55	0	Ct	0	1	0	0	0	0	0	2	0	0	0	0	0	0	0	0	0	1	0	0	0	0	0	0	0	0	0	0	0	0	0	0	0	0
162827	11 Nov 25	13:51:00	1	0	55	0	Ct	0	1	0	0	0	0	0	1	0	1	0	0	0	0	0	0	0	0	0	0	0	0	0	0	0	0	0	0	3	0	2	0	4	0
162828	11 Nov 25	13:52:00	1	0	55	0	Ct	0	1	0	0	0	0	0	1	0	1	0	2	0	0	0	0	0	2	0	0	0	0	0	0	0	0	0	0	0	0	0	0	0	0
162829	11 Nov 25	13:53:00	1	0	55	0	Ct	0	1	0	0	0	0	0	2	0	0	0	0	0	0	0	0	0	0	0	0	0	0	0	0	0	0	0	0	0	0	6	0	2	0
162830	11 Nov 25	13:54:00	1	0	55	0	Ct	0	1	0	0	0	0	0	3	0	0	0	2	0	0	0	0	0	0	0	2	0	0	0	0	0	0	0	0	2	0	2	0	0	0
162831	11 Nov 25	13:55:00	1	0	55	0	Ct	0	1	0	0	0	0	0	1	0	1	0	1	0	0	0	4	0	2	0	1	0	0	0	0	0	0	0	0	0	0	1	0	0	0
162832	11 Nov 25	13:56:00	1	0	55	0	Ct	0	1	0	0	0	0	0	1	0	1	0	4	0	0	0	0	0	0	0	1	0	0	0	0	0	0	0	0	1	0	2	0	1	0
162833	11 Nov 25	13:57:00	1	0	55	0	Ct	0	1	0	0	0	0	0	0	0	0	0	1	0	0	0	0	0	0	0	3	0	0	0	0	0	0	0	0	2	0	2	0	1	0
162834	11 Nov 25	13:58:00	1	0	55	0	Ct	0	1	0	0	0	0	0	1	0	0	0	1	0	0	0	0	0	1	2	2	0	0	0	0	0	0	0	0	1	0	1	0	1	0
162835	11 Nov 25	13:59:00	1	0	55	0	Ct	0	1	0	0	0	0	0	1	0	0	0	1	0	0	0	0	0	3	0	2	0	0	0	0	0	0	0	0	3	0	1	0	0	0
162836	11 Nov 25	14:00:00	1	0	55	0	Ct	0	1	0	0	0	0	0	3	0	0	0	1	0	0	0	0	0	1	0	2	0	0	0	0	0	0	1	0	1	0	0	0	0	0
162837	11 Nov 25	14:01:00	1	0	55	0	Ct	0	1	0	0	0	0	0	1	0	0	0	2	0	0	0	6	1	0	0	3	0	0	0	0	0	0	0	0	1	0	1	0	0	0
162838	11 Nov 25	14:02:00	1	0	55	0	Ct	0	1	0	0	0	0	0	2	0	1	0	0	0	0	0	0	0	0	0	2	0	0	0	0	0	0	1	0	3	0	1	0	0	0
162839	11 Nov 25	14:03:00	1	0	55	0	Ct	0	1	0	0	0	0	0	2	0	2	0	2	0	0	0	0	0	0	0	2	0	0	0	0	0	0	0	0	0	0	1	0	3	0
162840	11 Nov 25	14:04:00	1	0	55	0	Ct	0	1	0	0	0	0	0	2	0	1	0	0	0	0	0	0	0	2	1	2	0	0	0	0	0	0	0	0	0	0	0	0	0	0
162841	11 Nov 25	14:05:00	1	0	55	0	Ct	0	1	0	0	0	0	0	0	0	0	0	0	0	0	0	0	0	1	1	2	0	0	0	0	0	0	0	0	2	0	0	0	0	0
162842	11 Nov 25	14:06:00	1	0	55	0	Ct	0	1	0	0	0	0	0	0	0	0	0	0	0	0	0	1	0	4	0	2	0	0	0	2	0	0	0	0	0	0	0	0	0	0
162843	11 Nov 25	14:07:00	1	0	55	0	Ct	0	1	0	0	0	0	0	2	0	0	0	0	0	0	0	2	0	0	0	1	0	0	0	0	0	0	1	0	0	0	0	0	2	0
162844	11 Nov 25	14:08:00	1	0	55	0	Ct	0	1	0	0	0	0	0	1	0	0	0	1	0	0	0	0	0	0	0	0	0	0	0	0	0	0	2	0	1	0	0	0	0	0
162845	11 Nov 25	14:09:00	1	0	55	0	Ct	0	1	0	0	0	0	0	0	0	0	0	1	0	0	0	2	0	0	0	2	0	0	0	0	0	0	1	0	0	0	0	0	1	0
162846	11 Nov 25	14:10:00	1	0	55	0	Ct	0	1	0	0	0	0	0	2	0	0	0	1	0	0	0	1	0	0	2	0	0	0	0	0	0	1	0	0	1	0	0	0	0	0
162847	11 Nov 25	14:11:00	1	0	55	0	Ct	0	1	0	0	0	0	0	0	0	0	0	1	0	0	0	3	0	2	0	0	0	0	0	0	0	5	0	0	0	0	0	0	1	0
162848	11 Nov 25	14:12:00	1	0	55	0	Ct	0	1	0	0	0	0	0	2	0	0	0	1	0	0	0	3	0	0	4	0	0	0	0	0	1	0	0	0	0	0	0	0	0	0
162849	11 Nov 25	14:13:00	1	0	55	0	Ct	0	1	0	0	0	0	0	2	0	0	0	1	0	0	0	0	0	2	1	0	0	0	0	0	1	2	0	0	0	0	2	0	2	0
162850	11 Nov 25	14:14:00	1	0	55	0	Ct	0	1	0	0	0	0	0	2	0	0	0	0	0	0	0	3	0	0	0	2	0	0	0	0	0	5	1	0	1	0	1	0	3	0
162851	11 Nov 25	14:15:00	1	0	55	0	Ct	0	1	0	0	0	0	0	1	0	0	0	2	0	0	2	0	0	1	1	0	0	0	0	0	0	0	0	0	1	0	1	0	0	0
162852	11 Nov 25	14:16:00	1	0	55	0	Ct	0	1	0	0	0	0	0	2	0	0	0	0	0	0	0	1	0	1	0	0	0	0	0	0	0	0	3	0	0	0	0	0	0	0
162853	11 Nov 25	14:17:00	1	0	55	0	Ct	0	1	0	0	0	0	0	0	0	0	0	0	0	0	0	2	0	2	2	0	0	0	0	0	0	1	1	0	0	0	0	0	0	0
162854	11 Nov 25	14:18:00	1	0	55	0	Ct	0	1	0	0	0	0	0	1	0	0	0	0	0	0	0	0	0	1	1	1	0	0	0	0	0	1	0	0	2	0	0	0	0	0
162855	11 Nov 25	14:19:00	1	0	55	0	Ct	0	1	0	0	0	0	0	1	0	0	0	0	0	0	0	0	0	0	1	1	0	0	0	0	0	0	0	0	3	0	0	0	0	0
162856	11 Nov 25	14:20:00	1	0	55	0	Ct	0	1	0	0	0	0	0	0	0	0	0	0	0	0	0	0	0	1	0	0	0	0	0	0	0	1	0	0	0	0	0	0	0	0
162857	11 Nov 25	14:21:00	1	0	55	0	Ct	0	1	0	0	0	0	0	1	0	0	0	0	0	0	0	2	0	1	0	1	0	0	0	0	0	1	0	0	0	0	0	0	0	0
162858	11 Nov 25	14:22:00	1	0	55	0	Ct	0	1	0	0	0	0	0	1	0	0	0	0	0	0	0	0	0	1	2	3	0	0	0	0	0	3	0	0	2	0	0	0	0	0
162859	11 Nov 25	14:23:00	1	0	55	0	Ct	0	1	0	0	0	0	0	1	0	0	0	0	0	0	0	0	0	0	0	1	0	0	0	0	0	1	1	0	0	0	0	0	0	0
162860	11 Nov 25	14:24:00	1	0	55	0	Ct	0	1	0	0	0	0	0	1	0	2	0	0	0	0	0	2	0	2	0	2	0	0	0	0	0	4	1	0	3	0	0	0	0	0
162861	11 Nov 25	14:25:00	1	0	55	0	Ct	0	1	0	0	0	0	0	4	0	0	0	0	0	0	0	0	0	3	0	2	0	0	0	0	0	0	1	0	0	0	0	0	0	0
162862	11 Nov 25	14:26:00	1	0	55	0	Ct	0	1	0	0	0	0	0	0	0	0	0	0	0	0	0	3	0	2	0	0	0	0	0	0	0	0	1	0	1	0	0	0	1	0
162863	11 Nov 25	14:27:00	1	0	55	0	Ct	0	1	0	0	0	0	0	0	0	0	0	0	0	0	0	0	0	1	0	0	0	0	0	0	0	0	4	0	0	0	0	0	1	0
162864	11 Nov 25	14:28:00	1	0	55	0	Ct	0	1	0	0	0	0	0	2	0	0	0	0	0	0	0	0	0	1	0	1	0	0	0	0	0	0	0	0	2	0	0	0	0	0
162865	11 Nov 25	14:29:00	1	0	55	0	Ct	0	1	0	0	0	0	0	1	0	0	2	0	0	0	0	0	0	0	0	1	0	0	0	0	0	0	2	0	1	0	0	0	0	0
162866	11 Nov 25	14:30:00	1	0	55	0	Ct	0	1	0	0	0	0	0	2	0	0	0	0	0	0	0	0	0	2	0	0	0	0	0	0	0	0	1	0	0	0	0	0	0	0
162867	11 Nov 25	14:31:00	1	0	55	0	Ct	0	1	0	0	0	0	0	1	0	0	0	0	0	0	0	3	0	0	3	0	0	0	0	0	0	0	2	0	0	0	0	0	0	0
162868	11 Nov 25	14:32:00	1	0	55	0	Ct	0	1	0	0	0	0	0	0	0	0	0	0	0	0	0	2	0	1	0	0	0	0	0	1	0	0	1	0	0	0	2	0	0	0
162869	11 Nov 25	14:33:00	1	0	55	0	Ct	0	1	0	0	0	0	0	3	0	0	0	0	0	0	0	0	0	3	0	2	0	0	0	1	0	0	1	0	0	0	1	0	0	0
162870	11 Nov 25	14:34:00	1	0	55	0	Ct	0	1	0	0	0	0	0	0	0	0	0	0	0	0	0	0	0	3	0	0	0	0	0	0	2	0	5	0	1	0	0	0	0	0
162871	11 Nov 25	14:35:00	1	0	55	0	Ct	0	1	0	0	0	0	0	0	0	0	0	0	0	0	0	0	0	0	0	0	0	0	0	0	0	0	0	0	7	0	0	0	0	0
162872	11 Nov 25	14:36:00	1	0	55	0	Ct	0	1	0	0	0	0	0	0	0	0	0	0	0	0	0	2	0	0	1	0	0	0	0	0	0	0	0	0	3	0	2	0	0	0
162873	11 Nov 25	14:37:00	1	0	55	0	Ct	0	1	0	0	0	0	0	0	0	0	0	0	0	0	0	0	0	0	1	0	0	0	0	0	0	2	0	0	0	0	4	0	0	0
162874	11 Nov 25	14:38:00	1	0	55	0	Ct	0	1	0	0	0	0	0	1	0	0	0	0	0	0	0	0	0	0	0	0	0	0	0	0	0	0	0	0	0	0	6	0	0	0
162875	11 Nov 25	14:39:00	1	0	55	0	Ct	0	1	0	0	0	0	0	0	0	0	0	0	0	0	0	0	0	0	0	0	0	0	0	0	1	2	0	0	0	0	1	0	0	0
162876	11 Nov 25	14:40:00	1	0	55	0	Ct	0	1	0	0	0	0	0	1	0	0	0	0	0	0	0	2	0	2	0	0	0	0	0	0	1	0	1	0	0	0	0	0	0	0
162877	11 Nov 25	14:41:00	1	0	55	0	Ct	0	1	0	0	0	0	0	1	0	0	0	0	0	0	0	1	0	0	0	0	0	0	0	0	1	0	3	0	0	0	0	0	0	0
162878	11 Nov 25	14:42:00	1	0	55	0	Ct	0	1	0	0	0	0	0	0	0	0	0	0	0	0	0	1	0	0	0	0	0	0	0	0	0	0	1	0	0	0	3	0	0	0
162879	11 Nov 25	14:43:00	1	0	55	0	Ct	0	1	0	0	0	0	0	2	0	0	0	0	0	0	0	1	0	2	0	0	0	0	0	0	0	0	0	0	2	0	0	0	0	0
162880	11 Nov 25	14:44:00	1	0	55	0	Ct	0	1	0	0	0	0	0	1	0	0	0	0	0	0	0	1	0	0	0	0	0	0	0	0	0	0	0	0	0	0	0	0	0	0
162881	11 Nov 25	14:45:00	1	0	55	0	Ct	0	1	0	0	0	0	0	1	0	0	0	0	0	0	0	2	0	0	0	0	0	0	0	0	0	2	1	0	0	0	1	0	0	0
162882	11 Nov 25	14:46:00	1	0	55	0	Ct	0	1	0	0	0	0	0	0	0	0	0	0	0	0	0	0	0	0	0	0	0	0	0	0	0	0	1	0	0	0	1	0	1	0
162883	11 Nov 25	14:47:00	1	0	55	0	Ct	0	1	0	0	0	0	0	2	0	0	0	0	0	0	0	0	0	0	0	0	5	0	0	0	0	0	1	0	1	0	0	0	1	0
162884	11 Nov 25	14:48:00	1	0	55	0	Ct	0	1	0	0	0	0	0	2	0	0	0	0	0	0	0	2	0	1	0	0	1	0	0	0	0	0	2	0	3	0	2	0	0	0
162885	11 Nov 25	14:49:00	1	0	55	0	Ct	0	1	0	0	0	0	0	1	0	0	0	0	0	0	0	0	0	1	0	0	0	0	0	0	1	0	1	0	3	0	1	0	0	0
162886	11 Nov 25	14:50:00	1	0	55	0	Ct	0	1	0	0	0	0	0	1	0	0	0	0	0	0	0	0	0	2	0	0	0	0	0	0	0	0	2	0	2	0	1	0	0	0
162887	11 Nov 25	14:51:00	1	0	55	0	Ct	0	1	0	0	0	0	0	2	0	0	0	0	0	0	0	0	0	0	0	0	0	0	0	0	0	0	2	0	3	0	0	0	0	0
162888	11 Nov 25	14:52:00	1	0	55	0	Ct	0	1	0	0	0	0	0	1	0	0	0	0	0	0	0	0	0	1	0	0	1	0	0	0	0	0	1	0	2	0	0	0	0	0
162889	11 Nov 25	14:53:00	1	0	55	0	Ct	0	1	0	0	0	0	0	1	0	0	0	0	0	0	1	0	0	0	1	0	1	0	0	3	0	0	1	0	1	0	0	0	0	0
162890	11 Nov 25	14:54:00	1	0	55	0	Ct	0	1	0	0	0	0	0	1	0	0	0	0	0	0	1	2	0	1	1	0	0	0	0	0	2	0	0	0	2	0	0	0	0	0
162891	11 Nov 25	14:55:00	1	0	55	0	Ct	0	1	0	0	0	0	0	1	0	0	0	0	0	0	0	0	0	0	0	0	0	0	0	0	1	0	1	0	0	0	1	0	0	0
162892	11 Nov 25	14:56:00	1	0	55	0	Ct	0	1	0	0	0	0	0	2	0	0	0	0	0	0	0	0	0	0	0	0	2	0	3	2	0	0	1	0	1	0	1	0	0	0
162893	11 Nov 25	14:57:00	1	0	55	0	Ct	0	1	0	0	0	0	0	0	0	2	0	0	0	0	0	0	0	0	0	0	0	0	1	0	0	0	1	0	1	0	0	0	0	0
162894	11 Nov 25	14:58:00	1	0	55	0	Ct	0	1	0	0	0	0	0	0	0	0	0	0	0	0	0	0	0	0	0	0	0	0	0	4	0	0	1	0	1	0	0	0	0	0
162895	11 Nov 25	14:59:00	1	0	55	0	Ct	0	1	0	0	0	0	0	0	0	2	0	0	0	0	0	0	0	0	0	0	0	0	0	0	0	0	1	0	0	0	3	0	2	0
162896	11 Nov 25	15:00:00	1	0	55	0	Ct	0	1	0	0	0	0	0	2	0	0	0	0	0	0	0	0	0	1	0	0	0	0	0	2	0	0	0	0	1	0	3	0	0	0
162897	11 Nov 25	15:01:00	1	0	55	0	Ct	0	1	0	0	0	0	0	0	0	0	0	0	0	0	0	1	0	2	0	0	0	0	0	2	0	0	1	0	2	0	2	0	0	0
162898	11 Nov 25	15:02:00	1	0	55	0	Ct	0	1	0	0	0	0	0	0	0	0	0	0	0	0	0	1	0	0	0	0	0	0	0	5	0	0	1	0	0	0	2	0	0	0
162899	11 Nov 25	15:03:00	1	0	55	0	Ct	0	1	0	0	0	0	0	2	0	0	0	0	0	0	0	0	0	0	0	0	0	0	0	2	0	0	2	0	1	0	2	0	0	0
162900	11 Nov 25	15:04:00	1	0	55	0	Ct	0	1	0	0	0	0	0	0	0	0	0	0	0	0	0	0	0	0	0	0	0	0	0	1	0	0	0	0	2	0	1	0	0	0
162901	11 Nov 25	15:05:00	1	0	55	0	Ct	0	1	0	0	0	0	0	0	0	0	0	0	0	0	0	1	0	0	0	0	2	0	0	4	0	0	2	0	0	0	2	0	0	0
162902	11 Nov 25	15:06:00	1	0	55	0	Ct	0	1	0	0	0	0	0	0	0	0	0	0	0	0	0	1	0	0	0	0	0	0	0	1	0	0	0	0	0	0	2	0	0	0
162903	11 Nov 25	15:07:00	1	0	55	0	Ct	0	1	0	0	0	0	0	0	0	0	0	0	0	0	0	2	0	1	0	0	0	0	0	2	1	0	1	0	0	0	1	0	0	0
162904	11 Nov 25	15:08:00	1	0	55	0	Ct	0	1	0	0	0	0	0	2	0	0	0	0	0	0	0	2	0	1	0	0	0	0	0	1	1	0	1	0	1	0	0	0	0	0
162905	11 Nov 25	15:09:00	1	0	55	0	Ct	0	1	0	0	0	0	0	0	0	3	0	1	0	0	0	0	0	0	0	1	2	0	0	2	0	0	2	0	1	0	2	0	0	0
162906	11 Nov 25	15:10:00	1	0	55	0	Ct	0	1	0	0	0	0	0	1	0	1	0	1	0	0	0	0	0	0	0	1	0	0	0	2	0	0	0	0	0	0	0	0	0	0
162907	11 Nov 25	15:11:00	1	0	55	0	Ct	0	1	0	0	0	0	0	2	0	1	0	0	0	0	0	0	0	0	0	0	0	0	0	1	0	0	0	0	0	0	0	0	0	0
162908	11 Nov 25	15:12:00	1	0	55	0	Ct	0	1	0	0	0	0	0	0	0	0	0	1	0	0	0	2	0	1	0	0	0	0	0	0	0	0	2	0	0	0	0	0	0	0
162909	11 Nov 25	15:13:00	1	0	55	0	Ct	0	1	0	0	0	0	0	2	0	0	3	3	0	0	0	3	0	2	0	0	1	0	0	0	0	0	0	0	0	0	0	0	0	0
162910	11 Nov 25	15:14:00	1	0	55	0	Ct	0	1	0	0	0	0	0	2	0	2	0	1	0	0	0	3	0	0	1	0	1	0	0	2	0	0	0	0	0	0	0	0	0	0
162911	11 Nov 25	15:15:00	1	0	55	0	Ct	0	1	0	0	0	0	0	1	0	0	0	1	0	0	0	0	0	2	1	0	0	0	0	0	0	0	1	0	0	0	0	0	0	0
162912	11 Nov 25	15:16:00	1	0	55	0	Ct	0	1	0	0	0	0	0	1	0	0	0	0	0	0	0	0	0	0	0	0	0	0	0	0	1	3	1	0	2	0	1	0	0	0
162913	11 Nov 25	15:17:00	1	0	55	0	Ct	0	1	0	0	0	0	0	1	0	2	0	0	0	0	0	2	0	0	0	0	0	0	0	2	1	2	0	0	0	0	1	0	0	0
162914	11 Nov 25	15:18:00	1	0	55	0	Ct	0	1	0	0	0	0	0	1	0	0	0	1	0	0	0	0	0	0	0	0	0	0	0	0	0	0	0	0	0	0	0	0	2	0
162915	11 Nov 25	15:19:00	1	0	55	0	Ct	0	1	0	2	2	0	0	0	0	0	0	0	0	0	0	0	0	2	0	0	0	0	0	2	0	0	2	0	0	0	0	0	0	0
162916	11 Nov 25	15:20:00	1	0	55	0	Ct	0	1	0	0	0	0	0	1	0	0	0	1	0	0	0	0	0	0	0	0	0	0	0	2	0	0	1	0	0	0	0	0	0	0
162917	11 Nov 25	15:21:00	1	0	55	0	Ct	0	1	0	0	0	0	0	1	0	0	0	0	0	0	0	2	0	0	0	0	0	0	0	0	0	0	0	0	0	0	1	0	0	0
162918	11 Nov 25	15:22:00	1	0	55	0	Ct	0	1	0	0	0	0	0	0	0	0	0	1	0	0	0	0	0	0	2	0	0	0	0	3	0	0	0	0	3	0	1	0	0	1
162919	11 Nov 25	15:23:00	1	0	55	0	Ct	0	1	0	0	0	0	0	0	0	0	0	0	0	0	0	0	0	0	0	0	0	0	0	0	0	0	0	0	1	0	1	0	0	1
162920	11 Nov 25	15:24:00	1	0	55	0	Ct	0	1	0	0	0	0	0	1	0	0	0	1	0	0	0	2	0	2	2	0	0	0	0	3	0	0	0	0	3	0	0	0	0	2
162921	11 Nov 25	15:25:00	1	0	55	0	Ct	0	1	0	0	0	0	0	1	0	0	0	0	0	0	0	0	0	0	0	0	0	0	0	3	0	0	0	0	0	0	2	0	0	0
162922	11 Nov 25	15:26:00	1	0	55	0	Ct	0	1	0	0	0	0	0	2	0	0	0	0	0	0	0	0	0	0	1	0	1	0	0	1	0	0	0	0	2	0	1	0	0	0
162923	11 Nov 25	15:27:00	1	0	55	0	Ct	0	1	0	0	0	0	0	0	1	2	0	0	0	0	0	0	0	2	1	0	1	0	0	1	0	0	3	0	0	0	0	0	0	0
162924	11 Nov 25	15:28:00	1	0	55	0	Ct	0	1	0	0	0	0	0	0	2	0	0	0	0	0	0	0	0	0	0	0	0	0	0	2	0	0	0	0	0	0	1	0	0	0
162925	11 Nov 25	15:29:00	1	0	55	0	Ct	0	1	0	0	0	0	0	2	0	0	0	1	0	0	0	3	0	0	0	0	0	0	0	0	0	0	0	0	2	0	1	0	0	0
162926	11 Nov 25	15:30:00	1	0	55	0	Ct	0	1	0	0	0	0	0	1	0	0	0	1	0	0	0	0	0	0	2	0	0	0	0	2	0	0	0	0	0	0	2	0	0	0
162927	11 Nov 25	15:31:00	1	0	55	0	Ct	0	1	0	0	0	0	0	1	0	0	0	0	0	0	0	3	0	1	0	0	0	0	0	1	0	0	1	0	3	0	4	0	0	0
162928	11 Nov 25	15:32:00	1	0	55	0	Ct	0	1	0	0	0	0	0	1	0	0	0	0	0	0	1	2	0	1	0	0	0	0	0	1	0	0	1	0	2	0	1	0	0	0
162929	11 Nov 25	15:33:00	1	0	55	0	Ct	0	1	0	0	0	0	0	1	0	2	0	0	0	0	1	0	0	0	0	0	2	0	0	0	1	0	3	0	0	0	1	0	0	0
162930	11 Nov 25	15:34:00	1	0	55	0	Ct	0	1	0	0	0	0	0	0	0	0	0	0	0	0	0	0	0	0	0	0	0	0	0	2	0	1	0	0	1	0	1	0	0	0
162931	11 Nov 25	15:35:00	1	0	55	0	Ct	0	1	0	0	0	0	0	0	0	0	0	1	0	0	0	2	0	0	2	0	0	0	0	1	0	1	0	0	2	0	0	0	0	0
162932	11 Nov 25	15:36:00	1	0	55	0	Ct	0	1	0	0	0	0	0	0	0	0	0	1	0	0	0	0	0	2	0	0	1	0	0	0	0	1	0	0	1	0	1	0	0	0
162933	11 Nov 25	15:37:00	1	0	55	0	Ct	0	1	0	0	0	0	0	0	0	0	0	0	0	0	0	2	0	0	1	0	1	0	0	0	0	0	1	0	0	0	0	0	1	0
162934	11 Nov 25	15:38:00	1	0	55	0	Ct	0	1	0	0	0	0	0	0	0	0	0	0	0	0	0	0	0	0	1	0	0	0	0	0	0	0	0	0	0	0	0	0	1	0
162935	11 Nov 25	15:39:00	1	0	55	0	Ct	0	1	0	0	0	0	0	0	0	0	0	1	0	0	0	0	0	0	0	0	1	0	0	0	0	0	0	0	3	0	1	0	0	1
162936	11 Nov 25	15:40:00	1	0	55	0	Ct	0	1	0	0	0	0	0	0	0	2	0	1	0	0	0	4	0	0	0	0	3	0	0	0	0	1	0	0	1	0	3	0	0	0
162937	11 Nov 25	15:41:00	1	0	55	0	Ct	0	1	0	0	0	0	0	1	0	0	0	0	0	0	0	0	0	0	2	0	0	0	0	1	0	1	0	0	3	0	0	0	0	1
162938	11 Nov 25	15:42:00	1	0	55	0	Ct	0	1	0	0	1	0	0	1	0	0	0	0	0	0	0	0	0	0	0	0	1	0	0	1	0	0	1	0	2	0	0	0	0	0
162939	11 Nov 25	15:43:00	1	0	55	0	Ct	0	1	0	0	0	0	0	0	0	0	0	0	0	0	0	0	0	0	0	0	1	0	0	2	1	2	0	0	1	0	0	0	0	0
162940	11 Nov 25	15:44:00	1	0	55	0	Ct	0	1	0	0	0	0	0	0	0	0	0	0	0	0	0	0	0	0	0	0	0	0	0	0	0	0	0	0	2	0	0	0	0	0
162941	11 Nov 25	15:45:00	1	0	55	0	Ct	0	1	0	0	0	0	0	1	0	0	0	0	0	0	0	1	0	0	0	0	1	0	0	2	0	0	0	0	0	0	0	0	0	0
162942	11 Nov 25	15:46:00	1	0	55	0	Ct	0	1	0	0	0	0	0	2	0	0	0	0	0	0	0	1	0	0	2	0	1	0	0	2	0	0	0	0	0	0	0	0	0	0
162943	11 Nov 25	15:47:00	1	0	55	0	Ct	0	1	0	0	0	0	0	0	0	0	0	0	0	0	2	0	0	0	0	0	0	0	0	1	0	0	1	0	1	0	0	0	0	0
162944	11 Nov 25	15:48:00	1	0	55	0	Ct	0	1	0	0	0	0	0	0	0	0	0	1	0	11	0	1	0	0	0	0	0	0	0	1	0	3	1	0	3	0	0	0	0	0
162945	11 Nov 25	15:49:00	1	0	55	0	Ct	0	1	0	0	0	0	0	2	0	3	0	2	0	1	0	1	0	0	0	0	0	0	0	1	0	1	0	0	1	0	0	0	0	0
162946	11 Nov 25	15:50:00	1	0	55	0	Ct	0	1	0	0	0	0	0	1	0	1	0	2	0	0	0	0	0	2	0	0	0	0	0	0	0	0	0	0	1	0	0	0	1	0
162947	11 Nov 25	15:51:00	1	0	55	0	Ct	0	1	0	0	0	0	0	1	0	0	0	0	0	0	0	3	0	0	1	0	0	0	0	1	0	2	0	1	2	0	2	0	0	3
162948	11 Nov 25	15:52:00	1	0	55	0	Ct	0	1	0	0	0	0	0	2	0	2	0	0	0	0	0	5	0	0	1	0	0	0	0	1	0	0	0	0	1	0	0	0	3	0
162949	11 Nov 25	15:53:00	1	0	55	0	Ct	0	1	0	0	0	0	0	0	0	0	0	0	0	0	0	0	0	0	0	0	2	0	0	3	0	0	0	0	1	0	0	0	0	0
162950	11 Nov 25	15:54:00	1	0	55	0	Ct	0	1	0	0	0	0	0	1	0	0	0	2	0	0	0	0	1	0	0	0	0	0	0	0	0	0	0	1	5	0	0	0	0	0
162951	11 Nov 25	15:55:00	1	0	55	0	Ct	0	1	0	0	0	0	0	0	0	2	0	0	0	0	0	0	0	0	3	0	0	0	0	0	0	0	1	0	0	0	3	0	0	0
162952	11 Nov 25	15:56:00	1	0	55	0	Ct	0	1	0	0	0	0	0	0	0	0	0	0	0	0	0	0	0	0	0	0	0	0	0	2	0	0	0	0	3	0	1	0	0	0
162953	11 Nov 25	15:57:00	1	0	55	0	Ct	0	1	0	0	0	0	0	2	0	0	0	0	0	0	0	0	0	2	0	0	0	0	0	2	0	0	1	0	1	0	1	0	0	0
162954	11 Nov 25	15:58:00	1	0	55	0	Ct	0	1	0	0	0	0	0	2	0	2	0	0	0	0	0	2	0	0	1	0	0	0	0	0	0	4	0	0	1	0	1	0	0	0
162955	11 Nov 25	15:59:00	1	0	55	0	Ct	0	1	0	0	0	0	0	2	0	0	0	0	0	0	0	0	0	0	1	0	0	0	0	0	0	0	0	0	1	0	0	0	0	0
162956	11 Nov 25	16:00:00	1	0	55	0	Ct	0	1	0	0	0	0	0	0	1	1	0	0	0	0	0	0	0	0	0	0	0	0	0	0	0	0	0	0	2	0	1	0	0	0
162957	11 Nov 25	16:01:00	1	0	55	0	Ct	0	1	0	0	0	0	0	2	1	1	0	0	0	0	0	0	0	0	0	0	0	0	0	0	0	0	0	1	0	0	3	0	0	0
162958	11 Nov 25	16:02:00	1	0	55	0	Ct	0	1	0	0	0	0	0	0	0	0	0	0	0	0	0	0	0	0	1	0	0	0	0	2	0	0	0	0	3	0	0	0	2	2
162959	11 Nov 25	16:03:00	1	0	55	0	Ct	0	1	1	0	0	0	0	2	0	0	0	1	0	0	0	0	0	0	1	0	0	0	0	0	0	2	0	0	1	0	0	0	0	0
162960	11 Nov 25	16:04:00	1	0	55	0	Ct	0	1	2	0	0	0	0	1	0	0	0	0	0	0	0	0	0	1	0	0	2	0	0	2	2	0	2	0	0	0	0	0	0	0
162961	11 Nov 25	16:05:00	1	0	55	0	Ct	0	1	0	0	0	0	0	1	0	2	0	0	0	0	0	0	0	0	1	0	0	0	0	1	1	0	1	0	2	0	0	0	0	0
162962	11 Nov 25	16:06:00	1	0	55	0	Ct	0	1	0	0	0	0	0	2	0	1	0	0	0	0	0	0	0	0	1	0	0	0	0	1	1	0	1	0	1	0	0	0	0	0
162963	11 Nov 25	16:07:00	1	0	55	0	Ct	0	1	0	0	0	0	0	1	0	1	0	0	0	0	0	0	0	0	0	0	1	0	0	0	0	0	0	0	0	0	0	0	0	0
162964	11 Nov 25	16:08:00	1	0	55	0	Ct	0	1	0	0	0	0	0	2	0	0	0	0	0	0	0	0	0	0	0	0	2	0	4	2	0	0	0	0	0	0	1	0	2	0
162965	11 Nov 25	16:09:00	1	0	55	0	Ct	0	1	0	0	0	0	0	2	0	2	1	1	0	0	0	2	0	0	0	0	0	0	0	0	0	0	0	0	2	0	1	0	0	0
162966	11 Nov 25	16:10:00	1	0	55	0	Ct	0	1	0	0	0	0	0	1	0	0	0	1	0	0	0	0	0	1	0	0	0	0	0	0	0	0	2	0	0	0	0	0	0	0
162967	11 Nov 25	16:11:00	1	0	55	0	Ct	0	1	0	0	0	0	0	2	0	0	1	0	0	0	0	0	0	0	0	0	0	0	0	2	0	0	0	0	2	0	0	0	0	2
162968	11 Nov 25	16:12:00	1	0	55	0	Ct	0	1	0	0	0	0	0	1	0	2	0	0	0	0	0	0	0	0	0	0	1	0	0	1	0	0	0	0	1	0	0	0	0	0
162969	11 Nov 25	16:13:00	1	0	55	0	Ct	0	1	0	0	0	0	0	2	0	0	0	0	0	3	0	0	0	0	0	0	1	0	0	1	0	0	0	0	1	0	0	0	0	0
162970	11 Nov 25	16:14:00	1	0	55	0	Ct	0	1	0	0	0	0	0	2	0	0	0	0	0	1	0	0	0	0	0	0	0	0	0	0	0	0	1	0	0	0	0	0	0	0
162971	11 Nov 25	16:15:00	1	0	55	0	Ct	0	1	0	0	0	0	0	1	0	2	0	0	0	0	0	0	0	0	1	0	0	0	0	3	0	0	3	0	1	0	0	0	0	0
162972	11 Nov 25	16:16:00	1	0	55	0	Ct	0	1	0	0	0	0	0	0	0	0	0	0	0	0	0	0	0	0	1	0	2	0	0	1	0	0	1	0	1	0	0	0	0	1
162973	11 Nov 25	16:17:00	1	0	55	0	Ct	0	1	0	0	3	0	1	0	0	0	0	0	0	0	0	0	0	0	0	0	0	0	0	1	0	0	1	0	0	0	0	0	0	2
162974	11 Nov 25	16:18:00	1	0	55	0	Ct	0	1	0	0	0	0	0	0	0	0	0	0	0	0	0	2	0	0	0	0	0	0	0	2	0	0	0	0	5	0	0	0	2	2
162975	11 Nov 25	16:19:00	1	0	55	0	Ct	0	1	0	0	0	0	2	1	0	1	0	3	0	0	0	0	0	1	0	0	0	0	0	0	0	0	1	0	0	0	0	0	1	2
162976	11 Nov 25	16:20:00	1	0	55	0	Ct	0	1	0	0	0	0	8	0	0	1	0	0	0	0	0	0	0	1	0	0	0	0	0	1	0	0	0	0	1	0	2	0	0	2
162977	11 Nov 25	16:21:00	1	0	55	0	Ct	0	1	0	0	0	0	0	0	0	0	0	0	0	0	0	0	0	0	1	0	0	0	0	1	0	2	1	0	1	0	1	0	0	2
162978	11 Nov 25	16:22:00	1	0	55	0	Ct	0	1	0	0	0	0	0	0	0	0	0	0	0	0	0	2	0	1	1	0	0	0	0	0	0	0	0	0	2	0	2	0	0	1
162979	11 Nov 25	16:23:00	1	0	55	0	Ct	0	1	0	0	0	0	21	1	0	0	0	0	0	0	0	0	0	1	0	0	0	0	0	0	0	0	0	0	0	0	0	0	0	1
162980	11 Nov 25	16:24:00	1	0	55	0	Ct	0	1	0	0	0	0	4	1	0	0	0	1	0	0	0	0	0	0	0	0	2	0	0	2	0	1	0	0	0	0	2	0	0	1
162981	11 Nov 25	16:25:00	1	0	55	0	Ct	0	1	0	0	0	0	1	2	0	0	0	0	0	1	0	0	0	0	0	0	0	0	0	0	0	1	0	0	1	0	0	0	0	2
162982	11 Nov 25	16:26:00	1	0	55	0	Ct	0	1	0	0	0	0	9	0	0	0	0	0	0	1	0	0	0	0	0	0	1	0	0	1	0	0	0	0	2	0	0	0	1	2
162983	11 Nov 25	16:27:00	1	0	55	0	Ct	0	1	1	0	0	0	19	3	0	2	0	0	0	0	0	2	0	0	1	0	0	0	0	1	0	0	0	0	1	0	2	0	1	0
162984	11 Nov 25	16:28:00	1	0	55	0	Ct	0	1	1	0	0	0	1	1	0	0	0	0	0	0	0	0	0	0	1	0	3	0	0	0	0	0	0	0	0	0	11	0	0	1
162985	11 Nov 25	16:29:00	1	0	55	0	Ct	0	1	1	0	0	0	7	1	0	0	0	2	0	2	0	1	0	2	0	0	0	0	0	2	0	0	1	0	0	0	0	0	2	1
162986	11 Nov 25	16:30:00	1	0	55	0	Ct	0	1	0	0	2	0	8	0	0	0	0	0	0	0	0	1	0	0	0	0	0	0	0	0	0	3	1	0	3	0	0	0	0	0
162987	11 Nov 25	16:31:00	1	0	55	0	Ct	0	1	4	0	1	0	13	0	0	0	0	0	0	0	0	0	0	0	0	0	0	0	0	0	2	0	0	0	1	0	0	0	0	2
162988	11 Nov 25	16:32:00	1	0	55	0	Ct	0	1	1	0	0	0	8	2	0	2	0	4	0	0	0	0	0	0	0	0	1	0	0	0	2	0	0	0	1	0	0	0	0	2
162989	11 Nov 25	16:33:00	1	0	55	0	Ct	0	1	0	0	0	0	11	0	0	0	0	1	0	1	0	0	0	1	0	0	1	0	0	0	0	0	0	0	1	0	0	0	2	1
162990	11 Nov 25	16:34:00	1	0	55	0	Ct	0	1	0	0	1	0	1	2	1	1	0	0	0	0	0	0	0	1	0	0	0	0	0	0	0	0	0	0	0	0	0	0	1	1
162991	11 Nov 25	16:35:00	1	0	55	0	Ct	0	1	0	0	4	0	0	0	1	1	0	1	0	0	0	0	0	0	1	0	0	0	0	2	0	0	0	0	0	0	2	0	1	2
162992	11 Nov 25	16:36:00	1	0	55	0	Ct	0	1	0	0	1	0	2	2	0	0	2	1	0	1	0	0	0	0	0	0	3	0	0	0	0	0	0	0	1	0	0	0	0	2
162993	11 Nov 25	16:37:00	1	0	55	0	Ct	0	1	0	0	2	0	31	2	0	2	0	0	0	0	0	2	0	0	1	0	0	0	0	5	0	0	0	0	2	0	0	0	0	0
162994	11 Nov 25	16:38:00	1	0	55	0	Ct	0	1	0	0	2	0	0	0	0	0	0	2	0	0	0	0	0	0	1	0	0	0	0	1	0	0	1	0	1	0	2	0	0	0
162995	11 Nov 25	16:39:00	1	0	55	0	Ct	0	1	2	0	3	0	6	0	0	2	0	0	0	0	0	0	0	2	0	0	0	0	0	0	0	0	1	0	0	1	0	0	0	0
162996	11 Nov 25	16:40:00	1	0	55	0	Ct	0	1	1	0	2	0	5	1	0	0	0	0	0	0	0	0	0	0	2	0	0	0	0	0	0	2	0	0	1	0	0	0	1	0
162997	11 Nov 25	16:41:00	1	0	55	0	Ct	0	1	1	0	1	0	0	1	0	0	1	0	0	0	0	0	0	0	1	2	0	0	0	0	0	0	0	0	2	2	0	0	1	0
162998	11 Nov 25	16:42:00	1	0	55	0	Ct	0	1	1	0	2	0	2	1	0	0	0	2	0	0	5	2	0	0	0	0	0	0	0	2	0	0	0	0	1	0	1	0	0	0
162999	11 Nov 25	16:43:00	1	0	55	0	Ct	0	1	2	0	2	0	0	1	0	0	0	1	0	0	0	0	0	0	1	0	0	0	0	0	0	3	1	0	2	0	2	0	0	0
163000	11 Nov 25	16:44:00	1	0	55	0	Ct	0	1	2	0	0	0	0	2	0	0	0	1	0	0	0	0	0	0	1	0	0	0	1	1	0	0	1	0	1	0	0	0	0	0
163001	11 Nov 25	16:45:00	1	0	55	0	Ct	0	1	2	0	3	0	0	1	0	0	0	1	0	0	2	0	0	0	1	0	0	0	1	1	0	0	0	0	1	0	0	0	0	0
163002	11 Nov 25	16:46:00	1	0	55	0	Ct	0	1	1	0	0	0	0	1	0	0	0	1	0	0	0	0	0	0	1	0	0	0	0	0	0	1	0	0	2	0	3	0	2	0
163003	11 Nov 25	16:47:00	1	0	55	0	Ct	0	1	1	0	0	0	0	2	0	0	0	1	0	0	0	0	0	0	0	0	0	0	0	0	0	5	0	0	0	0	0	0	0	0
163004	11 Nov 25	16:48:00	1	0	55	0	Ct	0	1	2	0	2	0	0	1	0	1	0	0	0	0	0	0	0	2	2	0	0	0	1	0	0	0	1	0	2	0	1	0	0	0
163005	11 Nov 25	16:49:00	1	0	55	0	Ct	0	1	0	0	0	0	0	0	0	0	0	0	0	0	0	2	0	0	0	0	1	0	2	1	0	0	0	0	0	0	0	0	0	0
163006	11 Nov 25	16:50:00	1	0	55	0	Ct	0	1	0	0	0	0	1	1	0	0	0	1	0	0	0	0	0	0	1	0	1	0	0	1	0	0	2	0	0	1	0	0	0	0
163007	11 Nov 25	16:51:00	1	0	55	0	Ct	0	1	0	0	1	0	8	1	0	0	0	1	0	0	0	0	0	0	0	0	0	0	0	2	2	0	0	0	0	0	1	0	0	0
163008	11 Nov 25	16:52:00	1	0	55	0	Ct	0	1	0	0	1	0	0	1	3	1	0	0	0	0	0	0	0	0	1	0	0	0	0	1	0	0	1	0	0	6	0	2	0	0
163009	11 Nov 25	16:53:00	1	0	55	0	Ct	0	1	2	0	2	0	8	0	1	0	0	0	0	0	0	0	0	0	0	0	0	0	0	1	0	2	1	0	0	3	0	2	0	0
163010	11 Nov 25	16:54:00	1	0	55	0	Ct	0	1	1	0	0	0	13	0	0	0	0	1	0	0	0	4	0	3	0	0	0	0	0	0	0	0	0	0	0	2	0	2	0	0
163011	11 Nov 25	16:55:00	1	0	55	0	Ct	0	1	2	0	2	0	3	1	0	0	0	1	0	0	0	2	0	1	0	1	0	0	2	2	0	0	1	0	0	0	0	0	0	0
163012	11 Nov 25	16:56:00	1	0	55	0	Ct	0	1	2	0	1	0	5	1	0	0	0	0	0	0	0	3	0	0	1	1	0	0	0	0	0	0	0	0	4	0	0	0	2	0
163013	11 Nov 25	16:57:00	1	0	55	0	Ct	0	1	1	0	3	0	1	1	0	2	0	2	0	0	0	4	0	0	0	0	0	0	0	1	0	0	0	0	2	1	0	0	0	0
163014	11 Nov 25	16:58:00	1	0	55	0	Ct	0	1	3	0	1	0	9	1	0	0	0	0	0	0	0	0	0	0	1	1	0	0	0	1	0	0	1	0	2	1	0	0	0	0
163015	11 Nov 25	16:59:00	1	0	55	0	Ct	0	1	3	0	2	0	0	0	0	0	0	2	0	0	0	0	0	0	0	4	1	0	0	0	0	0	0	0	4	0	0	0	1	0
163016	11 Nov 25	17:00:00	1	0	55	0	Ct	0	1	0	0	1	0	2	0	0	1	0	0	0	0	0	0	0	3	1	1	1	0	2	0	0	2	0	0	0	0	0	0	1	0
163017	11 Nov 25	17:01:00	1	0	55	0	Ct	0	1	0	2	0	0	0	2	0	1	0	2	0	0	0	2	0	0	1	2	0	0	0	2	0	0	0	0	0	0	0	0	0	0
163018	11 Nov 25	17:02:00	1	0	55	0	Ct	0	1	0	0	0	0	8	0	0	0	0	1	0	0	0	0	0	0	0	1	0	0	2	2	2	0	0	0	1	0	1	0	0	0
163019	11 Nov 25	17:03:00	1	0	55	0	Ct	0	1	3	0	0	0	0	4	0	0	0	1	0	0	0	0	0	2	0	2	0	0	0	0	0	0	1	0	1	0	4	0	1	3
163020	11 Nov 25	17:04:00	1	0	55	0	Ct	0	1	2	0	0	0	0	1	0	0	0	0	0	0	0	2	0	0	0	1	2	0	0	1	0	0	1	0	0	0	0	0	0	0
163021	11 Nov 25	17:05:00	1	0	55	0	Ct	0	1	1	0	0	0	0	0	0	1	0	0	0	3	0	1	0	0	0	2	0	0	0	1	0	1	0	0	0	0	0	0	1	2
163022	11 Nov 25	17:06:00	1	0	55	0	Ct	0	1	1	0	0	0	0	1	2	1	0	0	1	0	0	0	0	0	0	0	0	0	1	0	0	1	1	0	0	0	0	0	0	0
163023	11 Nov 25	17:07:00	1	0	55	0	Ct	0	1	3	0	1	0	7	2	0	1	0	0	1	0	0	5	0	2	2	0	1	0	2	2	0	0	1	0	1	1	2	0	2	2
163024	11 Nov 25	17:08:00	1	0	55	0	Ct	0	0	4	0	1	0	5	3	2	3	0	1	0	0	0	2	0	5	3	3	3	0	3	4	0	2	0	0	3	2	3	0	4	1
163025	11 Nov 25	17:09:00	1	0	55	0	Ct	0	0	4	4	3	2	8	4	4	5	0	0	0	2	4	3	0	4	1	4	3	0	3	2	0	1	2	1	1	2	2	0	4	4
163026	11 Nov 25	17:10:00	1	0	55	0	Ct	0	0	5	2	7	1	5	5	4	4	2	3	1	3	2	2	0	4	3	3	1	0	2	2	5	3	3	1	3	3	3	0	4	3
163027	11 Nov 25	17:11:00	1	0	55	0	Ct	0	0	6	2	4	1	13	3	2	4	2	2	1	3	1	4	0	3	1	3	2	0	4	2	4	4	1	2	1	4	3	2	6	4
163028	11 Nov 25	17:12:00	1	0	55	0	Ct	0	0	4	2	6	1	10	2	4	2	3	3	3	0	5	2	1	4	0	3	4	0	3	4	3	3	1	4	2	3	3	3	6	0
163029	11 Nov 25	17:13:00	1	0	55	0	Ct	0	0	2	3	6	3	6	3	1	3	6	1	2	1	2	5	0	6	3	3	1	0	3	3	5	3	1	2	3	2	2	3	4	0
163030	11 Nov 25	17:14:00	1	0	55	0	Ct	0	0	2	1	4	1	15	7	6	2	4	2	1	3	2	2	0	2	2	4	0	0	2	2	6	4	3	2	6	2	5	3	5	3
163031	11 Nov 25	17:15:00	1	0	55	0	Ct	0	0	2	2	5	1	17	5	3	6	5	3	2	4	2	2	0	6	3	4	3	0	2	3	3	2	2	3	1	4	2	3	3	2
163032	11 Nov 25	17:16:00	1	0	55	0	Ct	0	0	5	3	6	1	12	4	3	3	1	1	2	2	4	1	0	2	2	4	5	0	2	6	4	3	1	3	3	3	2	3	5	4
163033	11 Nov 25	17:17:00	1	0	55	0	Ct	0	0	4	0	5	2	12	5	3	5	1	2	1	3	11	4	0	4	2	3	2	0	4	2	4	3	0	4	2	4	5	4	3	2
163034	11 Nov 25	17:18:00	1	0	55	0	Ct	0	0	3	1	5	3	8	5	3	5	5	2	2	2	3	4	0	5	2	3	1	0	2	2	5	4	2	2	1	2	4	5	1	2
163035	11 Nov 25	17:19:00	1	0	55	0	Ct	0	0	4	5	5	3	9	5	11	4	2	3	0	2	1	6	0	5	3	3	1	0	3	3	2	5	2	4	0	2	3	5	2	1
163036	11 Nov 25	17:20:00	1	0	55	0	Ct	0	0	3	3	5	3	4	4	4	1	2	2	3	5	3	3	0	3	2	4	2	0	5	2	3	4	2	3	1	3	2	5	3	2
163037	11 Nov 25	17:21:00	1	0	55	0	Ct	0	0	2	1	6	3	7	4	2	3	1	2	2	4	2	6	0	3	1	4	2	0	2	3	3	2	3	4	1	1	3	6	2	3
163038	11 Nov 25	17:22:00	1	0	55	0	Ct	0	0	4	1	6	3	10	6	2	4	1	3	2	1	3	4	0	0	1	3	1	0	2	4	4	3	0	3	2	2	3	3	1	3
163039	11 Nov 25	17:23:00	1	0	55	0	Ct	0	0	2	1	4	1	8	4	4	4	2	0	2	6	2	4	0	0	2	3	1	0	5	3	3	3	3	4	2	2	3	3	5	2
163040	11 Nov 25	17:24:00	1	0	55	0	Ct	0	0	3	1	6	4	2	3	5	1	2	2	4	2	3	3	0	2	1	2	2	0	3	3	4	2	2	2	2	2	1	5	4	2
163041	11 Nov 25	17:25:00	1	0	55	0	Ct	0	0	2	1	4	2	10	2	5	2	4	0	2	3	5	5	0	5	2	2	2	0	2	2	3	2	2	4	2	2	4	4	4	5
163042	11 Nov 25	17:26:00	1	0	55	0	Ct	0	0	4	1	4	4	9	3	2	2	3	1	0	4	4	4	0	5	1	3	2	0	2	3	4	3	3	3	2	7	3	3	4	1
163043	11 Nov 25	17:27:00	1	0	55	0	Ct	0	0	2	2	4	3	7	3	3	1	2	4	1	4	2	4	0	4	2	5	1	0	1	2	3	2	3	4	1	4	2	2	2	2
163044	11 Nov 25	17:28:00	1	0	55	0	Ct	0	0	1	4	5	1	18	2	4	3	0	1	2	4	2	7	0	4	2	4	2	0	4	2	4	2	0	4	4	3	4	3	4	3
163045	11 Nov 25	17:29:00	1	0	55	0	Ct	0	0	4	3	4	1	5	2	3	2	4	2	2	4	2	3	0	4	1	4	1	0	2	2	3	4	2	4	3	2	1	3	4	1
163046	11 Nov 25	17:30:00	1	0	55	0	Ct	0	0	6	1	5	2	2	7	2	3	2	2	1	4	4	5	0	4	1	3	1	0	5	1	5	2	1	3	2	4	6	3	4	3
163047	11 Nov 25	17:31:00	1	0	55	0	Ct	0	0	8	3	7	1	8	3	3	6	2	1	0	2	2	3	0	4	2	4	0	0	2	1	4	2	3	4	3	2	10	4	4	1
163048	11 Nov 25	17:32:00	1	0	55	0	Ct	0	0	5	1	4	1	17	1	2	1	2	2	1	3	3	6	0	1	2	3	0	0	1	3	3	2	2	3	1	4	4	5	4	1
163049	11 Nov 25	17:33:00	1	0	55	0	Ct	0	0	4	4	4	3	10	3	1	2	3	1	1	4	1	2	0	3	4	2	0	0	2	0	3	4	3	6	3	4	3	5	3	2
163050	11 Nov 25	17:34:00	1	0	55	0	Ct	0	0	2	1	4	1	6	5	5	3	3	2	1	3	2	4	0	1	3	3	0	0	5	2	3	2	2	4	2	2	2	7	3	2
163051	11 Nov 25	17:35:00	1	0	55	0	Ct	0	0	3	1	6	2	12	6	7	5	1	2	3	3	3	2	0	1	5	2	0	0	2	3	3	4	2	1	1	1	3	3	4	2
163052	11 Nov 25	17:36:00	1	0	55	0	Ct	0	0	4	1	2	3	7	0	2	2	0	2	2	5	1	3	0	5	4	2	0	0	1	1	3	3	1	3	3	1	3	3	5	2
163053	11 Nov 25	17:37:00	1	0	55	0	Ct	0	0	3	2	4	4	14	4	1	2	3	1	0	4	5	3	11	1	6	4	0	0	3	3	5	1	2	4	0	3	3	4	5	2
163054	11 Nov 25	17:38:00	1	0	55	0	Ct	0	0	2	0	4	2	12	3	4	2	2	1	1	5	8	3	37	3	3	2	0	0	1	2	2	2	3	4	3	2	3	3	5	2
163055	11 Nov 25	17:39:00	1	0	55	0	Ct	0	0	3	2	7	5	25	2	3	3	2	4	4	6	2	3	11	2	2	2	0	0	2	1	4	4	1	2	2	2	2	5	4	2
163056	11 Nov 25	17:40:00	1	0	55	0	Ct	0	0	3	3	5	8	8	5	1	0	2	2	1	5	7	3	6	2	1	4	0	0	0	0	3	3	2	4	3	2	4	5	6	3
163057	11 Nov 25	17:41:00	1	0	55	0	Ct	0	0	3	0	5	6	7	3	2	2	2	2	2	3	2	5	11	1	1	3	0	0	5	2	3	5	2	3	2	2	3	4	4	0
163058	11 Nov 25	17:42:00	1	0	55	0	Ct	0	0	2	3	5	3	6	3	4	3	2	2	0	6	3	6	0	4	3	2	0	0	1	3	3	3	3	3	3	4	3	4	2	2
163059	11 Nov 25	17:43:00	1	0	55	0	Ct	0	0	1	1	5	2	13	4	4	2	3	3	1	5	4	5	0	1	5	3	0	0	2	2	4	3	2	2	4	2	3	3	4	3
163060	11 Nov 25	17:44:00	1	0	55	0	Ct	0	0	1	1	3	3	7	8	2	3	4	1	1	3	5	4	0	4	0	1	0	0	1	2	5	3	3	4	4	1	3	1	4	1
163061	11 Nov 25	17:45:00	1	0	55	0	Ct	0	0	3	1	2	2	5	1	4	0	3	2	1	2	3	4	1	2	2	1	0	0	3	3	4	1	2	3	4	1	2	3	4	1
163062	11 Nov 25	17:46:00	1	0	55	0	Ct	0	0	4	1	3	5	6	14	3	0	3	0	2	5	3	2	10	2	1	4	0	0	3	1	4	5	2	3	3	2	2	4	6	3
163063	11 Nov 25	17:47:00	1	0	55	0	Ct	0	0	5	2	4	1	3	3	3	1	1	1	2	4	1	7	7	3	3	3	0	0	1	2	3	1	1	4	2	3	1	2	2	2
163064	11 Nov 25	17:48:00	1	0	55	0	Ct	0	0	6	1	3	1	5	5	3	3	3	2	1	3	3	8	0	3	2	3	0	0	2	1	2	4	2	1	2	1	3	3	3	3
163065	11 Nov 25	17:49:00	1	0	55	0	Ct	0	0	3	1	5	2	10	3	2	4	3	3	1	3	4	3	0	5	2	1	0	0	3	1	2	1	1	0	1	2	2	4	6	2
163066	11 Nov 25	17:50:00	1	0	55	0	Ct	0	0	2	0	5	3	9	4	2	4	1	1	1	4	3	3	0	5	2	2	0	0	2	1	5	3	2	2	1	1	5	2	4	2
163067	11 Nov 25	17:51:00	1	0	55	0	Ct	0	0	4	1	3	1	28	4	4	5	3	2	3	5	1	3	0	3	3	2	0	0	2	2	3	3	8	6	4	2	5	2	2	0
163068	11 Nov 25	17:52:00	1	0	55	0	Ct	0	0	2	2	3	2	12	7	0	3	0	3	2	3	2	2	0	2	3	4	0	0	2	3	3	4	3	3	1	1	5	3	5	2
163069	11 Nov 25	17:53:00	1	0	55	0	Ct	0	0	3	5	4	1	13	5	2	0	0	2	2	3	2	3	0	0	0	2	0	0	1	3	4	6	2	4	1	2	4	3	1	2
163070	11 Nov 25	17:54:00	1	0	55	0	Ct	0	0	1	1	3	1	38	3	4	2	0	0	1	4	2	3	0	4	2	2	0	0	2	1	3	2	3	2	2	3	3	4	4	3
163071	11 Nov 25	17:55:00	1	0	55	0	Ct	0	0	3	3	5	3	9	6	3	3	2	3	1	2	2	5	0	4	2	2	0	0	3	2	3	2	2	1	2	1	10	3	5	0
163072	11 Nov 25	17:56:00	1	0	55	0	Ct	0	0	2	1	2	1	11	4	1	4	1	1	0	3	6	2	0	4	3	2	0	0	2	2	3	1	2	4	3	1	2	3	4	1
163073	11 Nov 25	17:57:00	1	0	55	0	Ct	0	0	2	1	5	2	21	4	1	0	0	3	1	5	5	0	2	1	1	3	0	0	2	1	3	1	2	5	0	2	4	3	3	2
163074	11 Nov 25	17:58:00	1	0	55	0	Ct	0	0	3	2	5	2	5	2	2	3	3	2	1	2	6	3	11	1	1	2	0	0	1	3	3	2	2	4	2	1	4	3	3	3
163075	11 Nov 25	17:59:00	1	0	55	0	Ct	0	0	3	3	3	3	12	4	2	1	2	1	2	4	4	5	0	3	1	3	0	0	2	1	4	1	1	2	2	1	3	6	4	2
163076	11 Nov 25	18:00:00	1	0	55	0	Ct	0	0	2	0	3	2	11	3	3	2	1	4	1	4	2	5	0	1	2	2	0	0	0	2	2	5	3	2	1	1	5	3	7	1
163077	11 Nov 25	18:01:00	1	0	55	0	Ct	0	0	4	2	4	2	11	3	4	3	2	2	1	3	3	3	0	2	1	3	0	0	2	3	4	3	1	3	1	2	6	4	4	1
163078	11 Nov 25	18:02:00	1	0	55	0	Ct	0	0	3	1	5	2	14	4	0	3	2	3	0	3	3	2	0	3	1	2	0	0	0	4	4	2	1	2	1	2	4	3	4	2
163079	11 Nov 25	18:03:00	1	0	55	0	Ct	0	0	3	2	4	2	12	2	2	3	2	3	1	5	2	3	0	4	2	3	0	0	2	2	4	3	2	2	1	1	4	2	3	1
163080	11 Nov 25	18:04:00	1	0	55	0	Ct	0	0	2	2	4	1	4	4	0	1	2	1	1	4	2	2	0	2	2	3	0	0	0	2	3	4	2	2	1	2	3	4	5	6
163081	11 Nov 25	18:05:00	1	0	55	0	Ct	0	0	4	0	3	1	8	6	3	1	3	2	2	3	3	2	0	1	2	2	1	0	1	3	4	3	2	2	1	1	3	3	4	2
163082	11 Nov 25	18:06:00	1	0	55	0	Ct	0	0	2	1	4	1	17	2	4	1	3	6	0	6	4	2	0	2	1	2	0	0	1	0	3	4	2	3	3	2	3	3	1	1
163083	11 Nov 25	18:07:00	1	0	55	0	Ct	0	0	3	1	3	4	13	4	4	3	0	1	0	4	2	1	0	3	1	4	0	0	2	2	3	2	2	2	2	2	2	5	2	2
163084	11 Nov 25	18:08:00	1	0	55	0	Ct	0	0	3	1	3	3	4	4	2	3	1	3	1	6	2	3	0	4	1	1	4	0	4	3	2	2	2	3	2	5	5	2	6	2
163085	11 Nov 25	18:09:00	1	0	55	0	Ct	0	0	1	0	2	1	4	3	2	4	3	2	1	4	1	2	0	1	1	2	2	0	5	2	2	3	2	3	1	1	3	3	4	1
163086	11 Nov 25	18:10:00	1	0	55	0	Ct	0	0	2	2	3	1	7	5	2	3	1	0	1	3	3	2	0	3	2	3	1	0	3	2	3	2	1	2	2	1	4	3	1	3
163087	11 Nov 25	18:11:00	1	0	55	0	Ct	0	0	2	0	7	2	11	2	4	1	1	1	1	2	4	4	0	4	1	3	0	0	0	2	3	4	2	4	2	1	3	2	4	2
163088	11 Nov 25	18:12:00	1	0	55	0	Ct	0	0	2	1	5	0	28	3	1	0	2	2	1	3	2	2	0	4	2	3	0	0	2	2	4	3	0	3	3	2	1	5	3	4
163089	11 Nov 25	18:13:00	1	0	55	0	Ct	0	0	5	1	5	1	10	6	0	1	3	1	2	4	3	3	0	3	0	3	2	0	4	1	5	2	2	1	1	2	5	3	4	1
163090	11 Nov 25	18:14:00	1	0	55	0	Ct	0	0	2	1	1	4	4	10	2	3	3	1	2	6	2	3	0	1	2	3	2	0	0	2	3	2	3	3	2	1	3	2	5	4
163091	11 Nov 25	18:15:00	1	0	55	0	Ct	0	0	1	1	3	0	12	5	2	2	2	2	1	4	2	2	0	3	1	1	0	0	2	2	3	3	2	2	3	1	6	5	4	2
163092	11 Nov 25	18:16:00	1	0	55	0	Ct	0	0	3	1	3	2	7	3	3	2	2	1	1	2	4	4	0	4	2	3	2	0	3	3	3	2	3	2	1	0	2	4	2	0
163093	11 Nov 25	18:17:00	1	0	55	0	Ct	0	0	4	0	4	1	34	4	0	2	3	3	1	4	3	2	0	3	1	2	1	0	5	1	2	4	2	2	1	3	3	5	4	1
163094	11 Nov 25	18:18:00	1	0	55	0	Ct	0	0	1	1	5	1	2	2	2	1	5	2	1	4	4	2	0	4	1	3	2	0	2	1	3	1	2	2	3	3	4	5	2	2
163095	11 Nov 25	18:19:00	1	0	55	0	Ct	0	0	4	3	4	2	10	1	6	2	4	2	0	4	1	0	0	7	1	1	1	0	2	2	3	2	2	2	1	1	3	1	4	2
163096	11 Nov 25	18:20:00	1	0	55	0	Ct	0	0	3	1	4	3	25	4	0	2	1	2	2	3	3	2	0	3	1	2	2	0	3	1	4	2	1	3	2	2	1	3	4	1
163097	11 Nov 25	18:21:00	1	0	55	0	Ct	0	0	1	1	5	1	11	5	2	1	3	2	3	4	1	2	0	2	3	3	0	0	2	2	4	3	2	3	2	1	4	1	3	2
163098	11 Nov 25	18:22:00	1	0	55	0	Ct	0	0	1	0	1	2	15	4	3	3	2	2	3	4	1	5	0	1	2	3	2	0	3	3	3	2	3	0	1	1	4	4	3	2
163099	11 Nov 25	18:23:00	1	0	55	0	Ct	0	0	3	1	1	2	8	3	1	2	2	0	0	4	4	2	0	1	1	2	1	0	2	2	4	3	4	3	2	2	8	1	4	4
163100	11 Nov 25	18:24:00	1	0	55	0	Ct	0	0	3	0	5	1	5	2	1	1	3	2	1	4	2	5	0	1	1	3	4	0	5	2	2	5	2	3	2	2	4	4	4	2
163101	11 Nov 25	18:25:00	1	0	55	0	Ct	0	0	2	3	3	1	4	5	3	1	0	4	2	2	2	4	0	2	2	3	1	0	1	2	3	4	2	3	2	2	7	2	2	3
163102	11 Nov 25	18:26:00	1	0	55	0	Ct	0	0	4	1	2	2	9	3	3	0	3	2	1	4	2	1	0	4	2	3	2	0	2	2	3	2	2	3	1	1	3	4	4	2
163103	11 Nov 25	18:27:00	1	0	55	0	Ct	0	0	2	1	4	1	8	3	1	2	5	6	1	3	3	1	0	2	7	2	1	0	3	1	4	3	2	2	6	2	3	4	3	1
163104	11 Nov 25	18:28:00	1	0	55	0	Ct	0	0	2	0	4	0	4	4	0	1	1	3	1	3	3	4	0	3	2	3	2	0	3	1	3	3	3	0	2	1	6	2	3	1
163105	11 Nov 25	18:29:00	1	0	55	0	Ct	0	0	2	1	4	2	23	4	0	3	1	4	1	2	3	3	0	4	4	1	2	0	3	0	4	2	3	1	3	1	1	1	2	3
163106	11 Nov 25	18:30:00	1	0	55	0	Ct	0	0	4	0	6	2	13	3	0	2	2	4	2	4	2	3	0	1	2	3	2	0	4	2	4	3	3	3	1	0	5	4	4	1
163107	11 Nov 25	18:31:00	1	0	55	0	Ct	0	0	2	1	4	2	9	6	0	2	0	5	1	2	0	7	0	2	0	2	1	0	1	4	4	2	2	4	1	1	1	2	1	2
163108	11 Nov 25	18:32:00	1	0	55	0	Ct	0	0	3	1	4	2	7	2	0	2	2	2	0	4	4	7	0	3	2	3	0	0	10	2	4	6	2	2	3	1	4	2	6	2
163109	11 Nov 25	18:33:00	1	0	55	0	Ct	0	0	3	2	4	0	8	3	2	3	2	3	1	3	4	4	0	4	2	4	1	0	0	5	3	2	2	2	1	1	3	3	5	2
163110	11 Nov 25	18:34:00	1	0	55	0	Ct	0	0	2	2	4	1	6	4	3	2	2	3	1	4	4	6	0	1	1	3	2	0	1	0	2	2	2	1	2	1	4	5	4	2
163111	11 Nov 25	18:35:00	1	0	55	0	Ct	0	0	2	1	3	2	19	7	1	1	1	4	1	1	2	8	0	4	1	2	1	0	2	3	2	3	2	3	1	1	4	5	6	2
163112	11 Nov 25	18:36:00	1	0	55	0	Ct	0	0	4	0	6	1	10	2	0	2	3	2	1	4	12	7	0	1	1	1	2	0	1	3	4	4	4	3	5	1	3	5	4	2
163113	11 Nov 25	18:37:00	1	0	55	0	Ct	0	0	1	1	5	1	9	5	0	1	2	4	0	2	6	4	0	2	1	2	1	0	2	3	4	4	3	2	5	0	2	2	5	1
163114	11 Nov 25	18:38:00	1	0	55	0	Ct	0	0	2	0	4	3	20	3	0	1	4	5	2	3	3	4	0	2	1	2	1	0	2	3	1	3	2	2	6	2	3	6	3	2
163115	11 Nov 25	18:39:00	1	0	55	0	Ct	0	0	1	1	4	2	9	3	0	1	2	4	2	3	4	6	0	0	2	0	1	0	3	3	4	2	1	2	3	6	3	3	6	2
163116	11 Nov 25	18:40:00	1	0	55	0	Ct	0	0	3	2	6	1	9	4	0	0	3	2	0	4	5	3	0	2	2	4	2	0	1	2	4	3	2	3	3	2	3	5	4	3
163117	11 Nov 25	18:41:00	1	0	55	0	Ct	0	0	2	1	3	5	15	4	0	0	2	2	1	2	4	6	0	2	2	4	1	0	1	2	3	4	3	3	4	2	5	4	3	2
163118	11 Nov 25	18:42:00	1	0	55	0	Ct	0	0	3	0	5	0	2	6	0	2	1	1	1	4	1	4	0	4	1	3	1	0	4	2	4	3	3	3	1	0	3	3	4	2
163119	11 Nov 25	18:43:00	1	0	55	0	Ct	0	0	1	3	4	2	16	3	0	2	1	3	1	6	1	2	0	3	2	3	0	0	6	5	3	2	2	3	0	2	4	2	2	2
163120	11 Nov 25	18:44:00	1	0	55	0	Ct	0	0	3	1	4	4	12	6	0	4	2	0	1	2	1	3	0	4	1	5	3	0	4	3	5	4	3	1	3	2	4	2	2	2
163121	11 Nov 25	18:45:00	1	0	55	0	Ct	0	0	4	1	3	3	8	2	0	1	3	2	1	4	4	1	0	6	2	2	2	0	1	2	5	1	2	2	1	1	4	4	3	2
163122	11 Nov 25	18:46:00	1	0	55	0	Ct	0	0	1	1	4	2	10	4	0	5	2	0	1	4	3	2	0	5	0	2	1	0	1	3	4	2	2	1	1	2	2	1	4	1
163123	11 Nov 25	18:47:00	1	0	55	0	Ct	0	0	2	0	4	2	9	2	0	2	1	4	2	2	3	2	0	4	3	4	2	0	2	1	4	2	4	3	4	1	4	2	4	3
163124	11 Nov 25	18:48:00	1	0	55	0	Ct	0	0	2	1	3	1	16	4	0	2	3	1	1	4	4	3	0	3	4	2	0	0	1	1	3	3	2	3	4	0	3	3	4	2
163125	11 Nov 25	18:49:00	1	0	55	0	Ct	0	0	1	1	5	3	10	2	1	2	4	4	3	5	2	1	0	3	1	3	2	0	6	1	2	5	5	2	5	1	3	1	5	2
163126	11 Nov 25	18:50:00	1	0	55	0	Ct	0	0	1	0	5	5	6	5	1	2	2	1	3	3	5	4	0	3	2	2	0	0	1	1	4	2	3	1	3	2	4	4	3	3
163127	11 Nov 25	18:51:00	1	0	55	0	Ct	0	0	3	1	3	3	6	5	0	2	2	2	3	5	4	4	0	3	1	3	2	0	1	1	3	4	3	3	3	1	3	3	7	2
163128	11 Nov 25	18:52:00	1	0	55	0	Ct	0	0	2	1	5	1	8	2	0	3	3	4	1	1	2	1	0	6	1	2	2	0	4	4	3	1	6	2	3	2	3	5	2	2
163129	11 Nov 25	18:53:00	1	0	55	0	Ct	0	0	2	1	6	3	7	4	0	1	4	2	1	2	3	2	0	4	1	2	1	0	0	1	4	4	6	2	2	1	2	3	4	3
163130	11 Nov 25	18:54:00	1	0	55	0	Ct	0	0	2	1	4	1	15	3	0	3	3	1	1	4	3	3	0	3	2	2	1	0	2	2	3	2	3	2	3	2	3	1	4	2
163131	11 Nov 25	18:55:00	1	0	55	0	Ct	0	0	1	1	6	0	6	3	0	1	1	2	2	4	2	1	0	3	1	4	3	0	2	1	4	3	3	5	1	2	7	5	3	2
163132	11 Nov 25	18:56:00	1	0	55	0	Ct	0	0	1	0	5	3	7	4	3	3	3	4	3	4	5	1	0	2	2	2	1	0	3	2	3	4	4	3	2	1	2	2	3	2
163133	11 Nov 25	18:57:00	1	0	55	0	Ct	0	0	4	0	5	1	7	3	0	4	3	2	2	4	4	3	0	3	2	2	3	0	1	2	4	4	3	2	2	2	2	3	5	3
163134	11 Nov 25	18:58:00	1	0	55	0	Ct	0	0	1	1	6	1	8	3	0	2	3	3	3	2	4	1	0	4	0	2	6	0	4	1	3	7	2	3	1	0	3	0	4	4
163135	11 Nov 25	18:59:00	1	0	55	0	Ct	0	0	3	0	5	3	15	3	0	1	2	2	2	6	1	4	0	5	2	2	0	0	4	2	3	5	3	1	1	1	3	2	5	3
163136	11 Nov 25	19:00:00	1	0	55	0	Ct	0	0	2	1	3	2	8	3	0	4	1	2	2	2	2	2	0	4	1	3	0	0	2	2	3	4	4	2	4	1	6	3	2	3
163137	11 Nov 25	19:01:00	1	0	55	0	Ct	0	0	1	2	3	2	23	3	0	0	3	5	1	3	2	4	0	4	1	2	0	0	3	4	3	3	3	3	1	3	3	4	4	2
163138	11 Nov 25	19:02:00	1	0	55	0	Ct	0	0	2	0	5	2	9	6	0	3	0	4	1	3	0	5	0	2	1	3	0	0	2	1	4	1	2	1	2	1	2	4	5	4
163139	11 Nov 25	19:03:00	1	0	55	0	Ct	0	0	5	2	6	1	19	2	0	2	4	4	1	3	5	1	0	4	1	4	0	0	1	2	4	4	3	4	3	3	3	4	5	1
163140	11 Nov 25	19:04:00	1	0	55	0	Ct	0	0	2	1	4	0	2	3	0	2	3	3	2	4	2	5	0	3	0	2	1	0	2	0	3	5	2	2	1	2	3	3	6	2
163141	11 Nov 25	19:05:00	1	0	55	0	Ct	0	0	1	1	3	1	14	3	0	6	0	4	0	4	1	3	0	3	3	3	1	0	4	1	3	3	2	3	1	1	4	5	3	2
163142	11 Nov 25	19:06:00	1	0	55	0	Ct	0	0	3	2	5	0	12	7	0	1	0	2	1	3	3	3	0	6	1	1	3	0	0	3	4	4	2	3	4	2	4	4	2	4
163143	11 Nov 25	19:07:00	1	0	55	0	Ct	0	0	3	1	6	1	4	2	0	2	2	4	2	5	2	3	0	3	3	2	2	0	1	2	3	3	3	1	4	3	4	4	3	2
163144	11 Nov 25	19:08:00	1	0	55	0	Ct	0	0	2	1	6	4	10	5	0	1	3	4	0	5	3	2	0	2	1	4	2	0	2	4	6	3	3	3	2	2	2	5	2	1
163145	11 Nov 25	19:09:00	1	0	55	0	Ct	0	0	4	0	5	3	6	3	0	2	2	3	0	1	4	2	0	5	2	3	0	0	2	2	3	11	3	2	4	1	6	4	4	2
163146	11 Nov 25	19:10:00	1	0	55	0	Ct	0	0	2	1	5	2	16	4	0	3	3	1	0	3	1	5	0	6	1	7	2	0	1	2	2	4	4	3	3	1	1	5	2	1
163147	11 Nov 25	19:11:00	1	0	55	0	Ct	0	0	2	2	4	3	0	4	0	2	2	2	2	4	3	5	0	5	1	3	2	0	1	2	4	2	2	1	2	1	4	1	6	2
163148	11 Nov 25	19:12:00	1	0	55	0	Ct	0	0	3	0	4	1	11	3	3	1	3	5	1	4	3	13	0	4	1	3	2	0	1	1	4	5	4	3	1	0	4	5	4	2
163149	11 Nov 25	19:13:00	1	0	55	0	Ct	0	0	2	1	5	1	15	5	1	2	3	2	2	3	3	4	0	4	2	3	0	0	1	2	2	2	4	2	2	0	4	3	1	2
163150	11 Nov 25	19:14:00	1	0	55	0	Ct	0	0	2	1	4	2	20	3	0	2	4	1	2	4	3	5	0	5	1	4	3	0	2	3	4	2	2	2	2	2	5	5	4	2
163151	11 Nov 25	19:15:00	1	0	55	0	Ct	0	0	2	2	4	2	19	1	0	5	3	3	0	4	4	2	0	2	1	4	1	0	2	2	4	3	3	5	2	3	4	2	4	1
163152	11 Nov 25	19:16:00	1	0	55	0	Ct	0	0	2	1	4	1	10	3	2	3	4	2	1	3	2	4	0	2	1	4	1	0	1	2	4	4	2	1	2	1	3	4	6	1
163153	11 Nov 25	19:17:00	1	0	55	0	Ct	0	0	2	0	3	2	2	2	2	3	2	1	1	3	2	2	0	3	0	4	0	0	2	1	3	1	3	3	1	2	5	2	3	4
163154	11 Nov 25	19:18:00	1	0	55	0	Ct	0	0	6	2	5	1	13	4	0	1	2	6	1	1	4	3	0	4	2	6	1	0	0	1	4	2	2	0	3	3	2	4	5	3
163155	11 Nov 25	19:19:00	1	0	55	0	Ct	0	0	3	1	6	0	9	0	0	2	0	3	1	1	3	3	0	7	1	6	2	0	3	1	4	4	4	2	2	4	4	5	2	3
163156	11 Nov 25	19:20:00	1	0	55	0	Ct	0	0	4	0	5	1	22	4	0	2	3	4	1	2	2	2	0	8	1	4	1	0	2	4	3	3	2	2	3	2	5	5	7	3
163157	11 Nov 25	19:21:00	1	0	55	0	Ct	0	0	1	4	3	2	10	3	0	1	3	3	2	1	4	0	0	3	2	4	0	0	1	2	3	4	3	3	2	2	3	4	4	1
163158	11 Nov 25	19:22:00	1	0	55	0	Ct	0	0	7	0	4	2	11	2	0	5	2	3	1	3	3	2	0	3	2	4	0	0	1	3	4	1	2	2	2	1	4	5	4	3
163159	11 Nov 25	19:23:00	1	0	55	0	Ct	0	0	3	2	5	2	9	4	0	2	3	2	2	3	3	0	0	3	0	2	1	0	1	2	3	5	3	1	2	1	5	4	5	2
163160	11 Nov 25	19:24:00	1	0	55	0	Ct	0	0	3	0	4	1	2	5	0	2	4	1	0	3	5	3	0	5	3	4	2	0	0	2	4	0	6	3	4	2	4	5	4	4
163161	11 Nov 25	19:25:00	1	0	55	0	Ct	0	0	2	0	3	0	14	5	0	0	0	2	0	4	4	4	0	4	1	3	3	0	2	2	3	3	5	1	3	2	7	2	3	4
163162	11 Nov 25	19:26:00	1	0	55	0	Ct	0	0	6	2	5	1	14	5	0	1	6	4	1	3	3	4	0	5	1	2	1	0	2	2	3	5	3	2	3	1	4	4	5	3
163163	11 Nov 25	19:27:00	1	0	55	0	Ct	0	0	2	1	3	3	4	3	0	3	2	5	7	4	2	2	0	6	4	3	2	0	2	6	4	5	1	1	9	0	4	3	4	3
163164	11 Nov 25	19:28:00	1	0	55	0	Ct	0	0	3	0	5	1	15	2	0	3	2	5	0	2	1	2	0	2	1	2	2	0	2	4	8	4	4	4	10	1	4	10	2	3
163165	11 Nov 25	19:29:00	1	0	55	0	Ct	0	0	2	0	5	2	3	5	0	2	3	6	2	3	7	4	0	5	3	2	1	0	1	4	3	1	2	3	4	2	5	4	3	2
163166	11 Nov 25	19:30:00	1	0	55	0	Ct	0	0	2	1	3	1	9	3	0	2	3	4	1	3	3	2	0	3	1	2	0	0	1	3	4	4	2	2	3	1	4	3	3	2
163167	11 Nov 25	19:31:00	1	0	55	0	Ct	0	0	3	0	3	1	15	5	0	2	3	4	1	3	4	2	0	2	1	2	0	0	1	4	4	3	2	3	4	2	4	4	4	3
163168	11 Nov 25	19:32:00	1	0	55	0	Ct	0	0	2	1	5	0	11	4	0	2	2	3	2	4	1	0	0	6	3	4	0	0	1	3	2	6	3	1	1	1	5	4	3	2
163169	11 Nov 25	19:33:00	1	0	55	0	Ct	0	0	4	2	3	1	14	5	0	1	2	4	2	5	5	2	0	3	2	4	0	0	1	4	3	3	3	3	1	2	6	3	6	3
163170	11 Nov 25	19:34:00	1	0	55	0	Ct	0	0	3	1	4	3	6	2	0	2	0	2	2	2	2	1	0	3	7	3	0	0	1	3	4	3	3	4	1	2	6	4	4	4
163171	11 Nov 25	19:35:00	1	0	55	0	Ct	0	0	4	1	4	1	18	4	0	5	0	3	2	5	3	4	0	3	2	2	0	0	1	2	4	2	6	4	3	0	7	2	5	3
163172	11 Nov 25	19:36:00	1	0	55	0	Ct	0	0	2	2	5	4	13	2	0	3	1	1	1	3	2	0	0	1	2	3	0	0	2	2	4	3	2	3	2	3	5	4	4	3
163173	11 Nov 25	19:37:00	1	0	55	0	Ct	0	0	3	1	6	6	4	2	0	3	2	3	1	3	6	2	0	4	2	2	0	0	1	2	6	4	5	2	1	0	3	3	3	3
163174	11 Nov 25	19:38:00	1	0	55	0	Ct	0	0	3	1	5	4	11	4	0	0	1	2	2	3	3	3	0	5	3	4	0	0	0	1	0	4	5	1	2	1	7	4	5	3
163175	11 Nov 25	19:39:00	1	0	55	0	Ct	0	0	2	0	6	6	14	3	0	2	3	2	1	2	1	3	0	4	2	1	0	0	1	3	3	3	4	1	2	1	7	3	4	3
163176	11 Nov 25	19:40:00	1	0	55	0	Ct	0	0	2	1	5	3	5	4	0	0	3	3	1	4	2	3	0	1	1	3	0	0	1	1	3	5	2	1	4	2	5	4	3	3
163177	11 Nov 25	19:41:00	1	0	55	0	Ct	0	0	4	2	3	3	10	7	0	4	4	4	1	3	2	3	0	3	1	3	0	0	3	2	4	3	2	4	3	1	6	3	6	3
163178	11 Nov 25	19:42:00	1	0	55	0	Ct	0	0	2	1	3	1	11	6	0	6	3	6	1	2	2	4	0	7	1	3	0	0	2	3	2	3	2	4	3	1	5	3	3	3
163179	11 Nov 25	19:43:00	1	0	55	0	Ct	0	0	3	1	5	1	11	4	0	4	1	3	1	2	1	4	0	1	3	3	0	0	3	2	3	3	2	1	2	1	5	1	3	4
163180	11 Nov 25	19:44:00	1	0	55	0	Ct	0	0	1	2	5	3	2	3	0	2	5	0	1	2	4	1	0	5	2	3	0	0	1	2	4	2	2	2	3	2	3	3	6	4
163181	11 Nov 25	19:45:00	1	0	55	0	Ct	0	0	3	1	4	2	5	5	0	1	2	1	0	2	2	4	0	3	1	3	0	0	2	3	3	3	2	3	0	1	8	3	7	2
163182	11 Nov 25	19:46:00	1	0	55	0	Ct	0	0	2	0	4	1	8	6	0	2	0	3	1	3	4	5	0	6	2	3	0	0	0	2	3	4	4	1	0	0	8	1	6	2
163183	11 Nov 25	19:47:00	1	0	55	0	Ct	0	0	4	1	8	1	12	4	0	1	1	2	0	3	1	1	0	4	2	4	0	0	1	3	4	2	2	1	2	2	4	2	4	2
163184	11 Nov 25	19:48:00	1	0	55	0	Ct	0	0	1	2	5	2	2	4	0	2	1	1	1	3	2	6	0	1	0	3	0	0	3	1	2	2	3	1	7	2	2	4	7	3
163185	11 Nov 25	19:49:00	1	0	55	0	Ct	0	0	4	1	7	1	9	3	0	2	1	4	0	3	3	1	0	4	2	3	0	0	0	3	3	5	2	3	5	2	5	4	3	3
163186	11 Nov 25	19:50:00	1	0	55	0	Ct	0	0	3	1	1	3	15	4	0	2	2	5	0	2	0	9	0	6	1	3	1	0	0	2	4	2	2	2	2	2	5	4	4	3
163187	11 Nov 25	19:51:00	1	0	55	0	Ct	0	0	2	1	4	5	11	5	0	3	1	5	2	3	4	13	0	4	2	3	0	0	4	2	4	4	4	3	1	1	7	6	4	2
163188	11 Nov 25	19:52:00	1	0	55	0	Ct	0	0	2	3	5	1	8	4	0	1	2	3	2	5	6	5	0	4	3	3	0	0	0	1	4	2	3	1	4	1	5	6	5	2
163189	11 Nov 25	19:53:00	1	0	55	0	Ct	0	0	3	1	6	0	4	2	0	2	3	3	3	4	6	3	0	1	2	2	0	0	1	2	4	4	4	2	3	0	3	3	4	3
163190	11 Nov 25	19:54:00	1	0	55	0	Ct	0	0	2	1	6	1	20	5	0	0	1	2	1	2	3	5	0	2	1	2	0	0	3	2	2	3	3	3	1	3	11	3	4	3
163191	11 Nov 25	19:55:00	1	0	55	0	Ct	0	0	1	1	5	0	7	3	0	1	3	3	2	2	4	4	0	4	3	3	0	0	1	1	3	2	3	2	2	1	2	5	4	3
163192	11 Nov 25	19:56:00	1	0	55	0	Ct	0	0	2	3	4	0	6	2	0	2	1	3	2	3	2	2	0	2	2	3	0	0	1	0	3	4	3	5	2	2	4	6	6	2
163193	11 Nov 25	19:57:00	1	0	55	0	Ct	0	0	4	2	5	2	13	5	0	2	5	3	3	5	3	2	0	4	2	3	0	0	2	4	4	3	3	3	2	1	4	3	4	3
163194	11 Nov 25	19:58:00	1	0	55	0	Ct	0	0	2	1	3	2	9	1	0	0	0	2	2	5	2	3	0	5	3	2	0	0	0	2	3	2	2	4	2	1	5	3	2	2
163195	11 Nov 25	19:59:00	1	0	55	0	Ct	0	0	1	1	2	1	10	3	0	0	0	0	1	4	4	2	0	3	1	2	2	0	1	3	3	2	3	2	4	1	1	6	3	2
163196	11 Nov 25	20:00:00	1	0	55	0	Ct	0	0	2	2	6	0	7	4	0	1	4	2	2	4	2	0	0	3	2	2	0	0	1	2	6	5	2	4	2	3	5	2	4	3
163197	11 Nov 25	20:01:00	1	0	55	0	Ct	0	0	3	2	8	2	5	6	0	4	3	1	0	0	5	2	0	3	2	3	0	0	1	4	5	3	2	2	1	0	4	5	6	3
163198	11 Nov 25	20:02:00	1	0	55	0	Ct	0	0	2	3	5	0	27	5	0	1	3	3	2	4	3	4	0	3	2	3	0	0	1	2	4	4	0	3	0	1	2	5	5	2
163199	11 Nov 25	20:03:00	1	0	55	0	Ct	0	0	2	1	4	0	3	2	0	1	2	3	0	0	3	0	0	2	2	4	0	0	2	3	3	3	3	2	0	7	3	6	3	4
163200	11 Nov 25	20:04:00	1	0	55	0	Ct	0	0	2	0	4	2	18	4	0	2	2	1	1	0	3	4	0	5	3	3	2	0	1	5	4	4	3	1	4	3	2	5	3	3
163201	11 Nov 25	20:05:00	1	0	55	0	Ct	0	0	2	1	5	2	4	3	0	2	3	1	0	1	2	0	0	5	2	4	2	0	1	4	5	3	3	2	3	5	4	9	3	2
163202	11 Nov 25	20:06:00	1	0	55	0	Ct	0	0	1	0	5	0	9	3	0	2	1	2	2	0	1	2	0	4	2	6	3	0	1	5	3	3	3	1	4	4	3	5	2	2
163203	11 Nov 25	20:07:00	1	0	55	0	Ct	0	0	2	1	5	0	7	2	0	3	4	0	3	2	3	2	0	5	2	4	1	0	0	3	3	0	2	3	2	2	3	6	8	4
163204	11 Nov 25	20:08:00	1	0	55	0	Ct	0	0	2	2	4	0	23	4	0	2	2	4	2	7	1	4	0	3	1	4	2	0	2	2	5	2	4	2	1	6	0	4	4	2
163205	11 Nov 25	20:09:00	1	0	55	0	Ct	0	0	5	2	5	0	20	3	0	2	5	3	0	3	2	4	0	4	4	2	0	0	1	4	3	3	2	3	1	3	5	4	3	2
163206	11 Nov 25	20:10:00	1	0	55	0	Ct	0	0	1	3	4	0	6	5	0	2	4	3	0	9	3	0	0	6	2	1	0	0	2	3	3	2	3	2	1	4	3	4	5	3
163207	11 Nov 25	20:11:00	1	0	55	0	Ct	0	0	1	1	6	1	4	7	0	1	4	5	2	7	3	2	0	3	1	3	0	0	0	2	3	3	2	3	1	4	4	5	8	2
163208	11 Nov 25	20:12:00	1	0	55	0	Ct	0	0	0	1	5	1	8	4	0	3	0	1	5	1	3	2	0	3	1	3	0	0	2	5	3	3	2	3	0	2	4	5	7	2
163209	11 Nov 25	20:13:00	1	0	55	0	Ct	0	0	5	0	5	2	3	4	0	0	0	3	2	0	3	2	0	3	2	3	1	0	0	2	4	5	1	1	1	1	4	3	6	3
163210	11 Nov 25	20:14:00	1	0	55	0	Ct	0	0	2	1	4	2	17	4	0	1	0	6	1	0	5	2	0	6	1	2	1	0	1	1	3	3	6	2	2	3	3	4	6	4
163211	11 Nov 25	20:15:00	1	0	55	0	Ct	0	0	4	4	2	2	22	3	0	3	5	0	0	0	3	4	0	3	3	2	1	0	4	1	2	2	4	2	3	3	3	3	6	2
163212	11 Nov 25	20:16:00	1	0	55	0	Ct	0	0	3	2	4	3	17	2	0	3	3	3	1	0	3	2	0	4	2	1	1	0	0	2	3	4	3	2	1	2	3	4	4	3
163213	11 Nov 25	20:17:00	1	0	55	0	Ct	0	0	2	1	6	2	7	2	0	0	4	3	1	0	1	2	0	3	2	3	5	0	0	4	5	3	4	2	0	3	6	1	4	3
163214	11 Nov 25	20:18:00	1	0	55	0	Ct	0	0	3	1	6	1	14	1	0	2	3	1	1	0	2	4	0	2	1	4	0	0	2	1	2	4	3	2	2	3	5	3	4	2
163215	11 Nov 25	20:19:00	1	0	55	0	Ct	0	0	1	1	4	2	10	3	0	2	3	3	3	0	2	5	0	4	1	4	2	0	0	2	4	0	7	3	5	2	5	4	2	3
163216	11 Nov 25	20:20:00	1	0	55	0	Ct	0	0	3	1	2	2	17	2	0	2	2	4	1	0	0	0	0	1	3	3	1	0	0	1	3	4	2	2	6	2	3	3	3	2
163217	11 Nov 25	20:21:00	1	0	55	0	Ct	0	0	3	2	5	1	18	5	0	0	1	2	0	0	0	2	0	3	1	2	4	0	0	2	4	4	2	4	4	2	5	2	1	2
163218	11 Nov 25	20:22:00	1	0	55	0	Ct	0	0	5	2	6	2	13	1	0	2	3	3	1	0	2	2	0	5	3	3	2	0	1	2	3	2	3	2	4	2	5	3	5	3
163219	11 Nov 25	20:23:00	1	0	55	0	Ct	0	0	5	1	8	1	9	3	0	1	1	0	1	2	3	4	0	1	3	1	1	0	1	4	4	3	4	2	5	3	4	4	4	2
163220	11 Nov 25	20:24:00	1	0	55	0	Ct	0	0	4	1	5	0	17	3	0	1	3	2	1	0	1	2	0	0	3	4	2	0	0	2	3	2	3	2	4	3	8	4	0	2
163221	11 Nov 25	20:25:00	1	0	55	0	Ct	0	0	6	3	3	0	5	3	0	1	2	2	1	0	0	0	0	2	1	3	0	0	0	4	3	3	2	2	2	0	6	3	1	3
163222	11 Nov 25	20:26:00	1	0	55	0	Ct	0	0	4	1	3	0	8	7	0	1	2	1	3	0	3	2	0	3	10	4	0	0	1	2	6	2	2	1	0	2	5	7	3	3
163223	11 Nov 25	20:27:00	1	0	55	0	Ct	0	0	4	0	4	0	9	3	0	3	2	1	0	0	2	3	0	3	3	2	0	0	1	3	3	2	3	1	3	1	4	4	5	3
163224	11 Nov 25	20:28:00	1	0	55	0	Ct	0	0	5	1	4	0	4	4	0	2	1	2	4	0	1	3	0	3	3	4	0	0	0	4	2	3	2	0	5	2	6	4	3	2
163225	11 Nov 25	20:29:00	1	0	55	0	Ct	0	0	5	0	4	0	9	3	0	1	1	2	0	0	3	7	0	2	6	2	4	0	0	3	4	3	3	1	2	4	2	4	6	2
163226	11 Nov 25	20:30:00	1	0	55	0	Ct	0	0	3	2	6	0	7	7	0	1	3	4	1	0	2	2	0	4	2	3	0	0	0	3	2	2	4	2	2	0	4	3	4	3
163227	11 Nov 25	20:31:00	1	0	55	0	Ct	0	0	3	7	4	0	10	3	0	1	3	3	1	0	2	4	0	3	3	4	1	0	0	3	3	1	1	1	3	2	4	4	4	3
163228	11 Nov 25	20:32:00	1	0	55	0	Ct	0	0	6	5	1	0	16	3	0	0	3	3	1	0	2	5	0	1	1	4	1	0	0	1	4	2	2	2	1	1	5	3	2	2
163229	11 Nov 25	20:33:00	1	0	55	0	Ct	0	0	3	4	5	0	13	5	0	0	2	4	0	0	0	4	0	4	2	2	0	0	0	1	3	3	4	3	3	1	3	4	4	2
163230	11 Nov 25	20:34:00	1	0	55	0	Ct	0	0	4	2	4	0	5	3	0	1	3	2	0	0	1	7	0	4	2	2	0	0	3	2	1	3	2	2	3	1	3	5	4	3
163231	11 Nov 25	20:35:00	1	0	55	0	Ct	0	0	3	1	4	0	1	2	0	1	4	4	2	0	3	0	0	7	1	2	0	0	0	2	4	0	2	1	3	1	3	3	4	3
163232	11 Nov 25	20:36:00	1	0	55	0	Ct	0	0	4	1	3	0	22	1	0	0	4	2	3	0	6	0	0	3	1	2	2	0	0	3	4	9	4	2	0	1	4	4	3	4
163233	11 Nov 25	20:37:00	1	0	55	0	Ct	0	0	3	1	5	0	15	2	0	1	4	3	2	2	2	5	0	5	2	3	0	0	0	1	3	4	3	1	2	2	4	4	5	3
163234	11 Nov 25	20:38:00	1	0	55	0	Ct	0	0	3	0	5	0	2	8	0	1	1	5	3	3	4	0	0	2	1	3	0	0	0	3	2	2	3	2	3	0	4	1	2	3
163235	11 Nov 25	20:39:00	1	0	55	0	Ct	0	0	2	1	2	0	18	3	0	2	5	3	1	0	3	0	0	3	2	3	0	0	1	3	3	2	3	1	4	2	3	3	3	3
163236	11 Nov 25	20:40:00	1	0	55	0	Ct	0	0	3	1	6	0	25	3	0	2	2	2	1	0	3	0	0	2	1	2	0	0	3	2	1	3	1	2	1	0	3	4	4	3
163237	11 Nov 25	20:41:00	1	0	55	0	Ct	0	0	4	0	4	0	9	2	0	0	3	0	0	0	4	0	0	1	2	3	0	0	0	2	3	1	3	2	1	2	3	4	6	0
163238	11 Nov 25	20:42:00	1	0	55	0	Ct	0	0	3	1	2	0	6	1	0	4	3	4	1	0	2	4	0	2	2	2	0	0	0	2	4	0	2	2	3	0	5	6	3	3
163239	11 Nov 25	20:43:00	1	0	55	0	Ct	0	0	4	3	4	0	3	2	0	1	3	0	2	0	3	4	0	3	1	3	0	0	0	1	2	1	1	0	1	1	3	4	2	3
163240	11 Nov 25	20:44:00	1	0	55	0	Ct	0	0	4	3	5	0	2	5	0	1	2	0	0	0	5	0	0	1	1	3	0	0	0	0	0	2	5	1	3	2	6	4	7	3
163241	11 Nov 25	20:45:00	1	0	55	0	Ct	0	0	2	0	3	0	16	3	0	0	4	3	1	0	3	3	0	4	2	0	0	0	0	2	1	2	3	0	0	0	3	2	10	3
163242	11 Nov 25	20:46:00	1	0	55	0	Ct	0	0	3	1	1	0	8	2	0	2	4	3	0	0	0	0	0	3	2	2	0	0	0	3	4	3	1	0	2	0	2	4	5	2
163243	11 Nov 25	20:47:00	1	0	55	0	Ct	0	0	3	0	3	0	13	3	0	0	1	2	2	0	2	1	0	3	5	3	0	0	0	1	3	2	0	2	1	2	4	3	5	3
163244	11 Nov 25	20:48:00	1	0	55	0	Ct	0	0	2	0	4	0	6	5	0	2	1	2	2	0	2	3	0	1	3	2	2	0	2	3	4	2	3	0	1	1	3	5	3	1
163245	11 Nov 25	20:49:00	1	0	55	0	Ct	0	0	2	1	4	0	24	4	0	2	2	5	2	1	2	4	0	2	1	2	6	0	0	3	3	1	0	0	2	2	3	1	2	2
163246	11 Nov 25	20:50:00	1	0	55	0	Ct	0	0	2	2	4	0	2	3	0	0	4	13	0	2	0	5	0	0	4	2	0	0	0	3	4	1	0	0	2	0	4	6	4	3
163247	11 Nov 25	20:51:00	1	0	55	0	Ct	0	0	3	1	4	0	6	3	0	0	2	2	1	1	0	11	0	3	0	0	0	0	2	2	2	0	0	0	0	4	4	5	3	2
163248	11 Nov 25	20:52:00	1	0	55	0	Ct	0	0	2	2	4	0	5	3	0	0	1	3	5	0	0	1	0	2	0	1	0	0	0	0	1	1	0	0	3	0	2	3	2	3
163249	11 Nov 25	20:53:00	1	0	55	0	Ct	0	0	2	0	6	0	3	4	0	0	0	1	7	0	0	0	0	0	1	2	0	0	0	3	0	4	2	0	1	3	4	2	3	2
163250	11 Nov 25	20:54:00	1	0	55	0	Ct	0	0	5	4	3	0	5	3	0	0	0	2	2	0	0	2	0	2	1	1	0	0	1	3	3	2	0	0	1	0	4	1	5	2
163251	11 Nov 25	20:55:00	1	0	55	0	Ct	0	0	2	0	4	0	2	1	0	0	2	0	4	0	0	0	0	0	2	3	0	0	1	3	3	3	2	0	2	0	2	4	4	2
163252	11 Nov 25	20:56:00	1	0	55	0	Ct	0	0	3	0	2	0	0	2	0	0	0	1	2	0	0	2	0	3	0	4	0	0	0	1	3	2	2	2	2	0	2	3	3	1
163253	11 Nov 25	20:57:00	1	0	55	0	Ct	0	0	4	1	5	0	0	3	0	0	0	1	2	0	0	0	0	0	1	5	0	0	0	2	1	2	2	0	2	0	4	0	3	3
163254	11 Nov 25	20:58:00	1	0	55	0	Ct	0	0	4	0	4	0	0	2	0	0	0	2	3	0	0	2	0	0	1	5	0	0	0	2	2	2	2	3	1	0	2	5	6	3
163255	11 Nov 25	20:59:00	1	0	55	0	Ct	0	0	4	2	3	0	0	8	0	0	0	0	2	0	0	2	0	0	3	4	0	0	0	2	5	0	4	0	0	0	6	2	4	4
163256	11 Nov 25	21:00:00	1	0	55	0	Ct	0	0	4	0	5	0	0	2	0	2	0	0	3	0	0	4	0	0	1	4	0	0	0	1	2	1	5	0	6	0	4	2	4	2
163257	11 Nov 25	21:01:00	1	0	55	0	Ct	0	0	7	1	5	0	0	3	0	2	0	0	1	0	0	8	0	0	2	8	0	0	0	1	4	1	3	0	6	0	3	3	3	3
163258	11 Nov 25	21:02:00	1	0	55	0	Ct	0	0	3	1	4	0	0	3	0	2	0	0	5	0	1	2	0	0	2	5	0	0	0	2	0	0	0	3	4	0	3	3	4	2
163259	11 Nov 25	21:03:00	1	0	55	0	Ct	0	0	4	0	1	0	0	3	0	1	1	0	2	0	1	1	0	1	1	6	0	0	2	1	0	0	2	2	2	0	1	9	1	3
163260	11 Nov 25	21:04:00	1	0	55	0	Ct	0	0	4	0	0	0	0	5	0	3	1	0	2	0	0	0	0	5	1	3	0	0	0	0	1	0	5	0	3	0	1	12	0	1
163261	11 Nov 25	21:05:00	1	0	55	0	Ct	0	0	4	0	2	0	5	2	0	2	2	0	2	0	4	0	0	0	2	2	0	0	0	2	3	1	4	0	1	0	1	7	2	2
163262	11 Nov 25	21:06:00	1	0	55	0	Ct	0	0	4	0	4	0	1	4	0	0	0	0	2	0	0	0	0	2	3	3	0	0	0	1	2	3	3	0	2	0	5	2	3	1
163263	11 Nov 25	21:07:00	1	0	55	0	Ct	0	0	3	0	5	0	6	2	0	0	0	0	2	0	0	0	0	6	1	1	0	0	0	1	2	2	3	0	0	0	4	6	5	2
163264	11 Nov 25	21:08:00	1	0	55	0	Ct	0	0	2	3	3	0	1	2	0	0	0	0	2	0	0	7	0	0	0	3	0	0	0	2	2	0	3	0	3	0	3	5	3	3
163265	11 Nov 25	21:09:00	1	0	55	0	Ct	0	0	2	0	1	0	0	1	0	0	0	0	2	0	0	4	0	0	2	3	0	0	0	1	3	4	2	0	6	0	1	3	7	2
163266	11 Nov 25	21:10:00	1	0	55	0	Ct	0	0	3	0	7	0	0	6	0	0	0	0	4	0	0	2	0	0	0	3	0	0	0	1	1	2	2	0	2	0	2	7	5	2
163267	11 Nov 25	21:11:00	1	0	55	0	Ct	0	0	2	1	3	0	0	0	0	0	0	1	2	0	0	2	0	0	2	3	0	0	0	2	1	3	2	0	3	0	4	5	2	2
163268	11 Nov 25	21:12:00	1	0	55	0	Ct	0	0	1	2	3	0	0	13	0	0	0	2	2	0	0	5	0	3	2	1	0	0	0	1	2	3	3	0	3	0	3	2	3	2
163269	11 Nov 25	21:13:00	1	0	55	0	Ct	0	0	3	1	1	0	0	0	0	0	0	2	2	0	0	4	0	1	1	3	0	0	0	2	3	0	2	0	1	0	2	6	4	2
163270	11 Nov 25	21:14:00	1	0	55	0	Ct	0	0	2	1	3	0	0	6	0	0	0	1	0	0	0	4	0	0	0	3	0	0	0	3	2	0	1	0	3	0	3	4	6	3
163271	11 Nov 25	21:15:00	1	0	55	0	Ct	0	0	0	0	3	0	0	3	0	0	0	2	3	0	0	2	0	0	1	3	0	0	0	2	1	0	1	0	1	0	4	4	1	2
163272	11 Nov 25	21:16:00	1	0	55	0	Ct	0	0	2	0	5	0	0	2	0	0	0	2	1	0	0	3	0	2	0	2	0	0	0	0	3	2	2	0	1	0	8	3	3	1
163273	11 Nov 25	21:17:00	1	0	55	0	Ct	0	0	6	0	3	0	0	4	0	0	0	2	0	0	0	2	0	0	2	3	0	0	0	0	1	0	1	0	0	0	3	2	0	2
163274	11 Nov 25	21:18:00	1	0	55	0	Ct	0	0	2	0	4	0	0	2	0	0	0	1	2	0	0	2	0	0	0	1	0	0	0	0	3	2	4	0	0	0	8	3	0	3
163275	11 Nov 25	21:19:00	1	0	55	0	Ct	0	0	2	1	0	0	0	4	0	0	0	1	2	0	0	3	0	0	1	1	0	0	0	0	2	2	3	0	1	0	5	2	0	3
163276	11 Nov 25	21:20:00	1	0	55	0	Ct	0	0	1	1	3	0	0	4	0	0	0	0	1	0	0	4	0	0	2	4	0	0	0	2	2	0	1	2	3	0	3	3	0	1
163277	11 Nov 25	21:21:00	1	0	55	0	Ct	0	0	3	1	1	0	0	2	0	0	0	0	1	0	3	3	0	0	1	2	0	0	0	0	0	0	5	0	1	0	1	4	6	3
163278	11 Nov 25	21:22:00	1	0	55	0	Ct	0	0	1	2	0	0	0	3	0	0	0	0	2	0	2	1	0	0	3	2	0	0	0	3	3	0	2	0	3	0	0	6	3	2
163279	11 Nov 25	21:23:00	1	0	55	0	Ct	0	0	3	0	2	0	0	2	0	0	0	0	3	0	0	0	0	0	1	3	0	0	0	1	1	4	4	0	3	0	1	3	3	2
163280	11 Nov 25	21:24:00	1	0	55	0	Ct	0	0	2	0	4	0	0	2	0	0	0	0	1	0	0	0	0	0	0	1	0	0	0	0	1	2	2	0	4	0	3	2	0	2
163281	11 Nov 25	21:25:00	1	0	55	0	Ct	0	0	2	0	3	0	0	2	0	0	0	0	2	0	1	1	0	0	2	0	0	0	0	0	3	10	2	0	5	0	4	3	0	3
163282	11 Nov 25	21:26:00	1	0	55	0	Ct	0	0	0	0	0	0	0	3	0	0	0	0	2	0	5	2	0	0	0	3	0	0	0	0	2	2	2	0	3	0	2	3	2	1
163283	11 Nov 25	21:27:00	1	0	55	0	Ct	0	0	4	0	0	0	0	2	0	0	0	2	2	0	0	3	0	0	1	0	0	0	0	0	1	7	2	0	0	0	1	3	4	2
163284	11 Nov 25	21:28:00	1	0	55	0	Ct	0	0	0	0	3	0	0	3	0	0	0	0	1	0	0	0	0	0	1	1	0	0	0	0	1	4	0	0	3	0	1	3	4	4
163285	11 Nov 25	21:29:00	1	0	55	0	Ct	0	0	2	0	5	0	0	3	0	0	0	0	1	0	0	2	0	0	2	2	0	0	0	0	1	2	0	0	2	0	2	3	0	2
163286	11 Nov 25	21:30:00	1	0	55	0	Ct	0	0	2	0	3	0	0	2	0	0	0	3	0	3	0	2	0	0	0	2	0	0	0	0	1	2	2	0	1	0	6	2	0	1
163287	11 Nov 25	21:31:00	1	0	55	0	Ct	0	0	3	0	3	0	0	0	0	0	0	3	0	5	0	3	0	0	0	2	0	0	0	0	0	2	1	0	2	0	3	7	0	1
163288	11 Nov 25	21:32:00	1	0	55	0	Ct	0	0	3	0	4	0	0	1	0	0	0	3	0	1	0	0	0	0	0	2	0	0	0	0	0	3	1	0	3	0	3	5	0	1
163289	11 Nov 25	21:33:00	1	0	55	0	Ct	0	0	3	0	7	0	0	3	0	0	0	1	0	0	0	0	0	0	1	1	0	0	0	2	0	2	0	0	2	0	10	5	0	2
163290	11 Nov 25	21:34:00	1	0	55	0	Ct	0	0	2	0	6	0	0	2	0	0	0	1	0	0	0	0	0	0	6	5	0	0	0	0	2	1	0	0	1	0	3	4	1	0
163291	11 Nov 25	21:35:00	1	0	55	0	Ct	0	0	1	0	2	0	0	4	0	0	0	1	0	0	0	0	0	0	0	4	0	0	0	0	2	2	2	0	2	0	1	2	4	0
163292	11 Nov 25	21:36:00	1	0	55	0	Ct	0	0	2	0	4	0	0	1	0	0	0	4	0	0	0	3	0	0	0	3	0	0	0	0	2	0	3	0	2	0	4	5	0	2
163293	11 Nov 25	21:37:00	1	0	55	0	Ct	0	0	2	0	4	0	0	4	0	0	0	0	0	0	1	3	0	2	1	2	0	0	0	0	0	0	0	2	0	0	2	3	0	0
163294	11 Nov 25	21:38:00	1	0	55	0	Ct	0	0	2	0	4	0	0	3	0	0	0	0	0	1	3	0	0	0	1	4	0	0	0	2	0	0	2	0	3	0	4	3	0	0
163295	11 Nov 25	21:39:00	1	0	55	0	Ct	0	0	0	0	4	0	1	6	0	0	0	3	0	1	0	0	0	0	2	3	0	0	0	0	4	0	1	0	0	1	1	5	0	2
163296	11 Nov 25	21:40:00	1	0	55	0	Ct	0	0	2	0	5	0	0	6	0	0	0	2	0	0	0	2	0	0	0	0	0	0	0	0	2	1	3	0	2	1	2	2	0	3
163297	11 Nov 25	21:41:00	1	0	55	0	Ct	0	0	0	0	5	0	2	1	0	0	0	1	0	0	0	0	0	0	0	1	0	0	0	0	0	1	2	0	1	0	2	3	0	2
163298	11 Nov 25	21:42:00	1	0	55	0	Ct	0	0	0	0	5	0	6	5	0	0	0	1	0	0	0	0	0	0	0	1	0	0	0	0	0	1	2	2	1	0	2	3	0	0
163299	11 Nov 25	21:43:00	1	0	55	0	Ct	0	0	2	0	4	0	10	3	0	0	0	3	0	0	0	0	0	0	0	2	0	0	0	0	0	2	0	0	1	0	2	3	0	2
163300	11 Nov 25	21:44:00	1	0	55	0	Ct	0	0	0	0	3	0	11	3	0	0	0	1	0	0	0	0	0	4	2	0	0	0	0	0	0	4	0	0	2	0	0	2	0	2
163301	11 Nov 25	21:45:00	1	0	55	0	Ct	0	0	2	0	5	0	0	4	0	0	0	0	0	0	0	0	0	0	0	2	0	0	0	1	0	3	2	0	2	0	0	2	0	2
163302	11 Nov 25	21:46:00	1	0	55	0	Ct	0	0	4	0	2	0	0	1	0	0	0	0	0	0	0	0	0	2	0	2	0	0	0	3	0	2	2	0	2	0	0	3	0	1
163303	11 Nov 25	21:47:00	1	0	55	0	Ct	0	0	1	0	2	0	0	3	0	0	0	1	0	0	0	0	0	0	1	3	0	0	0	2	0	2	1	0	0	0	1	0	0	2
163304	11 Nov 25	21:48:00	1	0	55	0	Ct	0	0	3	0	2	0	0	2	0	0	0	0	0	0	0	0	0	0	1	2	0	0	0	0	1	2	0	0	0	0	3	7	0	0
163305	11 Nov 25	21:49:00	1	0	55	0	Ct	0	0	0	0	2	0	0	4	0	0	0	2	0	0	0	0	0	0	0	2	0	0	0	0	3	2	0	0	0	0	1	2	0	1
163306	11 Nov 25	21:50:00	1	0	55	0	Ct	0	0	3	0	3	0	0	2	0	0	0	0	2	0	0	0	0	0	2	0	0	0	0	2	2	0	3	0	1	0	2	2	2	0
163307	11 Nov 25	21:51:00	1	0	55	0	Ct	0	0	1	0	4	0	0	2	0	0	0	0	0	0	0	0	0	0	0	0	0	0	0	2	0	0	2	0	2	0	1	2	2	0
163308	11 Nov 25	21:52:00	1	0	55	0	Ct	0	0	0	0	2	0	0	2	0	0	0	0	0	0	0	0	0	0	0	0	0	0	0	0	0	4	0	0	1	0	1	4	2	0
163309	11 Nov 25	21:53:00	1	0	55	0	Ct	0	0	0	1	3	0	0	2	0	0	1	0	0	0	0	0	0	0	0	0	0	0	0	0	0	3	15	0	2	0	0	1	0	2
163310	11 Nov 25	21:54:00	1	0	55	0	Ct	0	0	2	1	3	0	0	5	0	0	0	1	0	0	0	2	0	0	0	3	0	0	0	2	0	4	3	2	2	0	1	3	6	0
163311	11 Nov 25	21:55:00	1	0	55	0	Ct	0	0	0	0	3	0	0	3	0	0	0	2	0	0	0	2	0	0	0	1	0	0	0	4	0	2	3	0	2	0	1	3	0	0
163312	11 Nov 25	21:56:00	1	0	55	0	Ct	0	0	1	0	3	0	0	2	0	0	0	1	0	0	0	0	0	3	0	0	0	0	0	2	2	0	0	2	1	0	1	3	3	0
163313	11 Nov 25	21:57:00	1	0	55	0	Ct	0	0	1	0	3	0	0	2	0	0	2	2	0	0	0	1	0	0	0	0	0	0	0	2	2	0	0	2	3	0	0	5	1	0
163314	11 Nov 25	21:58:00	1	0	55	0	Ct	0	0	0	0	2	0	0	3	0	0	0	1	0	0	0	1	0	0	0	0	0	0	0	0	0	0	0	3	1	0	0	3	0	0
163315	11 Nov 25	21:59:00	1	0	55	0	Ct	0	0	0	0	4	0	0	3	0	0	0	0	0	0	0	1	0	0	0	0	0	0	0	3	0	0	1	3	0	0	0	4	0	0
163316	11 Nov 25	22:00:00	1	0	55	0	Ct	0	0	0	0	3	0	0	3	0	0	0	0	0	0	0	0	0	0	1	3	0	0	0	4	1	0	0	0	2	0	0	4	0	0
163317	11 Nov 25	22:01:00	1	0	55	0	Ct	0	0	2	0	5	0	0	4	0	0	0	0	0	0	0	1	0	0	1	3	0	0	0	2	3	0	3	1	1	0	0	4	0	0
163318	11 Nov 25	22:02:00	1	0	55	0	Ct	0	0	0	0	5	0	0	3	0	0	0	0	0	0	0	5	0	0	0	3	0	0	0	1	3	0	1	0	2	0	0	1	0	0
163319	11 Nov 25	22:03:00	1	0	55	0	Ct	0	0	0	0	1	0	0	2	0	0	0	0	0	0	0	0	0	0	0	0	0	0	0	4	1	0	1	0	1	0	1	4	0	0
163320	11 Nov 25	22:04:00	1	0	55	0	Ct	0	0	0	0	0	0	0	1	0	0	0	0	0	0	0	5	0	4	0	1	0	0	0	0	2	0	1	0	1	0	0	4	0	0
163321	11 Nov 25	22:05:00	1	0	55	0	Ct	0	0	0	0	0	0	0	3	0	0	0	0	0	0	0	0	0	1	0	3	0	0	0	0	1	0	1	0	2	0	2	3	0	2
163322	11 Nov 25	22:06:00	1	0	55	0	Ct	0	0	0	0	0	0	0	2	0	0	0	0	0	0	0	0	0	2	0	0	0	0	0	0	1	0	2	0	0	0	2	5	0	4
163323	11 Nov 25	22:07:00	1	0	55	0	Ct	0	0	0	0	4	0	0	1	0	0	0	0	0	0	0	1	0	0	2	1	0	0	0	0	2	0	0	0	3	0	0	3	0	1
163324	11 Nov 25	22:08:00	1	0	55	0	Ct	0	0	0	0	2	0	0	1	0	0	0	0	0	0	0	1	0	0	2	0	0	0	0	0	2	0	2	0	0	0	0	5	0	0
163325	11 Nov 25	22:09:00	1	0	55	0	Ct	0	0	0	0	5	0	0	4	0	0	0	0	0	0	0	3	0	1	3	2	0	0	0	0	2	0	2	0	0	0	2	4	0	2
163326	11 Nov 25	22:10:00	1	0	55	0	Ct	0	0	0	0	3	0	0	1	0	0	0	2	0	0	2	3	0	1	7	1	7	0	0	1	1	0	2	0	0	0	1	3	0	0
163327	11 Nov 25	22:11:00	1	0	55	0	Ct	0	0	0	0	5	0	0	2	0	0	1	0	0	0	0	2	0	0	0	0	1	0	0	1	1	0	0	1	3	0	0	4	0	1
163328	11 Nov 25	22:12:00	1	0	55	0	Ct	0	0	0	0	3	0	0	2	0	0	1	0	0	0	0	2	0	0	0	0	1	0	0	2	3	0	0	1	3	0	1	4	0	3
163329	11 Nov 25	22:13:00	1	0	55	0	Ct	0	0	0	0	4	0	1	1	0	0	2	0	0	3	7	2	0	0	0	0	0	0	0	4	2	0	0	0	2	0	2	0	2	4
163330	11 Nov 25	22:14:00	1	0	55	0	Ct	0	0	0	0	4	0	4	0	0	0	1	0	0	0	2	4	0	0	0	0	0	0	0	1	1	0	0	0	4	0	2	3	2	2
163331	11 Nov 25	22:15:00	1	0	55	0	Ct	0	0	0	0	1	0	6	4	0	0	3	0	0	0	1	0	0	0	0	3	0	0	0	0	3	0	0	0	4	0	2	3	0	1
163332	11 Nov 25	22:16:00	1	0	55	0	Ct	0	0	0	0	3	0	4	0	0	0	1	0	0	0	3	4	0	0	0	0	3	0	0	0	2	2	0	0	4	0	2	3	0	4
163333	11 Nov 25	22:17:00	1	0	55	0	Ct	0	0	0	0	1	0	2	3	0	0	0	0	0	0	0	0	0	0	0	2	0	0	0	0	1	0	1	0	1	0	2	2	0	4
163334	11 Nov 25	22:18:00	1	0	55	0	Ct	0	0	0	0	6	0	0	1	0	0	1	0	0	0	4	0	0	0	0	0	0	0	0	0	1	0	0	0	0	0	2	4	0	3
163335	11 Nov 25	22:19:00	1	0	55	0	Ct	0	0	0	0	2	0	0	4	0	0	0	0	0	1	4	0	0	0	0	0	1	0	0	0	3	2	0	0	0	0	3	1	2	1
163336	11 Nov 25	22:20:00	1	0	55	0	Ct	0	0	0	0	2	0	0	0	0	0	0	0	0	0	2	2	0	0	0	0	0	0	0	0	4	0	0	0	5	0	5	4	2	0
163337	11 Nov 25	22:21:00	1	0	55	0	Ct	0	0	0	0	2	0	0	0	0	0	0	0	0	1	4	0	0	0	0	0	5	0	0	0	3	0	0	0	2	0	2	2	0	0
163338	11 Nov 25	22:22:00	1	0	55	0	Ct	0	0	0	0	3	0	0	0	0	0	0	0	0	4	5	2	0	0	0	0	2	0	0	0	2	0	1	0	1	0	0	4	0	0
163339	11 Nov 25	22:23:00	1	0	55	0	Ct	0	0	0	0	5	0	0	4	0	0	0	0	2	0	1	2	0	0	0	0	0	0	0	0	3	0	2	0	4	0	3	10	0	0
163340	11 Nov 25	22:24:00	1	0	55	0	Ct	0	0	0	0	4	0	0	3	0	0	0	0	0	0	1	1	0	0	0	0	0	0	0	0	2	0	2	0	5	0	4	5	1	0
163341	11 Nov 25	22:25:00	1	0	55	0	Ct	0	0	0	0	2	0	0	3	0	0	0	0	2	0	3	4	0	1	0	0	0	0	0	0	2	0	0	0	2	0	3	2	0	0
163342	11 Nov 25	22:26:00	1	0	55	0	Ct	0	0	0	0	0	0	0	2	0	0	1	0	0	10	0	3	0	1	0	0	2	0	0	0	2	0	1	0	0	0	9	3	0	0
163343	11 Nov 25	22:27:00	1	0	55	0	Ct	0	0	0	0	0	0	0	3	0	0	1	0	0	0	0	2	0	2	0	0	0	0	0	0	3	0	4	0	1	0	2	5	0	2
163344	11 Nov 25	22:28:00	1	0	55	0	Ct	0	0	0	0	3	0	4	5	0	0	0	0	2	0	0	2	0	3	0	0	0	0	0	0	3	0	0	0	2	0	4	2	0	2
163345	11 Nov 25	22:29:00	1	0	55	0	Ct	0	0	0	0	3	0	5	2	0	0	0	0	0	0	1	3	0	3	0	0	0	0	0	0	2	0	1	0	0	0	6	1	0	0
163346	11 Nov 25	22:30:00	1	0	55	0	Ct	0	0	0	0	1	0	4	3	0	0	0	0	0	0	2	4	0	3	0	0	0	0	0	0	2	0	1	0	2	0	1	6	0	1
163347	11 Nov 25	22:31:00	1	0	55	0	Ct	0	0	0	0	2	0	0	6	0	0	0	0	1	0	1	0	0	3	0	0	0	0	0	0	0	0	2	0	0	0	3	3	0	3
163348	11 Nov 25	22:32:00	1	0	55	0	Ct	0	0	0	0	2	0	2	3	0	0	0	2	1	0	0	1	0	0	0	0	0	0	0	0	4	0	2	0	0	0	3	2	0	0
163349	11 Nov 25	22:33:00	1	0	55	0	Ct	0	0	3	0	1	0	4	4	0	0	0	0	2	0	3	1	0	0	0	0	0	0	0	0	3	0	1	2	0	0	3	2	0	0
163350	11 Nov 25	22:34:00	1	0	55	0	Ct	0	0	0	0	0	0	2	2	0	0	0	1	2	0	1	4	0	0	0	0	0	0	0	0	3	0	2	0	0	0	2	3	0	0
163351	11 Nov 25	22:35:00	1	0	55	0	Ct	0	0	0	0	3	0	0	2	0	0	3	2	2	0	5	0	0	2	0	0	0	0	0	0	2	0	3	2	0	0	3	5	0	0
163352	11 Nov 25	22:36:00	1	0	55	0	Ct	0	0	0	0	1	0	1	7	0	0	4	1	0	0	3	0	0	1	0	0	0	0	0	0	2	1	1	2	0	0	2	4	0	0
163353	11 Nov 25	22:37:00	1	0	55	0	Ct	0	0	0	0	4	0	6	1	0	0	0	0	2	0	6	0	0	1	0	0	0	0	0	0	1	1	3	1	2	0	2	1	0	0
163354	11 Nov 25	22:38:00	1	0	55	0	Ct	0	0	0	0	3	0	3	3	0	0	0	0	2	0	6	0	0	2	0	0	0	0	0	0	3	11	0	1	0	0	4	2	0	0
163355	11 Nov 25	22:39:00	1	0	55	0	Ct	0	0	0	0	2	0	1	2	0	0	0	3	2	0	6	0	0	0	0	0	0	0	0	0	2	0	3	2	0	0	2	3	0	2
163356	11 Nov 25	22:40:00	1	0	55	0	Ct	0	0	0	0	1	0	4	2	0	0	0	1	0	0	2	0	0	2	0	0	0	0	0	0	2	1	3	2	5	0	1	3	0	0
163357	11 Nov 25	22:41:00	1	0	55	0	Ct	0	0	0	0	4	0	10	1	0	0	0	0	2	0	3	0	0	0	0	0	0	0	0	0	2	1	2	2	0	0	2	1	0	2
163358	11 Nov 25	22:42:00	1	0	55	0	Ct	0	0	0	0	1	0	4	4	0	0	0	0	0	0	0	0	0	2	0	0	0	0	0	0	2	2	2	2	1	0	2	2	0	1
163359	11 Nov 25	22:43:00	1	0	55	0	Ct	0	0	0	0	0	0	14	1	0	0	0	0	0	0	2	0	0	3	0	0	0	0	0	0	3	4	2	2	0	0	0	16	0	1
163360	11 Nov 25	22:44:00	1	0	55	0	Ct	0	0	0	0	3	0	11	3	0	0	0	2	0	0	3	0	0	2	0	0	0	0	0	0	3	0	3	2	0	0	0	6	0	2
163361	11 Nov 25	22:45:00	1	0	55	0	Ct	0	0	0	0	2	0	6	2	0	0	0	0	1	0	5	0	0	2	0	0	0	0	0	0	3	4	2	2	0	0	3	4	0	0
163362	11 Nov 25	22:46:00	1	0	55	0	Ct	0	0	0	0	3	0	6	3	0	0	0	1	3	0	6	0	0	4	0	0	0	0	0	0	3	2	2	1	0	0	0	5	0	0
163363	11 Nov 25	22:47:00	1	0	55	0	Ct	0	0	0	0	2	0	0	2	0	0	0	1	2	0	1	0	0	2	0	0	0	0	0	0	4	2	2	3	0	0	2	5	0	0
163364	11 Nov 25	22:48:00	1	0	55	0	Ct	0	0	0	0	0	0	11	1	0	0	2	2	2	0	1	0	0	1	0	0	0	0	0	0	2	1	2	4	0	0	2	6	0	0
163365	11 Nov 25	22:49:00	1	0	55	0	Ct	0	0	0	6	3	0	11	2	0	0	0	1	2	0	3	7	1	3	0	0	0	0	0	0	1	1	2	3	0	0	2	6	0	0
163366	11 Nov 25	22:50:00	1	0	55	0	Ct	0	0	0	0	5	0	18	1	0	0	0	1	1	0	2	1	1	2	0	0	0	0	0	0	3	1	1	2	0	0	3	4	1	0
163367	11 Nov 25	22:51:00	1	0	55	0	Ct	0	0	0	0	2	0	7	2	0	0	0	1	2	2	2	2	0	3	0	0	0	0	0	0	3	1	1	1	0	0	4	20	1	0
163368	11 Nov 25	22:52:00	1	0	55	0	Ct	0	0	0	0	2	0	12	0	0	0	0	0	2	0	2	4	0	2	0	0	0	0	0	0	1	2	0	3	0	0	3	3	0	0
163369	11 Nov 25	22:53:00	1	0	55	0	Ct	0	0	0	0	2	0	20	0	0	0	0	1	2	0	1	2	2	0	0	1	0	0	0	0	2	0	2	2	0	0	2	4	0	0
163370	11 Nov 25	22:54:00	1	0	55	0	Ct	0	0	0	0	1	0	30	3	0	0	0	1	1	0	2	5	5	3	0	0	0	0	0	0	4	1	2	2	0	0	3	5	0	0
163371	11 Nov 25	22:55:00	1	0	55	0	Ct	0	0	0	0	4	0	15	2	0	0	0	2	3	0	3	4	0	1	0	0	0	0	0	0	2	3	0	2	0	0	2	2	0	0
163372	11 Nov 25	22:56:00	1	0	55	0	Ct	0	0	0	0	2	0	10	2	0	0	0	2	3	2	1	2	1	2	0	0	0	0	0	0	0	1	3	2	0	0	2	5	2	0
163373	11 Nov 25	22:57:00	1	0	55	0	Ct	0	0	0	0	4	0	9	3	0	0	0	1	2	0	0	2	0	0	0	0	0	0	0	0	3	1	1	2	0	0	0	4	0	0
163374	11 Nov 25	22:58:00	1	0	55	0	Ct	0	0	0	0	1	0	5	3	0	0	0	2	3	0	2	2	0	2	0	0	0	0	0	0	2	0	2	2	0	0	0	4	0	0
163375	11 Nov 25	22:59:00	1	0	55	0	Ct	0	0	0	0	1	0	2	0	0	0	0	3	2	0	5	0	0	1	0	0	0	0	0	0	2	2	3	0	0	0	2	2	0	0
163376	11 Nov 25	23:00:00	1	0	55	0	Ct	0	0	0	0	2	0	15	2	0	0	0	3	1	0	2	0	0	4	0	0	0	0	0	0	3	0	3	0	0	0	5	2	0	0
163377	11 Nov 25	23:01:00	1	0	55	0	Ct	0	0	0	0	2	0	0	2	0	0	0	0	0	0	2	2	0	2	0	0	0	0	0	0	3	3	1	0	0	0	2	3	0	0
163378	11 Nov 25	23:02:00	1	0	55	0	Ct	0	0	0	0	2	0	0	1	0	0	0	2	0	0	0	5	0	7	0	0	0	0	0	0	4	2	2	0	0	0	4	4	2	0
163379	11 Nov 25	23:03:00	1	0	55	0	Ct	0	0	0	0	2	0	1	2	0	0	0	2	0	0	3	2	0	4	0	0	0	0	0	0	3	0	6	2	0	0	1	4	0	3
163380	11 Nov 25	23:04:00	1	0	55	0	Ct	0	0	0	0	1	0	9	1	0	0	2	1	0	0	2	3	0	0	0	0	0	0	0	0	1	2	5	2	0	0	0	5	0	0
163381	11 Nov 25	23:05:00	1	0	55	0	Ct	0	0	0	0	1	0	11	2	0	0	0	3	1	0	6	3	0	0	0	0	0	0	0	0	3	6	2	2	0	0	0	3	0	0
163382	11 Nov 25	23:06:00	1	0	55	0	Ct	0	0	0	0	2	0	0	2	0	0	0	1	2	0	1	2	0	0	0	0	0	0	0	0	3	1	1	2	0	3	1	7	0	0
163383	11 Nov 25	23:07:00	1	0	55	0	Ct	0	0	0	0	1	0	10	2	0	0	0	2	0	0	4	0	0	0	0	0	0	0	0	0	2	0	3	2	0	3	1	3	0	0
163384	11 Nov 25	23:08:00	1	0	55	0	Ct	0	0	0	0	3	0	0	3	0	0	0	2	1	0	2	0	0	0	4	0	0	0	0	0	2	0	4	2	0	0	0	3	0	0
163385	11 Nov 25	23:09:00	1	0	55	0	Ct	0	0	0	0	3	0	5	2	0	0	0	1	1	0	2	0	0	1	4	0	0	0	0	2	0	0	4	3	0	0	2	4	3	0
163386	11 Nov 25	23:10:00	1	0	55	0	Ct	0	0	0	0	3	0	8	3	0	0	0	2	0	0	0	2	0	4	2	0	2	0	0	0	3	0	2	1	0	0	2	3	1	0
163387	11 Nov 25	23:11:00	1	0	55	0	Ct	0	0	0	0	3	0	0	2	0	0	0	2	0	0	1	1	0	1	2	0	0	0	0	0	1	0	2	3	0	0	1	3	3	0
163388	11 Nov 25	23:12:00	1	0	55	0	Ct	0	0	0	0	3	0	3	1	0	3	0	3	0	3	1	1	0	4	3	0	0	0	0	0	3	0	0	2	0	0	2	3	0	0
163389	11 Nov 25	23:13:00	1	0	55	0	Ct	0	0	0	0	2	0	14	4	0	0	0	1	0	0	2	4	0	0	2	0	0	0	0	0	3	0	2	1	0	0	3	4	0	0
163390	11 Nov 25	23:14:00	1	0	55	0	Ct	0	0	0	0	3	0	3	1	0	0	0	3	0	0	2	2	0	2	4	0	0	0	0	0	1	0	1	3	0	0	1	5	0	1
163391	11 Nov 25	23:15:00	1	0	55	0	Ct	0	0	0	0	0	0	28	1	0	0	0	4	0	0	2	3	0	2	3	0	0	0	0	0	3	0	2	2	0	0	1	3	4	1
163392	11 Nov 25	23:16:00	1	0	55	0	Ct	0	0	0	0	1	0	7	4	0	0	0	2	0	0	1	3	0	3	1	0	0	0	0	0	2	0	1	3	0	0	2	2	0	0
163393	11 Nov 25	23:17:00	1	0	55	0	Ct	0	0	0	0	2	0	9	5	0	0	0	3	0	0	2	3	0	3	3	0	0	0	0	0	2	0	2	2	0	0	1	3	2	0
163394	11 Nov 25	23:18:00	1	0	55	0	Ct	0	0	0	0	1	0	29	5	0	0	0	1	0	0	0	2	0	1	2	0	0	0	0	0	2	0	2	2	0	0	1	4	5	0
163395	11 Nov 25	23:19:00	1	0	55	0	Ct	0	0	0	0	1	0	10	3	0	0	0	1	0	0	6	2	0	4	2	0	0	0	0	0	1	0	3	1	0	0	2	2	0	0
163396	11 Nov 25	23:20:00	1	0	55	0	Ct	0	0	0	0	3	0	1	3	0	0	0	2	0	1	2	0	0	1	3	0	0	0	0	0	3	0	3	2	0	0	2	5	0	0
163397	11 Nov 25	23:21:00	1	0	55	0	Ct	0	0	0	0	4	0	5	3	0	0	2	3	0	0	2	2	0	4	3	0	0	0	0	0	2	2	2	2	0	0	2	4	0	0
163398	11 Nov 25	23:22:00	1	0	55	0	Ct	0	0	2	0	0	0	0	2	0	0	0	0	0	0	1	4	0	1	4	1	0	0	0	0	3	0	1	3	0	0	3	3	0	0
163399	11 Nov 25	23:23:00	1	0	55	0	Ct	0	0	2	0	2	0	4	2	0	0	0	0	0	0	0	0	0	2	3	0	0	0	0	0	3	2	3	2	0	0	4	2	0	0
163400	11 Nov 25	23:24:00	1	0	55	0	Ct	0	0	0	0	0	0	8	0	0	0	0	0	0	0	1	2	0	3	1	0	0	0	0	0	3	0	1	2	0	0	0	5	0	0
163401	11 Nov 25	23:25:00	1	0	55	0	Ct	0	0	2	0	2	0	8	1	0	0	0	2	0	0	1	2	0	4	3	0	0	0	0	0	3	0	2	1	0	0	2	2	0	0
163402	11 Nov 25	23:26:00	1	0	55	0	Ct	0	0	2	0	2	0	3	2	0	0	2	2	0	5	4	2	0	4	2	0	0	0	0	0	4	0	1	2	0	0	5	6	0	1
163403	11 Nov 25	23:27:00	1	0	55	0	Ct	0	0	2	0	0	0	3	3	0	0	0	3	0	0	2	2	0	0	1	0	0	0	0	0	3	0	1	2	0	0	1	3	0	0
163404	11 Nov 25	23:28:00	1	0	55	0	Ct	0	0	4	0	2	0	5	6	0	0	0	1	0	0	0	0	0	0	2	0	0	0	0	0	1	0	0	3	0	0	2	3	1	3
163405	11 Nov 25	23:29:00	1	0	55	0	Ct	0	0	4	0	1	0	5	3	0	0	0	0	0	8	1	2	0	4	2	0	0	0	0	3	1	0	2	1	0	0	1	2	1	2
163406	11 Nov 25	23:30:00	1	0	55	0	Ct	0	0	5	0	2	0	7	3	0	0	0	0	2	0	2	3	0	3	1	0	0	0	0	0	4	0	0	3	2	0	2	3	0	0
163407	11 Nov 25	23:31:00	1	0	55	0	Ct	0	0	2	0	3	0	6	4	0	0	0	2	0	0	1	3	0	2	0	0	0	0	0	0	3	0	0	2	2	0	0	3	0	0
163408	11 Nov 25	23:32:00	1	0	55	0	Ct	0	0	2	0	2	0	8	1	0	0	0	2	0	0	3	3	0	2	0	0	0	0	0	0	3	0	2	2	2	0	2	6	0	2
163409	11 Nov 25	23:33:00	1	0	55	0	Ct	0	0	3	0	0	0	2	3	0	0	0	1	0	0	1	2	0	4	2	0	0	0	0	0	4	0	1	2	6	0	6	6	0	2
163410	11 Nov 25	23:34:00	1	0	55	0	Ct	0	0	3	0	1	0	0	2	0	0	0	2	0	0	1	2	0	1	1	0	0	0	0	2	2	0	2	2	4	0	2	7	0	4
163411	11 Nov 25	23:35:00	1	0	55	0	Ct	0	0	3	0	1	0	4	2	0	0	0	1	0	0	4	1	0	1	1	0	0	0	0	0	3	2	2	3	2	0	3	4	0	1
163412	11 Nov 25	23:36:00	1	0	55	0	Ct	0	0	4	0	17	0	12	6	0	0	0	1	0	0	3	0	0	1	3	0	0	0	0	0	3	2	1	3	2	0	1	2	0	0
163413	11 Nov 25	23:37:00	1	0	55	0	Ct	0	0	4	0	6	0	11	5	0	0	2	2	0	0	2	4	0	3	2	0	0	0	0	0	0	2	3	2	1	0	3	1	0	0
163414	11 Nov 25	23:38:00	1	0	55	0	Ct	0	0	5	0	1	0	5	3	0	0	5	1	0	0	1	2	0	2	2	0	0	0	0	0	2	0	1	2	4	0	1	5	0	0
163415	11 Nov 25	23:39:00	1	0	55	0	Ct	0	0	2	0	1	0	7	5	0	0	1	2	0	0	2	0	0	0	0	0	0	0	0	0	2	0	2	2	2	0	4	3	0	0
163416	11 Nov 25	23:40:00	1	0	55	0	Ct	0	0	2	0	2	0	8	4	0	0	0	1	0	0	3	4	0	2	0	0	0	0	0	0	3	0	1	4	3	0	0	5	0	0
163417	11 Nov 25	23:41:00	1	0	55	0	Ct	0	0	1	0	2	0	2	3	0	0	2	1	0	0	1	3	0	2	2	0	0	0	0	0	1	0	1	2	3	0	0	3	0	0
163418	11 Nov 25	23:42:00	1	0	55	0	Ct	0	0	3	0	1	0	4	2	0	0	1	2	0	0	3	5	0	1	2	0	0	0	0	0	2	0	1	2	3	0	3	4	0	0
163419	11 Nov 25	23:43:00	1	0	55	0	Ct	0	0	4	0	1	0	12	2	0	0	1	1	0	0	2	2	0	1	3	0	0	0	0	0	3	0	1	4	5	0	1	2	0	0
163420	11 Nov 25	23:44:00	1	0	55	0	Ct	0	0	2	0	0	0	25	5	0	0	1	3	0	0	1	0	0	0	1	0	0	0	0	0	2	0	1	2	3	0	1	2	0	0
163421	11 Nov 25	23:45:00	1	0	55	0	Ct	0	0	4	0	2	0	5	2	0	0	1	2	0	0	0	4	0	1	2	0	0	0	0	0	2	0	4	2	1	0	3	2	0	2
163422	11 Nov 25	23:46:00	1	0	55	0	Ct	0	0	2	0	2	0	3	0	0	0	3	3	0	0	1	2	0	2	1	0	0	0	0	0	2	0	2	3	1	0	2	2	0	0
163423	11 Nov 25	23:47:00	1	0	55	0	Ct	0	0	0	0	0	0	19	2	0	0	2	2	0	0	4	2	0	1	1	0	0	0	0	0	3	0	0	3	2	0	1	3	0	0
163424	11 Nov 25	23:48:00	1	0	55	0	Ct	0	0	3	0	2	0	7	4	0	0	2	2	0	1	1	2	0	0	1	0	0	0	0	0	1	0	3	1	1	0	2	3	0	0
163425	11 Nov 25	23:49:00	1	0	55	0	Ct	0	0	3	0	1	0	21	3	0	0	3	0	0	0	0	5	0	2	0	0	0	0	0	0	0	0	2	3	3	0	4	5	0	0
163426	11 Nov 25	23:50:00	1	0	55	0	Ct	0	0	2	0	1	0	0	3	0	0	0	1	4	0	0	4	0	0	3	0	0	0	0	0	2	0	2	1	5	0	1	3	0	0
163427	11 Nov 25	23:51:00	1	0	55	0	Ct	0	0	2	0	2	0	15	2	0	0	0	0	0	3	0	0	0	1	0	0	0	0	0	0	3	0	1	1	0	0	1	3	0	0
163428	11 Nov 25	23:52:00	1	0	55	0	Ct	0	0	2	0	3	0	7	4	0	0	2	1	0	0	0	0	0	1	2	0	0	0	0	0	3	0	0	3	3	0	2	2	0	0
163429	11 Nov 25	23:53:00	1	0	55	0	Ct	0	0	1	0	3	0	0	2	0	0	1	2	0	0	0	0	0	3	0	0	0	0	0	0	2	0	1	2	5	0	0	2	0	0
163430	11 Nov 25	23:54:00	1	0	55	0	Ct	0	0	3	0	3	0	0	2	0	0	2	0	0	0	0	2	0	1	2	2	0	0	3	0	3	0	4	2	2	0	1	4	0	0
163431	11 Nov 25	23:55:00	1	0	55	0	Ct	0	0	3	0	3	0	4	2	0	0	2	0	0	0	0	1	0	0	1	2	0	0	0	0	3	0	2	1	3	0	3	1	0	0
163432	11 Nov 25	23:56:00	1	0	55	0	Ct	0	0	2	0	0	0	17	2	0	0	2	2	0	0	4	4	0	3	2	0	0	0	0	0	2	0	0	1	3	0	1	2	0	0
163433	11 Nov 25	23:57:00	1	0	55	0	Ct	0	0	4	0	3	0	8	2	0	0	3	3	0	2	0	2	0	1	3	0	0	0	0	0	4	0	2	2	2	0	2	3	0	0
163434	11 Nov 25	23:58:00	1	0	55	0	Ct	0	0	2	0	3	0	3	2	0	0	3	0	0	0	1	2	0	0	0	0	0	0	0	0	2	0	0	2	0	0	2	6	0	0
163435	11 Nov 25	23:59:00	1	0	55	0	Ct	0	0	2	0	2	0	2	2	0	0	1	0	0	0	8	3	0	0	0	0	0	0	0	0	4	0	2	1	2	0	1	2	0	0
163436	12 Nov 25	00:00:00	1	0	55	0	Ct	0	0	1	0	1	0	3	0	0	0	0	0	0	0	5	1	0	2	0	0	0	0	0	0	2	0	3	2	4	0	3	3	0	2
163437	12 Nov 25	00:01:00	1	0	55	0	Ct	0	0	1	0	2	0	5	1	0	0	2	0	0	0	1	3	0	2	2	0	0	0	1	0	2	0	0	1	1	0	1	2	0	1
163438	12 Nov 25	00:02:00	1	0	55	0	Ct	0	0	3	0	4	0	5	1	0	0	3	0	0	0	2	4	0	3	1	0	0	0	0	0	2	0	2	1	3	0	2	3	0	2
163439	12 Nov 25	00:03:00	1	0	55	0	Ct	0	0	1	0	2	0	8	1	0	0	0	0	3	0	2	3	0	1	1	0	0	0	1	2	1	0	2	1	1	3	2	1	0	2
163440	12 Nov 25	00:04:00	1	0	55	0	Ct	0	0	2	0	1	0	3	3	0	0	3	2	0	0	0	4	0	0	0	0	0	0	0	0	1	0	1	3	1	0	4	6	0	0
163441	12 Nov 25	00:05:00	1	0	55	0	Ct	0	0	0	0	1	0	10	2	0	0	3	0	1	0	3	5	0	0	1	0	0	0	0	0	2	2	9	1	0	0	1	7	0	0
163442	12 Nov 25	00:06:00	1	0	55	0	Ct	0	0	5	0	2	0	32	3	0	0	2	2	1	0	0	3	0	0	1	0	0	0	0	0	3	2	4	1	0	0	2	4	0	0
163443	12 Nov 25	00:07:00	1	0	55	0	Ct	0	0	8	0	3	0	21	2	0	0	1	2	0	0	2	3	0	0	0	0	0	0	0	0	2	0	0	0	0	0	5	6	0	0
163444	12 Nov 25	00:08:00	1	0	55	0	Ct	0	0	1	0	2	0	22	2	0	0	1	0	0	0	4	1	0	1	8	0	0	0	1	0	3	1	0	3	4	0	2	8	0	0
163445	12 Nov 25	00:09:00	1	0	55	0	Ct	0	0	3	0	5	0	14	4	0	0	2	0	1	0	2	0	0	1	0	0	0	0	0	1	3	1	0	1	1	0	2	4	0	0
163446	12 Nov 25	00:10:00	1	0	55	0	Ct	0	0	3	0	2	0	0	2	0	0	1	0	1	0	0	0	0	3	2	0	2	0	0	0	3	2	0	2	1	0	2	4	0	0
163447	12 Nov 25	00:11:00	1	0	55	0	Ct	0	0	2	0	0	0	0	1	0	0	1	1	0	0	1	2	0	2	0	0	0	0	0	2	3	0	0	3	2	0	2	5	0	2
163448	12 Nov 25	00:12:00	1	0	55	0	Ct	0	0	2	0	3	0	0	3	0	0	1	2	0	0	1	0	0	1	0	0	0	0	0	1	2	0	0	1	1	0	2	5	0	2
163449	12 Nov 25	00:13:00	1	0	55	0	Ct	0	0	3	0	1	0	0	4	0	0	2	0	0	0	0	2	0	1	0	0	0	0	0	0	2	0	0	0	2	0	0	3	0	2
163450	12 Nov 25	00:14:00	1	0	55	0	Ct	0	0	2	0	1	0	0	1	0	0	2	0	0	0	0	2	0	2	0	0	0	0	0	0	5	0	2	1	0	0	0	1	0	2
163451	12 Nov 25	00:15:00	1	0	55	0	Ct	0	0	3	0	3	0	0	6	0	0	2	1	0	0	0	0	0	1	0	0	2	0	0	0	5	0	0	2	3	0	0	4	1	1
163452	12 Nov 25	00:16:00	1	0	55	0	Ct	0	0	1	0	4	0	0	2	0	0	0	0	0	0	2	0	0	3	2	0	0	0	0	2	2	0	0	3	1	0	0	4	0	1
163453	12 Nov 25	00:17:00	1	0	55	0	Ct	0	0	2	0	1	0	2	3	0	0	3	1	0	0	2	0	0	1	0	0	0	0	0	2	5	0	0	2	2	0	0	5	0	0
163454	12 Nov 25	00:18:00	1	0	55	0	Ct	0	0	1	0	2	0	6	3	0	0	0	2	0	0	1	2	0	1	0	0	0	0	0	0	3	0	0	2	2	0	0	2	0	2
163455	12 Nov 25	00:19:00	1	0	55	0	Ct	0	0	3	0	3	0	15	2	0	0	2	0	0	0	0	0	0	2	2	0	0	0	0	0	4	0	0	1	0	0	0	4	0	2
163456	12 Nov 25	00:20:00	1	0	55	0	Ct	0	0	1	0	2	0	13	4	0	0	3	0	0	0	0	1	0	1	4	0	0	0	0	3	2	2	0	2	2	0	0	3	0	3
163457	12 Nov 25	00:21:00	1	0	55	0	Ct	0	0	2	0	2	0	1	3	0	0	1	0	0	0	0	5	0	3	0	0	0	0	0	1	4	1	0	2	2	0	2	3	0	1
163458	12 Nov 25	00:22:00	1	0	55	0	Ct	0	0	3	0	1	0	16	1	0	0	3	0	0	0	0	3	0	2	0	0	0	0	0	0	5	0	0	2	4	0	0	2	0	2
163459	12 Nov 25	00:23:00	1	0	55	0	Ct	0	0	2	0	2	0	0	3	0	0	1	2	0	0	1	0	0	1	1	0	0	0	0	0	4	0	0	0	1	0	0	4	1	1
163460	12 Nov 25	00:24:00	1	0	55	0	Ct	0	0	3	0	1	0	8	4	0	0	3	0	0	0	3	2	0	1	1	0	0	0	0	0	2	0	0	2	2	0	0	2	0	3
163461	12 Nov 25	00:25:00	1	0	55	0	Ct	0	0	3	0	3	0	10	3	0	0	1	0	0	0	0	4	0	2	2	0	0	0	0	0	3	0	0	1	1	0	2	3	3	0
163462	12 Nov 25	00:26:00	1	0	55	0	Ct	0	0	2	0	2	0	3	2	0	0	1	0	0	0	0	2	0	1	0	2	0	0	0	0	2	0	2	2	2	0	2	6	0	0
163463	12 Nov 25	00:27:00	1	0	55	0	Ct	0	0	1	0	2	0	0	0	0	0	1	0	0	0	0	2	0	0	0	0	0	0	0	0	3	0	2	1	1	0	1	3	0	1
163464	12 Nov 25	00:28:00	1	0	55	0	Ct	0	0	0	0	2	0	0	1	0	0	0	0	0	0	0	1	0	0	0	0	0	0	0	0	4	0	0	2	1	0	0	3	0	1
163465	12 Nov 25	00:29:00	1	0	55	0	Ct	0	0	2	0	2	0	0	1	0	0	1	0	0	0	0	1	0	1	1	0	0	0	0	0	3	0	4	4	3	0	0	3	0	2
163466	12 Nov 25	00:30:00	1	0	55	0	Ct	0	0	3	0	2	0	0	3	0	0	1	0	0	0	0	0	0	2	1	0	0	0	0	0	4	0	7	2	0	0	0	3	0	1
163467	12 Nov 25	00:31:00	1	0	55	0	Ct	0	0	1	0	0	0	0	3	0	0	2	0	0	0	0	0	0	1	0	0	0	0	0	0	2	0	4	1	3	0	0	4	0	1
163468	12 Nov 25	00:32:00	1	0	55	0	Ct	0	0	1	0	0	0	0	3	0	0	3	0	0	0	0	2	0	0	0	0	0	0	0	0	4	0	2	1	2	0	1	3	0	3
163469	12 Nov 25	00:33:00	1	0	55	0	Ct	0	0	7	0	0	0	0	1	0	0	2	0	0	0	0	2	0	1	0	0	0	0	0	0	1	0	0	1	2	0	3	8	0	0
163470	12 Nov 25	00:34:00	1	0	55	0	Ct	0	0	2	0	0	0	0	5	0	0	0	3	0	2	0	2	0	3	0	0	0	0	0	2	3	0	0	1	0	0	0	3	0	3
163471	12 Nov 25	00:35:00	1	0	55	0	Ct	0	0	4	0	4	2	0	3	0	0	1	2	0	3	0	2	0	2	0	0	0	0	0	0	3	0	0	0	4	0	0	2	0	2
163472	12 Nov 25	00:36:00	1	0	55	0	Ct	0	0	3	0	0	0	0	3	0	0	3	1	0	4	0	1	0	2	0	0	0	0	0	0	2	0	0	2	2	0	1	3	0	2
163473	12 Nov 25	00:37:00	1	0	55	0	Ct	0	0	0	0	2	0	0	2	0	0	3	5	1	3	0	2	0	0	0	0	0	0	0	0	2	0	2	0	0	0	1	2	0	2
163474	12 Nov 25	00:38:00	1	0	55	0	Ct	0	0	2	0	0	0	0	1	0	0	2	2	1	4	0	2	0	1	0	0	0	0	0	0	3	0	0	1	2	0	0	2	0	2
163475	12 Nov 25	00:39:00	1	0	55	0	Ct	0	0	1	0	4	2	6	2	0	0	0	4	0	5	0	0	0	1	2	0	0	0	0	0	3	0	2	1	1	0	0	4	0	2
163476	12 Nov 25	00:40:00	1	0	55	0	Ct	0	0	0	0	1	1	4	2	0	0	0	1	0	4	0	0	0	0	1	0	0	0	0	0	4	0	2	0	1	0	2	3	0	2
163477	12 Nov 25	00:41:00	1	0	55	0	Ct	0	0	0	0	2	2	4	3	0	0	2	2	0	4	0	2	0	0	2	0	0	0	0	0	2	0	0	0	0	2	2	3	0	3
163478	12 Nov 25	00:42:00	1	0	55	0	Ct	0	0	0	0	2	4	26	2	0	0	2	4	0	4	2	0	0	2	0	0	1	0	0	0	3	5	4	0	0	0	0	0	0	2
163479	12 Nov 25	00:43:00	1	0	55	0	Ct	0	0	2	0	0	1	3	2	0	0	2	1	0	3	6	2	0	1	0	0	1	0	0	0	2	0	2	0	0	0	0	4	2	1
163480	12 Nov 25	00:44:00	1	0	55	0	Ct	0	0	2	0	1	1	0	2	0	0	1	3	0	3	1	2	0	1	0	0	0	0	2	0	2	2	3	0	0	0	3	2	5	2
163481	12 Nov 25	00:45:00	1	0	55	0	Ct	0	0	2	0	2	2	0	4	0	0	3	3	0	2	1	5	0	0	0	0	0	0	0	0	1	1	2	0	0	0	2	2	3	4
163482	12 Nov 25	00:46:00	1	0	55	0	Ct	0	0	1	0	1	2	7	4	0	0	0	1	0	3	2	2	0	1	0	0	0	0	0	0	1	0	3	0	2	0	3	2	0	1
163483	12 Nov 25	00:47:00	1	0	55	0	Ct	0	0	3	0	0	4	9	2	0	0	1	0	0	4	2	0	0	3	0	0	0	0	2	0	3	0	2	0	3	0	2	1	0	2
163484	12 Nov 25	00:48:00	1	0	55	0	Ct	0	0	0	0	0	1	21	0	0	0	4	0	0	5	3	4	0	0	0	0	0	0	0	0	3	0	2	0	4	0	0	0	0	2
163485	12 Nov 25	00:49:00	1	0	55	0	Ct	0	0	1	0	3	0	7	2	0	0	1	1	0	2	0	3	0	2	0	0	0	0	3	0	2	0	2	0	2	0	3	4	2	2
163486	12 Nov 25	00:50:00	1	0	55	0	Ct	0	0	1	0	1	0	17	1	0	0	3	0	0	2	1	3	0	1	0	0	0	0	0	0	5	0	3	0	1	0	2	4	4	2
163487	12 Nov 25	00:51:00	1	0	55	0	Ct	0	0	2	0	3	0	5	1	0	0	1	2	0	0	0	2	0	3	2	0	0	0	0	0	4	0	2	0	4	0	1	7	2	2
163488	12 Nov 25	00:52:00	1	0	55	0	Ct	0	0	2	0	2	0	0	2	0	0	1	1	0	0	4	2	0	0	0	0	0	0	0	0	4	0	1	0	5	0	4	4	2	3
163489	12 Nov 25	00:53:00	1	0	55	0	Ct	0	0	1	0	2	0	2	3	0	0	2	1	0	0	0	5	0	0	0	0	0	0	0	2	3	0	1	2	0	0	1	3	2	1
163490	12 Nov 25	00:54:00	1	0	55	0	Ct	0	0	1	0	0	0	7	3	0	0	1	3	0	0	3	5	0	0	0	0	0	0	0	0	3	0	3	0	1	0	0	4	2	2
163491	12 Nov 25	00:55:00	1	0	55	0	Ct	0	0	0	0	2	0	0	3	0	0	3	2	0	0	2	0	0	0	0	0	0	0	0	0	2	0	7	0	1	0	0	7	4	2
163492	12 Nov 25	00:56:00	1	0	55	0	Ct	0	0	0	0	2	0	0	2	0	0	2	2	0	0	0	0	0	0	0	0	2	0	0	0	3	0	4	0	0	0	3	4	2	2
163493	12 Nov 25	00:57:00	1	0	55	0	Ct	0	0	3	0	1	0	0	1	0	0	3	2	0	0	2	2	0	0	0	0	0	0	0	0	2	0	5	0	3	0	1	5	7	2
163494	12 Nov 25	00:58:00	1	0	55	0	Ct	0	0	0	0	1	0	0	2	0	0	1	2	0	0	6	2	0	0	0	0	0	0	0	0	3	2	1	0	1	0	0	3	3	2
163495	12 Nov 25	00:59:00	1	0	55	0	Ct	0	0	1	0	0	2	5	2	0	0	1	0	0	0	4	0	0	0	0	0	0	0	0	0	1	2	3	0	0	0	3	2	5	1
163496	12 Nov 25	01:00:00	1	0	55	0	Ct	0	0	2	0	2	2	17	2	0	0	0	3	0	0	3	2	0	0	0	0	0	0	0	4	2	0	4	0	1	0	0	2	3	0
163497	12 Nov 25	01:01:00	1	0	55	0	Ct	0	0	2	0	2	0	6	2	0	0	3	3	0	2	1	6	0	2	2	0	0	0	0	2	3	1	2	0	1	0	3	1	3	3
163498	12 Nov 25	01:02:00	1	0	55	0	Ct	0	0	1	0	1	0	6	3	0	0	1	2	0	0	1	2	0	2	2	0	0	0	0	0	3	0	1	0	0	0	6	5	2	1
163499	12 Nov 25	01:03:00	1	0	55	0	Ct	0	0	2	0	3	2	0	3	0	0	2	2	0	0	2	3	0	0	0	0	0	0	0	0	2	0	4	0	2	0	2	3	2	2
163500	12 Nov 25	01:04:00	1	0	55	0	Ct	0	0	2	0	1	0	27	4	0	0	1	2	0	0	0	2	0	3	0	0	0	0	0	0	2	0	1	0	1	0	2	4	2	2
163501	12 Nov 25	01:05:00	1	0	55	0	Ct	0	0	0	0	1	1	3	3	0	0	9	2	0	0	0	5	0	4	0	0	0	0	0	0	3	0	2	2	1	0	5	3	3	2
163502	12 Nov 25	01:06:00	1	0	55	0	Ct	0	0	7	0	1	1	22	3	0	0	1	3	0	0	2	0	0	0	2	0	0	0	0	1	3	0	2	3	1	0	3	4	4	1
163503	12 Nov 25	01:07:00	1	0	55	0	Ct	0	0	1	0	2	0	0	1	0	0	2	2	0	0	2	2	0	0	0	0	0	0	0	2	3	0	0	1	0	0	5	6	1	2
163504	12 Nov 25	01:08:00	1	0	55	0	Ct	0	0	2	0	3	2	6	2	0	0	4	2	0	0	0	0	0	0	0	0	0	0	0	1	1	0	2	1	1	0	0	5	1	1
163505	12 Nov 25	01:09:00	1	0	55	0	Ct	0	0	2	0	2	0	0	2	0	0	1	2	0	0	2	0	0	0	2	0	0	0	0	2	4	0	1	0	2	0	1	4	2	1
163506	12 Nov 25	01:10:00	1	0	55	0	Ct	0	0	0	0	3	4	6	3	0	0	0	2	0	0	3	2	0	2	0	0	0	0	0	4	4	0	2	0	0	0	2	10	2	2
163507	12 Nov 25	01:11:00	1	0	55	0	Ct	0	0	0	0	1	0	6	5	0	0	2	1	0	0	3	4	0	5	1	0	0	0	0	2	2	0	1	0	0	0	3	4	6	1
163508	12 Nov 25	01:12:00	1	0	55	0	Ct	0	0	0	0	0	2	0	2	0	0	5	2	0	0	2	2	0	0	1	0	0	0	0	2	2	0	3	0	3	0	2	3	2	2
163509	12 Nov 25	01:13:00	1	0	55	0	Ct	0	0	1	0	3	1	0	2	0	0	2	4	0	0	2	4	0	0	3	0	0	0	0	2	4	0	2	0	1	0	4	3	3	2
163510	12 Nov 25	01:14:00	1	0	55	0	Ct	0	0	1	0	2	1	3	3	0	0	1	2	0	0	0	1	0	1	0	0	0	0	0	3	3	0	0	2	0	0	2	8	4	2
163511	12 Nov 25	01:15:00	1	0	55	0	Ct	0	0	1	0	2	0	4	3	0	0	1	2	0	0	2	0	0	3	1	0	0	0	2	3	3	0	3	0	0	0	2	4	2	1
163512	12 Nov 25	01:16:00	1	0	55	0	Ct	0	0	1	0	3	3	17	1	0	0	0	3	0	0	0	2	0	0	1	0	0	0	5	3	4	0	2	0	2	0	2	3	1	2
163513	12 Nov 25	01:17:00	1	0	55	0	Ct	0	0	2	0	1	1	0	0	0	0	1	4	0	0	1	0	0	0	0	0	0	0	2	1	2	0	1	2	1	0	0	3	2	1
163514	12 Nov 25	01:18:00	1	0	55	0	Ct	0	0	1	0	3	1	5	4	0	0	1	4	0	0	4	1	0	0	1	0	0	0	0	4	0	0	3	0	5	0	3	3	3	1
163515	12 Nov 25	01:19:00	1	0	55	0	Ct	0	0	3	0	4	1	13	4	0	0	3	1	0	0	0	3	0	1	1	0	0	0	1	4	2	0	1	0	1	0	1	5	3	1
163516	12 Nov 25	01:20:00	1	0	55	0	Ct	0	0	2	0	3	0	0	1	0	0	1	1	0	0	1	3	0	0	0	0	0	0	6	0	3	0	2	0	1	0	1	5	2	1
163517	12 Nov 25	01:21:00	1	0	55	0	Ct	0	0	1	0	1	1	0	3	0	0	1	1	0	0	2	1	0	0	2	0	0	0	1	3	2	0	1	0	1	0	2	6	4	3
163518	12 Nov 25	01:22:00	1	0	55	0	Ct	0	0	0	0	1	1	0	2	0	0	2	3	0	0	2	2	0	1	0	0	0	0	0	2	3	0	2	0	2	0	0	1	3	3
163519	12 Nov 25	01:23:00	1	0	55	0	Ct	0	0	0	0	1	2	0	2	0	0	0	1	0	0	2	2	0	0	0	0	0	0	0	3	3	0	1	0	0	0	4	4	3	2
163520	12 Nov 25	01:24:00	1	0	55	0	Ct	0	0	0	0	3	5	0	2	0	0	0	1	0	0	2	0	0	2	2	0	0	0	1	2	3	0	2	0	2	0	1	1	2	3
163521	12 Nov 25	01:25:00	1	0	55	0	Ct	0	0	0	0	4	1	0	3	0	0	1	1	0	0	0	0	0	0	1	0	0	0	1	2	4	0	0	0	2	0	4	6	3	1
163522	12 Nov 25	01:26:00	1	0	55	0	Ct	0	0	0	0	2	1	0	4	0	0	2	0	0	2	1	0	0	0	1	0	0	0	0	2	2	0	1	0	2	0	1	2	3	0
163523	12 Nov 25	01:27:00	1	0	55	0	Ct	0	0	0	0	3	1	0	1	0	0	1	0	0	0	1	0	0	2	2	0	0	0	0	1	3	0	2	0	4	0	1	5	3	3
163524	12 Nov 25	01:28:00	1	0	55	0	Ct	0	0	0	0	2	1	0	1	0	0	0	0	2	0	0	2	0	0	0	0	0	0	0	3	3	0	1	0	2	0	2	8	4	2
163525	12 Nov 25	01:29:00	1	0	55	0	Ct	0	0	1	0	1	1	0	1	0	0	0	1	0	0	1	4	0	3	2	0	0	0	0	2	3	0	0	0	2	0	0	3	3	0
163526	12 Nov 25	01:30:00	1	0	55	0	Ct	0	0	1	0	1	1	0	4	0	0	0	2	0	0	2	3	0	1	0	0	0	0	0	2	1	0	2	0	2	0	0	4	1	0
163527	12 Nov 25	01:31:00	1	0	55	0	Ct	0	0	0	0	3	0	0	4	0	0	7	1	0	0	6	3	0	2	3	0	0	0	0	1	3	0	2	0	0	0	2	6	3	0
163528	12 Nov 25	01:32:00	1	0	55	0	Ct	0	0	0	0	2	0	17	6	0	0	1	1	0	0	2	3	0	0	2	0	0	0	0	4	1	0	0	0	2	0	2	1	2	0
163529	12 Nov 25	01:33:00	1	0	55	0	Ct	0	0	0	0	3	1	7	3	0	0	0	2	2	1	0	1	0	2	0	0	0	0	2	1	2	0	2	0	0	0	1	2	3	2
163530	12 Nov 25	01:34:00	1	0	55	0	Ct	0	0	0	0	3	1	0	2	0	0	2	5	0	5	3	3	0	1	2	0	0	0	1	3	4	0	0	0	2	0	0	4	2	0
163531	12 Nov 25	01:35:00	1	0	55	0	Ct	0	0	0	0	0	0	26	1	0	0	0	2	0	0	1	1	0	2	2	0	0	0	1	2	5	0	0	0	2	0	1	3	2	0
163532	12 Nov 25	01:36:00	1	0	55	0	Ct	0	0	0	0	0	2	7	1	0	0	2	1	0	0	2	6	0	1	0	0	0	0	0	2	3	2	3	0	1	0	1	1	2	0
163533	12 Nov 25	01:37:00	1	0	55	0	Ct	0	0	0	0	2	0	2	2	0	0	3	1	2	6	2	0	0	2	0	0	2	0	3	2	3	0	1	2	4	0	0	4	4	0
163534	12 Nov 25	01:38:00	1	0	55	0	Ct	0	0	0	0	4	1	4	2	0	0	2	1	0	4	2	2	0	2	2	0	0	0	0	1	4	0	2	0	1	0	0	3	4	3
163535	12 Nov 25	01:39:00	1	0	55	0	Ct	0	0	0	0	3	1	0	2	0	0	2	3	0	4	0	4	0	1	1	0	0	0	4	0	4	2	1	0	2	0	0	4	2	3
163536	12 Nov 25	01:40:00	1	0	55	0	Ct	0	0	0	0	2	0	4	1	0	0	0	1	0	4	0	0	0	1	1	0	0	0	1	2	4	0	1	0	3	0	2	3	0	0
163537	12 Nov 25	01:41:00	1	0	55	0	Ct	0	0	0	0	2	2	15	3	0	0	1	0	0	4	0	0	0	0	1	0	0	0	1	2	3	0	1	0	3	0	0	6	3	0
163538	12 Nov 25	01:42:00	1	0	55	0	Ct	0	0	0	0	0	0	13	1	0	0	0	0	0	3	1	0	0	3	1	0	0	0	1	2	3	0	1	0	0	0	4	10	2	0
163539	12 Nov 25	01:43:00	1	0	55	0	Ct	0	0	0	0	1	2	13	1	0	0	0	1	0	5	2	0	0	1	1	0	0	0	1	2	3	0	2	0	0	0	2	6	3	0
163540	12 Nov 25	01:44:00	1	0	55	0	Ct	0	0	0	0	2	3	0	2	0	0	2	3	0	3	0	0	0	0	0	0	0	0	0	1	3	0	0	0	0	0	2	8	3	0
163541	12 Nov 25	01:45:00	1	0	55	0	Ct	0	0	0	0	2	0	1	2	0	0	0	0	0	4	1	2	0	0	2	0	0	0	2	2	3	1	2	0	2	0	2	3	3	0
163542	12 Nov 25	01:46:00	1	0	55	0	Ct	0	0	0	0	3	2	8	3	0	0	2	3	1	5	3	0	0	0	0	0	1	0	2	3	2	1	0	0	4	0	2	4	3	0
163543	12 Nov 25	01:47:00	1	0	55	0	Ct	0	0	0	0	0	0	5	2	0	0	2	2	1	3	1	2	0	0	2	0	1	0	1	2	1	0	0	0	0	0	3	3	2	0
163544	12 Nov 25	01:48:00	1	0	55	0	Ct	0	0	0	0	1	0	2	0	0	0	3	3	0	3	0	0	0	0	0	0	2	0	0	2	3	0	1	0	1	0	1	7	2	0
163545	12 Nov 25	01:49:00	1	0	55	0	Ct	0	0	0	0	1	2	8	2	0	0	1	1	0	3	0	2	0	0	2	0	0	0	1	0	2	0	2	1	1	0	3	2	2	0
163546	12 Nov 25	01:50:00	1	0	55	0	Ct	0	0	0	0	4	0	7	4	0	0	0	1	3	2	2	0	0	2	0	0	1	0	1	2	3	0	0	1	0	0	2	4	1	0
163547	12 Nov 25	01:51:00	1	0	55	0	Ct	0	0	0	0	3	1	0	0	0	0	1	0	1	3	0	2	0	1	3	0	1	0	1	2	3	0	3	0	2	0	1	3	4	0
163548	12 Nov 25	01:52:00	1	0	55	0	Ct	0	0	0	0	3	1	0	4	0	0	3	2	0	1	2	2	0	0	0	0	0	0	1	1	3	0	0	2	1	0	2	4	2	0
163549	12 Nov 25	01:53:00	1	0	55	0	Ct	0	0	0	0	1	0	0	1	0	0	2	0	1	3	1	0	0	1	1	0	0	0	1	2	3	0	2	2	2	0	0	2	2	0
163550	12 Nov 25	01:54:00	1	0	55	0	Ct	0	0	0	0	1	0	0	2	0	0	0	0	2	4	5	0	0	2	1	0	0	0	1	1	3	0	1	0	2	0	1	5	2	0
163551	12 Nov 25	01:55:00	1	0	55	0	Ct	0	0	0	0	1	2	0	3	0	0	0	0	1	4	1	2	0	3	0	0	0	0	2	2	2	0	0	0	1	0	3	2	3	0
163552	12 Nov 25	01:56:00	1	0	55	0	Ct	0	0	0	0	1	0	0	4	0	0	2	1	3	4	0	0	0	0	3	0	0	0	0	2	2	0	1	0	0	0	4	2	3	0
163553	12 Nov 25	01:57:00	1	0	55	0	Ct	0	0	0	0	2	1	0	3	0	0	1	0	1	5	3	0	0	2	1	0	0	0	2	1	0	2	0	0	1	0	2	3	4	0
163554	12 Nov 25	01:58:00	1	0	55	0	Ct	0	0	0	0	2	0	0	2	0	0	1	1	2	2	0	2	0	1	0	0	0	0	0	1	2	4	1	0	5	0	0	5	2	0
163555	12 Nov 25	01:59:00	1	0	55	0	Ct	0	0	0	0	2	0	0	1	0	0	0	0	1	4	1	2	0	4	0	0	0	0	0	2	5	3	0	0	2	0	1	4	1	0
163556	12 Nov 25	02:00:00	1	0	55	0	Ct	0	0	0	0	2	0	0	1	0	0	0	0	3	4	1	3	0	2	3	0	0	0	1	2	3	2	2	2	4	0	5	9	4	0
163557	12 Nov 25	02:01:00	1	0	55	0	Ct	0	0	0	0	0	1	0	3	0	0	0	0	1	6	0	0	0	0	3	0	0	0	1	2	3	2	1	0	0	0	2	4	0	0
163558	12 Nov 25	02:02:00	1	0	55	0	Ct	0	0	0	0	0	1	0	1	0	0	0	0	1	3	0	2	0	0	4	2	1	0	1	1	4	1	3	2	0	0	2	3	2	0
163559	12 Nov 25	02:03:00	1	0	55	0	Ct	0	0	0	0	2	0	4	2	0	0	0	0	2	3	0	0	0	0	2	0	1	0	1	2	4	1	2	0	0	0	1	4	5	0
163560	12 Nov 25	02:04:00	1	0	55	0	Ct	0	0	0	0	1	2	2	4	0	0	0	2	1	2	0	0	0	2	2	0	0	0	2	2	4	1	1	2	0	0	2	2	2	0
163561	12 Nov 25	02:05:00	1	0	55	0	Ct	0	0	0	0	1	0	4	3	0	0	0	2	2	2	1	2	0	1	4	0	0	0	0	2	3	1	1	0	1	0	2	3	3	0
163562	12 Nov 25	02:06:00	1	0	55	0	Ct	0	0	0	0	2	2	3	2	0	0	3	2	2	4	3	1	0	2	4	0	0	0	0	1	3	0	2	0	0	2	2	3	2	1
163563	12 Nov 25	02:07:00	1	0	55	0	Ct	0	0	0	0	0	3	0	0	0	0	0	3	2	2	7	3	0	2	3	0	1	0	0	2	2	2	1	0	1	0	3	4	5	1
163564	12 Nov 25	02:08:00	1	0	55	0	Ct	0	0	0	0	0	1	0	0	0	0	0	1	2	5	0	0	0	0	1	0	1	0	0	1	3	4	1	0	1	0	2	2	2	0
163565	12 Nov 25	02:09:00	1	0	55	0	Ct	0	0	0	0	4	0	0	1	0	0	0	0	2	2	0	0	0	0	1	0	0	0	2	2	3	2	0	0	3	0	2	0	2	2
163566	12 Nov 25	02:10:00	1	0	55	0	Ct	0	0	0	2	2	1	0	3	0	0	0	0	2	3	0	0	0	0	3	0	0	0	0	4	4	2	1	0	2	0	2	6	1	0
163567	12 Nov 25	02:11:00	1	0	55	0	Ct	0	0	0	1	1	1	0	2	0	0	0	2	2	2	2	0	0	2	2	0	0	0	2	3	0	2	2	0	2	0	2	4	3	0
163568	12 Nov 25	02:12:00	1	0	55	0	Ct	0	0	0	0	3	1	0	1	0	0	0	0	3	4	3	0	0	0	2	0	2	0	0	3	2	2	0	0	0	0	0	4	4	2
163569	12 Nov 25	02:13:00	1	0	55	0	Ct	0	0	2	0	3	1	0	1	0	0	2	4	1	2	0	0	0	0	2	0	1	0	1	1	2	1	0	0	0	0	3	5	6	2
163570	12 Nov 25	02:14:00	1	0	55	0	Ct	0	0	3	0	1	0	0	3	0	0	0	1	1	2	1	2	0	0	0	0	1	0	1	3	4	1	2	0	3	0	1	3	2	4
163571	12 Nov 25	02:15:00	1	0	55	0	Ct	0	0	1	0	1	0	0	3	0	0	0	0	2	3	7	3	0	1	2	0	3	0	0	1	3	2	2	0	1	0	2	2	1	3
163572	12 Nov 25	02:16:00	1	0	55	0	Ct	0	0	2	0	3	0	0	4	0	0	0	1	2	2	1	0	0	1	2	0	2	0	3	3	2	0	0	0	1	0	0	1	4	1
163573	12 Nov 25	02:17:00	1	0	55	0	Ct	0	0	2	0	1	0	0	4	0	0	2	2	2	2	2	0	0	0	0	0	0	0	0	2	3	3	1	0	2	0	2	4	2	0
163574	12 Nov 25	02:18:00	1	0	55	0	Ct	0	0	0	0	2	1	0	4	0	0	2	2	3	3	3	2	0	0	3	0	1	0	0	1	4	2	2	0	1	0	2	4	2	0
163575	12 Nov 25	02:19:00	1	0	55	0	Ct	0	0	2	0	1	1	5	3	0	0	1	1	1	2	5	4	0	0	3	0	1	0	3	2	3	2	1	0	0	0	1	5	5	3
163576	12 Nov 25	02:20:00	1	0	55	0	Ct	0	0	0	0	1	0	0	2	0	0	1	1	2	1	1	0	0	0	1	0	0	0	2	2	3	3	1	0	2	0	1	5	3	1
163577	12 Nov 25	02:21:00	1	0	55	0	Ct	0	0	0	0	0	1	1	1	0	0	0	1	1	3	0	0	0	4	1	0	0	0	2	1	3	0	0	0	0	0	2	3	5	2
163578	12 Nov 25	02:22:00	1	0	55	0	Ct	0	0	0	0	0	1	4	2	0	0	0	2	3	2	0	0	0	0	1	0	0	0	1	2	2	3	1	0	1	0	1	5	1	2
163579	12 Nov 25	02:23:00	1	0	55	0	Ct	0	0	0	0	0	0	4	2	0	0	0	2	2	4	0	0	0	1	1	0	2	0	1	4	2	3	0	0	1	0	2	2	3	1
163580	12 Nov 25	02:24:00	1	0	55	0	Ct	0	0	2	0	0	1	8	2	0	0	0	2	2	4	1	0	0	1	0	0	0	0	1	1	4	0	1	0	2	0	2	4	1	2
163581	12 Nov 25	02:25:00	1	0	55	0	Ct	0	0	3	0	0	1	0	0	0	0	0	2	3	3	1	0	0	0	2	0	0	0	1	2	0	2	0	2	0	9	0	2	3	1
163582	12 Nov 25	02:26:00	1	0	55	0	Ct	0	0	1	0	0	0	0	2	0	0	1	1	1	2	2	0	0	0	0	0	0	0	1	2	2	1	2	0	0	6	1	3	2	1
163583	12 Nov 25	02:27:00	1	0	55	0	Ct	0	0	2	0	0	1	0	3	0	3	2	2	2	2	0	0	0	0	3	0	1	0	1	1	3	1	1	0	0	0	3	4	3	1
163584	12 Nov 25	02:28:00	1	0	55	0	Ct	0	0	4	0	3	1	14	4	0	0	2	0	3	2	0	0	0	0	2	0	2	0	0	0	4	2	2	0	2	0	2	4	1	1
163585	12 Nov 25	02:29:00	1	0	55	0	Ct	0	0	2	0	0	0	4	0	0	0	0	0	0	6	0	0	0	0	1	0	2	0	2	3	4	1	1	0	0	0	1	3	2	2
163586	12 Nov 25	02:30:00	1	0	55	0	Ct	0	0	3	0	1	0	1	5	0	0	2	0	2	1	0	0	0	0	0	0	18	0	0	1	0	1	0	0	1	0	0	4	2	1
163587	12 Nov 25	02:31:00	1	0	55	0	Ct	0	0	5	0	3	0	3	3	0	0	1	2	1	3	0	0	0	0	2	0	16	0	0	2	1	2	2	0	1	0	0	4	4	2
163588	12 Nov 25	02:32:00	1	0	55	0	Ct	0	0	3	0	0	1	21	5	0	0	1	1	2	3	0	0	0	0	0	0	1	0	1	2	2	1	1	0	4	0	0	2	3	2
163589	12 Nov 25	02:33:00	1	0	55	0	Ct	0	0	1	0	0	1	26	1	0	0	1	2	1	0	0	0	0	1	0	1	0	0	3	4	2	3	1	0	1	0	0	4	5	2
163590	12 Nov 25	02:34:00	1	0	55	0	Ct	0	0	2	0	3	0	8	4	0	0	0	2	1	1	0	0	0	1	2	0	2	0	0	2	2	1	2	0	2	0	0	1	1	2
163591	12 Nov 25	02:35:00	1	0	55	0	Ct	0	0	2	0	2	1	13	3	0	0	0	0	2	2	0	1	0	1	1	0	0	0	1	1	3	0	0	0	0	0	0	3	2	2
163592	12 Nov 25	02:36:00	1	0	55	0	Ct	0	0	3	0	0	2	5	3	0	0	1	0	1	4	0	3	0	1	1	0	2	0	1	3	3	2	0	0	1	0	1	3	3	1
163593	12 Nov 25	02:37:00	1	0	55	0	Ct	0	0	3	0	1	3	10	5	0	0	0	1	0	2	0	5	0	2	1	0	0	0	1	2	2	6	0	0	1	0	1	4	3	2
163594	12 Nov 25	02:38:00	1	0	55	0	Ct	0	0	1	0	5	2	0	2	0	0	1	2	2	1	0	0	0	0	1	0	2	0	0	0	3	2	0	0	3	0	2	3	4	3
163595	12 Nov 25	02:39:00	1	0	55	0	Ct	0	0	2	0	0	2	0	2	0	0	0	0	1	3	0	2	0	0	1	0	0	0	3	1	2	9	1	0	0	0	1	3	4	1
163596	12 Nov 25	02:40:00	1	0	55	0	Ct	0	0	3	0	0	0	0	0	0	0	0	1	0	3	2	0	0	2	3	0	1	0	1	2	1	2	2	0	0	0	1	3	3	2
163597	12 Nov 25	02:41:00	1	0	55	0	Ct	0	0	2	0	2	0	7	2	0	0	0	1	1	2	1	0	0	0	4	0	2	0	0	1	2	2	1	0	0	0	5	4	4	1
163598	12 Nov 25	02:42:00	1	0	55	0	Ct	0	0	2	0	2	0	5	3	0	0	0	1	2	2	0	0	0	1	1	0	1	0	2	2	0	2	3	0	0	0	0	5	1	2
163599	12 Nov 25	02:43:00	1	0	55	0	Ct	0	0	2	0	2	3	12	3	0	0	0	1	0	3	3	0	0	3	0	0	0	0	1	2	0	2	5	0	0	0	0	3	1	1
163600	12 Nov 25	02:44:00	1	0	55	0	Ct	0	0	5	0	1	1	8	3	0	0	1	0	0	1	2	0	0	0	0	2	0	0	1	2	1	1	25	0	0	0	0	2	2	2
163601	12 Nov 25	02:45:00	1	0	55	0	Ct	0	0	3	0	1	0	5	3	0	0	1	0	2	2	2	0	0	2	0	0	0	0	0	2	3	0	0	0	0	0	0	3	0	2
163602	12 Nov 25	02:46:00	1	0	55	0	Ct	0	0	4	0	3	0	11	0	0	0	0	0	1	2	0	0	0	3	1	0	0	0	1	1	4	2	0	0	0	0	0	1	2	4
163603	12 Nov 25	02:47:00	1	0	55	0	Ct	0	0	2	0	1	0	10	2	0	0	0	0	3	2	0	0	0	2	1	0	1	0	2	3	5	2	0	0	1	0	1	4	2	2
163604	12 Nov 25	02:48:00	1	0	55	0	Ct	0	0	2	0	3	0	12	2	0	0	0	0	1	2	0	0	0	0	0	2	1	0	0	5	4	2	0	0	1	0	0	2	2	1
163605	12 Nov 25	02:49:00	1	0	55	0	Ct	0	0	1	0	3	0	5	2	0	0	0	0	1	5	0	0	0	2	0	3	1	0	2	2	2	3	0	0	2	0	0	1	2	2
163606	12 Nov 25	02:50:00	1	0	55	0	Ct	0	0	1	1	0	1	6	0	0	0	0	1	2	5	0	0	0	2	2	1	0	0	0	0	2	0	2	0	3	0	0	2	2	2
163607	12 Nov 25	02:51:00	1	0	55	0	Ct	0	0	1	1	2	1	3	2	0	0	0	0	2	5	0	0	0	0	1	3	0	0	1	0	3	2	0	0	4	0	1	5	2	1
163608	12 Nov 25	02:52:00	1	0	55	0	Ct	0	0	3	0	3	0	2	2	0	0	0	0	1	5	0	0	0	0	1	2	0	0	1	2	3	2	1	0	0	0	0	1	1	1
163609	12 Nov 25	02:53:00	1	0	55	0	Ct	0	0	1	0	2	0	2	3	0	0	0	1	1	1	0	0	0	2	2	4	1	0	0	1	3	3	1	0	1	0	0	2	3	2
163610	12 Nov 25	02:54:00	1	0	55	0	Ct	0	0	3	0	4	0	3	4	2	0	0	4	2	4	0	0	0	0	2	6	0	0	1	2	2	2	0	2	2	0	0	2	0	1
163611	12 Nov 25	02:55:00	1	0	55	0	Ct	0	0	2	0	3	0	16	4	0	0	0	0	2	3	2	0	0	0	0	3	0	0	1	1	2	1	0	0	0	0	1	0	2	1
163612	12 Nov 25	02:56:00	1	0	55	0	Ct	0	0	1	0	1	0	29	0	0	0	0	0	0	1	0	0	0	2	1	2	2	0	0	2	3	2	1	0	1	0	0	1	2	2
163613	12 Nov 25	02:57:00	1	0	55	0	Ct	0	0	3	0	1	0	15	3	2	0	1	2	1	6	2	0	0	0	1	2	1	0	3	0	3	2	1	0	1	0	0	3	3	1
163614	12 Nov 25	02:58:00	1	0	55	0	Ct	0	0	3	0	1	1	12	4	0	0	1	3	2	1	1	0	0	1	3	5	0	0	0	0	3	5	0	0	1	0	3	3	2	2
163615	12 Nov 25	02:59:00	1	0	55	0	Ct	0	0	3	0	2	2	11	1	2	0	0	2	1	1	0	1	0	1	2	7	1	0	0	3	0	1	1	0	2	2	26	3	1	2
163616	12 Nov 25	03:00:00	1	0	55	0	Ct	0	0	2	1	0	1	2	1	0	0	0	3	2	1	0	4	0	0	1	3	0	0	1	1	3	0	0	2	3	0	6	2	1	2
163617	12 Nov 25	03:01:00	1	0	55	0	Ct	0	0	2	1	2	0	0	1	0	0	0	1	1	3	0	2	0	0	2	5	0	0	1	1	3	0	2	0	0	0	1	4	4	1
163618	12 Nov 25	03:02:00	1	0	55	0	Ct	0	0	1	2	2	2	0	0	0	0	0	0	2	1	0	0	0	0	2	3	1	0	0	2	3	1	1	0	0	0	3	4	3	0
163619	12 Nov 25	03:03:00	1	0	55	0	Ct	0	0	3	0	1	0	6	1	0	0	0	2	3	2	0	0	0	3	2	3	2	0	0	1	2	1	2	0	0	0	0	4	4	1
163620	12 Nov 25	03:04:00	1	0	55	0	Ct	0	0	1	2	2	0	13	3	0	0	0	3	1	1	0	2	0	1	0	3	2	0	2	2	4	2	1	0	0	1	5	1	2	2
163621	12 Nov 25	03:05:00	1	0	55	0	Ct	0	0	4	4	3	0	3	2	0	0	2	1	0	4	0	0	0	1	2	3	1	0	0	0	2	2	2	0	0	4	0	2	2	1
163622	12 Nov 25	03:06:00	1	0	55	0	Ct	0	0	1	1	2	0	5	0	1	0	1	2	0	0	0	7	0	0	2	3	0	0	0	2	0	0	0	0	2	2	4	2	2	1
163623	12 Nov 25	03:07:00	1	0	55	0	Ct	0	0	0	1	2	2	3	2	1	0	4	1	1	0	1	2	0	0	0	3	0	0	1	0	3	0	0	0	2	0	1	5	4	0
163624	12 Nov 25	03:08:00	1	0	55	0	Ct	0	0	2	3	2	1	2	0	0	0	2	2	1	2	4	2	0	0	0	4	0	0	3	2	2	0	0	0	0	0	1	3	1	1
163625	12 Nov 25	03:09:00	1	0	55	0	Ct	0	0	3	2	1	0	3	0	0	0	1	0	0	3	4	0	0	0	1	3	0	0	0	1	2	0	0	0	1	0	2	4	1	1
163626	12 Nov 25	03:10:00	1	0	55	0	Ct	0	0	2	1	1	0	7	0	2	0	0	2	1	3	1	2	0	0	1	1	2	0	0	2	1	1	0	0	2	0	2	2	3	1
163627	12 Nov 25	03:11:00	1	0	55	0	Ct	0	0	2	0	3	0	3	0	3	0	0	2	1	5	1	0	0	4	0	1	0	0	0	0	1	2	1	0	2	0	0	0	2	0
163628	12 Nov 25	03:12:00	1	0	55	0	Ct	0	0	0	1	2	0	3	1	0	0	0	0	2	2	7	0	0	3	0	2	1	0	4	2	4	1	0	0	7	0	1	2	3	1
163629	12 Nov 25	03:13:00	1	0	55	0	Ct	0	0	3	2	0	0	9	2	0	0	0	3	2	2	1	0	0	0	1	3	1	0	2	0	3	5	1	0	3	0	1	3	2	2
163630	12 Nov 25	03:14:00	1	0	55	0	Ct	0	0	1	0	2	1	0	3	0	0	0	0	1	4	3	0	0	2	1	1	1	0	3	0	3	0	1	0	1	0	1	6	1	1
163631	12 Nov 25	03:15:00	1	0	55	0	Ct	0	0	0	0	0	2	10	5	0	0	0	0	0	3	1	0	0	1	0	1	1	0	1	1	4	3	0	0	2	0	2	5	3	1
163632	12 Nov 25	03:16:00	1	0	55	0	Ct	0	0	1	1	2	0	2	2	0	0	0	1	3	2	1	0	0	0	1	6	0	0	3	1	2	0	1	2	2	0	0	2	0	0
163633	12 Nov 25	03:17:00	1	0	55	0	Ct	0	0	1	2	3	0	3	3	0	0	0	0	3	1	1	0	0	0	1	2	2	0	2	0	2	3	1	0	0	0	2	7	0	1
163634	12 Nov 25	03:18:00	1	0	55	0	Ct	0	0	0	2	1	0	8	0	2	0	1	2	1	0	1	0	0	2	3	1	0	0	2	0	2	10	1	2	1	0	1	4	3	1
163635	12 Nov 25	03:19:00	1	0	55	0	Ct	0	0	2	0	1	0	29	1	0	0	1	0	1	2	0	0	0	2	0	1	2	0	2	0	2	3	1	3	1	0	3	6	3	1
163636	12 Nov 25	03:20:00	1	0	55	0	Ct	0	0	2	2	1	1	0	2	2	0	0	0	1	1	1	0	0	0	2	3	0	0	1	0	0	2	1	1	0	0	1	4	2	2
163637	12 Nov 25	03:21:00	1	0	55	0	Ct	0	0	1	0	2	1	10	1	0	0	0	0	1	3	0	0	0	0	0	1	0	0	5	3	1	1	2	2	0	0	1	5	2	0
163638	12 Nov 25	03:22:00	1	0	55	0	Ct	0	0	1	1	3	0	1	2	2	0	0	0	1	1	1	0	0	0	2	1	0	0	1	1	3	1	1	3	2	0	0	5	3	1
163639	12 Nov 25	03:23:00	1	0	55	0	Ct	0	0	1	2	2	0	9	1	3	0	0	0	0	3	1	0	0	0	1	2	0	0	3	0	2	5	2	2	2	3	0	3	3	1
163640	12 Nov 25	03:24:00	1	0	55	0	Ct	0	0	2	0	2	0	0	1	3	0	1	0	3	4	1	0	0	1	2	3	0	0	2	0	2	2	0	2	0	3	0	5	1	1
163641	12 Nov 25	03:25:00	1	0	55	0	Ct	0	0	0	1	1	0	9	3	2	0	1	1	2	2	1	0	0	1	1	2	0	0	1	0	1	2	1	2	0	3	1	2	2	1
163642	12 Nov 25	03:26:00	1	0	55	0	Ct	0	0	2	2	0	0	5	2	2	0	0	1	0	1	1	0	0	0	1	2	0	0	3	0	3	1	1	2	0	0	4	3	1	1
163643	12 Nov 25	03:27:00	1	0	55	0	Ct	0	0	0	2	0	0	0	0	0	0	0	2	1	3	3	2	0	1	0	2	0	0	1	0	0	3	1	3	2	0	4	4	3	2
163644	12 Nov 25	03:28:00	1	0	55	0	Ct	0	0	0	1	2	0	4	0	2	0	0	1	0	3	1	0	0	1	3	3	0	0	4	0	3	2	0	2	1	0	1	6	4	1
163645	12 Nov 25	03:29:00	1	0	55	0	Ct	0	0	1	1	3	1	8	1	3	0	0	1	0	3	1	2	0	0	1	1	1	0	0	0	1	4	1	4	1	2	2	6	0	2
163646	12 Nov 25	03:30:00	1	0	55	0	Ct	0	0	1	1	4	1	15	3	2	0	0	0	0	2	0	0	0	0	1	2	1	0	2	3	3	1	1	1	1	2	3	3	2	0
163647	12 Nov 25	03:31:00	1	0	55	0	Ct	0	0	2	0	2	4	3	0	0	0	0	0	0	1	0	0	0	0	0	2	0	0	2	4	3	1	1	3	2	4	1	2	1	1
163648	12 Nov 25	03:32:00	1	0	55	0	Ct	0	0	2	1	3	0	8	2	0	0	0	0	0	2	0	2	0	0	0	2	0	0	0	6	0	0	2	2	2	0	0	4	5	1
163649	12 Nov 25	03:33:00	1	0	55	0	Ct	0	0	1	3	2	0	11	2	0	2	1	0	0	3	0	2	0	2	1	1	0	0	3	2	3	1	0	2	1	10	1	7	2	2
163650	12 Nov 25	03:34:00	1	0	55	0	Ct	0	0	3	1	2	2	0	3	0	0	1	0	0	1	0	2	0	0	1	1	0	0	1	0	3	1	2	3	0	3	1	4	2	0
163651	12 Nov 25	03:35:00	1	0	55	0	Ct	0	0	1	0	2	0	0	3	0	0	0	0	0	3	1	2	0	2	0	1	0	0	2	3	2	1	2	2	0	5	0	2	2	0
163652	12 Nov 25	03:36:00	1	0	55	0	Ct	0	0	1	5	3	0	0	1	0	0	0	0	0	1	1	2	0	0	0	2	1	0	0	2	1	1	0	2	0	1	1	2	2	0
163653	12 Nov 25	03:37:00	1	0	55	0	Ct	0	0	2	1	1	0	8	1	0	0	0	0	2	1	0	0	0	0	0	2	1	0	0	1	2	0	0	3	0	2	1	5	0	1
163654	12 Nov 25	03:38:00	1	0	55	0	Ct	0	0	0	0	3	0	7	3	0	0	0	0	2	3	0	0	0	1	0	2	0	0	0	2	3	1	2	4	0	2	0	2	3	1
163655	12 Nov 25	03:39:00	1	0	55	0	Ct	0	0	1	1	1	0	5	1	0	0	0	0	2	0	2	0	0	1	0	1	0	0	1	0	2	1	0	3	1	1	1	4	3	1
163656	12 Nov 25	03:40:00	1	0	55	0	Ct	0	0	1	1	5	1	10	0	0	0	0	0	0	2	3	0	0	2	1	2	0	0	2	0	0	2	0	4	3	0	1	4	3	1
163657	12 Nov 25	03:41:00	1	0	55	0	Ct	0	0	2	1	1	0	4	1	2	2	0	0	2	3	1	0	0	2	1	1	0	0	2	2	0	0	0	1	0	2	2	3	1	1
163658	12 Nov 25	03:42:00	1	0	55	0	Ct	0	0	0	1	4	1	4	2	2	0	1	0	1	1	2	5	0	0	2	2	0	0	0	2	2	3	0	0	2	3	1	2	1	1
163659	12 Nov 25	03:43:00	1	0	55	0	Ct	0	0	2	0	1	0	20	1	0	0	0	0	0	0	1	2	0	0	0	2	0	0	0	1	3	0	0	2	0	2	3	4	2	1
163660	12 Nov 25	03:44:00	1	0	55	0	Ct	0	0	0	1	5	1	0	1	2	0	1	0	1	0	3	1	0	0	2	2	0	0	0	0	2	0	0	3	1	2	2	3	1	1
163661	12 Nov 25	03:45:00	1	0	55	0	Ct	0	0	2	1	4	0	8	2	3	0	2	0	0	0	0	4	0	0	1	3	0	0	2	2	4	0	0	2	1	1	1	2	2	0
163662	12 Nov 25	03:46:00	1	0	55	0	Ct	0	0	0	1	2	4	3	1	1	0	0	0	0	0	2	2	0	0	0	3	0	0	0	0	2	3	2	1	1	2	1	6	2	2
163663	12 Nov 25	03:47:00	1	0	55	0	Ct	0	0	0	1	3	2	5	2	0	2	2	3	0	0	0	1	0	0	2	2	0	0	0	0	0	0	0	2	0	0	1	3	1	0
163664	12 Nov 25	03:48:00	1	0	55	0	Ct	0	0	3	0	2	0	10	0	2	0	3	2	1	0	0	0	0	0	0	2	0	0	1	1	3	2	1	2	1	2	2	5	0	1
163665	12 Nov 25	03:49:00	1	0	55	0	Ct	0	0	1	2	2	0	4	2	1	0	1	0	1	3	0	0	0	0	1	2	0	0	1	1	2	0	1	0	3	3	0	2	0	1
163666	12 Nov 25	03:50:00	1	0	55	0	Ct	0	0	1	0	3	0	7	0	4	0	1	2	0	2	2	2	0	1	1	3	0	0	0	1	1	1	0	2	0	9	0	1	1	0
163667	12 Nov 25	03:51:00	1	0	55	0	Ct	0	0	2	4	3	2	0	2	0	2	3	2	0	1	2	0	0	2	0	4	0	0	1	1	2	1	2	1	0	1	1	4	1	1
163668	12 Nov 25	03:52:00	1	0	55	0	Ct	0	0	1	2	3	0	6	3	0	3	0	0	0	2	2	0	0	1	0	2	0	0	1	0	1	2	0	3	3	1	1	3	2	0
163669	12 Nov 25	03:53:00	1	0	55	0	Ct	0	0	2	1	2	0	4	3	1	5	0	0	3	3	1	0	0	2	0	3	0	0	0	0	3	0	0	2	2	2	4	3	1	2
163670	12 Nov 25	03:54:00	1	0	55	0	Ct	0	0	3	2	0	3	8	1	1	6	0	1	1	2	2	4	0	4	2	2	0	0	0	2	3	1	0	2	0	1	1	3	2	0
163671	12 Nov 25	03:55:00	1	0	55	0	Ct	0	0	2	0	1	1	0	1	0	1	1	1	2	3	0	2	0	2	1	2	1	0	1	0	0	1	2	2	2	2	1	3	1	2
163672	12 Nov 25	03:56:00	1	0	55	0	Ct	0	0	4	3	3	0	29	2	0	0	1	1	3	2	2	2	0	0	1	2	2	0	1	5	0	0	2	1	1	2	1	8	0	1
163673	12 Nov 25	03:57:00	1	0	55	0	Ct	0	0	2	0	2	0	8	0	0	0	0	0	1	2	1	3	0	0	0	4	0	0	0	1	2	0	0	2	2	3	1	4	0	1
163674	12 Nov 25	03:58:00	1	0	55	0	Ct	0	0	0	1	2	0	0	2	0	0	1	1	2	2	1	5	0	0	0	2	0	0	1	0	3	0	1	4	2	5	1	1	4	1
163675	12 Nov 25	03:59:00	1	0	55	0	Ct	0	0	4	1	1	0	0	2	0	0	1	2	2	0	0	1	0	2	0	3	0	0	1	0	1	0	1	2	0	3	1	3	4	0
163676	12 Nov 25	04:00:00	1	0	55	0	Ct	0	0	0	1	3	0	0	0	0	0	2	1	1	2	1	8	0	1	0	1	0	0	0	0	2	0	0	2	0	2	2	5	0	1
163677	12 Nov 25	04:01:00	1	0	55	0	Ct	0	0	0	3	1	0	3	2	2	0	1	0	0	0	1	0	0	0	0	3	0	0	0	0	2	0	1	3	0	2	0	0	3	1
163678	12 Nov 25	04:02:00	1	0	55	0	Ct	0	0	0	0	2	0	0	0	1	0	1	0	1	3	0	0	0	2	0	2	0	0	1	2	1	0	2	3	1	2	3	2	0	0
163679	12 Nov 25	04:03:00	1	0	55	0	Ct	0	0	1	1	1	0	1	3	1	2	2	0	0	2	0	0	0	1	1	3	0	0	1	2	1	0	2	1	3	2	2	5	0	0
163680	12 Nov 25	04:04:00	1	0	55	0	Ct	0	0	1	0	1	0	14	3	2	0	2	2	2	3	0	2	0	0	2	3	0	0	0	2	3	1	1	1	3	2	0	31	1	0
163681	12 Nov 25	04:05:00	1	0	55	0	Ct	0	0	2	3	3	0	0	1	2	0	0	0	4	3	0	0	0	0	1	3	0	0	0	3	3	1	1	3	2	1	0	5	1	2
163682	12 Nov 25	04:06:00	1	0	55	0	Ct	0	0	5	3	7	0	31	0	0	0	0	1	0	1	0	0	0	0	0	2	0	0	0	2	1	2	0	0	2	1	0	4	0	0
163683	12 Nov 25	04:07:00	1	0	55	0	Ct	0	0	2	0	1	0	4	2	3	0	1	1	4	3	0	2	0	0	2	2	0	0	0	3	1	1	2	2	0	2	2	4	2	2
163684	12 Nov 25	04:08:00	1	0	55	0	Ct	0	0	1	1	0	0	0	0	1	0	1	1	0	3	0	4	0	1	2	2	0	0	0	2	4	2	1	1	0	0	0	4	2	2
163685	12 Nov 25	04:09:00	1	0	55	0	Ct	0	0	0	2	2	0	2	3	1	0	1	0	2	2	0	1	0	1	0	1	0	0	2	3	1	1	2	3	2	2	1	3	2	0
163686	12 Nov 25	04:10:00	1	0	55	0	Ct	0	0	1	0	2	0	13	0	2	0	2	1	2	1	0	5	0	0	2	1	0	0	1	1	1	2	2	2	0	1	1	1	0	2
163687	12 Nov 25	04:11:00	1	0	55	0	Ct	0	0	1	0	2	0	7	3	0	0	0	4	0	2	0	4	0	0	0	2	2	0	1	2	0	1	0	1	2	1	2	11	2	2
163688	12 Nov 25	04:12:00	1	0	55	0	Ct	0	0	0	0	2	3	9	2	2	0	2	0	3	1	0	0	0	0	2	1	0	0	0	0	3	1	0	2	0	3	4	0	0	0
163689	12 Nov 25	04:13:00	1	0	55	0	Ct	0	0	0	1	1	4	3	2	2	0	2	3	0	1	0	0	0	0	0	1	0	0	2	2	1	0	0	1	0	1	0	4	1	2
163690	12 Nov 25	04:14:00	1	0	55	0	Ct	0	0	0	2	3	0	13	2	0	0	1	0	1	2	0	0	0	0	0	1	0	0	0	0	3	2	1	1	0	1	0	2	5	1
163691	12 Nov 25	04:15:00	1	0	55	0	Ct	0	0	0	0	1	2	2	3	1	3	2	1	1	3	0	0	0	0	0	2	1	0	1	1	3	0	1	1	2	2	2	2	2	1
163692	12 Nov 25	04:16:00	1	0	55	0	Ct	0	0	0	1	3	3	13	4	1	5	2	2	0	0	0	0	0	0	2	2	1	0	1	2	1	0	0	3	0	1	5	4	3	0
163693	12 Nov 25	04:17:00	1	0	55	0	Ct	0	0	2	1	0	1	2	2	1	4	1	2	2	3	3	0	0	0	4	2	0	0	0	1	3	2	1	1	0	0	0	2	3	0
163694	12 Nov 25	04:18:00	1	0	55	0	Ct	0	0	3	1	0	0	8	4	1	8	3	1	1	2	0	0	0	2	0	3	0	0	0	0	2	2	1	2	0	4	0	2	1	1
163695	12 Nov 25	04:19:00	1	0	55	0	Ct	0	0	1	1	4	0	0	3	1	2	3	2	3	1	4	2	0	0	0	1	1	0	0	0	2	0	0	3	1	1	0	2	3	1
163696	12 Nov 25	04:20:00	1	0	55	0	Ct	0	0	1	0	3	1	5	1	1	2	1	0	0	2	1	1	0	0	0	4	1	0	1	0	3	2	1	1	0	1	0	1	1	2
163697	12 Nov 25	04:21:00	1	0	55	0	Ct	0	0	0	0	3	1	3	5	0	4	1	1	2	0	2	5	0	2	2	1	0	0	3	0	1	1	1	2	1	1	3	3	4	0
163698	12 Nov 25	04:22:00	1	0	55	0	Ct	0	0	1	0	3	0	0	2	0	2	1	0	3	3	0	0	0	0	0	1	0	0	1	0	1	1	0	0	0	3	0	3	2	2
163699	12 Nov 25	04:23:00	1	0	55	0	Ct	0	0	2	2	1	3	0	2	0	1	0	0	0	1	2	3	0	2	2	0	0	0	2	0	1	2	1	2	0	2	1	3	3	0
163700	12 Nov 25	04:24:00	1	0	55	0	Ct	0	0	0	0	3	0	0	0	2	2	1	0	2	0	2	1	0	2	0	1	0	0	0	0	2	4	0	1	3	2	2	2	10	1
163701	12 Nov 25	04:25:00	1	0	55	0	Ct	0	0	0	1	4	1	0	0	2	0	0	0	1	2	0	0	0	1	0	2	0	0	0	0	2	2	1	1	4	2	1	5	6	0
163702	12 Nov 25	04:26:00	1	0	55	0	Ct	0	0	0	1	1	0	8	1	2	3	3	0	0	2	2	0	0	0	0	2	0	0	3	0	2	5	0	2	3	1	2	3	0	1
163703	12 Nov 25	04:27:00	1	0	55	0	Ct	0	0	2	0	4	0	18	6	2	1	1	0	0	0	0	0	0	2	1	6	0	0	0	0	2	2	2	1	1	1	4	3	2	0
163704	12 Nov 25	04:28:00	1	0	55	0	Ct	0	0	0	1	2	0	4	2	1	2	1	0	1	2	0	0	0	1	1	2	2	0	1	0	0	2	1	2	1	1	2	3	0	1
163705	12 Nov 25	04:29:00	1	0	55	0	Ct	0	0	0	0	2	0	0	8	1	1	1	1	3	2	0	2	0	0	0	2	0	0	1	2	0	1	0	2	1	2	1	2	0	0
163706	12 Nov 25	04:30:00	1	0	55	0	Ct	0	0	2	1	2	3	8	2	2	4	0	0	1	3	0	3	0	0	0	1	0	0	0	2	1	1	2	2	1	1	1	4	0	1
163707	12 Nov 25	04:31:00	1	0	55	0	Ct	0	0	0	0	3	0	8	2	2	1	1	0	1	4	0	3	0	0	0	1	0	0	0	0	3	2	0	2	2	1	2	1	1	1
163708	12 Nov 25	04:32:00	1	0	55	0	Ct	0	0	0	0	2	0	28	2	0	2	1	0	3	0	0	0	0	2	0	2	1	0	0	0	2	2	1	6	0	2	4	3	3	1
163709	12 Nov 25	04:33:00	1	0	55	0	Ct	0	0	0	0	2	0	0	3	5	2	1	0	2	4	0	0	0	0	0	2	2	0	1	2	1	0	1	1	2	0	3	1	2	0
163710	12 Nov 25	04:34:00	1	0	55	0	Ct	0	0	1	1	3	1	6	1	1	3	3	0	0	1	2	5	0	7	0	0	1	0	1	2	2	0	0	1	1	4	4	1	2	2
163711	12 Nov 25	04:35:00	1	0	55	0	Ct	0	0	2	1	2	1	12	2	2	2	0	0	3	3	2	5	0	0	0	3	0	0	1	1	1	2	2	2	2	0	2	4	4	5
163712	12 Nov 25	04:36:00	1	0	55	0	Ct	0	0	1	0	1	0	0	0	2	1	1	1	0	2	2	3	0	0	0	1	3	0	1	3	0	0	0	1	0	3	1	2	1	1
163713	12 Nov 25	04:37:00	1	0	55	0	Ct	0	0	0	0	3	0	6	1	0	2	0	0	0	1	2	0	0	0	0	0	4	0	0	0	0	4	2	3	0	4	2	2	0	1
163714	12 Nov 25	04:38:00	1	0	55	0	Ct	0	0	0	0	0	0	6	3	4	1	0	1	0	3	0	4	0	4	0	2	0	0	0	1	1	7	2	2	1	0	0	2	0	0
163715	12 Nov 25	04:39:00	1	0	55	0	Ct	0	0	0	0	0	0	3	2	1	1	2	0	0	2	0	4	0	0	0	2	0	0	1	3	3	1	0	1	0	1	1	4	3	0
163716	12 Nov 25	04:40:00	1	0	55	0	Ct	0	0	0	1	3	1	0	2	1	2	0	3	0	2	0	2	0	6	3	2	0	0	1	0	3	2	0	1	6	0	0	1	2	1
163717	12 Nov 25	04:41:00	1	0	55	0	Ct	0	0	0	2	2	1	4	2	1	0	1	3	0	1	3	0	0	2	0	1	0	0	0	2	0	1	0	2	2	1	2	3	0	0
163718	12 Nov 25	04:42:00	1	0	55	0	Ct	0	0	0	0	3	0	7	3	0	2	0	0	0	1	1	2	0	0	0	1	0	0	3	1	0	2	2	1	1	3	2	3	0	1
163719	12 Nov 25	04:43:00	1	0	55	0	Ct	0	0	0	1	3	0	2	2	0	0	3	1	3	2	0	2	0	0	0	1	0	0	0	1	2	1	0	1	0	1	2	2	0	2
163720	12 Nov 25	04:44:00	1	0	55	0	Ct	0	0	0	1	4	0	0	2	3	1	4	1	2	2	0	4	0	4	0	1	0	0	1	1	2	2	3	1	1	3	1	2	0	0
163721	12 Nov 25	04:45:00	1	0	55	0	Ct	0	0	1	1	3	0	21	1	0	1	3	1	2	2	0	2	0	0	2	1	0	0	1	1	1	3	2	4	1	1	1	5	0	1
163722	12 Nov 25	04:46:00	1	0	55	0	Ct	0	0	1	1	1	0	6	1	0	2	4	1	1	5	2	7	0	2	1	1	0	0	0	2	3	2	1	2	0	1	1	5	0	2
163723	12 Nov 25	04:47:00	1	0	55	0	Ct	0	0	1	0	2	0	20	1	0	3	1	0	2	1	2	3	0	0	1	3	0	0	2	3	0	0	1	1	3	1	1	2	0	0
163724	12 Nov 25	04:48:00	1	0	55	0	Ct	0	0	1	1	1	0	11	0	0	2	1	2	0	1	0	2	0	2	0	1	0	0	0	3	0	1	1	2	2	1	2	3	0	0
163725	12 Nov 25	04:49:00	1	0	55	0	Ct	0	0	0	1	1	0	0	1	0	2	2	2	3	2	0	5	0	0	0	1	0	0	0	2	4	3	3	0	1	0	0	4	0	0
163726	12 Nov 25	04:50:00	1	0	55	0	Ct	0	0	5	0	4	2	29	2	0	2	1	0	0	1	0	4	0	0	2	4	1	0	0	1	3	2	2	2	3	0	0	0	3	1
163727	12 Nov 25	04:51:00	1	0	55	0	Ct	0	0	4	0	2	1	12	2	0	3	2	1	0	2	0	0	0	0	0	0	1	0	2	3	2	4	3	2	1	2	2	3	1	1
163728	12 Nov 25	04:52:00	1	0	55	0	Ct	0	0	0	0	3	0	11	0	0	2	1	1	0	1	0	0	0	1	1	2	0	0	0	1	2	3	2	1	2	0	2	4	3	0
163729	12 Nov 25	04:53:00	1	0	55	0	Ct	0	0	0	1	3	4	6	0	0	0	2	1	1	3	0	0	0	1	2	2	0	0	0	0	1	1	1	2	0	0	2	3	2	0
163730	12 Nov 25	04:54:00	1	0	55	0	Ct	0	0	0	1	4	0	8	0	2	0	2	0	2	1	0	2	0	2	3	1	2	0	0	0	0	2	2	1	3	1	2	0	1	2
163731	12 Nov 25	04:55:00	1	0	55	0	Ct	0	0	0	0	5	0	0	0	0	2	0	1	1	2	0	0	0	0	0	2	0	0	0	1	1	2	1	0	2	1	2	3	2	0
163732	12 Nov 25	04:56:00	1	0	55	0	Ct	0	0	2	2	1	0	10	2	1	2	0	0	0	2	2	2	0	3	2	0	1	0	0	1	4	2	2	0	0	1	2	3	1	1
163733	12 Nov 25	04:57:00	1	0	55	0	Ct	0	0	1	1	3	0	0	4	1	1	1	0	0	2	3	5	0	1	0	1	0	0	0	2	1	1	0	0	0	1	0	3	1	2
163734	12 Nov 25	04:58:00	1	0	55	0	Ct	0	0	0	0	3	0	6	1	0	2	0	0	0	1	1	4	0	0	1	0	0	0	1	0	2	1	2	2	1	2	1	3	3	0
163735	12 Nov 25	04:59:00	1	0	55	0	Ct	0	0	2	1	3	0	0	0	0	2	0	0	0	2	0	2	0	1	1	0	0	0	1	2	3	5	1	0	2	1	3	3	2	0
163736	12 Nov 25	05:00:00	1	0	55	0	Ct	0	0	1	1	3	0	0	1	2	4	0	0	0	1	0	1	0	2	1	1	0	0	1	0	2	1	1	0	1	2	1	4	0	1
163737	12 Nov 25	05:01:00	1	0	55	0	Ct	0	0	0	0	1	0	0	2	0	3	0	0	0	2	0	2	0	1	3	2	2	0	1	2	1	1	0	3	2	1	2	1	2	1
163738	12 Nov 25	05:02:00	1	0	55	0	Ct	0	0	0	0	0	0	0	3	1	0	1	0	0	0	0	31	0	0	1	2	0	0	0	0	0	0	4	1	2	2	4	3	2	0
163739	12 Nov 25	05:03:00	1	0	55	0	Ct	0	0	2	1	2	0	0	0	2	4	2	0	0	0	2	12	0	1	0	1	0	0	0	1	2	2	1	0	0	0	1	3	0	0
163740	12 Nov 25	05:04:00	1	0	55	0	Ct	0	0	2	2	2	0	0	2	0	2	3	0	0	2	0	0	0	1	0	0	0	0	0	1	2	1	0	0	1	0	1	1	0	0
163741	12 Nov 25	05:05:00	1	0	55	0	Ct	0	0	1	0	1	0	0	3	0	1	0	0	0	0	0	2	0	0	0	0	0	0	0	1	2	1	1	3	1	1	0	1	3	0
163742	12 Nov 25	05:06:00	1	0	55	0	Ct	0	0	1	1	2	0	0	0	1	1	2	0	0	1	0	0	0	0	2	0	0	0	1	1	2	2	2	0	0	1	2	3	2	0
163743	12 Nov 25	05:07:00	1	0	55	0	Ct	0	0	2	2	1	0	2	2	1	1	1	0	0	1	1	2	0	0	0	0	0	0	0	3	2	2	1	2	1	0	3	2	2	0
163744	12 Nov 25	05:08:00	1	0	55	0	Ct	0	0	1	0	1	0	7	0	2	1	1	0	0	0	2	0	0	0	0	0	0	0	1	1	2	0	0	0	1	0	3	4	2	1
163745	12 Nov 25	05:09:00	1	0	55	0	Ct	0	0	0	1	3	0	0	0	0	2	0	0	0	2	2	0	0	0	0	0	0	0	1	1	0	3	1	1	1	1	0	2	2	1
163746	12 Nov 25	05:10:00	1	0	55	0	Ct	0	0	0	1	1	0	13	3	0	2	2	0	0	2	3	2	0	0	1	2	0	0	0	1	1	0	2	0	1	3	0	3	1	12
163747	12 Nov 25	05:11:00	1	0	55	0	Ct	0	0	0	0	2	2	7	4	2	0	3	0	0	7	0	0	0	1	1	1	0	0	1	2	2	1	3	0	1	0	1	1	1	1
163748	12 Nov 25	05:12:00	1	0	55	0	Ct	0	0	2	1	2	1	10	2	4	1	1	1	0	2	0	0	0	4	0	0	0	0	6	0	1	1	2	0	3	1	1	3	2	1
163749	12 Nov 25	05:13:00	1	0	55	0	Ct	0	0	2	1	3	1	3	1	0	1	0	1	0	2	3	0	0	1	2	1	0	0	1	2	2	1	3	2	0	1	2	3	3	2
163750	12 Nov 25	05:14:00	1	0	55	0	Ct	0	0	3	0	2	0	0	1	4	1	0	6	0	2	1	3	0	0	0	1	0	0	0	1	0	0	3	2	1	0	2	2	3	2
163751	12 Nov 25	05:15:00	1	0	55	0	Ct	0	0	0	1	2	1	5	1	1	3	2	0	0	1	1	0	0	2	0	3	0	0	0	1	2	8	2	0	3	0	2	4	3	1
163752	12 Nov 25	05:16:00	1	0	55	0	Ct	0	0	0	3	2	1	5	2	0	2	0	0	0	3	1	3	0	0	0	1	0	0	1	0	0	1	1	1	0	1	2	4	5	1
163753	12 Nov 25	05:17:00	1	0	55	0	Ct	0	0	2	1	2	0	5	1	0	1	1	0	0	3	1	0	0	2	0	2	1	0	5	2	2	1	3	1	0	0	1	1	2	2
163754	12 Nov 25	05:18:00	1	0	55	0	Ct	0	0	1	0	3	0	9	1	2	1	1	0	0	3	3	3	0	0	1	2	2	0	0	1	0	0	0	0	0	2	3	3	5	1
163755	12 Nov 25	05:19:00	1	0	55	0	Ct	0	0	3	0	4	0	8	1	0	1	0	0	0	1	0	1	0	0	1	1	0	0	2	1	0	0	1	2	2	1	4	2	1	0
163756	12 Nov 25	05:20:00	1	0	55	0	Ct	0	0	0	0	3	0	0	2	0	2	0	0	1	2	2	1	0	2	0	1	1	0	0	1	0	2	1	2	2	1	1	1	2	0
163757	12 Nov 25	05:21:00	1	0	55	0	Ct	0	0	3	2	2	1	6	4	0	2	0	0	1	1	2	4	0	0	0	2	2	0	0	1	0	3	2	1	1	2	4	2	3	1
163758	12 Nov 25	05:22:00	1	0	55	0	Ct	0	0	2	0	1	1	6	0	2	1	2	0	0	2	0	0	0	0	2	0	0	0	3	2	0	0	0	0	1	1	13	1	0	0
163759	12 Nov 25	05:23:00	1	0	55	0	Ct	0	0	0	1	1	0	0	2	1	0	0	0	0	1	0	4	0	1	0	1	0	0	1	0	1	1	1	0	0	2	3	0	1	1
163760	12 Nov 25	05:24:00	1	0	55	0	Ct	0	0	0	1	2	0	13	2	1	3	0	1	0	0	0	4	0	1	2	1	0	0	0	1	4	1	1	0	0	0	1	0	2	0
163761	12 Nov 25	05:25:00	1	0	55	0	Ct	0	0	2	0	2	0	11	2	2	0	2	3	0	3	1	3	0	0	2	2	0	0	2	0	1	1	5	1	4	2	3	4	2	2
163762	12 Nov 25	05:26:00	1	0	55	0	Ct	0	0	1	0	3	0	14	0	0	1	0	3	0	1	1	0	0	0	1	5	1	0	0	1	1	1	1	2	4	0	2	4	2	1
163763	12 Nov 25	05:27:00	1	0	55	0	Ct	0	0	1	1	1	0	9	2	0	1	2	1	0	0	0	2	0	0	1	2	2	0	0	0	2	0	1	1	4	0	3	1	1	0
163764	12 Nov 25	05:28:00	1	0	55	0	Ct	0	0	1	1	0	1	22	0	0	1	0	3	0	0	0	3	0	3	0	1	3	0	0	1	3	1	3	1	1	2	2	1	0	0
163765	12 Nov 25	05:29:00	1	0	55	0	Ct	0	0	1	0	2	1	6	2	1	1	1	2	0	0	0	1	0	1	2	1	7	0	1	1	0	2	2	0	1	0	2	3	0	1
163766	12 Nov 25	05:30:00	1	0	55	0	Ct	0	0	3	0	3	0	0	0	1	1	1	2	0	0	0	2	0	0	1	1	2	0	1	1	2	1	2	1	3	1	1	10	0	2
163767	12 Nov 25	05:31:00	1	0	55	0	Ct	0	0	1	2	3	0	26	2	2	2	1	2	0	0	0	5	0	0	1	0	2	0	1	3	2	1	0	0	1	1	1	7	2	1
163768	12 Nov 25	05:32:00	1	0	55	0	Ct	0	0	0	0	3	0	13	3	1	2	1	1	0	0	0	0	0	0	0	2	1	0	6	1	2	2	2	1	3	0	4	5	0	0
163769	12 Nov 25	05:33:00	1	0	55	0	Ct	0	0	1	1	3	0	0	0	1	2	0	3	0	0	0	1	0	1	0	2	1	0	0	0	1	2	0	1	2	1	2	2	0	0
163770	12 Nov 25	05:34:00	1	0	55	0	Ct	0	0	1	3	2	1	3	3	0	1	3	2	1	0	0	2	0	1	2	1	0	0	1	2	3	1	1	1	2	1	2	1	2	2
163771	12 Nov 25	05:35:00	1	0	55	0	Ct	0	0	2	0	3	2	0	0	1	2	1	0	1	0	0	2	0	2	0	2	3	0	0	2	3	1	1	1	1	0	2	4	1	1
163772	12 Nov 25	05:36:00	1	0	55	0	Ct	0	0	1	2	3	1	12	2	1	1	1	1	1	0	0	3	0	0	0	3	2	0	2	0	3	4	0	1	1	1	2	4	1	0
163773	12 Nov 25	05:37:00	1	0	55	0	Ct	0	0	0	1	4	1	1	0	0	0	2	2	1	0	0	0	0	0	0	2	3	0	0	2	0	1	2	1	1	3	2	4	2	1
163774	12 Nov 25	05:38:00	1	0	55	0	Ct	0	0	1	1	3	0	0	0	1	2	1	3	0	4	0	2	0	2	2	2	0	0	0	2	2	1	1	2	2	0	2	5	3	1
163775	12 Nov 25	05:39:00	1	0	55	0	Ct	0	0	1	1	2	0	0	3	7	3	0	3	1	1	0	0	0	2	0	1	2	0	0	0	1	0	1	3	0	0	2	2	3	1
163776	12 Nov 25	05:40:00	1	0	55	0	Ct	0	0	2	1	2	0	0	3	1	1	2	0	1	1	0	0	0	2	1	2	7	0	1	2	4	1	3	1	0	1	2	3	2	2
163777	12 Nov 25	05:41:00	1	0	55	0	Ct	0	0	2	0	2	1	11	2	1	0	2	2	0	0	0	0	0	2	1	2	2	0	1	2	1	3	1	1	0	1	2	3	0	0
163778	12 Nov 25	05:42:00	1	0	55	0	Ct	0	0	0	1	1	1	3	4	1	2	1	2	1	0	0	3	0	0	2	2	2	0	0	1	0	2	2	2	3	1	3	2	2	2
163779	12 Nov 25	05:43:00	1	0	55	0	Ct	0	0	3	1	3	0	0	2	1	0	2	0	1	0	0	9	0	0	0	1	3	0	0	3	1	3	0	3	0	1	1	5	2	1
163780	12 Nov 25	05:44:00	1	0	55	0	Ct	0	0	3	0	0	0	5	2	0	2	1	1	1	0	0	2	0	1	2	2	1	0	0	1	4	4	1	1	2	0	0	3	2	0
163781	12 Nov 25	05:45:00	1	0	55	0	Ct	0	0	0	0	4	0	2	2	0	1	1	0	3	0	0	0	0	1	1	2	7	0	0	1	3	2	3	1	0	0	7	3	2	2
163782	12 Nov 25	05:46:00	1	0	55	0	Ct	0	0	1	0	2	0	6	2	1	0	1	2	0	0	0	0	0	0	3	2	0	0	0	2	4	0	1	2	1	1	15	1	3	1
163783	12 Nov 25	05:47:00	1	0	55	0	Ct	0	0	1	1	1	0	4	0	1	1	0	1	1	0	0	3	0	2	0	0	1	0	0	0	2	2	1	2	1	1	2	2	3	1
163784	12 Nov 25	05:48:00	1	0	55	0	Ct	0	0	0	1	2	0	4	2	0	0	2	1	2	0	0	2	0	2	0	2	1	0	0	0	2	1	0	0	1	1	3	2	1	0
163785	12 Nov 25	05:49:00	1	0	55	0	Ct	0	0	2	0	3	0	4	3	1	2	1	0	1	0	0	0	0	2	2	2	0	0	1	0	2	1	0	1	1	1	5	4	4	3
163786	12 Nov 25	05:50:00	1	0	55	0	Ct	0	0	0	0	0	1	4	2	1	1	0	2	2	0	0	0	0	2	0	3	1	0	0	3	2	2	2	2	1	0	2	1	2	1
163787	12 Nov 25	05:51:00	1	0	55	0	Ct	0	0	1	0	3	1	5	2	2	1	1	0	2	0	1	0	0	0	0	0	0	0	3	2	2	2	2	1	3	1	2	3	3	1
163788	12 Nov 25	05:52:00	1	0	55	0	Ct	0	0	1	2	3	0	3	2	1	0	0	0	2	0	1	4	0	1	1	1	0	0	0	1	2	0	0	2	0	0	3	2	2	0
163789	12 Nov 25	05:53:00	1	0	55	0	Ct	0	0	0	0	2	0	0	1	1	1	1	1	0	0	0	0	0	1	1	1	0	0	1	1	2	2	0	1	0	4	1	2	3	1
163790	12 Nov 25	05:54:00	1	0	55	0	Ct	0	0	0	0	5	0	0	1	1	1	2	0	0	4	0	0	0	1	1	1	0	0	1	1	3	0	1	1	0	1	3	2	3	2
163791	12 Nov 25	05:55:00	1	0	55	0	Ct	0	0	2	0	2	1	4	2	0	1	0	0	0	2	2	2	0	1	1	1	0	0	0	0	1	1	1	1	0	0	1	1	2	1
163792	12 Nov 25	05:56:00	1	0	55	0	Ct	0	0	0	1	2	1	21	1	2	1	0	1	3	5	0	2	0	0	0	0	0	0	0	2	0	3	2	2	0	0	2	2	2	0
163793	12 Nov 25	05:57:00	1	0	55	0	Ct	0	0	0	1	3	0	9	2	0	2	1	1	1	2	2	2	0	0	1	0	0	0	1	0	2	2	0	0	0	0	1	3	0	1
163794	12 Nov 25	05:58:00	1	0	55	0	Ct	0	0	2	0	3	0	8	3	0	1	2	0	1	3	0	3	0	0	1	0	2	0	1	1	2	0	2	3	0	2	0	3	5	1
163795	12 Nov 25	05:59:00	1	0	55	0	Ct	0	0	2	1	3	0	9	1	0	0	2	0	2	2	0	0	0	2	0	0	0	0	3	2	2	3	1	1	2	0	3	1	3	0
163796	12 Nov 25	06:00:00	1	0	55	0	Ct	0	0	0	0	2	1	19	3	1	1	1	1	1	3	0	3	0	2	0	0	0	0	0	1	1	4	2	2	2	0	2	3	1	0
163797	12 Nov 25	06:01:00	1	0	55	0	Ct	0	0	0	3	1	1	11	2	1	0	3	5	0	2	0	2	0	1	2	1	0	0	3	1	2	4	1	1	1	1	2	4	2	0
163798	12 Nov 25	06:02:00	1	0	55	0	Ct	0	0	2	1	3	1	13	3	0	0	2	0	1	1	0	2	0	2	1	2	6	0	0	1	1	1	2	1	3	1	1	1	2	1
163799	12 Nov 25	06:03:00	1	0	55	0	Ct	0	0	2	1	4	1	15	2	0	2	1	2	2	3	1	0	0	1	1	1	2	0	1	0	2	1	0	1	1	0	1	2	3	1
163800	12 Nov 25	06:04:00	1	0	55	0	Ct	0	0	1	0	3	0	5	2	0	2	3	1	2	1	2	2	0	3	1	1	0	0	1	2	2	2	2	2	1	0	0	5	1	1
163801	12 Nov 25	06:05:00	1	0	55	0	Ct	0	0	1	1	4	0	18	2	1	3	0	1	2	0	1	0	0	2	1	4	0	0	1	0	2	3	0	3	0	2	4	7	4	4
163802	12 Nov 25	06:06:00	1	0	55	0	Ct	0	0	3	1	0	0	13	2	1	1	1	0	1	3	1	4	0	1	0	1	0	0	3	1	3	2	2	1	4	0	2	2	3	2
163803	12 Nov 25	06:07:00	1	0	55	0	Ct	0	0	3	1	1	1	0	4	0	2	3	2	2	5	0	0	0	2	2	1	0	0	1	1	3	22	1	0	2	2	0	6	1	1
163804	12 Nov 25	06:08:00	1	0	55	0	Ct	0	0	1	0	2	2	3	4	0	2	2	0	2	1	3	0	0	2	0	2	1	0	1	0	0	3	2	3	0	0	1	17	3	0
163805	12 Nov 25	06:09:00	1	0	55	0	Ct	0	0	2	0	3	1	15	3	2	0	2	1	0	1	0	0	0	3	1	0	1	0	0	1	3	1	1	0	1	0	2	3	3	0
163806	12 Nov 25	06:10:00	1	0	55	0	Ct	0	0	1	0	3	0	16	3	1	2	2	0	1	2	0	3	0	1	1	1	26	0	0	1	1	0	2	2	1	2	3	4	3	1
163807	12 Nov 25	06:11:00	1	0	55	0	Ct	0	0	1	2	5	0	13	2	0	0	0	0	2	3	0	3	0	2	0	2	2	0	0	0	0	2	2	1	0	1	1	2	1	1
163808	12 Nov 25	06:12:00	1	0	55	0	Ct	0	0	1	1	4	0	19	2	0	1	0	1	1	2	0	2	0	2	1	0	0	0	0	1	0	0	0	1	1	1	0	1	2	1
163809	12 Nov 25	06:13:00	1	0	55	0	Ct	0	0	2	8	3	0	5	2	3	1	0	2	0	3	0	2	0	0	1	1	2	0	2	1	0	1	2	1	1	1	3	1	2	1
163810	12 Nov 25	06:14:00	1	0	55	0	Ct	0	0	1	4	3	0	3	0	0	0	3	2	0	1	0	1	0	0	2	0	1	0	0	1	1	0	0	2	2	1	1	2	3	2
163811	12 Nov 25	06:15:00	1	0	55	0	Ct	0	0	0	1	1	2	15	3	0	2	1	1	0	3	1	4	0	1	0	0	3	0	0	2	1	1	0	3	0	1	1	3	1	1
163812	12 Nov 25	06:16:00	1	0	55	0	Ct	0	0	2	1	1	0	8	1	0	2	0	0	2	0	3	1	0	1	1	1	1	0	1	1	2	2	3	2	0	0	2	4	2	1
163813	12 Nov 25	06:17:00	1	0	55	0	Ct	0	0	1	0	4	0	5	0	2	0	0	1	1	1	0	4	0	2	1	3	2	0	2	1	2	4	2	1	2	1	5	2	0	1
163814	12 Nov 25	06:18:00	1	0	55	0	Ct	0	0	2	1	2	0	4	1	3	0	1	0	1	3	0	2	0	1	0	0	1	0	0	1	2	1	3	2	0	1	2	2	2	1
163815	12 Nov 25	06:19:00	1	0	55	0	Ct	0	0	2	1	3	2	10	2	0	1	1	1	3	2	0	0	0	0	0	0	0	0	1	0	3	1	1	1	0	0	2	2	0	0
163816	12 Nov 25	06:20:00	1	0	55	0	Ct	0	0	2	0	1	0	0	1	0	2	2	2	1	1	2	2	0	3	2	2	1	0	1	0	2	8	3	0	2	0	2	3	3	1
163817	12 Nov 25	06:21:00	1	0	55	0	Ct	0	0	1	0	2	0	0	3	0	1	2	1	2	1	0	5	0	0	0	3	2	0	1	2	2	6	0	0	2	0	2	0	4	1
163818	12 Nov 25	06:22:00	1	0	55	0	Ct	0	0	1	2	3	0	4	1	0	1	3	1	1	0	2	0	0	0	0	1	1	0	2	2	2	2	2	0	2	1	0	2	4	2
163819	12 Nov 25	06:23:00	1	0	55	0	Ct	0	0	3	0	4	0	4	1	0	1	2	1	0	4	4	0	0	2	2	3	2	0	0	1	1	2	0	2	2	1	2	2	3	2
163820	12 Nov 25	06:24:00	1	0	55	0	Ct	0	0	0	2	3	1	5	2	2	0	0	0	0	2	2	2	0	2	1	0	0	0	0	2	0	3	4	0	2	2	2	5	2	1
163821	12 Nov 25	06:25:00	1	0	55	0	Ct	0	0	1	0	0	1	0	2	1	0	2	1	1	0	2	2	0	1	1	0	0	0	1	0	0	1	0	3	0	1	2	3	2	1
163822	12 Nov 25	06:26:00	1	0	55	0	Ct	0	0	0	1	2	0	0	3	6	2	1	0	2	0	1	7	0	1	0	2	1	0	2	2	1	2	2	0	1	2	4	1	3	1
163823	12 Nov 25	06:27:00	1	0	55	0	Ct	0	0	0	0	2	0	0	4	7	2	1	1	1	0	5	1	0	1	0	0	1	0	0	1	1	4	1	1	3	1	1	4	2	1
163824	12 Nov 25	06:28:00	1	0	55	0	Ct	0	0	1	1	1	0	10	2	0	1	1	1	0	0	0	3	0	2	0	0	1	0	0	1	0	2	1	1	0	1	2	2	3	1
163825	12 Nov 25	06:29:00	1	0	55	0	Ct	0	0	2	0	0	0	13	1	2	0	1	2	2	0	0	2	0	1	3	0	3	0	3	2	2	0	0	2	1	1	2	2	2	0
163826	12 Nov 25	06:30:00	1	0	55	0	Ct	0	0	0	1	3	2	5	2	0	1	1	0	2	0	2	0	0	0	0	0	0	0	0	1	0	2	0	0	3	1	2	2	3	0
163827	12 Nov 25	06:31:00	1	0	55	0	Ct	0	0	1	0	2	1	10	2	2	1	0	0	1	0	1	0	0	1	2	2	1	0	1	1	0	0	2	1	1	0	0	2	2	0
163828	12 Nov 25	06:32:00	1	0	55	0	Ct	0	0	1	1	3	1	9	2	2	0	3	0	3	0	2	4	0	2	0	0	1	0	1	2	2	3	2	0	0	0	2	3	2	0
163829	12 Nov 25	06:33:00	1	0	55	0	Ct	0	0	0	0	2	0	3	3	0	0	2	1	0	0	0	3	0	3	0	0	0	0	1	0	3	1	0	2	0	0	1	3	1	2
163830	12 Nov 25	06:34:00	1	0	55	0	Ct	0	0	2	0	2	0	17	1	0	0	2	1	0	2	0	9	0	1	1	2	0	0	2	0	1	1	3	1	0	0	3	1	2	1
163831	12 Nov 25	06:35:00	1	0	55	0	Ct	0	0	0	0	4	0	8	3	0	2	0	0	0	3	0	5	0	2	1	3	0	0	0	0	3	1	0	1	0	2	2	3	2	1
163832	12 Nov 25	06:36:00	1	0	55	0	Ct	0	0	2	1	3	2	0	2	2	3	1	1	1	2	0	5	0	0	0	4	0	0	2	2	1	1	3	0	0	0	2	6	5	1
163833	12 Nov 25	06:37:00	1	0	55	0	Ct	0	0	1	0	3	0	21	3	0	4	2	0	0	2	1	1	0	3	1	2	0	0	0	0	3	0	2	1	0	3	2	2	6	1
163834	12 Nov 25	06:38:00	1	0	55	0	Ct	0	0	1	1	1	0	3	3	2	1	0	17	3	1	0	2	0	2	1	0	4	0	1	2	1	0	2	2	1	0	2	4	6	2
163835	12 Nov 25	06:39:00	1	0	55	0	Ct	0	0	0	0	2	0	9	2	0	0	1	20	2	1	0	1	0	1	3	1	1	0	1	0	3	0	1	2	2	2	2	3	6	0
163836	12 Nov 25	06:40:00	1	0	55	0	Ct	0	0	0	0	1	2	4	3	0	1	0	3	1	1	2	0	0	3	0	0	2	0	0	1	2	0	1	0	2	0	1	2	3	1
163837	12 Nov 25	06:41:00	1	0	55	0	Ct	0	0	3	4	2	0	7	2	0	1	0	2	1	2	2	4	0	0	2	0	0	0	3	1	2	2	2	1	1	2	2	2	3	1
163838	12 Nov 25	06:42:00	1	0	55	0	Ct	0	0	3	0	1	0	5	1	3	3	1	0	0	2	1	1	0	3	1	3	1	0	1	0	2	1	2	0	0	0	2	5	2	1
163839	12 Nov 25	06:43:00	1	0	55	0	Ct	0	0	1	0	2	0	9	2	0	0	2	2	0	2	1	3	0	1	1	0	0	0	2	2	2	2	2	0	1	1	0	4	2	1
163840	12 Nov 25	06:44:00	1	0	55	0	Ct	0	0	1	1	4	0	4	1	2	0	3	3	1	0	0	2	0	3	0	3	0	0	1	1	1	0	2	0	2	1	4	2	2	2
163841	12 Nov 25	06:45:00	1	0	55	0	Ct	0	0	2	1	2	0	13	1	2	1	1	4	5	2	1	0	0	0	1	3	0	0	3	1	3	2	1	1	0	1	1	2	10	1
163842	12 Nov 25	06:46:00	1	0	55	0	Ct	0	0	3	1	1	1	15	1	0	0	1	8	1	2	2	2	0	3	1	0	1	0	0	1	1	4	1	1	0	1	2	3	5	2
163843	12 Nov 25	06:47:00	1	0	55	0	Ct	0	0	0	0	3	1	3	2	0	0	2	3	0	3	2	4	0	1	1	3	0	0	1	1	1	1	0	0	0	0	3	1	2	1
163844	12 Nov 25	06:48:00	1	0	55	0	Ct	0	0	3	1	3	0	0	2	0	0	1	1	1	2	1	3	0	2	1	4	0	0	3	0	2	0	1	0	2	2	2	2	0	0
163845	12 Nov 25	06:49:00	1	0	55	0	Ct	0	0	1	3	2	0	0	0	2	0	1	1	2	0	0	3	0	0	0	3	8	0	2	1	1	2	1	2	1	1	1	3	2	0
163846	12 Nov 25	06:50:00	1	0	55	0	Ct	0	0	2	0	2	1	8	4	0	0	1	0	1	3	0	7	0	0	0	2	0	0	1	1	2	2	2	2	1	0	1	3	0	1
163847	12 Nov 25	06:51:00	1	0	55	0	Ct	0	0	2	0	4	0	2	2	2	3	2	2	0	1	0	1	0	3	0	3	0	0	1	1	3	0	0	1	1	1	2	1	1	0
163848	12 Nov 25	06:52:00	1	0	55	0	Ct	0	0	1	2	2	2	7	1	1	1	2	2	0	3	2	3	0	1	2	2	0	0	7	1	2	2	2	1	1	2	0	3	4	0
163849	12 Nov 25	06:53:00	1	0	55	0	Ct	0	0	1	1	3	1	10	1	5	2	2	2	0	1	2	2	0	0	1	2	1	0	1	0	1	2	2	1	1	0	0	4	3	0
163850	12 Nov 25	06:54:00	1	0	55	0	Ct	0	0	3	0	3	0	4	9	1	0	2	2	2	2	1	0	0	1	2	2	0	0	1	0	0	1	2	1	0	1	1	1	0	0
163851	12 Nov 25	06:55:00	1	0	55	0	Ct	0	0	2	0	6	0	2	0	1	2	0	0	2	2	1	0	0	1	2	0	1	0	1	2	4	0	1	2	0	1	3	4	2	2
163852	12 Nov 25	06:56:00	1	0	55	0	Ct	0	0	2	2	3	2	15	0	0	0	1	0	0	1	0	0	0	3	1	2	0	0	0	0	1	2	1	0	0	0	0	2	2	0
163853	12 Nov 25	06:57:00	1	0	55	0	Ct	0	0	2	9	1	0	0	3	0	2	1	1	3	3	2	2	0	1	0	2	0	0	1	1	0	2	2	2	3	1	2	2	3	0
163854	12 Nov 25	06:58:00	1	0	55	0	Ct	0	0	0	3	1	2	4	1	0	1	1	3	3	0	0	0	0	2	0	1	0	0	3	1	0	2	1	0	0	1	3	2	3	0
163855	12 Nov 25	06:59:00	1	0	55	0	Ct	0	0	1	0	2	0	0	4	0	1	1	0	2	1	0	2	0	1	0	0	0	0	0	3	0	3	1	1	2	0	3	3	1	0
163856	12 Nov 25	07:00:00	1	0	55	0	Ct	0	0	2	0	3	1	6	7	0	0	2	0	0	3	1	2	0	0	0	1	0	0	1	1	0	1	0	1	1	0	2	8	1	0
163857	12 Nov 25	07:01:00	1	0	55	0	Ct	0	0	0	2	4	1	27	2	0	1	0	0	0	1	1	2	0	1	2	3	0	0	3	2	2	2	2	4	2	0	2	2	0	1
163858	12 Nov 25	07:02:00	1	0	55	0	Ct	0	0	2	1	1	0	24	4	0	0	1	0	2	2	0	2	0	0	0	1	0	0	0	2	2	0	2	2	0	0	2	3	3	3
163859	12 Nov 25	07:03:00	1	0	55	0	Ct	0	0	1	1	1	1	10	1	0	1	1	2	1	4	1	0	0	0	1	3	0	0	1	1	0	2	1	0	1	0	3	4	3	2
163860	12 Nov 25	07:04:00	1	0	55	0	Ct	0	0	2	1	1	0	16	0	0	0	0	2	0	1	3	2	0	2	5	0	0	0	1	1	3	3	0	2	1	2	4	4	3	0
163861	12 Nov 25	07:05:00	1	0	55	0	Ct	0	0	1	1	2	0	15	0	0	0	2	0	1	2	0	0	0	0	0	1	0	0	0	1	2	2	1	1	1	1	1	1	0	2
163862	12 Nov 25	07:06:00	1	0	55	0	Ct	0	0	1	3	4	0	10	2	0	0	1	1	2	3	0	2	0	3	0	1	0	0	0	1	1	0	1	1	2	1	2	0	0	1
163863	12 Nov 25	07:07:00	1	0	55	0	Ct	0	0	2	1	5	1	14	1	0	0	0	0	1	1	0	1	0	0	2	1	0	0	2	0	2	2	1	0	5	0	2	4	0	1
163864	12 Nov 25	07:08:00	1	0	55	0	Ct	0	0	1	0	1	3	7	3	0	2	2	0	1	2	0	3	0	0	0	1	0	0	0	2	0	4	2	0	3	0	4	7	2	1
163865	12 Nov 25	07:09:00	1	0	55	0	Ct	0	0	3	2	3	3	12	3	0	1	0	0	2	1	0	2	0	2	0	2	1	0	0	2	1	1	2	0	0	1	1	0	3	1
163866	12 Nov 25	07:10:00	1	0	55	0	Ct	0	0	0	0	2	2	11	2	0	1	3	1	2	2	0	0	0	0	2	0	0	0	1	2	1	1	0	1	4	1	4	3	2	2
163867	12 Nov 25	07:11:00	1	0	55	0	Ct	0	0	1	1	1	1	2	3	0	1	1	0	2	1	0	2	0	1	1	3	0	0	1	2	2	3	2	1	1	1	4	4	4	0
163868	12 Nov 25	07:12:00	1	0	55	0	Ct	0	0	3	3	1	2	6	1	0	1	1	0	2	3	0	2	0	1	1	3	1	0	0	0	3	2	2	0	4	0	2	3	3	0
163869	12 Nov 25	07:13:00	1	0	55	0	Ct	0	0	0	0	4	1	7	0	0	3	2	0	3	1	0	2	0	2	1	1	0	0	0	5	2	1	0	2	1	0	2	2	3	0
163870	12 Nov 25	07:14:00	1	0	55	0	Ct	0	0	0	0	3	2	2	2	0	2	1	0	2	3	0	5	0	2	0	3	0	0	0	3	3	0	1	2	4	0	1	5	5	1
163871	12 Nov 25	07:15:00	1	0	55	0	Ct	0	0	0	2	1	0	0	4	0	1	1	0	2	2	1	9	0	1	2	1	2	0	2	0	4	0	3	2	4	2	2	3	2	2
163872	12 Nov 25	07:16:00	1	0	55	0	Ct	0	0	0	0	3	0	24	4	2	0	1	0	1	2	1	3	0	2	0	0	0	0	2	0	2	1	1	2	3	1	1	3	3	2
163873	12 Nov 25	07:17:00	1	0	55	0	Ct	0	0	0	0	3	1	13	1	0	0	2	0	1	2	4	5	0	2	2	1	1	0	2	2	1	3	4	1	3	1	5	4	3	2
163874	12 Nov 25	07:18:00	1	0	55	0	Ct	0	0	2	0	1	1	4	2	4	0	2	0	2	2	1	3	0	1	0	1	3	0	2	2	3	0	0	2	0	0	3	3	4	3
163875	12 Nov 25	07:19:00	1	0	55	0	Ct	0	0	0	0	3	0	13	1	0	1	2	0	0	1	1	0	0	2	1	1	1	0	7	2	1	0	1	1	1	0	3	6	2	2
163876	12 Nov 25	07:20:00	1	0	55	0	Ct	0	0	0	1	0	2	5	3	1	1	2	1	0	3	2	0	0	2	3	1	2	0	2	2	3	3	2	1	4	1	3	3	3	1
163877	12 Nov 25	07:21:00	1	0	55	0	Ct	0	0	0	0	1	0	0	2	1	0	2	0	2	2	3	2	0	1	0	3	1	0	2	2	2	1	3	0	1	1	3	4	2	1
163878	12 Nov 25	07:22:00	1	0	55	0	Ct	0	0	0	2	3	0	23	2	2	0	2	2	1	2	2	3	0	0	0	1	1	0	1	1	0	1	3	0	1	1	3	2	4	1
163879	12 Nov 25	07:23:00	1	0	55	0	Ct	0	0	0	1	2	2	5	0	1	2	1	1	0	2	2	5	0	2	0	1	0	0	1	1	1	1	1	1	0	1	4	3	4	1
163880	12 Nov 25	07:24:00	1	0	55	0	Ct	0	0	2	1	3	0	7	0	2	0	1	0	0	2	1	3	0	2	2	1	0	0	3	2	1	3	1	1	0	0	1	2	2	1
163881	12 Nov 25	07:25:00	1	0	55	0	Ct	0	0	0	1	1	0	7	0	0	1	2	0	0	2	1	1	0	0	0	2	2	0	0	0	2	1	1	1	0	0	2	2	2	2
163882	12 Nov 25	07:26:00	1	0	55	0	Ct	0	0	1	0	4	0	6	0	0	1	4	2	0	1	0	3	0	0	2	2	0	0	2	0	0	2	1	2	0	4	0	5	1	0
163883	12 Nov 25	07:27:00	1	0	55	0	Ct	0	0	1	1	3	1	11	1	0	2	2	0	0	2	2	2	0	2	2	3	1	0	1	1	2	2	2	2	0	6	0	3	3	2
163884	12 Nov 25	07:28:00	1	0	55	0	Ct	0	0	0	0	3	1	12	1	2	0	1	1	0	0	1	3	0	2	0	0	0	0	5	1	5	1	0	1	0	6	3	2	1	1
163885	12 Nov 25	07:29:00	1	0	55	0	Ct	0	0	0	0	3	0	4	2	0	1	1	2	1	2	2	3	0	0	1	1	0	0	1	0	4	5	0	1	0	4	2	5	3	0
163886	12 Nov 25	07:30:00	1	0	55	0	Ct	0	0	0	0	2	0	5	3	3	2	1	1	1	1	2	5	0	1	1	2	1	0	1	0	2	4	1	0	0	3	3	4	2	3
163887	12 Nov 25	07:31:00	1	0	55	0	Ct	0	0	0	2	3	0	8	3	1	1	1	0	0	1	1	4	0	2	0	1	0	0	2	0	2	1	0	1	0	2	2	1	0	0
163888	12 Nov 25	07:32:00	1	0	55	0	Ct	0	0	2	1	3	1	12	1	2	3	0	4	0	0	3	0	0	4	0	0	0	0	2	0	2	1	2	1	2	1	3	3	0	3
163889	12 Nov 25	07:33:00	1	0	55	0	Ct	0	0	1	0	4	1	3	2	2	0	0	2	0	2	3	2	0	0	0	0	2	0	1	0	0	2	2	2	1	4	1	1	0	2
163890	12 Nov 25	07:34:00	1	0	55	0	Ct	0	0	1	0	4	1	5	4	0	1	0	0	0	1	1	0	0	1	0	1	1	0	1	0	1	3	2	1	1	1	2	6	1	1
163891	12 Nov 25	07:35:00	1	0	55	0	Ct	0	0	1	2	4	5	3	3	2	1	1	4	0	4	1	4	0	0	0	1	0	0	0	0	2	1	4	1	3	2	0	3	1	2
163892	12 Nov 25	07:36:00	1	0	55	0	Ct	0	0	1	1	2	0	15	1	0	0	1	2	0	3	1	1	0	2	0	0	0	0	1	2	1	1	0	2	1	3	1	3	1	2
163893	12 Nov 25	07:37:00	1	0	55	0	Ct	0	0	1	1	3	0	0	1	0	0	1	1	0	2	3	1	0	1	0	0	0	0	1	2	1	0	0	0	0	1	4	3	4	0
163894	12 Nov 25	07:38:00	1	0	55	0	Ct	0	0	0	1	2	1	14	2	0	0	0	2	3	1	0	2	0	2	0	1	0	0	1	4	1	2	1	1	0	4	1	2	4	1
163895	12 Nov 25	07:39:00	1	0	55	0	Ct	0	0	3	2	1	1	13	3	0	0	3	2	1	0	1	3	0	4	0	2	2	0	2	0	2	13	2	1	2	2	1	3	3	1
163896	12 Nov 25	07:40:00	1	0	55	0	Ct	0	0	2	1	2	0	3	2	1	0	0	2	0	0	1	4	0	1	1	1	3	0	1	2	1	2	1	1	1	1	2	3	1	0
163897	12 Nov 25	07:41:00	1	0	55	0	Ct	0	0	0	1	2	0	13	2	0	0	3	1	1	1	2	7	0	0	1	2	0	0	0	1	2	3	0	1	3	2	2	3	4	0
163898	12 Nov 25	07:42:00	1	0	55	0	Ct	0	0	0	2	2	1	8	2	5	0	1	0	1	1	1	2	0	0	0	1	0	0	2	0	2	0	2	1	1	0	2	1	2	1
163899	12 Nov 25	07:43:00	1	0	55	0	Ct	0	0	0	1	0	1	12	7	1	0	1	0	0	1	1	1	0	0	2	2	2	0	0	2	1	1	1	1	0	3	2	5	5	2
163900	12 Nov 25	07:44:00	1	0	55	0	Ct	0	0	1	1	3	1	11	2	0	0	1	2	0	2	0	0	0	0	0	1	0	0	0	1	3	0	1	0	0	1	3	2	1	1
163901	12 Nov 25	07:45:00	1	0	55	0	Ct	0	0	1	0	1	1	6	1	0	2	1	1	0	2	2	0	0	2	2	1	2	0	2	1	4	0	1	1	1	1	1	1	3	1
163902	12 Nov 25	07:46:00	1	0	55	0	Ct	0	0	2	0	3	2	4	1	0	3	1	3	0	2	1	5	0	3	0	1	0	0	0	0	2	1	1	1	1	4	1	3	1	1
163903	12 Nov 25	07:47:00	1	0	55	0	Ct	0	0	5	0	3	0	6	2	1	2	1	0	1	2	1	2	0	3	0	2	0	0	0	2	3	1	2	2	0	2	2	2	1	0
163904	12 Nov 25	07:48:00	1	0	55	0	Ct	0	0	0	1	2	0	0	0	0	2	1	0	1	1	0	2	0	0	1	0	2	0	0	0	3	1	0	1	1	0	0	2	2	1
163905	12 Nov 25	07:49:00	1	0	55	0	Ct	0	0	0	1	7	0	6	1	1	1	1	2	1	2	2	0	0	1	1	0	0	0	3	0	1	2	0	3	0	1	0	2	4	2
163906	12 Nov 25	07:50:00	1	0	55	0	Ct	0	0	0	0	5	1	8	3	0	2	2	0	1	2	2	2	0	3	0	0	1	0	0	0	3	1	0	2	3	1	2	2	2	2
163907	12 Nov 25	07:51:00	1	0	55	0	Ct	0	0	1	0	1	1	29	2	0	0	0	0	0	2	3	2	0	0	0	0	2	0	1	0	2	2	0	1	1	2	3	3	1	3
163908	12 Nov 25	07:52:00	1	0	55	0	Ct	0	0	1	0	1	0	3	4	0	2	1	0	0	2	1	2	0	1	0	0	0	0	1	0	0	1	0	1	0	1	3	3	1	1
163909	12 Nov 25	07:53:00	1	0	55	0	Ct	0	0	1	0	2	0	10	2	3	0	0	0	0	1	2	0	0	0	1	0	3	0	2	0	0	1	1	2	2	1	2	2	0	1
163910	12 Nov 25	07:54:00	1	0	55	0	Ct	0	0	0	2	1	0	10	0	0	1	0	0	0	4	2	2	0	0	1	0	2	0	0	1	2	0	1	0	1	1	1	3	3	1
163911	12 Nov 25	07:55:00	1	0	55	0	Ct	0	0	1	0	2	1	10	3	2	2	0	1	3	1	1	3	0	1	1	0	0	0	0	1	2	1	1	0	4	2	2	6	1	1
163912	12 Nov 25	07:56:00	1	0	55	0	Ct	0	0	1	1	4	1	7	3	0	0	1	2	0	1	2	4	0	0	2	1	1	0	1	2	3	1	2	0	1	2	1	3	2	1
163913	12 Nov 25	07:57:00	1	0	55	0	Ct	0	0	0	1	3	0	20	2	0	0	1	1	1	1	2	3	0	0	1	4	1	0	1	0	2	3	0	2	0	3	3	3	5	1
163914	12 Nov 25	07:58:00	1	0	55	0	Ct	0	0	2	0	2	1	16	2	0	0	2	0	1	3	1	3	0	2	0	1	0	0	1	2	3	1	2	1	0	1	3	2	2	2
163915	12 Nov 25	07:59:00	1	0	55	0	Ct	0	0	0	2	1	1	14	1	1	2	0	1	1	0	3	4	0	4	3	1	0	0	1	2	1	0	0	2	0	2	1	3	2	1
163916	12 Nov 25	08:00:00	1	0	55	0	Ct	0	0	0	2	3	0	3	1	1	0	0	1	0	3	1	2	0	3	5	2	0	0	0	2	2	3	2	0	0	1	0	3	2	1
163917	12 Nov 25	08:01:00	1	0	55	0	Ct	0	0	2	0	3	0	10	2	1	0	1	0	0	1	0	0	0	1	2	0	1	0	2	0	3	2	0	2	0	1	0	3	5	1
163918	12 Nov 25	08:02:00	1	0	55	0	Ct	0	0	0	0	4	0	6	0	1	0	1	0	0	2	2	2	0	3	4	2	0	0	0	2	3	2	1	0	1	1	0	3	3	2
163919	12 Nov 25	08:03:00	1	0	55	0	Ct	0	0	0	1	3	0	4	0	0	0	0	0	2	0	2	3	0	0	2	1	1	0	0	0	3	3	1	0	1	1	0	2	3	0
163920	12 Nov 25	08:04:00	1	0	55	0	Ct	0	0	2	1	0	0	11	1	0	0	0	0	0	1	2	2	0	1	0	2	2	0	0	0	4	2	0	1	2	2	0	2	3	1
163921	12 Nov 25	08:05:00	1	0	55	0	Ct	0	0	0	1	1	1	8	1	0	0	1	0	3	1	2	2	0	0	2	2	0	0	0	2	3	1	0	1	3	0	2	2	4	1
163922	12 Nov 25	08:06:00	1	0	55	0	Ct	0	0	0	1	3	1	11	2	2	3	3	0	0	2	3	2	0	1	3	1	0	0	1	0	3	1	0	1	2	3	0	4	3	0
163923	12 Nov 25	08:07:00	1	0	55	0	Ct	0	0	0	2	2	0	7	4	0	1	2	0	0	2	3	2	0	4	3	1	3	0	2	0	2	0	2	2	1	3	3	1	1	1
163924	12 Nov 25	08:08:00	1	0	55	0	Ct	0	0	0	1	2	0	4	2	0	0	0	2	1	1	2	0	0	1	2	0	3	0	1	0	0	2	0	1	0	0	0	3	1	1
163925	12 Nov 25	08:09:00	1	0	55	0	Ct	0	0	0	2	2	1	23	2	0	0	0	1	1	1	1	3	0	0	0	1	1	0	1	2	1	2	2	0	2	1	1	3	3	2
163926	12 Nov 25	08:10:00	1	0	55	0	Ct	0	0	0	0	1	4	13	2	0	0	3	3	1	0	1	0	0	1	2	1	0	0	0	1	1	4	0	1	0	1	1	1	1	2
163927	12 Nov 25	08:11:00	1	0	55	0	Ct	0	0	0	1	2	0	11	4	4	0	1	1	1	0	2	4	0	0	2	2	0	0	1	1	2	0	1	3	0	2	3	1	2	1
163928	12 Nov 25	08:12:00	1	0	55	0	Ct	0	0	3	0	3	0	25	2	1	2	1	1	2	0	2	4	0	1	2	0	0	0	1	0	2	1	0	3	3	1	1	3	3	1
163929	12 Nov 25	08:13:00	1	0	55	0	Ct	0	0	0	2	3	0	3	2	1	2	1	1	1	3	2	2	0	0	3	0	0	0	2	2	2	0	0	1	0	0	2	4	1	2
163930	12 Nov 25	08:14:00	1	0	55	0	Ct	0	0	1	0	2	0	5	0	0	0	2	0	0	3	2	2	0	0	2	0	0	0	0	2	3	2	1	0	0	2	1	4	2	0
163931	12 Nov 25	08:15:00	1	0	55	0	Ct	0	0	1	0	3	0	18	2	0	2	1	1	0	1	3	1	0	0	1	1	0	0	1	0	1	0	1	2	3	1	2	5	0	3
163932	12 Nov 25	08:16:00	1	0	55	0	Ct	0	0	4	0	3	1	21	1	1	0	2	0	0	1	4	0	0	0	0	0	0	0	1	2	2	2	1	0	6	1	0	3	0	1
163933	12 Nov 25	08:17:00	1	0	55	0	Ct	0	0	0	0	3	1	6	3	1	1	1	3	1	0	0	0	0	0	0	1	0	0	2	2	2	1	0	2	1	4	1	4	0	2
163934	12 Nov 25	08:18:00	1	0	55	0	Ct	0	0	2	1	5	0	5	1	0	1	1	2	1	2	2	0	0	0	2	2	2	0	0	0	1	1	2	1	0	1	5	2	0	0
163935	12 Nov 25	08:19:00	1	0	55	0	Ct	0	0	0	1	4	0	12	3	0	2	1	2	0	2	4	0	0	4	0	1	0	0	0	0	2	0	2	0	5	0	1	2	0	2
163936	12 Nov 25	08:20:00	1	0	55	0	Ct	0	0	0	2	1	2	10	1	0	0	2	1	0	0	2	0	0	1	0	1	0	0	0	2	2	0	1	0	2	0	3	3	2	0
163937	12 Nov 25	08:21:00	1	0	55	0	Ct	0	0	1	0	2	2	23	1	0	1	2	1	0	0	8	0	0	2	0	3	0	0	1	1	2	0	0	2	1	0	1	1	2	0
163938	12 Nov 25	08:22:00	1	0	55	0	Ct	0	0	1	0	4	0	9	2	0	1	1	2	0	2	0	0	0	2	2	1	2	0	1	1	2	3	0	1	3	0	3	2	3	0
163939	12 Nov 25	08:23:00	1	0	55	0	Ct	0	0	0	1	1	0	15	1	4	0	1	2	0	4	1	3	0	1	0	1	1	0	0	2	2	0	2	1	1	0	0	8	1	1
163940	12 Nov 25	08:24:00	1	0	55	0	Ct	0	0	0	0	6	0	0	0	1	2	1	0	1	1	0	4	0	2	1	0	1	0	2	0	0	1	1	2	0	0	2	2	2	1
163941	12 Nov 25	08:25:00	1	0	55	0	Ct	0	0	0	1	3	0	0	0	1	2	1	0	1	4	3	6	0	1	1	0	0	0	0	0	0	5	2	1	1	2	1	3	0	0
163942	12 Nov 25	08:26:00	1	0	55	0	Ct	0	0	0	3	2	0	0	2	0	1	0	0	0	0	2	2	0	2	0	1	0	0	1	0	1	1	0	2	2	2	1	2	2	1
163943	12 Nov 25	08:27:00	1	0	55	0	Ct	0	0	0	1	0	0	21	1	0	1	0	0	1	1	2	4	0	1	1	2	1	0	2	0	3	0	0	1	1	3	1	3	1	2
163944	12 Nov 25	08:28:00	1	0	55	0	Ct	0	0	0	0	5	0	15	1	2	0	0	1	1	1	1	0	0	0	1	0	0	0	0	2	2	0	0	2	1	1	2	5	2	1
163945	12 Nov 25	08:29:00	1	0	55	0	Ct	0	0	2	0	2	0	12	3	0	2	1	1	1	2	1	2	0	0	0	1	2	0	1	2	2	0	2	1	1	2	0	2	0	0
163946	12 Nov 25	08:30:00	1	0	55	0	Ct	0	0	2	1	0	1	26	0	1	0	3	2	1	1	0	2	0	0	0	0	2	0	2	1	2	2	0	1	2	2	1	4	0	0
163947	12 Nov 25	08:31:00	1	0	55	0	Ct	0	0	2	2	3	1	9	1	1	0	3	0	1	3	1	1	0	2	0	0	0	0	1	1	3	2	2	0	2	0	1	1	0	0
163948	12 Nov 25	08:32:00	1	0	55	0	Ct	0	0	1	1	2	0	10	2	0	3	0	0	1	3	2	1	0	1	3	0	0	0	1	1	1	1	2	0	3	2	2	2	0	0
163949	12 Nov 25	08:33:00	1	0	55	0	Ct	0	0	1	0	3	0	6	0	0	1	0	1	0	2	2	0	0	1	1	0	2	0	0	1	2	2	1	1	1	0	2	2	0	2
163950	12 Nov 25	08:34:00	1	0	55	0	Ct	0	0	1	1	2	0	4	1	0	1	0	0	1	1	1	1	0	0	2	1	0	0	2	1	3	2	1	1	2	1	0	2	0	0
163951	12 Nov 25	08:35:00	1	0	55	0	Ct	0	0	1	1	3	3	10	3	0	1	0	0	1	1	2	0	0	1	0	1	1	0	0	1	3	4	2	0	0	1	3	3	0	0
163952	12 Nov 25	08:36:00	1	0	55	0	Ct	0	0	1	0	4	1	7	4	0	0	0	0	2	0	3	0	0	1	1	0	1	0	0	2	0	2	1	0	0	0	1	2	0	1
163953	12 Nov 25	08:37:00	1	0	55	0	Ct	0	0	0	1	4	2	9	2	0	1	0	0	2	4	5	0	0	0	2	0	0	0	1	1	2	1	1	0	0	0	0	2	0	1
163954	12 Nov 25	08:38:00	1	0	55	0	Ct	0	0	0	0	3	1	17	2	0	1	2	0	0	2	1	0	0	1	1	0	1	0	1	1	1	0	2	0	1	0	0	5	0	0
163955	12 Nov 25	08:39:00	1	0	55	0	Ct	0	0	0	1	0	0	18	2	0	1	4	0	0	4	4	1	0	1	0	0	1	0	1	0	3	2	0	0	2	0	0	3	3	5
163956	12 Nov 25	08:40:00	1	0	55	0	Ct	0	0	0	0	7	2	3	1	0	2	0	0	0	1	0	0	0	2	1	0	0	0	1	2	1	0	0	0	0	0	0	3	2	4
163957	12 Nov 25	08:41:00	1	0	55	0	Ct	0	0	2	0	1	1	0	1	0	0	2	0	2	3	1	0	0	0	1	0	2	0	1	1	1	0	1	0	3	0	0	3	4	6
163958	12 Nov 25	08:42:00	1	0	55	0	Ct	0	0	1	1	2	0	0	0	0	0	2	0	3	1	0	1	0	2	0	0	0	0	1	1	1	0	1	0	1	0	0	3	0	10
163959	12 Nov 25	08:43:00	1	0	55	0	Ct	0	0	2	2	5	1	7	3	0	3	1	0	2	0	5	0	0	3	2	0	0	0	1	0	1	0	1	0	3	0	0	1	2	1
163960	12 Nov 25	08:44:00	1	0	55	0	Ct	0	0	0	1	0	0	5	2	0	1	3	0	1	0	6	1	0	0	0	0	0	0	2	0	0	0	1	1	0	0	4	3	0	2
163961	12 Nov 25	08:45:00	1	0	55	0	Ct	0	0	0	0	0	0	4	3	0	0	1	0	0	0	1	1	0	0	0	0	0	0	1	0	0	0	0	2	1	2	5	2	4	6
163962	12 Nov 25	08:46:00	1	0	55	0	Ct	0	0	0	0	1	2	13	2	3	3	0	3	0	0	0	0	0	2	2	0	2	0	2	0	0	0	0	1	0	4	0	4	3	2
163963	12 Nov 25	08:47:00	1	0	55	0	Ct	0	0	1	0	4	1	7	3	1	0	1	0	0	0	0	1	0	0	0	0	3	0	0	0	2	0	0	0	0	1	0	5	2	4
163964	12 Nov 25	08:48:00	1	0	55	0	Ct	0	0	1	0	5	2	13	3	2	0	0	3	0	0	3	0	0	0	0	0	2	0	1	0	2	0	0	0	2	2	1	1	3	1
163965	12 Nov 25	08:49:00	1	0	55	0	Ct	0	0	1	2	3	0	7	3	0	0	1	0	0	0	2	0	0	1	0	0	3	0	2	1	2	0	0	0	1	2	1	4	1	3
163966	12 Nov 25	08:50:00	1	0	55	0	Ct	0	0	2	1	0	0	7	2	1	0	0	0	0	0	0	1	0	1	0	0	0	0	0	2	2	0	0	2	0	2	1	3	2	3
163967	12 Nov 25	08:51:00	1	0	55	0	Ct	0	0	0	3	2	0	3	3	1	0	0	2	0	0	2	1	0	0	0	2	1	0	2	0	1	1	0	0	0	1	1	7	4	2
163968	12 Nov 25	08:52:00	1	0	55	0	Ct	0	0	0	0	3	0	7	3	0	0	2	2	0	0	2	1	0	0	0	2	3	0	0	0	1	3	1	1	1	0	2	2	2	2
163969	12 Nov 25	08:53:00	1	0	55	0	Ct	0	0	0	0	1	0	12	3	3	0	0	2	0	0	2	0	0	1	0	0	0	0	2	3	2	2	1	1	0	2	1	3	3	2
163970	12 Nov 25	08:54:00	1	0	55	0	Ct	0	0	0	0	2	0	0	1	0	0	1	3	2	0	2	0	0	0	0	1	1	0	1	3	1	4	0	0	1	1	1	3	0	2
163971	12 Nov 25	08:55:00	1	0	55	0	Ct	0	0	0	1	1	0	8	2	0	0	2	2	2	2	3	0	0	3	2	1	2	0	1	1	3	3	2	1	5	3	2	3	2	2
163972	12 Nov 25	08:56:00	1	0	55	0	Ct	0	0	0	1	2	0	0	0	0	0	1	1	0	0	3	0	0	0	0	2	2	0	0	3	1	1	0	1	0	2	3	1	3	0
163973	12 Nov 25	08:57:00	1	0	55	0	Ct	0	0	0	0	1	2	7	1	2	0	1	3	3	0	4	0	0	0	2	3	1	0	0	1	2	2	2	2	0	4	3	4	2	2
163974	12 Nov 25	08:58:00	1	0	55	0	Ct	0	0	1	1	0	3	15	3	1	2	2	0	0	0	3	1	0	1	0	0	2	0	0	1	1	3	1	1	0	2	1	4	1	2
163975	12 Nov 25	08:59:00	1	0	55	0	Ct	0	0	1	2	1	1	9	1	3	3	0	0	1	0	2	1	0	0	0	3	5	0	0	0	0	1	1	2	0	0	1	2	0	2
163976	12 Nov 25	09:00:00	1	0	55	0	Ct	0	0	0	2	2	0	13	1	2	0	2	0	2	0	2	1	0	1	1	1	2	0	0	0	2	2	0	1	0	1	2	0	1	0
163977	12 Nov 25	09:01:00	1	0	55	0	Ct	0	0	2	0	3	2	20	0	0	2	0	1	2	0	3	0	0	0	1	1	3	0	1	0	1	3	0	1	0	2	2	3	1	0
163978	12 Nov 25	09:02:00	1	0	55	0	Ct	0	0	0	0	1	1	46	0	3	1	0	0	0	0	0	0	0	0	0	3	2	0	1	0	1	4	0	1	0	0	0	3	0	0
163979	12 Nov 25	09:03:00	1	0	55	0	Ct	0	0	0	0	2	1	18	0	0	1	0	0	2	0	0	0	0	0	0	2	3	0	2	0	1	2	3	2	0	1	1	4	0	1
163980	12 Nov 25	09:04:00	1	0	55	0	Ct	0	0	0	1	1	1	7	0	0	0	1	0	0	0	0	0	0	0	2	2	1	0	2	0	2	2	2	1	2	0	4	2	0	1
163981	12 Nov 25	09:05:00	1	0	55	0	Ct	0	0	2	1	2	0	5	0	2	0	1	0	1	1	1	1	0	0	2	1	0	0	0	0	1	1	2	1	3	1	8	3	0	0
163982	12 Nov 25	09:06:00	1	0	55	0	Ct	0	0	0	1	4	1	5	0	0	0	0	0	2	1	2	0	0	0	1	2	3	0	0	0	3	3	2	1	1	1	1	4	2	0
163983	12 Nov 25	09:07:00	1	0	55	0	Ct	0	1	1	0	3	1	14	1	1	1	1	1	1	5	3	0	0	2	2	1	4	0	2	2	1	4	1	3	0	1	2	8	2	1
163984	12 Nov 25	09:08:00	1	0	55	0	Ct	0	1	2	0	0	0	6	0	0	1	1	4	1	0	0	0	0	1	1	1	0	0	2	1	1	8	1	0	3	0	5	0	1	1
163985	12 Nov 25	09:09:00	1	0	55	0	Ct	0	1	0	1	1	0	2	1	8	0	0	1	0	0	0	0	0	1	0	0	0	0	2	0	3	4	0	0	2	0	0	0	1	1
163986	12 Nov 25	09:10:00	1	0	55	0	Ct	0	1	0	0	0	0	0	0	11	0	0	3	0	0	0	0	0	0	0	0	0	0	3	0	0	1	0	0	1	0	1	4	1	0
163987	12 Nov 25	09:11:00	1	0	55	0	Ct	0	1	0	0	0	0	0	0	3	0	0	2	0	0	0	2	0	0	4	0	0	0	1	0	0	4	2	0	0	0	0	0	0	0
163988	12 Nov 25	09:12:00	1	0	55	0	Ct	0	1	0	0	0	0	0	0	0	0	0	0	0	0	0	0	0	0	1	0	0	0	0	0	0	0	1	1	0	0	4	0	0	0
163989	12 Nov 25	09:13:00	1	0	55	0	Ct	0	1	0	0	0	0	0	0	1	0	0	0	0	0	0	1	0	0	0	0	1	0	0	0	0	2	0	0	0	0	1	0	0	0
163990	12 Nov 25	09:14:00	1	0	55	0	Ct	0	1	0	0	0	1	0	0	0	0	0	0	0	0	0	1	0	0	0	0	1	0	0	0	0	4	1	0	0	0	0	0	0	0
163991	12 Nov 25	09:15:00	1	0	55	0	Ct	0	1	0	0	0	0	0	0	0	0	0	0	0	0	0	0	0	0	1	0	0	0	0	2	0	3	0	0	0	0	0	0	0	0
163992	12 Nov 25	09:16:00	1	0	55	0	Ct	0	1	0	0	0	0	0	0	0	0	0	0	0	0	0	0	0	0	0	0	0	0	0	1	0	0	0	0	0	0	0	0	0	0
163993	12 Nov 25	09:17:00	1	0	55	0	Ct	0	1	0	0	0	0	0	0	0	0	0	0	0	0	0	0	0	0	0	0	0	0	0	0	0	0	0	0	0	0	0	0	0	0
163994	12 Nov 25	09:18:00	1	0	55	0	Ct	0	1	0	0	0	0	0	0	0	0	0	0	0	0	0	0	0	0	0	0	0	0	0	0	0	0	0	0	0	0	0	0	0	0
163995	12 Nov 25	09:19:00	1	0	55	0	Ct	0	1	0	0	0	0	0	0	0	0	0	0	0	0	0	0	0	0	0	0	0	0	0	0	0	0	0	0	0	0	0	0	0	0
163996	12 Nov 25	09:20:00	1	0	55	0	Ct	0	1	0	0	0	0	0	0	0	0	0	0	0	1	0	0	0	0	0	0	0	0	0	0	0	0	0	0	0	0	0	0	0	0
163997	12 Nov 25	09:21:00	1	0	55	0	Ct	0	1	0	0	0	0	0	0	0	0	0	0	0	0	0	1	0	0	0	0	0	0	0	0	0	0	0	0	0	0	0	0	0	0
163998	12 Nov 25	09:22:00	1	0	55	0	Ct	0	1	0	0	0	0	0	0	0	0	0	0	0	0	0	2	0	0	0	0	0	0	0	0	0	0	0	0	0	0	0	0	0	0
163999	12 Nov 25	09:23:00	1	0	55	0	Ct	0	1	0	0	0	0	0	0	0	0	0	0	0	0	0	1	0	0	0	0	0	0	0	0	0	0	0	0	0	0	0	0	0	0
164000	12 Nov 25	09:24:00	1	0	55	0	Ct	0	1	0	0	0	0	0	0	0	0	0	0	0	0	0	0	0	0	0	0	0	0	0	0	0	0	0	0	0	0	0	0	0	0
164001	12 Nov 25	09:25:00	1	0	55	0	Ct	0	1	0	0	0	0	0	0	0	0	0	0	4	0	0	0	0	0	0	0	0	0	0	0	0	0	0	0	0	0	0	0	0	0
164002	12 Nov 25	09:26:00	1	0	55	0	Ct	0	1	0	0	0	0	0	0	0	0	0	0	0	0	0	1	0	0	0	0	0	0	0	0	0	0	0	0	0	0	0	0	0	0
164003	12 Nov 25	09:27:00	1	0	55	0	Ct	0	1	0	0	0	0	0	0	0	0	0	0	0	0	0	0	0	0	0	0	0	0	0	0	0	0	0	0	0	0	0	0	0	0
164004	12 Nov 25	09:28:00	1	0	55	0	Ct	0	1	0	0	0	0	0	0	0	0	0	0	0	0	0	1	0	0	0	0	0	0	0	0	0	0	0	0	0	0	0	0	0	0
164005	12 Nov 25	09:29:00	1	0	55	0	Ct	0	1	0	0	0	0	0	0	0	0	0	0	0	0	0	0	0	0	0	0	0	0	0	0	0	0	0	0	0	0	0	0	0	0
164006	12 Nov 25	09:30:00	1	0	55	0	Ct	0	1	0	0	0	0	0	0	0	0	0	0	0	0	0	0	0	0	0	0	0	0	0	0	0	0	0	0	0	0	0	0	0	0
164007	12 Nov 25	09:31:00	1	0	55	0	Ct	0	1	0	0	0	0	0	0	0	0	0	0	0	0	0	0	0	0	0	0	0	0	0	0	0	0	0	0	0	0	0	0	0	0
164008	12 Nov 25	09:32:00	1	0	55	0	Ct	0	1	0	0	0	0	0	0	0	0	0	0	0	0	0	1	0	0	0	0	0	0	0	0	0	0	0	0	0	0	0	0	0	0
164009	12 Nov 25	09:33:00	1	0	55	0	Ct	0	1	0	0	0	0	0	0	0	0	0	0	0	0	0	0	0	0	0	0	0	0	0	0	0	0	0	0	0	0	0	0	0	0
164010	12 Nov 25	09:34:00	1	0	55	0	Ct	0	1	0	0	0	0	0	0	0	0	0	0	0	0	0	0	0	0	0	0	0	0	0	0	0	0	0	0	0	0	0	0	0	0
164011	12 Nov 25	09:35:00	1	0	55	0	Ct	0	1	0	0	0	0	0	0	0	0	0	0	0	0	0	0	0	0	0	0	0	0	0	0	0	0	0	0	0	0	0	0	0	0
164012	12 Nov 25	09:36:00	1	0	55	0	Ct	0	1	0	0	0	0	0	0	0	0	0	0	0	0	0	0	0	0	0	0	0	0	0	0	0	0	0	0	0	0	0	0	0	0
164013	12 Nov 25	09:37:00	1	0	55	0	Ct	0	1	0	0	0	0	0	0	0	0	0	0	0	0	0	0	0	0	0	0	0	0	0	0	3	0	0	0	0	0	0	0	0	0
164014	12 Nov 25	09:38:00	1	0	55	0	Ct	0	1	0	0	1	0	0	0	0	0	0	0	0	0	0	0	0	0	0	0	0	0	0	0	0	0	0	0	0	0	0	0	0	0
164015	12 Nov 25	09:39:00	1	0	55	0	Ct	0	1	0	0	1	0	0	0	0	0	0	0	0	0	0	0	0	0	0	0	0	0	0	0	0	0	0	0	0	0	0	0	0	0
164016	12 Nov 25	09:40:00	1	0	55	0	Ct	0	1	0	0	0	0	0	0	0	0	0	0	0	0	0	0	0	0	0	0	0	0	0	0	0	0	0	0	0	0	0	0	0	0
164017	12 Nov 25	09:41:00	1	0	55	0	Ct	0	1	0	0	0	0	0	0	0	0	0	0	0	0	0	0	0	0	0	0	0	0	0	0	0	0	0	0	0	1	0	0	0	0
164018	12 Nov 25	09:42:00	1	0	55	0	Ct	0	1	0	0	0	0	0	0	0	0	0	0	0	0	0	0	0	0	0	0	0	0	0	0	0	0	0	0	0	1	0	0	0	0
164019	12 Nov 25	09:43:00	1	0	55	0	Ct	0	1	0	0	0	0	0	0	0	0	0	0	0	0	0	0	0	0	0	0	0	0	0	0	0	0	0	0	0	0	0	0	0	0
164020	12 Nov 25	09:44:00	1	0	55	0	Ct	0	1	0	0	0	0	0	0	0	0	0	0	0	0	0	0	0	0	2	0	0	0	0	0	0	0	0	0	0	0	0	0	0	0
164021	12 Nov 25	09:45:00	1	0	55	0	Ct	0	1	0	0	0	0	0	0	0	0	0	0	0	0	0	0	0	0	0	0	0	0	0	0	0	0	0	0	0	0	0	2	0	0
164022	12 Nov 25	09:46:00	1	0	55	0	Ct	0	1	0	0	0	0	0	0	0	0	0	0	0	0	0	0	0	0	0	0	0	0	0	0	0	0	0	0	0	0	0	0	0	0
164023	12 Nov 25	09:47:00	1	0	55	0	Ct	0	1	0	0	3	0	0	0	0	0	0	0	0	0	0	0	0	0	0	0	0	0	0	0	2	0	0	0	0	0	0	0	0	0
164024	12 Nov 25	09:48:00	1	0	55	0	Ct	0	1	0	0	5	0	0	0	0	0	0	0	0	0	0	0	0	0	0	0	0	0	0	0	0	0	0	0	0	0	0	0	0	0
164025	12 Nov 25	09:49:00	1	0	55	0	Ct	0	1	0	0	0	0	0	0	0	0	0	0	0	0	0	0	0	0	0	0	0	0	0	0	3	0	0	0	0	0	0	0	0	0
164026	12 Nov 25	09:50:00	1	0	55	0	Ct	0	1	0	0	0	0	0	0	0	0	0	0	0	0	0	0	0	0	0	0	0	0	0	0	0	0	0	0	0	0	0	0	0	0
164027	12 Nov 25	09:51:00	1	0	55	0	Ct	0	1	0	0	0	0	0	0	0	0	0	0	0	0	0	0	0	0	0	0	0	0	0	0	0	0	0	0	0	0	0	0	0	0
164028	12 Nov 25	09:52:00	1	0	55	0	Ct	0	1	0	0	0	0	0	0	0	0	0	0	0	0	0	0	0	0	0	0	0	0	0	0	0	0	0	0	0	0	0	0	0	0
164029	12 Nov 25	09:53:00	1	0	55	0	Ct	0	1	0	0	0	0	0	0	0	0	0	0	0	0	0	0	0	0	0	0	0	0	0	0	0	0	0	0	0	0	0	0	0	0
164030	12 Nov 25	09:54:00	1	0	55	0	Ct	0	1	0	0	0	0	0	0	0	0	0	0	0	0	0	0	0	0	0	0	0	0	0	0	0	0	0	0	0	0	0	0	0	0
164031	12 Nov 25	09:55:00	1	0	55	0	Ct	0	1	0	0	0	0	0	0	0	0	0	0	0	0	0	0	0	0	0	0	0	0	0	0	2	0	0	0	0	0	0	0	0	0
164032	12 Nov 25	09:56:00	1	0	55	0	Ct	0	1	0	0	0	0	0	0	0	0	0	0	0	0	0	0	0	0	0	0	0	0	0	0	1	0	0	0	0	0	0	0	0	0
164033	12 Nov 25	09:57:00	1	0	55	0	Ct	0	1	0	0	0	0	0	0	0	0	0	0	0	0	0	0	0	0	0	0	0	0	0	0	3	0	0	0	0	0	0	0	0	0
164034	12 Nov 25	09:58:00	1	0	55	0	Ct	0	1	0	0	0	0	0	0	0	0	0	0	0	0	0	0	0	0	0	0	0	0	0	0	0	0	0	0	0	0	0	0	0	0
164035	12 Nov 25	09:59:00	1	0	55	0	Ct	0	1	0	0	0	0	0	0	0	0	0	0	0	0	0	0	0	0	0	0	0	0	0	0	2	0	0	0	0	0	0	0	0	0
164036	12 Nov 25	10:00:00	1	0	55	0	Ct	0	1	0	0	0	0	0	0	0	0	0	0	0	0	0	0	0	0	0	0	0	0	0	0	1	0	0	0	0	0	0	0	0	0
164037	12 Nov 25	10:01:00	1	0	55	0	Ct	0	1	0	0	0	0	0	0	0	0	0	0	0	0	0	0	0	1	0	0	0	0	0	0	1	0	0	0	0	0	0	0	0	0
164038	12 Nov 25	10:02:00	1	0	55	0	Ct	0	1	0	0	0	0	0	0	0	0	0	0	0	0	0	0	0	1	0	0	0	0	0	0	2	0	0	0	0	0	0	0	0	0
164039	12 Nov 25	10:03:00	1	0	55	0	Ct	0	1	0	0	0	0	0	0	0	0	0	0	0	0	0	3	0	0	0	0	0	0	0	0	0	0	0	0	0	0	0	0	0	0
164040	12 Nov 25	10:04:00	1	0	55	0	Ct	0	1	0	0	0	0	0	0	0	0	0	0	0	0	0	0	0	0	0	0	0	0	0	0	2	0	0	0	0	0	0	0	0	0
164041	12 Nov 25	10:05:00	1	0	55	0	Ct	0	1	0	0	0	0	0	0	0	0	0	0	0	0	0	0	0	0	0	0	0	0	0	0	0	0	0	0	0	0	0	0	0	0
164042	12 Nov 25	10:06:00	1	0	55	0	Ct	0	1	0	0	0	0	0	0	0	0	0	0	0	0	0	0	0	0	0	0	0	0	0	0	0	0	0	0	0	0	0	0	0	0
164043	12 Nov 25	10:07:00	1	0	55	0	Ct	0	1	0	0	0	0	0	0	0	0	0	0	0	0	0	0	0	0	0	0	0	0	0	0	0	0	0	0	0	0	0	0	0	0
164044	12 Nov 25	10:08:00	1	0	55	0	Ct	0	1	0	0	0	0	0	0	0	0	0	0	0	0	0	0	0	0	0	0	0	0	0	0	0	0	0	0	0	0	0	0	0	0
164045	12 Nov 25	10:09:00	1	0	55	0	Ct	0	1	0	0	0	0	0	0	0	0	0	0	0	0	0	0	0	0	0	0	0	0	0	0	0	0	0	0	0	0	0	0	0	0
164046	12 Nov 25	10:10:00	1	0	55	0	Ct	0	1	0	0	0	0	0	0	0	0	1	0	0	0	0	0	0	0	0	0	0	0	0	0	0	0	0	0	0	0	0	0	0	0
164047	12 Nov 25	10:11:00	1	0	55	0	Ct	0	1	0	0	0	0	0	0	0	0	1	0	0	0	0	0	0	0	1	0	0	0	0	0	1	0	0	0	0	0	0	0	0	0
164048	12 Nov 25	10:12:00	1	0	55	0	Ct	0	1	0	0	0	0	0	0	0	0	0	0	0	0	0	0	0	0	1	0	0	0	0	0	1	0	0	0	0	0	0	0	0	0
164049	12 Nov 25	10:13:00	1	0	55	0	Ct	0	1	0	0	0	0	0	0	0	0	0	0	0	0	0	0	0	0	2	0	0	0	0	0	0	0	0	0	0	0	0	0	0	0
164050	12 Nov 25	10:14:00	1	0	55	0	Ct	0	1	0	0	0	0	0	0	0	0	0	0	0	0	0	0	0	0	2	0	0	0	0	0	1	0	0	0	0	0	0	0	0	0
164051	12 Nov 25	10:15:00	1	0	55	0	Ct	0	1	0	0	0	0	0	0	0	0	0	0	0	0	0	0	0	5	2	0	0	0	0	0	1	0	0	0	0	0	0	0	0	0
164052	12 Nov 25	10:16:00	1	0	55	0	Ct	0	1	0	0	0	0	0	0	0	0	0	0	0	0	0	0	0	0	1	0	0	0	0	0	0	0	0	0	0	0	0	0	0	0
164053	12 Nov 25	10:17:00	1	0	55	0	Ct	0	1	0	0	0	0	0	0	0	0	0	0	0	0	0	0	0	0	1	0	0	0	0	0	0	0	0	0	0	0	0	0	0	0
164054	12 Nov 25	10:18:00	1	0	55	0	Ct	0	1	0	0	0	0	0	0	0	0	0	0	0	0	0	0	0	0	2	0	0	0	0	0	2	0	0	0	0	0	0	0	0	0
164055	12 Nov 25	10:19:00	1	0	55	0	Ct	0	1	0	0	0	0	1	0	0	0	0	0	0	0	0	1	0	0	2	0	0	0	0	0	0	0	0	0	0	0	0	0	0	0
164056	12 Nov 25	10:20:00	1	0	55	0	Ct	0	1	0	0	0	0	0	0	0	0	0	0	0	1	0	0	0	0	2	0	0	0	0	0	2	0	0	0	0	0	0	0	0	0
164057	12 Nov 25	10:21:00	1	0	55	0	Ct	0	1	0	0	0	0	0	0	0	0	0	0	0	0	0	0	0	0	1	0	0	0	0	0	0	0	1	0	0	0	0	0	0	0
164058	12 Nov 25	10:22:00	1	0	55	0	Ct	0	1	0	0	0	0	0	0	0	0	0	0	0	0	0	0	0	0	1	0	0	0	0	0	2	0	4	0	0	0	0	0	0	0
164059	12 Nov 25	10:23:00	1	0	55	0	Ct	0	1	0	0	0	0	0	0	0	0	0	0	0	0	0	0	0	0	1	0	0	0	0	0	0	0	1	0	0	0	0	0	0	0
164060	12 Nov 25	10:24:00	1	0	55	0	Ct	0	1	0	0	0	0	0	0	0	0	0	0	0	0	0	0	0	0	0	0	0	0	0	0	0	0	0	0	0	0	0	0	0	0
164061	12 Nov 25	10:25:00	1	0	55	0	Ct	0	1	0	0	0	0	0	0	0	0	0	0	0	0	0	0	0	0	1	0	0	0	0	0	0	0	0	0	0	0	0	0	0	0
164062	12 Nov 25	10:26:00	1	0	55	0	Ct	0	1	0	0	0	0	0	0	0	0	0	0	0	0	0	0	0	0	2	0	0	0	0	0	0	0	0	0	0	0	0	0	0	0
164063	12 Nov 25	10:27:00	1	0	55	0	Ct	0	1	0	0	0	0	0	0	0	0	0	0	0	0	0	0	0	0	1	0	0	0	0	0	0	0	0	0	0	0	0	0	0	0
164064	12 Nov 25	10:28:00	1	0	55	0	Ct	0	1	0	0	0	0	0	0	0	0	0	0	0	0	0	0	0	2	0	0	0	0	0	0	0	0	0	0	0	0	0	0	0	0
164065	12 Nov 25	10:29:00	1	0	55	0	Ct	0	1	0	0	0	0	0	0	0	0	0	0	0	0	0	0	0	0	0	0	0	0	0	0	0	0	0	0	0	0	0	0	0	0
164066	12 Nov 25	10:30:00	1	0	55	0	Ct	0	1	0	0	0	0	0	0	0	0	0	0	0	0	0	0	0	0	1	0	0	0	0	0	0	0	0	0	0	0	0	0	0	0
164067	12 Nov 25	10:31:00	1	0	55	0	Ct	0	1	0	0	0	0	0	0	0	0	0	0	0	0	0	0	0	0	1	0	0	0	0	0	0	0	0	0	0	0	0	0	0	0
164068	12 Nov 25	10:32:00	1	0	55	0	Ct	0	1	0	0	0	0	0	0	0	0	0	0	0	0	0	0	0	0	0	0	0	0	0	0	0	0	0	0	0	0	0	0	0	0
164069	12 Nov 25	10:33:00	1	0	55	0	Ct	0	1	0	0	1	0	0	0	0	0	0	0	0	0	0	0	0	0	0	0	0	0	0	0	0	0	0	0	0	0	0	0	0	0
164070	12 Nov 25	10:34:00	1	0	55	0	Ct	0	1	0	0	2	0	0	0	0	0	0	0	0	0	0	0	0	0	2	0	0	0	0	0	0	0	0	0	0	0	0	2	0	0
164071	12 Nov 25	10:35:00	1	0	55	0	Ct	0	1	0	0	0	0	0	0	0	0	0	0	0	0	0	0	0	0	0	0	0	0	0	0	0	0	0	0	0	0	0	0	0	0
164072	12 Nov 25	10:36:00	1	0	55	0	Ct	0	1	0	0	0	0	0	0	0	0	0	0	0	0	0	0	0	0	0	0	0	0	0	0	0	0	0	0	0	0	0	0	0	0
164073	12 Nov 25	10:37:00	1	0	55	0	Ct	0	1	0	0	0	0	0	0	0	0	0	0	0	0	0	0	0	0	1	0	0	0	0	0	0	0	3	0	0	0	0	0	0	0
164074	12 Nov 25	10:38:00	1	0	55	0	Ct	0	1	0	0	0	0	0	0	0	0	0	0	0	0	0	3	0	0	1	0	0	0	0	0	0	0	0	0	0	0	0	2	0	0
164075	12 Nov 25	10:39:00	1	0	55	0	Ct	0	1	0	0	0	0	0	0	0	0	0	0	0	0	0	0	0	0	2	0	0	0	0	0	2	0	0	0	0	0	0	0	0	0
164076	12 Nov 25	10:40:00	1	0	55	0	Ct	0	1	0	0	0	0	0	0	0	0	0	0	0	0	0	0	0	0	1	0	0	0	0	0	0	0	0	0	0	0	0	0	0	0
164077	12 Nov 25	10:41:00	1	0	55	0	Ct	0	1	0	0	0	0	0	0	0	0	0	0	0	0	0	0	0	0	2	0	0	0	0	0	0	0	0	0	0	0	0	0	0	0
164078	12 Nov 25	10:42:00	1	0	55	0	Ct	0	1	0	0	0	0	0	0	0	0	2	0	0	0	0	0	0	0	1	0	0	0	0	0	0	0	0	0	0	0	0	0	0	0
164079	12 Nov 25	10:43:00	1	0	55	0	Ct	0	1	0	0	0	0	0	0	0	0	0	0	0	0	0	0	0	0	1	0	0	0	0	0	0	0	0	0	0	0	0	0	0	0
164080	12 Nov 25	10:44:00	1	0	55	0	Ct	0	1	0	0	0	0	0	0	0	0	0	0	0	0	0	0	0	0	0	0	0	0	0	0	0	0	0	0	0	0	0	0	0	0
164081	12 Nov 25	10:45:00	1	0	55	0	Ct	0	1	0	0	0	0	0	0	0	0	0	0	0	0	0	2	0	0	0	0	0	0	0	0	0	0	0	0	0	0	0	0	0	0
164082	12 Nov 25	10:46:00	1	0	55	0	Ct	0	1	0	0	0	0	0	0	0	0	0	2	0	0	0	0	0	0	0	0	0	0	0	0	0	0	1	0	0	0	0	0	0	0
164083	12 Nov 25	10:47:00	1	0	55	0	Ct	0	1	0	0	0	0	0	0	0	0	0	0	0	0	0	0	0	0	0	0	0	0	0	0	0	0	0	0	0	0	0	0	0	0
164084	12 Nov 25	10:48:00	1	0	55	0	Ct	0	1	0	0	0	0	0	0	0	0	0	0	0	0	0	0	0	0	0	0	0	0	0	0	0	0	1	0	0	0	0	0	0	0
164085	12 Nov 25	10:49:00	1	0	55	0	Ct	0	1	0	0	0	0	0	0	0	0	0	0	0	0	0	0	0	0	0	0	0	0	0	0	2	0	0	0	0	0	0	0	0	0
164086	12 Nov 25	10:50:00	1	0	55	0	Ct	0	1	0	0	0	0	0	0	0	0	0	0	0	0	0	0	0	0	0	0	0	0	0	0	0	0	0	1	0	0	0	0	0	0
164087	12 Nov 25	10:51:00	1	0	55	0	Ct	0	1	0	0	0	0	0	0	0	0	0	0	0	0	0	0	0	0	0	0	0	0	0	0	0	0	0	1	0	0	0	0	0	0
164088	12 Nov 25	10:52:00	1	0	55	0	Ct	0	1	0	0	0	0	0	0	0	0	0	0	0	0	0	0	0	0	0	0	0	0	0	0	0	0	0	0	0	0	0	2	0	0
164089	12 Nov 25	10:53:00	1	0	55	0	Ct	0	1	0	0	0	0	0	0	0	0	0	0	0	0	0	0	0	0	0	0	0	0	0	0	0	0	0	0	0	0	0	1	0	0
164090	12 Nov 25	10:54:00	1	0	55	0	Ct	0	1	0	0	0	0	0	0	0	0	0	2	0	0	0	0	0	0	0	0	0	0	0	0	2	0	2	0	0	0	0	0	0	0
164091	12 Nov 25	10:55:00	1	0	55	0	Ct	0	1	0	0	0	0	0	0	0	0	0	1	0	0	0	0	0	0	0	0	0	0	0	0	0	0	3	0	0	0	0	0	0	0
164092	12 Nov 25	10:56:00	1	0	55	0	Ct	0	1	0	0	0	0	0	0	0	0	0	1	0	0	0	0	0	0	0	0	0	0	0	0	0	0	1	0	0	0	0	0	0	0
164093	12 Nov 25	10:57:00	1	0	55	0	Ct	0	1	0	0	0	0	0	0	0	0	0	0	0	0	0	0	0	0	1	0	0	0	0	0	0	0	0	0	0	0	0	0	0	0
164094	12 Nov 25	10:58:00	1	0	55	0	Ct	0	1	0	0	0	0	0	0	0	0	0	1	0	0	0	0	0	1	0	0	0	0	0	0	0	0	0	0	0	0	0	0	0	0
164095	12 Nov 25	10:59:00	1	0	55	0	Ct	0	1	0	0	0	0	0	0	0	0	0	1	0	0	0	0	0	2	1	0	0	0	0	0	0	0	1	0	0	0	0	0	0	0
164096	12 Nov 25	11:00:00	1	0	55	0	Ct	0	1	0	0	0	0	0	0	0	0	0	0	0	0	0	0	0	4	2	0	0	0	0	0	0	0	1	0	0	0	0	0	0	0
164097	12 Nov 25	11:01:00	1	0	55	0	Ct	0	1	0	0	0	0	0	0	0	0	0	0	0	0	0	0	0	1	1	0	0	0	0	0	1	0	2	0	0	0	0	0	0	0
164098	12 Nov 25	11:02:00	1	0	55	0	Ct	0	1	0	0	0	0	0	0	0	0	0	2	0	0	0	0	0	0	1	0	0	0	0	0	1	0	1	0	0	0	0	0	0	0
164099	12 Nov 25	11:03:00	1	0	55	0	Ct	0	1	0	0	0	0	0	0	0	0	0	1	0	0	0	0	0	1	0	0	0	0	0	0	0	0	1	0	0	0	0	0	0	0
164100	12 Nov 25	11:04:00	1	0	55	0	Ct	0	1	0	0	0	0	0	0	0	0	0	3	0	0	0	0	0	1	0	1	0	0	0	0	0	0	0	0	0	0	0	0	1	0
164101	12 Nov 25	11:05:00	1	0	55	0	Ct	0	1	0	0	0	0	0	0	0	0	0	1	0	0	0	0	0	2	1	1	0	0	0	0	0	0	2	0	0	0	0	0	0	0
164102	12 Nov 25	11:06:00	1	0	55	0	Ct	0	1	0	0	0	0	0	0	0	0	0	1	0	0	0	0	0	0	1	0	0	0	0	0	0	0	0	0	0	0	0	0	0	0
164103	12 Nov 25	11:07:00	1	0	55	0	Ct	0	1	0	0	0	0	0	0	0	0	0	0	0	0	0	0	0	2	0	0	0	0	0	0	2	0	2	0	0	0	0	0	0	0
164104	12 Nov 25	11:08:00	1	0	55	0	Ct	0	1	0	0	0	0	0	0	0	0	0	2	0	0	0	0	0	0	0	0	0	0	0	0	0	0	1	0	0	0	0	0	0	0
164105	12 Nov 25	11:09:00	1	0	55	0	Ct	0	1	0	0	0	0	0	0	0	0	0	1	0	0	0	0	0	2	0	0	0	0	0	0	0	0	2	0	0	0	0	0	0	0
164106	12 Nov 25	11:10:00	1	0	55	0	Ct	0	1	0	0	0	0	0	0	0	0	0	2	0	0	0	0	0	3	0	0	0	0	0	0	2	0	0	0	0	0	0	0	0	0
164107	12 Nov 25	11:11:00	1	0	55	0	Ct	0	1	0	0	0	0	0	0	0	0	0	1	0	0	0	0	0	2	0	0	0	0	0	0	0	0	2	0	0	0	0	0	0	0
164108	12 Nov 25	11:12:00	1	0	55	0	Ct	0	1	0	0	0	0	0	0	0	0	0	2	0	0	0	0	0	2	0	0	0	0	0	0	0	0	0	0	0	0	0	0	0	0
164109	12 Nov 25	11:13:00	1	0	55	0	Ct	0	1	0	0	0	0	0	0	0	0	0	1	0	0	0	0	0	0	0	0	0	0	0	0	0	0	0	0	0	0	0	0	0	0
164110	12 Nov 25	11:14:00	1	0	55	0	Ct	0	1	0	0	0	0	0	0	0	0	0	1	0	0	0	0	0	2	0	0	0	0	0	0	0	0	0	0	0	0	0	0	0	0
164111	12 Nov 25	11:15:00	1	0	55	0	Ct	0	1	0	0	0	0	0	0	0	0	0	0	0	0	0	0	0	0	0	0	0	0	0	0	0	0	0	0	0	0	0	0	0	0
164112	12 Nov 25	11:16:00	1	0	55	0	Ct	0	1	0	0	0	0	0	0	0	0	0	2	0	0	0	0	0	2	0	0	0	0	0	0	1	0	2	0	0	0	0	0	0	0
164113	12 Nov 25	11:17:00	1	0	55	0	Ct	0	1	0	0	0	0	0	0	0	0	0	0	0	0	0	0	0	0	0	0	0	0	0	0	1	0	0	0	0	0	0	0	0	0
164114	12 Nov 25	11:18:00	1	0	55	0	Ct	0	1	0	0	0	0	0	0	0	0	0	1	0	0	0	0	0	3	0	1	0	0	0	0	0	0	1	0	0	0	0	0	0	0
164115	12 Nov 25	11:19:00	1	0	55	0	Ct	0	1	0	0	0	0	0	0	0	0	0	2	0	0	0	0	0	0	0	1	0	0	0	0	0	0	1	0	0	0	0	0	0	0
164116	12 Nov 25	11:20:00	1	0	55	0	Ct	0	1	0	0	0	0	0	0	0	0	0	1	0	0	0	0	0	1	0	0	0	0	0	0	0	0	0	0	0	0	0	0	0	0
164117	12 Nov 25	11:21:00	1	0	55	0	Ct	0	1	0	0	0	0	0	0	0	0	0	1	0	0	0	0	0	0	0	0	0	0	0	0	0	0	1	0	0	0	0	0	0	0
164118	12 Nov 25	11:22:00	1	0	55	0	Ct	0	1	0	0	0	0	0	0	0	0	0	1	0	0	0	0	0	2	0	0	0	0	0	0	0	0	1	0	0	0	0	0	0	0
164119	12 Nov 25	11:23:00	1	0	55	0	Ct	0	1	0	0	0	0	0	0	0	0	0	3	0	0	0	0	0	0	0	0	0	0	0	0	0	0	0	0	0	0	0	0	0	0
164120	12 Nov 25	11:24:00	1	0	55	0	Ct	0	1	0	0	0	0	0	0	0	0	0	2	0	0	0	0	0	0	0	1	0	0	0	0	0	0	2	0	0	0	0	0	0	0
164121	12 Nov 25	11:25:00	1	0	55	0	Ct	0	1	0	0	0	0	0	0	0	0	0	1	0	0	0	0	0	0	0	1	0	0	0	0	0	0	1	0	0	0	0	0	0	0
164122	12 Nov 25	11:26:00	1	0	55	0	Ct	0	1	0	0	0	0	0	0	0	0	0	4	0	0	0	0	0	0	0	0	0	0	0	0	0	0	2	0	0	0	0	0	0	0
164123	12 Nov 25	11:27:00	1	0	55	0	Ct	0	1	0	0	0	0	0	0	0	0	0	3	0	0	0	0	0	0	0	1	0	0	0	0	0	0	0	0	0	0	0	0	0	0
164124	12 Nov 25	11:28:00	1	0	55	0	Ct	0	1	0	0	0	0	0	0	0	0	0	2	0	0	0	0	0	0	0	6	0	0	0	0	0	0	0	0	0	0	0	0	0	0
164125	12 Nov 25	11:29:00	1	0	55	0	Ct	0	1	0	0	0	0	0	0	0	0	0	2	0	0	0	0	0	0	0	2	0	0	0	0	0	0	2	0	0	0	0	0	0	0
164126	12 Nov 25	11:30:00	1	0	55	0	Ct	0	1	0	0	0	0	0	0	0	0	0	2	0	0	0	0	0	0	0	2	0	0	0	0	0	0	0	0	0	0	0	0	0	0
164127	12 Nov 25	11:31:00	1	0	55	0	Ct	0	1	0	0	0	0	0	0	0	0	0	2	0	0	0	0	0	0	0	1	0	0	0	0	0	0	1	0	0	0	0	0	0	0
164128	12 Nov 25	11:32:00	1	0	55	0	Ct	0	1	0	0	0	0	0	0	0	0	0	3	0	0	0	0	0	3	0	3	0	0	0	0	0	0	2	0	0	0	0	0	0	0
164129	12 Nov 25	11:33:00	1	0	55	0	Ct	0	1	0	0	0	0	0	0	0	0	0	2	0	0	0	0	0	3	1	2	0	0	0	0	2	0	1	0	0	0	0	0	0	0
164130	12 Nov 25	11:34:00	1	0	55	0	Ct	0	1	0	0	0	0	0	0	0	0	0	0	0	0	0	0	0	0	1	3	0	0	0	0	0	0	2	0	0	0	0	0	0	0
164131	12 Nov 25	11:35:00	1	0	55	0	Ct	0	1	0	0	0	0	0	0	0	0	0	1	0	0	0	0	0	2	0	2	0	0	0	0	0	0	1	0	0	0	0	0	0	0
164132	12 Nov 25	11:36:00	1	0	55	0	Ct	0	1	0	0	0	0	0	0	0	0	0	2	0	0	0	0	0	0	0	3	0	0	0	0	0	0	0	0	0	0	0	0	0	0
164133	12 Nov 25	11:37:00	1	0	55	0	Ct	0	1	0	0	0	0	0	0	0	0	0	5	0	0	0	0	0	1	0	2	0	0	0	0	0	0	0	0	0	0	0	0	0	0
164134	12 Nov 25	11:38:00	1	0	55	0	Ct	0	1	0	0	0	0	0	0	0	0	0	2	0	0	0	0	0	1	2	2	0	0	0	0	0	0	0	0	0	0	0	0	0	0
164135	12 Nov 25	11:39:00	1	0	55	0	Ct	0	1	0	0	0	0	0	0	0	0	0	2	0	0	0	0	0	0	0	1	0	0	0	0	0	0	0	0	0	0	0	0	0	0
164136	12 Nov 25	11:40:00	1	0	55	0	Ct	0	1	0	0	0	0	0	0	0	0	0	1	0	0	0	0	0	2	0	2	0	0	0	0	0	0	1	0	0	0	0	0	0	0
164137	12 Nov 25	11:41:00	1	0	55	0	Ct	0	1	0	0	0	0	0	0	0	0	0	2	0	0	0	0	0	3	0	3	0	0	0	0	0	0	1	0	0	0	0	0	0	0
164138	12 Nov 25	11:42:00	1	0	55	0	Ct	0	1	0	0	0	0	0	0	0	0	0	1	0	0	0	0	0	2	0	1	0	0	0	0	0	0	1	0	0	0	0	0	0	0
164139	12 Nov 25	11:43:00	1	0	55	0	Ct	0	1	0	0	0	0	0	0	0	0	0	0	0	0	0	0	0	0	0	3	0	0	0	0	0	0	1	0	0	0	0	0	0	0
164140	12 Nov 25	11:44:00	1	0	55	0	Ct	0	1	0	0	0	0	0	0	0	0	0	1	0	0	0	0	0	1	0	2	0	0	0	0	0	0	0	0	0	0	0	0	0	0
164141	12 Nov 25	11:45:00	1	0	55	0	Ct	0	1	0	0	0	0	0	0	0	0	0	2	0	0	0	0	0	5	0	2	0	0	0	0	0	0	0	0	0	0	0	0	0	0
164142	12 Nov 25	11:46:00	1	0	55	0	Ct	0	1	0	0	0	0	0	0	0	0	0	1	0	0	0	8	0	1	0	2	0	0	0	0	0	0	0	0	0	0	0	0	0	0
164143	12 Nov 25	11:47:00	1	0	55	0	Ct	0	1	0	0	0	0	0	0	0	0	0	3	0	0	0	0	0	2	0	2	0	0	0	0	1	0	1	0	0	0	0	0	0	0
164144	12 Nov 25	11:48:00	1	0	55	0	Ct	0	1	0	0	0	0	0	0	0	0	0	2	0	0	0	0	0	0	0	1	0	0	0	0	0	0	0	0	0	0	0	0	0	0
164145	12 Nov 25	11:49:00	1	0	55	0	Ct	0	1	0	0	0	0	0	0	0	0	0	1	0	0	0	0	0	2	0	2	0	0	0	0	0	0	1	0	0	0	0	0	0	0
164146	12 Nov 25	11:50:00	1	0	55	0	Ct	0	1	0	0	0	0	0	0	0	0	0	1	0	0	3	0	0	0	0	2	0	0	0	0	0	0	0	0	0	0	0	0	0	0
164147	12 Nov 25	11:51:00	1	0	55	0	Ct	0	1	0	0	0	0	0	0	0	0	0	2	0	0	0	0	0	0	0	1	0	0	0	0	1	0	1	0	0	0	0	0	0	0
164148	12 Nov 25	11:52:00	1	0	55	0	Ct	0	1	0	0	0	0	0	0	0	0	0	0	0	0	0	0	0	3	0	2	0	0	0	0	0	0	1	0	0	0	0	0	0	0
164149	12 Nov 25	11:53:00	1	0	55	0	Ct	0	1	0	0	0	0	0	0	0	0	0	0	0	0	0	1	0	0	0	1	0	0	0	0	0	0	0	0	0	0	0	0	0	0
164150	12 Nov 25	11:54:00	1	0	55	0	Ct	0	1	0	0	0	0	0	0	0	0	0	0	0	0	0	1	0	0	0	2	0	0	0	0	0	0	0	0	0	0	0	0	0	0
164151	12 Nov 25	11:55:00	1	0	55	0	Ct	0	1	0	0	0	0	0	0	0	0	0	0	0	0	0	0	0	1	0	1	0	0	0	0	0	0	1	0	0	0	0	0	1	0
164152	12 Nov 25	11:56:00	1	0	55	0	Ct	0	1	0	0	0	0	0	0	0	0	0	0	0	0	0	0	0	1	0	2	0	0	0	0	0	0	0	0	0	0	0	0	1	0
164153	12 Nov 25	11:57:00	1	0	55	0	Ct	0	1	0	0	0	0	0	0	0	0	0	0	0	0	0	0	0	0	0	1	0	0	0	0	0	0	1	0	0	0	0	0	0	0
164154	12 Nov 25	11:58:00	1	0	55	0	Ct	0	1	0	0	0	0	0	0	0	0	0	2	0	0	0	0	0	4	0	1	0	0	0	0	1	0	0	0	0	0	0	0	0	0
164155	12 Nov 25	11:59:00	1	0	55	0	Ct	0	1	0	0	0	0	0	0	0	0	0	0	0	0	0	0	0	0	0	1	0	0	0	0	2	0	0	0	0	0	0	0	0	0
164156	12 Nov 25	12:00:00	1	0	55	0	Ct	0	1	0	0	0	0	0	0	0	0	0	2	0	0	0	0	0	0	0	2	0	0	0	0	0	0	0	0	0	0	0	0	0	0
164157	12 Nov 25	12:01:00	1	0	55	0	Ct	0	1	0	0	0	0	0	0	0	0	0	3	0	0	0	0	0	0	0	0	0	0	0	0	0	0	0	0	0	0	0	0	0	0
164158	12 Nov 25	12:02:00	1	0	55	0	Ct	0	1	0	0	0	0	0	0	0	0	0	2	0	0	0	0	0	2	0	2	0	0	0	0	0	0	0	0	0	0	0	0	0	0
164159	12 Nov 25	12:03:00	1	0	55	0	Ct	0	1	0	0	0	0	0	0	0	0	0	2	0	0	0	0	0	0	0	2	0	0	0	0	1	0	1	0	0	0	0	0	0	0
164160	12 Nov 25	12:04:00	1	0	55	0	Ct	0	1	0	0	0	0	0	0	0	0	0	2	0	0	0	0	0	2	0	1	0	0	0	0	2	0	1	0	0	0	0	0	0	0
164161	12 Nov 25	12:05:00	1	0	55	0	Ct	0	1	0	0	0	0	0	0	0	0	0	1	0	0	0	0	0	0	0	0	0	0	0	0	0	0	0	0	0	0	0	0	0	0
164162	12 Nov 25	12:06:00	1	0	55	0	Ct	0	1	0	0	0	0	0	0	0	0	0	2	0	0	0	0	0	0	1	1	0	0	0	0	0	0	0	0	0	0	0	0	0	0
164163	12 Nov 25	12:07:00	1	0	55	0	Ct	0	1	0	0	0	0	0	0	0	0	0	2	0	0	0	0	0	0	1	1	0	0	0	0	0	0	2	0	0	0	0	0	0	0
164164	12 Nov 25	12:08:00	1	0	55	0	Ct	0	1	0	0	0	0	0	0	0	0	0	2	0	0	0	0	0	0	1	1	0	0	0	0	0	0	0	0	0	0	0	0	1	0
164165	12 Nov 25	12:09:00	1	0	55	0	Ct	0	1	0	0	0	0	0	0	0	0	0	1	0	0	0	0	0	0	0	1	0	0	0	0	0	0	2	0	0	0	0	0	2	0
164166	12 Nov 25	12:10:00	1	0	55	0	Ct	0	1	0	0	0	0	0	0	0	0	0	2	0	0	0	0	0	0	0	0	0	0	0	0	2	0	3	0	0	0	0	2	4	0
164167	12 Nov 25	12:11:00	1	0	55	0	Ct	0	1	0	0	0	0	0	0	0	0	0	1	0	0	0	0	0	0	0	0	0	0	0	0	0	0	0	0	0	0	0	0	0	0
164168	12 Nov 25	12:12:00	1	0	55	0	Ct	0	1	0	0	0	0	0	0	0	0	0	3	0	0	0	0	0	0	0	1	0	0	0	0	0	0	2	0	0	0	0	0	0	0
164169	12 Nov 25	12:13:00	1	0	55	0	Ct	0	1	0	0	0	0	0	0	0	0	0	2	0	0	0	1	0	0	0	3	0	0	0	0	0	0	0	0	0	0	0	0	2	0
164170	12 Nov 25	12:14:00	1	0	55	0	Ct	0	1	0	0	0	0	0	0	0	0	0	2	0	0	0	0	0	0	0	1	0	0	0	0	1	0	1	0	0	0	0	0	2	0
164171	12 Nov 25	12:15:00	1	0	55	0	Ct	0	1	0	0	0	0	0	0	0	0	0	1	0	0	0	0	0	0	0	1	0	0	0	0	2	0	0	0	0	0	0	0	1	0
164172	12 Nov 25	12:16:00	1	0	55	0	Ct	0	1	0	0	0	0	0	0	0	0	0	1	0	0	0	2	0	0	2	0	0	0	0	0	0	0	1	0	0	0	0	0	2	0
164173	12 Nov 25	12:17:00	1	0	55	0	Ct	0	1	0	0	0	0	0	0	0	0	0	2	0	0	0	0	0	0	0	0	0	0	0	0	0	0	0	0	0	0	0	0	1	0
164174	12 Nov 25	12:18:00	1	0	55	0	Ct	0	1	0	0	0	0	0	0	0	0	0	3	0	0	0	0	0	0	1	1	0	0	0	0	0	0	0	0	0	0	0	0	2	0
164175	12 Nov 25	12:19:00	1	0	55	0	Ct	0	1	0	0	0	0	0	0	0	0	0	0	0	0	0	0	0	0	1	1	0	0	0	0	0	0	0	0	0	0	0	0	1	0
164176	12 Nov 25	12:20:00	1	0	55	0	Ct	0	1	0	0	0	0	0	0	0	0	0	4	0	0	0	0	0	0	0	3	0	0	0	0	0	0	0	0	0	0	0	0	1	0
164177	12 Nov 25	12:21:00	1	0	55	0	Ct	0	1	0	0	0	0	0	0	0	0	0	0	0	0	0	0	0	0	0	0	0	0	0	2	0	0	1	0	0	0	0	0	3	0
164178	12 Nov 25	12:22:00	1	0	55	0	Ct	0	1	0	0	0	0	0	0	0	0	0	1	0	0	0	0	0	0	0	1	0	0	0	1	0	0	0	0	0	0	0	0	3	0
164179	12 Nov 25	12:23:00	1	0	55	0	Ct	0	1	0	0	0	0	0	2	0	0	0	1	0	0	0	0	0	0	1	1	0	0	0	0	0	0	0	0	0	0	0	0	1	0
164180	12 Nov 25	12:24:00	1	0	55	0	Ct	0	1	0	0	0	0	0	1	0	0	0	0	0	0	0	0	0	0	1	0	0	0	0	0	0	0	0	0	0	0	0	0	3	0
164181	12 Nov 25	12:25:00	1	0	55	0	Ct	0	1	0	0	1	0	0	0	0	0	0	0	0	0	0	0	0	0	0	0	0	0	0	0	0	0	0	0	0	0	0	0	4	0
164182	12 Nov 25	12:26:00	1	0	55	0	Ct	0	1	0	0	1	0	0	0	0	0	0	0	0	0	0	1	0	0	0	0	0	0	0	0	0	0	0	0	0	0	0	0	3	0
164183	12 Nov 25	12:27:00	1	0	55	0	Ct	0	1	0	0	0	0	0	0	0	0	0	0	0	0	0	1	0	0	1	1	0	0	0	0	0	0	0	0	0	0	0	0	4	0
164184	12 Nov 25	12:28:00	1	0	55	0	Ct	0	1	0	0	0	0	0	0	0	0	0	1	0	0	0	0	0	0	1	1	0	0	0	0	0	0	0	0	0	0	0	0	3	0
164185	12 Nov 25	12:29:00	1	0	55	0	Ct	0	1	0	0	0	0	0	0	0	0	0	1	0	0	0	0	0	0	0	0	0	0	0	0	0	0	1	0	0	0	0	0	2	0
164186	12 Nov 25	12:30:00	1	0	55	0	Ct	0	1	0	0	0	0	0	0	0	0	0	0	0	0	0	0	0	0	0	0	0	0	0	0	0	0	1	0	0	0	0	0	1	0
164187	12 Nov 25	12:31:00	1	0	55	0	Ct	0	1	0	0	0	0	0	1	0	0	0	0	0	0	0	0	0	0	1	0	0	0	0	0	0	0	0	0	0	0	0	0	1	0
164188	12 Nov 25	12:32:00	1	0	55	0	Ct	0	1	0	0	0	0	0	1	0	0	0	0	0	0	0	0	0	0	1	0	0	0	0	0	3	0	0	0	0	0	0	0	0	0
164189	12 Nov 25	12:33:00	1	0	55	0	Ct	0	1	0	0	0	0	0	0	0	0	0	0	0	0	0	0	0	0	0	0	0	0	0	0	1	0	0	0	0	0	0	0	2	0
164190	12 Nov 25	12:34:00	1	0	55	0	Ct	0	1	0	0	0	0	0	0	0	0	0	0	0	0	0	0	0	0	0	0	0	0	0	0	0	0	0	0	0	0	0	0	2	0
164191	12 Nov 25	12:35:00	1	0	55	0	Ct	0	1	0	0	0	0	0	0	0	0	0	0	0	0	0	0	0	0	0	0	0	0	0	0	0	0	0	0	0	0	0	0	1	0
164192	12 Nov 25	12:36:00	1	0	55	0	Ct	0	1	0	0	0	0	0	0	0	0	0	0	0	0	0	3	0	0	0	0	0	0	0	0	0	0	0	0	0	0	0	0	1	0
164193	12 Nov 25	12:37:00	1	0	55	0	Ct	0	1	0	0	0	0	0	2	0	0	0	2	0	0	0	0	0	0	0	0	0	0	0	0	0	0	0	0	2	0	0	0	2	0
164194	12 Nov 25	12:38:00	1	0	55	0	Ct	0	1	0	0	0	0	0	0	0	0	0	1	0	0	0	0	0	2	2	0	0	0	0	0	0	0	0	0	1	0	0	0	1	0
164195	12 Nov 25	12:39:00	1	0	55	0	Ct	0	1	0	0	0	0	0	0	0	0	0	1	0	0	0	0	0	0	0	2	0	0	0	0	0	0	2	0	0	0	0	0	0	0
164196	12 Nov 25	12:40:00	1	0	55	0	Ct	0	1	0	0	0	0	0	2	0	0	0	1	0	0	0	0	0	0	0	0	0	0	0	0	0	0	0	0	0	0	0	0	1	0
164197	12 Nov 25	12:41:00	1	0	55	0	Ct	0	1	0	0	0	0	0	3	0	0	0	2	0	0	0	0	0	0	0	2	0	0	0	0	0	0	2	0	0	0	0	0	1	0
164198	12 Nov 25	12:42:00	1	0	55	0	Ct	0	1	0	0	0	0	0	2	0	0	0	1	0	0	0	0	0	0	0	2	0	0	0	0	0	0	0	0	0	0	0	0	0	0
164199	12 Nov 25	12:43:00	1	0	55	0	Ct	0	1	0	0	0	0	0	2	0	0	0	0	0	0	0	0	0	0	0	0	0	0	0	0	0	0	1	0	0	0	0	0	1	0
164200	12 Nov 25	12:44:00	1	0	55	0	Ct	0	1	0	0	0	0	0	2	0	0	0	2	0	0	0	0	0	0	0	2	0	0	0	0	0	0	1	0	0	0	0	0	3	0
164201	12 Nov 25	12:45:00	1	0	55	0	Ct	0	1	0	0	0	0	0	0	0	0	0	1	0	0	0	0	0	0	0	0	0	0	0	0	0	0	3	0	0	0	0	0	2	0
164202	12 Nov 25	12:46:00	1	0	55	0	Ct	0	1	0	0	0	0	0	1	0	0	0	1	0	0	0	0	0	0	0	0	0	0	0	0	0	0	1	0	0	0	0	0	2	0
164203	12 Nov 25	12:47:00	1	0	55	0	Ct	0	1	0	0	0	0	0	1	0	0	0	1	0	0	0	0	0	0	0	0	0	0	0	0	0	0	0	0	0	0	0	0	0	0
164204	12 Nov 25	12:48:00	1	0	55	0	Ct	0	1	0	0	0	0	0	1	0	0	0	3	0	0	0	0	0	2	0	2	0	0	0	0	0	0	0	0	0	0	0	0	0	0
164205	12 Nov 25	12:49:00	1	0	55	0	Ct	0	1	0	0	0	0	0	2	0	0	0	1	0	0	0	0	0	0	1	0	0	0	0	0	0	0	0	0	1	0	0	0	0	0
164206	12 Nov 25	12:50:00	1	0	55	0	Ct	0	1	0	0	0	0	0	2	0	0	0	1	0	0	0	0	0	0	1	3	0	0	0	0	1	0	0	0	3	0	0	0	0	0
164207	12 Nov 25	12:51:00	1	0	55	0	Ct	0	1	0	0	0	0	0	0	0	0	0	2	0	0	0	0	0	0	0	0	0	0	0	0	0	0	1	0	0	0	0	0	0	0
164208	12 Nov 25	12:52:00	1	0	55	0	Ct	0	1	0	0	0	0	0	0	0	0	0	2	0	0	0	0	0	0	0	1	0	0	0	0	0	0	1	0	0	0	0	0	0	0
164209	12 Nov 25	12:53:00	1	0	55	0	Ct	0	1	0	0	0	0	0	2	0	0	0	1	0	0	0	0	0	0	0	1	0	0	0	0	0	0	0	0	3	0	0	0	0	0
164210	12 Nov 25	12:54:00	1	0	55	0	Ct	0	1	0	0	0	0	0	2	0	0	0	1	0	0	0	0	0	0	0	0	0	0	0	0	1	0	2	0	1	0	0	0	0	0
164211	12 Nov 25	12:55:00	1	0	55	0	Ct	0	1	0	0	0	0	0	1	0	0	0	2	0	0	0	0	0	0	0	0	0	0	0	0	0	0	0	0	0	0	0	0	0	0
164212	12 Nov 25	12:56:00	1	0	55	0	Ct	0	1	0	0	0	0	0	1	0	0	0	2	0	0	0	0	0	0	0	1	0	0	0	0	1	0	2	0	2	0	0	0	2	0
164213	12 Nov 25	12:57:00	1	0	55	0	Ct	0	1	0	0	0	0	0	1	0	0	0	0	0	0	0	0	0	0	0	2	0	0	0	0	1	0	0	0	0	0	0	0	1	0
164214	12 Nov 25	12:58:00	1	0	55	0	Ct	0	1	0	0	0	0	0	1	0	0	0	2	0	0	0	0	0	0	0	1	0	0	0	0	0	0	0	0	0	0	0	0	0	0
164215	12 Nov 25	12:59:00	1	0	55	0	Ct	0	1	0	0	0	0	0	0	0	0	0	1	0	0	0	0	0	0	1	0	0	0	0	0	0	0	0	0	2	0	0	0	1	0
164216	12 Nov 25	13:00:00	1	0	55	0	Ct	0	1	0	0	0	0	0	2	0	0	0	1	0	0	0	0	0	0	1	0	0	0	0	0	0	0	1	0	0	0	0	0	2	0
164217	12 Nov 25	13:01:00	1	0	55	0	Ct	0	1	0	1	0	0	0	1	0	0	0	0	0	0	0	0	0	0	0	0	0	0	0	0	0	0	0	0	2	0	0	0	1	0
164218	12 Nov 25	13:02:00	1	0	55	0	Ct	0	1	0	3	0	0	0	1	0	0	0	2	0	0	0	0	0	0	0	1	0	0	0	0	0	0	0	0	1	0	0	0	1	0
164219	12 Nov 25	13:03:00	1	0	55	0	Ct	0	1	0	1	0	0	0	2	0	0	0	0	0	0	0	0	0	0	0	1	0	0	0	0	1	0	0	0	5	0	0	0	2	0
164220	12 Nov 25	13:04:00	1	0	55	0	Ct	0	1	0	0	2	0	0	1	0	0	0	0	0	0	0	0	0	0	1	0	0	0	0	0	0	0	0	0	0	0	0	0	0	0
164221	12 Nov 25	13:05:00	1	0	55	0	Ct	0	1	0	0	0	0	0	1	0	0	0	2	0	0	0	0	0	3	1	0	0	0	0	0	0	0	0	0	1	0	0	0	1	0
164222	12 Nov 25	13:06:00	1	0	55	0	Ct	0	1	0	0	0	0	0	0	0	0	0	0	0	0	0	0	0	0	0	2	0	0	0	0	2	0	1	0	1	0	0	0	1	0
164223	12 Nov 25	13:07:00	1	0	55	0	Ct	0	1	0	0	0	0	0	1	0	0	0	0	0	0	0	0	0	0	0	1	0	0	0	0	0	0	0	0	6	0	0	0	2	0
164224	12 Nov 25	13:08:00	1	0	55	0	Ct	0	1	0	0	0	0	0	2	0	0	0	2	1	0	0	0	0	0	1	0	0	0	0	0	0	0	0	0	1	0	0	0	1	0
164225	12 Nov 25	13:09:00	1	0	55	0	Ct	0	1	0	0	0	0	0	0	0	0	0	0	0	0	0	0	0	0	0	1	0	0	0	0	0	0	1	0	5	0	0	0	1	0
164226	12 Nov 25	13:10:00	1	0	55	0	Ct	0	1	0	0	0	0	0	1	0	0	0	0	0	0	0	0	0	0	1	0	0	0	0	0	0	0	0	0	0	0	0	0	1	0
164227	12 Nov 25	13:11:00	1	0	55	0	Ct	0	1	0	0	0	0	0	0	0	0	0	0	0	0	0	0	0	0	0	0	0	0	0	0	0	0	1	0	4	0	0	0	1	0
164228	12 Nov 25	13:12:00	1	0	55	0	Ct	0	1	0	0	0	0	0	2	0	0	0	1	0	0	0	0	0	0	0	0	0	0	0	0	1	0	0	0	4	0	0	0	2	0
164229	12 Nov 25	13:13:00	1	0	55	0	Ct	0	1	0	0	0	0	0	1	0	0	0	1	0	0	0	0	0	0	0	2	0	0	0	0	1	0	0	0	1	0	0	0	0	0
164230	12 Nov 25	13:14:00	1	0	55	0	Ct	0	1	0	0	0	0	0	0	0	0	0	0	0	0	0	0	0	0	0	0	0	0	0	0	1	0	0	0	1	0	0	0	1	0
164231	12 Nov 25	13:15:00	1	0	55	0	Ct	0	1	0	0	0	0	0	2	0	0	0	2	0	0	0	0	0	0	0	1	0	0	0	0	0	0	1	0	1	0	0	0	0	0
164232	12 Nov 25	13:16:00	1	0	55	0	Ct	0	1	0	0	0	0	0	2	0	0	0	0	0	0	0	0	0	0	1	2	0	0	2	0	0	0	0	0	0	0	0	0	2	0
164233	12 Nov 25	13:17:00	1	0	55	0	Ct	0	1	0	0	0	0	0	1	0	0	0	2	0	0	0	0	0	0	1	0	0	0	3	0	0	0	1	0	2	0	0	0	3	0
164234	12 Nov 25	13:18:00	1	0	55	0	Ct	0	1	0	0	0	0	0	1	0	0	0	0	0	0	0	0	0	0	0	1	0	0	0	0	0	0	0	0	0	0	0	0	1	0
164235	12 Nov 25	13:19:00	1	0	55	0	Ct	0	1	0	0	0	0	0	1	0	0	0	0	0	0	0	0	0	0	0	0	0	0	0	0	2	0	0	0	0	0	0	0	3	0
164236	12 Nov 25	13:20:00	1	0	55	0	Ct	0	1	0	0	0	0	0	0	0	0	0	2	0	0	0	0	0	0	0	0	0	0	0	0	0	0	0	0	1	0	0	0	2	0
164237	12 Nov 25	13:21:00	1	0	55	0	Ct	0	1	0	0	0	0	0	2	0	0	0	0	0	0	0	0	0	0	0	2	0	0	0	0	0	0	0	0	1	0	0	0	0	0
164238	12 Nov 25	13:22:00	1	0	55	0	Ct	0	1	0	0	0	0	0	0	0	0	0	2	0	0	0	0	0	0	0	2	0	0	0	0	0	0	0	0	2	0	0	0	3	0
164239	12 Nov 25	13:23:00	1	0	55	0	Ct	0	1	0	0	0	0	0	1	0	0	0	2	0	0	0	0	0	0	1	2	0	0	0	0	0	0	1	0	3	0	0	0	0	0
164240	12 Nov 25	13:24:00	1	0	55	0	Ct	0	1	0	0	0	0	0	0	0	0	0	0	0	0	0	0	0	0	1	1	0	0	0	0	0	0	1	0	1	0	0	0	1	0
164241	12 Nov 25	13:25:00	1	0	55	0	Ct	0	1	0	0	0	0	0	2	0	0	0	0	0	0	0	0	0	0	0	1	0	0	0	0	2	0	0	0	1	0	0	0	3	0
164242	12 Nov 25	13:26:00	1	0	55	0	Ct	0	1	0	0	0	0	0	1	0	0	0	0	0	0	0	0	0	0	0	0	0	0	0	0	0	8	0	0	0	0	0	0	5	0
164243	12 Nov 25	13:27:00	1	0	55	0	Ct	0	1	0	0	0	0	0	1	0	0	0	0	0	0	0	0	0	0	0	0	0	0	0	0	0	0	1	0	0	0	0	0	2	0
164244	12 Nov 25	13:28:00	1	0	55	0	Ct	0	1	0	0	0	0	0	1	0	0	0	2	0	0	0	0	0	0	0	0	0	0	0	0	0	0	1	0	0	0	0	0	0	0
164245	12 Nov 25	13:29:00	1	0	55	0	Ct	0	1	0	0	0	0	0	1	0	0	0	0	0	0	0	0	0	0	0	2	0	0	0	0	0	0	0	0	9	0	0	0	0	0
164246	12 Nov 25	13:30:00	1	0	55	0	Ct	0	1	0	2	0	0	0	0	0	0	0	2	0	0	0	0	0	0	0	0	0	0	0	0	0	0	0	0	4	0	0	0	0	0
164247	12 Nov 25	13:31:00	1	0	55	0	Ct	0	1	0	0	0	0	0	2	0	0	0	1	0	0	0	0	0	0	0	1	0	0	0	0	0	0	0	0	4	0	0	0	0	0
164248	12 Nov 25	13:32:00	1	0	55	0	Ct	0	1	0	1	0	0	0	1	0	0	0	1	0	0	0	2	0	0	0	2	0	0	0	5	0	0	1	0	1	0	0	0	2	0
164249	12 Nov 25	13:33:00	1	0	55	0	Ct	0	1	0	1	0	0	0	1	0	0	0	0	0	0	0	0	0	0	0	1	0	0	0	1	2	0	8	0	1	0	0	0	1	0
164250	12 Nov 25	13:34:00	1	0	55	0	Ct	0	1	0	0	0	0	0	1	0	0	0	0	0	0	0	0	0	0	0	0	0	0	0	0	0	0	26	0	3	0	0	0	1	0
164251	12 Nov 25	13:35:00	1	0	55	0	Ct	0	1	0	0	0	0	0	2	0	0	0	0	0	0	0	0	0	0	0	2	0	0	0	0	0	0	2	0	3	0	0	0	1	0
164252	12 Nov 25	13:36:00	1	0	55	0	Ct	0	1	0	0	0	0	0	0	0	0	0	0	0	1	1	0	0	0	0	1	0	0	0	0	0	0	1	0	1	0	0	0	1	0
164253	12 Nov 25	13:37:00	1	0	55	0	Ct	0	1	0	0	0	0	0	2	0	0	0	2	0	0	1	0	0	0	0	1	0	0	0	0	0	0	0	0	1	0	0	0	0	0
164254	12 Nov 25	13:38:00	1	0	55	0	Ct	0	1	0	0	0	0	0	3	0	0	0	0	0	0	0	0	0	0	0	1	0	0	0	0	0	0	0	0	0	0	0	0	0	0
164255	12 Nov 25	13:39:00	1	0	55	0	Ct	0	1	0	0	0	0	0	1	0	0	0	1	0	0	0	0	0	0	1	1	0	0	0	0	0	0	0	0	0	0	0	0	1	0
164256	12 Nov 25	13:40:00	1	0	55	0	Ct	0	1	0	0	0	0	0	2	0	0	0	1	0	0	0	0	0	0	1	1	0	0	0	0	0	0	2	0	0	0	0	0	0	0
164257	12 Nov 25	13:41:00	1	0	55	0	Ct	0	1	0	0	0	0	0	2	0	0	0	3	0	0	0	0	0	0	0	0	0	0	0	0	0	0	0	0	4	0	0	1	0	0
164258	12 Nov 25	13:42:00	1	0	55	0	Ct	0	1	0	0	0	0	0	1	0	0	0	1	0	0	0	0	0	0	0	1	0	0	0	0	0	0	0	0	0	0	0	0	1	0
164259	12 Nov 25	13:43:00	1	0	55	0	Ct	0	1	0	0	0	0	0	1	0	0	0	2	0	0	0	0	0	0	0	0	0	0	0	0	0	0	0	0	1	0	0	0	0	0
164260	12 Nov 25	13:44:00	1	0	55	0	Ct	0	1	0	0	0	0	0	2	1	0	0	1	0	0	0	0	0	0	0	0	0	0	0	2	0	0	1	0	2	0	0	0	0	0
164261	12 Nov 25	13:45:00	1	0	55	0	Ct	0	1	0	0	0	0	0	0	0	0	0	1	0	0	0	0	0	0	0	1	0	0	0	1	0	0	1	0	1	0	0	0	0	0
164262	12 Nov 25	13:46:00	1	0	55	0	Ct	0	1	0	0	0	0	0	0	0	0	0	0	0	0	0	0	0	0	0	1	0	0	0	2	0	0	0	0	2	0	0	0	0	0
164263	12 Nov 25	13:47:00	1	0	55	0	Ct	0	1	0	0	0	0	0	3	0	0	0	1	0	0	0	0	0	0	0	0	0	0	0	1	0	0	0	0	2	0	0	0	0	0
164264	12 Nov 25	13:48:00	1	0	55	0	Ct	0	1	0	0	0	0	0	1	0	0	0	1	0	0	0	0	0	0	0	0	0	0	0	0	2	0	1	0	1	0	0	0	0	0
164265	12 Nov 25	13:49:00	1	0	55	0	Ct	0	1	0	0	0	0	0	1	0	0	0	1	0	0	0	0	0	0	1	0	0	0	0	2	0	0	0	0	1	0	0	0	0	0
164266	12 Nov 25	13:50:00	1	0	55	0	Ct	0	1	0	0	0	0	0	0	0	0	0	1	0	0	0	4	0	0	1	0	0	0	0	0	0	0	2	0	0	0	0	0	0	0
164267	12 Nov 25	13:51:00	1	0	55	0	Ct	0	1	0	0	0	0	0	0	0	0	0	2	0	0	0	0	0	0	0	0	1	0	0	2	0	0	0	0	0	0	0	0	0	0
164268	12 Nov 25	13:52:00	1	0	55	0	Ct	0	1	0	0	0	0	0	1	0	0	0	0	0	0	0	0	0	0	2	0	0	0	0	2	0	0	1	0	2	0	0	0	0	0
164269	12 Nov 25	13:53:00	1	0	55	0	Ct	0	1	0	0	0	0	0	1	0	0	0	2	0	0	0	0	0	0	0	0	1	0	0	1	0	0	2	0	0	0	0	0	0	0
164270	12 Nov 25	13:54:00	1	0	55	0	Ct	0	1	0	0	0	0	0	0	0	0	0	0	0	0	0	0	0	0	0	0	0	0	0	2	0	0	4	0	2	0	0	0	1	0
164271	12 Nov 25	13:55:00	1	0	55	0	Ct	0	1	0	0	0	0	0	1	0	0	0	0	0	0	0	0	0	0	0	0	0	0	0	1	0	0	0	0	1	0	0	0	1	0
164272	12 Nov 25	13:56:00	1	0	55	0	Ct	0	1	0	0	0	0	0	0	0	0	0	1	0	0	0	0	0	0	0	1	0	0	0	1	0	6	0	0	1	0	0	0	1	0
164273	12 Nov 25	13:57:00	1	0	55	0	Ct	0	1	0	0	0	0	0	2	0	0	0	1	0	0	0	0	0	0	2	0	0	0	0	1	0	1	0	0	3	0	0	0	0	0
164274	12 Nov 25	13:58:00	1	0	55	0	Ct	0	1	0	0	0	0	0	1	0	0	0	0	0	0	0	0	0	0	0	1	0	0	0	3	0	2	1	0	0	0	0	0	2	0
164275	12 Nov 25	13:59:00	1	0	55	0	Ct	0	1	0	0	0	0	0	1	0	0	0	0	0	0	0	0	0	0	0	0	0	0	0	1	0	2	0	0	2	0	0	0	1	0
164276	12 Nov 25	14:00:00	1	0	55	0	Ct	0	1	0	0	0	0	0	0	0	0	0	2	0	0	0	0	0	0	0	0	0	0	0	2	0	0	1	0	1	0	0	0	0	0
164277	12 Nov 25	14:01:00	1	0	55	0	Ct	0	1	0	0	0	0	0	1	0	0	0	0	0	0	0	0	0	0	1	0	0	0	0	0	2	5	0	0	0	0	0	0	2	0
164278	12 Nov 25	14:02:00	1	0	55	0	Ct	0	1	0	0	0	0	0	1	0	0	0	0	0	0	0	0	0	0	1	0	0	0	0	0	1	2	0	0	2	0	0	0	1	0
164279	12 Nov 25	14:03:00	1	0	55	0	Ct	0	1	0	0	0	0	0	1	0	0	0	0	0	0	0	0	0	0	0	2	0	0	0	1	0	2	0	0	0	0	0	0	1	0
164280	12 Nov 25	14:04:00	1	0	55	0	Ct	0	1	0	0	0	0	0	1	0	0	0	2	0	0	0	0	0	0	0	0	0	0	0	1	0	4	0	0	0	0	0	0	0	0
164281	12 Nov 25	14:05:00	1	0	55	0	Ct	0	1	0	0	0	0	0	1	0	0	0	0	0	0	0	0	0	0	0	0	0	0	0	2	0	3	0	0	0	0	0	0	3	0
164282	12 Nov 25	14:06:00	1	0	55	0	Ct	0	1	0	0	0	0	0	1	0	0	0	0	0	0	0	0	0	0	0	3	1	0	0	0	0	0	1	0	2	0	0	0	0	0
164283	12 Nov 25	14:07:00	1	0	55	0	Ct	0	1	0	0	0	0	0	0	0	0	0	2	0	0	0	0	0	0	0	0	0	0	0	0	0	4	1	0	1	0	0	0	0	0
164284	12 Nov 25	14:08:00	1	0	55	0	Ct	0	1	0	0	0	0	0	2	0	0	0	0	0	0	0	0	0	0	0	0	1	0	0	2	0	2	0	0	3	0	0	0	0	0
164285	12 Nov 25	14:09:00	1	0	55	0	Ct	0	1	0	0	0	0	0	2	0	0	0	0	0	0	0	0	0	0	1	0	0	0	0	1	0	2	0	0	0	0	0	0	0	0
164286	12 Nov 25	14:10:00	1	0	55	0	Ct	0	1	0	0	0	0	0	0	0	0	0	1	0	0	0	0	0	0	1	0	1	0	0	0	0	2	2	0	0	0	0	0	0	0
164287	12 Nov 25	14:11:00	1	0	55	0	Ct	0	1	0	0	0	0	0	2	0	0	0	1	0	0	0	0	0	0	0	0	1	0	0	1	0	0	0	0	2	0	0	0	0	0
164288	12 Nov 25	14:12:00	1	0	55	0	Ct	0	1	0	0	0	0	0	0	0	0	0	1	0	0	0	0	0	0	0	0	0	0	0	1	0	4	0	0	0	0	0	0	0	0
164289	12 Nov 25	14:13:00	1	0	55	0	Ct	0	1	0	0	0	0	0	2	0	0	0	0	0	0	0	0	0	0	2	0	0	0	0	0	0	4	1	0	3	0	0	0	0	0
164290	12 Nov 25	14:14:00	1	0	55	0	Ct	0	1	0	0	0	0	0	0	0	0	0	2	0	0	0	0	0	0	0	0	0	0	0	0	0	2	0	0	1	0	0	0	0	0
164291	12 Nov 25	14:15:00	1	0	55	0	Ct	0	1	0	0	0	0	0	0	0	0	0	2	0	0	0	0	0	0	0	0	0	0	0	0	0	5	0	0	0	0	0	0	0	0
164292	12 Nov 25	14:16:00	1	0	55	0	Ct	0	1	0	0	0	0	0	2	0	0	0	0	0	0	0	0	0	0	0	2	1	0	0	0	0	0	0	0	0	0	0	0	0	0
164293	12 Nov 25	14:17:00	1	0	55	0	Ct	0	1	0	0	0	0	0	0	0	0	0	0	0	0	0	0	0	0	0	0	1	0	0	0	0	3	1	0	1	0	0	0	0	0
164294	12 Nov 25	14:18:00	1	0	55	0	Ct	0	1	0	0	0	0	0	1	1	0	0	2	0	0	0	0	0	0	2	1	1	0	0	2	0	1	3	0	1	0	0	1	0	0
164295	12 Nov 25	14:19:00	1	0	55	0	Ct	0	1	0	0	0	0	0	1	3	0	0	2	0	0	0	0	0	0	0	1	1	0	0	2	2	2	0	0	1	0	0	1	0	0
164296	12 Nov 25	14:20:00	1	0	55	0	Ct	0	1	0	0	0	0	0	1	0	0	0	2	0	0	0	0	0	0	0	0	0	0	0	0	0	5	0	0	0	0	0	0	0	0
164297	12 Nov 25	14:21:00	1	0	55	0	Ct	0	1	0	0	0	0	0	1	0	0	0	0	0	0	0	0	0	0	0	0	0	0	0	0	0	3	0	0	2	0	1	0	4	0
164298	12 Nov 25	14:22:00	1	0	55	0	Ct	0	1	0	0	0	0	0	0	0	0	0	2	0	0	0	0	0	0	0	0	1	0	0	1	0	0	0	0	0	0	2	0	0	0
164299	12 Nov 25	14:23:00	1	0	55	0	Ct	0	1	0	0	0	0	0	1	0	0	0	0	0	0	0	0	0	0	2	0	1	0	0	1	0	1	2	0	2	0	1	0	0	0
164300	12 Nov 25	14:24:00	1	0	55	0	Ct	0	1	0	0	0	0	0	0	0	0	0	0	0	0	0	0	0	0	0	0	2	0	0	0	0	1	0	0	1	0	0	0	0	0
164301	12 Nov 25	14:25:00	1	0	55	0	Ct	0	1	0	0	0	0	0	1	0	0	0	0	0	0	0	0	0	0	0	1	0	0	0	0	0	2	3	0	1	0	0	0	0	0
164302	12 Nov 25	14:26:00	1	0	55	0	Ct	0	1	0	0	0	0	0	0	0	0	0	0	0	0	0	0	0	0	0	0	0	0	0	0	0	0	0	0	0	0	0	0	0	0
164303	12 Nov 25	14:27:00	1	0	55	0	Ct	0	1	0	0	0	0	0	1	0	0	0	0	0	0	0	0	0	0	0	0	0	0	0	0	0	1	1	0	0	0	0	0	0	0
164304	12 Nov 25	14:28:00	1	0	55	0	Ct	0	1	0	0	0	0	0	0	0	0	0	0	0	0	0	0	0	0	0	3	0	0	0	0	0	2	0	0	0	0	0	0	0	0
164305	12 Nov 25	14:29:00	1	0	55	0	Ct	0	1	0	0	0	0	0	1	0	0	0	0	0	0	0	0	0	0	0	0	0	0	0	2	0	2	2	0	0	0	0	0	0	0
164306	12 Nov 25	14:30:00	1	0	55	0	Ct	0	1	0	0	0	0	0	0	0	0	0	0	0	0	0	0	0	0	0	0	0	0	0	0	0	3	0	0	0	0	0	0	0	0
164307	12 Nov 25	14:31:00	1	0	55	0	Ct	0	1	0	0	0	0	0	0	0	0	0	0	0	0	0	0	0	0	0	0	2	0	0	0	0	2	2	0	0	0	0	0	0	0
164308	12 Nov 25	14:32:00	1	0	55	0	Ct	0	1	0	0	0	0	0	0	0	0	0	0	0	0	0	0	0	0	0	0	0	0	0	2	0	2	0	0	2	0	0	0	0	0
164309	12 Nov 25	14:33:00	1	0	55	0	Ct	0	1	0	0	0	0	0	0	0	0	0	0	0	0	0	0	0	0	0	0	1	0	0	0	1	1	2	0	0	0	1	0	0	0
164310	12 Nov 25	14:34:00	1	0	55	0	Ct	0	1	0	0	0	0	0	0	0	4	2	0	0	0	0	0	0	0	0	1	0	0	0	0	0	0	1	0	0	0	1	0	0	0
164311	12 Nov 25	14:35:00	1	0	55	0	Ct	0	1	0	0	0	0	0	0	0	0	0	0	0	0	0	0	0	0	0	1	0	0	0	2	0	0	0	0	0	0	0	0	0	0
164312	12 Nov 25	14:36:00	1	0	55	0	Ct	0	1	0	0	0	0	0	0	0	0	0	0	0	0	0	0	0	0	0	0	1	0	0	0	0	3	0	0	0	0	0	0	0	1
164313	12 Nov 25	14:37:00	1	0	55	0	Ct	0	1	0	0	0	0	0	0	0	0	0	0	0	0	0	0	0	0	0	1	1	0	0	0	1	4	0	0	0	0	0	0	0	1
164314	12 Nov 25	14:38:00	1	0	55	0	Ct	0	1	0	0	0	0	0	0	0	0	0	0	0	0	0	0	0	0	0	2	1	0	0	1	2	0	0	0	0	0	3	0	2	0
164315	12 Nov 25	14:39:00	1	0	55	0	Ct	0	1	0	0	0	0	0	0	0	0	0	0	0	0	0	0	0	0	0	1	1	0	0	1	0	2	0	0	1	0	0	0	0	0
164316	12 Nov 25	14:40:00	1	0	55	0	Ct	0	1	0	0	0	0	0	0	0	0	0	2	0	0	0	0	0	0	1	0	5	0	0	0	0	1	0	0	1	0	1	0	1	0
164317	12 Nov 25	14:41:00	1	0	55	0	Ct	0	1	0	0	0	0	0	0	0	0	0	1	0	0	0	0	0	0	2	1	0	0	0	0	0	0	1	0	0	0	0	0	0	0
164318	12 Nov 25	14:42:00	1	0	55	0	Ct	0	1	0	0	0	0	0	1	0	0	0	0	0	1	0	0	0	0	0	1	0	0	0	0	0	0	0	0	1	0	0	0	0	0
164319	12 Nov 25	14:43:00	1	0	55	0	Ct	0	1	0	0	0	0	0	0	0	0	0	0	0	2	0	0	0	0	0	0	0	0	0	0	0	0	0	0	1	0	0	0	0	0
164320	12 Nov 25	14:44:00	1	0	55	0	Ct	0	1	0	0	0	0	0	1	0	0	0	2	0	2	0	0	0	0	0	2	0	0	0	0	0	2	1	0	0	0	0	0	0	0
164321	12 Nov 25	14:45:00	1	0	55	0	Ct	0	1	0	0	1	0	0	0	0	0	0	0	0	0	0	2	0	1	0	0	0	0	0	0	0	0	1	0	0	0	0	0	1	0
164322	12 Nov 25	14:46:00	1	0	55	0	Ct	0	1	0	0	1	0	0	1	0	0	0	0	0	0	0	0	0	0	0	1	0	0	0	0	2	2	0	0	0	0	0	0	2	0
164323	12 Nov 25	14:47:00	1	0	55	0	Ct	0	1	0	0	0	0	0	1	0	0	0	0	0	0	0	0	0	0	0	1	0	0	0	0	0	0	0	0	1	0	0	0	0	0
164324	12 Nov 25	14:48:00	1	0	55	0	Ct	0	1	0	0	0	0	0	0	0	0	0	0	0	0	0	0	0	0	0	0	0	0	0	4	0	2	1	0	1	0	0	0	1	0
164325	12 Nov 25	14:49:00	1	0	55	0	Ct	0	1	0	0	0	0	0	0	0	0	0	0	0	0	0	0	0	0	0	0	0	0	0	0	0	0	1	0	0	0	0	0	1	0
164326	12 Nov 25	14:50:00	1	0	55	0	Ct	0	1	0	0	0	0	0	2	0	0	0	0	0	0	0	0	0	0	0	0	0	0	0	0	0	0	0	0	0	0	0	0	0	0
164327	12 Nov 25	14:51:00	1	0	55	0	Ct	0	1	0	0	0	0	0	0	0	0	0	2	0	0	0	0	0	0	2	2	0	0	0	0	0	2	0	0	0	0	0	0	0	0
164328	12 Nov 25	14:52:00	1	0	55	0	Ct	0	1	0	0	0	0	0	2	0	0	0	0	0	0	0	0	0	0	0	0	1	0	0	0	0	2	0	0	0	0	0	0	0	0
164329	12 Nov 25	14:53:00	1	0	55	0	Ct	0	1	0	0	0	0	0	0	0	0	0	2	0	0	0	0	0	0	0	0	1	0	0	0	0	1	0	0	0	0	0	0	2	0
164330	12 Nov 25	14:54:00	1	0	55	0	Ct	0	1	0	0	0	0	0	1	0	0	1	1	0	0	0	0	0	0	2	0	0	0	0	0	2	0	0	0	1	0	0	0	0	0
164331	12 Nov 25	14:55:00	1	0	55	0	Ct	0	1	0	0	0	0	0	1	0	0	1	2	0	0	0	0	0	0	1	0	0	0	0	0	0	0	0	0	1	0	1	0	3	0
164332	12 Nov 25	14:56:00	1	0	55	0	Ct	0	1	0	0	0	0	0	0	0	0	0	0	0	0	0	0	0	0	1	0	0	0	0	2	0	0	1	0	0	0	1	0	0	0
164333	12 Nov 25	14:57:00	1	0	55	0	Ct	0	1	0	0	0	0	0	3	0	0	0	0	0	0	0	0	0	0	0	0	0	0	0	0	0	1	0	0	0	0	0	0	3	0
164334	12 Nov 25	14:58:00	1	0	55	0	Ct	0	1	0	1	0	0	0	1	0	0	0	2	0	0	0	0	0	0	1	0	0	0	0	0	0	4	1	0	0	0	0	0	0	0
164335	12 Nov 25	14:59:00	1	0	55	0	Ct	0	1	0	1	0	0	0	0	0	0	0	1	0	0	0	0	0	0	0	0	0	0	0	2	0	1	0	0	0	0	0	0	1	0
164336	12 Nov 25	15:00:00	1	0	55	0	Ct	0	1	0	0	0	0	0	0	0	0	0	3	0	0	0	0	0	0	0	0	0	0	0	0	0	1	0	0	0	0	0	0	1	0
164337	12 Nov 25	15:01:00	1	0	55	0	Ct	0	1	0	0	0	0	0	0	0	0	0	3	0	0	0	0	0	0	0	0	0	0	0	3	0	4	0	0	0	0	0	0	0	0
164338	12 Nov 25	15:02:00	1	0	55	0	Ct	0	1	0	0	0	0	0	1	0	0	0	0	0	0	0	0	0	0	0	0	0	0	0	0	2	0	0	0	0	0	0	0	0	0
164339	12 Nov 25	15:03:00	1	0	55	0	Ct	0	1	0	0	0	0	0	0	0	0	0	0	0	0	0	0	0	0	1	0	0	0	0	0	0	2	0	0	0	0	0	0	0	0
164340	12 Nov 25	15:04:00	1	0	55	0	Ct	0	1	0	0	0	0	0	0	0	0	0	0	0	0	0	0	0	0	1	0	0	0	0	0	0	0	0	0	1	0	2	0	1	0
164341	12 Nov 25	15:05:00	1	0	55	0	Ct	0	1	0	0	0	0	0	1	0	0	0	1	0	0	0	0	0	0	2	2	0	0	0	0	0	2	1	0	1	0	3	0	2	0
164342	12 Nov 25	15:06:00	1	0	55	0	Ct	0	1	0	2	0	0	0	2	0	0	0	2	0	0	0	0	0	0	0	0	0	0	0	0	0	1	1	0	0	0	2	0	0	0
164343	12 Nov 25	15:07:00	1	0	55	0	Ct	0	1	0	1	0	0	0	1	0	0	0	0	0	0	0	0	0	0	0	0	0	0	0	0	1	0	0	0	1	0	0	0	2	0
164344	12 Nov 25	15:08:00	1	0	55	0	Ct	0	1	0	0	0	0	0	0	0	0	0	1	0	0	0	0	0	0	0	0	0	0	0	0	0	0	0	0	3	0	1	0	0	0
164345	12 Nov 25	15:09:00	1	0	55	0	Ct	0	1	0	0	0	0	0	1	1	0	0	1	0	0	0	0	0	0	2	0	0	0	0	0	0	0	0	0	0	0	1	0	0	0
164346	12 Nov 25	15:10:00	1	0	55	0	Ct	0	1	0	0	0	0	0	0	5	0	0	2	0	0	0	0	0	0	0	0	0	0	0	0	0	0	2	0	0	0	0	0	0	0
164347	12 Nov 25	15:11:00	1	0	55	0	Ct	0	1	0	0	0	0	0	0	0	0	0	0	0	0	0	0	0	0	2	0	0	0	0	0	0	2	0	0	1	0	0	0	1	0
164348	12 Nov 25	15:12:00	1	0	55	0	Ct	0	1	0	0	0	0	0	0	2	0	0	2	0	0	0	0	0	0	2	0	0	0	0	2	0	1	0	0	4	0	0	0	1	0
164349	12 Nov 25	15:13:00	1	0	55	0	Ct	0	1	0	0	2	0	0	0	0	0	0	0	0	0	0	0	0	0	0	0	0	0	0	0	0	1	2	0	0	0	0	0	1	0
164350	12 Nov 25	15:14:00	1	0	55	0	Ct	0	1	0	0	0	0	0	0	0	0	0	2	0	0	0	0	0	2	0	1	0	0	0	0	0	2	1	0	2	0	0	0	1	0
164351	12 Nov 25	15:15:00	1	0	55	0	Ct	0	1	0	0	0	0	0	1	0	0	0	0	0	0	0	0	0	2	1	1	0	0	0	0	0	0	0	0	1	0	0	2	2	0
164352	12 Nov 25	15:16:00	1	0	55	0	Ct	0	1	0	0	0	0	0	1	0	0	0	0	0	0	0	0	0	0	1	0	0	0	0	3	2	0	0	0	2	0	0	0	1	0
164353	12 Nov 25	15:17:00	1	0	55	0	Ct	0	1	0	0	0	0	0	0	0	0	0	0	0	0	0	0	0	0	0	0	0	0	0	0	0	3	1	0	0	0	0	3	2	0
164354	12 Nov 25	15:18:00	1	0	55	0	Ct	0	1	0	0	0	0	0	1	0	0	0	1	0	0	0	0	0	0	0	0	0	0	0	2	0	0	2	0	1	1	0	0	1	0
164355	12 Nov 25	15:19:00	1	0	55	0	Ct	0	1	0	0	4	0	0	2	0	0	0	1	0	0	0	0	0	0	0	0	0	0	0	1	0	4	0	0	1	0	2	2	3	0
164356	12 Nov 25	15:20:00	1	0	55	0	Ct	0	1	0	0	1	0	0	0	0	0	0	0	0	0	0	0	0	0	0	1	0	0	0	2	0	0	0	0	0	0	1	5	2	0
164357	12 Nov 25	15:21:00	1	0	55	0	Ct	0	1	0	0	0	0	0	0	0	0	0	0	0	0	1	0	0	0	0	1	0	0	0	0	0	1	1	0	2	1	0	0	1	0
164358	12 Nov 25	15:22:00	1	0	55	0	Ct	0	1	0	0	0	0	0	0	0	0	0	2	0	0	3	4	0	0	0	1	2	0	0	1	0	0	3	0	1	0	0	0	1	0
164359	12 Nov 25	15:23:00	1	0	55	0	Ct	0	1	0	0	0	0	0	2	0	0	0	0	0	0	0	3	0	0	1	2	0	0	0	1	0	0	0	0	1	0	1	0	2	0
164360	12 Nov 25	15:24:00	1	0	55	0	Ct	0	1	0	0	0	0	0	0	0	0	0	1	0	0	0	0	0	0	1	1	0	0	0	0	0	2	1	0	0	0	1	2	0	0
164361	12 Nov 25	15:25:00	1	0	55	0	Ct	0	1	0	0	0	0	0	0	0	0	0	2	0	1	0	0	0	0	0	0	0	0	0	2	0	0	1	0	1	0	0	0	0	0
164362	12 Nov 25	15:26:00	1	0	55	0	Ct	0	1	0	1	2	0	0	0	0	0	0	2	0	1	0	0	0	0	0	0	1	0	0	0	0	0	1	0	1	0	0	0	0	0
164363	12 Nov 25	15:27:00	1	0	55	0	Ct	0	1	0	1	2	0	0	0	0	0	0	0	0	0	0	0	0	0	0	0	1	0	0	2	0	0	0	0	0	0	0	0	0	0
164364	12 Nov 25	15:28:00	1	0	55	0	Ct	0	1	0	0	1	0	0	0	0	0	0	0	0	0	0	0	0	1	0	0	0	0	0	0	0	0	1	0	1	0	0	0	0	0
164365	12 Nov 25	15:29:00	1	0	55	0	Ct	0	1	0	0	1	0	0	1	0	0	0	2	0	0	0	0	0	1	0	0	1	0	0	0	0	0	2	0	1	0	0	0	1	0
164366	12 Nov 25	15:30:00	1	0	55	0	Ct	0	1	0	0	3	0	0	0	0	0	0	1	0	0	0	0	0	3	0	0	1	0	0	0	0	0	0	0	0	0	0	0	1	0
164367	12 Nov 25	15:31:00	1	0	55	0	Ct	0	1	0	1	0	0	0	0	0	0	0	2	0	0	0	0	0	4	0	0	1	0	0	3	0	0	0	0	1	0	0	0	2	0
164368	12 Nov 25	15:32:00	1	0	55	0	Ct	0	1	0	1	2	0	0	1	0	0	0	3	0	0	0	0	0	2	0	1	1	0	0	0	0	0	1	0	0	0	0	0	2	0
164369	12 Nov 25	15:33:00	1	0	55	0	Ct	0	1	0	0	2	0	0	0	0	0	0	2	0	0	0	0	0	1	2	1	0	0	0	3	0	0	2	0	0	0	0	0	0	0
164370	12 Nov 25	15:34:00	1	0	55	0	Ct	0	1	0	0	1	0	0	0	0	0	0	1	0	0	0	0	0	3	0	0	0	0	0	0	0	0	0	0	2	0	0	0	2	0
164371	12 Nov 25	15:35:00	1	0	55	0	Ct	0	1	0	1	3	0	0	0	0	0	0	1	0	0	0	0	0	3	0	0	0	0	0	0	0	0	1	0	0	0	1	0	0	0
164372	12 Nov 25	15:36:00	1	0	55	0	Ct	0	1	0	1	2	0	0	1	0	0	0	1	0	0	0	0	0	0	0	2	0	0	0	1	0	0	0	0	1	0	1	0	0	0
164373	12 Nov 25	15:37:00	1	0	55	0	Ct	0	1	0	0	1	0	0	1	0	0	0	1	0	0	0	0	0	2	1	0	0	0	0	1	0	0	0	0	1	0	0	0	0	0
164374	12 Nov 25	15:38:00	1	0	55	0	Ct	0	1	0	0	0	0	0	1	0	0	0	0	0	0	0	0	0	3	1	0	0	0	0	0	1	0	0	0	3	0	0	0	0	0
164375	12 Nov 25	15:39:00	1	0	55	0	Ct	0	1	0	0	1	0	0	1	0	0	0	2	0	0	0	0	0	1	0	1	0	0	0	0	1	0	0	0	0	0	0	1	0	0
164376	12 Nov 25	15:40:00	1	0	55	0	Ct	0	1	0	0	0	0	0	0	0	0	0	0	0	0	0	0	0	1	0	1	1	0	0	1	0	0	1	0	2	0	0	2	0	0
164377	12 Nov 25	15:41:00	1	0	55	0	Ct	0	1	0	2	1	0	0	0	0	0	0	2	0	0	0	0	0	0	0	0	1	0	0	1	0	0	1	0	0	0	0	1	0	0
164378	12 Nov 25	15:42:00	1	0	55	0	Ct	0	1	0	0	1	0	0	0	0	0	0	0	0	0	0	0	0	0	0	0	0	0	0	0	0	0	0	0	0	0	0	2	0	0
164379	12 Nov 25	15:43:00	1	0	55	0	Ct	0	1	0	0	2	0	0	2	0	0	0	1	0	0	0	0	0	0	0	0	2	0	0	2	0	2	1	0	4	0	0	0	3	0
164380	12 Nov 25	15:44:00	1	0	55	0	Ct	0	1	0	0	2	0	0	1	0	0	0	1	0	0	0	0	0	2	0	1	0	0	0	0	0	0	2	0	3	0	1	0	1	0
164381	12 Nov 25	15:45:00	1	0	55	0	Ct	0	1	0	0	1	0	0	0	0	0	0	2	0	0	0	0	0	4	0	1	0	0	0	0	1	0	1	0	1	0	0	0	0	0
164382	12 Nov 25	15:46:00	1	0	55	0	Ct	0	1	0	0	0	0	0	2	0	0	0	1	0	0	0	0	0	1	1	2	0	0	5	2	0	0	1	0	1	0	1	0	0	0
164383	12 Nov 25	15:47:00	1	0	55	0	Ct	0	1	0	2	0	0	0	0	0	0	0	0	0	0	0	0	0	4	3	0	0	0	0	0	0	2	1	0	0	0	0	0	0	0
164384	12 Nov 25	15:48:00	1	0	55	0	Ct	0	1	0	0	0	0	0	1	1	0	0	2	0	0	0	0	0	2	1	0	0	0	0	1	0	0	0	0	1	0	2	0	0	0
164385	12 Nov 25	15:49:00	1	0	55	0	Ct	0	1	0	0	0	0	0	1	1	0	0	0	0	0	0	0	0	4	0	0	1	0	0	1	0	0	0	0	2	0	0	0	2	0
164386	12 Nov 25	15:50:00	1	0	55	0	Ct	0	1	0	2	3	0	2	1	1	0	0	0	0	0	0	0	0	2	0	0	1	0	0	0	0	2	0	0	3	0	1	0	1	0
164387	12 Nov 25	15:51:00	1	0	55	0	Ct	0	1	0	1	0	0	0	2	0	0	0	1	0	0	0	0	0	2	0	0	1	0	0	1	2	0	0	0	1	0	3	0	1	0
164388	12 Nov 25	15:52:00	1	0	55	0	Ct	0	1	0	1	0	0	0	0	0	0	0	0	0	0	0	0	0	2	0	0	1	0	0	1	0	1	0	0	0	0	0	0	2	1
164389	12 Nov 25	15:53:00	1	0	55	0	Ct	0	1	0	1	0	0	0	1	0	0	0	1	0	0	0	0	0	0	0	0	0	0	0	0	1	3	1	0	0	0	0	0	0	0
164390	12 Nov 25	15:54:00	1	0	55	0	Ct	0	1	0	0	3	0	0	1	0	4	0	1	0	0	0	0	0	2	0	0	2	0	0	0	1	0	0	0	3	0	0	0	1	1
164391	12 Nov 25	15:55:00	1	0	55	0	Ct	0	1	0	2	0	0	0	0	0	0	0	1	0	0	0	0	0	1	3	1	0	0	0	0	0	0	2	0	0	0	1	0	1	0
164392	12 Nov 25	15:56:00	1	0	55	0	Ct	0	1	0	0	1	0	0	1	0	0	0	0	0	0	0	0	0	2	0	1	0	0	0	0	0	0	0	0	0	0	1	0	0	0
164393	12 Nov 25	15:57:00	1	0	55	0	Ct	0	1	0	0	1	0	0	2	0	0	0	0	0	0	0	0	0	1	0	0	1	0	0	2	0	0	0	0	0	1	0	0	3	0
164394	12 Nov 25	15:58:00	1	0	55	0	Ct	0	1	0	0	0	0	0	0	0	0	0	2	0	0	0	0	0	0	0	1	1	0	0	0	0	0	0	0	0	1	2	0	2	0
164395	12 Nov 25	15:59:00	1	0	55	0	Ct	0	1	0	0	0	0	0	1	0	0	0	0	1	0	0	0	0	1	0	1	0	0	0	2	0	0	1	0	2	0	0	2	1	0
164396	12 Nov 25	16:00:00	1	0	55	0	Ct	0	1	0	0	0	0	0	1	0	0	0	2	1	0	0	0	0	2	1	0	0	0	0	0	0	0	0	0	1	0	1	0	0	0
164397	12 Nov 25	16:01:00	1	0	55	0	Ct	0	1	0	1	1	0	0	2	0	0	0	3	0	0	0	0	0	0	1	3	0	0	0	0	0	3	1	0	3	0	1	0	0	0
164398	12 Nov 25	16:02:00	1	0	55	0	Ct	0	1	0	1	2	0	0	1	0	2	0	0	0	0	0	0	0	1	0	0	0	0	0	0	0	0	0	0	3	0	0	0	0	0
164399	12 Nov 25	16:03:00	1	0	55	0	Ct	0	1	0	0	1	0	0	1	0	0	0	0	0	0	0	0	0	5	0	1	0	0	0	2	0	2	1	0	0	0	0	3	0	0
164400	12 Nov 25	16:04:00	1	0	55	0	Ct	0	1	0	0	0	0	0	2	0	0	0	0	0	0	0	0	0	0	0	1	0	0	0	0	0	0	2	0	1	0	2	0	0	0
164401	12 Nov 25	16:05:00	1	0	55	0	Ct	0	1	0	0	0	0	0	3	0	2	0	0	0	0	0	0	0	4	0	0	0	0	0	2	0	0	0	0	1	0	0	0	0	0
164402	12 Nov 25	16:06:00	1	0	55	0	Ct	0	1	0	0	2	0	0	0	0	0	0	0	0	0	0	0	0	1	0	2	0	0	0	0	0	0	1	0	4	0	0	0	0	0
164403	12 Nov 25	16:07:00	1	0	55	0	Ct	0	1	0	0	0	0	0	1	0	1	0	2	0	0	0	0	0	3	2	0	0	0	0	0	0	0	0	0	0	0	1	0	0	0
164404	12 Nov 25	16:08:00	1	0	55	0	Ct	0	1	0	0	0	0	0	1	0	1	1	0	0	0	0	0	0	0	0	3	0	0	0	3	0	1	1	0	1	0	0	0	0	0
164405	12 Nov 25	16:09:00	1	0	55	0	Ct	0	1	0	0	0	0	0	3	3	1	1	0	0	0	0	0	0	0	0	0	0	0	0	0	0	1	0	0	2	0	2	0	0	0
164406	12 Nov 25	16:10:00	1	0	55	0	Ct	0	1	0	2	0	0	0	1	2	3	0	0	0	0	0	0	0	3	0	0	0	0	0	1	0	0	0	1	0	0	4	0	0	0
164407	12 Nov 25	16:11:00	1	0	55	0	Ct	0	1	0	0	0	0	0	0	0	0	0	0	0	0	0	0	0	0	1	0	0	0	0	1	0	0	1	0	2	0	1	0	0	0
164408	12 Nov 25	16:12:00	1	0	55	0	Ct	0	1	0	0	0	0	0	0	0	2	0	0	0	0	0	0	0	1	1	0	1	0	0	0	0	0	0	1	0	0	0	0	0	0
164409	12 Nov 25	16:13:00	1	0	55	0	Ct	0	1	0	3	0	0	0	0	0	3	0	2	0	0	0	0	0	2	0	0	1	0	0	0	0	0	0	0	0	0	3	0	0	0
164410	12 Nov 25	16:14:00	1	0	55	0	Ct	0	1	0	0	1	0	0	3	0	2	0	2	0	0	0	0	0	0	2	0	0	0	0	0	0	0	0	0	0	0	1	0	0	0
164411	12 Nov 25	16:15:00	1	0	55	0	Ct	0	1	0	1	1	0	0	1	0	2	0	1	0	0	0	0	0	3	0	0	0	0	2	0	0	0	0	0	0	0	0	0	0	0
164412	12 Nov 25	16:16:00	1	0	55	0	Ct	0	1	0	1	0	0	0	0	0	2	0	0	0	0	0	0	0	0	0	1	0	0	0	0	0	3	0	0	1	0	1	0	0	0
164413	12 Nov 25	16:17:00	1	0	55	0	Ct	0	1	0	0	0	0	0	0	2	0	0	0	0	0	0	0	0	0	2	1	0	0	0	0	0	0	0	0	1	0	0	0	0	0
164414	12 Nov 25	16:18:00	1	0	55	0	Ct	0	1	0	1	0	0	0	1	0	2	0	0	0	0	0	2	0	4	0	0	0	0	0	3	0	0	0	0	1	0	1	0	0	0
164415	12 Nov 25	16:19:00	1	0	55	0	Ct	0	1	0	0	0	0	2	1	2	2	0	0	0	0	0	2	0	1	1	0	0	0	0	0	0	0	0	0	0	0	0	0	0	0
164416	12 Nov 25	16:20:00	1	0	55	0	Ct	0	1	0	0	0	0	0	0	0	0	0	0	0	0	0	2	0	1	1	3	0	0	2	2	0	0	1	0	0	1	1	0	0	0
164417	12 Nov 25	16:21:00	1	0	55	0	Ct	0	1	1	0	0	0	0	0	0	2	0	0	0	0	0	0	0	3	0	0	0	0	0	1	0	3	1	0	1	1	0	0	0	0
164418	12 Nov 25	16:22:00	1	0	55	0	Ct	0	1	2	1	0	0	0	0	0	2	0	0	0	0	0	0	0	3	0	0	0	0	0	1	0	0	0	0	2	0	1	0	0	0
164419	12 Nov 25	16:23:00	1	0	55	0	Ct	0	1	0	0	0	0	0	0	0	0	0	0	0	0	0	0	0	1	0	0	0	0	0	0	1	0	0	0	0	0	0	1	0	0
164420	12 Nov 25	16:24:00	1	0	55	0	Ct	0	1	2	0	3	0	0	0	0	1	0	0	0	0	0	0	0	1	0	2	0	0	0	0	1	0	0	0	0	0	0	3	0	0
164421	12 Nov 25	16:25:00	1	0	55	0	Ct	0	1	2	0	1	0	0	1	1	1	0	0	0	0	0	4	0	4	0	1	0	0	0	0	0	0	0	0	0	0	0	0	0	0
164422	12 Nov 25	16:26:00	1	0	55	0	Ct	0	1	0	0	0	0	0	0	3	1	0	0	0	0	0	0	0	1	0	1	0	0	3	1	0	0	0	0	0	0	1	3	1	0
164423	12 Nov 25	16:27:00	1	0	55	0	Ct	0	1	0	0	1	0	0	1	0	1	0	0	0	0	0	0	0	1	0	0	0	0	1	1	0	0	0	0	0	0	1	1	0	0
164424	12 Nov 25	16:28:00	1	0	55	0	Ct	0	1	0	0	1	0	0	0	0	0	2	0	0	0	0	0	0	2	1	0	0	0	1	0	0	0	0	0	2	0	0	1	1	0
164425	12 Nov 25	16:29:00	1	0	55	0	Ct	0	1	0	0	0	0	0	0	0	2	0	0	0	0	0	0	0	0	1	0	0	0	0	0	0	0	0	0	0	0	0	1	1	0
164426	12 Nov 25	16:30:00	1	0	55	0	Ct	0	1	0	2	0	0	0	0	0	0	0	2	0	0	0	0	0	0	0	0	0	0	0	2	0	0	4	0	0	0	1	3	1	0
164427	12 Nov 25	16:31:00	1	0	55	0	Ct	0	1	0	1	0	0	0	0	0	0	0	0	0	0	0	0	0	0	0	0	0	0	0	0	0	2	0	0	0	0	1	1	0	0
164428	12 Nov 25	16:32:00	1	0	55	0	Ct	0	1	0	0	0	0	0	2	0	0	0	1	0	0	0	0	0	2	1	0	0	0	0	1	2	0	1	0	0	0	4	2	2	0
164429	12 Nov 25	16:33:00	1	0	55	0	Ct	0	1	0	0	2	0	0	1	0	2	0	1	0	0	0	0	0	0	1	0	0	0	0	2	0	0	0	0	0	0	1	2	1	0
164430	12 Nov 25	16:34:00	1	0	55	0	Ct	0	1	0	0	2	0	0	0	0	0	0	0	0	0	0	2	0	1	0	0	0	0	0	1	0	0	2	0	0	0	2	1	2	0
164431	12 Nov 25	16:35:00	1	0	55	0	Ct	0	1	0	2	0	0	1	0	0	2	0	2	0	0	1	0	0	2	0	0	0	0	3	0	0	3	2	0	2	0	1	1	2	0
164432	12 Nov 25	16:36:00	1	0	55	0	Ct	0	1	0	2	0	0	0	0	0	2	0	2	0	0	1	0	0	0	2	0	0	0	1	0	3	0	1	0	0	2	1	7	1	0
164433	12 Nov 25	16:37:00	1	0	55	0	Ct	0	1	0	0	2	0	0	1	2	1	0	0	0	0	0	0	0	0	0	0	0	0	1	1	0	0	1	0	0	0	0	1	1	0
164434	12 Nov 25	16:38:00	1	0	55	0	Ct	0	1	0	0	0	0	0	1	0	1	0	1	0	0	0	0	0	0	0	1	0	0	0	1	0	0	4	0	1	0	1	1	1	0
164435	12 Nov 25	16:39:00	1	0	55	0	Ct	0	1	0	1	1	0	0	0	0	0	0	0	0	0	0	2	0	0	0	2	0	0	0	0	0	0	0	0	1	0	2	2	0	0
164436	12 Nov 25	16:40:00	1	0	55	0	Ct	0	1	0	0	0	0	0	0	2	1	0	1	0	0	0	0	0	0	0	2	0	0	0	1	0	0	0	0	0	0	2	4	3	0
164437	12 Nov 25	16:41:00	1	0	55	0	Ct	0	1	0	1	1	0	0	2	1	1	0	2	0	0	0	0	0	0	2	0	0	0	0	2	0	0	2	0	1	0	0	4	0	0
164438	12 Nov 25	16:42:00	1	0	55	0	Ct	0	1	0	0	0	0	0	0	1	2	0	2	0	0	0	0	0	0	1	0	0	0	0	0	0	0	1	0	1	0	1	0	0	0
164439	12 Nov 25	16:43:00	1	0	55	0	Ct	0	1	0	2	0	0	3	0	0	1	0	1	0	0	0	0	0	0	0	0	0	0	2	1	0	0	2	0	0	0	1	4	2	0
164440	12 Nov 25	16:44:00	1	0	55	0	Ct	0	1	0	0	1	0	0	0	0	1	0	4	0	0	0	0	0	0	0	0	0	0	2	1	0	0	0	0	1	0	1	3	0	0
164441	12 Nov 25	16:45:00	1	0	55	0	Ct	0	1	0	0	1	0	6	0	0	0	1	2	0	0	0	2	0	0	0	0	0	0	0	0	0	2	1	0	1	0	2	1	2	0
164442	12 Nov 25	16:46:00	1	0	55	0	Ct	0	1	0	1	1	1	2	0	1	1	0	0	0	0	0	0	0	0	0	0	0	0	0	0	0	0	0	0	0	0	1	1	1	0
164443	12 Nov 25	16:47:00	1	0	55	0	Ct	0	1	0	1	1	2	4	2	1	3	1	1	1	0	0	2	0	2	0	0	0	0	0	0	0	0	0	0	1	1	0	1	0	0
164444	12 Nov 25	16:48:00	1	0	55	0	Ct	0	1	0	0	0	1	14	0	1	0	0	4	0	0	0	0	0	5	0	1	0	0	2	3	0	0	0	0	1	0	1	4	1	0
164445	12 Nov 25	16:49:00	1	0	55	0	Ct	0	1	0	2	0	0	10	2	1	2	0	2	0	0	0	0	0	1	0	1	2	0	0	1	0	2	0	0	1	2	4	2	0	0
164446	12 Nov 25	16:50:00	1	0	55	0	Ct	0	1	0	1	0	0	12	0	0	0	0	0	0	0	0	0	0	1	2	0	1	0	1	1	0	0	3	0	2	0	2	0	1	0
164447	12 Nov 25	16:51:00	1	0	55	0	Ct	0	1	0	1	2	0	11	0	0	0	0	0	1	0	0	0	0	2	0	2	1	0	1	1	0	1	0	0	0	0	1	3	0	0
164448	12 Nov 25	16:52:00	1	0	55	0	Ct	0	1	0	0	2	0	4	0	1	0	0	3	0	0	0	0	0	2	0	0	0	0	5	0	0	2	0	0	0	0	1	1	0	0
164449	12 Nov 25	16:53:00	1	0	55	0	Ct	0	1	0	1	0	0	14	0	1	0	1	1	0	0	0	0	0	2	1	1	0	0	1	2	2	0	1	0	0	1	1	5	0	0
164450	12 Nov 25	16:54:00	1	0	55	0	Ct	0	1	0	1	0	0	4	2	0	2	1	0	0	0	0	0	0	1	1	2	1	0	0	0	1	3	0	0	0	0	0	1	0	0
164451	12 Nov 25	16:55:00	1	0	55	0	Ct	0	1	0	0	1	0	6	0	0	0	0	0	0	0	2	0	0	2	0	2	1	0	0	0	0	0	2	0	5	1	0	3	0	0
164452	12 Nov 25	16:56:00	1	0	55	0	Ct	0	1	0	2	0	0	5	0	0	1	0	3	0	0	0	0	0	2	0	0	0	0	0	0	0	0	0	0	1	1	1	2	0	0
164453	12 Nov 25	16:57:00	1	0	55	0	Ct	0	1	0	0	0	0	14	0	0	1	0	1	0	0	0	0	0	0	2	0	0	0	0	2	0	4	1	0	0	0	0	1	0	0
164454	12 Nov 25	16:58:00	1	0	55	0	Ct	0	1	0	3	2	2	12	2	0	1	0	0	0	0	0	0	0	3	0	0	1	0	0	0	0	0	0	0	0	0	1	3	0	0
164455	12 Nov 25	16:59:00	1	0	55	0	Ct	0	1	0	0	3	0	4	1	1	1	0	2	0	0	0	0	0	4	0	0	1	0	0	1	0	0	1	0	1	0	0	3	0	0
164456	12 Nov 25	17:00:00	1	0	55	0	Ct	0	1	0	1	0	0	5	0	1	0	0	0	0	6	0	0	0	2	1	0	0	0	0	1	0	0	0	0	1	0	0	1	0	0
164457	12 Nov 25	17:01:00	1	0	55	0	Ct	0	1	0	1	1	0	2	0	0	0	0	0	0	3	0	0	0	0	0	2	0	0	2	0	0	0	3	0	1	3	0	1	0	0
164458	12 Nov 25	17:02:00	1	0	55	0	Ct	0	1	0	0	0	0	16	0	0	2	0	0	0	0	0	0	0	2	1	2	0	0	0	1	0	0	0	0	2	0	0	3	0	0
164459	12 Nov 25	17:03:00	1	0	55	0	Ct	0	1	0	0	2	0	0	1	1	0	0	2	0	0	0	0	0	1	0	3	0	0	1	1	1	0	0	0	7	0	0	0	1	0
164460	12 Nov 25	17:04:00	1	0	55	0	Ct	0	1	0	2	0	0	4	0	1	2	1	0	0	0	3	0	0	0	0	1	0	0	1	1	0	0	0	0	1	1	1	3	2	0
164461	12 Nov 25	17:05:00	1	0	55	0	Ct	0	1	0	1	2	0	7	0	0	0	3	0	0	0	0	0	0	0	0	1	1	0	0	1	1	0	0	0	1	1	2	1	1	0
164462	12 Nov 25	17:06:00	1	0	55	0	Ct	0	1	0	1	0	0	1	0	1	1	0	2	0	0	0	0	0	1	0	1	2	0	0	0	0	0	1	0	0	0	0	1	1	0
164463	12 Nov 25	17:07:00	1	0	55	0	Ct	0	1	0	1	1	0	9	2	1	0	4	1	0	1	0	2	0	4	0	2	1	0	2	0	0	2	1	0	1	0	1	4	3	0
164464	12 Nov 25	17:08:00	1	0	55	0	Ct	0	0	1	1	3	0	9	2	3	3	1	2	0	3	5	3	0	4	2	4	2	0	3	3	0	3	2	0	3	3	3	4	3	0
164465	12 Nov 25	17:09:00	1	0	55	0	Ct	0	0	6	2	5	1	7	3	3	5	2	2	1	3	0	0	0	4	2	3	1	0	2	2	4	3	1	2	3	1	4	5	5	2
164466	12 Nov 25	17:10:00	1	0	55	0	Ct	0	0	4	1	5	2	11	4	3	3	5	3	1	2	3	0	0	4	2	4	2	0	2	1	2	4	2	3	3	2	1	5	4	2
164467	12 Nov 25	17:11:00	1	0	55	0	Ct	0	0	4	2	6	3	7	3	6	4	2	3	2	4	1	3	0	2	3	6	3	0	2	2	4	4	1	3	2	2	2	4	3	3
164468	12 Nov 25	17:12:00	1	0	55	0	Ct	0	0	4	1	8	2	22	2	3	5	1	3	2	3	1	2	0	5	2	3	2	0	2	2	4	5	5	4	1	2	5	5	5	3
164469	12 Nov 25	17:13:00	1	0	55	0	Ct	0	0	3	1	4	3	17	4	3	6	3	3	0	5	3	2	0	3	2	5	1	0	4	2	3	4	1	4	1	4	5	4	5	4
164470	12 Nov 25	17:14:00	1	0	55	0	Ct	0	0	5	3	4	2	14	4	5	2	2	2	3	4	3	5	0	4	3	4	1	0	1	4	4	4	2	4	2	9	3	6	13	3
164471	12 Nov 25	17:15:00	1	0	55	0	Ct	0	0	4	1	6	4	2	3	2	4	2	1	1	2	3	6	0	3	1	3	2	0	2	1	3	4	2	4	5	2	3	4	5	6
164472	12 Nov 25	17:16:00	1	0	55	0	Ct	0	0	2	3	6	2	23	4	9	4	1	2	1	3	3	7	0	3	2	3	0	0	2	4	5	5	2	3	2	3	4	4	3	1
164473	12 Nov 25	17:17:00	1	0	55	0	Ct	0	0	5	0	7	2	18	4	2	4	2	2	3	4	7	3	0	5	1	2	0	0	2	2	4	3	2	1	2	1	4	4	2	5
164474	12 Nov 25	17:18:00	1	0	55	0	Ct	0	0	5	4	5	5	6	3	3	3	1	3	1	3	4	3	0	3	1	3	1	0	2	4	3	3	3	4	3	1	4	3	5	3
164475	12 Nov 25	17:19:00	1	0	55	0	Ct	0	0	2	1	5	3	7	5	4	2	2	1	1	3	5	4	0	2	2	4	2	0	2	2	3	6	2	3	2	2	4	6	4	3
164476	12 Nov 25	17:20:00	1	0	55	0	Ct	0	0	4	1	6	2	14	3	2	1	1	1	2	1	3	4	0	2	3	2	3	0	3	2	4	4	3	5	1	2	3	2	3	3
164477	12 Nov 25	17:21:00	1	0	55	0	Ct	0	0	5	0	6	3	2	2	3	2	3	3	2	4	1	4	0	4	2	3	2	0	2	2	3	4	3	3	4	3	4	2	3	4
164478	12 Nov 25	17:22:00	1	0	55	0	Ct	0	0	6	2	4	2	6	3	3	2	2	1	2	6	3	3	0	4	3	3	2	0	3	2	4	0	4	4	2	2	5	4	4	2
164479	12 Nov 25	17:23:00	1	0	55	0	Ct	0	0	5	1	5	1	25	5	4	5	2	2	2	5	4	4	0	3	1	4	0	0	4	3	3	3	2	2	1	5	2	7	4	3
164480	12 Nov 25	17:24:00	1	0	55	0	Ct	0	0	3	1	4	2	15	6	5	3	2	4	2	5	2	5	0	2	2	3	2	0	4	3	3	3	2	2	2	1	4	5	4	2
164481	12 Nov 25	17:25:00	1	0	55	0	Ct	0	0	4	2	6	5	10	3	4	1	2	3	2	4	4	3	0	3	2	3	0	0	0	2	4	4	2	1	3	1	3	4	3	2
164482	12 Nov 25	17:26:00	1	0	55	0	Ct	0	0	4	1	6	2	7	3	2	2	4	2	1	4	2	6	0	2	1	1	0	0	1	2	3	2	2	3	2	2	3	2	3	4
164483	12 Nov 25	17:27:00	1	0	55	0	Ct	0	0	3	4	4	2	19	4	3	2	2	2	3	6	3	4	0	3	1	2	2	0	1	2	4	4	2	4	1	1	2	5	2	2
164484	12 Nov 25	17:28:00	1	0	55	0	Ct	0	0	3	1	3	1	12	5	4	6	1	2	2	4	4	5	0	3	1	3	0	0	2	3	1	2	2	3	3	3	3	4	2	2
164485	12 Nov 25	17:29:00	1	0	55	0	Ct	0	0	6	1	4	3	33	5	3	5	1	0	2	4	2	4	0	3	0	3	2	0	1	2	3	2	2	3	1	1	5	2	5	2
164486	12 Nov 25	17:30:00	1	0	55	0	Ct	0	0	3	2	5	4	8	4	3	5	1	2	1	2	5	5	0	5	2	1	2	0	1	1	6	3	3	4	1	1	3	4	4	2
164487	12 Nov 25	17:31:00	1	0	55	0	Ct	0	0	2	1	3	0	12	5	3	4	2	2	2	4	3	3	0	0	2	2	0	0	2	1	2	3	2	3	3	3	4	9	3	3
164488	12 Nov 25	17:32:00	1	0	55	0	Ct	0	0	2	0	3	2	13	4	5	4	4	3	3	6	3	2	0	1	4	2	0	0	2	2	4	4	3	3	1	6	3	1	3	3
164489	12 Nov 25	17:33:00	1	0	55	0	Ct	0	0	3	1	4	1	16	4	3	4	3	4	2	4	6	5	0	1	6	2	1	0	0	2	4	2	2	4	4	8	4	3	6	2
164490	12 Nov 25	17:34:00	1	0	55	0	Ct	0	0	4	2	1	2	6	4	3	3	1	2	3	2	6	3	0	3	3	3	3	0	3	1	3	4	2	4	1	4	3	4	3	1
164491	12 Nov 25	17:35:00	1	0	55	0	Ct	0	0	3	1	2	1	11	3	1	4	1	1	3	4	3	3	0	4	2	3	1	0	5	2	4	2	1	3	2	4	5	4	2	2
164492	12 Nov 25	17:36:00	1	0	55	0	Ct	0	0	2	3	3	1	9	2	2	4	2	2	3	4	2	3	0	1	3	1	2	0	2	2	3	2	3	3	0	1	3	4	2	2
164493	12 Nov 25	17:37:00	1	0	55	0	Ct	0	0	4	1	4	2	22	5	6	1	2	1	2	5	0	4	0	2	2	3	2	0	1	5	4	6	2	3	2	3	2	3	3	2
164494	12 Nov 25	17:38:00	1	0	55	0	Ct	0	0	3	0	5	2	6	3	4	2	1	1	2	3	4	3	0	3	2	3	0	0	1	2	3	1	3	2	3	1	5	1	3	1
164495	12 Nov 25	17:39:00	1	0	55	0	Ct	0	0	3	6	8	1	9	3	4	3	1	1	2	4	3	4	0	1	2	2	2	0	2	3	4	2	2	2	2	3	2	2	5	1
164496	12 Nov 25	17:40:00	1	0	55	0	Ct	0	0	2	3	4	2	9	4	6	2	2	3	3	3	3	3	0	3	1	3	2	0	2	3	4	3	2	2	1	1	3	3	2	3
164497	12 Nov 25	17:41:00	1	0	55	0	Ct	0	0	4	3	4	2	9	4	0	2	2	1	1	1	14	2	0	1	2	5	0	0	2	3	2	4	3	3	1	2	3	2	2	0
164498	12 Nov 25	17:42:00	1	0	55	0	Ct	0	0	3	2	4	3	8	2	4	1	2	1	2	4	15	3	0	5	2	4	5	0	2	1	2	4	3	2	4	1	6	4	5	2
164499	12 Nov 25	17:43:00	1	0	55	0	Ct	0	0	3	0	5	2	7	5	6	2	2	3	2	5	2	4	0	0	2	6	2	0	0	2	2	3	2	2	1	1	5	3	3	2
164500	12 Nov 25	17:44:00	1	0	55	0	Ct	0	0	4	1	4	1	13	1	5	1	2	3	1	2	2	2	0	1	2	4	2	0	3	2	3	2	3	2	2	0	5	4	3	3
164501	12 Nov 25	17:45:00	1	0	55	0	Ct	0	0	3	2	5	1	11	3	2	1	2	4	3	3	2	4	0	1	1	5	2	0	2	2	2	3	2	4	2	2	5	7	2	1
164502	12 Nov 25	17:46:00	1	0	55	0	Ct	0	0	1	2	3	5	12	2	4	1	3	2	1	5	1	2	0	5	1	3	0	0	0	1	2	3	2	4	2	3	4	2	4	1
164503	12 Nov 25	17:47:00	1	0	55	0	Ct	0	0	3	1	2	3	12	3	3	3	0	4	2	5	2	4	0	4	1	4	0	0	3	2	2	4	4	3	1	2	2	1	4	2
164504	12 Nov 25	17:48:00	1	0	55	0	Ct	0	0	3	2	5	5	6	3	0	2	2	3	4	3	1	3	0	3	2	1	2	0	1	1	4	2	2	2	0	3	3	1	3	0
164505	12 Nov 25	17:49:00	1	0	55	0	Ct	0	0	2	2	5	1	18	2	4	3	2	3	4	0	1	4	0	3	1	6	1	0	3	2	3	4	3	2	1	1	4	1	2	2
164506	12 Nov 25	17:50:00	1	0	55	0	Ct	0	0	3	1	2	1	12	2	4	3	1	2	2	0	4	3	0	5	1	3	0	0	1	2	3	5	1	2	1	3	2	4	4	3
164507	12 Nov 25	17:51:00	1	0	55	0	Ct	0	0	4	2	3	2	15	5	3	3	2	2	2	1	3	2	0	5	0	1	1	0	4	1	4	3	3	3	2	2	4	6	2	7
164508	12 Nov 25	17:52:00	1	0	55	0	Ct	0	0	4	0	4	2	11	2	2	1	3	1	3	2	4	2	0	3	1	3	1	0	1	0	2	4	2	4	6	2	3	4	3	4
164509	12 Nov 25	17:53:00	1	0	55	0	Ct	0	0	3	1	4	4	23	2	2	4	1	2	2	2	3	3	0	4	0	3	2	0	0	3	3	3	0	1	4	3	5	3	5	2
164510	12 Nov 25	17:54:00	1	0	55	0	Ct	0	0	5	0	3	1	18	5	2	2	0	3	1	4	2	3	0	1	1	5	0	0	0	3	3	2	2	4	5	2	5	1	4	2
164511	12 Nov 25	17:55:00	1	0	55	0	Ct	0	0	4	3	3	3	11	4	2	8	3	1	1	3	0	2	0	3	1	1	0	0	0	1	4	1	3	3	4	1	2	7	3	1
164512	12 Nov 25	17:56:00	1	0	55	0	Ct	0	0	3	3	5	1	9	4	2	5	1	1	2	0	3	4	0	4	2	1	0	0	0	1	1	5	2	0	2	3	5	10	4	2
164513	12 Nov 25	17:57:00	1	0	55	0	Ct	0	0	3	1	2	3	9	2	2	3	1	1	2	5	2	4	0	1	1	2	1	0	2	3	3	5	1	3	4	1	4	5	4	3
164514	12 Nov 25	17:58:00	1	0	55	0	Ct	0	0	3	3	4	3	11	1	1	3	2	2	1	3	0	2	0	4	2	2	7	0	2	1	4	1	1	3	0	2	3	6	5	1
164515	12 Nov 25	17:59:00	1	0	55	0	Ct	0	0	2	1	4	3	26	7	2	2	1	1	4	4	1	4	0	3	2	1	0	0	2	4	3	3	3	3	2	1	4	3	7	2
164516	12 Nov 25	18:00:00	1	0	55	0	Ct	0	0	3	1	5	1	13	3	5	3	2	0	0	4	0	4	0	3	1	1	0	0	2	1	3	2	2	2	2	1	3	3	5	1
164517	12 Nov 25	18:01:00	1	0	55	0	Ct	0	0	2	2	4	1	12	5	2	3	3	4	5	3	1	3	0	2	2	2	1	0	1	2	2	2	2	2	2	2	2	5	4	0
164518	12 Nov 25	18:02:00	1	0	55	0	Ct	0	0	4	3	4	1	19	3	3	3	3	1	2	4	1	3	0	2	2	3	0	0	1	11	2	3	1	2	3	1	3	5	4	2
164519	12 Nov 25	18:03:00	1	0	55	0	Ct	0	0	3	0	3	1	9	4	1	3	1	1	4	1	2	3	0	4	1	2	2	0	2	2	4	2	3	4	3	3	2	5	4	1
164520	12 Nov 25	18:04:00	1	0	55	0	Ct	0	0	1	2	1	1	19	2	1	2	1	2	1	3	3	2	0	3	1	3	2	0	3	2	3	6	2	1	3	2	5	4	2	0
164521	12 Nov 25	18:05:00	1	0	55	0	Ct	0	0	1	3	4	2	5	6	1	2	2	0	0	5	3	7	0	2	1	3	2	0	4	1	3	2	2	1	2	2	4	5	4	1
164522	12 Nov 25	18:06:00	1	0	55	0	Ct	0	0	1	1	2	2	13	5	2	2	2	0	2	1	2	1	0	3	1	2	0	0	0	2	2	3	2	2	3	2	3	3	5	4
164523	12 Nov 25	18:07:00	1	0	55	0	Ct	0	0	3	2	2	1	11	3	1	1	0	0	3	4	2	2	0	4	1	2	1	0	2	4	3	4	3	0	2	3	3	4	4	1
164524	12 Nov 25	18:08:00	1	0	55	0	Ct	0	0	5	0	2	1	17	2	3	2	4	2	1	4	3	3	0	3	2	1	1	0	4	1	3	3	3	0	2	0	2	3	2	2
164525	12 Nov 25	18:09:00	1	0	55	0	Ct	0	0	1	1	3	3	8	2	0	4	2	5	1	4	1	3	0	1	2	3	1	0	2	2	3	2	2	2	2	3	1	5	1	1
164526	12 Nov 25	18:10:00	1	0	55	0	Ct	0	0	1	1	3	1	14	3	3	3	0	1	1	3	2	2	0	3	1	2	2	0	2	2	2	1	2	0	2	1	3	5	2	1
164527	12 Nov 25	18:11:00	1	0	55	0	Ct	0	0	2	1	3	1	18	4	0	1	2	2	2	3	1	3	0	3	1	3	3	0	6	3	3	3	2	1	1	2	2	3	5	3
164528	12 Nov 25	18:12:00	1	0	55	0	Ct	0	0	4	0	5	0	6	3	5	2	3	1	2	2	2	3	0	1	3	4	6	0	2	1	3	6	2	3	2	1	4	2	6	1
164529	12 Nov 25	18:13:00	1	0	55	0	Ct	0	0	2	1	3	3	13	3	1	2	2	5	2	6	3	2	0	2	1	3	1	0	5	3	3	3	2	2	0	1	3	5	4	2
164530	12 Nov 25	18:14:00	1	0	55	0	Ct	0	0	3	1	4	2	26	2	4	2	2	1	2	2	2	2	0	3	2	3	1	0	1	0	4	4	1	2	1	1	4	2	3	1
164531	12 Nov 25	18:15:00	1	0	55	0	Ct	0	0	4	0	6	2	3	4	1	0	1	2	3	0	1	2	0	5	1	2	0	0	2	4	3	2	3	1	0	4	4	3	6	2
164532	12 Nov 25	18:16:00	1	0	55	0	Ct	0	0	2	0	4	7	13	4	6	3	2	2	4	1	3	3	0	2	1	3	1	0	0	2	3	3	3	4	0	3	4	2	4	3
164533	12 Nov 25	18:17:00	1	0	55	0	Ct	0	0	3	2	4	4	13	2	1	2	1	3	1	4	2	2	0	0	0	1	4	0	3	2	3	4	2	2	6	1	4	5	4	1
164534	12 Nov 25	18:18:00	1	0	55	0	Ct	0	0	1	0	2	4	8	5	2	0	2	2	2	3	2	5	0	1	2	1	1	0	6	2	6	4	3	1	6	2	7	4	4	2
164535	12 Nov 25	18:19:00	1	0	55	0	Ct	0	0	3	2	1	1	6	3	1	0	3	3	4	2	1	2	0	1	2	0	0	0	2	2	2	2	3	2	4	2	6	2	4	1
164536	12 Nov 25	18:20:00	1	0	55	0	Ct	0	0	2	0	5	1	24	3	4	3	3	1	0	4	1	4	0	2	2	3	0	0	6	2	3	2	2	3	3	3	1	3	3	2
164537	12 Nov 25	18:21:00	1	0	55	0	Ct	0	0	2	0	6	2	16	3	4	1	3	0	0	2	3	3	0	2	1	1	0	0	2	1	2	4	3	2	2	2	1	3	5	2
164538	12 Nov 25	18:22:00	1	0	55	0	Ct	0	0	3	2	4	1	20	3	1	2	4	2	0	3	2	2	0	4	2	17	2	0	3	2	2	3	2	1	3	2	4	0	4	2
164539	12 Nov 25	18:23:00	1	0	55	0	Ct	0	0	2	0	3	1	8	1	2	2	3	0	0	6	1	3	0	1	1	1	2	0	3	1	4	3	3	2	2	2	5	5	7	2
164540	12 Nov 25	18:24:00	1	0	55	0	Ct	0	0	4	1	2	0	14	3	2	3	0	4	1	7	1	2	0	2	1	0	0	0	2	3	1	4	2	2	1	2	3	2	8	2
164541	12 Nov 25	18:25:00	1	0	55	0	Ct	0	0	3	0	2	2	8	2	3	2	2	2	1	5	2	3	0	4	1	3	1	0	2	1	3	1	2	2	2	4	3	5	7	2
164542	12 Nov 25	18:26:00	1	0	55	0	Ct	0	0	1	0	4	2	2	1	2	3	3	3	2	4	3	2	0	3	2	3	2	0	3	2	3	2	2	1	4	3	5	5	2	2
164543	12 Nov 25	18:27:00	1	0	55	0	Ct	0	0	2	2	2	2	8	3	2	1	2	1	2	4	2	2	0	2	1	2	1	0	1	1	4	2	2	3	2	3	4	6	4	2
164544	12 Nov 25	18:28:00	1	0	55	0	Ct	0	0	4	0	5	0	10	8	2	0	3	3	2	0	1	1	0	4	2	1	1	0	0	3	3	3	3	3	2	0	1	5	2	0
164545	12 Nov 25	18:29:00	1	0	55	0	Ct	0	0	1	0	4	2	39	4	0	0	4	2	1	4	2	3	0	1	1	2	1	0	0	3	4	2	2	2	2	2	5	4	4	3
164546	12 Nov 25	18:30:00	1	0	55	0	Ct	0	0	3	1	3	1	7	6	0	0	2	2	2	5	1	3	0	3	0	3	0	0	2	1	2	6	3	2	1	1	4	3	5	2
164547	12 Nov 25	18:31:00	1	0	55	0	Ct	0	0	2	1	4	1	32	6	0	2	3	0	3	3	2	4	0	7	2	3	0	0	1	1	4	3	2	3	0	2	4	4	3	3
164548	12 Nov 25	18:32:00	1	0	55	0	Ct	0	0	3	1	5	2	18	0	0	3	2	3	2	3	1	2	0	4	2	2	1	0	1	1	2	1	2	3	1	2	3	5	3	3
164549	12 Nov 25	18:33:00	1	0	55	0	Ct	0	0	2	1	4	1	7	3	0	3	2	2	0	3	3	4	0	1	1	2	1	0	3	1	5	2	2	4	3	3	3	9	2	2
164550	12 Nov 25	18:34:00	1	0	55	0	Ct	0	0	4	0	3	0	22	4	0	3	2	1	2	4	3	3	0	4	2	2	3	0	2	0	5	3	3	1	4	1	2	4	2	1
164551	12 Nov 25	18:35:00	1	0	55	0	Ct	0	0	2	1	4	1	18	3	2	0	2	4	2	2	1	3	0	2	0	2	1	0	2	3	3	2	4	3	2	0	5	5	4	3
164552	12 Nov 25	18:36:00	1	0	55	0	Ct	0	0	4	1	5	0	8	5	1	1	3	3	2	3	3	2	0	2	1	2	1	0	2	2	5	4	4	2	2	3	3	5	5	1
164553	12 Nov 25	18:37:00	1	0	55	0	Ct	0	0	2	2	4	1	16	0	4	2	1	2	2	10	1	4	0	2	1	3	3	0	0	1	3	3	2	1	2	0	5	3	4	0
164554	12 Nov 25	18:38:00	1	0	55	0	Ct	0	0	3	1	3	2	10	5	2	1	5	2	2	2	1	2	0	3	2	2	3	0	1	2	3	3	2	2	5	1	3	3	6	1
164555	12 Nov 25	18:39:00	1	0	55	0	Ct	0	0	2	0	8	2	5	4	2	1	2	3	3	4	3	2	0	4	5	1	7	0	1	1	2	4	2	4	2	4	3	5	4	2
164556	12 Nov 25	18:40:00	1	0	55	0	Ct	0	0	1	1	2	1	14	4	3	4	2	1	2	4	2	3	0	3	4	3	8	0	2	2	5	3	3	0	2	5	3	4	4	2
164557	12 Nov 25	18:41:00	1	0	55	0	Ct	0	0	1	0	1	1	30	5	4	1	2	1	2	3	6	4	0	1	0	2	4	0	2	4	2	3	3	3	1	6	3	4	3	1
164558	12 Nov 25	18:42:00	1	0	55	0	Ct	0	0	1	0	5	1	12	3	0	3	2	3	1	4	8	2	0	3	1	12	2	0	3	4	2	3	4	1	4	3	6	3	5	2
164559	12 Nov 25	18:43:00	1	0	55	0	Ct	0	0	2	1	4	3	23	2	4	2	2	3	2	4	3	2	0	6	1	1	5	0	1	1	3	3	4	3	0	4	4	5	6	2
164560	12 Nov 25	18:44:00	1	0	55	0	Ct	0	0	2	2	3	0	13	2	3	2	4	2	0	3	2	4	0	3	1	2	0	0	1	2	2	2	3	2	2	1	3	5	4	2
164561	12 Nov 25	18:45:00	1	0	55	0	Ct	0	0	3	1	4	1	7	5	2	0	1	1	0	3	2	1	0	0	2	2	1	0	1	1	4	5	5	2	0	4	5	3	4	1
164562	12 Nov 25	18:46:00	1	0	55	0	Ct	0	0	1	0	6	1	15	4	2	1	2	0	0	3	2	2	0	2	1	2	1	0	2	2	3	3	3	4	0	2	4	2	5	1
164563	12 Nov 25	18:47:00	1	0	55	0	Ct	0	0	4	2	4	2	35	4	4	2	2	2	2	3	2	3	0	1	2	2	1	0	0	2	3	4	3	2	1	1	3	2	3	2
164564	12 Nov 25	18:48:00	1	0	55	0	Ct	0	0	8	0	0	1	13	3	4	3	4	1	1	3	2	4	0	4	1	3	1	0	3	3	2	3	3	3	3	1	8	5	5	3
164565	12 Nov 25	18:49:00	1	0	55	0	Ct	0	0	10	2	4	3	13	3	2	2	2	2	6	1	2	2	0	1	3	3	0	0	1	1	4	4	3	1	2	3	2	2	3	1
164566	12 Nov 25	18:50:00	1	0	55	0	Ct	0	0	4	2	3	2	11	4	2	1	2	1	0	2	3	2	0	3	2	3	2	0	2	3	4	4	3	0	1	2	5	4	6	1
164567	12 Nov 25	18:51:00	1	0	55	0	Ct	0	0	6	0	2	1	11	4	0	2	1	3	1	2	2	1	0	3	1	2	2	0	1	2	4	4	2	0	3	3	4	2	4	2
164568	12 Nov 25	18:52:00	1	0	55	0	Ct	0	0	5	4	4	1	5	2	0	4	0	2	1	2	1	3	0	4	1	3	2	0	0	4	4	2	2	0	0	3	4	9	2	4
164569	12 Nov 25	18:53:00	1	0	55	0	Ct	0	0	3	1	5	0	14	5	1	1	1	3	2	4	0	2	0	5	2	3	0	0	3	3	3	3	2	0	1	3	4	4	4	2
164570	12 Nov 25	18:54:00	1	0	55	0	Ct	0	0	6	3	3	1	6	2	2	2	1	1	1	2	1	2	0	3	1	2	0	0	3	2	3	3	2	1	2	1	4	3	10	2
164571	12 Nov 25	18:55:00	1	0	55	0	Ct	0	0	3	1	3	2	31	2	1	1	1	1	3	4	0	0	0	4	2	3	2	0	5	2	3	5	3	1	3	1	3	5	5	3
164572	12 Nov 25	18:56:00	1	0	55	0	Ct	0	0	3	1	4	2	15	2	0	1	0	3	1	2	3	0	0	1	2	1	6	0	6	4	3	2	1	1	3	0	4	4	2	2
164573	12 Nov 25	18:57:00	1	0	55	0	Ct	0	0	7	2	4	5	6	2	1	2	2	2	2	4	2	3	0	2	4	2	0	0	4	2	4	3	2	2	1	1	4	5	5	2
164574	12 Nov 25	18:58:00	1	0	55	0	Ct	0	0	2	0	5	1	12	3	4	3	4	6	3	3	4	2	0	1	0	3	0	0	2	2	3	4	2	3	3	1	3	5	4	2
164575	12 Nov 25	18:59:00	1	0	55	0	Ct	0	0	3	2	2	4	28	1	1	1	2	2	1	2	3	2	0	4	2	1	3	0	0	1	3	3	3	3	1	1	4	3	4	1
164576	12 Nov 25	19:00:00	1	0	55	0	Ct	0	0	4	2	5	4	28	4	1	3	4	2	1	3	3	2	0	4	1	3	1	0	2	2	1	2	3	3	2	3	4	5	5	1
164577	12 Nov 25	19:01:00	1	0	55	0	Ct	0	0	1	0	6	3	22	2	1	2	2	1	2	5	3	2	0	5	3	2	2	0	0	4	2	2	4	3	2	1	4	4	5	1
164578	12 Nov 25	19:02:00	1	0	55	0	Ct	0	0	0	3	6	4	18	3	0	2	3	1	1	1	3	2	0	4	1	3	2	0	3	4	2	4	3	2	1	0	4	5	6	3
164579	12 Nov 25	19:03:00	1	0	55	0	Ct	0	0	2	1	3	2	7	1	1	3	2	3	1	2	1	2	0	6	4	0	0	0	1	1	2	4	3	3	2	1	5	5	4	4
164580	12 Nov 25	19:04:00	1	0	55	0	Ct	0	0	3	1	4	5	9	3	1	1	2	2	1	2	2	4	0	3	1	1	0	0	1	2	4	2	4	2	0	1	11	4	4	2
164581	12 Nov 25	19:05:00	1	0	55	0	Ct	0	0	2	1	6	1	19	1	0	4	0	1	3	0	2	3	0	4	1	0	0	0	2	2	3	4	4	3	3	2	4	5	5	2
164582	12 Nov 25	19:06:00	1	0	55	0	Ct	0	0	2	0	3	1	10	3	0	1	2	4	2	1	3	3	0	3	2	2	1	0	2	3	3	2	2	2	0	2	3	3	5	0
164583	12 Nov 25	19:07:00	1	0	55	0	Ct	0	0	2	2	4	0	7	9	0	1	2	1	1	2	1	2	0	3	3	3	1	0	0	2	4	4	4	2	0	0	3	5	3	3
164584	12 Nov 25	19:08:00	1	0	55	0	Ct	0	0	4	0	6	1	18	7	0	0	1	2	1	3	3	3	0	3	2	2	1	0	2	3	2	5	3	3	3	1	5	3	5	1
164585	12 Nov 25	19:09:00	1	0	55	0	Ct	0	0	3	1	4	2	9	3	0	3	4	2	2	2	3	2	0	2	1	4	4	0	1	0	4	7	4	4	4	2	4	4	1	2
164586	12 Nov 25	19:10:00	1	0	55	0	Ct	0	0	3	1	4	1	13	6	0	1	4	4	0	4	2	2	0	2	0	2	3	0	2	2	3	3	3	2	4	1	4	6	2	0
164587	12 Nov 25	19:11:00	1	0	55	0	Ct	0	0	3	0	3	1	4	2	0	2	4	6	0	2	3	1	0	3	0	2	1	0	0	2	3	1	3	1	5	1	3	5	4	0
164588	12 Nov 25	19:12:00	1	0	55	0	Ct	0	0	1	1	4	2	9	3	0	1	3	3	2	3	3	4	0	4	1	3	1	0	7	4	4	2	2	0	7	1	4	6	6	2
164589	12 Nov 25	19:13:00	1	0	55	0	Ct	0	0	3	1	5	3	22	4	0	1	2	0	1	4	2	2	0	5	3	2	4	0	2	2	4	4	4	1	5	3	4	4	2	3
164590	12 Nov 25	19:14:00	1	0	55	0	Ct	0	0	2	2	4	2	9	3	0	3	2	3	1	3	5	4	0	4	2	3	2	0	1	7	4	5	4	2	4	2	2	2	7	1
164591	12 Nov 25	19:15:00	1	0	55	0	Ct	0	0	2	2	4	0	4	2	0	2	5	3	2	4	0	2	0	3	0	4	3	0	1	4	3	6	4	3	4	0	2	3	5	2
164592	12 Nov 25	19:16:00	1	0	55	0	Ct	0	0	1	1	4	2	38	3	0	1	3	2	5	1	1	2	0	2	1	2	1	0	1	4	2	3	2	2	3	2	4	4	4	1
164593	12 Nov 25	19:17:00	1	0	55	0	Ct	0	0	3	1	3	1	7	3	0	2	2	2	1	4	3	2	0	4	1	2	2	0	0	3	4	4	4	3	4	2	2	3	6	2
164594	12 Nov 25	19:18:00	1	0	55	0	Ct	0	0	5	0	4	1	8	4	0	2	1	3	5	4	10	2	0	5	2	3	0	0	1	6	4	4	3	1	4	2	4	3	5	2
164595	12 Nov 25	19:19:00	1	0	55	0	Ct	0	0	3	1	5	1	11	5	0	0	3	2	4	3	3	2	0	2	1	1	0	0	4	2	3	2	4	2	1	2	4	5	4	2
164596	12 Nov 25	19:20:00	1	0	55	0	Ct	0	0	2	1	6	2	10	3	0	1	3	3	5	4	1	4	0	0	1	3	1	0	1	2	4	4	3	3	1	1	5	7	6	4
164597	12 Nov 25	19:21:00	1	0	55	0	Ct	0	0	1	5	3	3	28	9	2	3	3	2	1	2	1	2	0	5	1	2	1	0	1	2	4	3	3	2	2	4	3	0	1	2
164598	12 Nov 25	19:22:00	1	0	55	0	Ct	0	0	2	1	0	0	22	3	2	1	3	4	2	4	1	1	0	2	2	3	1	0	1	2	3	2	3	3	1	2	6	2	4	1
164599	12 Nov 25	19:23:00	1	0	55	0	Ct	0	0	2	2	4	2	6	4	0	3	4	2	4	5	1	2	0	4	3	3	2	0	1	2	5	2	2	0	3	1	4	4	4	4
164600	12 Nov 25	19:24:00	1	0	55	0	Ct	0	0	2	0	3	0	36	3	0	1	4	2	4	4	3	5	0	3	1	4	1	0	3	2	3	2	3	2	2	1	7	5	4	1
164601	12 Nov 25	19:25:00	1	0	55	0	Ct	0	0	4	3	4	1	18	3	0	0	2	2	2	4	2	2	0	2	1	3	0	0	4	2	3	5	2	2	4	2	7	4	5	1
164602	12 Nov 25	19:26:00	1	0	55	0	Ct	0	0	4	1	2	2	31	2	0	2	3	2	3	3	3	0	0	5	1	4	1	0	1	2	2	4	2	2	2	3	6	4	2	0
164603	12 Nov 25	19:27:00	1	0	55	0	Ct	0	0	3	0	1	1	16	4	0	1	2	1	2	0	3	0	0	4	2	2	0	0	1	1	3	1	4	2	3	1	5	3	2	2
164604	12 Nov 25	19:28:00	1	0	55	0	Ct	0	0	2	2	2	0	12	10	0	3	3	1	2	0	2	3	0	2	3	3	0	0	1	4	5	3	3	2	3	2	2	5	3	2
164605	12 Nov 25	19:29:00	1	0	55	0	Ct	0	0	3	0	5	2	16	2	0	1	2	1	2	0	6	3	0	3	2	2	0	0	2	1	3	2	3	3	2	2	3	3	8	3
164606	12 Nov 25	19:30:00	1	0	55	0	Ct	0	0	3	1	4	3	24	5	0	1	3	4	2	0	1	5	0	5	3	3	2	0	2	2	3	4	2	2	0	3	3	1	4	2
164607	12 Nov 25	19:31:00	1	0	55	0	Ct	0	0	3	2	2	2	11	6	0	1	2	2	3	1	2	1	0	4	0	1	1	0	2	2	4	3	3	4	2	1	4	3	4	1
164608	12 Nov 25	19:32:00	1	0	55	0	Ct	0	0	2	0	2	1	6	1	0	3	2	3	3	0	2	3	0	1	2	3	2	0	0	2	5	5	4	6	1	0	4	4	5	3
164609	12 Nov 25	19:33:00	1	0	55	0	Ct	0	0	4	1	7	2	14	4	0	0	2	0	2	0	1	3	0	3	2	2	1	0	1	3	4	3	2	3	2	2	6	5	5	2
164610	12 Nov 25	19:34:00	1	0	55	0	Ct	0	0	3	1	4	1	4	0	0	2	2	1	1	1	1	3	0	2	2	2	1	0	1	1	3	3	3	2	3	1	4	4	3	4
164611	12 Nov 25	19:35:00	1	0	55	0	Ct	0	0	3	2	5	2	29	4	0	1	1	1	1	9	2	0	0	1	1	1	1	0	3	1	4	3	4	2	2	1	3	6	4	2
164612	12 Nov 25	19:36:00	1	0	55	0	Ct	0	0	2	3	2	1	5	7	0	2	3	2	0	4	0	0	0	4	1	3	4	0	2	3	4	4	2	2	3	2	3	4	4	3
164613	12 Nov 25	19:37:00	1	0	55	0	Ct	0	0	3	2	3	1	6	3	0	3	4	3	2	3	3	0	0	4	2	2	8	0	0	1	3	2	2	2	1	1	4	6	5	2
164614	12 Nov 25	19:38:00	1	0	55	0	Ct	0	0	2	1	5	1	12	5	0	4	4	3	2	6	4	0	0	4	1	1	7	0	2	2	4	4	2	8	2	1	4	4	2	4
164615	12 Nov 25	19:39:00	1	0	55	0	Ct	0	0	3	2	3	2	17	1	0	2	2	0	2	4	5	0	0	5	3	4	0	0	2	1	3	2	2	3	3	2	4	5	4	4
164616	12 Nov 25	19:40:00	1	0	55	0	Ct	0	0	2	1	5	1	15	3	0	3	1	3	2	5	2	0	0	1	2	4	1	0	0	2	5	2	4	1	2	1	4	3	5	2
164617	12 Nov 25	19:41:00	1	0	55	0	Ct	0	0	2	1	5	0	26	3	0	3	2	1	3	5	1	0	0	4	2	3	1	0	1	1	2	3	2	0	0	2	4	4	5	3
164618	12 Nov 25	19:42:00	1	0	55	0	Ct	0	0	4	2	5	1	20	3	0	2	2	6	2	3	3	0	0	5	2	2	0	0	2	1	3	5	2	2	2	1	3	3	4	4
164619	12 Nov 25	19:43:00	1	0	55	0	Ct	0	0	2	1	4	1	15	1	0	1	2	4	1	6	1	0	0	2	3	2	1	0	1	2	3	5	2	1	2	1	3	3	6	3
164620	12 Nov 25	19:44:00	1	0	55	0	Ct	0	0	4	0	4	0	23	3	0	1	3	2	3	3	2	0	0	3	3	2	1	0	2	3	4	2	3	3	1	2	6	4	4	2
164621	12 Nov 25	19:45:00	1	0	55	0	Ct	0	0	1	0	4	2	4	3	0	1	2	3	0	5	8	0	0	5	1	2	2	0	0	2	4	3	3	3	2	1	3	2	4	1
164622	12 Nov 25	19:46:00	1	0	55	0	Ct	0	0	2	1	4	4	17	3	0	4	0	2	5	6	3	0	0	2	2	0	2	0	1	1	2	5	2	1	0	3	3	3	9	1
164623	12 Nov 25	19:47:00	1	0	55	0	Ct	0	0	3	1	2	5	28	2	0	2	2	2	3	5	1	0	0	2	0	2	2	0	1	1	4	2	3	1	3	0	5	3	5	2
164624	12 Nov 25	19:48:00	1	0	55	0	Ct	0	0	2	1	3	4	12	4	0	1	1	3	1	3	0	0	0	4	0	2	0	0	1	1	5	0	7	2	3	0	2	4	3	2
164625	12 Nov 25	19:49:00	1	0	55	0	Ct	0	0	3	1	3	3	6	4	0	3	0	1	2	3	2	0	0	3	0	2	2	0	3	3	3	3	4	1	2	2	5	4	6	1
164626	12 Nov 25	19:50:00	1	0	55	0	Ct	0	0	3	1	3	2	9	5	0	2	2	0	2	4	3	0	0	3	0	1	0	0	2	2	5	2	3	0	1	1	3	1	4	1
164627	12 Nov 25	19:51:00	1	0	55	0	Ct	0	0	3	2	2	3	19	2	0	1	3	3	2	2	1	0	0	4	1	2	1	0	2	2	3	5	2	0	2	1	4	4	5	2
164628	12 Nov 25	19:52:00	1	0	55	0	Ct	0	0	3	2	2	1	8	2	0	1	2	5	1	5	5	0	0	5	2	2	2	0	1	2	2	6	6	0	0	2	3	3	2	3
164629	12 Nov 25	19:53:00	1	0	55	0	Ct	0	0	3	0	3	1	4	4	0	1	2	2	2	5	5	0	0	4	1	1	0	0	1	3	1	2	3	0	0	1	6	3	4	1
164630	12 Nov 25	19:54:00	1	0	55	0	Ct	0	0	4	2	3	2	14	3	0	3	4	3	0	4	5	0	0	3	7	3	1	0	0	2	2	2	2	0	0	0	4	4	4	2
164631	12 Nov 25	19:55:00	1	0	55	0	Ct	0	0	3	1	3	1	5	7	0	2	2	2	2	2	3	0	0	6	7	2	0	0	3	3	3	1	3	3	1	3	6	4	5	2
164632	12 Nov 25	19:56:00	1	0	55	0	Ct	0	0	4	1	3	4	21	3	0	2	3	2	2	6	2	0	0	5	3	2	4	0	1	2	5	6	3	0	2	2	5	5	5	3
164633	12 Nov 25	19:57:00	1	0	55	0	Ct	0	0	3	0	3	1	4	3	0	2	3	3	0	4	1	0	0	3	5	3	1	0	1	2	4	4	2	4	6	3	3	4	4	3
164634	12 Nov 25	19:58:00	1	0	55	0	Ct	0	0	2	3	1	0	17	3	0	3	1	3	0	6	1	0	0	4	4	2	0	0	0	3	3	4	4	4	5	0	5	3	4	2
164635	12 Nov 25	19:59:00	1	0	55	0	Ct	0	0	3	0	5	1	5	3	0	2	3	1	1	3	2	0	0	3	3	3	1	0	2	2	4	4	2	3	2	4	4	3	3	3
164636	12 Nov 25	20:00:00	1	0	55	0	Ct	0	0	3	1	7	1	13	2	0	2	3	3	2	5	3	0	0	2	3	4	1	0	1	2	4	4	3	2	1	1	4	4	3	3
164637	12 Nov 25	20:01:00	1	0	55	0	Ct	0	0	3	1	6	1	6	3	0	2	3	3	1	3	2	0	0	2	4	5	0	0	1	1	3	3	2	3	2	2	8	3	4	2
164638	12 Nov 25	20:02:00	1	0	55	0	Ct	0	0	2	0	5	0	12	2	0	3	2	3	1	4	1	0	0	3	3	2	1	0	1	2	2	5	4	3	2	1	4	5	3	2
164639	12 Nov 25	20:03:00	1	0	55	0	Ct	0	0	4	2	5	1	21	2	2	2	1	2	1	3	2	0	0	3	4	4	1	0	1	3	2	0	3	3	3	2	3	4	6	2
164640	12 Nov 25	20:04:00	1	0	55	0	Ct	0	0	2	1	6	0	13	3	2	0	2	3	3	3	2	0	0	2	3	2	0	0	2	3	4	5	3	2	2	0	4	3	4	1
164641	12 Nov 25	20:05:00	1	0	55	0	Ct	0	0	3	1	5	0	24	3	0	5	3	0	4	3	3	0	0	2	3	2	0	0	0	1	3	4	4	1	2	2	4	3	4	2
164642	12 Nov 25	20:06:00	1	0	55	0	Ct	0	0	3	1	5	0	14	2	0	2	2	3	3	3	2	0	0	2	3	3	1	0	2	1	3	5	2	2	5	3	4	4	5	4
164643	12 Nov 25	20:07:00	1	0	55	0	Ct	0	0	2	0	4	2	12	7	0	3	2	3	1	4	2	0	0	2	0	3	3	0	2	3	3	6	3	2	4	2	6	5	7	2
164644	12 Nov 25	20:08:00	1	0	55	0	Ct	0	0	2	1	4	0	9	3	0	2	3	3	2	4	2	0	0	1	2	3	2	0	2	1	1	3	4	5	2	2	3	4	4	2
164645	12 Nov 25	20:09:00	1	0	55	0	Ct	0	0	3	1	1	3	3	2	0	2	4	1	2	0	2	0	0	5	1	2	0	0	0	2	1	3	2	2	1	2	12	6	4	3
164646	12 Nov 25	20:10:00	1	0	55	0	Ct	0	0	3	1	4	2	17	4	0	0	0	2	1	5	1	0	0	1	1	3	3	0	1	1	4	5	2	3	0	0	4	6	2	2
164647	12 Nov 25	20:11:00	1	0	55	0	Ct	0	0	1	1	3	1	9	3	0	0	2	1	1	3	0	0	0	4	2	4	0	0	1	2	2	4	2	2	4	2	4	4	3	2
164648	12 Nov 25	20:12:00	1	0	55	0	Ct	0	0	4	3	4	1	8	3	0	1	2	1	2	3	2	0	0	1	2	1	3	0	0	0	4	3	3	4	3	0	5	3	3	2
164649	12 Nov 25	20:13:00	1	0	55	0	Ct	0	0	3	0	4	1	9	5	0	2	3	1	2	2	1	0	0	3	1	2	2	0	0	0	3	2	4	3	2	0	3	4	5	2
164650	12 Nov 25	20:14:00	1	0	55	0	Ct	0	0	3	1	5	0	19	4	0	3	1	0	2	5	3	0	0	3	1	2	0	0	0	3	4	4	3	3	2	2	3	5	5	2
164651	12 Nov 25	20:15:00	1	0	55	0	Ct	0	0	3	1	1	0	17	5	0	2	3	3	1	3	0	0	0	6	1	2	2	0	3	2	3	5	3	1	3	1	2	5	6	3
164652	12 Nov 25	20:16:00	1	0	55	0	Ct	0	0	2	1	4	0	22	3	0	1	4	1	0	3	2	0	0	2	3	2	0	0	4	5	3	3	8	4	3	2	3	6	7	3
164653	12 Nov 25	20:17:00	1	0	55	0	Ct	0	0	4	1	3	2	15	3	0	2	2	2	1	3	0	0	0	4	3	2	0	0	7	5	2	4	3	2	1	1	4	4	4	2
164654	12 Nov 25	20:18:00	1	0	55	0	Ct	0	0	3	2	4	0	16	5	0	1	4	0	0	2	1	0	0	2	1	2	0	0	1	4	1	3	2	2	2	0	5	3	4	2
164655	12 Nov 25	20:19:00	1	0	55	0	Ct	0	0	1	1	1	4	28	2	0	3	2	2	2	1	1	0	0	4	1	2	0	0	0	0	3	4	4	2	1	3	5	3	5	3
164656	12 Nov 25	20:20:00	1	0	55	0	Ct	0	0	2	1	4	0	22	2	0	2	7	3	1	4	0	0	0	3	2	1	0	0	0	4	1	3	2	2	0	0	4	5	7	3
164657	12 Nov 25	20:21:00	1	0	55	0	Ct	0	0	2	2	2	2	14	2	0	1	2	2	2	2	1	0	0	3	1	1	0	0	0	1	3	5	3	2	0	10	5	6	4	2
164658	12 Nov 25	20:22:00	1	0	55	0	Ct	0	0	4	1	5	0	30	3	0	1	3	2	2	5	1	0	0	0	1	5	3	0	0	3	1	5	3	2	3	2	4	4	5	3
164659	12 Nov 25	20:23:00	1	0	55	0	Ct	0	0	1	1	3	2	13	0	0	3	3	3	0	2	2	0	0	1	2	2	0	0	0	3	3	3	2	0	3	2	4	4	3	2
164660	12 Nov 25	20:24:00	1	0	55	0	Ct	0	0	3	2	5	0	16	1	0	2	0	1	1	5	2	0	0	3	1	2	0	0	0	3	3	2	3	3	2	2	4	3	2	4
164661	12 Nov 25	20:25:00	1	0	55	0	Ct	0	0	2	1	4	2	3	2	0	3	2	1	1	4	0	0	0	5	1	4	0	0	0	2	3	0	4	1	0	1	5	2	6	4
164662	12 Nov 25	20:26:00	1	0	55	0	Ct	0	0	4	0	4	0	0	2	0	2	3	1	2	3	0	0	0	7	1	2	1	0	0	3	3	5	3	2	0	2	7	3	7	2
164663	12 Nov 25	20:27:00	1	0	55	0	Ct	0	0	1	1	3	2	18	5	0	1	1	1	1	2	2	0	0	6	1	1	1	0	0	2	2	5	2	0	0	1	2	5	5	1
164664	12 Nov 25	20:28:00	1	0	55	0	Ct	0	0	4	1	3	1	10	4	0	1	2	1	1	1	1	0	0	3	0	2	0	0	0	2	4	2	2	0	3	0	6	4	5	2
164665	12 Nov 25	20:29:00	1	0	55	0	Ct	0	0	3	1	4	1	8	4	0	4	2	0	1	3	1	0	0	5	1	2	1	0	0	1	2	4	3	0	2	0	2	5	2	4
164666	12 Nov 25	20:30:00	1	0	55	0	Ct	0	0	4	0	4	2	25	4	0	1	2	2	1	3	0	0	0	6	2	3	1	0	0	0	3	3	3	0	3	0	1	5	2	2
164667	12 Nov 25	20:31:00	1	0	55	0	Ct	0	0	1	3	1	0	12	3	0	7	1	3	2	2	0	0	0	5	2	3	1	0	0	2	4	4	8	0	0	0	2	7	2	2
164668	12 Nov 25	20:32:00	1	0	55	0	Ct	0	0	3	0	2	0	14	7	0	3	0	1	2	3	0	0	0	4	1	2	1	0	0	2	3	2	6	0	2	0	3	3	6	2
164669	12 Nov 25	20:33:00	1	0	55	0	Ct	0	0	1	1	4	0	9	2	0	0	0	0	0	3	0	0	0	5	1	3	0	0	0	2	2	3	1	0	1	0	8	2	3	1
164670	12 Nov 25	20:34:00	1	0	55	0	Ct	0	0	3	1	0	0	22	3	0	1	1	0	2	6	0	0	0	3	2	2	0	0	0	1	2	7	2	0	4	0	3	4	6	2
164671	12 Nov 25	20:35:00	1	0	55	0	Ct	0	0	3	0	2	0	15	3	0	4	2	3	2	7	1	0	0	4	0	4	0	0	0	2	2	2	3	0	2	0	4	3	4	2
164672	12 Nov 25	20:36:00	1	0	55	0	Ct	0	0	2	3	3	0	5	3	0	2	1	2	1	4	3	0	0	3	2	1	0	0	0	1	2	2	3	0	4	0	3	4	3	2
164673	12 Nov 25	20:37:00	1	0	55	0	Ct	0	0	2	1	4	0	0	2	0	1	1	3	2	3	1	0	0	3	2	1	0	0	0	2	4	4	2	1	9	0	9	6	3	2
164674	12 Nov 25	20:38:00	1	0	55	0	Ct	0	0	2	2	2	0	3	1	0	2	2	2	1	0	1	0	0	2	1	1	0	0	0	3	1	2	2	0	6	0	3	5	3	1
164675	12 Nov 25	20:39:00	1	0	55	0	Ct	0	0	3	0	3	0	23	4	0	0	2	3	1	0	0	0	0	4	1	3	0	0	0	2	1	14	3	0	5	0	3	5	6	2
164676	12 Nov 25	20:40:00	1	0	55	0	Ct	0	0	3	1	4	2	18	3	0	0	2	5	2	0	0	0	0	5	0	3	0	0	0	0	2	3	2	0	3	0	2	5	5	3
164677	12 Nov 25	20:41:00	1	0	55	0	Ct	0	0	2	2	3	3	15	1	0	2	2	2	1	4	0	0	0	3	2	4	6	0	0	0	2	3	3	0	2	0	0	3	4	2
164678	12 Nov 25	20:42:00	1	0	55	0	Ct	0	0	3	1	2	0	12	4	0	2	4	2	6	4	3	0	0	5	3	2	0	0	0	1	2	4	2	2	2	0	3	1	3	0
164679	12 Nov 25	20:43:00	1	0	55	0	Ct	0	0	2	3	4	0	13	0	0	3	2	3	1	4	1	0	0	4	1	2	2	0	0	3	2	3	2	3	3	0	5	3	1	2
164680	12 Nov 25	20:44:00	1	0	55	0	Ct	0	0	2	0	3	2	11	0	0	2	0	3	7	0	0	0	0	2	2	3	0	0	0	2	2	4	5	0	0	0	4	4	4	2
164681	12 Nov 25	20:45:00	1	0	55	0	Ct	0	0	3	3	3	1	18	3	0	1	0	7	1	5	0	0	0	2	2	1	0	0	0	4	0	4	4	2	4	0	4	8	4	3
164682	12 Nov 25	20:46:00	1	0	55	0	Ct	0	0	3	0	4	0	22	1	0	1	0	0	2	3	0	0	0	4	1	2	0	0	0	2	0	8	6	3	2	0	2	5	5	4
164683	12 Nov 25	20:47:00	1	0	55	0	Ct	0	0	1	1	2	0	14	1	0	0	0	2	1	4	0	0	0	3	1	1	0	0	0	2	1	3	3	0	1	0	6	1	4	1
164684	12 Nov 25	20:48:00	1	0	55	0	Ct	0	0	2	1	5	0	3	3	0	0	0	2	3	5	0	0	0	2	2	0	0	0	0	0	2	1	3	0	3	0	4	4	7	2
164685	12 Nov 25	20:49:00	1	0	55	0	Ct	0	0	2	0	5	0	18	3	0	2	0	2	4	4	0	0	0	2	1	2	0	0	0	0	1	0	3	0	4	0	4	4	5	3
164686	12 Nov 25	20:50:00	1	0	55	0	Ct	0	0	2	1	2	0	4	1	0	1	0	0	2	4	0	0	0	3	1	1	0	0	0	0	1	0	0	0	2	0	1	3	2	2
164687	12 Nov 25	20:51:00	1	0	55	0	Ct	0	0	1	1	3	0	8	2	0	2	0	3	3	2	0	0	0	4	2	0	0	0	0	0	2	2	2	0	4	0	2	5	4	2
164688	12 Nov 25	20:52:00	1	0	55	0	Ct	0	0	3	1	3	0	0	3	0	3	0	1	2	3	0	0	0	2	1	1	0	0	0	0	2	2	2	1	1	0	3	1	5	2
164689	12 Nov 25	20:53:00	1	0	55	0	Ct	0	0	1	1	2	0	9	2	0	0	0	0	0	1	0	0	0	1	1	9	0	0	0	0	3	4	3	0	2	0	4	6	3	1
164690	12 Nov 25	20:54:00	1	0	55	0	Ct	0	0	1	0	4	0	4	1	0	0	0	0	1	6	0	0	0	2	4	1	0	0	0	0	2	3	2	0	2	0	2	2	5	2
164691	12 Nov 25	20:55:00	1	0	55	0	Ct	0	0	3	0	1	0	6	4	0	0	1	3	3	1	0	0	0	1	0	2	0	0	0	0	1	4	3	0	1	0	3	4	8	2
164692	12 Nov 25	20:56:00	1	0	55	0	Ct	0	0	1	1	5	0	3	3	0	1	0	0	4	3	0	0	0	6	1	1	0	0	0	0	2	0	1	0	3	0	3	2	4	1
164693	12 Nov 25	20:57:00	1	0	55	0	Ct	0	0	6	1	4	0	3	6	0	1	0	0	3	1	2	0	0	0	3	0	0	0	0	0	1	0	4	2	2	0	4	6	5	2
164694	12 Nov 25	20:58:00	1	0	55	0	Ct	0	0	3	2	4	0	3	2	0	0	0	0	3	3	2	0	0	0	0	3	0	0	0	2	1	0	3	0	0	0	5	2	4	1
164695	12 Nov 25	20:59:00	1	0	55	0	Ct	0	0	2	1	3	0	0	2	0	3	2	0	1	3	1	0	0	0	0	2	1	0	0	0	2	0	2	0	1	0	4	7	7	3
164696	12 Nov 25	21:00:00	1	0	55	0	Ct	0	0	2	1	3	0	0	1	0	1	0	0	2	3	3	0	0	2	1	4	3	0	0	0	0	0	1	0	3	0	1	5	6	1
164697	12 Nov 25	21:01:00	1	0	55	0	Ct	0	0	3	1	2	0	0	1	0	0	0	2	3	2	3	0	0	2	2	2	1	0	0	0	0	0	1	0	2	0	4	6	3	2
164698	12 Nov 25	21:02:00	1	0	55	0	Ct	0	0	4	0	1	0	0	0	0	0	0	0	2	2	2	0	0	1	1	1	0	0	0	0	0	0	3	0	1	0	3	4	5	3
164699	12 Nov 25	21:03:00	1	0	55	0	Ct	0	0	1	0	4	0	0	2	0	1	0	3	0	0	4	0	0	0	1	1	0	0	0	0	2	0	3	0	3	0	0	3	5	3
164700	12 Nov 25	21:04:00	1	0	55	0	Ct	0	0	1	1	4	0	0	2	0	1	0	3	2	0	3	0	0	2	0	3	0	0	0	0	2	0	1	0	2	0	2	4	2	3
164701	12 Nov 25	21:05:00	1	0	55	0	Ct	0	0	2	1	3	0	0	1	0	0	0	3	1	0	0	0	0	6	1	2	0	0	0	0	0	0	1	0	0	0	2	4	2	5
164702	12 Nov 25	21:06:00	1	0	55	0	Ct	0	0	2	0	3	0	4	3	0	0	0	2	3	0	2	0	0	2	0	1	0	0	0	0	2	0	2	0	0	0	2	5	4	0
164703	12 Nov 25	21:07:00	1	0	55	0	Ct	0	0	2	2	4	0	0	5	0	0	0	2	1	1	1	0	0	3	1	2	0	0	0	0	5	0	4	0	1	0	1	4	3	0
164704	12 Nov 25	21:08:00	1	0	55	0	Ct	0	0	2	1	3	0	8	5	0	0	0	1	3	3	0	0	0	2	2	0	0	0	0	0	0	2	2	0	1	0	4	3	3	0
164705	12 Nov 25	21:09:00	1	0	55	0	Ct	0	0	0	1	3	0	0	3	0	1	0	2	2	2	0	0	0	2	1	0	0	0	0	0	2	0	0	0	0	0	2	4	6	3
164706	12 Nov 25	21:10:00	1	0	55	0	Ct	0	0	0	1	2	0	0	1	0	1	0	0	2	0	0	0	0	2	0	2	0	0	0	0	1	3	0	0	0	0	3	3	5	2
164707	12 Nov 25	21:11:00	1	0	55	0	Ct	0	0	2	1	4	0	2	3	0	0	0	0	0	2	0	0	0	2	1	2	0	0	0	0	1	4	2	0	0	0	4	1	1	2
164708	12 Nov 25	21:12:00	1	0	55	0	Ct	0	0	0	2	2	0	0	4	0	0	0	0	0	0	0	0	0	3	1	1	0	0	0	0	0	0	3	0	0	0	3	5	4	0
164709	12 Nov 25	21:13:00	1	0	55	0	Ct	0	0	0	1	2	0	4	1	0	0	0	0	1	0	0	0	0	5	0	2	0	0	0	0	0	0	36	0	0	0	4	3	2	1
164710	12 Nov 25	21:14:00	1	0	55	0	Ct	0	0	0	0	0	0	2	2	0	0	0	0	0	0	0	0	0	5	2	2	0	0	0	0	2	1	4	0	0	0	3	4	0	1
164711	12 Nov 25	21:15:00	1	0	55	0	Ct	0	0	2	1	5	0	0	1	0	0	0	0	0	0	0	0	0	4	0	1	0	0	0	3	2	2	4	0	2	0	6	1	6	2
164712	12 Nov 25	21:16:00	1	0	55	0	Ct	0	0	0	1	2	0	0	2	0	0	0	0	0	0	0	0	0	8	2	2	0	0	0	0	0	4	5	0	2	0	2	3	4	3
164713	12 Nov 25	21:17:00	1	0	55	0	Ct	0	0	1	0	4	0	0	1	0	0	0	0	4	0	0	0	0	5	0	2	0	0	0	0	2	4	3	0	0	0	2	4	2	0
164714	12 Nov 25	21:18:00	1	0	55	0	Ct	0	0	1	1	1	0	1	1	0	0	0	0	3	0	0	0	0	4	0	0	0	0	0	0	3	5	3	0	0	0	1	5	1	2
164715	12 Nov 25	21:19:00	1	0	55	0	Ct	0	0	0	0	0	0	3	1	0	2	0	0	3	1	0	0	0	2	1	0	0	0	0	0	3	5	2	0	0	0	7	6	6	0
164716	12 Nov 25	21:20:00	1	0	55	0	Ct	0	0	2	1	2	0	1	2	0	0	0	0	7	2	0	0	0	5	1	0	0	0	0	0	0	4	3	0	0	0	3	4	3	1
164717	12 Nov 25	21:21:00	1	0	55	0	Ct	0	0	1	0	4	0	7	3	0	0	0	0	3	3	0	0	0	6	1	1	0	0	0	0	0	3	3	0	0	0	4	3	5	3
164718	12 Nov 25	21:22:00	1	0	55	0	Ct	0	0	1	0	7	0	4	2	0	0	0	0	3	0	0	0	0	1	2	2	0	0	0	0	0	5	3	0	0	0	0	5	0	3
164719	12 Nov 25	21:23:00	1	0	55	0	Ct	0	0	0	0	3	0	5	1	0	0	0	0	2	0	0	0	0	1	1	1	0	0	0	0	0	4	3	0	0	1	4	2	0	2
164720	12 Nov 25	21:24:00	1	0	55	0	Ct	0	0	0	0	3	0	4	1	0	0	0	0	2	0	0	0	0	0	2	2	0	0	0	0	2	4	2	0	0	6	3	4	2	3
164721	12 Nov 25	21:25:00	1	0	55	0	Ct	0	0	2	2	1	0	9	0	0	0	0	0	1	0	0	0	0	3	0	2	0	0	0	0	0	3	3	0	0	0	1	6	4	0
164722	12 Nov 25	21:26:00	1	0	55	0	Ct	0	0	0	0	2	0	21	0	2	0	0	3	2	0	0	0	0	3	2	0	0	0	0	0	0	2	3	0	1	0	3	4	4	2
164723	12 Nov 25	21:27:00	1	0	55	0	Ct	0	0	0	0	3	0	13	0	3	0	0	3	2	0	0	0	0	4	1	1	0	0	0	0	4	4	2	0	3	0	4	4	6	2
164724	12 Nov 25	21:28:00	1	0	55	0	Ct	0	0	0	1	4	0	11	1	0	0	0	0	1	0	0	0	0	2	1	0	0	0	0	0	1	4	2	0	5	0	0	2	0	1
164725	12 Nov 25	21:29:00	1	0	55	0	Ct	0	0	0	1	2	0	10	2	0	0	0	0	0	0	0	0	0	4	0	1	0	0	0	0	2	4	2	0	2	0	4	2	2	3
164726	12 Nov 25	21:30:00	1	0	55	0	Ct	0	0	0	0	2	0	4	3	0	0	0	0	2	0	0	0	0	3	2	0	0	0	0	6	2	4	2	0	3	0	3	3	0	2
164727	12 Nov 25	21:31:00	1	0	55	0	Ct	0	0	0	0	3	0	0	2	2	0	0	0	0	0	0	0	0	4	0	3	0	0	0	0	1	5	3	2	3	0	3	3	0	2
164728	12 Nov 25	21:32:00	1	0	55	0	Ct	0	0	0	0	2	0	0	3	0	0	0	0	0	0	1	0	0	3	0	1	0	0	0	0	1	1	2	0	3	0	0	3	0	2
164729	12 Nov 25	21:33:00	1	0	55	0	Ct	0	0	0	0	6	0	0	2	0	0	1	0	0	0	0	0	0	4	2	3	0	0	0	0	1	2	0	0	2	0	2	2	0	2
164730	12 Nov 25	21:34:00	1	0	55	0	Ct	0	0	0	0	3	0	0	2	0	0	0	0	0	0	0	0	0	3	0	1	0	0	0	0	3	2	0	0	3	0	1	3	0	3
164731	12 Nov 25	21:35:00	1	0	55	0	Ct	0	0	0	0	3	0	0	1	0	0	0	0	0	0	0	0	0	3	2	1	0	0	0	0	2	3	2	0	2	0	0	6	0	2
164732	12 Nov 25	21:36:00	1	0	55	0	Ct	0	0	0	0	2	0	0	1	0	0	0	0	0	0	0	0	0	2	0	2	0	0	0	0	0	4	2	0	3	0	0	3	0	3
164733	12 Nov 25	21:37:00	1	0	55	0	Ct	0	0	0	2	2	0	0	2	0	0	0	0	0	0	0	0	0	0	0	0	0	0	0	0	0	6	2	0	2	0	0	5	0	2
164734	12 Nov 25	21:38:00	1	0	55	0	Ct	0	0	0	0	3	0	0	2	0	0	0	0	0	0	0	0	0	4	0	0	0	0	0	0	0	4	2	0	2	0	0	0	0	2
164735	12 Nov 25	21:39:00	1	0	55	0	Ct	0	0	2	1	3	0	0	3	0	0	0	0	0	0	0	0	0	1	0	2	0	0	0	0	0	3	2	0	1	0	1	5	0	1
164736	12 Nov 25	21:40:00	1	0	55	0	Ct	0	0	0	1	2	0	1	1	0	0	0	0	0	0	0	0	0	3	1	0	0	0	0	0	0	1	0	0	2	0	2	5	0	5
164737	12 Nov 25	21:41:00	1	0	55	0	Ct	0	0	1	0	3	0	7	1	2	0	0	2	0	0	0	0	0	2	1	0	0	0	0	0	1	4	2	0	1	1	1	5	0	5
164738	12 Nov 25	21:42:00	1	0	55	0	Ct	0	0	0	1	1	0	0	1	0	0	0	3	0	2	0	0	0	2	1	1	0	0	0	0	1	1	2	0	1	0	1	4	0	3
164739	12 Nov 25	21:43:00	1	0	55	0	Ct	0	0	0	1	4	0	0	2	0	0	0	1	0	0	0	0	0	3	0	0	0	0	0	0	1	5	1	0	3	0	0	3	0	2
164740	12 Nov 25	21:44:00	1	0	55	0	Ct	0	0	2	0	2	0	0	2	0	0	0	0	1	0	0	0	0	4	0	0	0	0	0	0	1	3	2	0	2	0	0	1	0	3
164741	12 Nov 25	21:45:00	1	0	55	0	Ct	0	0	0	0	1	0	2	0	0	0	0	0	0	0	0	0	0	5	1	0	0	0	0	2	0	3	1	0	2	0	0	3	0	3
164742	12 Nov 25	21:46:00	1	0	55	0	Ct	0	0	2	0	2	0	1	0	0	0	0	0	0	0	0	0	0	2	0	0	0	0	0	0	0	7	0	0	1	0	0	4	0	0
164743	12 Nov 25	21:47:00	1	0	55	0	Ct	0	0	0	1	1	0	19	2	0	0	0	3	0	0	0	0	0	5	0	1	0	0	0	1	0	3	0	0	2	0	1	2	0	0
164744	12 Nov 25	21:48:00	1	0	55	0	Ct	0	0	6	1	3	0	8	2	0	0	0	3	1	0	0	0	0	2	0	3	0	0	0	0	0	2	0	0	2	0	1	1	0	0
164745	12 Nov 25	21:49:00	1	0	55	0	Ct	0	0	2	0	3	0	1	2	0	0	0	3	0	0	0	0	0	2	1	2	0	0	0	2	0	5	0	0	2	0	0	5	0	2
164746	12 Nov 25	21:50:00	1	0	55	0	Ct	0	0	2	0	1	0	0	0	0	0	0	2	0	0	0	0	0	2	2	0	0	0	0	2	0	4	0	0	3	0	0	6	0	0
164747	12 Nov 25	21:51:00	1	0	55	0	Ct	0	0	4	0	3	0	0	2	0	0	0	2	0	0	0	0	0	1	0	0	0	0	0	1	0	0	2	0	0	0	4	5	0	0
164748	12 Nov 25	21:52:00	1	0	55	0	Ct	0	0	3	0	1	0	1	4	0	0	0	2	0	0	4	0	0	4	0	0	0	0	0	3	0	2	3	0	0	0	0	3	0	2
164749	12 Nov 25	21:53:00	1	0	55	0	Ct	0	0	3	0	1	0	0	1	0	0	3	0	0	0	0	0	0	1	2	0	0	0	0	4	0	4	1	0	2	0	2	4	0	0
164750	12 Nov 25	21:54:00	1	0	55	0	Ct	0	0	2	0	0	0	0	1	0	0	2	2	0	0	0	0	0	2	0	0	0	0	0	2	0	6	1	0	3	3	2	5	0	0
164751	12 Nov 25	21:55:00	1	0	55	0	Ct	0	0	2	0	0	0	0	1	0	0	0	0	0	0	0	0	0	3	0	0	0	0	0	2	2	4	1	0	0	1	4	2	0	0
164752	12 Nov 25	21:56:00	1	0	55	0	Ct	0	0	1	0	0	0	0	3	0	0	0	2	0	0	2	0	0	3	0	0	0	0	0	1	2	2	4	0	0	0	0	3	0	0
164753	12 Nov 25	21:57:00	1	0	55	0	Ct	0	0	3	0	0	0	0	3	0	0	2	2	0	0	2	0	0	2	0	0	0	0	0	3	2	4	4	0	2	0	2	3	0	0
164754	12 Nov 25	21:58:00	1	0	55	0	Ct	0	0	2	0	2	0	0	0	0	0	2	2	0	0	0	0	0	2	0	0	0	0	0	3	2	3	3	2	2	0	0	3	0	0
164755	12 Nov 25	21:59:00	1	0	55	0	Ct	0	0	3	0	2	0	0	4	0	0	2	2	0	1	0	0	0	0	0	0	0	0	0	3	2	3	0	0	1	0	1	2	0	0
164756	12 Nov 25	22:00:00	1	0	55	0	Ct	0	0	1	0	4	0	0	1	0	0	0	3	0	1	0	0	0	4	0	0	0	0	0	2	2	0	2	0	1	0	3	5	0	5
164757	12 Nov 25	22:01:00	1	0	55	0	Ct	0	0	3	0	4	0	0	1	0	0	3	2	0	0	0	0	0	3	0	0	0	0	0	1	0	2	2	0	0	0	2	5	0	0
164758	12 Nov 25	22:02:00	1	0	55	0	Ct	0	0	1	0	2	0	0	1	0	0	4	1	0	0	0	0	0	2	0	0	0	0	0	2	2	4	1	0	0	0	3	4	0	0
164759	12 Nov 25	22:03:00	1	0	55	0	Ct	0	0	4	0	5	0	0	1	0	0	2	2	0	0	0	0	0	1	0	0	0	0	0	1	0	5	0	0	0	0	0	8	0	0
164760	12 Nov 25	22:04:00	1	0	55	0	Ct	0	0	0	0	5	0	0	3	0	0	0	4	0	0	0	0	0	2	0	0	0	0	0	2	2	2	3	0	2	0	3	4	0	0
164761	12 Nov 25	22:05:00	1	0	55	0	Ct	0	0	0	0	8	0	0	2	0	0	3	4	0	0	0	0	0	3	2	0	0	0	3	1	2	2	2	0	0	0	0	3	0	0
164762	12 Nov 25	22:06:00	1	0	55	0	Ct	0	0	0	0	2	0	0	1	0	0	1	1	0	0	0	0	0	3	0	3	0	0	0	1	2	4	3	0	0	0	2	1	0	0
164763	12 Nov 25	22:07:00	1	0	55	0	Ct	0	0	0	0	2	0	0	2	0	0	0	2	0	3	0	0	0	3	0	0	0	0	0	2	3	2	5	0	2	0	0	4	0	0
164764	12 Nov 25	22:08:00	1	0	55	0	Ct	0	0	0	0	4	0	0	1	0	0	1	1	0	0	0	0	0	3	0	0	0	0	0	2	3	2	2	0	1	0	0	4	0	3
164765	12 Nov 25	22:09:00	1	0	55	0	Ct	0	0	0	0	5	0	0	4	0	0	2	1	0	0	0	0	0	3	0	0	0	0	0	1	2	1	2	0	1	0	0	3	0	1
164766	12 Nov 25	22:10:00	1	0	55	0	Ct	0	0	0	1	2	0	2	4	0	2	2	2	0	0	0	0	0	2	0	0	0	0	0	2	2	2	1	0	0	0	2	3	0	0
164767	12 Nov 25	22:11:00	1	0	55	0	Ct	0	0	0	0	3	0	10	4	0	0	0	2	0	0	0	0	0	2	0	0	0	0	0	3	3	7	3	0	2	0	2	1	0	0
164768	12 Nov 25	22:12:00	1	0	55	0	Ct	0	0	0	2	4	0	0	3	0	0	1	2	0	0	0	0	0	4	0	0	0	0	0	3	2	4	1	0	2	0	0	3	0	2
164769	12 Nov 25	22:13:00	1	0	55	0	Ct	0	0	0	0	3	0	0	2	0	0	3	1	0	0	0	0	0	4	0	0	0	0	0	1	3	4	0	0	1	0	3	3	0	2
164770	12 Nov 25	22:14:00	1	0	55	0	Ct	0	0	0	0	4	0	3	4	0	0	2	2	0	0	0	0	0	6	0	0	0	0	0	2	0	2	1	0	0	0	1	4	0	2
164771	12 Nov 25	22:15:00	1	0	55	0	Ct	0	0	0	0	2	0	0	3	0	0	4	2	0	0	0	0	0	3	0	0	0	0	0	2	1	4	1	0	2	0	0	6	0	1
164772	12 Nov 25	22:16:00	1	0	55	0	Ct	0	0	0	0	2	0	2	3	0	0	1	2	0	0	0	0	0	5	0	0	0	0	0	2	2	4	0	0	0	0	0	1	0	0
164773	12 Nov 25	22:17:00	1	0	55	0	Ct	0	0	0	0	2	0	2	4	0	0	4	1	0	0	0	0	0	3	0	0	0	0	0	1	2	3	0	0	4	0	0	4	0	0
164774	12 Nov 25	22:18:00	1	0	55	0	Ct	0	0	0	0	1	0	4	3	0	0	0	1	0	0	0	0	0	2	2	0	0	0	0	1	3	3	0	0	0	0	1	4	0	0
164775	12 Nov 25	22:19:00	1	0	55	0	Ct	0	0	0	0	2	0	15	2	0	0	2	2	0	0	0	0	0	4	0	1	0	0	0	1	1	3	2	2	1	0	4	2	0	0
164776	12 Nov 25	22:20:00	1	0	55	0	Ct	0	0	0	0	3	0	4	4	0	0	1	0	0	0	0	0	0	4	0	3	0	0	0	1	2	9	0	0	2	0	0	3	0	0
164777	12 Nov 25	22:21:00	1	0	55	0	Ct	0	0	0	0	1	0	5	1	0	0	0	1	0	0	0	0	0	4	0	4	0	0	0	2	2	4	1	0	1	0	0	9	0	0
164778	12 Nov 25	22:22:00	1	0	55	0	Ct	0	0	0	0	2	0	8	0	0	0	3	0	0	0	0	0	0	4	0	0	0	0	0	2	2	2	1	0	1	0	1	2	0	0
164779	12 Nov 25	22:23:00	1	0	55	0	Ct	0	0	0	0	2	0	23	2	0	0	0	0	0	0	0	0	0	0	0	0	0	0	0	0	2	4	0	0	0	0	1	1	0	0
164780	12 Nov 25	22:24:00	1	0	55	0	Ct	0	0	0	0	1	0	15	3	0	0	0	0	0	0	0	0	0	0	0	0	0	0	0	2	2	2	0	0	2	0	0	4	0	0
164781	12 Nov 25	22:25:00	1	0	55	0	Ct	0	0	0	0	2	0	6	5	0	0	0	2	0	0	0	0	0	3	0	1	0	0	0	2	2	2	3	0	1	0	0	6	0	0
164782	12 Nov 25	22:26:00	1	0	55	0	Ct	0	0	0	0	3	0	0	2	0	0	1	0	0	0	0	0	0	0	0	1	0	0	0	2	1	4	1	0	2	0	0	11	0	0
164783	12 Nov 25	22:27:00	1	0	55	0	Ct	0	0	0	0	2	0	0	1	0	0	2	0	0	0	2	0	0	2	0	2	0	0	0	2	2	2	0	0	0	0	0	9	0	0
164784	12 Nov 25	22:28:00	1	0	55	0	Ct	0	0	0	0	0	0	0	4	0	0	3	0	0	0	0	0	0	1	0	2	0	0	0	1	1	5	4	0	0	0	0	8	0	0
164785	12 Nov 25	22:29:00	1	0	55	0	Ct	0	0	0	0	3	0	0	1	0	0	0	0	0	0	0	0	0	2	0	2	0	0	0	1	4	2	0	0	1	0	0	7	0	0
164786	12 Nov 25	22:30:00	1	0	55	0	Ct	0	0	0	0	2	0	0	0	0	0	0	0	0	0	0	0	0	0	0	1	0	0	0	2	0	2	3	0	0	0	0	5	0	0
164787	12 Nov 25	22:31:00	1	0	55	0	Ct	0	0	0	0	2	0	0	0	0	0	0	0	0	0	0	0	0	0	0	4	0	0	0	1	0	3	0	0	2	0	0	3	0	0
164788	12 Nov 25	22:32:00	1	0	55	0	Ct	0	0	2	0	3	0	0	2	0	0	2	0	0	0	0	0	0	1	0	3	0	0	0	4	3	2	2	0	0	0	0	6	0	1
164789	12 Nov 25	22:33:00	1	0	55	0	Ct	0	0	0	0	1	0	3	2	0	0	2	2	0	0	0	0	0	2	0	3	0	0	0	1	3	3	1	2	2	0	0	4	0	0
164790	12 Nov 25	22:34:00	1	0	55	0	Ct	0	0	0	0	2	0	4	0	0	0	1	1	0	0	0	0	0	2	0	2	0	0	0	2	2	3	1	0	1	0	0	4	0	3
164791	12 Nov 25	22:35:00	1	0	55	0	Ct	0	0	0	0	2	0	8	4	0	0	1	1	0	1	0	0	0	4	0	0	0	0	0	1	2	2	2	0	2	0	0	3	0	1
164792	12 Nov 25	22:36:00	1	0	55	0	Ct	0	0	0	0	3	0	10	0	0	0	1	0	0	1	0	0	0	1	0	0	0	0	0	2	1	2	1	0	2	0	0	6	0	0
164793	12 Nov 25	22:37:00	1	0	55	0	Ct	0	0	0	0	1	0	7	1	0	0	2	3	0	0	0	0	0	0	0	1	0	0	0	2	2	4	3	2	0	0	3	5	0	0
164794	12 Nov 25	22:38:00	1	0	55	0	Ct	0	0	0	0	2	0	5	2	1	0	1	4	0	0	0	0	0	0	0	3	0	0	0	2	1	3	0	2	0	0	2	3	0	0
164795	12 Nov 25	22:39:00	1	0	55	0	Ct	0	0	0	0	0	0	6	1	1	0	0	21	0	0	0	0	0	0	0	0	0	0	0	1	2	5	2	1	1	0	0	2	0	0
164796	12 Nov 25	22:40:00	1	0	55	0	Ct	0	0	0	0	3	0	4	0	0	0	0	2	0	2	0	0	0	3	0	0	0	0	0	2	2	4	2	0	3	0	0	4	0	0
164797	12 Nov 25	22:41:00	1	0	55	0	Ct	0	0	0	0	3	0	8	2	0	0	0	1	0	0	0	0	0	1	0	0	0	0	0	0	2	2	0	2	0	0	0	2	0	0
164798	12 Nov 25	22:42:00	1	0	55	0	Ct	0	0	0	0	1	0	10	2	0	0	0	6	0	0	0	0	0	1	0	0	0	0	0	0	2	2	1	0	2	0	1	4	0	0
164799	12 Nov 25	22:43:00	1	0	55	0	Ct	0	0	0	0	2	0	8	1	0	0	0	2	0	0	0	0	0	2	0	0	0	0	0	2	3	3	1	1	1	0	3	3	0	0
164800	12 Nov 25	22:44:00	1	0	55	0	Ct	0	0	0	0	1	0	6	1	0	0	0	0	0	0	0	0	0	4	0	0	0	0	0	3	1	1	0	3	1	0	2	2	0	0
164801	12 Nov 25	22:45:00	1	0	55	0	Ct	0	0	0	0	1	0	5	3	0	0	0	2	0	0	0	0	0	3	0	0	0	0	0	1	2	8	1	0	1	0	0	4	0	0
164802	12 Nov 25	22:46:00	1	0	55	0	Ct	0	0	0	0	4	0	7	2	0	0	0	0	0	0	0	0	0	1	0	0	0	0	0	2	0	4	1	0	1	0	0	3	0	0
164803	12 Nov 25	22:47:00	1	0	55	0	Ct	0	0	0	0	4	0	8	2	0	0	0	0	0	0	0	0	0	1	0	0	0	0	0	2	1	2	0	3	2	0	0	3	0	0
164804	12 Nov 25	22:48:00	1	0	55	0	Ct	0	0	0	0	3	0	5	2	0	0	0	2	0	0	0	0	0	3	0	0	0	0	0	2	1	0	0	3	2	0	0	4	0	0
164805	12 Nov 25	22:49:00	1	0	55	0	Ct	0	0	0	0	2	0	12	3	0	0	0	0	0	0	0	0	0	1	0	0	0	0	0	1	3	5	2	2	0	0	0	4	0	0
164806	12 Nov 25	22:50:00	1	0	55	0	Ct	0	0	0	0	2	0	12	1	0	0	0	0	0	0	0	0	0	3	0	0	0	0	0	2	2	3	1	2	0	0	0	3	0	0
164807	12 Nov 25	22:51:00	1	0	55	0	Ct	0	0	0	0	2	0	17	1	0	0	0	0	0	0	0	0	0	2	0	0	0	0	0	3	1	1	0	0	0	0	0	4	0	0
164808	12 Nov 25	22:52:00	1	0	55	0	Ct	0	0	0	0	3	0	11	3	0	0	0	0	0	0	0	0	0	1	0	2	0	0	0	1	2	2	0	1	0	0	0	4	0	0
164809	12 Nov 25	22:53:00	1	0	55	0	Ct	0	0	0	0	3	0	0	4	0	0	0	1	3	0	0	0	0	0	0	1	0	0	0	1	2	4	2	3	2	0	0	2	0	0
164810	12 Nov 25	22:54:00	1	0	55	0	Ct	0	0	0	0	2	0	0	1	0	0	1	0	0	0	2	0	0	0	0	2	0	0	0	2	2	3	0	1	3	0	0	4	0	0
164811	12 Nov 25	22:55:00	1	0	55	0	Ct	0	0	0	0	1	0	7	0	0	0	2	1	0	0	0	0	0	0	2	1	0	0	0	2	2	3	0	1	12	0	0	3	0	0
164812	12 Nov 25	22:56:00	1	0	55	0	Ct	0	0	0	0	2	0	5	3	0	0	1	0	1	0	0	0	0	2	2	2	0	0	0	2	1	2	2	1	0	0	0	4	0	0
164813	12 Nov 25	22:57:00	1	0	55	0	Ct	0	0	1	0	2	0	7	1	0	0	0	0	1	0	0	0	0	0	0	0	0	0	0	1	1	3	0	3	0	0	0	3	0	0
164814	12 Nov 25	22:58:00	1	0	55	0	Ct	0	0	3	0	3	0	3	2	0	0	0	0	0	0	0	0	0	0	5	0	0	0	0	0	0	3	2	1	0	0	1	1	0	0
164815	12 Nov 25	22:59:00	1	0	55	0	Ct	0	0	0	0	1	0	4	2	0	0	1	0	0	0	0	0	0	0	3	0	0	0	0	2	2	2	0	1	0	0	2	4	0	0
164816	12 Nov 25	23:00:00	1	0	55	0	Ct	0	0	0	0	1	0	8	0	0	0	1	0	0	0	0	0	0	0	3	0	0	0	0	0	0	3	0	2	0	0	0	4	0	1
164817	12 Nov 25	23:01:00	1	0	55	0	Ct	0	0	0	0	2	0	6	4	0	2	1	0	0	0	0	0	0	1	2	0	0	0	0	1	1	3	0	1	2	0	0	4	2	0
164818	12 Nov 25	23:02:00	1	0	55	0	Ct	0	0	0	0	2	0	19	1	0	0	1	0	0	0	0	0	0	2	3	0	0	0	6	2	2	3	1	3	2	0	3	2	1	0
164819	12 Nov 25	23:03:00	1	0	55	0	Ct	0	0	0	0	2	0	6	0	0	0	0	0	0	0	0	0	0	2	2	0	0	0	2	0	1	5	2	2	0	0	0	4	0	0
164820	12 Nov 25	23:04:00	1	0	55	0	Ct	0	0	0	0	2	0	9	0	0	0	0	0	0	0	2	0	0	1	3	0	0	0	0	1	2	4	0	4	0	0	1	1	4	1
164821	12 Nov 25	23:05:00	1	0	55	0	Ct	0	0	0	0	0	0	4	1	0	0	0	2	0	0	0	0	0	0	2	0	0	0	0	5	2	2	0	2	0	0	0	4	7	0
164822	12 Nov 25	23:06:00	1	0	55	0	Ct	0	0	0	0	0	0	8	1	0	0	0	0	0	0	0	0	0	4	3	0	0	0	0	3	0	2	2	4	0	0	2	4	6	3
164823	12 Nov 25	23:07:00	1	0	55	0	Ct	0	0	0	0	2	0	5	2	0	0	4	0	0	2	0	0	0	3	2	0	0	0	0	1	2	2	1	4	0	0	1	4	6	1
164824	12 Nov 25	23:08:00	1	0	55	0	Ct	0	0	0	0	2	0	9	3	0	0	0	0	0	0	0	0	0	2	2	0	0	0	0	1	2	4	2	1	0	0	0	2	5	0
164825	12 Nov 25	23:09:00	1	0	55	0	Ct	0	0	1	0	2	0	8	1	0	0	0	1	0	0	0	0	0	0	3	0	0	0	0	2	2	2	1	3	0	0	1	4	3	0
164826	12 Nov 25	23:10:00	1	0	55	0	Ct	0	0	2	0	1	0	18	3	0	0	0	1	0	0	0	0	0	0	3	0	0	0	0	2	2	3	1	3	0	0	0	1	6	0
164827	12 Nov 25	23:11:00	1	0	55	0	Ct	0	0	0	0	3	0	6	0	2	0	3	0	0	0	0	0	0	0	3	0	0	0	0	1	1	3	0	1	4	0	1	3	5	0
164828	12 Nov 25	23:12:00	1	0	55	0	Ct	0	0	0	0	2	0	8	2	0	0	1	0	0	0	0	0	0	0	3	0	0	0	0	3	2	3	2	2	2	0	1	2	4	0
164829	12 Nov 25	23:13:00	1	0	55	0	Ct	0	0	0	0	2	0	21	2	0	0	0	2	0	2	0	0	0	0	2	1	0	0	0	1	1	2	0	2	3	0	0	3	6	0
164830	12 Nov 25	23:14:00	1	0	55	0	Ct	0	0	0	0	2	0	12	2	0	0	2	0	0	0	3	0	0	0	4	1	0	0	0	1	1	1	0	2	1	0	0	2	3	0
164831	12 Nov 25	23:15:00	1	0	55	0	Ct	0	0	0	0	2	0	7	1	0	0	1	2	0	0	0	0	0	0	0	0	0	0	0	1	2	1	0	3	3	0	0	3	4	0
164832	12 Nov 25	23:16:00	1	0	55	0	Ct	0	0	0	0	1	0	6	2	0	0	1	0	0	0	0	0	0	0	2	2	0	0	0	1	3	3	0	2	4	0	0	5	1	0
164833	12 Nov 25	23:17:00	1	0	55	0	Ct	0	0	0	0	2	0	3	1	0	0	1	2	0	0	0	0	0	3	2	0	0	0	0	1	2	0	2	4	1	0	0	1	3	0
164834	12 Nov 25	23:18:00	1	0	55	0	Ct	0	0	0	0	3	0	0	1	0	0	1	1	0	0	0	0	0	3	4	0	0	0	0	1	2	4	0	1	0	0	0	2	4	0
164835	12 Nov 25	23:19:00	1	0	55	0	Ct	0	0	0	0	2	0	8	3	0	0	2	0	0	0	4	0	0	2	9	0	0	0	0	1	1	4	0	3	3	0	0	3	5	0
164836	12 Nov 25	23:20:00	1	0	55	0	Ct	0	0	0	0	1	0	22	1	0	0	3	0	0	0	0	0	0	3	9	0	0	0	0	0	3	2	0	5	0	0	0	3	4	0
164837	12 Nov 25	23:21:00	1	0	55	0	Ct	0	0	0	0	1	0	0	1	0	0	1	1	0	0	0	0	0	5	4	0	0	0	0	2	0	2	0	3	0	0	0	2	6	0
164838	12 Nov 25	23:22:00	1	0	55	0	Ct	0	0	0	0	3	0	31	3	0	0	3	2	0	0	0	0	0	6	8	0	0	0	0	1	0	5	1	1	2	0	0	3	4	0
164839	12 Nov 25	23:23:00	1	0	55	0	Ct	0	0	0	0	3	0	31	2	0	0	0	1	0	0	0	0	0	7	3	0	0	0	1	3	0	2	1	1	2	0	0	3	4	0
164840	12 Nov 25	23:24:00	1	0	55	0	Ct	0	0	0	0	2	0	23	0	0	0	2	1	0	3	0	0	0	4	1	0	0	0	1	3	1	4	0	2	5	0	0	3	3	0
164841	12 Nov 25	23:25:00	1	0	55	0	Ct	0	0	0	0	1	0	8	1	0	0	1	1	2	6	0	0	0	6	2	0	0	0	0	0	4	4	0	2	3	0	0	3	2	0
164842	12 Nov 25	23:26:00	1	0	55	0	Ct	0	0	0	0	0	0	10	1	0	0	1	5	0	3	0	0	0	4	1	3	0	0	0	0	2	3	0	3	5	0	0	4	2	0
164843	12 Nov 25	23:27:00	1	0	55	0	Ct	0	0	0	0	2	0	13	1	0	0	0	12	0	0	0	0	0	1	3	3	0	0	0	0	1	8	2	0	6	0	0	3	0	0
164844	12 Nov 25	23:28:00	1	0	55	0	Ct	0	0	0	0	2	0	0	2	0	0	0	2	0	6	0	0	0	0	3	4	0	0	0	0	2	1	0	3	0	0	0	4	2	0
164845	12 Nov 25	23:29:00	1	0	55	0	Ct	0	0	0	0	3	0	17	1	0	0	3	1	0	0	0	0	0	0	2	3	0	0	0	0	1	1	2	2	3	0	0	3	2	0
164846	12 Nov 25	23:30:00	1	0	55	0	Ct	0	0	0	0	2	0	1	2	0	0	1	2	0	0	0	0	0	1	3	3	0	0	0	0	3	3	0	1	1	0	0	3	3	0
164847	12 Nov 25	23:31:00	1	0	55	0	Ct	0	0	0	0	0	0	0	2	0	0	0	3	0	0	0	0	0	1	2	1	0	0	0	0	1	4	0	2	4	0	0	1	2	0
164848	12 Nov 25	23:32:00	1	0	55	0	Ct	0	0	0	0	3	0	11	1	0	0	2	2	0	0	0	0	0	1	2	1	0	0	0	0	2	3	1	2	2	0	0	2	3	0
164849	12 Nov 25	23:33:00	1	0	55	0	Ct	0	0	0	0	2	0	4	3	0	0	0	0	0	0	0	0	0	0	1	2	0	0	0	0	1	3	1	1	8	0	0	3	3	0
164850	12 Nov 25	23:34:00	1	0	55	0	Ct	0	0	0	0	1	0	3	2	0	0	0	1	0	0	0	0	0	0	1	0	0	0	0	0	1	3	0	1	3	0	0	3	3	0
164851	12 Nov 25	23:35:00	1	0	55	0	Ct	0	0	0	0	2	0	12	2	0	0	0	1	0	0	0	0	0	0	5	0	0	0	0	0	0	2	0	3	2	0	0	1	6	0
164852	12 Nov 25	23:36:00	1	0	55	0	Ct	0	0	0	0	0	0	6	2	0	0	0	0	0	0	0	0	0	0	2	0	0	0	0	0	0	2	0	2	0	0	0	3	2	0
164853	12 Nov 25	23:37:00	1	0	55	0	Ct	0	0	0	0	2	0	20	1	0	0	0	0	0	0	0	0	0	3	1	0	0	0	0	0	2	1	2	1	4	0	0	4	5	0
164854	12 Nov 25	23:38:00	1	0	55	0	Ct	0	0	0	0	2	0	18	3	0	0	0	0	0	0	0	0	0	4	2	0	0	0	0	0	2	3	0	1	3	0	0	1	4	0
164855	12 Nov 25	23:39:00	1	0	55	0	Ct	0	0	0	0	3	0	10	2	0	0	2	0	0	0	0	0	0	3	2	0	0	0	0	0	2	6	0	2	3	0	0	1	3	0
164856	12 Nov 25	23:40:00	1	0	55	0	Ct	0	0	0	0	2	0	19	1	0	0	1	0	0	0	0	0	0	2	1	0	0	0	0	0	2	3	0	3	1	0	0	0	3	0
164857	12 Nov 25	23:41:00	1	0	55	0	Ct	0	0	0	0	5	0	22	1	0	0	0	0	0	0	0	0	0	5	1	0	0	0	0	2	2	3	1	2	1	0	0	1	3	3
164858	12 Nov 25	23:42:00	1	0	55	0	Ct	0	0	0	0	2	0	19	1	0	0	1	0	0	0	0	0	0	1	2	0	0	0	0	0	2	3	5	2	2	0	0	4	2	0
164859	12 Nov 25	23:43:00	1	0	55	0	Ct	0	0	0	0	2	0	20	2	0	0	0	0	0	0	0	0	0	2	1	0	0	0	0	0	2	3	3	1	3	0	0	4	1	0
164860	12 Nov 25	23:44:00	1	0	55	0	Ct	0	0	0	0	3	0	17	3	0	0	0	0	0	0	0	0	0	3	1	0	0	0	0	0	2	1	0	3	0	0	0	4	3	0
164861	12 Nov 25	23:45:00	1	0	55	0	Ct	0	0	0	0	2	0	10	3	0	0	0	0	0	0	0	0	0	0	1	0	0	0	0	0	2	0	0	1	5	0	0	3	5	0
164862	12 Nov 25	23:46:00	1	0	55	0	Ct	0	0	0	0	2	0	5	2	0	0	1	0	0	0	1	0	0	1	0	0	0	0	0	0	0	2	0	1	2	0	0	3	4	0
164863	12 Nov 25	23:47:00	1	0	55	0	Ct	0	0	0	0	2	0	3	0	0	0	3	2	0	0	1	0	0	2	1	0	0	0	0	0	2	3	0	1	0	0	0	7	2	0
164864	12 Nov 25	23:48:00	1	0	55	0	Ct	0	0	0	0	2	0	8	3	0	0	0	0	0	0	0	0	0	1	0	0	0	0	0	0	2	3	2	2	2	0	0	3	4	0
164865	12 Nov 25	23:49:00	1	0	55	0	Ct	0	0	0	0	0	0	7	3	0	0	0	0	0	2	0	0	0	2	1	0	0	0	0	0	2	4	1	1	0	0	2	3	3	0
164866	12 Nov 25	23:50:00	1	0	55	0	Ct	0	0	0	0	7	0	29	9	0	0	0	0	0	4	0	0	0	1	1	0	0	0	0	0	3	5	1	2	0	0	0	1	3	0
164867	12 Nov 25	23:51:00	1	0	55	0	Ct	0	0	0	0	4	0	5	1	0	0	1	0	0	2	0	0	0	2	0	0	0	0	0	0	1	2	0	1	1	0	0	4	3	2
164868	12 Nov 25	23:52:00	1	0	55	0	Ct	0	0	0	0	4	0	8	3	0	0	1	0	0	0	0	0	0	1	3	0	2	0	0	0	2	2	1	2	1	0	3	5	1	0
164869	12 Nov 25	23:53:00	1	0	55	0	Ct	0	0	0	0	2	0	0	2	0	0	1	0	0	0	0	0	0	0	1	0	0	0	0	0	2	4	0	2	2	0	0	2	0	0
164870	12 Nov 25	23:54:00	1	0	55	0	Ct	0	0	0	0	1	0	0	3	0	0	0	1	0	0	0	0	0	3	1	0	0	0	0	0	2	2	1	2	0	0	3	3	6	0
164871	12 Nov 25	23:55:00	1	0	55	0	Ct	0	0	0	0	1	0	3	1	0	0	2	0	0	0	0	0	0	2	2	0	0	0	0	0	2	0	0	2	2	0	1	5	2	0
164872	12 Nov 25	23:56:00	1	0	55	0	Ct	0	0	0	0	0	0	6	1	0	0	1	1	0	0	0	0	0	2	0	0	0	0	0	0	2	5	1	1	1	0	2	6	3	0
164873	12 Nov 25	23:57:00	1	0	55	0	Ct	0	0	2	0	3	0	0	2	0	0	0	2	0	0	0	0	0	0	1	0	0	0	0	0	2	2	1	0	3	0	2	1	4	0
164874	12 Nov 25	23:58:00	1	0	55	0	Ct	0	0	0	0	3	0	8	2	0	0	2	2	0	0	0	0	0	2	1	0	0	0	0	0	3	4	0	0	1	0	3	1	2	0
164875	12 Nov 25	23:59:00	1	0	55	0	Ct	0	0	0	0	1	0	23	2	0	0	3	1	0	0	0	0	0	1	0	0	0	0	0	0	1	3	2	1	1	0	2	0	1	0
164876	13 Nov 25	00:00:00	1	0	55	0	Ct	0	0	2	0	1	0	0	0	0	0	2	0	0	0	0	0	0	0	0	0	0	0	0	0	0	11	1	2	1	0	2	1	1	1
164877	13 Nov 25	00:01:00	1	0	55	0	Ct	0	0	2	0	3	0	0	2	0	0	1	2	0	0	0	0	0	0	2	0	0	0	0	0	2	6	1	1	3	0	1	7	1	1
164878	13 Nov 25	00:02:00	1	0	55	0	Ct	0	0	0	0	2	1	0	2	0	0	1	1	1	0	0	0	0	2	0	0	0	0	0	0	2	3	2	1	2	0	1	2	1	0
164879	13 Nov 25	00:03:00	1	0	55	0	Ct	0	0	0	0	2	2	6	2	0	0	1	1	1	0	0	0	0	0	0	0	0	0	0	0	2	3	2	0	0	0	2	2	3	0
164880	13 Nov 25	00:04:00	1	0	55	0	Ct	0	0	0	0	3	4	7	1	0	0	3	0	0	0	0	0	0	0	0	0	2	0	0	0	1	1	2	1	2	0	1	4	0	2
164881	13 Nov 25	00:05:00	1	0	55	0	Ct	0	0	0	0	0	2	6	2	0	0	1	1	0	0	2	0	0	1	0	0	0	0	0	0	2	3	1	2	2	0	2	2	2	0
164882	13 Nov 25	00:06:00	1	0	55	0	Ct	0	0	0	0	2	3	5	0	0	0	1	2	0	0	1	0	0	1	2	0	0	0	0	0	2	4	1	0	4	0	2	3	2	0
164883	13 Nov 25	00:07:00	1	0	55	0	Ct	0	0	2	0	5	1	0	0	0	0	1	0	0	0	0	0	0	0	4	0	0	0	0	0	1	4	1	3	3	0	3	2	2	0
164884	13 Nov 25	00:08:00	1	0	55	0	Ct	0	0	3	0	1	0	0	2	0	0	0	1	0	0	0	0	0	0	0	0	1	0	0	0	2	3	0	1	3	0	2	2	3	0
164885	13 Nov 25	00:09:00	1	0	55	0	Ct	0	0	4	0	1	1	3	2	0	0	1	1	0	0	0	0	0	0	0	0	1	0	0	0	2	4	2	1	5	0	1	6	6	0
164886	13 Nov 25	00:10:00	1	0	55	0	Ct	0	0	2	0	1	4	8	2	0	0	2	0	0	0	0	0	0	1	0	0	0	0	0	0	1	3	1	0	3	0	3	3	2	0
164887	13 Nov 25	00:11:00	1	0	55	0	Ct	0	0	0	0	2	7	9	0	0	0	1	0	0	0	0	0	0	1	0	0	0	0	0	0	1	4	0	0	1	0	4	3	4	0
164888	13 Nov 25	00:12:00	1	0	55	0	Ct	0	0	0	0	0	3	0	0	0	0	0	0	0	0	0	0	0	2	0	0	0	0	0	0	1	3	0	0	2	0	4	0	2	0
164889	13 Nov 25	00:13:00	1	0	55	0	Ct	0	0	0	0	3	1	6	0	0	0	2	0	0	0	0	0	0	3	0	0	0	0	0	0	2	0	0	0	0	0	2	0	4	0
164890	13 Nov 25	00:14:00	1	0	55	0	Ct	0	0	0	0	1	1	8	2	0	0	1	0	0	0	0	0	0	0	0	0	0	0	0	0	2	3	0	0	0	0	2	0	3	0
164891	13 Nov 25	00:15:00	1	0	55	0	Ct	0	0	0	0	1	4	17	2	0	0	2	2	0	0	0	0	0	2	0	0	0	0	0	0	4	8	0	0	1	0	3	5	2	0
164892	13 Nov 25	00:16:00	1	0	55	0	Ct	0	0	0	0	1	1	5	3	0	0	1	0	0	0	1	0	0	3	0	0	0	0	0	0	0	2	2	0	2	0	2	2	4	2
164893	13 Nov 25	00:17:00	1	0	55	0	Ct	0	0	0	0	0	2	1	0	0	0	0	2	0	0	0	0	0	1	0	0	2	0	0	0	2	3	1	0	2	0	1	6	4	0
164894	13 Nov 25	00:18:00	1	0	55	0	Ct	0	0	0	0	0	2	15	1	0	0	1	0	0	0	0	0	0	0	0	0	0	0	0	0	2	2	1	0	0	0	2	3	3	0
164895	13 Nov 25	00:19:00	1	0	55	0	Ct	0	0	0	0	2	0	12	2	0	0	3	1	0	0	2	0	0	2	2	0	0	0	0	0	1	4	1	0	2	0	2	2	2	0
164896	13 Nov 25	00:20:00	1	0	55	0	Ct	0	0	0	0	2	0	9	1	0	0	1	0	0	1	0	0	0	0	0	0	0	0	0	0	2	2	1	0	2	0	3	2	1	0
164897	13 Nov 25	00:21:00	1	0	55	0	Ct	0	0	0	0	2	1	8	2	0	0	1	0	0	2	0	0	0	2	0	0	0	0	0	0	2	3	0	0	0	0	2	4	1	2
164898	13 Nov 25	00:22:00	1	0	55	0	Ct	0	0	0	0	2	4	38	0	0	0	0	2	0	0	0	0	0	2	0	0	0	0	0	0	2	3	2	0	1	0	2	3	1	0
164899	13 Nov 25	00:23:00	1	0	55	0	Ct	0	0	0	0	2	2	21	2	0	0	1	3	0	0	0	0	0	0	0	0	0	0	0	0	1	4	1	0	1	0	1	2	4	0
164900	13 Nov 25	00:24:00	1	0	55	0	Ct	0	0	0	0	2	1	14	0	0	0	1	0	0	0	0	0	0	0	0	0	0	0	0	0	2	4	1	2	1	0	2	5	3	0
164901	13 Nov 25	00:25:00	1	0	55	0	Ct	0	0	0	0	3	2	2	3	0	0	2	1	0	0	0	0	0	2	0	0	0	0	2	0	2	2	1	0	0	0	1	7	1	0
164902	13 Nov 25	00:26:00	1	0	55	0	Ct	0	0	0	0	1	1	6	3	0	0	0	0	0	0	0	0	0	3	0	0	3	0	1	0	2	3	2	1	0	0	2	3	3	0
164903	13 Nov 25	00:27:00	1	0	55	0	Ct	0	0	0	0	2	1	11	1	0	0	2	0	2	0	0	0	0	0	0	0	1	0	0	0	1	6	1	1	3	0	2	3	7	0
164904	13 Nov 25	00:28:00	1	0	55	0	Ct	0	0	0	0	1	2	2	2	0	0	1	2	1	0	0	0	0	1	0	0	2	0	0	0	2	3	1	0	2	0	2	4	3	0
164905	13 Nov 25	00:29:00	1	0	55	0	Ct	0	0	0	0	2	2	0	1	0	0	1	2	0	0	0	0	0	2	0	0	1	0	0	0	1	5	0	0	1	0	3	3	1	0
164906	13 Nov 25	00:30:00	1	0	55	0	Ct	0	0	0	0	2	1	0	0	0	0	1	1	0	0	0	0	0	1	0	0	0	0	0	0	1	2	0	0	0	0	2	4	0	0
164907	13 Nov 25	00:31:00	1	0	55	0	Ct	0	0	0	0	1	0	0	2	0	0	2	1	0	0	0	0	0	1	0	0	0	0	0	0	2	3	0	0	0	0	2	3	3	0
164908	13 Nov 25	00:32:00	1	0	55	0	Ct	0	0	0	0	3	1	0	2	0	0	1	0	0	0	0	0	0	2	0	0	0	0	0	0	2	2	0	0	0	0	2	2	4	0
164909	13 Nov 25	00:33:00	1	0	55	0	Ct	0	0	0	0	2	1	0	2	0	0	1	0	0	0	0	0	0	0	0	0	2	0	0	0	0	3	0	0	1	2	2	2	3	0
164910	13 Nov 25	00:34:00	1	0	55	0	Ct	0	0	0	0	2	0	0	1	0	0	0	2	3	0	0	0	0	0	0	0	0	0	0	0	0	6	0	0	1	0	1	3	2	0
164911	13 Nov 25	00:35:00	1	0	55	0	Ct	0	0	0	0	0	2	4	3	0	0	1	1	5	0	0	0	0	0	0	0	0	0	0	0	2	3	2	0	0	0	1	3	2	0
164912	13 Nov 25	00:36:00	1	0	55	0	Ct	0	0	0	0	4	1	11	2	0	2	0	0	1	0	0	0	0	3	0	0	0	0	0	0	2	1	0	0	2	0	0	5	2	0
164913	13 Nov 25	00:37:00	1	0	55	0	Ct	0	0	0	0	0	2	11	0	0	0	0	0	1	0	0	0	0	1	0	0	0	0	0	0	2	3	2	0	0	0	1	4	2	0
164914	13 Nov 25	00:38:00	1	0	55	0	Ct	0	0	2	0	1	2	2	0	0	0	2	2	1	0	0	0	0	2	0	0	2	0	0	0	2	4	0	2	1	0	2	2	4	0
164915	13 Nov 25	00:39:00	1	0	55	0	Ct	0	0	1	0	1	2	15	0	0	0	1	1	2	0	0	0	0	2	0	0	0	0	0	0	2	2	0	1	1	0	1	1	2	0
164916	13 Nov 25	00:40:00	1	0	55	0	Ct	0	0	1	0	1	0	6	2	0	0	2	0	2	0	0	0	0	1	0	0	0	0	0	0	2	5	0	1	2	0	0	2	3	0
164917	13 Nov 25	00:41:00	1	0	55	0	Ct	0	0	0	0	2	0	20	2	0	0	0	2	0	0	3	0	0	1	0	0	2	0	0	0	2	2	2	0	2	0	0	3	2	0
164918	13 Nov 25	00:42:00	1	0	55	0	Ct	0	0	0	0	2	0	36	1	0	0	2	0	4	0	1	0	0	2	0	0	0	0	0	0	3	2	1	2	1	0	2	2	0	0
164919	13 Nov 25	00:43:00	1	0	55	0	Ct	0	0	0	0	2	0	5	1	0	0	0	0	2	0	0	0	0	2	0	0	0	0	0	0	2	2	1	2	0	0	0	2	0	0
164920	13 Nov 25	00:44:00	1	0	55	0	Ct	0	0	0	0	0	2	5	1	0	0	0	0	2	0	0	0	0	1	0	0	0	0	0	0	2	2	6	0	2	0	1	2	3	0
164921	13 Nov 25	00:45:00	1	0	55	0	Ct	0	0	0	0	2	1	14	6	0	0	0	0	4	0	0	0	0	2	0	0	1	0	0	0	2	4	4	0	1	0	1	3	7	0
164922	13 Nov 25	00:46:00	1	0	55	0	Ct	0	0	0	0	0	1	13	1	0	0	0	0	2	0	0	0	0	3	0	0	0	0	0	0	2	1	16	0	1	0	1	2	1	0
164923	13 Nov 25	00:47:00	1	0	55	0	Ct	0	0	0	0	0	0	4	2	0	0	0	0	2	0	2	0	0	3	0	0	0	0	0	0	2	2	2	0	2	0	2	2	3	0
164924	13 Nov 25	00:48:00	1	0	55	0	Ct	0	0	0	0	3	2	19	1	0	0	0	0	3	0	0	0	0	0	0	0	0	0	0	0	1	3	1	0	0	0	3	5	3	5
164925	13 Nov 25	00:49:00	1	0	55	0	Ct	0	0	0	0	1	3	15	2	0	0	0	0	0	0	0	0	0	0	0	0	0	0	0	0	1	2	0	0	2	0	2	1	4	0
164926	13 Nov 25	00:50:00	1	0	55	0	Ct	0	0	0	0	3	1	2	1	0	0	0	0	2	0	2	0	0	1	0	0	0	0	0	0	3	3	2	0	2	0	2	4	4	0
164927	13 Nov 25	00:51:00	1	0	55	0	Ct	0	0	0	0	3	0	7	4	0	0	0	0	2	0	0	0	0	4	0	0	0	0	0	0	1	1	0	0	0	0	2	13	2	0
164928	13 Nov 25	00:52:00	1	0	55	0	Ct	0	0	0	0	4	2	6	2	0	0	0	0	2	0	0	0	0	1	0	0	0	0	0	1	1	2	0	0	2	0	2	2	3	0
164929	13 Nov 25	00:53:00	1	0	55	0	Ct	0	0	0	0	2	1	15	2	0	0	0	0	2	0	0	0	0	2	0	0	0	0	0	3	2	4	2	0	0	0	3	4	4	0
164930	13 Nov 25	00:54:00	1	0	55	0	Ct	0	0	0	0	1	1	5	3	0	0	0	0	3	0	0	0	0	0	0	0	0	0	0	0	0	2	0	0	0	0	2	3	3	0
164931	13 Nov 25	00:55:00	1	0	55	0	Ct	0	0	0	0	1	0	20	1	0	0	1	0	5	0	0	0	0	1	0	0	1	0	0	0	2	5	0	0	0	0	1	2	4	0
164932	13 Nov 25	00:56:00	1	0	55	0	Ct	0	0	0	0	2	1	15	2	0	0	1	2	2	0	0	0	0	5	0	0	1	0	0	0	2	4	0	2	0	0	2	1	0	0
164933	13 Nov 25	00:57:00	1	0	55	0	Ct	0	0	0	0	2	1	0	3	0	0	1	0	2	0	0	0	0	4	0	0	0	0	0	0	0	7	2	0	0	0	2	2	0	0
164934	13 Nov 25	00:58:00	1	0	55	0	Ct	0	0	0	0	4	1	0	2	0	0	1	0	0	0	0	0	0	2	0	0	1	0	0	0	2	2	0	0	1	0	2	4	3	0
164935	13 Nov 25	00:59:00	1	0	55	0	Ct	0	0	0	0	2	1	0	2	0	0	2	1	2	0	0	0	0	0	0	0	4	0	0	2	2	4	0	0	2	0	2	2	3	0
164936	13 Nov 25	01:00:00	1	0	55	0	Ct	0	0	0	0	1	1	8	1	0	0	4	1	2	0	1	0	0	0	0	0	2	0	0	2	2	3	3	0	2	0	2	3	3	2
164937	13 Nov 25	01:01:00	1	0	55	0	Ct	0	0	0	0	3	1	6	2	0	0	2	1	2	0	8	0	0	3	0	0	0	0	0	2	2	3	0	0	1	0	4	1	3	0
164938	13 Nov 25	01:02:00	1	0	55	0	Ct	0	0	0	0	1	0	1	2	0	0	3	1	2	0	0	0	0	2	0	0	1	0	0	2	1	3	0	0	1	0	2	3	1	0
164939	13 Nov 25	01:03:00	1	0	55	0	Ct	0	0	0	0	2	0	7	1	0	0	3	0	2	0	2	0	0	2	0	0	0	0	0	2	3	3	0	0	0	0	5	4	1	0
164940	13 Nov 25	01:04:00	1	0	55	0	Ct	0	0	4	0	1	1	6	2	0	0	2	1	1	0	3	0	0	1	0	0	0	0	0	6	1	3	0	0	1	0	2	4	2	0
164941	13 Nov 25	01:05:00	1	0	55	0	Ct	0	0	1	0	1	1	10	2	0	0	0	3	4	0	1	0	0	2	0	0	1	0	0	3	1	2	2	0	3	0	1	3	2	0
164942	13 Nov 25	01:06:00	1	0	55	0	Ct	0	0	0	0	1	0	3	0	0	0	0	0	2	0	1	0	0	3	0	0	0	0	0	2	2	2	0	0	0	0	1	2	0	3
164943	13 Nov 25	01:07:00	1	0	55	0	Ct	0	0	0	0	2	0	3	2	0	0	1	1	2	0	3	0	0	1	0	0	0	0	0	3	1	1	1	0	1	0	2	1	5	3
164944	13 Nov 25	01:08:00	1	0	55	0	Ct	0	0	0	0	1	0	5	2	0	0	1	1	1	0	3	0	0	0	0	0	2	0	0	2	2	1	1	1	1	0	7	4	1	2
164945	13 Nov 25	01:09:00	1	0	55	0	Ct	0	0	0	0	1	0	12	0	0	0	1	0	0	5	2	0	0	1	0	0	1	0	0	2	1	2	2	1	1	0	4	4	2	4
164946	13 Nov 25	01:10:00	1	0	55	0	Ct	0	0	0	0	2	0	3	0	0	0	0	1	1	0	3	0	0	1	0	0	3	0	0	1	1	2	0	0	1	0	2	3	2	2
164947	13 Nov 25	01:11:00	1	0	55	0	Ct	0	0	0	0	2	0	14	0	0	0	1	0	4	0	2	0	0	2	0	0	0	0	0	2	1	2	0	0	0	0	2	2	1	1
164948	13 Nov 25	01:12:00	1	0	55	0	Ct	0	0	0	0	2	0	10	2	0	0	2	0	3	0	2	0	0	0	0	0	0	0	0	2	2	3	2	0	2	0	3	2	3	2
164949	13 Nov 25	01:13:00	1	0	55	0	Ct	0	0	0	0	3	1	17	1	0	0	2	0	3	0	5	0	0	0	0	0	1	0	0	1	0	3	1	0	0	0	4	1	3	2
164950	13 Nov 25	01:14:00	1	0	55	0	Ct	0	0	0	0	1	1	0	1	0	0	1	0	1	0	1	0	0	0	0	0	0	0	0	1	1	6	2	0	1	0	2	3	4	2
164951	13 Nov 25	01:15:00	1	0	55	0	Ct	0	0	0	0	1	0	8	1	0	0	2	0	2	0	4	0	0	1	0	0	0	0	0	3	1	7	2	0	2	0	0	3	3	1
164952	13 Nov 25	01:16:00	1	0	55	0	Ct	0	0	0	0	2	1	8	1	0	0	2	1	3	0	5	0	0	2	0	0	1	0	0	3	1	3	2	0	0	0	2	2	3	3
164953	13 Nov 25	01:17:00	1	0	55	0	Ct	0	0	0	0	3	1	13	0	0	0	2	1	2	0	0	0	0	1	0	0	1	0	0	1	3	0	0	0	1	0	2	0	3	2
164954	13 Nov 25	01:18:00	1	0	55	0	Ct	0	0	0	0	7	0	23	0	0	0	2	0	2	0	0	0	0	0	0	0	2	0	0	2	3	0	2	2	1	3	0	2	4	2
164955	13 Nov 25	01:19:00	1	0	55	0	Ct	0	0	0	0	1	0	8	1	0	0	1	0	0	0	0	0	0	0	0	0	1	0	0	3	1	2	0	0	0	0	4	0	6	3
164956	13 Nov 25	01:20:00	1	0	55	0	Ct	0	0	0	0	3	0	13	1	0	0	0	0	2	0	0	0	0	2	0	0	0	0	0	0	2	5	1	0	0	0	1	2	8	3
164957	13 Nov 25	01:21:00	1	0	55	0	Ct	0	0	0	0	1	2	0	2	0	0	1	0	2	0	2	0	0	0	0	0	0	0	0	1	0	3	2	0	1	0	2	3	5	2
164958	13 Nov 25	01:22:00	1	0	55	0	Ct	0	0	0	0	1	2	4	0	0	0	2	0	0	0	2	0	0	1	0	0	0	0	0	1	1	5	0	0	0	0	2	2	2	2
164959	13 Nov 25	01:23:00	1	0	55	0	Ct	0	0	0	0	1	3	14	0	0	0	1	0	3	0	3	0	0	1	0	0	2	0	0	2	2	2	2	0	1	0	2	4	4	1
164960	13 Nov 25	01:24:00	1	0	55	0	Ct	0	0	0	0	4	5	22	0	0	0	2	0	2	0	3	0	0	1	0	0	0	0	0	1	2	4	0	0	0	0	2	4	2	2
164961	13 Nov 25	01:25:00	1	0	55	0	Ct	0	0	1	0	2	1	9	1	0	0	0	0	2	0	2	0	0	0	0	0	0	0	0	2	1	4	1	0	1	0	1	0	3	1
164962	13 Nov 25	01:26:00	1	0	55	0	Ct	0	0	3	0	2	2	10	3	0	0	0	0	2	0	0	0	0	0	0	0	0	0	0	1	2	2	0	0	1	0	2	0	5	0
164963	13 Nov 25	01:27:00	1	0	55	0	Ct	0	0	0	0	1	1	6	1	0	0	0	0	2	0	2	0	0	0	0	0	0	0	0	3	1	3	2	0	1	0	2	2	4	0
164964	13 Nov 25	01:28:00	1	0	55	0	Ct	0	0	0	0	1	2	5	2	0	0	1	0	2	0	3	0	0	0	0	0	1	0	0	0	2	2	1	0	1	0	2	4	3	0
164965	13 Nov 25	01:29:00	1	0	55	0	Ct	0	0	0	0	1	0	22	2	0	0	2	0	1	0	0	0	0	0	0	0	1	0	0	2	1	4	3	0	4	0	2	4	4	0
164966	13 Nov 25	01:30:00	1	0	55	0	Ct	0	0	0	0	1	1	8	1	0	0	0	0	0	2	2	0	0	1	0	0	0	0	0	1	1	0	1	0	0	0	2	3	3	2
164967	13 Nov 25	01:31:00	1	0	55	0	Ct	0	0	0	0	2	1	14	3	0	0	1	0	1	0	2	0	0	2	0	0	0	0	0	1	1	0	0	0	0	0	2	4	2	2
164968	13 Nov 25	01:32:00	1	0	55	0	Ct	0	0	0	0	0	4	7	2	0	0	1	0	0	0	0	0	0	0	0	0	0	0	0	2	0	3	1	0	1	0	2	3	2	2
164969	13 Nov 25	01:33:00	1	0	55	0	Ct	0	0	2	0	2	1	5	1	0	0	2	0	1	0	1	0	0	2	0	0	0	0	0	2	3	1	2	0	1	0	0	3	3	1
164970	13 Nov 25	01:34:00	1	0	55	0	Ct	0	0	1	0	1	0	0	2	0	0	1	0	2	0	0	0	0	1	0	0	1	0	0	0	1	2	0	0	2	1	2	2	4	2
164971	13 Nov 25	01:35:00	1	0	55	0	Ct	0	0	2	0	3	1	0	1	0	0	2	0	2	0	1	0	0	2	0	0	1	0	0	2	3	4	1	0	8	1	2	0	4	2
164972	13 Nov 25	01:36:00	1	0	55	0	Ct	0	0	3	0	1	1	0	2	0	0	1	0	2	0	2	0	0	0	0	0	0	0	0	2	0	4	1	0	5	0	0	5	4	2
164973	13 Nov 25	01:37:00	1	0	55	0	Ct	0	0	2	0	0	0	0	1	0	1	3	0	2	0	1	0	0	0	0	0	0	0	3	3	2	2	0	2	0	0	2	5	6	3
164974	13 Nov 25	01:38:00	1	0	55	0	Ct	0	0	0	0	2	2	0	1	0	1	1	0	1	0	0	0	0	2	0	0	0	0	1	2	3	5	0	0	0	0	2	2	3	3
164975	13 Nov 25	01:39:00	1	0	55	0	Ct	0	0	0	0	2	2	12	3	0	0	1	0	0	0	0	0	0	0	0	0	0	0	0	1	0	1	2	0	2	0	0	5	0	5
164976	13 Nov 25	01:40:00	1	0	55	0	Ct	0	0	2	0	4	1	9	3	0	0	2	0	2	0	0	0	0	0	0	0	0	0	0	1	2	2	0	0	1	0	0	2	4	0
164977	13 Nov 25	01:41:00	1	0	55	0	Ct	0	0	1	0	0	0	7	4	0	0	0	0	2	0	3	0	0	0	0	2	0	0	0	0	2	2	0	0	0	0	0	2	3	1
164978	13 Nov 25	01:42:00	1	0	55	0	Ct	0	0	1	0	1	0	0	2	0	0	2	0	2	0	1	0	0	1	0	0	0	0	0	2	2	2	0	0	0	0	1	3	1	3
164979	13 Nov 25	01:43:00	1	0	55	0	Ct	0	0	0	0	6	0	0	2	0	0	0	0	0	0	2	0	0	0	0	2	0	0	0	1	2	4	0	0	0	0	1	4	3	2
164980	13 Nov 25	01:44:00	1	0	55	0	Ct	0	0	0	0	1	3	12	4	0	0	2	0	3	0	3	0	0	2	0	1	0	0	0	3	1	2	0	0	0	0	0	0	3	1
164981	13 Nov 25	01:45:00	1	0	55	0	Ct	0	0	4	0	1	1	16	4	0	0	1	0	3	0	1	0	0	0	0	2	0	0	0	2	1	2	0	0	0	0	2	1	3	0
164982	13 Nov 25	01:46:00	1	0	55	0	Ct	0	0	3	0	2	0	2	1	0	0	2	0	2	0	0	0	0	1	0	3	0	0	4	1	2	2	0	0	1	0	1	3	1	2
164983	13 Nov 25	01:47:00	1	0	55	0	Ct	0	0	1	0	2	0	8	2	0	0	0	2	4	0	1	0	0	4	0	2	0	0	0	0	0	2	1	0	4	0	1	3	3	1
164984	13 Nov 25	01:48:00	1	0	55	0	Ct	0	0	2	0	3	0	13	1	0	0	2	0	3	0	4	0	0	3	0	3	0	0	0	2	0	0	1	0	3	0	2	2	2	2
164985	13 Nov 25	01:49:00	1	0	55	0	Ct	0	0	0	0	1	0	11	3	0	0	0	0	2	0	1	0	0	2	0	4	1	0	0	0	1	2	0	0	0	2	1	4	1	2
164986	13 Nov 25	01:50:00	1	0	55	0	Ct	0	0	2	0	1	0	15	2	0	0	1	0	3	0	3	0	0	2	0	2	5	0	0	3	1	2	0	0	2	0	1	4	1	3
164987	13 Nov 25	01:51:00	1	0	55	0	Ct	0	0	3	0	1	0	0	3	0	0	0	0	1	1	2	0	0	2	0	2	0	0	0	0	2	4	2	0	0	0	1	4	1	2
164988	13 Nov 25	01:52:00	1	0	55	0	Ct	0	0	3	0	0	3	2	0	0	0	0	0	1	3	0	0	0	0	0	2	0	0	0	0	2	2	0	0	2	4	2	5	0	2
164989	13 Nov 25	01:53:00	1	0	55	0	Ct	0	0	2	0	1	1	5	2	0	0	1	0	2	0	2	0	0	1	1	1	9	0	0	0	1	4	0	0	3	0	2	4	0	1
164990	13 Nov 25	01:54:00	1	0	55	0	Ct	0	0	2	0	2	1	9	2	0	0	1	0	0	0	1	0	0	2	1	2	0	0	4	1	1	2	0	0	0	0	0	5	3	2
164991	13 Nov 25	01:55:00	1	0	55	0	Ct	0	0	2	0	3	1	15	2	0	0	0	0	2	3	0	0	0	1	0	2	4	0	1	3	1	2	0	0	0	0	2	4	1	3
164992	13 Nov 25	01:56:00	1	0	55	0	Ct	0	0	1	0	1	1	5	2	0	3	0	0	1	3	2	0	0	0	0	2	0	0	0	2	2	3	0	0	1	0	2	6	2	2
164993	13 Nov 25	01:57:00	1	0	55	0	Ct	0	0	3	0	1	1	9	4	0	0	0	2	5	2	0	0	0	1	0	2	3	0	2	2	1	4	0	0	1	0	1	6	4	2
164994	13 Nov 25	01:58:00	1	0	55	0	Ct	0	0	4	0	2	0	0	0	0	0	3	0	0	4	0	0	0	1	0	2	0	0	0	1	0	2	0	0	2	0	1	3	2	1
164995	13 Nov 25	01:59:00	1	0	55	0	Ct	0	0	1	0	0	0	16	1	0	0	1	0	2	0	1	0	0	2	0	2	0	0	3	2	0	2	0	0	0	1	1	2	1	1
164996	13 Nov 25	02:00:00	1	0	55	0	Ct	0	0	2	0	3	1	8	2	0	0	0	0	2	2	1	0	0	0	0	1	1	0	3	2	0	12	2	0	0	1	1	1	2	1
164997	13 Nov 25	02:01:00	1	0	55	0	Ct	0	0	2	0	1	1	24	1	0	0	0	0	0	2	2	0	0	1	0	3	4	0	0	1	1	3	1	1	0	3	0	2	8	2
164998	13 Nov 25	02:02:00	1	0	55	0	Ct	0	0	4	0	4	2	8	1	0	0	0	0	1	5	0	0	0	0	0	2	0	0	2	2	1	1	1	0	0	1	1	4	4	1
164999	13 Nov 25	02:03:00	1	0	55	0	Ct	0	0	2	0	2	0	18	1	0	0	2	1	1	3	0	0	0	1	0	3	0	0	0	1	2	2	2	1	2	2	2	4	5	0
165000	13 Nov 25	02:04:00	1	0	55	0	Ct	0	0	3	0	0	0	9	1	0	0	1	1	2	3	2	0	0	0	4	2	1	0	4	1	2	2	1	0	2	0	1	5	3	1
165001	13 Nov 25	02:05:00	1	0	55	0	Ct	0	0	3	0	3	1	11	0	0	0	1	1	2	4	1	0	0	2	0	3	1	0	1	1	2	4	1	0	0	4	1	5	3	1
165002	13 Nov 25	02:06:00	1	0	55	0	Ct	0	0	3	0	1	3	7	2	0	0	2	3	2	3	1	0	0	1	1	2	1	0	0	2	2	2	0	0	0	1	0	3	3	0
165003	13 Nov 25	02:07:00	1	0	55	0	Ct	0	0	2	0	2	3	5	1	0	0	0	0	0	2	0	0	0	2	3	1	1	0	2	2	0	3	0	0	1	0	2	7	1	2
165004	13 Nov 25	02:08:00	1	0	55	0	Ct	0	0	2	0	1	3	18	3	0	0	3	3	2	3	1	0	0	1	1	3	2	0	2	0	2	3	0	0	1	2	0	2	0	1
165005	13 Nov 25	02:09:00	1	0	55	0	Ct	0	0	2	0	1	0	6	3	0	0	1	0	1	0	0	0	0	3	3	5	1	0	1	2	2	6	1	0	0	0	2	4	1	2
165006	13 Nov 25	02:10:00	1	0	55	0	Ct	0	0	3	0	3	0	0	2	0	0	1	0	0	4	1	0	0	1	3	2	0	0	3	1	0	3	1	0	0	1	1	4	1	3
165007	13 Nov 25	02:11:00	1	0	55	0	Ct	0	0	1	0	1	0	10	1	0	0	3	1	1	5	1	0	0	0	2	1	4	0	3	0	1	0	3	0	1	1	2	4	0	2
165008	13 Nov 25	02:12:00	1	0	55	0	Ct	0	0	3	0	4	0	5	2	0	0	2	0	0	4	1	0	0	2	1	1	4	0	3	0	2	2	2	0	1	1	1	3	0	2
165009	13 Nov 25	02:13:00	1	0	55	0	Ct	0	0	3	0	2	0	10	4	0	0	2	1	0	2	1	0	0	1	2	2	2	0	3	2	2	2	1	0	0	1	0	3	0	2
165010	13 Nov 25	02:14:00	1	0	55	0	Ct	0	0	4	0	0	0	27	2	0	0	1	0	0	3	4	0	0	3	5	1	1	0	2	1	1	0	1	0	1	3	0	1	0	2
165011	13 Nov 25	02:15:00	1	0	55	0	Ct	0	0	2	2	0	0	0	1	0	0	0	2	0	2	1	0	0	1	2	2	0	0	2	1	1	3	0	0	1	2	0	2	0	1
165012	13 Nov 25	02:16:00	1	0	55	0	Ct	0	0	1	0	1	0	13	1	0	0	1	1	0	2	1	0	0	2	2	3	0	0	3	1	1	2	0	0	1	1	0	2	0	2
165013	13 Nov 25	02:17:00	1	0	55	0	Ct	0	0	3	0	3	0	11	2	0	2	1	0	1	2	0	0	0	2	3	2	0	0	1	1	1	3	2	2	0	2	0	2	0	1
165014	13 Nov 25	02:18:00	1	0	55	0	Ct	0	0	1	0	1	2	13	3	0	0	1	0	1	4	1	0	0	0	1	1	2	0	0	0	2	2	0	0	2	1	2	2	4	2
165015	13 Nov 25	02:19:00	1	0	55	0	Ct	0	0	2	0	1	0	20	1	0	0	2	1	0	3	1	0	0	0	1	2	0	0	1	0	0	4	2	0	2	2	1	3	0	1
165016	13 Nov 25	02:20:00	1	0	55	0	Ct	0	0	2	0	1	0	8	2	0	0	2	1	0	4	4	0	0	3	2	0	0	0	2	2	0	1	0	0	0	1	1	2	2	3
165017	13 Nov 25	02:21:00	1	0	55	0	Ct	0	0	0	0	3	0	4	1	0	0	0	1	2	2	3	0	0	1	2	1	2	0	1	0	2	2	2	0	1	1	1	3	4	2
165018	13 Nov 25	02:22:00	1	0	55	0	Ct	0	0	1	0	4	0	13	2	0	0	1	0	2	4	0	0	0	1	3	2	0	0	1	1	2	4	0	2	2	1	0	1	1	1
165019	13 Nov 25	02:23:00	1	0	55	0	Ct	0	0	3	0	2	0	9	1	0	0	1	1	0	5	1	0	0	3	1	3	0	0	2	1	1	4	2	1	3	2	1	2	1	1
165020	13 Nov 25	02:24:00	1	0	55	0	Ct	0	0	3	0	2	1	4	3	0	0	2	2	3	3	3	0	0	0	1	2	0	0	0	0	3	4	3	4	0	2	0	4	1	2
165021	13 Nov 25	02:25:00	1	0	55	0	Ct	0	0	1	0	3	2	11	0	0	3	0	1	3	1	1	0	0	0	1	2	0	0	0	1	0	2	3	2	2	2	2	2	3	2
165022	13 Nov 25	02:26:00	1	0	55	0	Ct	0	0	1	0	2	1	8	2	0	1	0	2	0	3	1	0	0	2	2	2	0	0	5	1	1	2	1	2	0	0	1	3	0	2
165023	13 Nov 25	02:27:00	1	0	55	0	Ct	0	0	3	0	1	0	17	1	0	0	0	1	1	1	1	0	0	2	3	3	0	0	1	2	1	3	0	2	0	1	0	7	2	1
165024	13 Nov 25	02:28:00	1	0	55	0	Ct	0	0	1	0	2	0	10	1	0	0	0	2	1	2	2	0	0	2	0	2	1	0	1	0	2	1	2	0	2	1	0	3	0	2
165025	13 Nov 25	02:29:00	1	0	55	0	Ct	0	0	3	0	3	0	7	2	0	0	0	2	1	2	4	0	0	2	2	2	0	0	3	2	2	4	1	0	0	2	10	5	0	1
165026	13 Nov 25	02:30:00	1	0	55	0	Ct	0	0	2	0	1	0	0	1	0	0	0	2	1	2	1	0	0	0	1	0	0	0	1	2	0	3	2	0	2	3	17	2	1	2
165027	13 Nov 25	02:31:00	1	0	55	0	Ct	0	0	3	0	2	0	11	2	0	0	0	2	1	2	2	0	0	0	2	2	0	0	2	0	0	4	1	0	1	2	7	1	1	1
165028	13 Nov 25	02:32:00	1	0	55	0	Ct	0	0	0	2	1	0	7	2	0	0	0	1	0	2	0	0	0	0	1	2	0	0	0	2	0	2	1	0	0	0	4	4	3	1
165029	13 Nov 25	02:33:00	1	0	55	0	Ct	0	0	2	0	1	0	0	2	0	0	2	0	0	4	0	0	0	0	1	2	1	0	0	1	0	2	3	2	1	2	0	4	1	1
165030	13 Nov 25	02:34:00	1	0	55	0	Ct	0	0	1	0	1	2	0	4	0	0	0	2	1	2	1	0	0	0	2	2	1	0	0	0	0	4	1	0	2	1	2	1	0	1
165031	13 Nov 25	02:35:00	1	0	55	0	Ct	0	0	3	0	0	1	0	2	0	0	2	0	2	3	1	0	0	2	1	1	0	0	1	1	2	2	1	2	0	1	1	1	4	1
165032	13 Nov 25	02:36:00	1	0	55	0	Ct	0	0	0	0	2	0	0	4	0	0	0	3	1	2	1	0	0	4	2	4	0	0	1	2	2	2	2	3	2	5	0	1	3	1
165033	13 Nov 25	02:37:00	1	0	55	0	Ct	0	0	3	0	1	1	8	1	0	2	0	1	2	1	4	0	0	2	1	3	0	0	0	0	1	3	0	2	1	0	0	0	2	0
165034	13 Nov 25	02:38:00	1	0	55	0	Ct	0	0	2	0	3	1	6	2	0	2	0	0	3	0	0	0	0	3	2	3	0	0	2	1	1	3	0	4	1	1	0	2	4	0
165035	13 Nov 25	02:39:00	1	0	55	0	Ct	0	0	2	0	1	0	5	5	0	2	2	0	2	3	0	0	0	1	3	2	2	0	2	2	0	2	0	2	0	1	2	3	0	1
165036	13 Nov 25	02:40:00	1	0	55	0	Ct	0	0	4	0	1	0	10	1	0	5	0	0	3	1	3	0	0	0	1	0	1	0	2	3	2	0	2	1	2	1	0	2	0	3
165037	13 Nov 25	02:41:00	1	0	55	0	Ct	0	0	3	2	3	1	5	4	0	2	0	0	4	2	3	0	0	3	0	2	1	0	1	1	1	2	2	2	0	2	0	2	0	1
165038	13 Nov 25	02:42:00	1	0	55	0	Ct	0	0	2	2	0	1	0	3	0	3	0	3	1	4	0	0	0	4	2	0	1	0	2	1	1	3	2	2	2	2	0	4	0	1
165039	13 Nov 25	02:43:00	1	0	55	0	Ct	0	0	0	2	2	0	12	1	2	3	0	2	1	1	1	0	0	1	1	2	0	0	0	1	2	5	3	2	3	1	3	4	2	1
165040	13 Nov 25	02:44:00	1	0	55	0	Ct	0	0	3	3	2	0	3	2	0	4	0	0	0	5	3	0	0	1	2	1	0	0	1	1	2	2	1	3	6	1	0	3	4	1
165041	13 Nov 25	02:45:00	1	0	55	0	Ct	0	0	0	0	2	0	4	5	0	2	0	2	1	4	0	0	0	1	2	1	0	0	5	0	0	13	2	2	2	1	2	2	2	1
165042	13 Nov 25	02:46:00	1	0	55	0	Ct	0	0	0	0	2	0	0	4	0	4	1	1	1	3	1	0	0	2	0	0	0	0	1	1	1	3	2	2	1	2	0	3	2	1
165043	13 Nov 25	02:47:00	1	0	55	0	Ct	0	0	2	0	0	2	0	2	0	4	2	1	0	3	1	0	0	2	0	2	0	0	1	1	1	2	1	2	2	0	2	6	0	1
165044	13 Nov 25	02:48:00	1	0	55	0	Ct	0	0	2	0	3	0	0	2	0	1	1	2	0	2	0	0	0	4	0	2	0	0	1	0	1	4	1	2	1	3	2	1	3	1
165045	13 Nov 25	02:49:00	1	0	55	0	Ct	0	0	1	0	2	0	0	3	0	3	1	1	2	0	1	0	0	3	1	2	0	0	2	1	2	2	1	4	3	1	2	11	3	2
165046	13 Nov 25	02:50:00	1	0	55	0	Ct	0	0	2	0	1	1	0	2	0	2	2	6	0	2	2	0	0	1	1	1	0	0	1	1	2	4	1	1	0	2	2	4	0	1
165047	13 Nov 25	02:51:00	1	0	55	0	Ct	0	0	2	2	2	1	0	1	0	1	0	0	0	2	1	0	0	1	0	3	1	0	3	3	0	4	1	4	0	0	0	3	0	1
165048	13 Nov 25	02:52:00	1	0	55	0	Ct	0	0	2	0	2	2	11	2	0	2	0	0	0	4	0	0	0	3	2	3	0	0	1	0	0	3	0	2	2	0	2	6	1	1
165049	13 Nov 25	02:53:00	1	0	55	0	Ct	0	0	2	1	2	0	16	1	0	3	1	0	3	3	0	0	0	2	1	2	0	0	1	0	0	5	2	3	1	2	2	2	2	0
165050	13 Nov 25	02:54:00	1	0	55	0	Ct	0	0	2	1	0	0	6	1	0	2	2	1	1	1	0	0	0	2	1	2	1	0	1	2	1	2	2	3	3	0	0	6	3	1
165051	13 Nov 25	02:55:00	1	0	55	0	Ct	0	0	2	2	1	0	5	4	0	2	2	2	2	2	3	0	0	0	0	0	0	0	1	1	2	4	0	2	0	1	0	2	2	1
165052	13 Nov 25	02:56:00	1	0	55	0	Ct	0	0	0	0	2	1	10	6	0	0	1	0	0	2	3	0	0	0	2	2	0	0	4	1	2	1	2	2	0	1	1	1	2	1
165053	13 Nov 25	02:57:00	1	0	55	0	Ct	0	0	2	2	2	1	12	0	0	2	2	1	2	1	0	0	0	0	0	2	0	0	2	2	1	2	0	2	3	3	1	3	2	1
165054	13 Nov 25	02:58:00	1	0	55	0	Ct	0	0	2	0	0	0	16	1	0	2	1	1	0	2	0	0	0	0	1	7	0	0	3	0	2	4	3	2	3	0	0	2	2	2
165055	13 Nov 25	02:59:00	1	0	55	0	Ct	0	0	1	1	3	0	10	1	0	3	1	1	1	2	0	0	0	1	1	3	0	0	1	2	1	4	1	2	3	2	2	2	1	0
165056	13 Nov 25	03:00:00	1	0	55	0	Ct	0	0	1	1	0	2	10	0	0	3	0	1	1	1	0	0	0	1	0	3	1	0	1	0	1	2	2	1	2	2	0	0	3	0
165057	13 Nov 25	03:01:00	1	0	55	0	Ct	0	0	0	3	2	0	3	1	0	3	0	1	0	2	0	0	0	0	1	3	2	0	0	1	2	3	1	2	2	0	2	6	2	2
165058	13 Nov 25	03:02:00	1	0	55	0	Ct	0	0	4	1	2	2	4	1	0	2	0	1	0	2	0	0	0	2	1	2	1	0	1	2	2	7	2	2	2	2	4	3	2	2
165059	13 Nov 25	03:03:00	1	0	55	0	Ct	0	0	2	1	1	0	3	0	0	1	0	1	0	2	0	0	0	3	0	2	2	0	1	1	0	1	2	4	2	2	1	2	4	2
165060	13 Nov 25	03:04:00	1	0	55	0	Ct	0	0	1	1	2	1	1	0	0	1	0	2	0	2	0	0	0	1	2	1	0	0	0	0	2	3	0	2	2	1	1	6	4	1
165061	13 Nov 25	03:05:00	1	0	55	0	Ct	0	0	2	1	1	2	12	1	0	1	0	2	0	2	0	0	0	1	0	1	1	0	2	0	0	2	0	2	2	1	0	2	1	1
165062	13 Nov 25	03:06:00	1	0	55	0	Ct	0	0	3	0	3	1	12	0	0	2	1	2	0	4	0	0	0	3	1	0	2	0	1	1	2	3	2	4	4	1	0	0	2	1
165063	13 Nov 25	03:07:00	1	0	55	0	Ct	0	0	0	1	0	2	0	2	0	2	1	0	0	1	0	0	0	2	1	2	0	0	2	2	0	3	0	1	0	2	0	2	4	0
165064	13 Nov 25	03:08:00	1	0	55	0	Ct	0	0	2	2	1	1	3	0	0	2	2	0	0	2	0	0	0	0	0	1	0	0	1	1	2	3	3	2	3	2	1	1	2	0
165065	13 Nov 25	03:09:00	1	0	55	0	Ct	0	0	5	1	0	0	4	1	0	1	1	0	3	3	1	0	0	0	1	3	0	0	0	0	2	7	0	3	2	2	2	2	2	1
165066	13 Nov 25	03:10:00	1	0	55	0	Ct	0	0	7	2	1	1	0	1	0	3	3	2	1	5	1	0	0	0	1	2	0	0	0	2	2	4	2	3	1	1	0	4	4	0
165067	13 Nov 25	03:11:00	1	0	55	0	Ct	0	0	3	0	1	1	0	2	0	2	3	0	0	4	2	0	0	2	2	0	0	0	1	0	4	2	0	2	2	4	1	3	4	1
165068	13 Nov 25	03:12:00	1	0	55	0	Ct	0	0	3	1	1	0	0	0	0	1	1	2	0	1	0	0	0	1	0	1	0	0	1	2	2	4	0	2	2	1	1	3	6	1
165069	13 Nov 25	03:13:00	1	0	55	0	Ct	0	0	2	1	3	0	0	0	0	1	1	2	0	6	2	0	0	0	1	1	0	0	1	0	0	2	2	2	2	2	2	3	2	1
165070	13 Nov 25	03:14:00	1	0	55	0	Ct	0	0	0	0	0	0	2	2	0	0	2	0	0	3	0	0	0	2	1	2	0	0	1	1	0	4	0	1	4	1	0	2	2	0
165071	13 Nov 25	03:15:00	1	0	55	0	Ct	0	0	1	1	1	0	15	0	0	2	1	1	0	5	0	0	0	1	2	0	0	0	1	1	2	2	0	1	1	0	0	2	2	1
165072	13 Nov 25	03:16:00	1	0	55	0	Ct	0	0	1	2	2	0	0	0	0	1	0	2	0	3	4	0	0	0	1	2	0	0	2	0	0	4	0	1	1	1	0	2	2	1
165073	13 Nov 25	03:17:00	1	0	55	0	Ct	0	0	3	1	2	2	6	0	0	1	0	1	0	3	0	0	0	1	5	5	0	0	1	2	0	2	0	2	3	1	0	3	3	0
165074	13 Nov 25	03:18:00	1	0	55	0	Ct	0	0	1	1	0	0	0	3	0	1	2	3	0	4	0	0	0	3	0	2	0	0	1	0	0	4	1	2	2	0	0	1	3	1
165075	13 Nov 25	03:19:00	1	0	55	0	Ct	0	0	2	1	2	0	0	1	0	0	2	1	0	4	0	0	0	0	0	2	0	0	1	0	2	4	2	1	0	2	0	2	2	1
165076	13 Nov 25	03:20:00	1	0	55	0	Ct	0	0	0	0	3	0	0	1	0	2	1	1	0	1	0	0	0	1	3	1	0	0	1	2	2	3	0	2	4	1	0	1	1	1
165077	13 Nov 25	03:21:00	1	0	55	0	Ct	0	0	2	1	2	0	0	1	0	2	1	1	0	3	2	0	0	0	0	2	0	0	1	1	2	3	2	3	1	1	2	2	4	1
165078	13 Nov 25	03:22:00	1	0	55	0	Ct	0	0	2	2	4	0	10	0	0	1	2	2	0	1	1	0	0	1	1	2	0	0	0	1	0	5	3	1	0	2	2	2	2	1
165079	13 Nov 25	03:23:00	1	0	55	0	Ct	0	0	1	0	1	0	5	1	0	2	1	1	0	4	1	0	0	0	1	0	0	0	1	0	0	7	1	3	0	2	0	7	1	1
165080	13 Nov 25	03:24:00	1	0	55	0	Ct	0	0	4	1	2	0	2	3	0	3	0	1	0	3	0	0	0	0	2	1	1	0	0	1	1	4	1	3	1	0	3	2	3	1
165081	13 Nov 25	03:25:00	1	0	55	0	Ct	0	0	0	0	1	1	10	2	1	1	0	0	0	3	0	0	0	0	0	3	0	0	1	1	3	1	2	2	1	0	1	3	1	1
165082	13 Nov 25	03:26:00	1	0	55	0	Ct	0	0	1	1	2	1	14	1	2	2	0	1	1	2	0	0	0	0	1	1	1	0	6	2	0	5	2	0	3	1	2	4	1	1
165083	13 Nov 25	03:27:00	1	0	55	0	Ct	0	0	1	0	0	2	0	1	8	2	0	0	1	2	0	0	0	1	1	2	0	0	3	1	0	1	2	2	0	0	1	6	4	0
165084	13 Nov 25	03:28:00	1	0	55	0	Ct	0	0	0	2	0	0	3	3	0	2	0	2	2	2	0	0	0	2	1	1	0	0	0	2	0	0	3	0	1	2	0	4	3	0
165085	13 Nov 25	03:29:00	1	0	55	0	Ct	0	0	0	0	3	0	28	0	0	2	1	2	0	1	0	0	0	1	1	0	0	0	2	1	1	3	0	3	3	0	0	2	2	0
165086	13 Nov 25	03:30:00	1	0	55	0	Ct	0	0	3	1	2	1	18	2	0	2	1	1	0	2	0	0	0	0	0	1	3	0	4	3	2	2	0	3	0	0	0	1	2	0
165087	13 Nov 25	03:31:00	1	0	55	0	Ct	0	0	1	1	3	1	4	2	0	2	2	1	2	2	2	0	0	3	1	1	1	0	0	0	1	3	0	1	2	1	0	5	2	1
165088	13 Nov 25	03:32:00	1	0	55	0	Ct	0	0	2	0	0	0	0	0	0	2	0	0	0	3	1	0	0	1	1	1	0	0	0	2	2	6	2	2	0	1	0	4	0	1
165089	13 Nov 25	03:33:00	1	0	55	0	Ct	0	0	1	1	1	0	11	0	0	0	1	0	0	2	1	0	0	2	0	1	0	0	0	2	2	4	0	0	0	3	0	2	2	1
165090	13 Nov 25	03:34:00	1	0	55	0	Ct	0	0	1	1	2	2	4	0	0	1	1	2	1	2	0	0	0	0	2	1	0	0	0	0	0	3	1	0	2	1	1	3	2	2
165091	13 Nov 25	03:35:00	1	0	55	0	Ct	0	0	1	0	1	1	11	1	0	1	2	2	2	3	0	0	0	1	1	1	0	0	2	2	2	3	1	2	1	3	1	5	2	3
165092	13 Nov 25	03:36:00	1	0	55	0	Ct	0	0	0	4	0	0	19	2	0	1	1	0	1	2	1	0	0	1	0	1	0	0	1	0	2	4	2	2	1	1	0	4	1	1
165093	13 Nov 25	03:37:00	1	0	55	0	Ct	0	0	2	1	1	0	5	0	0	0	1	1	0	2	1	0	0	3	3	2	0	0	1	0	1	2	0	2	1	2	1	3	0	3
165094	13 Nov 25	03:38:00	1	0	55	0	Ct	0	0	0	0	1	0	0	1	0	2	2	0	0	3	2	0	0	1	2	1	0	0	1	0	2	8	2	2	1	1	3	3	5	2
165095	13 Nov 25	03:39:00	1	0	55	0	Ct	0	0	2	2	0	0	3	2	0	2	1	2	0	6	0	0	0	1	3	1	0	0	1	0	1	4	2	2	0	0	0	1	1	2
165096	13 Nov 25	03:40:00	1	0	55	0	Ct	0	0	0	1	1	0	14	0	0	2	1	0	0	5	0	0	0	1	2	1	0	0	0	0	1	2	0	2	0	0	0	0	2	1
165097	13 Nov 25	03:41:00	1	0	55	0	Ct	0	0	1	0	1	0	8	2	0	1	1	0	0	2	1	0	0	1	4	0	0	0	0	0	1	3	2	1	2	2	0	4	3	0
165098	13 Nov 25	03:42:00	1	0	55	0	Ct	0	0	1	0	1	0	0	2	0	1	0	0	0	2	1	0	0	2	2	2	0	0	0	0	0	3	0	1	2	0	1	2	0	0
165099	13 Nov 25	03:43:00	1	0	55	0	Ct	0	0	2	2	1	0	20	1	0	2	0	1	2	4	0	0	0	1	0	2	0	0	1	2	0	5	2	3	0	0	1	0	4	0
165100	13 Nov 25	03:44:00	1	0	55	0	Ct	0	0	1	0	1	0	18	2	0	1	2	1	1	1	1	0	0	1	1	1	0	0	0	0	2	3	0	0	2	0	0	3	2	2
165101	13 Nov 25	03:45:00	1	0	55	0	Ct	0	0	2	1	2	0	0	3	0	1	2	0	0	4	0	0	0	1	2	0	0	0	5	0	5	2	1	1	1	1	0	2	3	0
165102	13 Nov 25	03:46:00	1	0	55	0	Ct	0	0	0	1	1	0	0	3	0	1	1	2	2	2	1	0	0	0	2	2	0	0	0	0	4	3	0	0	0	1	2	5	0	0
165103	13 Nov 25	03:47:00	1	0	55	0	Ct	0	0	2	0	2	0	0	2	0	1	0	1	1	1	2	0	0	0	1	0	0	0	0	2	1	2	0	1	3	0	2	3	0	0
165104	13 Nov 25	03:48:00	1	0	55	0	Ct	0	0	0	0	3	0	0	1	0	2	0	1	1	3	1	0	0	0	2	0	0	0	0	1	1	3	2	2	0	0	0	3	0	0
165105	13 Nov 25	03:49:00	1	0	55	0	Ct	0	0	2	1	1	0	0	1	0	0	0	1	2	3	1	0	0	2	0	0	2	0	0	3	2	3	2	2	1	2	1	1	0	1
165106	13 Nov 25	03:50:00	1	0	55	0	Ct	0	0	2	2	1	0	0	2	0	0	0	3	1	2	0	0	0	6	0	0	5	0	0	2	3	3	0	0	1	0	0	2	0	1
165107	13 Nov 25	03:51:00	1	0	55	0	Ct	0	0	1	1	1	0	0	0	0	2	0	0	0	3	0	0	0	7	2	1	0	0	2	0	1	2	1	2	1	2	1	4	0	2
165108	13 Nov 25	03:52:00	1	0	55	0	Ct	0	0	1	0	3	0	0	2	0	2	2	0	1	2	0	0	0	3	2	1	2	0	0	1	1	1	1	2	1	1	0	1	0	4
165109	13 Nov 25	03:53:00	1	0	55	0	Ct	0	0	1	0	3	0	15	3	0	1	2	2	2	2	0	0	0	2	2	0	0	0	0	1	1	3	0	1	4	0	0	2	0	1
165110	13 Nov 25	03:54:00	1	0	55	0	Ct	0	0	0	2	1	0	0	1	0	1	2	0	0	2	0	0	0	4	2	2	0	0	0	0	2	4	1	2	1	0	0	3	2	1
165111	13 Nov 25	03:55:00	1	0	55	0	Ct	0	0	0	1	3	0	3	0	0	1	1	0	0	2	0	0	0	1	2	3	0	0	0	1	1	4	0	1	5	0	0	1	0	0
165112	13 Nov 25	03:56:00	1	0	55	0	Ct	0	0	1	0	0	0	0	1	0	2	2	0	0	4	0	0	0	2	0	1	1	0	2	1	1	1	1	3	2	1	0	3	0	0
165113	13 Nov 25	03:57:00	1	0	55	0	Ct	0	0	1	0	1	2	0	1	0	2	0	9	0	2	0	0	0	1	0	1	1	0	0	0	2	3	0	2	0	1	0	2	0	1
165114	13 Nov 25	03:58:00	1	0	55	0	Ct	0	0	0	1	1	2	0	0	0	0	1	1	0	3	0	0	0	1	1	1	0	0	1	0	2	5	0	1	0	0	0	3	0	1
165115	13 Nov 25	03:59:00	1	0	55	0	Ct	0	0	0	4	0	0	0	2	0	0	0	0	0	3	2	0	0	3	2	0	0	0	1	0	2	2	0	1	1	0	2	4	0	0
165116	13 Nov 25	04:00:00	1	0	55	0	Ct	0	0	2	3	1	0	0	0	0	2	0	0	0	4	0	0	0	2	1	0	0	0	0	0	3	2	0	1	1	0	1	3	3	3
165117	13 Nov 25	04:01:00	1	0	55	0	Ct	0	0	0	2	3	1	0	1	0	0	1	0	0	2	0	0	0	3	0	0	0	0	3	0	0	3	0	2	4	0	2	2	4	2
165118	13 Nov 25	04:02:00	1	0	55	0	Ct	0	0	3	2	0	1	0	3	0	3	3	0	0	0	0	0	0	2	1	0	0	0	0	0	0	3	2	2	0	0	0	4	0	1
165119	13 Nov 25	04:03:00	1	0	55	0	Ct	0	0	0	1	0	1	0	2	0	1	4	2	2	1	0	0	0	0	2	0	2	0	1	0	0	8	0	1	1	0	2	2	2	1
165120	13 Nov 25	04:04:00	1	0	55	0	Ct	0	0	2	2	1	1	0	0	0	0	0	0	1	4	0	0	0	0	0	1	1	0	1	2	0	6	2	2	1	2	0	3	0	3
165121	13 Nov 25	04:05:00	1	0	55	0	Ct	0	0	3	0	1	0	0	0	0	0	1	0	1	3	0	0	0	0	2	1	0	0	0	1	2	2	1	2	0	1	2	0	3	1
165122	13 Nov 25	04:06:00	1	0	55	0	Ct	0	0	3	0	0	0	3	0	0	2	0	1	0	2	0	0	0	2	2	2	0	0	2	1	2	2	3	0	1	1	1	3	1	0
165123	13 Nov 25	04:07:00	1	0	55	0	Ct	0	0	0	1	1	1	9	0	0	0	0	2	0	4	0	0	0	1	0	0	0	0	0	0	0	2	2	2	1	2	1	1	6	3
165124	13 Nov 25	04:08:00	1	0	55	0	Ct	0	0	0	1	1	1	14	0	0	2	2	2	1	1	0	0	0	3	2	2	2	0	2	0	2	2	1	2	1	0	1	2	0	2
165125	13 Nov 25	04:09:00	1	0	55	0	Ct	0	0	1	0	0	0	7	1	0	1	0	0	0	0	2	0	0	1	0	2	0	0	2	0	1	0	1	2	1	2	1	1	4	1
165126	13 Nov 25	04:10:00	1	0	55	0	Ct	0	0	1	0	0	0	4	3	1	1	0	1	0	0	2	0	0	3	0	1	0	0	0	0	1	0	1	2	0	1	0	1	0	0
165127	13 Nov 25	04:11:00	1	0	55	0	Ct	0	0	1	0	1	0	10	2	1	4	0	0	0	3	0	0	0	1	0	1	0	0	3	0	2	0	6	0	0	0	2	1	1	0
165128	13 Nov 25	04:12:00	1	0	55	0	Ct	0	0	2	2	1	0	9	2	2	1	0	0	0	3	0	0	0	0	0	1	0	0	2	0	2	3	2	0	0	0	1	6	3	0
165129	13 Nov 25	04:13:00	1	0	55	0	Ct	0	0	1	0	1	2	0	2	2	0	0	0	0	3	0	0	0	0	1	0	0	0	2	0	0	2	0	1	2	1	1	3	0	0
165130	13 Nov 25	04:14:00	1	0	55	0	Ct	0	0	1	0	0	0	0	2	3	0	0	0	0	2	0	0	0	1	2	0	0	0	2	0	2	3	0	1	0	2	0	4	4	0
165131	13 Nov 25	04:15:00	1	0	55	0	Ct	0	0	0	0	0	3	2	0	0	0	0	0	0	2	0	0	0	3	1	0	0	0	0	0	2	2	1	1	0	1	0	5	0	0
165132	13 Nov 25	04:16:00	1	0	55	0	Ct	0	0	0	0	2	0	0	0	3	1	0	0	0	3	0	0	0	3	0	0	0	0	0	0	0	3	1	2	0	0	1	3	0	1
165133	13 Nov 25	04:17:00	1	0	55	0	Ct	0	0	2	0	1	1	5	0	0	1	0	1	2	2	0	0	0	2	0	0	0	0	2	0	1	2	0	0	0	1	1	1	0	2
165134	13 Nov 25	04:18:00	1	0	55	0	Ct	0	0	1	1	1	1	14	1	1	0	0	1	0	3	0	0	0	2	0	0	0	0	1	0	1	3	1	0	0	1	0	0	0	1
165135	13 Nov 25	04:19:00	1	0	55	0	Ct	0	0	1	1	1	0	0	0	2	0	0	0	0	3	0	0	0	2	0	0	0	0	3	2	2	3	1	0	0	3	1	3	0	2
165136	13 Nov 25	04:20:00	1	0	55	0	Ct	0	0	3	0	2	0	2	1	0	2	0	1	0	2	0	0	0	1	2	0	0	0	0	1	2	3	0	2	0	1	1	2	0	2
165137	13 Nov 25	04:21:00	1	0	55	0	Ct	0	0	2	1	2	0	7	3	0	0	0	0	1	1	0	0	0	2	0	3	0	0	0	2	0	3	1	2	1	0	2	3	0	1
165138	13 Nov 25	04:22:00	1	0	55	0	Ct	0	0	0	0	0	0	16	1	0	0	0	1	0	4	0	0	0	0	1	0	0	0	0	0	2	0	1	2	2	0	1	3	0	0
165139	13 Nov 25	04:23:00	1	0	55	0	Ct	0	0	0	1	3	0	21	1	1	2	1	0	1	2	0	0	0	0	1	0	0	0	0	1	0	2	0	2	1	2	2	3	0	1
165140	13 Nov 25	04:24:00	1	0	55	0	Ct	0	0	1	1	1	0	0	1	3	0	2	1	3	0	0	0	0	0	0	0	0	0	0	2	2	2	0	0	2	0	1	2	0	0
165141	13 Nov 25	04:25:00	1	0	55	0	Ct	0	0	1	1	0	0	0	1	4	0	1	1	0	4	0	0	0	0	0	0	0	0	0	0	0	2	0	0	2	0	1	2	0	2
165142	13 Nov 25	04:26:00	1	0	55	0	Ct	0	0	2	1	0	0	0	1	5	0	1	1	0	1	0	0	0	1	0	0	0	0	3	0	2	2	1	2	0	0	1	2	3	1
165143	13 Nov 25	04:27:00	1	0	55	0	Ct	0	0	0	1	0	0	6	0	3	0	0	0	2	1	0	0	0	1	0	0	0	0	2	0	2	3	1	1	1	2	2	2	2	1
165144	13 Nov 25	04:28:00	1	0	55	0	Ct	0	0	0	0	0	0	11	0	3	0	0	0	1	2	0	0	0	0	0	0	0	0	0	0	2	3	0	1	2	1	2	2	1	2
165145	13 Nov 25	04:29:00	1	0	55	0	Ct	0	0	2	0	0	0	0	0	0	3	0	0	2	2	0	0	0	3	0	0	0	0	1	2	0	2	2	2	0	1	1	3	0	1
165146	13 Nov 25	04:30:00	1	0	55	0	Ct	0	0	0	1	2	1	5	0	2	1	1	0	2	2	0	0	0	1	0	1	0	0	2	0	1	2	0	2	2	0	1	0	2	0
165147	13 Nov 25	04:31:00	1	0	55	0	Ct	0	0	0	0	1	1	5	0	4	0	0	0	0	2	0	0	0	0	0	3	1	0	0	0	1	2	0	0	0	0	2	1	0	1
165148	13 Nov 25	04:32:00	1	0	55	0	Ct	0	0	0	0	1	0	0	1	1	1	0	0	2	4	0	0	0	0	0	0	15	0	0	1	2	1	0	1	0	2	0	0	1	1
165149	13 Nov 25	04:33:00	1	0	55	0	Ct	0	0	0	1	2	1	5	0	0	1	0	0	0	3	0	0	0	2	2	0	1	0	3	1	2	5	0	1	1	1	1	1	2	0
165150	13 Nov 25	04:34:00	1	0	55	0	Ct	0	0	2	0	3	0	21	1	1	0	0	0	0	3	2	0	0	1	1	2	2	0	4	1	1	4	2	1	2	3	1	2	2	0
165151	13 Nov 25	04:35:00	1	0	55	0	Ct	0	0	0	0	0	0	4	0	1	0	1	0	1	1	1	0	0	1	1	3	0	0	0	1	1	4	2	0	1	2	2	3	1	0
165152	13 Nov 25	04:36:00	1	0	55	0	Ct	0	0	0	0	2	0	0	0	1	1	0	0	2	4	2	0	0	3	2	2	1	0	3	0	0	0	0	3	0	1	0	2	0	0
165153	13 Nov 25	04:37:00	1	0	55	0	Ct	0	0	2	0	2	2	0	1	3	1	1	1	1	2	2	0	0	0	0	1	1	0	4	0	2	0	0	1	1	2	0	2	0	0
165154	13 Nov 25	04:38:00	1	0	55	0	Ct	0	0	0	0	1	1	0	1	4	0	0	0	0	3	1	0	0	0	0	1	1	0	0	3	1	0	2	1	0	2	2	3	1	1
165155	13 Nov 25	04:39:00	1	0	55	0	Ct	0	0	0	0	1	1	0	0	3	0	0	0	1	3	1	0	0	0	0	2	1	0	0	0	3	3	1	2	0	1	3	1	0	0
165156	13 Nov 25	04:40:00	1	0	55	0	Ct	0	0	1	0	0	0	0	2	2	0	0	0	1	0	2	0	0	0	1	0	0	0	1	0	2	4	0	2	1	1	0	2	0	1
165157	13 Nov 25	04:41:00	1	0	55	0	Ct	0	0	1	1	0	1	0	1	3	0	1	0	0	1	1	0	0	1	1	0	0	0	3	0	1	3	1	1	0	1	2	2	0	0
165158	13 Nov 25	04:42:00	1	0	55	0	Ct	0	0	0	0	0	1	0	0	1	0	3	2	0	3	1	0	0	0	1	2	0	0	1	0	2	4	2	2	0	1	2	2	0	2
165159	13 Nov 25	04:43:00	1	0	55	0	Ct	0	0	2	0	2	0	0	0	2	0	0	0	0	3	2	0	0	1	1	0	0	0	0	0	1	5	0	0	3	0	1	4	0	1
165160	13 Nov 25	04:44:00	1	0	55	0	Ct	0	0	0	0	1	0	0	1	3	0	0	2	1	0	2	0	0	0	0	1	0	0	0	0	1	2	0	0	0	0	0	3	0	1
165161	13 Nov 25	04:45:00	1	0	55	0	Ct	0	0	2	1	3	0	0	0	2	0	0	1	1	1	0	0	0	0	0	1	0	0	2	0	0	3	2	2	1	1	2	3	0	1
165162	13 Nov 25	04:46:00	1	0	55	0	Ct	0	0	0	0	1	0	5	2	3	2	0	2	0	0	1	0	0	0	0	0	0	0	0	0	0	4	0	2	2	0	1	0	0	0
165163	13 Nov 25	04:47:00	1	0	55	0	Ct	0	0	0	0	0	0	8	1	1	1	0	1	1	1	4	0	0	0	0	0	0	0	0	0	2	4	0	1	2	1	0	1	0	2
165164	13 Nov 25	04:48:00	1	0	55	0	Ct	0	0	0	0	2	0	0	1	1	1	0	0	2	2	0	0	0	1	2	0	0	0	6	0	0	6	1	2	1	0	0	0	0	1
165165	13 Nov 25	04:49:00	1	0	55	0	Ct	0	0	1	1	2	0	29	0	0	0	0	2	1	2	2	0	0	1	2	0	0	0	1	1	1	2	2	1	0	0	2	4	0	0
165166	13 Nov 25	04:50:00	1	0	55	0	Ct	0	0	3	1	2	0	12	3	0	0	0	1	0	3	0	0	0	2	0	0	0	0	0	1	1	5	1	2	2	0	2	1	0	0
165167	13 Nov 25	04:51:00	1	0	55	0	Ct	0	0	2	0	2	2	8	2	0	1	1	2	1	0	2	0	0	1	0	1	0	0	1	0	0	4	2	2	2	0	1	3	1	2
165168	13 Nov 25	04:52:00	1	0	55	0	Ct	0	0	0	0	0	0	0	1	1	1	2	8	1	1	0	0	0	0	2	1	0	0	1	0	0	2	1	2	2	0	1	22	2	1
165169	13 Nov 25	04:53:00	1	0	55	0	Ct	0	0	2	0	2	0	0	0	1	0	2	1	0	3	0	0	0	2	2	2	0	0	1	2	0	3	1	2	0	1	0	3	1	1
165170	13 Nov 25	04:54:00	1	0	55	0	Ct	0	0	0	0	0	2	0	0	2	0	0	2	0	0	0	0	0	0	1	0	0	0	2	0	0	2	0	1	2	2	1	1	0	1
165171	13 Nov 25	04:55:00	1	0	55	0	Ct	0	0	1	1	1	2	0	0	3	0	1	1	1	3	0	0	0	2	0	2	0	0	1	0	0	1	2	2	1	2	0	4	0	1
165172	13 Nov 25	04:56:00	1	0	55	0	Ct	0	0	1	0	0	0	0	0	0	0	1	1	0	0	0	0	0	0	0	0	0	0	1	0	2	2	2	0	1	0	1	1	0	0
165173	13 Nov 25	04:57:00	1	0	55	0	Ct	0	0	0	1	0	0	0	0	0	0	0	0	0	0	0	0	0	0	0	0	0	0	0	0	0	3	0	0	0	0	0	0	0	0
165174	13 Nov 25	04:58:00	1	0	55	0	Ct	0	0	1	0	1	1	2	0	0	1	0	0	2	1	0	0	0	0	0	1	1	0	1	0	0	2	0	0	0	0	1	0	0	0
165175	13 Nov 25	04:59:00	1	0	55	0	Ct	0	0	3	1	3	1	9	0	0	0	2	1	1	3	0	0	0	1	2	2	3	0	0	0	1	2	2	1	1	1	8	0	0	1
165176	13 Nov 25	05:00:00	1	0	55	0	Ct	0	0	3	1	0	0	3	1	0	3	2	0	0	0	0	0	0	1	1	2	0	0	0	1	1	1	0	1	0	0	4	3	3	1
165177	13 Nov 25	05:01:00	1	0	55	0	Ct	0	0	1	1	0	0	7	1	0	0	2	0	0	0	0	0	0	0	1	1	0	0	0	1	0	1	0	1	0	0	0	0	0	0
165178	13 Nov 25	05:02:00	1	0	55	0	Ct	0	0	1	1	0	0	7	0	3	0	3	1	1	1	0	0	0	0	3	6	0	0	1	2	1	1	2	1	0	0	2	3	0	1
165179	13 Nov 25	05:03:00	1	0	55	0	Ct	0	0	3	1	0	2	5	0	0	1	1	0	2	2	0	0	0	0	3	3	0	0	1	2	2	4	0	1	0	0	2	2	0	1
165180	13 Nov 25	05:04:00	1	0	55	0	Ct	0	0	1	0	4	0	6	2	1	1	1	2	4	3	0	0	0	0	3	2	0	0	0	2	2	3	2	0	1	1	2	1	0	0
165181	13 Nov 25	05:05:00	1	0	55	0	Ct	0	0	2	2	1	0	12	3	0	2	2	0	4	3	0	0	0	0	2	1	0	0	2	1	2	3	2	2	2	2	1	2	0	0
165182	13 Nov 25	05:06:00	1	0	55	0	Ct	0	0	2	1	1	0	3	2	0	0	2	1	26	0	0	0	0	0	3	2	1	0	2	1	1	0	0	1	0	1	3	0	0	0
165183	13 Nov 25	05:07:00	1	0	55	0	Ct	0	0	2	1	4	3	9	1	1	0	0	1	1	1	0	0	0	0	2	1	2	0	3	0	2	4	2	1	1	4	1	3	3	3
165184	13 Nov 25	05:08:00	1	0	55	0	Ct	0	0	1	0	1	8	9	2	0	0	3	0	1	0	1	0	0	0	2	0	0	0	0	2	2	2	1	2	3	4	2	2	11	1
165185	13 Nov 25	05:09:00	1	0	55	0	Ct	0	0	1	0	2	5	6	1	0	0	1	0	1	3	2	0	0	1	4	1	0	0	1	0	2	2	2	1	1	0	2	0	1	0
165186	13 Nov 25	05:10:00	1	0	55	0	Ct	0	0	1	0	1	1	0	1	2	0	2	0	3	1	1	0	0	4	1	2	0	0	1	2	1	2	1	2	4	1	1	1	3	0
165187	13 Nov 25	05:11:00	1	0	55	0	Ct	0	0	2	0	2	2	6	2	2	2	0	0	1	2	0	0	0	3	1	2	9	0	1	0	1	3	2	0	3	0	1	2	3	1
165188	13 Nov 25	05:12:00	1	0	55	0	Ct	0	0	1	1	0	0	0	1	3	0	0	0	0	2	2	0	0	0	1	1	0	0	0	0	0	4	2	0	0	1	0	2	1	1
165189	13 Nov 25	05:13:00	1	0	55	0	Ct	0	0	3	0	0	0	0	0	0	0	1	0	3	3	0	0	0	0	1	2	0	0	1	1	2	6	0	2	3	0	0	7	1	0
165190	13 Nov 25	05:14:00	1	0	55	0	Ct	0	0	2	1	0	3	0	0	1	1	4	0	0	1	0	0	0	0	2	2	0	0	0	1	1	2	3	2	3	0	2	6	2	2
165191	13 Nov 25	05:15:00	1	0	55	0	Ct	0	0	0	0	0	2	8	1	1	3	2	1	1	1	0	0	0	4	1	1	0	0	0	5	1	2	2	2	3	0	0	2	0	1
165192	13 Nov 25	05:16:00	1	0	55	0	Ct	0	0	3	0	0	1	0	1	0	0	3	0	3	4	0	0	0	1	3	1	0	0	0	2	0	11	5	2	0	0	0	4	3	1
165193	13 Nov 25	05:17:00	1	0	55	0	Ct	0	0	3	1	0	2	0	1	5	0	1	0	1	1	0	0	0	0	2	3	0	0	1	0	2	2	2	1	3	1	2	3	4	0
165194	13 Nov 25	05:18:00	1	0	55	0	Ct	0	0	1	1	0	0	0	1	0	0	1	0	2	2	0	0	0	0	2	1	0	0	1	3	2	2	1	2	2	1	0	2	0	2
165195	13 Nov 25	05:19:00	1	0	55	0	Ct	0	0	2	0	1	0	0	2	1	0	3	0	0	1	0	0	0	0	2	1	0	0	0	0	2	2	2	1	0	0	1	3	2	0
165196	13 Nov 25	05:20:00	1	0	55	0	Ct	0	0	2	0	0	0	0	1	1	0	1	0	1	2	3	0	0	1	3	1	2	0	3	0	0	4	1	2	1	1	1	1	2	0
165197	13 Nov 25	05:21:00	1	0	55	0	Ct	0	0	1	0	2	2	7	1	1	1	2	0	0	0	0	0	0	1	1	2	1	0	0	1	0	2	0	2	1	1	2	2	2	1
165198	13 Nov 25	05:22:00	1	0	55	0	Ct	0	0	1	0	4	0	6	1	0	1	1	0	2	0	0	0	0	0	4	2	0	0	2	1	3	11	1	1	0	0	2	6	3	1
165199	13 Nov 25	05:23:00	1	0	55	0	Ct	0	0	3	2	0	0	1	1	1	0	1	0	2	1	0	0	0	0	0	1	5	0	1	0	1	2	1	2	2	0	3	10	2	1
165200	13 Nov 25	05:24:00	1	0	55	0	Ct	0	0	2	0	2	0	2	2	1	0	1	0	0	2	0	0	0	0	1	1	0	0	3	0	2	5	1	1	0	1	2	4	1	0
165201	13 Nov 25	05:25:00	1	0	55	0	Ct	0	0	2	1	2	0	6	1	0	1	2	0	1	2	0	0	0	0	1	3	0	0	0	0	1	3	2	1	1	1	2	3	0	0
165202	13 Nov 25	05:26:00	1	0	55	0	Ct	0	0	1	1	2	0	3	2	2	2	1	0	1	7	0	0	0	0	1	3	1	0	2	0	1	2	0	1	3	2	2	2	1	2
165203	13 Nov 25	05:27:00	1	0	55	0	Ct	0	0	0	0	1	0	0	0	0	0	0	0	0	0	0	0	0	0	0	0	0	0	1	0	0	0	0	0	0	0	0	3	0	0
165204	13 Nov 25	05:28:00	1	0	55	0	Ct	0	0	0	0	0	0	0	0	0	1	1	0	0	0	0	0	0	0	0	1	0	0	24	0	0	4	1	0	0	0	0	1	2	1
165205	13 Nov 25	05:29:00	1	0	55	0	Ct	0	0	0	0	1	0	0	2	3	0	0	0	2	0	0	0	0	0	0	3	0	0	9	0	0	1	1	2	0	0	0	0	0	0
165206	13 Nov 25	05:30:00	1	0	55	0	Ct	0	0	2	1	3	0	6	0	1	0	0	0	0	0	0	0	0	0	0	7	0	0	0	0	0	0	0	1	1	1	0	1	0	1
165207	13 Nov 25	05:31:00	1	0	55	0	Ct	0	0	5	0	1	0	20	1	3	0	0	0	0	0	0	0	0	0	0	2	0	0	0	0	0	0	1	0	0	0	0	3	0	0
165208	13 Nov 25	05:32:00	1	0	55	0	Ct	0	0	1	1	2	0	1	1	1	2	1	1	2	0	0	0	0	0	0	1	0	0	0	1	0	0	0	0	1	0	1	2	0	1
165209	13 Nov 25	05:33:00	1	0	55	0	Ct	0	0	0	1	0	0	0	0	2	0	1	0	0	0	0	0	0	1	0	2	1	0	1	1	0	1	0	0	0	0	1	1	1	0
165210	13 Nov 25	05:34:00	1	0	55	0	Ct	0	0	2	0	0	0	0	0	5	0	2	0	0	0	0	0	0	0	0	1	1	0	1	0	0	1	2	2	0	0	3	1	2	0
165211	13 Nov 25	05:35:00	1	0	55	0	Ct	0	0	1	0	0	0	3	0	2	0	1	1	0	0	0	0	0	0	2	2	0	0	0	2	0	0	0	0	0	0	1	3	1	0
165212	13 Nov 25	05:36:00	1	0	55	0	Ct	0	0	2	1	1	0	9	1	0	0	1	1	0	0	0	0	0	2	0	0	0	0	0	1	2	2	1	0	0	0	1	1	0	0
165213	13 Nov 25	05:37:00	1	0	55	0	Ct	0	0	3	0	3	0	1	0	1	0	1	0	0	0	1	0	0	1	0	1	1	0	5	1	2	2	0	1	2	2	1	2	1	1
165214	13 Nov 25	05:38:00	1	0	55	0	Ct	0	0	1	0	1	1	3	1	5	1	0	0	0	2	1	0	0	1	2	1	0	0	0	1	0	2	0	0	5	4	2	4	1	3
165215	13 Nov 25	05:39:00	1	0	55	0	Ct	0	0	1	0	1	0	24	1	1	2	2	0	0	2	0	0	0	3	2	2	0	0	2	3	1	4	1	0	0	0	1	3	0	2
165216	13 Nov 25	05:40:00	1	0	55	0	Ct	0	0	0	0	0	1	4	0	3	1	1	3	3	2	0	0	0	1	0	0	0	0	0	0	3	3	0	0	0	1	2	2	3	0
165217	13 Nov 25	05:41:00	1	0	55	0	Ct	0	0	0	0	1	0	0	2	1	1	1	1	1	4	0	0	0	0	0	1	2	0	1	1	2	3	2	0	0	0	0	1	1	1
165218	13 Nov 25	05:42:00	1	0	55	0	Ct	0	0	4	0	2	0	3	1	1	1	0	1	0	1	0	0	0	1	0	1	19	0	0	2	2	2	0	2	0	0	2	3	2	1
165219	13 Nov 25	05:43:00	1	0	55	0	Ct	0	0	4	0	4	1	0	4	2	2	2	3	1	4	0	0	0	3	3	3	37	0	1	3	1	2	1	3	4	1	2	2	2	3
165220	13 Nov 25	05:44:00	1	0	55	0	Ct	0	0	2	0	1	1	0	2	1	0	2	2	2	2	3	0	0	3	1	1	7	0	0	0	2	2	2	2	1	2	1	2	2	3
165221	13 Nov 25	05:45:00	1	0	55	0	Ct	0	0	1	0	3	0	0	0	0	2	0	0	2	0	0	0	0	3	2	3	3	0	0	2	1	4	2	1	0	1	1	5	3	1
165222	13 Nov 25	05:46:00	1	0	55	0	Ct	0	0	1	0	1	2	14	1	1	0	0	1	1	2	1	0	0	1	2	0	0	0	2	1	1	2	1	0	1	0	2	4	4	1
165223	13 Nov 25	05:47:00	1	0	55	0	Ct	0	0	3	2	0	0	9	3	2	2	0	2	0	0	0	0	0	0	2	2	0	0	1	2	1	3	1	3	3	0	1	4	1	2
165224	13 Nov 25	05:48:00	1	0	55	0	Ct	0	0	2	1	0	0	22	4	2	2	2	2	0	0	0	0	0	0	1	3	0	0	2	1	3	2	2	0	1	0	1	3	0	1
165225	13 Nov 25	05:49:00	1	0	55	0	Ct	0	0	1	1	1	0	0	2	1	2	1	2	2	0	0	0	0	0	2	1	0	0	0	1	2	2	1	2	2	1	3	5	0	0
165226	13 Nov 25	05:50:00	1	0	55	0	Ct	0	0	3	0	1	0	14	3	1	2	4	1	1	3	0	0	0	0	1	1	0	0	0	2	1	3	1	1	2	3	1	1	2	0
165227	13 Nov 25	05:51:00	1	0	55	0	Ct	0	0	1	1	0	0	12	1	5	0	0	2	0	4	0	0	0	1	0	2	2	0	2	2	2	1	1	2	2	0	2	1	0	0
165228	13 Nov 25	05:52:00	1	0	55	0	Ct	0	0	4	1	0	0	0	2	1	1	1	4	1	4	0	0	0	0	0	4	0	0	0	0	2	2	0	2	2	1	0	4	1	1
165229	13 Nov 25	05:53:00	1	0	55	0	Ct	0	0	1	0	1	2	0	1	1	1	2	2	2	1	0	0	0	3	2	2	0	0	1	2	0	3	1	2	1	1	2	2	0	1
165230	13 Nov 25	05:54:00	1	0	55	0	Ct	0	0	1	0	2	0	7	0	1	0	0	0	3	2	2	0	0	3	0	1	0	0	1	2	0	2	1	0	2	0	2	2	0	1
165231	13 Nov 25	05:55:00	1	0	55	0	Ct	0	0	2	1	1	0	7	2	4	1	2	0	0	3	0	0	0	1	0	2	4	0	2	0	2	1	0	2	0	0	0	3	2	1
165232	13 Nov 25	05:56:00	1	0	55	0	Ct	0	0	1	0	1	0	7	3	3	1	1	0	4	2	0	0	0	0	2	1	2	0	0	2	2	7	1	0	2	1	0	2	2	2
165233	13 Nov 25	05:57:00	1	0	55	0	Ct	0	0	2	1	0	2	0	1	0	2	1	1	7	2	0	0	0	5	0	5	0	0	0	1	2	1	2	0	1	0	2	3	2	2
165234	13 Nov 25	05:58:00	1	0	55	0	Ct	0	0	1	1	3	2	3	1	2	0	0	3	2	2	2	0	0	3	2	3	2	0	1	1	1	3	2	1	0	1	2	2	3	0
165235	13 Nov 25	05:59:00	1	0	55	0	Ct	0	0	4	0	2	0	7	1	1	2	0	1	0	2	0	0	0	2	2	1	1	0	1	2	1	1	3	3	1	1	2	4	2	0
165236	13 Nov 25	06:00:00	1	0	55	0	Ct	0	0	1	1	0	2	9	0	0	0	0	0	2	2	0	0	0	4	1	4	1	0	1	1	2	2	0	0	1	1	2	2	1	1
165237	13 Nov 25	06:01:00	1	0	55	0	Ct	0	0	3	0	0	1	7	3	1	0	1	0	1	2	0	0	0	3	1	2	3	0	1	1	2	0	1	3	1	0	2	4	3	1
165238	13 Nov 25	06:02:00	1	0	55	0	Ct	0	0	1	0	0	0	0	1	2	0	0	1	1	4	0	0	0	2	1	3	1	0	0	0	0	5	1	0	3	2	1	1	2	1
165239	13 Nov 25	06:03:00	1	0	55	0	Ct	0	0	2	2	0	0	4	1	0	1	0	0	1	1	2	0	0	2	1	0	2	0	0	1	2	3	0	1	0	1	3	1	3	0
165240	13 Nov 25	06:04:00	1	0	55	0	Ct	0	0	2	0	0	1	10	0	2	0	1	3	2	1	1	0	0	1	2	2	0	0	1	0	2	2	2	2	1	1	0	3	2	3
165241	13 Nov 25	06:05:00	1	0	55	0	Ct	0	0	0	1	0	1	3	0	4	0	0	0	0	2	1	0	0	2	0	2	0	0	1	1	0	2	2	2	2	1	4	2	2	2
165242	13 Nov 25	06:06:00	1	0	55	0	Ct	0	0	2	0	2	0	3	0	1	8	2	5	2	1	0	0	0	4	3	1	2	0	0	1	5	3	0	1	1	1	1	3	1	1
165243	13 Nov 25	06:07:00	1	0	55	0	Ct	0	0	3	0	2	0	10	0	0	1	1	4	2	2	0	0	0	0	2	0	0	0	2	0	3	2	5	2	0	0	2	2	2	1
165244	13 Nov 25	06:08:00	1	0	55	0	Ct	0	0	1	1	0	0	5	6	2	1	1	3	0	1	0	0	0	2	2	0	0	0	1	1	2	4	3	0	2	0	0	3	2	0
165245	13 Nov 25	06:09:00	1	0	55	0	Ct	0	0	1	1	3	3	9	0	2	1	0	2	0	4	2	0	0	1	1	0	1	0	0	0	2	3	0	1	3	1	0	3	2	2
165246	13 Nov 25	06:10:00	1	0	55	0	Ct	0	0	1	1	1	0	15	1	3	0	1	0	0	3	2	0	0	1	0	0	0	0	0	1	3	4	2	2	1	6	2	2	3	1
165247	13 Nov 25	06:11:00	1	0	55	0	Ct	0	0	1	0	1	2	37	2	0	3	1	2	3	0	1	0	0	0	0	2	0	0	0	1	2	3	1	1	1	1	2	1	1	0
165248	13 Nov 25	06:12:00	1	0	55	0	Ct	0	0	3	2	1	0	8	19	2	0	0	1	2	2	1	0	0	0	1	2	0	0	1	0	2	3	1	2	3	0	1	2	2	0
165249	13 Nov 25	06:13:00	1	0	55	0	Ct	0	0	2	3	1	0	1	3	4	2	0	3	1	1	0	0	0	1	1	2	0	0	1	0	1	3	1	1	1	0	1	1	2	0
165250	13 Nov 25	06:14:00	1	0	55	0	Ct	0	0	1	3	1	0	4	2	0	0	1	0	0	1	2	0	0	1	0	1	1	0	0	2	2	0	1	2	0	2	1	2	3	0
165251	13 Nov 25	06:15:00	1	0	55	0	Ct	0	0	2	1	1	0	15	1	2	0	1	6	0	1	1	0	0	0	0	2	2	0	0	0	2	5	0	2	1	0	2	6	4	0
165252	13 Nov 25	06:16:00	1	0	55	0	Ct	0	0	2	2	2	1	7	0	1	2	2	1	0	2	1	0	0	0	2	1	1	0	0	0	0	3	2	1	3	0	2	1	2	1
165253	13 Nov 25	06:17:00	1	0	55	0	Ct	0	0	0	0	1	1	0	2	2	1	0	2	1	2	0	0	0	0	0	2	3	0	1	2	1	3	1	1	1	1	0	3	0	0
165254	13 Nov 25	06:18:00	1	0	55	0	Ct	0	0	1	1	0	0	0	1	1	1	0	0	1	2	2	0	0	3	2	1	2	0	1	1	2	1	1	1	1	1	0	5	0	1
165255	13 Nov 25	06:19:00	1	0	55	0	Ct	0	0	2	1	2	0	11	1	8	0	0	1	2	2	0	0	0	3	1	2	1	0	2	1	1	2	2	1	1	1	1	2	2	2
165256	13 Nov 25	06:20:00	1	0	55	0	Ct	0	0	1	1	1	2	6	2	11	0	1	3	2	0	1	0	0	0	1	1	3	0	0	1	2	2	2	2	0	1	2	3	0	2
165257	13 Nov 25	06:21:00	1	0	55	0	Ct	0	0	5	0	1	0	6	2	0	0	2	0	1	2	1	0	0	0	1	2	1	0	2	1	2	6	2	0	4	1	1	2	4	2
165258	13 Nov 25	06:22:00	1	0	55	0	Ct	0	0	5	1	3	0	12	3	1	0	1	0	1	3	1	0	0	1	3	1	0	0	0	1	3	2	0	2	2	1	1	2	2	1
165259	13 Nov 25	06:23:00	1	0	55	0	Ct	0	0	1	0	0	0	5	0	2	2	0	0	0	2	1	0	0	1	0	1	0	0	1	0	1	1	0	2	1	0	1	4	2	3
165260	13 Nov 25	06:24:00	1	0	55	0	Ct	0	0	3	1	2	0	6	1	1	2	1	0	0	2	0	0	0	2	0	0	1	0	2	1	2	2	2	0	0	1	2	2	3	4
165261	13 Nov 25	06:25:00	1	0	55	0	Ct	0	0	4	0	2	2	6	1	0	0	2	1	0	2	0	0	0	1	2	1	1	0	1	0	1	8	0	0	1	1	2	2	2	2
165262	13 Nov 25	06:26:00	1	0	55	0	Ct	0	0	2	0	2	0	8	0	3	4	2	1	0	3	2	0	0	0	2	4	1	0	1	3	1	4	2	3	1	1	2	1	2	0
165263	13 Nov 25	06:27:00	1	0	55	0	Ct	0	0	2	0	1	0	14	1	2	2	1	0	2	3	0	0	0	1	1	2	2	0	0	0	2	4	0	3	0	0	2	5	1	1
165264	13 Nov 25	06:28:00	1	0	55	0	Ct	0	0	3	1	2	0	1	0	3	1	0	0	2	0	1	0	0	1	0	4	0	0	5	1	1	2	1	3	1	0	1	3	3	0
165265	13 Nov 25	06:29:00	1	0	55	0	Ct	0	0	2	2	1	0	4	2	0	2	0	0	0	2	2	0	0	2	1	3	0	0	1	1	1	2	2	1	3	0	1	3	6	0
165266	13 Nov 25	06:30:00	1	0	55	0	Ct	0	0	3	0	0	1	11	0	1	1	1	0	2	0	1	0	0	2	2	2	1	0	0	0	3	2	1	1	2	2	2	3	3	1
165267	13 Nov 25	06:31:00	1	0	55	0	Ct	0	0	4	0	1	2	14	1	1	2	1	0	0	1	1	0	0	0	0	3	0	0	0	1	1	2	1	1	1	1	2	1	3	1
165268	13 Nov 25	06:32:00	1	0	55	0	Ct	0	0	0	0	2	1	5	3	0	0	0	0	0	3	0	0	0	1	0	1	4	0	1	1	3	2	1	0	2	1	3	2	1	1
165269	13 Nov 25	06:33:00	1	0	55	0	Ct	0	0	2	0	1	0	8	2	3	2	0	0	2	1	3	0	0	2	2	2	16	0	11	1	2	1	0	3	2	2	2	2	2	1
165270	13 Nov 25	06:34:00	1	0	55	0	Ct	0	0	0	1	0	0	1	1	0	0	1	0	0	3	0	0	0	2	1	2	31	0	0	2	0	5	2	1	1	1	3	3	1	2
165271	13 Nov 25	06:35:00	1	0	55	0	Ct	0	0	3	1	2	1	10	3	0	1	2	0	2	2	1	0	0	1	1	3	30	0	0	2	0	3	0	0	1	0	2	2	2	1
165272	13 Nov 25	06:36:00	1	0	55	0	Ct	0	0	3	0	2	1	1	2	2	0	1	0	0	2	0	0	0	0	1	1	8	0	0	1	3	3	1	2	1	2	1	2	0	1
165273	13 Nov 25	06:37:00	1	0	55	0	Ct	0	0	1	0	0	0	14	3	1	2	3	1	4	3	1	0	0	2	0	2	1	0	2	2	2	2	2	1	0	0	2	3	0	1
165274	13 Nov 25	06:38:00	1	0	55	0	Ct	0	0	1	1	3	0	1	2	2	2	1	1	1	2	1	0	0	0	0	1	0	0	2	4	1	1	1	1	0	0	1	2	1	1
165275	13 Nov 25	06:39:00	1	0	55	0	Ct	0	0	1	1	0	0	8	1	0	0	1	1	1	3	1	0	0	0	3	1	0	0	2	4	2	2	1	0	2	1	3	2	3	1
165276	13 Nov 25	06:40:00	1	0	55	0	Ct	0	0	1	0	0	2	14	2	3	1	4	2	0	2	3	0	0	0	0	2	0	0	0	0	2	1	2	0	0	1	2	2	2	1
165277	13 Nov 25	06:41:00	1	0	55	0	Ct	0	0	1	0	1	0	21	1	2	1	1	3	1	1	3	0	0	2	0	2	1	0	2	1	2	2	0	2	2	2	2	1	1	1
165278	13 Nov 25	06:42:00	1	0	55	0	Ct	0	0	1	1	1	0	8	2	1	1	2	0	1	3	1	0	0	2	0	3	2	0	0	1	1	2	2	2	1	1	1	1	5	1
165279	13 Nov 25	06:43:00	1	0	55	0	Ct	0	0	1	1	3	1	5	1	0	3	0	0	2	4	0	0	0	0	4	1	0	0	1	1	1	0	0	0	0	1	2	5	1	1
165280	13 Nov 25	06:44:00	1	0	55	0	Ct	0	0	1	0	1	1	0	1	1	1	1	0	0	1	4	0	0	0	2	1	0	0	1	1	2	3	1	2	0	1	2	2	2	1
165281	13 Nov 25	06:45:00	1	0	55	0	Ct	0	0	1	0	1	0	0	2	2	0	1	1	0	2	1	0	0	2	3	0	0	0	0	0	2	0	1	1	1	0	6	2	3	2
165282	13 Nov 25	06:46:00	1	0	55	0	Ct	0	0	0	0	2	0	9	2	1	2	2	1	1	1	0	0	0	3	1	2	1	0	0	0	1	0	2	0	2	0	0	3	4	1
165283	13 Nov 25	06:47:00	1	0	55	0	Ct	0	0	1	0	4	0	9	2	0	0	1	1	0	2	1	0	0	0	0	0	2	0	2	0	2	2	1	1	2	1	3	3	0	2
165284	13 Nov 25	06:48:00	1	0	55	0	Ct	0	0	2	0	0	1	29	0	2	0	0	1	2	1	1	0	0	2	2	2	1	0	2	1	1	4	3	0	4	1	1	3	2	1
165285	13 Nov 25	06:49:00	1	0	55	0	Ct	0	0	1	0	2	1	8	1	2	0	1	0	1	3	1	0	0	1	1	1	1	0	1	1	1	4	0	3	1	0	0	2	0	1
165286	13 Nov 25	06:50:00	1	0	55	0	Ct	0	0	1	1	3	0	9	3	2	3	1	0	0	0	1	0	0	1	1	0	1	0	2	0	2	3	2	0	0	1	0	1	1	0
165287	13 Nov 25	06:51:00	1	0	55	0	Ct	0	0	2	1	4	0	14	2	2	1	1	0	1	0	0	0	0	5	0	2	0	0	1	2	2	5	2	1	1	0	1	1	2	1
165288	13 Nov 25	06:52:00	1	0	55	0	Ct	0	0	3	1	2	0	19	2	1	0	0	2	0	2	1	0	0	1	0	0	0	0	0	2	2	4	3	1	0	1	1	3	3	1
165289	13 Nov 25	06:53:00	1	0	55	0	Ct	0	0	3	2	1	0	8	1	1	2	0	2	0	4	2	0	0	1	1	2	2	0	0	1	2	2	0	1	2	0	2	4	3	0
165290	13 Nov 25	06:54:00	1	0	55	0	Ct	0	0	1	2	1	1	10	1	2	0	2	0	1	1	1	0	0	0	1	2	0	0	0	2	1	5	1	1	2	1	1	2	1	1
165291	13 Nov 25	06:55:00	1	0	55	0	Ct	0	0	1	0	1	1	11	3	2	0	0	1	0	1	0	0	0	3	2	0	1	0	2	1	2	3	0	0	0	1	3	2	4	1
165292	13 Nov 25	06:56:00	1	0	55	0	Ct	0	0	2	0	1	0	8	0	1	1	2	0	0	2	2	0	0	2	1	2	1	0	1	1	1	8	0	0	3	1	1	1	2	0
165293	13 Nov 25	06:57:00	1	0	55	0	Ct	0	0	0	0	0	0	0	1	1	0	1	2	0	0	0	0	0	3	3	0	0	0	1	0	1	3	2	2	0	1	4	2	5	2
165294	13 Nov 25	06:58:00	1	0	55	0	Ct	0	0	2	0	0	0	0	3	0	1	0	11	0	2	0	0	0	2	6	1	0	0	1	1	2	3	1	1	2	2	2	9	0	1
165295	13 Nov 25	06:59:00	1	0	55	0	Ct	0	0	0	4	0	0	14	1	1	1	0	2	0	2	2	0	0	2	3	0	0	0	1	1	1	1	2	1	0	1	1	7	0	1
165296	13 Nov 25	07:00:00	1	0	55	0	Ct	0	0	2	3	1	1	7	2	6	1	0	0	0	0	3	0	0	2	2	2	0	0	0	1	1	1	2	2	3	0	1	2	0	2
165297	13 Nov 25	07:01:00	1	0	55	0	Ct	0	0	0	2	1	1	7	2	1	1	2	1	0	0	0	0	0	0	2	1	0	0	0	1	2	0	0	0	0	0	1	2	0	1
165298	13 Nov 25	07:02:00	1	0	55	0	Ct	0	0	0	0	2	0	0	2	2	1	2	1	0	0	2	0	0	3	1	1	0	0	1	1	1	1	0	2	0	1	3	2	2	2
165299	13 Nov 25	07:03:00	1	0	55	0	Ct	0	0	1	0	1	0	0	2	2	1	0	1	2	1	1	0	0	0	1	0	1	0	1	1	0	4	1	0	1	1	0	4	3	1
165300	13 Nov 25	07:04:00	1	0	55	0	Ct	0	0	0	0	0	1	9	1	0	2	1	0	1	3	0	0	0	5	1	0	1	0	2	1	3	2	1	0	2	3	3	1	1	0
165301	13 Nov 25	07:05:00	1	0	55	0	Ct	0	0	1	1	2	0	12	3	2	1	2	2	2	6	1	0	0	0	2	0	0	0	0	0	3	3	2	0	1	0	2	1	4	2
165302	13 Nov 25	07:06:00	1	0	55	0	Ct	0	0	0	1	2	1	12	1	0	0	1	1	1	2	3	0	0	0	0	1	1	0	0	1	0	3	3	0	1	0	2	3	1	0
165303	13 Nov 25	07:07:00	1	0	55	0	Ct	0	0	0	0	0	0	12	0	4	1	2	2	1	3	0	0	0	0	2	4	0	0	1	2	2	2	2	2	0	0	2	1	1	0
165304	13 Nov 25	07:08:00	1	0	55	0	Ct	0	0	1	3	2	0	5	2	2	0	1	0	1	14	2	0	0	1	0	2	0	0	1	0	2	2	0	1	1	0	1	4	3	3
165305	13 Nov 25	07:09:00	1	0	55	0	Ct	0	0	1	0	1	1	21	1	1	0	1	0	2	4	0	0	0	2	2	2	0	0	0	1	2	2	4	1	0	0	2	4	1	3
165306	13 Nov 25	07:10:00	1	0	55	0	Ct	0	0	2	0	4	1	3	1	2	0	0	2	1	3	1	0	0	1	2	2	0	0	0	0	2	3	0	0	1	0	1	2	0	1
165307	13 Nov 25	07:11:00	1	0	55	0	Ct	0	0	2	0	2	0	14	1	2	0	0	1	2	1	0	0	0	1	0	2	2	0	2	1	1	3	0	2	0	1	3	3	0	2
165308	13 Nov 25	07:12:00	1	0	55	0	Ct	0	0	1	1	1	0	22	1	0	2	0	0	2	0	0	0	0	3	1	1	0	0	0	0	1	0	0	0	2	1	0	4	0	1
165309	13 Nov 25	07:13:00	1	0	55	0	Ct	0	0	0	1	0	0	25	2	0	3	0	0	1	2	1	0	0	3	0	1	0	0	0	0	2	3	0	2	2	0	2	4	0	1
165310	13 Nov 25	07:14:00	1	0	55	0	Ct	0	0	0	1	0	0	11	0	0	1	0	0	2	3	1	0	0	0	1	2	0	0	0	0	2	0	2	2	1	0	2	3	0	3
165311	13 Nov 25	07:15:00	1	0	55	0	Ct	0	0	0	0	2	0	11	0	0	0	0	0	2	2	1	0	0	2	0	1	0	0	0	0	0	0	2	0	2	0	2	2	2	3
165312	13 Nov 25	07:16:00	1	0	55	0	Ct	0	0	2	0	2	0	6	2	0	2	0	0	1	2	1	0	0	3	2	0	0	0	0	0	2	4	0	1	2	0	4	2	2	2
165313	13 Nov 25	07:17:00	1	0	55	0	Ct	0	0	1	0	2	3	17	1	0	0	0	1	0	0	0	0	0	1	0	1	0	0	0	0	0	3	2	1	0	0	3	3	3	0
165314	13 Nov 25	07:18:00	1	0	55	0	Ct	0	0	1	0	2	1	15	1	0	0	0	1	1	3	3	0	0	1	0	0	1	0	0	0	0	3	2	1	0	2	2	3	1	2
165315	13 Nov 25	07:19:00	1	0	55	0	Ct	0	0	0	1	0	0	3	3	1	1	0	1	0	1	3	0	0	1	0	0	2	0	1	0	2	2	1	1	0	2	0	4	2	1
165316	13 Nov 25	07:20:00	1	0	55	0	Ct	0	0	0	1	1	0	18	0	0	1	2	2	1	0	0	0	0	2	0	0	3	0	2	2	3	3	2	1	2	1	0	5	5	1
165317	13 Nov 25	07:21:00	1	0	55	0	Ct	0	0	1	0	1	0	14	0	1	0	1	1	0	0	1	0	0	3	2	0	0	0	1	0	1	2	0	0	2	0	0	3	1	1
165318	13 Nov 25	07:22:00	1	0	55	0	Ct	0	0	1	0	2	2	12	1	0	1	1	0	0	0	1	0	0	2	0	0	0	0	1	2	0	2	2	1	3	0	1	4	1	1
165319	13 Nov 25	07:23:00	1	0	55	0	Ct	0	0	1	1	3	0	6	1	0	1	1	4	0	0	0	0	0	1	3	1	2	0	2	0	2	0	0	2	0	0	2	4	5	0
165320	13 Nov 25	07:24:00	1	0	55	0	Ct	0	0	0	1	0	1	0	0	0	2	1	1	0	0	2	0	0	1	1	2	3	0	1	1	1	0	2	2	3	1	1	4	1	0
165321	13 Nov 25	07:25:00	1	0	55	0	Ct	0	0	0	0	0	1	14	1	0	1	0	0	2	0	2	0	0	1	0	2	3	0	0	1	2	2	1	0	3	1	2	2	3	3
165322	13 Nov 25	07:26:00	1	0	55	0	Ct	0	0	2	0	0	0	5	2	0	1	2	0	2	0	3	0	0	1	0	1	6	0	0	0	1	2	2	2	1	0	9	3	1	0
165323	13 Nov 25	07:27:00	1	0	55	0	Ct	0	0	1	0	0	0	3	2	0	1	0	0	0	1	0	0	0	1	0	2	2	0	0	1	1	4	1	1	1	0	2	1	2	1
165324	13 Nov 25	07:28:00	1	0	55	0	Ct	0	0	1	0	2	0	17	1	0	1	3	2	1	4	0	0	0	0	2	2	0	0	3	1	1	1	2	2	1	0	4	1	1	1
165325	13 Nov 25	07:29:00	1	0	55	0	Ct	0	0	1	0	3	1	13	1	0	1	0	0	2	3	1	0	0	0	0	2	0	0	0	2	2	1	0	1	2	0	3	5	2	2
165326	13 Nov 25	07:30:00	1	0	55	0	Ct	0	0	2	0	0	1	7	2	2	1	0	2	1	3	1	0	0	0	0	0	0	0	0	0	1	2	1	1	1	1	0	1	2	1
165327	13 Nov 25	07:31:00	1	0	55	0	Ct	0	0	2	0	2	0	9	0	0	0	1	0	2	2	2	0	0	3	1	2	0	0	2	0	0	3	2	1	2	0	0	3	2	0
165328	13 Nov 25	07:32:00	1	0	55	0	Ct	0	0	1	0	3	0	8	4	1	2	0	1	1	2	0	0	0	1	1	0	0	0	0	2	1	2	0	1	1	1	1	2	2	2
165329	13 Nov 25	07:33:00	1	0	55	0	Ct	0	0	0	0	1	0	15	3	3	2	2	1	0	1	0	0	0	0	0	3	0	0	3	2	1	4	0	1	0	0	3	3	2	1
165330	13 Nov 25	07:34:00	1	0	55	0	Ct	0	0	1	1	2	2	20	2	1	0	2	0	2	3	0	0	0	0	0	4	0	0	1	2	3	1	0	0	0	0	2	3	4	0
165331	13 Nov 25	07:35:00	1	0	55	0	Ct	0	0	1	1	2	2	8	1	3	2	1	0	1	0	2	0	0	3	2	0	0	0	1	0	1	2	2	2	1	0	1	0	1	1
165332	13 Nov 25	07:36:00	1	0	55	0	Ct	0	0	0	0	3	0	21	0	2	2	1	0	1	3	0	0	0	1	0	0	0	0	0	2	2	6	2	2	1	0	3	2	1	1
165333	13 Nov 25	07:37:00	1	0	55	0	Ct	0	0	1	0	2	0	9	1	1	0	1	2	6	4	1	0	0	1	2	1	0	0	1	0	2	1	0	2	2	0	1	2	2	2
165334	13 Nov 25	07:38:00	1	0	55	0	Ct	0	0	1	2	4	1	3	3	1	0	1	2	2	3	1	0	0	1	1	2	0	0	1	0	0	1	0	2	0	0	1	1	2	0
165335	13 Nov 25	07:39:00	1	0	55	0	Ct	0	0	4	0	2	1	23	1	3	0	1	1	0	0	2	0	0	4	0	1	3	0	0	2	1	2	1	0	1	0	2	4	2	1
165336	13 Nov 25	07:40:00	1	0	55	0	Ct	0	0	0	0	2	0	15	1	3	0	0	2	0	3	1	0	0	1	1	0	3	0	0	2	2	0	2	1	2	0	0	3	2	1
165337	13 Nov 25	07:41:00	1	0	55	0	Ct	0	0	0	0	3	0	5	2	3	2	0	2	1	0	1	0	0	1	0	2	0	0	0	2	1	1	2	1	0	0	0	2	1	2
165338	13 Nov 25	07:42:00	1	0	55	0	Ct	0	0	0	2	1	2	6	3	0	0	0	0	0	0	2	0	0	0	0	2	0	0	2	0	3	4	1	2	3	0	2	0	3	1
165339	13 Nov 25	07:43:00	1	0	55	0	Ct	0	0	0	0	2	0	7	1	1	2	2	2	2	1	0	0	0	2	0	1	1	0	1	2	3	2	1	1	2	2	0	4	3	1
165340	13 Nov 25	07:44:00	1	0	55	0	Ct	0	0	1	1	0	0	7	2	1	0	1	3	1	0	3	0	0	4	3	0	1	0	1	1	0	0	2	2	2	0	0	0	2	2
165341	13 Nov 25	07:45:00	1	0	55	0	Ct	0	0	3	1	1	0	12	1	1	0	4	0	0	2	0	0	0	2	1	1	0	0	0	2	2	2	1	2	2	0	0	4	2	1
165342	13 Nov 25	07:46:00	1	0	55	0	Ct	0	0	3	1	2	0	22	1	1	2	1	0	0	0	1	0	0	4	1	0	0	0	2	0	1	3	1	0	0	0	0	2	0	2
165343	13 Nov 25	07:47:00	1	0	55	0	Ct	0	0	1	0	1	2	14	2	2	1	0	1	3	4	2	0	0	0	0	0	4	0	0	1	1	3	1	2	1	3	1	4	0	1
165344	13 Nov 25	07:48:00	1	0	55	0	Ct	0	0	2	1	1	2	14	0	0	1	1	2	2	2	1	0	0	0	0	0	0	0	1	1	2	2	1	0	4	2	1	3	0	1
165345	13 Nov 25	07:49:00	1	0	55	0	Ct	0	0	2	1	0	2	17	2	2	2	1	1	3	2	1	0	0	2	2	1	0	0	1	0	1	4	0	0	0	1	2	3	0	1
165346	13 Nov 25	07:50:00	1	0	55	0	Ct	0	0	0	0	0	1	9	2	1	0	1	0	0	10	1	0	0	1	1	1	1	0	0	0	3	0	1	0	3	0	1	2	2	1
165347	13 Nov 25	07:51:00	1	0	55	0	Ct	0	0	1	0	0	0	13	1	4	0	1	3	4	1	0	0	0	2	0	1	10	0	0	1	1	2	1	0	1	0	1	2	1	2
165348	13 Nov 25	07:52:00	1	0	55	0	Ct	0	0	0	2	0	0	9	1	2	2	0	1	1	3	0	0	0	2	0	1	0	0	0	0	1	2	1	2	2	0	3	2	1	1
165349	13 Nov 25	07:53:00	1	0	55	0	Ct	0	0	2	2	1	0	17	3	2	0	1	1	1	2	2	0	0	1	0	0	0	0	1	3	0	2	1	0	1	2	0	0	2	1
165350	13 Nov 25	07:54:00	1	0	55	0	Ct	0	0	0	1	1	0	8	1	1	1	0	1	0	3	0	0	0	2	1	0	0	0	2	1	0	1	1	0	0	5	0	0	2	1
165351	13 Nov 25	07:55:00	1	0	55	0	Ct	0	0	1	1	1	0	20	0	2	1	0	0	6	2	0	0	0	0	2	0	0	0	1	2	1	2	1	0	2	0	3	1	1	1
165352	13 Nov 25	07:56:00	1	0	55	0	Ct	0	0	1	1	0	1	10	1	0	0	0	2	2	1	0	0	0	5	0	2	0	0	2	3	2	1	1	0	1	3	2	3	3	2
165353	13 Nov 25	07:57:00	1	0	55	0	Ct	0	0	2	2	2	1	7	0	2	1	1	0	1	3	0	0	0	1	0	0	0	0	0	1	1	3	2	0	0	1	1	3	1	3
165354	13 Nov 25	07:58:00	1	0	55	0	Ct	0	0	0	0	1	0	10	4	0	1	1	0	1	1	2	0	0	0	2	2	1	0	0	2	2	2	0	0	1	0	1	4	2	2
165355	13 Nov 25	07:59:00	1	0	55	0	Ct	0	0	0	0	1	0	16	0	1	0	0	0	2	1	3	0	0	0	0	0	0	0	0	3	0	3	2	0	1	0	1	3	1	1
165356	13 Nov 25	08:00:00	1	0	55	0	Ct	0	0	1	0	4	0	15	1	2	3	0	0	1	1	3	0	0	1	0	0	1	0	1	2	2	2	0	2	0	0	1	6	0	2
165357	13 Nov 25	08:01:00	1	0	55	0	Ct	0	0	1	1	1	1	8	1	2	1	0	0	1	1	0	0	0	0	0	0	0	0	1	3	0	2	1	0	3	2	8	7	1	1
165358	13 Nov 25	08:02:00	1	0	55	0	Ct	0	0	2	2	1	1	47	1	1	0	0	0	2	3	0	0	0	1	0	0	1	0	0	2	2	0	2	0	0	0	0	5	0	3
165359	13 Nov 25	08:03:00	1	0	55	0	Ct	0	0	0	1	3	0	9	1	2	0	1	0	0	0	0	0	0	2	1	1	0	0	0	2	1	2	1	0	1	0	0	3	3	0
165360	13 Nov 25	08:04:00	1	0	55	0	Ct	0	0	0	1	2	1	5	3	0	1	2	0	2	0	0	0	0	3	2	3	0	0	0	2	1	2	1	1	4	0	2	1	2	0
165361	13 Nov 25	08:05:00	1	0	55	0	Ct	0	0	0	0	0	1	5	2	1	1	2	2	2	0	0	0	0	3	4	0	0	0	2	1	1	2	1	3	1	0	0	2	2	0
165362	13 Nov 25	08:06:00	1	0	55	0	Ct	0	0	2	0	3	0	10	0	1	2	1	3	0	0	0	0	0	0	0	2	1	0	4	1	0	4	1	0	1	2	0	5	2	1
165363	13 Nov 25	08:07:00	1	0	55	0	Ct	0	0	0	0	3	0	4	2	1	0	1	1	0	1	0	0	0	0	0	2	0	0	0	2	1	2	0	1	0	0	1	3	1	0
165364	13 Nov 25	08:08:00	1	0	55	0	Ct	0	0	0	0	2	2	21	0	1	0	0	2	1	2	0	0	0	0	0	0	0	0	0	0	1	2	0	1	1	1	1	2	2	1
165365	13 Nov 25	08:09:00	1	0	55	0	Ct	0	0	0	2	1	0	8	3	2	1	1	1	2	1	0	0	0	0	1	0	0	0	0	1	2	16	1	0	1	1	0	2	2	0
165366	13 Nov 25	08:10:00	1	0	55	0	Ct	0	0	0	1	0	0	9	3	1	1	0	1	1	2	3	0	0	0	2	1	0	0	0	1	0	3	1	3	6	0	0	0	1	3
165367	13 Nov 25	08:11:00	1	0	55	0	Ct	0	0	0	0	0	0	13	4	2	0	0	1	1	3	1	0	0	2	1	1	0	0	2	1	0	2	1	1	3	0	0	2	1	2
165368	13 Nov 25	08:12:00	1	0	55	0	Ct	0	0	2	1	0	0	15	3	2	1	0	0	1	1	3	0	0	3	0	0	0	0	0	1	0	4	0	0	5	0	1	0	2	2
165369	13 Nov 25	08:13:00	1	0	55	0	Ct	0	0	0	1	2	0	9	1	0	1	0	3	1	3	0	0	0	1	2	1	0	0	1	1	0	0	1	0	4	0	2	4	1	1
165370	13 Nov 25	08:14:00	1	0	55	0	Ct	0	0	0	1	1	0	24	1	2	0	1	1	1	1	1	0	0	0	1	1	0	0	1	1	0	3	1	0	5	1	1	2	0	2
165371	13 Nov 25	08:15:00	1	0	55	0	Ct	0	0	0	1	3	0	32	2	3	0	3	0	3	2	2	0	0	1	0	3	0	0	1	1	0	2	1	2	4	1	0	2	0	2
165372	13 Nov 25	08:16:00	1	0	55	0	Ct	0	0	2	0	2	0	6	2	2	0	0	0	3	2	0	0	0	1	0	1	0	0	1	2	2	1	1	2	1	0	0	4	0	1
165373	13 Nov 25	08:17:00	1	0	55	0	Ct	0	0	2	0	0	0	15	0	4	0	1	2	2	0	0	0	0	1	1	0	0	0	1	0	0	1	1	3	2	0	0	0	0	1
165374	13 Nov 25	08:18:00	1	0	55	0	Ct	0	0	0	2	0	0	6	2	0	1	1	0	1	0	0	0	0	1	0	1	0	0	1	2	3	2	0	1	1	0	2	3	0	1
165375	13 Nov 25	08:19:00	1	0	55	0	Ct	0	0	0	1	1	0	11	3	1	1	1	0	3	0	0	0	0	0	1	0	0	0	3	2	1	2	2	1	4	0	0	4	0	1
165376	13 Nov 25	08:20:00	1	0	55	0	Ct	0	0	2	0	0	0	0	4	1	0	1	3	2	0	0	0	0	1	1	2	0	0	0	2	2	4	1	2	3	0	0	2	0	5
165377	13 Nov 25	08:21:00	1	0	55	0	Ct	0	0	0	0	0	0	26	2	0	0	0	2	1	0	0	0	0	1	1	1	0	0	1	0	1	2	1	0	2	0	1	2	2	5
165378	13 Nov 25	08:22:00	1	0	55	0	Ct	0	0	0	0	2	3	33	1	2	0	0	2	2	0	0	0	0	3	2	1	0	0	1	1	3	4	2	2	0	1	3	5	0	4
165379	13 Nov 25	08:23:00	1	0	55	0	Ct	0	0	1	0	1	0	5	2	0	0	0	0	1	0	2	0	0	0	0	0	0	0	0	1	0	2	1	2	2	3	2	4	5	4
165380	13 Nov 25	08:24:00	1	0	55	0	Ct	0	0	1	2	1	2	25	1	0	0	3	1	1	0	2	0	0	1	0	1	0	0	2	0	1	1	2	1	4	0	0	4	2	1
165381	13 Nov 25	08:25:00	1	0	55	0	Ct	0	0	0	0	0	0	14	1	2	0	1	3	2	0	2	0	0	1	0	3	1	0	1	0	1	4	1	1	1	2	2	3	1	4
165382	13 Nov 25	08:26:00	1	0	55	0	Ct	0	0	0	0	2	0	16	1	0	0	1	1	2	3	2	0	0	0	0	0	1	0	0	1	0	2	2	0	4	0	1	3	1	4
165383	13 Nov 25	08:27:00	1	0	55	0	Ct	0	0	0	0	3	0	5	3	0	1	1	4	3	1	1	0	0	1	0	0	0	0	1	1	2	0	1	1	1	0	1	2	2	2
165384	13 Nov 25	08:28:00	1	0	55	0	Ct	0	0	1	1	3	0	38	2	0	1	2	2	1	2	1	0	0	1	0	1	2	0	0	2	2	0	0	1	2	0	0	0	0	0
165385	13 Nov 25	08:29:00	1	0	55	0	Ct	0	0	1	2	1	2	18	1	2	0	0	8	1	3	2	0	0	1	0	2	0	0	0	0	1	2	2	2	1	3	2	1	1	2
165386	13 Nov 25	08:30:00	1	0	55	0	Ct	0	0	0	1	0	0	4	5	0	0	1	15	2	1	0	0	0	0	0	0	1	0	2	0	1	3	2	2	0	0	0	4	1	1
165387	13 Nov 25	08:31:00	1	0	55	0	Ct	0	0	0	0	3	0	17	0	1	0	0	1	1	3	2	0	0	2	2	2	1	0	1	2	2	2	1	1	1	0	2	5	4	3
165388	13 Nov 25	08:32:00	1	0	55	0	Ct	0	0	2	2	3	1	24	0	1	0	1	2	1	0	0	0	0	0	3	1	0	0	1	0	2	3	0	1	3	0	2	2	1	3
165389	13 Nov 25	08:33:00	1	0	55	0	Ct	0	0	2	0	1	1	13	1	0	0	0	0	3	2	2	0	0	0	3	1	2	0	1	0	1	2	2	0	3	0	0	3	1	1
165390	13 Nov 25	08:34:00	1	0	55	0	Ct	0	0	0	1	0	0	12	4	2	1	1	2	0	2	0	0	0	2	0	0	1	0	0	2	1	2	2	1	1	0	3	4	3	3
165391	13 Nov 25	08:35:00	1	0	55	0	Ct	0	0	0	0	3	0	16	3	1	1	1	1	1	0	1	0	0	0	2	0	0	0	0	0	0	4	1	1	1	2	3	2	3	1
165392	13 Nov 25	08:36:00	1	0	55	0	Ct	0	0	0	0	0	0	6	1	3	0	2	1	1	1	1	0	0	2	1	1	1	0	2	0	1	1	1	0	2	0	0	2	2	2
165393	13 Nov 25	08:37:00	1	0	55	0	Ct	0	0	0	0	1	0	11	1	0	1	2	1	1	2	2	0	0	2	2	1	0	0	0	0	1	2	1	2	1	2	2	3	0	2
165394	13 Nov 25	08:38:00	1	0	55	0	Ct	0	0	0	0	2	0	11	2	5	1	1	1	1	3	0	0	0	0	1	0	0	0	0	0	1	0	1	0	1	1	0	2	0	0
165395	13 Nov 25	08:39:00	1	0	55	0	Ct	0	0	0	0	2	1	20	1	0	0	0	0	2	0	0	0	0	0	0	0	0	0	0	0	1	5	2	0	0	1	0	3	0	1
165396	13 Nov 25	08:40:00	1	0	55	0	Ct	0	0	0	2	2	1	22	5	2	0	0	1	3	2	0	0	0	1	2	1	0	0	0	1	0	1	0	0	4	1	0	1	0	2
165397	13 Nov 25	08:41:00	1	0	55	0	Ct	0	0	1	0	2	0	0	2	2	0	2	1	1	0	0	0	0	2	0	2	0	0	2	1	2	1	2	0	1	1	0	2	0	3
165398	13 Nov 25	08:42:00	1	0	55	0	Ct	0	0	2	2	4	0	11	1	0	0	1	0	0	4	0	0	0	3	0	1	1	0	1	3	1	3	0	2	1	1	2	3	0	0
165399	13 Nov 25	08:43:00	1	0	55	0	Ct	0	0	1	0	3	2	14	2	3	0	0	0	1	1	1	0	0	3	2	1	2	0	1	0	1	2	1	3	1	0	0	2	0	3
165400	13 Nov 25	08:44:00	1	0	55	0	Ct	0	0	2	1	3	0	15	1	3	2	1	1	0	2	1	0	0	3	3	1	0	0	1	0	0	4	1	2	0	2	0	2	0	2
165401	13 Nov 25	08:45:00	1	0	55	0	Ct	0	0	1	1	2	0	15	2	2	0	0	1	2	1	0	0	0	0	0	0	0	0	1	0	2	0	2	1	2	0	2	3	1	3
165402	13 Nov 25	08:46:00	1	0	55	0	Ct	0	0	1	0	0	0	20	2	1	0	0	0	2	4	0	0	0	1	1	4	0	0	1	0	2	4	1	0	0	0	0	1	0	1
165403	13 Nov 25	08:47:00	1	0	55	0	Ct	0	0	1	0	2	0	12	0	1	0	0	0	2	2	0	0	0	2	3	2	2	0	0	0	1	3	2	1	1	1	1	4	1	2
165404	13 Nov 25	08:48:00	1	0	55	0	Ct	0	0	1	1	3	0	8	3	1	1	1	0	0	0	0	0	0	0	2	0	1	0	0	0	3	3	0	1	2	1	3	7	0	1
165405	13 Nov 25	08:49:00	1	0	55	0	Ct	0	0	0	0	1	0	10	1	4	1	1	1	4	1	0	0	0	2	1	0	2	0	1	2	0	3	1	1	1	0	0	1	0	0
165406	13 Nov 25	08:50:00	1	0	55	0	Ct	0	0	0	1	2	1	0	1	0	0	0	1	0	1	0	0	0	1	0	0	0	0	1	0	1	1	1	0	2	0	2	4	1	2
165407	13 Nov 25	08:51:00	1	0	55	0	Ct	0	0	0	0	1	0	0	1	2	0	0	1	0	1	2	0	0	1	1	0	0	0	2	2	1	1	0	1	1	0	0	3	3	3
165408	13 Nov 25	08:52:00	1	0	55	0	Ct	0	0	2	0	1	0	2	2	0	0	0	0	2	3	0	0	0	1	0	0	0	0	1	0	0	4	2	0	0	0	0	1	1	0
165409	13 Nov 25	08:53:00	1	0	55	0	Ct	0	0	0	0	2	1	5	0	0	0	1	0	2	3	0	0	0	0	1	1	0	0	2	1	2	0	0	2	2	0	1	2	1	3
165410	13 Nov 25	08:54:00	1	0	55	0	Ct	0	0	1	1	2	0	15	3	0	1	0	1	0	0	2	0	0	0	1	0	2	0	1	2	3	0	2	1	0	0	1	0	1	1
165411	13 Nov 25	08:55:00	1	0	55	0	Ct	0	0	3	0	2	1	14	2	0	0	2	2	0	2	1	0	0	2	1	0	0	0	2	1	1	0	0	1	0	0	1	2	2	2
165412	13 Nov 25	08:56:00	1	0	55	0	Ct	0	0	1	0	2	1	10	3	0	1	1	0	0	0	1	0	0	1	0	0	0	0	1	0	1	4	2	0	2	2	2	6	1	1
165413	13 Nov 25	08:57:00	1	0	55	0	Ct	0	0	0	0	2	1	15	1	0	0	0	0	0	4	0	0	0	1	1	0	0	0	0	0	0	2	1	0	2	1	0	4	1	1
165414	13 Nov 25	08:58:00	1	0	55	0	Ct	0	0	1	0	1	0	3	2	0	0	3	0	0	2	0	0	0	1	1	0	0	0	0	0	0	3	2	0	0	0	1	6	3	0
165415	13 Nov 25	08:59:00	1	0	55	0	Ct	0	0	1	1	2	1	16	3	0	0	1	0	3	1	0	0	0	1	1	2	0	0	0	2	0	2	1	0	0	0	1	2	2	1
165416	13 Nov 25	09:00:00	1	0	55	0	Ct	0	0	0	0	3	0	13	1	0	0	1	0	2	1	2	0	0	0	1	2	0	0	0	0	0	3	0	0	2	0	0	4	2	0
165417	13 Nov 25	09:01:00	1	0	55	0	Ct	0	0	0	1	1	0	13	0	5	0	1	1	2	1	1	0	0	2	0	4	0	0	1	0	3	0	0	2	2	0	1	1	2	1
165418	13 Nov 25	09:02:00	1	0	55	0	Ct	0	0	0	1	1	0	9	3	2	0	0	0	2	2	1	0	0	2	2	0	0	0	1	0	3	3	2	1	0	2	2	1	2	2
165419	13 Nov 25	09:03:00	1	0	55	0	Ct	0	0	1	1	2	0	29	1	0	0	0	0	2	1	0	0	0	0	0	0	1	0	0	0	0	1	2	0	0	0	0	3	2	1
165420	13 Nov 25	09:04:00	1	0	55	0	Ct	0	0	1	1	2	1	7	1	2	0	0	2	2	0	2	0	0	1	0	2	1	0	0	0	1	3	0	0	9	0	1	6	0	0
165421	13 Nov 25	09:05:00	1	0	55	0	Ct	0	0	0	0	2	1	13	1	0	0	0	2	1	0	1	0	0	3	2	1	0	0	2	2	1	2	0	0	3	0	2	3	2	1
165422	13 Nov 25	09:06:00	1	0	55	0	Ct	0	0	0	0	2	1	6	2	3	2	1	1	1	0	1	0	0	0	0	2	0	0	0	0	1	1	0	0	1	0	1	2	2	1
165423	13 Nov 25	09:07:00	1	0	55	0	Ct	0	1	1	1	1	1	17	1	1	2	1	1	4	1	1	0	0	0	0	2	0	0	1	3	2	2	1	1	1	1	0	4	3	2
165424	13 Nov 25	09:08:00	1	0	55	0	Ct	0	1	2	0	0	0	0	1	1	0	1	2	0	1	0	0	0	0	1	3	0	0	0	1	1	6	1	0	1	0	0	1	0	2
165425	13 Nov 25	09:09:00	1	0	55	0	Ct	0	1	0	0	0	0	0	1	2	0	0	0	0	0	1	0	0	0	0	0	0	0	0	0	0	0	0	0	3	0	0	0	0	0
165426	13 Nov 25	09:10:00	1	0	55	0	Ct	0	1	1	0	1	0	0	0	0	0	1	0	0	0	0	0	0	0	0	0	0	0	3	0	0	0	0	0	0	1	0	0	2	0
165427	13 Nov 25	09:11:00	1	0	55	0	Ct	0	1	0	0	1	0	0	0	0	0	0	0	0	0	0	0	0	0	0	0	0	0	0	0	0	0	2	0	2	0	0	0	0	0
165428	13 Nov 25	09:12:00	1	0	55	0	Ct	0	1	0	0	1	0	0	0	0	0	0	0	1	0	0	0	0	4	0	0	0	0	1	0	0	0	0	0	0	0	0	0	0	0
165429	13 Nov 25	09:13:00	1	0	55	0	Ct	0	1	0	0	1	0	0	0	0	0	1	0	0	0	0	0	0	0	0	0	0	0	6	0	0	0	1	0	0	0	0	0	0	0
165430	13 Nov 25	09:14:00	1	0	55	0	Ct	0	1	0	3	0	0	0	0	0	0	1	0	0	0	0	0	0	0	0	0	0	0	2	0	0	0	0	0	0	0	1	0	0	0
165431	13 Nov 25	09:15:00	1	0	55	0	Ct	0	1	0	1	0	0	0	0	0	0	1	0	0	0	0	0	0	0	1	0	0	0	0	0	0	0	0	0	0	0	0	0	0	0
165432	13 Nov 25	09:16:00	1	0	55	0	Ct	0	1	0	1	2	0	0	0	0	0	1	0	0	0	0	0	0	0	0	0	0	0	0	0	0	0	0	0	0	0	0	0	0	0
165433	13 Nov 25	09:17:00	1	0	55	0	Ct	0	1	0	0	1	0	0	0	0	0	0	0	0	0	0	0	0	0	0	0	0	0	0	0	0	0	0	0	0	0	0	0	0	0
165434	13 Nov 25	09:18:00	1	0	55	0	Ct	0	1	0	0	0	0	0	0	1	0	0	0	0	0	0	0	0	0	0	0	0	0	0	0	0	0	0	0	0	0	0	0	0	0
165435	13 Nov 25	09:19:00	1	0	55	0	Ct	0	1	0	0	0	0	0	0	2	0	0	0	0	0	0	0	0	0	0	0	0	0	0	0	0	0	0	0	0	0	0	0	0	0
165436	13 Nov 25	09:20:00	1	0	55	0	Ct	0	1	0	0	1	0	0	0	0	0	0	0	0	0	0	0	0	0	0	0	0	0	0	0	0	0	0	0	0	0	0	0	0	0
165437	13 Nov 25	09:21:00	1	0	55	0	Ct	0	1	0	0	0	0	0	0	1	0	0	0	0	0	0	0	0	0	0	0	0	0	0	0	0	0	0	0	0	0	0	0	0	0
165438	13 Nov 25	09:22:00	1	0	55	0	Ct	0	1	0	0	0	0	0	0	0	0	0	0	0	0	0	0	0	0	0	0	0	0	0	0	0	0	0	0	0	0	0	0	0	0
165439	13 Nov 25	09:23:00	1	0	55	0	Ct	0	1	0	0	0	0	0	0	0	0	0	0	0	0	0	0	0	0	0	0	0	0	0	0	0	0	0	0	0	0	0	0	0	0
165440	13 Nov 25	09:24:00	1	0	55	0	Ct	0	1	0	0	0	0	0	0	0	0	0	0	0	0	0	0	0	0	0	0	0	0	4	0	0	0	0	0	0	0	0	0	0	0
165441	13 Nov 25	09:25:00	1	0	55	0	Ct	0	1	0	0	0	0	0	0	0	0	0	0	0	0	0	0	0	0	0	0	0	0	1	0	0	0	0	0	0	0	0	0	0	2
165442	13 Nov 25	09:26:00	1	0	55	0	Ct	0	1	0	0	0	0	2	0	0	0	1	0	0	0	0	0	0	0	0	0	0	0	0	0	0	0	0	0	0	0	0	0	0	2
165443	13 Nov 25	09:27:00	1	0	55	0	Ct	0	1	0	0	0	0	2	0	0	0	1	0	0	0	0	0	0	0	0	0	0	0	0	0	2	0	0	0	0	0	0	0	0	1
165444	13 Nov 25	09:28:00	1	0	55	0	Ct	0	1	0	0	0	0	0	0	0	0	0	0	0	0	0	0	0	0	0	0	0	0	0	0	0	0	0	0	0	0	0	0	0	2
165445	13 Nov 25	09:29:00	1	0	55	0	Ct	0	1	0	0	0	0	0	0	0	0	0	0	0	0	0	0	0	0	0	0	0	0	0	0	0	0	0	0	0	0	0	0	0	2
165446	13 Nov 25	09:30:00	1	0	55	0	Ct	0	1	0	0	0	0	8	0	0	0	1	0	0	0	0	0	0	0	0	0	0	0	0	0	0	0	0	0	0	0	0	0	0	0
165447	13 Nov 25	09:31:00	1	0	55	0	Ct	0	1	0	0	0	0	14	0	0	0	0	0	0	0	0	0	0	0	0	0	0	0	0	0	0	0	0	0	0	0	0	0	0	2
165448	13 Nov 25	09:32:00	1	0	55	0	Ct	0	1	0	0	2	0	10	0	0	0	0	0	0	0	0	0	0	0	0	0	0	0	0	0	0	0	0	0	0	0	0	0	0	2
165449	13 Nov 25	09:33:00	1	0	55	0	Ct	0	1	0	0	0	0	10	0	0	0	1	0	0	0	0	0	0	0	0	0	0	0	0	0	0	0	0	0	0	0	0	0	0	2
165450	13 Nov 25	09:34:00	1	0	55	0	Ct	0	1	0	0	1	0	7	0	0	0	2	0	0	0	0	0	0	0	0	0	0	0	0	0	0	0	0	0	0	0	0	0	0	3
165451	13 Nov 25	09:35:00	1	0	55	0	Ct	0	1	0	0	1	0	19	0	0	0	0	0	0	0	0	0	0	0	0	0	0	0	0	0	0	0	0	0	0	0	0	0	0	2
165452	13 Nov 25	09:36:00	1	0	55	0	Ct	0	1	0	0	1	0	20	0	0	0	3	0	0	0	0	0	0	0	0	0	0	0	0	0	0	0	0	0	0	0	0	0	0	2
165453	13 Nov 25	09:37:00	1	0	55	0	Ct	0	1	0	0	1	0	20	0	0	0	0	0	0	0	0	0	0	0	0	0	0	0	0	0	1	0	0	0	0	0	0	0	0	2
165454	13 Nov 25	09:38:00	1	0	55	0	Ct	0	1	0	0	0	0	7	0	0	0	0	0	0	0	0	0	0	0	0	0	0	0	0	0	1	0	0	0	0	0	0	0	0	2
165455	13 Nov 25	09:39:00	1	0	55	0	Ct	0	1	0	0	2	0	11	0	0	0	0	0	0	0	0	0	0	0	0	0	0	0	0	0	1	0	0	0	0	0	0	0	0	2
165456	13 Nov 25	09:40:00	1	0	55	0	Ct	0	1	0	0	1	0	23	0	0	0	0	0	0	0	0	0	0	0	0	0	0	0	0	0	0	0	0	0	0	0	0	0	0	1
165457	13 Nov 25	09:41:00	1	0	55	0	Ct	0	1	0	0	3	0	19	0	0	0	0	0	0	0	0	0	0	0	0	0	0	0	0	0	1	6	0	0	0	0	8	0	0	1
165458	13 Nov 25	09:42:00	1	0	55	0	Ct	0	1	0	0	2	0	26	0	0	0	0	0	0	0	0	0	0	0	0	0	0	0	0	0	0	0	0	0	0	0	0	0	0	2
165459	13 Nov 25	09:43:00	1	0	55	0	Ct	0	1	0	0	1	0	14	0	0	0	0	0	0	0	0	0	0	0	0	0	0	0	0	0	2	0	0	0	0	0	0	0	0	2
165460	13 Nov 25	09:44:00	1	0	55	0	Ct	0	1	0	0	2	0	11	0	0	0	0	0	4	0	0	0	0	0	0	0	0	0	0	0	1	0	0	0	0	0	0	0	0	2
165461	13 Nov 25	09:45:00	1	0	55	0	Ct	0	1	0	0	2	0	18	0	0	0	0	0	0	0	0	0	0	0	0	0	0	0	0	0	1	0	0	0	0	0	0	0	0	1
165462	13 Nov 25	09:46:00	1	0	55	0	Ct	0	1	0	0	1	0	18	0	0	0	0	0	0	0	0	0	0	0	0	0	0	0	0	0	1	0	0	0	0	0	0	0	0	1
165463	13 Nov 25	09:47:00	1	0	55	0	Ct	0	1	0	0	1	0	12	0	0	0	0	0	0	0	0	0	0	0	0	0	0	0	0	0	0	0	0	0	0	0	0	0	0	1
165464	13 Nov 25	09:48:00	1	0	55	0	Ct	0	1	0	0	1	0	7	0	0	0	1	0	0	0	0	0	0	0	0	0	0	0	0	0	0	0	0	0	0	0	0	0	0	2
165465	13 Nov 25	09:49:00	1	0	55	0	Ct	0	1	0	0	2	0	17	0	0	0	0	2	0	0	0	0	0	0	0	0	0	0	1	0	0	0	0	0	0	0	0	0	0	3
165466	13 Nov 25	09:50:00	1	0	55	0	Ct	0	1	0	0	2	0	16	0	0	0	0	0	0	0	0	0	0	0	0	0	0	0	3	0	0	4	0	0	0	0	0	0	0	2
165467	13 Nov 25	09:51:00	1	0	55	0	Ct	0	1	0	0	1	0	6	0	0	0	0	0	0	0	0	0	0	2	0	0	0	0	1	0	2	0	0	0	0	0	0	0	0	3
165468	13 Nov 25	09:52:00	1	0	55	0	Ct	0	1	0	0	3	0	16	0	0	0	0	0	0	0	0	0	0	2	0	0	0	0	0	0	0	0	0	0	0	0	0	1	0	2
165469	13 Nov 25	09:53:00	1	0	55	0	Ct	0	1	0	0	1	0	3	0	0	0	0	2	0	0	0	0	0	0	0	0	0	0	0	0	0	2	0	0	0	0	0	1	1	2
165470	13 Nov 25	09:54:00	1	0	55	0	Ct	0	1	0	0	1	0	8	0	0	0	0	0	0	0	0	0	0	0	0	0	0	0	0	0	0	4	0	0	0	0	0	0	0	1
165471	13 Nov 25	09:55:00	1	0	55	0	Ct	0	1	0	0	1	0	29	0	0	0	0	3	0	0	0	0	0	0	0	0	0	0	0	0	0	0	1	0	0	0	0	0	2	2
165472	13 Nov 25	09:56:00	1	0	55	0	Ct	0	1	0	0	2	0	11	0	0	0	2	0	0	0	0	0	0	0	0	0	0	0	0	0	2	3	3	0	0	0	0	0	1	1
165473	13 Nov 25	09:57:00	1	0	55	0	Ct	0	1	0	0	0	0	10	0	0	0	2	0	0	0	0	0	0	0	0	1	0	0	0	0	2	2	0	0	0	0	0	1	0	2
165474	13 Nov 25	09:58:00	1	0	55	0	Ct	0	1	0	0	1	0	29	0	0	0	3	0	0	0	0	0	0	0	0	4	0	0	0	0	0	0	0	0	1	0	0	0	0	2
165475	13 Nov 25	09:59:00	1	0	55	0	Ct	0	1	0	0	1	0	12	0	0	0	1	0	0	0	0	0	0	0	0	1	0	0	0	0	0	4	0	0	0	0	0	0	0	2
165476	13 Nov 25	10:00:00	1	0	55	0	Ct	0	1	0	0	1	0	8	0	0	0	1	0	0	0	0	0	0	0	0	0	0	0	0	0	2	2	0	0	1	0	0	0	0	1
165477	13 Nov 25	10:01:00	1	0	55	0	Ct	0	1	0	0	1	0	7	0	0	0	0	0	0	0	0	0	0	0	0	0	0	0	0	0	0	2	3	0	1	0	0	0	1	2
165478	13 Nov 25	10:02:00	1	0	55	0	Ct	0	1	0	0	1	0	29	0	0	0	0	0	0	0	0	0	0	5	0	0	0	0	0	0	0	3	2	0	0	0	0	0	1	1
165479	13 Nov 25	10:03:00	1	0	55	0	Ct	0	1	0	0	0	0	13	0	0	0	0	0	0	0	0	0	0	1	0	0	0	0	4	0	0	1	1	0	0	0	0	0	0	2
165480	13 Nov 25	10:04:00	1	0	55	0	Ct	0	1	0	0	1	0	37	0	0	0	2	0	0	0	1	0	0	0	0	0	0	0	0	0	0	0	0	0	1	0	0	0	0	2
165481	13 Nov 25	10:05:00	1	0	55	0	Ct	0	1	0	0	1	0	18	0	0	0	1	0	0	0	1	0	0	0	0	0	0	0	0	0	2	2	2	0	1	0	0	0	0	2
165482	13 Nov 25	10:06:00	1	0	55	0	Ct	0	1	0	0	1	0	5	0	0	0	0	3	0	0	0	0	0	0	0	0	0	0	0	0	0	6	0	0	2	0	0	0	0	3
165483	13 Nov 25	10:07:00	1	0	55	0	Ct	0	1	0	0	2	0	5	0	0	0	0	3	0	0	0	0	0	0	0	0	0	0	0	0	0	0	1	0	1	0	0	0	0	1
165484	13 Nov 25	10:08:00	1	0	55	0	Ct	0	1	0	0	2	0	6	0	0	0	0	2	0	0	0	0	0	0	0	0	0	0	0	0	2	4	0	0	0	0	0	0	0	1
165485	13 Nov 25	10:09:00	1	0	55	0	Ct	0	1	0	0	2	0	11	0	0	0	0	2	0	0	0	0	0	0	0	0	0	0	0	0	0	3	0	0	2	0	0	0	0	0
165486	13 Nov 25	10:10:00	1	0	55	0	Ct	0	1	0	0	1	0	11	0	0	0	2	2	0	0	0	0	0	0	0	0	0	0	0	0	0	0	1	0	0	0	0	0	0	0
165487	13 Nov 25	10:11:00	1	0	55	0	Ct	0	1	0	0	1	0	7	0	0	0	0	1	0	0	0	0	0	0	0	0	0	0	0	0	0	3	0	0	0	0	0	0	0	2
165488	13 Nov 25	10:12:00	1	0	55	0	Ct	0	1	0	0	2	0	33	0	0	0	0	5	0	0	0	0	0	0	0	0	0	0	0	0	0	0	0	0	0	0	0	0	0	0
165489	13 Nov 25	10:13:00	1	0	55	0	Ct	0	1	0	0	2	0	8	0	0	0	0	1	0	0	0	0	0	0	0	0	0	0	0	0	0	5	2	0	0	0	0	0	0	2
165490	13 Nov 25	10:14:00	1	0	55	0	Ct	0	1	0	0	0	0	0	0	0	0	0	3	0	0	0	0	0	0	0	0	0	0	0	0	0	2	0	0	2	0	0	0	0	0
165491	13 Nov 25	10:15:00	1	0	55	0	Ct	0	1	0	0	1	0	15	0	0	0	1	2	0	0	0	0	0	0	0	0	0	0	0	0	1	2	0	0	0	0	0	1	0	0
165492	13 Nov 25	10:16:00	1	0	55	0	Ct	0	1	0	0	1	0	0	0	0	0	0	2	0	0	0	0	0	0	0	0	0	0	0	0	1	0	3	0	2	0	0	0	0	2
165493	13 Nov 25	10:17:00	1	0	55	0	Ct	0	1	0	0	1	0	9	0	0	0	0	2	0	0	0	0	0	0	0	0	0	0	0	0	0	4	1	0	0	0	0	0	0	2
165494	13 Nov 25	10:18:00	1	0	55	0	Ct	0	1	0	0	2	0	11	0	0	0	0	0	0	0	0	0	0	0	0	0	0	0	0	0	5	2	0	0	3	0	0	0	0	2
165495	13 Nov 25	10:19:00	1	0	55	0	Ct	0	1	0	0	0	0	7	0	0	0	1	1	0	0	0	0	0	3	0	0	0	0	0	0	0	0	0	0	0	0	0	0	0	2
165496	13 Nov 25	10:20:00	1	0	55	0	Ct	0	1	0	0	1	0	14	0	0	0	1	1	0	0	0	0	0	2	0	0	0	0	0	0	0	2	0	0	1	0	0	0	0	1
165497	13 Nov 25	10:21:00	1	0	55	0	Ct	0	1	0	0	0	0	8	0	0	0	1	2	0	0	0	0	0	1	0	0	0	0	0	0	3	4	0	0	1	0	0	0	0	1
165498	13 Nov 25	10:22:00	1	0	55	0	Ct	0	1	0	0	2	0	22	0	0	0	0	3	0	0	0	0	0	2	0	0	0	0	0	0	3	0	2	0	0	0	0	0	0	2
165499	13 Nov 25	10:23:00	1	0	55	0	Ct	0	1	0	0	1	0	16	0	0	0	0	3	0	0	0	0	0	0	0	0	0	0	0	0	1	0	1	0	0	0	0	0	0	2
165500	13 Nov 25	10:24:00	1	0	55	0	Ct	0	1	0	0	1	0	13	0	0	0	1	1	0	0	0	0	0	0	0	0	0	0	0	0	0	0	2	0	2	0	0	0	0	2
165501	13 Nov 25	10:25:00	1	0	55	0	Ct	0	1	0	0	1	0	32	0	0	0	1	0	0	0	0	0	0	3	0	0	0	0	0	0	0	4	0	0	1	0	1	0	0	0
165502	13 Nov 25	10:26:00	1	0	55	0	Ct	0	1	0	0	1	0	17	0	0	0	0	0	0	0	0	0	0	0	0	0	0	0	0	0	2	0	0	0	2	0	1	0	0	0
165503	13 Nov 25	10:27:00	1	0	55	0	Ct	0	1	0	0	0	0	0	0	0	0	1	3	0	0	0	0	0	0	0	0	0	0	0	0	1	2	0	0	2	0	0	0	0	2
165504	13 Nov 25	10:28:00	1	0	55	0	Ct	0	1	0	0	1	0	3	0	0	0	0	2	0	0	0	0	0	4	0	0	0	0	0	0	0	0	1	0	2	0	0	0	0	2
165505	13 Nov 25	10:29:00	1	0	55	0	Ct	0	1	0	0	0	0	8	0	0	0	0	1	0	0	0	0	0	2	0	0	0	0	0	0	0	0	0	0	1	0	0	0	0	1
165506	13 Nov 25	10:30:00	1	0	55	0	Ct	0	1	0	0	2	0	11	0	0	0	0	1	0	0	0	0	0	0	0	0	0	0	0	0	0	0	0	0	1	0	0	0	0	2
165507	13 Nov 25	10:31:00	1	0	55	0	Ct	0	1	0	0	1	0	18	0	0	0	1	1	0	0	0	0	0	0	0	0	0	0	0	0	0	0	0	0	1	0	0	0	0	2
165508	13 Nov 25	10:32:00	1	0	55	0	Ct	0	1	0	0	1	0	11	0	0	0	0	2	0	0	0	0	0	0	0	0	0	0	0	0	2	0	1	0	2	0	0	0	0	0
165509	13 Nov 25	10:33:00	1	0	55	0	Ct	0	1	0	0	1	0	18	0	0	0	0	1	0	0	0	0	0	0	0	0	0	0	0	0	0	0	2	0	0	0	1	0	0	2
165510	13 Nov 25	10:34:00	1	0	55	0	Ct	0	1	0	0	1	0	31	0	0	0	0	1	0	0	0	0	0	0	0	0	0	0	0	0	0	0	1	0	0	0	2	0	0	2
165511	13 Nov 25	10:35:00	1	0	55	0	Ct	0	1	0	0	1	0	16	0	0	0	0	3	0	0	0	0	0	0	0	0	0	0	0	0	0	0	3	0	3	0	1	0	0	1
165512	13 Nov 25	10:36:00	1	0	55	0	Ct	0	1	0	0	1	0	24	0	0	0	2	2	0	0	0	0	0	0	0	0	0	0	0	0	4	0	1	0	1	0	0	0	0	2
165513	13 Nov 25	10:37:00	1	0	55	0	Ct	0	1	0	0	2	0	22	0	0	0	2	5	0	0	0	0	0	0	0	0	0	0	0	0	0	0	1	0	0	0	0	0	0	1
165514	13 Nov 25	10:38:00	1	0	55	0	Ct	0	1	0	0	1	0	16	0	0	0	0	0	0	0	0	0	0	0	0	0	0	0	0	0	2	0	1	0	0	0	0	0	0	2
165515	13 Nov 25	10:39:00	1	0	55	0	Ct	0	1	0	0	1	0	3	0	0	0	0	1	0	0	0	0	0	0	0	0	0	0	0	0	0	0	2	0	5	0	0	0	1	2
165516	13 Nov 25	10:40:00	1	0	55	0	Ct	0	1	0	0	2	0	0	0	0	0	1	0	0	0	0	0	0	0	0	0	0	0	0	0	2	0	0	0	1	0	0	0	0	2
165517	13 Nov 25	10:41:00	1	0	55	0	Ct	0	1	0	0	0	0	0	0	0	0	0	2	0	0	0	0	0	0	0	0	0	0	0	0	0	0	1	0	1	0	2	0	0	0
165518	13 Nov 25	10:42:00	1	0	55	0	Ct	0	1	0	0	1	0	0	0	0	0	1	3	0	0	0	0	0	0	0	0	0	0	0	0	2	0	1	0	0	0	0	0	0	2
165519	13 Nov 25	10:43:00	1	0	55	0	Ct	0	1	0	0	1	0	0	0	0	0	0	3	0	0	0	0	0	0	0	0	0	0	0	0	0	0	0	0	2	0	0	0	0	2
165520	13 Nov 25	10:44:00	1	0	55	0	Ct	0	1	0	0	0	0	0	0	0	0	0	0	0	0	0	0	0	0	0	0	0	0	0	0	2	0	0	0	0	0	0	0	0	0
165521	13 Nov 25	10:45:00	1	0	55	0	Ct	0	1	0	0	1	0	0	0	0	0	0	1	0	0	0	0	0	2	0	0	0	0	0	0	0	0	1	0	2	0	0	0	0	3
165522	13 Nov 25	10:46:00	1	0	55	0	Ct	0	1	0	0	1	0	0	0	0	0	0	1	0	0	0	0	0	0	0	0	0	0	0	0	1	0	0	0	1	0	0	0	0	1
165523	13 Nov 25	10:47:00	1	0	55	0	Ct	0	1	0	0	1	0	0	0	0	0	1	1	0	0	0	0	0	0	0	0	0	0	0	0	1	0	0	0	1	0	0	0	0	2
165524	13 Nov 25	10:48:00	1	0	55	0	Ct	0	1	0	0	1	0	0	0	0	0	0	0	0	0	0	0	0	0	0	0	0	0	0	0	0	0	1	0	0	0	1	0	0	2
165525	13 Nov 25	10:49:00	1	0	55	0	Ct	0	1	0	0	2	0	0	0	0	0	0	0	0	0	0	0	0	0	0	0	0	0	0	0	0	0	1	0	0	0	1	0	0	2
165526	13 Nov 25	10:50:00	1	0	55	0	Ct	0	1	0	0	1	0	0	0	0	0	0	4	0	0	0	0	0	0	0	0	0	0	0	0	0	0	0	0	2	0	0	0	0	1
165527	13 Nov 25	10:51:00	1	0	55	0	Ct	0	1	0	0	1	0	0	0	0	0	0	0	0	0	0	0	0	0	0	0	0	0	0	0	1	0	1	0	0	0	0	0	0	3
165528	13 Nov 25	10:52:00	1	0	55	0	Ct	0	1	0	0	2	0	0	0	0	0	1	2	0	0	0	0	0	0	0	0	0	0	0	0	0	0	3	0	2	0	0	0	0	1
165529	13 Nov 25	10:53:00	1	0	55	0	Ct	0	1	0	0	1	0	0	0	0	0	1	2	0	0	0	0	0	0	0	0	0	0	0	0	0	0	0	0	0	0	0	0	0	2
165530	13 Nov 25	10:54:00	1	0	55	0	Ct	0	1	0	0	1	0	0	0	0	0	1	2	0	0	0	0	0	0	0	0	0	0	0	7	0	0	1	0	1	0	2	0	0	1
165531	13 Nov 25	10:55:00	1	0	55	0	Ct	0	1	0	0	1	0	0	0	0	0	0	2	0	0	0	0	0	0	0	0	0	0	0	1	2	0	2	0	1	0	0	0	0	1
165532	13 Nov 25	10:56:00	1	0	55	0	Ct	0	1	0	0	0	0	0	0	0	0	0	0	0	0	0	0	0	0	0	0	0	0	0	0	2	0	1	0	0	0	0	0	0	2
165533	13 Nov 25	10:57:00	1	0	55	0	Ct	0	1	0	0	1	0	0	0	0	0	0	0	0	0	0	0	0	0	0	0	0	0	0	0	0	0	1	0	1	0	2	0	0	1
165534	13 Nov 25	10:58:00	1	0	55	0	Ct	0	1	0	0	1	0	0	0	0	0	0	0	0	0	0	0	0	0	0	0	0	0	0	0	0	0	2	0	1	0	3	0	0	4
165535	13 Nov 25	10:59:00	1	0	55	0	Ct	0	1	0	0	2	0	0	0	0	0	0	1	0	0	0	0	0	0	0	0	0	0	0	0	2	0	0	0	0	0	0	0	0	2
165536	13 Nov 25	11:00:00	1	0	55	0	Ct	0	1	0	0	1	0	0	0	0	0	0	1	0	0	0	0	0	0	0	0	0	0	0	0	0	0	0	0	2	0	2	0	0	2
165537	13 Nov 25	11:01:00	1	0	55	0	Ct	0	1	0	0	1	0	1	0	0	0	0	0	0	0	0	0	0	0	0	0	0	0	0	0	0	0	0	0	1	0	0	0	0	0
165538	13 Nov 25	11:02:00	1	0	55	0	Ct	0	1	0	0	1	0	8	0	0	0	0	2	0	0	0	0	0	0	0	0	0	0	0	0	0	5	0	0	1	0	2	0	0	2
165539	13 Nov 25	11:03:00	1	0	55	0	Ct	0	1	0	0	1	0	7	0	0	0	0	0	0	0	0	0	0	0	0	0	0	0	0	0	0	1	0	0	0	0	0	0	0	0
165540	13 Nov 25	11:04:00	1	0	55	0	Ct	0	1	0	0	1	0	2	0	0	0	0	0	0	0	0	0	0	0	0	0	0	0	0	0	0	2	0	0	2	0	0	0	4	0
165541	13 Nov 25	11:05:00	1	0	55	0	Ct	0	1	0	0	3	0	3	0	0	0	0	1	0	0	0	0	0	0	0	0	0	0	0	0	0	5	0	0	0	0	0	0	1	1
165542	13 Nov 25	11:06:00	1	0	55	0	Ct	0	1	0	0	2	0	18	0	0	0	0	1	0	0	0	0	0	0	0	0	0	0	0	0	1	1	0	0	0	0	0	0	0	1
165543	13 Nov 25	11:07:00	1	0	55	0	Ct	0	1	0	0	2	0	0	0	0	0	0	0	0	0	0	0	0	0	0	0	0	0	0	0	4	0	0	0	0	0	0	0	0	1
165544	13 Nov 25	11:08:00	1	0	55	0	Ct	0	1	0	0	1	0	3	0	0	0	0	1	0	0	0	0	0	0	0	0	0	0	0	0	0	0	0	0	1	0	0	0	0	1
165545	13 Nov 25	11:09:00	1	0	55	0	Ct	0	1	0	0	2	0	9	0	0	0	0	2	0	0	0	0	0	0	0	0	0	0	0	0	0	0	0	0	2	0	0	0	0	2
165546	13 Nov 25	11:10:00	1	0	55	0	Ct	0	1	0	0	2	0	0	0	0	0	0	1	0	0	0	0	0	0	0	0	0	0	0	0	0	0	0	0	0	0	0	0	0	2
165547	13 Nov 25	11:11:00	1	0	55	0	Ct	0	1	0	0	1	0	24	0	0	0	1	2	0	0	0	0	0	0	0	0	0	0	0	0	0	0	0	0	0	0	0	0	0	2
165548	13 Nov 25	11:12:00	1	0	55	0	Ct	0	1	0	0	0	0	12	0	0	0	0	0	0	0	0	0	0	0	0	0	0	0	0	0	0	0	0	0	0	0	0	0	0	1
165549	13 Nov 25	11:13:00	1	0	55	0	Ct	0	1	0	0	2	0	2	0	0	0	1	2	0	0	0	0	0	0	0	0	0	0	0	0	0	0	0	0	0	0	0	0	2	2
165550	13 Nov 25	11:14:00	1	0	55	0	Ct	0	1	0	0	0	0	0	0	0	0	0	0	0	0	0	0	0	0	0	0	0	0	0	0	0	0	0	0	0	0	0	0	2	2
165551	13 Nov 25	11:15:00	1	0	55	0	Ct	0	1	0	0	0	0	5	0	0	0	0	0	0	0	0	0	0	0	0	0	0	0	0	0	0	0	0	0	0	0	0	0	0	1
165552	13 Nov 25	11:16:00	1	0	55	0	Ct	0	1	0	0	0	0	17	0	0	0	0	0	0	0	0	0	0	0	0	0	0	0	0	2	0	0	0	0	0	0	0	0	0	2
165553	13 Nov 25	11:17:00	1	0	55	0	Ct	0	1	0	0	1	0	8	0	0	0	1	0	0	0	0	0	0	0	0	0	0	0	0	1	0	0	0	0	0	0	1	0	3	1
165554	13 Nov 25	11:18:00	1	0	55	0	Ct	0	1	0	0	1	0	0	0	0	0	1	0	0	0	0	0	0	0	0	0	0	0	0	2	0	0	3	0	2	0	1	0	3	1
165555	13 Nov 25	11:19:00	1	0	55	0	Ct	0	1	0	0	2	0	13	0	0	0	0	0	0	0	0	0	0	0	0	0	0	0	0	1	0	0	3	0	3	0	1	0	2	2
165556	13 Nov 25	11:20:00	1	0	55	0	Ct	0	1	0	0	1	0	11	0	0	0	0	0	0	0	0	0	0	0	0	0	0	0	0	1	0	0	2	0	0	0	1	0	2	1
165557	13 Nov 25	11:21:00	1	0	55	0	Ct	0	1	0	0	2	0	10	0	0	0	0	0	0	0	0	0	0	0	0	0	0	0	0	0	0	0	2	0	0	0	1	0	4	2
165558	13 Nov 25	11:22:00	1	0	55	0	Ct	0	1	0	0	1	0	12	0	0	0	0	0	0	0	0	0	0	0	0	0	0	0	0	2	0	0	1	0	2	0	1	0	2	1
165559	13 Nov 25	11:23:00	1	0	55	0	Ct	0	1	0	0	1	0	4	0	0	0	0	0	0	0	0	0	0	0	0	0	0	0	0	0	0	0	2	0	0	0	2	0	1	1
165560	13 Nov 25	11:24:00	1	0	55	0	Ct	0	1	0	0	0	0	9	0	0	0	0	0	0	0	0	0	0	0	0	0	0	0	0	2	0	0	0	0	1	0	2	0	2	1
165561	13 Nov 25	11:25:00	1	0	55	0	Ct	0	1	0	0	0	0	4	0	0	0	0	0	0	0	0	0	0	0	0	0	0	0	0	0	0	0	3	0	1	0	0	0	4	1
165562	13 Nov 25	11:26:00	1	0	55	0	Ct	0	1	0	0	2	0	0	0	0	0	0	0	0	0	0	0	0	0	0	0	0	0	0	0	0	0	1	0	0	0	0	0	2	2
165563	13 Nov 25	11:27:00	1	0	55	0	Ct	0	1	0	0	0	0	3	0	0	0	0	0	0	0	0	0	0	0	0	0	0	0	0	0	0	0	2	0	0	0	0	0	3	1
165564	13 Nov 25	11:28:00	1	0	55	0	Ct	0	1	0	0	1	0	8	0	0	0	0	3	0	0	0	0	0	0	0	0	0	0	0	0	0	0	0	0	0	0	1	0	1	0
165565	13 Nov 25	11:29:00	1	0	55	0	Ct	0	1	0	0	1	0	11	0	0	0	0	1	0	0	0	0	0	0	0	0	0	0	0	0	0	0	1	0	0	0	1	0	3	0
165566	13 Nov 25	11:30:00	1	0	55	0	Ct	0	1	0	0	2	0	19	0	0	0	0	0	0	0	0	0	0	0	0	0	0	0	0	0	0	0	0	0	0	0	5	0	3	0
165567	13 Nov 25	11:31:00	1	0	55	0	Ct	0	1	0	0	0	0	9	0	0	0	0	2	0	0	0	0	0	0	0	0	0	0	0	0	0	0	0	0	2	0	0	0	2	0
165568	13 Nov 25	11:32:00	1	0	55	0	Ct	0	1	0	0	0	0	9	0	0	0	0	0	0	0	0	0	0	0	0	0	0	0	0	0	0	0	0	0	2	0	2	0	0	2
165569	13 Nov 25	11:33:00	1	0	55	0	Ct	0	1	0	0	2	0	16	0	0	0	0	0	0	0	0	0	0	0	0	0	0	0	0	0	0	0	1	0	0	0	2	0	3	0
165570	13 Nov 25	11:34:00	1	0	55	0	Ct	0	1	0	0	2	0	39	0	0	0	0	1	0	0	0	0	0	0	0	0	0	0	0	0	0	0	2	0	0	0	3	0	2	2
165571	13 Nov 25	11:35:00	1	0	55	0	Ct	0	1	0	0	1	0	0	0	0	0	0	1	0	0	0	0	0	0	0	0	0	0	0	0	0	0	2	0	4	0	0	0	1	4
165572	13 Nov 25	11:36:00	1	0	55	0	Ct	0	1	0	0	2	0	10	0	0	0	0	1	0	0	0	0	0	0	0	0	0	0	0	1	0	0	1	0	0	0	2	0	0	1
165573	13 Nov 25	11:37:00	1	0	55	0	Ct	0	1	0	0	1	0	13	0	0	0	0	1	0	0	0	0	0	0	0	0	0	0	0	1	0	0	0	0	2	0	0	0	2	2
165574	13 Nov 25	11:38:00	1	0	55	0	Ct	0	1	0	0	2	0	13	0	0	0	0	2	0	0	0	0	0	0	0	0	0	0	0	0	0	0	0	0	0	0	4	0	0	2
165575	13 Nov 25	11:39:00	1	0	55	0	Ct	0	1	0	0	0	0	10	0	0	0	0	1	0	0	0	0	0	0	0	0	0	0	0	0	0	0	3	0	0	0	1	0	0	2
165576	13 Nov 25	11:40:00	1	0	55	0	Ct	0	1	0	0	1	0	6	0	0	0	0	1	0	0	0	0	0	0	0	0	0	0	0	2	0	0	0	0	0	0	1	0	0	0
165577	13 Nov 25	11:41:00	1	0	55	0	Ct	0	1	0	0	1	0	21	0	0	0	0	2	0	0	0	0	0	0	0	0	0	0	0	0	0	0	2	0	3	0	1	0	0	2
165578	13 Nov 25	11:42:00	1	0	55	0	Ct	0	1	0	0	3	0	4	0	0	0	0	0	0	0	0	0	0	0	0	0	0	0	0	0	0	0	1	0	0	0	1	0	0	0
165579	13 Nov 25	11:43:00	1	0	55	0	Ct	0	1	0	0	0	0	5	0	0	0	1	3	0	0	0	0	0	0	0	0	0	0	0	2	0	0	0	0	1	0	1	0	0	2
165580	13 Nov 25	11:44:00	1	0	55	0	Ct	0	1	0	0	0	0	3	0	0	0	0	2	0	0	0	0	0	0	0	0	0	0	0	0	0	0	0	0	1	0	1	0	0	1
165581	13 Nov 25	11:45:00	1	0	55	0	Ct	0	1	0	0	1	0	7	0	0	0	1	0	0	0	0	0	0	0	0	0	0	0	0	1	0	0	1	0	2	0	1	0	0	1
165582	13 Nov 25	11:46:00	1	0	55	0	Ct	0	1	0	0	1	0	16	0	0	0	0	2	0	0	0	0	0	0	0	0	0	0	0	3	0	0	2	0	1	0	0	0	0	2
165583	13 Nov 25	11:47:00	1	0	55	0	Ct	0	1	0	0	1	0	0	0	0	0	0	2	0	0	0	0	0	0	0	0	0	0	0	2	0	0	0	0	2	0	0	0	0	0
165584	13 Nov 25	11:48:00	1	0	55	0	Ct	0	1	0	0	2	0	0	0	0	0	0	1	0	0	0	0	0	0	0	0	0	0	0	0	0	0	1	0	1	0	0	0	0	0
165585	13 Nov 25	11:49:00	1	0	55	0	Ct	0	1	0	0	1	0	0	0	0	0	0	1	0	0	0	0	0	0	0	0	0	0	0	2	0	0	2	0	0	0	2	0	2	2
165586	13 Nov 25	11:50:00	1	0	55	0	Ct	0	1	0	0	1	0	8	0	0	0	0	0	0	0	0	0	0	0	0	0	0	0	0	0	0	0	1	0	0	0	1	0	1	2
165587	13 Nov 25	11:51:00	1	0	55	0	Ct	0	1	0	0	1	0	12	0	0	0	0	2	0	0	0	0	0	0	0	0	0	0	0	3	0	0	0	0	1	0	1	0	2	2
165588	13 Nov 25	11:52:00	1	0	55	0	Ct	0	1	0	0	1	0	5	0	0	0	0	2	0	0	0	0	0	0	0	0	0	0	0	0	0	0	0	0	1	0	2	0	0	1
165589	13 Nov 25	11:53:00	1	0	55	0	Ct	0	1	0	0	2	0	11	0	0	0	0	1	0	0	0	0	0	0	1	0	0	0	0	0	2	0	1	0	0	0	2	0	2	1
165590	13 Nov 25	11:54:00	1	0	55	0	Ct	0	1	0	0	1	0	0	0	0	0	0	2	0	0	0	0	0	0	1	0	0	0	0	0	2	0	0	0	0	0	0	0	0	1
165591	13 Nov 25	11:55:00	1	0	55	0	Ct	0	1	0	0	1	0	6	0	0	0	0	2	0	0	0	0	0	0	1	0	0	0	0	0	0	0	1	0	0	0	1	0	0	1
165592	13 Nov 25	11:56:00	1	0	55	0	Ct	0	1	0	0	2	0	3	0	0	0	0	1	0	0	0	0	0	0	0	0	0	0	0	2	0	0	0	0	2	0	1	0	0	0
165593	13 Nov 25	11:57:00	1	0	55	0	Ct	0	1	0	0	0	0	0	0	0	0	0	0	0	0	0	0	0	0	0	0	0	0	0	0	0	0	0	0	0	0	0	0	0	3
165594	13 Nov 25	11:58:00	1	0	55	0	Ct	0	1	0	0	0	0	8	0	0	0	0	1	0	0	0	0	0	0	0	0	0	0	0	0	0	0	0	0	2	0	0	0	0	1
165595	13 Nov 25	11:59:00	1	0	55	0	Ct	0	1	0	0	0	0	0	0	0	0	0	1	0	0	0	0	0	0	0	0	0	0	0	0	0	0	0	0	3	0	0	0	0	2
165596	13 Nov 25	12:00:00	1	0	55	0	Ct	0	1	0	0	0	0	12	0	0	0	0	0	0	0	0	0	0	0	0	0	0	0	0	0	0	0	1	0	0	0	0	1	0	1
165597	13 Nov 25	12:01:00	1	0	55	0	Ct	0	1	0	0	0	0	12	0	0	0	0	2	0	0	0	0	0	0	0	0	0	0	0	1	0	0	3	0	2	0	1	0	0	1
165598	13 Nov 25	12:02:00	1	0	55	0	Ct	0	1	0	0	2	0	0	0	0	0	0	0	0	0	0	0	0	0	0	0	0	0	0	1	0	0	1	0	0	0	0	0	2	2
165599	13 Nov 25	12:03:00	1	0	55	0	Ct	0	1	0	0	0	0	13	0	0	0	0	0	0	0	1	0	0	0	0	0	1	0	0	0	0	0	1	0	1	0	1	0	0	2
165600	13 Nov 25	12:04:00	1	0	55	0	Ct	0	1	0	0	0	0	0	0	0	0	2	0	0	0	1	0	0	0	0	0	1	0	0	0	0	0	1	0	2	0	0	0	0	0
165601	13 Nov 25	12:05:00	1	0	55	0	Ct	0	1	0	0	1	0	0	0	0	0	1	2	0	0	0	0	0	0	0	0	0	0	0	0	0	0	1	0	2	0	0	0	0	2
165602	13 Nov 25	12:06:00	1	0	55	0	Ct	0	1	0	0	1	0	9	0	0	0	0	0	0	0	0	0	0	0	0	0	0	0	0	0	0	0	1	0	0	0	0	0	0	0
165603	13 Nov 25	12:07:00	1	0	55	0	Ct	0	1	0	0	0	0	0	0	0	0	1	2	0	0	0	0	0	0	0	0	0	0	0	0	0	0	1	0	0	0	0	0	0	3
165604	13 Nov 25	12:08:00	1	0	55	0	Ct	0	1	0	0	2	0	7	0	0	0	0	0	0	0	0	0	0	0	0	0	0	0	0	0	0	0	1	0	0	0	0	0	3	1
165605	13 Nov 25	12:09:00	1	0	55	0	Ct	0	1	0	0	0	0	0	0	0	0	0	2	0	0	0	0	0	0	0	0	0	0	0	0	0	0	1	0	1	0	0	0	1	1
165606	13 Nov 25	12:10:00	1	0	55	0	Ct	0	1	0	0	0	0	19	0	0	0	0	0	0	0	0	0	0	0	0	0	0	0	0	0	0	0	2	0	1	0	0	0	0	1
165607	13 Nov 25	12:11:00	1	0	55	0	Ct	0	1	0	0	0	0	9	0	0	0	0	0	0	0	0	0	0	0	0	0	0	0	0	0	0	0	0	0	3	0	0	0	2	2
165608	13 Nov 25	12:12:00	1	0	55	0	Ct	0	1	0	0	2	0	19	0	0	0	0	1	0	0	0	0	0	0	0	0	0	0	0	0	0	0	1	0	1	0	0	0	0	0
165609	13 Nov 25	12:13:00	1	0	55	0	Ct	0	1	0	0	1	0	14	0	0	0	1	2	0	0	0	0	0	0	0	0	0	0	0	0	1	0	0	0	0	0	0	0	0	2
165610	13 Nov 25	12:14:00	1	0	55	0	Ct	0	1	0	0	1	0	4	0	0	0	2	1	0	0	0	0	0	0	0	0	1	0	0	0	3	0	1	0	1	0	0	0	1	1
165611	13 Nov 25	12:15:00	1	0	55	0	Ct	0	1	0	0	2	0	8	0	0	0	1	1	0	0	0	0	0	0	0	0	0	0	0	0	0	0	0	0	2	0	0	0	1	3
165612	13 Nov 25	12:16:00	1	0	55	0	Ct	0	1	0	0	0	0	16	0	0	0	0	1	0	0	0	0	0	0	0	0	1	0	0	0	0	0	1	0	0	0	0	0	0	1
165613	13 Nov 25	12:17:00	1	0	55	0	Ct	0	1	0	0	2	0	0	0	0	0	0	3	0	0	0	0	0	0	0	0	0	0	0	0	0	0	0	0	0	0	1	0	0	2
165614	13 Nov 25	12:18:00	1	0	55	0	Ct	0	1	0	0	2	0	7	0	0	0	0	2	0	0	0	0	0	0	0	0	0	0	0	0	0	0	2	0	1	0	1	0	0	2
165615	13 Nov 25	12:19:00	1	0	55	0	Ct	0	1	0	0	0	0	3	0	0	0	0	2	0	0	0	0	0	0	0	0	0	0	0	0	0	0	1	0	1	0	0	0	0	0
165616	13 Nov 25	12:20:00	1	0	55	0	Ct	0	1	0	0	0	0	4	0	0	0	0	2	0	0	0	0	0	0	0	0	2	0	0	0	0	0	1	0	0	0	1	0	0	0
165617	13 Nov 25	12:21:00	1	0	55	0	Ct	0	1	0	0	1	0	0	0	0	0	7	0	0	0	0	0	0	0	0	0	0	0	0	0	0	0	1	0	2	0	1	0	1	0
165618	13 Nov 25	12:22:00	1	0	55	0	Ct	0	1	0	0	3	0	0	0	0	0	1	5	0	0	0	0	0	0	0	0	0	0	0	0	0	0	0	0	0	0	1	0	0	0
165619	13 Nov 25	12:23:00	1	0	55	0	Ct	0	1	0	0	0	0	12	0	0	0	0	0	0	0	0	0	0	0	0	0	0	0	0	1	0	0	0	0	0	0	1	0	0	0
165620	13 Nov 25	12:24:00	1	0	55	0	Ct	0	1	0	0	1	0	2	0	0	0	0	0	0	0	0	0	0	0	0	0	0	0	0	1	0	0	1	0	0	0	0	0	0	0
165621	13 Nov 25	12:25:00	1	0	55	0	Ct	0	1	0	0	1	0	4	0	0	0	2	1	0	0	0	0	0	0	0	0	0	0	0	0	0	0	0	0	0	0	0	0	0	2
165622	13 Nov 25	12:26:00	1	0	55	0	Ct	0	1	0	0	2	0	0	0	0	0	0	1	0	0	0	0	0	0	0	0	0	0	0	1	0	0	0	0	0	0	0	0	0	0
165623	13 Nov 25	12:27:00	1	0	55	0	Ct	0	1	0	0	1	0	6	0	0	0	0	0	0	0	0	0	0	0	0	0	2	0	0	1	0	0	0	0	2	0	1	0	0	0
165624	13 Nov 25	12:28:00	1	0	55	0	Ct	0	1	0	0	0	0	12	0	0	0	0	2	0	0	0	0	0	0	0	0	0	0	0	2	0	0	0	0	1	0	1	0	0	0
165625	13 Nov 25	12:29:00	1	0	55	0	Ct	0	1	0	0	1	0	1	0	0	0	2	0	0	0	0	0	0	0	0	0	0	0	0	1	0	0	1	0	1	0	0	0	0	2
165626	13 Nov 25	12:30:00	1	0	55	0	Ct	0	1	0	0	1	0	11	0	0	0	0	2	0	0	0	0	0	0	0	0	2	0	0	1	0	0	1	0	0	0	0	0	0	0
165627	13 Nov 25	12:31:00	1	0	55	0	Ct	0	1	0	0	1	0	3	0	0	0	0	0	0	0	0	0	0	0	0	0	0	0	0	0	0	0	0	0	0	0	0	0	0	0
165628	13 Nov 25	12:32:00	1	0	55	0	Ct	0	1	0	0	1	0	0	0	0	0	2	2	0	0	0	0	0	0	0	0	0	0	0	0	0	0	1	0	0	0	1	0	0	1
165629	13 Nov 25	12:33:00	1	0	55	0	Ct	0	1	0	0	0	0	6	0	0	0	1	1	0	0	0	0	0	0	0	0	2	0	0	0	0	0	1	0	0	0	0	0	0	1
165630	13 Nov 25	12:34:00	1	0	55	0	Ct	0	1	0	0	2	0	0	0	0	0	0	2	0	0	0	0	0	0	0	0	0	0	0	0	0	0	2	0	3	0	0	0	0	2
165631	13 Nov 25	12:35:00	1	0	55	0	Ct	0	1	0	0	1	0	2	0	0	0	0	2	0	0	0	0	0	0	0	0	0	0	0	0	0	0	0	0	0	0	0	0	0	0
165632	13 Nov 25	12:36:00	1	0	55	0	Ct	0	1	0	0	2	0	5	0	0	0	2	1	0	0	0	0	0	0	0	0	0	0	0	0	0	0	0	0	0	0	0	0	0	1
165633	13 Nov 25	12:37:00	1	0	55	0	Ct	0	1	0	0	1	0	19	0	0	0	0	0	0	0	0	0	0	0	0	0	0	0	0	2	0	0	1	0	0	0	0	0	0	2
165634	13 Nov 25	12:38:00	1	0	55	0	Ct	0	1	0	0	1	0	8	0	0	0	0	1	0	0	0	0	0	0	0	0	0	0	0	0	0	0	1	0	0	0	1	0	0	2
165635	13 Nov 25	12:39:00	1	0	55	0	Ct	0	1	0	0	1	0	14	0	0	0	0	1	0	0	0	0	0	0	0	0	0	0	0	0	0	0	0	0	1	0	0	0	0	0
165636	13 Nov 25	12:40:00	1	0	55	0	Ct	0	1	0	0	1	0	7	0	0	0	0	0	0	0	0	0	0	1	0	0	0	0	0	0	0	0	0	0	1	0	0	0	0	2
165637	13 Nov 25	12:41:00	1	0	55	0	Ct	0	1	0	0	1	0	0	0	0	0	2	0	0	0	0	0	0	1	0	0	2	0	0	0	0	0	0	0	0	0	0	0	0	1
165638	13 Nov 25	12:42:00	1	0	55	0	Ct	0	1	0	0	2	0	0	0	0	0	0	0	0	0	0	0	0	0	0	0	0	0	0	0	0	0	0	0	0	0	0	0	0	1
165639	13 Nov 25	12:43:00	1	0	55	0	Ct	0	1	0	0	2	0	0	0	0	0	1	1	0	0	0	0	0	0	0	0	0	0	0	1	0	0	0	0	0	0	0	0	2	2
165640	13 Nov 25	12:44:00	1	0	55	0	Ct	0	1	0	0	1	0	6	0	1	0	0	1	0	0	0	0	0	0	0	0	1	0	0	1	0	0	0	0	0	0	0	0	1	0
165641	13 Nov 25	12:45:00	1	0	55	0	Ct	0	1	0	2	1	0	0	0	1	0	0	2	0	0	0	0	0	0	0	0	1	0	0	0	0	0	0	0	0	0	2	0	0	0
165642	13 Nov 25	12:46:00	1	0	55	0	Ct	0	1	0	0	2	0	0	0	0	0	0	1	0	0	0	0	0	0	1	0	0	0	0	0	0	0	0	0	2	0	1	0	0	0
165643	13 Nov 25	12:47:00	1	0	55	0	Ct	0	1	0	0	0	0	8	0	0	0	0	1	0	0	0	0	0	0	0	0	0	0	0	0	0	0	0	0	0	0	0	0	0	0
165644	13 Nov 25	12:48:00	1	0	55	0	Ct	0	1	0	0	0	0	4	0	0	0	0	0	0	0	0	0	0	0	1	0	2	0	0	0	0	0	0	0	0	0	0	0	0	0
165645	13 Nov 25	12:49:00	1	0	55	0	Ct	0	1	0	0	2	0	0	0	0	0	0	1	0	0	0	0	0	0	1	0	0	0	0	0	0	0	0	0	0	0	0	0	0	0
165646	13 Nov 25	12:50:00	1	0	55	0	Ct	0	1	0	0	1	0	7	0	0	0	0	1	0	0	0	0	0	0	0	0	0	0	0	0	0	0	0	0	0	0	0	0	0	2
165647	13 Nov 25	12:51:00	1	0	55	0	Ct	0	1	0	0	1	0	0	0	0	0	1	0	0	0	0	0	0	0	0	0	1	0	0	1	0	0	0	0	0	0	0	0	0	1
165648	13 Nov 25	12:52:00	1	0	55	0	Ct	0	1	0	0	0	0	0	0	0	0	0	1	0	0	0	0	0	0	0	0	1	0	0	1	0	0	0	0	1	0	0	0	0	1
165649	13 Nov 25	12:53:00	1	0	55	0	Ct	0	1	0	0	1	0	0	0	0	0	1	1	0	0	0	0	0	0	0	0	0	0	0	0	0	0	0	0	1	0	0	0	0	1
165650	13 Nov 25	12:54:00	1	0	55	0	Ct	0	1	0	0	2	0	0	0	0	0	0	0	0	0	0	0	0	0	0	0	0	0	0	0	0	0	1	0	0	0	1	0	0	1
165651	13 Nov 25	12:55:00	1	0	55	0	Ct	0	1	0	0	1	0	3	0	0	0	0	0	0	0	0	0	0	0	0	0	0	0	0	0	0	0	1	0	0	0	1	0	1	0
165652	13 Nov 25	12:56:00	1	0	55	0	Ct	0	1	0	0	2	0	0	0	0	0	1	2	0	0	0	0	0	0	0	0	0	0	0	1	0	0	1	0	0	0	0	0	1	2
165653	13 Nov 25	12:57:00	1	0	55	0	Ct	0	1	0	0	1	0	0	0	0	0	2	0	0	0	0	0	0	0	0	0	0	0	0	1	0	0	2	0	0	0	0	0	0	0
165654	13 Nov 25	12:58:00	1	0	55	0	Ct	0	1	0	0	1	0	0	0	0	0	0	0	0	0	0	0	0	0	0	0	1	0	0	0	0	0	0	0	2	0	0	0	1	0
165655	13 Nov 25	12:59:00	1	0	55	0	Ct	0	1	0	0	0	0	0	0	0	0	1	0	0	0	0	0	0	0	0	0	1	0	0	2	0	0	1	0	0	0	0	0	2	2
165656	13 Nov 25	13:00:00	1	0	55	0	Ct	0	1	0	0	1	0	1	0	0	0	0	0	0	0	0	0	0	0	0	0	0	0	0	0	0	0	1	0	0	0	2	0	1	0
165657	13 Nov 25	13:01:00	1	0	55	0	Ct	0	1	0	0	1	0	3	0	0	0	0	0	0	0	0	0	0	0	0	0	0	0	0	1	0	0	4	0	0	0	2	0	2	2
165658	13 Nov 25	13:02:00	1	0	55	0	Ct	0	1	0	0	1	0	0	0	0	0	0	2	0	0	0	0	0	0	0	0	0	0	0	1	0	0	1	0	3	0	2	0	3	0
165659	13 Nov 25	13:03:00	1	0	55	0	Ct	0	1	0	0	2	0	4	0	0	0	1	0	0	0	0	0	0	0	1	0	0	0	0	0	0	0	0	0	0	0	0	0	0	0
165660	13 Nov 25	13:04:00	1	0	55	0	Ct	0	1	0	0	2	0	3	0	0	0	1	1	0	0	0	0	0	0	1	0	0	0	0	0	1	0	0	0	0	0	2	0	1	0
165661	13 Nov 25	13:05:00	1	0	55	0	Ct	0	1	0	0	0	0	0	0	0	0	2	0	0	0	0	0	0	0	0	0	0	0	0	0	1	0	0	0	2	0	0	0	0	0
165662	13 Nov 25	13:06:00	1	0	55	0	Ct	0	1	0	0	0	0	6	0	0	0	0	2	0	0	0	0	0	0	0	0	0	0	0	1	0	0	0	0	0	0	0	0	1	0
165663	13 Nov 25	13:07:00	1	0	55	0	Ct	0	1	0	0	3	0	3	0	0	0	0	0	0	0	0	0	0	0	0	0	0	0	0	1	0	0	0	0	0	0	1	0	1	0
165664	13 Nov 25	13:08:00	1	0	55	0	Ct	0	1	0	0	1	0	0	0	0	0	1	0	0	0	0	0	0	0	0	0	0	0	0	0	0	0	0	0	2	0	1	0	0	0
165665	13 Nov 25	13:09:00	1	0	55	0	Ct	0	1	0	0	2	0	0	0	0	0	0	0	0	0	0	0	0	0	0	0	0	0	0	2	0	5	0	0	2	0	0	0	0	0
165666	13 Nov 25	13:10:00	1	0	55	0	Ct	0	1	0	0	0	0	1	0	0	0	0	0	0	0	0	0	0	0	0	0	0	0	0	0	0	0	0	0	1	0	0	0	0	0
165667	13 Nov 25	13:11:00	1	0	55	0	Ct	0	1	0	0	2	0	0	0	1	0	0	2	0	0	0	0	0	0	0	0	0	0	0	0	0	0	0	0	0	0	0	0	1	0
165668	13 Nov 25	13:12:00	1	0	55	0	Ct	0	1	0	0	1	0	10	0	0	0	0	0	0	0	0	0	0	0	0	0	0	0	0	0	0	0	2	0	2	0	0	0	1	0
165669	13 Nov 25	13:13:00	1	0	55	0	Ct	0	1	0	0	0	0	7	0	0	0	0	1	0	0	0	0	0	0	0	0	0	0	0	1	0	0	2	0	3	0	0	0	0	0
165670	13 Nov 25	13:14:00	1	0	55	0	Ct	0	1	0	0	2	0	4	0	0	0	3	1	0	0	0	0	0	0	0	0	0	0	0	2	0	0	0	0	3	0	1	0	0	0
165671	13 Nov 25	13:15:00	1	0	55	0	Ct	0	1	0	0	0	0	5	0	0	0	0	2	0	0	0	0	0	0	0	0	0	0	0	0	0	5	0	0	0	0	1	2	0	1
165672	13 Nov 25	13:16:00	1	0	55	0	Ct	0	1	0	1	1	0	1	0	0	0	1	0	0	0	0	0	0	0	0	0	0	0	0	0	0	0	0	0	2	0	0	0	0	1
165673	13 Nov 25	13:17:00	1	0	55	0	Ct	0	1	0	1	1	0	1	0	1	0	0	1	0	0	0	0	0	0	0	0	0	0	0	2	0	0	0	0	0	0	0	0	0	2
165674	13 Nov 25	13:18:00	1	0	55	0	Ct	0	1	0	0	0	0	0	0	1	0	0	1	0	0	0	0	0	0	0	0	0	0	0	0	2	0	0	0	0	0	0	0	0	0
165675	13 Nov 25	13:19:00	1	0	55	0	Ct	0	1	0	0	2	0	6	0	3	0	0	0	0	0	0	0	0	0	0	0	0	0	0	0	0	0	0	0	0	0	0	0	0	0
165676	13 Nov 25	13:20:00	1	0	55	0	Ct	0	1	0	0	1	0	15	0	0	0	0	1	0	0	0	0	0	1	0	0	0	0	0	0	0	0	4	0	2	0	0	0	0	2
165677	13 Nov 25	13:21:00	1	0	55	0	Ct	0	1	0	0	1	0	0	0	0	0	0	1	0	0	0	0	0	1	1	0	0	0	0	0	0	0	1	0	0	0	1	0	0	0
165678	13 Nov 25	13:22:00	1	0	55	0	Ct	0	1	0	0	1	0	0	0	0	0	1	1	0	0	2	0	0	0	1	0	0	0	0	0	0	1	1	0	0	0	1	0	0	0
165679	13 Nov 25	13:23:00	1	0	55	0	Ct	0	1	0	0	0	0	0	0	0	0	0	1	0	0	0	0	0	0	0	0	0	0	0	0	0	1	0	0	0	0	0	0	1	0
165680	13 Nov 25	13:24:00	1	0	55	0	Ct	0	1	0	0	1	0	0	0	0	0	0	0	0	0	0	0	0	0	0	0	0	0	0	0	0	0	1	0	1	0	0	0	0	0
165681	13 Nov 25	13:25:00	1	0	55	0	Ct	0	1	0	0	0	0	0	0	0	0	1	3	0	0	0	0	0	0	1	1	0	0	0	0	0	0	0	0	1	0	1	0	0	0
165682	13 Nov 25	13:26:00	1	0	55	0	Ct	0	1	0	0	0	0	1	0	2	0	0	1	0	0	0	0	0	0	1	2	2	0	0	0	0	0	2	0	0	0	1	0	0	0
165683	13 Nov 25	13:27:00	1	0	55	0	Ct	0	1	0	0	0	0	0	0	1	0	0	0	0	0	0	0	0	0	1	1	0	0	0	0	0	0	1	0	0	0	0	0	0	0
165684	13 Nov 25	13:28:00	1	0	55	0	Ct	0	1	0	0	0	0	2	0	1	0	0	0	0	0	0	0	0	0	2	0	0	0	0	0	0	2	0	0	0	0	0	0	0	2
165685	13 Nov 25	13:29:00	1	0	55	0	Ct	0	1	0	0	1	0	4	0	0	0	0	2	0	0	0	0	0	0	0	0	0	0	0	0	0	0	0	0	2	0	2	0	0	1
165686	13 Nov 25	13:30:00	1	0	55	0	Ct	0	1	0	0	1	0	17	0	0	0	0	2	0	0	0	0	0	0	1	0	1	0	0	0	0	1	0	0	0	0	1	0	0	0
165687	13 Nov 25	13:31:00	1	0	55	0	Ct	0	1	0	0	0	0	0	0	0	0	0	0	0	0	0	0	0	0	0	0	1	0	0	0	0	0	0	0	0	0	0	0	0	0
165688	13 Nov 25	13:32:00	1	0	55	0	Ct	0	1	0	0	2	0	0	0	0	0	1	2	0	0	0	0	0	0	1	0	0	0	0	0	0	0	0	0	1	0	0	0	0	0
165689	13 Nov 25	13:33:00	1	0	55	0	Ct	0	1	0	0	2	0	0	0	0	0	0	0	0	0	0	0	0	0	1	0	0	0	0	0	0	2	0	0	3	0	0	0	0	0
165690	13 Nov 25	13:34:00	1	0	55	0	Ct	0	1	0	0	0	0	0	0	0	0	0	0	0	0	0	0	0	0	2	0	0	0	0	0	0	4	0	0	0	0	0	2	0	2
165691	13 Nov 25	13:35:00	1	0	55	0	Ct	0	1	0	0	2	0	0	0	0	0	1	1	0	0	0	0	0	0	1	0	0	0	0	1	0	0	0	0	0	0	2	0	0	0
165692	13 Nov 25	13:36:00	1	0	55	0	Ct	0	1	0	0	1	0	0	0	0	1	0	1	0	0	0	0	0	0	1	0	0	0	0	1	0	0	2	0	2	0	2	0	0	0
165693	13 Nov 25	13:37:00	1	0	55	0	Ct	0	1	0	0	0	0	0	0	0	3	0	0	0	0	0	0	0	0	0	0	0	0	0	2	0	0	0	0	1	0	1	0	2	1
165694	13 Nov 25	13:38:00	1	0	55	0	Ct	0	1	0	0	0	0	0	0	0	0	0	2	0	0	0	0	0	0	2	0	0	0	0	1	0	0	1	0	1	0	1	0	0	0
165695	13 Nov 25	13:39:00	1	0	55	0	Ct	0	1	0	0	2	0	0	0	0	0	1	0	0	0	0	0	0	0	0	1	0	0	0	1	0	0	1	0	0	0	0	0	2	1
165696	13 Nov 25	13:40:00	1	0	55	0	Ct	0	1	0	0	1	0	0	0	0	0	0	2	0	0	2	0	0	0	1	1	0	0	0	2	0	0	1	0	0	0	1	0	0	0
165697	13 Nov 25	13:41:00	1	0	55	0	Ct	0	1	0	0	2	0	0	0	0	0	1	0	0	0	0	0	0	0	1	0	0	0	0	0	2	0	0	0	1	0	1	0	0	2
165698	13 Nov 25	13:42:00	1	0	55	0	Ct	0	1	0	0	0	0	0	0	0	0	0	1	0	0	0	0	0	0	0	2	3	0	0	0	0	0	0	0	3	0	1	0	0	0
165699	13 Nov 25	13:43:00	1	0	55	0	Ct	0	1	0	0	0	0	0	0	0	0	1	1	0	0	0	0	0	0	2	2	0	0	0	0	0	0	2	0	0	0	0	0	0	1
165700	13 Nov 25	13:44:00	1	0	55	0	Ct	0	1	0	0	2	0	0	0	0	0	0	1	0	0	0	0	0	0	0	2	0	0	0	0	0	0	0	0	0	0	0	0	0	1
165701	13 Nov 25	13:45:00	1	0	55	0	Ct	0	1	0	0	0	0	0	0	0	0	1	2	0	0	0	0	0	0	0	2	0	0	0	0	0	0	1	0	0	0	1	0	0	0
165702	13 Nov 25	13:46:00	1	0	55	0	Ct	0	1	0	0	0	0	0	0	0	0	0	0	0	0	0	0	0	0	0	0	0	0	0	0	1	0	1	0	0	0	0	0	0	0
165703	13 Nov 25	13:47:00	1	0	55	0	Ct	0	1	0	0	2	0	0	0	0	0	0	0	0	0	0	0	0	0	0	1	0	0	0	0	1	0	0	0	1	0	0	0	1	0
165704	13 Nov 25	13:48:00	1	0	55	0	Ct	0	1	0	0	0	0	0	0	0	0	1	2	0	0	0	0	0	0	0	1	0	0	0	4	0	0	0	0	1	0	1	0	1	0
165705	13 Nov 25	13:49:00	1	0	55	0	Ct	0	1	0	0	0	0	0	0	0	0	0	0	0	0	0	0	0	1	3	1	1	0	0	0	0	0	0	0	1	0	0	0	0	0
165706	13 Nov 25	13:50:00	1	0	55	0	Ct	0	1	0	0	1	0	0	0	0	0	1	2	0	0	0	0	0	2	1	0	1	0	0	0	0	0	2	0	1	0	0	0	0	0
165707	13 Nov 25	13:51:00	1	0	55	0	Ct	0	1	0	0	0	0	0	0	0	0	0	3	0	0	0	0	0	0	0	1	0	0	0	0	0	0	0	0	1	0	0	0	2	0
165708	13 Nov 25	13:52:00	1	0	55	0	Ct	0	1	0	0	1	0	0	0	0	0	0	2	0	0	0	0	0	0	0	1	0	0	0	0	0	0	0	0	1	0	0	0	1	0
165709	13 Nov 25	13:53:00	1	0	55	0	Ct	0	1	0	0	0	0	0	0	0	0	0	0	0	0	0	0	0	0	0	0	0	0	0	0	0	0	2	0	1	0	0	0	0	0
165710	13 Nov 25	13:54:00	1	0	55	0	Ct	0	1	0	0	0	0	0	0	0	0	0	0	0	0	0	0	0	0	0	0	0	0	0	2	0	0	0	0	0	0	0	0	1	0
165711	13 Nov 25	13:55:00	1	0	55	0	Ct	0	1	0	0	0	0	0	0	0	0	0	2	0	0	0	0	0	0	1	0	0	0	0	0	0	0	0	0	0	0	0	0	1	0
165712	13 Nov 25	13:56:00	1	0	55	0	Ct	0	1	0	0	1	0	0	0	0	0	0	0	0	0	0	0	0	0	1	0	0	0	0	1	0	0	0	0	0	0	0	0	0	0
165713	13 Nov 25	13:57:00	1	0	55	0	Ct	0	1	0	0	1	0	0	0	0	0	0	0	0	0	0	0	0	0	2	0	0	0	0	0	0	0	0	0	1	0	0	0	1	0
165714	13 Nov 25	13:58:00	1	0	55	0	Ct	0	1	0	0	0	0	4	0	0	0	0	2	0	0	0	0	0	0	0	0	0	0	0	0	1	0	2	0	1	0	0	0	2	0
165715	13 Nov 25	13:59:00	1	0	55	0	Ct	0	1	0	0	2	0	0	0	0	0	0	1	0	0	0	0	0	0	0	0	0	0	0	1	1	0	0	0	1	0	0	0	0	0
165716	13 Nov 25	14:00:00	1	0	55	0	Ct	0	1	0	0	0	0	4	0	0	0	0	1	0	0	0	0	0	0	0	1	0	0	0	1	1	0	0	0	1	0	0	0	1	0
165717	13 Nov 25	14:01:00	1	0	55	0	Ct	0	1	0	0	2	0	0	0	0	0	0	1	0	0	0	0	0	0	0	1	1	0	0	0	0	0	0	0	3	0	0	0	1	0
165718	13 Nov 25	14:02:00	1	0	55	0	Ct	0	1	0	0	0	0	0	0	0	0	0	1	0	0	0	0	0	0	1	0	1	0	0	2	0	0	0	0	0	0	1	0	0	0
165719	13 Nov 25	14:03:00	1	0	55	0	Ct	0	1	0	0	1	0	0	0	0	0	1	2	0	0	0	0	0	0	0	1	0	0	0	0	0	0	0	0	2	0	0	0	0	0
165720	13 Nov 25	14:04:00	1	0	55	0	Ct	0	1	0	0	1	0	0	2	0	0	0	0	0	0	0	0	0	0	0	1	0	0	0	0	0	0	0	0	0	1	0	0	2	2
165721	13 Nov 25	14:05:00	1	0	55	0	Ct	0	1	0	0	0	0	0	0	0	0	3	0	0	0	0	0	0	0	2	0	0	0	0	0	0	0	0	0	1	1	2	0	0	0
165722	13 Nov 25	14:06:00	1	0	55	0	Ct	0	1	0	0	2	0	0	0	0	0	0	2	0	0	0	0	0	0	0	0	0	0	0	2	0	0	0	0	1	0	0	0	0	2
165723	13 Nov 25	14:07:00	1	0	55	0	Ct	0	1	0	0	0	0	0	0	0	0	0	0	0	0	0	0	0	0	1	1	0	0	0	0	0	0	1	0	1	0	2	0	0	0
165724	13 Nov 25	14:08:00	1	0	55	0	Ct	0	1	0	0	0	0	0	0	0	0	0	0	0	0	0	0	0	0	1	2	0	0	0	0	0	0	2	0	3	0	0	0	1	0
165725	13 Nov 25	14:09:00	1	0	55	0	Ct	0	1	0	0	0	0	0	0	0	0	1	1	0	0	0	0	0	0	0	3	0	0	3	0	0	0	1	0	0	0	0	0	1	2
165726	13 Nov 25	14:10:00	1	0	55	0	Ct	0	1	0	0	2	0	0	0	0	0	0	0	0	0	0	0	0	0	0	0	0	0	3	0	0	0	0	0	0	0	2	0	1	2
165727	13 Nov 25	14:11:00	1	0	55	0	Ct	0	1	0	0	0	0	0	2	0	0	5	1	0	0	0	0	0	0	1	0	0	0	0	0	0	0	0	0	0	0	3	0	0	0
165728	13 Nov 25	14:12:00	1	0	55	0	Ct	0	1	0	0	1	0	0	0	0	0	1	0	0	0	0	0	0	0	4	0	0	0	0	3	0	0	0	0	0	0	0	0	2	1
165729	13 Nov 25	14:13:00	1	0	55	0	Ct	0	1	0	0	1	0	0	0	0	0	0	0	0	0	0	0	0	1	0	0	0	0	0	1	0	0	2	0	0	0	0	0	1	1
165730	13 Nov 25	14:14:00	1	0	55	0	Ct	0	1	0	0	1	0	0	0	0	0	0	0	0	0	0	0	0	3	0	0	0	0	0	0	0	0	0	0	1	0	0	0	0	0
165731	13 Nov 25	14:15:00	1	0	55	0	Ct	0	1	0	0	1	0	2	0	0	0	0	0	0	0	0	0	0	0	2	1	0	0	0	0	0	0	0	0	1	0	1	0	0	0
165732	13 Nov 25	14:16:00	1	0	55	0	Ct	0	1	0	0	0	0	0	0	0	0	1	0	0	0	0	0	0	5	0	1	0	0	0	0	0	0	0	0	1	0	1	0	3	0
165733	13 Nov 25	14:17:00	1	0	55	0	Ct	0	1	0	0	2	0	14	0	0	0	0	0	0	0	0	0	0	1	1	0	0	0	0	0	0	0	0	0	0	0	0	0	0	0
165734	13 Nov 25	14:18:00	1	0	55	0	Ct	0	1	0	0	0	0	3	0	0	0	1	0	0	0	1	0	0	1	1	0	0	0	0	0	0	0	0	0	1	0	0	0	0	0
165735	13 Nov 25	14:19:00	1	0	55	0	Ct	0	1	0	0	2	0	6	0	0	0	0	0	0	0	1	0	0	1	0	2	0	0	0	0	0	0	0	0	2	0	0	0	0	0
165736	13 Nov 25	14:20:00	1	0	55	0	Ct	0	1	0	0	0	0	4	1	0	0	0	0	0	0	0	0	0	1	3	1	0	0	0	0	0	0	0	0	0	0	1	0	1	0
165737	13 Nov 25	14:21:00	1	0	55	0	Ct	0	1	0	3	2	0	0	1	0	0	0	0	0	0	0	0	0	2	0	0	0	0	0	0	1	0	0	0	0	0	1	0	0	0
165738	13 Nov 25	14:22:00	1	0	55	0	Ct	0	1	0	1	1	0	0	0	0	0	0	0	0	0	0	0	0	4	0	0	0	0	0	0	0	3	0	0	0	0	0	0	0	1
165739	13 Nov 25	14:23:00	1	0	55	0	Ct	0	1	0	0	1	0	0	0	0	0	1	0	0	0	0	0	0	1	2	0	0	0	0	1	0	4	0	0	2	0	0	0	3	1
165740	13 Nov 25	14:24:00	1	0	55	0	Ct	0	1	0	0	0	0	0	0	0	0	1	1	0	0	0	0	0	3	0	0	3	0	0	1	0	0	1	0	0	0	0	0	0	0
165741	13 Nov 25	14:25:00	1	0	55	0	Ct	0	1	0	0	0	0	0	0	0	0	0	2	0	0	0	0	0	1	1	0	0	0	0	0	0	0	0	0	0	0	0	0	0	0
165742	13 Nov 25	14:26:00	1	0	55	0	Ct	0	1	0	0	2	0	0	1	0	0	0	0	0	0	0	0	0	5	1	1	0	0	0	0	0	0	1	0	0	0	0	0	2	0
165743	13 Nov 25	14:27:00	1	0	55	0	Ct	0	1	0	0	0	0	0	2	0	0	1	0	0	0	0	0	0	2	1	1	0	0	1	0	1	0	0	0	0	0	0	0	0	0
165744	13 Nov 25	14:28:00	1	0	55	0	Ct	0	1	0	0	1	0	0	0	0	0	0	1	0	0	0	0	0	1	1	2	0	0	1	0	0	0	0	0	1	0	0	0	1	0
165745	13 Nov 25	14:29:00	1	0	55	0	Ct	0	1	0	0	1	0	5	1	0	0	0	1	0	0	0	0	0	2	1	0	0	0	0	0	0	0	0	0	0	0	1	1	0	1
165746	13 Nov 25	14:30:00	1	0	55	0	Ct	0	1	0	0	0	0	0	2	0	0	0	0	0	0	0	0	0	1	1	0	0	0	0	1	0	0	1	0	1	0	1	0	0	1
165747	13 Nov 25	14:31:00	1	0	55	0	Ct	0	1	0	0	1	0	0	0	1	0	1	0	0	0	0	0	0	0	1	6	0	0	0	1	2	0	1	0	0	0	0	0	2	0
165748	13 Nov 25	14:32:00	1	0	55	0	Ct	0	1	0	0	1	0	7	1	1	0	0	0	0	0	0	0	0	2	1	1	0	0	0	0	0	0	0	0	0	0	0	0	0	2
165749	13 Nov 25	14:33:00	1	0	55	0	Ct	0	1	0	0	0	0	9	0	0	0	1	0	0	0	0	0	0	0	0	1	0	0	0	0	0	0	0	0	0	0	2	0	3	0
165750	13 Nov 25	14:34:00	1	0	55	0	Ct	0	1	0	0	1	0	8	2	0	0	0	2	0	0	0	0	0	0	0	2	0	0	0	2	0	0	1	0	2	0	0	0	1	1
165751	13 Nov 25	14:35:00	1	0	55	0	Ct	0	1	0	0	1	0	4	1	0	0	1	0	0	0	0	0	0	0	0	0	0	0	0	0	0	0	1	0	0	0	0	0	2	0
165752	13 Nov 25	14:36:00	1	0	55	0	Ct	0	1	0	0	0	0	16	1	0	0	1	0	0	0	0	0	0	0	1	1	0	0	1	0	0	0	0	0	0	0	1	0	1	1
165753	13 Nov 25	14:37:00	1	0	55	0	Ct	0	1	0	0	1	0	0	2	0	0	0	0	0	0	0	0	0	0	0	2	0	0	3	2	0	0	1	0	0	0	0	0	1	0
165754	13 Nov 25	14:38:00	1	0	55	0	Ct	0	1	0	0	1	0	0	0	0	0	1	0	0	0	0	0	0	0	0	1	0	0	0	0	0	0	1	0	0	0	0	0	1	2
165755	13 Nov 25	14:39:00	1	0	55	0	Ct	0	1	0	0	2	0	3	1	0	0	0	2	0	0	2	0	0	0	0	0	0	0	0	0	0	0	2	0	1	0	0	0	0	0
165756	13 Nov 25	14:40:00	1	0	55	0	Ct	0	1	0	0	1	0	0	1	0	0	1	0	0	0	0	0	0	0	0	1	0	0	1	0	0	0	2	0	1	1	5	0	1	1
165757	13 Nov 25	14:41:00	1	0	55	0	Ct	0	1	0	4	2	0	2	0	0	0	0	0	0	0	0	0	0	0	2	1	0	0	1	2	0	0	0	0	1	0	1	0	0	1
165758	13 Nov 25	14:42:00	1	0	55	0	Ct	0	1	0	0	0	0	1	2	0	0	0	1	0	0	0	0	0	1	0	2	0	0	0	0	0	0	1	0	0	1	0	0	0	1
165759	13 Nov 25	14:43:00	1	0	55	0	Ct	0	1	0	0	3	0	5	0	0	0	0	1	0	0	0	0	0	0	0	2	0	0	0	0	0	0	0	0	0	0	1	0	0	1
165760	13 Nov 25	14:44:00	1	0	55	0	Ct	0	1	0	0	1	0	0	0	0	0	0	0	0	0	0	0	0	2	2	0	0	0	0	0	0	0	0	0	0	0	1	0	0	1
165761	13 Nov 25	14:45:00	1	0	55	0	Ct	0	1	0	2	0	0	11	1	0	0	0	0	0	0	0	0	0	0	0	0	1	0	0	2	0	0	0	0	0	0	0	0	0	1
165762	13 Nov 25	14:46:00	1	0	55	0	Ct	0	1	0	0	1	0	6	1	0	0	0	1	0	0	0	0	0	0	1	0	1	0	0	0	0	0	0	0	0	0	0	0	1	2
165763	13 Nov 25	14:47:00	1	0	55	0	Ct	0	1	0	0	0	0	1	0	0	0	0	2	0	0	0	0	0	0	0	0	0	0	4	0	0	0	0	0	1	0	0	0	0	0
165764	13 Nov 25	14:48:00	1	0	55	0	Ct	0	1	0	0	0	0	0	2	0	0	1	1	0	0	0	0	0	0	1	0	0	0	0	0	0	1	0	0	1	0	0	0	0	1
165765	13 Nov 25	14:49:00	1	0	55	0	Ct	0	1	0	0	2	0	0	2	1	0	1	3	0	0	0	0	0	0	2	1	0	0	0	0	0	5	0	0	0	0	0	0	0	1
165766	13 Nov 25	14:50:00	1	0	55	0	Ct	0	1	0	0	0	0	0	0	1	0	0	0	0	0	0	0	0	0	0	1	0	0	0	0	2	0	1	0	0	2	0	0	0	1
165767	13 Nov 25	14:51:00	1	0	55	0	Ct	0	1	0	0	1	0	2	1	1	0	0	2	0	0	0	0	0	0	2	2	0	0	0	0	0	0	0	0	1	0	0	0	0	1
165768	13 Nov 25	14:52:00	1	0	55	0	Ct	0	1	0	0	0	0	3	1	0	0	0	0	0	0	0	0	0	0	1	1	0	0	0	0	0	3	0	0	1	0	0	0	0	0
165769	13 Nov 25	14:53:00	1	0	55	0	Ct	0	1	0	0	1	0	3	3	0	0	0	0	0	0	0	0	0	0	1	1	0	0	0	0	0	0	1	0	0	0	0	0	0	0
165770	13 Nov 25	14:54:00	1	0	55	0	Ct	0	1	0	1	2	0	0	2	0	0	0	2	0	0	0	0	0	0	1	2	0	0	0	0	0	0	1	0	1	3	1	0	0	0
165771	13 Nov 25	14:55:00	1	0	55	0	Ct	0	1	0	1	0	0	0	1	0	0	0	0	0	0	0	0	0	0	0	0	0	0	0	0	0	0	0	0	1	1	1	0	0	2
165772	13 Nov 25	14:56:00	1	0	55	0	Ct	0	1	0	0	1	0	9	1	0	0	0	2	0	0	0	0	0	1	1	0	0	0	0	1	0	0	0	0	0	0	0	0	0	0
165773	13 Nov 25	14:57:00	1	0	55	0	Ct	0	1	0	2	1	0	0	1	0	0	0	2	0	0	0	0	0	2	1	0	0	0	0	1	0	0	0	0	0	0	0	0	0	0
165774	13 Nov 25	14:58:00	1	0	55	0	Ct	0	1	0	0	1	0	0	0	0	0	0	1	0	0	0	0	0	1	0	1	0	0	0	0	0	0	1	0	1	0	0	0	0	0
165775	13 Nov 25	14:59:00	1	0	55	0	Ct	0	1	0	3	1	0	0	0	0	0	1	1	0	0	0	0	0	1	1	2	0	0	0	0	0	0	2	0	1	1	0	0	1	1
165776	13 Nov 25	15:00:00	1	0	55	0	Ct	0	1	0	0	0	0	0	1	0	0	0	0	0	0	0	0	0	0	1	0	0	0	0	2	0	0	0	0	1	1	0	0	0	1
165777	13 Nov 25	15:01:00	1	0	55	0	Ct	0	1	0	2	2	0	0	1	0	0	1	2	0	0	0	0	0	1	0	0	0	0	0	0	0	0	1	0	1	0	2	0	0	0
165778	13 Nov 25	15:02:00	1	0	55	0	Ct	0	1	0	0	0	0	0	0	0	0	0	0	1	0	0	0	0	1	0	0	0	0	0	1	0	0	0	0	1	0	0	0	0	2
165779	13 Nov 25	15:03:00	1	0	55	0	Ct	0	1	0	1	1	0	0	1	0	0	0	2	1	1	0	0	0	0	1	0	2	0	0	1	0	0	0	0	1	1	1	0	2	0
165780	13 Nov 25	15:04:00	1	0	55	0	Ct	0	1	0	0	1	0	0	1	0	0	0	0	0	0	0	0	0	0	1	0	0	0	0	0	0	0	1	0	1	1	1	0	3	0
165781	13 Nov 25	15:05:00	1	0	55	0	Ct	0	1	0	2	2	0	0	0	1	0	2	0	0	0	0	0	0	0	0	1	0	0	0	0	0	0	0	0	0	0	1	0	0	1
165782	13 Nov 25	15:06:00	1	0	55	0	Ct	0	1	0	0	1	0	0	1	1	0	0	2	0	0	0	0	0	2	0	0	0	0	3	0	0	0	0	0	0	0	1	0	1	1
165783	13 Nov 25	15:07:00	1	0	55	0	Ct	0	1	0	0	1	0	6	3	0	0	0	2	0	0	0	0	0	0	1	1	2	0	0	1	1	0	0	0	4	0	0	0	1	2
165784	13 Nov 25	15:08:00	1	0	55	0	Ct	0	1	0	0	0	0	3	1	0	0	0	2	0	0	0	0	0	2	1	0	0	0	0	2	0	0	2	0	1	1	0	0	0	1
165785	13 Nov 25	15:09:00	1	0	55	0	Ct	0	1	0	2	1	0	9	1	0	0	1	0	0	0	0	0	0	0	0	0	1	0	0	1	1	0	0	0	1	0	0	0	0	1
165786	13 Nov 25	15:10:00	1	0	55	0	Ct	0	1	0	0	1	0	0	1	0	0	0	1	0	0	0	0	0	0	0	1	1	0	0	0	0	0	0	0	0	1	1	0	0	3
165787	13 Nov 25	15:11:00	1	0	55	0	Ct	0	1	0	0	1	0	3	1	0	0	0	1	0	0	0	0	0	1	1	2	0	0	1	0	0	3	0	0	1	0	1	0	0	2
165788	13 Nov 25	15:12:00	1	0	55	0	Ct	0	1	0	2	1	0	7	0	0	0	1	2	0	0	0	0	0	2	1	0	0	0	1	2	0	0	0	0	1	0	0	0	0	2
165789	13 Nov 25	15:13:00	1	0	55	0	Ct	0	1	0	0	0	0	5	2	0	0	0	0	0	0	0	0	0	3	0	3	0	0	0	0	0	0	1	0	1	0	0	0	0	2
165790	13 Nov 25	15:14:00	1	0	55	0	Ct	0	1	0	2	1	0	0	1	0	0	0	0	0	0	0	0	0	1	0	2	0	0	0	1	0	0	2	0	0	0	0	0	0	1
165791	13 Nov 25	15:15:00	1	0	55	0	Ct	0	1	0	2	1	0	12	1	0	0	1	0	0	0	0	0	0	1	1	1	2	0	0	0	0	0	0	0	0	1	0	0	0	2
165792	13 Nov 25	15:16:00	1	0	55	0	Ct	0	1	0	0	0	0	3	1	0	0	0	0	0	0	0	0	0	1	0	1	0	0	0	0	3	0	1	0	0	3	0	0	0	2
165793	13 Nov 25	15:17:00	1	0	55	0	Ct	0	1	0	0	0	0	0	1	0	0	1	1	0	0	0	0	0	1	1	1	2	0	1	0	0	0	0	0	1	0	0	0	1	1
165794	13 Nov 25	15:18:00	1	0	55	0	Ct	0	1	1	4	2	0	18	0	0	0	0	1	0	0	0	0	0	0	0	2	1	0	3	0	0	1	0	0	1	0	0	0	0	1
165795	13 Nov 25	15:19:00	1	0	55	0	Ct	0	1	1	0	0	0	7	1	0	0	0	0	0	0	0	0	0	0	0	0	1	0	0	0	0	2	0	0	0	0	0	0	0	1
165796	13 Nov 25	15:20:00	1	0	55	0	Ct	0	1	0	2	1	0	1	1	0	0	1	2	0	0	0	0	0	0	1	1	2	0	0	0	0	0	0	0	0	0	0	0	2	2
165797	13 Nov 25	15:21:00	1	0	55	0	Ct	0	1	0	1	1	0	23	1	0	0	0	1	0	0	0	0	0	0	0	2	1	0	0	0	0	0	1	0	0	0	1	0	3	0
165798	13 Nov 25	15:22:00	1	0	55	0	Ct	0	1	0	0	2	0	0	3	1	0	1	1	0	0	0	0	0	4	0	0	0	0	0	0	0	0	2	0	3	0	1	0	0	1
165799	13 Nov 25	15:23:00	1	0	55	0	Ct	0	1	0	1	0	0	0	1	1	0	0	2	0	0	0	0	0	1	2	0	0	0	1	0	0	0	0	0	1	0	0	0	0	1
165800	13 Nov 25	15:24:00	1	0	55	0	Ct	0	1	0	1	0	0	0	2	0	0	0	2	0	0	0	0	0	0	0	0	0	0	1	0	0	0	1	0	0	0	0	0	0	2
165801	13 Nov 25	15:25:00	1	0	55	0	Ct	0	1	0	1	2	0	0	4	0	0	0	2	0	0	0	0	0	0	0	2	0	0	0	0	0	0	1	0	0	0	0	0	2	1
165802	13 Nov 25	15:26:00	1	0	55	0	Ct	0	1	0	1	0	0	6	1	1	2	0	1	0	0	0	0	0	0	0	0	0	0	2	0	0	0	0	0	0	0	0	0	0	1
165803	13 Nov 25	15:27:00	1	0	55	0	Ct	0	1	0	1	0	0	1	0	1	0	1	1	0	0	0	0	0	2	1	0	1	0	0	0	0	0	0	0	0	0	1	0	0	1
165804	13 Nov 25	15:28:00	1	0	55	0	Ct	0	1	0	2	0	0	7	0	0	0	0	1	0	0	0	0	0	0	1	0	1	0	0	0	0	0	0	0	3	0	1	0	0	2
165805	13 Nov 25	15:29:00	1	0	55	0	Ct	0	1	0	0	2	0	0	1	0	1	1	2	0	0	0	0	0	0	1	1	0	0	4	0	0	0	1	0	1	1	1	0	0	3
165806	13 Nov 25	15:30:00	1	0	55	0	Ct	0	1	0	0	0	0	0	0	0	1	0	0	0	0	0	0	0	2	0	1	6	0	1	0	0	0	1	0	5	1	1	0	3	0
165807	13 Nov 25	15:31:00	1	0	55	0	Ct	0	1	0	1	1	0	0	1	0	0	0	2	0	0	0	0	0	0	1	0	0	0	2	0	2	0	0	0	0	0	1	0	1	0
165808	13 Nov 25	15:32:00	1	0	55	0	Ct	0	1	0	2	1	0	0	2	0	0	0	0	0	0	2	0	0	0	3	1	0	0	0	0	0	0	0	0	1	0	1	0	3	1
165809	13 Nov 25	15:33:00	1	0	55	0	Ct	0	1	0	0	0	0	12	2	0	0	0	0	0	0	0	0	0	2	1	0	0	0	1	0	0	0	0	1	2	0	2	0	6	2
165810	13 Nov 25	15:34:00	1	0	55	0	Ct	0	1	0	0	0	0	7	0	0	0	1	0	0	0	0	0	0	0	0	0	0	0	1	0	0	0	5	0	0	0	0	3	1	0
165811	13 Nov 25	15:35:00	1	0	55	0	Ct	0	1	0	0	0	0	0	1	0	0	1	2	1	0	0	0	0	2	0	2	1	0	0	6	0	0	0	0	0	0	0	0	0	0
165812	13 Nov 25	15:36:00	1	0	55	0	Ct	0	1	0	1	0	0	0	2	0	0	0	3	1	0	0	0	0	0	1	0	2	0	0	0	0	0	0	0	1	0	1	0	1	0
165813	13 Nov 25	15:37:00	1	0	55	0	Ct	0	1	0	0	0	0	0	0	0	0	0	0	0	0	0	0	0	1	1	0	0	0	0	0	0	0	1	0	1	1	1	0	2	0
165814	13 Nov 25	15:38:00	1	0	55	0	Ct	0	1	0	0	0	0	5	1	0	0	1	0	0	0	2	0	0	3	0	1	0	0	0	0	0	0	0	0	0	1	0	0	1	0
165815	13 Nov 25	15:39:00	1	0	55	0	Ct	0	1	0	2	3	0	0	2	0	0	1	1	0	0	0	0	0	0	1	1	0	0	0	0	0	2	0	0	0	0	0	0	0	1
165816	13 Nov 25	15:40:00	1	0	55	0	Ct	0	1	0	0	0	0	1	1	0	2	0	1	0	0	0	0	0	0	1	0	0	0	2	0	0	0	0	0	1	0	0	0	0	1
165817	13 Nov 25	15:41:00	1	0	55	0	Ct	0	1	0	2	0	0	0	1	0	0	1	1	0	0	0	0	0	0	0	0	0	0	0	0	3	0	0	0	0	0	0	0	0	0
165818	13 Nov 25	15:42:00	1	0	55	0	Ct	0	1	0	0	2	0	0	1	0	0	1	1	0	0	0	0	0	1	0	0	0	0	0	0	0	0	1	0	1	0	2	0	0	0
165819	13 Nov 25	15:43:00	1	0	55	0	Ct	0	1	0	2	1	0	4	2	0	2	0	0	0	0	0	0	0	1	2	1	0	0	1	0	0	0	2	0	0	0	0	0	1	0
165820	13 Nov 25	15:44:00	1	0	55	0	Ct	0	1	0	0	1	0	0	2	0	0	0	0	0	0	0	0	0	0	0	1	0	0	1	2	0	0	0	0	0	0	0	0	0	1
165821	13 Nov 25	15:45:00	1	0	55	0	Ct	0	1	3	0	0	0	2	0	0	2	0	1	0	0	0	0	0	0	0	0	2	0	0	0	0	1	0	0	0	1	0	0	1	1
165822	13 Nov 25	15:46:00	1	0	55	0	Ct	0	1	2	0	1	0	0	1	0	0	0	0	0	0	0	0	0	0	0	0	1	0	0	1	2	1	0	0	2	0	0	1	0	0
165823	13 Nov 25	15:47:00	1	0	55	0	Ct	0	1	0	2	1	0	12	1	0	1	2	1	0	0	0	0	0	1	1	0	0	0	1	4	0	0	0	0	0	0	0	0	0	2
165824	13 Nov 25	15:48:00	1	0	55	0	Ct	0	1	0	0	2	0	1	1	0	1	0	0	0	0	0	0	0	1	1	0	0	0	1	0	0	2	0	0	1	0	0	0	0	0
165825	13 Nov 25	15:49:00	1	0	55	0	Ct	0	1	0	0	2	0	13	4	0	2	0	0	0	0	0	0	0	0	0	0	0	0	0	0	0	0	0	0	1	0	0	0	0	2
165826	13 Nov 25	15:50:00	1	0	55	0	Ct	0	1	0	1	2	0	13	0	0	0	1	0	0	0	0	0	0	0	0	0	0	0	0	0	0	1	0	0	0	0	0	0	0	0
165827	13 Nov 25	15:51:00	1	0	55	0	Ct	0	1	0	1	0	0	0	2	0	1	1	0	0	0	0	0	0	0	0	0	0	0	0	0	0	4	1	0	0	0	0	0	1	2
165828	13 Nov 25	15:52:00	1	0	55	0	Ct	0	1	0	2	0	0	0	2	0	1	0	0	0	0	0	0	0	0	1	0	0	0	0	2	0	3	3	0	0	0	0	0	1	0
165829	13 Nov 25	15:53:00	1	0	55	0	Ct	0	1	0	2	1	0	0	4	0	1	0	0	0	0	0	0	0	0	1	0	0	0	0	0	0	0	3	0	0	0	0	0	1	1
165830	13 Nov 25	15:54:00	1	0	55	0	Ct	0	1	0	0	1	0	3	1	0	1	2	0	0	0	0	0	0	0	1	1	1	0	0	0	0	0	0	0	2	0	0	0	0	1
165831	13 Nov 25	15:55:00	1	0	55	0	Ct	0	1	0	1	0	0	0	1	0	2	0	2	0	0	0	0	0	0	0	0	1	0	0	0	0	0	1	0	0	1	0	0	0	0
165832	13 Nov 25	15:56:00	1	0	55	0	Ct	0	1	0	1	2	0	0	1	2	1	0	0	0	0	0	0	0	2	0	0	0	0	4	0	0	0	2	0	0	0	0	0	1	0
165833	13 Nov 25	15:57:00	1	0	55	0	Ct	0	1	0	1	0	0	0	0	0	1	1	0	0	0	0	0	0	0	0	1	1	0	1	2	0	0	0	0	2	0	0	0	0	0
165834	13 Nov 25	15:58:00	1	0	55	0	Ct	0	1	0	1	0	0	1	1	0	0	2	1	0	0	2	0	0	0	1	0	1	0	0	0	0	0	0	0	0	0	1	0	2	2
165835	13 Nov 25	15:59:00	1	0	55	0	Ct	0	1	0	1	0	0	2	2	0	0	0	1	0	0	0	0	0	0	1	0	0	0	0	0	0	0	2	0	0	0	1	0	0	0
165836	13 Nov 25	16:00:00	1	0	55	0	Ct	0	1	0	1	1	0	11	1	0	0	1	0	0	0	0	0	0	1	0	0	0	0	0	0	0	0	1	0	0	1	1	0	1	2
165837	13 Nov 25	16:01:00	1	0	55	0	Ct	0	1	0	1	1	0	0	1	0	0	4	0	0	0	0	0	0	2	0	0	0	0	0	0	0	0	1	0	0	0	1	0	0	1
165838	13 Nov 25	16:02:00	1	0	55	0	Ct	0	1	0	2	3	0	0	2	0	0	0	1	0	0	0	0	0	0	0	0	1	0	0	0	0	0	1	0	1	0	0	0	0	1
165839	13 Nov 25	16:03:00	1	0	55	0	Ct	0	1	0	1	1	0	12	0	0	0	0	1	0	0	0	0	0	0	0	0	1	0	0	0	1	0	0	0	1	0	0	0	0	0
165840	13 Nov 25	16:04:00	1	0	55	0	Ct	0	1	0	0	1	0	1	1	0	2	1	0	0	0	0	0	0	0	0	0	0	0	1	0	1	0	1	0	1	0	3	0	0	2
165841	13 Nov 25	16:05:00	1	0	55	0	Ct	0	1	0	0	1	0	5	0	0	0	0	3	0	0	0	0	0	0	0	1	0	0	1	2	0	0	3	0	0	0	0	0	0	3
165842	13 Nov 25	16:06:00	1	0	55	0	Ct	0	1	0	3	0	0	0	1	0	0	0	0	0	0	0	0	0	2	1	1	0	0	0	0	0	0	0	0	1	0	0	0	0	0
165843	13 Nov 25	16:07:00	1	0	55	0	Ct	0	1	0	1	0	0	17	3	0	0	0	2	0	0	0	0	0	0	1	1	0	0	0	0	0	0	0	0	2	0	0	0	0	1
165844	13 Nov 25	16:08:00	1	0	55	0	Ct	0	1	0	1	0	0	0	2	0	0	0	0	0	0	0	0	0	0	0	0	0	0	0	0	0	0	2	0	0	0	0	0	0	1
165845	13 Nov 25	16:09:00	1	0	55	0	Ct	0	1	0	1	0	0	0	1	0	0	1	2	0	0	0	0	0	0	0	0	0	0	0	0	0	0	0	0	3	0	1	0	2	0
165846	13 Nov 25	16:10:00	1	0	55	0	Ct	0	1	0	0	1	0	0	2	0	2	0	0	0	0	0	0	0	0	0	0	0	0	0	0	2	0	1	0	1	0	1	1	1	0
165847	13 Nov 25	16:11:00	1	0	55	0	Ct	0	1	0	2	0	0	0	0	0	0	0	0	0	0	0	0	0	0	1	1	0	0	0	0	0	0	1	0	0	0	0	1	0	1
165848	13 Nov 25	16:12:00	1	0	55	0	Ct	0	1	0	0	0	0	0	0	0	1	1	0	0	0	0	0	0	2	0	1	0	0	0	2	0	0	0	0	0	0	0	0	2	2
165849	13 Nov 25	16:13:00	1	0	55	0	Ct	0	1	0	0	3	0	0	1	0	1	0	1	0	0	0	0	0	0	1	2	1	0	0	0	0	0	2	0	3	0	0	0	2	1
165850	13 Nov 25	16:14:00	1	0	55	0	Ct	0	1	0	0	1	0	0	2	0	0	1	1	0	0	0	0	0	0	0	0	1	0	0	3	0	0	0	0	0	0	2	0	0	3
165851	13 Nov 25	16:15:00	1	0	55	0	Ct	0	1	0	1	0	0	0	1	0	0	0	0	0	0	0	0	0	0	1	2	0	0	0	1	0	0	0	0	0	0	0	0	0	0
165852	13 Nov 25	16:16:00	1	0	55	0	Ct	0	1	0	1	3	0	7	2	2	0	0	0	0	0	0	0	0	0	1	1	0	0	1	0	0	0	0	0	0	1	0	0	0	0
165853	13 Nov 25	16:17:00	1	0	55	0	Ct	0	1	0	0	1	0	4	1	0	2	1	0	0	0	0	0	0	2	0	1	0	0	1	2	0	0	0	0	2	0	0	0	1	0
165854	13 Nov 25	16:18:00	1	0	55	0	Ct	0	1	1	0	1	0	0	1	0	0	0	0	0	0	0	0	0	0	0	1	1	0	0	0	0	2	0	0	0	0	0	0	1	0
165855	13 Nov 25	16:19:00	1	0	55	0	Ct	0	1	1	0	1	0	5	1	0	0	3	0	0	0	0	0	0	0	0	2	1	0	1	1	0	0	0	0	1	0	0	0	1	1
165856	13 Nov 25	16:20:00	1	0	55	0	Ct	0	1	0	0	2	0	0	1	1	0	1	0	0	0	2	0	0	0	0	0	1	0	1	1	0	0	0	0	3	0	0	0	0	1
165857	13 Nov 25	16:21:00	1	0	55	0	Ct	0	1	0	3	1	0	0	2	1	2	0	0	0	0	0	0	0	0	1	2	0	0	0	0	0	0	0	0	0	0	0	0	1	0
165858	13 Nov 25	16:22:00	1	0	55	0	Ct	0	1	0	2	1	0	6	1	0	0	0	1	0	0	0	0	0	0	0	0	1	0	2	0	1	0	1	0	0	0	0	0	0	0
165859	13 Nov 25	16:23:00	1	0	55	0	Ct	0	1	0	0	0	0	0	1	0	0	0	1	0	0	0	0	0	2	2	0	1	0	0	3	1	3	2	0	3	0	2	1	0	1
165860	13 Nov 25	16:24:00	1	0	55	0	Ct	0	1	0	2	1	0	2	0	0	0	1	0	0	0	1	0	0	2	0	0	0	0	0	0	0	1	0	0	0	0	0	2	0	1
165861	13 Nov 25	16:25:00	1	0	55	0	Ct	0	1	0	0	1	0	7	3	0	0	0	0	0	0	2	0	0	0	0	0	0	0	0	0	0	0	2	0	1	0	1	0	1	0
165862	13 Nov 25	16:26:00	1	0	55	0	Ct	0	1	0	5	2	0	0	1	0	1	1	0	1	0	0	0	0	0	0	0	0	0	0	4	1	0	1	0	2	2	1	0	0	0
165863	13 Nov 25	16:27:00	1	0	55	0	Ct	0	1	0	4	2	0	22	1	0	1	1	0	0	0	0	0	0	0	0	0	0	0	2	0	0	2	0	0	0	0	0	0	0	0
165864	13 Nov 25	16:28:00	1	0	55	0	Ct	0	1	0	3	0	0	27	1	0	0	0	0	0	0	0	0	0	3	1	0	1	0	0	0	0	0	0	0	0	0	2	0	1	2
165865	13 Nov 25	16:29:00	1	0	55	0	Ct	0	1	0	1	2	0	4	1	0	2	0	0	2	0	0	0	0	2	1	0	0	0	1	0	0	0	1	0	0	0	1	0	0	0
165866	13 Nov 25	16:30:00	1	0	55	0	Ct	0	1	0	1	2	1	9	1	0	0	1	0	2	0	0	0	0	0	0	1	2	0	1	0	0	0	0	0	0	0	0	4	0	0
165867	13 Nov 25	16:31:00	1	0	55	0	Ct	0	1	0	1	0	1	20	0	0	1	0	0	0	0	2	0	0	0	0	1	0	0	0	0	0	0	0	0	0	0	2	1	0	0
165868	13 Nov 25	16:32:00	1	0	55	0	Ct	0	1	0	0	0	0	10	1	0	1	0	0	0	0	0	0	0	0	0	0	0	0	2	0	0	0	0	1	2	0	1	0	0	0
165869	13 Nov 25	16:33:00	1	0	55	0	Ct	0	1	0	1	1	0	5	1	0	0	1	0	0	0	0	0	0	1	1	0	0	0	1	0	0	0	1	0	0	1	0	0	0	0
165870	13 Nov 25	16:34:00	1	0	55	0	Ct	0	1	0	1	1	0	5	0	0	0	0	0	0	0	0	0	0	1	2	0	0	0	3	0	4	0	0	0	0	0	0	0	0	0
165871	13 Nov 25	16:35:00	1	0	55	0	Ct	0	1	0	1	0	0	0	0	0	0	3	0	0	0	2	0	0	1	0	0	0	0	0	0	0	0	0	0	0	0	0	0	1	2
165872	13 Nov 25	16:36:00	1	0	55	0	Ct	0	1	0	2	0	0	1	1	0	0	1	0	0	0	1	0	0	1	1	0	0	0	1	2	0	0	0	0	1	0	0	0	0	0
165873	13 Nov 25	16:37:00	1	0	55	0	Ct	0	1	0	1	2	0	0	0	0	0	0	0	0	0	1	0	0	1	0	2	0	0	1	0	0	0	0	0	1	1	1	0	1	2
165874	13 Nov 25	16:38:00	1	0	55	0	Ct	0	1	0	0	2	0	0	0	0	0	1	0	0	0	2	0	0	1	0	2	0	0	0	0	0	2	0	0	2	1	0	0	1	2
165875	13 Nov 25	16:39:00	1	0	55	0	Ct	0	1	0	1	1	0	0	0	1	0	1	0	0	0	0	0	0	0	1	1	0	0	2	0	1	0	1	0	0	1	0	0	0	1
165876	13 Nov 25	16:40:00	1	0	55	0	Ct	0	1	0	1	0	2	9	0	3	0	0	2	0	0	0	0	0	0	0	2	0	0	0	0	0	0	2	0	0	1	1	0	0	2
165877	13 Nov 25	16:41:00	1	0	55	0	Ct	0	1	0	1	1	0	0	1	0	0	1	0	0	0	0	0	0	0	0	1	0	0	1	2	0	0	0	0	0	0	0	0	1	2
165878	13 Nov 25	16:42:00	1	0	55	0	Ct	0	1	0	1	1	0	13	1	1	0	0	1	0	0	2	0	0	1	1	1	0	0	1	0	0	0	0	0	0	0	1	1	1	1
165879	13 Nov 25	16:43:00	1	0	55	0	Ct	0	1	0	1	1	0	0	1	0	0	1	1	0	0	0	0	0	0	1	0	2	0	0	0	0	0	1	0	1	1	1	1	0	1
165880	13 Nov 25	16:44:00	1	0	55	0	Ct	0	1	0	1	1	0	0	1	0	0	0	1	0	0	0	0	0	0	0	0	0	0	0	3	0	0	0	0	1	0	1	0	1	1
165881	13 Nov 25	16:45:00	1	0	55	0	Ct	0	1	0	0	1	0	0	1	2	0	0	2	0	0	0	0	0	1	0	1	0	0	2	0	2	2	0	0	0	1	1	0	1	3
165882	13 Nov 25	16:46:00	1	0	55	0	Ct	0	1	0	0	1	0	0	4	0	2	1	1	0	0	0	0	0	0	0	1	0	0	0	2	0	4	1	0	2	0	0	0	1	0
165883	13 Nov 25	16:47:00	1	0	55	0	Ct	0	1	0	0	1	0	0	1	0	0	0	0	0	0	0	0	0	1	2	0	0	0	0	1	0	1	0	0	0	0	0	0	0	2
165884	13 Nov 25	16:48:00	1	0	55	0	Ct	0	1	0	2	1	0	0	0	0	0	1	2	0	0	2	0	0	0	1	0	0	0	1	1	0	0	0	0	2	0	2	0	0	2
165885	13 Nov 25	16:49:00	1	0	55	0	Ct	0	1	0	0	1	0	0	0	0	2	0	0	0	0	0	0	0	0	0	0	0	0	2	1	0	0	1	0	0	0	3	0	0	1
165886	13 Nov 25	16:50:00	1	0	55	0	Ct	0	1	0	0	1	0	0	0	0	0	1	2	0	0	0	0	0	0	0	0	0	0	0	0	0	1	0	0	1	1	1	0	0	1
165887	13 Nov 25	16:51:00	1	0	55	0	Ct	0	1	1	1	1	0	0	2	0	0	1	0	0	0	0	0	0	0	0	1	0	0	0	2	0	0	0	0	1	0	0	0	0	1
165888	13 Nov 25	16:52:00	1	0	55	0	Ct	0	1	2	1	0	0	0	0	1	1	1	2	0	0	0	0	0	2	0	1	0	0	2	0	1	0	1	0	0	0	0	2	0	1
165889	13 Nov 25	16:53:00	1	0	55	0	Ct	0	1	3	1	0	0	0	1	2	1	0	0	0	0	0	0	0	0	1	0	2	0	0	1	1	4	0	0	2	0	1	0	0	2
165890	13 Nov 25	16:54:00	1	0	55	0	Ct	0	1	1	1	0	0	3	2	0	0	0	3	0	0	1	0	0	0	1	1	0	0	0	1	3	0	0	0	2	0	0	0	0	0
165891	13 Nov 25	16:55:00	1	0	55	0	Ct	0	1	0	1	2	0	4	1	0	0	0	0	0	0	2	0	0	0	0	1	0	0	2	0	2	0	2	0	0	0	0	0	0	2
165892	13 Nov 25	16:56:00	1	0	55	0	Ct	0	1	0	1	1	0	9	2	1	0	2	2	0	0	0	0	0	0	0	0	0	0	0	1	0	0	0	0	1	0	1	0	0	2
165893	13 Nov 25	16:57:00	1	0	55	0	Ct	0	1	0	1	0	0	3	0	2	1	1	1	0	0	0	0	0	2	1	1	0	0	0	1	0	0	0	0	0	0	0	0	0	0
165894	13 Nov 25	16:58:00	1	0	55	0	Ct	0	1	0	1	1	0	0	0	1	1	0	1	0	0	2	0	0	0	1	1	0	0	0	0	0	0	2	0	1	1	0	1	0	3
165895	13 Nov 25	16:59:00	1	0	55	0	Ct	0	1	0	2	0	0	0	2	0	0	0	2	0	0	0	0	0	0	0	0	0	0	1	0	0	0	0	0	0	1	0	1	0	1
165896	13 Nov 25	17:00:00	1	0	55	0	Ct	0	1	2	0	1	1	3	0	0	2	1	0	0	0	2	0	0	0	0	2	0	0	2	1	0	0	2	0	1	0	0	0	0	0
165897	13 Nov 25	17:01:00	1	0	55	0	Ct	0	1	1	2	1	2	0	1	0	0	2	2	0	0	0	0	0	0	0	1	2	0	2	2	0	0	0	0	0	1	0	0	2	0
165898	13 Nov 25	17:02:00	1	0	55	0	Ct	0	1	2	0	2	0	0	1	3	0	0	1	0	0	1	0	0	1	1	0	0	0	2	2	0	0	1	0	0	0	1	0	1	1
165899	13 Nov 25	17:03:00	1	0	55	0	Ct	0	1	1	1	0	0	1	0	1	1	2	1	0	0	0	0	0	3	1	1	0	0	0	0	1	1	3	0	1	0	1	0	0	0
165900	13 Nov 25	17:04:00	1	0	55	0	Ct	0	1	2	0	2	1	5	1	3	1	1	0	0	0	0	0	0	0	0	1	0	0	0	0	1	1	0	0	1	0	1	3	0	2
165901	13 Nov 25	17:05:00	1	0	55	0	Ct	0	1	5	0	1	1	18	1	0	0	0	3	0	0	0	0	0	0	0	0	0	0	0	0	0	0	0	0	0	0	0	0	2	0
165902	13 Nov 25	17:06:00	1	0	55	0	Ct	0	1	0	0	0	3	0	0	1	0	0	0	0	0	0	0	0	0	0	2	0	0	0	0	0	1	1	0	0	1	0	0	0	1
165903	13 Nov 25	17:07:00	1	0	55	0	Ct	0	1	2	1	2	2	5	1	2	3	1	2	0	0	1	0	0	1	2	2	0	0	1	1	0	3	3	0	3	0	2	2	0	1
165904	13 Nov 25	17:08:00	1	0	55	0	Ct	0	0	3	1	6	2	20	3	5	6	0	3	2	4	0	0	0	1	3	4	2	0	3	4	3	2	2	0	3	0	2	4	2	3
165905	13 Nov 25	17:09:00	1	0	55	0	Ct	0	0	3	3	4	3	5	3	5	2	2	1	3	1	3	0	0	4	4	2	0	0	2	3	4	3	3	2	3	1	1	2	2	3
165906	13 Nov 25	17:10:00	1	0	55	0	Ct	0	0	3	2	6	7	13	4	3	1	1	6	2	3	3	0	0	2	3	2	2	0	1	3	2	1	2	2	1	1	2	5	3	6
165907	13 Nov 25	17:11:00	1	0	55	0	Ct	0	0	5	2	5	4	7	5	4	4	3	2	0	2	2	0	0	4	3	1	1	0	1	2	2	7	3	4	3	4	4	5	2	4
165908	13 Nov 25	17:12:00	1	0	55	0	Ct	0	0	4	2	6	1	8	3	3	4	4	2	1	3	3	0	0	2	3	4	1	0	2	4	2	4	3	5	1	2	2	5	2	3
165909	13 Nov 25	17:13:00	1	0	55	0	Ct	0	0	4	2	4	1	20	2	5	2	3	0	2	4	3	0	0	0	2	4	4	0	0	3	3	4	3	1	1	2	3	2	2	4
165910	13 Nov 25	17:14:00	1	0	55	0	Ct	0	0	4	3	5	2	15	2	5	3	3	3	2	3	0	0	0	5	3	3	0	0	1	3	3	2	4	4	1	2	5	5	4	4
165911	13 Nov 25	17:15:00	1	0	55	0	Ct	0	0	5	2	4	1	10	3	5	3	3	5	2	5	4	0	0	5	2	4	2	0	3	4	4	2	3	3	2	4	3	5	2	4
165912	13 Nov 25	17:16:00	1	0	55	0	Ct	0	0	3	3	8	1	8	3	3	2	3	4	3	5	3	0	0	4	3	4	3	0	1	4	3	3	4	4	2	1	7	4	1	4
165913	13 Nov 25	17:17:00	1	0	55	0	Ct	0	0	4	1	5	5	16	4	4	2	1	3	2	4	4	0	0	0	0	4	2	0	1	1	3	3	2	5	2	3	3	5	3	4
165914	13 Nov 25	17:18:00	1	0	55	0	Ct	0	0	3	0	8	1	10	1	3	3	3	2	2	3	3	0	0	2	1	3	2	0	7	1	4	3	2	2	1	2	3	6	3	4
165915	13 Nov 25	17:19:00	1	0	55	0	Ct	0	0	3	0	5	2	15	4	3	2	3	2	2	3	1	0	0	3	3	4	0	0	3	2	4	2	2	2	5	3	4	6	3	2
165916	13 Nov 25	17:20:00	1	0	55	0	Ct	0	0	4	5	5	3	18	2	4	3	1	2	0	2	3	0	0	1	1	4	0	0	3	2	2	4	3	4	1	1	3	4	4	3
165917	13 Nov 25	17:21:00	1	0	55	0	Ct	0	0	2	4	4	2	18	3	3	1	0	1	2	4	1	0	0	2	2	2	4	0	4	3	3	4	2	3	4	3	1	4	6	2
165918	13 Nov 25	17:22:00	1	0	55	0	Ct	0	0	2	1	5	4	7	2	5	2	0	1	3	4	3	0	0	3	2	4	1	0	5	2	3	2	1	3	3	1	2	6	4	3
165919	13 Nov 25	17:23:00	1	0	55	0	Ct	0	0	5	5	4	1	17	4	2	1	1	1	1	6	3	0	0	2	1	2	3	0	5	0	3	2	0	3	1	2	2	4	1	2
165920	13 Nov 25	17:24:00	1	0	55	0	Ct	0	0	2	2	5	2	6	2	4	2	1	1	3	2	3	0	0	2	1	2	1	0	1	3	4	3	3	3	0	1	2	3	0	5
165921	13 Nov 25	17:25:00	1	0	55	0	Ct	0	0	4	6	3	1	10	2	2	3	3	2	2	2	0	0	0	3	2	4	0	0	2	4	4	4	2	4	3	1	3	5	0	3
165922	13 Nov 25	17:26:00	1	0	55	0	Ct	0	0	4	2	3	1	11	3	5	2	2	2	3	4	2	0	0	2	1	2	1	0	1	2	3	1	4	3	4	2	3	3	0	1
165923	13 Nov 25	17:27:00	1	0	55	0	Ct	0	0	1	20	5	2	6	2	6	3	1	3	2	3	2	0	0	4	1	2	0	0	1	2	4	3	2	2	2	2	5	3	0	2
165924	13 Nov 25	17:28:00	1	0	55	0	Ct	0	0	3	2	4	7	23	1	2	2	3	2	1	2	2	0	0	1	1	3	0	0	2	3	4	2	2	4	1	4	3	5	1	2
165925	13 Nov 25	17:29:00	1	0	55	0	Ct	0	0	2	0	3	0	14	2	4	4	1	2	2	4	1	0	0	4	1	2	0	0	1	1	4	3	3	1	2	3	4	4	2	1
165926	13 Nov 25	17:30:00	1	0	55	0	Ct	0	0	5	1	4	3	15	3	2	2	2	2	2	3	1	0	0	4	4	4	0	0	2	3	3	3	2	0	1	3	3	4	4	2
165927	13 Nov 25	17:31:00	1	0	55	0	Ct	0	0	7	0	3	6	27	3	4	3	3	1	2	4	1	0	0	3	1	2	0	0	1	3	4	5	2	5	3	4	2	7	1	2
165928	13 Nov 25	17:32:00	1	0	55	0	Ct	0	0	7	2	3	3	14	2	3	1	1	0	3	4	3	0	0	0	2	1	0	0	3	2	3	3	3	4	0	4	2	5	4	2
165929	13 Nov 25	17:33:00	1	0	55	0	Ct	0	0	4	0	3	1	20	3	5	2	2	4	1	0	1	0	0	3	1	1	1	0	2	2	3	3	2	3	1	5	2	1	5	2
165930	13 Nov 25	17:34:00	1	0	55	0	Ct	0	0	3	1	4	1	8	5	2	1	0	2	2	3	2	0	0	2	0	4	0	0	1	2	3	4	4	4	0	1	1	3	2	2
165931	13 Nov 25	17:35:00	1	0	55	0	Ct	0	0	5	1	4	3	14	2	3	5	1	4	1	5	2	0	0	1	2	2	1	0	2	1	3	4	2	3	0	1	2	4	2	1
165932	13 Nov 25	17:36:00	1	0	55	0	Ct	0	0	4	1	4	1	4	2	2	3	2	4	2	8	2	0	0	3	3	2	1	0	3	0	3	7	2	2	2	2	1	1	2	2
165933	13 Nov 25	17:37:00	1	0	55	0	Ct	0	0	0	1	3	1	12	3	4	2	2	2	1	4	2	0	0	2	4	2	0	0	5	2	3	1	3	1	4	3	6	3	0	2
165934	13 Nov 25	17:38:00	1	0	55	0	Ct	0	0	2	1	2	2	17	4	2	1	2	1	0	3	2	0	0	4	3	2	0	0	2	3	3	1	3	5	2	1	3	3	0	1
165935	13 Nov 25	17:39:00	1	0	55	0	Ct	0	0	2	1	5	1	19	2	5	5	3	2	3	5	2	0	0	2	2	1	0	0	1	3	3	2	3	1	0	2	4	5	0	2
165936	13 Nov 25	17:40:00	1	0	55	0	Ct	0	0	0	0	5	2	7	3	4	1	2	1	1	0	3	0	0	3	1	4	2	0	2	3	3	2	3	2	3	2	7	2	0	3
165937	13 Nov 25	17:41:00	1	0	55	0	Ct	0	0	0	0	3	4	26	1	1	1	2	4	3	3	2	0	0	3	1	2	3	0	2	2	3	3	2	1	2	0	2	4	0	2
165938	13 Nov 25	17:42:00	1	0	55	0	Ct	0	0	0	2	4	1	1	3	2	2	2	1	2	2	1	0	0	2	1	3	2	0	3	1	2	4	2	4	3	1	2	3	0	3
165939	13 Nov 25	17:43:00	1	0	55	0	Ct	0	0	0	1	3	2	14	3	2	2	2	2	1	5	2	0	0	6	2	3	2	0	1	3	3	3	3	3	3	0	1	3	2	4
165940	13 Nov 25	17:44:00	1	0	55	0	Ct	0	0	0	0	4	1	7	5	8	0	5	2	3	2	1	0	0	1	1	0	1	0	1	0	3	1	2	2	1	1	2	1	1	5
165941	13 Nov 25	17:45:00	1	0	55	0	Ct	0	0	2	0	3	3	9	3	4	1	5	3	2	3	0	0	0	3	1	3	0	0	1	4	2	2	2	1	1	2	3	0	4	4
165942	13 Nov 25	17:46:00	1	0	55	0	Ct	0	0	0	4	4	1	3	2	3	1	3	1	1	4	2	0	0	2	1	1	3	0	1	1	2	1	3	0	0	1	3	2	1	2
165943	13 Nov 25	17:47:00	1	0	55	0	Ct	0	0	2	3	3	0	12	3	5	3	1	1	2	2	2	0	0	2	2	3	0	0	2	2	3	2	2	1	2	0	4	4	0	2
165944	13 Nov 25	17:48:00	1	0	55	0	Ct	0	0	3	3	2	1	10	3	1	1	3	3	1	2	0	0	0	3	2	3	2	0	2	3	3	3	1	2	2	3	3	4	2	2
165945	13 Nov 25	17:49:00	1	0	55	0	Ct	0	0	5	4	4	2	8	3	3	2	2	2	3	3	2	0	0	4	1	4	1	0	3	4	3	3	2	3	1	1	2	5	1	3
165946	13 Nov 25	17:50:00	1	0	55	0	Ct	0	0	3	1	5	2	14	4	3	1	1	1	5	5	2	0	0	3	2	3	0	0	2	1	1	1	2	2	1	2	3	3	2	3
165947	13 Nov 25	17:51:00	1	0	55	0	Ct	0	0	2	2	2	1	5	3	1	2	2	2	2	2	1	0	0	2	3	2	1	0	2	3	3	1	2	3	2	2	3	3	2	2
165948	13 Nov 25	17:52:00	1	0	55	0	Ct	0	0	1	0	3	1	27	7	4	3	2	0	2	1	2	0	0	1	3	3	0	0	0	1	4	3	2	4	2	2	5	3	4	2
165949	13 Nov 25	17:53:00	1	0	55	0	Ct	0	0	3	2	1	1	14	3	2	2	1	4	2	3	2	0	0	3	0	4	0	0	1	2	4	2	3	1	0	1	3	1	4	4
165950	13 Nov 25	17:54:00	1	0	55	0	Ct	0	0	2	4	4	2	13	3	0	3	5	4	3	3	2	0	0	3	1	2	2	0	1	1	4	3	3	1	1	2	5	5	3	1
165951	13 Nov 25	17:55:00	1	0	55	0	Ct	0	0	1	3	4	1	8	2	6	1	2	3	2	4	1	0	0	3	2	3	0	0	1	2	2	2	4	1	4	3	4	3	1	0
165952	13 Nov 25	17:56:00	1	0	55	0	Ct	0	0	2	1	2	1	14	1	3	1	3	4	3	3	2	0	0	1	0	3	2	0	2	3	1	2	2	2	1	2	3	4	2	1
165953	13 Nov 25	17:57:00	1	0	55	0	Ct	0	0	4	1	2	5	8	1	2	3	2	3	2	3	2	0	0	3	1	2	0	0	2	2	3	1	3	1	1	1	3	4	4	1
165954	13 Nov 25	17:58:00	1	0	55	0	Ct	0	0	5	0	5	2	21	2	1	1	1	1	2	3	2	0	0	4	3	2	2	0	1	2	1	1	1	2	2	0	5	4	4	1
165955	13 Nov 25	17:59:00	1	0	55	0	Ct	0	0	1	2	3	2	6	2	1	2	1	3	2	2	2	0	0	5	0	2	0	0	1	4	1	4	3	4	2	2	5	3	2	2
165956	13 Nov 25	18:00:00	1	0	55	0	Ct	0	0	1	1	5	1	12	3	2	1	1	1	1	3	2	0	0	4	3	2	3	0	2	2	4	1	6	2	1	2	5	3	2	1
165957	13 Nov 25	18:01:00	1	0	55	0	Ct	0	0	2	1	3	1	11	2	1	3	1	2	1	1	1	0	0	3	0	4	3	0	2	3	4	3	1	5	3	3	6	3	1	2
165958	13 Nov 25	18:02:00	1	0	55	0	Ct	0	0	5	0	3	2	7	4	3	1	2	2	1	4	0	0	0	1	2	3	0	0	1	1	2	2	4	2	1	2	7	2	4	1
165959	13 Nov 25	18:03:00	1	0	55	0	Ct	0	0	3	1	3	1	6	1	2	4	1	2	3	3	3	0	0	2	2	3	1	0	1	1	4	4	2	3	2	1	2	2	6	1
165960	13 Nov 25	18:04:00	1	0	55	0	Ct	0	0	3	1	2	1	18	2	1	2	2	1	1	3	2	0	0	1	1	2	0	0	0	2	4	2	2	1	2	3	3	1	2	2
165961	13 Nov 25	18:05:00	1	0	55	0	Ct	0	0	2	1	4	1	4	4	6	1	1	2	1	3	3	0	0	2	1	1	0	0	3	3	2	2	2	0	1	0	3	3	6	2
165962	13 Nov 25	18:06:00	1	0	55	0	Ct	0	0	0	0	4	3	11	3	2	2	1	2	2	2	1	0	0	4	2	2	0	0	1	1	2	0	3	2	1	0	2	0	6	1
165963	13 Nov 25	18:07:00	1	0	55	0	Ct	0	0	3	2	2	1	16	4	2	2	6	3	2	4	3	0	0	2	2	2	0	0	2	2	4	3	2	3	1	2	3	2	5	3
165964	13 Nov 25	18:08:00	1	0	55	0	Ct	0	0	3	8	4	1	13	3	4	3	4	0	2	3	1	0	0	0	1	3	2	0	2	4	4	1	2	2	1	3	2	4	5	2
165965	13 Nov 25	18:09:00	1	0	55	0	Ct	0	0	1	0	2	1	3	2	5	2	3	1	3	4	3	0	0	1	2	3	1	0	3	2	3	6	2	1	0	2	4	1	3	2
165966	13 Nov 25	18:10:00	1	0	55	0	Ct	0	0	2	2	3	3	15	6	4	2	4	3	3	2	1	0	0	4	1	3	2	0	1	1	3	2	2	1	2	2	3	3	5	2
165967	13 Nov 25	18:11:00	1	0	55	0	Ct	0	0	2	1	4	1	19	4	3	4	1	2	2	2	2	0	0	1	1	2	1	0	2	1	3	2	4	2	3	2	4	5	4	2
165968	13 Nov 25	18:12:00	1	0	55	0	Ct	0	0	3	5	2	1	5	3	0	2	2	2	2	3	2	0	0	4	2	2	1	0	2	2	2	2	2	3	2	3	3	3	3	1
165969	13 Nov 25	18:13:00	1	0	55	0	Ct	0	0	4	1	2	2	10	2	1	4	2	2	2	2	3	0	0	1	3	2	0	0	1	2	3	0	3	2	1	3	3	1	4	2
165970	13 Nov 25	18:14:00	1	0	55	0	Ct	0	0	4	1	3	1	0	1	2	1	7	2	1	2	0	0	0	4	3	3	0	0	4	1	3	1	3	2	2	2	3	3	3	2
165971	13 Nov 25	18:15:00	1	0	55	0	Ct	0	0	4	0	5	2	8	2	1	0	5	1	2	3	4	0	0	2	3	1	0	0	0	2	3	3	0	2	3	2	2	2	3	2
165972	13 Nov 25	18:16:00	1	0	55	0	Ct	0	0	2	2	1	5	8	4	0	2	1	0	2	3	2	0	0	5	2	2	2	0	1	2	4	4	2	3	1	1	2	4	5	2
165973	13 Nov 25	18:17:00	1	0	55	0	Ct	0	0	5	0	4	1	10	3	2	2	2	5	0	3	1	0	0	0	2	1	3	0	4	3	2	2	4	1	2	4	4	3	6	1
165974	13 Nov 25	18:18:00	1	0	55	0	Ct	0	0	2	1	5	0	10	5	2	1	1	2	0	6	5	0	0	1	2	2	1	0	4	1	2	2	2	2	2	1	2	3	3	2
165975	13 Nov 25	18:19:00	1	0	55	0	Ct	0	0	2	1	4	1	14	1	5	2	2	1	1	7	1	0	0	3	2	3	0	0	3	1	3	2	2	1	1	3	4	4	3	1
165976	13 Nov 25	18:20:00	1	0	55	0	Ct	0	0	4	0	6	2	9	2	2	1	2	3	2	4	1	0	0	4	0	1	0	0	0	2	3	2	3	2	0	1	3	2	3	2
165977	13 Nov 25	18:21:00	1	0	55	0	Ct	0	0	3	2	3	1	21	1	4	1	4	4	0	4	3	0	0	1	1	1	0	0	2	2	2	4	3	3	1	2	3	0	3	2
165978	13 Nov 25	18:22:00	1	0	55	0	Ct	0	0	4	1	5	1	11	3	2	1	3	3	5	3	2	0	0	1	1	2	3	0	1	1	3	1	3	1	0	2	3	1	6	1
165979	13 Nov 25	18:23:00	1	0	55	0	Ct	0	0	2	1	5	2	8	2	2	2	3	1	3	3	3	0	0	1	0	2	0	0	0	2	2	2	2	3	0	1	3	3	8	0
165980	13 Nov 25	18:24:00	1	0	55	0	Ct	0	0	1	0	3	0	20	2	4	2	3	2	1	4	4	0	0	5	2	2	0	0	0	1	1	4	2	2	2	2	3	3	5	2
165981	13 Nov 25	18:25:00	1	0	55	0	Ct	0	0	3	0	2	1	10	3	6	1	0	2	1	3	5	0	0	1	1	2	1	0	2	2	3	4	2	3	5	3	4	3	5	1
165982	13 Nov 25	18:26:00	1	0	55	0	Ct	0	0	4	1	4	2	14	1	2	2	2	3	2	4	3	0	0	2	2	2	2	0	1	3	3	6	2	1	1	1	3	2	2	1
165983	13 Nov 25	18:27:00	1	0	55	0	Ct	0	0	1	2	3	2	15	2	1	2	1	4	3	2	3	0	0	2	1	2	1	0	3	2	4	2	3	3	0	3	3	2	2	2
165984	13 Nov 25	18:28:00	1	0	55	0	Ct	0	0	2	1	5	1	8	3	6	1	2	0	2	4	2	0	0	2	1	2	4	0	0	2	3	5	1	1	0	2	4	4	0	0
165985	13 Nov 25	18:29:00	1	0	55	0	Ct	0	0	4	2	3	1	16	1	4	0	1	0	3	4	3	0	0	1	2	2	0	0	5	0	1	3	3	3	1	1	3	3	2	0
165986	13 Nov 25	18:30:00	1	0	55	0	Ct	0	0	2	1	3	2	14	4	3	1	0	1	2	2	3	0	0	5	1	1	1	0	3	2	3	4	2	1	2	0	4	6	5	2
165987	13 Nov 25	18:31:00	1	0	55	0	Ct	0	0	2	0	2	2	19	3	4	2	1	0	1	1	5	0	0	2	3	3	6	0	0	0	3	3	1	2	0	2	3	1	1	0
165988	13 Nov 25	18:32:00	1	0	55	0	Ct	0	0	3	1	1	1	10	5	3	2	2	0	2	3	3	0	0	1	0	3	0	0	5	5	3	2	4	2	2	1	6	3	4	2
165989	13 Nov 25	18:33:00	1	0	55	0	Ct	0	0	1	1	4	0	9	4	4	3	2	2	1	3	2	0	0	2	2	3	0	0	2	2	3	2	2	1	1	2	4	0	5	2
165990	13 Nov 25	18:34:00	1	0	55	0	Ct	0	0	3	2	5	1	9	5	8	1	3	4	1	3	3	0	0	1	0	3	2	0	0	0	3	3	3	2	0	1	3	3	4	4
165991	13 Nov 25	18:35:00	1	0	55	0	Ct	0	0	2	3	4	0	20	1	5	3	3	3	2	3	2	0	0	1	0	1	7	0	3	2	3	3	2	1	3	4	2	6	4	2
165992	13 Nov 25	18:36:00	1	0	55	0	Ct	0	0	1	2	1	3	8	1	3	3	3	3	4	2	2	0	0	0	1	1	0	0	2	2	3	2	2	1	3	2	3	2	2	1
165993	13 Nov 25	18:37:00	1	0	55	0	Ct	0	0	1	1	3	1	8	2	2	1	3	5	2	2	2	0	0	2	0	1	0	0	2	2	2	2	1	2	3	1	4	2	4	2
165994	13 Nov 25	18:38:00	1	0	55	0	Ct	0	0	4	1	3	3	11	4	4	0	1	2	2	2	0	0	0	2	1	1	0	0	7	2	1	2	2	2	2	3	4	5	4	3
165995	13 Nov 25	18:39:00	1	0	55	0	Ct	0	0	3	0	3	1	24	2	4	1	2	4	3	3	5	0	0	2	1	3	3	0	1	2	3	2	4	2	3	1	2	2	8	2
165996	13 Nov 25	18:40:00	1	0	55	0	Ct	0	0	4	3	3	2	18	3	2	1	3	2	3	3	2	0	0	2	2	2	1	0	2	2	4	2	2	3	0	1	1	2	7	2
165997	13 Nov 25	18:41:00	1	0	55	0	Ct	0	0	3	1	3	2	9	2	2	2	2	2	0	2	2	0	0	2	3	2	1	0	0	2	4	2	3	1	0	2	4	1	5	2
165998	13 Nov 25	18:42:00	1	0	55	0	Ct	0	0	0	5	3	2	4	3	2	1	1	0	1	2	3	0	0	0	4	2	5	0	2	2	1	3	1	2	2	1	4	4	0	2
165999	13 Nov 25	18:43:00	1	0	55	0	Ct	0	0	2	1	5	3	26	1	1	2	3	2	3	1	1	0	0	0	1	1	1	0	2	5	2	2	2	2	1	2	3	6	5	3
166000	13 Nov 25	18:44:00	1	0	55	0	Ct	0	0	1	3	4	0	7	2	4	3	1	3	1	2	6	0	0	0	0	2	2	0	1	1	3	3	3	2	0	6	3	4	2	2
166001	13 Nov 25	18:45:00	1	0	55	0	Ct	0	0	2	2	3	0	4	3	3	2	3	2	2	2	1	0	0	2	2	3	1	0	1	4	4	5	4	1	2	3	4	4	7	3
166002	13 Nov 25	18:46:00	1	0	55	0	Ct	0	0	3	1	3	1	12	3	2	3	2	3	1	1	2	0	0	2	2	2	2	0	0	1	3	4	2	1	2	3	1	9	2	2
166003	13 Nov 25	18:47:00	1	0	55	0	Ct	0	0	3	1	7	1	14	3	3	1	2	1	2	0	2	0	0	1	1	1	0	0	3	1	2	2	2	1	2	2	3	6	5	1
166004	13 Nov 25	18:48:00	1	0	55	0	Ct	0	0	1	3	3	1	11	4	0	2	3	2	1	1	3	0	0	3	2	4	0	0	5	1	4	5	3	2	1	0	5	6	4	1
166005	13 Nov 25	18:49:00	1	0	55	0	Ct	0	0	2	4	2	2	21	1	2	2	3	5	1	3	2	0	0	6	1	5	1	0	2	6	3	3	4	3	0	2	5	4	3	3
166006	13 Nov 25	18:50:00	1	0	55	0	Ct	0	0	3	2	2	0	12	2	3	2	2	2	2	3	4	0	0	3	1	1	0	0	0	2	4	2	1	2	3	4	6	6	4	3
166007	13 Nov 25	18:51:00	1	0	55	0	Ct	0	0	2	3	4	2	10	3	2	3	0	9	0	4	3	0	0	1	1	2	0	0	2	3	2	0	2	1	2	3	4	2	4	1
166008	13 Nov 25	18:52:00	1	0	55	0	Ct	0	0	1	0	5	1	15	2	0	2	0	2	3	4	2	0	0	2	2	2	2	0	2	1	2	3	4	2	0	2	7	2	4	1
166009	13 Nov 25	18:53:00	1	0	55	0	Ct	0	0	3	1	2	4	4	5	2	3	0	3	3	4	1	0	0	2	5	3	8	0	1	2	1	5	4	0	0	3	4	4	4	4
166010	13 Nov 25	18:54:00	1	0	55	0	Ct	0	0	2	1	3	2	10	2	3	2	1	1	2	4	2	0	0	3	1	3	3	0	5	3	5	4	3	3	1	2	5	4	5	3
166011	13 Nov 25	18:55:00	1	0	55	0	Ct	0	0	3	1	1	2	15	2	3	2	4	2	1	4	2	0	0	4	1	2	5	0	6	2	3	4	3	1	2	3	7	2	5	2
166012	13 Nov 25	18:56:00	1	0	55	0	Ct	0	0	2	0	2	1	4	3	3	3	2	4	2	2	2	0	0	3	0	3	3	0	8	2	3	3	1	2	1	1	1	1	4	1
166013	13 Nov 25	18:57:00	1	0	55	0	Ct	0	0	2	1	1	0	11	3	4	1	1	2	1	1	6	0	0	3	2	7	0	0	3	1	4	4	2	2	1	2	3	5	4	2
166014	13 Nov 25	18:58:00	1	0	55	0	Ct	0	0	3	0	3	0	18	3	0	1	1	3	2	0	1	0	0	1	0	4	3	0	2	2	2	5	3	2	1	0	5	4	4	2
166015	13 Nov 25	18:59:00	1	0	55	0	Ct	0	0	1	4	6	2	17	2	1	1	0	5	3	4	2	0	0	3	0	3	2	0	4	2	3	3	2	2	3	1	4	3	2	1
166016	13 Nov 25	19:00:00	1	0	55	0	Ct	0	0	3	2	3	1	28	1	4	2	3	3	4	3	2	0	0	3	2	1	3	0	2	1	3	1	1	2	7	1	4	4	2	2
166017	13 Nov 25	19:01:00	1	0	55	0	Ct	0	0	3	1	2	2	9	3	1	1	4	2	3	3	3	0	0	1	1	4	1	0	4	0	3	4	3	2	0	2	5	4	5	1
166018	13 Nov 25	19:02:00	1	0	55	0	Ct	0	0	2	1	3	3	24	3	5	1	3	1	1	2	2	0	0	3	1	2	1	0	3	2	3	7	2	1	3	4	5	4	1	3
166019	13 Nov 25	19:03:00	1	0	55	0	Ct	0	0	3	1	3	2	19	1	3	1	3	0	4	3	3	0	0	2	1	3	2	0	1	2	4	2	4	0	1	0	2	3	4	2
166020	13 Nov 25	19:04:00	1	0	55	0	Ct	0	0	1	0	4	2	8	4	5	2	3	2	2	4	3	0	0	7	2	3	3	0	3	1	3	4	1	4	2	2	3	5	5	2
166021	13 Nov 25	19:05:00	1	0	55	0	Ct	0	0	3	0	3	1	11	4	0	0	2	4	1	1	3	0	0	8	1	3	1	0	2	1	4	0	3	2	4	3	3	3	5	1
166022	13 Nov 25	19:06:00	1	0	55	0	Ct	0	0	3	1	4	2	9	2	0	2	3	2	2	1	6	0	0	3	1	2	1	0	5	1	2	1	3	2	1	0	5	2	2	2
166023	13 Nov 25	19:07:00	1	0	55	0	Ct	0	0	2	2	2	0	15	2	3	2	2	1	3	4	4	0	0	7	2	3	3	0	2	1	3	3	2	2	1	0	1	4	6	0
166024	13 Nov 25	19:08:00	1	0	55	0	Ct	0	0	5	0	2	3	8	3	3	3	1	1	0	2	5	0	0	4	2	2	1	0	2	1	2	4	3	3	1	1	2	3	7	2
166025	13 Nov 25	19:09:00	1	0	55	0	Ct	0	0	3	1	5	3	20	3	1	1	9	1	0	1	1	0	0	3	2	1	0	0	1	2	3	4	3	3	0	1	4	3	3	1
166026	13 Nov 25	19:10:00	1	0	55	0	Ct	0	0	8	3	3	4	14	2	4	2	0	3	0	2	3	0	0	2	1	3	1	0	3	1	3	3	2	1	6	1	3	3	1	0
166027	13 Nov 25	19:11:00	1	0	55	0	Ct	0	0	7	3	1	4	18	2	0	3	0	3	0	1	2	0	0	5	0	2	1	0	2	1	3	3	3	2	1	3	4	3	2	2
166028	13 Nov 25	19:12:00	1	0	55	0	Ct	0	0	5	0	1	4	8	3	3	2	5	3	0	2	3	0	0	5	0	2	1	0	1	2	3	1	1	0	2	1	4	4	1	2
166029	13 Nov 25	19:13:00	1	0	55	0	Ct	0	0	8	2	4	2	16	2	0	2	1	3	1	3	2	0	0	2	0	2	3	0	1	3	4	2	3	1	1	3	3	3	5	1
166030	13 Nov 25	19:14:00	1	0	55	0	Ct	0	0	4	3	4	2	14	3	0	1	2	2	2	1	3	0	0	4	2	2	0	0	2	3	3	4	3	1	2	2	2	4	7	2
166031	13 Nov 25	19:15:00	1	0	55	0	Ct	0	0	6	2	3	1	6	2	0	3	3	4	2	4	2	0	0	4	3	2	0	0	4	2	3	1	3	2	3	2	4	1	7	1
166032	13 Nov 25	19:16:00	1	0	55	0	Ct	0	0	2	1	4	1	11	4	0	3	2	1	2	2	1	0	0	4	2	0	1	0	1	2	4	5	4	2	0	1	4	3	4	2
166033	13 Nov 25	19:17:00	1	0	55	0	Ct	0	0	5	1	3	1	12	3	0	2	5	2	1	2	3	0	0	4	1	2	1	0	2	2	2	3	1	3	3	2	1	5	1	2
166034	13 Nov 25	19:18:00	1	0	55	0	Ct	0	0	3	2	5	1	6	3	0	4	2	2	2	3	4	0	0	4	2	2	0	0	1	3	4	3	4	2	2	1	2	5	2	2
166035	13 Nov 25	19:19:00	1	0	55	0	Ct	0	0	5	1	1	0	9	4	0	11	2	3	1	3	4	0	0	4	2	3	1	0	2	1	3	3	3	0	2	1	3	5	0	2
166036	13 Nov 25	19:20:00	1	0	55	0	Ct	0	0	4	0	4	2	11	3	2	4	3	2	1	3	4	0	0	3	2	2	1	0	1	2	3	6	4	2	2	0	2	3	5	2
166037	13 Nov 25	19:21:00	1	0	55	0	Ct	0	0	3	0	3	2	10	2	2	3	2	2	2	3	2	0	0	4	1	2	2	0	3	3	3	3	2	0	2	1	3	4	6	2
166038	13 Nov 25	19:22:00	1	0	55	0	Ct	0	0	2	0	6	4	19	2	1	3	1	3	3	2	4	0	0	3	1	2	1	0	1	1	3	3	3	3	1	1	4	3	3	1
166039	13 Nov 25	19:23:00	1	0	55	0	Ct	0	0	1	0	3	3	15	3	2	2	2	3	2	1	2	0	0	3	3	2	1	0	1	2	3	5	2	2	3	2	7	2	6	0
166040	13 Nov 25	19:24:00	1	0	55	0	Ct	0	0	4	1	1	1	14	2	1	2	1	2	2	4	2	0	0	5	1	2	0	0	2	2	3	4	2	2	3	1	3	3	4	0
166041	13 Nov 25	19:25:00	1	0	55	0	Ct	0	0	2	2	2	2	3	5	0	3	3	3	2	3	1	0	0	1	1	2	0	0	6	3	3	3	2	1	3	1	4	4	3	0
166042	13 Nov 25	19:26:00	1	0	55	0	Ct	0	0	2	2	8	2	19	3	0	0	3	1	2	3	1	0	0	2	1	3	2	0	3	2	3	3	3	4	1	2	3	4	4	0
166043	13 Nov 25	19:27:00	1	0	55	0	Ct	0	0	1	1	2	1	18	3	0	1	2	3	1	2	2	0	0	4	1	1	2	0	0	1	4	3	3	5	1	1	2	2	5	2
166044	13 Nov 25	19:28:00	1	0	55	0	Ct	0	0	4	3	1	1	18	3	0	2	2	2	0	2	2	0	0	3	1	1	1	0	1	1	3	2	4	0	0	1	3	3	3	2
166045	13 Nov 25	19:29:00	1	0	55	0	Ct	0	0	2	2	0	2	22	1	2	2	3	1	4	5	1	0	0	4	1	1	1	0	2	0	2	1	2	3	1	1	3	4	2	1
166046	13 Nov 25	19:30:00	1	0	55	0	Ct	0	0	2	1	0	2	14	4	0	2	2	0	1	4	1	0	0	2	2	2	0	0	1	3	3	3	3	2	1	0	2	3	4	2
166047	13 Nov 25	19:31:00	1	0	55	0	Ct	0	0	3	0	3	1	5	2	0	1	3	2	1	2	2	0	0	5	2	3	0	0	4	1	3	3	1	2	3	2	5	4	2	2
166048	13 Nov 25	19:32:00	1	0	55	0	Ct	0	0	2	4	1	1	7	3	0	4	1	12	2	7	3	0	0	4	1	3	0	0	2	1	3	3	1	3	0	0	3	4	2	1
166049	13 Nov 25	19:33:00	1	0	55	0	Ct	0	0	1	1	4	1	4	2	0	2	4	2	2	5	6	0	0	2	2	3	2	0	3	0	4	4	2	1	1	1	5	6	5	1
166050	13 Nov 25	19:34:00	1	0	55	0	Ct	0	0	3	1	3	2	12	3	0	1	4	1	2	7	2	0	0	4	1	2	1	0	1	0	3	2	2	3	2	0	5	6	3	3
166051	13 Nov 25	19:35:00	1	0	55	0	Ct	0	0	2	0	4	1	14	4	2	2	3	3	1	0	0	0	0	3	2	1	2	0	1	4	4	3	3	0	6	0	3	5	4	2
166052	13 Nov 25	19:36:00	1	0	55	0	Ct	0	0	3	2	4	1	12	3	2	3	1	1	5	4	0	0	0	2	2	1	1	0	2	3	3	2	2	3	4	0	5	3	4	3
166053	13 Nov 25	19:37:00	1	0	55	0	Ct	0	0	3	1	1	2	21	1	0	1	2	2	2	4	0	0	0	1	2	3	2	0	1	0	4	4	2	2	4	0	4	4	3	3
166054	13 Nov 25	19:38:00	1	0	55	0	Ct	0	0	4	0	3	0	7	3	0	0	3	1	3	3	0	0	0	3	2	3	1	0	4	1	4	3	4	2	0	1	3	4	7	3
166055	13 Nov 25	19:39:00	1	0	55	0	Ct	0	0	2	4	4	0	11	1	0	1	3	4	1	2	0	0	0	1	1	1	4	0	2	2	2	4	2	3	3	0	2	1	3	2
166056	13 Nov 25	19:40:00	1	0	55	0	Ct	0	0	3	0	4	1	14	4	0	3	3	2	1	0	0	0	0	2	1	4	1	0	1	2	3	3	4	1	3	1	1	3	6	2
166057	13 Nov 25	19:41:00	1	0	55	0	Ct	0	0	2	2	0	3	21	2	0	3	3	2	3	3	4	0	0	3	2	2	2	0	2	1	3	3	3	0	6	2	3	3	5	1
166058	13 Nov 25	19:42:00	1	0	55	0	Ct	0	0	2	0	0	1	3	3	0	1	3	3	0	3	0	0	0	3	2	4	1	0	3	1	3	4	4	1	3	0	5	3	3	3
166059	13 Nov 25	19:43:00	1	0	55	0	Ct	0	0	3	2	2	0	26	3	0	4	0	2	2	5	0	0	0	1	3	3	2	0	2	2	4	4	3	3	2	0	4	3	4	3
166060	13 Nov 25	19:44:00	1	0	55	0	Ct	0	0	4	1	1	5	9	3	0	3	0	1	1	5	0	0	0	5	2	3	3	0	1	2	3	2	3	1	3	0	3	4	4	3
166061	13 Nov 25	19:45:00	1	0	55	0	Ct	0	0	2	1	2	1	5	2	0	1	0	4	3	4	0	0	0	4	1	1	0	0	2	1	3	2	3	2	1	4	4	4	4	1
166062	13 Nov 25	19:46:00	1	0	55	0	Ct	0	0	4	2	2	2	17	2	0	2	1	2	3	3	3	0	0	4	1	0	0	0	4	1	4	2	4	0	4	1	3	3	2	3
166063	13 Nov 25	19:47:00	1	0	55	0	Ct	0	0	3	2	2	1	19	1	0	2	2	1	2	3	4	0	0	2	2	3	1	0	2	2	3	3	3	3	2	1	4	6	4	2
166064	13 Nov 25	19:48:00	1	0	55	0	Ct	0	0	2	1	3	1	12	4	0	1	1	2	3	2	1	0	0	3	2	2	2	0	0	2	1	3	2	2	2	1	4	1	2	2
166065	13 Nov 25	19:49:00	1	0	55	0	Ct	0	0	2	1	3	0	25	3	2	2	0	3	2	0	3	0	0	3	1	2	0	0	1	0	2	2	3	3	2	1	4	0	3	1
166066	13 Nov 25	19:50:00	1	0	55	0	Ct	0	0	3	2	3	1	7	1	0	1	1	3	1	1	4	0	0	5	2	2	0	0	2	3	5	3	8	2	4	1	5	1	5	3
166067	13 Nov 25	19:51:00	1	0	55	0	Ct	0	0	4	1	3	1	2	3	0	2	3	3	2	2	6	0	0	6	1	1	0	0	1	2	3	5	1	3	4	0	3	4	4	2
166068	13 Nov 25	19:52:00	1	0	55	0	Ct	0	0	3	0	4	1	11	3	0	3	1	0	2	2	1	0	0	5	1	3	0	0	2	0	3	2	2	0	1	0	3	3	3	3
166069	13 Nov 25	19:53:00	1	0	55	0	Ct	0	0	2	1	3	0	14	3	0	0	1	2	1	3	2	0	0	3	2	4	2	0	2	1	4	3	1	3	4	1	2	4	6	2
166070	13 Nov 25	19:54:00	1	0	55	0	Ct	0	0	2	0	2	0	25	2	0	2	2	2	1	2	4	0	0	3	1	1	0	0	1	1	2	3	2	2	1	1	2	5	3	3
166071	13 Nov 25	19:55:00	1	0	55	0	Ct	0	0	1	1	3	0	13	3	0	2	2	2	4	1	0	0	0	3	3	1	2	0	1	1	1	2	4	2	0	1	3	7	3	3
166072	13 Nov 25	19:56:00	1	0	55	0	Ct	0	0	4	6	3	2	8	1	0	3	3	2	1	4	3	0	0	1	2	2	2	0	2	2	2	3	3	3	0	0	4	3	4	3
166073	13 Nov 25	19:57:00	1	0	55	0	Ct	0	0	2	2	3	0	21	3	0	0	2	1	2	3	3	0	0	5	2	2	0	0	1	1	3	3	2	2	2	2	3	5	5	2
166074	13 Nov 25	19:58:00	1	0	55	0	Ct	0	0	2	1	3	1	18	3	0	0	2	2	1	2	3	0	0	7	1	1	0	0	2	2	3	3	3	1	1	1	3	8	5	3
166075	13 Nov 25	19:59:00	1	0	55	0	Ct	0	0	2	1	3	0	16	3	0	0	3	2	2	2	2	0	0	8	1	2	0	0	1	1	2	4	2	0	1	2	3	6	3	1
166076	13 Nov 25	20:00:00	1	0	55	0	Ct	0	0	3	0	3	3	13	1	1	3	3	0	1	0	3	0	0	5	2	3	3	0	1	2	3	4	3	2	3	2	4	7	3	2
166077	13 Nov 25	20:01:00	1	0	55	0	Ct	0	0	2	1	2	3	16	3	0	2	2	3	2	0	0	0	0	7	1	3	3	0	1	1	0	1	2	2	1	1	3	10	5	1
166078	13 Nov 25	20:02:00	1	0	55	0	Ct	0	0	1	1	3	5	12	1	0	2	2	2	1	0	1	0	0	5	1	3	1	0	1	2	3	1	2	2	1	2	2	6	4	2
166079	13 Nov 25	20:03:00	1	0	55	0	Ct	0	0	2	0	3	2	10	2	4	4	1	3	2	0	3	0	0	5	2	1	0	0	4	3	3	2	3	1	3	0	4	7	0	0
166080	13 Nov 25	20:04:00	1	0	55	0	Ct	0	0	3	1	1	2	13	3	4	2	0	1	1	0	0	0	0	3	1	2	2	0	2	2	3	2	3	1	0	2	3	6	5	2
166081	13 Nov 25	20:05:00	1	0	55	0	Ct	0	0	2	1	3	2	9	6	0	3	1	2	2	0	1	0	0	3	2	1	0	0	2	1	2	3	1	1	2	0	3	4	4	2
166082	13 Nov 25	20:06:00	1	0	55	0	Ct	0	0	4	3	4	1	11	2	0	1	1	0	1	0	3	0	0	4	1	2	1	0	0	1	2	5	6	2	1	0	2	6	4	2
166083	13 Nov 25	20:07:00	1	0	55	0	Ct	0	0	2	0	3	1	9	4	2	0	0	0	0	3	2	0	0	3	1	3	1	0	2	0	3	2	2	0	2	2	2	5	4	2
166084	13 Nov 25	20:08:00	1	0	55	0	Ct	0	0	1	2	4	1	14	6	0	2	3	0	2	4	0	0	0	3	1	3	1	0	2	3	3	2	3	2	1	0	2	0	1	3
166085	13 Nov 25	20:09:00	1	0	55	0	Ct	0	0	2	0	4	0	18	2	0	1	0	1	2	5	4	0	0	2	2	3	1	0	0	2	1	2	3	2	1	1	3	2	5	2
166086	13 Nov 25	20:10:00	1	0	55	0	Ct	0	0	1	2	1	2	6	3	0	2	3	0	1	2	4	0	0	2	1	0	1	0	2	3	3	4	3	2	1	1	3	4	5	4
166087	13 Nov 25	20:11:00	1	0	55	0	Ct	0	0	0	0	2	0	15	4	0	1	1	0	3	2	0	0	0	3	1	2	2	0	1	2	2	4	4	2	0	0	5	3	2	2
166088	13 Nov 25	20:12:00	1	0	55	0	Ct	0	0	2	1	3	3	6	1	0	1	2	0	2	3	2	0	0	2	2	0	2	0	2	2	2	4	1	1	3	0	4	4	5	3
166089	13 Nov 25	20:13:00	1	0	55	0	Ct	0	0	2	1	2	3	14	3	0	4	3	0	1	1	2	0	0	5	1	2	1	0	1	1	2	10	3	1	2	0	3	3	3	3
166090	13 Nov 25	20:14:00	1	0	55	0	Ct	0	0	2	2	2	1	28	4	0	2	2	0	2	1	4	0	0	5	1	3	3	0	1	1	3	6	2	2	0	1	5	4	0	1
166091	13 Nov 25	20:15:00	1	0	55	0	Ct	0	0	3	2	3	1	6	6	0	2	5	1	1	5	3	0	0	5	0	2	0	0	1	2	3	3	3	1	1	1	6	3	3	3
166092	13 Nov 25	20:16:00	1	0	55	0	Ct	0	0	0	0	3	1	15	4	0	2	3	2	2	3	3	0	0	5	0	2	0	0	2	0	2	0	4	2	0	0	3	10	4	3
166093	13 Nov 25	20:17:00	1	0	55	0	Ct	0	0	1	2	6	0	15	2	0	3	1	3	1	3	3	0	0	4	2	1	1	0	2	3	4	4	1	0	1	0	4	4	2	2
166094	13 Nov 25	20:18:00	1	0	55	0	Ct	0	0	2	0	3	1	20	4	0	2	4	1	2	3	0	0	0	4	0	1	2	0	2	2	2	2	2	0	2	2	6	8	4	3
166095	13 Nov 25	20:19:00	1	0	55	0	Ct	0	0	2	2	5	4	5	3	0	3	3	2	1	1	1	0	0	2	2	0	0	0	2	2	2	1	3	0	2	0	3	2	5	4
166096	13 Nov 25	20:20:00	1	0	55	0	Ct	0	0	3	1	5	1	9	2	0	0	3	1	2	2	2	0	0	4	1	4	1	0	1	0	3	2	2	0	1	0	5	4	3	2
166097	13 Nov 25	20:21:00	1	0	55	0	Ct	0	0	4	1	4	2	18	4	0	0	1	1	2	2	1	0	0	4	1	1	1	0	4	2	2	2	3	0	2	0	2	6	3	2
166098	13 Nov 25	20:22:00	1	0	55	0	Ct	0	0	3	0	4	2	17	10	0	2	2	3	2	1	2	0	0	0	2	2	1	0	0	1	2	3	3	2	1	0	2	3	2	2
166099	13 Nov 25	20:23:00	1	0	55	0	Ct	0	0	3	1	6	1	14	2	0	0	3	2	2	3	0	0	0	4	4	2	0	0	1	2	3	4	3	2	1	0	2	4	2	2
166100	13 Nov 25	20:24:00	1	0	55	0	Ct	0	0	2	0	1	1	20	2	0	1	2	3	1	4	1	0	0	3	2	2	0	0	3	2	0	4	4	0	1	0	2	8	4	4
166101	13 Nov 25	20:25:00	1	0	55	0	Ct	0	0	3	2	3	0	8	1	0	2	2	1	2	3	1	0	0	2	3	1	1	0	1	1	3	3	3	1	1	0	4	4	4	4
166102	13 Nov 25	20:26:00	1	0	55	0	Ct	0	0	3	1	3	1	5	2	0	0	0	2	0	3	2	0	0	4	3	0	1	0	1	1	3	1	3	2	0	0	3	2	2	5
166103	13 Nov 25	20:27:00	1	0	55	0	Ct	0	0	2	1	3	2	15	3	0	0	2	2	2	0	4	0	0	2	1	1	2	0	0	2	2	5	3	0	0	0	5	3	3	4
166104	13 Nov 25	20:28:00	1	0	55	0	Ct	0	0	1	0	2	1	13	3	0	2	1	2	2	0	0	0	0	3	1	2	2	0	0	1	2	3	3	0	0	2	2	4	2	3
166105	13 Nov 25	20:29:00	1	0	55	0	Ct	0	0	3	0	3	3	0	3	0	3	0	4	1	2	0	0	0	4	1	3	0	0	1	1	2	3	3	0	1	0	4	5	0	4
166106	13 Nov 25	20:30:00	1	0	55	0	Ct	0	0	1	10	3	0	9	3	0	2	2	2	3	1	0	0	0	3	2	1	0	0	1	2	4	1	3	0	0	0	4	4	6	2
166107	13 Nov 25	20:31:00	1	0	55	0	Ct	0	0	1	1	0	0	15	2	0	0	1	2	1	0	0	0	0	9	2	2	1	0	2	1	4	2	2	0	2	0	4	3	4	3
166108	13 Nov 25	20:32:00	1	0	55	0	Ct	0	0	3	3	3	0	12	7	0	2	1	3	1	3	0	0	0	3	2	1	1	0	1	1	5	3	3	0	2	0	0	9	3	1
166109	13 Nov 25	20:33:00	1	0	55	0	Ct	0	0	2	1	4	0	7	2	0	2	0	2	2	2	0	0	0	3	2	2	0	0	2	2	4	2	3	0	3	0	5	6	2	2
166110	13 Nov 25	20:34:00	1	0	55	0	Ct	0	0	2	1	0	0	27	2	0	1	1	3	0	2	0	0	0	4	1	1	0	0	1	3	3	3	1	5	2	0	4	4	2	4
166111	13 Nov 25	20:35:00	1	0	55	0	Ct	0	0	2	0	2	0	23	4	0	3	2	2	2	3	0	0	0	4	2	0	0	0	3	2	4	2	2	1	3	0	2	2	4	3
166112	13 Nov 25	20:36:00	1	0	55	0	Ct	0	0	2	0	3	0	24	3	0	1	4	2	1	1	0	0	0	3	1	3	1	0	0	1	5	4	2	4	0	0	4	3	3	1
166113	13 Nov 25	20:37:00	1	0	55	0	Ct	0	0	2	3	1	0	13	1	0	1	2	2	1	0	2	0	0	0	1	1	6	0	0	1	4	2	2	3	2	0	5	3	2	3
166114	13 Nov 25	20:38:00	1	0	55	0	Ct	0	0	2	1	1	2	4	2	0	1	3	1	1	0	2	0	0	3	0	1	5	0	1	2	4	2	2	0	0	0	3	4	6	3
166115	13 Nov 25	20:39:00	1	0	55	0	Ct	0	0	1	1	2	2	0	2	0	1	1	2	2	3	2	0	0	3	1	1	2	0	1	1	3	1	3	0	1	0	4	3	5	3
166116	13 Nov 25	20:40:00	1	0	55	0	Ct	0	0	2	1	3	3	1	1	0	2	1	2	3	2	2	0	0	3	2	2	5	0	2	2	3	2	2	0	3	0	2	3	3	3
166117	13 Nov 25	20:41:00	1	0	55	0	Ct	0	0	2	2	4	2	18	1	0	2	1	3	2	3	0	0	0	5	1	3	12	0	1	0	2	3	2	0	1	0	2	4	4	1
166118	13 Nov 25	20:42:00	1	0	55	0	Ct	0	0	1	0	3	3	17	3	0	0	0	2	3	2	0	0	0	5	1	2	3	0	2	1	4	2	2	3	5	0	2	4	4	2
166119	13 Nov 25	20:43:00	1	0	55	0	Ct	0	0	1	0	4	2	18	1	0	1	1	1	0	3	0	0	0	5	2	3	3	0	2	1	3	1	1	2	1	0	3	5	3	2
166120	13 Nov 25	20:44:00	1	0	55	0	Ct	0	0	2	2	0	0	15	1	0	2	2	2	2	0	0	0	0	1	1	3	2	0	3	0	3	4	1	2	0	0	3	3	3	3
166121	13 Nov 25	20:45:00	1	0	55	0	Ct	0	0	2	2	1	1	8	1	0	2	3	2	2	3	0	0	0	1	1	3	4	0	0	1	3	4	3	0	0	0	2	4	2	2
166122	13 Nov 25	20:46:00	1	0	55	0	Ct	0	0	2	2	1	2	11	3	0	1	1	2	0	4	2	0	0	4	1	0	0	0	2	2	4	2	4	0	3	0	3	4	1	3
166123	13 Nov 25	20:47:00	1	0	55	0	Ct	0	0	3	1	3	2	8	2	0	2	1	2	0	3	2	0	0	3	1	4	6	0	1	2	2	3	2	0	1	0	2	3	4	1
166124	13 Nov 25	20:48:00	1	0	55	0	Ct	0	0	1	1	3	2	5	2	0	2	3	0	3	2	0	0	0	1	2	3	0	0	2	1	3	2	3	0	1	0	4	3	2	5
166125	13 Nov 25	20:49:00	1	0	55	0	Ct	0	0	3	1	6	1	8	0	0	2	0	1	2	1	0	0	0	4	2	3	1	0	2	8	3	4	2	0	2	0	4	1	5	3
166126	13 Nov 25	20:50:00	1	0	55	0	Ct	0	0	1	2	1	1	26	2	0	0	3	3	1	3	0	0	0	1	1	2	1	0	1	2	2	0	2	1	1	0	4	3	2	3
166127	13 Nov 25	20:51:00	1	0	55	0	Ct	0	0	1	0	1	1	15	2	0	2	1	0	3	3	0	0	0	1	1	3	0	0	2	1	1	1	2	0	1	0	1	4	4	4
166128	13 Nov 25	20:52:00	1	0	55	0	Ct	0	0	3	2	2	0	8	1	0	0	0	0	2	2	0	0	0	3	2	2	4	0	0	2	2	3	2	0	2	0	2	7	2	3
166129	13 Nov 25	20:53:00	1	0	55	0	Ct	0	0	1	0	3	0	17	4	0	0	4	1	0	0	2	0	0	4	2	0	1	0	2	0	3	3	2	0	3	0	3	3	5	3
166130	13 Nov 25	20:54:00	1	0	55	0	Ct	0	0	2	1	5	0	9	4	0	0	0	2	0	0	2	0	0	2	2	2	1	0	3	3	3	1	2	0	1	0	3	4	4	2
166131	13 Nov 25	20:55:00	1	0	55	0	Ct	0	0	0	0	5	0	0	2	0	2	1	0	0	0	0	0	0	3	0	3	0	0	1	5	3	2	3	0	3	0	4	5	0	1
166132	13 Nov 25	20:56:00	1	0	55	0	Ct	0	0	1	0	5	0	8	1	0	2	2	1	0	0	0	0	0	2	2	3	0	0	1	3	3	4	2	0	2	0	3	5	0	3
166133	13 Nov 25	20:57:00	1	0	55	0	Ct	0	0	3	2	2	0	10	3	0	0	3	2	0	2	0	0	0	2	2	3	0	0	2	1	4	1	0	0	2	0	6	4	6	2
166134	13 Nov 25	20:58:00	1	0	55	0	Ct	0	0	3	1	2	0	15	1	0	0	2	1	0	1	0	0	0	4	0	3	0	0	0	1	0	0	2	0	1	0	3	5	3	2
166135	13 Nov 25	20:59:00	1	0	55	0	Ct	0	0	2	2	1	0	8	2	0	0	4	0	0	2	0	0	0	3	2	2	3	0	1	4	0	0	3	0	5	0	1	3	0	1
166136	13 Nov 25	21:00:00	1	0	55	0	Ct	0	0	1	2	2	0	17	1	0	0	0	0	0	2	0	0	0	2	0	2	0	0	1	3	1	4	3	0	3	0	3	9	4	2
166137	13 Nov 25	21:01:00	1	0	55	0	Ct	0	0	0	0	3	0	13	2	0	0	3	1	0	1	5	0	0	0	1	2	4	0	1	2	1	1	2	0	3	0	4	5	2	2
166138	13 Nov 25	21:02:00	1	0	55	0	Ct	0	0	2	1	4	2	22	2	0	0	3	1	0	0	0	0	0	2	2	1	1	0	1	2	2	0	2	0	0	0	3	6	4	1
166139	13 Nov 25	21:03:00	1	0	55	0	Ct	0	0	2	0	4	0	18	3	0	0	2	3	0	0	0	0	0	2	2	2	1	0	1	4	3	0	3	0	2	0	6	6	2	2
166140	13 Nov 25	21:04:00	1	0	55	0	Ct	0	0	0	2	4	5	5	1	0	0	1	0	0	0	0	0	0	3	1	0	1	0	0	3	3	0	2	0	2	0	3	4	4	2
166141	13 Nov 25	21:05:00	1	0	55	0	Ct	0	0	0	1	1	2	5	3	0	0	0	0	0	0	0	0	0	3	2	1	0	0	2	4	2	1	2	0	2	0	4	4	4	1
166142	13 Nov 25	21:06:00	1	0	55	0	Ct	0	0	1	0	1	3	0	8	0	0	0	0	0	0	0	0	0	4	1	2	0	0	0	2	1	5	2	0	2	0	2	1	1	1
166143	13 Nov 25	21:07:00	1	0	55	0	Ct	0	0	1	0	0	3	6	3	0	0	0	0	1	0	0	0	0	2	1	1	3	0	1	3	1	5	3	0	1	0	3	5	4	1
166144	13 Nov 25	21:08:00	1	0	55	0	Ct	0	0	0	2	2	1	8	2	0	0	0	0	2	0	0	0	0	4	1	3	4	0	1	4	2	0	1	0	1	0	5	3	2	3
166145	13 Nov 25	21:09:00	1	0	55	0	Ct	0	0	1	0	2	1	7	4	2	0	0	1	0	0	0	0	0	5	1	3	0	0	3	3	2	0	0	0	2	0	1	4	3	3
166146	13 Nov 25	21:10:00	1	0	55	0	Ct	0	0	2	0	1	1	15	3	0	0	0	0	0	0	0	0	0	3	1	1	2	0	1	1	2	0	0	0	1	0	0	4	3	1
166147	13 Nov 25	21:11:00	1	0	55	0	Ct	0	0	1	2	2	6	8	1	0	0	0	1	0	0	0	0	0	0	0	1	2	0	0	3	2	3	2	2	3	0	2	4	3	2
166148	13 Nov 25	21:12:00	1	0	55	0	Ct	0	0	1	0	2	3	7	2	0	0	0	0	0	0	0	0	0	1	1	1	18	0	1	1	2	3	3	0	0	0	1	6	3	2
166149	13 Nov 25	21:13:00	1	0	55	0	Ct	0	0	1	0	3	0	11	2	0	2	3	0	0	0	0	0	0	1	4	1	6	0	2	2	2	2	2	2	2	0	2	4	3	2
166150	13 Nov 25	21:14:00	1	0	55	0	Ct	0	0	3	1	3	0	5	5	0	0	4	2	0	0	0	0	0	0	6	1	14	0	1	3	0	2	2	0	0	0	3	2	3	2
166151	13 Nov 25	21:15:00	1	0	55	0	Ct	0	0	1	1	4	2	19	0	0	0	3	2	0	0	0	0	0	0	3	2	4	0	1	2	2	4	2	2	0	0	0	3	4	1
166152	13 Nov 25	21:16:00	1	0	55	0	Ct	0	0	2	0	3	1	15	1	0	0	0	1	0	0	0	0	0	1	4	1	1	0	3	3	2	3	2	1	0	0	2	4	3	1
166153	13 Nov 25	21:17:00	1	0	55	0	Ct	0	0	2	0	4	1	23	2	0	0	0	1	0	0	0	0	0	4	0	3	1	0	3	2	0	2	2	0	2	0	4	5	2	1
166154	13 Nov 25	21:18:00	1	0	55	0	Ct	0	0	1	1	2	0	0	2	0	0	0	2	0	0	0	0	0	2	4	1	9	0	0	3	0	0	2	0	2	0	2	3	0	2
166155	13 Nov 25	21:19:00	1	0	55	0	Ct	0	0	2	1	4	0	6	2	0	0	0	2	0	0	0	0	0	3	4	1	8	0	0	3	2	2	0	2	2	0	3	3	4	2
166156	13 Nov 25	21:20:00	1	0	55	0	Ct	0	0	0	2	2	0	11	3	0	0	0	0	0	0	0	0	0	1	2	0	0	0	3	2	2	2	2	2	1	0	1	5	3	1
166157	13 Nov 25	21:21:00	1	0	55	0	Ct	0	0	2	0	4	0	5	2	0	0	0	2	0	0	0	0	0	0	0	0	0	0	0	3	2	3	0	0	1	0	0	4	3	3
166158	13 Nov 25	21:22:00	1	0	55	0	Ct	0	0	0	1	2	0	0	1	0	0	0	4	0	0	0	0	0	1	2	0	0	0	1	4	2	2	1	0	3	0	2	4	3	1
166159	13 Nov 25	21:23:00	1	0	55	0	Ct	0	0	0	1	0	0	0	2	0	0	0	0	0	0	0	0	0	1	2	2	0	0	1	0	0	3	3	0	1	0	0	4	1	2
166160	13 Nov 25	21:24:00	1	0	55	0	Ct	0	0	0	0	4	0	7	2	0	0	0	0	0	0	0	0	0	2	0	2	0	0	0	3	2	2	2	0	0	0	2	5	4	0
166161	13 Nov 25	21:25:00	1	0	55	0	Ct	0	0	0	2	3	0	11	2	0	0	0	0	0	0	0	0	0	0	1	0	0	0	2	4	1	2	2	3	2	0	1	3	1	2
166162	13 Nov 25	21:26:00	1	0	55	0	Ct	0	0	0	3	1	0	5	3	0	0	0	1	0	0	0	0	0	1	1	0	2	0	1	4	2	1	0	1	2	0	3	2	5	0
166163	13 Nov 25	21:27:00	1	0	55	0	Ct	0	0	0	1	2	0	14	2	0	0	0	1	0	0	0	0	0	4	1	0	0	0	1	2	1	1	2	0	0	0	0	3	4	3
166164	13 Nov 25	21:28:00	1	0	55	0	Ct	0	0	0	1	0	0	4	2	0	0	0	0	0	0	0	0	0	3	2	0	0	0	0	2	2	2	3	0	0	0	0	4	2	1
166165	13 Nov 25	21:29:00	1	0	55	0	Ct	0	0	0	1	0	0	18	2	0	0	0	0	0	0	0	0	0	1	1	0	0	0	3	2	3	0	1	0	0	0	0	7	1	2
166166	13 Nov 25	21:30:00	1	0	55	0	Ct	0	0	0	1	2	0	0	1	3	0	0	0	0	0	0	0	0	2	0	2	0	0	0	0	1	4	2	0	0	0	0	2	3	2
166167	13 Nov 25	21:31:00	1	0	55	0	Ct	0	0	2	0	1	0	4	2	0	0	2	2	0	0	0	0	0	0	2	2	0	0	3	4	0	1	1	0	0	0	0	1	1	0
166168	13 Nov 25	21:32:00	1	0	55	0	Ct	0	0	1	1	4	0	14	2	0	0	0	1	0	0	0	0	0	2	0	0	0	0	0	2	0	1	2	0	0	0	0	3	3	0
166169	13 Nov 25	21:33:00	1	0	55	0	Ct	0	0	2	1	1	0	2	4	0	0	0	1	0	0	0	0	0	1	1	0	0	0	2	2	2	1	2	0	3	0	0	6	4	2
166170	13 Nov 25	21:34:00	1	0	55	0	Ct	0	0	3	2	0	0	7	0	0	0	0	0	0	0	0	0	0	3	1	3	0	0	0	2	0	0	0	0	3	0	0	7	1	2
166171	13 Nov 25	21:35:00	1	0	55	0	Ct	0	0	0	0	2	0	21	1	0	0	0	0	0	0	0	0	0	0	2	4	0	0	2	2	3	2	3	0	1	0	0	3	5	2
166172	13 Nov 25	21:36:00	1	0	55	0	Ct	0	0	0	0	2	0	16	3	0	0	0	0	0	0	2	0	0	0	2	4	0	0	0	0	3	0	3	0	2	0	0	5	3	0
166173	13 Nov 25	21:37:00	1	0	55	0	Ct	0	0	0	0	2	0	26	1	0	0	1	0	0	0	1	0	0	0	0	1	0	0	1	2	3	0	0	0	3	0	1	7	0	2
166174	13 Nov 25	21:38:00	1	0	55	0	Ct	0	0	0	1	2	0	15	4	0	0	1	0	0	0	0	0	0	0	0	3	0	0	1	2	0	0	1	0	1	0	2	8	2	2
166175	13 Nov 25	21:39:00	1	0	55	0	Ct	0	0	0	0	3	0	8	2	0	0	0	0	0	0	0	0	0	2	5	3	0	0	2	1	0	0	0	0	3	0	2	2	0	2
166176	13 Nov 25	21:40:00	1	0	55	0	Ct	0	0	0	2	0	0	5	1	0	0	0	0	0	0	0	0	0	3	3	1	0	0	0	2	2	3	2	0	1	0	2	3	0	2
166177	13 Nov 25	21:41:00	1	0	55	0	Ct	0	0	2	0	0	0	0	3	0	0	0	2	0	0	0	0	0	2	4	2	0	0	1	3	2	1	5	0	1	0	0	2	0	0
166178	13 Nov 25	21:42:00	1	0	55	0	Ct	0	0	0	2	1	0	4	2	0	0	0	1	0	0	0	0	0	1	4	2	0	0	1	1	0	0	2	0	0	0	4	4	0	1
166179	13 Nov 25	21:43:00	1	0	55	0	Ct	0	0	0	1	2	0	10	1	0	0	0	1	0	0	0	0	0	3	3	2	0	0	0	1	2	3	4	0	0	0	0	4	0	2
166180	13 Nov 25	21:44:00	1	0	55	0	Ct	0	0	0	0	0	0	8	2	0	0	0	0	0	0	2	0	0	4	4	2	0	0	1	0	1	3	3	0	2	0	2	5	0	1
166181	13 Nov 25	21:45:00	1	0	55	0	Ct	0	0	0	1	4	0	2	4	0	0	0	0	0	0	0	0	0	0	2	1	0	0	1	2	1	2	4	0	0	0	0	4	0	0
166182	13 Nov 25	21:46:00	1	0	55	0	Ct	0	0	0	0	2	0	3	2	0	0	0	0	0	0	0	0	0	1	1	2	0	0	0	4	2	2	3	0	0	0	0	2	0	0
166183	13 Nov 25	21:47:00	1	0	55	0	Ct	0	0	0	13	2	0	6	2	0	0	0	1	0	0	1	0	0	1	0	1	0	0	2	3	2	5	3	0	0	0	0	1	0	0
166184	13 Nov 25	21:48:00	1	0	55	0	Ct	0	0	0	2	2	0	31	3	0	0	0	0	0	0	2	0	0	0	2	2	0	0	1	3	2	2	3	2	0	0	3	3	4	2
166185	13 Nov 25	21:49:00	1	0	55	0	Ct	0	0	3	0	2	0	13	2	0	0	0	2	0	0	1	0	0	0	2	2	0	0	1	2	2	4	3	0	0	0	3	5	4	0
166186	13 Nov 25	21:50:00	1	0	55	0	Ct	0	0	2	0	2	0	10	2	0	0	0	0	0	0	0	0	0	0	2	3	0	0	1	1	0	4	3	0	0	0	2	6	4	0
166187	13 Nov 25	21:51:00	1	0	55	0	Ct	0	0	0	2	0	0	9	1	0	0	0	3	0	0	0	0	0	0	2	0	0	0	0	1	2	2	2	0	0	0	0	5	3	0
166188	13 Nov 25	21:52:00	1	0	55	0	Ct	0	0	3	0	3	0	8	1	2	0	0	2	0	0	0	0	0	0	2	0	0	0	0	2	1	3	4	0	1	0	2	3	6	0
166189	13 Nov 25	21:53:00	1	0	55	0	Ct	0	0	0	1	2	0	13	3	0	0	2	1	0	0	0	0	0	0	2	0	0	0	2	0	2	2	2	0	3	0	0	3	2	2
166190	13 Nov 25	21:54:00	1	0	55	0	Ct	0	0	1	0	1	0	3	3	0	0	3	2	0	0	2	0	0	0	1	0	0	0	0	0	1	3	2	0	0	0	0	4	0	1
166191	13 Nov 25	21:55:00	1	0	55	0	Ct	0	0	1	0	2	0	6	0	0	0	3	2	0	0	2	0	0	0	0	2	0	0	0	0	1	3	3	2	3	0	0	3	2	2
166192	13 Nov 25	21:56:00	1	0	55	0	Ct	0	0	0	1	2	0	4	3	0	0	3	2	0	0	0	0	0	0	0	0	0	0	0	3	1	3	1	0	1	0	0	6	0	0
166193	13 Nov 25	21:57:00	1	0	55	0	Ct	0	0	0	0	1	0	8	1	0	0	0	4	0	0	0	0	0	1	0	0	0	0	0	1	2	2	3	0	6	0	0	4	0	0
166194	13 Nov 25	21:58:00	1	0	55	0	Ct	0	0	0	0	2	0	0	2	0	0	3	0	0	0	0	0	0	0	1	0	0	0	2	0	2	3	1	0	3	0	0	3	0	0
166195	13 Nov 25	21:59:00	1	0	55	0	Ct	0	0	3	0	2	0	0	2	0	0	1	0	0	0	0	0	0	2	1	2	0	0	1	1	0	3	6	0	5	0	0	4	0	0
166196	13 Nov 25	22:00:00	1	0	55	0	Ct	0	0	3	0	1	0	2	2	0	0	0	0	0	0	0	0	0	0	2	2	0	0	1	3	2	2	12	0	3	0	0	4	0	3
166197	13 Nov 25	22:01:00	1	0	55	0	Ct	0	0	4	1	0	0	0	2	0	0	0	0	0	0	0	0	0	2	0	3	0	0	3	2	2	1	2	0	3	0	0	2	0	0
166198	13 Nov 25	22:02:00	1	0	55	0	Ct	0	0	3	0	1	0	3	2	0	0	0	3	0	0	0	0	0	1	1	1	0	0	0	2	1	4	4	0	3	0	1	8	1	0
166199	13 Nov 25	22:03:00	1	0	55	0	Ct	0	0	3	0	0	0	5	2	0	0	0	1	0	0	0	0	0	0	2	6	0	0	0	0	1	2	2	0	1	0	1	1	3	1
166200	13 Nov 25	22:04:00	1	0	55	0	Ct	0	0	4	0	0	0	6	0	0	0	0	1	0	0	0	0	0	0	1	2	0	0	1	1	4	3	4	0	2	0	0	3	3	0
166201	13 Nov 25	22:05:00	1	0	55	0	Ct	0	0	1	0	2	0	5	2	0	0	0	2	0	2	0	0	0	2	0	0	0	0	2	3	2	2	3	0	3	0	0	3	4	0
166202	13 Nov 25	22:06:00	1	0	55	0	Ct	0	0	5	0	0	0	0	3	0	0	0	1	0	0	0	0	0	0	0	0	0	0	0	2	2	3	2	0	1	0	0	2	2	0
166203	13 Nov 25	22:07:00	1	0	55	0	Ct	0	0	1	0	2	0	0	1	0	0	0	1	0	0	0	0	0	1	0	0	0	0	0	2	2	3	1	0	1	0	0	5	4	0
166204	13 Nov 25	22:08:00	1	0	55	0	Ct	0	0	15	0	1	0	0	2	0	0	0	3	0	0	0	0	0	3	0	0	0	0	1	1	4	3	2	0	1	0	4	3	3	1
166205	13 Nov 25	22:09:00	1	0	55	0	Ct	0	0	17	0	3	0	6	1	0	0	0	0	0	0	0	0	0	0	0	0	0	0	1	2	2	4	4	0	2	0	0	4	2	2
166206	13 Nov 25	22:10:00	1	0	55	0	Ct	0	0	11	0	2	0	10	1	0	0	0	2	0	0	0	0	0	0	0	0	0	0	1	1	2	0	2	0	1	0	0	2	2	2
166207	13 Nov 25	22:11:00	1	0	55	0	Ct	0	0	4	0	2	0	0	2	0	0	0	0	0	0	2	0	0	0	0	0	0	0	2	2	2	3	2	0	2	0	0	3	0	3
166208	13 Nov 25	22:12:00	1	0	55	0	Ct	0	0	2	0	0	0	0	1	0	0	1	0	0	0	0	0	0	3	0	0	0	0	3	2	2	2	2	0	1	0	0	3	0	2
166209	13 Nov 25	22:13:00	1	0	55	0	Ct	0	0	2	0	1	0	0	1	0	0	3	5	0	0	0	0	0	2	0	0	0	0	0	0	2	3	2	0	1	0	0	5	0	0
166210	13 Nov 25	22:14:00	1	0	55	0	Ct	0	0	3	0	1	0	0	2	0	0	0	4	0	0	0	0	0	2	0	0	0	0	1	1	1	4	2	0	3	0	0	6	0	0
166211	13 Nov 25	22:15:00	1	0	55	0	Ct	0	0	3	1	0	0	0	1	0	0	0	0	0	0	3	0	0	0	0	0	0	0	2	1	1	4	3	0	1	0	0	6	3	0
166212	13 Nov 25	22:16:00	1	0	55	0	Ct	0	0	0	0	1	0	0	2	0	0	1	0	0	0	1	0	0	2	2	0	0	0	0	1	2	2	3	0	2	0	0	2	0	1
166213	13 Nov 25	22:17:00	1	0	55	0	Ct	0	0	2	0	1	0	2	1	0	0	2	0	0	0	0	0	0	0	1	0	0	0	0	1	2	2	2	0	0	0	0	2	0	0
166214	13 Nov 25	22:18:00	1	0	55	0	Ct	0	0	0	0	1	0	2	1	0	0	0	0	0	0	0	0	0	1	1	2	0	0	0	2	2	2	2	0	1	0	0	3	3	0
166215	13 Nov 25	22:19:00	1	0	55	0	Ct	0	0	0	0	4	0	10	2	0	0	1	2	0	0	0	0	0	0	1	0	0	0	0	0	0	0	0	0	1	0	0	2	0	2
166216	13 Nov 25	22:20:00	1	0	55	0	Ct	0	0	0	0	1	0	5	2	0	0	1	1	0	0	0	0	0	0	1	0	0	0	0	2	2	0	0	0	2	0	0	3	3	0
166217	13 Nov 25	22:21:00	1	0	55	0	Ct	0	0	0	0	1	0	6	3	0	0	1	1	2	0	2	0	0	0	4	0	0	0	2	2	2	0	0	0	1	0	0	5	4	0
166218	13 Nov 25	22:22:00	1	0	55	0	Ct	0	0	0	0	0	0	3	3	0	0	2	2	0	0	0	0	0	0	0	0	0	0	1	2	2	0	1	0	4	0	0	3	2	0
166219	13 Nov 25	22:23:00	1	0	55	0	Ct	0	0	1	0	2	0	9	3	0	0	2	1	1	0	0	0	0	0	0	0	0	0	2	2	1	0	1	0	2	0	0	4	2	2
166220	13 Nov 25	22:24:00	1	0	55	0	Ct	0	0	3	0	2	0	5	2	0	0	2	0	1	0	0	0	0	0	3	0	0	0	0	2	1	2	0	0	0	0	0	0	0	0
166221	13 Nov 25	22:25:00	1	0	55	0	Ct	0	0	3	0	2	0	11	2	0	0	2	0	2	0	0	0	0	0	3	1	0	0	2	1	2	3	2	0	1	0	0	1	4	0
166222	13 Nov 25	22:26:00	1	0	55	0	Ct	0	0	1	0	0	0	3	2	0	0	2	1	2	0	0	0	0	0	0	0	0	0	0	1	3	1	2	0	2	0	0	2	0	3
166223	13 Nov 25	22:27:00	1	0	55	0	Ct	0	0	2	0	3	0	18	0	0	0	1	1	1	0	0	0	0	0	3	0	0	0	2	2	1	2	0	0	0	0	0	2	0	2
166224	13 Nov 25	22:28:00	1	0	55	0	Ct	0	0	1	0	1	0	12	0	0	0	2	0	2	0	0	0	0	0	1	3	0	0	1	0	2	0	2	0	0	0	0	1	0	3
166225	13 Nov 25	22:29:00	1	0	55	0	Ct	0	0	2	0	2	0	8	1	0	0	3	0	2	0	0	0	0	0	2	0	0	0	0	2	2	1	2	0	0	0	0	4	2	0
166226	13 Nov 25	22:30:00	1	0	55	0	Ct	0	0	3	0	1	0	11	2	0	0	2	0	2	0	0	0	0	2	0	0	0	0	1	1	0	4	2	0	4	0	0	5	1	2
166227	13 Nov 25	22:31:00	1	0	55	0	Ct	0	0	4	0	2	0	1	2	0	0	1	1	1	0	0	0	0	0	2	0	0	0	4	4	2	2	0	0	1	0	0	3	4	3
166228	13 Nov 25	22:32:00	1	0	55	0	Ct	0	0	3	0	1	0	1	2	0	0	1	2	3	0	0	0	0	4	3	0	0	0	0	1	2	1	2	2	1	0	0	7	3	3
166229	13 Nov 25	22:33:00	1	0	55	0	Ct	0	0	2	0	0	0	19	1	0	0	0	0	1	0	0	0	0	2	1	0	4	0	1	1	0	3	1	0	2	0	0	6	3	2
166230	13 Nov 25	22:34:00	1	0	55	0	Ct	0	0	3	0	0	0	1	1	0	0	1	0	3	0	0	0	0	2	0	2	0	0	1	2	0	2	2	0	0	0	0	4	3	2
166231	13 Nov 25	22:35:00	1	0	55	0	Ct	0	0	1	0	1	0	3	1	0	0	0	2	1	0	0	0	0	0	2	0	0	0	2	0	0	0	3	0	0	0	0	4	3	4
166232	13 Nov 25	22:36:00	1	0	55	0	Ct	0	0	2	0	0	0	9	3	0	0	2	2	2	0	0	0	0	0	0	0	0	0	2	2	2	4	2	0	2	0	1	1	2	3
166233	13 Nov 25	22:37:00	1	0	55	0	Ct	0	0	2	0	2	0	0	2	0	0	1	2	2	0	0	0	0	0	0	0	0	0	1	0	2	0	0	0	6	0	3	5	2	2
166234	13 Nov 25	22:38:00	1	0	55	0	Ct	0	0	1	0	1	0	18	2	0	0	1	0	2	0	0	0	0	0	0	0	0	0	2	1	0	1	3	0	2	0	0	4	3	3
166235	13 Nov 25	22:39:00	1	0	55	0	Ct	0	0	6	0	4	0	22	1	0	0	2	1	3	0	0	0	0	0	0	0	1	0	0	1	0	2	2	0	4	0	0	4	1	2
166236	13 Nov 25	22:40:00	1	0	55	0	Ct	0	0	2	0	2	0	10	3	0	0	1	1	2	0	0	0	0	0	0	0	1	0	0	0	0	3	2	0	2	0	2	4	4	6
166237	13 Nov 25	22:41:00	1	0	55	0	Ct	0	0	5	0	2	0	4	2	0	0	1	2	2	0	0	0	0	0	0	0	2	0	1	0	0	3	2	0	2	0	0	3	2	2
166238	13 Nov 25	22:42:00	1	0	55	0	Ct	0	0	1	0	3	0	3	2	0	0	0	2	2	0	0	0	0	2	0	0	3	0	1	0	2	2	1	0	0	0	0	3	2	4
166239	13 Nov 25	22:43:00	1	0	55	0	Ct	0	0	0	0	2	0	0	4	0	0	0	3	3	0	0	0	0	0	0	0	4	0	1	0	0	0	2	0	0	0	2	1	2	1
166240	13 Nov 25	22:44:00	1	0	55	0	Ct	0	0	0	0	3	0	0	4	0	0	0	2	1	0	0	0	0	1	0	0	4	0	1	0	0	0	2	0	2	0	1	4	1	1
166241	13 Nov 25	22:45:00	1	0	55	0	Ct	0	0	1	0	1	0	0	2	0	0	1	1	2	0	0	0	0	0	0	0	3	0	2	0	0	0	0	0	5	0	1	4	2	2
166242	13 Nov 25	22:46:00	1	0	55	0	Ct	0	0	1	0	1	0	0	7	0	0	0	1	1	0	4	0	0	0	0	0	1	0	1	0	0	0	1	0	1	0	0	4	2	1
166243	13 Nov 25	22:47:00	1	0	55	0	Ct	0	0	0	0	1	0	0	2	0	0	3	1	2	0	0	0	0	0	1	0	0	0	1	0	0	0	1	0	3	0	0	4	2	2
166244	13 Nov 25	22:48:00	1	0	55	0	Ct	0	0	2	0	2	0	0	2	0	0	1	0	2	0	0	0	0	0	1	0	0	0	0	0	2	4	2	0	2	0	0	3	1	1
166245	13 Nov 25	22:49:00	1	0	55	0	Ct	0	0	3	0	1	0	0	1	2	0	2	2	0	0	0	0	0	0	0	0	0	0	0	0	2	2	2	0	0	0	0	5	2	2
166246	13 Nov 25	22:50:00	1	0	55	0	Ct	0	0	3	0	1	0	0	2	0	0	1	2	2	0	0	0	0	0	0	0	0	0	1	0	2	2	2	0	0	0	0	5	4	0
166247	13 Nov 25	22:51:00	1	0	55	0	Ct	0	0	2	0	1	0	5	2	0	0	5	1	2	0	0	0	0	0	0	0	0	0	1	2	6	1	1	0	0	0	0	3	2	0
166248	13 Nov 25	22:52:00	1	0	55	0	Ct	0	0	3	0	1	0	2	2	0	0	1	2	3	0	0	0	0	0	0	0	6	0	0	2	1	2	2	2	0	0	0	5	2	0
166249	13 Nov 25	22:53:00	1	0	55	0	Ct	0	0	0	0	3	0	9	3	0	0	1	1	1	2	0	0	0	0	0	0	3	0	0	3	4	1	1	0	0	0	0	4	3	0
166250	13 Nov 25	22:54:00	1	0	55	0	Ct	0	0	4	0	0	0	4	1	0	0	0	1	1	0	0	0	0	0	0	0	0	0	1	3	3	2	2	1	0	0	0	5	2	0
166251	13 Nov 25	22:55:00	1	0	55	0	Ct	0	0	4	0	2	0	3	1	0	0	3	1	2	0	1	0	0	2	0	0	0	0	1	2	3	1	1	1	1	0	0	3	2	1
166252	13 Nov 25	22:56:00	1	0	55	0	Ct	0	0	2	0	3	0	14	2	0	0	2	2	2	0	1	0	0	0	0	0	0	0	2	3	3	2	1	0	0	0	0	3	0	1
166253	13 Nov 25	22:57:00	1	0	55	0	Ct	0	0	2	0	1	0	8	3	0	0	1	0	1	0	0	0	0	0	0	0	0	0	0	1	2	2	2	2	1	0	0	4	2	0
166254	13 Nov 25	22:58:00	1	0	55	0	Ct	0	0	1	0	2	0	4	2	0	0	0	2	3	0	0	0	0	0	0	0	0	0	1	0	0	2	0	2	2	0	2	6	2	0
166255	13 Nov 25	22:59:00	1	0	55	0	Ct	0	0	2	0	2	0	7	1	0	0	1	0	3	0	0	0	0	3	0	0	0	0	2	1	0	0	2	0	0	0	0	4	2	3
166256	13 Nov 25	23:00:00	1	0	55	0	Ct	0	0	1	0	2	0	2	3	0	0	2	2	1	0	0	0	0	2	0	0	0	0	1	0	2	1	1	0	1	0	0	4	2	0
166257	13 Nov 25	23:01:00	1	0	55	0	Ct	0	0	3	0	1	0	10	0	0	0	1	1	1	0	0	0	0	1	0	0	0	0	0	0	0	1	1	0	1	0	0	7	0	0
166258	13 Nov 25	23:02:00	1	0	55	0	Ct	0	0	1	0	1	0	6	1	0	0	2	1	2	0	0	0	0	1	0	0	0	0	0	4	0	1	1	2	0	0	0	5	0	0
166259	13 Nov 25	23:03:00	1	0	55	0	Ct	0	0	2	0	1	0	9	1	0	0	1	1	1	0	0	0	0	1	0	0	0	0	1	0	0	2	1	2	1	0	0	6	0	0
166260	13 Nov 25	23:04:00	1	0	55	0	Ct	0	0	1	0	0	0	12	2	0	0	1	1	1	0	0	0	0	0	0	0	0	0	1	0	1	0	0	0	1	0	0	4	0	0
166261	13 Nov 25	23:05:00	1	0	55	0	Ct	0	0	2	0	4	0	9	4	0	0	4	0	2	0	0	0	0	2	0	0	0	0	0	1	2	0	2	0	2	0	0	5	0	0
166262	13 Nov 25	23:06:00	1	0	55	0	Ct	0	0	0	0	2	0	8	9	0	0	1	0	0	0	0	0	0	2	0	0	0	0	1	1	1	0	0	3	0	0	0	6	2	0
166263	13 Nov 25	23:07:00	1	0	55	0	Ct	0	0	1	0	1	0	3	5	0	0	1	1	2	0	0	0	0	3	0	0	0	0	1	1	1	0	2	4	0	0	0	5	4	0
166264	13 Nov 25	23:08:00	1	0	55	0	Ct	0	0	0	0	2	0	2	4	0	0	3	2	2	0	0	0	0	3	0	0	0	0	0	1	1	2	0	1	1	0	0	2	4	2
166265	13 Nov 25	23:09:00	1	0	55	0	Ct	0	0	0	0	0	0	9	1	0	0	2	0	2	0	0	0	0	1	0	0	0	0	0	2	2	0	0	2	1	0	0	2	4	4
166266	13 Nov 25	23:10:00	1	0	55	0	Ct	0	0	0	0	0	0	8	4	0	0	0	1	2	0	0	0	0	3	0	0	6	0	0	0	2	2	1	2	1	0	0	3	6	0
166267	13 Nov 25	23:11:00	1	0	55	0	Ct	0	0	2	0	2	2	3	3	0	0	2	2	0	0	0	0	0	1	0	0	1	0	1	1	3	2	1	0	1	0	0	4	3	1
166268	13 Nov 25	23:12:00	1	0	55	0	Ct	0	0	3	0	0	0	0	3	0	0	2	2	1	0	0	0	0	4	0	0	11	0	1	0	3	0	0	1	0	0	0	4	5	2
166269	13 Nov 25	23:13:00	1	0	55	0	Ct	0	0	0	0	3	0	15	3	0	0	2	1	3	0	0	0	0	5	0	0	0	0	0	2	2	2	0	1	0	0	0	3	3	2
166270	13 Nov 25	23:14:00	1	0	55	0	Ct	0	0	0	0	2	0	21	3	0	0	3	2	2	0	0	0	0	2	0	0	2	0	0	0	4	1	2	0	0	0	0	4	1	0
166271	13 Nov 25	23:15:00	1	0	55	0	Ct	0	0	0	0	1	0	0	2	1	0	2	1	1	0	0	0	0	1	0	0	0	0	0	0	2	2	3	0	0	0	0	3	0	0
166272	13 Nov 25	23:16:00	1	0	55	0	Ct	0	0	0	0	0	0	0	2	1	0	3	2	0	0	2	0	0	0	0	0	0	0	3	0	3	2	2	0	0	0	0	3	2	0
166273	13 Nov 25	23:17:00	1	0	55	0	Ct	0	0	0	0	0	0	0	3	0	0	0	1	0	0	0	0	0	3	0	0	3	0	3	0	4	2	1	0	0	0	0	4	0	1
166274	13 Nov 25	23:18:00	1	0	55	0	Ct	0	0	0	0	3	0	0	2	4	0	2	3	0	0	1	0	0	2	0	0	4	0	0	0	2	2	1	0	0	0	0	4	1	2
166275	13 Nov 25	23:19:00	1	0	55	0	Ct	0	0	0	0	5	0	15	0	0	0	1	1	0	0	1	0	0	0	0	0	1	0	0	0	2	0	3	0	1	0	0	4	2	1
166276	13 Nov 25	23:20:00	1	0	55	0	Ct	0	0	0	0	2	0	10	2	2	0	2	0	0	0	0	0	0	0	0	0	1	0	1	0	6	2	0	0	1	0	0	4	3	1
166277	13 Nov 25	23:21:00	1	0	55	0	Ct	0	0	3	0	2	0	6	4	3	0	2	0	0	0	3	0	0	0	0	0	0	0	1	0	2	2	1	0	2	0	3	11	3	1
166278	13 Nov 25	23:22:00	1	0	55	0	Ct	0	0	0	0	4	0	0	2	2	0	0	0	0	2	1	0	0	0	4	0	4	0	0	1	2	1	1	0	2	0	0	5	3	0
166279	13 Nov 25	23:23:00	1	0	55	0	Ct	0	0	0	0	2	0	10	3	2	0	1	0	3	0	0	0	0	5	0	0	3	0	0	1	1	3	0	0	3	0	2	4	3	2
166280	13 Nov 25	23:24:00	1	0	55	0	Ct	0	0	0	0	2	0	11	2	0	0	1	1	1	0	0	0	0	5	0	0	0	0	0	2	0	3	0	0	0	1	2	2	5	1
166281	13 Nov 25	23:25:00	1	0	55	0	Ct	0	0	0	0	2	0	5	3	0	0	2	2	2	0	0	0	0	1	0	0	0	0	2	2	2	1	0	0	0	1	3	3	3	1
166282	13 Nov 25	23:26:00	1	0	55	0	Ct	0	0	0	0	2	0	3	4	0	0	1	1	2	0	0	0	0	2	0	0	0	0	1	2	2	1	0	0	2	0	3	3	3	0
166283	13 Nov 25	23:27:00	1	0	55	0	Ct	0	0	0	0	0	0	12	2	0	0	1	1	1	0	0	0	0	1	0	0	1	0	3	1	2	0	0	0	2	0	1	6	4	0
166284	13 Nov 25	23:28:00	1	0	55	0	Ct	0	0	0	0	1	0	15	2	0	0	0	1	1	0	0	0	0	0	0	0	0	0	0	1	2	2	0	0	0	0	0	4	5	1
166285	13 Nov 25	23:29:00	1	0	55	0	Ct	0	0	0	0	1	0	18	1	0	0	2	1	2	0	0	0	0	0	0	0	0	0	0	2	3	0	0	0	0	0	0	3	0	5
166286	13 Nov 25	23:30:00	1	0	55	0	Ct	0	0	0	0	2	0	20	2	0	0	1	0	1	0	0	0	0	0	0	0	0	0	2	3	2	3	0	2	0	0	0	3	0	2
166287	13 Nov 25	23:31:00	1	0	55	0	Ct	0	0	0	0	3	0	19	1	0	0	2	2	2	0	0	0	0	0	0	0	0	0	1	1	6	3	0	0	1	0	0	4	0	2
166288	13 Nov 25	23:32:00	1	0	55	0	Ct	0	0	0	0	0	0	24	1	1	0	0	1	3	0	0	0	0	3	0	0	0	0	1	0	3	0	0	0	3	0	0	4	0	4
166289	13 Nov 25	23:33:00	1	0	55	0	Ct	0	0	0	0	0	0	8	1	1	0	1	1	2	0	0	0	0	4	2	0	2	0	0	0	2	2	0	0	0	0	0	7	0	2
166290	13 Nov 25	23:34:00	1	0	55	0	Ct	0	0	0	0	2	0	20	3	0	0	0	11	2	0	0	0	0	2	2	0	1	0	0	0	3	0	1	0	2	0	0	5	0	2
166291	13 Nov 25	23:35:00	1	0	55	0	Ct	0	0	0	0	0	0	6	1	0	0	6	0	2	0	0	0	0	3	0	0	1	0	2	0	1	0	1	0	0	0	0	3	4	3
166292	13 Nov 25	23:36:00	1	0	55	0	Ct	0	0	0	0	1	0	14	1	0	0	1	0	2	0	0	0	0	4	3	0	0	0	1	0	3	0	0	0	3	0	0	6	3	2
166293	13 Nov 25	23:37:00	1	0	55	0	Ct	0	0	0	0	2	0	3	1	0	0	0	0	3	0	2	0	0	2	2	0	0	0	0	0	2	0	1	0	0	0	0	2	3	3
166294	13 Nov 25	23:38:00	1	0	55	0	Ct	0	0	0	0	3	0	10	2	0	0	0	0	2	0	1	0	0	3	0	0	0	0	0	0	3	0	3	0	1	0	0	2	4	3
166295	13 Nov 25	23:39:00	1	0	55	0	Ct	0	0	0	0	0	2	9	1	0	0	0	0	1	0	0	0	0	2	3	0	0	0	0	0	3	1	2	0	1	0	0	2	4	2
166296	13 Nov 25	23:40:00	1	0	55	0	Ct	0	0	0	0	1	1	18	3	0	0	1	1	2	3	0	0	0	0	2	0	0	0	0	0	2	2	1	0	5	0	0	1	3	1
166297	13 Nov 25	23:41:00	1	0	55	0	Ct	0	0	0	0	2	2	0	1	0	0	1	3	0	0	0	0	0	3	4	0	0	0	0	0	2	3	3	0	4	0	0	0	3	1
166298	13 Nov 25	23:42:00	1	0	55	0	Ct	0	0	0	0	1	2	7	1	0	0	0	0	2	0	1	0	0	1	2	0	0	0	0	0	2	1	2	0	6	0	0	4	5	1
166299	13 Nov 25	23:43:00	1	0	55	0	Ct	0	0	0	0	0	0	5	3	0	0	0	2	1	0	1	0	0	2	0	0	2	0	0	0	2	3	1	0	0	0	1	3	1	2
166300	13 Nov 25	23:44:00	1	0	55	0	Ct	0	0	0	0	0	3	0	1	0	0	0	2	2	0	0	0	0	2	0	0	0	0	0	0	2	1	1	0	0	0	1	3	2	4
166301	13 Nov 25	23:45:00	1	0	55	0	Ct	0	0	0	0	0	2	18	2	0	0	1	1	2	0	0	0	0	1	3	0	0	0	1	0	1	3	3	0	2	0	1	3	2	0
166302	13 Nov 25	23:46:00	1	0	55	0	Ct	0	0	0	0	2	1	23	1	0	0	1	0	1	0	0	0	0	0	3	0	0	0	1	0	1	4	1	0	2	0	2	2	2	0
166303	13 Nov 25	23:47:00	1	0	55	0	Ct	0	0	0	0	1	2	7	1	0	0	0	0	1	0	0	0	0	2	2	0	0	0	2	0	3	2	2	0	1	0	1	4	3	1
166304	13 Nov 25	23:48:00	1	0	55	0	Ct	0	0	0	0	0	1	11	2	0	0	0	0	2	0	0	0	0	0	1	0	0	0	4	0	1	2	3	0	2	0	4	7	3	0
166305	13 Nov 25	23:49:00	1	0	55	0	Ct	0	0	0	0	0	1	2	0	0	0	0	0	0	0	0	0	0	1	0	0	0	0	0	2	2	2	3	0	1	0	1	7	4	3
166306	13 Nov 25	23:50:00	1	0	55	0	Ct	0	0	0	0	2	0	17	1	0	0	0	0	0	0	0	0	0	1	3	0	0	0	0	0	2	3	2	0	2	0	3	0	3	1
166307	13 Nov 25	23:51:00	1	0	55	0	Ct	0	0	0	0	3	1	7	1	0	0	0	0	2	0	0	0	0	0	0	0	0	0	0	2	1	1	0	3	0	0	3	4	2	1
166308	13 Nov 25	23:52:00	1	0	55	0	Ct	0	0	0	0	2	1	17	1	2	0	0	2	2	0	0	0	0	1	3	0	0	0	0	0	4	2	2	0	2	0	1	4	0	0
166309	13 Nov 25	23:53:00	1	0	55	0	Ct	0	0	0	0	1	2	6	2	0	0	0	0	3	0	0	0	0	1	2	0	0	0	0	1	2	1	3	0	2	0	0	7	3	2
166310	13 Nov 25	23:54:00	1	0	55	0	Ct	0	0	0	0	2	0	12	2	0	0	3	0	2	0	0	0	0	0	1	0	0	0	0	2	2	2	1	0	0	0	2	6	3	5
166311	13 Nov 25	23:55:00	1	0	55	0	Ct	0	0	0	0	3	1	17	0	0	0	2	0	2	0	0	0	0	1	3	0	0	0	0	1	0	2	2	2	2	0	2	6	2	1
166312	13 Nov 25	23:56:00	1	0	55	0	Ct	0	0	0	0	2	1	10	0	0	0	1	0	2	0	0	0	0	1	3	0	2	0	0	1	3	1	1	0	0	0	3	4	0	1
166313	13 Nov 25	23:57:00	1	0	55	0	Ct	0	0	0	0	0	1	13	0	0	0	0	0	1	0	0	0	0	0	2	0	0	0	0	2	1	4	1	0	2	0	2	4	3	2
166314	13 Nov 25	23:58:00	1	0	55	0	Ct	0	0	0	0	2	1	8	3	0	0	1	3	1	0	0	0	0	1	2	0	0	0	0	2	2	0	3	0	5	0	2	3	2	1
166315	13 Nov 25	23:59:00	1	0	55	0	Ct	0	0	0	0	2	2	41	2	0	0	1	4	0	0	0	0	0	1	0	0	2	0	0	0	0	0	2	2	2	0	1	2	2	1
166316	14 Nov 25	00:00:00	1	0	55	0	Ct	0	0	0	0	2	1	18	4	0	0	1	1	2	0	0	0	0	3	3	0	5	0	0	0	2	2	2	0	0	0	0	4	0	0
166317	14 Nov 25	00:01:00	1	0	55	0	Ct	0	0	0	0	1	2	18	2	0	0	0	3	3	2	0	0	0	2	2	0	0	0	0	2	2	3	0	0	2	0	1	7	1	0
166318	14 Nov 25	00:02:00	1	0	55	0	Ct	0	0	0	0	1	2	8	2	0	0	1	2	1	2	0	0	0	3	0	0	0	0	0	0	2	2	2	0	2	0	2	6	0	2
166319	14 Nov 25	00:03:00	1	0	55	0	Ct	0	0	0	0	2	1	7	3	0	0	1	3	2	0	0	0	0	0	1	0	0	0	0	1	2	0	1	2	1	0	0	5	3	3
166320	14 Nov 25	00:04:00	1	0	55	0	Ct	0	0	0	0	1	1	9	2	0	0	1	0	1	0	0	0	0	0	2	0	11	0	0	1	2	2	2	2	0	0	0	4	9	0
166321	14 Nov 25	00:05:00	1	0	55	0	Ct	0	0	0	0	1	1	11	4	0	0	1	1	2	0	0	0	0	0	2	0	1	0	0	0	2	2	2	2	0	0	4	4	5	2
166322	14 Nov 25	00:06:00	1	0	55	0	Ct	0	0	0	0	2	1	9	3	0	0	1	1	0	0	0	0	0	2	2	0	0	0	0	1	2	0	1	0	5	0	1	4	1	2
166323	14 Nov 25	00:07:00	1	0	55	0	Ct	0	0	0	0	2	2	3	1	0	0	2	1	1	0	0	0	0	3	2	0	0	0	0	4	2	0	2	0	3	0	2	3	0	2
166324	14 Nov 25	00:08:00	1	0	55	0	Ct	0	0	0	0	2	2	6	0	0	0	3	2	2	0	0	0	0	1	2	0	0	0	0	0	2	3	1	0	2	0	2	5	0	2
166325	14 Nov 25	00:09:00	1	0	55	0	Ct	0	0	0	0	1	0	9	1	0	0	0	3	3	0	0	0	0	0	2	0	1	0	0	1	1	2	1	2	4	0	1	2	0	2
166326	14 Nov 25	00:10:00	1	0	55	0	Ct	0	0	0	0	2	1	8	2	0	0	1	2	2	0	0	0	0	0	1	0	2	0	0	1	2	0	1	0	1	0	0	5	0	1
166327	14 Nov 25	00:11:00	1	0	55	0	Ct	0	0	0	0	1	1	9	2	0	0	1	1	1	0	0	0	0	0	2	0	0	0	0	1	1	1	2	0	0	0	3	0	0	3
166328	14 Nov 25	00:12:00	1	0	55	0	Ct	0	0	0	0	0	2	10	0	0	0	0	1	1	0	0	0	0	1	2	0	0	0	0	1	1	1	3	2	0	0	2	4	0	1
166329	14 Nov 25	00:13:00	1	0	55	0	Ct	0	0	0	0	0	0	6	2	0	0	0	0	0	0	0	0	0	2	1	0	0	0	0	2	1	0	0	2	0	0	1	5	0	1
166330	14 Nov 25	00:14:00	1	0	55	0	Ct	0	0	0	0	2	0	14	1	0	0	1	0	0	0	0	0	0	2	1	0	0	0	0	0	2	0	1	2	0	0	2	3	0	1
166331	14 Nov 25	00:15:00	1	0	55	0	Ct	0	0	0	0	1	2	11	3	0	0	2	2	1	0	0	0	0	0	1	0	0	0	0	1	3	0	2	2	0	0	1	4	0	0
166332	14 Nov 25	00:16:00	1	0	55	0	Ct	0	0	0	0	1	0	10	1	0	0	1	0	2	0	0	0	0	4	1	0	0	0	0	1	3	0	2	1	3	0	0	4	0	2
166333	14 Nov 25	00:17:00	1	0	55	0	Ct	0	0	0	0	1	0	10	3	0	0	0	1	1	0	0	0	0	2	1	0	0	0	0	0	2	0	1	3	0	0	1	4	0	1
166334	14 Nov 25	00:18:00	1	0	55	0	Ct	0	0	0	0	0	2	21	1	0	0	0	1	0	0	0	0	0	3	0	0	0	0	0	0	1	0	2	1	1	0	3	1	0	2
166335	14 Nov 25	00:19:00	1	0	55	0	Ct	0	0	0	0	0	0	6	3	0	0	0	2	1	3	0	0	0	1	2	0	0	0	0	0	3	0	0	2	1	0	0	3	0	1
166336	14 Nov 25	00:20:00	1	0	55	0	Ct	0	0	0	0	0	0	9	2	0	0	2	0	1	1	1	0	0	5	0	0	0	0	0	0	1	0	3	2	2	0	2	3	0	2
166337	14 Nov 25	00:21:00	1	0	55	0	Ct	0	0	0	0	3	2	6	1	0	0	3	0	1	0	3	0	0	0	2	0	0	0	0	0	1	0	1	2	1	0	3	3	5	2
166338	14 Nov 25	00:22:00	1	0	55	0	Ct	0	0	0	0	1	0	7	2	0	0	1	0	0	0	1	0	0	4	1	0	0	0	0	0	3	0	2	3	0	0	2	4	1	0
166339	14 Nov 25	00:23:00	1	0	55	0	Ct	0	0	0	0	3	1	21	2	0	0	1	3	0	0	0	0	0	2	1	0	0	0	0	0	0	0	2	0	0	0	0	2	3	0
166340	14 Nov 25	00:24:00	1	0	55	0	Ct	0	0	0	0	2	1	16	1	0	0	5	2	0	0	0	0	0	1	2	0	0	0	0	0	2	0	1	4	0	0	2	11	6	0
166341	14 Nov 25	00:25:00	1	0	55	0	Ct	0	0	0	0	2	0	21	5	0	0	1	3	0	0	0	0	0	3	1	0	0	0	0	0	0	0	3	4	0	0	2	11	4	0
166342	14 Nov 25	00:26:00	1	0	55	0	Ct	0	0	0	0	1	0	10	2	0	0	1	1	1	0	0	0	0	2	1	0	1	0	0	0	2	0	1	0	1	0	2	10	3	2
166343	14 Nov 25	00:27:00	1	0	55	0	Ct	0	0	0	0	1	2	31	2	0	0	1	1	2	0	0	0	0	2	2	0	1	0	0	1	3	4	2	2	1	0	3	7	4	2
166344	14 Nov 25	00:28:00	1	0	55	0	Ct	0	0	0	0	0	3	4	5	0	0	1	2	2	0	0	0	0	3	0	0	0	0	0	1	1	2	1	2	1	0	2	2	4	2
166345	14 Nov 25	00:29:00	1	0	55	0	Ct	0	0	0	0	0	1	0	2	0	0	2	3	0	0	0	0	0	1	2	0	1	0	0	0	2	5	2	2	1	0	2	6	5	2
166346	14 Nov 25	00:30:00	1	0	55	0	Ct	0	0	0	0	3	0	4	1	0	0	0	1	4	0	0	0	0	0	0	0	0	0	0	0	3	2	0	8	0	0	0	5	2	1
166347	14 Nov 25	00:31:00	1	0	55	0	Ct	0	0	0	0	3	0	20	2	0	0	1	0	1	0	0	0	0	0	0	0	0	0	0	3	1	2	2	1	0	0	0	3	2	1
166348	14 Nov 25	00:32:00	1	0	55	0	Ct	0	0	0	0	3	3	6	4	0	0	0	1	0	0	0	0	0	1	0	0	3	0	0	1	2	0	2	1	2	0	0	9	3	1
166349	14 Nov 25	00:33:00	1	0	55	0	Ct	0	0	0	0	3	1	9	1	0	0	0	0	2	0	0	0	0	2	2	0	3	0	0	2	1	0	1	3	0	0	1	3	2	1
166350	14 Nov 25	00:34:00	1	0	55	0	Ct	0	0	0	0	2	0	9	2	0	0	0	8	2	0	0	0	0	2	0	0	2	0	0	0	3	2	2	2	1	0	1	5	4	2
166351	14 Nov 25	00:35:00	1	0	55	0	Ct	0	0	0	0	3	0	26	2	0	0	0	1	0	0	2	0	0	2	0	0	1	0	0	0	2	0	1	3	1	0	2	3	4	2
166352	14 Nov 25	00:36:00	1	0	55	0	Ct	0	0	0	0	0	0	9	1	0	0	2	0	2	0	3	0	0	2	0	0	0	0	0	2	0	0	3	3	2	0	3	3	2	0
166353	14 Nov 25	00:37:00	1	0	55	0	Ct	0	0	0	0	1	1	9	0	0	0	7	0	3	0	0	0	0	0	0	0	0	0	0	1	3	0	1	1	0	0	2	4	4	1
166354	14 Nov 25	00:38:00	1	0	55	0	Ct	0	0	0	0	0	1	10	1	0	0	8	1	1	3	0	0	0	0	0	0	0	0	0	1	3	0	3	3	0	0	0	3	3	1
166355	14 Nov 25	00:39:00	1	0	55	0	Ct	0	0	0	0	1	0	0	2	0	0	1	4	1	4	0	0	0	0	0	0	4	0	0	1	1	0	2	3	1	0	2	6	2	2
166356	14 Nov 25	00:40:00	1	0	55	0	Ct	0	0	0	0	2	0	10	1	0	0	0	1	0	0	0	0	0	0	2	0	5	0	0	1	1	0	1	1	3	0	0	4	2	2
166357	14 Nov 25	00:41:00	1	0	55	0	Ct	0	0	3	0	1	0	8	2	0	0	0	0	2	0	0	0	0	0	0	0	0	0	0	0	1	0	3	0	1	0	2	2	4	1
166358	14 Nov 25	00:42:00	1	0	55	0	Ct	0	0	0	0	1	1	7	1	0	0	0	0	0	0	0	0	0	2	0	0	1	0	0	2	2	1	2	2	0	0	3	5	0	1
166359	14 Nov 25	00:43:00	1	0	55	0	Ct	0	0	0	0	2	1	9	3	0	0	0	0	1	0	0	0	0	0	2	0	2	0	0	1	3	5	1	3	0	0	2	5	4	1
166360	14 Nov 25	00:44:00	1	0	55	0	Ct	0	0	0	0	1	0	18	4	0	0	0	0	2	0	0	0	0	0	0	0	1	0	0	3	1	3	2	1	0	0	1	9	3	1
166361	14 Nov 25	00:45:00	1	0	55	0	Ct	0	0	0	0	0	1	19	0	0	0	1	0	0	0	0	0	0	0	2	0	0	0	0	1	3	3	1	0	6	0	1	6	3	0
166362	14 Nov 25	00:46:00	1	0	55	0	Ct	0	0	0	0	1	1	0	3	0	0	0	0	1	0	0	0	0	0	8	0	0	0	0	0	3	4	2	2	1	0	0	4	3	0
166363	14 Nov 25	00:47:00	1	0	55	0	Ct	0	0	0	0	4	1	8	1	0	0	1	2	2	0	0	0	0	0	4	0	2	0	0	2	1	3	1	1	4	0	2	4	2	0
166364	14 Nov 25	00:48:00	1	0	55	0	Ct	0	0	0	0	3	1	11	1	0	0	1	1	2	0	0	0	0	0	6	0	1	0	0	0	3	2	3	1	3	0	0	4	4	1
166365	14 Nov 25	00:49:00	1	0	55	0	Ct	0	0	0	0	0	0	6	2	0	0	2	0	0	0	0	0	0	0	3	0	0	0	0	2	3	3	0	2	0	0	2	2	3	1
166366	14 Nov 25	00:50:00	1	0	55	0	Ct	0	0	0	0	1	0	0	3	0	0	1	0	2	0	0	0	0	2	3	0	0	0	0	0	3	2	2	1	1	0	2	3	2	0
166367	14 Nov 25	00:51:00	1	0	55	0	Ct	0	0	0	0	0	0	8	1	0	0	0	0	1	0	0	0	0	0	3	0	1	0	0	0	2	2	2	1	1	0	4	4	4	0
166368	14 Nov 25	00:52:00	1	0	55	0	Ct	0	0	0	0	1	0	11	1	0	0	1	1	2	5	0	0	0	0	2	0	0	0	0	0	2	1	1	2	4	0	2	5	3	0
166369	14 Nov 25	00:53:00	1	0	55	0	Ct	0	0	0	0	2	0	14	1	0	0	1	0	1	1	0	0	0	0	2	0	1	0	0	2	4	2	5	2	1	1	3	2	2	1
166370	14 Nov 25	00:54:00	1	0	55	0	Ct	0	0	0	0	2	2	8	2	0	0	0	0	0	5	0	0	0	0	2	0	1	0	0	0	2	1	2	4	1	4	1	5	1	2
166371	14 Nov 25	00:55:00	1	0	55	0	Ct	0	0	0	0	1	0	21	1	0	0	0	0	0	3	0	0	0	0	1	0	1	0	0	0	3	3	3	3	1	0	1	1	0	1
166372	14 Nov 25	00:56:00	1	0	55	0	Ct	0	0	0	0	0	0	10	2	0	0	0	0	1	0	0	0	0	0	1	0	1	0	0	2	3	4	3	2	2	0	3	4	2	7
166373	14 Nov 25	00:57:00	1	0	55	0	Ct	0	0	0	0	3	0	2	3	0	0	2	0	1	0	0	0	0	0	2	0	2	0	0	0	2	2	2	0	7	0	0	1	4	2
166374	14 Nov 25	00:58:00	1	0	55	0	Ct	0	0	0	0	2	2	0	1	0	0	0	0	2	0	0	0	0	1	1	0	2	0	0	0	2	2	1	3	2	0	2	4	1	1
166375	14 Nov 25	00:59:00	1	0	55	0	Ct	0	0	0	0	2	1	0	3	0	0	0	0	1	0	0	0	0	0	1	0	3	0	0	0	2	2	1	3	3	0	2	3	4	2
166376	14 Nov 25	01:00:00	1	0	55	0	Ct	0	0	0	0	1	1	0	1	0	0	2	0	2	0	0	0	0	0	1	0	1	0	0	2	2	3	1	2	2	0	0	2	4	0
166377	14 Nov 25	01:01:00	1	0	55	0	Ct	0	0	0	0	0	1	13	2	0	0	2	0	2	0	0	0	0	0	1	0	0	0	0	0	0	2	0	1	4	0	1	4	1	2
166378	14 Nov 25	01:02:00	1	0	55	0	Ct	0	0	0	0	3	1	10	2	0	0	0	0	0	0	0	0	0	4	0	0	0	0	0	2	2	2	0	1	0	0	2	4	3	0
166379	14 Nov 25	01:03:00	1	0	55	0	Ct	0	0	0	2	1	2	10	2	2	0	1	0	0	0	0	0	0	0	1	0	0	0	0	0	2	2	2	2	1	0	1	5	0	2
166380	14 Nov 25	01:04:00	1	0	55	0	Ct	0	0	0	0	2	0	6	0	2	0	1	0	1	0	0	0	0	0	2	0	0	0	0	2	2	5	1	2	0	0	2	4	2	1
166381	14 Nov 25	01:05:00	1	0	55	0	Ct	0	0	0	0	1	0	3	1	2	0	2	0	1	0	3	0	0	0	0	0	0	0	0	0	3	1	0	1	0	0	2	10	3	2
166382	14 Nov 25	01:06:00	1	0	55	0	Ct	0	0	0	0	0	0	12	1	0	0	3	0	2	0	2	0	0	0	1	0	0	0	0	2	2	6	2	2	0	0	0	2	2	1
166383	14 Nov 25	01:07:00	1	0	55	0	Ct	0	0	0	0	5	1	13	0	4	0	1	0	2	0	0	0	0	0	2	0	0	0	0	0	3	2	0	0	0	0	1	3	3	2
166384	14 Nov 25	01:08:00	1	0	55	0	Ct	0	0	2	0	1	1	17	0	5	0	2	0	0	0	0	0	0	0	2	0	1	0	0	2	3	2	0	0	0	0	2	4	2	1
166385	14 Nov 25	01:09:00	1	0	55	0	Ct	0	0	2	0	2	0	19	0	6	0	0	2	2	0	0	0	0	0	3	0	0	0	0	0	2	1	2	2	0	0	1	4	1	1
166386	14 Nov 25	01:10:00	1	0	55	0	Ct	0	0	0	0	1	1	14	0	0	0	0	0	0	0	0	0	0	0	0	0	0	0	0	0	0	2	0	0	0	0	1	0	2	1
166387	14 Nov 25	01:11:00	1	0	55	0	Ct	0	0	0	0	1	4	13	3	0	0	0	2	1	0	0	0	0	0	0	0	0	0	0	0	3	2	0	0	3	0	1	1	2	2
166388	14 Nov 25	01:12:00	1	0	55	0	Ct	0	0	0	0	0	0	6	2	0	0	1	2	1	0	0	0	0	0	1	0	0	0	0	0	2	1	0	2	0	0	1	9	3	2
166389	14 Nov 25	01:13:00	1	0	55	0	Ct	0	0	0	0	1	0	6	2	0	0	2	0	2	0	0	0	0	0	1	0	0	0	0	0	2	2	2	2	3	0	2	4	2	1
166390	14 Nov 25	01:14:00	1	0	55	0	Ct	0	0	0	0	0	0	14	1	0	0	0	2	2	0	0	0	0	0	0	0	0	0	0	2	1	2	0	2	0	0	1	5	0	2
166391	14 Nov 25	01:15:00	1	0	55	0	Ct	0	0	0	0	1	0	5	1	0	0	1	0	0	0	0	0	0	0	1	0	0	0	0	0	3	2	2	0	0	0	2	4	2	1
166392	14 Nov 25	01:16:00	1	0	55	0	Ct	0	0	0	0	0	0	9	2	0	0	1	0	0	0	0	0	0	0	2	0	0	0	0	0	0	3	0	0	0	0	3	3	2	2
166393	14 Nov 25	01:17:00	1	0	55	0	Ct	0	0	0	0	0	0	7	0	0	0	2	3	0	0	1	0	0	2	0	0	2	0	0	1	1	2	0	0	2	0	1	6	3	2
166394	14 Nov 25	01:18:00	1	0	55	0	Ct	0	0	0	0	3	0	6	2	0	0	3	2	0	0	1	0	0	0	0	0	3	0	0	1	2	3	2	2	2	0	0	3	3	1
166395	14 Nov 25	01:19:00	1	0	55	0	Ct	0	0	0	0	1	0	5	3	0	0	0	2	5	0	0	0	0	0	2	0	0	0	0	1	2	1	0	1	4	0	1	3	1	1
166396	14 Nov 25	01:20:00	1	0	55	0	Ct	0	0	0	0	1	0	11	1	0	0	2	3	18	0	0	0	0	0	1	0	2	0	0	2	2	1	2	2	2	0	2	3	3	2
166397	14 Nov 25	01:21:00	1	0	55	0	Ct	0	0	0	0	2	0	7	3	0	0	1	2	3	0	0	0	0	0	1	0	1	0	0	0	1	2	0	2	1	0	1	2	0	1
166398	14 Nov 25	01:22:00	1	0	55	0	Ct	0	0	0	0	1	2	12	1	0	0	0	3	0	0	0	0	0	0	1	0	1	0	0	2	3	3	2	2	3	0	0	5	2	1
166399	14 Nov 25	01:23:00	1	0	55	0	Ct	0	0	0	0	0	3	7	3	0	0	1	2	0	0	0	0	0	0	2	0	1	0	0	0	1	2	2	3	0	0	0	2	3	2
166400	14 Nov 25	01:24:00	1	0	55	0	Ct	0	0	0	0	0	0	12	2	0	0	1	1	0	0	3	0	0	1	1	0	1	0	0	1	1	3	4	1	1	0	0	3	3	1
166401	14 Nov 25	01:25:00	1	0	55	0	Ct	0	0	0	0	0	0	12	3	0	0	0	1	0	0	0	0	0	1	1	0	0	0	0	1	2	3	1	2	0	0	2	3	2	2
166402	14 Nov 25	01:26:00	1	0	55	0	Ct	0	0	0	0	2	2	4	2	2	0	0	1	2	0	1	0	0	0	1	0	0	0	0	0	0	4	1	2	0	0	1	2	3	2
166403	14 Nov 25	01:27:00	1	0	55	0	Ct	0	0	0	0	0	0	12	1	1	0	1	1	2	0	1	0	0	0	2	0	0	0	0	0	3	1	1	2	3	0	1	6	3	2
166404	14 Nov 25	01:28:00	1	0	55	0	Ct	0	0	0	0	1	2	17	1	0	0	2	0	2	0	0	0	0	1	0	0	0	0	0	0	3	4	1	2	2	0	0	4	2	2
166405	14 Nov 25	01:29:00	1	0	55	0	Ct	0	0	0	0	0	0	6	0	0	0	1	0	1	0	2	0	0	1	0	0	0	0	0	0	4	2	1	0	1	0	0	3	1	0
166406	14 Nov 25	01:30:00	1	0	55	0	Ct	0	0	0	0	1	0	8	0	0	0	0	3	3	1	0	0	0	0	1	0	0	0	0	0	2	2	0	2	2	0	2	1	3	1
166407	14 Nov 25	01:31:00	1	0	55	0	Ct	0	0	0	0	0	0	3	1	0	0	0	1	1	1	3	0	0	0	1	0	0	0	0	0	3	2	0	2	1	0	5	3	1	1
166408	14 Nov 25	01:32:00	1	0	55	0	Ct	0	0	0	0	4	0	14	1	0	0	0	0	2	0	1	0	0	0	4	0	0	0	0	0	3	1	0	1	2	0	4	5	8	2
166409	14 Nov 25	01:33:00	1	0	55	0	Ct	0	0	0	0	0	1	7	1	0	0	0	0	3	0	0	0	0	0	0	0	0	0	0	2	2	1	2	2	0	0	0	3	4	2
166410	14 Nov 25	01:34:00	1	0	55	0	Ct	0	0	0	0	1	1	18	1	0	0	0	1	1	0	0	0	0	0	0	0	0	0	0	2	0	2	1	1	0	0	0	3	1	3
166411	14 Nov 25	01:35:00	1	0	55	0	Ct	0	0	0	0	1	0	13	0	0	0	1	1	2	2	1	0	0	0	1	0	1	0	0	1	3	2	2	1	1	0	1	4	0	0
166412	14 Nov 25	01:36:00	1	0	55	0	Ct	0	0	0	0	2	0	16	1	0	0	1	1	3	0	1	0	0	0	1	0	1	0	0	1	1	3	1	1	1	0	1	1	2	0
166413	14 Nov 25	01:37:00	1	0	55	0	Ct	0	0	0	0	0	0	6	0	0	0	2	1	2	0	0	0	0	0	2	0	0	0	0	1	3	2	2	2	2	0	3	4	0	1
166414	14 Nov 25	01:38:00	1	0	55	0	Ct	0	0	0	0	1	1	16	1	0	2	0	0	2	0	0	0	0	0	2	0	0	0	0	1	1	3	2	1	0	0	2	7	0	1
166415	14 Nov 25	01:39:00	1	0	55	0	Ct	0	0	0	0	1	1	14	0	0	0	0	0	1	0	2	0	0	0	0	0	0	0	0	0	2	3	1	1	0	0	0	4	0	0
166416	14 Nov 25	01:40:00	1	0	55	0	Ct	0	0	0	0	0	0	3	0	0	0	0	0	3	0	2	0	0	0	1	0	0	0	0	0	1	0	1	2	1	0	1	3	0	0
166417	14 Nov 25	01:41:00	1	0	55	0	Ct	0	0	0	0	2	0	12	0	0	0	0	2	0	0	0	0	0	0	2	0	1	0	0	2	1	2	2	2	0	0	1	5	0	3
166418	14 Nov 25	01:42:00	1	0	55	0	Ct	0	0	0	0	0	0	0	0	0	0	0	1	3	0	2	0	0	0	1	0	0	0	0	1	2	3	2	2	3	0	1	3	5	2
166419	14 Nov 25	01:43:00	1	0	55	0	Ct	0	0	0	0	2	0	14	0	0	0	0	2	1	0	0	0	0	2	0	0	1	0	0	1	2	1	1	1	0	0	0	5	2	1
166420	14 Nov 25	01:44:00	1	0	55	0	Ct	0	0	0	0	0	0	17	0	0	0	0	2	1	0	1	0	0	0	1	0	0	0	0	0	2	2	1	2	0	0	0	5	1	1
166421	14 Nov 25	01:45:00	1	0	55	0	Ct	0	0	0	0	2	0	4	1	0	0	0	1	1	0	1	0	0	0	2	0	0	0	0	0	0	0	1	0	0	0	2	2	1	2
166422	14 Nov 25	01:46:00	1	0	55	0	Ct	0	0	0	0	1	0	22	3	0	0	0	0	1	0	4	0	0	0	0	0	0	0	0	0	2	0	2	0	0	0	1	3	0	1
166423	14 Nov 25	01:47:00	1	0	55	0	Ct	0	0	0	0	0	0	4	4	0	0	0	2	1	0	1	0	0	0	13	0	0	0	0	1	1	3	1	0	2	0	0	2	0	1
166424	14 Nov 25	01:48:00	1	0	55	0	Ct	0	0	0	0	1	0	4	2	0	0	0	3	2	0	2	0	0	0	1	0	0	0	0	1	2	1	2	0	0	0	2	1	0	1
166425	14 Nov 25	01:49:00	1	0	55	0	Ct	0	0	0	0	2	0	17	2	0	0	2	0	1	0	1	0	0	0	0	0	3	0	0	1	2	2	2	0	0	0	3	2	0	2
166426	14 Nov 25	01:50:00	1	0	55	0	Ct	0	0	0	0	1	0	12	2	0	0	0	1	2	0	0	0	0	0	4	0	1	0	0	1	2	3	0	1	0	0	0	2	0	2
166427	14 Nov 25	01:51:00	1	0	55	0	Ct	0	0	0	0	1	0	10	0	0	0	2	1	1	0	2	0	0	0	2	0	0	0	0	0	0	2	0	1	0	0	1	1	0	1
166428	14 Nov 25	01:52:00	1	0	55	0	Ct	0	0	0	0	1	1	7	3	0	0	0	3	1	1	1	0	0	4	0	0	0	0	0	1	2	3	2	2	3	0	1	3	1	1
166429	14 Nov 25	01:53:00	1	0	55	0	Ct	0	0	0	0	1	1	19	0	0	0	0	2	0	9	1	0	0	0	1	0	1	0	0	1	2	2	0	1	0	0	1	4	3	2
166430	14 Nov 25	01:54:00	1	0	55	0	Ct	0	0	0	0	0	0	8	1	0	0	1	1	0	2	1	0	0	0	1	0	4	0	0	0	2	0	2	1	1	0	2	3	3	1
166431	14 Nov 25	01:55:00	1	0	55	0	Ct	0	0	0	0	3	0	2	0	0	0	1	0	3	0	1	0	0	0	1	0	2	0	0	0	2	0	2	1	0	0	0	2	2	1
166432	14 Nov 25	01:56:00	1	0	55	0	Ct	0	0	0	0	0	0	17	1	0	0	0	1	1	0	6	0	0	0	2	0	2	0	0	0	1	1	0	3	2	0	3	5	2	0
166433	14 Nov 25	01:57:00	1	0	55	0	Ct	0	0	0	0	1	0	3	1	0	0	0	1	2	0	2	0	0	4	0	0	0	0	0	0	3	2	1	2	0	0	0	6	2	1
166434	14 Nov 25	01:58:00	1	0	55	0	Ct	0	0	0	0	2	0	16	0	0	0	0	0	0	0	0	0	0	0	0	0	1	0	0	0	1	3	2	0	2	0	2	4	2	1
166435	14 Nov 25	01:59:00	1	0	55	0	Ct	0	0	0	0	1	2	18	2	0	0	1	0	0	0	2	0	0	0	2	0	2	0	0	2	1	3	0	1	0	0	1	6	3	2
166436	14 Nov 25	02:00:00	1	0	55	0	Ct	0	0	0	0	1	1	6	0	0	0	1	0	2	0	0	0	0	5	1	0	2	0	0	0	2	2	2	0	6	0	2	0	2	0
166437	14 Nov 25	02:01:00	1	0	55	0	Ct	0	0	0	1	1	0	0	0	0	0	0	0	2	0	0	0	0	0	2	0	1	0	0	0	1	0	1	1	1	0	1	4	2	0
166438	14 Nov 25	02:02:00	1	0	55	0	Ct	0	0	0	1	3	1	4	0	0	0	0	1	1	0	0	0	0	3	2	0	3	0	0	3	1	3	2	1	0	0	1	4	0	1
166439	14 Nov 25	02:03:00	1	0	55	0	Ct	0	0	0	0	1	1	7	0	0	0	0	0	1	0	3	0	0	4	1	1	2	0	0	1	1	3	1	1	2	0	1	2	0	1
166440	14 Nov 25	02:04:00	1	0	55	0	Ct	0	0	0	0	3	2	10	0	0	0	0	1	3	2	2	0	0	1	1	1	0	0	0	2	2	3	1	0	0	0	0	4	0	0
166441	14 Nov 25	02:05:00	1	0	55	0	Ct	0	0	0	0	2	0	13	0	0	4	0	1	2	3	2	0	0	2	0	0	1	0	0	0	1	5	1	0	0	0	1	4	0	1
166442	14 Nov 25	02:06:00	1	0	55	0	Ct	0	0	0	0	1	0	7	2	0	0	0	5	1	0	3	0	0	1	1	2	0	0	0	2	2	0	2	0	2	0	10	5	0	1
166443	14 Nov 25	02:07:00	1	0	55	0	Ct	0	0	2	0	1	0	9	0	0	0	0	3	3	0	1	0	0	1	1	3	0	0	0	1	3	0	0	2	0	0	1	3	0	0
166444	14 Nov 25	02:08:00	1	0	55	0	Ct	0	0	0	0	1	0	19	2	0	0	2	2	5	0	0	0	0	2	0	2	0	0	0	2	0	2	0	0	0	0	1	3	1	1
166445	14 Nov 25	02:09:00	1	0	55	0	Ct	0	0	1	0	1	0	16	1	0	0	0	3	5	0	1	0	0	1	1	4	5	0	0	1	1	2	2	1	0	0	0	3	2	1
166446	14 Nov 25	02:10:00	1	0	55	0	Ct	0	0	3	0	1	0	8	1	0	0	2	1	6	0	2	0	0	1	1	4	2	0	0	0	3	0	2	2	0	0	0	3	1	0
166447	14 Nov 25	02:11:00	1	0	55	0	Ct	0	0	0	0	0	0	13	2	0	0	0	1	2	0	3	0	0	2	0	3	0	0	0	4	2	1	1	1	0	0	0	2	3	1
166448	14 Nov 25	02:12:00	1	0	55	0	Ct	0	0	0	0	2	0	8	1	0	0	0	1	0	0	0	0	0	0	2	2	0	0	0	2	2	1	0	1	0	0	0	9	2	1
166449	14 Nov 25	02:13:00	1	0	55	0	Ct	0	0	0	0	1	0	7	1	0	0	2	3	3	0	0	0	0	2	2	3	0	0	0	3	3	1	2	1	0	0	2	1	2	0
166450	14 Nov 25	02:14:00	1	0	55	0	Ct	0	0	3	0	2	0	17	2	0	0	1	1	6	0	2	0	0	2	1	2	0	0	0	2	2	2	0	2	0	0	2	2	3	1
166451	14 Nov 25	02:15:00	1	0	55	0	Ct	0	0	3	0	0	0	20	1	0	0	2	1	3	0	0	0	0	0	3	2	0	0	0	0	2	1	0	1	0	0	1	2	3	2
166452	14 Nov 25	02:16:00	1	0	55	0	Ct	0	0	1	0	1	0	0	0	0	0	1	0	2	0	2	0	0	0	4	5	0	0	0	1	1	1	2	0	2	0	2	2	1	1
166453	14 Nov 25	02:17:00	1	0	55	0	Ct	0	0	1	0	1	0	2	1	0	0	1	0	1	0	1	0	0	0	3	3	0	0	0	1	1	1	1	2	0	0	3	3	1	1
166454	14 Nov 25	02:18:00	1	0	55	0	Ct	0	0	3	0	1	0	0	3	0	0	1	1	1	0	3	0	0	3	2	5	0	0	0	0	3	1	0	0	1	4	1	6	3	0
166455	14 Nov 25	02:19:00	1	0	55	0	Ct	0	0	4	0	0	0	12	0	0	0	0	1	1	0	1	0	0	0	3	3	0	0	0	2	1	3	2	0	0	0	1	2	3	2
166456	14 Nov 25	02:20:00	1	0	55	0	Ct	0	0	4	0	3	0	9	2	0	0	2	1	3	0	2	0	0	1	1	1	0	0	0	0	2	3	1	2	3	0	1	4	1	1
166457	14 Nov 25	02:21:00	1	0	55	0	Ct	0	0	2	0	1	0	1	0	0	0	1	1	2	0	1	0	0	2	2	4	0	0	0	2	2	2	1	0	0	0	1	3	2	1
166458	14 Nov 25	02:22:00	1	0	55	0	Ct	0	0	2	0	0	0	20	1	0	0	1	2	1	0	1	0	0	3	1	1	0	0	0	0	0	2	2	1	0	0	2	0	3	0
166459	14 Nov 25	02:23:00	1	0	55	0	Ct	0	0	1	0	2	0	8	0	0	0	0	1	4	0	1	0	0	1	2	2	0	0	0	0	2	2	5	1	2	0	2	3	1	2
166460	14 Nov 25	02:24:00	1	0	55	0	Ct	0	0	1	0	2	0	4	1	4	0	0	2	1	0	1	0	0	1	1	3	0	0	0	2	2	1	2	1	0	0	0	0	2	2
166461	14 Nov 25	02:25:00	1	0	55	0	Ct	0	0	2	0	2	0	5	1	3	4	0	0	0	0	2	0	0	4	0	3	0	0	0	1	2	1	0	0	0	0	0	2	1	1
166462	14 Nov 25	02:26:00	1	0	55	0	Ct	0	0	1	0	0	0	11	1	0	3	0	3	1	0	2	0	0	1	2	1	0	0	0	1	0	3	2	0	0	0	0	2	3	1
166463	14 Nov 25	02:27:00	1	0	55	0	Ct	0	0	2	0	1	0	0	0	0	0	2	1	1	1	2	0	0	0	1	1	0	0	0	0	1	1	0	2	1	0	2	4	3	1
166464	14 Nov 25	02:28:00	1	0	55	0	Ct	0	0	2	0	3	1	7	0	0	0	0	2	0	8	1	0	0	2	1	2	0	0	0	0	1	2	1	2	2	0	0	2	2	1
166465	14 Nov 25	02:29:00	1	0	55	0	Ct	0	0	2	0	3	1	23	0	0	1	0	0	1	2	3	0	0	0	0	3	0	0	0	1	2	0	1	0	0	0	0	2	2	1
166466	14 Nov 25	02:30:00	1	0	55	0	Ct	0	0	0	0	1	0	3	1	0	1	2	2	1	1	0	0	0	2	0	3	0	0	0	1	0	0	2	0	0	0	0	5	2	0
166467	14 Nov 25	02:31:00	1	0	55	0	Ct	0	0	2	0	0	0	8	2	0	4	0	0	2	1	2	0	0	0	2	3	0	0	0	1	1	1	2	0	2	0	0	3	0	3
166468	14 Nov 25	02:32:00	1	0	55	0	Ct	0	0	0	0	1	0	0	3	0	2	0	0	2	0	0	0	0	1	0	2	0	0	0	1	1	2	2	0	0	0	1	4	2	0
166469	14 Nov 25	02:33:00	1	0	55	0	Ct	0	0	0	0	0	0	0	1	0	0	0	0	3	0	0	0	0	0	2	3	0	0	0	0	2	1	1	1	4	0	0	2	0	1
166470	14 Nov 25	02:34:00	1	0	55	0	Ct	0	0	3	0	0	0	9	0	0	0	0	0	1	0	2	0	0	2	0	3	0	0	0	0	2	1	0	1	5	0	1	0	0	1
166471	14 Nov 25	02:35:00	1	0	55	0	Ct	0	0	2	0	2	2	7	1	0	2	0	0	4	0	1	0	0	0	0	2	0	0	0	0	1	1	2	0	2	0	0	4	0	0
166472	14 Nov 25	02:36:00	1	0	55	0	Ct	0	0	1	0	2	0	12	0	0	0	1	3	1	0	1	0	0	1	1	2	0	0	0	2	1	2	0	1	4	0	0	3	2	0
166473	14 Nov 25	02:37:00	1	0	55	0	Ct	0	0	2	0	1	0	0	0	0	0	2	0	0	0	1	0	0	4	0	1	0	0	0	1	2	0	0	1	0	0	0	2	2	0
166474	14 Nov 25	02:38:00	1	0	55	0	Ct	0	0	1	0	2	1	16	1	0	0	0	0	2	0	2	0	0	1	1	1	0	0	0	1	2	2	2	1	2	0	0	2	3	2
166475	14 Nov 25	02:39:00	1	0	55	0	Ct	0	0	2	3	2	1	3	1	2	0	3	0	2	0	1	0	0	2	2	2	0	0	0	1	0	2	1	2	1	0	1	2	2	0
166476	14 Nov 25	02:40:00	1	0	55	0	Ct	0	0	2	3	2	0	11	1	0	0	1	0	3	0	3	0	0	0	0	3	0	0	0	1	2	0	1	1	0	0	2	18	1	1
166477	14 Nov 25	02:41:00	1	0	55	0	Ct	0	0	1	0	3	2	6	0	3	0	1	0	0	0	1	0	0	0	0	2	0	0	0	0	0	2	2	1	2	0	0	3	2	2
166478	14 Nov 25	02:42:00	1	0	55	0	Ct	0	0	1	0	0	0	14	1	0	0	3	1	0	0	1	0	0	2	2	2	0	0	0	2	2	0	1	0	3	0	2	7	0	2
166479	14 Nov 25	02:43:00	1	0	55	0	Ct	0	0	1	1	3	0	13	1	6	0	0	4	0	0	1	0	0	3	2	3	0	0	0	1	1	3	1	0	0	0	3	2	1	1
166480	14 Nov 25	02:44:00	1	0	55	0	Ct	0	0	0	2	5	1	1	1	0	0	0	0	0	0	0	0	0	3	0	2	0	0	0	0	1	0	2	1	0	0	0	0	1	1
166481	14 Nov 25	02:45:00	1	0	55	0	Ct	0	0	0	1	2	1	10	3	2	0	0	0	0	0	0	0	0	0	0	2	0	0	0	3	2	0	2	1	0	0	0	1	1	1
166482	14 Nov 25	02:46:00	1	0	55	0	Ct	0	0	1	1	1	0	0	1	0	0	0	1	0	0	0	0	0	1	0	3	0	0	0	1	1	4	0	1	0	0	2	1	1	1
166483	14 Nov 25	02:47:00	1	0	55	0	Ct	0	0	2	2	3	0	6	1	2	0	2	9	1	0	0	0	0	1	0	2	0	0	0	1	1	3	2	1	4	0	0	1	2	0
166484	14 Nov 25	02:48:00	1	0	55	0	Ct	0	0	1	2	2	2	25	1	2	0	0	8	1	0	0	0	0	0	3	1	0	0	0	2	2	3	0	2	0	0	2	4	2	0
166485	14 Nov 25	02:49:00	1	0	55	0	Ct	0	0	0	1	1	0	24	1	1	0	1	0	3	1	0	0	0	2	1	2	0	0	0	1	0	2	0	0	3	0	2	8	2	1
166486	14 Nov 25	02:50:00	1	0	55	0	Ct	0	0	1	2	2	4	36	1	1	0	1	0	1	2	0	0	0	0	1	2	0	0	0	2	2	0	2	0	1	0	1	3	0	0
166487	14 Nov 25	02:51:00	1	0	55	0	Ct	0	0	2	2	4	2	12	1	0	0	1	1	3	3	1	0	0	0	1	2	0	0	0	0	0	3	0	1	3	0	5	4	4	0
166488	14 Nov 25	02:52:00	1	0	55	0	Ct	0	0	2	1	4	1	5	2	0	0	0	2	1	0	3	0	0	3	0	5	2	0	0	0	4	0	0	1	0	0	0	4	2	0
166489	14 Nov 25	02:53:00	1	0	55	0	Ct	0	0	0	5	1	0	7	0	0	0	0	5	1	0	0	0	0	2	0	4	3	0	0	1	2	0	2	0	1	0	0	4	0	1
166490	14 Nov 25	02:54:00	1	0	55	0	Ct	0	0	0	0	3	1	9	1	0	0	1	1	0	7	1	0	0	1	1	2	1	0	0	1	2	2	1	1	2	1	2	2	1	6
166491	14 Nov 25	02:55:00	1	0	55	0	Ct	0	0	1	3	0	1	13	0	0	0	0	1	1	4	3	0	0	1	0	2	0	0	0	0	2	2	1	1	0	1	0	3	1	2
166492	14 Nov 25	02:56:00	1	0	55	0	Ct	0	0	1	1	1	1	0	3	0	0	0	1	1	2	1	0	0	1	0	3	1	0	0	0	1	4	1	0	0	0	0	0	2	3
166493	14 Nov 25	02:57:00	1	0	55	0	Ct	0	0	2	1	1	0	5	1	0	0	0	3	0	2	1	0	0	0	3	0	1	0	0	1	1	2	0	2	0	0	0	1	1	0
166494	14 Nov 25	02:58:00	1	0	55	0	Ct	0	0	0	4	2	1	20	1	0	0	0	0	3	3	2	0	0	0	1	2	0	0	0	2	1	1	3	0	0	2	4	1	2	1
166495	14 Nov 25	02:59:00	1	0	55	0	Ct	0	0	2	2	1	1	11	0	0	0	1	1	1	3	2	0	0	0	0	1	0	0	0	0	1	2	0	1	0	3	2	1	1	1
166496	14 Nov 25	03:00:00	1	0	55	0	Ct	0	0	3	1	1	0	8	3	0	0	0	0	0	4	1	0	0	0	1	3	5	0	0	0	2	3	0	1	1	1	0	5	2	1
166497	14 Nov 25	03:01:00	1	0	55	0	Ct	0	0	2	0	1	0	13	0	0	0	1	1	0	2	1	0	0	0	1	2	1	0	0	1	1	1	2	1	1	1	0	4	0	0
166498	14 Nov 25	03:02:00	1	0	55	0	Ct	0	0	0	1	1	0	9	2	0	0	0	2	2	3	1	0	0	0	0	2	2	0	0	1	2	1	2	1	0	1	1	3	1	1
166499	14 Nov 25	03:03:00	1	0	55	0	Ct	0	0	2	1	0	0	20	0	0	0	2	1	1	3	1	0	0	3	0	0	4	0	0	1	1	1	5	2	0	2	1	3	2	0
166500	14 Nov 25	03:04:00	1	0	55	0	Ct	0	0	0	2	2	0	2	3	0	0	0	0	1	2	1	0	0	1	0	1	0	0	0	1	1	2	1	2	0	1	0	3	1	3
166501	14 Nov 25	03:05:00	1	0	55	0	Ct	0	0	1	1	0	0	7	1	0	0	2	0	0	3	1	0	0	1	0	1	0	0	0	1	2	0	2	0	1	4	2	2	1	0
166502	14 Nov 25	03:06:00	1	0	55	0	Ct	0	0	1	0	2	0	1	2	0	0	0	0	1	3	0	0	0	1	0	3	1	0	0	0	1	3	1	1	2	2	0	4	2	2
166503	14 Nov 25	03:07:00	1	0	55	0	Ct	0	0	2	0	0	0	0	0	0	0	0	0	1	2	0	0	0	0	1	1	0	0	0	0	2	3	5	1	0	2	1	2	0	1
166504	14 Nov 25	03:08:00	1	0	55	0	Ct	0	0	2	9	2	1	9	1	0	0	0	2	0	3	0	0	0	1	1	1	1	0	0	0	0	0	1	2	2	2	1	3	3	1
166505	14 Nov 25	03:09:00	1	0	55	0	Ct	0	0	0	1	2	1	30	1	0	0	4	0	1	2	1	0	0	1	0	2	0	0	0	2	0	1	0	1	2	3	2	1	3	1
166506	14 Nov 25	03:10:00	1	0	55	0	Ct	0	0	2	1	0	0	9	3	0	0	0	1	2	2	1	0	0	0	2	1	1	0	0	0	2	1	0	1	0	0	1	0	3	1
166507	14 Nov 25	03:11:00	1	0	55	0	Ct	0	0	0	0	1	0	7	4	0	0	0	1	1	5	0	0	0	0	0	1	0	0	0	1	4	0	2	2	0	4	0	3	0	1
166508	14 Nov 25	03:12:00	1	0	55	0	Ct	0	0	2	0	0	0	11	3	0	0	2	0	1	1	1	0	0	2	0	1	0	0	0	1	4	0	0	1	0	0	5	1	2	2
166509	14 Nov 25	03:13:00	1	0	55	0	Ct	0	0	0	2	2	0	8	1	0	0	0	0	1	3	1	0	0	0	2	1	0	0	0	0	1	0	1	1	2	1	1	0	2	1
166510	14 Nov 25	03:14:00	1	0	55	0	Ct	0	0	2	5	1	0	8	3	0	0	0	0	0	1	1	0	0	1	2	0	0	0	0	2	2	2	1	1	0	2	2	0	1	1
166511	14 Nov 25	03:15:00	1	0	55	0	Ct	0	0	2	0	1	5	12	1	0	0	0	0	2	3	1	0	0	0	0	1	0	0	0	1	2	0	0	2	0	1	0	0	0	1
166512	14 Nov 25	03:16:00	1	0	55	0	Ct	0	0	0	1	0	0	11	1	0	0	0	2	1	6	2	0	0	1	2	1	3	0	0	3	0	0	1	1	1	2	1	0	0	1
166513	14 Nov 25	03:17:00	1	0	55	0	Ct	0	0	0	0	0	0	8	2	0	0	1	1	2	5	0	0	0	0	2	1	2	0	0	0	1	0	1	0	1	1	1	2	0	1
166514	14 Nov 25	03:18:00	1	0	55	0	Ct	0	0	0	2	1	0	0	0	0	2	2	3	1	2	1	0	0	3	2	2	0	0	0	0	3	3	0	0	2	1	3	5	0	0
166515	14 Nov 25	03:19:00	1	0	55	0	Ct	0	0	1	0	3	1	1	2	0	0	1	0	2	3	1	0	0	1	0	5	1	0	0	2	0	2	0	0	0	1	0	2	0	0
166516	14 Nov 25	03:20:00	1	0	55	0	Ct	0	0	0	1	3	1	14	1	0	1	0	2	0	0	0	0	0	2	0	3	1	0	0	0	2	1	0	0	0	3	2	0	0	2
166517	14 Nov 25	03:21:00	1	0	55	0	Ct	0	0	1	4	2	0	8	2	0	5	2	1	1	4	1	0	0	1	2	2	0	0	0	2	2	1	1	0	2	1	0	5	0	0
166518	14 Nov 25	03:22:00	1	0	55	0	Ct	0	0	1	0	1	0	6	1	5	3	0	0	1	3	1	0	0	1	2	1	0	0	0	1	2	0	1	0	1	2	0	4	0	1
166519	14 Nov 25	03:23:00	1	0	55	0	Ct	0	0	2	1	3	1	22	0	0	3	0	1	1	1	0	0	0	1	0	1	0	0	0	1	1	2	2	1	1	1	2	2	0	1
166520	14 Nov 25	03:24:00	1	0	55	0	Ct	0	0	2	0	3	1	1	1	0	0	1	1	1	2	2	0	0	0	2	1	0	0	0	1	1	3	0	1	2	1	1	5	0	0
166521	14 Nov 25	03:25:00	1	0	55	0	Ct	0	0	1	1	0	0	20	1	0	0	2	0	1	1	1	0	0	2	0	2	1	0	0	1	1	3	0	3	0	1	1	4	3	2
166522	14 Nov 25	03:26:00	1	0	55	0	Ct	0	0	2	0	3	0	14	1	0	0	3	0	2	1	2	0	0	0	2	1	3	0	0	0	2	0	0	2	0	2	0	4	0	1
166523	14 Nov 25	03:27:00	1	0	55	0	Ct	0	0	0	1	0	0	2	1	0	0	0	0	0	2	1	0	0	3	0	2	0	0	0	0	1	1	1	0	1	1	2	2	0	1
166524	14 Nov 25	03:28:00	1	0	55	0	Ct	0	0	2	0	3	2	8	1	0	0	1	0	0	2	1	0	0	2	0	1	0	0	0	2	1	2	1	0	3	3	0	0	0	1
166525	14 Nov 25	03:29:00	1	0	55	0	Ct	0	0	0	1	1	0	24	2	0	0	1	1	0	3	1	0	0	1	1	0	1	0	0	1	2	2	0	2	0	2	2	3	0	1
166526	14 Nov 25	03:30:00	1	0	55	0	Ct	0	0	0	0	1	0	0	1	0	0	2	1	0	5	2	0	0	0	1	1	0	0	0	1	1	3	0	0	0	1	0	2	0	0
166527	14 Nov 25	03:31:00	1	0	55	0	Ct	0	0	2	1	2	0	0	0	0	0	0	0	0	1	0	0	0	1	1	1	0	0	0	2	2	2	1	0	4	1	0	1	0	0
166528	14 Nov 25	03:32:00	1	0	55	0	Ct	0	0	0	0	1	0	10	0	0	0	0	0	0	2	1	0	0	1	1	1	0	0	0	0	1	1	1	0	1	1	1	4	0	2
166529	14 Nov 25	03:33:00	1	0	55	0	Ct	0	0	2	0	1	0	7	0	0	0	0	1	1	1	2	0	0	0	0	2	0	0	0	0	1	2	1	0	0	1	2	0	0	1
166530	14 Nov 25	03:34:00	1	0	55	0	Ct	0	0	1	2	0	0	3	4	5	0	0	1	1	1	3	0	0	1	2	2	0	0	0	2	3	0	1	2	0	0	2	0	0	0
166531	14 Nov 25	03:35:00	1	0	55	0	Ct	0	0	1	1	2	0	6	2	0	0	1	0	0	0	1	0	0	3	0	1	0	0	0	0	1	2	2	0	0	1	0	5	0	0
166532	14 Nov 25	03:36:00	1	0	55	0	Ct	0	0	1	0	0	0	9	2	0	0	1	0	0	2	0	0	0	1	0	1	0	0	0	0	0	1	0	0	0	1	0	3	0	2
166533	14 Nov 25	03:37:00	1	0	55	0	Ct	0	0	1	0	2	2	0	2	0	0	0	0	2	1	0	0	0	2	0	4	0	0	0	1	0	1	0	0	0	1	0	4	0	1
166534	14 Nov 25	03:38:00	1	0	55	0	Ct	0	0	0	1	1	0	9	2	0	0	0	2	0	1	0	0	0	1	2	0	1	0	0	2	2	2	1	0	1	2	0	2	0	1
166535	14 Nov 25	03:39:00	1	0	55	0	Ct	0	0	1	1	0	0	7	1	0	2	0	1	0	1	2	0	0	1	0	0	1	0	0	0	3	1	0	1	2	0	1	3	0	1
166536	14 Nov 25	03:40:00	1	0	55	0	Ct	0	0	1	0	1	0	0	2	0	1	1	1	0	1	0	0	0	0	2	0	0	0	0	1	2	2	0	1	1	2	1	4	0	1
166537	14 Nov 25	03:41:00	1	0	55	0	Ct	0	0	0	1	0	0	13	2	0	3	2	0	0	1	0	0	0	2	0	3	0	0	0	1	1	0	0	2	0	0	3	3	0	0
166538	14 Nov 25	03:42:00	1	0	55	0	Ct	0	0	1	0	2	1	4	3	0	0	1	0	0	2	1	0	0	1	0	2	0	0	0	0	2	0	0	2	1	2	0	2	0	1
166539	14 Nov 25	03:43:00	1	0	55	0	Ct	0	0	1	1	0	1	4	1	0	0	0	0	0	2	1	0	0	2	0	3	0	0	0	0	0	0	1	1	1	0	0	1	1	1
166540	14 Nov 25	03:44:00	1	0	55	0	Ct	0	0	3	0	2	0	13	2	0	5	0	0	2	1	2	0	0	1	0	2	0	0	0	0	2	2	1	1	0	2	3	1	1	0
166541	14 Nov 25	03:45:00	1	0	55	0	Ct	0	0	1	2	1	0	6	0	0	2	0	1	0	2	0	0	0	1	2	0	0	0	0	0	1	2	1	3	0	0	0	2	0	1
166542	14 Nov 25	03:46:00	1	0	55	0	Ct	0	0	0	2	0	0	8	1	0	2	2	0	0	7	0	0	0	1	0	2	0	0	0	2	1	1	1	3	1	0	2	2	2	0
166543	14 Nov 25	03:47:00	1	0	55	0	Ct	0	0	1	0	0	0	0	1	0	3	0	0	0	2	0	0	0	2	0	1	0	0	0	2	2	1	1	1	1	0	0	4	2	0
166544	14 Nov 25	03:48:00	1	0	55	0	Ct	0	0	1	1	2	2	0	1	0	3	2	0	0	3	1	0	0	0	2	1	0	0	0	0	0	2	0	1	0	1	0	4	0	1
166545	14 Nov 25	03:49:00	1	0	55	0	Ct	0	0	0	0	2	0	0	2	0	2	0	0	0	3	2	0	0	0	0	2	0	0	0	0	1	0	1	1	4	0	0	1	1	0
166546	14 Nov 25	03:50:00	1	0	55	0	Ct	0	0	1	1	1	1	7	1	0	0	2	0	2	3	1	0	0	2	0	2	0	0	0	2	1	2	0	1	0	2	2	3	3	2
166547	14 Nov 25	03:51:00	1	0	55	0	Ct	0	0	1	0	2	1	16	2	0	0	2	0	1	2	1	0	0	5	0	3	0	0	1	0	1	0	0	1	1	1	2	3	1	2
166548	14 Nov 25	03:52:00	1	0	55	0	Ct	0	0	2	0	0	0	2	1	0	0	2	2	0	2	3	0	0	1	0	2	0	0	1	0	1	0	0	1	0	0	0	3	1	2
166549	14 Nov 25	03:53:00	1	0	55	0	Ct	0	0	0	1	2	1	10	2	0	0	0	0	0	1	1	0	0	2	0	2	0	0	0	0	0	0	0	1	3	0	0	4	1	2
166550	14 Nov 25	03:54:00	1	0	55	0	Ct	0	0	3	0	0	1	3	3	0	1	2	0	0	1	1	0	0	0	0	2	0	0	0	2	3	0	0	2	0	0	0	3	2	2
166551	14 Nov 25	03:55:00	1	0	55	0	Ct	0	0	0	1	1	0	7	2	0	1	1	0	0	3	0	0	0	4	0	1	0	0	0	0	0	5	2	0	0	0	0	2	2	1
166552	14 Nov 25	03:56:00	1	0	55	0	Ct	0	0	1	1	1	0	18	1	0	0	0	0	0	1	2	0	0	0	2	2	0	0	4	0	0	1	0	0	1	2	2	3	2	1
166553	14 Nov 25	03:57:00	1	0	55	0	Ct	0	0	2	1	0	0	16	1	1	0	0	0	0	3	2	0	0	0	0	0	0	0	5	2	2	1	0	2	1	0	0	2	1	2
166554	14 Nov 25	03:58:00	1	0	55	0	Ct	0	0	1	0	1	0	27	1	1	0	1	0	0	3	4	0	0	0	0	2	0	0	0	2	2	0	0	1	0	0	0	2	1	1
166555	14 Nov 25	03:59:00	1	0	55	0	Ct	0	0	0	0	1	1	3	1	0	0	0	2	0	2	1	0	0	0	1	2	0	0	2	1	4	2	2	1	0	2	0	5	0	0
166556	14 Nov 25	04:00:00	1	0	55	0	Ct	0	0	3	1	1	1	12	2	8	2	0	0	1	2	0	0	0	2	1	0	0	0	2	2	3	0	0	0	0	0	0	0	0	0
166557	14 Nov 25	04:01:00	1	0	55	0	Ct	0	0	1	1	3	0	5	0	1	0	0	1	1	3	1	0	0	4	2	1	0	0	6	0	3	2	2	0	0	0	0	0	0	0
166558	14 Nov 25	04:02:00	1	0	55	0	Ct	0	0	1	0	2	3	4	2	0	2	2	1	0	2	1	0	0	2	0	3	0	0	4	0	2	0	1	0	1	0	1	1	1	0
166559	14 Nov 25	04:03:00	1	0	55	0	Ct	0	0	1	0	0	5	10	1	3	1	2	1	0	2	2	0	0	3	0	1	0	0	0	2	2	1	0	2	3	2	1	3	0	1
166560	14 Nov 25	04:04:00	1	0	55	0	Ct	0	0	1	0	1	1	13	0	1	1	0	0	0	2	2	0	0	0	0	2	0	0	2	0	2	1	2	1	1	1	1	1	0	1
166561	14 Nov 25	04:05:00	1	0	55	0	Ct	0	0	1	0	1	1	13	2	2	1	0	0	0	2	0	0	0	0	1	1	0	0	2	0	1	1	1	2	3	1	2	1	0	2
166562	14 Nov 25	04:06:00	1	0	55	0	Ct	0	0	3	1	0	1	0	0	2	1	13	2	2	2	2	0	0	3	2	1	0	0	2	0	2	1	1	1	1	0	1	4	0	0
166563	14 Nov 25	04:07:00	1	0	55	0	Ct	0	0	0	3	2	0	17	0	1	0	0	0	1	2	0	0	0	3	0	2	0	0	2	0	2	4	1	1	0	2	2	0	0	0
166564	14 Nov 25	04:08:00	1	0	55	0	Ct	0	0	1	2	2	0	9	0	1	0	0	0	1	3	0	0	0	0	1	1	0	0	1	0	3	0	1	1	0	0	1	0	0	0
166565	14 Nov 25	04:09:00	1	0	55	0	Ct	0	0	1	1	1	0	9	2	3	2	0	2	0	3	0	0	0	0	1	0	0	0	3	0	2	3	0	2	1	0	2	0	0	2
166566	14 Nov 25	04:10:00	1	0	55	0	Ct	0	0	2	1	2	0	9	0	7	2	0	0	2	1	0	0	0	0	2	0	0	0	3	0	1	2	1	0	1	2	0	4	0	3
166567	14 Nov 25	04:11:00	1	0	55	0	Ct	0	0	0	1	1	2	15	0	9	0	0	1	0	1	2	0	0	0	0	2	0	0	3	0	2	1	1	1	0	0	1	2	0	1
166568	14 Nov 25	04:12:00	1	0	55	0	Ct	0	0	1	0	2	1	0	2	1	4	2	0	0	2	2	0	0	1	0	2	0	0	0	2	1	2	2	1	0	1	2	3	0	1
166569	14 Nov 25	04:13:00	1	0	55	0	Ct	0	0	3	0	2	0	8	1	8	2	1	2	1	2	0	0	0	0	2	2	0	0	2	1	0	1	0	1	0	2	1	1	0	0
166570	14 Nov 25	04:14:00	1	0	55	0	Ct	0	0	0	0	0	1	1	1	1	3	0	1	1	3	2	0	0	0	0	0	1	0	2	1	0	0	0	1	2	0	2	3	0	0
166571	14 Nov 25	04:15:00	1	0	55	0	Ct	0	0	2	0	1	0	13	1	0	2	0	1	0	3	0	0	0	2	2	2	0	0	0	0	0	1	1	2	1	0	3	2	0	0
166572	14 Nov 25	04:16:00	1	0	55	0	Ct	0	0	0	0	2	2	13	2	3	0	0	0	0	2	0	0	0	0	0	3	1	0	2	0	2	2	1	0	0	2	2	4	0	1
166573	14 Nov 25	04:17:00	1	0	55	0	Ct	0	0	2	0	2	0	9	0	1	0	0	0	0	0	0	0	0	0	1	0	2	0	1	2	2	0	0	1	2	1	1	2	0	1
166574	14 Nov 25	04:18:00	1	0	55	0	Ct	0	0	0	1	0	0	7	2	0	1	1	1	0	0	0	0	0	0	1	0	1	0	1	2	2	1	3	1	0	0	3	7	0	1
166575	14 Nov 25	04:19:00	1	0	55	0	Ct	0	0	0	1	1	1	14	2	0	2	1	0	0	1	0	0	0	0	0	3	0	0	3	0	3	1	2	2	0	2	0	8	0	1
166576	14 Nov 25	04:20:00	1	0	55	0	Ct	0	0	2	0	0	0	3	0	2	0	1	0	0	2	0	0	0	0	0	0	2	0	2	0	2	2	0	0	0	0	1	5	0	1
166577	14 Nov 25	04:21:00	1	0	55	0	Ct	0	0	1	0	1	1	7	1	0	2	0	0	0	0	0	0	0	3	2	3	9	0	1	2	2	0	2	2	0	1	3	3	0	0
166578	14 Nov 25	04:22:00	1	0	55	0	Ct	0	0	0	0	0	1	10	4	2	0	0	2	0	3	0	0	0	1	1	2	0	0	2	0	1	3	0	1	1	0	2	3	0	1
166579	14 Nov 25	04:23:00	1	0	55	0	Ct	0	0	0	0	1	0	8	4	0	0	1	0	2	2	0	0	0	1	1	3	0	0	1	0	3	2	0	1	1	1	2	6	0	1
166580	14 Nov 25	04:24:00	1	0	55	0	Ct	0	0	2	0	1	2	12	1	2	2	1	2	3	3	0	0	0	2	0	1	0	0	3	3	2	2	0	0	0	1	2	3	0	2
166581	14 Nov 25	04:25:00	1	0	55	0	Ct	0	0	0	1	1	2	10	1	0	2	0	0	0	2	2	0	0	0	1	5	0	0	3	0	1	2	2	1	0	0	1	4	0	0
166582	14 Nov 25	04:26:00	1	0	55	0	Ct	0	0	1	1	1	0	12	1	2	0	0	0	0	2	0	0	0	0	1	1	2	0	3	0	1	1	1	2	0	1	1	1	0	0
166583	14 Nov 25	04:27:00	1	0	55	0	Ct	0	0	1	0	0	0	6	2	3	0	2	0	0	3	1	0	0	1	2	0	0	0	2	1	2	5	0	1	0	0	0	0	0	2
166584	14 Nov 25	04:28:00	1	0	55	0	Ct	0	0	0	1	2	1	9	2	0	0	2	0	0	3	0	0	0	2	0	2	0	0	0	1	2	1	0	0	1	0	0	5	0	0
166585	14 Nov 25	04:29:00	1	0	55	0	Ct	0	0	2	2	1	1	3	0	2	0	2	0	0	1	0	0	0	0	2	1	0	0	2	0	1	1	1	2	0	2	2	2	0	0
166586	14 Nov 25	04:30:00	1	0	55	0	Ct	0	0	1	1	0	0	6	0	2	0	1	0	2	1	0	0	0	0	0	1	1	0	2	0	1	2	1	0	0	0	0	3	0	1
166587	14 Nov 25	04:31:00	1	0	55	0	Ct	0	0	1	0	2	0	3	2	1	0	0	0	0	0	0	0	0	0	1	0	1	0	3	1	2	0	2	2	5	0	2	2	0	1
166588	14 Nov 25	04:32:00	1	0	55	0	Ct	0	0	4	1	1	1	0	1	1	0	0	2	0	2	0	0	0	1	1	1	0	0	3	1	1	0	1	1	1	0	2	2	0	0
166589	14 Nov 25	04:33:00	1	0	55	0	Ct	0	0	0	1	1	1	5	1	1	0	0	1	0	2	0	0	0	3	0	2	0	0	2	0	1	0	1	0	2	2	1	2	0	1
166590	14 Nov 25	04:34:00	1	0	55	0	Ct	0	0	0	0	0	0	9	1	0	3	0	1	0	3	0	0	0	0	2	1	0	0	0	0	2	0	0	2	1	0	2	4	0	2
166591	14 Nov 25	04:35:00	1	0	55	0	Ct	0	0	0	0	2	0	17	1	0	2	1	0	0	2	0	0	0	0	1	0	0	0	0	0	2	0	1	1	0	0	0	3	0	1
166592	14 Nov 25	04:36:00	1	0	55	0	Ct	0	0	0	1	0	0	8	1	0	2	1	2	0	3	0	0	0	5	0	2	1	0	2	0	0	0	1	0	0	1	0	3	1	0
166593	14 Nov 25	04:37:00	1	0	55	0	Ct	0	0	1	1	2	0	13	2	0	2	1	0	0	1	0	0	0	2	2	0	5	0	1	0	2	0	1	2	2	2	1	1	2	0
166594	14 Nov 25	04:38:00	1	0	55	0	Ct	0	0	1	0	2	0	4	1	2	2	0	0	0	2	0	0	0	0	0	2	0	0	1	0	2	3	1	4	0	1	1	1	1	0
166595	14 Nov 25	04:39:00	1	0	55	0	Ct	0	0	0	0	1	0	0	0	4	1	1	1	0	2	0	0	0	0	0	1	0	0	2	0	2	3	1	2	3	2	0	1	1	0
166596	14 Nov 25	04:40:00	1	0	55	0	Ct	0	0	0	0	1	0	18	0	4	0	1	1	1	3	0	0	0	1	2	2	0	0	0	0	1	0	1	2	0	0	1	3	1	1
166597	14 Nov 25	04:41:00	1	0	55	0	Ct	0	0	0	0	1	2	3	4	2	0	1	0	3	1	0	0	0	1	1	0	0	0	0	0	2	2	0	2	2	0	1	4	0	1
166598	14 Nov 25	04:42:00	1	0	55	0	Ct	0	0	1	1	1	0	5	1	0	2	0	0	0	0	1	0	0	0	0	0	0	0	0	0	1	2	1	2	0	0	2	3	0	1
166599	14 Nov 25	04:43:00	1	0	55	0	Ct	0	0	1	0	2	2	10	1	3	1	0	0	0	2	1	0	0	0	0	0	0	0	0	0	3	0	1	1	0	1	1	4	2	1
166600	14 Nov 25	04:44:00	1	0	55	0	Ct	0	0	0	0	1	1	7	0	0	1	2	0	2	2	0	0	0	0	1	0	0	0	0	0	2	2	0	0	0	1	3	0	3	1
166601	14 Nov 25	04:45:00	1	0	55	0	Ct	0	0	1	0	1	0	0	2	3	2	3	1	1	1	6	0	0	0	2	0	0	0	0	2	1	3	2	2	1	1	1	0	2	2
166602	14 Nov 25	04:46:00	1	0	55	0	Ct	0	0	3	0	0	0	7	2	3	0	0	1	1	2	1	0	0	0	0	0	0	0	0	0	1	3	0	1	1	1	1	4	0	2
166603	14 Nov 25	04:47:00	1	0	55	0	Ct	0	0	1	0	2	0	7	1	3	1	3	1	2	0	0	0	0	1	0	0	0	0	0	0	2	0	2	1	0	1	3	3	2	1
166604	14 Nov 25	04:48:00	1	0	55	0	Ct	0	0	1	1	1	0	22	0	1	3	2	3	1	3	0	0	0	1	0	0	0	0	1	2	0	2	0	1	2	0	3	4	0	0
166605	14 Nov 25	04:49:00	1	0	55	0	Ct	0	0	2	0	1	0	12	1	1	1	0	1	0	1	0	0	0	1	0	0	0	0	1	0	3	0	0	1	1	1	1	2	0	2
166606	14 Nov 25	04:50:00	1	0	55	0	Ct	0	0	0	0	0	0	8	1	2	2	2	1	0	3	0	0	0	1	0	0	0	0	0	1	1	1	0	0	0	1	2	2	0	1
166607	14 Nov 25	04:51:00	1	0	55	0	Ct	0	0	2	1	2	0	8	2	0	0	0	0	1	3	2	0	0	0	0	0	0	0	0	0	0	3	1	0	0	2	0	2	0	1
166608	14 Nov 25	04:52:00	1	0	55	0	Ct	0	0	1	1	0	0	0	1	1	0	1	0	2	1	0	0	0	0	2	0	0	0	2	0	2	1	3	0	0	0	2	0	0	2
166609	14 Nov 25	04:53:00	1	0	55	0	Ct	0	0	1	0	4	0	7	1	0	0	0	0	1	1	1	0	0	0	0	4	0	0	0	0	2	0	2	2	1	3	1	0	0	0
166610	14 Nov 25	04:54:00	1	0	55	0	Ct	0	0	0	0	2	0	30	2	2	1	0	1	1	1	1	0	0	0	1	3	0	0	2	0	2	1	1	0	1	1	2	5	0	2
166611	14 Nov 25	04:55:00	1	0	55	0	Ct	0	0	3	0	2	2	15	3	1	1	0	1	1	3	0	0	0	2	1	0	0	0	2	0	2	1	2	1	3	0	2	8	9	0
166612	14 Nov 25	04:56:00	1	0	55	0	Ct	0	0	3	2	1	2	4	1	1	0	1	1	1	0	0	0	0	0	3	0	0	0	0	0	2	2	3	2	0	1	1	5	2	2
166613	14 Nov 25	04:57:00	1	0	55	0	Ct	0	0	2	0	2	0	23	0	0	0	1	1	0	0	0	0	0	0	0	0	0	0	2	0	2	2	0	1	1	0	1	3	3	2
166614	14 Nov 25	04:58:00	1	0	55	0	Ct	0	0	0	0	2	1	11	0	1	0	0	2	0	2	2	0	0	2	0	0	0	0	0	0	0	2	2	1	0	1	1	4	4	1
166615	14 Nov 25	04:59:00	1	0	55	0	Ct	0	0	0	0	4	1	10	1	1	1	0	0	0	3	0	0	0	1	0	0	0	0	1	0	0	2	0	1	0	0	1	2	2	0
166616	14 Nov 25	05:00:00	1	0	55	0	Ct	0	0	2	3	4	0	10	0	2	1	2	2	0	2	0	0	0	0	2	0	0	0	1	0	2	1	3	0	3	2	0	5	0	0
166617	14 Nov 25	05:01:00	1	0	55	0	Ct	0	0	1	1	2	2	17	2	0	0	2	1	1	3	0	0	0	1	2	0	0	0	1	0	2	1	4	1	0	1	0	2	0	2
166618	14 Nov 25	05:02:00	1	0	55	0	Ct	0	0	3	0	1	0	0	2	3	0	1	1	2	1	1	0	0	0	0	0	0	0	1	1	1	0	1	0	0	1	1	0	0	0
166619	14 Nov 25	05:03:00	1	0	55	0	Ct	0	0	1	0	0	0	10	0	2	0	1	0	2	2	1	0	0	0	0	0	0	0	1	2	3	0	1	2	3	0	2	3	0	2
166620	14 Nov 25	05:04:00	1	0	55	0	Ct	0	0	1	0	2	0	6	1	0	2	1	0	1	0	0	0	0	2	2	0	0	0	1	1	1	2	0	2	0	2	8	5	0	0
166621	14 Nov 25	05:05:00	1	0	55	0	Ct	0	0	3	0	1	1	0	1	0	0	1	2	0	3	1	0	0	1	0	0	0	0	2	0	3	0	2	0	2	0	0	3	0	0
166622	14 Nov 25	05:06:00	1	0	55	0	Ct	0	0	1	0	0	1	0	1	0	2	1	0	1	1	1	0	0	1	0	0	0	0	2	1	2	3	1	1	1	0	2	0	0	0
166623	14 Nov 25	05:07:00	1	0	55	0	Ct	0	0	2	2	2	0	18	1	0	0	1	0	1	3	0	0	0	0	1	4	0	0	0	1	2	2	2	1	1	2	1	3	0	0
166624	14 Nov 25	05:08:00	1	0	55	0	Ct	0	0	0	1	2	0	6	2	2	0	1	0	0	3	3	0	0	0	0	2	0	0	0	1	0	1	1	0	0	0	2	3	0	1
166625	14 Nov 25	05:09:00	1	0	55	0	Ct	0	0	4	0	1	0	3	2	0	1	0	2	0	0	0	0	0	2	2	2	0	0	2	1	1	1	0	1	0	1	2	1	0	3
166626	14 Nov 25	05:10:00	1	0	55	0	Ct	0	0	2	0	2	0	12	1	1	1	1	0	2	0	0	0	0	3	1	2	0	0	2	1	2	3	1	2	1	0	2	2	0	3
166627	14 Nov 25	05:11:00	1	0	55	0	Ct	0	0	2	0	1	0	18	2	2	0	0	0	1	0	3	0	0	1	1	1	0	0	1	1	3	2	2	0	1	0	2	5	0	1
166628	14 Nov 25	05:12:00	1	0	55	0	Ct	0	0	0	2	0	0	0	4	0	1	1	0	0	2	1	0	0	0	1	1	0	0	1	0	3	0	1	0	0	0	1	2	0	1
166629	14 Nov 25	05:13:00	1	0	55	0	Ct	0	0	0	0	2	0	5	1	0	1	0	1	1	2	0	0	0	1	0	1	0	0	2	0	2	0	2	0	0	2	2	2	5	2
166630	14 Nov 25	05:14:00	1	0	55	0	Ct	0	0	2	1	1	0	17	2	2	1	0	0	0	3	1	0	0	1	1	1	0	0	2	0	1	1	1	0	0	3	0	2	1	0
166631	14 Nov 25	05:15:00	1	0	55	0	Ct	0	0	0	2	2	0	5	1	2	1	1	0	0	5	2	0	0	0	1	0	0	0	4	1	1	1	0	0	1	1	3	2	0	2
166632	14 Nov 25	05:16:00	1	0	55	0	Ct	0	0	2	0	1	0	6	2	0	0	2	2	0	2	0	0	0	0	1	0	0	0	2	1	2	0	2	0	1	0	1	1	2	2
166633	14 Nov 25	05:17:00	1	0	55	0	Ct	0	0	0	0	1	0	19	2	0	2	1	1	0	4	0	0	0	0	1	1	0	0	1	0	1	0	1	1	0	0	2	0	2	2
166634	14 Nov 25	05:18:00	1	0	55	0	Ct	0	0	0	1	2	0	19	1	0	0	0	5	2	1	1	0	0	3	2	2	0	0	1	0	2	0	1	1	0	1	1	1	0	1
166635	14 Nov 25	05:19:00	1	0	55	0	Ct	0	0	0	1	0	0	0	1	0	2	2	2	1	1	1	0	0	1	1	1	0	0	1	0	0	0	0	0	2	1	1	3	1	1
166636	14 Nov 25	05:20:00	1	0	55	0	Ct	0	0	1	0	0	0	21	0	2	0	2	0	2	4	0	0	0	2	1	0	0	0	3	0	2	0	1	1	0	0	1	1	0	0
166637	14 Nov 25	05:21:00	1	0	55	0	Ct	0	0	1	1	1	0	19	2	0	0	0	0	2	2	0	0	0	0	0	3	0	0	1	2	0	0	1	2	4	0	2	1	0	1
166638	14 Nov 25	05:22:00	1	0	55	0	Ct	0	0	0	0	1	0	22	1	2	0	1	2	0	2	0	0	0	0	2	0	0	0	4	0	0	0	0	1	1	0	1	1	2	1
166639	14 Nov 25	05:23:00	1	0	55	0	Ct	0	0	0	0	2	0	21	0	2	0	0	1	0	1	0	0	0	0	2	1	0	0	0	0	0	0	0	1	1	1	1	3	0	5
166640	14 Nov 25	05:24:00	1	0	55	0	Ct	0	0	2	1	2	1	11	1	2	1	0	0	0	3	0	0	0	1	0	1	0	0	1	2	0	0	1	0	0	0	1	3	2	0
166641	14 Nov 25	05:25:00	1	0	55	0	Ct	0	0	0	1	0	1	0	1	0	1	1	2	0	2	2	0	0	1	1	0	0	0	1	0	2	0	1	0	0	1	0	3	1	3
166642	14 Nov 25	05:26:00	1	0	55	0	Ct	0	0	1	0	0	0	0	0	3	2	1	0	0	2	0	0	0	2	1	3	0	0	2	0	3	0	2	0	2	2	1	1	0	0
166643	14 Nov 25	05:27:00	1	0	55	0	Ct	0	0	2	1	0	2	19	0	1	1	0	0	0	2	0	0	0	1	0	1	0	0	0	1	1	0	2	5	0	0	1	0	0	2
166644	14 Nov 25	05:28:00	1	0	55	0	Ct	0	0	0	1	1	0	13	1	1	0	1	2	0	2	0	0	0	0	1	1	0	0	0	1	1	0	1	1	0	0	2	0	0	1
166645	14 Nov 25	05:29:00	1	0	55	0	Ct	0	0	3	0	0	3	4	1	0	0	2	2	1	2	0	0	0	0	1	1	0	0	0	0	1	0	0	0	0	0	2	0	0	2
166646	14 Nov 25	05:30:00	1	0	55	0	Ct	0	0	1	0	0	1	7	0	0	0	2	1	0	0	0	0	0	1	3	0	0	0	0	0	1	0	0	0	1	0	1	2	0	1
166647	14 Nov 25	05:31:00	1	0	55	0	Ct	0	0	2	0	1	0	0	1	2	0	0	4	2	1	1	0	0	2	1	0	0	0	2	0	1	0	2	0	2	1	3	2	3	1
166648	14 Nov 25	05:32:00	1	0	55	0	Ct	0	0	0	1	0	0	26	2	0	1	1	9	0	1	1	0	0	2	0	0	0	0	0	0	1	3	1	0	2	1	2	1	0	2
166649	14 Nov 25	05:33:00	1	0	55	0	Ct	0	0	1	2	2	1	1	1	0	1	0	6	1	2	0	0	0	0	0	1	0	0	0	0	1	2	2	1	3	0	1	2	0	2
166650	14 Nov 25	05:34:00	1	0	55	0	Ct	0	0	2	0	3	1	20	3	5	1	0	1	0	1	0	0	0	2	1	1	0	0	0	0	0	3	2	1	0	2	1	2	0	1
166651	14 Nov 25	05:35:00	1	0	55	0	Ct	0	0	1	0	1	0	5	1	0	2	1	1	0	0	0	0	0	0	0	1	0	0	2	0	1	2	1	1	0	0	1	2	1	2
166652	14 Nov 25	05:36:00	1	0	55	0	Ct	0	0	1	0	1	0	0	0	3	2	1	0	2	3	0	0	0	2	2	1	0	0	0	1	1	2	2	2	1	0	1	3	1	1
166653	14 Nov 25	05:37:00	1	0	55	0	Ct	0	0	0	1	0	0	0	3	0	1	1	0	0	2	6	0	0	2	1	3	0	0	1	1	2	2	2	1	1	1	2	5	1	2
166654	14 Nov 25	05:38:00	1	0	55	0	Ct	0	0	0	1	1	2	3	0	0	1	0	0	1	0	1	0	0	2	0	1	0	0	3	0	2	3	2	3	0	0	2	3	4	2
166655	14 Nov 25	05:39:00	1	0	55	0	Ct	0	0	0	0	2	0	15	1	1	2	1	3	0	2	0	0	0	0	0	2	0	0	0	1	1	2	5	1	1	0	0	4	0	0
166656	14 Nov 25	05:40:00	1	0	55	0	Ct	0	0	1	1	1	1	15	1	3	0	0	0	0	0	0	0	0	2	1	1	0	0	0	1	1	0	2	0	1	0	4	1	0	1
166657	14 Nov 25	05:41:00	1	0	55	0	Ct	0	0	1	1	0	1	8	0	2	2	2	2	0	0	0	0	0	0	1	0	0	0	0	0	2	2	0	1	0	0	2	0	2	1
166658	14 Nov 25	05:42:00	1	0	55	0	Ct	0	0	2	0	0	1	20	1	0	0	0	0	0	0	0	0	0	0	0	1	0	0	1	0	2	2	0	2	0	1	1	0	2	0
166659	14 Nov 25	05:43:00	1	0	55	0	Ct	0	0	1	0	3	1	8	1	1	0	2	1	3	0	0	0	0	1	0	1	0	0	1	1	1	1	2	1	2	1	2	2	1	1
166660	14 Nov 25	05:44:00	1	0	55	0	Ct	0	0	0	0	1	1	14	0	0	1	0	2	0	2	0	0	0	2	0	0	0	0	0	1	3	1	0	2	0	1	1	3	2	1
166661	14 Nov 25	05:45:00	1	0	55	0	Ct	0	0	1	0	2	0	3	1	0	1	1	2	0	0	0	0	0	0	0	1	0	0	2	2	1	1	0	0	1	3	2	1	1	0
166662	14 Nov 25	05:46:00	1	0	55	0	Ct	0	0	0	0	3	0	1	2	1	0	2	1	0	0	0	0	0	1	0	1	2	0	3	1	3	1	0	0	1	0	1	4	0	0
166663	14 Nov 25	05:47:00	1	0	55	0	Ct	0	0	2	1	2	2	18	0	1	0	1	2	0	0	1	0	0	0	2	1	0	0	1	1	2	1	0	2	1	2	1	2	0	2
166664	14 Nov 25	05:48:00	1	0	55	0	Ct	0	0	3	0	0	2	16	0	1	3	1	3	1	0	0	0	0	0	2	0	1	0	0	1	0	2	1	1	0	3	1	2	0	2
166665	14 Nov 25	05:49:00	1	0	55	0	Ct	0	0	2	0	0	0	0	1	5	1	2	1	1	1	0	0	0	0	0	0	1	0	2	2	2	1	1	2	0	0	2	4	0	1
166666	14 Nov 25	05:50:00	1	0	55	0	Ct	0	0	3	1	1	0	0	0	2	1	2	1	0	0	0	0	0	0	0	0	1	0	3	0	0	1	0	1	2	0	0	2	0	0
166667	14 Nov 25	05:51:00	1	0	55	0	Ct	0	0	3	0	1	0	0	1	1	0	0	0	2	2	0	0	0	0	2	2	1	0	0	1	0	1	1	1	2	0	0	2	0	2
166668	14 Nov 25	05:52:00	1	0	55	0	Ct	0	0	3	0	0	0	7	0	0	0	0	1	0	3	2	0	0	2	0	0	0	0	3	1	0	0	3	1	0	1	0	2	0	1
166669	14 Nov 25	05:53:00	1	0	55	0	Ct	0	0	1	0	0	0	3	0	0	0	4	2	0	0	2	0	0	2	0	0	1	0	1	1	1	0	1	1	0	1	0	3	0	0
166670	14 Nov 25	05:54:00	1	0	55	0	Ct	0	0	1	1	1	0	7	1	0	1	0	0	1	0	0	0	0	0	1	2	0	0	0	1	2	0	1	1	0	0	0	2	0	2
166671	14 Nov 25	05:55:00	1	0	55	0	Ct	0	0	1	2	3	0	9	0	1	1	0	1	0	0	0	0	0	0	1	2	0	0	2	0	1	2	0	1	1	2	2	4	0	0
166672	14 Nov 25	05:56:00	1	0	55	0	Ct	0	0	0	1	4	1	7	1	0	1	2	0	0	0	0	0	0	0	0	1	1	0	0	0	0	1	3	1	1	1	2	2	1	0
166673	14 Nov 25	05:57:00	1	0	55	0	Ct	0	0	0	3	1	1	20	2	3	1	3	0	0	0	0	0	0	0	1	1	0	0	1	2	2	1	1	1	1	0	1	1	0	0
166674	14 Nov 25	05:58:00	1	0	55	0	Ct	0	0	2	0	1	0	10	0	0	2	0	0	0	0	1	0	0	1	1	1	2	0	1	0	2	2	2	2	2	1	19	3	1	1
166675	14 Nov 25	05:59:00	1	0	55	0	Ct	0	0	0	0	1	0	0	0	0	2	0	0	0	0	0	0	0	1	0	2	3	0	0	2	1	2	1	1	0	0	1	1	0	2
166676	14 Nov 25	06:00:00	1	0	55	0	Ct	0	0	0	3	3	0	8	0	2	0	1	0	0	0	0	0	0	0	1	2	0	0	0	0	1	1	1	0	1	3	1	0	0	2
166677	14 Nov 25	06:01:00	1	0	55	0	Ct	0	0	1	0	2	2	9	3	0	1	2	0	2	0	0	0	0	2	0	0	0	0	0	2	1	1	2	0	0	0	2	4	0	1
166678	14 Nov 25	06:02:00	1	0	55	0	Ct	0	0	1	1	0	1	13	1	0	1	0	1	1	2	0	0	0	1	1	1	0	0	2	1	2	0	2	1	0	1	1	0	0	0
166679	14 Nov 25	06:03:00	1	0	55	0	Ct	0	0	0	1	0	0	14	1	1	0	4	3	0	4	0	0	0	0	1	0	1	0	1	1	0	2	0	1	3	1	2	5	0	2
166680	14 Nov 25	06:04:00	1	0	55	0	Ct	0	0	0	0	0	0	4	2	1	3	3	1	2	2	0	0	0	1	1	2	2	0	1	0	0	3	3	1	0	1	3	2	0	2
166681	14 Nov 25	06:05:00	1	0	55	0	Ct	0	0	2	1	3	0	11	2	3	1	0	0	2	2	1	0	0	3	0	2	2	0	2	0	1	3	1	2	0	0	3	0	0	1
166682	14 Nov 25	06:06:00	1	0	55	0	Ct	0	0	2	4	0	0	0	2	2	1	2	2	0	3	1	0	0	2	0	0	1	0	1	3	1	0	2	1	1	0	1	4	1	1
166683	14 Nov 25	06:07:00	1	0	55	0	Ct	0	0	0	0	3	1	6	0	4	1	1	0	1	3	0	0	0	0	2	0	0	0	2	6	3	0	2	0	0	0	3	4	1	1
166684	14 Nov 25	06:08:00	1	0	55	0	Ct	0	0	3	1	3	1	19	0	1	0	0	0	1	1	1	0	0	1	1	1	0	0	2	0	1	2	0	1	1	1	2	2	2	0
166685	14 Nov 25	06:09:00	1	0	55	0	Ct	0	0	1	1	3	0	15	2	0	0	4	0	2	1	4	0	0	0	0	3	0	0	0	0	1	1	2	1	0	1	2	2	0	1
166686	14 Nov 25	06:10:00	1	0	55	0	Ct	0	0	1	0	0	2	5	0	2	0	0	0	0	3	3	0	0	0	1	1	0	0	1	0	1	1	0	0	0	0	1	2	1	1
166687	14 Nov 25	06:11:00	1	0	55	0	Ct	0	0	1	0	1	0	8	1	0	2	2	2	1	1	0	0	0	0	0	0	2	0	1	0	1	1	0	1	0	1	1	4	1	1
166688	14 Nov 25	06:12:00	1	0	55	0	Ct	0	0	2	1	1	0	7	0	1	0	0	2	1	1	0	0	0	0	0	1	2	0	3	0	2	6	2	0	3	1	2	0	0	1
166689	14 Nov 25	06:13:00	1	0	55	0	Ct	0	0	1	1	1	0	13	2	0	2	1	0	0	1	0	0	0	0	1	0	0	0	1	0	1	0	1	1	1	0	0	1	0	1
166690	14 Nov 25	06:14:00	1	0	55	0	Ct	0	0	1	0	1	0	16	0	1	1	1	0	0	1	0	0	0	1	2	2	1	0	1	2	3	3	1	1	1	0	1	3	0	1
166691	14 Nov 25	06:15:00	1	0	55	0	Ct	0	0	0	1	0	2	5	0	1	1	1	0	1	1	0	0	0	1	1	1	0	0	0	1	2	2	2	1	1	0	3	3	0	1
166692	14 Nov 25	06:16:00	1	0	55	0	Ct	0	0	1	3	1	0	0	2	1	0	1	1	1	0	0	0	0	1	0	1	0	0	2	2	1	0	1	1	1	2	0	2	0	0
166693	14 Nov 25	06:17:00	1	0	55	0	Ct	0	0	1	0	2	0	15	2	0	2	4	0	0	2	0	0	0	1	0	1	2	0	0	1	1	3	1	4	0	1	2	6	0	0
166694	14 Nov 25	06:18:00	1	0	55	0	Ct	0	0	0	0	1	0	14	3	1	0	1	0	2	0	0	0	0	0	0	2	2	0	2	0	3	0	1	1	2	1	2	2	0	1
166695	14 Nov 25	06:19:00	1	0	55	0	Ct	0	0	1	0	2	1	0	2	1	0	2	1	1	0	0	0	0	1	0	0	1	0	0	2	1	0	2	3	2	0	2	1	0	1
166696	14 Nov 25	06:20:00	1	0	55	0	Ct	0	0	1	1	1	1	12	0	0	0	1	1	2	0	0	0	0	0	0	2	1	0	1	1	0	0	1	1	0	1	3	2	0	1
166697	14 Nov 25	06:21:00	1	0	55	0	Ct	0	0	0	1	1	0	19	1	2	2	2	2	2	1	0	0	0	0	0	1	1	0	1	2	2	0	1	2	3	1	2	1	0	1
166698	14 Nov 25	06:22:00	1	0	55	0	Ct	0	0	0	0	3	0	6	6	0	0	0	0	0	4	0	0	0	0	2	2	0	0	1	1	0	2	0	2	1	2	0	0	1	4
166699	14 Nov 25	06:23:00	1	0	55	0	Ct	0	0	0	1	4	0	21	0	2	0	2	0	1	2	0	0	0	1	0	0	1	0	2	1	1	0	2	1	2	0	0	2	0	7
166700	14 Nov 25	06:24:00	1	0	55	0	Ct	0	0	0	0	4	0	6	1	0	0	1	1	1	4	0	0	0	1	3	0	1	0	0	0	1	2	2	1	0	1	1	3	1	1
166701	14 Nov 25	06:25:00	1	0	55	0	Ct	0	0	1	1	3	2	3	1	2	2	4	0	1	0	0	0	0	0	1	1	1	0	2	2	1	1	0	0	3	0	2	3	0	1
166702	14 Nov 25	06:26:00	1	0	55	0	Ct	0	0	1	0	2	1	2	1	0	0	0	1	2	2	0	0	0	1	0	3	0	0	0	0	1	3	1	0	3	1	0	4	0	1
166703	14 Nov 25	06:27:00	1	0	55	0	Ct	0	0	2	1	1	1	11	0	1	0	1	1	3	1	0	0	0	1	2	1	3	0	0	1	2	0	1	0	1	1	3	1	0	1
166704	14 Nov 25	06:28:00	1	0	55	0	Ct	0	0	0	0	2	0	1	4	1	2	2	0	2	2	0	0	0	2	0	0	2	0	2	1	0	1	1	2	2	0	1	2	0	1
166705	14 Nov 25	06:29:00	1	0	55	0	Ct	0	0	1	1	2	3	13	0	1	0	1	0	0	3	0	0	0	0	0	1	1	0	0	1	2	1	1	0	1	1	3	3	0	0
166706	14 Nov 25	06:30:00	1	0	55	0	Ct	0	0	1	0	3	3	8	0	0	0	0	0	0	3	3	0	0	0	2	0	1	0	0	1	2	1	2	2	0	1	1	2	0	1
166707	14 Nov 25	06:31:00	1	0	55	0	Ct	0	0	2	0	3	1	12	0	3	1	0	3	4	3	2	0	0	2	0	0	0	0	1	0	1	0	0	1	0	2	1	2	0	1
166708	14 Nov 25	06:32:00	1	0	55	0	Ct	0	0	1	2	1	0	11	0	1	1	2	0	0	2	0	0	0	1	0	2	0	0	2	2	1	2	1	2	0	0	1	2	1	1
166709	14 Nov 25	06:33:00	1	0	55	0	Ct	0	0	1	1	3	2	12	0	0	0	2	1	0	1	0	0	0	3	3	2	0	0	2	1	1	0	1	1	0	1	0	0	2	0
166710	14 Nov 25	06:34:00	1	0	55	0	Ct	0	0	0	0	1	1	16	0	0	2	0	0	0	2	1	0	0	0	0	1	2	0	1	1	3	3	0	0	0	0	0	1	0	1
166711	14 Nov 25	06:35:00	1	0	55	0	Ct	0	0	0	0	3	1	19	4	0	0	0	1	2	2	0	0	0	1	2	1	0	0	2	0	1	3	1	0	1	0	1	4	3	1
166712	14 Nov 25	06:36:00	1	0	55	0	Ct	0	0	1	2	1	0	17	1	6	0	1	0	1	2	0	0	0	2	1	0	0	0	3	0	1	1	2	2	4	1	1	2	3	1
166713	14 Nov 25	06:37:00	1	0	55	0	Ct	0	0	1	0	1	1	2	1	4	1	1	1	3	3	0	0	0	2	0	0	0	0	1	0	2	1	3	2	1	0	0	2	0	1
166714	14 Nov 25	06:38:00	1	0	55	0	Ct	0	0	0	1	2	1	3	6	3	2	1	1	0	3	0	0	0	4	1	1	2	0	5	1	3	0	1	1	0	1	2	3	2	0
166715	14 Nov 25	06:39:00	1	0	55	0	Ct	0	0	0	1	1	0	28	14	2	1	0	0	0	0	0	0	0	0	1	1	0	0	0	1	0	1	2	1	0	0	0	1	0	2
166716	14 Nov 25	06:40:00	1	0	55	0	Ct	0	0	3	0	1	0	17	0	1	1	0	4	0	2	0	0	0	0	1	0	0	0	2	0	2	1	1	4	0	0	0	3	2	1
166717	14 Nov 25	06:41:00	1	0	55	0	Ct	0	0	3	0	1	1	5	3	0	0	1	2	0	2	4	0	0	1	1	1	0	0	0	1	0	0	1	1	7	0	2	1	1	0
166718	14 Nov 25	06:42:00	1	0	55	0	Ct	0	0	1	1	2	1	11	1	1	3	2	0	0	0	0	0	0	2	0	2	0	0	2	3	0	2	1	2	0	0	1	3	2	0
166719	14 Nov 25	06:43:00	1	0	55	0	Ct	0	0	0	0	1	2	6	3	0	1	1	1	0	1	0	0	0	3	2	1	0	0	0	0	2	0	1	0	1	1	1	3	1	2
166720	14 Nov 25	06:44:00	1	0	55	0	Ct	0	0	2	2	1	1	10	2	0	2	2	4	0	2	0	0	0	0	0	1	0	0	1	3	2	2	0	3	5	1	1	2	0	2
166721	14 Nov 25	06:45:00	1	0	55	0	Ct	0	0	0	4	0	1	8	1	1	0	1	0	2	0	0	0	0	0	0	0	0	0	1	1	2	0	2	2	1	0	1	2	1	0
166722	14 Nov 25	06:46:00	1	0	55	0	Ct	0	0	3	2	0	0	6	2	0	2	3	0	0	0	0	0	0	1	0	1	0	0	0	0	1	2	1	1	0	2	2	2	1	0
166723	14 Nov 25	06:47:00	1	0	55	0	Ct	0	0	1	2	2	0	0	0	1	1	0	0	1	0	0	0	0	1	1	0	0	0	4	2	1	1	1	1	1	2	1	1	0	0
166724	14 Nov 25	06:48:00	1	0	55	0	Ct	0	0	0	0	2	1	8	0	1	1	2	0	0	0	1	0	0	0	1	0	0	0	1	1	3	1	2	2	1	2	1	0	0	1
166725	14 Nov 25	06:49:00	1	0	55	0	Ct	0	0	1	0	0	1	7	2	1	4	1	1	0	0	4	0	0	0	0	3	0	0	0	3	1	1	1	0	1	1	0	1	0	1
166726	14 Nov 25	06:50:00	1	0	55	0	Ct	0	0	1	0	1	0	15	0	2	0	1	1	1	0	0	0	0	0	0	2	0	0	1	0	0	1	2	1	1	0	1	1	1	2
166727	14 Nov 25	06:51:00	1	0	55	0	Ct	0	0	2	0	0	0	5	1	0	2	3	0	0	0	0	0	0	1	0	0	0	0	1	0	0	3	0	1	0	0	1	1	1	0
166728	14 Nov 25	06:52:00	1	0	55	0	Ct	0	0	0	2	1	0	10	0	4	0	0	0	0	0	0	0	0	3	1	1	2	0	1	2	2	1	0	0	2	1	2	2	0	2
166729	14 Nov 25	06:53:00	1	0	55	0	Ct	0	0	0	0	1	1	9	1	1	0	0	0	1	3	1	0	0	2	1	0	0	0	1	1	1	2	0	0	0	5	2	4	0	1
166730	14 Nov 25	06:54:00	1	0	55	0	Ct	0	0	2	2	1	1	23	2	0	1	1	1	1	1	2	0	0	1	1	2	0	0	0	1	1	0	2	2	1	2	1	0	1	1
166731	14 Nov 25	06:55:00	1	0	55	0	Ct	0	0	0	0	1	0	8	1	0	1	2	2	0	2	1	0	0	2	2	2	0	0	0	1	2	2	0	1	0	0	2	2	1	0
166732	14 Nov 25	06:56:00	1	0	55	0	Ct	0	0	1	1	1	1	11	1	0	0	1	0	0	2	3	0	0	0	0	3	0	0	1	1	1	2	2	2	0	0	2	4	0	2
166733	14 Nov 25	06:57:00	1	0	55	0	Ct	0	0	1	1	0	1	12	1	5	0	0	1	0	2	0	0	0	2	0	3	0	0	1	4	1	2	0	1	2	0	2	1	0	0
166734	14 Nov 25	06:58:00	1	0	55	0	Ct	0	0	0	0	0	0	31	1	0	1	1	1	2	1	1	0	0	0	2	3	0	0	1	0	1	0	1	1	0	2	2	2	0	1
166735	14 Nov 25	06:59:00	1	0	55	0	Ct	0	0	1	0	0	0	26	1	0	1	0	1	0	1	2	0	0	0	1	1	0	0	1	2	2	1	1	2	0	4	1	0	0	3
166736	14 Nov 25	07:00:00	1	0	55	0	Ct	0	0	1	1	2	0	27	3	0	0	2	1	0	2	0	0	0	2	2	2	0	0	0	1	3	1	2	1	0	1	1	2	0	3
166737	14 Nov 25	07:01:00	1	0	55	0	Ct	0	0	0	1	1	0	14	0	2	0	1	1	1	2	0	0	0	1	1	1	0	0	1	0	2	2	0	2	3	1	2	3	0	1
166738	14 Nov 25	07:02:00	1	0	55	0	Ct	0	0	1	0	2	0	10	2	0	0	1	0	2	2	1	0	0	0	1	0	0	0	1	6	1	0	2	4	1	2	1	2	0	1
166739	14 Nov 25	07:03:00	1	0	55	0	Ct	0	0	1	0	3	0	7	1	0	0	1	0	0	1	0	0	0	1	1	1	0	0	0	0	2	0	0	3	1	0	1	2	0	1
166740	14 Nov 25	07:04:00	1	0	55	0	Ct	0	0	0	1	1	0	9	2	0	2	0	0	0	2	3	0	0	1	0	3	0	0	1	0	1	3	0	0	0	1	1	2	1	1
166741	14 Nov 25	07:05:00	1	0	55	0	Ct	0	0	1	0	2	0	13	1	0	0	0	2	1	2	0	0	0	2	0	1	0	0	1	1	2	1	2	1	0	1	0	0	1	2
166742	14 Nov 25	07:06:00	1	0	55	0	Ct	0	0	1	1	2	0	6	0	0	2	2	0	2	2	0	0	0	2	3	0	1	0	0	1	2	0	0	1	1	1	0	0	2	1
166743	14 Nov 25	07:07:00	1	0	55	0	Ct	0	0	0	1	1	0	13	2	0	1	2	0	0	1	0	0	0	1	3	4	1	0	0	0	2	0	0	0	2	2	1	0	0	2
166744	14 Nov 25	07:08:00	1	0	55	0	Ct	0	0	2	0	1	0	20	3	1	0	2	0	0	0	0	0	0	1	0	3	0	0	2	2	1	0	0	2	0	1	0	1	0	0
166745	14 Nov 25	07:09:00	1	0	55	0	Ct	0	0	1	1	1	0	11	0	1	2	2	0	0	0	0	0	0	3	0	1	0	0	1	2	1	2	2	0	6	0	1	2	2	1
166746	14 Nov 25	07:10:00	1	0	55	0	Ct	0	0	0	0	2	0	6	1	2	1	1	1	0	2	0	0	0	0	0	1	1	0	1	0	2	0	0	0	0	0	1	3	5	1
166747	14 Nov 25	07:11:00	1	0	55	0	Ct	0	0	0	1	2	0	3	0	5	0	1	1	0	1	1	0	0	2	2	2	1	0	0	0	0	4	1	0	1	2	3	2	0	0
166748	14 Nov 25	07:12:00	1	0	55	0	Ct	0	0	1	1	0	0	0	0	0	0	2	0	2	1	1	0	0	0	0	3	0	0	7	0	2	2	1	0	1	0	1	3	0	4
166749	14 Nov 25	07:13:00	1	0	55	0	Ct	0	0	2	0	1	2	4	2	0	1	1	2	0	4	0	0	0	2	0	3	1	0	1	0	0	1	2	0	0	2	4	4	0	1
166750	14 Nov 25	07:14:00	1	0	55	0	Ct	0	0	1	1	2	0	8	1	0	2	3	1	1	1	1	0	0	2	1	3	1	0	0	2	1	3	0	0	0	2	0	2	1	2
166751	14 Nov 25	07:15:00	1	0	55	0	Ct	0	0	2	1	2	0	20	2	2	0	2	1	4	3	1	0	0	0	1	2	0	0	4	1	3	0	0	2	0	1	1	3	0	2
166752	14 Nov 25	07:16:00	1	0	55	0	Ct	0	0	0	0	3	3	13	0	2	0	1	0	2	2	2	0	0	0	1	1	0	0	0	1	0	0	0	2	2	0	2	2	1	0
166753	14 Nov 25	07:17:00	1	0	55	0	Ct	0	0	2	0	1	0	4	1	0	2	0	1	1	2	0	0	0	1	1	2	0	0	2	0	4	3	2	1	0	2	2	1	0	1
166754	14 Nov 25	07:18:00	1	0	55	0	Ct	0	0	0	2	0	0	9	0	1	0	2	2	3	2	0	0	0	1	0	1	1	0	1	0	2	0	2	2	0	0	1	0	0	0
166755	14 Nov 25	07:19:00	1	0	55	0	Ct	0	0	1	0	1	1	21	0	1	0	1	2	0	1	0	0	0	3	0	2	0	0	1	0	2	2	1	1	0	1	3	0	0	2
166756	14 Nov 25	07:20:00	1	0	55	0	Ct	0	0	1	0	1	1	5	2	2	3	1	0	2	2	0	0	0	3	0	3	0	0	1	0	3	2	0	3	0	2	0	0	0	1
166757	14 Nov 25	07:21:00	1	0	55	0	Ct	0	0	1	1	2	0	8	4	1	1	1	0	0	1	0	0	0	1	1	3	4	0	1	0	3	0	3	3	0	2	0	3	0	1
166758	14 Nov 25	07:22:00	1	0	55	0	Ct	0	0	0	0	2	1	2	1	1	1	1	0	0	3	2	0	0	0	1	8	2	0	1	1	2	3	1	0	0	0	2	4	0	1
166759	14 Nov 25	07:23:00	1	0	55	0	Ct	0	0	1	1	1	2	11	1	3	1	2	3	0	4	0	0	0	0	0	3	0	0	1	1	0	2	0	0	0	2	0	0	0	1
166760	14 Nov 25	07:24:00	1	0	55	0	Ct	0	0	0	0	2	1	9	2	0	0	1	1	0	7	2	0	0	2	0	3	1	0	3	2	4	0	0	2	0	0	2	4	0	3
166761	14 Nov 25	07:25:00	1	0	55	0	Ct	0	0	0	0	0	0	16	2	0	0	0	0	0	3	0	0	0	0	2	3	0	0	0	0	2	4	2	1	0	0	0	4	1	0
166762	14 Nov 25	07:26:00	1	0	55	0	Ct	0	0	0	5	3	0	21	1	0	0	0	1	1	2	1	0	0	0	1	2	0	0	2	0	2	4	0	0	0	0	2	5	1	2
166763	14 Nov 25	07:27:00	1	0	55	0	Ct	0	0	1	1	0	1	9	6	2	3	0	0	0	0	0	0	0	0	1	1	3	0	0	0	2	2	2	0	0	1	1	3	0	0
166764	14 Nov 25	07:28:00	1	0	55	0	Ct	0	0	1	0	3	1	11	0	4	0	0	2	2	3	0	0	0	0	1	2	3	0	1	0	3	2	0	3	2	1	1	3	0	1
166765	14 Nov 25	07:29:00	1	0	55	0	Ct	0	0	0	0	2	0	3	2	0	0	0	2	1	2	3	0	0	1	0	3	0	0	1	0	1	1	0	2	2	0	0	1	0	1
166766	14 Nov 25	07:30:00	1	0	55	0	Ct	0	0	0	1	0	0	0	0	2	0	0	1	0	3	1	0	0	1	0	2	0	0	0	0	0	2	2	1	0	0	0	1	0	0
166767	14 Nov 25	07:31:00	1	0	55	0	Ct	0	0	0	1	0	0	13	0	2	0	1	2	0	3	2	0	0	0	1	0	0	0	0	0	2	2	1	0	0	0	0	2	0	0
166768	14 Nov 25	07:32:00	1	0	55	0	Ct	0	0	0	0	1	0	16	3	3	0	0	3	0	3	0	0	0	1	1	3	0	0	2	0	2	1	1	2	0	0	0	2	0	0
166769	14 Nov 25	07:33:00	1	0	55	0	Ct	0	0	1	2	1	0	21	1	0	0	0	2	0	1	0	0	0	2	1	1	1	0	0	0	2	2	1	0	2	1	0	2	0	0
166770	14 Nov 25	07:34:00	1	0	55	0	Ct	0	0	1	0	2	0	22	0	2	0	1	1	0	2	0	0	0	2	1	0	2	0	0	0	2	0	0	0	2	0	0	1	1	2
166771	14 Nov 25	07:35:00	1	0	55	0	Ct	0	0	1	0	1	0	0	1	1	0	1	1	0	2	1	0	0	2	0	2	0	0	1	4	0	1	0	1	0	0	3	2	1	0
166772	14 Nov 25	07:36:00	1	0	55	0	Ct	0	0	1	3	1	0	8	1	0	0	1	1	0	2	3	0	0	1	0	0	2	0	1	0	4	1	0	3	0	1	0	0	0	0
166773	14 Nov 25	07:37:00	1	0	55	0	Ct	0	0	3	0	2	2	3	2	0	1	1	3	0	1	2	0	0	1	0	0	1	0	0	2	2	3	0	0	0	1	2	4	0	1
166774	14 Nov 25	07:38:00	1	0	55	0	Ct	0	0	0	0	1	0	0	0	2	3	0	2	0	1	1	0	0	1	0	0	0	0	0	2	2	0	2	1	0	1	1	3	0	1
166775	14 Nov 25	07:39:00	1	0	55	0	Ct	0	0	2	0	3	0	0	1	0	2	1	2	0	1	1	0	0	0	0	2	1	0	0	2	2	1	1	2	0	6	0	3	0	2
166776	14 Nov 25	07:40:00	1	0	55	0	Ct	0	0	2	1	2	1	20	1	0	0	0	4	0	2	2	0	0	0	2	2	0	0	1	1	2	2	0	1	0	1	0	3	0	8
166777	14 Nov 25	07:41:00	1	0	55	0	Ct	0	0	0	1	2	1	7	1	3	0	4	1	1	1	2	0	0	0	0	2	0	0	2	1	2	3	1	1	0	0	1	3	0	26
166778	14 Nov 25	07:42:00	1	0	55	0	Ct	0	0	0	0	1	0	6	1	0	0	1	1	1	1	1	0	0	2	0	0	0	0	1	2	3	2	2	1	0	0	1	3	0	0
166779	14 Nov 25	07:43:00	1	0	55	0	Ct	0	0	0	0	2	2	16	2	1	0	2	2	0	0	1	0	0	0	1	1	0	0	0	0	1	3	0	1	4	0	2	2	1	1
166780	14 Nov 25	07:44:00	1	0	55	0	Ct	0	0	0	0	2	0	8	0	0	2	1	2	0	3	3	0	0	2	1	0	0	0	2	0	2	1	0	2	1	1	0	0	1	1
166781	14 Nov 25	07:45:00	1	0	55	0	Ct	0	0	1	0	3	1	26	2	1	0	1	2	0	3	0	0	0	3	1	2	2	0	0	2	2	0	1	2	1	2	2	2	0	0
166782	14 Nov 25	07:46:00	1	0	55	0	Ct	0	0	1	0	0	1	10	0	2	0	1	2	0	1	3	0	0	1	1	1	2	0	2	1	0	4	3	1	1	1	0	3	3	3
166783	14 Nov 25	07:47:00	1	0	55	0	Ct	0	0	1	2	2	1	14	1	6	0	1	1	1	1	1	0	0	1	0	2	0	0	0	1	3	1	0	0	0	1	0	2	1	1
166784	14 Nov 25	07:48:00	1	0	55	0	Ct	0	0	1	1	1	3	19	2	1	0	2	2	0	1	0	0	0	1	0	0	0	0	1	1	2	1	2	0	0	1	1	2	0	2
166785	14 Nov 25	07:49:00	1	0	55	0	Ct	0	0	1	0	3	3	4	0	3	0	1	1	1	3	2	0	0	0	0	2	0	0	2	1	2	2	1	2	0	0	0	1	0	2
166786	14 Nov 25	07:50:00	1	0	55	0	Ct	0	0	1	0	1	2	4	0	11	0	0	0	0	2	1	0	0	1	1	4	0	0	2	2	2	0	1	0	1	1	1	2	0	2
166787	14 Nov 25	07:51:00	1	0	55	0	Ct	0	0	2	1	0	1	6	2	2	0	0	3	2	4	2	0	0	2	1	2	0	0	1	0	2	1	2	2	3	0	2	2	0	1
166788	14 Nov 25	07:52:00	1	0	55	0	Ct	0	0	0	1	2	1	4	0	3	0	1	4	0	2	2	0	0	2	4	1	0	0	1	2	2	2	1	1	1	0	0	2	1	2
166789	14 Nov 25	07:53:00	1	0	55	0	Ct	0	0	0	1	1	2	30	1	2	0	0	1	0	1	1	0	0	2	2	0	0	0	1	1	1	2	3	2	0	0	3	2	0	3
166790	14 Nov 25	07:54:00	1	0	55	0	Ct	0	0	1	0	2	0	28	0	1	0	1	1	2	2	2	0	0	0	0	0	0	0	1	0	3	2	0	1	0	0	1	8	0	1
166791	14 Nov 25	07:55:00	1	0	55	0	Ct	0	0	3	0	1	1	0	1	1	0	1	2	1	1	1	0	0	1	1	3	0	0	1	0	3	1	0	1	2	0	1	5	1	1
166792	14 Nov 25	07:56:00	1	0	55	0	Ct	0	0	1	2	2	0	7	1	1	0	0	2	0	1	2	0	0	1	2	1	0	0	3	2	2	2	1	2	0	0	1	2	0	1
166793	14 Nov 25	07:57:00	1	0	55	0	Ct	0	0	2	0	1	2	16	2	0	0	1	1	0	3	1	0	0	1	1	0	0	0	0	0	1	0	1	1	1	0	0	3	0	1
166794	14 Nov 25	07:58:00	1	0	55	0	Ct	0	0	0	0	3	0	12	1	1	0	0	2	0	2	1	0	0	0	2	0	0	0	0	0	2	3	1	3	1	0	0	2	0	1
166795	14 Nov 25	07:59:00	1	0	55	0	Ct	0	0	2	1	0	0	18	0	1	0	0	1	1	2	1	0	0	4	2	0	0	0	0	0	2	1	1	3	1	0	0	0	0	1
166796	14 Nov 25	08:00:00	1	0	55	0	Ct	0	0	0	1	1	0	7	1	0	0	2	0	0	3	1	0	0	1	0	0	0	0	0	0	0	2	0	1	1	2	1	0	0	1
166797	14 Nov 25	08:01:00	1	0	55	0	Ct	0	0	2	1	1	0	15	1	1	0	0	1	1	0	5	0	0	1	2	0	0	0	1	0	2	0	0	1	3	0	2	3	0	1
166798	14 Nov 25	08:02:00	1	0	55	0	Ct	0	0	1	1	1	2	0	0	2	0	0	1	1	2	7	0	0	0	1	0	0	0	1	0	2	2	3	1	0	4	3	1	0	3
166799	14 Nov 25	08:03:00	1	0	55	0	Ct	0	0	1	0	2	0	8	0	1	0	3	0	0	2	3	0	0	0	1	4	0	0	1	0	1	0	2	4	3	0	0	0	0	0
166800	14 Nov 25	08:04:00	1	0	55	0	Ct	0	0	0	2	1	1	0	0	1	0	1	1	1	1	1	0	0	0	2	0	0	0	1	0	1	2	1	2	2	0	2	2	0	1
166801	14 Nov 25	08:05:00	1	0	55	0	Ct	0	0	0	0	2	1	18	0	0	0	2	1	3	2	2	0	0	0	0	3	0	0	2	0	1	1	0	1	1	1	2	2	2	2
166802	14 Nov 25	08:06:00	1	0	55	0	Ct	0	0	0	0	0	0	6	1	0	0	0	0	1	0	0	0	0	0	0	0	0	0	0	0	2	1	0	2	1	2	0	1	0	0
166803	14 Nov 25	08:07:00	1	0	55	0	Ct	0	0	1	1	3	2	7	2	2	0	3	0	1	0	1	0	0	0	0	2	2	0	0	0	3	3	0	2	0	0	1	1	0	0
166804	14 Nov 25	08:08:00	1	0	55	0	Ct	0	0	1	2	1	2	8	0	0	0	0	3	0	0	1	0	0	0	1	0	0	0	3	0	2	0	0	1	0	0	2	2	0	1
166805	14 Nov 25	08:09:00	1	0	55	0	Ct	0	0	0	2	0	2	6	3	0	0	0	2	1	0	0	0	0	0	1	2	0	0	1	0	2	0	1	1	2	0	0	2	1	2
166806	14 Nov 25	08:10:00	1	0	55	0	Ct	0	0	0	0	2	1	4	3	1	0	0	1	1	0	1	0	0	0	0	1	0	0	0	0	4	0	1	3	1	0	1	1	1	1
166807	14 Nov 25	08:11:00	1	0	55	0	Ct	0	0	0	0	3	1	13	3	1	0	0	2	0	1	1	0	0	0	0	1	0	0	3	0	2	0	1	0	0	0	3	0	5	1
166808	14 Nov 25	08:12:00	1	0	55	0	Ct	0	0	0	0	2	1	0	2	0	0	0	0	1	3	0	0	0	0	3	3	0	0	0	0	2	3	0	0	0	0	2	0	1	0
166809	14 Nov 25	08:13:00	1	0	55	0	Ct	0	0	0	1	1	0	7	4	2	0	0	2	1	2	0	0	0	0	2	1	0	0	2	2	3	1	2	2	0	2	6	2	1	0
166810	14 Nov 25	08:14:00	1	0	55	0	Ct	0	0	0	0	2	0	0	2	0	0	2	1	0	0	1	0	0	0	0	1	2	0	0	2	0	2	1	1	0	0	0	4	0	1
166811	14 Nov 25	08:15:00	1	0	55	0	Ct	0	0	2	2	2	0	11	1	2	0	0	0	0	0	3	0	0	0	0	0	0	0	1	2	2	1	1	1	0	0	0	4	0	1
166812	14 Nov 25	08:16:00	1	0	55	0	Ct	0	0	0	0	1	0	19	1	2	0	1	1	1	0	0	0	0	0	1	2	3	0	1	0	3	1	1	3	0	1	1	3	0	1
166813	14 Nov 25	08:17:00	1	0	55	0	Ct	0	0	2	1	2	0	5	1	2	0	1	0	11	0	0	0	0	0	1	0	0	0	1	0	2	0	0	1	0	1	1	4	0	0
166814	14 Nov 25	08:18:00	1	0	55	0	Ct	0	0	0	1	0	0	8	0	1	0	1	2	11	2	0	0	0	0	0	1	0	0	1	0	1	2	2	1	0	1	0	6	0	1
166815	14 Nov 25	08:19:00	1	0	55	0	Ct	0	0	2	1	0	2	0	1	0	0	2	2	0	2	1	0	0	0	1	0	1	0	2	1	0	2	1	2	0	1	0	4	1	1
166816	14 Nov 25	08:20:00	1	0	55	0	Ct	0	0	2	3	1	0	11	1	2	0	1	2	0	3	1	0	0	0	2	0	1	0	0	1	2	1	0	1	0	1	1	6	1	0
166817	14 Nov 25	08:21:00	1	0	55	0	Ct	0	0	0	1	3	0	4	0	1	0	0	1	0	1	0	0	0	0	1	1	0	0	1	0	1	2	0	1	1	1	1	2	0	0
166818	14 Nov 25	08:22:00	1	0	55	0	Ct	0	0	0	0	0	2	13	0	0	0	1	2	0	3	2	0	0	0	0	1	0	0	2	0	2	1	1	1	1	2	1	0	0	0
166819	14 Nov 25	08:23:00	1	0	55	0	Ct	0	0	1	0	1	0	16	2	3	0	2	2	0	1	0	0	0	0	1	0	0	0	0	0	1	2	0	3	0	0	1	0	0	0
166820	14 Nov 25	08:24:00	1	0	55	0	Ct	0	0	3	3	1	0	0	0	1	0	2	1	1	2	2	0	0	0	1	0	0	0	0	0	2	0	0	2	1	0	0	4	0	0
166821	14 Nov 25	08:25:00	1	0	55	0	Ct	0	0	0	0	0	0	0	2	0	0	1	1	1	1	1	0	0	0	0	0	0	0	1	0	2	2	1	2	0	0	0	4	0	0
166822	14 Nov 25	08:26:00	1	0	55	0	Ct	0	0	2	0	1	0	22	1	2	0	0	0	0	6	0	0	0	0	2	1	3	0	1	2	0	0	2	2	0	0	0	2	2	0
166823	14 Nov 25	08:27:00	1	0	55	0	Ct	0	0	2	1	0	0	3	2	0	0	0	0	0	6	2	0	0	0	0	2	1	0	0	1	2	2	1	4	2	1	0	3	3	2
166824	14 Nov 25	08:28:00	1	0	55	0	Ct	0	0	0	1	1	0	13	0	2	0	1	1	2	2	2	0	0	0	0	1	0	0	0	2	3	2	0	1	2	3	1	3	1	2
166825	14 Nov 25	08:29:00	1	0	55	0	Ct	0	0	1	0	1	0	18	1	0	0	1	2	0	3	0	0	0	0	2	1	0	0	0	1	3	2	2	1	0	0	2	2	0	0
166826	14 Nov 25	08:30:00	1	0	55	0	Ct	0	0	3	0	2	0	8	0	3	0	0	1	1	3	1	0	0	0	0	2	0	0	0	1	2	1	6	2	0	1	0	3	0	3
166827	14 Nov 25	08:31:00	1	0	55	0	Ct	0	0	2	1	2	0	3	1	0	0	0	2	1	2	1	0	0	0	2	1	0	0	0	1	3	0	3	2	0	3	0	2	0	2
166828	14 Nov 25	08:32:00	1	0	55	0	Ct	0	0	1	0	2	0	15	0	0	0	0	0	2	1	0	0	0	0	0	1	7	0	0	1	2	0	2	0	0	0	1	4	0	1
166829	14 Nov 25	08:33:00	1	0	55	0	Ct	0	0	0	3	1	0	0	0	1	0	0	0	0	0	0	0	0	0	1	1	2	0	2	0	2	0	0	0	0	0	1	3	0	0
166830	14 Nov 25	08:34:00	1	0	55	0	Ct	0	0	2	0	1	2	0	1	1	0	1	0	1	2	1	0	0	0	1	1	2	0	2	1	1	0	2	0	3	1	2	2	0	0
166831	14 Nov 25	08:35:00	1	0	55	0	Ct	0	0	1	0	2	0	6	3	3	0	0	1	3	0	1	0	0	0	0	1	0	0	0	1	1	0	0	0	3	1	0	3	0	2
166832	14 Nov 25	08:36:00	1	0	55	0	Ct	0	0	1	1	2	2	0	0	2	0	0	1	1	3	0	0	0	0	0	0	0	0	1	1	2	0	0	3	0	0	2	2	0	0
166833	14 Nov 25	08:37:00	1	0	55	0	Ct	0	0	1	0	1	0	11	1	3	0	2	2	0	2	0	0	0	0	0	1	0	0	2	1	2	2	2	1	0	1	0	3	0	0
166834	14 Nov 25	08:38:00	1	0	55	0	Ct	0	0	0	1	2	0	0	2	1	0	1	1	0	1	0	0	0	0	0	1	2	0	0	0	3	0	0	1	0	0	1	1	2	0
166835	14 Nov 25	08:39:00	1	0	55	0	Ct	0	0	2	0	0	1	12	0	0	0	0	2	0	0	0	0	0	0	0	0	0	0	1	0	2	0	2	3	2	0	1	2	0	0
166836	14 Nov 25	08:40:00	1	0	55	0	Ct	0	0	1	0	2	1	20	0	0	0	0	1	2	0	2	0	0	0	0	2	0	0	1	0	0	2	0	1	0	0	1	5	0	0
166837	14 Nov 25	08:41:00	1	0	55	0	Ct	0	0	1	0	1	0	3	1	6	0	0	1	0	0	0	0	0	0	0	0	0	0	2	2	1	2	0	2	0	1	1	1	0	0
166838	14 Nov 25	08:42:00	1	0	55	0	Ct	0	0	1	0	1	0	8	1	1	0	0	2	1	3	2	0	0	0	0	0	0	0	0	0	2	1	0	0	0	2	0	1	0	1
166839	14 Nov 25	08:43:00	1	0	55	0	Ct	0	0	0	2	1	0	20	1	1	0	0	1	1	4	1	0	0	0	0	1	1	0	1	0	1	3	0	0	0	0	2	1	0	2
166840	14 Nov 25	08:44:00	1	0	55	0	Ct	0	0	0	1	0	3	12	2	1	0	0	2	0	0	0	0	0	0	0	2	3	0	1	1	2	2	2	3	1	1	1	5	2	3
166841	14 Nov 25	08:45:00	1	0	55	0	Ct	0	0	0	0	1	0	21	1	3	0	0	1	2	3	0	0	0	0	0	0	5	0	0	1	2	0	0	5	2	0	1	0	0	1
166842	14 Nov 25	08:46:00	1	0	55	0	Ct	0	0	1	0	2	0	10	2	0	0	0	1	0	4	0	0	0	0	0	0	0	0	0	0	2	2	0	2	4	1	0	0	1	1
166843	14 Nov 25	08:47:00	1	0	55	0	Ct	0	0	1	0	1	0	5	0	0	0	0	1	0	2	0	0	0	0	2	0	2	0	0	0	2	3	2	1	0	0	0	1	0	2
166844	14 Nov 25	08:48:00	1	0	55	0	Ct	0	0	0	0	3	0	6	2	1	0	0	1	0	0	0	0	0	0	1	2	0	0	1	0	2	2	0	2	0	0	0	2	1	1
166845	14 Nov 25	08:49:00	1	0	55	0	Ct	0	0	2	0	1	0	17	1	1	0	0	1	0	0	0	0	0	0	2	1	0	0	2	0	1	1	0	2	2	1	1	3	0	1
166846	14 Nov 25	08:50:00	1	0	55	0	Ct	0	0	0	1	1	0	15	0	2	0	0	0	0	0	0	0	0	0	1	0	0	0	0	0	1	2	2	1	0	1	1	6	0	1
166847	14 Nov 25	08:51:00	1	0	55	0	Ct	0	0	0	2	2	0	3	3	3	0	0	1	0	0	0	0	0	2	0	0	0	0	0	0	0	1	2	1	0	0	0	4	2	0
166848	14 Nov 25	08:52:00	1	0	55	0	Ct	0	0	0	1	1	0	7	0	0	0	2	0	1	0	0	0	0	0	1	1	0	0	0	1	0	2	0	0	0	0	1	0	0	1
166849	14 Nov 25	08:53:00	1	0	55	0	Ct	0	0	0	1	0	2	11	1	0	0	0	3	0	1	0	0	0	0	1	1	0	0	0	1	1	4	1	2	1	0	1	1	0	1
166850	14 Nov 25	08:54:00	1	0	55	0	Ct	0	0	0	1	0	0	6	1	1	0	3	1	2	3	0	0	0	1	0	0	0	0	0	0	3	2	1	2	1	1	0	1	2	1
166851	14 Nov 25	08:55:00	1	0	55	0	Ct	0	0	2	1	1	0	1	2	4	0	6	1	0	0	0	0	0	2	2	2	0	0	0	2	1	0	0	2	0	1	0	3	0	1
166852	14 Nov 25	08:56:00	1	0	55	0	Ct	0	0	1	0	2	0	17	0	1	0	3	0	0	0	0	0	0	1	0	1	0	0	0	0	2	0	0	2	0	0	2	0	1	0
166853	14 Nov 25	08:57:00	1	0	55	0	Ct	0	0	2	1	3	0	13	2	2	0	0	0	0	0	0	0	0	0	2	0	2	0	0	2	2	2	1	1	0	1	2	2	0	2
166854	14 Nov 25	08:58:00	1	0	55	0	Ct	0	0	1	0	2	0	0	0	0	0	1	0	0	0	0	0	0	0	0	1	0	0	0	0	1	1	1	1	2	0	1	3	0	0
166855	14 Nov 25	08:59:00	1	0	55	0	Ct	0	0	0	0	2	0	17	1	2	0	1	0	0	0	0	0	0	2	0	0	0	0	0	0	2	1	2	1	0	1	1	1	0	2
166856	14 Nov 25	09:00:00	1	0	55	0	Ct	0	0	0	2	2	0	0	1	1	0	1	0	0	0	0	0	0	3	2	1	0	0	0	0	2	2	0	2	0	0	1	2	0	1
166857	14 Nov 25	09:01:00	1	0	55	0	Ct	0	0	1	0	2	0	6	0	1	0	0	1	0	0	0	0	0	0	0	1	2	0	0	0	2	2	0	1	3	0	5	3	0	1
166858	14 Nov 25	09:02:00	1	0	55	0	Ct	0	0	1	1	3	0	10	1	5	0	0	1	0	0	0	0	0	0	1	2	0	0	0	0	2	1	2	2	1	0	3	0	0	0
166859	14 Nov 25	09:03:00	1	0	55	0	Ct	0	0	0	0	3	1	10	0	1	0	1	2	0	1	0	0	0	4	1	0	0	0	0	0	2	1	0	2	0	1	1	0	0	0
166860	14 Nov 25	09:04:00	1	0	55	0	Ct	0	0	0	0	0	1	24	2	1	0	1	0	1	4	0	0	0	1	0	0	0	0	0	1	2	1	2	1	1	1	0	2	0	2
166861	14 Nov 25	09:05:00	1	0	55	0	Ct	0	0	0	0	1	1	2	0	1	0	1	2	0	3	0	0	0	0	0	0	0	0	0	1	3	1	0	1	1	1	0	2	0	0
166862	14 Nov 25	09:06:00	1	0	55	0	Ct	0	0	0	0	1	2	16	1	0	0	1	1	2	2	0	0	0	1	0	0	1	0	0	0	3	1	0	0	0	0	1	2	0	1
166863	14 Nov 25	09:07:00	1	0	55	0	Ct	0	1	1	2	2	1	9	0	1	0	2	1	0	0	0	0	0	3	1	1	2	0	0	0	2	1	2	1	1	2	3	3	1	1
166864	14 Nov 25	09:08:00	1	0	55	0	Ct	0	1	2	0	0	0	9	0	0	0	0	0	0	5	0	0	0	5	0	1	0	0	0	1	0	2	0	0	1	0	0	2	0	1
166865	14 Nov 25	09:09:00	1	0	55	0	Ct	0	1	2	0	0	0	35	0	2	0	0	0	0	0	0	0	0	1	0	0	0	0	0	1	0	0	0	0	0	1	0	0	0	1
166866	14 Nov 25	09:10:00	1	0	55	0	Ct	0	1	0	0	0	0	35	0	1	0	1	0	0	0	0	0	0	0	0	0	0	0	0	0	0	0	1	0	0	0	0	0	3	0
166867	14 Nov 25	09:11:00	1	0	55	0	Ct	0	1	0	0	0	0	18	0	2	0	0	0	0	0	0	0	0	0	0	0	0	0	0	0	0	0	0	0	0	0	0	0	2	0
166868	14 Nov 25	09:12:00	1	0	55	0	Ct	0	1	0	0	0	0	0	0	0	0	0	0	0	0	0	0	0	0	0	0	1	0	0	0	0	0	3	0	0	0	0	0	0	0
166869	14 Nov 25	09:13:00	1	0	55	0	Ct	0	1	1	0	1	0	0	0	0	0	0	0	0	0	0	0	0	0	0	0	0	0	0	0	0	0	4	0	0	0	0	0	1	0
166870	14 Nov 25	09:14:00	1	0	55	0	Ct	0	1	1	0	0	0	0	1	2	0	0	0	0	0	0	0	0	0	0	0	0	0	0	0	0	0	0	0	0	0	0	0	0	0
166871	14 Nov 25	09:15:00	1	0	55	0	Ct	0	1	0	0	0	0	0	0	0	0	0	0	0	0	0	0	0	0	0	0	0	0	0	0	0	0	0	1	0	0	0	0	0	0
166872	14 Nov 25	09:16:00	1	0	55	0	Ct	0	1	0	1	0	0	0	0	0	0	0	0	0	0	0	0	0	0	0	0	0	0	0	0	0	0	0	2	0	0	0	2	0	0
166873	14 Nov 25	09:17:00	1	0	55	0	Ct	0	1	0	0	0	0	0	0	0	0	0	0	0	0	0	0	0	0	0	0	0	0	0	0	0	0	0	0	0	0	0	0	0	0
166874	14 Nov 25	09:18:00	1	0	55	0	Ct	0	1	0	0	3	0	0	0	0	0	0	0	0	0	0	0	0	0	0	0	0	0	0	0	0	0	0	0	0	0	0	0	0	0
166875	14 Nov 25	09:19:00	1	0	55	0	Ct	0	1	1	0	1	0	0	0	0	0	0	0	0	0	0	0	0	0	0	0	0	0	0	0	0	0	0	0	0	0	0	0	0	0
166876	14 Nov 25	09:20:00	1	0	55	0	Ct	0	1	0	0	0	0	0	0	0	0	0	0	0	0	0	0	0	0	0	0	0	0	0	0	0	0	0	0	0	1	0	2	0	0
166877	14 Nov 25	09:21:00	1	0	55	0	Ct	0	1	0	0	1	0	0	0	0	0	0	0	0	0	0	0	0	0	1	0	0	0	0	0	0	0	0	2	0	0	0	0	0	0
166878	14 Nov 25	09:22:00	1	0	55	0	Ct	0	1	0	0	0	0	0	0	0	0	0	0	0	0	0	0	0	0	0	0	0	0	0	0	0	0	0	0	0	0	0	1	0	0
166879	14 Nov 25	09:23:00	1	0	55	0	Ct	0	1	0	0	1	0	0	0	0	0	0	0	0	0	0	0	0	0	0	0	0	0	0	0	0	0	0	0	0	0	0	0	0	0
166880	14 Nov 25	09:24:00	1	0	55	0	Ct	0	1	0	0	1	0	0	0	0	0	0	0	1	0	0	0	0	0	0	0	0	0	0	0	0	0	0	0	0	0	0	0	0	0
166881	14 Nov 25	09:25:00	1	0	55	0	Ct	0	1	0	0	0	0	0	1	0	0	0	0	0	0	0	0	0	0	0	0	0	0	0	0	0	0	0	0	0	0	0	0	0	0
166882	14 Nov 25	09:26:00	1	0	55	0	Ct	0	1	0	0	0	0	0	2	0	0	0	0	0	0	0	0	0	0	0	0	0	0	0	0	0	0	0	0	0	0	0	0	0	0
166883	14 Nov 25	09:27:00	1	0	55	0	Ct	0	1	0	0	0	0	0	1	0	0	0	0	0	0	0	0	0	0	0	0	0	0	0	0	0	0	0	0	0	0	0	0	0	0
166884	14 Nov 25	09:28:00	1	0	55	0	Ct	0	1	0	0	0	0	0	4	0	0	0	0	0	0	0	0	0	0	0	0	0	0	0	0	0	0	0	0	0	0	0	0	0	0
166885	14 Nov 25	09:29:00	1	0	55	0	Ct	0	1	0	0	0	0	0	0	0	0	0	0	0	0	0	0	0	0	0	0	0	0	0	0	0	0	0	0	0	0	0	0	0	0
166886	14 Nov 25	09:30:00	1	0	55	0	Ct	0	1	0	0	5	0	0	1	0	0	0	0	0	0	0	0	0	0	0	0	0	0	0	0	0	0	0	0	0	0	0	0	0	0
166887	14 Nov 25	09:31:00	1	0	55	0	Ct	0	1	0	0	1	0	4	2	0	0	0	0	0	0	0	0	0	0	0	0	0	0	0	0	0	0	0	0	0	1	0	0	0	0
166888	14 Nov 25	09:32:00	1	0	55	0	Ct	0	1	0	0	0	0	5	0	0	0	0	0	0	0	0	0	0	0	0	0	0	0	0	0	0	0	0	0	0	0	0	0	0	0
166889	14 Nov 25	09:33:00	1	0	55	0	Ct	0	1	0	0	0	0	10	0	0	0	0	0	0	0	0	0	0	0	0	0	0	0	0	0	2	0	0	0	0	0	0	0	0	0
166890	14 Nov 25	09:34:00	1	0	55	0	Ct	0	1	0	0	0	0	13	0	0	0	0	0	0	0	0	0	0	0	0	0	0	0	0	0	0	0	0	0	0	0	0	0	1	0
166891	14 Nov 25	09:35:00	1	0	55	0	Ct	0	1	0	0	0	0	5	0	0	0	2	0	0	0	0	0	0	0	0	0	0	0	0	0	0	0	0	0	0	0	0	0	2	0
166892	14 Nov 25	09:36:00	1	0	55	0	Ct	0	1	0	0	1	0	8	2	0	0	0	0	0	0	0	0	0	0	0	0	0	0	0	0	0	0	0	0	0	0	0	0	0	2
166893	14 Nov 25	09:37:00	1	0	55	0	Ct	0	1	0	0	1	0	13	1	0	0	0	0	0	0	0	0	0	0	0	0	0	0	0	0	0	0	0	0	0	0	0	0	0	0
166894	14 Nov 25	09:38:00	1	0	55	0	Ct	0	1	0	0	0	0	11	0	0	0	0	0	0	0	0	0	0	0	0	0	0	0	0	0	2	0	0	0	0	1	0	0	0	0
166895	14 Nov 25	09:39:00	1	0	55	0	Ct	0	1	0	0	0	0	11	0	0	0	0	0	0	0	0	0	0	0	0	0	0	0	0	0	0	0	0	0	0	0	0	0	0	0
166896	14 Nov 25	09:40:00	1	0	55	0	Ct	0	1	0	0	1	0	21	0	0	0	0	0	0	1	0	0	0	0	0	0	0	0	0	0	0	0	0	0	0	0	0	0	1	1
166897	14 Nov 25	09:41:00	1	0	55	0	Ct	0	1	0	0	1	0	7	4	0	0	0	0	0	0	0	0	0	0	0	0	0	0	0	0	0	0	0	0	0	0	0	0	0	6
166898	14 Nov 25	09:42:00	1	0	55	0	Ct	0	1	0	0	0	0	22	0	0	0	0	0	0	0	0	0	0	0	0	0	1	0	0	0	2	0	0	0	0	0	0	0	0	1
166899	14 Nov 25	09:43:00	1	0	55	0	Ct	0	1	0	0	2	0	11	1	0	0	0	0	0	0	0	0	0	0	0	0	1	0	0	0	0	0	0	0	0	1	0	0	0	0
166900	14 Nov 25	09:44:00	1	0	55	0	Ct	0	1	0	0	0	0	11	2	0	0	0	0	1	0	0	0	0	0	0	0	0	0	0	0	0	0	0	0	0	1	0	0	0	2
166901	14 Nov 25	09:45:00	1	0	55	0	Ct	0	1	0	0	0	0	5	1	0	0	0	0	0	0	0	0	0	0	0	0	0	0	0	0	0	0	4	0	0	0	0	0	0	0
166902	14 Nov 25	09:46:00	1	0	55	0	Ct	0	1	0	0	0	0	0	1	0	0	0	0	0	0	0	0	0	0	0	0	0	0	0	0	0	0	2	0	0	0	0	0	0	2
166903	14 Nov 25	09:47:00	1	0	55	0	Ct	0	1	0	0	3	0	18	1	0	0	0	0	0	0	0	0	0	0	0	0	0	0	0	0	0	0	0	0	0	0	0	0	0	0
166904	14 Nov 25	09:48:00	1	0	55	0	Ct	0	1	0	0	1	0	6	3	0	0	0	0	1	0	0	0	0	0	0	0	0	0	0	0	0	0	0	0	0	0	0	0	0	2
166905	14 Nov 25	09:49:00	1	0	55	0	Ct	0	1	0	0	0	0	14	1	0	0	0	0	0	0	0	0	0	0	0	0	0	0	1	0	2	0	3	0	0	0	0	0	0	2
166906	14 Nov 25	09:50:00	1	0	55	0	Ct	0	1	0	0	2	0	13	1	0	0	0	5	1	0	0	0	0	0	0	0	0	0	6	0	0	0	1	0	0	0	0	0	0	0
166907	14 Nov 25	09:51:00	1	0	55	0	Ct	0	1	0	0	1	0	10	0	0	0	0	2	0	0	0	0	0	0	0	0	0	0	1	0	0	0	1	0	0	0	0	0	0	0
166908	14 Nov 25	09:52:00	1	0	55	0	Ct	0	1	0	0	1	0	19	2	0	0	0	1	0	0	0	0	0	0	0	0	0	0	0	0	2	0	1	0	0	0	0	0	0	3
166909	14 Nov 25	09:53:00	1	0	55	0	Ct	0	1	0	0	2	0	10	0	0	0	0	6	0	0	0	0	0	0	0	0	0	0	0	0	0	0	1	0	0	0	0	0	0	2
166910	14 Nov 25	09:54:00	1	0	55	0	Ct	0	1	0	0	0	0	29	1	0	0	0	2	0	0	0	0	0	0	0	0	0	0	6	0	0	0	0	0	0	1	0	0	0	2
166911	14 Nov 25	09:55:00	1	0	55	0	Ct	0	1	0	0	1	0	25	1	0	0	2	3	0	0	0	0	0	0	0	0	0	0	0	0	2	0	0	0	0	0	0	0	0	2
166912	14 Nov 25	09:56:00	1	0	55	0	Ct	0	1	0	0	2	0	0	1	0	0	1	1	0	0	0	0	0	0	0	0	0	0	0	0	2	0	4	0	0	0	0	0	2	3
166913	14 Nov 25	09:57:00	1	0	55	0	Ct	0	1	0	0	1	0	10	1	0	0	0	1	1	0	0	0	0	0	0	0	0	0	5	0	2	0	1	0	0	0	0	0	0	1
166914	14 Nov 25	09:58:00	1	0	55	0	Ct	0	1	0	0	2	0	17	3	0	0	0	0	1	0	0	0	0	0	0	0	0	0	1	0	0	0	1	0	0	0	0	0	0	2
166915	14 Nov 25	09:59:00	1	0	55	0	Ct	0	1	0	0	0	0	6	1	0	0	0	1	0	0	0	0	0	0	0	0	0	0	0	0	0	0	0	1	0	0	0	0	0	4
166916	14 Nov 25	10:00:00	1	0	55	0	Ct	0	1	0	0	0	0	16	0	0	0	0	1	0	0	0	0	0	0	0	0	0	0	0	0	0	0	2	1	0	0	0	1	0	2
166917	14 Nov 25	10:01:00	1	0	55	0	Ct	0	1	0	0	2	0	22	0	0	0	0	0	1	0	0	0	0	0	0	0	0	0	2	0	0	0	0	0	0	0	0	1	2	1
166918	14 Nov 25	10:02:00	1	0	55	0	Ct	0	1	0	0	2	0	13	1	0	0	0	0	0	0	0	0	0	0	0	0	0	0	2	0	1	0	0	0	0	0	0	0	1	3
166919	14 Nov 25	10:03:00	1	0	55	0	Ct	0	1	0	0	1	0	0	1	0	0	0	0	0	0	0	0	0	0	0	0	0	0	3	0	1	0	3	1	0	0	0	3	0	1
166920	14 Nov 25	10:04:00	1	0	55	0	Ct	0	1	0	0	1	0	0	0	0	0	0	0	0	0	0	0	0	0	0	0	0	0	0	0	0	0	1	1	0	0	0	2	0	2
166921	14 Nov 25	10:05:00	1	0	55	0	Ct	0	1	0	0	1	0	2	1	3	0	0	0	0	0	0	0	0	0	0	0	0	0	2	0	3	0	1	0	0	0	0	0	0	3
166922	14 Nov 25	10:06:00	1	0	55	0	Ct	0	1	0	0	2	0	6	1	1	0	0	0	0	0	0	0	0	0	0	0	0	0	1	0	0	0	0	0	0	0	0	0	1	1
166923	14 Nov 25	10:07:00	1	0	55	0	Ct	0	1	0	0	1	0	11	2	0	0	0	0	0	0	0	0	0	0	0	0	0	0	1	0	0	0	0	0	0	0	0	0	1	1
166924	14 Nov 25	10:08:00	1	0	55	0	Ct	0	1	0	0	1	0	7	0	0	0	0	2	0	0	0	0	0	0	0	0	0	0	2	0	0	0	0	0	0	0	0	0	0	2
166925	14 Nov 25	10:09:00	1	0	55	0	Ct	0	1	0	0	0	0	6	2	0	0	0	1	1	0	0	0	0	0	0	0	0	0	0	0	2	0	0	0	0	0	0	0	1	2
166926	14 Nov 25	10:10:00	1	0	55	0	Ct	0	1	0	0	1	0	19	0	0	0	0	0	0	0	0	0	0	0	0	0	0	0	1	0	0	0	0	0	0	0	0	0	0	3
166927	14 Nov 25	10:11:00	1	0	55	0	Ct	0	1	0	0	1	0	21	1	0	0	0	0	0	0	0	0	0	0	0	0	0	0	1	0	2	0	0	0	0	0	1	0	0	3
166928	14 Nov 25	10:12:00	1	0	55	0	Ct	0	1	0	0	0	0	18	1	0	0	0	0	0	0	0	0	0	0	0	2	0	0	4	0	0	0	1	0	0	0	0	0	1	1
166929	14 Nov 25	10:13:00	1	0	55	0	Ct	0	1	0	0	1	0	6	0	0	0	0	1	1	0	0	0	0	0	0	0	0	0	0	0	2	0	1	0	0	0	0	0	0	1
166930	14 Nov 25	10:14:00	1	0	55	0	Ct	0	1	0	0	4	0	10	1	0	0	0	1	1	0	0	0	0	0	0	0	0	0	0	0	0	0	1	0	0	0	0	0	0	2
166931	14 Nov 25	10:15:00	1	0	55	0	Ct	0	1	0	0	0	0	4	1	0	0	0	2	0	0	0	0	0	0	0	0	0	0	0	0	0	0	1	0	0	0	0	0	0	0
166932	14 Nov 25	10:16:00	1	0	55	0	Ct	0	1	0	0	1	0	0	1	0	0	0	1	0	0	0	0	0	0	0	1	0	0	0	0	2	0	1	0	0	0	0	0	2	2
166933	14 Nov 25	10:17:00	1	0	55	0	Ct	0	1	0	0	1	0	0	1	0	0	0	3	1	0	0	0	0	0	0	3	0	0	0	0	0	0	1	0	0	0	0	0	0	2
166934	14 Nov 25	10:18:00	1	0	55	0	Ct	0	1	0	0	1	0	0	1	0	0	0	2	0	0	0	0	0	0	0	0	0	0	0	0	0	0	1	0	0	0	0	0	0	0
166935	14 Nov 25	10:19:00	1	0	55	0	Ct	0	1	0	0	1	0	2	1	0	0	0	2	0	0	0	0	0	0	0	1	0	0	0	2	0	0	2	0	0	0	1	0	0	1
166936	14 Nov 25	10:20:00	1	0	55	0	Ct	0	1	0	0	2	0	9	1	0	0	0	3	0	0	0	0	0	0	0	2	0	0	0	2	0	0	2	1	0	0	0	0	2	2
166937	14 Nov 25	10:21:00	1	0	55	0	Ct	0	1	0	0	0	0	7	1	0	0	0	1	1	0	0	0	0	0	0	2	0	0	2	0	0	0	1	1	0	0	1	0	0	1
166938	14 Nov 25	10:22:00	1	0	55	0	Ct	0	1	0	0	1	1	0	0	0	0	0	2	1	0	0	0	0	0	0	2	0	0	0	0	0	0	1	0	0	0	0	0	0	1
166939	14 Nov 25	10:23:00	1	0	55	0	Ct	0	1	0	0	1	1	0	0	0	0	0	2	0	0	0	0	0	0	0	3	0	0	0	0	0	0	1	0	0	0	1	0	1	1
166940	14 Nov 25	10:24:00	1	0	55	0	Ct	0	1	0	0	0	0	0	0	0	0	0	0	1	0	0	0	0	0	0	3	0	0	0	0	2	0	5	0	0	0	0	0	0	1
166941	14 Nov 25	10:25:00	1	0	55	0	Ct	0	1	0	0	1	0	0	2	2	0	0	2	0	0	0	0	0	0	0	1	0	0	2	0	0	0	0	0	0	0	0	0	0	1
166942	14 Nov 25	10:26:00	1	0	55	0	Ct	0	1	0	0	2	0	0	0	0	0	0	2	0	0	0	0	0	0	0	0	0	0	1	0	0	0	0	0	0	0	0	0	0	2
166943	14 Nov 25	10:27:00	1	0	55	0	Ct	0	1	0	0	1	0	0	0	0	0	0	0	0	0	0	0	0	0	0	4	0	0	2	0	0	0	2	0	0	0	0	0	1	0
166944	14 Nov 25	10:28:00	1	0	55	0	Ct	0	1	0	0	1	0	0	0	0	0	0	2	1	0	0	0	0	0	0	2	0	0	1	0	0	0	0	0	0	0	0	0	0	2
166945	14 Nov 25	10:29:00	1	0	55	0	Ct	0	1	0	0	0	0	0	0	0	0	0	2	1	0	0	0	0	0	0	3	0	0	1	0	0	0	1	0	0	0	0	0	0	0
166946	14 Nov 25	10:30:00	1	0	55	0	Ct	0	1	0	0	1	0	0	0	0	0	0	2	1	0	0	0	0	0	0	1	0	0	0	0	0	0	2	0	0	0	0	0	0	2
