trait	SNP	Chr	bp	A1	A2	Freq	b	se	p	original_A1	original_A2	original_beta	original_se	original_p	minor_allele	minor_carriers	MAF	call_rate	region_rank	annotation_label	scheme	recorded_beta	recorded_se	recorded_p	effect_ratio	same_direction	delta_neglog10p	recorded_nominal	alternative_nominal	alternative_family_significant
"LDHarmonicR2"	"2L_14815128"	21	14815128	"A"	"AC"	0.109827	-0.0693395	0.016288	2.07115e-05	"A"	"AC"	-0.0693839	0.0162891	2.04866e-05	"A"	19	0.109826589595376	0.982954545454545	9	"INTRAGENIC|FBtr0304344"	"current_simulated"	-0.0693839	0.0162891	2.04866e-05	0.999360082093973	TRUE	-0.00474166523371888	FALSE	FALSE	FALSE
"LDHarmonicR2"	"2L_14815128"	21	14815128	"A"	"AC"	0.109827	-0.0688382	0.0165446	3.1718e-05	"A"	"AC"	-0.0693839	0.0162891	2.04866e-05	"A"	19	0.109826589595376	0.982954545454545	9	"INTRAGENIC|FBtr0304344"	"recovery_aware"	-0.0693839	0.0162891	2.04866e-05	0.992135063033355	TRUE	-0.189835906836406	FALSE	FALSE	FALSE
"LDHarmonicR2"	"2L_14815128"	21	14815128	"A"	"AC"	0.109827	-0.0673967	0.0162826	3.48554e-05	"A"	"AC"	-0.0693839	0.0162891	2.04866e-05	"A"	19	0.109826589595376	0.982954545454545	9	"INTRAGENIC|FBtr0304344"	"prop005_24h"	-0.0693839	0.0162891	2.04866e-05	0.971359349935648	TRUE	-0.230800183118065	FALSE	FALSE	FALSE
"LDHarmonicR2"	"2L_14815128"	21	14815128	"A"	"AC"	0.109827	-0.0678641	0.0164236	3.59442e-05	"A"	"AC"	-0.0693839	0.0162891	2.04866e-05	"A"	19	0.109826589595376	0.982954545454545	9	"INTRAGENIC|FBtr0304344"	"prop001_24h"	-0.0693839	0.0162891	2.04866e-05	0.978095783027475	TRUE	-0.244158934144951	FALSE	FALSE	FALSE
"LDHarmonicR2"	"2L_14815128"	21	14815128	"A"	"AC"	0.109827	-0.0676951	0.0164501	3.86877e-05	"A"	"AC"	-0.0693839	0.0162891	2.04866e-05	"A"	19	0.109826589595376	0.982954545454545	9	"INTRAGENIC|FBtr0304344"	"zero_24h"	-0.0693839	0.0162891	2.04866e-05	0.975660059466245	TRUE	-0.276103023560066	FALSE	FALSE	FALSE
"LDHarmonicR2"	"2L_14815128"	21	14815128	"A"	"AC"	0.109827	-0.0682918	0.0162218	2.55497e-05	"A"	"AC"	-0.0693839	0.0162891	2.04866e-05	"A"	19	0.109826589595376	0.982954545454545	9	"INTRAGENIC|FBtr0304344"	"prop01_48h"	-0.0693839	0.0162891	2.04866e-05	0.984260037270894	TRUE	-0.0959159171532438	FALSE	FALSE	FALSE
"LDHarmonicR2"	"2L_6415893"	21	6415893	"G"	"A"	0.5	0.0479029	0.0101564	2.39923e-06	"G"	"A"	0.0479999	0.0101561	2.28762e-06	"G"	81	0.5	0.920454545454545	3	"SYNONYMOUS_CODING|Tig"	"current_simulated"	0.0479999	0.0101561	2.28762e-06	0.997979162456588	TRUE	-0.0206879984064319	TRUE	TRUE	FALSE
"LDHarmonicR2"	"2L_6415893"	21	6415893	"G"	"A"	0.5	0.0478897	0.0102755	3.1534e-06	"G"	"A"	0.0479999	0.0101561	2.28762e-06	"G"	81	0.5	0.920454545454545	3	"SYNONYMOUS_CODING|Tig"	"recovery_aware"	0.0479999	0.0101561	2.28762e-06	0.997704161883671	TRUE	-0.139395178484319	TRUE	TRUE	FALSE
"LDHarmonicR2"	"2L_6415893"	21	6415893	"G"	"A"	0.5	0.0471962	0.0101449	3.28409e-06	"G"	"A"	0.0479999	0.0101561	2.28762e-06	"G"	81	0.5	0.920454545454545	3	"SYNONYMOUS_CODING|Tig"	"prop005_24h"	0.0479999	0.0101561	2.28762e-06	0.983256215117115	TRUE	-0.157031165584162	TRUE	TRUE	FALSE
"LDHarmonicR2"	"2L_6415893"	21	6415893	"G"	"A"	0.5	0.0475225	0.0102111	3.25554e-06	"G"	"A"	0.0479999	0.0101561	2.28762e-06	"G"	81	0.5	0.920454545454545	3	"SYNONYMOUS_CODING|Tig"	"prop001_24h"	0.0479999	0.0101561	2.28762e-06	0.990054145946137	TRUE	-0.153239150980335	TRUE	TRUE	FALSE
"LDHarmonicR2"	"2L_6415893"	21	6415893	"G"	"A"	0.5	0.0480646	0.0102503	2.74431e-06	"G"	"A"	0.0479999	0.0101561	2.28762e-06	"G"	81	0.5	0.920454545454545	3	"SYNONYMOUS_CODING|Tig"	"zero_24h"	0.0479999	0.0101561	2.28762e-06	1.00134791947483	TRUE	-0.0790492833421563	TRUE	TRUE	FALSE
"LDHarmonicR2"	"2L_6415893"	21	6415893	"G"	"A"	0.5	0.0472141	0.0101222	3.09482e-06	"G"	"A"	0.0479999	0.0101561	2.28762e-06	"G"	81	0.5	0.920454545454545	3	"SYNONYMOUS_CODING|Tig"	"prop01_48h"	0.0479999	0.0101561	2.28762e-06	0.983629132560693	TRUE	-0.13125150998196	TRUE	TRUE	FALSE
"LDHarmonicR2"	"2R_16679757"	22	16679757	"G"	"A"	0.445122	0.0432808	0.0102549	2.43751e-05	"G"	"A"	0.0432553	0.010255	2.46497e-05	"G"	73	0.445121951219512	0.931818181818182	10	"INTRON|Pgant9"	"current_simulated"	0.0432553	0.010255	2.46497e-05	1.00058952313358	TRUE	0.00486523196199418	FALSE	FALSE	FALSE
"LDHarmonicR2"	"2R_16679757"	22	16679757	"G"	"A"	0.445122	0.042784	0.0103934	3.84752e-05	"G"	"A"	0.0432553	0.010255	2.46497e-05	"G"	73	0.445121951219512	0.931818181818182	10	"INTRON|Pgant9"	"recovery_aware"	0.0432553	0.010255	2.46497e-05	0.989104225378162	TRUE	-0.19336924798895	FALSE	FALSE	FALSE
"LDHarmonicR2"	"2R_16679757"	22	16679757	"G"	"A"	0.445122	0.0440144	0.0102466	1.74303e-05	"G"	"A"	0.0432553	0.010255	2.46497e-05	"G"	73	0.445121951219512	0.931818181818182	10	"INTRON|Pgant9"	"prop005_24h"	0.0432553	0.010255	2.46497e-05	1.01754929453732	TRUE	0.150506776056146	FALSE	FALSE	FALSE
"LDHarmonicR2"	"2R_16679757"	22	16679757	"G"	"A"	0.445122	0.0429103	0.0103231	3.2285e-05	"G"	"A"	0.0432553	0.010255	2.46497e-05	"G"	73	0.445121951219512	0.931818181818182	10	"INTRON|Pgant9"	"prop001_24h"	0.0432553	0.010255	2.46497e-05	0.992024098780958	TRUE	-0.117189152691993	FALSE	FALSE	FALSE
"LDHarmonicR2"	"2R_16679757"	22	16679757	"G"	"A"	0.445122	0.0422651	0.0103526	4.45455e-05	"G"	"A"	0.0432553	0.010255	2.46497e-05	"G"	73	0.445121951219512	0.931818181818182	10	"INTRON|Pgant9"	"zero_24h"	0.0432553	0.010255	2.46497e-05	0.977108007573638	TRUE	-0.256992199977832	FALSE	FALSE	FALSE
"LDHarmonicR2"	"2R_16679757"	22	16679757	"G"	"A"	0.445122	0.0438127	0.0102174	1.80265e-05	"G"	"A"	0.0432553	0.010255	2.46497e-05	"G"	73	0.445121951219512	0.931818181818182	10	"INTRON|Pgant9"	"prop01_48h"	0.0432553	0.010255	2.46497e-05	1.01288628214346	TRUE	0.135900225151125	FALSE	FALSE	FALSE
"LDHarmonicR2"	"3R_22770259"	32	22770259	"AC"	"A"	0.145349	0.0578794	0.0134304	1.63555e-05	"AC"	"A"	0.0578724	0.0134299	1.63828e-05	"AC"	25	0.145348837209302	0.977272727272727	7	"INTRON|Usp12-46; INTRON|CG43093; INTRON|CG7029"	"current_simulated"	0.0578724	0.0134299	1.63828e-05	1.00012095575784	TRUE	0.000724304078349114	FALSE	FALSE	FALSE
"LDHarmonicR2"	"3R_22770259"	32	22770259	"AC"	"A"	0.145349	0.059585	0.0135871	1.15772e-05	"AC"	"A"	0.0578724	0.0134299	1.63828e-05	"AC"	25	0.145348837209302	0.977272727272727	7	"INTRON|Usp12-46; INTRON|CG43093; INTRON|CG7029"	"recovery_aware"	0.0578724	0.0134299	1.63828e-05	1.02959269012517	TRUE	0.150784593514723	FALSE	FALSE	FALSE
"LDHarmonicR2"	"3R_22770259"	32	22770259	"AC"	"A"	0.145349	0.0570675	0.0134144	2.09814e-05	"AC"	"A"	0.0578724	0.0134299	1.63828e-05	"AC"	25	0.145348837209302	0.977272727272727	7	"INTRON|Usp12-46; INTRON|CG43093; INTRON|CG7029"	"prop005_24h"	0.0578724	0.0134299	1.63828e-05	0.986091815787837	TRUE	-0.107446334003704	FALSE	FALSE	FALSE
"LDHarmonicR2"	"3R_22770259"	32	22770259	"AC"	"A"	0.145349	0.0589612	0.0135014	1.2594e-05	"AC"	"A"	0.0578724	0.0134299	1.63828e-05	"AC"	25	0.145348837209302	0.977272727272727	7	"INTRON|Usp12-46; INTRON|CG43093; INTRON|CG7029"	"prop001_24h"	0.0578724	0.0134299	1.63828e-05	1.01881380416226	TRUE	0.114224440486893	FALSE	FALSE	FALSE
"LDHarmonicR2"	"3R_22770259"	32	22770259	"AC"	"A"	0.145349	0.0589151	0.0135539	1.38176e-05	"AC"	"A"	0.0578724	0.0134299	1.63828e-05	"AC"	25	0.145348837209302	0.977272727272727	7	"INTRON|Usp12-46; INTRON|CG43093; INTRON|CG7029"	"zero_24h"	0.0578724	0.0134299	1.63828e-05	1.01801722409992	TRUE	0.0739555131348197	FALSE	FALSE	FALSE
"LDHarmonicR2"	"3R_22770259"	32	22770259	"AC"	"A"	0.145349	0.0577974	0.0133859	1.57598e-05	"AC"	"A"	0.0578724	0.0134299	1.63828e-05	"AC"	25	0.145348837209302	0.977272727272727	7	"INTRON|Usp12-46; INTRON|CG43093; INTRON|CG7029"	"prop01_48h"	0.0578724	0.0134299	1.63828e-05	0.998704045451718	TRUE	0.0168374276856653	FALSE	FALSE	FALSE
"LDHarmonicR2"	"3R_23828086"	32	23828086	"CA"	"C"	0.17284	0.0782588	0.0183296	1.95878e-05	"CA"	"C"	0.0783384	0.018328	1.91787e-05	"CA"	28	0.17283950617284	0.920454545454545	8	"INTRON|CG34355"	"current_simulated"	0.0783384	0.018328	1.91787e-05	0.998983895509737	TRUE	-0.00916649521335966	FALSE	FALSE	FALSE
"LDHarmonicR2"	"3R_23828086"	32	23828086	"CA"	"C"	0.17284	0.0752366	0.0184935	4.7365e-05	"CA"	"C"	0.0783384	0.018328	1.91787e-05	"CA"	28	0.17283950617284	0.920454545454545	8	"INTRON|CG34355"	"recovery_aware"	0.0783384	0.018328	1.91787e-05	0.960405114222399	TRUE	-0.392638375822244	FALSE	FALSE	FALSE
"LDHarmonicR2"	"3R_23828086"	32	23828086	"CA"	"C"	0.17284	0.0770428	0.0183	2.55373e-05	"CA"	"C"	0.0783384	0.018328	1.91787e-05	"CA"	28	0.17283950617284	0.920454545454545	8	"INTRON|CG34355"	"prop005_24h"	0.0783384	0.018328	1.91787e-05	0.983461495256477	TRUE	-0.124355812578798	FALSE	FALSE	FALSE
"LDHarmonicR2"	"3R_23828086"	32	23828086	"CA"	"C"	0.17284	0.0758781	0.0183927	3.70008e-05	"CA"	"C"	0.0783384	0.018328	1.91787e-05	"CA"	28	0.17283950617284	0.920454545454545	8	"INTRON|CG34355"	"prop001_24h"	0.0783384	0.018328	1.91787e-05	0.968593946263901	TRUE	-0.285391948297477	FALSE	FALSE	FALSE
"LDHarmonicR2"	"3R_23828086"	32	23828086	"CA"	"C"	0.17284	0.0756698	0.0184912	4.273e-05	"CA"	"C"	0.0783384	0.018328	1.91787e-05	"CA"	28	0.17283950617284	0.920454545454545	8	"INTRON|CG34355"	"zero_24h"	0.0783384	0.018328	1.91787e-05	0.965934969312623	TRUE	-0.347913726998232	FALSE	FALSE	FALSE
"LDHarmonicR2"	"3R_23828086"	32	23828086	"CA"	"C"	0.17284	0.0778088	0.0182749	2.06559e-05	"CA"	"C"	0.0783384	0.018328	1.91787e-05	"CA"	28	0.17283950617284	0.920454545454545	8	"INTRON|CG34355"	"prop01_48h"	0.0783384	0.018328	1.91787e-05	0.993239586205488	TRUE	-0.0322249565882125	FALSE	FALSE	FALSE
"LDHarmonicR2"	"3R_24776116"	32	24776116	"T"	"C"	0.130952	0.0689227	0.0143601	1.58976e-06	"T"	"C"	0.0688911	0.01436	1.60719e-06	"T"	22	0.130952380952381	0.954545454545455	1	"SPLICE_SITE_REGION+INTRON|CG42331"	"current_simulated"	0.0688911	0.01436	1.60719e-06	1.00045869495479	TRUE	0.00473565606265769	TRUE	TRUE	FALSE
"LDHarmonicR2"	"3R_24776116"	32	24776116	"T"	"C"	0.130952	0.06863	0.0145489	2.39118e-06	"T"	"C"	0.0688911	0.01436	1.60719e-06	"T"	22	0.130952380952381	0.954545454545455	1	"SPLICE_SITE_REGION+INTRON|CG42331"	"recovery_aware"	0.0688911	0.01436	1.60719e-06	0.996209960357724	TRUE	-0.172545048025317	TRUE	TRUE	FALSE
"LDHarmonicR2"	"3R_24776116"	32	24776116	"T"	"C"	0.130952	0.0678585	0.014347	2.24731e-06	"T"	"C"	0.0688911	0.01436	1.60719e-06	"T"	22	0.130952380952381	0.954545454545455	1	"SPLICE_SITE_REGION+INTRON|CG42331"	"prop005_24h"	0.0688911	0.01436	1.60719e-06	0.985011126255786	TRUE	-0.145595762752003	TRUE	TRUE	FALSE
"LDHarmonicR2"	"3R_24776116"	32	24776116	"T"	"C"	0.130952	0.0693119	0.0144512	1.61649e-06	"T"	"C"	0.0688911	0.01436	1.60719e-06	"T"	22	0.130952380952381	0.954545454545455	1	"SPLICE_SITE_REGION+INTRON|CG42331"	"prop001_24h"	0.0688911	0.01436	1.60719e-06	1.00610819104355	TRUE	-0.00250580075358453	TRUE	TRUE	FALSE
"LDHarmonicR2"	"3R_24776116"	32	24776116	"T"	"C"	0.130952	0.0692305	0.0144956	1.78845e-06	"T"	"C"	0.0688911	0.01436	1.60719e-06	"T"	22	0.130952380952381	0.954545454545455	1	"SPLICE_SITE_REGION+INTRON|CG42331"	"zero_24h"	0.0688911	0.01436	1.60719e-06	1.00492661606507	TRUE	-0.0464095814591268	TRUE	TRUE	FALSE
"LDHarmonicR2"	"3R_24776116"	32	24776116	"T"	"C"	0.130952	0.0680887	0.0143092	1.95147e-06	"T"	"C"	0.0688911	0.01436	1.60719e-06	"T"	22	0.130952380952381	0.954545454545455	1	"SPLICE_SITE_REGION+INTRON|CG42331"	"prop01_48h"	0.0688911	0.01436	1.60719e-06	0.98835263190746	TRUE	-0.0842946576969235	TRUE	TRUE	FALSE
"LDHarmonicR2"	"3R_27476251"	32	27476251	"T"	"C"	0.378882	-0.052525	0.0109689	1.67998e-06	"T"	"C"	-0.0525795	0.0109697	1.64172e-06	"T"	61	0.37888198757764	0.914772727272727	2	"INTERGENIC|unassigned"	"current_simulated"	-0.0525795	0.0109697	1.64172e-06	0.998963474357877	TRUE	-0.010005022578583	TRUE	TRUE	FALSE
"LDHarmonicR2"	"3R_27476251"	32	27476251	"T"	"C"	0.378882	-0.0542537	0.0111471	1.13256e-06	"T"	"C"	-0.0525795	0.0109697	1.64172e-06	"T"	61	0.37888198757764	0.914772727272727	2	"INTERGENIC|unassigned"	"recovery_aware"	-0.0525795	0.0109697	1.64172e-06	1.03184130697325	TRUE	0.161237869889546	TRUE	TRUE	FALSE
"LDHarmonicR2"	"3R_27476251"	32	27476251	"T"	"C"	0.378882	-0.052385	0.0109659	1.77838e-06	"T"	"C"	-0.0525795	0.0109697	1.64172e-06	"T"	61	0.37888198757764	0.914772727272727	2	"INTERGENIC|unassigned"	"prop005_24h"	-0.0525795	0.0109697	1.64172e-06	0.996300839680864	TRUE	-0.0347254766158844	TRUE	TRUE	FALSE
"LDHarmonicR2"	"3R_27476251"	32	27476251	"T"	"C"	0.378882	-0.052269	0.0110635	2.30753e-06	"T"	"C"	-0.0525795	0.0109697	1.64172e-06	"T"	61	0.37888198757764	0.914772727272727	2	"INTERGENIC|unassigned"	"prop001_24h"	-0.0525795	0.0109697	1.64172e-06	0.994094656662768	TRUE	-0.147848267015934	TRUE	TRUE	FALSE
"LDHarmonicR2"	"3R_27476251"	32	27476251	"T"	"C"	0.378882	-0.0529332	0.0110786	1.77059e-06	"T"	"C"	-0.0525795	0.0109697	1.64172e-06	"T"	61	0.37888198757764	0.914772727272727	2	"INTERGENIC|unassigned"	"zero_24h"	-0.0525795	0.0109697	1.64172e-06	1.00672695632328	TRUE	-0.0328189181228957	TRUE	TRUE	FALSE
"LDHarmonicR2"	"3R_27476251"	32	27476251	"T"	"C"	0.378882	-0.0526036	0.0109239	1.4688e-06	"T"	"C"	-0.0525795	0.0109697	1.64172e-06	"T"	61	0.37888198757764	0.914772727272727	2	"INTERGENIC|unassigned"	"prop01_48h"	-0.0525795	0.0109697	1.64172e-06	1.00045835354083	TRUE	0.0483364250869336	TRUE	TRUE	FALSE
"LDHarmonicR2"	"X_10661963"	1	10661963	"T"	"C"	0.114458	-0.0702614	0.0159671	1.08062e-05	"T"	"C"	-0.0702938	0.0159686	1.07261e-05	"T"	19	0.114457831325301	0.943181818181818	5	"INTRON|X11Lbeta"	"current_simulated"	-0.0702938	0.0159686	1.07261e-05	0.999539077415078	TRUE	-0.00323115955718389	FALSE	FALSE	FALSE
"LDHarmonicR2"	"X_10661963"	1	10661963	"T"	"C"	0.114458	-0.0687801	0.0162412	2.28654e-05	"T"	"C"	-0.0702938	0.0159686	1.07261e-05	"T"	19	0.114457831325301	0.943181818181818	5	"INTRON|X11Lbeta"	"recovery_aware"	-0.0702938	0.0159686	1.07261e-05	0.978466095160597	TRUE	-0.328736961595578	FALSE	FALSE	FALSE
"LDHarmonicR2"	"X_10661963"	1	10661963	"T"	"C"	0.114458	-0.0695112	0.0159658	1.3382e-05	"T"	"C"	-0.0702938	0.0159686	1.07261e-05	"T"	19	0.114457831325301	0.943181818181818	5	"INTRON|X11Lbeta"	"prop005_24h"	-0.0702938	0.0159686	1.07261e-05	0.988866727933331	TRUE	-0.0960791839469666	FALSE	FALSE	FALSE
"LDHarmonicR2"	"X_10661963"	1	10661963	"T"	"C"	0.114458	-0.0693994	0.0161159	1.66021e-05	"T"	"C"	-0.0702938	0.0159686	1.07261e-05	"T"	19	0.114457831325301	0.943181818181818	5	"INTRON|X11Lbeta"	"prop001_24h"	-0.0702938	0.0159686	1.07261e-05	0.987276260495236	TRUE	-0.18972118383692	FALSE	FALSE	FALSE
"LDHarmonicR2"	"X_10661963"	1	10661963	"T"	"C"	0.114458	-0.0689023	0.0161295	1.93878e-05	"T"	"C"	-0.0702938	0.0159686	1.07261e-05	"T"	19	0.114457831325301	0.943181818181818	5	"INTRON|X11Lbeta"	"zero_24h"	-0.0702938	0.0159686	1.07261e-05	0.980204513058051	TRUE	-0.257086689397314	FALSE	FALSE	FALSE
"LDHarmonicR2"	"X_10661963"	1	10661963	"T"	"C"	0.114458	-0.068503	0.015899	1.6426e-05	"T"	"C"	-0.0702938	0.0159686	1.07261e-05	"T"	19	0.114457831325301	0.943181818181818	5	"INTRON|X11Lbeta"	"prop01_48h"	-0.0702938	0.0159686	1.07261e-05	0.974524068979056	TRUE	-0.18508997689485	FALSE	FALSE	FALSE
"LDHarmonicR2"	"X_11292471"	1	11292471	"G"	"C"	0.491429	-0.0429262	0.00973448	1.03512e-05	"G"	"C"	-0.0428923	0.00973427	1.05141e-05	"G"	86	0.491428571428572	0.994318181818182	4	"INTRON|CG44422"	"current_simulated"	-0.0428923	0.00973427	1.05141e-05	1.0007903516482	TRUE	0.00678140343562106	FALSE	FALSE	FALSE
"LDHarmonicR2"	"X_11292471"	1	11292471	"G"	"C"	0.491429	-0.0414724	0.00985218	2.55973e-05	"G"	"C"	-0.0428923	0.00973427	1.05141e-05	"G"	86	0.491428571428572	0.994318181818182	4	"INTRON|CG44422"	"recovery_aware"	-0.0428923	0.00973427	1.05141e-05	0.966896156186542	TRUE	-0.386422055106891	FALSE	FALSE	FALSE
"LDHarmonicR2"	"X_11292471"	1	11292471	"G"	"C"	0.491429	-0.0433895	0.00972404	8.11662e-06	"G"	"C"	-0.0428923	0.00973427	1.05141e-05	"G"	86	0.491428571428572	0.994318181818182	4	"INTRON|CG44422"	"prop005_24h"	-0.0428923	0.00973427	1.05141e-05	1.01159182417357	TRUE	0.112396889439694	FALSE	TRUE	FALSE
"LDHarmonicR2"	"X_11292471"	1	11292471	"G"	"C"	0.491429	-0.0424872	0.00978934	1.42382e-05	"G"	"C"	-0.0428923	0.00973427	1.05141e-05	"G"	86	0.491428571428572	0.994318181818182	4	"INTRON|CG44422"	"prop001_24h"	-0.0428923	0.00973427	1.05141e-05	0.990555414375074	TRUE	-0.131682985763369	FALSE	FALSE	FALSE
"LDHarmonicR2"	"X_11292471"	1	11292471	"G"	"C"	0.491429	-0.0428003	0.00982498	1.32292e-05	"G"	"C"	-0.0428923	0.00973427	1.05141e-05	"G"	86	0.491428571428572	0.994318181818182	4	"INTRON|CG44422"	"zero_24h"	-0.0428923	0.00973427	1.05141e-05	0.997855092872147	TRUE	-0.0997614789071397	FALSE	FALSE	FALSE
"LDHarmonicR2"	"X_11292471"	1	11292471	"G"	"C"	0.491429	-0.0426362	0.00970117	1.10799e-05	"G"	"C"	-0.0428923	0.00973427	1.05141e-05	"G"	86	0.491428571428572	0.994318181818182	4	"INTRON|CG44422"	"prop01_48h"	-0.0428923	0.00973427	1.05141e-05	0.994029231353879	TRUE	-0.0227637374562564	FALSE	FALSE	FALSE
"LDHarmonicR2"	"X_3550652"	1	3550652	"C"	"T"	0.251462	0.0504151	0.011637	1.47563e-05	"C"	"T"	0.0503965	0.0116376	1.48788e-05	"C"	43	0.251461988304094	0.971590909090909	6	"INTRON|DIP-alpha"	"current_simulated"	0.0503965	0.0116376	1.48788e-05	1.00036907324913	TRUE	0.00359043006754511	FALSE	FALSE	FALSE
"LDHarmonicR2"	"X_3550652"	1	3550652	"C"	"T"	0.251462	0.0501197	0.011815	2.21507e-05	"C"	"T"	0.0503965	0.0116376	1.48788e-05	"C"	43	0.251461988304094	0.971590909090909	6	"INTRON|DIP-alpha"	"recovery_aware"	0.0503965	0.0116376	1.48788e-05	0.994507555088151	TRUE	-0.172819549175272	FALSE	FALSE	FALSE
"LDHarmonicR2"	"X_3550652"	1	3550652	"C"	"T"	0.251462	0.0508015	0.0116318	1.25687e-05	"C"	"T"	0.0503965	0.0116376	1.48788e-05	"C"	43	0.251461988304094	0.971590909090909	6	"INTRON|DIP-alpha"	"prop005_24h"	0.0503965	0.0116376	1.48788e-05	1.00803627236018	TRUE	0.0732775457873265	FALSE	FALSE	FALSE
"LDHarmonicR2"	"X_3550652"	1	3550652	"C"	"T"	0.251462	0.0499704	0.0117295	2.04225e-05	"C"	"T"	0.0503965	0.0116376	1.48788e-05	"C"	43	0.251461988304094	0.971590909090909	6	"INTRON|DIP-alpha"	"prop001_24h"	0.0503965	0.0116376	1.48788e-05	0.991545047771175	TRUE	-0.137540998682669	FALSE	FALSE	FALSE
"LDHarmonicR2"	"X_3550652"	1	3550652	"C"	"T"	0.251462	0.0504504	0.0117516	1.76215e-05	"C"	"T"	0.0503965	0.0116376	1.48788e-05	"C"	43	0.251461988304094	0.971590909090909	6	"INTRON|DIP-alpha"	"zero_24h"	0.0503965	0.0116376	1.48788e-05	1.00106951871658	TRUE	-0.0734749681743452	FALSE	FALSE	FALSE
"LDHarmonicR2"	"X_3550652"	1	3550652	"C"	"T"	0.251462	0.0501096	0.0115911	1.53844e-05	"C"	"T"	0.0503965	0.0116376	1.48788e-05	"C"	43	0.251461988304094	0.971590909090909	6	"INTRON|DIP-alpha"	"prop01_48h"	0.0503965	0.0116376	1.48788e-05	0.994307144345341	TRUE	-0.0145126571428404	FALSE	FALSE	FALSE
"MovingShapePC1"	"2L_10641389"	21	10641389	"A"	"G"	0.148148	-0.296368	0.069584	2.0522e-05	"A"	"G"	-0.296595	0.0696172	2.04093e-05	"A"	24	0.148148148148148	0.920454545454545	7	"SYNONYMOUS_CODING|CG31872"	"current_simulated"	-0.296595	0.0696172	2.04093e-05	0.999234646571925	TRUE	-0.00239157377351606	FALSE	FALSE	FALSE
"MovingShapePC1"	"2L_10641389"	21	10641389	"A"	"G"	0.148148	-0.294904	0.0695443	2.23007e-05	"A"	"G"	-0.296595	0.0696172	2.04093e-05	"A"	24	0.148148148148148	0.920454545454545	7	"SYNONYMOUS_CODING|CG31872"	"recovery_aware"	-0.296595	0.0696172	2.04093e-05	0.99429862270099	TRUE	-0.0384903858959573	FALSE	FALSE	FALSE
"MovingShapePC1"	"2L_10641389"	21	10641389	"A"	"G"	0.148148	-0.2953	0.0695007	2.14846e-05	"A"	"G"	-0.296595	0.0696172	2.04093e-05	"A"	24	0.148148148148148	0.920454545454545	7	"SYNONYMOUS_CODING|CG31872"	"prop005_24h"	-0.296595	0.0696172	2.04093e-05	0.995633776698865	TRUE	-0.0222991629057869	FALSE	FALSE	FALSE
"MovingShapePC1"	"2L_10641389"	21	10641389	"A"	"G"	0.148148	-0.297872	0.0697955	1.97428e-05	"A"	"G"	-0.296595	0.0696172	2.04093e-05	"A"	24	0.148148148148148	0.920454545454545	7	"SYNONYMOUS_CODING|CG31872"	"prop001_24h"	-0.296595	0.0696172	2.04093e-05	1.00430553448305	TRUE	0.0144193634811947	FALSE	FALSE	FALSE
"MovingShapePC1"	"2L_10641389"	21	10641389	"A"	"G"	0.148148	-0.296465	0.0696784	2.09264e-05	"A"	"G"	-0.296595	0.0696172	2.04093e-05	"A"	24	0.148148148148148	0.920454545454545	7	"SYNONYMOUS_CODING|CG31872"	"zero_24h"	-0.296595	0.0696172	2.04093e-05	0.999561691869384	TRUE	-0.0108664129323852	FALSE	FALSE	FALSE
"MovingShapePC1"	"2L_10641389"	21	10641389	"A"	"G"	0.148148	-0.294583	0.0695572	2.28428e-05	"A"	"G"	-0.296595	0.0696172	2.04093e-05	"A"	24	0.148148148148148	0.920454545454545	7	"SYNONYMOUS_CODING|CG31872"	"prop01_48h"	-0.296595	0.0696172	2.04093e-05	0.993216338778469	TRUE	-0.0489212278149482	FALSE	FALSE	FALSE
"MovingShapePC1"	"2L_663591"	21	663591	"G"	"A"	0.25625	-0.214961	0.0513111	2.7973e-05	"G"	"A"	-0.214885	0.0513366	2.8417e-05	"G"	41	0.25625	0.909090909090909	10	"INTRON|ds"	"current_simulated"	-0.214885	0.0513366	2.8417e-05	1.00035367754846	TRUE	0.00683918194448463	FALSE	FALSE	FALSE
"MovingShapePC1"	"2L_663591"	21	663591	"G"	"A"	0.25625	-0.218151	0.0513209	2.13078e-05	"G"	"A"	-0.214885	0.0513366	2.8417e-05	"G"	41	0.25625	0.909090909090909	10	"INTRON|ds"	"recovery_aware"	-0.214885	0.0513366	2.8417e-05	1.01519882727971	TRUE	0.125039615536193	FALSE	FALSE	FALSE
"MovingShapePC1"	"2L_663591"	21	663591	"G"	"A"	0.25625	-0.212452	0.0512671	3.4127e-05	"G"	"A"	-0.214885	0.0513366	2.8417e-05	"G"	41	0.25625	0.909090909090909	10	"INTRON|ds"	"prop005_24h"	-0.214885	0.0513366	2.8417e-05	0.98867766479745	TRUE	-0.079519885180992	FALSE	FALSE	FALSE
"MovingShapePC1"	"2L_663591"	21	663591	"G"	"A"	0.25625	-0.213043	0.0515095	3.53429e-05	"G"	"A"	-0.214885	0.0513366	2.8417e-05	"G"	41	0.25625	0.909090909090909	10	"INTRON|ds"	"prop001_24h"	-0.214885	0.0513366	2.8417e-05	0.991427973101892	TRUE	-0.0947239546304406	FALSE	FALSE	FALSE
"MovingShapePC1"	"2L_663591"	21	663591	"G"	"A"	0.25625	-0.214912	0.0514324	2.93403e-05	"G"	"A"	-0.214885	0.0513366	2.8417e-05	"G"	41	0.25625	0.909090909090909	10	"INTRON|ds"	"zero_24h"	-0.214885	0.0513366	2.8417e-05	1.00012564860274	TRUE	-0.0138863228450168	FALSE	FALSE	FALSE
"MovingShapePC1"	"2L_663591"	21	663591	"G"	"A"	0.25625	-0.214938	0.0512919	2.78362e-05	"G"	"A"	-0.214885	0.0513366	2.8417e-05	"G"	41	0.25625	0.909090909090909	10	"INTRON|ds"	"prop01_48h"	-0.214885	0.0513366	2.8417e-05	1.00024664355353	TRUE	0.00896827908669806	FALSE	FALSE	FALSE
"MovingShapePC1"	"2R_12665067"	22	12665067	"A"	"G"	0.345238	0.210605	0.0458046	4.2675e-06	"A"	"G"	0.210424	0.0458251	4.39254e-06	"A"	58	0.345238095238095	0.954545454545455	2	"UTR_5_PRIME|nemy"	"current_simulated"	0.210424	0.0458251	4.39254e-06	1.00086016804167	TRUE	0.0125421952354685	TRUE	TRUE	FALSE
"MovingShapePC1"	"2R_12665067"	22	12665067	"A"	"G"	0.345238	0.208074	0.0457283	5.35916e-06	"A"	"G"	0.210424	0.0458251	4.39254e-06	"A"	58	0.345238095238095	0.954545454545455	2	"UTR_5_PRIME|nemy"	"recovery_aware"	0.210424	0.0458251	4.39254e-06	0.98883207238718	TRUE	-0.0863809982613075	TRUE	TRUE	FALSE
"MovingShapePC1"	"2R_12665067"	22	12665067	"A"	"G"	0.345238	0.209955	0.0457282	4.40362e-06	"A"	"G"	0.210424	0.0458251	4.39254e-06	"A"	58	0.345238095238095	0.954545454545455	2	"UTR_5_PRIME|nemy"	"prop005_24h"	0.210424	0.0458251	4.39254e-06	0.997771166787059	TRUE	-0.00109411047651253	TRUE	TRUE	FALSE
"MovingShapePC1"	"2R_12665067"	22	12665067	"A"	"G"	0.345238	0.211062	0.045889	4.23694e-06	"A"	"G"	0.210424	0.0458251	4.39254e-06	"A"	58	0.345238095238095	0.954545454545455	2	"UTR_5_PRIME|nemy"	"prop001_24h"	0.210424	0.0458251	4.39254e-06	1.00303197353914	TRUE	0.0156634110928611	TRUE	TRUE	FALSE
"MovingShapePC1"	"2R_12665067"	22	12665067	"A"	"G"	0.345238	0.208898	0.0457986	5.08538e-06	"A"	"G"	0.210424	0.0458251	4.39254e-06	"A"	58	0.345238095238095	0.954545454545455	2	"UTR_5_PRIME|nemy"	"zero_24h"	0.210424	0.0458251	4.39254e-06	0.992747975516101	TRUE	-0.0636076856754713	TRUE	TRUE	FALSE
"MovingShapePC1"	"2R_12665067"	22	12665067	"A"	"G"	0.345238	0.210735	0.0457862	4.17257e-06	"A"	"G"	0.210424	0.0458251	4.39254e-06	"A"	58	0.345238095238095	0.954545454545455	2	"UTR_5_PRIME|nemy"	"prop01_48h"	0.210424	0.0458251	4.39254e-06	1.00147796829259	TRUE	0.0223120937851009	TRUE	TRUE	FALSE
"MovingShapePC1"	"2R_16405149"	22	16405149	"C"	"CCA"	0.402367	0.210079	0.0459501	4.83311e-06	"C"	"CCA"	0.210071	0.0459732	4.89064e-06	"C"	68	0.402366863905325	0.960227272727273	3	"INTRON|Sema2b"	"current_simulated"	0.210071	0.0459732	4.89064e-06	1.00003808236263	TRUE	0.0051390159304594	TRUE	TRUE	FALSE
"MovingShapePC1"	"2R_16405149"	22	16405149	"C"	"CCA"	0.402367	0.213316	0.0459648	3.46994e-06	"C"	"CCA"	0.210071	0.0459732	4.89064e-06	"C"	68	0.402366863905325	0.960227272727273	3	"INTRON|Sema2b"	"recovery_aware"	0.210071	0.0459732	4.89064e-06	1.0154471583417	TRUE	0.149043730270655	TRUE	TRUE	FALSE
"MovingShapePC1"	"2R_16405149"	22	16405149	"C"	"CCA"	0.402367	0.20966	0.0459144	4.96345e-06	"C"	"CCA"	0.210071	0.0459732	4.89064e-06	"C"	68	0.402366863905325	0.960227272727273	3	"INTRON|Sema2b"	"prop005_24h"	0.210071	0.0459732	4.89064e-06	0.998043518619895	TRUE	-0.00641795573011184	TRUE	TRUE	FALSE
"MovingShapePC1"	"2R_16405149"	22	16405149	"C"	"CCA"	0.402367	0.2125	0.0461339	4.10177e-06	"C"	"CCA"	0.210071	0.0459732	4.89064e-06	"C"	68	0.402366863905325	0.960227272727273	3	"INTRON|Sema2b"	"prop001_24h"	0.210071	0.0459732	4.89064e-06	1.01156275735347	TRUE	0.0763943912149454	TRUE	TRUE	FALSE
"MovingShapePC1"	"2R_16405149"	22	16405149	"C"	"CCA"	0.402367	0.213579	0.0460648	3.54381e-06	"C"	"CCA"	0.210071	0.0459732	4.89064e-06	"C"	68	0.402366863905325	0.960227272727273	3	"INTRON|Sema2b"	"zero_24h"	0.210071	0.0459732	4.89064e-06	1.01669911601316	TRUE	0.139895266273114	TRUE	TRUE	FALSE
"MovingShapePC1"	"2R_16405149"	22	16405149	"C"	"CCA"	0.402367	0.209752	0.0459331	4.95984e-06	"C"	"CCA"	0.210071	0.0459732	4.89064e-06	"C"	68	0.402366863905325	0.960227272727273	3	"INTRON|Sema2b"	"prop01_48h"	0.210071	0.0459732	4.89064e-06	0.998481465790137	TRUE	-0.00610197118288358	TRUE	TRUE	FALSE
"MovingShapePC1"	"2R_24313340"	22	24313340	"A"	"T"	0.236686	0.217099	0.0505321	1.7371e-05	"A"	"T"	0.217601	0.0505561	1.67624e-05	"A"	40	0.236686390532544	0.960227272727273	6	"DOWNSTREAM|betaTub60D"	"current_simulated"	0.217601	0.0505561	1.67624e-05	0.997693025307788	TRUE	-0.0154886203057325	FALSE	FALSE	FALSE
"MovingShapePC1"	"2R_24313340"	22	24313340	"A"	"T"	0.236686	0.214718	0.0505034	2.123e-05	"A"	"T"	0.217601	0.0505561	1.67624e-05	"A"	40	0.236686390532544	0.960227272727273	6	"DOWNSTREAM|betaTub60D"	"recovery_aware"	0.217601	0.0505561	1.67624e-05	0.986750980004688	TRUE	-0.102613794183464	FALSE	FALSE	FALSE
"MovingShapePC1"	"2R_24313340"	22	24313340	"A"	"T"	0.236686	0.216682	0.0504716	1.76155e-05	"A"	"T"	0.217601	0.0505561	1.67624e-05	"A"	40	0.236686390532544	0.960227272727273	6	"DOWNSTREAM|betaTub60D"	"prop005_24h"	0.217601	0.0505561	1.67624e-05	0.995776673820433	TRUE	-0.0215587747648804	FALSE	FALSE	FALSE
"MovingShapePC1"	"2R_24313340"	22	24313340	"A"	"T"	0.236686	0.216983	0.0506859	1.86102e-05	"A"	"T"	0.217601	0.0505561	1.67624e-05	"A"	40	0.236686390532544	0.960227272727273	6	"DOWNSTREAM|betaTub60D"	"prop001_24h"	0.217601	0.0505561	1.67624e-05	0.997159939522337	TRUE	-0.0454148404469779	FALSE	FALSE	FALSE
"MovingShapePC1"	"2R_24313340"	22	24313340	"A"	"T"	0.236686	0.215999	0.050601	1.96634e-05	"A"	"T"	0.217601	0.0505561	1.67624e-05	"A"	40	0.236686390532544	0.960227272727273	6	"DOWNSTREAM|betaTub60D"	"zero_24h"	0.217601	0.0505561	1.67624e-05	0.992637901480232	TRUE	-0.0693224138987043	FALSE	FALSE	FALSE
"MovingShapePC1"	"2R_24313340"	22	24313340	"A"	"T"	0.236686	0.216054	0.0505126	1.89227e-05	"A"	"T"	0.217601	0.0505561	1.67624e-05	"A"	40	0.236686390532544	0.960227272727273	6	"DOWNSTREAM|betaTub60D"	"prop01_48h"	0.217601	0.0505561	1.67624e-05	0.99289065767161	TRUE	-0.0526469041467088	FALSE	FALSE	FALSE
"MovingShapePC1"	"3L_1820086"	31	1820086	"C"	"A"	0.420118	0.185382	0.0440213	2.54016e-05	"C"	"A"	0.185867	0.0440449	2.44357e-05	"C"	71	0.420118343195266	0.960227272727273	9	"INTRON|GV1"	"current_simulated"	0.185867	0.0440449	2.44357e-05	0.997390607262182	TRUE	-0.0168362882834421	FALSE	FALSE	FALSE
"MovingShapePC1"	"3L_1820086"	31	1820086	"C"	"A"	0.420118	0.182666	0.0440897	3.42703e-05	"C"	"A"	0.185867	0.0440449	2.44357e-05	"C"	71	0.420118343195266	0.960227272727273	9	"INTRON|GV1"	"recovery_aware"	0.185867	0.0440449	2.44357e-05	0.982778007930402	TRUE	-0.146893121624835	FALSE	FALSE	FALSE
"MovingShapePC1"	"3L_1820086"	31	1820086	"C"	"A"	0.420118	0.186754	0.0440108	2.20188e-05	"C"	"A"	0.185867	0.0440449	2.44357e-05	"C"	71	0.420118343195266	0.960227272727273	9	"INTRON|GV1"	"prop005_24h"	0.185867	0.0440449	2.44357e-05	1.00477222960504	TRUE	0.045231137891002	FALSE	FALSE	FALSE
"MovingShapePC1"	"3L_1820086"	31	1820086	"C"	"A"	0.420118	0.185968	0.0442567	2.64531e-05	"C"	"A"	0.185867	0.0440449	2.44357e-05	"C"	71	0.420118343195266	0.960227272727273	9	"INTRON|GV1"	"prop001_24h"	0.185867	0.0440449	2.44357e-05	1.00054339931241	TRUE	-0.0344517890794593	FALSE	FALSE	FALSE
"MovingShapePC1"	"3L_1820086"	31	1820086	"C"	"A"	0.420118	0.185062	0.0442043	2.83257e-05	"C"	"A"	0.185867	0.0440449	2.44357e-05	"C"	71	0.420118343195266	0.960227272727273	9	"INTRON|GV1"	"zero_24h"	0.185867	0.0440449	2.44357e-05	0.995668946074344	TRUE	-0.0641558665802853	FALSE	FALSE	FALSE
"MovingShapePC1"	"3L_1820086"	31	1820086	"C"	"A"	0.420118	0.184652	0.0440058	2.71572e-05	"C"	"A"	0.185867	0.0440449	2.44357e-05	"C"	71	0.420118343195266	0.960227272727273	9	"INTRON|GV1"	"prop01_48h"	0.185867	0.0440449	2.44357e-05	0.993463067677425	TRUE	-0.0458602060658286	FALSE	FALSE	FALSE
"MovingShapePC1"	"3R_19299344"	32	19299344	"A"	"T"	0.478788	0.200231	0.0472539	2.2619e-05	"A"	"T"	0.200445	0.0472723	2.23302e-05	"A"	79	0.478787878787879	0.9375	8	"INTERGENIC|unassigned"	"current_simulated"	0.200445	0.0472723	2.23302e-05	0.998932375464591	TRUE	-0.00558078774691317	FALSE	FALSE	FALSE
"MovingShapePC1"	"3R_19299344"	32	19299344	"A"	"T"	0.478788	0.199795	0.047077	2.19559e-05	"A"	"T"	0.200445	0.0472723	2.23302e-05	"A"	79	0.478787878787879	0.9375	8	"INTERGENIC|unassigned"	"recovery_aware"	0.200445	0.0472723	2.23302e-05	0.996757215196188	TRUE	0.00734136875569647	FALSE	FALSE	FALSE
"MovingShapePC1"	"3R_19299344"	32	19299344	"A"	"T"	0.478788	0.197493	0.0471324	2.78744e-05	"A"	"T"	0.200445	0.0472723	2.23302e-05	"A"	79	0.478787878787879	0.9375	8	"INTERGENIC|unassigned"	"prop005_24h"	0.200445	0.0472723	2.23302e-05	0.985272768090998	TRUE	-0.0963129150740505	FALSE	FALSE	FALSE
"MovingShapePC1"	"3R_19299344"	32	19299344	"A"	"T"	0.478788	0.199037	0.0472336	2.51016e-05	"A"	"T"	0.200445	0.0472723	2.23302e-05	"A"	79	0.478787878787879	0.9375	8	"INTERGENIC|unassigned"	"prop001_24h"	0.200445	0.0472723	2.23302e-05	0.992975629224974	TRUE	-0.0508087918702147	FALSE	FALSE	FALSE
"MovingShapePC1"	"3R_19299344"	32	19299344	"A"	"T"	0.478788	0.197173	0.0471155	2.85309e-05	"A"	"T"	0.200445	0.0472723	2.23302e-05	"A"	79	0.478787878787879	0.9375	8	"INTERGENIC|unassigned"	"zero_24h"	0.200445	0.0472723	2.23302e-05	0.983676320187583	TRUE	-0.106422858743477	FALSE	FALSE	FALSE
"MovingShapePC1"	"3R_19299344"	32	19299344	"A"	"T"	0.478788	0.19952	0.0472334	2.39867e-05	"A"	"T"	0.200445	0.0472723	2.23302e-05	"A"	79	0.478787878787879	0.9375	8	"INTERGENIC|unassigned"	"prop01_48h"	0.200445	0.0472723	2.23302e-05	0.995385267779191	TRUE	-0.0310778906366034	FALSE	FALSE	FALSE
"MovingShapePC1"	"3R_22569326"	32	22569326	"C"	"T"	0.14375	0.269013	0.0618594	1.36895e-05	"C"	"T"	0.269418	0.0618932	1.34316e-05	"C"	23	0.14375	0.909090909090909	5	"UPSTREAM|CG33110"	"current_simulated"	0.269418	0.0618932	1.34316e-05	0.998496759681981	TRUE	-0.00825983629472127	FALSE	FALSE	FALSE
"MovingShapePC1"	"3R_22569326"	32	22569326	"C"	"T"	0.14375	0.268488	0.0619721	1.47495e-05	"C"	"T"	0.269418	0.0618932	1.34316e-05	"C"	23	0.14375	0.909090909090909	5	"UPSTREAM|CG33110"	"recovery_aware"	0.269418	0.0618932	1.34316e-05	0.99654811482529	TRUE	-0.0406495484096929	FALSE	FALSE	FALSE
"MovingShapePC1"	"3R_22569326"	32	22569326	"C"	"T"	0.14375	0.269878	0.0618515	1.28105e-05	"C"	"T"	0.269418	0.0618932	1.34316e-05	"C"	23	0.14375	0.909090909090909	5	"UPSTREAM|CG33110"	"prop005_24h"	0.269418	0.0618932	1.34316e-05	1.00170738406491	TRUE	0.0205616690093144	FALSE	FALSE	FALSE
"MovingShapePC1"	"3R_22569326"	32	22569326	"C"	"T"	0.14375	0.269967	0.0622084	1.42663e-05	"C"	"T"	0.269418	0.0618932	1.34316e-05	"C"	23	0.14375	0.909090909090909	5	"UPSTREAM|CG33110"	"prop001_24h"	0.269418	0.0618932	1.34316e-05	1.00203772576443	TRUE	-0.0261836025678894	FALSE	FALSE	FALSE
"MovingShapePC1"	"3R_22569326"	32	22569326	"C"	"T"	0.14375	0.269637	0.0621393	1.42984e-05	"C"	"T"	0.269418	0.0618932	1.34316e-05	"C"	23	0.14375	0.909090909090909	5	"UPSTREAM|CG33110"	"zero_24h"	0.269418	0.0618932	1.34316e-05	1.00081286328308	TRUE	-0.0271596925487039	FALSE	FALSE	FALSE
"MovingShapePC1"	"3R_22569326"	32	22569326	"C"	"T"	0.14375	0.269999	0.0618379	1.26405e-05	"C"	"T"	0.269418	0.0618932	1.34316e-05	"C"	23	0.14375	0.909090909090909	5	"UPSTREAM|CG33110"	"prop01_48h"	0.269418	0.0618932	1.34316e-05	1.00215650030807	TRUE	0.0263634968311948	FALSE	FALSE	FALSE
"MovingShapePC1"	"3R_27043638"	32	27043638	"G"	"C"	0.219512	-0.236978	0.0533635	8.96141e-06	"G"	"C"	-0.237318	0.0533905	8.79087e-06	"G"	36	0.219512195121951	0.931818181818182	4	"INTRON|RYa-R"	"current_simulated"	-0.237318	0.0533905	8.79087e-06	0.998567323169755	TRUE	-0.00834448977694624	TRUE	TRUE	FALSE
"MovingShapePC1"	"3R_27043638"	32	27043638	"G"	"C"	0.219512	-0.233767	0.0533831	1.19194e-05	"G"	"C"	-0.237318	0.0533905	8.79087e-06	"G"	36	0.219512195121951	0.931818181818182	4	"INTRON|RYa-R"	"recovery_aware"	-0.237318	0.0533905	8.79087e-06	0.98503695463471	TRUE	-0.132222536668769	TRUE	FALSE	FALSE
"MovingShapePC1"	"3R_27043638"	32	27043638	"G"	"C"	0.219512	-0.234418	0.053323	1.10168e-05	"G"	"C"	-0.237318	0.0533905	8.79087e-06	"G"	36	0.219512195121951	0.931818181818182	4	"INTRON|RYa-R"	"prop005_24h"	-0.237318	0.0533905	8.79087e-06	0.98778010938909	TRUE	-0.0980236075570193	TRUE	FALSE	FALSE
"MovingShapePC1"	"3R_27043638"	32	27043638	"G"	"C"	0.219512	-0.234435	0.0535797	1.21186e-05	"G"	"C"	-0.237318	0.0533905	8.79087e-06	"G"	36	0.219512195121951	0.931818181818182	4	"INTRON|RYa-R"	"prop001_24h"	-0.237318	0.0533905	8.79087e-06	0.987851743230602	TRUE	-0.139420593178652	TRUE	FALSE	FALSE
"MovingShapePC1"	"3R_27043638"	32	27043638	"G"	"C"	0.219512	-0.232959	0.0535001	1.33457e-05	"G"	"C"	-0.237318	0.0533905	8.79087e-06	"G"	36	0.219512195121951	0.931818181818182	4	"INTRON|RYa-R"	"zero_24h"	-0.237318	0.0533905	8.79087e-06	0.981632240285187	TRUE	-0.181309500328668	TRUE	FALSE	FALSE
"MovingShapePC1"	"3R_27043638"	32	27043638	"G"	"C"	0.219512	-0.236069	0.0533438	9.62485e-06	"G"	"C"	-0.237318	0.0533905	8.79087e-06	"G"	36	0.219512195121951	0.931818181818182	4	"INTRON|RYa-R"	"prop01_48h"	-0.237318	0.0533905	8.79087e-06	0.994737019526542	TRUE	-0.0393621121773551	TRUE	TRUE	FALSE
"MovingShapePC1"	"X_8318357"	1	8318357	"C"	"A"	0.25	-0.244628	0.0500665	1.0288e-06	"C"	"A"	-0.244921	0.050092	1.01135e-06	"C"	40	0.25	0.909090909090909	1	"INTRON|nAChRalpha3"	"current_simulated"	-0.244921	0.050092	1.01135e-06	0.998803695885612	TRUE	-0.00742947678081496	TRUE	TRUE	FALSE
"MovingShapePC1"	"X_8318357"	1	8318357	"C"	"A"	0.25	-0.244175	0.0500944	1.0919e-06	"C"	"A"	-0.244921	0.050092	1.01135e-06	"C"	40	0.25	0.909090909090909	1	"INTRON|nAChRalpha3"	"recovery_aware"	-0.244921	0.050092	1.01135e-06	0.996954119899886	TRUE	-0.0332813871913285	TRUE	TRUE	FALSE
"MovingShapePC1"	"X_8318357"	1	8318357	"C"	"A"	0.25	-0.244358	0.0500322	1.03941e-06	"C"	"A"	-0.244921	0.050092	1.01135e-06	"C"	40	0.25	0.909090909090909	1	"INTRON|nAChRalpha3"	"prop005_24h"	-0.244921	0.050092	1.01135e-06	0.997701299602729	TRUE	-0.0118854119864578	TRUE	TRUE	FALSE
"MovingShapePC1"	"X_8318357"	1	8318357	"C"	"A"	0.25	-0.244923	0.0502799	1.1093e-06	"C"	"A"	-0.244921	0.050092	1.01135e-06	"C"	40	0.25	0.909090909090909	1	"INTRON|nAChRalpha3"	"prop001_24h"	-0.244921	0.050092	1.01135e-06	1.00000816589839	TRUE	-0.0401475341896287	TRUE	TRUE	FALSE
"MovingShapePC1"	"X_8318357"	1	8318357	"C"	"A"	0.25	-0.243146	0.0502085	1.28077e-06	"C"	"A"	-0.244921	0.050092	1.01135e-06	"C"	40	0.25	0.909090909090909	1	"INTRON|nAChRalpha3"	"zero_24h"	-0.244921	0.050092	1.01135e-06	0.992752765177343	TRUE	-0.102569667573619	TRUE	TRUE	FALSE
"MovingShapePC1"	"X_8318357"	1	8318357	"C"	"A"	0.25	-0.244401	0.0500481	1.04314e-06	"C"	"A"	-0.244921	0.050092	1.01135e-06	"C"	40	0.25	0.909090909090909	1	"INTRON|nAChRalpha3"	"prop01_48h"	-0.244921	0.050092	1.01135e-06	0.997876866418151	TRUE	-0.0134411202764912	TRUE	TRUE	FALSE
"NightPDoze"	"2L_10772724"	21	10772724	"A"	"C"	0.252941	-0.25438	0.0539731	2.43976e-06	"A"	"C"	-0.25413	0.0538983	2.41725e-06	"A"	43	0.252941176470588	0.965909090909091	2	"UTR_3_PRIME|CG31869"	"current_simulated"	-0.25413	0.0538983	2.41725e-06	1.00098374847519	TRUE	-0.00402553784367399	TRUE	TRUE	FALSE
"NightPDoze"	"2L_10772724"	21	10772724	"A"	"C"	0.252941	-0.236895	0.0528889	7.49537e-06	"A"	"C"	-0.25413	0.0538983	2.41725e-06	"A"	43	0.252941176470588	0.965909090909091	2	"UTR_3_PRIME|CG31869"	"recovery_aware"	-0.25413	0.0538983	2.41725e-06	0.932180380120411	TRUE	-0.491471507238519	TRUE	TRUE	FALSE
"NightPDoze"	"2L_10772724"	21	10772724	"A"	"C"	0.252941	-0.239607	0.0528871	5.88351e-06	"A"	"C"	-0.25413	0.0538983	2.41725e-06	"A"	43	0.252941176470588	0.965909090909091	2	"UTR_3_PRIME|CG31869"	"prop005_24h"	-0.25413	0.0538983	2.41725e-06	0.94285208357927	TRUE	-0.386314927041764	TRUE	TRUE	FALSE
"NightPDoze"	"2L_10772724"	21	10772724	"A"	"C"	0.252941	-0.240349	0.0529224	5.58458e-06	"A"	"C"	-0.25413	0.0538983	2.41725e-06	"A"	43	0.252941176470588	0.965909090909091	2	"UTR_3_PRIME|CG31869"	"prop001_24h"	-0.25413	0.0538983	2.41725e-06	0.945771849053634	TRUE	-0.363668947752383	TRUE	TRUE	FALSE
"NightPDoze"	"2L_10772724"	21	10772724	"A"	"C"	0.252941	-0.240396	0.0529153	5.54485e-06	"A"	"C"	-0.25413	0.0538983	2.41725e-06	"A"	43	0.252941176470588	0.965909090909091	2	"UTR_3_PRIME|CG31869"	"zero_24h"	-0.25413	0.0538983	2.41725e-06	0.94595679376697	TRUE	-0.360568233149508	TRUE	TRUE	FALSE
"NightPDoze"	"2L_10772724"	21	10772724	"A"	"C"	0.252941	-0.236817	0.0528751	7.50667e-06	"A"	"C"	-0.25413	0.0538983	2.41725e-06	"A"	43	0.252941176470588	0.965909090909091	2	"UTR_3_PRIME|CG31869"	"prop01_48h"	-0.25413	0.0538983	2.41725e-06	0.931873450596152	TRUE	-0.492125755403918	TRUE	TRUE	FALSE
"NightPDoze"	"2L_15610070"	21	15610070	"G"	"C"	0.1125	-0.319866	0.0744306	1.72729e-05	"G"	"C"	-0.319791	0.0743218	1.68655e-05	"G"	18	0.1125	0.909090909090909	10	"UPSTREAM|EXON_2L_15610171_15610746"	"current_simulated"	-0.319791	0.0743218	1.68655e-05	1.00023452817622	TRUE	-0.010366037768704	FALSE	FALSE	FALSE
"NightPDoze"	"2L_15610070"	21	15610070	"G"	"C"	0.1125	-0.332325	0.072645	4.77041e-06	"G"	"C"	-0.319791	0.0743218	1.68655e-05	"G"	18	0.1125	0.909090909090909	10	"UPSTREAM|EXON_2L_15610171_15610746"	"recovery_aware"	-0.319791	0.0743218	1.68655e-05	1.03919434880907	TRUE	0.548443514218007	FALSE	TRUE	FALSE
"NightPDoze"	"2L_15610070"	21	15610070	"G"	"C"	0.1125	-0.329774	0.072645	5.638e-06	"G"	"C"	-0.319791	0.0743218	1.68655e-05	"G"	18	0.1125	0.909090909090909	10	"UPSTREAM|EXON_2L_15610171_15610746"	"prop005_24h"	-0.319791	0.0743218	1.68655e-05	1.0312172637754	TRUE	0.47587414941342	FALSE	TRUE	FALSE
"NightPDoze"	"2L_15610070"	21	15610070	"G"	"C"	0.1125	-0.331423	0.0726874	5.126e-06	"G"	"C"	-0.319791	0.0743218	1.68655e-05	"G"	18	0.1125	0.909090909090909	10	"UPSTREAM|EXON_2L_15610171_15610746"	"prop001_24h"	-0.319791	0.0743218	1.68655e-05	1.03637375660979	TRUE	0.517220619100779	FALSE	TRUE	FALSE
"NightPDoze"	"2L_15610070"	21	15610070	"G"	"C"	0.1125	-0.331345	0.0726777	5.13736e-06	"G"	"C"	-0.319791	0.0743218	1.68655e-05	"G"	18	0.1125	0.909090909090909	10	"UPSTREAM|EXON_2L_15610171_15610746"	"zero_24h"	-0.319791	0.0743218	1.68655e-05	1.03612984730652	TRUE	0.516259221014935	FALSE	TRUE	FALSE
"NightPDoze"	"2L_15610070"	21	15610070	"G"	"C"	0.1125	-0.331927	0.0726213	4.86191e-06	"G"	"C"	-0.319791	0.0743218	1.68655e-05	"G"	18	0.1125	0.909090909090909	10	"UPSTREAM|EXON_2L_15610171_15610746"	"prop01_48h"	-0.319791	0.0743218	1.68655e-05	1.03794978595395	TRUE	0.540192305698195	FALSE	TRUE	FALSE
"NightPDoze"	"2L_20529112"	21	20529112	"TGTGGAC"	"T"	0.365854	-0.216598	0.0475053	5.12909e-06	"TGTGGAC"	"T"	-0.216992	0.0474329	4.76885e-06	"TGTGGAC"	60	0.365853658536585	0.931818181818182	4	"INTRAGENIC|FBtr0304344"	"current_simulated"	-0.216992	0.0474329	4.76885e-06	0.998184264857691	TRUE	-0.0316266573897002	TRUE	TRUE	FALSE
"NightPDoze"	"2L_20529112"	21	20529112	"TGTGGAC"	"T"	0.365854	-0.194221	0.0461553	2.57644e-05	"TGTGGAC"	"T"	-0.216992	0.0474329	4.76885e-06	"TGTGGAC"	60	0.365853658536585	0.931818181818182	4	"INTRAGENIC|FBtr0304344"	"recovery_aware"	-0.216992	0.0474329	4.76885e-06	0.895060647397139	TRUE	-0.732606370791527	TRUE	FALSE	FALSE
"NightPDoze"	"2L_20529112"	21	20529112	"TGTGGAC"	"T"	0.365854	-0.193658	0.0461577	2.72174e-05	"TGTGGAC"	"T"	-0.216992	0.0474329	4.76885e-06	"TGTGGAC"	60	0.365853658536585	0.931818181818182	4	"INTRAGENIC|FBtr0304344"	"prop005_24h"	-0.216992	0.0474329	4.76885e-06	0.892466081698865	TRUE	-0.756432973648901	TRUE	FALSE	FALSE
"NightPDoze"	"2L_20529112"	21	20529112	"TGTGGAC"	"T"	0.365854	-0.193975	0.0461785	2.66271e-05	"TGTGGAC"	"T"	-0.216992	0.0474329	4.76885e-06	"TGTGGAC"	60	0.365853658536585	0.931818181818182	4	"INTRAGENIC|FBtr0304344"	"prop001_24h"	-0.216992	0.0474329	4.76885e-06	0.893926965049403	TRUE	-0.746910207012508	TRUE	FALSE	FALSE
"NightPDoze"	"2L_20529112"	21	20529112	"TGTGGAC"	"T"	0.365854	-0.194	0.0461725	2.64987e-05	"TGTGGAC"	"T"	-0.216992	0.0474329	4.76885e-06	"TGTGGAC"	60	0.365853658536585	0.931818181818182	4	"INTRAGENIC|FBtr0304344"	"zero_24h"	-0.216992	0.0474329	4.76885e-06	0.894042176670108	TRUE	-0.744810906105752	TRUE	FALSE	FALSE
"NightPDoze"	"2L_20529112"	21	20529112	"TGTGGAC"	"T"	0.365854	-0.194538	0.0461353	2.47921e-05	"TGTGGAC"	"T"	-0.216992	0.0474329	4.76885e-06	"TGTGGAC"	60	0.365853658536585	0.931818181818182	4	"INTRAGENIC|FBtr0304344"	"prop01_48h"	-0.216992	0.0474329	4.76885e-06	0.896521530747677	TRUE	-0.715899652684058	TRUE	FALSE	FALSE
"NightPDoze"	"3L_1311540"	31	1311540	"C"	"T"	0.267442	-0.21902	0.0510567	1.78884e-05	"C"	"T"	-0.219883	0.0509793	1.60927e-05	"C"	46	0.267441860465116	0.977272727272727	8	"SYNONYMOUS_CODING|Ctr9"	"current_simulated"	-0.219883	0.0509793	1.60927e-05	0.996075185439529	TRUE	-0.0459425822684922	FALSE	FALSE	FALSE
"NightPDoze"	"3L_1311540"	31	1311540	"C"	"T"	0.267442	-0.208683	0.0496482	2.6313e-05	"C"	"T"	-0.219883	0.0509793	1.60927e-05	"C"	46	0.267441860465116	0.977272727272727	8	"SYNONYMOUS_CODING|Ctr9"	"recovery_aware"	-0.219883	0.0509793	1.60927e-05	0.949063820304435	TRUE	-0.213541450483741	FALSE	FALSE	FALSE
"NightPDoze"	"3L_1311540"	31	1311540	"C"	"T"	0.267442	-0.209157	0.0496503	2.52435e-05	"C"	"T"	-0.219883	0.0509793	1.60927e-05	"C"	46	0.267441860465116	0.977272727272727	8	"SYNONYMOUS_CODING|Ctr9"	"prop005_24h"	-0.219883	0.0509793	1.60927e-05	0.951219512195122	TRUE	-0.195520654238466	FALSE	FALSE	FALSE
"NightPDoze"	"3L_1311540"	31	1311540	"C"	"T"	0.267442	-0.209126	0.0496741	2.55418e-05	"C"	"T"	-0.219883	0.0509793	1.60927e-05	"C"	46	0.267441860465116	0.977272727272727	8	"SYNONYMOUS_CODING|Ctr9"	"prop001_24h"	-0.219883	0.0509793	1.60927e-05	0.951078528126322	TRUE	-0.200622584672946	FALSE	FALSE	FALSE
"NightPDoze"	"3L_1311540"	31	1311540	"C"	"T"	0.267442	-0.20916	0.0496676	2.54017e-05	"C"	"T"	-0.219883	0.0509793	1.60927e-05	"C"	46	0.267441860465116	0.977272727272727	8	"SYNONYMOUS_CODING|Ctr9"	"zero_24h"	-0.219883	0.0509793	1.60927e-05	0.951233155814683	TRUE	-0.198233867356454	FALSE	FALSE	FALSE
"NightPDoze"	"3L_1311540"	31	1311540	"C"	"T"	0.267442	-0.208554	0.0496279	2.64153e-05	"C"	"T"	-0.219883	0.0509793	1.60927e-05	"C"	46	0.267441860465116	0.977272727272727	8	"SYNONYMOUS_CODING|Ctr9"	"prop01_48h"	-0.219883	0.0509793	1.60927e-05	0.948477144663298	TRUE	-0.21522663211271	FALSE	FALSE	FALSE
"NightPDoze"	"3L_18862904"	31	18862904	"A"	"T"	0.263473	0.238144	0.0525792	5.91956e-06	"A"	"T"	0.238467	0.052506	5.57965e-06	"A"	44	0.263473053892216	0.948863636363636	5	"UPSTREAM|CG6865"	"current_simulated"	0.238467	0.052506	5.57965e-06	0.998645514893046	TRUE	-0.0256824694894799	TRUE	TRUE	FALSE
"NightPDoze"	"3L_18862904"	31	18862904	"A"	"T"	0.263473	0.216816	0.0515119	2.56449e-05	"A"	"T"	0.238467	0.052506	5.57965e-06	"A"	44	0.263473053892216	0.948863636363636	5	"UPSTREAM|CG6865"	"recovery_aware"	0.238467	0.052506	5.57965e-06	0.909207563310647	TRUE	-0.66239405252257	TRUE	FALSE	FALSE
"NightPDoze"	"3L_18862904"	31	18862904	"A"	"T"	0.263473	0.211526	0.0515101	4.01707e-05	"A"	"T"	0.238467	0.052506	5.57965e-06	"A"	44	0.263473053892216	0.948863636363636	5	"UPSTREAM|CG6865"	"prop005_24h"	0.238467	0.052506	5.57965e-06	0.887024200413474	TRUE	-0.8573024422653	TRUE	FALSE	FALSE
"NightPDoze"	"3L_18862904"	31	18862904	"A"	"T"	0.263473	0.211066	0.0515445	4.2247e-05	"A"	"T"	0.238467	0.052506	5.57965e-06	"A"	44	0.263473053892216	0.948863636363636	5	"UPSTREAM|CG6865"	"prop001_24h"	0.238467	0.052506	5.57965e-06	0.885095212335459	TRUE	-0.879188917322922	TRUE	FALSE	FALSE
"NightPDoze"	"3L_18862904"	31	18862904	"A"	"T"	0.263473	0.211006	0.0515376	4.23623e-05	"A"	"T"	0.238467	0.052506	5.57965e-06	"A"	44	0.263473053892216	0.948863636363636	5	"UPSTREAM|CG6865"	"zero_24h"	0.238467	0.052506	5.57965e-06	0.884843605194849	TRUE	-0.880372574078388	TRUE	FALSE	FALSE
"NightPDoze"	"3L_18862904"	31	18862904	"A"	"T"	0.263473	0.216268	0.0514986	2.67504e-05	"A"	"T"	0.238467	0.052506	5.57965e-06	"A"	44	0.263473053892216	0.948863636363636	5	"UPSTREAM|CG6865"	"prop01_48h"	0.238467	0.052506	5.57965e-06	0.906909551426403	TRUE	-0.680723323041876	TRUE	FALSE	FALSE
"NightPDoze"	"3L_2547295"	31	2547295	"CCA"	"C"	0.476471	0.220088	0.0447529	8.74996e-07	"CCA"	"C"	0.219922	0.0446847	8.5825e-07	"CCA"	81	0.476470588235294	0.965909090909091	1	"INTRON|Spn"	"current_simulated"	0.219922	0.0446847	8.5825e-07	1.00075481307009	TRUE	-0.00839225557378498	TRUE	TRUE	FALSE
"NightPDoze"	"3L_2547295"	31	2547295	"CCA"	"C"	0.476471	0.206979	0.0434949	1.94843e-06	"CCA"	"C"	0.219922	0.0446847	8.5825e-07	"CCA"	81	0.476470588235294	0.965909090909091	1	"INTRON|Spn"	"recovery_aware"	0.219922	0.0446847	8.5825e-07	0.941147315866534	TRUE	-0.356070995690753	TRUE	TRUE	FALSE
"NightPDoze"	"3L_2547295"	31	2547295	"CCA"	"C"	0.476471	0.207671	0.0434969	1.80254e-06	"CCA"	"C"	0.219922	0.0446847	8.5825e-07	"CCA"	81	0.476470588235294	0.965909090909091	1	"INTRON|Spn"	"prop005_24h"	0.219922	0.0446847	8.5825e-07	0.944293886014132	TRUE	-0.322271098789672	TRUE	TRUE	FALSE
"NightPDoze"	"3L_2547295"	31	2547295	"CCA"	"C"	0.476471	0.207586	0.0435172	1.84031e-06	"CCA"	"C"	0.219922	0.0446847	8.5825e-07	"CCA"	81	0.476470588235294	0.965909090909091	1	"INTRON|Spn"	"prop001_24h"	0.219922	0.0446847	8.5825e-07	0.943907385345713	TRUE	-0.33127717392775	TRUE	TRUE	FALSE
"NightPDoze"	"3L_2547295"	31	2547295	"CCA"	"C"	0.476471	0.207647	0.0435115	1.82184e-06	"CCA"	"C"	0.219922	0.0446847	8.5825e-07	"CCA"	81	0.476470588235294	0.965909090909091	1	"INTRON|Spn"	"zero_24h"	0.219922	0.0446847	8.5825e-07	0.944184756413638	TRUE	-0.326896421039571	TRUE	TRUE	FALSE
"NightPDoze"	"3L_2547295"	31	2547295	"CCA"	"C"	0.476471	0.206875	0.0434766	1.95223e-06	"CCA"	"C"	0.219922	0.0446847	8.5825e-07	"CCA"	81	0.476470588235294	0.965909090909091	1	"INTRON|Spn"	"prop01_48h"	0.219922	0.0446847	8.5825e-07	0.940674420931057	TRUE	-0.356917170211636	TRUE	TRUE	FALSE
"NightPDoze"	"3L_6298090"	31	6298090	"T"	"G"	0.185629	-0.265783	0.0578733	4.37981e-06	"T"	"G"	-0.265241	0.0577886	4.43577e-06	"T"	31	0.18562874251497	0.948863636363636	3	"INTERGENIC|unassigned"	"current_simulated"	-0.265241	0.0577886	4.43577e-06	1.00204342465908	TRUE	0.0055137485334944	TRUE	TRUE	FALSE
"NightPDoze"	"3L_6298090"	31	6298090	"T"	"G"	0.185629	-0.237839	0.056478	2.54037e-05	"T"	"G"	-0.265241	0.0577886	4.43577e-06	"T"	31	0.18562874251497	0.948863636363636	3	"INTERGENIC|unassigned"	"recovery_aware"	-0.265241	0.0577886	4.43577e-06	0.896690179874152	TRUE	-0.75792795601141	TRUE	FALSE	FALSE
"NightPDoze"	"3L_6298090"	31	6298090	"T"	"G"	0.185629	-0.23954	0.056478	2.22242e-05	"T"	"G"	-0.265241	0.0577886	4.43577e-06	"T"	31	0.18562874251497	0.948863636363636	3	"INTERGENIC|unassigned"	"prop005_24h"	-0.265241	0.0577886	4.43577e-06	0.903103215566221	TRUE	-0.699857117343004	TRUE	FALSE	FALSE
"NightPDoze"	"3L_6298090"	31	6298090	"T"	"G"	0.185629	-0.238978	0.0565108	2.34845e-05	"T"	"G"	-0.265241	0.0577886	4.43577e-06	"T"	31	0.18562874251497	0.948863636363636	3	"INTERGENIC|unassigned"	"prop001_24h"	-0.265241	0.0577886	4.43577e-06	0.900984387783186	TRUE	-0.723812298840257	TRUE	FALSE	FALSE
"NightPDoze"	"3L_6298090"	31	6298090	"T"	"G"	0.185629	-0.23902	0.0565033	2.33497e-05	"T"	"G"	-0.265241	0.0577886	4.43577e-06	"T"	31	0.18562874251497	0.948863636363636	3	"INTERGENIC|unassigned"	"zero_24h"	-0.265241	0.0577886	4.43577e-06	0.901142734343484	TRUE	-0.721312285695041	TRUE	FALSE	FALSE
"NightPDoze"	"3L_6298090"	31	6298090	"T"	"G"	0.185629	-0.237387	0.0564594	2.61591e-05	"T"	"G"	-0.265241	0.0577886	4.43577e-06	"T"	31	0.18562874251497	0.948863636363636	3	"INTERGENIC|unassigned"	"prop01_48h"	-0.265241	0.0577886	4.43577e-06	0.89498606927285	TRUE	-0.770653778700666	TRUE	FALSE	FALSE
"NightPDoze"	"3L_7668543"	31	7668543	"T"	"A"	0.178161	0.256977	0.0598141	1.73702e-05	"T"	"A"	0.257057	0.0597268	1.67832e-05	"T"	31	0.17816091954023	0.988636363636364	9	"SYNONYMOUS_CODING|Ank2"	"current_simulated"	0.257057	0.0597268	1.67832e-05	0.999688784977651	TRUE	-0.014930048978635	FALSE	FALSE	FALSE
"NightPDoze"	"3L_7668543"	31	7668543	"T"	"A"	0.178161	0.248222	0.0583729	2.11535e-05	"T"	"A"	0.257057	0.0597268	1.67832e-05	"T"	31	0.17816091954023	0.988636363636364	9	"SYNONYMOUS_CODING|Ank2"	"recovery_aware"	0.257057	0.0597268	1.67832e-05	0.965630190969318	TRUE	-0.100507464876459	FALSE	FALSE	FALSE
"NightPDoze"	"3L_7668543"	31	7668543	"T"	"A"	0.178161	0.2478	0.0583731	2.18494e-05	"T"	"A"	0.257057	0.0597268	1.67832e-05	"T"	31	0.17816091954023	0.988636363636364	9	"SYNONYMOUS_CODING|Ank2"	"prop005_24h"	0.257057	0.0597268	1.67832e-05	0.963988531726427	TRUE	-0.114564745484256	FALSE	FALSE	FALSE
"NightPDoze"	"3L_7668543"	31	7668543	"T"	"A"	0.178161	0.248117	0.0584067	2.15605e-05	"T"	"A"	0.257057	0.0597268	1.67832e-05	"T"	31	0.17816091954023	0.988636363636364	9	"SYNONYMOUS_CODING|Ank2"	"prop001_24h"	0.257057	0.0597268	1.67832e-05	0.965221721252485	TRUE	-0.108784058210492	FALSE	FALSE	FALSE
"NightPDoze"	"3L_7668543"	31	7668543	"T"	"A"	0.178161	0.248197	0.058399	2.13741e-05	"T"	"A"	0.257057	0.0597268	1.67832e-05	"T"	31	0.17816091954023	0.988636363636364	9	"SYNONYMOUS_CODING|Ank2"	"zero_24h"	0.257057	0.0597268	1.67832e-05	0.965532936274834	TRUE	-0.105013066979936	FALSE	FALSE	FALSE
"NightPDoze"	"3L_7668543"	31	7668543	"T"	"A"	0.178161	0.248811	0.0583535	2.00925e-05	"T"	"A"	0.257057	0.0597268	1.67832e-05	"T"	31	0.17816091954023	0.988636363636364	9	"SYNONYMOUS_CODING|Ank2"	"prop01_48h"	0.257057	0.0597268	1.67832e-05	0.967921511571364	TRUE	-0.0781592070480635	FALSE	FALSE	FALSE
"NightPDoze"	"3R_13899553"	32	13899553	"A"	"T"	0.196532	-0.2523	0.0559136	6.41207e-06	"A"	"T"	-0.252816	0.0558357	5.95833e-06	"A"	34	0.196531791907514	0.982954545454545	6	"INTERGENIC|unassigned"	"current_simulated"	-0.252816	0.0558357	5.95833e-06	0.997958989937346	TRUE	-0.0318737020709214	TRUE	TRUE	FALSE
"NightPDoze"	"3R_13899553"	32	13899553	"A"	"T"	0.196532	-0.248368	0.0547935	5.82066e-06	"A"	"T"	-0.252816	0.0558357	5.95833e-06	"A"	34	0.196531791907514	0.982954545454545	6	"INTERGENIC|unassigned"	"recovery_aware"	-0.252816	0.0558357	5.95833e-06	0.982406176824252	TRUE	0.0101523210441599	TRUE	TRUE	FALSE
"NightPDoze"	"3R_13899553"	32	13899553	"A"	"T"	0.196532	-0.245687	0.0547914	7.32394e-06	"A"	"T"	-0.252816	0.0558357	5.95833e-06	"A"	34	0.196531791907514	0.982954545454545	6	"INTERGENIC|unassigned"	"prop005_24h"	-0.252816	0.0558357	5.95833e-06	0.971801626479337	TRUE	-0.0896202249769882	TRUE	TRUE	FALSE
"NightPDoze"	"3R_13899553"	32	13899553	"A"	"T"	0.196532	-0.245079	0.0548287	7.82516e-06	"A"	"T"	-0.252816	0.0558357	5.95833e-06	"A"	34	0.196531791907514	0.982954545454545	6	"INTERGENIC|unassigned"	"prop001_24h"	-0.252816	0.0558357	5.95833e-06	0.96939671539776	TRUE	-0.11836867347902	TRUE	TRUE	FALSE
"NightPDoze"	"3R_13899553"	32	13899553	"A"	"T"	0.196532	-0.244999	0.0548213	7.85671e-06	"A"	"T"	-0.252816	0.0558357	5.95833e-06	"A"	34	0.196531791907514	0.982954545454545	6	"INTERGENIC|unassigned"	"zero_24h"	-0.252816	0.0558357	5.95833e-06	0.969080279729131	TRUE	-0.120116170351658	TRUE	TRUE	FALSE
"NightPDoze"	"3R_13899553"	32	13899553	"A"	"T"	0.196532	-0.248235	0.0547799	5.85697e-06	"A"	"T"	-0.252816	0.0558357	5.95833e-06	"A"	34	0.196531791907514	0.982954545454545	6	"INTERGENIC|unassigned"	"prop01_48h"	-0.252816	0.0558357	5.95833e-06	0.981880102525157	TRUE	0.00745155325858438	TRUE	TRUE	FALSE
"NightPDoze"	"3R_23894037"	32	23894037	"G"	"A"	0.164634	-0.27422	0.0625136	1.15157e-05	"G"	"A"	-0.27453	0.0624188	1.09154e-05	"G"	27	0.164634146341463	0.931818181818182	7	"UPSTREAM|tbrd-1"	"current_simulated"	-0.27453	0.0624188	1.09154e-05	0.998870797362765	TRUE	-0.023250687114543	FALSE	FALSE	FALSE
"NightPDoze"	"3R_23894037"	32	23894037	"G"	"A"	0.164634	-0.240574	0.0608058	7.60763e-05	"G"	"A"	-0.27453	0.0624188	1.09154e-05	"G"	27	0.164634146341463	0.931818181818182	7	"UPSTREAM|tbrd-1"	"recovery_aware"	-0.27453	0.0624188	1.09154e-05	0.876312242742141	TRUE	-0.843209727100809	FALSE	FALSE	FALSE
"NightPDoze"	"3R_23894037"	32	23894037	"G"	"A"	0.164634	-0.238033	0.0608079	9.059e-05	"G"	"A"	-0.27453	0.0624188	1.09154e-05	"G"	27	0.164634146341463	0.931818181818182	7	"UPSTREAM|tbrd-1"	"prop005_24h"	-0.27453	0.0624188	1.09154e-05	0.86705642370597	TRUE	-0.91904060439426	FALSE	FALSE	FALSE
"NightPDoze"	"3R_23894037"	32	23894037	"G"	"A"	0.164634	-0.238561	0.0608381	8.80955e-05	"G"	"A"	-0.27453	0.0624188	1.09154e-05	"G"	27	0.164634146341463	0.931818181818182	7	"UPSTREAM|tbrd-1"	"prop001_24h"	-0.27453	0.0624188	1.09154e-05	0.868979710778421	TRUE	-0.906914069549292	FALSE	FALSE	FALSE
"NightPDoze"	"3R_23894037"	32	23894037	"G"	"A"	0.164634	-0.238287	0.0608302	8.95645e-05	"G"	"A"	-0.27453	0.0624188	1.09154e-05	"G"	27	0.164634146341463	0.931818181818182	7	"UPSTREAM|tbrd-1"	"zero_24h"	-0.27453	0.0624188	1.09154e-05	0.867981641350672	TRUE	-0.914096250501682	FALSE	FALSE	FALSE
"NightPDoze"	"3R_23894037"	32	23894037	"G"	"A"	0.164634	-0.239602	0.0607818	8.08042e-05	"G"	"A"	-0.27453	0.0624188	1.09154e-05	"G"	27	0.164634146341463	0.931818181818182	7	"UPSTREAM|tbrd-1"	"prop01_48h"	-0.27453	0.0624188	1.09154e-05	0.872771646086038	TRUE	-0.869394279637415	FALSE	FALSE	FALSE
"NightPWake"	"2L_20321158"	21	20321158	"C"	"T"	0.490798	-0.247171	0.0533227	3.56293e-06	"C"	"T"	-0.24709	0.0532023	3.41134e-06	"C"	80	0.49079754601227	0.926136363636364	4	"INTRON|spir"	"current_simulated"	-0.24709	0.0532023	3.41134e-06	1.00032781577563	TRUE	-0.018882283314789	TRUE	TRUE	FALSE
"NightPWake"	"2L_20321158"	21	20321158	"C"	"T"	0.490798	-0.258605	0.0564405	4.60742e-06	"C"	"T"	-0.24709	0.0532023	3.41134e-06	"C"	80	0.49079754601227	0.926136363636364	4	"INTRON|spir"	"recovery_aware"	-0.24709	0.0532023	3.41134e-06	1.04660245254765	TRUE	-0.130532796528359	TRUE	TRUE	FALSE
"NightPWake"	"2L_20321158"	21	20321158	"C"	"T"	0.490798	-0.249631	0.0541402	4.01068e-06	"C"	"T"	-0.24709	0.0532023	3.41134e-06	"C"	80	0.49079754601227	0.926136363636364	4	"INTRON|spir"	"prop005_24h"	-0.24709	0.0532023	3.41134e-06	1.01028370229471	TRUE	-0.0702930056793312	TRUE	TRUE	FALSE
"NightPWake"	"2L_20321158"	21	20321158	"C"	"T"	0.490798	-0.254328	0.0553913	4.40115e-06	"C"	"T"	-0.24709	0.0532023	3.41134e-06	"C"	80	0.49079754601227	0.926136363636364	4	"INTRON|spir"	"prop001_24h"	-0.24709	0.0532023	3.41134e-06	1.02929297017281	TRUE	-0.110641163795962	TRUE	TRUE	FALSE
"NightPWake"	"2L_20321158"	21	20321158	"C"	"T"	0.490798	-0.254372	0.0565628	6.88668e-06	"C"	"T"	-0.24709	0.0532023	3.41134e-06	"C"	80	0.49079754601227	0.926136363636364	4	"INTRON|spir"	"zero_24h"	-0.24709	0.0532023	3.41134e-06	1.02947104293982	TRUE	-0.305084896660011	TRUE	TRUE	FALSE
"NightPWake"	"2L_20321158"	21	20321158	"C"	"T"	0.490798	-0.249693	0.0535703	3.14618e-06	"C"	"T"	-0.24709	0.0532023	3.41134e-06	"C"	80	0.49079754601227	0.926136363636364	4	"INTRON|spir"	"prop01_48h"	-0.24709	0.0532023	3.41134e-06	1.01053462301186	TRUE	0.0351414406868429	TRUE	TRUE	FALSE
"NightPWake"	"2R_23639685"	22	23639685	"A"	"G"	0.264706	-0.267285	0.058617	5.11886e-06	"A"	"G"	-0.266868	0.0584713	5.0168e-06	"A"	45	0.264705882352941	0.965909090909091	5	"INTRON|retn"	"current_simulated"	-0.266868	0.0584713	5.0168e-06	1.00156257025945	TRUE	-0.00874646406095359	TRUE	TRUE	FALSE
"NightPWake"	"2R_23639685"	22	23639685	"A"	"G"	0.264706	-0.298465	0.0619542	1.45368e-06	"A"	"G"	-0.266868	0.0584713	5.0168e-06	"A"	45	0.264705882352941	0.965909090909091	5	"INTRON|retn"	"recovery_aware"	-0.266868	0.0584713	5.0168e-06	1.11839935848434	TRUE	0.537957972392386	TRUE	TRUE	FALSE
"NightPWake"	"2R_23639685"	22	23639685	"A"	"G"	0.264706	-0.271997	0.0594793	4.80882e-06	"A"	"G"	-0.266868	0.0584713	5.0168e-06	"A"	45	0.264705882352941	0.965909090909091	5	"INTRON|retn"	"prop005_24h"	-0.266868	0.0584713	5.0168e-06	1.0192192394742	TRUE	0.0183882665616046	TRUE	TRUE	FALSE
"NightPWake"	"2R_23639685"	22	23639685	"A"	"G"	0.264706	-0.287021	0.0608561	2.40061e-06	"A"	"G"	-0.266868	0.0584713	5.0168e-06	"A"	45	0.264705882352941	0.965909090909091	5	"INTRON|retn"	"prop001_24h"	-0.266868	0.0584713	5.0168e-06	1.07551673486518	TRUE	0.320105176900356	TRUE	TRUE	FALSE
"NightPWake"	"2R_23639685"	22	23639685	"A"	"G"	0.264706	-0.299891	0.0622177	1.43542e-06	"A"	"G"	-0.266868	0.0584713	5.0168e-06	"A"	45	0.264705882352941	0.965909090909091	5	"INTRON|retn"	"zero_24h"	-0.266868	0.0584713	5.0168e-06	1.12374282416775	TRUE	0.543447794715132	TRUE	TRUE	FALSE
"NightPWake"	"2R_23639685"	22	23639685	"A"	"G"	0.264706	-0.267324	0.0588648	5.59035e-06	"A"	"G"	-0.266868	0.0584713	5.0168e-06	"A"	45	0.264705882352941	0.965909090909091	5	"INTRON|retn"	"prop01_48h"	-0.266868	0.0584713	5.0168e-06	1.00170870992401	TRUE	-0.0470122112300908	TRUE	TRUE	FALSE
"NightPWake"	"2R_5727338"	22	5727338	"A"	"G"	0.128655	0.334967	0.0755379	9.23219e-06	"A"	"G"	0.334557	0.0753491	8.99195e-06	"A"	22	0.128654970760234	0.971590909090909	8	"INTRON|ap"	"current_simulated"	0.334557	0.0753491	8.99195e-06	1.00122550118515	TRUE	-0.0114508504314523	TRUE	TRUE	FALSE
"NightPWake"	"2R_5727338"	22	5727338	"A"	"G"	0.128655	0.352172	0.0798319	1.02695e-05	"A"	"G"	0.334557	0.0753491	8.99195e-06	"A"	22	0.128654970760234	0.971590909090909	8	"INTRON|ap"	"recovery_aware"	0.334557	0.0753491	8.99195e-06	1.05265171555221	TRUE	-0.0576954159175802	TRUE	FALSE	FALSE
"NightPWake"	"2R_5727338"	22	5727338	"A"	"G"	0.128655	0.339764	0.0766465	9.2986e-06	"A"	"G"	0.334557	0.0753491	8.99195e-06	"A"	22	0.128654970760234	0.971590909090909	8	"INTRON|ap"	"prop005_24h"	0.334557	0.0753491	8.99195e-06	1.0155638650514	TRUE	-0.0145636826440221	TRUE	TRUE	FALSE
"NightPWake"	"2R_5727338"	22	5727338	"A"	"G"	0.128655	0.353341	0.0784208	6.61555e-06	"A"	"G"	0.334557	0.0753491	8.99195e-06	"A"	22	0.128654970760234	0.971590909090909	8	"INTRON|ap"	"prop001_24h"	0.334557	0.0753491	8.99195e-06	1.05614588844352	TRUE	0.133287927161514	TRUE	TRUE	FALSE
"NightPWake"	"2R_5727338"	22	5727338	"A"	"G"	0.128655	0.359603	0.0801808	7.29463e-06	"A"	"G"	0.334557	0.0753491	8.99195e-06	"A"	22	0.128654970760234	0.971590909090909	8	"INTRON|ap"	"zero_24h"	0.334557	0.0753491	8.99195e-06	1.07486317727622	TRUE	0.0908506149269765	TRUE	TRUE	FALSE
"NightPWake"	"2R_5727338"	22	5727338	"A"	"G"	0.128655	0.329407	0.0758555	1.40831e-05	"A"	"G"	0.334557	0.0753491	8.99195e-06	"A"	22	0.128654970760234	0.971590909090909	8	"INTRON|ap"	"prop01_48h"	0.334557	0.0753491	8.99195e-06	0.984606509503612	TRUE	-0.194844379770329	TRUE	FALSE	FALSE
"NightPWake"	"2R_7954848"	22	7954848	"T"	"A"	0.179012	-0.311865	0.0711242	1.16096e-05	"T"	"A"	-0.311352	0.0709548	1.14377e-05	"T"	29	0.179012345679012	0.920454545454545	9	"INTRON|CG14764"	"current_simulated"	-0.311352	0.0709548	1.14377e-05	1.00164765281739	TRUE	-0.00647855547940779	FALSE	FALSE	FALSE
"NightPWake"	"2R_7954848"	22	7954848	"T"	"A"	0.179012	-0.311845	0.0752237	3.38971e-05	"T"	"A"	-0.311352	0.0709548	1.14377e-05	"T"	29	0.179012345679012	0.920454545454545	9	"INTRON|CG14764"	"recovery_aware"	-0.311352	0.0709548	1.14377e-05	1.0015834168401	TRUE	-0.471823843350012	FALSE	FALSE	FALSE
"NightPWake"	"2R_7954848"	22	7954848	"T"	"A"	0.179012	-0.313886	0.0721908	1.37377e-05	"T"	"A"	-0.311352	0.0709548	1.14377e-05	"T"	29	0.179012345679012	0.920454545454545	9	"INTRON|CG14764"	"prop005_24h"	-0.311352	0.0709548	1.14377e-05	1.00813869832216	TRUE	-0.0795753269155739	FALSE	FALSE	FALSE
"NightPWake"	"2R_7954848"	22	7954848	"T"	"A"	0.179012	-0.305638	0.0738605	3.50287e-05	"T"	"A"	-0.311352	0.0709548	1.14377e-05	"T"	29	0.179012345679012	0.920454545454545	9	"INTRON|CG14764"	"prop001_24h"	-0.311352	0.0709548	1.14377e-05	0.981647781289345	TRUE	-0.486085318666845	FALSE	FALSE	FALSE
"NightPWake"	"2R_7954848"	22	7954848	"T"	"A"	0.179012	-0.312521	0.0754713	3.45909e-05	"T"	"A"	-0.311352	0.0709548	1.14377e-05	"T"	29	0.179012345679012	0.920454545454545	9	"INTRON|CG14764"	"zero_24h"	-0.311352	0.0709548	1.14377e-05	1.00375459287238	TRUE	-0.480623160581955	FALSE	FALSE	FALSE
"NightPWake"	"2R_7954848"	22	7954848	"T"	"A"	0.179012	-0.311413	0.0714385	1.30554e-05	"T"	"A"	-0.311352	0.0709548	1.14377e-05	"T"	29	0.179012345679012	0.920454545454545	9	"INTRON|CG14764"	"prop01_48h"	-0.311352	0.0709548	1.14377e-05	1.00019591973072	TRUE	-0.0574514813364964	FALSE	FALSE	FALSE
"NightPWake"	"3L_2125773"	31	2125773	"G"	"A"	0.366279	-0.236425	0.0543916	1.38187e-05	"G"	"A"	-0.23649	0.0542598	1.30969e-05	"G"	63	0.366279069767442	0.977272727272727	10	"SYNONYMOUS_CODING|zormin"	"current_simulated"	-0.23649	0.0542598	1.30969e-05	0.999725146940674	TRUE	-0.0232986770070944	FALSE	FALSE	FALSE
"NightPWake"	"3L_2125773"	31	2125773	"G"	"A"	0.366279	-0.243871	0.0575122	2.23183e-05	"G"	"A"	-0.23649	0.0542598	1.30969e-05	"G"	63	0.366279069767442	0.977272727272727	10	"SYNONYMOUS_CODING|zormin"	"recovery_aware"	-0.23649	0.0542598	1.30969e-05	1.03121062201362	TRUE	-0.231492599503886	FALSE	FALSE	FALSE
"NightPWake"	"3L_2125773"	31	2125773	"G"	"A"	0.366279	-0.235445	0.0552013	1.99709e-05	"G"	"A"	-0.23649	0.0542598	1.30969e-05	"G"	63	0.366279069767442	0.977272727272727	10	"SYNONYMOUS_CODING|zormin"	"prop005_24h"	-0.23649	0.0542598	1.30969e-05	0.995581208507759	TRUE	-0.183229125523104	FALSE	FALSE	FALSE
"NightPWake"	"3L_2125773"	31	2125773	"G"	"A"	0.366279	-0.23751	0.0564784	2.60708e-05	"G"	"A"	-0.23649	0.0542598	1.30969e-05	"G"	63	0.366279069767442	0.977272727272727	10	"SYNONYMOUS_CODING|zormin"	"prop001_24h"	-0.23649	0.0542598	1.30969e-05	1.00431307877712	TRUE	-0.298985846473363	FALSE	FALSE	FALSE
"NightPWake"	"3L_2125773"	31	2125773	"G"	"A"	0.366279	-0.24165	0.0577227	2.83427e-05	"G"	"A"	-0.23649	0.0542598	1.30969e-05	"G"	63	0.366279069767442	0.977272727272727	10	"SYNONYMOUS_CODING|zormin"	"zero_24h"	-0.23649	0.0542598	1.30969e-05	1.02181910440188	TRUE	-0.335272708397347	FALSE	FALSE	FALSE
"NightPWake"	"3L_2125773"	31	2125773	"G"	"A"	0.366279	-0.236181	0.0546279	1.53607e-05	"G"	"A"	-0.23649	0.0542598	1.30969e-05	"G"	63	0.366279069767442	0.977272727272727	10	"SYNONYMOUS_CODING|zormin"	"prop01_48h"	-0.23649	0.0542598	1.30969e-05	0.99869339084105	TRUE	-0.0692424957935796	FALSE	FALSE	FALSE
"NightPWake"	"3L_3724365"	31	3724365	"A"	"G"	0.47619	-0.256697	0.0521672	8.62505e-07	"A"	"G"	-0.25602	0.052044	8.6859e-07	"A"	80	0.476190476190476	0.954545454545455	1	"INTRON|CG32264"	"current_simulated"	-0.25602	0.052044	8.6859e-07	1.00264432466214	TRUE	0.00305320367377249	TRUE	TRUE	FALSE
"NightPWake"	"3L_3724365"	31	3724365	"A"	"G"	0.47619	-0.266328	0.0551811	1.38998e-06	"A"	"G"	-0.25602	0.052044	8.6859e-07	"A"	80	0.476190476190476	0.954545454545455	1	"INTRON|CG32264"	"recovery_aware"	-0.25602	0.052044	8.6859e-07	1.04026247949379	TRUE	-0.204193726306715	TRUE	TRUE	FALSE
"NightPWake"	"3L_3724365"	31	3724365	"A"	"G"	0.47619	-0.262115	0.0529523	7.42034e-07	"A"	"G"	-0.25602	0.052044	8.6859e-07	"A"	80	0.476190476190476	0.954545454545455	1	"INTRON|CG32264"	"prop005_24h"	-0.25602	0.052044	8.6859e-07	1.02380673384892	TRUE	0.06839101995162	TRUE	TRUE	FALSE
"NightPWake"	"3L_3724365"	31	3724365	"A"	"G"	0.47619	-0.263697	0.0541769	1.13114e-06	"A"	"G"	-0.25602	0.052044	8.6859e-07	"A"	80	0.476190476190476	0.954545454545455	1	"INTRON|CG32264"	"prop001_24h"	-0.25602	0.052044	8.6859e-07	1.02998593859855	TRUE	-0.114701535359334	TRUE	TRUE	FALSE
"NightPWake"	"3L_3724365"	31	3724365	"A"	"G"	0.47619	-0.267038	0.0553528	1.40507e-06	"A"	"G"	-0.25602	0.052044	8.6859e-07	"A"	80	0.476190476190476	0.954545454545455	1	"INTRON|CG32264"	"zero_24h"	-0.25602	0.052044	8.6859e-07	1.04303570033591	TRUE	-0.208883136088645	TRUE	TRUE	FALSE
"NightPWake"	"3L_3724365"	31	3724365	"A"	"G"	0.47619	-0.260054	0.0523996	6.94482e-07	"A"	"G"	-0.25602	0.052044	8.6859e-07	"A"	80	0.476190476190476	0.954545454545455	1	"INTRON|CG32264"	"prop01_48h"	-0.25602	0.052044	8.6859e-07	1.01575658151707	TRUE	0.0971538311456817	TRUE	TRUE	FALSE
"NightPWake"	"3L_4047811"	31	4047811	"T"	"G"	0.270588	0.28147	0.0599035	2.61785e-06	"T"	"G"	0.280094	0.0597554	2.7678e-06	"T"	46	0.270588235294118	0.965909090909091	3	"INTRON|CG1136"	"current_simulated"	0.280094	0.0597554	2.7678e-06	1.00491263647204	TRUE	0.0241899466727409	TRUE	TRUE	FALSE
"NightPWake"	"3L_4047811"	31	4047811	"T"	"G"	0.270588	0.289694	0.0633201	4.76059e-06	"T"	"G"	0.280094	0.0597554	2.7678e-06	"T"	46	0.270588235294118	0.965909090909091	3	"INTRON|CG1136"	"recovery_aware"	0.280094	0.0597554	2.7678e-06	1.03427420794448	TRUE	-0.235526075011272	TRUE	TRUE	FALSE
"NightPWake"	"3L_4047811"	31	4047811	"T"	"G"	0.270588	0.288502	0.0607872	2.07376e-06	"T"	"G"	0.280094	0.0597554	2.7678e-06	"T"	46	0.270588235294118	0.965909090909091	3	"INTRON|CG1136"	"prop005_24h"	0.280094	0.0597554	2.7678e-06	1.03001849379137	TRUE	0.125376211717493	TRUE	TRUE	FALSE
"NightPWake"	"3L_4047811"	31	4047811	"T"	"G"	0.270588	0.297121	0.0621941	1.77642e-06	"T"	"G"	0.280094	0.0597554	2.7678e-06	"T"	46	0.270588235294118	0.965909090909091	3	"INTRON|CG1136"	"prop001_24h"	0.280094	0.0597554	2.7678e-06	1.06079030611152	TRUE	0.192589050915434	TRUE	TRUE	FALSE
"NightPWake"	"3L_4047811"	31	4047811	"T"	"G"	0.270588	0.299819	0.0635805	2.41013e-06	"T"	"G"	0.280094	0.0597554	2.7678e-06	"T"	46	0.270588235294118	0.965909090909091	3	"INTRON|CG1136"	"zero_24h"	0.280094	0.0597554	2.7678e-06	1.07042278663592	TRUE	0.0600942363755612	TRUE	TRUE	FALSE
"NightPWake"	"3L_4047811"	31	4047811	"T"	"G"	0.270588	0.281505	0.0601584	2.87705e-06	"T"	"G"	0.280094	0.0597554	2.7678e-06	"T"	46	0.270588235294118	0.965909090909091	3	"INTRON|CG1136"	"prop01_48h"	0.280094	0.0597554	2.7678e-06	1.00503759452184	TRUE	-0.0168127045297695	TRUE	TRUE	FALSE
"NightPWake"	"3R_15397393"	32	15397393	"C"	"T"	0.150943	0.345966	0.0769281	6.88333e-06	"C"	"T"	0.343148	0.0767556	7.7981e-06	"C"	24	0.150943396226415	0.903409090909091	6	"INTRON|Rbp"	"current_simulated"	0.343148	0.0767556	7.7981e-06	1.00821219998368	TRUE	0.0541902091616491	TRUE	TRUE	FALSE
"NightPWake"	"3R_15397393"	32	15397393	"C"	"T"	0.150943	0.337367	0.0814357	3.43179e-05	"C"	"T"	0.343148	0.0767556	7.7981e-06	"C"	24	0.150943396226415	0.903409090909091	6	"INTRON|Rbp"	"recovery_aware"	0.343148	0.0767556	7.7981e-06	0.983153041836175	TRUE	-0.643531904278309	TRUE	FALSE	FALSE
"NightPWake"	"3R_15397393"	32	15397393	"C"	"T"	0.150943	0.346234	0.078111	9.31103e-06	"C"	"T"	0.343148	0.0767556	7.7981e-06	"C"	24	0.150943396226415	0.903409090909091	6	"INTRON|Rbp"	"prop005_24h"	0.343148	0.0767556	7.7981e-06	1.00899320409852	TRUE	-0.0770089258186619	TRUE	TRUE	FALSE
"NightPWake"	"3R_15397393"	32	15397393	"C"	"T"	0.150943	0.332975	0.0799158	3.09207e-05	"C"	"T"	0.343148	0.0767556	7.7981e-06	"C"	24	0.150943396226415	0.903409090909091	6	"INTRON|Rbp"	"prop001_24h"	0.343148	0.0767556	7.7981e-06	0.970353899775024	TRUE	-0.59826051703529	TRUE	FALSE	FALSE
"NightPWake"	"3R_15397393"	32	15397393	"C"	"T"	0.150943	0.329376	0.0815992	5.42515e-05	"C"	"T"	0.343148	0.0767556	7.7981e-06	"C"	24	0.150943396226415	0.903409090909091	6	"INTRON|Rbp"	"zero_24h"	0.343148	0.0767556	7.7981e-06	0.959865713919358	TRUE	-0.842422950374658	TRUE	FALSE	FALSE
"NightPWake"	"3R_15397393"	32	15397393	"C"	"T"	0.150943	0.347403	0.0772877	6.95899e-06	"C"	"T"	0.343148	0.0767556	7.7981e-06	"C"	24	0.150943396226415	0.903409090909091	6	"INTRON|Rbp"	"prop01_48h"	0.343148	0.0767556	7.7981e-06	1.01239989742036	TRUE	0.0494425877036822	TRUE	TRUE	FALSE
"NightPWake"	"X_17878203"	1	17878203	"A"	"T"	0.4375	-0.246972	0.0523843	2.42175e-06	"A"	"T"	-0.246154	0.0522619	2.47708e-06	"A"	77	0.4375	1	2	"UTR_5_PRIME|mnb"	"current_simulated"	-0.246154	0.0522619	2.47708e-06	1.00332312292305	TRUE	0.00981072441738906	TRUE	TRUE	FALSE
"NightPWake"	"X_17878203"	1	17878203	"A"	"T"	0.4375	-0.263502	0.0554201	1.98811e-06	"A"	"T"	-0.246154	0.0522619	2.47708e-06	"A"	77	0.4375	1	2	"UTR_5_PRIME|mnb"	"recovery_aware"	-0.246154	0.0522619	2.47708e-06	1.07047620595237	TRUE	0.095499623050979	TRUE	TRUE	FALSE
"NightPWake"	"X_17878203"	1	17878203	"A"	"T"	0.4375	-0.24962	0.0531764	2.67666e-06	"A"	"T"	-0.246154	0.0522619	2.47708e-06	"A"	77	0.4375	1	2	"UTR_5_PRIME|mnb"	"prop005_24h"	-0.246154	0.0522619	2.47708e-06	1.01408061619961	TRUE	-0.0336531760515157	TRUE	TRUE	FALSE
"NightPWake"	"X_17878203"	1	17878203	"A"	"T"	0.4375	-0.25657	0.0544059	2.40707e-06	"A"	"T"	-0.246154	0.0522619	2.47708e-06	"A"	77	0.4375	1	2	"UTR_5_PRIME|mnb"	"prop001_24h"	-0.246154	0.0522619	2.47708e-06	1.04231497355314	TRUE	0.0124513126502288	TRUE	TRUE	FALSE
"NightPWake"	"X_17878203"	1	17878203	"A"	"T"	0.4375	-0.261501	0.0555795	2.53878e-06	"A"	"T"	-0.246154	0.0522619	2.47708e-06	"A"	77	0.4375	1	2	"UTR_5_PRIME|mnb"	"zero_24h"	-0.246154	0.0522619	2.47708e-06	1.06234714853303	TRUE	-0.0106850355442596	TRUE	TRUE	FALSE
"NightPWake"	"X_17878203"	1	17878203	"A"	"T"	0.4375	-0.249992	0.0526201	2.02529e-06	"A"	"T"	-0.246154	0.0522619	2.47708e-06	"A"	77	0.4375	1	2	"UTR_5_PRIME|mnb"	"prop01_48h"	-0.246154	0.0522619	2.47708e-06	1.01559186525508	TRUE	0.0874528144694891	TRUE	TRUE	FALSE
"NightPWake"	"X_9393204"	1	9393204	"C"	"G"	0.149425	0.318277	0.0713518	8.17013e-06	"C"	"G"	0.317946	0.0711753	7.92928e-06	"C"	26	0.149425287356322	0.988636363636364	7	"INTRON|mgl"	"current_simulated"	0.317946	0.0711753	7.92928e-06	1.00104105728646	TRUE	-0.0129952129177884	TRUE	TRUE	FALSE
"NightPWake"	"X_9393204"	1	9393204	"C"	"G"	0.149425	0.327586	0.0754204	1.40254e-05	"C"	"G"	0.317946	0.0711753	7.92928e-06	"C"	26	0.149425287356322	0.988636363636364	7	"INTRON|mgl"	"recovery_aware"	0.317946	0.0711753	7.92928e-06	1.03031961402251	TRUE	-0.247681502048794	TRUE	FALSE	FALSE
"NightPWake"	"X_9393204"	1	9393204	"C"	"G"	0.149425	0.324878	0.0724041	7.22271e-06	"C"	"G"	0.317946	0.0711753	7.92928e-06	"C"	26	0.149425287356322	0.988636363636364	7	"INTRON|mgl"	"prop005_24h"	0.317946	0.0711753	7.92928e-06	1.02180244444025	TRUE	0.0405335762039289	TRUE	TRUE	FALSE
"NightPWake"	"X_9393204"	1	9393204	"C"	"G"	0.149425	0.335513	0.0740799	5.92446e-06	"C"	"G"	0.317946	0.0711753	7.92928e-06	"C"	26	0.149425287356322	0.988636363636364	7	"INTRON|mgl"	"prop001_24h"	0.317946	0.0711753	7.92928e-06	1.05525152069848	TRUE	0.12658498238907	TRUE	TRUE	FALSE
"NightPWake"	"X_9393204"	1	9393204	"C"	"G"	0.149425	0.339416	0.0757317	7.40096e-06	"C"	"G"	0.317946	0.0711753	7.92928e-06	"C"	26	0.149425287356322	0.988636363636364	7	"INTRON|mgl"	"zero_24h"	0.317946	0.0711753	7.92928e-06	1.06752719015179	TRUE	0.0299456970156538	TRUE	TRUE	FALSE
"NightPWake"	"X_9393204"	1	9393204	"C"	"G"	0.149425	0.319381	0.0716552	8.30378e-06	"C"	"G"	0.317946	0.0711753	7.92928e-06	"C"	26	0.149425287356322	0.988636363636364	7	"INTRON|mgl"	"prop01_48h"	0.317946	0.0711753	7.92928e-06	1.00451334503343	TRUE	-0.0200420804788024	TRUE	TRUE	FALSE
"NightSleepChange"	"2L_12681166"	21	12681166	"C"	"T"	0.228395	-46.5034	10.7874	1.62594e-05	"C"	"T"	-46.371	10.7901	1.727e-05	"C"	37	0.228395061728395	0.920454545454545	9	"INTRON|pdm2"	"current_simulated"	-46.371	10.7901	1.727e-05	1.00285523279636	TRUE	0.0261878222317309	FALSE	FALSE	FALSE
"NightSleepChange"	"2L_12681166"	21	12681166	"C"	"T"	0.228395	-47.0913	10.8099	1.32282e-05	"C"	"T"	-46.371	10.7901	1.727e-05	"C"	37	0.228395061728395	0.920454545454545	9	"INTRON|pdm2"	"recovery_aware"	-46.371	10.7901	1.727e-05	1.0155334152811	TRUE	0.115791585084505	FALSE	FALSE	FALSE
"NightSleepChange"	"2L_12681166"	21	12681166	"C"	"T"	0.228395	-46.5515	10.7585	1.51198e-05	"C"	"T"	-46.371	10.7901	1.727e-05	"C"	37	0.228395061728395	0.920454545454545	9	"INTRON|pdm2"	"prop005_24h"	-46.371	10.7901	1.727e-05	1.00389251903129	TRUE	0.0577462910762687	FALSE	FALSE	FALSE
"NightSleepChange"	"2L_12681166"	21	12681166	"C"	"T"	0.228395	-46.5172	10.7837	1.60582e-05	"C"	"T"	-46.371	10.7901	1.727e-05	"C"	37	0.228395061728395	0.920454545454545	9	"INTRON|pdm2"	"prop001_24h"	-46.371	10.7901	1.727e-05	1.00315283258933	TRUE	0.031595474948503	FALSE	FALSE	FALSE
"NightSleepChange"	"2L_12681166"	21	12681166	"C"	"T"	0.228395	-46.7938	10.7874	1.43896e-05	"C"	"T"	-46.371	10.7901	1.727e-05	"C"	37	0.228395061728395	0.920454545454545	9	"INTRON|pdm2"	"zero_24h"	-46.371	10.7901	1.727e-05	1.00911776757025	TRUE	0.0792436159176653	FALSE	FALSE	FALSE
"NightSleepChange"	"2L_12681166"	21	12681166	"C"	"T"	0.228395	-46.7832	10.7795	1.42473e-05	"C"	"T"	-46.371	10.7901	1.727e-05	"C"	37	0.228395061728395	0.920454545454545	9	"INTRON|pdm2"	"prop01_48h"	-46.371	10.7901	1.727e-05	1.00888917642492	TRUE	0.0835597683950793	FALSE	FALSE	FALSE
"NightSleepChange"	"2L_6268648"	21	6268648	"A"	"G"	0.154321	-50.1393	11.7439	1.96014e-05	"A"	"G"	-50.4121	11.749	1.78068e-05	"A"	25	0.154320987654321	0.920454545454545	10	"INTRON|Ddr"	"current_simulated"	-50.4121	11.749	1.78068e-05	0.994588600752597	TRUE	-0.0417012104053027	FALSE	FALSE	FALSE
"NightSleepChange"	"2L_6268648"	21	6268648	"A"	"G"	0.154321	-50.1362	11.8162	2.20555e-05	"A"	"G"	-50.4121	11.749	1.78068e-05	"A"	25	0.154320987654321	0.920454545454545	10	"INTRON|Ddr"	"recovery_aware"	-50.4121	11.749	1.78068e-05	0.994527107579331	TRUE	-0.0929310268399171	FALSE	FALSE	FALSE
"NightSleepChange"	"2L_6268648"	21	6268648	"A"	"G"	0.154321	-49.5931	11.6738	2.15462e-05	"A"	"G"	-50.4121	11.749	1.78068e-05	"A"	25	0.154320987654321	0.920454545454545	10	"INTRON|Ddr"	"prop005_24h"	-50.4121	11.749	1.78068e-05	0.983753900353288	TRUE	-0.0827848059367646	FALSE	FALSE	FALSE
"NightSleepChange"	"2L_6268648"	21	6268648	"A"	"G"	0.154321	-50.4139	11.7529	1.79083e-05	"A"	"G"	-50.4121	11.749	1.78068e-05	"A"	25	0.154320987654321	0.920454545454545	10	"INTRON|Ddr"	"prop001_24h"	-50.4121	11.749	1.78068e-05	1.00003570571351	TRUE	-0.00246848019959423	FALSE	FALSE	FALSE
"NightSleepChange"	"2L_6268648"	21	6268648	"A"	"G"	0.154321	-50.0899	11.7584	2.04501e-05	"A"	"G"	-50.4121	11.749	1.78068e-05	"A"	25	0.154320987654321	0.920454545454545	10	"INTRON|Ddr"	"zero_24h"	-50.4121	11.749	1.78068e-05	0.993608677281843	TRUE	-0.0601095551498121	FALSE	FALSE	FALSE
"NightSleepChange"	"2L_6268648"	21	6268648	"A"	"G"	0.154321	-50.2221	11.7213	1.82987e-05	"A"	"G"	-50.4121	11.749	1.78068e-05	"A"	25	0.154320987654321	0.920454545454545	10	"INTRON|Ddr"	"prop01_48h"	-50.4121	11.749	1.78068e-05	0.996231063574023	TRUE	-0.011834356236232	FALSE	FALSE	FALSE
"NightSleepChange"	"2R_22391929"	22	22391929	"C"	"T"	0.409639	38.0172	8.633	1.06416e-05	"C"	"T"	37.931	8.63751	1.12608e-05	"C"	68	0.409638554216867	0.943181818181818	5	"SYNONYMOUS_CODING|CG13506"	"current_simulated"	37.931	8.63751	1.12608e-05	1.0022725475205	TRUE	0.0245623146650225	FALSE	FALSE	FALSE
"NightSleepChange"	"2R_22391929"	22	22391929	"C"	"T"	0.409639	38.3521	8.70168	1.04602e-05	"C"	"T"	37.931	8.63751	1.12608e-05	"C"	68	0.409638554216867	0.943181818181818	5	"SYNONYMOUS_CODING|CG13506"	"recovery_aware"	37.931	8.63751	1.12608e-05	1.01110173736522	TRUE	0.0320292567934404	FALSE	FALSE	FALSE
"NightSleepChange"	"2R_22391929"	22	22391929	"C"	"T"	0.409639	37.7136	8.56556	1.068e-05	"C"	"T"	37.931	8.63751	1.12608e-05	"C"	68	0.409638554216867	0.943181818181818	5	"SYNONYMOUS_CODING|CG13506"	"prop005_24h"	37.931	8.63751	1.12608e-05	0.994268540244128	TRUE	0.0229979924625603	FALSE	FALSE	FALSE
"NightSleepChange"	"2R_22391929"	22	22391929	"C"	"T"	0.409639	38.484	8.64422	8.5079e-06	"C"	"T"	37.931	8.63751	1.12608e-05	"C"	68	0.409638554216867	0.943181818181818	5	"SYNONYMOUS_CODING|CG13506"	"prop001_24h"	37.931	8.63751	1.12608e-05	1.01457910416282	TRUE	0.121746868496976	FALSE	TRUE	FALSE
"NightSleepChange"	"2R_22391929"	22	22391929	"C"	"T"	0.409639	38.3628	8.64881	9.18115e-06	"C"	"T"	37.931	8.63751	1.12608e-05	"C"	68	0.409638554216867	0.943181818181818	5	"SYNONYMOUS_CODING|CG13506"	"zero_24h"	37.931	8.63751	1.12608e-05	1.01138382853075	TRUE	0.0886721622791411	FALSE	TRUE	FALSE
"NightSleepChange"	"2R_22391929"	22	22391929	"C"	"T"	0.409639	38.1184	8.61094	9.56699e-06	"C"	"T"	37.931	8.63751	1.12608e-05	"C"	68	0.409638554216867	0.943181818181818	5	"SYNONYMOUS_CODING|CG13506"	"prop01_48h"	37.931	8.63751	1.12608e-05	1.00494054994595	TRUE	0.0707939251432537	FALSE	TRUE	FALSE
"NightSleepChange"	"2R_6256391"	22	6256391	"C"	"A"	0.185629	-54.6764	11.2	1.05102e-06	"C"	"A"	-54.6641	11.2016	1.06078e-06	"C"	31	0.18562874251497	0.948863636363636	2	"INTERGENIC|unassigned"	"current_simulated"	-54.6641	11.2016	1.06078e-06	1.00022501056452	TRUE	0.00401434257307276	TRUE	TRUE	FALSE
"NightSleepChange"	"2R_6256391"	22	6256391	"C"	"A"	0.185629	-56.3513	11.1951	4.8148e-07	"C"	"A"	-54.6641	11.2016	1.06078e-06	"C"	31	0.18562874251497	0.948863636363636	2	"INTERGENIC|unassigned"	"recovery_aware"	-54.6641	11.2016	1.06078e-06	1.03086486377714	TRUE	0.343047071072586	TRUE	TRUE	FALSE
"NightSleepChange"	"2R_6256391"	22	6256391	"C"	"A"	0.185629	-55.5437	11.1908	6.92954e-07	"C"	"A"	-54.6641	11.2016	1.06078e-06	"C"	31	0.18562874251497	0.948863636363636	2	"INTERGENIC|unassigned"	"prop005_24h"	-54.6641	11.2016	1.06078e-06	1.01609099939448	TRUE	0.184920916900611	TRUE	TRUE	FALSE
"NightSleepChange"	"2R_6256391"	22	6256391	"C"	"A"	0.185629	-55.5614	11.1888	6.84151e-07	"C"	"A"	-54.6641	11.2016	1.06078e-06	"C"	31	0.18562874251497	0.948863636363636	2	"INTERGENIC|unassigned"	"prop001_24h"	-54.6641	11.2016	1.06078e-06	1.01641479508489	TRUE	0.190473356837267	TRUE	TRUE	FALSE
"NightSleepChange"	"2R_6256391"	22	6256391	"C"	"A"	0.185629	-56.027	11.1917	5.55316e-07	"C"	"A"	-54.6641	11.2016	1.06078e-06	"C"	31	0.18562874251497	0.948863636363636	2	"INTERGENIC|unassigned"	"zero_24h"	-54.6641	11.2016	1.06078e-06	1.02493226816137	TRUE	0.281085136198113	TRUE	TRUE	FALSE
"NightSleepChange"	"2R_6256391"	22	6256391	"C"	"A"	0.185629	-54.9513	11.1995	9.2681e-07	"C"	"A"	-54.6641	11.2016	1.06078e-06	"C"	31	0.18562874251497	0.948863636363636	2	"INTERGENIC|unassigned"	"prop01_48h"	-54.6641	11.2016	1.06078e-06	1.00525390521384	TRUE	0.0586346118781478	TRUE	TRUE	FALSE
"NightSleepChange"	"2R_7202244"	22	7202244	"T"	"C"	0.207101	-44.3716	10.2836	1.59752e-05	"T"	"C"	-44.3595	10.2881	1.61993e-05	"T"	35	0.207100591715976	0.960227272727273	8	"INTRON|pk"	"current_simulated"	-44.3595	10.2881	1.61993e-05	1.00027277133421	TRUE	0.00604994435322404	FALSE	FALSE	FALSE
"NightSleepChange"	"2R_7202244"	22	7202244	"T"	"C"	0.207101	-44.0669	10.3482	2.059e-05	"T"	"C"	-44.3595	10.2881	1.61993e-05	"T"	35	0.207100591715976	0.960227272727273	8	"INTRON|pk"	"recovery_aware"	-44.3595	10.2881	1.61993e-05	0.993403893190861	TRUE	-0.104160098291793	FALSE	FALSE	FALSE
"NightSleepChange"	"2R_7202244"	22	7202244	"T"	"C"	0.207101	-43.9192	10.2199	1.72807e-05	"T"	"C"	-44.3595	10.2881	1.61993e-05	"T"	35	0.207100591715976	0.960227272727273	8	"INTRON|pk"	"prop005_24h"	-44.3595	10.2881	1.61993e-05	0.990074279466631	TRUE	-0.0280650824080695	FALSE	FALSE	FALSE
"NightSleepChange"	"2R_7202244"	22	7202244	"T"	"C"	0.207101	-44.0444	10.2919	1.87306e-05	"T"	"C"	-44.3595	10.2881	1.61993e-05	"T"	35	0.207100591715976	0.960227272727273	8	"INTRON|pk"	"prop001_24h"	-44.3595	10.2881	1.61993e-05	0.992896673767739	TRUE	-0.0630554410893378	FALSE	FALSE	FALSE
"NightSleepChange"	"2R_7202244"	22	7202244	"T"	"C"	0.207101	-43.7859	10.2968	2.11522e-05	"T"	"C"	-44.3595	10.2881	1.61993e-05	"T"	35	0.207100591715976	0.960227272727273	8	"INTRON|pk"	"zero_24h"	-44.3595	10.2881	1.61993e-05	0.987069286173199	TRUE	-0.115859295875192	FALSE	FALSE	FALSE
"NightSleepChange"	"2R_7202244"	22	7202244	"T"	"C"	0.207101	-44.1465	10.2631	1.69656e-05	"T"	"C"	-44.3595	10.2881	1.61993e-05	"T"	35	0.207100591715976	0.960227272727273	8	"INTRON|pk"	"prop01_48h"	-44.3595	10.2881	1.61993e-05	0.995198322794441	TRUE	-0.0200729750466664	FALSE	FALSE	FALSE
"NightSleepChange"	"3L_12509851"	31	12509851	"G"	"T"	0.421687	-39.1823	8.95035	1.19919e-05	"G"	"T"	-39.0974	8.95124	1.25493e-05	"G"	70	0.421686746987952	0.943181818181818	7	"SYNONYMOUS_CODING|sti"	"current_simulated"	-39.0974	8.95124	1.25493e-05	1.00217149989513	TRUE	0.0197315032547891	FALSE	FALSE	FALSE
"NightSleepChange"	"3L_12509851"	31	12509851	"G"	"T"	0.421687	-38.2608	8.93865	1.8658e-05	"G"	"T"	-39.0974	8.95124	1.25493e-05	"G"	70	0.421686746987952	0.943181818181818	7	"SYNONYMOUS_CODING|sti"	"recovery_aware"	-39.0974	8.95124	1.25493e-05	0.978602157688235	TRUE	-0.172245587194905	FALSE	FALSE	FALSE
"NightSleepChange"	"3L_12509851"	31	12509851	"G"	"T"	0.421687	-38.3128	8.95218	1.87134e-05	"G"	"T"	-39.0974	8.95124	1.25493e-05	"G"	70	0.421686746987952	0.943181818181818	7	"SYNONYMOUS_CODING|sti"	"prop005_24h"	-39.0974	8.95124	1.25493e-05	0.979932169402569	TRUE	-0.17353319921489	FALSE	FALSE	FALSE
"NightSleepChange"	"3L_12509851"	31	12509851	"G"	"T"	0.421687	-38.8534	8.93891	1.38294e-05	"G"	"T"	-39.0974	8.95124	1.25493e-05	"G"	70	0.421686746987952	0.943181818181818	7	"SYNONYMOUS_CODING|sti"	"prop001_24h"	-39.0974	8.95124	1.25493e-05	0.993759175801971	TRUE	-0.042183836746525	FALSE	FALSE	FALSE
"NightSleepChange"	"3L_12509851"	31	12509851	"G"	"T"	0.421687	-38.4424	8.94092	1.71105e-05	"G"	"T"	-39.0974	8.95124	1.25493e-05	"G"	70	0.421686746987952	0.943181818181818	7	"SYNONYMOUS_CODING|sti"	"zero_24h"	-39.0974	8.95124	1.25493e-05	0.983246967829063	TRUE	-0.134643199058074	FALSE	FALSE	FALSE
"NightSleepChange"	"3L_12509851"	31	12509851	"G"	"T"	0.421687	-38.789	8.95302	1.47422e-05	"G"	"T"	-39.0974	8.95124	1.25493e-05	"G"	70	0.421686746987952	0.943181818181818	7	"SYNONYMOUS_CODING|sti"	"prop01_48h"	-39.0974	8.95124	1.25493e-05	0.992112007448066	TRUE	-0.0699427972132476	FALSE	FALSE	FALSE
"NightSleepChange"	"3L_1888560"	31	1888560	"A"	"G"	0.159091	-52.9239	11.6958	6.03887e-06	"A"	"G"	-52.9579	11.6962	5.9602e-06	"A"	28	0.159090909090909	1	4	"INTRON|Tmhs"	"current_simulated"	-52.9579	11.6962	5.9602e-06	0.999357980584578	TRUE	-0.00569484742601123	TRUE	TRUE	FALSE
"NightSleepChange"	"3L_1888560"	31	1888560	"A"	"G"	0.159091	-53.5135	11.6616	4.45709e-06	"A"	"G"	-52.9579	11.6962	5.9602e-06	"A"	28	0.159090909090909	1	4	"INTRON|Tmhs"	"recovery_aware"	-52.9579	11.6962	5.9602e-06	1.01049135256496	TRUE	0.126209429449528	TRUE	TRUE	FALSE
"NightSleepChange"	"3L_1888560"	31	1888560	"A"	"G"	0.159091	-53.2594	11.7133	5.44399e-06	"A"	"G"	-52.9579	11.6962	5.9602e-06	"A"	28	0.159090909090909	1	4	"INTRON|Tmhs"	"prop005_24h"	-52.9579	11.6962	5.9602e-06	1.00569320158088	TRUE	0.0393435143543508	TRUE	TRUE	FALSE
"NightSleepChange"	"3L_1888560"	31	1888560	"A"	"G"	0.159091	-53.2809	11.6758	5.03384e-06	"A"	"G"	-52.9579	11.6962	5.9602e-06	"A"	28	0.159090909090909	1	4	"INTRON|Tmhs"	"prop001_24h"	-52.9579	11.6962	5.9602e-06	1.00609918444651	TRUE	0.0733614257022941	TRUE	TRUE	FALSE
"NightSleepChange"	"3L_1888560"	31	1888560	"A"	"G"	0.159091	-53.3376	11.6778	4.93728e-06	"A"	"G"	-52.9579	11.6962	5.9602e-06	"A"	28	0.159090909090909	1	4	"INTRON|Tmhs"	"zero_24h"	-52.9579	11.6962	5.9602e-06	1.00716984623635	TRUE	0.0817730757753914	TRUE	TRUE	FALSE
"NightSleepChange"	"3L_1888560"	31	1888560	"A"	"G"	0.159091	-52.923	11.7048	6.14125e-06	"A"	"G"	-52.9579	11.6962	5.9602e-06	"A"	28	0.159090909090909	1	4	"INTRON|Tmhs"	"prop01_48h"	-52.9579	11.6962	5.9602e-06	0.999340985952993	TRUE	-0.0129959440068284	TRUE	TRUE	FALSE
"NightSleepChange"	"3R_21998760"	32	21998760	"G"	"A"	0.105882	-63.8098	13.4915	2.2493e-06	"G"	"A"	-63.802	13.4952	2.27025e-06	"G"	18	0.105882352941176	0.965909090909091	3	"INTRON|Eip93F"	"current_simulated"	-63.802	13.4952	2.27025e-06	1.0001222532209	TRUE	0.00402630109779256	TRUE	TRUE	FALSE
"NightSleepChange"	"3R_21998760"	32	21998760	"G"	"A"	0.105882	-63.5807	13.5304	2.61321e-06	"G"	"A"	-63.802	13.4952	2.27025e-06	"G"	18	0.105882352941176	0.965909090909091	3	"INTRON|Eip93F"	"recovery_aware"	-63.802	13.4952	2.27025e-06	0.996531456694148	TRUE	-0.0611006270922445	TRUE	TRUE	FALSE
"NightSleepChange"	"3R_21998760"	32	21998760	"G"	"A"	0.105882	-63.1523	13.4523	2.67216e-06	"G"	"A"	-63.802	13.4952	2.27025e-06	"G"	18	0.105882352941176	0.965909090909091	3	"INTRON|Eip93F"	"prop005_24h"	-63.802	13.4952	2.27025e-06	0.989816933638444	TRUE	-0.070788774334253	TRUE	TRUE	FALSE
"NightSleepChange"	"3R_21998760"	32	21998760	"G"	"A"	0.105882	-63.9327	13.4891	2.14144e-06	"G"	"A"	-63.802	13.4952	2.27025e-06	"G"	18	0.105882352941176	0.965909090909091	3	"INTRON|Eip93F"	"prop001_24h"	-63.802	13.4952	2.27025e-06	1.0020485251246	TRUE	0.0253677737380098	TRUE	TRUE	FALSE
"NightSleepChange"	"3R_21998760"	32	21998760	"G"	"A"	0.105882	-63.5574	13.4939	2.47622e-06	"G"	"A"	-63.802	13.4952	2.27025e-06	"G"	18	0.105882352941176	0.965909090909091	3	"INTRON|Eip93F"	"zero_24h"	-63.802	13.4952	2.27025e-06	0.996166264380427	TRUE	-0.0377155426482529	TRUE	TRUE	FALSE
"NightSleepChange"	"3R_21998760"	32	21998760	"G"	"A"	0.105882	-63.8522	13.4799	2.17071e-06	"G"	"A"	-63.802	13.4952	2.27025e-06	"G"	18	0.105882352941176	0.965909090909091	3	"INTRON|Eip93F"	"prop01_48h"	-63.802	13.4952	2.27025e-06	1.00078680919093	TRUE	0.0194718773896287	TRUE	TRUE	FALSE
"NightSleepChange"	"3R_22697510"	32	22697510	"T"	"C"	0.12963	-61.7195	14.1065	1.21285e-05	"T"	"C"	-61.7445	14.1081	1.20592e-05	"T"	21	0.12962962962963	0.920454545454545	6	"SYNONYMOUS_CODING|cd"	"current_simulated"	-61.7445	14.1081	1.20592e-05	0.999595105636939	TRUE	-0.00248859461198858	FALSE	FALSE	FALSE
"NightSleepChange"	"3R_22697510"	32	22697510	"T"	"C"	0.12963	-60.8759	14.0952	1.56794e-05	"T"	"C"	-61.7445	14.1081	1.20592e-05	"T"	21	0.12962962962963	0.920454545454545	6	"SYNONYMOUS_CODING|cd"	"recovery_aware"	-61.7445	14.1081	1.20592e-05	0.98593235024982	TRUE	-0.114010941691445	FALSE	FALSE	FALSE
"NightSleepChange"	"3R_22697510"	32	22697510	"T"	"C"	0.12963	-60.3548	14.1057	1.87944e-05	"T"	"C"	-61.7445	14.1081	1.20592e-05	"T"	21	0.12962962962963	0.920454545454545	6	"SYNONYMOUS_CODING|cd"	"prop005_24h"	-61.7445	14.1081	1.20592e-05	0.977492732146183	TRUE	-0.192709967751354	FALSE	FALSE	FALSE
"NightSleepChange"	"3R_22697510"	32	22697510	"T"	"C"	0.12963	-60.4451	14.0901	1.78748e-05	"T"	"C"	-61.7445	14.1081	1.20592e-05	"T"	21	0.12962962962963	0.920454545454545	6	"SYNONYMOUS_CODING|cd"	"prop001_24h"	-61.7445	14.1081	1.20592e-05	0.978955210585558	TRUE	-0.170922693279261	FALSE	FALSE	FALSE
"NightSleepChange"	"3R_22697510"	32	22697510	"T"	"C"	0.12963	-60.8612	14.0935	1.57164e-05	"T"	"C"	-61.7445	14.1081	1.20592e-05	"T"	21	0.12962962962963	0.920454545454545	6	"SYNONYMOUS_CODING|cd"	"zero_24h"	-61.7445	14.1081	1.20592e-05	0.98569427236434	TRUE	-0.115034575634177	FALSE	FALSE	FALSE
"NightSleepChange"	"3R_22697510"	32	22697510	"T"	"C"	0.12963	-60.7783	14.1092	1.64945e-05	"T"	"C"	-61.7445	14.1081	1.20592e-05	"T"	21	0.12962962962963	0.920454545454545	6	"SYNONYMOUS_CODING|cd"	"prop01_48h"	-61.7445	14.1081	1.20592e-05	0.984351642656431	TRUE	-0.136020657326056	FALSE	FALSE	FALSE
"NightSleepChange"	"3R_29419559"	32	29419559	"A"	"T"	0.345238	-47.6381	9.64697	7.8872e-07	"A"	"T"	-47.5088	9.64825	8.47576e-07	"A"	58	0.345238095238095	0.954545454545455	1	"INTRON|Ptp99A"	"current_simulated"	-47.5088	9.64825	8.47576e-07	1.00272160105075	TRUE	0.0312557971049197	TRUE	TRUE	FALSE
"NightSleepChange"	"3R_29419559"	32	29419559	"A"	"T"	0.345238	-46.201	9.64254	1.65641e-06	"A"	"T"	-47.5088	9.64825	8.47576e-07	"A"	58	0.345238095238095	0.954545454545455	1	"INTRON|Ptp99A"	"recovery_aware"	-47.5088	9.64825	8.47576e-07	0.972472468258512	TRUE	-0.290989193029482	TRUE	TRUE	FALSE
"NightSleepChange"	"3R_29419559"	32	29419559	"A"	"T"	0.345238	-46.6448	9.64265	1.31585e-06	"A"	"T"	-47.5088	9.64825	8.47576e-07	"A"	58	0.345238095238095	0.954545454545455	1	"INTRON|Ptp99A"	"prop005_24h"	-47.5088	9.64825	8.47576e-07	0.981813895530933	TRUE	-0.191027734095057	TRUE	TRUE	FALSE
"NightSleepChange"	"3R_29419559"	32	29419559	"A"	"T"	0.345238	-46.1167	9.63679	1.70578e-06	"A"	"T"	-47.5088	9.64825	8.47576e-07	"A"	58	0.345238095238095	0.954545454545455	1	"INTRON|Ptp99A"	"prop001_24h"	-47.5088	9.64825	8.47576e-07	0.970698060148857	TRUE	-0.303744367359157	TRUE	TRUE	FALSE
"NightSleepChange"	"3R_29419559"	32	29419559	"A"	"T"	0.345238	-45.7279	9.63923	2.09604e-06	"A"	"T"	-47.5088	9.64825	8.47576e-07	"A"	58	0.345238095238095	0.954545454545455	1	"INTRON|Ptp99A"	"zero_24h"	-47.5088	9.64825	8.47576e-07	0.962514313137777	TRUE	-0.393220915584387	TRUE	TRUE	FALSE
"NightSleepChange"	"3R_29419559"	32	29419559	"A"	"T"	0.345238	-47.8924	9.6475	6.89731e-07	"A"	"T"	-47.5088	9.64825	8.47576e-07	"A"	58	0.345238095238095	0.954545454545455	1	"INTRON|Ptp99A"	"prop01_48h"	-47.5088	9.64825	8.47576e-07	1.00807429360455	TRUE	0.08949890489244	TRUE	TRUE	FALSE
"TotalSleep"	"2L_10170542"	21	10170542	"T"	"C"	0.118343	-112.629	26.0607	1.54764e-05	"T"	"C"	-112.124	26.0275	1.648e-05	"T"	20	0.118343195266272	0.960227272727273	10	"INTRON|CG44153"	"current_simulated"	-112.124	26.0275	1.648e-05	1.00450394206414	TRUE	0.0272872614768032	FALSE	FALSE	FALSE
"TotalSleep"	"2L_10170542"	21	10170542	"T"	"C"	0.118343	-115.515	26.4164	1.22623e-05	"T"	"C"	-112.124	26.0275	1.648e-05	"T"	20	0.118343195266272	0.960227272727273	10	"INTRON|CG44153"	"recovery_aware"	-112.124	26.0275	1.648e-05	1.03024330205844	TRUE	0.128385270325158	FALSE	FALSE	FALSE
"TotalSleep"	"2L_10170542"	21	10170542	"T"	"C"	0.118343	-114.115	26.2322	1.36014e-05	"T"	"C"	-112.124	26.0275	1.648e-05	"T"	20	0.118343195266272	0.960227272727273	10	"INTRON|CG44153"	"prop005_24h"	-112.124	26.0275	1.648e-05	1.01775712603903	TRUE	0.0833735945069041	FALSE	FALSE	FALSE
"TotalSleep"	"2L_10170542"	21	10170542	"T"	"C"	0.118343	-116.086	26.4491	1.13863e-05	"T"	"C"	-112.124	26.0275	1.648e-05	"T"	20	0.118343195266272	0.960227272727273	10	"INTRON|CG44153"	"prop001_24h"	-112.124	26.0275	1.648e-05	1.03533587813492	TRUE	0.16057458518153	FALSE	FALSE	FALSE
"TotalSleep"	"2L_10170542"	21	10170542	"T"	"C"	0.118343	-117.464	26.5908	9.98629e-06	"T"	"C"	-112.124	26.0275	1.648e-05	"T"	20	0.118343195266272	0.960227272727273	10	"INTRON|CG44153"	"zero_24h"	-112.124	26.0275	1.648e-05	1.04762584281688	TRUE	0.217553033628085	FALSE	TRUE	FALSE
"TotalSleep"	"2L_10170542"	21	10170542	"T"	"C"	0.118343	-112.525	26.0982	1.62077e-05	"T"	"C"	-112.124	26.0275	1.648e-05	"T"	20	0.118343195266272	0.960227272727273	10	"INTRON|CG44153"	"prop01_48h"	-112.124	26.0275	1.648e-05	1.00357639755984	TRUE	0.00723581794005224	FALSE	FALSE	FALSE
"TotalSleep"	"2L_15943639"	21	15943639	"G"	"C"	0.262195	-89.5021	19.9124	6.96357e-06	"G"	"C"	-89.4092	19.887	6.9292e-06	"G"	43	0.26219512195122	0.931818181818182	2	"INTRON|beat-Ib"	"current_simulated"	-89.4092	19.887	6.9292e-06	1.00103904296202	TRUE	-0.00214884890424205	TRUE	TRUE	FALSE
"TotalSleep"	"2L_15943639"	21	15943639	"G"	"C"	0.262195	-86.9338	20.1837	1.65394e-05	"G"	"C"	-89.4092	19.887	6.9292e-06	"G"	43	0.26219512195122	0.931818181818182	2	"INTRON|beat-Ib"	"recovery_aware"	-89.4092	19.887	6.9292e-06	0.972313811106687	TRUE	-0.377836653883819	TRUE	FALSE	FALSE
"TotalSleep"	"2L_15943639"	21	15943639	"G"	"C"	0.262195	-90.2504	20.0431	6.70559e-06	"G"	"C"	-89.4092	19.887	6.9292e-06	"G"	43	0.26219512195122	0.931818181818182	2	"INTRON|beat-Ib"	"prop005_24h"	-89.4092	19.887	6.9292e-06	1.00940842776806	TRUE	0.0142461008827688	TRUE	TRUE	FALSE
"TotalSleep"	"2L_15943639"	21	15943639	"G"	"C"	0.262195	-90.5827	20.2088	7.38271e-06	"G"	"C"	-89.4092	19.887	6.9292e-06	"G"	43	0.26219512195122	0.931818181818182	2	"INTRON|beat-Ib"	"prop001_24h"	-89.4092	19.887	6.9292e-06	1.01312504753426	TRUE	-0.0275327125369254	TRUE	TRUE	FALSE
"TotalSleep"	"2L_15943639"	21	15943639	"G"	"C"	0.262195	-89.1964	20.3166	1.13182e-05	"G"	"C"	-89.4092	19.887	6.9292e-06	"G"	43	0.26219512195122	0.931818181818182	2	"INTRON|beat-Ib"	"zero_24h"	-89.4092	19.887	6.9292e-06	0.997619931729621	TRUE	-0.213094267222125	TRUE	FALSE	FALSE
"TotalSleep"	"2L_15943639"	21	15943639	"G"	"C"	0.262195	-88.7318	19.9407	8.5958e-06	"G"	"C"	-89.4092	19.887	6.9292e-06	"G"	43	0.26219512195122	0.931818181818182	2	"INTRON|beat-Ib"	"prop01_48h"	-89.4092	19.887	6.9292e-06	0.992423598466377	TRUE	-0.0936032054177183	TRUE	TRUE	FALSE
"TotalSleep"	"2L_17491087"	21	17491087	"AGTATACAAAAT"	"A"	0.484663	-80.9545	18.0954	7.68553e-06	"AGTATACAAAAT"	"A"	-80.8328	18.073	7.72843e-06	"AGTATACAAAAT"	79	0.484662576687117	0.926136363636364	4	"INTRON|qua"	"current_simulated"	-80.8328	18.073	7.72843e-06	1.00150557694401	TRUE	0.00241745552481998	TRUE	TRUE	FALSE
"TotalSleep"	"2L_17491087"	21	17491087	"AGTATACAAAAT"	"A"	0.484663	-81.5741	18.3394	8.66663e-06	"AGTATACAAAAT"	"A"	-80.8328	18.073	7.72843e-06	"AGTATACAAAAT"	79	0.484662576687117	0.926136363636364	4	"INTRON|qua"	"recovery_aware"	-80.8328	18.073	7.72843e-06	1.00917078215774	TRUE	-0.0497589781761318	TRUE	TRUE	FALSE
"TotalSleep"	"2L_17491087"	21	17491087	"AGTATACAAAAT"	"A"	0.484663	-81.3934	18.212	7.851e-06	"AGTATACAAAAT"	"A"	-80.8328	18.073	7.72843e-06	"AGTATACAAAAT"	79	0.484662576687117	0.926136363636364	4	"INTRON|qua"	"prop005_24h"	-80.8328	18.073	7.72843e-06	1.00693530349066	TRUE	-0.00683369968813707	TRUE	TRUE	FALSE
"TotalSleep"	"2L_17491087"	21	17491087	"AGTATACAAAAT"	"A"	0.484663	-81.8319	18.3623	8.32979e-06	"AGTATACAAAAT"	"A"	-80.8328	18.073	7.72843e-06	"AGTATACAAAAT"	79	0.484662576687117	0.926136363636364	4	"INTRON|qua"	"prop001_24h"	-80.8328	18.073	7.72843e-06	1.01236008155105	TRUE	-0.0325427749969878	TRUE	TRUE	FALSE
"TotalSleep"	"2L_17491087"	21	17491087	"AGTATACAAAAT"	"A"	0.484663	-82.3976	18.4567	8.03041e-06	"AGTATACAAAAT"	"A"	-80.8328	18.073	7.72843e-06	"AGTATACAAAAT"	79	0.484662576687117	0.926136363636364	4	"INTRON|qua"	"zero_24h"	-80.8328	18.073	7.72843e-06	1.01935847824151	TRUE	-0.016646441479252	TRUE	TRUE	FALSE
"TotalSleep"	"2L_17491087"	21	17491087	"AGTATACAAAAT"	"A"	0.484663	-80.8081	18.1188	8.19938e-06	"AGTATACAAAAT"	"A"	-80.8328	18.073	7.72843e-06	"AGTATACAAAAT"	79	0.484662576687117	0.926136363636364	4	"INTRON|qua"	"prop01_48h"	-80.8328	18.073	7.72843e-06	0.999694430973565	TRUE	-0.0256897365710023	TRUE	TRUE	FALSE
"TotalSleep"	"2L_20321158"	21	20321158	"C"	"T"	0.490798	79.5717	17.7955	7.76886e-06	"C"	"T"	79.4682	17.7735	7.77988e-06	"C"	80	0.49079754601227	0.926136363636364	5	"INTRON|spir"	"current_simulated"	79.4682	17.7735	7.77988e-06	1.00130240775556	TRUE	0.000615603063902626	TRUE	TRUE	FALSE
"TotalSleep"	"2L_20321158"	21	20321158	"C"	"T"	0.490798	80.9491	18.0351	7.17563e-06	"C"	"T"	79.4682	17.7735	7.77988e-06	"C"	80	0.49079754601227	0.926136363636364	5	"INTRON|spir"	"recovery_aware"	79.4682	17.7735	7.77988e-06	1.01863512700678	TRUE	0.0351128614024772	TRUE	TRUE	FALSE
"TotalSleep"	"2L_20321158"	21	20321158	"C"	"T"	0.490798	79.8611	17.9099	8.23274e-06	"C"	"T"	79.4682	17.7735	7.77988e-06	"C"	80	0.49079754601227	0.926136363636364	5	"INTRON|spir"	"prop005_24h"	79.4682	17.7735	7.77988e-06	1.00494411601118	TRUE	-0.0245715017686115	TRUE	TRUE	FALSE
"TotalSleep"	"2L_20321158"	21	20321158	"C"	"T"	0.490798	80.0792	18.0576	9.22198e-06	"C"	"T"	79.4682	17.7735	7.77988e-06	"C"	80	0.49079754601227	0.926136363636364	5	"INTRON|spir"	"prop001_24h"	79.4682	17.7735	7.77988e-06	1.00768861003521	TRUE	-0.07385127770773	TRUE	TRUE	FALSE
"TotalSleep"	"2L_20321158"	21	20321158	"C"	"T"	0.490798	80.3477	18.15	9.56115e-06	"C"	"T"	79.4682	17.7735	7.77988e-06	"C"	80	0.49079754601227	0.926136363636364	5	"INTRON|spir"	"zero_24h"	79.4682	17.7735	7.77988e-06	1.01106732000977	TRUE	-0.0895372333627114	TRUE	TRUE	FALSE
"TotalSleep"	"2L_20321158"	21	20321158	"C"	"T"	0.490798	80.2058	17.8182	6.75234e-06	"C"	"T"	79.4682	17.7735	7.77988e-06	"C"	80	0.49079754601227	0.926136363636364	5	"INTRON|spir"	"prop01_48h"	79.4682	17.7735	7.77988e-06	1.00928170010142	TRUE	0.0615185961473124	TRUE	TRUE	FALSE
"TotalSleep"	"2R_18433628"	22	18433628	"G"	"T"	0.299401	79.5483	18.2434	1.29827e-05	"G"	"T"	79.4255	18.2193	1.30411e-05	"G"	50	0.29940119760479	0.948863636363636	8	"INTRON|Ttd14"	"current_simulated"	79.4255	18.2193	1.30411e-05	1.00154610295182	TRUE	0.00194920344598515	FALSE	FALSE	FALSE
"TotalSleep"	"2R_18433628"	22	18433628	"G"	"T"	0.299401	80.605	18.4956	1.31219e-05	"G"	"T"	79.4255	18.2193	1.30411e-05	"G"	50	0.29940119760479	0.948863636363636	8	"INTRON|Ttd14"	"recovery_aware"	79.4255	18.2193	1.30411e-05	1.01485039439475	TRUE	-0.00268249862033443	FALSE	FALSE	FALSE
"TotalSleep"	"2R_18433628"	22	18433628	"G"	"T"	0.299401	78.9528	18.3661	1.71693e-05	"G"	"T"	79.4255	18.2193	1.30411e-05	"G"	50	0.29940119760479	0.948863636363636	8	"INTRON|Ttd14"	"prop005_24h"	79.4255	18.2193	1.30411e-05	0.994048510868676	TRUE	-0.119438364021099	FALSE	FALSE	FALSE
"TotalSleep"	"2R_18433628"	22	18433628	"G"	"T"	0.299401	78.9737	18.5184	2.00257e-05	"G"	"T"	79.4255	18.2193	1.30411e-05	"G"	50	0.29940119760479	0.948863636363636	8	"INTRON|Ttd14"	"prop001_24h"	79.4255	18.2193	1.30411e-05	0.994311650540443	TRUE	-0.186273480699642	FALSE	FALSE	FALSE
"TotalSleep"	"2R_18433628"	22	18433628	"G"	"T"	0.299401	79.9045	18.622	1.77981e-05	"G"	"T"	79.4255	18.2193	1.30411e-05	"G"	50	0.29940119760479	0.948863636363636	8	"INTRON|Ttd14"	"zero_24h"	79.4255	18.2193	1.30411e-05	1.0060308087453	TRUE	-0.135059417436934	FALSE	FALSE	FALSE
"TotalSleep"	"2R_18433628"	22	18433628	"G"	"T"	0.299401	79.4328	18.2726	1.37953e-05	"G"	"T"	79.4255	18.2193	1.30411e-05	"G"	50	0.29940119760479	0.948863636363636	8	"INTRON|Ttd14"	"prop01_48h"	79.4255	18.2193	1.30411e-05	1.0000919100289	TRUE	-0.0244169241973564	FALSE	FALSE	FALSE
"TotalSleep"	"3L_3724365"	31	3724365	"A"	"G"	0.47619	78.9984	17.3639	5.3751e-06	"A"	"G"	78.9229	17.3421	5.34047e-06	"A"	80	0.476190476190476	0.954545454545455	1	"INTRON|CG32264"	"current_simulated"	78.9229	17.3421	5.34047e-06	1.0009566298248	TRUE	-0.00280706864263358	TRUE	TRUE	FALSE
"TotalSleep"	"3L_3724365"	31	3724365	"A"	"G"	0.47619	80.8506	17.5992	4.34858e-06	"A"	"G"	78.9229	17.3421	5.34047e-06	"A"	80	0.476190476190476	0.954545454545455	1	"INTRON|CG32264"	"recovery_aware"	78.9229	17.3421	5.34047e-06	1.02442510348707	TRUE	0.0892320156499507	TRUE	TRUE	FALSE
"TotalSleep"	"3L_3724365"	31	3724365	"A"	"G"	0.47619	79.3051	17.4768	5.68602e-06	"A"	"G"	78.9229	17.3421	5.34047e-06	"A"	80	0.476190476190476	0.954545454545455	1	"INTRON|CG32264"	"prop005_24h"	78.9229	17.3421	5.34047e-06	1.00484270091444	TRUE	-0.0272289031768187	TRUE	TRUE	FALSE
"TotalSleep"	"3L_3724365"	31	3724365	"A"	"G"	0.47619	79.908	17.6211	5.76597e-06	"A"	"G"	78.9229	17.3421	5.34047e-06	"A"	80	0.476190476190476	0.954545454545455	1	"INTRON|CG32264"	"prop001_24h"	78.9229	17.3421	5.34047e-06	1.01248180185979	TRUE	-0.0332928986824443	TRUE	TRUE	FALSE
"TotalSleep"	"3L_3724365"	31	3724365	"A"	"G"	0.47619	80.5246	17.7133	5.46789e-06	"A"	"G"	78.9229	17.3421	5.34047e-06	"A"	80	0.476190476190476	0.954545454545455	1	"INTRON|CG32264"	"zero_24h"	78.9229	17.3421	5.34047e-06	1.02029448993892	TRUE	-0.0102402893192464	TRUE	TRUE	FALSE
"TotalSleep"	"3L_3724365"	31	3724365	"A"	"G"	0.47619	79.7843	17.3874	4.46161e-06	"A"	"G"	78.9229	17.3421	5.34047e-06	"A"	80	0.476190476190476	0.954545454545455	1	"INTRON|CG32264"	"prop01_48h"	78.9229	17.3421	5.34047e-06	1.01091444941836	TRUE	0.0780878748795324	TRUE	TRUE	FALSE
"TotalSleep"	"3L_4047811"	31	4047811	"T"	"G"	0.270588	-89.0326	19.8827	7.53792e-06	"T"	"G"	-88.8618	19.8573	7.6401e-06	"T"	46	0.270588235294118	0.965909090909091	3	"INTRON|CG1136"	"current_simulated"	-88.8618	19.8573	7.6401e-06	1.00192208575563	TRUE	0.00584751905369885	TRUE	TRUE	FALSE
"TotalSleep"	"3L_4047811"	31	4047811	"T"	"G"	0.270588	-90.3979	20.1541	7.27953e-06	"T"	"G"	-88.8618	19.8573	7.6401e-06	"T"	46	0.270588235294118	0.965909090909091	3	"INTRON|CG1136"	"recovery_aware"	-88.8618	19.8573	7.6401e-06	1.01728639302828	TRUE	0.0209957028559691	TRUE	TRUE	FALSE
"TotalSleep"	"3L_4047811"	31	4047811	"T"	"G"	0.270588	-90.5226	20.0135	6.09466e-06	"T"	"G"	-88.8618	19.8573	7.6401e-06	"T"	46	0.270588235294118	0.965909090909091	3	"INTRON|CG1136"	"prop005_24h"	-88.8618	19.8573	7.6401e-06	1.01868969568476	TRUE	0.0981495601779914	TRUE	TRUE	FALSE
"TotalSleep"	"3L_4047811"	31	4047811	"T"	"G"	0.270588	-92.2626	20.179	4.82619e-06	"T"	"G"	-88.8618	19.8573	7.6401e-06	"T"	46	0.270588235294118	0.965909090909091	3	"INTRON|CG1136"	"prop001_24h"	-88.8618	19.8573	7.6401e-06	1.03827066298454	TRUE	0.19949462757709	TRUE	TRUE	FALSE
"TotalSleep"	"3L_4047811"	31	4047811	"T"	"G"	0.270588	-92.6318	20.2873	4.9709e-06	"T"	"G"	-88.8618	19.8573	7.6401e-06	"T"	46	0.270588235294118	0.965909090909091	3	"INTRON|CG1136"	"zero_24h"	-88.8618	19.8573	7.6401e-06	1.04242542914953	TRUE	0.186664016531809	TRUE	TRUE	FALSE
"TotalSleep"	"3L_4047811"	31	4047811	"T"	"G"	0.270588	-89.1749	19.9113	7.51347e-06	"T"	"G"	-88.8618	19.8573	7.6401e-06	"T"	46	0.270588235294118	0.965909090909091	3	"INTRON|CG1136"	"prop01_48h"	-88.8618	19.8573	7.6401e-06	1.00352344877101	TRUE	0.00725848633612802	TRUE	TRUE	FALSE
"TotalSleep"	"3R_13161784"	32	13161784	"T"	"G"	0.4	-78.0466	18.0174	1.47937e-05	"T"	"G"	-77.8497	17.995	1.51706e-05	"T"	64	0.4	0.909090909090909	9	"INTRON|timeout"	"current_simulated"	-77.8497	17.995	1.51706e-05	1.00252923261104	TRUE	0.0109259501127328	FALSE	FALSE	FALSE
"TotalSleep"	"3R_13161784"	32	13161784	"T"	"G"	0.4	-80.7175	18.2609	9.85927e-06	"T"	"G"	-77.8497	17.995	1.51706e-05	"T"	64	0.4	0.909090909090909	9	"INTRON|timeout"	"recovery_aware"	-77.8497	17.995	1.51706e-05	1.03683764998452	TRUE	0.187157997449836	FALSE	TRUE	FALSE
"TotalSleep"	"3R_13161784"	32	13161784	"T"	"G"	0.4	-78.5759	18.134	1.47041e-05	"T"	"G"	-77.8497	17.995	1.51706e-05	"T"	64	0.4	0.909090909090909	9	"INTRON|timeout"	"prop005_24h"	-77.8497	17.995	1.51706e-05	1.00932823119421	TRUE	0.0135643099399339	FALSE	FALSE	FALSE
"TotalSleep"	"3R_13161784"	32	13161784	"T"	"G"	0.4	-80.25	18.2836	1.13784e-05	"T"	"G"	-77.8497	17.995	1.51706e-05	"T"	64	0.4	0.909090909090909	9	"INTRON|timeout"	"prop001_24h"	-77.8497	17.995	1.51706e-05	1.03083248875718	TRUE	0.1249215605219	FALSE	FALSE	FALSE
"TotalSleep"	"3R_13161784"	32	13161784	"T"	"G"	0.4	-80.937	18.3784	1.06315e-05	"T"	"G"	-77.8497	17.995	1.51706e-05	"T"	64	0.4	0.909090909090909	9	"INTRON|timeout"	"zero_24h"	-77.8497	17.995	1.51706e-05	1.03965718557682	TRUE	0.154408214029665	FALSE	FALSE	FALSE
"TotalSleep"	"3R_13161784"	32	13161784	"T"	"G"	0.4	-79.0767	18.0412	1.16988e-05	"T"	"G"	-77.8497	17.995	1.51706e-05	"T"	64	0.4	0.909090909090909	9	"INTRON|timeout"	"prop01_48h"	-77.8497	17.995	1.51706e-05	1.01576113973464	TRUE	0.112861441114499	FALSE	FALSE	FALSE
"TotalSleep"	"3R_16911341"	32	16911341	"C"	"T"	0.343373	-85.4252	19.4369	1.10772e-05	"C"	"T"	-85.3541	19.4127	1.09855e-05	"C"	57	0.343373493975904	0.943181818181818	7	"INTRON|lncRNA:iab8"	"current_simulated"	-85.3541	19.4127	1.09855e-05	1.00083300040654	TRUE	-0.00361016859397445	FALSE	FALSE	FALSE
"TotalSleep"	"3R_16911341"	32	16911341	"C"	"T"	0.343373	-88.6926	19.6994	6.72209e-06	"C"	"T"	-85.3541	19.4127	1.09855e-05	"C"	57	0.343373493975904	0.943181818181818	7	"INTRON|lncRNA:iab8"	"recovery_aware"	-85.3541	19.4127	1.09855e-05	1.03911352823122	TRUE	0.213315505612854	FALSE	TRUE	FALSE
"TotalSleep"	"3R_16911341"	32	16911341	"C"	"T"	0.343373	-86.6946	19.5625	9.35023e-06	"C"	"T"	-85.3541	19.4127	1.09855e-05	"C"	57	0.343373493975904	0.943181818181818	7	"INTRON|lncRNA:iab8"	"prop005_24h"	-85.3541	19.4127	1.09855e-05	1.0157051623765	TRUE	0.0699975344998798	FALSE	TRUE	FALSE
"TotalSleep"	"3R_16911341"	32	16911341	"C"	"T"	0.343373	-88.9155	19.7239	6.54386e-06	"C"	"T"	-85.3541	19.4127	1.09855e-05	"C"	57	0.343373493975904	0.943181818181818	7	"INTRON|lncRNA:iab8"	"prop001_24h"	-85.3541	19.4127	1.09855e-05	1.04172500207957	TRUE	0.224985828998008	FALSE	TRUE	FALSE
"TotalSleep"	"3R_16911341"	32	16911341	"C"	"T"	0.343373	-90.7315	19.8258	4.72985e-06	"C"	"T"	-85.3541	19.4127	1.09855e-05	"C"	57	0.343373493975904	0.943181818181818	7	"INTRON|lncRNA:iab8"	"zero_24h"	-85.3541	19.4127	1.09855e-05	1.06300107434792	TRUE	0.365972460453625	FALSE	TRUE	FALSE
"TotalSleep"	"3R_16911341"	32	16911341	"C"	"T"	0.343373	-85.4578	19.4623	1.12867e-05	"C"	"T"	-85.3541	19.4127	1.09855e-05	"C"	57	0.343373493975904	0.943181818181818	7	"INTRON|lncRNA:iab8"	"prop01_48h"	-85.3541	19.4127	1.09855e-05	1.00121493870828	TRUE	-0.0117471532486686	FALSE	FALSE	FALSE
"TotalSleep"	"X_2509888"	1	2509888	"T"	"C"	0.16185	-101.082	22.7245	8.66146e-06	"T"	"C"	-100.77	22.6944	8.98358e-06	"T"	28	0.161849710982659	0.982954545454545	6	"INTRON|trol"	"current_simulated"	-100.77	22.6944	8.98358e-06	1.0030961595713	TRUE	0.0158583355241024	TRUE	TRUE	FALSE
"TotalSleep"	"X_2509888"	1	2509888	"T"	"C"	0.16185	-101.95	23.0393	9.64302e-06	"T"	"C"	-100.77	22.6944	8.98358e-06	"T"	28	0.161849710982659	0.982954545454545	6	"INTRON|trol"	"recovery_aware"	-100.77	22.6944	8.98358e-06	1.01170983427607	TRUE	-0.0307636278976258	TRUE	TRUE	FALSE
"TotalSleep"	"X_2509888"	1	2509888	"T"	"C"	0.16185	-101.888	22.8779	8.44492e-06	"T"	"C"	-100.77	22.6944	8.98358e-06	"T"	28	0.161849710982659	0.982954545454545	6	"INTRON|trol"	"prop005_24h"	-100.77	22.6944	8.98358e-06	1.01109457179716	TRUE	0.0268538998190264	TRUE	TRUE	FALSE
"TotalSleep"	"X_2509888"	1	2509888	"T"	"C"	0.16185	-102.74	23.0677	8.43512e-06	"T"	"C"	-100.77	22.6944	8.98358e-06	"T"	28	0.161849710982659	0.982954545454545	6	"INTRON|trol"	"prop001_24h"	-100.77	22.6944	8.98358e-06	1.01954946908802	TRUE	0.0273581742639726	TRUE	TRUE	FALSE
"TotalSleep"	"X_2509888"	1	2509888	"T"	"C"	0.16185	-103.096	23.1976	8.8208e-06	"T"	"C"	-100.77	22.6944	8.98358e-06	"T"	28	0.161849710982659	0.982954545454545	6	"INTRON|trol"	"zero_24h"	-100.77	22.6944	8.98358e-06	1.02308226654758	TRUE	0.00794146447326138	TRUE	TRUE	FALSE
"TotalSleep"	"X_2509888"	1	2509888	"T"	"C"	0.16185	-101.039	22.7615	9.03712e-06	"T"	"C"	-100.77	22.6944	8.98358e-06	"T"	28	0.161849710982659	0.982954545454545	6	"INTRON|trol"	"prop01_48h"	-100.77	22.6944	8.98358e-06	1.00266944527141	TRUE	-0.00258060951872174	TRUE	TRUE	FALSE
