trait	rank	n	expected	observed	low	high
"NightSleepChange"	1	1428812	6.45600508468319	6.07182134928915	5.58808118614251	7.7515489911084
"NightSleepChange"	2	1428812	5.97888382996352	5.97437467707233	5.40899247187304	6.7707841977896
"NightSleepChange"	3	1428812	5.75703508034717	5.8782268360166	5.2961568063128	6.36351433175329
"NightSleepChange"	4	1428812	5.61090704466893	5.64392631565173	5.2121114320032	6.11760194399391
"NightSleepChange"	5	1428812	5.50176257524386	5.22473916686395	5.14460870796777	5.94452607560786
"NightSleepChange"	6	1428812	5.41461239952496	4.9484307548449	5.08796732186177	5.81217820573161
"NightSleepChange"	7	1428812	5.34206173237635	4.91868150207229	5.03905047605807	5.70559448437545
"NightSleepChange"	8	1428812	5.2799138256275	4.90138049845513	4.99593038895917	5.61667331889984
"NightSleepChange"	9	1428812	5.22555616330491	4.79050375167376	4.9573321800234	5.54056528441907
"NightSleepChange"	10	1428812	5.17725148373036	4.76270766243254	4.92236633081577	5.47415063480451
"NightSleepChange"	11	1428812	5.13378578994927	4.74979719923697	4.89038622679355	5.41531027647687
"NightSleepChange"	12	1428812	5.09427724866559	4.74941411912225	4.86090633120729	5.36254238705642
"NightSleepChange"	13	1428812	5.05806507601115	4.7300599761111	4.83355233146386	5.31474570309114
"NightSleepChange"	14	1428812	5.0246413205242	4.72077350419444	4.80802929438253	5.27108977484634
"NightSleepChange"	15	1428812	4.99360708678423	4.72077350419444	4.78410051939201	5.23093356160598
"NightSleepChange"	16	1428812	4.96464339084891	4.71867795699143	4.7615730318943	5.19377232715579
"NightSleepChange"	17	1428812	4.9374911448053	4.65497933845789	4.74028735304873	5.15920183710958
"NightSleepChange"	18	1428812	4.91193704033291	4.63627147186091	4.72011011171758	5.12689353050522
"NightSleepChange"	19	1428812	4.88780336061619	4.63105891147175	4.70092859739	5.09657687595495
"NightSleepChange"	20	1428812	4.86494047765669	4.62572468778217	4.68264667046555	5.06802656249515
"NightSleepChange"	21	1428812	4.84322122796345	4.62467847049053	4.6651816418041	5.04105302333312
"NightSleepChange"	22	1428812	4.8225366291036	4.61031130419696	4.6484618573704	5.01549530678885
"NightSleepChange"	23	1428812	4.80279257090784	4.58925818625786	4.63242480437718	4.99121563201153
"NightSleepChange"	24	1428812	4.78390722674747	4.57543685389748	4.61701560893327	4.96809517481626
"NightSleepChange"	25	1428812	4.76580900465467	4.57053034552454	4.60218583159852	4.94603076561509
"NightSleepChange"	26	1428812	4.74843490858525	4.56995075766581	4.58789249242127	4.92493227314267
"NightSleepChange"	27	1428812	4.7317292150824	4.54483981954925	4.57409727474062	4.90472051042184
"NightSleepChange"	28	1428812	4.71564239518894	4.52977479263415	4.56076586968157	4.88532554307219
"NightSleepChange"	29	1428812	4.70013022901069	4.52529870464925	4.54786743243036	4.86668531091841
"NightSleepChange"	30	1428812	4.68515307304104	4.51717784904636	4.53537412809687	4.84874449597357
"NightSleepChange"	31	1428812	4.67067524967242	4.50791881421307	4.52326074995958	4.8314535859386
"NightSleepChange"	32	1428812	4.6566645352296	4.50566309624862	4.51150439663313	4.81476809417196
"NightSleepChange"	33	1428812	4.64309172804033	4.50429890072847	4.50008419753777	4.79864790586659
"NightSleepChange"	34	1428812	4.62993028198236	4.50288643811568	4.48898107822383	4.78305672677114
"NightSleepChange"	35	1428812	4.61715599394593	4.49761658480396	4.47817755878253	4.76796161580023
"NightSleepChange"	36	1428812	4.60474673596411	4.47456385609586	4.46765757988234	4.75333258671202
"NightSleepChange"	37	1428812	4.59268222456273	4.45851436408954	4.45740635199538	4.73914226699294
"NightSleepChange"	38	1428812	4.58094382129149	4.44437238616365	4.44741022418974	4.72536560439363
"NightSleepChange"	39	1428812	4.5695143595107	4.43443669017756	4.43765656950901	4.71197961336818
"NightSleepChange"	40	1428812	4.55837799339274	4.43319966701599	4.42813368447743	4.69896315509654
"NightSleepChange"	41	1428812	4.54752006580454	4.43319966701599	4.41883070068595	4.68629674590496
"NightSleepChange"	42	1428812	4.53692699230711	4.42129891607028	4.40973750675243	4.6739623898084
"NightSleepChange"	43	1428812	4.52658615896889	4.41837228689838	4.40084467922468	4.66194343162948
"NightSleepChange"	44	1428812	4.51648583206457	4.41415590695479	4.39214342122064	4.65022442774122
"NightSleepChange"	45	1428812	4.50661507803827	4.40962412852569	4.38362550778608	4.63879103196214
"NightSleepChange"	46	1428812	4.49696369236209	4.39871047867215	4.37528323710372	4.62762989452687
"NightSleepChange"	47	1428812	4.48752213612925	4.35656015513125	4.36710938681564	4.61672857237929
"NightSleepChange"	48	1428812	4.47828147939434	4.30223640261792	4.35909717482733	4.60607544930273
"NightSleepChange"	49	1428812	4.46923335041694	4.29678946837877	4.35124022405132	4.59565966462421
"NightSleepChange"	50	1428812	4.46036989008564	4.29423033804278	4.34353253062318	4.58547104941395
"NightSleepChange"	51	1428812	4.45168371090054	4.29422435241514	4.3359684351865	4.57550006925685
"NightSleepChange"	52	1428812	4.44316785997801	4.29244685539217	4.32854259689695	4.56573777280166
"NightSleepChange"	53	1428812	4.43481578561325	4.29067321123785	4.32124996984148	4.55617574540389
"NightSleepChange"	54	1428812	4.42662130699798	4.28057341075341	4.31408578160757	4.54680606727022
"NightSleepChange"	55	1428812	4.41857858674256	4.25343818950861	4.30704551377098	4.53762127559151
"NightSleepChange"	56	1428812	4.41068210589653	4.20829461749132	4.30012488409889	4.52861433021763
"NightSleepChange"	57	1428812	4.40292664119977	4.20730161078603	4.29331983029031	4.51977858248511
"NightSleepChange"	58	1428812	4.39530724432957	4.20703709873736	4.28662649509651	4.51110774685711
"NightSleepChange"	59	1428812	4.38781922293702	4.20456631922546	4.28004121268318	4.50259587507736
"NightSleepChange"	60	1428812	4.38045812329065	4.20236827554795	4.27356049611138	4.49423733257601
"NightSleepChange"	61	1428812	4.37321971436674	4.2002260617353	4.26718102582905	4.48602677689644
"NightSleepChange"	62	1428812	4.36609997324379	4.18440897070199	4.26089963907612	4.47795913793948
"NightSleepChange"	63	1428812	4.35909507167513	4.1799674291459	4.2547133201176	4.47002959984458
"NightSleepChange"	64	1428812	4.35220136372723	4.17158954001526	4.24861919122797	4.4622335843483
"NightSleepChange"	65	1428812	4.34541537438394	4.15172156921449	4.24261450435826	4.45456673547828
"NightSleepChange"	66	1428812	4.33873378902742	4.15020972074109	4.23669663342482	4.44702490545632
"NightSleepChange"	67	1428812	4.3321534437161	4.14862361262629	4.23086306716453	4.43960414169803
"NightSleepChange"	68	1428812	4.32567131618818	4.14815971971866	4.22511140250734	4.43230067480853
"NightSleepChange"	69	1428812	4.31928451752678	4.14130763904886	4.21943933842166	4.42511090748414
"NightSleepChange"	70	1428812	4.31299028442909	4.13752037027226	4.21384467019257	4.41803140423951
"NightSleepChange"	71	1428812	4.30678597202781	4.13558445050194	4.20832528409672	4.41105888188763
"NightSleepChange"	72	1428812	4.30066904721812	4.13239994586486	4.20287915244143	4.40419020070777
"NightSleepChange"	73	1428812	4.29463708244821	4.13152484602916	4.19750432893826	4.39742235624254
"NightSleepChange"	74	1428812	4.28868774993501	4.1284031322187	4.19219894438444	4.39075247167126
"NightSleepChange"	75	1428812	4.28281881627091	4.12476910536318	4.18696120262774	4.38417779071178
"NightSleepChange"	76	1428812	4.27702813739002	4.11986981607376	4.18178937679277	4.37769567100751
"NightSleepChange"	77	1428812	4.27131365386559	4.11681228926063	4.1766818057485	4.37130357796052
"NightSleepChange"	78	1428812	4.26567338651289	4.11386192972461	4.17163689079887	4.36499907897517
"NightSleepChange"	79	1428812	4.26010543227395	4.10313221308641	4.16665309257951	4.35877983807985
"NightSleepChange"	80	1428812	4.25460796036273	4.09191568193956	4.16172892814561	4.35264361089766
"NightSleepChange"	81	1428812	4.24917920865134	4.07848259419571	4.15686296823665	4.34658823993911
"NightSleepChange"	82	1428812	4.24381748027923	4.07813724193976	4.15205383470548	4.34061165019262
"NightSleepChange"	83	1428812	4.23852114046928	4.07155856970001	4.14730019809988	4.33471184499035
"NightSleepChange"	84	1428812	4.2332886135356	4.07096086477134	4.14260077538591	4.32888690212919
"NightSleepChange"	85	1428812	4.22811838006951	4.06540964964808	4.13795432780307	4.32313497022821
"NightSleepChange"	86	1428812	4.22300897429103	4.04819928653836	4.13335965884241	4.31745426530554
"NightSleepChange"	87	1428812	4.21795898155439	4.04723612353022	4.12881561233893	4.31184306755902
"NightSleepChange"	88	1428812	4.21296703599689	4.04539187204145	4.12432107067082	4.30629971833623
"NightSleepChange"	89	1428812	4.20803181832138	4.03789975451016	4.11987495305835	4.30082261728087
"NightSleepChange"	90	1428812	4.20315205370329	4.03503786220891	4.11547621395575	4.29541021964307
"NightSleepChange"	91	1428812	4.198326509814	4.02598183188898	4.11112384153022	4.29006103374277
"NightSleepChange"	92	1428812	4.19355399495276	4.02584307221937	4.10681685622233	4.28477361857569
"NightSleepChange"	93	1428812	4.18883335628017	4.02279694563015	4.10255430938257	4.27954658155235
"NightSleepChange"	94	1428812	4.18416347814669	4.0115904411471	4.09833528197952	4.27437857636159
"NightSleepChange"	95	1428812	4.17954328050994	4.0115904411471	4.09415888337479	4.26926830095024
"NightSleepChange"	96	1428812	4.17497171743546	4.0115904411471	4.090024250161	4.26421449561159
"NightSleepChange"	97	1428812	4.17044777567541	3.99287552756457	4.08593054505858	4.25921594117574
"NightSleepChange"	98	1428812	4.16597047332067	3.98181147177094	4.0818769558682	4.25427145729523
"NightSleepChange"	99	1428812	4.16153885852159	3.9745138989589	4.07786269447519	4.24937990082024
"NightSleepChange"	100	1428812	4.15715200827348	3.97163211630294	4.07388699590305	4.24454016425762
"NightSleepChange"	101	1428812	4.1528090272627	3.96853901959101	4.06994911741315	4.23975117430869
"NightSleepChange"	102	1428812	4.14850904676997	3.96495869874397	4.06604833764784	4.23501189048108
"NightSleepChange"	103	1428812	4.14425122362743	3.96495869874397	4.06218395581459	4.23032130377011
"NightSleepChange"	104	1428812	4.14003473922627	3.95387568556339	4.05835529090881	4.22567843540554
"NightSleepChange"	105	1428812	4.13585879857213	3.95209459768221	4.05456168097304	4.22108233566002
"NightSleepChange"	106	1428812	4.13172262938549	3.94884361717438	4.05080248239066	4.21653208271537
"NightSleepChange"	107	1428812	4.12762548124445	3.94868923017587	4.04707706921207	4.21202678158366
"NightSleepChange"	108	1428812	4.12356662476758	3.94388445283441	4.04338483251164	4.20756556307965
"NightSleepChange"	109	1428812	4.11954535083466	3.94214379125811	4.03972517977368	4.20314758284195
"NightSleepChange"	110	1428812	4.11556096984307	3.92601785465777	4.036097534306	4.19877202039996
"NightSleepChange"	111	1428812	4.11161281099807	3.92425236063868	4.0325013346794	4.19443807828424
"NightSleepChange"	112	1428812	4.10770022163502	3.91338749769212	4.02893603419188	4.19014498117765
"NightSleepChange"	113	1428812	4.10382256657182	3.91203766384504	4.02540110035623	4.18589197510536
"NightSleepChange"	114	1428812	4.09997922749006	3.91069554815213	4.02189601440968	4.18167832666133
"NightSleepChange"	115	1428812	4.0961696023433	3.90740917193591	4.01842027084471	4.17750332226952
"NightSleepChange"	116	1428812	4.09239310479104	3.90597982131388	4.01497337695961	4.17336626747782
"NightSleepChange"	117	1428812	4.08864916365717	3.90272186133452	4.01155485242814	4.16926648628315
"NightSleepChange"	118	1428812	4.08493722241145	3.90160550267522	4.00816422888705	4.16520332048586
"NightSleepChange"	119	1428812	4.08125673867308	3.90143933445642	4.00480104954074	4.16117612907223
"NightSleepChange"	120	1428812	4.07760718373505	3.88914440781852	4.00146486878211	4.15718428762328
"NightSleepChange"	121	1428812	4.07398804210832	3.88876101686517	3.99815525182892	4.15322718774886
"NightSleepChange"	122	1428812	4.07039881108487	3.88876101686517	3.99487177437477	4.14930423654552
"NightSleepChange"	123	1428812	4.06683900031865	3.88725427768407	3.99161402225412	4.14541485607707
"NightSleepChange"	124	1428812	4.06330813142352	3.88389723420005	3.98838159112058	4.14155848287673
"NightSleepChange"	125	1428812	4.05980573758745	3.88389723420005	3.98517408613794	4.13773456746967
"NightSleepChange"	126	1428812	4.05633136320215	3.88389723420005	3.98199112168324	4.13394257391515
"NightSleepChange"	127	1428812	4.05288456350737	3.88389723420005	3.97883232106137	4.13018197936711
"NightSleepChange"	128	1428812	4.04946490424923	3.88288786430762	3.9756973162307	4.12645227365244
"NightSleepChange"	129	1428812	4.04607196135189	3.87221188771753	3.97258574753914	4.12275295886603
"NightSleepChange"	130	1428812	4.04270532060193	3.87141981293677	3.96949726347027	4.11908354898188
"NightSleepChange"	131	1428812	4.0393645773449	3.86986894956778	3.96643152039895	4.11544356947941
"NightSleepChange"	132	1428812	4.03604933619343	3.86693716039012	3.96338818235613	4.11183255698433
"NightSleepChange"	133	1428812	4.03275921074638	3.86693716039012	3.96036692080234	4.1082500589234
"NightSleepChange"	134	1428812	4.02949382331861	3.85136033303685	3.95736741440952	4.10469563319243
"NightSleepChange"	135	1428812	4.02625280468078	3.849022632578	3.95438934885079	4.10116884783686
"NightSleepChange"	136	1428812	4.02303579380878	3.8477208309494	3.95143241659793	4.09766928074446
"NightSleepChange"	137	1428812	4.01984243764243	3.84265809180139	3.94849631672603	4.09419651934951
"NightSleepChange"	138	1428812	4.01667239085292	3.83334199316426	3.9455807547252	4.090750160348
"NightSleepChange"	139	1428812	4.01352531561874	3.82796073303996	3.94268544231895	4.08732980942336
"NightSleepChange"	140	1428812	4.01040088140959	3.82695074541755	3.93981009728896	4.08393508098222
"NightSleepChange"	141	1428812	4.00729876477811	3.82618169572655	3.93695444330592	4.08056559789981
"NightSleepChange"	142	1428812	4.00421864915889	3.82385373379366	3.93411820976637	4.07722099127455
"NightSleepChange"	143	1428812	4.00116022467468	3.82297456559483	3.93130113163504	4.07390090019143
"NightSleepChange"	144	1428812	3.99812318794919	3.82223559134945	3.92850294929268	4.07060497149389
"NightSleepChange"	145	1428812	3.99510724192664	3.81758534756545	3.92572340838899	4.06733285956366
"NightSleepChange"	146	1428812	3.99211209569728	3.81677572403037	3.92296225970061	4.06408422610846
"NightSleepChange"	147	1428812	3.98913746432908	3.81677572403037	3.92021925899376	4.06085873995697
"NightSleepChange"	148	1428812	3.98618306870502	3.81363705960527	3.91749416689157	4.05765607686106
"NightSleepChange"	149	1428812	3.98324863536597	3.81100405825798	3.91478674874572	4.05447591930468
"NightSleepChange"	150	1428812	3.98033389635876	3.81041705417699	3.91209677451234	4.05131795631937
"NightSleepChange"	151	1428812	3.97743858908934	3.80902993804757	3.90942401863197	4.04818188330603
"NightSleepChange"	152	1428812	3.97456245618088	3.80857693331219	3.90676825991338	4.04506740186267
"NightSleepChange"	153	1428812	3.9717052453364	3.80722074735084	3.90412928142114	4.04197421961792
"NightSleepChange"	154	1428812	3.968866709206	3.79997895360885	3.90150687036686	4.03890205007015
"NightSleepChange"	155	1428812	3.96604660525835	3.79545678651574	3.8989008180038	4.03585061243184
"NightSleepChange"	156	1428812	3.96324469565635	3.79545678651574	3.89631091952483	4.03281963147908
"NightSleepChange"	157	1428812	3.96046074713674	3.79374366580342	3.89373697396368	4.02980883740602
"NightSleepChange"	158	1428812	3.95769453089358	3.78652740135259	3.89117878409914	4.02681796568397
"NightSleepChange"	159	1428812	3.95494582246543	3.78417216052562	3.88863615636238	4.02384675692511
"NightSleepChange"	160	1428812	3.952214401626	3.77994685630361	3.88610890074696	4.02089495675052
"NightSleepChange"	161	1428812	3.94950005227831	3.77926708224953	3.88359683072177	4.01796231566241
"NightSleepChange"	162	1428812	3.94680256235208	3.77646512224617	3.88109976314648	4.01504858892043
"NightSleepChange"	163	1428812	3.94412172370431	3.77646512224617	3.87861751818965	4.0121535364218
"NightSleepChange"	164	1428812	3.9414573320229	3.77646512224617	3.87614991924922	4.00927692258526
"NightSleepChange"	165	1428812	3.93880918673321	3.77631978906096	3.87369679287547	4.00641851623854
"NightSleepChange"	166	1428812	3.93617709090747	3.77604482718799	3.87125796869617	4.00357809050937
"NightSleepChange"	167	1428812	3.93356085117687	3.76968905290129	3.86883327934404	4.0007554227198
"NightSleepChange"	168	1428812	3.93096027764634	3.76936207392176	3.86642256038623	3.99795029428373
"NightSleepChange"	169	1428812	3.92837518381185	3.76910168868455	3.86402565025599	3.99516249060756
"NightSleepChange"	170	1428812	3.9258053864801	3.76910168868455	3.86164239018618	3.99239180099382
"NightSleepChange"	171	1428812	3.92325070569069	3.76792679290145	3.85927262414486	3.98963801854774
"NightSleepChange"	172	1428812	3.92071096464041	3.76623249600912	3.85691619877256	3.98690094008647
"NightSleepChange"	173	1428812	3.91818598960991	3.76392650219183	3.85457296332144	3.98418036605113
"NightSleepChange"	174	1428812	3.91567560989231	3.76392650219183	3.85224276959622	3.98147610042137
"NightSleepChange"	175	1428812	3.91317965772401	3.76388867682402	3.8499254718966	3.97878795063242
"NightSleepChange"	176	1428812	3.91069796821736	3.76287366656856	3.8476209269615	3.9761157274946
"NightSleepChange"	177	1428812	3.90823037929536	3.76287366656856	3.84532899391472	3.97345924511508
"NightSleepChange"	178	1428812	3.90577673162809	3.76287366656856	3.84304953421214	3.97081832082201
"NightSleepChange"	179	1428812	3.90333686857099	3.76242861667626	3.84078241159043	3.96819277509068
"NightSleepChange"	180	1428812	3.90091063610487	3.76242861667626	3.83852749201703	3.96558243147186
"NightSleepChange"	181	1428812	3.89849788277753	3.76220751855799	3.8362846436417	3.96298711652216
"NightSleepChange"	182	1428812	3.89609845964707	3.75978034152941	3.83405373674916	3.96040665973633
"NightSleepChange"	183	1428812	3.89371222022671	3.75852574180729	3.83183464371318	3.95784089348142
"NightSleepChange"	184	1428812	3.8913390204311	3.75600012426567	3.82962723895183	3.95528965293287
"NightSleepChange"	185	1428812	3.88897871852412	3.75200955848983	3.8274313988839	3.95275277601224
"NightSleepChange"	186	1428812	3.88663117506814	3.75090197010495	3.82524700188653	3.95023010332672
"NightSleepChange"	187	1428812	3.8842962528745	3.74982161069482	3.82307392825393	3.94772147811033
"NightSleepChange"	188	1428812	3.88197381695547	3.74863923270277	3.82091206015721	3.94522674616662
"NightSleepChange"	189	1428812	3.87966373447739	3.74744549741605	3.8187612816052	3.942745755813
"NightSleepChange"	190	1428812	3.87736587471511	3.74385014174723	3.81662147840634	3.94027835782653
"NightSleepChange"	191	1428812	3.87508010900757	3.74235981750017	3.81449253813156	3.93782440539119
"NightSleepChange"	192	1428812	3.87280631071456	3.74021505446693	3.81237435007809	3.9353837540465
"NightSleepChange"	193	1428812	3.87054435517468	3.73951360575088	3.81026680523419	3.93295626163757
"NightSleepChange"	194	1428812	3.86829411966427	3.73858961512456	3.80816979624479	3.9305417882664
"NightSleepChange"	195	1428812	3.86605548335748	3.73821153661018	3.806083217378	3.92814019624451
"NightSleepChange"	196	1428812	3.86382832728732	3.73761773834612	3.80400696449249	3.92575135004676
"NightSleepChange"	197	1428812	3.86161253430776	3.73704845481727	3.80194093500562	3.9233751162664
"NightSleepChange"	198	1428812	3.85940798905673	3.7323191544394	3.79988502786243	3.92101136357128
"NightSleepChange"	199	1428812	3.85721457792007	3.72864870294513	3.79783914350536	3.91865996266112
"NightSleepChange"	200	1428812	3.85503218899644	3.72780552743643	3.79580318384476	3.91632078622599
"NightSleepChange"	201	1428812	3.852860712063	3.72514506721461	3.79377705223005	3.91399370890573
"NightSleepChange"	203	1428812	3.84855006146852	3.72446752260797	3.78975389356372	3.90937535968206
"NightSleepChange"	205	1428812	3.84428177667584	3.71725783273359	3.78576892203334	3.90480394962786
"NightSleepChange"	206	1428812	3.84216326280712	3.7160274910793	3.78379052932957	3.90253555301134
"NightSleepChange"	208	1428812	3.83795698797109	3.71503941182809	3.77986148710751	3.89803280427879
"NightSleepChange"	210	1428812	3.83379106171689	3.71120992048941	3.77596885976213	3.8935747047193
"NightSleepChange"	212	1428812	3.82966471730814	3.71116525193549	3.7721119729179	3.88916038484128
"NightSleepChange"	214	1428812	3.82557720965816	3.70847575499193	3.76829017083749	3.88478900020332
"NightSleepChange"	216	1428812	3.82152781452245	3.70641648650388	3.7645028157394	3.88045973046349
"NightSleepChange"	218	1428812	3.81751582772855	3.70489052461246	3.76074928714675	3.87617177847321
"NightSleepChange"	220	1428812	3.81354056444106	3.70131718293771	3.75702898126522	3.87192436941333
"NightSleepChange"	222	1428812	3.80960135846012	3.70086984918402	3.75334131038885	3.86771674996989
"NightSleepChange"	224	1428812	3.80569756155125	3.6976301034693	3.74968570233208	3.86354818754759
"NightSleepChange"	226	1428812	3.80182854280522	3.6931719626442	3.74606159988666	3.85941796951873
"NightSleepChange"	228	1428812	3.79799368802607	3.6904975850333	3.74246846030215	3.85532540250595
"NightSleepChange"	230	1428812	3.79419239914592	3.68920263934108	3.73890575478882	3.85126981169669
"NightSleepChange"	232	1428812	3.79042409366523	3.68763432080616	3.73537296804174	3.84725054018798
"NightSleepChange"	234	1428812	3.78668820411707	3.68596626173263	3.73186959778502	3.84326694835973
"NightSleepChange"	236	1428812	3.78298417755429	3.67969374012581	3.72839515433516	3.83931841327517
"NightSleepChange"	238	1428812	3.77931147505832	3.6717080798851	3.72494916018262	3.83540432810713
"NightSleepChange"	240	1428812	3.77566957126862	3.66856055555176	3.72153114959061	3.83152410158853
"NightSleepChange"	242	1428812	3.77205795393167	3.666643422916	3.7181406682103	3.82767715748626
"NightSleepChange"	244	1428812	3.76847612346855	3.66598076062309	3.71477727271167	3.82386293409697
"NightSleepChange"	247	1428812	3.76315816540596	3.66081697001936	3.70978202186823	3.81820175607684
"NightSleepChange"	249	1428812	3.75964869594985	3.65652641460626	3.7064844706572	3.81446696806219
"NightSleepChange"	251	1428812	3.75616735881594	3.65399342547623	3.70321253545674	3.8107630424203
"NightSleepChange"	253	1428812	3.75271370656452	3.65391903383555	3.69996581833542	3.80708947712988
"NightSleepChange"	255	1428812	3.74928730234643	3.65120075119702	3.69674393059773	3.80344578227407
"NightSleepChange"	258	1428812	3.74419785564199	3.64930047263639	3.69195682577591	3.79803520411118
"NightSleepChange"	260	1428812	3.74083772683473	3.64269991517552	3.68879536902906	3.79446411795651
"NightSleepChange"	262	1428812	3.73750339581591	3.64072054280537	3.68565744995662	3.79092127742432
"NightSleepChange"	265	1428812	3.732549412648	3.64019486243946	3.68099393990902	3.78565901745537
"NightSleepChange"	267	1428812	3.72927787565661	3.63816454781487	3.67791334858657	3.78218488812688
"NightSleepChange"	269	1428812	3.72603079898363	3.6359163805628	3.67485510181371	3.7787375082127
"NightSleepChange"	272	1428812	3.72120525509434	3.63431363277454	3.67030892044996	3.77361570840406
"NightSleepChange"	274	1428812	3.71801775834975	3.63096977819085	3.66730513204841	3.77023344673561
"NightSleepChange"	277	1428812	3.71327995337849	3.61948485850358	3.66283918068989	3.76520750288535
"NightSleepChange"	279	1428812	3.71014988950946	3.61778837942672	3.65988793144661	3.76188796226782
"NightSleepChange"	282	1428812	3.70549668983184	3.6146100338914	3.65549940756259	3.75695437740208
"NightSleepChange"	284	1428812	3.70242202579028	3.61281312915431	3.65259887831272	3.75369529016538
"NightSleepChange"	287	1428812	3.6978504627158	3.60904723900821	3.64828512420082	3.74885075459117
"NightSleepChange"	289	1428812	3.69482927152745	3.60578304170766	3.64543358897773	3.74564997344336
"NightSleepChange"	292	1428812	3.69033652992417	3.60404664835111	3.64119208193268	3.74089135163789
"NightSleepChange"	294	1428812	3.68736698343557	3.60199050976923	3.63838790169533	3.73774684131079
"NightSleepChange"	297	1428812	3.68295039131892	3.59925656798192	3.63421624499919	3.7330711599367
"NightSleepChange"	300	1428812	3.67857826229387	3.59220303735007	3.63008539738197	3.7284438789525
"NightSleepChange"	302	1428812	3.67568777254303	3.59115820757317	3.62735377653192	3.72538542647546
"NightSleepChange"	305	1428812	3.67138779205031	3.58733117557347	3.62328918618043	3.72083663888435
"NightSleepChange"	308	1428812	3.66712996890777	3.58532742156428	3.61926333271786	3.71633369066184
"NightSleepChange"	311	1428812	3.6629134845066	3.58112224228049	3.61527547973169	3.7118756734283
"NightSleepChange"	313	1428812	3.66012506733911	3.57799322159084	3.6126376682619	3.70892818711064
"NightSleepChange"	316	1428812	3.65597572543905	3.5718684469869	3.60871156926626	3.70454310814131
"NightSleepChange"	319	1428812	3.65186565234784	3.57173558517279	3.60482160691389	3.70020066530948
"NightSleepChange"	322	1428812	3.64779411175896	3.56715893306568	3.60096711759489	3.69590004303465
"NightSleepChange"	325	1428812	3.64376038788282	3.5610385892069	3.59714745587343	3.69164044883904
"NightSleepChange"	328	1428812	3.6397637846914	3.55762058493661	3.59336199382873	3.687421112485
"NightSleepChange"	330	1428812	3.63711967008918	3.55724594379932	3.59085704986374	3.68463021640457
"NightSleepChange"	333	1428812	3.63318343938008	3.55302968647941	3.5871272374902	3.6804763226278
"NightSleepChange"	336	1428812	3.62928256451419	3.54801411105109	3.58343003126929	3.67636073531598
"NightSleepChange"	339	1428812	3.62541641599804	3.54171123740984	3.57976486232634	3.67228275901887
"NightSleepChange"	342	1428812	3.62158438100165	3.53763944289437	3.57613117659376	3.6682417169936
"NightSleepChange"	345	1428812	3.61778586277556	3.52858066033176	3.57252843430058	3.66423695054097
"NightSleepChange"	349	1428812	3.61277230658518	3.524373841197	3.5677720050069	3.65895258463482
"NightSleepChange"	352	1428812	3.60904975966336	3.52388602805031	3.56423944165234	3.655029996236
"NightSleepChange"	355	1428812	3.60535884950012	3.52054706381275	3.56073611963286	3.65114161011817
"NightSleepChange"	358	1428812	3.6016990428821	3.51425586590387	3.5572615557412	3.64728683878304
"NightSleepChange"	361	1428812	3.59806981996376	3.50786986488947	3.55381527868709	3.64346510969317
"NightSleepChange"	364	1428812	3.59447067382415	3.50553093475736	3.55039682870785	3.63967586476933
"NightSleepChange"	368	1428812	3.58971774559899	3.50067177085186	3.54588140815149	3.63467313065945
"NightSleepChange"	371	1428812	3.58618687670386	3.49535518269707	3.54252616203272	3.63095758946132
"NightSleepChange"	374	1428812	3.58268448286779	3.4916777145911	3.53919728901504	3.6272727705458
"NightSleepChange"	378	1428812	3.578058133054	3.4916480751584	3.53479910243355	3.62240660513881
"NightSleepChange"	381	1428812	3.57462042791261	3.48661990295324	3.53153017360725	3.61879154506909
"NightSleepChange"	384	1428812	3.5712097207342	3.48314612809562	3.52828627528463	3.61520558453982
"NightSleepChange"	388	1428812	3.56670338217687	3.47893386863105	3.5239993535649	3.61046877306633
"NightSleepChange"	391	1428812	3.56335405080588	3.47649415216587	3.52081238630986	3.60694893405579
"NightSleepChange"	395	1428812	3.55892808147376	3.47318661816813	3.51660003893293	3.6022986772658
"NightSleepChange"	398	1428812	3.55563795602671	3.4701706989511	3.51346802712162	3.5988425798225
"NightSleepChange"	402	1428812	3.5512895394045	3.46437553664691	3.50932768864188	3.59427578979389
"NightSleepChange"	405	1428812	3.54805656307091	3.46042211665469	3.50624875803107	3.59088117981974
"NightSleepChange"	409	1428812	3.54378302815077	3.45697675900758	3.50217799352765	3.58639493050843
"NightSleepChange"	413	1428812	3.53955113613326	3.45304791091386	3.49814593956466	3.58195344918469
"NightSleepChange"	416	1428812	3.53640406089907	3.45022330330791	3.4951468607768	3.57865118719365
"NightSleepChange"	420	1428812	3.53224312385448	3.44597748775438	3.49118079746803	3.57428594920155
"NightSleepChange"	424	1428812	3.52812167435248	3.4428466335474	3.48725147662096	3.56996312179782
"NightSleepChange"	427	1428812	3.52505605351566	3.44200103660721	3.48432818936527	3.56674834422409
"NightSleepChange"	431	1428812	3.52100193322953	3.43722432576975	3.48046154647768	3.56249779683024
"NightSleepChange"	435	1428812	3.51698530823452	3.43401412594993	3.47662982474066	3.5582874835443
"NightSleepChange"	439	1428812	3.51300549131714	3.43382540328734	3.47283239540658	3.55411665418326
"NightSleepChange"	443	1428812	3.50906181398536	3.4301206831898	3.46906864660529	3.54998457929227
"NightSleepChange"	447	1428812	3.50515362579464	3.4275106057326	3.46533798274431	3.54589054938924
"NightSleepChange"	451	1428812	3.50128029370412	3.42146966377203	3.46163982393559	3.54183387424362
"NightSleepChange"	455	1428812	3.49744120146122	3.41955061481695	3.45797360544719	3.53781388218729
"NightSleepChange"	459	1428812	3.49363574901316	3.41441520407674	3.45433877717874	3.53382991945601
"NightSleepChange"	463	1428812	3.48986335194415	3.41159158196323	3.45073480315949	3.52988134955986
"NightSleepChange"	467	1428812	3.48612344093669	3.40810545908438	3.44716116106763	3.52596755268093
"NightSleepChange"	471	1428812	3.48241546125593	3.40112636169601	3.44361734177001	3.52208792509716
"NightSleepChange"	476	1428812	3.47782456774577	3.39669536871421	3.43922875091929	3.51728554657359
"NightSleepChange"	480	1428812	3.47418647751252	3.39499788020012	3.43575023673604	3.51348067220612
"NightSleepChange"	484	1428812	3.47057861060018	3.39355199084988	3.43229997654037	3.50970810968938
"NightSleepChange"	488	1428812	3.46700046898465	3.3847613856347	3.42887751254529	3.50596731782974
"NightSleepChange"	493	1428812	3.46256885418557	3.37770306476123	3.42463784143287	3.50133520274762
"NightSleepChange"	497	1428812	3.4590558361878	3.37452086134821	3.42127630185465	3.49766398506726
"NightSleepChange"	502	1428812	3.45470415166277	3.37279293574654	3.41711142985985	3.49311723712564
"NightSleepChange"	506	1428812	3.45125392909218	3.36686901121392	3.41380867222573	3.48951306636491
"NightSleepChange"	511	1428812	3.44697934259627	3.36183134072571	3.4097159920458	3.48504861228094
"NightSleepChange"	515	1428812	3.44358970992075	3.35483327316014	3.4064699852333	3.4815090960759
"NightSleepChange"	520	1428812	3.43938953712601	3.35360313627217	3.40244702390419	3.47712402517236
"NightSleepChange"	524	1428812	3.43605840300434	3.3498654518425	3.39925584054417	3.47364689663724
"NightSleepChange"	529	1428812	3.43193009737576	3.34664756943254	3.39530025035296	3.46933844958798
"NightSleepChange"	534	1428812	3.42784066525872	3.34484138825883	3.39138111748469	3.46507143135999
"NightSleepChange"	538	1428812	3.42459662043156	3.3397000418055	3.38827161002426	3.46168711723593
"NightSleepChange"	543	1428812	3.42057534649864	3.33468736016994	3.3844164258514	3.4574927074342
"NightSleepChange"	548	1428812	3.41659096550705	3.33047950445008	3.38059587046761	3.45333758335675
"NightSleepChange"	553	1428812	3.41264280666206	3.32509111703854	3.37680932413101	3.44922101966551
"NightSleepChange"	558	1428812	3.40873021729901	3.32405402002998	3.37305618363137	3.44514231087609
"NightSleepChange"	563	1428812	3.4048525622358	3.32375737641066	3.36933586170633	3.44110077064092
"NightSleepChange"	568	1428812	3.40100922315404	3.32188150159893	3.36564778648332	3.43709573106438
"NightSleepChange"	573	1428812	3.39719959800728	3.32047762281611	3.36199140094558	3.43312654204827
"NightSleepChange"	578	1428812	3.39342310045502	3.31846028775709	3.35836616242126	3.42919257066603
"NightSleepChange"	583	1428812	3.38967915932115	3.31528476673297	3.35477154209429	3.42529320056416
"NightSleepChange"	588	1428812	3.38596721807543	3.31186683574349	3.35120702453591	3.42142783138951
"NightSleepChange"	594	1428812	3.38155436572859	3.30876639877262	3.34696863249946	3.41683344711982
"NightSleepChange"	599	1428812	3.37791093427677	3.30709318216645	3.34346858984902	3.4130408421152
"NightSleepChange"	604	1428812	3.37429781458584	3.303556236861	3.33999708544866	3.40928041819149
"NightSleepChange"	610	1428812	3.3700013790648	3.30136018495806	3.33586829829551	3.4048096307217
"NightSleepChange"	615	1428812	3.36645320179673	3.29789530662233	3.33245796095875	3.40111812715885
"NightSleepChange"	621	1428812	3.36223330318446	3.29598167985956	3.328401280811	3.39672854310594
"NightSleepChange"	626	1428812	3.35874777498977	3.29403627471638	3.32504998222899	3.39310349088283
"NightSleepChange"	632	1428812	3.35460173412785	3.29207912372161	3.32106292190114	3.38879222680639
"NightSleepChange"	637	1428812	3.35117668102953	3.28947562168271	3.31776864320338	3.38523128693957
"NightSleepChange"	643	1428812	3.34710195701587	3.28660607087304	3.31384884230959	3.38099560995138
"NightSleepChange"	649	1428812	3.34306510859911	3.28363433868608	3.30996477614229	3.37680006096054
"NightSleepChange"	655	1428812	3.33906543813243	3.27722544804717	3.30611579597879	3.37264389033015
"NightSleepChange"	660	1428812	3.33576028913682	3.27335753962857	3.30293465844298	3.36920996904393
"NightSleepChange"	666	1428812	3.33182702920851	3.2718232188974	3.29914837554197	3.3651241134816
"NightSleepChange"	672	1428812	3.32792907201447	3.26770195635975	3.29539543382417	3.36107562257002
"NightSleepChange"	678	1428812	3.32406578947276	3.26311767848167	3.29167524851249	3.35706382225694
"NightSleepChange"	684	1428812	3.32023657011536	3.2572803661286	3.28798725011609	3.35308805652528
"NightSleepChange"	690	1428812	3.31644081850734	3.25564207318921	3.28433088390145	3.34914768675629
"NightSleepChange"	697	1428812	3.31205396825922	3.25379953375253	3.28010438259003	3.34459449657685
"NightSleepChange"	703	1428812	3.30832876044209	3.25053346353327	3.27651471695392	3.34072870643031
"NightSleepChange"	709	1428812	3.30463523443573	3.24727872502314	3.2729550185799	3.3368963979757
"NightSleepChange"	715	1428812	3.30097285589221	3.24496024928221	3.26942478901234	3.3330969988239
"NightSleepChange"	722	1428812	3.29673875358969	3.24069862784221	3.26534278531513	3.32870521671223
"NightSleepChange"	728	1428812	3.29314209136126	3.23863831546896	3.26187475318424	3.3249752259499
"NightSleepChange"	735	1428812	3.28898328889293	3.23431207747984	3.25786403495153	3.32066295471801
"NightSleepChange"	741	1428812	3.28545002616198	3.23044323215783	3.25445603707926	3.31699989281333
"NightSleepChange"	748	1428812	3.28136389202274	3.22565021507781	3.25051414655964	3.31276431698663
"NightSleepChange"	755	1428812	3.2773158449076	3.22134742894675	3.24660834334698	3.30856892431752
"NightSleepChange"	761	1428812	3.27387587063019	3.21655953404907	3.24328873559119	3.30500428539653
"NightSleepChange"	768	1428812	3.26989670486998	3.21349488982239	3.2394482204849	3.30088153941176
"NightSleepChange"	775	1428812	3.26595366692398	3.21148023301614	3.2356419606249	3.29679688288493
"NightSleepChange"	782	1428812	3.262046106664	3.2078458364593	3.23186934771088	3.29274962146725
"NightSleepChange"	789	1428812	3.25817339135428	3.20603649060585	3.22812978953763	3.28873907958461
"NightSleepChange"	796	1428812	3.2543349050366	3.20259325789037	3.22442270943146	3.28476459976764
"NightSleepChange"	803	1428812	3.25053004794229	3.19832194096411	3.22074754571104	3.28082554201139
"NightSleepChange"	810	1428812	3.24675823592981	3.19534476588996	3.21710375117154	3.27692128316298
"NightSleepChange"	817	1428812	3.24301889994652	3.19218297503245	3.21349079259067	3.2730512163359
"NightSleepChange"	825	1428812	3.23878442903867	3.18922864586579	3.20939878930121	3.26866939293357
"NightSleepChange"	832	1428812	3.23511283546367	3.18570444801608	3.20585017445048	3.2648706234484
"NightSleepChange"	839	1428812	3.2314720220771	3.18390459441326	3.20233080558506	3.26110423840979
"NightSleepChange"	847	1428812	3.22734812657425	3.18107899975922	3.19834386579666	3.25683875402443
"NightSleepChange"	854	1428812	3.22377156356845	3.17562876463538	3.19488556523391	3.25313994577853
"NightSleepChange"	862	1428812	3.21971980723516	3.17332667245393	3.19096720726671	3.24895031853858
"NightSleepChange"	870	1428812	3.21570550268047	3.1701830978382	3.18708446637927	3.24480006005073
"NightSleepChange"	877	1428812	3.21222316858939	3.16848983479597	3.18371577830495	3.24120030418063
"NightSleepChange"	885	1428812	3.20827725177346	3.16696514316458	3.17989809652184	3.23712191033163
"NightSleepChange"	893	1428812	3.20436686423497	3.16328734559311	3.17611422576879	3.23308084003086
"NightSleepChange"	901	1428812	3.20049137186365	3.1588790189313	3.17236357001431	3.22907641906367
"NightSleepChange"	909	1428812	3.19665015737515	3.15637734194288	3.16864554888111	3.2251079912845
"NightSleepChange"	917	1428812	3.19284261972097	3.15051302088908	3.1649595971019	3.22117491797759
"NightSleepChange"	925	1428812	3.18906817352401	3.14650925292113	3.16130516399879	3.21727657724592
"NightSleepChange"	934	1428812	3.18486076673411	3.14365604453347	3.15723093384463	3.21293170669631
"NightSleepChange"	942	1428812	3.18115476466652	3.1397009319212	3.15364171322484	3.20910518119228
"NightSleepChange"	950	1428812	3.17748011994617	3.1369383900545	3.15008237908038	3.20531154694508
"NightSleepChange"	959	1428812	3.17338297180512	3.13119632990014	3.14611323532127	3.2010823289873
"NightSleepChange"	967	1428812	3.16977323065463	3.12826190051707	3.14261577982765	3.19735675200443
"NightSleepChange"	976	1428812	3.16574781528867	3.12493062985363	3.13871504011377	3.19320273662146
"NightSleepChange"	985	1428812	3.16175936854507	3.12182934367329	3.13484956477727	3.18908746583631
"NightSleepChange"	994	1428812	3.15780721757337	3.11871750861237	3.13101871948967	3.18501022632766
"NightSleepChange"	1002	1428812	3.15432413538961	3.11617055660713	3.12764209638668	3.18141737958894
"NightSleepChange"	1011	1428812	3.15043877116788	3.11080982742866	3.12387499234925	3.17741009906754
"NightSleepChange"	1020	1428812	3.14658785890505	3.10692599917273	3.12014077921231	3.17343889609717
"NightSleepChange"	1030	1428812	3.14234873806515	3.10525982103617	3.11602953461792	3.16906798199526
"NightSleepChange"	1039	1428812	3.13856858814809	3.09998153941831	3.11236289893504	3.1651708570097
"NightSleepChange"	1048	1428812	3.13482105738087	3.09466833441767	3.10872742403876	3.16130786899166
"NightSleepChange"	1057	1428812	3.13110558763087	3.09074251709488	3.10512258279457	3.15747842729135
"NightSleepChange"	1067	1428812	3.12701422923376	3.08772160047007	3.10115250744852	3.15326213707026
"NightSleepChange"	1076	1428812	3.12336467429572	3.08240522506097	3.09761066541073	3.14950164333535
"NightSleepChange"	1086	1428812	3.11934526122877	3.0792465688501	3.09370936689622	3.14536059410845
"NightSleepChange"	1096	1428812	3.11536270712248	3.07595498592345	3.08984331476069	3.14125808069985
"NightSleepChange"	1105	1428812	3.11180936881175	3.07251825419731	3.08639347957856	3.13759818117547
"NightSleepChange"	1115	1428812	3.10789501620295	3.06849432903614	3.08259266438626	3.13356695119039
"NightSleepChange"	1125	1428812	3.10401562924755	3.06494439337967	3.07882530473368	3.1295722563612
"NightSleepChange"	1135	1428812	3.10017058879825	3.06121067565728	3.07509081469318	3.12561344275083
"NightSleepChange"	1145	1428812	3.09635929200864	3.05608030134255	3.07138862362335	3.12168987379274
"NightSleepChange"	1155	1428812	3.09258115176601	3.05193637092185	3.06771817564121	3.11780092968173
"NightSleepChange"	1166	1428812	3.08846281116261	3.04629151842169	3.06371670010555	3.11356236289873
"NightSleepChange"	1176	1428812	3.08475245555825	3.04369755462825	3.06011116602322	3.10974418478991
"NightSleepChange"	1187	1428812	3.08070734646585	3.03923297581522	3.05617983424803	3.10558205571215
"NightSleepChange"	1197	1428812	3.07706238606975	3.035887045583	3.05263695008866	3.10183212292599
"NightSleepChange"	1208	1428812	3.07308794959565	3.03300460306946	3.04877333694713	3.0977437327426
"NightSleepChange"	1219	1428812	3.06914955549846	3.027857818924	3.04494426953862	3.09369293808601
"NightSleepChange"	1230	1428812	3.06524655594447	3.0239321518003	3.04114913345306	3.0896790561826
"NightSleepChange"	1241	1428812	3.06137832041098	3.0176473443782	3.03738733055507	3.08570142265984
"NightSleepChange"	1252	1428812	3.05754423507496	3.01249506164699	3.03365827841362	3.0817593908916
"NightSleepChange"	1263	1428812	3.05374370222851	3.00854132884614	3.02996140975639	3.07785233137241
"NightSleepChange"	1274	1428812	3.04997613971957	3.00531075436295	3.02629617194778	3.07397963111891
"NightSleepChange"	1285	1428812	3.04624098041684	3.00102179311017	3.02266202648908	3.07014069309731
"NightSleepChange"	1297	1428812	3.04220256791383	2.99722937189881	3.01873234850472	3.06599058334517
"NightSleepChange"	1308	1428812	3.03853339147989	2.99134873777489	3.01516153384996	3.06222037705941
"NightSleepChange"	1320	1428812	3.03456569446314	2.98566430673621	3.01129974141326	3.05814391556188
"NightSleepChange"	1332	1428812	3.03063391824424	2.98179064819191	3.00747244169815	3.05410485447682
"NightSleepChange"	1344	1428812	3.02673741825002	2.97972575073016	3.00367902197587	3.05010251600588
"NightSleepChange"	1356	1428812	3.0228755671027	2.97234465868083	2.99991888572727	3.04613624058087
"NightSleepChange"	1368	1428812	3.01904775401374	2.9686036557635	2.99619145207543	3.04220538621649
"NightSleepChange"	1380	1428812	3.015253384204	2.96451022525357	2.99249615524296	3.03830932789149
"NightSleepChange"	1392	1428812	3.01149187834914	2.96047087742204	2.98883244403262	3.0344474569568
"NightSleepChange"	1405	1428812	3.00745334548161	2.95656305332888	2.98489844442763	3.03030165574502
"NightSleepChange"	1417	1428812	3.00375851016275	2.95249149440599	2.98129882726043	3.02650912213358
"NightSleepChange"	1430	1428812	2.9997909293252	2.94816087021193	2.97743304969201	3.02243709818722
"NightSleepChange"	1443	1428812	2.99585926719144	2.94508832705858	2.9736018178859	3.01840241345815
"NightSleepChange"	1455	1428812	2.99226136343613	2.94039493423264	2.97009542695642	3.01471064513531
"NightSleepChange"	1468	1428812	2.98839697909955	2.93699708578308	2.9663289179124	3.01074588118018
"NightSleepChange"	1482	1428812	2.98427343320313	2.93194778788773	2.96230933871248	3.00651572076318
"NightSleepChange"	1495	1428812	2.9804791696439	2.9280738293989	2.95861031060374	3.00262380747077
"NightSleepChange"	1508	1428812	2.97671776820701	2.92394969478824	2.95494291565299	2.99876602689676
"NightSleepChange"	1522	1428812	2.97270313232502	2.92059804368318	2.95102817319631	2.99464898776157
"NightSleepChange"	1535	1428812	2.96900819625136	2.91661206051946	2.94742477408118	2.99086022517435
"NightSleepChange"	1549	1428812	2.9650638793264	2.91140681325444	2.94357774924117	2.98681619347411
"NightSleepChange"	1563	1428812	2.96115506300309	2.90686560457723	2.93976492032107	2.98280901046419
"NightSleepChange"	1577	1428812	2.95728111393528	2.90488646510039	2.93598568290736	2.97883801270954
"NightSleepChange"	1591	1428812	2.95344141557582	2.90198307928837	2.93223944849476	2.97490255450566
"NightSleepChange"	1605	1428812	2.94963536758768	2.89877205317922	2.92852564393227	2.9710020072529
"NightSleepChange"	1619	1428812	2.94586238528061	2.89551630296582	2.92484371089312	2.96713575885819
"NightSleepChange"	1634	1428812	2.94185595020775	2.8935201227	2.92093353249579	2.96303073410561
"NightSleepChange"	1648	1428812	2.93814966575316	2.88910067069646	2.91731590418308	2.95923365436086
"NightSleepChange"	1663	1428812	2.93421343504406	2.88650119179562	2.91347342218059	2.95520142297371
"NightSleepChange"	1678	1428812	2.93031256017817	2.88312671367275	2.90966504125488	2.95120584246322
"NightSleepChange"	1693	1428812	2.92644641166202	2.87845656936839	2.9058901596854	2.94724625449257
"NightSleepChange"	1708	1428812	2.92261437666563	2.87610591127082	2.90214819156164	2.9433220182795
"NightSleepChange"	1723	1428812	2.91881585843954	2.87165566783847	2.89843856623354	2.93943250997828
"NightSleepChange"	1738	1428812	2.91505027575705	2.86879529941062	2.89476072778562	2.93557712208854
"NightSleepChange"	1754	1428812	2.91106931880168	2.86589623762571	2.89087212624904	2.93150165020221
"NightSleepChange"	1769	1428812	2.90737002486843	2.86032552078412	2.8872582796322	2.92771491989248
"NightSleepChange"	1785	1428812	2.90345853672752	2.85522036832339	2.88343675024808	2.92371138818213
"NightSleepChange"	1801	1428812	2.8995819633119	2.8506854146555	2.8796489388995	2.91974400493413
"NightSleepChange"	1817	1428812	2.89573968682047	2.84639547654388	2.87589425411243	2.91581212504154
"NightSleepChange"	1833	1428812	2.89193110570604	2.84257950014271	2.87217211986256	2.91191512048964
"NightSleepChange"	1850	1428812	2.88792075336779	2.83879975768618	2.86825239058394	2.90781208244895
"NightSleepChange"	1866	1428812	2.88417983564236	2.8348209862264	2.86459563582602	2.90398509478107
"NightSleepChange"	1883	1428812	2.88024010414647	2.83101369477137	2.86074415411183	2.89995512285574
"NightSleepChange"	1900	1428812	2.87633579112846	2.82802795427549	2.85692690844353	2.89596178746658
"NightSleepChange"	1917	1428812	2.87246626542883	2.82432586389801	2.85314329386111	2.89200443030665
"NightSleepChange"	1934	1428812	2.86863091261012	2.82121291828184	2.84939272132067	2.88808241063037
"NightSleepChange"	1951	1428812	2.86482913437139	2.81556979212224	2.84567461714051	2.88419510463487
"NightSleepChange"	1968	1428812	2.8610603479881	2.81150180736172	2.84198842247106	2.88034190486842
"NightSleepChange"	1986	1428812	2.8571051976193	2.81004391880093	2.83811956816052	2.87629856361124
"NightSleepChange"	2004	1428812	2.85318574225049	2.80705639538931	2.83428524803335	2.8722921122133
"NightSleepChange"	2021	1428812	2.84951623424054	2.80342039325963	2.83069510293636	2.86854151431845
"NightSleepChange"	2039	1428812	2.84566437323103	2.79995977347142	2.82692619322311	2.86460490484531
"NightSleepChange"	2058	1428812	2.8416352451349	2.79581487805711	2.82298344599898	2.86048753297645
"NightSleepChange"	2076	1428812	2.83785235130467	2.79108859150576	2.81928129453706	2.85662216338249
"NightSleepChange"	2095	1428812	2.83389472432197	2.78451313090764	2.8154077684606	2.85257863811624
"NightSleepChange"	2113	1428812	2.83017837139747	2.78295056756011	2.81177004540375	2.84878198236549
"NightSleepChange"	2132	1428812	2.82628975203605	2.77935591533081	2.80796334564859	2.84480970814674
"NightSleepChange"	2151	1428812	2.82243564212909	2.77532193780403	2.80419007163088	2.84087305775792
"NightSleepChange"	2170	1428812	2.81861543455397	2.77012626086122	2.80044963993891	2.83697139956012
"NightSleepChange"	2190	1428812	2.81463013949106	2.76763165735653	2.79654719959403	2.83290151829245
"NightSleepChange"	2209	1428812	2.81087768542479	2.76521705812509	2.79287241687688	2.82906977700863
"NightSleepChange"	2229	1428812	2.80696245059701	2.76231554107577	2.78903787011275	2.82507218296626
"NightSleepChange"	2249	1428812	2.80308219711524	2.75775433052881	2.78523722998537	2.8211106747047
"NightSleepChange"	2269	1428812	2.79923630541717	2.75425790764315	2.78146990060533	2.81718460820254
"NightSleepChange"	2289	1428812	2.79542417225589	2.75024170268206	2.77773530167473	2.81329335650528
"NightSleepChange"	2309	1428812	2.79164521013204	2.74674682609948	2.77403286794742	2.80943630912798
"NightSleepChange"	2330	1428812	2.78771237423496	2.74328946827648	2.77017932794621	2.80542257140311
"NightSleepChange"	2351	1428812	2.78381483349493	2.7398618026183	2.76636002218475	2.80144521844486
"NightSleepChange"	2372	1428812	2.77995196003131	2.73558361280147	2.76257434625583	2.79750359813702
"NightSleepChange"	2393	1428812	2.77612314257032	2.73261235180862	2.75882171163805	2.79359707571805
"NightSleepChange"	2414	1428812	2.77232778586449	2.72851154642881	2.75510154514352	2.78972503317112
"NightSleepChange"	2436	1428812	2.76838695511142	2.72585139114275	2.75123844373028	2.78570493388833
"NightSleepChange"	2457	1428812	2.76465832054836	2.72304673316781	2.74758303290133	2.78190163207977
"NightSleepChange"	2479	1428812	2.76078616577803	2.7197836925807	2.74378659220118	2.77795227722261
"NightSleepChange"	2501	1428812	2.75694823013552	2.71549031069996	2.740023373023	2.77403816524485
"NightSleepChange"	2524	1428812	2.7529717799495	2.71202816740408	2.73612399243841	2.76998314644203
"NightSleepChange"	2546	1428812	2.74920198764585	2.70850239011022	2.73242694304211	2.76613920273527
"NightSleepChange"	2569	1428812	2.74529551895885	2.7054301727921	2.72859552605726	2.7621562356235
"NightSleepChange"	2592	1428812	2.74142387584365	2.70234451991335	2.72479793706273	2.75820911734209
"NightSleepChange"	2615	1428812	2.73758644285353	2.69838843929188	2.72103358254141	2.75429720983708
"NightSleepChange"	2638	1428812	2.73378262071345	2.69285496248552	2.7173018844786	2.75041989191921
"NightSleepChange"	2662	1428812	2.72984861851043	2.69012507868492	2.71344214693813	2.74641021898763
"NightSleepChange"	2686	1428812	2.72594993230769	2.68646600708947	2.70961673136304	2.74243688122034
"NightSleepChange"	2710	1428812	2.72208593367079	2.68350755629291	2.70582503132242	2.73849922751169
"NightSleepChange"	2734	1428812	2.71825601079163	2.67840364056717	2.70206645633547	2.73459662408198
"NightSleepChange"	2758	1428812	2.71445956790698	2.67495459793644	2.69834043131661	2.73072845386855
"NightSleepChange"	2783	1428812	2.71053991601246	2.67003902181388	2.69449316401852	2.72673507737181
"NightSleepChange"	2807	1428812	2.70681004246351	2.66807693924382	2.69083187115018	2.72293535919443
"NightSleepChange"	2833	1428812	2.70280517048377	2.66494147273161	2.68690031273155	2.71885582854522
"NightSleepChange"	2858	1428812	2.69898884995188	2.6616012833576	2.68315354378216	2.71496868613901
"NightSleepChange"	2883	1428812	2.69520577305247	2.65844677789042	2.67943911500308	2.71111571285984
"NightSleepChange"	2909	1428812	2.69130602088482	2.65367441435328	2.67560981935009	2.70714422874908
"NightSleepChange"	2935	1428812	2.68744097516961	2.64946900693617	2.6718142951317	2.70320840870736
"NightSleepChange"	2961	1428812	2.68361002360119	2.64475159403745	2.66805195056476	2.69930761931114
"NightSleepChange"	2988	1428812	2.67966717506301	2.6416957788536	2.66417940115134	2.69529321615572
"NightSleepChange"	3014	1428812	2.67590389321527	2.63881253576943	2.66048292311672	2.69146194276334
"NightSleepChange"	3041	1428812	2.67203008127051	2.63551279340119	2.65667757872461	2.6875184513505
"NightSleepChange"	3068	1428812	2.66819051762016	2.63141934497831	2.65290557994955	2.68361013224196
"NightSleepChange"	3096	1428812	2.66424428067028	2.62887669941805	2.64902847787475	2.67959354767389
"NightSleepChange"	3123	1428812	2.66047264197303	2.62612662115279	2.64532262551789	2.67575497380204
"NightSleepChange"	3151	1428812	2.65659560506806	2.62184748114353	2.64151291949811	2.67180943542504
"NightSleepChange"	3179	1428812	2.65275287325273	2.61911973653399	2.63773663012207	2.66789911120562
"NightSleepChange"	3207	1428812	2.64894384476595	2.61568781263591	2.63399317501926	2.66402337945192
"NightSleepChange"	3236	1428812	2.64503368486098	2.61275080816714	2.6301500342916	2.66004505074809
"NightSleepChange"	3265	1428812	2.64115841607872	2.60896427534386	2.62634089286589	2.65610252541119
"NightSleepChange"	3294	1428812	2.63731742124167	2.60478547182671	2.62256515319239	2.65219516609649
"NightSleepChange"	3323	1428812	2.63351009940443	2.60161550131856	2.61882223335376	2.64832235230994
"NightSleepChange"	3353	1428812	2.62960630249557	2.59818948577588	2.61498418103575	2.64435170311662
"NightSleepChange"	3383	1428812	2.62573728374954	2.5953766422753	2.61118003340832	2.64041672520547
"NightSleepChange"	3413	1428812	2.62190242897039	2.59167013146476	2.60740919546944	2.63651678466845
"NightSleepChange"	3443	1428812	2.61810114009024	2.58790585930507	2.60367108775963	2.63265126432923
"NightSleepChange"	3474	1428812	2.61420778580883	2.5831399049987	2.59984216193358	2.62869241535208
"NightSleepChange"	3505	1428812	2.61034902469964	2.57870709984461	2.59604697553976	2.62476903214909
"NightSleepChange"	3536	1428812	2.6065242474392	2.57596819103	2.59228493796648	2.62088048618887
"NightSleepChange"	3568	1428812	2.60261110723252	2.57201918093399	2.5884357046702	2.61690239562172
"NightSleepChange"	3600	1428812	2.59873291111914	2.56847220001933	2.58462056436992	2.61296011879655
"NightSleepChange"	3632	1428812	2.59488904052179	2.56483913468303	2.58083891723561	2.60905301789845
"NightSleepChange"	3664	1428812	2.59107889314418	2.56070363049999	2.57709017914496	2.60518047198393
"NightSleepChange"	3697	1428812	2.58718437848567	2.55665094468647	2.57325815872103	2.60122246086425
"NightSleepChange"	3730	1428812	2.58332447753126	2.55266983603363	2.56945992362039	2.5972999095643
"NightSleepChange"	3763	1428812	2.5794985804173	2.54888624411509	2.56569488214174	2.59341218959149
"NightSleepChange"	3797	1428812	2.57559168480527	2.54503934356849	2.56184985745633	2.58944244410485
"NightSleepChange"	3831	1428812	2.57171962234351	2.54026985893634	2.55803884321423	2.58550837185271
"NightSleepChange"	3865	1428812	2.56788177738528	2.53691665737674	2.55426124186327	2.58160933863515
"NightSleepChange"	3899	1428812	2.56407755046251	2.53275901728233	2.55051647147743	2.57774472699941
"NightSleepChange"	3934	1428812	2.56019593451405	2.52905175211422	2.54669525659222	2.57380177127177
"NightSleepChange"	3969	1428812	2.55634870437755	2.52583620419823	2.54290762948508	2.56989401594674
"NightSleepChange"	4004	1428812	2.55253525617602	2.52218298408065	2.53915300372012	2.56602083927202
"NightSleepChange"	4040	1428812	2.54864747655201	2.51904927705882	2.53532493061614	2.56207243758339
"NightSleepChange"	4076	1428812	2.54479419154563	2.51547950968373	2.53153056202604	2.55815933678954
"NightSleepChange"	4113	1428812	2.54086917806117	2.51132944603818	2.52766529638078	2.55417366751902
"NightSleepChange"	4149	1428812	2.53708399459185	2.50803771411594	2.5239374797132	2.55033024938425
"NightSleepChange"	4186	1428812	2.53322774275439	2.50420182007057	2.52013941793203	2.54641493107544
"NightSleepChange"	4224	1428812	2.52930259050054	2.50078182365133	2.51627323348043	2.54242992690016
"NightSleepChange"	4261	1428812	2.52551451937692	2.49771357051113	2.51254182129342	2.53858435114013
"NightSleepChange"	4299	1428812	2.52165815794493	2.49486630802854	2.50874288961168	2.5346697065549
"NightSleepChange"	4338	1428812	2.51773560122027	2.4906039034612	2.50487849016202	2.53068813224171
"NightSleepChange"	4376	1428812	2.51394740084179	2.48576047999727	2.50114620888613	2.52684318925708
"NightSleepChange"	4415	1428812	2.51009356786391	2.4821617159399	2.49734901673694	2.52293188501684
"NightSleepChange"	4455	1428812	2.50617612574787	2.47955446150023	2.49348889601902	2.51895628488018
"NightSleepChange"	4494	1428812	2.50239034299254	2.47715295937408	2.4897582656289	2.51511454839272
"NightSleepChange"	4534	1428812	2.49854146895325	2.47258536665033	2.48596521976161	2.5112090385883
"NightSleepChange"	4575	1428812	2.49463145708838	2.46983489300045	2.48211167276244	2.50724174873132
"NightSleepChange"	4616	1428812	2.49075633371606	2.46683699064445	2.47829226280183	2.5033101132662
"NightSleepChange"	4657	1428812	2.48691548172826	2.46361707816247	2.4745063893146	2.4994134981605
"NightSleepChange"	4698	1428812	2.48310830024664	2.46056381204349	2.4707534674597	2.49555128613038
"NightSleepChange"	4740	1428812	2.47924256141572	2.45546812874675	2.46694258252614	2.49162991750652
"NightSleepChange"	4783	1428812	2.47532011031987	2.45042664075534	2.46307554367624	2.48765127391303
"NightSleepChange"	4825	1428812	2.47152277828092	2.4465126283915	2.45933162094051	2.4837997838909
"NightSleepChange"	4868	1428812	2.46766912882713	2.4429887302495	2.45553193717494	2.47989141562775
"NightSleepChange"	4912	1428812	2.46376094063641	2.43895111665928	2.45167823696684	2.47592798246873
"NightSleepChange"	4955	1428812	2.45997525627211	2.43674798821913	2.44794510181243	2.47208902210275
"NightSleepChange"	5000	1428812	2.45604851630299	2.43362143914119	2.44407263010603	2.46810726666196
"NightSleepChange"	5044	1428812	2.45224306385494	2.42995701993042	2.44031953856058	2.46424873559887
"NightSleepChange"	5089	1428812	2.44838531016578	2.42683819098491	2.43651463419938	2.46033741139536
"NightSleepChange"	5135	1428812	2.44447693082565	2.4235538327415	2.43265956138398	2.45637500138283
"NightSleepChange"	5180	1428812	2.44068725161407	2.4200084489796	2.42892134357415	2.45253316480968
"NightSleepChange"	5227	1428812	2.43676413428733	2.41642379201359	2.42505126610673	2.44855629352676
"NightSleepChange"	5273	1428812	2.43295850060768	2.41273927367799	2.42129685789869	2.44469874779925
"NightSleepChange"	5320	1428812	2.42910427579293	2.40954271611906	2.41749428673482	2.44079218009543
"NightSleepChange"	5368	1428812	2.42520303591092	2.40445087242463	2.41364510011892	2.43683819550228
"NightSleepChange"	5415	1428812	2.42141673096956	2.40109355099402	2.40990909414252	2.43300092643442
"NightSleepChange"	5464	1428812	2.41750414160651	2.39724135682012	2.40604825391563	2.42903590665332
"NightSleepChange"	5512	1428812	2.41370527726956	2.39330162964292	2.40229941432006	2.42518636194177
"NightSleepChange"	5562	1428812	2.40978314746155	2.39022742786841	2.39842870580069	2.42121213992764
"NightSleepChange"	5611	1428812	2.40597352231478	2.38680217200247	2.39466880744892	2.41735214208806
"NightSleepChange"	5661	1428812	2.40212029428849	2.38415932440634	2.39086565630126	2.41344818963022
"NightSleepChange"	5712	1428812	2.3982249078886	2.38044339071848	2.38702067171874	2.40950175258852
"NightSleepChange"	5763	1428812	2.3943641506215	2.37670211270057	2.38320964799463	2.40559062443804
"NightSleepChange"	5814	1428812	2.39053741221753	2.37291488669504	2.37943198951924	2.40171417994695
"NightSleepChange"	5866	1428812	2.38667004989325	2.36885567268049	2.37561401123876	2.3977968063533
"NightSleepChange"	5918	1428812	2.38283682241808	2.3648048734117	2.37182951769149	2.39391422874765
"NightSleepChange"	5971	1428812	2.37896438634072	2.36092509014793	2.36800609840711	2.38999215886938
"NightSleepChange"	6024	1428812	2.37512617434137	2.35713895903593	2.36421625708605	2.38610497004125
"NightSleepChange"	6078	1428812	2.37125012150383	2.35343258639219	2.36038883764789	2.38217967708975
"NightSleepChange"	6132	1428812	2.36740835642044	2.34963418621877	2.35659506431493	2.37828932422751
"NightSleepChange"	6187	1428812	2.36353007175721	2.3447991158263	2.35276501504193	2.37436220780348
"NightSleepChange"	6242	1428812	2.35968611417058	2.3407409653457	2.34896865608988	2.37047006572165
"NightSleepChange"	6298	1428812	2.35580691284905	2.33746031445605	2.34513727898102	2.36654245418854
"NightSleepChange"	6354	1428812	2.35196205476118	2.33402616427501	2.34133961363545	2.362649827689
"NightSleepChange"	6411	1428812	2.34808318449691	2.32984509845581	2.3375081446067	2.35872298056833
"NightSleepChange"	6468	1428812	2.34423865163062	2.326482381857	2.33371038714866	2.35483110681872
"NightSleepChange"	6525	1428812	2.34042785355466	2.32357344928737	2.32994575232628	2.35097358989399
"NightSleepChange"	6584	1428812	2.33651824911855	2.31948953469967	2.32608330028027	2.34701626811057
"NightSleepChange"	6642	1428812	2.33270891203787	2.31576972603609	2.32231970476987	2.34316064386142
"NightSleepChange"	6701	1428812	2.32886787749168	2.31149475141958	2.31852459189264	2.33927314233198
"NightSleepChange"	6761	1428812	2.32499627189255	2.307968698851	2.31469907059108	2.33535490763939
"NightSleepChange"	6822	1428812	2.32109520555131	2.30339202055193	2.31084423413289	2.33140706736357
"NightSleepChange"	6882	1428812	2.31729197480717	2.29943299466562	2.30708587654824	2.32755843773636
"NightSleepChange"	6944	1428812	2.31339664918071	2.29540254439045	2.30323630962873	2.32361681969993
"NightSleepChange"	7006	1428812	2.30953595161132	2.29151281339859	2.29942076411811	2.31971044581511
"NightSleepChange"	7068	1428812	2.30570927185765	2.28766856091761	2.29563864308427	2.31583869228273
"NightSleepChange"	7131	1428812	2.30185510480164	2.2843016047219	2.29182915895318	2.31193932810995
"NightSleepChange"	7195	1428812	2.29797447209285	2.27846059447091	2.28799331827641	2.30801339023593
"NightSleepChange"	7259	1428812	2.2941282078549	2.27549884736377	2.28419125446788	2.30412242148387
"NightSleepChange"	7324	1428812	2.29025640312377	2.27179966874332	2.28036374856074	2.30020581498533
"NightSleepChange"	7389	1428812	2.28641881136127	2.2682315916952	2.27656987185801	2.29632401406856
"NightSleepChange"	7455	1428812	2.28255656993887	2.26419837042367	2.27275143382221	2.29241747637972
"NightSleepChange"	7521	1428812	2.2787283734246	2.26069986707459	2.26896646487735	2.28854556806691
"NightSleepChange"	7588	1428812	2.27487638493589	2.25769208598068	2.26515778282862	2.28464979018856
"NightSleepChange"	7656	1428812	2.27100152819138	2.2548150865498	2.26132629839575	2.28073107961785
"NightSleepChange"	7724	1428812	2.26716093813629	2.25125162944062	2.25752850867284	2.27684721619451
"NightSleepChange"	7793	1428812	2.26329827807033	2.24670196856419	2.25370870651958	2.27294122666183
"NightSleepChange"	7863	1428812	2.25941443056588	2.24289562345269	2.2498677623831	2.26901400585833
"NightSleepChange"	7933	1428812	2.25556500824675	2.2394508658219	2.24606067635211	2.26512178561346
"NightSleepChange"	8004	1428812	2.25169513974265	2.23530690900505	2.24223318238276	2.26120908259088
"NightSleepChange"	8075	1428812	2.24785945014783	2.2318860317568	2.23843930923602	2.25733112465337
"NightSleepChange"	8147	1428812	2.2440040271709	2.2277333171784	2.23462573421995	2.25343340350003
"NightSleepChange"	8220	1428812	2.24012968922191	2.22309624092225	2.23079326491063	2.24951674849513
"NightSleepChange"	8293	1428812	2.23628960882768	2.21999537719131	2.22699450111718	2.24563491097856
"NightSleepChange"	8367	1428812	2.2324312736285	2.21680701608452	2.2231774974172	2.24173480556981
"NightSleepChange"	8441	1428812	2.22860691480953	2.21301304407516	2.21939392737723	2.23786922695381
"NightSleepChange"	8517	1428812	2.22471393826484	2.20898271344981	2.21554228947773	2.23393447689313
"NightSleepChange"	8593	1428812	2.22085554820994	2.20626547671281	2.21172469044506	2.23003486863777
"NightSleepChange"	8669	1428812	2.21703113549714	2.2023641231233	2.20794053313965	2.22616978082957
"NightSleepChange"	8747	1428812	2.21314078854248	2.19772103659905	2.2040909562121	2.22223824069904
"NightSleepChange"	8825	1428812	2.20928498157608	2.1941445108972	2.20027537955995	2.21834178774985
"NightSleepChange"	8903	1428812	2.20546310667291	2.19039180868633	2.19649320708509	2.21447980203343
"NightSleepChange"	8983	1428812	2.20157786314252	2.186282273561	2.19264814764261	2.21055396292613
"NightSleepChange"	9063	1428812	2.19772706944015	2.18218879813159	2.18883700677944	2.20666311216027
"NightSleepChange"	9144	1428812	2.19386261979231	2.1785283964647	2.18501217627385	2.20275864129945
"NightSleepChange"	9225	1428812	2.19003225382235	2.17439993960976	2.18122090845064	2.19888878217295
"NightSleepChange"	9307	1428812	2.18618870733736	2.1707869559372	2.17741642372205	2.19500578104875
"NightSleepChange"	9390	1428812	2.18233262274058	2.16709720758522	2.17359935700122	2.19111028789001
"NightSleepChange"	9474	1428812	2.17846462956575	2.163838616938	2.16977033058133	2.18720293953701
"NightSleepChange"	9559	1428812	2.1745853445292	2.15925047181718	2.16592995418403	2.18328435976299
"NightSleepChange"	9644	1428812	2.17074040420203	2.15569931165885	2.16212340893239	2.17940064506821
"NightSleepChange"	9730	1428812	2.16688456661524	2.15189590216465	2.15830590693112	2.17550609488598
"NightSleepChange"	9817	1428812	2.16301841809908	2.14795390756286	2.15447802803794	2.17160130207438
"NightSleepChange"	9904	1428812	2.1591863831027	2.14433913118125	2.15068375924667	2.16773113278304
"NightSleepChange"	9993	1428812	2.15530093208706	2.13943442285178	2.14683643314523	2.16380718693363
"NightSleepChange"	10082	1428812	2.15144993456274	2.13505602687544	2.14302305655821	2.1599182050836
"NightSleepChange"	10172	1428812	2.14759008558651	2.13084634291418	2.13920074998193	2.15602045270265
"NightSleepChange"	10262	1428812	2.14376423953897	2.1266793981846	2.13541195330576	2.15215720261129
"NightSleepChange"	10354	1428812	2.13988790118428	2.12347849046972	2.13157298921867	2.14824313380794
"NightSleepChange"	10446	1428812	2.136045855613	2.1194876611158	2.12776782503489	2.14436385694217
"NightSleepChange"	10539	1428812	2.13219628915617	2.11544024950148	2.12395505088271	2.14047715067946
"NightSleepChange"	10633	1428812	2.12833969763314	2.1116620989538	2.12013515764218	2.1365835158134
"NightSleepChange"	10728	1428812	2.12447656581449	2.1077044434139	2.11630862533504	2.13268344189573
"NightSleepChange"	10824	1428812	2.12060736753759	2.10426041318072	2.11247592323633	2.128777407356
"NightSleepChange"	10920	1428812	2.11677233638422	2.10087141902832	2.10867690787438	2.12490602630621
"NightSleepChange"	11018	1428812	2.11289202983725	2.09738745641358	2.10483288281875	2.1209891032078
"NightSleepChange"	11116	1428812	2.10904608600966	2.09351680606989	2.10102274158102	2.11710702763825
"NightSleepChange"	11215	1428812	2.10519517374682	2.0889607059944	2.09720752164843	2.11322009637529
"NightSleepChange"	11315	1428812	2.10133972224758	2.08443713707363	2.09338764835507	2.10932874250397
"NightSleepChange"	11416	1428812	2.0974801506362	2.08113963267822	2.08956353712361	2.10543338886956
"NightSleepChange"	11518	1428812	2.09361686809449	2.07721072564275	2.08573559359362	2.1015344482135
"NightSleepChange"	11620	1428812	2.08978764873709	2.07352687303923	2.08194124885007	2.09767004074187
"NightSleepChange"	11724	1428812	2.08591780124799	2.0693550304722	2.07810649211819	2.09376478846466
"NightSleepChange"	11829	1428812	2.08204541480772	2.06577685750317	2.07426906530185	2.08985713095195
"NightSleepChange"	11934	1428812	2.07820725157196	2.06154432297197	2.07046540123175	2.0859841625826
"NightSleepChange"	12040	1428812	2.07436663795703	2.05766647219171	2.06665915850949	2.08210887460633
"NightSleepChange"	12148	1428812	2.07048818128416	2.05407175905786	2.06281525949865	2.07819555652383
"NightSleepChange"	12256	1428812	2.06664405471945	2.05082377740635	2.05900523475184	2.07431702974697
"NightSleepChange"	12365	1428812	2.06279853011982	2.04656022912753	2.05519367566175	2.07043724376589
"NightSleepChange"	12476	1428812	2.05891712848014	2.04216006620331	2.05134640625765	2.06652141390307
"NightSleepChange"	12587	1428812	2.05507010887233	2.03846168597616	2.04753306834119	2.06264042183687
"NightSleepChange"	12699	1428812	2.05122266571654	2.03402262599963	2.04371916367849	2.05875915195349
"NightSleepChange"	12812	1428812	2.04737510809691	2.03010439202521	2.03990499927831	2.05487791541354
"NightSleepChange"	12927	1428812	2.04349413849697	2.02668645591031	2.03605756535559	2.05096312450722
"NightSleepChange"	13042	1428812	2.03964754330905	2.02266148744985	2.03224406325994	2.04708315563509
"NightSleepChange"	13158	1428812	2.03580171032989	2.01858508026833	2.02843117259506	2.04320410227873
"NightSleepChange"	13276	1428812	2.03192420196614	2.01557170808501	2.02458673252272	2.03929324775214
"NightSleepChange"	13394	1428812	2.02808100699886	2.01182690722589	2.02077616984305	2.03541714752196
"NightSleepChange"	13513	1428812	2.02423938205784	2.00784517337837	2.0169670218445	2.03154277517806
"NightSleepChange"	13634	1428812	2.02036772654048	2.00332899901987	2.01312795412922	2.02763826169373
"NightSleepChange"	13756	1428812	2.01649870779446	1.99967006155449	2.00929135820077	2.02373655254444
"NightSleepChange"	13878	1428812	2.01266385301531	1.99570442665591	2.00548849970968	2.01986943859624
"NightSleepChange"	14002	1428812	2.00880052428192	1.99139131274349	2.00165726429611	2.01597375404686
"NightSleepChange"	14127	1428812	2.0049405152084	1.98744115027698	1.99782918071012	2.01208155953682
"NightSleepChange"	14253	1428812	2.00108403934303	1.98370642619285	1.99400446172925	2.00819306937286
"NightSleepChange"	14380	1428812	1.9972313038775	1.97948541525393	1.99018331385082	2.00430849142807
"NightSleepChange"	14508	1428812	1.99338250978264	1.97522298479105	1.98636593742518	2.00042802728028
"NightSleepChange"	14638	1428812	1.98950818093878	1.97161584327828	1.98252309640283	1.99652195880565
"NightSleepChange"	14768	1428812	1.98566810948939	1.96831690608935	1.97871409805269	1.99265056688105
"NightSleepChange"	14900	1428812	1.98180339449179	1.9651831092771	1.97488051916825	1.98875446900538
"NightSleepChange"	15033	1428812	1.97794387650167	1.96089932051726	1.97105195947084	1.98486374847116
"NightSleepChange"	15167	1428812	1.97408971957481	1.9572394694906	1.96722858286074	1.98097856947189
"NightSleepChange"	15302	1428812	1.97024108239824	1.95350483566529	1.96341054792663	1.97709909077474
"NightSleepChange"	15438	1428812	1.96639811841546	1.95006907897299	1.95959800806869	1.97322546584808
"NightSleepChange"	15576	1428812	1.96253309187384	1.94689849724477	1.95576344685677	1.96932973790231
"NightSleepChange"	15715	1428812	1.95867452171813	1.94305705432712	1.95193515822535	1.96544065262856
"NightSleepChange"	15855	1428812	1.95482253869299	1.93930971265958	1.94811327315578	1.96155834051373
"NightSleepChange"	15996	1428812	1.95097726886622	1.93607772130834	1.94429791799704	1.95768292732323
"NightSleepChange"	16139	1428812	1.94711192244952	1.93218177376011	1.9404625112774	1.95378741335138
"NightSleepChange"	16283	1428812	1.94325400217308	1.92854882033766	1.93663434263924	1.94989951602947
"NightSleepChange"	16428	1428812	1.93940361315665	1.92466111185141	1.93281351772888	1.94601933992739
"NightSleepChange"	16575	1428812	1.93553465302935	1.92070657570028	1.9289741346176	1.94212058071133
"NightSleepChange"	16723	1428812	1.93167388439453	1.91702444317143	1.92514275137223	1.9382302070478
"NightSleepChange"	16872	1428812	1.92782139275118	1.91344798315002	1.92131945423798	1.93434830366454
"NightSleepChange"	17022	1428812	1.92397725988531	1.90953384604559	1.91750432577482	1.93047495154865
"NightSleepChange"	17174	1428812	1.9201162745931	1.90598681647345	1.91367234514662	1.92658474770896
"NightSleepChange"	17327	1428812	1.91626424610918	1.90267673532177	1.90984912787729	1.92270369650955
"NightSleepChange"	17482	1428812	1.91239639448663	1.89870669840966	1.90601007958899	1.91880683106216
"NightSleepChange"	17637	1428812	1.90856268631316	1.89432294196352	1.90220479622554	1.91494449128783
"NightSleepChange"	17795	1428812	1.9046892995617	1.89048219783058	1.89836000339949	1.91104230352547
"NightSleepChange"	17953	1428812	1.90085015362	1.88679557658006	1.89454907510318	1.90717473649793
"NightSleepChange"	18114	1428812	1.89697271359071	1.8825232090158	1.89070000993062	1.90326871795949
"NightSleepChange"	18275	1428812	1.89312958575382	1.87882439568952	1.88688488319133	1.89939738896091
"NightSleepChange"	18438	1428812	1.88927305569697	1.87487021584704	1.88305632966945	1.89551268337904
"NightSleepChange"	18602	1428812	1.88542712246492	1.8711227534589	1.87923817472204	1.89163877517101
"NightSleepChange"	18768	1428812	1.88156866448078	1.86684765797569	1.8754074642255	1.88775237410994
"NightSleepChange"	18936	1428812	1.87769831167886	1.86298471982015	1.8715648229756	1.88385411530163
"NightSleepChange"	19105	1428812	1.87383941313361	1.85913385882761	1.86773343338898	1.87996751563644
"NightSleepChange"	19275	1428812	1.86999196818765	1.85527327129314	1.86391329642023	1.87609257281456
"NightSleepChange"	19447	1428812	1.86613364106785	1.85182321187079	1.86008223538907	1.87220679085228
"NightSleepChange"	19620	1428812	1.86228715376365	1.84821046308977	1.85626281228636	1.86833305283372
"NightSleepChange"	19795	1428812	1.85843055287205	1.84475508282381	1.85243322878333	1.86444924920135
"NightSleepChange"	19972	1428812	1.8545644043559	1.84108293030482	1.84859404650408	1.86055595028193
"NightSleepChange"	20150	1428812	1.85071081521379	1.83673423985678	1.84476721891509	1.85667541764284
"NightSleepChange"	20329	1428812	1.84686975493387	1.83274766656906	1.8409527173771	1.85280761886809
"NightSleepChange"	20511	1428812	1.84299884139613	1.82896428726774	1.83710845255555	1.84890987706538
"NightSleepChange"	20694	1428812	1.83914113764134	1.82542272159825	1.83327719079881	1.84502555396157
"NightSleepChange"	20878	1428812	1.83529659666257	1.82184064056619	1.82945888712138	1.84115460049595
"NightSleepChange"	21064	1428812	1.83144455197067	1.81792504045446	1.8256330168382	1.83727620741634
"NightSleepChange"	21252	1428812	1.82758549963373	1.81375017922091	1.82180007251262	1.83339087431299
"NightSleepChange"	21442	1428812	1.82371992465259	1.80978039228895	1.81796053577598	1.82949908957243
"NightSleepChange"	21633	1428812	1.81986837663213	1.80604657920744	1.81413481865109	1.82562154127539
"NightSleepChange"	21826	1428812	1.8160108872829	1.80184621653515	1.81030308762904	1.82173812545562
"NightSleepChange"	22020	1428812	1.81216763585969	1.79835438830373	1.80648538808006	1.81786915611407
"NightSleepChange"	22217	1428812	1.80829944802433	1.79453037506207	1.80264280615322	1.81397519672584
"NightSleepChange"	22415	1428812	1.80444603351148	1.79068609427407	1.79881478877843	1.81009622152359
"NightSleepChange"	22615	1428812	1.80058809895546	1.78729581258456	1.79498217068893	1.80621280820511
"NightSleepChange"	22817	1428812	1.79672606362874	1.78373906494306	1.7911453685312	1.80232537867854
"NightSleepChange"	23020	1428812	1.79287920280967	1.77989976072632	1.78732353260995	1.79845333398073
"NightSleepChange"	23225	1428812	1.78902871617391	1.77619266240722	1.78349798588147	1.79457774971085
"NightSleepChange"	23432	1428812	1.78517499756817	1.77258382172433	1.77966911983777	1.7906990220778
"NightSleepChange"	23641	1428812	1.78131843132164	1.7690965846519	1.7758373165587	1.78681753766667
"NightSleepChange"	23852	1428812	1.77745939238361	1.76576626463648	1.77200294884697	1.78293367357906
"NightSleepChange"	24065	1428812	1.773598246463	1.7620216822246	1.76816638036508	1.77904779757513
"NightSleepChange"	24279	1428812	1.76975323782877	1.75845102918994	1.76434574031301	1.77517826969474
"NightSleepChange"	24496	1428812	1.76588878035546	1.75431463576676	1.76050566844147	1.77128927653163
"NightSleepChange"	24714	1428812	1.76204083317415	1.75078451584027	1.75668189732432	1.76741700516041
"NightSleepChange"	24935	1428812	1.75817442508396	1.74743335811328	1.75283967587459	1.76352626290937
"NightSleepChange"	25157	1428812	1.75432487102268	1.74366718157433	1.74901409851962	1.75965258656341
"NightSleepChange"	25381	1428812	1.75047491550394	1.73974252568119	1.74518801838513	1.75577861135172
"NightSleepChange"	25608	1428812	1.74660790763012	1.736352097936	1.7413448875955	1.75188758272789
"NightSleepChange"	25836	1428812	1.74275821806148	1.7324012297523	1.73751886506285	1.74801408436584
"NightSleepChange"	26067	1428812	1.73889236750683	1.72875566859342	1.73367667783121	1.74412442939453
"NightSleepChange"	26299	1428812	1.73504411088309	1.72508741173899	1.72985187471747	1.74025258005108
"NightSleepChange"	26534	1428812	1.73118054802935	1.72150476681391	1.72601175662533	1.73636543390773
"NightSleepChange"	26770	1428812	1.72733482949715	1.71745718652021	1.72218927349931	1.73249634329956
"NightSleepChange"	27009	1428812	1.72347462403991	1.71369400994096	1.71835229002285	1.72861277988856
"NightSleepChange"	27250	1428812	1.71961655118574	1.71015028153798	1.7145173257146	1.72473146379282
"NightSleepChange"	27493	1428812	1.71576085529294	1.70609850322112	1.71068462409761	1.72085264020169
"NightSleepChange"	27738	1428812	1.71190777377914	1.70230513030693	1.70685442181701	1.71697654730074
"NightSleepChange"	27985	1428812	1.70805753726121	1.69844916339983	1.7030269487779	1.71310341641356
"NightSleepChange"	28235	1428812	1.70419498772596	1.69450890480842	1.69918713666644	1.70921799930633
"NightSleepChange"	28487	1428812	1.70033599618767	1.69085762325471	1.69535076317891	1.70533626083973
"NightSleepChange"	28741	1428812	1.69648076971118	1.68717126727585	1.69151803488911	1.70145840856316
"NightSleepChange"	28997	1428812	1.69262950913473	1.68363540184525	1.68768915219657	1.69758464374673
"NightSleepChange"	29255	1428812	1.68878240920438	1.67938227203047	1.68386430945918	1.69371516151757
"NightSleepChange"	29516	1428812	1.68492494434183	1.6756784393769	1.68002906533779	1.68983535157871
"NightSleepChange"	29780	1428812	1.68105768737819	1.67156738732453	1.67618398904383	1.68594579039828
"NightSleepChange"	30045	1428812	1.67721010813035	1.66785251384181	1.67235838217155	1.68207611694331
"NightSleepChange"	30313	1428812	1.67335333307287	1.66430946804737	1.66852353690432	1.67819729105124
"NightSleepChange"	30583	1428812	1.66950210461307	1.66056843532607	1.66469411211646	1.67432413911712
"NightSleepChange"	30856	1428812	1.66564250065799	1.65653232253074	1.66085626485808	1.6704426594635
"NightSleepChange"	31131	1428812	1.66178899289509	1.65255093599731	1.65702438558087	1.66656740545142
"NightSleepChange"	31409	1428812	1.65792789306254	1.64864632711792	1.65318486322073	1.66268461119433
"NightSleepChange"	31689	1428812	1.65407340701227	1.64468451753473	1.64935182462758	1.6588085619676
"NightSleepChange"	31972	1428812	1.65021207656857	1.64061611519773	1.64551188692368	1.6549257238845
"NightSleepChange"	32257	1428812	1.64635784664665	1.63695052297548	1.6416789181935	1.65105011909674
"NightSleepChange"	32544	1428812	1.64251083024795	1.63220627738513	1.63785303174311	1.64718186028992
"NightSleepChange"	32834	1428812	1.63865790870633	1.6284279097293	1.63402118142129	1.6433077558901
"NightSleepChange"	33127	1428812	1.63479953635438	1.62412249154403	1.63018381908547	1.6394282627138
"NightSleepChange"	33423	1428812	1.63093615705856	1.62062376781977	1.62634138622763	1.63554382700996
"NightSleepChange"	33721	1428812	1.62708108339773	1.61688689216375	1.62250712377491	1.63166783337816
"NightSleepChange"	34021	1428812	1.62323439686067	1.61321932489907	1.61868111376755	1.62780036274322
"NightSleepChange"	34325	1428812	1.6193708693689	1.60915670468625	1.61483826384343	1.62391605059946
"NightSleepChange"	34631	1428812	1.61551632702004	1.60556408014661	1.61100426201053	1.62004086184441
"NightSleepChange"	34940	1428812	1.61165840327769	1.60222505459509	1.60716680822971	1.6161623630943
"NightSleepChange"	35251	1428812	1.60780980753006	1.59863220487815	1.60333854505799	1.61229333090415
"NightSleepChange"	35566	1428812	1.60394617038391	1.595176542426	1.59949523205263	1.60840926626639
"NightSleepChange"	35883	1428812	1.60009239549494	1.59081613138903	1.59566164208775	1.60453520427817
"NightSleepChange"	36203	1428812	1.59623652680881	1.58722371683683	1.59182588239115	1.60065912527522
"NightSleepChange"	36526	1428812	1.59237891928612	1.58372904975612	1.58798830633697	1.59678138580726
"NightSleepChange"	36851	1428812	1.5885317041303	1.57989070684328	1.58416098281682	1.59291417969466
"NightSleepChange"	37180	1428812	1.58467154405404	1.5758651425651	1.58032069551181	1.58903404807218
"NightSleepChange"	37512	1428812	1.58081065806769	1.57207105847818	1.57647960046079	1.58515327323125
"NightSleepChange"	37846	1428812	1.57696084167857	1.56827929598884	1.57264943343768	1.58128371070054
"NightSleepChange"	38184	1428812	1.57309935456293	1.56395349851485	1.56880757055141	1.57740250314453
"NightSleepChange"	38524	1428812	1.56924935154193	1.56043995330641	1.56497704932668	1.57353292325024
"NightSleepChange"	38868	1428812	1.56538848178444	1.55620991905261	1.56113563243551	1.56965250612371
"NightSleepChange"	39214	1428812	1.56153948204546	1.55228239963118	1.55730594248714	1.5657841032145
"NightSleepChange"	39564	1428812	1.55768038436884	1.54858663477123	1.55346612217205	1.56190563537892
"NightSleepChange"	39917	1428812	1.55382263499418	1.5448657068039	1.54962756064786	1.55802860620926
"NightSleepChange"	40273	1428812	1.54996649883307	1.54078548880396	1.54579052198031	1.5541532814611
"NightSleepChange"	40632	1428812	1.54611223347355	1.53658484847878	1.54195526296765	1.55027991951006
"NightSleepChange"	40994	1428812	1.542260089322	1.53285973424003	1.53812203328086	1.54640877149546
"NightSleepChange"	41360	1428812	1.53839980914012	1.5287640465415	1.53428062622687	1.54252952939053
"NightSleepChange"	41728	1428812	1.53455272320825	1.52495092271839	1.53045226832927	1.53866362771446
"NightSleepChange"	42101	1428812	1.53068783532246	1.52135992586005	1.52660611450144	1.53477991843378
"NightSleepChange"	42476	1428812	1.5268365891541	1.5179829921262	1.52277345623582	1.53090999810373
"NightSleepChange"	42855	1428812	1.52297865663265	1.51407282912435	1.51893406415688	1.52703343949456
"NightSleepChange"	43237	1428812	1.51912455850686	1.51038037432055	1.51509840872778	1.5231608138683
"NightSleepChange"	43623	1428812	1.51526453770104	1.50637607043595	1.51125677986088	1.51928231694045
"NightSleepChange"	44012	1428812	1.51140891857892	1.50282422926777	1.50741945304125	1.51540832217233
"NightSleepChange"	44404	1428812	1.50755788532849	1.49912572908463	1.50358661221633	1.51153901398731
"NightSleepChange"	44800	1428812	1.50370192208474	1.49547748739923	1.49974878682123	1.50766483101002
"NightSleepChange"	45199	1428812	1.49985106687447	1.49152145672691	1.49591596802594	1.50379585833071
"NightSleepChange"	45603	1428812	1.49598643700294	1.48744500440012	1.49206936167158	1.49991312431738
"NightSleepChange"	46009	1428812	1.49213701468382	1.48363652703858	1.48823781520275	1.49604574655065
"NightSleepChange"	46419	1428812	1.48828398676937	1.47990967188716	1.48440260353354	1.49217482342246
"NightSleepChange"	46833	1428812	1.48442774722634	1.47620802567197	1.48056411895615	1.48830075057784
"NightSleepChange"	47251	1428812	1.48056868048943	1.47234303711094	1.47672274430558	1.48442391405445
"NightSleepChange"	47672	1428812	1.47671627165323	1.46835378407611	1.47288792165145	1.48055384215569
"NightSleepChange"	48098	1428812	1.47285258571026	1.46468688790245	1.46904179807057	1.47667251742701
"NightSleepChange"	48526	1428812	1.46900507002584	1.4610695272381	1.46521169665282	1.47280751204476
"NightSleepChange"	48959	1428812	1.46514698567627	1.45692079025863	1.46137100000363	1.46893196502452
"NightSleepChange"	49396	1428812	1.46128770313577	1.45342032436482	1.45752903636756	1.46505528924937
"NightSleepChange"	49836	1428812	1.45743626912011	1.44984383146303	1.45369481239374	1.4611865716684
"NightSleepChange"	50281	1428812	1.45357550126699	1.44616914035147	1.44985122279549	1.45730855251025
"NightSleepChange"	50729	1428812	1.44972306824239	1.44245911451005	1.44601585793155	1.45343897907694
"NightSleepChange"	51181	1428812	1.44587056467436	1.43904897508135	1.44218035023997	1.44956940802117
"NightSleepChange"	51638	1428812	1.44200988103456	1.43535523681708	1.43833662607029	1.44569169378233
"NightSleepChange"	52098	1428812	1.43815820568618	1.43166331348576	1.43450179863551	1.44182310018471
"NightSleepChange"	52563	1428812	1.43429907587722	1.42773730121795	1.43065947757026	1.43794709178307
"NightSleepChange"	53032	1428812	1.43044117767455	1.42418657497211	1.42681831126572	1.43407239247325
"NightSleepChange"	53504	1428812	1.42659289613876	1.42041187988556	1.42298664904529	1.43020742319538
"NightSleepChange"	53982	1428812	1.42273014076106	1.41688174239335	1.41914050463216	1.42632798877608
"NightSleepChange"	54463	1428812	1.41887751607539	1.41335644320953	1.4153043769602	1.42245879977864
"NightSleepChange"	54949	1428812	1.4150192475939	1.41005821381241	1.41146255953644	1.41858401343842
"NightSleepChange"	55439	1428812	1.41116361796624	1.40631527413803	1.4076232999363	1.41471194761818
"NightSleepChange"	55933	1428812	1.40731085771277	1.40259334284842	1.40378682817267	1.41084283334318
"NightSleepChange"	56432	1428812	1.40345349465799	1.39881381905458	1.3999457039346	1.40696916644153
"NightSleepChange"	56935	1428812	1.39959957799997	1.39487819365641	1.39610794282268	1.40309902983962
"NightSleepChange"	57443	1428812	1.39574175610359	1.39083903441937	1.39226622432588	1.39922504065039
"NightSleepChange"	57955	1428812	1.39188792569469	1.38730195139826	1.38842841252641	1.39535512836909
"NightSleepChange"	58472	1428812	1.38803085385531	1.38355179448276	1.38458730490585	1.39148202955428
"NightSleepChange"	58993	1428812	1.38417828781194	1.37979000669656	1.3807506169726	1.38761352327141
"NightSleepChange"	59519	1428812	1.38032311154072	1.37595007133669	1.37691126239359	1.38374246368576
"NightSleepChange"	60050	1428812	1.37646569340259	1.37215606814086	1.37306960820305	1.37986922048707
"NightSleepChange"	60586	1428812	1.37260639263335	1.36837869360162	1.36922601237237	1.37599415417724
"NightSleepChange"	61126	1428812	1.36875266439096	1.36452228509478	1.36538790012652	1.37212474995877
"NightSleepChange"	61671	1428812	1.36489761949089	1.36053044456199	1.36154841061473	1.36825409020055
"NightSleepChange"	62221	1428812	1.36104159226953	1.35665887255755	1.35770787707193	1.36438251034133
"NightSleepChange"	62776	1428812	1.35718490851236	1.35266104844871	1.35386662423831	1.3605103372126
"NightSleepChange"	63336	1428812	1.35332788559737	1.34878597159869	1.35002496850108	1.35663788918348
"NightSleepChange"	63900	1428812	1.34947762910948	1.34512683485221	1.34618998759995	1.35277229978502
"NightSleepChange"	64470	1428812	1.34562078701165	1.34120090659204	1.34234838277714	1.34890016349756
"NightSleepChange"	65045	1428812	1.34176450942268	1.33789504464948	1.33850727605293	1.34502865864065
"NightSleepChange"	65625	1428812	1.33790908152813	1.33397837210443	1.33466695182552	1.34115807118664
"NightSleepChange"	66210	1428812	1.33405478082465	1.32972816427259	1.33082768685142	1.33728867937157
"NightSleepChange"	66801	1428812	1.33019537584862	1.32611689274602	1.32698327417502	1.33341422713065
"NightSleepChange"	67396	1428812	1.32634418937427	1.32207565387619	1.32314698518854	1.32954808880497
"NightSleepChange"	67997	1428812	1.32248853028071	1.31834276304723	1.31930617824995	1.32567752361061
"NightSleepChange"	68604	1428812	1.31862881599596	1.3145144363636	1.31546126926509	1.32180295050095
"NightSleepChange"	69216	1428812	1.31477172851207	1.31059612159986	1.31161891485272	1.31793107693007
"NightSleepChange"	69833	1428812	1.31091749897919	1.30664860560311	1.30777934570343	1.31406213450564
"NightSleepChange"	70456	1428812	1.30706018772122	1.30246118010091	1.30393664501845	1.31019016058922
"NightSleepChange"	71084	1428812	1.30320628562504	1.29857363702891	1.30009727939492	1.30632167044092
"NightSleepChange"	71718	1428812	1.29934994693453	1.294975765636	1.29625542543681	1.30245079586203
"NightSleepChange"	72357	1428812	1.29549753784427	1.29138876591597	1.2924174257479	1.29858392671811
"NightSleepChange"	73002	1428812	1.29164330513121	1.2876500313072	1.28857754895865	1.2947152878526
"NightSleepChange"	73653	1428812	1.28778759625498	1.28405762890891	1.28473614144081	1.29084522781412
"NightSleepChange"	74310	1428812	1.28393074990414	1.28020814104001	1.28089354084858	1.28697408632656
"NightSleepChange"	74973	1428812	1.28007309613891	1.27607498536398	1.2770500762598	1.28310219443312
"NightSleepChange"	75641	1428812	1.27622069805663	1.27228554768947	1.27321178885384	1.27923563722144
"NightSleepChange"	76316	1428812	1.27236233506408	1.26829280701216	1.26936749939992	1.27536315259105
"NightSleepChange"	76997	1428812	1.26850410495366	1.26454163007407	1.26552328359346	1.27149086050453
"NightSleepChange"	77683	1428812	1.26465189530754	1.26051863751177	1.26168500804856	1.26762466958011
"NightSleepChange"	78376	1428812	1.26079476457056	1.2566321488909	1.25784177108865	1.2637535982461
"NightSleepChange"	79075	1428812	1.25693863453233	1.2525695465969	1.25399947335893	1.25988358950535
"NightSleepChange"	79780	1428812	1.25308377887944	1.24886645525991	1.25015838788937	1.2560149177004
"NightSleepChange"	80491	1428812	1.2492304638196	1.24521605913411	1.24631878027226	1.2521478496534
"NightSleepChange"	81209	1428812	1.24537360029654	1.24123188741282	1.24247557978175	1.24827727791431
"NightSleepChange"	81933	1428812	1.24151888236388	1.23750149203049	1.23863446053963	1.24440891653193
"NightSleepChange"	82664	1428812	1.23766129951185	1.23351576788096	1.23479042996619	1.24053773700479
"NightSleepChange"	83401	1428812	1.23380643470533	1.22974979257059	1.23094905167788	1.236669341707
"NightSleepChange"	84145	1428812	1.22994935489528	1.22581526886351	1.227105410163	1.23279877999239
"NightSleepChange"	84895	1428812	1.22609553419367	1.22212678706625	1.22326496075044	1.22893154481428
"NightSleepChange"	85652	1428812	1.22224011592645	1.21820442804922	1.2194228639183	1.2250627622884
"NightSleepChange"	86416	1428812	1.21838344190227	1.2140995495666	1.21557946049719	1.2211927752023
"NightSleepChange"	87187	1428812	1.21452584524943	1.21018880631741	1.21173508268605	1.21732191761424
"NightSleepChange"	87964	1428812	1.2106725877433	1.20630109210833	1.2078949745649	1.21345546904859
"NightSleepChange"	88749	1428812	1.20681406754253	1.20248040602386	1.20404956730098	1.20958379454837
"NightSleepChange"	89540	1428812	1.20296042412084	1.19872529391561	1.20020896616173	1.2057170678991
"NightSleepChange"	90338	1428812	1.19910702129314	1.19465752848863	1.19636855101945	1.20185063680505
"NightSleepChange"	91144	1428812	1.19524938711751	1.19079662031731	1.19252386517952	1.1979800140273
"NightSleepChange"	91957	1428812	1.19139265599584	1.18709867014009	1.18868002599809	1.19411035106435
"NightSleepChange"	92777	1428812	1.18753710431736	1.18338159117117	1.18483730924018	1.19024192492908
"NightSleepChange"	93604	1428812	1.18368300094063	1.17942550974258	1.18099598317878	1.18637500506488
"NightSleepChange"	94439	1428812	1.17982600861015	1.17560729047073	1.17715172516235	1.18250523956532
"NightSleepChange"	95281	1428812	1.17597106150721	1.17169980181868	1.17330945331754	1.17863757871312
"NightSleepChange"	96131	1428812	1.17211388782149	1.16771979077323	1.16946491012889	1.17476773635739
"NightSleepChange"	96988	1428812	1.16825932414306	1.16347081404052	1.16562291660804	1.17090056471146
"NightSleepChange"	97853	1428812	1.16440316324251	1.15950497197768	1.16177927951681	1.16703184251029
"NightSleepChange"	98725	1428812	1.16055014613243	1.15559552340654	1.15793872475054	1.16316632592671
"NightSleepChange"	99606	1428812	1.15669176913263	1.15180164279878	1.15409277633827	1.15929548348665
"NightSleepChange"	100494	1428812	1.15283711686891	1.14815300027439	1.15025048985766	1.15542842894815
"NightSleepChange"	101390	1428812	1.14898210767253	1.14428040039553	1.14640779704735	1.15156106719316
"NightSleepChange"	102294	1428812	1.14512705065229	1.14046423188355	1.14256500626633	1.14769370808035
"NightSleepChange"	103207	1428812	1.1412680387703	1.13671402673076	1.13871822307531	1.14382243193462
"NightSleepChange"	104127	1428812	1.13741381830635	1.13302778407928	1.13487616629862	1.13995601256891
"NightSleepChange"	105055	1428812	1.13356042891396	1.12886625076094	1.13103488844025	1.13609047674664
"NightSleepChange"	105992	1428812	1.12970405065172	1.12508468407477	1.12719058176574	1.13222199228232
"NightSleepChange"	106937	1428812	1.12584912335215	1.12126513078075	1.12334767242139	1.12835501273204
"NightSleepChange"	107891	1428812	1.12199188325395	1.11737245027706	1.1195024086038	1.12448576234053
"NightSleepChange"	108853	1428812	1.1181366811475	1.11350532671381	1.11565912782897	1.1206186052082
"NightSleepChange"	109824	1428812	1.11427980875652	1.10964773596074	1.11181413353346	1.1167498213109
"NightSleepChange"	110803	1428812	1.11042552967412	1.10575817256362	1.10797167643476	1.1128836871515
"NightSleepChange"	111791	1428812	1.10657019041405	1.10200089420916	1.10412811451831	1.10901653773792
"NightSleepChange"	112788	1428812	1.10271411864349	1.09782190236248	1.10028377465302	1.10514870153602
"NightSleepChange"	113794	1428812	1.09885763359244	1.09402396525542	1.09643897531176	1.1012804985332
"NightSleepChange"	114809	1428812	1.09500104619732	1.09002966324055	1.09259402671376	1.09741224038315
"NightSleepChange"	115833	1428812	1.09114465924471	1.0862565937759	1.08874923096734	1.09354423055072
"NightSleepChange"	116865	1428812	1.08729248372182	1.08261003760195	1.0849085873168	1.089680491796
"NightSleepChange"	117908	1428812	1.08343365792736	1.07896675754786	1.08106126676414	1.08581012962374
"NightSleepChange"	118959	1428812	1.07957960968074	1.07528973547429	1.0772186632534	1.08194460581874
"NightSleepChange"	120020	1428812	1.07572327585169	1.07154423152941	1.07337373490365	1.07807683594214
"NightSleepChange"	121090	1428812	1.07186860309963	1.06772110272751	1.06953041691984	1.07421077813681
"NightSleepChange"	122170	1428812	1.06801229256448	1.06385335124781	1.06568542038845	1.07034312356779
"NightSleepChange"	123259	1428812	1.06415821075911	1.05991852538441	1.06184260071654	1.06647774988145
"NightSleepChange"	124359	1428812	1.0602996140338	1.0561949608115	1.05799523414714	1.06260789348114
"NightSleepChange"	125467	1428812	1.05644730588956	1.05225512888279	1.05415409299561	1.0587443891337
"NightSleepChange"	126586	1428812	1.05259112765573	1.04832596052556	1.05030904830665	1.05487704837349
"NightSleepChange"	127715	1428812	1.04873488155614	1.04436130897689	1.0464638914826	1.05100968427256
"NightSleepChange"	128854	1428812	1.04487886939156	1.04045111383868	1.04261892368317	1.04714259927267
"NightSleepChange"	130003	1428812	1.04102338497571	1.03661786094815	1.03877443811681	1.0432760877927
"NightSleepChange"	131162	1428812	1.03716871427898	1.03295118759901	1.03493072018329	1.03941043637335
"NightSleepChange"	132332	1428812	1.03331185369161	1.02885501610887	1.03108477500564	1.03554263264824
"NightSleepChange"	133512	1428812	1.02945641379471	1.0250491688724	1.02724020315442	1.03167629723288
"NightSleepChange"	134703	1428812	1.02559943296861	1.02141323559996	1.02339405157665	1.02780845991763
"NightSleepChange"	135904	1428812	1.02174444751031	1.01760528202432	1.01954984686747	1.02394266672415
"NightSleepChange"	137116	1428812	1.01788853733709	1.01385732878681	1.01570467734694	1.02007598914429
"NightSleepChange"	138339	1428812	1.01403202669241	1.01003076360913	1.011858866548	1.01620875213227
"NightSleepChange"	139572	1428812	1.01017834305554	1.00628035808614	1.00801583269429	1.01234439244433
"NightSleepChange"	140817	1428812	1.00632154331034	1.00242097838623	1.00416964930542	1.00847695028595
"NightSleepChange"	142073	1428812	1.00246506636302	0.998629793225493	1.00032374599179	1.00460987388063
"NightSleepChange"	143339	1428812	0.998612233640332	0.99462641528394	0.996481435352911	1.0007464935022
"NightSleepChange"	144618	1428812	0.994754239396987	0.990808398454318	0.992633935881938	0.996877979106603
"NightSleepChange"	145907	1428812	0.990900449276182	0.987074238843189	0.988790587943197	0.993013721675604
"NightSleepChange"	147208	1428812	0.987045151805509	0.983275787919727	0.984945695796167	0.989147993965453
"NightSleepChange"	148521	1428812	0.983188686393473	0.979307321317972	0.981099598103068	0.985281136131396
"NightSleepChange"	149846	1428812	0.979331383809702	0.975678557858435	0.977252624924387	0.981413479652547
"NightSleepChange"	151182	1428812	0.975476438988148	0.971929206159566	0.973407962873451	0.97754822780171
"NightSleepChange"	152530	1428812	0.971621242397299	0.968195801132792	0.969563009622841	0.973682763824768
"NightSleepChange"	153890	1428812	0.967766100426359	0.964434190854169	0.965718070954246	0.969817394718473
"NightSleepChange"	155262	1428812	0.963911311400385	0.960812010784883	0.961873444618449	0.965952419382088
"NightSleepChange"	156647	1428812	0.960054393265685	0.957023059024426	0.958026655286497	0.962085349020258
"NightSleepChange"	158044	1428812	0.956198450103851	0.953243479189786	0.954180799078393	0.958219295693261
"NightSleepChange"	159453	1428812	0.952343756235502	0.949624111026303	0.950336149838279	0.954354534197838
"NightSleepChange"	160875	1428812	0.948487878897458	0.945835258363753	0.946490281349881	0.95048862520757
"NightSleepChange"	162310	1428812	0.944631149126219	0.942063972036722	0.942643523965707	0.946621900443271
"NightSleepChange"	163757	1428812	0.940776541527251	0.938200826932478	0.938798844824171	0.942757341993011
"NightSleepChange"	165217	1428812	0.936921671330748	0.934371742599641	0.934953865530499	0.938892558696188
"NightSleepChange"	166691	1428812	0.933064239731956	0.930368897379658	0.931106293340546	0.935025245672671
"NightSleepChange"	168177	1428812	0.92920977908733	0.926607951182364	0.927261646679948	0.931160949239543
"NightSleepChange"	169677	1428812	0.925353391822602	0.922726595846293	0.923415040662788	0.92729475910468
"NightSleepChange"	171190	1428812	0.921497965546673	0.918865209975454	0.919569355762223	0.92342957002729
"NightSleepChange"	172717	1428812	0.917641260330407	0.915066425063284	0.915722357906045	0.91956313620719
"NightSleepChange"	174257	1428812	0.91378610218326	0.911095270241338	0.911876866195848	0.915698290575574
"NightSleepChange"	175811	1428812	0.909930279965835	0.907507437340443	0.908030675249993	0.911832816221491
"NightSleepChange"	177378	1428812	0.906076559462463	0.903468856991501	0.904186544164963	0.907969485630337
"NightSleepChange"	178960	1428812	0.902220331316551	0.899457149987535	0.900339875247796	0.904103677755567
"NightSleepChange"	180556	1428812	0.898364366772728	0.895840781856751	0.896493433040888	0.900238170557318
"NightSleepChange"	182166	1428812	0.894508958853976	0.892122137833506	0.892647510053852	0.89637325757183
"NightSleepChange"	183791	1428812	0.89065202976131	0.888216779700111	0.888800033784196	0.892506855691248
"NightSleepChange"	185430	1428812	0.886796261756272	0.884382832522574	0.88495368011231	0.888641653570604
"NightSleepChange"	187083	1428812	0.882941924228374	0.88068801247459	0.881108718002972	0.88477792102379
"NightSleepChange"	188751	1428812	0.879086978270543	0.877076716225002	0.877263113716519	0.880913613964354
"NightSleepChange"	190435	1428812	0.875229459034119	0.873141587785817	0.873414907318409	0.877046762618294
"NightSleepChange"	192133	1428812	0.871374255251598	0.869363939096076	0.869568975930993	0.873182267351177
"NightSleepChange"	193846	1428812	0.867519365429148	0.865510516838375	0.86572332310523	0.869318121612789
"NightSleepChange"	195575	1428812	0.863662860404189	0.861605714837279	0.861876024478469	0.865452391429745
"NightSleepChange"	197319	1428812	0.859807283689667	0.857923538926715	0.858029617676863	0.861587626212724
"NightSleepChange"	199078	1428812	0.85595291074982	0.854216434379668	0.854184377731748	0.857724101858595
"NightSleepChange"	200854	1428812	0.852095685027975	0.850405277288723	0.850336257870252	0.853857752006146
"NightSleepChange"	202645	1428812	0.848240268022988	0.846679140764721	0.846489908766042	0.849993249000133
"NightSleepChange"	204452	1428812	0.844384787827391	0.842966550338798	0.842643463129894	0.846128716304517
"NightSleepChange"	206275	1428812	0.840529545940793	0.83915046536323	0.8387972219494	0.842264455930902
"NightSleepChange"	208115	1428812	0.836672749073761	0.835361674563367	0.834949396296744	0.838398670218647
"NightSleepChange"	209970	1428812	0.832818874969579	0.831561447813228	0.831104453708587	0.834535847136656
"NightSleepChange"	211843	1428812	0.828961996024523	0.827770816215877	0.827256480508769	0.830670045125412
"NightSleepChange"	213732	1428812	0.825106555306127	0.82388847434138	0.823409909676309	0.826805717359645
"NightSleepChange"	215638	1428812	0.821250800839875	0.820006096973862	0.819562993471917	0.822941107620395
"NightSleepChange"	217561	1428812	0.817395040774437	0.815967607009358	0.815716039523906	0.819076524576726
"NightSleepChange"	219501	1428812	0.813539575160911	0.812064923069318	0.81186934739135	0.81521226877173
"NightSleepChange"	221458	1428812	0.809684696096514	0.808266813755565	0.808023208706967	0.811348632767018
"NightSleepChange"	223433	1428812	0.805828744124686	0.804451798032261	0.804175967959747	0.807483953152074
"NightSleepChange"	225426	1428812	0.801972047393882	0.800475191514351	0.800327952723238	0.803618558650466
"NightSleepChange"	227436	1428812	0.798116835128334	0.796599913908773	0.796481387401062	0.799754683315123
"NightSleepChange"	229464	1428812	0.794261475439019	0.792917938824158	0.792634643968678	0.795890691384362
"NightSleepChange"	231510	1428812	0.790406272011125	0.789208108408481	0.788788025620412	0.792026887034237
"NightSleepChange"	233575	1428812	0.786549661168673	0.785428995760616	0.784939972334969	0.788161702926477
"NightSleepChange"	235657	1428812	0.782695665822338	0.781590547749306	0.781094498297991	0.784299170711871
"NightSleepChange"	237759	1428812	0.778839036860399	0.777827387485991	0.777246366190527	0.780434029463514
"NightSleepChange"	239879	1428812	0.774983764560314	0.77417659055816	0.773399557670414	0.776570278093303
"NightSleepChange"	242018	1428812	0.771128318581551	0.770469176125074	0.769552545957137	0.772706382693351
"NightSleepChange"	244176	1428812	0.767273003319415	0.766772835304837	0.765705634965842	0.768842648139125
"NightSleepChange"	246354	1428812	0.763416352244327	0.762939079563222	0.761857361536084	0.76497760452508
"NightSleepChange"	248551	1428812	0.759560447888895	0.759271080826648	0.758009803855835	0.761113338735358
"NightSleepChange"	250767	1428812	0.755705570564253	0.755423554268059	0.754163241835346	0.757250131481793
"NightSleepChange"	253003	1428812	0.751850276417139	0.751553438890397	0.750316234928246	0.753386535597573
"NightSleepChange"	255260	1428812	0.747993174809513	0.747734513005988	0.746467395646148	0.749521157288742
"NightSleepChange"	257536	1428812	0.74413798616064	0.743927200674738	0.742620436625166	0.745657724770447
"NightSleepChange"	259832	1428812	0.740283288521995	0.740081357811595	0.738773939163909	0.741794812840533
"NightSleepChange"	262149	1428812	0.736427711972653	0.736413635531909	0.734926536436296	0.737931048477122
"NightSleepChange"	264487	1428812	0.732571579472699	0.732602966426448	0.731078550886809	0.734066755156041
"NightSleepChange"	266846	1428812	0.728715205625699	0.728737063979396	0.727230296630427	0.73020224796952
"NightSleepChange"	269225	1428812	0.724860509950731	0.724972123745113	0.723383689344825	0.726339450283732
"NightSleepChange"	271626	1428812	0.721004550253748	0.721116130241944	0.719535793198619	0.722475413530477
"NightSleepChange"	274048	1428812	0.717149244446989	0.717291807023636	0.715688522271243	0.718612059460478
"NightSleepChange"	276492	1428812	0.713293304408644	0.713516584171797	0.711840591310125	0.71474809707716
"NightSleepChange"	278958	1428812	0.709437046754345	0.709606965240191	0.707992316447673	0.710883843479469
"NightSleepChange"	281445	1428812	0.705582322940693	0.705868993336928	0.704145545504876	0.70702115376484
"NightSleepChange"	283955	1428812	0.701726333415881	0.70192236189348	0.700297484892981	0.703157222407907
"NightSleepChange"	286487	1428812	0.69787092733584	0.698078444939553	0.696449980142879	0.69929390219485
"NightSleepChange"	289042	1428812	0.694014886653424	0.694405751567874	0.692601815887619	0.695429972393277
"NightSleepChange"	291619	1428812	0.690160017270863	0.690567864907534	0.688754794530517	0.691567242409251
"NightSleepChange"	294220	1428812	0.686303635917464	0.686601058093142	0.684906238444774	0.687703023318456
"NightSleepChange"	296844	1428812	0.68244754542544	0.682868892441145	0.681057946976702	0.683839121443904
"NightSleepChange"	299491	1428812	0.678592038130313	0.679039914931411	0.677210212063977	0.679975829518891
"NightSleepChange"	302161	1428812	0.674737398550472	0.675127223259795	0.673363317850479	0.676113432436188
"NightSleepChange"	304856	1428812	0.670881054338636	0.671371716942562	0.669514697334394	0.672249352494029
"NightSleepChange"	307574	1428812	0.667026174338268	0.667458533609903	0.665667513195093	0.668386764708918
"NightSleepChange"	310317	1428812	0.663170220723346	0.663592304552587	0.661819232862054	0.664523125990529
"NightSleepChange"	313084	1428812	0.659314908811341	0.659682820817328	0.657971568420496	0.66066015489293
"NightSleepChange"	315876	1428812	0.655459146645031	0.655831809322884	0.654123430266637	0.65679675710121
"NightSleepChange"	318693	1428812	0.651603245962606	0.652053626504514	0.65027512970251	0.652933244789762
"NightSleepChange"	321535	1428812	0.647747510341341	0.648313826218613	0.646426969893339	0.649069921947908
"NightSleepChange"	324402	1428812	0.643892235341316	0.644343545835305	0.642579246010594	0.645207084524293
"NightSleepChange"	327295	1428812	0.640036381724399	0.640538285495691	0.638730921037132	0.641343691055858
"NightSleepChange"	330214	1428812	0.636180264624055	0.63661556729451	0.634882309670305	0.637480057112249
"NightSleepChange"	333159	1428812	0.632324190952781	0.632897646758642	0.631033718410479	0.633616490018109
"NightSleepChange"	336130	1428812	0.628468459545863	0.629104041476641	0.627185445704141	0.629753288997493
"NightSleepChange"	339127	1428812	0.624613361305114	0.625317627782752	0.623337782086995	0.625890745318253
"NightSleepChange"	342151	1428812	0.620757910032242	0.621523969415942	0.619489743453412	0.6220278706858
"NightSleepChange"	345202	1428812	0.61690241483725	0.617728942422491	0.615641638504285	0.61816497461928
"NightSleepChange"	348281	1428812	0.613045929747509	0.613879311793835	0.611792523260425	0.614301109149215
"NightSleepChange"	351386	1428812	0.609191252747563	0.609969732303361	0.607945190556028	0.610439077417281
"NightSleepChange"	354520	1428812	0.605334960897903	0.60615289945827	0.604096224165116	0.606575449760342
"NightSleepChange"	357681	1428812	0.601479825060455	0.6022181032975	0.600248389872752	0.602713002123821
"NightSleepChange"	360871	1428812	0.597623707682498	0.598528805943039	0.596399554367397	0.598849592707316
"NightSleepChange"	364089	1428812	0.593768127375611	0.594650224230315	0.592551233580945	0.594986742805309
"NightSleepChange"	367336	1428812	0.589912187602586	0.590704422296845	0.588702532858124	0.591123553995514
"NightSleepChange"	370611	1428812	0.586057369590934	0.586960219684953	0.58485493084484	0.58726151009007
"NightSleepChange"	373916	1428812	0.582201620588854	0.582991912322245	0.581006378827134	0.583398554293278
"NightSleepChange"	377251	1428812	0.578345264966283	0.579224325008788	0.577157200751496	0.579535011398622
"NightSleepChange"	380615	1428812	0.574489759744937	0.57538457276304	0.573308851124868	0.575672340945498
"NightSleepChange"	384009	1428812	0.570634251468756	0.57154122648442	0.569460478277725	0.571809687688385
"NightSleepChange"	387433	1428812	0.566779040063472	0.56755666803606	0.565612381779639	0.567947351909159
"NightSleepChange"	390888	1428812	0.562923306455525	0.56371010582036	0.561763744264403	0.564084512824156
"NightSleepChange"	394374	1428812	0.559067364267347	0.559824802978046	0.557914878970017	0.560221484440286
"NightSleepChange"	397891	1428812	0.555211518927431	0.556033321625421	0.554066090962861	0.556358572548162
"NightSleepChange"	401439	1428812	0.551356067814063	0.552187917581975	0.550217677280839	0.552496074866424
"NightSleepChange"	405019	1428812	0.547500228114615	0.548347096026401	0.546368856741452	0.548633206949735
"NightSleepChange"	408630	1428812	0.543645372770864	0.544424311915109	0.542520999993723	0.544771344035122
"NightSleepChange"	412274	1428812	0.53978966877919	0.540601480414853	0.538672277566149	0.540908649581867
"NightSleepChange"	415951	1428812	0.535933438334668	0.536731291424058	0.534823011264904	0.537045446174032
"NightSleepChange"	419660	1428812	0.53207803016086	0.5328182597228	0.530974547585493	0.533183084765615
"NightSleepChange"	423402	1428812	0.528222696742119	0.52888732559234	0.527126140571777	0.529320816279053
"NightSleepChange"	427178	1428812	0.524366719257085	0.525023657410566	0.523277072897846	0.525457920395251
"NightSleepChange"	430987	1428812	0.520511422262948	0.521121962992067	0.519428666956839	0.521595723837725
"NightSleepChange"	434831	1428812	0.516655090134074	0.517286449102942	0.515579210397953	0.51773250770156
"NightSleepChange"	438708	1428812	0.512800029994309	0.513443431102649	0.511731006445201	0.513870583014814
"NightSleepChange"	442620	1428812	0.508944545772643	0.509551283539839	0.507882362263132	0.510008250466556
"NightSleepChange"	446567	1428812	0.505088948454038	0.505715972108349	0.504033588496438	0.506145821382047
"NightSleepChange"	450550	1428812	0.501232576954097	0.501934926424927	0.500184025441581	0.502282633294002
"NightSleepChange"	454567	1428812	0.49737766247238	0.498029265508278	0.496335900581464	0.498420921122687
"NightSleepChange"	458621	1428812	0.493521625546574	0.49415299581769	0.492486639218984	0.494558100634535
"NightSleepChange"	462711	1428812	0.489665734234414	0.490235812867675	0.48863750739932	0.490695441901866
"NightSleepChange"	466837	1428812	0.485810284643124	0.486398898107972	0.484788800937692	0.486833241323875
"NightSleepChange"	471000	1428812	0.481954642925034	0.4826272521642	0.480939887321888	0.482970863715515
"NightSleepChange"	475200	1428812	0.478099114005989	0.478744201818677	0.477091071172484	0.479108614307905
"NightSleepChange"	479438	1428812	0.474243088929131	0.474898155045552	0.473241744819991	0.475245882855
"NightSleepChange"	483713	1428812	0.470387778536104	0.471085869519782	0.469393117235276	0.471383882071016
"NightSleepChange"	488026	1428812	0.466532573942816	0.467111914551869	0.465544580827965	0.467522001776326
"NightSleepChange"	492378	1428812	0.462676890107416	0.463340570453965	0.461695551801926	0.463659655681638
"NightSleepChange"	496769	1428812	0.458821039511515	0.459482830407428	0.457846342334153	0.459797156573209
"NightSleepChange"	501199	1428812	0.454965326463049	0.455548704817258	0.453997256449039	0.455934809042523
"NightSleepChange"	505668	1428812	0.45111004724	0.451728539243243	0.450148590161596	0.452072909630505
"NightSleepChange"	510178	1428812	0.447253787707634	0.447841801415826	0.446298932005815	0.448210041530474
"NightSleepChange"	514727	1428812	0.443398561127481	0.444033000640127	0.442450292045663	0.444348221204709
"NightSleepChange"	519317	1428812	0.439542967569706	0.440096964189313	0.438601272997867	0.440486046073651
"NightSleepChange"	523948	1428812	0.435687316544208	0.436365870568964	0.434752184096817	0.436623825922725
"NightSleepChange"	528621	1428812	0.431831087877228	0.432500757551401	0.430902506308479	0.432761039436966
"NightSleepChange"	533334	1428812	0.427976225365937	0.428698874433731	0.427054180392225	0.42889963345428
"NightSleepChange"	538090	1428812	0.424120571487765	0.424966957819614	0.423205052750462	0.425037446522713
"NightSleepChange"	542889	1428812	0.420264446920421	0.421141979078492	0.41935544377969	0.421174799601242
"NightSleepChange"	547730	1428812	0.416408956923357	0.417291359464581	0.415506457143394	0.417312799546688
"NightSleepChange"	552614	1428812	0.412553598768261	0.413448700508327	0.411657591239045	0.413450942503537
"NightSleepChange"	557542	1428812	0.408697889854678	0.409666513627315	0.407808364556236	0.409588744779934
"NightSleepChange"	562514	1428812	0.404842139293313	0.405857268416278	0.403959085966664	0.405726515725615
"NightSleepChange"	567530	1428812	0.400986648080499	0.402006613194692	0.400110056248685	0.401864556554877
"NightSleepChange"	572591	1428812	0.39713095076814	0.398162641648588	0.396260811025133	0.398002400747405
"NightSleepChange"	577697	1428812	0.393275352662301	0.394345934309157	0.392411655385874	0.394140353825464
"NightSleepChange"	582849	1428812	0.389419405897248	0.390478157094419	0.388562142512388	0.390277966874879
"NightSleepChange"	588046	1428812	0.385564158122612	0.386684722620429	0.384713318611972	0.386416288988815
"NightSleepChange"	593290	1428812	0.381708426729975	0.382870648522748	0.380864003357014	0.382554135275644
"NightSleepChange"	598581	1428812	0.377852524327158	0.37913136584187	0.377014509147711	0.378691818550836
"NightSleepChange"	603919	1428812	0.373996755345887	0.375399263378283	0.373165140229885	0.374829643432024
"NightSleepChange"	609304	1428812	0.370141416185526	0.371485398201843	0.369316192838351	0.370967906483095
"NightSleepChange"	614738	1428812	0.366285382411567	0.367683446078264	0.365466544733651	0.367105481072269
"NightSleepChange"	620220	1428812	0.362429672475418	0.363841208889454	0.361617213017274	0.363243387001986
"NightSleepChange"	625750	1428812	0.358574577758244	0.359985904566083	0.357768488934838	0.359381915788919
"NightSleepChange"	631330	1428812	0.354719006031329	0.356147759046147	0.353919282413481	0.355519973046372
"NightSleepChange"	636960	1428812	0.35086326969121	0.352307069912516	0.350069905689941	0.351657871330709
"NightSleepChange"	642640	1428812	0.347007672962719	0.348353767360187	0.346220662851872	0.347795915003936
"NightSleepChange"	648371	1428812	0.343151842217602	0.344510044257812	0.342371181258728	0.343933729449095
"NightSleepChange"	654153	1428812	0.339296083526846	0.340585856943353	0.338521766857167	0.340071620861507
"NightSleepChange"	659986	1428812	0.33544069490031	0.336835443783113	0.33467271755557	0.336209887352491
"NightSleepChange"	665872	1428812	0.331584661989121	0.332923598857032	0.330823021069103	0.332347512507242
"NightSleepChange"	671810	1428812	0.327728948149452	0.329046674997606	0.326973639575886	0.328485460860932
"NightSleepChange"	677800	1428812	0.323873844888634	0.325143450137213	0.323124864520405	0.324624023983702
"NightSleepChange"	683845	1428812	0.320017730675585	0.321405148161738	0.319275077457289	0.320761577256066
"NightSleepChange"	689943	1428812	0.316162190996825	0.317523685995233	0.315425861705616	0.316899708333773
"NightSleepChange"	696095	1428812	0.312306886703735	0.313676606928188	0.311576879118784	0.313038077065291
"NightSleepChange"	702303	1428812	0.30845087463357	0.30983228298625	0.307727188536446	0.309175738283778
"NightSleepChange"	708565	1428812	0.304595699193536	0.305970732637009	0.303878332301655	0.305314238462271
"NightSleepChange"	714884	1428812	0.300739815651011	0.302117962071947	0.300028768693774	0.301452029853679
"NightSleepChange"	721259	1428812	0.296884144683709	0.298285260295005	0.296179417374004	0.297590034153058
"NightSleepChange"	727691	1428812	0.293028383775517	0.294375728621081	0.292329976828022	0.293727947841705
"NightSleepChange"	734180	1428812	0.289172835194432	0.290374775410229	0.2884807493482	0.289866073163237
"NightSleepChange"	740727	1428812	0.285317206905883	0.286555660904389	0.28463144391324	0.286004117069035
"NightSleepChange"	747332	1428812	0.28146180087803	0.282733195725384	0.2807823625459	0.282142381472654
"NightSleepChange"	753997	1428812	0.277605759109927	0.278862361908538	0.276932649219315	0.278280006397598
"NightSleepChange"	760720	1428812	0.273750540078692	0.275051904187945	0.273083760599848	0.274418452133194
"NightSleepChange"	767504	1428812	0.269894724378487	0.271195110790266	0.269234280213122	0.27055629633998
"NightSleepChange"	774348	1428812	0.266039188460095	0.267325647924978	0.265385083690171	0.266694416289206
"NightSleepChange"	781253	1428812	0.262183668926954	0.263478407054527	0.261535908706628	0.262832547511414
"NightSleepChange"	788220	1428812	0.258327914214511	0.259636520880143	0.257686504772933	0.258970437366384
"NightSleepChange"	795249	1428812	0.254472230406527	0.255819713309555	0.253837178151701	0.255108391759029
"NightSleepChange"	802341	1428812	0.250616374240879	0.251981070547164	0.249987686688099	0.25124616631928
"NightSleepChange"	809496	1428812	0.246760650173913	0.248122997821112	0.246138335066521	0.247384065275441
"NightSleepChange"	816714	1428812	0.242905354629368	0.24409543045842	0.242289419975347	0.243522384786589
"NightSleepChange"	823997	1428812	0.239049722023441	0.240092037971054	0.238440177881275	0.239660357217173
"NightSleepChange"	831345	1428812	0.235194061088952	0.236188050231957	0.234590917819658	0.235798290997492
"NightSleepChange"	838759	1428812	0.231338154668515	0.232342572251915	0.230741423838536	0.231935967764143
"NightSleepChange"	846238	1428812	0.227482822358343	0.228369165319224	0.226892515045987	0.228074207602053
"NightSleepChange"	853785	1428812	0.223626822863261	0.224420860184513	0.223042953126602	0.224211766234545
"NightSleepChange"	861398	1428812	0.219771482026544	0.220541321712073	0.219194062658	0.220349970771688
"NightSleepChange"	869080	1428812	0.215915583189533	0.216719737535417	0.215344630003712	0.216487601530953
"NightSleepChange"	876830	1428812	0.212059936255169	0.212865545800885	0.211495464739073	0.212625468743446
"NightSleepChange"	884649	1428812	0.208204343557205	0.209015038634799	0.20764637060144	0.208763373338767
"NightSleepChange"	892537	1428812	0.204349103535299	0.20516075602288	0.20379764664516	0.204901613141872
"NightSleepChange"	900497	1428812	0.200493059852148	0.201261675966816	0.199948139661913	0.201039028684926
"NightSleepChange"	908527	1428812	0.196637489641608	0.197349399256805	0.196099125848495	0.197176898039879
"NightSleepChange"	916628	1428812	0.192782206523815	0.193505276599615	0.192250420419121	0.193315033232264
"NightSleepChange"	924802	1428812	0.188926563529694	0.189672700518698	0.188401378854597	0.189452784842136
"NightSleepChange"	933049	1428812	0.185070869994112	0.185749073801694	0.184552311376119	0.185590461318047
"NightSleepChange"	941370	1428812	0.181214965790368	0.181774106386045	0.180703059618852	0.18172790077096
"NightSleepChange"	949764	1428812	0.177359613658635	0.177933311449436	0.176854386564656	0.17786586569982
"NightSleepChange"	958234	1428812	0.1735037392255	0.174072363794297	0.173005221345603	0.174003278224348
"NightSleepChange"	966779	1428812	0.169648105367151	0.170237082910514	0.169156327248017	0.170140900811055
"NightSleepChange"	975400	1428812	0.1657925603875	0.166350009968141	0.16530755466846	0.166278579670749
"NightSleepChange"	984098	1428812	0.161936960492026	0.162571295356726	0.161458762001291	0.162416168819596
"NightSleepChange"	992874	1428812	0.158081169578805	0.158684336673399	0.157609815439427	0.158553529860405
"NightSleepChange"	1001728	1428812	0.154225492579386	0.154821312784684	0.153761021549752	0.154690966089393
"NightSleepChange"	1010661	1428812	0.150369796670812	0.151017557555292	0.14991225005593	0.150828342136566
"NightSleepChange"	1019673	1428812	0.146514382239087	0.147124929342461	0.146063803258768	0.146965956473119
"NightSleepChange"	1028766	1428812	0.142658697407618	0.143234265612013	0.142215132899297	0.143103253604037
"NightSleepChange"	1037940	1428812	0.138803049169482	0.139287164406849	0.138366548214247	0.139240538278749
"NightSleepChange"	1047196	1428812	0.134947321719216	0.135361378499419	0.134517936604307	0.135377691485254
"NightSleepChange"	1056534	1428812	0.131091817035048	0.131520142792934	0.130669602695416	0.131515012554069
"NightSleepChange"	1065956	1428812	0.127236014260957	0.127615855308949	0.126821030047824	0.127651976212155
"NightSleepChange"	1075461	1428812	0.123380624967097	0.123775229232557	0.122972932603542	0.123789291658177
"NightSleepChange"	1085052	1428812	0.119524737346153	0.119896716888628	0.11912440428414	0.11992604135486
"NightSleepChange"	1094728	1428812	0.115669061143861	0.116054237631692	0.115276157816966	0.116062932066682
"NightSleepChange"	1104490	1428812	0.111813497479686	0.112175165497401	0.111428099197186	0.11219986003706
"NightSleepChange"	1114339	1428812	0.107957953521152	0.108292537330119	0.107580140873542	0.108336727151951
"NightSleepChange"	1124276	1428812	0.10410234231563	0.104488504531328	0.103732201633439	0.104473440718364
"NightSleepChange"	1134302	1428812	0.100246582625719	0.100581706992269	0.0998842065005892	0.100609913237457
"NightSleepChange"	1144417	1428812	0.0963909782577954	0.0967167949514393	0.0960364653577069	0.0967464424392693
"NightSleepChange"	1154622	1428812	0.0925354488615925	0.0928762933142521	0.0921889053791127	0.0928829404486261
"NightSleepChange"	1164918	1428812	0.0886799195056216	0.088939918639505	0.0883414599375545	0.0890193240294886
"NightSleepChange"	1175306	1428812	0.0848243205227635	0.0851287107990567	0.0844940685725969	0.0851555143077491
"NightSleepChange"	1185787	1428812	0.0809685873591205	0.0812040290283793	0.0806466769878085	0.0812914364717479
"NightSleepChange"	1196361	1428812	0.0771130234389501	0.077313977943673	0.0767995992901595	0.0774273832630285
"NightSleepChange"	1207030	1428812	0.0732572045633998	0.0733782333785823	0.0729524250130217	0.0735629167499364
"NightSleepChange"	1217794	1428812	0.0694014373510089	0.069602205540056	0.0691054746191511	0.069698329706798
"NightSleepChange"	1228653	1428812	0.0655460203495417	0.0657217817901171	0.0652590625318315	0.0658339048058497
"NightSleepChange"	1239610	1428812	0.0616901931349461	0.0618667086087515	0.061412449199237	0.0619688607499892
"NightSleepChange"	1250664	1428812	0.0578346136594518	0.0579845019932395	0.0575663131711748	0.0581038348941422
"NightSleepChange"	1261817	1428812	0.0539788869096929	0.0541888414446811	0.0537202863509249	0.0542384053077638
"NightSleepChange"	1273069	1428812	0.0501233166525562	0.0503192597794969	0.0498747024727777	0.0503728457903363
"NightSleepChange"	1284421	1428812	0.0462678605101095	0.0464572681487774	0.0460295560668443	0.0465070770556224
"NightSleepChange"	1295875	1428812	0.04241214504376	0.0425809320348459	0.0421845194751763	0.0426406798838839
"NightSleepChange"	1307431	1428812	0.0385564769626606	0.0387754508552735	0.0383399538920146	0.0387739064991885
"NightSleepChange"	1319090	1428812	0.0347008256658174	0.034927241936278	0.0344958984588978	0.0349066565577641
"NightSleepChange"	1330853	1428812	0.0308451642626255	0.0310783088238318	0.0306524161965716	0.0310388132574142
"NightSleepChange"	1342721	1428812	0.0269894694558993	0.027185043520133	0.0268096031093392	0.027170233999227
"NightSleepChange"	1354694	1428812	0.0231340420123278	0.0232901688891795	0.0229679229271911	0.0233010565865794
"NightSleepChange"	1366775	1428812	0.0192782214770535	0.0193091230858247	0.0191269542397031	0.0194303815194921
"NightSleepChange"	1378963	1428812	0.0154226330424212	0.0154461347482707	0.0152876838181444	0.0155584724115884
"NightSleepChange"	1391260	1428812	0.0115669461537136	0.0115708157878087	0.0114503963321072	0.011684383483347
"NightSleepChange"	1403666	1428812	0.00771146328543058	0.00770899376099579	0.00761659220471221	0.00780721926048269
"NightSleepChange"	1416183	1428812	0.00385586558368312	0.00387200732415107	0.00378905804500769	0.00392355542493027
"NightSleepChange"	1428812	1428812	1.51977502240161e-07	0	7.69547307875778e-09	1.12125317490794e-06
"MovingShapePC1"	1	1428812	6.45600508468319	5.99509852120067	5.58808118614251	7.7515489911084
"MovingShapePC1"	2	1428812	5.97888382996352	5.35728427497776	5.40899247187304	6.7707841977896
"MovingShapePC1"	3	1428812	5.75703508034717	5.31063430441807	5.2961568063128	6.36351433175329
"MovingShapePC1"	4	1428812	5.61090704466893	5.31063430441807	5.2121114320032	6.11760194399391
"MovingShapePC1"	5	1428812	5.50176257524386	5.31063430441807	5.14460870796777	5.94452607560786
"MovingShapePC1"	6	1428812	5.41461239952496	5.23682966440832	5.08796732186177	5.81217820573161
"MovingShapePC1"	7	1428812	5.34206173237635	5.21696015362486	5.03905047605807	5.70559448437545
"MovingShapePC1"	8	1428812	5.2799138256275	5.05596814227525	4.99593038895917	5.61667331889984
"MovingShapePC1"	9	1428812	5.22555616330491	5.0194417227988	4.9573321800234	5.54056528441907
"MovingShapePC1"	10	1428812	5.17725148373036	4.87187225019188	4.92236633081577	5.47415063480451
"MovingShapePC1"	11	1428812	5.13378578994927	4.77566380001747	4.89038622679355	5.41531027647687
"MovingShapePC1"	12	1428812	5.09427724866559	4.69017189049954	4.86090633120729	5.36254238705642
"MovingShapePC1"	13	1428812	5.05806507601115	4.6511073871611	4.83355233146386	5.31474570309114
"MovingShapePC1"	14	1428812	5.0246413205242	4.61197521539239	4.80802929438253	5.27108977484634
"MovingShapePC1"	15	1428812	4.99360708678423	4.58142197557446	4.78410051939201	5.23093356160598
"MovingShapePC1"	16	1428812	4.96464339084891	4.54642177272158	4.7615730318943	5.19377232715579
"MovingShapePC1"	17	1428812	4.9374911448053	4.52177125999184	4.74028735304873	5.15920183710958
"MovingShapePC1"	18	1428812	4.91193704033291	4.52099510275613	4.72011011171758	5.12689353050522
"MovingShapePC1"	19	1428812	4.88780336061619	4.51988809126112	4.70092859739	5.09657687595495
"MovingShapePC1"	20	1428812	4.86494047765669	4.51476849549125	4.68264667046555	5.06802656249515
"MovingShapePC1"	21	1428812	4.84322122796345	4.46503520760533	4.6651816418041	5.04105302333312
"MovingShapePC1"	22	1428812	4.8225366291036	4.46503520760533	4.6484618573704	5.01549530678885
"MovingShapePC1"	23	1428812	4.80279257090784	4.4257186506673	4.63242480437718	4.99121563201153
"MovingShapePC1"	24	1428812	4.78390722674747	4.41102614457474	4.61701560893327	4.96809517481626
"MovingShapePC1"	25	1428812	4.76580900465467	4.37036719420128	4.60218583159852	4.94603076561509
"MovingShapePC1"	26	1428812	4.74843490858525	4.33151064780131	4.58789249242127	4.92493227314267
"MovingShapePC1"	27	1428812	4.7317292150824	4.27586345474851	4.57409727474062	4.90472051042184
"MovingShapePC1"	28	1428812	4.71564239518894	4.26649217689216	4.56076586968157	4.88532554307219
"MovingShapePC1"	29	1428812	4.70013022901069	4.26531135763183	4.54786743243036	4.86668531091841
"MovingShapePC1"	30	1428812	4.68515307304104	4.25147862483928	4.53537412809687	4.84874449597357
"MovingShapePC1"	31	1428812	4.67067524967242	4.22284587543665	4.52326074995958	4.8314535859386
"MovingShapePC1"	32	1428812	4.6566645352296	4.22074631822202	4.51150439663313	4.81476809417196
"MovingShapePC1"	33	1428812	4.64309172804033	4.22010350191454	4.50008419753777	4.79864790586659
"MovingShapePC1"	34	1428812	4.62993028198236	4.21387137102553	4.48898107822383	4.78305672677114
"MovingShapePC1"	35	1428812	4.61715599394593	4.1926828502871	4.47817755878253	4.76796161580023
"MovingShapePC1"	36	1428812	4.60474673596411	4.17786789530943	4.46765757988234	4.75333258671202
"MovingShapePC1"	37	1428812	4.59268222456273	4.17693025729974	4.45740635199538	4.73914226699294
"MovingShapePC1"	38	1428812	4.58094382129149	4.16886255546565	4.44741022418974	4.72536560439363
"MovingShapePC1"	39	1428812	4.5695143595107	4.16557484529973	4.43765656950901	4.71197961336818
"MovingShapePC1"	40	1428812	4.55837799339274	4.15858984395392	4.42813368447743	4.69896315509654
"MovingShapePC1"	41	1428812	4.54752006580454	4.15503599153466	4.41883070068595	4.68629674590496
"MovingShapePC1"	42	1428812	4.53692699230711	4.15180780291681	4.40973750675243	4.6739623898084
"MovingShapePC1"	43	1428812	4.52658615896889	4.14419806957305	4.40084467922468	4.66194343162948
"MovingShapePC1"	44	1428812	4.51648583206457	4.13926262618643	4.39214342122064	4.65022442774122
"MovingShapePC1"	45	1428812	4.50661507803827	4.13926262618643	4.38362550778608	4.63879103196214
"MovingShapePC1"	46	1428812	4.49696369236209	4.13467034567354	4.37528323710372	4.62762989452687
"MovingShapePC1"	47	1428812	4.48752213612925	4.1334120086925	4.36710938681564	4.61672857237929
"MovingShapePC1"	48	1428812	4.47828147939434	4.13262680611774	4.35909717482733	4.60607544930273
"MovingShapePC1"	49	1428812	4.46923335041694	4.12383529443043	4.35124022405132	4.59565966462421
"MovingShapePC1"	50	1428812	4.46036989008564	4.12383529443043	4.34353253062318	4.58547104941395
"MovingShapePC1"	51	1428812	4.45168371090054	4.10244932927205	4.3359684351865	4.57550006925685
"MovingShapePC1"	52	1428812	4.44316785997801	4.1024443807709	4.32854259689695	4.56573777280166
"MovingShapePC1"	53	1428812	4.43481578561325	4.08603311225902	4.32124996984148	4.55617574540389
"MovingShapePC1"	54	1428812	4.42662130699798	4.08417663082938	4.31408578160757	4.54680606727022
"MovingShapePC1"	55	1428812	4.41857858674256	4.08399268311667	4.30704551377098	4.53762127559151
"MovingShapePC1"	56	1428812	4.41068210589653	4.08334395413932	4.30012488409889	4.52861433021763
"MovingShapePC1"	57	1428812	4.40292664119977	4.08083924256633	4.29331983029031	4.51977858248511
"MovingShapePC1"	58	1428812	4.39530724432957	4.07991947888062	4.28662649509651	4.51110774685711
"MovingShapePC1"	59	1428812	4.38781922293702	4.07590325938293	4.28004121268318	4.50259587507736
"MovingShapePC1"	60	1428812	4.38045812329065	4.06739687948075	4.27356049611138	4.49423733257601
"MovingShapePC1"	61	1428812	4.37321971436674	4.0644972685961	4.26718102582905	4.48602677689644
"MovingShapePC1"	62	1428812	4.36609997324379	4.06384630817503	4.26089963907612	4.47795913793948
"MovingShapePC1"	63	1428812	4.35909507167513	4.06039788990202	4.2547133201176	4.47002959984458
"MovingShapePC1"	64	1428812	4.35220136372723	4.05850148707325	4.24861919122797	4.4622335843483
"MovingShapePC1"	65	1428812	4.34541537438394	4.05709797290941	4.24261450435826	4.45456673547828
"MovingShapePC1"	66	1428812	4.33873378902742	4.04344788807235	4.23669663342482	4.44702490545632
"MovingShapePC1"	67	1428812	4.3321534437161	4.03672371393475	4.23086306716453	4.43960414169803
"MovingShapePC1"	68	1428812	4.32567131618818	4.03403342889512	4.22511140250734	4.43230067480853
"MovingShapePC1"	69	1428812	4.31928451752678	4.03147128949238	4.21943933842166	4.42511090748414
"MovingShapePC1"	70	1428812	4.31299028442909	4.02514073447093	4.21384467019257	4.41803140423951
"MovingShapePC1"	71	1428812	4.30678597202781	4.02263266227599	4.20832528409672	4.41105888188763
"MovingShapePC1"	72	1428812	4.30066904721812	4.02236006160163	4.20287915244143	4.40419020070777
"MovingShapePC1"	73	1428812	4.29463708244821	4.01657986000587	4.19750432893826	4.39742235624254
"MovingShapePC1"	74	1428812	4.28868774993501	4.0160671541735	4.19219894438444	4.39075247167126
"MovingShapePC1"	75	1428812	4.28281881627091	4.00470447752289	4.18696120262774	4.38417779071178
"MovingShapePC1"	76	1428812	4.27702813739002	4.00470447752289	4.18178937679277	4.37769567100751
"MovingShapePC1"	77	1428812	4.27131365386559	4.00175243477906	4.1766818057485	4.37130357796052
"MovingShapePC1"	78	1428812	4.26567338651289	3.99709561736929	4.17163689079887	4.36499907897517
"MovingShapePC1"	79	1428812	4.26010543227395	3.98950499394254	4.16665309257951	4.35877983807985
"MovingShapePC1"	80	1428812	4.25460796036273	3.98265775336041	4.16172892814561	4.35264361089766
"MovingShapePC1"	81	1428812	4.24917920865134	3.97999939780742	4.15686296823665	4.34658823993911
"MovingShapePC1"	82	1428812	4.24381748027923	3.9719047801482	4.15205383470548	4.34061165019262
"MovingShapePC1"	83	1428812	4.23852114046928	3.97123766724569	4.14730019809988	4.33471184499035
"MovingShapePC1"	84	1428812	4.2332886135356	3.96885825424528	4.14260077538591	4.32888690212919
"MovingShapePC1"	85	1428812	4.22811838006951	3.96666069887342	4.13795432780307	4.32313497022821
"MovingShapePC1"	86	1428812	4.22300897429103	3.95169806334662	4.13335965884241	4.31745426530554
"MovingShapePC1"	87	1428812	4.21795898155439	3.95136789441423	4.12881561233893	4.31184306755902
"MovingShapePC1"	88	1428812	4.21296703599689	3.944109686543	4.12432107067082	4.30629971833623
"MovingShapePC1"	89	1428812	4.20803181832138	3.944109686543	4.11987495305835	4.30082261728087
"MovingShapePC1"	90	1428812	4.20315205370329	3.94392643670175	4.11547621395575	4.29541021964307
"MovingShapePC1"	91	1428812	4.198326509814	3.92984017844977	4.11112384153022	4.29006103374277
"MovingShapePC1"	92	1428812	4.19355399495276	3.92661895438266	4.10681685622233	4.28477361857569
"MovingShapePC1"	93	1428812	4.18883335628017	3.9224976477812	4.10255430938257	4.27954658155235
"MovingShapePC1"	94	1428812	4.18416347814669	3.91995103242115	4.09833528197952	4.27437857636159
"MovingShapePC1"	95	1428812	4.17954328050994	3.91947452354077	4.09415888337479	4.26926830095024
"MovingShapePC1"	96	1428812	4.17497171743546	3.91769944361815	4.090024250161	4.26421449561159
"MovingShapePC1"	97	1428812	4.17044777567541	3.91624662242999	4.08593054505858	4.25921594117574
"MovingShapePC1"	98	1428812	4.16597047332067	3.91411744345475	4.0818769558682	4.25427145729523
"MovingShapePC1"	99	1428812	4.16153885852159	3.91195609787086	4.07786269447519	4.24937990082024
"MovingShapePC1"	100	1428812	4.15715200827348	3.91195609787086	4.07388699590305	4.24454016425762
"MovingShapePC1"	101	1428812	4.1528090272627	3.90990779384607	4.06994911741315	4.23975117430869
"MovingShapePC1"	102	1428812	4.14850904676997	3.90951974111036	4.06604833764784	4.23501189048108
"MovingShapePC1"	103	1428812	4.14425122362743	3.90951974111036	4.06218395581459	4.23032130377011
"MovingShapePC1"	104	1428812	4.14003473922627	3.90896296227248	4.05835529090881	4.22567843540554
"MovingShapePC1"	105	1428812	4.13585879857213	3.90846317441559	4.05456168097304	4.22108233566002
"MovingShapePC1"	106	1428812	4.13172262938549	3.90601130041926	4.05080248239066	4.21653208271537
"MovingShapePC1"	107	1428812	4.12762548124445	3.90302050543322	4.04707706921207	4.21202678158366
"MovingShapePC1"	108	1428812	4.12356662476758	3.90302050543322	4.04338483251164	4.20756556307965
"MovingShapePC1"	109	1428812	4.11954535083466	3.90112794030686	4.03972517977368	4.20314758284195
"MovingShapePC1"	110	1428812	4.11556096984307	3.89917816105305	4.036097534306	4.19877202039996
"MovingShapePC1"	111	1428812	4.11161281099807	3.89869981953232	4.0325013346794	4.19443807828424
"MovingShapePC1"	112	1428812	4.10770022163502	3.89437742414352	4.02893603419188	4.19014498117765
"MovingShapePC1"	113	1428812	4.10382256657182	3.89437742414352	4.02540110035623	4.18589197510536
"MovingShapePC1"	114	1428812	4.09997922749006	3.89186136233755	4.02189601440968	4.18167832666133
"MovingShapePC1"	115	1428812	4.0961696023433	3.8847224086041	4.01842027084471	4.17750332226952
"MovingShapePC1"	116	1428812	4.09239310479104	3.88218865857369	4.01497337695961	4.17336626747782
"MovingShapePC1"	117	1428812	4.08864916365717	3.88110397176813	4.01155485242814	4.16926648628315
"MovingShapePC1"	118	1428812	4.08493722241145	3.88016697511301	4.00816422888705	4.16520332048586
"MovingShapePC1"	119	1428812	4.08125673867308	3.86507738794676	4.00480104954074	4.16117612907223
"MovingShapePC1"	120	1428812	4.07760718373505	3.86431091743641	4.00146486878211	4.15718428762328
"MovingShapePC1"	121	1428812	4.07398804210832	3.86002336564947	3.99815525182892	4.15322718774886
"MovingShapePC1"	122	1428812	4.07039881108487	3.85621103382175	3.99487177437477	4.14930423654552
"MovingShapePC1"	123	1428812	4.06683900031865	3.85621103382175	3.99161402225412	4.14541485607707
"MovingShapePC1"	124	1428812	4.06330813142352	3.85621103382175	3.98838159112058	4.14155848287673
"MovingShapePC1"	125	1428812	4.05980573758745	3.84733868956681	3.98517408613794	4.13773456746967
"MovingShapePC1"	126	1428812	4.05633136320215	3.84431484509539	3.98199112168324	4.13394257391515
"MovingShapePC1"	127	1428812	4.05288456350737	3.83644805497748	3.97883232106137	4.13018197936711
"MovingShapePC1"	128	1428812	4.04946490424923	3.8362365186586	3.9756973162307	4.12645227365244
"MovingShapePC1"	129	1428812	4.04607196135189	3.8362365186586	3.97258574753914	4.12275295886603
"MovingShapePC1"	130	1428812	4.04270532060193	3.8362365186586	3.96949726347027	4.11908354898188
"MovingShapePC1"	131	1428812	4.0393645773449	3.8348209862264	3.96643152039895	4.11544356947941
"MovingShapePC1"	132	1428812	4.03604933619343	3.8348209862264	3.96338818235613	4.11183255698433
"MovingShapePC1"	133	1428812	4.03275921074638	3.83416830428525	3.96036692080234	4.1082500589234
"MovingShapePC1"	134	1428812	4.02949382331861	3.83416830428525	3.95736741440952	4.10469563319243
"MovingShapePC1"	135	1428812	4.02625280468078	3.83416830428525	3.95438934885079	4.10116884783686
"MovingShapePC1"	136	1428812	4.02303579380878	3.83157323504014	3.95143241659793	4.09766928074446
"MovingShapePC1"	137	1428812	4.01984243764243	3.83047838926121	3.94849631672603	4.09419651934951
"MovingShapePC1"	138	1428812	4.01667239085292	3.83047838926121	3.9455807547252	4.090750160348
"MovingShapePC1"	139	1428812	4.01352531561874	3.83047838926121	3.94268544231895	4.08732980942336
"MovingShapePC1"	140	1428812	4.01040088140959	3.83047838926121	3.93981009728896	4.08393508098222
"MovingShapePC1"	141	1428812	4.00729876477811	3.82283591211117	3.93695444330592	4.08056559789981
"MovingShapePC1"	142	1428812	4.00421864915889	3.81729154203091	3.93411820976637	4.07722099127455
"MovingShapePC1"	143	1428812	4.00116022467468	3.81729154203091	3.93130113163504	4.07390090019143
"MovingShapePC1"	144	1428812	3.99812318794919	3.81688111768276	3.92850294929268	4.07060497149389
"MovingShapePC1"	145	1428812	3.99510724192664	3.81260620194008	3.92572340838899	4.06733285956366
"MovingShapePC1"	146	1428812	3.99211209569728	3.81104059669711	3.92296225970061	4.06408422610846
"MovingShapePC1"	147	1428812	3.98913746432908	3.8042940252529	3.92021925899376	4.06085873995697
"MovingShapePC1"	148	1428812	3.98618306870502	3.80392334642396	3.91749416689157	4.05765607686106
"MovingShapePC1"	149	1428812	3.98324863536597	3.80313049270563	3.91478674874572	4.05447591930468
"MovingShapePC1"	150	1428812	3.98033389635876	3.80026127360665	3.91209677451234	4.05131795631937
"MovingShapePC1"	151	1428812	3.97743858908934	3.79167153179779	3.90942401863197	4.04818188330603
"MovingShapePC1"	152	1428812	3.97456245618088	3.79142160442614	3.90676825991338	4.04506740186267
"MovingShapePC1"	153	1428812	3.9717052453364	3.7893123663521	3.90412928142114	4.04197421961792
"MovingShapePC1"	154	1428812	3.968866709206	3.78558006070426	3.90150687036686	4.03890205007015
"MovingShapePC1"	155	1428812	3.96604660525835	3.78423821914754	3.8989008180038	4.03585061243184
"MovingShapePC1"	156	1428812	3.96324469565635	3.78346200474659	3.89631091952483	4.03281963147908
"MovingShapePC1"	157	1428812	3.96046074713674	3.78312976565471	3.89373697396368	4.02980883740602
"MovingShapePC1"	158	1428812	3.95769453089358	3.78192423945753	3.89117878409914	4.02681796568397
"MovingShapePC1"	159	1428812	3.95494582246543	3.77627308514961	3.88863615636238	4.02384675692511
"MovingShapePC1"	160	1428812	3.952214401626	3.77258124915643	3.88610890074696	4.02089495675052
"MovingShapePC1"	161	1428812	3.94950005227831	3.77165354643964	3.88359683072177	4.01796231566241
"MovingShapePC1"	162	1428812	3.94680256235208	3.76897410586041	3.88109976314648	4.01504858892043
"MovingShapePC1"	163	1428812	3.94412172370431	3.76673983757975	3.87861751818965	4.0121535364218
"MovingShapePC1"	164	1428812	3.9414573320229	3.76673983757975	3.87614991924922	4.00927692258526
"MovingShapePC1"	165	1428812	3.93880918673321	3.76333176456753	3.87369679287547	4.00641851623854
"MovingShapePC1"	166	1428812	3.93617709090747	3.75073803230119	3.87125796869617	4.00357809050937
"MovingShapePC1"	167	1428812	3.93356085117687	3.74647784632857	3.86883327934404	4.0007554227198
"MovingShapePC1"	168	1428812	3.93096027764634	3.74489159269917	3.86642256038623	3.99795029428373
"MovingShapePC1"	169	1428812	3.92837518381185	3.74279676974473	3.86402565025599	3.99516249060756
"MovingShapePC1"	170	1428812	3.9258053864801	3.74000497819798	3.86164239018618	3.99239180099382
"MovingShapePC1"	171	1428812	3.92325070569069	3.73720967606834	3.85927262414486	3.98963801854774
"MovingShapePC1"	172	1428812	3.92071096464041	3.73589557202131	3.85691619877256	3.98690094008647
"MovingShapePC1"	173	1428812	3.91818598960991	3.73566630743275	3.85457296332144	3.98418036605113
"MovingShapePC1"	174	1428812	3.91567560989231	3.72906974171824	3.85224276959622	3.98147610042137
"MovingShapePC1"	175	1428812	3.91317965772401	3.72493523804978	3.8499254718966	3.97878795063242
"MovingShapePC1"	176	1428812	3.91069796821736	3.72447673381261	3.8476209269615	3.9761157274946
"MovingShapePC1"	177	1428812	3.90823037929536	3.72146360059304	3.84532899391472	3.97345924511508
"MovingShapePC1"	178	1428812	3.90577673162809	3.71990216863557	3.84304953421214	3.97081832082201
"MovingShapePC1"	179	1428812	3.90333686857099	3.7150123727768	3.84078241159043	3.96819277509068
"MovingShapePC1"	180	1428812	3.90091063610487	3.71141545503271	3.83852749201703	3.96558243147186
"MovingShapePC1"	181	1428812	3.89849788277753	3.70681208224882	3.8362846436417	3.96298711652216
"MovingShapePC1"	182	1428812	3.89609845964707	3.70681208224882	3.83405373674916	3.96040665973633
"MovingShapePC1"	183	1428812	3.89371222022671	3.70219792114133	3.83183464371318	3.95784089348142
"MovingShapePC1"	184	1428812	3.8913390204311	3.70138050151543	3.82962723895183	3.95528965293287
"MovingShapePC1"	185	1428812	3.88897871852412	3.70123422773812	3.8274313988839	3.95275277601224
"MovingShapePC1"	186	1428812	3.88663117506814	3.69553101514583	3.82524700188653	3.95023010332672
"MovingShapePC1"	187	1428812	3.8842962528745	3.69474969102695	3.82307392825393	3.94772147811033
"MovingShapePC1"	188	1428812	3.88197381695547	3.69298130643708	3.82091206015721	3.94522674616662
"MovingShapePC1"	189	1428812	3.87966373447739	3.68863399935741	3.8187612816052	3.942745755813
"MovingShapePC1"	190	1428812	3.87736587471511	3.68483815241585	3.81662147840634	3.94027835782653
"MovingShapePC1"	191	1428812	3.87508010900757	3.68469734456802	3.81449253813156	3.93782440539119
"MovingShapePC1"	192	1428812	3.87280631071456	3.68273499686504	3.81237435007809	3.9353837540465
"MovingShapePC1"	193	1428812	3.87054435517468	3.68119607309797	3.81026680523419	3.93295626163757
"MovingShapePC1"	194	1428812	3.86829411966427	3.68101893550528	3.80816979624479	3.9305417882664
"MovingShapePC1"	195	1428812	3.86605548335748	3.68100643440478	3.806083217378	3.92814019624451
"MovingShapePC1"	196	1428812	3.86382832728732	3.68100643440478	3.80400696449249	3.92575135004676
"MovingShapePC1"	197	1428812	3.86161253430776	3.6765663799799	3.80194093500562	3.9233751162664
"MovingShapePC1"	198	1428812	3.85940798905673	3.67578547284803	3.79988502786243	3.92101136357128
"MovingShapePC1"	199	1428812	3.85721457792007	3.67354329091287	3.79783914350536	3.91865996266112
"MovingShapePC1"	200	1428812	3.85503218899644	3.67328736771881	3.79580318384476	3.91632078622599
"MovingShapePC1"	201	1428812	3.852860712063	3.67138190593235	3.79377705223005	3.91399370890573
"MovingShapePC1"	203	1428812	3.84855006146852	3.66766255054697	3.78975389356372	3.90937535968206
"MovingShapePC1"	205	1428812	3.84428177667584	3.66074338892982	3.78576892203334	3.90480394962786
"MovingShapePC1"	206	1428812	3.84216326280712	3.66025250457787	3.78379052932957	3.90253555301134
"MovingShapePC1"	208	1428812	3.83795698797109	3.65510690617647	3.77986148710751	3.89803280427879
"MovingShapePC1"	210	1428812	3.83379106171689	3.6528203058642	3.77596885976213	3.8935747047193
"MovingShapePC1"	212	1428812	3.82966471730814	3.64104157757134	3.7721119729179	3.88916038484128
"MovingShapePC1"	214	1428812	3.82557720965816	3.63351353768661	3.76829017083749	3.88478900020332
"MovingShapePC1"	216	1428812	3.82152781452245	3.62718001832103	3.7645028157394	3.88045973046349
"MovingShapePC1"	218	1428812	3.81751582772855	3.62275569132035	3.76074928714675	3.87617177847321
"MovingShapePC1"	220	1428812	3.81354056444106	3.6172753278818	3.75702898126522	3.87192436941333
"MovingShapePC1"	222	1428812	3.80960135846012	3.61686352516839	3.75334131038885	3.86771674996989
"MovingShapePC1"	224	1428812	3.80569756155125	3.61651496699129	3.74968570233208	3.86354818754759
"MovingShapePC1"	226	1428812	3.80182854280522	3.60925913304708	3.74606159988666	3.85941796951873
"MovingShapePC1"	228	1428812	3.79799368802607	3.60816545830671	3.74246846030215	3.85532540250595
"MovingShapePC1"	230	1428812	3.79419239914592	3.60614763860929	3.73890575478882	3.85126981169669
"MovingShapePC1"	232	1428812	3.79042409366523	3.60447267207127	3.73537296804174	3.84725054018798
"MovingShapePC1"	234	1428812	3.78668820411707	3.60236931913285	3.73186959778502	3.84326694835973
"MovingShapePC1"	236	1428812	3.78298417755429	3.59920996847262	3.72839515433516	3.83931841327517
"MovingShapePC1"	238	1428812	3.77931147505832	3.59759416340773	3.72494916018262	3.83540432810713
"MovingShapePC1"	240	1428812	3.77566957126862	3.59277570618943	3.72153114959061	3.83152410158853
"MovingShapePC1"	242	1428812	3.77205795393167	3.58627285904126	3.7181406682103	3.82767715748626
"MovingShapePC1"	244	1428812	3.76847612346855	3.58411058933781	3.71477727271167	3.82386293409697
"MovingShapePC1"	247	1428812	3.76315816540596	3.57821351041816	3.70978202186823	3.81820175607684
"MovingShapePC1"	249	1428812	3.75964869594985	3.57700986149149	3.7064844706572	3.81446696806219
"MovingShapePC1"	251	1428812	3.75616735881594	3.57213591412404	3.70321253545674	3.8107630424203
"MovingShapePC1"	253	1428812	3.75271370656452	3.57106056244385	3.69996581833542	3.80708947712988
"MovingShapePC1"	255	1428812	3.74928730234643	3.57060143460184	3.69674393059773	3.80344578227407
"MovingShapePC1"	258	1428812	3.74419785564199	3.56658062232433	3.69195682577591	3.79803520411118
"MovingShapePC1"	260	1428812	3.74083772683473	3.55968612022858	3.68879536902906	3.79446411795651
"MovingShapePC1"	262	1428812	3.73750339581591	3.55508904164568	3.68565744995662	3.79092127742432
"MovingShapePC1"	265	1428812	3.732549412648	3.54973395144613	3.68099393990902	3.78565901745537
"MovingShapePC1"	267	1428812	3.72927787565661	3.54794355715899	3.67791334858657	3.78218488812688
"MovingShapePC1"	269	1428812	3.72603079898363	3.54142560036812	3.67485510181371	3.7787375082127
"MovingShapePC1"	272	1428812	3.72120525509434	3.53404045538287	3.67030892044996	3.77361570840406
"MovingShapePC1"	274	1428812	3.71801775834975	3.53185361419609	3.66730513204841	3.77023344673561
"MovingShapePC1"	277	1428812	3.71327995337849	3.52890787550344	3.66283918068989	3.76520750288535
"MovingShapePC1"	279	1428812	3.71014988950946	3.52450605160588	3.65988793144661	3.76188796226782
"MovingShapePC1"	282	1428812	3.70549668983184	3.51992259776004	3.65549940756259	3.75695437740208
"MovingShapePC1"	284	1428812	3.70242202579028	3.51825504725949	3.65259887831272	3.75369529016538
"MovingShapePC1"	287	1428812	3.6978504627158	3.51681366557075	3.64828512420082	3.74885075459117
"MovingShapePC1"	289	1428812	3.69482927152745	3.51336836116131	3.64543358897773	3.74564997344336
"MovingShapePC1"	292	1428812	3.69033652992417	3.50901252097708	3.64119208193268	3.74089135163789
"MovingShapePC1"	294	1428812	3.68736698343557	3.50724798972566	3.63838790169533	3.73774684131079
"MovingShapePC1"	297	1428812	3.68295039131892	3.5064346085789	3.63421624499919	3.7330711599367
"MovingShapePC1"	300	1428812	3.67857826229387	3.49791307399567	3.63008539738197	3.7284438789525
"MovingShapePC1"	302	1428812	3.67568777254303	3.49744179203332	3.62735377653192	3.72538542647546
"MovingShapePC1"	305	1428812	3.67138779205031	3.49234648653501	3.62328918618043	3.72083663888435
"MovingShapePC1"	308	1428812	3.66712996890777	3.48821286261151	3.61926333271786	3.71633369066184
"MovingShapePC1"	311	1428812	3.6629134845066	3.48410761972432	3.61527547973169	3.7118756734283
"MovingShapePC1"	313	1428812	3.66012506733911	3.48227904205637	3.6126376682619	3.70892818711064
"MovingShapePC1"	316	1428812	3.65597572543905	3.47995950321906	3.60871156926626	3.70454310814131
"MovingShapePC1"	319	1428812	3.65186565234784	3.47587011903605	3.60482160691389	3.70020066530948
"MovingShapePC1"	322	1428812	3.64779411175896	3.46901825140237	3.60096711759489	3.69590004303465
"MovingShapePC1"	325	1428812	3.64376038788282	3.45872786588534	3.59714745587343	3.69164044883904
"MovingShapePC1"	328	1428812	3.6397637846914	3.45669201527547	3.59336199382873	3.687421112485
"MovingShapePC1"	330	1428812	3.63711967008918	3.45380170074235	3.59085704986374	3.68463021640457
"MovingShapePC1"	333	1428812	3.63318343938008	3.45166095557695	3.5871272374902	3.6804763226278
"MovingShapePC1"	336	1428812	3.62928256451419	3.44922148143574	3.58343003126929	3.67636073531598
"MovingShapePC1"	339	1428812	3.62541641599804	3.44858050130604	3.57976486232634	3.67228275901887
"MovingShapePC1"	342	1428812	3.62158438100165	3.44717123409515	3.57613117659376	3.6682417169936
"MovingShapePC1"	345	1428812	3.61778586277556	3.44704721353019	3.57252843430058	3.66423695054097
"MovingShapePC1"	349	1428812	3.61277230658518	3.44483902115157	3.5677720050069	3.65895258463482
"MovingShapePC1"	352	1428812	3.60904975966336	3.44111031125332	3.56423944165234	3.655029996236
"MovingShapePC1"	355	1428812	3.60535884950012	3.43080405881561	3.56073611963286	3.65114161011817
"MovingShapePC1"	358	1428812	3.6016990428821	3.42571980812076	3.5572615557412	3.64728683878304
"MovingShapePC1"	361	1428812	3.59806981996376	3.42196050738342	3.55381527868709	3.64346510969317
"MovingShapePC1"	364	1428812	3.59447067382415	3.41861475657366	3.55039682870785	3.63967586476933
"MovingShapePC1"	368	1428812	3.58971774559899	3.4149681364683	3.54588140815149	3.63467313065945
"MovingShapePC1"	371	1428812	3.58618687670386	3.40831668586529	3.54252616203272	3.63095758946132
"MovingShapePC1"	374	1428812	3.58268448286779	3.40203730089185	3.53919728901504	3.6272727705458
"MovingShapePC1"	378	1428812	3.578058133054	3.39859193946532	3.53479910243355	3.62240660513881
"MovingShapePC1"	381	1428812	3.57462042791261	3.39721750967331	3.53153017360725	3.61879154506909
"MovingShapePC1"	384	1428812	3.5712097207342	3.39302779449143	3.52828627528463	3.61520558453982
"MovingShapePC1"	388	1428812	3.56670338217687	3.38709116919308	3.5239993535649	3.61046877306633
"MovingShapePC1"	391	1428812	3.56335405080588	3.38421191885865	3.52081238630986	3.60694893405579
"MovingShapePC1"	395	1428812	3.55892808147376	3.37691308336589	3.51660003893293	3.6022986772658
"MovingShapePC1"	398	1428812	3.55563795602671	3.37458567673684	3.51346802712162	3.5988425798225
"MovingShapePC1"	402	1428812	3.5512895394045	3.37104736405594	3.50932768864188	3.59427578979389
"MovingShapePC1"	405	1428812	3.54805656307091	3.36766521840863	3.50624875803107	3.59088117981974
"MovingShapePC1"	409	1428812	3.54378302815077	3.3657031355462	3.50217799352765	3.58639493050843
"MovingShapePC1"	413	1428812	3.53955113613326	3.36303494283853	3.49814593956466	3.58195344918469
"MovingShapePC1"	416	1428812	3.53640406089907	3.36108364728733	3.4951468607768	3.57865118719365
"MovingShapePC1"	420	1428812	3.53224312385448	3.35473103811214	3.49118079746803	3.57428594920155
"MovingShapePC1"	424	1428812	3.52812167435248	3.35326602185818	3.48725147662096	3.56996312179782
"MovingShapePC1"	427	1428812	3.52505605351566	3.35177371374859	3.48432818936527	3.56674834422409
"MovingShapePC1"	431	1428812	3.52100193322953	3.34487213443072	3.48046154647768	3.56249779683024
"MovingShapePC1"	435	1428812	3.51698530823452	3.34053828877945	3.47662982474066	3.5582874835443
"MovingShapePC1"	439	1428812	3.51300549131714	3.33786195205222	3.47283239540658	3.55411665418326
"MovingShapePC1"	443	1428812	3.50906181398536	3.33512120112696	3.46906864660529	3.54998457929227
"MovingShapePC1"	447	1428812	3.50515362579464	3.33390903595259	3.46533798274431	3.54589054938924
"MovingShapePC1"	451	1428812	3.50128029370412	3.33123214671761	3.46163982393559	3.54183387424362
"MovingShapePC1"	455	1428812	3.49744120146122	3.33004284453554	3.45797360544719	3.53781388218729
"MovingShapePC1"	459	1428812	3.49363574901316	3.32918474085232	3.45433877717874	3.53382991945601
"MovingShapePC1"	463	1428812	3.48986335194415	3.32574067750033	3.45073480315949	3.52988134955986
"MovingShapePC1"	467	1428812	3.48612344093669	3.32084657699335	3.44716116106763	3.52596755268093
"MovingShapePC1"	471	1428812	3.48241546125593	3.31537094215086	3.44361734177001	3.52208792509716
"MovingShapePC1"	476	1428812	3.47782456774577	3.31218398208694	3.43922875091929	3.51728554657359
"MovingShapePC1"	480	1428812	3.47418647751252	3.30996259938972	3.43575023673604	3.51348067220612
"MovingShapePC1"	484	1428812	3.47057861060018	3.30609286504194	3.43229997654037	3.50970810968938
"MovingShapePC1"	488	1428812	3.46700046898465	3.30501331593762	3.42887751254529	3.50596731782974
"MovingShapePC1"	493	1428812	3.46256885418557	3.30268781780046	3.42463784143287	3.50133520274762
"MovingShapePC1"	497	1428812	3.4590558361878	3.29933088937175	3.42127630185465	3.49766398506726
"MovingShapePC1"	502	1428812	3.45470415166277	3.29871098547333	3.41711142985985	3.49311723712564
"MovingShapePC1"	506	1428812	3.45125392909218	3.29871098547333	3.41380867222573	3.48951306636491
"MovingShapePC1"	511	1428812	3.44697934259627	3.29459048255789	3.4097159920458	3.48504861228094
"MovingShapePC1"	515	1428812	3.44358970992075	3.29089717276765	3.4064699852333	3.4815090960759
"MovingShapePC1"	520	1428812	3.43938953712601	3.28787918022791	3.40244702390419	3.47712402517236
"MovingShapePC1"	524	1428812	3.43605840300434	3.28325564754679	3.39925584054417	3.47364689663724
"MovingShapePC1"	529	1428812	3.43193009737576	3.28105013133828	3.39530025035296	3.46933844958798
"MovingShapePC1"	534	1428812	3.42784066525872	3.27740144758587	3.39138111748469	3.46507143135999
"MovingShapePC1"	538	1428812	3.42459662043156	3.27593231387056	3.38827161002426	3.46168711723593
"MovingShapePC1"	543	1428812	3.42057534649864	3.27507399496664	3.3844164258514	3.4574927074342
"MovingShapePC1"	548	1428812	3.41659096550705	3.27184027325449	3.38059587046761	3.45333758335675
"MovingShapePC1"	553	1428812	3.41264280666206	3.26554982620975	3.37680932413101	3.44922101966551
"MovingShapePC1"	558	1428812	3.40873021729901	3.26125035043447	3.37305618363137	3.44514231087609
"MovingShapePC1"	563	1428812	3.4048525622358	3.26041499870026	3.36933586170633	3.44110077064092
"MovingShapePC1"	568	1428812	3.40100922315404	3.259406011595	3.36564778648332	3.43709573106438
"MovingShapePC1"	573	1428812	3.39719959800728	3.25668469221376	3.36199140094558	3.43312654204827
"MovingShapePC1"	578	1428812	3.39342310045502	3.25366866749222	3.35836616242126	3.42919257066603
"MovingShapePC1"	583	1428812	3.38967915932115	3.25238624164172	3.35477154209429	3.42529320056416
"MovingShapePC1"	588	1428812	3.38596721807543	3.25023818390221	3.35120702453591	3.42142783138951
"MovingShapePC1"	594	1428812	3.38155436572859	3.24861464547142	3.34696863249946	3.41683344711982
"MovingShapePC1"	599	1428812	3.37791093427677	3.24375500890983	3.34346858984902	3.4130408421152
"MovingShapePC1"	604	1428812	3.37429781458584	3.24037369850856	3.33999708544866	3.40928041819149
"MovingShapePC1"	610	1428812	3.3700013790648	3.23746022265871	3.33586829829551	3.4048096307217
"MovingShapePC1"	615	1428812	3.36645320179673	3.23468244931229	3.33245796095875	3.40111812715885
"MovingShapePC1"	621	1428812	3.36223330318446	3.23293619925801	3.328401280811	3.39672854310594
"MovingShapePC1"	626	1428812	3.35874777498977	3.23135228075282	3.32504998222899	3.39310349088283
"MovingShapePC1"	632	1428812	3.35460173412785	3.22798431458095	3.32106292190114	3.38879222680639
"MovingShapePC1"	637	1428812	3.35117668102953	3.22547500537205	3.31776864320338	3.38523128693957
"MovingShapePC1"	643	1428812	3.34710195701587	3.22220574159995	3.31384884230959	3.38099560995138
"MovingShapePC1"	649	1428812	3.34306510859911	3.21865901788855	3.30996477614229	3.37680006096054
"MovingShapePC1"	655	1428812	3.33906543813243	3.21275920793353	3.30611579597879	3.37264389033015
"MovingShapePC1"	660	1428812	3.33576028913682	3.20974299211328	3.30293465844298	3.36920996904393
"MovingShapePC1"	666	1428812	3.33182702920851	3.20503818256247	3.29914837554197	3.3651241134816
"MovingShapePC1"	672	1428812	3.32792907201447	3.20235028199451	3.29539543382417	3.36107562257002
"MovingShapePC1"	678	1428812	3.32406578947276	3.1960712890995	3.29167524851249	3.35706382225694
"MovingShapePC1"	684	1428812	3.32023657011536	3.1936571961141	3.28798725011609	3.35308805652528
"MovingShapePC1"	690	1428812	3.31644081850734	3.19140015982147	3.28433088390145	3.34914768675629
"MovingShapePC1"	697	1428812	3.31205396825922	3.18538420939539	3.28010438259003	3.34459449657685
"MovingShapePC1"	703	1428812	3.30832876044209	3.17969277213678	3.27651471695392	3.34072870643031
"MovingShapePC1"	709	1428812	3.30463523443573	3.1781054029471	3.2729550185799	3.3368963979757
"MovingShapePC1"	715	1428812	3.30097285589221	3.17710391059502	3.26942478901234	3.3330969988239
"MovingShapePC1"	722	1428812	3.29673875358969	3.17513837734583	3.26534278531513	3.32870521671223
"MovingShapePC1"	728	1428812	3.29314209136126	3.1708448778289	3.26187475318424	3.3249752259499
"MovingShapePC1"	735	1428812	3.28898328889293	3.16723888653564	3.25786403495153	3.32066295471801
"MovingShapePC1"	741	1428812	3.28545002616198	3.16368854612453	3.25445603707926	3.31699989281333
"MovingShapePC1"	748	1428812	3.28136389202274	3.16148525585738	3.25051414655964	3.31276431698663
"MovingShapePC1"	755	1428812	3.2773158449076	3.15897294833238	3.24660834334698	3.30856892431752
"MovingShapePC1"	761	1428812	3.27387587063019	3.1570040610794	3.24328873559119	3.30500428539653
"MovingShapePC1"	768	1428812	3.26989670486998	3.14906106691086	3.2394482204849	3.30088153941176
"MovingShapePC1"	775	1428812	3.26595366692398	3.1460542987353	3.2356419606249	3.29679688288493
"MovingShapePC1"	782	1428812	3.262046106664	3.14116515407996	3.23186934771088	3.29274962146725
"MovingShapePC1"	789	1428812	3.25817339135428	3.13753288813645	3.22812978953763	3.28873907958461
"MovingShapePC1"	796	1428812	3.2543349050366	3.13546993380546	3.22442270943146	3.28476459976764
"MovingShapePC1"	803	1428812	3.25053004794229	3.13162597792978	3.22074754571104	3.28082554201139
"MovingShapePC1"	810	1428812	3.24675823592981	3.12485883377447	3.21710375117154	3.27692128316298
"MovingShapePC1"	817	1428812	3.24301889994652	3.12153852736602	3.21349079259067	3.2730512163359
"MovingShapePC1"	825	1428812	3.23878442903867	3.11922126696476	3.20939878930121	3.26866939293357
"MovingShapePC1"	832	1428812	3.23511283546367	3.11669977552796	3.20585017445048	3.2648706234484
"MovingShapePC1"	839	1428812	3.2314720220771	3.11381282300315	3.20233080558506	3.26110423840979
"MovingShapePC1"	847	1428812	3.22734812657425	3.10930071945879	3.19834386579666	3.25683875402443
"MovingShapePC1"	854	1428812	3.22377156356845	3.10800061846094	3.19488556523391	3.25313994577853
"MovingShapePC1"	862	1428812	3.21971980723516	3.1039982285467	3.19096720726671	3.24895031853858
"MovingShapePC1"	870	1428812	3.21570550268047	3.09968203953973	3.18708446637927	3.24480006005073
"MovingShapePC1"	877	1428812	3.21222316858939	3.09427264106123	3.18371577830495	3.24120030418063
"MovingShapePC1"	885	1428812	3.20827725177346	3.08857763227649	3.17989809652184	3.23712191033163
"MovingShapePC1"	893	1428812	3.20436686423497	3.08563039457009	3.17611422576879	3.23308084003086
"MovingShapePC1"	901	1428812	3.20049137186365	3.08221677783105	3.17236357001431	3.22907641906367
"MovingShapePC1"	909	1428812	3.19665015737515	3.08036709776689	3.16864554888111	3.2251079912845
"MovingShapePC1"	917	1428812	3.19284261972097	3.07701985136137	3.1649595971019	3.22117491797759
"MovingShapePC1"	925	1428812	3.18906817352401	3.07422549188133	3.16130516399879	3.21727657724592
"MovingShapePC1"	934	1428812	3.18486076673411	3.07093683049685	3.15723093384463	3.21293170669631
"MovingShapePC1"	942	1428812	3.18115476466652	3.06698776000921	3.15364171322484	3.20910518119228
"MovingShapePC1"	950	1428812	3.17748011994617	3.06343147151098	3.15008237908038	3.20531154694508
"MovingShapePC1"	959	1428812	3.17338297180512	3.06136621245101	3.14611323532127	3.2010823289873
"MovingShapePC1"	967	1428812	3.16977323065463	3.06042234618829	3.14261577982765	3.19735675200443
"MovingShapePC1"	976	1428812	3.16574781528867	3.05478507357754	3.13871504011377	3.19320273662146
"MovingShapePC1"	985	1428812	3.16175936854507	3.05154497620678	3.13484956477727	3.18908746583631
"MovingShapePC1"	994	1428812	3.15780721757337	3.04485268847109	3.13101871948967	3.18501022632766
"MovingShapePC1"	1002	1428812	3.15432413538961	3.0394578765495	3.12764209638668	3.18141737958894
"MovingShapePC1"	1011	1428812	3.15043877116788	3.03721551248096	3.12387499234925	3.17741009906754
"MovingShapePC1"	1020	1428812	3.14658785890505	3.03379911333869	3.12014077921231	3.17343889609717
"MovingShapePC1"	1030	1428812	3.14234873806515	3.03151565049838	3.11602953461792	3.16906798199526
"MovingShapePC1"	1039	1428812	3.13856858814809	3.02946159285548	3.11236289893504	3.1651708570097
"MovingShapePC1"	1048	1428812	3.13482105738087	3.02717949537483	3.10872742403876	3.16130786899166
"MovingShapePC1"	1057	1428812	3.13110558763087	3.02275621220814	3.10512258279457	3.15747842729135
"MovingShapePC1"	1067	1428812	3.12701422923376	3.02023453232368	3.10115250744852	3.15326213707026
"MovingShapePC1"	1076	1428812	3.12336467429572	3.01664303188453	3.09761066541073	3.14950164333535
"MovingShapePC1"	1086	1428812	3.11934526122877	3.0133214027841	3.09370936689622	3.14536059410845
"MovingShapePC1"	1096	1428812	3.11536270712248	3.01012055016999	3.08984331476069	3.14125808069985
"MovingShapePC1"	1105	1428812	3.11180936881175	3.00833320615516	3.08639347957856	3.13759818117547
"MovingShapePC1"	1115	1428812	3.10789501620295	3.00366348190422	3.08259266438626	3.13356695119039
"MovingShapePC1"	1125	1428812	3.10401562924755	2.99973516113368	3.07882530473368	3.1295722563612
"MovingShapePC1"	1135	1428812	3.10017058879825	2.99649207722921	3.07509081469318	3.12561344275083
"MovingShapePC1"	1145	1428812	3.09635929200864	2.99465644310232	3.07138862362335	3.12168987379274
"MovingShapePC1"	1155	1428812	3.09258115176601	2.99162128972384	3.06771817564121	3.11780092968173
"MovingShapePC1"	1166	1428812	3.08846281116261	2.98820548950614	3.06371670010555	3.11356236289873
"MovingShapePC1"	1176	1428812	3.08475245555825	2.98553406649552	3.06011116602322	3.10974418478991
"MovingShapePC1"	1187	1428812	3.08070734646585	2.98199059577866	3.05617983424803	3.10558205571215
"MovingShapePC1"	1197	1428812	3.07706238606975	2.97732836007117	3.05263695008866	3.10183212292599
"MovingShapePC1"	1208	1428812	3.07308794959565	2.97255253407208	3.04877333694713	3.0977437327426
"MovingShapePC1"	1219	1428812	3.06914955549846	2.96673310139905	3.04494426953862	3.09369293808601
"MovingShapePC1"	1230	1428812	3.06524655594447	2.96415417892824	3.04114913345306	3.0896790561826
"MovingShapePC1"	1241	1428812	3.06137832041098	2.95998740327053	3.03738733055507	3.08570142265984
"MovingShapePC1"	1252	1428812	3.05754423507496	2.95736149383567	3.03365827841362	3.0817593908916
"MovingShapePC1"	1263	1428812	3.05374370222851	2.95441104839698	3.02996140975639	3.07785233137241
"MovingShapePC1"	1274	1428812	3.04997613971957	2.95137566021213	3.02629617194778	3.07397963111891
"MovingShapePC1"	1285	1428812	3.04624098041684	2.94886677995854	3.02266202648908	3.07014069309731
"MovingShapePC1"	1297	1428812	3.04220256791383	2.94647596076643	3.01873234850472	3.06599058334517
"MovingShapePC1"	1308	1428812	3.03853339147989	2.94373944887643	3.01516153384996	3.06222037705941
"MovingShapePC1"	1320	1428812	3.03456569446314	2.94217040092558	3.01129974141326	3.05814391556188
"MovingShapePC1"	1332	1428812	3.03063391824424	2.93963839593626	3.00747244169815	3.05410485447682
"MovingShapePC1"	1344	1428812	3.02673741825002	2.93649025646837	3.00367902197587	3.05010251600588
"MovingShapePC1"	1356	1428812	3.0228755671027	2.9311465063285	2.99991888572727	3.04613624058087
"MovingShapePC1"	1368	1428812	3.01904775401374	2.92549806146481	2.99619145207543	3.04220538621649
"MovingShapePC1"	1380	1428812	3.015253384204	2.92266116979665	2.99249615524296	3.03830932789149
"MovingShapePC1"	1392	1428812	3.01149187834914	2.92026176669103	2.98883244403262	3.0344474569568
"MovingShapePC1"	1405	1428812	3.00745334548161	2.9160031677579	2.98489844442763	3.03030165574502
"MovingShapePC1"	1417	1428812	3.00375851016275	2.91286482744053	2.98129882726043	3.02650912213358
"MovingShapePC1"	1430	1428812	2.9997909293252	2.90790423451917	2.97743304969201	3.02243709818722
"MovingShapePC1"	1443	1428812	2.99585926719144	2.90329154639695	2.9736018178859	3.01840241345815
"MovingShapePC1"	1455	1428812	2.99226136343613	2.89971218552025	2.97009542695642	3.01471064513531
"MovingShapePC1"	1468	1428812	2.98839697909955	2.89649388981154	2.9663289179124	3.01074588118018
"MovingShapePC1"	1482	1428812	2.98427343320313	2.89371388807302	2.96230933871248	3.00651572076318
"MovingShapePC1"	1495	1428812	2.9804791696439	2.89143159392456	2.95861031060374	3.00262380747077
"MovingShapePC1"	1508	1428812	2.97671776820701	2.88900311913997	2.95494291565299	2.99876602689676
"MovingShapePC1"	1522	1428812	2.97270313232502	2.88539568700926	2.95102817319631	2.99464898776157
"MovingShapePC1"	1535	1428812	2.96900819625136	2.88322959206225	2.94742477408118	2.99086022517435
"MovingShapePC1"	1549	1428812	2.9650638793264	2.88120967569276	2.94357774924117	2.98681619347411
"MovingShapePC1"	1563	1428812	2.96115506300309	2.87762354440105	2.93976492032107	2.98280901046419
"MovingShapePC1"	1577	1428812	2.95728111393528	2.87260360922339	2.93598568290736	2.97883801270954
"MovingShapePC1"	1591	1428812	2.95344141557582	2.87113566486413	2.93223944849476	2.97490255450566
"MovingShapePC1"	1605	1428812	2.94963536758768	2.86614506580385	2.92852564393227	2.9710020072529
"MovingShapePC1"	1619	1428812	2.94586238528061	2.86417747996652	2.92484371089312	2.96713575885819
"MovingShapePC1"	1634	1428812	2.94185595020775	2.85780144012369	2.92093353249579	2.96303073410561
"MovingShapePC1"	1648	1428812	2.93814966575316	2.85400537525893	2.91731590418308	2.95923365436086
"MovingShapePC1"	1663	1428812	2.93421343504406	2.8486454744577	2.91347342218059	2.95520142297371
"MovingShapePC1"	1678	1428812	2.93031256017817	2.84406608047155	2.90966504125488	2.95120584246322
"MovingShapePC1"	1693	1428812	2.92644641166202	2.83930342661575	2.9058901596854	2.94724625449257
"MovingShapePC1"	1708	1428812	2.92261437666563	2.83620971155235	2.90214819156164	2.9433220182795
"MovingShapePC1"	1723	1428812	2.91881585843954	2.83242275722737	2.89843856623354	2.93943250997828
"MovingShapePC1"	1738	1428812	2.91505027575705	2.82995255027071	2.89476072778562	2.93557712208854
"MovingShapePC1"	1754	1428812	2.91106931880168	2.82653692065713	2.89087212624904	2.93150165020221
"MovingShapePC1"	1769	1428812	2.90737002486843	2.82340814326439	2.8872582796322	2.92771491989248
"MovingShapePC1"	1785	1428812	2.90345853672752	2.82066655988415	2.88343675024808	2.92371138818213
"MovingShapePC1"	1801	1428812	2.8995819633119	2.81528586156786	2.8796489388995	2.91974400493413
"MovingShapePC1"	1817	1428812	2.89573968682047	2.81245389905881	2.87589425411243	2.91581212504154
"MovingShapePC1"	1833	1428812	2.89193110570604	2.80958425296671	2.87217211986256	2.91191512048964
"MovingShapePC1"	1850	1428812	2.88792075336779	2.80653033033677	2.86825239058394	2.90781208244895
"MovingShapePC1"	1866	1428812	2.88417983564236	2.80326023379222	2.86459563582602	2.90398509478107
"MovingShapePC1"	1883	1428812	2.88024010414647	2.80038467492455	2.86074415411183	2.89995512285574
"MovingShapePC1"	1900	1428812	2.87633579112846	2.79741633389148	2.85692690844353	2.89596178746658
"MovingShapePC1"	1917	1428812	2.87246626542883	2.79429502394818	2.85314329386111	2.89200443030665
"MovingShapePC1"	1934	1428812	2.86863091261012	2.79086046394347	2.84939272132067	2.88808241063037
"MovingShapePC1"	1951	1428812	2.86482913437139	2.78681705768721	2.84567461714051	2.88419510463487
"MovingShapePC1"	1968	1428812	2.8610603479881	2.78370211336961	2.84198842247106	2.88034190486842
"MovingShapePC1"	1986	1428812	2.8571051976193	2.77894847774461	2.83811956816052	2.87629856361124
"MovingShapePC1"	2004	1428812	2.85318574225049	2.77701315419317	2.83428524803335	2.8722921122133
"MovingShapePC1"	2021	1428812	2.84951623424054	2.7740500896248	2.83069510293636	2.86854151431845
"MovingShapePC1"	2039	1428812	2.84566437323103	2.77117376929701	2.82692619322311	2.86460490484531
"MovingShapePC1"	2058	1428812	2.8416352451349	2.76787589315139	2.82298344599898	2.86048753297645
"MovingShapePC1"	2076	1428812	2.83785235130467	2.76572827869963	2.81928129453706	2.85662216338249
"MovingShapePC1"	2095	1428812	2.83389472432197	2.76068800536232	2.8154077684606	2.85257863811624
"MovingShapePC1"	2113	1428812	2.83017837139747	2.75842114774146	2.81177004540375	2.84878198236549
"MovingShapePC1"	2132	1428812	2.82628975203605	2.755943175568	2.80796334564859	2.84480970814674
"MovingShapePC1"	2151	1428812	2.82243564212909	2.7535014192042	2.80419007163088	2.84087305775792
"MovingShapePC1"	2170	1428812	2.81861543455397	2.74927512264741	2.80044963993891	2.83697139956012
"MovingShapePC1"	2190	1428812	2.81463013949106	2.74621629608342	2.79654719959403	2.83290151829245
"MovingShapePC1"	2209	1428812	2.81087768542479	2.74127175001024	2.79287241687688	2.82906977700863
"MovingShapePC1"	2229	1428812	2.80696245059701	2.7392943373216	2.78903787011275	2.82507218296626
"MovingShapePC1"	2249	1428812	2.80308219711524	2.73717884973102	2.78523722998537	2.8211106747047
"MovingShapePC1"	2269	1428812	2.79923630541717	2.73253258252443	2.78146990060533	2.81718460820254
"MovingShapePC1"	2289	1428812	2.79542417225589	2.72873938951256	2.77773530167473	2.81329335650528
"MovingShapePC1"	2309	1428812	2.79164521013204	2.72601544108187	2.77403286794742	2.80943630912798
"MovingShapePC1"	2330	1428812	2.78771237423496	2.72245496059809	2.77017932794621	2.80542257140311
"MovingShapePC1"	2351	1428812	2.78381483349493	2.71966297138968	2.76636002218475	2.80144521844486
"MovingShapePC1"	2372	1428812	2.77995196003131	2.71541813541418	2.76257434625583	2.79750359813702
"MovingShapePC1"	2393	1428812	2.77612314257032	2.71104243709632	2.75882171163805	2.79359707571805
"MovingShapePC1"	2414	1428812	2.77232778586449	2.70659324453722	2.75510154514352	2.78972503317112
"MovingShapePC1"	2436	1428812	2.76838695511142	2.70257217428407	2.75123844373028	2.78570493388833
"MovingShapePC1"	2457	1428812	2.76465832054836	2.69971763399087	2.74758303290133	2.78190163207977
"MovingShapePC1"	2479	1428812	2.76078616577803	2.69548577624946	2.74378659220118	2.77795227722261
"MovingShapePC1"	2501	1428812	2.75694823013552	2.69166613314475	2.740023373023	2.77403816524485
"MovingShapePC1"	2524	1428812	2.7529717799495	2.68862551783017	2.73612399243841	2.76998314644203
"MovingShapePC1"	2546	1428812	2.74920198764585	2.68358928927419	2.73242694304211	2.76613920273527
"MovingShapePC1"	2569	1428812	2.74529551895885	2.68055039032885	2.72859552605726	2.7621562356235
"MovingShapePC1"	2592	1428812	2.74142387584365	2.67695632866048	2.72479793706273	2.75820911734209
"MovingShapePC1"	2615	1428812	2.73758644285353	2.673487998732	2.72103358254141	2.75429720983708
"MovingShapePC1"	2638	1428812	2.73378262071345	2.67036215533584	2.7173018844786	2.75041989191921
"MovingShapePC1"	2662	1428812	2.72984861851043	2.66734141867545	2.71344214693813	2.74641021898763
"MovingShapePC1"	2686	1428812	2.72594993230769	2.66484510783981	2.70961673136304	2.74243688122034
"MovingShapePC1"	2710	1428812	2.72208593367079	2.66044720201584	2.70582503132242	2.73849922751169
"MovingShapePC1"	2734	1428812	2.71825601079163	2.65799009503519	2.70206645633547	2.73459662408198
"MovingShapePC1"	2758	1428812	2.71445956790698	2.65504998671856	2.69834043131661	2.73072845386855
"MovingShapePC1"	2783	1428812	2.71053991601246	2.64972096173926	2.69449316401852	2.72673507737181
"MovingShapePC1"	2807	1428812	2.70681004246351	2.64612798900713	2.69083187115018	2.72293535919443
"MovingShapePC1"	2833	1428812	2.70280517048377	2.64318853206798	2.68690031273155	2.71885582854522
"MovingShapePC1"	2858	1428812	2.69898884995188	2.63946717227964	2.68315354378216	2.71496868613901
"MovingShapePC1"	2883	1428812	2.69520577305247	2.63519956801473	2.67943911500308	2.71111571285984
"MovingShapePC1"	2909	1428812	2.69130602088482	2.63001830702379	2.67560981935009	2.70714422874908
"MovingShapePC1"	2935	1428812	2.68744097516961	2.62699599523273	2.6718142951317	2.70320840870736
"MovingShapePC1"	2961	1428812	2.68361002360119	2.62472056366353	2.66805195056476	2.69930761931114
"MovingShapePC1"	2988	1428812	2.67966717506301	2.61910347586434	2.66417940115134	2.69529321615572
"MovingShapePC1"	3014	1428812	2.67590389321527	2.61556772815557	2.66048292311672	2.69146194276334
"MovingShapePC1"	3041	1428812	2.67203008127051	2.6124215457165	2.65667757872461	2.6875184513505
"MovingShapePC1"	3068	1428812	2.66819051762016	2.60852853512061	2.65290557994955	2.68361013224196
"MovingShapePC1"	3096	1428812	2.66424428067028	2.60464564520824	2.64902847787475	2.67959354767389
"MovingShapePC1"	3123	1428812	2.66047264197303	2.60139689583565	2.64532262551789	2.67575497380204
"MovingShapePC1"	3151	1428812	2.65659560506806	2.59831863732944	2.64151291949811	2.67180943542504
"MovingShapePC1"	3179	1428812	2.65275287325273	2.59547073817306	2.63773663012207	2.66789911120562
"MovingShapePC1"	3207	1428812	2.64894384476595	2.59229814663784	2.63399317501926	2.66402337945192
"MovingShapePC1"	3236	1428812	2.64503368486098	2.58773438280873	2.6301500342916	2.66004505074809
"MovingShapePC1"	3265	1428812	2.64115841607872	2.58444742237067	2.62634089286589	2.65610252541119
"MovingShapePC1"	3294	1428812	2.63731742124167	2.5824851286123	2.62256515319239	2.65219516609649
"MovingShapePC1"	3323	1428812	2.63351009940443	2.57964646807088	2.61882223335376	2.64832235230994
"MovingShapePC1"	3353	1428812	2.62960630249557	2.57661484639567	2.61498418103575	2.64435170311662
"MovingShapePC1"	3383	1428812	2.62573728374954	2.57256582757994	2.61118003340832	2.64041672520547
"MovingShapePC1"	3413	1428812	2.62190242897039	2.57002013829187	2.60740919546944	2.63651678466845
"MovingShapePC1"	3443	1428812	2.61810114009024	2.56743153470264	2.60367108775963	2.63265126432923
"MovingShapePC1"	3474	1428812	2.61420778580883	2.56423046392466	2.59984216193358	2.62869241535208
"MovingShapePC1"	3505	1428812	2.61034902469964	2.56107652534435	2.59604697553976	2.62476903214909
"MovingShapePC1"	3536	1428812	2.6065242474392	2.5579892713119	2.59228493796648	2.62088048618887
"MovingShapePC1"	3568	1428812	2.60261110723252	2.55577402547663	2.5884357046702	2.61690239562172
"MovingShapePC1"	3600	1428812	2.59873291111914	2.55050925869368	2.58462056436992	2.61296011879655
"MovingShapePC1"	3632	1428812	2.59488904052179	2.54624147180366	2.58083891723561	2.60905301789845
"MovingShapePC1"	3664	1428812	2.59107889314418	2.54227550679073	2.57709017914496	2.60518047198393
"MovingShapePC1"	3697	1428812	2.58718437848567	2.53941935310476	2.57325815872103	2.60122246086425
"MovingShapePC1"	3730	1428812	2.58332447753126	2.53605627166759	2.56945992362039	2.5972999095643
"MovingShapePC1"	3763	1428812	2.5794985804173	2.53236378086243	2.56569488214174	2.59341218959149
"MovingShapePC1"	3797	1428812	2.57559168480527	2.52845453556998	2.56184985745633	2.58944244410485
"MovingShapePC1"	3831	1428812	2.57171962234351	2.5252113691921	2.55803884321423	2.58550837185271
"MovingShapePC1"	3865	1428812	2.56788177738528	2.52194456993085	2.55426124186327	2.58160933863515
"MovingShapePC1"	3899	1428812	2.56407755046251	2.51860180653959	2.55051647147743	2.57774472699941
"MovingShapePC1"	3934	1428812	2.56019593451405	2.51453127584021	2.54669525659222	2.57380177127177
"MovingShapePC1"	3969	1428812	2.55634870437755	2.51087999778495	2.54290762948508	2.56989401594674
"MovingShapePC1"	4004	1428812	2.55253525617602	2.50577442133887	2.53915300372012	2.56602083927202
"MovingShapePC1"	4040	1428812	2.54864747655201	2.50258515375251	2.53532493061614	2.56207243758339
"MovingShapePC1"	4076	1428812	2.54479419154563	2.4970460372171	2.53153056202604	2.55815933678954
"MovingShapePC1"	4113	1428812	2.54086917806117	2.49349090878716	2.52766529638078	2.55417366751902
"MovingShapePC1"	4149	1428812	2.53708399459185	2.4905004304227	2.5239374797132	2.55033024938425
"MovingShapePC1"	4186	1428812	2.53322774275439	2.48709957734126	2.52013941793203	2.54641493107544
"MovingShapePC1"	4224	1428812	2.52930259050054	2.48271434833195	2.51627323348043	2.54242992690016
"MovingShapePC1"	4261	1428812	2.52551451937692	2.47846181718242	2.51254182129342	2.53858435114013
"MovingShapePC1"	4299	1428812	2.52165815794493	2.47591689043033	2.50874288961168	2.5346697065549
"MovingShapePC1"	4338	1428812	2.51773560122027	2.47175453332191	2.50487849016202	2.53068813224171
"MovingShapePC1"	4376	1428812	2.51394740084179	2.46840869187124	2.50114620888613	2.52684318925708
"MovingShapePC1"	4415	1428812	2.51009356786391	2.46475399688012	2.49734901673694	2.52293188501684
"MovingShapePC1"	4455	1428812	2.50617612574787	2.46237732597361	2.49348889601902	2.51895628488018
"MovingShapePC1"	4494	1428812	2.50239034299254	2.4579717181207	2.4897582656289	2.51511454839272
"MovingShapePC1"	4534	1428812	2.49854146895325	2.45449001270535	2.48596521976161	2.5112090385883
"MovingShapePC1"	4575	1428812	2.49463145708838	2.45145458329881	2.48211167276244	2.50724174873132
"MovingShapePC1"	4616	1428812	2.49075633371606	2.4486463870592	2.47829226280183	2.5033101132662
"MovingShapePC1"	4657	1428812	2.48691548172826	2.44347920049148	2.4745063893146	2.4994134981605
"MovingShapePC1"	4698	1428812	2.48310830024664	2.43967124973227	2.4707534674597	2.49555128613038
"MovingShapePC1"	4740	1428812	2.47924256141572	2.43616900950152	2.46694258252614	2.49162991750652
"MovingShapePC1"	4783	1428812	2.47532011031987	2.43251956866287	2.46307554367624	2.48765127391303
"MovingShapePC1"	4825	1428812	2.47152277828092	2.42970579995135	2.45933162094051	2.4837997838909
"MovingShapePC1"	4868	1428812	2.46766912882713	2.42554159661838	2.45553193717494	2.47989141562775
"MovingShapePC1"	4912	1428812	2.46376094063641	2.42280127546486	2.45167823696684	2.47592798246873
"MovingShapePC1"	4955	1428812	2.45997525627211	2.41979831053671	2.44794510181243	2.47208902210275
"MovingShapePC1"	5000	1428812	2.45604851630299	2.41567216857136	2.44407263010603	2.46810726666196
"MovingShapePC1"	5044	1428812	2.45224306385494	2.4110507621597	2.44031953856058	2.46424873559887
"MovingShapePC1"	5089	1428812	2.44838531016578	2.4078154675807	2.43651463419938	2.46033741139536
"MovingShapePC1"	5135	1428812	2.44447693082565	2.40458425135854	2.43265956138398	2.45637500138283
"MovingShapePC1"	5180	1428812	2.44068725161407	2.40068799672343	2.42892134357415	2.45253316480968
"MovingShapePC1"	5227	1428812	2.43676413428733	2.39703328040619	2.42505126610673	2.44855629352676
"MovingShapePC1"	5273	1428812	2.43295850060768	2.39329625866633	2.42129685789869	2.44469874779925
"MovingShapePC1"	5320	1428812	2.42910427579293	2.38912806354698	2.41749428673482	2.44079218009543
"MovingShapePC1"	5368	1428812	2.42520303591092	2.38557211768047	2.41364510011892	2.43683819550228
"MovingShapePC1"	5415	1428812	2.42141673096956	2.38344572158287	2.40990909414252	2.43300092643442
"MovingShapePC1"	5464	1428812	2.41750414160651	2.37994414589659	2.40604825391563	2.42903590665332
"MovingShapePC1"	5512	1428812	2.41370527726956	2.37713968070372	2.40229941432006	2.42518636194177
"MovingShapePC1"	5562	1428812	2.40978314746155	2.37374383026026	2.39842870580069	2.42121213992764
"MovingShapePC1"	5611	1428812	2.40597352231478	2.37006161769373	2.39466880744892	2.41735214208806
"MovingShapePC1"	5661	1428812	2.40212029428849	2.36776142863561	2.39086565630126	2.41344818963022
"MovingShapePC1"	5712	1428812	2.3982249078886	2.36462986822209	2.38702067171874	2.40950175258852
"MovingShapePC1"	5763	1428812	2.3943641506215	2.36139394851155	2.38320964799463	2.40559062443804
"MovingShapePC1"	5814	1428812	2.39053741221753	2.35794424523473	2.37943198951924	2.40171417994695
"MovingShapePC1"	5866	1428812	2.38667004989325	2.35396209787969	2.37561401123876	2.3977968063533
"MovingShapePC1"	5918	1428812	2.38283682241808	2.35021647232873	2.37182951769149	2.39391422874765
"MovingShapePC1"	5971	1428812	2.37896438634072	2.34621555936094	2.36800609840711	2.38999215886938
"MovingShapePC1"	6024	1428812	2.37512617434137	2.3421671302913	2.36421625708605	2.38610497004125
"MovingShapePC1"	6078	1428812	2.37125012150383	2.33758501860635	2.36038883764789	2.38217967708975
"MovingShapePC1"	6132	1428812	2.36740835642044	2.3346057113149	2.35659506431493	2.37828932422751
"MovingShapePC1"	6187	1428812	2.36353007175721	2.33135134939981	2.35276501504193	2.37436220780348
"MovingShapePC1"	6242	1428812	2.35968611417058	2.32854389336851	2.34896865608988	2.37047006572165
"MovingShapePC1"	6298	1428812	2.35580691284905	2.32428305028154	2.34513727898102	2.36654245418854
"MovingShapePC1"	6354	1428812	2.35196205476118	2.32102389553709	2.34133961363545	2.362649827689
"MovingShapePC1"	6411	1428812	2.34808318449691	2.31747226302701	2.3375081446067	2.35872298056833
"MovingShapePC1"	6468	1428812	2.34423865163062	2.31471249329502	2.33371038714866	2.35483110681872
"MovingShapePC1"	6525	1428812	2.34042785355466	2.3111265416681	2.32994575232628	2.35097358989399
"MovingShapePC1"	6584	1428812	2.33651824911855	2.30838900921708	2.32608330028027	2.34701626811057
"MovingShapePC1"	6642	1428812	2.33270891203787	2.30490901398554	2.32231970476987	2.34316064386142
"MovingShapePC1"	6701	1428812	2.32886787749168	2.30165930980725	2.31852459189264	2.33927314233198
"MovingShapePC1"	6761	1428812	2.32499627189255	2.29821017562415	2.31469907059108	2.33535490763939
"MovingShapePC1"	6822	1428812	2.32109520555131	2.29390808660488	2.31084423413289	2.33140706736357
"MovingShapePC1"	6882	1428812	2.31729197480717	2.29025189981074	2.30708587654824	2.32755843773636
"MovingShapePC1"	6944	1428812	2.31339664918071	2.28706254737894	2.30323630962873	2.32361681969993
"MovingShapePC1"	7006	1428812	2.30953595161132	2.28210658310264	2.29942076411811	2.31971044581511
"MovingShapePC1"	7068	1428812	2.30570927185765	2.27799329607039	2.29563864308427	2.31583869228273
"MovingShapePC1"	7131	1428812	2.30185510480164	2.27449101140154	2.29182915895318	2.31193932810995
"MovingShapePC1"	7195	1428812	2.29797447209285	2.27152771640095	2.28799331827641	2.30801339023593
"MovingShapePC1"	7259	1428812	2.2941282078549	2.26761428274191	2.28419125446788	2.30412242148387
"MovingShapePC1"	7324	1428812	2.29025640312377	2.26355568811849	2.28036374856074	2.30020581498533
"MovingShapePC1"	7389	1428812	2.28641881136127	2.26020463259845	2.27656987185801	2.29632401406856
"MovingShapePC1"	7455	1428812	2.28255656993887	2.25643144487166	2.27275143382221	2.29241747637972
"MovingShapePC1"	7521	1428812	2.2787283734246	2.25188177593056	2.26896646487735	2.28854556806691
"MovingShapePC1"	7588	1428812	2.27487638493589	2.24834374724351	2.26515778282862	2.28464979018856
"MovingShapePC1"	7656	1428812	2.27100152819138	2.24439113589672	2.26132629839575	2.28073107961785
"MovingShapePC1"	7724	1428812	2.26716093813629	2.24103968722325	2.25752850867284	2.27684721619451
"MovingShapePC1"	7793	1428812	2.26329827807033	2.23706948355761	2.25370870651958	2.27294122666183
"MovingShapePC1"	7863	1428812	2.25941443056588	2.23358194733425	2.2498677623831	2.26901400585833
"MovingShapePC1"	7933	1428812	2.25556500824675	2.22981392614166	2.24606067635211	2.26512178561346
"MovingShapePC1"	8004	1428812	2.25169513974265	2.22599280821142	2.24223318238276	2.26120908259088
"MovingShapePC1"	8075	1428812	2.24785945014783	2.22269282445682	2.23843930923602	2.25733112465337
"MovingShapePC1"	8147	1428812	2.2440040271709	2.21936158712637	2.23462573421995	2.25343340350003
"MovingShapePC1"	8220	1428812	2.24012968922191	2.21458473841153	2.23079326491063	2.24951674849513
"MovingShapePC1"	8293	1428812	2.23628960882768	2.21068869035715	2.22699450111718	2.24563491097856
"MovingShapePC1"	8367	1428812	2.2324312736285	2.20761531530794	2.2231774974172	2.24173480556981
"MovingShapePC1"	8441	1428812	2.22860691480953	2.20410469575921	2.21939392737723	2.23786922695381
"MovingShapePC1"	8517	1428812	2.22471393826484	2.20067530603122	2.21554228947773	2.23393447689313
"MovingShapePC1"	8593	1428812	2.22085554820994	2.19700610560733	2.21172469044506	2.23003486863777
"MovingShapePC1"	8669	1428812	2.21703113549714	2.19353714816404	2.20794053313965	2.22616978082957
"MovingShapePC1"	8747	1428812	2.21314078854248	2.19014681493874	2.2040909562121	2.22223824069904
"MovingShapePC1"	8825	1428812	2.20928498157608	2.18551201021771	2.20027537955995	2.21834178774985
"MovingShapePC1"	8903	1428812	2.20546310667291	2.18283804397772	2.19649320708509	2.21447980203343
"MovingShapePC1"	8983	1428812	2.20157786314252	2.17908100368709	2.19264814764261	2.21055396292613
"MovingShapePC1"	9063	1428812	2.19772706944015	2.17501619190958	2.18883700677944	2.20666311216027
"MovingShapePC1"	9144	1428812	2.19386261979231	2.17180041595825	2.18501217627385	2.20275864129945
"MovingShapePC1"	9225	1428812	2.19003225382235	2.16801958746388	2.18122090845064	2.19888878217295
"MovingShapePC1"	9307	1428812	2.18618870733736	2.16454343995694	2.17741642372205	2.19500578104875
"MovingShapePC1"	9390	1428812	2.18233262274058	2.16058417872417	2.17359935700122	2.19111028789001
"MovingShapePC1"	9474	1428812	2.17846462956575	2.15742320889049	2.16977033058133	2.18720293953701
"MovingShapePC1"	9559	1428812	2.1745853445292	2.15312746446474	2.16592995418403	2.18328435976299
"MovingShapePC1"	9644	1428812	2.17074040420203	2.15023856811698	2.16212340893239	2.17940064506821
"MovingShapePC1"	9730	1428812	2.16688456661524	2.14626164521107	2.15830590693112	2.17550609488598
"MovingShapePC1"	9817	1428812	2.16301841809908	2.14308209071097	2.15447802803794	2.17160130207438
"MovingShapePC1"	9904	1428812	2.1591863831027	2.13913337454676	2.15068375924667	2.16773113278304
"MovingShapePC1"	9993	1428812	2.15530093208706	2.1344950953857	2.14683643314523	2.16380718693363
"MovingShapePC1"	10082	1428812	2.15144993456274	2.13106064710618	2.14302305655821	2.1599182050836
"MovingShapePC1"	10172	1428812	2.14759008558651	2.12735258192351	2.13920074998193	2.15602045270265
"MovingShapePC1"	10262	1428812	2.14376423953897	2.12309545468518	2.13541195330576	2.15215720261129
"MovingShapePC1"	10354	1428812	2.13988790118428	2.11836488290512	2.13157298921867	2.14824313380794
"MovingShapePC1"	10446	1428812	2.136045855613	2.11422560513149	2.12776782503489	2.14436385694217
"MovingShapePC1"	10539	1428812	2.13219628915617	2.11073640500394	2.12395505088271	2.14047715067946
"MovingShapePC1"	10633	1428812	2.12833969763314	2.10673937999354	2.12013515764218	2.1365835158134
"MovingShapePC1"	10728	1428812	2.12447656581449	2.10283603651364	2.11630862533504	2.13268344189573
"MovingShapePC1"	10824	1428812	2.12060736753759	2.09877005656787	2.11247592323633	2.128777407356
"MovingShapePC1"	10920	1428812	2.11677233638422	2.09548136509717	2.10867690787438	2.12490602630621
"MovingShapePC1"	11018	1428812	2.11289202983725	2.09257788949504	2.10483288281875	2.1209891032078
"MovingShapePC1"	11116	1428812	2.10904608600966	2.08899428766965	2.10102274158102	2.11710702763825
"MovingShapePC1"	11215	1428812	2.10519517374682	2.08459805400558	2.09720752164843	2.11322009637529
"MovingShapePC1"	11315	1428812	2.10133972224758	2.08098941165078	2.09338764835507	2.10932874250397
"MovingShapePC1"	11416	1428812	2.0974801506362	2.07751173051419	2.08956353712361	2.10543338886956
"MovingShapePC1"	11518	1428812	2.09361686809449	2.07452546529537	2.08573559359362	2.1015344482135
"MovingShapePC1"	11620	1428812	2.08978764873709	2.07064903391574	2.08194124885007	2.09767004074187
"MovingShapePC1"	11724	1428812	2.08591780124799	2.0663366004516	2.07810649211819	2.09376478846466
"MovingShapePC1"	11829	1428812	2.08204541480772	2.06251922018223	2.07426906530185	2.08985713095195
"MovingShapePC1"	11934	1428812	2.07820725157196	2.05855068486294	2.07046540123175	2.0859841625826
"MovingShapePC1"	12040	1428812	2.07436663795703	2.0546476361975	2.06665915850949	2.08210887460633
"MovingShapePC1"	12148	1428812	2.07048818128416	2.05096440511107	2.06281525949865	2.07819555652383
"MovingShapePC1"	12256	1428812	2.06664405471945	2.04737171933789	2.05900523475184	2.07431702974697
"MovingShapePC1"	12365	1428812	2.06279853011982	2.04360919466874	2.05519367566175	2.07043724376589
"MovingShapePC1"	12476	1428812	2.05891712848014	2.03957631719181	2.05134640625765	2.06652141390307
"MovingShapePC1"	12587	1428812	2.05507010887233	2.03593138820623	2.04753306834119	2.06264042183687
"MovingShapePC1"	12699	1428812	2.05122266571654	2.03167959205201	2.04371916367849	2.05875915195349
"MovingShapePC1"	12812	1428812	2.04737510809691	2.02911779298193	2.03990499927831	2.05487791541354
"MovingShapePC1"	12927	1428812	2.04349413849697	2.02590530113971	2.03605756535559	2.05096312450722
"MovingShapePC1"	13042	1428812	2.03964754330905	2.02255809173527	2.03224406325994	2.04708315563509
"MovingShapePC1"	13158	1428812	2.03580171032989	2.01934998854437	2.02843117259506	2.04320410227873
"MovingShapePC1"	13276	1428812	2.03192420196614	2.01568110800183	2.02458673252272	2.03929324775214
"MovingShapePC1"	13394	1428812	2.02808100699886	2.01206394865397	2.02077616984305	2.03541714752196
"MovingShapePC1"	13513	1428812	2.02423938205784	2.00812341317203	2.0169670218445	2.03154277517806
"MovingShapePC1"	13634	1428812	2.02036772654048	2.0039618442945	2.01312795412922	2.02763826169373
"MovingShapePC1"	13756	1428812	2.01649870779446	1.99997828581876	2.00929135820077	2.02373655254444
"MovingShapePC1"	13878	1428812	2.01266385301531	1.99667305121973	2.00548849970968	2.01986943859624
"MovingShapePC1"	14002	1428812	2.00880052428192	1.99200911927149	2.00165726429611	2.01597375404686
"MovingShapePC1"	14127	1428812	2.0049405152084	1.98807871040613	1.99782918071012	2.01208155953682
"MovingShapePC1"	14253	1428812	2.00108403934303	1.98425474881711	1.99400446172925	2.00819306937286
"MovingShapePC1"	14380	1428812	1.9972313038775	1.98073412190771	1.99018331385082	2.00430849142807
"MovingShapePC1"	14508	1428812	1.99338250978264	1.976759890148	1.98636593742518	2.00042802728028
"MovingShapePC1"	14638	1428812	1.98950818093878	1.9729318573036	1.98252309640283	1.99652195880565
"MovingShapePC1"	14768	1428812	1.98566810948939	1.96914536169406	1.97871409805269	1.99265056688105
"MovingShapePC1"	14900	1428812	1.98180339449179	1.96496671140945	1.97488051916825	1.98875446900538
"MovingShapePC1"	15033	1428812	1.97794387650167	1.96098664780576	1.97105195947084	1.98486374847116
"MovingShapePC1"	15167	1428812	1.97408971957481	1.95733000039969	1.96722858286074	1.98097856947189
"MovingShapePC1"	15302	1428812	1.97024108239824	1.95359459132845	1.96341054792663	1.97709909077474
"MovingShapePC1"	15438	1428812	1.96639811841546	1.95025881261082	1.95959800806869	1.97322546584808
"MovingShapePC1"	15576	1428812	1.96253309187384	1.94630322335217	1.95576344685677	1.96932973790231
"MovingShapePC1"	15715	1428812	1.95867452171813	1.94228826334069	1.95193515822535	1.96544065262856
"MovingShapePC1"	15855	1428812	1.95482253869299	1.93869834379396	1.94811327315578	1.96155834051373
"MovingShapePC1"	15996	1428812	1.95097726886622	1.9348723659933	1.94429791799704	1.95768292732323
"MovingShapePC1"	16139	1428812	1.94711192244952	1.93096493966576	1.9404625112774	1.95378741335138
"MovingShapePC1"	16283	1428812	1.94325400217308	1.92630730493799	1.93663434263924	1.94989951602947
"MovingShapePC1"	16428	1428812	1.93940361315665	1.92257758418523	1.93281351772888	1.94601933992739
"MovingShapePC1"	16575	1428812	1.93553465302935	1.91877514737183	1.9289741346176	1.94212058071133
"MovingShapePC1"	16723	1428812	1.93167388439453	1.91527004832961	1.92514275137223	1.9382302070478
"MovingShapePC1"	16872	1428812	1.92782139275118	1.91133952936584	1.92131945423798	1.93434830366454
"MovingShapePC1"	17022	1428812	1.92397725988531	1.90782344110062	1.91750432577482	1.93047495154865
"MovingShapePC1"	17174	1428812	1.9201162745931	1.90373669845376	1.91367234514662	1.92658474770896
"MovingShapePC1"	17327	1428812	1.91626424610918	1.90059217321002	1.90984912787729	1.92270369650955
"MovingShapePC1"	17482	1428812	1.91239639448663	1.89702119561139	1.90601007958899	1.91880683106216
"MovingShapePC1"	17637	1428812	1.90856268631316	1.89359829832413	1.90220479622554	1.91494449128783
"MovingShapePC1"	17795	1428812	1.9046892995617	1.89006390633801	1.89836000339949	1.91104230352547
"MovingShapePC1"	17953	1428812	1.90085015362	1.88702319248392	1.89454907510318	1.90717473649793
"MovingShapePC1"	18114	1428812	1.89697271359071	1.88306698901532	1.89070000993062	1.90326871795949
"MovingShapePC1"	18275	1428812	1.89312958575382	1.87944910017282	1.88688488319133	1.89939738896091
"MovingShapePC1"	18438	1428812	1.88927305569697	1.87529041417474	1.88305632966945	1.89551268337904
"MovingShapePC1"	18602	1428812	1.88542712246492	1.87132292338801	1.87923817472204	1.89163877517101
"MovingShapePC1"	18768	1428812	1.88156866448078	1.86717698991348	1.8754074642255	1.88775237410994
"MovingShapePC1"	18936	1428812	1.87769831167886	1.86333332674359	1.8715648229756	1.88385411530163
"MovingShapePC1"	19105	1428812	1.87383941313361	1.85985978601696	1.86773343338898	1.87996751563644
"MovingShapePC1"	19275	1428812	1.86999196818765	1.85583693225507	1.86391329642023	1.87609257281456
"MovingShapePC1"	19447	1428812	1.86613364106785	1.85194672959234	1.86008223538907	1.87220679085228
"MovingShapePC1"	19620	1428812	1.86228715376365	1.84803596833381	1.85626281228636	1.86833305283372
"MovingShapePC1"	19795	1428812	1.85843055287205	1.84381139608025	1.85243322878333	1.86444924920135
"MovingShapePC1"	19972	1428812	1.8545644043559	1.84013816394532	1.84859404650408	1.86055595028193
"MovingShapePC1"	20150	1428812	1.85071081521379	1.83619779781401	1.84476721891509	1.85667541764284
"MovingShapePC1"	20329	1428812	1.84686975493387	1.83264721408802	1.8409527173771	1.85280761886809
"MovingShapePC1"	20511	1428812	1.84299884139613	1.82926609941878	1.83710845255555	1.84890987706538
"MovingShapePC1"	20694	1428812	1.83914113764134	1.82508872821287	1.83327719079881	1.84502555396157
"MovingShapePC1"	20878	1428812	1.83529659666257	1.82094540434398	1.82945888712138	1.84115460049595
"MovingShapePC1"	21064	1428812	1.83144455197067	1.81679566140842	1.8256330168382	1.83727620741634
"MovingShapePC1"	21252	1428812	1.82758549963373	1.81281782236522	1.82180007251262	1.83339087431299
"MovingShapePC1"	21442	1428812	1.82371992465259	1.80920903317397	1.81796053577598	1.82949908957243
"MovingShapePC1"	21633	1428812	1.81986837663213	1.80501970067642	1.81413481865109	1.82562154127539
"MovingShapePC1"	21826	1428812	1.8160108872829	1.80109285341753	1.81030308762904	1.82173812545562
"MovingShapePC1"	22020	1428812	1.81216763585969	1.79709230362245	1.80648538808006	1.81786915611407
"MovingShapePC1"	22217	1428812	1.80829944802433	1.793500641913	1.80264280615322	1.81397519672584
"MovingShapePC1"	22415	1428812	1.80444603351148	1.789759087477	1.79881478877843	1.81009622152359
"MovingShapePC1"	22615	1428812	1.80058809895546	1.78638397341402	1.79498217068893	1.80621280820511
"MovingShapePC1"	22817	1428812	1.79672606362874	1.78261082128421	1.7911453685312	1.80232537867854
"MovingShapePC1"	23020	1428812	1.79287920280967	1.77915214875752	1.78732353260995	1.79845333398073
"MovingShapePC1"	23225	1428812	1.78902871617391	1.77549283527292	1.78349798588147	1.79457774971085
"MovingShapePC1"	23432	1428812	1.78517499756817	1.77137895668229	1.77966911983777	1.7906990220778
"MovingShapePC1"	23641	1428812	1.78131843132164	1.76738501686522	1.7758373165587	1.78681753766667
"MovingShapePC1"	23852	1428812	1.77745939238361	1.76358871225603	1.77200294884697	1.78293367357906
"MovingShapePC1"	24065	1428812	1.773598246463	1.75953062931224	1.76816638036508	1.77904779757513
"MovingShapePC1"	24279	1428812	1.76975323782877	1.75583425103667	1.76434574031301	1.77517826969474
"MovingShapePC1"	24496	1428812	1.76588878035546	1.75183293923277	1.76050566844147	1.77128927653163
"MovingShapePC1"	24714	1428812	1.76204083317415	1.7480626208676	1.75668189732432	1.76741700516041
"MovingShapePC1"	24935	1428812	1.75817442508396	1.7442042441119	1.75283967587459	1.76352626290937
"MovingShapePC1"	25157	1428812	1.75432487102268	1.74005987468751	1.74901409851962	1.75965258656341
"MovingShapePC1"	25381	1428812	1.75047491550394	1.736600668666	1.74518801838513	1.75577861135172
"MovingShapePC1"	25608	1428812	1.74660790763012	1.73323928513045	1.7413448875955	1.75188758272789
"MovingShapePC1"	25836	1428812	1.74275821806148	1.7290557780886	1.73751886506285	1.74801408436584
"MovingShapePC1"	26067	1428812	1.73889236750683	1.72548654450084	1.73367667783121	1.74412442939453
"MovingShapePC1"	26299	1428812	1.73504411088309	1.72171980938731	1.72985187471747	1.74025258005108
"MovingShapePC1"	26534	1428812	1.73118054802935	1.71848712721742	1.72601175662533	1.73636543390773
"MovingShapePC1"	26770	1428812	1.72733482949715	1.71512053908408	1.72218927349931	1.73249634329956
"MovingShapePC1"	27009	1428812	1.72347462403991	1.71140651672527	1.71835229002285	1.72861277988856
"MovingShapePC1"	27250	1428812	1.71961655118574	1.70725451532472	1.7145173257146	1.72473146379282
"MovingShapePC1"	27493	1428812	1.71576085529294	1.70378249532475	1.71068462409761	1.72085264020169
"MovingShapePC1"	27738	1428812	1.71190777377914	1.70013329867589	1.70685442181701	1.71697654730074
"MovingShapePC1"	27985	1428812	1.70805753726121	1.69647132694728	1.7030269487779	1.71310341641356
"MovingShapePC1"	28235	1428812	1.70419498772596	1.69233712236631	1.69918713666644	1.70921799930633
"MovingShapePC1"	28487	1428812	1.70033599618767	1.6885025542953	1.69535076317891	1.70533626083973
"MovingShapePC1"	28741	1428812	1.69648076971118	1.68511359524692	1.69151803488911	1.70145840856316
"MovingShapePC1"	28997	1428812	1.69262950913473	1.68094185111739	1.68768915219657	1.69758464374673
"MovingShapePC1"	29255	1428812	1.68878240920438	1.6770161930516	1.68386430945918	1.69371516151757
"MovingShapePC1"	29516	1428812	1.68492494434183	1.67369077115321	1.68002906533779	1.68983535157871
"MovingShapePC1"	29780	1428812	1.68105768737819	1.6696917689745	1.67618398904383	1.68594579039828
"MovingShapePC1"	30045	1428812	1.67721010813035	1.66607133865372	1.67235838217155	1.68207611694331
"MovingShapePC1"	30313	1428812	1.67335333307287	1.66187233998121	1.66852353690432	1.67819729105124
"MovingShapePC1"	30583	1428812	1.66950210461307	1.65834393293143	1.66469411211646	1.67432413911712
"MovingShapePC1"	30856	1428812	1.66564250065799	1.65432834564123	1.66085626485808	1.6704426594635
"MovingShapePC1"	31131	1428812	1.66178899289509	1.65039226225193	1.65702438558087	1.66656740545142
"MovingShapePC1"	31409	1428812	1.65792789306254	1.64682071441613	1.65318486322073	1.66268461119433
"MovingShapePC1"	31689	1428812	1.65407340701227	1.64228426030283	1.64935182462758	1.6588085619676
"MovingShapePC1"	31972	1428812	1.65021207656857	1.63855360244864	1.64551188692368	1.6549257238845
"MovingShapePC1"	32257	1428812	1.64635784664665	1.6350102418721	1.6416789181935	1.65105011909674
"MovingShapePC1"	32544	1428812	1.64251083024795	1.63090850967013	1.63785303174311	1.64718186028992
"MovingShapePC1"	32834	1428812	1.63865790870633	1.62703095361979	1.63402118142129	1.6433077558901
"MovingShapePC1"	33127	1428812	1.63479953635438	1.62322966073095	1.63018381908547	1.6394282627138
"MovingShapePC1"	33423	1428812	1.63093615705856	1.61931852726217	1.62634138622763	1.63554382700996
"MovingShapePC1"	33721	1428812	1.62708108339773	1.6153276587608	1.62250712377491	1.63166783337816
"MovingShapePC1"	34021	1428812	1.62323439686067	1.61198410195846	1.61868111376755	1.62780036274322
"MovingShapePC1"	34325	1428812	1.6193708693689	1.60793472744145	1.61483826384343	1.62391605059946
"MovingShapePC1"	34631	1428812	1.61551632702004	1.60387740248557	1.61100426201053	1.62004086184441
"MovingShapePC1"	34940	1428812	1.61165840327769	1.59990775807362	1.60716680822971	1.6161623630943
"MovingShapePC1"	35251	1428812	1.60780980753006	1.59584732576846	1.60333854505799	1.61229333090415
"MovingShapePC1"	35566	1428812	1.60394617038391	1.59267029201816	1.59949523205263	1.60840926626639
"MovingShapePC1"	35883	1428812	1.60009239549494	1.58853518635384	1.59566164208775	1.60453520427817
"MovingShapePC1"	36203	1428812	1.59623652680881	1.58494648198645	1.59182588239115	1.60065912527522
"MovingShapePC1"	36526	1428812	1.59237891928612	1.58119508659347	1.58798830633697	1.59678138580726
"MovingShapePC1"	36851	1428812	1.5885317041303	1.57720996469951	1.58416098281682	1.59291417969466
"MovingShapePC1"	37180	1428812	1.58467154405404	1.57366607108413	1.58032069551181	1.58903404807218
"MovingShapePC1"	37512	1428812	1.58081065806769	1.56975719591999	1.57647960046079	1.58515327323125
"MovingShapePC1"	37846	1428812	1.57696084167857	1.56574735192373	1.57264943343768	1.58128371070054
"MovingShapePC1"	38184	1428812	1.57309935456293	1.5622098135783	1.56880757055141	1.57740250314453
"MovingShapePC1"	38524	1428812	1.56924935154193	1.55878890507011	1.56497704932668	1.57353292325024
"MovingShapePC1"	38868	1428812	1.56538848178444	1.55483186667243	1.56113563243551	1.56965250612371
"MovingShapePC1"	39214	1428812	1.56153948204546	1.55104646535541	1.55730594248714	1.5657841032145
"MovingShapePC1"	39564	1428812	1.55768038436884	1.54705341605829	1.55346612217205	1.56190563537892
"MovingShapePC1"	39917	1428812	1.55382263499418	1.54337589649294	1.54962756064786	1.55802860620926
"MovingShapePC1"	40273	1428812	1.54996649883307	1.53970969261178	1.54579052198031	1.5541532814611
"MovingShapePC1"	40632	1428812	1.54611223347355	1.53603836507817	1.54195526296765	1.55027991951006
"MovingShapePC1"	40994	1428812	1.542260089322	1.53218922163267	1.53812203328086	1.54640877149546
"MovingShapePC1"	41360	1428812	1.53839980914012	1.52854839237113	1.53428062622687	1.54252952939053
"MovingShapePC1"	41728	1428812	1.53455272320825	1.52478222513096	1.53045226832927	1.53866362771446
"MovingShapePC1"	42101	1428812	1.53068783532246	1.5211796389881	1.52660611450144	1.53477991843378
"MovingShapePC1"	42476	1428812	1.5268365891541	1.51733504213222	1.52277345623582	1.53090999810373
"MovingShapePC1"	42855	1428812	1.52297865663265	1.51304415143479	1.51893406415688	1.52703343949456
"MovingShapePC1"	43237	1428812	1.51912455850686	1.50926217677506	1.51509840872778	1.5231608138683
"MovingShapePC1"	43623	1428812	1.51526453770104	1.50526117194066	1.51125677986088	1.51928231694045
"MovingShapePC1"	44012	1428812	1.51140891857892	1.50124159559643	1.50741945304125	1.51540832217233
"MovingShapePC1"	44404	1428812	1.50755788532849	1.49765209818333	1.50358661221633	1.51153901398731
"MovingShapePC1"	44800	1428812	1.50370192208474	1.49412860661418	1.49974878682123	1.50766483101002
"MovingShapePC1"	45199	1428812	1.49985106687447	1.49010423573754	1.49591596802594	1.50379585833071
"MovingShapePC1"	45603	1428812	1.49598643700294	1.48637627142888	1.49206936167158	1.49991312431738
"MovingShapePC1"	46009	1428812	1.49213701468382	1.48265892147701	1.48823781520275	1.49604574655065
"MovingShapePC1"	46419	1428812	1.48828398676937	1.47916157819834	1.48440260353354	1.49217482342246
"MovingShapePC1"	46833	1428812	1.48442774722634	1.47486575047482	1.48056411895615	1.48830075057784
"MovingShapePC1"	47251	1428812	1.48056868048943	1.47130950012524	1.47672274430558	1.48442391405445
"MovingShapePC1"	47672	1428812	1.47671627165323	1.46758962674656	1.47288792165145	1.48055384215569
"MovingShapePC1"	48098	1428812	1.47285258571026	1.46381667712155	1.46904179807057	1.47667251742701
"MovingShapePC1"	48526	1428812	1.46900507002584	1.45976315120032	1.46521169665282	1.47280751204476
"MovingShapePC1"	48959	1428812	1.46514698567627	1.4560982602317	1.46137100000363	1.46893196502452
"MovingShapePC1"	49396	1428812	1.46128770313577	1.45218100621509	1.45752903636756	1.46505528924937
"MovingShapePC1"	49836	1428812	1.45743626912011	1.44830852336632	1.45369481239374	1.4611865716684
"MovingShapePC1"	50281	1428812	1.45357550126699	1.4443204345338	1.44985122279549	1.45730855251025
"MovingShapePC1"	50729	1428812	1.44972306824239	1.44056381625808	1.44601585793155	1.45343897907694
"MovingShapePC1"	51181	1428812	1.44587056467436	1.43704845955491	1.44218035023997	1.44956940802117
"MovingShapePC1"	51638	1428812	1.44200988103456	1.43337633732535	1.43833662607029	1.44569169378233
"MovingShapePC1"	52098	1428812	1.43815820568618	1.42988222297745	1.43450179863551	1.44182310018471
"MovingShapePC1"	52563	1428812	1.43429907587722	1.4262201167534	1.43065947757026	1.43794709178307
"MovingShapePC1"	53032	1428812	1.43044117767455	1.42241055232922	1.42681831126572	1.43407239247325
"MovingShapePC1"	53504	1428812	1.42659289613876	1.41863866936746	1.42298664904529	1.43020742319538
"MovingShapePC1"	53982	1428812	1.42273014076106	1.41442760912343	1.41914050463216	1.42632798877608
"MovingShapePC1"	54463	1428812	1.41887751607539	1.41062909908128	1.4153043769602	1.42245879977864
"MovingShapePC1"	54949	1428812	1.4150192475939	1.40688458219144	1.41146255953644	1.41858401343842
"MovingShapePC1"	55439	1428812	1.41116361796624	1.40336552367247	1.4076232999363	1.41471194761818
"MovingShapePC1"	55933	1428812	1.40731085771277	1.39985512073548	1.40378682817267	1.41084283334318
"MovingShapePC1"	56432	1428812	1.40345349465799	1.39585281849782	1.3999457039346	1.40696916644153
"MovingShapePC1"	56935	1428812	1.39959957799997	1.39222018165524	1.39610794282268	1.40309902983962
"MovingShapePC1"	57443	1428812	1.39574175610359	1.38858898659043	1.39226622432588	1.39922504065039
"MovingShapePC1"	57955	1428812	1.39188792569469	1.38461289790621	1.38842841252641	1.39535512836909
"MovingShapePC1"	58472	1428812	1.38803085385531	1.3807563626811	1.38458730490585	1.39148202955428
"MovingShapePC1"	58993	1428812	1.38417828781194	1.37730012929633	1.3807506169726	1.38761352327141
"MovingShapePC1"	59519	1428812	1.38032311154072	1.37339072026001	1.37691126239359	1.38374246368576
"MovingShapePC1"	60050	1428812	1.37646569340259	1.36961077585247	1.37306960820305	1.37986922048707
"MovingShapePC1"	60586	1428812	1.37260639263335	1.36591588883118	1.36922601237237	1.37599415417724
"MovingShapePC1"	61126	1428812	1.36875266439096	1.36203720728287	1.36538790012652	1.37212474995877
"MovingShapePC1"	61671	1428812	1.36489761949089	1.35846144418334	1.36154841061473	1.36825409020055
"MovingShapePC1"	62221	1428812	1.36104159226953	1.35479296608476	1.35770787707193	1.36438251034133
"MovingShapePC1"	62776	1428812	1.35718490851236	1.35094762192437	1.35386662423831	1.3605103372126
"MovingShapePC1"	63336	1428812	1.35332788559737	1.34720171110932	1.35002496850108	1.35663788918348
"MovingShapePC1"	63900	1428812	1.34947762910948	1.3432187769443	1.34618998759995	1.35277229978502
"MovingShapePC1"	64470	1428812	1.34562078701165	1.33971523369986	1.34234838277714	1.34890016349756
"MovingShapePC1"	65045	1428812	1.34176450942268	1.33592429232651	1.33850727605293	1.34502865864065
"MovingShapePC1"	65625	1428812	1.33790908152813	1.33232668690053	1.33466695182552	1.34115807118664
"MovingShapePC1"	66210	1428812	1.33405478082465	1.32862533596246	1.33082768685142	1.33728867937157
"MovingShapePC1"	66801	1428812	1.33019537584862	1.32488918876083	1.32698327417502	1.33341422713065
"MovingShapePC1"	67396	1428812	1.32634418937427	1.32089931032958	1.32314698518854	1.32954808880497
"MovingShapePC1"	67997	1428812	1.32248853028071	1.31720622386945	1.31930617824995	1.32567752361061
"MovingShapePC1"	68604	1428812	1.31862881599596	1.31345041956341	1.31546126926509	1.32180295050095
"MovingShapePC1"	69216	1428812	1.31477172851207	1.30936098828403	1.31161891485272	1.31793107693007
"MovingShapePC1"	69833	1428812	1.31091749897919	1.30580384460314	1.30777934570343	1.31406213450564
"MovingShapePC1"	70456	1428812	1.30706018772122	1.30216411520834	1.30393664501845	1.31019016058922
"MovingShapePC1"	71084	1428812	1.30320628562504	1.29855549991526	1.30009727939492	1.30632167044092
"MovingShapePC1"	71718	1428812	1.29934994693453	1.29496548698351	1.29625542543681	1.30245079586203
"MovingShapePC1"	72357	1428812	1.29549753784427	1.29130976783779	1.2924174257479	1.29858392671811
"MovingShapePC1"	73002	1428812	1.29164330513121	1.2876121322936	1.28857754895865	1.2947152878526
"MovingShapePC1"	73653	1428812	1.28778759625498	1.28394654835423	1.28473614144081	1.29084522781412
"MovingShapePC1"	74310	1428812	1.28393074990414	1.28029259788465	1.28089354084858	1.28697408632656
"MovingShapePC1"	74973	1428812	1.28007309613891	1.27628990101384	1.2770500762598	1.28310219443312
"MovingShapePC1"	75641	1428812	1.27622069805663	1.27253926570498	1.27321178885384	1.27923563722144
"MovingShapePC1"	76316	1428812	1.27236233506408	1.26885139245789	1.26936749939992	1.27536315259105
"MovingShapePC1"	76997	1428812	1.26850410495366	1.26492912088767	1.26552328359346	1.27149086050453
"MovingShapePC1"	77683	1428812	1.26465189530754	1.2611552530969	1.26168500804856	1.26762466958011
"MovingShapePC1"	78376	1428812	1.26079476457056	1.25751289273138	1.25784177108865	1.2637535982461
"MovingShapePC1"	79075	1428812	1.25693863453233	1.25367489832479	1.25399947335893	1.25988358950535
"MovingShapePC1"	79780	1428812	1.25308377887944	1.24959344101551	1.25015838788937	1.2560149177004
"MovingShapePC1"	80491	1428812	1.2492304638196	1.24576942911031	1.24631878027226	1.2521478496534
"MovingShapePC1"	81209	1428812	1.24537360029654	1.24212211100822	1.24247557978175	1.24827727791431
"MovingShapePC1"	81933	1428812	1.24151888236388	1.23826305265792	1.23863446053963	1.24440891653193
"MovingShapePC1"	82664	1428812	1.23766129951185	1.23460790242973	1.23479042996619	1.24053773700479
"MovingShapePC1"	83401	1428812	1.23380643470533	1.23069136878987	1.23094905167788	1.236669341707
"MovingShapePC1"	84145	1428812	1.22994935489528	1.22689916987507	1.227105410163	1.23279877999239
"MovingShapePC1"	84895	1428812	1.22609553419367	1.22319352325831	1.22326496075044	1.22893154481428
"MovingShapePC1"	85652	1428812	1.22224011592645	1.21931049209156	1.2194228639183	1.2250627622884
"MovingShapePC1"	86416	1428812	1.21838344190227	1.21530213146555	1.21557946049719	1.2211927752023
"MovingShapePC1"	87187	1428812	1.21452584524943	1.21179909335743	1.21173508268605	1.21732191761424
"MovingShapePC1"	87964	1428812	1.2106725877433	1.20817466340123	1.2078949745649	1.21345546904859
"MovingShapePC1"	88749	1428812	1.20681406754253	1.2043507411796	1.20404956730098	1.20958379454837
"MovingShapePC1"	89540	1428812	1.20296042412084	1.20047267515222	1.20020896616173	1.2057170678991
"MovingShapePC1"	90338	1428812	1.19910702129314	1.19657702834169	1.19636855101945	1.20185063680505
"MovingShapePC1"	91144	1428812	1.19524938711751	1.1928825553275	1.19252386517952	1.1979800140273
"MovingShapePC1"	91957	1428812	1.19139265599584	1.18922864586579	1.18868002599809	1.19411035106435
"MovingShapePC1"	92777	1428812	1.18753710431736	1.1851679655502	1.18483730924018	1.19024192492908
"MovingShapePC1"	93604	1428812	1.18368300094063	1.18118049245246	1.18099598317878	1.18637500506488
"MovingShapePC1"	94439	1428812	1.17982600861015	1.17743900959033	1.17715172516235	1.18250523956532
"MovingShapePC1"	95281	1428812	1.17597106150721	1.17371652680676	1.17330945331754	1.17863757871312
"MovingShapePC1"	96131	1428812	1.17211388782149	1.16999741472583	1.16946491012889	1.17476773635739
"MovingShapePC1"	96988	1428812	1.16825932414306	1.16619524836787	1.16562291660804	1.17090056471146
"MovingShapePC1"	97853	1428812	1.16440316324251	1.16252709441259	1.16177927951681	1.16703184251029
"MovingShapePC1"	98725	1428812	1.16055014613243	1.15861049292517	1.15793872475054	1.16316632592671
"MovingShapePC1"	99606	1428812	1.15669176913263	1.15504219770092	1.15409277633827	1.15929548348665
"MovingShapePC1"	100494	1428812	1.15283711686891	1.15117746002282	1.15025048985766	1.15542842894815
"MovingShapePC1"	101390	1428812	1.14898210767253	1.1473248616814	1.14640779704735	1.15156106719316
"MovingShapePC1"	102294	1428812	1.14512705065229	1.14343422718647	1.14256500626633	1.14769370808035
"MovingShapePC1"	103207	1428812	1.1412680387703	1.13946435953672	1.13871822307531	1.14382243193462
"MovingShapePC1"	104127	1428812	1.13741381830635	1.13568712585421	1.13487616629862	1.13995601256891
"MovingShapePC1"	105055	1428812	1.13356042891396	1.13220028905706	1.13103488844025	1.13609047674664
"MovingShapePC1"	105992	1428812	1.12970405065172	1.12838854003945	1.12719058176574	1.13222199228232
"MovingShapePC1"	106937	1428812	1.12584912335215	1.12466492788699	1.12334767242139	1.12835501273204
"MovingShapePC1"	107891	1428812	1.12199188325395	1.12102805840484	1.1195024086038	1.12448576234053
"MovingShapePC1"	108853	1428812	1.1181366811475	1.11722110714258	1.11565912782897	1.1206186052082
"MovingShapePC1"	109824	1428812	1.11427980875652	1.11315465182056	1.11181413353346	1.1167498213109
"MovingShapePC1"	110803	1428812	1.11042552967412	1.10915607144691	1.10797167643476	1.1128836871515
"MovingShapePC1"	111791	1428812	1.10657019041405	1.10512647058237	1.10412811451831	1.10901653773792
"MovingShapePC1"	112788	1428812	1.10271411864349	1.10146020081801	1.10028377465302	1.10514870153602
"MovingShapePC1"	113794	1428812	1.09885763359244	1.09768157067362	1.09643897531176	1.1012804985332
"MovingShapePC1"	114809	1428812	1.09500104619732	1.09393876855713	1.09259402671376	1.09741224038315
"MovingShapePC1"	115833	1428812	1.09114465924471	1.08997302737768	1.08874923096734	1.09354423055072
"MovingShapePC1"	116865	1428812	1.08729248372182	1.08579281261853	1.0849085873168	1.089680491796
"MovingShapePC1"	117908	1428812	1.08343365792736	1.08184484771469	1.08106126676414	1.08581012962374
"MovingShapePC1"	118959	1428812	1.07957960968074	1.07813932155305	1.0772186632534	1.08194460581874
"MovingShapePC1"	120020	1428812	1.07572327585169	1.07447957965044	1.07337373490365	1.07807683594214
"MovingShapePC1"	121090	1428812	1.07186860309963	1.07042986394593	1.06953041691984	1.07421077813681
"MovingShapePC1"	122170	1428812	1.06801229256448	1.06659471955092	1.06568542038845	1.07034312356779
"MovingShapePC1"	123259	1428812	1.06415821075911	1.0629542711472	1.06184260071654	1.06647774988145
"MovingShapePC1"	124359	1428812	1.0602996140338	1.05904446215077	1.05799523414714	1.06260789348114
"MovingShapePC1"	125467	1428812	1.05644730588956	1.0552874100516	1.05415409299561	1.0587443891337
"MovingShapePC1"	126586	1428812	1.05259112765573	1.05141198231562	1.05030904830665	1.05487704837349
"MovingShapePC1"	127715	1428812	1.04873488155614	1.04759893720423	1.0464638914826	1.05100968427256
"MovingShapePC1"	128854	1428812	1.04487886939156	1.04366441753667	1.04261892368317	1.04714259927267
"MovingShapePC1"	130003	1428812	1.04102338497571	1.03975380077951	1.03877443811681	1.0432760877927
"MovingShapePC1"	131162	1428812	1.03716871427898	1.0360200870375	1.03493072018329	1.03941043637335
"MovingShapePC1"	132332	1428812	1.03331185369161	1.03207405259238	1.03108477500564	1.03554263264824
"MovingShapePC1"	133512	1428812	1.02945641379471	1.02831325071624	1.02724020315442	1.03167629723288
"MovingShapePC1"	134703	1428812	1.02559943296861	1.02438394265691	1.02339405157665	1.02780845991763
"MovingShapePC1"	135904	1428812	1.02174444751031	1.02050489109307	1.01954984686747	1.02394266672415
"MovingShapePC1"	137116	1428812	1.01788853733709	1.01679377905925	1.01570467734694	1.02007598914429
"MovingShapePC1"	138339	1428812	1.01403202669241	1.01300759275613	1.011858866548	1.01620875213227
"MovingShapePC1"	139572	1428812	1.01017834305554	1.00918891806574	1.00801583269429	1.01234439244433
"MovingShapePC1"	140817	1428812	1.00632154331034	1.00544794303498	1.00416964930542	1.00847695028595
"MovingShapePC1"	142073	1428812	1.00246506636302	1.00163820458331	1.00032374599179	1.00460987388063
"MovingShapePC1"	143339	1428812	0.998612233640332	0.997941985135928	0.996481435352911	1.0007464935022
"MovingShapePC1"	144618	1428812	0.994754239396987	0.994124828862632	0.992633935881938	0.996877979106603
"MovingShapePC1"	145907	1428812	0.990900449276182	0.9904683720269	0.988790587943197	0.993013721675604
"MovingShapePC1"	147208	1428812	0.987045151805509	0.986682365657584	0.984945695796167	0.989147993965453
"MovingShapePC1"	148521	1428812	0.983188686393473	0.982590991463789	0.981099598103068	0.985281136131396
"MovingShapePC1"	149846	1428812	0.979331383809702	0.978616345942939	0.977252624924387	0.981413479652547
"MovingShapePC1"	151182	1428812	0.975476438988148	0.974792476694793	0.973407962873451	0.97754822780171
"MovingShapePC1"	152530	1428812	0.971621242397299	0.970900433176457	0.969563009622841	0.973682763824768
"MovingShapePC1"	153890	1428812	0.967766100426359	0.967010756287068	0.965718070954246	0.969817394718473
"MovingShapePC1"	155262	1428812	0.963911311400385	0.963195506344625	0.961873444618449	0.965952419382088
"MovingShapePC1"	156647	1428812	0.960054393265685	0.959362063436425	0.958026655286497	0.962085349020258
"MovingShapePC1"	158044	1428812	0.956198450103851	0.955444561389436	0.954180799078393	0.958219295693261
"MovingShapePC1"	159453	1428812	0.952343756235502	0.951647550659725	0.950336149838279	0.954354534197838
"MovingShapePC1"	160875	1428812	0.948487878897458	0.947864190698224	0.946490281349881	0.95048862520757
"MovingShapePC1"	162310	1428812	0.944631149126219	0.944037140901486	0.942643523965707	0.946621900443271
"MovingShapePC1"	163757	1428812	0.940776541527251	0.940016500348839	0.938798844824171	0.942757341993011
"MovingShapePC1"	165217	1428812	0.936921671330748	0.936126455049418	0.934953865530499	0.938892558696188
"MovingShapePC1"	166691	1428812	0.933064239731956	0.93233040167607	0.931106293340546	0.935025245672671
"MovingShapePC1"	168177	1428812	0.92920977908733	0.928346241288826	0.927261646679948	0.931160949239543
"MovingShapePC1"	169677	1428812	0.925353391822602	0.924485885650752	0.923415040662788	0.92729475910468
"MovingShapePC1"	171190	1428812	0.921497965546673	0.92064507089391	0.919569355762223	0.92342957002729
"MovingShapePC1"	172717	1428812	0.917641260330407	0.917002917869986	0.915722357906045	0.91956313620719
"MovingShapePC1"	174257	1428812	0.91378610218326	0.913174086913843	0.911876866195848	0.915698290575574
"MovingShapePC1"	175811	1428812	0.909930279965835	0.909378716947706	0.908030675249993	0.911832816221491
"MovingShapePC1"	177378	1428812	0.906076559462463	0.905651175841827	0.904186544164963	0.907969485630337
"MovingShapePC1"	178960	1428812	0.902220331316551	0.901577803556524	0.900339875247796	0.904103677755567
"MovingShapePC1"	180556	1428812	0.898364366772728	0.897741282320803	0.896493433040888	0.900238170557318
"MovingShapePC1"	182166	1428812	0.894508958853976	0.893877125993346	0.892647510053852	0.89637325757183
"MovingShapePC1"	183791	1428812	0.89065202976131	0.890104368556848	0.888800033784196	0.892506855691248
"MovingShapePC1"	185430	1428812	0.886796261756272	0.886207006423566	0.88495368011231	0.888641653570604
"MovingShapePC1"	187083	1428812	0.882941924228374	0.882410559297175	0.881108718002972	0.88477792102379
"MovingShapePC1"	188751	1428812	0.879086978270543	0.878486115332295	0.877263113716519	0.880913613964354
"MovingShapePC1"	190435	1428812	0.875229459034119	0.874671658903066	0.873414907318409	0.877046762618294
"MovingShapePC1"	192133	1428812	0.871374255251598	0.870677544876393	0.869568975930993	0.873182267351177
"MovingShapePC1"	193846	1428812	0.867519365429148	0.866767760689415	0.86572332310523	0.869318121612789
"MovingShapePC1"	195575	1428812	0.863662860404189	0.863095609854836	0.861876024478469	0.865452391429745
"MovingShapePC1"	197319	1428812	0.859807283689667	0.859306588608312	0.858029617676863	0.861587626212724
"MovingShapePC1"	199078	1428812	0.85595291074982	0.855394661285256	0.854184377731748	0.857724101858595
"MovingShapePC1"	200854	1428812	0.852095685027975	0.851486804264761	0.850336257870252	0.853857752006146
"MovingShapePC1"	202645	1428812	0.848240268022988	0.84778200478681	0.846489908766042	0.849993249000133
"MovingShapePC1"	204452	1428812	0.844384787827391	0.844026655260098	0.842643463129894	0.846128716304517
"MovingShapePC1"	206275	1428812	0.840529545940793	0.840147180658154	0.8387972219494	0.842264455930902
"MovingShapePC1"	208115	1428812	0.836672749073761	0.836334825540728	0.834949396296744	0.838398670218647
"MovingShapePC1"	209970	1428812	0.832818874969579	0.832478860567881	0.831104453708587	0.834535847136656
"MovingShapePC1"	211843	1428812	0.828961996024523	0.828744653030479	0.827256480508769	0.830670045125412
"MovingShapePC1"	213732	1428812	0.825106555306127	0.824830422574048	0.823409909676309	0.826805717359645
"MovingShapePC1"	215638	1428812	0.821250800839875	0.821189899851383	0.819562993471917	0.822941107620395
"MovingShapePC1"	217561	1428812	0.817395040774437	0.817382800138768	0.815716039523906	0.819076524576726
"MovingShapePC1"	219501	1428812	0.813539575160911	0.81356354765201	0.81186934739135	0.81521226877173
"MovingShapePC1"	221458	1428812	0.809684696096514	0.80955624029331	0.808023208706967	0.811348632767018
"MovingShapePC1"	223433	1428812	0.805828744124686	0.805860450815314	0.804175967959747	0.807483953152074
"MovingShapePC1"	225426	1428812	0.801972047393882	0.802005855292433	0.800327952723238	0.803618558650466
"MovingShapePC1"	227436	1428812	0.798116835128334	0.798007835726649	0.796481387401062	0.799754683315123
"MovingShapePC1"	229464	1428812	0.794261475439019	0.794154415190028	0.792634643968678	0.795890691384362
"MovingShapePC1"	231510	1428812	0.790406272011125	0.790442094293253	0.788788025620412	0.792026887034237
"MovingShapePC1"	233575	1428812	0.786549661168673	0.786530057872294	0.784939972334969	0.788161702926477
"MovingShapePC1"	235657	1428812	0.782695665822338	0.78267137673563	0.781094498297991	0.784299170711871
"MovingShapePC1"	237759	1428812	0.778839036860399	0.778768386818588	0.777246366190527	0.780434029463514
"MovingShapePC1"	239879	1428812	0.774983764560314	0.774822577685817	0.773399557670414	0.776570278093303
"MovingShapePC1"	242018	1428812	0.771128318581551	0.771025069039057	0.769552545957137	0.772706382693351
"MovingShapePC1"	244176	1428812	0.767273003319415	0.767214738689384	0.765705634965842	0.768842648139125
"MovingShapePC1"	246354	1428812	0.763416352244327	0.763545877082843	0.761857361536084	0.76497760452508
"MovingShapePC1"	248551	1428812	0.759560447888895	0.759750368481201	0.758009803855835	0.761113338735358
"MovingShapePC1"	250767	1428812	0.755705570564253	0.755819399807934	0.754163241835346	0.757250131481793
"MovingShapePC1"	253003	1428812	0.751850276417139	0.751823129157559	0.750316234928246	0.753386535597573
"MovingShapePC1"	255260	1428812	0.747993174809513	0.747970239510616	0.746467395646148	0.749521157288742
"MovingShapePC1"	257536	1428812	0.74413798616064	0.744110270444743	0.742620436625166	0.745657724770447
"MovingShapePC1"	259832	1428812	0.740283288521995	0.740360735173472	0.738773939163909	0.741794812840533
"MovingShapePC1"	262149	1428812	0.736427711972653	0.736517795947131	0.734926536436296	0.737931048477122
"MovingShapePC1"	264487	1428812	0.732571579472699	0.732579503858336	0.731078550886809	0.734066755156041
"MovingShapePC1"	266846	1428812	0.728715205625699	0.728462738458446	0.727230296630427	0.73020224796952
"MovingShapePC1"	269225	1428812	0.724860509950731	0.724649480082636	0.723383689344825	0.726339450283732
"MovingShapePC1"	271626	1428812	0.721004550253748	0.720853426098169	0.719535793198619	0.722475413530477
"MovingShapePC1"	274048	1428812	0.717149244446989	0.716850348423621	0.715688522271243	0.718612059460478
"MovingShapePC1"	276492	1428812	0.713293304408644	0.713159706342495	0.711840591310125	0.71474809707716
"MovingShapePC1"	278958	1428812	0.709437046754345	0.709279967235966	0.707992316447673	0.710883843479469
"MovingShapePC1"	281445	1428812	0.705582322940693	0.705291342059209	0.704145545504876	0.70702115376484
"MovingShapePC1"	283955	1428812	0.701726333415881	0.701426358662887	0.700297484892981	0.703157222407907
"MovingShapePC1"	286487	1428812	0.69787092733584	0.697582480849378	0.696449980142879	0.69929390219485
"MovingShapePC1"	289042	1428812	0.694014886653424	0.693828116576814	0.692601815887619	0.695429972393277
"MovingShapePC1"	291619	1428812	0.690160017270863	0.689848566369542	0.688754794530517	0.691567242409251
"MovingShapePC1"	294220	1428812	0.686303635917464	0.686004196903582	0.684906238444774	0.687703023318456
"MovingShapePC1"	296844	1428812	0.68244754542544	0.68213088820487	0.681057946976702	0.683839121443904
"MovingShapePC1"	299491	1428812	0.678592038130313	0.67833944315133	0.677210212063977	0.679975829518891
"MovingShapePC1"	302161	1428812	0.674737398550472	0.67452949247487	0.673363317850479	0.676113432436188
"MovingShapePC1"	304856	1428812	0.670881054338636	0.670530930657337	0.669514697334394	0.672249352494029
"MovingShapePC1"	307574	1428812	0.667026174338268	0.666728090927077	0.665667513195093	0.668386764708918
"MovingShapePC1"	310317	1428812	0.663170220723346	0.66298824258515	0.661819232862054	0.664523125990529
"MovingShapePC1"	313084	1428812	0.659314908811341	0.659203040324992	0.657971568420496	0.66066015489293
"MovingShapePC1"	315876	1428812	0.655459146645031	0.655324839257255	0.654123430266637	0.65679675710121
"MovingShapePC1"	318693	1428812	0.651603245962606	0.651500429716162	0.65027512970251	0.652933244789762
"MovingShapePC1"	321535	1428812	0.647747510341341	0.64758013244147	0.646426969893339	0.649069921947908
"MovingShapePC1"	324402	1428812	0.643892235341316	0.643756093717983	0.642579246010594	0.645207084524293
"MovingShapePC1"	327295	1428812	0.640036381724399	0.639988180595927	0.638730921037132	0.641343691055858
"MovingShapePC1"	330214	1428812	0.636180264624055	0.636119254323697	0.634882309670305	0.637480057112249
"MovingShapePC1"	333159	1428812	0.632324190952781	0.632264004671904	0.631033718410479	0.633616490018109
"MovingShapePC1"	336130	1428812	0.628468459545863	0.628470367900706	0.627185445704141	0.629753288997493
"MovingShapePC1"	339127	1428812	0.624613361305114	0.624605274688356	0.623337782086995	0.625890745318253
"MovingShapePC1"	342151	1428812	0.620757910032242	0.620620141749121	0.619489743453412	0.6220278706858
"MovingShapePC1"	345202	1428812	0.61690241483725	0.616786243293355	0.615641638504285	0.61816497461928
"MovingShapePC1"	348281	1428812	0.613045929747509	0.612932454281057	0.611792523260425	0.614301109149215
"MovingShapePC1"	351386	1428812	0.609191252747563	0.609188490213062	0.607945190556028	0.610439077417281
"MovingShapePC1"	354520	1428812	0.605334960897903	0.605373235727791	0.604096224165116	0.606575449760342
"MovingShapePC1"	357681	1428812	0.601479825060455	0.601398630366687	0.600248389872752	0.602713002123821
"MovingShapePC1"	360871	1428812	0.597623707682498	0.597546022703897	0.596399554367397	0.598849592707316
"MovingShapePC1"	364089	1428812	0.593768127375611	0.593609719606785	0.592551233580945	0.594986742805309
"MovingShapePC1"	367336	1428812	0.589912187602586	0.589784761398654	0.588702532858124	0.591123553995514
"MovingShapePC1"	370611	1428812	0.586057369590934	0.585819126867945	0.58485493084484	0.58726151009007
"MovingShapePC1"	373916	1428812	0.582201620588854	0.581944104650994	0.581006378827134	0.583398554293278
"MovingShapePC1"	377251	1428812	0.578345264966283	0.578124723866794	0.577157200751496	0.579535011398622
"MovingShapePC1"	380615	1428812	0.574489759744937	0.57420990806884	0.573308851124868	0.575672340945498
"MovingShapePC1"	384009	1428812	0.570634251468756	0.570418888352984	0.569460478277725	0.571809687688385
"MovingShapePC1"	387433	1428812	0.566779040063472	0.566700706626261	0.565612381779639	0.567947351909159
"MovingShapePC1"	390888	1428812	0.562923306455525	0.56286803390567	0.561763744264403	0.564084512824156
"MovingShapePC1"	394374	1428812	0.559067364267347	0.558987077321732	0.557914878970017	0.560221484440286
"MovingShapePC1"	397891	1428812	0.555211518927431	0.555107751222031	0.554066090962861	0.556358572548162
"MovingShapePC1"	401439	1428812	0.551356067814063	0.551179325786247	0.550217677280839	0.552496074866424
"MovingShapePC1"	405019	1428812	0.547500228114615	0.547269272375772	0.546368856741452	0.548633206949735
"MovingShapePC1"	408630	1428812	0.543645372770864	0.543454819388825	0.542520999993723	0.544771344035122
"MovingShapePC1"	412274	1428812	0.53978966877919	0.539640474901891	0.538672277566149	0.540908649581867
"MovingShapePC1"	415951	1428812	0.535933438334668	0.535789241645245	0.534823011264904	0.537045446174032
"MovingShapePC1"	419660	1428812	0.53207803016086	0.532005862082396	0.530974547585493	0.533183084765615
"MovingShapePC1"	423402	1428812	0.528222696742119	0.528177483041898	0.527126140571777	0.529320816279053
"MovingShapePC1"	427178	1428812	0.524366719257085	0.524487161940257	0.523277072897846	0.525457920395251
"MovingShapePC1"	430987	1428812	0.520511422262948	0.520672352907334	0.519428666956839	0.521595723837725
"MovingShapePC1"	434831	1428812	0.516655090134074	0.516708038099737	0.515579210397953	0.51773250770156
"MovingShapePC1"	438708	1428812	0.512800029994309	0.512693314980222	0.511731006445201	0.513870583014814
"MovingShapePC1"	442620	1428812	0.508944545772643	0.508924194030469	0.507882362263132	0.510008250466556
"MovingShapePC1"	446567	1428812	0.505088948454038	0.505105508841758	0.504033588496438	0.506145821382047
"MovingShapePC1"	450550	1428812	0.501232576954097	0.501193393064632	0.500184025441581	0.502282633294002
"MovingShapePC1"	454567	1428812	0.49737766247238	0.497249328266858	0.496335900581464	0.498420921122687
"MovingShapePC1"	458621	1428812	0.493521625546574	0.49348549710221	0.492486639218984	0.494558100634535
"MovingShapePC1"	462711	1428812	0.489665734234414	0.489764736105954	0.48863750739932	0.490695441901866
"MovingShapePC1"	466837	1428812	0.485810284643124	0.486006425840462	0.484788800937692	0.486833241323875
"MovingShapePC1"	471000	1428812	0.481954642925034	0.482128764866978	0.480939887321888	0.482970863715515
"MovingShapePC1"	475200	1428812	0.478099114005989	0.478281500854885	0.477091071172484	0.479108614307905
"MovingShapePC1"	479438	1428812	0.474243088929131	0.474456364994406	0.473241744819991	0.475245882855
"MovingShapePC1"	483713	1428812	0.470387778536104	0.470631252056538	0.469393117235276	0.471383882071016
"MovingShapePC1"	488026	1428812	0.466532573942816	0.466694505994309	0.465544580827965	0.467522001776326
"MovingShapePC1"	492378	1428812	0.462676890107416	0.462856159585986	0.461695551801926	0.463659655681638
"MovingShapePC1"	496769	1428812	0.458821039511515	0.459043941307372	0.457846342334153	0.459797156573209
"MovingShapePC1"	501199	1428812	0.454965326463049	0.455138542354097	0.453997256449039	0.455934809042523
"MovingShapePC1"	505668	1428812	0.45111004724	0.451340383656905	0.450148590161596	0.452072909630505
"MovingShapePC1"	510178	1428812	0.447253787707634	0.447487525237178	0.446298932005815	0.448210041530474
"MovingShapePC1"	514727	1428812	0.443398561127481	0.443621504347738	0.442450292045663	0.444348221204709
"MovingShapePC1"	519317	1428812	0.439542967569706	0.439634198835046	0.438601272997867	0.440486046073651
"MovingShapePC1"	523948	1428812	0.435687316544208	0.435763709354739	0.434752184096817	0.436623825922725
"MovingShapePC1"	528621	1428812	0.431831087877228	0.43179475464067	0.430902506308479	0.432761039436966
"MovingShapePC1"	533334	1428812	0.427976225365937	0.427947827075978	0.427054180392225	0.42889963345428
"MovingShapePC1"	538090	1428812	0.424120571487765	0.424103539843156	0.423205052750462	0.425037446522713
"MovingShapePC1"	542889	1428812	0.420264446920421	0.420260977999016	0.41935544377969	0.421174799601242
"MovingShapePC1"	547730	1428812	0.416408956923357	0.416378476653356	0.415506457143394	0.417312799546688
"MovingShapePC1"	552614	1428812	0.412553598768261	0.412532622408167	0.411657591239045	0.413450942503537
"MovingShapePC1"	557542	1428812	0.408697889854678	0.408637057207515	0.407808364556236	0.409588744779934
"MovingShapePC1"	562514	1428812	0.404842139293313	0.404772815432087	0.403959085966664	0.405726515725615
"MovingShapePC1"	567530	1428812	0.400986648080499	0.401024656587382	0.400110056248685	0.401864556554877
"MovingShapePC1"	572591	1428812	0.39713095076814	0.397074454284351	0.396260811025133	0.398002400747405
"MovingShapePC1"	577697	1428812	0.393275352662301	0.393281220285226	0.392411655385874	0.394140353825464
"MovingShapePC1"	582849	1428812	0.389419405897248	0.389394127113566	0.388562142512388	0.390277966874879
"MovingShapePC1"	588046	1428812	0.385564158122612	0.385574228190793	0.384713318611972	0.386416288988815
"MovingShapePC1"	593290	1428812	0.381708426729975	0.381799142219344	0.380864003357014	0.382554135275644
"MovingShapePC1"	598581	1428812	0.377852524327158	0.377913485538313	0.377014509147711	0.378691818550836
"MovingShapePC1"	603919	1428812	0.373996755345887	0.374034540228685	0.373165140229885	0.374829643432024
"MovingShapePC1"	609304	1428812	0.370141416185526	0.370163452641616	0.369316192838351	0.370967906483095
"MovingShapePC1"	614738	1428812	0.366285382411567	0.366350794336111	0.365466544733651	0.367105481072269
"MovingShapePC1"	620220	1428812	0.362429672475418	0.362518275989511	0.361617213017274	0.363243387001986
"MovingShapePC1"	625750	1428812	0.358574577758244	0.358697459786258	0.357768488934838	0.359381915788919
"MovingShapePC1"	631330	1428812	0.354719006031329	0.354870634277952	0.353919282413481	0.355519973046372
"MovingShapePC1"	636960	1428812	0.35086326969121	0.351035325700759	0.350069905689941	0.351657871330709
"MovingShapePC1"	642640	1428812	0.347007672962719	0.347071318014651	0.346220662851872	0.347795915003936
"MovingShapePC1"	648371	1428812	0.343151842217602	0.343225477402131	0.342371181258728	0.343933729449095
"MovingShapePC1"	654153	1428812	0.339296083526846	0.3394133944335	0.338521766857167	0.340071620861507
"MovingShapePC1"	659986	1428812	0.33544069490031	0.335536667136041	0.33467271755557	0.336209887352491
"MovingShapePC1"	665872	1428812	0.331584661989121	0.331703560918016	0.330823021069103	0.332347512507242
"MovingShapePC1"	671810	1428812	0.327728948149452	0.327829149764378	0.326973639575886	0.328485460860932
"MovingShapePC1"	677800	1428812	0.323873844888634	0.323895601775801	0.323124864520405	0.324624023983702
"MovingShapePC1"	683845	1428812	0.320017730675585	0.32004091733837	0.319275077457289	0.320761577256066
"MovingShapePC1"	689943	1428812	0.316162190996825	0.316228240933501	0.315425861705616	0.316899708333773
"MovingShapePC1"	696095	1428812	0.312306886703735	0.312331052655308	0.311576879118784	0.313038077065291
"MovingShapePC1"	702303	1428812	0.30845087463357	0.308415512997637	0.307727188536446	0.309175738283778
"MovingShapePC1"	708565	1428812	0.304595699193536	0.304584873730766	0.303878332301655	0.305314238462271
"MovingShapePC1"	714884	1428812	0.300739815651011	0.300700057218469	0.300028768693774	0.301452029853679
"MovingShapePC1"	721259	1428812	0.296884144683709	0.296860006339599	0.296179417374004	0.297590034153058
"MovingShapePC1"	727691	1428812	0.293028383775517	0.292883941553632	0.292329976828022	0.293727947841705
"MovingShapePC1"	734180	1428812	0.289172835194432	0.288995481363989	0.2884807493482	0.289866073163237
"MovingShapePC1"	740727	1428812	0.285317206905883	0.28510635901665	0.28463144391324	0.286004117069035
"MovingShapePC1"	747332	1428812	0.28146180087803	0.281185366511883	0.2807823625459	0.282142381472654
"MovingShapePC1"	753997	1428812	0.277605759109927	0.277337289960334	0.276932649219315	0.278280006397598
"MovingShapePC1"	760720	1428812	0.273750540078692	0.273501813355956	0.273083760599848	0.274418452133194
"MovingShapePC1"	767504	1428812	0.269894724378487	0.269670013502411	0.269234280213122	0.27055629633998
"MovingShapePC1"	774348	1428812	0.266039188460095	0.265757993056999	0.265385083690171	0.266694416289206
"MovingShapePC1"	781253	1428812	0.262183668926954	0.261844387390572	0.261535908706628	0.262832547511414
"MovingShapePC1"	788220	1428812	0.258327914214511	0.258032599641187	0.257686504772933	0.258970437366384
"MovingShapePC1"	795249	1428812	0.254472230406527	0.25414246572405	0.253837178151701	0.255108391759029
"MovingShapePC1"	802341	1428812	0.250616374240879	0.250283004010199	0.249987686688099	0.25124616631928
"MovingShapePC1"	809496	1428812	0.246760650173913	0.246413111366643	0.246138335066521	0.247384065275441
"MovingShapePC1"	816714	1428812	0.242905354629368	0.242568287636876	0.242289419975347	0.243522384786589
"MovingShapePC1"	823997	1428812	0.239049722023441	0.238738390170633	0.238440177881275	0.239660357217173
"MovingShapePC1"	831345	1428812	0.235194061088952	0.234873347660948	0.234590917819658	0.235798290997492
"MovingShapePC1"	838759	1428812	0.231338154668515	0.231126688786054	0.230741423838536	0.231935967764143
"MovingShapePC1"	846238	1428812	0.227482822358343	0.227299184726672	0.226892515045987	0.228074207602053
"MovingShapePC1"	853785	1428812	0.223626822863261	0.223507298345895	0.223042953126602	0.224211766234545
"MovingShapePC1"	861398	1428812	0.219771482026544	0.219660361520075	0.219194062658	0.220349970771688
"MovingShapePC1"	869080	1428812	0.215915583189533	0.215796518243505	0.215344630003712	0.216487601530953
"MovingShapePC1"	876830	1428812	0.212059936255169	0.211935617347918	0.211495464739073	0.212625468743446
"MovingShapePC1"	884649	1428812	0.208204343557205	0.208056144826897	0.20764637060144	0.208763373338767
"MovingShapePC1"	892537	1428812	0.204349103535299	0.20413179562649	0.20379764664516	0.204901613141872
"MovingShapePC1"	900497	1428812	0.200493059852148	0.200219863760822	0.199948139661913	0.201039028684926
"MovingShapePC1"	908527	1428812	0.196637489641608	0.196470507969133	0.196099125848495	0.197176898039879
"MovingShapePC1"	916628	1428812	0.192782206523815	0.192620588173786	0.192250420419121	0.193315033232264
"MovingShapePC1"	924802	1428812	0.188926563529694	0.188779678709295	0.188401378854597	0.189452784842136
"MovingShapePC1"	933049	1428812	0.185070869994112	0.185021646189165	0.184552311376119	0.185590461318047
"MovingShapePC1"	941370	1428812	0.181214965790368	0.181194993345031	0.180703059618852	0.18172790077096
"MovingShapePC1"	949764	1428812	0.177359613658635	0.1773462272606	0.176854386564656	0.17786586569982
"MovingShapePC1"	958234	1428812	0.1735037392255	0.173502775933264	0.173005221345603	0.174003278224348
"MovingShapePC1"	966779	1428812	0.169648105367151	0.169648108793787	0.169156327248017	0.170140900811055
"MovingShapePC1"	975400	1428812	0.1657925603875	0.165831807354505	0.16530755466846	0.166278579670749
"MovingShapePC1"	984098	1428812	0.161936960492026	0.162015953282333	0.161458762001291	0.162416168819596
"MovingShapePC1"	992874	1428812	0.158081169578805	0.158236460753606	0.157609815439427	0.158553529860405
"MovingShapePC1"	1001728	1428812	0.154225492579386	0.154312340340617	0.153761021549752	0.154690966089393
"MovingShapePC1"	1010661	1428812	0.150369796670812	0.150417833057048	0.14991225005593	0.150828342136566
"MovingShapePC1"	1019673	1428812	0.146514382239087	0.146504384578713	0.146063803258768	0.146965956473119
"MovingShapePC1"	1028766	1428812	0.142658697407618	0.142684996337651	0.142215132899297	0.143103253604037
"MovingShapePC1"	1037940	1428812	0.138803049169482	0.138825958107753	0.138366548214247	0.139240538278749
"MovingShapePC1"	1047196	1428812	0.134947321719216	0.134981352165319	0.134517936604307	0.135377691485254
"MovingShapePC1"	1056534	1428812	0.131091817035048	0.131174594306936	0.130669602695416	0.131515012554069
"MovingShapePC1"	1065956	1428812	0.127236014260957	0.127356657949749	0.126821030047824	0.127651976212155
"MovingShapePC1"	1075461	1428812	0.123380624967097	0.123574302224612	0.122972932603542	0.123789291658177
"MovingShapePC1"	1085052	1428812	0.119524737346153	0.119729615397161	0.11912440428414	0.11992604135486
"MovingShapePC1"	1094728	1428812	0.115669061143861	0.115866490778789	0.115276157816966	0.116062932066682
"MovingShapePC1"	1104490	1428812	0.111813497479686	0.111989649803325	0.111428099197186	0.11219986003706
"MovingShapePC1"	1114339	1428812	0.107957953521152	0.108144324985702	0.107580140873542	0.108336727151951
"MovingShapePC1"	1124276	1428812	0.10410234231563	0.104270351711769	0.103732201633439	0.104473440718364
"MovingShapePC1"	1134302	1428812	0.100246582625719	0.100333223453477	0.0998842065005892	0.100609913237457
"MovingShapePC1"	1144417	1428812	0.0963909782577954	0.0964423126321573	0.0960364653577069	0.0967464424392693
"MovingShapePC1"	1154622	1428812	0.0925354488615925	0.0925477916654612	0.0921889053791127	0.0928829404486261
"MovingShapePC1"	1164918	1428812	0.0886799195056216	0.0886660448917275	0.0883414599375545	0.0890193240294886
"MovingShapePC1"	1175306	1428812	0.0848243205227635	0.0848862706837234	0.0844940685725969	0.0851555143077491
"MovingShapePC1"	1185787	1428812	0.0809685873591205	0.0810527389193585	0.0806466769878085	0.0812914364717479
"MovingShapePC1"	1196361	1428812	0.0771130234389501	0.0772236956891706	0.0767995992901595	0.0774273832630285
"MovingShapePC1"	1207030	1428812	0.0732572045633998	0.0733119019900091	0.0729524250130217	0.0735629167499364
"MovingShapePC1"	1217794	1428812	0.0694014373510089	0.0694431819342802	0.0691054746191511	0.069698329706798
"MovingShapePC1"	1228653	1428812	0.0655460203495417	0.0656454957807655	0.0652590625318315	0.0658339048058497
"MovingShapePC1"	1239610	1428812	0.0616901931349461	0.0618421708534623	0.061412449199237	0.0619688607499892
"MovingShapePC1"	1250664	1428812	0.0578346136594518	0.0579433087194052	0.0575663131711748	0.0581038348941422
"MovingShapePC1"	1261817	1428812	0.0539788869096929	0.0540958616749699	0.0537202863509249	0.0542384053077638
"MovingShapePC1"	1273069	1428812	0.0501233166525562	0.0503104822623322	0.0498747024727777	0.0503728457903363
"MovingShapePC1"	1284421	1428812	0.0462678605101095	0.0464287527576227	0.0460295560668443	0.0465070770556224
"MovingShapePC1"	1295875	1428812	0.04241214504376	0.0425483590265843	0.0421845194751763	0.0426406798838839
"MovingShapePC1"	1307431	1428812	0.0385564769626606	0.038665298783515	0.0383399538920146	0.0387739064991885
"MovingShapePC1"	1319090	1428812	0.0347008256658174	0.0347559537976315	0.0344958984588978	0.0349066565577641
"MovingShapePC1"	1330853	1428812	0.0308451642626255	0.0309369787513545	0.0306524161965716	0.0310388132574142
"MovingShapePC1"	1342721	1428812	0.0269894694558993	0.027050520973348	0.0268096031093392	0.027170233999227
"MovingShapePC1"	1354694	1428812	0.0231340420123278	0.0232026575981209	0.0229679229271911	0.0233010565865794
"MovingShapePC1"	1366775	1428812	0.0192782214770535	0.0193350040964169	0.0191269542397031	0.0194303815194921
"MovingShapePC1"	1378963	1428812	0.0154226330424212	0.0154555852412981	0.0152876838181444	0.0155584724115884
"MovingShapePC1"	1391260	1428812	0.0115669461537136	0.0115761680705714	0.0114503963321072	0.011684383483347
"MovingShapePC1"	1403666	1428812	0.00771146328543058	0.00769971034187535	0.00761659220471221	0.00780721926048269
"MovingShapePC1"	1416183	1428812	0.00385586558368312	0.00385448032577494	0.00378905804500769	0.00392355542493027
"MovingShapePC1"	1428812	1428812	1.51977502240161e-07	4.34294699063126e-07	7.69547307875778e-09	1.12125317490794e-06
"NightPWake"	1	1428812	6.45600508468319	6.06118517493904	5.58808118614251	7.7515489911084
"NightPWake"	2	1428812	5.97888382996352	5.60605996717375	5.40899247187304	6.7707841977896
"NightPWake"	3	1428812	5.75703508034717	5.58120833232682	5.2961568063128	6.36351433175329
"NightPWake"	4	1428812	5.61090704466893	5.55786529500809	5.2121114320032	6.11760194399391
"NightPWake"	5	1428812	5.50176257524386	5.46707499335568	5.14460870796777	5.94452607560786
"NightPWake"	6	1428812	5.41461239952496	5.45900769964338	5.08796732186177	5.81217820573161
"NightPWake"	7	1428812	5.34206173237635	5.45900769964338	5.03905047605807	5.70559448437545
"NightPWake"	8	1428812	5.2799138256275	5.39605708683996	4.99593038895917	5.61667331889984
"NightPWake"	9	1428812	5.22555616330491	5.29957321223271	4.9573321800234	5.54056528441907
"NightPWake"	10	1428812	5.17725148373036	5.25474324903396	4.92236633081577	5.47415063480451
"NightPWake"	11	1428812	5.13378578994927	5.10801119987774	4.89038622679355	5.41531027647687
"NightPWake"	12	1428812	5.09427724866559	5.10801119987774	4.86090633120729	5.36254238705642
"NightPWake"	13	1428812	5.05806507601115	5.10076624600184	4.83355233146386	5.31474570309114
"NightPWake"	14	1428812	5.0246413205242	5.04614611667542	4.80802929438253	5.27108977484634
"NightPWake"	15	1428812	4.99360708678423	4.94166129877144	4.78410051939201	5.23093356160598
"NightPWake"	16	1428812	4.96464339084891	4.89163119722345	4.7615730318943	5.19377232715579
"NightPWake"	17	1428812	4.9374911448053	4.89163119722345	4.74028735304873	5.15920183710958
"NightPWake"	18	1428812	4.91193704033291	4.88283148848283	4.72011011171758	5.12689353050522
"NightPWake"	19	1428812	4.88780336061619	4.83282745421196	4.70092859739	5.09657687595495
"NightPWake"	20	1428812	4.86494047765669	4.78822557149116	4.68264667046555	5.06802656249515
"NightPWake"	21	1428812	4.84322122796345	4.70978280062757	4.6651816418041	5.04105302333312
"NightPWake"	22	1428812	4.8225366291036	4.68594518806936	4.6484618573704	5.01549530678885
"NightPWake"	23	1428812	4.80279257090784	4.66855448171544	4.63242480437718	4.99121563201153
"NightPWake"	24	1428812	4.78390722674747	4.66630692998269	4.61701560893327	4.96809517481626
"NightPWake"	25	1428812	4.76580900465467	4.63489780996266	4.60218583159852	4.94603076561509
"NightPWake"	26	1428812	4.74843490858525	4.58347265692425	4.58789249242127	4.92493227314267
"NightPWake"	27	1428812	4.7317292150824	4.55486614787113	4.57409727474062	4.90472051042184
"NightPWake"	28	1428812	4.71564239518894	4.55268379019156	4.56076586968157	4.88532554307219
"NightPWake"	29	1428812	4.70013022901069	4.5380709937674	4.54786743243036	4.86668531091841
"NightPWake"	30	1428812	4.68515307304104	4.53680901590099	4.53537412809687	4.84874449597357
"NightPWake"	31	1428812	4.67067524967242	4.53029430218741	4.52326074995958	4.8314535859386
"NightPWake"	32	1428812	4.6566645352296	4.49302034428694	4.51150439663313	4.81476809417196
"NightPWake"	33	1428812	4.64309172804033	4.48406790117972	4.50008419753777	4.79864790586659
"NightPWake"	34	1428812	4.62993028198236	4.45392519528265	4.48898107822383	4.78305672677114
"NightPWake"	35	1428812	4.61715599394593	4.44354190491901	4.47817755878253	4.76796161580023
"NightPWake"	36	1428812	4.60474673596411	4.4250825182227	4.46765757988234	4.75333258671202
"NightPWake"	37	1428812	4.59268222456273	4.41550368463383	4.45740635199538	4.73914226699294
"NightPWake"	38	1428812	4.58094382129149	4.3986419612397	4.44741022418974	4.72536560439363
"NightPWake"	39	1428812	4.5695143595107	4.39762200441889	4.43765656950901	4.71197961336818
"NightPWake"	40	1428812	4.55837799339274	4.39261682897645	4.42813368447743	4.69896315509654
"NightPWake"	41	1428812	4.54752006580454	4.38818325971018	4.41883070068595	4.68629674590496
"NightPWake"	42	1428812	4.53692699230711	4.3791105719742	4.40973750675243	4.6739623898084
"NightPWake"	43	1428812	4.52658615896889	4.37377361138049	4.40084467922468	4.66194343162948
"NightPWake"	44	1428812	4.51648583206457	4.36616305547583	4.39214342122064	4.65022442774122
"NightPWake"	45	1428812	4.50661507803827	4.34065150956679	4.38362550778608	4.63879103196214
"NightPWake"	46	1428812	4.49696369236209	4.34042509750114	4.37528323710372	4.62762989452687
"NightPWake"	47	1428812	4.48752213612925	4.33429333502778	4.36710938681564	4.61672857237929
"NightPWake"	48	1428812	4.47828147939434	4.32604327976859	4.35909717482733	4.60607544930273
"NightPWake"	49	1428812	4.46923335041694	4.31989393445941	4.35124022405132	4.59565966462421
"NightPWake"	50	1428812	4.46036989008564	4.31909275490211	4.34353253062318	4.58547104941395
"NightPWake"	51	1428812	4.45168371090054	4.31342628794612	4.3359684351865	4.57550006925685
"NightPWake"	52	1428812	4.44316785997801	4.28772499687444	4.32854259689695	4.56573777280166
"NightPWake"	53	1428812	4.43481578561325	4.28348165473303	4.32124996984148	4.55617574540389
"NightPWake"	54	1428812	4.42662130699798	4.28192949803067	4.31408578160757	4.54680606727022
"NightPWake"	55	1428812	4.41857858674256	4.24104952217578	4.30704551377098	4.53762127559151
"NightPWake"	56	1428812	4.41068210589653	4.22962597522895	4.30012488409889	4.52861433021763
"NightPWake"	57	1428812	4.40292664119977	4.22809811850176	4.29331983029031	4.51977858248511
"NightPWake"	58	1428812	4.39530724432957	4.19645617068324	4.28662649509651	4.51110774685711
"NightPWake"	59	1428812	4.38781922293702	4.18738273265978	4.28004121268318	4.50259587507736
"NightPWake"	60	1428812	4.38045812329065	4.18119762992297	4.27356049611138	4.49423733257601
"NightPWake"	61	1428812	4.37321971436674	4.17269988350799	4.26718102582905	4.48602677689644
"NightPWake"	62	1428812	4.36609997324379	4.17206173460665	4.26089963907612	4.47795913793948
"NightPWake"	63	1428812	4.35909507167513	4.13727008872844	4.2547133201176	4.47002959984458
"NightPWake"	64	1428812	4.35220136372723	4.13727008872844	4.24861919122797	4.4622335843483
"NightPWake"	65	1428812	4.34541537438394	4.11786838310766	4.24261450435826	4.45456673547828
"NightPWake"	66	1428812	4.33873378902742	4.11760013326883	4.23669663342482	4.44702490545632
"NightPWake"	67	1428812	4.3321534437161	4.10778403452859	4.23086306716453	4.43960414169803
"NightPWake"	68	1428812	4.32567131618818	4.10094812375342	4.22511140250734	4.43230067480853
"NightPWake"	69	1428812	4.31928451752678	4.10025717431301	4.21943933842166	4.42511090748414
"NightPWake"	70	1428812	4.31299028442909	4.08478331419706	4.21384467019257	4.41803140423951
"NightPWake"	71	1428812	4.30678597202781	4.08478331419706	4.20832528409672	4.41105888188763
"NightPWake"	72	1428812	4.30066904721812	4.07967001541632	4.20287915244143	4.40419020070777
"NightPWake"	73	1428812	4.29463708244821	4.07849404129131	4.19750432893826	4.39742235624254
"NightPWake"	74	1428812	4.28868774993501	4.07501865527077	4.19219894438444	4.39075247167126
"NightPWake"	75	1428812	4.28281881627091	4.07415851581033	4.18696120262774	4.38417779071178
"NightPWake"	76	1428812	4.27702813739002	4.07308316213087	4.18178937679277	4.37769567100751
"NightPWake"	77	1428812	4.27131365386559	4.06689453267202	4.1766818057485	4.37130357796052
"NightPWake"	78	1428812	4.26567338651289	4.06479916597485	4.17163689079887	4.36499907897517
"NightPWake"	79	1428812	4.26010543227395	4.06398970752318	4.16665309257951	4.35877983807985
"NightPWake"	80	1428812	4.25460796036273	4.06398970752318	4.16172892814561	4.35264361089766
"NightPWake"	81	1428812	4.24917920865134	4.05991154583506	4.15686296823665	4.34658823993911
"NightPWake"	82	1428812	4.24381748027923	4.05991154583506	4.15205383470548	4.34061165019262
"NightPWake"	83	1428812	4.23852114046928	4.05991154583506	4.14730019809988	4.33471184499035
"NightPWake"	84	1428812	4.2332886135356	4.05991154583506	4.14260077538591	4.32888690212919
"NightPWake"	85	1428812	4.22811838006951	4.05885593508143	4.13795432780307	4.32313497022821
"NightPWake"	86	1428812	4.22300897429103	4.05653664757228	4.13335965884241	4.31745426530554
"NightPWake"	87	1428812	4.21795898155439	4.05291640370179	4.12881561233893	4.31184306755902
"NightPWake"	88	1428812	4.21296703599689	4.05012473308827	4.12432107067082	4.30629971833623
"NightPWake"	89	1428812	4.20803181832138	4.04914951377656	4.11987495305835	4.30082261728087
"NightPWake"	90	1428812	4.20315205370329	4.04448061351179	4.11547621395575	4.29541021964307
"NightPWake"	91	1428812	4.198326509814	4.03810120750054	4.11112384153022	4.29006103374277
"NightPWake"	92	1428812	4.19355399495276	4.03671095350182	4.10681685622233	4.28477361857569
"NightPWake"	93	1428812	4.18883335628017	4.0297442700773	4.10255430938257	4.27954658155235
"NightPWake"	94	1428812	4.18416347814669	4.0245507281484	4.09833528197952	4.27437857636159
"NightPWake"	95	1428812	4.17954328050994	4.02132610166113	4.09415888337479	4.26926830095024
"NightPWake"	96	1428812	4.17497171743546	4.01536783857333	4.090024250161	4.26421449561159
"NightPWake"	97	1428812	4.17044777567541	4.01208672215614	4.08593054505858	4.25921594117574
"NightPWake"	98	1428812	4.16597047332067	4.0071046595219	4.0818769558682	4.25427145729523
"NightPWake"	99	1428812	4.16153885852159	3.99936205588573	4.07786269447519	4.24937990082024
"NightPWake"	100	1428812	4.15715200827348	3.99383785625195	4.07388699590305	4.24454016425762
"NightPWake"	101	1428812	4.1528090272627	3.99049811371358	4.06994911741315	4.23975117430869
"NightPWake"	102	1428812	4.14850904676997	3.98800688534074	4.06604833764784	4.23501189048108
"NightPWake"	103	1428812	4.14425122362743	3.98413749190269	4.06218395581459	4.23032130377011
"NightPWake"	104	1428812	4.14003473922627	3.97435830096065	4.05835529090881	4.22567843540554
"NightPWake"	105	1428812	4.13585879857213	3.97018214483547	4.05456168097304	4.22108233566002
"NightPWake"	106	1428812	4.13172262938549	3.96186884354669	4.05080248239066	4.21653208271537
"NightPWake"	107	1428812	4.12762548124445	3.95949259801766	4.04707706921207	4.21202678158366
"NightPWake"	108	1428812	4.12356662476758	3.9551154494844	4.04338483251164	4.20756556307965
"NightPWake"	109	1428812	4.11954535083466	3.95324347918979	4.03972517977368	4.20314758284195
"NightPWake"	110	1428812	4.11556096984307	3.95063852873895	4.036097534306	4.19877202039996
"NightPWake"	111	1428812	4.11161281099807	3.9452720679178	4.0325013346794	4.19443807828424
"NightPWake"	112	1428812	4.10770022163502	3.9441249608539	4.02893603419188	4.19014498117765
"NightPWake"	113	1428812	4.10382256657182	3.94322469440714	4.02540110035623	4.18589197510536
"NightPWake"	114	1428812	4.09997922749006	3.94175623524291	4.02189601440968	4.18167832666133
"NightPWake"	115	1428812	4.0961696023433	3.93874360087393	4.01842027084471	4.17750332226952
"NightPWake"	116	1428812	4.09239310479104	3.93760982451695	4.01497337695961	4.17336626747782
"NightPWake"	117	1428812	4.08864916365717	3.93648650438317	4.01155485242814	4.16926648628315
"NightPWake"	118	1428812	4.08493722241145	3.93380456897815	4.00816422888705	4.16520332048586
"NightPWake"	119	1428812	4.08125673867308	3.92965915699286	4.00480104954074	4.16117612907223
"NightPWake"	120	1428812	4.07760718373505	3.92221072463728	4.00146486878211	4.15718428762328
"NightPWake"	121	1428812	4.07398804210832	3.91434201492646	3.99815525182892	4.15322718774886
"NightPWake"	122	1428812	4.07039881108487	3.91188872883607	3.99487177437477	4.14930423654552
"NightPWake"	123	1428812	4.06683900031865	3.90593085835141	3.99161402225412	4.14541485607707
"NightPWake"	124	1428812	4.06330813142352	3.90422758999094	3.98838159112058	4.14155848287673
"NightPWake"	125	1428812	4.05980573758745	3.8990852045543	3.98517408613794	4.13773456746967
"NightPWake"	126	1428812	4.05633136320215	3.89872045649124	3.98199112168324	4.13394257391515
"NightPWake"	127	1428812	4.05288456350737	3.8980639940817	3.97883232106137	4.13018197936711
"NightPWake"	128	1428812	4.04946490424923	3.89438082950671	3.9756973162307	4.12645227365244
"NightPWake"	129	1428812	4.04607196135189	3.89228477844717	3.97258574753914	4.12275295886603
"NightPWake"	130	1428812	4.04270532060193	3.89228477844717	3.96949726347027	4.11908354898188
"NightPWake"	131	1428812	4.0393645773449	3.89033709950073	3.96643152039895	4.11544356947941
"NightPWake"	132	1428812	4.03604933619343	3.89021565910047	3.96338818235613	4.11183255698433
"NightPWake"	133	1428812	4.03275921074638	3.8805923321851	3.96036692080234	4.1082500589234
"NightPWake"	134	1428812	4.02949382331861	3.87727964992789	3.95736741440952	4.10469563319243
"NightPWake"	135	1428812	4.02625280468078	3.87727964992789	3.95438934885079	4.10116884783686
"NightPWake"	136	1428812	4.02303579380878	3.87727964992789	3.95143241659793	4.09766928074446
"NightPWake"	137	1428812	4.01984243764243	3.87727964992789	3.94849631672603	4.09419651934951
"NightPWake"	138	1428812	4.01667239085292	3.87727964992789	3.9455807547252	4.090750160348
"NightPWake"	139	1428812	4.01352531561874	3.87727964992789	3.94268544231895	4.08732980942336
"NightPWake"	140	1428812	4.01040088140959	3.8768509820852	3.93981009728896	4.08393508098222
"NightPWake"	141	1428812	4.00729876477811	3.87272022269558	3.93695444330592	4.08056559789981
"NightPWake"	142	1428812	4.00421864915889	3.87040999413035	3.93411820976637	4.07722099127455
"NightPWake"	143	1428812	4.00116022467468	3.86852569680295	3.93130113163504	4.07390090019143
"NightPWake"	144	1428812	3.99812318794919	3.86733694987208	3.92850294929268	4.07060497149389
"NightPWake"	145	1428812	3.99510724192664	3.86520473396257	3.92572340838899	4.06733285956366
"NightPWake"	146	1428812	3.99211209569728	3.86197217876705	3.92296225970061	4.06408422610846
"NightPWake"	147	1428812	3.98913746432908	3.85930344745359	3.92021925899376	4.06085873995697
"NightPWake"	148	1428812	3.98618306870502	3.85691959186638	3.91749416689157	4.05765607686106
"NightPWake"	149	1428812	3.98324863536597	3.85539777429535	3.91478674874572	4.05447591930468
"NightPWake"	150	1428812	3.98033389635876	3.85356496461452	3.91209677451234	4.05131795631937
"NightPWake"	151	1428812	3.97743858908934	3.85261433300953	3.90942401863197	4.04818188330603
"NightPWake"	152	1428812	3.97456245618088	3.85200850162924	3.90676825991338	4.04506740186267
"NightPWake"	153	1428812	3.9717052453364	3.84999309599313	3.90412928142114	4.04197421961792
"NightPWake"	154	1428812	3.968866709206	3.84784930596189	3.90150687036686	4.03890205007015
"NightPWake"	155	1428812	3.96604660525835	3.84295444979738	3.8989008180038	4.03585061243184
"NightPWake"	156	1428812	3.96324469565635	3.84284858443908	3.89631091952483	4.03281963147908
"NightPWake"	157	1428812	3.96046074713674	3.83850322608042	3.89373697396368	4.02980883740602
"NightPWake"	158	1428812	3.95769453089358	3.83823382747665	3.89117878409914	4.02681796568397
"NightPWake"	159	1428812	3.95494582246543	3.8305518811577	3.88863615636238	4.02384675692511
"NightPWake"	160	1428812	3.952214401626	3.82663888310577	3.88610890074696	4.02089495675052
"NightPWake"	161	1428812	3.94950005227831	3.82495810503657	3.88359683072177	4.01796231566241
"NightPWake"	162	1428812	3.94680256235208	3.82297456559483	3.88109976314648	4.01504858892043
"NightPWake"	163	1428812	3.94412172370431	3.82249524368404	3.87861751818965	4.0121535364218
"NightPWake"	164	1428812	3.9414573320229	3.82037066317227	3.87614991924922	4.00927692258526
"NightPWake"	165	1428812	3.93880918673321	3.81729154203091	3.87369679287547	4.00641851623854
"NightPWake"	166	1428812	3.93617709090747	3.81699793512504	3.87125796869617	4.00357809050937
"NightPWake"	167	1428812	3.93356085117687	3.81571182703972	3.86883327934404	4.0007554227198
"NightPWake"	168	1428812	3.93096027764634	3.8153085691824	3.86642256038623	3.99795029428373
"NightPWake"	169	1428812	3.92837518381185	3.81497942492132	3.86402565025599	3.99516249060756
"NightPWake"	170	1428812	3.9258053864801	3.81469304543063	3.86164239018618	3.99239180099382
"NightPWake"	171	1428812	3.92325070569069	3.81066130877037	3.85927262414486	3.98963801854774
"NightPWake"	172	1428812	3.92071096464041	3.81018135243333	3.85691619877256	3.98690094008647
"NightPWake"	173	1428812	3.91818598960991	3.80989811841569	3.85457296332144	3.98418036605113
"NightPWake"	174	1428812	3.91567560989231	3.80579935142271	3.85224276959622	3.98147610042137
"NightPWake"	175	1428812	3.91317965772401	3.80288767739762	3.8499254718966	3.97878795063242
"NightPWake"	176	1428812	3.91069796821736	3.80017902553681	3.8476209269615	3.9761157274946
"NightPWake"	177	1428812	3.90823037929536	3.79896357178552	3.84532899391472	3.97345924511508
"NightPWake"	178	1428812	3.90577673162809	3.79789056166566	3.84304953421214	3.97081832082201
"NightPWake"	179	1428812	3.90333686857099	3.7912147840962	3.84078241159043	3.96819277509068
"NightPWake"	180	1428812	3.90091063610487	3.78726920124001	3.83852749201703	3.96558243147186
"NightPWake"	181	1428812	3.89849788277753	3.7872133227235	3.8362846436417	3.96298711652216
"NightPWake"	182	1428812	3.89609845964707	3.7872133227235	3.83405373674916	3.96040665973633
"NightPWake"	183	1428812	3.89371222022671	3.78601765040597	3.83183464371318	3.95784089348142
"NightPWake"	184	1428812	3.8913390204311	3.78600438363192	3.82962723895183	3.95528965293287
"NightPWake"	185	1428812	3.88897871852412	3.78600438363192	3.8274313988839	3.95275277601224
"NightPWake"	186	1428812	3.88663117506814	3.77754106120463	3.82524700188653	3.95023010332672
"NightPWake"	187	1428812	3.8842962528745	3.77092510955481	3.82307392825393	3.94772147811033
"NightPWake"	188	1428812	3.88197381695547	3.76983985270407	3.82091206015721	3.94522674616662
"NightPWake"	189	1428812	3.87966373447739	3.76609054651222	3.8187612816052	3.942745755813
"NightPWake"	190	1428812	3.87736587471511	3.7646331811114	3.81662147840634	3.94027835782653
"NightPWake"	191	1428812	3.87508010900757	3.7620769225584	3.81449253813156	3.93782440539119
"NightPWake"	192	1428812	3.87280631071456	3.76000270622541	3.81237435007809	3.9353837540465
"NightPWake"	193	1428812	3.87054435517468	3.75794083667787	3.81026680523419	3.93295626163757
"NightPWake"	194	1428812	3.86829411966427	3.75360729754433	3.80816979624479	3.9305417882664
"NightPWake"	195	1428812	3.86605548335748	3.75329958319014	3.806083217378	3.92814019624451
"NightPWake"	196	1428812	3.86382832728732	3.75329958319014	3.80400696449249	3.92575135004676
"NightPWake"	197	1428812	3.86161253430776	3.75325775087509	3.80194093500562	3.9233751162664
"NightPWake"	198	1428812	3.85940798905673	3.75225252730906	3.79988502786243	3.92101136357128
"NightPWake"	199	1428812	3.85721457792007	3.75214943302647	3.79783914350536	3.91865996266112
"NightPWake"	200	1428812	3.85503218899644	3.75022948496934	3.79580318384476	3.91632078622599
"NightPWake"	201	1428812	3.852860712063	3.74867575289569	3.79377705223005	3.91399370890573
"NightPWake"	203	1428812	3.84855006146852	3.74522963648016	3.78975389356372	3.90937535968206
"NightPWake"	205	1428812	3.84428177667584	3.74255183027273	3.78576892203334	3.90480394962786
"NightPWake"	206	1428812	3.84216326280712	3.74110901402279	3.78379052932957	3.90253555301134
"NightPWake"	208	1428812	3.83795698797109	3.73324163489729	3.77986148710751	3.89803280427879
"NightPWake"	210	1428812	3.83379106171689	3.73020228934156	3.77596885976213	3.8935747047193
"NightPWake"	212	1428812	3.82966471730814	3.72395430675415	3.7721119729179	3.88916038484128
"NightPWake"	214	1428812	3.82557720965816	3.72227850243052	3.76829017083749	3.88478900020332
"NightPWake"	216	1428812	3.82152781452245	3.71717856972437	3.7645028157394	3.88045973046349
"NightPWake"	218	1428812	3.81751582772855	3.71639125493763	3.76074928714675	3.87617177847321
"NightPWake"	220	1428812	3.81354056444106	3.71563469726587	3.75702898126522	3.87192436941333
"NightPWake"	222	1428812	3.80960135846012	3.71405807194388	3.75334131038885	3.86771674996989
"NightPWake"	224	1428812	3.80569756155125	3.71177537470919	3.74968570233208	3.86354818754759
"NightPWake"	226	1428812	3.80182854280522	3.70500940987933	3.74606159988666	3.85941796951873
"NightPWake"	228	1428812	3.79799368802607	3.70228106063938	3.74246846030215	3.85532540250595
"NightPWake"	230	1428812	3.79419239914592	3.69921545006324	3.73890575478882	3.85126981169669
"NightPWake"	232	1428812	3.79042409366523	3.6965771315643	3.73537296804174	3.84725054018798
"NightPWake"	234	1428812	3.78668820411707	3.68974651400121	3.73186959778502	3.84326694835973
"NightPWake"	236	1428812	3.78298417755429	3.68662849546064	3.72839515433516	3.83931841327517
"NightPWake"	238	1428812	3.77931147505832	3.67843263605936	3.72494916018262	3.83540432810713
"NightPWake"	240	1428812	3.77566957126862	3.67528757966541	3.72153114959061	3.83152410158853
"NightPWake"	242	1428812	3.77205795393167	3.67068959859475	3.7181406682103	3.82767715748626
"NightPWake"	244	1428812	3.76847612346855	3.66591434873836	3.71477727271167	3.82386293409697
"NightPWake"	247	1428812	3.76315816540596	3.65958761559622	3.70978202186823	3.81820175607684
"NightPWake"	249	1428812	3.75964869594985	3.65518150158749	3.7064844706572	3.81446696806219
"NightPWake"	251	1428812	3.75616735881594	3.64780011045679	3.70321253545674	3.8107630424203
"NightPWake"	253	1428812	3.75271370656452	3.64427653232091	3.69996581833542	3.80708947712988
"NightPWake"	255	1428812	3.74928730234643	3.64312742488439	3.69674393059773	3.80344578227407
"NightPWake"	258	1428812	3.74419785564199	3.63721792018477	3.69195682577591	3.79803520411118
"NightPWake"	260	1428812	3.74083772683473	3.63628274935667	3.68879536902906	3.79446411795651
"NightPWake"	262	1428812	3.73750339581591	3.63415648846626	3.68565744995662	3.79092127742432
"NightPWake"	265	1428812	3.732549412648	3.63048543588707	3.68099393990902	3.78565901745537
"NightPWake"	267	1428812	3.72927787565661	3.62719106218636	3.67791334858657	3.78218488812688
"NightPWake"	269	1428812	3.72603079898363	3.62612845731841	3.67485510181371	3.7787375082127
"NightPWake"	272	1428812	3.72120525509434	3.61746607626923	3.67030892044996	3.77361570840406
"NightPWake"	274	1428812	3.71801775834975	3.60932978737382	3.66730513204841	3.77023344673561
"NightPWake"	277	1428812	3.71327995337849	3.60717646922565	3.66283918068989	3.76520750288535
"NightPWake"	279	1428812	3.71014988950946	3.60622655803619	3.65988793144661	3.76188796226782
"NightPWake"	282	1428812	3.70549668983184	3.60003050532905	3.65549940756259	3.75695437740208
"NightPWake"	284	1428812	3.70242202579028	3.59312613712776	3.65259887831272	3.75369529016538
"NightPWake"	287	1428812	3.6978504627158	3.59025280125856	3.64828512420082	3.74885075459117
"NightPWake"	289	1428812	3.69482927152745	3.58679414758133	3.64543358897773	3.74564997344336
"NightPWake"	292	1428812	3.69033652992417	3.57997159995544	3.64119208193268	3.74089135163789
"NightPWake"	294	1428812	3.68736698343557	3.57913203588602	3.63838790169533	3.73774684131079
"NightPWake"	297	1428812	3.68295039131892	3.57160762258775	3.63421624499919	3.7330711599367
"NightPWake"	300	1428812	3.67857826229387	3.56750372261015	3.63008539738197	3.7284438789525
"NightPWake"	302	1428812	3.67568777254303	3.56441201983915	3.62735377653192	3.72538542647546
"NightPWake"	305	1428812	3.67138779205031	3.56336831376022	3.62328918618043	3.72083663888435
"NightPWake"	308	1428812	3.66712996890777	3.56019378860667	3.61926333271786	3.71633369066184
"NightPWake"	311	1428812	3.6629134845066	3.55983268400947	3.61527547973169	3.7118756734283
"NightPWake"	313	1428812	3.66012506733911	3.55804263909754	3.6126376682619	3.70892818711064
"NightPWake"	316	1428812	3.65597572543905	3.55300796291072	3.60871156926626	3.70454310814131
"NightPWake"	319	1428812	3.65186565234784	3.55049228885279	3.60482160691389	3.70020066530948
"NightPWake"	322	1428812	3.64779411175896	3.5466235540152	3.60096711759489	3.69590004303465
"NightPWake"	325	1428812	3.64376038788282	3.5456674523821	3.59714745587343	3.69164044883904
"NightPWake"	328	1428812	3.6397637846914	3.54023972408187	3.59336199382873	3.687421112485
"NightPWake"	330	1428812	3.63711967008918	3.53865306754535	3.59085704986374	3.68463021640457
"NightPWake"	333	1428812	3.63318343938008	3.53582056068998	3.5871272374902	3.6804763226278
"NightPWake"	336	1428812	3.62928256451419	3.53524971570213	3.58343003126929	3.67636073531598
"NightPWake"	339	1428812	3.62541641599804	3.52705642031848	3.57976486232634	3.67228275901887
"NightPWake"	342	1428812	3.62158438100165	3.52357562291263	3.57613117659376	3.6682417169936
"NightPWake"	345	1428812	3.61778586277556	3.52179725207408	3.57252843430058	3.66423695054097
"NightPWake"	349	1428812	3.61277230658518	3.52018436131027	3.5677720050069	3.65895258463482
"NightPWake"	352	1428812	3.60904975966336	3.51652824501039	3.56423944165234	3.655029996236
"NightPWake"	355	1428812	3.60535884950012	3.51248690662469	3.56073611963286	3.65114161011817
"NightPWake"	358	1428812	3.6016990428821	3.50987992001218	3.5572615557412	3.64728683878304
"NightPWake"	361	1428812	3.59806981996376	3.50299290503972	3.55381527868709	3.64346510969317
"NightPWake"	364	1428812	3.59447067382415	3.50113831100712	3.55039682870785	3.63967586476933
"NightPWake"	368	1428812	3.58971774559899	3.49120238041312	3.54588140815149	3.63467313065945
"NightPWake"	371	1428812	3.58618687670386	3.48844281641253	3.54252616203272	3.63095758946132
"NightPWake"	374	1428812	3.58268448286779	3.48259558516059	3.53919728901504	3.6272727705458
"NightPWake"	378	1428812	3.578058133054	3.47864220840725	3.53479910243355	3.62240660513881
"NightPWake"	381	1428812	3.57462042791261	3.4746454634918	3.53153017360725	3.61879154506909
"NightPWake"	384	1428812	3.5712097207342	3.47402796007423	3.52828627528463	3.61520558453982
"NightPWake"	388	1428812	3.56670338217687	3.47156540280449	3.5239993535649	3.61046877306633
"NightPWake"	391	1428812	3.56335405080588	3.46653935267579	3.52081238630986	3.60694893405579
"NightPWake"	395	1428812	3.55892808147376	3.46251840101798	3.51660003893293	3.6022986772658
"NightPWake"	398	1428812	3.55563795602671	3.45973435992498	3.51346802712162	3.5988425798225
"NightPWake"	402	1428812	3.5512895394045	3.45693447084231	3.50932768864188	3.59427578979389
"NightPWake"	405	1428812	3.54805656307091	3.45328710671104	3.50624875803107	3.59088117981974
"NightPWake"	409	1428812	3.54378302815077	3.44731961894665	3.50217799352765	3.58639493050843
"NightPWake"	413	1428812	3.53955113613326	3.44286469410831	3.49814593956466	3.58195344918469
"NightPWake"	416	1428812	3.53640406089907	3.43942629437693	3.4951468607768	3.57865118719365
"NightPWake"	420	1428812	3.53224312385448	3.43671356011695	3.49118079746803	3.57428594920155
"NightPWake"	424	1428812	3.52812167435248	3.43319260169827	3.48725147662096	3.56996312179782
"NightPWake"	427	1428812	3.52505605351566	3.42971981770315	3.48432818936527	3.56674834422409
"NightPWake"	431	1428812	3.52100193322953	3.4238222610238	3.48046154647768	3.56249779683024
"NightPWake"	435	1428812	3.51698530823452	3.42220498925262	3.47662982474066	3.5582874835443
"NightPWake"	439	1428812	3.51300549131714	3.41985882911966	3.47283239540658	3.55411665418326
"NightPWake"	443	1428812	3.50906181398536	3.41765364207012	3.46906864660529	3.54998457929227
"NightPWake"	447	1428812	3.50515362579464	3.41571062373151	3.46533798274431	3.54589054938924
"NightPWake"	451	1428812	3.50128029370412	3.4116229544981	3.46163982393559	3.54183387424362
"NightPWake"	455	1428812	3.49744120146122	3.40958620851974	3.45797360544719	3.53781388218729
"NightPWake"	459	1428812	3.49363574901316	3.40243205028651	3.45433877717874	3.53382991945601
"NightPWake"	463	1428812	3.48986335194415	3.39826041901828	3.45073480315949	3.52988134955986
"NightPWake"	467	1428812	3.48612344093669	3.39348965568281	3.44716116106763	3.52596755268093
"NightPWake"	471	1428812	3.48241546125593	3.3919395313935	3.44361734177001	3.52208792509716
"NightPWake"	476	1428812	3.47782456774577	3.3912771878947	3.43922875091929	3.51728554657359
"NightPWake"	480	1428812	3.47418647751252	3.38762308773536	3.43575023673604	3.51348067220612
"NightPWake"	484	1428812	3.47057861060018	3.38252471239473	3.43229997654037	3.50970810968938
"NightPWake"	488	1428812	3.46700046898465	3.37544668376773	3.42887751254529	3.50596731782974
"NightPWake"	493	1428812	3.46256885418557	3.36995268073739	3.42463784143287	3.50133520274762
"NightPWake"	497	1428812	3.4590558361878	3.36513798038268	3.42127630185465	3.49766398506726
"NightPWake"	502	1428812	3.45470415166277	3.36433935442865	3.41711142985985	3.49311723712564
"NightPWake"	506	1428812	3.45125392909218	3.36325441179509	3.41380867222573	3.48951306636491
"NightPWake"	511	1428812	3.44697934259627	3.36062608329352	3.4097159920458	3.48504861228094
"NightPWake"	515	1428812	3.44358970992075	3.35094859631348	3.4064699852333	3.4815090960759
"NightPWake"	520	1428812	3.43938953712601	3.34471170180254	3.40244702390419	3.47712402517236
"NightPWake"	524	1428812	3.43605840300434	3.34261615867516	3.39925584054417	3.47364689663724
"NightPWake"	529	1428812	3.43193009737576	3.3418006088444	3.39530025035296	3.46933844958798
"NightPWake"	534	1428812	3.42784066525872	3.33843244304215	3.39138111748469	3.46507143135999
"NightPWake"	538	1428812	3.42459662043156	3.33685713872237	3.38827161002426	3.46168711723593
"NightPWake"	543	1428812	3.42057534649864	3.33489201900158	3.3844164258514	3.4574927074342
"NightPWake"	548	1428812	3.41659096550705	3.33218855192844	3.38059587046761	3.45333758335675
"NightPWake"	553	1428812	3.41264280666206	3.33184154169182	3.37680932413101	3.44922101966551
"NightPWake"	558	1428812	3.40873021729901	3.32826081408754	3.37305618363137	3.44514231087609
"NightPWake"	563	1428812	3.4048525622358	3.32525272728731	3.36933586170633	3.44110077064092
"NightPWake"	568	1428812	3.40100922315404	3.32143063759829	3.36564778648332	3.43709573106438
"NightPWake"	573	1428812	3.39719959800728	3.31803644428097	3.36199140094558	3.43312654204827
"NightPWake"	578	1428812	3.39342310045502	3.31593958981075	3.35836616242126	3.42919257066603
"NightPWake"	583	1428812	3.38967915932115	3.31300107651735	3.35477154209429	3.42529320056416
"NightPWake"	588	1428812	3.38596721807543	3.30967276511771	3.35120702453591	3.42142783138951
"NightPWake"	594	1428812	3.38155436572859	3.30673924467719	3.34696863249946	3.41683344711982
"NightPWake"	599	1428812	3.37791093427677	3.30326104142245	3.34346858984902	3.4130408421152
"NightPWake"	604	1428812	3.37429781458584	3.3001224006216	3.33999708544866	3.40928041819149
"NightPWake"	610	1428812	3.3700013790648	3.29778063025702	3.33586829829551	3.4048096307217
"NightPWake"	615	1428812	3.36645320179673	3.29398670415993	3.33245796095875	3.40111812715885
"NightPWake"	621	1428812	3.36223330318446	3.29018242692696	3.328401280811	3.39672854310594
"NightPWake"	626	1428812	3.35874777498977	3.28743699759138	3.32504998222899	3.39310349088283
"NightPWake"	632	1428812	3.35460173412785	3.28317811498382	3.32106292190114	3.38879222680639
"NightPWake"	637	1428812	3.35117668102953	3.27812758256997	3.31776864320338	3.38523128693957
"NightPWake"	643	1428812	3.34710195701587	3.27539975983797	3.31384884230959	3.38099560995138
"NightPWake"	649	1428812	3.34306510859911	3.27355236125249	3.30996477614229	3.37680006096054
"NightPWake"	655	1428812	3.33906543813243	3.26982195910809	3.30611579597879	3.37264389033015
"NightPWake"	660	1428812	3.33576028913682	3.26780573975361	3.30293465844298	3.36920996904393
"NightPWake"	666	1428812	3.33182702920851	3.26343140777179	3.29914837554197	3.3651241134816
"NightPWake"	672	1428812	3.32792907201447	3.26076477989611	3.29539543382417	3.36107562257002
"NightPWake"	678	1428812	3.32406578947276	3.25641106605722	3.29167524851249	3.35706382225694
"NightPWake"	684	1428812	3.32023657011536	3.25332299636817	3.28798725011609	3.35308805652528
"NightPWake"	690	1428812	3.31644081850734	3.251081267163	3.28433088390145	3.34914768675629
"NightPWake"	697	1428812	3.31205396825922	3.24802535007908	3.28010438259003	3.34459449657685
"NightPWake"	703	1428812	3.30832876044209	3.24611908814822	3.27651471695392	3.34072870643031
"NightPWake"	709	1428812	3.30463523443573	3.24271711510101	3.2729550185799	3.3368963979757
"NightPWake"	715	1428812	3.30097285589221	3.23687986558291	3.26942478901234	3.3330969988239
"NightPWake"	722	1428812	3.29673875358969	3.23226620170119	3.26534278531513	3.32870521671223
"NightPWake"	728	1428812	3.29314209136126	3.23036719484701	3.26187475318424	3.3249752259499
"NightPWake"	735	1428812	3.28898328889293	3.22713503149572	3.25786403495153	3.32066295471801
"NightPWake"	741	1428812	3.28545002616198	3.22319424932782	3.25445603707926	3.31699989281333
"NightPWake"	748	1428812	3.28136389202274	3.2186906342446	3.25051414655964	3.31276431698663
"NightPWake"	755	1428812	3.2773158449076	3.21723149707299	3.24660834334698	3.30856892431752
"NightPWake"	761	1428812	3.27387587063019	3.21494649264863	3.24328873559119	3.30500428539653
"NightPWake"	768	1428812	3.26989670486998	3.21037064393774	3.2394482204849	3.30088153941176
"NightPWake"	775	1428812	3.26595366692398	3.20510085785081	3.2356419606249	3.29679688288493
"NightPWake"	782	1428812	3.262046106664	3.20065669312989	3.23186934771088	3.29274962146725
"NightPWake"	789	1428812	3.25817339135428	3.19841862921596	3.22812978953763	3.28873907958461
"NightPWake"	796	1428812	3.2543349050366	3.1943109203945	3.22442270943146	3.28476459976764
"NightPWake"	803	1428812	3.25053004794229	3.19172149041723	3.22074754571104	3.28082554201139
"NightPWake"	810	1428812	3.24675823592981	3.18959877187611	3.21710375117154	3.27692128316298
"NightPWake"	817	1428812	3.24301889994652	3.18644703133452	3.21349079259067	3.2730512163359
"NightPWake"	825	1428812	3.23878442903867	3.1838210307119	3.20939878930121	3.26866939293357
"NightPWake"	832	1428812	3.23511283546367	3.18131101791928	3.20585017445048	3.2648706234484
"NightPWake"	839	1428812	3.2314720220771	3.17986096251269	3.20233080558506	3.26110423840979
"NightPWake"	847	1428812	3.22734812657425	3.17381890538955	3.19834386579666	3.25683875402443
"NightPWake"	854	1428812	3.22377156356845	3.16883436609056	3.19488556523391	3.25313994577853
"NightPWake"	862	1428812	3.21971980723516	3.1667438498581	3.19096720726671	3.24895031853858
"NightPWake"	870	1428812	3.21570550268047	3.15776281556111	3.18708446637927	3.24480006005073
"NightPWake"	877	1428812	3.21222316858939	3.15638605747778	3.18371577830495	3.24120030418063
"NightPWake"	885	1428812	3.20827725177346	3.1540682948176	3.17989809652184	3.23712191033163
"NightPWake"	893	1428812	3.20436686423497	3.15009803195405	3.17611422576879	3.23308084003086
"NightPWake"	901	1428812	3.20049137186365	3.14332487123232	3.17236357001431	3.22907641906367
"NightPWake"	909	1428812	3.19665015737515	3.14128298640619	3.16864554888111	3.2251079912845
"NightPWake"	917	1428812	3.19284261972097	3.13813476724695	3.1649595971019	3.22117491797759
"NightPWake"	925	1428812	3.18906817352401	3.13484329703346	3.16130516399879	3.21727657724592
"NightPWake"	934	1428812	3.18486076673411	3.12826773562817	3.15723093384463	3.21293170669631
"NightPWake"	942	1428812	3.18115476466652	3.12520460619562	3.15364171322484	3.20910518119228
"NightPWake"	950	1428812	3.17748011994617	3.12129900882981	3.15008237908038	3.20531154694508
"NightPWake"	959	1428812	3.17338297180512	3.11747432366003	3.14611323532127	3.2010823289873
"NightPWake"	967	1428812	3.16977323065463	3.11319015745401	3.14261577982765	3.19735675200443
"NightPWake"	976	1428812	3.16574781528867	3.10913485301086	3.13871504011377	3.19320273662146
"NightPWake"	985	1428812	3.16175936854507	3.10727668240396	3.13484956477727	3.18908746583631
"NightPWake"	994	1428812	3.15780721757337	3.10378749167441	3.13101871948967	3.18501022632766
"NightPWake"	1002	1428812	3.15432413538961	3.10126439985472	3.12764209638668	3.18141737958894
"NightPWake"	1011	1428812	3.15043877116788	3.09585704068195	3.12387499234925	3.17741009906754
"NightPWake"	1020	1428812	3.14658785890505	3.09219322431443	3.12014077921231	3.17343889609717
"NightPWake"	1030	1428812	3.14234873806515	3.08975616963197	3.11602953461792	3.16906798199526
"NightPWake"	1039	1428812	3.13856858814809	3.08787416869394	3.11236289893504	3.1651708570097
"NightPWake"	1048	1428812	3.13482105738087	3.08165297452103	3.10872742403876	3.16130786899166
"NightPWake"	1057	1428812	3.13110558763087	3.0771168340589	3.10512258279457	3.15747842729135
"NightPWake"	1067	1428812	3.12701422923376	3.07333555388112	3.10115250744852	3.15326213707026
"NightPWake"	1076	1428812	3.12336467429572	3.06926995325549	3.09761066541073	3.14950164333535
"NightPWake"	1086	1428812	3.11934526122877	3.06598004117751	3.09370936689622	3.14536059410845
"NightPWake"	1096	1428812	3.11536270712248	3.06369943582878	3.08984331476069	3.14125808069985
"NightPWake"	1105	1428812	3.11180936881175	3.06007808853178	3.08639347957856	3.13759818117547
"NightPWake"	1115	1428812	3.10789501620295	3.05733578965108	3.08259266438626	3.13356695119039
"NightPWake"	1125	1428812	3.10401562924755	3.05426560165052	3.07882530473368	3.1295722563612
"NightPWake"	1135	1428812	3.10017058879825	3.04912957457736	3.07509081469318	3.12561344275083
"NightPWake"	1145	1428812	3.09635929200864	3.04332214889357	3.07138862362335	3.12168987379274
"NightPWake"	1155	1428812	3.09258115176601	3.03809646635651	3.06771817564121	3.11780092968173
"NightPWake"	1166	1428812	3.08846281116261	3.03440417799454	3.06371670010555	3.11356236289873
"NightPWake"	1176	1428812	3.08475245555825	3.02904906565458	3.06011116602322	3.10974418478991
"NightPWake"	1187	1428812	3.08070734646585	3.02715221802462	3.05617983424803	3.10558205571215
"NightPWake"	1197	1428812	3.07706238606975	3.02291321708537	3.05263695008866	3.10183212292599
"NightPWake"	1208	1428812	3.07308794959565	3.02063148047851	3.04877333694713	3.0977437327426
"NightPWake"	1219	1428812	3.06914955549846	3.01520634105719	3.04494426953862	3.09369293808601
"NightPWake"	1230	1428812	3.06524655594447	3.01055641201195	3.04114913345306	3.0896790561826
"NightPWake"	1241	1428812	3.06137832041098	3.00621471059796	3.03738733055507	3.08570142265984
"NightPWake"	1252	1428812	3.05754423507496	3.00273771747006	3.03365827841362	3.0817593908916
"NightPWake"	1263	1428812	3.05374370222851	2.99929701220581	3.02996140975639	3.07785233137241
"NightPWake"	1274	1428812	3.04997613971957	2.99576893445884	3.02629617194778	3.07397963111891
"NightPWake"	1285	1428812	3.04624098041684	2.99404771311262	3.02266202648908	3.07014069309731
"NightPWake"	1297	1428812	3.04220256791383	2.99084241574376	3.01873234850472	3.06599058334517
"NightPWake"	1308	1428812	3.03853339147989	2.98766060176315	3.01516153384996	3.06222037705941
"NightPWake"	1320	1428812	3.03456569446314	2.9836185914945	3.01129974141326	3.05814391556188
"NightPWake"	1332	1428812	3.03063391824424	2.98093773997848	3.00747244169815	3.05410485447682
"NightPWake"	1344	1428812	3.02673741825002	2.97280945876779	3.00367902197587	3.05010251600588
"NightPWake"	1356	1428812	3.0228755671027	2.96815947623012	2.99991888572727	3.04613624058087
"NightPWake"	1368	1428812	3.01904775401374	2.96458627296707	2.99619145207543	3.04220538621649
"NightPWake"	1380	1428812	3.015253384204	2.96077629822553	2.99249615524296	3.03830932789149
"NightPWake"	1392	1428812	3.01149187834914	2.95553863918934	2.98883244403262	3.0344474569568
"NightPWake"	1405	1428812	3.00745334548161	2.95193127498803	2.98489844442763	3.03030165574502
"NightPWake"	1417	1428812	3.00375851016275	2.94782952709703	2.98129882726043	3.02650912213358
"NightPWake"	1430	1428812	2.9997909293252	2.9434343355466	2.97743304969201	3.02243709818722
"NightPWake"	1443	1428812	2.99585926719144	2.93959682454047	2.9736018178859	3.01840241345815
"NightPWake"	1455	1428812	2.99226136343613	2.93569928380043	2.97009542695642	3.01471064513531
"NightPWake"	1468	1428812	2.98839697909955	2.93233411802575	2.9663289179124	3.01074588118018
"NightPWake"	1482	1428812	2.98427343320313	2.92792665084187	2.96230933871248	3.00651572076318
"NightPWake"	1495	1428812	2.9804791696439	2.92368366893397	2.95861031060374	3.00262380747077
"NightPWake"	1508	1428812	2.97671776820701	2.91972715252929	2.95494291565299	2.99876602689676
"NightPWake"	1522	1428812	2.97270313232502	2.91607117811963	2.95102817319631	2.99464898776157
"NightPWake"	1535	1428812	2.96900819625136	2.91298921569566	2.94742477408118	2.99086022517435
"NightPWake"	1549	1428812	2.9650638793264	2.90867076291402	2.94357774924117	2.98681619347411
"NightPWake"	1563	1428812	2.96115506300309	2.90557080044413	2.93976492032107	2.98280901046419
"NightPWake"	1577	1428812	2.95728111393528	2.90241648445891	2.93598568290736	2.97883801270954
"NightPWake"	1591	1428812	2.95344141557582	2.89950194268426	2.93223944849476	2.97490255450566
"NightPWake"	1605	1428812	2.94963536758768	2.89480330161782	2.92852564393227	2.9710020072529
"NightPWake"	1619	1428812	2.94586238528061	2.88975719047133	2.92484371089312	2.96713575885819
"NightPWake"	1634	1428812	2.94185595020775	2.88701314809	2.92093353249579	2.96303073410561
"NightPWake"	1648	1428812	2.93814966575316	2.88308026045163	2.91731590418308	2.95923365436086
"NightPWake"	1663	1428812	2.93421343504406	2.88082992206031	2.91347342218059	2.95520142297371
"NightPWake"	1678	1428812	2.93031256017817	2.87659594556648	2.90966504125488	2.95120584246322
"NightPWake"	1693	1428812	2.92644641166202	2.87140043329769	2.9058901596854	2.94724625449257
"NightPWake"	1708	1428812	2.92261437666563	2.86707784431896	2.90214819156164	2.9433220182795
"NightPWake"	1723	1428812	2.91881585843954	2.86325724318148	2.89843856623354	2.93943250997828
"NightPWake"	1738	1428812	2.91505027575705	2.85933171866405	2.89476072778562	2.93557712208854
"NightPWake"	1754	1428812	2.91106931880168	2.85626093838738	2.89087212624904	2.93150165020221
"NightPWake"	1769	1428812	2.90737002486843	2.85201159046173	2.8872582796322	2.92771491989248
"NightPWake"	1785	1428812	2.90345853672752	2.84738147268436	2.88343675024808	2.92371138818213
"NightPWake"	1801	1428812	2.8995819633119	2.84354777317499	2.8796489388995	2.91974400493413
"NightPWake"	1817	1428812	2.89573968682047	2.84022232721275	2.87589425411243	2.91581212504154
"NightPWake"	1833	1428812	2.89193110570604	2.83500213095558	2.87217211986256	2.91191512048964
"NightPWake"	1850	1428812	2.88792075336779	2.83109905168076	2.86825239058394	2.90781208244895
"NightPWake"	1866	1428812	2.88417983564236	2.82725116101726	2.86459563582602	2.90398509478107
"NightPWake"	1883	1428812	2.88024010414647	2.82308725415424	2.86074415411183	2.89995512285574
"NightPWake"	1900	1428812	2.87633579112846	2.81845652178006	2.85692690844353	2.89596178746658
"NightPWake"	1917	1428812	2.87246626542883	2.81514396587027	2.85314329386111	2.89200443030665
"NightPWake"	1934	1428812	2.86863091261012	2.81113055056921	2.84939272132067	2.88808241063037
"NightPWake"	1951	1428812	2.86482913437139	2.80830870886522	2.84567461714051	2.88419510463487
"NightPWake"	1968	1428812	2.8610603479881	2.80376852955713	2.84198842247106	2.88034190486842
"NightPWake"	1986	1428812	2.8571051976193	2.80041758786535	2.83811956816052	2.87629856361124
"NightPWake"	2004	1428812	2.85318574225049	2.79753347994771	2.83428524803335	2.8722921122133
"NightPWake"	2021	1428812	2.84951623424054	2.7949906249722	2.83069510293636	2.86854151431845
"NightPWake"	2039	1428812	2.84566437323103	2.79174411830515	2.82692619322311	2.86460490484531
"NightPWake"	2058	1428812	2.8416352451349	2.78776976755499	2.82298344599898	2.86048753297645
"NightPWake"	2076	1428812	2.83785235130467	2.78568079986705	2.81928129453706	2.85662216338249
"NightPWake"	2095	1428812	2.83389472432197	2.78267664282611	2.8154077684606	2.85257863811624
"NightPWake"	2113	1428812	2.83017837139747	2.7785492464391	2.81177004540375	2.84878198236549
"NightPWake"	2132	1428812	2.82628975203605	2.77486653972117	2.80796334564859	2.84480970814674
"NightPWake"	2151	1428812	2.82243564212909	2.76955107862173	2.80419007163088	2.84087305775792
"NightPWake"	2170	1428812	2.81861543455397	2.76704198728601	2.80044963993891	2.83697139956012
"NightPWake"	2190	1428812	2.81463013949106	2.76255177693331	2.79654719959403	2.83290151829245
"NightPWake"	2209	1428812	2.81087768542479	2.75869762961989	2.79287241687688	2.82906977700863
"NightPWake"	2229	1428812	2.80696245059701	2.75518622001272	2.78903787011275	2.82507218296626
"NightPWake"	2249	1428812	2.80308219711524	2.75259880864188	2.78523722998537	2.8211106747047
"NightPWake"	2269	1428812	2.79923630541717	2.74801156558329	2.78146990060533	2.81718460820254
"NightPWake"	2289	1428812	2.79542417225589	2.74319569232102	2.77773530167473	2.81329335650528
"NightPWake"	2309	1428812	2.79164521013204	2.74037984446509	2.77403286794742	2.80943630912798
"NightPWake"	2330	1428812	2.78771237423496	2.73617936589667	2.77017932794621	2.80542257140311
"NightPWake"	2351	1428812	2.78381483349493	2.73243171881952	2.76636002218475	2.80144521844486
"NightPWake"	2372	1428812	2.77995196003131	2.72937472626314	2.76257434625583	2.79750359813702
"NightPWake"	2393	1428812	2.77612314257032	2.72508971781106	2.75882171163805	2.79359707571805
"NightPWake"	2414	1428812	2.77232778586449	2.72178846241603	2.75510154514352	2.78972503317112
"NightPWake"	2436	1428812	2.76838695511142	2.71722159642008	2.75123844373028	2.78570493388833
"NightPWake"	2457	1428812	2.76465832054836	2.71264846823263	2.74758303290133	2.78190163207977
"NightPWake"	2479	1428812	2.76078616577803	2.71008121594365	2.74378659220118	2.77795227722261
"NightPWake"	2501	1428812	2.75694823013552	2.70599918117305	2.740023373023	2.77403816524485
"NightPWake"	2524	1428812	2.7529717799495	2.70252619599664	2.73612399243841	2.76998314644203
"NightPWake"	2546	1428812	2.74920198764585	2.6983125460949	2.73242694304211	2.76613920273527
"NightPWake"	2569	1428812	2.74529551895885	2.69562150707815	2.72859552605726	2.7621562356235
"NightPWake"	2592	1428812	2.74142387584365	2.69234139950732	2.72479793706273	2.75820911734209
"NightPWake"	2615	1428812	2.73758644285353	2.69044009177612	2.72103358254141	2.75429720983708
"NightPWake"	2638	1428812	2.73378262071345	2.68745453820345	2.7173018844786	2.75041989191921
"NightPWake"	2662	1428812	2.72984861851043	2.68439696700059	2.71344214693813	2.74641021898763
"NightPWake"	2686	1428812	2.72594993230769	2.68110228537251	2.70961673136304	2.74243688122034
"NightPWake"	2710	1428812	2.72208593367079	2.67679535502465	2.70582503132242	2.73849922751169
"NightPWake"	2734	1428812	2.71825601079163	2.67310524227639	2.70206645633547	2.73459662408198
"NightPWake"	2758	1428812	2.71445956790698	2.66866989913387	2.69834043131661	2.73072845386855
"NightPWake"	2783	1428812	2.71053991601246	2.66433553259333	2.69449316401852	2.72673507737181
"NightPWake"	2807	1428812	2.70681004246351	2.65959356531113	2.69083187115018	2.72293535919443
"NightPWake"	2833	1428812	2.70280517048377	2.65590849584999	2.68690031273155	2.71885582854522
"NightPWake"	2858	1428812	2.69898884995188	2.65161724358208	2.68315354378216	2.71496868613901
"NightPWake"	2883	1428812	2.69520577305247	2.64757241593763	2.67943911500308	2.71111571285984
"NightPWake"	2909	1428812	2.69130602088482	2.64238527741496	2.67560981935009	2.70714422874908
"NightPWake"	2935	1428812	2.68744097516961	2.63959594527006	2.6718142951317	2.70320840870736
"NightPWake"	2961	1428812	2.68361002360119	2.63564790640706	2.66805195056476	2.69930761931114
"NightPWake"	2988	1428812	2.67966717506301	2.63262730397462	2.66417940115134	2.69529321615572
"NightPWake"	3014	1428812	2.67590389321527	2.62832639614725	2.66048292311672	2.69146194276334
"NightPWake"	3041	1428812	2.67203008127051	2.62410055960233	2.65667757872461	2.6875184513505
"NightPWake"	3068	1428812	2.66819051762016	2.62067634924668	2.65290557994955	2.68361013224196
"NightPWake"	3096	1428812	2.66424428067028	2.61589400522717	2.64902847787475	2.67959354767389
"NightPWake"	3123	1428812	2.66047264197303	2.6119272310775	2.64532262551789	2.67575497380204
"NightPWake"	3151	1428812	2.65659560506806	2.6075950188877	2.64151291949811	2.67180943542504
"NightPWake"	3179	1428812	2.65275287325273	2.60360360814817	2.63773663012207	2.66789911120562
"NightPWake"	3207	1428812	2.64894384476595	2.59978504550119	2.63399317501926	2.66402337945192
"NightPWake"	3236	1428812	2.64503368486098	2.59621567032508	2.6301500342916	2.66004505074809
"NightPWake"	3265	1428812	2.64115841607872	2.59238478215078	2.62634089286589	2.65610252541119
"NightPWake"	3294	1428812	2.63731742124167	2.589830360432	2.62256515319239	2.65219516609649
"NightPWake"	3323	1428812	2.63351009940443	2.58549126148379	2.61882223335376	2.64832235230994
"NightPWake"	3353	1428812	2.62960630249557	2.58217138538251	2.61498418103575	2.64435170311662
"NightPWake"	3383	1428812	2.62573728374954	2.57876142894519	2.61118003340832	2.64041672520547
"NightPWake"	3413	1428812	2.62190242897039	2.57426204797766	2.60740919546944	2.63651678466845
"NightPWake"	3443	1428812	2.61810114009024	2.57175988612581	2.60367108775963	2.63265126432923
"NightPWake"	3474	1428812	2.61420778580883	2.56783273055741	2.59984216193358	2.62869241535208
"NightPWake"	3505	1428812	2.61034902469964	2.5657345694397	2.59604697553976	2.62476903214909
"NightPWake"	3536	1428812	2.6065242474392	2.56232552462955	2.59228493796648	2.62088048618887
"NightPWake"	3568	1428812	2.60261110723252	2.55877947055141	2.5884357046702	2.61690239562172
"NightPWake"	3600	1428812	2.59873291111914	2.55596145296835	2.58462056436992	2.61296011879655
"NightPWake"	3632	1428812	2.59488904052179	2.55056634393435	2.58083891723561	2.60905301789845
"NightPWake"	3664	1428812	2.59107889314418	2.54657004226526	2.57709017914496	2.60518047198393
"NightPWake"	3697	1428812	2.58718437848567	2.54189269181617	2.57325815872103	2.60122246086425
"NightPWake"	3730	1428812	2.58332447753126	2.53634287755459	2.56945992362039	2.5972999095643
"NightPWake"	3763	1428812	2.5794985804173	2.53233566912828	2.56569488214174	2.59341218959149
"NightPWake"	3797	1428812	2.57559168480527	2.52944545418003	2.56184985745633	2.58944244410485
"NightPWake"	3831	1428812	2.57171962234351	2.52591783411559	2.55803884321423	2.58550837185271
"NightPWake"	3865	1428812	2.56788177738528	2.52240128390588	2.55426124186327	2.58160933863515
"NightPWake"	3899	1428812	2.56407755046251	2.51844558730564	2.55051647147743	2.57774472699941
"NightPWake"	3934	1428812	2.56019593451405	2.51485091347933	2.54669525659222	2.57380177127177
"NightPWake"	3969	1428812	2.55634870437755	2.51119273073429	2.54290762948508	2.56989401594674
"NightPWake"	4004	1428812	2.55253525617602	2.50731781895025	2.53915300372012	2.56602083927202
"NightPWake"	4040	1428812	2.54864747655201	2.50481795684898	2.53532493061614	2.56207243758339
"NightPWake"	4076	1428812	2.54479419154563	2.5016067313293	2.53153056202604	2.55815933678954
"NightPWake"	4113	1428812	2.54086917806117	2.49677467602574	2.52766529638078	2.55417366751902
"NightPWake"	4149	1428812	2.53708399459185	2.49337863013981	2.5239374797132	2.55033024938425
"NightPWake"	4186	1428812	2.53322774275439	2.4876812265881	2.52013941793203	2.54641493107544
"NightPWake"	4224	1428812	2.52930259050054	2.48384025161218	2.51627323348043	2.54242992690016
"NightPWake"	4261	1428812	2.52551451937692	2.48096784812693	2.51254182129342	2.53858435114013
"NightPWake"	4299	1428812	2.52165815794493	2.47749186600092	2.50874288961168	2.5346697065549
"NightPWake"	4338	1428812	2.51773560122027	2.47408229620752	2.50487849016202	2.53068813224171
"NightPWake"	4376	1428812	2.51394740084179	2.47000020012271	2.50114620888613	2.52684318925708
"NightPWake"	4415	1428812	2.51009356786391	2.46595611617105	2.49734901673694	2.52293188501684
"NightPWake"	4455	1428812	2.50617612574787	2.46233450868665	2.49348889601902	2.51895628488018
"NightPWake"	4494	1428812	2.50239034299254	2.45921144207384	2.4897582656289	2.51511454839272
"NightPWake"	4534	1428812	2.49854146895325	2.4551918044117	2.48596521976161	2.5112090385883
"NightPWake"	4575	1428812	2.49463145708838	2.45189324166974	2.48211167276244	2.50724174873132
"NightPWake"	4616	1428812	2.49075633371606	2.44820977532762	2.47829226280183	2.5033101132662
"NightPWake"	4657	1428812	2.48691548172826	2.441855658829	2.4745063893146	2.4994134981605
"NightPWake"	4698	1428812	2.48310830024664	2.43745852850309	2.4707534674597	2.49555128613038
"NightPWake"	4740	1428812	2.47924256141572	2.43441661497735	2.46694258252614	2.49162991750652
"NightPWake"	4783	1428812	2.47532011031987	2.43070686964701	2.46307554367624	2.48765127391303
"NightPWake"	4825	1428812	2.47152277828092	2.42714697764003	2.45933162094051	2.4837997838909
"NightPWake"	4868	1428812	2.46766912882713	2.42418080813072	2.45553193717494	2.47989141562775
"NightPWake"	4912	1428812	2.46376094063641	2.41989194663125	2.45167823696684	2.47592798246873
"NightPWake"	4955	1428812	2.45997525627211	2.41566312079322	2.44794510181243	2.47208902210275
"NightPWake"	5000	1428812	2.45604851630299	2.41178657658596	2.44407263010603	2.46810726666196
"NightPWake"	5044	1428812	2.45224306385494	2.40773328298829	2.44031953856058	2.46424873559887
"NightPWake"	5089	1428812	2.44838531016578	2.40524182374438	2.43651463419938	2.46033741139536
"NightPWake"	5135	1428812	2.44447693082565	2.40075683774042	2.43265956138398	2.45637500138283
"NightPWake"	5180	1428812	2.44068725161407	2.397666489298	2.42892134357415	2.45253316480968
"NightPWake"	5227	1428812	2.43676413428733	2.39414462160068	2.42505126610673	2.44855629352676
"NightPWake"	5273	1428812	2.43295850060768	2.38968698542445	2.42129685789869	2.44469874779925
"NightPWake"	5320	1428812	2.42910427579293	2.38576421613136	2.41749428673482	2.44079218009543
"NightPWake"	5368	1428812	2.42520303591092	2.38197388019123	2.41364510011892	2.43683819550228
"NightPWake"	5415	1428812	2.42141673096956	2.37846022667827	2.40990909414252	2.43300092643442
"NightPWake"	5464	1428812	2.41750414160651	2.37400987882669	2.40604825391563	2.42903590665332
"NightPWake"	5512	1428812	2.41370527726956	2.36995573467228	2.40229941432006	2.42518636194177
"NightPWake"	5562	1428812	2.40978314746155	2.36597438904366	2.39842870580069	2.42121213992764
"NightPWake"	5611	1428812	2.40597352231478	2.36346998012779	2.39466880744892	2.41735214208806
"NightPWake"	5661	1428812	2.40212029428849	2.35913115041238	2.39086565630126	2.41344818963022
"NightPWake"	5712	1428812	2.3982249078886	2.35510077096997	2.38702067171874	2.40950175258852
"NightPWake"	5763	1428812	2.3943641506215	2.35082778873267	2.38320964799463	2.40559062443804
"NightPWake"	5814	1428812	2.39053741221753	2.3482685401767	2.37943198951924	2.40171417994695
"NightPWake"	5866	1428812	2.38667004989325	2.34483658436609	2.37561401123876	2.3977968063533
"NightPWake"	5918	1428812	2.38283682241808	2.34102087156783	2.37182951769149	2.39391422874765
"NightPWake"	5971	1428812	2.37896438634072	2.3374829852747	2.36800609840711	2.38999215886938
"NightPWake"	6024	1428812	2.37512617434137	2.33333603118492	2.36421625708605	2.38610497004125
"NightPWake"	6078	1428812	2.37125012150383	2.33046184372271	2.36038883764789	2.38217967708975
"NightPWake"	6132	1428812	2.36740835642044	2.32667675950986	2.35659506431493	2.37828932422751
"NightPWake"	6187	1428812	2.36353007175721	2.32221425694715	2.35276501504193	2.37436220780348
"NightPWake"	6242	1428812	2.35968611417058	2.31890626683863	2.34896865608988	2.37047006572165
"NightPWake"	6298	1428812	2.35580691284905	2.31513041185981	2.34513727898102	2.36654245418854
"NightPWake"	6354	1428812	2.35196205476118	2.31096121567827	2.34133961363545	2.362649827689
"NightPWake"	6411	1428812	2.34808318449691	2.3070359339151	2.3375081446067	2.35872298056833
"NightPWake"	6468	1428812	2.34423865163062	2.30317199817263	2.33371038714866	2.35483110681872
"NightPWake"	6525	1428812	2.34042785355466	2.29939578402421	2.32994575232628	2.35097358989399
"NightPWake"	6584	1428812	2.33651824911855	2.29635531012621	2.32608330028027	2.34701626811057
"NightPWake"	6642	1428812	2.33270891203787	2.29230721688617	2.32231970476987	2.34316064386142
"NightPWake"	6701	1428812	2.32886787749168	2.28818771124675	2.31852459189264	2.33927314233198
"NightPWake"	6761	1428812	2.32499627189255	2.28498580189167	2.31469907059108	2.33535490763939
"NightPWake"	6822	1428812	2.32109520555131	2.281412789283	2.31084423413289	2.33140706736357
"NightPWake"	6882	1428812	2.31729197480717	2.27767545795034	2.30708587654824	2.32755843773636
"NightPWake"	6944	1428812	2.31339664918071	2.27415204712816	2.30323630962873	2.32361681969993
"NightPWake"	7006	1428812	2.30953595161132	2.27051689838422	2.29942076411811	2.31971044581511
"NightPWake"	7068	1428812	2.30570927185765	2.26695689263935	2.29563864308427	2.31583869228273
"NightPWake"	7131	1428812	2.30185510480164	2.26310573895036	2.29182915895318	2.31193932810995
"NightPWake"	7195	1428812	2.29797447209285	2.25940206558343	2.28799331827641	2.30801339023593
"NightPWake"	7259	1428812	2.2941282078549	2.25627392583334	2.28419125446788	2.30412242148387
"NightPWake"	7324	1428812	2.29025640312377	2.25230393492756	2.28036374856074	2.30020581498533
"NightPWake"	7389	1428812	2.28641881136127	2.24905829829279	2.27656987185801	2.29632401406856
"NightPWake"	7455	1428812	2.28255656993887	2.24577631245775	2.27275143382221	2.29241747637972
"NightPWake"	7521	1428812	2.2787283734246	2.24194392024576	2.26896646487735	2.28854556806691
"NightPWake"	7588	1428812	2.27487638493589	2.23797148906083	2.26515778282862	2.28464979018856
"NightPWake"	7656	1428812	2.27100152819138	2.2349777806985	2.26132629839575	2.28073107961785
"NightPWake"	7724	1428812	2.26716093813629	2.23120138003456	2.25752850867284	2.27684721619451
"NightPWake"	7793	1428812	2.26329827807033	2.22765775280761	2.25370870651958	2.27294122666183
"NightPWake"	7863	1428812	2.25941443056588	2.22335401413567	2.2498677623831	2.26901400585833
"NightPWake"	7933	1428812	2.25556500824675	2.21979433677835	2.24606067635211	2.26512178561346
"NightPWake"	8004	1428812	2.25169513974265	2.21668182690879	2.24223318238276	2.26120908259088
"NightPWake"	8075	1428812	2.24785945014783	2.21279323321834	2.23843930923602	2.25733112465337
"NightPWake"	8147	1428812	2.2440040271709	2.20866450909797	2.23462573421995	2.25343340350003
"NightPWake"	8220	1428812	2.24012968922191	2.20482167422547	2.23079326491063	2.24951674849513
"NightPWake"	8293	1428812	2.23628960882768	2.20043615651213	2.22699450111718	2.24563491097856
"NightPWake"	8367	1428812	2.2324312736285	2.19685096028032	2.2231774974172	2.24173480556981
"NightPWake"	8441	1428812	2.22860691480953	2.1938811029722	2.21939392737723	2.23786922695381
"NightPWake"	8517	1428812	2.22471393826484	2.1903830565294	2.21554228947773	2.23393447689313
"NightPWake"	8593	1428812	2.22085554820994	2.18677272851808	2.21172469044506	2.23003486863777
"NightPWake"	8669	1428812	2.21703113549714	2.18295252294333	2.20794053313965	2.22616978082957
"NightPWake"	8747	1428812	2.21314078854248	2.17893344185112	2.2040909562121	2.22223824069904
"NightPWake"	8825	1428812	2.20928498157608	2.17566520807203	2.20027537955995	2.21834178774985
"NightPWake"	8903	1428812	2.20546310667291	2.17156697526074	2.19649320708509	2.21447980203343
"NightPWake"	8983	1428812	2.20157786314252	2.1681666849604	2.19264814764261	2.21055396292613
"NightPWake"	9063	1428812	2.19772706944015	2.16481248693871	2.18883700677944	2.20666311216027
"NightPWake"	9144	1428812	2.19386261979231	2.16172783395178	2.18501217627385	2.20275864129945
"NightPWake"	9225	1428812	2.19003225382235	2.15805956445067	2.18122090845064	2.19888878217295
"NightPWake"	9307	1428812	2.18618870733736	2.15515268230213	2.17741642372205	2.19500578104875
"NightPWake"	9390	1428812	2.18233262274058	2.1506850260046	2.17359935700122	2.19111028789001
"NightPWake"	9474	1428812	2.17846462956575	2.14602025716259	2.16977033058133	2.18720293953701
"NightPWake"	9559	1428812	2.1745853445292	2.14247452667957	2.16592995418403	2.18328435976299
"NightPWake"	9644	1428812	2.17074040420203	2.13848829013358	2.16212340893239	2.17940064506821
"NightPWake"	9730	1428812	2.16688456661524	2.13521786614228	2.15830590693112	2.17550609488598
"NightPWake"	9817	1428812	2.16301841809908	2.13163715092149	2.15447802803794	2.17160130207438
"NightPWake"	9904	1428812	2.1591863831027	2.12802797714409	2.15068375924667	2.16773113278304
"NightPWake"	9993	1428812	2.15530093208706	2.12468865500331	2.14683643314523	2.16380718693363
"NightPWake"	10082	1428812	2.15144993456274	2.12048551784951	2.14302305655821	2.1599182050836
"NightPWake"	10172	1428812	2.14759008558651	2.11693279083218	2.13920074998193	2.15602045270265
"NightPWake"	10262	1428812	2.14376423953897	2.11292421756042	2.13541195330576	2.15215720261129
"NightPWake"	10354	1428812	2.13988790118428	2.10976626565705	2.13157298921867	2.14824313380794
"NightPWake"	10446	1428812	2.136045855613	2.1065417399843	2.12776782503489	2.14436385694217
"NightPWake"	10539	1428812	2.13219628915617	2.1030319969159	2.12395505088271	2.14047715067946
"NightPWake"	10633	1428812	2.12833969763314	2.09963451019372	2.12013515764218	2.1365835158134
"NightPWake"	10728	1428812	2.12447656581449	2.09595723963388	2.11630862533504	2.13268344189573
"NightPWake"	10824	1428812	2.12060736753759	2.0918518239818	2.11247592323633	2.128777407356
"NightPWake"	10920	1428812	2.11677233638422	2.0884237520404	2.10867690787438	2.12490602630621
"NightPWake"	11018	1428812	2.11289202983725	2.08482343792523	2.10483288281875	2.1209891032078
"NightPWake"	11116	1428812	2.10904608600966	2.08138994198026	2.10102274158102	2.11710702763825
"NightPWake"	11215	1428812	2.10519517374682	2.07756572586641	2.09720752164843	2.11322009637529
"NightPWake"	11315	1428812	2.10133972224758	2.07325174972315	2.09338764835507	2.10932874250397
"NightPWake"	11416	1428812	2.0974801506362	2.0694319709287	2.08956353712361	2.10543338886956
"NightPWake"	11518	1428812	2.09361686809449	2.06605638597925	2.08573559359362	2.1015344482135
"NightPWake"	11620	1428812	2.08978764873709	2.06230862544194	2.08194124885007	2.09767004074187
"NightPWake"	11724	1428812	2.08591780124799	2.05898525882108	2.07810649211819	2.09376478846466
"NightPWake"	11829	1428812	2.08204541480772	2.05514636195543	2.07426906530185	2.08985713095195
"NightPWake"	11934	1428812	2.07820725157196	2.05115197957962	2.07046540123175	2.0859841625826
"NightPWake"	12040	1428812	2.07436663795703	2.04679766413108	2.06665915850949	2.08210887460633
"NightPWake"	12148	1428812	2.07048818128416	2.04328472212348	2.06281525949865	2.07819555652383
"NightPWake"	12256	1428812	2.06664405471945	2.03982043532881	2.05900523475184	2.07431702974697
"NightPWake"	12365	1428812	2.06279853011982	2.03677192339859	2.05519367566175	2.07043724376589
"NightPWake"	12476	1428812	2.05891712848014	2.03322395650438	2.05134640625765	2.06652141390307
"NightPWake"	12587	1428812	2.05507010887233	2.02974566532249	2.04753306834119	2.06264042183687
"NightPWake"	12699	1428812	2.05122266571654	2.02625994566703	2.04371916367849	2.05875915195349
"NightPWake"	12812	1428812	2.04737510809691	2.0219862001117	2.03990499927831	2.05487791541354
"NightPWake"	12927	1428812	2.04349413849697	2.01871065780159	2.03605756535559	2.05096312450722
"NightPWake"	13042	1428812	2.03964754330905	2.01465078061709	2.03224406325994	2.04708315563509
"NightPWake"	13158	1428812	2.03580171032989	2.01122885248881	2.02843117259506	2.04320410227873
"NightPWake"	13276	1428812	2.03192420196614	2.00746989847313	2.02458673252272	2.03929324775214
"NightPWake"	13394	1428812	2.02808100699886	2.00406572776317	2.02077616984305	2.03541714752196
"NightPWake"	13513	1428812	2.02423938205784	2.00111104236306	2.0169670218445	2.03154277517806
"NightPWake"	13634	1428812	2.02036772654048	1.99847396766769	2.01312795412922	2.02763826169373
"NightPWake"	13756	1428812	2.01649870779446	1.99439055463972	2.00929135820077	2.02373655254444
"NightPWake"	13878	1428812	2.01266385301531	1.99035367316813	2.00548849970968	2.01986943859624
"NightPWake"	14002	1428812	2.00880052428192	1.98648445664289	2.00165726429611	2.01597375404686
"NightPWake"	14127	1428812	2.0049405152084	1.98274539392748	1.99782918071012	2.01208155953682
"NightPWake"	14253	1428812	2.00108403934303	1.97909204942198	1.99400446172925	2.00819306937286
"NightPWake"	14380	1428812	1.9972313038775	1.97495232988913	1.99018331385082	2.00430849142807
"NightPWake"	14508	1428812	1.99338250978264	1.97159550285489	1.98636593742518	2.00042802728028
"NightPWake"	14638	1428812	1.98950818093878	1.96806665972439	1.98252309640283	1.99652195880565
"NightPWake"	14768	1428812	1.98566810948939	1.96408220503292	1.97871409805269	1.99265056688105
"NightPWake"	14900	1428812	1.98180339449179	1.95988839710992	1.97488051916825	1.98875446900538
"NightPWake"	15033	1428812	1.97794387650167	1.95617812403638	1.97105195947084	1.98486374847116
"NightPWake"	15167	1428812	1.97408971957481	1.95204014995944	1.96722858286074	1.98097856947189
"NightPWake"	15302	1428812	1.97024108239824	1.94861977392806	1.96341054792663	1.97709909077474
"NightPWake"	15438	1428812	1.96639811841546	1.94443820267202	1.95959800806869	1.97322546584808
"NightPWake"	15576	1428812	1.96253309187384	1.94046687396468	1.95576344685677	1.96932973790231
"NightPWake"	15715	1428812	1.95867452171813	1.9364227238939	1.95193515822535	1.96544065262856
"NightPWake"	15855	1428812	1.95482253869299	1.93276915061207	1.94811327315578	1.96155834051373
"NightPWake"	15996	1428812	1.95097726886622	1.92927150776047	1.94429791799704	1.95768292732323
"NightPWake"	16139	1428812	1.94711192244952	1.92566637706092	1.9404625112774	1.95378741335138
"NightPWake"	16283	1428812	1.94325400217308	1.92243588881741	1.93663434263924	1.94989951602947
"NightPWake"	16428	1428812	1.93940361315665	1.91819559121427	1.93281351772888	1.94601933992739
"NightPWake"	16575	1428812	1.93553465302935	1.91471299035059	1.9289741346176	1.94212058071133
"NightPWake"	16723	1428812	1.93167388439453	1.910384514768	1.92514275137223	1.9382302070478
"NightPWake"	16872	1428812	1.92782139275118	1.90637872534096	1.92131945423798	1.93434830366454
"NightPWake"	17022	1428812	1.92397725988531	1.90287810298027	1.91750432577482	1.93047495154865
"NightPWake"	17174	1428812	1.9201162745931	1.8993090224337	1.91367234514662	1.92658474770896
"NightPWake"	17327	1428812	1.91626424610918	1.89585444944599	1.90984912787729	1.92270369650955
"NightPWake"	17482	1428812	1.91239639448663	1.89219328560757	1.90601007958899	1.91880683106216
"NightPWake"	17637	1428812	1.90856268631316	1.88854928802968	1.90220479622554	1.91494449128783
"NightPWake"	17795	1428812	1.9046892995617	1.88439281626552	1.89836000339949	1.91104230352547
"NightPWake"	17953	1428812	1.90085015362	1.88057583771376	1.89454907510318	1.90717473649793
"NightPWake"	18114	1428812	1.89697271359071	1.87705708251098	1.89070000993062	1.90326871795949
"NightPWake"	18275	1428812	1.89312958575382	1.8730994328751	1.88688488319133	1.89939738896091
"NightPWake"	18438	1428812	1.88927305569697	1.86983998405058	1.88305632966945	1.89551268337904
"NightPWake"	18602	1428812	1.88542712246492	1.86596640549891	1.87923817472204	1.89163877517101
"NightPWake"	18768	1428812	1.88156866448078	1.86242120253199	1.8754074642255	1.88775237410994
"NightPWake"	18936	1428812	1.87769831167886	1.85875723214127	1.8715648229756	1.88385411530163
"NightPWake"	19105	1428812	1.87383941313361	1.85528883221663	1.86773343338898	1.87996751563644
"NightPWake"	19275	1428812	1.86999196818765	1.85135724883281	1.86391329642023	1.87609257281456
"NightPWake"	19447	1428812	1.86613364106785	1.84762908634679	1.86008223538907	1.87220679085228
"NightPWake"	19620	1428812	1.86228715376365	1.8437719939812	1.85626281228636	1.86833305283372
"NightPWake"	19795	1428812	1.85843055287205	1.83993083120133	1.85243322878333	1.86444924920135
"NightPWake"	19972	1428812	1.8545644043559	1.83640633543452	1.84859404650408	1.86055595028193
"NightPWake"	20150	1428812	1.85071081521379	1.83286587571306	1.84476721891509	1.85667541764284
"NightPWake"	20329	1428812	1.84686975493387	1.82895842891301	1.8409527173771	1.85280761886809
"NightPWake"	20511	1428812	1.84299884139613	1.824908768726	1.83710845255555	1.84890987706538
"NightPWake"	20694	1428812	1.83914113764134	1.8211064682667	1.83327719079881	1.84502555396157
"NightPWake"	20878	1428812	1.83529659666257	1.81783081327808	1.82945888712138	1.84115460049595
"NightPWake"	21064	1428812	1.83144455197067	1.81353527713678	1.8256330168382	1.83727620741634
"NightPWake"	21252	1428812	1.82758549963373	1.80990933209231	1.82180007251262	1.83339087431299
"NightPWake"	21442	1428812	1.82371992465259	1.80555226429555	1.81796053577598	1.82949908957243
"NightPWake"	21633	1428812	1.81986837663213	1.80182970552963	1.81413481865109	1.82562154127539
"NightPWake"	21826	1428812	1.8160108872829	1.79832436099764	1.81030308762904	1.82173812545562
"NightPWake"	22020	1428812	1.81216763585969	1.79467381241855	1.80648538808006	1.81786915611407
"NightPWake"	22217	1428812	1.80829944802433	1.79074510386321	1.80264280615322	1.81397519672584
"NightPWake"	22415	1428812	1.80444603351148	1.78713350874106	1.79881478877843	1.81009622152359
"NightPWake"	22615	1428812	1.80058809895546	1.78348046992842	1.79498217068893	1.80621280820511
"NightPWake"	22817	1428812	1.79672606362874	1.77939772542194	1.7911453685312	1.80232537867854
"NightPWake"	23020	1428812	1.79287920280967	1.77613819094514	1.78732353260995	1.79845333398073
"NightPWake"	23225	1428812	1.78902871617391	1.77265328681857	1.78349798588147	1.79457774971085
"NightPWake"	23432	1428812	1.78517499756817	1.76909403265807	1.77966911983777	1.7906990220778
"NightPWake"	23641	1428812	1.78131843132164	1.76559155683048	1.7758373165587	1.78681753766667
"NightPWake"	23852	1428812	1.77745939238361	1.76127913107275	1.77200294884697	1.78293367357906
"NightPWake"	24065	1428812	1.773598246463	1.75770958096856	1.76816638036508	1.77904779757513
"NightPWake"	24279	1428812	1.76975323782877	1.75437877213482	1.76434574031301	1.77517826969474
"NightPWake"	24496	1428812	1.76588878035546	1.75074537147661	1.76050566844147	1.77128927653163
"NightPWake"	24714	1428812	1.76204083317415	1.74645119974595	1.75668189732432	1.76741700516041
"NightPWake"	24935	1428812	1.75817442508396	1.74304425084628	1.75283967587459	1.76352626290937
"NightPWake"	25157	1428812	1.75432487102268	1.73947784790921	1.74901409851962	1.75965258656341
"NightPWake"	25381	1428812	1.75047491550394	1.73608947777011	1.74518801838513	1.75577861135172
"NightPWake"	25608	1428812	1.74660790763012	1.73211989323223	1.7413448875955	1.75188758272789
"NightPWake"	25836	1428812	1.74275821806148	1.72837443321483	1.73751886506285	1.74801408436584
"NightPWake"	26067	1428812	1.73889236750683	1.72550270210539	1.73367667783121	1.74412442939453
"NightPWake"	26299	1428812	1.73504411088309	1.72173125080513	1.72985187471747	1.74025258005108
"NightPWake"	26534	1428812	1.73118054802935	1.71752743522406	1.72601175662533	1.73636543390773
"NightPWake"	26770	1428812	1.72733482949715	1.71360191916513	1.72218927349931	1.73249634329956
"NightPWake"	27009	1428812	1.72347462403991	1.71000325185817	1.71835229002285	1.72861277988856
"NightPWake"	27250	1428812	1.71961655118574	1.70622434376567	1.7145173257146	1.72473146379282
"NightPWake"	27493	1428812	1.71576085529294	1.70241236594453	1.71068462409761	1.72085264020169
"NightPWake"	27738	1428812	1.71190777377914	1.69905470001809	1.70685442181701	1.71697654730074
"NightPWake"	27985	1428812	1.70805753726121	1.69479485330893	1.7030269487779	1.71310341641356
"NightPWake"	28235	1428812	1.70419498772596	1.69113904429797	1.69918713666644	1.70921799930633
"NightPWake"	28487	1428812	1.70033599618767	1.68726637496843	1.69535076317891	1.70533626083973
"NightPWake"	28741	1428812	1.69648076971118	1.68345936200073	1.69151803488911	1.70145840856316
"NightPWake"	28997	1428812	1.69262950913473	1.68009482463353	1.68768915219657	1.69758464374673
"NightPWake"	29255	1428812	1.68878240920438	1.6766014404022	1.68386430945918	1.69371516151757
"NightPWake"	29516	1428812	1.68492494434183	1.67310728820548	1.68002906533779	1.68983535157871
"NightPWake"	29780	1428812	1.68105768737819	1.66982779402435	1.67618398904383	1.68594579039828
"NightPWake"	30045	1428812	1.67721010813035	1.66599686200345	1.67235838217155	1.68207611694331
"NightPWake"	30313	1428812	1.67335333307287	1.66170689560133	1.66852353690432	1.67819729105124
"NightPWake"	30583	1428812	1.66950210461307	1.6580928562263	1.66469411211646	1.67432413911712
"NightPWake"	30856	1428812	1.66564250065799	1.65437341309548	1.66085626485808	1.6704426594635
"NightPWake"	31131	1428812	1.66178899289509	1.65074967751273	1.65702438558087	1.66656740545142
"NightPWake"	31409	1428812	1.65792789306254	1.64700755455297	1.65318486322073	1.66268461119433
"NightPWake"	31689	1428812	1.65407340701227	1.64311405883403	1.64935182462758	1.6588085619676
"NightPWake"	31972	1428812	1.65021207656857	1.63859139331121	1.64551188692368	1.6549257238845
"NightPWake"	32257	1428812	1.64635784664665	1.63513020133304	1.6416789181935	1.65105011909674
"NightPWake"	32544	1428812	1.64251083024795	1.63119821885612	1.63785303174311	1.64718186028992
"NightPWake"	32834	1428812	1.63865790870633	1.62748935275687	1.63402118142129	1.6433077558901
"NightPWake"	33127	1428812	1.63479953635438	1.62387947439055	1.63018381908547	1.6394282627138
"NightPWake"	33423	1428812	1.63093615705856	1.6196512534729	1.62634138622763	1.63554382700996
"NightPWake"	33721	1428812	1.62708108339773	1.61587786488431	1.62250712377491	1.63166783337816
"NightPWake"	34021	1428812	1.62323439686067	1.61238596472368	1.61868111376755	1.62780036274322
"NightPWake"	34325	1428812	1.6193708693689	1.60899781193806	1.61483826384343	1.62391605059946
"NightPWake"	34631	1428812	1.61551632702004	1.60539249145213	1.61100426201053	1.62004086184441
"NightPWake"	34940	1428812	1.61165840327769	1.60177518755326	1.60716680822971	1.6161623630943
"NightPWake"	35251	1428812	1.60780980753006	1.59820670376409	1.60333854505799	1.61229333090415
"NightPWake"	35566	1428812	1.60394617038391	1.59410066361901	1.59949523205263	1.60840926626639
"NightPWake"	35883	1428812	1.60009239549494	1.59028999572991	1.59566164208775	1.60453520427817
"NightPWake"	36203	1428812	1.59623652680881	1.58622260704731	1.59182588239115	1.60065912527522
"NightPWake"	36526	1428812	1.59237891928612	1.58265620583862	1.58798830633697	1.59678138580726
"NightPWake"	36851	1428812	1.5885317041303	1.5790990802373	1.58416098281682	1.59291417969466
"NightPWake"	37180	1428812	1.58467154405404	1.57506612055858	1.58032069551181	1.58903404807218
"NightPWake"	37512	1428812	1.58081065806769	1.57152827233066	1.57647960046079	1.58515327323125
"NightPWake"	37846	1428812	1.57696084167857	1.56780543749196	1.57264943343768	1.58128371070054
"NightPWake"	38184	1428812	1.57309935456293	1.56395508976554	1.56880757055141	1.57740250314453
"NightPWake"	38524	1428812	1.56924935154193	1.55985948058611	1.56497704932668	1.57353292325024
"NightPWake"	38868	1428812	1.56538848178444	1.55617084263874	1.56113563243551	1.56965250612371
"NightPWake"	39214	1428812	1.56153948204546	1.55262797624978	1.55730594248714	1.5657841032145
"NightPWake"	39564	1428812	1.55768038436884	1.54890468836608	1.55346612217205	1.56190563537892
"NightPWake"	39917	1428812	1.55382263499418	1.54492814712023	1.54962756064786	1.55802860620926
"NightPWake"	40273	1428812	1.54996649883307	1.54092430081036	1.54579052198031	1.5541532814611
"NightPWake"	40632	1428812	1.54611223347355	1.53674922660722	1.54195526296765	1.55027991951006
"NightPWake"	40994	1428812	1.542260089322	1.53295010315424	1.53812203328086	1.54640877149546
"NightPWake"	41360	1428812	1.53839980914012	1.52908699446959	1.53428062622687	1.54252952939053
"NightPWake"	41728	1428812	1.53455272320825	1.52536712969335	1.53045226832927	1.53866362771446
"NightPWake"	42101	1428812	1.53068783532246	1.52129934112195	1.52660611450144	1.53477991843378
"NightPWake"	42476	1428812	1.5268365891541	1.5177626092594	1.52277345623582	1.53090999810373
"NightPWake"	42855	1428812	1.52297865663265	1.51410120186723	1.51893406415688	1.52703343949456
"NightPWake"	43237	1428812	1.51912455850686	1.51036349567892	1.51509840872778	1.5231608138683
"NightPWake"	43623	1428812	1.51526453770104	1.50630917936132	1.51125677986088	1.51928231694045
"NightPWake"	44012	1428812	1.51140891857892	1.50214604002954	1.50741945304125	1.51540832217233
"NightPWake"	44404	1428812	1.50755788532849	1.49830004399031	1.50358661221633	1.51153901398731
"NightPWake"	44800	1428812	1.50370192208474	1.49465598968429	1.49974878682123	1.50766483101002
"NightPWake"	45199	1428812	1.49985106687447	1.49088353835272	1.49591596802594	1.50379585833071
"NightPWake"	45603	1428812	1.49598643700294	1.48727425707499	1.49206936167158	1.49991312431738
"NightPWake"	46009	1428812	1.49213701468382	1.48342761019163	1.48823781520275	1.49604574655065
"NightPWake"	46419	1428812	1.48828398676937	1.47948109629839	1.48440260353354	1.49217482342246
"NightPWake"	46833	1428812	1.48442774722634	1.47570775745939	1.48056411895615	1.48830075057784
"NightPWake"	47251	1428812	1.48056868048943	1.4718703681798	1.47672274430558	1.48442391405445
"NightPWake"	47672	1428812	1.47671627165323	1.46799641462119	1.47288792165145	1.48055384215569
"NightPWake"	48098	1428812	1.47285258571026	1.46404923715769	1.46904179807057	1.47667251742701
"NightPWake"	48526	1428812	1.46900507002584	1.46029425430915	1.46521169665282	1.47280751204476
"NightPWake"	48959	1428812	1.46514698567627	1.45587860274784	1.46137100000363	1.46893196502452
"NightPWake"	49396	1428812	1.46128770313577	1.45188217760954	1.45752903636756	1.46505528924937
"NightPWake"	49836	1428812	1.45743626912011	1.44819271004089	1.45369481239374	1.4611865716684
"NightPWake"	50281	1428812	1.45357550126699	1.44446543135736	1.44985122279549	1.45730855251025
"NightPWake"	50729	1428812	1.44972306824239	1.44070636597587	1.44601585793155	1.45343897907694
"NightPWake"	51181	1428812	1.44587056467436	1.4368952288274	1.44218035023997	1.44956940802117
"NightPWake"	51638	1428812	1.44200988103456	1.43326797101378	1.43833662607029	1.44569169378233
"NightPWake"	52098	1428812	1.43815820568618	1.42955396996731	1.43450179863551	1.44182310018471
"NightPWake"	52563	1428812	1.43429907587722	1.4257661087892	1.43065947757026	1.43794709178307
"NightPWake"	53032	1428812	1.43044117767455	1.42197886743857	1.42681831126572	1.43407239247325
"NightPWake"	53504	1428812	1.42659289613876	1.4179912115515	1.42298664904529	1.43020742319538
"NightPWake"	53982	1428812	1.42273014076106	1.41451896628906	1.41914050463216	1.42632798877608
"NightPWake"	54463	1428812	1.41887751607539	1.41073978794985	1.4153043769602	1.42245879977864
"NightPWake"	54949	1428812	1.4150192475939	1.4069865604776	1.41146255953644	1.41858401343842
"NightPWake"	55439	1428812	1.41116361796624	1.40326549115236	1.4076232999363	1.41471194761818
"NightPWake"	55933	1428812	1.40731085771277	1.39957276409228	1.40378682817267	1.41084283334318
"NightPWake"	56432	1428812	1.40345349465799	1.39613492863009	1.3999457039346	1.40696916644153
"NightPWake"	56935	1428812	1.39959957799997	1.39228447823794	1.39610794282268	1.40309902983962
"NightPWake"	57443	1428812	1.39574175610359	1.38826182642129	1.39226622432588	1.39922504065039
"NightPWake"	57955	1428812	1.39188792569469	1.38475190617757	1.38842841252641	1.39535512836909
"NightPWake"	58472	1428812	1.38803085385531	1.38077410451325	1.38458730490585	1.39148202955428
"NightPWake"	58993	1428812	1.38417828781194	1.37704861368277	1.3807506169726	1.38761352327141
"NightPWake"	59519	1428812	1.38032311154072	1.37324914631661	1.37691126239359	1.38374246368576
"NightPWake"	60050	1428812	1.37646569340259	1.36936265638073	1.37306960820305	1.37986922048707
"NightPWake"	60586	1428812	1.37260639263335	1.36575354159482	1.36922601237237	1.37599415417724
"NightPWake"	61126	1428812	1.36875266439096	1.36186731036954	1.36538790012652	1.37212474995877
"NightPWake"	61671	1428812	1.36489761949089	1.35821763000916	1.36154841061473	1.36825409020055
"NightPWake"	62221	1428812	1.36104159226953	1.35454235969009	1.35770787707193	1.36438251034133
"NightPWake"	62776	1428812	1.35718490851236	1.35097198230793	1.35386662423831	1.3605103372126
"NightPWake"	63336	1428812	1.35332788559737	1.34707711243206	1.35002496850108	1.35663788918348
"NightPWake"	63900	1428812	1.34947762910948	1.34310966975079	1.34618998759995	1.35277229978502
"NightPWake"	64470	1428812	1.34562078701165	1.33917529828309	1.34234838277714	1.34890016349756
"NightPWake"	65045	1428812	1.34176450942268	1.33532606455411	1.33850727605293	1.34502865864065
"NightPWake"	65625	1428812	1.33790908152813	1.33161315134859	1.33466695182552	1.34115807118664
"NightPWake"	66210	1428812	1.33405478082465	1.32761948064097	1.33082768685142	1.33728867937157
"NightPWake"	66801	1428812	1.33019537584862	1.32421890963536	1.32698327417502	1.33341422713065
"NightPWake"	67396	1428812	1.32634418937427	1.32034865367953	1.32314698518854	1.32954808880497
"NightPWake"	67997	1428812	1.32248853028071	1.31649458156603	1.31930617824995	1.32567752361061
"NightPWake"	68604	1428812	1.31862881599596	1.31283503552936	1.31546126926509	1.32180295050095
"NightPWake"	69216	1428812	1.31477172851207	1.30900785259136	1.31161891485272	1.31793107693007
"NightPWake"	69833	1428812	1.31091749897919	1.30515973152164	1.30777934570343	1.31406213450564
"NightPWake"	70456	1428812	1.30706018772122	1.30157494269753	1.30393664501845	1.31019016058922
"NightPWake"	71084	1428812	1.30320628562504	1.29767805074892	1.30009727939492	1.30632167044092
"NightPWake"	71718	1428812	1.29934994693453	1.29377651949536	1.29625542543681	1.30245079586203
"NightPWake"	72357	1428812	1.29549753784427	1.29014515337523	1.2924174257479	1.29858392671811
"NightPWake"	73002	1428812	1.29164330513121	1.28653297832733	1.28857754895865	1.2947152878526
"NightPWake"	73653	1428812	1.28778759625498	1.28258166066538	1.28473614144081	1.29084522781412
"NightPWake"	74310	1428812	1.28393074990414	1.27884915625032	1.28089354084858	1.28697408632656
"NightPWake"	74973	1428812	1.28007309613891	1.27502899641906	1.2770500762598	1.28310219443312
"NightPWake"	75641	1428812	1.27622069805663	1.27138085178694	1.27321178885384	1.27923563722144
"NightPWake"	76316	1428812	1.27236233506408	1.26765851951117	1.26936749939992	1.27536315259105
"NightPWake"	76997	1428812	1.26850410495366	1.26394867983802	1.26552328359346	1.27149086050453
"NightPWake"	77683	1428812	1.26465189530754	1.26037228455576	1.26168500804856	1.26762466958011
"NightPWake"	78376	1428812	1.26079476457056	1.2565749074313	1.25784177108865	1.2637535982461
"NightPWake"	79075	1428812	1.25693863453233	1.25270474473276	1.25399947335893	1.25988358950535
"NightPWake"	79780	1428812	1.25308377887944	1.24889187536938	1.25015838788937	1.2560149177004
"NightPWake"	80491	1428812	1.2492304638196	1.24519925505764	1.24631878027226	1.2521478496534
"NightPWake"	81209	1428812	1.24537360029654	1.24141660080265	1.24247557978175	1.24827727791431
"NightPWake"	81933	1428812	1.24151888236388	1.23766961144879	1.23863446053963	1.24440891653193
"NightPWake"	82664	1428812	1.23766129951185	1.23393234592698	1.23479042996619	1.24053773700479
"NightPWake"	83401	1428812	1.23380643470533	1.23027641044764	1.23094905167788	1.236669341707
"NightPWake"	84145	1428812	1.22994935489528	1.2262186729974	1.227105410163	1.23279877999239
"NightPWake"	84895	1428812	1.22609553419367	1.22236659248332	1.22326496075044	1.22893154481428
"NightPWake"	85652	1428812	1.22224011592645	1.21867770000257	1.2194228639183	1.2250627622884
"NightPWake"	86416	1428812	1.21838344190227	1.2149621659802	1.21557946049719	1.2211927752023
"NightPWake"	87187	1428812	1.21452584524943	1.2110196776551	1.21173508268605	1.21732191761424
"NightPWake"	87964	1428812	1.2106725877433	1.20742412464689	1.2078949745649	1.21345546904859
"NightPWake"	88749	1428812	1.20681406754253	1.20351586510545	1.20404956730098	1.20958379454837
"NightPWake"	89540	1428812	1.20296042412084	1.19968166610539	1.20020896616173	1.2057170678991
"NightPWake"	90338	1428812	1.19910702129314	1.19592465980547	1.19636855101945	1.20185063680505
"NightPWake"	91144	1428812	1.19524938711751	1.19207955444369	1.19252386517952	1.1979800140273
"NightPWake"	91957	1428812	1.19139265599584	1.18831576403887	1.18868002599809	1.19411035106435
"NightPWake"	92777	1428812	1.18753710431736	1.18463347374343	1.18483730924018	1.19024192492908
"NightPWake"	93604	1428812	1.18368300094063	1.18070025923868	1.18099598317878	1.18637500506488
"NightPWake"	94439	1428812	1.17982600861015	1.17705363539476	1.17715172516235	1.18250523956532
"NightPWake"	95281	1428812	1.17597106150721	1.17323347010155	1.17330945331754	1.17863757871312
"NightPWake"	96131	1428812	1.17211388782149	1.16939657710007	1.16946491012889	1.17476773635739
"NightPWake"	96988	1428812	1.16825932414306	1.16547947728748	1.16562291660804	1.17090056471146
"NightPWake"	97853	1428812	1.16440316324251	1.16147265809931	1.16177927951681	1.16703184251029
"NightPWake"	98725	1428812	1.16055014613243	1.1578515066151	1.15793872475054	1.16316632592671
"NightPWake"	99606	1428812	1.15669176913263	1.15409492256175	1.15409277633827	1.15929548348665
"NightPWake"	100494	1428812	1.15283711686891	1.1501612369154	1.15025048985766	1.15542842894815
"NightPWake"	101390	1428812	1.14898210767253	1.14633098547295	1.14640779704735	1.15156106719316
"NightPWake"	102294	1428812	1.14512705065229	1.14267474187042	1.14256500626633	1.14769370808035
"NightPWake"	103207	1428812	1.1412680387703	1.13920756985922	1.13871822307531	1.14382243193462
"NightPWake"	104127	1428812	1.13741381830635	1.13550315833838	1.13487616629862	1.13995601256891
"NightPWake"	105055	1428812	1.13356042891396	1.13195069993326	1.13103488844025	1.13609047674664
"NightPWake"	105992	1428812	1.12970405065172	1.12834651730235	1.12719058176574	1.13222199228232
"NightPWake"	106937	1428812	1.12584912335215	1.12470717462899	1.12334767242139	1.12835501273204
"NightPWake"	107891	1428812	1.12199188325395	1.12107970963918	1.1195024086038	1.12448576234053
"NightPWake"	108853	1428812	1.1181366811475	1.11725580899067	1.11565912782897	1.1206186052082
"NightPWake"	109824	1428812	1.11427980875652	1.11349968661363	1.11181413353346	1.1167498213109
"NightPWake"	110803	1428812	1.11042552967412	1.10940462768425	1.10797167643476	1.1128836871515
"NightPWake"	111791	1428812	1.10657019041405	1.10570055604482	1.10412811451831	1.10901653773792
"NightPWake"	112788	1428812	1.10271411864349	1.10204923258416	1.10028377465302	1.10514870153602
"NightPWake"	113794	1428812	1.09885763359244	1.09826277348135	1.09643897531176	1.1012804985332
"NightPWake"	114809	1428812	1.09500104619732	1.09476177713716	1.09259402671376	1.09741224038315
"NightPWake"	115833	1428812	1.09114465924471	1.09136273665788	1.08874923096734	1.09354423055072
"NightPWake"	116865	1428812	1.08729248372182	1.08767270492509	1.0849085873168	1.089680491796
"NightPWake"	117908	1428812	1.08343365792736	1.08409123566902	1.08106126676414	1.08581012962374
"NightPWake"	118959	1428812	1.07957960968074	1.08008760830414	1.0772186632534	1.08194460581874
"NightPWake"	120020	1428812	1.07572327585169	1.07627479270287	1.07337373490365	1.07807683594214
"NightPWake"	121090	1428812	1.07186860309963	1.0725454556461	1.06953041691984	1.07421077813681
"NightPWake"	122170	1428812	1.06801229256448	1.06865198817909	1.06568542038845	1.07034312356779
"NightPWake"	123259	1428812	1.06415821075911	1.06468422871097	1.06184260071654	1.06647774988145
"NightPWake"	124359	1428812	1.0602996140338	1.06107868812218	1.05799523414714	1.06260789348114
"NightPWake"	125467	1428812	1.05644730588956	1.05734917071223	1.05415409299561	1.0587443891337
"NightPWake"	126586	1428812	1.05259112765573	1.05379836179887	1.05030904830665	1.05487704837349
"NightPWake"	127715	1428812	1.04873488155614	1.04977538890516	1.0464638914826	1.05100968427256
"NightPWake"	128854	1428812	1.04487886939156	1.04605001400577	1.04261892368317	1.04714259927267
"NightPWake"	130003	1428812	1.04102338497571	1.04221079745854	1.03877443811681	1.0432760877927
"NightPWake"	131162	1428812	1.03716871427898	1.03856751475227	1.03493072018329	1.03941043637335
"NightPWake"	132332	1428812	1.03331185369161	1.03484300114004	1.03108477500564	1.03554263264824
"NightPWake"	133512	1428812	1.02945641379471	1.03117302104316	1.02724020315442	1.03167629723288
"NightPWake"	134703	1428812	1.02559943296861	1.02748289800304	1.02339405157665	1.02780845991763
"NightPWake"	135904	1428812	1.02174444751031	1.02341161429079	1.01954984686747	1.02394266672415
"NightPWake"	137116	1428812	1.01788853733709	1.019681140553	1.01570467734694	1.02007598914429
"NightPWake"	138339	1428812	1.01403202669241	1.01566534911327	1.011858866548	1.01620875213227
"NightPWake"	139572	1428812	1.01017834305554	1.01165289137288	1.00801583269429	1.01234439244433
"NightPWake"	140817	1428812	1.00632154331034	1.00756755365882	1.00416964930542	1.00847695028595
"NightPWake"	142073	1428812	1.00246506636302	1.00370027323312	1.00032374599179	1.00460987388063
"NightPWake"	143339	1428812	0.998612233640332	1.00016419434885	0.996481435352911	1.0007464935022
"NightPWake"	144618	1428812	0.994754239396987	0.996349936265382	0.992633935881938	0.996877979106603
"NightPWake"	145907	1428812	0.990900449276182	0.992499729448653	0.988790587943197	0.993013721675604
"NightPWake"	147208	1428812	0.987045151805509	0.988484533867433	0.984945695796167	0.989147993965453
"NightPWake"	148521	1428812	0.983188686393473	0.984921201573037	0.981099598103068	0.985281136131396
"NightPWake"	149846	1428812	0.979331383809702	0.98140767243349	0.977252624924387	0.981413479652547
"NightPWake"	151182	1428812	0.975476438988148	0.977716005201915	0.973407962873451	0.97754822780171
"NightPWake"	152530	1428812	0.971621242397299	0.974006363834732	0.969563009622841	0.973682763824768
"NightPWake"	153890	1428812	0.967766100426359	0.970145653419149	0.965718070954246	0.969817394718473
"NightPWake"	155262	1428812	0.963911311400385	0.966351113144042	0.961873444618449	0.965952419382088
"NightPWake"	156647	1428812	0.960054393265685	0.962569517724608	0.958026655286497	0.962085349020258
"NightPWake"	158044	1428812	0.956198450103851	0.958761319278668	0.954180799078393	0.958219295693261
"NightPWake"	159453	1428812	0.952343756235502	0.955044957940972	0.950336149838279	0.954354534197838
"NightPWake"	160875	1428812	0.948487878897458	0.951360128755188	0.946490281349881	0.95048862520757
"NightPWake"	162310	1428812	0.944631149126219	0.947525376379428	0.942643523965707	0.946621900443271
"NightPWake"	163757	1428812	0.940776541527251	0.943865370599968	0.938798844824171	0.942757341993011
"NightPWake"	165217	1428812	0.936921671330748	0.940001369850309	0.934953865530499	0.938892558696188
"NightPWake"	166691	1428812	0.933064239731956	0.936088967070914	0.931106293340546	0.935025245672671
"NightPWake"	168177	1428812	0.92920977908733	0.932040624337788	0.927261646679948	0.931160949239543
"NightPWake"	169677	1428812	0.925353391822602	0.928114312247759	0.923415040662788	0.92729475910468
"NightPWake"	171190	1428812	0.921497965546673	0.92444209014509	0.919569355762223	0.92342957002729
"NightPWake"	172717	1428812	0.917641260330407	0.920388291993284	0.915722357906045	0.91956313620719
"NightPWake"	174257	1428812	0.91378610218326	0.916601307950163	0.911876866195848	0.915698290575574
"NightPWake"	175811	1428812	0.909930279965835	0.912633915158055	0.908030675249993	0.911832816221491
"NightPWake"	177378	1428812	0.906076559462463	0.908769314219191	0.904186544164963	0.907969485630337
"NightPWake"	178960	1428812	0.902220331316551	0.904907398149547	0.900339875247796	0.904103677755567
"NightPWake"	180556	1428812	0.898364366772728	0.901117564346159	0.896493433040888	0.900238170557318
"NightPWake"	182166	1428812	0.894508958853976	0.897374231809717	0.892647510053852	0.89637325757183
"NightPWake"	183791	1428812	0.89065202976131	0.893472544426297	0.888800033784196	0.892506855691248
"NightPWake"	185430	1428812	0.886796261756272	0.889595493498977	0.88495368011231	0.888641653570604
"NightPWake"	187083	1428812	0.882941924228374	0.885782794456907	0.881108718002972	0.88477792102379
"NightPWake"	188751	1428812	0.879086978270543	0.882112509832055	0.877263113716519	0.880913613964354
"NightPWake"	190435	1428812	0.875229459034119	0.878128416055025	0.873414907318409	0.877046762618294
"NightPWake"	192133	1428812	0.871374255251598	0.874346351979469	0.869568975930993	0.873182267351177
"NightPWake"	193846	1428812	0.867519365429148	0.870558254905149	0.86572332310523	0.869318121612789
"NightPWake"	195575	1428812	0.863662860404189	0.866681488126647	0.861876024478469	0.865452391429745
"NightPWake"	197319	1428812	0.859807283689667	0.862801021505324	0.858029617676863	0.861587626212724
"NightPWake"	199078	1428812	0.85595291074982	0.858879599992231	0.854184377731748	0.857724101858595
"NightPWake"	200854	1428812	0.852095685027975	0.855002600439418	0.850336257870252	0.853857752006146
"NightPWake"	202645	1428812	0.848240268022988	0.851255482384954	0.846489908766042	0.849993249000133
"NightPWake"	204452	1428812	0.844384787827391	0.84750984733069	0.842643463129894	0.846128716304517
"NightPWake"	206275	1428812	0.840529545940793	0.843517481942882	0.8387972219494	0.842264455930902
"NightPWake"	208115	1428812	0.836672749073761	0.839600505280571	0.834949396296744	0.838398670218647
"NightPWake"	209970	1428812	0.832818874969579	0.835816730647045	0.831104453708587	0.834535847136656
"NightPWake"	211843	1428812	0.828961996024523	0.832027286705834	0.827256480508769	0.830670045125412
"NightPWake"	213732	1428812	0.825106555306127	0.828130267427761	0.823409909676309	0.826805717359645
"NightPWake"	215638	1428812	0.821250800839875	0.824192572734313	0.819562993471917	0.822941107620395
"NightPWake"	217561	1428812	0.817395040774437	0.820330459760665	0.815716039523906	0.819076524576726
"NightPWake"	219501	1428812	0.813539575160911	0.816232071332097	0.81186934739135	0.81521226877173
"NightPWake"	221458	1428812	0.809684696096514	0.812456718997204	0.808023208706967	0.811348632767018
"NightPWake"	223433	1428812	0.805828744124686	0.80855736967939	0.804175967959747	0.807483953152074
"NightPWake"	225426	1428812	0.801972047393882	0.804692719675795	0.800327952723238	0.803618558650466
"NightPWake"	227436	1428812	0.798116835128334	0.800842937686853	0.796481387401062	0.799754683315123
"NightPWake"	229464	1428812	0.794261475439019	0.797010653461731	0.792634643968678	0.795890691384362
"NightPWake"	231510	1428812	0.790406272011125	0.793190309157264	0.788788025620412	0.792026887034237
"NightPWake"	233575	1428812	0.786549661168673	0.789293651544777	0.784939972334969	0.788161702926477
"NightPWake"	235657	1428812	0.782695665822338	0.785508497075547	0.781094498297991	0.784299170711871
"NightPWake"	237759	1428812	0.778839036860399	0.781648334254867	0.777246366190527	0.780434029463514
"NightPWake"	239879	1428812	0.774983764560314	0.777619131471113	0.773399557670414	0.776570278093303
"NightPWake"	242018	1428812	0.771128318581551	0.773848796772734	0.769552545957137	0.772706382693351
"NightPWake"	244176	1428812	0.767273003319415	0.770069987207234	0.765705634965842	0.768842648139125
"NightPWake"	246354	1428812	0.763416352244327	0.765956244173796	0.761857361536084	0.76497760452508
"NightPWake"	248551	1428812	0.759560447888895	0.762164819391105	0.758009803855835	0.761113338735358
"NightPWake"	250767	1428812	0.755705570564253	0.758518269967143	0.754163241835346	0.757250131481793
"NightPWake"	253003	1428812	0.751850276417139	0.754645286172644	0.750316234928246	0.753386535597573
"NightPWake"	255260	1428812	0.747993174809513	0.750889733803499	0.746467395646148	0.749521157288742
"NightPWake"	257536	1428812	0.74413798616064	0.747146969020107	0.742620436625166	0.745657724770447
"NightPWake"	259832	1428812	0.740283288521995	0.743339971410053	0.738773939163909	0.741794812840533
"NightPWake"	262149	1428812	0.736427711972653	0.739389657818868	0.734926536436296	0.737931048477122
"NightPWake"	264487	1428812	0.732571579472699	0.735408824546397	0.731078550886809	0.734066755156041
"NightPWake"	266846	1428812	0.728715205625699	0.731541381900767	0.727230296630427	0.73020224796952
"NightPWake"	269225	1428812	0.724860509950731	0.727891396059003	0.723383689344825	0.726339450283732
"NightPWake"	271626	1428812	0.721004550253748	0.724057821659234	0.719535793198619	0.722475413530477
"NightPWake"	274048	1428812	0.717149244446989	0.720239546724193	0.715688522271243	0.718612059460478
"NightPWake"	276492	1428812	0.713293304408644	0.716434203698796	0.711840591310125	0.71474809707716
"NightPWake"	278958	1428812	0.709437046754345	0.712534194656771	0.707992316447673	0.710883843479469
"NightPWake"	281445	1428812	0.705582322940693	0.708482413618365	0.704145545504876	0.70702115376484
"NightPWake"	283955	1428812	0.701726333415881	0.704809084973525	0.700297484892981	0.703157222407907
"NightPWake"	286487	1428812	0.69787092733584	0.700909108822427	0.696449980142879	0.69929390219485
"NightPWake"	289042	1428812	0.694014886653424	0.697004931303459	0.692601815887619	0.695429972393277
"NightPWake"	291619	1428812	0.690160017270863	0.693017717448636	0.688754794530517	0.691567242409251
"NightPWake"	294220	1428812	0.686303635917464	0.689081634902038	0.684906238444774	0.687703023318456
"NightPWake"	296844	1428812	0.68244754542544	0.685258746092674	0.681057946976702	0.683839121443904
"NightPWake"	299491	1428812	0.678592038130313	0.681344090487191	0.677210212063977	0.679975829518891
"NightPWake"	302161	1428812	0.674737398550472	0.677330100077591	0.673363317850479	0.676113432436188
"NightPWake"	304856	1428812	0.670881054338636	0.673481855590862	0.669514697334394	0.672249352494029
"NightPWake"	307574	1428812	0.667026174338268	0.669649143025418	0.665667513195093	0.668386764708918
"NightPWake"	310317	1428812	0.663170220723346	0.665874104053288	0.661819232862054	0.664523125990529
"NightPWake"	313084	1428812	0.659314908811341	0.6620617814158	0.657971568420496	0.66066015489293
"NightPWake"	315876	1428812	0.655459146645031	0.65820948010732	0.654123430266637	0.65679675710121
"NightPWake"	318693	1428812	0.651603245962606	0.654226471241595	0.65027512970251	0.652933244789762
"NightPWake"	321535	1428812	0.647747510341341	0.650401970736214	0.646426969893339	0.649069921947908
"NightPWake"	324402	1428812	0.643892235341316	0.646516548868219	0.642579246010594	0.645207084524293
"NightPWake"	327295	1428812	0.640036381724399	0.642606453497346	0.638730921037132	0.641343691055858
"NightPWake"	330214	1428812	0.636180264624055	0.638848458422926	0.634882309670305	0.637480057112249
"NightPWake"	333159	1428812	0.632324190952781	0.634931536479378	0.631033718410479	0.633616490018109
"NightPWake"	336130	1428812	0.628468459545863	0.63119450341256	0.627185445704141	0.629753288997493
"NightPWake"	339127	1428812	0.624613361305114	0.627382533821043	0.623337782086995	0.625890745318253
"NightPWake"	342151	1428812	0.620757910032242	0.623629290550073	0.619489743453412	0.6220278706858
"NightPWake"	345202	1428812	0.61690241483725	0.619774282046933	0.615641638504285	0.61816497461928
"NightPWake"	348281	1428812	0.613045929747509	0.615874278222915	0.611792523260425	0.614301109149215
"NightPWake"	351386	1428812	0.609191252747563	0.611900575415451	0.607945190556028	0.610439077417281
"NightPWake"	354520	1428812	0.605334960897903	0.608022778193104	0.604096224165116	0.606575449760342
"NightPWake"	357681	1428812	0.601479825060455	0.604086788489511	0.600248389872752	0.602713002123821
"NightPWake"	360871	1428812	0.597623707682498	0.600300325440944	0.596399554367397	0.598849592707316
"NightPWake"	364089	1428812	0.593768127375611	0.596294519515265	0.592551233580945	0.594986742805309
"NightPWake"	367336	1428812	0.589912187602586	0.592578500518222	0.588702532858124	0.591123553995514
"NightPWake"	370611	1428812	0.586057369590934	0.588668235812536	0.58485493084484	0.58726151009007
"NightPWake"	373916	1428812	0.582201620588854	0.584819576344244	0.581006378827134	0.583398554293278
"NightPWake"	377251	1428812	0.578345264966283	0.580974935443364	0.577157200751496	0.579535011398622
"NightPWake"	380615	1428812	0.574489759744937	0.576993463676809	0.573308851124868	0.575672340945498
"NightPWake"	384009	1428812	0.570634251468756	0.573157044830755	0.569460478277725	0.571809687688385
"NightPWake"	387433	1428812	0.566779040063472	0.569336496756966	0.565612381779639	0.567947351909159
"NightPWake"	390888	1428812	0.562923306455525	0.565367233825858	0.561763744264403	0.564084512824156
"NightPWake"	394374	1428812	0.559067364267347	0.561451322742958	0.557914878970017	0.560221484440286
"NightPWake"	397891	1428812	0.555211518927431	0.557565700969133	0.554066090962861	0.556358572548162
"NightPWake"	401439	1428812	0.551356067814063	0.553570021829864	0.550217677280839	0.552496074866424
"NightPWake"	405019	1428812	0.547500228114615	0.549763212266234	0.546368856741452	0.548633206949735
"NightPWake"	408630	1428812	0.543645372770864	0.545949787338273	0.542520999993723	0.544771344035122
"NightPWake"	412274	1428812	0.53978966877919	0.542054552625906	0.538672277566149	0.540908649581867
"NightPWake"	415951	1428812	0.535933438334668	0.538252433080008	0.534823011264904	0.537045446174032
"NightPWake"	419660	1428812	0.53207803016086	0.534337624270301	0.530974547585493	0.533183084765615
"NightPWake"	423402	1428812	0.528222696742119	0.530503458767438	0.527126140571777	0.529320816279053
"NightPWake"	427178	1428812	0.524366719257085	0.526623989926302	0.523277072897846	0.525457920395251
"NightPWake"	430987	1428812	0.520511422262948	0.522807816307335	0.519428666956839	0.521595723837725
"NightPWake"	434831	1428812	0.516655090134074	0.518858472027096	0.515579210397953	0.51773250770156
"NightPWake"	438708	1428812	0.512800029994309	0.514832439121987	0.511731006445201	0.513870583014814
"NightPWake"	442620	1428812	0.508944545772643	0.510847610394927	0.507882362263132	0.510008250466556
"NightPWake"	446567	1428812	0.505088948454038	0.506903197990501	0.504033588496438	0.506145821382047
"NightPWake"	450550	1428812	0.501232576954097	0.503060670310582	0.500184025441581	0.502282633294002
"NightPWake"	454567	1428812	0.49737766247238	0.499135323375432	0.496335900581464	0.498420921122687
"NightPWake"	458621	1428812	0.493521625546574	0.49532800855119	0.492486639218984	0.494558100634535
"NightPWake"	462711	1428812	0.489665734234414	0.491363908741778	0.48863750739932	0.490695441901866
"NightPWake"	466837	1428812	0.485810284643124	0.48745434408074	0.484788800937692	0.486833241323875
"NightPWake"	471000	1428812	0.481954642925034	0.483643139971989	0.480939887321888	0.482970863715515
"NightPWake"	475200	1428812	0.478099114005989	0.479777253240206	0.477091071172484	0.479108614307905
"NightPWake"	479438	1428812	0.474243088929131	0.475987056967565	0.473241744819991	0.475245882855
"NightPWake"	483713	1428812	0.470387778536104	0.472105994378522	0.469393117235276	0.471383882071016
"NightPWake"	488026	1428812	0.466532573942816	0.468129117521568	0.465544580827965	0.467522001776326
"NightPWake"	492378	1428812	0.462676890107416	0.464182003878625	0.461695551801926	0.463659655681638
"NightPWake"	496769	1428812	0.458821039511515	0.460345645433293	0.457846342334153	0.459797156573209
"NightPWake"	501199	1428812	0.454965326463049	0.456330448497078	0.453997256449039	0.455934809042523
"NightPWake"	505668	1428812	0.45111004724	0.452435726197897	0.450148590161596	0.452072909630505
"NightPWake"	510178	1428812	0.447253787707634	0.448581721321747	0.446298932005815	0.448210041530474
"NightPWake"	514727	1428812	0.443398561127481	0.444788223080243	0.442450292045663	0.444348221204709
"NightPWake"	519317	1428812	0.439542967569706	0.440875330009672	0.438601272997867	0.440486046073651
"NightPWake"	523948	1428812	0.435687316544208	0.436869101850731	0.434752184096817	0.436623825922725
"NightPWake"	528621	1428812	0.431831087877228	0.432987757468379	0.430902506308479	0.432761039436966
"NightPWake"	533334	1428812	0.427976225365937	0.429248135346616	0.427054180392225	0.42889963345428
"NightPWake"	538090	1428812	0.424120571487765	0.425319513222214	0.423205052750462	0.425037446522713
"NightPWake"	542889	1428812	0.420264446920421	0.421410066343755	0.41935544377969	0.421174799601242
"NightPWake"	547730	1428812	0.416408956923357	0.417569574665715	0.415506457143394	0.417312799546688
"NightPWake"	552614	1428812	0.412553598768261	0.413719960458285	0.411657591239045	0.413450942503537
"NightPWake"	557542	1428812	0.408697889854678	0.409800388480228	0.407808364556236	0.409588744779934
"NightPWake"	562514	1428812	0.404842139293313	0.405984443785217	0.403959085966664	0.405726515725615
"NightPWake"	567530	1428812	0.400986648080499	0.402023052762782	0.400110056248685	0.401864556554877
"NightPWake"	572591	1428812	0.39713095076814	0.398164814239882	0.396260811025133	0.398002400747405
"NightPWake"	577697	1428812	0.393275352662301	0.394233962782918	0.392411655385874	0.394140353825464
"NightPWake"	582849	1428812	0.389419405897248	0.390340504832951	0.388562142512388	0.390277966874879
"NightPWake"	588046	1428812	0.385564158122612	0.386438287993156	0.384713318611972	0.386416288988815
"NightPWake"	593290	1428812	0.381708426729975	0.382555101801069	0.380864003357014	0.382554135275644
"NightPWake"	598581	1428812	0.377852524327158	0.378650242879867	0.377014509147711	0.378691818550836
"NightPWake"	603919	1428812	0.373996755345887	0.374847094086178	0.373165140229885	0.374829643432024
"NightPWake"	609304	1428812	0.370141416185526	0.370976952237626	0.369316192838351	0.370967906483095
"NightPWake"	614738	1428812	0.366285382411567	0.367136948502527	0.365466544733651	0.367105481072269
"NightPWake"	620220	1428812	0.362429672475418	0.363307541959212	0.361617213017274	0.363243387001986
"NightPWake"	625750	1428812	0.358574577758244	0.359478812493474	0.357768488934838	0.359381915788919
"NightPWake"	631330	1428812	0.354719006031329	0.355629366685902	0.353919282413481	0.355519973046372
"NightPWake"	636960	1428812	0.35086326969121	0.35175907034735	0.350069905689941	0.351657871330709
"NightPWake"	642640	1428812	0.347007672962719	0.347755593497564	0.346220662851872	0.347795915003936
"NightPWake"	648371	1428812	0.343151842217602	0.343773350183644	0.342371181258728	0.343933729449095
"NightPWake"	654153	1428812	0.339296083526846	0.339883329497594	0.338521766857167	0.340071620861507
"NightPWake"	659986	1428812	0.33544069490031	0.336059854609804	0.33467271755557	0.336209887352491
"NightPWake"	665872	1428812	0.331584661989121	0.33216708895107	0.330823021069103	0.332347512507242
"NightPWake"	671810	1428812	0.327728948149452	0.328332029084083	0.326973639575886	0.328485460860932
"NightPWake"	677800	1428812	0.323873844888634	0.324440693258509	0.323124864520405	0.324624023983702
"NightPWake"	683845	1428812	0.320017730675585	0.320532128329793	0.319275077457289	0.320761577256066
"NightPWake"	689943	1428812	0.316162190996825	0.316696245269768	0.315425861705616	0.316899708333773
"NightPWake"	696095	1428812	0.312306886703735	0.312833250487314	0.311576879118784	0.313038077065291
"NightPWake"	702303	1428812	0.30845087463357	0.309006083210704	0.307727188536446	0.309175738283778
"NightPWake"	708565	1428812	0.304595699193536	0.305132548849606	0.303878332301655	0.305314238462271
"NightPWake"	714884	1428812	0.300739815651011	0.301328893100043	0.300028768693774	0.301452029853679
"NightPWake"	721259	1428812	0.296884144683709	0.297397158659573	0.296179417374004	0.297590034153058
"NightPWake"	727691	1428812	0.293028383775517	0.293454604495395	0.292329976828022	0.293727947841705
"NightPWake"	734180	1428812	0.289172835194432	0.289630427908838	0.2884807493482	0.289866073163237
"NightPWake"	740727	1428812	0.285317206905883	0.285758281843453	0.28463144391324	0.286004117069035
"NightPWake"	747332	1428812	0.28146180087803	0.281871316819415	0.2807823625459	0.282142381472654
"NightPWake"	753997	1428812	0.277605759109927	0.278091329361897	0.276932649219315	0.278280006397598
"NightPWake"	760720	1428812	0.273750540078692	0.274254933616826	0.273083760599848	0.274418452133194
"NightPWake"	767504	1428812	0.269894724378487	0.270435940205404	0.269234280213122	0.27055629633998
"NightPWake"	774348	1428812	0.266039188460095	0.266536299506665	0.265385083690171	0.266694416289206
"NightPWake"	781253	1428812	0.262183668926954	0.262711123210349	0.261535908706628	0.262832547511414
"NightPWake"	788220	1428812	0.258327914214511	0.258904366474943	0.257686504772933	0.258970437366384
"NightPWake"	795249	1428812	0.254472230406527	0.255006450955463	0.253837178151701	0.255108391759029
"NightPWake"	802341	1428812	0.250616374240879	0.251137014733881	0.249987686688099	0.25124616631928
"NightPWake"	809496	1428812	0.246760650173913	0.247261073505679	0.246138335066521	0.247384065275441
"NightPWake"	816714	1428812	0.242905354629368	0.243473429919605	0.242289419975347	0.243522384786589
"NightPWake"	823997	1428812	0.239049722023441	0.239622003880312	0.238440177881275	0.239660357217173
"NightPWake"	831345	1428812	0.235194061088952	0.235739408909681	0.234590917819658	0.235798290997492
"NightPWake"	838759	1428812	0.231338154668515	0.231914921880081	0.230741423838536	0.231935967764143
"NightPWake"	846238	1428812	0.227482822358343	0.228051859117325	0.226892515045987	0.228074207602053
"NightPWake"	853785	1428812	0.223626822863261	0.224211938940381	0.223042953126602	0.224211766234545
"NightPWake"	861398	1428812	0.219771482026544	0.220338585848631	0.219194062658	0.220349970771688
"NightPWake"	869080	1428812	0.215915583189533	0.216540227797705	0.215344630003712	0.216487601530953
"NightPWake"	876830	1428812	0.212059936255169	0.212767714004819	0.211495464739073	0.212625468743446
"NightPWake"	884649	1428812	0.208204343557205	0.208956714503373	0.20764637060144	0.208763373338767
"NightPWake"	892537	1428812	0.204349103535299	0.205020774365246	0.20379764664516	0.204901613141872
"NightPWake"	900497	1428812	0.200493059852148	0.201073951436823	0.199948139661913	0.201039028684926
"NightPWake"	908527	1428812	0.196637489641608	0.197260472470308	0.196099125848495	0.197176898039879
"NightPWake"	916628	1428812	0.192782206523815	0.193442218481305	0.192250420419121	0.193315033232264
"NightPWake"	924802	1428812	0.188926563529694	0.189592051714413	0.188401378854597	0.189452784842136
"NightPWake"	933049	1428812	0.185070869994112	0.185749739892928	0.184552311376119	0.185590461318047
"NightPWake"	941370	1428812	0.181214965790368	0.181912733130394	0.180703059618852	0.18172790077096
"NightPWake"	949764	1428812	0.177359613658635	0.178053048506479	0.176854386564656	0.17786586569982
"NightPWake"	958234	1428812	0.1735037392255	0.174188446559847	0.173005221345603	0.174003278224348
"NightPWake"	966779	1428812	0.169648105367151	0.170390720014217	0.169156327248017	0.170140900811055
"NightPWake"	975400	1428812	0.1657925603875	0.166479338700849	0.16530755466846	0.166278579670749
"NightPWake"	984098	1428812	0.161936960492026	0.162561823347123	0.161458762001291	0.162416168819596
"NightPWake"	992874	1428812	0.158081169578805	0.158790117813155	0.157609815439427	0.158553529860405
"NightPWake"	1001728	1428812	0.154225492579386	0.15497145266241	0.153761021549752	0.154690966089393
"NightPWake"	1010661	1428812	0.150369796670812	0.15106306226422	0.14991225005593	0.150828342136566
"NightPWake"	1019673	1428812	0.146514382239087	0.147126148163229	0.146063803258768	0.146965956473119
"NightPWake"	1028766	1428812	0.142658697407618	0.143150925132981	0.142215132899297	0.143103253604037
"NightPWake"	1037940	1428812	0.138803049169482	0.139244672269345	0.138366548214247	0.139240538278749
"NightPWake"	1047196	1428812	0.134947321719216	0.135382731497794	0.134517936604307	0.135377691485254
"NightPWake"	1056534	1428812	0.131091817035048	0.131538368117053	0.130669602695416	0.131515012554069
"NightPWake"	1065956	1428812	0.127236014260957	0.127620516452563	0.126821030047824	0.127651976212155
"NightPWake"	1075461	1428812	0.123380624967097	0.123789089694747	0.122972932603542	0.123789291658177
"NightPWake"	1085052	1428812	0.119524737346153	0.119935640166116	0.11912440428414	0.11992604135486
"NightPWake"	1094728	1428812	0.115669061143861	0.116037217955476	0.115276157816966	0.116062932066682
"NightPWake"	1104490	1428812	0.111813497479686	0.112139742744082	0.111428099197186	0.11219986003706
"NightPWake"	1114339	1428812	0.107957953521152	0.108310370795525	0.107580140873542	0.108336727151951
"NightPWake"	1124276	1428812	0.10410234231563	0.104418904640156	0.103732201633439	0.104473440718364
"NightPWake"	1134302	1428812	0.100246582625719	0.100523678288583	0.0998842065005892	0.100609913237457
"NightPWake"	1144417	1428812	0.0963909782577954	0.0966712167059747	0.0960364653577069	0.0967464424392693
"NightPWake"	1154622	1428812	0.0925354488615925	0.092793472420211	0.0921889053791127	0.0928829404486261
"NightPWake"	1164918	1428812	0.0886799195056216	0.0889170004014416	0.0883414599375545	0.0890193240294886
"NightPWake"	1175306	1428812	0.0848243205227635	0.0850135480739529	0.0844940685725969	0.0851555143077491
"NightPWake"	1185787	1428812	0.0809685873591205	0.0811459148286459	0.0806466769878085	0.0812914364717479
"NightPWake"	1196361	1428812	0.0771130234389501	0.0772833628922479	0.0767995992901595	0.0774273832630285
"NightPWake"	1207030	1428812	0.0732572045633998	0.073389546719702	0.0729524250130217	0.0735629167499364
"NightPWake"	1217794	1428812	0.0694014373510089	0.0694538836186707	0.0691054746191511	0.069698329706798
"NightPWake"	1228653	1428812	0.0655460203495417	0.0655682130256946	0.0652590625318315	0.0658339048058497
"NightPWake"	1239610	1428812	0.0616901931349461	0.0616829595147677	0.061412449199237	0.0619688607499892
"NightPWake"	1250664	1428812	0.0578346136594518	0.05785349115267	0.0575663131711748	0.0581038348941422
"NightPWake"	1261817	1428812	0.0539788869096929	0.0539802796648967	0.0537202863509249	0.0542384053077638
"NightPWake"	1273069	1428812	0.0501233166525562	0.050132531980632	0.0498747024727777	0.0503728457903363
"NightPWake"	1284421	1428812	0.0462678605101095	0.046279440010813	0.0460295560668443	0.0465070770556224
"NightPWake"	1295875	1428812	0.04241214504376	0.0424324572523767	0.0421845194751763	0.0426406798838839
"NightPWake"	1307431	1428812	0.0385564769626606	0.0385703625195804	0.0383399538920146	0.0387739064991885
"NightPWake"	1319090	1428812	0.0347008256658174	0.034765833969513	0.0344958984588978	0.0349066565577641
"NightPWake"	1330853	1428812	0.0308451642626255	0.0309388441953455	0.0306524161965716	0.0310388132574142
"NightPWake"	1342721	1428812	0.0269894694558993	0.027123093253818	0.0268096031093392	0.027170233999227
"NightPWake"	1354694	1428812	0.0231340420123278	0.0232452656052031	0.0229679229271911	0.0233010565865794
"NightPWake"	1366775	1428812	0.0192782214770535	0.0193863166248238	0.0191269542397031	0.0194303815194921
"NightPWake"	1378963	1428812	0.0154226330424212	0.0155636054836338	0.0152876838181444	0.0155584724115884
"NightPWake"	1391260	1428812	0.0115669461537136	0.0116439693622274	0.0114503963321072	0.011684383483347
"NightPWake"	1403666	1428812	0.00771146328543058	0.00778857406607206	0.00761659220471221	0.00780721926048269
"NightPWake"	1416183	1428812	0.00385586558368312	0.00391144565691583	0.00378905804500769	0.00392355542493027
"NightPWake"	1428812	1428812	1.51977502240161e-07	4.34294699063126e-07	7.69547307875778e-09	1.12125317490794e-06
"NightPDoze"	1	1428812	6.45600508468319	6.06638618790221	5.58808118614251	7.7515489911084
"NightPDoze"	2	1428812	5.97888382996352	6.06638618790221	5.40899247187304	6.7707841977896
"NightPDoze"	3	1428812	5.75703508034717	5.61667843109597	5.2961568063128	6.36351433175329
"NightPDoze"	4	1428812	5.61090704466893	5.61667843109597	5.2121114320032	6.11760194399391
"NightPDoze"	5	1428812	5.50176257524386	5.35303098062938	5.14460870796777	5.94452607560786
"NightPDoze"	6	1428812	5.41461239952496	5.35303098062938	5.08796732186177	5.81217820573161
"NightPDoze"	7	1428812	5.34206173237635	5.32158633770386	5.03905047605807	5.70559448437545
"NightPDoze"	8	1428812	5.2799138256275	5.25339304261009	4.99593038895917	5.61667331889984
"NightPDoze"	9	1428812	5.22555616330491	5.22487544720856	4.9573321800234	5.54056528441907
"NightPDoze"	10	1428812	5.17725148373036	4.96196034473636	4.92236633081577	5.47415063480451
"NightPDoze"	11	1428812	5.13378578994927	4.96098267800259	4.89038622679355	5.41531027647687
"NightPDoze"	12	1428812	5.09427724866559	4.93097975858911	4.86090633120729	5.36254238705642
"NightPDoze"	13	1428812	5.05806507601115	4.83009349491223	4.83355233146386	5.31474570309114
"NightPDoze"	14	1428812	5.0246413205242	4.79337108475567	4.80802929438253	5.27108977484634
"NightPDoze"	15	1428812	4.99360708678423	4.77512523004816	4.78410051939201	5.23093356160598
"NightPDoze"	16	1428812	4.96464339084891	4.773000779051	4.7615730318943	5.19377232715579
"NightPDoze"	17	1428812	4.9374911448053	4.7546131971193	4.74028735304873	5.15920183710958
"NightPDoze"	18	1428812	4.91193704033291	4.75069399985305	4.72011011171758	5.12689353050522
"NightPDoze"	19	1428812	4.88780336061619	4.69233498381161	4.70092859739	5.09657687595495
"NightPDoze"	20	1428812	4.86494047765669	4.6849600826537	4.68264667046555	5.06802656249515
"NightPDoze"	21	1428812	4.84322122796345	4.6849600826537	4.6651816418041	5.04105302333312
"NightPDoze"	22	1428812	4.8225366291036	4.66776762635595	4.6484618573704	5.01549530678885
"NightPDoze"	23	1428812	4.80279257090784	4.64905263296314	4.63242480437718	4.99121563201153
"NightPDoze"	24	1428812	4.78390722674747	4.64905263296314	4.61701560893327	4.96809517481626
"NightPDoze"	25	1428812	4.76580900465467	4.63809470597658	4.60218583159852	4.94603076561509
"NightPDoze"	26	1428812	4.74843490858525	4.60848621928415	4.58789249242127	4.92493227314267
"NightPDoze"	27	1428812	4.7317292150824	4.5774232909436	4.57409727474062	4.90472051042184
"NightPDoze"	28	1428812	4.71564239518894	4.52917805045999	4.56076586968157	4.88532554307219
"NightPDoze"	29	1428812	4.70013022901069	4.52136569627592	4.54786743243036	4.86668531091841
"NightPDoze"	30	1428812	4.68515307304104	4.49891196843826	4.53537412809687	4.84874449597357
"NightPDoze"	31	1428812	4.67067524967242	4.49181111707622	4.52326074995958	4.8314535859386
"NightPDoze"	32	1428812	4.6566645352296	4.47912885396084	4.51150439663313	4.81476809417196
"NightPDoze"	33	1428812	4.64309172804033	4.47783756242564	4.50008419753777	4.79864790586659
"NightPDoze"	34	1428812	4.62993028198236	4.44456574915588	4.48898107822383	4.78305672677114
"NightPDoze"	35	1428812	4.61715599394593	4.43236792726914	4.47817755878253	4.76796161580023
"NightPDoze"	36	1428812	4.60474673596411	4.42082827512514	4.46765757988234	4.75333258671202
"NightPDoze"	37	1428812	4.59268222456273	4.41358374652512	4.45740635199538	4.73914226699294
"NightPDoze"	38	1428812	4.58094382129149	4.40164510004808	4.44741022418974	4.72536560439363
"NightPDoze"	39	1428812	4.5695143595107	4.40160349057625	4.43765656950901	4.71197961336818
"NightPDoze"	40	1428812	4.55837799339274	4.400830061591	4.42813368447743	4.69896315509654
"NightPDoze"	41	1428812	4.54752006580454	4.39462814446227	4.41883070068595	4.68629674590496
"NightPDoze"	42	1428812	4.53692699230711	4.39214196698022	4.40973750675243	4.6739623898084
"NightPDoze"	43	1428812	4.52658615896889	4.38520082752515	4.40084467922468	4.66194343162948
"NightPDoze"	44	1428812	4.51648583206457	4.38500054705801	4.39214342122064	4.65022442774122
"NightPDoze"	45	1428812	4.50661507803827	4.38401629971152	4.38362550778608	4.63879103196214
"NightPDoze"	46	1428812	4.49696369236209	4.3838743732372	4.37528323710372	4.62762989452687
"NightPDoze"	47	1428812	4.48752213612925	4.37216118393361	4.36710938681564	4.61672857237929
"NightPDoze"	48	1428812	4.47828147939434	4.37216118393361	4.35909717482733	4.60607544930273
"NightPDoze"	49	1428812	4.46923335041694	4.36983562942015	4.35124022405132	4.59565966462421
"NightPDoze"	50	1428812	4.46036989008564	4.36720269422299	4.34353253062318	4.58547104941395
"NightPDoze"	51	1428812	4.45168371090054	4.36720269422299	4.3359684351865	4.57550006925685
"NightPDoze"	52	1428812	4.44316785997801	4.36217517249269	4.32854259689695	4.56573777280166
"NightPDoze"	53	1428812	4.43481578561325	4.33227534782809	4.32124996984148	4.55617574540389
"NightPDoze"	54	1428812	4.42662130699798	4.33099197820182	4.31408578160757	4.54680606727022
"NightPDoze"	55	1428812	4.41857858674256	4.3300967064865	4.30704551377098	4.53762127559151
"NightPDoze"	56	1428812	4.41068210589653	4.32705932028071	4.30012488409889	4.52861433021763
"NightPDoze"	57	1428812	4.40292664119977	4.31488822120223	4.29331983029031	4.51977858248511
"NightPDoze"	58	1428812	4.39530724432957	4.30275670422806	4.28662649509651	4.51110774685711
"NightPDoze"	59	1428812	4.38781922293702	4.3004683818902	4.28004121268318	4.50259587507736
"NightPDoze"	60	1428812	4.38045812329065	4.27636375154896	4.27356049611138	4.49423733257601
"NightPDoze"	61	1428812	4.37321971436674	4.27636375154896	4.26718102582905	4.48602677689644
"NightPDoze"	62	1428812	4.36609997324379	4.2702530302969	4.26089963907612	4.47795913793948
"NightPDoze"	63	1428812	4.35909507167513	4.2702530302969	4.2547133201176	4.47002959984458
"NightPDoze"	64	1428812	4.35220136372723	4.26547619106468	4.24861919122797	4.4622335843483
"NightPDoze"	65	1428812	4.34541537438394	4.24909606051736	4.24261450435826	4.45456673547828
"NightPDoze"	66	1428812	4.33873378902742	4.24017734748093	4.23669663342482	4.44702490545632
"NightPDoze"	67	1428812	4.3321534437161	4.23863304901813	4.23086306716453	4.43960414169803
"NightPDoze"	68	1428812	4.32567131618818	4.2382096848913	4.22511140250734	4.43230067480853
"NightPDoze"	69	1428812	4.31928451752678	4.21742132346446	4.21943933842166	4.42511090748414
"NightPDoze"	70	1428812	4.31299028442909	4.20963108222258	4.21384467019257	4.41803140423951
"NightPDoze"	71	1428812	4.30678597202781	4.20721132269152	4.20832528409672	4.41105888188763
"NightPDoze"	72	1428812	4.30066904721812	4.20595972351147	4.20287915244143	4.40419020070777
"NightPDoze"	73	1428812	4.29463708244821	4.20434031269757	4.19750432893826	4.39742235624254
"NightPDoze"	74	1428812	4.28868774993501	4.19592465980547	4.19219894438444	4.39075247167126
"NightPDoze"	75	1428812	4.28281881627091	4.17690610801802	4.18696120262774	4.38417779071178
"NightPDoze"	76	1428812	4.27702813739002	4.17502918872638	4.18178937679277	4.37769567100751
"NightPDoze"	77	1428812	4.27131365386559	4.17498045266876	4.1766818057485	4.37130357796052
"NightPDoze"	78	1428812	4.26567338651289	4.17070008758153	4.17163689079887	4.36499907897517
"NightPDoze"	79	1428812	4.26010543227395	4.1558248850948	4.16665309257951	4.35877983807985
"NightPDoze"	80	1428812	4.25460796036273	4.14571461045553	4.16172892814561	4.35264361089766
"NightPDoze"	81	1428812	4.24917920865134	4.13753646473534	4.15686296823665	4.34658823993911
"NightPDoze"	82	1428812	4.24381748027923	4.13753646473534	4.15205383470548	4.34061165019262
"NightPDoze"	83	1428812	4.23852114046928	4.13753646473534	4.14730019809988	4.33471184499035
"NightPDoze"	84	1428812	4.2332886135356	4.12946325136459	4.14260077538591	4.32888690212919
"NightPDoze"	85	1428812	4.22811838006951	4.12904742766793	4.13795432780307	4.32313497022821
"NightPDoze"	86	1428812	4.22300897429103	4.1280198125191	4.13335965884241	4.31745426530554
"NightPDoze"	87	1428812	4.21795898155439	4.12368803397006	4.12881561233893	4.31184306755902
"NightPDoze"	88	1428812	4.21296703599689	4.12134035511439	4.12432107067082	4.30629971833623
"NightPDoze"	89	1428812	4.20803181832138	4.11704650221796	4.11987495305835	4.30082261728087
"NightPDoze"	90	1428812	4.20315205370329	4.11563518030147	4.11547621395575	4.29541021964307
"NightPDoze"	91	1428812	4.198326509814	4.08717078106813	4.11112384153022	4.29006103374277
"NightPDoze"	92	1428812	4.19355399495276	4.06343448707491	4.10681685622233	4.28477361857569
"NightPDoze"	93	1428812	4.18883335628017	4.06270081476809	4.10255430938257	4.27954658155235
"NightPDoze"	94	1428812	4.18416347814669	4.05720497432788	4.09833528197952	4.27437857636159
"NightPDoze"	95	1428812	4.17954328050994	4.05694989869633	4.09415888337479	4.26926830095024
"NightPDoze"	96	1428812	4.17497171743546	4.05232909850008	4.090024250161	4.26421449561159
"NightPDoze"	97	1428812	4.17044777567541	4.04508051906949	4.08593054505858	4.25921594117574
"NightPDoze"	98	1428812	4.16597047332067	4.0345673326757	4.0818769558682	4.25427145729523
"NightPDoze"	99	1428812	4.16153885852159	4.03147642579796	4.07786269447519	4.24937990082024
"NightPDoze"	100	1428812	4.15715200827348	4.02552146781038	4.07388699590305	4.24454016425762
"NightPDoze"	101	1428812	4.1528090272627	4.02495670260992	4.06994911741315	4.23975117430869
"NightPDoze"	102	1428812	4.14850904676997	4.01781246719134	4.06604833764784	4.23501189048108
"NightPDoze"	103	1428812	4.14425122362743	4.00880716240198	4.06218395581459	4.23032130377011
"NightPDoze"	104	1428812	4.14003473922627	4.00644958931444	4.05835529090881	4.22567843540554
"NightPDoze"	105	1428812	4.13585879857213	4.00644958931444	4.05456168097304	4.22108233566002
"NightPDoze"	106	1428812	4.13172262938549	4.0063283883732	4.05080248239066	4.21653208271537
"NightPDoze"	107	1428812	4.12762548124445	4.00615391841874	4.04707706921207	4.21202678158366
"NightPDoze"	108	1428812	4.12356662476758	4.00174458594176	4.04338483251164	4.20756556307965
"NightPDoze"	109	1428812	4.11954535083466	4.00125867040645	4.03972517977368	4.20314758284195
"NightPDoze"	110	1428812	4.11556096984307	3.99218396889808	4.036097534306	4.19877202039996
"NightPDoze"	111	1428812	4.11161281099807	3.98933121935284	4.0325013346794	4.19443807828424
"NightPDoze"	112	1428812	4.10770022163502	3.98593331343098	4.02893603419188	4.19014498117765
"NightPDoze"	113	1428812	4.10382256657182	3.98541646371056	4.02540110035623	4.18589197510536
"NightPDoze"	114	1428812	4.09997922749006	3.98229068986819	4.02189601440968	4.18167832666133
"NightPDoze"	115	1428812	4.0961696023433	3.97878174892966	4.01842027084471	4.17750332226952
"NightPDoze"	116	1428812	4.09239310479104	3.97685870104633	4.01497337695961	4.17336626747782
"NightPDoze"	117	1428812	4.08864916365717	3.97562928367024	4.01155485242814	4.16926648628315
"NightPDoze"	118	1428812	4.08493722241145	3.97539530759199	4.00816422888705	4.16520332048586
"NightPDoze"	119	1428812	4.08125673867308	3.97346264994106	4.00480104954074	4.16117612907223
"NightPDoze"	120	1428812	4.07760718373505	3.97267078211618	4.00146486878211	4.15718428762328
"NightPDoze"	121	1428812	4.07398804210832	3.97165245844126	3.99815525182892	4.15322718774886
"NightPDoze"	122	1428812	4.07039881108487	3.96869658711817	3.99487177437477	4.14930423654552
"NightPDoze"	123	1428812	4.06683900031865	3.96319550634463	3.99161402225412	4.14541485607707
"NightPDoze"	124	1428812	4.06330813142352	3.95730244551651	3.98838159112058	4.14155848287673
"NightPDoze"	125	1428812	4.05980573758745	3.94799131424524	3.98517408613794	4.13773456746967
"NightPDoze"	126	1428812	4.05633136320215	3.94799131424524	3.98199112168324	4.13394257391515
"NightPDoze"	127	1428812	4.05288456350737	3.94758311013554	3.97883232106137	4.13018197936711
"NightPDoze"	128	1428812	4.04946490424923	3.94272577451758	3.9756973162307	4.12645227365244
"NightPDoze"	129	1428812	4.04607196135189	3.94062594093404	3.97258574753914	4.12275295886603
"NightPDoze"	130	1428812	4.04270532060193	3.93874360087393	3.96949726347027	4.11908354898188
"NightPDoze"	131	1428812	4.0393645773449	3.93516029893944	3.96643152039895	4.11544356947941
"NightPDoze"	132	1428812	4.03604933619343	3.92772436173211	3.96338818235613	4.11183255698433
"NightPDoze"	133	1428812	4.03275921074638	3.92644293662212	3.96036692080234	4.1082500589234
"NightPDoze"	134	1428812	4.02949382331861	3.92325763831879	3.95736741440952	4.10469563319243
"NightPDoze"	135	1428812	4.02625280468078	3.92317393784145	3.95438934885079	4.10116884783686
"NightPDoze"	136	1428812	4.02303579380878	3.91947813149184	3.95143241659793	4.09766928074446
"NightPDoze"	137	1428812	4.01984243764243	3.91412100717444	3.94849631672603	4.09419651934951
"NightPDoze"	138	1428812	4.01667239085292	3.91338393998633	3.9455807547252	4.090750160348
"NightPDoze"	139	1428812	4.01352531561874	3.91338393998633	3.94268544231895	4.08732980942336
"NightPDoze"	140	1428812	4.01040088140959	3.91074858743432	3.93981009728896	4.08393508098222
"NightPDoze"	141	1428812	4.00729876477811	3.90844910421005	3.93695444330592	4.08056559789981
"NightPDoze"	142	1428812	4.00421864915889	3.90667288925561	3.93411820976637	4.07722099127455
"NightPDoze"	143	1428812	4.00116022467468	3.90513074681045	3.93130113163504	4.07390090019143
"NightPDoze"	144	1428812	3.99812318794919	3.90489344267134	3.92850294929268	4.07060497149389
"NightPDoze"	145	1428812	3.99510724192664	3.90063017361016	3.92572340838899	4.06733285956366
"NightPDoze"	146	1428812	3.99211209569728	3.90046783150653	3.92296225970061	4.06408422610846
"NightPDoze"	147	1428812	3.98913746432908	3.89500787124049	3.92021925899376	4.06085873995697
"NightPDoze"	148	1428812	3.98618306870502	3.89261363404693	3.91749416689157	4.05765607686106
"NightPDoze"	149	1428812	3.98324863536597	3.89013471769508	3.91478674874572	4.05447591930468
"NightPDoze"	150	1428812	3.98033389635876	3.88955171092747	3.91209677451234	4.05131795631937
"NightPDoze"	151	1428812	3.97743858908934	3.88629390408996	3.90942401863197	4.04818188330603
"NightPDoze"	152	1428812	3.97456245618088	3.88381746175557	3.90676825991338	4.04506740186267
"NightPDoze"	153	1428812	3.9717052453364	3.87877511516456	3.90412928142114	4.04197421961792
"NightPDoze"	154	1428812	3.968866709206	3.87872912505259	3.90150687036686	4.03890205007015
"NightPDoze"	155	1428812	3.96604660525835	3.87036165916665	3.8989008180038	4.03585061243184
"NightPDoze"	156	1428812	3.96324469565635	3.87002024533029	3.89631091952483	4.03281963147908
"NightPDoze"	157	1428812	3.96046074713674	3.86614506580385	3.89373697396368	4.02980883740602
"NightPDoze"	158	1428812	3.95769453089358	3.8627060356159	3.89117878409914	4.02681796568397
"NightPDoze"	159	1428812	3.95494582246543	3.85068233524074	3.88863615636238	4.02384675692511
"NightPDoze"	160	1428812	3.952214401626	3.84640767334318	3.88610890074696	4.02089495675052
"NightPDoze"	161	1428812	3.94950005227831	3.83612036648012	3.88359683072177	4.01796231566241
"NightPDoze"	162	1428812	3.94680256235208	3.83289838886912	3.88109976314648	4.01504858892043
"NightPDoze"	163	1428812	3.94412172370431	3.83150251647697	3.87861751818965	4.0121535364218
"NightPDoze"	164	1428812	3.9414573320229	3.82730660019656	3.87614991924922	4.00927692258526
"NightPDoze"	165	1428812	3.93880918673321	3.82438672781542	3.87369679287547	4.00641851623854
"NightPDoze"	166	1428812	3.93617709090747	3.82113235911227	3.87125796869617	4.00357809050937
"NightPDoze"	167	1428812	3.93356085117687	3.8202960026555	3.86883327934404	4.0007554227198
"NightPDoze"	168	1428812	3.93096027764634	3.8160244674661	3.86642256038623	3.99795029428373
"NightPDoze"	169	1428812	3.92837518381185	3.81052091577954	3.86402565025599	3.99516249060756
"NightPDoze"	170	1428812	3.9258053864801	3.80999624790482	3.86164239018618	3.99239180099382
"NightPDoze"	171	1428812	3.92325070569069	3.80937700195734	3.85927262414486	3.98963801854774
"NightPDoze"	172	1428812	3.92071096464041	3.80758588693053	3.85691619877256	3.98690094008647
"NightPDoze"	173	1428812	3.91818598960991	3.80626892660284	3.85457296332144	3.98418036605113
"NightPDoze"	174	1428812	3.91567560989231	3.80149411782328	3.85224276959622	3.98147610042137
"NightPDoze"	175	1428812	3.91317965772401	3.79388684352054	3.8499254718966	3.97878795063242
"NightPDoze"	176	1428812	3.91069796821736	3.79127386556949	3.8476209269615	3.9761157274946
"NightPDoze"	177	1428812	3.90823037929536	3.79127386556949	3.84532899391472	3.97345924511508
"NightPDoze"	178	1428812	3.90577673162809	3.78891685348066	3.84304953421214	3.97081832082201
"NightPDoze"	179	1428812	3.90333686857099	3.78639459608151	3.84078241159043	3.96819277509068
"NightPDoze"	180	1428812	3.90091063610487	3.7843095737468	3.83852749201703	3.96558243147186
"NightPDoze"	181	1428812	3.89849788277753	3.77945260727568	3.8362846436417	3.96298711652216
"NightPDoze"	182	1428812	3.89609845964707	3.77911819695498	3.83405373674916	3.96040665973633
"NightPDoze"	183	1428812	3.89371222022671	3.77715092024625	3.83183464371318	3.95784089348142
"NightPDoze"	184	1428812	3.8913390204311	3.77696897433709	3.82962723895183	3.95528965293287
"NightPDoze"	185	1428812	3.88897871852412	3.7765274227882	3.8274313988839	3.95275277601224
"NightPDoze"	186	1428812	3.88663117506814	3.7763820687566	3.82524700188653	3.95023010332672
"NightPDoze"	187	1428812	3.8842962528745	3.77460024968056	3.82307392825393	3.94772147811033
"NightPDoze"	188	1428812	3.88197381695547	3.77277938148699	3.82091206015721	3.94522674616662
"NightPDoze"	189	1428812	3.87966373447739	3.77226751015337	3.8187612816052	3.942745755813
"NightPDoze"	190	1428812	3.87736587471511	3.77226493945847	3.81662147840634	3.94027835782653
"NightPDoze"	191	1428812	3.87508010900757	3.76555864873367	3.81449253813156	3.93782440539119
"NightPDoze"	192	1428812	3.87280631071456	3.76413586213013	3.81237435007809	3.9353837540465
"NightPDoze"	193	1428812	3.87054435517468	3.7623482043364	3.81026680523419	3.93295626163757
"NightPDoze"	194	1428812	3.86829411966427	3.75980532064987	3.80816979624479	3.9305417882664
"NightPDoze"	195	1428812	3.86605548335748	3.75843857833655	3.806083217378	3.92814019624451
"NightPDoze"	196	1428812	3.86382832728732	3.75843857833655	3.80400696449249	3.92575135004676
"NightPDoze"	197	1428812	3.86161253430776	3.75267252115709	3.80194093500562	3.9233751162664
"NightPDoze"	198	1428812	3.85940798905673	3.75122758234221	3.79988502786243	3.92101136357128
"NightPDoze"	199	1428812	3.85721457792007	3.74263346141499	3.79783914350536	3.91865996266112
"NightPDoze"	200	1428812	3.85503218899644	3.74174594649285	3.79580318384476	3.91632078622599
"NightPDoze"	201	1428812	3.852860712063	3.73583410778374	3.79377705223005	3.91399370890573
"NightPDoze"	203	1428812	3.84855006146852	3.73466793701243	3.78975389356372	3.90937535968206
"NightPDoze"	205	1428812	3.84428177667584	3.73358954064429	3.78576892203334	3.90480394962786
"NightPDoze"	206	1428812	3.84216326280712	3.73133311916727	3.78379052932957	3.90253555301134
"NightPDoze"	208	1428812	3.83795698797109	3.72660746014811	3.77986148710751	3.89803280427879
"NightPDoze"	210	1428812	3.83379106171689	3.72534807540073	3.77596885976213	3.8935747047193
"NightPDoze"	212	1428812	3.82966471730814	3.72495137515601	3.7721119729179	3.88916038484128
"NightPDoze"	214	1428812	3.82557720965816	3.72012553832259	3.76829017083749	3.88478900020332
"NightPDoze"	216	1428812	3.82152781452245	3.71599587383395	3.7645028157394	3.88045973046349
"NightPDoze"	218	1428812	3.81751582772855	3.71293540500558	3.76074928714675	3.87617177847321
"NightPDoze"	220	1428812	3.81354056444106	3.70957136167756	3.75702898126522	3.87192436941333
"NightPDoze"	222	1428812	3.80960135846012	3.70564401485484	3.75334131038885	3.86771674996989
"NightPDoze"	224	1428812	3.80569756155125	3.70097236792801	3.74968570233208	3.86354818754759
"NightPDoze"	226	1428812	3.80182854280522	3.69982423254731	3.74606159988666	3.85941796951873
"NightPDoze"	228	1428812	3.79799368802607	3.69407926118334	3.74246846030215	3.85532540250595
"NightPDoze"	230	1428812	3.79419239914592	3.69347204077095	3.73890575478882	3.85126981169669
"NightPDoze"	232	1428812	3.79042409366523	3.69091943497604	3.73537296804174	3.84725054018798
"NightPDoze"	234	1428812	3.78668820411707	3.68752221233082	3.73186959778502	3.84326694835973
"NightPDoze"	236	1428812	3.78298417755429	3.68145878653098	3.72839515433516	3.83931841327517
"NightPDoze"	238	1428812	3.77931147505832	3.68053165903205	3.72494916018262	3.83540432810713
"NightPDoze"	240	1428812	3.77566957126862	3.67535338404078	3.72153114959061	3.83152410158853
"NightPDoze"	242	1428812	3.77205795393167	3.67124743051113	3.7181406682103	3.82767715748626
"NightPDoze"	244	1428812	3.76847612346855	3.66642376624409	3.71477727271167	3.82386293409697
"NightPDoze"	247	1428812	3.76315816540596	3.65866045681032	3.70978202186823	3.81820175607684
"NightPDoze"	249	1428812	3.75964869594985	3.65078271442336	3.7064844706572	3.81446696806219
"NightPDoze"	251	1428812	3.75616735881594	3.64660508141496	3.70321253545674	3.8107630424203
"NightPDoze"	253	1428812	3.75271370656452	3.64018348289874	3.69996581833542	3.80708947712988
"NightPDoze"	255	1428812	3.74928730234643	3.63752506514903	3.69674393059773	3.80344578227407
"NightPDoze"	258	1428812	3.74419785564199	3.63668329030264	3.69195682577591	3.79803520411118
"NightPDoze"	260	1428812	3.74083772683473	3.63660428115314	3.68879536902906	3.79446411795651
"NightPDoze"	262	1428812	3.73750339581591	3.6314862624641	3.68565744995662	3.79092127742432
"NightPDoze"	265	1428812	3.732549412648	3.62893028967057	3.68099393990902	3.78565901745537
"NightPDoze"	267	1428812	3.72927787565661	3.62531946053118	3.67791334858657	3.78218488812688
"NightPDoze"	269	1428812	3.72603079898363	3.62188384584028	3.67485510181371	3.7787375082127
"NightPDoze"	272	1428812	3.72120525509434	3.61940710879857	3.67030892044996	3.77361570840406
"NightPDoze"	274	1428812	3.71801775834975	3.61705589093762	3.66730513204841	3.77023344673561
"NightPDoze"	277	1428812	3.71327995337849	3.60833814631734	3.66283918068989	3.76520750288535
"NightPDoze"	279	1428812	3.71014988950946	3.60361058165768	3.65988793144661	3.76188796226782
"NightPDoze"	282	1428812	3.70549668983184	3.60223200600395	3.65549940756259	3.75695437740208
"NightPDoze"	284	1428812	3.70242202579028	3.59985244670666	3.65259887831272	3.75369529016538
"NightPDoze"	287	1428812	3.6978504627158	3.58957371713155	3.64828512420082	3.74885075459117
"NightPDoze"	289	1428812	3.69482927152745	3.58754785293139	3.64543358897773	3.74564997344336
"NightPDoze"	292	1428812	3.69033652992417	3.58404558729487	3.64119208193268	3.74089135163789
"NightPDoze"	294	1428812	3.68736698343557	3.58077639855061	3.63838790169533	3.73774684131079
"NightPDoze"	297	1428812	3.68295039131892	3.57746104419106	3.63421624499919	3.7330711599367
"NightPDoze"	300	1428812	3.67857826229387	3.57454729887915	3.63008539738197	3.7284438789525
"NightPDoze"	302	1428812	3.67568777254303	3.57350500465097	3.62735377653192	3.72538542647546
"NightPDoze"	305	1428812	3.67138779205031	3.57031876282357	3.62328918618043	3.72083663888435
"NightPDoze"	308	1428812	3.66712996890777	3.56406012520414	3.61926333271786	3.71633369066184
"NightPDoze"	311	1428812	3.6629134845066	3.56090267858658	3.61527547973169	3.7118756734283
"NightPDoze"	313	1428812	3.66012506733911	3.55866155635739	3.6126376682619	3.70892818711064
"NightPDoze"	316	1428812	3.65597572543905	3.5564819883319	3.60871156926626	3.70454310814131
"NightPDoze"	319	1428812	3.65186565234784	3.55418414920427	3.60482160691389	3.70020066530948
"NightPDoze"	322	1428812	3.64779411175896	3.55145444517114	3.60096711759489	3.69590004303465
"NightPDoze"	325	1428812	3.64376038788282	3.54959691384463	3.59714745587343	3.69164044883904
"NightPDoze"	328	1428812	3.6397637846914	3.54604597574728	3.59336199382873	3.687421112485
"NightPDoze"	330	1428812	3.63711967008918	3.53974280063405	3.59085704986374	3.68463021640457
"NightPDoze"	333	1428812	3.63318343938008	3.5356267171649	3.5871272374902	3.6804763226278
"NightPDoze"	336	1428812	3.62928256451419	3.52738833964292	3.58343003126929	3.67636073531598
"NightPDoze"	339	1428812	3.62541641599804	3.52623429504565	3.57976486232634	3.67228275901887
"NightPDoze"	342	1428812	3.62158438100165	3.52175537670735	3.57613117659376	3.6682417169936
"NightPDoze"	345	1428812	3.61778586277556	3.51658103367483	3.57252843430058	3.66423695054097
"NightPDoze"	349	1428812	3.61277230658518	3.50957795842345	3.5677720050069	3.65895258463482
"NightPDoze"	352	1428812	3.60904975966336	3.50842401370216	3.56423944165234	3.655029996236
"NightPDoze"	355	1428812	3.60535884950012	3.50632450765596	3.56073611963286	3.65114161011817
"NightPDoze"	358	1428812	3.6016990428821	3.4979117072217	3.5572615557412	3.64728683878304
"NightPDoze"	361	1428812	3.59806981996376	3.49467498199614	3.55381527868709	3.64346510969317
"NightPDoze"	364	1428812	3.59447067382415	3.49323392819566	3.55039682870785	3.63967586476933
"NightPDoze"	368	1428812	3.58971774559899	3.49132217483451	3.54588140815149	3.63467313065945
"NightPDoze"	371	1428812	3.58618687670386	3.48934642974235	3.54252616203272	3.63095758946132
"NightPDoze"	374	1428812	3.58268448286779	3.48850701130299	3.53919728901504	3.6272727705458
"NightPDoze"	378	1428812	3.578058133054	3.48461898931133	3.53479910243355	3.62240660513881
"NightPDoze"	381	1428812	3.57462042791261	3.48340513778387	3.53153017360725	3.61879154506909
"NightPDoze"	384	1428812	3.5712097207342	3.48180334256856	3.52828627528463	3.61520558453982
"NightPDoze"	388	1428812	3.56670338217687	3.47937762002973	3.5239993535649	3.61046877306633
"NightPDoze"	391	1428812	3.56335405080588	3.47634846421325	3.52081238630986	3.60694893405579
"NightPDoze"	395	1428812	3.55892808147376	3.4728626646773	3.51660003893293	3.6022986772658
"NightPDoze"	398	1428812	3.55563795602671	3.46921779000501	3.51346802712162	3.5988425798225
"NightPDoze"	402	1428812	3.5512895394045	3.46741376754709	3.50932768864188	3.59427578979389
"NightPDoze"	405	1428812	3.54805656307091	3.46651265154782	3.50624875803107	3.59088117981974
"NightPDoze"	409	1428812	3.54378302815077	3.46262801773025	3.50217799352765	3.58639493050843
"NightPDoze"	413	1428812	3.53955113613326	3.45936775105004	3.49814593956466	3.58195344918469
"NightPDoze"	416	1428812	3.53640406089907	3.45573966781119	3.4951468607768	3.57865118719365
"NightPDoze"	420	1428812	3.53224312385448	3.45047442662034	3.49118079746803	3.57428594920155
"NightPDoze"	424	1428812	3.52812167435248	3.44734516571666	3.48725147662096	3.56996312179782
"NightPDoze"	427	1428812	3.52505605351566	3.44560291776383	3.48432818936527	3.56674834422409
"NightPDoze"	431	1428812	3.52100193322953	3.44065125717588	3.48046154647768	3.56249779683024
"NightPDoze"	435	1428812	3.51698530823452	3.43872445623688	3.47662982474066	3.5582874835443
"NightPDoze"	439	1428812	3.51300549131714	3.4361974658251	3.47283239540658	3.55411665418326
"NightPDoze"	443	1428812	3.50906181398536	3.43386432062415	3.46906864660529	3.54998457929227
"NightPDoze"	447	1428812	3.50515362579464	3.43227038753665	3.46533798274431	3.54589054938924
"NightPDoze"	451	1428812	3.50128029370412	3.42807000212544	3.46163982393559	3.54183387424362
"NightPDoze"	455	1428812	3.49744120146122	3.42534958036818	3.45797360544719	3.53781388218729
"NightPDoze"	459	1428812	3.49363574901316	3.42287946229249	3.45433877717874	3.53382991945601
"NightPDoze"	463	1428812	3.48986335194415	3.41757184654378	3.45073480315949	3.52988134955986
"NightPDoze"	467	1428812	3.48612344093669	3.41573098372431	3.44716116106763	3.52596755268093
"NightPDoze"	471	1428812	3.48241546125593	3.41235637267901	3.44361734177001	3.52208792509716
"NightPDoze"	476	1428812	3.47782456774577	3.40641158316424	3.43922875091929	3.51728554657359
"NightPDoze"	480	1428812	3.47418647751252	3.40196277738854	3.43575023673604	3.51348067220612
"NightPDoze"	484	1428812	3.47057861060018	3.39657737817622	3.43229997654037	3.50970810968938
"NightPDoze"	488	1428812	3.46700046898465	3.39466585818092	3.42887751254529	3.50596731782974
"NightPDoze"	493	1428812	3.46256885418557	3.38910678550157	3.42463784143287	3.50133520274762
"NightPDoze"	497	1428812	3.4590558361878	3.3832137118006	3.42127630185465	3.49766398506726
"NightPDoze"	502	1428812	3.45470415166277	3.37921455127001	3.41711142985985	3.49311723712564
"NightPDoze"	506	1428812	3.45125392909218	3.37556938228208	3.41380867222573	3.48951306636491
"NightPDoze"	511	1428812	3.44697934259627	3.37076986480039	3.4097159920458	3.48504861228094
"NightPDoze"	515	1428812	3.44358970992075	3.36552071455633	3.4064699852333	3.4815090960759
"NightPDoze"	520	1428812	3.43938953712601	3.356917618675	3.40244702390419	3.47712402517236
"NightPDoze"	524	1428812	3.43605840300434	3.35346394686171	3.39925584054417	3.47364689663724
"NightPDoze"	529	1428812	3.43193009737576	3.34892366954862	3.39530025035296	3.46933844958798
"NightPDoze"	534	1428812	3.42784066525872	3.34744521634869	3.39138111748469	3.46507143135999
"NightPDoze"	538	1428812	3.42459662043156	3.34386057552259	3.38827161002426	3.46168711723593
"NightPDoze"	543	1428812	3.42057534649864	3.33796974863952	3.3844164258514	3.4574927074342
"NightPDoze"	548	1428812	3.41659096550705	3.33497184331054	3.38059587046761	3.45333758335675
"NightPDoze"	553	1428812	3.41264280666206	3.33059757091733	3.37680932413101	3.44922101966551
"NightPDoze"	558	1428812	3.40873021729901	3.32909670721627	3.37305618363137	3.44514231087609
"NightPDoze"	563	1428812	3.4048525622358	3.32493048463478	3.36933586170633	3.44110077064092
"NightPDoze"	568	1428812	3.40100922315404	3.32323325220017	3.36564778648332	3.43709573106438
"NightPDoze"	573	1428812	3.39719959800728	3.32072931373283	3.36199140094558	3.43312654204827
"NightPDoze"	578	1428812	3.39342310045502	3.31659720228512	3.35836616242126	3.42919257066603
"NightPDoze"	583	1428812	3.38967915932115	3.31562507964978	3.35477154209429	3.42529320056416
"NightPDoze"	588	1428812	3.38596721807543	3.31006368801845	3.35120702453591	3.42142783138951
"NightPDoze"	594	1428812	3.38155436572859	3.30667940316666	3.34696863249946	3.41683344711982
"NightPDoze"	599	1428812	3.37791093427677	3.30438350300663	3.34346858984902	3.4130408421152
"NightPDoze"	604	1428812	3.37429781458584	3.30258668790637	3.33999708544866	3.40928041819149
"NightPDoze"	610	1428812	3.3700013790648	3.30088322893128	3.33586829829551	3.4048096307217
"NightPDoze"	615	1428812	3.36645320179673	3.2986150961332	3.33245796095875	3.40111812715885
"NightPDoze"	621	1428812	3.36223330318446	3.29172955669405	3.328401280811	3.39672854310594
"NightPDoze"	626	1428812	3.35874777498977	3.28715423679366	3.32504998222899	3.39310349088283
"NightPDoze"	632	1428812	3.35460173412785	3.28219140997977	3.32106292190114	3.38879222680639
"NightPDoze"	637	1428812	3.35117668102953	3.27826026215606	3.31776864320338	3.38523128693957
"NightPDoze"	643	1428812	3.34710195701587	3.27656731580475	3.31384884230959	3.38099560995138
"NightPDoze"	649	1428812	3.34306510859911	3.2732890875074	3.30996477614229	3.37680006096054
"NightPDoze"	655	1428812	3.33906543813243	3.26858369765904	3.30611579597879	3.37264389033015
"NightPDoze"	660	1428812	3.33576028913682	3.26637507314536	3.30293465844298	3.36920996904393
"NightPDoze"	666	1428812	3.33182702920851	3.26047353972225	3.29914837554197	3.3651241134816
"NightPDoze"	672	1428812	3.32792907201447	3.25629273107338	3.29539543382417	3.36107562257002
"NightPDoze"	678	1428812	3.32406578947276	3.25374110644217	3.29167524851249	3.35706382225694
"NightPDoze"	684	1428812	3.32023657011536	3.25141508516001	3.28798725011609	3.35308805652528
"NightPDoze"	690	1428812	3.31644081850734	3.24911764040569	3.28433088390145	3.34914768675629
"NightPDoze"	697	1428812	3.31205396825922	3.24228899417873	3.28010438259003	3.34459449657685
"NightPDoze"	703	1428812	3.30832876044209	3.23944483575474	3.27651471695392	3.34072870643031
"NightPDoze"	709	1428812	3.30463523443573	3.23707847935238	3.2729550185799	3.3368963979757
"NightPDoze"	715	1428812	3.30097285589221	3.23384751014058	3.26942478901234	3.3330969988239
"NightPDoze"	722	1428812	3.29673875358969	3.23024024959009	3.26534278531513	3.32870521671223
"NightPDoze"	728	1428812	3.29314209136126	3.22666929146486	3.26187475318424	3.3249752259499
"NightPDoze"	735	1428812	3.28898328889293	3.2248113099546	3.25786403495153	3.32066295471801
"NightPDoze"	741	1428812	3.28545002616198	3.22250647974039	3.25445603707926	3.31699989281333
"NightPDoze"	748	1428812	3.28136389202274	3.22070444487404	3.25051414655964	3.31276431698663
"NightPDoze"	755	1428812	3.2773158449076	3.2174313543364	3.24660834334698	3.30856892431752
"NightPDoze"	761	1428812	3.27387587063019	3.21635578911045	3.24328873559119	3.30500428539653
"NightPDoze"	768	1428812	3.26989670486998	3.21133961294646	3.2394482204849	3.30088153941176
"NightPDoze"	775	1428812	3.26595366692398	3.20670074341987	3.2356419606249	3.29679688288493
"NightPDoze"	782	1428812	3.262046106664	3.20157173711406	3.23186934771088	3.29274962146725
"NightPDoze"	789	1428812	3.25817339135428	3.1991929111454	3.22812978953763	3.28873907958461
"NightPDoze"	796	1428812	3.2543349050366	3.19636196600617	3.22442270943146	3.28476459976764
"NightPDoze"	803	1428812	3.25053004794229	3.19444409391728	3.22074754571104	3.28082554201139
"NightPDoze"	810	1428812	3.24675823592981	3.19231482129373	3.21710375117154	3.27692128316298
"NightPDoze"	817	1428812	3.24301889994652	3.18671130790367	3.21349079259067	3.2730512163359
"NightPDoze"	825	1428812	3.23878442903867	3.18319282838557	3.20939878930121	3.26866939293357
"NightPDoze"	832	1428812	3.23511283546367	3.17831357427654	3.20585017445048	3.2648706234484
"NightPDoze"	839	1428812	3.2314720220771	3.17639602354338	3.20233080558506	3.26110423840979
"NightPDoze"	847	1428812	3.22734812657425	3.17377419278682	3.19834386579666	3.25683875402443
"NightPDoze"	854	1428812	3.22377156356845	3.17123057712555	3.19488556523391	3.25313994577853
"NightPDoze"	862	1428812	3.21971980723516	3.16700405652585	3.19096720726671	3.24895031853858
"NightPDoze"	870	1428812	3.21570550268047	3.16527101216962	3.18708446637927	3.24480006005073
"NightPDoze"	877	1428812	3.21222316858939	3.16183057668621	3.18371577830495	3.24120030418063
"NightPDoze"	885	1428812	3.20827725177346	3.1580570646659	3.17989809652184	3.23712191033163
"NightPDoze"	893	1428812	3.20436686423497	3.15555575484117	3.17611422576879	3.23308084003086
"NightPDoze"	901	1428812	3.20049137186365	3.15182751588173	3.17236357001431	3.22907641906367
"NightPDoze"	909	1428812	3.19665015737515	3.14877101302715	3.16864554888111	3.2251079912845
"NightPDoze"	917	1428812	3.19284261972097	3.14431006753172	3.1649595971019	3.22117491797759
"NightPDoze"	925	1428812	3.18906817352401	3.14074398461059	3.16130516399879	3.21727657724592
"NightPDoze"	934	1428812	3.18486076673411	3.13585157568409	3.15723093384463	3.21293170669631
"NightPDoze"	942	1428812	3.18115476466652	3.12977757642045	3.15364171322484	3.20910518119228
"NightPDoze"	950	1428812	3.17748011994617	3.1252660284134	3.15008237908038	3.20531154694508
"NightPDoze"	959	1428812	3.17338297180512	3.12290463975674	3.14611323532127	3.2010823289873
"NightPDoze"	967	1428812	3.16977323065463	3.12161322443122	3.14261577982765	3.19735675200443
"NightPDoze"	976	1428812	3.16574781528867	3.11751701514327	3.13871504011377	3.19320273662146
"NightPDoze"	985	1428812	3.16175936854507	3.11264549356532	3.13484956477727	3.18908746583631
"NightPDoze"	994	1428812	3.15780721757337	3.1100912700277	3.13101871948967	3.18501022632766
"NightPDoze"	1002	1428812	3.15432413538961	3.10806076889424	3.12764209638668	3.18141737958894
"NightPDoze"	1011	1428812	3.15043877116788	3.10461337038378	3.12387499234925	3.17741009906754
"NightPDoze"	1020	1428812	3.14658785890505	3.1004552581748	3.12014077921231	3.17343889609717
"NightPDoze"	1030	1428812	3.14234873806515	3.09726465063509	3.11602953461792	3.16906798199526
"NightPDoze"	1039	1428812	3.13856858814809	3.09556307665282	3.11236289893504	3.1651708570097
"NightPDoze"	1048	1428812	3.13482105738087	3.09213523175256	3.10872742403876	3.16130786899166
"NightPDoze"	1057	1428812	3.13110558763087	3.08895697485743	3.10512258279457	3.15747842729135
"NightPDoze"	1067	1428812	3.12701422923376	3.08657665854068	3.10115250744852	3.15326213707026
"NightPDoze"	1076	1428812	3.12336467429572	3.08129095306571	3.09761066541073	3.14950164333535
"NightPDoze"	1086	1428812	3.11934526122877	3.07838010410309	3.09370936689622	3.14536059410845
"NightPDoze"	1096	1428812	3.11536270712248	3.07506046803617	3.08984331476069	3.14125808069985
"NightPDoze"	1105	1428812	3.11180936881175	3.07158417475352	3.08639347957856	3.13759818117547
"NightPDoze"	1115	1428812	3.10789501620295	3.06807096696853	3.08259266438626	3.13356695119039
"NightPDoze"	1125	1428812	3.10401562924755	3.064522460685	3.07882530473368	3.1295722563612
"NightPDoze"	1135	1428812	3.10017058879825	3.06210815391955	3.07509081469318	3.12561344275083
"NightPDoze"	1145	1428812	3.09635929200864	3.05727533221817	3.07138862362335	3.12168987379274
"NightPDoze"	1155	1428812	3.09258115176601	3.05161442302532	3.06771817564121	3.11780092968173
"NightPDoze"	1166	1428812	3.08846281116261	3.04832110643533	3.06371670010555	3.11356236289873
"NightPDoze"	1176	1428812	3.08475245555825	3.04591338200026	3.06011116602322	3.10974418478991
"NightPDoze"	1187	1428812	3.08070734646585	3.04156513430096	3.05617983424803	3.10558205571215
"NightPDoze"	1197	1428812	3.07706238606975	3.03800307637101	3.05263695008866	3.10183212292599
"NightPDoze"	1208	1428812	3.07308794959565	3.03313770176591	3.04877333694713	3.0977437327426
"NightPDoze"	1219	1428812	3.06914955549846	3.02851169589395	3.04494426953862	3.09369293808601
"NightPDoze"	1230	1428812	3.06524655594447	3.02488633103698	3.04114913345306	3.0896790561826
"NightPDoze"	1241	1428812	3.06137832041098	3.02074808464204	3.03738733055507	3.08570142265984
"NightPDoze"	1252	1428812	3.05754423507496	3.01708594423225	3.03365827841362	3.0817593908916
"NightPDoze"	1263	1428812	3.05374370222851	3.0132058799972	3.02996140975639	3.07785233137241
"NightPDoze"	1274	1428812	3.04997613971957	3.00978905444616	3.02629617194778	3.07397963111891
"NightPDoze"	1285	1428812	3.04624098041684	3.00762721808461	3.02266202648908	3.07014069309731
"NightPDoze"	1297	1428812	3.04220256791383	3.00387901832156	3.01873234850472	3.06599058334517
"NightPDoze"	1308	1428812	3.03853339147989	2.99956592252068	3.01516153384996	3.06222037705941
"NightPDoze"	1320	1428812	3.03456569446314	2.99692740403233	3.01129974141326	3.05814391556188
"NightPDoze"	1332	1428812	3.03063391824424	2.99447630732672	3.00747244169815	3.05410485447682
"NightPDoze"	1344	1428812	3.02673741825002	2.9924869238793	3.00367902197587	3.05010251600588
"NightPDoze"	1356	1428812	3.0228755671027	2.98910668689562	2.99991888572727	3.04613624058087
"NightPDoze"	1368	1428812	3.01904775401374	2.98649708643894	2.99619145207543	3.04220538621649
"NightPDoze"	1380	1428812	3.015253384204	2.98179481282784	2.99249615524296	3.03830932789149
"NightPDoze"	1392	1428812	3.01149187834914	2.97862874898206	2.98883244403262	3.0344474569568
"NightPDoze"	1405	1428812	3.00745334548161	2.97337277787924	2.98489844442763	3.03030165574502
"NightPDoze"	1417	1428812	3.00375851016275	2.97095323567798	2.98129882726043	3.02650912213358
"NightPDoze"	1430	1428812	2.9997909293252	2.96465432694755	2.97743304969201	3.02243709818722
"NightPDoze"	1443	1428812	2.99585926719144	2.96148315918257	2.9736018178859	3.01840241345815
"NightPDoze"	1455	1428812	2.99226136343613	2.95768837306613	2.97009542695642	3.01471064513531
"NightPDoze"	1468	1428812	2.98839697909955	2.95300566448068	2.9663289179124	3.01074588118018
"NightPDoze"	1482	1428812	2.98427343320313	2.94919891568991	2.96230933871248	3.00651572076318
"NightPDoze"	1495	1428812	2.9804791696439	2.94685622509278	2.95861031060374	3.00262380747077
"NightPDoze"	1508	1428812	2.97671776820701	2.94287044036432	2.95494291565299	2.99876602689676
"NightPDoze"	1522	1428812	2.97270313232502	2.93715488672295	2.95102817319631	2.99464898776157
"NightPDoze"	1535	1428812	2.96900819625136	2.9322114952744	2.94742477408118	2.99086022517435
"NightPDoze"	1549	1428812	2.9650638793264	2.92740089501431	2.94357774924117	2.98681619347411
"NightPDoze"	1563	1428812	2.96115506300309	2.92519452652567	2.93976492032107	2.98280901046419
"NightPDoze"	1577	1428812	2.95728111393528	2.92153955679922	2.93598568290736	2.97883801270954
"NightPDoze"	1591	1428812	2.95344141557582	2.91917877350637	2.93223944849476	2.97490255450566
"NightPDoze"	1605	1428812	2.94963536758768	2.91695628337651	2.92852564393227	2.9710020072529
"NightPDoze"	1619	1428812	2.94586238528061	2.91392148389243	2.92484371089312	2.96713575885819
"NightPDoze"	1634	1428812	2.94185595020775	2.91106695922809	2.92093353249579	2.96303073410561
"NightPDoze"	1648	1428812	2.93814966575316	2.90740917193591	2.91731590418308	2.95923365436086
"NightPDoze"	1663	1428812	2.93421343504406	2.90328111861602	2.91347342218059	2.95520142297371
"NightPDoze"	1678	1428812	2.93031256017817	2.90021925484844	2.90966504125488	2.95120584246322
"NightPDoze"	1693	1428812	2.92644641166202	2.89507608253371	2.9058901596854	2.94724625449257
"NightPDoze"	1708	1428812	2.92261437666563	2.89201035773249	2.90214819156164	2.9433220182795
"NightPDoze"	1723	1428812	2.91881585843954	2.89013134546388	2.89843856623354	2.93943250997828
"NightPDoze"	1738	1428812	2.91505027575705	2.88761287055461	2.89476072778562	2.93557712208854
"NightPDoze"	1754	1428812	2.91106931880168	2.88523227108756	2.89087212624904	2.93150165020221
"NightPDoze"	1769	1428812	2.90737002486843	2.88042411796369	2.8872582796322	2.92771491989248
"NightPDoze"	1785	1428812	2.90345853672752	2.87672998455174	2.88343675024808	2.92371138818213
"NightPDoze"	1801	1428812	2.8995819633119	2.87185608359972	2.8796489388995	2.91974400493413
"NightPDoze"	1817	1428812	2.89573968682047	2.86873751333222	2.87589425411243	2.91581212504154
"NightPDoze"	1833	1428812	2.89193110570604	2.86574318342385	2.87217211986256	2.91191512048964
"NightPDoze"	1850	1428812	2.88792075336779	2.86259524499538	2.86825239058394	2.90781208244895
"NightPDoze"	1866	1428812	2.88417983564236	2.85910874021791	2.86459563582602	2.90398509478107
"NightPDoze"	1883	1428812	2.88024010414647	2.85683525343924	2.86074415411183	2.89995512285574
"NightPDoze"	1900	1428812	2.87633579112846	2.85288351901815	2.85692690844353	2.89596178746658
"NightPDoze"	1917	1428812	2.87246626542883	2.84989472247623	2.85314329386111	2.89200443030665
"NightPDoze"	1934	1428812	2.86863091261012	2.84582261301512	2.84939272132067	2.88808241063037
"NightPDoze"	1951	1428812	2.86482913437139	2.84237704100601	2.84567461714051	2.88419510463487
"NightPDoze"	1968	1428812	2.8610603479881	2.83866494549272	2.84198842247106	2.88034190486842
"NightPDoze"	1986	1428812	2.8571051976193	2.83208923963842	2.83811956816052	2.87629856361124
"NightPDoze"	2004	1428812	2.85318574225049	2.82934231817677	2.83428524803335	2.8722921122133
"NightPDoze"	2021	1428812	2.84951623424054	2.82636800699959	2.83069510293636	2.86854151431845
"NightPDoze"	2039	1428812	2.84566437323103	2.82235674312058	2.82692619322311	2.86460490484531
"NightPDoze"	2058	1428812	2.8416352451349	2.81951857348469	2.82298344599898	2.86048753297645
"NightPDoze"	2076	1428812	2.83785235130467	2.81581696279264	2.81928129453706	2.85662216338249
"NightPDoze"	2095	1428812	2.83389472432197	2.81121489924915	2.8154077684606	2.85257863811624
"NightPDoze"	2113	1428812	2.83017837139747	2.80714831339748	2.81177004540375	2.84878198236549
"NightPDoze"	2132	1428812	2.82628975203605	2.80307529548618	2.80796334564859	2.84480970814674
"NightPDoze"	2151	1428812	2.82243564212909	2.79914403223956	2.80419007163088	2.84087305775792
"NightPDoze"	2170	1428812	2.81861543455397	2.79550831180768	2.80044963993891	2.83697139956012
"NightPDoze"	2190	1428812	2.81463013949106	2.79152370791053	2.79654719959403	2.83290151829245
"NightPDoze"	2209	1428812	2.81087768542479	2.78882070208578	2.79287241687688	2.82906977700863
"NightPDoze"	2229	1428812	2.80696245059701	2.78525944158048	2.78903787011275	2.82507218296626
"NightPDoze"	2249	1428812	2.80308219711524	2.78307705265685	2.78523722998537	2.8211106747047
"NightPDoze"	2269	1428812	2.79923630541717	2.78023477363177	2.78146990060533	2.81718460820254
"NightPDoze"	2289	1428812	2.79542417225589	2.7767559346018	2.77773530167473	2.81329335650528
"NightPDoze"	2309	1428812	2.79164521013204	2.77291066177093	2.77403286794742	2.80943630912798
"NightPDoze"	2330	1428812	2.78771237423496	2.77032583531911	2.77017932794621	2.80542257140311
"NightPDoze"	2351	1428812	2.78381483349493	2.7652625880191	2.76636002218475	2.80144521844486
"NightPDoze"	2372	1428812	2.77995196003131	2.76057287958271	2.76257434625583	2.79750359813702
"NightPDoze"	2393	1428812	2.77612314257032	2.75627506866618	2.75882171163805	2.79359707571805
"NightPDoze"	2414	1428812	2.77232778586449	2.75236055709832	2.75510154514352	2.78972503317112
"NightPDoze"	2436	1428812	2.76838695511142	2.74913617064434	2.75123844373028	2.78570493388833
"NightPDoze"	2457	1428812	2.76465832054836	2.74352038770138	2.74758303290133	2.78190163207977
"NightPDoze"	2479	1428812	2.76078616577803	2.74070722164345	2.74378659220118	2.77795227722261
"NightPDoze"	2501	1428812	2.75694823013552	2.73633553161142	2.740023373023	2.77403816524485
"NightPDoze"	2524	1428812	2.7529717799495	2.73336619073651	2.73612399243841	2.76998314644203
"NightPDoze"	2546	1428812	2.74920198764585	2.72971721603479	2.73242694304211	2.76613920273527
"NightPDoze"	2569	1428812	2.74529551895885	2.72657274926405	2.72859552605726	2.7621562356235
"NightPDoze"	2592	1428812	2.74142387584365	2.72183881486877	2.72479793706273	2.75820911734209
"NightPDoze"	2615	1428812	2.73758644285353	2.7189302535864	2.72103358254141	2.75429720983708
"NightPDoze"	2638	1428812	2.73378262071345	2.71419748510588	2.7173018844786	2.75041989191921
"NightPDoze"	2662	1428812	2.72984861851043	2.70867333766677	2.71344214693813	2.74641021898763
"NightPDoze"	2686	1428812	2.72594993230769	2.70506005608101	2.70961673136304	2.74243688122034
"NightPDoze"	2710	1428812	2.72208593367079	2.70240798846137	2.70582503132242	2.73849922751169
"NightPDoze"	2734	1428812	2.71825601079163	2.6985359268567	2.70206645633547	2.73459662408198
"NightPDoze"	2758	1428812	2.71445956790698	2.69345488786278	2.69834043131661	2.73072845386855
"NightPDoze"	2783	1428812	2.71053991601246	2.68922811825644	2.69449316401852	2.72673507737181
"NightPDoze"	2807	1428812	2.70681004246351	2.68646178742223	2.69083187115018	2.72293535919443
"NightPDoze"	2833	1428812	2.70280517048377	2.68195545703196	2.68690031273155	2.71885582854522
"NightPDoze"	2858	1428812	2.69898884995188	2.67896525468889	2.68315354378216	2.71496868613901
"NightPDoze"	2883	1428812	2.69520577305247	2.67400638322039	2.67943911500308	2.71111571285984
"NightPDoze"	2909	1428812	2.69130602088482	2.67120465160779	2.67560981935009	2.70714422874908
"NightPDoze"	2935	1428812	2.68744097516961	2.66890487847625	2.6718142951317	2.70320840870736
"NightPDoze"	2961	1428812	2.68361002360119	2.66623241292365	2.66805195056476	2.69930761931114
"NightPDoze"	2988	1428812	2.67966717506301	2.6611074387343	2.66417940115134	2.69529321615572
"NightPDoze"	3014	1428812	2.67590389321527	2.65848238374364	2.66048292311672	2.69146194276334
"NightPDoze"	3041	1428812	2.67203008127051	2.65456941293719	2.65667757872461	2.6875184513505
"NightPDoze"	3068	1428812	2.66819051762016	2.65053791230927	2.65290557994955	2.68361013224196
"NightPDoze"	3096	1428812	2.66424428067028	2.64643188244703	2.64902847787475	2.67959354767389
"NightPDoze"	3123	1428812	2.66047264197303	2.64305296212751	2.64532262551789	2.67575497380204
"NightPDoze"	3151	1428812	2.65659560506806	2.63982328490982	2.64151291949811	2.67180943542504
"NightPDoze"	3179	1428812	2.65275287325273	2.63592764884141	2.63773663012207	2.66789911120562
"NightPDoze"	3207	1428812	2.64894384476595	2.63045576196903	2.63399317501926	2.66402337945192
"NightPDoze"	3236	1428812	2.64503368486098	2.62582559497886	2.6301500342916	2.66004505074809
"NightPDoze"	3265	1428812	2.64115841607872	2.62179293980698	2.62634089286589	2.65610252541119
"NightPDoze"	3294	1428812	2.63731742124167	2.61823351488738	2.62256515319239	2.65219516609649
"NightPDoze"	3323	1428812	2.63351009940443	2.61501075545095	2.61882223335376	2.64832235230994
"NightPDoze"	3353	1428812	2.62960630249557	2.61169094124574	2.61498418103575	2.64435170311662
"NightPDoze"	3383	1428812	2.62573728374954	2.60613010290626	2.61118003340832	2.64041672520547
"NightPDoze"	3413	1428812	2.62190242897039	2.60344324832657	2.60740919546944	2.63651678466845
"NightPDoze"	3443	1428812	2.61810114009024	2.59938949034819	2.60367108775963	2.63265126432923
"NightPDoze"	3474	1428812	2.61420778580883	2.59479199395986	2.59984216193358	2.62869241535208
"NightPDoze"	3505	1428812	2.61034902469964	2.59103455488814	2.59604697553976	2.62476903214909
"NightPDoze"	3536	1428812	2.6065242474392	2.58697364242654	2.59228493796648	2.62088048618887
"NightPDoze"	3568	1428812	2.60261110723252	2.58380399832569	2.5884357046702	2.61690239562172
"NightPDoze"	3600	1428812	2.59873291111914	2.58097493544336	2.58462056436992	2.61296011879655
"NightPDoze"	3632	1428812	2.59488904052179	2.57781247095256	2.58083891723561	2.60905301789845
"NightPDoze"	3664	1428812	2.59107889314418	2.57329521979711	2.57709017914496	2.60518047198393
"NightPDoze"	3697	1428812	2.58718437848567	2.56933327458146	2.57325815872103	2.60122246086425
"NightPDoze"	3730	1428812	2.58332447753126	2.56583683984779	2.56945992362039	2.5972999095643
"NightPDoze"	3763	1428812	2.5794985804173	2.56157790968623	2.56569488214174	2.59341218959149
"NightPDoze"	3797	1428812	2.57559168480527	2.55768645485437	2.56184985745633	2.58944244410485
"NightPDoze"	3831	1428812	2.57171962234351	2.55406903136748	2.55803884321423	2.58550837185271
"NightPDoze"	3865	1428812	2.56788177738528	2.5491107023976	2.55426124186327	2.58160933863515
"NightPDoze"	3899	1428812	2.56407755046251	2.54596658060479	2.55051647147743	2.57774472699941
"NightPDoze"	3934	1428812	2.56019593451405	2.54156310586348	2.54669525659222	2.57380177127177
"NightPDoze"	3969	1428812	2.55634870437755	2.53764693144038	2.54290762948508	2.56989401594674
"NightPDoze"	4004	1428812	2.55253525617602	2.53160244795984	2.53915300372012	2.56602083927202
"NightPDoze"	4040	1428812	2.54864747655201	2.52735908545685	2.53532493061614	2.56207243758339
"NightPDoze"	4076	1428812	2.54479419154563	2.52200235528309	2.53153056202604	2.55815933678954
"NightPDoze"	4113	1428812	2.54086917806117	2.51717927781818	2.52766529638078	2.55417366751902
"NightPDoze"	4149	1428812	2.53708399459185	2.51356101954235	2.5239374797132	2.55033024938425
"NightPDoze"	4186	1428812	2.53322774275439	2.51042679396772	2.52013941793203	2.54641493107544
"NightPDoze"	4224	1428812	2.52930259050054	2.50584540598156	2.51627323348043	2.54242992690016
"NightPDoze"	4261	1428812	2.52551451937692	2.50228822008003	2.51254182129342	2.53858435114013
"NightPDoze"	4299	1428812	2.52165815794493	2.49831509219065	2.50874288961168	2.5346697065549
"NightPDoze"	4338	1428812	2.51773560122027	2.49480116629894	2.50487849016202	2.53068813224171
"NightPDoze"	4376	1428812	2.51394740084179	2.49121314709948	2.50114620888613	2.52684318925708
"NightPDoze"	4415	1428812	2.51009356786391	2.48711424240336	2.49734901673694	2.52293188501684
"NightPDoze"	4455	1428812	2.50617612574787	2.48266815879494	2.49348889601902	2.51895628488018
"NightPDoze"	4494	1428812	2.50239034299254	2.4789574192573	2.4897582656289	2.51511454839272
"NightPDoze"	4534	1428812	2.49854146895325	2.4745366570379	2.48596521976161	2.5112090385883
"NightPDoze"	4575	1428812	2.49463145708838	2.47051959684796	2.48211167276244	2.50724174873132
"NightPDoze"	4616	1428812	2.49075633371606	2.4663003724222	2.47829226280183	2.5033101132662
"NightPDoze"	4657	1428812	2.48691548172826	2.4618499601875	2.4745063893146	2.4994134981605
"NightPDoze"	4698	1428812	2.48310830024664	2.45799415899406	2.4707534674597	2.49555128613038
"NightPDoze"	4740	1428812	2.47924256141572	2.45457659232091	2.46694258252614	2.49162991750652
"NightPDoze"	4783	1428812	2.47532011031987	2.45085445009948	2.46307554367624	2.48765127391303
"NightPDoze"	4825	1428812	2.47152277828092	2.44707396006836	2.45933162094051	2.4837997838909
"NightPDoze"	4868	1428812	2.46766912882713	2.4438145332359	2.45553193717494	2.47989141562775
"NightPDoze"	4912	1428812	2.46376094063641	2.44005628803799	2.45167823696684	2.47592798246873
"NightPDoze"	4955	1428812	2.45997525627211	2.43604334970427	2.44794510181243	2.47208902210275
"NightPDoze"	5000	1428812	2.45604851630299	2.43153191210007	2.44407263010603	2.46810726666196
"NightPDoze"	5044	1428812	2.45224306385494	2.427424608666	2.44031953856058	2.46424873559887
"NightPDoze"	5089	1428812	2.44838531016578	2.42401821472318	2.43651463419938	2.46033741139536
"NightPDoze"	5135	1428812	2.44447693082565	2.41941712318563	2.43265956138398	2.45637500138283
"NightPDoze"	5180	1428812	2.44068725161407	2.41547203051706	2.42892134357415	2.45253316480968
"NightPDoze"	5227	1428812	2.43676413428733	2.41155124917673	2.42505126610673	2.44855629352676
"NightPDoze"	5273	1428812	2.43295850060768	2.40779991795141	2.42129685789869	2.44469874779925
"NightPDoze"	5320	1428812	2.42910427579293	2.40405868914381	2.41749428673482	2.44079218009543
"NightPDoze"	5368	1428812	2.42520303591092	2.4009896667881	2.41364510011892	2.43683819550228
"NightPDoze"	5415	1428812	2.42141673096956	2.39806162815449	2.40990909414252	2.43300092643442
"NightPDoze"	5464	1428812	2.41750414160651	2.39442777791573	2.40604825391563	2.42903590665332
"NightPDoze"	5512	1428812	2.41370527726956	2.39159164835829	2.40229941432006	2.42518636194177
"NightPDoze"	5562	1428812	2.40978314746155	2.38775351780431	2.39842870580069	2.42121213992764
"NightPDoze"	5611	1428812	2.40597352231478	2.38405205146967	2.39466880744892	2.41735214208806
"NightPDoze"	5661	1428812	2.40212029428849	2.38097975392077	2.39086565630126	2.41344818963022
"NightPDoze"	5712	1428812	2.3982249078886	2.3768406799206	2.38702067171874	2.40950175258852
"NightPDoze"	5763	1428812	2.3943641506215	2.3740386505985	2.38320964799463	2.40559062443804
"NightPDoze"	5814	1428812	2.39053741221753	2.37116372164236	2.37943198951924	2.40171417994695
"NightPDoze"	5866	1428812	2.38667004989325	2.36746274020351	2.37561401123876	2.3977968063533
"NightPDoze"	5918	1428812	2.38283682241808	2.36337471580957	2.37182951769149	2.39391422874765
"NightPDoze"	5971	1428812	2.37896438634072	2.35918874375058	2.36800609840711	2.38999215886938
"NightPDoze"	6024	1428812	2.37512617434137	2.35535268421256	2.36421625708605	2.38610497004125
"NightPDoze"	6078	1428812	2.37125012150383	2.3514243592317	2.36038883764789	2.38217967708975
"NightPDoze"	6132	1428812	2.36740835642044	2.34727803337852	2.35659506431493	2.37828932422751
"NightPDoze"	6187	1428812	2.36353007175721	2.34378197608493	2.35276501504193	2.37436220780348
"NightPDoze"	6242	1428812	2.35968611417058	2.34054780199543	2.34896865608988	2.37047006572165
"NightPDoze"	6298	1428812	2.35580691284905	2.3367920571556	2.34513727898102	2.36654245418854
"NightPDoze"	6354	1428812	2.35196205476118	2.33305635744732	2.34133961363545	2.362649827689
"NightPDoze"	6411	1428812	2.34808318449691	2.32902166104956	2.3375081446067	2.35872298056833
"NightPDoze"	6468	1428812	2.34423865163062	2.32589609123539	2.33371038714866	2.35483110681872
"NightPDoze"	6525	1428812	2.34042785355466	2.32163916094605	2.32994575232628	2.35097358989399
"NightPDoze"	6584	1428812	2.33651824911855	2.31851996632233	2.32608330028027	2.34701626811057
"NightPDoze"	6642	1428812	2.33270891203787	2.31420095621605	2.32231970476987	2.34316064386142
"NightPDoze"	6701	1428812	2.32886787749168	2.31131683333423	2.31852459189264	2.33927314233198
"NightPDoze"	6761	1428812	2.32499627189255	2.30793251466771	2.31469907059108	2.33535490763939
"NightPDoze"	6822	1428812	2.32109520555131	2.30442026808425	2.31084423413289	2.33140706736357
"NightPDoze"	6882	1428812	2.31729197480717	2.30122634114722	2.30708587654824	2.32755843773636
"NightPDoze"	6944	1428812	2.31339664918071	2.29678430751435	2.30323630962873	2.32361681969993
"NightPDoze"	7006	1428812	2.30953595161132	2.29319690296266	2.29942076411811	2.31971044581511
"NightPDoze"	7068	1428812	2.30570927185765	2.29022732886214	2.29563864308427	2.31583869228273
"NightPDoze"	7131	1428812	2.30185510480164	2.28667497396099	2.29182915895318	2.31193932810995
"NightPDoze"	7195	1428812	2.29797447209285	2.28262744865285	2.28799331827641	2.30801339023593
"NightPDoze"	7259	1428812	2.2941282078549	2.2789812309056	2.28419125446788	2.30412242148387
"NightPDoze"	7324	1428812	2.29025640312377	2.27607744562837	2.28036374856074	2.30020581498533
"NightPDoze"	7389	1428812	2.28641881136127	2.27278662078399	2.27656987185801	2.29632401406856
"NightPDoze"	7455	1428812	2.28255656993887	2.26720992628247	2.27275143382221	2.29241747637972
"NightPDoze"	7521	1428812	2.2787283734246	2.26391040132232	2.26896646487735	2.28854556806691
"NightPDoze"	7588	1428812	2.27487638493589	2.26028212404441	2.26515778282862	2.28464979018856
"NightPDoze"	7656	1428812	2.27100152819138	2.25682353128108	2.26132629839575	2.28073107961785
"NightPDoze"	7724	1428812	2.26716093813629	2.25236061618113	2.25752850867284	2.27684721619451
"NightPDoze"	7793	1428812	2.26329827807033	2.24811684613425	2.25370870651958	2.27294122666183
"NightPDoze"	7863	1428812	2.25941443056588	2.24375805400475	2.2498677623831	2.26901400585833
"NightPDoze"	7933	1428812	2.25556500824675	2.23969817069116	2.24606067635211	2.26512178561346
"NightPDoze"	8004	1428812	2.25169513974265	2.23613344076761	2.24223318238276	2.26120908259088
"NightPDoze"	8075	1428812	2.24785945014783	2.23226842589629	2.23843930923602	2.25733112465337
"NightPDoze"	8147	1428812	2.2440040271709	2.22735489367276	2.23462573421995	2.25343340350003
"NightPDoze"	8220	1428812	2.24012968922191	2.22319134505708	2.23079326491063	2.24951674849513
"NightPDoze"	8293	1428812	2.23628960882768	2.21960995142604	2.22699450111718	2.24563491097856
"NightPDoze"	8367	1428812	2.2324312736285	2.21559527129195	2.2231774974172	2.24173480556981
"NightPDoze"	8441	1428812	2.22860691480953	2.21213942210405	2.21939392737723	2.23786922695381
"NightPDoze"	8517	1428812	2.22471393826484	2.20888364471834	2.21554228947773	2.23393447689313
"NightPDoze"	8593	1428812	2.22085554820994	2.20490729002252	2.21172469044506	2.23003486863777
"NightPDoze"	8669	1428812	2.21703113549714	2.20112501551711	2.20794053313965	2.22616978082957
"NightPDoze"	8747	1428812	2.21314078854248	2.19775048003742	2.2040909562121	2.22223824069904
"NightPDoze"	8825	1428812	2.20928498157608	2.19438497613978	2.20027537955995	2.21834178774985
"NightPDoze"	8903	1428812	2.20546310667291	2.19097186380923	2.19649320708509	2.21447980203343
"NightPDoze"	8983	1428812	2.20157786314252	2.18734395553102	2.19264814764261	2.21055396292613
"NightPDoze"	9063	1428812	2.19772706944015	2.184720516493	2.18883700677944	2.20666311216027
"NightPDoze"	9144	1428812	2.19386261979231	2.18050344462239	2.18501217627385	2.20275864129945
"NightPDoze"	9225	1428812	2.19003225382235	2.17739653634553	2.18122090845064	2.19888878217295
"NightPDoze"	9307	1428812	2.18618870733736	2.1734030615173	2.17741642372205	2.19500578104875
"NightPDoze"	9390	1428812	2.18233262274058	2.17002311007745	2.17359935700122	2.19111028789001
"NightPDoze"	9474	1428812	2.17846462956575	2.16636211299435	2.16977033058133	2.18720293953701
"NightPDoze"	9559	1428812	2.1745853445292	2.16285997498577	2.16592995418403	2.18328435976299
"NightPDoze"	9644	1428812	2.17074040420203	2.15894288871369	2.16212340893239	2.17940064506821
"NightPDoze"	9730	1428812	2.16688456661524	2.15583980712447	2.15830590693112	2.17550609488598
"NightPDoze"	9817	1428812	2.16301841809908	2.15212578364277	2.15447802803794	2.17160130207438
"NightPDoze"	9904	1428812	2.1591863831027	2.14738705452881	2.15068375924667	2.16773113278304
"NightPDoze"	9993	1428812	2.15530093208706	2.14386103919312	2.14683643314523	2.16380718693363
"NightPDoze"	10082	1428812	2.15144993456274	2.14043062565575	2.14302305655821	2.1599182050836
"NightPDoze"	10172	1428812	2.14759008558651	2.13580407475292	2.13920074998193	2.15602045270265
"NightPDoze"	10262	1428812	2.14376423953897	2.13162891816289	2.13541195330576	2.15215720261129
"NightPDoze"	10354	1428812	2.13988790118428	2.12796149823258	2.13157298921867	2.14824313380794
"NightPDoze"	10446	1428812	2.136045855613	2.12457003238258	2.12776782503489	2.14436385694217
"NightPDoze"	10539	1428812	2.13219628915617	2.12002323029727	2.12395505088271	2.14047715067946
"NightPDoze"	10633	1428812	2.12833969763314	2.11639193241452	2.12013515764218	2.1365835158134
"NightPDoze"	10728	1428812	2.12447656581449	2.11305660371961	2.11630862533504	2.13268344189573
"NightPDoze"	10824	1428812	2.12060736753759	2.10922643473227	2.11247592323633	2.128777407356
"NightPDoze"	10920	1428812	2.11677233638422	2.10445536033491	2.10867690787438	2.12490602630621
"NightPDoze"	11018	1428812	2.11289202983725	2.10051875168027	2.10483288281875	2.1209891032078
"NightPDoze"	11116	1428812	2.10904608600966	2.09647810483726	2.10102274158102	2.11710702763825
"NightPDoze"	11215	1428812	2.10519517374682	2.09226250335825	2.09720752164843	2.11322009637529
"NightPDoze"	11315	1428812	2.10133972224758	2.08856804644796	2.09338764835507	2.10932874250397
"NightPDoze"	11416	1428812	2.0974801506362	2.0849934769626	2.08956353712361	2.10543338886956
"NightPDoze"	11518	1428812	2.09361686809449	2.08060964183413	2.08573559359362	2.1015344482135
"NightPDoze"	11620	1428812	2.08978764873709	2.07740064580776	2.08194124885007	2.09767004074187
"NightPDoze"	11724	1428812	2.08591780124799	2.07281653673593	2.07810649211819	2.09376478846466
"NightPDoze"	11829	1428812	2.08204541480772	2.06889570958118	2.07426906530185	2.08985713095195
"NightPDoze"	11934	1428812	2.07820725157196	2.06468221253923	2.07046540123175	2.0859841625826
"NightPDoze"	12040	1428812	2.07436663795703	2.06102370515249	2.06665915850949	2.08210887460633
"NightPDoze"	12148	1428812	2.07048818128416	2.05747755073091	2.06281525949865	2.07819555652383
"NightPDoze"	12256	1428812	2.06664405471945	2.05333997183371	2.05900523475184	2.07431702974697
"NightPDoze"	12365	1428812	2.06279853011982	2.05002530948489	2.05519367566175	2.07043724376589
"NightPDoze"	12476	1428812	2.05891712848014	2.0464152206847	2.05134640625765	2.06652141390307
"NightPDoze"	12587	1428812	2.05507010887233	2.04285885996525	2.04753306834119	2.06264042183687
"NightPDoze"	12699	1428812	2.05122266571654	2.03859836655946	2.04371916367849	2.05875915195349
"NightPDoze"	12812	1428812	2.04737510809691	2.03551879939938	2.03990499927831	2.05487791541354
"NightPDoze"	12927	1428812	2.04349413849697	2.0310675791853	2.03605756535559	2.05096312450722
"NightPDoze"	13042	1428812	2.03964754330905	2.02699829492548	2.03224406325994	2.04708315563509
"NightPDoze"	13158	1428812	2.03580171032989	2.02328558670872	2.02843117259506	2.04320410227873
"NightPDoze"	13276	1428812	2.03192420196614	2.01983840124364	2.02458673252272	2.03929324775214
"NightPDoze"	13394	1428812	2.02808100699886	2.01559871784808	2.02077616984305	2.03541714752196
"NightPDoze"	13513	1428812	2.02423938205784	2.01177737253813	2.0169670218445	2.03154277517806
"NightPDoze"	13634	1428812	2.02036772654048	2.00807474152156	2.01312795412922	2.02763826169373
"NightPDoze"	13756	1428812	2.01649870779446	2.00506726326996	2.00929135820077	2.02373655254444
"NightPDoze"	13878	1428812	2.01266385301531	2.00185884412556	2.00548849970968	2.01986943859624
"NightPDoze"	14002	1428812	2.00880052428192	1.99763952155059	2.00165726429611	2.01597375404686
"NightPDoze"	14127	1428812	2.0049405152084	1.99385070171739	1.99782918071012	2.01208155953682
"NightPDoze"	14253	1428812	2.00108403934303	1.99062135097535	1.99400446172925	2.00819306937286
"NightPDoze"	14380	1428812	1.9972313038775	1.98772814761268	1.99018331385082	2.00430849142807
"NightPDoze"	14508	1428812	1.99338250978264	1.98405794273703	1.98636593742518	2.00042802728028
"NightPDoze"	14638	1428812	1.98950818093878	1.97968015964269	1.98252309640283	1.99652195880565
"NightPDoze"	14768	1428812	1.98566810948939	1.97585106155603	1.97871409805269	1.99265056688105
"NightPDoze"	14900	1428812	1.98180339449179	1.97232020929266	1.97488051916825	1.98875446900538
"NightPDoze"	15033	1428812	1.97794387650167	1.968846127123	1.97105195947084	1.98486374847116
"NightPDoze"	15167	1428812	1.97408971957481	1.96530738641746	1.96722858286074	1.98097856947189
"NightPDoze"	15302	1428812	1.97024108239824	1.96119312759039	1.96341054792663	1.97709909077474
"NightPDoze"	15438	1428812	1.96639811841546	1.95753081019286	1.95959800806869	1.97322546584808
"NightPDoze"	15576	1428812	1.96253309187384	1.95359068852256	1.95576344685677	1.96932973790231
"NightPDoze"	15715	1428812	1.95867452171813	1.94987942818939	1.95193515822535	1.96544065262856
"NightPDoze"	15855	1428812	1.95482253869299	1.94633008910455	1.94811327315578	1.96155834051373
"NightPDoze"	15996	1428812	1.95097726886622	1.94311800686938	1.94429791799704	1.95768292732323
"NightPDoze"	16139	1428812	1.94711192244952	1.93901146847469	1.9404625112774	1.95378741335138
"NightPDoze"	16283	1428812	1.94325400217308	1.93504435492567	1.93663434263924	1.94989951602947
"NightPDoze"	16428	1428812	1.93940361315665	1.93132073345993	1.93281351772888	1.94601933992739
"NightPDoze"	16575	1428812	1.93553465302935	1.9272465980627	1.9289741346176	1.94212058071133
"NightPDoze"	16723	1428812	1.93167388439453	1.92340688353751	1.92514275137223	1.9382302070478
"NightPDoze"	16872	1428812	1.92782139275118	1.92009553233328	1.92131945423798	1.93434830366454
"NightPDoze"	17022	1428812	1.92397725988531	1.91664790433995	1.91750432577482	1.93047495154865
"NightPDoze"	17174	1428812	1.9201162745931	1.91258419627055	1.91367234514662	1.92658474770896
"NightPDoze"	17327	1428812	1.91626424610918	1.90888549268934	1.90984912787729	1.92270369650955
"NightPDoze"	17482	1428812	1.91239639448663	1.90551838971939	1.90601007958899	1.91880683106216
"NightPDoze"	17637	1428812	1.90856268631316	1.90160896518928	1.90220479622554	1.91494449128783
"NightPDoze"	17795	1428812	1.9046892995617	1.89822887560112	1.89836000339949	1.91104230352547
"NightPDoze"	17953	1428812	1.90085015362	1.89395536591244	1.89454907510318	1.90717473649793
"NightPDoze"	18114	1428812	1.89697271359071	1.89019542233482	1.89070000993062	1.90326871795949
"NightPDoze"	18275	1428812	1.89312958575382	1.88697966845463	1.88688488319133	1.89939738896091
"NightPDoze"	18438	1428812	1.88927305569697	1.8830404473593	1.88305632966945	1.89551268337904
"NightPDoze"	18602	1428812	1.88542712246492	1.87960377106924	1.87923817472204	1.89163877517101
"NightPDoze"	18768	1428812	1.88156866448078	1.87629859212861	1.8754074642255	1.88775237410994
"NightPDoze"	18936	1428812	1.87769831167886	1.87290492475482	1.8715648229756	1.88385411530163
"NightPDoze"	19105	1428812	1.87383941313361	1.86944753084151	1.86773343338898	1.87996751563644
"NightPDoze"	19275	1428812	1.86999196818765	1.86532256228165	1.86391329642023	1.87609257281456
"NightPDoze"	19447	1428812	1.86613364106785	1.86170046035053	1.86008223538907	1.87220679085228
"NightPDoze"	19620	1428812	1.86228715376365	1.85754170303475	1.85626281228636	1.86833305283372
"NightPDoze"	19795	1428812	1.85843055287205	1.85371688684041	1.85243322878333	1.86444924920135
"NightPDoze"	19972	1428812	1.8545644043559	1.84942161133254	1.84859404650408	1.86055595028193
"NightPDoze"	20150	1428812	1.85071081521379	1.84611199748051	1.84476721891509	1.85667541764284
"NightPDoze"	20329	1428812	1.84686975493387	1.84225319463526	1.8409527173771	1.85280761886809
"NightPDoze"	20511	1428812	1.84299884139613	1.83810218228805	1.83710845255555	1.84890987706538
"NightPDoze"	20694	1428812	1.83914113764134	1.83458353383218	1.83327719079881	1.84502555396157
"NightPDoze"	20878	1428812	1.83529659666257	1.83149073116925	1.82945888712138	1.84115460049595
"NightPDoze"	21064	1428812	1.83144455197067	1.82818581894885	1.8256330168382	1.83727620741634
"NightPDoze"	21252	1428812	1.82758549963373	1.82396954642827	1.82180007251262	1.83339087431299
"NightPDoze"	21442	1428812	1.82371992465259	1.81988846769108	1.81796053577598	1.82949908957243
"NightPDoze"	21633	1428812	1.81986837663213	1.8160244674661	1.81413481865109	1.82562154127539
"NightPDoze"	21826	1428812	1.8160108872829	1.81220863448388	1.81030308762904	1.82173812545562
"NightPDoze"	22020	1428812	1.81216763585969	1.80873067824262	1.80648538808006	1.81786915611407
"NightPDoze"	22217	1428812	1.80829944802433	1.80503078909336	1.80264280615322	1.81397519672584
"NightPDoze"	22415	1428812	1.80444603351148	1.80063981548126	1.79881478877843	1.81009622152359
"NightPDoze"	22615	1428812	1.80058809895546	1.7969480653994	1.79498217068893	1.80621280820511
"NightPDoze"	22817	1428812	1.79672606362874	1.79318761158386	1.7911453685312	1.80232537867854
"NightPDoze"	23020	1428812	1.79287920280967	1.7896895078724	1.78732353260995	1.79845333398073
"NightPDoze"	23225	1428812	1.78902871617391	1.78599111726312	1.78349798588147	1.79457774971085
"NightPDoze"	23432	1428812	1.78517499756817	1.78192686796893	1.77966911983777	1.7906990220778
"NightPDoze"	23641	1428812	1.78131843132164	1.77785342651097	1.7758373165587	1.78681753766667
"NightPDoze"	23852	1428812	1.77745939238361	1.77408364750598	1.77200294884697	1.78293367357906
"NightPDoze"	24065	1428812	1.773598246463	1.77050245843656	1.76816638036508	1.77904779757513
"NightPDoze"	24279	1428812	1.76975323782877	1.76646579952368	1.76434574031301	1.77517826969474
"NightPDoze"	24496	1428812	1.76588878035546	1.76270263299459	1.76050566844147	1.77128927653163
"NightPDoze"	24714	1428812	1.76204083317415	1.75896182176161	1.75668189732432	1.76741700516041
"NightPDoze"	24935	1428812	1.75817442508396	1.75468972108418	1.75283967587459	1.76352626290937
"NightPDoze"	25157	1428812	1.75432487102268	1.75094112858653	1.74901409851962	1.75965258656341
"NightPDoze"	25381	1428812	1.75047491550394	1.74663776016693	1.74518801838513	1.75577861135172
"NightPDoze"	25608	1428812	1.74660790763012	1.74264066489954	1.7413448875955	1.75188758272789
"NightPDoze"	25836	1428812	1.74275821806148	1.73918712676369	1.73751886506285	1.74801408436584
"NightPDoze"	26067	1428812	1.73889236750683	1.73517745642392	1.73367667783121	1.74412442939453
"NightPDoze"	26299	1428812	1.73504411088309	1.73152265756941	1.72985187471747	1.74025258005108
"NightPDoze"	26534	1428812	1.73118054802935	1.72780784798679	1.72601175662533	1.73636543390773
"NightPDoze"	26770	1428812	1.72733482949715	1.72418437339224	1.72218927349931	1.73249634329956
"NightPDoze"	27009	1428812	1.72347462403991	1.72085570979726	1.71835229002285	1.72861277988856
"NightPDoze"	27250	1428812	1.71961655118574	1.71621950235374	1.7145173257146	1.72473146379282
"NightPDoze"	27493	1428812	1.71576085529294	1.71257004195361	1.71068462409761	1.72085264020169
"NightPDoze"	27738	1428812	1.71190777377914	1.70923994357863	1.70685442181701	1.71697654730074
"NightPDoze"	27985	1428812	1.70805753726121	1.70492354503338	1.7030269487779	1.71310341641356
"NightPDoze"	28235	1428812	1.70419498772596	1.70141543985525	1.69918713666644	1.70921799930633
"NightPDoze"	28487	1428812	1.70033599618767	1.69761927968803	1.69535076317891	1.70533626083973
"NightPDoze"	28741	1428812	1.69648076971118	1.69396547682922	1.69151803488911	1.70145840856316
"NightPDoze"	28997	1428812	1.69262950913473	1.69036557480593	1.68768915219657	1.69758464374673
"NightPDoze"	29255	1428812	1.68878240920438	1.686411154613	1.68386430945918	1.69371516151757
"NightPDoze"	29516	1428812	1.68492494434183	1.68271826282021	1.68002906533779	1.68983535157871
"NightPDoze"	29780	1428812	1.68105768737819	1.67900673101683	1.67618398904383	1.68594579039828
"NightPDoze"	30045	1428812	1.67721010813035	1.67572989448402	1.67235838217155	1.68207611694331
"NightPDoze"	30313	1428812	1.67335333307287	1.67246329673129	1.66852353690432	1.67819729105124
"NightPDoze"	30583	1428812	1.66950210461307	1.66898796193877	1.66469411211646	1.67432413911712
"NightPDoze"	30856	1428812	1.66564250065799	1.66494548839949	1.66085626485808	1.6704426594635
"NightPDoze"	31131	1428812	1.66178899289509	1.6613841615094	1.65702438558087	1.66656740545142
"NightPDoze"	31409	1428812	1.65792789306254	1.65775107172338	1.65318486322073	1.66268461119433
"NightPDoze"	31689	1428812	1.65407340701227	1.65391903383555	1.64935182462758	1.6588085619676
"NightPDoze"	31972	1428812	1.65021207656857	1.6498915987604	1.64551188692368	1.6549257238845
"NightPDoze"	32257	1428812	1.64635784664665	1.64655118988937	1.6416789181935	1.65105011909674
"NightPDoze"	32544	1428812	1.64251083024795	1.64260263916217	1.63785303174311	1.64718186028992
"NightPDoze"	32834	1428812	1.63865790870633	1.63891274848297	1.63402118142129	1.6433077558901
"NightPDoze"	33127	1428812	1.63479953635438	1.63559723410377	1.63018381908547	1.6394282627138
"NightPDoze"	33423	1428812	1.63093615705856	1.63170381552973	1.62634138622763	1.63554382700996
"NightPDoze"	33721	1428812	1.62708108339773	1.62804228428642	1.62250712377491	1.63166783337816
"NightPDoze"	34021	1428812	1.62323439686067	1.62433821465131	1.61868111376755	1.62780036274322
"NightPDoze"	34325	1428812	1.6193708693689	1.62030841287844	1.61483826384343	1.62391605059946
"NightPDoze"	34631	1428812	1.61551632702004	1.61667843109597	1.61100426201053	1.62004086184441
"NightPDoze"	34940	1428812	1.61165840327769	1.61314447081528	1.60716680822971	1.6161623630943
"NightPDoze"	35251	1428812	1.60780980753006	1.60945169310982	1.60333854505799	1.61229333090415
"NightPDoze"	35566	1428812	1.60394617038391	1.60553430990032	1.59949523205263	1.60840926626639
"NightPDoze"	35883	1428812	1.60009239549494	1.60209821092406	1.59566164208775	1.60453520427817
"NightPDoze"	36203	1428812	1.59623652680881	1.59825319574224	1.59182588239115	1.60065912527522
"NightPDoze"	36526	1428812	1.59237891928612	1.59396934991809	1.58798830633697	1.59678138580726
"NightPDoze"	36851	1428812	1.5885317041303	1.59042865773904	1.58416098281682	1.59291417969466
"NightPDoze"	37180	1428812	1.58467154405404	1.58641191986296	1.58032069551181	1.58903404807218
"NightPDoze"	37512	1428812	1.58081065806769	1.58235229957939	1.57647960046079	1.58515327323125
"NightPDoze"	37846	1428812	1.57696084167857	1.5784158142371	1.57264943343768	1.58128371070054
"NightPDoze"	38184	1428812	1.57309935456293	1.57443480614996	1.56880757055141	1.57740250314453
"NightPDoze"	38524	1428812	1.56924935154193	1.57040596763265	1.56497704932668	1.57353292325024
"NightPDoze"	38868	1428812	1.56538848178444	1.5664765761141	1.56113563243551	1.56965250612371
"NightPDoze"	39214	1428812	1.56153948204546	1.56243809509678	1.55730594248714	1.5657841032145
"NightPDoze"	39564	1428812	1.55768038436884	1.55852324451001	1.55346612217205	1.56190563537892
"NightPDoze"	39917	1428812	1.55382263499418	1.55452034346712	1.54962756064786	1.55802860620926
"NightPDoze"	40273	1428812	1.54996649883307	1.55074536253197	1.54579052198031	1.5541532814611
"NightPDoze"	40632	1428812	1.54611223347355	1.54692028161976	1.54195526296765	1.55027991951006
"NightPDoze"	40994	1428812	1.542260089322	1.5435109847993	1.53812203328086	1.54640877149546
"NightPDoze"	41360	1428812	1.53839980914012	1.53925095488917	1.53428062622687	1.54252952939053
"NightPDoze"	41728	1428812	1.53455272320825	1.53523631060905	1.53045226832927	1.53866362771446
"NightPDoze"	42101	1428812	1.53068783532246	1.53153007994578	1.52660611450144	1.53477991843378
"NightPDoze"	42476	1428812	1.5268365891541	1.52728742102798	1.52277345623582	1.53090999810373
"NightPDoze"	42855	1428812	1.52297865663265	1.52347413665683	1.51893406415688	1.52703343949456
"NightPDoze"	43237	1428812	1.51912455850686	1.51943113879419	1.51509840872778	1.5231608138683
"NightPDoze"	43623	1428812	1.51526453770104	1.51607053678776	1.51125677986088	1.51928231694045
"NightPDoze"	44012	1428812	1.51140891857892	1.51249821413152	1.50741945304125	1.51540832217233
"NightPDoze"	44404	1428812	1.50755788532849	1.5089564382941	1.50358661221633	1.51153901398731
"NightPDoze"	44800	1428812	1.50370192208474	1.50542662513968	1.49974878682123	1.50766483101002
"NightPDoze"	45199	1428812	1.49985106687447	1.50191423453541	1.49591596802594	1.50379585833071
"NightPDoze"	45603	1428812	1.49598643700294	1.49812634342851	1.49206936167158	1.49991312431738
"NightPDoze"	46009	1428812	1.49213701468382	1.49427089628016	1.48823781520275	1.49604574655065
"NightPDoze"	46419	1428812	1.48828398676937	1.49036742987349	1.48440260353354	1.49217482342246
"NightPDoze"	46833	1428812	1.48442774722634	1.48661191286695	1.48056411895615	1.48830075057784
"NightPDoze"	47251	1428812	1.48056868048943	1.48271170879749	1.47672274430558	1.48442391405445
"NightPDoze"	47672	1428812	1.47671627165323	1.47916812334175	1.47288792165145	1.48055384215569
"NightPDoze"	48098	1428812	1.47285258571026	1.47506929127645	1.46904179807057	1.47667251742701
"NightPDoze"	48526	1428812	1.46900507002584	1.47157569350281	1.46521169665282	1.47280751204476
"NightPDoze"	48959	1428812	1.46514698567627	1.46781018855674	1.46137100000363	1.46893196502452
"NightPDoze"	49396	1428812	1.46128770313577	1.46403027379612	1.45752903636756	1.46505528924937
"NightPDoze"	49836	1428812	1.45743626912011	1.46029300094307	1.45369481239374	1.4611865716684
"NightPDoze"	50281	1428812	1.45357550126699	1.45680887439462	1.44985122279549	1.45730855251025
"NightPDoze"	50729	1428812	1.44972306824239	1.45294068546794	1.44601585793155	1.45343897907694
"NightPDoze"	51181	1428812	1.44587056467436	1.44912374715715	1.44218035023997	1.44956940802117
"NightPDoze"	51638	1428812	1.44200988103456	1.44556899210445	1.43833662607029	1.44569169378233
"NightPDoze"	52098	1428812	1.43815820568618	1.44183884140023	1.43450179863551	1.44182310018471
"NightPDoze"	52563	1428812	1.43429907587722	1.43819405619278	1.43065947757026	1.43794709178307
"NightPDoze"	53032	1428812	1.43044117767455	1.43462331585532	1.42681831126572	1.43407239247325
"NightPDoze"	53504	1428812	1.42659289613876	1.43103013702946	1.42298664904529	1.43020742319538
"NightPDoze"	53982	1428812	1.42273014076106	1.42729099836159	1.41914050463216	1.42632798877608
"NightPDoze"	54463	1428812	1.41887751607539	1.42354346759438	1.4153043769602	1.42245879977864
"NightPDoze"	54949	1428812	1.4150192475939	1.42005757208087	1.41146255953644	1.41858401343842
"NightPDoze"	55439	1428812	1.41116361796624	1.41628106463716	1.4076232999363	1.41471194761818
"NightPDoze"	55933	1428812	1.40731085771277	1.41249220213687	1.40378682817267	1.41084283334318
"NightPDoze"	56432	1428812	1.40345349465799	1.40821995348319	1.3999457039346	1.40696916644153
"NightPDoze"	56935	1428812	1.39959957799997	1.40456991942621	1.39610794282268	1.40309902983962
"NightPDoze"	57443	1428812	1.39574175610359	1.40105527497441	1.39226622432588	1.39922504065039
"NightPDoze"	57955	1428812	1.39188792569469	1.39691736439981	1.38842841252641	1.39535512836909
"NightPDoze"	58472	1428812	1.38803085385531	1.3930331621489	1.38458730490585	1.39148202955428
"NightPDoze"	58993	1428812	1.38417828781194	1.38948888509992	1.3807506169726	1.38761352327141
"NightPDoze"	59519	1428812	1.38032311154072	1.38548454054578	1.37691126239359	1.38374246368576
"NightPDoze"	60050	1428812	1.37646569340259	1.38127639460702	1.37306960820305	1.37986922048707
"NightPDoze"	60586	1428812	1.37260639263335	1.37759841061918	1.36922601237237	1.37599415417724
"NightPDoze"	61126	1428812	1.36875266439096	1.37387529335179	1.36538790012652	1.37212474995877
"NightPDoze"	61671	1428812	1.36489761949089	1.37001274539914	1.36154841061473	1.36825409020055
"NightPDoze"	62221	1428812	1.36104159226953	1.3661711285955	1.35770787707193	1.36438251034133
"NightPDoze"	62776	1428812	1.35718490851236	1.36239720853189	1.35386662423831	1.3605103372126
"NightPDoze"	63336	1428812	1.35332788559737	1.3587500353488	1.35002496850108	1.35663788918348
"NightPDoze"	63900	1428812	1.34947762910948	1.35473398686298	1.34618998759995	1.35277229978502
"NightPDoze"	64470	1428812	1.34562078701165	1.35084532323211	1.34234838277714	1.34890016349756
"NightPDoze"	65045	1428812	1.34176450942268	1.34709546193056	1.33850727605293	1.34502865864065
"NightPDoze"	65625	1428812	1.33790908152813	1.34339589521886	1.33466695182552	1.34115807118664
"NightPDoze"	66210	1428812	1.33405478082465	1.33967155843585	1.33082768685142	1.33728867937157
"NightPDoze"	66801	1428812	1.33019537584862	1.3356504726358	1.32698327417502	1.33341422713065
"NightPDoze"	67396	1428812	1.32634418937427	1.33172127221351	1.32314698518854	1.32954808880497
"NightPDoze"	67997	1428812	1.32248853028071	1.32784855158373	1.31930617824995	1.32567752361061
"NightPDoze"	68604	1428812	1.31862881599596	1.32436919691055	1.31546126926509	1.32180295050095
"NightPDoze"	69216	1428812	1.31477172851207	1.32042494065449	1.31161891485272	1.31793107693007
"NightPDoze"	69833	1428812	1.31091749897919	1.31650988311741	1.30777934570343	1.31406213450564
"NightPDoze"	70456	1428812	1.30706018772122	1.31252454858874	1.30393664501845	1.31019016058922
"NightPDoze"	71084	1428812	1.30320628562504	1.30876993558864	1.30009727939492	1.30632167044092
"NightPDoze"	71718	1428812	1.29934994693453	1.30495195881452	1.29625542543681	1.30245079586203
"NightPDoze"	72357	1428812	1.29549753784427	1.3011967967729	1.2924174257479	1.29858392671811
"NightPDoze"	73002	1428812	1.29164330513121	1.29749794872469	1.28857754895865	1.2947152878526
"NightPDoze"	73653	1428812	1.28778759625498	1.29351265110407	1.28473614144081	1.29084522781412
"NightPDoze"	74310	1428812	1.28393074990414	1.28973366272441	1.28089354084858	1.28697408632656
"NightPDoze"	74973	1428812	1.28007309613891	1.28579937402698	1.2770500762598	1.28310219443312
"NightPDoze"	75641	1428812	1.27622069805663	1.28219889549974	1.27321178885384	1.27923563722144
"NightPDoze"	76316	1428812	1.27236233506408	1.27828004395147	1.26936749939992	1.27536315259105
"NightPDoze"	76997	1428812	1.26850410495366	1.2743709142775	1.26552328359346	1.27149086050453
"NightPDoze"	77683	1428812	1.26465189530754	1.27069343954218	1.26168500804856	1.26762466958011
"NightPDoze"	78376	1428812	1.26079476457056	1.26678748267483	1.25784177108865	1.2637535982461
"NightPDoze"	79075	1428812	1.25693863453233	1.26295692033983	1.25399947335893	1.25988358950535
"NightPDoze"	79780	1428812	1.25308377887944	1.25925451049056	1.25015838788937	1.2560149177004
"NightPDoze"	80491	1428812	1.2492304638196	1.25571953725908	1.24631878027226	1.2521478496534
"NightPDoze"	81209	1428812	1.24537360029654	1.25201210477114	1.24247557978175	1.24827727791431
"NightPDoze"	81933	1428812	1.24151888236388	1.24812530472615	1.23863446053963	1.24440891653193
"NightPDoze"	82664	1428812	1.23766129951185	1.24423487468946	1.23479042996619	1.24053773700479
"NightPDoze"	83401	1428812	1.23380643470533	1.24030421030367	1.23094905167788	1.236669341707
"NightPDoze"	84145	1428812	1.22994935489528	1.2365315740054	1.227105410163	1.23279877999239
"NightPDoze"	84895	1428812	1.22609553419367	1.23264299451216	1.22326496075044	1.22893154481428
"NightPDoze"	85652	1428812	1.22224011592645	1.22890073172947	1.2194228639183	1.2250627622884
"NightPDoze"	86416	1428812	1.21838344190227	1.22485503887304	1.21557946049719	1.2211927752023
"NightPDoze"	87187	1428812	1.21452584524943	1.22099114151417	1.21173508268605	1.21732191761424
"NightPDoze"	87964	1428812	1.2106725877433	1.21711907301752	1.2078949745649	1.21345546904859
"NightPDoze"	88749	1428812	1.20681406754253	1.21337491063539	1.20404956730098	1.20958379454837
"NightPDoze"	89540	1428812	1.20296042412084	1.20961067409374	1.20020896616173	1.2057170678991
"NightPDoze"	90338	1428812	1.19910702129314	1.20608604748271	1.19636855101945	1.20185063680505
"NightPDoze"	91144	1428812	1.19524938711751	1.20225202266257	1.19252386517952	1.1979800140273
"NightPDoze"	91957	1428812	1.19139265599584	1.19855238249161	1.18868002599809	1.19411035106435
"NightPDoze"	92777	1428812	1.18753710431736	1.19488399255458	1.18483730924018	1.19024192492908
"NightPDoze"	93604	1428812	1.18368300094063	1.19133808131514	1.18099598317878	1.18637500506488
"NightPDoze"	94439	1428812	1.17982600861015	1.18762750960587	1.17715172516235	1.18250523956532
"NightPDoze"	95281	1428812	1.17597106150721	1.18376798273757	1.17330945331754	1.17863757871312
"NightPDoze"	96131	1428812	1.17211388782149	1.17983664972031	1.16946491012889	1.17476773635739
"NightPDoze"	96988	1428812	1.16825932414306	1.17583640298774	1.16562291660804	1.17090056471146
"NightPDoze"	97853	1428812	1.16440316324251	1.1724175096827	1.16177927951681	1.16703184251029
"NightPDoze"	98725	1428812	1.16055014613243	1.16853656744207	1.15793872475054	1.16316632592671
"NightPDoze"	99606	1428812	1.15669176913263	1.16481375642328	1.15409277633827	1.15929548348665
"NightPDoze"	100494	1428812	1.15283711686891	1.16079921023554	1.15025048985766	1.15542842894815
"NightPDoze"	101390	1428812	1.14898210767253	1.15696977372961	1.14640779704735	1.15156106719316
"NightPDoze"	102294	1428812	1.14512705065229	1.15310460310439	1.14256500626633	1.14769370808035
"NightPDoze"	103207	1428812	1.1412680387703	1.14925454384447	1.13871822307531	1.14382243193462
"NightPDoze"	104127	1428812	1.13741381830635	1.145271410036	1.13487616629862	1.13995601256891
"NightPDoze"	105055	1428812	1.13356042891396	1.14139784357114	1.13103488844025	1.13609047674664
"NightPDoze"	105992	1428812	1.12970405065172	1.13741726064216	1.12719058176574	1.13222199228232
"NightPDoze"	106937	1428812	1.12584912335215	1.13355020017354	1.12334767242139	1.12835501273204
"NightPDoze"	107891	1428812	1.12199188325395	1.12958029184001	1.1195024086038	1.12448576234053
"NightPDoze"	108853	1428812	1.1181366811475	1.12534542660398	1.11565912782897	1.1206186052082
"NightPDoze"	109824	1428812	1.11427980875652	1.12176725585974	1.11181413353346	1.1167498213109
"NightPDoze"	110803	1428812	1.11042552967412	1.11789743921281	1.10797167643476	1.1128836871515
"NightPDoze"	111791	1428812	1.10657019041405	1.11395620761376	1.10412811451831	1.10901653773792
"NightPDoze"	112788	1428812	1.10271411864349	1.10985798063832	1.10028377465302	1.10514870153602
"NightPDoze"	113794	1428812	1.09885763359244	1.10598816077175	1.09643897531176	1.1012804985332
"NightPDoze"	114809	1428812	1.09500104619732	1.10215966201019	1.09259402671376	1.09741224038315
"NightPDoze"	115833	1428812	1.09114465924471	1.09818000799158	1.08874923096734	1.09354423055072
"NightPDoze"	116865	1428812	1.08729248372182	1.0944798897526	1.0849085873168	1.089680491796
"NightPDoze"	117908	1428812	1.08343365792736	1.09066866395099	1.08106126676414	1.08581012962374
"NightPDoze"	118959	1428812	1.07957960968074	1.08696592918196	1.0772186632534	1.08194460581874
"NightPDoze"	120020	1428812	1.07572327585169	1.08307148220047	1.07337373490365	1.07807683594214
"NightPDoze"	121090	1428812	1.07186860309963	1.07922467766743	1.06953041691984	1.07421077813681
"NightPDoze"	122170	1428812	1.06801229256448	1.07559044513289	1.06568542038845	1.07034312356779
"NightPDoze"	123259	1428812	1.06415821075911	1.07155344887045	1.06184260071654	1.06647774988145
"NightPDoze"	124359	1428812	1.0602996140338	1.06739586507739	1.05799523414714	1.06260789348114
"NightPDoze"	125467	1428812	1.05644730588956	1.06356317064583	1.05415409299561	1.0587443891337
"NightPDoze"	126586	1428812	1.05259112765573	1.05950443342469	1.05030904830665	1.05487704837349
"NightPDoze"	127715	1428812	1.04873488155614	1.05564418010342	1.0464638914826	1.05100968427256
"NightPDoze"	128854	1428812	1.04487886939156	1.05180227851159	1.04261892368317	1.04714259927267
"NightPDoze"	130003	1428812	1.04102338497571	1.0479237405115	1.03877443811681	1.0432760877927
"NightPDoze"	131162	1428812	1.03716871427898	1.04401368470371	1.03493072018329	1.03941043637335
"NightPDoze"	132332	1428812	1.03331185369161	1.04007040598449	1.03108477500564	1.03554263264824
"NightPDoze"	133512	1428812	1.02945641379471	1.03613900963844	1.02724020315442	1.03167629723288
"NightPDoze"	134703	1428812	1.02559943296861	1.03231305306446	1.02339405157665	1.02780845991763
"NightPDoze"	135904	1428812	1.02174444751031	1.0283308660131	1.01954984686747	1.02394266672415
"NightPDoze"	137116	1428812	1.01788853733709	1.02441380312014	1.01570467734694	1.02007598914429
"NightPDoze"	138339	1428812	1.01403202669241	1.02051991596071	1.011858866548	1.01620875213227
"NightPDoze"	139572	1428812	1.01017834305554	1.01666649806573	1.00801583269429	1.01234439244433
"NightPDoze"	140817	1428812	1.00632154331034	1.01283489255007	1.00416964930542	1.00847695028595
"NightPDoze"	142073	1428812	1.00246506636302	1.00901107838129	1.00032374599179	1.00460987388063
"NightPDoze"	143339	1428812	0.998612233640332	1.00505803614811	0.996481435352911	1.0007464935022
"NightPDoze"	144618	1428812	0.994754239396987	1.00118506785246	0.992633935881938	0.996877979106603
"NightPDoze"	145907	1428812	0.990900449276182	0.997397702258984	0.988790587943197	0.993013721675604
"NightPDoze"	147208	1428812	0.987045151805509	0.993516843034528	0.984945695796167	0.989147993965453
"NightPDoze"	148521	1428812	0.983188686393473	0.989598267517383	0.981099598103068	0.985281136131396
"NightPDoze"	149846	1428812	0.979331383809702	0.985794586046254	0.977252624924387	0.981413479652547
"NightPDoze"	151182	1428812	0.975476438988148	0.982107274396646	0.973407962873451	0.97754822780171
"NightPDoze"	152530	1428812	0.971621242397299	0.978244419385635	0.969563009622841	0.973682763824768
"NightPDoze"	153890	1428812	0.967766100426359	0.97423140702785	0.965718070954246	0.969817394718473
"NightPDoze"	155262	1428812	0.963911311400385	0.970352478665046	0.961873444618449	0.965952419382088
"NightPDoze"	156647	1428812	0.960054393265685	0.966648632959239	0.958026655286497	0.962085349020258
"NightPDoze"	158044	1428812	0.956198450103851	0.962792696782923	0.954180799078393	0.958219295693261
"NightPDoze"	159453	1428812	0.952343756235502	0.958867969735207	0.950336149838279	0.954354534197838
"NightPDoze"	160875	1428812	0.948487878897458	0.954943157017946	0.946490281349881	0.95048862520757
"NightPDoze"	162310	1428812	0.944631149126219	0.950968143431935	0.942643523965707	0.946621900443271
"NightPDoze"	163757	1428812	0.940776541527251	0.947229130525118	0.938798844824171	0.942757341993011
"NightPDoze"	165217	1428812	0.936921671330748	0.943304727263349	0.934953865530499	0.938892558696188
"NightPDoze"	166691	1428812	0.933064239731956	0.939411691196383	0.931106293340546	0.935025245672671
"NightPDoze"	168177	1428812	0.92920977908733	0.935556986703078	0.927261646679948	0.931160949239543
"NightPDoze"	169677	1428812	0.925353391822602	0.931539543102463	0.923415040662788	0.92729475910468
"NightPDoze"	171190	1428812	0.921497965546673	0.927720684620308	0.919569355762223	0.92342957002729
"NightPDoze"	172717	1428812	0.917641260330407	0.923909598271821	0.915722357906045	0.91956313620719
"NightPDoze"	174257	1428812	0.91378610218326	0.919716322558039	0.911876866195848	0.915698290575574
"NightPDoze"	175811	1428812	0.909930279965835	0.915867178977303	0.908030675249993	0.911832816221491
"NightPDoze"	177378	1428812	0.906076559462463	0.912037663845036	0.904186544164963	0.907969485630337
"NightPDoze"	178960	1428812	0.902220331316551	0.908220527236251	0.900339875247796	0.904103677755567
"NightPDoze"	180556	1428812	0.898364366772728	0.904192756701813	0.896493433040888	0.900238170557318
"NightPDoze"	182166	1428812	0.894508958853976	0.900284837648976	0.892647510053852	0.89637325757183
"NightPDoze"	183791	1428812	0.89065202976131	0.896250996756337	0.888800033784196	0.892506855691248
"NightPDoze"	185430	1428812	0.886796261756272	0.892271222736111	0.88495368011231	0.888641653570604
"NightPDoze"	187083	1428812	0.882941924228374	0.888280574692369	0.881108718002972	0.88477792102379
"NightPDoze"	188751	1428812	0.879086978270543	0.884449395144459	0.877263113716519	0.880913613964354
"NightPDoze"	190435	1428812	0.875229459034119	0.880463691919288	0.873414907318409	0.877046762618294
"NightPDoze"	192133	1428812	0.871374255251598	0.876759413281681	0.869568975930993	0.873182267351177
"NightPDoze"	193846	1428812	0.867519365429148	0.872908165843074	0.86572332310523	0.869318121612789
"NightPDoze"	195575	1428812	0.863662860404189	0.868914106056936	0.861876024478469	0.865452391429745
"NightPDoze"	197319	1428812	0.859807283689667	0.864978720461739	0.858029617676863	0.861587626212724
"NightPDoze"	199078	1428812	0.85595291074982	0.861271112800974	0.854184377731748	0.857724101858595
"NightPDoze"	200854	1428812	0.852095685027975	0.857369673630126	0.850336257870252	0.853857752006146
"NightPDoze"	202645	1428812	0.848240268022988	0.85348437439697	0.846489908766042	0.849993249000133
"NightPDoze"	204452	1428812	0.844384787827391	0.849504522139391	0.842643463129894	0.846128716304517
"NightPDoze"	206275	1428812	0.840529545940793	0.845606462043003	0.8387972219494	0.842264455930902
"NightPDoze"	208115	1428812	0.836672749073761	0.841631476078834	0.834949396296744	0.838398670218647
"NightPDoze"	209970	1428812	0.832818874969579	0.837934691559168	0.831104453708587	0.834535847136656
"NightPDoze"	211843	1428812	0.828961996024523	0.834073450390904	0.827256480508769	0.830670045125412
"NightPDoze"	213732	1428812	0.825106555306127	0.830140486626067	0.823409909676309	0.826805717359645
"NightPDoze"	215638	1428812	0.821250800839875	0.826414597309132	0.819562993471917	0.822941107620395
"NightPDoze"	217561	1428812	0.817395040774437	0.822342318518339	0.815716039523906	0.819076524576726
"NightPDoze"	219501	1428812	0.813539575160911	0.818616665137489	0.81186934739135	0.81521226877173
"NightPDoze"	221458	1428812	0.809684696096514	0.814800770011868	0.808023208706967	0.811348632767018
"NightPDoze"	223433	1428812	0.805828744124686	0.81086636407271	0.804175967959747	0.807483953152074
"NightPDoze"	225426	1428812	0.801972047393882	0.806894889655679	0.800327952723238	0.803618558650466
"NightPDoze"	227436	1428812	0.798116835128334	0.803039421055157	0.796481387401062	0.799754683315123
"NightPDoze"	229464	1428812	0.794261475439019	0.799179586321814	0.792634643968678	0.795890691384362
"NightPDoze"	231510	1428812	0.790406272011125	0.795185701477721	0.788788025620412	0.792026887034237
"NightPDoze"	233575	1428812	0.786549661168673	0.791472653167745	0.784939972334969	0.788161702926477
"NightPDoze"	235657	1428812	0.782695665822338	0.787593971099954	0.781094498297991	0.784299170711871
"NightPDoze"	237759	1428812	0.778839036860399	0.783739064943059	0.777246366190527	0.780434029463514
"NightPDoze"	239879	1428812	0.774983764560314	0.779857902277989	0.773399557670414	0.776570278093303
"NightPDoze"	242018	1428812	0.771128318581551	0.776042234036778	0.769552545957137	0.772706382693351
"NightPDoze"	244176	1428812	0.767273003319415	0.772033639207001	0.765705634965842	0.768842648139125
"NightPDoze"	246354	1428812	0.763416352244327	0.768245051566531	0.761857361536084	0.76497760452508
"NightPDoze"	248551	1428812	0.759560447888895	0.764496803505662	0.758009803855835	0.761113338735358
"NightPDoze"	250767	1428812	0.755705570564253	0.760500315968374	0.754163241835346	0.757250131481793
"NightPDoze"	253003	1428812	0.751850276417139	0.756694012246142	0.750316234928246	0.753386535597573
"NightPDoze"	255260	1428812	0.747993174809513	0.752994545817188	0.746467395646148	0.749521157288742
"NightPDoze"	257536	1428812	0.74413798616064	0.749058181983086	0.742620436625166	0.745657724770447
"NightPDoze"	259832	1428812	0.740283288521995	0.745176497886179	0.738773939163909	0.741794812840533
"NightPDoze"	262149	1428812	0.736427711972653	0.741305262049252	0.734926536436296	0.737931048477122
"NightPDoze"	264487	1428812	0.732571579472699	0.73730216821085	0.731078550886809	0.734066755156041
"NightPDoze"	266846	1428812	0.728715205625699	0.733681264926173	0.727230296630427	0.73020224796952
"NightPDoze"	269225	1428812	0.724860509950731	0.729840765016401	0.723383689344825	0.726339450283732
"NightPDoze"	271626	1428812	0.721004550253748	0.726017752086989	0.719535793198619	0.722475413530477
"NightPDoze"	274048	1428812	0.717149244446989	0.72210211593053	0.715688522271243	0.718612059460478
"NightPDoze"	276492	1428812	0.713293304408644	0.718239627800073	0.711840591310125	0.71474809707716
"NightPDoze"	278958	1428812	0.709437046754345	0.714431439985583	0.707992316447673	0.710883843479469
"NightPDoze"	281445	1428812	0.705582322940693	0.710515843676395	0.704145545504876	0.70702115376484
"NightPDoze"	283955	1428812	0.701726333415881	0.706761231330083	0.700297484892981	0.703157222407907
"NightPDoze"	286487	1428812	0.69787092733584	0.702994964737749	0.696449980142879	0.69929390219485
"NightPDoze"	289042	1428812	0.694014886653424	0.699171998237326	0.692601815887619	0.695429972393277
"NightPDoze"	291619	1428812	0.690160017270863	0.69539315892441	0.688754794530517	0.691567242409251
"NightPDoze"	294220	1428812	0.686303635917464	0.691557248615677	0.684906238444774	0.687703023318456
"NightPDoze"	296844	1428812	0.68244754542544	0.687636436338607	0.681057946976702	0.683839121443904
"NightPDoze"	299491	1428812	0.678592038130313	0.683821998139529	0.677210212063977	0.679975829518891
"NightPDoze"	302161	1428812	0.674737398550472	0.679934762048192	0.673363317850479	0.676113432436188
"NightPDoze"	304856	1428812	0.670881054338636	0.676022275204753	0.669514697334394	0.672249352494029
"NightPDoze"	307574	1428812	0.667026174338268	0.672069195445764	0.665667513195093	0.668386764708918
"NightPDoze"	310317	1428812	0.663170220723346	0.668246851806497	0.661819232862054	0.664523125990529
"NightPDoze"	313084	1428812	0.659314908811341	0.664485935526702	0.657971568420496	0.66066015489293
"NightPDoze"	315876	1428812	0.655459146645031	0.660596264139974	0.654123430266637	0.65679675710121
"NightPDoze"	318693	1428812	0.651603245962606	0.656719448386163	0.65027512970251	0.652933244789762
"NightPDoze"	321535	1428812	0.647747510341341	0.652919897895019	0.646426969893339	0.649069921947908
"NightPDoze"	324402	1428812	0.643892235341316	0.649157173078036	0.642579246010594	0.645207084524293
"NightPDoze"	327295	1428812	0.640036381724399	0.645298174403136	0.638730921037132	0.641343691055858
"NightPDoze"	330214	1428812	0.636180264624055	0.641233551939243	0.634882309670305	0.637480057112249
"NightPDoze"	333159	1428812	0.632324190952781	0.637383713798511	0.631033718410479	0.633616490018109
"NightPDoze"	336130	1428812	0.628468459545863	0.633403359715562	0.627185445704141	0.629753288997493
"NightPDoze"	339127	1428812	0.624613361305114	0.629584993941469	0.623337782086995	0.625890745318253
"NightPDoze"	342151	1428812	0.620757910032242	0.625649481303932	0.619489743453412	0.6220278706858
"NightPDoze"	345202	1428812	0.61690241483725	0.621767489527166	0.615641638504285	0.61816497461928
"NightPDoze"	348281	1428812	0.613045929747509	0.617791981930848	0.611792523260425	0.614301109149215
"NightPDoze"	351386	1428812	0.609191252747563	0.613968576187399	0.607945190556028	0.610439077417281
"NightPDoze"	354520	1428812	0.605334960897903	0.610052888281972	0.604096224165116	0.606575449760342
"NightPDoze"	357681	1428812	0.601479825060455	0.606147638609289	0.600248389872752	0.602713002123821
"NightPDoze"	360871	1428812	0.597623707682498	0.602298049938064	0.596399554367397	0.598849592707316
"NightPDoze"	364089	1428812	0.593768127375611	0.598418540873035	0.592551233580945	0.594986742805309
"NightPDoze"	367336	1428812	0.589912187602586	0.594651932023945	0.588702532858124	0.591123553995514
"NightPDoze"	370611	1428812	0.586057369590934	0.590763658388395	0.58485493084484	0.58726151009007
"NightPDoze"	373916	1428812	0.582201620588854	0.586955186263811	0.581006378827134	0.583398554293278
"NightPDoze"	377251	1428812	0.578345264966283	0.583088351263919	0.577157200751496	0.579535011398622
"NightPDoze"	380615	1428812	0.574489759744937	0.579099080237302	0.573308851124868	0.575672340945498
"NightPDoze"	384009	1428812	0.570634251468756	0.575084078315807	0.569460478277725	0.571809687688385
"NightPDoze"	387433	1428812	0.566779040063472	0.571173802358268	0.565612381779639	0.567947351909159
"NightPDoze"	390888	1428812	0.562923306455525	0.567296816037495	0.561763744264403	0.564084512824156
"NightPDoze"	394374	1428812	0.559067364267347	0.563613104923265	0.557914878970017	0.560221484440286
"NightPDoze"	397891	1428812	0.555211518927431	0.559671939261448	0.554066090962861	0.556358572548162
"NightPDoze"	401439	1428812	0.551356067814063	0.555727181239668	0.550217677280839	0.552496074866424
"NightPDoze"	405019	1428812	0.547500228114615	0.551623003233683	0.546368856741452	0.548633206949735
"NightPDoze"	408630	1428812	0.543645372770864	0.547649195048654	0.542520999993723	0.544771344035122
"NightPDoze"	412274	1428812	0.53978966877919	0.543787363687976	0.538672277566149	0.540908649581867
"NightPDoze"	415951	1428812	0.535933438334668	0.539851171811705	0.534823011264904	0.537045446174032
"NightPDoze"	419660	1428812	0.53207803016086	0.5358608313522	0.530974547585493	0.533183084765615
"NightPDoze"	423402	1428812	0.528222696742119	0.531931948675537	0.527126140571777	0.529320816279053
"NightPDoze"	427178	1428812	0.524366719257085	0.527931362416515	0.523277072897846	0.525457920395251
"NightPDoze"	430987	1428812	0.520511422262948	0.524071797027597	0.519428666956839	0.521595723837725
"NightPDoze"	434831	1428812	0.516655090134074	0.520243351803071	0.515579210397953	0.51773250770156
"NightPDoze"	438708	1428812	0.512800029994309	0.516395588314865	0.511731006445201	0.513870583014814
"NightPDoze"	442620	1428812	0.508944545772643	0.512426133819015	0.507882362263132	0.510008250466556
"NightPDoze"	446567	1428812	0.505088948454038	0.50853885010876	0.504033588496438	0.506145821382047
"NightPDoze"	450550	1428812	0.501232576954097	0.504648570891614	0.500184025441581	0.502282633294002
"NightPDoze"	454567	1428812	0.49737766247238	0.500736423492252	0.496335900581464	0.498420921122687
"NightPDoze"	458621	1428812	0.493521625546574	0.496724240622964	0.492486639218984	0.494558100634535
"NightPDoze"	462711	1428812	0.489665734234414	0.49275688862742	0.48863750739932	0.490695441901866
"NightPDoze"	466837	1428812	0.485810284643124	0.488850882951328	0.484788800937692	0.486833241323875
"NightPDoze"	471000	1428812	0.481954642925034	0.484983674667216	0.480939887321888	0.482970863715515
"NightPDoze"	475200	1428812	0.478099114005989	0.48098099307068	0.477091071172484	0.479108614307905
"NightPDoze"	479438	1428812	0.474243088929131	0.477146444530124	0.473241744819991	0.475245882855
"NightPDoze"	483713	1428812	0.470387778536104	0.473274424077358	0.469393117235276	0.471383882071016
"NightPDoze"	488026	1428812	0.466532573942816	0.469481423830707	0.465544580827965	0.467522001776326
"NightPDoze"	492378	1428812	0.462676890107416	0.465567726524124	0.461695551801926	0.463659655681638
"NightPDoze"	496769	1428812	0.458821039511515	0.461672637330608	0.457846342334153	0.459797156573209
"NightPDoze"	501199	1428812	0.454965326463049	0.457786002071373	0.453997256449039	0.455934809042523
"NightPDoze"	505668	1428812	0.45111004724	0.453868383432609	0.450148590161596	0.452072909630505
"NightPDoze"	510178	1428812	0.447253787707634	0.44995274267825	0.446298932005815	0.448210041530474
"NightPDoze"	514727	1428812	0.443398561127481	0.446091498728643	0.442450292045663	0.444348221204709
"NightPDoze"	519317	1428812	0.439542967569706	0.442079152205212	0.438601272997867	0.440486046073651
"NightPDoze"	523948	1428812	0.435687316544208	0.438164277646903	0.434752184096817	0.436623825922725
"NightPDoze"	528621	1428812	0.431831087877228	0.434403625636397	0.430902506308479	0.432761039436966
"NightPDoze"	533334	1428812	0.427976225365937	0.430505534796516	0.427054180392225	0.42889963345428
"NightPDoze"	538090	1428812	0.424120571487765	0.426549337630901	0.423205052750462	0.425037446522713
"NightPDoze"	542889	1428812	0.420264446920421	0.422626555790361	0.41935544377969	0.421174799601242
"NightPDoze"	547730	1428812	0.416408956923357	0.418736611690849	0.415506457143394	0.417312799546688
"NightPDoze"	552614	1428812	0.412553598768261	0.414907166534673	0.411657591239045	0.413450942503537
"NightPDoze"	557542	1428812	0.408697889854678	0.411029501435973	0.407808364556236	0.409588744779934
"NightPDoze"	562514	1428812	0.404842139293313	0.407134027952688	0.403959085966664	0.405726515725615
"NightPDoze"	567530	1428812	0.400986648080499	0.403256698186382	0.400110056248685	0.401864556554877
"NightPDoze"	572591	1428812	0.39713095076814	0.399367925161058	0.396260811025133	0.398002400747405
"NightPDoze"	577697	1428812	0.393275352662301	0.395411106126587	0.392411655385874	0.394140353825464
"NightPDoze"	582849	1428812	0.389419405897248	0.391477175507189	0.388562142512388	0.390277966874879
"NightPDoze"	588046	1428812	0.385564158122612	0.387576439335497	0.384713318611972	0.386416288988815
"NightPDoze"	593290	1428812	0.381708426729975	0.383718833046342	0.380864003357014	0.382554135275644
"NightPDoze"	598581	1428812	0.377852524327158	0.379783758963801	0.377014509147711	0.378691818550836
"NightPDoze"	603919	1428812	0.373996755345887	0.375817978792718	0.373165140229885	0.374829643432024
"NightPDoze"	609304	1428812	0.370141416185526	0.371898310211148	0.369316192838351	0.370967906483095
"NightPDoze"	614738	1428812	0.366285382411567	0.36801471533565	0.365466544733651	0.367105481072269
"NightPDoze"	620220	1428812	0.362429672475418	0.364173577259701	0.361617213017274	0.363243387001986
"NightPDoze"	625750	1428812	0.358574577758244	0.360379059630323	0.357768488934838	0.359381915788919
"NightPDoze"	631330	1428812	0.354719006031329	0.356447644629537	0.353919282413481	0.355519973046372
"NightPDoze"	636960	1428812	0.35086326969121	0.352572037742664	0.350069905689941	0.351657871330709
"NightPDoze"	642640	1428812	0.347007672962719	0.348659948364167	0.346220662851872	0.347795915003936
"NightPDoze"	648371	1428812	0.343151842217602	0.344752044550293	0.342371181258728	0.343933729449095
"NightPDoze"	654153	1428812	0.339296083526846	0.340836151300093	0.338521766857167	0.340071620861507
"NightPDoze"	659986	1428812	0.33544069490031	0.337015638982557	0.33467271755557	0.336209887352491
"NightPDoze"	665872	1428812	0.331584661989121	0.333137715510233	0.330823021069103	0.332347512507242
"NightPDoze"	671810	1428812	0.327728948149452	0.329291331766481	0.326973639575886	0.328485460860932
"NightPDoze"	677800	1428812	0.323873844888634	0.325387754681103	0.323124864520405	0.324624023983702
"NightPDoze"	683845	1428812	0.320017730675585	0.321590891178579	0.319275077457289	0.320761577256066
"NightPDoze"	689943	1428812	0.316162190996825	0.317647306460335	0.315425861705616	0.316899708333773
"NightPDoze"	696095	1428812	0.312306886703735	0.313907385780117	0.311576879118784	0.313038077065291
"NightPDoze"	702303	1428812	0.30845087463357	0.310067235415201	0.307727188536446	0.309175738283778
"NightPDoze"	708565	1428812	0.304595699193536	0.306149989105634	0.303878332301655	0.305314238462271
"NightPDoze"	714884	1428812	0.300739815651011	0.302301732916346	0.300028768693774	0.301452029853679
"NightPDoze"	721259	1428812	0.296884144683709	0.298343956203893	0.296179417374004	0.297590034153058
"NightPDoze"	727691	1428812	0.293028383775517	0.294420210756144	0.292329976828022	0.293727947841705
"NightPDoze"	734180	1428812	0.289172835194432	0.290585863618521	0.2884807493482	0.289866073163237
"NightPDoze"	740727	1428812	0.285317206905883	0.286684217889804	0.28463144391324	0.286004117069035
"NightPDoze"	747332	1428812	0.28146180087803	0.282807317289275	0.2807823625459	0.282142381472654
"NightPDoze"	753997	1428812	0.277605759109927	0.279009301945064	0.276932649219315	0.278280006397598
"NightPDoze"	760720	1428812	0.273750540078692	0.275135364137246	0.273083760599848	0.274418452133194
"NightPDoze"	767504	1428812	0.269894724378487	0.271272155273947	0.269234280213122	0.27055629633998
"NightPDoze"	774348	1428812	0.266039188460095	0.267276623186949	0.265385083690171	0.266694416289206
"NightPDoze"	781253	1428812	0.262183668926954	0.263431407771791	0.261535908706628	0.262832547511414
"NightPDoze"	788220	1428812	0.258327914214511	0.259469152656683	0.257686504772933	0.258970437366384
"NightPDoze"	795249	1428812	0.254472230406527	0.255581050621841	0.253837178151701	0.255108391759029
"NightPDoze"	802341	1428812	0.250616374240879	0.251686355973121	0.249987686688099	0.25124616631928
"NightPDoze"	809496	1428812	0.246760650173913	0.247835499605007	0.246138335066521	0.247384065275441
"NightPDoze"	816714	1428812	0.242905354629368	0.243959077490801	0.242289419975347	0.243522384786589
"NightPDoze"	823997	1428812	0.239049722023441	0.240072411605481	0.238440177881275	0.239660357217173
"NightPDoze"	831345	1428812	0.235194061088952	0.236163362911318	0.234590917819658	0.235798290997492
"NightPDoze"	838759	1428812	0.231338154668515	0.232295858572499	0.230741423838536	0.231935967764143
"NightPDoze"	846238	1428812	0.227482822358343	0.228423541961215	0.226892515045987	0.228074207602053
"NightPDoze"	853785	1428812	0.223626822863261	0.22454684385724	0.223042953126602	0.224211766234545
"NightPDoze"	861398	1428812	0.219771482026544	0.220675569055134	0.219194062658	0.220349970771688
"NightPDoze"	869080	1428812	0.215915583189533	0.216762659220112	0.215344630003712	0.216487601530953
"NightPDoze"	876830	1428812	0.212059936255169	0.213025101437311	0.211495464739073	0.212625468743446
"NightPDoze"	884649	1428812	0.208204343557205	0.209119760646962	0.20764637060144	0.208763373338767
"NightPDoze"	892537	1428812	0.204349103535299	0.205173990454229	0.20379764664516	0.204901613141872
"NightPDoze"	900497	1428812	0.200493059852148	0.201200242464259	0.199948139661913	0.201039028684926
"NightPDoze"	908527	1428812	0.196637489641608	0.197326139723431	0.196099125848495	0.197176898039879
"NightPDoze"	916628	1428812	0.192782206523815	0.193509345179734	0.192250420419121	0.193315033232264
"NightPDoze"	924802	1428812	0.188926563529694	0.189665307088105	0.188401378854597	0.189452784842136
"NightPDoze"	933049	1428812	0.185070869994112	0.185850997641557	0.184552311376119	0.185590461318047
"NightPDoze"	941370	1428812	0.181214965790368	0.1819365021588	0.180703059618852	0.18172790077096
"NightPDoze"	949764	1428812	0.177359613658635	0.178027528004854	0.176854386564656	0.17786586569982
"NightPDoze"	958234	1428812	0.1735037392255	0.174126834524378	0.173005221345603	0.174003278224348
"NightPDoze"	966779	1428812	0.169648105367151	0.17025572217246	0.169156327248017	0.170140900811055
"NightPDoze"	975400	1428812	0.1657925603875	0.166375490415743	0.16530755466846	0.166278579670749
"NightPDoze"	984098	1428812	0.161936960492026	0.16254287994765	0.161458762001291	0.162416168819596
"NightPDoze"	992874	1428812	0.158081169578805	0.158688091775725	0.157609815439427	0.158553529860405
"NightPDoze"	1001728	1428812	0.154225492579386	0.154851088468851	0.153761021549752	0.154690966089393
"NightPDoze"	1010661	1428812	0.150369796670812	0.151005259803718	0.14991225005593	0.150828342136566
"NightPDoze"	1019673	1428812	0.146514382239087	0.147086538239058	0.146063803258768	0.146965956473119
"NightPDoze"	1028766	1428812	0.142658697407618	0.14321373096572	0.142215132899297	0.143103253604037
"NightPDoze"	1037940	1428812	0.138803049169482	0.139356597127157	0.138366548214247	0.139240538278749
"NightPDoze"	1047196	1428812	0.134947321719216	0.135411203795517	0.134517936604307	0.135377691485254
"NightPDoze"	1056534	1428812	0.131091817035048	0.13150956069764	0.130669602695416	0.131515012554069
"NightPDoze"	1065956	1428812	0.127236014260957	0.127698598045782	0.126821030047824	0.127651976212155
"NightPDoze"	1075461	1428812	0.123380624967097	0.12382951856963	0.122972932603542	0.123789291658177
"NightPDoze"	1085052	1428812	0.119524737346153	0.119968842189105	0.11912440428414	0.11992604135486
"NightPDoze"	1094728	1428812	0.115669061143861	0.116147857775172	0.115276157816966	0.116062932066682
"NightPDoze"	1104490	1428812	0.111813497479686	0.112271889950997	0.111428099197186	0.11219986003706
"NightPDoze"	1114339	1428812	0.107957953521152	0.108363318210403	0.107580140873542	0.108336727151951
"NightPDoze"	1124276	1428812	0.10410234231563	0.104470827311792	0.103732201633439	0.104473440718364
"NightPDoze"	1134302	1428812	0.100246582625719	0.100573494912273	0.0998842065005892	0.100609913237457
"NightPDoze"	1144417	1428812	0.0963909782577954	0.0967216786185995	0.0960364653577069	0.0967464424392693
"NightPDoze"	1154622	1428812	0.0925354488615925	0.0928574689968595	0.0921889053791127	0.0928829404486261
"NightPDoze"	1164918	1428812	0.0886799195056216	0.0889932215448078	0.0883414599375545	0.0890193240294886
"NightPDoze"	1175306	1428812	0.0848243205227635	0.0850896154410888	0.0844940685725969	0.0851555143077491
"NightPDoze"	1185787	1428812	0.0809685873591205	0.0811909395661501	0.0806466769878085	0.0812914364717479
"NightPDoze"	1196361	1428812	0.0771130234389501	0.0773196860733189	0.0767995992901595	0.0774273832630285
"NightPDoze"	1207030	1428812	0.0732572045633998	0.0734322315238055	0.0729524250130217	0.0735629167499364
"NightPDoze"	1217794	1428812	0.0694014373510089	0.069536958042118	0.0691054746191511	0.069698329706798
"NightPDoze"	1228653	1428812	0.0655460203495417	0.065610135950873	0.0652590625318315	0.0658339048058497
"NightPDoze"	1239610	1428812	0.0616901931349461	0.0617395279281862	0.061412449199237	0.0619688607499892
"NightPDoze"	1250664	1428812	0.0578346136594518	0.0578916985655218	0.0575663131711748	0.0581038348941422
"NightPDoze"	1261817	1428812	0.0539788869096929	0.0541150463466973	0.0537202863509249	0.0542384053077638
"NightPDoze"	1273069	1428812	0.0501233166525562	0.0502597711919991	0.0498747024727777	0.0503728457903363
"NightPDoze"	1284421	1428812	0.0462678605101095	0.0463717275915847	0.0460295560668443	0.0465070770556224
"NightPDoze"	1295875	1428812	0.04241214504376	0.0424932778802862	0.0421845194751763	0.0426406798838839
"NightPDoze"	1307431	1428812	0.0385564769626606	0.0386899856118487	0.0383399538920146	0.0387739064991885
"NightPDoze"	1319090	1428812	0.0347008256658174	0.0347997105510794	0.0344958984588978	0.0349066565577641
"NightPDoze"	1330853	1428812	0.0308451642626255	0.0309630956964144	0.0306524161965716	0.0310388132574142
"NightPDoze"	1342721	1428812	0.0269894694558993	0.0271434341578797	0.0268096031093392	0.027170233999227
"NightPDoze"	1354694	1428812	0.0231340420123278	0.0232874195751014	0.0229679229271911	0.0233010565865794
"NightPDoze"	1366775	1428812	0.0192782214770535	0.0194122022361743	0.0191269542397031	0.0194303815194921
"NightPDoze"	1378963	1428812	0.0154226330424212	0.0155298462716654	0.0152876838181444	0.0155584724115884
"NightPDoze"	1391260	1428812	0.0115669461537136	0.011714458242467	0.0114503963321072	0.011684383483347
"NightPDoze"	1403666	1428812	0.00771146328543058	0.00783456044543064	0.00761659220471221	0.00780721926048269
"NightPDoze"	1416183	1428812	0.00385586558368312	0.00389435527299971	0.00378905804500769	0.00392355542493027
"NightPDoze"	1428812	1428812	1.51977502240161e-07	0	7.69547307875778e-09	1.12125317490794e-06
"LDHarmonicR2"	1	1428812	6.45600508468319	5.79393277844891	5.58808118614251	7.7515489911084
"LDHarmonicR2"	2	1428812	5.97888382996352	5.7847009110559	5.40899247187304	6.7707841977896
"LDHarmonicR2"	3	1428812	5.75703508034717	5.64061611519773	5.2961568063128	6.36351433175329
"LDHarmonicR2"	4	1428812	5.61090704466893	5.36723607662913	5.2121114320032	6.11760194399391
"LDHarmonicR2"	5	1428812	5.50176257524386	5.24429356133064	5.14460870796777	5.94452607560786
"LDHarmonicR2"	6	1428812	5.41461239952496	5.15844720515249	5.08796732186177	5.81217820573161
"LDHarmonicR2"	7	1428812	5.34206173237635	5.09513142397935	5.03905047605807	5.70559448437545
"LDHarmonicR2"	8	1428812	5.2799138256275	4.97822789670682	4.99593038895917	5.61667331889984
"LDHarmonicR2"	9	1428812	5.22555616330491	4.96955815840355	4.9573321800234	5.54056528441907
"LDHarmonicR2"	10	1428812	5.17725148373036	4.94373181843013	4.92236633081577	5.47415063480451
"LDHarmonicR2"	11	1428812	5.13378578994927	4.827432093951	4.89038622679355	5.41531027647687
"LDHarmonicR2"	12	1428812	5.09427724866559	4.78561187054706	4.86090633120729	5.36254238705642
"LDHarmonicR2"	13	1428812	5.05806507601115	4.71718083418104	4.83355233146386	5.31474570309114
"LDHarmonicR2"	14	1428812	5.0246413205242	4.68853011206057	4.80802929438253	5.27108977484634
"LDHarmonicR2"	15	1428812	4.99360708678423	4.60818836195014	4.78410051939201	5.23093356160598
"LDHarmonicR2"	16	1428812	4.96464339084891	4.6004699135914	4.7615730318943	5.19377232715579
"LDHarmonicR2"	17	1428812	4.9374911448053	4.59438730412977	4.74028735304873	5.15920183710958
"LDHarmonicR2"	18	1428812	4.91193704033291	4.57269732005568	4.72011011171758	5.12689353050522
"LDHarmonicR2"	19	1428812	4.88780336061619	4.5665422023593	4.70092859739	5.09657687595495
"LDHarmonicR2"	20	1428812	4.86494047765669	4.56153834730275	4.68264667046555	5.06802656249515
"LDHarmonicR2"	21	1428812	4.84322122796345	4.56143550196907	4.6651816418041	5.04105302333312
"LDHarmonicR2"	22	1428812	4.8225366291036	4.55982480297805	4.6484618573704	5.01549530678885
"LDHarmonicR2"	23	1428812	4.80279257090784	4.55419192853713	4.63242480437718	4.99121563201153
"LDHarmonicR2"	24	1428812	4.78390722674747	4.53659381295444	4.61701560893327	4.96809517481626
"LDHarmonicR2"	25	1428812	4.76580900465467	4.49016599146704	4.60218583159852	4.94603076561509
"LDHarmonicR2"	26	1428812	4.74843490858525	4.48122293107323	4.58789249242127	4.92493227314267
"LDHarmonicR2"	27	1428812	4.7317292150824	4.4696094591389	4.57409727474062	4.90472051042184
"LDHarmonicR2"	28	1428812	4.71564239518894	4.46254863734767	4.56076586968157	4.88532554307219
"LDHarmonicR2"	29	1428812	4.70013022901069	4.4194832933956	4.54786743243036	4.86668531091841
"LDHarmonicR2"	30	1428812	4.68515307304104	4.38845724311694	4.53537412809687	4.84874449597357
"LDHarmonicR2"	31	1428812	4.67067524967242	4.37240783662478	4.52326074995958	4.8314535859386
"LDHarmonicR2"	32	1428812	4.6566645352296	4.35707669565667	4.51150439663313	4.81476809417196
"LDHarmonicR2"	33	1428812	4.64309172804033	4.3532003933819	4.50008419753777	4.79864790586659
"LDHarmonicR2"	34	1428812	4.62993028198236	4.33609092692701	4.48898107822383	4.78305672677114
"LDHarmonicR2"	35	1428812	4.61715599394593	4.33609092692701	4.47817755878253	4.76796161580023
"LDHarmonicR2"	36	1428812	4.60474673596411	4.33609092692701	4.46765757988234	4.75333258671202
"LDHarmonicR2"	37	1428812	4.59268222456273	4.33332386771143	4.45740635199538	4.73914226699294
"LDHarmonicR2"	38	1428812	4.58094382129149	4.32565885474812	4.44741022418974	4.72536560439363
"LDHarmonicR2"	39	1428812	4.5695143595107	4.32051668440639	4.43765656950901	4.71197961336818
"LDHarmonicR2"	40	1428812	4.55837799339274	4.29907486642376	4.42813368447743	4.69896315509654
"LDHarmonicR2"	41	1428812	4.54752006580454	4.28773931761213	4.41883070068595	4.68629674590496
"LDHarmonicR2"	42	1428812	4.53692699230711	4.28706759399927	4.40973750675243	4.6739623898084
"LDHarmonicR2"	43	1428812	4.52658615896889	4.2581262287061	4.40084467922468	4.66194343162948
"LDHarmonicR2"	44	1428812	4.51648583206457	4.20126926947507	4.39214342122064	4.65022442774122
"LDHarmonicR2"	45	1428812	4.50661507803827	4.19350392041471	4.38362550778608	4.63879103196214
"LDHarmonicR2"	46	1428812	4.49696369236209	4.19305796532111	4.37528323710372	4.62762989452687
"LDHarmonicR2"	47	1428812	4.48752213612925	4.19118562177701	4.36710938681564	4.61672857237929
"LDHarmonicR2"	48	1428812	4.47828147939434	4.17897540989342	4.35909717482733	4.60607544930273
"LDHarmonicR2"	49	1428812	4.46923335041694	4.17762790247835	4.35124022405132	4.59565966462421
"LDHarmonicR2"	50	1428812	4.46036989008564	4.17636473351716	4.34353253062318	4.58547104941395
"LDHarmonicR2"	51	1428812	4.45168371090054	4.17196428630644	4.3359684351865	4.57550006925685
"LDHarmonicR2"	52	1428812	4.44316785997801	4.16329303827627	4.32854259689695	4.56573777280166
"LDHarmonicR2"	53	1428812	4.43481578561325	4.15978346318732	4.32124996984148	4.55617574540389
"LDHarmonicR2"	54	1428812	4.42662130699798	4.15949431257485	4.31408578160757	4.54680606727022
"LDHarmonicR2"	55	1428812	4.41857858674256	4.15949431257485	4.30704551377098	4.53762127559151
"LDHarmonicR2"	56	1428812	4.41068210589653	4.14812123703604	4.30012488409889	4.52861433021763
"LDHarmonicR2"	57	1428812	4.40292664119977	4.14708592888382	4.29331983029031	4.51977858248511
"LDHarmonicR2"	58	1428812	4.39530724432957	4.14193043195822	4.28662649509651	4.51110774685711
"LDHarmonicR2"	59	1428812	4.38781922293702	4.13518762785183	4.28004121268318	4.50259587507736
"LDHarmonicR2"	60	1428812	4.38045812329065	4.12964292144827	4.27356049611138	4.49423733257601
"LDHarmonicR2"	61	1428812	4.37321971436674	4.12951298971267	4.26718102582905	4.48602677689644
"LDHarmonicR2"	62	1428812	4.36609997324379	4.12732929107884	4.26089963907612	4.47795913793948
"LDHarmonicR2"	63	1428812	4.35909507167513	4.11877116933336	4.2547133201176	4.47002959984458
"LDHarmonicR2"	64	1428812	4.35220136372723	4.10728669020131	4.24861919122797	4.4622335843483
"LDHarmonicR2"	65	1428812	4.34541537438394	4.09651498474014	4.24261450435826	4.45456673547828
"LDHarmonicR2"	66	1428812	4.33873378902742	4.09651498474014	4.23669663342482	4.44702490545632
"LDHarmonicR2"	67	1428812	4.3321534437161	4.09616691979991	4.23086306716453	4.43960414169803
"LDHarmonicR2"	68	1428812	4.32567131618818	4.09373339460313	4.22511140250734	4.43230067480853
"LDHarmonicR2"	69	1428812	4.31928451752678	4.09166942439535	4.21943933842166	4.42511090748414
"LDHarmonicR2"	70	1428812	4.31299028442909	4.08797998789175	4.21384467019257	4.41803140423951
"LDHarmonicR2"	71	1428812	4.30678597202781	4.08681261884936	4.20832528409672	4.41105888188763
"LDHarmonicR2"	72	1428812	4.30066904721812	4.08485511717143	4.20287915244143	4.40419020070777
"LDHarmonicR2"	73	1428812	4.29463708244821	4.08306885299526	4.19750432893826	4.39742235624254
"LDHarmonicR2"	74	1428812	4.28868774993501	4.08260583534857	4.19219894438444	4.39075247167126
"LDHarmonicR2"	75	1428812	4.28281881627091	4.07248386989822	4.18696120262774	4.38417779071178
"LDHarmonicR2"	76	1428812	4.27702813739002	4.07218684132973	4.18178937679277	4.37769567100751
"LDHarmonicR2"	77	1428812	4.27131365386559	4.06953695804212	4.1766818057485	4.37130357796052
"LDHarmonicR2"	78	1428812	4.26567338651289	4.06671320202878	4.17163689079887	4.36499907897517
"LDHarmonicR2"	79	1428812	4.26010543227395	4.06280569263605	4.16665309257951	4.35877983807985
"LDHarmonicR2"	80	1428812	4.25460796036273	4.06091825729824	4.16172892814561	4.35264361089766
"LDHarmonicR2"	81	1428812	4.24917920865134	4.06091825729824	4.15686296823665	4.34658823993911
"LDHarmonicR2"	82	1428812	4.24381748027923	4.04818424342355	4.15205383470548	4.34061165019262
"LDHarmonicR2"	83	1428812	4.23852114046928	4.04612438305515	4.14730019809988	4.33471184499035
"LDHarmonicR2"	84	1428812	4.2332886135356	4.04319788524787	4.14260077538591	4.32888690212919
"LDHarmonicR2"	85	1428812	4.22811838006951	4.04178981182923	4.13795432780307	4.32313497022821
"LDHarmonicR2"	86	1428812	4.22300897429103	4.04004135438646	4.13335965884241	4.31745426530554
"LDHarmonicR2"	87	1428812	4.21795898155439	4.03781967328123	4.12881561233893	4.31184306755902
"LDHarmonicR2"	88	1428812	4.21296703599689	4.03781967328123	4.12432107067082	4.30629971833623
"LDHarmonicR2"	89	1428812	4.20803181832138	4.03781967328123	4.11987495305835	4.30082261728087
"LDHarmonicR2"	90	1428812	4.20315205370329	4.03691847521392	4.11547621395575	4.29541021964307
"LDHarmonicR2"	91	1428812	4.198326509814	4.03591015978977	4.11112384153022	4.29006103374277
"LDHarmonicR2"	92	1428812	4.19355399495276	4.02619535942747	4.10681685622233	4.28477361857569
"LDHarmonicR2"	93	1428812	4.18883335628017	4.02436556800765	4.10255430938257	4.27954658155235
"LDHarmonicR2"	94	1428812	4.18416347814669	4.02341207263965	4.09833528197952	4.27437857636159
"LDHarmonicR2"	95	1428812	4.17954328050994	4.02287476166292	4.09415888337479	4.26926830095024
"LDHarmonicR2"	96	1428812	4.17497171743546	4.01694728802992	4.090024250161	4.26421449561159
"LDHarmonicR2"	97	1428812	4.17044777567541	4.01158553472413	4.08593054505858	4.25921594117574
"LDHarmonicR2"	98	1428812	4.16597047332067	4.01050524229925	4.0818769558682	4.25427145729523
"LDHarmonicR2"	99	1428812	4.16153885852159	4.01003076360913	4.07786269447519	4.24937990082024
"LDHarmonicR2"	100	1428812	4.15715200827348	4.01003076360913	4.07388699590305	4.24454016425762
"LDHarmonicR2"	101	1428812	4.1528090272627	4.00692061071853	4.06994911741315	4.23975117430869
"LDHarmonicR2"	102	1428812	4.14850904676997	4.00502991660489	4.06604833764784	4.23501189048108
"LDHarmonicR2"	103	1428812	4.14425122362743	3.99571732744998	4.06218395581459	4.23032130377011
"LDHarmonicR2"	104	1428812	4.14003473922627	3.99168945444548	4.05835529090881	4.22567843540554
"LDHarmonicR2"	105	1428812	4.13585879857213	3.98557607520906	4.05456168097304	4.22108233566002
"LDHarmonicR2"	106	1428812	4.13172262938549	3.98510580956148	4.05080248239066	4.21653208271537
"LDHarmonicR2"	107	1428812	4.12762548124445	3.96874912233366	4.04707706921207	4.21202678158366
"LDHarmonicR2"	108	1428812	4.12356662476758	3.96810701228953	4.04338483251164	4.20756556307965
"LDHarmonicR2"	109	1428812	4.11954535083466	3.96563227851839	4.03972517977368	4.20314758284195
"LDHarmonicR2"	110	1428812	4.11556096984307	3.96273290543129	4.036097534306	4.19877202039996
"LDHarmonicR2"	111	1428812	4.11161281099807	3.96128448650968	4.0325013346794	4.19443807828424
"LDHarmonicR2"	112	1428812	4.10770022163502	3.95858362669789	4.02893603419188	4.19014498117765
"LDHarmonicR2"	113	1428812	4.10382256657182	3.9584217922856	4.02540110035623	4.18589197510536
"LDHarmonicR2"	114	1428812	4.09997922749006	3.95793270854632	4.02189601440968	4.18167832666133
"LDHarmonicR2"	115	1428812	4.0961696023433	3.95498230839518	4.01842027084471	4.17750332226952
"LDHarmonicR2"	116	1428812	4.09239310479104	3.95350873769973	4.01497337695961	4.17336626747782
"LDHarmonicR2"	117	1428812	4.08864916365717	3.95291992718374	4.01155485242814	4.16926648628315
"LDHarmonicR2"	118	1428812	4.08493722241145	3.95226576354974	4.00816422888705	4.16520332048586
"LDHarmonicR2"	119	1428812	4.08125673867308	3.9496975960376	4.00480104954074	4.16117612907223
"LDHarmonicR2"	120	1428812	4.07760718373505	3.94661035960451	4.00146486878211	4.15718428762328
"LDHarmonicR2"	121	1428812	4.07398804210832	3.94302658126367	3.99815525182892	4.15322718774886
"LDHarmonicR2"	122	1428812	4.07039881108487	3.94058806256134	3.99487177437477	4.14930423654552
"LDHarmonicR2"	123	1428812	4.06683900031865	3.93647149636651	3.99161402225412	4.14541485607707
"LDHarmonicR2"	124	1428812	4.06330813142352	3.93211862229504	3.98838159112058	4.14155848287673
"LDHarmonicR2"	125	1428812	4.05980573758745	3.9274523395159	3.98517408613794	4.13773456746967
"LDHarmonicR2"	126	1428812	4.05633136320215	3.9274523395159	3.98199112168324	4.13394257391515
"LDHarmonicR2"	127	1428812	4.05288456350737	3.92512141728414	3.97883232106137	4.13018197936711
"LDHarmonicR2"	128	1428812	4.04946490424923	3.92221072463728	3.9756973162307	4.12645227365244
"LDHarmonicR2"	129	1428812	4.04607196135189	3.92144893794502	3.97258574753914	4.12275295886603
"LDHarmonicR2"	130	1428812	4.04270532060193	3.92011359820328	3.96949726347027	4.11908354898188
"LDHarmonicR2"	131	1428812	4.0393645773449	3.91849067224178	3.96643152039895	4.11544356947941
"LDHarmonicR2"	132	1428812	4.03604933619343	3.91849067224178	3.96338818235613	4.11183255698433
"LDHarmonicR2"	133	1428812	4.03275921074638	3.90537865870079	3.96036692080234	4.1082500589234
"LDHarmonicR2"	134	1428812	4.02949382331861	3.90129052939731	3.95736741440952	4.10469563319243
"LDHarmonicR2"	135	1428812	4.02625280468078	3.90093083943148	3.95438934885079	4.10116884783686
"LDHarmonicR2"	136	1428812	4.02303579380878	3.90093083943148	3.95143241659793	4.09766928074446
"LDHarmonicR2"	137	1428812	4.01984243764243	3.89473513315139	3.94849631672603	4.09419651934951
"LDHarmonicR2"	138	1428812	4.01667239085292	3.89341477781477	3.9455807547252	4.090750160348
"LDHarmonicR2"	139	1428812	4.01352531561874	3.88931603446069	3.94268544231895	4.08732980942336
"LDHarmonicR2"	140	1428812	4.01040088140959	3.88931603446069	3.93981009728896	4.08393508098222
"LDHarmonicR2"	141	1428812	4.00729876477811	3.88626382216083	3.93695444330592	4.08056559789981
"LDHarmonicR2"	142	1428812	4.00421864915889	3.8852356054918	3.93411820976637	4.07722099127455
"LDHarmonicR2"	143	1428812	4.00116022467468	3.88012742818449	3.93130113163504	4.07390090019143
"LDHarmonicR2"	144	1428812	3.99812318794919	3.88012742818449	3.92850294929268	4.07060497149389
"LDHarmonicR2"	145	1428812	3.99510724192664	3.87765958720439	3.92572340838899	4.06733285956366
"LDHarmonicR2"	146	1428812	3.99211209569728	3.87353090336968	3.92296225970061	4.06408422610846
"LDHarmonicR2"	147	1428812	3.98913746432908	3.87302161917292	3.92021925899376	4.06085873995697
"LDHarmonicR2"	148	1428812	3.98618306870502	3.8714068930813	3.91749416689157	4.05765607686106
"LDHarmonicR2"	149	1428812	3.98324863536597	3.86996551524654	3.91478674874572	4.05447591930468
"LDHarmonicR2"	150	1428812	3.98033389635876	3.86734974921434	3.91209677451234	4.05131795631937
"LDHarmonicR2"	151	1428812	3.97743858908934	3.86597597472369	3.90942401863197	4.04818188330603
"LDHarmonicR2"	152	1428812	3.97456245618088	3.85881370532665	3.90676825991338	4.04506740186267
"LDHarmonicR2"	153	1428812	3.9717052453364	3.85792667011668	3.90412928142114	4.04197421961792
"LDHarmonicR2"	154	1428812	3.968866709206	3.8537447967007	3.90150687036686	4.03890205007015
"LDHarmonicR2"	155	1428812	3.96604660525835	3.8537447967007	3.8989008180038	4.03585061243184
"LDHarmonicR2"	156	1428812	3.96324469565635	3.8537447967007	3.89631091952483	4.03281963147908
"LDHarmonicR2"	157	1428812	3.96046074713674	3.85186335127714	3.89373697396368	4.02980883740602
"LDHarmonicR2"	158	1428812	3.95769453089358	3.85112907849273	3.89117878409914	4.02681796568397
"LDHarmonicR2"	159	1428812	3.95494582246543	3.84864853946363	3.88863615636238	4.02384675692511
"LDHarmonicR2"	160	1428812	3.952214401626	3.8433266957481	3.88610890074696	4.02089495675052
"LDHarmonicR2"	161	1428812	3.94950005227831	3.84179738182461	3.88359683072177	4.01796231566241
"LDHarmonicR2"	162	1428812	3.94680256235208	3.84179738182461	3.88109976314648	4.01504858892043
"LDHarmonicR2"	163	1428812	3.94412172370431	3.83813808156398	3.87861751818965	4.0121535364218
"LDHarmonicR2"	164	1428812	3.9414573320229	3.83094600983902	3.87614991924922	4.00927692258526
"LDHarmonicR2"	165	1428812	3.93880918673321	3.82722490282326	3.87369679287547	4.00641851623854
"LDHarmonicR2"	166	1428812	3.93617709090747	3.82682830547259	3.87125796869617	4.00357809050937
"LDHarmonicR2"	167	1428812	3.93356085117687	3.82411725234237	3.86883327934404	4.0007554227198
"LDHarmonicR2"	168	1428812	3.93096027764634	3.82135393279584	3.86642256038623	3.99795029428373
"LDHarmonicR2"	169	1428812	3.92837518381185	3.82029026007041	3.86402565025599	3.99516249060756
"LDHarmonicR2"	170	1428812	3.9258053864801	3.81278395616696	3.86164239018618	3.99239180099382
"LDHarmonicR2"	171	1428812	3.92325070569069	3.81227627984347	3.85927262414486	3.98963801854774
"LDHarmonicR2"	172	1428812	3.92071096464041	3.80853221773209	3.85691619877256	3.98690094008647
"LDHarmonicR2"	173	1428812	3.91818598960991	3.80853221773209	3.85457296332144	3.98418036605113
"LDHarmonicR2"	174	1428812	3.91567560989231	3.80790110146859	3.85224276959622	3.98147610042137
"LDHarmonicR2"	175	1428812	3.91317965772401	3.80701183608421	3.8499254718966	3.97878795063242
"LDHarmonicR2"	176	1428812	3.91069796821736	3.80585767338371	3.8476209269615	3.9761157274946
"LDHarmonicR2"	177	1428812	3.90823037929536	3.80527757962665	3.84532899391472	3.97345924511508
"LDHarmonicR2"	178	1428812	3.90577673162809	3.80401736931164	3.84304953421214	3.97081832082201
"LDHarmonicR2"	179	1428812	3.90333686857099	3.80401736931164	3.84078241159043	3.96819277509068
"LDHarmonicR2"	180	1428812	3.90091063610487	3.80062060613601	3.83852749201703	3.96558243147186
"LDHarmonicR2"	181	1428812	3.89849788277753	3.80012968417054	3.8362846436417	3.96298711652216
"LDHarmonicR2"	182	1428812	3.89609845964707	3.78946211385058	3.83405373674916	3.96040665973633
"LDHarmonicR2"	183	1428812	3.89371222022671	3.78935514608316	3.83183464371318	3.95784089348142
"LDHarmonicR2"	184	1428812	3.8913390204311	3.78859643158161	3.82962723895183	3.95528965293287
"LDHarmonicR2"	185	1428812	3.88897871852412	3.78787368073641	3.8274313988839	3.95275277601224
"LDHarmonicR2"	186	1428812	3.88663117506814	3.78742623174852	3.82524700188653	3.95023010332672
"LDHarmonicR2"	187	1428812	3.8842962528745	3.78550319653509	3.82307392825393	3.94772147811033
"LDHarmonicR2"	188	1428812	3.88197381695547	3.77967743391994	3.82091206015721	3.94522674616662
"LDHarmonicR2"	189	1428812	3.87966373447739	3.77842928783354	3.8187612816052	3.942745755813
"LDHarmonicR2"	190	1428812	3.87736587471511	3.77842928783354	3.81662147840634	3.94027835782653
"LDHarmonicR2"	191	1428812	3.87508010900757	3.77625492387372	3.81449253813156	3.93782440539119
"LDHarmonicR2"	192	1428812	3.87280631071456	3.77461575724395	3.81237435007809	3.9353837540465
"LDHarmonicR2"	193	1428812	3.87054435517468	3.77461575724395	3.81026680523419	3.93295626163757
"LDHarmonicR2"	194	1428812	3.86829411966427	3.77339236261551	3.80816979624479	3.9305417882664
"LDHarmonicR2"	195	1428812	3.86605548335748	3.76765200509418	3.806083217378	3.92814019624451
"LDHarmonicR2"	196	1428812	3.86382832728732	3.76748670731394	3.80400696449249	3.92575135004676
"LDHarmonicR2"	197	1428812	3.86161253430776	3.7668464546506	3.80194093500562	3.9233751162664
"LDHarmonicR2"	198	1428812	3.85940798905673	3.75313227810088	3.79988502786243	3.92101136357128
"LDHarmonicR2"	199	1428812	3.85721457792007	3.75264794892853	3.79783914350536	3.91865996266112
"LDHarmonicR2"	200	1428812	3.85503218899644	3.75230653884467	3.79580318384476	3.91632078622599
"LDHarmonicR2"	201	1428812	3.852860712063	3.75134025695166	3.79377705223005	3.91399370890573
"LDHarmonicR2"	203	1428812	3.84855006146852	3.74826933454384	3.78975389356372	3.90937535968206
"LDHarmonicR2"	205	1428812	3.84428177667584	3.74467200525799	3.78576892203334	3.90480394962786
"LDHarmonicR2"	206	1428812	3.84216326280712	3.73918712676369	3.78379052932957	3.90253555301134
"LDHarmonicR2"	208	1428812	3.83795698797109	3.7353497903539	3.77986148710751	3.89803280427879
"LDHarmonicR2"	210	1428812	3.83379106171689	3.73046837685122	3.77596885976213	3.8935747047193
"LDHarmonicR2"	212	1428812	3.82966471730814	3.7297778205773	3.7721119729179	3.88916038484128
"LDHarmonicR2"	214	1428812	3.82557720965816	3.72684588317773	3.76829017083749	3.88478900020332
"LDHarmonicR2"	216	1428812	3.82152781452245	3.72227162888787	3.7645028157394	3.88045973046349
"LDHarmonicR2"	218	1428812	3.81751582772855	3.71312829718056	3.76074928714675	3.87617177847321
"LDHarmonicR2"	220	1428812	3.81354056444106	3.71137746849651	3.75702898126522	3.87192436941333
"LDHarmonicR2"	222	1428812	3.80960135846012	3.7094156304005	3.75334131038885	3.86771674996989
"LDHarmonicR2"	224	1428812	3.80569756155125	3.70889100464771	3.74968570233208	3.86354818754759
"LDHarmonicR2"	226	1428812	3.80182854280522	3.70380006102941	3.74606159988666	3.85941796951873
"LDHarmonicR2"	228	1428812	3.79799368802607	3.70031840833765	3.74246846030215	3.85532540250595
"LDHarmonicR2"	230	1428812	3.79419239914592	3.69479485330893	3.73890575478882	3.85126981169669
"LDHarmonicR2"	232	1428812	3.79042409366523	3.68768721220903	3.73537296804174	3.84725054018798
"LDHarmonicR2"	234	1428812	3.78668820411707	3.68487388704277	3.73186959778502	3.84326694835973
"LDHarmonicR2"	236	1428812	3.78298417755429	3.68374022135549	3.72839515433516	3.83931841327517
"LDHarmonicR2"	238	1428812	3.77931147505832	3.67644059822957	3.72494916018262	3.83540432810713
"LDHarmonicR2"	240	1428812	3.77566957126862	3.67562493253176	3.72153114959061	3.83152410158853
"LDHarmonicR2"	242	1428812	3.77205795393167	3.66962072805015	3.7181406682103	3.82767715748626
"LDHarmonicR2"	244	1428812	3.76847612346855	3.66953549427742	3.71477727271167	3.82386293409697
"LDHarmonicR2"	247	1428812	3.76315816540596	3.662522768275	3.70978202186823	3.81820175607684
"LDHarmonicR2"	249	1428812	3.75964869594985	3.65446160207799	3.7064844706572	3.81446696806219
"LDHarmonicR2"	251	1428812	3.75616735881594	3.65132137612389	3.70321253545674	3.8107630424203
"LDHarmonicR2"	253	1428812	3.75271370656452	3.64942250818272	3.69996581833542	3.80708947712988
"LDHarmonicR2"	255	1428812	3.74928730234643	3.64709233328776	3.69674393059773	3.80344578227407
"LDHarmonicR2"	258	1428812	3.74419785564199	3.64449101197557	3.69195682577591	3.79803520411118
"LDHarmonicR2"	260	1428812	3.74083772683473	3.63980812523089	3.68879536902906	3.79446411795651
"LDHarmonicR2"	262	1428812	3.73750339581591	3.63837980682335	3.68565744995662	3.79092127742432
"LDHarmonicR2"	265	1428812	3.732549412648	3.63042238123458	3.68099393990902	3.78565901745537
"LDHarmonicR2"	267	1428812	3.72927787565661	3.63012021689711	3.67791334858657	3.78218488812688
"LDHarmonicR2"	269	1428812	3.72603079898363	3.62293428059357	3.67485510181371	3.7787375082127
"LDHarmonicR2"	272	1428812	3.72120525509434	3.61686172775929	3.67030892044996	3.77361570840406
"LDHarmonicR2"	274	1428812	3.71801775834975	3.61130036787298	3.66730513204841	3.77023344673561
"LDHarmonicR2"	277	1428812	3.71327995337849	3.60109345953932	3.66283918068989	3.76520750288535
"LDHarmonicR2"	279	1428812	3.71014988950946	3.59639395846826	3.65988793144661	3.76188796226782
"LDHarmonicR2"	282	1428812	3.70549668983184	3.59019025410321	3.65549940756259	3.75695437740208
"LDHarmonicR2"	284	1428812	3.70242202579028	3.58940495552739	3.65259887831272	3.75369529016538
"LDHarmonicR2"	287	1428812	3.6978504627158	3.58353424398609	3.64828512420082	3.74885075459117
"LDHarmonicR2"	289	1428812	3.69482927152745	3.58263793224067	3.64543358897773	3.74564997344336
"LDHarmonicR2"	292	1428812	3.69033652992417	3.57447719129346	3.64119208193268	3.74089135163789
"LDHarmonicR2"	294	1428812	3.68736698343557	3.57254959670157	3.63838790169533	3.73774684131079
"LDHarmonicR2"	297	1428812	3.68295039131892	3.56987977500849	3.63421624499919	3.7330711599367
"LDHarmonicR2"	300	1428812	3.67857826229387	3.56572977610518	3.63008539738197	3.7284438789525
"LDHarmonicR2"	302	1428812	3.67568777254303	3.56156999692121	3.62735377653192	3.72538542647546
"LDHarmonicR2"	305	1428812	3.67138779205031	3.55770370815055	3.62328918618043	3.72083663888435
"LDHarmonicR2"	308	1428812	3.66712996890777	3.5548786144325	3.61926333271786	3.71633369066184
"LDHarmonicR2"	311	1428812	3.6629134845066	3.55200830348964	3.61527547973169	3.7118756734283
"LDHarmonicR2"	313	1428812	3.66012506733911	3.54726314731344	3.6126376682619	3.70892818711064
"LDHarmonicR2"	316	1428812	3.65597572543905	3.53994451311111	3.60871156926626	3.70454310814131
"LDHarmonicR2"	319	1428812	3.65186565234784	3.52553314162223	3.60482160691389	3.70020066530948
"LDHarmonicR2"	322	1428812	3.64779411175896	3.52271374472533	3.60096711759489	3.69590004303465
"LDHarmonicR2"	325	1428812	3.64376038788282	3.52008222599056	3.59714745587343	3.69164044883904
"LDHarmonicR2"	328	1428812	3.6397637846914	3.51617458382801	3.59336199382873	3.687421112485
"LDHarmonicR2"	330	1428812	3.63711967008918	3.51066318912704	3.59085704986374	3.68463021640457
"LDHarmonicR2"	333	1428812	3.63318343938008	3.50830780776617	3.5871272374902	3.6804763226278
"LDHarmonicR2"	336	1428812	3.62928256451419	3.50493323260977	3.58343003126929	3.67636073531598
"LDHarmonicR2"	339	1428812	3.62541641599804	3.50135179290597	3.57976486232634	3.67228275901887
"LDHarmonicR2"	342	1428812	3.62158438100165	3.49878321472739	3.57613117659376	3.6682417169936
"LDHarmonicR2"	345	1428812	3.61778586277556	3.49751279311204	3.57252843430058	3.66423695054097
"LDHarmonicR2"	349	1428812	3.61277230658518	3.49425869819621	3.5677720050069	3.65895258463482
"LDHarmonicR2"	352	1428812	3.60904975966336	3.49106512855403	3.56423944165234	3.655029996236
"LDHarmonicR2"	355	1428812	3.60535884950012	3.48882411273968	3.56073611963286	3.65114161011817
"LDHarmonicR2"	358	1428812	3.6016990428821	3.48357833756615	3.5572615557412	3.64728683878304
"LDHarmonicR2"	361	1428812	3.59806981996376	3.47903723921163	3.55381527868709	3.64346510969317
"LDHarmonicR2"	364	1428812	3.59447067382415	3.47707869594578	3.55039682870785	3.63967586476933
"LDHarmonicR2"	368	1428812	3.58971774559899	3.47508485246013	3.54588140815149	3.63467313065945
"LDHarmonicR2"	371	1428812	3.58618687670386	3.47245902906171	3.54252616203272	3.63095758946132
"LDHarmonicR2"	374	1428812	3.58268448286779	3.47166574751588	3.53919728901504	3.6272727705458
"LDHarmonicR2"	378	1428812	3.578058133054	3.46549795473798	3.53479910243355	3.62240660513881
"LDHarmonicR2"	381	1428812	3.57462042791261	3.46116873154587	3.53153017360725	3.61879154506909
"LDHarmonicR2"	384	1428812	3.5712097207342	3.45893272649061	3.52828627528463	3.61520558453982
"LDHarmonicR2"	388	1428812	3.56670338217687	3.45568509838707	3.5239993535649	3.61046877306633
"LDHarmonicR2"	391	1428812	3.56335405080588	3.45535039060559	3.52081238630986	3.60694893405579
"LDHarmonicR2"	395	1428812	3.55892808147376	3.45131828396851	3.51660003893293	3.6022986772658
"LDHarmonicR2"	398	1428812	3.55563795602671	3.44664256923636	3.51346802712162	3.5988425798225
"LDHarmonicR2"	402	1428812	3.5512895394045	3.44133342129483	3.50932768864188	3.59427578979389
"LDHarmonicR2"	405	1428812	3.54805656307091	3.43297481079235	3.50624875803107	3.59088117981974
"LDHarmonicR2"	409	1428812	3.54378302815077	3.42883175285958	3.50217799352765	3.58639493050843
"LDHarmonicR2"	413	1428812	3.53955113613326	3.42143642573603	3.49814593956466	3.58195344918469
"LDHarmonicR2"	416	1428812	3.53640406089907	3.41929507700649	3.4951468607768	3.57865118719365
"LDHarmonicR2"	420	1428812	3.53224312385448	3.41138435607749	3.49118079746803	3.57428594920155
"LDHarmonicR2"	424	1428812	3.52812167435248	3.4054163137128	3.48725147662096	3.56996312179782
"LDHarmonicR2"	427	1428812	3.52505605351566	3.40265590098278	3.48432818936527	3.56674834422409
"LDHarmonicR2"	431	1428812	3.52100193322953	3.39994455377686	3.48046154647768	3.56249779683024
"LDHarmonicR2"	435	1428812	3.51698530823452	3.39227376147976	3.47662982474066	3.5582874835443
"LDHarmonicR2"	439	1428812	3.51300549131714	3.39172541654962	3.47283239540658	3.55411665418326
"LDHarmonicR2"	443	1428812	3.50906181398536	3.39023596095186	3.46906864660529	3.54998457929227
"LDHarmonicR2"	447	1428812	3.50515362579464	3.38859642491384	3.46533798274431	3.54589054938924
"LDHarmonicR2"	451	1428812	3.50128029370412	3.38632410819692	3.46163982393559	3.54183387424362
"LDHarmonicR2"	455	1428812	3.49744120146122	3.38328298681037	3.45797360544719	3.53781388218729
"LDHarmonicR2"	459	1428812	3.49363574901316	3.37995872946438	3.45433877717874	3.53382991945601
"LDHarmonicR2"	463	1428812	3.48986335194415	3.37824435288068	3.45073480315949	3.52988134955986
"LDHarmonicR2"	467	1428812	3.48612344093669	3.37561785259086	3.44716116106763	3.52596755268093
"LDHarmonicR2"	471	1428812	3.48241546125593	3.37187070236147	3.44361734177001	3.52208792509716
"LDHarmonicR2"	476	1428812	3.47782456774577	3.36375288787859	3.43922875091929	3.51728554657359
"LDHarmonicR2"	480	1428812	3.47418647751252	3.35982874214183	3.43575023673604	3.51348067220612
"LDHarmonicR2"	484	1428812	3.47057861060018	3.35756911662398	3.43229997654037	3.50970810968938
"LDHarmonicR2"	488	1428812	3.46700046898465	3.35310637583226	3.42887751254529	3.50596731782974
"LDHarmonicR2"	493	1428812	3.46256885418557	3.34851167554264	3.42463784143287	3.50133520274762
"LDHarmonicR2"	497	1428812	3.4590558361878	3.3442192461496	3.42127630185465	3.49766398506726
"LDHarmonicR2"	502	1428812	3.45470415166277	3.33906720208692	3.41711142985985	3.49311723712564
"LDHarmonicR2"	506	1428812	3.45125392909218	3.33717042124384	3.41380867222573	3.48951306636491
"LDHarmonicR2"	511	1428812	3.44697934259627	3.33428864640486	3.4097159920458	3.48504861228094
"LDHarmonicR2"	515	1428812	3.44358970992075	3.33311433519592	3.4064699852333	3.4815090960759
"LDHarmonicR2"	520	1428812	3.43938953712601	3.32306051216854	3.40244702390419	3.47712402517236
"LDHarmonicR2"	524	1428812	3.43605840300434	3.32083384921628	3.39925584054417	3.47364689663724
"LDHarmonicR2"	529	1428812	3.43193009737576	3.31891712802472	3.39530025035296	3.46933844958798
"LDHarmonicR2"	534	1428812	3.42784066525872	3.31577421893128	3.39138111748469	3.46507143135999
"LDHarmonicR2"	538	1428812	3.42459662043156	3.31392885981606	3.38827161002426	3.46168711723593
"LDHarmonicR2"	543	1428812	3.42057534649864	3.31084037197881	3.3844164258514	3.4574927074342
"LDHarmonicR2"	548	1428812	3.41659096550705	3.30823266982646	3.38059587046761	3.45333758335675
"LDHarmonicR2"	553	1428812	3.41264280666206	3.30576344977265	3.37680932413101	3.44922101966551
"LDHarmonicR2"	558	1428812	3.40873021729901	3.30298349624041	3.37305618363137	3.44514231087609
"LDHarmonicR2"	563	1428812	3.4048525622358	3.30109601344271	3.36933586170633	3.44110077064092
"LDHarmonicR2"	568	1428812	3.40100922315404	3.29742816849601	3.36564778648332	3.43709573106438
"LDHarmonicR2"	573	1428812	3.39719959800728	3.29485757581713	3.36199140094558	3.43312654204827
"LDHarmonicR2"	578	1428812	3.39342310045502	3.28751024245648	3.35836616242126	3.42919257066603
"LDHarmonicR2"	583	1428812	3.38967915932115	3.28502598388169	3.35477154209429	3.42529320056416
"LDHarmonicR2"	588	1428812	3.38596721807543	3.28314310481447	3.35120702453591	3.42142783138951
"LDHarmonicR2"	594	1428812	3.38155436572859	3.28122021920919	3.34696863249946	3.41683344711982
"LDHarmonicR2"	599	1428812	3.37791093427677	3.27882687261256	3.34346858984902	3.4130408421152
"LDHarmonicR2"	604	1428812	3.37429781458584	3.27521311087113	3.33999708544866	3.40928041819149
"LDHarmonicR2"	610	1428812	3.3700013790648	3.26961183564378	3.33586829829551	3.4048096307217
"LDHarmonicR2"	615	1428812	3.36645320179673	3.26593020642807	3.33245796095875	3.40111812715885
"LDHarmonicR2"	621	1428812	3.36223330318446	3.26164681363501	3.328401280811	3.39672854310594
"LDHarmonicR2"	626	1428812	3.35874777498977	3.25948336066076	3.32504998222899	3.39310349088283
"LDHarmonicR2"	632	1428812	3.35460173412785	3.25610236562339	3.32106292190114	3.38879222680639
"LDHarmonicR2"	637	1428812	3.35117668102953	3.25508536450751	3.31776864320338	3.38523128693957
"LDHarmonicR2"	643	1428812	3.34710195701587	3.24729944728519	3.31384884230959	3.38099560995138
"LDHarmonicR2"	649	1428812	3.34306510859911	3.24546284840877	3.30996477614229	3.37680006096054
"LDHarmonicR2"	655	1428812	3.33906543813243	3.23987393321547	3.30611579597879	3.37264389033015
"LDHarmonicR2"	660	1428812	3.33576028913682	3.23823749544435	3.30293465844298	3.36920996904393
"LDHarmonicR2"	666	1428812	3.33182702920851	3.23594198785074	3.29914837554197	3.3651241134816
"LDHarmonicR2"	672	1428812	3.32792907201447	3.23159723617534	3.29539543382417	3.36107562257002
"LDHarmonicR2"	678	1428812	3.32406578947276	3.22741574187074	3.29167524851249	3.35706382225694
"LDHarmonicR2"	684	1428812	3.32023657011536	3.22353345650575	3.28798725011609	3.35308805652528
"LDHarmonicR2"	690	1428812	3.31644081850734	3.21811112723357	3.28433088390145	3.34914768675629
"LDHarmonicR2"	697	1428812	3.31205396825922	3.21549753603002	3.28010438259003	3.34459449657685
"LDHarmonicR2"	703	1428812	3.30832876044209	3.21057794710292	3.27651471695392	3.34072870643031
"LDHarmonicR2"	709	1428812	3.30463523443573	3.20841249939757	3.2729550185799	3.3368963979757
"LDHarmonicR2"	715	1428812	3.30097285589221	3.20306436755687	3.26942478901234	3.3330969988239
"LDHarmonicR2"	722	1428812	3.29673875358969	3.19937844952206	3.26534278531513	3.32870521671223
"LDHarmonicR2"	728	1428812	3.29314209136126	3.19523310088449	3.26187475318424	3.3249752259499
"LDHarmonicR2"	735	1428812	3.28898328889293	3.19066590776235	3.25786403495153	3.32066295471801
"LDHarmonicR2"	741	1428812	3.28545002616198	3.18765761465824	3.25445603707926	3.31699989281333
"LDHarmonicR2"	748	1428812	3.28136389202274	3.18386546337675	3.25051414655964	3.31276431698663
"LDHarmonicR2"	755	1428812	3.2773158449076	3.17866009307952	3.24660834334698	3.30856892431752
"LDHarmonicR2"	761	1428812	3.27387587063019	3.17702033943985	3.24328873559119	3.30500428539653
"LDHarmonicR2"	768	1428812	3.26989670486998	3.17228188045171	3.2394482204849	3.30088153941176
"LDHarmonicR2"	775	1428812	3.26595366692398	3.16925739895907	3.2356419606249	3.29679688288493
"LDHarmonicR2"	782	1428812	3.262046106664	3.16697790125951	3.23186934771088	3.29274962146725
"LDHarmonicR2"	789	1428812	3.25817339135428	3.16020907165043	3.22812978953763	3.28873907958461
"LDHarmonicR2"	796	1428812	3.2543349050366	3.15823270955424	3.22442270943146	3.28476459976764
"LDHarmonicR2"	803	1428812	3.25053004794229	3.15739887228742	3.22074754571104	3.28082554201139
"LDHarmonicR2"	810	1428812	3.24675823592981	3.15119222321913	3.21710375117154	3.27692128316298
"LDHarmonicR2"	817	1428812	3.24301889994652	3.14816216317872	3.21349079259067	3.2730512163359
"LDHarmonicR2"	825	1428812	3.23878442903867	3.14498023685973	3.20939878930121	3.26866939293357
"LDHarmonicR2"	832	1428812	3.23511283546367	3.14182687210905	3.20585017445048	3.2648706234484
"LDHarmonicR2"	839	1428812	3.2314720220771	3.14012109058532	3.20233080558506	3.26110423840979
"LDHarmonicR2"	847	1428812	3.22734812657425	3.13618957602833	3.19834386579666	3.25683875402443
"LDHarmonicR2"	854	1428812	3.22377156356845	3.13444833445815	3.19488556523391	3.25313994577853
"LDHarmonicR2"	862	1428812	3.21971980723516	3.12974712903484	3.19096720726671	3.24895031853858
"LDHarmonicR2"	870	1428812	3.21570550268047	3.12511248915389	3.18708446637927	3.24480006005073
"LDHarmonicR2"	877	1428812	3.21222316858939	3.1215580622809	3.18371577830495	3.24120030418063
"LDHarmonicR2"	885	1428812	3.20827725177346	3.11642202553056	3.17989809652184	3.23712191033163
"LDHarmonicR2"	893	1428812	3.20436686423497	3.11255825311833	3.17611422576879	3.23308084003086
"LDHarmonicR2"	901	1428812	3.20049137186365	3.10775342083519	3.17236357001431	3.22907641906367
"LDHarmonicR2"	909	1428812	3.19665015737515	3.10471118862643	3.16864554888111	3.2251079912845
"LDHarmonicR2"	917	1428812	3.19284261972097	3.10060141661783	3.1649595971019	3.22117491797759
"LDHarmonicR2"	925	1428812	3.18906817352401	3.09623466758755	3.16130516399879	3.21727657724592
"LDHarmonicR2"	934	1428812	3.18486076673411	3.09387730789984	3.15723093384463	3.21293170669631
"LDHarmonicR2"	942	1428812	3.18115476466652	3.09110393635984	3.15364171322484	3.20910518119228
"LDHarmonicR2"	950	1428812	3.17748011994617	3.08762328350119	3.15008237908038	3.20531154694508
"LDHarmonicR2"	959	1428812	3.17338297180512	3.08490897719386	3.14611323532127	3.2010823289873
"LDHarmonicR2"	967	1428812	3.16977323065463	3.08193452245052	3.14261577982765	3.19735675200443
"LDHarmonicR2"	976	1428812	3.16574781528867	3.07760103414982	3.13871504011377	3.19320273662146
"LDHarmonicR2"	985	1428812	3.16175936854507	3.07588463933642	3.13484956477727	3.18908746583631
"LDHarmonicR2"	994	1428812	3.15780721757337	3.07466882472032	3.13101871948967	3.18501022632766
"LDHarmonicR2"	1002	1428812	3.15432413538961	3.07209044049364	3.12764209638668	3.18141737958894
"LDHarmonicR2"	1011	1428812	3.15043877116788	3.07044314382631	3.12387499234925	3.17741009906754
"LDHarmonicR2"	1020	1428812	3.14658785890505	3.06627133580521	3.12014077921231	3.17343889609717
"LDHarmonicR2"	1030	1428812	3.14234873806515	3.06188774207394	3.11602953461792	3.16906798199526
"LDHarmonicR2"	1039	1428812	3.13856858814809	3.05941977009713	3.11236289893504	3.1651708570097
"LDHarmonicR2"	1048	1428812	3.13482105738087	3.05597456469989	3.10872742403876	3.16130786899166
"LDHarmonicR2"	1057	1428812	3.13110558763087	3.05271384566287	3.10512258279457	3.15747842729135
"LDHarmonicR2"	1067	1428812	3.12701422923376	3.05015154236752	3.10115250744852	3.15326213707026
"LDHarmonicR2"	1076	1428812	3.12336467429572	3.04689441621908	3.09761066541073	3.14950164333535
"LDHarmonicR2"	1086	1428812	3.11934526122877	3.0427869649993	3.09370936689622	3.14536059410845
"LDHarmonicR2"	1096	1428812	3.11536270712248	3.03746730182399	3.08984331476069	3.14125808069985
"LDHarmonicR2"	1105	1428812	3.11180936881175	3.03443896664673	3.08639347957856	3.13759818117547
"LDHarmonicR2"	1115	1428812	3.10789501620295	3.0314885663981	3.08259266438626	3.13356695119039
"LDHarmonicR2"	1125	1428812	3.10401562924755	3.02854740710578	3.07882530473368	3.1295722563612
"LDHarmonicR2"	1135	1428812	3.10017058879825	3.02627009580657	3.07509081469318	3.12561344275083
"LDHarmonicR2"	1145	1428812	3.09635929200864	3.01998344061651	3.07138862362335	3.12168987379274
"LDHarmonicR2"	1155	1428812	3.09258115176601	3.01591035191782	3.06771817564121	3.11780092968173
"LDHarmonicR2"	1166	1428812	3.08846281116261	3.01260950130646	3.06371670010555	3.11356236289873
"LDHarmonicR2"	1176	1428812	3.08475245555825	3.01144996096411	3.06011116602322	3.10974418478991
"LDHarmonicR2"	1187	1428812	3.08070734646585	3.00588574148123	3.05617983424803	3.10558205571215
"LDHarmonicR2"	1197	1428812	3.07706238606975	3.00334256595623	3.05263695008866	3.10183212292599
"LDHarmonicR2"	1208	1428812	3.07308794959565	3.00086293128951	3.04877333694713	3.0977437327426
"LDHarmonicR2"	1219	1428812	3.06914955549846	2.99645330689787	3.04494426953862	3.09369293808601
"LDHarmonicR2"	1230	1428812	3.06524655594447	2.99198353742491	3.04114913345306	3.0896790561826
"LDHarmonicR2"	1241	1428812	3.06137832041098	2.98677082224879	3.03738733055507	3.08570142265984
"LDHarmonicR2"	1252	1428812	3.05754423507496	2.98202392932809	3.03365827841362	3.0817593908916
"LDHarmonicR2"	1263	1428812	3.05374370222851	2.97760874958738	3.02996140975639	3.07785233137241
"LDHarmonicR2"	1274	1428812	3.04997613971957	2.97654999160496	3.02629617194778	3.07397963111891
"LDHarmonicR2"	1285	1428812	3.04624098041684	2.97367514877436	3.02266202648908	3.07014069309731
"LDHarmonicR2"	1297	1428812	3.04220256791383	2.97150601630778	3.01873234850472	3.06599058334517
"LDHarmonicR2"	1308	1428812	3.03853339147989	2.96772381421715	3.01516153384996	3.06222037705941
"LDHarmonicR2"	1320	1428812	3.03456569446314	2.96481850102307	3.01129974141326	3.05814391556188
"LDHarmonicR2"	1332	1428812	3.03063391824424	2.96204390614082	3.00747244169815	3.05410485447682
"LDHarmonicR2"	1344	1428812	3.02673741825002	2.95855599216292	3.00367902197587	3.05010251600588
"LDHarmonicR2"	1356	1428812	3.0228755671027	2.95364142773495	2.99991888572727	3.04613624058087
"LDHarmonicR2"	1368	1428812	3.01904775401374	2.94995295641811	2.99619145207543	3.04220538621649
"LDHarmonicR2"	1380	1428812	3.015253384204	2.94532567364816	2.99249615524296	3.03830932789149
"LDHarmonicR2"	1392	1428812	3.01149187834914	2.94274861328993	2.98883244403262	3.0344474569568
"LDHarmonicR2"	1405	1428812	3.00745334548161	2.9387813187102	2.98489844442763	3.03030165574502
"LDHarmonicR2"	1417	1428812	3.00375851016275	2.93611895719484	2.98129882726043	3.02650912213358
"LDHarmonicR2"	1430	1428812	2.9997909293252	2.93140972747127	2.97743304969201	3.02243709818722
"LDHarmonicR2"	1443	1428812	2.99585926719144	2.92728700387083	2.9736018178859	3.01840241345815
"LDHarmonicR2"	1455	1428812	2.99226136343613	2.92320304922135	2.97009542695642	3.01471064513531
"LDHarmonicR2"	1468	1428812	2.98839697909955	2.91942040787127	2.9663289179124	3.01074588118018
"LDHarmonicR2"	1482	1428812	2.98427343320313	2.9141566459798	2.96230933871248	3.00651572076318
"LDHarmonicR2"	1495	1428812	2.9804791696439	2.90939281730345	2.95861031060374	3.00262380747077
"LDHarmonicR2"	1508	1428812	2.97671776820701	2.90502952771649	2.95494291565299	2.99876602689676
"LDHarmonicR2"	1522	1428812	2.97270313232502	2.90232283231302	2.95102817319631	2.99464898776157
"LDHarmonicR2"	1535	1428812	2.96900819625136	2.89943647799328	2.94742477408118	2.99086022517435
"LDHarmonicR2"	1549	1428812	2.9650638793264	2.8963057213635	2.94357774924117	2.98681619347411
"LDHarmonicR2"	1563	1428812	2.96115506300309	2.89065435406728	2.93976492032107	2.98280901046419
"LDHarmonicR2"	1577	1428812	2.95728111393528	2.88810600013908	2.93598568290736	2.97883801270954
"LDHarmonicR2"	1591	1428812	2.95344141557582	2.88333249482799	2.93223944849476	2.97490255450566
"LDHarmonicR2"	1605	1428812	2.94963536758768	2.87923199569035	2.92852564393227	2.9710020072529
"LDHarmonicR2"	1619	1428812	2.94586238528061	2.87501023678783	2.92484371089312	2.96713575885819
"LDHarmonicR2"	1634	1428812	2.94185595020775	2.87135521750258	2.92093353249579	2.96303073410561
"LDHarmonicR2"	1648	1428812	2.93814966575316	2.86951827488752	2.91731590418308	2.95923365436086
"LDHarmonicR2"	1663	1428812	2.93421343504406	2.86630464606414	2.91347342218059	2.95520142297371
"LDHarmonicR2"	1678	1428812	2.93031256017817	2.86285485606574	2.90966504125488	2.95120584246322
"LDHarmonicR2"	1693	1428812	2.92644641166202	2.85749165108835	2.9058901596854	2.94724625449257
"LDHarmonicR2"	1708	1428812	2.92261437666563	2.85360526533204	2.90214819156164	2.9433220182795
"LDHarmonicR2"	1723	1428812	2.91881585843954	2.84954444780347	2.89843856623354	2.93943250997828
"LDHarmonicR2"	1738	1428812	2.91505027575705	2.84732035523511	2.89476072778562	2.93557712208854
"LDHarmonicR2"	1754	1428812	2.91106931880168	2.8440205901606	2.89087212624904	2.93150165020221
"LDHarmonicR2"	1769	1428812	2.90737002486843	2.84137218678345	2.8872582796322	2.92771491989248
"LDHarmonicR2"	1785	1428812	2.90345853672752	2.83872186109229	2.88343675024808	2.92371138818213
"LDHarmonicR2"	1801	1428812	2.8995819633119	2.83401417722555	2.8796489388995	2.91974400493413
"LDHarmonicR2"	1817	1428812	2.89573968682047	2.82989090137077	2.87589425411243	2.91581212504154
"LDHarmonicR2"	1833	1428812	2.89193110570604	2.82527747552093	2.87217211986256	2.91191512048964
"LDHarmonicR2"	1850	1428812	2.88792075336779	2.82137120302616	2.86825239058394	2.90781208244895
"LDHarmonicR2"	1866	1428812	2.88417983564236	2.81716894413729	2.86459563582602	2.90398509478107
"LDHarmonicR2"	1883	1428812	2.88024010414647	2.81141740294549	2.86074415411183	2.89995512285574
"LDHarmonicR2"	1900	1428812	2.87633579112846	2.80702576037594	2.85692690844353	2.89596178746658
"LDHarmonicR2"	1917	1428812	2.87246626542883	2.80304769950699	2.85314329386111	2.89200443030665
"LDHarmonicR2"	1934	1428812	2.86863091261012	2.79872853880256	2.84939272132067	2.88808241063037
"LDHarmonicR2"	1951	1428812	2.86482913437139	2.79354923581294	2.84567461714051	2.88419510463487
"LDHarmonicR2"	1968	1428812	2.8610603479881	2.79120135760948	2.84198842247106	2.88034190486842
"LDHarmonicR2"	1986	1428812	2.8571051976193	2.78559331452228	2.83811956816052	2.87629856361124
"LDHarmonicR2"	2004	1428812	2.85318574225049	2.78158792127265	2.83428524803335	2.8722921122133
"LDHarmonicR2"	2021	1428812	2.84951623424054	2.7777466764287	2.83069510293636	2.86854151431845
"LDHarmonicR2"	2039	1428812	2.84566437323103	2.77425147581814	2.82692619322311	2.86460490484531
"LDHarmonicR2"	2058	1428812	2.8416352451349	2.77150211566228	2.82298344599898	2.86048753297645
"LDHarmonicR2"	2076	1428812	2.83785235130467	2.7683520388464	2.81928129453706	2.85662216338249
"LDHarmonicR2"	2095	1428812	2.83389472432197	2.76388363369055	2.8154077684606	2.85257863811624
"LDHarmonicR2"	2113	1428812	2.83017837139747	2.75827923893141	2.81177004540375	2.84878198236549
"LDHarmonicR2"	2132	1428812	2.82628975203605	2.75467490894184	2.80796334564859	2.84480970814674
"LDHarmonicR2"	2151	1428812	2.82243564212909	2.75061573096671	2.80419007163088	2.84087305775792
"LDHarmonicR2"	2170	1428812	2.81861543455397	2.74755233791422	2.80044963993891	2.83697139956012
"LDHarmonicR2"	2190	1428812	2.81463013949106	2.74507748421619	2.79654719959403	2.83290151829245
"LDHarmonicR2"	2209	1428812	2.81087768542479	2.74056620413604	2.79287241687688	2.82906977700863
"LDHarmonicR2"	2229	1428812	2.80696245059701	2.73703660267531	2.78903787011275	2.82507218296626
"LDHarmonicR2"	2249	1428812	2.80308219711524	2.73234963774497	2.78523722998537	2.8211106747047
"LDHarmonicR2"	2269	1428812	2.79923630541717	2.72963797669943	2.78146990060533	2.81718460820254
"LDHarmonicR2"	2289	1428812	2.79542417225589	2.72724200096894	2.77773530167473	2.81329335650528
"LDHarmonicR2"	2309	1428812	2.79164521013204	2.72498134565847	2.77403286794742	2.80943630912798
"LDHarmonicR2"	2330	1428812	2.78771237423496	2.72195098449941	2.77017932794621	2.80542257140311
"LDHarmonicR2"	2351	1428812	2.78381483349493	2.71630763006348	2.76636002218475	2.80144521844486
"LDHarmonicR2"	2372	1428812	2.77995196003131	2.71378836708543	2.76257434625583	2.79750359813702
"LDHarmonicR2"	2393	1428812	2.77612314257032	2.71038652433407	2.75882171163805	2.79359707571805
"LDHarmonicR2"	2414	1428812	2.77232778586449	2.70659103461773	2.75510154514352	2.78972503317112
"LDHarmonicR2"	2436	1428812	2.76838695511142	2.70283280989783	2.75123844373028	2.78570493388833
"LDHarmonicR2"	2457	1428812	2.76465832054836	2.6994458173489	2.74758303290133	2.78190163207977
"LDHarmonicR2"	2479	1428812	2.76078616577803	2.69538454436334	2.74378659220118	2.77795227722261
"LDHarmonicR2"	2501	1428812	2.75694823013552	2.69130329082735	2.740023373023	2.77403816524485
"LDHarmonicR2"	2524	1428812	2.7529717799495	2.68698956382518	2.73612399243841	2.76998314644203
"LDHarmonicR2"	2546	1428812	2.74920198764585	2.68326454394304	2.73242694304211	2.76613920273527
"LDHarmonicR2"	2569	1428812	2.74529551895885	2.67960858332664	2.72859552605726	2.7621562356235
"LDHarmonicR2"	2592	1428812	2.74142387584365	2.67582870538235	2.72479793706273	2.75820911734209
"LDHarmonicR2"	2615	1428812	2.73758644285353	2.67273099942927	2.72103358254141	2.75429720983708
"LDHarmonicR2"	2638	1428812	2.73378262071345	2.66946853661766	2.7173018844786	2.75041989191921
"LDHarmonicR2"	2662	1428812	2.72984861851043	2.66493946491159	2.71344214693813	2.74641021898763
"LDHarmonicR2"	2686	1428812	2.72594993230769	2.66153752990695	2.70961673136304	2.74243688122034
"LDHarmonicR2"	2710	1428812	2.72208593367079	2.65850216603464	2.70582503132242	2.73849922751169
"LDHarmonicR2"	2734	1428812	2.71825601079163	2.65530716493282	2.70206645633547	2.73459662408198
"LDHarmonicR2"	2758	1428812	2.71445956790698	2.6506447534048	2.69834043131661	2.73072845386855
"LDHarmonicR2"	2783	1428812	2.71053991601246	2.64780590085687	2.69449316401852	2.72673507737181
"LDHarmonicR2"	2807	1428812	2.70681004246351	2.64532696085498	2.69083187115018	2.72293535919443
"LDHarmonicR2"	2833	1428812	2.70280517048377	2.64219279337871	2.68690031273155	2.71885582854522
"LDHarmonicR2"	2858	1428812	2.69898884995188	2.63860273121126	2.68315354378216	2.71496868613901
"LDHarmonicR2"	2883	1428812	2.69520577305247	2.6355165459727	2.67943911500308	2.71111571285984
"LDHarmonicR2"	2909	1428812	2.69130602088482	2.63127067635944	2.67560981935009	2.70714422874908
"LDHarmonicR2"	2935	1428812	2.68744097516961	2.62714688841	2.6718142951317	2.70320840870736
"LDHarmonicR2"	2961	1428812	2.68361002360119	2.62348143940477	2.66805195056476	2.69930761931114
"LDHarmonicR2"	2988	1428812	2.67966717506301	2.6196910530214	2.66417940115134	2.69529321615572
"LDHarmonicR2"	3014	1428812	2.67590389321527	2.61459215315483	2.66048292311672	2.69146194276334
"LDHarmonicR2"	3041	1428812	2.67203008127051	2.61114068904115	2.65667757872461	2.6875184513505
"LDHarmonicR2"	3068	1428812	2.66819051762016	2.60880015989123	2.65290557994955	2.68361013224196
"LDHarmonicR2"	3096	1428812	2.66424428067028	2.60493758439175	2.64902847787475	2.67959354767389
"LDHarmonicR2"	3123	1428812	2.66047264197303	2.60144893478037	2.64532262551789	2.67575497380204
"LDHarmonicR2"	3151	1428812	2.65659560506806	2.59691381176083	2.64151291949811	2.67180943542504
"LDHarmonicR2"	3179	1428812	2.65275287325273	2.59279611188797	2.63773663012207	2.66789911120562
"LDHarmonicR2"	3207	1428812	2.64894384476595	2.59049462228203	2.63399317501926	2.66402337945192
"LDHarmonicR2"	3236	1428812	2.64503368486098	2.58598147838295	2.6301500342916	2.66004505074809
"LDHarmonicR2"	3265	1428812	2.64115841607872	2.58182470550749	2.62634089286589	2.65610252541119
"LDHarmonicR2"	3294	1428812	2.63731742124167	2.57779275725128	2.62256515319239	2.65219516609649
"LDHarmonicR2"	3323	1428812	2.63351009940443	2.57537640440428	2.61882223335376	2.64832235230994
"LDHarmonicR2"	3353	1428812	2.62960630249557	2.57145703139099	2.61498418103575	2.64435170311662
"LDHarmonicR2"	3383	1428812	2.62573728374954	2.56742672260208	2.61118003340832	2.64041672520547
"LDHarmonicR2"	3413	1428812	2.62190242897039	2.563497050353	2.60740919546944	2.63651678466845
"LDHarmonicR2"	3443	1428812	2.61810114009024	2.55985159906841	2.60367108775963	2.63265126432923
"LDHarmonicR2"	3474	1428812	2.61420778580883	2.55569439327993	2.59984216193358	2.62869241535208
"LDHarmonicR2"	3505	1428812	2.61034902469964	2.55224677283794	2.59604697553976	2.62476903214909
"LDHarmonicR2"	3536	1428812	2.6065242474392	2.54890315131525	2.59228493796648	2.62088048618887
"LDHarmonicR2"	3568	1428812	2.60261110723252	2.54545086566916	2.5884357046702	2.61690239562172
"LDHarmonicR2"	3600	1428812	2.59873291111914	2.54198647297229	2.58462056436992	2.61296011879655
"LDHarmonicR2"	3632	1428812	2.59488904052179	2.53876266867702	2.58083891723561	2.60905301789845
"LDHarmonicR2"	3664	1428812	2.59107889314418	2.53449520626351	2.57709017914496	2.60518047198393
"LDHarmonicR2"	3697	1428812	2.58718437848567	2.53068913279109	2.57325815872103	2.60122246086425
"LDHarmonicR2"	3730	1428812	2.58332447753126	2.52713243230465	2.56945992362039	2.5972999095643
"LDHarmonicR2"	3763	1428812	2.5794985804173	2.52353357572931	2.56569488214174	2.59341218959149
"LDHarmonicR2"	3797	1428812	2.57559168480527	2.52013544844175	2.56184985745633	2.58944244410485
"LDHarmonicR2"	3831	1428812	2.57171962234351	2.51649971326853	2.55803884321423	2.58550837185271
"LDHarmonicR2"	3865	1428812	2.56788177738528	2.51270745612917	2.55426124186327	2.58160933863515
"LDHarmonicR2"	3899	1428812	2.56407755046251	2.50842541396326	2.55051647147743	2.57774472699941
"LDHarmonicR2"	3934	1428812	2.56019593451405	2.50432386783421	2.54669525659222	2.57380177127177
"LDHarmonicR2"	3969	1428812	2.55634870437755	2.50107772881172	2.54290762948508	2.56989401594674
"LDHarmonicR2"	4004	1428812	2.55253525617602	2.49800192353205	2.53915300372012	2.56602083927202
"LDHarmonicR2"	4040	1428812	2.54864747655201	2.4947048287358	2.53532493061614	2.56207243758339
"LDHarmonicR2"	4076	1428812	2.54479419154563	2.49095213017189	2.53153056202604	2.55815933678954
"LDHarmonicR2"	4113	1428812	2.54086917806117	2.48719157546657	2.52766529638078	2.55417366751902
"LDHarmonicR2"	4149	1428812	2.53708399459185	2.48394214974737	2.5239374797132	2.55033024938425
"LDHarmonicR2"	4186	1428812	2.53322774275439	2.48017856661344	2.52013941793203	2.54641493107544
"LDHarmonicR2"	4224	1428812	2.52930259050054	2.47672058579314	2.51627323348043	2.54242992690016
"LDHarmonicR2"	4261	1428812	2.52551451937692	2.47286524502518	2.51254182129342	2.53858435114013
"LDHarmonicR2"	4299	1428812	2.52165815794493	2.46962866769117	2.50874288961168	2.5346697065549
"LDHarmonicR2"	4338	1428812	2.51773560122027	2.46664744544297	2.50487849016202	2.53068813224171
"LDHarmonicR2"	4376	1428812	2.51394740084179	2.46382173145054	2.50114620888613	2.52684318925708
"LDHarmonicR2"	4415	1428812	2.51009356786391	2.45964299156148	2.49734901673694	2.52293188501684
"LDHarmonicR2"	4455	1428812	2.50617612574787	2.45608212341539	2.49348889601902	2.51895628488018
"LDHarmonicR2"	4494	1428812	2.50239034299254	2.45248127159931	2.4897582656289	2.51511454839272
"LDHarmonicR2"	4534	1428812	2.49854146895325	2.44873425028132	2.48596521976161	2.5112090385883
"LDHarmonicR2"	4575	1428812	2.49463145708838	2.4437385178708	2.48211167276244	2.50724174873132
"LDHarmonicR2"	4616	1428812	2.49075633371606	2.44049076268955	2.47829226280183	2.5033101132662
"LDHarmonicR2"	4657	1428812	2.48691548172826	2.43747993403615	2.4745063893146	2.4994134981605
"LDHarmonicR2"	4698	1428812	2.48310830024664	2.4338112523931	2.4707534674597	2.49555128613038
"LDHarmonicR2"	4740	1428812	2.47924256141572	2.43034289630986	2.46694258252614	2.49162991750652
"LDHarmonicR2"	4783	1428812	2.47532011031987	2.42649947477228	2.46307554367624	2.48765127391303
"LDHarmonicR2"	4825	1428812	2.47152277828092	2.42356880505743	2.45933162094051	2.4837997838909
"LDHarmonicR2"	4868	1428812	2.46766912882713	2.42087062337672	2.45553193717494	2.47989141562775
"LDHarmonicR2"	4912	1428812	2.46376094063641	2.41506864263435	2.45167823696684	2.47592798246873
"LDHarmonicR2"	4955	1428812	2.45997525627211	2.41108433384272	2.44794510181243	2.47208902210275
"LDHarmonicR2"	5000	1428812	2.45604851630299	2.40663195655447	2.44407263010603	2.46810726666196
"LDHarmonicR2"	5044	1428812	2.45224306385494	2.40200880510115	2.44031953856058	2.46424873559887
"LDHarmonicR2"	5089	1428812	2.44838531016578	2.39893133062774	2.43651463419938	2.46033741139536
"LDHarmonicR2"	5135	1428812	2.44447693082565	2.39467447891932	2.43265956138398	2.45637500138283
"LDHarmonicR2"	5180	1428812	2.44068725161407	2.39005147040132	2.42892134357415	2.45253316480968
"LDHarmonicR2"	5227	1428812	2.43676413428733	2.38671328846579	2.42505126610673	2.44855629352676
"LDHarmonicR2"	5273	1428812	2.43295850060768	2.3828675024074	2.42129685789869	2.44469874779925
"LDHarmonicR2"	5320	1428812	2.42910427579293	2.37891515826781	2.41749428673482	2.44079218009543
"LDHarmonicR2"	5368	1428812	2.42520303591092	2.37487901013033	2.41364510011892	2.43683819550228
"LDHarmonicR2"	5415	1428812	2.42141673096956	2.37151502485005	2.40990909414252	2.43300092643442
"LDHarmonicR2"	5464	1428812	2.41750414160651	2.36835840823515	2.40604825391563	2.42903590665332
"LDHarmonicR2"	5512	1428812	2.41370527726956	2.36522557659784	2.40229941432006	2.42518636194177
"LDHarmonicR2"	5562	1428812	2.40978314746155	2.3617733958984	2.39842870580069	2.42121213992764
"LDHarmonicR2"	5611	1428812	2.40597352231478	2.3580145560381	2.39466880744892	2.41735214208806
"LDHarmonicR2"	5661	1428812	2.40212029428849	2.35485391969636	2.39086565630126	2.41344818963022
"LDHarmonicR2"	5712	1428812	2.3982249078886	2.35135998376094	2.38702067171874	2.40950175258852
"LDHarmonicR2"	5763	1428812	2.3943641506215	2.34809523193128	2.38320964799463	2.40559062443804
"LDHarmonicR2"	5814	1428812	2.39053741221753	2.34468096698609	2.37943198951924	2.40171417994695
"LDHarmonicR2"	5866	1428812	2.38667004989325	2.34115708167154	2.37561401123876	2.3977968063533
"LDHarmonicR2"	5918	1428812	2.38283682241808	2.33826301508728	2.37182951769149	2.39391422874765
"LDHarmonicR2"	5971	1428812	2.37896438634072	2.33538246594663	2.36800609840711	2.38999215886938
"LDHarmonicR2"	6024	1428812	2.37512617434137	2.33238830179952	2.36421625708605	2.38610497004125
"LDHarmonicR2"	6078	1428812	2.37125012150383	2.32839678012517	2.36038883764789	2.38217967708975
"LDHarmonicR2"	6132	1428812	2.36740835642044	2.32501308816469	2.35659506431493	2.37828932422751
"LDHarmonicR2"	6187	1428812	2.36353007175721	2.32150711488528	2.35276501504193	2.37436220780348
"LDHarmonicR2"	6242	1428812	2.35968611417058	2.31796057567456	2.34896865608988	2.37047006572165
"LDHarmonicR2"	6298	1428812	2.35580691284905	2.31457805566644	2.34513727898102	2.36654245418854
"LDHarmonicR2"	6354	1428812	2.35196205476118	2.30950002018667	2.34133961363545	2.362649827689
"LDHarmonicR2"	6411	1428812	2.34808318449691	2.30536058527331	2.3375081446067	2.35872298056833
"LDHarmonicR2"	6468	1428812	2.34423865163062	2.30229127940816	2.33371038714866	2.35483110681872
"LDHarmonicR2"	6525	1428812	2.34042785355466	2.29849418480663	2.32994575232628	2.35097358989399
"LDHarmonicR2"	6584	1428812	2.33651824911855	2.29556462449099	2.32608330028027	2.34701626811057
"LDHarmonicR2"	6642	1428812	2.33270891203787	2.29263935766142	2.32231970476987	2.34316064386142
"LDHarmonicR2"	6701	1428812	2.32886787749168	2.28888988790711	2.31852459189264	2.33927314233198
"LDHarmonicR2"	6761	1428812	2.32499627189255	2.28449052945359	2.31469907059108	2.33535490763939
"LDHarmonicR2"	6822	1428812	2.32109520555131	2.28001362158181	2.31084423413289	2.33140706736357
"LDHarmonicR2"	6882	1428812	2.31729197480717	2.27580280218529	2.30708587654824	2.32755843773636
"LDHarmonicR2"	6944	1428812	2.31339664918071	2.27248558222379	2.30323630962873	2.32361681969993
"LDHarmonicR2"	7006	1428812	2.30953595161132	2.26890624187806	2.29942076411811	2.31971044581511
"LDHarmonicR2"	7068	1428812	2.30570927185765	2.26478207335922	2.29563864308427	2.31583869228273
"LDHarmonicR2"	7131	1428812	2.30185510480164	2.26056769656556	2.29182915895318	2.31193932810995
"LDHarmonicR2"	7195	1428812	2.29797447209285	2.25746732027781	2.28799331827641	2.30801339023593
"LDHarmonicR2"	7259	1428812	2.2941282078549	2.25400214264079	2.28419125446788	2.30412242148387
"LDHarmonicR2"	7324	1428812	2.29025640312377	2.25109752613199	2.28036374856074	2.30020581498533
"LDHarmonicR2"	7389	1428812	2.28641881136127	2.24641540920686	2.27656987185801	2.29632401406856
"LDHarmonicR2"	7455	1428812	2.28255656993887	2.24290018207346	2.27275143382221	2.29241747637972
"LDHarmonicR2"	7521	1428812	2.2787283734246	2.23851945969498	2.26896646487735	2.28854556806691
"LDHarmonicR2"	7588	1428812	2.27487638493589	2.23479205646542	2.26515778282862	2.28464979018856
"LDHarmonicR2"	7656	1428812	2.27100152819138	2.23132268824391	2.26132629839575	2.28073107961785
"LDHarmonicR2"	7724	1428812	2.26716093813629	2.2281098677015	2.25752850867284	2.27684721619451
"LDHarmonicR2"	7793	1428812	2.26329827807033	2.224115883459	2.25370870651958	2.27294122666183
"LDHarmonicR2"	7863	1428812	2.25941443056588	2.22140961045929	2.2498677623831	2.26901400585833
"LDHarmonicR2"	7933	1428812	2.25556500824675	2.21762198493609	2.24606067635211	2.26512178561346
"LDHarmonicR2"	8004	1428812	2.25169513974265	2.21437551428479	2.24223318238276	2.26120908259088
"LDHarmonicR2"	8075	1428812	2.24785945014783	2.21081357490586	2.23843930923602	2.25733112465337
"LDHarmonicR2"	8147	1428812	2.2440040271709	2.2067056365362	2.23462573421995	2.25343340350003
"LDHarmonicR2"	8220	1428812	2.24012968922191	2.20290219272874	2.23079326491063	2.24951674849513
"LDHarmonicR2"	8293	1428812	2.23628960882768	2.19864088807236	2.22699450111718	2.24563491097856
"LDHarmonicR2"	8367	1428812	2.2324312736285	2.19544828592829	2.2231774974172	2.24173480556981
"LDHarmonicR2"	8441	1428812	2.22860691480953	2.19173702291872	2.21939392737723	2.23786922695381
"LDHarmonicR2"	8517	1428812	2.22471393826484	2.18773054443569	2.21554228947773	2.23393447689313
"LDHarmonicR2"	8593	1428812	2.22085554820994	2.18430804857199	2.21172469044506	2.23003486863777
"LDHarmonicR2"	8669	1428812	2.21703113549714	2.18121806394476	2.20794053313965	2.22616978082957
"LDHarmonicR2"	8747	1428812	2.21314078854248	2.17751547190013	2.2040909562121	2.22223824069904
"LDHarmonicR2"	8825	1428812	2.20928498157608	2.17354098427618	2.20027537955995	2.21834178774985
"LDHarmonicR2"	8903	1428812	2.20546310667291	2.16983043198703	2.19649320708509	2.21447980203343
"LDHarmonicR2"	8983	1428812	2.20157786314252	2.16624237157507	2.19264814764261	2.21055396292613
"LDHarmonicR2"	9063	1428812	2.19772706944015	2.16217364871629	2.18883700677944	2.20666311216027
"LDHarmonicR2"	9144	1428812	2.19386261979231	2.15896731199539	2.18501217627385	2.20275864129945
"LDHarmonicR2"	9225	1428812	2.19003225382235	2.15534081907363	2.18122090845064	2.19888878217295
"LDHarmonicR2"	9307	1428812	2.18618870733736	2.15088537497181	2.17741642372205	2.19500578104875
"LDHarmonicR2"	9390	1428812	2.18233262274058	2.14672716712725	2.17359935700122	2.19111028789001
"LDHarmonicR2"	9474	1428812	2.17846462956575	2.14351036969038	2.16977033058133	2.18720293953701
"LDHarmonicR2"	9559	1428812	2.1745853445292	2.13981117673987	2.16592995418403	2.18328435976299
"LDHarmonicR2"	9644	1428812	2.17074040420203	2.13616521219824	2.16212340893239	2.17940064506821
"LDHarmonicR2"	9730	1428812	2.16688456661524	2.13252603018213	2.15830590693112	2.17550609488598
"LDHarmonicR2"	9817	1428812	2.16301841809908	2.12881892344044	2.15447802803794	2.17160130207438
"LDHarmonicR2"	9904	1428812	2.1591863831027	2.12593818399615	2.15068375924667	2.16773113278304
"LDHarmonicR2"	9993	1428812	2.15530093208706	2.1222958609663	2.14683643314523	2.16380718693363
"LDHarmonicR2"	10082	1428812	2.15144993456274	2.11919040781838	2.14302305655821	2.1599182050836
"LDHarmonicR2"	10172	1428812	2.14759008558651	2.11545951202176	2.13920074998193	2.15602045270265
"LDHarmonicR2"	10262	1428812	2.14376423953897	2.11150038107486	2.13541195330576	2.15215720261129
"LDHarmonicR2"	10354	1428812	2.13988790118428	2.10781353703861	2.13157298921867	2.14824313380794
"LDHarmonicR2"	10446	1428812	2.136045855613	2.10440620110189	2.12776782503489	2.14436385694217
"LDHarmonicR2"	10539	1428812	2.13219628915617	2.10073283698559	2.12395505088271	2.14047715067946
"LDHarmonicR2"	10633	1428812	2.12833969763314	2.09656976802396	2.12013515764218	2.1365835158134
"LDHarmonicR2"	10728	1428812	2.12447656581449	2.09306296713349	2.11630862533504	2.13268344189573
"LDHarmonicR2"	10824	1428812	2.12060736753759	2.08943322031458	2.11247592323633	2.128777407356
"LDHarmonicR2"	10920	1428812	2.11677233638422	2.08636943737494	2.10867690787438	2.12490602630621
"LDHarmonicR2"	11018	1428812	2.11289202983725	2.08320191075672	2.10483288281875	2.1209891032078
"LDHarmonicR2"	11116	1428812	2.10904608600966	2.07904958791908	2.10102274158102	2.11710702763825
"LDHarmonicR2"	11215	1428812	2.10519517374682	2.07449298394432	2.09720752164843	2.11322009637529
"LDHarmonicR2"	11315	1428812	2.10133972224758	2.06973018027069	2.09338764835507	2.10932874250397
"LDHarmonicR2"	11416	1428812	2.0974801506362	2.06662155249446	2.08956353712361	2.10543338886956
"LDHarmonicR2"	11518	1428812	2.09361686809449	2.06309235417962	2.08573559359362	2.1015344482135
"LDHarmonicR2"	11620	1428812	2.08978764873709	2.05916836750447	2.08194124885007	2.09767004074187
"LDHarmonicR2"	11724	1428812	2.08591780124799	2.05595282764591	2.07810649211819	2.09376478846466
"LDHarmonicR2"	11829	1428812	2.08204541480772	2.05262559326076	2.07426906530185	2.08985713095195
"LDHarmonicR2"	11934	1428812	2.07820725157196	2.04905760654703	2.07046540123175	2.0859841625826
"LDHarmonicR2"	12040	1428812	2.07436663795703	2.0452766550649	2.06665915850949	2.08210887460633
"LDHarmonicR2"	12148	1428812	2.07048818128416	2.04258811758616	2.06281525949865	2.07819555652383
"LDHarmonicR2"	12256	1428812	2.06664405471945	2.03898681214459	2.05900523475184	2.07431702974697
"LDHarmonicR2"	12365	1428812	2.06279853011982	2.03555414879953	2.05519367566175	2.07043724376589
"LDHarmonicR2"	12476	1428812	2.05891712848014	2.03209415911064	2.05134640625765	2.06652141390307
"LDHarmonicR2"	12587	1428812	2.05507010887233	2.0288104619465	2.04753306834119	2.06264042183687
"LDHarmonicR2"	12699	1428812	2.05122266571654	2.02537871124431	2.04371916367849	2.05875915195349
"LDHarmonicR2"	12812	1428812	2.04737510809691	2.02144380505061	2.03990499927831	2.05487791541354
"LDHarmonicR2"	12927	1428812	2.04349413849697	2.01774052926193	2.03605756535559	2.05096312450722
"LDHarmonicR2"	13042	1428812	2.03964754330905	2.01385149994757	2.03224406325994	2.04708315563509
"LDHarmonicR2"	13158	1428812	2.03580171032989	2.01006409803699	2.02843117259506	2.04320410227873
"LDHarmonicR2"	13276	1428812	2.03192420196614	2.00668062586977	2.02458673252272	2.03929324775214
"LDHarmonicR2"	13394	1428812	2.02808100699886	2.0030883657472	2.02077616984305	2.03541714752196
"LDHarmonicR2"	13513	1428812	2.02423938205784	1.99920163242643	2.0169670218445	2.03154277517806
"LDHarmonicR2"	13634	1428812	2.02036772654048	1.99517582378057	2.01312795412922	2.02763826169373
"LDHarmonicR2"	13756	1428812	2.01649870779446	1.99145944137581	2.00929135820077	2.02373655254444
"LDHarmonicR2"	13878	1428812	2.01266385301531	1.98775348001493	2.00548849970968	2.01986943859624
"LDHarmonicR2"	14002	1428812	2.00880052428192	1.98381101447727	2.00165726429611	2.01597375404686
"LDHarmonicR2"	14127	1428812	2.0049405152084	1.98036867998131	1.99782918071012	2.01208155953682
"LDHarmonicR2"	14253	1428812	2.00108403934303	1.97723768455976	1.99400446172925	2.00819306937286
"LDHarmonicR2"	14380	1428812	1.9972313038775	1.97354845426176	1.99018331385082	2.00430849142807
"LDHarmonicR2"	14508	1428812	1.99338250978264	1.97028758170948	1.98636593742518	2.00042802728028
"LDHarmonicR2"	14638	1428812	1.98950818093878	1.96648778612793	1.98252309640283	1.99652195880565
"LDHarmonicR2"	14768	1428812	1.98566810948939	1.96168987521843	1.97871409805269	1.99265056688105
"LDHarmonicR2"	14900	1428812	1.98180339449179	1.95790511539751	1.97488051916825	1.98875446900538
"LDHarmonicR2"	15033	1428812	1.97794387650167	1.95415305398965	1.97105195947084	1.98486374847116
"LDHarmonicR2"	15167	1428812	1.97408971957481	1.94989490678201	1.96722858286074	1.98097856947189
"LDHarmonicR2"	15302	1428812	1.97024108239824	1.94663340358204	1.96341054792663	1.97709909077474
"LDHarmonicR2"	15438	1428812	1.96639811841546	1.94296183310244	1.95959800806869	1.97322546584808
"LDHarmonicR2"	15576	1428812	1.96253309187384	1.93903411274614	1.95576344685677	1.96932973790231
"LDHarmonicR2"	15715	1428812	1.95867452171813	1.93554949867353	1.95193515822535	1.96544065262856
"LDHarmonicR2"	15855	1428812	1.95482253869299	1.93150244896242	1.94811327315578	1.96155834051373
"LDHarmonicR2"	15996	1428812	1.95097726886622	1.9277684895023	1.94429791799704	1.95768292732323
"LDHarmonicR2"	16139	1428812	1.94711192244952	1.92383670499764	1.9404625112774	1.95378741335138
"LDHarmonicR2"	16283	1428812	1.94325400217308	1.92029068351048	1.93663434263924	1.94989951602947
"LDHarmonicR2"	16428	1428812	1.93940361315665	1.91620006907241	1.93281351772888	1.94601933992739
"LDHarmonicR2"	16575	1428812	1.93553465302935	1.91242797395505	1.9289741346176	1.94212058071133
"LDHarmonicR2"	16723	1428812	1.93167388439453	1.90908271517975	1.92514275137223	1.9382302070478
"LDHarmonicR2"	16872	1428812	1.92782139275118	1.90549043991884	1.92131945423798	1.93434830366454
"LDHarmonicR2"	17022	1428812	1.92397725988531	1.90167822126825	1.91750432577482	1.93047495154865
"LDHarmonicR2"	17174	1428812	1.9201162745931	1.89792664061722	1.91367234514662	1.92658474770896
"LDHarmonicR2"	17327	1428812	1.91626424610918	1.89429570343634	1.90984912787729	1.92270369650955
"LDHarmonicR2"	17482	1428812	1.91239639448663	1.89072526176971	1.90601007958899	1.91880683106216
"LDHarmonicR2"	17637	1428812	1.90856268631316	1.88638081914713	1.90220479622554	1.91494449128783
"LDHarmonicR2"	17795	1428812	1.9046892995617	1.8827883824953	1.89836000339949	1.91104230352547
"LDHarmonicR2"	17953	1428812	1.90085015362	1.87958402278094	1.89454907510318	1.90717473649793
"LDHarmonicR2"	18114	1428812	1.89697271359071	1.87574037921719	1.89070000993062	1.90326871795949
"LDHarmonicR2"	18275	1428812	1.89312958575382	1.87188841738587	1.88688488319133	1.89939738896091
"LDHarmonicR2"	18438	1428812	1.88927305569697	1.8677915576791	1.88305632966945	1.89551268337904
"LDHarmonicR2"	18602	1428812	1.88542712246492	1.86432680558076	1.87923817472204	1.89163877517101
"LDHarmonicR2"	18768	1428812	1.88156866448078	1.86066569677968	1.8754074642255	1.88775237410994
"LDHarmonicR2"	18936	1428812	1.87769831167886	1.85726023584139	1.8715648229756	1.88385411530163
"LDHarmonicR2"	19105	1428812	1.87383941313361	1.85368897877364	1.86773343338898	1.87996751563644
"LDHarmonicR2"	19275	1428812	1.86999196818765	1.84970725966133	1.86391329642023	1.87609257281456
"LDHarmonicR2"	19447	1428812	1.86613364106785	1.84629486601742	1.86008223538907	1.87220679085228
"LDHarmonicR2"	19620	1428812	1.86228715376365	1.84274274488066	1.85626281228636	1.86833305283372
"LDHarmonicR2"	19795	1428812	1.85843055287205	1.83882972163529	1.85243322878333	1.86444924920135
"LDHarmonicR2"	19972	1428812	1.8545644043559	1.83522792523087	1.84859404650408	1.86055595028193
"LDHarmonicR2"	20150	1428812	1.85071081521379	1.83114909629045	1.84476721891509	1.85667541764284
"LDHarmonicR2"	20329	1428812	1.84686975493387	1.82750799149131	1.8409527173771	1.85280761886809
"LDHarmonicR2"	20511	1428812	1.84299884139613	1.82406801145573	1.83710845255555	1.84890987706538
"LDHarmonicR2"	20694	1428812	1.83914113764134	1.82074703268891	1.83327719079881	1.84502555396157
"LDHarmonicR2"	20878	1428812	1.83529659666257	1.8172772846836	1.82945888712138	1.84115460049595
"LDHarmonicR2"	21064	1428812	1.83144455197067	1.81361161175174	1.8256330168382	1.83727620741634
"LDHarmonicR2"	21252	1428812	1.82758549963373	1.80945260910955	1.82180007251262	1.83339087431299
"LDHarmonicR2"	21442	1428812	1.82371992465259	1.80529144842488	1.81796053577598	1.82949908957243
"LDHarmonicR2"	21633	1428812	1.81986837663213	1.80147487065491	1.81413481865109	1.82562154127539
"LDHarmonicR2"	21826	1428812	1.8160108872829	1.79751440750606	1.81030308762904	1.82173812545562
"LDHarmonicR2"	22020	1428812	1.81216763585969	1.7940814247478	1.80648538808006	1.81786915611407
"LDHarmonicR2"	22217	1428812	1.80829944802433	1.79027057198379	1.80264280615322	1.81397519672584
"LDHarmonicR2"	22415	1428812	1.80444603351148	1.78655928066152	1.79881478877843	1.81009622152359
"LDHarmonicR2"	22615	1428812	1.80058809895546	1.78246078546007	1.79498217068893	1.80621280820511
"LDHarmonicR2"	22817	1428812	1.79672606362874	1.77874229287909	1.7911453685312	1.80232537867854
"LDHarmonicR2"	23020	1428812	1.79287920280967	1.77480189120891	1.78732353260995	1.79845333398073
"LDHarmonicR2"	23225	1428812	1.78902871617391	1.77114812768883	1.78349798588147	1.79457774971085
"LDHarmonicR2"	23432	1428812	1.78517499756817	1.76739518483867	1.77966911983777	1.7906990220778
"LDHarmonicR2"	23641	1428812	1.78131843132164	1.76347029590563	1.7758373165587	1.78681753766667
"LDHarmonicR2"	23852	1428812	1.77745939238361	1.75981781074889	1.77200294884697	1.78293367357906
"LDHarmonicR2"	24065	1428812	1.773598246463	1.75610413681266	1.76816638036508	1.77904779757513
"LDHarmonicR2"	24279	1428812	1.76975323782877	1.75233845790972	1.76434574031301	1.77517826969474
"LDHarmonicR2"	24496	1428812	1.76588878035546	1.74900213628201	1.76050566844147	1.77128927653163
"LDHarmonicR2"	24714	1428812	1.76204083317415	1.74529727682279	1.75668189732432	1.76741700516041
"LDHarmonicR2"	24935	1428812	1.75817442508396	1.74193768798908	1.75283967587459	1.76352626290937
"LDHarmonicR2"	25157	1428812	1.75432487102268	1.73774593004518	1.74901409851962	1.75965258656341
"LDHarmonicR2"	25381	1428812	1.75047491550394	1.73359659567055	1.74518801838513	1.75577861135172
"LDHarmonicR2"	25608	1428812	1.74660790763012	1.72940733270252	1.7413448875955	1.75188758272789
"LDHarmonicR2"	25836	1428812	1.74275821806148	1.72572204334052	1.73751886506285	1.74801408436584
"LDHarmonicR2"	26067	1428812	1.73889236750683	1.72214105224283	1.73367667783121	1.74412442939453
"LDHarmonicR2"	26299	1428812	1.73504411088309	1.71875976685593	1.72985187471747	1.74025258005108
"LDHarmonicR2"	26534	1428812	1.73118054802935	1.71483665996544	1.72601175662533	1.73636543390773
"LDHarmonicR2"	26770	1428812	1.72733482949715	1.71102457601265	1.72218927349931	1.73249634329956
"LDHarmonicR2"	27009	1428812	1.72347462403991	1.7072965699197	1.71835229002285	1.72861277988856
"LDHarmonicR2"	27250	1428812	1.71961655118574	1.70383519457028	1.7145173257146	1.72473146379282
"LDHarmonicR2"	27493	1428812	1.71576085529294	1.7002617781824	1.71068462409761	1.72085264020169
"LDHarmonicR2"	27738	1428812	1.71190777377914	1.69607209275036	1.70685442181701	1.71697654730074
"LDHarmonicR2"	27985	1428812	1.70805753726121	1.69195021540769	1.7030269487779	1.71310341641356
"LDHarmonicR2"	28235	1428812	1.70419498772596	1.68812540067797	1.69918713666644	1.70921799930633
"LDHarmonicR2"	28487	1428812	1.70033599618767	1.68425630209902	1.69535076317891	1.70533626083973
"LDHarmonicR2"	28741	1428812	1.69648076971118	1.68068153203221	1.69151803488911	1.70145840856316
"LDHarmonicR2"	28997	1428812	1.69262950913473	1.67685932458185	1.68768915219657	1.69758464374673
"LDHarmonicR2"	29255	1428812	1.68878240920438	1.67292523824961	1.68386430945918	1.69371516151757
"LDHarmonicR2"	29516	1428812	1.68492494434183	1.66950302866831	1.68002906533779	1.68983535157871
"LDHarmonicR2"	29780	1428812	1.68105768737819	1.66618207079658	1.67618398904383	1.68594579039828
"LDHarmonicR2"	30045	1428812	1.67721010813035	1.66227924238365	1.67235838217155	1.68207611694331
"LDHarmonicR2"	30313	1428812	1.67335333307287	1.65838150807362	1.66852353690432	1.67819729105124
"LDHarmonicR2"	30583	1428812	1.66950210461307	1.65496952710834	1.66469411211646	1.67432413911712
"LDHarmonicR2"	30856	1428812	1.66564250065799	1.65153352378831	1.66085626485808	1.6704426594635
"LDHarmonicR2"	31131	1428812	1.66178899289509	1.64834281325996	1.65702438558087	1.66656740545142
"LDHarmonicR2"	31409	1428812	1.65792789306254	1.64461936742216	1.65318486322073	1.66268461119433
"LDHarmonicR2"	31689	1428812	1.65407340701227	1.64121073866073	1.64935182462758	1.6588085619676
"LDHarmonicR2"	31972	1428812	1.65021207656857	1.63748359731772	1.64551188692368	1.6549257238845
"LDHarmonicR2"	32257	1428812	1.64635784664665	1.63385919232829	1.6416789181935	1.65105011909674
"LDHarmonicR2"	32544	1428812	1.64251083024795	1.63015913424902	1.63785303174311	1.64718186028992
"LDHarmonicR2"	32834	1428812	1.63865790870633	1.62665391955057	1.63402118142129	1.6433077558901
"LDHarmonicR2"	33127	1428812	1.63479953635438	1.62299990326463	1.63018381908547	1.6394282627138
"LDHarmonicR2"	33423	1428812	1.63093615705856	1.61885602747901	1.62634138622763	1.63554382700996
"LDHarmonicR2"	33721	1428812	1.62708108339773	1.61496243458927	1.62250712377491	1.63166783337816
"LDHarmonicR2"	34021	1428812	1.62323439686067	1.61116729810306	1.61868111376755	1.62780036274322
"LDHarmonicR2"	34325	1428812	1.6193708693689	1.60750881391731	1.61483826384343	1.62391605059946
"LDHarmonicR2"	34631	1428812	1.61551632702004	1.6038268160105	1.61100426201053	1.62004086184441
"LDHarmonicR2"	34940	1428812	1.61165840327769	1.59981960891524	1.60716680822971	1.6161623630943
"LDHarmonicR2"	35251	1428812	1.60780980753006	1.59605801487857	1.60333854505799	1.61229333090415
"LDHarmonicR2"	35566	1428812	1.60394617038391	1.59244254876232	1.59949523205263	1.60840926626639
"LDHarmonicR2"	35883	1428812	1.60009239549494	1.58858065436895	1.59566164208775	1.60453520427817
"LDHarmonicR2"	36203	1428812	1.59623652680881	1.58505170820284	1.59182588239115	1.60065912527522
"LDHarmonicR2"	36526	1428812	1.59237891928612	1.58112389769738	1.58798830633697	1.59678138580726
"LDHarmonicR2"	36851	1428812	1.5885317041303	1.57758745938834	1.58416098281682	1.59291417969466
"LDHarmonicR2"	37180	1428812	1.58467154405404	1.57380603587969	1.58032069551181	1.58903404807218
"LDHarmonicR2"	37512	1428812	1.58081065806769	1.56968624488947	1.57647960046079	1.58515327323125
"LDHarmonicR2"	37846	1428812	1.57696084167857	1.56610061687973	1.57264943343768	1.58128371070054
"LDHarmonicR2"	38184	1428812	1.57309935456293	1.56214800797803	1.56880757055141	1.57740250314453
"LDHarmonicR2"	38524	1428812	1.56924935154193	1.55845096266225	1.56497704932668	1.57353292325024
"LDHarmonicR2"	38868	1428812	1.56538848178444	1.55443938402291	1.56113563243551	1.56965250612371
"LDHarmonicR2"	39214	1428812	1.56153948204546	1.55038585679139	1.55730594248714	1.5657841032145
"LDHarmonicR2"	39564	1428812	1.55768038436884	1.54650736545713	1.55346612217205	1.56190563537892
"LDHarmonicR2"	39917	1428812	1.55382263499418	1.54276321438788	1.54962756064786	1.55802860620926
"LDHarmonicR2"	40273	1428812	1.54996649883307	1.5394569509081	1.54579052198031	1.5541532814611
"LDHarmonicR2"	40632	1428812	1.54611223347355	1.53547915587588	1.54195526296765	1.55027991951006
"LDHarmonicR2"	40994	1428812	1.542260089322	1.53135585542309	1.53812203328086	1.54640877149546
"LDHarmonicR2"	41360	1428812	1.53839980914012	1.52708711586527	1.53428062622687	1.54252952939053
"LDHarmonicR2"	41728	1428812	1.53455272320825	1.52303801579175	1.53045226832927	1.53866362771446
"LDHarmonicR2"	42101	1428812	1.53068783532246	1.51895171213323	1.52660611450144	1.53477991843378
"LDHarmonicR2"	42476	1428812	1.5268365891541	1.51541547071716	1.52277345623582	1.53090999810373
"LDHarmonicR2"	42855	1428812	1.52297865663265	1.51167636042446	1.51893406415688	1.52703343949456
"LDHarmonicR2"	43237	1428812	1.51912455850686	1.5078516851172	1.51509840872778	1.5231608138683
"LDHarmonicR2"	43623	1428812	1.51526453770104	1.50380401610244	1.51125677986088	1.51928231694045
"LDHarmonicR2"	44012	1428812	1.51140891857892	1.4999790787648	1.50741945304125	1.51540832217233
"LDHarmonicR2"	44404	1428812	1.50755788532849	1.49606230795847	1.50358661221633	1.51153901398731
"LDHarmonicR2"	44800	1428812	1.50370192208474	1.49225878639158	1.49974878682123	1.50766483101002
"LDHarmonicR2"	45199	1428812	1.49985106687447	1.48841874577476	1.49591596802594	1.50379585833071
"LDHarmonicR2"	45603	1428812	1.49598643700294	1.4847780870816	1.49206936167158	1.49991312431738
"LDHarmonicR2"	46009	1428812	1.49213701468382	1.48099808209238	1.48823781520275	1.49604574655065
"LDHarmonicR2"	46419	1428812	1.48828398676937	1.47761054582891	1.48440260353354	1.49217482342246
"LDHarmonicR2"	46833	1428812	1.48442774722634	1.47374733163333	1.48056411895615	1.48830075057784
"LDHarmonicR2"	47251	1428812	1.48056868048943	1.47027456938918	1.47672274430558	1.48442391405445
"LDHarmonicR2"	47672	1428812	1.47671627165323	1.46628512282737	1.47288792165145	1.48055384215569
"LDHarmonicR2"	48098	1428812	1.47285258571026	1.46238614182143	1.46904179807057	1.47667251742701
"LDHarmonicR2"	48526	1428812	1.46900507002584	1.45890149149646	1.46521169665282	1.47280751204476
"LDHarmonicR2"	48959	1428812	1.46514698567627	1.45549291979161	1.46137100000363	1.46893196502452
"LDHarmonicR2"	49396	1428812	1.46128770313577	1.45136739591445	1.45752903636756	1.46505528924937
"LDHarmonicR2"	49836	1428812	1.45743626912011	1.44734759882075	1.45369481239374	1.4611865716684
"LDHarmonicR2"	50281	1428812	1.45357550126699	1.44355878842723	1.44985122279549	1.45730855251025
"LDHarmonicR2"	50729	1428812	1.44972306824239	1.43978959473575	1.44601585793155	1.45343897907694
"LDHarmonicR2"	51181	1428812	1.44587056467436	1.43608839337543	1.44218035023997	1.44956940802117
"LDHarmonicR2"	51638	1428812	1.44200988103456	1.4323185670762	1.43833662607029	1.44569169378233
"LDHarmonicR2"	52098	1428812	1.43815820568618	1.42846934697775	1.43450179863551	1.44182310018471
"LDHarmonicR2"	52563	1428812	1.43429907587722	1.42491149974635	1.43065947757026	1.43794709178307
"LDHarmonicR2"	53032	1428812	1.43044117767455	1.42089351604297	1.42681831126572	1.43407239247325
"LDHarmonicR2"	53504	1428812	1.42659289613876	1.41720055227111	1.42298664904529	1.43020742319538
"LDHarmonicR2"	53982	1428812	1.42273014076106	1.41361976588958	1.41914050463216	1.42632798877608
"LDHarmonicR2"	54463	1428812	1.41887751607539	1.40982828426967	1.4153043769602	1.42245879977864
"LDHarmonicR2"	54949	1428812	1.4150192475939	1.40607625436965	1.41146255953644	1.41858401343842
"LDHarmonicR2"	55439	1428812	1.41116361796624	1.40243753544409	1.4076232999363	1.41471194761818
"LDHarmonicR2"	55933	1428812	1.40731085771277	1.39869090115981	1.40378682817267	1.41084283334318
"LDHarmonicR2"	56432	1428812	1.40345349465799	1.39519851000314	1.3999457039346	1.40696916644153
"LDHarmonicR2"	56935	1428812	1.39959957799997	1.39155527053679	1.39610794282268	1.40309902983962
"LDHarmonicR2"	57443	1428812	1.39574175610359	1.38786489154689	1.39226622432588	1.39922504065039
"LDHarmonicR2"	57955	1428812	1.39188792569469	1.3841382884087	1.38842841252641	1.39535512836909
"LDHarmonicR2"	58472	1428812	1.38803085385531	1.38068122883811	1.38458730490585	1.39148202955428
"LDHarmonicR2"	58993	1428812	1.38417828781194	1.37682309804829	1.3807506169726	1.38761352327141
"LDHarmonicR2"	59519	1428812	1.38032311154072	1.37291283681631	1.37691126239359	1.38374246368576
"LDHarmonicR2"	60050	1428812	1.37646569340259	1.36906083326593	1.37306960820305	1.37986922048707
"LDHarmonicR2"	60586	1428812	1.37260639263335	1.36520745179335	1.36922601237237	1.37599415417724
"LDHarmonicR2"	61126	1428812	1.36875266439096	1.36166851544287	1.36538790012652	1.37212474995877
"LDHarmonicR2"	61671	1428812	1.36489761949089	1.35765223064051	1.36154841061473	1.36825409020055
"LDHarmonicR2"	62221	1428812	1.36104159226953	1.35354235794431	1.35770787707193	1.36438251034133
"LDHarmonicR2"	62776	1428812	1.35718490851236	1.34997821419619	1.35386662423831	1.3605103372126
"LDHarmonicR2"	63336	1428812	1.35332788559737	1.34612304165744	1.35002496850108	1.35663788918348
"LDHarmonicR2"	63900	1428812	1.34947762910948	1.34246133475122	1.34618998759995	1.35277229978502
"LDHarmonicR2"	64470	1428812	1.34562078701165	1.33900178851011	1.34234838277714	1.34890016349756
"LDHarmonicR2"	65045	1428812	1.34176450942268	1.33515690431198	1.33850727605293	1.34502865864065
"LDHarmonicR2"	65625	1428812	1.33790908152813	1.33148642322474	1.33466695182552	1.34115807118664
"LDHarmonicR2"	66210	1428812	1.33405478082465	1.32788273785071	1.33082768685142	1.33728867937157
"LDHarmonicR2"	66801	1428812	1.33019537584862	1.32408332916248	1.32698327417502	1.33341422713065
"LDHarmonicR2"	67396	1428812	1.32634418937427	1.32013621059595	1.32314698518854	1.32954808880497
"LDHarmonicR2"	67997	1428812	1.32248853028071	1.31640368346365	1.31930617824995	1.32567752361061
"LDHarmonicR2"	68604	1428812	1.31862881599596	1.31286984531578	1.31546126926509	1.32180295050095
"LDHarmonicR2"	69216	1428812	1.31477172851207	1.30906447657888	1.31161891485272	1.31793107693007
"LDHarmonicR2"	69833	1428812	1.31091749897919	1.30538251816387	1.30777934570343	1.31406213450564
"LDHarmonicR2"	70456	1428812	1.30706018772122	1.3018045988073	1.30393664501845	1.31019016058922
"LDHarmonicR2"	71084	1428812	1.30320628562504	1.29793756344376	1.30009727939492	1.30632167044092
"LDHarmonicR2"	71718	1428812	1.29934994693453	1.29421665672939	1.29625542543681	1.30245079586203
"LDHarmonicR2"	72357	1428812	1.29549753784427	1.28995375325764	1.2924174257479	1.29858392671811
"LDHarmonicR2"	73002	1428812	1.29164330513121	1.28643974017718	1.28857754895865	1.2947152878526
"LDHarmonicR2"	73653	1428812	1.28778759625498	1.28243433935416	1.28473614144081	1.29084522781412
"LDHarmonicR2"	74310	1428812	1.28393074990414	1.27872784805362	1.28089354084858	1.28697408632656
"LDHarmonicR2"	74973	1428812	1.28007309613891	1.27488176103516	1.2770500762598	1.28310219443312
"LDHarmonicR2"	75641	1428812	1.27622069805663	1.27125593424678	1.27321178885384	1.27923563722144
"LDHarmonicR2"	76316	1428812	1.27236233506408	1.26744300830142	1.26936749939992	1.27536315259105
"LDHarmonicR2"	76997	1428812	1.26850410495366	1.26370869738403	1.26552328359346	1.27149086050453
"LDHarmonicR2"	77683	1428812	1.26465189530754	1.26004494894181	1.26168500804856	1.26762466958011
"LDHarmonicR2"	78376	1428812	1.26079476457056	1.25645417621594	1.25784177108865	1.2637535982461
"LDHarmonicR2"	79075	1428812	1.25693863453233	1.25249963303801	1.25399947335893	1.25988358950535
"LDHarmonicR2"	79780	1428812	1.25308377887944	1.24876170929522	1.25015838788937	1.2560149177004
"LDHarmonicR2"	80491	1428812	1.2492304638196	1.24506331870947	1.24631878027226	1.2521478496534
"LDHarmonicR2"	81209	1428812	1.24537360029654	1.24141735798641	1.24247557978175	1.24827727791431
"LDHarmonicR2"	81933	1428812	1.24151888236388	1.23759680174711	1.23863446053963	1.24440891653193
"LDHarmonicR2"	82664	1428812	1.23766129951185	1.2341608896509	1.23479042996619	1.24053773700479
"LDHarmonicR2"	83401	1428812	1.23380643470533	1.23031331238582	1.23094905167788	1.236669341707
"LDHarmonicR2"	84145	1428812	1.22994935489528	1.22637955449613	1.227105410163	1.23279877999239
"LDHarmonicR2"	84895	1428812	1.22609553419367	1.22252532810017	1.22326496075044	1.22893154481428
"LDHarmonicR2"	85652	1428812	1.22224011592645	1.2188573767409	1.2194228639183	1.2250627622884
"LDHarmonicR2"	86416	1428812	1.21838344190227	1.21526220558468	1.21557946049719	1.2211927752023
"LDHarmonicR2"	87187	1428812	1.21452584524943	1.21136080903754	1.21173508268605	1.21732191761424
"LDHarmonicR2"	87964	1428812	1.2106725877433	1.20762862475099	1.2078949745649	1.21345546904859
"LDHarmonicR2"	88749	1428812	1.20681406754253	1.20384767854252	1.20404956730098	1.20958379454837
"LDHarmonicR2"	89540	1428812	1.20296042412084	1.2000897267254	1.20020896616173	1.2057170678991
"LDHarmonicR2"	90338	1428812	1.19910702129314	1.19660571136801	1.19636855101945	1.20185063680505
"LDHarmonicR2"	91144	1428812	1.19524938711751	1.19276745985531	1.19252386517952	1.1979800140273
"LDHarmonicR2"	91957	1428812	1.19139265599584	1.18890512803165	1.18868002599809	1.19411035106435
"LDHarmonicR2"	92777	1428812	1.18753710431736	1.18516996115495	1.18483730924018	1.19024192492908
"LDHarmonicR2"	93604	1428812	1.18368300094063	1.18123652130698	1.18099598317878	1.18637500506488
"LDHarmonicR2"	94439	1428812	1.17982600861015	1.17768609019481	1.17715172516235	1.18250523956532
"LDHarmonicR2"	95281	1428812	1.17597106150721	1.17366275532004	1.17330945331754	1.17863757871312
"LDHarmonicR2"	96131	1428812	1.17211388782149	1.16985419099738	1.16946491012889	1.17476773635739
"LDHarmonicR2"	96988	1428812	1.16825932414306	1.16605836534852	1.16562291660804	1.17090056471146
"LDHarmonicR2"	97853	1428812	1.16440316324251	1.16208911684331	1.16177927951681	1.16703184251029
"LDHarmonicR2"	98725	1428812	1.16055014613243	1.15822208133197	1.15793872475054	1.16316632592671
"LDHarmonicR2"	99606	1428812	1.15669176913263	1.15477727332795	1.15409277633827	1.15929548348665
"LDHarmonicR2"	100494	1428812	1.15283711686891	1.15112517773837	1.15025048985766	1.15542842894815
"LDHarmonicR2"	101390	1428812	1.14898210767253	1.14728035658149	1.14640779704735	1.15156106719316
"LDHarmonicR2"	102294	1428812	1.14512705065229	1.14334178637523	1.14256500626633	1.14769370808035
"LDHarmonicR2"	103207	1428812	1.1412680387703	1.13939071899723	1.13871822307531	1.14382243193462
"LDHarmonicR2"	104127	1428812	1.13741381830635	1.13574945510412	1.13487616629862	1.13995601256891
"LDHarmonicR2"	105055	1428812	1.13356042891396	1.13210785371891	1.13103488844025	1.13609047674664
"LDHarmonicR2"	105992	1428812	1.12970405065172	1.12832667464539	1.12719058176574	1.13222199228232
"LDHarmonicR2"	106937	1428812	1.12584912335215	1.12463425816962	1.12334767242139	1.12835501273204
"LDHarmonicR2"	107891	1428812	1.12199188325395	1.12078193858067	1.1195024086038	1.12448576234053
"LDHarmonicR2"	108853	1428812	1.1181366811475	1.11692483215006	1.11565912782897	1.1206186052082
"LDHarmonicR2"	109824	1428812	1.11427980875652	1.11301153156019	1.11181413353346	1.1167498213109
"LDHarmonicR2"	110803	1428812	1.11042552967412	1.10916277222105	1.10797167643476	1.1128836871515
"LDHarmonicR2"	111791	1428812	1.10657019041405	1.10537549836615	1.10412811451831	1.10901653773792
"LDHarmonicR2"	112788	1428812	1.10271411864349	1.10154194778596	1.10028377465302	1.10514870153602
"LDHarmonicR2"	113794	1428812	1.09885763359244	1.09765764266291	1.09643897531176	1.1012804985332
"LDHarmonicR2"	114809	1428812	1.09500104619732	1.09409677314597	1.09259402671376	1.09741224038315
"LDHarmonicR2"	115833	1428812	1.09114465924471	1.09025948827695	1.08874923096734	1.09354423055072
"LDHarmonicR2"	116865	1428812	1.08729248372182	1.0866482284592	1.0849085873168	1.089680491796
"LDHarmonicR2"	117908	1428812	1.08343365792736	1.08281494677776	1.08106126676414	1.08581012962374
"LDHarmonicR2"	118959	1428812	1.07957960968074	1.07889175499269	1.0772186632534	1.08194460581874
"LDHarmonicR2"	120020	1428812	1.07572327585169	1.07510434995864	1.07337373490365	1.07807683594214
"LDHarmonicR2"	121090	1428812	1.07186860309963	1.07136146133633	1.06953041691984	1.07421077813681
"LDHarmonicR2"	122170	1428812	1.06801229256448	1.0676109716011	1.06568542038845	1.07034312356779
"LDHarmonicR2"	123259	1428812	1.06415821075911	1.06385486049256	1.06184260071654	1.06647774988145
"LDHarmonicR2"	124359	1428812	1.0602996140338	1.05992749925554	1.05799523414714	1.06260789348114
"LDHarmonicR2"	125467	1428812	1.05644730588956	1.05626911020538	1.05415409299561	1.0587443891337
"LDHarmonicR2"	126586	1428812	1.05259112765573	1.0525559845734	1.05030904830665	1.05487704837349
"LDHarmonicR2"	127715	1428812	1.04873488155614	1.048817475234	1.0464638914826	1.05100968427256
"LDHarmonicR2"	128854	1428812	1.04487886939156	1.04487002444196	1.04261892368317	1.04714259927267
"LDHarmonicR2"	130003	1428812	1.04102338497571	1.04098056158123	1.03877443811681	1.0432760877927
"LDHarmonicR2"	131162	1428812	1.03716871427898	1.03711474299539	1.03493072018329	1.03941043637335
"LDHarmonicR2"	132332	1428812	1.03331185369161	1.03327787441654	1.03108477500564	1.03554263264824
"LDHarmonicR2"	133512	1428812	1.02945641379471	1.02936585906454	1.02724020315442	1.03167629723288
"LDHarmonicR2"	134703	1428812	1.02559943296861	1.02565689966435	1.02339405157665	1.02780845991763
"LDHarmonicR2"	135904	1428812	1.02174444751031	1.02169254697141	1.01954984686747	1.02394266672415
"LDHarmonicR2"	137116	1428812	1.01788853733709	1.01782061185878	1.01570467734694	1.02007598914429
"LDHarmonicR2"	138339	1428812	1.01403202669241	1.01410355659127	1.011858866548	1.01620875213227
"LDHarmonicR2"	139572	1428812	1.01017834305554	1.01037089488221	1.00801583269429	1.01234439244433
"LDHarmonicR2"	140817	1428812	1.00632154331034	1.00653599318014	1.00416964930542	1.00847695028595
"LDHarmonicR2"	142073	1428812	1.00246506636302	1.00280153012155	1.00032374599179	1.00460987388063
"LDHarmonicR2"	143339	1428812	0.998612233640332	0.999023935077441	0.996481435352911	1.0007464935022
"LDHarmonicR2"	144618	1428812	0.994754239396987	0.995347656569896	0.992633935881938	0.996877979106603
"LDHarmonicR2"	145907	1428812	0.990900449276182	0.991651110473112	0.988790587943197	0.993013721675604
"LDHarmonicR2"	147208	1428812	0.987045151805509	0.987812594700509	0.984945695796167	0.989147993965453
"LDHarmonicR2"	148521	1428812	0.983188686393473	0.983886333641092	0.981099598103068	0.985281136131396
"LDHarmonicR2"	149846	1428812	0.979331383809702	0.980186074267903	0.977252624924387	0.981413479652547
"LDHarmonicR2"	151182	1428812	0.975476438988148	0.976377210120993	0.973407962873451	0.97754822780171
"LDHarmonicR2"	152530	1428812	0.971621242397299	0.972483231218884	0.969563009622841	0.973682763824768
"LDHarmonicR2"	153890	1428812	0.967766100426359	0.968712751123002	0.965718070954246	0.969817394718473
"LDHarmonicR2"	155262	1428812	0.963911311400385	0.964870569179201	0.961873444618449	0.965952419382088
"LDHarmonicR2"	156647	1428812	0.960054393265685	0.961133556038795	0.958026655286497	0.962085349020258
"LDHarmonicR2"	158044	1428812	0.956198450103851	0.957408738272146	0.954180799078393	0.958219295693261
"LDHarmonicR2"	159453	1428812	0.952343756235502	0.953739019807878	0.950336149838279	0.954354534197838
"LDHarmonicR2"	160875	1428812	0.948487878897458	0.950003272379799	0.946490281349881	0.95048862520757
"LDHarmonicR2"	162310	1428812	0.944631149126219	0.946069177827223	0.942643523965707	0.946621900443271
"LDHarmonicR2"	163757	1428812	0.940776541527251	0.942082975282672	0.938798844824171	0.942757341993011
"LDHarmonicR2"	165217	1428812	0.936921671330748	0.938287474484466	0.934953865530499	0.938892558696188
"LDHarmonicR2"	166691	1428812	0.933064239731956	0.934521122007235	0.931106293340546	0.935025245672671
"LDHarmonicR2"	168177	1428812	0.92920977908733	0.930727905634568	0.927261646679948	0.931160949239543
"LDHarmonicR2"	169677	1428812	0.925353391822602	0.926736339201785	0.923415040662788	0.92729475910468
"LDHarmonicR2"	171190	1428812	0.921497965546673	0.923021135103558	0.919569355762223	0.92342957002729
"LDHarmonicR2"	172717	1428812	0.917641260330407	0.919074227172385	0.915722357906045	0.91956313620719
"LDHarmonicR2"	174257	1428812	0.91378610218326	0.915209308592095	0.911876866195848	0.915698290575574
"LDHarmonicR2"	175811	1428812	0.909930279965835	0.911406813254441	0.908030675249993	0.911832816221491
"LDHarmonicR2"	177378	1428812	0.906076559462463	0.907447773550394	0.904186544164963	0.907969485630337
"LDHarmonicR2"	178960	1428812	0.902220331316551	0.903715821755136	0.900339875247796	0.904103677755567
"LDHarmonicR2"	180556	1428812	0.898364366772728	0.899774243842573	0.896493433040888	0.900238170557318
"LDHarmonicR2"	182166	1428812	0.894508958853976	0.895837365026647	0.892647510053852	0.89637325757183
"LDHarmonicR2"	183791	1428812	0.89065202976131	0.89188506273144	0.888800033784196	0.892506855691248
"LDHarmonicR2"	185430	1428812	0.886796261756272	0.888065723667319	0.88495368011231	0.888641653570604
"LDHarmonicR2"	187083	1428812	0.882941924228374	0.88436619346101	0.881108718002972	0.88477792102379
"LDHarmonicR2"	188751	1428812	0.879086978270543	0.880529656526501	0.877263113716519	0.880913613964354
"LDHarmonicR2"	190435	1428812	0.875229459034119	0.876716905756286	0.873414907318409	0.877046762618294
"LDHarmonicR2"	192133	1428812	0.871374255251598	0.872584176688571	0.869568975930993	0.873182267351177
"LDHarmonicR2"	193846	1428812	0.867519365429148	0.868698993551106	0.86572332310523	0.869318121612789
"LDHarmonicR2"	195575	1428812	0.863662860404189	0.864832351943212	0.861876024478469	0.865452391429745
"LDHarmonicR2"	197319	1428812	0.859807283689667	0.861028214378414	0.858029617676863	0.861587626212724
"LDHarmonicR2"	199078	1428812	0.85595291074982	0.857107069252097	0.854184377731748	0.857724101858595
"LDHarmonicR2"	200854	1428812	0.852095685027975	0.853202426346266	0.850336257870252	0.853857752006146
"LDHarmonicR2"	202645	1428812	0.848240268022988	0.849381696958976	0.846489908766042	0.849993249000133
"LDHarmonicR2"	204452	1428812	0.844384787827391	0.845417798438477	0.842643463129894	0.846128716304517
"LDHarmonicR2"	206275	1428812	0.840529545940793	0.841480707651294	0.8387972219494	0.842264455930902
"LDHarmonicR2"	208115	1428812	0.836672749073761	0.837704497227248	0.834949396296744	0.838398670218647
"LDHarmonicR2"	209970	1428812	0.832818874969579	0.833803822798826	0.831104453708587	0.834535847136656
"LDHarmonicR2"	211843	1428812	0.828961996024523	0.82994961441036	0.827256480508769	0.830670045125412
"LDHarmonicR2"	213732	1428812	0.825106555306127	0.82616423314183	0.823409909676309	0.826805717359645
"LDHarmonicR2"	215638	1428812	0.821250800839875	0.822195214934971	0.819562993471917	0.822941107620395
"LDHarmonicR2"	217561	1428812	0.817395040774437	0.818385048271039	0.815716039523906	0.819076524576726
"LDHarmonicR2"	219501	1428812	0.813539575160911	0.81462785668896	0.81186934739135	0.81521226877173
"LDHarmonicR2"	221458	1428812	0.809684696096514	0.81087760277808	0.808023208706967	0.811348632767018
"LDHarmonicR2"	223433	1428812	0.805828744124686	0.807048040171352	0.804175967959747	0.807483953152074
"LDHarmonicR2"	225426	1428812	0.801972047393882	0.803133252750761	0.800327952723238	0.803618558650466
"LDHarmonicR2"	227436	1428812	0.798116835128334	0.799253438717427	0.796481387401062	0.799754683315123
"LDHarmonicR2"	229464	1428812	0.794261475439019	0.795418824422429	0.792634643968678	0.795890691384362
"LDHarmonicR2"	231510	1428812	0.790406272011125	0.79163389912518	0.788788025620412	0.792026887034237
"LDHarmonicR2"	233575	1428812	0.786549661168673	0.787852363184938	0.784939972334969	0.788161702926477
"LDHarmonicR2"	235657	1428812	0.782695665822338	0.783974044925807	0.781094498297991	0.784299170711871
"LDHarmonicR2"	237759	1428812	0.778839036860399	0.780109113505809	0.777246366190527	0.780434029463514
"LDHarmonicR2"	239879	1428812	0.774983764560314	0.776223792024727	0.773399557670414	0.776570278093303
"LDHarmonicR2"	242018	1428812	0.771128318581551	0.772452640186828	0.769552545957137	0.772706382693351
"LDHarmonicR2"	244176	1428812	0.767273003319415	0.768568641400137	0.765705634965842	0.768842648139125
"LDHarmonicR2"	246354	1428812	0.763416352244327	0.764582665893553	0.761857361536084	0.76497760452508
"LDHarmonicR2"	248551	1428812	0.759560447888895	0.760708030352704	0.758009803855835	0.761113338735358
"LDHarmonicR2"	250767	1428812	0.755705570564253	0.75699917815047	0.754163241835346	0.757250131481793
"LDHarmonicR2"	253003	1428812	0.751850276417139	0.753075704198318	0.750316234928246	0.753386535597573
"LDHarmonicR2"	255260	1428812	0.747993174809513	0.749194671332343	0.746467395646148	0.749521157288742
"LDHarmonicR2"	257536	1428812	0.74413798616064	0.745439839183734	0.742620436625166	0.745657724770447
"LDHarmonicR2"	259832	1428812	0.740283288521995	0.741602195904491	0.738773939163909	0.741794812840533
"LDHarmonicR2"	262149	1428812	0.736427711972653	0.737672333888287	0.734926536436296	0.737931048477122
"LDHarmonicR2"	264487	1428812	0.732571579472699	0.733744777702349	0.731078550886809	0.734066755156041
"LDHarmonicR2"	266846	1428812	0.728715205625699	0.729871074852188	0.727230296630427	0.73020224796952
"LDHarmonicR2"	269225	1428812	0.724860509950731	0.72592532147286	0.723383689344825	0.726339450283732
"LDHarmonicR2"	271626	1428812	0.721004550253748	0.722383910375947	0.719535793198619	0.722475413530477
"LDHarmonicR2"	274048	1428812	0.717149244446989	0.718668867957697	0.715688522271243	0.718612059460478
"LDHarmonicR2"	276492	1428812	0.713293304408644	0.714782608784498	0.711840591310125	0.71474809707716
"LDHarmonicR2"	278958	1428812	0.709437046754345	0.710979926516953	0.707992316447673	0.710883843479469
"LDHarmonicR2"	281445	1428812	0.705582322940693	0.707177056992601	0.704145545504876	0.70702115376484
"LDHarmonicR2"	283955	1428812	0.701726333415881	0.703282171173238	0.700297484892981	0.703157222407907
"LDHarmonicR2"	286487	1428812	0.69787092733584	0.69941973189897	0.696449980142879	0.69929390219485
"LDHarmonicR2"	289042	1428812	0.694014886653424	0.695507317993354	0.692601815887619	0.695429972393277
"LDHarmonicR2"	291619	1428812	0.690160017270863	0.691698163202261	0.688754794530517	0.691567242409251
"LDHarmonicR2"	294220	1428812	0.686303635917464	0.687805712331514	0.684906238444774	0.687703023318456
"LDHarmonicR2"	296844	1428812	0.68244754542544	0.683910082669525	0.681057946976702	0.683839121443904
"LDHarmonicR2"	299491	1428812	0.678592038130313	0.680173838304359	0.677210212063977	0.679975829518891
"LDHarmonicR2"	302161	1428812	0.674737398550472	0.676263328442576	0.673363317850479	0.676113432436188
"LDHarmonicR2"	304856	1428812	0.670881054338636	0.672530717741875	0.669514697334394	0.672249352494029
"LDHarmonicR2"	307574	1428812	0.667026174338268	0.66868407531777	0.665667513195093	0.668386764708918
"LDHarmonicR2"	310317	1428812	0.663170220723346	0.664772848200477	0.661819232862054	0.664523125990529
"LDHarmonicR2"	313084	1428812	0.659314908811341	0.660960190585481	0.657971568420496	0.66066015489293
"LDHarmonicR2"	315876	1428812	0.655459146645031	0.6571945191626	0.654123430266637	0.65679675710121
"LDHarmonicR2"	318693	1428812	0.651603245962606	0.65335368242311	0.65027512970251	0.652933244789762
"LDHarmonicR2"	321535	1428812	0.647747510341341	0.649501946565618	0.646426969893339	0.649069921947908
"LDHarmonicR2"	324402	1428812	0.643892235341316	0.645566922184936	0.642579246010594	0.645207084524293
"LDHarmonicR2"	327295	1428812	0.640036381724399	0.641636784250133	0.638730921037132	0.641343691055858
"LDHarmonicR2"	330214	1428812	0.636180264624055	0.637681547624468	0.634882309670305	0.637480057112249
"LDHarmonicR2"	333159	1428812	0.632324190952781	0.63369847541088	0.631033718410479	0.633616490018109
"LDHarmonicR2"	336130	1428812	0.628468459545863	0.629812707173949	0.627185445704141	0.629753288997493
"LDHarmonicR2"	339127	1428812	0.624613361305114	0.626018301119968	0.623337782086995	0.625890745318253
"LDHarmonicR2"	342151	1428812	0.620757910032242	0.622151219839507	0.619489743453412	0.6220278706858
"LDHarmonicR2"	345202	1428812	0.61690241483725	0.61827138146489	0.615641638504285	0.61816497461928
"LDHarmonicR2"	348281	1428812	0.613045929747509	0.614311522057954	0.611792523260425	0.614301109149215
"LDHarmonicR2"	351386	1428812	0.609191252747563	0.610366193125537	0.607945190556028	0.610439077417281
"LDHarmonicR2"	354520	1428812	0.605334960897903	0.606568708036293	0.604096224165116	0.606575449760342
"LDHarmonicR2"	357681	1428812	0.601479825060455	0.602755418989614	0.600248389872752	0.602713002123821
"LDHarmonicR2"	360871	1428812	0.597623707682498	0.598868391432958	0.596399554367397	0.598849592707316
"LDHarmonicR2"	364089	1428812	0.593768127375611	0.594974825659083	0.592551233580945	0.594986742805309
"LDHarmonicR2"	367336	1428812	0.589912187602586	0.591178537411726	0.588702532858124	0.591123553995514
"LDHarmonicR2"	370611	1428812	0.586057369590934	0.58737987656855	0.58485493084484	0.58726151009007
"LDHarmonicR2"	373916	1428812	0.582201620588854	0.58341274275919	0.581006378827134	0.583398554293278
"LDHarmonicR2"	377251	1428812	0.578345264966283	0.579648117872042	0.577157200751496	0.579535011398622
"LDHarmonicR2"	380615	1428812	0.574489759744937	0.575765388773724	0.573308851124868	0.575672340945498
"LDHarmonicR2"	384009	1428812	0.570634251468756	0.571777707688941	0.569460478277725	0.571809687688385
"LDHarmonicR2"	387433	1428812	0.566779040063472	0.56802222382832	0.565612381779639	0.567947351909159
"LDHarmonicR2"	390888	1428812	0.562923306455525	0.564134938657252	0.561763744264403	0.564084512824156
"LDHarmonicR2"	394374	1428812	0.559067364267347	0.560190633554695	0.557914878970017	0.560221484440286
"LDHarmonicR2"	397891	1428812	0.555211518927431	0.556358441499217	0.554066090962861	0.556358572548162
"LDHarmonicR2"	401439	1428812	0.551356067814063	0.552564419106989	0.550217677280839	0.552496074866424
"LDHarmonicR2"	405019	1428812	0.547500228114615	0.548714135535276	0.546368856741452	0.548633206949735
"LDHarmonicR2"	408630	1428812	0.543645372770864	0.544893118520238	0.542520999993723	0.544771344035122
"LDHarmonicR2"	412274	1428812	0.53978966877919	0.540974102887062	0.538672277566149	0.540908649581867
"LDHarmonicR2"	415951	1428812	0.535933438334668	0.537046759765596	0.534823011264904	0.537045446174032
"LDHarmonicR2"	419660	1428812	0.53207803016086	0.533202050219105	0.530974547585493	0.533183084765615
"LDHarmonicR2"	423402	1428812	0.528222696742119	0.529374914135034	0.527126140571777	0.529320816279053
"LDHarmonicR2"	427178	1428812	0.524366719257085	0.525463234127914	0.523277072897846	0.525457920395251
"LDHarmonicR2"	430987	1428812	0.520511422262948	0.521538844413614	0.519428666956839	0.521595723837725
"LDHarmonicR2"	434831	1428812	0.516655090134074	0.517652459749333	0.515579210397953	0.51773250770156
"LDHarmonicR2"	438708	1428812	0.512800029994309	0.51388845146361	0.511731006445201	0.513870583014814
"LDHarmonicR2"	442620	1428812	0.508944545772643	0.510023249670619	0.507882362263132	0.510008250466556
"LDHarmonicR2"	446567	1428812	0.505088948454038	0.50625065812127	0.504033588496438	0.506145821382047
"LDHarmonicR2"	450550	1428812	0.501232576954097	0.50242906562807	0.500184025441581	0.502282633294002
"LDHarmonicR2"	454567	1428812	0.49737766247238	0.498598369233258	0.496335900581464	0.498420921122687
"LDHarmonicR2"	458621	1428812	0.493521625546574	0.494788953312345	0.492486639218984	0.494558100634535
"LDHarmonicR2"	462711	1428812	0.489665734234414	0.49091985031927	0.48863750739932	0.490695441901866
"LDHarmonicR2"	466837	1428812	0.485810284643124	0.487068915629709	0.484788800937692	0.486833241323875
"LDHarmonicR2"	471000	1428812	0.481954642925034	0.48326239905226	0.480939887321888	0.482970863715515
"LDHarmonicR2"	475200	1428812	0.478099114005989	0.47939726552641	0.477091071172484	0.479108614307905
"LDHarmonicR2"	479438	1428812	0.474243088929131	0.475593491306296	0.473241744819991	0.475245882855
"LDHarmonicR2"	483713	1428812	0.470387778536104	0.471751959564832	0.469393117235276	0.471383882071016
"LDHarmonicR2"	488026	1428812	0.466532573942816	0.467880332836621	0.465544580827965	0.467522001776326
"LDHarmonicR2"	492378	1428812	0.462676890107416	0.464127627837865	0.461695551801926	0.463659655681638
"LDHarmonicR2"	496769	1428812	0.458821039511515	0.460334363933873	0.457846342334153	0.459797156573209
"LDHarmonicR2"	501199	1428812	0.454965326463049	0.456454664304367	0.453997256449039	0.455934809042523
"LDHarmonicR2"	505668	1428812	0.45111004724	0.452534208743274	0.450148590161596	0.452072909630505
"LDHarmonicR2"	510178	1428812	0.447253787707634	0.448691536772523	0.446298932005815	0.448210041530474
"LDHarmonicR2"	514727	1428812	0.443398561127481	0.444868051288825	0.442450292045663	0.444348221204709
"LDHarmonicR2"	519317	1428812	0.439542967569706	0.441043160780665	0.438601272997867	0.440486046073651
"LDHarmonicR2"	523948	1428812	0.435687316544208	0.437172033780008	0.434752184096817	0.436623825922725
"LDHarmonicR2"	528621	1428812	0.431831087877228	0.433331574049297	0.430902506308479	0.432761039436966
"LDHarmonicR2"	533334	1428812	0.427976225365937	0.429453557757371	0.427054180392225	0.42889963345428
"LDHarmonicR2"	538090	1428812	0.424120571487765	0.425592506728828	0.423205052750462	0.425037446522713
"LDHarmonicR2"	542889	1428812	0.420264446920421	0.42174254104335	0.41935544377969	0.421174799601242
"LDHarmonicR2"	547730	1428812	0.416408956923357	0.417896847531851	0.415506457143394	0.417312799546688
"LDHarmonicR2"	552614	1428812	0.412553598768261	0.413909154801534	0.411657591239045	0.413450942503537
"LDHarmonicR2"	557542	1428812	0.408697889854678	0.410150889742785	0.407808364556236	0.409588744779934
"LDHarmonicR2"	562514	1428812	0.404842139293313	0.406230052927416	0.403959085966664	0.405726515725615
"LDHarmonicR2"	567530	1428812	0.400986648080499	0.402447408902312	0.400110056248685	0.401864556554877
"LDHarmonicR2"	572591	1428812	0.39713095076814	0.398581065928883	0.396260811025133	0.398002400747405
"LDHarmonicR2"	577697	1428812	0.393275352662301	0.394721896039606	0.392411655385874	0.394140353825464
"LDHarmonicR2"	582849	1428812	0.389419405897248	0.390763203943979	0.388562142512388	0.390277966874879
"LDHarmonicR2"	588046	1428812	0.385564158122612	0.386922828763193	0.384713318611972	0.386416288988815
"LDHarmonicR2"	593290	1428812	0.381708426729975	0.383021688868079	0.380864003357014	0.382554135275644
"LDHarmonicR2"	598581	1428812	0.377852524327158	0.379184394711215	0.377014509147711	0.378691818550836
"LDHarmonicR2"	603919	1428812	0.373996755345887	0.375376585891802	0.373165140229885	0.374829643432024
"LDHarmonicR2"	609304	1428812	0.370141416185526	0.371481311926212	0.369316192838351	0.370967906483095
"LDHarmonicR2"	614738	1428812	0.366285382411567	0.367560930343663	0.365466544733651	0.367105481072269
"LDHarmonicR2"	620220	1428812	0.362429672475418	0.363586331217441	0.361617213017274	0.363243387001986
"LDHarmonicR2"	625750	1428812	0.358574577758244	0.359787968779805	0.357768488934838	0.359381915788919
"LDHarmonicR2"	631330	1428812	0.354719006031329	0.355930865664526	0.353919282413481	0.355519973046372
"LDHarmonicR2"	636960	1428812	0.35086326969121	0.352157546896569	0.350069905689941	0.351657871330709
"LDHarmonicR2"	642640	1428812	0.347007672962719	0.348288876962504	0.346220662851872	0.347795915003936
"LDHarmonicR2"	648371	1428812	0.343151842217602	0.344420768680857	0.342371181258728	0.343933729449095
"LDHarmonicR2"	654153	1428812	0.339296083526846	0.340629624256206	0.338521766857167	0.340071620861507
"LDHarmonicR2"	659986	1428812	0.33544069490031	0.336736415434003	0.33467271755557	0.336209887352491
"LDHarmonicR2"	665872	1428812	0.331584661989121	0.332952577903645	0.330823021069103	0.332347512507242
"LDHarmonicR2"	671810	1428812	0.327728948149452	0.328992016754426	0.326973639575886	0.328485460860932
"LDHarmonicR2"	677800	1428812	0.323873844888634	0.325151713834554	0.323124864520405	0.324624023983702
"LDHarmonicR2"	683845	1428812	0.320017730675585	0.321290464206819	0.319275077457289	0.320761577256066
"LDHarmonicR2"	689943	1428812	0.316162190996825	0.317503837812301	0.315425861705616	0.316899708333773
"LDHarmonicR2"	696095	1428812	0.312306886703735	0.313695386669377	0.311576879118784	0.313038077065291
"LDHarmonicR2"	702303	1428812	0.30845087463357	0.309951959850078	0.307727188536446	0.309175738283778
"LDHarmonicR2"	708565	1428812	0.304595699193536	0.306122744384198	0.303878332301655	0.305314238462271
"LDHarmonicR2"	714884	1428812	0.300739815651011	0.302306088619018	0.300028768693774	0.301452029853679
"LDHarmonicR2"	721259	1428812	0.296884144683709	0.298439785690207	0.296179417374004	0.297590034153058
"LDHarmonicR2"	727691	1428812	0.293028383775517	0.29455368450407	0.292329976828022	0.293727947841705
"LDHarmonicR2"	734180	1428812	0.289172835194432	0.290657945338496	0.2884807493482	0.289866073163237
"LDHarmonicR2"	740727	1428812	0.285317206905883	0.28678003019425	0.28463144391324	0.286004117069035
"LDHarmonicR2"	747332	1428812	0.28146180087803	0.282972262339983	0.2807823625459	0.282142381472654
"LDHarmonicR2"	753997	1428812	0.277605759109927	0.279103435732048	0.276932649219315	0.278280006397598
"LDHarmonicR2"	760720	1428812	0.273750540078692	0.275083813451204	0.273083760599848	0.274418452133194
"LDHarmonicR2"	767504	1428812	0.269894724378487	0.271188623457651	0.269234280213122	0.27055629633998
"LDHarmonicR2"	774348	1428812	0.266039188460095	0.267300733022273	0.265385083690171	0.266694416289206
"LDHarmonicR2"	781253	1428812	0.262183668926954	0.263519037652086	0.261535908706628	0.262832547511414
"LDHarmonicR2"	788220	1428812	0.258327914214511	0.259649155062235	0.257686504772933	0.258970437366384
"LDHarmonicR2"	795249	1428812	0.254472230406527	0.255739101078211	0.253837178151701	0.255108391759029
"LDHarmonicR2"	802341	1428812	0.250616374240879	0.251935299114359	0.249987686688099	0.25124616631928
"LDHarmonicR2"	809496	1428812	0.246760650173913	0.248122997821112	0.246138335066521	0.247384065275441
"LDHarmonicR2"	816714	1428812	0.242905354629368	0.244239447389598	0.242289419975347	0.243522384786589
"LDHarmonicR2"	823997	1428812	0.239049722023441	0.240375964615485	0.238440177881275	0.239660357217173
"LDHarmonicR2"	831345	1428812	0.235194061088952	0.236441737631836	0.234590917819658	0.235798290997492
"LDHarmonicR2"	838759	1428812	0.231338154668515	0.232640026362379	0.230741423838536	0.231935967764143
"LDHarmonicR2"	846238	1428812	0.227482822358343	0.228756563678114	0.226892515045987	0.228074207602053
"LDHarmonicR2"	853785	1428812	0.223626822863261	0.225013957681723	0.223042953126602	0.224211766234545
"LDHarmonicR2"	861398	1428812	0.219771482026544	0.221116134041846	0.219194062658	0.220349970771688
"LDHarmonicR2"	869080	1428812	0.215915583189533	0.21725083407939	0.215344630003712	0.216487601530953
"LDHarmonicR2"	876830	1428812	0.212059936255169	0.213368522140714	0.211495464739073	0.212625468743446
"LDHarmonicR2"	884649	1428812	0.208204343557205	0.209471361455278	0.20764637060144	0.208763373338767
"LDHarmonicR2"	892537	1428812	0.204349103535299	0.205599797063239	0.20379764664516	0.204901613141872
"LDHarmonicR2"	900497	1428812	0.200493059852148	0.201779719488027	0.199948139661913	0.201039028684926
"LDHarmonicR2"	908527	1428812	0.196637489641608	0.19794636394672	0.196099125848495	0.197176898039879
"LDHarmonicR2"	916628	1428812	0.192782206523815	0.194096977035846	0.192250420419121	0.193315033232264
"LDHarmonicR2"	924802	1428812	0.188926563529694	0.190224874866471	0.188401378854597	0.189452784842136
"LDHarmonicR2"	933049	1428812	0.185070869994112	0.186356306770901	0.184552311376119	0.185590461318047
"LDHarmonicR2"	941370	1428812	0.181214965790368	0.182481565865566	0.180703059618852	0.18172790077096
"LDHarmonicR2"	949764	1428812	0.177359613658635	0.178535602709245	0.176854386564656	0.17786586569982
"LDHarmonicR2"	958234	1428812	0.1735037392255	0.1746225726837	0.173005221345603	0.174003278224348
"LDHarmonicR2"	966779	1428812	0.169648105367151	0.170789530079463	0.169156327248017	0.170140900811055
"LDHarmonicR2"	975400	1428812	0.1657925603875	0.16689115360395	0.16530755466846	0.166278579670749
"LDHarmonicR2"	984098	1428812	0.161936960492026	0.163040102147862	0.161458762001291	0.162416168819596
"LDHarmonicR2"	992874	1428812	0.158081169578805	0.159073162090328	0.157609815439427	0.158553529860405
"LDHarmonicR2"	1001728	1428812	0.154225492579386	0.155250776456284	0.153761021549752	0.154690966089393
"LDHarmonicR2"	1010661	1428812	0.150369796670812	0.151350959282658	0.14991225005593	0.150828342136566
"LDHarmonicR2"	1019673	1428812	0.146514382239087	0.147445597110394	0.146063803258768	0.146965956473119
"LDHarmonicR2"	1028766	1428812	0.142658697407618	0.143544819494866	0.142215132899297	0.143103253604037
"LDHarmonicR2"	1037940	1428812	0.138803049169482	0.139682959875603	0.138366548214247	0.139240538278749
"LDHarmonicR2"	1047196	1428812	0.134947321719216	0.135817730738514	0.134517936604307	0.135377691485254
"LDHarmonicR2"	1056534	1428812	0.131091817035048	0.131895385915156	0.130669602695416	0.131515012554069
"LDHarmonicR2"	1065956	1428812	0.127236014260957	0.127985406143014	0.126821030047824	0.127651976212155
"LDHarmonicR2"	1075461	1428812	0.123380624967097	0.124078527887583	0.122972932603542	0.123789291658177
"LDHarmonicR2"	1085052	1428812	0.119524737346153	0.120281523646518	0.11912440428414	0.11992604135486
"LDHarmonicR2"	1094728	1428812	0.115669061143861	0.116460070756011	0.115276157816966	0.116062932066682
"LDHarmonicR2"	1104490	1428812	0.111813497479686	0.112519422684757	0.111428099197186	0.11219986003706
"LDHarmonicR2"	1114339	1428812	0.107957953521152	0.108605844120943	0.107580140873542	0.108336727151951
"LDHarmonicR2"	1124276	1428812	0.10410234231563	0.104742694106976	0.103732201633439	0.104473440718364
"LDHarmonicR2"	1134302	1428812	0.100246582625719	0.100863201468382	0.0998842065005892	0.100609913237457
"LDHarmonicR2"	1144417	1428812	0.0963909782577954	0.096956159248321	0.0960364653577069	0.0967464424392693
"LDHarmonicR2"	1154622	1428812	0.0925354488615925	0.0931038631792927	0.0921889053791127	0.0928829404486261
"LDHarmonicR2"	1164918	1428812	0.0886799195056216	0.0892054319652486	0.0883414599375545	0.0890193240294886
"LDHarmonicR2"	1175306	1428812	0.0848243205227635	0.0852729714200849	0.0844940685725969	0.0851555143077491
"LDHarmonicR2"	1185787	1428812	0.0809685873591205	0.0815015279645138	0.0806466769878085	0.0812914364717479
"LDHarmonicR2"	1196361	1428812	0.0771130234389501	0.0776010341498246	0.0767995992901595	0.0774273832630285
"LDHarmonicR2"	1207030	1428812	0.0732572045633998	0.0737419505494926	0.0729524250130217	0.0735629167499364
"LDHarmonicR2"	1217794	1428812	0.0694014373510089	0.0698403401170388	0.0691054746191511	0.069698329706798
"LDHarmonicR2"	1228653	1428812	0.0655460203495417	0.0659593141107799	0.0652590625318315	0.0658339048058497
"LDHarmonicR2"	1239610	1428812	0.0616901931349461	0.0620906170633338	0.061412449199237	0.0619688607499892
"LDHarmonicR2"	1250664	1428812	0.0578346136594518	0.0581860579421949	0.0575663131711748	0.0581038348941422
"LDHarmonicR2"	1261817	1428812	0.0539788869096929	0.0542862701780413	0.0537202863509249	0.0542384053077638
"LDHarmonicR2"	1273069	1428812	0.0501233166525562	0.0503816827960526	0.0498747024727777	0.0503728457903363
"LDHarmonicR2"	1284421	1428812	0.0462678605101095	0.0464848186947868	0.0460295560668443	0.0465070770556224
"LDHarmonicR2"	1295875	1428812	0.04241214504376	0.0425885966271415	0.0421845194751763	0.0426406798838839
"LDHarmonicR2"	1307431	1428812	0.0385564769626606	0.0386705208801752	0.0383399538920146	0.0387739064991885
"LDHarmonicR2"	1319090	1428812	0.0347008256658174	0.0347517195070608	0.0344958984588978	0.0349066565577641
"LDHarmonicR2"	1330853	1428812	0.0308451642626255	0.0309178584124161	0.0306524161965716	0.0310388132574142
"LDHarmonicR2"	1342721	1428812	0.0269894694558993	0.02705745410677	0.0268096031093392	0.027170233999227
"LDHarmonicR2"	1354694	1428812	0.0231340420123278	0.0231032551682907	0.0229679229271911	0.0233010565865794
"LDHarmonicR2"	1366775	1428812	0.0192782214770535	0.0192609975878153	0.0191269542397031	0.0194303815194921
"LDHarmonicR2"	1378963	1428812	0.0154226330424212	0.0154078848533263	0.0152876838181444	0.0155584724115884
"LDHarmonicR2"	1391260	1428812	0.0115669461537136	0.0115543133311847	0.0114503963321072	0.011684383483347
"LDHarmonicR2"	1403666	1428812	0.00771146328543058	0.00767186127510128	0.00761659220471221	0.00780721926048269
"LDHarmonicR2"	1416183	1428812	0.00385586558368312	0.00385886200905593	0.00378905804500769	0.00392355542493027
"LDHarmonicR2"	1428812	1428812	1.51977502240161e-07	8.68589832373386e-07	7.69547307875778e-09	1.12125317490794e-06
"TotalSleep"	1	1428812	6.45600508468319	5.27242052023281	5.58808118614251	7.7515489911084
"TotalSleep"	2	1428812	5.97888382996352	5.15931690328734	5.40899247187304	6.7707841977896
"TotalSleep"	3	1428812	5.75703508034717	5.11690095697876	5.2961568063128	6.36351433175329
"TotalSleep"	4	1428812	5.61090704466893	5.11190872232859	5.2121114320032	6.11760194399391
"TotalSleep"	5	1428812	5.50176257524386	5.10902710169151	5.14460870796777	5.94452607560786
"TotalSleep"	6	1428812	5.41461239952496	5.04655056039155	5.08796732186177	5.81217820573161
"TotalSleep"	7	1428812	5.34206173237635	4.95918017157923	5.03905047605807	5.70559448437545
"TotalSleep"	8	1428812	5.2799138256275	4.92808854999823	4.99593038895917	5.61667331889984
"TotalSleep"	9	1428812	5.22555616330491	4.92808854999823	4.9573321800234	5.54056528441907
"TotalSleep"	10	1428812	5.17725148373036	4.92629264459007	4.92236633081577	5.47415063480451
"TotalSleep"	11	1428812	5.13378578994927	4.92629264459007	4.89038622679355	5.41531027647687
"TotalSleep"	12	1428812	5.09427724866559	4.8846857748785	4.86090633120729	5.36254238705642
"TotalSleep"	13	1428812	5.05806507601115	4.87305079767743	4.83355233146386	5.31474570309114
"TotalSleep"	14	1428812	5.0246413205242	4.81899724244754	4.80802929438253	5.27108977484634
"TotalSleep"	15	1428812	4.99360708678423	4.7830427926389	4.78410051939201	5.23093356160598
"TotalSleep"	16	1428812	4.96464339084891	4.72589066506361	4.7615730318943	5.19377232715579
"TotalSleep"	17	1428812	4.9374911448053	4.71866205130723	4.74028735304873	5.15920183710958
"TotalSleep"	18	1428812	4.91193704033291	4.69491961163409	4.72011011171758	5.12689353050522
"TotalSleep"	19	1428812	4.88780336061619	4.67588223734057	4.70092859739	5.09657687595495
"TotalSleep"	20	1428812	4.86494047765669	4.65951622537428	4.68264667046555	5.06802656249515
"TotalSleep"	21	1428812	4.84322122796345	4.65755560499655	4.6651816418041	5.04105302333312
"TotalSleep"	22	1428812	4.8225366291036	4.6528847451586	4.6484618573704	5.01549530678885
"TotalSleep"	23	1428812	4.80279257090784	4.59144460717867	4.63242480437718	4.99121563201153
"TotalSleep"	24	1428812	4.78390722674747	4.56112078836001	4.61701560893327	4.96809517481626
"TotalSleep"	25	1428812	4.76580900465467	4.54518256998288	4.60218583159852	4.94603076561509
"TotalSleep"	26	1428812	4.74843490858525	4.52729619562884	4.58789249242127	4.92493227314267
"TotalSleep"	27	1428812	4.7317292150824	4.52163266181949	4.57409727474062	4.90472051042184
"TotalSleep"	28	1428812	4.71564239518894	4.50781113298276	4.56076586968157	4.88532554307219
"TotalSleep"	29	1428812	4.70013022901069	4.50648339639273	4.54786743243036	4.86668531091841
"TotalSleep"	30	1428812	4.68515307304104	4.49047893262482	4.53537412809687	4.84874449597357
"TotalSleep"	31	1428812	4.67067524967242	4.49047893262482	4.52326074995958	4.8314535859386
"TotalSleep"	32	1428812	4.6566645352296	4.48904635550319	4.51150439663313	4.81476809417196
"TotalSleep"	33	1428812	4.64309172804033	4.48493724315649	4.50008419753777	4.79864790586659
"TotalSleep"	34	1428812	4.62993028198236	4.48167956167442	4.48898107822383	4.78305672677114
"TotalSleep"	35	1428812	4.61715599394593	4.47689634842374	4.47817755878253	4.76796161580023
"TotalSleep"	36	1428812	4.60474673596411	4.4728329917785	4.46765757988234	4.75333258671202
"TotalSleep"	37	1428812	4.59268222456273	4.46323329751729	4.45740635199538	4.73914226699294
"TotalSleep"	38	1428812	4.58094382129149	4.45690213561172	4.44741022418974	4.72536560439363
"TotalSleep"	39	1428812	4.5695143595107	4.44710921938563	4.43765656950901	4.71197961336818
"TotalSleep"	40	1428812	4.55837799339274	4.42948274495987	4.42813368447743	4.69896315509654
"TotalSleep"	41	1428812	4.54752006580454	4.41853277984654	4.41883070068595	4.68629674590496
"TotalSleep"	42	1428812	4.53692699230711	4.4015082417946	4.40973750675243	4.6739623898084
"TotalSleep"	43	1428812	4.52658615896889	4.37724008352736	4.40084467922468	4.66194343162948
"TotalSleep"	44	1428812	4.51648583206457	4.33428770868635	4.39214342122064	4.65022442774122
"TotalSleep"	45	1428812	4.50661507803827	4.32779958675387	4.38362550778608	4.63879103196214
"TotalSleep"	46	1428812	4.49696369236209	4.32779958675387	4.37528323710372	4.62762989452687
"TotalSleep"	47	1428812	4.48752213612925	4.32178309134276	4.36710938681564	4.61672857237929
"TotalSleep"	48	1428812	4.47828147939434	4.32065206454438	4.35909717482733	4.60607544930273
"TotalSleep"	49	1428812	4.46923335041694	4.32065206454438	4.35124022405132	4.59565966462421
"TotalSleep"	50	1428812	4.46036989008564	4.28827626471955	4.34353253062318	4.58547104941395
"TotalSleep"	51	1428812	4.45168371090054	4.28804522023187	4.3359684351865	4.57550006925685
"TotalSleep"	52	1428812	4.44316785997801	4.28569455471913	4.32854259689695	4.56573777280166
"TotalSleep"	53	1428812	4.43481578561325	4.27796693795187	4.32124996984148	4.55617574540389
"TotalSleep"	54	1428812	4.42662130699798	4.25254546398925	4.31408578160757	4.54680606727022
"TotalSleep"	55	1428812	4.41857858674256	4.23522255077016	4.30704551377098	4.53762127559151
"TotalSleep"	56	1428812	4.41068210589653	4.21607356372445	4.30012488409889	4.52861433021763
"TotalSleep"	57	1428812	4.40292664119977	4.21040518759428	4.29331983029031	4.51977858248511
"TotalSleep"	58	1428812	4.39530724432957	4.2020873843261	4.28662649509651	4.51110774685711
"TotalSleep"	59	1428812	4.38781922293702	4.19734666277646	4.28004121268318	4.50259587507736
"TotalSleep"	60	1428812	4.38045812329065	4.19518680917928	4.27356049611138	4.49423733257601
"TotalSleep"	61	1428812	4.37321971436674	4.18085369168361	4.26718102582905	4.48602677689644
"TotalSleep"	62	1428812	4.36609997324379	4.16632835276303	4.26089963907612	4.47795913793948
"TotalSleep"	63	1428812	4.35909507167513	4.164467959074	4.2547133201176	4.47002959984458
"TotalSleep"	64	1428812	4.35220136372723	4.16350751703263	4.24861919122797	4.4622335843483
"TotalSleep"	65	1428812	4.34541537438394	4.1627879450343	4.24261450435826	4.45456673547828
"TotalSleep"	66	1428812	4.33873378902742	4.1507003869175	4.23669663342482	4.44702490545632
"TotalSleep"	67	1428812	4.3321534437161	4.14431975519879	4.23086306716453	4.43960414169803
"TotalSleep"	68	1428812	4.32567131618818	4.1432572172481	4.22511140250734	4.43230067480853
"TotalSleep"	69	1428812	4.31928451752678	4.1432572172481	4.21943933842166	4.42511090748414
"TotalSleep"	70	1428812	4.31299028442909	4.14007012243848	4.21384467019257	4.41803140423951
"TotalSleep"	71	1428812	4.30678597202781	4.14005153554397	4.20832528409672	4.41105888188763
"TotalSleep"	72	1428812	4.30066904721812	4.13695565357366	4.20287915244143	4.40419020070777
"TotalSleep"	73	1428812	4.29463708244821	4.13638275232358	4.19750432893826	4.39742235624254
"TotalSleep"	74	1428812	4.28868774993501	4.13486521702047	4.19219894438444	4.39075247167126
"TotalSleep"	75	1428812	4.28281881627091	4.13106769451926	4.18696120262774	4.38417779071178
"TotalSleep"	76	1428812	4.27702813739002	4.12948607178178	4.18178937679277	4.37769567100751
"TotalSleep"	77	1428812	4.27131365386559	4.12253189902965	4.1766818057485	4.37130357796052
"TotalSleep"	78	1428812	4.26567338651289	4.1142781486482	4.17163689079887	4.36499907897517
"TotalSleep"	79	1428812	4.26010543227395	4.11139540899267	4.16665309257951	4.35877983807985
"TotalSleep"	80	1428812	4.25460796036273	4.10294886808162	4.16172892814561	4.35264361089766
"TotalSleep"	81	1428812	4.24917920865134	4.09835535883675	4.15686296823665	4.34658823993911
"TotalSleep"	82	1428812	4.24381748027923	4.09751682040448	4.15205383470548	4.34061165019262
"TotalSleep"	83	1428812	4.23852114046928	4.09545809905565	4.14730019809988	4.33471184499035
"TotalSleep"	84	1428812	4.2332886135356	4.09545809905565	4.14260077538591	4.32888690212919
"TotalSleep"	85	1428812	4.22811838006951	4.09545809905565	4.13795432780307	4.32313497022821
"TotalSleep"	86	1428812	4.22300897429103	4.09545809905565	4.13335965884241	4.31745426530554
"TotalSleep"	87	1428812	4.21795898155439	4.09154393505195	4.12881561233893	4.31184306755902
"TotalSleep"	88	1428812	4.21296703599689	4.09148442073307	4.12432107067082	4.30629971833623
"TotalSleep"	89	1428812	4.20803181832138	4.08090359438731	4.11987495305835	4.30082261728087
"TotalSleep"	90	1428812	4.20315205370329	4.07972688882537	4.11547621395575	4.29541021964307
"TotalSleep"	91	1428812	4.198326509814	4.06950229929554	4.11112384153022	4.29006103374277
"TotalSleep"	92	1428812	4.19355399495276	4.06619343581244	4.10681685622233	4.28477361857569
"TotalSleep"	93	1428812	4.18883335628017	4.06046776865976	4.10255430938257	4.27954658155235
"TotalSleep"	94	1428812	4.18416347814669	4.05398863988463	4.09833528197952	4.27437857636159
"TotalSleep"	95	1428812	4.17954328050994	4.0498007154361	4.09415888337479	4.26926830095024
"TotalSleep"	96	1428812	4.17497171743546	4.04585545914291	4.090024250161	4.26421449561159
"TotalSleep"	97	1428812	4.17044777567541	4.03716867305128	4.08593054505858	4.25921594117574
"TotalSleep"	98	1428812	4.16597047332067	4.03032973640567	4.0818769558682	4.25427145729523
"TotalSleep"	99	1428812	4.16153885852159	4.02778373481359	4.07786269447519	4.24937990082024
"TotalSleep"	100	1428812	4.15715200827348	4.02329016888918	4.07388699590305	4.24454016425762
"TotalSleep"	101	1428812	4.1528090272627	4.02051900534787	4.06994911741315	4.23975117430869
"TotalSleep"	102	1428812	4.14850904676997	4.0161334066209	4.06604833764784	4.23501189048108
"TotalSleep"	103	1428812	4.14425122362743	4.0161334066209	4.06218395581459	4.23032130377011
"TotalSleep"	104	1428812	4.14003473922627	4.00269445258136	4.05835529090881	4.22567843540554
"TotalSleep"	105	1428812	4.13585879857213	3.99818843260929	4.05456168097304	4.22108233566002
"TotalSleep"	106	1428812	4.13172262938549	3.99481948749622	4.05080248239066	4.21653208271537
"TotalSleep"	107	1428812	4.12762548124445	3.99432196467915	4.04707706921207	4.21202678158366
"TotalSleep"	108	1428812	4.12356662476758	3.99108061140497	4.04338483251164	4.20756556307965
"TotalSleep"	109	1428812	4.11954535083466	3.99108061140497	4.03972517977368	4.20314758284195
"TotalSleep"	110	1428812	4.11556096984307	3.98785904759898	4.036097534306	4.19877202039996
"TotalSleep"	111	1428812	4.11161281099807	3.97460810378405	4.0325013346794	4.19443807828424
"TotalSleep"	112	1428812	4.10770022163502	3.97083139343672	4.02893603419188	4.19014498117765
"TotalSleep"	113	1428812	4.10382256657182	3.96642346407181	4.02540110035623	4.18589197510536
"TotalSleep"	114	1428812	4.09997922749006	3.9572119203506	4.02189601440968	4.18167832666133
"TotalSleep"	115	1428812	4.0961696023433	3.95708206936678	4.01842027084471	4.17750332226952
"TotalSleep"	116	1428812	4.09239310479104	3.95118543812739	4.01497337695961	4.17336626747782
"TotalSleep"	117	1428812	4.08864916365717	3.94790270905585	4.01155485242814	4.16926648628315
"TotalSleep"	118	1428812	4.08493722241145	3.94493526903592	4.00816422888705	4.16520332048586
"TotalSleep"	119	1428812	4.08125673867308	3.93969887052545	4.00480104954074	4.16117612907223
"TotalSleep"	120	1428812	4.07760718373505	3.93969887052545	4.00146486878211	4.15718428762328
"TotalSleep"	121	1428812	4.07398804210832	3.93947591219198	3.99815525182892	4.15322718774886
"TotalSleep"	122	1428812	4.07039881108487	3.93782053566538	3.99487177437477	4.14930423654552
"TotalSleep"	123	1428812	4.06683900031865	3.9350780129023	3.99161402225412	4.14541485607707
"TotalSleep"	124	1428812	4.06330813142352	3.92984387355097	3.98838159112058	4.14155848287673
"TotalSleep"	125	1428812	4.05980573758745	3.92492773729388	3.98517408613794	4.13773456746967
"TotalSleep"	126	1428812	4.05633136320215	3.9224976477812	3.98199112168324	4.13394257391515
"TotalSleep"	127	1428812	4.05288456350737	3.91657263573348	3.97883232106137	4.13018197936711
"TotalSleep"	128	1428812	4.04946490424923	3.91045871841011	3.9756973162307	4.12645227365244
"TotalSleep"	129	1428812	4.04607196135189	3.90504348756837	3.97258574753914	4.12275295886603
"TotalSleep"	130	1428812	4.04270532060193	3.90504348756837	3.96949726347027	4.11908354898188
"TotalSleep"	131	1428812	4.0393645773449	3.90394552065385	3.96643152039895	4.11544356947941
"TotalSleep"	132	1428812	4.03604933619343	3.90329502237956	3.96338818235613	4.11183255698433
"TotalSleep"	133	1428812	4.03275921074638	3.90219452697846	3.96036692080234	4.1082500589234
"TotalSleep"	134	1428812	4.02949382331861	3.90209745624004	3.95736741440952	4.10469563319243
"TotalSleep"	135	1428812	4.02625280468078	3.8972850887947	3.95438934885079	4.10116884783686
"TotalSleep"	136	1428812	4.02303579380878	3.89725423585979	3.95143241659793	4.09766928074446
"TotalSleep"	137	1428812	4.01984243764243	3.89146203595638	3.94849631672603	4.09419651934951
"TotalSleep"	138	1428812	4.01667239085292	3.88966285992125	3.9455807547252	4.090750160348
"TotalSleep"	139	1428812	4.01352531561874	3.88781743459591	3.94268544231895	4.08732980942336
"TotalSleep"	140	1428812	4.01040088140959	3.88581618194909	3.93981009728896	4.08393508098222
"TotalSleep"	141	1428812	4.00729876477811	3.88550911379557	3.93695444330592	4.08056559789981
"TotalSleep"	142	1428812	4.00421864915889	3.88234430840359	3.93411820976637	4.07722099127455
"TotalSleep"	143	1428812	4.00116022467468	3.87731239005274	3.93130113163504	4.07390090019143
"TotalSleep"	144	1428812	3.99812318794919	3.86977884096883	3.92850294929268	4.07060497149389
"TotalSleep"	145	1428812	3.99510724192664	3.86977884096883	3.92572340838899	4.06733285956366
"TotalSleep"	146	1428812	3.99211209569728	3.86747136178311	3.92296225970061	4.06408422610846
"TotalSleep"	147	1428812	3.98913746432908	3.86429502987328	3.92021925899376	4.06085873995697
"TotalSleep"	148	1428812	3.98618306870502	3.86391707729477	3.91749416689157	4.05765607686106
"TotalSleep"	149	1428812	3.98324863536597	3.85899258554212	3.91478674874572	4.05447591930468
"TotalSleep"	150	1428812	3.98033389635876	3.85570918804456	3.91209677451234	4.05131795631937
"TotalSleep"	151	1428812	3.97743858908934	3.85570918804456	3.90942401863197	4.04818188330603
"TotalSleep"	152	1428812	3.97456245618088	3.85010994349352	3.90676825991338	4.04506740186267
"TotalSleep"	153	1428812	3.9717052453364	3.84487356778818	3.90412928142114	4.04197421961792
"TotalSleep"	154	1428812	3.968866709206	3.83969957667853	3.90150687036686	4.03890205007015
"TotalSleep"	155	1428812	3.96604660525835	3.83896458499564	3.8989008180038	4.03585061243184
"TotalSleep"	156	1428812	3.96324469565635	3.8379017991835	3.89631091952483	4.03281963147908
"TotalSleep"	157	1428812	3.96046074713674	3.83221907444737	3.89373697396368	4.02980883740602
"TotalSleep"	158	1428812	3.95769453089358	3.82992319256027	3.89117878409914	4.02681796568397
"TotalSleep"	159	1428812	3.95494582246543	3.82472308227851	3.88863615636238	4.02384675692511
"TotalSleep"	160	1428812	3.952214401626	3.82354697958904	3.88610890074696	4.02089495675052
"TotalSleep"	161	1428812	3.94950005227831	3.82245772875324	3.88359683072177	4.01796231566241
"TotalSleep"	162	1428812	3.94680256235208	3.82191268509119	3.88109976314648	4.01504858892043
"TotalSleep"	163	1428812	3.94412172370431	3.81651377494791	3.87861751818965	4.0121535364218
"TotalSleep"	164	1428812	3.9414573320229	3.81510424338145	3.87614991924922	4.00927692258526
"TotalSleep"	165	1428812	3.93880918673321	3.81424825586003	3.87369679287547	4.00641851623854
"TotalSleep"	166	1428812	3.93617709090747	3.81423976113013	3.87125796869617	4.00357809050937
"TotalSleep"	167	1428812	3.93356085117687	3.81418030267274	3.86883327934404	4.0007554227198
"TotalSleep"	168	1428812	3.93096027764634	3.80471765023417	3.86642256038623	3.99795029428373
"TotalSleep"	169	1428812	3.92837518381185	3.80440196885694	3.86402565025599	3.99516249060756
"TotalSleep"	170	1428812	3.9258053864801	3.79945591338898	3.86164239018618	3.99239180099382
"TotalSleep"	171	1428812	3.92325070569069	3.79267268205194	3.85927262414486	3.98963801854774
"TotalSleep"	172	1428812	3.92071096464041	3.79243294943391	3.85691619877256	3.98690094008647
"TotalSleep"	173	1428812	3.91818598960991	3.7793402375843	3.85457296332144	3.98418036605113
"TotalSleep"	174	1428812	3.91567560989231	3.77789769643676	3.85224276959622	3.98147610042137
"TotalSleep"	175	1428812	3.91317965772401	3.77705993776348	3.8499254718966	3.97878795063242
"TotalSleep"	176	1428812	3.91069796821736	3.77685724534641	3.8476209269615	3.9761157274946
"TotalSleep"	177	1428812	3.90823037929536	3.77603186158677	3.84532899391472	3.97345924511508
"TotalSleep"	178	1428812	3.90577673162809	3.77523910262615	3.84304953421214	3.97081832082201
"TotalSleep"	179	1428812	3.90333686857099	3.77449429614827	3.84078241159043	3.96819277509068
"TotalSleep"	180	1428812	3.90091063610487	3.77110197660885	3.83852749201703	3.96558243147186
"TotalSleep"	181	1428812	3.89849788277753	3.77024138877863	3.8362846436417	3.96298711652216
"TotalSleep"	182	1428812	3.89609845964707	3.77024138877863	3.83405373674916	3.96040665973633
"TotalSleep"	183	1428812	3.89371222022671	3.76766217932052	3.83183464371318	3.95784089348142
"TotalSleep"	184	1428812	3.8913390204311	3.76278059582883	3.82962723895183	3.95528965293287
"TotalSleep"	185	1428812	3.88897871852412	3.76236830602558	3.8274313988839	3.95275277601224
"TotalSleep"	186	1428812	3.88663117506814	3.76236830602558	3.82524700188653	3.95023010332672
"TotalSleep"	187	1428812	3.8842962528745	3.7600077044931	3.82307392825393	3.94772147811033
"TotalSleep"	188	1428812	3.88197381695547	3.7572449553361	3.82091206015721	3.94522674616662
"TotalSleep"	189	1428812	3.87966373447739	3.75653283226979	3.8187612816052	3.942745755813
"TotalSleep"	190	1428812	3.87736587471511	3.7555867968367	3.81662147840634	3.94027835782653
"TotalSleep"	191	1428812	3.87508010900757	3.75455889796828	3.81449253813156	3.93782440539119
"TotalSleep"	192	1428812	3.87280631071456	3.75100966442632	3.81237435007809	3.9353837540465
"TotalSleep"	193	1428812	3.87054435517468	3.74769321328709	3.81026680523419	3.93295626163757
"TotalSleep"	194	1428812	3.86829411966427	3.74769321328709	3.80816979624479	3.9305417882664
"TotalSleep"	195	1428812	3.86605548335748	3.74310193660996	3.806083217378	3.92814019624451
"TotalSleep"	196	1428812	3.86382832728732	3.74136511140866	3.80400696449249	3.92575135004676
"TotalSleep"	197	1428812	3.86161253430776	3.74130765586528	3.80194093500562	3.9233751162664
"TotalSleep"	198	1428812	3.85940798905673	3.74077416123124	3.79988502786243	3.92101136357128
"TotalSleep"	199	1428812	3.85721457792007	3.73353545591687	3.79783914350536	3.91865996266112
"TotalSleep"	200	1428812	3.85503218899644	3.73240826550091	3.79580318384476	3.91632078622599
"TotalSleep"	201	1428812	3.852860712063	3.73069724913066	3.79377705223005	3.91399370890573
"TotalSleep"	203	1428812	3.84855006146852	3.73003431803177	3.78975389356372	3.90937535968206
"TotalSleep"	205	1428812	3.84428177667584	3.72710065433451	3.78576892203334	3.90480394962786
"TotalSleep"	206	1428812	3.84216326280712	3.72628822461135	3.78379052932957	3.90253555301134
"TotalSleep"	208	1428812	3.83795698797109	3.72260168170824	3.77986148710751	3.89803280427879
"TotalSleep"	210	1428812	3.83379106171689	3.72100189152276	3.77596885976213	3.8935747047193
"TotalSleep"	212	1428812	3.82966471730814	3.71649524345617	3.7721119729179	3.88916038484128
"TotalSleep"	214	1428812	3.82557720965816	3.71522196947012	3.76829017083749	3.88478900020332
"TotalSleep"	216	1428812	3.82152781452245	3.70616031507246	3.7645028157394	3.88045973046349
"TotalSleep"	218	1428812	3.81751582772855	3.70228762496187	3.76074928714675	3.87617177847321
"TotalSleep"	220	1428812	3.81354056444106	3.69827785647868	3.75702898126522	3.87192436941333
"TotalSleep"	222	1428812	3.80960135846012	3.69225372653502	3.75334131038885	3.86771674996989
"TotalSleep"	224	1428812	3.80569756155125	3.6864238122619	3.74968570233208	3.86354818754759
"TotalSleep"	226	1428812	3.80182854280522	3.68540605016296	3.74606159988666	3.85941796951873
"TotalSleep"	228	1428812	3.79799368802607	3.68286261516376	3.74246846030215	3.85532540250595
"TotalSleep"	230	1428812	3.79419239914592	3.68222280901337	3.73890575478882	3.85126981169669
"TotalSleep"	232	1428812	3.79042409366523	3.68054206520831	3.73537296804174	3.84725054018798
"TotalSleep"	234	1428812	3.78668820411707	3.67548502271115	3.73186959778502	3.84326694835973
"TotalSleep"	236	1428812	3.78298417755429	3.67069163317548	3.72839515433516	3.83931841327517
"TotalSleep"	238	1428812	3.77931147505832	3.66818818400326	3.72494916018262	3.83540432810713
"TotalSleep"	240	1428812	3.77566957126862	3.66688134168026	3.72153114959061	3.83152410158853
"TotalSleep"	242	1428812	3.77205795393167	3.66405291601073	3.7181406682103	3.82767715748626
"TotalSleep"	244	1428812	3.76847612346855	3.6602266839227	3.71477727271167	3.82386293409697
"TotalSleep"	247	1428812	3.76315816540596	3.65359616520991	3.70978202186823	3.81820175607684
"TotalSleep"	249	1428812	3.75964869594985	3.65137975505396	3.7064844706572	3.81446696806219
"TotalSleep"	251	1428812	3.75616735881594	3.64645689580812	3.70321253545674	3.8107630424203
"TotalSleep"	253	1428812	3.75271370656452	3.63892031264518	3.69996581833542	3.80708947712988
"TotalSleep"	255	1428812	3.74928730234643	3.63762309576567	3.69674393059773	3.80344578227407
"TotalSleep"	258	1428812	3.74419785564199	3.63483785817696	3.69195682577591	3.79803520411118
"TotalSleep"	260	1428812	3.74083772683473	3.62876953874742	3.68879536902906	3.79446411795651
"TotalSleep"	262	1428812	3.73750339581591	3.6270235937255	3.68565744995662	3.79092127742432
"TotalSleep"	265	1428812	3.732549412648	3.62206571501185	3.68099393990902	3.78565901745537
"TotalSleep"	267	1428812	3.72927787565661	3.61983942893379	3.67791334858657	3.78218488812688
"TotalSleep"	269	1428812	3.72603079898363	3.61833449976527	3.67485510181371	3.7787375082127
"TotalSleep"	272	1428812	3.72120525509434	3.61419360386682	3.67030892044996	3.77361570840406
"TotalSleep"	274	1428812	3.71801775834975	3.61235038664571	3.66730513204841	3.77023344673561
"TotalSleep"	277	1428812	3.71327995337849	3.61032192731916	3.66283918068989	3.76520750288535
"TotalSleep"	279	1428812	3.71014988950946	3.60209821092406	3.65988793144661	3.76188796226782
"TotalSleep"	282	1428812	3.70549668983184	3.59877010843035	3.65549940756259	3.75695437740208
"TotalSleep"	284	1428812	3.70242202579028	3.5932606007387	3.65259887831272	3.75369529016538
"TotalSleep"	287	1428812	3.6978504627158	3.58940664281886	3.64828512420082	3.74885075459117
"TotalSleep"	289	1428812	3.69482927152745	3.58352092712456	3.64543358897773	3.74564997344336
"TotalSleep"	292	1428812	3.69033652992417	3.58113879673332	3.64119208193268	3.74089135163789
"TotalSleep"	294	1428812	3.68736698343557	3.57838455789884	3.63838790169533	3.73774684131079
"TotalSleep"	297	1428812	3.68295039131892	3.57317492382073	3.63421624499919	3.7330711599367
"TotalSleep"	300	1428812	3.67857826229387	3.56634535336656	3.63008539738197	3.7284438789525
"TotalSleep"	302	1428812	3.67568777254303	3.56350022951711	3.62735377653192	3.72538542647546
"TotalSleep"	305	1428812	3.67138779205031	3.56109549465581	3.62328918618043	3.72083663888435
"TotalSleep"	308	1428812	3.66712996890777	3.55420593168745	3.61926333271786	3.71633369066184
"TotalSleep"	311	1428812	3.6629134845066	3.55088430712585	3.61527547973169	3.7118756734283
"TotalSleep"	313	1428812	3.66012506733911	3.54711923321109	3.6126376682619	3.70892818711064
"TotalSleep"	316	1428812	3.65597572543905	3.54182010095568	3.60871156926626	3.70454310814131
"TotalSleep"	319	1428812	3.65186565234784	3.53794058423091	3.60482160691389	3.70020066530948
"TotalSleep"	322	1428812	3.64779411175896	3.53300937166839	3.60096711759489	3.69590004303465
"TotalSleep"	325	1428812	3.64376038788282	3.53044158506231	3.59714745587343	3.69164044883904
"TotalSleep"	328	1428812	3.6397637846914	3.52683430768645	3.59336199382873	3.687421112485
"TotalSleep"	330	1428812	3.63711967008918	3.52511095512374	3.59085704986374	3.68463021640457
"TotalSleep"	333	1428812	3.63318343938008	3.51925739314237	3.5871272374902	3.6804763226278
"TotalSleep"	336	1428812	3.62928256451419	3.51517505310894	3.58343003126929	3.67636073531598
"TotalSleep"	339	1428812	3.62541641599804	3.51284182001429	3.57976486232634	3.67228275901887
"TotalSleep"	342	1428812	3.62158438100165	3.50588716707413	3.57613117659376	3.6682417169936
"TotalSleep"	345	1428812	3.61778586277556	3.50427948286073	3.57252843430058	3.66423695054097
"TotalSleep"	349	1428812	3.61277230658518	3.49869831295356	3.5677720050069	3.65895258463482
"TotalSleep"	352	1428812	3.60904975966336	3.49307846115062	3.56423944165234	3.655029996236
"TotalSleep"	355	1428812	3.60535884950012	3.4790359305695	3.56073611963286	3.65114161011817
"TotalSleep"	358	1428812	3.6016990428821	3.47749316999863	3.5572615557412	3.64728683878304
"TotalSleep"	361	1428812	3.59806981996376	3.47735757520282	3.55381527868709	3.64346510969317
"TotalSleep"	364	1428812	3.59447067382415	3.47407841482968	3.55039682870785	3.63967586476933
"TotalSleep"	368	1428812	3.58971774559899	3.47126579313764	3.54588140815149	3.63467313065945
"TotalSleep"	371	1428812	3.58618687670386	3.46838315249835	3.54252616203272	3.63095758946132
"TotalSleep"	374	1428812	3.58268448286779	3.46487431251578	3.53919728901504	3.6272727705458
"TotalSleep"	378	1428812	3.578058133054	3.46107329407639	3.53479910243355	3.62240660513881
"TotalSleep"	381	1428812	3.57462042791261	3.45832966360393	3.53153017360725	3.61879154506909
"TotalSleep"	384	1428812	3.5712097207342	3.45272261883131	3.52828627528463	3.61520558453982
"TotalSleep"	388	1428812	3.56670338217687	3.4450809982758	3.5239993535649	3.61046877306633
"TotalSleep"	391	1428812	3.56335405080588	3.43968081176727	3.52081238630986	3.60694893405579
"TotalSleep"	395	1428812	3.55892808147376	3.43521324941975	3.51660003893293	3.6022986772658
"TotalSleep"	398	1428812	3.55563795602671	3.43101373361409	3.51346802712162	3.5988425798225
"TotalSleep"	402	1428812	3.5512895394045	3.42867207055652	3.50932768864188	3.59427578979389
"TotalSleep"	405	1428812	3.54805656307091	3.42646121180959	3.50624875803107	3.59088117981974
"TotalSleep"	409	1428812	3.54378302815077	3.42298986766519	3.50217799352765	3.58639493050843
"TotalSleep"	413	1428812	3.53955113613326	3.4150347615526	3.49814593956466	3.58195344918469
"TotalSleep"	416	1428812	3.53640406089907	3.40888973877385	3.4951468607768	3.57865118719365
"TotalSleep"	420	1428812	3.53224312385448	3.40672279622268	3.49118079746803	3.57428594920155
"TotalSleep"	424	1428812	3.52812167435248	3.4038682334888	3.48725147662096	3.56996312179782
"TotalSleep"	427	1428812	3.52505605351566	3.39870721569214	3.48432818936527	3.56674834422409
"TotalSleep"	431	1428812	3.52100193322953	3.39457535075759	3.48046154647768	3.56249779683024
"TotalSleep"	435	1428812	3.51698530823452	3.38789035241311	3.47662982474066	3.5582874835443
"TotalSleep"	439	1428812	3.51300549131714	3.38250585107409	3.47283239540658	3.55411665418326
"TotalSleep"	443	1428812	3.50906181398536	3.38029428675591	3.46906864660529	3.54998457929227
"TotalSleep"	447	1428812	3.50515362579464	3.37797051365113	3.46533798274431	3.54589054938924
"TotalSleep"	451	1428812	3.50128029370412	3.37650674600039	3.46163982393559	3.54183387424362
"TotalSleep"	455	1428812	3.49744120146122	3.37534360257063	3.45797360544719	3.53781388218729
"TotalSleep"	459	1428812	3.49363574901316	3.36965044743543	3.45433877717874	3.53382991945601
"TotalSleep"	463	1428812	3.48986335194415	3.36622360753168	3.45073480315949	3.52988134955986
"TotalSleep"	467	1428812	3.48612344093669	3.36211118317745	3.44716116106763	3.52596755268093
"TotalSleep"	471	1428812	3.48241546125593	3.35905073111575	3.44361734177001	3.52208792509716
"TotalSleep"	476	1428812	3.47782456774577	3.3553713867248	3.43922875091929	3.51728554657359
"TotalSleep"	480	1428812	3.47418647751252	3.35385712485786	3.43575023673604	3.51348067220612
"TotalSleep"	484	1428812	3.47057861060018	3.3503838173902	3.43229997654037	3.50970810968938
"TotalSleep"	488	1428812	3.46700046898465	3.34845257434645	3.42887751254529	3.50596731782974
"TotalSleep"	493	1428812	3.46256885418557	3.34230465562092	3.42463784143287	3.50133520274762
"TotalSleep"	497	1428812	3.4590558361878	3.33810878900895	3.42127630185465	3.49766398506726
"TotalSleep"	502	1428812	3.45470415166277	3.33320131633383	3.41711142985985	3.49311723712564
"TotalSleep"	506	1428812	3.45125392909218	3.33226881419966	3.41380867222573	3.48951306636491
"TotalSleep"	511	1428812	3.44697934259627	3.32757608161823	3.4097159920458	3.48504861228094
"TotalSleep"	515	1428812	3.44358970992075	3.32224709047023	3.4064699852333	3.4815090960759
"TotalSleep"	520	1428812	3.43938953712601	3.31906378062848	3.40244702390419	3.47712402517236
"TotalSleep"	524	1428812	3.43605840300434	3.31697548799274	3.39925584054417	3.47364689663724
"TotalSleep"	529	1428812	3.43193009737576	3.31074443181232	3.39530025035296	3.46933844958798
"TotalSleep"	534	1428812	3.42784066525872	3.30627480935717	3.39138111748469	3.46507143135999
"TotalSleep"	538	1428812	3.42459662043156	3.30354662674946	3.38827161002426	3.46168711723593
"TotalSleep"	543	1428812	3.42057534649864	3.30049006909323	3.3844164258514	3.4574927074342
"TotalSleep"	548	1428812	3.41659096550705	3.29534681653276	3.38059587046761	3.45333758335675
"TotalSleep"	553	1428812	3.41264280666206	3.29319349072321	3.37680932413101	3.44922101966551
"TotalSleep"	558	1428812	3.40873021729901	3.2889921019757	3.37305618363137	3.44514231087609
"TotalSleep"	563	1428812	3.4048525622358	3.28695405922386	3.36933586170633	3.44110077064092
"TotalSleep"	568	1428812	3.40100922315404	3.28109575813139	3.36564778648332	3.43709573106438
"TotalSleep"	573	1428812	3.39719959800728	3.27816878307108	3.36199140094558	3.43312654204827
"TotalSleep"	578	1428812	3.39342310045502	3.27460133394131	3.35836616242126	3.42919257066603
"TotalSleep"	583	1428812	3.38967915932115	3.27250998298353	3.35477154209429	3.42529320056416
"TotalSleep"	588	1428812	3.38596721807543	3.26940342895887	3.35120702453591	3.42142783138951
"TotalSleep"	594	1428812	3.38155436572859	3.26562107209164	3.34696863249946	3.41683344711982
"TotalSleep"	599	1428812	3.37791093427677	3.2635883574457	3.34346858984902	3.4130408421152
"TotalSleep"	604	1428812	3.37429781458584	3.26029082292701	3.33999708544866	3.40928041819149
"TotalSleep"	610	1428812	3.3700013790648	3.25877116507785	3.33586829829551	3.4048096307217
"TotalSleep"	615	1428812	3.36645320179673	3.25561860195628	3.33245796095875	3.40111812715885
"TotalSleep"	621	1428812	3.36223330318446	3.25161968515527	3.328401280811	3.39672854310594
"TotalSleep"	626	1428812	3.35874777498977	3.24679701930139	3.32504998222899	3.39310349088283
"TotalSleep"	632	1428812	3.35460173412785	3.24540476772624	3.32106292190114	3.38879222680639
"TotalSleep"	637	1428812	3.35117668102953	3.24289258439877	3.31776864320338	3.38523128693957
"TotalSleep"	643	1428812	3.34710195701587	3.24035179341789	3.31384884230959	3.38099560995138
"TotalSleep"	649	1428812	3.34306510859911	3.23483008990128	3.30996477614229	3.37680006096054
"TotalSleep"	655	1428812	3.33906543813243	3.23224247766219	3.30611579597879	3.37264389033015
"TotalSleep"	660	1428812	3.33576028913682	3.22862420659127	3.30293465844298	3.36920996904393
"TotalSleep"	666	1428812	3.33182702920851	3.22640661769454	3.29914837554197	3.3651241134816
"TotalSleep"	672	1428812	3.32792907201447	3.22197905750809	3.29539543382417	3.36107562257002
"TotalSleep"	678	1428812	3.32406578947276	3.21894292898873	3.29167524851249	3.35706382225694
"TotalSleep"	684	1428812	3.32023657011536	3.21438618654537	3.28798725011609	3.35308805652528
"TotalSleep"	690	1428812	3.31644081850734	3.21327909308125	3.28433088390145	3.34914768675629
"TotalSleep"	697	1428812	3.31205396825922	3.21083827384386	3.28010438259003	3.34459449657685
"TotalSleep"	703	1428812	3.30832876044209	3.20687832894386	3.27651471695392	3.34072870643031
"TotalSleep"	709	1428812	3.30463523443573	3.20325295460945	3.2729550185799	3.3368963979757
"TotalSleep"	715	1428812	3.30097285589221	3.20121335675211	3.26942478901234	3.3330969988239
"TotalSleep"	722	1428812	3.29673875358969	3.1969268173703	3.26534278531513	3.32870521671223
"TotalSleep"	728	1428812	3.29314209136126	3.19222691933893	3.26187475318424	3.3249752259499
"TotalSleep"	735	1428812	3.28898328889293	3.19040392734865	3.25786403495153	3.32066295471801
"TotalSleep"	741	1428812	3.28545002616198	3.18872065627048	3.25445603707926	3.31699989281333
"TotalSleep"	748	1428812	3.28136389202274	3.18361086613505	3.25051414655964	3.31276431698663
"TotalSleep"	755	1428812	3.2773158449076	3.17808838706161	3.24660834334698	3.30856892431752
"TotalSleep"	761	1428812	3.27387587063019	3.17357077616394	3.24328873559119	3.30500428539653
"TotalSleep"	768	1428812	3.26989670486998	3.17001218936725	3.2394482204849	3.30088153941176
"TotalSleep"	775	1428812	3.26595366692398	3.16450728361136	3.2356419606249	3.29679688288493
"TotalSleep"	782	1428812	3.262046106664	3.15841530551537	3.23186934771088	3.29274962146725
"TotalSleep"	789	1428812	3.25817339135428	3.15358989293817	3.22812978953763	3.28873907958461
"TotalSleep"	796	1428812	3.2543349050366	3.15167168467621	3.22442270943146	3.28476459976764
"TotalSleep"	803	1428812	3.25053004794229	3.14867681778939	3.22074754571104	3.28082554201139
"TotalSleep"	810	1428812	3.24675823592981	3.14681850447688	3.21710375117154	3.27692128316298
"TotalSleep"	817	1428812	3.24301889994652	3.14227440374791	3.21349079259067	3.2730512163359
"TotalSleep"	825	1428812	3.23878442903867	3.13798794874978	3.20939878930121	3.26866939293357
"TotalSleep"	832	1428812	3.23511283546367	3.13660099628963	3.20585017445048	3.2648706234484
"TotalSleep"	839	1428812	3.2314720220771	3.13500150121905	3.20233080558506	3.26110423840979
"TotalSleep"	847	1428812	3.22734812657425	3.1328243004642	3.19834386579666	3.25683875402443
"TotalSleep"	854	1428812	3.22377156356845	3.12898663731248	3.19488556523391	3.25313994577853
"TotalSleep"	862	1428812	3.21971980723516	3.12423401444932	3.19096720726671	3.24895031853858
"TotalSleep"	870	1428812	3.21570550268047	3.11827420510429	3.18708446637927	3.24480006005073
"TotalSleep"	877	1428812	3.21222316858939	3.1150948023143	3.18371577830495	3.24120030418063
"TotalSleep"	885	1428812	3.20827725177346	3.10878545632	3.17989809652184	3.23712191033163
"TotalSleep"	893	1428812	3.20436686423497	3.10679380230429	3.17611422576879	3.23308084003086
"TotalSleep"	901	1428812	3.20049137186365	3.10505400265455	3.17236357001431	3.22907641906367
"TotalSleep"	909	1428812	3.19665015737515	3.10394691407868	3.16864554888111	3.2251079912845
"TotalSleep"	917	1428812	3.19284261972097	3.09995147079768	3.1649595971019	3.22117491797759
"TotalSleep"	925	1428812	3.18906817352401	3.09577148365992	3.16130516399879	3.21727657724592
"TotalSleep"	934	1428812	3.18486076673411	3.09215563565985	3.15723093384463	3.21293170669631
"TotalSleep"	942	1428812	3.18115476466652	3.08769715200946	3.15364171322484	3.20910518119228
"TotalSleep"	950	1428812	3.17748011994617	3.08693887048448	3.15008237908038	3.20531154694508
"TotalSleep"	959	1428812	3.17338297180512	3.08532212609275	3.14611323532127	3.2010823289873
"TotalSleep"	967	1428812	3.16977323065463	3.08033051882324	3.14261577982765	3.19735675200443
"TotalSleep"	976	1428812	3.16574781528867	3.07680418140333	3.13871504011377	3.19320273662146
"TotalSleep"	985	1428812	3.16175936854507	3.07450948210476	3.13484956477727	3.18908746583631
"TotalSleep"	994	1428812	3.15780721757337	3.07145411672333	3.13101871948967	3.18501022632766
"TotalSleep"	1002	1428812	3.15432413538961	3.06820255634692	3.12764209638668	3.18141737958894
"TotalSleep"	1011	1428812	3.15043877116788	3.06070843726825	3.12387499234925	3.17741009906754
"TotalSleep"	1020	1428812	3.14658785890505	3.05890964949749	3.12014077921231	3.17343889609717
"TotalSleep"	1030	1428812	3.14234873806515	3.05504874010136	3.11602953461792	3.16906798199526
"TotalSleep"	1039	1428812	3.13856858814809	3.05160904294537	3.11236289893504	3.1651708570097
"TotalSleep"	1048	1428812	3.13482105738087	3.04915826786051	3.10872742403876	3.16130786899166
"TotalSleep"	1057	1428812	3.13110558763087	3.04598965887984	3.10512258279457	3.15747842729135
"TotalSleep"	1067	1428812	3.12701422923376	3.04398436813266	3.10115250744852	3.15326213707026
"TotalSleep"	1076	1428812	3.12336467429572	3.04157708230686	3.09761066541073	3.14950164333535
"TotalSleep"	1086	1428812	3.11934526122877	3.03853239382407	3.09370936689622	3.14536059410845
"TotalSleep"	1096	1428812	3.11536270712248	3.03253392970929	3.08984331476069	3.14125808069985
"TotalSleep"	1105	1428812	3.11180936881175	3.02865038314414	3.08639347957856	3.13759818117547
"TotalSleep"	1115	1428812	3.10789501620295	3.02469413217089	3.08259266438626	3.13356695119039
"TotalSleep"	1125	1428812	3.10401562924755	3.01951076333281	3.07882530473368	3.1295722563612
"TotalSleep"	1135	1428812	3.10017058879825	3.01547988745343	3.07509081469318	3.12561344275083
"TotalSleep"	1145	1428812	3.09635929200864	3.01054439771173	3.07138862362335	3.12168987379274
"TotalSleep"	1155	1428812	3.09258115176601	3.00733692830479	3.06771817564121	3.11780092968173
"TotalSleep"	1166	1428812	3.08846281116261	3.00393730161866	3.06371670010555	3.11356236289873
"TotalSleep"	1176	1428812	3.08475245555825	3.00105705525739	3.06011116602322	3.10974418478991
"TotalSleep"	1187	1428812	3.08070734646585	2.99851291881585	3.05617983424803	3.10558205571215
"TotalSleep"	1197	1428812	3.07706238606975	2.99439055463972	3.05263695008866	3.10183212292599
"TotalSleep"	1208	1428812	3.07308794959565	2.98961946885118	3.04877333694713	3.0977437327426
"TotalSleep"	1219	1428812	3.06914955549846	2.98589127014974	3.04494426953862	3.09369293808601
"TotalSleep"	1230	1428812	3.06524655594447	2.98137854679459	3.04114913345306	3.0896790561826
"TotalSleep"	1241	1428812	3.06137832041098	2.97810812608089	3.03738733055507	3.08570142265984
"TotalSleep"	1252	1428812	3.05754423507496	2.97264631436193	3.03365827841362	3.0817593908916
"TotalSleep"	1263	1428812	3.05374370222851	2.9687329569751	3.02996140975639	3.07785233137241
"TotalSleep"	1274	1428812	3.04997613971957	2.9655921552292	3.02629617194778	3.07397963111891
"TotalSleep"	1285	1428812	3.04624098041684	2.96226681518734	3.02266202648908	3.07014069309731
"TotalSleep"	1297	1428812	3.04220256791383	2.95815746089915	3.01873234850472	3.06599058334517
"TotalSleep"	1308	1428812	3.03853339147989	2.95348922787812	3.01516153384996	3.06222037705941
"TotalSleep"	1320	1428812	3.03456569446314	2.95040601007122	3.01129974141326	3.05814391556188
"TotalSleep"	1332	1428812	3.03063391824424	2.94760235642658	3.00747244169815	3.05410485447682
"TotalSleep"	1344	1428812	3.02673741825002	2.94577775647932	3.00367902197587	3.05010251600588
"TotalSleep"	1356	1428812	3.0228755671027	2.94182840084341	2.99991888572727	3.04613624058087
"TotalSleep"	1368	1428812	3.01904775401374	2.93968375108867	2.99619145207543	3.04220538621649
"TotalSleep"	1380	1428812	3.015253384204	2.93218920394799	2.99249615524296	3.03830932789149
"TotalSleep"	1392	1428812	3.01149187834914	2.9272833304602	2.98883244403262	3.0344474569568
"TotalSleep"	1405	1428812	3.00745334548161	2.92394604949741	2.98489844442763	3.03030165574502
"TotalSleep"	1417	1428812	3.00375851016275	2.92184417472334	2.98129882726043	3.02650912213358
"TotalSleep"	1430	1428812	2.9997909293252	2.91645796579246	2.97743304969201	3.02243709818722
"TotalSleep"	1443	1428812	2.99585926719144	2.91298566125106	2.9736018178859	3.01840241345815
"TotalSleep"	1455	1428812	2.99226136343613	2.91082639010058	2.97009542695642	3.01471064513531
"TotalSleep"	1468	1428812	2.98839697909955	2.90797801555202	2.9663289179124	3.01074588118018
"TotalSleep"	1482	1428812	2.98427343320313	2.90517263747493	2.96230933871248	3.00651572076318
"TotalSleep"	1495	1428812	2.9804791696439	2.90148779361966	2.95861031060374	3.00262380747077
"TotalSleep"	1508	1428812	2.97671776820701	2.89767265117125	2.95494291565299	2.99876602689676
"TotalSleep"	1522	1428812	2.97270313232502	2.89200358410549	2.95102817319631	2.99464898776157
"TotalSleep"	1535	1428812	2.96900819625136	2.88886860121449	2.94742477408118	2.99086022517435
"TotalSleep"	1549	1428812	2.9650638793264	2.88670857848644	2.94357774924117	2.98681619347411
"TotalSleep"	1563	1428812	2.96115506300309	2.88266903439266	2.93976492032107	2.98280901046419
"TotalSleep"	1577	1428812	2.95728111393528	2.87986058056817	2.93598568290736	2.97883801270954
"TotalSleep"	1591	1428812	2.95344141557582	2.87505909192472	2.93223944849476	2.97490255450566
"TotalSleep"	1605	1428812	2.94963536758768	2.87145211425711	2.92852564393227	2.9710020072529
"TotalSleep"	1619	1428812	2.94586238528061	2.8668316773425	2.92484371089312	2.96713575885819
"TotalSleep"	1634	1428812	2.94185595020775	2.86301639979813	2.92093353249579	2.96303073410561
"TotalSleep"	1648	1428812	2.93814966575316	2.860700359291	2.91731590418308	2.95923365436086
"TotalSleep"	1663	1428812	2.93421343504406	2.85697582658485	2.91347342218059	2.95520142297371
"TotalSleep"	1678	1428812	2.93031256017817	2.85384404628814	2.90966504125488	2.95120584246322
"TotalSleep"	1693	1428812	2.92644641166202	2.85010994349352	2.9058901596854	2.94724625449257
"TotalSleep"	1708	1428812	2.92261437666563	2.8459139767532	2.90214819156164	2.9433220182795
"TotalSleep"	1723	1428812	2.91881585843954	2.84074570772844	2.89843856623354	2.93943250997828
"TotalSleep"	1738	1428812	2.91505027575705	2.8379257206642	2.89476072778562	2.93557712208854
"TotalSleep"	1754	1428812	2.91106931880168	2.83415644641544	2.89087212624904	2.93150165020221
"TotalSleep"	1769	1428812	2.90737002486843	2.83119325808849	2.8872582796322	2.92771491989248
"TotalSleep"	1785	1428812	2.90345853672752	2.82440122048162	2.88343675024808	2.92371138818213
"TotalSleep"	1801	1428812	2.8995819633119	2.82037353498695	2.8796489388995	2.91974400493413
"TotalSleep"	1817	1428812	2.89573968682047	2.8157601294954	2.87589425411243	2.91581212504154
"TotalSleep"	1833	1428812	2.89193110570604	2.81130207676558	2.87217211986256	2.91191512048964
"TotalSleep"	1850	1428812	2.88792075336779	2.80634399454929	2.86825239058394	2.90781208244895
"TotalSleep"	1866	1428812	2.88417983564236	2.80279389873919	2.86459563582602	2.90398509478107
"TotalSleep"	1883	1428812	2.88024010414647	2.79959277405766	2.86074415411183	2.89995512285574
"TotalSleep"	1900	1428812	2.87633579112846	2.79620314404263	2.85692690844353	2.89596178746658
"TotalSleep"	1917	1428812	2.87246626542883	2.79358433478914	2.85314329386111	2.89200443030665
"TotalSleep"	1934	1428812	2.86863091261012	2.79104832499218	2.84939272132067	2.88808241063037
"TotalSleep"	1951	1428812	2.86482913437139	2.78639725178898	2.84567461714051	2.88419510463487
"TotalSleep"	1968	1428812	2.8610603479881	2.78297691558426	2.84198842247106	2.88034190486842
"TotalSleep"	1986	1428812	2.8571051976193	2.77798104030573	2.83811956816052	2.87629856361124
"TotalSleep"	2004	1428812	2.85318574225049	2.77460800339304	2.83428524803335	2.8722921122133
"TotalSleep"	2021	1428812	2.84951623424054	2.77189234967281	2.83069510293636	2.86854151431845
"TotalSleep"	2039	1428812	2.84566437323103	2.76939782525947	2.82692619322311	2.86460490484531
"TotalSleep"	2058	1428812	2.8416352451349	2.76541185836665	2.82298344599898	2.86048753297645
"TotalSleep"	2076	1428812	2.83785235130467	2.76053034082109	2.81928129453706	2.85662216338249
"TotalSleep"	2095	1428812	2.83389472432197	2.75724992196539	2.8154077684606	2.85257863811624
"TotalSleep"	2113	1428812	2.83017837139747	2.7531421177928	2.81177004540375	2.84878198236549
"TotalSleep"	2132	1428812	2.82628975203605	2.7501635152593	2.80796334564859	2.84480970814674
"TotalSleep"	2151	1428812	2.82243564212909	2.74593070817689	2.80419007163088	2.84087305775792
"TotalSleep"	2170	1428812	2.81861543455397	2.74313318626481	2.80044963993891	2.83697139956012
"TotalSleep"	2190	1428812	2.81463013949106	2.73971628915069	2.79654719959403	2.83290151829245
"TotalSleep"	2209	1428812	2.81087768542479	2.73476224737054	2.79287241687688	2.82906977700863
"TotalSleep"	2229	1428812	2.80696245059701	2.73153670074224	2.78903787011275	2.82507218296626
"TotalSleep"	2249	1428812	2.80308219711524	2.72896502543778	2.78523722998537	2.8211106747047
"TotalSleep"	2269	1428812	2.79923630541717	2.72362782139582	2.78146990060533	2.81718460820254
"TotalSleep"	2289	1428812	2.79542417225589	2.72009590103986	2.77773530167473	2.81329335650528
"TotalSleep"	2309	1428812	2.79164521013204	2.71707215357752	2.77403286794742	2.80943630912798
"TotalSleep"	2330	1428812	2.78771237423496	2.71360641094508	2.77017932794621	2.80542257140311
"TotalSleep"	2351	1428812	2.78381483349493	2.70902876869261	2.76636002218475	2.80144521844486
"TotalSleep"	2372	1428812	2.77995196003131	2.70603007893174	2.76257434625583	2.79750359813702
"TotalSleep"	2393	1428812	2.77612314257032	2.70438672434495	2.75882171163805	2.79359707571805
"TotalSleep"	2414	1428812	2.77232778586449	2.69988733381613	2.75510154514352	2.78972503317112
"TotalSleep"	2436	1428812	2.76838695511142	2.69542331123389	2.75123844373028	2.78570493388833
"TotalSleep"	2457	1428812	2.76465832054836	2.69319767550368	2.74758303290133	2.78190163207977
"TotalSleep"	2479	1428812	2.76078616577803	2.68945324695166	2.74378659220118	2.77795227722261
"TotalSleep"	2501	1428812	2.75694823013552	2.68560604277804	2.740023373023	2.77403816524485
"TotalSleep"	2524	1428812	2.7529717799495	2.68238162715841	2.73612399243841	2.76998314644203
"TotalSleep"	2546	1428812	2.74920198764585	2.67962935173807	2.73242694304211	2.76613920273527
"TotalSleep"	2569	1428812	2.74529551895885	2.67698729197045	2.72859552605726	2.7621562356235
"TotalSleep"	2592	1428812	2.74142387584365	2.67392643379878	2.72479793706273	2.75820911734209
"TotalSleep"	2615	1428812	2.73758644285353	2.66995979935308	2.72103358254141	2.75429720983708
"TotalSleep"	2638	1428812	2.73378262071345	2.66588416487493	2.7173018844786	2.75041989191921
"TotalSleep"	2662	1428812	2.72984861851043	2.66052868297072	2.71344214693813	2.74641021898763
"TotalSleep"	2686	1428812	2.72594993230769	2.65830833842691	2.70961673136304	2.74243688122034
"TotalSleep"	2710	1428812	2.72208593367079	2.65460078112221	2.70582503132242	2.73849922751169
"TotalSleep"	2734	1428812	2.71825601079163	2.65197372005378	2.70206645633547	2.73459662408198
"TotalSleep"	2758	1428812	2.71445956790698	2.64850517645529	2.69834043131661	2.73072845386855
"TotalSleep"	2783	1428812	2.71053991601246	2.64411765588256	2.69449316401852	2.72673507737181
"TotalSleep"	2807	1428812	2.70681004246351	2.64112900091876	2.69083187115018	2.72293535919443
"TotalSleep"	2833	1428812	2.70280517048377	2.63608543544833	2.68690031273155	2.71885582854522
"TotalSleep"	2858	1428812	2.69898884995188	2.63076929516906	2.68315354378216	2.71496868613901
"TotalSleep"	2883	1428812	2.69520577305247	2.62810683884515	2.67943911500308	2.71111571285984
"TotalSleep"	2909	1428812	2.69130602088482	2.6248047622509	2.67560981935009	2.70714422874908
"TotalSleep"	2935	1428812	2.68744097516961	2.61975980628799	2.6718142951317	2.70320840870736
"TotalSleep"	2961	1428812	2.68361002360119	2.61661555300505	2.66805195056476	2.69930761931114
"TotalSleep"	2988	1428812	2.67966717506301	2.6137561570529	2.66417940115134	2.69529321615572
"TotalSleep"	3014	1428812	2.67590389321527	2.61072757082445	2.66048292311672	2.69146194276334
"TotalSleep"	3041	1428812	2.67203008127051	2.60824826949804	2.65667757872461	2.6875184513505
"TotalSleep"	3068	1428812	2.66819051762016	2.60469632715579	2.65290557994955	2.68361013224196
"TotalSleep"	3096	1428812	2.66424428067028	2.60130150729568	2.64902847787475	2.67959354767389
"TotalSleep"	3123	1428812	2.66047264197303	2.59795883056911	2.64532262551789	2.67575497380204
"TotalSleep"	3151	1428812	2.65659560506806	2.59576855772027	2.64151291949811	2.67180943542504
"TotalSleep"	3179	1428812	2.65275287325273	2.59327762441779	2.63773663012207	2.66789911120562
"TotalSleep"	3207	1428812	2.64894384476595	2.58963279918939	2.63399317501926	2.66402337945192
"TotalSleep"	3236	1428812	2.64503368486098	2.58605011944057	2.6301500342916	2.66004505074809
"TotalSleep"	3265	1428812	2.64115841607872	2.58220457500304	2.62634089286589	2.65610252541119
"TotalSleep"	3294	1428812	2.63731742124167	2.5796233715127	2.62256515319239	2.65219516609649
"TotalSleep"	3323	1428812	2.63351009940443	2.57569671915197	2.61882223335376	2.64832235230994
"TotalSleep"	3353	1428812	2.62960630249557	2.57253823544762	2.61498418103575	2.64435170311662
"TotalSleep"	3383	1428812	2.62573728374954	2.56939450000453	2.61118003340832	2.64041672520547
"TotalSleep"	3413	1428812	2.62190242897039	2.5647052176645	2.60740919546944	2.63651678466845
"TotalSleep"	3443	1428812	2.61810114009024	2.5623667442315	2.60367108775963	2.63265126432923
"TotalSleep"	3474	1428812	2.61420778580883	2.55907675638909	2.59984216193358	2.62869241535208
"TotalSleep"	3505	1428812	2.61034902469964	2.55502668221175	2.59604697553976	2.62476903214909
"TotalSleep"	3536	1428812	2.6065242474392	2.55017769555832	2.59228493796648	2.62088048618887
"TotalSleep"	3568	1428812	2.60261110723252	2.54582614782228	2.5884357046702	2.61690239562172
"TotalSleep"	3600	1428812	2.59873291111914	2.54282990021538	2.58462056436992	2.61296011879655
"TotalSleep"	3632	1428812	2.59488904052179	2.53975484054067	2.58083891723561	2.60905301789845
"TotalSleep"	3664	1428812	2.59107889314418	2.53643994845991	2.57709017914496	2.60518047198393
"TotalSleep"	3697	1428812	2.58718437848567	2.53262871235252	2.57325815872103	2.60122246086425
"TotalSleep"	3730	1428812	2.58332447753126	2.52883742271327	2.56945992362039	2.5972999095643
"TotalSleep"	3763	1428812	2.5794985804173	2.52512841677231	2.56569488214174	2.59341218959149
"TotalSleep"	3797	1428812	2.57559168480527	2.52049954981664	2.56184985745633	2.58944244410485
"TotalSleep"	3831	1428812	2.57171962234351	2.51689076129346	2.55803884321423	2.58550837185271
"TotalSleep"	3865	1428812	2.56788177738528	2.51375518097824	2.55426124186327	2.58160933863515
"TotalSleep"	3899	1428812	2.56407755046251	2.50993752722869	2.55051647147743	2.57774472699941
"TotalSleep"	3934	1428812	2.56019593451405	2.50578416364212	2.54669525659222	2.57380177127177
"TotalSleep"	3969	1428812	2.55634870437755	2.50304545677831	2.54290762948508	2.56989401594674
"TotalSleep"	4004	1428812	2.55253525617602	2.49910380007297	2.53915300372012	2.56602083927202
"TotalSleep"	4040	1428812	2.54864747655201	2.49515277615044	2.53532493061614	2.56207243758339
"TotalSleep"	4076	1428812	2.54479419154563	2.49080823432178	2.53153056202604	2.55815933678954
"TotalSleep"	4113	1428812	2.54086917806117	2.48785881146079	2.52766529638078	2.55417366751902
"TotalSleep"	4149	1428812	2.53708399459185	2.48479930452194	2.5239374797132	2.55033024938425
"TotalSleep"	4186	1428812	2.53322774275439	2.48197590459323	2.52013941793203	2.54641493107544
"TotalSleep"	4224	1428812	2.52930259050054	2.47745274789009	2.51627323348043	2.54242992690016
"TotalSleep"	4261	1428812	2.52551451937692	2.47299815367118	2.51254182129342	2.53858435114013
"TotalSleep"	4299	1428812	2.52165815794493	2.46847510127041	2.50874288961168	2.5346697065549
"TotalSleep"	4338	1428812	2.51773560122027	2.46366381146579	2.50487849016202	2.53068813224171
"TotalSleep"	4376	1428812	2.51394740084179	2.46127800808512	2.50114620888613	2.52684318925708
"TotalSleep"	4415	1428812	2.51009356786391	2.45716461798055	2.49734901673694	2.52293188501684
"TotalSleep"	4455	1428812	2.50617612574787	2.45378688375706	2.49348889601902	2.51895628488018
"TotalSleep"	4494	1428812	2.50239034299254	2.44984872576298	2.4897582656289	2.51511454839272
"TotalSleep"	4534	1428812	2.49854146895325	2.44703627223932	2.48596521976161	2.5112090385883
"TotalSleep"	4575	1428812	2.49463145708838	2.44377230083492	2.48211167276244	2.50724174873132
"TotalSleep"	4616	1428812	2.49075633371606	2.44056621166512	2.47829226280183	2.5033101132662
"TotalSleep"	4657	1428812	2.48691548172826	2.43680497866199	2.4745063893146	2.4994134981605
"TotalSleep"	4698	1428812	2.48310830024664	2.43414392036871	2.4707534674597	2.49555128613038
"TotalSleep"	4740	1428812	2.47924256141572	2.42939052009357	2.46694258252614	2.49162991750652
"TotalSleep"	4783	1428812	2.47532011031987	2.42670708111418	2.46307554367624	2.48765127391303
"TotalSleep"	4825	1428812	2.47152277828092	2.42306578764325	2.45933162094051	2.4837997838909
"TotalSleep"	4868	1428812	2.46766912882713	2.42036500323105	2.45553193717494	2.47989141562775
"TotalSleep"	4912	1428812	2.46376094063641	2.41714494223997	2.45167823696684	2.47592798246873
"TotalSleep"	4955	1428812	2.45997525627211	2.41382693522876	2.44794510181243	2.47208902210275
"TotalSleep"	5000	1428812	2.45604851630299	2.40999792924591	2.44407263010603	2.46810726666196
"TotalSleep"	5044	1428812	2.45224306385494	2.40697880041845	2.44031953856058	2.46424873559887
"TotalSleep"	5089	1428812	2.44838531016578	2.40421287627479	2.43651463419938	2.46033741139536
"TotalSleep"	5135	1428812	2.44447693082565	2.40028609565507	2.43265956138398	2.45637500138283
"TotalSleep"	5180	1428812	2.44068725161407	2.3974408569751	2.42892134357415	2.45253316480968
"TotalSleep"	5227	1428812	2.43676413428733	2.39331129756818	2.42505126610673	2.44855629352676
"TotalSleep"	5273	1428812	2.43295850060768	2.38964118000659	2.42129685789869	2.44469874779925
"TotalSleep"	5320	1428812	2.42910427579293	2.38697258297777	2.41749428673482	2.44079218009543
"TotalSleep"	5368	1428812	2.42520303591092	2.38280353633795	2.41364510011892	2.43683819550228
"TotalSleep"	5415	1428812	2.42141673096956	2.37936224465749	2.40990909414252	2.43300092643442
"TotalSleep"	5464	1428812	2.41750414160651	2.37549514038367	2.40604825391563	2.42903590665332
"TotalSleep"	5512	1428812	2.41370527726956	2.37197398516733	2.40229941432006	2.42518636194177
"TotalSleep"	5562	1428812	2.40978314746155	2.3680339711662	2.39842870580069	2.42121213992764
"TotalSleep"	5611	1428812	2.40597352231478	2.36429112181608	2.39466880744892	2.41735214208806
"TotalSleep"	5661	1428812	2.40212029428849	2.36122330528831	2.39086565630126	2.41344818963022
"TotalSleep"	5712	1428812	2.3982249078886	2.35842377289125	2.38702067171874	2.40950175258852
"TotalSleep"	5763	1428812	2.3943641506215	2.35419568029896	2.38320964799463	2.40559062443804
"TotalSleep"	5814	1428812	2.39053741221753	2.35068461681341	2.37943198951924	2.40171417994695
"TotalSleep"	5866	1428812	2.38667004989325	2.34702206858782	2.37561401123876	2.3977968063533
"TotalSleep"	5918	1428812	2.38283682241808	2.34380114536787	2.37182951769149	2.39391422874765
"TotalSleep"	5971	1428812	2.37896438634072	2.34087327947776	2.36800609840711	2.38999215886938
"TotalSleep"	6024	1428812	2.37512617434137	2.33728843258605	2.36421625708605	2.38610497004125
"TotalSleep"	6078	1428812	2.37125012150383	2.3337160773769	2.36038883764789	2.38217967708975
"TotalSleep"	6132	1428812	2.36740835642044	2.33030107118409	2.35659506431493	2.37828932422751
"TotalSleep"	6187	1428812	2.36353007175721	2.32654225195713	2.35276501504193	2.37436220780348
"TotalSleep"	6242	1428812	2.35968611417058	2.32233192189582	2.34896865608988	2.37047006572165
"TotalSleep"	6298	1428812	2.35580691284905	2.31918331196828	2.34513727898102	2.36654245418854
"TotalSleep"	6354	1428812	2.35196205476118	2.31537632868227	2.34133961363545	2.362649827689
"TotalSleep"	6411	1428812	2.34808318449691	2.31252365670465	2.3375081446067	2.35872298056833
"TotalSleep"	6468	1428812	2.34423865163062	2.30909898544179	2.33371038714866	2.35483110681872
"TotalSleep"	6525	1428812	2.34042785355466	2.30532198607601	2.32994575232628	2.35097358989399
"TotalSleep"	6584	1428812	2.33651824911855	2.30117768089574	2.32608330028027	2.34701626811057
"TotalSleep"	6642	1428812	2.33270891203787	2.29836553757669	2.32231970476987	2.34316064386142
"TotalSleep"	6701	1428812	2.32886787749168	2.29524995281395	2.31852459189264	2.33927314233198
"TotalSleep"	6761	1428812	2.32499627189255	2.2926836622966	2.31469907059108	2.33535490763939
"TotalSleep"	6822	1428812	2.32109520555131	2.28846861445545	2.31084423413289	2.33140706736357
"TotalSleep"	6882	1428812	2.31729197480717	2.28508793840101	2.30708587654824	2.32755843773636
"TotalSleep"	6944	1428812	2.31339664918071	2.28083450591079	2.30323630962873	2.32361681969993
"TotalSleep"	7006	1428812	2.30953595161132	2.27673812071902	2.29942076411811	2.31971044581511
"TotalSleep"	7068	1428812	2.30570927185765	2.27234489791777	2.29563864308427	2.31583869228273
"TotalSleep"	7131	1428812	2.30185510480164	2.26848133995163	2.29182915895318	2.31193932810995
"TotalSleep"	7195	1428812	2.29797447209285	2.26510260507869	2.28799331827641	2.30801339023593
"TotalSleep"	7259	1428812	2.2941282078549	2.26255608008224	2.28419125446788	2.30412242148387
"TotalSleep"	7324	1428812	2.29025640312377	2.25935866182234	2.28036374856074	2.30020581498533
"TotalSleep"	7389	1428812	2.28641881136127	2.25520962381482	2.27656987185801	2.29632401406856
"TotalSleep"	7455	1428812	2.28255656993887	2.2511610193642	2.27275143382221	2.29241747637972
"TotalSleep"	7521	1428812	2.2787283734246	2.2478685445314	2.26896646487735	2.28854556806691
"TotalSleep"	7588	1428812	2.27487638493589	2.24437283899563	2.26515778282862	2.28464979018856
"TotalSleep"	7656	1428812	2.27100152819138	2.2409995931831	2.26132629839575	2.28073107961785
"TotalSleep"	7724	1428812	2.26716093813629	2.23732743692862	2.25752850867284	2.27684721619451
"TotalSleep"	7793	1428812	2.26329827807033	2.23350312800883	2.25370870651958	2.27294122666183
"TotalSleep"	7863	1428812	2.25941443056588	2.22925620741425	2.2498677623831	2.26901400585833
"TotalSleep"	7933	1428812	2.25556500824675	2.22592631378193	2.24606067635211	2.26512178561346
"TotalSleep"	8004	1428812	2.25169513974265	2.22193996103509	2.24223318238276	2.26120908259088
"TotalSleep"	8075	1428812	2.24785945014783	2.21827405787172	2.23843930923602	2.25733112465337
"TotalSleep"	8147	1428812	2.2440040271709	2.21397727076691	2.23462573421995	2.25343340350003
"TotalSleep"	8220	1428812	2.24012968922191	2.21047921896884	2.23079326491063	2.24951674849513
"TotalSleep"	8293	1428812	2.23628960882768	2.20716093749723	2.22699450111718	2.24563491097856
"TotalSleep"	8367	1428812	2.2324312736285	2.20338751160227	2.2231774974172	2.24173480556981
"TotalSleep"	8441	1428812	2.22860691480953	2.20022812774645	2.21939392737723	2.23786922695381
"TotalSleep"	8517	1428812	2.22471393826484	2.19638926960664	2.21554228947773	2.23393447689313
"TotalSleep"	8593	1428812	2.22085554820994	2.19286969020176	2.21172469044506	2.23003486863777
"TotalSleep"	8669	1428812	2.21703113549714	2.18946909111517	2.20794053313965	2.22616978082957
"TotalSleep"	8747	1428812	2.21314078854248	2.1862662680397	2.2040909562121	2.22223824069904
"TotalSleep"	8825	1428812	2.20928498157608	2.18254503591621	2.20027537955995	2.21834178774985
"TotalSleep"	8903	1428812	2.20546310667291	2.17834500503334	2.19649320708509	2.21447980203343
"TotalSleep"	8983	1428812	2.20157786314252	2.17371199160503	2.19264814764261	2.21055396292613
"TotalSleep"	9063	1428812	2.19772706944015	2.16955440904529	2.18883700677944	2.20666311216027
"TotalSleep"	9144	1428812	2.19386261979231	2.16653987523084	2.18501217627385	2.20275864129945
"TotalSleep"	9225	1428812	2.19003225382235	2.16355814693967	2.18122090845064	2.19888878217295
"TotalSleep"	9307	1428812	2.18618870733736	2.15893161689306	2.17741642372205	2.19500578104875
"TotalSleep"	9390	1428812	2.18233262274058	2.15532591417868	2.17359935700122	2.19111028789001
"TotalSleep"	9474	1428812	2.17846462956575	2.15098742868246	2.16977033058133	2.18720293953701
"TotalSleep"	9559	1428812	2.1745853445292	2.14692387074562	2.16592995418403	2.18328435976299
"TotalSleep"	9644	1428812	2.17074040420203	2.1437576227131	2.16212340893239	2.17940064506821
"TotalSleep"	9730	1428812	2.16688456661524	2.14050864410216	2.15830590693112	2.17550609488598
"TotalSleep"	9817	1428812	2.16301841809908	2.13717061208292	2.15447802803794	2.17160130207438
"TotalSleep"	9904	1428812	2.1591863831027	2.13370143440083	2.15068375924667	2.16773113278304
"TotalSleep"	9993	1428812	2.15530093208706	2.12956917163884	2.14683643314523	2.16380718693363
"TotalSleep"	10082	1428812	2.15144993456274	2.12598926162241	2.14302305655821	2.1599182050836
"TotalSleep"	10172	1428812	2.14759008558651	2.12305912997541	2.13920074998193	2.15602045270265
"TotalSleep"	10262	1428812	2.14376423953897	2.11918355052807	2.13541195330576	2.15215720261129
"TotalSleep"	10354	1428812	2.13988790118428	2.11491029887818	2.13157298921867	2.14824313380794
"TotalSleep"	10446	1428812	2.136045855613	2.11151441669865	2.12776782503489	2.14436385694217
"TotalSleep"	10539	1428812	2.13219628915617	2.10705712488934	2.12395505088271	2.14047715067946
"TotalSleep"	10633	1428812	2.12833969763314	2.10332059396474	2.12013515764218	2.1365835158134
"TotalSleep"	10728	1428812	2.12447656581449	2.09899691823769	2.11630862533504	2.13268344189573
"TotalSleep"	10824	1428812	2.12060736753759	2.09555820599678	2.11247592323633	2.128777407356
"TotalSleep"	10920	1428812	2.11677233638422	2.09195593337588	2.10867690787438	2.12490602630621
"TotalSleep"	11018	1428812	2.11289202983725	2.08848338081714	2.10483288281875	2.1209891032078
"TotalSleep"	11116	1428812	2.10904608600966	2.08486778951697	2.10102274158102	2.11710702763825
"TotalSleep"	11215	1428812	2.10519517374682	2.08148895346253	2.09720752164843	2.11322009637529
"TotalSleep"	11315	1428812	2.10133972224758	2.07784307701094	2.09338764835507	2.10932874250397
"TotalSleep"	11416	1428812	2.0974801506362	2.07394889595246	2.08956353712361	2.10543338886956
"TotalSleep"	11518	1428812	2.09361686809449	2.07010565440915	2.08573559359362	2.1015344482135
"TotalSleep"	11620	1428812	2.08978764873709	2.06591634651367	2.08194124885007	2.09767004074187
"TotalSleep"	11724	1428812	2.08591780124799	2.06226351128054	2.07810649211819	2.09376478846466
"TotalSleep"	11829	1428812	2.08204541480772	2.05908177932028	2.07426906530185	2.08985713095195
"TotalSleep"	11934	1428812	2.07820725157196	2.05474763112777	2.07046540123175	2.0859841625826
"TotalSleep"	12040	1428812	2.07436663795703	2.05085600056694	2.06665915850949	2.08210887460633
"TotalSleep"	12148	1428812	2.07048818128416	2.04761686776771	2.06281525949865	2.07819555652383
"TotalSleep"	12256	1428812	2.06664405471945	2.0443829545434	2.05900523475184	2.07431702974697
"TotalSleep"	12365	1428812	2.06279853011982	2.04134917103116	2.05519367566175	2.07043724376589
"TotalSleep"	12476	1428812	2.05891712848014	2.03726566939028	2.05134640625765	2.06652141390307
"TotalSleep"	12587	1428812	2.05507010887233	2.03376109007146	2.04753306834119	2.06264042183687
"TotalSleep"	12699	1428812	2.05122266571654	2.02986195150862	2.04371916367849	2.05875915195349
"TotalSleep"	12812	1428812	2.04737510809691	2.02630931448383	2.03990499927831	2.05487791541354
"TotalSleep"	12927	1428812	2.04349413849697	2.02313669215596	2.03605756535559	2.05096312450722
"TotalSleep"	13042	1428812	2.03964754330905	2.01956164232925	2.03224406325994	2.04708315563509
"TotalSleep"	13158	1428812	2.03580171032989	2.01607391416429	2.02843117259506	2.04320410227873
"TotalSleep"	13276	1428812	2.03192420196614	2.01284070776088	2.02458673252272	2.03929324775214
"TotalSleep"	13394	1428812	2.02808100699886	2.00915476364869	2.02077616984305	2.03541714752196
"TotalSleep"	13513	1428812	2.02423938205784	2.00514943723963	2.0169670218445	2.03154277517806
"TotalSleep"	13634	1428812	2.02036772654048	2.00159461319306	2.01312795412922	2.02763826169373
"TotalSleep"	13756	1428812	2.01649870779446	1.99767407815792	2.00929135820077	2.02373655254444
"TotalSleep"	13878	1428812	2.01266385301531	1.99381216646084	2.00548849970968	2.01986943859624
"TotalSleep"	14002	1428812	2.00880052428192	1.98998429388479	2.00165726429611	2.01597375404686
"TotalSleep"	14127	1428812	2.0049405152084	1.98628242984145	1.99782918071012	2.01208155953682
"TotalSleep"	14253	1428812	2.00108403934303	1.98296666070122	1.99400446172925	2.00819306937286
"TotalSleep"	14380	1428812	1.9972313038775	1.97933630837775	1.99018331385082	2.00430849142807
"TotalSleep"	14508	1428812	1.99338250978264	1.97594966586998	1.98636593742518	2.00042802728028
"TotalSleep"	14638	1428812	1.98950818093878	1.97223057331026	1.98252309640283	1.99652195880565
"TotalSleep"	14768	1428812	1.98566810948939	1.96810297686429	1.97871409805269	1.99265056688105
"TotalSleep"	14900	1428812	1.98180339449179	1.9643341658686	1.97488051916825	1.98875446900538
"TotalSleep"	15033	1428812	1.97794387650167	1.96038365377192	1.97105195947084	1.98486374847116
"TotalSleep"	15167	1428812	1.97408971957481	1.95691686060962	1.96722858286074	1.98097856947189
"TotalSleep"	15302	1428812	1.97024108239824	1.95327077773351	1.96341054792663	1.97709909077474
"TotalSleep"	15438	1428812	1.96639811841546	1.94956610532549	1.95959800806869	1.97322546584808
"TotalSleep"	15576	1428812	1.96253309187384	1.94590427067629	1.95576344685677	1.96932973790231
"TotalSleep"	15715	1428812	1.95867452171813	1.94197276802909	1.95193515822535	1.96544065262856
"TotalSleep"	15855	1428812	1.95482253869299	1.93834776123993	1.94811327315578	1.96155834051373
"TotalSleep"	15996	1428812	1.95097726886622	1.93446136407841	1.94429791799704	1.95768292732323
"TotalSleep"	16139	1428812	1.94711192244952	1.93091678165671	1.9404625112774	1.95378741335138
"TotalSleep"	16283	1428812	1.94325400217308	1.92744498992828	1.93663434263924	1.94989951602947
"TotalSleep"	16428	1428812	1.93940361315665	1.92305023624233	1.93281351772888	1.94601933992739
"TotalSleep"	16575	1428812	1.93553465302935	1.91936629894406	1.9289741346176	1.94212058071133
"TotalSleep"	16723	1428812	1.93167388439453	1.91606401863262	1.92514275137223	1.9382302070478
"TotalSleep"	16872	1428812	1.92782139275118	1.9115024451367	1.92131945423798	1.93434830366454
"TotalSleep"	17022	1428812	1.92397725988531	1.90753902737151	1.91750432577482	1.93047495154865
"TotalSleep"	17174	1428812	1.9201162745931	1.90378541465359	1.91367234514662	1.92658474770896
"TotalSleep"	17327	1428812	1.91626424610918	1.89990183602728	1.90984912787729	1.92270369650955
"TotalSleep"	17482	1428812	1.91239639448663	1.89569046675681	1.90601007958899	1.91880683106216
"TotalSleep"	17637	1428812	1.90856268631316	1.89203406625899	1.90220479622554	1.91494449128783
"TotalSleep"	17795	1428812	1.9046892995617	1.88854928802968	1.89836000339949	1.91104230352547
"TotalSleep"	17953	1428812	1.90085015362	1.88501225699162	1.89454907510318	1.90717473649793
"TotalSleep"	18114	1428812	1.89697271359071	1.88121628304236	1.89070000993062	1.90326871795949
"TotalSleep"	18275	1428812	1.89312958575382	1.8776759712857	1.88688488319133	1.89939738896091
"TotalSleep"	18438	1428812	1.88927305569697	1.87417078750618	1.88305632966945	1.89551268337904
"TotalSleep"	18602	1428812	1.88542712246492	1.87063885264682	1.87923817472204	1.89163877517101
"TotalSleep"	18768	1428812	1.88156866448078	1.86694035724609	1.8754074642255	1.88775237410994
"TotalSleep"	18936	1428812	1.87769831167886	1.8634633336717	1.8715648229756	1.88385411530163
"TotalSleep"	19105	1428812	1.87383941313361	1.86035385860888	1.86773343338898	1.87996751563644
"TotalSleep"	19275	1428812	1.86999196818765	1.85638260479596	1.86391329642023	1.87609257281456
"TotalSleep"	19447	1428812	1.86613364106785	1.85239786763003	1.86008223538907	1.87220679085228
"TotalSleep"	19620	1428812	1.86228715376365	1.84859030804966	1.85626281228636	1.86833305283372
"TotalSleep"	19795	1428812	1.85843055287205	1.84448785083524	1.85243322878333	1.86444924920135
"TotalSleep"	19972	1428812	1.8545644043559	1.84049597052923	1.84859404650408	1.86055595028193
"TotalSleep"	20150	1428812	1.85071081521379	1.83661795450414	1.84476721891509	1.85667541764284
"TotalSleep"	20329	1428812	1.84686975493387	1.83285109781037	1.8409527173771	1.85280761886809
"TotalSleep"	20511	1428812	1.84299884139613	1.82933059134331	1.83710845255555	1.84890987706538
"TotalSleep"	20694	1428812	1.83914113764134	1.82552151668492	1.83327719079881	1.84502555396157
"TotalSleep"	20878	1428812	1.83529659666257	1.82220098276436	1.82945888712138	1.84115460049595
"TotalSleep"	21064	1428812	1.83144455197067	1.81815069769174	1.8256330168382	1.83727620741634
"TotalSleep"	21252	1428812	1.82758549963373	1.81435870247155	1.82180007251262	1.83339087431299
"TotalSleep"	21442	1428812	1.82371992465259	1.81093661075327	1.81796053577598	1.82949908957243
"TotalSleep"	21633	1428812	1.81986837663213	1.80700348172345	1.81413481865109	1.82562154127539
"TotalSleep"	21826	1428812	1.8160108872829	1.80323814746568	1.81030308762904	1.82173812545562
"TotalSleep"	22020	1428812	1.81216763585969	1.79994333402779	1.80648538808006	1.81786915611407
"TotalSleep"	22217	1428812	1.80829944802433	1.79610808181924	1.80264280615322	1.81397519672584
"TotalSleep"	22415	1428812	1.80444603351148	1.79272926747673	1.79881478877843	1.81009622152359
"TotalSleep"	22615	1428812	1.80058809895546	1.78906913673872	1.79498217068893	1.80621280820511
"TotalSleep"	22817	1428812	1.79672606362874	1.7854634445436	1.7911453685312	1.80232537867854
"TotalSleep"	23020	1428812	1.79287920280967	1.78190584032316	1.78732353260995	1.79845333398073
"TotalSleep"	23225	1428812	1.78902871617391	1.77849447861736	1.78349798588147	1.79457774971085
"TotalSleep"	23432	1428812	1.78517499756817	1.77506054301898	1.77966911983777	1.7906990220778
"TotalSleep"	23641	1428812	1.78131843132164	1.77092510955481	1.7758373165587	1.78681753766667
"TotalSleep"	23852	1428812	1.77745939238361	1.76726556100589	1.77200294884697	1.78293367357906
"TotalSleep"	24065	1428812	1.773598246463	1.76349800747669	1.76816638036508	1.77904779757513
"TotalSleep"	24279	1428812	1.76975323782877	1.759146353093	1.76434574031301	1.77517826969474
"TotalSleep"	24496	1428812	1.76588878035546	1.75524059765842	1.76050566844147	1.77128927653163
"TotalSleep"	24714	1428812	1.76204083317415	1.7513035120191	1.75668189732432	1.76741700516041
"TotalSleep"	24935	1428812	1.75817442508396	1.74716880560448	1.75283967587459	1.76352626290937
"TotalSleep"	25157	1428812	1.75432487102268	1.7434770809556	1.74901409851962	1.75965258656341
"TotalSleep"	25381	1428812	1.75047491550394	1.73953267780366	1.74518801838513	1.75577861135172
"TotalSleep"	25608	1428812	1.74660790763012	1.73604690567655	1.7413448875955	1.75188758272789
"TotalSleep"	25836	1428812	1.74275821806148	1.73204255762925	1.73751886506285	1.74801408436584
"TotalSleep"	26067	1428812	1.73889236750683	1.7283140241813	1.73367667783121	1.74412442939453
"TotalSleep"	26299	1428812	1.73504411088309	1.72468173366467	1.72985187471747	1.74025258005108
"TotalSleep"	26534	1428812	1.73118054802935	1.72072327509618	1.72601175662533	1.73636543390773
"TotalSleep"	26770	1428812	1.72733482949715	1.71676889742105	1.72218927349931	1.73249634329956
"TotalSleep"	27009	1428812	1.72347462403991	1.71304305518987	1.71835229002285	1.72861277988856
"TotalSleep"	27250	1428812	1.71961655118574	1.70909988981772	1.7145173257146	1.72473146379282
"TotalSleep"	27493	1428812	1.71576085529294	1.70556463850238	1.71068462409761	1.72085264020169
"TotalSleep"	27738	1428812	1.71190777377914	1.70164916228084	1.70685442181701	1.71697654730074
"TotalSleep"	27985	1428812	1.70805753726121	1.69810228280479	1.7030269487779	1.71310341641356
"TotalSleep"	28235	1428812	1.70419498772596	1.69448311420124	1.69918713666644	1.70921799930633
"TotalSleep"	28487	1428812	1.70033599618767	1.69090664562223	1.69535076317891	1.70533626083973
"TotalSleep"	28741	1428812	1.69648076971118	1.68713745622603	1.69151803488911	1.70145840856316
"TotalSleep"	28997	1428812	1.69262950913473	1.68319543595639	1.68768915219657	1.69758464374673
"TotalSleep"	29255	1428812	1.68878240920438	1.67941340878986	1.68386430945918	1.69371516151757
"TotalSleep"	29516	1428812	1.68492494434183	1.67599138061745	1.68002906533779	1.68983535157871
"TotalSleep"	29780	1428812	1.68105768737819	1.67245103949016	1.67618398904383	1.68594579039828
"TotalSleep"	30045	1428812	1.67721010813035	1.66892716760123	1.67235838217155	1.68207611694331
"TotalSleep"	30313	1428812	1.67335333307287	1.6650117522809	1.66852353690432	1.67819729105124
"TotalSleep"	30583	1428812	1.66950210461307	1.66109549783516	1.66469411211646	1.67432413911712
"TotalSleep"	30856	1428812	1.66564250065799	1.65723396748602	1.66085626485808	1.6704426594635
"TotalSleep"	31131	1428812	1.66178899289509	1.65321881109099	1.65702438558087	1.66656740545142
"TotalSleep"	31409	1428812	1.65792789306254	1.6494070097045	1.65318486322073	1.66268461119433
"TotalSleep"	31689	1428812	1.65407340701227	1.64593960493494	1.64935182462758	1.6588085619676
"TotalSleep"	31972	1428812	1.65021207656857	1.64224805234186	1.64551188692368	1.6549257238845
"TotalSleep"	32257	1428812	1.64635784664665	1.63933843746047	1.6416789181935	1.65105011909674
"TotalSleep"	32544	1428812	1.64251083024795	1.63573800510269	1.63785303174311	1.64718186028992
"TotalSleep"	32834	1428812	1.63865790870633	1.63184332996503	1.63402118142129	1.6433077558901
"TotalSleep"	33127	1428812	1.63479953635438	1.62866609835586	1.63018381908547	1.6394282627138
"TotalSleep"	33423	1428812	1.63093615705856	1.62549544040089	1.62634138622763	1.63554382700996
"TotalSleep"	33721	1428812	1.62708108339773	1.6214022605467	1.62250712377491	1.63166783337816
"TotalSleep"	34021	1428812	1.62323439686067	1.61745167724127	1.61868111376755	1.62780036274322
"TotalSleep"	34325	1428812	1.6193708693689	1.61374009596543	1.61483826384343	1.62391605059946
"TotalSleep"	34631	1428812	1.61551632702004	1.60996973230336	1.61100426201053	1.62004086184441
"TotalSleep"	34940	1428812	1.61165840327769	1.60563063278298	1.60716680822971	1.6161623630943
"TotalSleep"	35251	1428812	1.60780980753006	1.60194014258932	1.60333854505799	1.61229333090415
"TotalSleep"	35566	1428812	1.60394617038391	1.59806209387462	1.59949523205263	1.60840926626639
"TotalSleep"	35883	1428812	1.60009239549494	1.59426614130738	1.59566164208775	1.60453520427817
"TotalSleep"	36203	1428812	1.59623652680881	1.59028323286182	1.59182588239115	1.60065912527522
"TotalSleep"	36526	1428812	1.59237891928612	1.58639181193025	1.58798830633697	1.59678138580726
"TotalSleep"	36851	1428812	1.5885317041303	1.58305841964538	1.58416098281682	1.59291417969466
"TotalSleep"	37180	1428812	1.58467154405404	1.57914851464821	1.58032069551181	1.58903404807218
"TotalSleep"	37512	1428812	1.58081065806769	1.5753813054011	1.57647960046079	1.58515327323125
"TotalSleep"	37846	1428812	1.57696084167857	1.57176960688777	1.57264943343768	1.58128371070054
"TotalSleep"	38184	1428812	1.57309935456293	1.56807523250702	1.56880757055141	1.57740250314453
"TotalSleep"	38524	1428812	1.56924935154193	1.56441042691339	1.56497704932668	1.57353292325024
"TotalSleep"	38868	1428812	1.56538848178444	1.56044784550882	1.56113563243551	1.56965250612371
"TotalSleep"	39214	1428812	1.56153948204546	1.55636938726789	1.55730594248714	1.5657841032145
"TotalSleep"	39564	1428812	1.55768038436884	1.55283886656542	1.55346612217205	1.56190563537892
"TotalSleep"	39917	1428812	1.55382263499418	1.54953072015589	1.54962756064786	1.55802860620926
"TotalSleep"	40273	1428812	1.54996649883307	1.54537920230319	1.54579052198031	1.5541532814611
"TotalSleep"	40632	1428812	1.54611223347355	1.54170519023513	1.54195526296765	1.55027991951006
"TotalSleep"	40994	1428812	1.542260089322	1.53781171212984	1.53812203328086	1.54640877149546
"TotalSleep"	41360	1428812	1.53839980914012	1.53409095975027	1.53428062622687	1.54252952939053
"TotalSleep"	41728	1428812	1.53455272320825	1.5304312736351	1.53045226832927	1.53866362771446
"TotalSleep"	42101	1428812	1.53068783532246	1.52607530658384	1.52660611450144	1.53477991843378
"TotalSleep"	42476	1428812	1.5268365891541	1.52205436867473	1.52277345623582	1.53090999810373
"TotalSleep"	42855	1428812	1.52297865663265	1.51818773354456	1.51893406415688	1.52703343949456
"TotalSleep"	43237	1428812	1.51912455850686	1.51461364881809	1.51509840872778	1.5231608138683
"TotalSleep"	43623	1428812	1.51526453770104	1.51090112129715	1.51125677986088	1.51928231694045
"TotalSleep"	44012	1428812	1.51140891857892	1.50695482952694	1.50741945304125	1.51540832217233
"TotalSleep"	44404	1428812	1.50755788532849	1.50346748413527	1.50358661221633	1.51153901398731
"TotalSleep"	44800	1428812	1.50370192208474	1.49988982385437	1.49974878682123	1.50766483101002
"TotalSleep"	45199	1428812	1.49985106687447	1.49641766489148	1.49591596802594	1.50379585833071
"TotalSleep"	45603	1428812	1.49598643700294	1.49291899627265	1.49206936167158	1.49991312431738
"TotalSleep"	46009	1428812	1.49213701468382	1.48921244240842	1.48823781520275	1.49604574655065
"TotalSleep"	46419	1428812	1.48828398676937	1.48525042035627	1.48440260353354	1.49217482342246
"TotalSleep"	46833	1428812	1.48442774722634	1.48163874805035	1.48056411895615	1.48830075057784
"TotalSleep"	47251	1428812	1.48056868048943	1.47812345898511	1.47672274430558	1.48442391405445
"TotalSleep"	47672	1428812	1.47671627165323	1.47426993750488	1.47288792165145	1.48055384215569
"TotalSleep"	48098	1428812	1.47285258571026	1.47010659379506	1.46904179807057	1.47667251742701
"TotalSleep"	48526	1428812	1.46900507002584	1.46626097873061	1.46521169665282	1.47280751204476
"TotalSleep"	48959	1428812	1.46514698567627	1.46241762845319	1.46137100000363	1.46893196502452
"TotalSleep"	49396	1428812	1.46128770313577	1.45871038226082	1.45752903636756	1.46505528924937
"TotalSleep"	49836	1428812	1.45743626912011	1.45491813166825	1.45369481239374	1.4611865716684
"TotalSleep"	50281	1428812	1.45357550126699	1.4512556742911	1.44985122279549	1.45730855251025
"TotalSleep"	50729	1428812	1.44972306824239	1.44742546534991	1.44601585793155	1.45343897907694
"TotalSleep"	51181	1428812	1.44587056467436	1.44351055157357	1.44218035023997	1.44956940802117
"TotalSleep"	51638	1428812	1.44200988103456	1.43963180856312	1.43833662607029	1.44569169378233
"TotalSleep"	52098	1428812	1.43815820568618	1.43578147774825	1.43450179863551	1.44182310018471
"TotalSleep"	52563	1428812	1.43429907587722	1.43183935978664	1.43065947757026	1.43794709178307
"TotalSleep"	53032	1428812	1.43044117767455	1.42799203883973	1.42681831126572	1.43407239247325
"TotalSleep"	53504	1428812	1.42659289613876	1.42434000106941	1.42298664904529	1.43020742319538
"TotalSleep"	53982	1428812	1.42273014076106	1.42090267344736	1.41914050463216	1.42632798877608
"TotalSleep"	54463	1428812	1.41887751607539	1.4171948774519	1.4153043769602	1.42245879977864
"TotalSleep"	54949	1428812	1.4150192475939	1.41343407304391	1.41146255953644	1.41858401343842
"TotalSleep"	55439	1428812	1.41116361796624	1.40940780587098	1.4076232999363	1.41471194761818
"TotalSleep"	55933	1428812	1.40731085771277	1.40538317731377	1.40378682817267	1.41084283334318
"TotalSleep"	56432	1428812	1.40345349465799	1.40182472351234	1.3999457039346	1.40696916644153
"TotalSleep"	56935	1428812	1.39959957799997	1.39775872856543	1.39610794282268	1.40309902983962
"TotalSleep"	57443	1428812	1.39574175610359	1.39391758396033	1.39226622432588	1.39922504065039
"TotalSleep"	57955	1428812	1.39188792569469	1.39001522135592	1.38842841252641	1.39535512836909
"TotalSleep"	58472	1428812	1.38803085385531	1.38632622236481	1.38458730490585	1.39148202955428
"TotalSleep"	58993	1428812	1.38417828781194	1.38251632948442	1.3807506169726	1.38761352327141
"TotalSleep"	59519	1428812	1.38032311154072	1.37889541390157	1.37691126239359	1.38374246368576
"TotalSleep"	60050	1428812	1.37646569340259	1.37494490873884	1.37306960820305	1.37986922048707
"TotalSleep"	60586	1428812	1.37260639263335	1.37097389111317	1.36922601237237	1.37599415417724
"TotalSleep"	61126	1428812	1.36875266439096	1.36718448671929	1.36538790012652	1.37212474995877
"TotalSleep"	61671	1428812	1.36489761949089	1.36312211585867	1.36154841061473	1.36825409020055
"TotalSleep"	62221	1428812	1.36104159226953	1.3590199573	1.35770787707193	1.36438251034133
"TotalSleep"	62776	1428812	1.35718490851236	1.35538812123427	1.35386662423831	1.3605103372126
"TotalSleep"	63336	1428812	1.35332788559737	1.35162144650445	1.35002496850108	1.35663788918348
"TotalSleep"	63900	1428812	1.34947762910948	1.34768112143307	1.34618998759995	1.35277229978502
"TotalSleep"	64470	1428812	1.34562078701165	1.34384140361635	1.34234838277714	1.34890016349756
"TotalSleep"	65045	1428812	1.34176450942268	1.34007809807066	1.33850727605293	1.34502865864065
"TotalSleep"	65625	1428812	1.33790908152813	1.33638575374204	1.33466695182552	1.34115807118664
"TotalSleep"	66210	1428812	1.33405478082465	1.33231641860052	1.33082768685142	1.33728867937157
"TotalSleep"	66801	1428812	1.33019537584862	1.3286521783453	1.32698327417502	1.33341422713065
"TotalSleep"	67396	1428812	1.32634418937427	1.32523803296119	1.32314698518854	1.32954808880497
"TotalSleep"	67997	1428812	1.32248853028071	1.32156630298223	1.31930617824995	1.32567752361061
"TotalSleep"	68604	1428812	1.31862881599596	1.31765813620653	1.31546126926509	1.32180295050095
"TotalSleep"	69216	1428812	1.31477172851207	1.31392438597101	1.31161891485272	1.31793107693007
"TotalSleep"	69833	1428812	1.31091749897919	1.3101390764345	1.30777934570343	1.31406213450564
"TotalSleep"	70456	1428812	1.30706018772122	1.30651400188881	1.30393664501845	1.31019016058922
"TotalSleep"	71084	1428812	1.30320628562504	1.30259540507321	1.30009727939492	1.30632167044092
"TotalSleep"	71718	1428812	1.29934994693453	1.29881726596317	1.29625542543681	1.30245079586203
"TotalSleep"	72357	1428812	1.29549753784427	1.29496720007536	1.2924174257479	1.29858392671811
"TotalSleep"	73002	1428812	1.29164330513121	1.29118153274001	1.28857754895865	1.2947152878526
"TotalSleep"	73653	1428812	1.28778759625498	1.28698012754716	1.28473614144081	1.29084522781412
"TotalSleep"	74310	1428812	1.28393074990414	1.28324230762536	1.28089354084858	1.28697408632656
"TotalSleep"	74973	1428812	1.28007309613891	1.27908939694298	1.2770500762598	1.28310219443312
"TotalSleep"	75641	1428812	1.27622069805663	1.27516482441969	1.27321178885384	1.27923563722144
"TotalSleep"	76316	1428812	1.27236233506408	1.27120808574622	1.26936749939992	1.27536315259105
"TotalSleep"	76997	1428812	1.26850410495366	1.26722921108169	1.26552328359346	1.27149086050453
"TotalSleep"	77683	1428812	1.26465189530754	1.26349593351277	1.26168500804856	1.26762466958011
"TotalSleep"	78376	1428812	1.26079476457056	1.25970206469213	1.25784177108865	1.2637535982461
"TotalSleep"	79075	1428812	1.25693863453233	1.25570232182722	1.25399947335893	1.25988358950535
"TotalSleep"	79780	1428812	1.25308377887944	1.25201210477114	1.25015838788937	1.2560149177004
"TotalSleep"	80491	1428812	1.2492304638196	1.24783857344558	1.24631878027226	1.2521478496534
"TotalSleep"	81209	1428812	1.24537360029654	1.24404972078303	1.24247557978175	1.24827727791431
"TotalSleep"	81933	1428812	1.24151888236388	1.24015771725981	1.23863446053963	1.24440891653193
"TotalSleep"	82664	1428812	1.23766129951185	1.23637736632677	1.23479042996619	1.24053773700479
"TotalSleep"	83401	1428812	1.23380643470533	1.2325717645156	1.23094905167788	1.236669341707
"TotalSleep"	84145	1428812	1.22994935489528	1.22907070553858	1.227105410163	1.23279877999239
"TotalSleep"	84895	1428812	1.22609553419367	1.22537064318494	1.22326496075044	1.22893154481428
"TotalSleep"	85652	1428812	1.22224011592645	1.22145950671542	1.2194228639183	1.2250627622884
"TotalSleep"	86416	1428812	1.21838344190227	1.21761338325689	1.21557946049719	1.2211927752023
"TotalSleep"	87187	1428812	1.21452584524943	1.21351122091354	1.21173508268605	1.21732191761424
"TotalSleep"	87964	1428812	1.2106725877433	1.20968808931825	1.2078949745649	1.21345546904859
"TotalSleep"	88749	1428812	1.20681406754253	1.20573089851675	1.20404956730098	1.20958379454837
"TotalSleep"	89540	1428812	1.20296042412084	1.20176935255945	1.20020896616173	1.2057170678991
"TotalSleep"	90338	1428812	1.19910702129314	1.19756426678508	1.19636855101945	1.20185063680505
"TotalSleep"	91144	1428812	1.19524938711751	1.19362531573882	1.19252386517952	1.1979800140273
"TotalSleep"	91957	1428812	1.19139265599584	1.18982530214697	1.18868002599809	1.19411035106435
"TotalSleep"	92777	1428812	1.18753710431736	1.18576439415855	1.18483730924018	1.19024192492908
"TotalSleep"	93604	1428812	1.18368300094063	1.18185859742143	1.18099598317878	1.18637500506488
"TotalSleep"	94439	1428812	1.17982600861015	1.17814729104425	1.17715172516235	1.18250523956532
"TotalSleep"	95281	1428812	1.17597106150721	1.17416444925419	1.17330945331754	1.17863757871312
"TotalSleep"	96131	1428812	1.17211388782149	1.17044408787655	1.16946491012889	1.17476773635739
"TotalSleep"	96988	1428812	1.16825932414306	1.16679230791352	1.16562291660804	1.17090056471146
"TotalSleep"	97853	1428812	1.16440316324251	1.16283154068304	1.16177927951681	1.16703184251029
"TotalSleep"	98725	1428812	1.16055014613243	1.15883394003368	1.15793872475054	1.16316632592671
"TotalSleep"	99606	1428812	1.15669176913263	1.15497827843574	1.15409277633827	1.15929548348665
"TotalSleep"	100494	1428812	1.15283711686891	1.15125866381364	1.15025048985766	1.15542842894815
"TotalSleep"	101390	1428812	1.14898210767253	1.14728645290094	1.14640779704735	1.15156106719316
"TotalSleep"	102294	1428812	1.14512705065229	1.14339253575725	1.14256500626633	1.14769370808035
"TotalSleep"	103207	1428812	1.1412680387703	1.1397009319212	1.13871822307531	1.14382243193462
"TotalSleep"	104127	1428812	1.13741381830635	1.13595550208749	1.13487616629862	1.13995601256891
"TotalSleep"	105055	1428812	1.13356042891396	1.13238286248832	1.13103488844025	1.13609047674664
"TotalSleep"	105992	1428812	1.12970405065172	1.12860455437725	1.12719058176574	1.13222199228232
"TotalSleep"	106937	1428812	1.12584912335215	1.12483972875289	1.12334767242139	1.12835501273204
"TotalSleep"	107891	1428812	1.12199188325395	1.12099075855562	1.1195024086038	1.12448576234053
"TotalSleep"	108853	1428812	1.1181366811475	1.11727173863636	1.11565912782897	1.1206186052082
"TotalSleep"	109824	1428812	1.11427980875652	1.11356511627936	1.11181413353346	1.1167498213109
"TotalSleep"	110803	1428812	1.11042552967412	1.10982666114993	1.10797167643476	1.1128836871515
"TotalSleep"	111791	1428812	1.10657019041405	1.10599758457272	1.10412811451831	1.10901653773792
"TotalSleep"	112788	1428812	1.10271411864349	1.10207120635151	1.10028377465302	1.10514870153602
"TotalSleep"	113794	1428812	1.09885763359244	1.09848065280137	1.09643897531176	1.1012804985332
"TotalSleep"	114809	1428812	1.09500104619732	1.0945214593397	1.09259402671376	1.09741224038315
"TotalSleep"	115833	1428812	1.09114465924471	1.09061301480682	1.08874923096734	1.09354423055072
"TotalSleep"	116865	1428812	1.08729248372182	1.0867786750906	1.0849085873168	1.089680491796
"TotalSleep"	117908	1428812	1.08343365792736	1.08300996296987	1.08106126676414	1.08581012962374
"TotalSleep"	118959	1428812	1.07957960968074	1.07890477534048	1.0772186632534	1.08194460581874
"TotalSleep"	120020	1428812	1.07572327585169	1.07518851240413	1.07337373490365	1.07807683594214
"TotalSleep"	121090	1428812	1.07186860309963	1.07141009015193	1.06953041691984	1.07421077813681
"TotalSleep"	122170	1428812	1.06801229256448	1.06750594166233	1.06568542038845	1.07034312356779
"TotalSleep"	123259	1428812	1.06415821075911	1.06376481806798	1.06184260071654	1.06647774988145
"TotalSleep"	124359	1428812	1.0602996140338	1.06007010898192	1.05799523414714	1.06260789348114
"TotalSleep"	125467	1428812	1.05644730588956	1.05624093194435	1.05415409299561	1.0587443891337
"TotalSleep"	126586	1428812	1.05259112765573	1.05251873380269	1.05030904830665	1.05487704837349
"TotalSleep"	127715	1428812	1.04873488155614	1.04864159282195	1.0464638914826	1.05100968427256
"TotalSleep"	128854	1428812	1.04487886939156	1.04483679777235	1.04261892368317	1.04714259927267
"TotalSleep"	130003	1428812	1.04102338497571	1.04107411673587	1.03877443811681	1.0432760877927
"TotalSleep"	131162	1428812	1.03716871427898	1.03750517751264	1.03493072018329	1.03941043637335
"TotalSleep"	132332	1428812	1.03331185369161	1.03358556900861	1.03108477500564	1.03554263264824
"TotalSleep"	133512	1428812	1.02945641379471	1.02995174574638	1.02724020315442	1.03167629723288
"TotalSleep"	134703	1428812	1.02559943296861	1.02605053663896	1.02339405157665	1.02780845991763
"TotalSleep"	135904	1428812	1.02174444751031	1.02230336752182	1.01954984686747	1.02394266672415
"TotalSleep"	137116	1428812	1.01788853733709	1.01841694484148	1.01570467734694	1.02007598914429
"TotalSleep"	138339	1428812	1.01403202669241	1.01455196891827	1.011858866548	1.01620875213227
"TotalSleep"	139572	1428812	1.01017834305554	1.01071841503023	1.00801583269429	1.01234439244433
"TotalSleep"	140817	1428812	1.00632154331034	1.00694046834625	1.00416964930542	1.00847695028595
"TotalSleep"	142073	1428812	1.00246506636302	1.0032012280255	1.00032374599179	1.00460987388063
"TotalSleep"	143339	1428812	0.998612233640332	0.999388076085567	0.996481435352911	1.0007464935022
"TotalSleep"	144618	1428812	0.994754239396987	0.995747430793215	0.992633935881938	0.996877979106603
"TotalSleep"	145907	1428812	0.990900449276182	0.991787459980447	0.988790587943197	0.993013721675604
"TotalSleep"	147208	1428812	0.987045151805509	0.988078710406134	0.984945695796167	0.989147993965453
"TotalSleep"	148521	1428812	0.983188686393473	0.98407468871896	0.981099598103068	0.985281136131396
"TotalSleep"	149846	1428812	0.979331383809702	0.980252467462285	0.977252624924387	0.981413479652547
"TotalSleep"	151182	1428812	0.975476438988148	0.976368984145637	0.973407962873451	0.97754822780171
"TotalSleep"	152530	1428812	0.971621242397299	0.972625925619682	0.969563009622841	0.973682763824768
"TotalSleep"	153890	1428812	0.967766100426359	0.96864001783843	0.965718070954246	0.969817394718473
"TotalSleep"	155262	1428812	0.963911311400385	0.964870569179201	0.961873444618449	0.965952419382088
"TotalSleep"	156647	1428812	0.960054393265685	0.961173269498583	0.958026655286497	0.962085349020258
"TotalSleep"	158044	1428812	0.956198450103851	0.957192243463327	0.954180799078393	0.958219295693261
"TotalSleep"	159453	1428812	0.952343756235502	0.953442407881822	0.950336149838279	0.954354534197838
"TotalSleep"	160875	1428812	0.948487878897458	0.949685992314405	0.946490281349881	0.95048862520757
"TotalSleep"	162310	1428812	0.944631149126219	0.945842925856946	0.942643523965707	0.946621900443271
"TotalSleep"	163757	1428812	0.940776541527251	0.942010767371307	0.938798844824171	0.942757341993011
"TotalSleep"	165217	1428812	0.936921671330748	0.938174459369353	0.934953865530499	0.938892558696188
"TotalSleep"	166691	1428812	0.933064239731956	0.934326938794695	0.931106293340546	0.935025245672671
"TotalSleep"	168177	1428812	0.92920977908733	0.930631647501346	0.927261646679948	0.931160949239543
"TotalSleep"	169677	1428812	0.925353391822602	0.92688311485694	0.923415040662788	0.92729475910468
"TotalSleep"	171190	1428812	0.921497965546673	0.923053874021787	0.919569355762223	0.92342957002729
"TotalSleep"	172717	1428812	0.917641260330407	0.919286951376701	0.915722357906045	0.91956313620719
"TotalSleep"	174257	1428812	0.91378610218326	0.91558460166814	0.911876866195848	0.915698290575574
"TotalSleep"	175811	1428812	0.909930279965835	0.911750477760157	0.908030675249993	0.911832816221491
"TotalSleep"	177378	1428812	0.906076559462463	0.907879643626722	0.904186544164963	0.907969485630337
"TotalSleep"	178960	1428812	0.902220331316551	0.90411265073794	0.900339875247796	0.904103677755567
"TotalSleep"	180556	1428812	0.898364366772728	0.900239964136601	0.896493433040888	0.900238170557318
"TotalSleep"	182166	1428812	0.894508958853976	0.896411769917144	0.892647510053852	0.89637325757183
"TotalSleep"	183791	1428812	0.89065202976131	0.892508508788731	0.888800033784196	0.892506855691248
"TotalSleep"	185430	1428812	0.886796261756272	0.888562728061922	0.88495368011231	0.888641653570604
"TotalSleep"	187083	1428812	0.882941924228374	0.884709086891796	0.881108718002972	0.88477792102379
"TotalSleep"	188751	1428812	0.879086978270543	0.880955369138927	0.877263113716519	0.880913613964354
"TotalSleep"	190435	1428812	0.875229459034119	0.877129077135565	0.873414907318409	0.877046762618294
"TotalSleep"	192133	1428812	0.871374255251598	0.873157802302603	0.869568975930993	0.873182267351177
"TotalSleep"	193846	1428812	0.867519365429148	0.869203230947385	0.86572332310523	0.869318121612789
"TotalSleep"	195575	1428812	0.863662860404189	0.865265236403602	0.861876024478469	0.865452391429745
"TotalSleep"	197319	1428812	0.859807283689667	0.861362629253986	0.858029617676863	0.861587626212724
"TotalSleep"	199078	1428812	0.85595291074982	0.857269615142784	0.854184377731748	0.857724101858595
"TotalSleep"	200854	1428812	0.852095685027975	0.853515368864719	0.850336257870252	0.853857752006146
"TotalSleep"	202645	1428812	0.848240268022988	0.84985169106852	0.846489908766042	0.849993249000133
"TotalSleep"	204452	1428812	0.844384787827391	0.845980989045563	0.842643463129894	0.846128716304517
"TotalSleep"	206275	1428812	0.840529545940793	0.842222993560016	0.8387972219494	0.842264455930902
"TotalSleep"	208115	1428812	0.836672749073761	0.838488255106419	0.834949396296744	0.838398670218647
"TotalSleep"	209970	1428812	0.832818874969579	0.834636949302626	0.831104453708587	0.834535847136656
"TotalSleep"	211843	1428812	0.828961996024523	0.830940124691217	0.827256480508769	0.830670045125412
"TotalSleep"	213732	1428812	0.825106555306127	0.827084885928705	0.823409909676309	0.826805717359645
"TotalSleep"	215638	1428812	0.821250800839875	0.823093033842989	0.819562993471917	0.822941107620395
"TotalSleep"	217561	1428812	0.817395040774437	0.819140402924406	0.815716039523906	0.819076524576726
"TotalSleep"	219501	1428812	0.813539575160911	0.81520639426559	0.81186934739135	0.81521226877173
"TotalSleep"	221458	1428812	0.809684696096514	0.811425842648978	0.808023208706967	0.811348632767018
"TotalSleep"	223433	1428812	0.805828744124686	0.807636082779163	0.804175967959747	0.807483953152074
"TotalSleep"	225426	1428812	0.801972047393882	0.803851460300874	0.800327952723238	0.803618558650466
"TotalSleep"	227436	1428812	0.798116835128334	0.799951553671816	0.796481387401062	0.799754683315123
"TotalSleep"	229464	1428812	0.794261475439019	0.796007610089236	0.792634643968678	0.795890691384362
"TotalSleep"	231510	1428812	0.790406272011125	0.792037276135086	0.788788025620412	0.792026887034237
"TotalSleep"	233575	1428812	0.786549661168673	0.788284247680509	0.784939972334969	0.788161702926477
"TotalSleep"	235657	1428812	0.782695665822338	0.784407375020056	0.781094498297991	0.784299170711871
"TotalSleep"	237759	1428812	0.778839036860399	0.780591008231388	0.777246366190527	0.780434029463514
"TotalSleep"	239879	1428812	0.774983764560314	0.776805288166177	0.773399557670414	0.776570278093303
"TotalSleep"	242018	1428812	0.771128318581551	0.773070310874636	0.769552545957137	0.772706382693351
"TotalSleep"	244176	1428812	0.767273003319415	0.769157837003032	0.765705634965842	0.768842648139125
"TotalSleep"	246354	1428812	0.763416352244327	0.765325831902531	0.761857361536084	0.76497760452508
"TotalSleep"	248551	1428812	0.759560447888895	0.761469664990774	0.758009803855835	0.761113338735358
"TotalSleep"	250767	1428812	0.755705570564253	0.757615124814197	0.754163241835346	0.757250131481793
"TotalSleep"	253003	1428812	0.751850276417139	0.753760004792013	0.750316234928246	0.753386535597573
"TotalSleep"	255260	1428812	0.747993174809513	0.749953456283286	0.746467395646148	0.749521157288742
"TotalSleep"	257536	1428812	0.74413798616064	0.746073478655168	0.742620436625166	0.745657724770447
"TotalSleep"	259832	1428812	0.740283288521995	0.74233342238166	0.738773939163909	0.741794812840533
"TotalSleep"	262149	1428812	0.736427711972653	0.738494470042645	0.734926536436296	0.737931048477122
"TotalSleep"	264487	1428812	0.732571579472699	0.734625504032024	0.731078550886809	0.734066755156041
"TotalSleep"	266846	1428812	0.728715205625699	0.730781354963064	0.727230296630427	0.73020224796952
"TotalSleep"	269225	1428812	0.724860509950731	0.726940825865394	0.723383689344825	0.726339450283732
"TotalSleep"	271626	1428812	0.721004550253748	0.723182174362199	0.719535793198619	0.722475413530477
"TotalSleep"	274048	1428812	0.717149244446989	0.719207721725987	0.715688522271243	0.718612059460478
"TotalSleep"	276492	1428812	0.713293304408644	0.715418135414175	0.711840591310125	0.71474809707716
"TotalSleep"	278958	1428812	0.709437046754345	0.711390875129896	0.707992316447673	0.710883843479469
"TotalSleep"	281445	1428812	0.705582322940693	0.707495831246372	0.704145545504876	0.70702115376484
"TotalSleep"	283955	1428812	0.701726333415881	0.703543233358139	0.700297484892981	0.703157222407907
"TotalSleep"	286487	1428812	0.69787092733584	0.699685007009816	0.696449980142879	0.69929390219485
"TotalSleep"	289042	1428812	0.694014886653424	0.695856443191137	0.692601815887619	0.695429972393277
"TotalSleep"	291619	1428812	0.690160017270863	0.691963035530547	0.688754794530517	0.691567242409251
"TotalSleep"	294220	1428812	0.686303635917464	0.688131754486792	0.684906238444774	0.687703023318456
"TotalSleep"	296844	1428812	0.68244754542544	0.684300386196084	0.681057946976702	0.683839121443904
"TotalSleep"	299491	1428812	0.678592038130313	0.680492117836117	0.677210212063977	0.679975829518891
"TotalSleep"	302161	1428812	0.674737398550472	0.676613815344692	0.673363317850479	0.676113432436188
"TotalSleep"	304856	1428812	0.670881054338636	0.672741220359547	0.669514697334394	0.672249352494029
"TotalSleep"	307574	1428812	0.667026174338268	0.668815733413917	0.665667513195093	0.668386764708918
"TotalSleep"	310317	1428812	0.663170220723346	0.664901318094791	0.661819232862054	0.664523125990529
"TotalSleep"	313084	1428812	0.659314908811341	0.661011920732736	0.657971568420496	0.66066015489293
"TotalSleep"	315876	1428812	0.655459146645031	0.657082111095274	0.654123430266637	0.65679675710121
"TotalSleep"	318693	1428812	0.651603245962606	0.653236400628743	0.65027512970251	0.652933244789762
"TotalSleep"	321535	1428812	0.647747510341341	0.649434132404355	0.646426969893339	0.649069921947908
"TotalSleep"	324402	1428812	0.643892235341316	0.645421009896921	0.642579246010594	0.645207084524293
"TotalSleep"	327295	1428812	0.640036381724399	0.641731940797819	0.638730921037132	0.641343691055858
"TotalSleep"	330214	1428812	0.636180264624055	0.63785695041804	0.634882309670305	0.637480057112249
"TotalSleep"	333159	1428812	0.632324190952781	0.634042407394398	0.631033718410479	0.633616490018109
"TotalSleep"	336130	1428812	0.628468459545863	0.630125776305303	0.627185445704141	0.629753288997493
"TotalSleep"	339127	1428812	0.624613361305114	0.62617987310776	0.623337782086995	0.625890745318253
"TotalSleep"	342151	1428812	0.620757910032242	0.622533468468291	0.619489743453412	0.6220278706858
"TotalSleep"	345202	1428812	0.61690241483725	0.618707987106623	0.615641638504285	0.61816497461928
"TotalSleep"	348281	1428812	0.613045929747509	0.614917697843866	0.611792523260425	0.614301109149215
"TotalSleep"	351386	1428812	0.609191252747563	0.611098117932898	0.607945190556028	0.610439077417281
"TotalSleep"	354520	1428812	0.605334960897903	0.607283706121191	0.604096224165116	0.606575449760342
"TotalSleep"	357681	1428812	0.601479825060455	0.603465904274604	0.600248389872752	0.602713002123821
"TotalSleep"	360871	1428812	0.597623707682498	0.599617451954571	0.596399554367397	0.598849592707316
"TotalSleep"	364089	1428812	0.593768127375611	0.595705211177238	0.592551233580945	0.594986742805309
"TotalSleep"	367336	1428812	0.589912187602586	0.591860137530258	0.588702532858124	0.591123553995514
"TotalSleep"	370611	1428812	0.586057369590934	0.588057218342568	0.58485493084484	0.58726151009007
"TotalSleep"	373916	1428812	0.582201620588854	0.584293980869741	0.581006378827134	0.583398554293278
"TotalSleep"	377251	1428812	0.578345264966283	0.580417607967408	0.577157200751496	0.579535011398622
"TotalSleep"	380615	1428812	0.574489759744937	0.576573890286863	0.573308851124868	0.575672340945498
"TotalSleep"	384009	1428812	0.570634251468756	0.572711932788614	0.569460478277725	0.571809687688385
"TotalSleep"	387433	1428812	0.566779040063472	0.568853437386877	0.565612381779639	0.567947351909159
"TotalSleep"	390888	1428812	0.562923306455525	0.564968308070857	0.561763744264403	0.564084512824156
"TotalSleep"	394374	1428812	0.559067364267347	0.561120788360012	0.557914878970017	0.560221484440286
"TotalSleep"	397891	1428812	0.555211518927431	0.557347801657477	0.554066090962861	0.556358572548162
"TotalSleep"	401439	1428812	0.551356067814063	0.553493899451059	0.550217677280839	0.552496074866424
"TotalSleep"	405019	1428812	0.547500228114615	0.549643101463505	0.546368856741452	0.548633206949735
"TotalSleep"	408630	1428812	0.543645372770864	0.545810886125232	0.542520999993723	0.544771344035122
"TotalSleep"	412274	1428812	0.53978966877919	0.541866981165414	0.538672277566149	0.540908649581867
"TotalSleep"	415951	1428812	0.535933438334668	0.537931591913057	0.534823011264904	0.537045446174032
"TotalSleep"	419660	1428812	0.53207803016086	0.534119185337408	0.530974547585493	0.533183084765615
"TotalSleep"	423402	1428812	0.528222696742119	0.530298719946984	0.527126140571777	0.529320816279053
"TotalSleep"	427178	1428812	0.524366719257085	0.526542227184554	0.523277072897846	0.525457920395251
"TotalSleep"	430987	1428812	0.520511422262948	0.522658758468127	0.519428666956839	0.521595723837725
"TotalSleep"	434831	1428812	0.516655090134074	0.518786762487792	0.515579210397953	0.51773250770156
"TotalSleep"	438708	1428812	0.512800029994309	0.514916290593242	0.511731006445201	0.513870583014814
"TotalSleep"	442620	1428812	0.508944545772643	0.5109729489247	0.507882362263132	0.510008250466556
"TotalSleep"	446567	1428812	0.505088948454038	0.507113949079726	0.504033588496438	0.506145821382047
"TotalSleep"	450550	1428812	0.501232576954097	0.503187931634826	0.500184025441581	0.502282633294002
"TotalSleep"	454567	1428812	0.49737766247238	0.49939033505903	0.496335900581464	0.498420921122687
"TotalSleep"	458621	1428812	0.493521625546574	0.495432638342446	0.492486639218984	0.494558100634535
"TotalSleep"	462711	1428812	0.489665734234414	0.491548393727276	0.48863750739932	0.490695441901866
"TotalSleep"	466837	1428812	0.485810284643124	0.487606475728893	0.484788800937692	0.486833241323875
"TotalSleep"	471000	1428812	0.481954642925034	0.483832312501735	0.480939887321888	0.482970863715515
"TotalSleep"	475200	1428812	0.478099114005989	0.480044754280696	0.477091071172484	0.479108614307905
"TotalSleep"	479438	1428812	0.474243088929131	0.47609752726618	0.473241744819991	0.475245882855
"TotalSleep"	483713	1428812	0.470387778536104	0.472279898960007	0.469393117235276	0.471383882071016
"TotalSleep"	488026	1428812	0.466532573942816	0.46839464503029	0.465544580827965	0.467522001776326
"TotalSleep"	492378	1428812	0.462676890107416	0.464443862925981	0.461695551801926	0.463659655681638
"TotalSleep"	496769	1428812	0.458821039511515	0.460622760909543	0.457846342334153	0.459797156573209
"TotalSleep"	501199	1428812	0.454965326463049	0.456706931710152	0.453997256449039	0.455934809042523
"TotalSleep"	505668	1428812	0.45111004724	0.452753412564008	0.450148590161596	0.452072909630505
"TotalSleep"	510178	1428812	0.447253787707634	0.448896599938109	0.446298932005815	0.448210041530474
"TotalSleep"	514727	1428812	0.443398561127481	0.444998710925513	0.442450292045663	0.444348221204709
"TotalSleep"	519317	1428812	0.439542967569706	0.441153484897702	0.438601272997867	0.440486046073651
"TotalSleep"	523948	1428812	0.435687316544208	0.437363405563142	0.434752184096817	0.436623825922725
"TotalSleep"	528621	1428812	0.431831087877228	0.433527152841185	0.430902506308479	0.432761039436966
"TotalSleep"	533334	1428812	0.427976225365937	0.429793418324076	0.427054180392225	0.42889963345428
"TotalSleep"	538090	1428812	0.424120571487765	0.425886513633493	0.423205052750462	0.425037446522713
"TotalSleep"	542889	1428812	0.420264446920421	0.422006408976713	0.41935544377969	0.421174799601242
"TotalSleep"	547730	1428812	0.416408956923357	0.418033284048003	0.415506457143394	0.417312799546688
"TotalSleep"	552614	1428812	0.412553598768261	0.414175067096623	0.411657591239045	0.413450942503537
"TotalSleep"	557542	1428812	0.408697889854678	0.410149773047602	0.407808364556236	0.409588744779934
"TotalSleep"	562514	1428812	0.404842139293313	0.4063329845402	0.403959085966664	0.405726515725615
"TotalSleep"	567530	1428812	0.400986648080499	0.402456185498068	0.400110056248685	0.401864556554877
"TotalSleep"	572591	1428812	0.39713095076814	0.398616949632325	0.396260811025133	0.398002400747405
"TotalSleep"	577697	1428812	0.393275352662301	0.394702497501015	0.392411655385874	0.394140353825464
"TotalSleep"	582849	1428812	0.389419405897248	0.39073543834925	0.388562142512388	0.390277966874879
"TotalSleep"	588046	1428812	0.385564158122612	0.386811696317564	0.384713318611972	0.386416288988815
"TotalSleep"	593290	1428812	0.381708426729975	0.383019590725744	0.380864003357014	0.382554135275644
"TotalSleep"	598581	1428812	0.377852524327158	0.379062749856536	0.377014509147711	0.378691818550836
"TotalSleep"	603919	1428812	0.373996755345887	0.375187996313796	0.373165140229885	0.374829643432024
"TotalSleep"	609304	1428812	0.370141416185526	0.371336274045029	0.369316192838351	0.370967906483095
"TotalSleep"	614738	1428812	0.366285382411567	0.367370643858509	0.365466544733651	0.367105481072269
"TotalSleep"	620220	1428812	0.362429672475418	0.363618433556096	0.361617213017274	0.363243387001986
"TotalSleep"	625750	1428812	0.358574577758244	0.359723335927835	0.357768488934838	0.359381915788919
"TotalSleep"	631330	1428812	0.354719006031329	0.355835269798392	0.353919282413481	0.355519973046372
"TotalSleep"	636960	1428812	0.35086326969121	0.352041286797621	0.350069905689941	0.351657871330709
"TotalSleep"	642640	1428812	0.347007672962719	0.348295656102738	0.346220662851872	0.347795915003936
"TotalSleep"	648371	1428812	0.343151842217602	0.344410210417609	0.342371181258728	0.343933729449095
"TotalSleep"	654153	1428812	0.339296083526846	0.340481213859284	0.338521766857167	0.340071620861507
"TotalSleep"	659986	1428812	0.33544069490031	0.33653371352829	0.33467271755557	0.336209887352491
"TotalSleep"	665872	1428812	0.331584661989121	0.3326983760658	0.330823021069103	0.332347512507242
"TotalSleep"	671810	1428812	0.327728948149452	0.328835491374129	0.326973639575886	0.328485460860932
"TotalSleep"	677800	1428812	0.323873844888634	0.324958935187957	0.323124864520405	0.324624023983702
"TotalSleep"	683845	1428812	0.320017730675585	0.321105759289474	0.319275077457289	0.320761577256066
"TotalSleep"	689943	1428812	0.316162190996825	0.317261221992574	0.315425861705616	0.316899708333773
"TotalSleep"	696095	1428812	0.312306886703735	0.31341377578354	0.311576879118784	0.313038077065291
"TotalSleep"	702303	1428812	0.30845087463357	0.309591256383509	0.307727188536446	0.309175738283778
"TotalSleep"	708565	1428812	0.304595699193536	0.305686183173159	0.303878332301655	0.305314238462271
"TotalSleep"	714884	1428812	0.300739815651011	0.301715853640801	0.300028768693774	0.301452029853679
"TotalSleep"	721259	1428812	0.296884144683709	0.297784940850834	0.296179417374004	0.297590034153058
"TotalSleep"	727691	1428812	0.293028383775517	0.293879890297296	0.292329976828022	0.293727947841705
"TotalSleep"	734180	1428812	0.289172835194432	0.290001171974811	0.2884807493482	0.289866073163237
"TotalSleep"	740727	1428812	0.285317206905883	0.286058595974592	0.28463144391324	0.286004117069035
"TotalSleep"	747332	1428812	0.28146180087803	0.282153152670286	0.2807823625459	0.282142381472654
"TotalSleep"	753997	1428812	0.277605759109927	0.278283341004976	0.276932649219315	0.278280006397598
"TotalSleep"	760720	1428812	0.273750540078692	0.274427282261168	0.273083760599848	0.274418452133194
"TotalSleep"	767504	1428812	0.269894724378487	0.270488561304923	0.269234280213122	0.27055629633998
"TotalSleep"	774348	1428812	0.266039188460095	0.26657962425342	0.265385083690171	0.266694416289206
"TotalSleep"	781253	1428812	0.262183668926954	0.262560054855717	0.261535908706628	0.262832547511414
"TotalSleep"	788220	1428812	0.258327914214511	0.258727824320573	0.257686504772933	0.258970437366384
"TotalSleep"	795249	1428812	0.254472230406527	0.254897089541658	0.253837178151701	0.255108391759029
"TotalSleep"	802341	1428812	0.250616374240879	0.251080492941565	0.249987686688099	0.25124616631928
"TotalSleep"	809496	1428812	0.246760650173913	0.247269515446258	0.246138335066521	0.247384065275441
"TotalSleep"	816714	1428812	0.242905354629368	0.243460496892253	0.242289419975347	0.243522384786589
"TotalSleep"	823997	1428812	0.239049722023441	0.239522479270608	0.238440177881275	0.239660357217173
"TotalSleep"	831345	1428812	0.235194061088952	0.235652725024787	0.234590917819658	0.235798290997492
"TotalSleep"	838759	1428812	0.231338154668515	0.231683114284769	0.230741423838536	0.231935967764143
"TotalSleep"	846238	1428812	0.227482822358343	0.227839716492743	0.226892515045987	0.228074207602053
"TotalSleep"	853785	1428812	0.223626822863261	0.2240140296435	0.223042953126602	0.224211766234545
"TotalSleep"	861398	1428812	0.219771482026544	0.220103501914541	0.219194062658	0.220349970771688
"TotalSleep"	869080	1428812	0.215915583189533	0.216249307863796	0.215344630003712	0.216487601530953
"TotalSleep"	876830	1428812	0.212059936255169	0.212384397413029	0.211495464739073	0.212625468743446
"TotalSleep"	884649	1428812	0.208204343557205	0.208594296714878	0.20764637060144	0.208763373338767
"TotalSleep"	892537	1428812	0.204349103535299	0.204743033935123	0.20379764664516	0.204901613141872
"TotalSleep"	900497	1428812	0.200493059852148	0.200809756231053	0.199948139661913	0.201039028684926
"TotalSleep"	908527	1428812	0.196637489641608	0.196894012678376	0.196099125848495	0.197176898039879
"TotalSleep"	916628	1428812	0.192782206523815	0.19297465367193	0.192250420419121	0.193315033232264
"TotalSleep"	924802	1428812	0.188926563529694	0.18918231836374	0.188401378854597	0.189452784842136
"TotalSleep"	933049	1428812	0.185070869994112	0.185328308359477	0.184552311376119	0.185590461318047
"TotalSleep"	941370	1428812	0.181214965790368	0.181427732993841	0.180703059618852	0.18172790077096
"TotalSleep"	949764	1428812	0.177359613658635	0.177537040626829	0.176854386564656	0.17786586569982
"TotalSleep"	958234	1428812	0.1735037392255	0.173599274664685	0.173005221345603	0.174003278224348
"TotalSleep"	966779	1428812	0.169648105367151	0.169696892007121	0.169156327248017	0.170140900811055
"TotalSleep"	975400	1428812	0.1657925603875	0.165814629406106	0.16530755466846	0.166278579670749
"TotalSleep"	984098	1428812	0.161936960492026	0.161939018695218	0.161458762001291	0.162416168819596
"TotalSleep"	992874	1428812	0.158081169578805	0.158072063590335	0.157609815439427	0.158553529860405
"TotalSleep"	1001728	1428812	0.154225492579386	0.154263396361909	0.153761021549752	0.154690966089393
"TotalSleep"	1010661	1428812	0.150369796670812	0.150461432635743	0.14991225005593	0.150828342136566
"TotalSleep"	1019673	1428812	0.146514382239087	0.146627326935734	0.146063803258768	0.146965956473119
"TotalSleep"	1028766	1428812	0.142658697407618	0.142773074085575	0.142215132899297	0.143103253604037
"TotalSleep"	1037940	1428812	0.138803049169482	0.138872594848343	0.138366548214247	0.139240538278749
"TotalSleep"	1047196	1428812	0.134947321719216	0.134936316483959	0.134517936604307	0.135377691485254
"TotalSleep"	1056534	1428812	0.131091817035048	0.131081202380661	0.130669602695416	0.131515012554069
"TotalSleep"	1065956	1428812	0.127236014260957	0.127225079847679	0.126821030047824	0.127651976212155
"TotalSleep"	1075461	1428812	0.123380624967097	0.123372891157212	0.122972932603542	0.123789291658177
"TotalSleep"	1085052	1428812	0.119524737346153	0.119577448747792	0.11912440428414	0.11992604135486
"TotalSleep"	1094728	1428812	0.115669061143861	0.115728710143296	0.115276157816966	0.116062932066682
"TotalSleep"	1104490	1428812	0.111813497479686	0.11186714046377	0.111428099197186	0.11219986003706
"TotalSleep"	1114339	1428812	0.107957953521152	0.108012870651331	0.107580140873542	0.108336727151951
"TotalSleep"	1124276	1428812	0.10410234231563	0.104116881984333	0.103732201633439	0.104473440718364
"TotalSleep"	1134302	1428812	0.100246582625719	0.10024678014124	0.0998842065005892	0.100609913237457
"TotalSleep"	1144417	1428812	0.0963909782577954	0.0964596660601856	0.0960364653577069	0.0967464424392693
"TotalSleep"	1154622	1428812	0.0925354488615925	0.0926198149482568	0.0921889053791127	0.0928829404486261
"TotalSleep"	1164918	1428812	0.0886799195056216	0.0887347635110776	0.0883414599375545	0.0890193240294886
"TotalSleep"	1175306	1428812	0.0848243205227635	0.0848804622322833	0.0844940685725969	0.0851555143077491
"TotalSleep"	1185787	1428812	0.0809685873591205	0.0810124386800438	0.0806466769878085	0.0812914364717479
"TotalSleep"	1196361	1428812	0.0771130234389501	0.0771510684176933	0.0767995992901595	0.0774273832630285
"TotalSleep"	1207030	1428812	0.0732572045633998	0.0732800253920923	0.0729524250130217	0.0735629167499364
"TotalSleep"	1217794	1428812	0.0694014373510089	0.0694355380354506	0.0691054746191511	0.069698329706798
"TotalSleep"	1228653	1428812	0.0655460203495417	0.0656414545116354	0.0652590625318315	0.0658339048058497
"TotalSleep"	1239610	1428812	0.0616901931349461	0.0618171337566942	0.061412449199237	0.0619688607499892
"TotalSleep"	1250664	1428812	0.0578346136594518	0.0580088227482864	0.0575663131711748	0.0581038348941422
"TotalSleep"	1261817	1428812	0.0539788869096929	0.0541868734126615	0.0537202863509249	0.0542384053077638
"TotalSleep"	1273069	1428812	0.0501233166525562	0.0503909494773819	0.0498747024727777	0.0503728457903363
"TotalSleep"	1284421	1428812	0.0462678605101095	0.0465752160937299	0.0460295560668443	0.0465070770556224
"TotalSleep"	1295875	1428812	0.04241214504376	0.0426781865801242	0.0421845194751763	0.0426406798838839
"TotalSleep"	1307431	1428812	0.0385564769626606	0.0388101165537358	0.0383399538920146	0.0387739064991885
"TotalSleep"	1319090	1428812	0.0347008256658174	0.0349521878775593	0.0344958984588978	0.0349066565577641
"TotalSleep"	1330853	1428812	0.0308451642626255	0.0310773758012623	0.0306524161965716	0.0310388132574142
"TotalSleep"	1342721	1428812	0.0269894694558993	0.0272248073024661	0.0268096031093392	0.027170233999227
"TotalSleep"	1354694	1428812	0.0231340420123278	0.0233740313303962	0.0229679229271911	0.0233010565865794
"TotalSleep"	1366775	1428812	0.0192782214770535	0.0194830549578909	0.0191269542397031	0.0194303815194921
"TotalSleep"	1378963	1428812	0.0154226330424212	0.0155699074938586	0.0152876838181444	0.0155584724115884
"TotalSleep"	1391260	1428812	0.0115669461537136	0.0115998081084965	0.0114503963321072	0.011684383483347
"TotalSleep"	1403666	1428812	0.00771146328543058	0.00777707823203357	0.00761659220471221	0.00780721926048269
"TotalSleep"	1416183	1428812	0.00385586558368312	0.00388120928146507	0.00378905804500769	0.00392355542493027
"TotalSleep"	1428812	1428812	1.51977502240161e-07	4.34294699063126e-07	7.69547307875778e-09	1.12125317490794e-06
